date,totalCapital,unrializedPnL,rializedPnL,stocksOwned,stocksPriceToday,stocksPriceBoughtAt,putOwned,putOwnedSoldAt,putPriceToday,putOwnedContract,putOwnedStrike,callOwned,callOwnedSoldAt,callPriceToday,callOwnedContract,callOwnedStrike,trackType
2018-11-01,0.0,-8.0,0.0,0,273.51,0.0,1,6.3,6.38,SPY190118P00267000,267.0,0,0.0,0.0,,0.0,normalDay
2018-11-02,0.0,-56.0,0.0,0,271.89,0.0,1,6.3,6.86,SPY190118P00267000,267.0,0,0.0,0.0,,0.0,normalDay
2018-11-05,0.0,14.0,0.0,0,273.39,0.0,1,6.3,6.16,SPY190118P00267000,267.0,0,0.0,0.0,,0.0,normalDay
2018-11-06,0.0,83.0,0.0,0,275.12,0.0,1,6.3,5.47,SPY190118P00267000,267.0,0,0.0,0.0,,0.0,normalDay
2018-11-07,0.0,290.0,0.0,0,281.01,0.0,1,6.3,3.4,SPY190118P00267000,267.0,0,0.0,0.0,,0.0,normalDay
2018-11-08,0.0,287.0,0.0,0,280.5,0.0,1,6.3,3.43,SPY190118P00267000,267.0,0,0.0,0.0,,0.0,normalDay
2018-11-09,0.0,205.0,0.0,0,277.76,0.0,1,6.3,4.25,SPY190118P00267000,267.0,0,0.0,0.0,,0.0,normalDay
2018-11-12,0.0,28.0,0.0,0,272.57,0.0,1,6.3,6.02,SPY190118P00267000,267.0,0,0.0,0.0,,0.0,normalDay
2018-11-13,0.0,6.0,0.0,0,272.06,0.0,1,6.3,6.24,SPY190118P00267000,267.0,0,0.0,0.0,,0.0,normalDay
2018-11-14,0.0,-95.0,0.0,0,270.2,0.0,1,6.3,7.25,SPY190118P00267000,267.0,0,0.0,0.0,,0.0,normalDay
2018-11-15,0.0,43.0,0.0,0,273.02,0.0,1,6.3,5.87,SPY190118P00267000,267.0,0,0.0,0.0,,0.0,normalDay
2018-11-16,0.0,121.0,0.0,0,273.73,0.0,1,6.3,5.09,SPY190118P00267000,267.0,0,0.0,0.0,,0.0,normalDay
2018-11-19,0.0,-66.0,0.0,0,269.1,0.0,1,6.3,6.96,SPY190118P00267000,267.0,0,0.0,0.0,,0.0,normalDay
2018-11-20,0.0,-344.0,0.0,0,264.12,0.0,1,6.3,9.74,SPY190118P00267000,267.0,0,0.0,0.0,,0.0,normalDay
2018-11-21,0.0,-244.0,0.0,0,265.02,0.0,1,6.3,8.74,SPY190118P00267000,267.0,0,0.0,0.0,,0.0,normalDay
2018-11-23,0.0,-353.0,0.0,0,263.25,0.0,1,6.3,9.83,SPY190118P00267000,267.0,0,0.0,0.0,,0.0,normalDay
2018-11-26,0.0,-46.0,0.0,0,267.5,0.0,1,6.3,6.76,SPY190118P00267000,267.0,0,0.0,0.0,,0.0,normalDay
2018-11-27,0.0,-23.0,0.0,0,268.4,0.0,1,6.3,6.53,SPY190118P00267000,267.0,0,0.0,0.0,,0.0,normalDay
2018-11-28,0.0,194.0,0.0,0,274.58,0.0,1,6.3,4.36,SPY190118P00267000,267.0,0,0.0,0.0,,0.0,normalDay
2018-11-29,0.0,178.0,0.0,0,273.98,0.0,1,6.3,4.52,SPY190118P00267000,267.0,0,0.0,0.0,,0.0,normalDay
2018-11-30,0.0,248.0,0.0,0,275.65,0.0,1,6.3,3.82,SPY190118P00267000,267.0,0,0.0,0.0,,0.0,normalDay
2018-12-03,0.0,374.0,0.0,0,279.3,0.0,1,6.3,2.56,SPY190118P00267000,267.0,0,0.0,0.0,,0.0,normalDay
2018-12-04,0.0,47.0,0.0,0,270.25,0.0,1,6.3,5.83,SPY190118P00267000,267.0,0,0.0,0.0,,0.0,normalDay
2018-12-06,0.0,33.0,0.0,0,269.84,0.0,1,6.3,5.97,SPY190118P00267000,267.0,0,0.0,0.0,,0.0,normalDay
2018-12-07,0.0,-309.0,0.0,0,263.57,0.0,1,6.3,9.39,SPY190118P00267000,267.0,0,0.0,0.0,,0.0,normalDay
2018-12-10,0.0,-212.0,0.0,0,264.07,0.0,1,6.3,8.42,SPY190118P00267000,267.0,0,0.0,0.0,,0.0,normalDay
2018-12-11,0.0,-196.0,0.0,0,264.13,0.0,1,6.3,8.26,SPY190118P00267000,267.0,0,0.0,0.0,,0.0,normalDay
2018-12-12,0.0,-138.0,0.0,0,265.46,0.0,1,6.3,7.68,SPY190118P00267000,267.0,0,0.0,0.0,,0.0,normalDay
2018-12-13,0.0,-110.0,0.0,0,265.37,0.0,1,6.3,7.4,SPY190118P00267000,267.0,0,0.0,0.0,,0.0,normalDay
2018-12-14,0.0,-392.0,0.0,0,260.47,0.0,1,6.3,10.22,SPY190118P00267000,267.0,0,0.0,0.0,,0.0,normalDay
2018-12-17,0.0,-777.0,0.0,0,255.36,0.0,1,6.3,14.07,SPY190118P00267000,267.0,0,0.0,0.0,,0.0,normalDay
2018-12-18,0.0,-863.0,0.0,0,255.08,0.0,1,6.3,14.93,SPY190118P00267000,267.0,0,0.0,0.0,,0.0,normalDay
2018-12-19,0.0,-1126.0,0.0,0,251.26,0.0,1,6.3,17.56,SPY190118P00267000,267.0,0,0.0,0.0,,0.0,normalDay
2018-12-20,0.0,-1450.0,0.0,0,247.17,0.0,1,6.3,20.8,SPY190118P00267000,267.0,0,0.0,0.0,,0.0,normalDay
2018-12-21,0.0,-2075.0,0.0,0,240.7,0.0,1,6.3,27.05,SPY190118P00267000,267.0,0,0.0,0.0,,0.0,normalDay
2018-12-24,0.0,-2870.0,0.0,0,234.34,0.0,1,6.3,35.0,SPY190118P00267000,267.0,0,0.0,0.0,,0.0,normalDay
2018-12-26,0.0,-1470.0,0.0,0,246.18,0.0,1,6.3,21.0,SPY190118P00267000,267.0,0,0.0,0.0,,0.0,normalDay
2018-12-27,0.0,-1267.0,0.0,0,248.07,0.0,1,6.3,18.97,SPY190118P00267000,267.0,0,0.0,0.0,,0.0,normalDay
2018-12-28,0.0,-1330.0,0.0,0,247.75,0.0,1,6.3,19.6,SPY190118P00267000,267.0,0,0.0,0.0,,0.0,normalDay
2018-12-31,0.0,-1114.0,0.0,0,249.92,0.0,1,6.3,17.44,SPY190118P00267000,267.0,0,0.0,0.0,,0.0,normalDay
2019-01-02,0.0,-1055.0,0.0,0,250.18,0.0,1,6.3,16.85,SPY190118P00267000,267.0,0,0.0,0.0,,0.0,normalDay
2019-01-03,0.0,-1677.0,0.0,0,244.21,0.0,1,6.3,23.07,SPY190118P00267000,267.0,0,0.0,0.0,,0.0,normalDay
2019-01-04,0.0,-841.0,0.0,0,252.39,0.0,1,6.3,14.71,SPY190118P00267000,267.0,0,0.0,0.0,,0.0,normalDay
2019-01-07,0.0,-668.0,0.0,0,254.38,0.0,1,6.3,12.98,SPY190118P00267000,267.0,0,0.0,0.0,,0.0,normalDay
2019-01-08,0.0,-434.0,0.0,0,256.77,0.0,1,6.3,10.64,SPY190118P00267000,267.0,0,0.0,0.0,,0.0,normalDay
2019-01-09,0.0,-314.0,0.0,0,257.97,0.0,1,6.3,9.44,SPY190118P00267000,267.0,0,0.0,0.0,,0.0,normalDay
2019-01-10,0.0,-215.0,0.0,0,258.88,0.0,1,6.3,8.45,SPY190118P00267000,267.0,0,0.0,0.0,,0.0,normalDay
2019-01-11,0.0,-197.0,0.0,0,258.98,0.0,1,6.3,8.27,SPY190118P00267000,267.0,0,0.0,0.0,,0.0,normalDay
2019-01-14,0.0,-340.0,0.0,0,257.4,0.0,1,6.3,9.7,SPY190118P00267000,267.0,0,0.0,0.0,,0.0,normalDay
2019-01-15,0.0,-64.0,0.0,0,260.35,0.0,1,6.3,6.94,SPY190118P00267000,267.0,0,0.0,0.0,,0.0,normalDay
2019-01-16,0.0,5.0,0.0,0,260.98,0.0,1,6.3,6.25,SPY190118P00267000,267.0,0,0.0,0.0,,0.0,normalDay
2019-01-17,0.0,203.0,0.0,0,262.96,0.0,1,6.3,4.27,SPY190118P00267000,267.0,0,0.0,0.0,,0.0,normalDay
2019-01-18,630.0,-54.0,630.0,100,266.46,267.0,1,6.3,0.0,SPY190118P00267000,267.0,0,0.0,0.0,,0.0,expirationDay
2019-01-22,630.0,-418.0,0.0,100,262.86,267.0,0,0.0,0.0,,0.0,1,0.08,0.12,SPY190222C00285000,285.0,normalDay
2019-01-23,630.0,-360.0,0.0,100,263.41,267.0,0,0.0,0.0,,0.0,1,0.08,0.09,SPY190222C00285000,285.0,normalDay
2019-01-24,630.0,-345.0,0.0,100,263.55,267.0,0,0.0,0.0,,0.0,1,0.08,0.08,SPY190222C00285000,285.0,normalDay
2019-01-25,630.0,-124.0,0.0,100,265.78,267.0,0,0.0,0.0,,0.0,1,0.08,0.1,SPY190222C00285000,285.0,normalDay
2019-01-28,630.0,-322.0,0.0,100,263.76,267.0,0,0.0,0.0,,0.0,1,0.08,0.06,SPY190222C00285000,285.0,normalDay
2019-01-29,630.0,-356.0,0.0,100,263.41,267.0,0,0.0,0.0,,0.0,1,0.08,0.05,SPY190222C00285000,285.0,normalDay
2019-01-30,630.0,56.0,0.0,100,267.58,267.0,0,0.0,0.0,,0.0,1,0.08,0.1,SPY190222C00285000,285.0,normalDay
2019-01-31,630.0,287.0,0.0,100,269.93,267.0,0,0.0,0.0,,0.0,1,0.08,0.14,SPY190222C00285000,285.0,normalDay
2019-02-01,630.0,304.0,0.0,100,270.06,267.0,0,0.0,0.0,,0.0,1,0.08,0.1,SPY190222C00285000,285.0,normalDay
2019-02-04,630.0,493.0,0.0,100,271.96,267.0,0,0.0,0.0,,0.0,1,0.08,0.11,SPY190222C00285000,285.0,normalDay
2019-02-05,630.0,605.0,0.0,100,273.1,267.0,0,0.0,0.0,,0.0,1,0.08,0.13,SPY190222C00285000,285.0,normalDay
2019-02-06,630.0,575.0,0.0,100,272.74,267.0,0,0.0,0.0,,0.0,1,0.08,0.07,SPY190222C00285000,285.0,normalDay
2019-02-07,630.0,320.0,0.0,100,270.14,267.0,0,0.0,0.0,,0.0,1,0.08,0.02,SPY190222C00285000,285.0,normalDay
2019-02-08,630.0,353.0,0.0,100,270.47,267.0,0,0.0,0.0,,0.0,1,0.08,0.02,SPY190222C00285000,285.0,normalDay
2019-02-11,630.0,368.0,0.0,100,270.62,267.0,0,0.0,0.0,,0.0,1,0.08,0.02,SPY190222C00285000,285.0,normalDay
2019-02-12,630.0,715.0,0.0,100,274.1,267.0,0,0.0,0.0,,0.0,1,0.08,0.03,SPY190222C00285000,285.0,normalDay
2019-02-13,630.0,803.0,0.0,100,274.99,267.0,0,0.0,0.0,,0.0,1,0.08,0.04,SPY190222C00285000,285.0,normalDay
2019-02-14,630.0,743.0,0.0,100,274.38,267.0,0,0.0,0.0,,0.0,1,0.08,0.03,SPY190222C00285000,285.0,normalDay
2019-02-15,630.0,1042.0,0.0,100,277.37,267.0,0,0.0,0.0,,0.0,1,0.08,0.03,SPY190222C00285000,285.0,normalDay
2019-02-19,630.0,1092.0,0.0,100,277.85,267.0,0,0.0,0.0,,0.0,1,0.08,0.01,SPY190222C00285000,285.0,normalDay
2019-02-20,630.0,1148.0,0.0,100,278.41,267.0,0,0.0,0.0,,0.0,1,0.08,0.01,SPY190222C00285000,285.0,normalDay
2019-02-21,630.0,1049.0,0.0,100,277.42,267.0,0,0.0,0.0,,0.0,1,0.08,0.01,SPY190222C00285000,285.0,normalDay
2019-02-22,638.0,1214.0,8.0,100,279.14,267.0,0,0.0,0.0,,0.0,1,0.08,0.0,SPY190222C00285000,285.0,expirationDay
2019-02-25,638.0,1249.0,0.0,100,279.52,267.0,0,0.0,0.0,,0.0,1,0.25,0.28,SPY190329C00291000,291.0,normalDay
2019-02-26,638.0,1233.0,0.0,100,279.32,267.0,0,0.0,0.0,,0.0,1,0.25,0.24,SPY190329C00291000,291.0,normalDay
2019-02-27,638.0,1227.0,0.0,100,279.2,267.0,0,0.0,0.0,,0.0,1,0.25,0.18,SPY190329C00291000,291.0,normalDay
2019-02-28,638.0,1180.0,0.0,100,278.68,267.0,0,0.0,0.0,,0.0,1,0.25,0.13,SPY190329C00291000,291.0,normalDay
2019-03-01,638.0,1353.0,0.0,100,280.42,267.0,0,0.0,0.0,,0.0,1,0.25,0.14,SPY190329C00291000,291.0,normalDay
2019-03-04,638.0,1256.0,0.0,100,279.4,267.0,0,0.0,0.0,,0.0,1,0.25,0.09,SPY190329C00291000,291.0,normalDay
2019-03-05,638.0,1218.0,0.0,100,279.02,267.0,0,0.0,0.0,,0.0,1,0.25,0.09,SPY190329C00291000,291.0,normalDay
2019-03-06,638.0,1052.0,0.0,100,277.33,267.0,0,0.0,0.0,,0.0,1,0.25,0.06,SPY190329C00291000,291.0,normalDay
2019-03-07,638.0,822.0,0.0,100,275.01,267.0,0,0.0,0.0,,0.0,1,0.25,0.04,SPY190329C00291000,291.0,normalDay
2019-03-08,638.0,768.0,0.0,100,274.46,267.0,0,0.0,0.0,,0.0,1,0.25,0.03,SPY190329C00291000,291.0,normalDay
2019-03-11,638.0,1164.0,0.0,100,278.44,267.0,0,0.0,0.0,,0.0,1,0.25,0.05,SPY190329C00291000,291.0,normalDay
2019-03-12,638.0,1269.0,0.0,100,279.49,267.0,0,0.0,0.0,,0.0,1,0.25,0.05,SPY190329C00291000,291.0,normalDay
2019-03-13,638.0,1450.0,0.0,100,281.34,267.0,0,0.0,0.0,,0.0,1,0.25,0.09,SPY190329C00291000,291.0,normalDay
2019-03-14,638.0,1434.0,0.0,100,281.16,267.0,0,0.0,0.0,,0.0,1,0.25,0.07,SPY190329C00291000,291.0,normalDay
2019-03-15,638.0,1449.0,0.0,100,281.31,267.0,0,0.0,0.0,,0.0,1,0.25,0.07,SPY190329C00291000,291.0,normalDay
2019-03-18,638.0,1549.0,0.0,100,282.33,267.0,0,0.0,0.0,,0.0,1,0.25,0.09,SPY190329C00291000,291.0,normalDay
2019-03-19,638.0,1558.0,0.0,100,282.4,267.0,0,0.0,0.0,,0.0,1,0.25,0.07,SPY190329C00291000,291.0,normalDay
2019-03-20,638.0,1476.0,0.0,100,281.55,267.0,0,0.0,0.0,,0.0,1,0.25,0.04,SPY190329C00291000,291.0,normalDay
2019-03-21,638.0,1782.0,0.0,100,284.73,267.0,0,0.0,0.0,,0.0,1,0.25,0.16,SPY190329C00291000,291.0,normalDay
2019-03-22,638.0,1247.0,0.0,100,279.25,267.0,0,0.0,0.0,,0.0,1,0.25,0.03,SPY190329C00291000,291.0,normalDay
2019-03-25,638.0,1228.0,0.0,100,279.04,267.0,0,0.0,0.0,,0.0,1,0.25,0.01,SPY190329C00291000,291.0,normalDay
2019-03-26,638.0,1436.0,0.0,100,281.12,267.0,0,0.0,0.0,,0.0,1,0.25,0.01,SPY190329C00291000,291.0,normalDay
2019-03-27,638.0,1289.0,0.0,100,279.65,267.0,0,0.0,0.0,,0.0,1,0.25,0.01,SPY190329C00291000,291.0,normalDay
2019-03-28,638.0,1395.0,0.0,100,280.71,267.0,0,0.0,0.0,,0.0,1,0.25,0.01,SPY190329C00291000,291.0,normalDay
2019-03-29,663.0,1548.0,25.0,100,282.48,267.0,0,0.0,0.0,,0.0,1,0.25,0.0,SPY190329C00291000,291.0,expirationDay
2019-04-01,663.0,1878.0,0.0,100,285.83,267.0,0,0.0,0.0,,0.0,1,1.57,1.62,SPY190503C00291000,291.0,normalDay
2019-04-02,663.0,1903.0,0.0,100,285.97,267.0,0,0.0,0.0,,0.0,1,1.57,1.51,SPY190503C00291000,291.0,normalDay
2019-04-03,663.0,1912.0,0.0,100,286.42,267.0,0,0.0,0.0,,0.0,1,1.57,1.87,SPY190503C00291000,291.0,normalDay
2019-04-04,663.0,1978.0,0.0,100,287.18,267.0,0,0.0,0.0,,0.0,1,1.57,1.97,SPY190503C00291000,291.0,normalDay
2019-04-05,663.0,2087.0,0.0,100,288.57,267.0,0,0.0,0.0,,0.0,1,1.57,2.27,SPY190503C00291000,291.0,normalDay
2019-04-08,663.0,2111.0,0.0,100,288.79,267.0,0,0.0,0.0,,0.0,1,1.57,2.25,SPY190503C00291000,291.0,normalDay
2019-04-09,663.0,2021.0,0.0,100,287.31,267.0,0,0.0,0.0,,0.0,1,1.57,1.67,SPY190503C00291000,291.0,normalDay
2019-04-10,663.0,2095.0,0.0,100,288.29,267.0,0,0.0,0.0,,0.0,1,1.57,1.91,SPY190503C00291000,291.0,normalDay
2019-04-11,663.0,2111.0,0.0,100,288.21,267.0,0,0.0,0.0,,0.0,1,1.57,1.67,SPY190503C00291000,291.0,normalDay
2019-04-12,663.0,2229.0,0.0,100,290.16,267.0,0,0.0,0.0,,0.0,1,1.57,2.44,SPY190503C00291000,291.0,normalDay
2019-04-15,663.0,2235.0,0.0,100,289.97,267.0,0,0.0,0.0,,0.0,1,1.57,2.19,SPY190503C00291000,291.0,normalDay
2019-04-16,663.0,2258.0,0.0,100,290.16,267.0,0,0.0,0.0,,0.0,1,1.57,2.15,SPY190503C00291000,291.0,normalDay
2019-04-17,663.0,2232.0,0.0,100,289.45,267.0,0,0.0,0.0,,0.0,1,1.57,1.7,SPY190503C00291000,291.0,normalDay
2019-04-18,663.0,2267.0,0.0,100,290.02,267.0,0,0.0,0.0,,0.0,1,1.57,1.92,SPY190503C00291000,291.0,normalDay
2019-04-22,663.0,2300.0,0.0,100,290.27,267.0,0,0.0,0.0,,0.0,1,1.57,1.84,SPY190503C00291000,291.0,normalDay
2019-04-23,663.0,2408.0,0.0,100,292.88,267.0,0,0.0,0.0,,0.0,1,1.57,3.37,SPY190503C00291000,291.0,normalDay
2019-04-24,663.0,2382.0,0.0,100,292.23,267.0,0,0.0,0.0,,0.0,1,1.57,2.98,SPY190503C00291000,291.0,normalDay
2019-04-25,663.0,2406.0,0.0,100,292.05,267.0,0,0.0,0.0,,0.0,1,1.57,2.56,SPY190503C00291000,291.0,normalDay
2019-04-26,663.0,2459.0,0.0,100,293.41,267.0,0,0.0,0.0,,0.0,1,1.57,3.39,SPY190503C00291000,291.0,normalDay
2019-04-29,663.0,2499.0,0.0,100,293.87,267.0,0,0.0,0.0,,0.0,1,1.57,3.45,SPY190503C00291000,291.0,normalDay
2019-04-30,663.0,2489.0,0.0,100,294.02,267.0,0,0.0,0.0,,0.0,1,1.57,3.7,SPY190503C00291000,291.0,normalDay
2019-05-01,663.0,2458.0,0.0,100,291.81,267.0,0,0.0,0.0,,0.0,1,1.57,1.8,SPY190503C00291000,291.0,normalDay
2019-05-02,663.0,2488.0,0.0,100,291.18,267.0,0,0.0,0.0,,0.0,1,1.57,0.87,SPY190503C00291000,291.0,normalDay
2019-05-03,3220.0,2488.0,2557.0,0,294.03,0.0,0,0.0,0.0,,0.0,1,1.57,0.0,SPY190503C00291000,291.0,expirationDay
2019-05-06,3220.0,-8.0,0.0,0,292.82,0.0,1,5.42,5.5,SPY190719P00289000,289.0,0,0.0,0.0,,0.0,normalDay
2019-05-07,3220.0,-298.0,0.0,0,287.93,0.0,1,5.42,8.4,SPY190719P00289000,289.0,0,0.0,0.0,,0.0,normalDay
2019-05-08,3220.0,-287.0,0.0,0,287.53,0.0,1,5.42,8.29,SPY190719P00289000,289.0,0,0.0,0.0,,0.0,normalDay
2019-05-09,3220.0,-323.0,0.0,0,286.66,0.0,1,5.42,8.65,SPY190719P00289000,289.0,0,0.0,0.0,,0.0,normalDay
2019-05-10,3220.0,-204.0,0.0,0,288.1,0.0,1,5.42,7.46,SPY190719P00289000,289.0,0,0.0,0.0,,0.0,normalDay
2019-05-13,3220.0,-690.0,0.0,0,280.86,0.0,1,5.42,12.32,SPY190719P00289000,289.0,0,0.0,0.0,,0.0,normalDay
2019-05-14,3220.0,-479.0,0.0,0,283.4,0.0,1,5.42,10.21,SPY190719P00289000,289.0,0,0.0,0.0,,0.0,normalDay
2019-05-15,3220.0,-335.0,0.0,0,285.06,0.0,1,5.42,8.77,SPY190719P00289000,289.0,0,0.0,0.0,,0.0,normalDay
2019-05-16,3220.0,-185.0,0.0,0,287.7,0.0,1,5.42,7.27,SPY190719P00289000,289.0,0,0.0,0.0,,0.0,normalDay
2019-05-17,3220.0,-277.0,0.0,0,285.84,0.0,1,5.42,8.19,SPY190719P00289000,289.0,0,0.0,0.0,,0.0,normalDay
2019-05-20,3220.0,-366.0,0.0,0,283.95,0.0,1,5.42,9.08,SPY190719P00289000,289.0,0,0.0,0.0,,0.0,normalDay
2019-05-21,3220.0,-205.0,0.0,0,286.51,0.0,1,5.42,7.47,SPY190719P00289000,289.0,0,0.0,0.0,,0.0,normalDay
2019-05-22,3220.0,-243.0,0.0,0,285.63,0.0,1,5.42,7.85,SPY190719P00289000,289.0,0,0.0,0.0,,0.0,normalDay
2019-05-23,3220.0,-503.0,0.0,0,282.14,0.0,1,5.42,10.45,SPY190719P00289000,289.0,0,0.0,0.0,,0.0,normalDay
2019-05-24,3220.0,-422.0,0.0,0,282.78,0.0,1,5.42,9.64,SPY190719P00289000,289.0,0,0.0,0.0,,0.0,normalDay
2019-05-28,3220.0,-593.0,0.0,0,280.15,0.0,1,5.42,11.35,SPY190719P00289000,289.0,0,0.0,0.0,,0.0,normalDay
2019-05-29,3220.0,-761.0,0.0,0,278.27,0.0,1,5.42,13.03,SPY190719P00289000,289.0,0,0.0,0.0,,0.0,normalDay
2019-05-30,3220.0,-698.0,0.0,0,279.03,0.0,1,5.42,12.4,SPY190719P00289000,289.0,0,0.0,0.0,,0.0,normalDay
2019-05-31,3220.0,-1020.0,0.0,0,275.27,0.0,1,5.42,15.62,SPY190719P00289000,289.0,0,0.0,0.0,,0.0,normalDay
2019-06-03,3220.0,-1052.0,0.0,0,274.57,0.0,1,5.42,15.94,SPY190719P00289000,289.0,0,0.0,0.0,,0.0,normalDay
2019-06-04,3220.0,-571.0,0.0,0,280.53,0.0,1,5.42,11.13,SPY190719P00289000,289.0,0,0.0,0.0,,0.0,normalDay
2019-06-05,3220.0,-380.0,0.0,0,282.96,0.0,1,5.42,9.22,SPY190719P00289000,289.0,0,0.0,0.0,,0.0,normalDay
2019-06-06,3220.0,-256.0,0.0,0,284.8,0.0,1,5.42,7.98,SPY190719P00289000,289.0,0,0.0,0.0,,0.0,normalDay
2019-06-07,3220.0,-108.0,0.0,0,287.65,0.0,1,5.42,6.5,SPY190719P00289000,289.0,0,0.0,0.0,,0.0,normalDay
2019-06-10,3220.0,-22.0,0.0,0,288.97,0.0,1,5.42,5.64,SPY190719P00289000,289.0,0,0.0,0.0,,0.0,normalDay
2019-06-11,3220.0,-32.0,0.0,0,288.9,0.0,1,5.42,5.74,SPY190719P00289000,289.0,0,0.0,0.0,,0.0,normalDay
2019-06-12,3220.0,-38.0,0.0,0,288.39,0.0,1,5.42,5.8,SPY190719P00289000,289.0,0,0.0,0.0,,0.0,normalDay
2019-06-13,3220.0,23.0,0.0,0,289.58,0.0,1,5.42,5.19,SPY190719P00289000,289.0,0,0.0,0.0,,0.0,normalDay
2019-06-14,3220.0,37.0,0.0,0,289.26,0.0,1,5.42,5.05,SPY190719P00289000,289.0,0,0.0,0.0,,0.0,normalDay
2019-06-17,3220.0,58.0,0.0,0,289.37,0.0,1,5.42,4.84,SPY190719P00289000,289.0,0,0.0,0.0,,0.0,normalDay
2019-06-18,3220.0,181.0,0.0,0,292.4,0.0,1,5.42,3.61,SPY190719P00289000,289.0,0,0.0,0.0,,0.0,normalDay
2019-06-19,3220.0,241.0,0.0,0,293.06,0.0,1,5.42,3.01,SPY190719P00289000,289.0,0,0.0,0.0,,0.0,normalDay
2019-06-20,3220.0,312.0,0.0,0,295.86,0.0,1,5.42,2.3,SPY190719P00289000,289.0,0,0.0,0.0,,0.0,normalDay
2019-06-21,3220.0,298.0,0.0,0,294.0,0.0,1,5.42,2.44,SPY190719P00289000,289.0,0,0.0,0.0,,0.0,normalDay
2019-06-24,3220.0,304.0,0.0,0,293.64,0.0,1,5.42,2.38,SPY190719P00289000,289.0,0,0.0,0.0,,0.0,normalDay
2019-06-25,3220.0,204.0,0.0,0,290.76,0.0,1,5.42,3.38,SPY190719P00289000,289.0,0,0.0,0.0,,0.0,normalDay
2019-06-26,3220.0,196.0,0.0,0,290.47,0.0,1,5.42,3.46,SPY190719P00289000,289.0,0,0.0,0.0,,0.0,normalDay
2019-06-27,3220.0,264.0,0.0,0,291.5,0.0,1,5.42,2.78,SPY190719P00289000,289.0,0,0.0,0.0,,0.0,normalDay
2019-06-28,3220.0,332.0,0.0,0,293.0,0.0,1,5.42,2.1,SPY190719P00289000,289.0,0,0.0,0.0,,0.0,normalDay
2019-07-01,3220.0,433.0,0.0,0,295.66,0.0,1,5.42,1.09,SPY190719P00289000,289.0,0,0.0,0.0,,0.0,normalDay
2019-07-02,3220.0,473.0,0.0,0,296.43,0.0,1,5.42,0.69,SPY190719P00289000,289.0,0,0.0,0.0,,0.0,normalDay
2019-07-03,3220.0,501.0,0.0,0,298.8,0.0,1,5.42,0.41,SPY190719P00289000,289.0,0,0.0,0.0,,0.0,normalDay
2019-07-05,3220.0,502.0,0.0,0,298.46,0.0,1,5.42,0.4,SPY190719P00289000,289.0,0,0.0,0.0,,0.0,normalDay
2019-07-08,3220.0,502.0,0.0,0,296.82,0.0,1,5.42,0.4,SPY190719P00289000,289.0,0,0.0,0.0,,0.0,normalDay
2019-07-09,3220.0,506.0,0.0,0,297.19,0.0,1,5.42,0.36,SPY190719P00289000,289.0,0,0.0,0.0,,0.0,normalDay
2019-07-10,3220.0,524.0,0.0,0,298.61,0.0,1,5.42,0.18,SPY190719P00289000,289.0,0,0.0,0.0,,0.0,normalDay
2019-07-11,3220.0,528.0,0.0,0,299.31,0.0,1,5.42,0.14,SPY190719P00289000,289.0,0,0.0,0.0,,0.0,normalDay
2019-07-12,3220.0,533.0,0.0,0,300.65,0.0,1,5.42,0.09,SPY190719P00289000,289.0,0,0.0,0.0,,0.0,normalDay
2019-07-15,3220.0,535.0,0.0,0,300.75,0.0,1,5.42,0.07,SPY190719P00289000,289.0,0,0.0,0.0,,0.0,normalDay
2019-07-16,3220.0,536.0,0.0,0,299.78,0.0,1,5.42,0.06,SPY190719P00289000,289.0,0,0.0,0.0,,0.0,normalDay
2019-07-17,3220.0,537.0,0.0,0,297.74,0.0,1,5.42,0.05,SPY190719P00289000,289.0,0,0.0,0.0,,0.0,normalDay
2019-07-18,3220.0,539.0,0.0,0,298.83,0.0,1,5.42,0.03,SPY190719P00289000,289.0,0,0.0,0.0,,0.0,normalDay
2019-07-19,3762.0,0.0,542.0,0,297.17,0.0,1,5.42,0.0,SPY190719P00289000,289.0,0,0.0,0.0,,0.0,expirationDay
2019-07-22,3762.0,-5.0,0.0,0,297.9,0.0,1,4.73,4.78,SPY190930P00293000,293.0,0,0.0,0.0,,0.0,normalDay
2019-07-23,3762.0,75.0,0.0,0,300.03,0.0,1,4.73,3.98,SPY190930P00293000,293.0,0,0.0,0.0,,0.0,normalDay
2019-07-24,3762.0,127.0,0.0,0,301.44,0.0,1,4.73,3.46,SPY190930P00293000,293.0,0,0.0,0.0,,0.0,normalDay
2019-07-25,3762.0,78.0,0.0,0,300.0,0.0,1,4.73,3.95,SPY190930P00293000,293.0,0,0.0,0.0,,0.0,normalDay
2019-07-26,3762.0,145.0,0.0,0,302.01,0.0,1,4.73,3.28,SPY190930P00293000,293.0,0,0.0,0.0,,0.0,normalDay
2019-07-29,3762.0,144.0,0.0,0,301.46,0.0,1,4.73,3.29,SPY190930P00293000,293.0,0,0.0,0.0,,0.0,normalDay
2019-07-30,3762.0,96.0,0.0,0,300.72,0.0,1,4.73,3.77,SPY190930P00293000,293.0,0,0.0,0.0,,0.0,normalDay
2019-07-31,3762.0,-42.0,0.0,0,297.43,0.0,1,4.73,5.15,SPY190930P00293000,293.0,0,0.0,0.0,,0.0,normalDay
2019-08-01,3762.0,-177.0,0.0,0,294.84,0.0,1,4.73,6.5,SPY190930P00293000,293.0,0,0.0,0.0,,0.0,normalDay
2019-08-02,3762.0,-273.0,0.0,0,292.62,0.0,1,4.73,7.46,SPY190930P00293000,293.0,0,0.0,0.0,,0.0,normalDay
2019-08-05,3762.0,-909.0,0.0,0,283.82,0.0,1,4.73,13.82,SPY190930P00293000,293.0,0,0.0,0.0,,0.0,normalDay
2019-08-06,3762.0,-544.0,0.0,0,287.8,0.0,1,4.73,10.17,SPY190930P00293000,293.0,0,0.0,0.0,,0.0,normalDay
2019-08-07,3762.0,-529.0,0.0,0,287.97,0.0,1,4.73,10.02,SPY190930P00293000,293.0,0,0.0,0.0,,0.0,normalDay
2019-08-08,3762.0,-185.0,0.0,0,293.62,0.0,1,4.73,6.58,SPY190930P00293000,293.0,0,0.0,0.0,,0.0,normalDay
2019-08-09,3762.0,-286.0,0.0,0,291.62,0.0,1,4.73,7.59,SPY190930P00293000,293.0,0,0.0,0.0,,0.0,normalDay
2019-08-12,3762.0,-553.0,0.0,0,288.07,0.0,1,4.73,10.26,SPY190930P00293000,293.0,0,0.0,0.0,,0.0,normalDay
2019-08-13,3762.0,-235.0,0.0,0,292.55,0.0,1,4.73,7.08,SPY190930P00293000,293.0,0,0.0,0.0,,0.0,normalDay
2019-08-14,3762.0,-806.0,0.0,0,283.9,0.0,1,4.73,12.79,SPY190930P00293000,293.0,0,0.0,0.0,,0.0,normalDay
2019-08-15,3762.0,-732.0,0.0,0,284.65,0.0,1,4.73,12.05,SPY190930P00293000,293.0,0,0.0,0.0,,0.0,normalDay
2019-08-16,3762.0,-429.0,0.0,0,288.85,0.0,1,4.73,9.02,SPY190930P00293000,293.0,0,0.0,0.0,,0.0,normalDay
2019-08-19,3762.0,-186.0,0.0,0,292.33,0.0,1,4.73,6.59,SPY190930P00293000,293.0,0,0.0,0.0,,0.0,normalDay
2019-08-20,3762.0,-315.0,0.0,0,290.09,0.0,1,4.73,7.88,SPY190930P00293000,293.0,0,0.0,0.0,,0.0,normalDay
2019-08-21,3762.0,-127.0,0.0,0,292.45,0.0,1,4.73,6.0,SPY190930P00293000,293.0,0,0.0,0.0,,0.0,normalDay
2019-08-22,3762.0,-158.0,0.0,0,292.36,0.0,1,4.73,6.31,SPY190930P00293000,293.0,0,0.0,0.0,,0.0,normalDay
2019-08-23,3762.0,-601.0,0.0,0,284.85,0.0,1,4.73,10.74,SPY190930P00293000,293.0,0,0.0,0.0,,0.0,normalDay
2019-08-26,3762.0,-400.0,0.0,0,288.0,0.0,1,4.73,8.73,SPY190930P00293000,293.0,0,0.0,0.0,,0.0,normalDay
2019-08-27,3762.0,-504.0,0.0,0,286.87,0.0,1,4.73,9.77,SPY190930P00293000,293.0,0,0.0,0.0,,0.0,normalDay
2019-08-28,3762.0,-337.0,0.0,0,288.89,0.0,1,4.73,8.1,SPY190930P00293000,293.0,0,0.0,0.0,,0.0,normalDay
2019-08-29,3762.0,-118.0,0.0,0,292.58,0.0,1,4.73,5.91,SPY190930P00293000,293.0,0,0.0,0.0,,0.0,normalDay
2019-08-30,3762.0,-132.0,0.0,0,292.45,0.0,1,4.73,6.05,SPY190930P00293000,293.0,0,0.0,0.0,,0.0,normalDay
2019-09-03,3762.0,-205.0,0.0,0,290.74,0.0,1,4.73,6.78,SPY190930P00293000,293.0,0,0.0,0.0,,0.0,normalDay
2019-09-04,3762.0,14.0,0.0,0,294.04,0.0,1,4.73,4.59,SPY190930P00293000,293.0,0,0.0,0.0,,0.0,normalDay
2019-09-05,3762.0,177.0,0.0,0,297.82,0.0,1,4.73,2.96,SPY190930P00293000,293.0,0,0.0,0.0,,0.0,normalDay
2019-09-06,3762.0,236.0,0.0,0,298.05,0.0,1,4.73,2.37,SPY190930P00293000,293.0,0,0.0,0.0,,0.0,normalDay
2019-09-09,3762.0,253.0,0.0,0,298.2,0.0,1,4.73,2.2,SPY190930P00293000,293.0,0,0.0,0.0,,0.0,normalDay
2019-09-10,3762.0,260.0,0.0,0,298.13,0.0,1,4.73,2.13,SPY190930P00293000,293.0,0,0.0,0.0,,0.0,normalDay
2019-09-11,3762.0,326.0,0.0,0,300.25,0.0,1,4.73,1.47,SPY190930P00293000,293.0,0,0.0,0.0,,0.0,normalDay
2019-09-12,3762.0,361.0,0.0,0,301.29,0.0,1,4.73,1.12,SPY190930P00293000,293.0,0,0.0,0.0,,0.0,normalDay
2019-09-13,3762.0,369.0,0.0,0,301.09,0.0,1,4.73,1.04,SPY190930P00293000,293.0,0,0.0,0.0,,0.0,normalDay
2019-09-16,3762.0,359.0,0.0,0,300.16,0.0,1,4.73,1.14,SPY190930P00293000,293.0,0,0.0,0.0,,0.0,normalDay
2019-09-17,3762.0,375.0,0.0,0,300.92,0.0,1,4.73,0.98,SPY190930P00293000,293.0,0,0.0,0.0,,0.0,normalDay
2019-09-18,3762.0,396.0,0.0,0,301.1,0.0,1,4.73,0.77,SPY190930P00293000,293.0,0,0.0,0.0,,0.0,normalDay
2019-09-19,3762.0,407.0,0.0,0,301.08,0.0,1,4.73,0.66,SPY190930P00293000,293.0,0,0.0,0.0,,0.0,normalDay
2019-09-20,3762.0,379.0,0.0,0,298.28,0.0,1,4.73,0.94,SPY190930P00293000,293.0,0,0.0,0.0,,0.0,normalDay
2019-09-23,3762.0,421.0,0.0,0,298.21,0.0,1,4.73,0.52,SPY190930P00293000,293.0,0,0.0,0.0,,0.0,normalDay
2019-09-24,3762.0,359.0,0.0,0,295.87,0.0,1,4.73,1.14,SPY190930P00293000,293.0,0,0.0,0.0,,0.0,normalDay
2019-09-25,3762.0,420.0,0.0,0,297.62,0.0,1,4.73,0.53,SPY190930P00293000,293.0,0,0.0,0.0,,0.0,normalDay
2019-09-26,3762.0,437.0,0.0,0,297.0,0.0,1,4.73,0.36,SPY190930P00293000,293.0,0,0.0,0.0,,0.0,normalDay
2019-09-27,3762.0,427.0,0.0,0,295.4,0.0,1,4.73,0.46,SPY190930P00293000,293.0,0,0.0,0.0,,0.0,normalDay
2019-09-30,4235.0,0.0,473.0,0,296.77,0.0,1,4.73,0.0,SPY190930P00293000,293.0,0,0.0,0.0,,0.0,expirationDay
2019-10-01,4235.0,-6.0,0.0,0,293.24,0.0,1,10.29,10.35,SPY191220P00296000,296.0,0,0.0,0.0,,0.0,normalDay
2019-10-02,4235.0,-358.0,0.0,0,288.06,0.0,1,10.29,13.87,SPY191220P00296000,296.0,0,0.0,0.0,,0.0,normalDay
2019-10-03,4235.0,-159.0,0.0,0,290.42,0.0,1,10.29,11.88,SPY191220P00296000,296.0,0,0.0,0.0,,0.0,normalDay
2019-10-04,4235.0,95.0,0.0,0,294.35,0.0,1,10.29,9.34,SPY191220P00296000,296.0,0,0.0,0.0,,0.0,normalDay
2019-10-07,4235.0,37.0,0.0,0,293.08,0.0,1,10.29,9.92,SPY191220P00296000,296.0,0,0.0,0.0,,0.0,normalDay
2019-10-08,4235.0,-245.0,0.0,0,288.53,0.0,1,10.29,12.74,SPY191220P00296000,296.0,0,0.0,0.0,,0.0,normalDay
2019-10-09,4235.0,-73.0,0.0,0,291.27,0.0,1,10.29,11.02,SPY191220P00296000,296.0,0,0.0,0.0,,0.0,normalDay
2019-10-10,4235.0,72.0,0.0,0,293.24,0.0,1,10.29,9.57,SPY191220P00296000,296.0,0,0.0,0.0,,0.0,normalDay
2019-10-11,4235.0,265.0,0.0,0,296.28,0.0,1,10.29,7.64,SPY191220P00296000,296.0,0,0.0,0.0,,0.0,normalDay
2019-10-14,4235.0,281.0,0.0,0,295.95,0.0,1,10.29,7.48,SPY191220P00296000,296.0,0,0.0,0.0,,0.0,normalDay
2019-10-15,4235.0,432.0,0.0,0,298.88,0.0,1,10.29,5.97,SPY191220P00296000,296.0,0,0.0,0.0,,0.0,normalDay
2019-10-16,4235.0,427.0,0.0,0,298.4,0.0,1,10.29,6.02,SPY191220P00296000,296.0,0,0.0,0.0,,0.0,normalDay
2019-10-17,4235.0,453.0,0.0,0,299.28,0.0,1,10.29,5.76,SPY191220P00296000,296.0,0,0.0,0.0,,0.0,normalDay
2019-10-18,4235.0,412.0,0.0,0,297.97,0.0,1,10.29,6.17,SPY191220P00296000,296.0,0,0.0,0.0,,0.0,normalDay
2019-10-21,4235.0,516.0,0.0,0,299.99,0.0,1,10.29,5.13,SPY191220P00296000,296.0,0,0.0,0.0,,0.0,normalDay
2019-10-22,4235.0,474.0,0.0,0,299.01,0.0,1,10.29,5.55,SPY191220P00296000,296.0,0,0.0,0.0,,0.0,normalDay
2019-10-23,4235.0,527.0,0.0,0,299.88,0.0,1,10.29,5.02,SPY191220P00296000,296.0,0,0.0,0.0,,0.0,normalDay
2019-10-24,4235.0,547.0,0.0,0,300.37,0.0,1,10.29,4.82,SPY191220P00296000,296.0,0,0.0,0.0,,0.0,normalDay
2019-10-25,4235.0,616.0,0.0,0,301.6,0.0,1,10.29,4.13,SPY191220P00296000,296.0,0,0.0,0.0,,0.0,normalDay
2019-10-28,4235.0,667.0,0.0,0,303.3,0.0,1,10.29,3.62,SPY191220P00296000,296.0,0,0.0,0.0,,0.0,normalDay
2019-10-29,4235.0,662.0,0.0,0,303.21,0.0,1,10.29,3.67,SPY191220P00296000,296.0,0,0.0,0.0,,0.0,normalDay
2019-10-30,4235.0,709.0,0.0,0,304.14,0.0,1,10.29,3.2,SPY191220P00296000,296.0,0,0.0,0.0,,0.0,normalDay
2019-10-31,4235.0,679.0,0.0,0,303.33,0.0,1,10.29,3.5,SPY191220P00296000,296.0,0,0.0,0.0,,0.0,normalDay
2019-11-01,4235.0,765.0,0.0,0,306.14,0.0,1,10.29,2.64,SPY191220P00296000,296.0,0,0.0,0.0,,0.0,normalDay
2019-11-04,4235.0,793.0,0.0,0,307.37,0.0,1,10.29,2.36,SPY191220P00296000,296.0,0,0.0,0.0,,0.0,normalDay
2019-11-05,4235.0,784.0,0.0,0,307.03,0.0,1,10.29,2.45,SPY191220P00296000,296.0,0,0.0,0.0,,0.0,normalDay
2019-11-06,4235.0,796.0,0.0,0,307.1,0.0,1,10.29,2.33,SPY191220P00296000,296.0,0,0.0,0.0,,0.0,normalDay
2019-11-07,4235.0,814.0,0.0,0,308.18,0.0,1,10.29,2.15,SPY191220P00296000,296.0,0,0.0,0.0,,0.0,normalDay
2019-11-08,4235.0,844.0,0.0,0,308.94,0.0,1,10.29,1.85,SPY191220P00296000,296.0,0,0.0,0.0,,0.0,normalDay
2019-11-11,4235.0,842.0,0.0,0,308.35,0.0,1,10.29,1.87,SPY191220P00296000,296.0,0,0.0,0.0,,0.0,normalDay
2019-11-12,4235.0,851.0,0.0,0,309.0,0.0,1,10.29,1.78,SPY191220P00296000,296.0,0,0.0,0.0,,0.0,normalDay
2019-11-13,4235.0,854.0,0.0,0,309.1,0.0,1,10.29,1.75,SPY191220P00296000,296.0,0,0.0,0.0,,0.0,normalDay
2019-11-14,4235.0,867.0,0.0,0,309.55,0.0,1,10.29,1.62,SPY191220P00296000,296.0,0,0.0,0.0,,0.0,normalDay
2019-11-15,4235.0,914.0,0.0,0,311.79,0.0,1,10.29,1.15,SPY191220P00296000,296.0,0,0.0,0.0,,0.0,normalDay
2019-11-18,4235.0,921.0,0.0,0,312.02,0.0,1,10.29,1.08,SPY191220P00296000,296.0,0,0.0,0.0,,0.0,normalDay
2019-11-19,4235.0,915.0,0.0,0,311.93,0.0,1,10.29,1.14,SPY191220P00296000,296.0,0,0.0,0.0,,0.0,normalDay
2019-11-20,4235.0,905.0,0.0,0,310.77,0.0,1,10.29,1.24,SPY191220P00296000,296.0,0,0.0,0.0,,0.0,normalDay
2019-11-21,4235.0,903.0,0.0,0,310.27,0.0,1,10.29,1.26,SPY191220P00296000,296.0,0,0.0,0.0,,0.0,normalDay
2019-11-22,4235.0,926.0,0.0,0,310.96,0.0,1,10.29,1.03,SPY191220P00296000,296.0,0,0.0,0.0,,0.0,normalDay
2019-11-25,4235.0,963.0,0.0,0,313.37,0.0,1,10.29,0.66,SPY191220P00296000,296.0,0,0.0,0.0,,0.0,normalDay
2019-11-26,4235.0,974.0,0.0,0,314.08,0.0,1,10.29,0.55,SPY191220P00296000,296.0,0,0.0,0.0,,0.0,normalDay
2019-11-27,4235.0,983.0,0.0,0,315.48,0.0,1,10.29,0.46,SPY191220P00296000,296.0,0,0.0,0.0,,0.0,normalDay
2019-11-29,4235.0,970.0,0.0,0,314.31,0.0,1,10.29,0.59,SPY191220P00296000,296.0,0,0.0,0.0,,0.0,normalDay
2019-12-02,4235.0,935.0,0.0,0,311.64,0.0,1,10.29,0.94,SPY191220P00296000,296.0,0,0.0,0.0,,0.0,normalDay
2019-12-03,4235.0,904.0,0.0,0,309.55,0.0,1,10.29,1.25,SPY191220P00296000,296.0,0,0.0,0.0,,0.0,normalDay
2019-12-04,4235.0,944.0,0.0,0,311.46,0.0,1,10.29,0.85,SPY191220P00296000,296.0,0,0.0,0.0,,0.0,normalDay
2019-12-05,4235.0,964.0,0.0,0,312.02,0.0,1,10.29,0.65,SPY191220P00296000,296.0,0,0.0,0.0,,0.0,normalDay
2019-12-06,4235.0,991.0,0.0,0,314.87,0.0,1,10.29,0.38,SPY191220P00296000,296.0,0,0.0,0.0,,0.0,normalDay
2019-12-09,4235.0,975.0,0.0,0,313.88,0.0,1,10.29,0.54,SPY191220P00296000,296.0,0,0.0,0.0,,0.0,normalDay
2019-12-10,4235.0,986.0,0.0,0,313.53,0.0,1,10.29,0.43,SPY191220P00296000,296.0,0,0.0,0.0,,0.0,normalDay
2019-12-11,4235.0,998.0,0.0,0,314.42,0.0,1,10.29,0.31,SPY191220P00296000,296.0,0,0.0,0.0,,0.0,normalDay
2019-12-12,4235.0,1009.0,0.0,0,317.13,0.0,1,10.29,0.2,SPY191220P00296000,296.0,0,0.0,0.0,,0.0,normalDay
2019-12-13,4235.0,1014.0,0.0,0,317.32,0.0,1,10.29,0.15,SPY191220P00296000,296.0,0,0.0,0.0,,0.0,normalDay
2019-12-16,4235.0,1022.0,0.0,0,319.5,0.0,1,10.29,0.07,SPY191220P00296000,296.0,0,0.0,0.0,,0.0,normalDay
2019-12-17,4235.0,1025.0,0.0,0,319.57,0.0,1,10.29,0.04,SPY191220P00296000,296.0,0,0.0,0.0,,0.0,normalDay
2019-12-18,4235.0,1026.0,0.0,0,319.59,0.0,1,10.29,0.03,SPY191220P00296000,296.0,0,0.0,0.0,,0.0,normalDay
2019-12-19,4235.0,1027.0,0.0,0,320.9,0.0,1,10.29,0.02,SPY191220P00296000,296.0,0,0.0,0.0,,0.0,normalDay
2019-12-20,5264.0,0.0,1029.0,0,320.73,0.0,1,10.29,0.0,SPY191220P00296000,296.0,0,0.0,0.0,,0.0,expirationDay
2019-12-23,5264.0,-3.0,0.0,0,321.22,0.0,1,3.15,3.18,SPY200221P00312000,312.0,0,0.0,0.0,,0.0,normalDay
2019-12-24,5264.0,1.0,0.0,0,321.23,0.0,1,3.15,3.14,SPY200221P00312000,312.0,0,0.0,0.0,,0.0,normalDay
2019-12-26,5264.0,40.0,0.0,0,322.94,0.0,1,3.15,2.75,SPY200221P00312000,312.0,0,0.0,0.0,,0.0,normalDay
2019-12-27,5264.0,17.0,0.0,0,322.86,0.0,1,3.15,2.98,SPY200221P00312000,312.0,0,0.0,0.0,,0.0,normalDay
2019-12-30,5264.0,-36.0,0.0,0,321.08,0.0,1,3.15,3.51,SPY200221P00312000,312.0,0,0.0,0.0,,0.0,normalDay
2019-12-31,5264.0,16.0,0.0,0,321.86,0.0,1,3.15,2.99,SPY200221P00312000,312.0,0,0.0,0.0,,0.0,normalDay
2020-01-02,5264.0,95.0,0.0,0,324.87,0.0,1,3.15,2.2,SPY200221P00312000,312.0,0,0.0,0.0,,0.0,normalDay
2020-01-03,5264.0,21.0,0.0,0,322.41,0.0,1,3.15,2.94,SPY200221P00312000,312.0,0,0.0,0.0,,0.0,normalDay
2020-01-06,5264.0,67.0,0.0,0,323.64,0.0,1,3.15,2.48,SPY200221P00312000,312.0,0,0.0,0.0,,0.0,normalDay
2020-01-07,5264.0,51.0,0.0,0,322.73,0.0,1,3.15,2.64,SPY200221P00312000,312.0,0,0.0,0.0,,0.0,normalDay
2020-01-08,5264.0,102.0,0.0,0,324.45,0.0,1,3.15,2.13,SPY200221P00312000,312.0,0,0.0,0.0,,0.0,normalDay
2020-01-09,5264.0,150.0,0.0,0,326.65,0.0,1,3.15,1.65,SPY200221P00312000,312.0,0,0.0,0.0,,0.0,normalDay
2020-01-10,5264.0,138.0,0.0,0,325.71,0.0,1,3.15,1.77,SPY200221P00312000,312.0,0,0.0,0.0,,0.0,normalDay
2020-01-13,5264.0,185.0,0.0,0,327.95,0.0,1,3.15,1.3,SPY200221P00312000,312.0,0,0.0,0.0,,0.0,normalDay
2020-01-14,5264.0,186.0,0.0,0,327.45,0.0,1,3.15,1.29,SPY200221P00312000,312.0,0,0.0,0.0,,0.0,normalDay
2020-01-15,5264.0,198.0,0.0,0,328.19,0.0,1,3.15,1.17,SPY200221P00312000,312.0,0,0.0,0.0,,0.0,normalDay
2020-01-16,5264.0,220.0,0.0,0,330.92,0.0,1,3.15,0.95,SPY200221P00312000,312.0,0,0.0,0.0,,0.0,normalDay
2020-01-17,5264.0,233.0,0.0,0,331.95,0.0,1,3.15,0.82,SPY200221P00312000,312.0,0,0.0,0.0,,0.0,normalDay
2020-01-21,5264.0,231.0,0.0,0,331.3,0.0,1,3.15,0.84,SPY200221P00312000,312.0,0,0.0,0.0,,0.0,normalDay
2020-01-22,5264.0,233.0,0.0,0,331.34,0.0,1,3.15,0.82,SPY200221P00312000,312.0,0,0.0,0.0,,0.0,normalDay
2020-01-23,5264.0,236.0,0.0,0,331.72,0.0,1,3.15,0.79,SPY200221P00312000,312.0,0,0.0,0.0,,0.0,normalDay
2020-01-24,5264.0,196.0,0.0,0,328.77,0.0,1,3.15,1.19,SPY200221P00312000,312.0,0,0.0,0.0,,0.0,normalDay
2020-01-27,5264.0,70.0,0.0,0,323.5,0.0,1,3.15,2.45,SPY200221P00312000,312.0,0,0.0,0.0,,0.0,normalDay
2020-01-28,5264.0,171.0,0.0,0,326.89,0.0,1,3.15,1.44,SPY200221P00312000,312.0,0,0.0,0.0,,0.0,normalDay
2020-01-29,5264.0,174.0,0.0,0,326.62,0.0,1,3.15,1.41,SPY200221P00312000,312.0,0,0.0,0.0,,0.0,normalDay
2020-01-30,5264.0,218.0,0.0,0,327.68,0.0,1,3.15,0.97,SPY200221P00312000,312.0,0,0.0,0.0,,0.0,normalDay
2020-01-31,5264.0,85.0,0.0,0,321.73,0.0,1,3.15,2.3,SPY200221P00312000,312.0,0,0.0,0.0,,0.0,normalDay
2020-02-03,5264.0,156.0,0.0,0,324.12,0.0,1,3.15,1.59,SPY200221P00312000,312.0,0,0.0,0.0,,0.0,normalDay
2020-02-04,5264.0,253.0,0.0,0,329.06,0.0,1,3.15,0.62,SPY200221P00312000,312.0,0,0.0,0.0,,0.0,normalDay
2020-02-05,5264.0,284.0,0.0,0,332.86,0.0,1,3.15,0.31,SPY200221P00312000,312.0,0,0.0,0.0,,0.0,normalDay
2020-02-06,5264.0,287.0,0.0,0,333.98,0.0,1,3.15,0.28,SPY200221P00312000,312.0,0,0.0,0.0,,0.0,normalDay
2020-02-07,5264.0,284.0,0.0,0,332.2,0.0,1,3.15,0.31,SPY200221P00312000,312.0,0,0.0,0.0,,0.0,normalDay
2020-02-10,5264.0,299.0,0.0,0,334.68,0.0,1,3.15,0.16,SPY200221P00312000,312.0,0,0.0,0.0,,0.0,normalDay
2020-02-11,5264.0,301.0,0.0,0,335.26,0.0,1,3.15,0.14,SPY200221P00312000,312.0,0,0.0,0.0,,0.0,normalDay
2020-02-12,5264.0,308.0,0.0,0,337.42,0.0,1,3.15,0.07,SPY200221P00312000,312.0,0,0.0,0.0,,0.0,normalDay
2020-02-13,5264.0,308.0,0.0,0,337.06,0.0,1,3.15,0.07,SPY200221P00312000,312.0,0,0.0,0.0,,0.0,normalDay
2020-02-14,5264.0,311.0,0.0,0,337.6,0.0,1,3.15,0.04,SPY200221P00312000,312.0,0,0.0,0.0,,0.0,normalDay
2020-02-18,5264.0,313.0,0.0,0,336.73,0.0,1,3.15,0.02,SPY200221P00312000,312.0,0,0.0,0.0,,0.0,normalDay
2020-02-19,5264.0,313.0,0.0,0,338.34,0.0,1,3.15,0.02,SPY200221P00312000,312.0,0,0.0,0.0,,0.0,normalDay
2020-02-20,5264.0,314.0,0.0,0,336.95,0.0,1,3.15,0.01,SPY200221P00312000,312.0,0,0.0,0.0,,0.0,normalDay
2020-02-21,5579.0,0.0,315.0,0,333.48,0.0,1,3.15,0.0,SPY200221P00312000,312.0,0,0.0,0.0,,0.0,expirationDay
2020-02-24,5579.0,-16.0,0.0,0,322.42,0.0,1,12.44,12.6,SPY200515P00325000,325.0,0,0.0,0.0,,0.0,normalDay
2020-02-25,5579.0,-553.0,0.0,0,312.65,0.0,1,12.44,17.97,SPY200515P00325000,325.0,0,0.0,0.0,,0.0,normalDay
2020-02-26,5579.0,-665.0,0.0,0,311.5,0.0,1,12.44,19.09,SPY200515P00325000,325.0,0,0.0,0.0,,0.0,normalDay
2020-02-27,5579.0,-1947.0,0.0,0,297.51,0.0,1,12.44,31.91,SPY200515P00325000,325.0,0,0.0,0.0,,0.0,normalDay
2020-02-28,5579.0,-1935.0,0.0,0,296.26,0.0,1,12.44,31.79,SPY200515P00325000,325.0,0,0.0,0.0,,0.0,normalDay
2020-03-02,5579.0,-910.0,0.0,0,309.09,0.0,1,12.44,21.54,SPY200515P00325000,325.0,0,0.0,0.0,,0.0,normalDay
2020-03-03,5579.0,-1525.0,0.0,0,300.24,0.0,1,12.44,27.69,SPY200515P00325000,325.0,0,0.0,0.0,,0.0,normalDay
2020-03-04,5579.0,-752.0,0.0,0,312.86,0.0,1,12.44,19.96,SPY200515P00325000,325.0,0,0.0,0.0,,0.0,normalDay
2020-03-05,5579.0,-1613.0,0.0,0,302.46,0.0,1,12.44,28.57,SPY200515P00325000,325.0,0,0.0,0.0,,0.0,normalDay
2020-03-06,5579.0,-2052.0,0.0,0,297.46,0.0,1,12.44,32.96,SPY200515P00325000,325.0,0,0.0,0.0,,0.0,normalDay
2020-03-09,5579.0,-4201.0,0.0,0,274.23,0.0,1,12.44,54.45,SPY200515P00325000,325.0,0,0.0,0.0,,0.0,normalDay
2020-03-10,5579.0,-2852.0,0.0,0,288.42,0.0,1,12.44,40.96,SPY200515P00325000,325.0,0,0.0,0.0,,0.0,normalDay
2020-03-11,5579.0,-4200.0,0.0,0,274.36,0.0,1,12.44,54.44,SPY200515P00325000,325.0,0,0.0,0.0,,0.0,normalDay
2020-03-12,5579.0,-6662.0,0.0,0,248.11,0.0,1,12.44,79.06,SPY200515P00325000,325.0,0,0.0,0.0,,0.0,normalDay
2020-03-13,5579.0,-4600.0,0.0,0,269.32,0.0,1,12.44,58.44,SPY200515P00325000,325.0,0,0.0,0.0,,0.0,normalDay
2020-03-16,5579.0,-7170.0,0.0,0,239.85,0.0,1,12.44,84.14,SPY200515P00325000,325.0,0,0.0,0.0,,0.0,normalDay
2020-03-17,5579.0,-6338.0,0.0,0,252.8,0.0,1,12.44,75.82,SPY200515P00325000,325.0,0,0.0,0.0,,0.0,normalDay
2020-03-18,5579.0,-7553.0,0.0,0,240.0,0.0,1,12.44,87.97,SPY200515P00325000,325.0,0,0.0,0.0,,0.0,normalDay
2020-03-19,5579.0,-7482.0,0.0,0,240.51,0.0,1,12.44,87.26,SPY200515P00325000,325.0,0,0.0,0.0,,0.0,normalDay
2020-03-20,5579.0,-8416.0,0.0,0,228.8,0.0,1,12.44,96.6,SPY200515P00325000,325.0,0,0.0,0.0,,0.0,normalDay
2020-03-23,5579.0,-9198.0,0.0,0,222.95,0.0,1,12.44,104.42,SPY200515P00325000,325.0,0,0.0,0.0,,0.0,normalDay
2020-03-24,5579.0,-7082.0,0.0,0,243.15,0.0,1,12.44,83.26,SPY200515P00325000,325.0,0,0.0,0.0,,0.0,normalDay
2020-03-25,5579.0,-6606.0,0.0,0,246.79,0.0,1,12.44,78.5,SPY200515P00325000,325.0,0,0.0,0.0,,0.0,normalDay
2020-03-26,5579.0,-5260.0,0.0,0,261.2,0.0,1,12.44,65.04,SPY200515P00325000,325.0,0,0.0,0.0,,0.0,normalDay
2020-03-27,5579.0,-6021.0,0.0,0,253.42,0.0,1,12.44,72.65,SPY200515P00325000,325.0,0,0.0,0.0,,0.0,normalDay
2020-03-30,5579.0,-5242.0,0.0,0,261.65,0.0,1,12.44,64.86,SPY200515P00325000,325.0,0,0.0,0.0,,0.0,normalDay
2020-03-31,5579.0,-5626.0,0.0,0,257.75,0.0,1,12.44,68.7,SPY200515P00325000,325.0,0,0.0,0.0,,0.0,normalDay
2020-04-01,5579.0,-6707.0,0.0,0,246.15,0.0,1,12.44,79.51,SPY200515P00325000,325.0,0,0.0,0.0,,0.0,normalDay
2020-04-02,5579.0,-6046.0,0.0,0,251.83,0.0,1,12.44,72.9,SPY200515P00325000,325.0,0,0.0,0.0,,0.0,normalDay
2020-04-03,5579.0,-6467.0,0.0,0,248.19,0.0,1,12.44,77.11,SPY200515P00325000,325.0,0,0.0,0.0,,0.0,normalDay
2020-04-06,5579.0,-4796.0,0.0,0,264.86,0.0,1,12.44,60.4,SPY200515P00325000,325.0,0,0.0,0.0,,0.0,normalDay
2020-04-07,5579.0,-4890.0,0.0,0,265.13,0.0,1,12.44,61.34,SPY200515P00325000,325.0,0,0.0,0.0,,0.0,normalDay
2020-04-08,5579.0,-3901.0,0.0,0,274.03,0.0,1,12.44,51.45,SPY200515P00325000,325.0,0,0.0,0.0,,0.0,normalDay
2020-04-09,5579.0,-3472.0,0.0,0,278.2,0.0,1,12.44,47.16,SPY200515P00325000,325.0,0,0.0,0.0,,0.0,normalDay
2020-04-13,5579.0,-3751.0,0.0,0,275.66,0.0,1,12.44,49.95,SPY200515P00325000,325.0,0,0.0,0.0,,0.0,normalDay
2020-04-14,5579.0,-2898.0,0.0,0,283.79,0.0,1,12.44,41.42,SPY200515P00325000,325.0,0,0.0,0.0,,0.0,normalDay
2020-04-15,5579.0,-3522.0,0.0,0,277.76,0.0,1,12.44,47.66,SPY200515P00325000,325.0,0,0.0,0.0,,0.0,normalDay
2020-04-16,5579.0,-3373.0,0.0,0,279.1,0.0,1,12.44,46.17,SPY200515P00325000,325.0,0,0.0,0.0,,0.0,normalDay
2020-04-17,5579.0,-2610.0,0.0,0,286.64,0.0,1,12.44,38.54,SPY200515P00325000,325.0,0,0.0,0.0,,0.0,normalDay
2020-04-20,5579.0,-3130.0,0.0,0,281.59,0.0,1,12.44,43.74,SPY200515P00325000,325.0,0,0.0,0.0,,0.0,normalDay
2020-04-21,5579.0,-3949.0,0.0,0,273.04,0.0,1,12.44,51.93,SPY200515P00325000,325.0,0,0.0,0.0,,0.0,normalDay
2020-04-22,5579.0,-3426.0,0.0,0,279.1,0.0,1,12.44,46.7,SPY200515P00325000,325.0,0,0.0,0.0,,0.0,normalDay
2020-04-23,5579.0,-3404.0,0.0,0,279.08,0.0,1,12.44,46.48,SPY200515P00325000,325.0,0,0.0,0.0,,0.0,normalDay
2020-04-24,5579.0,-3002.0,0.0,0,282.97,0.0,1,12.44,42.46,SPY200515P00325000,325.0,0,0.0,0.0,,0.0,normalDay
2020-04-27,5579.0,-2564.0,0.0,0,287.05,0.0,1,12.44,38.08,SPY200515P00325000,325.0,0,0.0,0.0,,0.0,normalDay
2020-04-28,5579.0,-2666.0,0.0,0,285.73,0.0,1,12.44,39.1,SPY200515P00325000,325.0,0,0.0,0.0,,0.0,normalDay
2020-04-29,5579.0,-1946.0,0.0,0,293.21,0.0,1,12.44,31.9,SPY200515P00325000,325.0,0,0.0,0.0,,0.0,normalDay
2020-04-30,5579.0,-2328.0,0.0,0,290.48,0.0,1,12.44,35.72,SPY200515P00325000,325.0,0,0.0,0.0,,0.0,normalDay
2020-05-01,5579.0,-3015.0,0.0,0,282.79,0.0,1,12.44,42.59,SPY200515P00325000,325.0,0,0.0,0.0,,0.0,normalDay
2020-05-04,5579.0,-2970.0,0.0,0,283.57,0.0,1,12.44,42.14,SPY200515P00325000,325.0,0,0.0,0.0,,0.0,normalDay
2020-05-05,5579.0,-2677.0,0.0,0,286.19,0.0,1,12.44,39.21,SPY200515P00325000,325.0,0,0.0,0.0,,0.0,normalDay
2020-05-06,5579.0,-2885.0,0.0,0,284.25,0.0,1,12.44,41.29,SPY200515P00325000,325.0,0,0.0,0.0,,0.0,normalDay
2020-05-07,5579.0,-2468.0,0.0,0,287.68,0.0,1,12.44,37.12,SPY200515P00325000,325.0,0,0.0,0.0,,0.0,normalDay
2020-05-08,5579.0,-1981.0,0.0,0,292.44,0.0,1,12.44,32.25,SPY200515P00325000,325.0,0,0.0,0.0,,0.0,normalDay
2020-05-11,5579.0,-2049.0,0.0,0,292.5,0.0,1,12.44,32.93,SPY200515P00325000,325.0,0,0.0,0.0,,0.0,normalDay
2020-05-12,5579.0,-2687.0,0.0,0,286.67,0.0,1,12.44,39.31,SPY200515P00325000,325.0,0,0.0,0.0,,0.0,normalDay
2020-05-13,5579.0,-3042.0,0.0,0,281.6,0.0,1,12.44,42.86,SPY200515P00325000,325.0,0,0.0,0.0,,0.0,normalDay
2020-05-14,5579.0,-2734.0,0.0,0,284.97,0.0,1,12.44,39.78,SPY200515P00325000,325.0,0,0.0,0.0,,0.0,normalDay
2020-05-15,6823.0,-3872.0,1244.0,100,286.28,325.0,1,12.44,0.0,SPY200515P00325000,325.0,0,0.0,0.0,,0.0,expirationDay
2020-05-18,6823.0,-3004.0,0.0,100,295.0,325.0,0,0.0,0.0,,0.0,1,2.69,2.73,SPY200619C00307000,307.0,normalDay
2020-05-19,6823.0,-3246.0,0.0,100,291.97,325.0,0,0.0,0.0,,0.0,1,2.69,2.12,SPY200619C00307000,307.0,normalDay
2020-05-20,6823.0,-2863.0,0.0,100,296.93,325.0,0,0.0,0.0,,0.0,1,2.69,3.25,SPY200619C00307000,307.0,normalDay
2020-05-21,6823.0,-2992.0,0.0,100,294.88,325.0,0,0.0,0.0,,0.0,1,2.69,2.49,SPY200619C00307000,307.0,normalDay
2020-05-22,6823.0,-2931.0,0.0,100,295.44,325.0,0,0.0,0.0,,0.0,1,2.69,2.44,SPY200619C00307000,307.0,normalDay
2020-05-26,6823.0,-2638.0,0.0,100,299.08,325.0,0,0.0,0.0,,0.0,1,2.69,3.15,SPY200619C00307000,307.0,normalDay
2020-05-27,6823.0,-2359.0,0.0,100,303.53,325.0,0,0.0,0.0,,0.0,1,2.69,4.81,SPY200619C00307000,307.0,normalDay
2020-05-28,6823.0,-2433.0,0.0,100,302.97,325.0,0,0.0,0.0,,0.0,1,2.69,4.99,SPY200619C00307000,307.0,normalDay
2020-05-29,6823.0,-2332.0,0.0,100,304.32,325.0,0,0.0,0.0,,0.0,1,2.69,5.33,SPY200619C00307000,307.0,normalDay
2020-06-01,6823.0,-2202.0,0.0,100,305.55,325.0,0,0.0,0.0,,0.0,1,2.69,5.26,SPY200619C00307000,307.0,normalDay
2020-06-02,6823.0,-2035.0,0.0,100,308.08,325.0,0,0.0,0.0,,0.0,1,2.69,6.12,SPY200619C00307000,307.0,normalDay
2020-06-03,6823.0,-1876.0,0.0,100,312.18,325.0,0,0.0,0.0,,0.0,1,2.69,8.63,SPY200619C00307000,307.0,normalDay
2020-06-04,6823.0,-1895.0,0.0,100,311.36,325.0,0,0.0,0.0,,0.0,1,2.69,8.0,SPY200619C00307000,307.0,normalDay
2020-06-05,6823.0,-1678.0,0.0,100,319.34,325.0,0,0.0,0.0,,0.0,1,2.69,13.81,SPY200619C00307000,307.0,normalDay
2020-06-08,6823.0,-1593.0,0.0,100,323.2,325.0,0,0.0,0.0,,0.0,1,2.69,16.82,SPY200619C00307000,307.0,normalDay
2020-06-09,6823.0,-1729.0,0.0,100,320.79,325.0,0,0.0,0.0,,0.0,1,2.69,15.77,SPY200619C00307000,307.0,normalDay
2020-06-10,6823.0,-1644.0,0.0,100,319.0,325.0,0,0.0,0.0,,0.0,1,2.69,13.13,SPY200619C00307000,307.0,normalDay
2020-06-11,6823.0,-2546.0,0.0,100,300.61,325.0,0,0.0,0.0,,0.0,1,2.69,3.76,SPY200619C00307000,307.0,normalDay
2020-06-12,6823.0,-2190.0,0.0,100,304.21,325.0,0,0.0,0.0,,0.0,1,2.69,3.8,SPY200619C00307000,307.0,normalDay
2020-06-15,6823.0,-1970.0,0.0,100,307.05,325.0,0,0.0,0.0,,0.0,1,2.69,4.44,SPY200619C00307000,307.0,normalDay
2020-06-16,6823.0,-1678.0,0.0,100,312.96,325.0,0,0.0,0.0,,0.0,1,2.69,7.43,SPY200619C00307000,307.0,normalDay
2020-06-17,6823.0,-1657.0,0.0,100,311.66,325.0,0,0.0,0.0,,0.0,1,2.69,5.92,SPY200619C00307000,307.0,normalDay
2020-06-18,6823.0,-1533.0,0.0,100,311.78,325.0,0,0.0,0.0,,0.0,1,2.69,4.8,SPY200619C00307000,307.0,normalDay
2020-06-19,5292.0,-1533.0,-1531.0,0,308.64,0.0,0,0.0,0.0,,0.0,1,2.69,0.0,SPY200619C00307000,307.0,expirationDay
2020-06-22,5292.0,-6.0,0.0,0,310.62,0.0,1,10.48,10.54,SPY200821P00302000,302.0,0,0.0,0.0,,0.0,normalDay
2020-06-23,5292.0,48.0,0.0,0,312.05,0.0,1,10.48,10.0,SPY200821P00302000,302.0,0,0.0,0.0,,0.0,normalDay
2020-06-24,5292.0,-249.0,0.0,0,304.09,0.0,1,10.48,12.97,SPY200821P00302000,302.0,0,0.0,0.0,,0.0,normalDay
2020-06-25,5292.0,-57.0,0.0,0,307.35,0.0,1,10.48,11.05,SPY200821P00302000,302.0,0,0.0,0.0,,0.0,normalDay
2020-06-26,5292.0,-352.0,0.0,0,300.05,0.0,1,10.48,14.0,SPY200821P00302000,302.0,0,0.0,0.0,,0.0,normalDay
2020-06-29,5292.0,-109.0,0.0,0,304.46,0.0,1,10.48,11.57,SPY200821P00302000,302.0,0,0.0,0.0,,0.0,normalDay
2020-06-30,5292.0,83.0,0.0,0,308.36,0.0,1,10.48,9.65,SPY200821P00302000,302.0,0,0.0,0.0,,0.0,normalDay
2020-07-01,5292.0,197.0,0.0,0,310.52,0.0,1,10.48,8.51,SPY200821P00302000,302.0,0,0.0,0.0,,0.0,normalDay
2020-07-02,5292.0,300.0,0.0,0,312.23,0.0,1,10.48,7.48,SPY200821P00302000,302.0,0,0.0,0.0,,0.0,normalDay
2020-07-06,5292.0,434.0,0.0,0,317.05,0.0,1,10.48,6.14,SPY200821P00302000,302.0,0,0.0,0.0,,0.0,normalDay
2020-07-07,5292.0,325.0,0.0,0,313.78,0.0,1,10.48,7.23,SPY200821P00302000,302.0,0,0.0,0.0,,0.0,normalDay
2020-07-08,5292.0,431.0,0.0,0,316.18,0.0,1,10.48,6.17,SPY200821P00302000,302.0,0,0.0,0.0,,0.0,normalDay
2020-07-09,5292.0,363.0,0.0,0,314.38,0.0,1,10.48,6.85,SPY200821P00302000,302.0,0,0.0,0.0,,0.0,normalDay
2020-07-10,5292.0,497.0,0.0,0,317.59,0.0,1,10.48,5.51,SPY200821P00302000,302.0,0,0.0,0.0,,0.0,normalDay
2020-07-13,5292.0,333.0,0.0,0,314.84,0.0,1,10.48,7.15,SPY200821P00302000,302.0,0,0.0,0.0,,0.0,normalDay
2020-07-14,5292.0,506.0,0.0,0,318.92,0.0,1,10.48,5.42,SPY200821P00302000,302.0,0,0.0,0.0,,0.0,normalDay
2020-07-15,5292.0,616.0,0.0,0,321.85,0.0,1,10.48,4.32,SPY200821P00302000,302.0,0,0.0,0.0,,0.0,normalDay
2020-07-16,5292.0,593.0,0.0,0,320.79,0.0,1,10.48,4.55,SPY200821P00302000,302.0,0,0.0,0.0,,0.0,normalDay
2020-07-17,5292.0,706.0,0.0,0,321.72,0.0,1,10.48,3.42,SPY200821P00302000,302.0,0,0.0,0.0,,0.0,normalDay
2020-07-20,5292.0,787.0,0.0,0,324.32,0.0,1,10.48,2.61,SPY200821P00302000,302.0,0,0.0,0.0,,0.0,normalDay
2020-07-21,5292.0,791.0,0.0,0,325.01,0.0,1,10.48,2.57,SPY200821P00302000,302.0,0,0.0,0.0,,0.0,normalDay
2020-07-22,5292.0,826.0,0.0,0,326.86,0.0,1,10.48,2.22,SPY200821P00302000,302.0,0,0.0,0.0,,0.0,normalDay
2020-07-23,5292.0,748.0,0.0,0,322.96,0.0,1,10.48,3.0,SPY200821P00302000,302.0,0,0.0,0.0,,0.0,normalDay
2020-07-24,5292.0,760.0,0.0,0,320.88,0.0,1,10.48,2.88,SPY200821P00302000,302.0,0,0.0,0.0,,0.0,normalDay
2020-07-27,5292.0,838.0,0.0,0,323.22,0.0,1,10.48,2.1,SPY200821P00302000,302.0,0,0.0,0.0,,0.0,normalDay
2020-07-28,5292.0,808.0,0.0,0,321.17,0.0,1,10.48,2.4,SPY200821P00302000,302.0,0,0.0,0.0,,0.0,normalDay
2020-07-29,5292.0,886.0,0.0,0,325.12,0.0,1,10.48,1.62,SPY200821P00302000,302.0,0,0.0,0.0,,0.0,normalDay
2020-07-30,5292.0,873.0,0.0,0,323.96,0.0,1,10.48,1.75,SPY200821P00302000,302.0,0,0.0,0.0,,0.0,normalDay
2020-07-31,5292.0,926.0,0.0,0,326.52,0.0,1,10.48,1.22,SPY200821P00302000,302.0,0,0.0,0.0,,0.0,normalDay
2020-08-03,5292.0,958.0,0.0,0,328.79,0.0,1,10.48,0.9,SPY200821P00302000,302.0,0,0.0,0.0,,0.0,normalDay
2020-08-04,5292.0,978.0,0.0,0,330.06,0.0,1,10.48,0.7,SPY200821P00302000,302.0,0,0.0,0.0,,0.0,normalDay
2020-08-05,5292.0,996.0,0.0,0,332.11,0.0,1,10.48,0.52,SPY200821P00302000,302.0,0,0.0,0.0,,0.0,normalDay
2020-08-06,5292.0,1004.0,0.0,0,334.33,0.0,1,10.48,0.44,SPY200821P00302000,302.0,0,0.0,0.0,,0.0,normalDay
2020-08-07,5292.0,1013.0,0.0,0,334.57,0.0,1,10.48,0.35,SPY200821P00302000,302.0,0,0.0,0.0,,0.0,normalDay
2020-08-10,5292.0,1024.0,0.0,0,335.57,0.0,1,10.48,0.24,SPY200821P00302000,302.0,0,0.0,0.0,,0.0,normalDay
2020-08-11,5292.0,1009.0,0.0,0,332.8,0.0,1,10.48,0.39,SPY200821P00302000,302.0,0,0.0,0.0,,0.0,normalDay
2020-08-12,5292.0,1031.0,0.0,0,337.44,0.0,1,10.48,0.17,SPY200821P00302000,302.0,0,0.0,0.0,,0.0,normalDay
2020-08-13,5292.0,1035.0,0.0,0,336.83,0.0,1,10.48,0.13,SPY200821P00302000,302.0,0,0.0,0.0,,0.0,normalDay
2020-08-14,5292.0,1040.0,0.0,0,336.84,0.0,1,10.48,0.08,SPY200821P00302000,302.0,0,0.0,0.0,,0.0,normalDay
2020-08-17,5292.0,1044.0,0.0,0,337.91,0.0,1,10.48,0.04,SPY200821P00302000,302.0,0,0.0,0.0,,0.0,normalDay
2020-08-18,5292.0,1045.0,0.0,0,338.64,0.0,1,10.48,0.03,SPY200821P00302000,302.0,0,0.0,0.0,,0.0,normalDay
2020-08-19,5292.0,1044.0,0.0,0,337.23,0.0,1,10.48,0.04,SPY200821P00302000,302.0,0,0.0,0.0,,0.0,normalDay
2020-08-20,5292.0,1046.0,0.0,0,338.28,0.0,1,10.48,0.02,SPY200821P00302000,302.0,0,0.0,0.0,,0.0,normalDay
2020-08-21,6340.0,0.0,1048.0,0,339.48,0.0,1,10.48,0.0,SPY200821P00302000,302.0,0,0.0,0.0,,0.0,expirationDay
2020-08-24,6340.0,-5.0,0.0,0,342.92,0.0,1,5.67,5.72,SPY201016P00327000,327.0,0,0.0,0.0,,0.0,normalDay
2020-08-25,6340.0,37.0,0.0,0,344.12,0.0,1,5.67,5.3,SPY201016P00327000,327.0,0,0.0,0.0,,0.0,normalDay
2020-08-26,6340.0,71.0,0.0,0,347.57,0.0,1,5.67,4.96,SPY201016P00327000,327.0,0,0.0,0.0,,0.0,normalDay
2020-08-27,6340.0,69.0,0.0,0,348.33,0.0,1,5.67,4.98,SPY201016P00327000,327.0,0,0.0,0.0,,0.0,normalDay
2020-08-28,6340.0,140.0,0.0,0,350.58,0.0,1,5.67,4.27,SPY201016P00327000,327.0,0,0.0,0.0,,0.0,normalDay
2020-08-31,6340.0,79.0,0.0,0,349.31,0.0,1,5.67,4.88,SPY201016P00327000,327.0,0,0.0,0.0,,0.0,normalDay
2020-09-01,6340.0,124.0,0.0,0,352.6,0.0,1,5.67,4.43,SPY201016P00327000,327.0,0,0.0,0.0,,0.0,normalDay
2020-09-02,6340.0,196.0,0.0,0,357.7,0.0,1,5.67,3.71,SPY201016P00327000,327.0,0,0.0,0.0,,0.0,normalDay
2020-09-03,6340.0,-125.0,0.0,0,345.39,0.0,1,5.67,6.92,SPY201016P00327000,327.0,0,0.0,0.0,,0.0,normalDay
2020-09-04,6340.0,-125.0,0.0,0,342.57,0.0,1,5.67,6.92,SPY201016P00327000,327.0,0,0.0,0.0,,0.0,normalDay
2020-09-08,6340.0,-342.0,0.0,0,333.21,0.0,1,5.67,9.09,SPY201016P00327000,327.0,0,0.0,0.0,,0.0,normalDay
2020-09-09,6340.0,-92.0,0.0,0,339.79,0.0,1,5.67,6.59,SPY201016P00327000,327.0,0,0.0,0.0,,0.0,normalDay
2020-09-10,6340.0,-249.0,0.0,0,333.89,0.0,1,5.67,8.16,SPY201016P00327000,327.0,0,0.0,0.0,,0.0,normalDay
2020-09-11,6340.0,-202.0,0.0,0,334.06,0.0,1,5.67,7.69,SPY201016P00327000,327.0,0,0.0,0.0,,0.0,normalDay
2020-09-14,6340.0,31.0,0.0,0,338.46,0.0,1,5.67,5.36,SPY201016P00327000,327.0,0,0.0,0.0,,0.0,normalDay
2020-09-15,6340.0,91.0,0.0,0,340.17,0.0,1,5.67,4.76,SPY201016P00327000,327.0,0,0.0,0.0,,0.0,normalDay
2020-09-16,6340.0,55.0,0.0,0,338.82,0.0,1,5.67,5.12,SPY201016P00327000,327.0,0,0.0,0.0,,0.0,normalDay
2020-09-17,6340.0,0.0,0.0,0,335.84,0.0,1,5.67,5.67,SPY201016P00327000,327.0,0,0.0,0.0,,0.0,normalDay
2020-09-18,6340.0,-98.0,0.0,0,330.65,0.0,1,5.67,6.65,SPY201016P00327000,327.0,0,0.0,0.0,,0.0,normalDay
2020-09-21,6340.0,-227.0,0.0,0,326.97,0.0,1,5.67,7.94,SPY201016P00327000,327.0,0,0.0,0.0,,0.0,normalDay
2020-09-22,6340.0,-88.0,0.0,0,330.3,0.0,1,5.67,6.55,SPY201016P00327000,327.0,0,0.0,0.0,,0.0,normalDay
2020-09-23,6340.0,-438.0,0.0,0,322.64,0.0,1,5.67,10.05,SPY201016P00327000,327.0,0,0.0,0.0,,0.0,normalDay
2020-09-24,6340.0,-352.0,0.0,0,323.5,0.0,1,5.67,9.19,SPY201016P00327000,327.0,0,0.0,0.0,,0.0,normalDay
2020-09-25,6340.0,-72.0,0.0,0,328.73,0.0,1,5.67,6.39,SPY201016P00327000,327.0,0,0.0,0.0,,0.0,normalDay
2020-09-28,6340.0,147.0,0.0,0,334.19,0.0,1,5.67,4.2,SPY201016P00327000,327.0,0,0.0,0.0,,0.0,normalDay
2020-09-29,6340.0,110.0,0.0,0,332.37,0.0,1,5.67,4.57,SPY201016P00327000,327.0,0,0.0,0.0,,0.0,normalDay
2020-09-30,6340.0,145.0,0.0,0,334.89,0.0,1,5.67,4.22,SPY201016P00327000,327.0,0,0.0,0.0,,0.0,normalDay
2020-10-01,6340.0,250.0,0.0,0,337.04,0.0,1,5.67,3.17,SPY201016P00327000,327.0,0,0.0,0.0,,0.0,normalDay
2020-10-02,6340.0,188.0,0.0,0,333.84,0.0,1,5.67,3.79,SPY201016P00327000,327.0,0,0.0,0.0,,0.0,normalDay
2020-10-05,6340.0,388.0,0.0,0,339.76,0.0,1,5.67,1.79,SPY201016P00327000,327.0,0,0.0,0.0,,0.0,normalDay
2020-10-06,6340.0,300.0,0.0,0,334.93,0.0,1,5.67,2.67,SPY201016P00327000,327.0,0,0.0,0.0,,0.0,normalDay
2020-10-07,6340.0,457.0,0.0,0,340.76,0.0,1,5.67,1.1,SPY201016P00327000,327.0,0,0.0,0.0,,0.0,normalDay
2020-10-08,6340.0,517.0,0.0,0,343.78,0.0,1,5.67,0.5,SPY201016P00327000,327.0,0,0.0,0.0,,0.0,normalDay
2020-10-09,6340.0,547.0,0.0,0,346.85,0.0,1,5.67,0.2,SPY201016P00327000,327.0,0,0.0,0.0,,0.0,normalDay
2020-10-12,6340.0,557.0,0.0,0,352.43,0.0,1,5.67,0.1,SPY201016P00327000,327.0,0,0.0,0.0,,0.0,normalDay
2020-10-13,6340.0,560.0,0.0,0,350.13,0.0,1,5.67,0.07,SPY201016P00327000,327.0,0,0.0,0.0,,0.0,normalDay
2020-10-14,6340.0,561.0,0.0,0,347.93,0.0,1,5.67,0.06,SPY201016P00327000,327.0,0,0.0,0.0,,0.0,normalDay
2020-10-15,6340.0,565.0,0.0,0,347.5,0.0,1,5.67,0.02,SPY201016P00327000,327.0,0,0.0,0.0,,0.0,normalDay
2020-10-16,6907.0,0.0,567.0,0,347.29,0.0,1,5.67,0.0,SPY201016P00327000,327.0,0,0.0,0.0,,0.0,expirationDay
2020-10-19,6907.0,-7.0,0.0,0,342.01,0.0,1,11.17,11.24,SPY201231P00329000,329.0,0,0.0,0.0,,0.0,normalDay
2020-10-20,6907.0,17.0,0.0,0,343.38,0.0,1,11.17,11.0,SPY201231P00329000,329.0,0,0.0,0.0,,0.0,normalDay
2020-10-21,6907.0,65.0,0.0,0,342.73,0.0,1,11.17,10.52,SPY201231P00329000,329.0,0,0.0,0.0,,0.0,normalDay
2020-10-22,6907.0,122.0,0.0,0,344.61,0.0,1,11.17,9.95,SPY201231P00329000,329.0,0,0.0,0.0,,0.0,normalDay
2020-10-23,6907.0,162.0,0.0,0,345.78,0.0,1,11.17,9.55,SPY201231P00329000,329.0,0,0.0,0.0,,0.0,normalDay
2020-10-26,6907.0,-114.0,0.0,0,339.39,0.0,1,11.17,12.31,SPY201231P00329000,329.0,0,0.0,0.0,,0.0,normalDay
2020-10-27,6907.0,-150.0,0.0,0,338.22,0.0,1,11.17,12.67,SPY201231P00329000,329.0,0,0.0,0.0,,0.0,normalDay
2020-10-28,6907.0,-828.0,0.0,0,326.66,0.0,1,11.17,19.45,SPY201231P00329000,329.0,0,0.0,0.0,,0.0,normalDay
2020-10-29,6907.0,-512.0,0.0,0,329.98,0.0,1,11.17,16.29,SPY201231P00329000,329.0,0,0.0,0.0,,0.0,normalDay
2020-10-30,6907.0,-676.0,0.0,0,326.54,0.0,1,11.17,17.93,SPY201231P00329000,329.0,0,0.0,0.0,,0.0,normalDay
2020-11-02,6907.0,-436.0,0.0,0,330.2,0.0,1,11.17,15.53,SPY201231P00329000,329.0,0,0.0,0.0,,0.0,normalDay
2020-11-03,6907.0,-189.0,0.0,0,336.03,0.0,1,11.17,13.06,SPY201231P00329000,329.0,0,0.0,0.0,,0.0,normalDay
2020-11-04,6907.0,223.0,0.0,0,343.54,0.0,1,11.17,8.94,SPY201231P00329000,329.0,0,0.0,0.0,,0.0,normalDay
2020-11-05,6907.0,416.0,0.0,0,350.24,0.0,1,11.17,7.01,SPY201231P00329000,329.0,0,0.0,0.0,,0.0,normalDay
2020-11-06,6907.0,500.0,0.0,0,350.16,0.0,1,11.17,6.17,SPY201231P00329000,329.0,0,0.0,0.0,,0.0,normalDay
2020-11-09,6907.0,636.0,0.0,0,354.56,0.0,1,11.17,4.81,SPY201231P00329000,329.0,0,0.0,0.0,,0.0,normalDay
2020-11-10,6907.0,652.0,0.0,0,354.04,0.0,1,11.17,4.65,SPY201231P00329000,329.0,0,0.0,0.0,,0.0,normalDay
2020-11-11,6907.0,725.0,0.0,0,356.67,0.0,1,11.17,3.92,SPY201231P00329000,329.0,0,0.0,0.0,,0.0,normalDay
2020-11-12,6907.0,634.0,0.0,0,353.21,0.0,1,11.17,4.83,SPY201231P00329000,329.0,0,0.0,0.0,,0.0,normalDay
2020-11-13,6907.0,754.0,0.0,0,358.1,0.0,1,11.17,3.63,SPY201231P00329000,329.0,0,0.0,0.0,,0.0,normalDay
2020-11-16,6907.0,836.0,0.0,0,362.57,0.0,1,11.17,2.81,SPY201231P00329000,329.0,0,0.0,0.0,,0.0,normalDay
2020-11-17,6907.0,827.0,0.0,0,360.62,0.0,1,11.17,2.9,SPY201231P00329000,329.0,0,0.0,0.0,,0.0,normalDay
2020-11-18,6907.0,774.0,0.0,0,356.28,0.0,1,11.17,3.43,SPY201231P00329000,329.0,0,0.0,0.0,,0.0,normalDay
2020-11-19,6907.0,818.0,0.0,0,357.78,0.0,1,11.17,2.99,SPY201231P00329000,329.0,0,0.0,0.0,,0.0,normalDay
2020-11-20,6907.0,779.0,0.0,0,355.33,0.0,1,11.17,3.38,SPY201231P00329000,329.0,0,0.0,0.0,,0.0,normalDay
2020-11-23,6907.0,848.0,0.0,0,357.46,0.0,1,11.17,2.69,SPY201231P00329000,329.0,0,0.0,0.0,,0.0,normalDay
2020-11-24,6907.0,926.0,0.0,0,363.22,0.0,1,11.17,1.91,SPY201231P00329000,329.0,0,0.0,0.0,,0.0,normalDay
2020-11-25,6907.0,934.0,0.0,0,362.66,0.0,1,11.17,1.83,SPY201231P00329000,329.0,0,0.0,0.0,,0.0,normalDay
2020-11-27,6907.0,964.0,0.0,0,363.67,0.0,1,11.17,1.53,SPY201231P00329000,329.0,0,0.0,0.0,,0.0,normalDay
2020-11-30,6907.0,981.0,0.0,0,362.06,0.0,1,11.17,1.36,SPY201231P00329000,329.0,0,0.0,0.0,,0.0,normalDay
2020-12-01,6907.0,998.0,0.0,0,366.02,0.0,1,11.17,1.19,SPY201231P00329000,329.0,0,0.0,0.0,,0.0,normalDay
2020-12-02,6907.0,1006.0,0.0,0,366.79,0.0,1,11.17,1.11,SPY201231P00329000,329.0,0,0.0,0.0,,0.0,normalDay
2020-12-03,6907.0,1005.0,0.0,0,366.69,0.0,1,11.17,1.12,SPY201231P00329000,329.0,0,0.0,0.0,,0.0,normalDay
2020-12-04,6907.0,1035.0,0.0,0,369.85,0.0,1,11.17,0.82,SPY201231P00329000,329.0,0,0.0,0.0,,0.0,normalDay
2020-12-07,6907.0,1045.0,0.0,0,369.09,0.0,1,11.17,0.72,SPY201231P00329000,329.0,0,0.0,0.0,,0.0,normalDay
2020-12-08,6907.0,1061.0,0.0,0,370.17,0.0,1,11.17,0.56,SPY201231P00329000,329.0,0,0.0,0.0,,0.0,normalDay
2020-12-09,6907.0,1040.0,0.0,0,366.85,0.0,1,11.17,0.77,SPY201231P00329000,329.0,0,0.0,0.0,,0.0,normalDay
2020-12-10,6907.0,1043.0,0.0,0,366.73,0.0,1,11.17,0.74,SPY201231P00329000,329.0,0,0.0,0.0,,0.0,normalDay
2020-12-11,6907.0,1040.0,0.0,0,366.3,0.0,1,11.17,0.77,SPY201231P00329000,329.0,0,0.0,0.0,,0.0,normalDay
2020-12-14,6907.0,1031.0,0.0,0,364.66,0.0,1,11.17,0.86,SPY201231P00329000,329.0,0,0.0,0.0,,0.0,normalDay
2020-12-15,6907.0,1064.0,0.0,0,369.59,0.0,1,11.17,0.53,SPY201231P00329000,329.0,0,0.0,0.0,,0.0,normalDay
2020-12-16,6907.0,1076.0,0.0,0,370.17,0.0,1,11.17,0.41,SPY201231P00329000,329.0,0,0.0,0.0,,0.0,normalDay
2020-12-17,6907.0,1084.0,0.0,0,372.24,0.0,1,11.17,0.33,SPY201231P00329000,329.0,0,0.0,0.0,,0.0,normalDay
2020-12-18,6907.0,1095.0,0.0,0,369.18,0.0,1,11.17,0.22,SPY201231P00329000,329.0,0,0.0,0.0,,0.0,normalDay
2020-12-21,6907.0,1090.0,0.0,0,367.86,0.0,1,11.17,0.27,SPY201231P00329000,329.0,0,0.0,0.0,,0.0,normalDay
2020-12-22,6907.0,1097.0,0.0,0,367.24,0.0,1,11.17,0.2,SPY201231P00329000,329.0,0,0.0,0.0,,0.0,normalDay
2020-12-23,6907.0,1103.0,0.0,0,367.57,0.0,1,11.17,0.14,SPY201231P00329000,329.0,0,0.0,0.0,,0.0,normalDay
2020-12-24,6907.0,1112.0,0.0,0,369.0,0.0,1,11.17,0.05,SPY201231P00329000,329.0,0,0.0,0.0,,0.0,normalDay
2020-12-28,6907.0,1115.0,0.0,0,372.17,0.0,1,11.17,0.02,SPY201231P00329000,329.0,0,0.0,0.0,,0.0,normalDay
2020-12-29,6907.0,1115.0,0.0,0,371.46,0.0,1,11.17,0.02,SPY201231P00329000,329.0,0,0.0,0.0,,0.0,normalDay
2020-12-30,6907.0,1116.0,0.0,0,371.99,0.0,1,11.17,0.01,SPY201231P00329000,329.0,0,0.0,0.0,,0.0,normalDay
2020-12-31,8024.0,0.0,1117.0,0,373.88,0.0,1,11.17,0.0,SPY201231P00329000,329.0,0,0.0,0.0,,0.0,expirationDay
2021-01-04,8024.0,-11.0,0.0,0,368.79,0.0,1,15.0,15.11,SPY210331P00367000,367.0,0,0.0,0.0,,0.0,normalDay
2021-01-05,8024.0,133.0,0.0,0,371.33,0.0,1,15.0,13.67,SPY210331P00367000,367.0,0,0.0,0.0,,0.0,normalDay
2021-01-06,8024.0,202.0,0.0,0,373.55,0.0,1,15.0,12.98,SPY210331P00367000,367.0,0,0.0,0.0,,0.0,normalDay
2021-01-07,8024.0,464.0,0.0,0,379.1,0.0,1,15.0,10.36,SPY210331P00367000,367.0,0,0.0,0.0,,0.0,normalDay
2021-01-08,8024.0,550.0,0.0,0,381.26,0.0,1,15.0,9.5,SPY210331P00367000,367.0,0,0.0,0.0,,0.0,normalDay
2021-01-11,8024.0,415.0,0.0,0,378.69,0.0,1,15.0,10.85,SPY210331P00367000,367.0,0,0.0,0.0,,0.0,normalDay
2021-01-12,8024.0,452.0,0.0,0,378.77,0.0,1,15.0,10.48,SPY210331P00367000,367.0,0,0.0,0.0,,0.0,normalDay
2021-01-13,8024.0,531.0,0.0,0,379.79,0.0,1,15.0,9.69,SPY210331P00367000,367.0,0,0.0,0.0,,0.0,normalDay
2021-01-14,8024.0,471.0,0.0,0,378.46,0.0,1,15.0,10.29,SPY210331P00367000,367.0,0,0.0,0.0,,0.0,normalDay
2021-01-15,8024.0,330.0,0.0,0,375.7,0.0,1,15.0,11.7,SPY210331P00367000,367.0,0,0.0,0.0,,0.0,normalDay
2021-01-19,8024.0,503.0,0.0,0,378.65,0.0,1,15.0,9.97,SPY210331P00367000,367.0,0,0.0,0.0,,0.0,normalDay
2021-01-20,8024.0,686.0,0.0,0,383.89,0.0,1,15.0,8.14,SPY210331P00367000,367.0,0,0.0,0.0,,0.0,normalDay
2021-01-21,8024.0,710.0,0.0,0,384.24,0.0,1,15.0,7.9,SPY210331P00367000,367.0,0,0.0,0.0,,0.0,normalDay
2021-01-22,8024.0,672.0,0.0,0,382.88,0.0,1,15.0,8.28,SPY210331P00367000,367.0,0,0.0,0.0,,0.0,normalDay
2021-01-25,8024.0,687.0,0.0,0,384.39,0.0,1,15.0,8.13,SPY210331P00367000,367.0,0,0.0,0.0,,0.0,normalDay
2021-01-26,8024.0,692.0,0.0,0,383.79,0.0,1,15.0,8.08,SPY210331P00367000,367.0,0,0.0,0.0,,0.0,normalDay
2021-01-27,8024.0,97.0,0.0,0,374.41,0.0,1,15.0,14.03,SPY210331P00367000,367.0,0,0.0,0.0,,0.0,normalDay
2021-01-28,8024.0,337.0,0.0,0,377.63,0.0,1,15.0,11.63,SPY210331P00367000,367.0,0,0.0,0.0,,0.0,normalDay
2021-01-29,8024.0,-82.0,0.0,0,370.07,0.0,1,15.0,15.82,SPY210331P00367000,367.0,0,0.0,0.0,,0.0,normalDay
2021-02-01,8024.0,299.0,0.0,0,376.23,0.0,1,15.0,12.01,SPY210331P00367000,367.0,0,0.0,0.0,,0.0,normalDay
2021-02-02,8024.0,638.0,0.0,0,381.55,0.0,1,15.0,8.62,SPY210331P00367000,367.0,0,0.0,0.0,,0.0,normalDay
2021-02-03,8024.0,721.0,0.0,0,381.85,0.0,1,15.0,7.79,SPY210331P00367000,367.0,0,0.0,0.0,,0.0,normalDay
2021-02-04,8024.0,857.0,0.0,0,386.19,0.0,1,15.0,6.43,SPY210331P00367000,367.0,0,0.0,0.0,,0.0,normalDay
2021-02-05,8024.0,912.0,0.0,0,387.71,0.0,1,15.0,5.88,SPY210331P00367000,367.0,0,0.0,0.0,,0.0,normalDay
2021-02-08,8024.0,984.0,0.0,0,390.51,0.0,1,15.0,5.16,SPY210331P00367000,367.0,0,0.0,0.0,,0.0,normalDay
2021-02-09,8024.0,988.0,0.0,0,390.25,0.0,1,15.0,5.12,SPY210331P00367000,367.0,0,0.0,0.0,,0.0,normalDay
2021-02-10,8024.0,980.0,0.0,0,390.08,0.0,1,15.0,5.2,SPY210331P00367000,367.0,0,0.0,0.0,,0.0,normalDay
2021-02-11,8024.0,1016.0,0.0,0,390.71,0.0,1,15.0,4.84,SPY210331P00367000,367.0,0,0.0,0.0,,0.0,normalDay
2021-02-12,8024.0,1095.0,0.0,0,392.64,0.0,1,15.0,4.05,SPY210331P00367000,367.0,0,0.0,0.0,,0.0,normalDay
2021-02-16,8024.0,1097.0,0.0,0,392.3,0.0,1,15.0,4.03,SPY210331P00367000,367.0,0,0.0,0.0,,0.0,normalDay
2021-02-17,8024.0,1116.0,0.0,0,392.39,0.0,1,15.0,3.84,SPY210331P00367000,367.0,0,0.0,0.0,,0.0,normalDay
2021-02-18,8024.0,1078.0,0.0,0,390.72,0.0,1,15.0,4.22,SPY210331P00367000,367.0,0,0.0,0.0,,0.0,normalDay
2021-02-19,8024.0,1088.0,0.0,0,390.03,0.0,1,15.0,4.12,SPY210331P00367000,367.0,0,0.0,0.0,,0.0,normalDay
2021-02-22,8024.0,1037.0,0.0,0,387.03,0.0,1,15.0,4.63,SPY210331P00367000,367.0,0,0.0,0.0,,0.0,normalDay
2021-02-23,8024.0,1069.0,0.0,0,387.5,0.0,1,15.0,4.31,SPY210331P00367000,367.0,0,0.0,0.0,,0.0,normalDay
2021-02-24,8024.0,1187.0,0.0,0,391.77,0.0,1,15.0,3.13,SPY210331P00367000,367.0,0,0.0,0.0,,0.0,normalDay
2021-02-25,8024.0,871.0,0.0,0,382.33,0.0,1,15.0,6.29,SPY210331P00367000,367.0,0,0.0,0.0,,0.0,normalDay
2021-02-26,8024.0,858.0,0.0,0,380.36,0.0,1,15.0,6.42,SPY210331P00367000,367.0,0,0.0,0.0,,0.0,normalDay
2021-03-01,8024.0,1171.0,0.0,0,389.58,0.0,1,15.0,3.29,SPY210331P00367000,367.0,0,0.0,0.0,,0.0,normalDay
2021-03-02,8024.0,1108.0,0.0,0,386.54,0.0,1,15.0,3.92,SPY210331P00367000,367.0,0,0.0,0.0,,0.0,normalDay
2021-03-03,8024.0,976.0,0.0,0,381.42,0.0,1,15.0,5.24,SPY210331P00367000,367.0,0,0.0,0.0,,0.0,normalDay
2021-03-04,8024.0,818.0,0.0,0,376.7,0.0,1,15.0,6.82,SPY210331P00367000,367.0,0,0.0,0.0,,0.0,normalDay
2021-03-05,8024.0,1086.0,0.0,0,383.63,0.0,1,15.0,4.14,SPY210331P00367000,367.0,0,0.0,0.0,,0.0,normalDay
2021-03-08,8024.0,1055.0,0.0,0,381.72,0.0,1,15.0,4.45,SPY210331P00367000,367.0,0,0.0,0.0,,0.0,normalDay
2021-03-09,8024.0,1199.0,0.0,0,387.17,0.0,1,15.0,3.01,SPY210331P00367000,367.0,0,0.0,0.0,,0.0,normalDay
2021-03-10,8024.0,1283.0,0.0,0,389.58,0.0,1,15.0,2.17,SPY210331P00367000,367.0,0,0.0,0.0,,0.0,normalDay
2021-03-11,8024.0,1339.0,0.0,0,393.53,0.0,1,15.0,1.61,SPY210331P00367000,367.0,0,0.0,0.0,,0.0,normalDay
2021-03-12,8024.0,1386.0,0.0,0,394.06,0.0,1,15.0,1.14,SPY210331P00367000,367.0,0,0.0,0.0,,0.0,normalDay
2021-03-15,8024.0,1423.0,0.0,0,396.41,0.0,1,15.0,0.77,SPY210331P00367000,367.0,0,0.0,0.0,,0.0,normalDay
2021-03-16,8024.0,1425.0,0.0,0,395.91,0.0,1,15.0,0.75,SPY210331P00367000,367.0,0,0.0,0.0,,0.0,normalDay
2021-03-17,8024.0,1448.0,0.0,0,397.26,0.0,1,15.0,0.52,SPY210331P00367000,367.0,0,0.0,0.0,,0.0,normalDay
2021-03-18,8024.0,1413.0,0.0,0,391.48,0.0,1,15.0,0.87,SPY210331P00367000,367.0,0,0.0,0.0,,0.0,normalDay
2021-03-19,8024.0,1422.0,0.0,0,389.48,0.0,1,15.0,0.78,SPY210331P00367000,367.0,0,0.0,0.0,,0.0,normalDay
2021-03-22,8024.0,1473.0,0.0,0,392.59,0.0,1,15.0,0.27,SPY210331P00367000,367.0,0,0.0,0.0,,0.0,normalDay
2021-03-23,8024.0,1458.0,0.0,0,389.5,0.0,1,15.0,0.42,SPY210331P00367000,367.0,0,0.0,0.0,,0.0,normalDay
2021-03-24,8024.0,1459.0,0.0,0,387.52,0.0,1,15.0,0.41,SPY210331P00367000,367.0,0,0.0,0.0,,0.0,normalDay
2021-03-25,8024.0,1481.0,0.0,0,389.7,0.0,1,15.0,0.19,SPY210331P00367000,367.0,0,0.0,0.0,,0.0,normalDay
2021-03-26,8024.0,1492.0,0.0,0,395.98,0.0,1,15.0,0.08,SPY210331P00367000,367.0,0,0.0,0.0,,0.0,normalDay
2021-03-29,8024.0,1496.0,0.0,0,395.78,0.0,1,15.0,0.04,SPY210331P00367000,367.0,0,0.0,0.0,,0.0,normalDay
2021-03-30,8024.0,1498.0,0.0,0,394.73,0.0,1,15.0,0.02,SPY210331P00367000,367.0,0,0.0,0.0,,0.0,normalDay
2021-03-31,9524.0,0.0,1500.0,0,396.33,0.0,1,15.0,0.0,SPY210331P00367000,367.0,0,0.0,0.0,,0.0,expirationDay
2021-04-01,9524.0,-5.0,0.0,0,400.61,0.0,1,7.5,7.55,SPY210618P00387000,387.0,0,0.0,0.0,,0.0,normalDay
2021-04-05,9524.0,138.0,0.0,0,406.36,0.0,1,7.5,6.12,SPY210618P00387000,387.0,0,0.0,0.0,,0.0,normalDay
2021-04-06,9524.0,125.0,0.0,0,406.12,0.0,1,7.5,6.25,SPY210618P00387000,387.0,0,0.0,0.0,,0.0,normalDay
2021-04-07,9524.0,167.0,0.0,0,406.59,0.0,1,7.5,5.83,SPY210618P00387000,387.0,0,0.0,0.0,,0.0,normalDay
2021-04-08,9524.0,202.0,0.0,0,408.52,0.0,1,7.5,5.48,SPY210618P00387000,387.0,0,0.0,0.0,,0.0,normalDay
2021-04-09,9524.0,240.0,0.0,0,411.49,0.0,1,7.5,5.1,SPY210618P00387000,387.0,0,0.0,0.0,,0.0,normalDay
2021-04-12,9524.0,265.0,0.0,0,411.64,0.0,1,7.5,4.85,SPY210618P00387000,387.0,0,0.0,0.0,,0.0,normalDay
2021-04-13,9524.0,303.0,0.0,0,412.86,0.0,1,7.5,4.47,SPY210618P00387000,387.0,0,0.0,0.0,,0.0,normalDay
2021-04-14,9524.0,281.0,0.0,0,411.45,0.0,1,7.5,4.69,SPY210618P00387000,387.0,0,0.0,0.0,,0.0,normalDay
2021-04-15,9524.0,354.0,0.0,0,415.87,0.0,1,7.5,3.96,SPY210618P00387000,387.0,0,0.0,0.0,,0.0,normalDay
2021-04-16,9524.0,378.0,0.0,0,417.26,0.0,1,7.5,3.72,SPY210618P00387000,387.0,0,0.0,0.0,,0.0,normalDay
2021-04-19,9524.0,334.0,0.0,0,415.21,0.0,1,7.5,4.16,SPY210618P00387000,387.0,0,0.0,0.0,,0.0,normalDay
2021-04-20,9524.0,250.0,0.0,0,412.17,0.0,1,7.5,5.0,SPY210618P00387000,387.0,0,0.0,0.0,,0.0,normalDay
2021-04-21,9524.0,356.0,0.0,0,416.07,0.0,1,7.5,3.94,SPY210618P00387000,387.0,0,0.0,0.0,,0.0,normalDay
2021-04-22,9524.0,263.0,0.0,0,412.27,0.0,1,7.5,4.87,SPY210618P00387000,387.0,0,0.0,0.0,,0.0,normalDay
2021-04-23,9524.0,377.0,0.0,0,416.74,0.0,1,7.5,3.73,SPY210618P00387000,387.0,0,0.0,0.0,,0.0,normalDay
2021-04-26,9524.0,410.0,0.0,0,417.61,0.0,1,7.5,3.4,SPY210618P00387000,387.0,0,0.0,0.0,,0.0,normalDay
2021-04-27,9524.0,420.0,0.0,0,417.52,0.0,1,7.5,3.3,SPY210618P00387000,387.0,0,0.0,0.0,,0.0,normalDay
2021-04-28,9524.0,442.0,0.0,0,417.4,0.0,1,7.5,3.08,SPY210618P00387000,387.0,0,0.0,0.0,,0.0,normalDay
2021-04-29,9524.0,462.0,0.0,0,420.06,0.0,1,7.5,2.88,SPY210618P00387000,387.0,0,0.0,0.0,,0.0,normalDay
2021-04-30,9524.0,421.0,0.0,0,417.3,0.0,1,7.5,3.29,SPY210618P00387000,387.0,0,0.0,0.0,,0.0,normalDay
2021-05-03,9524.0,457.0,0.0,0,418.2,0.0,1,7.5,2.93,SPY210618P00387000,387.0,0,0.0,0.0,,0.0,normalDay
2021-05-04,9524.0,401.0,0.0,0,415.62,0.0,1,7.5,3.49,SPY210618P00387000,387.0,0,0.0,0.0,,0.0,normalDay
2021-05-05,9524.0,420.0,0.0,0,415.75,0.0,1,7.5,3.3,SPY210618P00387000,387.0,0,0.0,0.0,,0.0,normalDay
2021-05-06,9524.0,485.0,0.0,0,419.07,0.0,1,7.5,2.65,SPY210618P00387000,387.0,0,0.0,0.0,,0.0,normalDay
2021-05-07,9524.0,548.0,0.0,0,422.12,0.0,1,7.5,2.02,SPY210618P00387000,387.0,0,0.0,0.0,,0.0,normalDay
2021-05-10,9524.0,475.0,0.0,0,417.94,0.0,1,7.5,2.75,SPY210618P00387000,387.0,0,0.0,0.0,,0.0,normalDay
2021-05-11,9524.0,394.0,0.0,0,414.21,0.0,1,7.5,3.56,SPY210618P00387000,387.0,0,0.0,0.0,,0.0,normalDay
2021-05-12,9524.0,100.0,0.0,0,405.41,0.0,1,7.5,6.5,SPY210618P00387000,387.0,0,0.0,0.0,,0.0,normalDay
2021-05-13,9524.0,309.0,0.0,0,410.28,0.0,1,7.5,4.41,SPY210618P00387000,387.0,0,0.0,0.0,,0.0,normalDay
2021-05-14,9524.0,514.0,0.0,0,416.58,0.0,1,7.5,2.36,SPY210618P00387000,387.0,0,0.0,0.0,,0.0,normalDay
2021-05-17,9524.0,504.0,0.0,0,415.52,0.0,1,7.5,2.46,SPY210618P00387000,387.0,0,0.0,0.0,,0.0,normalDay
2021-05-18,9524.0,438.0,0.0,0,411.94,0.0,1,7.5,3.12,SPY210618P00387000,387.0,0,0.0,0.0,,0.0,normalDay
2021-05-19,9524.0,423.0,0.0,0,410.86,0.0,1,7.5,3.27,SPY210618P00387000,387.0,0,0.0,0.0,,0.0,normalDay
2021-05-20,9524.0,511.0,0.0,0,415.28,0.0,1,7.5,2.39,SPY210618P00387000,387.0,0,0.0,0.0,,0.0,normalDay
2021-05-21,9524.0,529.0,0.0,0,414.94,0.0,1,7.5,2.21,SPY210618P00387000,387.0,0,0.0,0.0,,0.0,normalDay
2021-05-24,9524.0,617.0,0.0,0,419.17,0.0,1,7.5,1.33,SPY210618P00387000,387.0,0,0.0,0.0,,0.0,normalDay
2021-05-25,9524.0,615.0,0.0,0,418.24,0.0,1,7.5,1.35,SPY210618P00387000,387.0,0,0.0,0.0,,0.0,normalDay
2021-05-26,9524.0,651.0,0.0,0,419.07,0.0,1,7.5,0.99,SPY210618P00387000,387.0,0,0.0,0.0,,0.0,normalDay
2021-05-27,9524.0,668.0,0.0,0,419.29,0.0,1,7.5,0.82,SPY210618P00387000,387.0,0,0.0,0.0,,0.0,normalDay
2021-05-28,9524.0,674.0,0.0,0,420.04,0.0,1,7.5,0.76,SPY210618P00387000,387.0,0,0.0,0.0,,0.0,normalDay
2021-06-01,9524.0,679.0,0.0,0,419.67,0.0,1,7.5,0.71,SPY210618P00387000,387.0,0,0.0,0.0,,0.0,normalDay
2021-06-02,9524.0,696.0,0.0,0,420.33,0.0,1,7.5,0.54,SPY210618P00387000,387.0,0,0.0,0.0,,0.0,normalDay
2021-06-03,9524.0,695.0,0.0,0,418.77,0.0,1,7.5,0.55,SPY210618P00387000,387.0,0,0.0,0.0,,0.0,normalDay
2021-06-04,9524.0,719.0,0.0,0,422.6,0.0,1,7.5,0.31,SPY210618P00387000,387.0,0,0.0,0.0,,0.0,normalDay
2021-06-07,9524.0,727.0,0.0,0,422.19,0.0,1,7.5,0.23,SPY210618P00387000,387.0,0,0.0,0.0,,0.0,normalDay
2021-06-08,9524.0,724.0,0.0,0,422.28,0.0,1,7.5,0.26,SPY210618P00387000,387.0,0,0.0,0.0,,0.0,normalDay
2021-06-09,9524.0,719.0,0.0,0,421.65,0.0,1,7.5,0.31,SPY210618P00387000,387.0,0,0.0,0.0,,0.0,normalDay
2021-06-10,9524.0,733.0,0.0,0,423.61,0.0,1,7.5,0.17,SPY210618P00387000,387.0,0,0.0,0.0,,0.0,normalDay
2021-06-11,9524.0,737.0,0.0,0,424.31,0.0,1,7.5,0.13,SPY210618P00387000,387.0,0,0.0,0.0,,0.0,normalDay
2021-06-14,9524.0,742.0,0.0,0,425.26,0.0,1,7.5,0.08,SPY210618P00387000,387.0,0,0.0,0.0,,0.0,normalDay
2021-06-15,9524.0,741.0,0.0,0,424.48,0.0,1,7.5,0.09,SPY210618P00387000,387.0,0,0.0,0.0,,0.0,normalDay
2021-06-16,9524.0,737.0,0.0,0,422.11,0.0,1,7.5,0.13,SPY210618P00387000,387.0,0,0.0,0.0,,0.0,normalDay
2021-06-17,9524.0,745.0,0.0,0,421.97,0.0,1,7.5,0.05,SPY210618P00387000,387.0,0,0.0,0.0,,0.0,normalDay
2021-06-18,10274.0,0.0,750.0,0,414.92,0.0,1,7.5,0.0,SPY210618P00387000,387.0,0,0.0,0.0,,0.0,expirationDay
2021-06-21,10274.0,-4.0,0.0,0,420.86,0.0,1,8.59,8.63,SPY210820P00418000,418.0,0,0.0,0.0,,0.0,normalDay
2021-06-22,10274.0,111.0,0.0,0,423.11,0.0,1,8.59,7.48,SPY210820P00418000,418.0,0,0.0,0.0,,0.0,normalDay
2021-06-23,10274.0,132.0,0.0,0,422.6,0.0,1,8.59,7.27,SPY210820P00418000,418.0,0,0.0,0.0,,0.0,normalDay
2021-06-24,10274.0,222.0,0.0,0,425.1,0.0,1,8.59,6.37,SPY210820P00418000,418.0,0,0.0,0.0,,0.0,normalDay
2021-06-25,10274.0,291.0,0.0,0,426.61,0.0,1,8.59,5.68,SPY210820P00418000,418.0,0,0.0,0.0,,0.0,normalDay
2021-06-28,10274.0,328.0,0.0,0,427.47,0.0,1,8.59,5.31,SPY210820P00418000,418.0,0,0.0,0.0,,0.0,normalDay
2021-06-29,10274.0,339.0,0.0,0,427.7,0.0,1,8.59,5.2,SPY210820P00418000,418.0,0,0.0,0.0,,0.0,normalDay
2021-06-30,10274.0,362.0,0.0,0,428.06,0.0,1,8.59,4.97,SPY210820P00418000,418.0,0,0.0,0.0,,0.0,normalDay
2021-07-01,10274.0,408.0,0.0,0,430.43,0.0,1,8.59,4.51,SPY210820P00418000,418.0,0,0.0,0.0,,0.0,normalDay
2021-07-02,10274.0,475.0,0.0,0,433.72,0.0,1,8.59,3.84,SPY210820P00418000,418.0,0,0.0,0.0,,0.0,normalDay
2021-07-06,10274.0,449.0,0.0,0,432.93,0.0,1,8.59,4.1,SPY210820P00418000,418.0,0,0.0,0.0,,0.0,normalDay
2021-07-07,10274.0,478.0,0.0,0,434.46,0.0,1,8.59,3.81,SPY210820P00418000,418.0,0,0.0,0.0,,0.0,normalDay
2021-07-08,10274.0,342.0,0.0,0,430.92,0.0,1,8.59,5.17,SPY210820P00418000,418.0,0,0.0,0.0,,0.0,normalDay
2021-07-09,10274.0,514.0,0.0,0,435.52,0.0,1,8.59,3.45,SPY210820P00418000,418.0,0,0.0,0.0,,0.0,normalDay
2021-07-12,10274.0,556.0,0.0,0,437.08,0.0,1,8.59,3.03,SPY210820P00418000,418.0,0,0.0,0.0,,0.0,normalDay
2021-07-13,10274.0,504.0,0.0,0,435.59,0.0,1,8.59,3.55,SPY210820P00418000,418.0,0,0.0,0.0,,0.0,normalDay
2021-07-14,10274.0,552.0,0.0,0,436.24,0.0,1,8.59,3.07,SPY210820P00418000,418.0,0,0.0,0.0,,0.0,normalDay
2021-07-15,10274.0,515.0,0.0,0,434.75,0.0,1,8.59,3.44,SPY210820P00418000,418.0,0,0.0,0.0,,0.0,normalDay
2021-07-16,10274.0,429.0,0.0,0,431.34,0.0,1,8.59,4.3,SPY210820P00418000,418.0,0,0.0,0.0,,0.0,normalDay
2021-07-19,10274.0,197.0,0.0,0,424.97,0.0,1,8.59,6.62,SPY210820P00418000,418.0,0,0.0,0.0,,0.0,normalDay
2021-07-20,10274.0,419.0,0.0,0,431.06,0.0,1,8.59,4.4,SPY210820P00418000,418.0,0,0.0,0.0,,0.0,normalDay
2021-07-21,10274.0,552.0,0.0,0,434.55,0.0,1,8.59,3.07,SPY210820P00418000,418.0,0,0.0,0.0,,0.0,normalDay
2021-07-22,10274.0,578.0,0.0,0,435.46,0.0,1,8.59,2.81,SPY210820P00418000,418.0,0,0.0,0.0,,0.0,normalDay
2021-07-23,10274.0,651.0,0.0,0,439.94,0.0,1,8.59,2.08,SPY210820P00418000,418.0,0,0.0,0.0,,0.0,normalDay
2021-07-26,10274.0,686.0,0.0,0,441.02,0.0,1,8.59,1.73,SPY210820P00418000,418.0,0,0.0,0.0,,0.0,normalDay
2021-07-27,10274.0,631.0,0.0,0,439.01,0.0,1,8.59,2.28,SPY210820P00418000,418.0,0,0.0,0.0,,0.0,normalDay
2021-07-28,10274.0,666.0,0.0,0,438.83,0.0,1,8.59,1.93,SPY210820P00418000,418.0,0,0.0,0.0,,0.0,normalDay
2021-07-29,10274.0,712.0,0.0,0,440.65,0.0,1,8.59,1.47,SPY210820P00418000,418.0,0,0.0,0.0,,0.0,normalDay
2021-07-30,10274.0,692.0,0.0,0,438.51,0.0,1,8.59,1.67,SPY210820P00418000,418.0,0,0.0,0.0,,0.0,normalDay
2021-08-02,10274.0,687.0,0.0,0,437.59,0.0,1,8.59,1.72,SPY210820P00418000,418.0,0,0.0,0.0,,0.0,normalDay
2021-08-03,10274.0,757.0,0.0,0,441.15,0.0,1,8.59,1.02,SPY210820P00418000,418.0,0,0.0,0.0,,0.0,normalDay
2021-08-04,10274.0,754.0,0.0,0,438.98,0.0,1,8.59,1.05,SPY210820P00418000,418.0,0,0.0,0.0,,0.0,normalDay
2021-08-05,10274.0,785.0,0.0,0,441.76,0.0,1,8.59,0.74,SPY210820P00418000,418.0,0,0.0,0.0,,0.0,normalDay
2021-08-06,10274.0,816.0,0.0,0,442.49,0.0,1,8.59,0.43,SPY210820P00418000,418.0,0,0.0,0.0,,0.0,normalDay
2021-08-09,10274.0,822.0,0.0,0,442.13,0.0,1,8.59,0.37,SPY210820P00418000,418.0,0,0.0,0.0,,0.0,normalDay
2021-08-10,10274.0,823.0,0.0,0,442.68,0.0,1,8.59,0.36,SPY210820P00418000,418.0,0,0.0,0.0,,0.0,normalDay
2021-08-11,10274.0,840.0,0.0,0,443.78,0.0,1,8.59,0.19,SPY210820P00418000,418.0,0,0.0,0.0,,0.0,normalDay
2021-08-12,10274.0,844.0,0.0,0,445.11,0.0,1,8.59,0.15,SPY210820P00418000,418.0,0,0.0,0.0,,0.0,normalDay
2021-08-13,10274.0,847.0,0.0,0,445.92,0.0,1,8.59,0.12,SPY210820P00418000,418.0,0,0.0,0.0,,0.0,normalDay
2021-08-16,10274.0,851.0,0.0,0,446.97,0.0,1,8.59,0.08,SPY210820P00418000,418.0,0,0.0,0.0,,0.0,normalDay
2021-08-17,10274.0,848.0,0.0,0,444.04,0.0,1,8.59,0.11,SPY210820P00418000,418.0,0,0.0,0.0,,0.0,normalDay
2021-08-18,10274.0,832.0,0.0,0,439.18,0.0,1,8.59,0.27,SPY210820P00418000,418.0,0,0.0,0.0,,0.0,normalDay
2021-08-19,10274.0,852.0,0.0,0,439.86,0.0,1,8.59,0.07,SPY210820P00418000,418.0,0,0.0,0.0,,0.0,normalDay
2021-08-20,11133.0,0.0,859.0,0,443.36,0.0,1,8.59,0.0,SPY210820P00418000,418.0,0,0.0,0.0,,0.0,expirationDay
2021-08-23,11133.0,-5.0,0.0,0,447.26,0.0,1,7.16,7.21,SPY211015P00439000,439.0,0,0.0,0.0,,0.0,normalDay
2021-08-24,11133.0,18.0,0.0,0,447.97,0.0,1,7.16,6.98,SPY211015P00439000,439.0,0,0.0,0.0,,0.0,normalDay
2021-08-25,11133.0,77.0,0.0,0,448.91,0.0,1,7.16,6.39,SPY211015P00439000,439.0,0,0.0,0.0,,0.0,normalDay
2021-08-26,11133.0,-46.0,0.0,0,446.26,0.0,1,7.16,7.62,SPY211015P00439000,439.0,0,0.0,0.0,,0.0,normalDay
2021-08-27,11133.0,141.0,0.0,0,450.25,0.0,1,7.16,5.75,SPY211015P00439000,439.0,0,0.0,0.0,,0.0,normalDay
2021-08-30,11133.0,206.0,0.0,0,452.23,0.0,1,7.16,5.1,SPY211015P00439000,439.0,0,0.0,0.0,,0.0,normalDay
2021-08-31,11133.0,208.0,0.0,0,451.56,0.0,1,7.16,5.08,SPY211015P00439000,439.0,0,0.0,0.0,,0.0,normalDay
2021-09-01,11133.0,236.0,0.0,0,451.8,0.0,1,7.16,4.8,SPY211015P00439000,439.0,0,0.0,0.0,,0.0,normalDay
2021-09-02,11133.0,268.0,0.0,0,453.19,0.0,1,7.16,4.48,SPY211015P00439000,439.0,0,0.0,0.0,,0.0,normalDay
2021-09-03,11133.0,271.0,0.0,0,453.08,0.0,1,7.16,4.45,SPY211015P00439000,439.0,0,0.0,0.0,,0.0,normalDay
2021-09-07,11133.0,227.0,0.0,0,451.46,0.0,1,7.16,4.89,SPY211015P00439000,439.0,0,0.0,0.0,,0.0,normalDay
2021-09-08,11133.0,226.0,0.0,0,450.91,0.0,1,7.16,4.9,SPY211015P00439000,439.0,0,0.0,0.0,,0.0,normalDay
2021-09-09,11133.0,151.0,0.0,0,448.98,0.0,1,7.16,5.65,SPY211015P00439000,439.0,0,0.0,0.0,,0.0,normalDay
2021-09-10,11133.0,35.0,0.0,0,445.44,0.0,1,7.16,6.81,SPY211015P00439000,439.0,0,0.0,0.0,,0.0,normalDay
2021-09-13,11133.0,146.0,0.0,0,446.58,0.0,1,7.16,5.7,SPY211015P00439000,439.0,0,0.0,0.0,,0.0,normalDay
2021-09-14,11133.0,68.0,0.0,0,444.17,0.0,1,7.16,6.48,SPY211015P00439000,439.0,0,0.0,0.0,,0.0,normalDay
2021-09-15,11133.0,237.0,0.0,0,447.88,0.0,1,7.16,4.79,SPY211015P00439000,439.0,0,0.0,0.0,,0.0,normalDay
2021-09-16,11133.0,209.0,0.0,0,447.17,0.0,1,7.16,5.07,SPY211015P00439000,439.0,0,0.0,0.0,,0.0,normalDay
2021-09-17,11133.0,14.0,0.0,0,441.4,0.0,1,7.16,7.02,SPY211015P00439000,439.0,0,0.0,0.0,,0.0,normalDay
2021-09-20,11133.0,-387.0,0.0,0,434.04,0.0,1,7.16,11.03,SPY211015P00439000,439.0,0,0.0,0.0,,0.0,normalDay
2021-09-21,11133.0,-379.0,0.0,0,433.63,0.0,1,7.16,10.95,SPY211015P00439000,439.0,0,0.0,0.0,,0.0,normalDay
2021-09-22,11133.0,-37.0,0.0,0,437.86,0.0,1,7.16,7.53,SPY211015P00439000,439.0,0,0.0,0.0,,0.0,normalDay
2021-09-23,11133.0,239.0,0.0,0,443.18,0.0,1,7.16,4.77,SPY211015P00439000,439.0,0,0.0,0.0,,0.0,normalDay
2021-09-24,11133.0,306.0,0.0,0,443.91,0.0,1,7.16,4.1,SPY211015P00439000,439.0,0,0.0,0.0,,0.0,normalDay
2021-09-27,11133.0,278.0,0.0,0,442.64,0.0,1,7.16,4.38,SPY211015P00439000,439.0,0,0.0,0.0,,0.0,normalDay
2021-09-28,11133.0,-206.0,0.0,0,433.72,0.0,1,7.16,9.22,SPY211015P00439000,439.0,0,0.0,0.0,,0.0,normalDay
2021-09-29,11133.0,-132.0,0.0,0,434.45,0.0,1,7.16,8.48,SPY211015P00439000,439.0,0,0.0,0.0,,0.0,normalDay
2021-09-30,11133.0,-429.0,0.0,0,429.14,0.0,1,7.16,11.45,SPY211015P00439000,439.0,0,0.0,0.0,,0.0,normalDay
2021-10-01,11133.0,-74.0,0.0,0,434.24,0.0,1,7.16,7.9,SPY211015P00439000,439.0,0,0.0,0.0,,0.0,normalDay
2021-10-04,11133.0,-452.0,0.0,0,428.64,0.0,1,7.16,11.68,SPY211015P00439000,439.0,0,0.0,0.0,,0.0,normalDay
2021-10-05,11133.0,-92.0,0.0,0,433.1,0.0,1,7.16,8.08,SPY211015P00439000,439.0,0,0.0,0.0,,0.0,normalDay
2021-10-06,11133.0,21.0,0.0,0,434.9,0.0,1,7.16,6.95,SPY211015P00439000,439.0,0,0.0,0.0,,0.0,normalDay
2021-10-07,11133.0,299.0,0.0,0,438.66,0.0,1,7.16,4.17,SPY211015P00439000,439.0,0,0.0,0.0,,0.0,normalDay
2021-10-08,11133.0,282.0,0.0,0,437.86,0.0,1,7.16,4.34,SPY211015P00439000,439.0,0,0.0,0.0,,0.0,normalDay
2021-10-11,11133.0,127.0,0.0,0,434.69,0.0,1,7.16,5.89,SPY211015P00439000,439.0,0,0.0,0.0,,0.0,normalDay
2021-10-12,11133.0,30.0,0.0,0,433.62,0.0,1,7.16,6.86,SPY211015P00439000,439.0,0,0.0,0.0,,0.0,normalDay
2021-10-13,11133.0,272.0,0.0,0,435.18,0.0,1,7.16,4.44,SPY211015P00439000,439.0,0,0.0,0.0,,0.0,normalDay
2021-10-14,11133.0,678.0,0.0,0,442.5,0.0,1,7.16,0.38,SPY211015P00439000,439.0,0,0.0,0.0,,0.0,normalDay
2021-10-15,11849.0,0.0,716.0,0,445.87,0.0,1,7.16,0.0,SPY211015P00439000,439.0,0,0.0,0.0,,0.0,expirationDay
2021-10-18,11849.0,-5.0,0.0,0,447.19,0.0,1,7.72,7.77,SPY211231P00431000,431.0,0,0.0,0.0,,0.0,normalDay
2021-10-19,11849.0,109.0,0.0,0,450.64,0.0,1,7.72,6.63,SPY211231P00431000,431.0,0,0.0,0.0,,0.0,normalDay
2021-10-20,11849.0,136.0,0.0,0,452.41,0.0,1,7.72,6.36,SPY211231P00431000,431.0,0,0.0,0.0,,0.0,normalDay
2021-10-21,11849.0,185.0,0.0,0,453.59,0.0,1,7.72,5.87,SPY211231P00431000,431.0,0,0.0,0.0,,0.0,normalDay
2021-10-22,11849.0,148.0,0.0,0,453.12,0.0,1,7.72,6.24,SPY211231P00431000,431.0,0,0.0,0.0,,0.0,normalDay
2021-10-25,11849.0,222.0,0.0,0,455.55,0.0,1,7.72,5.5,SPY211231P00431000,431.0,0,0.0,0.0,,0.0,normalDay
2021-10-26,11849.0,228.0,0.0,0,455.96,0.0,1,7.72,5.44,SPY211231P00431000,431.0,0,0.0,0.0,,0.0,normalDay
2021-10-27,11849.0,157.0,0.0,0,453.94,0.0,1,7.72,6.15,SPY211231P00431000,431.0,0,0.0,0.0,,0.0,normalDay
2021-10-28,11849.0,253.0,0.0,0,458.32,0.0,1,7.72,5.19,SPY211231P00431000,431.0,0,0.0,0.0,,0.0,normalDay
2021-10-29,11849.0,279.0,0.0,0,459.25,0.0,1,7.72,4.93,SPY211231P00431000,431.0,0,0.0,0.0,,0.0,normalDay
2021-11-01,11849.0,312.0,0.0,0,460.04,0.0,1,7.72,4.6,SPY211231P00431000,431.0,0,0.0,0.0,,0.0,normalDay
2021-11-02,11849.0,352.0,0.0,0,461.9,0.0,1,7.72,4.2,SPY211231P00431000,431.0,0,0.0,0.0,,0.0,normalDay
2021-11-03,11849.0,421.0,0.0,0,464.72,0.0,1,7.72,3.51,SPY211231P00431000,431.0,0,0.0,0.0,,0.0,normalDay
2021-11-04,11849.0,449.0,0.0,0,466.91,0.0,1,7.72,3.23,SPY211231P00431000,431.0,0,0.0,0.0,,0.0,normalDay
2021-11-05,11849.0,446.0,0.0,0,468.53,0.0,1,7.72,3.26,SPY211231P00431000,431.0,0,0.0,0.0,,0.0,normalDay
2021-11-08,11849.0,446.0,0.0,0,468.93,0.0,1,7.72,3.26,SPY211231P00431000,431.0,0,0.0,0.0,,0.0,normalDay
2021-11-09,11849.0,428.0,0.0,0,467.38,0.0,1,7.72,3.44,SPY211231P00431000,431.0,0,0.0,0.0,,0.0,normalDay
2021-11-10,11849.0,375.0,0.0,0,463.62,0.0,1,7.72,3.97,SPY211231P00431000,431.0,0,0.0,0.0,,0.0,normalDay
2021-11-11,11849.0,424.0,0.0,0,463.77,0.0,1,7.72,3.48,SPY211231P00431000,431.0,0,0.0,0.0,,0.0,normalDay
2021-11-12,11849.0,493.0,0.0,0,467.27,0.0,1,7.72,2.79,SPY211231P00431000,431.0,0,0.0,0.0,,0.0,normalDay
2021-11-15,11849.0,507.0,0.0,0,467.43,0.0,1,7.72,2.65,SPY211231P00431000,431.0,0,0.0,0.0,,0.0,normalDay
2021-11-16,11849.0,532.0,0.0,0,469.28,0.0,1,7.72,2.4,SPY211231P00431000,431.0,0,0.0,0.0,,0.0,normalDay
2021-11-17,11849.0,512.0,0.0,0,468.14,0.0,1,7.72,2.6,SPY211231P00431000,431.0,0,0.0,0.0,,0.0,normalDay
2021-11-18,11849.0,525.0,0.0,0,469.73,0.0,1,7.72,2.47,SPY211231P00431000,431.0,0,0.0,0.0,,0.0,normalDay
2021-11-19,11849.0,517.0,0.0,0,468.89,0.0,1,7.72,2.55,SPY211231P00431000,431.0,0,0.0,0.0,,0.0,normalDay
2021-11-22,11849.0,501.0,0.0,0,467.57,0.0,1,7.72,2.71,SPY211231P00431000,431.0,0,0.0,0.0,,0.0,normalDay
2021-11-23,11849.0,521.0,0.0,0,468.19,0.0,1,7.72,2.51,SPY211231P00431000,431.0,0,0.0,0.0,,0.0,normalDay
2021-11-24,11849.0,555.0,0.0,0,469.44,0.0,1,7.72,2.17,SPY211231P00431000,431.0,0,0.0,0.0,,0.0,normalDay
2021-11-26,11849.0,91.0,0.0,0,458.97,0.0,1,7.72,6.81,SPY211231P00431000,431.0,0,0.0,0.0,,0.0,normalDay
2021-11-29,11849.0,453.0,0.0,0,464.6,0.0,1,7.72,3.19,SPY211231P00431000,431.0,0,0.0,0.0,,0.0,normalDay
2021-11-30,11849.0,273.0,0.0,0,455.56,0.0,1,7.72,4.99,SPY211231P00431000,431.0,0,0.0,0.0,,0.0,normalDay
2021-12-01,11849.0,19.0,0.0,0,450.5,0.0,1,7.72,7.53,SPY211231P00431000,431.0,0,0.0,0.0,,0.0,normalDay
2021-12-02,11849.0,264.0,0.0,0,457.4,0.0,1,7.72,5.08,SPY211231P00431000,431.0,0,0.0,0.0,,0.0,normalDay
2021-12-03,11849.0,147.0,0.0,0,453.42,0.0,1,7.72,6.25,SPY211231P00431000,431.0,0,0.0,0.0,,0.0,normalDay
2021-12-06,11849.0,368.0,0.0,0,458.79,0.0,1,7.72,4.04,SPY211231P00431000,431.0,0,0.0,0.0,,0.0,normalDay
2021-12-07,11849.0,588.0,0.0,0,468.28,0.0,1,7.72,1.84,SPY211231P00431000,431.0,0,0.0,0.0,,0.0,normalDay
2021-12-08,11849.0,649.0,0.0,0,469.52,0.0,1,7.72,1.23,SPY211231P00431000,431.0,0,0.0,0.0,,0.0,normalDay
2021-12-09,11849.0,609.0,0.0,0,466.35,0.0,1,7.72,1.63,SPY211231P00431000,431.0,0,0.0,0.0,,0.0,normalDay
2021-12-10,11849.0,682.0,0.0,0,470.74,0.0,1,7.72,0.9,SPY211231P00431000,431.0,0,0.0,0.0,,0.0,normalDay
2021-12-13,11849.0,670.0,0.0,0,466.57,0.0,1,7.72,1.02,SPY211231P00431000,431.0,0,0.0,0.0,,0.0,normalDay
2021-12-14,11849.0,642.0,0.0,0,463.36,0.0,1,7.72,1.3,SPY211231P00431000,431.0,0,0.0,0.0,,0.0,normalDay
2021-12-15,11849.0,712.0,0.0,0,470.6,0.0,1,7.72,0.6,SPY211231P00431000,431.0,0,0.0,0.0,,0.0,normalDay
2021-12-16,11849.0,691.0,0.0,0,466.45,0.0,1,7.72,0.81,SPY211231P00431000,431.0,0,0.0,0.0,,0.0,normalDay
2021-12-17,11849.0,675.0,0.0,0,459.87,0.0,1,7.72,0.97,SPY211231P00431000,431.0,0,0.0,0.0,,0.0,normalDay
2021-12-20,11849.0,660.0,0.0,0,454.98,0.0,1,7.72,1.12,SPY211231P00431000,431.0,0,0.0,0.0,,0.0,normalDay
2021-12-21,11849.0,729.0,0.0,0,463.06,0.0,1,7.72,0.43,SPY211231P00431000,431.0,0,0.0,0.0,,0.0,normalDay
2021-12-22,11849.0,759.0,0.0,0,467.69,0.0,1,7.72,0.13,SPY211231P00431000,431.0,0,0.0,0.0,,0.0,normalDay
2021-12-23,11849.0,764.0,0.0,0,470.6,0.0,1,7.72,0.08,SPY211231P00431000,431.0,0,0.0,0.0,,0.0,normalDay
2021-12-27,11849.0,769.0,0.0,0,477.26,0.0,1,7.72,0.03,SPY211231P00431000,431.0,0,0.0,0.0,,0.0,normalDay
2021-12-28,11849.0,770.0,0.0,0,476.87,0.0,1,7.72,0.02,SPY211231P00431000,431.0,0,0.0,0.0,,0.0,normalDay
2021-12-29,11849.0,771.0,0.0,0,477.48,0.0,1,7.72,0.01,SPY211231P00431000,431.0,0,0.0,0.0,,0.0,normalDay
2021-12-30,11849.0,771.0,0.0,0,476.16,0.0,1,7.72,0.01,SPY211231P00431000,431.0,0,0.0,0.0,,0.0,normalDay
2021-12-31,12621.0,0.0,772.0,0,474.96,0.0,1,7.72,0.0,SPY211231P00431000,431.0,0,0.0,0.0,,0.0,expirationDay
2022-01-03,12621.0,-6.0,0.0,0,477.71,0.0,1,10.03,10.09,SPY220331P00462000,462.0,0,0.0,0.0,,0.0,normalDay
2022-01-04,12621.0,-23.0,0.0,0,477.55,0.0,1,10.03,10.26,SPY220331P00462000,462.0,0,0.0,0.0,,0.0,normalDay
2022-01-05,12621.0,-383.0,0.0,0,468.38,0.0,1,10.03,13.86,SPY220331P00462000,462.0,0,0.0,0.0,,0.0,normalDay
2022-01-06,12621.0,-385.0,0.0,0,467.94,0.0,1,10.03,13.88,SPY220331P00462000,462.0,0,0.0,0.0,,0.0,normalDay
2022-01-07,12621.0,-376.0,0.0,0,466.09,0.0,1,10.03,13.79,SPY220331P00462000,462.0,0,0.0,0.0,,0.0,normalDay
2022-01-10,12621.0,-381.0,0.0,0,465.51,0.0,1,10.03,13.84,SPY220331P00462000,462.0,0,0.0,0.0,,0.0,normalDay
2022-01-11,12621.0,-190.0,0.0,0,469.75,0.0,1,10.03,11.93,SPY220331P00462000,462.0,0,0.0,0.0,,0.0,normalDay
2022-01-12,12621.0,-108.0,0.0,0,471.02,0.0,1,10.03,11.11,SPY220331P00462000,462.0,0,0.0,0.0,,0.0,normalDay
2022-01-13,12621.0,-452.0,0.0,0,464.53,0.0,1,10.03,14.55,SPY220331P00462000,462.0,0,0.0,0.0,,0.0,normalDay
2022-01-14,12621.0,-375.0,0.0,0,464.72,0.0,1,10.03,13.78,SPY220331P00462000,462.0,0,0.0,0.0,,0.0,normalDay
2022-01-18,12621.0,-881.0,0.0,0,456.49,0.0,1,10.03,18.84,SPY220331P00462000,462.0,0,0.0,0.0,,0.0,normalDay
2022-01-19,12621.0,-1102.0,0.0,0,451.75,0.0,1,10.03,21.05,SPY220331P00462000,462.0,0,0.0,0.0,,0.0,normalDay
2022-01-20,12621.0,-1479.0,0.0,0,446.75,0.0,1,10.03,24.82,SPY220331P00462000,462.0,0,0.0,0.0,,0.0,normalDay
2022-01-21,12621.0,-2074.0,0.0,0,437.98,0.0,1,10.03,30.77,SPY220331P00462000,462.0,0,0.0,0.0,,0.0,normalDay
2022-01-24,12621.0,-2053.0,0.0,0,439.84,0.0,1,10.03,30.56,SPY220331P00462000,462.0,0,0.0,0.0,,0.0,normalDay
2022-01-25,12621.0,-2482.0,0.0,0,434.47,0.0,1,10.03,34.85,SPY220331P00462000,462.0,0,0.0,0.0,,0.0,normalDay
2022-01-26,12621.0,-2519.0,0.0,0,433.38,0.0,1,10.03,35.22,SPY220331P00462000,462.0,0,0.0,0.0,,0.0,normalDay
2022-01-27,12621.0,-2518.0,0.0,0,431.24,0.0,1,10.03,35.21,SPY220331P00462000,462.0,0,0.0,0.0,,0.0,normalDay
2022-01-28,12621.0,-1737.0,0.0,0,441.95,0.0,1,10.03,27.4,SPY220331P00462000,462.0,0,0.0,0.0,,0.0,normalDay
2022-01-31,12621.0,-1179.0,0.0,0,449.91,0.0,1,10.03,21.82,SPY220331P00462000,462.0,0,0.0,0.0,,0.0,normalDay
2022-02-01,12621.0,-807.0,0.0,0,452.95,0.0,1,10.03,18.1,SPY220331P00462000,462.0,0,0.0,0.0,,0.0,normalDay
2022-02-02,12621.0,-697.0,0.0,0,457.35,0.0,1,10.03,17.0,SPY220331P00462000,462.0,0,0.0,0.0,,0.0,normalDay
2022-02-03,12621.0,-1088.0,0.0,0,446.6,0.0,1,10.03,20.91,SPY220331P00462000,462.0,0,0.0,0.0,,0.0,normalDay
2022-02-04,12621.0,-1186.0,0.0,0,448.7,0.0,1,10.03,21.89,SPY220331P00462000,462.0,0,0.0,0.0,,0.0,normalDay
2022-02-07,12621.0,-1154.0,0.0,0,447.26,0.0,1,10.03,21.57,SPY220331P00462000,462.0,0,0.0,0.0,,0.0,normalDay
2022-02-08,12621.0,-844.0,0.0,0,450.94,0.0,1,10.03,18.47,SPY220331P00462000,462.0,0,0.0,0.0,,0.0,normalDay
2022-02-09,12621.0,-441.0,0.0,0,457.54,0.0,1,10.03,14.44,SPY220331P00462000,462.0,0,0.0,0.0,,0.0,normalDay
2022-02-10,12621.0,-1041.0,0.0,0,449.32,0.0,1,10.03,20.44,SPY220331P00462000,462.0,0,0.0,0.0,,0.0,normalDay
2022-02-11,12621.0,-1700.0,0.0,0,440.46,0.0,1,10.03,27.03,SPY220331P00462000,462.0,0,0.0,0.0,,0.0,normalDay
2022-02-14,12621.0,-1790.0,0.0,0,439.02,0.0,1,10.03,27.93,SPY220331P00462000,462.0,0,0.0,0.0,,0.0,normalDay
2022-02-15,12621.0,-1273.0,0.0,0,446.1,0.0,1,10.03,22.76,SPY220331P00462000,462.0,0,0.0,0.0,,0.0,normalDay
2022-02-16,12621.0,-1141.0,0.0,0,446.6,0.0,1,10.03,21.44,SPY220331P00462000,462.0,0,0.0,0.0,,0.0,normalDay
2022-02-17,12621.0,-1896.0,0.0,0,437.06,0.0,1,10.03,28.99,SPY220331P00462000,462.0,0,0.0,0.0,,0.0,normalDay
2022-02-18,12621.0,-2086.0,0.0,0,434.23,0.0,1,10.03,30.89,SPY220331P00462000,462.0,0,0.0,0.0,,0.0,normalDay
2022-02-22,12621.0,-2425.0,0.0,0,429.57,0.0,1,10.03,34.28,SPY220331P00462000,462.0,0,0.0,0.0,,0.0,normalDay
2022-02-23,12621.0,-3227.0,0.0,0,421.95,0.0,1,10.03,42.3,SPY220331P00462000,462.0,0,0.0,0.0,,0.0,normalDay
2022-02-24,12621.0,-2758.0,0.0,0,428.3,0.0,1,10.03,37.61,SPY220331P00462000,462.0,0,0.0,0.0,,0.0,normalDay
2022-02-25,12621.0,-1797.0,0.0,0,437.75,0.0,1,10.03,28.0,SPY220331P00462000,462.0,0,0.0,0.0,,0.0,normalDay
2022-02-28,12621.0,-1898.0,0.0,0,436.63,0.0,1,10.03,29.01,SPY220331P00462000,462.0,0,0.0,0.0,,0.0,normalDay
2022-03-01,12621.0,-2473.0,0.0,0,429.98,0.0,1,10.03,34.76,SPY220331P00462000,462.0,0,0.0,0.0,,0.0,normalDay
2022-03-02,12621.0,-1822.0,0.0,0,437.89,0.0,1,10.03,28.25,SPY220331P00462000,462.0,0,0.0,0.0,,0.0,normalDay
2022-03-03,12621.0,-1931.0,0.0,0,435.71,0.0,1,10.03,29.34,SPY220331P00462000,462.0,0,0.0,0.0,,0.0,normalDay
2022-03-04,12621.0,-2304.0,0.0,0,432.17,0.0,1,10.03,33.07,SPY220331P00462000,462.0,0,0.0,0.0,,0.0,normalDay
2022-03-07,12621.0,-3563.0,0.0,0,419.43,0.0,1,10.03,45.66,SPY220331P00462000,462.0,0,0.0,0.0,,0.0,normalDay
2022-03-08,12621.0,-3872.0,0.0,0,416.25,0.0,1,10.03,48.75,SPY220331P00462000,462.0,0,0.0,0.0,,0.0,normalDay
2022-03-09,12621.0,-2646.0,0.0,0,427.41,0.0,1,10.03,36.49,SPY220331P00462000,462.0,0,0.0,0.0,,0.0,normalDay
2022-03-10,12621.0,-2856.0,0.0,0,425.48,0.0,1,10.03,38.59,SPY220331P00462000,462.0,0,0.0,0.0,,0.0,normalDay
2022-03-11,12621.0,-3358.0,0.0,0,420.07,0.0,1,10.03,43.61,SPY220331P00462000,462.0,0,0.0,0.0,,0.0,normalDay
2022-03-14,12621.0,-3648.0,0.0,0,417.0,0.0,1,10.03,46.51,SPY220331P00462000,462.0,0,0.0,0.0,,0.0,normalDay
2022-03-15,12621.0,-2828.0,0.0,0,426.17,0.0,1,10.03,38.31,SPY220331P00462000,462.0,0,0.0,0.0,,0.0,normalDay
2022-03-16,12621.0,-1875.0,0.0,0,435.62,0.0,1,10.03,28.78,SPY220331P00462000,462.0,0,0.0,0.0,,0.0,normalDay
2022-03-17,12621.0,-1379.0,0.0,0,441.07,0.0,1,10.03,23.82,SPY220331P00462000,462.0,0,0.0,0.0,,0.0,normalDay
2022-03-18,12621.0,-819.0,0.0,0,444.52,0.0,1,10.03,18.22,SPY220331P00462000,462.0,0,0.0,0.0,,0.0,normalDay
2022-03-21,12621.0,-788.0,0.0,0,444.39,0.0,1,10.03,17.91,SPY220331P00462000,462.0,0,0.0,0.0,,0.0,normalDay
2022-03-22,12621.0,-337.0,0.0,0,449.59,0.0,1,10.03,13.4,SPY220331P00462000,462.0,0,0.0,0.0,,0.0,normalDay
2022-03-23,12621.0,-868.0,0.0,0,443.8,0.0,1,10.03,18.71,SPY220331P00462000,462.0,0,0.0,0.0,,0.0,normalDay
2022-03-24,12621.0,-225.0,0.0,0,450.49,0.0,1,10.03,12.28,SPY220331P00462000,462.0,0,0.0,0.0,,0.0,normalDay
2022-03-25,12621.0,-13.0,0.0,0,452.69,0.0,1,10.03,10.16,SPY220331P00462000,462.0,0,0.0,0.0,,0.0,normalDay
2022-03-28,12621.0,338.0,0.0,0,455.91,0.0,1,10.03,6.65,SPY220331P00462000,462.0,0,0.0,0.0,,0.0,normalDay
2022-03-29,12621.0,721.0,0.0,0,461.55,0.0,1,10.03,2.82,SPY220331P00462000,462.0,0,0.0,0.0,,0.0,normalDay
2022-03-30,12621.0,645.0,0.0,0,458.7,0.0,1,10.03,3.58,SPY220331P00462000,462.0,0,0.0,0.0,,0.0,normalDay
2022-03-31,13624.0,-1036.0,1003.0,100,451.64,462.0,1,10.03,0.0,SPY220331P00462000,462.0,0,0.0,0.0,,0.0,expirationDay
2022-04-01,13624.0,-908.0,0.0,100,452.92,462.0,0,0.0,0.0,,0.0,0,0.0,0.0,,0.0,bidTooLow
2022-04-04,13624.0,-523.0,0.0,100,456.8,462.0,0,0.0,0.0,,0.0,1,0.03,0.06,SPY220506C00498000,498.0,normalDay
2022-04-05,13624.0,-1098.0,0.0,100,451.03,462.0,0,0.0,0.0,,0.0,1,0.03,0.04,SPY220506C00498000,498.0,normalDay
2022-04-06,13624.0,-1548.0,0.0,100,446.52,462.0,0,0.0,0.0,,0.0,1,0.03,0.03,SPY220506C00498000,498.0,normalDay
2022-04-07,13624.0,-1323.0,0.0,100,448.77,462.0,0,0.0,0.0,,0.0,1,0.03,0.03,SPY220506C00498000,498.0,normalDay
2022-04-08,13624.0,-1442.0,0.0,100,447.57,462.0,0,0.0,0.0,,0.0,1,0.03,0.02,SPY220506C00498000,498.0,normalDay
2022-04-11,13624.0,-2207.0,0.0,100,439.92,462.0,0,0.0,0.0,,0.0,1,0.03,0.02,SPY220506C00498000,498.0,normalDay
2022-04-12,13624.0,-2370.0,0.0,100,438.29,462.0,0,0.0,0.0,,0.0,1,0.03,0.02,SPY220506C00498000,498.0,normalDay
2022-04-13,13624.0,-1867.0,0.0,100,443.31,462.0,0,0.0,0.0,,0.0,1,0.03,0.01,SPY220506C00498000,498.0,normalDay
2022-04-14,13624.0,-2419.0,0.0,100,437.79,462.0,0,0.0,0.0,,0.0,1,0.03,0.01,SPY220506C00498000,498.0,normalDay
2022-04-18,13624.0,-2401.0,0.0,100,437.97,462.0,0,0.0,0.0,,0.0,1,0.03,0.01,SPY220506C00498000,498.0,normalDay
2022-04-19,13624.0,-1694.0,0.0,100,445.04,462.0,0,0.0,0.0,,0.0,1,0.03,0.01,SPY220506C00498000,498.0,normalDay
2022-04-20,13624.0,-1727.0,0.0,100,444.71,462.0,0,0.0,0.0,,0.0,1,0.03,0.01,SPY220506C00498000,498.0,normalDay
2022-04-21,13624.0,-2392.0,0.0,100,438.06,462.0,0,0.0,0.0,,0.0,1,0.03,0.01,SPY220506C00498000,498.0,normalDay
2022-04-22,13624.0,-3594.0,0.0,100,426.04,462.0,0,0.0,0.0,,0.0,1,0.03,0.01,SPY220506C00498000,498.0,normalDay
2022-04-25,13624.0,-3347.0,0.0,100,428.51,462.0,0,0.0,0.0,,0.0,1,0.03,0.01,SPY220506C00498000,498.0,normalDay
2022-04-26,13624.0,-4588.0,0.0,100,416.1,462.0,0,0.0,0.0,,0.0,1,0.03,0.01,SPY220506C00498000,498.0,normalDay
2022-04-27,13624.0,-4471.0,0.0,100,417.27,462.0,0,0.0,0.0,,0.0,1,0.03,0.01,SPY220506C00498000,498.0,normalDay
2022-04-28,13624.0,-3417.0,0.0,100,427.81,462.0,0,0.0,0.0,,0.0,1,0.03,0.01,SPY220506C00498000,498.0,normalDay
2022-04-29,13624.0,-4998.0,0.0,100,412.0,462.0,0,0.0,0.0,,0.0,1,0.03,0.01,SPY220506C00498000,498.0,normalDay
2022-05-02,13624.0,-4750.0,0.0,100,414.48,462.0,0,0.0,0.0,,0.0,1,0.03,0.01,SPY220506C00498000,498.0,normalDay
2022-05-03,13624.0,-4560.0,0.0,100,416.38,462.0,0,0.0,0.0,,0.0,1,0.03,0.01,SPY220506C00498000,498.0,normalDay
2022-05-04,13624.0,-3292.0,0.0,100,429.06,462.0,0,0.0,0.0,,0.0,1,0.03,0.01,SPY220506C00498000,498.0,normalDay
2022-05-05,13624.0,-4817.0,0.0,100,413.81,462.0,0,0.0,0.0,,0.0,1,0.03,0.01,SPY220506C00498000,498.0,normalDay
2022-05-06,13627.0,-5066.0,3.0,100,411.34,462.0,0,0.0,0.0,,0.0,1,0.03,0.0,SPY220506C00498000,498.0,expirationDay
2022-05-09,13627.0,-6386.0,0.0,100,398.17,462.0,0,0.0,0.0,,0.0,1,0.02,0.05,SPY220610C00480000,480.0,normalDay
2022-05-10,13627.0,-6292.0,0.0,100,399.09,462.0,0,0.0,0.0,,0.0,1,0.02,0.03,SPY220610C00480000,480.0,normalDay
2022-05-11,13627.0,-6926.0,0.0,100,392.75,462.0,0,0.0,0.0,,0.0,1,0.02,0.03,SPY220610C00480000,480.0,normalDay
2022-05-12,13627.0,-6967.0,0.0,100,392.34,462.0,0,0.0,0.0,,0.0,1,0.02,0.03,SPY220610C00480000,480.0,normalDay
2022-05-13,13627.0,-6029.0,0.0,100,401.72,462.0,0,0.0,0.0,,0.0,1,0.02,0.03,SPY220610C00480000,480.0,normalDay
2022-05-16,13627.0,-6191.0,0.0,100,400.09,462.0,0,0.0,0.0,,0.0,1,0.02,0.02,SPY220610C00480000,480.0,normalDay
2022-05-17,13627.0,-5368.0,0.0,100,408.32,462.0,0,0.0,0.0,,0.0,1,0.02,0.02,SPY220610C00480000,480.0,normalDay
2022-05-18,13627.0,-7014.0,0.0,100,391.86,462.0,0,0.0,0.0,,0.0,1,0.02,0.02,SPY220610C00480000,480.0,normalDay
2022-05-19,13627.0,-7254.0,0.0,100,389.46,462.0,0,0.0,0.0,,0.0,1,0.02,0.02,SPY220610C00480000,480.0,normalDay
2022-05-20,13627.0,-7237.0,0.0,100,389.63,462.0,0,0.0,0.0,,0.0,1,0.02,0.02,SPY220610C00480000,480.0,normalDay
2022-05-23,13627.0,-6508.0,0.0,100,396.92,462.0,0,0.0,0.0,,0.0,1,0.02,0.02,SPY220610C00480000,480.0,normalDay
2022-05-24,13627.0,-6811.0,0.0,100,393.89,462.0,0,0.0,0.0,,0.0,1,0.02,0.02,SPY220610C00480000,480.0,normalDay
2022-05-25,13627.0,-6463.0,0.0,100,397.37,462.0,0,0.0,0.0,,0.0,1,0.02,0.02,SPY220610C00480000,480.0,normalDay
2022-05-26,13627.0,-5669.0,0.0,100,405.31,462.0,0,0.0,0.0,,0.0,1,0.02,0.02,SPY220610C00480000,480.0,normalDay
2022-05-27,13627.0,-4674.0,0.0,100,415.26,462.0,0,0.0,0.0,,0.0,1,0.02,0.02,SPY220610C00480000,480.0,normalDay
2022-05-31,13627.0,-4907.0,0.0,100,412.93,462.0,0,0.0,0.0,,0.0,1,0.02,0.02,SPY220610C00480000,480.0,normalDay
2022-06-01,13627.0,-5240.0,0.0,100,409.59,462.0,0,0.0,0.0,,0.0,1,0.02,0.01,SPY220610C00480000,480.0,normalDay
2022-06-02,13627.0,-4460.0,0.0,100,417.39,462.0,0,0.0,0.0,,0.0,1,0.02,0.01,SPY220610C00480000,480.0,normalDay
2022-06-03,13627.0,-5145.0,0.0,100,410.54,462.0,0,0.0,0.0,,0.0,1,0.02,0.01,SPY220610C00480000,480.0,normalDay
2022-06-06,13627.0,-5020.0,0.0,100,411.79,462.0,0,0.0,0.0,,0.0,1,0.02,0.01,SPY220610C00480000,480.0,normalDay
2022-06-07,13627.0,-4625.0,0.0,100,415.74,462.0,0,0.0,0.0,,0.0,1,0.02,0.01,SPY220610C00480000,480.0,normalDay
2022-06-08,13627.0,-5077.0,0.0,100,411.22,462.0,0,0.0,0.0,,0.0,1,0.02,0.01,SPY220610C00480000,480.0,normalDay
2022-06-09,13627.0,-6055.0,0.0,100,401.44,462.0,0,0.0,0.0,,0.0,1,0.02,0.01,SPY220610C00480000,480.0,normalDay
2022-06-10,13629.0,-7220.0,2.0,100,389.8,462.0,0,0.0,0.0,,0.0,1,0.02,0.0,SPY220610C00480000,480.0,expirationDay
2022-06-13,13629.0,-8703.0,0.0,100,375.0,462.0,0,0.0,0.0,,0.0,1,0.08,0.11,SPY220715C00447000,447.0,normalDay
2022-06-14,13629.0,-8814.0,0.0,100,373.87,462.0,0,0.0,0.0,,0.0,1,0.08,0.09,SPY220715C00447000,447.0,normalDay
2022-06-15,13629.0,-8280.0,0.0,100,379.2,462.0,0,0.0,0.0,,0.0,1,0.08,0.08,SPY220715C00447000,447.0,normalDay
2022-06-16,13629.0,-9533.0,0.0,100,366.65,462.0,0,0.0,0.0,,0.0,1,0.08,0.06,SPY220715C00447000,447.0,normalDay
2022-06-17,13629.0,-9613.0,0.0,100,365.86,462.0,0,0.0,0.0,,0.0,1,0.08,0.07,SPY220715C00447000,447.0,normalDay
2022-06-21,13629.0,-8691.0,0.0,100,375.07,462.0,0,0.0,0.0,,0.0,1,0.08,0.06,SPY220715C00447000,447.0,normalDay
2022-06-22,13629.0,-8758.0,0.0,100,374.39,462.0,0,0.0,0.0,,0.0,1,0.08,0.05,SPY220715C00447000,447.0,normalDay
2022-06-23,13629.0,-8391.0,0.0,100,378.06,462.0,0,0.0,0.0,,0.0,1,0.08,0.05,SPY220715C00447000,447.0,normalDay
2022-06-24,13629.0,-7191.0,0.0,100,390.08,462.0,0,0.0,0.0,,0.0,1,0.08,0.07,SPY220715C00447000,447.0,normalDay
2022-06-27,13629.0,-7338.0,0.0,100,388.59,462.0,0,0.0,0.0,,0.0,1,0.08,0.05,SPY220715C00447000,447.0,normalDay
2022-06-28,13629.0,-8130.0,0.0,100,380.65,462.0,0,0.0,0.0,,0.0,1,0.08,0.03,SPY220715C00447000,447.0,normalDay
2022-06-29,13629.0,-8161.0,0.0,100,380.34,462.0,0,0.0,0.0,,0.0,1,0.08,0.03,SPY220715C00447000,447.0,normalDay
2022-06-30,13629.0,-8469.0,0.0,100,377.25,462.0,0,0.0,0.0,,0.0,1,0.08,0.02,SPY220715C00447000,447.0,normalDay
2022-07-01,13629.0,-8070.0,0.0,100,381.24,462.0,0,0.0,0.0,,0.0,1,0.08,0.02,SPY220715C00447000,447.0,normalDay
2022-07-05,13629.0,-7997.0,0.0,100,381.96,462.0,0,0.0,0.0,,0.0,1,0.08,0.01,SPY220715C00447000,447.0,normalDay
2022-07-06,13629.0,-7868.0,0.0,100,383.25,462.0,0,0.0,0.0,,0.0,1,0.08,0.01,SPY220715C00447000,447.0,normalDay
2022-07-07,13629.0,-7294.0,0.0,100,388.99,462.0,0,0.0,0.0,,0.0,1,0.08,0.01,SPY220715C00447000,447.0,normalDay
2022-07-08,13629.0,-7326.0,0.0,100,388.67,462.0,0,0.0,0.0,,0.0,1,0.08,0.01,SPY220715C00447000,447.0,normalDay
2022-07-11,13629.0,-7770.0,0.0,100,384.23,462.0,0,0.0,0.0,,0.0,1,0.08,0.01,SPY220715C00447000,447.0,normalDay
2022-07-12,13629.0,-8110.0,0.0,100,380.83,462.0,0,0.0,0.0,,0.0,1,0.08,0.01,SPY220715C00447000,447.0,normalDay
2022-07-13,13629.0,-8310.0,0.0,100,378.83,462.0,0,0.0,0.0,,0.0,1,0.08,0.01,SPY220715C00447000,447.0,normalDay
2022-07-14,13629.0,-8402.0,0.0,100,377.91,462.0,0,0.0,0.0,,0.0,1,0.08,0.01,SPY220715C00447000,447.0,normalDay
2022-07-15,13637.0,-7687.0,8.0,100,385.13,462.0,0,0.0,0.0,,0.0,1,0.08,0.0,SPY220715C00447000,447.0,expirationDay
2022-07-18,13637.0,-8008.0,0.0,100,381.95,462.0,0,0.0,0.0,,0.0,1,2.12,2.15,SPY220819C00404000,404.0,normalDay
2022-07-19,13637.0,-7274.0,0.0,100,392.27,462.0,0,0.0,0.0,,0.0,1,2.12,5.13,SPY220819C00404000,404.0,normalDay
2022-07-20,13637.0,-7098.0,0.0,100,394.77,462.0,0,0.0,0.0,,0.0,1,2.12,5.87,SPY220819C00404000,404.0,normalDay
2022-07-21,13637.0,-6785.0,0.0,100,398.79,462.0,0,0.0,0.0,,0.0,1,2.12,6.76,SPY220819C00404000,404.0,normalDay
2022-07-22,13637.0,-6970.0,0.0,100,395.09,462.0,0,0.0,0.0,,0.0,1,2.12,4.91,SPY220819C00404000,404.0,normalDay
2022-07-25,13637.0,-6931.0,0.0,100,395.57,462.0,0,0.0,0.0,,0.0,1,2.12,5.0,SPY220819C00404000,404.0,normalDay
2022-07-26,13637.0,-7266.0,0.0,100,390.89,462.0,0,0.0,0.0,,0.0,1,2.12,3.67,SPY220819C00404000,404.0,normalDay
2022-07-27,13637.0,-6532.0,0.0,100,401.04,462.0,0,0.0,0.0,,0.0,1,2.12,6.48,SPY220819C00404000,404.0,normalDay
2022-07-28,13637.0,-6368.0,0.0,100,406.07,462.0,0,0.0,0.0,,0.0,1,2.12,9.87,SPY220819C00404000,404.0,normalDay
2022-07-29,13637.0,-6057.0,0.0,100,411.99,462.0,0,0.0,0.0,,0.0,1,2.12,12.68,SPY220819C00404000,404.0,normalDay
2022-08-01,13637.0,-6105.0,0.0,100,410.77,462.0,0,0.0,0.0,,0.0,1,2.12,11.94,SPY220819C00404000,404.0,normalDay
2022-08-02,13637.0,-6192.0,0.0,100,408.06,462.0,0,0.0,0.0,,0.0,1,2.12,10.1,SPY220819C00404000,404.0,normalDay
2022-08-03,13637.0,-5909.0,0.0,100,414.45,462.0,0,0.0,0.0,,0.0,1,2.12,13.66,SPY220819C00404000,404.0,normalDay
2022-08-04,13637.0,-5919.0,0.0,100,414.17,462.0,0,0.0,0.0,,0.0,1,2.12,13.48,SPY220819C00404000,404.0,normalDay
2022-08-05,13637.0,-5860.0,0.0,100,413.47,462.0,0,0.0,0.0,,0.0,1,2.12,12.19,SPY220819C00404000,404.0,normalDay
2022-08-08,13637.0,-5869.0,0.0,100,412.99,462.0,0,0.0,0.0,,0.0,1,2.12,11.8,SPY220819C00404000,404.0,normalDay
2022-08-09,13637.0,-5913.0,0.0,100,411.35,462.0,0,0.0,0.0,,0.0,1,2.12,10.6,SPY220819C00404000,404.0,normalDay
2022-08-10,13637.0,-5661.0,0.0,100,419.99,462.0,0,0.0,0.0,,0.0,1,2.12,16.72,SPY220819C00404000,404.0,normalDay
2022-08-11,13637.0,-5720.0,0.0,100,419.99,462.0,0,0.0,0.0,,0.0,1,2.12,17.31,SPY220819C00404000,404.0,normalDay
2022-08-12,13637.0,-5595.0,0.0,100,427.1,462.0,0,0.0,0.0,,0.0,1,2.12,23.17,SPY220819C00404000,404.0,normalDay
2022-08-15,13637.0,-5597.0,0.0,100,428.86,462.0,0,0.0,0.0,,0.0,1,2.12,24.95,SPY220819C00404000,404.0,normalDay
2022-08-16,13637.0,-5583.0,0.0,100,429.7,462.0,0,0.0,0.0,,0.0,1,2.12,25.65,SPY220819C00404000,404.0,normalDay
2022-08-17,13637.0,-5627.0,0.0,100,426.65,462.0,0,0.0,0.0,,0.0,1,2.12,23.04,SPY220819C00404000,404.0,normalDay
2022-08-18,13637.0,-5587.0,0.0,100,427.89,462.0,0,0.0,0.0,,0.0,1,2.12,23.88,SPY220819C00404000,404.0,normalDay
2022-08-19,8049.0,-5587.0,-5588.0,0,422.14,0.0,0,0.0,0.0,,0.0,1,2.12,0.0,SPY220819C00404000,404.0,expirationDay
2022-08-22,8049.0,-5.0,0.0,0,413.35,0.0,1,11.35,11.4,SPY221021P00405000,405.0,0,0.0,0.0,,0.0,normalDay
2022-08-23,8049.0,-41.0,0.0,0,412.35,0.0,1,11.35,11.76,SPY221021P00405000,405.0,0,0.0,0.0,,0.0,normalDay
2022-08-24,8049.0,81.0,0.0,0,413.67,0.0,1,11.35,10.54,SPY221021P00405000,405.0,0,0.0,0.0,,0.0,normalDay
2022-08-25,8049.0,293.0,0.0,0,419.51,0.0,1,11.35,8.42,SPY221021P00405000,405.0,0,0.0,0.0,,0.0,normalDay
2022-08-26,8049.0,-316.0,0.0,0,405.31,0.0,1,11.35,14.51,SPY221021P00405000,405.0,0,0.0,0.0,,0.0,normalDay
2022-08-29,8049.0,-401.0,0.0,0,402.63,0.0,1,11.35,15.36,SPY221021P00405000,405.0,0,0.0,0.0,,0.0,normalDay
2022-08-30,8049.0,-605.0,0.0,0,398.21,0.0,1,11.35,17.4,SPY221021P00405000,405.0,0,0.0,0.0,,0.0,normalDay
2022-08-31,8049.0,-720.0,0.0,0,395.18,0.0,1,11.35,18.55,SPY221021P00405000,405.0,0,0.0,0.0,,0.0,normalDay
2022-09-01,8049.0,-631.0,0.0,0,396.42,0.0,1,11.35,17.66,SPY221021P00405000,405.0,0,0.0,0.0,,0.0,normalDay
2022-09-02,8049.0,-848.0,0.0,0,392.24,0.0,1,11.35,19.83,SPY221021P00405000,405.0,0,0.0,0.0,,0.0,normalDay
2022-09-06,8049.0,-994.0,0.0,0,390.76,0.0,1,11.35,21.29,SPY221021P00405000,405.0,0,0.0,0.0,,0.0,normalDay
2022-09-07,8049.0,-499.0,0.0,0,397.78,0.0,1,11.35,16.34,SPY221021P00405000,405.0,0,0.0,0.0,,0.0,normalDay
2022-09-08,8049.0,-277.0,0.0,0,400.38,0.0,1,11.35,14.12,SPY221021P00405000,405.0,0,0.0,0.0,,0.0,normalDay
2022-09-09,8049.0,9.0,0.0,0,406.6,0.0,1,11.35,11.26,SPY221021P00405000,405.0,0,0.0,0.0,,0.0,normalDay
2022-09-12,8049.0,209.0,0.0,0,410.97,0.0,1,11.35,9.26,SPY221021P00405000,405.0,0,0.0,0.0,,0.0,normalDay
2022-09-13,8049.0,-700.0,0.0,0,393.1,0.0,1,11.35,18.35,SPY221021P00405000,405.0,0,0.0,0.0,,0.0,normalDay
2022-09-14,8049.0,-623.0,0.0,0,394.6,0.0,1,11.35,17.58,SPY221021P00405000,405.0,0,0.0,0.0,,0.0,normalDay
2022-09-15,8049.0,-842.0,0.0,0,390.12,0.0,1,11.35,19.77,SPY221021P00405000,405.0,0,0.0,0.0,,0.0,normalDay
2022-09-16,8049.0,-1069.0,0.0,0,385.56,0.0,1,11.35,22.04,SPY221021P00405000,405.0,0,0.0,0.0,,0.0,normalDay
2022-09-19,8049.0,-859.0,0.0,0,388.55,0.0,1,11.35,19.94,SPY221021P00405000,405.0,0,0.0,0.0,,0.0,normalDay
2022-09-20,8049.0,-1168.0,0.0,0,384.09,0.0,1,11.35,23.03,SPY221021P00405000,405.0,0,0.0,0.0,,0.0,normalDay
2022-09-21,8049.0,-1770.0,0.0,0,377.39,0.0,1,11.35,29.05,SPY221021P00405000,405.0,0,0.0,0.0,,0.0,normalDay
2022-09-22,8049.0,-1989.0,0.0,0,374.22,0.0,1,11.35,31.24,SPY221021P00405000,405.0,0,0.0,0.0,,0.0,normalDay
2022-09-23,8049.0,-2649.0,0.0,0,367.95,0.0,1,11.35,37.84,SPY221021P00405000,405.0,0,0.0,0.0,,0.0,normalDay
2022-09-26,8049.0,-3031.0,0.0,0,364.31,0.0,1,11.35,41.66,SPY221021P00405000,405.0,0,0.0,0.0,,0.0,normalDay
2022-09-27,8049.0,-3053.0,0.0,0,363.38,0.0,1,11.35,41.88,SPY221021P00405000,405.0,0,0.0,0.0,,0.0,normalDay
2022-09-28,8049.0,-2358.0,0.0,0,370.53,0.0,1,11.35,34.93,SPY221021P00405000,405.0,0,0.0,0.0,,0.0,normalDay
2022-09-29,8049.0,-3093.0,0.0,0,362.79,0.0,1,11.35,42.28,SPY221021P00405000,405.0,0,0.0,0.0,,0.0,normalDay
2022-09-30,8049.0,-3573.0,0.0,0,357.18,0.0,1,11.35,47.08,SPY221021P00405000,405.0,0,0.0,0.0,,0.0,normalDay
2022-10-03,8049.0,-2663.0,0.0,0,366.61,0.0,1,11.35,37.98,SPY221021P00405000,405.0,0,0.0,0.0,,0.0,normalDay
2022-10-04,8049.0,-1624.0,0.0,0,377.97,0.0,1,11.35,27.59,SPY221021P00405000,405.0,0,0.0,0.0,,0.0,normalDay
2022-10-05,8049.0,-1631.0,0.0,0,377.09,0.0,1,11.35,27.66,SPY221021P00405000,405.0,0,0.0,0.0,,0.0,normalDay
2022-10-06,8049.0,-2043.0,0.0,0,373.2,0.0,1,11.35,31.78,SPY221021P00405000,405.0,0,0.0,0.0,,0.0,normalDay
2022-10-07,8049.0,-3129.0,0.0,0,362.79,0.0,1,11.35,42.64,SPY221021P00405000,405.0,0,0.0,0.0,,0.0,normalDay
2022-10-10,8049.0,-3347.0,0.0,0,360.02,0.0,1,11.35,44.82,SPY221021P00405000,405.0,0,0.0,0.0,,0.0,normalDay
2022-10-11,8049.0,-3584.0,0.0,0,357.74,0.0,1,11.35,47.19,SPY221021P00405000,405.0,0,0.0,0.0,,0.0,normalDay
2022-10-12,8049.0,-3708.0,0.0,0,356.56,0.0,1,11.35,48.43,SPY221021P00405000,405.0,0,0.0,0.0,,0.0,normalDay
2022-10-13,8049.0,-2767.0,0.0,0,365.97,0.0,1,11.35,39.02,SPY221021P00405000,405.0,0,0.0,0.0,,0.0,normalDay
2022-10-14,8049.0,-3608.0,0.0,0,357.63,0.0,1,11.35,47.43,SPY221021P00405000,405.0,0,0.0,0.0,,0.0,normalDay
2022-10-17,8049.0,-2646.0,0.0,0,366.82,0.0,1,11.35,37.81,SPY221021P00405000,405.0,0,0.0,0.0,,0.0,normalDay
2022-10-18,8049.0,-2162.0,0.0,0,371.13,0.0,1,11.35,32.97,SPY221021P00405000,405.0,0,0.0,0.0,,0.0,normalDay
2022-10-19,8049.0,-2553.0,0.0,0,368.5,0.0,1,11.35,36.88,SPY221021P00405000,405.0,0,0.0,0.0,,0.0,normalDay
2022-10-20,8049.0,-2795.0,0.0,0,365.41,0.0,1,11.35,39.3,SPY221021P00405000,405.0,0,0.0,0.0,,0.0,normalDay
2022-10-21,9184.0,-3071.0,1135.0,100,374.29,405.0,1,11.35,0.0,SPY221021P00405000,405.0,0,0.0,0.0,,0.0,expirationDay
2022-10-24,9184.0,-2618.0,0.0,100,378.87,405.0,0,0.0,0.0,,0.0,1,5.97,6.02,SPY221125C00395000,395.0,normalDay
2022-10-25,9184.0,-2120.0,0.0,100,384.92,405.0,0,0.0,0.0,,0.0,1,5.97,7.09,SPY221125C00395000,395.0,normalDay
2022-10-26,9184.0,-2333.0,0.0,100,382.02,405.0,0,0.0,0.0,,0.0,1,5.97,6.32,SPY221125C00395000,395.0,normalDay
2022-10-27,9184.0,-2302.0,0.0,100,379.98,405.0,0,0.0,0.0,,0.0,1,5.97,3.97,SPY221125C00395000,395.0,normalDay
2022-10-28,9184.0,-1833.0,0.0,100,389.02,405.0,0,0.0,0.0,,0.0,1,5.97,8.32,SPY221125C00395000,395.0,normalDay
2022-10-31,9184.0,-1931.0,0.0,100,386.21,405.0,0,0.0,0.0,,0.0,1,5.97,6.49,SPY221125C00395000,395.0,normalDay
2022-11-01,9184.0,-2001.0,0.0,100,384.52,405.0,0,0.0,0.0,,0.0,1,5.97,5.5,SPY221125C00395000,395.0,normalDay
2022-11-02,9184.0,-2659.0,0.0,100,374.87,405.0,0,0.0,0.0,,0.0,1,5.97,2.43,SPY221125C00395000,395.0,normalDay
2022-11-03,9184.0,-2955.0,0.0,100,371.01,405.0,0,0.0,0.0,,0.0,1,5.97,1.53,SPY221125C00395000,395.0,normalDay
2022-11-04,9184.0,-2489.0,0.0,100,376.35,405.0,0,0.0,0.0,,0.0,1,5.97,2.21,SPY221125C00395000,395.0,normalDay
2022-11-07,9184.0,-2162.0,0.0,100,379.95,405.0,0,0.0,0.0,,0.0,1,5.97,2.54,SPY221125C00395000,395.0,normalDay
2022-11-08,9184.0,-1998.0,0.0,100,382.0,405.0,0,0.0,0.0,,0.0,1,5.97,2.95,SPY221125C00395000,395.0,normalDay
2022-11-09,9184.0,-2621.0,0.0,100,374.13,405.0,0,0.0,0.0,,0.0,1,5.97,1.31,SPY221125C00395000,395.0,normalDay
2022-11-10,9184.0,-1174.0,0.0,100,394.69,405.0,0,0.0,0.0,,0.0,1,5.97,7.4,SPY221125C00395000,395.0,normalDay
2022-11-11,9184.0,-889.0,0.0,100,398.51,405.0,0,0.0,0.0,,0.0,1,5.97,8.37,SPY221125C00395000,395.0,normalDay
2022-11-14,9184.0,-1006.0,0.0,100,395.12,405.0,0,0.0,0.0,,0.0,1,5.97,6.15,SPY221125C00395000,395.0,normalDay
2022-11-15,9184.0,-836.0,0.0,100,398.49,405.0,0,0.0,0.0,,0.0,1,5.97,7.82,SPY221125C00395000,395.0,normalDay
2022-11-16,9184.0,-890.0,0.0,100,395.45,405.0,0,0.0,0.0,,0.0,1,5.97,5.32,SPY221125C00395000,395.0,normalDay
2022-11-17,9184.0,-893.0,0.0,100,394.24,405.0,0,0.0,0.0,,0.0,1,5.97,4.14,SPY221125C00395000,395.0,normalDay
2022-11-18,9184.0,-704.0,0.0,100,396.03,405.0,0,0.0,0.0,,0.0,1,5.97,4.04,SPY221125C00395000,395.0,normalDay
2022-11-21,9184.0,-695.0,0.0,100,394.59,405.0,0,0.0,0.0,,0.0,1,5.97,2.51,SPY221125C00395000,395.0,normalDay
2022-11-22,9184.0,-463.0,0.0,100,399.9,405.0,0,0.0,0.0,,0.0,1,5.97,5.5,SPY221125C00395000,395.0,normalDay
2022-11-23,9184.0,-418.0,0.0,100,402.42,405.0,0,0.0,0.0,,0.0,1,5.97,7.57,SPY221125C00395000,395.0,normalDay
2022-11-25,8781.0,-418.0,-403.0,0,402.33,0.0,0,0.0,0.0,,0.0,1,5.97,0.0,SPY221125C00395000,395.0,expirationDay
2022-11-28,8781.0,-5.0,0.0,0,395.91,0.0,1,9.6,9.65,SPY230217P00379000,379.0,0,0.0,0.0,,0.0,normalDay
2022-11-29,8781.0,-3.0,0.0,0,395.23,0.0,1,9.6,9.63,SPY230217P00379000,379.0,0,0.0,0.0,,0.0,normalDay
2022-11-30,8781.0,317.0,0.0,0,407.68,0.0,1,9.6,6.43,SPY230217P00379000,379.0,0,0.0,0.0,,0.0,normalDay
2022-12-01,8781.0,328.0,0.0,0,407.38,0.0,1,9.6,6.32,SPY230217P00379000,379.0,0,0.0,0.0,,0.0,normalDay
2022-12-02,8781.0,349.0,0.0,0,406.91,0.0,1,9.6,6.11,SPY230217P00379000,379.0,0,0.0,0.0,,0.0,normalDay
2022-12-05,8781.0,190.0,0.0,0,399.59,0.0,1,9.6,7.7,SPY230217P00379000,379.0,0,0.0,0.0,,0.0,normalDay
2022-12-06,8781.0,2.0,0.0,0,393.83,0.0,1,9.6,9.58,SPY230217P00379000,379.0,0,0.0,0.0,,0.0,normalDay
2022-12-07,8781.0,-31.0,0.0,0,393.16,0.0,1,9.6,9.91,SPY230217P00379000,379.0,0,0.0,0.0,,0.0,normalDay
2022-12-08,8781.0,80.0,0.0,0,396.24,0.0,1,9.6,8.8,SPY230217P00379000,379.0,0,0.0,0.0,,0.0,normalDay
2022-12-09,8781.0,-6.0,0.0,0,393.28,0.0,1,9.6,9.66,SPY230217P00379000,379.0,0,0.0,0.0,,0.0,normalDay
2022-12-12,8781.0,131.0,0.0,0,398.95,0.0,1,9.6,8.29,SPY230217P00379000,379.0,0,0.0,0.0,,0.0,normalDay
2022-12-13,8781.0,307.0,0.0,0,401.97,0.0,1,9.6,6.53,SPY230217P00379000,379.0,0,0.0,0.0,,0.0,normalDay
2022-12-14,8781.0,316.0,0.0,0,399.4,0.0,1,9.6,6.44,SPY230217P00379000,379.0,0,0.0,0.0,,0.0,normalDay
2022-12-15,8781.0,-3.0,0.0,0,389.63,0.0,1,9.6,9.63,SPY230217P00379000,379.0,0,0.0,0.0,,0.0,normalDay
2022-12-16,8781.0,-160.0,0.0,0,383.27,0.0,1,9.6,11.2,SPY230217P00379000,379.0,0,0.0,0.0,,0.0,normalDay
2022-12-19,8781.0,-253.0,0.0,0,380.02,0.0,1,9.6,12.13,SPY230217P00379000,379.0,0,0.0,0.0,,0.0,normalDay
2022-12-20,8781.0,-177.0,0.0,0,380.54,0.0,1,9.6,11.37,SPY230217P00379000,379.0,0,0.0,0.0,,0.0,normalDay
2022-12-21,8781.0,78.0,0.0,0,386.23,0.0,1,9.6,8.82,SPY230217P00379000,379.0,0,0.0,0.0,,0.0,normalDay
2022-12-22,8781.0,-179.0,0.0,0,380.72,0.0,1,9.6,11.39,SPY230217P00379000,379.0,0,0.0,0.0,,0.0,normalDay
2022-12-23,8781.0,-63.0,0.0,0,382.91,0.0,1,9.6,10.23,SPY230217P00379000,379.0,0,0.0,0.0,,0.0,normalDay
2022-12-27,8781.0,-91.0,0.0,0,381.4,0.0,1,9.6,10.51,SPY230217P00379000,379.0,0,0.0,0.0,,0.0,normalDay
2022-12-28,8781.0,-295.0,0.0,0,376.66,0.0,1,9.6,12.55,SPY230217P00379000,379.0,0,0.0,0.0,,0.0,normalDay
2022-12-29,8781.0,3.0,0.0,0,383.44,0.0,1,9.6,9.57,SPY230217P00379000,379.0,0,0.0,0.0,,0.0,normalDay
2022-12-30,8781.0,-10.0,0.0,0,382.43,0.0,1,9.6,9.7,SPY230217P00379000,379.0,0,0.0,0.0,,0.0,normalDay
2023-01-03,8781.0,-74.0,0.0,0,380.82,0.0,1,9.6,10.34,SPY230217P00379000,379.0,0,0.0,0.0,,0.0,normalDay
2023-01-04,8781.0,109.0,0.0,0,383.76,0.0,1,9.6,8.51,SPY230217P00379000,379.0,0,0.0,0.0,,0.0,normalDay
2023-01-05,8781.0,-64.0,0.0,0,379.38,0.0,1,9.6,10.24,SPY230217P00379000,379.0,0,0.0,0.0,,0.0,normalDay
2023-01-06,8781.0,292.0,0.0,0,388.08,0.0,1,9.6,6.68,SPY230217P00379000,379.0,0,0.0,0.0,,0.0,normalDay
2023-01-09,8781.0,285.0,0.0,0,387.86,0.0,1,9.6,6.75,SPY230217P00379000,379.0,0,0.0,0.0,,0.0,normalDay
2023-01-10,8781.0,422.0,0.0,0,390.58,0.0,1,9.6,5.38,SPY230217P00379000,379.0,0,0.0,0.0,,0.0,normalDay
2023-01-11,8781.0,531.0,0.0,0,395.52,0.0,1,9.6,4.29,SPY230217P00379000,379.0,0,0.0,0.0,,0.0,normalDay
2023-01-12,8781.0,653.0,0.0,0,396.96,0.0,1,9.6,3.07,SPY230217P00379000,379.0,0,0.0,0.0,,0.0,normalDay
2023-01-13,8781.0,695.0,0.0,0,398.5,0.0,1,9.6,2.65,SPY230217P00379000,379.0,0,0.0,0.0,,0.0,normalDay
2023-01-17,8781.0,703.0,0.0,0,397.77,0.0,1,9.6,2.57,SPY230217P00379000,379.0,0,0.0,0.0,,0.0,normalDay
2023-01-18,8781.0,568.0,0.0,0,391.49,0.0,1,9.6,3.92,SPY230217P00379000,379.0,0,0.0,0.0,,0.0,normalDay
2023-01-19,8781.0,508.0,0.0,0,388.64,0.0,1,9.6,4.52,SPY230217P00379000,379.0,0,0.0,0.0,,0.0,normalDay
2023-01-20,8781.0,680.0,0.0,0,395.88,0.0,1,9.6,2.8,SPY230217P00379000,379.0,0,0.0,0.0,,0.0,normalDay
2023-01-23,8781.0,767.0,0.0,0,400.63,0.0,1,9.6,1.93,SPY230217P00379000,379.0,0,0.0,0.0,,0.0,normalDay
2023-01-24,8781.0,793.0,0.0,0,400.2,0.0,1,9.6,1.67,SPY230217P00379000,379.0,0,0.0,0.0,,0.0,normalDay
2023-01-25,8781.0,792.0,0.0,0,400.35,0.0,1,9.6,1.68,SPY230217P00379000,379.0,0,0.0,0.0,,0.0,normalDay
2023-01-26,8781.0,845.0,0.0,0,404.75,0.0,1,9.6,1.15,SPY230217P00379000,379.0,0,0.0,0.0,,0.0,normalDay
2023-01-27,8781.0,863.0,0.0,0,405.68,0.0,1,9.6,0.97,SPY230217P00379000,379.0,0,0.0,0.0,,0.0,normalDay
2023-01-30,8781.0,824.0,0.0,0,400.59,0.0,1,9.6,1.36,SPY230217P00379000,379.0,0,0.0,0.0,,0.0,normalDay
2023-01-31,8781.0,872.0,0.0,0,406.48,0.0,1,9.6,0.88,SPY230217P00379000,379.0,0,0.0,0.0,,0.0,normalDay
2023-02-01,8781.0,914.0,0.0,0,410.8,0.0,1,9.6,0.46,SPY230217P00379000,379.0,0,0.0,0.0,,0.0,normalDay
2023-02-02,8781.0,920.0,0.0,0,416.78,0.0,1,9.6,0.4,SPY230217P00379000,379.0,0,0.0,0.0,,0.0,normalDay
2023-02-03,8781.0,927.0,0.0,0,412.35,0.0,1,9.6,0.33,SPY230217P00379000,379.0,0,0.0,0.0,,0.0,normalDay
2023-02-06,8781.0,929.0,0.0,0,409.83,0.0,1,9.6,0.31,SPY230217P00379000,379.0,0,0.0,0.0,,0.0,normalDay
2023-02-07,8781.0,943.0,0.0,0,415.19,0.0,1,9.6,0.17,SPY230217P00379000,379.0,0,0.0,0.0,,0.0,normalDay
2023-02-08,8781.0,941.0,0.0,0,410.65,0.0,1,9.6,0.19,SPY230217P00379000,379.0,0,0.0,0.0,,0.0,normalDay
2023-02-09,8781.0,931.0,0.0,0,407.09,0.0,1,9.6,0.29,SPY230217P00379000,379.0,0,0.0,0.0,,0.0,normalDay
2023-02-10,8781.0,943.0,0.0,0,408.04,0.0,1,9.6,0.17,SPY230217P00379000,379.0,0,0.0,0.0,,0.0,normalDay
2023-02-13,8781.0,952.0,0.0,0,412.83,0.0,1,9.6,0.08,SPY230217P00379000,379.0,0,0.0,0.0,,0.0,normalDay
2023-02-14,8781.0,955.0,0.0,0,412.64,0.0,1,9.6,0.05,SPY230217P00379000,379.0,0,0.0,0.0,,0.0,normalDay
2023-02-15,8781.0,957.0,0.0,0,413.98,0.0,1,9.6,0.03,SPY230217P00379000,379.0,0,0.0,0.0,,0.0,normalDay
2023-02-16,8781.0,952.0,0.0,0,408.28,0.0,1,9.6,0.08,SPY230217P00379000,379.0,0,0.0,0.0,,0.0,normalDay
2023-02-17,9741.0,0.0,960.0,0,407.26,0.0,1,9.6,0.0,SPY230217P00379000,379.0,0,0.0,0.0,,0.0,expirationDay
2023-02-21,9741.0,-7.0,0.0,0,399.09,0.0,1,15.4,15.47,SPY230519P00402000,402.0,0,0.0,0.0,,0.0,normalDay
2023-02-22,9741.0,4.0,0.0,0,398.54,0.0,1,15.4,15.36,SPY230519P00402000,402.0,0,0.0,0.0,,0.0,normalDay
2023-02-23,9741.0,130.0,0.0,0,400.66,0.0,1,15.4,14.1,SPY230519P00402000,402.0,0,0.0,0.0,,0.0,normalDay
2023-02-24,9741.0,-104.0,0.0,0,396.38,0.0,1,15.4,16.44,SPY230519P00402000,402.0,0,0.0,0.0,,0.0,normalDay
2023-02-27,9741.0,37.0,0.0,0,397.73,0.0,1,15.4,15.03,SPY230519P00402000,402.0,0,0.0,0.0,,0.0,normalDay
2023-02-28,9741.0,-54.0,0.0,0,396.26,0.0,1,15.4,15.94,SPY230519P00402000,402.0,0,0.0,0.0,,0.0,normalDay
2023-03-01,9741.0,-102.0,0.0,0,394.74,0.0,1,15.4,16.42,SPY230519P00402000,402.0,0,0.0,0.0,,0.0,normalDay
2023-03-02,9741.0,83.0,0.0,0,397.81,0.0,1,15.4,14.57,SPY230519P00402000,402.0,0,0.0,0.0,,0.0,normalDay
2023-03-03,9741.0,412.0,0.0,0,404.19,0.0,1,15.4,11.28,SPY230519P00402000,402.0,0,0.0,0.0,,0.0,normalDay
2023-03-06,9741.0,445.0,0.0,0,404.47,0.0,1,15.4,10.95,SPY230519P00402000,402.0,0,0.0,0.0,,0.0,normalDay
2023-03-07,9741.0,156.0,0.0,0,398.27,0.0,1,15.4,13.84,SPY230519P00402000,402.0,0,0.0,0.0,,0.0,normalDay
2023-03-08,9741.0,218.0,0.0,0,398.92,0.0,1,15.4,13.22,SPY230519P00402000,402.0,0,0.0,0.0,,0.0,normalDay
2023-03-09,9741.0,-317.0,0.0,0,391.56,0.0,1,15.4,18.57,SPY230519P00402000,402.0,0,0.0,0.0,,0.0,normalDay
2023-03-10,9741.0,-669.0,0.0,0,385.91,0.0,1,15.4,22.09,SPY230519P00402000,402.0,0,0.0,0.0,,0.0,normalDay
2023-03-13,9741.0,-716.0,0.0,0,385.36,0.0,1,15.4,22.56,SPY230519P00402000,402.0,0,0.0,0.0,,0.0,normalDay
2023-03-14,9741.0,-282.0,0.0,0,391.73,0.0,1,15.4,18.22,SPY230519P00402000,402.0,0,0.0,0.0,,0.0,normalDay
2023-03-15,9741.0,-480.0,0.0,0,389.28,0.0,1,15.4,20.2,SPY230519P00402000,402.0,0,0.0,0.0,,0.0,normalDay
2023-03-16,9741.0,-4.0,0.0,0,396.11,0.0,1,15.4,15.44,SPY230519P00402000,402.0,0,0.0,0.0,,0.0,normalDay
2023-03-17,9741.0,-296.0,0.0,0,389.99,0.0,1,15.4,18.36,SPY230519P00402000,402.0,0,0.0,0.0,,0.0,normalDay
2023-03-20,9741.0,-68.0,0.0,0,393.74,0.0,1,15.4,16.08,SPY230519P00402000,402.0,0,0.0,0.0,,0.0,normalDay
2023-03-21,9741.0,285.0,0.0,0,398.91,0.0,1,15.4,12.55,SPY230519P00402000,402.0,0,0.0,0.0,,0.0,normalDay
2023-03-22,9741.0,-83.0,0.0,0,392.11,0.0,1,15.4,16.23,SPY230519P00402000,402.0,0,0.0,0.0,,0.0,normalDay
2023-03-23,9741.0,-40.0,0.0,0,393.17,0.0,1,15.4,15.8,SPY230519P00402000,402.0,0,0.0,0.0,,0.0,normalDay
2023-03-24,9741.0,137.0,0.0,0,395.75,0.0,1,15.4,14.03,SPY230519P00402000,402.0,0,0.0,0.0,,0.0,normalDay
2023-03-27,9741.0,264.0,0.0,0,396.49,0.0,1,15.4,12.76,SPY230519P00402000,402.0,0,0.0,0.0,,0.0,normalDay
2023-03-28,9741.0,269.0,0.0,0,395.6,0.0,1,15.4,12.71,SPY230519P00402000,402.0,0,0.0,0.0,,0.0,normalDay
2023-03-29,9741.0,538.0,0.0,0,401.35,0.0,1,15.4,10.02,SPY230519P00402000,402.0,0,0.0,0.0,,0.0,normalDay
2023-03-30,9741.0,648.0,0.0,0,403.7,0.0,1,15.4,8.92,SPY230519P00402000,402.0,0,0.0,0.0,,0.0,normalDay
2023-03-31,9741.0,841.0,0.0,0,409.39,0.0,1,15.4,6.99,SPY230519P00402000,402.0,0,0.0,0.0,,0.0,normalDay
2023-04-03,9741.0,938.0,0.0,0,410.95,0.0,1,15.4,6.02,SPY230519P00402000,402.0,0,0.0,0.0,,0.0,normalDay
2023-04-04,9741.0,875.0,0.0,0,408.67,0.0,1,15.4,6.65,SPY230519P00402000,402.0,0,0.0,0.0,,0.0,normalDay
2023-04-05,9741.0,838.0,0.0,0,407.6,0.0,1,15.4,7.02,SPY230519P00402000,402.0,0,0.0,0.0,,0.0,normalDay
2023-04-06,9741.0,916.0,0.0,0,409.19,0.0,1,15.4,6.24,SPY230519P00402000,402.0,0,0.0,0.0,,0.0,normalDay
2023-04-10,9741.0,971.0,0.0,0,409.61,0.0,1,15.4,5.69,SPY230519P00402000,402.0,0,0.0,0.0,,0.0,normalDay
2023-04-11,9741.0,981.0,0.0,0,409.72,0.0,1,15.4,5.59,SPY230519P00402000,402.0,0,0.0,0.0,,0.0,normalDay
2023-04-12,9741.0,937.0,0.0,0,408.05,0.0,1,15.4,6.03,SPY230519P00402000,402.0,0,0.0,0.0,,0.0,normalDay
2023-04-13,9741.0,1132.0,0.0,0,413.47,0.0,1,15.4,4.08,SPY230519P00402000,402.0,0,0.0,0.0,,0.0,normalDay
2023-04-14,9741.0,1152.0,0.0,0,412.46,0.0,1,15.4,3.88,SPY230519P00402000,402.0,0,0.0,0.0,,0.0,normalDay
2023-04-17,9741.0,1219.0,0.0,0,413.94,0.0,1,15.4,3.21,SPY230519P00402000,402.0,0,0.0,0.0,,0.0,normalDay
2023-04-18,9741.0,1225.0,0.0,0,414.21,0.0,1,15.4,3.15,SPY230519P00402000,402.0,0,0.0,0.0,,0.0,normalDay
2023-04-19,9741.0,1236.0,0.0,0,414.14,0.0,1,15.4,3.04,SPY230519P00402000,402.0,0,0.0,0.0,,0.0,normalDay
2023-04-20,9741.0,1189.0,0.0,0,411.88,0.0,1,15.4,3.51,SPY230519P00402000,402.0,0,0.0,0.0,,0.0,normalDay
2023-04-21,9741.0,1210.0,0.0,0,412.2,0.0,1,15.4,3.3,SPY230519P00402000,402.0,0,0.0,0.0,,0.0,normalDay
2023-04-24,9741.0,1246.0,0.0,0,412.63,0.0,1,15.4,2.94,SPY230519P00402000,402.0,0,0.0,0.0,,0.0,normalDay
2023-04-25,9741.0,1057.0,0.0,0,406.08,0.0,1,15.4,4.83,SPY230519P00402000,402.0,0,0.0,0.0,,0.0,normalDay
2023-04-26,9741.0,980.0,0.0,0,404.36,0.0,1,15.4,5.6,SPY230519P00402000,402.0,0,0.0,0.0,,0.0,normalDay
2023-04-27,9741.0,1288.0,0.0,0,412.41,0.0,1,15.4,2.52,SPY230519P00402000,402.0,0,0.0,0.0,,0.0,normalDay
2023-04-28,9741.0,1372.0,0.0,0,415.93,0.0,1,15.4,1.68,SPY230519P00402000,402.0,0,0.0,0.0,,0.0,normalDay
2023-05-01,9741.0,1388.0,0.0,0,415.51,0.0,1,15.4,1.52,SPY230519P00402000,402.0,0,0.0,0.0,,0.0,normalDay
2023-05-02,9741.0,1271.0,0.0,0,410.84,0.0,1,15.4,2.69,SPY230519P00402000,402.0,0,0.0,0.0,,0.0,normalDay
2023-05-03,9741.0,1219.0,0.0,0,408.02,0.0,1,15.4,3.21,SPY230519P00402000,402.0,0,0.0,0.0,,0.0,normalDay
2023-05-04,9741.0,1075.0,0.0,0,405.13,0.0,1,15.4,4.65,SPY230519P00402000,402.0,0,0.0,0.0,,0.0,normalDay
2023-05-05,9741.0,1370.0,0.0,0,412.63,0.0,1,15.4,1.7,SPY230519P00402000,402.0,0,0.0,0.0,,0.0,normalDay
2023-05-08,9741.0,1419.0,0.0,0,412.74,0.0,1,15.4,1.21,SPY230519P00402000,402.0,0,0.0,0.0,,0.0,normalDay
2023-05-09,9741.0,1393.0,0.0,0,410.93,0.0,1,15.4,1.47,SPY230519P00402000,402.0,0,0.0,0.0,,0.0,normalDay
2023-05-10,9741.0,1459.0,0.0,0,412.85,0.0,1,15.4,0.81,SPY230519P00402000,402.0,0,0.0,0.0,,0.0,normalDay
2023-05-11,9741.0,1466.0,0.0,0,412.13,0.0,1,15.4,0.74,SPY230519P00402000,402.0,0,0.0,0.0,,0.0,normalDay
2023-05-12,9741.0,1475.0,0.0,0,411.59,0.0,1,15.4,0.65,SPY230519P00402000,402.0,0,0.0,0.0,,0.0,normalDay
2023-05-15,9741.0,1512.0,0.0,0,413.01,0.0,1,15.4,0.28,SPY230519P00402000,402.0,0,0.0,0.0,,0.0,normalDay
2023-05-16,9741.0,1498.0,0.0,0,410.25,0.0,1,15.4,0.42,SPY230519P00402000,402.0,0,0.0,0.0,,0.0,normalDay
2023-05-17,9741.0,1530.0,0.0,0,415.23,0.0,1,15.4,0.1,SPY230519P00402000,402.0,0,0.0,0.0,,0.0,normalDay
2023-05-18,9741.0,1535.0,0.0,0,419.23,0.0,1,15.4,0.05,SPY230519P00402000,402.0,0,0.0,0.0,,0.0,normalDay
2023-05-19,11281.0,0.0,1540.0,0,418.62,0.0,1,15.4,0.0,SPY230519P00402000,402.0,0,0.0,0.0,,0.0,expirationDay
2023-05-22,11281.0,-4.0,0.0,0,418.79,0.0,1,6.07,6.11,SPY230721P00408000,408.0,0,0.0,0.0,,0.0,normalDay
2023-05-23,11281.0,-167.0,0.0,0,414.09,0.0,1,6.07,7.74,SPY230721P00408000,408.0,0,0.0,0.0,,0.0,normalDay
2023-05-24,11281.0,-295.0,0.0,0,411.09,0.0,1,6.07,9.02,SPY230721P00408000,408.0,0,0.0,0.0,,0.0,normalDay
2023-05-25,11281.0,-149.0,0.0,0,414.65,0.0,1,6.07,7.56,SPY230721P00408000,408.0,0,0.0,0.0,,0.0,normalDay
2023-05-26,11281.0,40.0,0.0,0,420.02,0.0,1,6.07,5.67,SPY230721P00408000,408.0,0,0.0,0.0,,0.0,normalDay
2023-05-30,11281.0,90.0,0.0,0,420.18,0.0,1,6.07,5.17,SPY230721P00408000,408.0,0,0.0,0.0,,0.0,normalDay
2023-05-31,11281.0,41.0,0.0,0,417.85,0.0,1,6.07,5.66,SPY230721P00408000,408.0,0,0.0,0.0,,0.0,normalDay
2023-06-01,11281.0,196.0,0.0,0,421.82,0.0,1,6.07,4.11,SPY230721P00408000,408.0,0,0.0,0.0,,0.0,normalDay
2023-06-02,11281.0,329.0,0.0,0,427.92,0.0,1,6.07,2.78,SPY230721P00408000,408.0,0,0.0,0.0,,0.0,normalDay
2023-06-05,11281.0,336.0,0.0,0,427.1,0.0,1,6.07,2.71,SPY230721P00408000,408.0,0,0.0,0.0,,0.0,normalDay
2023-06-06,11281.0,381.0,0.0,0,428.03,0.0,1,6.07,2.26,SPY230721P00408000,408.0,0,0.0,0.0,,0.0,normalDay
2023-06-07,11281.0,370.0,0.0,0,426.55,0.0,1,6.07,2.37,SPY230721P00408000,408.0,0,0.0,0.0,,0.0,normalDay
2023-06-08,11281.0,411.0,0.0,0,429.13,0.0,1,6.07,1.96,SPY230721P00408000,408.0,0,0.0,0.0,,0.0,normalDay
2023-06-09,11281.0,419.0,0.0,0,429.9,0.0,1,6.07,1.88,SPY230721P00408000,408.0,0,0.0,0.0,,0.0,normalDay
2023-06-12,11281.0,444.0,0.0,0,433.8,0.0,1,6.07,1.63,SPY230721P00408000,408.0,0,0.0,0.0,,0.0,normalDay
2023-06-13,11281.0,476.0,0.0,0,436.66,0.0,1,6.07,1.31,SPY230721P00408000,408.0,0,0.0,0.0,,0.0,normalDay
2023-06-14,11281.0,502.0,0.0,0,437.18,0.0,1,6.07,1.05,SPY230721P00408000,408.0,0,0.0,0.0,,0.0,normalDay
2023-06-15,11281.0,515.0,0.0,0,442.6,0.0,1,6.07,0.92,SPY230721P00408000,408.0,0,0.0,0.0,,0.0,normalDay
2023-06-16,11281.0,532.0,0.0,0,439.46,0.0,1,6.07,0.75,SPY230721P00408000,408.0,0,0.0,0.0,,0.0,normalDay
2023-06-20,11281.0,530.0,0.0,0,437.18,0.0,1,6.07,0.77,SPY230721P00408000,408.0,0,0.0,0.0,,0.0,normalDay
2023-06-21,11281.0,531.0,0.0,0,434.94,0.0,1,6.07,0.76,SPY230721P00408000,408.0,0,0.0,0.0,,0.0,normalDay
2023-06-22,11281.0,545.0,0.0,0,436.51,0.0,1,6.07,0.62,SPY230721P00408000,408.0,0,0.0,0.0,,0.0,normalDay
2023-06-23,11281.0,528.0,0.0,0,433.21,0.0,1,6.07,0.79,SPY230721P00408000,408.0,0,0.0,0.0,,0.0,normalDay
2023-06-26,11281.0,521.0,0.0,0,431.44,0.0,1,6.07,0.86,SPY230721P00408000,408.0,0,0.0,0.0,,0.0,normalDay
2023-06-27,11281.0,553.0,0.0,0,436.17,0.0,1,6.07,0.54,SPY230721P00408000,408.0,0,0.0,0.0,,0.0,normalDay
2023-06-28,11281.0,564.0,0.0,0,436.39,0.0,1,6.07,0.43,SPY230721P00408000,408.0,0,0.0,0.0,,0.0,normalDay
2023-06-29,11281.0,570.0,0.0,0,438.11,0.0,1,6.07,0.37,SPY230721P00408000,408.0,0,0.0,0.0,,0.0,normalDay
2023-06-30,11281.0,580.0,0.0,0,443.28,0.0,1,6.07,0.27,SPY230721P00408000,408.0,0,0.0,0.0,,0.0,normalDay
2023-07-03,11281.0,585.0,0.0,0,443.79,0.0,1,6.07,0.22,SPY230721P00408000,408.0,0,0.0,0.0,,0.0,normalDay
2023-07-05,11281.0,585.0,0.0,0,443.13,0.0,1,6.07,0.22,SPY230721P00408000,408.0,0,0.0,0.0,,0.0,normalDay
2023-07-06,11281.0,577.0,0.0,0,439.66,0.0,1,6.07,0.3,SPY230721P00408000,408.0,0,0.0,0.0,,0.0,normalDay
2023-07-07,11281.0,584.0,0.0,0,438.55,0.0,1,6.07,0.23,SPY230721P00408000,408.0,0,0.0,0.0,,0.0,normalDay
2023-07-10,11281.0,590.0,0.0,0,439.66,0.0,1,6.07,0.17,SPY230721P00408000,408.0,0,0.0,0.0,,0.0,normalDay
2023-07-11,11281.0,593.0,0.0,0,442.46,0.0,1,6.07,0.14,SPY230721P00408000,408.0,0,0.0,0.0,,0.0,normalDay
2023-07-12,11281.0,598.0,0.0,0,446.02,0.0,1,6.07,0.09,SPY230721P00408000,408.0,0,0.0,0.0,,0.0,normalDay
2023-07-13,11281.0,598.0,0.0,0,449.56,0.0,1,6.07,0.09,SPY230721P00408000,408.0,0,0.0,0.0,,0.0,normalDay
2023-07-14,11281.0,601.0,0.0,0,449.28,0.0,1,6.07,0.06,SPY230721P00408000,408.0,0,0.0,0.0,,0.0,normalDay
2023-07-17,11281.0,603.0,0.0,0,450.84,0.0,1,6.07,0.04,SPY230721P00408000,408.0,0,0.0,0.0,,0.0,normalDay
2023-07-18,11281.0,604.0,0.0,0,454.19,0.0,1,6.07,0.03,SPY230721P00408000,408.0,0,0.0,0.0,,0.0,normalDay
2023-07-19,11281.0,605.0,0.0,0,455.2,0.0,1,6.07,0.02,SPY230721P00408000,408.0,0,0.0,0.0,,0.0,normalDay
2023-07-20,11281.0,605.0,0.0,0,452.18,0.0,1,6.07,0.02,SPY230721P00408000,408.0,0,0.0,0.0,,0.0,normalDay
2023-07-21,11888.0,0.0,607.0,0,452.18,0.0,1,6.07,0.0,SPY230721P00408000,408.0,0,0.0,0.0,,0.0,expirationDay
2023-07-24,11888.0,-3.0,0.0,0,454.2,0.0,1,4.18,4.21,SPY230929P00438000,438.0,0,0.0,0.0,,0.0,normalDay
2023-07-25,11888.0,15.0,0.0,0,455.44,0.0,1,4.18,4.03,SPY230929P00438000,438.0,0,0.0,0.0,,0.0,normalDay
2023-07-26,11888.0,47.0,0.0,0,455.51,0.0,1,4.18,3.71,SPY230929P00438000,438.0,0,0.0,0.0,,0.0,normalDay
2023-07-27,11888.0,-39.0,0.0,0,452.49,0.0,1,4.18,4.57,SPY230929P00438000,438.0,0,0.0,0.0,,0.0,normalDay
2023-07-28,11888.0,60.0,0.0,0,456.92,0.0,1,4.18,3.58,SPY230929P00438000,438.0,0,0.0,0.0,,0.0,normalDay
2023-07-31,11888.0,83.0,0.0,0,457.79,0.0,1,4.18,3.35,SPY230929P00438000,438.0,0,0.0,0.0,,0.0,normalDay
2023-08-01,11888.0,54.0,0.0,0,456.48,0.0,1,4.18,3.64,SPY230929P00438000,438.0,0,0.0,0.0,,0.0,normalDay
2023-08-02,11888.0,-134.0,0.0,0,450.13,0.0,1,4.18,5.52,SPY230929P00438000,438.0,0,0.0,0.0,,0.0,normalDay
2023-08-03,11888.0,-125.0,0.0,0,448.84,0.0,1,4.18,5.43,SPY230929P00438000,438.0,0,0.0,0.0,,0.0,normalDay
2023-08-04,11888.0,-239.0,0.0,0,446.81,0.0,1,4.18,6.57,SPY230929P00438000,438.0,0,0.0,0.0,,0.0,normalDay
2023-08-07,11888.0,-72.0,0.0,0,450.71,0.0,1,4.18,4.9,SPY230929P00438000,438.0,0,0.0,0.0,,0.0,normalDay
2023-08-08,11888.0,-131.0,0.0,0,448.75,0.0,1,4.18,5.49,SPY230929P00438000,438.0,0,0.0,0.0,,0.0,normalDay
2023-08-09,11888.0,-184.0,0.0,0,445.75,0.0,1,4.18,6.02,SPY230929P00438000,438.0,0,0.0,0.0,,0.0,normalDay
2023-08-10,11888.0,-191.0,0.0,0,445.91,0.0,1,4.18,6.09,SPY230929P00438000,438.0,0,0.0,0.0,,0.0,normalDay
2023-08-11,11888.0,-152.0,0.0,0,445.65,0.0,1,4.18,5.7,SPY230929P00438000,438.0,0,0.0,0.0,,0.0,normalDay
2023-08-14,11888.0,-60.0,0.0,0,448.11,0.0,1,4.18,4.78,SPY230929P00438000,438.0,0,0.0,0.0,,0.0,normalDay
2023-08-15,11888.0,-255.0,0.0,0,442.89,0.0,1,4.18,6.73,SPY230929P00438000,438.0,0,0.0,0.0,,0.0,normalDay
2023-08-16,11888.0,-373.0,0.0,0,439.64,0.0,1,4.18,7.91,SPY230929P00438000,438.0,0,0.0,0.0,,0.0,normalDay
2023-08-17,11888.0,-552.0,0.0,0,436.29,0.0,1,4.18,9.7,SPY230929P00438000,438.0,0,0.0,0.0,,0.0,normalDay
2023-08-18,11888.0,-499.0,0.0,0,436.5,0.0,1,4.18,9.17,SPY230929P00438000,438.0,0,0.0,0.0,,0.0,normalDay
2023-08-21,11888.0,-353.0,0.0,0,439.34,0.0,1,4.18,7.71,SPY230929P00438000,438.0,0,0.0,0.0,,0.0,normalDay
2023-08-22,11888.0,-375.0,0.0,0,438.15,0.0,1,4.18,7.93,SPY230929P00438000,438.0,0,0.0,0.0,,0.0,normalDay
2023-08-23,11888.0,-153.0,0.0,0,443.03,0.0,1,4.18,5.71,SPY230929P00438000,438.0,0,0.0,0.0,,0.0,normalDay
2023-08-24,11888.0,-421.0,0.0,0,436.89,0.0,1,4.18,8.39,SPY230929P00438000,438.0,0,0.0,0.0,,0.0,normalDay
2023-08-25,11888.0,-230.0,0.0,0,439.97,0.0,1,4.18,6.48,SPY230929P00438000,438.0,0,0.0,0.0,,0.0,normalDay
2023-08-28,11888.0,-79.0,0.0,0,442.76,0.0,1,4.18,4.97,SPY230929P00438000,438.0,0,0.0,0.0,,0.0,normalDay
2023-08-29,11888.0,117.0,0.0,0,449.16,0.0,1,4.18,3.01,SPY230929P00438000,438.0,0,0.0,0.0,,0.0,normalDay
2023-08-30,11888.0,181.0,0.0,0,451.01,0.0,1,4.18,2.37,SPY230929P00438000,438.0,0,0.0,0.0,,0.0,normalDay
2023-08-31,11888.0,194.0,0.0,0,450.35,0.0,1,4.18,2.24,SPY230929P00438000,438.0,0,0.0,0.0,,0.0,normalDay
2023-09-01,11888.0,218.0,0.0,0,451.19,0.0,1,4.18,2.0,SPY230929P00438000,438.0,0,0.0,0.0,,0.0,normalDay
2023-09-05,11888.0,191.0,0.0,0,449.24,0.0,1,4.18,2.27,SPY230929P00438000,438.0,0,0.0,0.0,,0.0,normalDay
2023-09-06,11888.0,121.0,0.0,0,446.22,0.0,1,4.18,2.97,SPY230929P00438000,438.0,0,0.0,0.0,,0.0,normalDay
2023-09-07,11888.0,95.0,0.0,0,444.85,0.0,1,4.18,3.23,SPY230929P00438000,438.0,0,0.0,0.0,,0.0,normalDay
2023-09-08,11888.0,160.0,0.0,0,445.52,0.0,1,4.18,2.58,SPY230929P00438000,438.0,0,0.0,0.0,,0.0,normalDay
2023-09-11,11888.0,240.0,0.0,0,448.45,0.0,1,4.18,1.78,SPY230929P00438000,438.0,0,0.0,0.0,,0.0,normalDay
2023-09-12,11888.0,191.0,0.0,0,445.99,0.0,1,4.18,2.27,SPY230929P00438000,438.0,0,0.0,0.0,,0.0,normalDay
2023-09-13,11888.0,246.0,0.0,0,446.51,0.0,1,4.18,1.72,SPY230929P00438000,438.0,0,0.0,0.0,,0.0,normalDay
2023-09-14,11888.0,330.0,0.0,0,450.36,0.0,1,4.18,0.88,SPY230929P00438000,438.0,0,0.0,0.0,,0.0,normalDay
2023-09-15,11888.0,231.0,0.0,0,443.37,0.0,1,4.18,1.87,SPY230929P00438000,438.0,0,0.0,0.0,,0.0,normalDay
2023-09-18,11888.0,253.0,0.0,0,443.63,0.0,1,4.18,1.65,SPY230929P00438000,438.0,0,0.0,0.0,,0.0,normalDay
2023-09-19,11888.0,235.0,0.0,0,442.71,0.0,1,4.18,1.83,SPY230929P00438000,438.0,0,0.0,0.0,,0.0,normalDay
2023-09-20,11888.0,89.0,0.0,0,438.64,0.0,1,4.18,3.29,SPY230929P00438000,438.0,0,0.0,0.0,,0.0,normalDay
2023-09-21,11888.0,-352.0,0.0,0,431.39,0.0,1,4.18,7.7,SPY230929P00438000,438.0,0,0.0,0.0,,0.0,normalDay
2023-09-22,11888.0,-387.0,0.0,0,430.42,0.0,1,4.18,8.05,SPY230929P00438000,438.0,0,0.0,0.0,,0.0,normalDay
2023-09-25,11888.0,-216.0,0.0,0,432.23,0.0,1,4.18,6.34,SPY230929P00438000,438.0,0,0.0,0.0,,0.0,normalDay
2023-09-26,11888.0,-776.0,0.0,0,425.88,0.0,1,4.18,11.94,SPY230929P00438000,438.0,0,0.0,0.0,,0.0,normalDay
2023-09-27,11888.0,-765.0,0.0,0,426.05,0.0,1,4.18,11.83,SPY230929P00438000,438.0,0,0.0,0.0,,0.0,normalDay
2023-09-28,11888.0,-567.0,0.0,0,428.52,0.0,1,4.18,9.85,SPY230929P00438000,438.0,0,0.0,0.0,,0.0,normalDay
2023-09-29,12306.0,-1052.0,418.0,100,427.48,438.0,1,4.18,0.0,SPY230929P00438000,438.0,0,0.0,0.0,,0.0,expirationDay
2023-10-02,12306.0,-1069.0,0.0,100,427.31,438.0,0,0.0,0.0,,0.0,0,0.0,0.0,,0.0,bidTooLow
2023-10-03,12306.0,-1641.0,0.0,100,421.59,438.0,0,0.0,0.0,,0.0,0,0.0,0.0,,0.0,bidTooLow
2023-10-04,12306.0,-1334.0,0.0,100,424.66,438.0,0,0.0,0.0,,0.0,0,0.0,0.0,,0.0,bidTooLow
2023-10-05,12306.0,-1350.0,0.0,100,424.5,438.0,0,0.0,0.0,,0.0,0,0.0,0.0,,0.0,bidTooLow
2023-10-06,12306.0,-849.0,0.0,100,429.54,438.0,0,0.0,0.0,,0.0,1,0.01,0.04,SPY231103C00472000,472.0,normalDay
2023-10-09,12306.0,-574.0,0.0,100,432.29,438.0,0,0.0,0.0,,0.0,1,0.01,0.04,SPY231103C00472000,472.0,normalDay
2023-10-10,12306.0,-350.0,0.0,100,434.54,438.0,0,0.0,0.0,,0.0,1,0.01,0.05,SPY231103C00472000,472.0,normalDay
2023-10-11,12306.0,-171.0,0.0,100,436.32,438.0,0,0.0,0.0,,0.0,1,0.01,0.04,SPY231103C00472000,472.0,normalDay
2023-10-12,12306.0,-436.0,0.0,100,433.66,438.0,0,0.0,0.0,,0.0,1,0.01,0.03,SPY231103C00472000,472.0,normalDay
2023-10-13,12306.0,-652.0,0.0,100,431.5,438.0,0,0.0,0.0,,0.0,1,0.01,0.03,SPY231103C00472000,472.0,normalDay
2023-10-16,12306.0,-199.0,0.0,100,436.04,438.0,0,0.0,0.0,,0.0,1,0.01,0.04,SPY231103C00472000,472.0,normalDay
2023-10-17,12306.0,-200.0,0.0,100,436.02,438.0,0,0.0,0.0,,0.0,1,0.01,0.03,SPY231103C00472000,472.0,normalDay
2023-10-18,12306.0,-780.0,0.0,100,430.21,438.0,0,0.0,0.0,,0.0,1,0.01,0.02,SPY231103C00472000,472.0,normalDay
2023-10-19,12306.0,-1158.0,0.0,100,426.43,438.0,0,0.0,0.0,,0.0,1,0.01,0.02,SPY231103C00472000,472.0,normalDay
2023-10-20,12306.0,-1682.0,0.0,100,421.19,438.0,0,0.0,0.0,,0.0,1,0.01,0.02,SPY231103C00472000,472.0,normalDay
2023-10-23,12306.0,-1754.0,0.0,100,420.46,438.0,0,0.0,0.0,,0.0,1,0.01,0.01,SPY231103C00472000,472.0,normalDay
2023-10-24,12306.0,-1437.0,0.0,100,423.63,438.0,0,0.0,0.0,,0.0,1,0.01,0.01,SPY231103C00472000,472.0,normalDay
2023-10-25,12306.0,-2045.0,0.0,100,417.55,438.0,0,0.0,0.0,,0.0,1,0.01,0.01,SPY231103C00472000,472.0,normalDay
2023-10-26,12306.0,-2546.0,0.0,100,412.55,438.0,0,0.0,0.0,,0.0,1,0.01,0.02,SPY231103C00472000,472.0,normalDay
2023-10-27,12306.0,-2732.0,0.0,100,410.68,438.0,0,0.0,0.0,,0.0,1,0.01,0.01,SPY231103C00472000,472.0,normalDay
2023-10-30,12306.0,-2241.0,0.0,100,415.59,438.0,0,0.0,0.0,,0.0,1,0.01,0.01,SPY231103C00472000,472.0,normalDay
2023-10-31,12306.0,-1980.0,0.0,100,418.2,438.0,0,0.0,0.0,,0.0,1,0.01,0.01,SPY231103C00472000,472.0,normalDay
2023-11-01,12306.0,-1534.0,0.0,100,422.66,438.0,0,0.0,0.0,,0.0,1,0.01,0.01,SPY231103C00472000,472.0,normalDay
2023-11-02,12306.0,-724.0,0.0,100,430.76,438.0,0,0.0,0.0,,0.0,1,0.01,0.01,SPY231103C00472000,472.0,normalDay
2023-11-03,12307.0,-331.0,1.0,100,434.69,438.0,0,0.0,0.0,,0.0,1,0.01,0.0,SPY231103C00472000,472.0,expirationDay
2023-11-06,12307.0,-234.0,0.0,100,435.69,438.0,0,0.0,0.0,,0.0,1,0.35,0.38,SPY231208C00460000,460.0,normalDay
2023-11-07,12307.0,-114.0,0.0,100,436.93,438.0,0,0.0,0.0,,0.0,1,0.35,0.42,SPY231208C00460000,460.0,normalDay
2023-11-08,12307.0,-77.0,0.0,100,437.25,438.0,0,0.0,0.0,,0.0,1,0.35,0.37,SPY231208C00460000,460.0,normalDay
2023-11-09,12307.0,-402.0,0.0,100,433.84,438.0,0,0.0,0.0,,0.0,1,0.35,0.21,SPY231208C00460000,460.0,normalDay
2023-11-10,12307.0,243.0,0.0,100,440.61,438.0,0,0.0,0.0,,0.0,1,0.35,0.53,SPY231208C00460000,460.0,normalDay
2023-11-13,12307.0,209.0,0.0,100,440.19,438.0,0,0.0,0.0,,0.0,1,0.35,0.45,SPY231208C00460000,460.0,normalDay
2023-11-14,12307.0,935.0,0.0,100,448.73,438.0,0,0.0,0.0,,0.0,1,0.35,1.73,SPY231208C00460000,460.0,normalDay
2023-11-15,12307.0,1045.0,0.0,100,449.68,438.0,0,0.0,0.0,,0.0,1,0.35,1.58,SPY231208C00460000,460.0,normalDay
2023-11-16,12307.0,1101.0,0.0,100,450.23,438.0,0,0.0,0.0,,0.0,1,0.35,1.57,SPY231208C00460000,460.0,normalDay
2023-11-17,12307.0,1167.0,0.0,100,450.79,438.0,0,0.0,0.0,,0.0,1,0.35,1.47,SPY231208C00460000,460.0,normalDay
2023-11-20,12307.0,1442.0,0.0,100,454.26,438.0,0,0.0,0.0,,0.0,1,0.35,2.19,SPY231208C00460000,460.0,normalDay
2023-11-21,12307.0,1395.0,0.0,100,453.27,438.0,0,0.0,0.0,,0.0,1,0.35,1.67,SPY231208C00460000,460.0,normalDay
2023-11-22,12307.0,1547.0,0.0,100,455.02,438.0,0,0.0,0.0,,0.0,1,0.35,1.9,SPY231208C00460000,460.0,normalDay
2023-11-24,12307.0,1602.0,0.0,100,455.3,438.0,0,0.0,0.0,,0.0,1,0.35,1.63,SPY231208C00460000,460.0,normalDay
2023-11-27,12307.0,1555.0,0.0,100,454.48,438.0,0,0.0,0.0,,0.0,1,0.35,1.28,SPY231208C00460000,460.0,normalDay
2023-11-28,12307.0,1601.0,0.0,100,454.93,438.0,0,0.0,0.0,,0.0,1,0.35,1.27,SPY231208C00460000,460.0,normalDay
2023-11-29,12307.0,1565.0,0.0,100,454.61,438.0,0,0.0,0.0,,0.0,1,0.35,1.31,SPY231208C00460000,460.0,normalDay
2023-11-30,12307.0,1725.0,0.0,100,456.4,438.0,0,0.0,0.0,,0.0,1,0.35,1.5,SPY231208C00460000,460.0,normalDay
