date,totalCapital,unrializedPnL,rializedPnL,stocksOwned,stocksPriceToday,stocksPriceBoughtAt,putOwned,putOwnedSoldAt,putPriceToday,putOwnedContract,putOwnedStrike,callOwned,callOwnedSoldAt,callPriceToday,callOwnedContract,callOwnedStrike,trackType
2018-11-01,0.0,-4.0,0.0,0,273.51,0.0,1,0.3,0.34,SPY181112P00254000,254.0,0,0.0,0.0,,0.0,normalDay
2018-11-02,0.0,2.0,0.0,0,271.89,0.0,1,0.3,0.28,SPY181112P00254000,254.0,0,0.0,0.0,,0.0,normalDay
2018-11-05,0.0,13.0,0.0,0,273.39,0.0,1,0.3,0.17,SPY181112P00254000,254.0,0,0.0,0.0,,0.0,normalDay
2018-11-06,0.0,15.0,0.0,0,275.12,0.0,1,0.3,0.15,SPY181112P00254000,254.0,0,0.0,0.0,,0.0,normalDay
2018-11-07,0.0,27.0,0.0,0,281.01,0.0,1,0.3,0.03,SPY181112P00254000,254.0,0,0.0,0.0,,0.0,normalDay
2018-11-08,0.0,28.0,0.0,0,280.5,0.0,1,0.3,0.02,SPY181112P00254000,254.0,0,0.0,0.0,,0.0,normalDay
2018-11-09,0.0,29.0,0.0,0,277.76,0.0,1,0.3,0.01,SPY181112P00254000,254.0,0,0.0,0.0,,0.0,normalDay
2018-11-12,30.0,0.0,30.0,0,272.57,0.0,1,0.3,0.0,SPY181112P00254000,254.0,0,0.0,0.0,,0.0,expirationDay
2018-11-13,30.0,-3.0,0.0,0,272.06,0.0,1,0.46,0.49,SPY181123P00258000,258.0,0,0.0,0.0,,0.0,normalDay
2018-11-14,30.0,-18.0,0.0,0,270.2,0.0,1,0.46,0.64,SPY181123P00258000,258.0,0,0.0,0.0,,0.0,normalDay
2018-11-15,30.0,19.0,0.0,0,273.02,0.0,1,0.46,0.27,SPY181123P00258000,258.0,0,0.0,0.0,,0.0,normalDay
2018-11-16,30.0,36.0,0.0,0,273.73,0.0,1,0.46,0.1,SPY181123P00258000,258.0,0,0.0,0.0,,0.0,normalDay
2018-11-19,30.0,30.0,0.0,0,269.1,0.0,1,0.46,0.16,SPY181123P00258000,258.0,0,0.0,0.0,,0.0,normalDay
2018-11-20,30.0,-3.0,0.0,0,264.12,0.0,1,0.46,0.49,SPY181123P00258000,258.0,0,0.0,0.0,,0.0,normalDay
2018-11-21,30.0,39.0,0.0,0,265.02,0.0,1,0.46,0.07,SPY181123P00258000,258.0,0,0.0,0.0,,0.0,normalDay
2018-11-23,76.0,0.0,46.0,0,263.25,0.0,1,0.46,0.0,SPY181123P00258000,258.0,0,0.0,0.0,,0.0,expirationDay
2018-11-26,76.0,-4.0,0.0,0,267.5,0.0,1,0.57,0.61,SPY181207P00256000,256.0,0,0.0,0.0,,0.0,normalDay
2018-11-27,76.0,-2.0,0.0,0,268.4,0.0,1,0.57,0.59,SPY181207P00256000,256.0,0,0.0,0.0,,0.0,normalDay
2018-11-28,76.0,33.0,0.0,0,274.58,0.0,1,0.57,0.24,SPY181207P00256000,256.0,0,0.0,0.0,,0.0,normalDay
2018-11-29,76.0,32.0,0.0,0,273.98,0.0,1,0.57,0.25,SPY181207P00256000,256.0,0,0.0,0.0,,0.0,normalDay
2018-11-30,76.0,44.0,0.0,0,275.65,0.0,1,0.57,0.13,SPY181207P00256000,256.0,0,0.0,0.0,,0.0,normalDay
2018-12-03,76.0,54.0,0.0,0,279.3,0.0,1,0.57,0.03,SPY181207P00256000,256.0,0,0.0,0.0,,0.0,normalDay
2018-12-04,76.0,40.0,0.0,0,270.25,0.0,1,0.57,0.17,SPY181207P00256000,256.0,0,0.0,0.0,,0.0,normalDay
2018-12-06,76.0,55.0,0.0,0,269.84,0.0,1,0.57,0.02,SPY181207P00256000,256.0,0,0.0,0.0,,0.0,normalDay
2018-12-07,133.0,0.0,57.0,0,263.57,0.0,1,0.57,0.0,SPY181207P00256000,256.0,0,0.0,0.0,,0.0,expirationDay
2018-12-10,133.0,-6.0,0.0,0,264.07,0.0,1,1.81,1.87,SPY181221P00256000,256.0,0,0.0,0.0,,0.0,normalDay
2018-12-11,133.0,19.0,0.0,0,264.13,0.0,1,1.81,1.62,SPY181221P00256000,256.0,0,0.0,0.0,,0.0,normalDay
2018-12-12,133.0,56.0,0.0,0,265.46,0.0,1,1.81,1.25,SPY181221P00256000,256.0,0,0.0,0.0,,0.0,normalDay
2018-12-13,133.0,91.0,0.0,0,265.37,0.0,1,1.81,0.9,SPY181221P00256000,256.0,0,0.0,0.0,,0.0,normalDay
2018-12-14,133.0,-8.0,0.0,0,260.47,0.0,1,1.81,1.89,SPY181221P00256000,256.0,0,0.0,0.0,,0.0,normalDay
2018-12-17,133.0,-235.0,0.0,0,255.36,0.0,1,1.81,4.16,SPY181221P00256000,256.0,0,0.0,0.0,,0.0,normalDay
2018-12-18,133.0,-296.0,0.0,0,255.08,0.0,1,1.81,4.77,SPY181221P00256000,256.0,0,0.0,0.0,,0.0,normalDay
2018-12-19,133.0,-467.0,0.0,0,251.26,0.0,1,1.81,6.48,SPY181221P00256000,256.0,0,0.0,0.0,,0.0,normalDay
2018-12-20,133.0,-775.0,0.0,0,247.17,0.0,1,1.81,9.56,SPY181221P00256000,256.0,0,0.0,0.0,,0.0,normalDay
2018-12-21,314.0,-1530.0,181.0,100,240.7,256.0,1,1.81,0.0,SPY181221P00256000,256.0,0,0.0,0.0,,0.0,expirationDay
2018-12-24,314.0,-2166.0,0.0,100,234.34,256.0,0,0.0,0.0,,0.0,0,0.0,0.0,,0.0,bidTooLow
2018-12-26,314.0,-982.0,0.0,100,246.18,256.0,0,0.0,0.0,,0.0,0,0.0,0.0,,0.0,bidTooLow
2018-12-27,314.0,-793.0,0.0,100,248.07,256.0,0,0.0,0.0,,0.0,0,0.0,0.0,,0.0,bidTooLow
2018-12-28,314.0,-825.0,0.0,100,247.75,256.0,0,0.0,0.0,,0.0,0,0.0,0.0,,0.0,bidTooLow
2018-12-31,314.0,-608.0,0.0,100,249.92,256.0,0,0.0,0.0,,0.0,0,0.0,0.0,,0.0,bidTooLow
2019-01-02,314.0,-582.0,0.0,100,250.18,256.0,0,0.0,0.0,,0.0,0,0.0,0.0,,0.0,bidTooLow
2019-01-03,314.0,-1179.0,0.0,100,244.21,256.0,0,0.0,0.0,,0.0,0,0.0,0.0,,0.0,bidTooLow
2019-01-04,314.0,-361.0,0.0,100,252.39,256.0,0,0.0,0.0,,0.0,0,0.0,0.0,,0.0,bidTooLow
2019-01-07,314.0,-162.0,0.0,100,254.38,256.0,0,0.0,0.0,,0.0,0,0.0,0.0,,0.0,bidTooLow
2019-01-08,314.0,77.0,0.0,100,256.77,256.0,0,0.0,0.0,,0.0,0,0.0,0.0,,0.0,bidTooLow
2019-01-09,314.0,197.0,0.0,100,257.97,256.0,0,0.0,0.0,,0.0,0,0.0,0.0,,0.0,bidTooLow
2019-01-10,314.0,288.0,0.0,100,258.88,256.0,0,0.0,0.0,,0.0,0,0.0,0.0,,0.0,bidTooLow
2019-01-11,314.0,298.0,0.0,100,258.98,256.0,0,0.0,0.0,,0.0,0,0.0,0.0,,0.0,bidTooLow
2019-01-14,314.0,140.0,0.0,100,257.4,256.0,0,0.0,0.0,,0.0,0,0.0,0.0,,0.0,bidTooLow
2019-01-15,314.0,432.0,0.0,100,260.35,256.0,0,0.0,0.0,,0.0,1,0.06,0.09,SPY190116C00263500,263.5,normalDay
2019-01-16,320.0,498.0,6.0,100,260.98,256.0,0,0.0,0.0,,0.0,1,0.06,0.0,SPY190116C00263500,263.5,expirationDay
2019-01-17,320.0,693.0,0.0,100,262.96,256.0,0,0.0,0.0,,0.0,1,0.2,0.23,SPY190118C00265500,265.5,normalDay
2019-01-18,1290.0,693.0,970.0,0,266.46,0.0,0,0.0,0.0,,0.0,1,0.2,0.0,SPY190118C00265500,265.5,expirationDay
2019-01-22,1290.0,-3.0,0.0,0,262.86,0.0,1,0.04,0.07,SPY190201P00229000,229.0,0,0.0,0.0,,0.0,normalDay
2019-01-23,1290.0,1.0,0.0,0,263.41,0.0,1,0.04,0.03,SPY190201P00229000,229.0,0,0.0,0.0,,0.0,normalDay
2019-01-24,1290.0,2.0,0.0,0,263.55,0.0,1,0.04,0.02,SPY190201P00229000,229.0,0,0.0,0.0,,0.0,normalDay
2019-01-25,1290.0,3.0,0.0,0,265.78,0.0,1,0.04,0.01,SPY190201P00229000,229.0,0,0.0,0.0,,0.0,normalDay
2019-01-28,1290.0,3.0,0.0,0,263.76,0.0,1,0.04,0.01,SPY190201P00229000,229.0,0,0.0,0.0,,0.0,normalDay
2019-01-29,1290.0,3.0,0.0,0,263.41,0.0,1,0.04,0.01,SPY190201P00229000,229.0,0,0.0,0.0,,0.0,normalDay
2019-01-30,1290.0,3.0,0.0,0,267.58,0.0,1,0.04,0.01,SPY190201P00229000,229.0,0,0.0,0.0,,0.0,normalDay
2019-01-31,1290.0,3.0,0.0,0,269.93,0.0,1,0.04,0.01,SPY190201P00229000,229.0,0,0.0,0.0,,0.0,normalDay
2019-02-01,1294.0,0.0,4.0,0,270.06,0.0,1,0.04,0.0,SPY190201P00229000,229.0,0,0.0,0.0,,0.0,expirationDay
2019-02-04,1294.0,-3.0,0.0,0,271.96,0.0,1,0.06,0.09,SPY190215P00248500,248.5,0,0.0,0.0,,0.0,normalDay
2019-02-05,1294.0,0.0,0.0,0,273.1,0.0,1,0.06,0.06,SPY190215P00248500,248.5,0,0.0,0.0,,0.0,normalDay
2019-02-06,1294.0,1.0,0.0,0,272.74,0.0,1,0.06,0.05,SPY190215P00248500,248.5,0,0.0,0.0,,0.0,normalDay
2019-02-07,1294.0,-2.0,0.0,0,270.14,0.0,1,0.06,0.08,SPY190215P00248500,248.5,0,0.0,0.0,,0.0,normalDay
2019-02-08,1294.0,2.0,0.0,0,270.47,0.0,1,0.06,0.04,SPY190215P00248500,248.5,0,0.0,0.0,,0.0,normalDay
2019-02-11,1294.0,4.0,0.0,0,270.62,0.0,1,0.06,0.02,SPY190215P00248500,248.5,0,0.0,0.0,,0.0,normalDay
2019-02-12,1294.0,5.0,0.0,0,274.1,0.0,1,0.06,0.01,SPY190215P00248500,248.5,0,0.0,0.0,,0.0,normalDay
2019-02-13,1294.0,5.0,0.0,0,274.99,0.0,1,0.06,0.01,SPY190215P00248500,248.5,0,0.0,0.0,,0.0,normalDay
2019-02-14,1294.0,5.0,0.0,0,274.38,0.0,1,0.06,0.01,SPY190215P00248500,248.5,0,0.0,0.0,,0.0,normalDay
2019-02-15,1300.0,0.0,6.0,0,277.37,0.0,1,0.06,0.0,SPY190215P00248500,248.5,0,0.0,0.0,,0.0,expirationDay
2019-02-19,1300.0,-3.0,0.0,0,277.85,0.0,1,0.04,0.07,SPY190301P00255500,255.5,0,0.0,0.0,,0.0,normalDay
2019-02-20,1300.0,-1.0,0.0,0,278.41,0.0,1,0.04,0.05,SPY190301P00255500,255.5,0,0.0,0.0,,0.0,normalDay
2019-02-21,1300.0,0.0,0.0,0,277.42,0.0,1,0.04,0.04,SPY190301P00255500,255.5,0,0.0,0.0,,0.0,normalDay
2019-02-22,1300.0,2.0,0.0,0,279.14,0.0,1,0.04,0.02,SPY190301P00255500,255.5,0,0.0,0.0,,0.0,normalDay
2019-02-25,1300.0,2.0,0.0,0,279.52,0.0,1,0.04,0.02,SPY190301P00255500,255.5,0,0.0,0.0,,0.0,normalDay
2019-02-26,1300.0,2.0,0.0,0,279.32,0.0,1,0.04,0.02,SPY190301P00255500,255.5,0,0.0,0.0,,0.0,normalDay
2019-02-27,1300.0,3.0,0.0,0,279.2,0.0,1,0.04,0.01,SPY190301P00255500,255.5,0,0.0,0.0,,0.0,normalDay
2019-02-28,1300.0,3.0,0.0,0,278.68,0.0,1,0.04,0.01,SPY190301P00255500,255.5,0,0.0,0.0,,0.0,normalDay
2019-03-01,1304.0,0.0,4.0,0,280.42,0.0,1,0.04,0.0,SPY190301P00255500,255.5,0,0.0,0.0,,0.0,expirationDay
2019-03-04,1304.0,-3.0,0.0,0,279.4,0.0,1,0.3,0.33,SPY190315P00265500,265.5,0,0.0,0.0,,0.0,normalDay
2019-03-05,1304.0,0.0,0.0,0,279.02,0.0,1,0.3,0.3,SPY190315P00265500,265.5,0,0.0,0.0,,0.0,normalDay
2019-03-06,1304.0,-11.0,0.0,0,277.33,0.0,1,0.3,0.41,SPY190315P00265500,265.5,0,0.0,0.0,,0.0,normalDay
2019-03-07,1304.0,-25.0,0.0,0,275.01,0.0,1,0.3,0.55,SPY190315P00265500,265.5,0,0.0,0.0,,0.0,normalDay
2019-03-08,1304.0,-5.0,0.0,0,274.46,0.0,1,0.3,0.35,SPY190315P00265500,265.5,0,0.0,0.0,,0.0,normalDay
2019-03-11,1304.0,22.0,0.0,0,278.44,0.0,1,0.3,0.08,SPY190315P00265500,265.5,0,0.0,0.0,,0.0,normalDay
2019-03-12,1304.0,26.0,0.0,0,279.49,0.0,1,0.3,0.04,SPY190315P00265500,265.5,0,0.0,0.0,,0.0,normalDay
2019-03-13,1304.0,28.0,0.0,0,281.34,0.0,1,0.3,0.02,SPY190315P00265500,265.5,0,0.0,0.0,,0.0,normalDay
2019-03-14,1304.0,28.0,0.0,0,281.16,0.0,1,0.3,0.02,SPY190315P00265500,265.5,0,0.0,0.0,,0.0,normalDay
2019-03-15,1334.0,0.0,30.0,0,281.31,0.0,1,0.3,0.0,SPY190315P00265500,265.5,0,0.0,0.0,,0.0,expirationDay
2019-03-18,1334.0,-3.0,0.0,0,282.33,0.0,1,0.33,0.36,SPY190329P00273000,273.0,0,0.0,0.0,,0.0,normalDay
2019-03-19,1334.0,-8.0,0.0,0,282.4,0.0,1,0.33,0.41,SPY190329P00273000,273.0,0,0.0,0.0,,0.0,normalDay
2019-03-20,1334.0,-6.0,0.0,0,281.55,0.0,1,0.33,0.39,SPY190329P00273000,273.0,0,0.0,0.0,,0.0,normalDay
2019-03-21,1334.0,16.0,0.0,0,284.73,0.0,1,0.33,0.17,SPY190329P00273000,273.0,0,0.0,0.0,,0.0,normalDay
2019-03-22,1334.0,-34.0,0.0,0,279.25,0.0,1,0.33,0.67,SPY190329P00273000,273.0,0,0.0,0.0,,0.0,normalDay
2019-03-25,1334.0,-6.0,0.0,0,279.04,0.0,1,0.33,0.39,SPY190329P00273000,273.0,0,0.0,0.0,,0.0,normalDay
2019-03-26,1334.0,22.0,0.0,0,281.12,0.0,1,0.33,0.11,SPY190329P00273000,273.0,0,0.0,0.0,,0.0,normalDay
2019-03-27,1334.0,22.0,0.0,0,279.65,0.0,1,0.33,0.11,SPY190329P00273000,273.0,0,0.0,0.0,,0.0,normalDay
2019-03-28,1334.0,31.0,0.0,0,280.71,0.0,1,0.33,0.02,SPY190329P00273000,273.0,0,0.0,0.0,,0.0,normalDay
2019-03-29,1367.0,0.0,33.0,0,282.48,0.0,1,0.33,0.0,SPY190329P00273000,273.0,0,0.0,0.0,,0.0,expirationDay
2019-04-01,1367.0,-3.0,0.0,0,285.83,0.0,1,0.15,0.18,SPY190412P00272000,272.0,0,0.0,0.0,,0.0,normalDay
2019-04-02,1367.0,0.0,0.0,0,285.97,0.0,1,0.15,0.15,SPY190412P00272000,272.0,0,0.0,0.0,,0.0,normalDay
2019-04-03,1367.0,3.0,0.0,0,286.42,0.0,1,0.15,0.12,SPY190412P00272000,272.0,0,0.0,0.0,,0.0,normalDay
2019-04-04,1367.0,7.0,0.0,0,287.18,0.0,1,0.15,0.08,SPY190412P00272000,272.0,0,0.0,0.0,,0.0,normalDay
2019-04-05,1367.0,12.0,0.0,0,288.57,0.0,1,0.15,0.03,SPY190412P00272000,272.0,0,0.0,0.0,,0.0,normalDay
2019-04-08,1367.0,13.0,0.0,0,288.79,0.0,1,0.15,0.02,SPY190412P00272000,272.0,0,0.0,0.0,,0.0,normalDay
2019-04-09,1367.0,13.0,0.0,0,287.31,0.0,1,0.15,0.02,SPY190412P00272000,272.0,0,0.0,0.0,,0.0,normalDay
2019-04-10,1367.0,14.0,0.0,0,288.29,0.0,1,0.15,0.01,SPY190412P00272000,272.0,0,0.0,0.0,,0.0,normalDay
2019-04-11,1367.0,14.0,0.0,0,288.21,0.0,1,0.15,0.01,SPY190412P00272000,272.0,0,0.0,0.0,,0.0,normalDay
2019-04-12,1382.0,0.0,15.0,0,290.16,0.0,1,0.15,0.0,SPY190412P00272000,272.0,0,0.0,0.0,,0.0,expirationDay
2019-04-15,1382.0,-3.0,0.0,0,289.97,0.0,1,0.09,0.12,SPY190426P00274000,274.0,0,0.0,0.0,,0.0,normalDay
2019-04-16,1382.0,-2.0,0.0,0,290.16,0.0,1,0.09,0.11,SPY190426P00274000,274.0,0,0.0,0.0,,0.0,normalDay
2019-04-17,1382.0,-1.0,0.0,0,289.45,0.0,1,0.09,0.1,SPY190426P00274000,274.0,0,0.0,0.0,,0.0,normalDay
2019-04-18,1382.0,5.0,0.0,0,290.02,0.0,1,0.09,0.04,SPY190426P00274000,274.0,0,0.0,0.0,,0.0,normalDay
2019-04-22,1382.0,7.0,0.0,0,290.27,0.0,1,0.09,0.02,SPY190426P00274000,274.0,0,0.0,0.0,,0.0,normalDay
2019-04-23,1382.0,7.0,0.0,0,292.88,0.0,1,0.09,0.02,SPY190426P00274000,274.0,0,0.0,0.0,,0.0,normalDay
2019-04-24,1382.0,8.0,0.0,0,292.23,0.0,1,0.09,0.01,SPY190426P00274000,274.0,0,0.0,0.0,,0.0,normalDay
2019-04-25,1382.0,8.0,0.0,0,292.05,0.0,1,0.09,0.01,SPY190426P00274000,274.0,0,0.0,0.0,,0.0,normalDay
2019-04-26,1391.0,0.0,9.0,0,293.41,0.0,1,0.09,0.0,SPY190426P00274000,274.0,0,0.0,0.0,,0.0,expirationDay
2019-04-29,1391.0,-3.0,0.0,0,293.87,0.0,1,0.31,0.34,SPY190510P00282500,282.5,0,0.0,0.0,,0.0,normalDay
2019-04-30,1391.0,1.0,0.0,0,294.02,0.0,1,0.31,0.3,SPY190510P00282500,282.5,0,0.0,0.0,,0.0,normalDay
2019-05-01,1391.0,-19.0,0.0,0,291.81,0.0,1,0.31,0.5,SPY190510P00282500,282.5,0,0.0,0.0,,0.0,normalDay
2019-05-02,1391.0,-11.0,0.0,0,291.18,0.0,1,0.31,0.42,SPY190510P00282500,282.5,0,0.0,0.0,,0.0,normalDay
2019-05-03,1391.0,20.0,0.0,0,294.03,0.0,1,0.31,0.11,SPY190510P00282500,282.5,0,0.0,0.0,,0.0,normalDay
2019-05-06,1391.0,11.0,0.0,0,292.82,0.0,1,0.31,0.2,SPY190510P00282500,282.5,0,0.0,0.0,,0.0,normalDay
2019-05-07,1391.0,-57.0,0.0,0,287.93,0.0,1,0.31,0.88,SPY190510P00282500,282.5,0,0.0,0.0,,0.0,normalDay
2019-05-08,1391.0,-44.0,0.0,0,287.53,0.0,1,0.31,0.75,SPY190510P00282500,282.5,0,0.0,0.0,,0.0,normalDay
2019-05-09,1391.0,-48.0,0.0,0,286.66,0.0,1,0.31,0.79,SPY190510P00282500,282.5,0,0.0,0.0,,0.0,normalDay
2019-05-10,1422.0,0.0,31.0,0,288.1,0.0,1,0.31,0.0,SPY190510P00282500,282.5,0,0.0,0.0,,0.0,expirationDay
2019-05-13,1422.0,-4.0,0.0,0,280.86,0.0,1,4.11,4.15,SPY190524P00281000,281.0,0,0.0,0.0,,0.0,normalDay
2019-05-14,1422.0,164.0,0.0,0,283.4,0.0,1,4.11,2.47,SPY190524P00281000,281.0,0,0.0,0.0,,0.0,normalDay
2019-05-15,1422.0,269.0,0.0,0,285.06,0.0,1,4.11,1.42,SPY190524P00281000,281.0,0,0.0,0.0,,0.0,normalDay
2019-05-16,1422.0,338.0,0.0,0,287.7,0.0,1,4.11,0.73,SPY190524P00281000,281.0,0,0.0,0.0,,0.0,normalDay
2019-05-17,1422.0,305.0,0.0,0,285.84,0.0,1,4.11,1.06,SPY190524P00281000,281.0,0,0.0,0.0,,0.0,normalDay
2019-05-20,1422.0,307.0,0.0,0,283.95,0.0,1,4.11,1.04,SPY190524P00281000,281.0,0,0.0,0.0,,0.0,normalDay
2019-05-21,1422.0,384.0,0.0,0,286.51,0.0,1,4.11,0.27,SPY190524P00281000,281.0,0,0.0,0.0,,0.0,normalDay
2019-05-22,1422.0,392.0,0.0,0,285.63,0.0,1,4.11,0.19,SPY190524P00281000,281.0,0,0.0,0.0,,0.0,normalDay
2019-05-23,1422.0,331.0,0.0,0,282.14,0.0,1,4.11,0.8,SPY190524P00281000,281.0,0,0.0,0.0,,0.0,normalDay
2019-05-24,1833.0,0.0,411.0,0,282.78,0.0,1,4.11,0.0,SPY190524P00281000,281.0,0,0.0,0.0,,0.0,expirationDay
2019-05-28,1833.0,-5.0,0.0,0,280.15,0.0,1,1.14,1.19,SPY190607P00274000,274.0,0,0.0,0.0,,0.0,normalDay
2019-05-29,1833.0,-37.0,0.0,0,278.27,0.0,1,1.14,1.51,SPY190607P00274000,274.0,0,0.0,0.0,,0.0,normalDay
2019-05-30,1833.0,3.0,0.0,0,279.03,0.0,1,1.14,1.11,SPY190607P00274000,274.0,0,0.0,0.0,,0.0,normalDay
2019-05-31,1833.0,-112.0,0.0,0,275.27,0.0,1,1.14,2.26,SPY190607P00274000,274.0,0,0.0,0.0,,0.0,normalDay
2019-06-03,1833.0,-83.0,0.0,0,274.57,0.0,1,1.14,1.97,SPY190607P00274000,274.0,0,0.0,0.0,,0.0,normalDay
2019-06-04,1833.0,84.0,0.0,0,280.53,0.0,1,1.14,0.3,SPY190607P00274000,274.0,0,0.0,0.0,,0.0,normalDay
2019-06-05,1833.0,110.0,0.0,0,282.96,0.0,1,1.14,0.04,SPY190607P00274000,274.0,0,0.0,0.0,,0.0,normalDay
2019-06-06,1833.0,113.0,0.0,0,284.8,0.0,1,1.14,0.01,SPY190607P00274000,274.0,0,0.0,0.0,,0.0,normalDay
2019-06-07,1947.0,0.0,114.0,0,287.65,0.0,1,1.14,0.0,SPY190607P00274000,274.0,0,0.0,0.0,,0.0,expirationDay
2019-06-10,1947.0,-3.0,0.0,0,288.97,0.0,1,0.2,0.23,SPY190621P00271000,271.0,0,0.0,0.0,,0.0,normalDay
2019-06-11,1947.0,1.0,0.0,0,288.9,0.0,1,0.2,0.19,SPY190621P00271000,271.0,0,0.0,0.0,,0.0,normalDay
2019-06-12,1947.0,4.0,0.0,0,288.39,0.0,1,0.2,0.16,SPY190621P00271000,271.0,0,0.0,0.0,,0.0,normalDay
2019-06-13,1947.0,11.0,0.0,0,289.58,0.0,1,0.2,0.09,SPY190621P00271000,271.0,0,0.0,0.0,,0.0,normalDay
2019-06-14,1947.0,15.0,0.0,0,289.26,0.0,1,0.2,0.05,SPY190621P00271000,271.0,0,0.0,0.0,,0.0,normalDay
2019-06-17,1947.0,16.0,0.0,0,289.37,0.0,1,0.2,0.04,SPY190621P00271000,271.0,0,0.0,0.0,,0.0,normalDay
2019-06-18,1947.0,17.0,0.0,0,292.4,0.0,1,0.2,0.03,SPY190621P00271000,271.0,0,0.0,0.0,,0.0,normalDay
2019-06-19,1947.0,17.0,0.0,0,293.06,0.0,1,0.2,0.03,SPY190621P00271000,271.0,0,0.0,0.0,,0.0,normalDay
2019-06-20,1947.0,18.0,0.0,0,295.86,0.0,1,0.2,0.02,SPY190621P00271000,271.0,0,0.0,0.0,,0.0,normalDay
2019-06-21,1967.0,0.0,20.0,0,294.0,0.0,1,0.2,0.0,SPY190621P00271000,271.0,0,0.0,0.0,,0.0,expirationDay
2019-06-24,1967.0,-3.0,0.0,0,293.64,0.0,1,0.07,0.1,SPY190705P00267000,267.0,0,0.0,0.0,,0.0,normalDay
2019-06-25,1967.0,-5.0,0.0,0,290.76,0.0,1,0.07,0.12,SPY190705P00267000,267.0,0,0.0,0.0,,0.0,normalDay
2019-06-26,1967.0,-2.0,0.0,0,290.47,0.0,1,0.07,0.09,SPY190705P00267000,267.0,0,0.0,0.0,,0.0,normalDay
2019-06-27,1967.0,0.0,0.0,0,291.5,0.0,1,0.07,0.07,SPY190705P00267000,267.0,0,0.0,0.0,,0.0,normalDay
2019-06-28,1967.0,2.0,0.0,0,293.0,0.0,1,0.07,0.05,SPY190705P00267000,267.0,0,0.0,0.0,,0.0,normalDay
2019-07-01,1967.0,5.0,0.0,0,295.66,0.0,1,0.07,0.02,SPY190705P00267000,267.0,0,0.0,0.0,,0.0,normalDay
2019-07-02,1967.0,6.0,0.0,0,296.43,0.0,1,0.07,0.01,SPY190705P00267000,267.0,0,0.0,0.0,,0.0,normalDay
2019-07-03,1967.0,6.0,0.0,0,298.8,0.0,1,0.07,0.01,SPY190705P00267000,267.0,0,0.0,0.0,,0.0,normalDay
2019-07-05,1974.0,0.0,7.0,0,298.46,0.0,1,0.07,0.0,SPY190705P00267000,267.0,0,0.0,0.0,,0.0,expirationDay
2019-07-08,1974.0,-3.0,0.0,0,296.82,0.0,1,0.14,0.17,SPY190719P00282500,282.5,0,0.0,0.0,,0.0,normalDay
2019-07-09,1974.0,-1.0,0.0,0,297.19,0.0,1,0.14,0.15,SPY190719P00282500,282.5,0,0.0,0.0,,0.0,normalDay
2019-07-10,1974.0,6.0,0.0,0,298.61,0.0,1,0.14,0.08,SPY190719P00282500,282.5,0,0.0,0.0,,0.0,normalDay
2019-07-11,1974.0,6.0,0.0,0,299.31,0.0,1,0.14,0.08,SPY190719P00282500,282.5,0,0.0,0.0,,0.0,normalDay
2019-07-12,1974.0,10.0,0.0,0,300.65,0.0,1,0.14,0.04,SPY190719P00282500,282.5,0,0.0,0.0,,0.0,normalDay
2019-07-15,1974.0,10.0,0.0,0,300.75,0.0,1,0.14,0.04,SPY190719P00282500,282.5,0,0.0,0.0,,0.0,normalDay
2019-07-16,1974.0,11.0,0.0,0,299.78,0.0,1,0.14,0.03,SPY190719P00282500,282.5,0,0.0,0.0,,0.0,normalDay
2019-07-17,1974.0,12.0,0.0,0,297.74,0.0,1,0.14,0.02,SPY190719P00282500,282.5,0,0.0,0.0,,0.0,normalDay
2019-07-18,1974.0,13.0,0.0,0,298.83,0.0,1,0.14,0.01,SPY190719P00282500,282.5,0,0.0,0.0,,0.0,normalDay
2019-07-19,1988.0,0.0,14.0,0,297.17,0.0,1,0.14,0.0,SPY190719P00282500,282.5,0,0.0,0.0,,0.0,expirationDay
2019-07-22,1988.0,-3.0,0.0,0,297.9,0.0,1,0.43,0.46,SPY190802P00287000,287.0,0,0.0,0.0,,0.0,normalDay
2019-07-23,1988.0,18.0,0.0,0,300.03,0.0,1,0.43,0.25,SPY190802P00287000,287.0,0,0.0,0.0,,0.0,normalDay
2019-07-24,1988.0,28.0,0.0,0,301.44,0.0,1,0.43,0.15,SPY190802P00287000,287.0,0,0.0,0.0,,0.0,normalDay
2019-07-25,1988.0,29.0,0.0,0,300.0,0.0,1,0.43,0.14,SPY190802P00287000,287.0,0,0.0,0.0,,0.0,normalDay
2019-07-26,1988.0,37.0,0.0,0,302.01,0.0,1,0.43,0.06,SPY190802P00287000,287.0,0,0.0,0.0,,0.0,normalDay
2019-07-29,1988.0,38.0,0.0,0,301.46,0.0,1,0.43,0.05,SPY190802P00287000,287.0,0,0.0,0.0,,0.0,normalDay
2019-07-30,1988.0,37.0,0.0,0,300.72,0.0,1,0.43,0.06,SPY190802P00287000,287.0,0,0.0,0.0,,0.0,normalDay
2019-07-31,1988.0,20.0,0.0,0,297.43,0.0,1,0.43,0.23,SPY190802P00287000,287.0,0,0.0,0.0,,0.0,normalDay
2019-08-01,1988.0,34.0,0.0,0,294.84,0.0,1,0.43,0.09,SPY190802P00287000,287.0,0,0.0,0.0,,0.0,normalDay
2019-08-02,2031.0,0.0,43.0,0,292.62,0.0,1,0.43,0.0,SPY190802P00287000,287.0,0,0.0,0.0,,0.0,expirationDay
2019-08-05,2031.0,-6.0,0.0,0,283.82,0.0,1,6.08,6.14,SPY190816P00286000,286.0,0,0.0,0.0,,0.0,normalDay
2019-08-06,2031.0,296.0,0.0,0,287.8,0.0,1,6.08,3.12,SPY190816P00286000,286.0,0,0.0,0.0,,0.0,normalDay
2019-08-07,2031.0,324.0,0.0,0,287.97,0.0,1,6.08,2.84,SPY190816P00286000,286.0,0,0.0,0.0,,0.0,normalDay
2019-08-08,2031.0,523.0,0.0,0,293.62,0.0,1,6.08,0.85,SPY190816P00286000,286.0,0,0.0,0.0,,0.0,normalDay
2019-08-09,2031.0,499.0,0.0,0,291.62,0.0,1,6.08,1.09,SPY190816P00286000,286.0,0,0.0,0.0,,0.0,normalDay
2019-08-12,2031.0,402.0,0.0,0,288.07,0.0,1,6.08,2.06,SPY190816P00286000,286.0,0,0.0,0.0,,0.0,normalDay
2019-08-13,2031.0,563.0,0.0,0,292.55,0.0,1,6.08,0.45,SPY190816P00286000,286.0,0,0.0,0.0,,0.0,normalDay
2019-08-14,2031.0,259.0,0.0,0,283.9,0.0,1,6.08,3.49,SPY190816P00286000,286.0,0,0.0,0.0,,0.0,normalDay
2019-08-15,2031.0,397.0,0.0,0,284.65,0.0,1,6.08,2.11,SPY190816P00286000,286.0,0,0.0,0.0,,0.0,normalDay
2019-08-16,2639.0,0.0,608.0,0,288.85,0.0,1,6.08,0.0,SPY190816P00286000,286.0,0,0.0,0.0,,0.0,expirationDay
2019-08-19,2639.0,-3.0,0.0,0,292.33,0.0,1,0.31,0.34,SPY190830P00275000,275.0,0,0.0,0.0,,0.0,normalDay
2019-08-20,2639.0,-13.0,0.0,0,290.09,0.0,1,0.31,0.44,SPY190830P00275000,275.0,0,0.0,0.0,,0.0,normalDay
2019-08-21,2639.0,14.0,0.0,0,292.45,0.0,1,0.31,0.17,SPY190830P00275000,275.0,0,0.0,0.0,,0.0,normalDay
2019-08-22,2639.0,15.0,0.0,0,292.36,0.0,1,0.31,0.16,SPY190830P00275000,275.0,0,0.0,0.0,,0.0,normalDay
2019-08-23,2639.0,-35.0,0.0,0,284.85,0.0,1,0.31,0.66,SPY190830P00275000,275.0,0,0.0,0.0,,0.0,normalDay
2019-08-26,2639.0,14.0,0.0,0,288.0,0.0,1,0.31,0.17,SPY190830P00275000,275.0,0,0.0,0.0,,0.0,normalDay
2019-08-27,2639.0,15.0,0.0,0,286.87,0.0,1,0.31,0.16,SPY190830P00275000,275.0,0,0.0,0.0,,0.0,normalDay
2019-08-28,2639.0,27.0,0.0,0,288.89,0.0,1,0.31,0.04,SPY190830P00275000,275.0,0,0.0,0.0,,0.0,normalDay
2019-08-29,2639.0,29.0,0.0,0,292.58,0.0,1,0.31,0.02,SPY190830P00275000,275.0,0,0.0,0.0,,0.0,normalDay
2019-08-30,2670.0,0.0,31.0,0,292.45,0.0,1,0.31,0.0,SPY190830P00275000,275.0,0,0.0,0.0,,0.0,expirationDay
2019-09-03,2670.0,-3.0,0.0,0,290.74,0.0,1,1.01,1.04,SPY190913P00281000,281.0,0,0.0,0.0,,0.0,normalDay
2019-09-04,2670.0,66.0,0.0,0,294.04,0.0,1,1.01,0.35,SPY190913P00281000,281.0,0,0.0,0.0,,0.0,normalDay
2019-09-05,2670.0,85.0,0.0,0,297.82,0.0,1,1.01,0.16,SPY190913P00281000,281.0,0,0.0,0.0,,0.0,normalDay
2019-09-06,2670.0,95.0,0.0,0,298.05,0.0,1,1.01,0.06,SPY190913P00281000,281.0,0,0.0,0.0,,0.0,normalDay
2019-09-09,2670.0,98.0,0.0,0,298.2,0.0,1,1.01,0.03,SPY190913P00281000,281.0,0,0.0,0.0,,0.0,normalDay
2019-09-10,2670.0,98.0,0.0,0,298.13,0.0,1,1.01,0.03,SPY190913P00281000,281.0,0,0.0,0.0,,0.0,normalDay
2019-09-11,2670.0,99.0,0.0,0,300.25,0.0,1,1.01,0.02,SPY190913P00281000,281.0,0,0.0,0.0,,0.0,normalDay
2019-09-12,2670.0,100.0,0.0,0,301.29,0.0,1,1.01,0.01,SPY190913P00281000,281.0,0,0.0,0.0,,0.0,normalDay
2019-09-13,2771.0,0.0,101.0,0,301.09,0.0,1,1.01,0.0,SPY190913P00281000,281.0,0,0.0,0.0,,0.0,expirationDay
2019-09-16,2771.0,-3.0,0.0,0,300.16,0.0,1,0.17,0.2,SPY190927P00279000,279.0,0,0.0,0.0,,0.0,normalDay
2019-09-17,2771.0,-1.0,0.0,0,300.92,0.0,1,0.17,0.18,SPY190927P00279000,279.0,0,0.0,0.0,,0.0,normalDay
2019-09-18,2771.0,2.0,0.0,0,301.1,0.0,1,0.17,0.15,SPY190927P00279000,279.0,0,0.0,0.0,,0.0,normalDay
2019-09-19,2771.0,5.0,0.0,0,301.08,0.0,1,0.17,0.12,SPY190927P00279000,279.0,0,0.0,0.0,,0.0,normalDay
2019-09-20,2771.0,6.0,0.0,0,298.28,0.0,1,0.17,0.11,SPY190927P00279000,279.0,0,0.0,0.0,,0.0,normalDay
2019-09-23,2771.0,13.0,0.0,0,298.21,0.0,1,0.17,0.04,SPY190927P00279000,279.0,0,0.0,0.0,,0.0,normalDay
2019-09-24,2771.0,9.0,0.0,0,295.87,0.0,1,0.17,0.08,SPY190927P00279000,279.0,0,0.0,0.0,,0.0,normalDay
2019-09-25,2771.0,14.0,0.0,0,297.62,0.0,1,0.17,0.03,SPY190927P00279000,279.0,0,0.0,0.0,,0.0,normalDay
2019-09-26,2771.0,16.0,0.0,0,297.0,0.0,1,0.17,0.01,SPY190927P00279000,279.0,0,0.0,0.0,,0.0,normalDay
2019-09-27,2788.0,0.0,17.0,0,295.4,0.0,1,0.17,0.0,SPY190927P00279000,279.0,0,0.0,0.0,,0.0,expirationDay
2019-09-30,2788.0,-3.0,0.0,0,296.77,0.0,1,1.09,1.12,SPY191011P00290000,290.0,0,0.0,0.0,,0.0,normalDay
2019-10-01,2788.0,-115.0,0.0,0,293.24,0.0,1,1.09,2.24,SPY191011P00290000,290.0,0,0.0,0.0,,0.0,normalDay
2019-10-02,2788.0,-374.0,0.0,0,288.06,0.0,1,1.09,4.83,SPY191011P00290000,290.0,0,0.0,0.0,,0.0,normalDay
2019-10-03,2788.0,-192.0,0.0,0,290.42,0.0,1,1.09,3.01,SPY191011P00290000,290.0,0,0.0,0.0,,0.0,normalDay
2019-10-04,2788.0,-14.0,0.0,0,294.35,0.0,1,1.09,1.23,SPY191011P00290000,290.0,0,0.0,0.0,,0.0,normalDay
2019-10-07,2788.0,-19.0,0.0,0,293.08,0.0,1,1.09,1.28,SPY191011P00290000,290.0,0,0.0,0.0,,0.0,normalDay
2019-10-08,2788.0,-201.0,0.0,0,288.53,0.0,1,1.09,3.1,SPY191011P00290000,290.0,0,0.0,0.0,,0.0,normalDay
2019-10-09,2788.0,-39.0,0.0,0,291.27,0.0,1,1.09,1.48,SPY191011P00290000,290.0,0,0.0,0.0,,0.0,normalDay
2019-10-10,2788.0,54.0,0.0,0,293.24,0.0,1,1.09,0.55,SPY191011P00290000,290.0,0,0.0,0.0,,0.0,normalDay
2019-10-11,2897.0,0.0,109.0,0,296.28,0.0,1,1.09,0.0,SPY191011P00290000,290.0,0,0.0,0.0,,0.0,expirationDay
2019-10-14,2897.0,-3.0,0.0,0,295.95,0.0,1,0.39,0.42,SPY191025P00284000,284.0,0,0.0,0.0,,0.0,normalDay
2019-10-15,2897.0,22.0,0.0,0,298.88,0.0,1,0.39,0.17,SPY191025P00284000,284.0,0,0.0,0.0,,0.0,normalDay
2019-10-16,2897.0,26.0,0.0,0,298.4,0.0,1,0.39,0.13,SPY191025P00284000,284.0,0,0.0,0.0,,0.0,normalDay
2019-10-17,2897.0,30.0,0.0,0,299.28,0.0,1,0.39,0.09,SPY191025P00284000,284.0,0,0.0,0.0,,0.0,normalDay
2019-10-18,2897.0,33.0,0.0,0,297.97,0.0,1,0.39,0.06,SPY191025P00284000,284.0,0,0.0,0.0,,0.0,normalDay
2019-10-21,2897.0,36.0,0.0,0,299.99,0.0,1,0.39,0.03,SPY191025P00284000,284.0,0,0.0,0.0,,0.0,normalDay
2019-10-22,2897.0,37.0,0.0,0,299.01,0.0,1,0.39,0.02,SPY191025P00284000,284.0,0,0.0,0.0,,0.0,normalDay
2019-10-23,2897.0,38.0,0.0,0,299.88,0.0,1,0.39,0.01,SPY191025P00284000,284.0,0,0.0,0.0,,0.0,normalDay
2019-10-24,2897.0,38.0,0.0,0,300.37,0.0,1,0.39,0.01,SPY191025P00284000,284.0,0,0.0,0.0,,0.0,normalDay
2019-10-25,2936.0,0.0,39.0,0,301.6,0.0,1,0.39,0.0,SPY191025P00284000,284.0,0,0.0,0.0,,0.0,expirationDay
2019-10-28,2936.0,-3.0,0.0,0,303.3,0.0,1,0.06,0.09,SPY191108P00283000,283.0,0,0.0,0.0,,0.0,normalDay
2019-10-29,2936.0,-2.0,0.0,0,303.21,0.0,1,0.06,0.08,SPY191108P00283000,283.0,0,0.0,0.0,,0.0,normalDay
2019-10-30,2936.0,0.0,0.0,0,304.14,0.0,1,0.06,0.06,SPY191108P00283000,283.0,0,0.0,0.0,,0.0,normalDay
2019-10-31,2936.0,0.0,0.0,0,303.33,0.0,1,0.06,0.06,SPY191108P00283000,283.0,0,0.0,0.0,,0.0,normalDay
2019-11-01,2936.0,4.0,0.0,0,306.14,0.0,1,0.06,0.02,SPY191108P00283000,283.0,0,0.0,0.0,,0.0,normalDay
2019-11-04,2936.0,4.0,0.0,0,307.37,0.0,1,0.06,0.02,SPY191108P00283000,283.0,0,0.0,0.0,,0.0,normalDay
2019-11-05,2936.0,5.0,0.0,0,307.03,0.0,1,0.06,0.01,SPY191108P00283000,283.0,0,0.0,0.0,,0.0,normalDay
2019-11-06,2936.0,5.0,0.0,0,307.1,0.0,1,0.06,0.01,SPY191108P00283000,283.0,0,0.0,0.0,,0.0,normalDay
2019-11-07,2936.0,5.0,0.0,0,308.18,0.0,1,0.06,0.01,SPY191108P00283000,283.0,0,0.0,0.0,,0.0,normalDay
2019-11-08,2942.0,0.0,6.0,0,308.94,0.0,1,0.06,0.0,SPY191108P00283000,283.0,0,0.0,0.0,,0.0,expirationDay
2019-11-11,2942.0,-3.0,0.0,0,308.35,0.0,1,0.08,0.11,SPY191122P00292000,292.0,0,0.0,0.0,,0.0,normalDay
2019-11-12,2942.0,-2.0,0.0,0,309.0,0.0,1,0.08,0.1,SPY191122P00292000,292.0,0,0.0,0.0,,0.0,normalDay
2019-11-13,2942.0,-1.0,0.0,0,309.1,0.0,1,0.08,0.09,SPY191122P00292000,292.0,0,0.0,0.0,,0.0,normalDay
2019-11-14,2942.0,-1.0,0.0,0,309.55,0.0,1,0.08,0.09,SPY191122P00292000,292.0,0,0.0,0.0,,0.0,normalDay
2019-11-15,2942.0,5.0,0.0,0,311.79,0.0,1,0.08,0.03,SPY191122P00292000,292.0,0,0.0,0.0,,0.0,normalDay
2019-11-18,2942.0,6.0,0.0,0,312.02,0.0,1,0.08,0.02,SPY191122P00292000,292.0,0,0.0,0.0,,0.0,normalDay
2019-11-19,2942.0,6.0,0.0,0,311.93,0.0,1,0.08,0.02,SPY191122P00292000,292.0,0,0.0,0.0,,0.0,normalDay
2019-11-20,2942.0,5.0,0.0,0,310.77,0.0,1,0.08,0.03,SPY191122P00292000,292.0,0,0.0,0.0,,0.0,normalDay
2019-11-21,2942.0,7.0,0.0,0,310.27,0.0,1,0.08,0.01,SPY191122P00292000,292.0,0,0.0,0.0,,0.0,normalDay
2019-11-22,2950.0,0.0,8.0,0,310.96,0.0,1,0.08,0.0,SPY191122P00292000,292.0,0,0.0,0.0,,0.0,expirationDay
2019-11-25,2950.0,-3.0,0.0,0,313.37,0.0,1,0.17,0.2,SPY191206P00300000,300.0,0,0.0,0.0,,0.0,normalDay
2019-11-26,2950.0,2.0,0.0,0,314.08,0.0,1,0.17,0.15,SPY191206P00300000,300.0,0,0.0,0.0,,0.0,normalDay
2019-11-27,2950.0,7.0,0.0,0,315.48,0.0,1,0.17,0.1,SPY191206P00300000,300.0,0,0.0,0.0,,0.0,normalDay
2019-11-29,2950.0,5.0,0.0,0,314.31,0.0,1,0.17,0.12,SPY191206P00300000,300.0,0,0.0,0.0,,0.0,normalDay
2019-12-02,2950.0,0.0,0.0,0,311.64,0.0,1,0.17,0.17,SPY191206P00300000,300.0,0,0.0,0.0,,0.0,normalDay
2019-12-03,2950.0,0.0,0.0,0,309.55,0.0,1,0.17,0.17,SPY191206P00300000,300.0,0,0.0,0.0,,0.0,normalDay
2019-12-04,2950.0,13.0,0.0,0,311.46,0.0,1,0.17,0.04,SPY191206P00300000,300.0,0,0.0,0.0,,0.0,normalDay
2019-12-05,2950.0,15.0,0.0,0,312.02,0.0,1,0.17,0.02,SPY191206P00300000,300.0,0,0.0,0.0,,0.0,normalDay
2019-12-06,2967.0,0.0,17.0,0,314.87,0.0,1,0.17,0.0,SPY191206P00300000,300.0,0,0.0,0.0,,0.0,expirationDay
2019-12-09,2967.0,-3.0,0.0,0,313.88,0.0,1,1.35,1.38,SPY191220P00305500,305.5,0,0.0,0.0,,0.0,normalDay
2019-12-10,2967.0,17.0,0.0,0,313.53,0.0,1,1.35,1.18,SPY191220P00305500,305.5,0,0.0,0.0,,0.0,normalDay
2019-12-11,2967.0,47.0,0.0,0,314.42,0.0,1,1.35,0.88,SPY191220P00305500,305.5,0,0.0,0.0,,0.0,normalDay
2019-12-12,2967.0,84.0,0.0,0,317.13,0.0,1,1.35,0.51,SPY191220P00305500,305.5,0,0.0,0.0,,0.0,normalDay
2019-12-13,2967.0,103.0,0.0,0,317.32,0.0,1,1.35,0.32,SPY191220P00305500,305.5,0,0.0,0.0,,0.0,normalDay
2019-12-16,2967.0,123.0,0.0,0,319.5,0.0,1,1.35,0.12,SPY191220P00305500,305.5,0,0.0,0.0,,0.0,normalDay
2019-12-17,2967.0,128.0,0.0,0,319.57,0.0,1,1.35,0.07,SPY191220P00305500,305.5,0,0.0,0.0,,0.0,normalDay
2019-12-18,2967.0,130.0,0.0,0,319.59,0.0,1,1.35,0.05,SPY191220P00305500,305.5,0,0.0,0.0,,0.0,normalDay
2019-12-19,2967.0,132.0,0.0,0,320.9,0.0,1,1.35,0.03,SPY191220P00305500,305.5,0,0.0,0.0,,0.0,normalDay
2019-12-20,3102.0,0.0,135.0,0,320.73,0.0,1,1.35,0.0,SPY191220P00305500,305.5,0,0.0,0.0,,0.0,expirationDay
2019-12-23,3102.0,-3.0,0.0,0,321.22,0.0,1,0.15,0.18,SPY200103P00305000,305.0,0,0.0,0.0,,0.0,normalDay
2019-12-24,3102.0,1.0,0.0,0,321.23,0.0,1,0.15,0.14,SPY200103P00305000,305.0,0,0.0,0.0,,0.0,normalDay
2019-12-26,3102.0,7.0,0.0,0,322.94,0.0,1,0.15,0.08,SPY200103P00305000,305.0,0,0.0,0.0,,0.0,normalDay
2019-12-27,3102.0,9.0,0.0,0,322.86,0.0,1,0.15,0.06,SPY200103P00305000,305.0,0,0.0,0.0,,0.0,normalDay
2019-12-30,3102.0,9.0,0.0,0,321.08,0.0,1,0.15,0.06,SPY200103P00305000,305.0,0,0.0,0.0,,0.0,normalDay
2019-12-31,3102.0,7.0,0.0,0,321.86,0.0,1,0.15,0.08,SPY200103P00305000,305.0,0,0.0,0.0,,0.0,normalDay
2020-01-02,3102.0,14.0,0.0,0,324.87,0.0,1,0.15,0.01,SPY200103P00305000,305.0,0,0.0,0.0,,0.0,normalDay
2020-01-03,3117.0,0.0,15.0,0,322.41,0.0,1,0.15,0.0,SPY200103P00305000,305.0,0,0.0,0.0,,0.0,expirationDay
2020-01-06,3117.0,-3.0,0.0,0,323.64,0.0,1,0.24,0.27,SPY200117P00309000,309.0,0,0.0,0.0,,0.0,normalDay
2020-01-07,3117.0,-4.0,0.0,0,322.73,0.0,1,0.24,0.28,SPY200117P00309000,309.0,0,0.0,0.0,,0.0,normalDay
2020-01-08,3117.0,4.0,0.0,0,324.45,0.0,1,0.24,0.2,SPY200117P00309000,309.0,0,0.0,0.0,,0.0,normalDay
2020-01-09,3117.0,13.0,0.0,0,326.65,0.0,1,0.24,0.11,SPY200117P00309000,309.0,0,0.0,0.0,,0.0,normalDay
2020-01-10,3117.0,17.0,0.0,0,325.71,0.0,1,0.24,0.07,SPY200117P00309000,309.0,0,0.0,0.0,,0.0,normalDay
2020-01-13,3117.0,20.0,0.0,0,327.95,0.0,1,0.24,0.04,SPY200117P00309000,309.0,0,0.0,0.0,,0.0,normalDay
2020-01-14,3117.0,21.0,0.0,0,327.45,0.0,1,0.24,0.03,SPY200117P00309000,309.0,0,0.0,0.0,,0.0,normalDay
2020-01-15,3117.0,22.0,0.0,0,328.19,0.0,1,0.24,0.02,SPY200117P00309000,309.0,0,0.0,0.0,,0.0,normalDay
2020-01-16,3117.0,23.0,0.0,0,330.92,0.0,1,0.24,0.01,SPY200117P00309000,309.0,0,0.0,0.0,,0.0,normalDay
2020-01-17,3141.0,0.0,24.0,0,331.95,0.0,1,0.24,0.0,SPY200117P00309000,309.0,0,0.0,0.0,,0.0,expirationDay
2020-01-21,3141.0,-3.0,0.0,0,331.3,0.0,1,0.13,0.16,SPY200131P00314000,314.0,0,0.0,0.0,,0.0,normalDay
2020-01-22,3141.0,3.0,0.0,0,331.34,0.0,1,0.13,0.1,SPY200131P00314000,314.0,0,0.0,0.0,,0.0,normalDay
2020-01-23,3141.0,3.0,0.0,0,331.72,0.0,1,0.13,0.1,SPY200131P00314000,314.0,0,0.0,0.0,,0.0,normalDay
2020-01-24,3141.0,-7.0,0.0,0,328.77,0.0,1,0.13,0.2,SPY200131P00314000,314.0,0,0.0,0.0,,0.0,normalDay
2020-01-27,3141.0,-55.0,0.0,0,323.5,0.0,1,0.13,0.68,SPY200131P00314000,314.0,0,0.0,0.0,,0.0,normalDay
2020-01-28,3141.0,-2.0,0.0,0,326.89,0.0,1,0.13,0.15,SPY200131P00314000,314.0,0,0.0,0.0,,0.0,normalDay
2020-01-29,3141.0,7.0,0.0,0,326.62,0.0,1,0.13,0.06,SPY200131P00314000,314.0,0,0.0,0.0,,0.0,normalDay
2020-01-30,3141.0,10.0,0.0,0,327.68,0.0,1,0.13,0.03,SPY200131P00314000,314.0,0,0.0,0.0,,0.0,normalDay
2020-01-31,3154.0,0.0,13.0,0,321.73,0.0,1,0.13,0.0,SPY200131P00314000,314.0,0,0.0,0.0,,0.0,expirationDay
2020-02-03,3154.0,-4.0,0.0,0,324.12,0.0,1,1.97,2.01,SPY200214P00317500,317.5,0,0.0,0.0,,0.0,normalDay
2020-02-04,3154.0,130.0,0.0,0,329.06,0.0,1,1.97,0.67,SPY200214P00317500,317.5,0,0.0,0.0,,0.0,normalDay
2020-02-05,3154.0,172.0,0.0,0,332.86,0.0,1,1.97,0.25,SPY200214P00317500,317.5,0,0.0,0.0,,0.0,normalDay
2020-02-06,3154.0,178.0,0.0,0,333.98,0.0,1,1.97,0.19,SPY200214P00317500,317.5,0,0.0,0.0,,0.0,normalDay
2020-02-07,3154.0,179.0,0.0,0,332.2,0.0,1,1.97,0.18,SPY200214P00317500,317.5,0,0.0,0.0,,0.0,normalDay
2020-02-10,3154.0,192.0,0.0,0,334.68,0.0,1,1.97,0.05,SPY200214P00317500,317.5,0,0.0,0.0,,0.0,normalDay
2020-02-11,3154.0,194.0,0.0,0,335.26,0.0,1,1.97,0.03,SPY200214P00317500,317.5,0,0.0,0.0,,0.0,normalDay
2020-02-12,3154.0,195.0,0.0,0,337.42,0.0,1,1.97,0.02,SPY200214P00317500,317.5,0,0.0,0.0,,0.0,normalDay
2020-02-13,3154.0,196.0,0.0,0,337.06,0.0,1,1.97,0.01,SPY200214P00317500,317.5,0,0.0,0.0,,0.0,normalDay
2020-02-14,3351.0,0.0,197.0,0,337.6,0.0,1,1.97,0.0,SPY200214P00317500,317.5,0,0.0,0.0,,0.0,expirationDay
2020-02-18,3351.0,-3.0,0.0,0,336.73,0.0,1,0.13,0.16,SPY200228P00316000,316.0,0,0.0,0.0,,0.0,normalDay
2020-02-19,3351.0,2.0,0.0,0,338.34,0.0,1,0.13,0.11,SPY200228P00316000,316.0,0,0.0,0.0,,0.0,normalDay
2020-02-20,3351.0,2.0,0.0,0,336.95,0.0,1,0.13,0.11,SPY200228P00316000,316.0,0,0.0,0.0,,0.0,normalDay
2020-02-21,3351.0,1.0,0.0,0,333.48,0.0,1,0.13,0.12,SPY200228P00316000,316.0,0,0.0,0.0,,0.0,normalDay
2020-02-24,3351.0,-229.0,0.0,0,322.42,0.0,1,0.13,2.42,SPY200228P00316000,316.0,0,0.0,0.0,,0.0,normalDay
2020-02-25,3351.0,-549.0,0.0,0,312.65,0.0,1,0.13,5.62,SPY200228P00316000,316.0,0,0.0,0.0,,0.0,normalDay
2020-02-26,3351.0,-599.0,0.0,0,311.5,0.0,1,0.13,6.12,SPY200228P00316000,316.0,0,0.0,0.0,,0.0,normalDay
2020-02-27,3351.0,-1882.0,0.0,0,297.51,0.0,1,0.13,18.95,SPY200228P00316000,316.0,0,0.0,0.0,,0.0,normalDay
2020-02-28,3364.0,-1974.0,13.0,100,296.26,316.0,1,0.13,0.0,SPY200228P00316000,316.0,0,0.0,0.0,,0.0,expirationDay
2020-03-02,3364.0,-691.0,0.0,100,309.09,316.0,0,0.0,0.0,,0.0,0,0.0,0.0,,0.0,bidTooLow
2020-03-03,3364.0,-1576.0,0.0,100,300.24,316.0,0,0.0,0.0,,0.0,0,0.0,0.0,,0.0,bidTooLow
2020-03-04,3364.0,-314.0,0.0,100,312.86,316.0,0,0.0,0.0,,0.0,0,0.0,0.0,,0.0,bidTooLow
2020-03-05,3364.0,-1354.0,0.0,100,302.46,316.0,0,0.0,0.0,,0.0,0,0.0,0.0,,0.0,bidTooLow
2020-03-06,3364.0,-1854.0,0.0,100,297.46,316.0,0,0.0,0.0,,0.0,0,0.0,0.0,,0.0,bidTooLow
2020-03-09,3364.0,-4177.0,0.0,100,274.23,316.0,0,0.0,0.0,,0.0,0,0.0,0.0,,0.0,bidTooLow
2020-03-10,3364.0,-2758.0,0.0,100,288.42,316.0,0,0.0,0.0,,0.0,0,0.0,0.0,,0.0,bidTooLow
2020-03-11,3364.0,-4164.0,0.0,100,274.36,316.0,0,0.0,0.0,,0.0,0,0.0,0.0,,0.0,bidTooLow
2020-03-12,3364.0,-6789.0,0.0,100,248.11,316.0,0,0.0,0.0,,0.0,0,0.0,0.0,,0.0,bidTooLow
2020-03-13,3364.0,-4668.0,0.0,100,269.32,316.0,0,0.0,0.0,,0.0,0,0.0,0.0,,0.0,bidTooLow
2020-03-16,3364.0,-7615.0,0.0,100,239.85,316.0,0,0.0,0.0,,0.0,0,0.0,0.0,,0.0,bidTooLow
2020-03-17,3364.0,-6320.0,0.0,100,252.8,316.0,0,0.0,0.0,,0.0,0,0.0,0.0,,0.0,bidTooLow
2020-03-18,3364.0,-7600.0,0.0,100,240.0,316.0,0,0.0,0.0,,0.0,0,0.0,0.0,,0.0,bidTooLow
2020-03-19,3364.0,-7549.0,0.0,100,240.51,316.0,0,0.0,0.0,,0.0,0,0.0,0.0,,0.0,bidTooLow
2020-03-20,3364.0,-8720.0,0.0,100,228.8,316.0,0,0.0,0.0,,0.0,0,0.0,0.0,,0.0,bidTooLow
2020-03-23,3364.0,-9305.0,0.0,100,222.95,316.0,0,0.0,0.0,,0.0,0,0.0,0.0,,0.0,bidTooLow
2020-03-24,3364.0,-7285.0,0.0,100,243.15,316.0,0,0.0,0.0,,0.0,0,0.0,0.0,,0.0,bidTooLow
2020-03-25,3364.0,-6921.0,0.0,100,246.79,316.0,0,0.0,0.0,,0.0,0,0.0,0.0,,0.0,bidTooLow
2020-03-26,3364.0,-5480.0,0.0,100,261.2,316.0,0,0.0,0.0,,0.0,0,0.0,0.0,,0.0,bidTooLow
2020-03-27,3364.0,-6258.0,0.0,100,253.42,316.0,0,0.0,0.0,,0.0,0,0.0,0.0,,0.0,bidTooLow
2020-03-30,3364.0,-5435.0,0.0,100,261.65,316.0,0,0.0,0.0,,0.0,0,0.0,0.0,,0.0,bidTooLow
2020-03-31,3364.0,-5825.0,0.0,100,257.75,316.0,0,0.0,0.0,,0.0,0,0.0,0.0,,0.0,bidTooLow
2020-04-01,3364.0,-6985.0,0.0,100,246.15,316.0,0,0.0,0.0,,0.0,0,0.0,0.0,,0.0,bidTooLow
2020-04-02,3364.0,-6417.0,0.0,100,251.83,316.0,0,0.0,0.0,,0.0,0,0.0,0.0,,0.0,bidTooLow
2020-04-03,3364.0,-6781.0,0.0,100,248.19,316.0,0,0.0,0.0,,0.0,0,0.0,0.0,,0.0,bidTooLow
2020-04-06,3364.0,-5114.0,0.0,100,264.86,316.0,0,0.0,0.0,,0.0,0,0.0,0.0,,0.0,bidTooLow
2020-04-07,3364.0,-5091.0,0.0,100,265.13,316.0,0,0.0,0.0,,0.0,1,0.25,0.29,SPY200408C00275000,275.0,normalDay
2020-04-08,3389.0,-4197.0,25.0,100,274.03,316.0,0,0.0,0.0,,0.0,1,0.25,0.0,SPY200408C00275000,275.0,expirationDay
2020-04-09,-353.0,-4197.0,-3742.0,0,278.2,0.0,0,0.0,0.0,,0.0,1,0.58,0.0,SPY200409C00278000,278.0,expirationDay
2020-04-13,-353.0,-3.0,0.0,0,275.66,0.0,1,0.05,0.08,SPY200424P00208000,208.0,0,0.0,0.0,,0.0,normalDay
2020-04-14,-353.0,-2.0,0.0,0,283.79,0.0,1,0.05,0.07,SPY200424P00208000,208.0,0,0.0,0.0,,0.0,normalDay
2020-04-15,-353.0,-2.0,0.0,0,277.76,0.0,1,0.05,0.07,SPY200424P00208000,208.0,0,0.0,0.0,,0.0,normalDay
2020-04-16,-353.0,0.0,0.0,0,279.1,0.0,1,0.05,0.05,SPY200424P00208000,208.0,0,0.0,0.0,,0.0,normalDay
2020-04-17,-353.0,2.0,0.0,0,286.64,0.0,1,0.05,0.03,SPY200424P00208000,208.0,0,0.0,0.0,,0.0,normalDay
2020-04-20,-353.0,3.0,0.0,0,281.59,0.0,1,0.05,0.02,SPY200424P00208000,208.0,0,0.0,0.0,,0.0,normalDay
2020-04-21,-353.0,4.0,0.0,0,273.04,0.0,1,0.05,0.01,SPY200424P00208000,208.0,0,0.0,0.0,,0.0,normalDay
2020-04-22,-353.0,4.0,0.0,0,279.1,0.0,1,0.05,0.01,SPY200424P00208000,208.0,0,0.0,0.0,,0.0,normalDay
2020-04-23,-353.0,4.0,0.0,0,279.08,0.0,1,0.05,0.01,SPY200424P00208000,208.0,0,0.0,0.0,,0.0,normalDay
2020-04-24,-348.0,0.0,5.0,0,282.97,0.0,1,0.05,0.0,SPY200424P00208000,208.0,0,0.0,0.0,,0.0,expirationDay
2020-04-27,-348.0,-3.0,0.0,0,287.05,0.0,1,0.11,0.14,SPY200508P00233000,233.0,0,0.0,0.0,,0.0,normalDay
2020-04-28,-348.0,-3.0,0.0,0,285.73,0.0,1,0.11,0.14,SPY200508P00233000,233.0,0,0.0,0.0,,0.0,normalDay
2020-04-29,-348.0,3.0,0.0,0,293.21,0.0,1,0.11,0.08,SPY200508P00233000,233.0,0,0.0,0.0,,0.0,normalDay
2020-04-30,-348.0,4.0,0.0,0,290.48,0.0,1,0.11,0.07,SPY200508P00233000,233.0,0,0.0,0.0,,0.0,normalDay
2020-05-01,-348.0,5.0,0.0,0,282.79,0.0,1,0.11,0.06,SPY200508P00233000,233.0,0,0.0,0.0,,0.0,normalDay
2020-05-04,-348.0,8.0,0.0,0,283.57,0.0,1,0.11,0.03,SPY200508P00233000,233.0,0,0.0,0.0,,0.0,normalDay
2020-05-05,-348.0,9.0,0.0,0,286.19,0.0,1,0.11,0.02,SPY200508P00233000,233.0,0,0.0,0.0,,0.0,normalDay
2020-05-06,-348.0,10.0,0.0,0,284.25,0.0,1,0.11,0.01,SPY200508P00233000,233.0,0,0.0,0.0,,0.0,normalDay
2020-05-07,-348.0,10.0,0.0,0,287.68,0.0,1,0.11,0.01,SPY200508P00233000,233.0,0,0.0,0.0,,0.0,normalDay
2020-05-08,-337.0,0.0,11.0,0,292.44,0.0,1,0.11,0.0,SPY200508P00233000,233.0,0,0.0,0.0,,0.0,expirationDay
2020-05-11,-337.0,-4.0,0.0,0,292.5,0.0,1,0.61,0.65,SPY200522P00268000,268.0,0,0.0,0.0,,0.0,normalDay
2020-05-12,-337.0,-93.0,0.0,0,286.67,0.0,1,0.61,1.54,SPY200522P00268000,268.0,0,0.0,0.0,,0.0,normalDay
2020-05-13,-337.0,-122.0,0.0,0,281.6,0.0,1,0.61,1.83,SPY200522P00268000,268.0,0,0.0,0.0,,0.0,normalDay
2020-05-14,-337.0,-47.0,0.0,0,284.97,0.0,1,0.61,1.08,SPY200522P00268000,268.0,0,0.0,0.0,,0.0,normalDay
2020-05-15,-337.0,-7.0,0.0,0,286.28,0.0,1,0.61,0.68,SPY200522P00268000,268.0,0,0.0,0.0,,0.0,normalDay
2020-05-18,-337.0,53.0,0.0,0,295.0,0.0,1,0.61,0.08,SPY200522P00268000,268.0,0,0.0,0.0,,0.0,normalDay
2020-05-19,-337.0,56.0,0.0,0,291.97,0.0,1,0.61,0.05,SPY200522P00268000,268.0,0,0.0,0.0,,0.0,normalDay
2020-05-20,-337.0,59.0,0.0,0,296.93,0.0,1,0.61,0.02,SPY200522P00268000,268.0,0,0.0,0.0,,0.0,normalDay
2020-05-21,-337.0,60.0,0.0,0,294.88,0.0,1,0.61,0.01,SPY200522P00268000,268.0,0,0.0,0.0,,0.0,normalDay
2020-05-22,-276.0,0.0,61.0,0,295.44,0.0,1,0.61,0.0,SPY200522P00268000,268.0,0,0.0,0.0,,0.0,expirationDay
2020-05-26,-276.0,-4.0,0.0,0,299.08,0.0,1,0.46,0.5,SPY200605P00274000,274.0,0,0.0,0.0,,0.0,normalDay
2020-05-27,-276.0,17.0,0.0,0,303.53,0.0,1,0.46,0.29,SPY200605P00274000,274.0,0,0.0,0.0,,0.0,normalDay
2020-05-28,-276.0,19.0,0.0,0,302.97,0.0,1,0.46,0.27,SPY200605P00274000,274.0,0,0.0,0.0,,0.0,normalDay
2020-05-29,-276.0,34.0,0.0,0,304.32,0.0,1,0.46,0.12,SPY200605P00274000,274.0,0,0.0,0.0,,0.0,normalDay
2020-06-01,-276.0,41.0,0.0,0,305.55,0.0,1,0.46,0.05,SPY200605P00274000,274.0,0,0.0,0.0,,0.0,normalDay
2020-06-02,-276.0,44.0,0.0,0,308.08,0.0,1,0.46,0.02,SPY200605P00274000,274.0,0,0.0,0.0,,0.0,normalDay
2020-06-03,-276.0,44.0,0.0,0,312.18,0.0,1,0.46,0.02,SPY200605P00274000,274.0,0,0.0,0.0,,0.0,normalDay
2020-06-04,-276.0,45.0,0.0,0,311.36,0.0,1,0.46,0.01,SPY200605P00274000,274.0,0,0.0,0.0,,0.0,normalDay
2020-06-05,-230.0,0.0,46.0,0,319.34,0.0,1,0.46,0.0,SPY200605P00274000,274.0,0,0.0,0.0,,0.0,expirationDay
2020-06-08,-230.0,-3.0,0.0,0,323.2,0.0,1,0.1,0.13,SPY200619P00266000,266.0,0,0.0,0.0,,0.0,normalDay
2020-06-09,-230.0,-4.0,0.0,0,320.79,0.0,1,0.1,0.14,SPY200619P00266000,266.0,0,0.0,0.0,,0.0,normalDay
2020-06-10,-230.0,-3.0,0.0,0,319.0,0.0,1,0.1,0.13,SPY200619P00266000,266.0,0,0.0,0.0,,0.0,normalDay
2020-06-11,-230.0,-82.0,0.0,0,300.61,0.0,1,0.1,0.92,SPY200619P00266000,266.0,0,0.0,0.0,,0.0,normalDay
2020-06-12,-230.0,-26.0,0.0,0,304.21,0.0,1,0.1,0.36,SPY200619P00266000,266.0,0,0.0,0.0,,0.0,normalDay
2020-06-15,-230.0,-4.0,0.0,0,307.05,0.0,1,0.1,0.14,SPY200619P00266000,266.0,0,0.0,0.0,,0.0,normalDay
2020-06-16,-230.0,5.0,0.0,0,312.96,0.0,1,0.1,0.05,SPY200619P00266000,266.0,0,0.0,0.0,,0.0,normalDay
2020-06-17,-230.0,7.0,0.0,0,311.66,0.0,1,0.1,0.03,SPY200619P00266000,266.0,0,0.0,0.0,,0.0,normalDay
2020-06-18,-230.0,8.0,0.0,0,311.78,0.0,1,0.1,0.02,SPY200619P00266000,266.0,0,0.0,0.0,,0.0,normalDay
2020-06-19,-220.0,0.0,10.0,0,308.64,0.0,1,0.1,0.0,SPY200619P00266000,266.0,0,0.0,0.0,,0.0,expirationDay
2020-06-22,-220.0,-4.0,0.0,0,310.62,0.0,1,1.11,1.15,SPY200702P00289000,289.0,0,0.0,0.0,,0.0,normalDay
2020-06-23,-220.0,26.0,0.0,0,312.05,0.0,1,1.11,0.85,SPY200702P00289000,289.0,0,0.0,0.0,,0.0,normalDay
2020-06-24,-220.0,-50.0,0.0,0,304.09,0.0,1,1.11,1.61,SPY200702P00289000,289.0,0,0.0,0.0,,0.0,normalDay
2020-06-25,-220.0,34.0,0.0,0,307.35,0.0,1,1.11,0.77,SPY200702P00289000,289.0,0,0.0,0.0,,0.0,normalDay
2020-06-26,-220.0,-31.0,0.0,0,300.05,0.0,1,1.11,1.42,SPY200702P00289000,289.0,0,0.0,0.0,,0.0,normalDay
2020-06-29,-220.0,76.0,0.0,0,304.46,0.0,1,1.11,0.35,SPY200702P00289000,289.0,0,0.0,0.0,,0.0,normalDay
2020-06-30,-220.0,99.0,0.0,0,308.36,0.0,1,1.11,0.12,SPY200702P00289000,289.0,0,0.0,0.0,,0.0,normalDay
2020-07-01,-220.0,108.0,0.0,0,310.52,0.0,1,1.11,0.03,SPY200702P00289000,289.0,0,0.0,0.0,,0.0,normalDay
2020-07-02,-109.0,0.0,111.0,0,312.23,0.0,1,1.11,0.0,SPY200702P00289000,289.0,0,0.0,0.0,,0.0,expirationDay
2020-07-06,-109.0,-3.0,0.0,0,317.05,0.0,1,0.62,0.65,SPY200717P00291000,291.0,0,0.0,0.0,,0.0,normalDay
2020-07-07,-109.0,-19.0,0.0,0,313.78,0.0,1,0.62,0.81,SPY200717P00291000,291.0,0,0.0,0.0,,0.0,normalDay
2020-07-08,-109.0,22.0,0.0,0,316.18,0.0,1,0.62,0.4,SPY200717P00291000,291.0,0,0.0,0.0,,0.0,normalDay
2020-07-09,-109.0,17.0,0.0,0,314.38,0.0,1,0.62,0.45,SPY200717P00291000,291.0,0,0.0,0.0,,0.0,normalDay
2020-07-10,-109.0,48.0,0.0,0,317.59,0.0,1,0.62,0.14,SPY200717P00291000,291.0,0,0.0,0.0,,0.0,normalDay
2020-07-13,-109.0,37.0,0.0,0,314.84,0.0,1,0.62,0.25,SPY200717P00291000,291.0,0,0.0,0.0,,0.0,normalDay
2020-07-14,-109.0,55.0,0.0,0,318.92,0.0,1,0.62,0.07,SPY200717P00291000,291.0,0,0.0,0.0,,0.0,normalDay
2020-07-15,-109.0,60.0,0.0,0,321.85,0.0,1,0.62,0.02,SPY200717P00291000,291.0,0,0.0,0.0,,0.0,normalDay
2020-07-16,-109.0,60.0,0.0,0,320.79,0.0,1,0.62,0.02,SPY200717P00291000,291.0,0,0.0,0.0,,0.0,normalDay
2020-07-17,-47.0,0.0,62.0,0,321.72,0.0,1,0.62,0.0,SPY200717P00291000,291.0,0,0.0,0.0,,0.0,expirationDay
2020-07-20,-47.0,-3.0,0.0,0,324.32,0.0,1,0.29,0.32,SPY200731P00294000,294.0,0,0.0,0.0,,0.0,normalDay
2020-07-21,-47.0,2.0,0.0,0,325.01,0.0,1,0.29,0.27,SPY200731P00294000,294.0,0,0.0,0.0,,0.0,normalDay
2020-07-22,-47.0,10.0,0.0,0,326.86,0.0,1,0.29,0.19,SPY200731P00294000,294.0,0,0.0,0.0,,0.0,normalDay
2020-07-23,-47.0,3.0,0.0,0,322.96,0.0,1,0.29,0.26,SPY200731P00294000,294.0,0,0.0,0.0,,0.0,normalDay
2020-07-24,-47.0,17.0,0.0,0,320.88,0.0,1,0.29,0.12,SPY200731P00294000,294.0,0,0.0,0.0,,0.0,normalDay
2020-07-27,-47.0,25.0,0.0,0,323.22,0.0,1,0.29,0.04,SPY200731P00294000,294.0,0,0.0,0.0,,0.0,normalDay
2020-07-28,-47.0,25.0,0.0,0,321.17,0.0,1,0.29,0.04,SPY200731P00294000,294.0,0,0.0,0.0,,0.0,normalDay
2020-07-29,-47.0,27.0,0.0,0,325.12,0.0,1,0.29,0.02,SPY200731P00294000,294.0,0,0.0,0.0,,0.0,normalDay
2020-07-30,-47.0,27.0,0.0,0,323.96,0.0,1,0.29,0.02,SPY200731P00294000,294.0,0,0.0,0.0,,0.0,normalDay
2020-07-31,-18.0,0.0,29.0,0,326.52,0.0,1,0.29,0.0,SPY200731P00294000,294.0,0,0.0,0.0,,0.0,expirationDay
2020-08-03,-18.0,-3.0,0.0,0,328.79,0.0,1,0.57,0.6,SPY200814P00308000,308.0,0,0.0,0.0,,0.0,normalDay
2020-08-04,-18.0,13.0,0.0,0,330.06,0.0,1,0.57,0.44,SPY200814P00308000,308.0,0,0.0,0.0,,0.0,normalDay
2020-08-05,-18.0,30.0,0.0,0,332.11,0.0,1,0.57,0.27,SPY200814P00308000,308.0,0,0.0,0.0,,0.0,normalDay
2020-08-06,-18.0,34.0,0.0,0,334.33,0.0,1,0.57,0.23,SPY200814P00308000,308.0,0,0.0,0.0,,0.0,normalDay
2020-08-07,-18.0,46.0,0.0,0,334.57,0.0,1,0.57,0.11,SPY200814P00308000,308.0,0,0.0,0.0,,0.0,normalDay
2020-08-10,-18.0,52.0,0.0,0,335.57,0.0,1,0.57,0.05,SPY200814P00308000,308.0,0,0.0,0.0,,0.0,normalDay
2020-08-11,-18.0,48.0,0.0,0,332.8,0.0,1,0.57,0.09,SPY200814P00308000,308.0,0,0.0,0.0,,0.0,normalDay
2020-08-12,-18.0,55.0,0.0,0,337.44,0.0,1,0.57,0.02,SPY200814P00308000,308.0,0,0.0,0.0,,0.0,normalDay
2020-08-13,-18.0,55.0,0.0,0,336.83,0.0,1,0.57,0.02,SPY200814P00308000,308.0,0,0.0,0.0,,0.0,normalDay
2020-08-14,39.0,0.0,57.0,0,336.84,0.0,1,0.57,0.0,SPY200814P00308000,308.0,0,0.0,0.0,,0.0,expirationDay
2020-08-17,39.0,-3.0,0.0,0,337.91,0.0,1,0.28,0.31,SPY200828P00312000,312.0,0,0.0,0.0,,0.0,normalDay
2020-08-18,39.0,1.0,0.0,0,338.64,0.0,1,0.28,0.27,SPY200828P00312000,312.0,0,0.0,0.0,,0.0,normalDay
2020-08-19,39.0,-3.0,0.0,0,337.23,0.0,1,0.28,0.31,SPY200828P00312000,312.0,0,0.0,0.0,,0.0,normalDay
2020-08-20,39.0,5.0,0.0,0,338.28,0.0,1,0.28,0.23,SPY200828P00312000,312.0,0,0.0,0.0,,0.0,normalDay
2020-08-21,39.0,16.0,0.0,0,339.48,0.0,1,0.28,0.12,SPY200828P00312000,312.0,0,0.0,0.0,,0.0,normalDay
2020-08-24,39.0,23.0,0.0,0,342.92,0.0,1,0.28,0.05,SPY200828P00312000,312.0,0,0.0,0.0,,0.0,normalDay
2020-08-25,39.0,25.0,0.0,0,344.12,0.0,1,0.28,0.03,SPY200828P00312000,312.0,0,0.0,0.0,,0.0,normalDay
2020-08-26,39.0,24.0,0.0,0,347.57,0.0,1,0.28,0.04,SPY200828P00312000,312.0,0,0.0,0.0,,0.0,normalDay
2020-08-27,39.0,27.0,0.0,0,348.33,0.0,1,0.28,0.01,SPY200828P00312000,312.0,0,0.0,0.0,,0.0,normalDay
2020-08-28,67.0,0.0,28.0,0,350.58,0.0,1,0.28,0.0,SPY200828P00312000,312.0,0,0.0,0.0,,0.0,expirationDay
2020-08-31,67.0,-3.0,0.0,0,349.31,0.0,1,0.43,0.46,SPY200911P00321000,321.0,0,0.0,0.0,,0.0,normalDay
2020-09-01,67.0,15.0,0.0,0,352.6,0.0,1,0.43,0.28,SPY200911P00321000,321.0,0,0.0,0.0,,0.0,normalDay
2020-09-02,67.0,22.0,0.0,0,357.7,0.0,1,0.43,0.21,SPY200911P00321000,321.0,0,0.0,0.0,,0.0,normalDay
2020-09-03,67.0,-38.0,0.0,0,345.39,0.0,1,0.43,0.81,SPY200911P00321000,321.0,0,0.0,0.0,,0.0,normalDay
2020-09-04,67.0,-35.0,0.0,0,342.57,0.0,1,0.43,0.78,SPY200911P00321000,321.0,0,0.0,0.0,,0.0,normalDay
2020-09-08,67.0,-53.0,0.0,0,333.21,0.0,1,0.43,0.96,SPY200911P00321000,321.0,0,0.0,0.0,,0.0,normalDay
2020-09-09,67.0,21.0,0.0,0,339.79,0.0,1,0.43,0.22,SPY200911P00321000,321.0,0,0.0,0.0,,0.0,normalDay
2020-09-10,67.0,29.0,0.0,0,333.89,0.0,1,0.43,0.14,SPY200911P00321000,321.0,0,0.0,0.0,,0.0,normalDay
2020-09-11,110.0,0.0,43.0,0,334.06,0.0,1,0.43,0.0,SPY200911P00321000,321.0,0,0.0,0.0,,0.0,expirationDay
2020-09-14,110.0,-4.0,0.0,0,338.46,0.0,1,1.35,1.39,SPY200925P00322000,322.0,0,0.0,0.0,,0.0,normalDay
2020-09-15,110.0,32.0,0.0,0,340.17,0.0,1,1.35,1.03,SPY200925P00322000,322.0,0,0.0,0.0,,0.0,normalDay
2020-09-16,110.0,34.0,0.0,0,338.82,0.0,1,1.35,1.01,SPY200925P00322000,322.0,0,0.0,0.0,,0.0,normalDay
2020-09-17,110.0,20.0,0.0,0,335.84,0.0,1,1.35,1.15,SPY200925P00322000,322.0,0,0.0,0.0,,0.0,normalDay
2020-09-18,110.0,-5.0,0.0,0,330.65,0.0,1,1.35,1.4,SPY200925P00322000,322.0,0,0.0,0.0,,0.0,normalDay
2020-09-21,110.0,-51.0,0.0,0,326.97,0.0,1,1.35,1.86,SPY200925P00322000,322.0,0,0.0,0.0,,0.0,normalDay
2020-09-22,110.0,62.0,0.0,0,330.3,0.0,1,1.35,0.73,SPY200925P00322000,322.0,0,0.0,0.0,,0.0,normalDay
2020-09-23,110.0,-109.0,0.0,0,322.64,0.0,1,1.35,2.44,SPY200925P00322000,322.0,0,0.0,0.0,,0.0,normalDay
2020-09-24,110.0,16.0,0.0,0,323.5,0.0,1,1.35,1.19,SPY200925P00322000,322.0,0,0.0,0.0,,0.0,normalDay
2020-09-25,245.0,0.0,135.0,0,328.73,0.0,1,1.35,0.0,SPY200925P00322000,322.0,0,0.0,0.0,,0.0,expirationDay
2020-09-28,245.0,-3.0,0.0,0,334.19,0.0,1,0.52,0.55,SPY201009P00309000,309.0,0,0.0,0.0,,0.0,normalDay
2020-09-29,245.0,-7.0,0.0,0,332.37,0.0,1,0.52,0.59,SPY201009P00309000,309.0,0,0.0,0.0,,0.0,normalDay
2020-09-30,245.0,9.0,0.0,0,334.89,0.0,1,0.52,0.43,SPY201009P00309000,309.0,0,0.0,0.0,,0.0,normalDay
2020-10-01,245.0,33.0,0.0,0,337.04,0.0,1,0.52,0.19,SPY201009P00309000,309.0,0,0.0,0.0,,0.0,normalDay
2020-10-02,245.0,36.0,0.0,0,333.84,0.0,1,0.52,0.16,SPY201009P00309000,309.0,0,0.0,0.0,,0.0,normalDay
2020-10-05,245.0,48.0,0.0,0,339.76,0.0,1,0.52,0.04,SPY201009P00309000,309.0,0,0.0,0.0,,0.0,normalDay
2020-10-06,245.0,46.0,0.0,0,334.93,0.0,1,0.52,0.06,SPY201009P00309000,309.0,0,0.0,0.0,,0.0,normalDay
2020-10-07,245.0,50.0,0.0,0,340.76,0.0,1,0.52,0.02,SPY201009P00309000,309.0,0,0.0,0.0,,0.0,normalDay
2020-10-08,245.0,51.0,0.0,0,343.78,0.0,1,0.52,0.01,SPY201009P00309000,309.0,0,0.0,0.0,,0.0,normalDay
2020-10-09,297.0,0.0,52.0,0,346.85,0.0,1,0.52,0.0,SPY201009P00309000,309.0,0,0.0,0.0,,0.0,expirationDay
2020-10-12,297.0,-3.0,0.0,0,352.43,0.0,1,0.13,0.16,SPY201023P00313000,313.0,0,0.0,0.0,,0.0,normalDay
2020-10-13,297.0,-2.0,0.0,0,350.13,0.0,1,0.13,0.15,SPY201023P00313000,313.0,0,0.0,0.0,,0.0,normalDay
2020-10-14,297.0,0.0,0.0,0,347.93,0.0,1,0.13,0.13,SPY201023P00313000,313.0,0,0.0,0.0,,0.0,normalDay
2020-10-15,297.0,4.0,0.0,0,347.5,0.0,1,0.13,0.09,SPY201023P00313000,313.0,0,0.0,0.0,,0.0,normalDay
2020-10-16,297.0,6.0,0.0,0,347.29,0.0,1,0.13,0.07,SPY201023P00313000,313.0,0,0.0,0.0,,0.0,normalDay
2020-10-19,297.0,7.0,0.0,0,342.01,0.0,1,0.13,0.06,SPY201023P00313000,313.0,0,0.0,0.0,,0.0,normalDay
2020-10-20,297.0,10.0,0.0,0,343.38,0.0,1,0.13,0.03,SPY201023P00313000,313.0,0,0.0,0.0,,0.0,normalDay
2020-10-21,297.0,11.0,0.0,0,342.73,0.0,1,0.13,0.02,SPY201023P00313000,313.0,0,0.0,0.0,,0.0,normalDay
2020-10-22,297.0,12.0,0.0,0,344.61,0.0,1,0.13,0.01,SPY201023P00313000,313.0,0,0.0,0.0,,0.0,normalDay
2020-10-23,310.0,0.0,13.0,0,345.78,0.0,1,0.13,0.0,SPY201023P00313000,313.0,0,0.0,0.0,,0.0,expirationDay
2020-10-26,310.0,-6.0,0.0,0,339.39,0.0,1,3.48,3.54,SPY201106P00325000,325.0,0,0.0,0.0,,0.0,normalDay
2020-10-27,310.0,-8.0,0.0,0,338.22,0.0,1,3.48,3.56,SPY201106P00325000,325.0,0,0.0,0.0,,0.0,normalDay
2020-10-28,310.0,-507.0,0.0,0,326.66,0.0,1,3.48,8.55,SPY201106P00325000,325.0,0,0.0,0.0,,0.0,normalDay
2020-10-29,310.0,-240.0,0.0,0,329.98,0.0,1,3.48,5.88,SPY201106P00325000,325.0,0,0.0,0.0,,0.0,normalDay
2020-10-30,310.0,-319.0,0.0,0,326.54,0.0,1,3.48,6.67,SPY201106P00325000,325.0,0,0.0,0.0,,0.0,normalDay
2020-11-02,310.0,-90.0,0.0,0,330.2,0.0,1,3.48,4.38,SPY201106P00325000,325.0,0,0.0,0.0,,0.0,normalDay
2020-11-03,310.0,68.0,0.0,0,336.03,0.0,1,3.48,2.8,SPY201106P00325000,325.0,0,0.0,0.0,,0.0,normalDay
2020-11-04,310.0,319.0,0.0,0,343.54,0.0,1,3.48,0.29,SPY201106P00325000,325.0,0,0.0,0.0,,0.0,normalDay
2020-11-05,310.0,345.0,0.0,0,350.24,0.0,1,3.48,0.03,SPY201106P00325000,325.0,0,0.0,0.0,,0.0,normalDay
2020-11-06,658.0,0.0,348.0,0,350.16,0.0,1,3.48,0.0,SPY201106P00325000,325.0,0,0.0,0.0,,0.0,expirationDay
2020-11-09,658.0,-3.0,0.0,0,354.56,0.0,1,0.37,0.4,SPY201120P00317000,317.0,0,0.0,0.0,,0.0,normalDay
2020-11-10,658.0,7.0,0.0,0,354.04,0.0,1,0.37,0.3,SPY201120P00317000,317.0,0,0.0,0.0,,0.0,normalDay
2020-11-11,658.0,18.0,0.0,0,356.67,0.0,1,0.37,0.19,SPY201120P00317000,317.0,0,0.0,0.0,,0.0,normalDay
2020-11-12,658.0,8.0,0.0,0,353.21,0.0,1,0.37,0.29,SPY201120P00317000,317.0,0,0.0,0.0,,0.0,normalDay
2020-11-13,658.0,25.0,0.0,0,358.1,0.0,1,0.37,0.12,SPY201120P00317000,317.0,0,0.0,0.0,,0.0,normalDay
2020-11-16,658.0,33.0,0.0,0,362.57,0.0,1,0.37,0.04,SPY201120P00317000,317.0,0,0.0,0.0,,0.0,normalDay
2020-11-17,658.0,34.0,0.0,0,360.62,0.0,1,0.37,0.03,SPY201120P00317000,317.0,0,0.0,0.0,,0.0,normalDay
2020-11-18,658.0,35.0,0.0,0,356.28,0.0,1,0.37,0.02,SPY201120P00317000,317.0,0,0.0,0.0,,0.0,normalDay
2020-11-19,658.0,36.0,0.0,0,357.78,0.0,1,0.37,0.01,SPY201120P00317000,317.0,0,0.0,0.0,,0.0,normalDay
2020-11-20,695.0,0.0,37.0,0,355.33,0.0,1,0.37,0.0,SPY201120P00317000,317.0,0,0.0,0.0,,0.0,expirationDay
2020-11-23,695.0,-3.0,0.0,0,357.46,0.0,1,0.12,0.15,SPY201204P00312000,312.0,0,0.0,0.0,,0.0,normalDay
2020-11-24,695.0,4.0,0.0,0,363.22,0.0,1,0.12,0.08,SPY201204P00312000,312.0,0,0.0,0.0,,0.0,normalDay
2020-11-25,695.0,7.0,0.0,0,362.66,0.0,1,0.12,0.05,SPY201204P00312000,312.0,0,0.0,0.0,,0.0,normalDay
2020-11-27,695.0,9.0,0.0,0,363.67,0.0,1,0.12,0.03,SPY201204P00312000,312.0,0,0.0,0.0,,0.0,normalDay
2020-11-30,695.0,8.0,0.0,0,362.06,0.0,1,0.12,0.04,SPY201204P00312000,312.0,0,0.0,0.0,,0.0,normalDay
2020-12-01,695.0,10.0,0.0,0,366.02,0.0,1,0.12,0.02,SPY201204P00312000,312.0,0,0.0,0.0,,0.0,normalDay
2020-12-02,695.0,11.0,0.0,0,366.79,0.0,1,0.12,0.01,SPY201204P00312000,312.0,0,0.0,0.0,,0.0,normalDay
2020-12-03,695.0,11.0,0.0,0,366.69,0.0,1,0.12,0.01,SPY201204P00312000,312.0,0,0.0,0.0,,0.0,normalDay
2020-12-04,707.0,0.0,12.0,0,369.85,0.0,1,0.12,0.0,SPY201204P00312000,312.0,0,0.0,0.0,,0.0,expirationDay
2020-12-07,707.0,-3.0,0.0,0,369.09,0.0,1,0.58,0.61,SPY201218P00345000,345.0,0,0.0,0.0,,0.0,normalDay
2020-12-08,707.0,16.0,0.0,0,370.17,0.0,1,0.58,0.42,SPY201218P00345000,345.0,0,0.0,0.0,,0.0,normalDay
2020-12-09,707.0,-2.0,0.0,0,366.85,0.0,1,0.58,0.6,SPY201218P00345000,345.0,0,0.0,0.0,,0.0,normalDay
2020-12-10,707.0,10.0,0.0,0,366.73,0.0,1,0.58,0.48,SPY201218P00345000,345.0,0,0.0,0.0,,0.0,normalDay
2020-12-11,707.0,11.0,0.0,0,366.3,0.0,1,0.58,0.47,SPY201218P00345000,345.0,0,0.0,0.0,,0.0,normalDay
2020-12-14,707.0,14.0,0.0,0,364.66,0.0,1,0.58,0.44,SPY201218P00345000,345.0,0,0.0,0.0,,0.0,normalDay
2020-12-15,707.0,39.0,0.0,0,369.59,0.0,1,0.58,0.19,SPY201218P00345000,345.0,0,0.0,0.0,,0.0,normalDay
2020-12-16,707.0,48.0,0.0,0,370.17,0.0,1,0.58,0.1,SPY201218P00345000,345.0,0,0.0,0.0,,0.0,normalDay
2020-12-17,707.0,52.0,0.0,0,372.24,0.0,1,0.58,0.06,SPY201218P00345000,345.0,0,0.0,0.0,,0.0,normalDay
2020-12-18,765.0,0.0,58.0,0,369.18,0.0,1,0.58,0.0,SPY201218P00345000,345.0,0,0.0,0.0,,0.0,expirationDay
2020-12-21,765.0,-4.0,0.0,0,367.86,0.0,1,1.59,1.63,SPY201231P00356000,356.0,0,0.0,0.0,,0.0,normalDay
2020-12-22,765.0,25.0,0.0,0,367.24,0.0,1,1.59,1.34,SPY201231P00356000,356.0,0,0.0,0.0,,0.0,normalDay
2020-12-23,765.0,66.0,0.0,0,367.57,0.0,1,1.59,0.93,SPY201231P00356000,356.0,0,0.0,0.0,,0.0,normalDay
2020-12-24,765.0,117.0,0.0,0,369.0,0.0,1,1.59,0.42,SPY201231P00356000,356.0,0,0.0,0.0,,0.0,normalDay
2020-12-28,765.0,150.0,0.0,0,372.17,0.0,1,1.59,0.09,SPY201231P00356000,356.0,0,0.0,0.0,,0.0,normalDay
2020-12-29,765.0,150.0,0.0,0,371.46,0.0,1,1.59,0.09,SPY201231P00356000,356.0,0,0.0,0.0,,0.0,normalDay
2020-12-30,765.0,154.0,0.0,0,371.99,0.0,1,1.59,0.05,SPY201231P00356000,356.0,0,0.0,0.0,,0.0,normalDay
2020-12-31,924.0,0.0,159.0,0,373.88,0.0,1,1.59,0.0,SPY201231P00356000,356.0,0,0.0,0.0,,0.0,expirationDay
2021-01-04,924.0,-4.0,0.0,0,368.79,0.0,1,3.45,3.49,SPY210115P00362000,362.0,0,0.0,0.0,,0.0,normalDay
2021-01-05,924.0,95.0,0.0,0,371.33,0.0,1,3.45,2.5,SPY210115P00362000,362.0,0,0.0,0.0,,0.0,normalDay
2021-01-06,924.0,143.0,0.0,0,373.55,0.0,1,3.45,2.02,SPY210115P00362000,362.0,0,0.0,0.0,,0.0,normalDay
2021-01-07,924.0,278.0,0.0,0,379.1,0.0,1,3.45,0.67,SPY210115P00362000,362.0,0,0.0,0.0,,0.0,normalDay
2021-01-08,924.0,306.0,0.0,0,381.26,0.0,1,3.45,0.39,SPY210115P00362000,362.0,0,0.0,0.0,,0.0,normalDay
2021-01-11,924.0,308.0,0.0,0,378.69,0.0,1,3.45,0.37,SPY210115P00362000,362.0,0,0.0,0.0,,0.0,normalDay
2021-01-12,924.0,325.0,0.0,0,378.77,0.0,1,3.45,0.2,SPY210115P00362000,362.0,0,0.0,0.0,,0.0,normalDay
2021-01-13,924.0,335.0,0.0,0,379.79,0.0,1,3.45,0.1,SPY210115P00362000,362.0,0,0.0,0.0,,0.0,normalDay
2021-01-14,924.0,337.0,0.0,0,378.46,0.0,1,3.45,0.08,SPY210115P00362000,362.0,0,0.0,0.0,,0.0,normalDay
2021-01-15,1269.0,0.0,345.0,0,375.7,0.0,1,3.45,0.0,SPY210115P00362000,362.0,0,0.0,0.0,,0.0,expirationDay
2021-01-19,1269.0,-4.0,0.0,0,378.65,0.0,1,1.02,1.06,SPY210129P00360000,360.0,0,0.0,0.0,,0.0,normalDay
2021-01-20,1269.0,56.0,0.0,0,383.89,0.0,1,1.02,0.46,SPY210129P00360000,360.0,0,0.0,0.0,,0.0,normalDay
2021-01-21,1269.0,70.0,0.0,0,384.24,0.0,1,1.02,0.32,SPY210129P00360000,360.0,0,0.0,0.0,,0.0,normalDay
2021-01-22,1269.0,77.0,0.0,0,382.88,0.0,1,1.02,0.25,SPY210129P00360000,360.0,0,0.0,0.0,,0.0,normalDay
2021-01-25,1269.0,88.0,0.0,0,384.39,0.0,1,1.02,0.14,SPY210129P00360000,360.0,0,0.0,0.0,,0.0,normalDay
2021-01-26,1269.0,93.0,0.0,0,383.79,0.0,1,1.02,0.09,SPY210129P00360000,360.0,0,0.0,0.0,,0.0,normalDay
2021-01-27,1269.0,15.0,0.0,0,374.41,0.0,1,1.02,0.87,SPY210129P00360000,360.0,0,0.0,0.0,,0.0,normalDay
2021-01-28,1269.0,94.0,0.0,0,377.63,0.0,1,1.02,0.08,SPY210129P00360000,360.0,0,0.0,0.0,,0.0,normalDay
2021-01-29,1371.0,0.0,102.0,0,370.07,0.0,1,1.02,0.0,SPY210129P00360000,360.0,0,0.0,0.0,,0.0,expirationDay
2021-02-01,1371.0,-5.0,0.0,0,376.23,0.0,1,3.19,3.24,SPY210212P00364000,364.0,0,0.0,0.0,,0.0,normalDay
2021-02-02,1371.0,194.0,0.0,0,381.55,0.0,1,3.19,1.25,SPY210212P00364000,364.0,0,0.0,0.0,,0.0,normalDay
2021-02-03,1371.0,242.0,0.0,0,381.85,0.0,1,3.19,0.77,SPY210212P00364000,364.0,0,0.0,0.0,,0.0,normalDay
2021-02-04,1371.0,283.0,0.0,0,386.19,0.0,1,3.19,0.36,SPY210212P00364000,364.0,0,0.0,0.0,,0.0,normalDay
2021-02-05,1371.0,305.0,0.0,0,387.71,0.0,1,3.19,0.14,SPY210212P00364000,364.0,0,0.0,0.0,,0.0,normalDay
2021-02-08,1371.0,312.0,0.0,0,390.51,0.0,1,3.19,0.07,SPY210212P00364000,364.0,0,0.0,0.0,,0.0,normalDay
2021-02-09,1371.0,314.0,0.0,0,390.25,0.0,1,3.19,0.05,SPY210212P00364000,364.0,0,0.0,0.0,,0.0,normalDay
2021-02-10,1371.0,315.0,0.0,0,390.08,0.0,1,3.19,0.04,SPY210212P00364000,364.0,0,0.0,0.0,,0.0,normalDay
2021-02-11,1371.0,318.0,0.0,0,390.71,0.0,1,3.19,0.01,SPY210212P00364000,364.0,0,0.0,0.0,,0.0,normalDay
2021-02-12,1690.0,0.0,319.0,0,392.64,0.0,1,3.19,0.0,SPY210212P00364000,364.0,0,0.0,0.0,,0.0,expirationDay
2021-02-16,1690.0,-3.0,0.0,0,392.3,0.0,1,0.43,0.46,SPY210226P00365000,365.0,0,0.0,0.0,,0.0,normalDay
2021-02-17,1690.0,9.0,0.0,0,392.39,0.0,1,0.43,0.34,SPY210226P00365000,365.0,0,0.0,0.0,,0.0,normalDay
2021-02-18,1690.0,6.0,0.0,0,390.72,0.0,1,0.43,0.37,SPY210226P00365000,365.0,0,0.0,0.0,,0.0,normalDay
2021-02-19,1690.0,24.0,0.0,0,390.03,0.0,1,0.43,0.19,SPY210226P00365000,365.0,0,0.0,0.0,,0.0,normalDay
2021-02-22,1690.0,26.0,0.0,0,387.03,0.0,1,0.43,0.17,SPY210226P00365000,365.0,0,0.0,0.0,,0.0,normalDay
2021-02-23,1690.0,33.0,0.0,0,387.5,0.0,1,0.43,0.1,SPY210226P00365000,365.0,0,0.0,0.0,,0.0,normalDay
2021-02-24,1690.0,40.0,0.0,0,391.77,0.0,1,0.43,0.03,SPY210226P00365000,365.0,0,0.0,0.0,,0.0,normalDay
2021-02-25,1690.0,33.0,0.0,0,382.33,0.0,1,0.43,0.1,SPY210226P00365000,365.0,0,0.0,0.0,,0.0,normalDay
2021-02-26,1733.0,0.0,43.0,0,380.36,0.0,1,0.43,0.0,SPY210226P00365000,365.0,0,0.0,0.0,,0.0,expirationDay
2021-03-01,1733.0,-4.0,0.0,0,389.58,0.0,1,1.54,1.58,SPY210312P00373000,373.0,0,0.0,0.0,,0.0,normalDay
2021-03-02,1733.0,-41.0,0.0,0,386.54,0.0,1,1.54,1.95,SPY210312P00373000,373.0,0,0.0,0.0,,0.0,normalDay
2021-03-03,1733.0,-150.0,0.0,0,381.42,0.0,1,1.54,3.04,SPY210312P00373000,373.0,0,0.0,0.0,,0.0,normalDay
2021-03-04,1733.0,-299.0,0.0,0,376.7,0.0,1,1.54,4.53,SPY210312P00373000,373.0,0,0.0,0.0,,0.0,normalDay
2021-03-05,1733.0,-23.0,0.0,0,383.63,0.0,1,1.54,1.77,SPY210312P00373000,373.0,0,0.0,0.0,,0.0,normalDay
2021-03-08,1733.0,-9.0,0.0,0,381.72,0.0,1,1.54,1.63,SPY210312P00373000,373.0,0,0.0,0.0,,0.0,normalDay
2021-03-09,1733.0,108.0,0.0,0,387.17,0.0,1,1.54,0.46,SPY210312P00373000,373.0,0,0.0,0.0,,0.0,normalDay
2021-03-10,1733.0,147.0,0.0,0,389.58,0.0,1,1.54,0.07,SPY210312P00373000,373.0,0,0.0,0.0,,0.0,normalDay
2021-03-11,1733.0,152.0,0.0,0,393.53,0.0,1,1.54,0.02,SPY210312P00373000,373.0,0,0.0,0.0,,0.0,normalDay
2021-03-12,1887.0,0.0,154.0,0,394.06,0.0,1,1.54,0.0,SPY210312P00373000,373.0,0,0.0,0.0,,0.0,expirationDay
2021-03-15,1887.0,-3.0,0.0,0,396.41,0.0,1,0.55,0.58,SPY210326P00372000,372.0,0,0.0,0.0,,0.0,normalDay
2021-03-16,1887.0,-2.0,0.0,0,395.91,0.0,1,0.55,0.57,SPY210326P00372000,372.0,0,0.0,0.0,,0.0,normalDay
2021-03-17,1887.0,21.0,0.0,0,397.26,0.0,1,0.55,0.34,SPY210326P00372000,372.0,0,0.0,0.0,,0.0,normalDay
2021-03-18,1887.0,-15.0,0.0,0,391.48,0.0,1,0.55,0.7,SPY210326P00372000,372.0,0,0.0,0.0,,0.0,normalDay
2021-03-19,1887.0,7.0,0.0,0,389.48,0.0,1,0.55,0.48,SPY210326P00372000,372.0,0,0.0,0.0,,0.0,normalDay
2021-03-22,1887.0,47.0,0.0,0,392.59,0.0,1,0.55,0.08,SPY210326P00372000,372.0,0,0.0,0.0,,0.0,normalDay
2021-03-23,1887.0,42.0,0.0,0,389.5,0.0,1,0.55,0.13,SPY210326P00372000,372.0,0,0.0,0.0,,0.0,normalDay
2021-03-24,1887.0,45.0,0.0,0,387.52,0.0,1,0.55,0.1,SPY210326P00372000,372.0,0,0.0,0.0,,0.0,normalDay
2021-03-25,1887.0,53.0,0.0,0,389.7,0.0,1,0.55,0.02,SPY210326P00372000,372.0,0,0.0,0.0,,0.0,normalDay
2021-03-26,1942.0,0.0,55.0,0,395.98,0.0,1,0.55,0.0,SPY210326P00372000,372.0,0,0.0,0.0,,0.0,expirationDay
2021-03-29,1942.0,-3.0,0.0,0,395.78,0.0,1,0.67,0.7,SPY210409P00372500,372.5,0,0.0,0.0,,0.0,normalDay
2021-03-30,1942.0,14.0,0.0,0,394.73,0.0,1,0.67,0.53,SPY210409P00372500,372.5,0,0.0,0.0,,0.0,normalDay
2021-03-31,1942.0,39.0,0.0,0,396.33,0.0,1,0.67,0.28,SPY210409P00372500,372.5,0,0.0,0.0,,0.0,normalDay
2021-04-01,1942.0,61.0,0.0,0,400.61,0.0,1,0.67,0.06,SPY210409P00372500,372.5,0,0.0,0.0,,0.0,normalDay
2021-04-05,1942.0,62.0,0.0,0,406.36,0.0,1,0.67,0.05,SPY210409P00372500,372.5,0,0.0,0.0,,0.0,normalDay
2021-04-06,1942.0,63.0,0.0,0,406.12,0.0,1,0.67,0.04,SPY210409P00372500,372.5,0,0.0,0.0,,0.0,normalDay
2021-04-07,1942.0,65.0,0.0,0,406.59,0.0,1,0.67,0.02,SPY210409P00372500,372.5,0,0.0,0.0,,0.0,normalDay
2021-04-08,1942.0,66.0,0.0,0,408.52,0.0,1,0.67,0.01,SPY210409P00372500,372.5,0,0.0,0.0,,0.0,normalDay
2021-04-09,2009.0,0.0,67.0,0,411.49,0.0,1,0.67,0.0,SPY210409P00372500,372.5,0,0.0,0.0,,0.0,expirationDay
2021-04-12,2009.0,-3.0,0.0,0,411.64,0.0,1,0.09,0.12,SPY210423P00375000,375.0,0,0.0,0.0,,0.0,normalDay
2021-04-13,2009.0,0.0,0.0,0,412.86,0.0,1,0.09,0.09,SPY210423P00375000,375.0,0,0.0,0.0,,0.0,normalDay
2021-04-14,2009.0,0.0,0.0,0,411.45,0.0,1,0.09,0.09,SPY210423P00375000,375.0,0,0.0,0.0,,0.0,normalDay
2021-04-15,2009.0,1.0,0.0,0,415.87,0.0,1,0.09,0.08,SPY210423P00375000,375.0,0,0.0,0.0,,0.0,normalDay
2021-04-16,2009.0,6.0,0.0,0,417.26,0.0,1,0.09,0.03,SPY210423P00375000,375.0,0,0.0,0.0,,0.0,normalDay
2021-04-19,2009.0,7.0,0.0,0,415.21,0.0,1,0.09,0.02,SPY210423P00375000,375.0,0,0.0,0.0,,0.0,normalDay
2021-04-20,2009.0,7.0,0.0,0,412.17,0.0,1,0.09,0.02,SPY210423P00375000,375.0,0,0.0,0.0,,0.0,normalDay
2021-04-21,2009.0,8.0,0.0,0,416.07,0.0,1,0.09,0.01,SPY210423P00375000,375.0,0,0.0,0.0,,0.0,normalDay
2021-04-22,2009.0,8.0,0.0,0,412.27,0.0,1,0.09,0.01,SPY210423P00375000,375.0,0,0.0,0.0,,0.0,normalDay
2021-04-23,2018.0,0.0,9.0,0,416.74,0.0,1,0.09,0.0,SPY210423P00375000,375.0,0,0.0,0.0,,0.0,expirationDay
2021-04-26,2018.0,-3.0,0.0,0,417.61,0.0,1,0.19,0.22,SPY210507P00387500,387.5,0,0.0,0.0,,0.0,normalDay
2021-04-27,2018.0,1.0,0.0,0,417.52,0.0,1,0.19,0.18,SPY210507P00387500,387.5,0,0.0,0.0,,0.0,normalDay
2021-04-28,2018.0,8.0,0.0,0,417.4,0.0,1,0.19,0.11,SPY210507P00387500,387.5,0,0.0,0.0,,0.0,normalDay
2021-04-29,2018.0,9.0,0.0,0,420.06,0.0,1,0.19,0.1,SPY210507P00387500,387.5,0,0.0,0.0,,0.0,normalDay
2021-04-30,2018.0,6.0,0.0,0,417.3,0.0,1,0.19,0.13,SPY210507P00387500,387.5,0,0.0,0.0,,0.0,normalDay
2021-05-03,2018.0,12.0,0.0,0,418.2,0.0,1,0.19,0.07,SPY210507P00387500,387.5,0,0.0,0.0,,0.0,normalDay
2021-05-04,2018.0,11.0,0.0,0,415.62,0.0,1,0.19,0.08,SPY210507P00387500,387.5,0,0.0,0.0,,0.0,normalDay
2021-05-05,2018.0,13.0,0.0,0,415.75,0.0,1,0.19,0.06,SPY210507P00387500,387.5,0,0.0,0.0,,0.0,normalDay
2021-05-06,2018.0,17.0,0.0,0,419.07,0.0,1,0.19,0.02,SPY210507P00387500,387.5,0,0.0,0.0,,0.0,normalDay
2021-05-07,2037.0,0.0,19.0,0,422.12,0.0,1,0.19,0.0,SPY210507P00387500,387.5,0,0.0,0.0,,0.0,expirationDay
2021-05-10,2037.0,-3.0,0.0,0,417.94,0.0,1,2.1,2.13,SPY210521P00408000,408.0,0,0.0,0.0,,0.0,normalDay
2021-05-11,2037.0,-100.0,0.0,0,414.21,0.0,1,2.1,3.1,SPY210521P00408000,408.0,0,0.0,0.0,,0.0,normalDay
2021-05-12,2037.0,-527.0,0.0,0,405.41,0.0,1,2.1,7.37,SPY210521P00408000,408.0,0,0.0,0.0,,0.0,normalDay
2021-05-13,2037.0,-206.0,0.0,0,410.28,0.0,1,2.1,4.16,SPY210521P00408000,408.0,0,0.0,0.0,,0.0,normalDay
2021-05-14,2037.0,86.0,0.0,0,416.58,0.0,1,2.1,1.24,SPY210521P00408000,408.0,0,0.0,0.0,,0.0,normalDay
2021-05-17,2037.0,106.0,0.0,0,415.52,0.0,1,2.1,1.04,SPY210521P00408000,408.0,0,0.0,0.0,,0.0,normalDay
2021-05-18,2037.0,52.0,0.0,0,411.94,0.0,1,2.1,1.58,SPY210521P00408000,408.0,0,0.0,0.0,,0.0,normalDay
2021-05-19,2037.0,64.0,0.0,0,410.86,0.0,1,2.1,1.46,SPY210521P00408000,408.0,0,0.0,0.0,,0.0,normalDay
2021-05-20,2037.0,197.0,0.0,0,415.28,0.0,1,2.1,0.13,SPY210521P00408000,408.0,0,0.0,0.0,,0.0,normalDay
2021-05-21,2247.0,0.0,210.0,0,414.94,0.0,1,2.1,0.0,SPY210521P00408000,408.0,0,0.0,0.0,,0.0,expirationDay
2021-05-24,2247.0,-3.0,0.0,0,419.17,0.0,1,0.79,0.82,SPY210604P00404000,404.0,0,0.0,0.0,,0.0,normalDay
2021-05-25,2247.0,-11.0,0.0,0,418.24,0.0,1,0.79,0.9,SPY210604P00404000,404.0,0,0.0,0.0,,0.0,normalDay
2021-05-26,2247.0,24.0,0.0,0,419.07,0.0,1,0.79,0.55,SPY210604P00404000,404.0,0,0.0,0.0,,0.0,normalDay
2021-05-27,2247.0,45.0,0.0,0,419.29,0.0,1,0.79,0.34,SPY210604P00404000,404.0,0,0.0,0.0,,0.0,normalDay
2021-05-28,2247.0,57.0,0.0,0,420.04,0.0,1,0.79,0.22,SPY210604P00404000,404.0,0,0.0,0.0,,0.0,normalDay
2021-06-01,2247.0,69.0,0.0,0,419.67,0.0,1,0.79,0.1,SPY210604P00404000,404.0,0,0.0,0.0,,0.0,normalDay
2021-06-02,2247.0,75.0,0.0,0,420.33,0.0,1,0.79,0.04,SPY210604P00404000,404.0,0,0.0,0.0,,0.0,normalDay
2021-06-03,2247.0,75.0,0.0,0,418.77,0.0,1,0.79,0.04,SPY210604P00404000,404.0,0,0.0,0.0,,0.0,normalDay
2021-06-04,2326.0,0.0,79.0,0,422.6,0.0,1,0.79,0.0,SPY210604P00404000,404.0,0,0.0,0.0,,0.0,expirationDay
2021-06-07,2326.0,-3.0,0.0,0,422.19,0.0,1,0.59,0.62,SPY210618P00404000,404.0,0,0.0,0.0,,0.0,normalDay
2021-06-08,2326.0,-13.0,0.0,0,422.28,0.0,1,0.59,0.72,SPY210618P00404000,404.0,0,0.0,0.0,,0.0,normalDay
2021-06-09,2326.0,-24.0,0.0,0,421.65,0.0,1,0.59,0.83,SPY210618P00404000,404.0,0,0.0,0.0,,0.0,normalDay
2021-06-10,2326.0,21.0,0.0,0,423.61,0.0,1,0.59,0.38,SPY210618P00404000,404.0,0,0.0,0.0,,0.0,normalDay
2021-06-11,2326.0,30.0,0.0,0,424.31,0.0,1,0.59,0.29,SPY210618P00404000,404.0,0,0.0,0.0,,0.0,normalDay
2021-06-14,2326.0,42.0,0.0,0,425.26,0.0,1,0.59,0.17,SPY210618P00404000,404.0,0,0.0,0.0,,0.0,normalDay
2021-06-15,2326.0,38.0,0.0,0,424.48,0.0,1,0.59,0.21,SPY210618P00404000,404.0,0,0.0,0.0,,0.0,normalDay
2021-06-16,2326.0,31.0,0.0,0,422.11,0.0,1,0.59,0.28,SPY210618P00404000,404.0,0,0.0,0.0,,0.0,normalDay
2021-06-17,2326.0,48.0,0.0,0,421.97,0.0,1,0.59,0.11,SPY210618P00404000,404.0,0,0.0,0.0,,0.0,normalDay
2021-06-18,2385.0,0.0,59.0,0,414.92,0.0,1,0.59,0.0,SPY210618P00404000,404.0,0,0.0,0.0,,0.0,expirationDay
2021-06-21,2385.0,-4.0,0.0,0,420.86,0.0,1,1.86,1.9,SPY210702P00414000,414.0,0,0.0,0.0,,0.0,normalDay
2021-06-22,2385.0,69.0,0.0,0,423.11,0.0,1,1.86,1.17,SPY210702P00414000,414.0,0,0.0,0.0,,0.0,normalDay
2021-06-23,2385.0,91.0,0.0,0,422.6,0.0,1,1.86,0.95,SPY210702P00414000,414.0,0,0.0,0.0,,0.0,normalDay
2021-06-24,2385.0,132.0,0.0,0,425.1,0.0,1,1.86,0.54,SPY210702P00414000,414.0,0,0.0,0.0,,0.0,normalDay
2021-06-25,2385.0,155.0,0.0,0,426.61,0.0,1,1.86,0.31,SPY210702P00414000,414.0,0,0.0,0.0,,0.0,normalDay
2021-06-28,2385.0,173.0,0.0,0,427.47,0.0,1,1.86,0.13,SPY210702P00414000,414.0,0,0.0,0.0,,0.0,normalDay
2021-06-29,2385.0,177.0,0.0,0,427.7,0.0,1,1.86,0.09,SPY210702P00414000,414.0,0,0.0,0.0,,0.0,normalDay
2021-06-30,2385.0,181.0,0.0,0,428.06,0.0,1,1.86,0.05,SPY210702P00414000,414.0,0,0.0,0.0,,0.0,normalDay
2021-07-01,2385.0,184.0,0.0,0,430.43,0.0,1,1.86,0.02,SPY210702P00414000,414.0,0,0.0,0.0,,0.0,normalDay
2021-07-02,2571.0,0.0,186.0,0,433.72,0.0,1,1.86,0.0,SPY210702P00414000,414.0,0,0.0,0.0,,0.0,expirationDay
2021-07-06,2571.0,-3.0,0.0,0,432.93,0.0,1,0.45,0.48,SPY210716P00412000,412.0,0,0.0,0.0,,0.0,normalDay
2021-07-07,2571.0,12.0,0.0,0,434.46,0.0,1,0.45,0.33,SPY210716P00412000,412.0,0,0.0,0.0,,0.0,normalDay
2021-07-08,2571.0,-27.0,0.0,0,430.92,0.0,1,0.45,0.72,SPY210716P00412000,412.0,0,0.0,0.0,,0.0,normalDay
2021-07-09,2571.0,25.0,0.0,0,435.52,0.0,1,0.45,0.2,SPY210716P00412000,412.0,0,0.0,0.0,,0.0,normalDay
2021-07-12,2571.0,37.0,0.0,0,437.08,0.0,1,0.45,0.08,SPY210716P00412000,412.0,0,0.0,0.0,,0.0,normalDay
2021-07-13,2571.0,34.0,0.0,0,435.59,0.0,1,0.45,0.11,SPY210716P00412000,412.0,0,0.0,0.0,,0.0,normalDay
2021-07-14,2571.0,41.0,0.0,0,436.24,0.0,1,0.45,0.04,SPY210716P00412000,412.0,0,0.0,0.0,,0.0,normalDay
2021-07-15,2571.0,42.0,0.0,0,434.75,0.0,1,0.45,0.03,SPY210716P00412000,412.0,0,0.0,0.0,,0.0,normalDay
2021-07-16,2616.0,0.0,45.0,0,431.34,0.0,1,0.45,0.0,SPY210716P00412000,412.0,0,0.0,0.0,,0.0,expirationDay
2021-07-19,2616.0,-5.0,0.0,0,424.97,0.0,1,2.77,2.82,SPY210730P00415000,415.0,0,0.0,0.0,,0.0,normalDay
2021-07-20,2616.0,152.0,0.0,0,431.06,0.0,1,2.77,1.25,SPY210730P00415000,415.0,0,0.0,0.0,,0.0,normalDay
2021-07-21,2616.0,231.0,0.0,0,434.55,0.0,1,2.77,0.46,SPY210730P00415000,415.0,0,0.0,0.0,,0.0,normalDay
2021-07-22,2616.0,245.0,0.0,0,435.46,0.0,1,2.77,0.32,SPY210730P00415000,415.0,0,0.0,0.0,,0.0,normalDay
2021-07-23,2616.0,266.0,0.0,0,439.94,0.0,1,2.77,0.11,SPY210730P00415000,415.0,0,0.0,0.0,,0.0,normalDay
2021-07-26,2616.0,273.0,0.0,0,441.02,0.0,1,2.77,0.04,SPY210730P00415000,415.0,0,0.0,0.0,,0.0,normalDay
2021-07-27,2616.0,267.0,0.0,0,439.01,0.0,1,2.77,0.1,SPY210730P00415000,415.0,0,0.0,0.0,,0.0,normalDay
2021-07-28,2616.0,273.0,0.0,0,438.83,0.0,1,2.77,0.04,SPY210730P00415000,415.0,0,0.0,0.0,,0.0,normalDay
2021-07-29,2616.0,275.0,0.0,0,440.65,0.0,1,2.77,0.02,SPY210730P00415000,415.0,0,0.0,0.0,,0.0,normalDay
2021-07-30,2893.0,0.0,277.0,0,438.51,0.0,1,2.77,0.0,SPY210730P00415000,415.0,0,0.0,0.0,,0.0,expirationDay
2021-08-02,2893.0,-3.0,0.0,0,437.59,0.0,1,1.29,1.32,SPY210813P00424000,424.0,0,0.0,0.0,,0.0,normalDay
2021-08-03,2893.0,69.0,0.0,0,441.15,0.0,1,1.29,0.6,SPY210813P00424000,424.0,0,0.0,0.0,,0.0,normalDay
2021-08-04,2893.0,69.0,0.0,0,438.98,0.0,1,1.29,0.6,SPY210813P00424000,424.0,0,0.0,0.0,,0.0,normalDay
2021-08-05,2893.0,94.0,0.0,0,441.76,0.0,1,1.29,0.35,SPY210813P00424000,424.0,0,0.0,0.0,,0.0,normalDay
2021-08-06,2893.0,117.0,0.0,0,442.49,0.0,1,1.29,0.12,SPY210813P00424000,424.0,0,0.0,0.0,,0.0,normalDay
2021-08-09,2893.0,121.0,0.0,0,442.13,0.0,1,1.29,0.08,SPY210813P00424000,424.0,0,0.0,0.0,,0.0,normalDay
2021-08-10,2893.0,121.0,0.0,0,442.68,0.0,1,1.29,0.08,SPY210813P00424000,424.0,0,0.0,0.0,,0.0,normalDay
2021-08-11,2893.0,125.0,0.0,0,443.78,0.0,1,1.29,0.04,SPY210813P00424000,424.0,0,0.0,0.0,,0.0,normalDay
2021-08-12,2893.0,126.0,0.0,0,445.11,0.0,1,1.29,0.03,SPY210813P00424000,424.0,0,0.0,0.0,,0.0,normalDay
2021-08-13,3022.0,0.0,129.0,0,445.92,0.0,1,1.29,0.0,SPY210813P00424000,424.0,0,0.0,0.0,,0.0,expirationDay
2021-08-16,3022.0,-3.0,0.0,0,446.97,0.0,1,0.57,0.6,SPY210827P00429000,429.0,0,0.0,0.0,,0.0,normalDay
2021-08-17,3022.0,-53.0,0.0,0,444.04,0.0,1,0.57,1.1,SPY210827P00429000,429.0,0,0.0,0.0,,0.0,normalDay
2021-08-18,3022.0,-174.0,0.0,0,439.18,0.0,1,0.57,2.31,SPY210827P00429000,429.0,0,0.0,0.0,,0.0,normalDay
2021-08-19,3022.0,-130.0,0.0,0,439.86,0.0,1,0.57,1.87,SPY210827P00429000,429.0,0,0.0,0.0,,0.0,normalDay
2021-08-20,3022.0,4.0,0.0,0,443.36,0.0,1,0.57,0.53,SPY210827P00429000,429.0,0,0.0,0.0,,0.0,normalDay
2021-08-23,3022.0,45.0,0.0,0,447.26,0.0,1,0.57,0.12,SPY210827P00429000,429.0,0,0.0,0.0,,0.0,normalDay
2021-08-24,3022.0,49.0,0.0,0,447.97,0.0,1,0.57,0.08,SPY210827P00429000,429.0,0,0.0,0.0,,0.0,normalDay
2021-08-25,3022.0,52.0,0.0,0,448.91,0.0,1,0.57,0.05,SPY210827P00429000,429.0,0,0.0,0.0,,0.0,normalDay
2021-08-26,3022.0,51.0,0.0,0,446.26,0.0,1,0.57,0.06,SPY210827P00429000,429.0,0,0.0,0.0,,0.0,normalDay
2021-08-27,3079.0,0.0,57.0,0,450.25,0.0,1,0.57,0.0,SPY210827P00429000,429.0,0,0.0,0.0,,0.0,expirationDay
2021-08-30,3079.0,-3.0,0.0,0,452.23,0.0,1,0.4,0.43,SPY210910P00433000,433.0,0,0.0,0.0,,0.0,normalDay
2021-08-31,3079.0,-5.0,0.0,0,451.56,0.0,1,0.4,0.45,SPY210910P00433000,433.0,0,0.0,0.0,,0.0,normalDay
2021-09-01,3079.0,9.0,0.0,0,451.8,0.0,1,0.4,0.31,SPY210910P00433000,433.0,0,0.0,0.0,,0.0,normalDay
2021-09-02,3079.0,11.0,0.0,0,453.19,0.0,1,0.4,0.29,SPY210910P00433000,433.0,0,0.0,0.0,,0.0,normalDay
2021-09-03,3079.0,22.0,0.0,0,453.08,0.0,1,0.4,0.18,SPY210910P00433000,433.0,0,0.0,0.0,,0.0,normalDay
2021-09-07,3079.0,30.0,0.0,0,451.46,0.0,1,0.4,0.1,SPY210910P00433000,433.0,0,0.0,0.0,,0.0,normalDay
2021-09-08,3079.0,34.0,0.0,0,450.91,0.0,1,0.4,0.06,SPY210910P00433000,433.0,0,0.0,0.0,,0.0,normalDay
2021-09-09,3079.0,36.0,0.0,0,448.98,0.0,1,0.4,0.04,SPY210910P00433000,433.0,0,0.0,0.0,,0.0,normalDay
2021-09-10,3119.0,0.0,40.0,0,445.44,0.0,1,0.4,0.0,SPY210910P00433000,433.0,0,0.0,0.0,,0.0,expirationDay
2021-09-13,3119.0,-4.0,0.0,0,446.58,0.0,1,2.31,2.35,SPY210924P00436000,436.0,0,0.0,0.0,,0.0,normalDay
2021-09-14,3119.0,-33.0,0.0,0,444.17,0.0,1,2.31,2.64,SPY210924P00436000,436.0,0,0.0,0.0,,0.0,normalDay
2021-09-15,3119.0,101.0,0.0,0,447.88,0.0,1,2.31,1.3,SPY210924P00436000,436.0,0,0.0,0.0,,0.0,normalDay
2021-09-16,3119.0,99.0,0.0,0,447.17,0.0,1,2.31,1.32,SPY210924P00436000,436.0,0,0.0,0.0,,0.0,normalDay
2021-09-17,3119.0,-11.0,0.0,0,441.4,0.0,1,2.31,2.42,SPY210924P00436000,436.0,0,0.0,0.0,,0.0,normalDay
2021-09-20,3119.0,-300.0,0.0,0,434.04,0.0,1,2.31,5.31,SPY210924P00436000,436.0,0,0.0,0.0,,0.0,normalDay
2021-09-21,3119.0,-258.0,0.0,0,433.63,0.0,1,2.31,4.89,SPY210924P00436000,436.0,0,0.0,0.0,,0.0,normalDay
2021-09-22,3119.0,63.0,0.0,0,437.86,0.0,1,2.31,1.68,SPY210924P00436000,436.0,0,0.0,0.0,,0.0,normalDay
2021-09-23,3119.0,218.0,0.0,0,443.18,0.0,1,2.31,0.13,SPY210924P00436000,436.0,0,0.0,0.0,,0.0,normalDay
2021-09-24,3350.0,0.0,231.0,0,443.91,0.0,1,2.31,0.0,SPY210924P00436000,436.0,0,0.0,0.0,,0.0,expirationDay
2021-09-27,3350.0,-3.0,0.0,0,442.64,0.0,1,1.3,1.33,SPY211008P00428000,428.0,0,0.0,0.0,,0.0,normalDay
2021-09-28,3350.0,-260.0,0.0,0,433.72,0.0,1,1.3,3.9,SPY211008P00428000,428.0,0,0.0,0.0,,0.0,normalDay
2021-09-29,3350.0,-183.0,0.0,0,434.45,0.0,1,1.3,3.13,SPY211008P00428000,428.0,0,0.0,0.0,,0.0,normalDay
2021-09-30,3350.0,-331.0,0.0,0,429.14,0.0,1,1.3,4.61,SPY211008P00428000,428.0,0,0.0,0.0,,0.0,normalDay
2021-10-01,3350.0,-82.0,0.0,0,434.24,0.0,1,1.3,2.12,SPY211008P00428000,428.0,0,0.0,0.0,,0.0,normalDay
2021-10-04,3350.0,-242.0,0.0,0,428.64,0.0,1,1.3,3.72,SPY211008P00428000,428.0,0,0.0,0.0,,0.0,normalDay
2021-10-05,3350.0,-13.0,0.0,0,433.1,0.0,1,1.3,1.43,SPY211008P00428000,428.0,0,0.0,0.0,,0.0,normalDay
2021-10-06,3350.0,50.0,0.0,0,434.9,0.0,1,1.3,0.8,SPY211008P00428000,428.0,0,0.0,0.0,,0.0,normalDay
2021-10-07,3350.0,122.0,0.0,0,438.66,0.0,1,1.3,0.08,SPY211008P00428000,428.0,0,0.0,0.0,,0.0,normalDay
2021-10-08,3480.0,0.0,130.0,0,437.86,0.0,1,1.3,0.0,SPY211008P00428000,428.0,0,0.0,0.0,,0.0,expirationDay
2021-10-11,3480.0,-4.0,0.0,0,434.69,0.0,1,1.91,1.95,SPY211022P00421000,421.0,0,0.0,0.0,,0.0,normalDay
2021-10-12,3480.0,0.0,0.0,0,433.62,0.0,1,1.91,1.91,SPY211022P00421000,421.0,0,0.0,0.0,,0.0,normalDay
2021-10-13,3480.0,87.0,0.0,0,435.18,0.0,1,1.91,1.04,SPY211022P00421000,421.0,0,0.0,0.0,,0.0,normalDay
2021-10-14,3480.0,159.0,0.0,0,442.5,0.0,1,1.91,0.32,SPY211022P00421000,421.0,0,0.0,0.0,,0.0,normalDay
2021-10-15,3480.0,175.0,0.0,0,445.87,0.0,1,1.91,0.16,SPY211022P00421000,421.0,0,0.0,0.0,,0.0,normalDay
2021-10-18,3480.0,186.0,0.0,0,447.19,0.0,1,1.91,0.05,SPY211022P00421000,421.0,0,0.0,0.0,,0.0,normalDay
2021-10-19,3480.0,188.0,0.0,0,450.64,0.0,1,1.91,0.03,SPY211022P00421000,421.0,0,0.0,0.0,,0.0,normalDay
2021-10-20,3480.0,188.0,0.0,0,452.41,0.0,1,1.91,0.03,SPY211022P00421000,421.0,0,0.0,0.0,,0.0,normalDay
2021-10-21,3480.0,190.0,0.0,0,453.59,0.0,1,1.91,0.01,SPY211022P00421000,421.0,0,0.0,0.0,,0.0,normalDay
2021-10-22,3671.0,0.0,191.0,0,453.12,0.0,1,1.91,0.0,SPY211022P00421000,421.0,0,0.0,0.0,,0.0,expirationDay
2021-10-25,3671.0,-3.0,0.0,0,455.55,0.0,1,0.12,0.15,SPY211105P00414000,414.0,0,0.0,0.0,,0.0,normalDay
2021-10-26,3671.0,-5.0,0.0,0,455.96,0.0,1,0.12,0.17,SPY211105P00414000,414.0,0,0.0,0.0,,0.0,normalDay
2021-10-27,3671.0,-4.0,0.0,0,453.94,0.0,1,0.12,0.16,SPY211105P00414000,414.0,0,0.0,0.0,,0.0,normalDay
2021-10-28,3671.0,2.0,0.0,0,458.32,0.0,1,0.12,0.1,SPY211105P00414000,414.0,0,0.0,0.0,,0.0,normalDay
2021-10-29,3671.0,6.0,0.0,0,459.25,0.0,1,0.12,0.06,SPY211105P00414000,414.0,0,0.0,0.0,,0.0,normalDay
2021-11-01,3671.0,8.0,0.0,0,460.04,0.0,1,0.12,0.04,SPY211105P00414000,414.0,0,0.0,0.0,,0.0,normalDay
2021-11-02,3671.0,9.0,0.0,0,461.9,0.0,1,0.12,0.03,SPY211105P00414000,414.0,0,0.0,0.0,,0.0,normalDay
2021-11-03,3671.0,10.0,0.0,0,464.72,0.0,1,0.12,0.02,SPY211105P00414000,414.0,0,0.0,0.0,,0.0,normalDay
2021-11-04,3671.0,11.0,0.0,0,466.91,0.0,1,0.12,0.01,SPY211105P00414000,414.0,0,0.0,0.0,,0.0,normalDay
2021-11-05,3683.0,0.0,12.0,0,468.53,0.0,1,0.12,0.0,SPY211105P00414000,414.0,0,0.0,0.0,,0.0,expirationDay
2021-11-08,3683.0,-3.0,0.0,0,468.93,0.0,1,0.21,0.24,SPY211119P00424000,424.0,0,0.0,0.0,,0.0,normalDay
2021-11-09,3683.0,-1.0,0.0,0,467.38,0.0,1,0.21,0.22,SPY211119P00424000,424.0,0,0.0,0.0,,0.0,normalDay
2021-11-10,3683.0,-1.0,0.0,0,463.62,0.0,1,0.21,0.22,SPY211119P00424000,424.0,0,0.0,0.0,,0.0,normalDay
2021-11-11,3683.0,7.0,0.0,0,463.77,0.0,1,0.21,0.14,SPY211119P00424000,424.0,0,0.0,0.0,,0.0,normalDay
2021-11-12,3683.0,14.0,0.0,0,467.27,0.0,1,0.21,0.07,SPY211119P00424000,424.0,0,0.0,0.0,,0.0,normalDay
2021-11-15,3683.0,18.0,0.0,0,467.43,0.0,1,0.21,0.03,SPY211119P00424000,424.0,0,0.0,0.0,,0.0,normalDay
2021-11-16,3683.0,18.0,0.0,0,469.28,0.0,1,0.21,0.03,SPY211119P00424000,424.0,0,0.0,0.0,,0.0,normalDay
2021-11-17,3683.0,19.0,0.0,0,468.14,0.0,1,0.21,0.02,SPY211119P00424000,424.0,0,0.0,0.0,,0.0,normalDay
2021-11-18,3683.0,20.0,0.0,0,469.73,0.0,1,0.21,0.01,SPY211119P00424000,424.0,0,0.0,0.0,,0.0,normalDay
2021-11-19,3704.0,0.0,21.0,0,468.89,0.0,1,0.21,0.0,SPY211119P00424000,424.0,0,0.0,0.0,,0.0,expirationDay
2021-11-22,3704.0,-4.0,0.0,0,467.57,0.0,1,0.99,1.03,SPY211203P00450000,450.0,0,0.0,0.0,,0.0,normalDay
2021-11-23,3704.0,9.0,0.0,0,468.19,0.0,1,0.99,0.9,SPY211203P00450000,450.0,0,0.0,0.0,,0.0,normalDay
2021-11-24,3704.0,40.0,0.0,0,469.44,0.0,1,0.99,0.59,SPY211203P00450000,450.0,0,0.0,0.0,,0.0,normalDay
2021-11-26,3704.0,-341.0,0.0,0,458.97,0.0,1,0.99,4.4,SPY211203P00450000,450.0,0,0.0,0.0,,0.0,normalDay
2021-11-29,3704.0,31.0,0.0,0,464.6,0.0,1,0.99,0.68,SPY211203P00450000,450.0,0,0.0,0.0,,0.0,normalDay
2021-11-30,3704.0,-89.0,0.0,0,455.56,0.0,1,0.99,1.88,SPY211203P00450000,450.0,0,0.0,0.0,,0.0,normalDay
2021-12-01,3704.0,-328.0,0.0,0,450.5,0.0,1,0.99,4.27,SPY211203P00450000,450.0,0,0.0,0.0,,0.0,normalDay
2021-12-02,3704.0,40.0,0.0,0,457.4,0.0,1,0.99,0.59,SPY211203P00450000,450.0,0,0.0,0.0,,0.0,normalDay
2021-12-03,3803.0,0.0,99.0,0,453.42,0.0,1,0.99,0.0,SPY211203P00450000,450.0,0,0.0,0.0,,0.0,expirationDay
2021-12-06,3803.0,-4.0,0.0,0,458.79,0.0,1,3.96,4.0,SPY211217P00446000,446.0,0,0.0,0.0,,0.0,normalDay
2021-12-07,3803.0,261.0,0.0,0,468.28,0.0,1,3.96,1.35,SPY211217P00446000,446.0,0,0.0,0.0,,0.0,normalDay
2021-12-08,3803.0,328.0,0.0,0,469.52,0.0,1,3.96,0.68,SPY211217P00446000,446.0,0,0.0,0.0,,0.0,normalDay
2021-12-09,3803.0,285.0,0.0,0,466.35,0.0,1,3.96,1.11,SPY211217P00446000,446.0,0,0.0,0.0,,0.0,normalDay
2021-12-10,3803.0,364.0,0.0,0,470.74,0.0,1,3.96,0.32,SPY211217P00446000,446.0,0,0.0,0.0,,0.0,normalDay
2021-12-13,3803.0,366.0,0.0,0,466.57,0.0,1,3.96,0.3,SPY211217P00446000,446.0,0,0.0,0.0,,0.0,normalDay
2021-12-14,3803.0,355.0,0.0,0,463.36,0.0,1,3.96,0.41,SPY211217P00446000,446.0,0,0.0,0.0,,0.0,normalDay
2021-12-15,3803.0,387.0,0.0,0,470.6,0.0,1,3.96,0.09,SPY211217P00446000,446.0,0,0.0,0.0,,0.0,normalDay
2021-12-16,3803.0,389.0,0.0,0,466.45,0.0,1,3.96,0.07,SPY211217P00446000,446.0,0,0.0,0.0,,0.0,normalDay
2021-12-17,4199.0,0.0,396.0,0,459.87,0.0,1,3.96,0.0,SPY211217P00446000,446.0,0,0.0,0.0,,0.0,expirationDay
2021-12-20,4199.0,-4.0,0.0,0,454.98,0.0,1,2.85,2.89,SPY211231P00444000,444.0,0,0.0,0.0,,0.0,normalDay
2021-12-21,4199.0,177.0,0.0,0,463.06,0.0,1,2.85,1.08,SPY211231P00444000,444.0,0,0.0,0.0,,0.0,normalDay
2021-12-22,4199.0,256.0,0.0,0,467.69,0.0,1,2.85,0.29,SPY211231P00444000,444.0,0,0.0,0.0,,0.0,normalDay
2021-12-23,4199.0,270.0,0.0,0,470.6,0.0,1,2.85,0.15,SPY211231P00444000,444.0,0,0.0,0.0,,0.0,normalDay
2021-12-27,4199.0,280.0,0.0,0,477.26,0.0,1,2.85,0.05,SPY211231P00444000,444.0,0,0.0,0.0,,0.0,normalDay
2021-12-28,4199.0,281.0,0.0,0,476.87,0.0,1,2.85,0.04,SPY211231P00444000,444.0,0,0.0,0.0,,0.0,normalDay
2021-12-29,4199.0,283.0,0.0,0,477.48,0.0,1,2.85,0.02,SPY211231P00444000,444.0,0,0.0,0.0,,0.0,normalDay
2021-12-30,4199.0,283.0,0.0,0,476.16,0.0,1,2.85,0.02,SPY211231P00444000,444.0,0,0.0,0.0,,0.0,normalDay
2021-12-31,4484.0,0.0,285.0,0,474.96,0.0,1,2.85,0.0,SPY211231P00444000,444.0,0,0.0,0.0,,0.0,expirationDay
2022-01-03,4484.0,-3.0,0.0,0,477.71,0.0,1,0.27,0.3,SPY220114P00449000,449.0,0,0.0,0.0,,0.0,normalDay
2022-01-04,4484.0,-1.0,0.0,0,477.55,0.0,1,0.27,0.28,SPY220114P00449000,449.0,0,0.0,0.0,,0.0,normalDay
2022-01-05,4484.0,-68.0,0.0,0,468.38,0.0,1,0.27,0.95,SPY220114P00449000,449.0,0,0.0,0.0,,0.0,normalDay
2022-01-06,4484.0,-42.0,0.0,0,467.94,0.0,1,0.27,0.69,SPY220114P00449000,449.0,0,0.0,0.0,,0.0,normalDay
2022-01-07,4484.0,-11.0,0.0,0,466.09,0.0,1,0.27,0.38,SPY220114P00449000,449.0,0,0.0,0.0,,0.0,normalDay
2022-01-10,4484.0,-14.0,0.0,0,465.51,0.0,1,0.27,0.41,SPY220114P00449000,449.0,0,0.0,0.0,,0.0,normalDay
2022-01-11,4484.0,13.0,0.0,0,469.75,0.0,1,0.27,0.14,SPY220114P00449000,449.0,0,0.0,0.0,,0.0,normalDay
2022-01-12,4484.0,24.0,0.0,0,471.02,0.0,1,0.27,0.03,SPY220114P00449000,449.0,0,0.0,0.0,,0.0,normalDay
2022-01-13,4484.0,21.0,0.0,0,464.53,0.0,1,0.27,0.06,SPY220114P00449000,449.0,0,0.0,0.0,,0.0,normalDay
2022-01-14,4511.0,0.0,27.0,0,464.72,0.0,1,0.27,0.0,SPY220114P00449000,449.0,0,0.0,0.0,,0.0,expirationDay
2022-01-18,4511.0,-4.0,0.0,0,456.49,0.0,1,4.16,4.2,SPY220128P00449000,449.0,0,0.0,0.0,,0.0,normalDay
2022-01-19,4511.0,-92.0,0.0,0,451.75,0.0,1,4.16,5.08,SPY220128P00449000,449.0,0,0.0,0.0,,0.0,normalDay
2022-01-20,4511.0,-342.0,0.0,0,446.75,0.0,1,4.16,7.58,SPY220128P00449000,449.0,0,0.0,0.0,,0.0,normalDay
2022-01-21,4511.0,-902.0,0.0,0,437.98,0.0,1,4.16,13.18,SPY220128P00449000,449.0,0,0.0,0.0,,0.0,normalDay
2022-01-24,4511.0,-851.0,0.0,0,439.84,0.0,1,4.16,12.67,SPY220128P00449000,449.0,0,0.0,0.0,,0.0,normalDay
2022-01-25,4511.0,-1293.0,0.0,0,434.47,0.0,1,4.16,17.09,SPY220128P00449000,449.0,0,0.0,0.0,,0.0,normalDay
2022-01-26,4511.0,-1258.0,0.0,0,433.38,0.0,1,4.16,16.74,SPY220128P00449000,449.0,0,0.0,0.0,,0.0,normalDay
2022-01-27,4511.0,-1324.0,0.0,0,431.24,0.0,1,4.16,17.4,SPY220128P00449000,449.0,0,0.0,0.0,,0.0,normalDay
2022-01-28,4927.0,-705.0,416.0,100,441.95,449.0,1,4.16,0.0,SPY220128P00449000,449.0,0,0.0,0.0,,0.0,expirationDay
2022-01-31,4927.0,91.0,0.0,100,449.91,449.0,0,0.0,0.0,,0.0,0,0.0,0.0,,0.0,bidTooLow
2022-02-01,4927.0,395.0,0.0,100,452.95,449.0,0,0.0,0.0,,0.0,0,0.0,0.0,,0.0,bidTooLow
2022-02-02,4927.0,835.0,0.0,100,457.35,449.0,0,0.0,0.0,,0.0,0,0.0,0.0,,0.0,bidTooLow
2022-02-03,4927.0,-240.0,0.0,100,446.6,449.0,0,0.0,0.0,,0.0,0,0.0,0.0,,0.0,bidTooLow
2022-02-04,4927.0,-30.0,0.0,100,448.7,449.0,0,0.0,0.0,,0.0,0,0.0,0.0,,0.0,bidTooLow
2022-02-07,4927.0,-174.0,0.0,100,447.26,449.0,0,0.0,0.0,,0.0,0,0.0,0.0,,0.0,bidTooLow
2022-02-08,4927.0,194.0,0.0,100,450.94,449.0,0,0.0,0.0,,0.0,0,0.0,0.0,,0.0,bidTooLow
2022-02-09,4927.0,854.0,0.0,100,457.54,449.0,0,0.0,0.0,,0.0,0,0.0,0.0,,0.0,bidTooLow
2022-02-10,4927.0,32.0,0.0,100,449.32,449.0,0,0.0,0.0,,0.0,0,0.0,0.0,,0.0,bidTooLow
2022-02-11,4927.0,-854.0,0.0,100,440.46,449.0,0,0.0,0.0,,0.0,0,0.0,0.0,,0.0,bidTooLow
2022-02-14,4927.0,-998.0,0.0,100,439.02,449.0,0,0.0,0.0,,0.0,0,0.0,0.0,,0.0,bidTooLow
2022-02-15,4927.0,-290.0,0.0,100,446.1,449.0,0,0.0,0.0,,0.0,0,0.0,0.0,,0.0,bidTooLow
2022-02-16,4927.0,-240.0,0.0,100,446.6,449.0,0,0.0,0.0,,0.0,0,0.0,0.0,,0.0,bidTooLow
2022-02-17,4927.0,-1194.0,0.0,100,437.06,449.0,0,0.0,0.0,,0.0,0,0.0,0.0,,0.0,bidTooLow
2022-02-18,4927.0,-1477.0,0.0,100,434.23,449.0,0,0.0,0.0,,0.0,0,0.0,0.0,,0.0,bidTooLow
2022-02-22,4927.0,-1943.0,0.0,100,429.57,449.0,0,0.0,0.0,,0.0,0,0.0,0.0,,0.0,bidTooLow
2022-02-23,4927.0,-2705.0,0.0,100,421.95,449.0,0,0.0,0.0,,0.0,0,0.0,0.0,,0.0,bidTooLow
2022-02-24,4927.0,-2070.0,0.0,100,428.3,449.0,0,0.0,0.0,,0.0,0,0.0,0.0,,0.0,bidTooLow
2022-02-25,4927.0,-1125.0,0.0,100,437.75,449.0,0,0.0,0.0,,0.0,0,0.0,0.0,,0.0,bidTooLow
2022-02-28,4927.0,-1237.0,0.0,100,436.63,449.0,0,0.0,0.0,,0.0,0,0.0,0.0,,0.0,bidTooLow
2022-03-01,4927.0,-1902.0,0.0,100,429.98,449.0,0,0.0,0.0,,0.0,0,0.0,0.0,,0.0,bidTooLow
2022-03-02,4927.0,-1111.0,0.0,100,437.89,449.0,0,0.0,0.0,,0.0,0,0.0,0.0,,0.0,bidTooLow
2022-03-03,4927.0,-1329.0,0.0,100,435.71,449.0,0,0.0,0.0,,0.0,0,0.0,0.0,,0.0,bidTooLow
2022-03-04,4927.0,-1683.0,0.0,100,432.17,449.0,0,0.0,0.0,,0.0,0,0.0,0.0,,0.0,bidTooLow
2022-03-07,4927.0,-2957.0,0.0,100,419.43,449.0,0,0.0,0.0,,0.0,0,0.0,0.0,,0.0,bidTooLow
2022-03-08,4927.0,-3275.0,0.0,100,416.25,449.0,0,0.0,0.0,,0.0,0,0.0,0.0,,0.0,bidTooLow
2022-03-09,4927.0,-2159.0,0.0,100,427.41,449.0,0,0.0,0.0,,0.0,0,0.0,0.0,,0.0,bidTooLow
2022-03-10,4927.0,-2352.0,0.0,100,425.48,449.0,0,0.0,0.0,,0.0,0,0.0,0.0,,0.0,bidTooLow
2022-03-11,4927.0,-2893.0,0.0,100,420.07,449.0,0,0.0,0.0,,0.0,0,0.0,0.0,,0.0,bidTooLow
2022-03-14,4927.0,-3200.0,0.0,100,417.0,449.0,0,0.0,0.0,,0.0,0,0.0,0.0,,0.0,bidTooLow
2022-03-15,4927.0,-2283.0,0.0,100,426.17,449.0,0,0.0,0.0,,0.0,0,0.0,0.0,,0.0,bidTooLow
2022-03-16,4927.0,-1338.0,0.0,100,435.62,449.0,0,0.0,0.0,,0.0,0,0.0,0.0,,0.0,bidTooLow
2022-03-17,4927.0,-797.0,0.0,100,441.07,449.0,0,0.0,0.0,,0.0,1,0.65,0.69,SPY220318C00443000,443.0,normalDay
2022-03-18,4392.0,-797.0,-535.0,0,444.52,0.0,0,0.0,0.0,,0.0,1,0.65,0.0,SPY220318C00443000,443.0,expirationDay
2022-03-21,4392.0,-3.0,0.0,0,444.39,0.0,1,0.42,0.45,SPY220401P00404000,404.0,0,0.0,0.0,,0.0,normalDay
2022-03-22,4392.0,5.0,0.0,0,449.59,0.0,1,0.42,0.37,SPY220401P00404000,404.0,0,0.0,0.0,,0.0,normalDay
2022-03-23,4392.0,6.0,0.0,0,443.8,0.0,1,0.42,0.36,SPY220401P00404000,404.0,0,0.0,0.0,,0.0,normalDay
2022-03-24,4392.0,25.0,0.0,0,450.49,0.0,1,0.42,0.17,SPY220401P00404000,404.0,0,0.0,0.0,,0.0,normalDay
2022-03-25,4392.0,33.0,0.0,0,452.69,0.0,1,0.42,0.09,SPY220401P00404000,404.0,0,0.0,0.0,,0.0,normalDay
2022-03-28,4392.0,38.0,0.0,0,455.91,0.0,1,0.42,0.04,SPY220401P00404000,404.0,0,0.0,0.0,,0.0,normalDay
2022-03-29,4392.0,40.0,0.0,0,461.55,0.0,1,0.42,0.02,SPY220401P00404000,404.0,0,0.0,0.0,,0.0,normalDay
2022-03-30,4392.0,40.0,0.0,0,458.7,0.0,1,0.42,0.02,SPY220401P00404000,404.0,0,0.0,0.0,,0.0,normalDay
2022-03-31,4392.0,41.0,0.0,0,451.64,0.0,1,0.42,0.01,SPY220401P00404000,404.0,0,0.0,0.0,,0.0,normalDay
2022-04-01,4434.0,0.0,42.0,0,452.92,0.0,1,0.42,0.0,SPY220401P00404000,404.0,0,0.0,0.0,,0.0,expirationDay
2022-04-04,4434.0,-3.0,0.0,0,456.8,0.0,1,0.08,0.11,SPY220414P00398000,398.0,0,0.0,0.0,,0.0,normalDay
2022-04-05,4434.0,-7.0,0.0,0,451.03,0.0,1,0.08,0.15,SPY220414P00398000,398.0,0,0.0,0.0,,0.0,normalDay
2022-04-06,4434.0,-10.0,0.0,0,446.52,0.0,1,0.08,0.18,SPY220414P00398000,398.0,0,0.0,0.0,,0.0,normalDay
2022-04-07,4434.0,-4.0,0.0,0,448.77,0.0,1,0.08,0.12,SPY220414P00398000,398.0,0,0.0,0.0,,0.0,normalDay
2022-04-08,4434.0,2.0,0.0,0,447.57,0.0,1,0.08,0.06,SPY220414P00398000,398.0,0,0.0,0.0,,0.0,normalDay
2022-04-11,4434.0,-1.0,0.0,0,439.92,0.0,1,0.08,0.09,SPY220414P00398000,398.0,0,0.0,0.0,,0.0,normalDay
2022-04-12,4434.0,3.0,0.0,0,438.29,0.0,1,0.08,0.05,SPY220414P00398000,398.0,0,0.0,0.0,,0.0,normalDay
2022-04-13,4434.0,6.0,0.0,0,443.31,0.0,1,0.08,0.02,SPY220414P00398000,398.0,0,0.0,0.0,,0.0,normalDay
2022-04-14,4442.0,0.0,8.0,0,437.79,0.0,1,0.08,0.0,SPY220414P00398000,398.0,0,0.0,0.0,,0.0,expirationDay
2022-04-18,4442.0,-5.0,0.0,0,437.97,0.0,1,2.23,2.28,SPY220429P00427000,427.0,0,0.0,0.0,,0.0,normalDay
2022-04-19,4442.0,73.0,0.0,0,445.04,0.0,1,2.23,1.5,SPY220429P00427000,427.0,0,0.0,0.0,,0.0,normalDay
2022-04-20,4442.0,131.0,0.0,0,444.71,0.0,1,2.23,0.92,SPY220429P00427000,427.0,0,0.0,0.0,,0.0,normalDay
2022-04-21,4442.0,11.0,0.0,0,438.06,0.0,1,2.23,2.12,SPY220429P00427000,427.0,0,0.0,0.0,,0.0,normalDay
2022-04-22,4442.0,-480.0,0.0,0,426.04,0.0,1,2.23,7.03,SPY220429P00427000,427.0,0,0.0,0.0,,0.0,normalDay
2022-04-25,4442.0,-225.0,0.0,0,428.51,0.0,1,2.23,4.48,SPY220429P00427000,427.0,0,0.0,0.0,,0.0,normalDay
2022-04-26,4442.0,-1119.0,0.0,0,416.1,0.0,1,2.23,13.42,SPY220429P00427000,427.0,0,0.0,0.0,,0.0,normalDay
2022-04-27,4442.0,-788.0,0.0,0,417.27,0.0,1,2.23,10.11,SPY220429P00427000,427.0,0,0.0,0.0,,0.0,normalDay
2022-04-28,4442.0,-136.0,0.0,0,427.81,0.0,1,2.23,3.59,SPY220429P00427000,427.0,0,0.0,0.0,,0.0,normalDay
2022-04-29,4665.0,-1500.0,223.0,100,412.0,427.0,1,2.23,0.0,SPY220429P00427000,427.0,0,0.0,0.0,,0.0,expirationDay
2022-05-02,4665.0,-1252.0,0.0,100,414.48,427.0,0,0.0,0.0,,0.0,0,0.0,0.0,,0.0,bidTooLow
2022-05-03,4665.0,-1062.0,0.0,100,416.38,427.0,0,0.0,0.0,,0.0,0,0.0,0.0,,0.0,bidTooLow
2022-05-04,4665.0,206.0,0.0,100,429.06,427.0,0,0.0,0.0,,0.0,0,0.0,0.0,,0.0,bidTooLow
2022-05-05,4665.0,-1319.0,0.0,100,413.81,427.0,0,0.0,0.0,,0.0,0,0.0,0.0,,0.0,bidTooLow
2022-05-06,4665.0,-1566.0,0.0,100,411.34,427.0,0,0.0,0.0,,0.0,0,0.0,0.0,,0.0,bidTooLow
2022-05-09,4665.0,-2883.0,0.0,100,398.17,427.0,0,0.0,0.0,,0.0,0,0.0,0.0,,0.0,bidTooLow
2022-05-10,4665.0,-2791.0,0.0,100,399.09,427.0,0,0.0,0.0,,0.0,0,0.0,0.0,,0.0,bidTooLow
2022-05-11,4665.0,-3425.0,0.0,100,392.75,427.0,0,0.0,0.0,,0.0,0,0.0,0.0,,0.0,bidTooLow
2022-05-12,4665.0,-3466.0,0.0,100,392.34,427.0,0,0.0,0.0,,0.0,0,0.0,0.0,,0.0,bidTooLow
2022-05-13,4665.0,-2528.0,0.0,100,401.72,427.0,0,0.0,0.0,,0.0,0,0.0,0.0,,0.0,bidTooLow
2022-05-16,4665.0,-2691.0,0.0,100,400.09,427.0,0,0.0,0.0,,0.0,0,0.0,0.0,,0.0,bidTooLow
2022-05-17,4665.0,-1868.0,0.0,100,408.32,427.0,0,0.0,0.0,,0.0,0,0.0,0.0,,0.0,bidTooLow
2022-05-18,4665.0,-3514.0,0.0,100,391.86,427.0,0,0.0,0.0,,0.0,0,0.0,0.0,,0.0,bidTooLow
2022-05-19,4665.0,-3754.0,0.0,100,389.46,427.0,0,0.0,0.0,,0.0,0,0.0,0.0,,0.0,bidTooLow
2022-05-20,4665.0,-3737.0,0.0,100,389.63,427.0,0,0.0,0.0,,0.0,0,0.0,0.0,,0.0,bidTooLow
2022-05-23,4665.0,-3008.0,0.0,100,396.92,427.0,0,0.0,0.0,,0.0,0,0.0,0.0,,0.0,bidTooLow
2022-05-24,4665.0,-3311.0,0.0,100,393.89,427.0,0,0.0,0.0,,0.0,0,0.0,0.0,,0.0,bidTooLow
2022-05-25,4665.0,-2963.0,0.0,100,397.37,427.0,0,0.0,0.0,,0.0,0,0.0,0.0,,0.0,bidTooLow
2022-05-26,4665.0,-2169.0,0.0,100,405.31,427.0,0,0.0,0.0,,0.0,0,0.0,0.0,,0.0,bidTooLow
2022-05-27,4665.0,-1174.0,0.0,100,415.26,427.0,0,0.0,0.0,,0.0,0,0.0,0.0,,0.0,bidTooLow
2022-05-31,4665.0,-1410.0,0.0,100,412.93,427.0,0,0.0,0.0,,0.0,1,0.1,0.13,SPY220601C00422000,422.0,normalDay
2022-06-01,4675.0,-1741.0,10.0,100,409.59,427.0,0,0.0,0.0,,0.0,1,0.1,0.0,SPY220601C00422000,422.0,expirationDay
2022-06-02,4675.0,-964.0,0.0,100,417.39,427.0,0,0.0,0.0,,0.0,1,1.89,1.92,SPY220603C00418000,418.0,normalDay
2022-06-03,4864.0,-1646.0,189.0,100,410.54,427.0,0,0.0,0.0,,0.0,1,1.89,0.0,SPY220603C00418000,418.0,expirationDay
2022-06-06,4864.0,-1521.0,0.0,100,411.79,427.0,0,0.0,0.0,,0.0,0,0.0,0.0,,0.0,bidTooLow
2022-06-07,4864.0,-1129.0,0.0,100,415.74,427.0,0,0.0,0.0,,0.0,1,0.37,0.4,SPY220608C00420000,420.0,normalDay
2022-06-08,4901.0,-1578.0,37.0,100,411.22,427.0,0,0.0,0.0,,0.0,1,0.37,0.0,SPY220608C00420000,420.0,expirationDay
2022-06-09,4901.0,-2559.0,0.0,100,401.44,427.0,0,0.0,0.0,,0.0,1,0.03,0.06,SPY220610C00420000,420.0,normalDay
2022-06-10,4904.0,-3720.0,3.0,100,389.8,427.0,0,0.0,0.0,,0.0,1,0.03,0.0,SPY220610C00420000,420.0,expirationDay
2022-06-13,4904.0,-5200.0,0.0,100,375.0,427.0,0,0.0,0.0,,0.0,0,0.0,0.0,,0.0,bidTooLow
2022-06-14,4904.0,-5313.0,0.0,100,373.87,427.0,0,0.0,0.0,,0.0,0,0.0,0.0,,0.0,bidTooLow
2022-06-15,4904.0,-4780.0,0.0,100,379.2,427.0,0,0.0,0.0,,0.0,0,0.0,0.0,,0.0,bidTooLow
2022-06-16,4904.0,-6035.0,0.0,100,366.65,427.0,0,0.0,0.0,,0.0,0,0.0,0.0,,0.0,bidTooLow
2022-06-17,4904.0,-6114.0,0.0,100,365.86,427.0,0,0.0,0.0,,0.0,0,0.0,0.0,,0.0,bidTooLow
2022-06-21,4904.0,-5193.0,0.0,100,375.07,427.0,0,0.0,0.0,,0.0,0,0.0,0.0,,0.0,bidTooLow
2022-06-22,4904.0,-5261.0,0.0,100,374.39,427.0,0,0.0,0.0,,0.0,0,0.0,0.0,,0.0,bidTooLow
2022-06-23,4904.0,-4894.0,0.0,100,378.06,427.0,0,0.0,0.0,,0.0,0,0.0,0.0,,0.0,bidTooLow
2022-06-24,4904.0,-3692.0,0.0,100,390.08,427.0,0,0.0,0.0,,0.0,0,0.0,0.0,,0.0,bidTooLow
2022-06-27,4904.0,-3841.0,0.0,100,388.59,427.0,0,0.0,0.0,,0.0,0,0.0,0.0,,0.0,bidTooLow
2022-06-28,4904.0,-4635.0,0.0,100,380.65,427.0,0,0.0,0.0,,0.0,0,0.0,0.0,,0.0,bidTooLow
2022-06-29,4904.0,-4666.0,0.0,100,380.34,427.0,0,0.0,0.0,,0.0,0,0.0,0.0,,0.0,bidTooLow
2022-06-30,4904.0,-4975.0,0.0,100,377.25,427.0,0,0.0,0.0,,0.0,0,0.0,0.0,,0.0,bidTooLow
2022-07-01,4904.0,-4576.0,0.0,100,381.24,427.0,0,0.0,0.0,,0.0,0,0.0,0.0,,0.0,bidTooLow
2022-07-05,4904.0,-4504.0,0.0,100,381.96,427.0,0,0.0,0.0,,0.0,0,0.0,0.0,,0.0,bidTooLow
2022-07-06,4904.0,-4375.0,0.0,100,383.25,427.0,0,0.0,0.0,,0.0,0,0.0,0.0,,0.0,bidTooLow
2022-07-07,4904.0,-3801.0,0.0,100,388.99,427.0,0,0.0,0.0,,0.0,0,0.0,0.0,,0.0,bidTooLow
2022-07-08,4904.0,-3833.0,0.0,100,388.67,427.0,0,0.0,0.0,,0.0,0,0.0,0.0,,0.0,bidTooLow
2022-07-11,4904.0,-4277.0,0.0,100,384.23,427.0,0,0.0,0.0,,0.0,0,0.0,0.0,,0.0,bidTooLow
2022-07-12,4904.0,-4620.0,0.0,100,380.83,427.0,0,0.0,0.0,,0.0,1,0.13,0.16,SPY220713C00392000,392.0,normalDay
2022-07-13,4917.0,-4817.0,13.0,100,378.83,427.0,0,0.0,0.0,,0.0,1,0.13,0.0,SPY220713C00392000,392.0,expirationDay
2022-07-14,4917.0,-4909.0,0.0,100,377.91,427.0,0,0.0,0.0,,0.0,0,0.0,0.0,,0.0,bidTooLow
2022-07-15,4917.0,-4187.0,0.0,100,385.13,427.0,0,0.0,0.0,,0.0,0,0.0,0.0,,0.0,bidTooLow
2022-07-18,4917.0,-4505.0,0.0,100,381.95,427.0,0,0.0,0.0,,0.0,0,0.0,0.0,,0.0,bidTooLow
2022-07-19,4917.0,-3477.0,0.0,100,392.27,427.0,0,0.0,0.0,,0.0,1,2.41,2.45,SPY220720C00392000,392.0,normalDay
2022-07-20,1658.0,-3477.0,-3259.0,0,394.77,0.0,0,0.0,0.0,,0.0,1,2.41,0.0,SPY220720C00392000,392.0,expirationDay
2022-07-21,1658.0,-3.0,0.0,0,398.79,0.0,1,0.29,0.32,SPY220801P00367000,367.0,0,0.0,0.0,,0.0,normalDay
2022-07-22,1658.0,7.0,0.0,0,395.09,0.0,1,0.29,0.22,SPY220801P00367000,367.0,0,0.0,0.0,,0.0,normalDay
2022-07-25,1658.0,20.0,0.0,0,395.57,0.0,1,0.29,0.09,SPY220801P00367000,367.0,0,0.0,0.0,,0.0,normalDay
2022-07-26,1658.0,11.0,0.0,0,390.89,0.0,1,0.29,0.18,SPY220801P00367000,367.0,0,0.0,0.0,,0.0,normalDay
2022-07-27,1658.0,24.0,0.0,0,401.04,0.0,1,0.29,0.05,SPY220801P00367000,367.0,0,0.0,0.0,,0.0,normalDay
2022-07-28,1658.0,27.0,0.0,0,406.07,0.0,1,0.29,0.02,SPY220801P00367000,367.0,0,0.0,0.0,,0.0,normalDay
2022-07-29,1658.0,28.0,0.0,0,411.99,0.0,1,0.29,0.01,SPY220801P00367000,367.0,0,0.0,0.0,,0.0,normalDay
2022-08-01,1687.0,0.0,29.0,0,410.77,0.0,1,0.29,0.0,SPY220801P00367000,367.0,0,0.0,0.0,,0.0,expirationDay
2022-08-02,1687.0,-3.0,0.0,0,408.06,0.0,1,0.09,0.12,SPY220812P00361000,361.0,0,0.0,0.0,,0.0,normalDay
2022-08-03,1687.0,4.0,0.0,0,414.45,0.0,1,0.09,0.05,SPY220812P00361000,361.0,0,0.0,0.0,,0.0,normalDay
2022-08-04,1687.0,5.0,0.0,0,414.17,0.0,1,0.09,0.04,SPY220812P00361000,361.0,0,0.0,0.0,,0.0,normalDay
2022-08-05,1687.0,5.0,0.0,0,413.47,0.0,1,0.09,0.04,SPY220812P00361000,361.0,0,0.0,0.0,,0.0,normalDay
2022-08-08,1687.0,7.0,0.0,0,412.99,0.0,1,0.09,0.02,SPY220812P00361000,361.0,0,0.0,0.0,,0.0,normalDay
2022-08-09,1687.0,7.0,0.0,0,411.35,0.0,1,0.09,0.02,SPY220812P00361000,361.0,0,0.0,0.0,,0.0,normalDay
2022-08-10,1687.0,8.0,0.0,0,419.99,0.0,1,0.09,0.01,SPY220812P00361000,361.0,0,0.0,0.0,,0.0,normalDay
2022-08-11,1687.0,8.0,0.0,0,419.99,0.0,1,0.09,0.01,SPY220812P00361000,361.0,0,0.0,0.0,,0.0,normalDay
2022-08-12,1696.0,0.0,9.0,0,427.1,0.0,1,0.09,0.0,SPY220812P00361000,361.0,0,0.0,0.0,,0.0,expirationDay
2022-08-15,1696.0,-3.0,0.0,0,428.86,0.0,1,0.06,0.09,SPY220826P00374000,374.0,0,0.0,0.0,,0.0,normalDay
2022-08-16,1696.0,-2.0,0.0,0,429.7,0.0,1,0.06,0.08,SPY220826P00374000,374.0,0,0.0,0.0,,0.0,normalDay
2022-08-17,1696.0,1.0,0.0,0,426.65,0.0,1,0.06,0.05,SPY220826P00374000,374.0,0,0.0,0.0,,0.0,normalDay
2022-08-18,1696.0,2.0,0.0,0,427.89,0.0,1,0.06,0.04,SPY220826P00374000,374.0,0,0.0,0.0,,0.0,normalDay
2022-08-19,1696.0,3.0,0.0,0,422.14,0.0,1,0.06,0.03,SPY220826P00374000,374.0,0,0.0,0.0,,0.0,normalDay
2022-08-22,1696.0,2.0,0.0,0,413.35,0.0,1,0.06,0.04,SPY220826P00374000,374.0,0,0.0,0.0,,0.0,normalDay
2022-08-23,1696.0,2.0,0.0,0,412.35,0.0,1,0.06,0.04,SPY220826P00374000,374.0,0,0.0,0.0,,0.0,normalDay
2022-08-24,1696.0,4.0,0.0,0,413.67,0.0,1,0.06,0.02,SPY220826P00374000,374.0,0,0.0,0.0,,0.0,normalDay
2022-08-25,1696.0,5.0,0.0,0,419.51,0.0,1,0.06,0.01,SPY220826P00374000,374.0,0,0.0,0.0,,0.0,normalDay
2022-08-26,1702.0,0.0,6.0,0,405.31,0.0,1,0.06,0.0,SPY220826P00374000,374.0,0,0.0,0.0,,0.0,expirationDay
2022-08-29,1702.0,-3.0,0.0,0,402.63,0.0,1,3.07,3.1,SPY220909P00393000,393.0,0,0.0,0.0,,0.0,normalDay
2022-08-30,1702.0,-92.0,0.0,0,398.21,0.0,1,3.07,3.99,SPY220909P00393000,393.0,0,0.0,0.0,,0.0,normalDay
2022-08-31,1702.0,-146.0,0.0,0,395.18,0.0,1,3.07,4.53,SPY220909P00393000,393.0,0,0.0,0.0,,0.0,normalDay
2022-09-01,1702.0,-63.0,0.0,0,396.42,0.0,1,3.07,3.7,SPY220909P00393000,393.0,0,0.0,0.0,,0.0,normalDay
2022-09-02,1702.0,-163.0,0.0,0,392.24,0.0,1,3.07,4.7,SPY220909P00393000,393.0,0,0.0,0.0,,0.0,normalDay
2022-09-06,1702.0,-217.0,0.0,0,390.76,0.0,1,3.07,5.24,SPY220909P00393000,393.0,0,0.0,0.0,,0.0,normalDay
2022-09-07,1702.0,170.0,0.0,0,397.78,0.0,1,3.07,1.37,SPY220909P00393000,393.0,0,0.0,0.0,,0.0,normalDay
2022-09-08,1702.0,286.0,0.0,0,400.38,0.0,1,3.07,0.21,SPY220909P00393000,393.0,0,0.0,0.0,,0.0,normalDay
2022-09-09,2009.0,0.0,307.0,0,406.6,0.0,1,3.07,0.0,SPY220909P00393000,393.0,0,0.0,0.0,,0.0,expirationDay
2022-09-12,2009.0,-3.0,0.0,0,410.97,0.0,1,0.28,0.31,SPY220923P00371000,371.0,0,0.0,0.0,,0.0,normalDay
2022-09-13,2009.0,-117.0,0.0,0,393.1,0.0,1,0.28,1.45,SPY220923P00371000,371.0,0,0.0,0.0,,0.0,normalDay
2022-09-14,2009.0,-73.0,0.0,0,394.6,0.0,1,0.28,1.01,SPY220923P00371000,371.0,0,0.0,0.0,,0.0,normalDay
2022-09-15,2009.0,-79.0,0.0,0,390.12,0.0,1,0.28,1.07,SPY220923P00371000,371.0,0,0.0,0.0,,0.0,normalDay
2022-09-16,2009.0,-97.0,0.0,0,385.56,0.0,1,0.28,1.25,SPY220923P00371000,371.0,0,0.0,0.0,,0.0,normalDay
2022-09-19,2009.0,-31.0,0.0,0,388.55,0.0,1,0.28,0.59,SPY220923P00371000,371.0,0,0.0,0.0,,0.0,normalDay
2022-09-20,2009.0,-83.0,0.0,0,384.09,0.0,1,0.28,1.11,SPY220923P00371000,371.0,0,0.0,0.0,,0.0,normalDay
2022-09-21,2009.0,-141.0,0.0,0,377.39,0.0,1,0.28,1.69,SPY220923P00371000,371.0,0,0.0,0.0,,0.0,normalDay
2022-09-22,2009.0,-78.0,0.0,0,374.22,0.0,1,0.28,1.06,SPY220923P00371000,371.0,0,0.0,0.0,,0.0,normalDay
2022-09-23,2037.0,-305.0,28.0,100,367.95,371.0,1,0.28,0.0,SPY220923P00371000,371.0,0,0.0,0.0,,0.0,expirationDay
2022-09-26,2037.0,-669.0,0.0,100,364.31,371.0,0,0.0,0.0,,0.0,0,0.0,0.0,,0.0,bidTooLow
2022-09-27,2037.0,-762.0,0.0,100,363.38,371.0,0,0.0,0.0,,0.0,0,0.0,0.0,,0.0,bidTooLow
2022-09-28,2037.0,-47.0,0.0,100,370.53,371.0,0,0.0,0.0,,0.0,0,0.0,0.0,,0.0,bidTooLow
2022-09-29,2037.0,-821.0,0.0,100,362.79,371.0,0,0.0,0.0,,0.0,0,0.0,0.0,,0.0,bidTooLow
2022-09-30,2037.0,-1382.0,0.0,100,357.18,371.0,0,0.0,0.0,,0.0,0,0.0,0.0,,0.0,bidTooLow
2022-10-03,2037.0,-439.0,0.0,100,366.61,371.0,0,0.0,0.0,,0.0,0,0.0,0.0,,0.0,bidTooLow
2022-10-04,2037.0,697.0,0.0,100,377.97,371.0,0,0.0,0.0,,0.0,0,0.0,0.0,,0.0,bidTooLow
2022-10-05,2037.0,609.0,0.0,100,377.09,371.0,0,0.0,0.0,,0.0,0,0.0,0.0,,0.0,bidTooLow
2022-10-06,2037.0,220.0,0.0,100,373.2,371.0,0,0.0,0.0,,0.0,0,0.0,0.0,,0.0,bidTooLow
2022-10-07,2037.0,-821.0,0.0,100,362.79,371.0,0,0.0,0.0,,0.0,0,0.0,0.0,,0.0,bidTooLow
2022-10-10,2037.0,-1098.0,0.0,100,360.02,371.0,0,0.0,0.0,,0.0,0,0.0,0.0,,0.0,bidTooLow
2022-10-11,2037.0,-1326.0,0.0,100,357.74,371.0,0,0.0,0.0,,0.0,0,0.0,0.0,,0.0,bidTooLow
2022-10-12,2037.0,-1444.0,0.0,100,356.56,371.0,0,0.0,0.0,,0.0,0,0.0,0.0,,0.0,bidTooLow
2022-10-13,2037.0,-503.0,0.0,100,365.97,371.0,0,0.0,0.0,,0.0,0,0.0,0.0,,0.0,bidTooLow
2022-10-14,2037.0,-1337.0,0.0,100,357.63,371.0,0,0.0,0.0,,0.0,0,0.0,0.0,,0.0,bidTooLow
2022-10-17,2037.0,-418.0,0.0,100,366.82,371.0,0,0.0,0.0,,0.0,0,0.0,0.0,,0.0,bidTooLow
2022-10-18,2037.0,10.0,0.0,100,371.13,371.0,0,0.0,0.0,,0.0,1,0.34,0.37,SPY221019C00379000,379.0,normalDay
2022-10-19,2071.0,-250.0,34.0,100,368.5,371.0,0,0.0,0.0,,0.0,1,0.34,0.0,SPY221019C00379000,379.0,expirationDay
2022-10-20,2071.0,-562.0,0.0,100,365.41,371.0,0,0.0,0.0,,0.0,1,0.05,0.08,SPY221021C00377000,377.0,normalDay
2022-10-21,2076.0,329.0,5.0,100,374.29,371.0,0,0.0,0.0,,0.0,1,0.05,0.0,SPY221021C00377000,377.0,expirationDay
2022-10-24,2076.0,787.0,0.0,100,378.87,371.0,0,0.0,0.0,,0.0,0,0.0,0.0,,0.0,bidTooLow
2022-10-25,2076.0,1384.0,0.0,100,384.92,371.0,0,0.0,0.0,,0.0,1,2.91,2.99,SPY221026C00382000,382.0,normalDay
2022-10-26,3467.0,1384.0,1391.0,0,382.02,0.0,0,0.0,0.0,,0.0,1,2.91,0.0,SPY221026C00382000,382.0,expirationDay
2022-10-27,3467.0,-3.0,0.0,0,379.98,0.0,1,0.25,0.28,SPY221107P00342000,342.0,0,0.0,0.0,,0.0,normalDay
2022-10-28,3467.0,17.0,0.0,0,389.02,0.0,1,0.25,0.08,SPY221107P00342000,342.0,0,0.0,0.0,,0.0,normalDay
2022-10-31,3467.0,20.0,0.0,0,386.21,0.0,1,0.25,0.05,SPY221107P00342000,342.0,0,0.0,0.0,,0.0,normalDay
2022-11-01,3467.0,20.0,0.0,0,384.52,0.0,1,0.25,0.05,SPY221107P00342000,342.0,0,0.0,0.0,,0.0,normalDay
2022-11-02,3467.0,21.0,0.0,0,374.87,0.0,1,0.25,0.04,SPY221107P00342000,342.0,0,0.0,0.0,,0.0,normalDay
2022-11-03,3467.0,22.0,0.0,0,371.01,0.0,1,0.25,0.03,SPY221107P00342000,342.0,0,0.0,0.0,,0.0,normalDay
2022-11-04,3467.0,23.0,0.0,0,376.35,0.0,1,0.25,0.02,SPY221107P00342000,342.0,0,0.0,0.0,,0.0,normalDay
2022-11-07,3492.0,0.0,25.0,0,379.95,0.0,1,0.25,0.0,SPY221107P00342000,342.0,0,0.0,0.0,,0.0,expirationDay
2022-11-08,3492.0,-3.0,0.0,0,382.0,0.0,1,0.33,0.36,SPY221118P00347000,347.0,0,0.0,0.0,,0.0,normalDay
2022-11-09,3492.0,-20.0,0.0,0,374.13,0.0,1,0.33,0.53,SPY221118P00347000,347.0,0,0.0,0.0,,0.0,normalDay
2022-11-10,3492.0,24.0,0.0,0,394.69,0.0,1,0.33,0.09,SPY221118P00347000,347.0,0,0.0,0.0,,0.0,normalDay
2022-11-11,3492.0,27.0,0.0,0,398.51,0.0,1,0.33,0.06,SPY221118P00347000,347.0,0,0.0,0.0,,0.0,normalDay
2022-11-14,3492.0,30.0,0.0,0,395.12,0.0,1,0.33,0.03,SPY221118P00347000,347.0,0,0.0,0.0,,0.0,normalDay
2022-11-15,3492.0,29.0,0.0,0,398.49,0.0,1,0.33,0.04,SPY221118P00347000,347.0,0,0.0,0.0,,0.0,normalDay
2022-11-16,3492.0,31.0,0.0,0,395.45,0.0,1,0.33,0.02,SPY221118P00347000,347.0,0,0.0,0.0,,0.0,normalDay
2022-11-17,3492.0,32.0,0.0,0,394.24,0.0,1,0.33,0.01,SPY221118P00347000,347.0,0,0.0,0.0,,0.0,normalDay
2022-11-18,3525.0,0.0,33.0,0,396.03,0.0,1,0.33,0.0,SPY221118P00347000,347.0,0,0.0,0.0,,0.0,expirationDay
2022-11-21,3525.0,-3.0,0.0,0,394.59,0.0,1,0.14,0.17,SPY221202P00360000,360.0,0,0.0,0.0,,0.0,normalDay
2022-11-22,3525.0,1.0,0.0,0,399.9,0.0,1,0.14,0.13,SPY221202P00360000,360.0,0,0.0,0.0,,0.0,normalDay
2022-11-23,3525.0,6.0,0.0,0,402.42,0.0,1,0.14,0.08,SPY221202P00360000,360.0,0,0.0,0.0,,0.0,normalDay
2022-11-25,3525.0,9.0,0.0,0,402.33,0.0,1,0.14,0.05,SPY221202P00360000,360.0,0,0.0,0.0,,0.0,normalDay
2022-11-28,3525.0,11.0,0.0,0,395.91,0.0,1,0.14,0.03,SPY221202P00360000,360.0,0,0.0,0.0,,0.0,normalDay
2022-11-29,3525.0,11.0,0.0,0,395.23,0.0,1,0.14,0.03,SPY221202P00360000,360.0,0,0.0,0.0,,0.0,normalDay
2022-11-30,3525.0,12.0,0.0,0,407.68,0.0,1,0.14,0.02,SPY221202P00360000,360.0,0,0.0,0.0,,0.0,normalDay
2022-12-01,3525.0,13.0,0.0,0,407.38,0.0,1,0.14,0.01,SPY221202P00360000,360.0,0,0.0,0.0,,0.0,normalDay
2022-12-02,3539.0,0.0,14.0,0,406.91,0.0,1,0.14,0.0,SPY221202P00360000,360.0,0,0.0,0.0,,0.0,expirationDay
2022-12-05,3539.0,-3.0,0.0,0,399.59,0.0,1,0.48,0.51,SPY221216P00370000,370.0,0,0.0,0.0,,0.0,normalDay
2022-12-06,3539.0,-49.0,0.0,0,393.83,0.0,1,0.48,0.97,SPY221216P00370000,370.0,0,0.0,0.0,,0.0,normalDay
2022-12-07,3539.0,-46.0,0.0,0,393.16,0.0,1,0.48,0.94,SPY221216P00370000,370.0,0,0.0,0.0,,0.0,normalDay
2022-12-08,3539.0,-8.0,0.0,0,396.24,0.0,1,0.48,0.56,SPY221216P00370000,370.0,0,0.0,0.0,,0.0,normalDay
2022-12-09,3539.0,-14.0,0.0,0,393.28,0.0,1,0.48,0.62,SPY221216P00370000,370.0,0,0.0,0.0,,0.0,normalDay
2022-12-12,3539.0,11.0,0.0,0,398.95,0.0,1,0.48,0.37,SPY221216P00370000,370.0,0,0.0,0.0,,0.0,normalDay
2022-12-13,3539.0,38.0,0.0,0,401.97,0.0,1,0.48,0.1,SPY221216P00370000,370.0,0,0.0,0.0,,0.0,normalDay
2022-12-14,3539.0,43.0,0.0,0,399.4,0.0,1,0.48,0.05,SPY221216P00370000,370.0,0,0.0,0.0,,0.0,normalDay
2022-12-15,3539.0,41.0,0.0,0,389.63,0.0,1,0.48,0.07,SPY221216P00370000,370.0,0,0.0,0.0,,0.0,normalDay
2022-12-16,3587.0,0.0,48.0,0,383.27,0.0,1,0.48,0.0,SPY221216P00370000,370.0,0,0.0,0.0,,0.0,expirationDay
2022-12-19,3587.0,-4.0,0.0,0,380.02,0.0,1,2.9,2.94,SPY221230P00375000,375.0,0,0.0,0.0,,0.0,normalDay
2022-12-20,3587.0,58.0,0.0,0,380.54,0.0,1,2.9,2.32,SPY221230P00375000,375.0,0,0.0,0.0,,0.0,normalDay
2022-12-21,3587.0,211.0,0.0,0,386.23,0.0,1,2.9,0.79,SPY221230P00375000,375.0,0,0.0,0.0,,0.0,normalDay
2022-12-22,3587.0,92.0,0.0,0,380.72,0.0,1,2.9,1.98,SPY221230P00375000,375.0,0,0.0,0.0,,0.0,normalDay
2022-12-23,3587.0,190.0,0.0,0,382.91,0.0,1,2.9,1.0,SPY221230P00375000,375.0,0,0.0,0.0,,0.0,normalDay
2022-12-27,3587.0,216.0,0.0,0,381.4,0.0,1,2.9,0.74,SPY221230P00375000,375.0,0,0.0,0.0,,0.0,normalDay
2022-12-28,3587.0,118.0,0.0,0,376.66,0.0,1,2.9,1.72,SPY221230P00375000,375.0,0,0.0,0.0,,0.0,normalDay
2022-12-29,3587.0,278.0,0.0,0,383.44,0.0,1,2.9,0.12,SPY221230P00375000,375.0,0,0.0,0.0,,0.0,normalDay
2022-12-30,3877.0,0.0,290.0,0,382.43,0.0,1,2.9,0.0,SPY221230P00375000,375.0,0,0.0,0.0,,0.0,expirationDay
2023-01-03,3877.0,-3.0,0.0,0,380.82,0.0,1,1.2,1.23,SPY230113P00364000,364.0,0,0.0,0.0,,0.0,normalDay
2023-01-04,3877.0,62.0,0.0,0,383.76,0.0,1,1.2,0.58,SPY230113P00364000,364.0,0,0.0,0.0,,0.0,normalDay
2023-01-05,3877.0,22.0,0.0,0,379.38,0.0,1,1.2,0.98,SPY230113P00364000,364.0,0,0.0,0.0,,0.0,normalDay
2023-01-06,3877.0,104.0,0.0,0,388.08,0.0,1,1.2,0.16,SPY230113P00364000,364.0,0,0.0,0.0,,0.0,normalDay
2023-01-09,3877.0,110.0,0.0,0,387.86,0.0,1,1.2,0.1,SPY230113P00364000,364.0,0,0.0,0.0,,0.0,normalDay
2023-01-10,3877.0,115.0,0.0,0,390.58,0.0,1,1.2,0.05,SPY230113P00364000,364.0,0,0.0,0.0,,0.0,normalDay
2023-01-11,3877.0,117.0,0.0,0,395.52,0.0,1,1.2,0.03,SPY230113P00364000,364.0,0,0.0,0.0,,0.0,normalDay
2023-01-12,3877.0,119.0,0.0,0,396.96,0.0,1,1.2,0.01,SPY230113P00364000,364.0,0,0.0,0.0,,0.0,normalDay
2023-01-13,3997.0,0.0,120.0,0,398.5,0.0,1,1.2,0.0,SPY230113P00364000,364.0,0,0.0,0.0,,0.0,expirationDay
2023-01-17,3997.0,-3.0,0.0,0,397.77,0.0,1,0.08,0.11,SPY230127P00366000,366.0,0,0.0,0.0,,0.0,normalDay
2023-01-18,3997.0,-5.0,0.0,0,391.49,0.0,1,0.08,0.13,SPY230127P00366000,366.0,0,0.0,0.0,,0.0,normalDay
2023-01-19,3997.0,-5.0,0.0,0,388.64,0.0,1,0.08,0.13,SPY230127P00366000,366.0,0,0.0,0.0,,0.0,normalDay
2023-01-20,3997.0,2.0,0.0,0,395.88,0.0,1,0.08,0.06,SPY230127P00366000,366.0,0,0.0,0.0,,0.0,normalDay
2023-01-23,3997.0,4.0,0.0,0,400.63,0.0,1,0.08,0.04,SPY230127P00366000,366.0,0,0.0,0.0,,0.0,normalDay
2023-01-24,3997.0,5.0,0.0,0,400.2,0.0,1,0.08,0.03,SPY230127P00366000,366.0,0,0.0,0.0,,0.0,normalDay
2023-01-25,3997.0,6.0,0.0,0,400.35,0.0,1,0.08,0.02,SPY230127P00366000,366.0,0,0.0,0.0,,0.0,normalDay
2023-01-26,3997.0,7.0,0.0,0,404.75,0.0,1,0.08,0.01,SPY230127P00366000,366.0,0,0.0,0.0,,0.0,normalDay
2023-01-27,4005.0,0.0,8.0,0,405.68,0.0,1,0.08,0.0,SPY230127P00366000,366.0,0,0.0,0.0,,0.0,expirationDay
2023-01-30,4005.0,-3.0,0.0,0,400.59,0.0,1,0.2,0.23,SPY230210P00370000,370.0,0,0.0,0.0,,0.0,normalDay
2023-01-31,4005.0,4.0,0.0,0,406.48,0.0,1,0.2,0.16,SPY230210P00370000,370.0,0,0.0,0.0,,0.0,normalDay
2023-02-01,4005.0,11.0,0.0,0,410.8,0.0,1,0.2,0.09,SPY230210P00370000,370.0,0,0.0,0.0,,0.0,normalDay
2023-02-02,4005.0,13.0,0.0,0,416.78,0.0,1,0.2,0.07,SPY230210P00370000,370.0,0,0.0,0.0,,0.0,normalDay
2023-02-03,4005.0,16.0,0.0,0,412.35,0.0,1,0.2,0.04,SPY230210P00370000,370.0,0,0.0,0.0,,0.0,normalDay
2023-02-06,4005.0,17.0,0.0,0,409.83,0.0,1,0.2,0.03,SPY230210P00370000,370.0,0,0.0,0.0,,0.0,normalDay
2023-02-07,4005.0,18.0,0.0,0,415.19,0.0,1,0.2,0.02,SPY230210P00370000,370.0,0,0.0,0.0,,0.0,normalDay
2023-02-08,4005.0,18.0,0.0,0,410.65,0.0,1,0.2,0.02,SPY230210P00370000,370.0,0,0.0,0.0,,0.0,normalDay
2023-02-09,4005.0,19.0,0.0,0,407.09,0.0,1,0.2,0.01,SPY230210P00370000,370.0,0,0.0,0.0,,0.0,normalDay
2023-02-10,4025.0,0.0,20.0,0,408.04,0.0,1,0.2,0.0,SPY230210P00370000,370.0,0,0.0,0.0,,0.0,expirationDay
2023-02-13,4025.0,-3.0,0.0,0,412.83,0.0,1,0.27,0.3,SPY230224P00382000,382.0,0,0.0,0.0,,0.0,normalDay
2023-02-14,4025.0,9.0,0.0,0,412.64,0.0,1,0.27,0.18,SPY230224P00382000,382.0,0,0.0,0.0,,0.0,normalDay
2023-02-15,4025.0,17.0,0.0,0,413.98,0.0,1,0.27,0.1,SPY230224P00382000,382.0,0,0.0,0.0,,0.0,normalDay
2023-02-16,4025.0,-2.0,0.0,0,408.28,0.0,1,0.27,0.29,SPY230224P00382000,382.0,0,0.0,0.0,,0.0,normalDay
2023-02-17,4025.0,19.0,0.0,0,407.26,0.0,1,0.27,0.08,SPY230224P00382000,382.0,0,0.0,0.0,,0.0,normalDay
2023-02-21,4025.0,13.0,0.0,0,399.09,0.0,1,0.27,0.14,SPY230224P00382000,382.0,0,0.0,0.0,,0.0,normalDay
2023-02-22,4025.0,22.0,0.0,0,398.54,0.0,1,0.27,0.05,SPY230224P00382000,382.0,0,0.0,0.0,,0.0,normalDay
2023-02-23,4025.0,24.0,0.0,0,400.66,0.0,1,0.27,0.03,SPY230224P00382000,382.0,0,0.0,0.0,,0.0,normalDay
2023-02-24,4052.0,0.0,27.0,0,396.38,0.0,1,0.27,0.0,SPY230224P00382000,382.0,0,0.0,0.0,,0.0,expirationDay
2023-02-27,4052.0,-3.0,0.0,0,397.73,0.0,1,1.79,1.82,SPY230310P00388000,388.0,0,0.0,0.0,,0.0,normalDay
2023-02-28,4052.0,-25.0,0.0,0,396.26,0.0,1,1.79,2.04,SPY230310P00388000,388.0,0,0.0,0.0,,0.0,normalDay
2023-03-01,4052.0,-37.0,0.0,0,394.74,0.0,1,1.79,2.16,SPY230310P00388000,388.0,0,0.0,0.0,,0.0,normalDay
2023-03-02,4052.0,64.0,0.0,0,397.81,0.0,1,1.79,1.15,SPY230310P00388000,388.0,0,0.0,0.0,,0.0,normalDay
2023-03-03,4052.0,147.0,0.0,0,404.19,0.0,1,1.79,0.32,SPY230310P00388000,388.0,0,0.0,0.0,,0.0,normalDay
2023-03-06,4052.0,161.0,0.0,0,404.47,0.0,1,1.79,0.18,SPY230310P00388000,388.0,0,0.0,0.0,,0.0,normalDay
2023-03-07,4052.0,138.0,0.0,0,398.27,0.0,1,1.79,0.41,SPY230310P00388000,388.0,0,0.0,0.0,,0.0,normalDay
2023-03-08,4052.0,158.0,0.0,0,398.92,0.0,1,1.79,0.21,SPY230310P00388000,388.0,0,0.0,0.0,,0.0,normalDay
2023-03-09,4052.0,36.0,0.0,0,391.56,0.0,1,1.79,1.43,SPY230310P00388000,388.0,0,0.0,0.0,,0.0,normalDay
2023-03-10,4231.0,-209.0,179.0,100,385.91,388.0,1,1.79,0.0,SPY230310P00388000,388.0,0,0.0,0.0,,0.0,expirationDay
2023-03-13,4231.0,-264.0,0.0,100,385.36,388.0,0,0.0,0.0,,0.0,0,0.0,0.0,,0.0,bidTooLow
2023-03-14,4231.0,373.0,0.0,100,391.73,388.0,0,0.0,0.0,,0.0,0,0.0,0.0,,0.0,bidTooLow
2023-03-15,4231.0,128.0,0.0,100,389.28,388.0,0,0.0,0.0,,0.0,0,0.0,0.0,,0.0,bidTooLow
2023-03-16,4231.0,811.0,0.0,100,396.11,388.0,0,0.0,0.0,,0.0,0,0.0,0.0,,0.0,bidTooLow
2023-03-17,4231.0,199.0,0.0,100,389.99,388.0,0,0.0,0.0,,0.0,0,0.0,0.0,,0.0,bidTooLow
2023-03-20,4231.0,574.0,0.0,100,393.74,388.0,0,0.0,0.0,,0.0,0,0.0,0.0,,0.0,bidTooLow
2023-03-21,4231.0,1088.0,0.0,100,398.91,388.0,0,0.0,0.0,,0.0,1,0.66,0.69,SPY230322C00405000,405.0,normalDay
2023-03-22,4297.0,411.0,66.0,100,392.11,388.0,0,0.0,0.0,,0.0,1,0.66,0.0,SPY230322C00405000,405.0,expirationDay
2023-03-23,4297.0,514.0,0.0,100,393.17,388.0,0,0.0,0.0,,0.0,1,0.01,0.04,SPY230324C00404000,404.0,normalDay
2023-03-24,4298.0,775.0,1.0,100,395.75,388.0,0,0.0,0.0,,0.0,1,0.01,0.0,SPY230324C00404000,404.0,expirationDay
2023-03-27,4298.0,846.0,0.0,100,396.49,388.0,0,0.0,0.0,,0.0,1,0.01,0.04,SPY230328C00404000,404.0,normalDay
2023-03-28,4299.0,760.0,1.0,100,395.6,388.0,0,0.0,0.0,,0.0,1,0.01,0.0,SPY230328C00404000,404.0,expirationDay
2023-03-29,4299.0,1332.0,0.0,100,401.35,388.0,0,0.0,0.0,,0.0,1,0.17,0.2,SPY230330C00405000,405.0,normalDay
2023-03-30,4316.0,1570.0,17.0,100,403.7,388.0,0,0.0,0.0,,0.0,1,0.17,0.0,SPY230330C00405000,405.0,expirationDay
2023-03-31,6461.0,1570.0,2145.0,0,409.39,0.0,0,0.0,0.0,,0.0,1,2.45,0.0,SPY230331C00407000,407.0,expirationDay
2023-04-03,6461.0,-3.0,0.0,0,410.95,0.0,1,0.12,0.15,SPY230414P00376000,376.0,0,0.0,0.0,,0.0,normalDay
2023-04-04,6461.0,-2.0,0.0,0,408.67,0.0,1,0.12,0.14,SPY230414P00376000,376.0,0,0.0,0.0,,0.0,normalDay
2023-04-05,6461.0,2.0,0.0,0,407.6,0.0,1,0.12,0.1,SPY230414P00376000,376.0,0,0.0,0.0,,0.0,normalDay
2023-04-06,6461.0,7.0,0.0,0,409.19,0.0,1,0.12,0.05,SPY230414P00376000,376.0,0,0.0,0.0,,0.0,normalDay
2023-04-10,6461.0,9.0,0.0,0,409.61,0.0,1,0.12,0.03,SPY230414P00376000,376.0,0,0.0,0.0,,0.0,normalDay
2023-04-11,6461.0,9.0,0.0,0,409.72,0.0,1,0.12,0.03,SPY230414P00376000,376.0,0,0.0,0.0,,0.0,normalDay
2023-04-12,6461.0,10.0,0.0,0,408.05,0.0,1,0.12,0.02,SPY230414P00376000,376.0,0,0.0,0.0,,0.0,normalDay
2023-04-13,6461.0,10.0,0.0,0,413.47,0.0,1,0.12,0.02,SPY230414P00376000,376.0,0,0.0,0.0,,0.0,normalDay
2023-04-14,6473.0,0.0,12.0,0,412.46,0.0,1,0.12,0.0,SPY230414P00376000,376.0,0,0.0,0.0,,0.0,expirationDay
2023-04-17,6473.0,-3.0,0.0,0,413.94,0.0,1,0.11,0.14,SPY230428P00382000,382.0,0,0.0,0.0,,0.0,normalDay
2023-04-18,6473.0,-2.0,0.0,0,414.21,0.0,1,0.11,0.13,SPY230428P00382000,382.0,0,0.0,0.0,,0.0,normalDay
2023-04-19,6473.0,2.0,0.0,0,414.14,0.0,1,0.11,0.09,SPY230428P00382000,382.0,0,0.0,0.0,,0.0,normalDay
2023-04-20,6473.0,2.0,0.0,0,411.88,0.0,1,0.11,0.09,SPY230428P00382000,382.0,0,0.0,0.0,,0.0,normalDay
2023-04-21,6473.0,5.0,0.0,0,412.2,0.0,1,0.11,0.06,SPY230428P00382000,382.0,0,0.0,0.0,,0.0,normalDay
2023-04-24,6473.0,8.0,0.0,0,412.63,0.0,1,0.11,0.03,SPY230428P00382000,382.0,0,0.0,0.0,,0.0,normalDay
2023-04-25,6473.0,6.0,0.0,0,406.08,0.0,1,0.11,0.05,SPY230428P00382000,382.0,0,0.0,0.0,,0.0,normalDay
2023-04-26,6473.0,8.0,0.0,0,404.36,0.0,1,0.11,0.03,SPY230428P00382000,382.0,0,0.0,0.0,,0.0,normalDay
2023-04-27,6473.0,9.0,0.0,0,412.41,0.0,1,0.11,0.02,SPY230428P00382000,382.0,0,0.0,0.0,,0.0,normalDay
2023-04-28,6484.0,0.0,11.0,0,415.93,0.0,1,0.11,0.0,SPY230428P00382000,382.0,0,0.0,0.0,,0.0,expirationDay
2023-05-01,6484.0,-3.0,0.0,0,415.51,0.0,1,0.83,0.86,SPY230512P00402000,402.0,0,0.0,0.0,,0.0,normalDay
2023-05-02,6484.0,-97.0,0.0,0,410.84,0.0,1,0.83,1.8,SPY230512P00402000,402.0,0,0.0,0.0,,0.0,normalDay
2023-05-03,6484.0,-129.0,0.0,0,408.02,0.0,1,0.83,2.12,SPY230512P00402000,402.0,0,0.0,0.0,,0.0,normalDay
2023-05-04,6484.0,-247.0,0.0,0,405.13,0.0,1,0.83,3.3,SPY230512P00402000,402.0,0,0.0,0.0,,0.0,normalDay
2023-05-05,6484.0,15.0,0.0,0,412.63,0.0,1,0.83,0.68,SPY230512P00402000,402.0,0,0.0,0.0,,0.0,normalDay
2023-05-08,6484.0,48.0,0.0,0,412.74,0.0,1,0.83,0.35,SPY230512P00402000,402.0,0,0.0,0.0,,0.0,normalDay
2023-05-09,6484.0,43.0,0.0,0,410.93,0.0,1,0.83,0.4,SPY230512P00402000,402.0,0,0.0,0.0,,0.0,normalDay
2023-05-10,6484.0,72.0,0.0,0,412.85,0.0,1,0.83,0.11,SPY230512P00402000,402.0,0,0.0,0.0,,0.0,normalDay
2023-05-11,6484.0,79.0,0.0,0,412.13,0.0,1,0.83,0.04,SPY230512P00402000,402.0,0,0.0,0.0,,0.0,normalDay
2023-05-12,6567.0,0.0,83.0,0,411.59,0.0,1,0.83,0.0,SPY230512P00402000,402.0,0,0.0,0.0,,0.0,expirationDay
2023-05-15,6567.0,-3.0,0.0,0,413.01,0.0,1,0.98,1.01,SPY230526P00402000,402.0,0,0.0,0.0,,0.0,normalDay
2023-05-16,6567.0,-48.0,0.0,0,410.25,0.0,1,0.98,1.46,SPY230526P00402000,402.0,0,0.0,0.0,,0.0,normalDay
2023-05-17,6567.0,39.0,0.0,0,415.23,0.0,1,0.98,0.59,SPY230526P00402000,402.0,0,0.0,0.0,,0.0,normalDay
2023-05-18,6567.0,72.0,0.0,0,419.23,0.0,1,0.98,0.26,SPY230526P00402000,402.0,0,0.0,0.0,,0.0,normalDay
2023-05-19,6567.0,79.0,0.0,0,418.62,0.0,1,0.98,0.19,SPY230526P00402000,402.0,0,0.0,0.0,,0.0,normalDay
2023-05-22,6567.0,88.0,0.0,0,418.79,0.0,1,0.98,0.1,SPY230526P00402000,402.0,0,0.0,0.0,,0.0,normalDay
2023-05-23,6567.0,80.0,0.0,0,414.09,0.0,1,0.98,0.18,SPY230526P00402000,402.0,0,0.0,0.0,,0.0,normalDay
2023-05-24,6567.0,75.0,0.0,0,411.09,0.0,1,0.98,0.23,SPY230526P00402000,402.0,0,0.0,0.0,,0.0,normalDay
2023-05-25,6567.0,91.0,0.0,0,414.65,0.0,1,0.98,0.07,SPY230526P00402000,402.0,0,0.0,0.0,,0.0,normalDay
2023-05-26,6665.0,0.0,98.0,0,420.02,0.0,1,0.98,0.0,SPY230526P00402000,402.0,0,0.0,0.0,,0.0,expirationDay
2023-05-30,6665.0,-3.0,0.0,0,420.18,0.0,1,0.45,0.48,SPY230609P00401000,401.0,0,0.0,0.0,,0.0,normalDay
2023-05-31,6665.0,-4.0,0.0,0,417.85,0.0,1,0.45,0.49,SPY230609P00401000,401.0,0,0.0,0.0,,0.0,normalDay
2023-06-01,6665.0,26.0,0.0,0,421.82,0.0,1,0.45,0.19,SPY230609P00401000,401.0,0,0.0,0.0,,0.0,normalDay
2023-06-02,6665.0,38.0,0.0,0,427.92,0.0,1,0.45,0.07,SPY230609P00401000,401.0,0,0.0,0.0,,0.0,normalDay
2023-06-05,6665.0,41.0,0.0,0,427.1,0.0,1,0.45,0.04,SPY230609P00401000,401.0,0,0.0,0.0,,0.0,normalDay
2023-06-06,6665.0,42.0,0.0,0,428.03,0.0,1,0.45,0.03,SPY230609P00401000,401.0,0,0.0,0.0,,0.0,normalDay
2023-06-07,6665.0,42.0,0.0,0,426.55,0.0,1,0.45,0.03,SPY230609P00401000,401.0,0,0.0,0.0,,0.0,normalDay
2023-06-08,6665.0,43.0,0.0,0,429.13,0.0,1,0.45,0.02,SPY230609P00401000,401.0,0,0.0,0.0,,0.0,normalDay
2023-06-09,6710.0,0.0,45.0,0,429.9,0.0,1,0.45,0.0,SPY230609P00401000,401.0,0,0.0,0.0,,0.0,expirationDay
2023-06-12,6710.0,-3.0,0.0,0,433.8,0.0,1,0.16,0.19,SPY230623P00400000,400.0,0,0.0,0.0,,0.0,normalDay
2023-06-13,6710.0,0.0,0.0,0,436.66,0.0,1,0.16,0.16,SPY230623P00400000,400.0,0,0.0,0.0,,0.0,normalDay
2023-06-14,6710.0,7.0,0.0,0,437.18,0.0,1,0.16,0.09,SPY230623P00400000,400.0,0,0.0,0.0,,0.0,normalDay
2023-06-15,6710.0,7.0,0.0,0,442.6,0.0,1,0.16,0.09,SPY230623P00400000,400.0,0,0.0,0.0,,0.0,normalDay
2023-06-16,6710.0,12.0,0.0,0,439.46,0.0,1,0.16,0.04,SPY230623P00400000,400.0,0,0.0,0.0,,0.0,normalDay
2023-06-20,6710.0,14.0,0.0,0,437.18,0.0,1,0.16,0.02,SPY230623P00400000,400.0,0,0.0,0.0,,0.0,normalDay
2023-06-21,6710.0,14.0,0.0,0,434.94,0.0,1,0.16,0.02,SPY230623P00400000,400.0,0,0.0,0.0,,0.0,normalDay
2023-06-22,6710.0,15.0,0.0,0,436.51,0.0,1,0.16,0.01,SPY230623P00400000,400.0,0,0.0,0.0,,0.0,normalDay
2023-06-23,6726.0,0.0,16.0,0,433.21,0.0,1,0.16,0.0,SPY230623P00400000,400.0,0,0.0,0.0,,0.0,expirationDay
2023-06-26,6726.0,-3.0,0.0,0,431.44,0.0,1,0.21,0.24,SPY230707P00410000,410.0,0,0.0,0.0,,0.0,normalDay
2023-06-27,6726.0,7.0,0.0,0,436.17,0.0,1,0.21,0.14,SPY230707P00410000,410.0,0,0.0,0.0,,0.0,normalDay
2023-06-28,6726.0,12.0,0.0,0,436.39,0.0,1,0.21,0.09,SPY230707P00410000,410.0,0,0.0,0.0,,0.0,normalDay
2023-06-29,6726.0,13.0,0.0,0,438.11,0.0,1,0.21,0.08,SPY230707P00410000,410.0,0,0.0,0.0,,0.0,normalDay
2023-06-30,6726.0,16.0,0.0,0,443.28,0.0,1,0.21,0.05,SPY230707P00410000,410.0,0,0.0,0.0,,0.0,normalDay
2023-07-03,6726.0,17.0,0.0,0,443.79,0.0,1,0.21,0.04,SPY230707P00410000,410.0,0,0.0,0.0,,0.0,normalDay
2023-07-05,6726.0,18.0,0.0,0,443.13,0.0,1,0.21,0.03,SPY230707P00410000,410.0,0,0.0,0.0,,0.0,normalDay
2023-07-06,6726.0,19.0,0.0,0,439.66,0.0,1,0.21,0.02,SPY230707P00410000,410.0,0,0.0,0.0,,0.0,normalDay
2023-07-07,6747.0,0.0,21.0,0,438.55,0.0,1,0.21,0.0,SPY230707P00410000,410.0,0,0.0,0.0,,0.0,expirationDay
2023-07-10,6747.0,-3.0,0.0,0,439.66,0.0,1,0.55,0.58,SPY230721P00426000,426.0,0,0.0,0.0,,0.0,normalDay
2023-07-11,6747.0,14.0,0.0,0,442.46,0.0,1,0.55,0.41,SPY230721P00426000,426.0,0,0.0,0.0,,0.0,normalDay
2023-07-12,6747.0,39.0,0.0,0,446.02,0.0,1,0.55,0.16,SPY230721P00426000,426.0,0,0.0,0.0,,0.0,normalDay
2023-07-13,6747.0,40.0,0.0,0,449.56,0.0,1,0.55,0.15,SPY230721P00426000,426.0,0,0.0,0.0,,0.0,normalDay
2023-07-14,6747.0,46.0,0.0,0,449.28,0.0,1,0.55,0.09,SPY230721P00426000,426.0,0,0.0,0.0,,0.0,normalDay
2023-07-17,6747.0,49.0,0.0,0,450.84,0.0,1,0.55,0.06,SPY230721P00426000,426.0,0,0.0,0.0,,0.0,normalDay
2023-07-18,6747.0,50.0,0.0,0,454.19,0.0,1,0.55,0.05,SPY230721P00426000,426.0,0,0.0,0.0,,0.0,normalDay
2023-07-19,6747.0,51.0,0.0,0,455.2,0.0,1,0.55,0.04,SPY230721P00426000,426.0,0,0.0,0.0,,0.0,normalDay
2023-07-20,6747.0,52.0,0.0,0,452.18,0.0,1,0.55,0.03,SPY230721P00426000,426.0,0,0.0,0.0,,0.0,normalDay
2023-07-21,6802.0,0.0,55.0,0,452.18,0.0,1,0.55,0.0,SPY230721P00426000,426.0,0,0.0,0.0,,0.0,expirationDay
2023-07-24,6802.0,-3.0,0.0,0,454.2,0.0,1,0.13,0.16,SPY230804P00424000,424.0,0,0.0,0.0,,0.0,normalDay
2023-07-25,6802.0,-1.0,0.0,0,455.44,0.0,1,0.13,0.14,SPY230804P00424000,424.0,0,0.0,0.0,,0.0,normalDay
2023-07-26,6802.0,4.0,0.0,0,455.51,0.0,1,0.13,0.09,SPY230804P00424000,424.0,0,0.0,0.0,,0.0,normalDay
2023-07-27,6802.0,-1.0,0.0,0,452.49,0.0,1,0.13,0.14,SPY230804P00424000,424.0,0,0.0,0.0,,0.0,normalDay
2023-07-28,6802.0,8.0,0.0,0,456.92,0.0,1,0.13,0.05,SPY230804P00424000,424.0,0,0.0,0.0,,0.0,normalDay
2023-07-31,6802.0,9.0,0.0,0,457.79,0.0,1,0.13,0.04,SPY230804P00424000,424.0,0,0.0,0.0,,0.0,normalDay
2023-08-01,6802.0,10.0,0.0,0,456.48,0.0,1,0.13,0.03,SPY230804P00424000,424.0,0,0.0,0.0,,0.0,normalDay
2023-08-02,6802.0,8.0,0.0,0,450.13,0.0,1,0.13,0.05,SPY230804P00424000,424.0,0,0.0,0.0,,0.0,normalDay
2023-08-03,6802.0,11.0,0.0,0,448.84,0.0,1,0.13,0.02,SPY230804P00424000,424.0,0,0.0,0.0,,0.0,normalDay
2023-08-04,6815.0,0.0,13.0,0,446.81,0.0,1,0.13,0.0,SPY230804P00424000,424.0,0,0.0,0.0,,0.0,expirationDay
2023-08-07,6815.0,-3.0,0.0,0,450.71,0.0,1,1.07,1.1,SPY230818P00440000,440.0,0,0.0,0.0,,0.0,normalDay
2023-08-08,6815.0,-24.0,0.0,0,448.75,0.0,1,1.07,1.31,SPY230818P00440000,440.0,0,0.0,0.0,,0.0,normalDay
2023-08-09,6815.0,-71.0,0.0,0,445.75,0.0,1,1.07,1.78,SPY230818P00440000,440.0,0,0.0,0.0,,0.0,normalDay
2023-08-10,6815.0,-59.0,0.0,0,445.91,0.0,1,1.07,1.66,SPY230818P00440000,440.0,0,0.0,0.0,,0.0,normalDay
2023-08-11,6815.0,-10.0,0.0,0,445.65,0.0,1,1.07,1.17,SPY230818P00440000,440.0,0,0.0,0.0,,0.0,normalDay
2023-08-14,6815.0,60.0,0.0,0,448.11,0.0,1,1.07,0.47,SPY230818P00440000,440.0,0,0.0,0.0,,0.0,normalDay
2023-08-15,6815.0,-32.0,0.0,0,442.89,0.0,1,1.07,1.39,SPY230818P00440000,440.0,0,0.0,0.0,,0.0,normalDay
2023-08-16,6815.0,-99.0,0.0,0,439.64,0.0,1,1.07,2.06,SPY230818P00440000,440.0,0,0.0,0.0,,0.0,normalDay
2023-08-17,6815.0,-303.0,0.0,0,436.29,0.0,1,1.07,4.1,SPY230818P00440000,440.0,0,0.0,0.0,,0.0,normalDay
2023-08-18,6922.0,-350.0,107.0,100,436.5,440.0,1,1.07,0.0,SPY230818P00440000,440.0,0,0.0,0.0,,0.0,expirationDay
2023-08-21,6922.0,-66.0,0.0,100,439.34,440.0,0,0.0,0.0,,0.0,0,0.0,0.0,,0.0,bidTooLow
2023-08-22,6922.0,-185.0,0.0,100,438.15,440.0,0,0.0,0.0,,0.0,0,0.0,0.0,,0.0,bidTooLow
2023-08-23,6922.0,303.0,0.0,100,443.03,440.0,0,0.0,0.0,,0.0,0,0.0,0.0,,0.0,bidTooLow
2023-08-24,6922.0,-311.0,0.0,100,436.89,440.0,0,0.0,0.0,,0.0,0,0.0,0.0,,0.0,bidTooLow
2023-08-25,6922.0,-3.0,0.0,100,439.97,440.0,0,0.0,0.0,,0.0,0,0.0,0.0,,0.0,bidTooLow
2023-08-28,6922.0,276.0,0.0,100,442.76,440.0,0,0.0,0.0,,0.0,0,0.0,0.0,,0.0,bidTooLow
2023-08-29,6922.0,913.0,0.0,100,449.16,440.0,0,0.0,0.0,,0.0,1,0.15,0.18,SPY230830C00453000,453.0,normalDay
2023-08-30,6937.0,1101.0,15.0,100,451.01,440.0,0,0.0,0.0,,0.0,1,0.15,0.0,SPY230830C00453000,453.0,expirationDay
2023-08-31,6937.0,1032.0,0.0,100,450.35,440.0,0,0.0,0.0,,0.0,1,0.49,0.52,SPY230901C00453000,453.0,normalDay
2023-09-01,6986.0,1119.0,49.0,100,451.19,440.0,0,0.0,0.0,,0.0,1,0.49,0.0,SPY230901C00453000,453.0,expirationDay
2023-09-05,6986.0,921.0,0.0,100,449.24,440.0,0,0.0,0.0,,0.0,1,0.06,0.09,SPY230906C00453000,453.0,normalDay
2023-09-06,6992.0,622.0,6.0,100,446.22,440.0,0,0.0,0.0,,0.0,1,0.06,0.0,SPY230906C00453000,453.0,expirationDay
2023-09-07,6992.0,485.0,0.0,100,444.85,440.0,0,0.0,0.0,,0.0,0,0.0,0.0,,0.0,bidTooLow
2023-09-08,6992.0,552.0,0.0,100,445.52,440.0,0,0.0,0.0,,0.0,0,0.0,0.0,,0.0,bidTooLow
2023-09-11,6992.0,842.0,0.0,100,448.45,440.0,0,0.0,0.0,,0.0,1,0.01,0.04,SPY230912C00453000,453.0,normalDay
2023-09-12,6993.0,599.0,1.0,100,445.99,440.0,0,0.0,0.0,,0.0,1,0.01,0.0,SPY230912C00453000,453.0,expirationDay
2023-09-13,6993.0,651.0,0.0,100,446.51,440.0,0,0.0,0.0,,0.0,0,0.0,0.0,,0.0,bidTooLow
2023-09-14,6993.0,1033.0,0.0,100,450.36,440.0,0,0.0,0.0,,0.0,1,0.03,0.06,SPY230915C00454000,454.0,normalDay
2023-09-15,6996.0,337.0,3.0,100,443.37,440.0,0,0.0,0.0,,0.0,1,0.03,0.0,SPY230915C00454000,454.0,expirationDay
2023-09-18,6996.0,363.0,0.0,100,443.63,440.0,0,0.0,0.0,,0.0,0,0.0,0.0,,0.0,bidTooLow
2023-09-19,6996.0,271.0,0.0,100,442.71,440.0,0,0.0,0.0,,0.0,0,0.0,0.0,,0.0,bidTooLow
2023-09-20,6996.0,-136.0,0.0,100,438.64,440.0,0,0.0,0.0,,0.0,0,0.0,0.0,,0.0,bidTooLow
2023-09-21,6996.0,-861.0,0.0,100,431.39,440.0,0,0.0,0.0,,0.0,0,0.0,0.0,,0.0,bidTooLow
2023-09-22,6996.0,-958.0,0.0,100,430.42,440.0,0,0.0,0.0,,0.0,0,0.0,0.0,,0.0,bidTooLow
2023-09-25,6996.0,-777.0,0.0,100,432.23,440.0,0,0.0,0.0,,0.0,0,0.0,0.0,,0.0,bidTooLow
2023-09-26,6996.0,-1412.0,0.0,100,425.88,440.0,0,0.0,0.0,,0.0,0,0.0,0.0,,0.0,bidTooLow
2023-09-27,6996.0,-1395.0,0.0,100,426.05,440.0,0,0.0,0.0,,0.0,0,0.0,0.0,,0.0,bidTooLow
2023-09-28,6996.0,-1148.0,0.0,100,428.52,440.0,0,0.0,0.0,,0.0,0,0.0,0.0,,0.0,bidTooLow
2023-09-29,6996.0,-1252.0,0.0,100,427.48,440.0,0,0.0,0.0,,0.0,0,0.0,0.0,,0.0,bidTooLow
2023-10-02,6996.0,-1269.0,0.0,100,427.31,440.0,0,0.0,0.0,,0.0,0,0.0,0.0,,0.0,bidTooLow
2023-10-03,6996.0,-1841.0,0.0,100,421.59,440.0,0,0.0,0.0,,0.0,0,0.0,0.0,,0.0,bidTooLow
2023-10-04,6996.0,-1534.0,0.0,100,424.66,440.0,0,0.0,0.0,,0.0,0,0.0,0.0,,0.0,bidTooLow
2023-10-05,6996.0,-1550.0,0.0,100,424.5,440.0,0,0.0,0.0,,0.0,0,0.0,0.0,,0.0,bidTooLow
2023-10-06,6996.0,-1046.0,0.0,100,429.54,440.0,0,0.0,0.0,,0.0,0,0.0,0.0,,0.0,bidTooLow
2023-10-09,6996.0,-771.0,0.0,100,432.29,440.0,0,0.0,0.0,,0.0,0,0.0,0.0,,0.0,bidTooLow
2023-10-10,6996.0,-546.0,0.0,100,434.54,440.0,0,0.0,0.0,,0.0,0,0.0,0.0,,0.0,bidTooLow
2023-10-11,6996.0,-368.0,0.0,100,436.32,440.0,0,0.0,0.0,,0.0,0,0.0,0.0,,0.0,bidTooLow
2023-10-12,6996.0,-634.0,0.0,100,433.66,440.0,0,0.0,0.0,,0.0,0,0.0,0.0,,0.0,bidTooLow
2023-10-13,6996.0,-850.0,0.0,100,431.5,440.0,0,0.0,0.0,,0.0,0,0.0,0.0,,0.0,bidTooLow
2023-10-16,6996.0,-399.0,0.0,100,436.04,440.0,0,0.0,0.0,,0.0,1,0.17,0.2,SPY231017C00440000,440.0,normalDay
2023-10-17,7013.0,-398.0,17.0,100,436.02,440.0,0,0.0,0.0,,0.0,1,0.17,0.0,SPY231017C00440000,440.0,expirationDay
2023-10-18,7013.0,-982.0,0.0,100,430.21,440.0,0,0.0,0.0,,0.0,1,0.05,0.08,SPY231019C00438000,438.0,normalDay
2023-10-19,7018.0,-1357.0,5.0,100,426.43,440.0,0,0.0,0.0,,0.0,1,0.05,0.0,SPY231019C00438000,438.0,expirationDay
2023-10-20,7018.0,-1881.0,0.0,100,421.19,440.0,0,0.0,0.0,,0.0,0,0.0,0.0,,0.0,bidTooLow
2023-10-23,7018.0,-1954.0,0.0,100,420.46,440.0,0,0.0,0.0,,0.0,0,0.0,0.0,,0.0,bidTooLow
2023-10-24,7018.0,-1637.0,0.0,100,423.63,440.0,0,0.0,0.0,,0.0,0,0.0,0.0,,0.0,bidTooLow
2023-10-25,7018.0,-2245.0,0.0,100,417.55,440.0,0,0.0,0.0,,0.0,0,0.0,0.0,,0.0,bidTooLow
2023-10-26,7018.0,-2745.0,0.0,100,412.55,440.0,0,0.0,0.0,,0.0,0,0.0,0.0,,0.0,bidTooLow
2023-10-27,7018.0,-2932.0,0.0,100,410.68,440.0,0,0.0,0.0,,0.0,0,0.0,0.0,,0.0,bidTooLow
2023-10-30,7018.0,-2441.0,0.0,100,415.59,440.0,0,0.0,0.0,,0.0,0,0.0,0.0,,0.0,bidTooLow
2023-10-31,7018.0,-2180.0,0.0,100,418.2,440.0,0,0.0,0.0,,0.0,0,0.0,0.0,,0.0,bidTooLow
2023-11-01,7018.0,-1734.0,0.0,100,422.66,440.0,0,0.0,0.0,,0.0,0,0.0,0.0,,0.0,bidTooLow
2023-11-02,7018.0,-924.0,0.0,100,430.76,440.0,0,0.0,0.0,,0.0,0,0.0,0.0,,0.0,bidTooLow
2023-11-03,7018.0,-531.0,0.0,100,434.69,440.0,0,0.0,0.0,,0.0,0,0.0,0.0,,0.0,bidTooLow
2023-11-06,7018.0,-431.0,0.0,100,435.69,440.0,0,0.0,0.0,,0.0,0,0.0,0.0,,0.0,bidTooLow
2023-11-07,7018.0,-310.0,0.0,100,436.93,440.0,0,0.0,0.0,,0.0,1,0.01,0.04,SPY231108C00442000,442.0,normalDay
2023-11-08,7019.0,-275.0,1.0,100,437.25,440.0,0,0.0,0.0,,0.0,1,0.01,0.0,SPY231108C00442000,442.0,expirationDay
2023-11-09,7019.0,-616.0,0.0,100,433.84,440.0,0,0.0,0.0,,0.0,0,0.0,0.0,,0.0,bidTooLow
2023-11-10,7019.0,61.0,0.0,100,440.61,440.0,0,0.0,0.0,,0.0,0,0.0,0.0,,0.0,bidTooLow
2023-11-13,7019.0,16.0,0.0,100,440.19,440.0,0,0.0,0.0,,0.0,1,0.38,0.41,SPY231114C00444000,444.0,normalDay
2023-11-14,7457.0,16.0,438.0,0,448.73,0.0,0,0.0,0.0,,0.0,1,0.38,0.0,SPY231114C00444000,444.0,expirationDay
2023-11-15,7457.0,-3.0,0.0,0,449.68,0.0,1,0.03,0.06,SPY231124P00394000,394.0,0,0.0,0.0,,0.0,normalDay
2023-11-16,7457.0,-3.0,0.0,0,450.23,0.0,1,0.03,0.06,SPY231124P00394000,394.0,0,0.0,0.0,,0.0,normalDay
2023-11-17,7457.0,0.0,0.0,0,450.79,0.0,1,0.03,0.03,SPY231124P00394000,394.0,0,0.0,0.0,,0.0,normalDay
2023-11-20,7457.0,1.0,0.0,0,454.26,0.0,1,0.03,0.02,SPY231124P00394000,394.0,0,0.0,0.0,,0.0,normalDay
2023-11-21,7457.0,2.0,0.0,0,453.27,0.0,1,0.03,0.01,SPY231124P00394000,394.0,0,0.0,0.0,,0.0,normalDay
2023-11-22,7457.0,2.0,0.0,0,455.02,0.0,1,0.03,0.01,SPY231124P00394000,394.0,0,0.0,0.0,,0.0,normalDay
2023-11-24,7460.0,0.0,3.0,0,455.3,0.0,1,0.03,0.0,SPY231124P00394000,394.0,0,0.0,0.0,,0.0,expirationDay
2023-11-27,7460.0,-3.0,0.0,0,454.48,0.0,1,0.03,0.06,SPY231208P00403000,403.0,0,0.0,0.0,,0.0,normalDay
2023-11-28,7460.0,-2.0,0.0,0,454.93,0.0,1,0.03,0.05,SPY231208P00403000,403.0,0,0.0,0.0,,0.0,normalDay
2023-11-29,7460.0,-2.0,0.0,0,454.61,0.0,1,0.03,0.05,SPY231208P00403000,403.0,0,0.0,0.0,,0.0,normalDay
2023-11-30,7460.0,-1.0,0.0,0,456.4,0.0,1,0.03,0.04,SPY231208P00403000,403.0,0,0.0,0.0,,0.0,normalDay
