date,totalCapital,unrializedPnL,rializedPnL,stocksOwned,stocksPriceToday,stocksPriceBoughtAt,putOwned,putOwnedSoldAt,putPriceToday,putOwnedContract,putOwnedStrike,callOwned,callOwnedSoldAt,callPriceToday,callOwnedContract,callOwnedStrike,trackType
2018-11-01,0.0,-6.0,0.0,0,273.51,0.0,1,2.94,3.0,SPY181119P00270000,270.0,0,0.0,0.0,,0.0,normalDay
2018-11-02,0.0,-43.0,0.0,0,271.89,0.0,1,2.94,3.37,SPY181119P00270000,270.0,0,0.0,0.0,,0.0,normalDay
2018-11-05,0.0,41.0,0.0,0,273.39,0.0,1,2.94,2.53,SPY181119P00270000,270.0,0,0.0,0.0,,0.0,normalDay
2018-11-06,0.0,100.0,0.0,0,275.12,0.0,1,2.94,1.94,SPY181119P00270000,270.0,0,0.0,0.0,,0.0,normalDay
2018-11-07,0.0,246.0,0.0,0,281.01,0.0,1,2.94,0.48,SPY181119P00270000,270.0,0,0.0,0.0,,0.0,normalDay
2018-11-08,0.0,247.0,0.0,0,280.5,0.0,1,2.94,0.47,SPY181119P00270000,270.0,0,0.0,0.0,,0.0,normalDay
2018-11-09,0.0,226.0,0.0,0,277.76,0.0,1,2.94,0.68,SPY181119P00270000,270.0,0,0.0,0.0,,0.0,normalDay
2018-11-12,0.0,109.0,0.0,0,272.57,0.0,1,2.94,1.85,SPY181119P00270000,270.0,0,0.0,0.0,,0.0,normalDay
2018-11-13,0.0,115.0,0.0,0,272.06,0.0,1,2.94,1.79,SPY181119P00270000,270.0,0,0.0,0.0,,0.0,normalDay
2018-11-14,0.0,25.0,0.0,0,270.2,0.0,1,2.94,2.69,SPY181119P00270000,270.0,0,0.0,0.0,,0.0,normalDay
2018-11-15,0.0,205.0,0.0,0,273.02,0.0,1,2.94,0.89,SPY181119P00270000,270.0,0,0.0,0.0,,0.0,normalDay
2018-11-16,0.0,270.0,0.0,0,273.73,0.0,1,2.94,0.24,SPY181119P00270000,270.0,0,0.0,0.0,,0.0,normalDay
2018-11-19,294.0,-90.0,294.0,100,269.1,270.0,1,2.94,0.0,SPY181119P00270000,270.0,0,0.0,0.0,,0.0,expirationDay
2018-11-20,294.0,-588.0,0.0,100,264.12,270.0,0,0.0,0.0,,0.0,0,0.0,0.0,,0.0,bidTooLow
2018-11-21,294.0,-498.0,0.0,100,265.02,270.0,0,0.0,0.0,,0.0,0,0.0,0.0,,0.0,bidTooLow
2018-11-23,294.0,-675.0,0.0,100,263.25,270.0,0,0.0,0.0,,0.0,0,0.0,0.0,,0.0,bidTooLow
2018-11-26,294.0,-250.0,0.0,100,267.5,270.0,0,0.0,0.0,,0.0,0,0.0,0.0,,0.0,bidTooLow
2018-11-27,294.0,-160.0,0.0,100,268.4,270.0,0,0.0,0.0,,0.0,0,0.0,0.0,,0.0,bidTooLow
2018-11-28,294.0,458.0,0.0,100,274.58,270.0,0,0.0,0.0,,0.0,0,0.0,0.0,,0.0,bidTooLow
2018-11-29,294.0,398.0,0.0,100,273.98,270.0,0,0.0,0.0,,0.0,0,0.0,0.0,,0.0,bidTooLow
2018-11-30,294.0,565.0,0.0,100,275.65,270.0,0,0.0,0.0,,0.0,0,0.0,0.0,,0.0,bidTooLow
2018-12-03,294.0,930.0,0.0,100,279.3,270.0,0,0.0,0.0,,0.0,0,0.0,0.0,,0.0,bidTooLow
2018-12-04,294.0,25.0,0.0,100,270.25,270.0,0,0.0,0.0,,0.0,0,0.0,0.0,,0.0,bidTooLow
2018-12-06,294.0,-16.0,0.0,100,269.84,270.0,0,0.0,0.0,,0.0,0,0.0,0.0,,0.0,bidTooLow
2018-12-07,294.0,-643.0,0.0,100,263.57,270.0,0,0.0,0.0,,0.0,0,0.0,0.0,,0.0,bidTooLow
2018-12-10,294.0,-593.0,0.0,100,264.07,270.0,0,0.0,0.0,,0.0,0,0.0,0.0,,0.0,bidTooLow
2018-12-11,294.0,-587.0,0.0,100,264.13,270.0,0,0.0,0.0,,0.0,0,0.0,0.0,,0.0,bidTooLow
2018-12-12,294.0,-454.0,0.0,100,265.46,270.0,0,0.0,0.0,,0.0,0,0.0,0.0,,0.0,bidTooLow
2018-12-13,294.0,-463.0,0.0,100,265.37,270.0,0,0.0,0.0,,0.0,0,0.0,0.0,,0.0,bidTooLow
2018-12-14,294.0,-953.0,0.0,100,260.47,270.0,0,0.0,0.0,,0.0,0,0.0,0.0,,0.0,bidTooLow
2018-12-17,294.0,-1464.0,0.0,100,255.36,270.0,0,0.0,0.0,,0.0,0,0.0,0.0,,0.0,bidTooLow
2018-12-18,294.0,-1492.0,0.0,100,255.08,270.0,0,0.0,0.0,,0.0,0,0.0,0.0,,0.0,bidTooLow
2018-12-19,294.0,-1874.0,0.0,100,251.26,270.0,0,0.0,0.0,,0.0,0,0.0,0.0,,0.0,bidTooLow
2018-12-20,294.0,-2283.0,0.0,100,247.17,270.0,0,0.0,0.0,,0.0,0,0.0,0.0,,0.0,bidTooLow
2018-12-21,294.0,-2930.0,0.0,100,240.7,270.0,0,0.0,0.0,,0.0,0,0.0,0.0,,0.0,bidTooLow
2018-12-24,294.0,-3566.0,0.0,100,234.34,270.0,0,0.0,0.0,,0.0,0,0.0,0.0,,0.0,bidTooLow
2018-12-26,294.0,-2382.0,0.0,100,246.18,270.0,0,0.0,0.0,,0.0,0,0.0,0.0,,0.0,bidTooLow
2018-12-27,294.0,-2193.0,0.0,100,248.07,270.0,0,0.0,0.0,,0.0,0,0.0,0.0,,0.0,bidTooLow
2018-12-28,294.0,-2225.0,0.0,100,247.75,270.0,0,0.0,0.0,,0.0,0,0.0,0.0,,0.0,bidTooLow
2018-12-31,294.0,-2008.0,0.0,100,249.92,270.0,0,0.0,0.0,,0.0,0,0.0,0.0,,0.0,bidTooLow
2019-01-02,294.0,-1982.0,0.0,100,250.18,270.0,0,0.0,0.0,,0.0,0,0.0,0.0,,0.0,bidTooLow
2019-01-03,294.0,-2579.0,0.0,100,244.21,270.0,0,0.0,0.0,,0.0,0,0.0,0.0,,0.0,bidTooLow
2019-01-04,294.0,-1761.0,0.0,100,252.39,270.0,0,0.0,0.0,,0.0,0,0.0,0.0,,0.0,bidTooLow
2019-01-07,294.0,-1562.0,0.0,100,254.38,270.0,0,0.0,0.0,,0.0,0,0.0,0.0,,0.0,bidTooLow
2019-01-08,294.0,-1323.0,0.0,100,256.77,270.0,0,0.0,0.0,,0.0,0,0.0,0.0,,0.0,bidTooLow
2019-01-09,294.0,-1203.0,0.0,100,257.97,270.0,0,0.0,0.0,,0.0,0,0.0,0.0,,0.0,bidTooLow
2019-01-10,294.0,-1112.0,0.0,100,258.88,270.0,0,0.0,0.0,,0.0,0,0.0,0.0,,0.0,bidTooLow
2019-01-11,294.0,-1102.0,0.0,100,258.98,270.0,0,0.0,0.0,,0.0,0,0.0,0.0,,0.0,bidTooLow
2019-01-14,294.0,-1260.0,0.0,100,257.4,270.0,0,0.0,0.0,,0.0,0,0.0,0.0,,0.0,bidTooLow
2019-01-15,294.0,-965.0,0.0,100,260.35,270.0,0,0.0,0.0,,0.0,0,0.0,0.0,,0.0,bidTooLow
2019-01-16,294.0,-902.0,0.0,100,260.98,270.0,0,0.0,0.0,,0.0,0,0.0,0.0,,0.0,bidTooLow
2019-01-17,294.0,-704.0,0.0,100,262.96,270.0,0,0.0,0.0,,0.0,0,0.0,0.0,,0.0,bidTooLow
2019-01-18,294.0,-354.0,0.0,100,266.46,270.0,0,0.0,0.0,,0.0,0,0.0,0.0,,0.0,bidTooLow
2019-01-22,294.0,-714.0,0.0,100,262.86,270.0,0,0.0,0.0,,0.0,0,0.0,0.0,,0.0,bidTooLow
2019-01-23,294.0,-659.0,0.0,100,263.41,270.0,0,0.0,0.0,,0.0,0,0.0,0.0,,0.0,bidTooLow
2019-01-24,294.0,-645.0,0.0,100,263.55,270.0,0,0.0,0.0,,0.0,0,0.0,0.0,,0.0,bidTooLow
2019-01-25,294.0,-422.0,0.0,100,265.78,270.0,0,0.0,0.0,,0.0,0,0.0,0.0,,0.0,bidTooLow
2019-01-28,294.0,-624.0,0.0,100,263.76,270.0,0,0.0,0.0,,0.0,0,0.0,0.0,,0.0,bidTooLow
2019-01-29,294.0,-659.0,0.0,100,263.41,270.0,0,0.0,0.0,,0.0,0,0.0,0.0,,0.0,bidTooLow
2019-01-30,294.0,-242.0,0.0,100,267.58,270.0,0,0.0,0.0,,0.0,0,0.0,0.0,,0.0,bidTooLow
2019-01-31,294.0,-7.0,0.0,100,269.93,270.0,0,0.0,0.0,,0.0,0,0.0,0.0,,0.0,bidTooLow
2019-02-01,294.0,6.0,0.0,100,270.06,270.0,0,0.0,0.0,,0.0,0,0.0,0.0,,0.0,bidTooLow
2019-02-04,294.0,196.0,0.0,100,271.96,270.0,0,0.0,0.0,,0.0,0,0.0,0.0,,0.0,bidTooLow
2019-02-05,294.0,310.0,0.0,100,273.1,270.0,0,0.0,0.0,,0.0,0,0.0,0.0,,0.0,bidTooLow
2019-02-06,294.0,274.0,0.0,100,272.74,270.0,0,0.0,0.0,,0.0,0,0.0,0.0,,0.0,bidTooLow
2019-02-07,294.0,14.0,0.0,100,270.14,270.0,0,0.0,0.0,,0.0,0,0.0,0.0,,0.0,bidTooLow
2019-02-08,294.0,47.0,0.0,100,270.47,270.0,0,0.0,0.0,,0.0,0,0.0,0.0,,0.0,bidTooLow
2019-02-11,294.0,62.0,0.0,100,270.62,270.0,0,0.0,0.0,,0.0,0,0.0,0.0,,0.0,bidTooLow
2019-02-12,294.0,410.0,0.0,100,274.1,270.0,0,0.0,0.0,,0.0,0,0.0,0.0,,0.0,bidTooLow
2019-02-13,294.0,499.0,0.0,100,274.99,270.0,0,0.0,0.0,,0.0,0,0.0,0.0,,0.0,bidTooLow
2019-02-14,294.0,438.0,0.0,100,274.38,270.0,0,0.0,0.0,,0.0,0,0.0,0.0,,0.0,bidTooLow
2019-02-15,294.0,737.0,0.0,100,277.37,270.0,0,0.0,0.0,,0.0,0,0.0,0.0,,0.0,bidTooLow
2019-02-19,294.0,785.0,0.0,100,277.85,270.0,0,0.0,0.0,,0.0,0,0.0,0.0,,0.0,bidTooLow
2019-02-20,294.0,841.0,0.0,100,278.41,270.0,0,0.0,0.0,,0.0,0,0.0,0.0,,0.0,bidTooLow
2019-02-21,294.0,742.0,0.0,100,277.42,270.0,0,0.0,0.0,,0.0,0,0.0,0.0,,0.0,bidTooLow
2019-02-22,294.0,914.0,0.0,100,279.14,270.0,0,0.0,0.0,,0.0,0,0.0,0.0,,0.0,bidTooLow
2019-02-25,294.0,952.0,0.0,100,279.52,270.0,0,0.0,0.0,,0.0,0,0.0,0.0,,0.0,bidTooLow
2019-02-26,294.0,932.0,0.0,100,279.32,270.0,0,0.0,0.0,,0.0,0,0.0,0.0,,0.0,bidTooLow
2019-02-27,294.0,920.0,0.0,100,279.2,270.0,0,0.0,0.0,,0.0,0,0.0,0.0,,0.0,bidTooLow
2019-02-28,294.0,868.0,0.0,100,278.68,270.0,0,0.0,0.0,,0.0,0,0.0,0.0,,0.0,bidTooLow
2019-03-01,294.0,1042.0,0.0,100,280.42,270.0,0,0.0,0.0,,0.0,0,0.0,0.0,,0.0,bidTooLow
2019-03-04,294.0,940.0,0.0,100,279.4,270.0,0,0.0,0.0,,0.0,0,0.0,0.0,,0.0,bidTooLow
2019-03-05,294.0,902.0,0.0,100,279.02,270.0,0,0.0,0.0,,0.0,0,0.0,0.0,,0.0,bidTooLow
2019-03-06,294.0,733.0,0.0,100,277.33,270.0,0,0.0,0.0,,0.0,0,0.0,0.0,,0.0,bidTooLow
2019-03-07,294.0,501.0,0.0,100,275.01,270.0,0,0.0,0.0,,0.0,0,0.0,0.0,,0.0,bidTooLow
2019-03-08,294.0,446.0,0.0,100,274.46,270.0,0,0.0,0.0,,0.0,0,0.0,0.0,,0.0,bidTooLow
2019-03-11,294.0,844.0,0.0,100,278.44,270.0,0,0.0,0.0,,0.0,0,0.0,0.0,,0.0,bidTooLow
2019-03-12,294.0,949.0,0.0,100,279.49,270.0,0,0.0,0.0,,0.0,0,0.0,0.0,,0.0,bidTooLow
2019-03-13,294.0,1131.0,0.0,100,281.34,270.0,0,0.0,0.0,,0.0,1,0.01,0.04,SPY190315C00286000,286.0,normalDay
2019-03-14,294.0,1115.0,0.0,100,281.16,270.0,0,0.0,0.0,,0.0,1,0.01,0.02,SPY190315C00286000,286.0,normalDay
2019-03-15,295.0,1131.0,1.0,100,281.31,270.0,0,0.0,0.0,,0.0,1,0.01,0.0,SPY190315C00286000,286.0,expirationDay
2019-03-18,295.0,1233.0,0.0,100,282.33,270.0,0,0.0,0.0,,0.0,0,0.0,0.0,,0.0,bidTooLow
2019-03-19,295.0,1237.0,0.0,100,282.4,270.0,0,0.0,0.0,,0.0,1,0.03,0.06,SPY190322C00287500,287.5,normalDay
2019-03-20,295.0,1156.0,0.0,100,281.55,270.0,0,0.0,0.0,,0.0,1,0.03,0.02,SPY190322C00287500,287.5,normalDay
2019-03-21,295.0,1472.0,0.0,100,284.73,270.0,0,0.0,0.0,,0.0,1,0.03,0.04,SPY190322C00287500,287.5,normalDay
2019-03-22,298.0,925.0,3.0,100,279.25,270.0,0,0.0,0.0,,0.0,1,0.03,0.0,SPY190322C00287500,287.5,expirationDay
2019-03-25,298.0,904.0,0.0,100,279.04,270.0,0,0.0,0.0,,0.0,0,0.0,0.0,,0.0,bidTooLow
2019-03-26,298.0,1112.0,0.0,100,281.12,270.0,0,0.0,0.0,,0.0,0,0.0,0.0,,0.0,bidTooLow
2019-03-27,298.0,965.0,0.0,100,279.65,270.0,0,0.0,0.0,,0.0,0,0.0,0.0,,0.0,bidTooLow
2019-03-28,298.0,1071.0,0.0,100,280.71,270.0,0,0.0,0.0,,0.0,0,0.0,0.0,,0.0,bidTooLow
2019-03-29,298.0,1248.0,0.0,100,282.48,270.0,0,0.0,0.0,,0.0,0,0.0,0.0,,0.0,bidTooLow
2019-04-01,298.0,1583.0,0.0,100,285.83,270.0,0,0.0,0.0,,0.0,0,0.0,0.0,,0.0,bidTooLow
2019-04-02,298.0,1597.0,0.0,100,285.97,270.0,0,0.0,0.0,,0.0,0,0.0,0.0,,0.0,bidTooLow
2019-04-03,298.0,1642.0,0.0,100,286.42,270.0,0,0.0,0.0,,0.0,0,0.0,0.0,,0.0,bidTooLow
2019-04-04,298.0,1718.0,0.0,100,287.18,270.0,0,0.0,0.0,,0.0,0,0.0,0.0,,0.0,bidTooLow
2019-04-05,298.0,1857.0,0.0,100,288.57,270.0,0,0.0,0.0,,0.0,0,0.0,0.0,,0.0,bidTooLow
2019-04-08,298.0,1879.0,0.0,100,288.79,270.0,0,0.0,0.0,,0.0,0,0.0,0.0,,0.0,bidTooLow
2019-04-09,298.0,1731.0,0.0,100,287.31,270.0,0,0.0,0.0,,0.0,0,0.0,0.0,,0.0,bidTooLow
2019-04-10,298.0,1829.0,0.0,100,288.29,270.0,0,0.0,0.0,,0.0,0,0.0,0.0,,0.0,bidTooLow
2019-04-11,298.0,1821.0,0.0,100,288.21,270.0,0,0.0,0.0,,0.0,0,0.0,0.0,,0.0,bidTooLow
2019-04-12,298.0,2016.0,0.0,100,290.16,270.0,0,0.0,0.0,,0.0,0,0.0,0.0,,0.0,bidTooLow
2019-04-15,298.0,1997.0,0.0,100,289.97,270.0,0,0.0,0.0,,0.0,0,0.0,0.0,,0.0,bidTooLow
2019-04-16,298.0,2016.0,0.0,100,290.16,270.0,0,0.0,0.0,,0.0,0,0.0,0.0,,0.0,bidTooLow
2019-04-17,298.0,1945.0,0.0,100,289.45,270.0,0,0.0,0.0,,0.0,0,0.0,0.0,,0.0,bidTooLow
2019-04-18,298.0,2002.0,0.0,100,290.02,270.0,0,0.0,0.0,,0.0,0,0.0,0.0,,0.0,bidTooLow
2019-04-22,298.0,2027.0,0.0,100,290.27,270.0,0,0.0,0.0,,0.0,0,0.0,0.0,,0.0,bidTooLow
2019-04-23,298.0,2288.0,0.0,100,292.88,270.0,0,0.0,0.0,,0.0,0,0.0,0.0,,0.0,bidTooLow
2019-04-24,298.0,2223.0,0.0,100,292.23,270.0,0,0.0,0.0,,0.0,0,0.0,0.0,,0.0,bidTooLow
2019-04-25,298.0,2205.0,0.0,100,292.05,270.0,0,0.0,0.0,,0.0,0,0.0,0.0,,0.0,bidTooLow
2019-04-26,298.0,2341.0,0.0,100,293.41,270.0,0,0.0,0.0,,0.0,0,0.0,0.0,,0.0,bidTooLow
2019-04-29,298.0,2387.0,0.0,100,293.87,270.0,0,0.0,0.0,,0.0,0,0.0,0.0,,0.0,bidTooLow
2019-04-30,298.0,2402.0,0.0,100,294.02,270.0,0,0.0,0.0,,0.0,0,0.0,0.0,,0.0,bidTooLow
2019-05-01,298.0,2181.0,0.0,100,291.81,270.0,0,0.0,0.0,,0.0,0,0.0,0.0,,0.0,bidTooLow
2019-05-02,298.0,2118.0,0.0,100,291.18,270.0,0,0.0,0.0,,0.0,0,0.0,0.0,,0.0,bidTooLow
2019-05-03,298.0,2403.0,0.0,100,294.03,270.0,0,0.0,0.0,,0.0,0,0.0,0.0,,0.0,bidTooLow
2019-05-06,298.0,2282.0,0.0,100,292.82,270.0,0,0.0,0.0,,0.0,0,0.0,0.0,,0.0,bidTooLow
2019-05-07,298.0,1793.0,0.0,100,287.93,270.0,0,0.0,0.0,,0.0,0,0.0,0.0,,0.0,bidTooLow
2019-05-08,298.0,1753.0,0.0,100,287.53,270.0,0,0.0,0.0,,0.0,0,0.0,0.0,,0.0,bidTooLow
2019-05-09,298.0,1666.0,0.0,100,286.66,270.0,0,0.0,0.0,,0.0,0,0.0,0.0,,0.0,bidTooLow
2019-05-10,298.0,1810.0,0.0,100,288.1,270.0,0,0.0,0.0,,0.0,0,0.0,0.0,,0.0,bidTooLow
2019-05-13,298.0,1086.0,0.0,100,280.86,270.0,0,0.0,0.0,,0.0,0,0.0,0.0,,0.0,bidTooLow
2019-05-14,298.0,1340.0,0.0,100,283.4,270.0,0,0.0,0.0,,0.0,0,0.0,0.0,,0.0,bidTooLow
2019-05-15,298.0,1506.0,0.0,100,285.06,270.0,0,0.0,0.0,,0.0,0,0.0,0.0,,0.0,bidTooLow
2019-05-16,298.0,1770.0,0.0,100,287.7,270.0,0,0.0,0.0,,0.0,0,0.0,0.0,,0.0,bidTooLow
2019-05-17,298.0,1584.0,0.0,100,285.84,270.0,0,0.0,0.0,,0.0,0,0.0,0.0,,0.0,bidTooLow
2019-05-20,298.0,1395.0,0.0,100,283.95,270.0,0,0.0,0.0,,0.0,0,0.0,0.0,,0.0,bidTooLow
2019-05-21,298.0,1651.0,0.0,100,286.51,270.0,0,0.0,0.0,,0.0,0,0.0,0.0,,0.0,bidTooLow
2019-05-22,298.0,1563.0,0.0,100,285.63,270.0,0,0.0,0.0,,0.0,0,0.0,0.0,,0.0,bidTooLow
2019-05-23,298.0,1214.0,0.0,100,282.14,270.0,0,0.0,0.0,,0.0,0,0.0,0.0,,0.0,bidTooLow
2019-05-24,298.0,1278.0,0.0,100,282.78,270.0,0,0.0,0.0,,0.0,0,0.0,0.0,,0.0,bidTooLow
2019-05-28,298.0,1015.0,0.0,100,280.15,270.0,0,0.0,0.0,,0.0,0,0.0,0.0,,0.0,bidTooLow
2019-05-29,298.0,827.0,0.0,100,278.27,270.0,0,0.0,0.0,,0.0,0,0.0,0.0,,0.0,bidTooLow
2019-05-30,298.0,903.0,0.0,100,279.03,270.0,0,0.0,0.0,,0.0,0,0.0,0.0,,0.0,bidTooLow
2019-05-31,298.0,527.0,0.0,100,275.27,270.0,0,0.0,0.0,,0.0,0,0.0,0.0,,0.0,bidTooLow
2019-06-03,298.0,457.0,0.0,100,274.57,270.0,0,0.0,0.0,,0.0,0,0.0,0.0,,0.0,bidTooLow
2019-06-04,298.0,1053.0,0.0,100,280.53,270.0,0,0.0,0.0,,0.0,0,0.0,0.0,,0.0,bidTooLow
2019-06-05,298.0,1296.0,0.0,100,282.96,270.0,0,0.0,0.0,,0.0,0,0.0,0.0,,0.0,bidTooLow
2019-06-06,298.0,1480.0,0.0,100,284.8,270.0,0,0.0,0.0,,0.0,0,0.0,0.0,,0.0,bidTooLow
2019-06-07,298.0,1765.0,0.0,100,287.65,270.0,0,0.0,0.0,,0.0,0,0.0,0.0,,0.0,bidTooLow
2019-06-10,298.0,1897.0,0.0,100,288.97,270.0,0,0.0,0.0,,0.0,0,0.0,0.0,,0.0,bidTooLow
2019-06-11,298.0,1890.0,0.0,100,288.9,270.0,0,0.0,0.0,,0.0,0,0.0,0.0,,0.0,bidTooLow
2019-06-12,298.0,1839.0,0.0,100,288.39,270.0,0,0.0,0.0,,0.0,0,0.0,0.0,,0.0,bidTooLow
2019-06-13,298.0,1958.0,0.0,100,289.58,270.0,0,0.0,0.0,,0.0,0,0.0,0.0,,0.0,bidTooLow
2019-06-14,298.0,1926.0,0.0,100,289.26,270.0,0,0.0,0.0,,0.0,0,0.0,0.0,,0.0,bidTooLow
2019-06-17,298.0,1937.0,0.0,100,289.37,270.0,0,0.0,0.0,,0.0,0,0.0,0.0,,0.0,bidTooLow
2019-06-18,298.0,2240.0,0.0,100,292.4,270.0,0,0.0,0.0,,0.0,0,0.0,0.0,,0.0,bidTooLow
2019-06-19,298.0,2306.0,0.0,100,293.06,270.0,0,0.0,0.0,,0.0,0,0.0,0.0,,0.0,bidTooLow
2019-06-20,298.0,2586.0,0.0,100,295.86,270.0,0,0.0,0.0,,0.0,0,0.0,0.0,,0.0,bidTooLow
2019-06-21,298.0,2400.0,0.0,100,294.0,270.0,0,0.0,0.0,,0.0,0,0.0,0.0,,0.0,bidTooLow
2019-06-24,298.0,2364.0,0.0,100,293.64,270.0,0,0.0,0.0,,0.0,0,0.0,0.0,,0.0,bidTooLow
2019-06-25,298.0,2076.0,0.0,100,290.76,270.0,0,0.0,0.0,,0.0,0,0.0,0.0,,0.0,bidTooLow
2019-06-26,298.0,2047.0,0.0,100,290.47,270.0,0,0.0,0.0,,0.0,0,0.0,0.0,,0.0,bidTooLow
2019-06-27,298.0,2150.0,0.0,100,291.5,270.0,0,0.0,0.0,,0.0,0,0.0,0.0,,0.0,bidTooLow
2019-06-28,298.0,2300.0,0.0,100,293.0,270.0,0,0.0,0.0,,0.0,0,0.0,0.0,,0.0,bidTooLow
2019-07-01,298.0,2566.0,0.0,100,295.66,270.0,0,0.0,0.0,,0.0,0,0.0,0.0,,0.0,bidTooLow
2019-07-02,298.0,2643.0,0.0,100,296.43,270.0,0,0.0,0.0,,0.0,0,0.0,0.0,,0.0,bidTooLow
2019-07-03,298.0,2880.0,0.0,100,298.8,270.0,0,0.0,0.0,,0.0,0,0.0,0.0,,0.0,bidTooLow
2019-07-05,298.0,2846.0,0.0,100,298.46,270.0,0,0.0,0.0,,0.0,0,0.0,0.0,,0.0,bidTooLow
2019-07-08,298.0,2682.0,0.0,100,296.82,270.0,0,0.0,0.0,,0.0,0,0.0,0.0,,0.0,bidTooLow
2019-07-09,298.0,2719.0,0.0,100,297.19,270.0,0,0.0,0.0,,0.0,0,0.0,0.0,,0.0,bidTooLow
2019-07-10,298.0,2861.0,0.0,100,298.61,270.0,0,0.0,0.0,,0.0,0,0.0,0.0,,0.0,bidTooLow
2019-07-11,298.0,2931.0,0.0,100,299.31,270.0,0,0.0,0.0,,0.0,0,0.0,0.0,,0.0,bidTooLow
2019-07-12,298.0,3065.0,0.0,100,300.65,270.0,0,0.0,0.0,,0.0,0,0.0,0.0,,0.0,bidTooLow
2019-07-15,298.0,3075.0,0.0,100,300.75,270.0,0,0.0,0.0,,0.0,0,0.0,0.0,,0.0,bidTooLow
2019-07-16,298.0,2978.0,0.0,100,299.78,270.0,0,0.0,0.0,,0.0,0,0.0,0.0,,0.0,bidTooLow
2019-07-17,298.0,2774.0,0.0,100,297.74,270.0,0,0.0,0.0,,0.0,0,0.0,0.0,,0.0,bidTooLow
2019-07-18,298.0,2883.0,0.0,100,298.83,270.0,0,0.0,0.0,,0.0,0,0.0,0.0,,0.0,bidTooLow
2019-07-19,298.0,2717.0,0.0,100,297.17,270.0,0,0.0,0.0,,0.0,0,0.0,0.0,,0.0,bidTooLow
2019-07-22,298.0,2790.0,0.0,100,297.9,270.0,0,0.0,0.0,,0.0,0,0.0,0.0,,0.0,bidTooLow
2019-07-23,298.0,3003.0,0.0,100,300.03,270.0,0,0.0,0.0,,0.0,0,0.0,0.0,,0.0,bidTooLow
2019-07-24,298.0,3144.0,0.0,100,301.44,270.0,0,0.0,0.0,,0.0,0,0.0,0.0,,0.0,bidTooLow
2019-07-25,298.0,3000.0,0.0,100,300.0,270.0,0,0.0,0.0,,0.0,0,0.0,0.0,,0.0,bidTooLow
2019-07-26,298.0,3201.0,0.0,100,302.01,270.0,0,0.0,0.0,,0.0,0,0.0,0.0,,0.0,bidTooLow
2019-07-29,298.0,3143.0,0.0,100,301.46,270.0,0,0.0,0.0,,0.0,1,0.02,0.05,SPY190731C00306000,306.0,normalDay
2019-07-30,298.0,3072.0,0.0,100,300.72,270.0,0,0.0,0.0,,0.0,1,0.02,0.02,SPY190731C00306000,306.0,normalDay
2019-07-31,300.0,2743.0,2.0,100,297.43,270.0,0,0.0,0.0,,0.0,1,0.02,0.0,SPY190731C00306000,306.0,expirationDay
2019-08-01,300.0,2484.0,0.0,100,294.84,270.0,0,0.0,0.0,,0.0,0,0.0,0.0,,0.0,bidTooLow
2019-08-02,300.0,2262.0,0.0,100,292.62,270.0,0,0.0,0.0,,0.0,0,0.0,0.0,,0.0,bidTooLow
2019-08-05,300.0,1382.0,0.0,100,283.82,270.0,0,0.0,0.0,,0.0,0,0.0,0.0,,0.0,bidTooLow
2019-08-06,300.0,1780.0,0.0,100,287.8,270.0,0,0.0,0.0,,0.0,0,0.0,0.0,,0.0,bidTooLow
2019-08-07,300.0,1797.0,0.0,100,287.97,270.0,0,0.0,0.0,,0.0,0,0.0,0.0,,0.0,bidTooLow
2019-08-08,300.0,2362.0,0.0,100,293.62,270.0,0,0.0,0.0,,0.0,0,0.0,0.0,,0.0,bidTooLow
2019-08-09,300.0,2162.0,0.0,100,291.62,270.0,0,0.0,0.0,,0.0,0,0.0,0.0,,0.0,bidTooLow
2019-08-12,300.0,1807.0,0.0,100,288.07,270.0,0,0.0,0.0,,0.0,0,0.0,0.0,,0.0,bidTooLow
2019-08-13,300.0,2255.0,0.0,100,292.55,270.0,0,0.0,0.0,,0.0,0,0.0,0.0,,0.0,bidTooLow
2019-08-14,300.0,1390.0,0.0,100,283.9,270.0,0,0.0,0.0,,0.0,0,0.0,0.0,,0.0,bidTooLow
2019-08-15,300.0,1465.0,0.0,100,284.65,270.0,0,0.0,0.0,,0.0,0,0.0,0.0,,0.0,bidTooLow
2019-08-16,300.0,1885.0,0.0,100,288.85,270.0,0,0.0,0.0,,0.0,0,0.0,0.0,,0.0,bidTooLow
2019-08-19,300.0,2233.0,0.0,100,292.33,270.0,0,0.0,0.0,,0.0,0,0.0,0.0,,0.0,bidTooLow
2019-08-20,300.0,2009.0,0.0,100,290.09,270.0,0,0.0,0.0,,0.0,0,0.0,0.0,,0.0,bidTooLow
2019-08-21,300.0,2245.0,0.0,100,292.45,270.0,0,0.0,0.0,,0.0,0,0.0,0.0,,0.0,bidTooLow
2019-08-22,300.0,2236.0,0.0,100,292.36,270.0,0,0.0,0.0,,0.0,0,0.0,0.0,,0.0,bidTooLow
2019-08-23,300.0,1485.0,0.0,100,284.85,270.0,0,0.0,0.0,,0.0,0,0.0,0.0,,0.0,bidTooLow
2019-08-26,300.0,1800.0,0.0,100,288.0,270.0,0,0.0,0.0,,0.0,0,0.0,0.0,,0.0,bidTooLow
2019-08-27,300.0,1687.0,0.0,100,286.87,270.0,0,0.0,0.0,,0.0,0,0.0,0.0,,0.0,bidTooLow
2019-08-28,300.0,1889.0,0.0,100,288.89,270.0,0,0.0,0.0,,0.0,0,0.0,0.0,,0.0,bidTooLow
2019-08-29,300.0,2258.0,0.0,100,292.58,270.0,0,0.0,0.0,,0.0,0,0.0,0.0,,0.0,bidTooLow
2019-08-30,300.0,2245.0,0.0,100,292.45,270.0,0,0.0,0.0,,0.0,0,0.0,0.0,,0.0,bidTooLow
2019-09-03,300.0,2074.0,0.0,100,290.74,270.0,0,0.0,0.0,,0.0,0,0.0,0.0,,0.0,bidTooLow
2019-09-04,300.0,2404.0,0.0,100,294.04,270.0,0,0.0,0.0,,0.0,0,0.0,0.0,,0.0,bidTooLow
2019-09-05,300.0,2782.0,0.0,100,297.82,270.0,0,0.0,0.0,,0.0,0,0.0,0.0,,0.0,bidTooLow
2019-09-06,300.0,2805.0,0.0,100,298.05,270.0,0,0.0,0.0,,0.0,0,0.0,0.0,,0.0,bidTooLow
2019-09-09,300.0,2820.0,0.0,100,298.2,270.0,0,0.0,0.0,,0.0,0,0.0,0.0,,0.0,bidTooLow
2019-09-10,300.0,2813.0,0.0,100,298.13,270.0,0,0.0,0.0,,0.0,0,0.0,0.0,,0.0,bidTooLow
2019-09-11,300.0,3025.0,0.0,100,300.25,270.0,0,0.0,0.0,,0.0,0,0.0,0.0,,0.0,bidTooLow
2019-09-12,300.0,3129.0,0.0,100,301.29,270.0,0,0.0,0.0,,0.0,0,0.0,0.0,,0.0,bidTooLow
2019-09-13,300.0,3109.0,0.0,100,301.09,270.0,0,0.0,0.0,,0.0,0,0.0,0.0,,0.0,bidTooLow
2019-09-16,300.0,3016.0,0.0,100,300.16,270.0,0,0.0,0.0,,0.0,0,0.0,0.0,,0.0,bidTooLow
2019-09-17,300.0,3092.0,0.0,100,300.92,270.0,0,0.0,0.0,,0.0,0,0.0,0.0,,0.0,bidTooLow
2019-09-18,300.0,3110.0,0.0,100,301.1,270.0,0,0.0,0.0,,0.0,0,0.0,0.0,,0.0,bidTooLow
2019-09-19,300.0,3108.0,0.0,100,301.08,270.0,0,0.0,0.0,,0.0,0,0.0,0.0,,0.0,bidTooLow
2019-09-20,300.0,2828.0,0.0,100,298.28,270.0,0,0.0,0.0,,0.0,0,0.0,0.0,,0.0,bidTooLow
2019-09-23,300.0,2821.0,0.0,100,298.21,270.0,0,0.0,0.0,,0.0,0,0.0,0.0,,0.0,bidTooLow
2019-09-24,300.0,2587.0,0.0,100,295.87,270.0,0,0.0,0.0,,0.0,0,0.0,0.0,,0.0,bidTooLow
2019-09-25,300.0,2762.0,0.0,100,297.62,270.0,0,0.0,0.0,,0.0,0,0.0,0.0,,0.0,bidTooLow
2019-09-26,300.0,2700.0,0.0,100,297.0,270.0,0,0.0,0.0,,0.0,0,0.0,0.0,,0.0,bidTooLow
2019-09-27,300.0,2540.0,0.0,100,295.4,270.0,0,0.0,0.0,,0.0,0,0.0,0.0,,0.0,bidTooLow
2019-09-30,300.0,2677.0,0.0,100,296.77,270.0,0,0.0,0.0,,0.0,0,0.0,0.0,,0.0,bidTooLow
2019-10-01,300.0,2324.0,0.0,100,293.24,270.0,0,0.0,0.0,,0.0,0,0.0,0.0,,0.0,bidTooLow
2019-10-02,300.0,1806.0,0.0,100,288.06,270.0,0,0.0,0.0,,0.0,0,0.0,0.0,,0.0,bidTooLow
2019-10-03,300.0,2042.0,0.0,100,290.42,270.0,0,0.0,0.0,,0.0,0,0.0,0.0,,0.0,bidTooLow
2019-10-04,300.0,2435.0,0.0,100,294.35,270.0,0,0.0,0.0,,0.0,0,0.0,0.0,,0.0,bidTooLow
2019-10-07,300.0,2308.0,0.0,100,293.08,270.0,0,0.0,0.0,,0.0,0,0.0,0.0,,0.0,bidTooLow
2019-10-08,300.0,1853.0,0.0,100,288.53,270.0,0,0.0,0.0,,0.0,0,0.0,0.0,,0.0,bidTooLow
2019-10-09,300.0,2127.0,0.0,100,291.27,270.0,0,0.0,0.0,,0.0,0,0.0,0.0,,0.0,bidTooLow
2019-10-10,300.0,2324.0,0.0,100,293.24,270.0,0,0.0,0.0,,0.0,0,0.0,0.0,,0.0,bidTooLow
2019-10-11,300.0,2628.0,0.0,100,296.28,270.0,0,0.0,0.0,,0.0,0,0.0,0.0,,0.0,bidTooLow
2019-10-14,300.0,2595.0,0.0,100,295.95,270.0,0,0.0,0.0,,0.0,0,0.0,0.0,,0.0,bidTooLow
2019-10-15,300.0,2888.0,0.0,100,298.88,270.0,0,0.0,0.0,,0.0,0,0.0,0.0,,0.0,bidTooLow
2019-10-16,300.0,2840.0,0.0,100,298.4,270.0,0,0.0,0.0,,0.0,0,0.0,0.0,,0.0,bidTooLow
2019-10-17,300.0,2928.0,0.0,100,299.28,270.0,0,0.0,0.0,,0.0,0,0.0,0.0,,0.0,bidTooLow
2019-10-18,300.0,2797.0,0.0,100,297.97,270.0,0,0.0,0.0,,0.0,0,0.0,0.0,,0.0,bidTooLow
2019-10-21,300.0,2999.0,0.0,100,299.99,270.0,0,0.0,0.0,,0.0,0,0.0,0.0,,0.0,bidTooLow
2019-10-22,300.0,2901.0,0.0,100,299.01,270.0,0,0.0,0.0,,0.0,0,0.0,0.0,,0.0,bidTooLow
2019-10-23,300.0,2988.0,0.0,100,299.88,270.0,0,0.0,0.0,,0.0,0,0.0,0.0,,0.0,bidTooLow
2019-10-24,300.0,3037.0,0.0,100,300.37,270.0,0,0.0,0.0,,0.0,0,0.0,0.0,,0.0,bidTooLow
2019-10-25,300.0,3160.0,0.0,100,301.6,270.0,0,0.0,0.0,,0.0,0,0.0,0.0,,0.0,bidTooLow
2019-10-28,300.0,3330.0,0.0,100,303.3,270.0,0,0.0,0.0,,0.0,0,0.0,0.0,,0.0,bidTooLow
2019-10-29,300.0,3321.0,0.0,100,303.21,270.0,0,0.0,0.0,,0.0,0,0.0,0.0,,0.0,bidTooLow
2019-10-30,300.0,3414.0,0.0,100,304.14,270.0,0,0.0,0.0,,0.0,0,0.0,0.0,,0.0,bidTooLow
2019-10-31,300.0,3333.0,0.0,100,303.33,270.0,0,0.0,0.0,,0.0,0,0.0,0.0,,0.0,bidTooLow
2019-11-01,300.0,3614.0,0.0,100,306.14,270.0,0,0.0,0.0,,0.0,0,0.0,0.0,,0.0,bidTooLow
2019-11-04,300.0,3737.0,0.0,100,307.37,270.0,0,0.0,0.0,,0.0,0,0.0,0.0,,0.0,bidTooLow
2019-11-05,300.0,3703.0,0.0,100,307.03,270.0,0,0.0,0.0,,0.0,0,0.0,0.0,,0.0,bidTooLow
2019-11-06,300.0,3710.0,0.0,100,307.1,270.0,0,0.0,0.0,,0.0,0,0.0,0.0,,0.0,bidTooLow
2019-11-07,300.0,3818.0,0.0,100,308.18,270.0,0,0.0,0.0,,0.0,0,0.0,0.0,,0.0,bidTooLow
2019-11-08,300.0,3894.0,0.0,100,308.94,270.0,0,0.0,0.0,,0.0,0,0.0,0.0,,0.0,bidTooLow
2019-11-11,300.0,3835.0,0.0,100,308.35,270.0,0,0.0,0.0,,0.0,0,0.0,0.0,,0.0,bidTooLow
2019-11-12,300.0,3900.0,0.0,100,309.0,270.0,0,0.0,0.0,,0.0,0,0.0,0.0,,0.0,bidTooLow
2019-11-13,300.0,3910.0,0.0,100,309.1,270.0,0,0.0,0.0,,0.0,0,0.0,0.0,,0.0,bidTooLow
2019-11-14,300.0,3955.0,0.0,100,309.55,270.0,0,0.0,0.0,,0.0,0,0.0,0.0,,0.0,bidTooLow
2019-11-15,300.0,4179.0,0.0,100,311.79,270.0,0,0.0,0.0,,0.0,0,0.0,0.0,,0.0,bidTooLow
2019-11-18,300.0,4202.0,0.0,100,312.02,270.0,0,0.0,0.0,,0.0,0,0.0,0.0,,0.0,bidTooLow
2019-11-19,300.0,4193.0,0.0,100,311.93,270.0,0,0.0,0.0,,0.0,0,0.0,0.0,,0.0,bidTooLow
2019-11-20,300.0,4077.0,0.0,100,310.77,270.0,0,0.0,0.0,,0.0,0,0.0,0.0,,0.0,bidTooLow
2019-11-21,300.0,4027.0,0.0,100,310.27,270.0,0,0.0,0.0,,0.0,0,0.0,0.0,,0.0,bidTooLow
2019-11-22,300.0,4096.0,0.0,100,310.96,270.0,0,0.0,0.0,,0.0,0,0.0,0.0,,0.0,bidTooLow
2019-11-25,300.0,4337.0,0.0,100,313.37,270.0,0,0.0,0.0,,0.0,0,0.0,0.0,,0.0,bidTooLow
2019-11-26,300.0,4408.0,0.0,100,314.08,270.0,0,0.0,0.0,,0.0,0,0.0,0.0,,0.0,bidTooLow
2019-11-27,300.0,4548.0,0.0,100,315.48,270.0,0,0.0,0.0,,0.0,0,0.0,0.0,,0.0,bidTooLow
2019-11-29,300.0,4431.0,0.0,100,314.31,270.0,0,0.0,0.0,,0.0,0,0.0,0.0,,0.0,bidTooLow
2019-12-02,300.0,4164.0,0.0,100,311.64,270.0,0,0.0,0.0,,0.0,0,0.0,0.0,,0.0,bidTooLow
2019-12-03,300.0,3955.0,0.0,100,309.55,270.0,0,0.0,0.0,,0.0,0,0.0,0.0,,0.0,bidTooLow
2019-12-04,300.0,4146.0,0.0,100,311.46,270.0,0,0.0,0.0,,0.0,0,0.0,0.0,,0.0,bidTooLow
2019-12-05,300.0,4202.0,0.0,100,312.02,270.0,0,0.0,0.0,,0.0,0,0.0,0.0,,0.0,bidTooLow
2019-12-06,300.0,4487.0,0.0,100,314.87,270.0,0,0.0,0.0,,0.0,0,0.0,0.0,,0.0,bidTooLow
2019-12-09,300.0,4388.0,0.0,100,313.88,270.0,0,0.0,0.0,,0.0,0,0.0,0.0,,0.0,bidTooLow
2019-12-10,300.0,4350.0,0.0,100,313.53,270.0,0,0.0,0.0,,0.0,1,0.01,0.04,SPY191213C00319500,319.5,normalDay
2019-12-11,300.0,4440.0,0.0,100,314.42,270.0,0,0.0,0.0,,0.0,1,0.01,0.03,SPY191213C00319500,319.5,normalDay
2019-12-12,300.0,4698.0,0.0,100,317.13,270.0,0,0.0,0.0,,0.0,1,0.01,0.16,SPY191213C00319500,319.5,normalDay
2019-12-13,301.0,4732.0,1.0,100,317.32,270.0,0,0.0,0.0,,0.0,1,0.01,0.0,SPY191213C00319500,319.5,expirationDay
2019-12-16,301.0,4947.0,0.0,100,319.5,270.0,0,0.0,0.0,,0.0,1,0.08,0.11,SPY191218C00323000,323.0,normalDay
2019-12-17,301.0,4962.0,0.0,100,319.57,270.0,0,0.0,0.0,,0.0,1,0.08,0.03,SPY191218C00323000,323.0,normalDay
2019-12-18,309.0,4959.0,8.0,100,319.59,270.0,0,0.0,0.0,,0.0,1,0.08,0.0,SPY191218C00323000,323.0,expirationDay
2019-12-19,309.0,5090.0,0.0,100,320.9,270.0,0,0.0,0.0,,0.0,0,0.0,0.0,,0.0,bidTooLow
2019-12-20,309.0,5073.0,0.0,100,320.73,270.0,0,0.0,0.0,,0.0,0,0.0,0.0,,0.0,bidTooLow
2019-12-23,309.0,5122.0,0.0,100,321.22,270.0,0,0.0,0.0,,0.0,0,0.0,0.0,,0.0,bidTooLow
2019-12-24,309.0,5123.0,0.0,100,321.23,270.0,0,0.0,0.0,,0.0,0,0.0,0.0,,0.0,bidTooLow
2019-12-26,309.0,5294.0,0.0,100,322.94,270.0,0,0.0,0.0,,0.0,0,0.0,0.0,,0.0,bidTooLow
2019-12-27,309.0,5286.0,0.0,100,322.86,270.0,0,0.0,0.0,,0.0,0,0.0,0.0,,0.0,bidTooLow
2019-12-30,309.0,5108.0,0.0,100,321.08,270.0,0,0.0,0.0,,0.0,0,0.0,0.0,,0.0,bidTooLow
2019-12-31,309.0,5186.0,0.0,100,321.86,270.0,0,0.0,0.0,,0.0,0,0.0,0.0,,0.0,bidTooLow
2020-01-02,309.0,5487.0,0.0,100,324.87,270.0,0,0.0,0.0,,0.0,0,0.0,0.0,,0.0,bidTooLow
2020-01-03,309.0,5241.0,0.0,100,322.41,270.0,0,0.0,0.0,,0.0,0,0.0,0.0,,0.0,bidTooLow
2020-01-06,309.0,5364.0,0.0,100,323.64,270.0,0,0.0,0.0,,0.0,0,0.0,0.0,,0.0,bidTooLow
2020-01-07,309.0,5273.0,0.0,100,322.73,270.0,0,0.0,0.0,,0.0,0,0.0,0.0,,0.0,bidTooLow
2020-01-08,309.0,5445.0,0.0,100,324.45,270.0,0,0.0,0.0,,0.0,0,0.0,0.0,,0.0,bidTooLow
2020-01-09,309.0,5665.0,0.0,100,326.65,270.0,0,0.0,0.0,,0.0,0,0.0,0.0,,0.0,bidTooLow
2020-01-10,309.0,5571.0,0.0,100,325.71,270.0,0,0.0,0.0,,0.0,0,0.0,0.0,,0.0,bidTooLow
2020-01-13,309.0,5795.0,0.0,100,327.95,270.0,0,0.0,0.0,,0.0,0,0.0,0.0,,0.0,bidTooLow
2020-01-14,309.0,5742.0,0.0,100,327.45,270.0,0,0.0,0.0,,0.0,1,0.01,0.04,SPY200117C00333000,333.0,normalDay
2020-01-15,309.0,5818.0,0.0,100,328.19,270.0,0,0.0,0.0,,0.0,1,0.01,0.02,SPY200117C00333000,333.0,normalDay
2020-01-16,309.0,6086.0,0.0,100,330.92,270.0,0,0.0,0.0,,0.0,1,0.01,0.07,SPY200117C00333000,333.0,normalDay
2020-01-17,310.0,6195.0,1.0,100,331.95,270.0,0,0.0,0.0,,0.0,1,0.01,0.0,SPY200117C00333000,333.0,expirationDay
2020-01-21,310.0,6130.0,0.0,100,331.3,270.0,0,0.0,0.0,,0.0,0,0.0,0.0,,0.0,bidTooLow
2020-01-22,310.0,6134.0,0.0,100,331.34,270.0,0,0.0,0.0,,0.0,0,0.0,0.0,,0.0,bidTooLow
2020-01-23,310.0,6172.0,0.0,100,331.72,270.0,0,0.0,0.0,,0.0,0,0.0,0.0,,0.0,bidTooLow
2020-01-24,310.0,5877.0,0.0,100,328.77,270.0,0,0.0,0.0,,0.0,0,0.0,0.0,,0.0,bidTooLow
2020-01-27,310.0,5350.0,0.0,100,323.5,270.0,0,0.0,0.0,,0.0,0,0.0,0.0,,0.0,bidTooLow
2020-01-28,310.0,5689.0,0.0,100,326.89,270.0,0,0.0,0.0,,0.0,0,0.0,0.0,,0.0,bidTooLow
2020-01-29,310.0,5662.0,0.0,100,326.62,270.0,0,0.0,0.0,,0.0,0,0.0,0.0,,0.0,bidTooLow
2020-01-30,310.0,5768.0,0.0,100,327.68,270.0,0,0.0,0.0,,0.0,0,0.0,0.0,,0.0,bidTooLow
2020-01-31,310.0,5173.0,0.0,100,321.73,270.0,0,0.0,0.0,,0.0,0,0.0,0.0,,0.0,bidTooLow
2020-02-03,310.0,5412.0,0.0,100,324.12,270.0,0,0.0,0.0,,0.0,0,0.0,0.0,,0.0,bidTooLow
2020-02-04,310.0,5906.0,0.0,100,329.06,270.0,0,0.0,0.0,,0.0,0,0.0,0.0,,0.0,bidTooLow
2020-02-05,310.0,6286.0,0.0,100,332.86,270.0,0,0.0,0.0,,0.0,0,0.0,0.0,,0.0,bidTooLow
2020-02-06,310.0,6398.0,0.0,100,333.98,270.0,0,0.0,0.0,,0.0,0,0.0,0.0,,0.0,bidTooLow
2020-02-07,310.0,6220.0,0.0,100,332.2,270.0,0,0.0,0.0,,0.0,0,0.0,0.0,,0.0,bidTooLow
2020-02-10,310.0,6468.0,0.0,100,334.68,270.0,0,0.0,0.0,,0.0,0,0.0,0.0,,0.0,bidTooLow
2020-02-11,310.0,6526.0,0.0,100,335.26,270.0,0,0.0,0.0,,0.0,0,0.0,0.0,,0.0,bidTooLow
2020-02-12,310.0,6742.0,0.0,100,337.42,270.0,0,0.0,0.0,,0.0,0,0.0,0.0,,0.0,bidTooLow
2020-02-13,310.0,6706.0,0.0,100,337.06,270.0,0,0.0,0.0,,0.0,0,0.0,0.0,,0.0,bidTooLow
2020-02-14,310.0,6760.0,0.0,100,337.6,270.0,0,0.0,0.0,,0.0,0,0.0,0.0,,0.0,bidTooLow
2020-02-18,310.0,6673.0,0.0,100,336.73,270.0,0,0.0,0.0,,0.0,0,0.0,0.0,,0.0,bidTooLow
2020-02-19,310.0,6834.0,0.0,100,338.34,270.0,0,0.0,0.0,,0.0,0,0.0,0.0,,0.0,bidTooLow
2020-02-20,310.0,6695.0,0.0,100,336.95,270.0,0,0.0,0.0,,0.0,0,0.0,0.0,,0.0,bidTooLow
2020-02-21,310.0,6348.0,0.0,100,333.48,270.0,0,0.0,0.0,,0.0,0,0.0,0.0,,0.0,bidTooLow
2020-02-24,310.0,5242.0,0.0,100,322.42,270.0,0,0.0,0.0,,0.0,0,0.0,0.0,,0.0,bidTooLow
2020-02-25,310.0,4265.0,0.0,100,312.65,270.0,0,0.0,0.0,,0.0,0,0.0,0.0,,0.0,bidTooLow
2020-02-26,310.0,4150.0,0.0,100,311.5,270.0,0,0.0,0.0,,0.0,0,0.0,0.0,,0.0,bidTooLow
2020-02-27,310.0,2751.0,0.0,100,297.51,270.0,0,0.0,0.0,,0.0,0,0.0,0.0,,0.0,bidTooLow
2020-02-28,310.0,2626.0,0.0,100,296.26,270.0,0,0.0,0.0,,0.0,0,0.0,0.0,,0.0,bidTooLow
2020-03-02,310.0,3909.0,0.0,100,309.09,270.0,0,0.0,0.0,,0.0,0,0.0,0.0,,0.0,bidTooLow
2020-03-03,310.0,3024.0,0.0,100,300.24,270.0,0,0.0,0.0,,0.0,0,0.0,0.0,,0.0,bidTooLow
2020-03-04,310.0,4286.0,0.0,100,312.86,270.0,0,0.0,0.0,,0.0,0,0.0,0.0,,0.0,bidTooLow
2020-03-05,310.0,3246.0,0.0,100,302.46,270.0,0,0.0,0.0,,0.0,0,0.0,0.0,,0.0,bidTooLow
2020-03-06,310.0,2746.0,0.0,100,297.46,270.0,0,0.0,0.0,,0.0,0,0.0,0.0,,0.0,bidTooLow
2020-03-09,310.0,423.0,0.0,100,274.23,270.0,0,0.0,0.0,,0.0,0,0.0,0.0,,0.0,bidTooLow
2020-03-10,310.0,1842.0,0.0,100,288.42,270.0,0,0.0,0.0,,0.0,0,0.0,0.0,,0.0,bidTooLow
2020-03-11,310.0,436.0,0.0,100,274.36,270.0,0,0.0,0.0,,0.0,0,0.0,0.0,,0.0,bidTooLow
2020-03-12,310.0,-2189.0,0.0,100,248.11,270.0,0,0.0,0.0,,0.0,0,0.0,0.0,,0.0,bidTooLow
2020-03-13,310.0,-68.0,0.0,100,269.32,270.0,0,0.0,0.0,,0.0,0,0.0,0.0,,0.0,bidTooLow
2020-03-16,310.0,-3015.0,0.0,100,239.85,270.0,0,0.0,0.0,,0.0,0,0.0,0.0,,0.0,bidTooLow
2020-03-17,310.0,-1720.0,0.0,100,252.8,270.0,0,0.0,0.0,,0.0,0,0.0,0.0,,0.0,bidTooLow
2020-03-18,310.0,-3000.0,0.0,100,240.0,270.0,0,0.0,0.0,,0.0,0,0.0,0.0,,0.0,bidTooLow
2020-03-19,310.0,-2949.0,0.0,100,240.51,270.0,0,0.0,0.0,,0.0,0,0.0,0.0,,0.0,bidTooLow
2020-03-20,310.0,-4120.0,0.0,100,228.8,270.0,0,0.0,0.0,,0.0,0,0.0,0.0,,0.0,bidTooLow
2020-03-23,310.0,-4705.0,0.0,100,222.95,270.0,0,0.0,0.0,,0.0,0,0.0,0.0,,0.0,bidTooLow
2020-03-24,310.0,-2685.0,0.0,100,243.15,270.0,0,0.0,0.0,,0.0,0,0.0,0.0,,0.0,bidTooLow
2020-03-25,310.0,-2321.0,0.0,100,246.79,270.0,0,0.0,0.0,,0.0,0,0.0,0.0,,0.0,bidTooLow
2020-03-26,310.0,-880.0,0.0,100,261.2,270.0,0,0.0,0.0,,0.0,0,0.0,0.0,,0.0,bidTooLow
2020-03-27,310.0,-1658.0,0.0,100,253.42,270.0,0,0.0,0.0,,0.0,0,0.0,0.0,,0.0,bidTooLow
2020-03-30,310.0,-835.0,0.0,100,261.65,270.0,0,0.0,0.0,,0.0,0,0.0,0.0,,0.0,bidTooLow
2020-03-31,310.0,-1225.0,0.0,100,257.75,270.0,0,0.0,0.0,,0.0,0,0.0,0.0,,0.0,bidTooLow
2020-04-01,310.0,-2385.0,0.0,100,246.15,270.0,0,0.0,0.0,,0.0,0,0.0,0.0,,0.0,bidTooLow
2020-04-02,310.0,-1817.0,0.0,100,251.83,270.0,0,0.0,0.0,,0.0,0,0.0,0.0,,0.0,bidTooLow
2020-04-03,310.0,-2181.0,0.0,100,248.19,270.0,0,0.0,0.0,,0.0,0,0.0,0.0,,0.0,bidTooLow
2020-04-06,310.0,-514.0,0.0,100,264.86,270.0,0,0.0,0.0,,0.0,0,0.0,0.0,,0.0,bidTooLow
2020-04-07,310.0,-487.0,0.0,100,265.13,270.0,0,0.0,0.0,,0.0,0,0.0,0.0,,0.0,bidTooLow
2020-04-08,310.0,403.0,0.0,100,274.03,270.0,0,0.0,0.0,,0.0,0,0.0,0.0,,0.0,bidTooLow
2020-04-09,310.0,820.0,0.0,100,278.2,270.0,0,0.0,0.0,,0.0,0,0.0,0.0,,0.0,bidTooLow
2020-04-13,310.0,566.0,0.0,100,275.66,270.0,0,0.0,0.0,,0.0,0,0.0,0.0,,0.0,bidTooLow
2020-04-14,310.0,1379.0,0.0,100,283.79,270.0,0,0.0,0.0,,0.0,0,0.0,0.0,,0.0,bidTooLow
2020-04-15,310.0,776.0,0.0,100,277.76,270.0,0,0.0,0.0,,0.0,0,0.0,0.0,,0.0,bidTooLow
2020-04-16,310.0,910.0,0.0,100,279.1,270.0,0,0.0,0.0,,0.0,0,0.0,0.0,,0.0,bidTooLow
2020-04-17,310.0,1664.0,0.0,100,286.64,270.0,0,0.0,0.0,,0.0,0,0.0,0.0,,0.0,bidTooLow
2020-04-20,310.0,1159.0,0.0,100,281.59,270.0,0,0.0,0.0,,0.0,0,0.0,0.0,,0.0,bidTooLow
2020-04-21,310.0,304.0,0.0,100,273.04,270.0,0,0.0,0.0,,0.0,0,0.0,0.0,,0.0,bidTooLow
2020-04-22,310.0,910.0,0.0,100,279.1,270.0,0,0.0,0.0,,0.0,0,0.0,0.0,,0.0,bidTooLow
2020-04-23,310.0,908.0,0.0,100,279.08,270.0,0,0.0,0.0,,0.0,0,0.0,0.0,,0.0,bidTooLow
2020-04-24,310.0,1297.0,0.0,100,282.97,270.0,0,0.0,0.0,,0.0,0,0.0,0.0,,0.0,bidTooLow
2020-04-27,310.0,1705.0,0.0,100,287.05,270.0,0,0.0,0.0,,0.0,0,0.0,0.0,,0.0,bidTooLow
2020-04-28,310.0,1573.0,0.0,100,285.73,270.0,0,0.0,0.0,,0.0,0,0.0,0.0,,0.0,bidTooLow
2020-04-29,310.0,2321.0,0.0,100,293.21,270.0,0,0.0,0.0,,0.0,0,0.0,0.0,,0.0,bidTooLow
2020-04-30,310.0,2048.0,0.0,100,290.48,270.0,0,0.0,0.0,,0.0,0,0.0,0.0,,0.0,bidTooLow
2020-05-01,310.0,1279.0,0.0,100,282.79,270.0,0,0.0,0.0,,0.0,0,0.0,0.0,,0.0,bidTooLow
2020-05-04,310.0,1357.0,0.0,100,283.57,270.0,0,0.0,0.0,,0.0,0,0.0,0.0,,0.0,bidTooLow
2020-05-05,310.0,1619.0,0.0,100,286.19,270.0,0,0.0,0.0,,0.0,0,0.0,0.0,,0.0,bidTooLow
2020-05-06,310.0,1425.0,0.0,100,284.25,270.0,0,0.0,0.0,,0.0,0,0.0,0.0,,0.0,bidTooLow
2020-05-07,310.0,1768.0,0.0,100,287.68,270.0,0,0.0,0.0,,0.0,0,0.0,0.0,,0.0,bidTooLow
2020-05-08,310.0,2244.0,0.0,100,292.44,270.0,0,0.0,0.0,,0.0,0,0.0,0.0,,0.0,bidTooLow
2020-05-11,310.0,2250.0,0.0,100,292.5,270.0,0,0.0,0.0,,0.0,0,0.0,0.0,,0.0,bidTooLow
2020-05-12,310.0,1664.0,0.0,100,286.67,270.0,0,0.0,0.0,,0.0,1,0.01,0.04,SPY200515C00306000,306.0,normalDay
2020-05-13,310.0,1160.0,0.0,100,281.6,270.0,0,0.0,0.0,,0.0,1,0.01,0.01,SPY200515C00306000,306.0,normalDay
2020-05-14,310.0,1497.0,0.0,100,284.97,270.0,0,0.0,0.0,,0.0,1,0.01,0.01,SPY200515C00306000,306.0,normalDay
2020-05-15,311.0,1628.0,1.0,100,286.28,270.0,0,0.0,0.0,,0.0,1,0.01,0.0,SPY200515C00306000,306.0,expirationDay
2020-05-18,311.0,2497.0,0.0,100,295.0,270.0,0,0.0,0.0,,0.0,1,0.03,0.06,SPY200520C00307000,307.0,normalDay
2020-05-19,311.0,2198.0,0.0,100,291.97,270.0,0,0.0,0.0,,0.0,1,0.03,0.02,SPY200520C00307000,307.0,normalDay
2020-05-20,314.0,2693.0,3.0,100,296.93,270.0,0,0.0,0.0,,0.0,1,0.03,0.0,SPY200520C00307000,307.0,expirationDay
2020-05-21,314.0,2488.0,0.0,100,294.88,270.0,0,0.0,0.0,,0.0,0,0.0,0.0,,0.0,bidTooLow
2020-05-22,314.0,2544.0,0.0,100,295.44,270.0,0,0.0,0.0,,0.0,0,0.0,0.0,,0.0,bidTooLow
2020-05-26,314.0,2905.0,0.0,100,299.08,270.0,0,0.0,0.0,,0.0,1,0.06,0.09,SPY200529C00310000,310.0,normalDay
2020-05-27,314.0,3335.0,0.0,100,303.53,270.0,0,0.0,0.0,,0.0,1,0.06,0.24,SPY200529C00310000,310.0,normalDay
2020-05-28,314.0,3294.0,0.0,100,302.97,270.0,0,0.0,0.0,,0.0,1,0.06,0.09,SPY200529C00310000,310.0,normalDay
2020-05-29,320.0,3432.0,6.0,100,304.32,270.0,0,0.0,0.0,,0.0,1,0.06,0.0,SPY200529C00310000,310.0,expirationDay
2020-06-01,320.0,3555.0,0.0,100,305.55,270.0,0,0.0,0.0,,0.0,0,0.0,0.0,,0.0,bidTooLow
2020-06-02,320.0,3808.0,0.0,100,308.08,270.0,0,0.0,0.0,,0.0,0,0.0,0.0,,0.0,bidTooLow
2020-06-03,320.0,4218.0,0.0,100,312.18,270.0,0,0.0,0.0,,0.0,0,0.0,0.0,,0.0,bidTooLow
2020-06-04,320.0,4136.0,0.0,100,311.36,270.0,0,0.0,0.0,,0.0,0,0.0,0.0,,0.0,bidTooLow
2020-06-05,320.0,4934.0,0.0,100,319.34,270.0,0,0.0,0.0,,0.0,0,0.0,0.0,,0.0,bidTooLow
2020-06-08,320.0,5320.0,0.0,100,323.2,270.0,0,0.0,0.0,,0.0,0,0.0,0.0,,0.0,bidTooLow
2020-06-09,320.0,5079.0,0.0,100,320.79,270.0,0,0.0,0.0,,0.0,0,0.0,0.0,,0.0,bidTooLow
2020-06-10,320.0,4900.0,0.0,100,319.0,270.0,0,0.0,0.0,,0.0,0,0.0,0.0,,0.0,bidTooLow
2020-06-11,320.0,3061.0,0.0,100,300.61,270.0,0,0.0,0.0,,0.0,0,0.0,0.0,,0.0,bidTooLow
2020-06-12,320.0,3421.0,0.0,100,304.21,270.0,0,0.0,0.0,,0.0,0,0.0,0.0,,0.0,bidTooLow
2020-06-15,320.0,3705.0,0.0,100,307.05,270.0,0,0.0,0.0,,0.0,0,0.0,0.0,,0.0,bidTooLow
2020-06-16,320.0,4296.0,0.0,100,312.96,270.0,0,0.0,0.0,,0.0,0,0.0,0.0,,0.0,bidTooLow
2020-06-17,320.0,4166.0,0.0,100,311.66,270.0,0,0.0,0.0,,0.0,0,0.0,0.0,,0.0,bidTooLow
2020-06-18,320.0,4178.0,0.0,100,311.78,270.0,0,0.0,0.0,,0.0,0,0.0,0.0,,0.0,bidTooLow
2020-06-19,320.0,3864.0,0.0,100,308.64,270.0,0,0.0,0.0,,0.0,0,0.0,0.0,,0.0,bidTooLow
2020-06-22,320.0,4062.0,0.0,100,310.62,270.0,0,0.0,0.0,,0.0,0,0.0,0.0,,0.0,bidTooLow
2020-06-23,320.0,4205.0,0.0,100,312.05,270.0,0,0.0,0.0,,0.0,0,0.0,0.0,,0.0,bidTooLow
2020-06-24,320.0,3409.0,0.0,100,304.09,270.0,0,0.0,0.0,,0.0,0,0.0,0.0,,0.0,bidTooLow
2020-06-25,320.0,3735.0,0.0,100,307.35,270.0,0,0.0,0.0,,0.0,0,0.0,0.0,,0.0,bidTooLow
2020-06-26,320.0,3005.0,0.0,100,300.05,270.0,0,0.0,0.0,,0.0,0,0.0,0.0,,0.0,bidTooLow
2020-06-29,320.0,3446.0,0.0,100,304.46,270.0,0,0.0,0.0,,0.0,0,0.0,0.0,,0.0,bidTooLow
2020-06-30,320.0,3836.0,0.0,100,308.36,270.0,0,0.0,0.0,,0.0,0,0.0,0.0,,0.0,bidTooLow
2020-07-01,320.0,4052.0,0.0,100,310.52,270.0,0,0.0,0.0,,0.0,0,0.0,0.0,,0.0,bidTooLow
2020-07-02,320.0,4223.0,0.0,100,312.23,270.0,0,0.0,0.0,,0.0,0,0.0,0.0,,0.0,bidTooLow
2020-07-06,320.0,4705.0,0.0,100,317.05,270.0,0,0.0,0.0,,0.0,0,0.0,0.0,,0.0,bidTooLow
2020-07-07,320.0,4378.0,0.0,100,313.78,270.0,0,0.0,0.0,,0.0,0,0.0,0.0,,0.0,bidTooLow
2020-07-08,320.0,4618.0,0.0,100,316.18,270.0,0,0.0,0.0,,0.0,0,0.0,0.0,,0.0,bidTooLow
2020-07-09,320.0,4438.0,0.0,100,314.38,270.0,0,0.0,0.0,,0.0,0,0.0,0.0,,0.0,bidTooLow
2020-07-10,320.0,4759.0,0.0,100,317.59,270.0,0,0.0,0.0,,0.0,0,0.0,0.0,,0.0,bidTooLow
2020-07-13,320.0,4481.0,0.0,100,314.84,270.0,0,0.0,0.0,,0.0,1,0.02,0.05,SPY200715C00329000,329.0,normalDay
2020-07-14,320.0,4892.0,0.0,100,318.92,270.0,0,0.0,0.0,,0.0,1,0.02,0.02,SPY200715C00329000,329.0,normalDay
2020-07-15,322.0,5185.0,2.0,100,321.85,270.0,0,0.0,0.0,,0.0,1,0.02,0.0,SPY200715C00329000,329.0,expirationDay
2020-07-16,322.0,5079.0,0.0,100,320.79,270.0,0,0.0,0.0,,0.0,0,0.0,0.0,,0.0,bidTooLow
2020-07-17,322.0,5172.0,0.0,100,321.72,270.0,0,0.0,0.0,,0.0,0,0.0,0.0,,0.0,bidTooLow
2020-07-20,322.0,5432.0,0.0,100,324.32,270.0,0,0.0,0.0,,0.0,0,0.0,0.0,,0.0,bidTooLow
2020-07-21,322.0,5501.0,0.0,100,325.01,270.0,0,0.0,0.0,,0.0,0,0.0,0.0,,0.0,bidTooLow
2020-07-22,322.0,5686.0,0.0,100,326.86,270.0,0,0.0,0.0,,0.0,0,0.0,0.0,,0.0,bidTooLow
2020-07-23,322.0,5296.0,0.0,100,322.96,270.0,0,0.0,0.0,,0.0,0,0.0,0.0,,0.0,bidTooLow
2020-07-24,322.0,5088.0,0.0,100,320.88,270.0,0,0.0,0.0,,0.0,0,0.0,0.0,,0.0,bidTooLow
2020-07-27,322.0,5322.0,0.0,100,323.22,270.0,0,0.0,0.0,,0.0,0,0.0,0.0,,0.0,bidTooLow
2020-07-28,322.0,5117.0,0.0,100,321.17,270.0,0,0.0,0.0,,0.0,0,0.0,0.0,,0.0,bidTooLow
2020-07-29,322.0,5512.0,0.0,100,325.12,270.0,0,0.0,0.0,,0.0,0,0.0,0.0,,0.0,bidTooLow
2020-07-30,322.0,5396.0,0.0,100,323.96,270.0,0,0.0,0.0,,0.0,0,0.0,0.0,,0.0,bidTooLow
2020-07-31,322.0,5652.0,0.0,100,326.52,270.0,0,0.0,0.0,,0.0,0,0.0,0.0,,0.0,bidTooLow
2020-08-03,322.0,5879.0,0.0,100,328.79,270.0,0,0.0,0.0,,0.0,0,0.0,0.0,,0.0,bidTooLow
2020-08-04,322.0,6003.0,0.0,100,330.06,270.0,0,0.0,0.0,,0.0,1,0.03,0.06,SPY200807C00339000,339.0,normalDay
2020-08-05,322.0,6209.0,0.0,100,332.11,270.0,0,0.0,0.0,,0.0,1,0.03,0.05,SPY200807C00339000,339.0,normalDay
2020-08-06,322.0,6425.0,0.0,100,334.33,270.0,0,0.0,0.0,,0.0,1,0.03,0.11,SPY200807C00339000,339.0,normalDay
2020-08-07,325.0,6457.0,3.0,100,334.57,270.0,0,0.0,0.0,,0.0,1,0.03,0.0,SPY200807C00339000,339.0,expirationDay
2020-08-10,325.0,6557.0,0.0,100,335.57,270.0,0,0.0,0.0,,0.0,0,0.0,0.0,,0.0,bidTooLow
2020-08-11,325.0,6277.0,0.0,100,332.8,270.0,0,0.0,0.0,,0.0,1,0.01,0.04,SPY200814C00346000,346.0,normalDay
2020-08-12,325.0,6742.0,0.0,100,337.44,270.0,0,0.0,0.0,,0.0,1,0.01,0.03,SPY200814C00346000,346.0,normalDay
2020-08-13,325.0,6683.0,0.0,100,336.83,270.0,0,0.0,0.0,,0.0,1,0.01,0.01,SPY200814C00346000,346.0,normalDay
2020-08-14,326.0,6684.0,1.0,100,336.84,270.0,0,0.0,0.0,,0.0,1,0.01,0.0,SPY200814C00346000,346.0,expirationDay
2020-08-17,326.0,6791.0,0.0,100,337.91,270.0,0,0.0,0.0,,0.0,0,0.0,0.0,,0.0,bidTooLow
2020-08-18,326.0,6864.0,0.0,100,338.64,270.0,0,0.0,0.0,,0.0,0,0.0,0.0,,0.0,bidTooLow
2020-08-19,326.0,6723.0,0.0,100,337.23,270.0,0,0.0,0.0,,0.0,0,0.0,0.0,,0.0,bidTooLow
2020-08-20,326.0,6828.0,0.0,100,338.28,270.0,0,0.0,0.0,,0.0,0,0.0,0.0,,0.0,bidTooLow
2020-08-21,326.0,6948.0,0.0,100,339.48,270.0,0,0.0,0.0,,0.0,0,0.0,0.0,,0.0,bidTooLow
2020-08-24,326.0,7292.0,0.0,100,342.92,270.0,0,0.0,0.0,,0.0,0,0.0,0.0,,0.0,bidTooLow
2020-08-25,326.0,7412.0,0.0,100,344.12,270.0,0,0.0,0.0,,0.0,0,0.0,0.0,,0.0,bidTooLow
2020-08-26,326.0,7754.0,0.0,100,347.57,270.0,0,0.0,0.0,,0.0,1,0.04,0.07,SPY200828C00358000,358.0,normalDay
2020-08-27,326.0,7836.0,0.0,100,348.33,270.0,0,0.0,0.0,,0.0,1,0.04,0.01,SPY200828C00358000,358.0,normalDay
2020-08-28,330.0,8058.0,4.0,100,350.58,270.0,0,0.0,0.0,,0.0,1,0.04,0.0,SPY200828C00358000,358.0,expirationDay
2020-08-31,330.0,7931.0,0.0,100,349.31,270.0,0,0.0,0.0,,0.0,0,0.0,0.0,,0.0,bidTooLow
2020-09-01,330.0,8260.0,0.0,100,352.6,270.0,0,0.0,0.0,,0.0,0,0.0,0.0,,0.0,bidTooLow
2020-09-02,330.0,8767.0,0.0,100,357.7,270.0,0,0.0,0.0,,0.0,1,0.04,0.07,SPY200904C00369000,369.0,normalDay
2020-09-03,330.0,7541.0,0.0,100,345.39,270.0,0,0.0,0.0,,0.0,1,0.04,0.02,SPY200904C00369000,369.0,normalDay
2020-09-04,334.0,7257.0,4.0,100,342.57,270.0,0,0.0,0.0,,0.0,1,0.04,0.0,SPY200904C00369000,369.0,expirationDay
2020-09-08,334.0,6321.0,0.0,100,333.21,270.0,0,0.0,0.0,,0.0,0,0.0,0.0,,0.0,bidTooLow
2020-09-09,334.0,6979.0,0.0,100,339.79,270.0,0,0.0,0.0,,0.0,0,0.0,0.0,,0.0,bidTooLow
2020-09-10,334.0,6389.0,0.0,100,333.89,270.0,0,0.0,0.0,,0.0,0,0.0,0.0,,0.0,bidTooLow
2020-09-11,334.0,6406.0,0.0,100,334.06,270.0,0,0.0,0.0,,0.0,0,0.0,0.0,,0.0,bidTooLow
2020-09-14,334.0,6846.0,0.0,100,338.46,270.0,0,0.0,0.0,,0.0,0,0.0,0.0,,0.0,bidTooLow
2020-09-15,334.0,7017.0,0.0,100,340.17,270.0,0,0.0,0.0,,0.0,0,0.0,0.0,,0.0,bidTooLow
2020-09-16,334.0,6882.0,0.0,100,338.82,270.0,0,0.0,0.0,,0.0,0,0.0,0.0,,0.0,bidTooLow
2020-09-17,334.0,6584.0,0.0,100,335.84,270.0,0,0.0,0.0,,0.0,0,0.0,0.0,,0.0,bidTooLow
2020-09-18,334.0,6065.0,0.0,100,330.65,270.0,0,0.0,0.0,,0.0,0,0.0,0.0,,0.0,bidTooLow
2020-09-21,334.0,5697.0,0.0,100,326.97,270.0,0,0.0,0.0,,0.0,0,0.0,0.0,,0.0,bidTooLow
2020-09-22,334.0,6030.0,0.0,100,330.3,270.0,0,0.0,0.0,,0.0,0,0.0,0.0,,0.0,bidTooLow
2020-09-23,334.0,5264.0,0.0,100,322.64,270.0,0,0.0,0.0,,0.0,0,0.0,0.0,,0.0,bidTooLow
2020-09-24,334.0,5350.0,0.0,100,323.5,270.0,0,0.0,0.0,,0.0,0,0.0,0.0,,0.0,bidTooLow
2020-09-25,334.0,5873.0,0.0,100,328.73,270.0,0,0.0,0.0,,0.0,0,0.0,0.0,,0.0,bidTooLow
2020-09-28,334.0,6419.0,0.0,100,334.19,270.0,0,0.0,0.0,,0.0,0,0.0,0.0,,0.0,bidTooLow
2020-09-29,334.0,6237.0,0.0,100,332.37,270.0,0,0.0,0.0,,0.0,0,0.0,0.0,,0.0,bidTooLow
2020-09-30,334.0,6489.0,0.0,100,334.89,270.0,0,0.0,0.0,,0.0,0,0.0,0.0,,0.0,bidTooLow
2020-10-01,334.0,6704.0,0.0,100,337.04,270.0,0,0.0,0.0,,0.0,0,0.0,0.0,,0.0,bidTooLow
2020-10-02,334.0,6384.0,0.0,100,333.84,270.0,0,0.0,0.0,,0.0,0,0.0,0.0,,0.0,bidTooLow
2020-10-05,334.0,6976.0,0.0,100,339.76,270.0,0,0.0,0.0,,0.0,0,0.0,0.0,,0.0,bidTooLow
2020-10-06,334.0,6493.0,0.0,100,334.93,270.0,0,0.0,0.0,,0.0,0,0.0,0.0,,0.0,bidTooLow
2020-10-07,334.0,7076.0,0.0,100,340.76,270.0,0,0.0,0.0,,0.0,0,0.0,0.0,,0.0,bidTooLow
2020-10-08,334.0,7378.0,0.0,100,343.78,270.0,0,0.0,0.0,,0.0,0,0.0,0.0,,0.0,bidTooLow
2020-10-09,334.0,7685.0,0.0,100,346.85,270.0,0,0.0,0.0,,0.0,0,0.0,0.0,,0.0,bidTooLow
2020-10-12,334.0,8243.0,0.0,100,352.43,270.0,0,0.0,0.0,,0.0,0,0.0,0.0,,0.0,bidTooLow
2020-10-13,334.0,8013.0,0.0,100,350.13,270.0,0,0.0,0.0,,0.0,0,0.0,0.0,,0.0,bidTooLow
2020-10-14,334.0,7793.0,0.0,100,347.93,270.0,0,0.0,0.0,,0.0,0,0.0,0.0,,0.0,bidTooLow
2020-10-15,334.0,7750.0,0.0,100,347.5,270.0,0,0.0,0.0,,0.0,0,0.0,0.0,,0.0,bidTooLow
2020-10-16,334.0,7729.0,0.0,100,347.29,270.0,0,0.0,0.0,,0.0,0,0.0,0.0,,0.0,bidTooLow
2020-10-19,334.0,7201.0,0.0,100,342.01,270.0,0,0.0,0.0,,0.0,0,0.0,0.0,,0.0,bidTooLow
2020-10-20,334.0,7338.0,0.0,100,343.38,270.0,0,0.0,0.0,,0.0,0,0.0,0.0,,0.0,bidTooLow
2020-10-21,334.0,7273.0,0.0,100,342.73,270.0,0,0.0,0.0,,0.0,0,0.0,0.0,,0.0,bidTooLow
2020-10-22,334.0,7461.0,0.0,100,344.61,270.0,0,0.0,0.0,,0.0,0,0.0,0.0,,0.0,bidTooLow
2020-10-23,334.0,7578.0,0.0,100,345.78,270.0,0,0.0,0.0,,0.0,0,0.0,0.0,,0.0,bidTooLow
2020-10-26,334.0,6939.0,0.0,100,339.39,270.0,0,0.0,0.0,,0.0,0,0.0,0.0,,0.0,bidTooLow
2020-10-27,334.0,6822.0,0.0,100,338.22,270.0,0,0.0,0.0,,0.0,0,0.0,0.0,,0.0,bidTooLow
2020-10-28,334.0,5666.0,0.0,100,326.66,270.0,0,0.0,0.0,,0.0,0,0.0,0.0,,0.0,bidTooLow
2020-10-29,334.0,5998.0,0.0,100,329.98,270.0,0,0.0,0.0,,0.0,0,0.0,0.0,,0.0,bidTooLow
2020-10-30,334.0,5654.0,0.0,100,326.54,270.0,0,0.0,0.0,,0.0,0,0.0,0.0,,0.0,bidTooLow
2020-11-02,334.0,6020.0,0.0,100,330.2,270.0,0,0.0,0.0,,0.0,0,0.0,0.0,,0.0,bidTooLow
2020-11-03,334.0,6600.0,0.0,100,336.03,270.0,0,0.0,0.0,,0.0,1,0.03,0.06,SPY201106C00371000,371.0,normalDay
2020-11-04,334.0,7356.0,0.0,100,343.54,270.0,0,0.0,0.0,,0.0,1,0.03,0.01,SPY201106C00371000,371.0,normalDay
2020-11-05,334.0,8026.0,0.0,100,350.24,270.0,0,0.0,0.0,,0.0,1,0.03,0.01,SPY201106C00371000,371.0,normalDay
2020-11-06,337.0,8016.0,3.0,100,350.16,270.0,0,0.0,0.0,,0.0,1,0.03,0.0,SPY201106C00371000,371.0,expirationDay
2020-11-09,337.0,8456.0,0.0,100,354.56,270.0,0,0.0,0.0,,0.0,0,0.0,0.0,,0.0,bidTooLow
2020-11-10,337.0,8404.0,0.0,100,354.04,270.0,0,0.0,0.0,,0.0,0,0.0,0.0,,0.0,bidTooLow
2020-11-11,337.0,8667.0,0.0,100,356.67,270.0,0,0.0,0.0,,0.0,0,0.0,0.0,,0.0,bidTooLow
2020-11-12,337.0,8321.0,0.0,100,353.21,270.0,0,0.0,0.0,,0.0,0,0.0,0.0,,0.0,bidTooLow
2020-11-13,337.0,8810.0,0.0,100,358.1,270.0,0,0.0,0.0,,0.0,0,0.0,0.0,,0.0,bidTooLow
2020-11-16,337.0,9257.0,0.0,100,362.57,270.0,0,0.0,0.0,,0.0,0,0.0,0.0,,0.0,bidTooLow
2020-11-17,337.0,9062.0,0.0,100,360.62,270.0,0,0.0,0.0,,0.0,0,0.0,0.0,,0.0,bidTooLow
2020-11-18,337.0,8628.0,0.0,100,356.28,270.0,0,0.0,0.0,,0.0,0,0.0,0.0,,0.0,bidTooLow
2020-11-19,337.0,8778.0,0.0,100,357.78,270.0,0,0.0,0.0,,0.0,0,0.0,0.0,,0.0,bidTooLow
2020-11-20,337.0,8533.0,0.0,100,355.33,270.0,0,0.0,0.0,,0.0,0,0.0,0.0,,0.0,bidTooLow
2020-11-23,337.0,8746.0,0.0,100,357.46,270.0,0,0.0,0.0,,0.0,0,0.0,0.0,,0.0,bidTooLow
2020-11-24,337.0,9322.0,0.0,100,363.22,270.0,0,0.0,0.0,,0.0,0,0.0,0.0,,0.0,bidTooLow
2020-11-25,337.0,9266.0,0.0,100,362.66,270.0,0,0.0,0.0,,0.0,0,0.0,0.0,,0.0,bidTooLow
2020-11-27,337.0,9367.0,0.0,100,363.67,270.0,0,0.0,0.0,,0.0,0,0.0,0.0,,0.0,bidTooLow
2020-11-30,337.0,9206.0,0.0,100,362.06,270.0,0,0.0,0.0,,0.0,0,0.0,0.0,,0.0,bidTooLow
2020-12-01,337.0,9602.0,0.0,100,366.02,270.0,0,0.0,0.0,,0.0,0,0.0,0.0,,0.0,bidTooLow
2020-12-02,337.0,9679.0,0.0,100,366.79,270.0,0,0.0,0.0,,0.0,0,0.0,0.0,,0.0,bidTooLow
2020-12-03,337.0,9669.0,0.0,100,366.69,270.0,0,0.0,0.0,,0.0,0,0.0,0.0,,0.0,bidTooLow
2020-12-04,337.0,9985.0,0.0,100,369.85,270.0,0,0.0,0.0,,0.0,0,0.0,0.0,,0.0,bidTooLow
2020-12-07,337.0,9909.0,0.0,100,369.09,270.0,0,0.0,0.0,,0.0,0,0.0,0.0,,0.0,bidTooLow
2020-12-08,337.0,10014.0,0.0,100,370.17,270.0,0,0.0,0.0,,0.0,1,0.01,0.04,SPY201211C00382000,382.0,normalDay
2020-12-09,337.0,9684.0,0.0,100,366.85,270.0,0,0.0,0.0,,0.0,1,0.01,0.02,SPY201211C00382000,382.0,normalDay
2020-12-10,337.0,9673.0,0.0,100,366.73,270.0,0,0.0,0.0,,0.0,1,0.01,0.01,SPY201211C00382000,382.0,normalDay
2020-12-11,338.0,9630.0,1.0,100,366.3,270.0,0,0.0,0.0,,0.0,1,0.01,0.0,SPY201211C00382000,382.0,expirationDay
2020-12-14,338.0,9466.0,0.0,100,364.66,270.0,0,0.0,0.0,,0.0,0,0.0,0.0,,0.0,bidTooLow
2020-12-15,338.0,9956.0,0.0,100,369.59,270.0,0,0.0,0.0,,0.0,1,0.04,0.07,SPY201218C00382000,382.0,normalDay
2020-12-16,338.0,10014.0,0.0,100,370.17,270.0,0,0.0,0.0,,0.0,1,0.04,0.07,SPY201218C00382000,382.0,normalDay
2020-12-17,338.0,10224.0,0.0,100,372.24,270.0,0,0.0,0.0,,0.0,1,0.04,0.04,SPY201218C00382000,382.0,normalDay
2020-12-18,342.0,9918.0,4.0,100,369.18,270.0,0,0.0,0.0,,0.0,1,0.04,0.0,SPY201218C00382000,382.0,expirationDay
2020-12-21,342.0,9783.0,0.0,100,367.86,270.0,0,0.0,0.0,,0.0,1,0.02,0.05,SPY201224C00380000,380.0,normalDay
2020-12-22,342.0,9725.0,0.0,100,367.24,270.0,0,0.0,0.0,,0.0,1,0.02,0.01,SPY201224C00380000,380.0,normalDay
2020-12-23,342.0,9758.0,0.0,100,367.57,270.0,0,0.0,0.0,,0.0,1,0.02,0.01,SPY201224C00380000,380.0,normalDay
2020-12-24,344.0,9900.0,2.0,100,369.0,270.0,0,0.0,0.0,,0.0,1,0.02,0.0,SPY201224C00380000,380.0,expirationDay
2020-12-28,344.0,10214.0,0.0,100,372.17,270.0,0,0.0,0.0,,0.0,1,0.21,0.24,SPY201231C00378000,378.0,normalDay
2020-12-29,344.0,10158.0,0.0,100,371.46,270.0,0,0.0,0.0,,0.0,1,0.21,0.09,SPY201231C00378000,378.0,normalDay
2020-12-30,344.0,10217.0,0.0,100,371.99,270.0,0,0.0,0.0,,0.0,1,0.21,0.03,SPY201231C00378000,378.0,normalDay
2020-12-31,365.0,10388.0,21.0,100,373.88,270.0,0,0.0,0.0,,0.0,1,0.21,0.0,SPY201231C00378000,378.0,expirationDay
2021-01-04,365.0,9876.0,0.0,100,368.79,270.0,0,0.0,0.0,,0.0,1,0.17,0.2,SPY210106C00378000,378.0,normalDay
2021-01-05,365.0,10139.0,0.0,100,371.33,270.0,0,0.0,0.0,,0.0,1,0.17,0.11,SPY210106C00378000,378.0,normalDay
2021-01-06,382.0,10355.0,17.0,100,373.55,270.0,0,0.0,0.0,,0.0,1,0.17,0.0,SPY210106C00378000,378.0,expirationDay
2021-01-07,382.0,10907.0,0.0,100,379.1,270.0,0,0.0,0.0,,0.0,1,0.09,0.12,SPY210108C00383000,383.0,normalDay
2021-01-08,391.0,11126.0,9.0,100,381.26,270.0,0,0.0,0.0,,0.0,1,0.09,0.0,SPY210108C00383000,383.0,expirationDay
2021-01-11,391.0,10866.0,0.0,100,378.69,270.0,0,0.0,0.0,,0.0,1,0.02,0.05,SPY210113C00388000,388.0,normalDay
2021-01-12,391.0,10878.0,0.0,100,378.77,270.0,0,0.0,0.0,,0.0,1,0.02,0.01,SPY210113C00388000,388.0,normalDay
2021-01-13,393.0,10979.0,2.0,100,379.79,270.0,0,0.0,0.0,,0.0,1,0.02,0.0,SPY210113C00388000,388.0,expirationDay
2021-01-14,393.0,10846.0,0.0,100,378.46,270.0,0,0.0,0.0,,0.0,0,0.0,0.0,,0.0,bidTooLow
2021-01-15,393.0,10570.0,0.0,100,375.7,270.0,0,0.0,0.0,,0.0,0,0.0,0.0,,0.0,bidTooLow
2021-01-19,393.0,10865.0,0.0,100,378.65,270.0,0,0.0,0.0,,0.0,0,0.0,0.0,,0.0,bidTooLow
2021-01-20,393.0,11386.0,0.0,100,383.89,270.0,0,0.0,0.0,,0.0,1,0.01,0.04,SPY210122C00394000,394.0,normalDay
2021-01-21,393.0,11424.0,0.0,100,384.24,270.0,0,0.0,0.0,,0.0,1,0.01,0.01,SPY210122C00394000,394.0,normalDay
2021-01-22,394.0,11288.0,1.0,100,382.88,270.0,0,0.0,0.0,,0.0,1,0.01,0.0,SPY210122C00394000,394.0,expirationDay
2021-01-25,394.0,11439.0,0.0,100,384.39,270.0,0,0.0,0.0,,0.0,0,0.0,0.0,,0.0,bidTooLow
2021-01-26,394.0,11379.0,0.0,100,383.79,270.0,0,0.0,0.0,,0.0,0,0.0,0.0,,0.0,bidTooLow
2021-01-27,394.0,10441.0,0.0,100,374.41,270.0,0,0.0,0.0,,0.0,0,0.0,0.0,,0.0,bidTooLow
2021-01-28,394.0,10763.0,0.0,100,377.63,270.0,0,0.0,0.0,,0.0,0,0.0,0.0,,0.0,bidTooLow
2021-01-29,394.0,10007.0,0.0,100,370.07,270.0,0,0.0,0.0,,0.0,0,0.0,0.0,,0.0,bidTooLow
2021-02-01,394.0,10623.0,0.0,100,376.23,270.0,0,0.0,0.0,,0.0,0,0.0,0.0,,0.0,bidTooLow
2021-02-02,394.0,11152.0,0.0,100,381.55,270.0,0,0.0,0.0,,0.0,1,0.02,0.05,SPY210205C00395000,395.0,normalDay
2021-02-03,394.0,11185.0,0.0,100,381.85,270.0,0,0.0,0.0,,0.0,1,0.02,0.02,SPY210205C00395000,395.0,normalDay
2021-02-04,394.0,11620.0,0.0,100,386.19,270.0,0,0.0,0.0,,0.0,1,0.02,0.01,SPY210205C00395000,395.0,normalDay
2021-02-05,396.0,11771.0,2.0,100,387.71,270.0,0,0.0,0.0,,0.0,1,0.02,0.0,SPY210205C00395000,395.0,expirationDay
2021-02-08,396.0,12048.0,0.0,100,390.51,270.0,0,0.0,0.0,,0.0,1,0.01,0.04,SPY210210C00400000,400.0,normalDay
2021-02-09,396.0,12025.0,0.0,100,390.25,270.0,0,0.0,0.0,,0.0,1,0.01,0.01,SPY210210C00400000,400.0,normalDay
2021-02-10,397.0,12008.0,1.0,100,390.08,270.0,0,0.0,0.0,,0.0,1,0.01,0.0,SPY210210C00400000,400.0,expirationDay
2021-02-11,397.0,12071.0,0.0,100,390.71,270.0,0,0.0,0.0,,0.0,0,0.0,0.0,,0.0,bidTooLow
2021-02-12,397.0,12264.0,0.0,100,392.64,270.0,0,0.0,0.0,,0.0,0,0.0,0.0,,0.0,bidTooLow
2021-02-16,397.0,12230.0,0.0,100,392.3,270.0,0,0.0,0.0,,0.0,0,0.0,0.0,,0.0,bidTooLow
2021-02-17,397.0,12239.0,0.0,100,392.39,270.0,0,0.0,0.0,,0.0,0,0.0,0.0,,0.0,bidTooLow
2021-02-18,397.0,12072.0,0.0,100,390.72,270.0,0,0.0,0.0,,0.0,0,0.0,0.0,,0.0,bidTooLow
2021-02-19,397.0,12003.0,0.0,100,390.03,270.0,0,0.0,0.0,,0.0,0,0.0,0.0,,0.0,bidTooLow
2021-02-22,397.0,11703.0,0.0,100,387.03,270.0,0,0.0,0.0,,0.0,0,0.0,0.0,,0.0,bidTooLow
2021-02-23,397.0,11750.0,0.0,100,387.5,270.0,0,0.0,0.0,,0.0,0,0.0,0.0,,0.0,bidTooLow
2021-02-24,397.0,12177.0,0.0,100,391.77,270.0,0,0.0,0.0,,0.0,0,0.0,0.0,,0.0,bidTooLow
2021-02-25,397.0,11233.0,0.0,100,382.33,270.0,0,0.0,0.0,,0.0,0,0.0,0.0,,0.0,bidTooLow
2021-02-26,397.0,11036.0,0.0,100,380.36,270.0,0,0.0,0.0,,0.0,0,0.0,0.0,,0.0,bidTooLow
2021-03-01,397.0,11958.0,0.0,100,389.58,270.0,0,0.0,0.0,,0.0,0,0.0,0.0,,0.0,bidTooLow
2021-03-02,397.0,11654.0,0.0,100,386.54,270.0,0,0.0,0.0,,0.0,0,0.0,0.0,,0.0,bidTooLow
2021-03-03,397.0,11142.0,0.0,100,381.42,270.0,0,0.0,0.0,,0.0,0,0.0,0.0,,0.0,bidTooLow
2021-03-04,397.0,10670.0,0.0,100,376.7,270.0,0,0.0,0.0,,0.0,0,0.0,0.0,,0.0,bidTooLow
2021-03-05,397.0,11363.0,0.0,100,383.63,270.0,0,0.0,0.0,,0.0,0,0.0,0.0,,0.0,bidTooLow
2021-03-08,397.0,11172.0,0.0,100,381.72,270.0,0,0.0,0.0,,0.0,0,0.0,0.0,,0.0,bidTooLow
2021-03-09,397.0,11717.0,0.0,100,387.17,270.0,0,0.0,0.0,,0.0,0,0.0,0.0,,0.0,bidTooLow
2021-03-10,397.0,11958.0,0.0,100,389.58,270.0,0,0.0,0.0,,0.0,0,0.0,0.0,,0.0,bidTooLow
2021-03-11,397.0,12353.0,0.0,100,393.53,270.0,0,0.0,0.0,,0.0,0,0.0,0.0,,0.0,bidTooLow
2021-03-12,397.0,12406.0,0.0,100,394.06,270.0,0,0.0,0.0,,0.0,0,0.0,0.0,,0.0,bidTooLow
2021-03-15,397.0,12641.0,0.0,100,396.41,270.0,0,0.0,0.0,,0.0,0,0.0,0.0,,0.0,bidTooLow
2021-03-16,397.0,12588.0,0.0,100,395.91,270.0,0,0.0,0.0,,0.0,1,0.01,0.04,SPY210319C00409000,409.0,normalDay
2021-03-17,397.0,12724.0,0.0,100,397.26,270.0,0,0.0,0.0,,0.0,1,0.01,0.03,SPY210319C00409000,409.0,normalDay
2021-03-18,397.0,12147.0,0.0,100,391.48,270.0,0,0.0,0.0,,0.0,1,0.01,0.02,SPY210319C00409000,409.0,normalDay
2021-03-19,398.0,11948.0,1.0,100,389.48,270.0,0,0.0,0.0,,0.0,1,0.01,0.0,SPY210319C00409000,409.0,expirationDay
2021-03-22,398.0,12259.0,0.0,100,392.59,270.0,0,0.0,0.0,,0.0,0,0.0,0.0,,0.0,bidTooLow
2021-03-23,398.0,11950.0,0.0,100,389.5,270.0,0,0.0,0.0,,0.0,0,0.0,0.0,,0.0,bidTooLow
2021-03-24,398.0,11752.0,0.0,100,387.52,270.0,0,0.0,0.0,,0.0,0,0.0,0.0,,0.0,bidTooLow
2021-03-25,398.0,11970.0,0.0,100,389.7,270.0,0,0.0,0.0,,0.0,0,0.0,0.0,,0.0,bidTooLow
2021-03-26,398.0,12598.0,0.0,100,395.98,270.0,0,0.0,0.0,,0.0,0,0.0,0.0,,0.0,bidTooLow
2021-03-29,398.0,12578.0,0.0,100,395.78,270.0,0,0.0,0.0,,0.0,0,0.0,0.0,,0.0,bidTooLow
2021-03-30,398.0,12473.0,0.0,100,394.73,270.0,0,0.0,0.0,,0.0,0,0.0,0.0,,0.0,bidTooLow
2021-03-31,398.0,12633.0,0.0,100,396.33,270.0,0,0.0,0.0,,0.0,0,0.0,0.0,,0.0,bidTooLow
2021-04-01,398.0,13061.0,0.0,100,400.61,270.0,0,0.0,0.0,,0.0,0,0.0,0.0,,0.0,bidTooLow
2021-04-05,398.0,13633.0,0.0,100,406.36,270.0,0,0.0,0.0,,0.0,1,0.01,0.04,SPY210407C00415000,415.0,normalDay
2021-04-06,398.0,13611.0,0.0,100,406.12,270.0,0,0.0,0.0,,0.0,1,0.01,0.02,SPY210407C00415000,415.0,normalDay
2021-04-07,399.0,13659.0,1.0,100,406.59,270.0,0,0.0,0.0,,0.0,1,0.01,0.0,SPY210407C00415000,415.0,expirationDay
2021-04-08,399.0,13852.0,0.0,100,408.52,270.0,0,0.0,0.0,,0.0,0,0.0,0.0,,0.0,bidTooLow
2021-04-09,399.0,14149.0,0.0,100,411.49,270.0,0,0.0,0.0,,0.0,0,0.0,0.0,,0.0,bidTooLow
2021-04-12,399.0,14164.0,0.0,100,411.64,270.0,0,0.0,0.0,,0.0,0,0.0,0.0,,0.0,bidTooLow
2021-04-13,399.0,14286.0,0.0,100,412.86,270.0,0,0.0,0.0,,0.0,0,0.0,0.0,,0.0,bidTooLow
2021-04-14,399.0,14145.0,0.0,100,411.45,270.0,0,0.0,0.0,,0.0,0,0.0,0.0,,0.0,bidTooLow
2021-04-15,399.0,14587.0,0.0,100,415.87,270.0,0,0.0,0.0,,0.0,0,0.0,0.0,,0.0,bidTooLow
2021-04-16,399.0,14726.0,0.0,100,417.26,270.0,0,0.0,0.0,,0.0,0,0.0,0.0,,0.0,bidTooLow
2021-04-19,399.0,14521.0,0.0,100,415.21,270.0,0,0.0,0.0,,0.0,0,0.0,0.0,,0.0,bidTooLow
2021-04-20,399.0,14217.0,0.0,100,412.17,270.0,0,0.0,0.0,,0.0,0,0.0,0.0,,0.0,bidTooLow
2021-04-21,399.0,14607.0,0.0,100,416.07,270.0,0,0.0,0.0,,0.0,0,0.0,0.0,,0.0,bidTooLow
2021-04-22,399.0,14227.0,0.0,100,412.27,270.0,0,0.0,0.0,,0.0,0,0.0,0.0,,0.0,bidTooLow
2021-04-23,399.0,14674.0,0.0,100,416.74,270.0,0,0.0,0.0,,0.0,0,0.0,0.0,,0.0,bidTooLow
2021-04-26,399.0,14761.0,0.0,100,417.61,270.0,0,0.0,0.0,,0.0,0,0.0,0.0,,0.0,bidTooLow
2021-04-27,399.0,14752.0,0.0,100,417.52,270.0,0,0.0,0.0,,0.0,0,0.0,0.0,,0.0,bidTooLow
2021-04-28,399.0,14740.0,0.0,100,417.4,270.0,0,0.0,0.0,,0.0,0,0.0,0.0,,0.0,bidTooLow
2021-04-29,399.0,15006.0,0.0,100,420.06,270.0,0,0.0,0.0,,0.0,0,0.0,0.0,,0.0,bidTooLow
2021-04-30,399.0,14730.0,0.0,100,417.3,270.0,0,0.0,0.0,,0.0,0,0.0,0.0,,0.0,bidTooLow
2021-05-03,399.0,14820.0,0.0,100,418.2,270.0,0,0.0,0.0,,0.0,0,0.0,0.0,,0.0,bidTooLow
2021-05-04,399.0,14562.0,0.0,100,415.62,270.0,0,0.0,0.0,,0.0,0,0.0,0.0,,0.0,bidTooLow
2021-05-05,399.0,14575.0,0.0,100,415.75,270.0,0,0.0,0.0,,0.0,0,0.0,0.0,,0.0,bidTooLow
2021-05-06,399.0,14907.0,0.0,100,419.07,270.0,0,0.0,0.0,,0.0,0,0.0,0.0,,0.0,bidTooLow
2021-05-07,399.0,15209.0,0.0,100,422.12,270.0,0,0.0,0.0,,0.0,1,0.02,0.05,SPY210510C00427000,427.0,normalDay
2021-05-10,401.0,14794.0,2.0,100,417.94,270.0,0,0.0,0.0,,0.0,1,0.02,0.0,SPY210510C00427000,427.0,expirationDay
2021-05-11,401.0,14418.0,0.0,100,414.21,270.0,0,0.0,0.0,,0.0,1,0.01,0.04,SPY210514C00427000,427.0,normalDay
2021-05-12,401.0,13540.0,0.0,100,405.41,270.0,0,0.0,0.0,,0.0,1,0.01,0.02,SPY210514C00427000,427.0,normalDay
2021-05-13,401.0,14028.0,0.0,100,410.28,270.0,0,0.0,0.0,,0.0,1,0.01,0.01,SPY210514C00427000,427.0,normalDay
2021-05-14,402.0,14658.0,1.0,100,416.58,270.0,0,0.0,0.0,,0.0,1,0.01,0.0,SPY210514C00427000,427.0,expirationDay
2021-05-17,402.0,14552.0,0.0,100,415.52,270.0,0,0.0,0.0,,0.0,0,0.0,0.0,,0.0,bidTooLow
2021-05-18,402.0,14194.0,0.0,100,411.94,270.0,0,0.0,0.0,,0.0,0,0.0,0.0,,0.0,bidTooLow
2021-05-19,402.0,14086.0,0.0,100,410.86,270.0,0,0.0,0.0,,0.0,0,0.0,0.0,,0.0,bidTooLow
2021-05-20,402.0,14528.0,0.0,100,415.28,270.0,0,0.0,0.0,,0.0,0,0.0,0.0,,0.0,bidTooLow
2021-05-21,402.0,14494.0,0.0,100,414.94,270.0,0,0.0,0.0,,0.0,0,0.0,0.0,,0.0,bidTooLow
2021-05-24,402.0,14917.0,0.0,100,419.17,270.0,0,0.0,0.0,,0.0,0,0.0,0.0,,0.0,bidTooLow
2021-05-25,402.0,14824.0,0.0,100,418.24,270.0,0,0.0,0.0,,0.0,0,0.0,0.0,,0.0,bidTooLow
2021-05-26,402.0,14907.0,0.0,100,419.07,270.0,0,0.0,0.0,,0.0,0,0.0,0.0,,0.0,bidTooLow
2021-05-27,402.0,14929.0,0.0,100,419.29,270.0,0,0.0,0.0,,0.0,0,0.0,0.0,,0.0,bidTooLow
2021-05-28,402.0,15004.0,0.0,100,420.04,270.0,0,0.0,0.0,,0.0,0,0.0,0.0,,0.0,bidTooLow
2021-06-01,402.0,14967.0,0.0,100,419.67,270.0,0,0.0,0.0,,0.0,0,0.0,0.0,,0.0,bidTooLow
2021-06-02,402.0,15033.0,0.0,100,420.33,270.0,0,0.0,0.0,,0.0,0,0.0,0.0,,0.0,bidTooLow
2021-06-03,402.0,14877.0,0.0,100,418.77,270.0,0,0.0,0.0,,0.0,0,0.0,0.0,,0.0,bidTooLow
2021-06-04,402.0,15260.0,0.0,100,422.6,270.0,0,0.0,0.0,,0.0,0,0.0,0.0,,0.0,bidTooLow
2021-06-07,402.0,15219.0,0.0,100,422.19,270.0,0,0.0,0.0,,0.0,0,0.0,0.0,,0.0,bidTooLow
2021-06-08,402.0,15228.0,0.0,100,422.28,270.0,0,0.0,0.0,,0.0,0,0.0,0.0,,0.0,bidTooLow
2021-06-09,402.0,15165.0,0.0,100,421.65,270.0,0,0.0,0.0,,0.0,0,0.0,0.0,,0.0,bidTooLow
2021-06-10,402.0,15361.0,0.0,100,423.61,270.0,0,0.0,0.0,,0.0,0,0.0,0.0,,0.0,bidTooLow
2021-06-11,402.0,15431.0,0.0,100,424.31,270.0,0,0.0,0.0,,0.0,0,0.0,0.0,,0.0,bidTooLow
2021-06-14,402.0,15526.0,0.0,100,425.26,270.0,0,0.0,0.0,,0.0,0,0.0,0.0,,0.0,bidTooLow
2021-06-15,402.0,15445.0,0.0,100,424.48,270.0,0,0.0,0.0,,0.0,1,0.01,0.04,SPY210618C00435000,435.0,normalDay
2021-06-16,402.0,15209.0,0.0,100,422.11,270.0,0,0.0,0.0,,0.0,1,0.01,0.03,SPY210618C00435000,435.0,normalDay
2021-06-17,402.0,15197.0,0.0,100,421.97,270.0,0,0.0,0.0,,0.0,1,0.01,0.01,SPY210618C00435000,435.0,normalDay
2021-06-18,403.0,14492.0,1.0,100,414.92,270.0,0,0.0,0.0,,0.0,1,0.01,0.0,SPY210618C00435000,435.0,expirationDay
2021-06-21,403.0,15086.0,0.0,100,420.86,270.0,0,0.0,0.0,,0.0,0,0.0,0.0,,0.0,bidTooLow
2021-06-22,403.0,15308.0,0.0,100,423.11,270.0,0,0.0,0.0,,0.0,1,0.04,0.07,SPY210625C00431000,431.0,normalDay
2021-06-23,403.0,15262.0,0.0,100,422.6,270.0,0,0.0,0.0,,0.0,1,0.04,0.02,SPY210625C00431000,431.0,normalDay
2021-06-24,403.0,15511.0,0.0,100,425.1,270.0,0,0.0,0.0,,0.0,1,0.04,0.03,SPY210625C00431000,431.0,normalDay
2021-06-25,407.0,15661.0,4.0,100,426.61,270.0,0,0.0,0.0,,0.0,1,0.04,0.0,SPY210625C00431000,431.0,expirationDay
2021-06-28,407.0,15747.0,0.0,100,427.47,270.0,0,0.0,0.0,,0.0,0,0.0,0.0,,0.0,bidTooLow
2021-06-29,407.0,15767.0,0.0,100,427.7,270.0,0,0.0,0.0,,0.0,1,0.01,0.04,SPY210702C00435000,435.0,normalDay
2021-06-30,407.0,15804.0,0.0,100,428.06,270.0,0,0.0,0.0,,0.0,1,0.01,0.03,SPY210702C00435000,435.0,normalDay
2021-07-01,407.0,16041.0,0.0,100,430.43,270.0,0,0.0,0.0,,0.0,1,0.01,0.03,SPY210702C00435000,435.0,normalDay
2021-07-02,408.0,16372.0,1.0,100,433.72,270.0,0,0.0,0.0,,0.0,1,0.01,0.0,SPY210702C00435000,435.0,expirationDay
2021-07-06,408.0,16290.0,0.0,100,432.93,270.0,0,0.0,0.0,,0.0,1,0.01,0.04,SPY210709C00442000,442.0,normalDay
2021-07-07,408.0,16443.0,0.0,100,434.46,270.0,0,0.0,0.0,,0.0,1,0.01,0.04,SPY210709C00442000,442.0,normalDay
2021-07-08,408.0,16092.0,0.0,100,430.92,270.0,0,0.0,0.0,,0.0,1,0.01,0.01,SPY210709C00442000,442.0,normalDay
2021-07-09,409.0,16552.0,1.0,100,435.52,270.0,0,0.0,0.0,,0.0,1,0.01,0.0,SPY210709C00442000,442.0,expirationDay
2021-07-12,409.0,16708.0,0.0,100,437.08,270.0,0,0.0,0.0,,0.0,0,0.0,0.0,,0.0,bidTooLow
2021-07-13,409.0,16559.0,0.0,100,435.59,270.0,0,0.0,0.0,,0.0,0,0.0,0.0,,0.0,bidTooLow
2021-07-14,409.0,16624.0,0.0,100,436.24,270.0,0,0.0,0.0,,0.0,0,0.0,0.0,,0.0,bidTooLow
2021-07-15,409.0,16475.0,0.0,100,434.75,270.0,0,0.0,0.0,,0.0,0,0.0,0.0,,0.0,bidTooLow
2021-07-16,409.0,16134.0,0.0,100,431.34,270.0,0,0.0,0.0,,0.0,0,0.0,0.0,,0.0,bidTooLow
2021-07-19,409.0,15497.0,0.0,100,424.97,270.0,0,0.0,0.0,,0.0,0,0.0,0.0,,0.0,bidTooLow
2021-07-20,409.0,16106.0,0.0,100,431.06,270.0,0,0.0,0.0,,0.0,0,0.0,0.0,,0.0,bidTooLow
2021-07-21,409.0,16455.0,0.0,100,434.55,270.0,0,0.0,0.0,,0.0,0,0.0,0.0,,0.0,bidTooLow
2021-07-22,409.0,16546.0,0.0,100,435.46,270.0,0,0.0,0.0,,0.0,0,0.0,0.0,,0.0,bidTooLow
2021-07-23,409.0,16994.0,0.0,100,439.94,270.0,0,0.0,0.0,,0.0,0,0.0,0.0,,0.0,bidTooLow
2021-07-26,409.0,17099.0,0.0,100,441.02,270.0,0,0.0,0.0,,0.0,1,0.01,0.04,SPY210728C00449000,449.0,normalDay
2021-07-27,409.0,16901.0,0.0,100,439.01,270.0,0,0.0,0.0,,0.0,1,0.01,0.01,SPY210728C00449000,449.0,normalDay
2021-07-28,410.0,16883.0,1.0,100,438.83,270.0,0,0.0,0.0,,0.0,1,0.01,0.0,SPY210728C00449000,449.0,expirationDay
2021-07-29,410.0,17065.0,0.0,100,440.65,270.0,0,0.0,0.0,,0.0,0,0.0,0.0,,0.0,bidTooLow
2021-07-30,410.0,16851.0,0.0,100,438.51,270.0,0,0.0,0.0,,0.0,0,0.0,0.0,,0.0,bidTooLow
2021-08-02,410.0,16759.0,0.0,100,437.59,270.0,0,0.0,0.0,,0.0,0,0.0,0.0,,0.0,bidTooLow
2021-08-03,410.0,17115.0,0.0,100,441.15,270.0,0,0.0,0.0,,0.0,0,0.0,0.0,,0.0,bidTooLow
2021-08-04,410.0,16898.0,0.0,100,438.98,270.0,0,0.0,0.0,,0.0,0,0.0,0.0,,0.0,bidTooLow
2021-08-05,410.0,17176.0,0.0,100,441.76,270.0,0,0.0,0.0,,0.0,0,0.0,0.0,,0.0,bidTooLow
2021-08-06,410.0,17249.0,0.0,100,442.49,270.0,0,0.0,0.0,,0.0,0,0.0,0.0,,0.0,bidTooLow
2021-08-09,410.0,17213.0,0.0,100,442.13,270.0,0,0.0,0.0,,0.0,0,0.0,0.0,,0.0,bidTooLow
2021-08-10,410.0,17268.0,0.0,100,442.68,270.0,0,0.0,0.0,,0.0,0,0.0,0.0,,0.0,bidTooLow
2021-08-11,410.0,17378.0,0.0,100,443.78,270.0,0,0.0,0.0,,0.0,0,0.0,0.0,,0.0,bidTooLow
2021-08-12,410.0,17511.0,0.0,100,445.11,270.0,0,0.0,0.0,,0.0,0,0.0,0.0,,0.0,bidTooLow
2021-08-13,410.0,17592.0,0.0,100,445.92,270.0,0,0.0,0.0,,0.0,0,0.0,0.0,,0.0,bidTooLow
2021-08-16,410.0,17697.0,0.0,100,446.97,270.0,0,0.0,0.0,,0.0,0,0.0,0.0,,0.0,bidTooLow
2021-08-17,410.0,17404.0,0.0,100,444.04,270.0,0,0.0,0.0,,0.0,0,0.0,0.0,,0.0,bidTooLow
2021-08-18,410.0,16918.0,0.0,100,439.18,270.0,0,0.0,0.0,,0.0,0,0.0,0.0,,0.0,bidTooLow
2021-08-19,410.0,16986.0,0.0,100,439.86,270.0,0,0.0,0.0,,0.0,0,0.0,0.0,,0.0,bidTooLow
2021-08-20,410.0,17336.0,0.0,100,443.36,270.0,0,0.0,0.0,,0.0,0,0.0,0.0,,0.0,bidTooLow
2021-08-23,410.0,17723.0,0.0,100,447.26,270.0,0,0.0,0.0,,0.0,1,0.03,0.06,SPY210825C00453000,453.0,normalDay
2021-08-24,410.0,17798.0,0.0,100,447.97,270.0,0,0.0,0.0,,0.0,1,0.03,0.02,SPY210825C00453000,453.0,normalDay
2021-08-25,413.0,17891.0,3.0,100,448.91,270.0,0,0.0,0.0,,0.0,1,0.03,0.0,SPY210825C00453000,453.0,expirationDay
2021-08-26,413.0,17626.0,0.0,100,446.26,270.0,0,0.0,0.0,,0.0,0,0.0,0.0,,0.0,bidTooLow
2021-08-27,413.0,18025.0,0.0,100,450.25,270.0,0,0.0,0.0,,0.0,0,0.0,0.0,,0.0,bidTooLow
2021-08-30,413.0,18223.0,0.0,100,452.23,270.0,0,0.0,0.0,,0.0,0,0.0,0.0,,0.0,bidTooLow
2021-08-31,413.0,18153.0,0.0,100,451.56,270.0,0,0.0,0.0,,0.0,1,0.01,0.04,SPY210903C00460000,460.0,normalDay
2021-09-01,413.0,18179.0,0.0,100,451.8,270.0,0,0.0,0.0,,0.0,1,0.01,0.02,SPY210903C00460000,460.0,normalDay
2021-09-02,413.0,18318.0,0.0,100,453.19,270.0,0,0.0,0.0,,0.0,1,0.01,0.02,SPY210903C00460000,460.0,normalDay
2021-09-03,414.0,18308.0,1.0,100,453.08,270.0,0,0.0,0.0,,0.0,1,0.01,0.0,SPY210903C00460000,460.0,expirationDay
2021-09-07,414.0,18146.0,0.0,100,451.46,270.0,0,0.0,0.0,,0.0,0,0.0,0.0,,0.0,bidTooLow
2021-09-08,414.0,18091.0,0.0,100,450.91,270.0,0,0.0,0.0,,0.0,0,0.0,0.0,,0.0,bidTooLow
2021-09-09,414.0,17898.0,0.0,100,448.98,270.0,0,0.0,0.0,,0.0,0,0.0,0.0,,0.0,bidTooLow
2021-09-10,414.0,17544.0,0.0,100,445.44,270.0,0,0.0,0.0,,0.0,0,0.0,0.0,,0.0,bidTooLow
2021-09-13,414.0,17658.0,0.0,100,446.58,270.0,0,0.0,0.0,,0.0,0,0.0,0.0,,0.0,bidTooLow
2021-09-14,414.0,17417.0,0.0,100,444.17,270.0,0,0.0,0.0,,0.0,0,0.0,0.0,,0.0,bidTooLow
2021-09-15,414.0,17788.0,0.0,100,447.88,270.0,0,0.0,0.0,,0.0,0,0.0,0.0,,0.0,bidTooLow
2021-09-16,414.0,17717.0,0.0,100,447.17,270.0,0,0.0,0.0,,0.0,0,0.0,0.0,,0.0,bidTooLow
2021-09-17,414.0,17140.0,0.0,100,441.4,270.0,0,0.0,0.0,,0.0,0,0.0,0.0,,0.0,bidTooLow
2021-09-20,414.0,16404.0,0.0,100,434.04,270.0,0,0.0,0.0,,0.0,0,0.0,0.0,,0.0,bidTooLow
2021-09-21,414.0,16363.0,0.0,100,433.63,270.0,0,0.0,0.0,,0.0,0,0.0,0.0,,0.0,bidTooLow
2021-09-22,414.0,16786.0,0.0,100,437.86,270.0,0,0.0,0.0,,0.0,0,0.0,0.0,,0.0,bidTooLow
2021-09-23,414.0,17318.0,0.0,100,443.18,270.0,0,0.0,0.0,,0.0,0,0.0,0.0,,0.0,bidTooLow
2021-09-24,414.0,17391.0,0.0,100,443.91,270.0,0,0.0,0.0,,0.0,0,0.0,0.0,,0.0,bidTooLow
2021-09-27,414.0,17264.0,0.0,100,442.64,270.0,0,0.0,0.0,,0.0,0,0.0,0.0,,0.0,bidTooLow
2021-09-28,414.0,16372.0,0.0,100,433.72,270.0,0,0.0,0.0,,0.0,0,0.0,0.0,,0.0,bidTooLow
2021-09-29,414.0,16445.0,0.0,100,434.45,270.0,0,0.0,0.0,,0.0,0,0.0,0.0,,0.0,bidTooLow
2021-09-30,414.0,15914.0,0.0,100,429.14,270.0,0,0.0,0.0,,0.0,0,0.0,0.0,,0.0,bidTooLow
2021-10-01,414.0,16424.0,0.0,100,434.24,270.0,0,0.0,0.0,,0.0,0,0.0,0.0,,0.0,bidTooLow
2021-10-04,414.0,15864.0,0.0,100,428.64,270.0,0,0.0,0.0,,0.0,0,0.0,0.0,,0.0,bidTooLow
2021-10-05,414.0,16310.0,0.0,100,433.1,270.0,0,0.0,0.0,,0.0,0,0.0,0.0,,0.0,bidTooLow
2021-10-06,414.0,16490.0,0.0,100,434.9,270.0,0,0.0,0.0,,0.0,0,0.0,0.0,,0.0,bidTooLow
2021-10-07,414.0,16866.0,0.0,100,438.66,270.0,0,0.0,0.0,,0.0,0,0.0,0.0,,0.0,bidTooLow
2021-10-08,414.0,16786.0,0.0,100,437.86,270.0,0,0.0,0.0,,0.0,0,0.0,0.0,,0.0,bidTooLow
2021-10-11,414.0,16469.0,0.0,100,434.69,270.0,0,0.0,0.0,,0.0,0,0.0,0.0,,0.0,bidTooLow
2021-10-12,414.0,16362.0,0.0,100,433.62,270.0,0,0.0,0.0,,0.0,0,0.0,0.0,,0.0,bidTooLow
2021-10-13,414.0,16518.0,0.0,100,435.18,270.0,0,0.0,0.0,,0.0,0,0.0,0.0,,0.0,bidTooLow
2021-10-14,414.0,17250.0,0.0,100,442.5,270.0,0,0.0,0.0,,0.0,0,0.0,0.0,,0.0,bidTooLow
2021-10-15,414.0,17587.0,0.0,100,445.87,270.0,0,0.0,0.0,,0.0,0,0.0,0.0,,0.0,bidTooLow
2021-10-18,414.0,17719.0,0.0,100,447.19,270.0,0,0.0,0.0,,0.0,0,0.0,0.0,,0.0,bidTooLow
2021-10-19,414.0,18064.0,0.0,100,450.64,270.0,0,0.0,0.0,,0.0,0,0.0,0.0,,0.0,bidTooLow
2021-10-20,414.0,18241.0,0.0,100,452.41,270.0,0,0.0,0.0,,0.0,0,0.0,0.0,,0.0,bidTooLow
2021-10-21,414.0,18359.0,0.0,100,453.59,270.0,0,0.0,0.0,,0.0,0,0.0,0.0,,0.0,bidTooLow
2021-10-22,414.0,18312.0,0.0,100,453.12,270.0,0,0.0,0.0,,0.0,0,0.0,0.0,,0.0,bidTooLow
2021-10-25,414.0,18555.0,0.0,100,455.55,270.0,0,0.0,0.0,,0.0,0,0.0,0.0,,0.0,bidTooLow
2021-10-26,414.0,18596.0,0.0,100,455.96,270.0,0,0.0,0.0,,0.0,0,0.0,0.0,,0.0,bidTooLow
2021-10-27,414.0,18394.0,0.0,100,453.94,270.0,0,0.0,0.0,,0.0,0,0.0,0.0,,0.0,bidTooLow
2021-10-28,414.0,18832.0,0.0,100,458.32,270.0,0,0.0,0.0,,0.0,0,0.0,0.0,,0.0,bidTooLow
2021-10-29,414.0,18925.0,0.0,100,459.25,270.0,0,0.0,0.0,,0.0,0,0.0,0.0,,0.0,bidTooLow
2021-11-01,414.0,19004.0,0.0,100,460.04,270.0,0,0.0,0.0,,0.0,0,0.0,0.0,,0.0,bidTooLow
2021-11-02,414.0,19190.0,0.0,100,461.9,270.0,0,0.0,0.0,,0.0,0,0.0,0.0,,0.0,bidTooLow
2021-11-03,414.0,19472.0,0.0,100,464.72,270.0,0,0.0,0.0,,0.0,0,0.0,0.0,,0.0,bidTooLow
2021-11-04,414.0,19691.0,0.0,100,466.91,270.0,0,0.0,0.0,,0.0,0,0.0,0.0,,0.0,bidTooLow
2021-11-05,414.0,19853.0,0.0,100,468.53,270.0,0,0.0,0.0,,0.0,0,0.0,0.0,,0.0,bidTooLow
2021-11-08,414.0,19893.0,0.0,100,468.93,270.0,0,0.0,0.0,,0.0,0,0.0,0.0,,0.0,bidTooLow
2021-11-09,414.0,19738.0,0.0,100,467.38,270.0,0,0.0,0.0,,0.0,0,0.0,0.0,,0.0,bidTooLow
2021-11-10,414.0,19362.0,0.0,100,463.62,270.0,0,0.0,0.0,,0.0,0,0.0,0.0,,0.0,bidTooLow
2021-11-11,414.0,19377.0,0.0,100,463.77,270.0,0,0.0,0.0,,0.0,0,0.0,0.0,,0.0,bidTooLow
2021-11-12,414.0,19727.0,0.0,100,467.27,270.0,0,0.0,0.0,,0.0,0,0.0,0.0,,0.0,bidTooLow
2021-11-15,414.0,19743.0,0.0,100,467.43,270.0,0,0.0,0.0,,0.0,0,0.0,0.0,,0.0,bidTooLow
2021-11-16,414.0,19928.0,0.0,100,469.28,270.0,0,0.0,0.0,,0.0,0,0.0,0.0,,0.0,bidTooLow
2021-11-17,414.0,19814.0,0.0,100,468.14,270.0,0,0.0,0.0,,0.0,0,0.0,0.0,,0.0,bidTooLow
2021-11-18,414.0,19973.0,0.0,100,469.73,270.0,0,0.0,0.0,,0.0,0,0.0,0.0,,0.0,bidTooLow
2021-11-19,414.0,19889.0,0.0,100,468.89,270.0,0,0.0,0.0,,0.0,0,0.0,0.0,,0.0,bidTooLow
2021-11-22,414.0,19757.0,0.0,100,467.57,270.0,0,0.0,0.0,,0.0,0,0.0,0.0,,0.0,bidTooLow
2021-11-23,414.0,19819.0,0.0,100,468.19,270.0,0,0.0,0.0,,0.0,0,0.0,0.0,,0.0,bidTooLow
2021-11-24,414.0,19944.0,0.0,100,469.44,270.0,0,0.0,0.0,,0.0,0,0.0,0.0,,0.0,bidTooLow
2021-11-26,414.0,18897.0,0.0,100,458.97,270.0,0,0.0,0.0,,0.0,0,0.0,0.0,,0.0,bidTooLow
2021-11-29,414.0,19460.0,0.0,100,464.6,270.0,0,0.0,0.0,,0.0,0,0.0,0.0,,0.0,bidTooLow
2021-11-30,414.0,18556.0,0.0,100,455.56,270.0,0,0.0,0.0,,0.0,0,0.0,0.0,,0.0,bidTooLow
2021-12-01,414.0,18050.0,0.0,100,450.5,270.0,0,0.0,0.0,,0.0,0,0.0,0.0,,0.0,bidTooLow
2021-12-02,414.0,18740.0,0.0,100,457.4,270.0,0,0.0,0.0,,0.0,0,0.0,0.0,,0.0,bidTooLow
2021-12-03,414.0,18342.0,0.0,100,453.42,270.0,0,0.0,0.0,,0.0,0,0.0,0.0,,0.0,bidTooLow
2021-12-06,414.0,18879.0,0.0,100,458.79,270.0,0,0.0,0.0,,0.0,0,0.0,0.0,,0.0,bidTooLow
2021-12-07,414.0,19828.0,0.0,100,468.28,270.0,0,0.0,0.0,,0.0,0,0.0,0.0,,0.0,bidTooLow
2021-12-08,414.0,19952.0,0.0,100,469.52,270.0,0,0.0,0.0,,0.0,0,0.0,0.0,,0.0,bidTooLow
2021-12-09,414.0,19635.0,0.0,100,466.35,270.0,0,0.0,0.0,,0.0,0,0.0,0.0,,0.0,bidTooLow
2021-12-10,414.0,20074.0,0.0,100,470.74,270.0,0,0.0,0.0,,0.0,0,0.0,0.0,,0.0,bidTooLow
2021-12-13,414.0,19657.0,0.0,100,466.57,270.0,0,0.0,0.0,,0.0,0,0.0,0.0,,0.0,bidTooLow
2021-12-14,414.0,19336.0,0.0,100,463.36,270.0,0,0.0,0.0,,0.0,0,0.0,0.0,,0.0,bidTooLow
2021-12-15,414.0,20060.0,0.0,100,470.6,270.0,0,0.0,0.0,,0.0,0,0.0,0.0,,0.0,bidTooLow
2021-12-16,414.0,19645.0,0.0,100,466.45,270.0,0,0.0,0.0,,0.0,0,0.0,0.0,,0.0,bidTooLow
2021-12-17,414.0,18987.0,0.0,100,459.87,270.0,0,0.0,0.0,,0.0,0,0.0,0.0,,0.0,bidTooLow
2021-12-20,414.0,18498.0,0.0,100,454.98,270.0,0,0.0,0.0,,0.0,0,0.0,0.0,,0.0,bidTooLow
2021-12-21,414.0,19306.0,0.0,100,463.06,270.0,0,0.0,0.0,,0.0,0,0.0,0.0,,0.0,bidTooLow
2021-12-22,414.0,19769.0,0.0,100,467.69,270.0,0,0.0,0.0,,0.0,0,0.0,0.0,,0.0,bidTooLow
2021-12-23,414.0,20060.0,0.0,100,470.6,270.0,0,0.0,0.0,,0.0,0,0.0,0.0,,0.0,bidTooLow
2021-12-27,414.0,20726.0,0.0,100,477.26,270.0,0,0.0,0.0,,0.0,0,0.0,0.0,,0.0,bidTooLow
2021-12-28,414.0,20687.0,0.0,100,476.87,270.0,0,0.0,0.0,,0.0,0,0.0,0.0,,0.0,bidTooLow
2021-12-29,414.0,20748.0,0.0,100,477.48,270.0,0,0.0,0.0,,0.0,0,0.0,0.0,,0.0,bidTooLow
2021-12-30,414.0,20616.0,0.0,100,476.16,270.0,0,0.0,0.0,,0.0,0,0.0,0.0,,0.0,bidTooLow
2021-12-31,414.0,20496.0,0.0,100,474.96,270.0,0,0.0,0.0,,0.0,0,0.0,0.0,,0.0,bidTooLow
2022-01-03,414.0,20771.0,0.0,100,477.71,270.0,0,0.0,0.0,,0.0,0,0.0,0.0,,0.0,bidTooLow
2022-01-04,414.0,20755.0,0.0,100,477.55,270.0,0,0.0,0.0,,0.0,0,0.0,0.0,,0.0,bidTooLow
2022-01-05,414.0,19838.0,0.0,100,468.38,270.0,0,0.0,0.0,,0.0,0,0.0,0.0,,0.0,bidTooLow
2022-01-06,414.0,19794.0,0.0,100,467.94,270.0,0,0.0,0.0,,0.0,0,0.0,0.0,,0.0,bidTooLow
2022-01-07,414.0,19609.0,0.0,100,466.09,270.0,0,0.0,0.0,,0.0,0,0.0,0.0,,0.0,bidTooLow
2022-01-10,414.0,19551.0,0.0,100,465.51,270.0,0,0.0,0.0,,0.0,0,0.0,0.0,,0.0,bidTooLow
2022-01-11,414.0,19975.0,0.0,100,469.75,270.0,0,0.0,0.0,,0.0,0,0.0,0.0,,0.0,bidTooLow
2022-01-12,414.0,20102.0,0.0,100,471.02,270.0,0,0.0,0.0,,0.0,0,0.0,0.0,,0.0,bidTooLow
2022-01-13,414.0,19453.0,0.0,100,464.53,270.0,0,0.0,0.0,,0.0,0,0.0,0.0,,0.0,bidTooLow
2022-01-14,414.0,19472.0,0.0,100,464.72,270.0,0,0.0,0.0,,0.0,0,0.0,0.0,,0.0,bidTooLow
2022-01-18,414.0,18649.0,0.0,100,456.49,270.0,0,0.0,0.0,,0.0,0,0.0,0.0,,0.0,bidTooLow
2022-01-19,414.0,18175.0,0.0,100,451.75,270.0,0,0.0,0.0,,0.0,0,0.0,0.0,,0.0,bidTooLow
2022-01-20,414.0,17675.0,0.0,100,446.75,270.0,0,0.0,0.0,,0.0,0,0.0,0.0,,0.0,bidTooLow
2022-01-21,414.0,16798.0,0.0,100,437.98,270.0,0,0.0,0.0,,0.0,0,0.0,0.0,,0.0,bidTooLow
2022-01-24,414.0,16984.0,0.0,100,439.84,270.0,0,0.0,0.0,,0.0,0,0.0,0.0,,0.0,bidTooLow
2022-01-25,414.0,16447.0,0.0,100,434.47,270.0,0,0.0,0.0,,0.0,0,0.0,0.0,,0.0,bidTooLow
2022-01-26,414.0,16338.0,0.0,100,433.38,270.0,0,0.0,0.0,,0.0,0,0.0,0.0,,0.0,bidTooLow
2022-01-27,414.0,16124.0,0.0,100,431.24,270.0,0,0.0,0.0,,0.0,0,0.0,0.0,,0.0,bidTooLow
2022-01-28,414.0,17195.0,0.0,100,441.95,270.0,0,0.0,0.0,,0.0,0,0.0,0.0,,0.0,bidTooLow
2022-01-31,414.0,17991.0,0.0,100,449.91,270.0,0,0.0,0.0,,0.0,0,0.0,0.0,,0.0,bidTooLow
2022-02-01,414.0,18295.0,0.0,100,452.95,270.0,0,0.0,0.0,,0.0,0,0.0,0.0,,0.0,bidTooLow
2022-02-02,414.0,18735.0,0.0,100,457.35,270.0,0,0.0,0.0,,0.0,0,0.0,0.0,,0.0,bidTooLow
2022-02-03,414.0,17660.0,0.0,100,446.6,270.0,0,0.0,0.0,,0.0,0,0.0,0.0,,0.0,bidTooLow
2022-02-04,414.0,17870.0,0.0,100,448.7,270.0,0,0.0,0.0,,0.0,0,0.0,0.0,,0.0,bidTooLow
2022-02-07,414.0,17726.0,0.0,100,447.26,270.0,0,0.0,0.0,,0.0,0,0.0,0.0,,0.0,bidTooLow
2022-02-08,414.0,18094.0,0.0,100,450.94,270.0,0,0.0,0.0,,0.0,0,0.0,0.0,,0.0,bidTooLow
2022-02-09,414.0,18754.0,0.0,100,457.54,270.0,0,0.0,0.0,,0.0,0,0.0,0.0,,0.0,bidTooLow
2022-02-10,414.0,17932.0,0.0,100,449.32,270.0,0,0.0,0.0,,0.0,0,0.0,0.0,,0.0,bidTooLow
2022-02-11,414.0,17046.0,0.0,100,440.46,270.0,0,0.0,0.0,,0.0,0,0.0,0.0,,0.0,bidTooLow
2022-02-14,414.0,16902.0,0.0,100,439.02,270.0,0,0.0,0.0,,0.0,0,0.0,0.0,,0.0,bidTooLow
2022-02-15,414.0,17610.0,0.0,100,446.1,270.0,0,0.0,0.0,,0.0,0,0.0,0.0,,0.0,bidTooLow
2022-02-16,414.0,17660.0,0.0,100,446.6,270.0,0,0.0,0.0,,0.0,0,0.0,0.0,,0.0,bidTooLow
2022-02-17,414.0,16706.0,0.0,100,437.06,270.0,0,0.0,0.0,,0.0,0,0.0,0.0,,0.0,bidTooLow
2022-02-18,414.0,16423.0,0.0,100,434.23,270.0,0,0.0,0.0,,0.0,0,0.0,0.0,,0.0,bidTooLow
2022-02-22,414.0,15957.0,0.0,100,429.57,270.0,0,0.0,0.0,,0.0,0,0.0,0.0,,0.0,bidTooLow
2022-02-23,414.0,15195.0,0.0,100,421.95,270.0,0,0.0,0.0,,0.0,0,0.0,0.0,,0.0,bidTooLow
2022-02-24,414.0,15830.0,0.0,100,428.3,270.0,0,0.0,0.0,,0.0,0,0.0,0.0,,0.0,bidTooLow
2022-02-25,414.0,16775.0,0.0,100,437.75,270.0,0,0.0,0.0,,0.0,0,0.0,0.0,,0.0,bidTooLow
2022-02-28,414.0,16663.0,0.0,100,436.63,270.0,0,0.0,0.0,,0.0,0,0.0,0.0,,0.0,bidTooLow
2022-03-01,414.0,15998.0,0.0,100,429.98,270.0,0,0.0,0.0,,0.0,0,0.0,0.0,,0.0,bidTooLow
2022-03-02,414.0,16789.0,0.0,100,437.89,270.0,0,0.0,0.0,,0.0,0,0.0,0.0,,0.0,bidTooLow
2022-03-03,414.0,16571.0,0.0,100,435.71,270.0,0,0.0,0.0,,0.0,0,0.0,0.0,,0.0,bidTooLow
2022-03-04,414.0,16217.0,0.0,100,432.17,270.0,0,0.0,0.0,,0.0,0,0.0,0.0,,0.0,bidTooLow
2022-03-07,414.0,14943.0,0.0,100,419.43,270.0,0,0.0,0.0,,0.0,0,0.0,0.0,,0.0,bidTooLow
2022-03-08,414.0,14625.0,0.0,100,416.25,270.0,0,0.0,0.0,,0.0,0,0.0,0.0,,0.0,bidTooLow
2022-03-09,414.0,15741.0,0.0,100,427.41,270.0,0,0.0,0.0,,0.0,0,0.0,0.0,,0.0,bidTooLow
2022-03-10,414.0,15548.0,0.0,100,425.48,270.0,0,0.0,0.0,,0.0,0,0.0,0.0,,0.0,bidTooLow
2022-03-11,414.0,15007.0,0.0,100,420.07,270.0,0,0.0,0.0,,0.0,0,0.0,0.0,,0.0,bidTooLow
2022-03-14,414.0,14700.0,0.0,100,417.0,270.0,0,0.0,0.0,,0.0,0,0.0,0.0,,0.0,bidTooLow
2022-03-15,414.0,15617.0,0.0,100,426.17,270.0,0,0.0,0.0,,0.0,0,0.0,0.0,,0.0,bidTooLow
2022-03-16,414.0,16562.0,0.0,100,435.62,270.0,0,0.0,0.0,,0.0,0,0.0,0.0,,0.0,bidTooLow
2022-03-17,414.0,17107.0,0.0,100,441.07,270.0,0,0.0,0.0,,0.0,0,0.0,0.0,,0.0,bidTooLow
2022-03-18,414.0,17452.0,0.0,100,444.52,270.0,0,0.0,0.0,,0.0,0,0.0,0.0,,0.0,bidTooLow
2022-03-21,414.0,17439.0,0.0,100,444.39,270.0,0,0.0,0.0,,0.0,0,0.0,0.0,,0.0,bidTooLow
2022-03-22,414.0,17959.0,0.0,100,449.59,270.0,0,0.0,0.0,,0.0,0,0.0,0.0,,0.0,bidTooLow
2022-03-23,414.0,17380.0,0.0,100,443.8,270.0,0,0.0,0.0,,0.0,0,0.0,0.0,,0.0,bidTooLow
2022-03-24,414.0,18049.0,0.0,100,450.49,270.0,0,0.0,0.0,,0.0,0,0.0,0.0,,0.0,bidTooLow
2022-03-25,414.0,18269.0,0.0,100,452.69,270.0,0,0.0,0.0,,0.0,0,0.0,0.0,,0.0,bidTooLow
2022-03-28,414.0,18591.0,0.0,100,455.91,270.0,0,0.0,0.0,,0.0,0,0.0,0.0,,0.0,bidTooLow
2022-03-29,414.0,19155.0,0.0,100,461.55,270.0,0,0.0,0.0,,0.0,0,0.0,0.0,,0.0,bidTooLow
2022-03-30,414.0,18870.0,0.0,100,458.7,270.0,0,0.0,0.0,,0.0,0,0.0,0.0,,0.0,bidTooLow
2022-03-31,414.0,18164.0,0.0,100,451.64,270.0,0,0.0,0.0,,0.0,0,0.0,0.0,,0.0,bidTooLow
2022-04-01,414.0,18292.0,0.0,100,452.92,270.0,0,0.0,0.0,,0.0,0,0.0,0.0,,0.0,bidTooLow
2022-04-04,414.0,18680.0,0.0,100,456.8,270.0,0,0.0,0.0,,0.0,0,0.0,0.0,,0.0,bidTooLow
2022-04-05,414.0,18103.0,0.0,100,451.03,270.0,0,0.0,0.0,,0.0,0,0.0,0.0,,0.0,bidTooLow
2022-04-06,414.0,17652.0,0.0,100,446.52,270.0,0,0.0,0.0,,0.0,0,0.0,0.0,,0.0,bidTooLow
2022-04-07,414.0,17877.0,0.0,100,448.77,270.0,0,0.0,0.0,,0.0,0,0.0,0.0,,0.0,bidTooLow
2022-04-08,414.0,17757.0,0.0,100,447.57,270.0,0,0.0,0.0,,0.0,0,0.0,0.0,,0.0,bidTooLow
2022-04-11,414.0,16992.0,0.0,100,439.92,270.0,0,0.0,0.0,,0.0,0,0.0,0.0,,0.0,bidTooLow
2022-04-12,414.0,16829.0,0.0,100,438.29,270.0,0,0.0,0.0,,0.0,0,0.0,0.0,,0.0,bidTooLow
2022-04-13,414.0,17331.0,0.0,100,443.31,270.0,0,0.0,0.0,,0.0,0,0.0,0.0,,0.0,bidTooLow
2022-04-14,414.0,16779.0,0.0,100,437.79,270.0,0,0.0,0.0,,0.0,0,0.0,0.0,,0.0,bidTooLow
2022-04-18,414.0,16797.0,0.0,100,437.97,270.0,0,0.0,0.0,,0.0,0,0.0,0.0,,0.0,bidTooLow
2022-04-19,414.0,17504.0,0.0,100,445.04,270.0,0,0.0,0.0,,0.0,0,0.0,0.0,,0.0,bidTooLow
2022-04-20,414.0,17471.0,0.0,100,444.71,270.0,0,0.0,0.0,,0.0,0,0.0,0.0,,0.0,bidTooLow
2022-04-21,414.0,16806.0,0.0,100,438.06,270.0,0,0.0,0.0,,0.0,0,0.0,0.0,,0.0,bidTooLow
2022-04-22,414.0,15604.0,0.0,100,426.04,270.0,0,0.0,0.0,,0.0,0,0.0,0.0,,0.0,bidTooLow
2022-04-25,414.0,15851.0,0.0,100,428.51,270.0,0,0.0,0.0,,0.0,0,0.0,0.0,,0.0,bidTooLow
2022-04-26,414.0,14610.0,0.0,100,416.1,270.0,0,0.0,0.0,,0.0,0,0.0,0.0,,0.0,bidTooLow
2022-04-27,414.0,14727.0,0.0,100,417.27,270.0,0,0.0,0.0,,0.0,0,0.0,0.0,,0.0,bidTooLow
2022-04-28,414.0,15781.0,0.0,100,427.81,270.0,0,0.0,0.0,,0.0,0,0.0,0.0,,0.0,bidTooLow
2022-04-29,414.0,14200.0,0.0,100,412.0,270.0,0,0.0,0.0,,0.0,0,0.0,0.0,,0.0,bidTooLow
2022-05-02,414.0,14448.0,0.0,100,414.48,270.0,0,0.0,0.0,,0.0,0,0.0,0.0,,0.0,bidTooLow
2022-05-03,414.0,14638.0,0.0,100,416.38,270.0,0,0.0,0.0,,0.0,0,0.0,0.0,,0.0,bidTooLow
2022-05-04,414.0,15906.0,0.0,100,429.06,270.0,0,0.0,0.0,,0.0,0,0.0,0.0,,0.0,bidTooLow
2022-05-05,414.0,14381.0,0.0,100,413.81,270.0,0,0.0,0.0,,0.0,0,0.0,0.0,,0.0,bidTooLow
2022-05-06,414.0,14134.0,0.0,100,411.34,270.0,0,0.0,0.0,,0.0,0,0.0,0.0,,0.0,bidTooLow
2022-05-09,414.0,12817.0,0.0,100,398.17,270.0,0,0.0,0.0,,0.0,0,0.0,0.0,,0.0,bidTooLow
2022-05-10,414.0,12909.0,0.0,100,399.09,270.0,0,0.0,0.0,,0.0,0,0.0,0.0,,0.0,bidTooLow
2022-05-11,414.0,12275.0,0.0,100,392.75,270.0,0,0.0,0.0,,0.0,0,0.0,0.0,,0.0,bidTooLow
2022-05-12,414.0,12234.0,0.0,100,392.34,270.0,0,0.0,0.0,,0.0,0,0.0,0.0,,0.0,bidTooLow
2022-05-13,414.0,13172.0,0.0,100,401.72,270.0,0,0.0,0.0,,0.0,0,0.0,0.0,,0.0,bidTooLow
2022-05-16,414.0,13009.0,0.0,100,400.09,270.0,0,0.0,0.0,,0.0,0,0.0,0.0,,0.0,bidTooLow
2022-05-17,414.0,13832.0,0.0,100,408.32,270.0,0,0.0,0.0,,0.0,0,0.0,0.0,,0.0,bidTooLow
2022-05-18,414.0,12186.0,0.0,100,391.86,270.0,0,0.0,0.0,,0.0,0,0.0,0.0,,0.0,bidTooLow
2022-05-19,414.0,11946.0,0.0,100,389.46,270.0,0,0.0,0.0,,0.0,0,0.0,0.0,,0.0,bidTooLow
2022-05-20,414.0,11963.0,0.0,100,389.63,270.0,0,0.0,0.0,,0.0,0,0.0,0.0,,0.0,bidTooLow
2022-05-23,414.0,12692.0,0.0,100,396.92,270.0,0,0.0,0.0,,0.0,0,0.0,0.0,,0.0,bidTooLow
2022-05-24,414.0,12389.0,0.0,100,393.89,270.0,0,0.0,0.0,,0.0,0,0.0,0.0,,0.0,bidTooLow
2022-05-25,414.0,12737.0,0.0,100,397.37,270.0,0,0.0,0.0,,0.0,0,0.0,0.0,,0.0,bidTooLow
2022-05-26,414.0,13531.0,0.0,100,405.31,270.0,0,0.0,0.0,,0.0,0,0.0,0.0,,0.0,bidTooLow
2022-05-27,414.0,14526.0,0.0,100,415.26,270.0,0,0.0,0.0,,0.0,0,0.0,0.0,,0.0,bidTooLow
2022-05-31,414.0,14293.0,0.0,100,412.93,270.0,0,0.0,0.0,,0.0,0,0.0,0.0,,0.0,bidTooLow
2022-06-01,414.0,13959.0,0.0,100,409.59,270.0,0,0.0,0.0,,0.0,0,0.0,0.0,,0.0,bidTooLow
2022-06-02,414.0,14739.0,0.0,100,417.39,270.0,0,0.0,0.0,,0.0,0,0.0,0.0,,0.0,bidTooLow
2022-06-03,414.0,14054.0,0.0,100,410.54,270.0,0,0.0,0.0,,0.0,0,0.0,0.0,,0.0,bidTooLow
2022-06-06,414.0,14179.0,0.0,100,411.79,270.0,0,0.0,0.0,,0.0,0,0.0,0.0,,0.0,bidTooLow
2022-06-07,414.0,14574.0,0.0,100,415.74,270.0,0,0.0,0.0,,0.0,0,0.0,0.0,,0.0,bidTooLow
2022-06-08,414.0,14122.0,0.0,100,411.22,270.0,0,0.0,0.0,,0.0,0,0.0,0.0,,0.0,bidTooLow
2022-06-09,414.0,13144.0,0.0,100,401.44,270.0,0,0.0,0.0,,0.0,0,0.0,0.0,,0.0,bidTooLow
2022-06-10,414.0,11980.0,0.0,100,389.8,270.0,0,0.0,0.0,,0.0,0,0.0,0.0,,0.0,bidTooLow
2022-06-13,414.0,10500.0,0.0,100,375.0,270.0,0,0.0,0.0,,0.0,0,0.0,0.0,,0.0,bidTooLow
2022-06-14,414.0,10387.0,0.0,100,373.87,270.0,0,0.0,0.0,,0.0,0,0.0,0.0,,0.0,bidTooLow
2022-06-15,414.0,10920.0,0.0,100,379.2,270.0,0,0.0,0.0,,0.0,0,0.0,0.0,,0.0,bidTooLow
2022-06-16,414.0,9665.0,0.0,100,366.65,270.0,0,0.0,0.0,,0.0,0,0.0,0.0,,0.0,bidTooLow
2022-06-17,414.0,9586.0,0.0,100,365.86,270.0,0,0.0,0.0,,0.0,0,0.0,0.0,,0.0,bidTooLow
2022-06-21,414.0,10507.0,0.0,100,375.07,270.0,0,0.0,0.0,,0.0,0,0.0,0.0,,0.0,bidTooLow
2022-06-22,414.0,10439.0,0.0,100,374.39,270.0,0,0.0,0.0,,0.0,0,0.0,0.0,,0.0,bidTooLow
2022-06-23,414.0,10806.0,0.0,100,378.06,270.0,0,0.0,0.0,,0.0,0,0.0,0.0,,0.0,bidTooLow
2022-06-24,414.0,12008.0,0.0,100,390.08,270.0,0,0.0,0.0,,0.0,0,0.0,0.0,,0.0,bidTooLow
2022-06-27,414.0,11859.0,0.0,100,388.59,270.0,0,0.0,0.0,,0.0,0,0.0,0.0,,0.0,bidTooLow
2022-06-28,414.0,11065.0,0.0,100,380.65,270.0,0,0.0,0.0,,0.0,0,0.0,0.0,,0.0,bidTooLow
2022-06-29,414.0,11034.0,0.0,100,380.34,270.0,0,0.0,0.0,,0.0,0,0.0,0.0,,0.0,bidTooLow
2022-06-30,414.0,10725.0,0.0,100,377.25,270.0,0,0.0,0.0,,0.0,0,0.0,0.0,,0.0,bidTooLow
2022-07-01,414.0,11124.0,0.0,100,381.24,270.0,0,0.0,0.0,,0.0,0,0.0,0.0,,0.0,bidTooLow
2022-07-05,414.0,11196.0,0.0,100,381.96,270.0,0,0.0,0.0,,0.0,0,0.0,0.0,,0.0,bidTooLow
2022-07-06,414.0,11325.0,0.0,100,383.25,270.0,0,0.0,0.0,,0.0,0,0.0,0.0,,0.0,bidTooLow
2022-07-07,414.0,11899.0,0.0,100,388.99,270.0,0,0.0,0.0,,0.0,0,0.0,0.0,,0.0,bidTooLow
2022-07-08,414.0,11867.0,0.0,100,388.67,270.0,0,0.0,0.0,,0.0,0,0.0,0.0,,0.0,bidTooLow
2022-07-11,414.0,11423.0,0.0,100,384.23,270.0,0,0.0,0.0,,0.0,0,0.0,0.0,,0.0,bidTooLow
2022-07-12,414.0,11080.0,0.0,100,380.83,270.0,0,0.0,0.0,,0.0,1,0.01,0.04,SPY220715C00406000,406.0,normalDay
2022-07-13,414.0,10883.0,0.0,100,378.83,270.0,0,0.0,0.0,,0.0,1,0.01,0.01,SPY220715C00406000,406.0,normalDay
2022-07-14,414.0,10791.0,0.0,100,377.91,270.0,0,0.0,0.0,,0.0,1,0.01,0.01,SPY220715C00406000,406.0,normalDay
2022-07-15,415.0,11513.0,1.0,100,385.13,270.0,0,0.0,0.0,,0.0,1,0.01,0.0,SPY220715C00406000,406.0,expirationDay
2022-07-18,415.0,11195.0,0.0,100,381.95,270.0,0,0.0,0.0,,0.0,0,0.0,0.0,,0.0,bidTooLow
2022-07-19,415.0,12224.0,0.0,100,392.27,270.0,0,0.0,0.0,,0.0,1,0.35,0.38,SPY220722C00402500,402.5,normalDay
2022-07-20,415.0,12467.0,0.0,100,394.77,270.0,0,0.0,0.0,,0.0,1,0.35,0.45,SPY220722C00402500,402.5,normalDay
2022-07-21,415.0,12870.0,0.0,100,398.79,270.0,0,0.0,0.0,,0.0,1,0.35,0.44,SPY220722C00402500,402.5,normalDay
2022-07-22,450.0,12509.0,35.0,100,395.09,270.0,0,0.0,0.0,,0.0,1,0.35,0.0,SPY220722C00402500,402.5,expirationDay
2022-07-25,450.0,12554.0,0.0,100,395.57,270.0,0,0.0,0.0,,0.0,1,0.02,0.05,SPY220727C00411000,411.0,normalDay
2022-07-26,450.0,12090.0,0.0,100,390.89,270.0,0,0.0,0.0,,0.0,1,0.02,0.01,SPY220727C00411000,411.0,normalDay
2022-07-27,452.0,13104.0,2.0,100,401.04,270.0,0,0.0,0.0,,0.0,1,0.02,0.0,SPY220727C00411000,411.0,expirationDay
2022-07-28,452.0,13607.0,0.0,100,406.07,270.0,0,0.0,0.0,,0.0,0,0.0,0.0,,0.0,bidTooLow
2022-07-29,452.0,14199.0,0.0,100,411.99,270.0,0,0.0,0.0,,0.0,0,0.0,0.0,,0.0,bidTooLow
2022-08-01,452.0,14077.0,0.0,100,410.77,270.0,0,0.0,0.0,,0.0,0,0.0,0.0,,0.0,bidTooLow
2022-08-02,452.0,13806.0,0.0,100,408.06,270.0,0,0.0,0.0,,0.0,0,0.0,0.0,,0.0,bidTooLow
2022-08-03,452.0,14445.0,0.0,100,414.45,270.0,0,0.0,0.0,,0.0,0,0.0,0.0,,0.0,bidTooLow
2022-08-04,452.0,14417.0,0.0,100,414.17,270.0,0,0.0,0.0,,0.0,0,0.0,0.0,,0.0,bidTooLow
2022-08-05,452.0,14347.0,0.0,100,413.47,270.0,0,0.0,0.0,,0.0,0,0.0,0.0,,0.0,bidTooLow
2022-08-08,452.0,14299.0,0.0,100,412.99,270.0,0,0.0,0.0,,0.0,0,0.0,0.0,,0.0,bidTooLow
2022-08-09,452.0,14135.0,0.0,100,411.35,270.0,0,0.0,0.0,,0.0,0,0.0,0.0,,0.0,bidTooLow
2022-08-10,452.0,14999.0,0.0,100,419.99,270.0,0,0.0,0.0,,0.0,0,0.0,0.0,,0.0,bidTooLow
2022-08-11,452.0,14999.0,0.0,100,419.99,270.0,0,0.0,0.0,,0.0,0,0.0,0.0,,0.0,bidTooLow
2022-08-12,452.0,15710.0,0.0,100,427.1,270.0,0,0.0,0.0,,0.0,0,0.0,0.0,,0.0,bidTooLow
2022-08-15,452.0,15886.0,0.0,100,428.86,270.0,0,0.0,0.0,,0.0,0,0.0,0.0,,0.0,bidTooLow
2022-08-16,452.0,15970.0,0.0,100,429.7,270.0,0,0.0,0.0,,0.0,0,0.0,0.0,,0.0,bidTooLow
2022-08-17,452.0,15665.0,0.0,100,426.65,270.0,0,0.0,0.0,,0.0,0,0.0,0.0,,0.0,bidTooLow
2022-08-18,452.0,15789.0,0.0,100,427.89,270.0,0,0.0,0.0,,0.0,0,0.0,0.0,,0.0,bidTooLow
2022-08-19,452.0,15214.0,0.0,100,422.14,270.0,0,0.0,0.0,,0.0,0,0.0,0.0,,0.0,bidTooLow
2022-08-22,452.0,14335.0,0.0,100,413.35,270.0,0,0.0,0.0,,0.0,0,0.0,0.0,,0.0,bidTooLow
2022-08-23,452.0,14235.0,0.0,100,412.35,270.0,0,0.0,0.0,,0.0,0,0.0,0.0,,0.0,bidTooLow
2022-08-24,452.0,14367.0,0.0,100,413.67,270.0,0,0.0,0.0,,0.0,0,0.0,0.0,,0.0,bidTooLow
2022-08-25,452.0,14951.0,0.0,100,419.51,270.0,0,0.0,0.0,,0.0,0,0.0,0.0,,0.0,bidTooLow
2022-08-26,452.0,13531.0,0.0,100,405.31,270.0,0,0.0,0.0,,0.0,0,0.0,0.0,,0.0,bidTooLow
2022-08-29,452.0,13263.0,0.0,100,402.63,270.0,0,0.0,0.0,,0.0,0,0.0,0.0,,0.0,bidTooLow
2022-08-30,452.0,12821.0,0.0,100,398.21,270.0,0,0.0,0.0,,0.0,0,0.0,0.0,,0.0,bidTooLow
2022-08-31,452.0,12518.0,0.0,100,395.18,270.0,0,0.0,0.0,,0.0,0,0.0,0.0,,0.0,bidTooLow
2022-09-01,452.0,12642.0,0.0,100,396.42,270.0,0,0.0,0.0,,0.0,0,0.0,0.0,,0.0,bidTooLow
2022-09-02,452.0,12224.0,0.0,100,392.24,270.0,0,0.0,0.0,,0.0,0,0.0,0.0,,0.0,bidTooLow
2022-09-06,452.0,12076.0,0.0,100,390.76,270.0,0,0.0,0.0,,0.0,0,0.0,0.0,,0.0,bidTooLow
2022-09-07,452.0,12778.0,0.0,100,397.78,270.0,0,0.0,0.0,,0.0,0,0.0,0.0,,0.0,bidTooLow
2022-09-08,452.0,13038.0,0.0,100,400.38,270.0,0,0.0,0.0,,0.0,0,0.0,0.0,,0.0,bidTooLow
2022-09-09,452.0,13660.0,0.0,100,406.6,270.0,0,0.0,0.0,,0.0,0,0.0,0.0,,0.0,bidTooLow
2022-09-12,452.0,14097.0,0.0,100,410.97,270.0,0,0.0,0.0,,0.0,0,0.0,0.0,,0.0,bidTooLow
2022-09-13,452.0,12310.0,0.0,100,393.1,270.0,0,0.0,0.0,,0.0,0,0.0,0.0,,0.0,bidTooLow
2022-09-14,452.0,12460.0,0.0,100,394.6,270.0,0,0.0,0.0,,0.0,0,0.0,0.0,,0.0,bidTooLow
2022-09-15,452.0,12012.0,0.0,100,390.12,270.0,0,0.0,0.0,,0.0,0,0.0,0.0,,0.0,bidTooLow
2022-09-16,452.0,11556.0,0.0,100,385.56,270.0,0,0.0,0.0,,0.0,0,0.0,0.0,,0.0,bidTooLow
2022-09-19,452.0,11855.0,0.0,100,388.55,270.0,0,0.0,0.0,,0.0,0,0.0,0.0,,0.0,bidTooLow
2022-09-20,452.0,11409.0,0.0,100,384.09,270.0,0,0.0,0.0,,0.0,0,0.0,0.0,,0.0,bidTooLow
2022-09-21,452.0,10739.0,0.0,100,377.39,270.0,0,0.0,0.0,,0.0,0,0.0,0.0,,0.0,bidTooLow
2022-09-22,452.0,10422.0,0.0,100,374.22,270.0,0,0.0,0.0,,0.0,0,0.0,0.0,,0.0,bidTooLow
2022-09-23,452.0,9795.0,0.0,100,367.95,270.0,0,0.0,0.0,,0.0,0,0.0,0.0,,0.0,bidTooLow
2022-09-26,452.0,9431.0,0.0,100,364.31,270.0,0,0.0,0.0,,0.0,0,0.0,0.0,,0.0,bidTooLow
2022-09-27,452.0,9338.0,0.0,100,363.38,270.0,0,0.0,0.0,,0.0,0,0.0,0.0,,0.0,bidTooLow
2022-09-28,452.0,10053.0,0.0,100,370.53,270.0,0,0.0,0.0,,0.0,0,0.0,0.0,,0.0,bidTooLow
2022-09-29,452.0,9279.0,0.0,100,362.79,270.0,0,0.0,0.0,,0.0,0,0.0,0.0,,0.0,bidTooLow
2022-09-30,452.0,8718.0,0.0,100,357.18,270.0,0,0.0,0.0,,0.0,0,0.0,0.0,,0.0,bidTooLow
2022-10-03,452.0,9661.0,0.0,100,366.61,270.0,0,0.0,0.0,,0.0,0,0.0,0.0,,0.0,bidTooLow
2022-10-04,452.0,10797.0,0.0,100,377.97,270.0,0,0.0,0.0,,0.0,0,0.0,0.0,,0.0,bidTooLow
2022-10-05,452.0,10709.0,0.0,100,377.09,270.0,0,0.0,0.0,,0.0,0,0.0,0.0,,0.0,bidTooLow
2022-10-06,452.0,10320.0,0.0,100,373.2,270.0,0,0.0,0.0,,0.0,0,0.0,0.0,,0.0,bidTooLow
2022-10-07,452.0,9279.0,0.0,100,362.79,270.0,0,0.0,0.0,,0.0,0,0.0,0.0,,0.0,bidTooLow
2022-10-10,452.0,9002.0,0.0,100,360.02,270.0,0,0.0,0.0,,0.0,0,0.0,0.0,,0.0,bidTooLow
2022-10-11,452.0,8774.0,0.0,100,357.74,270.0,0,0.0,0.0,,0.0,0,0.0,0.0,,0.0,bidTooLow
2022-10-12,452.0,8656.0,0.0,100,356.56,270.0,0,0.0,0.0,,0.0,0,0.0,0.0,,0.0,bidTooLow
2022-10-13,452.0,9597.0,0.0,100,365.97,270.0,0,0.0,0.0,,0.0,0,0.0,0.0,,0.0,bidTooLow
2022-10-14,452.0,8763.0,0.0,100,357.63,270.0,0,0.0,0.0,,0.0,0,0.0,0.0,,0.0,bidTooLow
2022-10-17,452.0,9682.0,0.0,100,366.82,270.0,0,0.0,0.0,,0.0,0,0.0,0.0,,0.0,bidTooLow
2022-10-18,452.0,10110.0,0.0,100,371.13,270.0,0,0.0,0.0,,0.0,1,0.05,0.08,SPY221021C00394000,394.0,normalDay
2022-10-19,452.0,9853.0,0.0,100,368.5,270.0,0,0.0,0.0,,0.0,1,0.05,0.02,SPY221021C00394000,394.0,normalDay
2022-10-20,452.0,9545.0,0.0,100,365.41,270.0,0,0.0,0.0,,0.0,1,0.05,0.01,SPY221021C00394000,394.0,normalDay
2022-10-21,457.0,10429.0,5.0,100,374.29,270.0,0,0.0,0.0,,0.0,1,0.05,0.0,SPY221021C00394000,394.0,expirationDay
2022-10-24,457.0,10884.0,0.0,100,378.87,270.0,0,0.0,0.0,,0.0,1,0.06,0.09,SPY221026C00395000,395.0,normalDay
2022-10-25,457.0,11494.0,0.0,100,384.92,270.0,0,0.0,0.0,,0.0,1,0.06,0.04,SPY221026C00395000,395.0,normalDay
2022-10-26,463.0,11202.0,6.0,100,382.02,270.0,0,0.0,0.0,,0.0,1,0.06,0.0,SPY221026C00395000,395.0,expirationDay
2022-10-27,463.0,10998.0,0.0,100,379.98,270.0,0,0.0,0.0,,0.0,0,0.0,0.0,,0.0,bidTooLow
2022-10-28,463.0,11902.0,0.0,100,389.02,270.0,0,0.0,0.0,,0.0,0,0.0,0.0,,0.0,bidTooLow
2022-10-31,463.0,11621.0,0.0,100,386.21,270.0,0,0.0,0.0,,0.0,0,0.0,0.0,,0.0,bidTooLow
2022-11-01,463.0,11449.0,0.0,100,384.52,270.0,0,0.0,0.0,,0.0,1,0.02,0.05,SPY221104C00413000,413.0,normalDay
2022-11-02,463.0,10487.0,0.0,100,374.87,270.0,0,0.0,0.0,,0.0,1,0.02,0.02,SPY221104C00413000,413.0,normalDay
2022-11-03,463.0,10102.0,0.0,100,371.01,270.0,0,0.0,0.0,,0.0,1,0.02,0.01,SPY221104C00413000,413.0,normalDay
2022-11-04,465.0,10635.0,2.0,100,376.35,270.0,0,0.0,0.0,,0.0,1,0.02,0.0,SPY221104C00413000,413.0,expirationDay
2022-11-07,465.0,10995.0,0.0,100,379.95,270.0,0,0.0,0.0,,0.0,0,0.0,0.0,,0.0,bidTooLow
2022-11-08,465.0,11197.0,0.0,100,382.0,270.0,0,0.0,0.0,,0.0,1,0.01,0.04,SPY221111C00411000,411.0,normalDay
2022-11-09,465.0,10413.0,0.0,100,374.13,270.0,0,0.0,0.0,,0.0,1,0.01,0.01,SPY221111C00411000,411.0,normalDay
2022-11-10,465.0,12469.0,0.0,100,394.69,270.0,0,0.0,0.0,,0.0,1,0.01,0.01,SPY221111C00411000,411.0,normalDay
2022-11-11,466.0,12851.0,1.0,100,398.51,270.0,0,0.0,0.0,,0.0,1,0.01,0.0,SPY221111C00411000,411.0,expirationDay
2022-11-14,466.0,12512.0,0.0,100,395.12,270.0,0,0.0,0.0,,0.0,0,0.0,0.0,,0.0,bidTooLow
2022-11-15,466.0,12846.0,0.0,100,398.49,270.0,0,0.0,0.0,,0.0,1,0.03,0.06,SPY221118C00419000,419.0,normalDay
2022-11-16,466.0,12546.0,0.0,100,395.45,270.0,0,0.0,0.0,,0.0,1,0.03,0.02,SPY221118C00419000,419.0,normalDay
2022-11-17,466.0,12426.0,0.0,100,394.24,270.0,0,0.0,0.0,,0.0,1,0.03,0.01,SPY221118C00419000,419.0,normalDay
2022-11-18,469.0,12603.0,3.0,100,396.03,270.0,0,0.0,0.0,,0.0,1,0.03,0.0,SPY221118C00419000,419.0,expirationDay
2022-11-21,469.0,12459.0,0.0,100,394.59,270.0,0,0.0,0.0,,0.0,0,0.0,0.0,,0.0,bidTooLow
2022-11-22,469.0,12990.0,0.0,100,399.9,270.0,0,0.0,0.0,,0.0,0,0.0,0.0,,0.0,bidTooLow
2022-11-23,469.0,13242.0,0.0,100,402.42,270.0,0,0.0,0.0,,0.0,0,0.0,0.0,,0.0,bidTooLow
2022-11-25,469.0,13233.0,0.0,100,402.33,270.0,0,0.0,0.0,,0.0,0,0.0,0.0,,0.0,bidTooLow
2022-11-28,469.0,12591.0,0.0,100,395.91,270.0,0,0.0,0.0,,0.0,0,0.0,0.0,,0.0,bidTooLow
2022-11-29,469.0,12523.0,0.0,100,395.23,270.0,0,0.0,0.0,,0.0,0,0.0,0.0,,0.0,bidTooLow
2022-11-30,469.0,13768.0,0.0,100,407.68,270.0,0,0.0,0.0,,0.0,0,0.0,0.0,,0.0,bidTooLow
2022-12-01,469.0,13738.0,0.0,100,407.38,270.0,0,0.0,0.0,,0.0,0,0.0,0.0,,0.0,bidTooLow
2022-12-02,469.0,13691.0,0.0,100,406.91,270.0,0,0.0,0.0,,0.0,0,0.0,0.0,,0.0,bidTooLow
2022-12-05,469.0,12959.0,0.0,100,399.59,270.0,0,0.0,0.0,,0.0,0,0.0,0.0,,0.0,bidTooLow
2022-12-06,469.0,12383.0,0.0,100,393.83,270.0,0,0.0,0.0,,0.0,0,0.0,0.0,,0.0,bidTooLow
2022-12-07,469.0,12316.0,0.0,100,393.16,270.0,0,0.0,0.0,,0.0,0,0.0,0.0,,0.0,bidTooLow
2022-12-08,469.0,12624.0,0.0,100,396.24,270.0,0,0.0,0.0,,0.0,0,0.0,0.0,,0.0,bidTooLow
2022-12-09,469.0,12328.0,0.0,100,393.28,270.0,0,0.0,0.0,,0.0,0,0.0,0.0,,0.0,bidTooLow
2022-12-12,469.0,12892.0,0.0,100,398.95,270.0,0,0.0,0.0,,0.0,1,0.78,0.81,SPY221215C00417000,417.0,normalDay
2022-12-13,469.0,13233.0,0.0,100,401.97,270.0,0,0.0,0.0,,0.0,1,0.78,0.42,SPY221215C00417000,417.0,normalDay
2022-12-14,469.0,13017.0,0.0,100,399.4,270.0,0,0.0,0.0,,0.0,1,0.78,0.01,SPY221215C00417000,417.0,normalDay
2022-12-15,547.0,11963.0,78.0,100,389.63,270.0,0,0.0,0.0,,0.0,1,0.78,0.0,SPY221215C00417000,417.0,expirationDay
2022-12-16,547.0,11327.0,0.0,100,383.27,270.0,0,0.0,0.0,,0.0,0,0.0,0.0,,0.0,bidTooLow
2022-12-19,547.0,11002.0,0.0,100,380.02,270.0,0,0.0,0.0,,0.0,0,0.0,0.0,,0.0,bidTooLow
2022-12-20,547.0,11054.0,0.0,100,380.54,270.0,0,0.0,0.0,,0.0,0,0.0,0.0,,0.0,bidTooLow
2022-12-21,547.0,11623.0,0.0,100,386.23,270.0,0,0.0,0.0,,0.0,0,0.0,0.0,,0.0,bidTooLow
2022-12-22,547.0,11072.0,0.0,100,380.72,270.0,0,0.0,0.0,,0.0,0,0.0,0.0,,0.0,bidTooLow
2022-12-23,547.0,11291.0,0.0,100,382.91,270.0,0,0.0,0.0,,0.0,0,0.0,0.0,,0.0,bidTooLow
2022-12-27,547.0,11140.0,0.0,100,381.4,270.0,0,0.0,0.0,,0.0,0,0.0,0.0,,0.0,bidTooLow
2022-12-28,547.0,10666.0,0.0,100,376.66,270.0,0,0.0,0.0,,0.0,0,0.0,0.0,,0.0,bidTooLow
2022-12-29,547.0,11344.0,0.0,100,383.44,270.0,0,0.0,0.0,,0.0,0,0.0,0.0,,0.0,bidTooLow
2022-12-30,547.0,11243.0,0.0,100,382.43,270.0,0,0.0,0.0,,0.0,0,0.0,0.0,,0.0,bidTooLow
2023-01-03,547.0,11082.0,0.0,100,380.82,270.0,0,0.0,0.0,,0.0,0,0.0,0.0,,0.0,bidTooLow
2023-01-04,547.0,11376.0,0.0,100,383.76,270.0,0,0.0,0.0,,0.0,0,0.0,0.0,,0.0,bidTooLow
2023-01-05,547.0,10938.0,0.0,100,379.38,270.0,0,0.0,0.0,,0.0,0,0.0,0.0,,0.0,bidTooLow
2023-01-06,547.0,11808.0,0.0,100,388.08,270.0,0,0.0,0.0,,0.0,0,0.0,0.0,,0.0,bidTooLow
2023-01-09,547.0,11786.0,0.0,100,387.86,270.0,0,0.0,0.0,,0.0,0,0.0,0.0,,0.0,bidTooLow
2023-01-10,547.0,12058.0,0.0,100,390.58,270.0,0,0.0,0.0,,0.0,0,0.0,0.0,,0.0,bidTooLow
2023-01-11,547.0,12549.0,0.0,100,395.52,270.0,0,0.0,0.0,,0.0,1,0.08,0.11,SPY230113C00412500,412.5,normalDay
2023-01-12,547.0,12703.0,0.0,100,396.96,270.0,0,0.0,0.0,,0.0,1,0.08,0.01,SPY230113C00412500,412.5,normalDay
2023-01-13,555.0,12850.0,8.0,100,398.5,270.0,0,0.0,0.0,,0.0,1,0.08,0.0,SPY230113C00412500,412.5,expirationDay
2023-01-17,555.0,12774.0,0.0,100,397.77,270.0,0,0.0,0.0,,0.0,1,0.01,0.04,SPY230120C00412000,412.0,normalDay
2023-01-18,555.0,12148.0,0.0,100,391.49,270.0,0,0.0,0.0,,0.0,1,0.01,0.02,SPY230120C00412000,412.0,normalDay
2023-01-19,555.0,11864.0,0.0,100,388.64,270.0,0,0.0,0.0,,0.0,1,0.01,0.01,SPY230120C00412000,412.0,normalDay
2023-01-20,556.0,12588.0,1.0,100,395.88,270.0,0,0.0,0.0,,0.0,1,0.01,0.0,SPY230120C00412000,412.0,expirationDay
2023-01-23,556.0,13063.0,0.0,100,400.63,270.0,0,0.0,0.0,,0.0,0,0.0,0.0,,0.0,bidTooLow
2023-01-24,556.0,13020.0,0.0,100,400.2,270.0,0,0.0,0.0,,0.0,0,0.0,0.0,,0.0,bidTooLow
2023-01-25,556.0,13035.0,0.0,100,400.35,270.0,0,0.0,0.0,,0.0,0,0.0,0.0,,0.0,bidTooLow
2023-01-26,556.0,13475.0,0.0,100,404.75,270.0,0,0.0,0.0,,0.0,0,0.0,0.0,,0.0,bidTooLow
2023-01-27,556.0,13568.0,0.0,100,405.68,270.0,0,0.0,0.0,,0.0,0,0.0,0.0,,0.0,bidTooLow
2023-01-30,556.0,13059.0,0.0,100,400.59,270.0,0,0.0,0.0,,0.0,0,0.0,0.0,,0.0,bidTooLow
2023-01-31,556.0,13645.0,0.0,100,406.48,270.0,0,0.0,0.0,,0.0,1,0.04,0.07,SPY230203C00426000,426.0,normalDay
2023-02-01,556.0,14077.0,0.0,100,410.8,270.0,0,0.0,0.0,,0.0,1,0.04,0.07,SPY230203C00426000,426.0,normalDay
2023-02-02,556.0,14673.0,0.0,100,416.78,270.0,0,0.0,0.0,,0.0,1,0.04,0.09,SPY230203C00426000,426.0,normalDay
2023-02-03,560.0,14235.0,4.0,100,412.35,270.0,0,0.0,0.0,,0.0,1,0.04,0.0,SPY230203C00426000,426.0,expirationDay
2023-02-06,560.0,13983.0,0.0,100,409.83,270.0,0,0.0,0.0,,0.0,0,0.0,0.0,,0.0,bidTooLow
2023-02-07,560.0,14519.0,0.0,100,415.19,270.0,0,0.0,0.0,,0.0,0,0.0,0.0,,0.0,bidTooLow
2023-02-08,560.0,14065.0,0.0,100,410.65,270.0,0,0.0,0.0,,0.0,0,0.0,0.0,,0.0,bidTooLow
2023-02-09,560.0,13709.0,0.0,100,407.09,270.0,0,0.0,0.0,,0.0,0,0.0,0.0,,0.0,bidTooLow
2023-02-10,560.0,13804.0,0.0,100,408.04,270.0,0,0.0,0.0,,0.0,0,0.0,0.0,,0.0,bidTooLow
2023-02-13,560.0,14280.0,0.0,100,412.83,270.0,0,0.0,0.0,,0.0,1,0.01,0.04,SPY230216C00435000,435.0,normalDay
2023-02-14,560.0,14264.0,0.0,100,412.64,270.0,0,0.0,0.0,,0.0,1,0.01,0.01,SPY230216C00435000,435.0,normalDay
2023-02-15,560.0,14398.0,0.0,100,413.98,270.0,0,0.0,0.0,,0.0,1,0.01,0.01,SPY230216C00435000,435.0,normalDay
2023-02-16,561.0,13828.0,1.0,100,408.28,270.0,0,0.0,0.0,,0.0,1,0.01,0.0,SPY230216C00435000,435.0,expirationDay
2023-02-17,561.0,13726.0,0.0,100,407.26,270.0,0,0.0,0.0,,0.0,0,0.0,0.0,,0.0,bidTooLow
2023-02-21,561.0,12909.0,0.0,100,399.09,270.0,0,0.0,0.0,,0.0,0,0.0,0.0,,0.0,bidTooLow
2023-02-22,561.0,12854.0,0.0,100,398.54,270.0,0,0.0,0.0,,0.0,0,0.0,0.0,,0.0,bidTooLow
2023-02-23,561.0,13066.0,0.0,100,400.66,270.0,0,0.0,0.0,,0.0,0,0.0,0.0,,0.0,bidTooLow
2023-02-24,561.0,12638.0,0.0,100,396.38,270.0,0,0.0,0.0,,0.0,0,0.0,0.0,,0.0,bidTooLow
2023-02-27,561.0,12773.0,0.0,100,397.73,270.0,0,0.0,0.0,,0.0,0,0.0,0.0,,0.0,bidTooLow
2023-02-28,561.0,12626.0,0.0,100,396.26,270.0,0,0.0,0.0,,0.0,0,0.0,0.0,,0.0,bidTooLow
2023-03-01,561.0,12474.0,0.0,100,394.74,270.0,0,0.0,0.0,,0.0,0,0.0,0.0,,0.0,bidTooLow
2023-03-02,561.0,12781.0,0.0,100,397.81,270.0,0,0.0,0.0,,0.0,0,0.0,0.0,,0.0,bidTooLow
2023-03-03,561.0,13419.0,0.0,100,404.19,270.0,0,0.0,0.0,,0.0,0,0.0,0.0,,0.0,bidTooLow
2023-03-06,561.0,13447.0,0.0,100,404.47,270.0,0,0.0,0.0,,0.0,0,0.0,0.0,,0.0,bidTooLow
2023-03-07,561.0,12827.0,0.0,100,398.27,270.0,0,0.0,0.0,,0.0,0,0.0,0.0,,0.0,bidTooLow
2023-03-08,561.0,12892.0,0.0,100,398.92,270.0,0,0.0,0.0,,0.0,0,0.0,0.0,,0.0,bidTooLow
2023-03-09,561.0,12156.0,0.0,100,391.56,270.0,0,0.0,0.0,,0.0,0,0.0,0.0,,0.0,bidTooLow
2023-03-10,561.0,11591.0,0.0,100,385.91,270.0,0,0.0,0.0,,0.0,0,0.0,0.0,,0.0,bidTooLow
2023-03-13,561.0,11536.0,0.0,100,385.36,270.0,0,0.0,0.0,,0.0,0,0.0,0.0,,0.0,bidTooLow
2023-03-14,561.0,12173.0,0.0,100,391.73,270.0,0,0.0,0.0,,0.0,0,0.0,0.0,,0.0,bidTooLow
2023-03-15,561.0,11928.0,0.0,100,389.28,270.0,0,0.0,0.0,,0.0,0,0.0,0.0,,0.0,bidTooLow
2023-03-16,561.0,12611.0,0.0,100,396.11,270.0,0,0.0,0.0,,0.0,0,0.0,0.0,,0.0,bidTooLow
2023-03-17,561.0,11999.0,0.0,100,389.99,270.0,0,0.0,0.0,,0.0,0,0.0,0.0,,0.0,bidTooLow
2023-03-20,561.0,12374.0,0.0,100,393.74,270.0,0,0.0,0.0,,0.0,0,0.0,0.0,,0.0,bidTooLow
2023-03-21,561.0,12888.0,0.0,100,398.91,270.0,0,0.0,0.0,,0.0,1,0.06,0.09,SPY230324C00416000,416.0,normalDay
2023-03-22,561.0,12216.0,0.0,100,392.11,270.0,0,0.0,0.0,,0.0,1,0.06,0.01,SPY230324C00416000,416.0,normalDay
2023-03-23,561.0,12322.0,0.0,100,393.17,270.0,0,0.0,0.0,,0.0,1,0.06,0.01,SPY230324C00416000,416.0,normalDay
2023-03-24,567.0,12575.0,6.0,100,395.75,270.0,0,0.0,0.0,,0.0,1,0.06,0.0,SPY230324C00416000,416.0,expirationDay
2023-03-27,567.0,12649.0,0.0,100,396.49,270.0,0,0.0,0.0,,0.0,0,0.0,0.0,,0.0,bidTooLow
2023-03-28,567.0,12560.0,0.0,100,395.6,270.0,0,0.0,0.0,,0.0,0,0.0,0.0,,0.0,bidTooLow
2023-03-29,567.0,13135.0,0.0,100,401.35,270.0,0,0.0,0.0,,0.0,0,0.0,0.0,,0.0,bidTooLow
2023-03-30,567.0,13370.0,0.0,100,403.7,270.0,0,0.0,0.0,,0.0,0,0.0,0.0,,0.0,bidTooLow
2023-03-31,567.0,13939.0,0.0,100,409.39,270.0,0,0.0,0.0,,0.0,0,0.0,0.0,,0.0,bidTooLow
2023-04-03,567.0,14092.0,0.0,100,410.95,270.0,0,0.0,0.0,,0.0,1,0.03,0.06,SPY230406C00422000,422.0,normalDay
2023-04-04,567.0,13869.0,0.0,100,408.67,270.0,0,0.0,0.0,,0.0,1,0.03,0.01,SPY230406C00422000,422.0,normalDay
2023-04-05,567.0,13762.0,0.0,100,407.6,270.0,0,0.0,0.0,,0.0,1,0.03,0.01,SPY230406C00422000,422.0,normalDay
2023-04-06,570.0,13919.0,3.0,100,409.19,270.0,0,0.0,0.0,,0.0,1,0.03,0.0,SPY230406C00422000,422.0,expirationDay
2023-04-10,570.0,13961.0,0.0,100,409.61,270.0,0,0.0,0.0,,0.0,0,0.0,0.0,,0.0,bidTooLow
2023-04-11,570.0,13972.0,0.0,100,409.72,270.0,0,0.0,0.0,,0.0,0,0.0,0.0,,0.0,bidTooLow
2023-04-12,570.0,13805.0,0.0,100,408.05,270.0,0,0.0,0.0,,0.0,0,0.0,0.0,,0.0,bidTooLow
2023-04-13,570.0,14347.0,0.0,100,413.47,270.0,0,0.0,0.0,,0.0,0,0.0,0.0,,0.0,bidTooLow
2023-04-14,570.0,14246.0,0.0,100,412.46,270.0,0,0.0,0.0,,0.0,0,0.0,0.0,,0.0,bidTooLow
2023-04-17,570.0,14394.0,0.0,100,413.94,270.0,0,0.0,0.0,,0.0,0,0.0,0.0,,0.0,bidTooLow
2023-04-18,570.0,14421.0,0.0,100,414.21,270.0,0,0.0,0.0,,0.0,0,0.0,0.0,,0.0,bidTooLow
2023-04-19,570.0,14414.0,0.0,100,414.14,270.0,0,0.0,0.0,,0.0,0,0.0,0.0,,0.0,bidTooLow
2023-04-20,570.0,14188.0,0.0,100,411.88,270.0,0,0.0,0.0,,0.0,0,0.0,0.0,,0.0,bidTooLow
2023-04-21,570.0,14220.0,0.0,100,412.2,270.0,0,0.0,0.0,,0.0,0,0.0,0.0,,0.0,bidTooLow
2023-04-24,570.0,14263.0,0.0,100,412.63,270.0,0,0.0,0.0,,0.0,0,0.0,0.0,,0.0,bidTooLow
2023-04-25,570.0,13608.0,0.0,100,406.08,270.0,0,0.0,0.0,,0.0,0,0.0,0.0,,0.0,bidTooLow
2023-04-26,570.0,13436.0,0.0,100,404.36,270.0,0,0.0,0.0,,0.0,0,0.0,0.0,,0.0,bidTooLow
2023-04-27,570.0,14241.0,0.0,100,412.41,270.0,0,0.0,0.0,,0.0,0,0.0,0.0,,0.0,bidTooLow
2023-04-28,570.0,14593.0,0.0,100,415.93,270.0,0,0.0,0.0,,0.0,0,0.0,0.0,,0.0,bidTooLow
2023-05-01,570.0,14548.0,0.0,100,415.51,270.0,0,0.0,0.0,,0.0,1,0.25,0.28,SPY230504C00423000,423.0,normalDay
2023-05-02,570.0,14103.0,0.0,100,410.84,270.0,0,0.0,0.0,,0.0,1,0.25,0.06,SPY230504C00423000,423.0,normalDay
2023-05-03,570.0,13826.0,0.0,100,408.02,270.0,0,0.0,0.0,,0.0,1,0.25,0.01,SPY230504C00423000,423.0,normalDay
2023-05-04,595.0,13513.0,25.0,100,405.13,270.0,0,0.0,0.0,,0.0,1,0.25,0.0,SPY230504C00423000,423.0,expirationDay
2023-05-05,595.0,14263.0,0.0,100,412.63,270.0,0,0.0,0.0,,0.0,0,0.0,0.0,,0.0,bidTooLow
2023-05-08,595.0,14271.0,0.0,100,412.74,270.0,0,0.0,0.0,,0.0,1,0.01,0.04,SPY230511C00424000,424.0,normalDay
2023-05-09,595.0,14092.0,0.0,100,410.93,270.0,0,0.0,0.0,,0.0,1,0.01,0.02,SPY230511C00424000,424.0,normalDay
2023-05-10,595.0,14285.0,0.0,100,412.85,270.0,0,0.0,0.0,,0.0,1,0.01,0.01,SPY230511C00424000,424.0,normalDay
2023-05-11,596.0,14213.0,1.0,100,412.13,270.0,0,0.0,0.0,,0.0,1,0.01,0.0,SPY230511C00424000,424.0,expirationDay
2023-05-12,596.0,14159.0,0.0,100,411.59,270.0,0,0.0,0.0,,0.0,0,0.0,0.0,,0.0,bidTooLow
2023-05-15,596.0,14301.0,0.0,100,413.01,270.0,0,0.0,0.0,,0.0,0,0.0,0.0,,0.0,bidTooLow
2023-05-16,596.0,14025.0,0.0,100,410.25,270.0,0,0.0,0.0,,0.0,0,0.0,0.0,,0.0,bidTooLow
2023-05-17,596.0,14520.0,0.0,100,415.23,270.0,0,0.0,0.0,,0.0,1,0.02,0.05,SPY230519C00424000,424.0,normalDay
2023-05-18,596.0,14916.0,0.0,100,419.23,270.0,0,0.0,0.0,,0.0,1,0.02,0.09,SPY230519C00424000,424.0,normalDay
2023-05-19,598.0,14862.0,2.0,100,418.62,270.0,0,0.0,0.0,,0.0,1,0.02,0.0,SPY230519C00424000,424.0,expirationDay
2023-05-22,598.0,14876.0,0.0,100,418.79,270.0,0,0.0,0.0,,0.0,1,0.03,0.06,SPY230525C00429000,429.0,normalDay
2023-05-23,598.0,14411.0,0.0,100,414.09,270.0,0,0.0,0.0,,0.0,1,0.03,0.01,SPY230525C00429000,429.0,normalDay
2023-05-24,598.0,14111.0,0.0,100,411.09,270.0,0,0.0,0.0,,0.0,1,0.03,0.01,SPY230525C00429000,429.0,normalDay
2023-05-25,601.0,14465.0,3.0,100,414.65,270.0,0,0.0,0.0,,0.0,1,0.03,0.0,SPY230525C00429000,429.0,expirationDay
2023-05-26,601.0,15002.0,0.0,100,420.02,270.0,0,0.0,0.0,,0.0,0,0.0,0.0,,0.0,bidTooLow
2023-05-30,601.0,15015.0,0.0,100,420.18,270.0,0,0.0,0.0,,0.0,1,0.1,0.13,SPY230602C00430000,430.0,normalDay
2023-05-31,601.0,14792.0,0.0,100,417.85,270.0,0,0.0,0.0,,0.0,1,0.1,0.03,SPY230602C00430000,430.0,normalDay
2023-06-01,601.0,15190.0,0.0,100,421.82,270.0,0,0.0,0.0,,0.0,1,0.1,0.02,SPY230602C00430000,430.0,normalDay
2023-06-02,611.0,15792.0,10.0,100,427.92,270.0,0,0.0,0.0,,0.0,1,0.1,0.0,SPY230602C00430000,430.0,expirationDay
2023-06-05,611.0,15707.0,0.0,100,427.1,270.0,0,0.0,0.0,,0.0,1,0.01,0.04,SPY230608C00437000,437.0,normalDay
2023-06-06,611.0,15801.0,0.0,100,428.03,270.0,0,0.0,0.0,,0.0,1,0.01,0.03,SPY230608C00437000,437.0,normalDay
2023-06-07,611.0,15655.0,0.0,100,426.55,270.0,0,0.0,0.0,,0.0,1,0.01,0.01,SPY230608C00437000,437.0,normalDay
2023-06-08,612.0,15913.0,1.0,100,429.13,270.0,0,0.0,0.0,,0.0,1,0.01,0.0,SPY230608C00437000,437.0,expirationDay
2023-06-09,612.0,15990.0,0.0,100,429.9,270.0,0,0.0,0.0,,0.0,0,0.0,0.0,,0.0,bidTooLow
2023-06-12,612.0,16377.0,0.0,100,433.8,270.0,0,0.0,0.0,,0.0,1,0.04,0.07,SPY230615C00448000,448.0,normalDay
2023-06-13,612.0,16661.0,0.0,100,436.66,270.0,0,0.0,0.0,,0.0,1,0.04,0.09,SPY230615C00448000,448.0,normalDay
2023-06-14,612.0,16719.0,0.0,100,437.18,270.0,0,0.0,0.0,,0.0,1,0.04,0.03,SPY230615C00448000,448.0,normalDay
2023-06-15,616.0,17260.0,4.0,100,442.6,270.0,0,0.0,0.0,,0.0,1,0.04,0.0,SPY230615C00448000,448.0,expirationDay
2023-06-16,616.0,16946.0,0.0,100,439.46,270.0,0,0.0,0.0,,0.0,0,0.0,0.0,,0.0,bidTooLow
2023-06-20,616.0,16718.0,0.0,100,437.18,270.0,0,0.0,0.0,,0.0,0,0.0,0.0,,0.0,bidTooLow
2023-06-21,616.0,16494.0,0.0,100,434.94,270.0,0,0.0,0.0,,0.0,0,0.0,0.0,,0.0,bidTooLow
2023-06-22,616.0,16651.0,0.0,100,436.51,270.0,0,0.0,0.0,,0.0,0,0.0,0.0,,0.0,bidTooLow
2023-06-23,616.0,16321.0,0.0,100,433.21,270.0,0,0.0,0.0,,0.0,0,0.0,0.0,,0.0,bidTooLow
2023-06-26,616.0,16144.0,0.0,100,431.44,270.0,0,0.0,0.0,,0.0,0,0.0,0.0,,0.0,bidTooLow
2023-06-27,616.0,16617.0,0.0,100,436.17,270.0,0,0.0,0.0,,0.0,0,0.0,0.0,,0.0,bidTooLow
2023-06-28,616.0,16639.0,0.0,100,436.39,270.0,0,0.0,0.0,,0.0,0,0.0,0.0,,0.0,bidTooLow
2023-06-29,616.0,16811.0,0.0,100,438.11,270.0,0,0.0,0.0,,0.0,0,0.0,0.0,,0.0,bidTooLow
2023-06-30,616.0,17328.0,0.0,100,443.28,270.0,0,0.0,0.0,,0.0,0,0.0,0.0,,0.0,bidTooLow
2023-07-03,616.0,17379.0,0.0,100,443.79,270.0,0,0.0,0.0,,0.0,0,0.0,0.0,,0.0,bidTooLow
2023-07-05,616.0,17313.0,0.0,100,443.13,270.0,0,0.0,0.0,,0.0,0,0.0,0.0,,0.0,bidTooLow
2023-07-06,616.0,16966.0,0.0,100,439.66,270.0,0,0.0,0.0,,0.0,0,0.0,0.0,,0.0,bidTooLow
2023-07-07,616.0,16855.0,0.0,100,438.55,270.0,0,0.0,0.0,,0.0,0,0.0,0.0,,0.0,bidTooLow
2023-07-10,616.0,16966.0,0.0,100,439.66,270.0,0,0.0,0.0,,0.0,0,0.0,0.0,,0.0,bidTooLow
2023-07-11,616.0,17243.0,0.0,100,442.46,270.0,0,0.0,0.0,,0.0,1,0.11,0.14,SPY230714C00452000,452.0,normalDay
2023-07-12,616.0,17600.0,0.0,100,446.02,270.0,0,0.0,0.0,,0.0,1,0.11,0.13,SPY230714C00452000,452.0,normalDay
2023-07-13,616.0,17939.0,0.0,100,449.56,270.0,0,0.0,0.0,,0.0,1,0.11,0.28,SPY230714C00452000,452.0,normalDay
2023-07-14,627.0,17928.0,11.0,100,449.28,270.0,0,0.0,0.0,,0.0,1,0.11,0.0,SPY230714C00452000,452.0,expirationDay
2023-07-17,627.0,18084.0,0.0,100,450.84,270.0,0,0.0,0.0,,0.0,0,0.0,0.0,,0.0,bidTooLow
2023-07-18,627.0,18419.0,0.0,100,454.19,270.0,0,0.0,0.0,,0.0,0,0.0,0.0,,0.0,bidTooLow
2023-07-19,627.0,18520.0,0.0,100,455.2,270.0,0,0.0,0.0,,0.0,0,0.0,0.0,,0.0,bidTooLow
2023-07-20,627.0,18218.0,0.0,100,452.18,270.0,0,0.0,0.0,,0.0,0,0.0,0.0,,0.0,bidTooLow
2023-07-21,627.0,18218.0,0.0,100,452.18,270.0,0,0.0,0.0,,0.0,0,0.0,0.0,,0.0,bidTooLow
2023-07-24,627.0,18420.0,0.0,100,454.2,270.0,0,0.0,0.0,,0.0,0,0.0,0.0,,0.0,bidTooLow
2023-07-25,627.0,18544.0,0.0,100,455.44,270.0,0,0.0,0.0,,0.0,0,0.0,0.0,,0.0,bidTooLow
2023-07-26,627.0,18551.0,0.0,100,455.51,270.0,0,0.0,0.0,,0.0,0,0.0,0.0,,0.0,bidTooLow
2023-07-27,627.0,18249.0,0.0,100,452.49,270.0,0,0.0,0.0,,0.0,0,0.0,0.0,,0.0,bidTooLow
2023-07-28,627.0,18692.0,0.0,100,456.92,270.0,0,0.0,0.0,,0.0,0,0.0,0.0,,0.0,bidTooLow
2023-07-31,627.0,18779.0,0.0,100,457.79,270.0,0,0.0,0.0,,0.0,0,0.0,0.0,,0.0,bidTooLow
2023-08-01,627.0,18648.0,0.0,100,456.48,270.0,0,0.0,0.0,,0.0,0,0.0,0.0,,0.0,bidTooLow
2023-08-02,627.0,18013.0,0.0,100,450.13,270.0,0,0.0,0.0,,0.0,0,0.0,0.0,,0.0,bidTooLow
2023-08-03,627.0,17884.0,0.0,100,448.84,270.0,0,0.0,0.0,,0.0,0,0.0,0.0,,0.0,bidTooLow
2023-08-04,627.0,17681.0,0.0,100,446.81,270.0,0,0.0,0.0,,0.0,0,0.0,0.0,,0.0,bidTooLow
2023-08-07,627.0,18071.0,0.0,100,450.71,270.0,0,0.0,0.0,,0.0,0,0.0,0.0,,0.0,bidTooLow
2023-08-08,627.0,17875.0,0.0,100,448.75,270.0,0,0.0,0.0,,0.0,0,0.0,0.0,,0.0,bidTooLow
2023-08-09,627.0,17575.0,0.0,100,445.75,270.0,0,0.0,0.0,,0.0,0,0.0,0.0,,0.0,bidTooLow
2023-08-10,627.0,17591.0,0.0,100,445.91,270.0,0,0.0,0.0,,0.0,0,0.0,0.0,,0.0,bidTooLow
2023-08-11,627.0,17565.0,0.0,100,445.65,270.0,0,0.0,0.0,,0.0,0,0.0,0.0,,0.0,bidTooLow
2023-08-14,627.0,17811.0,0.0,100,448.11,270.0,0,0.0,0.0,,0.0,0,0.0,0.0,,0.0,bidTooLow
2023-08-15,627.0,17289.0,0.0,100,442.89,270.0,0,0.0,0.0,,0.0,0,0.0,0.0,,0.0,bidTooLow
2023-08-16,627.0,16964.0,0.0,100,439.64,270.0,0,0.0,0.0,,0.0,0,0.0,0.0,,0.0,bidTooLow
2023-08-17,627.0,16629.0,0.0,100,436.29,270.0,0,0.0,0.0,,0.0,0,0.0,0.0,,0.0,bidTooLow
2023-08-18,627.0,16650.0,0.0,100,436.5,270.0,0,0.0,0.0,,0.0,0,0.0,0.0,,0.0,bidTooLow
2023-08-21,627.0,16934.0,0.0,100,439.34,270.0,0,0.0,0.0,,0.0,0,0.0,0.0,,0.0,bidTooLow
2023-08-22,627.0,16815.0,0.0,100,438.15,270.0,0,0.0,0.0,,0.0,0,0.0,0.0,,0.0,bidTooLow
2023-08-23,627.0,17303.0,0.0,100,443.03,270.0,0,0.0,0.0,,0.0,0,0.0,0.0,,0.0,bidTooLow
2023-08-24,627.0,16689.0,0.0,100,436.89,270.0,0,0.0,0.0,,0.0,0,0.0,0.0,,0.0,bidTooLow
2023-08-25,627.0,16997.0,0.0,100,439.97,270.0,0,0.0,0.0,,0.0,0,0.0,0.0,,0.0,bidTooLow
2023-08-28,627.0,17276.0,0.0,100,442.76,270.0,0,0.0,0.0,,0.0,0,0.0,0.0,,0.0,bidTooLow
2023-08-29,627.0,17913.0,0.0,100,449.16,270.0,0,0.0,0.0,,0.0,1,0.01,0.04,SPY230901C00463000,463.0,normalDay
2023-08-30,627.0,18099.0,0.0,100,451.01,270.0,0,0.0,0.0,,0.0,1,0.01,0.03,SPY230901C00463000,463.0,normalDay
2023-08-31,627.0,18035.0,0.0,100,450.35,270.0,0,0.0,0.0,,0.0,1,0.01,0.01,SPY230901C00463000,463.0,normalDay
2023-09-01,628.0,18119.0,1.0,100,451.19,270.0,0,0.0,0.0,,0.0,1,0.01,0.0,SPY230901C00463000,463.0,expirationDay
2023-09-05,628.0,17924.0,0.0,100,449.24,270.0,0,0.0,0.0,,0.0,0,0.0,0.0,,0.0,bidTooLow
2023-09-06,628.0,17622.0,0.0,100,446.22,270.0,0,0.0,0.0,,0.0,0,0.0,0.0,,0.0,bidTooLow
2023-09-07,628.0,17485.0,0.0,100,444.85,270.0,0,0.0,0.0,,0.0,0,0.0,0.0,,0.0,bidTooLow
2023-09-08,628.0,17552.0,0.0,100,445.52,270.0,0,0.0,0.0,,0.0,0,0.0,0.0,,0.0,bidTooLow
2023-09-11,628.0,17845.0,0.0,100,448.45,270.0,0,0.0,0.0,,0.0,0,0.0,0.0,,0.0,bidTooLow
2023-09-12,628.0,17599.0,0.0,100,445.99,270.0,0,0.0,0.0,,0.0,0,0.0,0.0,,0.0,bidTooLow
2023-09-13,628.0,17651.0,0.0,100,446.51,270.0,0,0.0,0.0,,0.0,0,0.0,0.0,,0.0,bidTooLow
2023-09-14,628.0,18036.0,0.0,100,450.36,270.0,0,0.0,0.0,,0.0,0,0.0,0.0,,0.0,bidTooLow
2023-09-15,628.0,17337.0,0.0,100,443.37,270.0,0,0.0,0.0,,0.0,0,0.0,0.0,,0.0,bidTooLow
2023-09-18,628.0,17363.0,0.0,100,443.63,270.0,0,0.0,0.0,,0.0,0,0.0,0.0,,0.0,bidTooLow
2023-09-19,628.0,17271.0,0.0,100,442.71,270.0,0,0.0,0.0,,0.0,0,0.0,0.0,,0.0,bidTooLow
2023-09-20,628.0,16864.0,0.0,100,438.64,270.0,0,0.0,0.0,,0.0,0,0.0,0.0,,0.0,bidTooLow
2023-09-21,628.0,16139.0,0.0,100,431.39,270.0,0,0.0,0.0,,0.0,0,0.0,0.0,,0.0,bidTooLow
2023-09-22,628.0,16042.0,0.0,100,430.42,270.0,0,0.0,0.0,,0.0,0,0.0,0.0,,0.0,bidTooLow
2023-09-25,628.0,16223.0,0.0,100,432.23,270.0,0,0.0,0.0,,0.0,0,0.0,0.0,,0.0,bidTooLow
2023-09-26,628.0,15588.0,0.0,100,425.88,270.0,0,0.0,0.0,,0.0,0,0.0,0.0,,0.0,bidTooLow
2023-09-27,628.0,15605.0,0.0,100,426.05,270.0,0,0.0,0.0,,0.0,0,0.0,0.0,,0.0,bidTooLow
2023-09-28,628.0,15852.0,0.0,100,428.52,270.0,0,0.0,0.0,,0.0,0,0.0,0.0,,0.0,bidTooLow
2023-09-29,628.0,15748.0,0.0,100,427.48,270.0,0,0.0,0.0,,0.0,0,0.0,0.0,,0.0,bidTooLow
2023-10-02,628.0,15731.0,0.0,100,427.31,270.0,0,0.0,0.0,,0.0,0,0.0,0.0,,0.0,bidTooLow
2023-10-03,628.0,15159.0,0.0,100,421.59,270.0,0,0.0,0.0,,0.0,0,0.0,0.0,,0.0,bidTooLow
2023-10-04,628.0,15466.0,0.0,100,424.66,270.0,0,0.0,0.0,,0.0,0,0.0,0.0,,0.0,bidTooLow
2023-10-05,628.0,15450.0,0.0,100,424.5,270.0,0,0.0,0.0,,0.0,0,0.0,0.0,,0.0,bidTooLow
2023-10-06,628.0,15954.0,0.0,100,429.54,270.0,0,0.0,0.0,,0.0,0,0.0,0.0,,0.0,bidTooLow
2023-10-09,628.0,16229.0,0.0,100,432.29,270.0,0,0.0,0.0,,0.0,0,0.0,0.0,,0.0,bidTooLow
2023-10-10,628.0,16454.0,0.0,100,434.54,270.0,0,0.0,0.0,,0.0,0,0.0,0.0,,0.0,bidTooLow
2023-10-11,628.0,16632.0,0.0,100,436.32,270.0,0,0.0,0.0,,0.0,0,0.0,0.0,,0.0,bidTooLow
2023-10-12,628.0,16366.0,0.0,100,433.66,270.0,0,0.0,0.0,,0.0,0,0.0,0.0,,0.0,bidTooLow
2023-10-13,628.0,16150.0,0.0,100,431.5,270.0,0,0.0,0.0,,0.0,0,0.0,0.0,,0.0,bidTooLow
2023-10-16,628.0,16604.0,0.0,100,436.04,270.0,0,0.0,0.0,,0.0,0,0.0,0.0,,0.0,bidTooLow
2023-10-17,628.0,16599.0,0.0,100,436.02,270.0,0,0.0,0.0,,0.0,1,0.01,0.04,SPY231020C00449000,449.0,normalDay
2023-10-18,628.0,16020.0,0.0,100,430.21,270.0,0,0.0,0.0,,0.0,1,0.01,0.02,SPY231020C00449000,449.0,normalDay
2023-10-19,628.0,15643.0,0.0,100,426.43,270.0,0,0.0,0.0,,0.0,1,0.01,0.01,SPY231020C00449000,449.0,normalDay
2023-10-20,629.0,15119.0,1.0,100,421.19,270.0,0,0.0,0.0,,0.0,1,0.01,0.0,SPY231020C00449000,449.0,expirationDay
2023-10-23,629.0,15046.0,0.0,100,420.46,270.0,0,0.0,0.0,,0.0,0,0.0,0.0,,0.0,bidTooLow
2023-10-24,629.0,15363.0,0.0,100,423.63,270.0,0,0.0,0.0,,0.0,0,0.0,0.0,,0.0,bidTooLow
2023-10-25,629.0,14755.0,0.0,100,417.55,270.0,0,0.0,0.0,,0.0,0,0.0,0.0,,0.0,bidTooLow
2023-10-26,629.0,14255.0,0.0,100,412.55,270.0,0,0.0,0.0,,0.0,0,0.0,0.0,,0.0,bidTooLow
2023-10-27,629.0,14068.0,0.0,100,410.68,270.0,0,0.0,0.0,,0.0,0,0.0,0.0,,0.0,bidTooLow
2023-10-30,629.0,14559.0,0.0,100,415.59,270.0,0,0.0,0.0,,0.0,0,0.0,0.0,,0.0,bidTooLow
2023-10-31,629.0,14820.0,0.0,100,418.2,270.0,0,0.0,0.0,,0.0,0,0.0,0.0,,0.0,bidTooLow
2023-11-01,629.0,15266.0,0.0,100,422.66,270.0,0,0.0,0.0,,0.0,0,0.0,0.0,,0.0,bidTooLow
2023-11-02,629.0,16076.0,0.0,100,430.76,270.0,0,0.0,0.0,,0.0,0,0.0,0.0,,0.0,bidTooLow
2023-11-03,629.0,16469.0,0.0,100,434.69,270.0,0,0.0,0.0,,0.0,0,0.0,0.0,,0.0,bidTooLow
2023-11-06,629.0,16569.0,0.0,100,435.69,270.0,0,0.0,0.0,,0.0,0,0.0,0.0,,0.0,bidTooLow
2023-11-07,629.0,16693.0,0.0,100,436.93,270.0,0,0.0,0.0,,0.0,0,0.0,0.0,,0.0,bidTooLow
2023-11-08,629.0,16725.0,0.0,100,437.25,270.0,0,0.0,0.0,,0.0,0,0.0,0.0,,0.0,bidTooLow
2023-11-09,629.0,16384.0,0.0,100,433.84,270.0,0,0.0,0.0,,0.0,0,0.0,0.0,,0.0,bidTooLow
2023-11-10,629.0,17061.0,0.0,100,440.61,270.0,0,0.0,0.0,,0.0,0,0.0,0.0,,0.0,bidTooLow
2023-11-13,629.0,17019.0,0.0,100,440.19,270.0,0,0.0,0.0,,0.0,0,0.0,0.0,,0.0,bidTooLow
2023-11-14,629.0,17873.0,0.0,100,448.73,270.0,0,0.0,0.0,,0.0,0,0.0,0.0,,0.0,bidTooLow
2023-11-15,629.0,17968.0,0.0,100,449.68,270.0,0,0.0,0.0,,0.0,0,0.0,0.0,,0.0,bidTooLow
2023-11-16,629.0,18023.0,0.0,100,450.23,270.0,0,0.0,0.0,,0.0,0,0.0,0.0,,0.0,bidTooLow
2023-11-17,629.0,18079.0,0.0,100,450.79,270.0,0,0.0,0.0,,0.0,0,0.0,0.0,,0.0,bidTooLow
2023-11-20,629.0,18426.0,0.0,100,454.26,270.0,0,0.0,0.0,,0.0,0,0.0,0.0,,0.0,bidTooLow
2023-11-21,629.0,18327.0,0.0,100,453.27,270.0,0,0.0,0.0,,0.0,0,0.0,0.0,,0.0,bidTooLow
2023-11-22,629.0,18502.0,0.0,100,455.02,270.0,0,0.0,0.0,,0.0,0,0.0,0.0,,0.0,bidTooLow
2023-11-24,629.0,18530.0,0.0,100,455.3,270.0,0,0.0,0.0,,0.0,0,0.0,0.0,,0.0,bidTooLow
2023-11-27,629.0,18448.0,0.0,100,454.48,270.0,0,0.0,0.0,,0.0,0,0.0,0.0,,0.0,bidTooLow
2023-11-28,629.0,18493.0,0.0,100,454.93,270.0,0,0.0,0.0,,0.0,0,0.0,0.0,,0.0,bidTooLow
2023-11-29,629.0,18461.0,0.0,100,454.61,270.0,0,0.0,0.0,,0.0,0,0.0,0.0,,0.0,bidTooLow
2023-11-30,629.0,18640.0,0.0,100,456.4,270.0,0,0.0,0.0,,0.0,0,0.0,0.0,,0.0,bidTooLow
