date,totalCapital,unrializedPnL,rializedPnL,stocksOwned,stocksPriceToday,stocksPriceBoughtAt,putOwned,putOwnedSoldAt,putPriceToday,putOwnedContract,putOwnedStrike,callOwned,callOwnedSoldAt,callPriceToday,callOwnedContract,callOwnedStrike,trackType
2018-11-01,0.0,-9.0,0.0,0,273.51,0.0,1,5.89,5.98,SPY190329P00253000,253.0,0,0.0,0.0,,0.0,normalDay
2018-11-02,0.0,-43.0,0.0,0,271.89,0.0,1,5.89,6.32,SPY190329P00253000,253.0,0,0.0,0.0,,0.0,normalDay
2018-11-05,0.0,8.0,0.0,0,273.39,0.0,1,5.89,5.81,SPY190329P00253000,253.0,0,0.0,0.0,,0.0,normalDay
2018-11-06,0.0,58.0,0.0,0,275.12,0.0,1,5.89,5.31,SPY190329P00253000,253.0,0,0.0,0.0,,0.0,normalDay
2018-11-07,0.0,204.0,0.0,0,281.01,0.0,1,5.89,3.85,SPY190329P00253000,253.0,0,0.0,0.0,,0.0,normalDay
2018-11-08,0.0,207.0,0.0,0,280.5,0.0,1,5.89,3.82,SPY190329P00253000,253.0,0,0.0,0.0,,0.0,normalDay
2018-11-09,0.0,138.0,0.0,0,277.76,0.0,1,5.89,4.51,SPY190329P00253000,253.0,0,0.0,0.0,,0.0,normalDay
2018-11-12,0.0,10.0,0.0,0,272.57,0.0,1,5.89,5.79,SPY190329P00253000,253.0,0,0.0,0.0,,0.0,normalDay
2018-11-13,0.0,-15.0,0.0,0,272.06,0.0,1,5.89,6.04,SPY190329P00253000,253.0,0,0.0,0.0,,0.0,normalDay
2018-11-14,0.0,-87.0,0.0,0,270.2,0.0,1,5.89,6.76,SPY190329P00253000,253.0,0,0.0,0.0,,0.0,normalDay
2018-11-15,0.0,4.0,0.0,0,273.02,0.0,1,5.89,5.85,SPY190329P00253000,253.0,0,0.0,0.0,,0.0,normalDay
2018-11-16,0.0,57.0,0.0,0,273.73,0.0,1,5.89,5.32,SPY190329P00253000,253.0,0,0.0,0.0,,0.0,normalDay
2018-11-19,0.0,-71.0,0.0,0,269.1,0.0,1,5.89,6.6,SPY190329P00253000,253.0,0,0.0,0.0,,0.0,normalDay
2018-11-20,0.0,-256.0,0.0,0,264.12,0.0,1,5.89,8.45,SPY190329P00253000,253.0,0,0.0,0.0,,0.0,normalDay
2018-11-21,0.0,-188.0,0.0,0,265.02,0.0,1,5.89,7.77,SPY190329P00253000,253.0,0,0.0,0.0,,0.0,normalDay
2018-11-23,0.0,-246.0,0.0,0,263.25,0.0,1,5.89,8.35,SPY190329P00253000,253.0,0,0.0,0.0,,0.0,normalDay
2018-11-26,0.0,-45.0,0.0,0,267.5,0.0,1,5.89,6.34,SPY190329P00253000,253.0,0,0.0,0.0,,0.0,normalDay
2018-11-27,0.0,-28.0,0.0,0,268.4,0.0,1,5.89,6.17,SPY190329P00253000,253.0,0,0.0,0.0,,0.0,normalDay
2018-11-28,0.0,113.0,0.0,0,274.58,0.0,1,5.89,4.76,SPY190329P00253000,253.0,0,0.0,0.0,,0.0,normalDay
2018-11-29,0.0,98.0,0.0,0,273.98,0.0,1,5.89,4.91,SPY190329P00253000,253.0,0,0.0,0.0,,0.0,normalDay
2018-11-30,0.0,148.0,0.0,0,275.65,0.0,1,5.89,4.41,SPY190329P00253000,253.0,0,0.0,0.0,,0.0,normalDay
2018-12-03,0.0,238.0,0.0,0,279.3,0.0,1,5.89,3.51,SPY190329P00253000,253.0,0,0.0,0.0,,0.0,normalDay
2018-12-04,0.0,2.0,0.0,0,270.25,0.0,1,5.89,5.87,SPY190329P00253000,253.0,0,0.0,0.0,,0.0,normalDay
2018-12-06,0.0,-7.0,0.0,0,269.84,0.0,1,5.89,5.96,SPY190329P00253000,253.0,0,0.0,0.0,,0.0,normalDay
2018-12-07,0.0,-220.0,0.0,0,263.57,0.0,1,5.89,8.09,SPY190329P00253000,253.0,0,0.0,0.0,,0.0,normalDay
2018-12-10,0.0,-160.0,0.0,0,264.07,0.0,1,5.89,7.49,SPY190329P00253000,253.0,0,0.0,0.0,,0.0,normalDay
2018-12-11,0.0,-152.0,0.0,0,264.13,0.0,1,5.89,7.41,SPY190329P00253000,253.0,0,0.0,0.0,,0.0,normalDay
2018-12-12,0.0,-119.0,0.0,0,265.46,0.0,1,5.89,7.08,SPY190329P00253000,253.0,0,0.0,0.0,,0.0,normalDay
2018-12-13,0.0,-102.0,0.0,0,265.37,0.0,1,5.89,6.91,SPY190329P00253000,253.0,0,0.0,0.0,,0.0,normalDay
2018-12-14,0.0,-258.0,0.0,0,260.47,0.0,1,5.89,8.47,SPY190329P00253000,253.0,0,0.0,0.0,,0.0,normalDay
2018-12-17,0.0,-468.0,0.0,0,255.36,0.0,1,5.89,10.57,SPY190329P00253000,253.0,0,0.0,0.0,,0.0,normalDay
2018-12-18,0.0,-519.0,0.0,0,255.08,0.0,1,5.89,11.08,SPY190329P00253000,253.0,0,0.0,0.0,,0.0,normalDay
2018-12-19,0.0,-627.0,0.0,0,251.26,0.0,1,5.89,12.16,SPY190329P00253000,253.0,0,0.0,0.0,,0.0,normalDay
2018-12-20,0.0,-847.0,0.0,0,247.17,0.0,1,5.89,14.36,SPY190329P00253000,253.0,0,0.0,0.0,,0.0,normalDay
2018-12-21,0.0,-1236.0,0.0,0,240.7,0.0,1,5.89,18.25,SPY190329P00253000,253.0,0,0.0,0.0,,0.0,normalDay
2018-12-24,0.0,-1848.0,0.0,0,234.34,0.0,1,5.89,24.37,SPY190329P00253000,253.0,0,0.0,0.0,,0.0,normalDay
2018-12-26,0.0,-832.0,0.0,0,246.18,0.0,1,5.89,14.21,SPY190329P00253000,253.0,0,0.0,0.0,,0.0,normalDay
2018-12-27,0.0,-758.0,0.0,0,248.07,0.0,1,5.89,13.47,SPY190329P00253000,253.0,0,0.0,0.0,,0.0,normalDay
2018-12-28,0.0,-774.0,0.0,0,247.75,0.0,1,5.89,13.63,SPY190329P00253000,253.0,0,0.0,0.0,,0.0,normalDay
2018-12-31,0.0,-584.0,0.0,0,249.92,0.0,1,5.89,11.73,SPY190329P00253000,253.0,0,0.0,0.0,,0.0,normalDay
2019-01-02,0.0,-511.0,0.0,0,250.18,0.0,1,5.89,11.0,SPY190329P00253000,253.0,0,0.0,0.0,,0.0,normalDay
2019-01-03,0.0,-898.0,0.0,0,244.21,0.0,1,5.89,14.87,SPY190329P00253000,253.0,0,0.0,0.0,,0.0,normalDay
2019-01-04,0.0,-389.0,0.0,0,252.39,0.0,1,5.89,9.78,SPY190329P00253000,253.0,0,0.0,0.0,,0.0,normalDay
2019-01-07,0.0,-294.0,0.0,0,254.38,0.0,1,5.89,8.83,SPY190329P00253000,253.0,0,0.0,0.0,,0.0,normalDay
2019-01-08,0.0,-178.0,0.0,0,256.77,0.0,1,5.89,7.67,SPY190329P00253000,253.0,0,0.0,0.0,,0.0,normalDay
2019-01-09,0.0,-113.0,0.0,0,257.97,0.0,1,5.89,7.02,SPY190329P00253000,253.0,0,0.0,0.0,,0.0,normalDay
2019-01-10,0.0,-65.0,0.0,0,258.88,0.0,1,5.89,6.54,SPY190329P00253000,253.0,0,0.0,0.0,,0.0,normalDay
2019-01-11,0.0,-24.0,0.0,0,258.98,0.0,1,5.89,6.13,SPY190329P00253000,253.0,0,0.0,0.0,,0.0,normalDay
2019-01-14,0.0,-54.0,0.0,0,257.4,0.0,1,5.89,6.43,SPY190329P00253000,253.0,0,0.0,0.0,,0.0,normalDay
2019-01-15,0.0,68.0,0.0,0,260.35,0.0,1,5.89,5.21,SPY190329P00253000,253.0,0,0.0,0.0,,0.0,normalDay
2019-01-16,0.0,91.0,0.0,0,260.98,0.0,1,5.89,4.98,SPY190329P00253000,253.0,0,0.0,0.0,,0.0,normalDay
2019-01-17,0.0,151.0,0.0,0,262.96,0.0,1,5.89,4.38,SPY190329P00253000,253.0,0,0.0,0.0,,0.0,normalDay
2019-01-18,0.0,233.0,0.0,0,266.46,0.0,1,5.89,3.56,SPY190329P00253000,253.0,0,0.0,0.0,,0.0,normalDay
2019-01-22,0.0,117.0,0.0,0,262.86,0.0,1,5.89,4.72,SPY190329P00253000,253.0,0,0.0,0.0,,0.0,normalDay
2019-01-23,0.0,134.0,0.0,0,263.41,0.0,1,5.89,4.55,SPY190329P00253000,253.0,0,0.0,0.0,,0.0,normalDay
2019-01-24,0.0,161.0,0.0,0,263.55,0.0,1,5.89,4.28,SPY190329P00253000,253.0,0,0.0,0.0,,0.0,normalDay
2019-01-25,0.0,250.0,0.0,0,265.78,0.0,1,5.89,3.39,SPY190329P00253000,253.0,0,0.0,0.0,,0.0,normalDay
2019-01-28,0.0,193.0,0.0,0,263.76,0.0,1,5.89,3.96,SPY190329P00253000,253.0,0,0.0,0.0,,0.0,normalDay
2019-01-29,0.0,184.0,0.0,0,263.41,0.0,1,5.89,4.05,SPY190329P00253000,253.0,0,0.0,0.0,,0.0,normalDay
2019-01-30,0.0,307.0,0.0,0,267.58,0.0,1,5.89,2.82,SPY190329P00253000,253.0,0,0.0,0.0,,0.0,normalDay
2019-01-31,0.0,383.0,0.0,0,269.93,0.0,1,5.89,2.06,SPY190329P00253000,253.0,0,0.0,0.0,,0.0,normalDay
2019-02-01,0.0,393.0,0.0,0,270.06,0.0,1,5.89,1.96,SPY190329P00253000,253.0,0,0.0,0.0,,0.0,normalDay
2019-02-04,0.0,434.0,0.0,0,271.96,0.0,1,5.89,1.55,SPY190329P00253000,253.0,0,0.0,0.0,,0.0,normalDay
2019-02-05,0.0,445.0,0.0,0,273.1,0.0,1,5.89,1.44,SPY190329P00253000,253.0,0,0.0,0.0,,0.0,normalDay
2019-02-06,0.0,447.0,0.0,0,272.74,0.0,1,5.89,1.42,SPY190329P00253000,253.0,0,0.0,0.0,,0.0,normalDay
2019-02-07,0.0,409.0,0.0,0,270.14,0.0,1,5.89,1.8,SPY190329P00253000,253.0,0,0.0,0.0,,0.0,normalDay
2019-02-08,0.0,424.0,0.0,0,270.47,0.0,1,5.89,1.65,SPY190329P00253000,253.0,0,0.0,0.0,,0.0,normalDay
2019-02-11,0.0,437.0,0.0,0,270.62,0.0,1,5.89,1.52,SPY190329P00253000,253.0,0,0.0,0.0,,0.0,normalDay
2019-02-12,0.0,482.0,0.0,0,274.1,0.0,1,5.89,1.07,SPY190329P00253000,253.0,0,0.0,0.0,,0.0,normalDay
2019-02-13,0.0,486.0,0.0,0,274.99,0.0,1,5.89,1.03,SPY190329P00253000,253.0,0,0.0,0.0,,0.0,normalDay
2019-02-14,0.0,477.0,0.0,0,274.38,0.0,1,5.89,1.12,SPY190329P00253000,253.0,0,0.0,0.0,,0.0,normalDay
2019-02-15,0.0,512.0,0.0,0,277.37,0.0,1,5.89,0.77,SPY190329P00253000,253.0,0,0.0,0.0,,0.0,normalDay
2019-02-19,0.0,523.0,0.0,0,277.85,0.0,1,5.89,0.66,SPY190329P00253000,253.0,0,0.0,0.0,,0.0,normalDay
2019-02-20,0.0,537.0,0.0,0,278.41,0.0,1,5.89,0.52,SPY190329P00253000,253.0,0,0.0,0.0,,0.0,normalDay
2019-02-21,0.0,533.0,0.0,0,277.42,0.0,1,5.89,0.56,SPY190329P00253000,253.0,0,0.0,0.0,,0.0,normalDay
2019-02-22,0.0,546.0,0.0,0,279.14,0.0,1,5.89,0.43,SPY190329P00253000,253.0,0,0.0,0.0,,0.0,normalDay
2019-02-25,0.0,542.0,0.0,0,279.52,0.0,1,5.89,0.47,SPY190329P00253000,253.0,0,0.0,0.0,,0.0,normalDay
2019-02-26,0.0,541.0,0.0,0,279.32,0.0,1,5.89,0.48,SPY190329P00253000,253.0,0,0.0,0.0,,0.0,normalDay
2019-02-27,0.0,544.0,0.0,0,279.2,0.0,1,5.89,0.45,SPY190329P00253000,253.0,0,0.0,0.0,,0.0,normalDay
2019-02-28,0.0,542.0,0.0,0,278.68,0.0,1,5.89,0.47,SPY190329P00253000,253.0,0,0.0,0.0,,0.0,normalDay
2019-03-01,0.0,557.0,0.0,0,280.42,0.0,1,5.89,0.32,SPY190329P00253000,253.0,0,0.0,0.0,,0.0,normalDay
2019-03-04,0.0,553.0,0.0,0,279.4,0.0,1,5.89,0.36,SPY190329P00253000,253.0,0,0.0,0.0,,0.0,normalDay
2019-03-05,0.0,552.0,0.0,0,279.02,0.0,1,5.89,0.37,SPY190329P00253000,253.0,0,0.0,0.0,,0.0,normalDay
2019-03-06,0.0,546.0,0.0,0,277.33,0.0,1,5.89,0.43,SPY190329P00253000,253.0,0,0.0,0.0,,0.0,normalDay
2019-03-07,0.0,537.0,0.0,0,275.01,0.0,1,5.89,0.52,SPY190329P00253000,253.0,0,0.0,0.0,,0.0,normalDay
2019-03-08,0.0,547.0,0.0,0,274.46,0.0,1,5.89,0.42,SPY190329P00253000,253.0,0,0.0,0.0,,0.0,normalDay
2019-03-11,0.0,572.0,0.0,0,278.44,0.0,1,5.89,0.17,SPY190329P00253000,253.0,0,0.0,0.0,,0.0,normalDay
2019-03-12,0.0,577.0,0.0,0,279.49,0.0,1,5.89,0.12,SPY190329P00253000,253.0,0,0.0,0.0,,0.0,normalDay
2019-03-13,0.0,579.0,0.0,0,281.34,0.0,1,5.89,0.1,SPY190329P00253000,253.0,0,0.0,0.0,,0.0,normalDay
2019-03-14,0.0,580.0,0.0,0,281.16,0.0,1,5.89,0.09,SPY190329P00253000,253.0,0,0.0,0.0,,0.0,normalDay
2019-03-15,0.0,583.0,0.0,0,281.31,0.0,1,5.89,0.06,SPY190329P00253000,253.0,0,0.0,0.0,,0.0,normalDay
2019-03-18,0.0,585.0,0.0,0,282.33,0.0,1,5.89,0.04,SPY190329P00253000,253.0,0,0.0,0.0,,0.0,normalDay
2019-03-19,0.0,585.0,0.0,0,282.4,0.0,1,5.89,0.04,SPY190329P00253000,253.0,0,0.0,0.0,,0.0,normalDay
2019-03-20,0.0,585.0,0.0,0,281.55,0.0,1,5.89,0.04,SPY190329P00253000,253.0,0,0.0,0.0,,0.0,normalDay
2019-03-21,0.0,587.0,0.0,0,284.73,0.0,1,5.89,0.02,SPY190329P00253000,253.0,0,0.0,0.0,,0.0,normalDay
2019-03-22,0.0,584.0,0.0,0,279.25,0.0,1,5.89,0.05,SPY190329P00253000,253.0,0,0.0,0.0,,0.0,normalDay
2019-03-25,0.0,587.0,0.0,0,279.04,0.0,1,5.89,0.02,SPY190329P00253000,253.0,0,0.0,0.0,,0.0,normalDay
2019-03-26,0.0,588.0,0.0,0,281.12,0.0,1,5.89,0.01,SPY190329P00253000,253.0,0,0.0,0.0,,0.0,normalDay
2019-03-27,0.0,588.0,0.0,0,279.65,0.0,1,5.89,0.01,SPY190329P00253000,253.0,0,0.0,0.0,,0.0,normalDay
2019-03-28,0.0,588.0,0.0,0,280.71,0.0,1,5.89,0.01,SPY190329P00253000,253.0,0,0.0,0.0,,0.0,normalDay
2019-03-29,589.0,0.0,589.0,0,282.48,0.0,1,5.89,0.0,SPY190329P00253000,253.0,0,0.0,0.0,,0.0,expirationDay
2019-04-01,589.0,-6.0,0.0,0,285.83,0.0,1,6.71,6.77,SPY190930P00272000,272.0,0,0.0,0.0,,0.0,normalDay
2019-04-02,589.0,1.0,0.0,0,285.97,0.0,1,6.71,6.7,SPY190930P00272000,272.0,0,0.0,0.0,,0.0,normalDay
2019-04-03,589.0,22.0,0.0,0,286.42,0.0,1,6.71,6.49,SPY190930P00272000,272.0,0,0.0,0.0,,0.0,normalDay
2019-04-04,589.0,40.0,0.0,0,287.18,0.0,1,6.71,6.31,SPY190930P00272000,272.0,0,0.0,0.0,,0.0,normalDay
2019-04-05,589.0,89.0,0.0,0,288.57,0.0,1,6.71,5.82,SPY190930P00272000,272.0,0,0.0,0.0,,0.0,normalDay
2019-04-08,589.0,96.0,0.0,0,288.79,0.0,1,6.71,5.75,SPY190930P00272000,272.0,0,0.0,0.0,,0.0,normalDay
2019-04-09,589.0,35.0,0.0,0,287.31,0.0,1,6.71,6.36,SPY190930P00272000,272.0,0,0.0,0.0,,0.0,normalDay
2019-04-10,589.0,87.0,0.0,0,288.29,0.0,1,6.71,5.84,SPY190930P00272000,272.0,0,0.0,0.0,,0.0,normalDay
2019-04-11,589.0,85.0,0.0,0,288.21,0.0,1,6.71,5.86,SPY190930P00272000,272.0,0,0.0,0.0,,0.0,normalDay
2019-04-12,589.0,153.0,0.0,0,290.16,0.0,1,6.71,5.18,SPY190930P00272000,272.0,0,0.0,0.0,,0.0,normalDay
2019-04-15,589.0,155.0,0.0,0,289.97,0.0,1,6.71,5.16,SPY190930P00272000,272.0,0,0.0,0.0,,0.0,normalDay
2019-04-16,589.0,161.0,0.0,0,290.16,0.0,1,6.71,5.1,SPY190930P00272000,272.0,0,0.0,0.0,,0.0,normalDay
2019-04-17,589.0,141.0,0.0,0,289.45,0.0,1,6.71,5.3,SPY190930P00272000,272.0,0,0.0,0.0,,0.0,normalDay
2019-04-18,589.0,159.0,0.0,0,290.02,0.0,1,6.71,5.12,SPY190930P00272000,272.0,0,0.0,0.0,,0.0,normalDay
2019-04-22,589.0,174.0,0.0,0,290.27,0.0,1,6.71,4.97,SPY190930P00272000,272.0,0,0.0,0.0,,0.0,normalDay
2019-04-23,589.0,227.0,0.0,0,292.88,0.0,1,6.71,4.44,SPY190930P00272000,272.0,0,0.0,0.0,,0.0,normalDay
2019-04-24,589.0,206.0,0.0,0,292.23,0.0,1,6.71,4.65,SPY190930P00272000,272.0,0,0.0,0.0,,0.0,normalDay
2019-04-25,589.0,195.0,0.0,0,292.05,0.0,1,6.71,4.76,SPY190930P00272000,272.0,0,0.0,0.0,,0.0,normalDay
2019-04-26,589.0,229.0,0.0,0,293.41,0.0,1,6.71,4.42,SPY190930P00272000,272.0,0,0.0,0.0,,0.0,normalDay
2019-04-29,589.0,234.0,0.0,0,293.87,0.0,1,6.71,4.37,SPY190930P00272000,272.0,0,0.0,0.0,,0.0,normalDay
2019-04-30,589.0,241.0,0.0,0,294.02,0.0,1,6.71,4.3,SPY190930P00272000,272.0,0,0.0,0.0,,0.0,normalDay
2019-05-01,589.0,175.0,0.0,0,291.81,0.0,1,6.71,4.96,SPY190930P00272000,272.0,0,0.0,0.0,,0.0,normalDay
2019-05-02,589.0,166.0,0.0,0,291.18,0.0,1,6.71,5.05,SPY190930P00272000,272.0,0,0.0,0.0,,0.0,normalDay
2019-05-03,589.0,244.0,0.0,0,294.03,0.0,1,6.71,4.27,SPY190930P00272000,272.0,0,0.0,0.0,,0.0,normalDay
2019-05-06,589.0,195.0,0.0,0,292.82,0.0,1,6.71,4.76,SPY190930P00272000,272.0,0,0.0,0.0,,0.0,normalDay
2019-05-07,589.0,9.0,0.0,0,287.93,0.0,1,6.71,6.62,SPY190930P00272000,272.0,0,0.0,0.0,,0.0,normalDay
2019-05-08,589.0,23.0,0.0,0,287.53,0.0,1,6.71,6.48,SPY190930P00272000,272.0,0,0.0,0.0,,0.0,normalDay
2019-05-09,589.0,17.0,0.0,0,286.66,0.0,1,6.71,6.54,SPY190930P00272000,272.0,0,0.0,0.0,,0.0,normalDay
2019-05-10,589.0,94.0,0.0,0,288.1,0.0,1,6.71,5.77,SPY190930P00272000,272.0,0,0.0,0.0,,0.0,normalDay
2019-05-13,589.0,-176.0,0.0,0,280.86,0.0,1,6.71,8.47,SPY190930P00272000,272.0,0,0.0,0.0,,0.0,normalDay
2019-05-14,589.0,-48.0,0.0,0,283.4,0.0,1,6.71,7.19,SPY190930P00272000,272.0,0,0.0,0.0,,0.0,normalDay
2019-05-15,589.0,34.0,0.0,0,285.06,0.0,1,6.71,6.37,SPY190930P00272000,272.0,0,0.0,0.0,,0.0,normalDay
2019-05-16,589.0,125.0,0.0,0,287.7,0.0,1,6.71,5.46,SPY190930P00272000,272.0,0,0.0,0.0,,0.0,normalDay
2019-05-17,589.0,72.0,0.0,0,285.84,0.0,1,6.71,5.99,SPY190930P00272000,272.0,0,0.0,0.0,,0.0,normalDay
2019-05-20,589.0,32.0,0.0,0,283.95,0.0,1,6.71,6.39,SPY190930P00272000,272.0,0,0.0,0.0,,0.0,normalDay
2019-05-21,589.0,124.0,0.0,0,286.51,0.0,1,6.71,5.47,SPY190930P00272000,272.0,0,0.0,0.0,,0.0,normalDay
2019-05-22,589.0,109.0,0.0,0,285.63,0.0,1,6.71,5.62,SPY190930P00272000,272.0,0,0.0,0.0,,0.0,normalDay
2019-05-23,589.0,-34.0,0.0,0,282.14,0.0,1,6.71,7.05,SPY190930P00272000,272.0,0,0.0,0.0,,0.0,normalDay
2019-05-24,589.0,10.0,0.0,0,282.78,0.0,1,6.71,6.61,SPY190930P00272000,272.0,0,0.0,0.0,,0.0,normalDay
2019-05-28,589.0,-72.0,0.0,0,280.15,0.0,1,6.71,7.43,SPY190930P00272000,272.0,0,0.0,0.0,,0.0,normalDay
2019-05-29,589.0,-151.0,0.0,0,278.27,0.0,1,6.71,8.22,SPY190930P00272000,272.0,0,0.0,0.0,,0.0,normalDay
2019-05-30,589.0,-117.0,0.0,0,279.03,0.0,1,6.71,7.88,SPY190930P00272000,272.0,0,0.0,0.0,,0.0,normalDay
2019-05-31,589.0,-282.0,0.0,0,275.27,0.0,1,6.71,9.53,SPY190930P00272000,272.0,0,0.0,0.0,,0.0,normalDay
2019-06-03,589.0,-283.0,0.0,0,274.57,0.0,1,6.71,9.54,SPY190930P00272000,272.0,0,0.0,0.0,,0.0,normalDay
2019-06-04,589.0,-41.0,0.0,0,280.53,0.0,1,6.71,7.12,SPY190930P00272000,272.0,0,0.0,0.0,,0.0,normalDay
2019-06-05,589.0,47.0,0.0,0,282.96,0.0,1,6.71,6.24,SPY190930P00272000,272.0,0,0.0,0.0,,0.0,normalDay
2019-06-06,589.0,103.0,0.0,0,284.8,0.0,1,6.71,5.68,SPY190930P00272000,272.0,0,0.0,0.0,,0.0,normalDay
2019-06-07,589.0,157.0,0.0,0,287.65,0.0,1,6.71,5.14,SPY190930P00272000,272.0,0,0.0,0.0,,0.0,normalDay
2019-06-10,589.0,204.0,0.0,0,288.97,0.0,1,6.71,4.67,SPY190930P00272000,272.0,0,0.0,0.0,,0.0,normalDay
2019-06-11,589.0,193.0,0.0,0,288.9,0.0,1,6.71,4.78,SPY190930P00272000,272.0,0,0.0,0.0,,0.0,normalDay
2019-06-12,589.0,191.0,0.0,0,288.39,0.0,1,6.71,4.8,SPY190930P00272000,272.0,0,0.0,0.0,,0.0,normalDay
2019-06-13,589.0,223.0,0.0,0,289.58,0.0,1,6.71,4.48,SPY190930P00272000,272.0,0,0.0,0.0,,0.0,normalDay
2019-06-14,589.0,232.0,0.0,0,289.26,0.0,1,6.71,4.39,SPY190930P00272000,272.0,0,0.0,0.0,,0.0,normalDay
2019-06-17,589.0,241.0,0.0,0,289.37,0.0,1,6.71,4.3,SPY190930P00272000,272.0,0,0.0,0.0,,0.0,normalDay
2019-06-18,589.0,296.0,0.0,0,292.4,0.0,1,6.71,3.75,SPY190930P00272000,272.0,0,0.0,0.0,,0.0,normalDay
2019-06-19,589.0,329.0,0.0,0,293.06,0.0,1,6.71,3.42,SPY190930P00272000,272.0,0,0.0,0.0,,0.0,normalDay
2019-06-20,589.0,366.0,0.0,0,295.86,0.0,1,6.71,3.05,SPY190930P00272000,272.0,0,0.0,0.0,,0.0,normalDay
2019-06-21,589.0,350.0,0.0,0,294.0,0.0,1,6.71,3.21,SPY190930P00272000,272.0,0,0.0,0.0,,0.0,normalDay
2019-06-24,589.0,357.0,0.0,0,293.64,0.0,1,6.71,3.14,SPY190930P00272000,272.0,0,0.0,0.0,,0.0,normalDay
2019-06-25,589.0,298.0,0.0,0,290.76,0.0,1,6.71,3.73,SPY190930P00272000,272.0,0,0.0,0.0,,0.0,normalDay
2019-06-26,589.0,294.0,0.0,0,290.47,0.0,1,6.71,3.77,SPY190930P00272000,272.0,0,0.0,0.0,,0.0,normalDay
2019-06-27,589.0,330.0,0.0,0,291.5,0.0,1,6.71,3.41,SPY190930P00272000,272.0,0,0.0,0.0,,0.0,normalDay
2019-06-28,589.0,377.0,0.0,0,293.0,0.0,1,6.71,2.94,SPY190930P00272000,272.0,0,0.0,0.0,,0.0,normalDay
2019-07-01,589.0,435.0,0.0,0,295.66,0.0,1,6.71,2.36,SPY190930P00272000,272.0,0,0.0,0.0,,0.0,normalDay
2019-07-02,589.0,465.0,0.0,0,296.43,0.0,1,6.71,2.06,SPY190930P00272000,272.0,0,0.0,0.0,,0.0,normalDay
2019-07-03,589.0,496.0,0.0,0,298.8,0.0,1,6.71,1.75,SPY190930P00272000,272.0,0,0.0,0.0,,0.0,normalDay
2019-07-05,589.0,486.0,0.0,0,298.46,0.0,1,6.71,1.85,SPY190930P00272000,272.0,0,0.0,0.0,,0.0,normalDay
2019-07-08,589.0,471.0,0.0,0,296.82,0.0,1,6.71,2.0,SPY190930P00272000,272.0,0,0.0,0.0,,0.0,normalDay
2019-07-09,589.0,469.0,0.0,0,297.19,0.0,1,6.71,2.02,SPY190930P00272000,272.0,0,0.0,0.0,,0.0,normalDay
2019-07-10,589.0,498.0,0.0,0,298.61,0.0,1,6.71,1.73,SPY190930P00272000,272.0,0,0.0,0.0,,0.0,normalDay
2019-07-11,589.0,508.0,0.0,0,299.31,0.0,1,6.71,1.63,SPY190930P00272000,272.0,0,0.0,0.0,,0.0,normalDay
2019-07-12,589.0,526.0,0.0,0,300.65,0.0,1,6.71,1.45,SPY190930P00272000,272.0,0,0.0,0.0,,0.0,normalDay
2019-07-15,589.0,527.0,0.0,0,300.75,0.0,1,6.71,1.44,SPY190930P00272000,272.0,0,0.0,0.0,,0.0,normalDay
2019-07-16,589.0,520.0,0.0,0,299.78,0.0,1,6.71,1.51,SPY190930P00272000,272.0,0,0.0,0.0,,0.0,normalDay
2019-07-17,589.0,493.0,0.0,0,297.74,0.0,1,6.71,1.78,SPY190930P00272000,272.0,0,0.0,0.0,,0.0,normalDay
2019-07-18,589.0,512.0,0.0,0,298.83,0.0,1,6.71,1.59,SPY190930P00272000,272.0,0,0.0,0.0,,0.0,normalDay
2019-07-19,589.0,494.0,0.0,0,297.17,0.0,1,6.71,1.77,SPY190930P00272000,272.0,0,0.0,0.0,,0.0,normalDay
2019-07-22,589.0,519.0,0.0,0,297.9,0.0,1,6.71,1.52,SPY190930P00272000,272.0,0,0.0,0.0,,0.0,normalDay
2019-07-23,589.0,548.0,0.0,0,300.03,0.0,1,6.71,1.23,SPY190930P00272000,272.0,0,0.0,0.0,,0.0,normalDay
2019-07-24,589.0,566.0,0.0,0,301.44,0.0,1,6.71,1.05,SPY190930P00272000,272.0,0,0.0,0.0,,0.0,normalDay
2019-07-25,589.0,550.0,0.0,0,300.0,0.0,1,6.71,1.21,SPY190930P00272000,272.0,0,0.0,0.0,,0.0,normalDay
2019-07-26,589.0,571.0,0.0,0,302.01,0.0,1,6.71,1.0,SPY190930P00272000,272.0,0,0.0,0.0,,0.0,normalDay
2019-07-29,589.0,569.0,0.0,0,301.46,0.0,1,6.71,1.02,SPY190930P00272000,272.0,0,0.0,0.0,,0.0,normalDay
2019-07-30,589.0,552.0,0.0,0,300.72,0.0,1,6.71,1.19,SPY190930P00272000,272.0,0,0.0,0.0,,0.0,normalDay
2019-07-31,589.0,505.0,0.0,0,297.43,0.0,1,6.71,1.66,SPY190930P00272000,272.0,0,0.0,0.0,,0.0,normalDay
2019-08-01,589.0,450.0,0.0,0,294.84,0.0,1,6.71,2.21,SPY190930P00272000,272.0,0,0.0,0.0,,0.0,normalDay
2019-08-02,589.0,419.0,0.0,0,292.62,0.0,1,6.71,2.52,SPY190930P00272000,272.0,0,0.0,0.0,,0.0,normalDay
2019-08-05,589.0,113.0,0.0,0,283.82,0.0,1,6.71,5.58,SPY190930P00272000,272.0,0,0.0,0.0,,0.0,normalDay
2019-08-06,589.0,304.0,0.0,0,287.8,0.0,1,6.71,3.67,SPY190930P00272000,272.0,0,0.0,0.0,,0.0,normalDay
2019-08-07,589.0,314.0,0.0,0,287.97,0.0,1,6.71,3.57,SPY190930P00272000,272.0,0,0.0,0.0,,0.0,normalDay
2019-08-08,589.0,455.0,0.0,0,293.62,0.0,1,6.71,2.16,SPY190930P00272000,272.0,0,0.0,0.0,,0.0,normalDay
2019-08-09,589.0,417.0,0.0,0,291.62,0.0,1,6.71,2.54,SPY190930P00272000,272.0,0,0.0,0.0,,0.0,normalDay
2019-08-12,589.0,304.0,0.0,0,288.07,0.0,1,6.71,3.67,SPY190930P00272000,272.0,0,0.0,0.0,,0.0,normalDay
2019-08-13,589.0,445.0,0.0,0,292.55,0.0,1,6.71,2.26,SPY190930P00272000,272.0,0,0.0,0.0,,0.0,normalDay
2019-08-14,589.0,211.0,0.0,0,283.9,0.0,1,6.71,4.6,SPY190930P00272000,272.0,0,0.0,0.0,,0.0,normalDay
2019-08-15,589.0,255.0,0.0,0,284.65,0.0,1,6.71,4.16,SPY190930P00272000,272.0,0,0.0,0.0,,0.0,normalDay
2019-08-16,589.0,398.0,0.0,0,288.85,0.0,1,6.71,2.73,SPY190930P00272000,272.0,0,0.0,0.0,,0.0,normalDay
2019-08-19,589.0,499.0,0.0,0,292.33,0.0,1,6.71,1.72,SPY190930P00272000,272.0,0,0.0,0.0,,0.0,normalDay
2019-08-20,589.0,460.0,0.0,0,290.09,0.0,1,6.71,2.11,SPY190930P00272000,272.0,0,0.0,0.0,,0.0,normalDay
2019-08-21,589.0,534.0,0.0,0,292.45,0.0,1,6.71,1.37,SPY190930P00272000,272.0,0,0.0,0.0,,0.0,normalDay
2019-08-22,589.0,517.0,0.0,0,292.36,0.0,1,6.71,1.54,SPY190930P00272000,272.0,0,0.0,0.0,,0.0,normalDay
2019-08-23,589.0,369.0,0.0,0,284.85,0.0,1,6.71,3.02,SPY190930P00272000,272.0,0,0.0,0.0,,0.0,normalDay
2019-08-26,589.0,442.0,0.0,0,288.0,0.0,1,6.71,2.29,SPY190930P00272000,272.0,0,0.0,0.0,,0.0,normalDay
2019-08-27,589.0,405.0,0.0,0,286.87,0.0,1,6.71,2.66,SPY190930P00272000,272.0,0,0.0,0.0,,0.0,normalDay
2019-08-28,589.0,465.0,0.0,0,288.89,0.0,1,6.71,2.06,SPY190930P00272000,272.0,0,0.0,0.0,,0.0,normalDay
2019-08-29,589.0,529.0,0.0,0,292.58,0.0,1,6.71,1.42,SPY190930P00272000,272.0,0,0.0,0.0,,0.0,normalDay
2019-08-30,589.0,520.0,0.0,0,292.45,0.0,1,6.71,1.51,SPY190930P00272000,272.0,0,0.0,0.0,,0.0,normalDay
2019-09-03,589.0,514.0,0.0,0,290.74,0.0,1,6.71,1.57,SPY190930P00272000,272.0,0,0.0,0.0,,0.0,normalDay
2019-09-04,589.0,586.0,0.0,0,294.04,0.0,1,6.71,0.85,SPY190930P00272000,272.0,0,0.0,0.0,,0.0,normalDay
2019-09-05,589.0,615.0,0.0,0,297.82,0.0,1,6.71,0.56,SPY190930P00272000,272.0,0,0.0,0.0,,0.0,normalDay
2019-09-06,589.0,633.0,0.0,0,298.05,0.0,1,6.71,0.38,SPY190930P00272000,272.0,0,0.0,0.0,,0.0,normalDay
2019-09-09,589.0,638.0,0.0,0,298.2,0.0,1,6.71,0.33,SPY190930P00272000,272.0,0,0.0,0.0,,0.0,normalDay
2019-09-10,589.0,641.0,0.0,0,298.13,0.0,1,6.71,0.3,SPY190930P00272000,272.0,0,0.0,0.0,,0.0,normalDay
2019-09-11,589.0,650.0,0.0,0,300.25,0.0,1,6.71,0.21,SPY190930P00272000,272.0,0,0.0,0.0,,0.0,normalDay
2019-09-12,589.0,654.0,0.0,0,301.29,0.0,1,6.71,0.17,SPY190930P00272000,272.0,0,0.0,0.0,,0.0,normalDay
2019-09-13,589.0,656.0,0.0,0,301.09,0.0,1,6.71,0.15,SPY190930P00272000,272.0,0,0.0,0.0,,0.0,normalDay
2019-09-16,589.0,657.0,0.0,0,300.16,0.0,1,6.71,0.14,SPY190930P00272000,272.0,0,0.0,0.0,,0.0,normalDay
2019-09-17,589.0,658.0,0.0,0,300.92,0.0,1,6.71,0.13,SPY190930P00272000,272.0,0,0.0,0.0,,0.0,normalDay
2019-09-18,589.0,660.0,0.0,0,301.1,0.0,1,6.71,0.11,SPY190930P00272000,272.0,0,0.0,0.0,,0.0,normalDay
2019-09-19,589.0,662.0,0.0,0,301.08,0.0,1,6.71,0.09,SPY190930P00272000,272.0,0,0.0,0.0,,0.0,normalDay
2019-09-20,589.0,663.0,0.0,0,298.28,0.0,1,6.71,0.08,SPY190930P00272000,272.0,0,0.0,0.0,,0.0,normalDay
2019-09-23,589.0,667.0,0.0,0,298.21,0.0,1,6.71,0.04,SPY190930P00272000,272.0,0,0.0,0.0,,0.0,normalDay
2019-09-24,589.0,663.0,0.0,0,295.87,0.0,1,6.71,0.08,SPY190930P00272000,272.0,0,0.0,0.0,,0.0,normalDay
2019-09-25,589.0,668.0,0.0,0,297.62,0.0,1,6.71,0.03,SPY190930P00272000,272.0,0,0.0,0.0,,0.0,normalDay
2019-09-26,589.0,669.0,0.0,0,297.0,0.0,1,6.71,0.02,SPY190930P00272000,272.0,0,0.0,0.0,,0.0,normalDay
2019-09-27,589.0,669.0,0.0,0,295.4,0.0,1,6.71,0.02,SPY190930P00272000,272.0,0,0.0,0.0,,0.0,normalDay
2019-09-30,1260.0,0.0,671.0,0,296.77,0.0,1,6.71,0.0,SPY190930P00272000,272.0,0,0.0,0.0,,0.0,expirationDay
2019-10-01,1260.0,-10.0,0.0,0,293.24,0.0,1,13.24,13.34,SPY200331P00291000,291.0,0,0.0,0.0,,0.0,normalDay
2019-10-02,1260.0,-302.0,0.0,0,288.06,0.0,1,13.24,16.26,SPY200331P00291000,291.0,0,0.0,0.0,,0.0,normalDay
2019-10-03,1260.0,-151.0,0.0,0,290.42,0.0,1,13.24,14.75,SPY200331P00291000,291.0,0,0.0,0.0,,0.0,normalDay
2019-10-04,1260.0,65.0,0.0,0,294.35,0.0,1,13.24,12.59,SPY200331P00291000,291.0,0,0.0,0.0,,0.0,normalDay
2019-10-07,1260.0,20.0,0.0,0,293.08,0.0,1,13.24,13.04,SPY200331P00291000,291.0,0,0.0,0.0,,0.0,normalDay
2019-10-08,1260.0,-218.0,0.0,0,288.53,0.0,1,13.24,15.42,SPY200331P00291000,291.0,0,0.0,0.0,,0.0,normalDay
2019-10-09,1260.0,-77.0,0.0,0,291.27,0.0,1,13.24,14.01,SPY200331P00291000,291.0,0,0.0,0.0,,0.0,normalDay
2019-10-10,1260.0,46.0,0.0,0,293.24,0.0,1,13.24,12.78,SPY200331P00291000,291.0,0,0.0,0.0,,0.0,normalDay
2019-10-11,1260.0,211.0,0.0,0,296.28,0.0,1,13.24,11.13,SPY200331P00291000,291.0,0,0.0,0.0,,0.0,normalDay
2019-10-14,1260.0,228.0,0.0,0,295.95,0.0,1,13.24,10.96,SPY200331P00291000,291.0,0,0.0,0.0,,0.0,normalDay
2019-10-15,1260.0,358.0,0.0,0,298.88,0.0,1,13.24,9.66,SPY200331P00291000,291.0,0,0.0,0.0,,0.0,normalDay
2019-10-16,1260.0,353.0,0.0,0,298.4,0.0,1,13.24,9.71,SPY200331P00291000,291.0,0,0.0,0.0,,0.0,normalDay
2019-10-17,1260.0,376.0,0.0,0,299.28,0.0,1,13.24,9.48,SPY200331P00291000,291.0,0,0.0,0.0,,0.0,normalDay
2019-10-18,1260.0,336.0,0.0,0,297.97,0.0,1,13.24,9.88,SPY200331P00291000,291.0,0,0.0,0.0,,0.0,normalDay
2019-10-21,1260.0,428.0,0.0,0,299.99,0.0,1,13.24,8.96,SPY200331P00291000,291.0,0,0.0,0.0,,0.0,normalDay
2019-10-22,1260.0,388.0,0.0,0,299.01,0.0,1,13.24,9.36,SPY200331P00291000,291.0,0,0.0,0.0,,0.0,normalDay
2019-10-23,1260.0,433.0,0.0,0,299.88,0.0,1,13.24,8.91,SPY200331P00291000,291.0,0,0.0,0.0,,0.0,normalDay
2019-10-24,1260.0,447.0,0.0,0,300.37,0.0,1,13.24,8.77,SPY200331P00291000,291.0,0,0.0,0.0,,0.0,normalDay
2019-10-25,1260.0,509.0,0.0,0,301.6,0.0,1,13.24,8.15,SPY200331P00291000,291.0,0,0.0,0.0,,0.0,normalDay
2019-10-28,1260.0,556.0,0.0,0,303.3,0.0,1,13.24,7.68,SPY200331P00291000,291.0,0,0.0,0.0,,0.0,normalDay
2019-10-29,1260.0,544.0,0.0,0,303.21,0.0,1,13.24,7.8,SPY200331P00291000,291.0,0,0.0,0.0,,0.0,normalDay
2019-10-30,1260.0,593.0,0.0,0,304.14,0.0,1,13.24,7.31,SPY200331P00291000,291.0,0,0.0,0.0,,0.0,normalDay
2019-10-31,1260.0,549.0,0.0,0,303.33,0.0,1,13.24,7.75,SPY200331P00291000,291.0,0,0.0,0.0,,0.0,normalDay
2019-11-01,1260.0,637.0,0.0,0,306.14,0.0,1,13.24,6.87,SPY200331P00291000,291.0,0,0.0,0.0,,0.0,normalDay
2019-11-04,1260.0,671.0,0.0,0,307.37,0.0,1,13.24,6.53,SPY200331P00291000,291.0,0,0.0,0.0,,0.0,normalDay
2019-11-05,1260.0,653.0,0.0,0,307.03,0.0,1,13.24,6.71,SPY200331P00291000,291.0,0,0.0,0.0,,0.0,normalDay
2019-11-06,1260.0,659.0,0.0,0,307.1,0.0,1,13.24,6.65,SPY200331P00291000,291.0,0,0.0,0.0,,0.0,normalDay
2019-11-07,1260.0,679.0,0.0,0,308.18,0.0,1,13.24,6.45,SPY200331P00291000,291.0,0,0.0,0.0,,0.0,normalDay
2019-11-08,1260.0,713.0,0.0,0,308.94,0.0,1,13.24,6.11,SPY200331P00291000,291.0,0,0.0,0.0,,0.0,normalDay
2019-11-11,1260.0,707.0,0.0,0,308.35,0.0,1,13.24,6.17,SPY200331P00291000,291.0,0,0.0,0.0,,0.0,normalDay
2019-11-12,1260.0,716.0,0.0,0,309.0,0.0,1,13.24,6.08,SPY200331P00291000,291.0,0,0.0,0.0,,0.0,normalDay
2019-11-13,1260.0,720.0,0.0,0,309.1,0.0,1,13.24,6.04,SPY200331P00291000,291.0,0,0.0,0.0,,0.0,normalDay
2019-11-14,1260.0,734.0,0.0,0,309.55,0.0,1,13.24,5.9,SPY200331P00291000,291.0,0,0.0,0.0,,0.0,normalDay
2019-11-15,1260.0,800.0,0.0,0,311.79,0.0,1,13.24,5.24,SPY200331P00291000,291.0,0,0.0,0.0,,0.0,normalDay
2019-11-18,1260.0,812.0,0.0,0,312.02,0.0,1,13.24,5.12,SPY200331P00291000,291.0,0,0.0,0.0,,0.0,normalDay
2019-11-19,1260.0,799.0,0.0,0,311.93,0.0,1,13.24,5.25,SPY200331P00291000,291.0,0,0.0,0.0,,0.0,normalDay
2019-11-20,1260.0,766.0,0.0,0,310.77,0.0,1,13.24,5.58,SPY200331P00291000,291.0,0,0.0,0.0,,0.0,normalDay
2019-11-21,1260.0,754.0,0.0,0,310.27,0.0,1,13.24,5.7,SPY200331P00291000,291.0,0,0.0,0.0,,0.0,normalDay
2019-11-22,1260.0,788.0,0.0,0,310.96,0.0,1,13.24,5.36,SPY200331P00291000,291.0,0,0.0,0.0,,0.0,normalDay
2019-11-25,1260.0,858.0,0.0,0,313.37,0.0,1,13.24,4.66,SPY200331P00291000,291.0,0,0.0,0.0,,0.0,normalDay
2019-11-26,1260.0,886.0,0.0,0,314.08,0.0,1,13.24,4.38,SPY200331P00291000,291.0,0,0.0,0.0,,0.0,normalDay
2019-11-27,1260.0,907.0,0.0,0,315.48,0.0,1,13.24,4.17,SPY200331P00291000,291.0,0,0.0,0.0,,0.0,normalDay
2019-11-29,1260.0,872.0,0.0,0,314.31,0.0,1,13.24,4.52,SPY200331P00291000,291.0,0,0.0,0.0,,0.0,normalDay
2019-12-02,1260.0,788.0,0.0,0,311.64,0.0,1,13.24,5.36,SPY200331P00291000,291.0,0,0.0,0.0,,0.0,normalDay
2019-12-03,1260.0,714.0,0.0,0,309.55,0.0,1,13.24,6.1,SPY200331P00291000,291.0,0,0.0,0.0,,0.0,normalDay
2019-12-04,1260.0,775.0,0.0,0,311.46,0.0,1,13.24,5.49,SPY200331P00291000,291.0,0,0.0,0.0,,0.0,normalDay
2019-12-05,1260.0,809.0,0.0,0,312.02,0.0,1,13.24,5.15,SPY200331P00291000,291.0,0,0.0,0.0,,0.0,normalDay
2019-12-06,1260.0,882.0,0.0,0,314.87,0.0,1,13.24,4.42,SPY200331P00291000,291.0,0,0.0,0.0,,0.0,normalDay
2019-12-09,1260.0,840.0,0.0,0,313.88,0.0,1,13.24,4.84,SPY200331P00291000,291.0,0,0.0,0.0,,0.0,normalDay
2019-12-10,1260.0,852.0,0.0,0,313.53,0.0,1,13.24,4.72,SPY200331P00291000,291.0,0,0.0,0.0,,0.0,normalDay
2019-12-11,1260.0,882.0,0.0,0,314.42,0.0,1,13.24,4.42,SPY200331P00291000,291.0,0,0.0,0.0,,0.0,normalDay
2019-12-12,1260.0,950.0,0.0,0,317.13,0.0,1,13.24,3.74,SPY200331P00291000,291.0,0,0.0,0.0,,0.0,normalDay
2019-12-13,1260.0,990.0,0.0,0,317.32,0.0,1,13.24,3.34,SPY200331P00291000,291.0,0,0.0,0.0,,0.0,normalDay
2019-12-16,1260.0,1041.0,0.0,0,319.5,0.0,1,13.24,2.83,SPY200331P00291000,291.0,0,0.0,0.0,,0.0,normalDay
2019-12-17,1260.0,1039.0,0.0,0,319.57,0.0,1,13.24,2.85,SPY200331P00291000,291.0,0,0.0,0.0,,0.0,normalDay
2019-12-18,1260.0,1039.0,0.0,0,319.59,0.0,1,13.24,2.85,SPY200331P00291000,291.0,0,0.0,0.0,,0.0,normalDay
2019-12-19,1260.0,1061.0,0.0,0,320.9,0.0,1,13.24,2.63,SPY200331P00291000,291.0,0,0.0,0.0,,0.0,normalDay
2019-12-20,1260.0,1070.0,0.0,0,320.73,0.0,1,13.24,2.54,SPY200331P00291000,291.0,0,0.0,0.0,,0.0,normalDay
2019-12-23,1260.0,1072.0,0.0,0,321.22,0.0,1,13.24,2.52,SPY200331P00291000,291.0,0,0.0,0.0,,0.0,normalDay
2019-12-24,1260.0,1078.0,0.0,0,321.23,0.0,1,13.24,2.46,SPY200331P00291000,291.0,0,0.0,0.0,,0.0,normalDay
2019-12-26,1260.0,1102.0,0.0,0,322.94,0.0,1,13.24,2.22,SPY200331P00291000,291.0,0,0.0,0.0,,0.0,normalDay
2019-12-27,1260.0,1091.0,0.0,0,322.86,0.0,1,13.24,2.33,SPY200331P00291000,291.0,0,0.0,0.0,,0.0,normalDay
2019-12-30,1260.0,1065.0,0.0,0,321.08,0.0,1,13.24,2.59,SPY200331P00291000,291.0,0,0.0,0.0,,0.0,normalDay
2019-12-31,1260.0,1095.0,0.0,0,321.86,0.0,1,13.24,2.29,SPY200331P00291000,291.0,0,0.0,0.0,,0.0,normalDay
2020-01-02,1260.0,1141.0,0.0,0,324.87,0.0,1,13.24,1.83,SPY200331P00291000,291.0,0,0.0,0.0,,0.0,normalDay
2020-01-03,1260.0,1099.0,0.0,0,322.41,0.0,1,13.24,2.25,SPY200331P00291000,291.0,0,0.0,0.0,,0.0,normalDay
2020-01-06,1260.0,1126.0,0.0,0,323.64,0.0,1,13.24,1.98,SPY200331P00291000,291.0,0,0.0,0.0,,0.0,normalDay
2020-01-07,1260.0,1117.0,0.0,0,322.73,0.0,1,13.24,2.07,SPY200331P00291000,291.0,0,0.0,0.0,,0.0,normalDay
2020-01-08,1260.0,1145.0,0.0,0,324.45,0.0,1,13.24,1.79,SPY200331P00291000,291.0,0,0.0,0.0,,0.0,normalDay
2020-01-09,1260.0,1175.0,0.0,0,326.65,0.0,1,13.24,1.49,SPY200331P00291000,291.0,0,0.0,0.0,,0.0,normalDay
2020-01-10,1260.0,1170.0,0.0,0,325.71,0.0,1,13.24,1.54,SPY200331P00291000,291.0,0,0.0,0.0,,0.0,normalDay
2020-01-13,1260.0,1199.0,0.0,0,327.95,0.0,1,13.24,1.25,SPY200331P00291000,291.0,0,0.0,0.0,,0.0,normalDay
2020-01-14,1260.0,1201.0,0.0,0,327.45,0.0,1,13.24,1.23,SPY200331P00291000,291.0,0,0.0,0.0,,0.0,normalDay
2020-01-15,1260.0,1207.0,0.0,0,328.19,0.0,1,13.24,1.17,SPY200331P00291000,291.0,0,0.0,0.0,,0.0,normalDay
2020-01-16,1260.0,1223.0,0.0,0,330.92,0.0,1,13.24,1.01,SPY200331P00291000,291.0,0,0.0,0.0,,0.0,normalDay
2020-01-17,1260.0,1231.0,0.0,0,331.95,0.0,1,13.24,0.93,SPY200331P00291000,291.0,0,0.0,0.0,,0.0,normalDay
2020-01-21,1260.0,1229.0,0.0,0,331.3,0.0,1,13.24,0.95,SPY200331P00291000,291.0,0,0.0,0.0,,0.0,normalDay
2020-01-22,1260.0,1230.0,0.0,0,331.34,0.0,1,13.24,0.94,SPY200331P00291000,291.0,0,0.0,0.0,,0.0,normalDay
2020-01-23,1260.0,1232.0,0.0,0,331.72,0.0,1,13.24,0.92,SPY200331P00291000,291.0,0,0.0,0.0,,0.0,normalDay
2020-01-24,1260.0,1203.0,0.0,0,328.77,0.0,1,13.24,1.21,SPY200331P00291000,291.0,0,0.0,0.0,,0.0,normalDay
2020-01-27,1260.0,1115.0,0.0,0,323.5,0.0,1,13.24,2.09,SPY200331P00291000,291.0,0,0.0,0.0,,0.0,normalDay
2020-01-28,1260.0,1178.0,0.0,0,326.89,0.0,1,13.24,1.46,SPY200331P00291000,291.0,0,0.0,0.0,,0.0,normalDay
2020-01-29,1260.0,1180.0,0.0,0,326.62,0.0,1,13.24,1.44,SPY200331P00291000,291.0,0,0.0,0.0,,0.0,normalDay
2020-01-30,1260.0,1205.0,0.0,0,327.68,0.0,1,13.24,1.19,SPY200331P00291000,291.0,0,0.0,0.0,,0.0,normalDay
2020-01-31,1260.0,1119.0,0.0,0,321.73,0.0,1,13.24,2.05,SPY200331P00291000,291.0,0,0.0,0.0,,0.0,normalDay
2020-02-03,1260.0,1154.0,0.0,0,324.12,0.0,1,13.24,1.7,SPY200331P00291000,291.0,0,0.0,0.0,,0.0,normalDay
2020-02-04,1260.0,1221.0,0.0,0,329.06,0.0,1,13.24,1.03,SPY200331P00291000,291.0,0,0.0,0.0,,0.0,normalDay
2020-02-05,1260.0,1247.0,0.0,0,332.86,0.0,1,13.24,0.77,SPY200331P00291000,291.0,0,0.0,0.0,,0.0,normalDay
2020-02-06,1260.0,1250.0,0.0,0,333.98,0.0,1,13.24,0.74,SPY200331P00291000,291.0,0,0.0,0.0,,0.0,normalDay
2020-02-07,1260.0,1243.0,0.0,0,332.2,0.0,1,13.24,0.81,SPY200331P00291000,291.0,0,0.0,0.0,,0.0,normalDay
2020-02-10,1260.0,1259.0,0.0,0,334.68,0.0,1,13.24,0.65,SPY200331P00291000,291.0,0,0.0,0.0,,0.0,normalDay
2020-02-11,1260.0,1261.0,0.0,0,335.26,0.0,1,13.24,0.63,SPY200331P00291000,291.0,0,0.0,0.0,,0.0,normalDay
2020-02-12,1260.0,1275.0,0.0,0,337.42,0.0,1,13.24,0.49,SPY200331P00291000,291.0,0,0.0,0.0,,0.0,normalDay
2020-02-13,1260.0,1274.0,0.0,0,337.06,0.0,1,13.24,0.5,SPY200331P00291000,291.0,0,0.0,0.0,,0.0,normalDay
2020-02-14,1260.0,1279.0,0.0,0,337.6,0.0,1,13.24,0.45,SPY200331P00291000,291.0,0,0.0,0.0,,0.0,normalDay
2020-02-18,1260.0,1277.0,0.0,0,336.73,0.0,1,13.24,0.47,SPY200331P00291000,291.0,0,0.0,0.0,,0.0,normalDay
2020-02-19,1260.0,1284.0,0.0,0,338.34,0.0,1,13.24,0.4,SPY200331P00291000,291.0,0,0.0,0.0,,0.0,normalDay
2020-02-20,1260.0,1276.0,0.0,0,336.95,0.0,1,13.24,0.48,SPY200331P00291000,291.0,0,0.0,0.0,,0.0,normalDay
2020-02-21,1260.0,1260.0,0.0,0,333.48,0.0,1,13.24,0.64,SPY200331P00291000,291.0,0,0.0,0.0,,0.0,normalDay
2020-02-24,1260.0,1109.0,0.0,0,322.42,0.0,1,13.24,2.15,SPY200331P00291000,291.0,0,0.0,0.0,,0.0,normalDay
2020-02-25,1260.0,977.0,0.0,0,312.65,0.0,1,13.24,3.47,SPY200331P00291000,291.0,0,0.0,0.0,,0.0,normalDay
2020-02-26,1260.0,972.0,0.0,0,311.5,0.0,1,13.24,3.52,SPY200331P00291000,291.0,0,0.0,0.0,,0.0,normalDay
2020-02-27,1260.0,316.0,0.0,0,297.51,0.0,1,13.24,10.08,SPY200331P00291000,291.0,0,0.0,0.0,,0.0,normalDay
2020-02-28,1260.0,230.0,0.0,0,296.26,0.0,1,13.24,10.94,SPY200331P00291000,291.0,0,0.0,0.0,,0.0,normalDay
2020-03-02,1260.0,834.0,0.0,0,309.09,0.0,1,13.24,4.9,SPY200331P00291000,291.0,0,0.0,0.0,,0.0,normalDay
2020-03-03,1260.0,550.0,0.0,0,300.24,0.0,1,13.24,7.74,SPY200331P00291000,291.0,0,0.0,0.0,,0.0,normalDay
2020-03-04,1260.0,913.0,0.0,0,312.86,0.0,1,13.24,4.11,SPY200331P00291000,291.0,0,0.0,0.0,,0.0,normalDay
2020-03-05,1260.0,507.0,0.0,0,302.46,0.0,1,13.24,8.17,SPY200331P00291000,291.0,0,0.0,0.0,,0.0,normalDay
2020-03-06,1260.0,322.0,0.0,0,297.46,0.0,1,13.24,10.02,SPY200331P00291000,291.0,0,0.0,0.0,,0.0,normalDay
2020-03-09,1260.0,-1065.0,0.0,0,274.23,0.0,1,13.24,23.89,SPY200331P00291000,291.0,0,0.0,0.0,,0.0,normalDay
2020-03-10,1260.0,-74.0,0.0,0,288.42,0.0,1,13.24,13.98,SPY200331P00291000,291.0,0,0.0,0.0,,0.0,normalDay
2020-03-11,1260.0,-1005.0,0.0,0,274.36,0.0,1,13.24,23.29,SPY200331P00291000,291.0,0,0.0,0.0,,0.0,normalDay
2020-03-12,1260.0,-3207.0,0.0,0,248.11,0.0,1,13.24,45.31,SPY200331P00291000,291.0,0,0.0,0.0,,0.0,normalDay
2020-03-13,1260.0,-1282.0,0.0,0,269.32,0.0,1,13.24,26.06,SPY200331P00291000,291.0,0,0.0,0.0,,0.0,normalDay
2020-03-16,1260.0,-3662.0,0.0,0,239.85,0.0,1,13.24,49.86,SPY200331P00291000,291.0,0,0.0,0.0,,0.0,normalDay
2020-03-17,1260.0,-2844.0,0.0,0,252.8,0.0,1,13.24,41.68,SPY200331P00291000,291.0,0,0.0,0.0,,0.0,normalDay
2020-03-18,1260.0,-4040.0,0.0,0,240.0,0.0,1,13.24,53.64,SPY200331P00291000,291.0,0,0.0,0.0,,0.0,normalDay
2020-03-19,1260.0,-3997.0,0.0,0,240.51,0.0,1,13.24,53.21,SPY200331P00291000,291.0,0,0.0,0.0,,0.0,normalDay
2020-03-20,1260.0,-4927.0,0.0,0,228.8,0.0,1,13.24,62.51,SPY200331P00291000,291.0,0,0.0,0.0,,0.0,normalDay
2020-03-23,1260.0,-5720.0,0.0,0,222.95,0.0,1,13.24,70.44,SPY200331P00291000,291.0,0,0.0,0.0,,0.0,normalDay
2020-03-24,1260.0,-3584.0,0.0,0,243.15,0.0,1,13.24,49.08,SPY200331P00291000,291.0,0,0.0,0.0,,0.0,normalDay
2020-03-25,1260.0,-3106.0,0.0,0,246.79,0.0,1,13.24,44.3,SPY200331P00291000,291.0,0,0.0,0.0,,0.0,normalDay
2020-03-26,1260.0,-1721.0,0.0,0,261.2,0.0,1,13.24,30.45,SPY200331P00291000,291.0,0,0.0,0.0,,0.0,normalDay
2020-03-27,1260.0,-2500.0,0.0,0,253.42,0.0,1,13.24,38.24,SPY200331P00291000,291.0,0,0.0,0.0,,0.0,normalDay
2020-03-30,1260.0,-1694.0,0.0,0,261.65,0.0,1,13.24,30.18,SPY200331P00291000,291.0,0,0.0,0.0,,0.0,normalDay
2020-03-31,2584.0,-3325.0,1324.0,100,257.75,291.0,1,13.24,0.0,SPY200331P00291000,291.0,0,0.0,0.0,,0.0,expirationDay
2020-04-01,2584.0,-4531.0,0.0,100,246.15,291.0,0,0.0,0.0,,0.0,1,2.48,2.94,SPY201016C00307000,307.0,normalDay
2020-04-02,2584.0,-4063.0,0.0,100,251.83,291.0,0,0.0,0.0,,0.0,1,2.48,3.94,SPY201016C00307000,307.0,normalDay
2020-04-03,2584.0,-4320.0,0.0,100,248.19,291.0,0,0.0,0.0,,0.0,1,2.48,2.87,SPY201016C00307000,307.0,normalDay
2020-04-06,2584.0,-2964.0,0.0,100,264.86,291.0,0,0.0,0.0,,0.0,1,2.48,5.98,SPY201016C00307000,307.0,normalDay
2020-04-07,2584.0,-2909.0,0.0,100,265.13,291.0,0,0.0,0.0,,0.0,1,2.48,5.7,SPY201016C00307000,307.0,normalDay
2020-04-08,2584.0,-2333.0,0.0,100,274.03,291.0,0,0.0,0.0,,0.0,1,2.48,8.84,SPY201016C00307000,307.0,normalDay
2020-04-09,2584.0,-2093.0,0.0,100,278.2,291.0,0,0.0,0.0,,0.0,1,2.48,10.61,SPY201016C00307000,307.0,normalDay
2020-04-13,2584.0,-2185.0,0.0,100,275.66,291.0,0,0.0,0.0,,0.0,1,2.48,8.99,SPY201016C00307000,307.0,normalDay
2020-04-14,2584.0,-1619.0,0.0,100,283.79,291.0,0,0.0,0.0,,0.0,1,2.48,11.46,SPY201016C00307000,307.0,normalDay
2020-04-15,2584.0,-2046.0,0.0,100,277.76,291.0,0,0.0,0.0,,0.0,1,2.48,9.7,SPY201016C00307000,307.0,normalDay
2020-04-16,2584.0,-1981.0,0.0,100,279.1,291.0,0,0.0,0.0,,0.0,1,2.48,10.39,SPY201016C00307000,307.0,normalDay
2020-04-17,2584.0,-1512.0,0.0,100,286.64,291.0,0,0.0,0.0,,0.0,1,2.48,13.24,SPY201016C00307000,307.0,normalDay
2020-04-20,2584.0,-1891.0,0.0,100,281.59,291.0,0,0.0,0.0,,0.0,1,2.48,11.98,SPY201016C00307000,307.0,normalDay
2020-04-21,2584.0,-2491.0,0.0,100,273.04,291.0,0,0.0,0.0,,0.0,1,2.48,9.43,SPY201016C00307000,307.0,normalDay
2020-04-22,2584.0,-2042.0,0.0,100,279.1,291.0,0,0.0,0.0,,0.0,1,2.48,11.0,SPY201016C00307000,307.0,normalDay
2020-04-23,2584.0,-2024.0,0.0,100,279.08,291.0,0,0.0,0.0,,0.0,1,2.48,10.8,SPY201016C00307000,307.0,normalDay
2020-04-24,2584.0,-1685.0,0.0,100,282.97,291.0,0,0.0,0.0,,0.0,1,2.48,11.3,SPY201016C00307000,307.0,normalDay
2020-04-27,2584.0,-1336.0,0.0,100,287.05,291.0,0,0.0,0.0,,0.0,1,2.48,11.89,SPY201016C00307000,307.0,normalDay
2020-04-28,2584.0,-1399.0,0.0,100,285.73,291.0,0,0.0,0.0,,0.0,1,2.48,11.2,SPY201016C00307000,307.0,normalDay
2020-04-29,2584.0,-914.0,0.0,100,293.21,291.0,0,0.0,0.0,,0.0,1,2.48,13.83,SPY201016C00307000,307.0,normalDay
2020-04-30,2584.0,-1051.0,0.0,100,290.48,291.0,0,0.0,0.0,,0.0,1,2.48,12.47,SPY201016C00307000,307.0,normalDay
2020-05-01,2584.0,-1587.0,0.0,100,282.79,291.0,0,0.0,0.0,,0.0,1,2.48,10.14,SPY201016C00307000,307.0,normalDay
2020-05-04,2584.0,-1482.0,0.0,100,283.57,291.0,0,0.0,0.0,,0.0,1,2.48,9.87,SPY201016C00307000,307.0,normalDay
2020-05-05,2584.0,-1308.0,0.0,100,286.19,291.0,0,0.0,0.0,,0.0,1,2.48,10.75,SPY201016C00307000,307.0,normalDay
2020-05-06,2584.0,-1416.0,0.0,100,284.25,291.0,0,0.0,0.0,,0.0,1,2.48,9.89,SPY201016C00307000,307.0,normalDay
2020-05-07,2584.0,-1186.0,0.0,100,287.68,291.0,0,0.0,0.0,,0.0,1,2.48,11.02,SPY201016C00307000,307.0,normalDay
2020-05-08,2584.0,-823.0,0.0,100,292.44,291.0,0,0.0,0.0,,0.0,1,2.48,12.15,SPY201016C00307000,307.0,normalDay
2020-05-11,2584.0,-783.0,0.0,100,292.5,291.0,0,0.0,0.0,,0.0,1,2.48,11.81,SPY201016C00307000,307.0,normalDay
2020-05-12,2584.0,-1096.0,0.0,100,286.67,291.0,0,0.0,0.0,,0.0,1,2.48,9.11,SPY201016C00307000,307.0,normalDay
2020-05-13,2584.0,-1519.0,0.0,100,281.6,291.0,0,0.0,0.0,,0.0,1,2.48,8.27,SPY201016C00307000,307.0,normalDay
2020-05-14,2584.0,-1248.0,0.0,100,284.97,291.0,0,0.0,0.0,,0.0,1,2.48,8.93,SPY201016C00307000,307.0,normalDay
2020-05-15,2584.0,-1090.0,0.0,100,286.28,291.0,0,0.0,0.0,,0.0,1,2.48,8.66,SPY201016C00307000,307.0,normalDay
2020-05-18,2584.0,-537.0,0.0,100,295.0,291.0,0,0.0,0.0,,0.0,1,2.48,11.85,SPY201016C00307000,307.0,normalDay
2020-05-19,2584.0,-738.0,0.0,100,291.97,291.0,0,0.0,0.0,,0.0,1,2.48,10.83,SPY201016C00307000,307.0,normalDay
2020-05-20,2584.0,-425.0,0.0,100,296.93,291.0,0,0.0,0.0,,0.0,1,2.48,12.66,SPY201016C00307000,307.0,normalDay
2020-05-21,2584.0,-549.0,0.0,100,294.88,291.0,0,0.0,0.0,,0.0,1,2.48,11.85,SPY201016C00307000,307.0,normalDay
2020-05-22,2584.0,-522.0,0.0,100,295.44,291.0,0,0.0,0.0,,0.0,1,2.48,12.14,SPY201016C00307000,307.0,normalDay
2020-05-26,2584.0,-285.0,0.0,100,299.08,291.0,0,0.0,0.0,,0.0,1,2.48,13.41,SPY201016C00307000,307.0,normalDay
2020-05-27,2584.0,-28.0,0.0,100,303.53,291.0,0,0.0,0.0,,0.0,1,2.48,15.29,SPY201016C00307000,307.0,normalDay
2020-05-28,2584.0,-123.0,0.0,100,302.97,291.0,0,0.0,0.0,,0.0,1,2.48,15.68,SPY201016C00307000,307.0,normalDay
2020-05-29,2584.0,-40.0,0.0,100,304.32,291.0,0,0.0,0.0,,0.0,1,2.48,16.2,SPY201016C00307000,307.0,normalDay
2020-06-01,2584.0,65.0,0.0,100,305.55,291.0,0,0.0,0.0,,0.0,1,2.48,16.38,SPY201016C00307000,307.0,normalDay
2020-06-02,2584.0,220.0,0.0,100,308.08,291.0,0,0.0,0.0,,0.0,1,2.48,17.36,SPY201016C00307000,307.0,normalDay
2020-06-03,2584.0,386.0,0.0,100,312.18,291.0,0,0.0,0.0,,0.0,1,2.48,19.8,SPY201016C00307000,307.0,normalDay
2020-06-04,2584.0,362.0,0.0,100,311.36,291.0,0,0.0,0.0,,0.0,1,2.48,19.22,SPY201016C00307000,307.0,normalDay
2020-06-05,2584.0,709.0,0.0,100,319.34,291.0,0,0.0,0.0,,0.0,1,2.48,23.73,SPY201016C00307000,307.0,normalDay
2020-06-08,2584.0,818.0,0.0,100,323.2,291.0,0,0.0,0.0,,0.0,1,2.48,26.5,SPY201016C00307000,307.0,normalDay
2020-06-09,2584.0,600.0,0.0,100,320.79,291.0,0,0.0,0.0,,0.0,1,2.48,26.27,SPY201016C00307000,307.0,normalDay
2020-06-10,2584.0,616.0,0.0,100,319.0,291.0,0,0.0,0.0,,0.0,1,2.48,24.32,SPY201016C00307000,307.0,normalDay
2020-06-11,2584.0,-567.0,0.0,100,300.61,291.0,0,0.0,0.0,,0.0,1,2.48,17.76,SPY201016C00307000,307.0,normalDay
2020-06-12,2584.0,-218.0,0.0,100,304.21,291.0,0,0.0,0.0,,0.0,1,2.48,17.87,SPY201016C00307000,307.0,normalDay
2020-06-15,2584.0,-67.0,0.0,100,307.05,291.0,0,0.0,0.0,,0.0,1,2.48,19.2,SPY201016C00307000,307.0,normalDay
2020-06-16,2584.0,198.0,0.0,100,312.96,291.0,0,0.0,0.0,,0.0,1,2.48,22.46,SPY201016C00307000,307.0,normalDay
2020-06-17,2584.0,118.0,0.0,100,311.66,291.0,0,0.0,0.0,,0.0,1,2.48,21.96,SPY201016C00307000,307.0,normalDay
2020-06-18,2584.0,158.0,0.0,100,311.78,291.0,0,0.0,0.0,,0.0,1,2.48,21.68,SPY201016C00307000,307.0,normalDay
2020-06-19,2584.0,16.0,0.0,100,308.64,291.0,0,0.0,0.0,,0.0,1,2.48,19.96,SPY201016C00307000,307.0,normalDay
2020-06-22,2584.0,119.0,0.0,100,310.62,291.0,0,0.0,0.0,,0.0,1,2.48,20.91,SPY201016C00307000,307.0,normalDay
2020-06-23,2584.0,217.0,0.0,100,312.05,291.0,0,0.0,0.0,,0.0,1,2.48,21.36,SPY201016C00307000,307.0,normalDay
2020-06-24,2584.0,-201.0,0.0,100,304.09,291.0,0,0.0,0.0,,0.0,1,2.48,17.58,SPY201016C00307000,307.0,normalDay
2020-06-25,2584.0,19.0,0.0,100,307.35,291.0,0,0.0,0.0,,0.0,1,2.48,18.64,SPY201016C00307000,307.0,normalDay
2020-06-26,2584.0,-386.0,0.0,100,300.05,291.0,0,0.0,0.0,,0.0,1,2.48,15.39,SPY201016C00307000,307.0,normalDay
2020-06-29,2584.0,-35.0,0.0,100,304.46,291.0,0,0.0,0.0,,0.0,1,2.48,16.29,SPY201016C00307000,307.0,normalDay
2020-06-30,2584.0,211.0,0.0,100,308.36,291.0,0,0.0,0.0,,0.0,1,2.48,17.73,SPY201016C00307000,307.0,normalDay
2020-07-01,2584.0,334.0,0.0,100,310.52,291.0,0,0.0,0.0,,0.0,1,2.48,18.66,SPY201016C00307000,307.0,normalDay
2020-07-02,2584.0,396.0,0.0,100,312.23,291.0,0,0.0,0.0,,0.0,1,2.48,19.75,SPY201016C00307000,307.0,normalDay
2020-07-06,2584.0,602.0,0.0,100,317.05,291.0,0,0.0,0.0,,0.0,1,2.48,22.51,SPY201016C00307000,307.0,normalDay
2020-07-07,2584.0,460.0,0.0,100,313.78,291.0,0,0.0,0.0,,0.0,1,2.48,20.66,SPY201016C00307000,307.0,normalDay
2020-07-08,2584.0,570.0,0.0,100,316.18,291.0,0,0.0,0.0,,0.0,1,2.48,21.96,SPY201016C00307000,307.0,normalDay
2020-07-09,2584.0,488.0,0.0,100,314.38,291.0,0,0.0,0.0,,0.0,1,2.48,20.98,SPY201016C00307000,307.0,normalDay
2020-07-10,2584.0,620.0,0.0,100,317.59,291.0,0,0.0,0.0,,0.0,1,2.48,22.87,SPY201016C00307000,307.0,normalDay
2020-07-13,2584.0,442.0,0.0,100,314.84,291.0,0,0.0,0.0,,0.0,1,2.48,21.9,SPY201016C00307000,307.0,normalDay
2020-07-14,2584.0,676.0,0.0,100,318.92,291.0,0,0.0,0.0,,0.0,1,2.48,23.64,SPY201016C00307000,307.0,normalDay
2020-07-15,2584.0,773.0,0.0,100,321.85,291.0,0,0.0,0.0,,0.0,1,2.48,25.6,SPY201016C00307000,307.0,normalDay
2020-07-16,2584.0,839.0,0.0,100,320.79,291.0,0,0.0,0.0,,0.0,1,2.48,23.88,SPY201016C00307000,307.0,normalDay
2020-07-17,2584.0,842.0,0.0,100,321.72,291.0,0,0.0,0.0,,0.0,1,2.48,24.78,SPY201016C00307000,307.0,normalDay
2020-07-20,2584.0,985.0,0.0,100,324.32,291.0,0,0.0,0.0,,0.0,1,2.48,25.95,SPY201016C00307000,307.0,normalDay
2020-07-21,2584.0,999.0,0.0,100,325.01,291.0,0,0.0,0.0,,0.0,1,2.48,26.5,SPY201016C00307000,307.0,normalDay
2020-07-22,2584.0,1094.0,0.0,100,326.86,291.0,0,0.0,0.0,,0.0,1,2.48,27.4,SPY201016C00307000,307.0,normalDay
2020-07-23,2584.0,1002.0,0.0,100,322.96,291.0,0,0.0,0.0,,0.0,1,2.48,24.42,SPY201016C00307000,307.0,normalDay
2020-07-24,2584.0,909.0,0.0,100,320.88,291.0,0,0.0,0.0,,0.0,1,2.48,23.27,SPY201016C00307000,307.0,normalDay
2020-07-27,2584.0,1023.0,0.0,100,323.22,291.0,0,0.0,0.0,,0.0,1,2.48,24.47,SPY201016C00307000,307.0,normalDay
2020-07-28,2584.0,966.0,0.0,100,321.17,291.0,0,0.0,0.0,,0.0,1,2.48,22.99,SPY201016C00307000,307.0,normalDay
2020-07-29,2584.0,1109.0,0.0,100,325.12,291.0,0,0.0,0.0,,0.0,1,2.48,25.51,SPY201016C00307000,307.0,normalDay
2020-07-30,2584.0,1018.0,0.0,100,323.96,291.0,0,0.0,0.0,,0.0,1,2.48,25.26,SPY201016C00307000,307.0,normalDay
2020-07-31,2584.0,1100.0,0.0,100,326.52,291.0,0,0.0,0.0,,0.0,1,2.48,27.0,SPY201016C00307000,307.0,normalDay
2020-08-03,2584.0,1205.0,0.0,100,328.79,291.0,0,0.0,0.0,,0.0,1,2.48,28.22,SPY201016C00307000,307.0,normalDay
2020-08-04,2584.0,1264.0,0.0,100,330.06,291.0,0,0.0,0.0,,0.0,1,2.48,28.9,SPY201016C00307000,307.0,normalDay
2020-08-05,2584.0,1326.0,0.0,100,332.11,291.0,0,0.0,0.0,,0.0,1,2.48,30.33,SPY201016C00307000,307.0,normalDay
2020-08-06,2584.0,1350.0,0.0,100,334.33,291.0,0,0.0,0.0,,0.0,1,2.48,32.31,SPY201016C00307000,307.0,normalDay
2020-08-07,2584.0,1376.0,0.0,100,334.57,291.0,0,0.0,0.0,,0.0,1,2.48,32.29,SPY201016C00307000,307.0,normalDay
2020-08-10,2584.0,1443.0,0.0,100,335.57,291.0,0,0.0,0.0,,0.0,1,2.48,32.62,SPY201016C00307000,307.0,normalDay
2020-08-11,2584.0,1352.0,0.0,100,332.8,291.0,0,0.0,0.0,,0.0,1,2.48,30.76,SPY201016C00307000,307.0,normalDay
2020-08-12,2584.0,1465.0,0.0,100,337.44,291.0,0,0.0,0.0,,0.0,1,2.48,34.27,SPY201016C00307000,307.0,normalDay
2020-08-13,2584.0,1477.0,0.0,100,336.83,291.0,0,0.0,0.0,,0.0,1,2.48,33.54,SPY201016C00307000,307.0,normalDay
2020-08-14,2584.0,1482.0,0.0,100,336.84,291.0,0,0.0,0.0,,0.0,1,2.48,33.5,SPY201016C00307000,307.0,normalDay
2020-08-17,2584.0,1539.0,0.0,100,337.91,291.0,0,0.0,0.0,,0.0,1,2.48,34.0,SPY201016C00307000,307.0,normalDay
2020-08-18,2584.0,1544.0,0.0,100,338.64,291.0,0,0.0,0.0,,0.0,1,2.48,34.68,SPY201016C00307000,307.0,normalDay
2020-08-19,2584.0,1518.0,0.0,100,337.23,291.0,0,0.0,0.0,,0.0,1,2.48,33.53,SPY201016C00307000,307.0,normalDay
2020-08-20,2584.0,1549.0,0.0,100,338.28,291.0,0,0.0,0.0,,0.0,1,2.48,34.27,SPY201016C00307000,307.0,normalDay
2020-08-21,2584.0,1557.0,0.0,100,339.48,291.0,0,0.0,0.0,,0.0,1,2.48,35.39,SPY201016C00307000,307.0,normalDay
2020-08-24,2584.0,1630.0,0.0,100,342.92,291.0,0,0.0,0.0,,0.0,1,2.48,38.1,SPY201016C00307000,307.0,normalDay
2020-08-25,2584.0,1618.0,0.0,100,344.12,291.0,0,0.0,0.0,,0.0,1,2.48,39.42,SPY201016C00307000,307.0,normalDay
2020-08-26,2584.0,1636.0,0.0,100,347.57,291.0,0,0.0,0.0,,0.0,1,2.48,42.69,SPY201016C00307000,307.0,normalDay
2020-08-27,2584.0,1617.0,0.0,100,348.33,291.0,0,0.0,0.0,,0.0,1,2.48,43.64,SPY201016C00307000,307.0,normalDay
2020-08-28,2584.0,1655.0,0.0,100,350.58,291.0,0,0.0,0.0,,0.0,1,2.48,45.51,SPY201016C00307000,307.0,normalDay
2020-08-31,2584.0,1575.0,0.0,100,349.31,291.0,0,0.0,0.0,,0.0,1,2.48,45.04,SPY201016C00307000,307.0,normalDay
2020-09-01,2584.0,1666.0,0.0,100,352.6,291.0,0,0.0,0.0,,0.0,1,2.48,47.42,SPY201016C00307000,307.0,normalDay
2020-09-02,2584.0,1658.0,0.0,100,357.7,291.0,0,0.0,0.0,,0.0,1,2.48,52.6,SPY201016C00307000,307.0,normalDay
2020-09-03,2584.0,1429.0,0.0,100,345.39,291.0,0,0.0,0.0,,0.0,1,2.48,42.58,SPY201016C00307000,307.0,normalDay
2020-09-04,2584.0,1567.0,0.0,100,342.57,291.0,0,0.0,0.0,,0.0,1,2.48,38.38,SPY201016C00307000,307.0,normalDay
2020-09-08,2584.0,1460.0,0.0,100,333.21,291.0,0,0.0,0.0,,0.0,1,2.48,30.09,SPY201016C00307000,307.0,normalDay
2020-09-09,2584.0,1643.0,0.0,100,339.79,291.0,0,0.0,0.0,,0.0,1,2.48,34.84,SPY201016C00307000,307.0,normalDay
2020-09-10,2584.0,1542.0,0.0,100,333.89,291.0,0,0.0,0.0,,0.0,1,2.48,29.95,SPY201016C00307000,307.0,normalDay
2020-09-11,2584.0,1694.0,0.0,100,334.06,291.0,0,0.0,0.0,,0.0,1,2.48,28.6,SPY201016C00307000,307.0,normalDay
2020-09-14,2584.0,1709.0,0.0,100,338.46,291.0,0,0.0,0.0,,0.0,1,2.48,32.85,SPY201016C00307000,307.0,normalDay
2020-09-15,2584.0,1696.0,0.0,100,340.17,291.0,0,0.0,0.0,,0.0,1,2.48,34.69,SPY201016C00307000,307.0,normalDay
2020-09-16,2584.0,1757.0,0.0,100,338.82,291.0,0,0.0,0.0,,0.0,1,2.48,32.73,SPY201016C00307000,307.0,normalDay
2020-09-17,2584.0,1709.0,0.0,100,335.84,291.0,0,0.0,0.0,,0.0,1,2.48,30.23,SPY201016C00307000,307.0,normalDay
2020-09-18,2584.0,1602.0,0.0,100,330.65,291.0,0,0.0,0.0,,0.0,1,2.48,26.11,SPY201016C00307000,307.0,normalDay
2020-09-21,2584.0,1513.0,0.0,100,326.97,291.0,0,0.0,0.0,,0.0,1,2.48,23.32,SPY201016C00307000,307.0,normalDay
2020-09-22,2584.0,1645.0,0.0,100,330.3,291.0,0,0.0,0.0,,0.0,1,2.48,25.33,SPY201016C00307000,307.0,normalDay
2020-09-23,2584.0,1479.0,0.0,100,322.64,291.0,0,0.0,0.0,,0.0,1,2.48,19.33,SPY201016C00307000,307.0,normalDay
2020-09-24,2584.0,1500.0,0.0,100,323.5,291.0,0,0.0,0.0,,0.0,1,2.48,19.98,SPY201016C00307000,307.0,normalDay
2020-09-25,2584.0,1660.0,0.0,100,328.73,291.0,0,0.0,0.0,,0.0,1,2.48,23.61,SPY201016C00307000,307.0,normalDay
2020-09-28,2584.0,1726.0,0.0,100,334.19,291.0,0,0.0,0.0,,0.0,1,2.48,28.41,SPY201016C00307000,307.0,normalDay
2020-09-29,2584.0,1650.0,0.0,100,332.37,291.0,0,0.0,0.0,,0.0,1,2.48,27.35,SPY201016C00307000,307.0,normalDay
2020-09-30,2584.0,1856.0,0.0,100,334.89,291.0,0,0.0,0.0,,0.0,1,2.48,27.81,SPY201016C00307000,307.0,normalDay
2020-10-01,2584.0,1756.0,0.0,100,337.04,291.0,0,0.0,0.0,,0.0,1,2.48,30.96,SPY201016C00307000,307.0,normalDay
2020-10-02,2584.0,1769.0,0.0,100,333.84,291.0,0,0.0,0.0,,0.0,1,2.48,27.63,SPY201016C00307000,307.0,normalDay
2020-10-05,2584.0,1832.0,0.0,100,339.76,291.0,0,0.0,0.0,,0.0,1,2.48,32.92,SPY201016C00307000,307.0,normalDay
2020-10-06,2584.0,1755.0,0.0,100,334.93,291.0,0,0.0,0.0,,0.0,1,2.48,28.86,SPY201016C00307000,307.0,normalDay
2020-10-07,2584.0,1842.0,0.0,100,340.76,291.0,0,0.0,0.0,,0.0,1,2.48,33.82,SPY201016C00307000,307.0,normalDay
2020-10-08,2584.0,1840.0,0.0,100,343.78,291.0,0,0.0,0.0,,0.0,1,2.48,36.86,SPY201016C00307000,307.0,normalDay
2020-10-09,2584.0,1829.0,0.0,100,346.85,291.0,0,0.0,0.0,,0.0,1,2.48,40.04,SPY201016C00307000,307.0,normalDay
2020-10-12,2584.0,1835.0,0.0,100,352.43,291.0,0,0.0,0.0,,0.0,1,2.48,45.56,SPY201016C00307000,307.0,normalDay
2020-10-13,2584.0,1818.0,0.0,100,350.13,291.0,0,0.0,0.0,,0.0,1,2.48,43.43,SPY201016C00307000,307.0,normalDay
2020-10-14,2584.0,1833.0,0.0,100,347.93,291.0,0,0.0,0.0,,0.0,1,2.48,41.08,SPY201016C00307000,307.0,normalDay
2020-10-15,2584.0,1822.0,0.0,100,347.5,291.0,0,0.0,0.0,,0.0,1,2.48,40.76,SPY201016C00307000,307.0,normalDay
2020-10-16,4432.0,1822.0,1848.0,0,347.29,0.0,0,0.0,0.0,,0.0,1,2.48,0.0,SPY201016C00307000,307.0,expirationDay
2020-10-19,4432.0,-27.0,0.0,0,342.01,0.0,1,15.77,16.04,SPY210521P00310000,310.0,0,0.0,0.0,,0.0,normalDay
2020-10-20,4432.0,4.0,0.0,0,343.38,0.0,1,15.77,15.73,SPY210521P00310000,310.0,0,0.0,0.0,,0.0,normalDay
2020-10-21,4432.0,55.0,0.0,0,342.73,0.0,1,15.77,15.22,SPY210521P00310000,310.0,0,0.0,0.0,,0.0,normalDay
2020-10-22,4432.0,112.0,0.0,0,344.61,0.0,1,15.77,14.65,SPY210521P00310000,310.0,0,0.0,0.0,,0.0,normalDay
2020-10-23,4432.0,153.0,0.0,0,345.78,0.0,1,15.77,14.24,SPY210521P00310000,310.0,0,0.0,0.0,,0.0,normalDay
2020-10-26,4432.0,-79.0,0.0,0,339.39,0.0,1,15.77,16.56,SPY210521P00310000,310.0,0,0.0,0.0,,0.0,normalDay
2020-10-27,4432.0,-97.0,0.0,0,338.22,0.0,1,15.77,16.74,SPY210521P00310000,310.0,0,0.0,0.0,,0.0,normalDay
2020-10-28,4432.0,-639.0,0.0,0,326.66,0.0,1,15.77,22.16,SPY210521P00310000,310.0,0,0.0,0.0,,0.0,normalDay
2020-10-29,4432.0,-440.0,0.0,0,329.98,0.0,1,15.77,20.17,SPY210521P00310000,310.0,0,0.0,0.0,,0.0,normalDay
2020-10-30,4432.0,-522.0,0.0,0,326.54,0.0,1,15.77,20.99,SPY210521P00310000,310.0,0,0.0,0.0,,0.0,normalDay
2020-11-02,4432.0,-313.0,0.0,0,330.2,0.0,1,15.77,18.9,SPY210521P00310000,310.0,0,0.0,0.0,,0.0,normalDay
2020-11-03,4432.0,-109.0,0.0,0,336.03,0.0,1,15.77,16.86,SPY210521P00310000,310.0,0,0.0,0.0,,0.0,normalDay
2020-11-04,4432.0,191.0,0.0,0,343.54,0.0,1,15.77,13.86,SPY210521P00310000,310.0,0,0.0,0.0,,0.0,normalDay
2020-11-05,4432.0,325.0,0.0,0,350.24,0.0,1,15.77,12.52,SPY210521P00310000,310.0,0,0.0,0.0,,0.0,normalDay
2020-11-06,4432.0,384.0,0.0,0,350.16,0.0,1,15.77,11.93,SPY210521P00310000,310.0,0,0.0,0.0,,0.0,normalDay
2020-11-09,4432.0,530.0,0.0,0,354.56,0.0,1,15.77,10.47,SPY210521P00310000,310.0,0,0.0,0.0,,0.0,normalDay
2020-11-10,4432.0,471.0,0.0,0,354.04,0.0,1,15.77,11.06,SPY210521P00310000,310.0,0,0.0,0.0,,0.0,normalDay
2020-11-11,4432.0,603.0,0.0,0,356.67,0.0,1,15.77,9.74,SPY210521P00310000,310.0,0,0.0,0.0,,0.0,normalDay
2020-11-12,4432.0,491.0,0.0,0,353.21,0.0,1,15.77,10.86,SPY210521P00310000,310.0,0,0.0,0.0,,0.0,normalDay
2020-11-13,4432.0,614.0,0.0,0,358.1,0.0,1,15.77,9.63,SPY210521P00310000,310.0,0,0.0,0.0,,0.0,normalDay
2020-11-16,4432.0,687.0,0.0,0,362.57,0.0,1,15.77,8.9,SPY210521P00310000,310.0,0,0.0,0.0,,0.0,normalDay
2020-11-17,4432.0,667.0,0.0,0,360.62,0.0,1,15.77,9.1,SPY210521P00310000,310.0,0,0.0,0.0,,0.0,normalDay
2020-11-18,4432.0,576.0,0.0,0,356.28,0.0,1,15.77,10.01,SPY210521P00310000,310.0,0,0.0,0.0,,0.0,normalDay
2020-11-19,4432.0,641.0,0.0,0,357.78,0.0,1,15.77,9.36,SPY210521P00310000,310.0,0,0.0,0.0,,0.0,normalDay
2020-11-20,4432.0,578.0,0.0,0,355.33,0.0,1,15.77,9.99,SPY210521P00310000,310.0,0,0.0,0.0,,0.0,normalDay
2020-11-23,4432.0,651.0,0.0,0,357.46,0.0,1,15.77,9.26,SPY210521P00310000,310.0,0,0.0,0.0,,0.0,normalDay
2020-11-24,4432.0,761.0,0.0,0,363.22,0.0,1,15.77,8.16,SPY210521P00310000,310.0,0,0.0,0.0,,0.0,normalDay
2020-11-25,4432.0,774.0,0.0,0,362.66,0.0,1,15.77,8.03,SPY210521P00310000,310.0,0,0.0,0.0,,0.0,normalDay
2020-11-27,4432.0,796.0,0.0,0,363.67,0.0,1,15.77,7.81,SPY210521P00310000,310.0,0,0.0,0.0,,0.0,normalDay
2020-11-30,4432.0,812.0,0.0,0,362.06,0.0,1,15.77,7.65,SPY210521P00310000,310.0,0,0.0,0.0,,0.0,normalDay
2020-12-01,4432.0,843.0,0.0,0,366.02,0.0,1,15.77,7.34,SPY210521P00310000,310.0,0,0.0,0.0,,0.0,normalDay
2020-12-02,4432.0,860.0,0.0,0,366.79,0.0,1,15.77,7.17,SPY210521P00310000,310.0,0,0.0,0.0,,0.0,normalDay
2020-12-03,4432.0,851.0,0.0,0,366.69,0.0,1,15.77,7.26,SPY210521P00310000,310.0,0,0.0,0.0,,0.0,normalDay
2020-12-04,4432.0,902.0,0.0,0,369.85,0.0,1,15.77,6.75,SPY210521P00310000,310.0,0,0.0,0.0,,0.0,normalDay
2020-12-07,4432.0,886.0,0.0,0,369.09,0.0,1,15.77,6.91,SPY210521P00310000,310.0,0,0.0,0.0,,0.0,normalDay
2020-12-08,4432.0,932.0,0.0,0,370.17,0.0,1,15.77,6.45,SPY210521P00310000,310.0,0,0.0,0.0,,0.0,normalDay
2020-12-09,4432.0,862.0,0.0,0,366.85,0.0,1,15.77,7.15,SPY210521P00310000,310.0,0,0.0,0.0,,0.0,normalDay
2020-12-10,4432.0,859.0,0.0,0,366.73,0.0,1,15.77,7.18,SPY210521P00310000,310.0,0,0.0,0.0,,0.0,normalDay
2020-12-11,4432.0,830.0,0.0,0,366.3,0.0,1,15.77,7.47,SPY210521P00310000,310.0,0,0.0,0.0,,0.0,normalDay
2020-12-14,4432.0,793.0,0.0,0,364.66,0.0,1,15.77,7.84,SPY210521P00310000,310.0,0,0.0,0.0,,0.0,normalDay
2020-12-15,4432.0,877.0,0.0,0,369.59,0.0,1,15.77,7.0,SPY210521P00310000,310.0,0,0.0,0.0,,0.0,normalDay
2020-12-16,4432.0,913.0,0.0,0,370.17,0.0,1,15.77,6.64,SPY210521P00310000,310.0,0,0.0,0.0,,0.0,normalDay
2020-12-17,4432.0,951.0,0.0,0,372.24,0.0,1,15.77,6.26,SPY210521P00310000,310.0,0,0.0,0.0,,0.0,normalDay
2020-12-18,4432.0,946.0,0.0,0,369.18,0.0,1,15.77,6.31,SPY210521P00310000,310.0,0,0.0,0.0,,0.0,normalDay
2020-12-21,4432.0,859.0,0.0,0,367.86,0.0,1,15.77,7.18,SPY210521P00310000,310.0,0,0.0,0.0,,0.0,normalDay
2020-12-22,4432.0,863.0,0.0,0,367.24,0.0,1,15.77,7.14,SPY210521P00310000,310.0,0,0.0,0.0,,0.0,normalDay
2020-12-23,4432.0,903.0,0.0,0,367.57,0.0,1,15.77,6.74,SPY210521P00310000,310.0,0,0.0,0.0,,0.0,normalDay
2020-12-24,4432.0,956.0,0.0,0,369.0,0.0,1,15.77,6.21,SPY210521P00310000,310.0,0,0.0,0.0,,0.0,normalDay
2020-12-28,4432.0,1005.0,0.0,0,372.17,0.0,1,15.77,5.72,SPY210521P00310000,310.0,0,0.0,0.0,,0.0,normalDay
2020-12-29,4432.0,957.0,0.0,0,371.46,0.0,1,15.77,6.2,SPY210521P00310000,310.0,0,0.0,0.0,,0.0,normalDay
2020-12-30,4432.0,995.0,0.0,0,371.99,0.0,1,15.77,5.82,SPY210521P00310000,310.0,0,0.0,0.0,,0.0,normalDay
2020-12-31,4432.0,1025.0,0.0,0,373.88,0.0,1,15.77,5.52,SPY210521P00310000,310.0,0,0.0,0.0,,0.0,normalDay
2021-01-04,4432.0,912.0,0.0,0,368.79,0.0,1,15.77,6.65,SPY210521P00310000,310.0,0,0.0,0.0,,0.0,normalDay
2021-01-05,4432.0,966.0,0.0,0,371.33,0.0,1,15.77,6.11,SPY210521P00310000,310.0,0,0.0,0.0,,0.0,normalDay
2021-01-06,4432.0,988.0,0.0,0,373.55,0.0,1,15.77,5.89,SPY210521P00310000,310.0,0,0.0,0.0,,0.0,normalDay
2021-01-07,4432.0,1099.0,0.0,0,379.1,0.0,1,15.77,4.78,SPY210521P00310000,310.0,0,0.0,0.0,,0.0,normalDay
2021-01-08,4432.0,1123.0,0.0,0,381.26,0.0,1,15.77,4.54,SPY210521P00310000,310.0,0,0.0,0.0,,0.0,normalDay
2021-01-11,4432.0,1058.0,0.0,0,378.69,0.0,1,15.77,5.19,SPY210521P00310000,310.0,0,0.0,0.0,,0.0,normalDay
2021-01-12,4432.0,1079.0,0.0,0,378.77,0.0,1,15.77,4.98,SPY210521P00310000,310.0,0,0.0,0.0,,0.0,normalDay
2021-01-13,4432.0,1105.0,0.0,0,379.79,0.0,1,15.77,4.72,SPY210521P00310000,310.0,0,0.0,0.0,,0.0,normalDay
2021-01-14,4432.0,1078.0,0.0,0,378.46,0.0,1,15.77,4.99,SPY210521P00310000,310.0,0,0.0,0.0,,0.0,normalDay
2021-01-15,4432.0,1030.0,0.0,0,375.7,0.0,1,15.77,5.47,SPY210521P00310000,310.0,0,0.0,0.0,,0.0,normalDay
2021-01-19,4432.0,1090.0,0.0,0,378.65,0.0,1,15.77,4.87,SPY210521P00310000,310.0,0,0.0,0.0,,0.0,normalDay
2021-01-20,4432.0,1160.0,0.0,0,383.89,0.0,1,15.77,4.17,SPY210521P00310000,310.0,0,0.0,0.0,,0.0,normalDay
2021-01-21,4432.0,1167.0,0.0,0,384.24,0.0,1,15.77,4.1,SPY210521P00310000,310.0,0,0.0,0.0,,0.0,normalDay
2021-01-22,4432.0,1154.0,0.0,0,382.88,0.0,1,15.77,4.23,SPY210521P00310000,310.0,0,0.0,0.0,,0.0,normalDay
2021-01-25,4432.0,1149.0,0.0,0,384.39,0.0,1,15.77,4.28,SPY210521P00310000,310.0,0,0.0,0.0,,0.0,normalDay
2021-01-26,4432.0,1143.0,0.0,0,383.79,0.0,1,15.77,4.34,SPY210521P00310000,310.0,0,0.0,0.0,,0.0,normalDay
2021-01-27,4432.0,867.0,0.0,0,374.41,0.0,1,15.77,7.1,SPY210521P00310000,310.0,0,0.0,0.0,,0.0,normalDay
2021-01-28,4432.0,965.0,0.0,0,377.63,0.0,1,15.77,6.12,SPY210521P00310000,310.0,0,0.0,0.0,,0.0,normalDay
2021-01-29,4432.0,787.0,0.0,0,370.07,0.0,1,15.77,7.9,SPY210521P00310000,310.0,0,0.0,0.0,,0.0,normalDay
2021-02-01,4432.0,942.0,0.0,0,376.23,0.0,1,15.77,6.35,SPY210521P00310000,310.0,0,0.0,0.0,,0.0,normalDay
2021-02-02,4432.0,1091.0,0.0,0,381.55,0.0,1,15.77,4.86,SPY210521P00310000,310.0,0,0.0,0.0,,0.0,normalDay
2021-02-03,4432.0,1150.0,0.0,0,381.85,0.0,1,15.77,4.27,SPY210521P00310000,310.0,0,0.0,0.0,,0.0,normalDay
2021-02-04,4432.0,1210.0,0.0,0,386.19,0.0,1,15.77,3.67,SPY210521P00310000,310.0,0,0.0,0.0,,0.0,normalDay
2021-02-05,4432.0,1220.0,0.0,0,387.71,0.0,1,15.77,3.57,SPY210521P00310000,310.0,0,0.0,0.0,,0.0,normalDay
2021-02-08,4432.0,1248.0,0.0,0,390.51,0.0,1,15.77,3.29,SPY210521P00310000,310.0,0,0.0,0.0,,0.0,normalDay
2021-02-09,4432.0,1243.0,0.0,0,390.25,0.0,1,15.77,3.34,SPY210521P00310000,310.0,0,0.0,0.0,,0.0,normalDay
2021-02-10,4432.0,1236.0,0.0,0,390.08,0.0,1,15.77,3.41,SPY210521P00310000,310.0,0,0.0,0.0,,0.0,normalDay
2021-02-11,4432.0,1255.0,0.0,0,390.71,0.0,1,15.77,3.22,SPY210521P00310000,310.0,0,0.0,0.0,,0.0,normalDay
2021-02-12,4432.0,1287.0,0.0,0,392.64,0.0,1,15.77,2.9,SPY210521P00310000,310.0,0,0.0,0.0,,0.0,normalDay
2021-02-16,4432.0,1279.0,0.0,0,392.3,0.0,1,15.77,2.98,SPY210521P00310000,310.0,0,0.0,0.0,,0.0,normalDay
2021-02-17,4432.0,1286.0,0.0,0,392.39,0.0,1,15.77,2.91,SPY210521P00310000,310.0,0,0.0,0.0,,0.0,normalDay
2021-02-18,4432.0,1271.0,0.0,0,390.72,0.0,1,15.77,3.06,SPY210521P00310000,310.0,0,0.0,0.0,,0.0,normalDay
2021-02-19,4432.0,1283.0,0.0,0,390.03,0.0,1,15.77,2.94,SPY210521P00310000,310.0,0,0.0,0.0,,0.0,normalDay
2021-02-22,4432.0,1261.0,0.0,0,387.03,0.0,1,15.77,3.16,SPY210521P00310000,310.0,0,0.0,0.0,,0.0,normalDay
2021-02-23,4432.0,1290.0,0.0,0,387.5,0.0,1,15.77,2.87,SPY210521P00310000,310.0,0,0.0,0.0,,0.0,normalDay
2021-02-24,4432.0,1343.0,0.0,0,391.77,0.0,1,15.77,2.34,SPY210521P00310000,310.0,0,0.0,0.0,,0.0,normalDay
2021-02-25,4432.0,1205.0,0.0,0,382.33,0.0,1,15.77,3.72,SPY210521P00310000,310.0,0,0.0,0.0,,0.0,normalDay
2021-02-26,4432.0,1221.0,0.0,0,380.36,0.0,1,15.77,3.56,SPY210521P00310000,310.0,0,0.0,0.0,,0.0,normalDay
2021-03-01,4432.0,1334.0,0.0,0,389.58,0.0,1,15.77,2.43,SPY210521P00310000,310.0,0,0.0,0.0,,0.0,normalDay
2021-03-02,4432.0,1320.0,0.0,0,386.54,0.0,1,15.77,2.57,SPY210521P00310000,310.0,0,0.0,0.0,,0.0,normalDay
2021-03-03,4432.0,1274.0,0.0,0,381.42,0.0,1,15.77,3.03,SPY210521P00310000,310.0,0,0.0,0.0,,0.0,normalDay
2021-03-04,4432.0,1218.0,0.0,0,376.7,0.0,1,15.77,3.59,SPY210521P00310000,310.0,0,0.0,0.0,,0.0,normalDay
2021-03-05,4432.0,1310.0,0.0,0,383.63,0.0,1,15.77,2.67,SPY210521P00310000,310.0,0,0.0,0.0,,0.0,normalDay
2021-03-08,4432.0,1306.0,0.0,0,381.72,0.0,1,15.77,2.71,SPY210521P00310000,310.0,0,0.0,0.0,,0.0,normalDay
2021-03-09,4432.0,1358.0,0.0,0,387.17,0.0,1,15.77,2.19,SPY210521P00310000,310.0,0,0.0,0.0,,0.0,normalDay
2021-03-10,4432.0,1381.0,0.0,0,389.58,0.0,1,15.77,1.96,SPY210521P00310000,310.0,0,0.0,0.0,,0.0,normalDay
2021-03-11,4432.0,1406.0,0.0,0,393.53,0.0,1,15.77,1.71,SPY210521P00310000,310.0,0,0.0,0.0,,0.0,normalDay
2021-03-12,4432.0,1422.0,0.0,0,394.06,0.0,1,15.77,1.55,SPY210521P00310000,310.0,0,0.0,0.0,,0.0,normalDay
2021-03-15,4432.0,1448.0,0.0,0,396.41,0.0,1,15.77,1.29,SPY210521P00310000,310.0,0,0.0,0.0,,0.0,normalDay
2021-03-16,4432.0,1451.0,0.0,0,395.91,0.0,1,15.77,1.26,SPY210521P00310000,310.0,0,0.0,0.0,,0.0,normalDay
2021-03-17,4432.0,1465.0,0.0,0,397.26,0.0,1,15.77,1.12,SPY210521P00310000,310.0,0,0.0,0.0,,0.0,normalDay
2021-03-18,4432.0,1440.0,0.0,0,391.48,0.0,1,15.77,1.37,SPY210521P00310000,310.0,0,0.0,0.0,,0.0,normalDay
2021-03-19,4432.0,1446.0,0.0,0,389.48,0.0,1,15.77,1.31,SPY210521P00310000,310.0,0,0.0,0.0,,0.0,normalDay
2021-03-22,4432.0,1485.0,0.0,0,392.59,0.0,1,15.77,0.92,SPY210521P00310000,310.0,0,0.0,0.0,,0.0,normalDay
2021-03-23,4432.0,1466.0,0.0,0,389.5,0.0,1,15.77,1.11,SPY210521P00310000,310.0,0,0.0,0.0,,0.0,normalDay
2021-03-24,4432.0,1460.0,0.0,0,387.52,0.0,1,15.77,1.17,SPY210521P00310000,310.0,0,0.0,0.0,,0.0,normalDay
2021-03-25,4432.0,1480.0,0.0,0,389.7,0.0,1,15.77,0.97,SPY210521P00310000,310.0,0,0.0,0.0,,0.0,normalDay
2021-03-26,4432.0,1501.0,0.0,0,395.98,0.0,1,15.77,0.76,SPY210521P00310000,310.0,0,0.0,0.0,,0.0,normalDay
2021-03-29,4432.0,1494.0,0.0,0,395.78,0.0,1,15.77,0.83,SPY210521P00310000,310.0,0,0.0,0.0,,0.0,normalDay
2021-03-30,4432.0,1508.0,0.0,0,394.73,0.0,1,15.77,0.69,SPY210521P00310000,310.0,0,0.0,0.0,,0.0,normalDay
2021-03-31,4432.0,1519.0,0.0,0,396.33,0.0,1,15.77,0.58,SPY210521P00310000,310.0,0,0.0,0.0,,0.0,normalDay
2021-04-01,4432.0,1531.0,0.0,0,400.61,0.0,1,15.77,0.46,SPY210521P00310000,310.0,0,0.0,0.0,,0.0,normalDay
2021-04-05,4432.0,1542.0,0.0,0,406.36,0.0,1,15.77,0.35,SPY210521P00310000,310.0,0,0.0,0.0,,0.0,normalDay
2021-04-06,4432.0,1541.0,0.0,0,406.12,0.0,1,15.77,0.36,SPY210521P00310000,310.0,0,0.0,0.0,,0.0,normalDay
2021-04-07,4432.0,1546.0,0.0,0,406.59,0.0,1,15.77,0.31,SPY210521P00310000,310.0,0,0.0,0.0,,0.0,normalDay
2021-04-08,4432.0,1552.0,0.0,0,408.52,0.0,1,15.77,0.25,SPY210521P00310000,310.0,0,0.0,0.0,,0.0,normalDay
2021-04-09,4432.0,1553.0,0.0,0,411.49,0.0,1,15.77,0.24,SPY210521P00310000,310.0,0,0.0,0.0,,0.0,normalDay
2021-04-12,4432.0,1557.0,0.0,0,411.64,0.0,1,15.77,0.2,SPY210521P00310000,310.0,0,0.0,0.0,,0.0,normalDay
2021-04-13,4432.0,1560.0,0.0,0,412.86,0.0,1,15.77,0.17,SPY210521P00310000,310.0,0,0.0,0.0,,0.0,normalDay
2021-04-14,4432.0,1558.0,0.0,0,411.45,0.0,1,15.77,0.19,SPY210521P00310000,310.0,0,0.0,0.0,,0.0,normalDay
2021-04-15,4432.0,1561.0,0.0,0,415.87,0.0,1,15.77,0.16,SPY210521P00310000,310.0,0,0.0,0.0,,0.0,normalDay
2021-04-16,4432.0,1563.0,0.0,0,417.26,0.0,1,15.77,0.14,SPY210521P00310000,310.0,0,0.0,0.0,,0.0,normalDay
2021-04-19,4432.0,1564.0,0.0,0,415.21,0.0,1,15.77,0.13,SPY210521P00310000,310.0,0,0.0,0.0,,0.0,normalDay
2021-04-20,4432.0,1561.0,0.0,0,412.17,0.0,1,15.77,0.16,SPY210521P00310000,310.0,0,0.0,0.0,,0.0,normalDay
2021-04-21,4432.0,1565.0,0.0,0,416.07,0.0,1,15.77,0.12,SPY210521P00310000,310.0,0,0.0,0.0,,0.0,normalDay
2021-04-22,4432.0,1562.0,0.0,0,412.27,0.0,1,15.77,0.15,SPY210521P00310000,310.0,0,0.0,0.0,,0.0,normalDay
2021-04-23,4432.0,1567.0,0.0,0,416.74,0.0,1,15.77,0.1,SPY210521P00310000,310.0,0,0.0,0.0,,0.0,normalDay
2021-04-26,4432.0,1569.0,0.0,0,417.61,0.0,1,15.77,0.08,SPY210521P00310000,310.0,0,0.0,0.0,,0.0,normalDay
2021-04-27,4432.0,1570.0,0.0,0,417.52,0.0,1,15.77,0.07,SPY210521P00310000,310.0,0,0.0,0.0,,0.0,normalDay
2021-04-28,4432.0,1570.0,0.0,0,417.4,0.0,1,15.77,0.07,SPY210521P00310000,310.0,0,0.0,0.0,,0.0,normalDay
2021-04-29,4432.0,1570.0,0.0,0,420.06,0.0,1,15.77,0.07,SPY210521P00310000,310.0,0,0.0,0.0,,0.0,normalDay
2021-04-30,4432.0,1568.0,0.0,0,417.3,0.0,1,15.77,0.09,SPY210521P00310000,310.0,0,0.0,0.0,,0.0,normalDay
2021-05-03,4432.0,1570.0,0.0,0,418.2,0.0,1,15.77,0.07,SPY210521P00310000,310.0,0,0.0,0.0,,0.0,normalDay
2021-05-04,4432.0,1569.0,0.0,0,415.62,0.0,1,15.77,0.08,SPY210521P00310000,310.0,0,0.0,0.0,,0.0,normalDay
2021-05-05,4432.0,1569.0,0.0,0,415.75,0.0,1,15.77,0.08,SPY210521P00310000,310.0,0,0.0,0.0,,0.0,normalDay
2021-05-06,4432.0,1571.0,0.0,0,419.07,0.0,1,15.77,0.06,SPY210521P00310000,310.0,0,0.0,0.0,,0.0,normalDay
2021-05-07,4432.0,1572.0,0.0,0,422.12,0.0,1,15.77,0.05,SPY210521P00310000,310.0,0,0.0,0.0,,0.0,normalDay
2021-05-10,4432.0,1572.0,0.0,0,417.94,0.0,1,15.77,0.05,SPY210521P00310000,310.0,0,0.0,0.0,,0.0,normalDay
2021-05-11,4432.0,1570.0,0.0,0,414.21,0.0,1,15.77,0.07,SPY210521P00310000,310.0,0,0.0,0.0,,0.0,normalDay
2021-05-12,4432.0,1561.0,0.0,0,405.41,0.0,1,15.77,0.16,SPY210521P00310000,310.0,0,0.0,0.0,,0.0,normalDay
2021-05-13,4432.0,1571.0,0.0,0,410.28,0.0,1,15.77,0.06,SPY210521P00310000,310.0,0,0.0,0.0,,0.0,normalDay
2021-05-14,4432.0,1575.0,0.0,0,416.58,0.0,1,15.77,0.02,SPY210521P00310000,310.0,0,0.0,0.0,,0.0,normalDay
2021-05-17,4432.0,1576.0,0.0,0,415.52,0.0,1,15.77,0.01,SPY210521P00310000,310.0,0,0.0,0.0,,0.0,normalDay
2021-05-18,4432.0,1576.0,0.0,0,411.94,0.0,1,15.77,0.01,SPY210521P00310000,310.0,0,0.0,0.0,,0.0,normalDay
2021-05-19,4432.0,1576.0,0.0,0,410.86,0.0,1,15.77,0.01,SPY210521P00310000,310.0,0,0.0,0.0,,0.0,normalDay
2021-05-20,4432.0,1576.0,0.0,0,415.28,0.0,1,15.77,0.01,SPY210521P00310000,310.0,0,0.0,0.0,,0.0,normalDay
2021-05-21,6009.0,0.0,1577.0,0,414.94,0.0,1,15.77,0.0,SPY210521P00310000,310.0,0,0.0,0.0,,0.0,expirationDay
2021-05-24,6009.0,-31.0,0.0,0,419.17,0.0,1,19.05,19.36,SPY211231P00404000,404.0,0,0.0,0.0,,0.0,normalDay
2021-05-25,6009.0,-62.0,0.0,0,418.24,0.0,1,19.05,19.67,SPY211231P00404000,404.0,0,0.0,0.0,,0.0,normalDay
2021-05-26,6009.0,16.0,0.0,0,419.07,0.0,1,19.05,18.89,SPY211231P00404000,404.0,0,0.0,0.0,,0.0,normalDay
2021-05-27,6009.0,113.0,0.0,0,419.29,0.0,1,19.05,17.92,SPY211231P00404000,404.0,0,0.0,0.0,,0.0,normalDay
2021-05-28,6009.0,140.0,0.0,0,420.04,0.0,1,19.05,17.65,SPY211231P00404000,404.0,0,0.0,0.0,,0.0,normalDay
2021-06-01,6009.0,102.0,0.0,0,419.67,0.0,1,19.05,18.03,SPY211231P00404000,404.0,0,0.0,0.0,,0.0,normalDay
2021-06-02,6009.0,107.0,0.0,0,420.33,0.0,1,19.05,17.98,SPY211231P00404000,404.0,0,0.0,0.0,,0.0,normalDay
2021-06-03,6009.0,44.0,0.0,0,418.77,0.0,1,19.05,18.61,SPY211231P00404000,404.0,0,0.0,0.0,,0.0,normalDay
2021-06-04,6009.0,203.0,0.0,0,422.6,0.0,1,19.05,17.02,SPY211231P00404000,404.0,0,0.0,0.0,,0.0,normalDay
2021-06-07,6009.0,233.0,0.0,0,422.19,0.0,1,19.05,16.72,SPY211231P00404000,404.0,0,0.0,0.0,,0.0,normalDay
2021-06-08,6009.0,224.0,0.0,0,422.28,0.0,1,19.05,16.81,SPY211231P00404000,404.0,0,0.0,0.0,,0.0,normalDay
2021-06-09,6009.0,188.0,0.0,0,421.65,0.0,1,19.05,17.17,SPY211231P00404000,404.0,0,0.0,0.0,,0.0,normalDay
2021-06-10,6009.0,342.0,0.0,0,423.61,0.0,1,19.05,15.63,SPY211231P00404000,404.0,0,0.0,0.0,,0.0,normalDay
2021-06-11,6009.0,385.0,0.0,0,424.31,0.0,1,19.05,15.2,SPY211231P00404000,404.0,0,0.0,0.0,,0.0,normalDay
2021-06-14,6009.0,396.0,0.0,0,425.26,0.0,1,19.05,15.09,SPY211231P00404000,404.0,0,0.0,0.0,,0.0,normalDay
2021-06-15,6009.0,348.0,0.0,0,424.48,0.0,1,19.05,15.57,SPY211231P00404000,404.0,0,0.0,0.0,,0.0,normalDay
2021-06-16,6009.0,261.0,0.0,0,422.11,0.0,1,19.05,16.44,SPY211231P00404000,404.0,0,0.0,0.0,,0.0,normalDay
2021-06-17,6009.0,289.0,0.0,0,421.97,0.0,1,19.05,16.16,SPY211231P00404000,404.0,0,0.0,0.0,,0.0,normalDay
2021-06-18,6009.0,1.0,0.0,0,414.92,0.0,1,19.05,19.04,SPY211231P00404000,404.0,0,0.0,0.0,,0.0,normalDay
2021-06-21,6009.0,321.0,0.0,0,420.86,0.0,1,19.05,15.84,SPY211231P00404000,404.0,0,0.0,0.0,,0.0,normalDay
2021-06-22,6009.0,422.0,0.0,0,423.11,0.0,1,19.05,14.83,SPY211231P00404000,404.0,0,0.0,0.0,,0.0,normalDay
2021-06-23,6009.0,458.0,0.0,0,422.6,0.0,1,19.05,14.47,SPY211231P00404000,404.0,0,0.0,0.0,,0.0,normalDay
2021-06-24,6009.0,537.0,0.0,0,425.1,0.0,1,19.05,13.68,SPY211231P00404000,404.0,0,0.0,0.0,,0.0,normalDay
2021-06-25,6009.0,589.0,0.0,0,426.61,0.0,1,19.05,13.16,SPY211231P00404000,404.0,0,0.0,0.0,,0.0,normalDay
2021-06-28,6009.0,611.0,0.0,0,427.47,0.0,1,19.05,12.94,SPY211231P00404000,404.0,0,0.0,0.0,,0.0,normalDay
2021-06-29,6009.0,609.0,0.0,0,427.7,0.0,1,19.05,12.96,SPY211231P00404000,404.0,0,0.0,0.0,,0.0,normalDay
2021-06-30,6009.0,618.0,0.0,0,428.06,0.0,1,19.05,12.87,SPY211231P00404000,404.0,0,0.0,0.0,,0.0,normalDay
2021-07-01,6009.0,657.0,0.0,0,430.43,0.0,1,19.05,12.48,SPY211231P00404000,404.0,0,0.0,0.0,,0.0,normalDay
2021-07-02,6009.0,736.0,0.0,0,433.72,0.0,1,19.05,11.69,SPY211231P00404000,404.0,0,0.0,0.0,,0.0,normalDay
2021-07-06,6009.0,698.0,0.0,0,432.93,0.0,1,19.05,12.07,SPY211231P00404000,404.0,0,0.0,0.0,,0.0,normalDay
2021-07-07,6009.0,713.0,0.0,0,434.46,0.0,1,19.05,11.92,SPY211231P00404000,404.0,0,0.0,0.0,,0.0,normalDay
2021-07-08,6009.0,579.0,0.0,0,430.92,0.0,1,19.05,13.26,SPY211231P00404000,404.0,0,0.0,0.0,,0.0,normalDay
2021-07-09,6009.0,755.0,0.0,0,435.52,0.0,1,19.05,11.5,SPY211231P00404000,404.0,0,0.0,0.0,,0.0,normalDay
2021-07-12,6009.0,780.0,0.0,0,437.08,0.0,1,19.05,11.25,SPY211231P00404000,404.0,0,0.0,0.0,,0.0,normalDay
2021-07-13,6009.0,708.0,0.0,0,435.59,0.0,1,19.05,11.97,SPY211231P00404000,404.0,0,0.0,0.0,,0.0,normalDay
2021-07-14,6009.0,737.0,0.0,0,436.24,0.0,1,19.05,11.68,SPY211231P00404000,404.0,0,0.0,0.0,,0.0,normalDay
2021-07-15,6009.0,685.0,0.0,0,434.75,0.0,1,19.05,12.2,SPY211231P00404000,404.0,0,0.0,0.0,,0.0,normalDay
2021-07-16,6009.0,581.0,0.0,0,431.34,0.0,1,19.05,13.24,SPY211231P00404000,404.0,0,0.0,0.0,,0.0,normalDay
2021-07-19,6009.0,342.0,0.0,0,424.97,0.0,1,19.05,15.63,SPY211231P00404000,404.0,0,0.0,0.0,,0.0,normalDay
2021-07-20,6009.0,561.0,0.0,0,431.06,0.0,1,19.05,13.44,SPY211231P00404000,404.0,0,0.0,0.0,,0.0,normalDay
2021-07-21,6009.0,705.0,0.0,0,434.55,0.0,1,19.05,12.0,SPY211231P00404000,404.0,0,0.0,0.0,,0.0,normalDay
2021-07-22,6009.0,731.0,0.0,0,435.46,0.0,1,19.05,11.74,SPY211231P00404000,404.0,0,0.0,0.0,,0.0,normalDay
2021-07-23,6009.0,819.0,0.0,0,439.94,0.0,1,19.05,10.86,SPY211231P00404000,404.0,0,0.0,0.0,,0.0,normalDay
2021-07-26,6009.0,849.0,0.0,0,441.02,0.0,1,19.05,10.56,SPY211231P00404000,404.0,0,0.0,0.0,,0.0,normalDay
2021-07-27,6009.0,759.0,0.0,0,439.01,0.0,1,19.05,11.46,SPY211231P00404000,404.0,0,0.0,0.0,,0.0,normalDay
2021-07-28,6009.0,785.0,0.0,0,438.83,0.0,1,19.05,11.2,SPY211231P00404000,404.0,0,0.0,0.0,,0.0,normalDay
2021-07-29,6009.0,855.0,0.0,0,440.65,0.0,1,19.05,10.5,SPY211231P00404000,404.0,0,0.0,0.0,,0.0,normalDay
2021-07-30,6009.0,820.0,0.0,0,438.51,0.0,1,19.05,10.85,SPY211231P00404000,404.0,0,0.0,0.0,,0.0,normalDay
2021-08-02,6009.0,770.0,0.0,0,437.59,0.0,1,19.05,11.35,SPY211231P00404000,404.0,0,0.0,0.0,,0.0,normalDay
2021-08-03,6009.0,876.0,0.0,0,441.15,0.0,1,19.05,10.29,SPY211231P00404000,404.0,0,0.0,0.0,,0.0,normalDay
2021-08-04,6009.0,849.0,0.0,0,438.98,0.0,1,19.05,10.56,SPY211231P00404000,404.0,0,0.0,0.0,,0.0,normalDay
2021-08-05,6009.0,920.0,0.0,0,441.76,0.0,1,19.05,9.85,SPY211231P00404000,404.0,0,0.0,0.0,,0.0,normalDay
2021-08-06,6009.0,979.0,0.0,0,442.49,0.0,1,19.05,9.26,SPY211231P00404000,404.0,0,0.0,0.0,,0.0,normalDay
2021-08-09,6009.0,962.0,0.0,0,442.13,0.0,1,19.05,9.43,SPY211231P00404000,404.0,0,0.0,0.0,,0.0,normalDay
2021-08-10,6009.0,968.0,0.0,0,442.68,0.0,1,19.05,9.37,SPY211231P00404000,404.0,0,0.0,0.0,,0.0,normalDay
2021-08-11,6009.0,1016.0,0.0,0,443.78,0.0,1,19.05,8.89,SPY211231P00404000,404.0,0,0.0,0.0,,0.0,normalDay
2021-08-12,6009.0,1066.0,0.0,0,445.11,0.0,1,19.05,8.39,SPY211231P00404000,404.0,0,0.0,0.0,,0.0,normalDay
2021-08-13,6009.0,1084.0,0.0,0,445.92,0.0,1,19.05,8.21,SPY211231P00404000,404.0,0,0.0,0.0,,0.0,normalDay
2021-08-16,6009.0,1103.0,0.0,0,446.97,0.0,1,19.05,8.02,SPY211231P00404000,404.0,0,0.0,0.0,,0.0,normalDay
2021-08-17,6009.0,999.0,0.0,0,444.04,0.0,1,19.05,9.06,SPY211231P00404000,404.0,0,0.0,0.0,,0.0,normalDay
2021-08-18,6009.0,827.0,0.0,0,439.18,0.0,1,19.05,10.78,SPY211231P00404000,404.0,0,0.0,0.0,,0.0,normalDay
2021-08-19,6009.0,833.0,0.0,0,439.86,0.0,1,19.05,10.72,SPY211231P00404000,404.0,0,0.0,0.0,,0.0,normalDay
2021-08-20,6009.0,969.0,0.0,0,443.36,0.0,1,19.05,9.36,SPY211231P00404000,404.0,0,0.0,0.0,,0.0,normalDay
2021-08-23,6009.0,1104.0,0.0,0,447.26,0.0,1,19.05,8.01,SPY211231P00404000,404.0,0,0.0,0.0,,0.0,normalDay
2021-08-24,6009.0,1108.0,0.0,0,447.97,0.0,1,19.05,7.97,SPY211231P00404000,404.0,0,0.0,0.0,,0.0,normalDay
2021-08-25,6009.0,1152.0,0.0,0,448.91,0.0,1,19.05,7.53,SPY211231P00404000,404.0,0,0.0,0.0,,0.0,normalDay
2021-08-26,6009.0,1072.0,0.0,0,446.26,0.0,1,19.05,8.33,SPY211231P00404000,404.0,0,0.0,0.0,,0.0,normalDay
2021-08-27,6009.0,1188.0,0.0,0,450.25,0.0,1,19.05,7.17,SPY211231P00404000,404.0,0,0.0,0.0,,0.0,normalDay
2021-08-30,6009.0,1229.0,0.0,0,452.23,0.0,1,19.05,6.76,SPY211231P00404000,404.0,0,0.0,0.0,,0.0,normalDay
2021-08-31,6009.0,1225.0,0.0,0,451.56,0.0,1,19.05,6.8,SPY211231P00404000,404.0,0,0.0,0.0,,0.0,normalDay
2021-09-01,6009.0,1251.0,0.0,0,451.8,0.0,1,19.05,6.54,SPY211231P00404000,404.0,0,0.0,0.0,,0.0,normalDay
2021-09-02,6009.0,1276.0,0.0,0,453.19,0.0,1,19.05,6.29,SPY211231P00404000,404.0,0,0.0,0.0,,0.0,normalDay
2021-09-03,6009.0,1265.0,0.0,0,453.08,0.0,1,19.05,6.4,SPY211231P00404000,404.0,0,0.0,0.0,,0.0,normalDay
2021-09-07,6009.0,1221.0,0.0,0,451.46,0.0,1,19.05,6.84,SPY211231P00404000,404.0,0,0.0,0.0,,0.0,normalDay
2021-09-08,6009.0,1216.0,0.0,0,450.91,0.0,1,19.05,6.89,SPY211231P00404000,404.0,0,0.0,0.0,,0.0,normalDay
2021-09-09,6009.0,1170.0,0.0,0,448.98,0.0,1,19.05,7.35,SPY211231P00404000,404.0,0,0.0,0.0,,0.0,normalDay
2021-09-10,6009.0,1099.0,0.0,0,445.44,0.0,1,19.05,8.06,SPY211231P00404000,404.0,0,0.0,0.0,,0.0,normalDay
2021-09-13,6009.0,1165.0,0.0,0,446.58,0.0,1,19.05,7.4,SPY211231P00404000,404.0,0,0.0,0.0,,0.0,normalDay
2021-09-14,6009.0,1130.0,0.0,0,444.17,0.0,1,19.05,7.75,SPY211231P00404000,404.0,0,0.0,0.0,,0.0,normalDay
2021-09-15,6009.0,1229.0,0.0,0,447.88,0.0,1,19.05,6.76,SPY211231P00404000,404.0,0,0.0,0.0,,0.0,normalDay
2021-09-16,6009.0,1215.0,0.0,0,447.17,0.0,1,19.05,6.9,SPY211231P00404000,404.0,0,0.0,0.0,,0.0,normalDay
2021-09-17,6009.0,1102.0,0.0,0,441.4,0.0,1,19.05,8.03,SPY211231P00404000,404.0,0,0.0,0.0,,0.0,normalDay
2021-09-20,6009.0,840.0,0.0,0,434.04,0.0,1,19.05,10.65,SPY211231P00404000,404.0,0,0.0,0.0,,0.0,normalDay
2021-09-21,6009.0,880.0,0.0,0,433.63,0.0,1,19.05,10.25,SPY211231P00404000,404.0,0,0.0,0.0,,0.0,normalDay
2021-09-22,6009.0,1080.0,0.0,0,437.86,0.0,1,19.05,8.25,SPY211231P00404000,404.0,0,0.0,0.0,,0.0,normalDay
2021-09-23,6009.0,1242.0,0.0,0,443.18,0.0,1,19.05,6.63,SPY211231P00404000,404.0,0,0.0,0.0,,0.0,normalDay
2021-09-24,6009.0,1280.0,0.0,0,443.91,0.0,1,19.05,6.25,SPY211231P00404000,404.0,0,0.0,0.0,,0.0,normalDay
2021-09-27,6009.0,1250.0,0.0,0,442.64,0.0,1,19.05,6.55,SPY211231P00404000,404.0,0,0.0,0.0,,0.0,normalDay
2021-09-28,6009.0,1001.0,0.0,0,433.72,0.0,1,19.05,9.04,SPY211231P00404000,404.0,0,0.0,0.0,,0.0,normalDay
2021-09-29,6009.0,1027.0,0.0,0,434.45,0.0,1,19.05,8.78,SPY211231P00404000,404.0,0,0.0,0.0,,0.0,normalDay
2021-09-30,6009.0,921.0,0.0,0,429.14,0.0,1,19.05,9.84,SPY211231P00404000,404.0,0,0.0,0.0,,0.0,normalDay
2021-10-01,6009.0,1078.0,0.0,0,434.24,0.0,1,19.05,8.27,SPY211231P00404000,404.0,0,0.0,0.0,,0.0,normalDay
2021-10-04,6009.0,939.0,0.0,0,428.64,0.0,1,19.05,9.66,SPY211231P00404000,404.0,0,0.0,0.0,,0.0,normalDay
2021-10-05,6009.0,1083.0,0.0,0,433.1,0.0,1,19.05,8.22,SPY211231P00404000,404.0,0,0.0,0.0,,0.0,normalDay
2021-10-06,6009.0,1132.0,0.0,0,434.9,0.0,1,19.05,7.73,SPY211231P00404000,404.0,0,0.0,0.0,,0.0,normalDay
2021-10-07,6009.0,1254.0,0.0,0,438.66,0.0,1,19.05,6.51,SPY211231P00404000,404.0,0,0.0,0.0,,0.0,normalDay
2021-10-08,6009.0,1250.0,0.0,0,437.86,0.0,1,19.05,6.55,SPY211231P00404000,404.0,0,0.0,0.0,,0.0,normalDay
2021-10-11,6009.0,1199.0,0.0,0,434.69,0.0,1,19.05,7.06,SPY211231P00404000,404.0,0,0.0,0.0,,0.0,normalDay
2021-10-12,6009.0,1192.0,0.0,0,433.62,0.0,1,19.05,7.13,SPY211231P00404000,404.0,0,0.0,0.0,,0.0,normalDay
2021-10-13,6009.0,1293.0,0.0,0,435.18,0.0,1,19.05,6.12,SPY211231P00404000,404.0,0,0.0,0.0,,0.0,normalDay
2021-10-14,6009.0,1447.0,0.0,0,442.5,0.0,1,19.05,4.58,SPY211231P00404000,404.0,0,0.0,0.0,,0.0,normalDay
2021-10-15,6009.0,1491.0,0.0,0,445.87,0.0,1,19.05,4.14,SPY211231P00404000,404.0,0,0.0,0.0,,0.0,normalDay
2021-10-18,6009.0,1522.0,0.0,0,447.19,0.0,1,19.05,3.83,SPY211231P00404000,404.0,0,0.0,0.0,,0.0,normalDay
2021-10-19,6009.0,1571.0,0.0,0,450.64,0.0,1,19.05,3.34,SPY211231P00404000,404.0,0,0.0,0.0,,0.0,normalDay
2021-10-20,6009.0,1587.0,0.0,0,452.41,0.0,1,19.05,3.18,SPY211231P00404000,404.0,0,0.0,0.0,,0.0,normalDay
2021-10-21,6009.0,1613.0,0.0,0,453.59,0.0,1,19.05,2.92,SPY211231P00404000,404.0,0,0.0,0.0,,0.0,normalDay
2021-10-22,6009.0,1592.0,0.0,0,453.12,0.0,1,19.05,3.13,SPY211231P00404000,404.0,0,0.0,0.0,,0.0,normalDay
2021-10-25,6009.0,1638.0,0.0,0,455.55,0.0,1,19.05,2.67,SPY211231P00404000,404.0,0,0.0,0.0,,0.0,normalDay
2021-10-26,6009.0,1633.0,0.0,0,455.96,0.0,1,19.05,2.72,SPY211231P00404000,404.0,0,0.0,0.0,,0.0,normalDay
2021-10-27,6009.0,1593.0,0.0,0,453.94,0.0,1,19.05,3.12,SPY211231P00404000,404.0,0,0.0,0.0,,0.0,normalDay
2021-10-28,6009.0,1646.0,0.0,0,458.32,0.0,1,19.05,2.59,SPY211231P00404000,404.0,0,0.0,0.0,,0.0,normalDay
2021-10-29,6009.0,1660.0,0.0,0,459.25,0.0,1,19.05,2.45,SPY211231P00404000,404.0,0,0.0,0.0,,0.0,normalDay
2021-11-01,6009.0,1681.0,0.0,0,460.04,0.0,1,19.05,2.24,SPY211231P00404000,404.0,0,0.0,0.0,,0.0,normalDay
2021-11-02,6009.0,1703.0,0.0,0,461.9,0.0,1,19.05,2.02,SPY211231P00404000,404.0,0,0.0,0.0,,0.0,normalDay
2021-11-03,6009.0,1740.0,0.0,0,464.72,0.0,1,19.05,1.65,SPY211231P00404000,404.0,0,0.0,0.0,,0.0,normalDay
2021-11-04,6009.0,1752.0,0.0,0,466.91,0.0,1,19.05,1.53,SPY211231P00404000,404.0,0,0.0,0.0,,0.0,normalDay
2021-11-05,6009.0,1748.0,0.0,0,468.53,0.0,1,19.05,1.57,SPY211231P00404000,404.0,0,0.0,0.0,,0.0,normalDay
2021-11-08,6009.0,1747.0,0.0,0,468.93,0.0,1,19.05,1.58,SPY211231P00404000,404.0,0,0.0,0.0,,0.0,normalDay
2021-11-09,6009.0,1738.0,0.0,0,467.38,0.0,1,19.05,1.67,SPY211231P00404000,404.0,0,0.0,0.0,,0.0,normalDay
2021-11-10,6009.0,1715.0,0.0,0,463.62,0.0,1,19.05,1.9,SPY211231P00404000,404.0,0,0.0,0.0,,0.0,normalDay
2021-11-11,6009.0,1746.0,0.0,0,463.77,0.0,1,19.05,1.59,SPY211231P00404000,404.0,0,0.0,0.0,,0.0,normalDay
2021-11-12,6009.0,1775.0,0.0,0,467.27,0.0,1,19.05,1.3,SPY211231P00404000,404.0,0,0.0,0.0,,0.0,normalDay
2021-11-15,6009.0,1782.0,0.0,0,467.43,0.0,1,19.05,1.23,SPY211231P00404000,404.0,0,0.0,0.0,,0.0,normalDay
2021-11-16,6009.0,1795.0,0.0,0,469.28,0.0,1,19.05,1.1,SPY211231P00404000,404.0,0,0.0,0.0,,0.0,normalDay
2021-11-17,6009.0,1784.0,0.0,0,468.14,0.0,1,19.05,1.21,SPY211231P00404000,404.0,0,0.0,0.0,,0.0,normalDay
2021-11-18,6009.0,1786.0,0.0,0,469.73,0.0,1,19.05,1.19,SPY211231P00404000,404.0,0,0.0,0.0,,0.0,normalDay
2021-11-19,6009.0,1783.0,0.0,0,468.89,0.0,1,19.05,1.22,SPY211231P00404000,404.0,0,0.0,0.0,,0.0,normalDay
2021-11-22,6009.0,1778.0,0.0,0,467.57,0.0,1,19.05,1.27,SPY211231P00404000,404.0,0,0.0,0.0,,0.0,normalDay
2021-11-23,6009.0,1790.0,0.0,0,468.19,0.0,1,19.05,1.15,SPY211231P00404000,404.0,0,0.0,0.0,,0.0,normalDay
2021-11-24,6009.0,1806.0,0.0,0,469.44,0.0,1,19.05,0.99,SPY211231P00404000,404.0,0,0.0,0.0,,0.0,normalDay
2021-11-26,6009.0,1574.0,0.0,0,458.97,0.0,1,19.05,3.31,SPY211231P00404000,404.0,0,0.0,0.0,,0.0,normalDay
2021-11-29,6009.0,1759.0,0.0,0,464.6,0.0,1,19.05,1.46,SPY211231P00404000,404.0,0,0.0,0.0,,0.0,normalDay
2021-11-30,6009.0,1669.0,0.0,0,455.56,0.0,1,19.05,2.36,SPY211231P00404000,404.0,0,0.0,0.0,,0.0,normalDay
2021-12-01,6009.0,1539.0,0.0,0,450.5,0.0,1,19.05,3.66,SPY211231P00404000,404.0,0,0.0,0.0,,0.0,normalDay
2021-12-02,6009.0,1672.0,0.0,0,457.4,0.0,1,19.05,2.33,SPY211231P00404000,404.0,0,0.0,0.0,,0.0,normalDay
2021-12-03,6009.0,1599.0,0.0,0,453.42,0.0,1,19.05,3.06,SPY211231P00404000,404.0,0,0.0,0.0,,0.0,normalDay
2021-12-06,6009.0,1723.0,0.0,0,458.79,0.0,1,19.05,1.82,SPY211231P00404000,404.0,0,0.0,0.0,,0.0,normalDay
2021-12-07,6009.0,1825.0,0.0,0,468.28,0.0,1,19.05,0.8,SPY211231P00404000,404.0,0,0.0,0.0,,0.0,normalDay
2021-12-08,6009.0,1853.0,0.0,0,469.52,0.0,1,19.05,0.52,SPY211231P00404000,404.0,0,0.0,0.0,,0.0,normalDay
2021-12-09,6009.0,1837.0,0.0,0,466.35,0.0,1,19.05,0.68,SPY211231P00404000,404.0,0,0.0,0.0,,0.0,normalDay
2021-12-10,6009.0,1867.0,0.0,0,470.74,0.0,1,19.05,0.38,SPY211231P00404000,404.0,0,0.0,0.0,,0.0,normalDay
2021-12-13,6009.0,1867.0,0.0,0,466.57,0.0,1,19.05,0.38,SPY211231P00404000,404.0,0,0.0,0.0,,0.0,normalDay
2021-12-14,6009.0,1861.0,0.0,0,463.36,0.0,1,19.05,0.44,SPY211231P00404000,404.0,0,0.0,0.0,,0.0,normalDay
2021-12-15,6009.0,1881.0,0.0,0,470.6,0.0,1,19.05,0.24,SPY211231P00404000,404.0,0,0.0,0.0,,0.0,normalDay
2021-12-16,6009.0,1874.0,0.0,0,466.45,0.0,1,19.05,0.31,SPY211231P00404000,404.0,0,0.0,0.0,,0.0,normalDay
2021-12-17,6009.0,1875.0,0.0,0,459.87,0.0,1,19.05,0.3,SPY211231P00404000,404.0,0,0.0,0.0,,0.0,normalDay
2021-12-20,6009.0,1878.0,0.0,0,454.98,0.0,1,19.05,0.27,SPY211231P00404000,404.0,0,0.0,0.0,,0.0,normalDay
2021-12-21,6009.0,1890.0,0.0,0,463.06,0.0,1,19.05,0.15,SPY211231P00404000,404.0,0,0.0,0.0,,0.0,normalDay
2021-12-22,6009.0,1899.0,0.0,0,467.69,0.0,1,19.05,0.06,SPY211231P00404000,404.0,0,0.0,0.0,,0.0,normalDay
2021-12-23,6009.0,1900.0,0.0,0,470.6,0.0,1,19.05,0.05,SPY211231P00404000,404.0,0,0.0,0.0,,0.0,normalDay
2021-12-27,6009.0,1903.0,0.0,0,477.26,0.0,1,19.05,0.02,SPY211231P00404000,404.0,0,0.0,0.0,,0.0,normalDay
2021-12-28,6009.0,1904.0,0.0,0,476.87,0.0,1,19.05,0.01,SPY211231P00404000,404.0,0,0.0,0.0,,0.0,normalDay
2021-12-29,6009.0,1904.0,0.0,0,477.48,0.0,1,19.05,0.01,SPY211231P00404000,404.0,0,0.0,0.0,,0.0,normalDay
2021-12-30,6009.0,1904.0,0.0,0,476.16,0.0,1,19.05,0.01,SPY211231P00404000,404.0,0,0.0,0.0,,0.0,normalDay
2021-12-31,7914.0,0.0,1905.0,0,474.96,0.0,1,19.05,0.0,SPY211231P00404000,404.0,0,0.0,0.0,,0.0,expirationDay
2022-01-03,7914.0,-10.0,0.0,0,477.71,0.0,1,15.41,15.51,SPY220630P00448000,448.0,0,0.0,0.0,,0.0,normalDay
2022-01-04,7914.0,-30.0,0.0,0,477.55,0.0,1,15.41,15.71,SPY220630P00448000,448.0,0,0.0,0.0,,0.0,normalDay
2022-01-05,7914.0,-335.0,0.0,0,468.38,0.0,1,15.41,18.76,SPY220630P00448000,448.0,0,0.0,0.0,,0.0,normalDay
2022-01-06,7914.0,-337.0,0.0,0,467.94,0.0,1,15.41,18.78,SPY220630P00448000,448.0,0,0.0,0.0,,0.0,normalDay
2022-01-07,7914.0,-320.0,0.0,0,466.09,0.0,1,15.41,18.61,SPY220630P00448000,448.0,0,0.0,0.0,,0.0,normalDay
2022-01-10,7914.0,-327.0,0.0,0,465.51,0.0,1,15.41,18.68,SPY220630P00448000,448.0,0,0.0,0.0,,0.0,normalDay
2022-01-11,7914.0,-161.0,0.0,0,469.75,0.0,1,15.41,17.02,SPY220630P00448000,448.0,0,0.0,0.0,,0.0,normalDay
2022-01-12,7914.0,-93.0,0.0,0,471.02,0.0,1,15.41,16.34,SPY220630P00448000,448.0,0,0.0,0.0,,0.0,normalDay
2022-01-13,7914.0,-378.0,0.0,0,464.53,0.0,1,15.41,19.19,SPY220630P00448000,448.0,0,0.0,0.0,,0.0,normalDay
2022-01-14,7914.0,-313.0,0.0,0,464.72,0.0,1,15.41,18.54,SPY220630P00448000,448.0,0,0.0,0.0,,0.0,normalDay
2022-01-18,7914.0,-709.0,0.0,0,456.49,0.0,1,15.41,22.5,SPY220630P00448000,448.0,0,0.0,0.0,,0.0,normalDay
2022-01-19,7914.0,-861.0,0.0,0,451.75,0.0,1,15.41,24.02,SPY220630P00448000,448.0,0,0.0,0.0,,0.0,normalDay
2022-01-20,7914.0,-1168.0,0.0,0,446.75,0.0,1,15.41,27.09,SPY220630P00448000,448.0,0,0.0,0.0,,0.0,normalDay
2022-01-21,7914.0,-1624.0,0.0,0,437.98,0.0,1,15.41,31.65,SPY220630P00448000,448.0,0,0.0,0.0,,0.0,normalDay
2022-01-24,7914.0,-1596.0,0.0,0,439.84,0.0,1,15.41,31.37,SPY220630P00448000,448.0,0,0.0,0.0,,0.0,normalDay
2022-01-25,7914.0,-1943.0,0.0,0,434.47,0.0,1,15.41,34.84,SPY220630P00448000,448.0,0,0.0,0.0,,0.0,normalDay
2022-01-26,7914.0,-1964.0,0.0,0,433.38,0.0,1,15.41,35.05,SPY220630P00448000,448.0,0,0.0,0.0,,0.0,normalDay
2022-01-27,7914.0,-1901.0,0.0,0,431.24,0.0,1,15.41,34.42,SPY220630P00448000,448.0,0,0.0,0.0,,0.0,normalDay
2022-01-28,7914.0,-1275.0,0.0,0,441.95,0.0,1,15.41,28.16,SPY220630P00448000,448.0,0,0.0,0.0,,0.0,normalDay
2022-01-31,7914.0,-863.0,0.0,0,449.91,0.0,1,15.41,24.04,SPY220630P00448000,448.0,0,0.0,0.0,,0.0,normalDay
2022-02-01,7914.0,-576.0,0.0,0,452.95,0.0,1,15.41,21.17,SPY220630P00448000,448.0,0,0.0,0.0,,0.0,normalDay
2022-02-02,7914.0,-542.0,0.0,0,457.35,0.0,1,15.41,20.83,SPY220630P00448000,448.0,0,0.0,0.0,,0.0,normalDay
2022-02-03,7914.0,-855.0,0.0,0,446.6,0.0,1,15.41,23.96,SPY220630P00448000,448.0,0,0.0,0.0,,0.0,normalDay
2022-02-04,7914.0,-913.0,0.0,0,448.7,0.0,1,15.41,24.54,SPY220630P00448000,448.0,0,0.0,0.0,,0.0,normalDay
2022-02-07,7914.0,-867.0,0.0,0,447.26,0.0,1,15.41,24.08,SPY220630P00448000,448.0,0,0.0,0.0,,0.0,normalDay
2022-02-08,7914.0,-625.0,0.0,0,450.94,0.0,1,15.41,21.66,SPY220630P00448000,448.0,0,0.0,0.0,,0.0,normalDay
2022-02-09,7914.0,-353.0,0.0,0,457.54,0.0,1,15.41,18.94,SPY220630P00448000,448.0,0,0.0,0.0,,0.0,normalDay
2022-02-10,7914.0,-783.0,0.0,0,449.32,0.0,1,15.41,23.24,SPY220630P00448000,448.0,0,0.0,0.0,,0.0,normalDay
2022-02-11,7914.0,-1304.0,0.0,0,440.46,0.0,1,15.41,28.45,SPY220630P00448000,448.0,0,0.0,0.0,,0.0,normalDay
2022-02-14,7914.0,-1304.0,0.0,0,439.02,0.0,1,15.41,28.45,SPY220630P00448000,448.0,0,0.0,0.0,,0.0,normalDay
2022-02-15,7914.0,-934.0,0.0,0,446.1,0.0,1,15.41,24.75,SPY220630P00448000,448.0,0,0.0,0.0,,0.0,normalDay
2022-02-16,7914.0,-818.0,0.0,0,446.6,0.0,1,15.41,23.59,SPY220630P00448000,448.0,0,0.0,0.0,,0.0,normalDay
2022-02-17,7914.0,-1380.0,0.0,0,437.06,0.0,1,15.41,29.21,SPY220630P00448000,448.0,0,0.0,0.0,,0.0,normalDay
2022-02-18,7914.0,-1504.0,0.0,0,434.23,0.0,1,15.41,30.45,SPY220630P00448000,448.0,0,0.0,0.0,,0.0,normalDay
2022-02-22,7914.0,-1672.0,0.0,0,429.57,0.0,1,15.41,32.13,SPY220630P00448000,448.0,0,0.0,0.0,,0.0,normalDay
2022-02-23,7914.0,-2242.0,0.0,0,421.95,0.0,1,15.41,37.83,SPY220630P00448000,448.0,0,0.0,0.0,,0.0,normalDay
2022-02-24,7914.0,-1899.0,0.0,0,428.3,0.0,1,15.41,34.4,SPY220630P00448000,448.0,0,0.0,0.0,,0.0,normalDay
2022-02-25,7914.0,-1245.0,0.0,0,437.75,0.0,1,15.41,27.86,SPY220630P00448000,448.0,0,0.0,0.0,,0.0,normalDay
2022-02-28,7914.0,-1356.0,0.0,0,436.63,0.0,1,15.41,28.97,SPY220630P00448000,448.0,0,0.0,0.0,,0.0,normalDay
2022-03-01,7914.0,-1831.0,0.0,0,429.98,0.0,1,15.41,33.72,SPY220630P00448000,448.0,0,0.0,0.0,,0.0,normalDay
2022-03-02,7914.0,-1364.0,0.0,0,437.89,0.0,1,15.41,29.05,SPY220630P00448000,448.0,0,0.0,0.0,,0.0,normalDay
2022-03-03,7914.0,-1444.0,0.0,0,435.71,0.0,1,15.41,29.85,SPY220630P00448000,448.0,0,0.0,0.0,,0.0,normalDay
2022-03-04,7914.0,-1831.0,0.0,0,432.17,0.0,1,15.41,33.72,SPY220630P00448000,448.0,0,0.0,0.0,,0.0,normalDay
2022-03-07,7914.0,-2632.0,0.0,0,419.43,0.0,1,15.41,41.73,SPY220630P00448000,448.0,0,0.0,0.0,,0.0,normalDay
2022-03-08,7914.0,-2815.0,0.0,0,416.25,0.0,1,15.41,43.56,SPY220630P00448000,448.0,0,0.0,0.0,,0.0,normalDay
2022-03-09,7914.0,-2032.0,0.0,0,427.41,0.0,1,15.41,35.73,SPY220630P00448000,448.0,0,0.0,0.0,,0.0,normalDay
2022-03-10,7914.0,-2028.0,0.0,0,425.48,0.0,1,15.41,35.69,SPY220630P00448000,448.0,0,0.0,0.0,,0.0,normalDay
2022-03-11,7914.0,-2358.0,0.0,0,420.07,0.0,1,15.41,38.99,SPY220630P00448000,448.0,0,0.0,0.0,,0.0,normalDay
2022-03-14,7914.0,-2530.0,0.0,0,417.0,0.0,1,15.41,40.71,SPY220630P00448000,448.0,0,0.0,0.0,,0.0,normalDay
2022-03-15,7914.0,-1957.0,0.0,0,426.17,0.0,1,15.41,34.98,SPY220630P00448000,448.0,0,0.0,0.0,,0.0,normalDay
2022-03-16,7914.0,-1249.0,0.0,0,435.62,0.0,1,15.41,27.9,SPY220630P00448000,448.0,0,0.0,0.0,,0.0,normalDay
2022-03-17,7914.0,-917.0,0.0,0,441.07,0.0,1,15.41,24.58,SPY220630P00448000,448.0,0,0.0,0.0,,0.0,normalDay
2022-03-18,7914.0,-546.0,0.0,0,444.52,0.0,1,15.41,20.87,SPY220630P00448000,448.0,0,0.0,0.0,,0.0,normalDay
2022-03-21,7914.0,-538.0,0.0,0,444.39,0.0,1,15.41,20.79,SPY220630P00448000,448.0,0,0.0,0.0,,0.0,normalDay
2022-03-22,7914.0,-255.0,0.0,0,449.59,0.0,1,15.41,17.96,SPY220630P00448000,448.0,0,0.0,0.0,,0.0,normalDay
2022-03-23,7914.0,-549.0,0.0,0,443.8,0.0,1,15.41,20.9,SPY220630P00448000,448.0,0,0.0,0.0,,0.0,normalDay
2022-03-24,7914.0,-203.0,0.0,0,450.49,0.0,1,15.41,17.44,SPY220630P00448000,448.0,0,0.0,0.0,,0.0,normalDay
2022-03-25,7914.0,-78.0,0.0,0,452.69,0.0,1,15.41,16.19,SPY220630P00448000,448.0,0,0.0,0.0,,0.0,normalDay
2022-03-28,7914.0,97.0,0.0,0,455.91,0.0,1,15.41,14.44,SPY220630P00448000,448.0,0,0.0,0.0,,0.0,normalDay
2022-03-29,7914.0,294.0,0.0,0,461.55,0.0,1,15.41,12.47,SPY220630P00448000,448.0,0,0.0,0.0,,0.0,normalDay
2022-03-30,7914.0,213.0,0.0,0,458.7,0.0,1,15.41,13.28,SPY220630P00448000,448.0,0,0.0,0.0,,0.0,normalDay
2022-03-31,7914.0,-87.0,0.0,0,451.64,0.0,1,15.41,16.28,SPY220630P00448000,448.0,0,0.0,0.0,,0.0,normalDay
2022-04-01,7914.0,27.0,0.0,0,452.92,0.0,1,15.41,15.14,SPY220630P00448000,448.0,0,0.0,0.0,,0.0,normalDay
2022-04-04,7914.0,264.0,0.0,0,456.8,0.0,1,15.41,12.77,SPY220630P00448000,448.0,0,0.0,0.0,,0.0,normalDay
2022-04-05,7914.0,-6.0,0.0,0,451.03,0.0,1,15.41,15.47,SPY220630P00448000,448.0,0,0.0,0.0,,0.0,normalDay
2022-04-06,7914.0,-230.0,0.0,0,446.52,0.0,1,15.41,17.71,SPY220630P00448000,448.0,0,0.0,0.0,,0.0,normalDay
2022-04-07,7914.0,-116.0,0.0,0,448.77,0.0,1,15.41,16.57,SPY220630P00448000,448.0,0,0.0,0.0,,0.0,normalDay
2022-04-08,7914.0,-131.0,0.0,0,447.57,0.0,1,15.41,16.72,SPY220630P00448000,448.0,0,0.0,0.0,,0.0,normalDay
2022-04-11,7914.0,-589.0,0.0,0,439.92,0.0,1,15.41,21.3,SPY220630P00448000,448.0,0,0.0,0.0,,0.0,normalDay
2022-04-12,7914.0,-646.0,0.0,0,438.29,0.0,1,15.41,21.87,SPY220630P00448000,448.0,0,0.0,0.0,,0.0,normalDay
2022-04-13,7914.0,-312.0,0.0,0,443.31,0.0,1,15.41,18.53,SPY220630P00448000,448.0,0,0.0,0.0,,0.0,normalDay
2022-04-14,7914.0,-604.0,0.0,0,437.79,0.0,1,15.41,21.45,SPY220630P00448000,448.0,0,0.0,0.0,,0.0,normalDay
2022-04-18,7914.0,-471.0,0.0,0,437.97,0.0,1,15.41,20.12,SPY220630P00448000,448.0,0,0.0,0.0,,0.0,normalDay
2022-04-19,7914.0,-237.0,0.0,0,445.04,0.0,1,15.41,17.78,SPY220630P00448000,448.0,0,0.0,0.0,,0.0,normalDay
2022-04-20,7914.0,-41.0,0.0,0,444.71,0.0,1,15.41,15.82,SPY220630P00448000,448.0,0,0.0,0.0,,0.0,normalDay
2022-04-21,7914.0,-541.0,0.0,0,438.06,0.0,1,15.41,20.82,SPY220630P00448000,448.0,0,0.0,0.0,,0.0,normalDay
2022-04-22,7914.0,-1462.0,0.0,0,426.04,0.0,1,15.41,30.03,SPY220630P00448000,448.0,0,0.0,0.0,,0.0,normalDay
2022-04-25,7914.0,-1157.0,0.0,0,428.51,0.0,1,15.41,26.98,SPY220630P00448000,448.0,0,0.0,0.0,,0.0,normalDay
2022-04-26,7914.0,-2251.0,0.0,0,416.1,0.0,1,15.41,37.92,SPY220630P00448000,448.0,0,0.0,0.0,,0.0,normalDay
2022-04-27,7914.0,-1975.0,0.0,0,417.27,0.0,1,15.41,35.16,SPY220630P00448000,448.0,0,0.0,0.0,,0.0,normalDay
2022-04-28,7914.0,-1391.0,0.0,0,427.81,0.0,1,15.41,29.32,SPY220630P00448000,448.0,0,0.0,0.0,,0.0,normalDay
2022-04-29,7914.0,-2415.0,0.0,0,412.0,0.0,1,15.41,39.56,SPY220630P00448000,448.0,0,0.0,0.0,,0.0,normalDay
2022-05-02,7914.0,-2243.0,0.0,0,414.48,0.0,1,15.41,37.84,SPY220630P00448000,448.0,0,0.0,0.0,,0.0,normalDay
2022-05-03,7914.0,-1994.0,0.0,0,416.38,0.0,1,15.41,35.35,SPY220630P00448000,448.0,0,0.0,0.0,,0.0,normalDay
2022-05-04,7914.0,-1047.0,0.0,0,429.06,0.0,1,15.41,25.88,SPY220630P00448000,448.0,0,0.0,0.0,,0.0,normalDay
2022-05-05,7914.0,-2286.0,0.0,0,413.81,0.0,1,15.41,38.27,SPY220630P00448000,448.0,0,0.0,0.0,,0.0,normalDay
2022-05-06,7914.0,-2601.0,0.0,0,411.34,0.0,1,15.41,41.42,SPY220630P00448000,448.0,0,0.0,0.0,,0.0,normalDay
2022-05-09,7914.0,-3616.0,0.0,0,398.17,0.0,1,15.41,51.57,SPY220630P00448000,448.0,0,0.0,0.0,,0.0,normalDay
2022-05-10,7914.0,-3565.0,0.0,0,399.09,0.0,1,15.41,51.06,SPY220630P00448000,448.0,0,0.0,0.0,,0.0,normalDay
2022-05-11,7914.0,-4133.0,0.0,0,392.75,0.0,1,15.41,56.74,SPY220630P00448000,448.0,0,0.0,0.0,,0.0,normalDay
2022-05-12,7914.0,-4227.0,0.0,0,392.34,0.0,1,15.41,57.68,SPY220630P00448000,448.0,0,0.0,0.0,,0.0,normalDay
2022-05-13,7914.0,-3375.0,0.0,0,401.72,0.0,1,15.41,49.16,SPY220630P00448000,448.0,0,0.0,0.0,,0.0,normalDay
2022-05-16,7914.0,-3471.0,0.0,0,400.09,0.0,1,15.41,50.12,SPY220630P00448000,448.0,0,0.0,0.0,,0.0,normalDay
2022-05-17,7914.0,-2671.0,0.0,0,408.32,0.0,1,15.41,42.12,SPY220630P00448000,448.0,0,0.0,0.0,,0.0,normalDay
2022-05-18,7914.0,-4364.0,0.0,0,391.86,0.0,1,15.41,59.05,SPY220630P00448000,448.0,0,0.0,0.0,,0.0,normalDay
2022-05-19,7914.0,-4546.0,0.0,0,389.46,0.0,1,15.41,60.87,SPY220630P00448000,448.0,0,0.0,0.0,,0.0,normalDay
2022-05-20,7914.0,-4508.0,0.0,0,389.63,0.0,1,15.41,60.49,SPY220630P00448000,448.0,0,0.0,0.0,,0.0,normalDay
2022-05-23,7914.0,-3720.0,0.0,0,396.92,0.0,1,15.41,52.61,SPY220630P00448000,448.0,0,0.0,0.0,,0.0,normalDay
2022-05-24,7914.0,-4033.0,0.0,0,393.89,0.0,1,15.41,55.74,SPY220630P00448000,448.0,0,0.0,0.0,,0.0,normalDay
2022-05-25,7914.0,-3730.0,0.0,0,397.37,0.0,1,15.41,52.71,SPY220630P00448000,448.0,0,0.0,0.0,,0.0,normalDay
2022-05-26,7914.0,-3020.0,0.0,0,405.31,0.0,1,15.41,45.61,SPY220630P00448000,448.0,0,0.0,0.0,,0.0,normalDay
2022-05-27,7914.0,-1986.0,0.0,0,415.26,0.0,1,15.41,35.27,SPY220630P00448000,448.0,0,0.0,0.0,,0.0,normalDay
2022-05-31,7914.0,-2244.0,0.0,0,412.93,0.0,1,15.41,37.85,SPY220630P00448000,448.0,0,0.0,0.0,,0.0,normalDay
2022-06-01,7914.0,-2535.0,0.0,0,409.59,0.0,1,15.41,40.76,SPY220630P00448000,448.0,0,0.0,0.0,,0.0,normalDay
2022-06-02,7914.0,-1745.0,0.0,0,417.39,0.0,1,15.41,32.86,SPY220630P00448000,448.0,0,0.0,0.0,,0.0,normalDay
2022-06-03,7914.0,-2398.0,0.0,0,410.54,0.0,1,15.41,39.39,SPY220630P00448000,448.0,0,0.0,0.0,,0.0,normalDay
2022-06-06,7914.0,-2298.0,0.0,0,411.79,0.0,1,15.41,38.39,SPY220630P00448000,448.0,0,0.0,0.0,,0.0,normalDay
2022-06-07,7914.0,-1925.0,0.0,0,415.74,0.0,1,15.41,34.66,SPY220630P00448000,448.0,0,0.0,0.0,,0.0,normalDay
2022-06-08,7914.0,-2333.0,0.0,0,411.22,0.0,1,15.41,38.74,SPY220630P00448000,448.0,0,0.0,0.0,,0.0,normalDay
2022-06-09,7914.0,-3306.0,0.0,0,401.44,0.0,1,15.41,48.47,SPY220630P00448000,448.0,0,0.0,0.0,,0.0,normalDay
2022-06-10,7914.0,-4396.0,0.0,0,389.8,0.0,1,15.41,59.37,SPY220630P00448000,448.0,0,0.0,0.0,,0.0,normalDay
2022-06-13,7914.0,-5944.0,0.0,0,375.0,0.0,1,15.41,74.85,SPY220630P00448000,448.0,0,0.0,0.0,,0.0,normalDay
2022-06-14,7914.0,-6127.0,0.0,0,373.87,0.0,1,15.41,76.68,SPY220630P00448000,448.0,0,0.0,0.0,,0.0,normalDay
2022-06-15,7914.0,-5523.0,0.0,0,379.2,0.0,1,15.41,70.64,SPY220630P00448000,448.0,0,0.0,0.0,,0.0,normalDay
2022-06-16,7914.0,-6730.0,0.0,0,366.65,0.0,1,15.41,82.71,SPY220630P00448000,448.0,0,0.0,0.0,,0.0,normalDay
2022-06-17,7914.0,-6610.0,0.0,0,365.86,0.0,1,15.41,81.51,SPY220630P00448000,448.0,0,0.0,0.0,,0.0,normalDay
2022-06-21,7914.0,-5768.0,0.0,0,375.07,0.0,1,15.41,73.09,SPY220630P00448000,448.0,0,0.0,0.0,,0.0,normalDay
2022-06-22,7914.0,-5787.0,0.0,0,374.39,0.0,1,15.41,73.28,SPY220630P00448000,448.0,0,0.0,0.0,,0.0,normalDay
2022-06-23,7914.0,-5559.0,0.0,0,378.06,0.0,1,15.41,71.0,SPY220630P00448000,448.0,0,0.0,0.0,,0.0,normalDay
2022-06-24,7914.0,-4386.0,0.0,0,390.08,0.0,1,15.41,59.27,SPY220630P00448000,448.0,0,0.0,0.0,,0.0,normalDay
2022-06-27,7914.0,-4379.0,0.0,0,388.59,0.0,1,15.41,59.2,SPY220630P00448000,448.0,0,0.0,0.0,,0.0,normalDay
2022-06-28,7914.0,-5230.0,0.0,0,380.65,0.0,1,15.41,67.71,SPY220630P00448000,448.0,0,0.0,0.0,,0.0,normalDay
2022-06-29,7914.0,-5232.0,0.0,0,380.34,0.0,1,15.41,67.73,SPY220630P00448000,448.0,0,0.0,0.0,,0.0,normalDay
2022-06-30,9455.0,-7075.0,1541.0,100,377.25,448.0,1,15.41,0.0,SPY220630P00448000,448.0,0,0.0,0.0,,0.0,expirationDay
2022-07-01,9455.0,-6689.0,0.0,100,381.24,448.0,0,0.0,0.0,,0.0,1,10.55,10.68,SPY230120C00420000,420.0,normalDay
2022-07-05,9455.0,-6607.0,0.0,100,381.96,448.0,0,0.0,0.0,,0.0,1,10.55,10.58,SPY230120C00420000,420.0,normalDay
2022-07-06,9455.0,-6548.0,0.0,100,383.25,448.0,0,0.0,0.0,,0.0,1,10.55,11.28,SPY230120C00420000,420.0,normalDay
2022-07-07,9455.0,-6154.0,0.0,100,388.99,448.0,0,0.0,0.0,,0.0,1,10.55,13.08,SPY230120C00420000,420.0,normalDay
2022-07-08,9455.0,-6173.0,0.0,100,388.67,448.0,0,0.0,0.0,,0.0,1,10.55,12.95,SPY230120C00420000,420.0,normalDay
2022-07-11,9455.0,-6455.0,0.0,100,384.23,448.0,0,0.0,0.0,,0.0,1,10.55,11.33,SPY230120C00420000,420.0,normalDay
2022-07-12,9455.0,-6650.0,0.0,100,380.83,448.0,0,0.0,0.0,,0.0,1,10.55,9.88,SPY230120C00420000,420.0,normalDay
2022-07-13,9455.0,-6782.0,0.0,100,378.83,448.0,0,0.0,0.0,,0.0,1,10.55,9.2,SPY230120C00420000,420.0,normalDay
2022-07-14,9455.0,-6856.0,0.0,100,377.91,448.0,0,0.0,0.0,,0.0,1,10.55,9.02,SPY230120C00420000,420.0,normalDay
2022-07-15,9455.0,-6308.0,0.0,100,385.13,448.0,0,0.0,0.0,,0.0,1,10.55,10.76,SPY230120C00420000,420.0,normalDay
2022-07-18,9455.0,-6533.0,0.0,100,381.95,448.0,0,0.0,0.0,,0.0,1,10.55,9.83,SPY230120C00420000,420.0,normalDay
2022-07-19,9455.0,-5906.0,0.0,100,392.27,448.0,0,0.0,0.0,,0.0,1,10.55,13.88,SPY230120C00420000,420.0,normalDay
2022-07-20,9455.0,-5745.0,0.0,100,394.77,448.0,0,0.0,0.0,,0.0,1,10.55,14.77,SPY230120C00420000,420.0,normalDay
2022-07-21,9455.0,-5467.0,0.0,100,398.79,448.0,0,0.0,0.0,,0.0,1,10.55,16.01,SPY230120C00420000,420.0,normalDay
2022-07-22,9455.0,-5650.0,0.0,100,395.09,448.0,0,0.0,0.0,,0.0,1,10.55,14.14,SPY230120C00420000,420.0,normalDay
2022-07-25,9455.0,-5634.0,0.0,100,395.57,448.0,0,0.0,0.0,,0.0,1,10.55,14.46,SPY230120C00420000,420.0,normalDay
2022-07-26,9455.0,-5939.0,0.0,100,390.89,448.0,0,0.0,0.0,,0.0,1,10.55,12.83,SPY230120C00420000,420.0,normalDay
2022-07-27,9455.0,-5241.0,0.0,100,401.04,448.0,0,0.0,0.0,,0.0,1,10.55,16.0,SPY230120C00420000,420.0,normalDay
2022-07-28,9455.0,-5033.0,0.0,100,406.07,448.0,0,0.0,0.0,,0.0,1,10.55,18.95,SPY230120C00420000,420.0,normalDay
2022-07-29,9455.0,-4671.0,0.0,100,411.99,448.0,0,0.0,0.0,,0.0,1,10.55,21.25,SPY230120C00420000,420.0,normalDay
2022-08-01,9455.0,-4774.0,0.0,100,410.77,448.0,0,0.0,0.0,,0.0,1,10.55,21.06,SPY230120C00420000,420.0,normalDay
2022-08-02,9455.0,-4932.0,0.0,100,408.06,448.0,0,0.0,0.0,,0.0,1,10.55,19.93,SPY230120C00420000,420.0,normalDay
2022-08-03,9455.0,-4551.0,0.0,100,414.45,448.0,0,0.0,0.0,,0.0,1,10.55,22.51,SPY230120C00420000,420.0,normalDay
2022-08-04,9455.0,-4592.0,0.0,100,414.17,448.0,0,0.0,0.0,,0.0,1,10.55,22.64,SPY230120C00420000,420.0,normalDay
2022-08-05,9455.0,-4581.0,0.0,100,413.47,448.0,0,0.0,0.0,,0.0,1,10.55,21.83,SPY230120C00420000,420.0,normalDay
2022-08-08,9455.0,-4632.0,0.0,100,412.99,448.0,0,0.0,0.0,,0.0,1,10.55,21.86,SPY230120C00420000,420.0,normalDay
2022-08-09,9455.0,-4709.0,0.0,100,411.35,448.0,0,0.0,0.0,,0.0,1,10.55,20.99,SPY230120C00420000,420.0,normalDay
2022-08-10,9455.0,-4230.0,0.0,100,419.99,448.0,0,0.0,0.0,,0.0,1,10.55,24.84,SPY230120C00420000,420.0,normalDay
2022-08-11,9455.0,-4294.0,0.0,100,419.99,448.0,0,0.0,0.0,,0.0,1,10.55,25.48,SPY230120C00420000,420.0,normalDay
2022-08-12,9455.0,-3945.0,0.0,100,427.1,448.0,0,0.0,0.0,,0.0,1,10.55,29.1,SPY230120C00420000,420.0,normalDay
2022-08-15,9455.0,-3866.0,0.0,100,428.86,448.0,0,0.0,0.0,,0.0,1,10.55,30.07,SPY230120C00420000,420.0,normalDay
2022-08-16,9455.0,-3824.0,0.0,100,429.7,448.0,0,0.0,0.0,,0.0,1,10.55,30.49,SPY230120C00420000,420.0,normalDay
2022-08-17,9455.0,-4001.0,0.0,100,426.65,448.0,0,0.0,0.0,,0.0,1,10.55,29.21,SPY230120C00420000,420.0,normalDay
2022-08-18,9455.0,-3893.0,0.0,100,427.89,448.0,0,0.0,0.0,,0.0,1,10.55,29.37,SPY230120C00420000,420.0,normalDay
2022-08-19,9455.0,-4130.0,0.0,100,422.14,448.0,0,0.0,0.0,,0.0,1,10.55,25.99,SPY230120C00420000,420.0,normalDay
2022-08-22,9455.0,-4564.0,0.0,100,413.35,448.0,0,0.0,0.0,,0.0,1,10.55,21.54,SPY230120C00420000,420.0,normalDay
2022-08-23,9455.0,-4555.0,0.0,100,412.35,448.0,0,0.0,0.0,,0.0,1,10.55,20.45,SPY230120C00420000,420.0,normalDay
2022-08-24,9455.0,-4460.0,0.0,100,413.67,448.0,0,0.0,0.0,,0.0,1,10.55,20.82,SPY230120C00420000,420.0,normalDay
2022-08-25,9455.0,-4141.0,0.0,100,419.51,448.0,0,0.0,0.0,,0.0,1,10.55,23.47,SPY230120C00420000,420.0,normalDay
2022-08-26,9455.0,-4878.0,0.0,100,405.31,448.0,0,0.0,0.0,,0.0,1,10.55,16.64,SPY230120C00420000,420.0,normalDay
2022-08-29,9455.0,-5011.0,0.0,100,402.63,448.0,0,0.0,0.0,,0.0,1,10.55,15.29,SPY230120C00420000,420.0,normalDay
2022-08-30,9455.0,-5248.0,0.0,100,398.21,448.0,0,0.0,0.0,,0.0,1,10.55,13.24,SPY230120C00420000,420.0,normalDay
2022-08-31,9455.0,-5401.0,0.0,100,395.18,448.0,0,0.0,0.0,,0.0,1,10.55,11.74,SPY230120C00420000,420.0,normalDay
2022-09-01,9455.0,-5292.0,0.0,100,396.42,448.0,0,0.0,0.0,,0.0,1,10.55,11.89,SPY230120C00420000,420.0,normalDay
2022-09-02,9455.0,-5561.0,0.0,100,392.24,448.0,0,0.0,0.0,,0.0,1,10.55,10.4,SPY230120C00420000,420.0,normalDay
2022-09-06,9455.0,-5630.0,0.0,100,390.76,448.0,0,0.0,0.0,,0.0,1,10.55,9.61,SPY230120C00420000,420.0,normalDay
2022-09-07,9455.0,-5146.0,0.0,100,397.78,448.0,0,0.0,0.0,,0.0,1,10.55,11.79,SPY230120C00420000,420.0,normalDay
2022-09-08,9455.0,-4986.0,0.0,100,400.38,448.0,0,0.0,0.0,,0.0,1,10.55,12.79,SPY230120C00420000,420.0,normalDay
2022-09-09,9455.0,-4599.0,0.0,100,406.6,448.0,0,0.0,0.0,,0.0,1,10.55,15.14,SPY230120C00420000,420.0,normalDay
2022-09-12,9455.0,-4408.0,0.0,100,410.97,448.0,0,0.0,0.0,,0.0,1,10.55,17.6,SPY230120C00420000,420.0,normalDay
2022-09-13,9455.0,-5499.0,0.0,100,393.1,448.0,0,0.0,0.0,,0.0,1,10.55,10.64,SPY230120C00420000,420.0,normalDay
2022-09-14,9455.0,-5350.0,0.0,100,394.6,448.0,0,0.0,0.0,,0.0,1,10.55,10.65,SPY230120C00420000,420.0,normalDay
2022-09-15,9455.0,-5654.0,0.0,100,390.12,448.0,0,0.0,0.0,,0.0,1,10.55,9.21,SPY230120C00420000,420.0,normalDay
2022-09-16,9455.0,-5997.0,0.0,100,385.56,448.0,0,0.0,0.0,,0.0,1,10.55,8.08,SPY230120C00420000,420.0,normalDay
2022-09-19,9455.0,-5755.0,0.0,100,388.55,448.0,0,0.0,0.0,,0.0,1,10.55,8.65,SPY230120C00420000,420.0,normalDay
2022-09-20,9455.0,-6087.0,0.0,100,384.09,448.0,0,0.0,0.0,,0.0,1,10.55,7.51,SPY230120C00420000,420.0,normalDay
2022-09-21,9455.0,-6570.0,0.0,100,377.39,448.0,0,0.0,0.0,,0.0,1,10.55,5.64,SPY230120C00420000,420.0,normalDay
2022-09-22,9455.0,-6802.0,0.0,100,374.22,448.0,0,0.0,0.0,,0.0,1,10.55,4.79,SPY230120C00420000,420.0,normalDay
2022-09-23,9455.0,-7331.0,0.0,100,367.95,448.0,0,0.0,0.0,,0.0,1,10.55,3.81,SPY230120C00420000,420.0,normalDay
2022-09-26,9455.0,-7643.0,0.0,100,364.31,448.0,0,0.0,0.0,,0.0,1,10.55,3.29,SPY230120C00420000,420.0,normalDay
2022-09-27,9455.0,-7711.0,0.0,100,363.38,448.0,0,0.0,0.0,,0.0,1,10.55,3.04,SPY230120C00420000,420.0,normalDay
2022-09-28,9455.0,-7088.0,0.0,100,370.53,448.0,0,0.0,0.0,,0.0,1,10.55,3.96,SPY230120C00420000,420.0,normalDay
2022-09-29,9455.0,-7740.0,0.0,100,362.79,448.0,0,0.0,0.0,,0.0,1,10.55,2.74,SPY230120C00420000,420.0,normalDay
2022-09-30,9455.0,-8227.0,0.0,100,357.18,448.0,0,0.0,0.0,,0.0,1,10.55,2.0,SPY230120C00420000,420.0,normalDay
2022-10-03,9455.0,-7383.0,0.0,100,366.61,448.0,0,0.0,0.0,,0.0,1,10.55,2.99,SPY230120C00420000,420.0,normalDay
2022-10-04,9455.0,-6443.0,0.0,100,377.97,448.0,0,0.0,0.0,,0.0,1,10.55,4.95,SPY230120C00420000,420.0,normalDay
2022-10-05,9455.0,-6509.0,0.0,100,377.09,448.0,0,0.0,0.0,,0.0,1,10.55,4.73,SPY230120C00420000,420.0,normalDay
2022-10-06,9455.0,-6833.0,0.0,100,373.2,448.0,0,0.0,0.0,,0.0,1,10.55,4.08,SPY230120C00420000,420.0,normalDay
2022-10-07,9455.0,-7706.0,0.0,100,362.79,448.0,0,0.0,0.0,,0.0,1,10.55,2.4,SPY230120C00420000,420.0,normalDay
2022-10-10,9455.0,-7978.0,0.0,100,360.02,448.0,0,0.0,0.0,,0.0,1,10.55,2.35,SPY230120C00420000,420.0,normalDay
2022-10-11,9455.0,-8192.0,0.0,100,357.74,448.0,0,0.0,0.0,,0.0,1,10.55,2.21,SPY230120C00420000,420.0,normalDay
2022-10-12,9455.0,-8301.0,0.0,100,356.56,448.0,0,0.0,0.0,,0.0,1,10.55,2.12,SPY230120C00420000,420.0,normalDay
2022-10-13,9455.0,-7475.0,0.0,100,365.97,448.0,0,0.0,0.0,,0.0,1,10.55,3.27,SPY230120C00420000,420.0,normalDay
2022-10-14,9455.0,-8196.0,0.0,100,357.63,448.0,0,0.0,0.0,,0.0,1,10.55,2.14,SPY230120C00420000,420.0,normalDay
2022-10-17,9455.0,-7393.0,0.0,100,366.82,448.0,0,0.0,0.0,,0.0,1,10.55,3.3,SPY230120C00420000,420.0,normalDay
2022-10-18,9455.0,-7025.0,0.0,100,371.13,448.0,0,0.0,0.0,,0.0,1,10.55,3.93,SPY230120C00420000,420.0,normalDay
2022-10-19,9455.0,-7216.0,0.0,100,368.5,448.0,0,0.0,0.0,,0.0,1,10.55,3.21,SPY230120C00420000,420.0,normalDay
2022-10-20,9455.0,-7466.0,0.0,100,365.41,448.0,0,0.0,0.0,,0.0,1,10.55,2.62,SPY230120C00420000,420.0,normalDay
2022-10-21,9455.0,-6736.0,0.0,100,374.29,448.0,0,0.0,0.0,,0.0,1,10.55,4.2,SPY230120C00420000,420.0,normalDay
2022-10-24,9455.0,-6365.0,0.0,100,378.87,448.0,0,0.0,0.0,,0.0,1,10.55,5.07,SPY230120C00420000,420.0,normalDay
2022-10-25,9455.0,-5820.0,0.0,100,384.92,448.0,0,0.0,0.0,,0.0,1,10.55,5.67,SPY230120C00420000,420.0,normalDay
2022-10-26,9455.0,-6050.0,0.0,100,382.02,448.0,0,0.0,0.0,,0.0,1,10.55,5.07,SPY230120C00420000,420.0,normalDay
2022-10-27,9455.0,-6095.0,0.0,100,379.98,448.0,0,0.0,0.0,,0.0,1,10.55,3.48,SPY230120C00420000,420.0,normalDay
2022-10-28,9455.0,-5460.0,0.0,100,389.02,448.0,0,0.0,0.0,,0.0,1,10.55,6.17,SPY230120C00420000,420.0,normalDay
2022-10-31,9455.0,-5627.0,0.0,100,386.21,448.0,0,0.0,0.0,,0.0,1,10.55,5.03,SPY230120C00420000,420.0,normalDay
2022-11-01,9455.0,-5737.0,0.0,100,384.52,448.0,0,0.0,0.0,,0.0,1,10.55,4.44,SPY230120C00420000,420.0,normalDay
2022-11-02,9455.0,-6521.0,0.0,100,374.87,448.0,0,0.0,0.0,,0.0,1,10.55,2.63,SPY230120C00420000,420.0,normalDay
2022-11-03,9455.0,-6843.0,0.0,100,371.01,448.0,0,0.0,0.0,,0.0,1,10.55,1.99,SPY230120C00420000,420.0,normalDay
2022-11-04,9455.0,-6370.0,0.0,100,376.35,448.0,0,0.0,0.0,,0.0,1,10.55,2.6,SPY230120C00420000,420.0,normalDay
2022-11-07,9455.0,-6046.0,0.0,100,379.95,448.0,0,0.0,0.0,,0.0,1,10.55,2.96,SPY230120C00420000,420.0,normalDay
2022-11-08,9455.0,-5879.0,0.0,100,382.0,448.0,0,0.0,0.0,,0.0,1,10.55,3.34,SPY230120C00420000,420.0,normalDay
2022-11-09,9455.0,-6550.0,0.0,100,374.13,448.0,0,0.0,0.0,,0.0,1,10.55,2.18,SPY230120C00420000,420.0,normalDay
2022-11-10,9455.0,-4898.0,0.0,100,394.69,448.0,0,0.0,0.0,,0.0,1,10.55,6.22,SPY230120C00420000,420.0,normalDay
2022-11-11,9455.0,-4537.0,0.0,100,398.51,448.0,0,0.0,0.0,,0.0,1,10.55,6.43,SPY230120C00420000,420.0,normalDay
2022-11-14,9455.0,-4768.0,0.0,100,395.12,448.0,0,0.0,0.0,,0.0,1,10.55,5.35,SPY230120C00420000,420.0,normalDay
2022-11-15,9455.0,-4513.0,0.0,100,398.49,448.0,0,0.0,0.0,,0.0,1,10.55,6.17,SPY230120C00420000,420.0,normalDay
2022-11-16,9455.0,-4703.0,0.0,100,395.45,448.0,0,0.0,0.0,,0.0,1,10.55,5.03,SPY230120C00420000,420.0,normalDay
2022-11-17,9455.0,-4776.0,0.0,100,394.24,448.0,0,0.0,0.0,,0.0,1,10.55,4.55,SPY230120C00420000,420.0,normalDay
2022-11-18,9455.0,-4599.0,0.0,100,396.03,448.0,0,0.0,0.0,,0.0,1,10.55,4.57,SPY230120C00420000,420.0,normalDay
2022-11-21,9455.0,-4660.0,0.0,100,394.59,448.0,0,0.0,0.0,,0.0,1,10.55,3.74,SPY230120C00420000,420.0,normalDay
2022-11-22,9455.0,-4223.0,0.0,100,399.9,448.0,0,0.0,0.0,,0.0,1,10.55,4.68,SPY230120C00420000,420.0,normalDay
2022-11-23,9455.0,-4003.0,0.0,100,402.42,448.0,0,0.0,0.0,,0.0,1,10.55,5.0,SPY230120C00420000,420.0,normalDay
2022-11-25,9455.0,-3987.0,0.0,100,402.33,448.0,0,0.0,0.0,,0.0,1,10.55,4.75,SPY230120C00420000,420.0,normalDay
2022-11-28,9455.0,-4478.0,0.0,100,395.91,448.0,0,0.0,0.0,,0.0,1,10.55,3.24,SPY230120C00420000,420.0,normalDay
2022-11-29,9455.0,-4510.0,0.0,100,395.23,448.0,0,0.0,0.0,,0.0,1,10.55,2.88,SPY230120C00420000,420.0,normalDay
2022-11-30,9455.0,-3619.0,0.0,100,407.68,448.0,0,0.0,0.0,,0.0,1,10.55,6.42,SPY230120C00420000,420.0,normalDay
2022-12-01,9455.0,-3588.0,0.0,100,407.38,448.0,0,0.0,0.0,,0.0,1,10.55,5.81,SPY230120C00420000,420.0,normalDay
2022-12-02,9455.0,-3569.0,0.0,100,406.91,448.0,0,0.0,0.0,,0.0,1,10.55,5.15,SPY230120C00420000,420.0,normalDay
2022-12-05,9455.0,-4097.0,0.0,100,399.59,448.0,0,0.0,0.0,,0.0,1,10.55,3.11,SPY230120C00420000,420.0,normalDay
2022-12-06,9455.0,-4577.0,0.0,100,393.83,448.0,0,0.0,0.0,,0.0,1,10.55,2.15,SPY230120C00420000,420.0,normalDay
2022-12-07,9455.0,-4634.0,0.0,100,393.16,448.0,0,0.0,0.0,,0.0,1,10.55,2.05,SPY230120C00420000,420.0,normalDay
2022-12-08,9455.0,-4362.0,0.0,100,396.24,448.0,0,0.0,0.0,,0.0,1,10.55,2.41,SPY230120C00420000,420.0,normalDay
2022-12-09,9455.0,-4611.0,0.0,100,393.28,448.0,0,0.0,0.0,,0.0,1,10.55,1.94,SPY230120C00420000,420.0,normalDay
2022-12-12,9455.0,-4177.0,0.0,100,398.95,448.0,0,0.0,0.0,,0.0,1,10.55,3.27,SPY230120C00420000,420.0,normalDay
2022-12-13,9455.0,-3884.0,0.0,100,401.97,448.0,0,0.0,0.0,,0.0,1,10.55,3.36,SPY230120C00420000,420.0,normalDay
2022-12-14,9455.0,-4029.0,0.0,100,399.4,448.0,0,0.0,0.0,,0.0,1,10.55,2.24,SPY230120C00420000,420.0,normalDay
2022-12-15,9455.0,-4865.0,0.0,100,389.63,448.0,0,0.0,0.0,,0.0,1,10.55,0.83,SPY230120C00420000,420.0,normalDay
2022-12-16,9455.0,-5465.0,0.0,100,383.27,448.0,0,0.0,0.0,,0.0,1,10.55,0.47,SPY230120C00420000,420.0,normalDay
2022-12-19,9455.0,-5774.0,0.0,100,380.02,448.0,0,0.0,0.0,,0.0,1,10.55,0.31,SPY230120C00420000,420.0,normalDay
2022-12-20,9455.0,-5720.0,0.0,100,380.54,448.0,0,0.0,0.0,,0.0,1,10.55,0.29,SPY230120C00420000,420.0,normalDay
2022-12-21,9455.0,-5162.0,0.0,100,386.23,448.0,0,0.0,0.0,,0.0,1,10.55,0.4,SPY230120C00420000,420.0,normalDay
2022-12-22,9455.0,-5700.0,0.0,100,380.72,448.0,0,0.0,0.0,,0.0,1,10.55,0.27,SPY230120C00420000,420.0,normalDay
2022-12-23,9455.0,-5476.0,0.0,100,382.91,448.0,0,0.0,0.0,,0.0,1,10.55,0.22,SPY230120C00420000,420.0,normalDay
2022-12-27,9455.0,-5624.0,0.0,100,381.4,448.0,0,0.0,0.0,,0.0,1,10.55,0.19,SPY230120C00420000,420.0,normalDay
2022-12-28,9455.0,-6090.0,0.0,100,376.66,448.0,0,0.0,0.0,,0.0,1,10.55,0.11,SPY230120C00420000,420.0,normalDay
2022-12-29,9455.0,-5418.0,0.0,100,383.44,448.0,0,0.0,0.0,,0.0,1,10.55,0.17,SPY230120C00420000,420.0,normalDay
2022-12-30,9455.0,-5514.0,0.0,100,382.43,448.0,0,0.0,0.0,,0.0,1,10.55,0.12,SPY230120C00420000,420.0,normalDay
2023-01-03,9455.0,-5671.0,0.0,100,380.82,448.0,0,0.0,0.0,,0.0,1,10.55,0.08,SPY230120C00420000,420.0,normalDay
2023-01-04,9455.0,-5377.0,0.0,100,383.76,448.0,0,0.0,0.0,,0.0,1,10.55,0.08,SPY230120C00420000,420.0,normalDay
2023-01-05,9455.0,-5812.0,0.0,100,379.38,448.0,0,0.0,0.0,,0.0,1,10.55,0.05,SPY230120C00420000,420.0,normalDay
2023-01-06,9455.0,-4945.0,0.0,100,388.08,448.0,0,0.0,0.0,,0.0,1,10.55,0.08,SPY230120C00420000,420.0,normalDay
2023-01-09,9455.0,-4967.0,0.0,100,387.86,448.0,0,0.0,0.0,,0.0,1,10.55,0.08,SPY230120C00420000,420.0,normalDay
2023-01-10,9455.0,-4694.0,0.0,100,390.58,448.0,0,0.0,0.0,,0.0,1,10.55,0.07,SPY230120C00420000,420.0,normalDay
2023-01-11,9455.0,-4210.0,0.0,100,395.52,448.0,0,0.0,0.0,,0.0,1,10.55,0.17,SPY230120C00420000,420.0,normalDay
2023-01-12,9455.0,-4053.0,0.0,100,396.96,448.0,0,0.0,0.0,,0.0,1,10.55,0.04,SPY230120C00420000,420.0,normalDay
2023-01-13,9455.0,-3897.0,0.0,100,398.5,448.0,0,0.0,0.0,,0.0,1,10.55,0.02,SPY230120C00420000,420.0,normalDay
2023-01-17,9455.0,-3970.0,0.0,100,397.77,448.0,0,0.0,0.0,,0.0,1,10.55,0.02,SPY230120C00420000,420.0,normalDay
2023-01-18,9455.0,-4597.0,0.0,100,391.49,448.0,0,0.0,0.0,,0.0,1,10.55,0.01,SPY230120C00420000,420.0,normalDay
2023-01-19,9455.0,-4882.0,0.0,100,388.64,448.0,0,0.0,0.0,,0.0,1,10.55,0.01,SPY230120C00420000,420.0,normalDay
2023-01-20,10510.0,-5212.0,1055.0,100,395.88,448.0,0,0.0,0.0,,0.0,1,10.55,0.0,SPY230120C00420000,420.0,expirationDay
2023-01-23,10510.0,-4845.0,0.0,100,400.63,448.0,0,0.0,0.0,,0.0,1,21.37,22.45,SPY230721C00405000,405.0,normalDay
2023-01-24,10510.0,-4904.0,0.0,100,400.2,448.0,0,0.0,0.0,,0.0,1,21.37,22.61,SPY230721C00405000,405.0,normalDay
2023-01-25,10510.0,-4772.0,0.0,100,400.35,448.0,0,0.0,0.0,,0.0,1,21.37,21.44,SPY230721C00405000,405.0,normalDay
2023-01-26,10510.0,-4563.0,0.0,100,404.75,448.0,0,0.0,0.0,,0.0,1,21.37,23.75,SPY230721C00405000,405.0,normalDay
2023-01-27,10510.0,-4533.0,0.0,100,405.68,448.0,0,0.0,0.0,,0.0,1,21.37,24.38,SPY230721C00405000,405.0,normalDay
2023-01-30,10510.0,-4759.0,0.0,100,400.59,448.0,0,0.0,0.0,,0.0,1,21.37,21.55,SPY230721C00405000,405.0,normalDay
2023-01-31,10510.0,-4469.0,0.0,100,406.48,448.0,0,0.0,0.0,,0.0,1,21.37,24.54,SPY230721C00405000,405.0,normalDay
2023-02-01,10510.0,-4389.0,0.0,100,410.8,448.0,0,0.0,0.0,,0.0,1,21.37,28.06,SPY230721C00405000,405.0,normalDay
2023-02-02,10510.0,-4086.0,0.0,100,416.78,448.0,0,0.0,0.0,,0.0,1,21.37,31.01,SPY230721C00405000,405.0,normalDay
2023-02-03,10510.0,-4282.0,0.0,100,412.35,448.0,0,0.0,0.0,,0.0,1,21.37,28.54,SPY230721C00405000,405.0,normalDay
2023-02-06,10510.0,-4374.0,0.0,100,409.83,448.0,0,0.0,0.0,,0.0,1,21.37,26.94,SPY230721C00405000,405.0,normalDay
2023-02-07,10510.0,-4131.0,0.0,100,415.19,448.0,0,0.0,0.0,,0.0,1,21.37,29.87,SPY230721C00405000,405.0,normalDay
2023-02-08,10510.0,-4336.0,0.0,100,410.65,448.0,0,0.0,0.0,,0.0,1,21.37,27.38,SPY230721C00405000,405.0,normalDay
2023-02-09,10510.0,-4502.0,0.0,100,407.09,448.0,0,0.0,0.0,,0.0,1,21.37,25.48,SPY230721C00405000,405.0,normalDay
2023-02-10,10510.0,-4451.0,0.0,100,408.04,448.0,0,0.0,0.0,,0.0,1,21.37,25.92,SPY230721C00405000,405.0,normalDay
2023-02-13,10510.0,-4251.0,0.0,100,412.83,448.0,0,0.0,0.0,,0.0,1,21.37,28.71,SPY230721C00405000,405.0,normalDay
2023-02-14,10510.0,-4170.0,0.0,100,412.64,448.0,0,0.0,0.0,,0.0,1,21.37,27.71,SPY230721C00405000,405.0,normalDay
2023-02-15,10510.0,-4135.0,0.0,100,413.98,448.0,0,0.0,0.0,,0.0,1,21.37,28.7,SPY230721C00405000,405.0,normalDay
2023-02-16,10510.0,-4336.0,0.0,100,408.28,448.0,0,0.0,0.0,,0.0,1,21.37,25.01,SPY230721C00405000,405.0,normalDay
2023-02-17,10510.0,-4356.0,0.0,100,407.26,448.0,0,0.0,0.0,,0.0,1,21.37,24.19,SPY230721C00405000,405.0,normalDay
2023-02-21,10510.0,-4730.0,0.0,100,399.09,448.0,0,0.0,0.0,,0.0,1,21.37,19.76,SPY230721C00405000,405.0,normalDay
2023-02-22,10510.0,-4716.0,0.0,100,398.54,448.0,0,0.0,0.0,,0.0,1,21.37,19.07,SPY230721C00405000,405.0,normalDay
2023-02-23,10510.0,-4537.0,0.0,100,400.66,448.0,0,0.0,0.0,,0.0,1,21.37,19.4,SPY230721C00405000,405.0,normalDay
2023-02-24,10510.0,-4740.0,0.0,100,396.38,448.0,0,0.0,0.0,,0.0,1,21.37,17.15,SPY230721C00405000,405.0,normalDay
2023-02-27,10510.0,-4656.0,0.0,100,397.73,448.0,0,0.0,0.0,,0.0,1,21.37,17.66,SPY230721C00405000,405.0,normalDay
2023-02-28,10510.0,-4640.0,0.0,100,396.26,448.0,0,0.0,0.0,,0.0,1,21.37,16.03,SPY230721C00405000,405.0,normalDay
2023-03-01,10510.0,-4741.0,0.0,100,394.74,448.0,0,0.0,0.0,,0.0,1,21.37,15.52,SPY230721C00405000,405.0,normalDay
2023-03-02,10510.0,-4553.0,0.0,100,397.81,448.0,0,0.0,0.0,,0.0,1,21.37,16.71,SPY230721C00405000,405.0,normalDay
2023-03-03,10510.0,-4259.0,0.0,100,404.19,448.0,0,0.0,0.0,,0.0,1,21.37,20.15,SPY230721C00405000,405.0,normalDay
2023-03-06,10510.0,-4211.0,0.0,100,404.47,448.0,0,0.0,0.0,,0.0,1,21.37,19.95,SPY230721C00405000,405.0,normalDay
2023-03-07,10510.0,-4492.0,0.0,100,398.27,448.0,0,0.0,0.0,,0.0,1,21.37,16.56,SPY230721C00405000,405.0,normalDay
2023-03-08,10510.0,-4420.0,0.0,100,398.92,448.0,0,0.0,0.0,,0.0,1,21.37,16.49,SPY230721C00405000,405.0,normalDay
2023-03-09,10510.0,-4848.0,0.0,100,391.56,448.0,0,0.0,0.0,,0.0,1,21.37,13.41,SPY230721C00405000,405.0,normalDay
2023-03-10,10510.0,-5197.0,0.0,100,385.91,448.0,0,0.0,0.0,,0.0,1,21.37,11.25,SPY230721C00405000,405.0,normalDay
2023-03-13,10510.0,-5267.0,0.0,100,385.36,448.0,0,0.0,0.0,,0.0,1,21.37,11.4,SPY230721C00405000,405.0,normalDay
2023-03-14,10510.0,-4815.0,0.0,100,391.73,448.0,0,0.0,0.0,,0.0,1,21.37,13.25,SPY230721C00405000,405.0,normalDay
2023-03-15,10510.0,-5018.0,0.0,100,389.28,448.0,0,0.0,0.0,,0.0,1,21.37,12.83,SPY230721C00405000,405.0,normalDay
2023-03-16,10510.0,-4584.0,0.0,100,396.11,448.0,0,0.0,0.0,,0.0,1,21.37,15.32,SPY230721C00405000,405.0,normalDay
2023-03-17,10510.0,-5093.0,0.0,100,389.99,448.0,0,0.0,0.0,,0.0,1,21.37,14.29,SPY230721C00405000,405.0,normalDay
2023-03-20,10510.0,-4806.0,0.0,100,393.74,448.0,0,0.0,0.0,,0.0,1,21.37,15.17,SPY230721C00405000,405.0,normalDay
2023-03-21,10510.0,-4481.0,0.0,100,398.91,448.0,0,0.0,0.0,,0.0,1,21.37,17.09,SPY230721C00405000,405.0,normalDay
2023-03-22,10510.0,-4806.0,0.0,100,392.11,448.0,0,0.0,0.0,,0.0,1,21.37,13.54,SPY230721C00405000,405.0,normalDay
2023-03-23,10510.0,-4765.0,0.0,100,393.17,448.0,0,0.0,0.0,,0.0,1,21.37,14.19,SPY230721C00405000,405.0,normalDay
2023-03-24,10510.0,-4607.0,0.0,100,395.75,448.0,0,0.0,0.0,,0.0,1,21.37,15.19,SPY230721C00405000,405.0,normalDay
2023-03-27,10510.0,-4501.0,0.0,100,396.49,448.0,0,0.0,0.0,,0.0,1,21.37,14.87,SPY230721C00405000,405.0,normalDay
2023-03-28,10510.0,-4529.0,0.0,100,395.6,448.0,0,0.0,0.0,,0.0,1,21.37,14.26,SPY230721C00405000,405.0,normalDay
2023-03-29,10510.0,-4212.0,0.0,100,401.35,448.0,0,0.0,0.0,,0.0,1,21.37,16.84,SPY230721C00405000,405.0,normalDay
2023-03-30,10510.0,-4109.0,0.0,100,403.7,448.0,0,0.0,0.0,,0.0,1,21.37,18.16,SPY230721C00405000,405.0,normalDay
2023-03-31,10510.0,-3903.0,0.0,100,409.39,448.0,0,0.0,0.0,,0.0,1,21.37,21.79,SPY230721C00405000,405.0,normalDay
2023-04-03,10510.0,-3806.0,0.0,100,410.95,448.0,0,0.0,0.0,,0.0,1,21.37,22.38,SPY230721C00405000,405.0,normalDay
2023-04-04,10510.0,-3886.0,0.0,100,408.67,448.0,0,0.0,0.0,,0.0,1,21.37,20.9,SPY230721C00405000,405.0,normalDay
2023-04-05,10510.0,-3904.0,0.0,100,407.6,448.0,0,0.0,0.0,,0.0,1,21.37,20.01,SPY230721C00405000,405.0,normalDay
2023-04-06,10510.0,-3820.0,0.0,100,409.19,448.0,0,0.0,0.0,,0.0,1,21.37,20.76,SPY230721C00405000,405.0,normalDay
2023-04-10,10510.0,-3809.0,0.0,100,409.61,448.0,0,0.0,0.0,,0.0,1,21.37,21.07,SPY230721C00405000,405.0,normalDay
2023-04-11,10510.0,-3778.0,0.0,100,409.72,448.0,0,0.0,0.0,,0.0,1,21.37,20.87,SPY230721C00405000,405.0,normalDay
2023-04-12,10510.0,-3779.0,0.0,100,408.05,448.0,0,0.0,0.0,,0.0,1,21.37,19.21,SPY230721C00405000,405.0,normalDay
2023-04-13,10510.0,-3567.0,0.0,100,413.47,448.0,0,0.0,0.0,,0.0,1,21.37,22.51,SPY230721C00405000,405.0,normalDay
2023-04-14,10510.0,-3580.0,0.0,100,412.46,448.0,0,0.0,0.0,,0.0,1,21.37,21.63,SPY230721C00405000,405.0,normalDay
2023-04-17,10510.0,-3479.0,0.0,100,413.94,448.0,0,0.0,0.0,,0.0,1,21.37,22.1,SPY230721C00405000,405.0,normalDay
2023-04-18,10510.0,-3429.0,0.0,100,414.21,448.0,0,0.0,0.0,,0.0,1,21.37,21.87,SPY230721C00405000,405.0,normalDay
2023-04-19,10510.0,-3429.0,0.0,100,414.14,448.0,0,0.0,0.0,,0.0,1,21.37,21.8,SPY230721C00405000,405.0,normalDay
2023-04-20,10510.0,-3528.0,0.0,100,411.88,448.0,0,0.0,0.0,,0.0,1,21.37,20.53,SPY230721C00405000,405.0,normalDay
2023-04-21,10510.0,-3470.0,0.0,100,412.2,448.0,0,0.0,0.0,,0.0,1,21.37,20.27,SPY230721C00405000,405.0,normalDay
2023-04-24,10510.0,-3441.0,0.0,100,412.63,448.0,0,0.0,0.0,,0.0,1,21.37,20.41,SPY230721C00405000,405.0,normalDay
2023-04-25,10510.0,-3778.0,0.0,100,406.08,448.0,0,0.0,0.0,,0.0,1,21.37,17.23,SPY230721C00405000,405.0,normalDay
2023-04-26,10510.0,-3756.0,0.0,100,404.36,448.0,0,0.0,0.0,,0.0,1,21.37,15.29,SPY230721C00405000,405.0,normalDay
2023-04-27,10510.0,-3460.0,0.0,100,412.41,448.0,0,0.0,0.0,,0.0,1,21.37,20.38,SPY230721C00405000,405.0,normalDay
2023-04-28,10510.0,-3264.0,0.0,100,415.93,448.0,0,0.0,0.0,,0.0,1,21.37,21.94,SPY230721C00405000,405.0,normalDay
2023-05-01,10510.0,-3256.0,0.0,100,415.51,448.0,0,0.0,0.0,,0.0,1,21.37,21.44,SPY230721C00405000,405.0,normalDay
2023-05-02,10510.0,-3423.0,0.0,100,410.84,448.0,0,0.0,0.0,,0.0,1,21.37,18.44,SPY230721C00405000,405.0,normalDay
2023-05-03,10510.0,-3573.0,0.0,100,408.02,448.0,0,0.0,0.0,,0.0,1,21.37,17.12,SPY230721C00405000,405.0,normalDay
2023-05-04,10510.0,-3650.0,0.0,100,405.13,448.0,0,0.0,0.0,,0.0,1,21.37,15.0,SPY230721C00405000,405.0,normalDay
2023-05-05,10510.0,-3299.0,0.0,100,412.63,448.0,0,0.0,0.0,,0.0,1,21.37,18.99,SPY230721C00405000,405.0,normalDay
2023-05-08,10510.0,-3271.0,0.0,100,412.74,448.0,0,0.0,0.0,,0.0,1,21.37,18.82,SPY230721C00405000,405.0,normalDay
2023-05-09,10510.0,-3368.0,0.0,100,410.93,448.0,0,0.0,0.0,,0.0,1,21.37,17.98,SPY230721C00405000,405.0,normalDay
2023-05-10,10510.0,-3260.0,0.0,100,412.85,448.0,0,0.0,0.0,,0.0,1,21.37,18.82,SPY230721C00405000,405.0,normalDay
2023-05-11,10510.0,-3226.0,0.0,100,412.13,448.0,0,0.0,0.0,,0.0,1,21.37,17.76,SPY230721C00405000,405.0,normalDay
2023-05-12,10510.0,-3204.0,0.0,100,411.59,448.0,0,0.0,0.0,,0.0,1,21.37,17.0,SPY230721C00405000,405.0,normalDay
2023-05-15,10510.0,-3123.0,0.0,100,413.01,448.0,0,0.0,0.0,,0.0,1,21.37,17.61,SPY230721C00405000,405.0,normalDay
2023-05-16,10510.0,-3243.0,0.0,100,410.25,448.0,0,0.0,0.0,,0.0,1,21.37,16.05,SPY230721C00405000,405.0,normalDay
2023-05-17,10510.0,-3028.0,0.0,100,415.23,448.0,0,0.0,0.0,,0.0,1,21.37,18.88,SPY230721C00405000,405.0,normalDay
2023-05-18,10510.0,-2897.0,0.0,100,419.23,448.0,0,0.0,0.0,,0.0,1,21.37,21.57,SPY230721C00405000,405.0,normalDay
2023-05-19,10510.0,-2930.0,0.0,100,418.62,448.0,0,0.0,0.0,,0.0,1,21.37,21.29,SPY230721C00405000,405.0,normalDay
2023-05-22,10510.0,-2916.0,0.0,100,418.79,448.0,0,0.0,0.0,,0.0,1,21.37,21.32,SPY230721C00405000,405.0,normalDay
2023-05-23,10510.0,-3054.0,0.0,100,414.09,448.0,0,0.0,0.0,,0.0,1,21.37,18.0,SPY230721C00405000,405.0,normalDay
2023-05-24,10510.0,-3177.0,0.0,100,411.09,448.0,0,0.0,0.0,,0.0,1,21.37,16.23,SPY230721C00405000,405.0,normalDay
2023-05-25,10510.0,-3014.0,0.0,100,414.65,448.0,0,0.0,0.0,,0.0,1,21.37,18.16,SPY230721C00405000,405.0,normalDay
2023-05-26,10510.0,-2866.0,0.0,100,420.02,448.0,0,0.0,0.0,,0.0,1,21.37,22.05,SPY230721C00405000,405.0,normalDay
2023-05-30,10510.0,-2806.0,0.0,100,420.18,448.0,0,0.0,0.0,,0.0,1,21.37,21.61,SPY230721C00405000,405.0,normalDay
2023-05-31,10510.0,-2811.0,0.0,100,417.85,448.0,0,0.0,0.0,,0.0,1,21.37,19.33,SPY230721C00405000,405.0,normalDay
2023-06-01,10510.0,-2691.0,0.0,100,421.82,448.0,0,0.0,0.0,,0.0,1,21.37,22.1,SPY230721C00405000,405.0,normalDay
2023-06-02,10510.0,-2565.0,0.0,100,427.92,448.0,0,0.0,0.0,,0.0,1,21.37,26.94,SPY230721C00405000,405.0,normalDay
2023-06-05,10510.0,-2547.0,0.0,100,427.1,448.0,0,0.0,0.0,,0.0,1,21.37,25.94,SPY230721C00405000,405.0,normalDay
2023-06-06,10510.0,-2528.0,0.0,100,428.03,448.0,0,0.0,0.0,,0.0,1,21.37,26.68,SPY230721C00405000,405.0,normalDay
2023-06-07,10510.0,-2510.0,0.0,100,426.55,448.0,0,0.0,0.0,,0.0,1,21.37,25.02,SPY230721C00405000,405.0,normalDay
2023-06-08,10510.0,-2424.0,0.0,100,429.13,448.0,0,0.0,0.0,,0.0,1,21.37,26.74,SPY230721C00405000,405.0,normalDay
2023-06-09,10510.0,-2470.0,0.0,100,429.9,448.0,0,0.0,0.0,,0.0,1,21.37,27.97,SPY230721C00405000,405.0,normalDay
2023-06-12,10510.0,-2385.0,0.0,100,433.8,448.0,0,0.0,0.0,,0.0,1,21.37,31.02,SPY230721C00405000,405.0,normalDay
2023-06-13,10510.0,-2371.0,0.0,100,436.66,448.0,0,0.0,0.0,,0.0,1,21.37,33.74,SPY230721C00405000,405.0,normalDay
2023-06-14,10510.0,-2377.0,0.0,100,437.18,448.0,0,0.0,0.0,,0.0,1,21.37,34.32,SPY230721C00405000,405.0,normalDay
2023-06-15,10510.0,-2263.0,0.0,100,442.6,448.0,0,0.0,0.0,,0.0,1,21.37,38.6,SPY230721C00405000,405.0,normalDay
2023-06-16,10510.0,-2499.0,0.0,100,439.46,448.0,0,0.0,0.0,,0.0,1,21.37,37.82,SPY230721C00405000,405.0,normalDay
2023-06-20,10510.0,-2416.0,0.0,100,437.18,448.0,0,0.0,0.0,,0.0,1,21.37,34.71,SPY230721C00405000,405.0,normalDay
2023-06-21,10510.0,-2463.0,0.0,100,434.94,448.0,0,0.0,0.0,,0.0,1,21.37,32.94,SPY230721C00405000,405.0,normalDay
2023-06-22,10510.0,-2393.0,0.0,100,436.51,448.0,0,0.0,0.0,,0.0,1,21.37,33.81,SPY230721C00405000,405.0,normalDay
2023-06-23,10510.0,-2430.0,0.0,100,433.21,448.0,0,0.0,0.0,,0.0,1,21.37,30.88,SPY230721C00405000,405.0,normalDay
2023-06-26,10510.0,-2444.0,0.0,100,431.44,448.0,0,0.0,0.0,,0.0,1,21.37,29.25,SPY230721C00405000,405.0,normalDay
2023-06-27,10510.0,-2360.0,0.0,100,436.17,448.0,0,0.0,0.0,,0.0,1,21.37,33.14,SPY230721C00405000,405.0,normalDay
2023-06-28,10510.0,-2406.0,0.0,100,436.39,448.0,0,0.0,0.0,,0.0,1,21.37,33.82,SPY230721C00405000,405.0,normalDay
2023-06-29,10510.0,-2346.0,0.0,100,438.11,448.0,0,0.0,0.0,,0.0,1,21.37,34.94,SPY230721C00405000,405.0,normalDay
2023-06-30,10510.0,-2344.0,0.0,100,443.28,448.0,0,0.0,0.0,,0.0,1,21.37,40.09,SPY230721C00405000,405.0,normalDay
2023-07-03,10510.0,-2334.0,0.0,100,443.79,448.0,0,0.0,0.0,,0.0,1,21.37,40.5,SPY230721C00405000,405.0,normalDay
2023-07-05,10510.0,-2291.0,0.0,100,443.13,448.0,0,0.0,0.0,,0.0,1,21.37,39.41,SPY230721C00405000,405.0,normalDay
2023-07-06,10510.0,-2295.0,0.0,100,439.66,448.0,0,0.0,0.0,,0.0,1,21.37,35.98,SPY230721C00405000,405.0,normalDay
2023-07-07,10510.0,-2310.0,0.0,100,438.55,448.0,0,0.0,0.0,,0.0,1,21.37,35.02,SPY230721C00405000,405.0,normalDay
2023-07-10,10510.0,-2284.0,0.0,100,439.66,448.0,0,0.0,0.0,,0.0,1,21.37,35.87,SPY230721C00405000,405.0,normalDay
2023-07-11,10510.0,-2239.0,0.0,100,442.46,448.0,0,0.0,0.0,,0.0,1,21.37,38.22,SPY230721C00405000,405.0,normalDay
2023-07-12,10510.0,-2273.0,0.0,100,446.02,448.0,0,0.0,0.0,,0.0,1,21.37,42.12,SPY230721C00405000,405.0,normalDay
2023-07-13,10510.0,-2211.0,0.0,100,449.56,448.0,0,0.0,0.0,,0.0,1,21.37,45.04,SPY230721C00405000,405.0,normalDay
2023-07-14,10510.0,-2184.0,0.0,100,449.28,448.0,0,0.0,0.0,,0.0,1,21.37,44.49,SPY230721C00405000,405.0,normalDay
2023-07-17,10510.0,-2167.0,0.0,100,450.84,448.0,0,0.0,0.0,,0.0,1,21.37,45.88,SPY230721C00405000,405.0,normalDay
2023-07-18,10510.0,-2185.0,0.0,100,454.19,448.0,0,0.0,0.0,,0.0,1,21.37,49.41,SPY230721C00405000,405.0,normalDay
2023-07-19,10510.0,-2181.0,0.0,100,455.2,448.0,0,0.0,0.0,,0.0,1,21.37,50.38,SPY230721C00405000,405.0,normalDay
2023-07-20,10510.0,-2209.0,0.0,100,452.18,448.0,0,0.0,0.0,,0.0,1,21.37,47.64,SPY230721C00405000,405.0,normalDay
2023-07-21,8347.0,-2209.0,-2163.0,0,452.18,0.0,0,0.0,0.0,,0.0,1,21.37,0.0,SPY230721C00405000,405.0,expirationDay
2023-07-24,8347.0,-12.0,0.0,0,454.2,0.0,1,7.38,7.5,SPY240119P00425000,425.0,0,0.0,0.0,,0.0,normalDay
2023-07-25,8347.0,4.0,0.0,0,455.44,0.0,1,7.38,7.34,SPY240119P00425000,425.0,0,0.0,0.0,,0.0,normalDay
2023-07-26,8347.0,23.0,0.0,0,455.51,0.0,1,7.38,7.15,SPY240119P00425000,425.0,0,0.0,0.0,,0.0,normalDay
2023-07-27,8347.0,-60.0,0.0,0,452.49,0.0,1,7.38,7.98,SPY240119P00425000,425.0,0,0.0,0.0,,0.0,normalDay
2023-07-28,8347.0,29.0,0.0,0,456.92,0.0,1,7.38,7.09,SPY240119P00425000,425.0,0,0.0,0.0,,0.0,normalDay
2023-07-31,8347.0,38.0,0.0,0,457.79,0.0,1,7.38,7.0,SPY240119P00425000,425.0,0,0.0,0.0,,0.0,normalDay
2023-08-01,8347.0,6.0,0.0,0,456.48,0.0,1,7.38,7.32,SPY240119P00425000,425.0,0,0.0,0.0,,0.0,normalDay
2023-08-02,8347.0,-171.0,0.0,0,450.13,0.0,1,7.38,9.09,SPY240119P00425000,425.0,0,0.0,0.0,,0.0,normalDay
2023-08-03,8347.0,-166.0,0.0,0,448.84,0.0,1,7.38,9.04,SPY240119P00425000,425.0,0,0.0,0.0,,0.0,normalDay
2023-08-04,8347.0,-261.0,0.0,0,446.81,0.0,1,7.38,9.99,SPY240119P00425000,425.0,0,0.0,0.0,,0.0,normalDay
2023-08-07,8347.0,-121.0,0.0,0,450.71,0.0,1,7.38,8.59,SPY240119P00425000,425.0,0,0.0,0.0,,0.0,normalDay
2023-08-08,8347.0,-181.0,0.0,0,448.75,0.0,1,7.38,9.19,SPY240119P00425000,425.0,0,0.0,0.0,,0.0,normalDay
2023-08-09,8347.0,-219.0,0.0,0,445.75,0.0,1,7.38,9.57,SPY240119P00425000,425.0,0,0.0,0.0,,0.0,normalDay
2023-08-10,8347.0,-228.0,0.0,0,445.91,0.0,1,7.38,9.66,SPY240119P00425000,425.0,0,0.0,0.0,,0.0,normalDay
2023-08-11,8347.0,-200.0,0.0,0,445.65,0.0,1,7.38,9.38,SPY240119P00425000,425.0,0,0.0,0.0,,0.0,normalDay
2023-08-14,8347.0,-123.0,0.0,0,448.11,0.0,1,7.38,8.61,SPY240119P00425000,425.0,0,0.0,0.0,,0.0,normalDay
2023-08-15,8347.0,-286.0,0.0,0,442.89,0.0,1,7.38,10.24,SPY240119P00425000,425.0,0,0.0,0.0,,0.0,normalDay
2023-08-16,8347.0,-378.0,0.0,0,439.64,0.0,1,7.38,11.16,SPY240119P00425000,425.0,0,0.0,0.0,,0.0,normalDay
2023-08-17,8347.0,-511.0,0.0,0,436.29,0.0,1,7.38,12.49,SPY240119P00425000,425.0,0,0.0,0.0,,0.0,normalDay
2023-08-18,8347.0,-469.0,0.0,0,436.5,0.0,1,7.38,12.07,SPY240119P00425000,425.0,0,0.0,0.0,,0.0,normalDay
2023-08-21,8347.0,-374.0,0.0,0,439.34,0.0,1,7.38,11.12,SPY240119P00425000,425.0,0,0.0,0.0,,0.0,normalDay
2023-08-22,8347.0,-385.0,0.0,0,438.15,0.0,1,7.38,11.23,SPY240119P00425000,425.0,0,0.0,0.0,,0.0,normalDay
2023-08-23,8347.0,-233.0,0.0,0,443.03,0.0,1,7.38,9.71,SPY240119P00425000,425.0,0,0.0,0.0,,0.0,normalDay
2023-08-24,8347.0,-420.0,0.0,0,436.89,0.0,1,7.38,11.58,SPY240119P00425000,425.0,0,0.0,0.0,,0.0,normalDay
2023-08-25,8347.0,-277.0,0.0,0,439.97,0.0,1,7.38,10.15,SPY240119P00425000,425.0,0,0.0,0.0,,0.0,normalDay
2023-08-28,8347.0,-167.0,0.0,0,442.76,0.0,1,7.38,9.05,SPY240119P00425000,425.0,0,0.0,0.0,,0.0,normalDay
2023-08-29,8347.0,-4.0,0.0,0,449.16,0.0,1,7.38,7.42,SPY240119P00425000,425.0,0,0.0,0.0,,0.0,normalDay
2023-08-30,8347.0,55.0,0.0,0,451.01,0.0,1,7.38,6.83,SPY240119P00425000,425.0,0,0.0,0.0,,0.0,normalDay
2023-08-31,8347.0,70.0,0.0,0,450.35,0.0,1,7.38,6.68,SPY240119P00425000,425.0,0,0.0,0.0,,0.0,normalDay
2023-09-01,8347.0,88.0,0.0,0,451.19,0.0,1,7.38,6.5,SPY240119P00425000,425.0,0,0.0,0.0,,0.0,normalDay
2023-09-05,8347.0,58.0,0.0,0,449.24,0.0,1,7.38,6.8,SPY240119P00425000,425.0,0,0.0,0.0,,0.0,normalDay
2023-09-06,8347.0,-23.0,0.0,0,446.22,0.0,1,7.38,7.61,SPY240119P00425000,425.0,0,0.0,0.0,,0.0,normalDay
2023-09-07,8347.0,-42.0,0.0,0,444.85,0.0,1,7.38,7.8,SPY240119P00425000,425.0,0,0.0,0.0,,0.0,normalDay
2023-09-08,8347.0,12.0,0.0,0,445.52,0.0,1,7.38,7.26,SPY240119P00425000,425.0,0,0.0,0.0,,0.0,normalDay
2023-09-11,8347.0,92.0,0.0,0,448.45,0.0,1,7.38,6.46,SPY240119P00425000,425.0,0,0.0,0.0,,0.0,normalDay
2023-09-12,8347.0,44.0,0.0,0,445.99,0.0,1,7.38,6.94,SPY240119P00425000,425.0,0,0.0,0.0,,0.0,normalDay
2023-09-13,8347.0,79.0,0.0,0,446.51,0.0,1,7.38,6.59,SPY240119P00425000,425.0,0,0.0,0.0,,0.0,normalDay
2023-09-14,8347.0,177.0,0.0,0,450.36,0.0,1,7.38,5.61,SPY240119P00425000,425.0,0,0.0,0.0,,0.0,normalDay
2023-09-15,8347.0,46.0,0.0,0,443.37,0.0,1,7.38,6.92,SPY240119P00425000,425.0,0,0.0,0.0,,0.0,normalDay
2023-09-18,8347.0,64.0,0.0,0,443.63,0.0,1,7.38,6.74,SPY240119P00425000,425.0,0,0.0,0.0,,0.0,normalDay
2023-09-19,8347.0,56.0,0.0,0,442.71,0.0,1,7.38,6.82,SPY240119P00425000,425.0,0,0.0,0.0,,0.0,normalDay
2023-09-20,8347.0,-71.0,0.0,0,438.64,0.0,1,7.38,8.09,SPY240119P00425000,425.0,0,0.0,0.0,,0.0,normalDay
2023-09-21,8347.0,-331.0,0.0,0,431.39,0.0,1,7.38,10.69,SPY240119P00425000,425.0,0,0.0,0.0,,0.0,normalDay
2023-09-22,8347.0,-361.0,0.0,0,430.42,0.0,1,7.38,10.99,SPY240119P00425000,425.0,0,0.0,0.0,,0.0,normalDay
2023-09-25,8347.0,-297.0,0.0,0,432.23,0.0,1,7.38,10.35,SPY240119P00425000,425.0,0,0.0,0.0,,0.0,normalDay
2023-09-26,8347.0,-584.0,0.0,0,425.88,0.0,1,7.38,13.22,SPY240119P00425000,425.0,0,0.0,0.0,,0.0,normalDay
2023-09-27,8347.0,-535.0,0.0,0,426.05,0.0,1,7.38,12.73,SPY240119P00425000,425.0,0,0.0,0.0,,0.0,normalDay
2023-09-28,8347.0,-425.0,0.0,0,428.52,0.0,1,7.38,11.63,SPY240119P00425000,425.0,0,0.0,0.0,,0.0,normalDay
2023-09-29,8347.0,-448.0,0.0,0,427.48,0.0,1,7.38,11.86,SPY240119P00425000,425.0,0,0.0,0.0,,0.0,normalDay
2023-10-02,8347.0,-441.0,0.0,0,427.31,0.0,1,7.38,11.79,SPY240119P00425000,425.0,0,0.0,0.0,,0.0,normalDay
2023-10-03,8347.0,-747.0,0.0,0,421.59,0.0,1,7.38,14.85,SPY240119P00425000,425.0,0,0.0,0.0,,0.0,normalDay
2023-10-04,8347.0,-599.0,0.0,0,424.66,0.0,1,7.38,13.37,SPY240119P00425000,425.0,0,0.0,0.0,,0.0,normalDay
2023-10-05,8347.0,-608.0,0.0,0,424.5,0.0,1,7.38,13.46,SPY240119P00425000,425.0,0,0.0,0.0,,0.0,normalDay
2023-10-06,8347.0,-357.0,0.0,0,429.54,0.0,1,7.38,10.95,SPY240119P00425000,425.0,0,0.0,0.0,,0.0,normalDay
2023-10-09,8347.0,-265.0,0.0,0,432.29,0.0,1,7.38,10.03,SPY240119P00425000,425.0,0,0.0,0.0,,0.0,normalDay
2023-10-10,8347.0,-167.0,0.0,0,434.54,0.0,1,7.38,9.05,SPY240119P00425000,425.0,0,0.0,0.0,,0.0,normalDay
2023-10-11,8347.0,-67.0,0.0,0,436.32,0.0,1,7.38,8.05,SPY240119P00425000,425.0,0,0.0,0.0,,0.0,normalDay
2023-10-12,8347.0,-160.0,0.0,0,433.66,0.0,1,7.38,8.98,SPY240119P00425000,425.0,0,0.0,0.0,,0.0,normalDay
2023-10-13,8347.0,-352.0,0.0,0,431.5,0.0,1,7.38,10.9,SPY240119P00425000,425.0,0,0.0,0.0,,0.0,normalDay
2023-10-16,8347.0,-105.0,0.0,0,436.04,0.0,1,7.38,8.43,SPY240119P00425000,425.0,0,0.0,0.0,,0.0,normalDay
2023-10-17,8347.0,-132.0,0.0,0,436.02,0.0,1,7.38,8.7,SPY240119P00425000,425.0,0,0.0,0.0,,0.0,normalDay
2023-10-18,8347.0,-343.0,0.0,0,430.21,0.0,1,7.38,10.81,SPY240119P00425000,425.0,0,0.0,0.0,,0.0,normalDay
2023-10-19,8347.0,-597.0,0.0,0,426.43,0.0,1,7.38,13.35,SPY240119P00425000,425.0,0,0.0,0.0,,0.0,normalDay
2023-10-20,8347.0,-771.0,0.0,0,421.19,0.0,1,7.38,15.09,SPY240119P00425000,425.0,0,0.0,0.0,,0.0,normalDay
2023-10-23,8347.0,-706.0,0.0,0,420.46,0.0,1,7.38,14.44,SPY240119P00425000,425.0,0,0.0,0.0,,0.0,normalDay
2023-10-24,8347.0,-530.0,0.0,0,423.63,0.0,1,7.38,12.68,SPY240119P00425000,425.0,0,0.0,0.0,,0.0,normalDay
2023-10-25,8347.0,-861.0,0.0,0,417.55,0.0,1,7.38,15.99,SPY240119P00425000,425.0,0,0.0,0.0,,0.0,normalDay
2023-10-26,8347.0,-1136.0,0.0,0,412.55,0.0,1,7.38,18.74,SPY240119P00425000,425.0,0,0.0,0.0,,0.0,normalDay
2023-10-27,8347.0,-1290.0,0.0,0,410.68,0.0,1,7.38,20.28,SPY240119P00425000,425.0,0,0.0,0.0,,0.0,normalDay
2023-10-30,8347.0,-936.0,0.0,0,415.59,0.0,1,7.38,16.74,SPY240119P00425000,425.0,0,0.0,0.0,,0.0,normalDay
2023-10-31,8347.0,-735.0,0.0,0,418.2,0.0,1,7.38,14.73,SPY240119P00425000,425.0,0,0.0,0.0,,0.0,normalDay
2023-11-01,8347.0,-450.0,0.0,0,422.66,0.0,1,7.38,11.88,SPY240119P00425000,425.0,0,0.0,0.0,,0.0,normalDay
2023-11-02,8347.0,-102.0,0.0,0,430.76,0.0,1,7.38,8.4,SPY240119P00425000,425.0,0,0.0,0.0,,0.0,normalDay
2023-11-03,8347.0,60.0,0.0,0,434.69,0.0,1,7.38,6.78,SPY240119P00425000,425.0,0,0.0,0.0,,0.0,normalDay
2023-11-06,8347.0,106.0,0.0,0,435.69,0.0,1,7.38,6.32,SPY240119P00425000,425.0,0,0.0,0.0,,0.0,normalDay
2023-11-07,8347.0,151.0,0.0,0,436.93,0.0,1,7.38,5.87,SPY240119P00425000,425.0,0,0.0,0.0,,0.0,normalDay
2023-11-08,8347.0,183.0,0.0,0,437.25,0.0,1,7.38,5.55,SPY240119P00425000,425.0,0,0.0,0.0,,0.0,normalDay
2023-11-09,8347.0,76.0,0.0,0,433.84,0.0,1,7.38,6.62,SPY240119P00425000,425.0,0,0.0,0.0,,0.0,normalDay
2023-11-10,8347.0,284.0,0.0,0,440.61,0.0,1,7.38,4.54,SPY240119P00425000,425.0,0,0.0,0.0,,0.0,normalDay
2023-11-13,8347.0,280.0,0.0,0,440.19,0.0,1,7.38,4.58,SPY240119P00425000,425.0,0,0.0,0.0,,0.0,normalDay
2023-11-14,8347.0,441.0,0.0,0,448.73,0.0,1,7.38,2.97,SPY240119P00425000,425.0,0,0.0,0.0,,0.0,normalDay
2023-11-15,8347.0,451.0,0.0,0,449.68,0.0,1,7.38,2.87,SPY240119P00425000,425.0,0,0.0,0.0,,0.0,normalDay
2023-11-16,8347.0,472.0,0.0,0,450.23,0.0,1,7.38,2.66,SPY240119P00425000,425.0,0,0.0,0.0,,0.0,normalDay
2023-11-17,8347.0,490.0,0.0,0,450.79,0.0,1,7.38,2.48,SPY240119P00425000,425.0,0,0.0,0.0,,0.0,normalDay
2023-11-20,8347.0,539.0,0.0,0,454.26,0.0,1,7.38,1.99,SPY240119P00425000,425.0,0,0.0,0.0,,0.0,normalDay
2023-11-21,8347.0,538.0,0.0,0,453.27,0.0,1,7.38,2.0,SPY240119P00425000,425.0,0,0.0,0.0,,0.0,normalDay
2023-11-22,8347.0,559.0,0.0,0,455.02,0.0,1,7.38,1.79,SPY240119P00425000,425.0,0,0.0,0.0,,0.0,normalDay
2023-11-24,8347.0,579.0,0.0,0,455.3,0.0,1,7.38,1.59,SPY240119P00425000,425.0,0,0.0,0.0,,0.0,normalDay
2023-11-27,8347.0,580.0,0.0,0,454.48,0.0,1,7.38,1.58,SPY240119P00425000,425.0,0,0.0,0.0,,0.0,normalDay
2023-11-28,8347.0,587.0,0.0,0,454.93,0.0,1,7.38,1.51,SPY240119P00425000,425.0,0,0.0,0.0,,0.0,normalDay
2023-11-29,8347.0,583.0,0.0,0,454.61,0.0,1,7.38,1.55,SPY240119P00425000,425.0,0,0.0,0.0,,0.0,normalDay
2023-11-30,8347.0,594.0,0.0,0,456.4,0.0,1,7.38,1.44,SPY240119P00425000,425.0,0,0.0,0.0,,0.0,normalDay
