date,totalCapital,unrializedPnL,rializedPnL,stocksOwned,stocksPriceToday,stocksPriceBoughtAt,putOwned,putOwnedSoldAt,putPriceToday,putOwnedContract,putOwnedStrike,callOwned,callOwnedSoldAt,callPriceToday,callOwnedContract,callOwnedStrike,trackType
2018-11-01,0.0,0.0,0.0,0,273.51,0.0,0,0.0,0.0,,0.0,0,0.0,0.0,,0.0,bidTooLow
2018-11-02,0.0,0.0,0.0,0,271.89,0.0,0,0.0,0.0,,0.0,0,0.0,0.0,,0.0,bidTooLow
2018-11-05,0.0,-3.0,0.0,0,273.39,0.0,1,0.12,0.15,SPY181107P00262000,262.0,0,0.0,0.0,,0.0,normalDay
2018-11-06,0.0,5.0,0.0,0,275.12,0.0,1,0.12,0.07,SPY181107P00262000,262.0,0,0.0,0.0,,0.0,normalDay
2018-11-07,12.0,0.0,12.0,0,281.01,0.0,1,0.12,0.0,SPY181107P00262000,262.0,0,0.0,0.0,,0.0,expirationDay
2018-11-08,12.0,0.0,0.0,0,280.5,0.0,0,0.0,0.0,,0.0,0,0.0,0.0,,0.0,bidTooLow
2018-11-09,12.0,0.0,0.0,0,277.76,0.0,0,0.0,0.0,,0.0,0,0.0,0.0,,0.0,bidTooLow
2018-11-12,12.0,-3.0,0.0,0,272.57,0.0,1,0.16,0.19,SPY181114P00263000,263.0,0,0.0,0.0,,0.0,normalDay
2018-11-13,12.0,12.0,0.0,0,272.06,0.0,1,0.16,0.04,SPY181114P00263000,263.0,0,0.0,0.0,,0.0,normalDay
2018-11-14,28.0,0.0,16.0,0,270.2,0.0,1,0.16,0.0,SPY181114P00263000,263.0,0,0.0,0.0,,0.0,expirationDay
2018-11-15,28.0,-3.0,0.0,0,273.02,0.0,1,0.02,0.05,SPY181116P00263000,263.0,0,0.0,0.0,,0.0,normalDay
2018-11-16,30.0,0.0,2.0,0,273.73,0.0,1,0.02,0.0,SPY181116P00263000,263.0,0,0.0,0.0,,0.0,expirationDay
2018-11-19,30.0,-4.0,0.0,0,269.1,0.0,1,0.27,0.31,SPY181121P00263000,263.0,0,0.0,0.0,,0.0,normalDay
2018-11-20,30.0,-85.0,0.0,0,264.12,0.0,1,0.27,1.12,SPY181121P00263000,263.0,0,0.0,0.0,,0.0,normalDay
2018-11-21,57.0,0.0,27.0,0,265.02,0.0,1,0.27,0.0,SPY181121P00263000,263.0,0,0.0,0.0,,0.0,expirationDay
2018-11-23,57.0,-5.0,0.0,0,263.25,0.0,1,0.66,0.71,SPY181126P00260500,260.5,0,0.0,0.0,,0.0,normalDay
2018-11-26,123.0,0.0,66.0,0,267.5,0.0,1,0.66,0.0,SPY181126P00260500,260.5,0,0.0,0.0,,0.0,expirationDay
2018-11-27,123.0,-3.0,0.0,0,268.4,0.0,1,0.36,0.39,SPY181130P00262000,262.0,0,0.0,0.0,,0.0,normalDay
2018-11-28,123.0,31.0,0.0,0,274.58,0.0,1,0.36,0.05,SPY181130P00262000,262.0,0,0.0,0.0,,0.0,normalDay
2018-11-29,123.0,34.0,0.0,0,273.98,0.0,1,0.36,0.02,SPY181130P00262000,262.0,0,0.0,0.0,,0.0,normalDay
2018-11-30,159.0,0.0,36.0,0,275.65,0.0,1,0.36,0.0,SPY181130P00262000,262.0,0,0.0,0.0,,0.0,expirationDay
2018-12-03,159.0,0.0,0.0,0,279.3,0.0,0,0.0,0.0,,0.0,0,0.0,0.0,,0.0,bidTooLow
2018-12-04,159.0,-6.0,0.0,0,270.25,0.0,1,0.45,0.51,SPY181207P00262000,262.0,0,0.0,0.0,,0.0,normalDay
2018-12-06,159.0,35.0,0.0,0,269.84,0.0,1,0.45,0.1,SPY181207P00262000,262.0,0,0.0,0.0,,0.0,normalDay
2018-12-07,204.0,0.0,45.0,0,263.57,0.0,1,0.45,0.0,SPY181207P00262000,262.0,0,0.0,0.0,,0.0,expirationDay
2018-12-10,204.0,-5.0,0.0,0,264.07,0.0,1,0.92,0.97,SPY181212P00261000,261.0,0,0.0,0.0,,0.0,normalDay
2018-12-11,204.0,35.0,0.0,0,264.13,0.0,1,0.92,0.57,SPY181212P00261000,261.0,0,0.0,0.0,,0.0,normalDay
2018-12-12,296.0,0.0,92.0,0,265.46,0.0,1,0.92,0.0,SPY181212P00261000,261.0,0,0.0,0.0,,0.0,expirationDay
2018-12-13,296.0,-3.0,0.0,0,265.37,0.0,1,0.1,0.13,SPY181214P00259500,259.5,0,0.0,0.0,,0.0,normalDay
2018-12-14,306.0,0.0,10.0,0,260.47,0.0,1,0.1,0.0,SPY181214P00259500,259.5,0,0.0,0.0,,0.0,expirationDay
2018-12-17,306.0,-10.0,0.0,0,255.36,0.0,1,2.57,2.67,SPY181219P00256000,256.0,0,0.0,0.0,,0.0,normalDay
2018-12-18,306.0,-47.0,0.0,0,255.08,0.0,1,2.57,3.04,SPY181219P00256000,256.0,0,0.0,0.0,,0.0,normalDay
2018-12-19,563.0,-474.0,257.0,100,251.26,256.0,1,2.57,0.0,SPY181219P00256000,256.0,0,0.0,0.0,,0.0,expirationDay
2018-12-20,563.0,-888.0,0.0,100,247.17,256.0,0,0.0,0.0,,0.0,1,0.22,0.27,SPY190201C00277500,277.5,normalDay
2018-12-21,563.0,-1522.0,0.0,100,240.7,256.0,0,0.0,0.0,,0.0,1,0.22,0.14,SPY190201C00277500,277.5,normalDay
2018-12-24,563.0,-2152.0,0.0,100,234.34,256.0,0,0.0,0.0,,0.0,1,0.22,0.08,SPY190201C00277500,277.5,normalDay
2018-12-26,563.0,-984.0,0.0,100,246.18,256.0,0,0.0,0.0,,0.0,1,0.22,0.24,SPY190201C00277500,277.5,normalDay
2018-12-27,563.0,-803.0,0.0,100,248.07,256.0,0,0.0,0.0,,0.0,1,0.22,0.32,SPY190201C00277500,277.5,normalDay
2018-12-28,563.0,-823.0,0.0,100,247.75,256.0,0,0.0,0.0,,0.0,1,0.22,0.2,SPY190201C00277500,277.5,normalDay
2018-12-31,563.0,-601.0,0.0,100,249.92,256.0,0,0.0,0.0,,0.0,1,0.22,0.15,SPY190201C00277500,277.5,normalDay
2019-01-02,563.0,-567.0,0.0,100,250.18,256.0,0,0.0,0.0,,0.0,1,0.22,0.07,SPY190201C00277500,277.5,normalDay
2019-01-03,563.0,-1160.0,0.0,100,244.21,256.0,0,0.0,0.0,,0.0,1,0.22,0.03,SPY190201C00277500,277.5,normalDay
2019-01-04,563.0,-345.0,0.0,100,252.39,256.0,0,0.0,0.0,,0.0,1,0.22,0.06,SPY190201C00277500,277.5,normalDay
2019-01-07,563.0,-146.0,0.0,100,254.38,256.0,0,0.0,0.0,,0.0,1,0.22,0.06,SPY190201C00277500,277.5,normalDay
2019-01-08,563.0,90.0,0.0,100,256.77,256.0,0,0.0,0.0,,0.0,1,0.22,0.09,SPY190201C00277500,277.5,normalDay
2019-01-09,563.0,211.0,0.0,100,257.97,256.0,0,0.0,0.0,,0.0,1,0.22,0.08,SPY190201C00277500,277.5,normalDay
2019-01-10,563.0,300.0,0.0,100,258.88,256.0,0,0.0,0.0,,0.0,1,0.22,0.1,SPY190201C00277500,277.5,normalDay
2019-01-11,563.0,314.0,0.0,100,258.98,256.0,0,0.0,0.0,,0.0,1,0.22,0.06,SPY190201C00277500,277.5,normalDay
2019-01-14,563.0,158.0,0.0,100,257.4,256.0,0,0.0,0.0,,0.0,1,0.22,0.04,SPY190201C00277500,277.5,normalDay
2019-01-15,563.0,451.0,0.0,100,260.35,256.0,0,0.0,0.0,,0.0,1,0.22,0.06,SPY190201C00277500,277.5,normalDay
2019-01-16,563.0,512.0,0.0,100,260.98,256.0,0,0.0,0.0,,0.0,1,0.22,0.08,SPY190201C00277500,277.5,normalDay
2019-01-17,563.0,709.0,0.0,100,262.96,256.0,0,0.0,0.0,,0.0,1,0.22,0.09,SPY190201C00277500,277.5,normalDay
2019-01-18,563.0,1046.0,0.0,100,266.46,256.0,0,0.0,0.0,,0.0,1,0.22,0.22,SPY190201C00277500,277.5,normalDay
2019-01-22,563.0,700.0,0.0,100,262.86,256.0,0,0.0,0.0,,0.0,1,0.22,0.08,SPY190201C00277500,277.5,normalDay
2019-01-23,563.0,759.0,0.0,100,263.41,256.0,0,0.0,0.0,,0.0,1,0.22,0.04,SPY190201C00277500,277.5,normalDay
2019-01-24,563.0,774.0,0.0,100,263.55,256.0,0,0.0,0.0,,0.0,1,0.22,0.03,SPY190201C00277500,277.5,normalDay
2019-01-25,563.0,997.0,0.0,100,265.78,256.0,0,0.0,0.0,,0.0,1,0.22,0.03,SPY190201C00277500,277.5,normalDay
2019-01-28,563.0,797.0,0.0,100,263.76,256.0,0,0.0,0.0,,0.0,1,0.22,0.01,SPY190201C00277500,277.5,normalDay
2019-01-29,563.0,762.0,0.0,100,263.41,256.0,0,0.0,0.0,,0.0,1,0.22,0.01,SPY190201C00277500,277.5,normalDay
2019-01-30,563.0,1179.0,0.0,100,267.58,256.0,0,0.0,0.0,,0.0,1,0.22,0.01,SPY190201C00277500,277.5,normalDay
2019-01-31,563.0,1414.0,0.0,100,269.93,256.0,0,0.0,0.0,,0.0,1,0.22,0.01,SPY190201C00277500,277.5,normalDay
2019-02-01,585.0,1406.0,22.0,100,270.06,256.0,0,0.0,0.0,,0.0,1,0.22,0.0,SPY190201C00277500,277.5,expirationDay
2019-02-04,585.0,1576.0,0.0,100,271.96,256.0,0,0.0,0.0,,0.0,1,6.77,6.97,SPY190329C00270000,270.0,normalDay
2019-02-05,585.0,1635.0,0.0,100,273.1,256.0,0,0.0,0.0,,0.0,1,6.77,7.52,SPY190329C00270000,270.0,normalDay
2019-02-06,585.0,1623.0,0.0,100,272.74,256.0,0,0.0,0.0,,0.0,1,6.77,7.28,SPY190329C00270000,270.0,normalDay
2019-02-07,585.0,1504.0,0.0,100,270.14,256.0,0,0.0,0.0,,0.0,1,6.77,5.87,SPY190329C00270000,270.0,normalDay
2019-02-08,585.0,1551.0,0.0,100,270.47,256.0,0,0.0,0.0,,0.0,1,6.77,5.73,SPY190329C00270000,270.0,normalDay
2019-02-11,585.0,1568.0,0.0,100,270.62,256.0,0,0.0,0.0,,0.0,1,6.77,5.71,SPY190329C00270000,270.0,normalDay
2019-02-12,585.0,1696.0,0.0,100,274.1,256.0,0,0.0,0.0,,0.0,1,6.77,7.91,SPY190329C00270000,270.0,normalDay
2019-02-13,585.0,1741.0,0.0,100,274.99,256.0,0,0.0,0.0,,0.0,1,6.77,8.35,SPY190329C00270000,270.0,normalDay
2019-02-14,585.0,1719.0,0.0,100,274.38,256.0,0,0.0,0.0,,0.0,1,6.77,7.96,SPY190329C00270000,270.0,normalDay
2019-02-15,585.0,1819.0,0.0,100,277.37,256.0,0,0.0,0.0,,0.0,1,6.77,9.95,SPY190329C00270000,270.0,normalDay
2019-02-19,585.0,1876.0,0.0,100,277.85,256.0,0,0.0,0.0,,0.0,1,6.77,9.86,SPY190329C00270000,270.0,normalDay
2019-02-20,585.0,1886.0,0.0,100,278.41,256.0,0,0.0,0.0,,0.0,1,6.77,10.32,SPY190329C00270000,270.0,normalDay
2019-02-21,585.0,1859.0,0.0,100,277.42,256.0,0,0.0,0.0,,0.0,1,6.77,9.6,SPY190329C00270000,270.0,normalDay
2019-02-22,585.0,1921.0,0.0,100,279.14,256.0,0,0.0,0.0,,0.0,1,6.77,10.7,SPY190329C00270000,270.0,normalDay
2019-02-25,585.0,1916.0,0.0,100,279.52,256.0,0,0.0,0.0,,0.0,1,6.77,11.13,SPY190329C00270000,270.0,normalDay
2019-02-26,585.0,1927.0,0.0,100,279.32,256.0,0,0.0,0.0,,0.0,1,6.77,10.82,SPY190329C00270000,270.0,normalDay
2019-02-27,585.0,1917.0,0.0,100,279.2,256.0,0,0.0,0.0,,0.0,1,6.77,10.8,SPY190329C00270000,270.0,normalDay
2019-02-28,585.0,1932.0,0.0,100,278.68,256.0,0,0.0,0.0,,0.0,1,6.77,10.13,SPY190329C00270000,270.0,normalDay
2019-03-01,585.0,1973.0,0.0,100,280.42,256.0,0,0.0,0.0,,0.0,1,6.77,11.46,SPY190329C00270000,270.0,normalDay
2019-03-04,585.0,1975.0,0.0,100,279.4,256.0,0,0.0,0.0,,0.0,1,6.77,10.42,SPY190329C00270000,270.0,normalDay
2019-03-05,585.0,1971.0,0.0,100,279.02,256.0,0,0.0,0.0,,0.0,1,6.77,10.08,SPY190329C00270000,270.0,normalDay
2019-03-06,585.0,1937.0,0.0,100,277.33,256.0,0,0.0,0.0,,0.0,1,6.77,8.73,SPY190329C00270000,270.0,normalDay
2019-03-07,585.0,1868.0,0.0,100,275.01,256.0,0,0.0,0.0,,0.0,1,6.77,7.1,SPY190329C00270000,270.0,normalDay
2019-03-08,585.0,1878.0,0.0,100,274.46,256.0,0,0.0,0.0,,0.0,1,6.77,6.45,SPY190329C00270000,270.0,normalDay
2019-03-11,585.0,2021.0,0.0,100,278.44,256.0,0,0.0,0.0,,0.0,1,6.77,9.0,SPY190329C00270000,270.0,normalDay
2019-03-12,585.0,2061.0,0.0,100,279.49,256.0,0,0.0,0.0,,0.0,1,6.77,9.65,SPY190329C00270000,270.0,normalDay
2019-03-13,585.0,2043.0,0.0,100,281.34,256.0,0,0.0,0.0,,0.0,1,6.77,11.68,SPY190329C00270000,270.0,normalDay
2019-03-14,585.0,2076.0,0.0,100,281.16,256.0,0,0.0,0.0,,0.0,1,6.77,11.17,SPY190329C00270000,270.0,normalDay
2019-03-15,585.0,2016.0,0.0,100,281.31,256.0,0,0.0,0.0,,0.0,1,6.77,11.92,SPY190329C00270000,270.0,normalDay
2019-03-18,585.0,2004.0,0.0,100,282.33,256.0,0,0.0,0.0,,0.0,1,6.77,13.06,SPY190329C00270000,270.0,normalDay
2019-03-19,585.0,2043.0,0.0,100,282.4,256.0,0,0.0,0.0,,0.0,1,6.77,12.74,SPY190329C00270000,270.0,normalDay
2019-03-20,585.0,2047.0,0.0,100,281.55,256.0,0,0.0,0.0,,0.0,1,6.77,11.85,SPY190329C00270000,270.0,normalDay
2019-03-21,585.0,2057.0,0.0,100,284.73,256.0,0,0.0,0.0,,0.0,1,6.77,14.93,SPY190329C00270000,270.0,normalDay
2019-03-22,585.0,1944.0,0.0,100,279.25,256.0,0,0.0,0.0,,0.0,1,6.77,10.58,SPY190329C00270000,270.0,normalDay
2019-03-25,585.0,2027.0,0.0,100,279.04,256.0,0,0.0,0.0,,0.0,1,6.77,9.54,SPY190329C00270000,270.0,normalDay
2019-03-26,585.0,2075.0,0.0,100,281.12,256.0,0,0.0,0.0,,0.0,1,6.77,11.14,SPY190329C00270000,270.0,normalDay
2019-03-27,585.0,2039.0,0.0,100,279.65,256.0,0,0.0,0.0,,0.0,1,6.77,10.03,SPY190329C00270000,270.0,normalDay
2019-03-28,585.0,2049.0,0.0,100,280.71,256.0,0,0.0,0.0,,0.0,1,6.77,10.99,SPY190329C00270000,270.0,normalDay
2019-03-29,2662.0,2049.0,2077.0,0,282.48,0.0,0,0.0,0.0,,0.0,1,6.77,0.0,SPY190329C00270000,270.0,expirationDay
2019-04-01,2662.0,0.0,0.0,0,285.83,0.0,0,0.0,0.0,,0.0,0,0.0,0.0,,0.0,bidTooLow
2019-04-02,2662.0,0.0,0.0,0,285.97,0.0,0,0.0,0.0,,0.0,0,0.0,0.0,,0.0,bidTooLow
2019-04-03,2662.0,0.0,0.0,0,286.42,0.0,0,0.0,0.0,,0.0,0,0.0,0.0,,0.0,bidTooLow
2019-04-04,2662.0,0.0,0.0,0,287.18,0.0,0,0.0,0.0,,0.0,0,0.0,0.0,,0.0,bidTooLow
2019-04-05,2662.0,0.0,0.0,0,288.57,0.0,0,0.0,0.0,,0.0,0,0.0,0.0,,0.0,bidTooLow
2019-04-08,2662.0,0.0,0.0,0,288.79,0.0,0,0.0,0.0,,0.0,0,0.0,0.0,,0.0,bidTooLow
2019-04-09,2662.0,-3.0,0.0,0,287.31,0.0,1,0.01,0.04,SPY190412P00277000,277.0,0,0.0,0.0,,0.0,normalDay
2019-04-10,2662.0,-1.0,0.0,0,288.29,0.0,1,0.01,0.02,SPY190412P00277000,277.0,0,0.0,0.0,,0.0,normalDay
2019-04-11,2662.0,0.0,0.0,0,288.21,0.0,1,0.01,0.01,SPY190412P00277000,277.0,0,0.0,0.0,,0.0,normalDay
2019-04-12,2663.0,0.0,1.0,0,290.16,0.0,1,0.01,0.0,SPY190412P00277000,277.0,0,0.0,0.0,,0.0,expirationDay
2019-04-15,2663.0,0.0,0.0,0,289.97,0.0,0,0.0,0.0,,0.0,0,0.0,0.0,,0.0,bidTooLow
2019-04-16,2663.0,0.0,0.0,0,290.16,0.0,0,0.0,0.0,,0.0,0,0.0,0.0,,0.0,bidTooLow
2019-04-17,2663.0,0.0,0.0,0,289.45,0.0,0,0.0,0.0,,0.0,0,0.0,0.0,,0.0,bidTooLow
2019-04-18,2663.0,0.0,0.0,0,290.02,0.0,0,0.0,0.0,,0.0,0,0.0,0.0,,0.0,bidTooLow
2019-04-22,2663.0,0.0,0.0,0,290.27,0.0,0,0.0,0.0,,0.0,0,0.0,0.0,,0.0,bidTooLow
2019-04-23,2663.0,0.0,0.0,0,292.88,0.0,0,0.0,0.0,,0.0,0,0.0,0.0,,0.0,bidTooLow
2019-04-24,2663.0,0.0,0.0,0,292.23,0.0,0,0.0,0.0,,0.0,0,0.0,0.0,,0.0,bidTooLow
2019-04-25,2663.0,0.0,0.0,0,292.05,0.0,0,0.0,0.0,,0.0,0,0.0,0.0,,0.0,bidTooLow
2019-04-26,2663.0,0.0,0.0,0,293.41,0.0,0,0.0,0.0,,0.0,0,0.0,0.0,,0.0,bidTooLow
2019-04-29,2663.0,-3.0,0.0,0,293.87,0.0,1,0.01,0.04,SPY190501P00284500,284.5,0,0.0,0.0,,0.0,normalDay
2019-04-30,2663.0,-1.0,0.0,0,294.02,0.0,1,0.01,0.02,SPY190501P00284500,284.5,0,0.0,0.0,,0.0,normalDay
2019-05-01,2664.0,0.0,1.0,0,291.81,0.0,1,0.01,0.0,SPY190501P00284500,284.5,0,0.0,0.0,,0.0,expirationDay
2019-05-02,2664.0,-3.0,0.0,0,291.18,0.0,1,0.05,0.08,SPY190503P00286500,286.5,0,0.0,0.0,,0.0,normalDay
2019-05-03,2669.0,0.0,5.0,0,294.03,0.0,1,0.05,0.0,SPY190503P00286500,286.5,0,0.0,0.0,,0.0,expirationDay
2019-05-06,2669.0,-3.0,0.0,0,292.82,0.0,1,0.14,0.17,SPY190508P00287000,287.0,0,0.0,0.0,,0.0,normalDay
2019-05-07,2669.0,-80.0,0.0,0,287.93,0.0,1,0.14,0.94,SPY190508P00287000,287.0,0,0.0,0.0,,0.0,normalDay
2019-05-08,2683.0,0.0,14.0,0,287.53,0.0,1,0.14,0.0,SPY190508P00287000,287.0,0,0.0,0.0,,0.0,expirationDay
2019-05-09,2683.0,-6.0,0.0,0,286.66,0.0,1,1.77,1.83,SPY190510P00286500,286.5,0,0.0,0.0,,0.0,normalDay
2019-05-10,2860.0,0.0,177.0,0,288.1,0.0,1,1.77,0.0,SPY190510P00286500,286.5,0,0.0,0.0,,0.0,expirationDay
2019-05-13,2860.0,-8.0,0.0,0,280.86,0.0,1,3.9,3.98,SPY190515P00284000,284.0,0,0.0,0.0,,0.0,normalDay
2019-05-14,2860.0,246.0,0.0,0,283.4,0.0,1,3.9,1.44,SPY190515P00284000,284.0,0,0.0,0.0,,0.0,normalDay
2019-05-15,3250.0,0.0,390.0,0,285.06,0.0,1,3.9,0.0,SPY190515P00284000,284.0,0,0.0,0.0,,0.0,expirationDay
2019-05-16,3250.0,-3.0,0.0,0,287.7,0.0,1,0.05,0.08,SPY190517P00282000,282.0,0,0.0,0.0,,0.0,normalDay
2019-05-17,3255.0,0.0,5.0,0,285.84,0.0,1,0.05,0.0,SPY190517P00282000,282.0,0,0.0,0.0,,0.0,expirationDay
2019-05-20,3255.0,-4.0,0.0,0,283.95,0.0,1,0.49,0.53,SPY190522P00281000,281.0,0,0.0,0.0,,0.0,normalDay
2019-05-21,3255.0,44.0,0.0,0,286.51,0.0,1,0.49,0.05,SPY190522P00281000,281.0,0,0.0,0.0,,0.0,normalDay
2019-05-22,3304.0,0.0,49.0,0,285.63,0.0,1,0.49,0.0,SPY190522P00281000,281.0,0,0.0,0.0,,0.0,expirationDay
2019-05-23,3304.0,-3.0,0.0,0,282.14,0.0,1,0.5,0.53,SPY190524P00280000,280.0,0,0.0,0.0,,0.0,normalDay
2019-05-24,3354.0,0.0,50.0,0,282.78,0.0,1,0.5,0.0,SPY190524P00280000,280.0,0,0.0,0.0,,0.0,expirationDay
2019-05-28,3354.0,-4.0,0.0,0,280.15,0.0,1,1.4,1.44,SPY190531P00279000,279.0,0,0.0,0.0,,0.0,normalDay
2019-05-29,3354.0,-58.0,0.0,0,278.27,0.0,1,1.4,1.98,SPY190531P00279000,279.0,0,0.0,0.0,,0.0,normalDay
2019-05-30,3354.0,39.0,0.0,0,279.03,0.0,1,1.4,1.01,SPY190531P00279000,279.0,0,0.0,0.0,,0.0,normalDay
2019-05-31,3494.0,-373.0,140.0,100,275.27,279.0,1,1.4,0.0,SPY190531P00279000,279.0,0,0.0,0.0,,0.0,expirationDay
2019-06-03,3494.0,-447.0,0.0,100,274.57,279.0,0,0.0,0.0,,0.0,1,0.6,0.64,SPY190719C00291000,291.0,normalDay
2019-06-04,3494.0,78.0,0.0,100,280.53,279.0,0,0.0,0.0,,0.0,1,0.6,1.35,SPY190719C00291000,291.0,normalDay
2019-06-05,3494.0,277.0,0.0,100,282.96,279.0,0,0.0,0.0,,0.0,1,0.6,1.79,SPY190719C00291000,291.0,normalDay
2019-06-06,3494.0,420.0,0.0,100,284.8,279.0,0,0.0,0.0,,0.0,1,0.6,2.2,SPY190719C00291000,291.0,normalDay
2019-06-07,3494.0,591.0,0.0,100,287.65,279.0,0,0.0,0.0,,0.0,1,0.6,3.34,SPY190719C00291000,291.0,normalDay
2019-06-10,3494.0,675.0,0.0,100,288.97,279.0,0,0.0,0.0,,0.0,1,0.6,3.82,SPY190719C00291000,291.0,normalDay
2019-06-11,3494.0,678.0,0.0,100,288.9,279.0,0,0.0,0.0,,0.0,1,0.6,3.72,SPY190719C00291000,291.0,normalDay
2019-06-12,3494.0,661.0,0.0,100,288.39,279.0,0,0.0,0.0,,0.0,1,0.6,3.38,SPY190719C00291000,291.0,normalDay
2019-06-13,3494.0,726.0,0.0,100,289.58,279.0,0,0.0,0.0,,0.0,1,0.6,3.92,SPY190719C00291000,291.0,normalDay
2019-06-14,3494.0,723.0,0.0,100,289.26,279.0,0,0.0,0.0,,0.0,1,0.6,3.63,SPY190719C00291000,291.0,normalDay
2019-06-17,3494.0,752.0,0.0,100,289.37,279.0,0,0.0,0.0,,0.0,1,0.6,3.45,SPY190719C00291000,291.0,normalDay
2019-06-18,3494.0,910.0,0.0,100,292.4,279.0,0,0.0,0.0,,0.0,1,0.6,4.9,SPY190719C00291000,291.0,normalDay
2019-06-19,3494.0,961.0,0.0,100,293.06,279.0,0,0.0,0.0,,0.0,1,0.6,5.05,SPY190719C00291000,291.0,normalDay
2019-06-20,3494.0,1063.0,0.0,100,295.86,279.0,0,0.0,0.0,,0.0,1,0.6,6.83,SPY190719C00291000,291.0,normalDay
2019-06-21,3494.0,895.0,0.0,100,294.0,279.0,0,0.0,0.0,,0.0,1,0.6,6.65,SPY190719C00291000,291.0,normalDay
2019-06-24,3494.0,902.0,0.0,100,293.64,279.0,0,0.0,0.0,,0.0,1,0.6,6.22,SPY190719C00291000,291.0,normalDay
2019-06-25,3494.0,786.0,0.0,100,290.76,279.0,0,0.0,0.0,,0.0,1,0.6,4.5,SPY190719C00291000,291.0,normalDay
2019-06-26,3494.0,798.0,0.0,100,290.47,279.0,0,0.0,0.0,,0.0,1,0.6,4.09,SPY190719C00291000,291.0,normalDay
2019-06-27,3494.0,838.0,0.0,100,291.5,279.0,0,0.0,0.0,,0.0,1,0.6,4.72,SPY190719C00291000,291.0,normalDay
2019-06-28,3494.0,884.0,0.0,100,293.0,279.0,0,0.0,0.0,,0.0,1,0.6,5.76,SPY190719C00291000,291.0,normalDay
2019-07-01,3494.0,1082.0,0.0,100,295.66,279.0,0,0.0,0.0,,0.0,1,0.6,6.44,SPY190719C00291000,291.0,normalDay
2019-07-02,3494.0,1121.0,0.0,100,296.43,279.0,0,0.0,0.0,,0.0,1,0.6,6.82,SPY190719C00291000,291.0,normalDay
2019-07-03,3494.0,1158.0,0.0,100,298.8,279.0,0,0.0,0.0,,0.0,1,0.6,8.82,SPY190719C00291000,291.0,normalDay
2019-07-05,3494.0,1211.0,0.0,100,298.46,279.0,0,0.0,0.0,,0.0,1,0.6,7.95,SPY190719C00291000,291.0,normalDay
2019-07-08,3494.0,1165.0,0.0,100,296.82,279.0,0,0.0,0.0,,0.0,1,0.6,6.77,SPY190719C00291000,291.0,normalDay
2019-07-09,3494.0,1189.0,0.0,100,297.19,279.0,0,0.0,0.0,,0.0,1,0.6,6.9,SPY190719C00291000,291.0,normalDay
2019-07-10,3494.0,1206.0,0.0,100,298.61,279.0,0,0.0,0.0,,0.0,1,0.6,8.15,SPY190719C00291000,291.0,normalDay
2019-07-11,3494.0,1217.0,0.0,100,299.31,279.0,0,0.0,0.0,,0.0,1,0.6,8.74,SPY190719C00291000,291.0,normalDay
2019-07-12,3494.0,1239.0,0.0,100,300.65,279.0,0,0.0,0.0,,0.0,1,0.6,9.86,SPY190719C00291000,291.0,normalDay
2019-07-15,3494.0,1240.0,0.0,100,300.75,279.0,0,0.0,0.0,,0.0,1,0.6,9.95,SPY190719C00291000,291.0,normalDay
2019-07-16,3494.0,1229.0,0.0,100,299.78,279.0,0,0.0,0.0,,0.0,1,0.6,9.09,SPY190719C00291000,291.0,normalDay
2019-07-17,3494.0,1236.0,0.0,100,297.74,279.0,0,0.0,0.0,,0.0,1,0.6,6.98,SPY190719C00291000,291.0,normalDay
2019-07-18,3494.0,1243.0,0.0,100,298.83,279.0,0,0.0,0.0,,0.0,1,0.6,8.0,SPY190719C00291000,291.0,normalDay
2019-07-19,4754.0,1243.0,1260.0,0,297.17,0.0,0,0.0,0.0,,0.0,1,0.6,0.0,SPY190719C00291000,291.0,expirationDay
2019-07-22,4754.0,-3.0,0.0,0,297.9,0.0,1,0.01,0.04,SPY190724P00290500,290.5,0,0.0,0.0,,0.0,normalDay
2019-07-23,4754.0,0.0,0.0,0,300.03,0.0,1,0.01,0.01,SPY190724P00290500,290.5,0,0.0,0.0,,0.0,normalDay
2019-07-24,4755.0,0.0,1.0,0,301.44,0.0,1,0.01,0.0,SPY190724P00290500,290.5,0,0.0,0.0,,0.0,expirationDay
2019-07-25,4755.0,0.0,0.0,0,300.0,0.0,0,0.0,0.0,,0.0,0,0.0,0.0,,0.0,bidTooLow
2019-07-26,4755.0,0.0,0.0,0,302.01,0.0,0,0.0,0.0,,0.0,0,0.0,0.0,,0.0,bidTooLow
2019-07-29,4755.0,-3.0,0.0,0,301.46,0.0,1,0.07,0.1,SPY190731P00295500,295.5,0,0.0,0.0,,0.0,normalDay
2019-07-30,4755.0,-4.0,0.0,0,300.72,0.0,1,0.07,0.11,SPY190731P00295500,295.5,0,0.0,0.0,,0.0,normalDay
2019-07-31,4762.0,0.0,7.0,0,297.43,0.0,1,0.07,0.0,SPY190731P00295500,295.5,0,0.0,0.0,,0.0,expirationDay
2019-08-01,4762.0,-5.0,0.0,0,294.84,0.0,1,1.26,1.31,SPY190802P00295000,295.0,0,0.0,0.0,,0.0,normalDay
2019-08-02,4888.0,-238.0,126.0,100,292.62,295.0,1,1.26,0.0,SPY190802P00295000,295.0,0,0.0,0.0,,0.0,expirationDay
2019-08-05,4888.0,-1122.0,0.0,100,283.82,295.0,0,0.0,0.0,,0.0,1,0.55,0.59,SPY190920C00304000,304.0,normalDay
2019-08-06,4888.0,-730.0,0.0,100,287.8,295.0,0,0.0,0.0,,0.0,1,0.55,0.65,SPY190920C00304000,304.0,normalDay
2019-08-07,4888.0,-705.0,0.0,100,287.97,295.0,0,0.0,0.0,,0.0,1,0.55,0.57,SPY190920C00304000,304.0,normalDay
2019-08-08,4888.0,-210.0,0.0,100,293.62,295.0,0,0.0,0.0,,0.0,1,0.55,1.27,SPY190920C00304000,304.0,normalDay
2019-08-09,4888.0,-383.0,0.0,100,291.62,295.0,0,0.0,0.0,,0.0,1,0.55,1.0,SPY190920C00304000,304.0,normalDay
2019-08-12,4888.0,-703.0,0.0,100,288.07,295.0,0,0.0,0.0,,0.0,1,0.55,0.65,SPY190920C00304000,304.0,normalDay
2019-08-13,4888.0,-285.0,0.0,100,292.55,295.0,0,0.0,0.0,,0.0,1,0.55,0.95,SPY190920C00304000,304.0,normalDay
2019-08-14,4888.0,-1093.0,0.0,100,283.9,295.0,0,0.0,0.0,,0.0,1,0.55,0.38,SPY190920C00304000,304.0,normalDay
2019-08-15,4888.0,-1015.0,0.0,100,284.65,295.0,0,0.0,0.0,,0.0,1,0.55,0.35,SPY190920C00304000,304.0,normalDay
2019-08-16,4888.0,-602.0,0.0,100,288.85,295.0,0,0.0,0.0,,0.0,1,0.55,0.42,SPY190920C00304000,304.0,normalDay
2019-08-19,4888.0,-267.0,0.0,100,292.33,295.0,0,0.0,0.0,,0.0,1,0.55,0.55,SPY190920C00304000,304.0,normalDay
2019-08-20,4888.0,-471.0,0.0,100,290.09,295.0,0,0.0,0.0,,0.0,1,0.55,0.35,SPY190920C00304000,304.0,normalDay
2019-08-21,4888.0,-249.0,0.0,100,292.45,295.0,0,0.0,0.0,,0.0,1,0.55,0.49,SPY190920C00304000,304.0,normalDay
2019-08-22,4888.0,-251.0,0.0,100,292.36,295.0,0,0.0,0.0,,0.0,1,0.55,0.42,SPY190920C00304000,304.0,normalDay
2019-08-23,4888.0,-974.0,0.0,100,284.85,295.0,0,0.0,0.0,,0.0,1,0.55,0.14,SPY190920C00304000,304.0,normalDay
2019-08-26,4888.0,-664.0,0.0,100,288.0,295.0,0,0.0,0.0,,0.0,1,0.55,0.19,SPY190920C00304000,304.0,normalDay
2019-08-27,4888.0,-774.0,0.0,100,286.87,295.0,0,0.0,0.0,,0.0,1,0.55,0.16,SPY190920C00304000,304.0,normalDay
2019-08-28,4888.0,-577.0,0.0,100,288.89,295.0,0,0.0,0.0,,0.0,1,0.55,0.21,SPY190920C00304000,304.0,normalDay
2019-08-29,4888.0,-222.0,0.0,100,292.58,295.0,0,0.0,0.0,,0.0,1,0.55,0.35,SPY190920C00304000,304.0,normalDay
2019-08-30,4888.0,-231.0,0.0,100,292.45,295.0,0,0.0,0.0,,0.0,1,0.55,0.31,SPY190920C00304000,304.0,normalDay
2019-09-03,4888.0,-383.0,0.0,100,290.74,295.0,0,0.0,0.0,,0.0,1,0.55,0.12,SPY190920C00304000,304.0,normalDay
2019-09-04,4888.0,-60.0,0.0,100,294.04,295.0,0,0.0,0.0,,0.0,1,0.55,0.19,SPY190920C00304000,304.0,normalDay
2019-09-05,4888.0,281.0,0.0,100,297.82,295.0,0,0.0,0.0,,0.0,1,0.55,0.56,SPY190920C00304000,304.0,normalDay
2019-09-06,4888.0,312.0,0.0,100,298.05,295.0,0,0.0,0.0,,0.0,1,0.55,0.48,SPY190920C00304000,304.0,normalDay
2019-09-09,4888.0,340.0,0.0,100,298.2,295.0,0,0.0,0.0,,0.0,1,0.55,0.35,SPY190920C00304000,304.0,normalDay
2019-09-10,4888.0,339.0,0.0,100,298.13,295.0,0,0.0,0.0,,0.0,1,0.55,0.29,SPY190920C00304000,304.0,normalDay
2019-09-11,4888.0,518.0,0.0,100,300.25,295.0,0,0.0,0.0,,0.0,1,0.55,0.62,SPY190920C00304000,304.0,normalDay
2019-09-12,4888.0,600.0,0.0,100,301.29,295.0,0,0.0,0.0,,0.0,1,0.55,0.84,SPY190920C00304000,304.0,normalDay
2019-09-13,4888.0,606.0,0.0,100,301.09,295.0,0,0.0,0.0,,0.0,1,0.55,0.58,SPY190920C00304000,304.0,normalDay
2019-09-16,4888.0,542.0,0.0,100,300.16,295.0,0,0.0,0.0,,0.0,1,0.55,0.29,SPY190920C00304000,304.0,normalDay
2019-09-17,4888.0,614.0,0.0,100,300.92,295.0,0,0.0,0.0,,0.0,1,0.55,0.33,SPY190920C00304000,304.0,normalDay
2019-09-18,4888.0,642.0,0.0,100,301.1,295.0,0,0.0,0.0,,0.0,1,0.55,0.23,SPY190920C00304000,304.0,normalDay
2019-09-19,4888.0,659.0,0.0,100,301.08,295.0,0,0.0,0.0,,0.0,1,0.55,0.04,SPY190920C00304000,304.0,normalDay
2019-09-20,4943.0,328.0,55.0,100,298.28,295.0,0,0.0,0.0,,0.0,1,0.55,0.0,SPY190920C00304000,304.0,expirationDay
2019-09-23,4943.0,318.0,0.0,100,298.21,295.0,0,0.0,0.0,,0.0,1,3.61,3.64,SPY191115C00304000,304.0,normalDay
2019-09-24,4943.0,139.0,0.0,100,295.87,295.0,0,0.0,0.0,,0.0,1,3.61,3.09,SPY191115C00304000,304.0,normalDay
2019-09-25,4943.0,291.0,0.0,100,297.62,295.0,0,0.0,0.0,,0.0,1,3.61,3.32,SPY191115C00304000,304.0,normalDay
2019-09-26,4943.0,254.0,0.0,100,297.0,295.0,0,0.0,0.0,,0.0,1,3.61,3.07,SPY191115C00304000,304.0,normalDay
2019-09-27,4943.0,140.0,0.0,100,295.4,295.0,0,0.0,0.0,,0.0,1,3.61,2.61,SPY191115C00304000,304.0,normalDay
2019-09-30,4943.0,263.0,0.0,100,296.77,295.0,0,0.0,0.0,,0.0,1,3.61,2.75,SPY191115C00304000,304.0,normalDay
2019-10-01,4943.0,10.0,0.0,100,293.24,295.0,0,0.0,0.0,,0.0,1,3.61,1.75,SPY191115C00304000,304.0,normalDay
2019-10-02,4943.0,-419.0,0.0,100,288.06,295.0,0,0.0,0.0,,0.0,1,3.61,0.86,SPY191115C00304000,304.0,normalDay
2019-10-03,4943.0,-205.0,0.0,100,290.42,295.0,0,0.0,0.0,,0.0,1,3.61,1.08,SPY191115C00304000,304.0,normalDay
2019-10-04,4943.0,136.0,0.0,100,294.35,295.0,0,0.0,0.0,,0.0,1,3.61,1.6,SPY191115C00304000,304.0,normalDay
2019-10-07,4943.0,50.0,0.0,100,293.08,295.0,0,0.0,0.0,,0.0,1,3.61,1.19,SPY191115C00304000,304.0,normalDay
2019-10-08,4943.0,-353.0,0.0,100,288.53,295.0,0,0.0,0.0,,0.0,1,3.61,0.67,SPY191115C00304000,304.0,normalDay
2019-10-09,4943.0,-96.0,0.0,100,291.27,295.0,0,0.0,0.0,,0.0,1,3.61,0.84,SPY191115C00304000,304.0,normalDay
2019-10-10,4943.0,69.0,0.0,100,293.24,295.0,0,0.0,0.0,,0.0,1,3.61,1.16,SPY191115C00304000,304.0,normalDay
2019-10-11,4943.0,325.0,0.0,100,296.28,295.0,0,0.0,0.0,,0.0,1,3.61,1.64,SPY191115C00304000,304.0,normalDay
2019-10-14,4943.0,345.0,0.0,100,295.95,295.0,0,0.0,0.0,,0.0,1,3.61,1.11,SPY191115C00304000,304.0,normalDay
2019-10-15,4943.0,571.0,0.0,100,298.88,295.0,0,0.0,0.0,,0.0,1,3.61,1.78,SPY191115C00304000,304.0,normalDay
2019-10-16,4943.0,538.0,0.0,100,298.4,295.0,0,0.0,0.0,,0.0,1,3.61,1.63,SPY191115C00304000,304.0,normalDay
2019-10-17,4943.0,610.0,0.0,100,299.28,295.0,0,0.0,0.0,,0.0,1,3.61,1.79,SPY191115C00304000,304.0,normalDay
2019-10-18,4943.0,516.0,0.0,100,297.97,295.0,0,0.0,0.0,,0.0,1,3.61,1.42,SPY191115C00304000,304.0,normalDay
2019-10-21,4943.0,678.0,0.0,100,299.99,295.0,0,0.0,0.0,,0.0,1,3.61,1.82,SPY191115C00304000,304.0,normalDay
2019-10-22,4943.0,618.0,0.0,100,299.01,295.0,0,0.0,0.0,,0.0,1,3.61,1.44,SPY191115C00304000,304.0,normalDay
2019-10-23,4943.0,686.0,0.0,100,299.88,295.0,0,0.0,0.0,,0.0,1,3.61,1.63,SPY191115C00304000,304.0,normalDay
2019-10-24,4943.0,748.0,0.0,100,300.37,295.0,0,0.0,0.0,,0.0,1,3.61,1.5,SPY191115C00304000,304.0,normalDay
2019-10-25,4943.0,844.0,0.0,100,301.6,295.0,0,0.0,0.0,,0.0,1,3.61,1.77,SPY191115C00304000,304.0,normalDay
2019-10-28,4943.0,937.0,0.0,100,303.3,295.0,0,0.0,0.0,,0.0,1,3.61,2.54,SPY191115C00304000,304.0,normalDay
2019-10-29,4943.0,940.0,0.0,100,303.21,295.0,0,0.0,0.0,,0.0,1,3.61,2.42,SPY191115C00304000,304.0,normalDay
2019-10-30,4943.0,992.0,0.0,100,304.14,295.0,0,0.0,0.0,,0.0,1,3.61,2.83,SPY191115C00304000,304.0,normalDay
2019-10-31,4943.0,969.0,0.0,100,303.33,295.0,0,0.0,0.0,,0.0,1,3.61,2.25,SPY191115C00304000,304.0,normalDay
2019-11-01,4943.0,1104.0,0.0,100,306.14,295.0,0,0.0,0.0,,0.0,1,3.61,3.71,SPY191115C00304000,304.0,normalDay
2019-11-04,4943.0,1150.0,0.0,100,307.37,295.0,0,0.0,0.0,,0.0,1,3.61,4.48,SPY191115C00304000,304.0,normalDay
2019-11-05,4943.0,1144.0,0.0,100,307.03,295.0,0,0.0,0.0,,0.0,1,3.61,4.2,SPY191115C00304000,304.0,normalDay
2019-11-06,4943.0,1156.0,0.0,100,307.1,295.0,0,0.0,0.0,,0.0,1,3.61,4.15,SPY191115C00304000,304.0,normalDay
2019-11-07,4943.0,1193.0,0.0,100,308.18,295.0,0,0.0,0.0,,0.0,1,3.61,4.86,SPY191115C00304000,304.0,normalDay
2019-11-08,4943.0,1216.0,0.0,100,308.94,295.0,0,0.0,0.0,,0.0,1,3.61,5.39,SPY191115C00304000,304.0,normalDay
2019-11-11,4943.0,1212.0,0.0,100,308.35,295.0,0,0.0,0.0,,0.0,1,3.61,4.84,SPY191115C00304000,304.0,normalDay
2019-11-12,4943.0,1260.0,0.0,100,309.0,295.0,0,0.0,0.0,,0.0,1,3.61,5.01,SPY191115C00304000,304.0,normalDay
2019-11-13,4943.0,1240.0,0.0,100,309.1,295.0,0,0.0,0.0,,0.0,1,3.61,5.31,SPY191115C00304000,304.0,normalDay
2019-11-14,4943.0,1246.0,0.0,100,309.55,295.0,0,0.0,0.0,,0.0,1,3.61,5.7,SPY191115C00304000,304.0,normalDay
2019-11-15,6204.0,1246.0,1261.0,0,311.79,0.0,0,0.0,0.0,,0.0,1,3.61,0.0,SPY191115C00304000,304.0,expirationDay
2019-11-18,6204.0,0.0,0.0,0,312.02,0.0,0,0.0,0.0,,0.0,0,0.0,0.0,,0.0,bidTooLow
2019-11-19,6204.0,-3.0,0.0,0,311.93,0.0,1,0.01,0.04,SPY191122P00299000,299.0,0,0.0,0.0,,0.0,normalDay
2019-11-20,6204.0,-4.0,0.0,0,310.77,0.0,1,0.01,0.05,SPY191122P00299000,299.0,0,0.0,0.0,,0.0,normalDay
2019-11-21,6204.0,-1.0,0.0,0,310.27,0.0,1,0.01,0.02,SPY191122P00299000,299.0,0,0.0,0.0,,0.0,normalDay
2019-11-22,6205.0,0.0,1.0,0,310.96,0.0,1,0.01,0.0,SPY191122P00299000,299.0,0,0.0,0.0,,0.0,expirationDay
2019-11-25,6205.0,0.0,0.0,0,313.37,0.0,0,0.0,0.0,,0.0,0,0.0,0.0,,0.0,bidTooLow
2019-11-26,6205.0,-3.0,0.0,0,314.08,0.0,1,0.01,0.04,SPY191129P00303500,303.5,0,0.0,0.0,,0.0,normalDay
2019-11-27,6205.0,-1.0,0.0,0,315.48,0.0,1,0.01,0.02,SPY191129P00303500,303.5,0,0.0,0.0,,0.0,normalDay
2019-11-29,6206.0,0.0,1.0,0,314.31,0.0,1,0.01,0.0,SPY191129P00303500,303.5,0,0.0,0.0,,0.0,expirationDay
2019-12-02,6206.0,-3.0,0.0,0,311.64,0.0,1,0.12,0.15,SPY191204P00305500,305.5,0,0.0,0.0,,0.0,normalDay
2019-12-03,6206.0,-3.0,0.0,0,309.55,0.0,1,0.12,0.15,SPY191204P00305500,305.5,0,0.0,0.0,,0.0,normalDay
2019-12-04,6218.0,0.0,12.0,0,311.46,0.0,1,0.12,0.0,SPY191204P00305500,305.5,0,0.0,0.0,,0.0,expirationDay
2019-12-05,6218.0,-3.0,0.0,0,312.02,0.0,1,0.04,0.07,SPY191206P00307000,307.0,0,0.0,0.0,,0.0,normalDay
2019-12-06,6222.0,0.0,4.0,0,314.87,0.0,1,0.04,0.0,SPY191206P00307000,307.0,0,0.0,0.0,,0.0,expirationDay
2019-12-09,6222.0,-3.0,0.0,0,313.88,0.0,1,0.13,0.16,SPY191211P00307500,307.5,0,0.0,0.0,,0.0,normalDay
2019-12-10,6222.0,8.0,0.0,0,313.53,0.0,1,0.13,0.05,SPY191211P00307500,307.5,0,0.0,0.0,,0.0,normalDay
2019-12-11,6235.0,0.0,13.0,0,314.42,0.0,1,0.13,0.0,SPY191211P00307500,307.5,0,0.0,0.0,,0.0,expirationDay
2019-12-12,6235.0,-3.0,0.0,0,317.13,0.0,1,0.02,0.05,SPY191213P00308500,308.5,0,0.0,0.0,,0.0,normalDay
2019-12-13,6237.0,0.0,2.0,0,317.32,0.0,1,0.02,0.0,SPY191213P00308500,308.5,0,0.0,0.0,,0.0,expirationDay
2019-12-16,6237.0,-3.0,0.0,0,319.5,0.0,1,0.03,0.06,SPY191218P00308500,308.5,0,0.0,0.0,,0.0,normalDay
2019-12-17,6237.0,1.0,0.0,0,319.57,0.0,1,0.03,0.02,SPY191218P00308500,308.5,0,0.0,0.0,,0.0,normalDay
2019-12-18,6240.0,0.0,3.0,0,319.59,0.0,1,0.03,0.0,SPY191218P00308500,308.5,0,0.0,0.0,,0.0,expirationDay
2019-12-19,6240.0,-3.0,0.0,0,320.9,0.0,1,0.01,0.04,SPY191220P00308000,308.0,0,0.0,0.0,,0.0,normalDay
2019-12-20,6241.0,0.0,1.0,0,320.73,0.0,1,0.01,0.0,SPY191220P00308000,308.0,0,0.0,0.0,,0.0,expirationDay
2019-12-23,6241.0,0.0,0.0,0,321.22,0.0,0,0.0,0.0,,0.0,0,0.0,0.0,,0.0,bidTooLow
2019-12-24,6241.0,0.0,0.0,0,321.23,0.0,0,0.0,0.0,,0.0,0,0.0,0.0,,0.0,bidTooLow
2019-12-26,6241.0,0.0,0.0,0,322.94,0.0,0,0.0,0.0,,0.0,0,0.0,0.0,,0.0,bidTooLow
2019-12-27,6241.0,0.0,0.0,0,322.86,0.0,0,0.0,0.0,,0.0,0,0.0,0.0,,0.0,bidTooLow
2019-12-30,6241.0,0.0,0.0,0,321.08,0.0,0,0.0,0.0,,0.0,0,0.0,0.0,,0.0,bidTooLow
2019-12-31,6241.0,-3.0,0.0,0,321.86,0.0,1,0.07,0.1,SPY200103P00309500,309.5,0,0.0,0.0,,0.0,normalDay
2020-01-02,6241.0,6.0,0.0,0,324.87,0.0,1,0.07,0.01,SPY200103P00309500,309.5,0,0.0,0.0,,0.0,normalDay
2020-01-03,6248.0,0.0,7.0,0,322.41,0.0,1,0.07,0.0,SPY200103P00309500,309.5,0,0.0,0.0,,0.0,expirationDay
2020-01-06,6248.0,0.0,0.0,0,323.64,0.0,0,0.0,0.0,,0.0,0,0.0,0.0,,0.0,bidTooLow
2020-01-07,6248.0,-3.0,0.0,0,322.73,0.0,1,0.06,0.09,SPY200110P00314000,314.0,0,0.0,0.0,,0.0,normalDay
2020-01-08,6248.0,-2.0,0.0,0,324.45,0.0,1,0.06,0.08,SPY200110P00314000,314.0,0,0.0,0.0,,0.0,normalDay
2020-01-09,6248.0,4.0,0.0,0,326.65,0.0,1,0.06,0.02,SPY200110P00314000,314.0,0,0.0,0.0,,0.0,normalDay
2020-01-10,6254.0,0.0,6.0,0,325.71,0.0,1,0.06,0.0,SPY200110P00314000,314.0,0,0.0,0.0,,0.0,expirationDay
2020-01-13,6254.0,0.0,0.0,0,327.95,0.0,0,0.0,0.0,,0.0,0,0.0,0.0,,0.0,bidTooLow
2020-01-14,6254.0,-3.0,0.0,0,327.45,0.0,1,0.04,0.07,SPY200117P00317500,317.5,0,0.0,0.0,,0.0,normalDay
2020-01-15,6254.0,0.0,0.0,0,328.19,0.0,1,0.04,0.04,SPY200117P00317500,317.5,0,0.0,0.0,,0.0,normalDay
2020-01-16,6254.0,2.0,0.0,0,330.92,0.0,1,0.04,0.02,SPY200117P00317500,317.5,0,0.0,0.0,,0.0,normalDay
2020-01-17,6258.0,0.0,4.0,0,331.95,0.0,1,0.04,0.0,SPY200117P00317500,317.5,0,0.0,0.0,,0.0,expirationDay
2020-01-21,6258.0,0.0,0.0,0,331.3,0.0,0,0.0,0.0,,0.0,0,0.0,0.0,,0.0,bidTooLow
2020-01-22,6258.0,0.0,0.0,0,331.34,0.0,0,0.0,0.0,,0.0,0,0.0,0.0,,0.0,bidTooLow
2020-01-23,6258.0,0.0,0.0,0,331.72,0.0,0,0.0,0.0,,0.0,0,0.0,0.0,,0.0,bidTooLow
2020-01-24,6258.0,-3.0,0.0,0,328.77,0.0,1,0.04,0.07,SPY200127P00319000,319.0,0,0.0,0.0,,0.0,normalDay
2020-01-27,6262.0,0.0,4.0,0,323.5,0.0,1,0.04,0.0,SPY200127P00319000,319.0,0,0.0,0.0,,0.0,expirationDay
2020-01-28,6262.0,-3.0,0.0,0,326.89,0.0,1,0.41,0.44,SPY200131P00319500,319.5,0,0.0,0.0,,0.0,normalDay
2020-01-29,6262.0,19.0,0.0,0,326.62,0.0,1,0.41,0.22,SPY200131P00319500,319.5,0,0.0,0.0,,0.0,normalDay
2020-01-30,6262.0,36.0,0.0,0,327.68,0.0,1,0.41,0.05,SPY200131P00319500,319.5,0,0.0,0.0,,0.0,normalDay
2020-01-31,6303.0,0.0,41.0,0,321.73,0.0,1,0.41,0.0,SPY200131P00319500,319.5,0,0.0,0.0,,0.0,expirationDay
2020-02-03,6303.0,-3.0,0.0,0,324.12,0.0,1,1.1,1.13,SPY200205P00321000,321.0,0,0.0,0.0,,0.0,normalDay
2020-02-04,6303.0,106.0,0.0,0,329.06,0.0,1,1.1,0.04,SPY200205P00321000,321.0,0,0.0,0.0,,0.0,normalDay
2020-02-05,6413.0,0.0,110.0,0,332.86,0.0,1,1.1,0.0,SPY200205P00321000,321.0,0,0.0,0.0,,0.0,expirationDay
2020-02-06,6413.0,0.0,0.0,0,333.98,0.0,0,0.0,0.0,,0.0,0,0.0,0.0,,0.0,bidTooLow
2020-02-07,6413.0,0.0,0.0,0,332.2,0.0,0,0.0,0.0,,0.0,0,0.0,0.0,,0.0,bidTooLow
2020-02-10,6413.0,0.0,0.0,0,334.68,0.0,0,0.0,0.0,,0.0,0,0.0,0.0,,0.0,bidTooLow
2020-02-11,6413.0,-3.0,0.0,0,335.26,0.0,1,0.03,0.06,SPY200214P00322000,322.0,0,0.0,0.0,,0.0,normalDay
2020-02-12,6413.0,1.0,0.0,0,337.42,0.0,1,0.03,0.02,SPY200214P00322000,322.0,0,0.0,0.0,,0.0,normalDay
2020-02-13,6413.0,2.0,0.0,0,337.06,0.0,1,0.03,0.01,SPY200214P00322000,322.0,0,0.0,0.0,,0.0,normalDay
2020-02-14,6416.0,0.0,3.0,0,337.6,0.0,1,0.03,0.0,SPY200214P00322000,322.0,0,0.0,0.0,,0.0,expirationDay
2020-02-18,6416.0,-3.0,0.0,0,336.73,0.0,1,0.01,0.04,SPY200221P00321000,321.0,0,0.0,0.0,,0.0,normalDay
2020-02-19,6416.0,-2.0,0.0,0,338.34,0.0,1,0.01,0.03,SPY200221P00321000,321.0,0,0.0,0.0,,0.0,normalDay
2020-02-20,6416.0,-1.0,0.0,0,336.95,0.0,1,0.01,0.02,SPY200221P00321000,321.0,0,0.0,0.0,,0.0,normalDay
2020-02-21,6417.0,0.0,1.0,0,333.48,0.0,1,0.01,0.0,SPY200221P00321000,321.0,0,0.0,0.0,,0.0,expirationDay
2020-02-24,6417.0,-5.0,0.0,0,322.42,0.0,1,2.42,2.47,SPY200226P00320000,320.0,0,0.0,0.0,,0.0,normalDay
2020-02-25,6417.0,-476.0,0.0,0,312.65,0.0,1,2.42,7.18,SPY200226P00320000,320.0,0,0.0,0.0,,0.0,normalDay
2020-02-26,6659.0,-850.0,242.0,100,311.5,320.0,1,2.42,0.0,SPY200226P00320000,320.0,0,0.0,0.0,,0.0,expirationDay
2020-02-27,6659.0,-2254.0,0.0,100,297.51,320.0,0,0.0,0.0,,0.0,1,0.1,0.15,SPY200417C00345000,345.0,normalDay
2020-02-28,6659.0,-2386.0,0.0,100,296.26,320.0,0,0.0,0.0,,0.0,1,0.1,0.22,SPY200417C00345000,345.0,normalDay
2020-03-02,6659.0,-1104.0,0.0,100,309.09,320.0,0,0.0,0.0,,0.0,1,0.1,0.23,SPY200417C00345000,345.0,normalDay
2020-03-03,6659.0,-1986.0,0.0,100,300.24,320.0,0,0.0,0.0,,0.0,1,0.1,0.2,SPY200417C00345000,345.0,normalDay
2020-03-04,6659.0,-748.0,0.0,100,312.86,320.0,0,0.0,0.0,,0.0,1,0.1,0.44,SPY200417C00345000,345.0,normalDay
2020-03-05,6659.0,-1770.0,0.0,100,302.46,320.0,0,0.0,0.0,,0.0,1,0.1,0.26,SPY200417C00345000,345.0,normalDay
2020-03-06,6659.0,-2264.0,0.0,100,297.46,320.0,0,0.0,0.0,,0.0,1,0.1,0.2,SPY200417C00345000,345.0,normalDay
2020-03-09,6659.0,-4584.0,0.0,100,274.23,320.0,0,0.0,0.0,,0.0,1,0.1,0.17,SPY200417C00345000,345.0,normalDay
2020-03-10,6659.0,-3161.0,0.0,100,288.42,320.0,0,0.0,0.0,,0.0,1,0.1,0.13,SPY200417C00345000,345.0,normalDay
2020-03-11,6659.0,-4563.0,0.0,100,274.36,320.0,0,0.0,0.0,,0.0,1,0.1,0.09,SPY200417C00345000,345.0,normalDay
2020-03-12,6659.0,-7188.0,0.0,100,248.11,320.0,0,0.0,0.0,,0.0,1,0.1,0.09,SPY200417C00345000,345.0,normalDay
2020-03-13,6659.0,-5067.0,0.0,100,269.32,320.0,0,0.0,0.0,,0.0,1,0.1,0.09,SPY200417C00345000,345.0,normalDay
2020-03-16,6659.0,-8013.0,0.0,100,239.85,320.0,0,0.0,0.0,,0.0,1,0.1,0.08,SPY200417C00345000,345.0,normalDay
2020-03-17,6659.0,-6719.0,0.0,100,252.8,320.0,0,0.0,0.0,,0.0,1,0.1,0.09,SPY200417C00345000,345.0,normalDay
2020-03-18,6659.0,-7996.0,0.0,100,240.0,320.0,0,0.0,0.0,,0.0,1,0.1,0.06,SPY200417C00345000,345.0,normalDay
2020-03-19,6659.0,-7944.0,0.0,100,240.51,320.0,0,0.0,0.0,,0.0,1,0.1,0.05,SPY200417C00345000,345.0,normalDay
2020-03-20,6659.0,-9114.0,0.0,100,228.8,320.0,0,0.0,0.0,,0.0,1,0.1,0.04,SPY200417C00345000,345.0,normalDay
2020-03-23,6659.0,-9698.0,0.0,100,222.95,320.0,0,0.0,0.0,,0.0,1,0.1,0.03,SPY200417C00345000,345.0,normalDay
2020-03-24,6659.0,-7681.0,0.0,100,243.15,320.0,0,0.0,0.0,,0.0,1,0.1,0.06,SPY200417C00345000,345.0,normalDay
2020-03-25,6659.0,-7318.0,0.0,100,246.79,320.0,0,0.0,0.0,,0.0,1,0.1,0.07,SPY200417C00345000,345.0,normalDay
2020-03-26,6659.0,-5875.0,0.0,100,261.2,320.0,0,0.0,0.0,,0.0,1,0.1,0.05,SPY200417C00345000,345.0,normalDay
2020-03-27,6659.0,-6652.0,0.0,100,253.42,320.0,0,0.0,0.0,,0.0,1,0.1,0.04,SPY200417C00345000,345.0,normalDay
2020-03-30,6659.0,-5829.0,0.0,100,261.65,320.0,0,0.0,0.0,,0.0,1,0.1,0.04,SPY200417C00345000,345.0,normalDay
2020-03-31,6659.0,-6217.0,0.0,100,257.75,320.0,0,0.0,0.0,,0.0,1,0.1,0.02,SPY200417C00345000,345.0,normalDay
2020-04-01,6659.0,-7377.0,0.0,100,246.15,320.0,0,0.0,0.0,,0.0,1,0.1,0.02,SPY200417C00345000,345.0,normalDay
2020-04-02,6659.0,-6808.0,0.0,100,251.83,320.0,0,0.0,0.0,,0.0,1,0.1,0.01,SPY200417C00345000,345.0,normalDay
2020-04-03,6659.0,-7172.0,0.0,100,248.19,320.0,0,0.0,0.0,,0.0,1,0.1,0.01,SPY200417C00345000,345.0,normalDay
2020-04-06,6659.0,-5505.0,0.0,100,264.86,320.0,0,0.0,0.0,,0.0,1,0.1,0.01,SPY200417C00345000,345.0,normalDay
2020-04-07,6659.0,-5478.0,0.0,100,265.13,320.0,0,0.0,0.0,,0.0,1,0.1,0.01,SPY200417C00345000,345.0,normalDay
2020-04-08,6659.0,-4588.0,0.0,100,274.03,320.0,0,0.0,0.0,,0.0,1,0.1,0.01,SPY200417C00345000,345.0,normalDay
2020-04-09,6659.0,-4171.0,0.0,100,278.2,320.0,0,0.0,0.0,,0.0,1,0.1,0.01,SPY200417C00345000,345.0,normalDay
2020-04-13,6659.0,-4425.0,0.0,100,275.66,320.0,0,0.0,0.0,,0.0,1,0.1,0.01,SPY200417C00345000,345.0,normalDay
2020-04-14,6659.0,-3612.0,0.0,100,283.79,320.0,0,0.0,0.0,,0.0,1,0.1,0.01,SPY200417C00345000,345.0,normalDay
2020-04-15,6659.0,-4215.0,0.0,100,277.76,320.0,0,0.0,0.0,,0.0,1,0.1,0.01,SPY200417C00345000,345.0,normalDay
2020-04-16,6659.0,-4081.0,0.0,100,279.1,320.0,0,0.0,0.0,,0.0,1,0.1,0.01,SPY200417C00345000,345.0,normalDay
2020-04-17,6669.0,-3336.0,10.0,100,286.64,320.0,0,0.0,0.0,,0.0,1,0.1,0.0,SPY200417C00345000,345.0,expirationDay
2020-04-20,6669.0,-3850.0,0.0,100,281.59,320.0,0,0.0,0.0,,0.0,1,9.82,9.91,SPY200529C00288000,288.0,normalDay
2020-04-21,6669.0,-4363.0,0.0,100,273.04,320.0,0,0.0,0.0,,0.0,1,9.82,6.49,SPY200529C00288000,288.0,normalDay
2020-04-22,6669.0,-3882.0,0.0,100,279.1,320.0,0,0.0,0.0,,0.0,1,9.82,7.74,SPY200529C00288000,288.0,normalDay
2020-04-23,6669.0,-3846.0,0.0,100,279.08,320.0,0,0.0,0.0,,0.0,1,9.82,7.36,SPY200529C00288000,288.0,normalDay
2020-04-24,6669.0,-3516.0,0.0,100,282.97,320.0,0,0.0,0.0,,0.0,1,9.82,7.95,SPY200529C00288000,288.0,normalDay
2020-04-27,6669.0,-3211.0,0.0,100,287.05,320.0,0,0.0,0.0,,0.0,1,9.82,8.98,SPY200529C00288000,288.0,normalDay
2020-04-28,6669.0,-3292.0,0.0,100,285.73,320.0,0,0.0,0.0,,0.0,1,9.82,8.47,SPY200529C00288000,288.0,normalDay
2020-04-29,6669.0,-2926.0,0.0,100,293.21,320.0,0,0.0,0.0,,0.0,1,9.82,12.29,SPY200529C00288000,288.0,normalDay
2020-04-30,6669.0,-3011.0,0.0,100,290.48,320.0,0,0.0,0.0,,0.0,1,9.82,10.41,SPY200529C00288000,288.0,normalDay
2020-05-01,6669.0,-3435.0,0.0,100,282.79,320.0,0,0.0,0.0,,0.0,1,9.82,6.96,SPY200529C00288000,288.0,normalDay
2020-05-04,6669.0,-3294.0,0.0,100,283.57,320.0,0,0.0,0.0,,0.0,1,9.82,6.33,SPY200529C00288000,288.0,normalDay
2020-05-05,6669.0,-3125.0,0.0,100,286.19,320.0,0,0.0,0.0,,0.0,1,9.82,7.26,SPY200529C00288000,288.0,normalDay
2020-05-06,6669.0,-3196.0,0.0,100,284.25,320.0,0,0.0,0.0,,0.0,1,9.82,6.03,SPY200529C00288000,288.0,normalDay
2020-05-07,6669.0,-3005.0,0.0,100,287.68,320.0,0,0.0,0.0,,0.0,1,9.82,7.55,SPY200529C00288000,288.0,normalDay
2020-05-08,6669.0,-2728.0,0.0,100,292.44,320.0,0,0.0,0.0,,0.0,1,9.82,9.54,SPY200529C00288000,288.0,normalDay
2020-05-11,6669.0,-2631.0,0.0,100,292.5,320.0,0,0.0,0.0,,0.0,1,9.82,8.63,SPY200529C00288000,288.0,normalDay
2020-05-12,6669.0,-2929.0,0.0,100,286.67,320.0,0,0.0,0.0,,0.0,1,9.82,5.78,SPY200529C00288000,288.0,normalDay
2020-05-13,6669.0,-3272.0,0.0,100,281.6,320.0,0,0.0,0.0,,0.0,1,9.82,4.14,SPY200529C00288000,288.0,normalDay
2020-05-14,6669.0,-3024.0,0.0,100,284.97,320.0,0,0.0,0.0,,0.0,1,9.82,5.03,SPY200529C00288000,288.0,normalDay
2020-05-15,6669.0,-2854.0,0.0,100,286.28,320.0,0,0.0,0.0,,0.0,1,9.82,4.64,SPY200529C00288000,288.0,normalDay
2020-05-18,6669.0,-2488.0,0.0,100,295.0,320.0,0,0.0,0.0,,0.0,1,9.82,9.7,SPY200529C00288000,288.0,normalDay
2020-05-19,6669.0,-2587.0,0.0,100,291.97,320.0,0,0.0,0.0,,0.0,1,9.82,7.66,SPY200529C00288000,288.0,normalDay
2020-05-20,6669.0,-2427.0,0.0,100,296.93,320.0,0,0.0,0.0,,0.0,1,9.82,11.02,SPY200529C00288000,288.0,normalDay
2020-05-21,6669.0,-2397.0,0.0,100,294.88,320.0,0,0.0,0.0,,0.0,1,9.82,8.67,SPY200529C00288000,288.0,normalDay
2020-05-22,6669.0,-2357.0,0.0,100,295.44,320.0,0,0.0,0.0,,0.0,1,9.82,8.83,SPY200529C00288000,288.0,normalDay
2020-05-26,6669.0,-2272.0,0.0,100,299.08,320.0,0,0.0,0.0,,0.0,1,9.82,11.62,SPY200529C00288000,288.0,normalDay
2020-05-27,6669.0,-2235.0,0.0,100,303.53,320.0,0,0.0,0.0,,0.0,1,9.82,15.7,SPY200529C00288000,288.0,normalDay
2020-05-28,6669.0,-2316.0,0.0,100,302.97,320.0,0,0.0,0.0,,0.0,1,9.82,15.95,SPY200529C00288000,288.0,normalDay
2020-05-29,4451.0,-2316.0,-2218.0,0,304.32,0.0,0,0.0,0.0,,0.0,1,9.82,0.0,SPY200529C00288000,288.0,expirationDay
2020-06-01,4451.0,0.0,0.0,0,305.55,0.0,0,0.0,0.0,,0.0,0,0.0,0.0,,0.0,bidTooLow
2020-06-02,4451.0,0.0,0.0,0,308.08,0.0,0,0.0,0.0,,0.0,0,0.0,0.0,,0.0,bidTooLow
2020-06-03,4451.0,0.0,0.0,0,312.18,0.0,0,0.0,0.0,,0.0,0,0.0,0.0,,0.0,bidTooLow
2020-06-04,4451.0,0.0,0.0,0,311.36,0.0,0,0.0,0.0,,0.0,0,0.0,0.0,,0.0,bidTooLow
2020-06-05,4451.0,0.0,0.0,0,319.34,0.0,0,0.0,0.0,,0.0,0,0.0,0.0,,0.0,bidTooLow
2020-06-08,4451.0,0.0,0.0,0,323.2,0.0,0,0.0,0.0,,0.0,0,0.0,0.0,,0.0,bidTooLow
2020-06-09,4451.0,-3.0,0.0,0,320.79,0.0,1,0.01,0.04,SPY200612P00277000,277.0,0,0.0,0.0,,0.0,normalDay
2020-06-10,4451.0,-1.0,0.0,0,319.0,0.0,1,0.01,0.02,SPY200612P00277000,277.0,0,0.0,0.0,,0.0,normalDay
2020-06-11,4451.0,-11.0,0.0,0,300.61,0.0,1,0.01,0.12,SPY200612P00277000,277.0,0,0.0,0.0,,0.0,normalDay
2020-06-12,4452.0,0.0,1.0,0,304.21,0.0,1,0.01,0.0,SPY200612P00277000,277.0,0,0.0,0.0,,0.0,expirationDay
2020-06-15,4452.0,-3.0,0.0,0,307.05,0.0,1,0.12,0.15,SPY200617P00287000,287.0,0,0.0,0.0,,0.0,normalDay
2020-06-16,4452.0,10.0,0.0,0,312.96,0.0,1,0.12,0.02,SPY200617P00287000,287.0,0,0.0,0.0,,0.0,normalDay
2020-06-17,4464.0,0.0,12.0,0,311.66,0.0,1,0.12,0.0,SPY200617P00287000,287.0,0,0.0,0.0,,0.0,expirationDay
2020-06-18,4464.0,-3.0,0.0,0,311.78,0.0,1,0.03,0.06,SPY200619P00292000,292.0,0,0.0,0.0,,0.0,normalDay
2020-06-19,4467.0,0.0,3.0,0,308.64,0.0,1,0.03,0.0,SPY200619P00292000,292.0,0,0.0,0.0,,0.0,expirationDay
2020-06-22,4467.0,-3.0,0.0,0,310.62,0.0,1,0.11,0.14,SPY200624P00296000,296.0,0,0.0,0.0,,0.0,normalDay
2020-06-23,4467.0,8.0,0.0,0,312.05,0.0,1,0.11,0.03,SPY200624P00296000,296.0,0,0.0,0.0,,0.0,normalDay
2020-06-24,4478.0,0.0,11.0,0,304.09,0.0,1,0.11,0.0,SPY200624P00296000,296.0,0,0.0,0.0,,0.0,expirationDay
2020-06-25,4478.0,-3.0,0.0,0,307.35,0.0,1,0.15,0.18,SPY200626P00299000,299.0,0,0.0,0.0,,0.0,normalDay
2020-06-26,4493.0,0.0,15.0,0,300.05,0.0,1,0.15,0.0,SPY200626P00299000,299.0,0,0.0,0.0,,0.0,expirationDay
2020-06-29,4493.0,-5.0,0.0,0,304.46,0.0,1,1.34,1.39,SPY200702P00298000,298.0,0,0.0,0.0,,0.0,normalDay
2020-06-30,4493.0,92.0,0.0,0,308.36,0.0,1,1.34,0.42,SPY200702P00298000,298.0,0,0.0,0.0,,0.0,normalDay
2020-07-01,4493.0,126.0,0.0,0,310.52,0.0,1,1.34,0.08,SPY200702P00298000,298.0,0,0.0,0.0,,0.0,normalDay
2020-07-02,4627.0,0.0,134.0,0,312.23,0.0,1,1.34,0.0,SPY200702P00298000,298.0,0,0.0,0.0,,0.0,expirationDay
2020-07-06,4627.0,0.0,0.0,0,317.05,0.0,0,0.0,0.0,,0.0,0,0.0,0.0,,0.0,bidTooLow
2020-07-07,4627.0,-3.0,0.0,0,313.78,0.0,1,0.19,0.22,SPY200710P00299000,299.0,0,0.0,0.0,,0.0,normalDay
2020-07-08,4627.0,14.0,0.0,0,316.18,0.0,1,0.19,0.05,SPY200710P00299000,299.0,0,0.0,0.0,,0.0,normalDay
2020-07-09,4627.0,15.0,0.0,0,314.38,0.0,1,0.19,0.04,SPY200710P00299000,299.0,0,0.0,0.0,,0.0,normalDay
2020-07-10,4646.0,0.0,19.0,0,317.59,0.0,1,0.19,0.0,SPY200710P00299000,299.0,0,0.0,0.0,,0.0,expirationDay
2020-07-13,4646.0,-3.0,0.0,0,314.84,0.0,1,0.26,0.29,SPY200715P00302000,302.0,0,0.0,0.0,,0.0,normalDay
2020-07-14,4646.0,23.0,0.0,0,318.92,0.0,1,0.26,0.03,SPY200715P00302000,302.0,0,0.0,0.0,,0.0,normalDay
2020-07-15,4672.0,0.0,26.0,0,321.85,0.0,1,0.26,0.0,SPY200715P00302000,302.0,0,0.0,0.0,,0.0,expirationDay
2020-07-16,4672.0,0.0,0.0,0,320.79,0.0,0,0.0,0.0,,0.0,0,0.0,0.0,,0.0,bidTooLow
2020-07-17,4672.0,0.0,0.0,0,321.72,0.0,0,0.0,0.0,,0.0,0,0.0,0.0,,0.0,bidTooLow
2020-07-20,4672.0,0.0,0.0,0,324.32,0.0,0,0.0,0.0,,0.0,0,0.0,0.0,,0.0,bidTooLow
2020-07-21,4672.0,0.0,0.0,0,325.01,0.0,0,0.0,0.0,,0.0,0,0.0,0.0,,0.0,bidTooLow
2020-07-22,4672.0,0.0,0.0,0,326.86,0.0,0,0.0,0.0,,0.0,0,0.0,0.0,,0.0,bidTooLow
2020-07-23,4672.0,0.0,0.0,0,322.96,0.0,0,0.0,0.0,,0.0,0,0.0,0.0,,0.0,bidTooLow
2020-07-24,4672.0,0.0,0.0,0,320.88,0.0,0,0.0,0.0,,0.0,0,0.0,0.0,,0.0,bidTooLow
2020-07-27,4672.0,0.0,0.0,0,323.22,0.0,0,0.0,0.0,,0.0,0,0.0,0.0,,0.0,bidTooLow
2020-07-28,4672.0,-3.0,0.0,0,321.17,0.0,1,0.22,0.25,SPY200731P00308000,308.0,0,0.0,0.0,,0.0,normalDay
2020-07-29,4672.0,16.0,0.0,0,325.12,0.0,1,0.22,0.06,SPY200731P00308000,308.0,0,0.0,0.0,,0.0,normalDay
2020-07-30,4672.0,17.0,0.0,0,323.96,0.0,1,0.22,0.05,SPY200731P00308000,308.0,0,0.0,0.0,,0.0,normalDay
2020-07-31,4694.0,0.0,22.0,0,326.52,0.0,1,0.22,0.0,SPY200731P00308000,308.0,0,0.0,0.0,,0.0,expirationDay
2020-08-03,4694.0,-3.0,0.0,0,328.79,0.0,1,0.02,0.05,SPY200805P00313000,313.0,0,0.0,0.0,,0.0,normalDay
2020-08-04,4694.0,0.0,0.0,0,330.06,0.0,1,0.02,0.02,SPY200805P00313000,313.0,0,0.0,0.0,,0.0,normalDay
2020-08-05,4696.0,0.0,2.0,0,332.11,0.0,1,0.02,0.0,SPY200805P00313000,313.0,0,0.0,0.0,,0.0,expirationDay
2020-08-06,4696.0,0.0,0.0,0,334.33,0.0,0,0.0,0.0,,0.0,0,0.0,0.0,,0.0,bidTooLow
2020-08-07,4696.0,0.0,0.0,0,334.57,0.0,0,0.0,0.0,,0.0,0,0.0,0.0,,0.0,bidTooLow
2020-08-10,4696.0,0.0,0.0,0,335.57,0.0,0,0.0,0.0,,0.0,0,0.0,0.0,,0.0,bidTooLow
2020-08-11,4696.0,-3.0,0.0,0,332.8,0.0,1,0.19,0.22,SPY200814P00317000,317.0,0,0.0,0.0,,0.0,normalDay
2020-08-12,4696.0,15.0,0.0,0,337.44,0.0,1,0.19,0.04,SPY200814P00317000,317.0,0,0.0,0.0,,0.0,normalDay
2020-08-13,4696.0,16.0,0.0,0,336.83,0.0,1,0.19,0.03,SPY200814P00317000,317.0,0,0.0,0.0,,0.0,normalDay
2020-08-14,4715.0,0.0,19.0,0,336.84,0.0,1,0.19,0.0,SPY200814P00317000,317.0,0,0.0,0.0,,0.0,expirationDay
2020-08-17,4715.0,0.0,0.0,0,337.91,0.0,0,0.0,0.0,,0.0,0,0.0,0.0,,0.0,bidTooLow
2020-08-18,4715.0,-3.0,0.0,0,338.64,0.0,1,0.04,0.07,SPY200821P00318000,318.0,0,0.0,0.0,,0.0,normalDay
2020-08-19,4715.0,-5.0,0.0,0,337.23,0.0,1,0.04,0.09,SPY200821P00318000,318.0,0,0.0,0.0,,0.0,normalDay
2020-08-20,4715.0,1.0,0.0,0,338.28,0.0,1,0.04,0.03,SPY200821P00318000,318.0,0,0.0,0.0,,0.0,normalDay
2020-08-21,4719.0,0.0,4.0,0,339.48,0.0,1,0.04,0.0,SPY200821P00318000,318.0,0,0.0,0.0,,0.0,expirationDay
2020-08-24,4719.0,-3.0,0.0,0,342.92,0.0,1,0.01,0.04,SPY200826P00322000,322.0,0,0.0,0.0,,0.0,normalDay
2020-08-25,4719.0,0.0,0.0,0,344.12,0.0,1,0.01,0.01,SPY200826P00322000,322.0,0,0.0,0.0,,0.0,normalDay
2020-08-26,4720.0,0.0,1.0,0,347.57,0.0,1,0.01,0.0,SPY200826P00322000,322.0,0,0.0,0.0,,0.0,expirationDay
2020-08-27,4720.0,0.0,0.0,0,348.33,0.0,0,0.0,0.0,,0.0,0,0.0,0.0,,0.0,bidTooLow
2020-08-28,4720.0,0.0,0.0,0,350.58,0.0,0,0.0,0.0,,0.0,0,0.0,0.0,,0.0,bidTooLow
2020-08-31,4720.0,-3.0,0.0,0,349.31,0.0,1,0.03,0.06,SPY200902P00327000,327.0,0,0.0,0.0,,0.0,normalDay
2020-09-01,4720.0,2.0,0.0,0,352.6,0.0,1,0.03,0.01,SPY200902P00327000,327.0,0,0.0,0.0,,0.0,normalDay
2020-09-02,4723.0,0.0,3.0,0,357.7,0.0,1,0.03,0.0,SPY200902P00327000,327.0,0,0.0,0.0,,0.0,expirationDay
2020-09-03,4723.0,-4.0,0.0,0,345.39,0.0,1,0.08,0.12,SPY200904P00328000,328.0,0,0.0,0.0,,0.0,normalDay
2020-09-04,4731.0,0.0,8.0,0,342.57,0.0,1,0.08,0.0,SPY200904P00328000,328.0,0,0.0,0.0,,0.0,expirationDay
2020-09-08,4731.0,-6.0,0.0,0,333.21,0.0,1,2.5,2.56,SPY200911P00329000,329.0,0,0.0,0.0,,0.0,normalDay
2020-09-09,4731.0,185.0,0.0,0,339.79,0.0,1,2.5,0.65,SPY200911P00329000,329.0,0,0.0,0.0,,0.0,normalDay
2020-09-10,4731.0,174.0,0.0,0,333.89,0.0,1,2.5,0.76,SPY200911P00329000,329.0,0,0.0,0.0,,0.0,normalDay
2020-09-11,4981.0,0.0,250.0,0,334.06,0.0,1,2.5,0.0,SPY200911P00329000,329.0,0,0.0,0.0,,0.0,expirationDay
2020-09-14,4981.0,-3.0,0.0,0,338.46,0.0,1,0.35,0.38,SPY200916P00329000,329.0,0,0.0,0.0,,0.0,normalDay
2020-09-15,4981.0,28.0,0.0,0,340.17,0.0,1,0.35,0.07,SPY200916P00329000,329.0,0,0.0,0.0,,0.0,normalDay
2020-09-16,5016.0,0.0,35.0,0,338.82,0.0,1,0.35,0.0,SPY200916P00329000,329.0,0,0.0,0.0,,0.0,expirationDay
2020-09-17,5016.0,-4.0,0.0,0,335.84,0.0,1,0.45,0.49,SPY200918P00329000,329.0,0,0.0,0.0,,0.0,normalDay
2020-09-18,5061.0,0.0,45.0,0,330.65,0.0,1,0.45,0.0,SPY200918P00329000,329.0,0,0.0,0.0,,0.0,expirationDay
2020-09-21,5061.0,-4.0,0.0,0,326.97,0.0,1,2.06,2.1,SPY200923P00326000,326.0,0,0.0,0.0,,0.0,normalDay
2020-09-22,5061.0,159.0,0.0,0,330.3,0.0,1,2.06,0.47,SPY200923P00326000,326.0,0,0.0,0.0,,0.0,normalDay
2020-09-23,5267.0,-336.0,206.0,100,322.64,326.0,1,2.06,0.0,SPY200923P00326000,326.0,0,0.0,0.0,,0.0,expirationDay
2020-09-24,5267.0,-260.0,0.0,100,323.5,326.0,0,0.0,0.0,,0.0,1,1.4,1.5,SPY201106C00352500,352.5,normalDay
2020-09-25,5267.0,211.0,0.0,100,328.73,326.0,0,0.0,0.0,,0.0,1,1.4,2.02,SPY201106C00352500,352.5,normalDay
2020-09-28,5267.0,632.0,0.0,100,334.19,326.0,0,0.0,0.0,,0.0,1,1.4,3.27,SPY201106C00352500,352.5,normalDay
2020-09-29,5267.0,488.0,0.0,100,332.37,326.0,0,0.0,0.0,,0.0,1,1.4,2.89,SPY201106C00352500,352.5,normalDay
2020-09-30,5267.0,727.0,0.0,100,334.89,326.0,0,0.0,0.0,,0.0,1,1.4,3.02,SPY201106C00352500,352.5,normalDay
2020-10-01,5267.0,842.0,0.0,100,337.04,326.0,0,0.0,0.0,,0.0,1,1.4,4.02,SPY201106C00352500,352.5,normalDay
2020-10-02,5267.0,620.0,0.0,100,333.84,326.0,0,0.0,0.0,,0.0,1,1.4,3.04,SPY201106C00352500,352.5,normalDay
2020-10-05,5267.0,1090.0,0.0,100,339.76,326.0,0,0.0,0.0,,0.0,1,1.4,4.26,SPY201106C00352500,352.5,normalDay
2020-10-06,5267.0,747.0,0.0,100,334.93,326.0,0,0.0,0.0,,0.0,1,1.4,2.86,SPY201106C00352500,352.5,normalDay
2020-10-07,5267.0,1207.0,0.0,100,340.76,326.0,0,0.0,0.0,,0.0,1,1.4,4.09,SPY201106C00352500,352.5,normalDay
2020-10-08,5267.0,1462.0,0.0,100,343.78,326.0,0,0.0,0.0,,0.0,1,1.4,4.56,SPY201106C00352500,352.5,normalDay
2020-10-09,5267.0,1698.0,0.0,100,346.85,326.0,0,0.0,0.0,,0.0,1,1.4,5.27,SPY201106C00352500,352.5,normalDay
2020-10-12,5267.0,1983.0,0.0,100,352.43,326.0,0,0.0,0.0,,0.0,1,1.4,8.0,SPY201106C00352500,352.5,normalDay
2020-10-13,5267.0,1855.0,0.0,100,350.13,326.0,0,0.0,0.0,,0.0,1,1.4,6.98,SPY201106C00352500,352.5,normalDay
2020-10-14,5267.0,1759.0,0.0,100,347.93,326.0,0,0.0,0.0,,0.0,1,1.4,5.74,SPY201106C00352500,352.5,normalDay
2020-10-15,5267.0,1740.0,0.0,100,347.5,326.0,0,0.0,0.0,,0.0,1,1.4,5.5,SPY201106C00352500,352.5,normalDay
2020-10-16,5267.0,1761.0,0.0,100,347.29,326.0,0,0.0,0.0,,0.0,1,1.4,5.08,SPY201106C00352500,352.5,normalDay
2020-10-19,5267.0,1404.0,0.0,100,342.01,326.0,0,0.0,0.0,,0.0,1,1.4,3.37,SPY201106C00352500,352.5,normalDay
2020-10-20,5267.0,1517.0,0.0,100,343.38,326.0,0,0.0,0.0,,0.0,1,1.4,3.61,SPY201106C00352500,352.5,normalDay
2020-10-21,5267.0,1481.0,0.0,100,342.73,326.0,0,0.0,0.0,,0.0,1,1.4,3.32,SPY201106C00352500,352.5,normalDay
2020-10-22,5267.0,1663.0,0.0,100,344.61,326.0,0,0.0,0.0,,0.0,1,1.4,3.38,SPY201106C00352500,352.5,normalDay
2020-10-23,5267.0,1792.0,0.0,100,345.78,326.0,0,0.0,0.0,,0.0,1,1.4,3.26,SPY201106C00352500,352.5,normalDay
2020-10-26,5267.0,1252.0,0.0,100,339.39,326.0,0,0.0,0.0,,0.0,1,1.4,2.27,SPY201106C00352500,352.5,normalDay
2020-10-27,5267.0,1178.0,0.0,100,338.22,326.0,0,0.0,0.0,,0.0,1,1.4,1.84,SPY201106C00352500,352.5,normalDay
2020-10-28,5267.0,154.0,0.0,100,326.66,326.0,0,0.0,0.0,,0.0,1,1.4,0.52,SPY201106C00352500,352.5,normalDay
2020-10-29,5267.0,484.0,0.0,100,329.98,326.0,0,0.0,0.0,,0.0,1,1.4,0.54,SPY201106C00352500,352.5,normalDay
2020-10-30,5267.0,181.0,0.0,100,326.54,326.0,0,0.0,0.0,,0.0,1,1.4,0.13,SPY201106C00352500,352.5,normalDay
2020-11-02,5267.0,544.0,0.0,100,330.2,326.0,0,0.0,0.0,,0.0,1,1.4,0.16,SPY201106C00352500,352.5,normalDay
2020-11-03,5267.0,1084.0,0.0,100,336.03,326.0,0,0.0,0.0,,0.0,1,1.4,0.59,SPY201106C00352500,352.5,normalDay
2020-11-04,5267.0,1856.0,0.0,100,343.54,326.0,0,0.0,0.0,,0.0,1,1.4,0.38,SPY201106C00352500,352.5,normalDay
2020-11-05,5267.0,2455.0,0.0,100,350.24,326.0,0,0.0,0.0,,0.0,1,1.4,1.09,SPY201106C00352500,352.5,normalDay
2020-11-06,5407.0,2416.0,140.0,100,350.16,326.0,0,0.0,0.0,,0.0,1,1.4,0.0,SPY201106C00352500,352.5,expirationDay
2020-11-09,5407.0,2844.0,0.0,100,354.56,326.0,0,0.0,0.0,,0.0,1,11.42,11.54,SPY201231C00354000,354.0,normalDay
2020-11-10,5407.0,2896.0,0.0,100,354.04,326.0,0,0.0,0.0,,0.0,1,11.42,10.5,SPY201231C00354000,354.0,normalDay
2020-11-11,5407.0,3050.0,0.0,100,356.67,326.0,0,0.0,0.0,,0.0,1,11.42,11.59,SPY201231C00354000,354.0,normalDay
2020-11-12,5407.0,2879.0,0.0,100,353.21,326.0,0,0.0,0.0,,0.0,1,11.42,9.84,SPY201231C00354000,354.0,normalDay
2020-11-13,5407.0,3154.0,0.0,100,358.1,326.0,0,0.0,0.0,,0.0,1,11.42,11.98,SPY201231C00354000,354.0,normalDay
2020-11-16,5407.0,3349.0,0.0,100,362.57,326.0,0,0.0,0.0,,0.0,1,11.42,14.5,SPY201231C00354000,354.0,normalDay
2020-11-17,5407.0,3290.0,0.0,100,360.62,326.0,0,0.0,0.0,,0.0,1,11.42,13.14,SPY201231C00354000,354.0,normalDay
2020-11-18,5407.0,3136.0,0.0,100,356.28,326.0,0,0.0,0.0,,0.0,1,11.42,10.34,SPY201231C00354000,354.0,normalDay
2020-11-19,5407.0,3228.0,0.0,100,357.78,326.0,0,0.0,0.0,,0.0,1,11.42,10.92,SPY201231C00354000,354.0,normalDay
2020-11-20,5407.0,3151.0,0.0,100,355.33,326.0,0,0.0,0.0,,0.0,1,11.42,9.24,SPY201231C00354000,354.0,normalDay
2020-11-23,5407.0,3290.0,0.0,100,357.46,326.0,0,0.0,0.0,,0.0,1,11.42,9.98,SPY201231C00354000,354.0,normalDay
2020-11-24,5407.0,3479.0,0.0,100,363.22,326.0,0,0.0,0.0,,0.0,1,11.42,13.85,SPY201231C00354000,354.0,normalDay
2020-11-25,5407.0,3507.0,0.0,100,362.66,326.0,0,0.0,0.0,,0.0,1,11.42,13.01,SPY201231C00354000,354.0,normalDay
2020-11-27,5407.0,3536.0,0.0,100,363.67,326.0,0,0.0,0.0,,0.0,1,11.42,13.73,SPY201231C00354000,354.0,normalDay
2020-11-30,5407.0,3483.0,0.0,100,362.06,326.0,0,0.0,0.0,,0.0,1,11.42,12.65,SPY201231C00354000,354.0,normalDay
2020-12-01,5407.0,3629.0,0.0,100,366.02,326.0,0,0.0,0.0,,0.0,1,11.42,15.15,SPY201231C00354000,354.0,normalDay
2020-12-02,5407.0,3645.0,0.0,100,366.79,326.0,0,0.0,0.0,,0.0,1,11.42,15.76,SPY201231C00354000,354.0,normalDay
2020-12-03,5407.0,3679.0,0.0,100,366.69,326.0,0,0.0,0.0,,0.0,1,11.42,15.32,SPY201231C00354000,354.0,normalDay
2020-12-04,5407.0,3774.0,0.0,100,369.85,326.0,0,0.0,0.0,,0.0,1,11.42,17.53,SPY201231C00354000,354.0,normalDay
2020-12-07,5407.0,3791.0,0.0,100,369.09,326.0,0,0.0,0.0,,0.0,1,11.42,16.6,SPY201231C00354000,354.0,normalDay
2020-12-08,5407.0,3795.0,0.0,100,370.17,326.0,0,0.0,0.0,,0.0,1,11.42,17.64,SPY201231C00354000,354.0,normalDay
2020-12-09,5407.0,3748.0,0.0,100,366.85,326.0,0,0.0,0.0,,0.0,1,11.42,14.79,SPY201231C00354000,354.0,normalDay
2020-12-10,5407.0,3761.0,0.0,100,366.73,326.0,0,0.0,0.0,,0.0,1,11.42,14.54,SPY201231C00354000,354.0,normalDay
2020-12-11,5407.0,3749.0,0.0,100,366.3,326.0,0,0.0,0.0,,0.0,1,11.42,14.23,SPY201231C00354000,354.0,normalDay
2020-12-14,5407.0,3696.0,0.0,100,364.66,326.0,0,0.0,0.0,,0.0,1,11.42,13.12,SPY201231C00354000,354.0,normalDay
2020-12-15,5407.0,3873.0,0.0,100,369.59,326.0,0,0.0,0.0,,0.0,1,11.42,16.28,SPY201231C00354000,354.0,normalDay
2020-12-16,5407.0,3869.0,0.0,100,370.17,326.0,0,0.0,0.0,,0.0,1,11.42,16.9,SPY201231C00354000,354.0,normalDay
2020-12-17,5407.0,3915.0,0.0,100,372.24,326.0,0,0.0,0.0,,0.0,1,11.42,18.51,SPY201231C00354000,354.0,normalDay
2020-12-18,5407.0,3714.0,0.0,100,369.18,326.0,0,0.0,0.0,,0.0,1,11.42,17.46,SPY201231C00354000,354.0,normalDay
2020-12-21,5407.0,3800.0,0.0,100,367.86,326.0,0,0.0,0.0,,0.0,1,11.42,15.28,SPY201231C00354000,354.0,normalDay
2020-12-22,5407.0,3840.0,0.0,100,367.24,326.0,0,0.0,0.0,,0.0,1,11.42,14.26,SPY201231C00354000,354.0,normalDay
2020-12-23,5407.0,3887.0,0.0,100,367.57,326.0,0,0.0,0.0,,0.0,1,11.42,14.12,SPY201231C00354000,354.0,normalDay
2020-12-24,5407.0,3907.0,0.0,100,369.0,326.0,0,0.0,0.0,,0.0,1,11.42,15.35,SPY201231C00354000,354.0,normalDay
2020-12-28,5407.0,3913.0,0.0,100,372.17,326.0,0,0.0,0.0,,0.0,1,11.42,18.46,SPY201231C00354000,354.0,normalDay
2020-12-29,5407.0,3927.0,0.0,100,371.46,326.0,0,0.0,0.0,,0.0,1,11.42,17.61,SPY201231C00354000,354.0,normalDay
2020-12-30,5407.0,3951.0,0.0,100,371.99,326.0,0,0.0,0.0,,0.0,1,11.42,17.9,SPY201231C00354000,354.0,normalDay
2020-12-31,9349.0,3951.0,3942.0,0,373.88,0.0,0,0.0,0.0,,0.0,1,11.42,0.0,SPY201231C00354000,354.0,expirationDay
2021-01-04,9349.0,-3.0,0.0,0,368.79,0.0,1,1.58,1.61,SPY210106P00365000,365.0,0,0.0,0.0,,0.0,normalDay
2021-01-05,9349.0,104.0,0.0,0,371.33,0.0,1,1.58,0.54,SPY210106P00365000,365.0,0,0.0,0.0,,0.0,normalDay
2021-01-06,9507.0,0.0,158.0,0,373.55,0.0,1,1.58,0.0,SPY210106P00365000,365.0,0,0.0,0.0,,0.0,expirationDay
2021-01-07,9507.0,-3.0,0.0,0,379.1,0.0,1,0.01,0.04,SPY210108P00363000,363.0,0,0.0,0.0,,0.0,normalDay
2021-01-08,9508.0,0.0,1.0,0,381.26,0.0,1,0.01,0.0,SPY210108P00363000,363.0,0,0.0,0.0,,0.0,expirationDay
2021-01-11,9508.0,-3.0,0.0,0,378.69,0.0,1,0.09,0.12,SPY210113P00363000,363.0,0,0.0,0.0,,0.0,normalDay
2021-01-12,9508.0,5.0,0.0,0,378.77,0.0,1,0.09,0.04,SPY210113P00363000,363.0,0,0.0,0.0,,0.0,normalDay
2021-01-13,9517.0,0.0,9.0,0,379.79,0.0,1,0.09,0.0,SPY210113P00363000,363.0,0,0.0,0.0,,0.0,expirationDay
2021-01-14,9517.0,-3.0,0.0,0,378.46,0.0,1,0.05,0.08,SPY210115P00364000,364.0,0,0.0,0.0,,0.0,normalDay
2021-01-15,9522.0,0.0,5.0,0,375.7,0.0,1,0.05,0.0,SPY210115P00364000,364.0,0,0.0,0.0,,0.0,expirationDay
2021-01-19,9522.0,-3.0,0.0,0,378.65,0.0,1,0.23,0.26,SPY210122P00364000,364.0,0,0.0,0.0,,0.0,normalDay
2021-01-20,9522.0,17.0,0.0,0,383.89,0.0,1,0.23,0.06,SPY210122P00364000,364.0,0,0.0,0.0,,0.0,normalDay
2021-01-21,9522.0,21.0,0.0,0,384.24,0.0,1,0.23,0.02,SPY210122P00364000,364.0,0,0.0,0.0,,0.0,normalDay
2021-01-22,9545.0,0.0,23.0,0,382.88,0.0,1,0.23,0.0,SPY210122P00364000,364.0,0,0.0,0.0,,0.0,expirationDay
2021-01-25,9545.0,-3.0,0.0,0,384.39,0.0,1,0.06,0.09,SPY210127P00367000,367.0,0,0.0,0.0,,0.0,normalDay
2021-01-26,9545.0,3.0,0.0,0,383.79,0.0,1,0.06,0.03,SPY210127P00367000,367.0,0,0.0,0.0,,0.0,normalDay
2021-01-27,9551.0,0.0,6.0,0,374.41,0.0,1,0.06,0.0,SPY210127P00367000,367.0,0,0.0,0.0,,0.0,expirationDay
2021-01-28,9551.0,-3.0,0.0,0,377.63,0.0,1,0.31,0.34,SPY210129P00369000,369.0,0,0.0,0.0,,0.0,normalDay
2021-01-29,9582.0,0.0,31.0,0,370.07,0.0,1,0.31,0.0,SPY210129P00369000,369.0,0,0.0,0.0,,0.0,expirationDay
2021-02-01,9582.0,-3.0,0.0,0,376.23,0.0,1,1.16,1.19,SPY210203P00369000,369.0,0,0.0,0.0,,0.0,normalDay
2021-02-02,9582.0,108.0,0.0,0,381.55,0.0,1,1.16,0.08,SPY210203P00369000,369.0,0,0.0,0.0,,0.0,normalDay
2021-02-03,9698.0,0.0,116.0,0,381.85,0.0,1,1.16,0.0,SPY210203P00369000,369.0,0,0.0,0.0,,0.0,expirationDay
2021-02-04,9698.0,0.0,0.0,0,386.19,0.0,0,0.0,0.0,,0.0,0,0.0,0.0,,0.0,bidTooLow
2021-02-05,9698.0,-3.0,0.0,0,387.71,0.0,1,0.01,0.04,SPY210208P00372000,372.0,0,0.0,0.0,,0.0,normalDay
2021-02-08,9699.0,0.0,1.0,0,390.51,0.0,1,0.01,0.0,SPY210208P00372000,372.0,0,0.0,0.0,,0.0,expirationDay
2021-02-09,9699.0,-3.0,0.0,0,390.25,0.0,1,0.05,0.08,SPY210212P00371000,371.0,0,0.0,0.0,,0.0,normalDay
2021-02-10,9699.0,-2.0,0.0,0,390.08,0.0,1,0.05,0.07,SPY210212P00371000,371.0,0,0.0,0.0,,0.0,normalDay
2021-02-11,9699.0,3.0,0.0,0,390.71,0.0,1,0.05,0.02,SPY210212P00371000,371.0,0,0.0,0.0,,0.0,normalDay
2021-02-12,9704.0,0.0,5.0,0,392.64,0.0,1,0.05,0.0,SPY210212P00371000,371.0,0,0.0,0.0,,0.0,expirationDay
2021-02-16,9704.0,-3.0,0.0,0,392.3,0.0,1,0.1,0.13,SPY210219P00371000,371.0,0,0.0,0.0,,0.0,normalDay
2021-02-17,9704.0,3.0,0.0,0,392.39,0.0,1,0.1,0.07,SPY210219P00371000,371.0,0,0.0,0.0,,0.0,normalDay
2021-02-18,9704.0,6.0,0.0,0,390.72,0.0,1,0.1,0.04,SPY210219P00371000,371.0,0,0.0,0.0,,0.0,normalDay
2021-02-19,9714.0,0.0,10.0,0,390.03,0.0,1,0.1,0.0,SPY210219P00371000,371.0,0,0.0,0.0,,0.0,expirationDay
2021-02-22,9714.0,-3.0,0.0,0,387.03,0.0,1,0.07,0.1,SPY210224P00372000,372.0,0,0.0,0.0,,0.0,normalDay
2021-02-23,9714.0,4.0,0.0,0,387.5,0.0,1,0.07,0.03,SPY210224P00372000,372.0,0,0.0,0.0,,0.0,normalDay
2021-02-24,9721.0,0.0,7.0,0,391.77,0.0,1,0.07,0.0,SPY210224P00372000,372.0,0,0.0,0.0,,0.0,expirationDay
2021-02-25,9721.0,-5.0,0.0,0,382.33,0.0,1,0.4,0.45,SPY210226P00374000,374.0,0,0.0,0.0,,0.0,normalDay
2021-02-26,9761.0,0.0,40.0,0,380.36,0.0,1,0.4,0.0,SPY210226P00374000,374.0,0,0.0,0.0,,0.0,expirationDay
2021-03-01,9761.0,-3.0,0.0,0,389.58,0.0,1,0.29,0.32,SPY210303P00378000,378.0,0,0.0,0.0,,0.0,normalDay
2021-03-02,9761.0,2.0,0.0,0,386.54,0.0,1,0.29,0.27,SPY210303P00378000,378.0,0,0.0,0.0,,0.0,normalDay
2021-03-03,9790.0,0.0,29.0,0,381.42,0.0,1,0.29,0.0,SPY210303P00378000,378.0,0,0.0,0.0,,0.0,expirationDay
2021-03-04,9790.0,-10.0,0.0,0,376.7,0.0,1,3.69,3.79,SPY210305P00379000,379.0,0,0.0,0.0,,0.0,normalDay
2021-03-05,10159.0,0.0,369.0,0,383.63,0.0,1,3.69,0.0,SPY210305P00379000,379.0,0,0.0,0.0,,0.0,expirationDay
2021-03-08,10159.0,-4.0,0.0,0,381.72,0.0,1,1.67,1.71,SPY210310P00378000,378.0,0,0.0,0.0,,0.0,normalDay
2021-03-09,10159.0,149.0,0.0,0,387.17,0.0,1,1.67,0.18,SPY210310P00378000,378.0,0,0.0,0.0,,0.0,normalDay
2021-03-10,10326.0,0.0,167.0,0,389.58,0.0,1,1.67,0.0,SPY210310P00378000,378.0,0,0.0,0.0,,0.0,expirationDay
2021-03-11,10326.0,0.0,0.0,0,393.53,0.0,0,0.0,0.0,,0.0,0,0.0,0.0,,0.0,bidTooLow
2021-03-12,10326.0,0.0,0.0,0,394.06,0.0,0,0.0,0.0,,0.0,0,0.0,0.0,,0.0,bidTooLow
2021-03-15,10326.0,-3.0,0.0,0,396.41,0.0,1,0.02,0.05,SPY210317P00377000,377.0,0,0.0,0.0,,0.0,normalDay
2021-03-16,10326.0,-2.0,0.0,0,395.91,0.0,1,0.02,0.04,SPY210317P00377000,377.0,0,0.0,0.0,,0.0,normalDay
2021-03-17,10328.0,0.0,2.0,0,397.26,0.0,1,0.02,0.0,SPY210317P00377000,377.0,0,0.0,0.0,,0.0,expirationDay
2021-03-18,10328.0,-3.0,0.0,0,391.48,0.0,1,0.12,0.15,SPY210319P00377000,377.0,0,0.0,0.0,,0.0,normalDay
2021-03-19,10340.0,0.0,12.0,0,389.48,0.0,1,0.12,0.0,SPY210319P00377000,377.0,0,0.0,0.0,,0.0,expirationDay
2021-03-22,10340.0,-3.0,0.0,0,392.59,0.0,1,0.01,0.04,SPY210324P00377000,377.0,0,0.0,0.0,,0.0,normalDay
2021-03-23,10340.0,-3.0,0.0,0,389.5,0.0,1,0.01,0.04,SPY210324P00377000,377.0,0,0.0,0.0,,0.0,normalDay
2021-03-24,10341.0,0.0,1.0,0,387.52,0.0,1,0.01,0.0,SPY210324P00377000,377.0,0,0.0,0.0,,0.0,expirationDay
2021-03-25,10341.0,-3.0,0.0,0,389.7,0.0,1,0.01,0.04,SPY210326P00377500,377.5,0,0.0,0.0,,0.0,normalDay
2021-03-26,10342.0,0.0,1.0,0,395.98,0.0,1,0.01,0.0,SPY210326P00377500,377.5,0,0.0,0.0,,0.0,expirationDay
2021-03-29,10342.0,-3.0,0.0,0,395.78,0.0,1,0.14,0.17,SPY210401P00378000,378.0,0,0.0,0.0,,0.0,normalDay
2021-03-30,10342.0,8.0,0.0,0,394.73,0.0,1,0.14,0.06,SPY210401P00378000,378.0,0,0.0,0.0,,0.0,normalDay
2021-03-31,10342.0,12.0,0.0,0,396.33,0.0,1,0.14,0.02,SPY210401P00378000,378.0,0,0.0,0.0,,0.0,normalDay
2021-04-01,10356.0,0.0,14.0,0,400.61,0.0,1,0.14,0.0,SPY210401P00378000,378.0,0,0.0,0.0,,0.0,expirationDay
2021-04-05,10356.0,-3.0,0.0,0,406.36,0.0,1,0.01,0.04,SPY210407P00384000,384.0,0,0.0,0.0,,0.0,normalDay
2021-04-06,10356.0,-1.0,0.0,0,406.12,0.0,1,0.01,0.02,SPY210407P00384000,384.0,0,0.0,0.0,,0.0,normalDay
2021-04-07,10357.0,0.0,1.0,0,406.59,0.0,1,0.01,0.0,SPY210407P00384000,384.0,0,0.0,0.0,,0.0,expirationDay
2021-04-08,10357.0,0.0,0.0,0,408.52,0.0,0,0.0,0.0,,0.0,0,0.0,0.0,,0.0,bidTooLow
2021-04-09,10357.0,0.0,0.0,0,411.49,0.0,0,0.0,0.0,,0.0,0,0.0,0.0,,0.0,bidTooLow
2021-04-12,10357.0,0.0,0.0,0,411.64,0.0,0,0.0,0.0,,0.0,0,0.0,0.0,,0.0,bidTooLow
2021-04-13,10357.0,0.0,0.0,0,412.86,0.0,0,0.0,0.0,,0.0,0,0.0,0.0,,0.0,bidTooLow
2021-04-14,10357.0,0.0,0.0,0,411.45,0.0,0,0.0,0.0,,0.0,0,0.0,0.0,,0.0,bidTooLow
2021-04-15,10357.0,0.0,0.0,0,415.87,0.0,0,0.0,0.0,,0.0,0,0.0,0.0,,0.0,bidTooLow
2021-04-16,10357.0,0.0,0.0,0,417.26,0.0,0,0.0,0.0,,0.0,0,0.0,0.0,,0.0,bidTooLow
2021-04-19,10357.0,0.0,0.0,0,415.21,0.0,0,0.0,0.0,,0.0,0,0.0,0.0,,0.0,bidTooLow
2021-04-20,10357.0,0.0,0.0,0,412.17,0.0,0,0.0,0.0,,0.0,0,0.0,0.0,,0.0,bidTooLow
2021-04-21,10357.0,0.0,0.0,0,416.07,0.0,0,0.0,0.0,,0.0,0,0.0,0.0,,0.0,bidTooLow
2021-04-22,10357.0,0.0,0.0,0,412.27,0.0,0,0.0,0.0,,0.0,0,0.0,0.0,,0.0,bidTooLow
2021-04-23,10357.0,0.0,0.0,0,416.74,0.0,0,0.0,0.0,,0.0,0,0.0,0.0,,0.0,bidTooLow
2021-04-26,10357.0,0.0,0.0,0,417.61,0.0,0,0.0,0.0,,0.0,0,0.0,0.0,,0.0,bidTooLow
2021-04-27,10357.0,-3.0,0.0,0,417.52,0.0,1,0.02,0.05,SPY210430P00397000,397.0,0,0.0,0.0,,0.0,normalDay
2021-04-28,10357.0,-1.0,0.0,0,417.4,0.0,1,0.02,0.03,SPY210430P00397000,397.0,0,0.0,0.0,,0.0,normalDay
2021-04-29,10357.0,0.0,0.0,0,420.06,0.0,1,0.02,0.02,SPY210430P00397000,397.0,0,0.0,0.0,,0.0,normalDay
2021-04-30,10359.0,0.0,2.0,0,417.3,0.0,1,0.02,0.0,SPY210430P00397000,397.0,0,0.0,0.0,,0.0,expirationDay
2021-05-03,10359.0,-3.0,0.0,0,418.2,0.0,1,0.05,0.08,SPY210505P00406000,406.0,0,0.0,0.0,,0.0,normalDay
2021-05-04,10359.0,-1.0,0.0,0,415.62,0.0,1,0.05,0.06,SPY210505P00406000,406.0,0,0.0,0.0,,0.0,normalDay
2021-05-05,10364.0,0.0,5.0,0,415.75,0.0,1,0.05,0.0,SPY210505P00406000,406.0,0,0.0,0.0,,0.0,expirationDay
2021-05-06,10364.0,-3.0,0.0,0,419.07,0.0,1,0.04,0.07,SPY210507P00410000,410.0,0,0.0,0.0,,0.0,normalDay
2021-05-07,10368.0,0.0,4.0,0,422.12,0.0,1,0.04,0.0,SPY210507P00410000,410.0,0,0.0,0.0,,0.0,expirationDay
2021-05-10,10368.0,-3.0,0.0,0,417.94,0.0,1,0.53,0.56,SPY210512P00411000,411.0,0,0.0,0.0,,0.0,normalDay
2021-05-11,10368.0,-29.0,0.0,0,414.21,0.0,1,0.53,0.82,SPY210512P00411000,411.0,0,0.0,0.0,,0.0,normalDay
2021-05-12,10421.0,-559.0,53.0,100,405.41,411.0,1,0.53,0.0,SPY210512P00411000,411.0,0,0.0,0.0,,0.0,expirationDay
2021-05-13,10421.0,-94.0,0.0,100,410.28,411.0,0,0.0,0.0,,0.0,1,4.81,5.03,SPY210702C00421000,421.0,normalDay
2021-05-14,10421.0,371.0,0.0,100,416.58,411.0,0,0.0,0.0,,0.0,1,4.81,6.68,SPY210702C00421000,421.0,normalDay
2021-05-17,10421.0,331.0,0.0,100,415.52,411.0,0,0.0,0.0,,0.0,1,4.81,6.02,SPY210702C00421000,421.0,normalDay
2021-05-18,10421.0,115.0,0.0,100,411.94,411.0,0,0.0,0.0,,0.0,1,4.81,4.6,SPY210702C00421000,421.0,normalDay
2021-05-19,10421.0,52.0,0.0,100,410.86,411.0,0,0.0,0.0,,0.0,1,4.81,4.15,SPY210702C00421000,421.0,normalDay
2021-05-20,10421.0,368.0,0.0,100,415.28,411.0,0,0.0,0.0,,0.0,1,4.81,5.41,SPY210702C00421000,421.0,normalDay
2021-05-21,10421.0,363.0,0.0,100,414.94,411.0,0,0.0,0.0,,0.0,1,4.81,5.12,SPY210702C00421000,421.0,normalDay
2021-05-24,10421.0,673.0,0.0,100,419.17,411.0,0,0.0,0.0,,0.0,1,4.81,6.25,SPY210702C00421000,421.0,normalDay
2021-05-25,10421.0,631.0,0.0,100,418.24,411.0,0,0.0,0.0,,0.0,1,4.81,5.74,SPY210702C00421000,421.0,normalDay
2021-05-26,10421.0,737.0,0.0,100,419.07,411.0,0,0.0,0.0,,0.0,1,4.81,5.51,SPY210702C00421000,421.0,normalDay
2021-05-27,10421.0,747.0,0.0,100,419.29,411.0,0,0.0,0.0,,0.0,1,4.81,5.63,SPY210702C00421000,421.0,normalDay
2021-05-28,10421.0,843.0,0.0,100,420.04,411.0,0,0.0,0.0,,0.0,1,4.81,5.42,SPY210702C00421000,421.0,normalDay
2021-06-01,10421.0,821.0,0.0,100,419.67,411.0,0,0.0,0.0,,0.0,1,4.81,5.27,SPY210702C00421000,421.0,normalDay
2021-06-02,10421.0,891.0,0.0,100,420.33,411.0,0,0.0,0.0,,0.0,1,4.81,5.23,SPY210702C00421000,421.0,normalDay
2021-06-03,10421.0,806.0,0.0,100,418.77,411.0,0,0.0,0.0,,0.0,1,4.81,4.52,SPY210702C00421000,421.0,normalDay
2021-06-04,10421.0,1057.0,0.0,100,422.6,411.0,0,0.0,0.0,,0.0,1,4.81,5.84,SPY210702C00421000,421.0,normalDay
2021-06-07,10421.0,1056.0,0.0,100,422.19,411.0,0,0.0,0.0,,0.0,1,4.81,5.44,SPY210702C00421000,421.0,normalDay
2021-06-08,10421.0,1059.0,0.0,100,422.28,411.0,0,0.0,0.0,,0.0,1,4.81,5.5,SPY210702C00421000,421.0,normalDay
2021-06-09,10421.0,1009.0,0.0,100,421.65,411.0,0,0.0,0.0,,0.0,1,4.81,5.37,SPY210702C00421000,421.0,normalDay
2021-06-10,10421.0,1180.0,0.0,100,423.61,411.0,0,0.0,0.0,,0.0,1,4.81,5.62,SPY210702C00421000,421.0,normalDay
2021-06-11,10421.0,1237.0,0.0,100,424.31,411.0,0,0.0,0.0,,0.0,1,4.81,5.75,SPY210702C00421000,421.0,normalDay
2021-06-14,10421.0,1265.0,0.0,100,425.26,411.0,0,0.0,0.0,,0.0,1,4.81,6.42,SPY210702C00421000,421.0,normalDay
2021-06-15,10421.0,1251.0,0.0,100,424.48,411.0,0,0.0,0.0,,0.0,1,4.81,5.78,SPY210702C00421000,421.0,normalDay
2021-06-16,10421.0,1131.0,0.0,100,422.11,411.0,0,0.0,0.0,,0.0,1,4.81,4.61,SPY210702C00421000,421.0,normalDay
2021-06-17,10421.0,1176.0,0.0,100,421.97,411.0,0,0.0,0.0,,0.0,1,4.81,4.02,SPY210702C00421000,421.0,normalDay
2021-06-18,10421.0,673.0,0.0,100,414.92,411.0,0,0.0,0.0,,0.0,1,4.81,2.0,SPY210702C00421000,421.0,normalDay
2021-06-21,10421.0,1092.0,0.0,100,420.86,411.0,0,0.0,0.0,,0.0,1,4.81,3.75,SPY210702C00421000,421.0,normalDay
2021-06-22,10421.0,1259.0,0.0,100,423.11,411.0,0,0.0,0.0,,0.0,1,4.81,4.33,SPY210702C00421000,421.0,normalDay
2021-06-23,10421.0,1246.0,0.0,100,422.6,411.0,0,0.0,0.0,,0.0,1,4.81,3.95,SPY210702C00421000,421.0,normalDay
2021-06-24,10421.0,1346.0,0.0,100,425.1,411.0,0,0.0,0.0,,0.0,1,4.81,5.45,SPY210702C00421000,421.0,normalDay
2021-06-25,10421.0,1401.0,0.0,100,426.61,411.0,0,0.0,0.0,,0.0,1,4.81,6.41,SPY210702C00421000,421.0,normalDay
2021-06-28,10421.0,1449.0,0.0,100,427.47,411.0,0,0.0,0.0,,0.0,1,4.81,6.79,SPY210702C00421000,421.0,normalDay
2021-06-29,10421.0,1429.0,0.0,100,427.7,411.0,0,0.0,0.0,,0.0,1,4.81,7.22,SPY210702C00421000,421.0,normalDay
2021-06-30,10421.0,1412.0,0.0,100,428.06,411.0,0,0.0,0.0,,0.0,1,4.81,7.75,SPY210702C00421000,421.0,normalDay
2021-07-01,10421.0,1479.0,0.0,100,430.43,411.0,0,0.0,0.0,,0.0,1,4.81,9.45,SPY210702C00421000,421.0,normalDay
2021-07-02,11902.0,1479.0,1481.0,0,433.72,0.0,0,0.0,0.0,,0.0,1,4.81,0.0,SPY210702C00421000,421.0,expirationDay
2021-07-06,11902.0,-3.0,0.0,0,432.93,0.0,1,0.02,0.05,SPY210709P00416000,416.0,0,0.0,0.0,,0.0,normalDay
2021-07-07,11902.0,-1.0,0.0,0,434.46,0.0,1,0.02,0.03,SPY210709P00416000,416.0,0,0.0,0.0,,0.0,normalDay
2021-07-08,11902.0,-1.0,0.0,0,430.92,0.0,1,0.02,0.03,SPY210709P00416000,416.0,0,0.0,0.0,,0.0,normalDay
2021-07-09,11904.0,0.0,2.0,0,435.52,0.0,1,0.02,0.0,SPY210709P00416000,416.0,0,0.0,0.0,,0.0,expirationDay
2021-07-12,11904.0,-3.0,0.0,0,437.08,0.0,1,0.01,0.04,SPY210714P00416000,416.0,0,0.0,0.0,,0.0,normalDay
2021-07-13,11904.0,-3.0,0.0,0,435.59,0.0,1,0.01,0.04,SPY210714P00416000,416.0,0,0.0,0.0,,0.0,normalDay
2021-07-14,11905.0,0.0,1.0,0,436.24,0.0,1,0.01,0.0,SPY210714P00416000,416.0,0,0.0,0.0,,0.0,expirationDay
2021-07-15,11905.0,-3.0,0.0,0,434.75,0.0,1,0.01,0.04,SPY210716P00417000,417.0,0,0.0,0.0,,0.0,normalDay
2021-07-16,11906.0,0.0,1.0,0,431.34,0.0,1,0.01,0.0,SPY210716P00417000,417.0,0,0.0,0.0,,0.0,expirationDay
2021-07-19,11906.0,-4.0,0.0,0,424.97,0.0,1,1.16,1.2,SPY210721P00420000,420.0,0,0.0,0.0,,0.0,normalDay
2021-07-20,11906.0,110.0,0.0,0,431.06,0.0,1,1.16,0.06,SPY210721P00420000,420.0,0,0.0,0.0,,0.0,normalDay
2021-07-21,12022.0,0.0,116.0,0,434.55,0.0,1,1.16,0.0,SPY210721P00420000,420.0,0,0.0,0.0,,0.0,expirationDay
2021-07-22,12022.0,0.0,0.0,0,435.46,0.0,0,0.0,0.0,,0.0,0,0.0,0.0,,0.0,bidTooLow
2021-07-23,12022.0,0.0,0.0,0,439.94,0.0,0,0.0,0.0,,0.0,0,0.0,0.0,,0.0,bidTooLow
2021-07-26,12022.0,-3.0,0.0,0,441.02,0.0,1,0.01,0.04,SPY210728P00425000,425.0,0,0.0,0.0,,0.0,normalDay
2021-07-27,12022.0,-3.0,0.0,0,439.01,0.0,1,0.01,0.04,SPY210728P00425000,425.0,0,0.0,0.0,,0.0,normalDay
2021-07-28,12023.0,0.0,1.0,0,438.83,0.0,1,0.01,0.0,SPY210728P00425000,425.0,0,0.0,0.0,,0.0,expirationDay
2021-07-29,12023.0,0.0,0.0,0,440.65,0.0,0,0.0,0.0,,0.0,0,0.0,0.0,,0.0,bidTooLow
2021-07-30,12023.0,-3.0,0.0,0,438.51,0.0,1,0.03,0.06,SPY210802P00427000,427.0,0,0.0,0.0,,0.0,normalDay
2021-08-02,12026.0,0.0,3.0,0,437.59,0.0,1,0.03,0.0,SPY210802P00427000,427.0,0,0.0,0.0,,0.0,expirationDay
2021-08-03,12026.0,-3.0,0.0,0,441.15,0.0,1,0.08,0.11,SPY210806P00428000,428.0,0,0.0,0.0,,0.0,normalDay
2021-08-04,12026.0,-2.0,0.0,0,438.98,0.0,1,0.08,0.1,SPY210806P00428000,428.0,0,0.0,0.0,,0.0,normalDay
2021-08-05,12026.0,5.0,0.0,0,441.76,0.0,1,0.08,0.03,SPY210806P00428000,428.0,0,0.0,0.0,,0.0,normalDay
2021-08-06,12034.0,0.0,8.0,0,442.49,0.0,1,0.08,0.0,SPY210806P00428000,428.0,0,0.0,0.0,,0.0,expirationDay
2021-08-09,12034.0,-3.0,0.0,0,442.13,0.0,1,0.01,0.04,SPY210811P00428000,428.0,0,0.0,0.0,,0.0,normalDay
2021-08-10,12034.0,-2.0,0.0,0,442.68,0.0,1,0.01,0.03,SPY210811P00428000,428.0,0,0.0,0.0,,0.0,normalDay
2021-08-11,12035.0,0.0,1.0,0,443.78,0.0,1,0.01,0.0,SPY210811P00428000,428.0,0,0.0,0.0,,0.0,expirationDay
2021-08-12,12035.0,-3.0,0.0,0,445.11,0.0,1,0.01,0.04,SPY210813P00429000,429.0,0,0.0,0.0,,0.0,normalDay
2021-08-13,12036.0,0.0,1.0,0,445.92,0.0,1,0.01,0.0,SPY210813P00429000,429.0,0,0.0,0.0,,0.0,expirationDay
2021-08-16,12036.0,-3.0,0.0,0,446.97,0.0,1,0.04,0.07,SPY210818P00433000,433.0,0,0.0,0.0,,0.0,normalDay
2021-08-17,12036.0,-4.0,0.0,0,444.04,0.0,1,0.04,0.08,SPY210818P00433000,433.0,0,0.0,0.0,,0.0,normalDay
2021-08-18,12040.0,0.0,4.0,0,439.18,0.0,1,0.04,0.0,SPY210818P00433000,433.0,0,0.0,0.0,,0.0,expirationDay
2021-08-19,12040.0,-4.0,0.0,0,439.86,0.0,1,0.6,0.64,SPY210820P00436000,436.0,0,0.0,0.0,,0.0,normalDay
2021-08-20,12100.0,0.0,60.0,0,443.36,0.0,1,0.6,0.0,SPY210820P00436000,436.0,0,0.0,0.0,,0.0,expirationDay
2021-08-23,12100.0,-3.0,0.0,0,447.26,0.0,1,0.04,0.07,SPY210825P00436000,436.0,0,0.0,0.0,,0.0,normalDay
2021-08-24,12100.0,0.0,0.0,0,447.97,0.0,1,0.04,0.04,SPY210825P00436000,436.0,0,0.0,0.0,,0.0,normalDay
2021-08-25,12104.0,0.0,4.0,0,448.91,0.0,1,0.04,0.0,SPY210825P00436000,436.0,0,0.0,0.0,,0.0,expirationDay
2021-08-26,12104.0,-3.0,0.0,0,446.26,0.0,1,0.06,0.09,SPY210827P00436000,436.0,0,0.0,0.0,,0.0,normalDay
2021-08-27,12110.0,0.0,6.0,0,450.25,0.0,1,0.06,0.0,SPY210827P00436000,436.0,0,0.0,0.0,,0.0,expirationDay
2021-08-30,12110.0,-3.0,0.0,0,452.23,0.0,1,0.02,0.05,SPY210901P00437000,437.0,0,0.0,0.0,,0.0,normalDay
2021-08-31,12110.0,-2.0,0.0,0,451.56,0.0,1,0.02,0.04,SPY210901P00437000,437.0,0,0.0,0.0,,0.0,normalDay
2021-09-01,12112.0,0.0,2.0,0,451.8,0.0,1,0.02,0.0,SPY210901P00437000,437.0,0,0.0,0.0,,0.0,expirationDay
2021-09-02,12112.0,0.0,0.0,0,453.19,0.0,0,0.0,0.0,,0.0,0,0.0,0.0,,0.0,bidTooLow
2021-09-03,12112.0,0.0,0.0,0,453.08,0.0,0,0.0,0.0,,0.0,0,0.0,0.0,,0.0,bidTooLow
2021-09-07,12112.0,-3.0,0.0,0,451.46,0.0,1,0.16,0.19,SPY210910P00439000,439.0,0,0.0,0.0,,0.0,normalDay
2021-09-08,12112.0,6.0,0.0,0,450.91,0.0,1,0.16,0.1,SPY210910P00439000,439.0,0,0.0,0.0,,0.0,normalDay
2021-09-09,12112.0,9.0,0.0,0,448.98,0.0,1,0.16,0.07,SPY210910P00439000,439.0,0,0.0,0.0,,0.0,normalDay
2021-09-10,12128.0,0.0,16.0,0,445.44,0.0,1,0.16,0.0,SPY210910P00439000,439.0,0,0.0,0.0,,0.0,expirationDay
2021-09-13,12128.0,-3.0,0.0,0,446.58,0.0,1,0.59,0.62,SPY210915P00440000,440.0,0,0.0,0.0,,0.0,normalDay
2021-09-14,12128.0,20.0,0.0,0,444.17,0.0,1,0.59,0.39,SPY210915P00440000,440.0,0,0.0,0.0,,0.0,normalDay
2021-09-15,12187.0,0.0,59.0,0,447.88,0.0,1,0.59,0.0,SPY210915P00440000,440.0,0,0.0,0.0,,0.0,expirationDay
2021-09-16,12187.0,-3.0,0.0,0,447.17,0.0,1,0.24,0.27,SPY210917P00441000,441.0,0,0.0,0.0,,0.0,normalDay
2021-09-17,12211.0,0.0,24.0,0,441.4,0.0,1,0.24,0.0,SPY210917P00441000,441.0,0,0.0,0.0,,0.0,expirationDay
2021-09-20,12211.0,-20.0,0.0,0,434.04,0.0,1,5.98,6.18,SPY210922P00439000,439.0,0,0.0,0.0,,0.0,normalDay
2021-09-21,12211.0,4.0,0.0,0,433.63,0.0,1,5.98,5.94,SPY210922P00439000,439.0,0,0.0,0.0,,0.0,normalDay
2021-09-22,12809.0,-114.0,598.0,100,437.86,439.0,1,5.98,0.0,SPY210922P00439000,439.0,0,0.0,0.0,,0.0,expirationDay
2021-09-23,12809.0,413.0,0.0,100,443.18,439.0,0,0.0,0.0,,0.0,1,2.57,2.62,SPY211105C00456000,456.0,normalDay
2021-09-24,12809.0,495.0,0.0,100,443.91,439.0,0,0.0,0.0,,0.0,1,2.57,2.53,SPY211105C00456000,456.0,normalDay
2021-09-27,12809.0,420.0,0.0,100,442.64,439.0,0,0.0,0.0,,0.0,1,2.57,2.01,SPY211105C00456000,456.0,normalDay
2021-09-28,12809.0,-380.0,0.0,100,433.72,439.0,0,0.0,0.0,,0.0,1,2.57,1.09,SPY211105C00456000,456.0,normalDay
2021-09-29,12809.0,-305.0,0.0,100,434.45,439.0,0,0.0,0.0,,0.0,1,2.57,1.07,SPY211105C00456000,456.0,normalDay
2021-09-30,12809.0,-780.0,0.0,100,429.14,439.0,0,0.0,0.0,,0.0,1,2.57,0.51,SPY211105C00456000,456.0,normalDay
2021-10-01,12809.0,-305.0,0.0,100,434.24,439.0,0,0.0,0.0,,0.0,1,2.57,0.86,SPY211105C00456000,456.0,normalDay
2021-10-04,12809.0,-828.0,0.0,100,428.64,439.0,0,0.0,0.0,,0.0,1,2.57,0.49,SPY211105C00456000,456.0,normalDay
2021-10-05,12809.0,-392.0,0.0,100,433.1,439.0,0,0.0,0.0,,0.0,1,2.57,0.59,SPY211105C00456000,456.0,normalDay
2021-10-06,12809.0,-221.0,0.0,100,434.9,439.0,0,0.0,0.0,,0.0,1,2.57,0.68,SPY211105C00456000,456.0,normalDay
2021-10-07,12809.0,133.0,0.0,100,438.66,439.0,0,0.0,0.0,,0.0,1,2.57,0.9,SPY211105C00456000,456.0,normalDay
2021-10-08,12809.0,90.0,0.0,100,437.86,439.0,0,0.0,0.0,,0.0,1,2.57,0.53,SPY211105C00456000,456.0,normalDay
2021-10-11,12809.0,-204.0,0.0,100,434.69,439.0,0,0.0,0.0,,0.0,1,2.57,0.3,SPY211105C00456000,456.0,normalDay
2021-10-12,12809.0,-301.0,0.0,100,433.62,439.0,0,0.0,0.0,,0.0,1,2.57,0.2,SPY211105C00456000,456.0,normalDay
2021-10-13,12809.0,-150.0,0.0,100,435.18,439.0,0,0.0,0.0,,0.0,1,2.57,0.25,SPY211105C00456000,456.0,normalDay
2021-10-14,12809.0,542.0,0.0,100,442.5,439.0,0,0.0,0.0,,0.0,1,2.57,0.65,SPY211105C00456000,456.0,normalDay
2021-10-15,12809.0,848.0,0.0,100,445.87,439.0,0,0.0,0.0,,0.0,1,2.57,0.96,SPY211105C00456000,456.0,normalDay
2021-10-18,12809.0,969.0,0.0,100,447.19,439.0,0,0.0,0.0,,0.0,1,2.57,1.07,SPY211105C00456000,456.0,normalDay
2021-10-19,12809.0,1224.0,0.0,100,450.64,439.0,0,0.0,0.0,,0.0,1,2.57,1.97,SPY211105C00456000,456.0,normalDay
2021-10-20,12809.0,1372.0,0.0,100,452.41,439.0,0,0.0,0.0,,0.0,1,2.57,2.26,SPY211105C00456000,456.0,normalDay
2021-10-21,12809.0,1460.0,0.0,100,453.59,439.0,0,0.0,0.0,,0.0,1,2.57,2.56,SPY211105C00456000,456.0,normalDay
2021-10-22,12809.0,1448.0,0.0,100,453.12,439.0,0,0.0,0.0,,0.0,1,2.57,2.21,SPY211105C00456000,456.0,normalDay
2021-10-25,12809.0,1624.0,0.0,100,455.55,439.0,0,0.0,0.0,,0.0,1,2.57,2.88,SPY211105C00456000,456.0,normalDay
2021-10-26,12809.0,1585.0,0.0,100,455.96,439.0,0,0.0,0.0,,0.0,1,2.57,3.68,SPY211105C00456000,456.0,normalDay
2021-10-27,12809.0,1481.0,0.0,100,453.94,439.0,0,0.0,0.0,,0.0,1,2.57,2.7,SPY211105C00456000,456.0,normalDay
2021-10-28,12809.0,1745.0,0.0,100,458.32,439.0,0,0.0,0.0,,0.0,1,2.57,4.44,SPY211105C00456000,456.0,normalDay
2021-10-29,12809.0,1768.0,0.0,100,459.25,439.0,0,0.0,0.0,,0.0,1,2.57,5.14,SPY211105C00456000,456.0,normalDay
2021-11-01,12809.0,1839.0,0.0,100,460.04,439.0,0,0.0,0.0,,0.0,1,2.57,5.22,SPY211105C00456000,456.0,normalDay
2021-11-02,12809.0,1909.0,0.0,100,461.9,439.0,0,0.0,0.0,,0.0,1,2.57,6.38,SPY211105C00456000,456.0,normalDay
2021-11-03,12809.0,1950.0,0.0,100,464.72,439.0,0,0.0,0.0,,0.0,1,2.57,8.79,SPY211105C00456000,456.0,normalDay
2021-11-04,12809.0,1977.0,0.0,100,466.91,439.0,0,0.0,0.0,,0.0,1,2.57,10.71,SPY211105C00456000,456.0,normalDay
2021-11-05,14766.0,1977.0,1957.0,0,468.53,0.0,0,0.0,0.0,,0.0,1,2.57,0.0,SPY211105C00456000,456.0,expirationDay
2021-11-08,14766.0,0.0,0.0,0,468.93,0.0,0,0.0,0.0,,0.0,0,0.0,0.0,,0.0,bidTooLow
2021-11-09,14766.0,-3.0,0.0,0,467.38,0.0,1,0.01,0.04,SPY211112P00438000,438.0,0,0.0,0.0,,0.0,normalDay
2021-11-10,14766.0,-3.0,0.0,0,463.62,0.0,1,0.01,0.04,SPY211112P00438000,438.0,0,0.0,0.0,,0.0,normalDay
2021-11-11,14766.0,-1.0,0.0,0,463.77,0.0,1,0.01,0.02,SPY211112P00438000,438.0,0,0.0,0.0,,0.0,normalDay
2021-11-12,14767.0,0.0,1.0,0,467.27,0.0,1,0.01,0.0,SPY211112P00438000,438.0,0,0.0,0.0,,0.0,expirationDay
2021-11-15,14767.0,-3.0,0.0,0,467.43,0.0,1,0.01,0.04,SPY211117P00448000,448.0,0,0.0,0.0,,0.0,normalDay
2021-11-16,14767.0,-1.0,0.0,0,469.28,0.0,1,0.01,0.02,SPY211117P00448000,448.0,0,0.0,0.0,,0.0,normalDay
2021-11-17,14768.0,0.0,1.0,0,468.14,0.0,1,0.01,0.0,SPY211117P00448000,448.0,0,0.0,0.0,,0.0,expirationDay
2021-11-18,14768.0,-3.0,0.0,0,469.73,0.0,1,0.01,0.04,SPY211119P00452000,452.0,0,0.0,0.0,,0.0,normalDay
2021-11-19,14769.0,0.0,1.0,0,468.89,0.0,1,0.01,0.0,SPY211119P00452000,452.0,0,0.0,0.0,,0.0,expirationDay
2021-11-22,14769.0,-3.0,0.0,0,467.57,0.0,1,0.12,0.15,SPY211124P00455000,455.0,0,0.0,0.0,,0.0,normalDay
2021-11-23,14769.0,7.0,0.0,0,468.19,0.0,1,0.12,0.05,SPY211124P00455000,455.0,0,0.0,0.0,,0.0,normalDay
2021-11-24,14781.0,0.0,12.0,0,469.44,0.0,1,0.12,0.0,SPY211124P00455000,455.0,0,0.0,0.0,,0.0,expirationDay
2021-11-26,14781.0,-12.0,0.0,0,458.97,0.0,1,4.08,4.2,SPY211129P00459000,459.0,0,0.0,0.0,,0.0,normalDay
2021-11-29,15189.0,0.0,408.0,0,464.6,0.0,1,4.08,0.0,SPY211129P00459000,459.0,0,0.0,0.0,,0.0,expirationDay
2021-11-30,15189.0,-11.0,0.0,0,455.56,0.0,1,4.49,4.6,SPY211203P00459000,459.0,0,0.0,0.0,,0.0,normalDay
2021-12-01,15189.0,-515.0,0.0,0,450.5,0.0,1,4.49,9.64,SPY211203P00459000,459.0,0,0.0,0.0,,0.0,normalDay
2021-12-02,15189.0,122.0,0.0,0,457.4,0.0,1,4.49,3.27,SPY211203P00459000,459.0,0,0.0,0.0,,0.0,normalDay
2021-12-03,15638.0,-558.0,449.0,100,453.42,459.0,1,4.49,0.0,SPY211203P00459000,459.0,0,0.0,0.0,,0.0,expirationDay
2021-12-06,15638.0,-28.0,0.0,100,458.79,459.0,0,0.0,0.0,,0.0,1,4.77,4.84,SPY220121C00473000,473.0,normalDay
2021-12-07,15638.0,644.0,0.0,100,468.28,459.0,0,0.0,0.0,,0.0,1,4.77,7.61,SPY220121C00473000,473.0,normalDay
2021-12-08,15638.0,789.0,0.0,100,469.52,459.0,0,0.0,0.0,,0.0,1,4.77,7.4,SPY220121C00473000,473.0,normalDay
2021-12-09,15638.0,606.0,0.0,100,466.35,459.0,0,0.0,0.0,,0.0,1,4.77,6.06,SPY220121C00473000,473.0,normalDay
2021-12-10,15638.0,929.0,0.0,100,470.74,459.0,0,0.0,0.0,,0.0,1,4.77,7.22,SPY220121C00473000,473.0,normalDay
2021-12-13,15638.0,691.0,0.0,100,466.57,459.0,0,0.0,0.0,,0.0,1,4.77,5.43,SPY220121C00473000,473.0,normalDay
2021-12-14,15638.0,461.0,0.0,100,463.36,459.0,0,0.0,0.0,,0.0,1,4.77,4.52,SPY220121C00473000,473.0,normalDay
2021-12-15,15638.0,944.0,0.0,100,470.6,459.0,0,0.0,0.0,,0.0,1,4.77,6.93,SPY220121C00473000,473.0,normalDay
2021-12-16,15638.0,699.0,0.0,100,466.45,459.0,0,0.0,0.0,,0.0,1,4.77,5.23,SPY220121C00473000,473.0,normalDay
2021-12-17,15638.0,196.0,0.0,100,459.87,459.0,0,0.0,0.0,,0.0,1,4.77,3.68,SPY220121C00473000,473.0,normalDay
2021-12-20,15638.0,-154.0,0.0,100,454.98,459.0,0,0.0,0.0,,0.0,1,4.77,2.29,SPY220121C00473000,473.0,normalDay
2021-12-21,15638.0,485.0,0.0,100,463.06,459.0,0,0.0,0.0,,0.0,1,4.77,3.98,SPY220121C00473000,473.0,normalDay
2021-12-22,15638.0,852.0,0.0,100,467.69,459.0,0,0.0,0.0,,0.0,1,4.77,4.94,SPY220121C00473000,473.0,normalDay
2021-12-23,15638.0,1034.0,0.0,100,470.6,459.0,0,0.0,0.0,,0.0,1,4.77,6.03,SPY220121C00473000,473.0,normalDay
2021-12-27,15638.0,1370.0,0.0,100,477.26,459.0,0,0.0,0.0,,0.0,1,4.77,9.33,SPY220121C00473000,473.0,normalDay
2021-12-28,15638.0,1346.0,0.0,100,476.87,459.0,0,0.0,0.0,,0.0,1,4.77,9.18,SPY220121C00473000,473.0,normalDay
2021-12-29,15638.0,1427.0,0.0,100,477.48,459.0,0,0.0,0.0,,0.0,1,4.77,8.98,SPY220121C00473000,473.0,normalDay
2021-12-30,15638.0,1409.0,0.0,100,476.16,459.0,0,0.0,0.0,,0.0,1,4.77,7.84,SPY220121C00473000,473.0,normalDay
2021-12-31,15638.0,1368.0,0.0,100,474.96,459.0,0,0.0,0.0,,0.0,1,4.77,7.05,SPY220121C00473000,473.0,normalDay
2022-01-03,15638.0,1533.0,0.0,100,477.71,459.0,0,0.0,0.0,,0.0,1,4.77,8.15,SPY220121C00473000,473.0,normalDay
2022-01-04,15638.0,1543.0,0.0,100,477.55,459.0,0,0.0,0.0,,0.0,1,4.77,7.89,SPY220121C00473000,473.0,normalDay
2022-01-05,15638.0,1050.0,0.0,100,468.38,459.0,0,0.0,0.0,,0.0,1,4.77,3.65,SPY220121C00473000,473.0,normalDay
2022-01-06,15638.0,1064.0,0.0,100,467.94,459.0,0,0.0,0.0,,0.0,1,4.77,3.07,SPY220121C00473000,473.0,normalDay
2022-01-07,15638.0,994.0,0.0,100,466.09,459.0,0,0.0,0.0,,0.0,1,4.77,1.92,SPY220121C00473000,473.0,normalDay
2022-01-10,15638.0,986.0,0.0,100,465.51,459.0,0,0.0,0.0,,0.0,1,4.77,1.42,SPY220121C00473000,473.0,normalDay
2022-01-11,15638.0,1283.0,0.0,100,469.75,459.0,0,0.0,0.0,,0.0,1,4.77,2.69,SPY220121C00473000,473.0,normalDay
2022-01-12,15638.0,1372.0,0.0,100,471.02,459.0,0,0.0,0.0,,0.0,1,4.77,3.07,SPY220121C00473000,473.0,normalDay
2022-01-13,15638.0,927.0,0.0,100,464.53,459.0,0,0.0,0.0,,0.0,1,4.77,1.03,SPY220121C00473000,473.0,normalDay
2022-01-14,15638.0,977.0,0.0,100,464.72,459.0,0,0.0,0.0,,0.0,1,4.77,0.72,SPY220121C00473000,473.0,normalDay
2022-01-18,15638.0,216.0,0.0,100,456.49,459.0,0,0.0,0.0,,0.0,1,4.77,0.1,SPY220121C00473000,473.0,normalDay
2022-01-19,15638.0,-251.0,0.0,100,451.75,459.0,0,0.0,0.0,,0.0,1,4.77,0.03,SPY220121C00473000,473.0,normalDay
2022-01-20,15638.0,-750.0,0.0,100,446.75,459.0,0,0.0,0.0,,0.0,1,4.77,0.02,SPY220121C00473000,473.0,normalDay
2022-01-21,16115.0,-2102.0,477.0,100,437.98,459.0,0,0.0,0.0,,0.0,1,4.77,0.0,SPY220121C00473000,473.0,expirationDay
2022-01-24,16115.0,-1920.0,0.0,100,439.84,459.0,0,0.0,0.0,,0.0,1,0.89,0.93,SPY220318C00484000,484.0,normalDay
2022-01-25,16115.0,-2425.0,0.0,100,434.47,459.0,0,0.0,0.0,,0.0,1,0.89,0.61,SPY220318C00484000,484.0,normalDay
2022-01-26,16115.0,-2543.0,0.0,100,433.38,459.0,0,0.0,0.0,,0.0,1,0.89,0.7,SPY220318C00484000,484.0,normalDay
2022-01-27,16115.0,-2743.0,0.0,100,431.24,459.0,0,0.0,0.0,,0.0,1,0.89,0.56,SPY220318C00484000,484.0,normalDay
2022-01-28,16115.0,-1708.0,0.0,100,441.95,459.0,0,0.0,0.0,,0.0,1,0.89,0.92,SPY220318C00484000,484.0,normalDay
2022-01-31,16115.0,-934.0,0.0,100,449.91,459.0,0,0.0,0.0,,0.0,1,0.89,1.14,SPY220318C00484000,484.0,normalDay
2022-02-01,16115.0,-622.0,0.0,100,452.95,459.0,0,0.0,0.0,,0.0,1,0.89,1.06,SPY220318C00484000,484.0,normalDay
2022-02-02,16115.0,-188.0,0.0,100,457.35,459.0,0,0.0,0.0,,0.0,1,0.89,1.12,SPY220318C00484000,484.0,normalDay
2022-02-03,16115.0,-1231.0,0.0,100,446.6,459.0,0,0.0,0.0,,0.0,1,0.89,0.8,SPY220318C00484000,484.0,normalDay
2022-02-04,16115.0,-1000.0,0.0,100,448.7,459.0,0,0.0,0.0,,0.0,1,0.89,0.59,SPY220318C00484000,484.0,normalDay
2022-02-07,16115.0,-1135.0,0.0,100,447.26,459.0,0,0.0,0.0,,0.0,1,0.89,0.5,SPY220318C00484000,484.0,normalDay
2022-02-08,16115.0,-771.0,0.0,100,450.94,459.0,0,0.0,0.0,,0.0,1,0.89,0.54,SPY220318C00484000,484.0,normalDay
2022-02-09,16115.0,-145.0,0.0,100,457.54,459.0,0,0.0,0.0,,0.0,1,0.89,0.88,SPY220318C00484000,484.0,normalDay
2022-02-10,16115.0,-930.0,0.0,100,449.32,459.0,0,0.0,0.0,,0.0,1,0.89,0.51,SPY220318C00484000,484.0,normalDay
2022-02-11,16115.0,-1801.0,0.0,100,440.46,459.0,0,0.0,0.0,,0.0,1,0.89,0.36,SPY220318C00484000,484.0,normalDay
2022-02-14,16115.0,-1937.0,0.0,100,439.02,459.0,0,0.0,0.0,,0.0,1,0.89,0.28,SPY220318C00484000,484.0,normalDay
2022-02-15,16115.0,-1231.0,0.0,100,446.1,459.0,0,0.0,0.0,,0.0,1,0.89,0.3,SPY220318C00484000,484.0,normalDay
2022-02-16,16115.0,-1175.0,0.0,100,446.6,459.0,0,0.0,0.0,,0.0,1,0.89,0.24,SPY220318C00484000,484.0,normalDay
2022-02-17,16115.0,-2118.0,0.0,100,437.06,459.0,0,0.0,0.0,,0.0,1,0.89,0.13,SPY220318C00484000,484.0,normalDay
2022-02-18,16115.0,-2397.0,0.0,100,434.23,459.0,0,0.0,0.0,,0.0,1,0.89,0.09,SPY220318C00484000,484.0,normalDay
2022-02-22,16115.0,-2862.0,0.0,100,429.57,459.0,0,0.0,0.0,,0.0,1,0.89,0.08,SPY220318C00484000,484.0,normalDay
2022-02-23,16115.0,-3622.0,0.0,100,421.95,459.0,0,0.0,0.0,,0.0,1,0.89,0.06,SPY220318C00484000,484.0,normalDay
2022-02-24,16115.0,-2990.0,0.0,100,428.3,459.0,0,0.0,0.0,,0.0,1,0.89,0.09,SPY220318C00484000,484.0,normalDay
2022-02-25,16115.0,-2046.0,0.0,100,437.75,459.0,0,0.0,0.0,,0.0,1,0.89,0.1,SPY220318C00484000,484.0,normalDay
2022-02-28,16115.0,-2156.0,0.0,100,436.63,459.0,0,0.0,0.0,,0.0,1,0.89,0.08,SPY220318C00484000,484.0,normalDay
2022-03-01,16115.0,-2818.0,0.0,100,429.98,459.0,0,0.0,0.0,,0.0,1,0.89,0.05,SPY220318C00484000,484.0,normalDay
2022-03-02,16115.0,-2028.0,0.0,100,437.89,459.0,0,0.0,0.0,,0.0,1,0.89,0.06,SPY220318C00484000,484.0,normalDay
2022-03-03,16115.0,-2245.0,0.0,100,435.71,459.0,0,0.0,0.0,,0.0,1,0.89,0.05,SPY220318C00484000,484.0,normalDay
2022-03-04,16115.0,-2597.0,0.0,100,432.17,459.0,0,0.0,0.0,,0.0,1,0.89,0.03,SPY220318C00484000,484.0,normalDay
2022-03-07,16115.0,-3870.0,0.0,100,419.43,459.0,0,0.0,0.0,,0.0,1,0.89,0.02,SPY220318C00484000,484.0,normalDay
2022-03-08,16115.0,-4188.0,0.0,100,416.25,459.0,0,0.0,0.0,,0.0,1,0.89,0.02,SPY220318C00484000,484.0,normalDay
2022-03-09,16115.0,-3072.0,0.0,100,427.41,459.0,0,0.0,0.0,,0.0,1,0.89,0.02,SPY220318C00484000,484.0,normalDay
2022-03-10,16115.0,-3265.0,0.0,100,425.48,459.0,0,0.0,0.0,,0.0,1,0.89,0.02,SPY220318C00484000,484.0,normalDay
2022-03-11,16115.0,-3806.0,0.0,100,420.07,459.0,0,0.0,0.0,,0.0,1,0.89,0.02,SPY220318C00484000,484.0,normalDay
2022-03-14,16115.0,-4112.0,0.0,100,417.0,459.0,0,0.0,0.0,,0.0,1,0.89,0.01,SPY220318C00484000,484.0,normalDay
2022-03-15,16115.0,-3195.0,0.0,100,426.17,459.0,0,0.0,0.0,,0.0,1,0.89,0.01,SPY220318C00484000,484.0,normalDay
2022-03-16,16115.0,-2250.0,0.0,100,435.62,459.0,0,0.0,0.0,,0.0,1,0.89,0.01,SPY220318C00484000,484.0,normalDay
2022-03-17,16115.0,-1705.0,0.0,100,441.07,459.0,0,0.0,0.0,,0.0,1,0.89,0.01,SPY220318C00484000,484.0,normalDay
2022-03-18,16204.0,-1448.0,89.0,100,444.52,459.0,0,0.0,0.0,,0.0,1,0.89,0.0,SPY220318C00484000,484.0,expirationDay
2022-03-21,16204.0,-1468.0,0.0,100,444.39,459.0,0,0.0,0.0,,0.0,1,12.48,12.55,SPY220429C00443000,443.0,normalDay
2022-03-22,16204.0,-1233.0,0.0,100,449.59,459.0,0,0.0,0.0,,0.0,1,12.48,15.4,SPY220429C00443000,443.0,normalDay
2022-03-23,16204.0,-1432.0,0.0,100,443.8,459.0,0,0.0,0.0,,0.0,1,12.48,11.6,SPY220429C00443000,443.0,normalDay
2022-03-24,16204.0,-1140.0,0.0,100,450.49,459.0,0,0.0,0.0,,0.0,1,12.48,15.37,SPY220429C00443000,443.0,normalDay
2022-03-25,16204.0,-1037.0,0.0,100,452.69,459.0,0,0.0,0.0,,0.0,1,12.48,16.54,SPY220429C00443000,443.0,normalDay
2022-03-28,16204.0,-890.0,0.0,100,455.91,459.0,0,0.0,0.0,,0.0,1,12.48,18.29,SPY220429C00443000,443.0,normalDay
2022-03-29,16204.0,-715.0,0.0,100,461.55,459.0,0,0.0,0.0,,0.0,1,12.48,22.18,SPY220429C00443000,443.0,normalDay
2022-03-30,16204.0,-830.0,0.0,100,458.7,459.0,0,0.0,0.0,,0.0,1,12.48,20.48,SPY220429C00443000,443.0,normalDay
2022-03-31,16204.0,-1169.0,0.0,100,451.64,459.0,0,0.0,0.0,,0.0,1,12.48,16.81,SPY220429C00443000,443.0,normalDay
2022-04-01,16204.0,-855.0,0.0,100,452.92,459.0,0,0.0,0.0,,0.0,1,12.48,14.95,SPY220429C00443000,443.0,normalDay
2022-04-04,16204.0,-689.0,0.0,100,456.8,459.0,0,0.0,0.0,,0.0,1,12.48,17.17,SPY220429C00443000,443.0,normalDay
2022-04-05,16204.0,-915.0,0.0,100,451.03,459.0,0,0.0,0.0,,0.0,1,12.48,13.66,SPY220429C00443000,443.0,normalDay
2022-04-06,16204.0,-1034.0,0.0,100,446.52,459.0,0,0.0,0.0,,0.0,1,12.48,10.34,SPY220429C00443000,443.0,normalDay
2022-04-07,16204.0,-928.0,0.0,100,448.77,459.0,0,0.0,0.0,,0.0,1,12.48,11.53,SPY220429C00443000,443.0,normalDay
2022-04-08,16204.0,-939.0,0.0,100,447.57,459.0,0,0.0,0.0,,0.0,1,12.48,10.44,SPY220429C00443000,443.0,normalDay
2022-04-11,16204.0,-1288.0,0.0,100,439.92,459.0,0,0.0,0.0,,0.0,1,12.48,6.28,SPY220429C00443000,443.0,normalDay
2022-04-12,16204.0,-1353.0,0.0,100,438.29,459.0,0,0.0,0.0,,0.0,1,12.48,5.3,SPY220429C00443000,443.0,normalDay
2022-04-13,16204.0,-988.0,0.0,100,443.31,459.0,0,0.0,0.0,,0.0,1,12.48,6.67,SPY220429C00443000,443.0,normalDay
2022-04-14,16204.0,-1269.0,0.0,100,437.79,459.0,0,0.0,0.0,,0.0,1,12.48,3.96,SPY220429C00443000,443.0,normalDay
2022-04-18,16204.0,-1241.0,0.0,100,437.97,459.0,0,0.0,0.0,,0.0,1,12.48,3.86,SPY220429C00443000,443.0,normalDay
2022-04-19,16204.0,-710.0,0.0,100,445.04,459.0,0,0.0,0.0,,0.0,1,12.48,5.62,SPY220429C00443000,443.0,normalDay
2022-04-20,16204.0,-849.0,0.0,100,444.71,459.0,0,0.0,0.0,,0.0,1,12.48,6.68,SPY220429C00443000,443.0,normalDay
2022-04-21,16204.0,-1114.0,0.0,100,438.06,459.0,0,0.0,0.0,,0.0,1,12.48,2.68,SPY220429C00443000,443.0,normalDay
2022-04-22,16204.0,-2087.0,0.0,100,426.04,459.0,0,0.0,0.0,,0.0,1,12.48,0.39,SPY220429C00443000,443.0,normalDay
2022-04-25,16204.0,-1841.0,0.0,100,428.51,459.0,0,0.0,0.0,,0.0,1,12.48,0.4,SPY220429C00443000,443.0,normalDay
2022-04-26,16204.0,-3049.0,0.0,100,416.1,459.0,0,0.0,0.0,,0.0,1,12.48,0.07,SPY220429C00443000,443.0,normalDay
2022-04-27,16204.0,-2929.0,0.0,100,417.27,459.0,0,0.0,0.0,,0.0,1,12.48,0.04,SPY220429C00443000,443.0,normalDay
2022-04-28,16204.0,-1873.0,0.0,100,427.81,459.0,0,0.0,0.0,,0.0,1,12.48,0.02,SPY220429C00443000,443.0,normalDay
2022-04-29,17452.0,-4700.0,1248.0,100,412.0,459.0,0,0.0,0.0,,0.0,1,12.48,0.0,SPY220429C00443000,443.0,expirationDay
2022-05-02,17452.0,-4456.0,0.0,100,414.48,459.0,0,0.0,0.0,,0.0,1,1.24,1.28,SPY220617C00456000,456.0,normalDay
2022-05-03,17452.0,-4249.0,0.0,100,416.38,459.0,0,0.0,0.0,,0.0,1,1.24,1.11,SPY220617C00456000,456.0,normalDay
2022-05-04,17452.0,-3090.0,0.0,100,429.06,459.0,0,0.0,0.0,,0.0,1,1.24,2.2,SPY220617C00456000,456.0,normalDay
2022-05-05,17452.0,-4498.0,0.0,100,413.81,459.0,0,0.0,0.0,,0.0,1,1.24,1.03,SPY220617C00456000,456.0,normalDay
2022-05-06,17452.0,-4713.0,0.0,100,411.34,459.0,0,0.0,0.0,,0.0,1,1.24,0.71,SPY220617C00456000,456.0,normalDay
2022-05-09,17452.0,-6003.0,0.0,100,398.17,459.0,0,0.0,0.0,,0.0,1,1.24,0.44,SPY220617C00456000,456.0,normalDay
2022-05-10,17452.0,-5896.0,0.0,100,399.09,459.0,0,0.0,0.0,,0.0,1,1.24,0.29,SPY220617C00456000,456.0,normalDay
2022-05-11,17452.0,-6524.0,0.0,100,392.75,459.0,0,0.0,0.0,,0.0,1,1.24,0.23,SPY220617C00456000,456.0,normalDay
2022-05-12,17452.0,-6562.0,0.0,100,392.34,459.0,0,0.0,0.0,,0.0,1,1.24,0.2,SPY220617C00456000,456.0,normalDay
2022-05-13,17452.0,-5621.0,0.0,100,401.72,459.0,0,0.0,0.0,,0.0,1,1.24,0.17,SPY220617C00456000,456.0,normalDay
2022-05-16,17452.0,-5777.0,0.0,100,400.09,459.0,0,0.0,0.0,,0.0,1,1.24,0.1,SPY220617C00456000,456.0,normalDay
2022-05-17,17452.0,-4959.0,0.0,100,408.32,459.0,0,0.0,0.0,,0.0,1,1.24,0.15,SPY220617C00456000,456.0,normalDay
2022-05-18,17452.0,-6597.0,0.0,100,391.86,459.0,0,0.0,0.0,,0.0,1,1.24,0.07,SPY220617C00456000,456.0,normalDay
2022-05-19,17452.0,-6836.0,0.0,100,389.46,459.0,0,0.0,0.0,,0.0,1,1.24,0.06,SPY220617C00456000,456.0,normalDay
2022-05-20,17452.0,-6819.0,0.0,100,389.63,459.0,0,0.0,0.0,,0.0,1,1.24,0.06,SPY220617C00456000,456.0,normalDay
2022-05-23,17452.0,-6092.0,0.0,100,396.92,459.0,0,0.0,0.0,,0.0,1,1.24,0.08,SPY220617C00456000,456.0,normalDay
2022-05-24,17452.0,-6395.0,0.0,100,393.89,459.0,0,0.0,0.0,,0.0,1,1.24,0.08,SPY220617C00456000,456.0,normalDay
2022-05-25,17452.0,-6047.0,0.0,100,397.37,459.0,0,0.0,0.0,,0.0,1,1.24,0.08,SPY220617C00456000,456.0,normalDay
2022-05-26,17452.0,-5255.0,0.0,100,405.31,459.0,0,0.0,0.0,,0.0,1,1.24,0.1,SPY220617C00456000,456.0,normalDay
2022-05-27,17452.0,-4269.0,0.0,100,415.26,459.0,0,0.0,0.0,,0.0,1,1.24,0.19,SPY220617C00456000,456.0,normalDay
2022-05-31,17452.0,-4492.0,0.0,100,412.93,459.0,0,0.0,0.0,,0.0,1,1.24,0.09,SPY220617C00456000,456.0,normalDay
2022-06-01,17452.0,-4822.0,0.0,100,409.59,459.0,0,0.0,0.0,,0.0,1,1.24,0.05,SPY220617C00456000,456.0,normalDay
2022-06-02,17452.0,-4044.0,0.0,100,417.39,459.0,0,0.0,0.0,,0.0,1,1.24,0.07,SPY220617C00456000,456.0,normalDay
2022-06-03,17452.0,-4726.0,0.0,100,410.54,459.0,0,0.0,0.0,,0.0,1,1.24,0.04,SPY220617C00456000,456.0,normalDay
2022-06-06,17452.0,-4600.0,0.0,100,411.79,459.0,0,0.0,0.0,,0.0,1,1.24,0.03,SPY220617C00456000,456.0,normalDay
2022-06-07,17452.0,-4205.0,0.0,100,415.74,459.0,0,0.0,0.0,,0.0,1,1.24,0.03,SPY220617C00456000,456.0,normalDay
2022-06-08,17452.0,-4656.0,0.0,100,411.22,459.0,0,0.0,0.0,,0.0,1,1.24,0.02,SPY220617C00456000,456.0,normalDay
2022-06-09,17452.0,-5634.0,0.0,100,401.44,459.0,0,0.0,0.0,,0.0,1,1.24,0.02,SPY220617C00456000,456.0,normalDay
2022-06-10,17452.0,-6797.0,0.0,100,389.8,459.0,0,0.0,0.0,,0.0,1,1.24,0.01,SPY220617C00456000,456.0,normalDay
2022-06-13,17452.0,-8277.0,0.0,100,375.0,459.0,0,0.0,0.0,,0.0,1,1.24,0.01,SPY220617C00456000,456.0,normalDay
2022-06-14,17452.0,-8390.0,0.0,100,373.87,459.0,0,0.0,0.0,,0.0,1,1.24,0.01,SPY220617C00456000,456.0,normalDay
2022-06-15,17452.0,-7857.0,0.0,100,379.2,459.0,0,0.0,0.0,,0.0,1,1.24,0.01,SPY220617C00456000,456.0,normalDay
2022-06-16,17452.0,-9112.0,0.0,100,366.65,459.0,0,0.0,0.0,,0.0,1,1.24,0.01,SPY220617C00456000,456.0,normalDay
2022-06-17,17576.0,-9314.0,124.0,100,365.86,459.0,0,0.0,0.0,,0.0,1,1.24,0.0,SPY220617C00456000,456.0,expirationDay
2022-06-21,17576.0,-8397.0,0.0,100,375.07,459.0,0,0.0,0.0,,0.0,1,0.62,0.66,SPY220729C00423000,423.0,normalDay
2022-06-22,17576.0,-8459.0,0.0,100,374.39,459.0,0,0.0,0.0,,0.0,1,0.62,0.6,SPY220729C00423000,423.0,normalDay
2022-06-23,17576.0,-8096.0,0.0,100,378.06,459.0,0,0.0,0.0,,0.0,1,0.62,0.64,SPY220729C00423000,423.0,normalDay
2022-06-24,17576.0,-6967.0,0.0,100,390.08,459.0,0,0.0,0.0,,0.0,1,0.62,1.37,SPY220729C00423000,423.0,normalDay
2022-06-27,17576.0,-7091.0,0.0,100,388.59,459.0,0,0.0,0.0,,0.0,1,0.62,1.12,SPY220729C00423000,423.0,normalDay
2022-06-28,17576.0,-7824.0,0.0,100,380.65,459.0,0,0.0,0.0,,0.0,1,0.62,0.51,SPY220729C00423000,423.0,normalDay
2022-06-29,17576.0,-7853.0,0.0,100,380.34,459.0,0,0.0,0.0,,0.0,1,0.62,0.49,SPY220729C00423000,423.0,normalDay
2022-06-30,17576.0,-8143.0,0.0,100,377.25,459.0,0,0.0,0.0,,0.0,1,0.62,0.3,SPY220729C00423000,423.0,normalDay
2022-07-01,17576.0,-7744.0,0.0,100,381.24,459.0,0,0.0,0.0,,0.0,1,0.62,0.3,SPY220729C00423000,423.0,normalDay
2022-07-05,17576.0,-7666.0,0.0,100,381.96,459.0,0,0.0,0.0,,0.0,1,0.62,0.24,SPY220729C00423000,423.0,normalDay
2022-07-06,17576.0,-7537.0,0.0,100,383.25,459.0,0,0.0,0.0,,0.0,1,0.62,0.24,SPY220729C00423000,423.0,normalDay
2022-07-07,17576.0,-6973.0,0.0,100,388.99,459.0,0,0.0,0.0,,0.0,1,0.62,0.34,SPY220729C00423000,423.0,normalDay
2022-07-08,17576.0,-6995.0,0.0,100,388.67,459.0,0,0.0,0.0,,0.0,1,0.62,0.24,SPY220729C00423000,423.0,normalDay
2022-07-11,17576.0,-7427.0,0.0,100,384.23,459.0,0,0.0,0.0,,0.0,1,0.62,0.12,SPY220729C00423000,423.0,normalDay
2022-07-12,17576.0,-7763.0,0.0,100,380.83,459.0,0,0.0,0.0,,0.0,1,0.62,0.08,SPY220729C00423000,423.0,normalDay
2022-07-13,17576.0,-7960.0,0.0,100,378.83,459.0,0,0.0,0.0,,0.0,1,0.62,0.05,SPY220729C00423000,423.0,normalDay
2022-07-14,17576.0,-8051.0,0.0,100,377.91,459.0,0,0.0,0.0,,0.0,1,0.62,0.04,SPY220729C00423000,423.0,normalDay
2022-07-15,17576.0,-7330.0,0.0,100,385.13,459.0,0,0.0,0.0,,0.0,1,0.62,0.05,SPY220729C00423000,423.0,normalDay
2022-07-18,17576.0,-7646.0,0.0,100,381.95,459.0,0,0.0,0.0,,0.0,1,0.62,0.03,SPY220729C00423000,423.0,normalDay
2022-07-19,17576.0,-6620.0,0.0,100,392.27,459.0,0,0.0,0.0,,0.0,1,0.62,0.09,SPY220729C00423000,423.0,normalDay
2022-07-20,17576.0,-6372.0,0.0,100,394.77,459.0,0,0.0,0.0,,0.0,1,0.62,0.11,SPY220729C00423000,423.0,normalDay
2022-07-21,17576.0,-5970.0,0.0,100,398.79,459.0,0,0.0,0.0,,0.0,1,0.62,0.11,SPY220729C00423000,423.0,normalDay
2022-07-22,17576.0,-6332.0,0.0,100,395.09,459.0,0,0.0,0.0,,0.0,1,0.62,0.03,SPY220729C00423000,423.0,normalDay
2022-07-25,17576.0,-6282.0,0.0,100,395.57,459.0,0,0.0,0.0,,0.0,1,0.62,0.01,SPY220729C00423000,423.0,normalDay
2022-07-26,17576.0,-6750.0,0.0,100,390.89,459.0,0,0.0,0.0,,0.0,1,0.62,0.01,SPY220729C00423000,423.0,normalDay
2022-07-27,17576.0,-5735.0,0.0,100,401.04,459.0,0,0.0,0.0,,0.0,1,0.62,0.01,SPY220729C00423000,423.0,normalDay
2022-07-28,17576.0,-5232.0,0.0,100,406.07,459.0,0,0.0,0.0,,0.0,1,0.62,0.01,SPY220729C00423000,423.0,normalDay
2022-07-29,17638.0,-4701.0,62.0,100,411.99,459.0,0,0.0,0.0,,0.0,1,0.62,0.0,SPY220729C00423000,423.0,expirationDay
2022-08-01,17638.0,-4829.0,0.0,100,410.77,459.0,0,0.0,0.0,,0.0,1,14.67,14.73,SPY220916C00407000,407.0,normalDay
2022-08-02,17638.0,-4948.0,0.0,100,408.06,459.0,0,0.0,0.0,,0.0,1,14.67,13.21,SPY220916C00407000,407.0,normalDay
2022-08-03,17638.0,-4619.0,0.0,100,414.45,459.0,0,0.0,0.0,,0.0,1,14.67,16.31,SPY220916C00407000,407.0,normalDay
2022-08-04,17638.0,-4633.0,0.0,100,414.17,459.0,0,0.0,0.0,,0.0,1,14.67,16.17,SPY220916C00407000,407.0,normalDay
2022-08-05,17638.0,-4585.0,0.0,100,413.47,459.0,0,0.0,0.0,,0.0,1,14.67,14.99,SPY220916C00407000,407.0,normalDay
2022-08-08,17638.0,-4611.0,0.0,100,412.99,459.0,0,0.0,0.0,,0.0,1,14.67,14.77,SPY220916C00407000,407.0,normalDay
2022-08-09,17638.0,-4679.0,0.0,100,411.35,459.0,0,0.0,0.0,,0.0,1,14.67,13.81,SPY220916C00407000,407.0,normalDay
2022-08-10,17638.0,-4307.0,0.0,100,419.99,459.0,0,0.0,0.0,,0.0,1,14.67,18.73,SPY220916C00407000,407.0,normalDay
2022-08-11,17638.0,-4352.0,0.0,100,419.99,459.0,0,0.0,0.0,,0.0,1,14.67,19.18,SPY220916C00407000,407.0,normalDay
2022-08-12,17638.0,-4119.0,0.0,100,427.1,459.0,0,0.0,0.0,,0.0,1,14.67,23.96,SPY220916C00407000,407.0,normalDay
2022-08-15,17638.0,-4074.0,0.0,100,428.86,459.0,0,0.0,0.0,,0.0,1,14.67,25.27,SPY220916C00407000,407.0,normalDay
2022-08-16,17638.0,-4037.0,0.0,100,429.7,459.0,0,0.0,0.0,,0.0,1,14.67,25.74,SPY220916C00407000,407.0,normalDay
2022-08-17,17638.0,-4121.0,0.0,100,426.65,459.0,0,0.0,0.0,,0.0,1,14.67,23.53,SPY220916C00407000,407.0,normalDay
2022-08-18,17638.0,-4033.0,0.0,100,427.89,459.0,0,0.0,0.0,,0.0,1,14.67,23.89,SPY220916C00407000,407.0,normalDay
2022-08-19,17638.0,-4153.0,0.0,100,422.14,459.0,0,0.0,0.0,,0.0,1,14.67,19.34,SPY220916C00407000,407.0,normalDay
2022-08-22,17638.0,-4437.0,0.0,100,413.35,459.0,0,0.0,0.0,,0.0,1,14.67,13.39,SPY220916C00407000,407.0,normalDay
2022-08-23,17638.0,-4416.0,0.0,100,412.35,459.0,0,0.0,0.0,,0.0,1,14.67,12.18,SPY220916C00407000,407.0,normalDay
2022-08-24,17638.0,-4336.0,0.0,100,413.67,459.0,0,0.0,0.0,,0.0,1,14.67,12.7,SPY220916C00407000,407.0,normalDay
2022-08-25,17638.0,-4094.0,0.0,100,419.51,459.0,0,0.0,0.0,,0.0,1,14.67,16.12,SPY220916C00407000,407.0,normalDay
2022-08-26,17638.0,-4671.0,0.0,100,405.31,459.0,0,0.0,0.0,,0.0,1,14.67,7.69,SPY220916C00407000,407.0,normalDay
2022-08-29,17638.0,-4778.0,0.0,100,402.63,459.0,0,0.0,0.0,,0.0,1,14.67,6.08,SPY220916C00407000,407.0,normalDay
2022-08-30,17638.0,-5016.0,0.0,100,398.21,459.0,0,0.0,0.0,,0.0,1,14.67,4.04,SPY220916C00407000,407.0,normalDay
2022-08-31,17638.0,-5191.0,0.0,100,395.18,459.0,0,0.0,0.0,,0.0,1,14.67,2.76,SPY220916C00407000,407.0,normalDay
2022-09-01,17638.0,-5055.0,0.0,100,396.42,459.0,0,0.0,0.0,,0.0,1,14.67,2.64,SPY220916C00407000,407.0,normalDay
2022-09-02,17638.0,-5365.0,0.0,100,392.24,459.0,0,0.0,0.0,,0.0,1,14.67,1.56,SPY220916C00407000,407.0,normalDay
2022-09-06,17638.0,-5453.0,0.0,100,390.76,459.0,0,0.0,0.0,,0.0,1,14.67,0.96,SPY220916C00407000,407.0,normalDay
2022-09-07,17638.0,-4837.0,0.0,100,397.78,459.0,0,0.0,0.0,,0.0,1,14.67,1.82,SPY220916C00407000,407.0,normalDay
2022-09-08,17638.0,-4623.0,0.0,100,400.38,459.0,0,0.0,0.0,,0.0,1,14.67,2.28,SPY220916C00407000,407.0,normalDay
2022-09-09,17638.0,-4170.0,0.0,100,406.6,459.0,0,0.0,0.0,,0.0,1,14.67,3.97,SPY220916C00407000,407.0,normalDay
2022-09-12,17638.0,-4020.0,0.0,100,410.97,459.0,0,0.0,0.0,,0.0,1,14.67,6.84,SPY220916C00407000,407.0,normalDay
2022-09-13,17638.0,-5160.0,0.0,100,393.1,459.0,0,0.0,0.0,,0.0,1,14.67,0.37,SPY220916C00407000,407.0,normalDay
2022-09-14,17638.0,-4988.0,0.0,100,394.6,459.0,0,0.0,0.0,,0.0,1,14.67,0.15,SPY220916C00407000,407.0,normalDay
2022-09-15,17638.0,-5423.0,0.0,100,390.12,459.0,0,0.0,0.0,,0.0,1,14.67,0.02,SPY220916C00407000,407.0,normalDay
2022-09-16,19105.0,-7344.0,1467.0,100,385.56,459.0,0,0.0,0.0,,0.0,1,14.67,0.0,SPY220916C00407000,407.0,expirationDay
2022-09-19,19105.0,-7050.0,0.0,100,388.55,459.0,0,0.0,0.0,,0.0,1,2.56,2.61,SPY221028C00415000,415.0,normalDay
2022-09-20,19105.0,-7432.0,0.0,100,384.09,459.0,0,0.0,0.0,,0.0,1,2.56,1.97,SPY221028C00415000,415.0,normalDay
2022-09-21,19105.0,-8022.0,0.0,100,377.39,459.0,0,0.0,0.0,,0.0,1,2.56,1.17,SPY221028C00415000,415.0,normalDay
2022-09-22,19105.0,-8302.0,0.0,100,374.22,459.0,0,0.0,0.0,,0.0,1,2.56,0.8,SPY221028C00415000,415.0,normalDay
2022-09-23,19105.0,-8898.0,0.0,100,367.95,459.0,0,0.0,0.0,,0.0,1,2.56,0.49,SPY221028C00415000,415.0,normalDay
2022-09-26,19105.0,-9251.0,0.0,100,364.31,459.0,0,0.0,0.0,,0.0,1,2.56,0.38,SPY221028C00415000,415.0,normalDay
2022-09-27,19105.0,-9336.0,0.0,100,363.38,459.0,0,0.0,0.0,,0.0,1,2.56,0.3,SPY221028C00415000,415.0,normalDay
2022-09-28,19105.0,-8638.0,0.0,100,370.53,459.0,0,0.0,0.0,,0.0,1,2.56,0.47,SPY221028C00415000,415.0,normalDay
2022-09-29,19105.0,-9387.0,0.0,100,362.79,459.0,0,0.0,0.0,,0.0,1,2.56,0.22,SPY221028C00415000,415.0,normalDay
2022-09-30,19105.0,-9940.0,0.0,100,357.18,459.0,0,0.0,0.0,,0.0,1,2.56,0.14,SPY221028C00415000,415.0,normalDay
2022-10-03,19105.0,-9003.0,0.0,100,366.61,459.0,0,0.0,0.0,,0.0,1,2.56,0.2,SPY221028C00415000,415.0,normalDay
2022-10-04,19105.0,-7901.0,0.0,100,377.97,459.0,0,0.0,0.0,,0.0,1,2.56,0.54,SPY221028C00415000,415.0,normalDay
2022-10-05,19105.0,-7975.0,0.0,100,377.09,459.0,0,0.0,0.0,,0.0,1,2.56,0.4,SPY221028C00415000,415.0,normalDay
2022-10-06,19105.0,-8353.0,0.0,100,373.2,459.0,0,0.0,0.0,,0.0,1,2.56,0.29,SPY221028C00415000,415.0,normalDay
2022-10-07,19105.0,-9375.0,0.0,100,362.79,459.0,0,0.0,0.0,,0.0,1,2.56,0.1,SPY221028C00415000,415.0,normalDay
2022-10-10,19105.0,-9650.0,0.0,100,360.02,459.0,0,0.0,0.0,,0.0,1,2.56,0.08,SPY221028C00415000,415.0,normalDay
2022-10-11,19105.0,-9877.0,0.0,100,357.74,459.0,0,0.0,0.0,,0.0,1,2.56,0.07,SPY221028C00415000,415.0,normalDay
2022-10-12,19105.0,-9995.0,0.0,100,356.56,459.0,0,0.0,0.0,,0.0,1,2.56,0.07,SPY221028C00415000,415.0,normalDay
2022-10-13,19105.0,-9060.0,0.0,100,365.97,459.0,0,0.0,0.0,,0.0,1,2.56,0.13,SPY221028C00415000,415.0,normalDay
2022-10-14,19105.0,-9886.0,0.0,100,357.63,459.0,0,0.0,0.0,,0.0,1,2.56,0.05,SPY221028C00415000,415.0,normalDay
2022-10-17,19105.0,-8968.0,0.0,100,366.82,459.0,0,0.0,0.0,,0.0,1,2.56,0.06,SPY221028C00415000,415.0,normalDay
2022-10-18,19105.0,-8538.0,0.0,100,371.13,459.0,0,0.0,0.0,,0.0,1,2.56,0.07,SPY221028C00415000,415.0,normalDay
2022-10-19,19105.0,-8798.0,0.0,100,368.5,459.0,0,0.0,0.0,,0.0,1,2.56,0.04,SPY221028C00415000,415.0,normalDay
2022-10-20,19105.0,-9105.0,0.0,100,365.41,459.0,0,0.0,0.0,,0.0,1,2.56,0.02,SPY221028C00415000,415.0,normalDay
2022-10-21,19105.0,-8219.0,0.0,100,374.29,459.0,0,0.0,0.0,,0.0,1,2.56,0.04,SPY221028C00415000,415.0,normalDay
2022-10-24,19105.0,-7760.0,0.0,100,378.87,459.0,0,0.0,0.0,,0.0,1,2.56,0.03,SPY221028C00415000,415.0,normalDay
2022-10-25,19105.0,-7154.0,0.0,100,384.92,459.0,0,0.0,0.0,,0.0,1,2.56,0.02,SPY221028C00415000,415.0,normalDay
2022-10-26,19105.0,-7443.0,0.0,100,382.02,459.0,0,0.0,0.0,,0.0,1,2.56,0.01,SPY221028C00415000,415.0,normalDay
2022-10-27,19105.0,-7647.0,0.0,100,379.98,459.0,0,0.0,0.0,,0.0,1,2.56,0.01,SPY221028C00415000,415.0,normalDay
2022-10-28,19361.0,-6998.0,256.0,100,389.02,459.0,0,0.0,0.0,,0.0,1,2.56,0.0,SPY221028C00415000,415.0,expirationDay
2022-10-31,19361.0,-7289.0,0.0,100,386.21,459.0,0,0.0,0.0,,0.0,1,14.05,14.15,SPY221216C00387000,387.0,normalDay
2022-11-01,19361.0,-7326.0,0.0,100,384.52,459.0,0,0.0,0.0,,0.0,1,14.05,12.83,SPY221216C00387000,387.0,normalDay
2022-11-02,19361.0,-7814.0,0.0,100,374.87,459.0,0,0.0,0.0,,0.0,1,14.05,8.06,SPY221216C00387000,387.0,normalDay
2022-11-03,19361.0,-8035.0,0.0,100,371.01,459.0,0,0.0,0.0,,0.0,1,14.05,6.41,SPY221216C00387000,387.0,normalDay
2022-11-04,19361.0,-7673.0,0.0,100,376.35,459.0,0,0.0,0.0,,0.0,1,14.05,8.13,SPY221216C00387000,387.0,normalDay
2022-11-07,19361.0,-7422.0,0.0,100,379.95,459.0,0,0.0,0.0,,0.0,1,14.05,9.22,SPY221216C00387000,387.0,normalDay
2022-11-08,19361.0,-7302.0,0.0,100,382.0,459.0,0,0.0,0.0,,0.0,1,14.05,10.07,SPY221216C00387000,387.0,normalDay
2022-11-09,19361.0,-7773.0,0.0,100,374.13,459.0,0,0.0,0.0,,0.0,1,14.05,6.91,SPY221216C00387000,387.0,normalDay
2022-11-10,19361.0,-6742.0,0.0,100,394.69,459.0,0,0.0,0.0,,0.0,1,14.05,17.16,SPY221216C00387000,387.0,normalDay
2022-11-11,19361.0,-6527.0,0.0,100,398.51,459.0,0,0.0,0.0,,0.0,1,14.05,18.83,SPY221216C00387000,387.0,normalDay
2022-11-14,19361.0,-6652.0,0.0,100,395.12,459.0,0,0.0,0.0,,0.0,1,14.05,16.69,SPY221216C00387000,387.0,normalDay
2022-11-15,19361.0,-6516.0,0.0,100,398.49,459.0,0,0.0,0.0,,0.0,1,14.05,18.7,SPY221216C00387000,387.0,normalDay
2022-11-16,19361.0,-6578.0,0.0,100,395.45,459.0,0,0.0,0.0,,0.0,1,14.05,16.28,SPY221216C00387000,387.0,normalDay
2022-11-17,19361.0,-6574.0,0.0,100,394.24,459.0,0,0.0,0.0,,0.0,1,14.05,15.03,SPY221216C00387000,387.0,normalDay
2022-11-18,19361.0,-6443.0,0.0,100,396.03,459.0,0,0.0,0.0,,0.0,1,14.05,15.51,SPY221216C00387000,387.0,normalDay
2022-11-21,19361.0,-6449.0,0.0,100,394.59,459.0,0,0.0,0.0,,0.0,1,14.05,14.13,SPY221216C00387000,387.0,normalDay
2022-11-22,19361.0,-6237.0,0.0,100,399.9,459.0,0,0.0,0.0,,0.0,1,14.05,17.32,SPY221216C00387000,387.0,normalDay
2022-11-23,19361.0,-6154.0,0.0,100,402.42,459.0,0,0.0,0.0,,0.0,1,14.05,19.01,SPY221216C00387000,387.0,normalDay
2022-11-25,19361.0,-6349.0,0.0,100,402.33,459.0,0,0.0,0.0,,0.0,1,14.05,20.87,SPY221216C00387000,387.0,normalDay
2022-11-28,19361.0,-6302.0,0.0,100,395.91,459.0,0,0.0,0.0,,0.0,1,14.05,13.98,SPY221216C00387000,387.0,normalDay
2022-11-29,19361.0,-6288.0,0.0,100,395.23,459.0,0,0.0,0.0,,0.0,1,14.05,13.16,SPY221216C00387000,387.0,normalDay
2022-11-30,19361.0,-6018.0,0.0,100,407.68,459.0,0,0.0,0.0,,0.0,1,14.05,22.91,SPY221216C00387000,387.0,normalDay
2022-12-01,19361.0,-5951.0,0.0,100,407.38,459.0,0,0.0,0.0,,0.0,1,14.05,21.94,SPY221216C00387000,387.0,normalDay
2022-12-02,19361.0,-5916.0,0.0,100,406.91,459.0,0,0.0,0.0,,0.0,1,14.05,21.12,SPY221216C00387000,387.0,normalDay
2022-12-05,19361.0,-6070.0,0.0,100,399.59,459.0,0,0.0,0.0,,0.0,1,14.05,15.34,SPY221216C00387000,387.0,normalDay
2022-12-06,19361.0,-6237.0,0.0,100,393.83,459.0,0,0.0,0.0,,0.0,1,14.05,11.25,SPY221216C00387000,387.0,normalDay
2022-12-07,19361.0,-6234.0,0.0,100,393.16,459.0,0,0.0,0.0,,0.0,1,14.05,10.55,SPY221216C00387000,387.0,normalDay
2022-12-08,19361.0,-6104.0,0.0,100,396.24,459.0,0,0.0,0.0,,0.0,1,14.05,12.33,SPY221216C00387000,387.0,normalDay
2022-12-09,19361.0,-6172.0,0.0,100,393.28,459.0,0,0.0,0.0,,0.0,1,14.05,10.05,SPY221216C00387000,387.0,normalDay
2022-12-12,19361.0,-5997.0,0.0,100,398.95,459.0,0,0.0,0.0,,0.0,1,14.05,13.97,SPY221216C00387000,387.0,normalDay
2022-12-13,19361.0,-5879.0,0.0,100,401.97,459.0,0,0.0,0.0,,0.0,1,14.05,15.81,SPY221216C00387000,387.0,normalDay
2022-12-14,19361.0,-5898.0,0.0,100,399.4,459.0,0,0.0,0.0,,0.0,1,14.05,13.43,SPY221216C00387000,387.0,normalDay
2022-12-15,19361.0,-5821.0,0.0,100,389.63,459.0,0,0.0,0.0,,0.0,1,14.05,2.89,SPY221216C00387000,387.0,normalDay
2022-12-16,20766.0,-7573.0,1405.0,100,383.27,459.0,0,0.0,0.0,,0.0,1,14.05,0.0,SPY221216C00387000,387.0,expirationDay
2022-12-19,20766.0,-7902.0,0.0,100,380.02,459.0,0,0.0,0.0,,0.0,1,1.47,1.51,SPY230127C00408000,408.0,normalDay
2022-12-20,20766.0,-7841.0,0.0,100,380.54,459.0,0,0.0,0.0,,0.0,1,1.47,1.42,SPY230127C00408000,408.0,normalDay
2022-12-21,20766.0,-7335.0,0.0,100,386.23,459.0,0,0.0,0.0,,0.0,1,1.47,2.05,SPY230127C00408000,408.0,normalDay
2022-12-22,20766.0,-7818.0,0.0,100,380.72,459.0,0,0.0,0.0,,0.0,1,1.47,1.37,SPY230127C00408000,408.0,normalDay
2022-12-23,20766.0,-7599.0,0.0,100,382.91,459.0,0,0.0,0.0,,0.0,1,1.47,1.37,SPY230127C00408000,408.0,normalDay
2022-12-27,20766.0,-7728.0,0.0,100,381.4,459.0,0,0.0,0.0,,0.0,1,1.47,1.15,SPY230127C00408000,408.0,normalDay
2022-12-28,20766.0,-8158.0,0.0,100,376.66,459.0,0,0.0,0.0,,0.0,1,1.47,0.71,SPY230127C00408000,408.0,normalDay
2022-12-29,20766.0,-7523.0,0.0,100,383.44,459.0,0,0.0,0.0,,0.0,1,1.47,1.14,SPY230127C00408000,408.0,normalDay
2022-12-30,20766.0,-7604.0,0.0,100,382.43,459.0,0,0.0,0.0,,0.0,1,1.47,0.94,SPY230127C00408000,408.0,normalDay
2023-01-03,20766.0,-7733.0,0.0,100,380.82,459.0,0,0.0,0.0,,0.0,1,1.47,0.62,SPY230127C00408000,408.0,normalDay
2023-01-04,20766.0,-7453.0,0.0,100,383.76,459.0,0,0.0,0.0,,0.0,1,1.47,0.76,SPY230127C00408000,408.0,normalDay
2023-01-05,20766.0,-7858.0,0.0,100,379.38,459.0,0,0.0,0.0,,0.0,1,1.47,0.43,SPY230127C00408000,408.0,normalDay
2023-01-06,20766.0,-7040.0,0.0,100,388.08,459.0,0,0.0,0.0,,0.0,1,1.47,0.95,SPY230127C00408000,408.0,normalDay
2023-01-09,20766.0,-7057.0,0.0,100,387.86,459.0,0,0.0,0.0,,0.0,1,1.47,0.9,SPY230127C00408000,408.0,normalDay
2023-01-10,20766.0,-6793.0,0.0,100,390.58,459.0,0,0.0,0.0,,0.0,1,1.47,0.98,SPY230127C00408000,408.0,normalDay
2023-01-11,20766.0,-6403.0,0.0,100,395.52,459.0,0,0.0,0.0,,0.0,1,1.47,2.02,SPY230127C00408000,408.0,normalDay
2023-01-12,20766.0,-6190.0,0.0,100,396.96,459.0,0,0.0,0.0,,0.0,1,1.47,1.33,SPY230127C00408000,408.0,normalDay
2023-01-13,20766.0,-6010.0,0.0,100,398.5,459.0,0,0.0,0.0,,0.0,1,1.47,1.07,SPY230127C00408000,408.0,normalDay
2023-01-17,20766.0,-6051.0,0.0,100,397.77,459.0,0,0.0,0.0,,0.0,1,1.47,0.75,SPY230127C00408000,408.0,normalDay
2023-01-18,20766.0,-6619.0,0.0,100,391.49,459.0,0,0.0,0.0,,0.0,1,1.47,0.15,SPY230127C00408000,408.0,normalDay
2023-01-19,20766.0,-6895.0,0.0,100,388.64,459.0,0,0.0,0.0,,0.0,1,1.47,0.06,SPY230127C00408000,408.0,normalDay
2023-01-20,20766.0,-6185.0,0.0,100,395.88,459.0,0,0.0,0.0,,0.0,1,1.47,0.2,SPY230127C00408000,408.0,normalDay
2023-01-23,20766.0,-5746.0,0.0,100,400.63,459.0,0,0.0,0.0,,0.0,1,1.47,0.56,SPY230127C00408000,408.0,normalDay
2023-01-24,20766.0,-5785.0,0.0,100,400.2,459.0,0,0.0,0.0,,0.0,1,1.47,0.52,SPY230127C00408000,408.0,normalDay
2023-01-25,20766.0,-5739.0,0.0,100,400.35,459.0,0,0.0,0.0,,0.0,1,1.47,0.21,SPY230127C00408000,408.0,normalDay
2023-01-26,20766.0,-5322.0,0.0,100,404.75,459.0,0,0.0,0.0,,0.0,1,1.47,0.44,SPY230127C00408000,408.0,normalDay
2023-01-27,20913.0,-5332.0,147.0,100,405.68,459.0,0,0.0,0.0,,0.0,1,1.47,0.0,SPY230127C00408000,408.0,expirationDay
2023-01-30,20913.0,-5847.0,0.0,100,400.59,459.0,0,0.0,0.0,,0.0,1,9.32,9.38,SPY230317C00405000,405.0,normalDay
2023-01-31,20913.0,-5512.0,0.0,100,406.48,459.0,0,0.0,0.0,,0.0,1,9.32,11.92,SPY230317C00405000,405.0,normalDay
2023-02-01,20913.0,-5389.0,0.0,100,410.8,459.0,0,0.0,0.0,,0.0,1,9.32,15.01,SPY230317C00405000,405.0,normalDay
2023-02-02,20913.0,-5111.0,0.0,100,416.78,459.0,0,0.0,0.0,,0.0,1,9.32,18.21,SPY230317C00405000,405.0,normalDay
2023-02-03,20913.0,-5264.0,0.0,100,412.35,459.0,0,0.0,0.0,,0.0,1,9.32,15.31,SPY230317C00405000,405.0,normalDay
2023-02-06,20913.0,-5355.0,0.0,100,409.83,459.0,0,0.0,0.0,,0.0,1,9.32,13.7,SPY230317C00405000,405.0,normalDay
2023-02-07,20913.0,-5108.0,0.0,100,415.19,459.0,0,0.0,0.0,,0.0,1,9.32,16.59,SPY230317C00405000,405.0,normalDay
2023-02-08,20913.0,-5321.0,0.0,100,410.65,459.0,0,0.0,0.0,,0.0,1,9.32,14.18,SPY230317C00405000,405.0,normalDay
2023-02-09,20913.0,-5470.0,0.0,100,407.09,459.0,0,0.0,0.0,,0.0,1,9.32,12.11,SPY230317C00405000,405.0,normalDay
2023-02-10,20913.0,-5387.0,0.0,100,408.04,459.0,0,0.0,0.0,,0.0,1,9.32,12.23,SPY230317C00405000,405.0,normalDay
2023-02-13,20913.0,-5199.0,0.0,100,412.83,459.0,0,0.0,0.0,,0.0,1,9.32,15.14,SPY230317C00405000,405.0,normalDay
2023-02-14,20913.0,-5079.0,0.0,100,412.64,459.0,0,0.0,0.0,,0.0,1,9.32,13.75,SPY230317C00405000,405.0,normalDay
2023-02-15,20913.0,-5054.0,0.0,100,413.98,459.0,0,0.0,0.0,,0.0,1,9.32,14.84,SPY230317C00405000,405.0,normalDay
2023-02-16,20913.0,-5232.0,0.0,100,408.28,459.0,0,0.0,0.0,,0.0,1,9.32,10.92,SPY230317C00405000,405.0,normalDay
2023-02-17,20913.0,-5238.0,0.0,100,407.26,459.0,0,0.0,0.0,,0.0,1,9.32,9.96,SPY230317C00405000,405.0,normalDay
2023-02-21,20913.0,-5643.0,0.0,100,399.09,459.0,0,0.0,0.0,,0.0,1,9.32,5.84,SPY230317C00405000,405.0,normalDay
2023-02-22,20913.0,-5627.0,0.0,100,398.54,459.0,0,0.0,0.0,,0.0,1,9.32,5.13,SPY230317C00405000,405.0,normalDay
2023-02-23,20913.0,-5438.0,0.0,100,400.66,459.0,0,0.0,0.0,,0.0,1,9.32,5.36,SPY230317C00405000,405.0,normalDay
2023-02-24,20913.0,-5682.0,0.0,100,396.38,459.0,0,0.0,0.0,,0.0,1,9.32,3.52,SPY230317C00405000,405.0,normalDay
2023-02-27,20913.0,-5560.0,0.0,100,397.73,459.0,0,0.0,0.0,,0.0,1,9.32,3.65,SPY230317C00405000,405.0,normalDay
2023-02-28,20913.0,-5615.0,0.0,100,396.26,459.0,0,0.0,0.0,,0.0,1,9.32,2.73,SPY230317C00405000,405.0,normalDay
2023-03-01,20913.0,-5725.0,0.0,100,394.74,459.0,0,0.0,0.0,,0.0,1,9.32,2.31,SPY230317C00405000,405.0,normalDay
2023-03-02,20913.0,-5474.0,0.0,100,397.81,459.0,0,0.0,0.0,,0.0,1,9.32,2.87,SPY230317C00405000,405.0,normalDay
2023-03-03,20913.0,-5079.0,0.0,100,404.19,459.0,0,0.0,0.0,,0.0,1,9.32,5.3,SPY230317C00405000,405.0,normalDay
2023-03-06,20913.0,-5028.0,0.0,100,404.47,459.0,0,0.0,0.0,,0.0,1,9.32,5.07,SPY230317C00405000,405.0,normalDay
2023-03-07,20913.0,-5380.0,0.0,100,398.27,459.0,0,0.0,0.0,,0.0,1,9.32,2.39,SPY230317C00405000,405.0,normalDay
2023-03-08,20913.0,-5304.0,0.0,100,398.92,459.0,0,0.0,0.0,,0.0,1,9.32,2.28,SPY230317C00405000,405.0,normalDay
2023-03-09,20913.0,-5899.0,0.0,100,391.56,459.0,0,0.0,0.0,,0.0,1,9.32,0.87,SPY230317C00405000,405.0,normalDay
2023-03-10,20913.0,-6401.0,0.0,100,385.91,459.0,0,0.0,0.0,,0.0,1,9.32,0.24,SPY230317C00405000,405.0,normalDay
2023-03-13,20913.0,-6456.0,0.0,100,385.36,459.0,0,0.0,0.0,,0.0,1,9.32,0.24,SPY230317C00405000,405.0,normalDay
2023-03-14,20913.0,-5805.0,0.0,100,391.73,459.0,0,0.0,0.0,,0.0,1,9.32,0.1,SPY230317C00405000,405.0,normalDay
2023-03-15,20913.0,-6045.0,0.0,100,389.28,459.0,0,0.0,0.0,,0.0,1,9.32,0.05,SPY230317C00405000,405.0,normalDay
2023-03-16,20913.0,-5361.0,0.0,100,396.11,459.0,0,0.0,0.0,,0.0,1,9.32,0.04,SPY230317C00405000,405.0,normalDay
2023-03-17,21845.0,-6901.0,932.0,100,389.99,459.0,0,0.0,0.0,,0.0,1,9.32,0.0,SPY230317C00405000,405.0,expirationDay
2023-03-20,21845.0,-6534.0,0.0,100,393.74,459.0,0,0.0,0.0,,0.0,1,6.8,6.88,SPY230428C00403000,403.0,normalDay
2023-03-21,21845.0,-6189.0,0.0,100,398.91,459.0,0,0.0,0.0,,0.0,1,6.8,8.6,SPY230428C00403000,403.0,normalDay
2023-03-22,21845.0,-6558.0,0.0,100,392.11,459.0,0,0.0,0.0,,0.0,1,6.8,5.49,SPY230428C00403000,403.0,normalDay
2023-03-23,21845.0,-6487.0,0.0,100,393.17,459.0,0,0.0,0.0,,0.0,1,6.8,5.84,SPY230428C00403000,403.0,normalDay
2023-03-24,21845.0,-6306.0,0.0,100,395.75,459.0,0,0.0,0.0,,0.0,1,6.8,6.61,SPY230428C00403000,403.0,normalDay
2023-03-27,21845.0,-6194.0,0.0,100,396.49,459.0,0,0.0,0.0,,0.0,1,6.8,6.23,SPY230428C00403000,403.0,normalDay
2023-03-28,21845.0,-6220.0,0.0,100,395.6,459.0,0,0.0,0.0,,0.0,1,6.8,5.6,SPY230428C00403000,403.0,normalDay
2023-03-29,21845.0,-5873.0,0.0,100,401.35,459.0,0,0.0,0.0,,0.0,1,6.8,7.88,SPY230428C00403000,403.0,normalDay
2023-03-30,21845.0,-5744.0,0.0,100,403.7,459.0,0,0.0,0.0,,0.0,1,6.8,8.94,SPY230428C00403000,403.0,normalDay
2023-03-31,21845.0,-5548.0,0.0,100,409.39,459.0,0,0.0,0.0,,0.0,1,6.8,12.67,SPY230428C00403000,403.0,normalDay
2023-04-03,21845.0,-5436.0,0.0,100,410.95,459.0,0,0.0,0.0,,0.0,1,6.8,13.11,SPY230428C00403000,403.0,normalDay
2023-04-04,21845.0,-5494.0,0.0,100,408.67,459.0,0,0.0,0.0,,0.0,1,6.8,11.41,SPY230428C00403000,403.0,normalDay
2023-04-05,21845.0,-5480.0,0.0,100,407.6,459.0,0,0.0,0.0,,0.0,1,6.8,10.2,SPY230428C00403000,403.0,normalDay
2023-04-06,21845.0,-5397.0,0.0,100,409.19,459.0,0,0.0,0.0,,0.0,1,6.8,10.96,SPY230428C00403000,403.0,normalDay
2023-04-10,21845.0,-5373.0,0.0,100,409.61,459.0,0,0.0,0.0,,0.0,1,6.8,11.14,SPY230428C00403000,403.0,normalDay
2023-04-11,21845.0,-5334.0,0.0,100,409.72,459.0,0,0.0,0.0,,0.0,1,6.8,10.86,SPY230428C00403000,403.0,normalDay
2023-04-12,21845.0,-5328.0,0.0,100,408.05,459.0,0,0.0,0.0,,0.0,1,6.8,9.13,SPY230428C00403000,403.0,normalDay
2023-04-13,21845.0,-5160.0,0.0,100,413.47,459.0,0,0.0,0.0,,0.0,1,6.8,12.87,SPY230428C00403000,403.0,normalDay
2023-04-14,21845.0,-5153.0,0.0,100,412.46,459.0,0,0.0,0.0,,0.0,1,6.8,11.79,SPY230428C00403000,403.0,normalDay
2023-04-17,21845.0,-5096.0,0.0,100,413.94,459.0,0,0.0,0.0,,0.0,1,6.8,12.7,SPY230428C00403000,403.0,normalDay
2023-04-18,21845.0,-5058.0,0.0,100,414.21,459.0,0,0.0,0.0,,0.0,1,6.8,12.59,SPY230428C00403000,403.0,normalDay
2023-04-19,21845.0,-5057.0,0.0,100,414.14,459.0,0,0.0,0.0,,0.0,1,6.8,12.51,SPY230428C00403000,403.0,normalDay
2023-04-20,21845.0,-5084.0,0.0,100,411.88,459.0,0,0.0,0.0,,0.0,1,6.8,10.52,SPY230428C00403000,403.0,normalDay
2023-04-21,21845.0,-5016.0,0.0,100,412.2,459.0,0,0.0,0.0,,0.0,1,6.8,10.16,SPY230428C00403000,403.0,normalDay
2023-04-24,21845.0,-4987.0,0.0,100,412.63,459.0,0,0.0,0.0,,0.0,1,6.8,10.3,SPY230428C00403000,403.0,normalDay
2023-04-25,21845.0,-5175.0,0.0,100,406.08,459.0,0,0.0,0.0,,0.0,1,6.8,5.63,SPY230428C00403000,403.0,normalDay
2023-04-26,21845.0,-5099.0,0.0,100,404.36,459.0,0,0.0,0.0,,0.0,1,6.8,3.15,SPY230428C00403000,403.0,normalDay
2023-04-27,21845.0,-5018.0,0.0,100,412.41,459.0,0,0.0,0.0,,0.0,1,6.8,10.39,SPY230428C00403000,403.0,normalDay
2023-04-28,16925.0,-5018.0,-4920.0,0,415.93,0.0,0,0.0,0.0,,0.0,1,6.8,0.0,SPY230428C00403000,403.0,expirationDay
2023-05-01,16925.0,-3.0,0.0,0,415.51,0.0,1,0.19,0.22,SPY230504P00405000,405.0,0,0.0,0.0,,0.0,normalDay
2023-05-02,16925.0,-54.0,0.0,0,410.84,0.0,1,0.19,0.73,SPY230504P00405000,405.0,0,0.0,0.0,,0.0,normalDay
2023-05-03,16925.0,-42.0,0.0,0,408.02,0.0,1,0.19,0.61,SPY230504P00405000,405.0,0,0.0,0.0,,0.0,normalDay
2023-05-04,16944.0,0.0,19.0,0,405.13,0.0,1,0.19,0.0,SPY230504P00405000,405.0,0,0.0,0.0,,0.0,expirationDay
2023-05-05,16944.0,-3.0,0.0,0,412.63,0.0,1,0.06,0.09,SPY230508P00404000,404.0,0,0.0,0.0,,0.0,normalDay
2023-05-08,16950.0,0.0,6.0,0,412.74,0.0,1,0.06,0.0,SPY230508P00404000,404.0,0,0.0,0.0,,0.0,expirationDay
2023-05-09,16950.0,-3.0,0.0,0,410.93,0.0,1,0.75,0.78,SPY230512P00405000,405.0,0,0.0,0.0,,0.0,normalDay
2023-05-10,16950.0,55.0,0.0,0,412.85,0.0,1,0.75,0.2,SPY230512P00405000,405.0,0,0.0,0.0,,0.0,normalDay
2023-05-11,16950.0,67.0,0.0,0,412.13,0.0,1,0.75,0.08,SPY230512P00405000,405.0,0,0.0,0.0,,0.0,normalDay
2023-05-12,17025.0,0.0,75.0,0,411.59,0.0,1,0.75,0.0,SPY230512P00405000,405.0,0,0.0,0.0,,0.0,expirationDay
2023-05-15,17025.0,-3.0,0.0,0,413.01,0.0,1,0.26,0.29,SPY230518P00405000,405.0,0,0.0,0.0,,0.0,normalDay
2023-05-16,17025.0,-17.0,0.0,0,410.25,0.0,1,0.26,0.43,SPY230518P00405000,405.0,0,0.0,0.0,,0.0,normalDay
2023-05-17,17025.0,20.0,0.0,0,415.23,0.0,1,0.26,0.06,SPY230518P00405000,405.0,0,0.0,0.0,,0.0,normalDay
2023-05-18,17051.0,0.0,26.0,0,419.23,0.0,1,0.26,0.0,SPY230518P00405000,405.0,0,0.0,0.0,,0.0,expirationDay
2023-05-19,17051.0,0.0,0.0,0,418.62,0.0,0,0.0,0.0,,0.0,0,0.0,0.0,,0.0,bidTooLow
2023-05-22,17051.0,-3.0,0.0,0,418.79,0.0,1,0.05,0.08,SPY230525P00404000,404.0,0,0.0,0.0,,0.0,normalDay
2023-05-23,17051.0,-7.0,0.0,0,414.09,0.0,1,0.05,0.12,SPY230525P00404000,404.0,0,0.0,0.0,,0.0,normalDay
2023-05-24,17051.0,-7.0,0.0,0,411.09,0.0,1,0.05,0.12,SPY230525P00404000,404.0,0,0.0,0.0,,0.0,normalDay
2023-05-25,17056.0,0.0,5.0,0,414.65,0.0,1,0.05,0.0,SPY230525P00404000,404.0,0,0.0,0.0,,0.0,expirationDay
2023-05-26,17056.0,0.0,0.0,0,420.02,0.0,0,0.0,0.0,,0.0,0,0.0,0.0,,0.0,bidTooLow
2023-05-30,17056.0,-3.0,0.0,0,420.18,0.0,1,0.1,0.13,SPY230602P00405000,405.0,0,0.0,0.0,,0.0,normalDay
2023-05-31,17056.0,0.0,0.0,0,417.85,0.0,1,0.1,0.1,SPY230602P00405000,405.0,0,0.0,0.0,,0.0,normalDay
2023-06-01,17056.0,7.0,0.0,0,421.82,0.0,1,0.1,0.03,SPY230602P00405000,405.0,0,0.0,0.0,,0.0,normalDay
2023-06-02,17066.0,0.0,10.0,0,427.92,0.0,1,0.1,0.0,SPY230602P00405000,405.0,0,0.0,0.0,,0.0,expirationDay
2023-06-05,17066.0,0.0,0.0,0,427.1,0.0,0,0.0,0.0,,0.0,0,0.0,0.0,,0.0,bidTooLow
2023-06-06,17066.0,-3.0,0.0,0,428.03,0.0,1,0.01,0.04,SPY230609P00406000,406.0,0,0.0,0.0,,0.0,normalDay
2023-06-07,17066.0,-3.0,0.0,0,426.55,0.0,1,0.01,0.04,SPY230609P00406000,406.0,0,0.0,0.0,,0.0,normalDay
2023-06-08,17066.0,-1.0,0.0,0,429.13,0.0,1,0.01,0.02,SPY230609P00406000,406.0,0,0.0,0.0,,0.0,normalDay
2023-06-09,17067.0,0.0,1.0,0,429.9,0.0,1,0.01,0.0,SPY230609P00406000,406.0,0,0.0,0.0,,0.0,expirationDay
2023-06-12,17067.0,-3.0,0.0,0,433.8,0.0,1,0.06,0.09,SPY230615P00407000,407.0,0,0.0,0.0,,0.0,normalDay
2023-06-13,17067.0,0.0,0.0,0,436.66,0.0,1,0.06,0.06,SPY230615P00407000,407.0,0,0.0,0.0,,0.0,normalDay
2023-06-14,17067.0,4.0,0.0,0,437.18,0.0,1,0.06,0.02,SPY230615P00407000,407.0,0,0.0,0.0,,0.0,normalDay
2023-06-15,17073.0,0.0,6.0,0,442.6,0.0,1,0.06,0.0,SPY230615P00407000,407.0,0,0.0,0.0,,0.0,expirationDay
2023-06-16,17073.0,0.0,0.0,0,439.46,0.0,0,0.0,0.0,,0.0,0,0.0,0.0,,0.0,bidTooLow
2023-06-20,17073.0,0.0,0.0,0,437.18,0.0,0,0.0,0.0,,0.0,0,0.0,0.0,,0.0,bidTooLow
2023-06-21,17073.0,0.0,0.0,0,434.94,0.0,0,0.0,0.0,,0.0,0,0.0,0.0,,0.0,bidTooLow
2023-06-22,17073.0,0.0,0.0,0,436.51,0.0,0,0.0,0.0,,0.0,0,0.0,0.0,,0.0,bidTooLow
2023-06-23,17073.0,0.0,0.0,0,433.21,0.0,0,0.0,0.0,,0.0,0,0.0,0.0,,0.0,bidTooLow
2023-06-26,17073.0,-3.0,0.0,0,431.44,0.0,1,0.04,0.07,SPY230629P00416000,416.0,0,0.0,0.0,,0.0,normalDay
2023-06-27,17073.0,0.0,0.0,0,436.17,0.0,1,0.04,0.04,SPY230629P00416000,416.0,0,0.0,0.0,,0.0,normalDay
2023-06-28,17073.0,2.0,0.0,0,436.39,0.0,1,0.04,0.02,SPY230629P00416000,416.0,0,0.0,0.0,,0.0,normalDay
2023-06-29,17077.0,0.0,4.0,0,438.11,0.0,1,0.04,0.0,SPY230629P00416000,416.0,0,0.0,0.0,,0.0,expirationDay
2023-06-30,17077.0,0.0,0.0,0,443.28,0.0,0,0.0,0.0,,0.0,0,0.0,0.0,,0.0,bidTooLow
2023-07-03,17077.0,-3.0,0.0,0,443.79,0.0,1,0.02,0.05,SPY230706P00425000,425.0,0,0.0,0.0,,0.0,normalDay
2023-07-05,17077.0,-1.0,0.0,0,443.13,0.0,1,0.02,0.03,SPY230706P00425000,425.0,0,0.0,0.0,,0.0,normalDay
2023-07-06,17079.0,0.0,2.0,0,439.66,0.0,1,0.02,0.0,SPY230706P00425000,425.0,0,0.0,0.0,,0.0,expirationDay
2023-07-07,17079.0,-3.0,0.0,0,438.55,0.0,1,0.01,0.04,SPY230710P00429000,429.0,0,0.0,0.0,,0.0,normalDay
2023-07-10,17080.0,0.0,1.0,0,439.66,0.0,1,0.01,0.0,SPY230710P00429000,429.0,0,0.0,0.0,,0.0,expirationDay
2023-07-11,17080.0,-3.0,0.0,0,442.46,0.0,1,0.16,0.19,SPY230714P00431000,431.0,0,0.0,0.0,,0.0,normalDay
2023-07-12,17080.0,11.0,0.0,0,446.02,0.0,1,0.16,0.05,SPY230714P00431000,431.0,0,0.0,0.0,,0.0,normalDay
2023-07-13,17080.0,12.0,0.0,0,449.56,0.0,1,0.16,0.04,SPY230714P00431000,431.0,0,0.0,0.0,,0.0,normalDay
2023-07-14,17096.0,0.0,16.0,0,449.28,0.0,1,0.16,0.0,SPY230714P00431000,431.0,0,0.0,0.0,,0.0,expirationDay
2023-07-17,17096.0,-3.0,0.0,0,450.84,0.0,1,0.02,0.05,SPY230720P00430000,430.0,0,0.0,0.0,,0.0,normalDay
2023-07-18,17096.0,-2.0,0.0,0,454.19,0.0,1,0.02,0.04,SPY230720P00430000,430.0,0,0.0,0.0,,0.0,normalDay
2023-07-19,17096.0,0.0,0.0,0,455.2,0.0,1,0.02,0.02,SPY230720P00430000,430.0,0,0.0,0.0,,0.0,normalDay
2023-07-20,17098.0,0.0,2.0,0,452.18,0.0,1,0.02,0.0,SPY230720P00430000,430.0,0,0.0,0.0,,0.0,expirationDay
2023-07-21,17098.0,0.0,0.0,0,452.18,0.0,0,0.0,0.0,,0.0,0,0.0,0.0,,0.0,bidTooLow
2023-07-24,17098.0,-3.0,0.0,0,454.2,0.0,1,0.01,0.04,SPY230727P00431000,431.0,0,0.0,0.0,,0.0,normalDay
2023-07-25,17098.0,-2.0,0.0,0,455.44,0.0,1,0.01,0.03,SPY230727P00431000,431.0,0,0.0,0.0,,0.0,normalDay
2023-07-26,17098.0,-1.0,0.0,0,455.51,0.0,1,0.01,0.02,SPY230727P00431000,431.0,0,0.0,0.0,,0.0,normalDay
2023-07-27,17099.0,0.0,1.0,0,452.49,0.0,1,0.01,0.0,SPY230727P00431000,431.0,0,0.0,0.0,,0.0,expirationDay
2023-07-28,17099.0,0.0,0.0,0,456.92,0.0,0,0.0,0.0,,0.0,0,0.0,0.0,,0.0,bidTooLow
2023-07-31,17099.0,-3.0,0.0,0,457.79,0.0,1,0.01,0.04,SPY230803P00437000,437.0,0,0.0,0.0,,0.0,normalDay
2023-08-01,17099.0,-2.0,0.0,0,456.48,0.0,1,0.01,0.03,SPY230803P00437000,437.0,0,0.0,0.0,,0.0,normalDay
2023-08-02,17099.0,-5.0,0.0,0,450.13,0.0,1,0.01,0.06,SPY230803P00437000,437.0,0,0.0,0.0,,0.0,normalDay
2023-08-03,17100.0,0.0,1.0,0,448.84,0.0,1,0.01,0.0,SPY230803P00437000,437.0,0,0.0,0.0,,0.0,expirationDay
2023-08-04,17100.0,-3.0,0.0,0,446.81,0.0,1,0.24,0.27,SPY230807P00442000,442.0,0,0.0,0.0,,0.0,normalDay
2023-08-07,17124.0,0.0,24.0,0,450.71,0.0,1,0.24,0.0,SPY230807P00442000,442.0,0,0.0,0.0,,0.0,expirationDay
2023-08-08,17124.0,-3.0,0.0,0,448.75,0.0,1,1.02,1.05,SPY230811P00445000,445.0,0,0.0,0.0,,0.0,normalDay
2023-08-09,17124.0,-78.0,0.0,0,445.75,0.0,1,1.02,1.8,SPY230811P00445000,445.0,0,0.0,0.0,,0.0,normalDay
2023-08-10,17124.0,-17.0,0.0,0,445.91,0.0,1,1.02,1.19,SPY230811P00445000,445.0,0,0.0,0.0,,0.0,normalDay
2023-08-11,17226.0,0.0,102.0,0,445.65,0.0,1,1.02,0.0,SPY230811P00445000,445.0,0,0.0,0.0,,0.0,expirationDay
2023-08-14,17226.0,-3.0,0.0,0,448.11,0.0,1,0.74,0.77,SPY230817P00444000,444.0,0,0.0,0.0,,0.0,normalDay
2023-08-15,17226.0,-183.0,0.0,0,442.89,0.0,1,0.74,2.57,SPY230817P00444000,444.0,0,0.0,0.0,,0.0,normalDay
2023-08-16,17226.0,-355.0,0.0,0,439.64,0.0,1,0.74,4.29,SPY230817P00444000,444.0,0,0.0,0.0,,0.0,normalDay
2023-08-17,17300.0,-771.0,74.0,100,436.29,444.0,1,0.74,0.0,SPY230817P00444000,444.0,0,0.0,0.0,,0.0,expirationDay
2023-08-18,17300.0,-753.0,0.0,100,436.5,444.0,0,0.0,0.0,,0.0,1,1.17,1.2,SPY230929C00458000,458.0,normalDay
2023-08-21,17300.0,-488.0,0.0,100,439.34,444.0,0,0.0,0.0,,0.0,1,1.17,1.39,SPY230929C00458000,458.0,normalDay
2023-08-22,17300.0,-585.0,0.0,100,438.15,444.0,0,0.0,0.0,,0.0,1,1.17,1.17,SPY230929C00458000,458.0,normalDay
2023-08-23,17300.0,-162.0,0.0,100,443.03,444.0,0,0.0,0.0,,0.0,1,1.17,1.82,SPY230929C00458000,458.0,normalDay
2023-08-24,17300.0,-680.0,0.0,100,436.89,444.0,0,0.0,0.0,,0.0,1,1.17,0.86,SPY230929C00458000,458.0,normalDay
2023-08-25,17300.0,-388.0,0.0,100,439.97,444.0,0,0.0,0.0,,0.0,1,1.17,1.02,SPY230929C00458000,458.0,normalDay
2023-08-28,17300.0,-131.0,0.0,100,442.76,444.0,0,0.0,0.0,,0.0,1,1.17,1.24,SPY230929C00458000,458.0,normalDay
2023-08-29,17300.0,371.0,0.0,100,449.16,444.0,0,0.0,0.0,,0.0,1,1.17,2.62,SPY230929C00458000,458.0,normalDay
2023-08-30,17300.0,525.0,0.0,100,451.01,444.0,0,0.0,0.0,,0.0,1,1.17,2.93,SPY230929C00458000,458.0,normalDay
2023-08-31,17300.0,497.0,0.0,100,450.35,444.0,0,0.0,0.0,,0.0,1,1.17,2.55,SPY230929C00458000,458.0,normalDay
2023-09-01,17300.0,606.0,0.0,100,451.19,444.0,0,0.0,0.0,,0.0,1,1.17,2.3,SPY230929C00458000,458.0,normalDay
2023-09-05,17300.0,473.0,0.0,100,449.24,444.0,0,0.0,0.0,,0.0,1,1.17,1.68,SPY230929C00458000,458.0,normalDay
2023-09-06,17300.0,246.0,0.0,100,446.22,444.0,0,0.0,0.0,,0.0,1,1.17,0.93,SPY230929C00458000,458.0,normalDay
2023-09-07,17300.0,134.0,0.0,100,444.85,444.0,0,0.0,0.0,,0.0,1,1.17,0.68,SPY230929C00458000,458.0,normalDay
2023-09-08,17300.0,206.0,0.0,100,445.52,444.0,0,0.0,0.0,,0.0,1,1.17,0.63,SPY230929C00458000,458.0,normalDay
2023-09-11,17300.0,471.0,0.0,100,448.45,444.0,0,0.0,0.0,,0.0,1,1.17,0.91,SPY230929C00458000,458.0,normalDay
2023-09-12,17300.0,260.0,0.0,100,445.99,444.0,0,0.0,0.0,,0.0,1,1.17,0.56,SPY230929C00458000,458.0,normalDay
2023-09-13,17300.0,325.0,0.0,100,446.51,444.0,0,0.0,0.0,,0.0,1,1.17,0.43,SPY230929C00458000,458.0,normalDay
2023-09-14,17300.0,676.0,0.0,100,450.36,444.0,0,0.0,0.0,,0.0,1,1.17,0.77,SPY230929C00458000,458.0,normalDay
2023-09-15,17300.0,36.0,0.0,100,443.37,444.0,0,0.0,0.0,,0.0,1,1.17,0.18,SPY230929C00458000,458.0,normalDay
2023-09-18,17300.0,66.0,0.0,100,443.63,444.0,0,0.0,0.0,,0.0,1,1.17,0.14,SPY230929C00458000,458.0,normalDay
2023-09-19,17300.0,-22.0,0.0,100,442.71,444.0,0,0.0,0.0,,0.0,1,1.17,0.1,SPY230929C00458000,458.0,normalDay
2023-09-20,17300.0,-423.0,0.0,100,438.64,444.0,0,0.0,0.0,,0.0,1,1.17,0.04,SPY230929C00458000,458.0,normalDay
2023-09-21,17300.0,-1146.0,0.0,100,431.39,444.0,0,0.0,0.0,,0.0,1,1.17,0.02,SPY230929C00458000,458.0,normalDay
2023-09-22,17300.0,-1242.0,0.0,100,430.42,444.0,0,0.0,0.0,,0.0,1,1.17,0.01,SPY230929C00458000,458.0,normalDay
2023-09-25,17300.0,-1061.0,0.0,100,432.23,444.0,0,0.0,0.0,,0.0,1,1.17,0.01,SPY230929C00458000,458.0,normalDay
2023-09-26,17300.0,-1696.0,0.0,100,425.88,444.0,0,0.0,0.0,,0.0,1,1.17,0.01,SPY230929C00458000,458.0,normalDay
2023-09-27,17300.0,-1679.0,0.0,100,426.05,444.0,0,0.0,0.0,,0.0,1,1.17,0.01,SPY230929C00458000,458.0,normalDay
2023-09-28,17300.0,-1432.0,0.0,100,428.52,444.0,0,0.0,0.0,,0.0,1,1.17,0.01,SPY230929C00458000,458.0,normalDay
2023-09-29,17417.0,-1652.0,117.0,100,427.48,444.0,0,0.0,0.0,,0.0,1,1.17,0.0,SPY230929C00458000,458.0,expirationDay
2023-10-02,17417.0,-1673.0,0.0,100,427.31,444.0,0,0.0,0.0,,0.0,1,1.44,1.48,SPY231117C00452000,452.0,normalDay
2023-10-03,17417.0,-2198.0,0.0,100,421.59,444.0,0,0.0,0.0,,0.0,1,1.44,1.01,SPY231117C00452000,452.0,normalDay
2023-10-04,17417.0,-1906.0,0.0,100,424.66,444.0,0,0.0,0.0,,0.0,1,1.44,1.16,SPY231117C00452000,452.0,normalDay
2023-10-05,17417.0,-1906.0,0.0,100,424.5,444.0,0,0.0,0.0,,0.0,1,1.44,1.0,SPY231117C00452000,452.0,normalDay
2023-10-06,17417.0,-1472.0,0.0,100,429.54,444.0,0,0.0,0.0,,0.0,1,1.44,1.7,SPY231117C00452000,452.0,normalDay
2023-10-09,17417.0,-1230.0,0.0,100,432.29,444.0,0,0.0,0.0,,0.0,1,1.44,2.03,SPY231117C00452000,452.0,normalDay
2023-10-10,17417.0,-1027.0,0.0,100,434.54,444.0,0,0.0,0.0,,0.0,1,1.44,2.25,SPY231117C00452000,452.0,normalDay
2023-10-11,17417.0,-868.0,0.0,100,436.32,444.0,0,0.0,0.0,,0.0,1,1.44,2.44,SPY231117C00452000,452.0,normalDay
2023-10-12,17417.0,-1048.0,0.0,100,433.66,444.0,0,0.0,0.0,,0.0,1,1.44,1.58,SPY231117C00452000,452.0,normalDay
2023-10-13,17417.0,-1235.0,0.0,100,431.5,444.0,0,0.0,0.0,,0.0,1,1.44,1.29,SPY231117C00452000,452.0,normalDay
2023-10-16,17417.0,-832.0,0.0,100,436.04,444.0,0,0.0,0.0,,0.0,1,1.44,1.8,SPY231117C00452000,452.0,normalDay
2023-10-17,17417.0,-826.0,0.0,100,436.02,444.0,0,0.0,0.0,,0.0,1,1.44,1.72,SPY231117C00452000,452.0,normalDay
2023-10-18,17417.0,-1333.0,0.0,100,430.21,444.0,0,0.0,0.0,,0.0,1,1.44,0.98,SPY231117C00452000,452.0,normalDay
2023-10-19,17417.0,-1670.0,0.0,100,426.43,444.0,0,0.0,0.0,,0.0,1,1.44,0.57,SPY231117C00452000,452.0,normalDay
2023-10-20,17417.0,-2168.0,0.0,100,421.19,444.0,0,0.0,0.0,,0.0,1,1.44,0.31,SPY231117C00452000,452.0,normalDay
2023-10-23,17417.0,-2231.0,0.0,100,420.46,444.0,0,0.0,0.0,,0.0,1,1.44,0.21,SPY231117C00452000,452.0,normalDay
2023-10-24,17417.0,-1917.0,0.0,100,423.63,444.0,0,0.0,0.0,,0.0,1,1.44,0.24,SPY231117C00452000,452.0,normalDay
2023-10-25,17417.0,-2512.0,0.0,100,417.55,444.0,0,0.0,0.0,,0.0,1,1.44,0.11,SPY231117C00452000,452.0,normalDay
2023-10-26,17417.0,-3008.0,0.0,100,412.55,444.0,0,0.0,0.0,,0.0,1,1.44,0.07,SPY231117C00452000,452.0,normalDay
2023-10-27,17417.0,-3193.0,0.0,100,410.68,444.0,0,0.0,0.0,,0.0,1,1.44,0.05,SPY231117C00452000,452.0,normalDay
2023-10-30,17417.0,-2702.0,0.0,100,415.59,444.0,0,0.0,0.0,,0.0,1,1.44,0.05,SPY231117C00452000,452.0,normalDay
2023-10-31,17417.0,-2440.0,0.0,100,418.2,444.0,0,0.0,0.0,,0.0,1,1.44,0.04,SPY231117C00452000,452.0,normalDay
2023-11-01,17417.0,-1996.0,0.0,100,422.66,444.0,0,0.0,0.0,,0.0,1,1.44,0.06,SPY231117C00452000,452.0,normalDay
2023-11-02,17417.0,-1193.0,0.0,100,430.76,444.0,0,0.0,0.0,,0.0,1,1.44,0.13,SPY231117C00452000,452.0,normalDay
2023-11-03,17417.0,-810.0,0.0,100,434.69,444.0,0,0.0,0.0,,0.0,1,1.44,0.23,SPY231117C00452000,452.0,normalDay
2023-11-06,17417.0,-700.0,0.0,100,435.69,444.0,0,0.0,0.0,,0.0,1,1.44,0.13,SPY231117C00452000,452.0,normalDay
2023-11-07,17417.0,-579.0,0.0,100,436.93,444.0,0,0.0,0.0,,0.0,1,1.44,0.16,SPY231117C00452000,452.0,normalDay
2023-11-08,17417.0,-542.0,0.0,100,437.25,444.0,0,0.0,0.0,,0.0,1,1.44,0.11,SPY231117C00452000,452.0,normalDay
2023-11-09,17417.0,-876.0,0.0,100,433.84,444.0,0,0.0,0.0,,0.0,1,1.44,0.04,SPY231117C00452000,452.0,normalDay
2023-11-10,17417.0,-210.0,0.0,100,440.61,444.0,0,0.0,0.0,,0.0,1,1.44,0.15,SPY231117C00452000,452.0,normalDay
2023-11-13,17417.0,-247.0,0.0,100,440.19,444.0,0,0.0,0.0,,0.0,1,1.44,0.1,SPY231117C00452000,452.0,normalDay
2023-11-14,17417.0,507.0,0.0,100,448.73,444.0,0,0.0,0.0,,0.0,1,1.44,1.1,SPY231117C00452000,452.0,normalDay
2023-11-15,17417.0,636.0,0.0,100,449.68,444.0,0,0.0,0.0,,0.0,1,1.44,0.76,SPY231117C00452000,452.0,normalDay
2023-11-16,17417.0,718.0,0.0,100,450.23,444.0,0,0.0,0.0,,0.0,1,1.44,0.49,SPY231117C00452000,452.0,normalDay
2023-11-17,17561.0,679.0,144.0,100,450.79,444.0,0,0.0,0.0,,0.0,1,1.44,0.0,SPY231117C00452000,452.0,expirationDay
2023-11-20,17561.0,1020.0,0.0,100,454.26,444.0,0,0.0,0.0,,0.0,1,7.2,7.26,SPY231229C00454000,454.0,normalDay
2023-11-21,17561.0,1017.0,0.0,100,453.27,444.0,0,0.0,0.0,,0.0,1,7.2,6.3,SPY231229C00454000,454.0,normalDay
2023-11-22,17561.0,1097.0,0.0,100,455.02,444.0,0,0.0,0.0,,0.0,1,7.2,7.25,SPY231229C00454000,454.0,normalDay
2023-11-24,17561.0,1151.0,0.0,100,455.3,444.0,0,0.0,0.0,,0.0,1,7.2,6.99,SPY231229C00454000,454.0,normalDay
2023-11-27,17561.0,1132.0,0.0,100,454.48,444.0,0,0.0,0.0,,0.0,1,7.2,6.36,SPY231229C00454000,454.0,normalDay
2023-11-28,17561.0,1169.0,0.0,100,454.93,444.0,0,0.0,0.0,,0.0,1,7.2,6.44,SPY231229C00454000,454.0,normalDay
2023-11-29,17561.0,1124.0,0.0,100,454.61,444.0,0,0.0,0.0,,0.0,1,7.2,6.57,SPY231229C00454000,454.0,normalDay
2023-11-30,17561.0,1254.0,0.0,100,456.4,444.0,0,0.0,0.0,,0.0,1,7.2,7.06,SPY231229C00454000,454.0,normalDay
