date,totalCapital,unrializedPnL,rializedPnL,stocksOwned,stocksPriceToday,stocksPriceBoughtAt,putOwned,putOwnedSoldAt,putPriceToday,putOwnedContract,putOwnedStrike,callOwned,callOwnedSoldAt,callPriceToday,callOwnedContract,callOwnedStrike,trackType
2018-11-01,0.0,-9.0,0.0,0,273.51,0.0,1,5.82,5.91,SPY190315P00255000,255.0,0,0.0,0.0,,0.0,normalDay
2018-11-02,0.0,-42.0,0.0,0,271.89,0.0,1,5.82,6.24,SPY190315P00255000,255.0,0,0.0,0.0,,0.0,normalDay
2018-11-05,0.0,10.0,0.0,0,273.39,0.0,1,5.82,5.72,SPY190315P00255000,255.0,0,0.0,0.0,,0.0,normalDay
2018-11-06,0.0,62.0,0.0,0,275.12,0.0,1,5.82,5.2,SPY190315P00255000,255.0,0,0.0,0.0,,0.0,normalDay
2018-11-07,0.0,213.0,0.0,0,281.01,0.0,1,5.82,3.69,SPY190315P00255000,255.0,0,0.0,0.0,,0.0,normalDay
2018-11-08,0.0,216.0,0.0,0,280.5,0.0,1,5.82,3.66,SPY190315P00255000,255.0,0,0.0,0.0,,0.0,normalDay
2018-11-09,0.0,146.0,0.0,0,277.76,0.0,1,5.82,4.36,SPY190315P00255000,255.0,0,0.0,0.0,,0.0,normalDay
2018-11-12,0.0,14.0,0.0,0,272.57,0.0,1,5.82,5.68,SPY190315P00255000,255.0,0,0.0,0.0,,0.0,normalDay
2018-11-13,0.0,-10.0,0.0,0,272.06,0.0,1,5.82,5.92,SPY190315P00255000,255.0,0,0.0,0.0,,0.0,normalDay
2018-11-14,0.0,-84.0,0.0,0,270.2,0.0,1,5.82,6.66,SPY190315P00255000,255.0,0,0.0,0.0,,0.0,normalDay
2018-11-15,0.0,9.0,0.0,0,273.02,0.0,1,5.82,5.73,SPY190315P00255000,255.0,0,0.0,0.0,,0.0,normalDay
2018-11-16,0.0,65.0,0.0,0,273.73,0.0,1,5.82,5.17,SPY190315P00255000,255.0,0,0.0,0.0,,0.0,normalDay
2018-11-19,0.0,-67.0,0.0,0,269.1,0.0,1,5.82,6.49,SPY190315P00255000,255.0,0,0.0,0.0,,0.0,normalDay
2018-11-20,0.0,-259.0,0.0,0,264.12,0.0,1,5.82,8.41,SPY190315P00255000,255.0,0,0.0,0.0,,0.0,normalDay
2018-11-21,0.0,-185.0,0.0,0,265.02,0.0,1,5.82,7.67,SPY190315P00255000,255.0,0,0.0,0.0,,0.0,normalDay
2018-11-23,0.0,-249.0,0.0,0,263.25,0.0,1,5.82,8.31,SPY190315P00255000,255.0,0,0.0,0.0,,0.0,normalDay
2018-11-26,0.0,-38.0,0.0,0,267.5,0.0,1,5.82,6.2,SPY190315P00255000,255.0,0,0.0,0.0,,0.0,normalDay
2018-11-27,0.0,-20.0,0.0,0,268.4,0.0,1,5.82,6.02,SPY190315P00255000,255.0,0,0.0,0.0,,0.0,normalDay
2018-11-28,0.0,125.0,0.0,0,274.58,0.0,1,5.82,4.57,SPY190315P00255000,255.0,0,0.0,0.0,,0.0,normalDay
2018-11-29,0.0,109.0,0.0,0,273.98,0.0,1,5.82,4.73,SPY190315P00255000,255.0,0,0.0,0.0,,0.0,normalDay
2018-11-30,0.0,160.0,0.0,0,275.65,0.0,1,5.82,4.22,SPY190315P00255000,255.0,0,0.0,0.0,,0.0,normalDay
2018-12-03,0.0,252.0,0.0,0,279.3,0.0,1,5.82,3.3,SPY190315P00255000,255.0,0,0.0,0.0,,0.0,normalDay
2018-12-04,0.0,11.0,0.0,0,270.25,0.0,1,5.82,5.71,SPY190315P00255000,255.0,0,0.0,0.0,,0.0,normalDay
2018-12-06,0.0,-1.0,0.0,0,269.84,0.0,1,5.82,5.83,SPY190315P00255000,255.0,0,0.0,0.0,,0.0,normalDay
2018-12-07,0.0,-220.0,0.0,0,263.57,0.0,1,5.82,8.02,SPY190315P00255000,255.0,0,0.0,0.0,,0.0,normalDay
2018-12-10,0.0,-160.0,0.0,0,264.07,0.0,1,5.82,7.42,SPY190315P00255000,255.0,0,0.0,0.0,,0.0,normalDay
2018-12-11,0.0,-148.0,0.0,0,264.13,0.0,1,5.82,7.3,SPY190315P00255000,255.0,0,0.0,0.0,,0.0,normalDay
2018-12-12,0.0,-113.0,0.0,0,265.46,0.0,1,5.82,6.95,SPY190315P00255000,255.0,0,0.0,0.0,,0.0,normalDay
2018-12-13,0.0,-92.0,0.0,0,265.37,0.0,1,5.82,6.74,SPY190315P00255000,255.0,0,0.0,0.0,,0.0,normalDay
2018-12-14,0.0,-258.0,0.0,0,260.47,0.0,1,5.82,8.4,SPY190315P00255000,255.0,0,0.0,0.0,,0.0,normalDay
2018-12-17,0.0,-481.0,0.0,0,255.36,0.0,1,5.82,10.63,SPY190315P00255000,255.0,0,0.0,0.0,,0.0,normalDay
2018-12-18,0.0,-537.0,0.0,0,255.08,0.0,1,5.82,11.19,SPY190315P00255000,255.0,0,0.0,0.0,,0.0,normalDay
2018-12-19,0.0,-651.0,0.0,0,251.26,0.0,1,5.82,12.33,SPY190315P00255000,255.0,0,0.0,0.0,,0.0,normalDay
2018-12-20,0.0,-889.0,0.0,0,247.17,0.0,1,5.82,14.71,SPY190315P00255000,255.0,0,0.0,0.0,,0.0,normalDay
2018-12-21,0.0,-1311.0,0.0,0,240.7,0.0,1,5.82,18.93,SPY190315P00255000,255.0,0,0.0,0.0,,0.0,normalDay
2018-12-24,0.0,-1947.0,0.0,0,234.34,0.0,1,5.82,25.29,SPY190315P00255000,255.0,0,0.0,0.0,,0.0,normalDay
2018-12-26,0.0,-884.0,0.0,0,246.18,0.0,1,5.82,14.66,SPY190315P00255000,255.0,0,0.0,0.0,,0.0,normalDay
2018-12-27,0.0,-795.0,0.0,0,248.07,0.0,1,5.82,13.77,SPY190315P00255000,255.0,0,0.0,0.0,,0.0,normalDay
2018-12-28,0.0,-813.0,0.0,0,247.75,0.0,1,5.82,13.95,SPY190315P00255000,255.0,0,0.0,0.0,,0.0,normalDay
2018-12-31,0.0,-617.0,0.0,0,249.92,0.0,1,5.82,11.99,SPY190315P00255000,255.0,0,0.0,0.0,,0.0,normalDay
2019-01-02,0.0,-537.0,0.0,0,250.18,0.0,1,5.82,11.19,SPY190315P00255000,255.0,0,0.0,0.0,,0.0,normalDay
2019-01-03,0.0,-949.0,0.0,0,244.21,0.0,1,5.82,15.31,SPY190315P00255000,255.0,0,0.0,0.0,,0.0,normalDay
2019-01-04,0.0,-402.0,0.0,0,252.39,0.0,1,5.82,9.84,SPY190315P00255000,255.0,0,0.0,0.0,,0.0,normalDay
2019-01-07,0.0,-299.0,0.0,0,254.38,0.0,1,5.82,8.81,SPY190315P00255000,255.0,0,0.0,0.0,,0.0,normalDay
2019-01-08,0.0,-168.0,0.0,0,256.77,0.0,1,5.82,7.5,SPY190315P00255000,255.0,0,0.0,0.0,,0.0,normalDay
2019-01-09,0.0,-100.0,0.0,0,257.97,0.0,1,5.82,6.82,SPY190315P00255000,255.0,0,0.0,0.0,,0.0,normalDay
2019-01-10,0.0,-46.0,0.0,0,258.88,0.0,1,5.82,6.28,SPY190315P00255000,255.0,0,0.0,0.0,,0.0,normalDay
2019-01-11,0.0,-2.0,0.0,0,258.98,0.0,1,5.82,5.84,SPY190315P00255000,255.0,0,0.0,0.0,,0.0,normalDay
2019-01-14,0.0,-37.0,0.0,0,257.4,0.0,1,5.82,6.19,SPY190315P00255000,255.0,0,0.0,0.0,,0.0,normalDay
2019-01-15,0.0,92.0,0.0,0,260.35,0.0,1,5.82,4.9,SPY190315P00255000,255.0,0,0.0,0.0,,0.0,normalDay
2019-01-16,0.0,116.0,0.0,0,260.98,0.0,1,5.82,4.66,SPY190315P00255000,255.0,0,0.0,0.0,,0.0,normalDay
2019-01-17,0.0,183.0,0.0,0,262.96,0.0,1,5.82,3.99,SPY190315P00255000,255.0,0,0.0,0.0,,0.0,normalDay
2019-01-18,0.0,265.0,0.0,0,266.46,0.0,1,5.82,3.17,SPY190315P00255000,255.0,0,0.0,0.0,,0.0,normalDay
2019-01-22,0.0,146.0,0.0,0,262.86,0.0,1,5.82,4.36,SPY190315P00255000,255.0,0,0.0,0.0,,0.0,normalDay
2019-01-23,0.0,163.0,0.0,0,263.41,0.0,1,5.82,4.19,SPY190315P00255000,255.0,0,0.0,0.0,,0.0,normalDay
2019-01-24,0.0,191.0,0.0,0,263.55,0.0,1,5.82,3.91,SPY190315P00255000,255.0,0,0.0,0.0,,0.0,normalDay
2019-01-25,0.0,282.0,0.0,0,265.78,0.0,1,5.82,3.0,SPY190315P00255000,255.0,0,0.0,0.0,,0.0,normalDay
2019-01-28,0.0,222.0,0.0,0,263.76,0.0,1,5.82,3.6,SPY190315P00255000,255.0,0,0.0,0.0,,0.0,normalDay
2019-01-29,0.0,213.0,0.0,0,263.41,0.0,1,5.82,3.69,SPY190315P00255000,255.0,0,0.0,0.0,,0.0,normalDay
2019-01-30,0.0,339.0,0.0,0,267.58,0.0,1,5.82,2.43,SPY190315P00255000,255.0,0,0.0,0.0,,0.0,normalDay
2019-01-31,0.0,412.0,0.0,0,269.93,0.0,1,5.82,1.7,SPY190315P00255000,255.0,0,0.0,0.0,,0.0,normalDay
2019-02-01,0.0,422.0,0.0,0,270.06,0.0,1,5.82,1.6,SPY190315P00255000,255.0,0,0.0,0.0,,0.0,normalDay
2019-02-04,0.0,462.0,0.0,0,271.96,0.0,1,5.82,1.2,SPY190315P00255000,255.0,0,0.0,0.0,,0.0,normalDay
2019-02-05,0.0,471.0,0.0,0,273.1,0.0,1,5.82,1.11,SPY190315P00255000,255.0,0,0.0,0.0,,0.0,normalDay
2019-02-06,0.0,475.0,0.0,0,272.74,0.0,1,5.82,1.07,SPY190315P00255000,255.0,0,0.0,0.0,,0.0,normalDay
2019-02-07,0.0,442.0,0.0,0,270.14,0.0,1,5.82,1.4,SPY190315P00255000,255.0,0,0.0,0.0,,0.0,normalDay
2019-02-08,0.0,456.0,0.0,0,270.47,0.0,1,5.82,1.26,SPY190315P00255000,255.0,0,0.0,0.0,,0.0,normalDay
2019-02-11,0.0,469.0,0.0,0,270.62,0.0,1,5.82,1.13,SPY190315P00255000,255.0,0,0.0,0.0,,0.0,normalDay
2019-02-12,0.0,507.0,0.0,0,274.1,0.0,1,5.82,0.75,SPY190315P00255000,255.0,0,0.0,0.0,,0.0,normalDay
2019-02-13,0.0,512.0,0.0,0,274.99,0.0,1,5.82,0.7,SPY190315P00255000,255.0,0,0.0,0.0,,0.0,normalDay
2019-02-14,0.0,504.0,0.0,0,274.38,0.0,1,5.82,0.78,SPY190315P00255000,255.0,0,0.0,0.0,,0.0,normalDay
2019-02-15,0.0,532.0,0.0,0,277.37,0.0,1,5.82,0.5,SPY190315P00255000,255.0,0,0.0,0.0,,0.0,normalDay
2019-02-19,0.0,543.0,0.0,0,277.85,0.0,1,5.82,0.39,SPY190315P00255000,255.0,0,0.0,0.0,,0.0,normalDay
2019-02-20,0.0,553.0,0.0,0,278.41,0.0,1,5.82,0.29,SPY190315P00255000,255.0,0,0.0,0.0,,0.0,normalDay
2019-02-21,0.0,551.0,0.0,0,277.42,0.0,1,5.82,0.31,SPY190315P00255000,255.0,0,0.0,0.0,,0.0,normalDay
2019-02-22,0.0,561.0,0.0,0,279.14,0.0,1,5.82,0.21,SPY190315P00255000,255.0,0,0.0,0.0,,0.0,normalDay
2019-02-25,0.0,558.0,0.0,0,279.52,0.0,1,5.82,0.24,SPY190315P00255000,255.0,0,0.0,0.0,,0.0,normalDay
2019-02-26,0.0,559.0,0.0,0,279.32,0.0,1,5.82,0.23,SPY190315P00255000,255.0,0,0.0,0.0,,0.0,normalDay
2019-02-27,0.0,561.0,0.0,0,279.2,0.0,1,5.82,0.21,SPY190315P00255000,255.0,0,0.0,0.0,,0.0,normalDay
2019-02-28,0.0,560.0,0.0,0,278.68,0.0,1,5.82,0.22,SPY190315P00255000,255.0,0,0.0,0.0,,0.0,normalDay
2019-03-01,0.0,570.0,0.0,0,280.42,0.0,1,5.82,0.12,SPY190315P00255000,255.0,0,0.0,0.0,,0.0,normalDay
2019-03-04,0.0,571.0,0.0,0,279.4,0.0,1,5.82,0.11,SPY190315P00255000,255.0,0,0.0,0.0,,0.0,normalDay
2019-03-05,0.0,572.0,0.0,0,279.02,0.0,1,5.82,0.1,SPY190315P00255000,255.0,0,0.0,0.0,,0.0,normalDay
2019-03-06,0.0,569.0,0.0,0,277.33,0.0,1,5.82,0.13,SPY190315P00255000,255.0,0,0.0,0.0,,0.0,normalDay
2019-03-07,0.0,568.0,0.0,0,275.01,0.0,1,5.82,0.14,SPY190315P00255000,255.0,0,0.0,0.0,,0.0,normalDay
2019-03-08,0.0,574.0,0.0,0,274.46,0.0,1,5.82,0.08,SPY190315P00255000,255.0,0,0.0,0.0,,0.0,normalDay
2019-03-11,0.0,579.0,0.0,0,278.44,0.0,1,5.82,0.03,SPY190315P00255000,255.0,0,0.0,0.0,,0.0,normalDay
2019-03-12,0.0,580.0,0.0,0,279.49,0.0,1,5.82,0.02,SPY190315P00255000,255.0,0,0.0,0.0,,0.0,normalDay
2019-03-13,0.0,581.0,0.0,0,281.34,0.0,1,5.82,0.01,SPY190315P00255000,255.0,0,0.0,0.0,,0.0,normalDay
2019-03-14,0.0,581.0,0.0,0,281.16,0.0,1,5.82,0.01,SPY190315P00255000,255.0,0,0.0,0.0,,0.0,normalDay
2019-03-15,582.0,0.0,582.0,0,281.31,0.0,1,5.82,0.0,SPY190315P00255000,255.0,0,0.0,0.0,,0.0,expirationDay
2019-03-18,582.0,-5.0,0.0,0,282.33,0.0,1,5.25,5.3,SPY190719P00273000,273.0,0,0.0,0.0,,0.0,normalDay
2019-03-19,582.0,-24.0,0.0,0,282.4,0.0,1,5.25,5.49,SPY190719P00273000,273.0,0,0.0,0.0,,0.0,normalDay
2019-03-20,582.0,-51.0,0.0,0,281.55,0.0,1,5.25,5.76,SPY190719P00273000,273.0,0,0.0,0.0,,0.0,normalDay
2019-03-21,582.0,34.0,0.0,0,284.73,0.0,1,5.25,4.91,SPY190719P00273000,273.0,0,0.0,0.0,,0.0,normalDay
2019-03-22,582.0,-155.0,0.0,0,279.25,0.0,1,5.25,6.8,SPY190719P00273000,273.0,0,0.0,0.0,,0.0,normalDay
2019-03-25,582.0,-178.0,0.0,0,279.04,0.0,1,5.25,7.03,SPY190719P00273000,273.0,0,0.0,0.0,,0.0,normalDay
2019-03-26,582.0,-87.0,0.0,0,281.12,0.0,1,5.25,6.12,SPY190719P00273000,273.0,0,0.0,0.0,,0.0,normalDay
2019-03-27,582.0,-132.0,0.0,0,279.65,0.0,1,5.25,6.57,SPY190719P00273000,273.0,0,0.0,0.0,,0.0,normalDay
2019-03-28,582.0,-77.0,0.0,0,280.71,0.0,1,5.25,6.02,SPY190719P00273000,273.0,0,0.0,0.0,,0.0,normalDay
2019-03-29,582.0,-8.0,0.0,0,282.48,0.0,1,5.25,5.33,SPY190719P00273000,273.0,0,0.0,0.0,,0.0,normalDay
2019-04-01,582.0,82.0,0.0,0,285.83,0.0,1,5.25,4.43,SPY190719P00273000,273.0,0,0.0,0.0,,0.0,normalDay
2019-04-02,582.0,90.0,0.0,0,285.97,0.0,1,5.25,4.35,SPY190719P00273000,273.0,0,0.0,0.0,,0.0,normalDay
2019-04-03,582.0,106.0,0.0,0,286.42,0.0,1,5.25,4.19,SPY190719P00273000,273.0,0,0.0,0.0,,0.0,normalDay
2019-04-04,582.0,125.0,0.0,0,287.18,0.0,1,5.25,4.0,SPY190719P00273000,273.0,0,0.0,0.0,,0.0,normalDay
2019-04-05,582.0,169.0,0.0,0,288.57,0.0,1,5.25,3.56,SPY190719P00273000,273.0,0,0.0,0.0,,0.0,normalDay
2019-04-08,582.0,175.0,0.0,0,288.79,0.0,1,5.25,3.5,SPY190719P00273000,273.0,0,0.0,0.0,,0.0,normalDay
2019-04-09,582.0,121.0,0.0,0,287.31,0.0,1,5.25,4.04,SPY190719P00273000,273.0,0,0.0,0.0,,0.0,normalDay
2019-04-10,582.0,170.0,0.0,0,288.29,0.0,1,5.25,3.55,SPY190719P00273000,273.0,0,0.0,0.0,,0.0,normalDay
2019-04-11,582.0,173.0,0.0,0,288.21,0.0,1,5.25,3.52,SPY190719P00273000,273.0,0,0.0,0.0,,0.0,normalDay
2019-04-12,582.0,235.0,0.0,0,290.16,0.0,1,5.25,2.9,SPY190719P00273000,273.0,0,0.0,0.0,,0.0,normalDay
2019-04-15,582.0,242.0,0.0,0,289.97,0.0,1,5.25,2.83,SPY190719P00273000,273.0,0,0.0,0.0,,0.0,normalDay
2019-04-16,582.0,246.0,0.0,0,290.16,0.0,1,5.25,2.79,SPY190719P00273000,273.0,0,0.0,0.0,,0.0,normalDay
2019-04-17,582.0,230.0,0.0,0,289.45,0.0,1,5.25,2.95,SPY190719P00273000,273.0,0,0.0,0.0,,0.0,normalDay
2019-04-18,582.0,248.0,0.0,0,290.02,0.0,1,5.25,2.77,SPY190719P00273000,273.0,0,0.0,0.0,,0.0,normalDay
2019-04-22,582.0,264.0,0.0,0,290.27,0.0,1,5.25,2.61,SPY190719P00273000,273.0,0,0.0,0.0,,0.0,normalDay
2019-04-23,582.0,300.0,0.0,0,292.88,0.0,1,5.25,2.25,SPY190719P00273000,273.0,0,0.0,0.0,,0.0,normalDay
2019-04-24,582.0,284.0,0.0,0,292.23,0.0,1,5.25,2.41,SPY190719P00273000,273.0,0,0.0,0.0,,0.0,normalDay
2019-04-25,582.0,277.0,0.0,0,292.05,0.0,1,5.25,2.48,SPY190719P00273000,273.0,0,0.0,0.0,,0.0,normalDay
2019-04-26,582.0,303.0,0.0,0,293.41,0.0,1,5.25,2.22,SPY190719P00273000,273.0,0,0.0,0.0,,0.0,normalDay
2019-04-29,582.0,310.0,0.0,0,293.87,0.0,1,5.25,2.15,SPY190719P00273000,273.0,0,0.0,0.0,,0.0,normalDay
2019-04-30,582.0,315.0,0.0,0,294.02,0.0,1,5.25,2.1,SPY190719P00273000,273.0,0,0.0,0.0,,0.0,normalDay
2019-05-01,582.0,267.0,0.0,0,291.81,0.0,1,5.25,2.58,SPY190719P00273000,273.0,0,0.0,0.0,,0.0,normalDay
2019-05-02,582.0,260.0,0.0,0,291.18,0.0,1,5.25,2.65,SPY190719P00273000,273.0,0,0.0,0.0,,0.0,normalDay
2019-05-03,582.0,325.0,0.0,0,294.03,0.0,1,5.25,2.0,SPY190719P00273000,273.0,0,0.0,0.0,,0.0,normalDay
2019-05-06,582.0,277.0,0.0,0,292.82,0.0,1,5.25,2.48,SPY190719P00273000,273.0,0,0.0,0.0,,0.0,normalDay
2019-05-07,582.0,116.0,0.0,0,287.93,0.0,1,5.25,4.09,SPY190719P00273000,273.0,0,0.0,0.0,,0.0,normalDay
2019-05-08,582.0,123.0,0.0,0,287.53,0.0,1,5.25,4.02,SPY190719P00273000,273.0,0,0.0,0.0,,0.0,normalDay
2019-05-09,582.0,120.0,0.0,0,286.66,0.0,1,5.25,4.05,SPY190719P00273000,273.0,0,0.0,0.0,,0.0,normalDay
2019-05-10,582.0,201.0,0.0,0,288.1,0.0,1,5.25,3.24,SPY190719P00273000,273.0,0,0.0,0.0,,0.0,normalDay
2019-05-13,582.0,-52.0,0.0,0,280.86,0.0,1,5.25,5.77,SPY190719P00273000,273.0,0,0.0,0.0,,0.0,normalDay
2019-05-14,582.0,70.0,0.0,0,283.4,0.0,1,5.25,4.55,SPY190719P00273000,273.0,0,0.0,0.0,,0.0,normalDay
2019-05-15,582.0,154.0,0.0,0,285.06,0.0,1,5.25,3.71,SPY190719P00273000,273.0,0,0.0,0.0,,0.0,normalDay
2019-05-16,582.0,234.0,0.0,0,287.7,0.0,1,5.25,2.91,SPY190719P00273000,273.0,0,0.0,0.0,,0.0,normalDay
2019-05-17,582.0,189.0,0.0,0,285.84,0.0,1,5.25,3.36,SPY190719P00273000,273.0,0,0.0,0.0,,0.0,normalDay
2019-05-20,582.0,161.0,0.0,0,283.95,0.0,1,5.25,3.64,SPY190719P00273000,273.0,0,0.0,0.0,,0.0,normalDay
2019-05-21,582.0,244.0,0.0,0,286.51,0.0,1,5.25,2.81,SPY190719P00273000,273.0,0,0.0,0.0,,0.0,normalDay
2019-05-22,582.0,235.0,0.0,0,285.63,0.0,1,5.25,2.9,SPY190719P00273000,273.0,0,0.0,0.0,,0.0,normalDay
2019-05-23,582.0,114.0,0.0,0,282.14,0.0,1,5.25,4.11,SPY190719P00273000,273.0,0,0.0,0.0,,0.0,normalDay
2019-05-24,582.0,160.0,0.0,0,282.78,0.0,1,5.25,3.65,SPY190719P00273000,273.0,0,0.0,0.0,,0.0,normalDay
2019-05-28,582.0,90.0,0.0,0,280.15,0.0,1,5.25,4.35,SPY190719P00273000,273.0,0,0.0,0.0,,0.0,normalDay
2019-05-29,582.0,27.0,0.0,0,278.27,0.0,1,5.25,4.98,SPY190719P00273000,273.0,0,0.0,0.0,,0.0,normalDay
2019-05-30,582.0,63.0,0.0,0,279.03,0.0,1,5.25,4.62,SPY190719P00273000,273.0,0,0.0,0.0,,0.0,normalDay
2019-05-31,582.0,-91.0,0.0,0,275.27,0.0,1,5.25,6.16,SPY190719P00273000,273.0,0,0.0,0.0,,0.0,normalDay
2019-06-03,582.0,-85.0,0.0,0,274.57,0.0,1,5.25,6.1,SPY190719P00273000,273.0,0,0.0,0.0,,0.0,normalDay
2019-06-04,582.0,149.0,0.0,0,280.53,0.0,1,5.25,3.76,SPY190719P00273000,273.0,0,0.0,0.0,,0.0,normalDay
2019-06-05,582.0,239.0,0.0,0,282.96,0.0,1,5.25,2.86,SPY190719P00273000,273.0,0,0.0,0.0,,0.0,normalDay
2019-06-06,582.0,286.0,0.0,0,284.8,0.0,1,5.25,2.39,SPY190719P00273000,273.0,0,0.0,0.0,,0.0,normalDay
2019-06-07,582.0,324.0,0.0,0,287.65,0.0,1,5.25,2.01,SPY190719P00273000,273.0,0,0.0,0.0,,0.0,normalDay
2019-06-10,582.0,360.0,0.0,0,288.97,0.0,1,5.25,1.65,SPY190719P00273000,273.0,0,0.0,0.0,,0.0,normalDay
2019-06-11,582.0,358.0,0.0,0,288.9,0.0,1,5.25,1.67,SPY190719P00273000,273.0,0,0.0,0.0,,0.0,normalDay
2019-06-12,582.0,359.0,0.0,0,288.39,0.0,1,5.25,1.66,SPY190719P00273000,273.0,0,0.0,0.0,,0.0,normalDay
2019-06-13,582.0,380.0,0.0,0,289.58,0.0,1,5.25,1.45,SPY190719P00273000,273.0,0,0.0,0.0,,0.0,normalDay
2019-06-14,582.0,392.0,0.0,0,289.26,0.0,1,5.25,1.33,SPY190719P00273000,273.0,0,0.0,0.0,,0.0,normalDay
2019-06-17,582.0,405.0,0.0,0,289.37,0.0,1,5.25,1.2,SPY190719P00273000,273.0,0,0.0,0.0,,0.0,normalDay
2019-06-18,582.0,435.0,0.0,0,292.4,0.0,1,5.25,0.9,SPY190719P00273000,273.0,0,0.0,0.0,,0.0,normalDay
2019-06-19,582.0,454.0,0.0,0,293.06,0.0,1,5.25,0.71,SPY190719P00273000,273.0,0,0.0,0.0,,0.0,normalDay
2019-06-20,582.0,468.0,0.0,0,295.86,0.0,1,5.25,0.57,SPY190719P00273000,273.0,0,0.0,0.0,,0.0,normalDay
2019-06-21,582.0,464.0,0.0,0,294.0,0.0,1,5.25,0.61,SPY190719P00273000,273.0,0,0.0,0.0,,0.0,normalDay
2019-06-24,582.0,473.0,0.0,0,293.64,0.0,1,5.25,0.52,SPY190719P00273000,273.0,0,0.0,0.0,,0.0,normalDay
2019-06-25,582.0,449.0,0.0,0,290.76,0.0,1,5.25,0.76,SPY190719P00273000,273.0,0,0.0,0.0,,0.0,normalDay
2019-06-26,582.0,450.0,0.0,0,290.47,0.0,1,5.25,0.75,SPY190719P00273000,273.0,0,0.0,0.0,,0.0,normalDay
2019-06-27,582.0,467.0,0.0,0,291.5,0.0,1,5.25,0.58,SPY190719P00273000,273.0,0,0.0,0.0,,0.0,normalDay
2019-06-28,582.0,480.0,0.0,0,293.0,0.0,1,5.25,0.45,SPY190719P00273000,273.0,0,0.0,0.0,,0.0,normalDay
2019-07-01,582.0,504.0,0.0,0,295.66,0.0,1,5.25,0.21,SPY190719P00273000,273.0,0,0.0,0.0,,0.0,normalDay
2019-07-02,582.0,512.0,0.0,0,296.43,0.0,1,5.25,0.13,SPY190719P00273000,273.0,0,0.0,0.0,,0.0,normalDay
2019-07-03,582.0,516.0,0.0,0,298.8,0.0,1,5.25,0.09,SPY190719P00273000,273.0,0,0.0,0.0,,0.0,normalDay
2019-07-05,582.0,514.0,0.0,0,298.46,0.0,1,5.25,0.11,SPY190719P00273000,273.0,0,0.0,0.0,,0.0,normalDay
2019-07-08,582.0,518.0,0.0,0,296.82,0.0,1,5.25,0.07,SPY190719P00273000,273.0,0,0.0,0.0,,0.0,normalDay
2019-07-09,582.0,519.0,0.0,0,297.19,0.0,1,5.25,0.06,SPY190719P00273000,273.0,0,0.0,0.0,,0.0,normalDay
2019-07-10,582.0,521.0,0.0,0,298.61,0.0,1,5.25,0.04,SPY190719P00273000,273.0,0,0.0,0.0,,0.0,normalDay
2019-07-11,582.0,521.0,0.0,0,299.31,0.0,1,5.25,0.04,SPY190719P00273000,273.0,0,0.0,0.0,,0.0,normalDay
2019-07-12,582.0,522.0,0.0,0,300.65,0.0,1,5.25,0.03,SPY190719P00273000,273.0,0,0.0,0.0,,0.0,normalDay
2019-07-15,582.0,523.0,0.0,0,300.75,0.0,1,5.25,0.02,SPY190719P00273000,273.0,0,0.0,0.0,,0.0,normalDay
2019-07-16,582.0,523.0,0.0,0,299.78,0.0,1,5.25,0.02,SPY190719P00273000,273.0,0,0.0,0.0,,0.0,normalDay
2019-07-17,582.0,523.0,0.0,0,297.74,0.0,1,5.25,0.02,SPY190719P00273000,273.0,0,0.0,0.0,,0.0,normalDay
2019-07-18,582.0,524.0,0.0,0,298.83,0.0,1,5.25,0.01,SPY190719P00273000,273.0,0,0.0,0.0,,0.0,normalDay
2019-07-19,1107.0,0.0,525.0,0,297.17,0.0,1,5.25,0.0,SPY190719P00273000,273.0,0,0.0,0.0,,0.0,expirationDay
2019-07-22,1107.0,-7.0,0.0,0,297.9,0.0,1,5.74,5.81,SPY191115P00288000,288.0,0,0.0,0.0,,0.0,normalDay
2019-07-23,1107.0,67.0,0.0,0,300.03,0.0,1,5.74,5.07,SPY191115P00288000,288.0,0,0.0,0.0,,0.0,normalDay
2019-07-24,1107.0,112.0,0.0,0,301.44,0.0,1,5.74,4.62,SPY191115P00288000,288.0,0,0.0,0.0,,0.0,normalDay
2019-07-25,1107.0,67.0,0.0,0,300.0,0.0,1,5.74,5.07,SPY191115P00288000,288.0,0,0.0,0.0,,0.0,normalDay
2019-07-26,1107.0,125.0,0.0,0,302.01,0.0,1,5.74,4.49,SPY191115P00288000,288.0,0,0.0,0.0,,0.0,normalDay
2019-07-29,1107.0,122.0,0.0,0,301.46,0.0,1,5.74,4.52,SPY191115P00288000,288.0,0,0.0,0.0,,0.0,normalDay
2019-07-30,1107.0,76.0,0.0,0,300.72,0.0,1,5.74,4.98,SPY191115P00288000,288.0,0,0.0,0.0,,0.0,normalDay
2019-07-31,1107.0,-48.0,0.0,0,297.43,0.0,1,5.74,6.22,SPY191115P00288000,288.0,0,0.0,0.0,,0.0,normalDay
2019-08-01,1107.0,-161.0,0.0,0,294.84,0.0,1,5.74,7.35,SPY191115P00288000,288.0,0,0.0,0.0,,0.0,normalDay
2019-08-02,1107.0,-235.0,0.0,0,292.62,0.0,1,5.74,8.09,SPY191115P00288000,288.0,0,0.0,0.0,,0.0,normalDay
2019-08-05,1107.0,-756.0,0.0,0,283.82,0.0,1,5.74,13.3,SPY191115P00288000,288.0,0,0.0,0.0,,0.0,normalDay
2019-08-06,1107.0,-463.0,0.0,0,287.8,0.0,1,5.74,10.37,SPY191115P00288000,288.0,0,0.0,0.0,,0.0,normalDay
2019-08-07,1107.0,-451.0,0.0,0,287.97,0.0,1,5.74,10.25,SPY191115P00288000,288.0,0,0.0,0.0,,0.0,normalDay
2019-08-08,1107.0,-172.0,0.0,0,293.62,0.0,1,5.74,7.46,SPY191115P00288000,288.0,0,0.0,0.0,,0.0,normalDay
2019-08-09,1107.0,-262.0,0.0,0,291.62,0.0,1,5.74,8.36,SPY191115P00288000,288.0,0,0.0,0.0,,0.0,normalDay
2019-08-12,1107.0,-486.0,0.0,0,288.07,0.0,1,5.74,10.6,SPY191115P00288000,288.0,0,0.0,0.0,,0.0,normalDay
2019-08-13,1107.0,-231.0,0.0,0,292.55,0.0,1,5.74,8.05,SPY191115P00288000,288.0,0,0.0,0.0,,0.0,normalDay
2019-08-14,1107.0,-692.0,0.0,0,283.9,0.0,1,5.74,12.66,SPY191115P00288000,288.0,0,0.0,0.0,,0.0,normalDay
2019-08-15,1107.0,-636.0,0.0,0,284.65,0.0,1,5.74,12.1,SPY191115P00288000,288.0,0,0.0,0.0,,0.0,normalDay
2019-08-16,1107.0,-401.0,0.0,0,288.85,0.0,1,5.74,9.75,SPY191115P00288000,288.0,0,0.0,0.0,,0.0,normalDay
2019-08-19,1107.0,-201.0,0.0,0,292.33,0.0,1,5.74,7.75,SPY191115P00288000,288.0,0,0.0,0.0,,0.0,normalDay
2019-08-20,1107.0,-305.0,0.0,0,290.09,0.0,1,5.74,8.79,SPY191115P00288000,288.0,0,0.0,0.0,,0.0,normalDay
2019-08-21,1107.0,-147.0,0.0,0,292.45,0.0,1,5.74,7.21,SPY191115P00288000,288.0,0,0.0,0.0,,0.0,normalDay
2019-08-22,1107.0,-177.0,0.0,0,292.36,0.0,1,5.74,7.51,SPY191115P00288000,288.0,0,0.0,0.0,,0.0,normalDay
2019-08-23,1107.0,-524.0,0.0,0,284.85,0.0,1,5.74,10.98,SPY191115P00288000,288.0,0,0.0,0.0,,0.0,normalDay
2019-08-26,1107.0,-383.0,0.0,0,288.0,0.0,1,5.74,9.57,SPY191115P00288000,288.0,0,0.0,0.0,,0.0,normalDay
2019-08-27,1107.0,-465.0,0.0,0,286.87,0.0,1,5.74,10.39,SPY191115P00288000,288.0,0,0.0,0.0,,0.0,normalDay
2019-08-28,1107.0,-347.0,0.0,0,288.89,0.0,1,5.74,9.21,SPY191115P00288000,288.0,0,0.0,0.0,,0.0,normalDay
2019-08-29,1107.0,-174.0,0.0,0,292.58,0.0,1,5.74,7.48,SPY191115P00288000,288.0,0,0.0,0.0,,0.0,normalDay
2019-08-30,1107.0,-189.0,0.0,0,292.45,0.0,1,5.74,7.63,SPY191115P00288000,288.0,0,0.0,0.0,,0.0,normalDay
2019-09-03,1107.0,-260.0,0.0,0,290.74,0.0,1,5.74,8.34,SPY191115P00288000,288.0,0,0.0,0.0,,0.0,normalDay
2019-09-04,1107.0,-79.0,0.0,0,294.04,0.0,1,5.74,6.53,SPY191115P00288000,288.0,0,0.0,0.0,,0.0,normalDay
2019-09-05,1107.0,58.0,0.0,0,297.82,0.0,1,5.74,5.16,SPY191115P00288000,288.0,0,0.0,0.0,,0.0,normalDay
2019-09-06,1107.0,109.0,0.0,0,298.05,0.0,1,5.74,4.65,SPY191115P00288000,288.0,0,0.0,0.0,,0.0,normalDay
2019-09-09,1107.0,118.0,0.0,0,298.2,0.0,1,5.74,4.56,SPY191115P00288000,288.0,0,0.0,0.0,,0.0,normalDay
2019-09-10,1107.0,126.0,0.0,0,298.13,0.0,1,5.74,4.48,SPY191115P00288000,288.0,0,0.0,0.0,,0.0,normalDay
2019-09-11,1107.0,197.0,0.0,0,300.25,0.0,1,5.74,3.77,SPY191115P00288000,288.0,0,0.0,0.0,,0.0,normalDay
2019-09-12,1107.0,243.0,0.0,0,301.29,0.0,1,5.74,3.31,SPY191115P00288000,288.0,0,0.0,0.0,,0.0,normalDay
2019-09-13,1107.0,248.0,0.0,0,301.09,0.0,1,5.74,3.26,SPY191115P00288000,288.0,0,0.0,0.0,,0.0,normalDay
2019-09-16,1107.0,227.0,0.0,0,300.16,0.0,1,5.74,3.47,SPY191115P00288000,288.0,0,0.0,0.0,,0.0,normalDay
2019-09-17,1107.0,241.0,0.0,0,300.92,0.0,1,5.74,3.33,SPY191115P00288000,288.0,0,0.0,0.0,,0.0,normalDay
2019-09-18,1107.0,269.0,0.0,0,301.1,0.0,1,5.74,3.05,SPY191115P00288000,288.0,0,0.0,0.0,,0.0,normalDay
2019-09-19,1107.0,271.0,0.0,0,301.08,0.0,1,5.74,3.03,SPY191115P00288000,288.0,0,0.0,0.0,,0.0,normalDay
2019-09-20,1107.0,214.0,0.0,0,298.28,0.0,1,5.74,3.6,SPY191115P00288000,288.0,0,0.0,0.0,,0.0,normalDay
2019-09-23,1107.0,241.0,0.0,0,298.21,0.0,1,5.74,3.33,SPY191115P00288000,288.0,0,0.0,0.0,,0.0,normalDay
2019-09-24,1107.0,150.0,0.0,0,295.87,0.0,1,5.74,4.24,SPY191115P00288000,288.0,0,0.0,0.0,,0.0,normalDay
2019-09-25,1107.0,208.0,0.0,0,297.62,0.0,1,5.74,3.66,SPY191115P00288000,288.0,0,0.0,0.0,,0.0,normalDay
2019-09-26,1107.0,208.0,0.0,0,297.0,0.0,1,5.74,3.66,SPY191115P00288000,288.0,0,0.0,0.0,,0.0,normalDay
2019-09-27,1107.0,144.0,0.0,0,295.4,0.0,1,5.74,4.3,SPY191115P00288000,288.0,0,0.0,0.0,,0.0,normalDay
2019-09-30,1107.0,224.0,0.0,0,296.77,0.0,1,5.74,3.5,SPY191115P00288000,288.0,0,0.0,0.0,,0.0,normalDay
2019-10-01,1107.0,81.0,0.0,0,293.24,0.0,1,5.74,4.93,SPY191115P00288000,288.0,0,0.0,0.0,,0.0,normalDay
2019-10-02,1107.0,-176.0,0.0,0,288.06,0.0,1,5.74,7.5,SPY191115P00288000,288.0,0,0.0,0.0,,0.0,normalDay
2019-10-03,1107.0,-25.0,0.0,0,290.42,0.0,1,5.74,5.99,SPY191115P00288000,288.0,0,0.0,0.0,,0.0,normalDay
2019-10-04,1107.0,161.0,0.0,0,294.35,0.0,1,5.74,4.13,SPY191115P00288000,288.0,0,0.0,0.0,,0.0,normalDay
2019-10-07,1107.0,125.0,0.0,0,293.08,0.0,1,5.74,4.49,SPY191115P00288000,288.0,0,0.0,0.0,,0.0,normalDay
2019-10-08,1107.0,-80.0,0.0,0,288.53,0.0,1,5.74,6.54,SPY191115P00288000,288.0,0,0.0,0.0,,0.0,normalDay
2019-10-09,1107.0,63.0,0.0,0,291.27,0.0,1,5.74,5.11,SPY191115P00288000,288.0,0,0.0,0.0,,0.0,normalDay
2019-10-10,1107.0,167.0,0.0,0,293.24,0.0,1,5.74,4.07,SPY191115P00288000,288.0,0,0.0,0.0,,0.0,normalDay
2019-10-11,1107.0,307.0,0.0,0,296.28,0.0,1,5.74,2.67,SPY191115P00288000,288.0,0,0.0,0.0,,0.0,normalDay
2019-10-14,1107.0,337.0,0.0,0,295.95,0.0,1,5.74,2.37,SPY191115P00288000,288.0,0,0.0,0.0,,0.0,normalDay
2019-10-15,1107.0,423.0,0.0,0,298.88,0.0,1,5.74,1.51,SPY191115P00288000,288.0,0,0.0,0.0,,0.0,normalDay
2019-10-16,1107.0,422.0,0.0,0,298.4,0.0,1,5.74,1.52,SPY191115P00288000,288.0,0,0.0,0.0,,0.0,normalDay
2019-10-17,1107.0,436.0,0.0,0,299.28,0.0,1,5.74,1.38,SPY191115P00288000,288.0,0,0.0,0.0,,0.0,normalDay
2019-10-18,1107.0,420.0,0.0,0,297.97,0.0,1,5.74,1.54,SPY191115P00288000,288.0,0,0.0,0.0,,0.0,normalDay
2019-10-21,1107.0,470.0,0.0,0,299.99,0.0,1,5.74,1.04,SPY191115P00288000,288.0,0,0.0,0.0,,0.0,normalDay
2019-10-22,1107.0,456.0,0.0,0,299.01,0.0,1,5.74,1.18,SPY191115P00288000,288.0,0,0.0,0.0,,0.0,normalDay
2019-10-23,1107.0,482.0,0.0,0,299.88,0.0,1,5.74,0.92,SPY191115P00288000,288.0,0,0.0,0.0,,0.0,normalDay
2019-10-24,1107.0,495.0,0.0,0,300.37,0.0,1,5.74,0.79,SPY191115P00288000,288.0,0,0.0,0.0,,0.0,normalDay
2019-10-25,1107.0,521.0,0.0,0,301.6,0.0,1,5.74,0.53,SPY191115P00288000,288.0,0,0.0,0.0,,0.0,normalDay
2019-10-28,1107.0,534.0,0.0,0,303.3,0.0,1,5.74,0.4,SPY191115P00288000,288.0,0,0.0,0.0,,0.0,normalDay
2019-10-29,1107.0,537.0,0.0,0,303.21,0.0,1,5.74,0.37,SPY191115P00288000,288.0,0,0.0,0.0,,0.0,normalDay
2019-10-30,1107.0,549.0,0.0,0,304.14,0.0,1,5.74,0.25,SPY191115P00288000,288.0,0,0.0,0.0,,0.0,normalDay
2019-10-31,1107.0,540.0,0.0,0,303.33,0.0,1,5.74,0.34,SPY191115P00288000,288.0,0,0.0,0.0,,0.0,normalDay
2019-11-01,1107.0,559.0,0.0,0,306.14,0.0,1,5.74,0.15,SPY191115P00288000,288.0,0,0.0,0.0,,0.0,normalDay
2019-11-04,1107.0,563.0,0.0,0,307.37,0.0,1,5.74,0.11,SPY191115P00288000,288.0,0,0.0,0.0,,0.0,normalDay
2019-11-05,1107.0,564.0,0.0,0,307.03,0.0,1,5.74,0.1,SPY191115P00288000,288.0,0,0.0,0.0,,0.0,normalDay
2019-11-06,1107.0,568.0,0.0,0,307.1,0.0,1,5.74,0.06,SPY191115P00288000,288.0,0,0.0,0.0,,0.0,normalDay
2019-11-07,1107.0,570.0,0.0,0,308.18,0.0,1,5.74,0.04,SPY191115P00288000,288.0,0,0.0,0.0,,0.0,normalDay
2019-11-08,1107.0,571.0,0.0,0,308.94,0.0,1,5.74,0.03,SPY191115P00288000,288.0,0,0.0,0.0,,0.0,normalDay
2019-11-11,1107.0,572.0,0.0,0,308.35,0.0,1,5.74,0.02,SPY191115P00288000,288.0,0,0.0,0.0,,0.0,normalDay
2019-11-12,1107.0,572.0,0.0,0,309.0,0.0,1,5.74,0.02,SPY191115P00288000,288.0,0,0.0,0.0,,0.0,normalDay
2019-11-13,1107.0,572.0,0.0,0,309.1,0.0,1,5.74,0.02,SPY191115P00288000,288.0,0,0.0,0.0,,0.0,normalDay
2019-11-14,1107.0,573.0,0.0,0,309.55,0.0,1,5.74,0.01,SPY191115P00288000,288.0,0,0.0,0.0,,0.0,normalDay
2019-11-15,1681.0,0.0,574.0,0,311.79,0.0,1,5.74,0.0,SPY191115P00288000,288.0,0,0.0,0.0,,0.0,expirationDay
2019-11-18,1681.0,-6.0,0.0,0,312.02,0.0,1,5.79,5.85,SPY200331P00295000,295.0,0,0.0,0.0,,0.0,normalDay
2019-11-19,1681.0,-20.0,0.0,0,311.93,0.0,1,5.79,5.99,SPY200331P00295000,295.0,0,0.0,0.0,,0.0,normalDay
2019-11-20,1681.0,-57.0,0.0,0,310.77,0.0,1,5.79,6.36,SPY200331P00295000,295.0,0,0.0,0.0,,0.0,normalDay
2019-11-21,1681.0,-71.0,0.0,0,310.27,0.0,1,5.79,6.5,SPY200331P00295000,295.0,0,0.0,0.0,,0.0,normalDay
2019-11-22,1681.0,-35.0,0.0,0,310.96,0.0,1,5.79,6.14,SPY200331P00295000,295.0,0,0.0,0.0,,0.0,normalDay
2019-11-25,1681.0,43.0,0.0,0,313.37,0.0,1,5.79,5.36,SPY200331P00295000,295.0,0,0.0,0.0,,0.0,normalDay
2019-11-26,1681.0,74.0,0.0,0,314.08,0.0,1,5.79,5.05,SPY200331P00295000,295.0,0,0.0,0.0,,0.0,normalDay
2019-11-27,1681.0,99.0,0.0,0,315.48,0.0,1,5.79,4.8,SPY200331P00295000,295.0,0,0.0,0.0,,0.0,normalDay
2019-11-29,1681.0,60.0,0.0,0,314.31,0.0,1,5.79,5.19,SPY200331P00295000,295.0,0,0.0,0.0,,0.0,normalDay
2019-12-02,1681.0,-35.0,0.0,0,311.64,0.0,1,5.79,6.14,SPY200331P00295000,295.0,0,0.0,0.0,,0.0,normalDay
2019-12-03,1681.0,-118.0,0.0,0,309.55,0.0,1,5.79,6.97,SPY200331P00295000,295.0,0,0.0,0.0,,0.0,normalDay
2019-12-04,1681.0,-51.0,0.0,0,311.46,0.0,1,5.79,6.3,SPY200331P00295000,295.0,0,0.0,0.0,,0.0,normalDay
2019-12-05,1681.0,-13.0,0.0,0,312.02,0.0,1,5.79,5.92,SPY200331P00295000,295.0,0,0.0,0.0,,0.0,normalDay
2019-12-06,1681.0,70.0,0.0,0,314.87,0.0,1,5.79,5.09,SPY200331P00295000,295.0,0,0.0,0.0,,0.0,normalDay
2019-12-09,1681.0,24.0,0.0,0,313.88,0.0,1,5.79,5.55,SPY200331P00295000,295.0,0,0.0,0.0,,0.0,normalDay
2019-12-10,1681.0,36.0,0.0,0,313.53,0.0,1,5.79,5.43,SPY200331P00295000,295.0,0,0.0,0.0,,0.0,normalDay
2019-12-11,1681.0,70.0,0.0,0,314.42,0.0,1,5.79,5.09,SPY200331P00295000,295.0,0,0.0,0.0,,0.0,normalDay
2019-12-12,1681.0,147.0,0.0,0,317.13,0.0,1,5.79,4.32,SPY200331P00295000,295.0,0,0.0,0.0,,0.0,normalDay
2019-12-13,1681.0,191.0,0.0,0,317.32,0.0,1,5.79,3.88,SPY200331P00295000,295.0,0,0.0,0.0,,0.0,normalDay
2019-12-16,1681.0,250.0,0.0,0,319.5,0.0,1,5.79,3.29,SPY200331P00295000,295.0,0,0.0,0.0,,0.0,normalDay
2019-12-17,1681.0,247.0,0.0,0,319.57,0.0,1,5.79,3.32,SPY200331P00295000,295.0,0,0.0,0.0,,0.0,normalDay
2019-12-18,1681.0,248.0,0.0,0,319.59,0.0,1,5.79,3.31,SPY200331P00295000,295.0,0,0.0,0.0,,0.0,normalDay
2019-12-19,1681.0,272.0,0.0,0,320.9,0.0,1,5.79,3.07,SPY200331P00295000,295.0,0,0.0,0.0,,0.0,normalDay
2019-12-20,1681.0,284.0,0.0,0,320.73,0.0,1,5.79,2.95,SPY200331P00295000,295.0,0,0.0,0.0,,0.0,normalDay
2019-12-23,1681.0,286.0,0.0,0,321.22,0.0,1,5.79,2.93,SPY200331P00295000,295.0,0,0.0,0.0,,0.0,normalDay
2019-12-24,1681.0,291.0,0.0,0,321.23,0.0,1,5.79,2.88,SPY200331P00295000,295.0,0,0.0,0.0,,0.0,normalDay
2019-12-26,1681.0,319.0,0.0,0,322.94,0.0,1,5.79,2.6,SPY200331P00295000,295.0,0,0.0,0.0,,0.0,normalDay
2019-12-27,1681.0,306.0,0.0,0,322.86,0.0,1,5.79,2.73,SPY200331P00295000,295.0,0,0.0,0.0,,0.0,normalDay
2019-12-30,1681.0,275.0,0.0,0,321.08,0.0,1,5.79,3.04,SPY200331P00295000,295.0,0,0.0,0.0,,0.0,normalDay
2019-12-31,1681.0,309.0,0.0,0,321.86,0.0,1,5.79,2.7,SPY200331P00295000,295.0,0,0.0,0.0,,0.0,normalDay
2020-01-02,1681.0,362.0,0.0,0,324.87,0.0,1,5.79,2.17,SPY200331P00295000,295.0,0,0.0,0.0,,0.0,normalDay
2020-01-03,1681.0,312.0,0.0,0,322.41,0.0,1,5.79,2.67,SPY200331P00295000,295.0,0,0.0,0.0,,0.0,normalDay
2020-01-06,1681.0,342.0,0.0,0,323.64,0.0,1,5.79,2.37,SPY200331P00295000,295.0,0,0.0,0.0,,0.0,normalDay
2020-01-07,1681.0,332.0,0.0,0,322.73,0.0,1,5.79,2.47,SPY200331P00295000,295.0,0,0.0,0.0,,0.0,normalDay
2020-01-08,1681.0,366.0,0.0,0,324.45,0.0,1,5.79,2.13,SPY200331P00295000,295.0,0,0.0,0.0,,0.0,normalDay
2020-01-09,1681.0,401.0,0.0,0,326.65,0.0,1,5.79,1.78,SPY200331P00295000,295.0,0,0.0,0.0,,0.0,normalDay
2020-01-10,1681.0,394.0,0.0,0,325.71,0.0,1,5.79,1.85,SPY200331P00295000,295.0,0,0.0,0.0,,0.0,normalDay
2020-01-13,1681.0,429.0,0.0,0,327.95,0.0,1,5.79,1.5,SPY200331P00295000,295.0,0,0.0,0.0,,0.0,normalDay
2020-01-14,1681.0,430.0,0.0,0,327.45,0.0,1,5.79,1.49,SPY200331P00295000,295.0,0,0.0,0.0,,0.0,normalDay
2020-01-15,1681.0,438.0,0.0,0,328.19,0.0,1,5.79,1.41,SPY200331P00295000,295.0,0,0.0,0.0,,0.0,normalDay
2020-01-16,1681.0,458.0,0.0,0,330.92,0.0,1,5.79,1.21,SPY200331P00295000,295.0,0,0.0,0.0,,0.0,normalDay
2020-01-17,1681.0,467.0,0.0,0,331.95,0.0,1,5.79,1.12,SPY200331P00295000,295.0,0,0.0,0.0,,0.0,normalDay
2020-01-21,1681.0,465.0,0.0,0,331.3,0.0,1,5.79,1.14,SPY200331P00295000,295.0,0,0.0,0.0,,0.0,normalDay
2020-01-22,1681.0,465.0,0.0,0,331.34,0.0,1,5.79,1.14,SPY200331P00295000,295.0,0,0.0,0.0,,0.0,normalDay
2020-01-23,1681.0,467.0,0.0,0,331.72,0.0,1,5.79,1.12,SPY200331P00295000,295.0,0,0.0,0.0,,0.0,normalDay
2020-01-24,1681.0,433.0,0.0,0,328.77,0.0,1,5.79,1.46,SPY200331P00295000,295.0,0,0.0,0.0,,0.0,normalDay
2020-01-27,1681.0,329.0,0.0,0,323.5,0.0,1,5.79,2.5,SPY200331P00295000,295.0,0,0.0,0.0,,0.0,normalDay
2020-01-28,1681.0,403.0,0.0,0,326.89,0.0,1,5.79,1.76,SPY200331P00295000,295.0,0,0.0,0.0,,0.0,normalDay
2020-01-29,1681.0,404.0,0.0,0,326.62,0.0,1,5.79,1.75,SPY200331P00295000,295.0,0,0.0,0.0,,0.0,normalDay
2020-01-30,1681.0,434.0,0.0,0,327.68,0.0,1,5.79,1.45,SPY200331P00295000,295.0,0,0.0,0.0,,0.0,normalDay
2020-01-31,1681.0,332.0,0.0,0,321.73,0.0,1,5.79,2.47,SPY200331P00295000,295.0,0,0.0,0.0,,0.0,normalDay
2020-02-03,1681.0,374.0,0.0,0,324.12,0.0,1,5.79,2.05,SPY200331P00295000,295.0,0,0.0,0.0,,0.0,normalDay
2020-02-04,1681.0,453.0,0.0,0,329.06,0.0,1,5.79,1.26,SPY200331P00295000,295.0,0,0.0,0.0,,0.0,normalDay
2020-02-05,1681.0,486.0,0.0,0,332.86,0.0,1,5.79,0.93,SPY200331P00295000,295.0,0,0.0,0.0,,0.0,normalDay
2020-02-06,1681.0,490.0,0.0,0,333.98,0.0,1,5.79,0.89,SPY200331P00295000,295.0,0,0.0,0.0,,0.0,normalDay
2020-02-07,1681.0,481.0,0.0,0,332.2,0.0,1,5.79,0.98,SPY200331P00295000,295.0,0,0.0,0.0,,0.0,normalDay
2020-02-10,1681.0,500.0,0.0,0,334.68,0.0,1,5.79,0.79,SPY200331P00295000,295.0,0,0.0,0.0,,0.0,normalDay
2020-02-11,1681.0,503.0,0.0,0,335.26,0.0,1,5.79,0.76,SPY200331P00295000,295.0,0,0.0,0.0,,0.0,normalDay
2020-02-12,1681.0,520.0,0.0,0,337.42,0.0,1,5.79,0.59,SPY200331P00295000,295.0,0,0.0,0.0,,0.0,normalDay
2020-02-13,1681.0,519.0,0.0,0,337.06,0.0,1,5.79,0.6,SPY200331P00295000,295.0,0,0.0,0.0,,0.0,normalDay
2020-02-14,1681.0,526.0,0.0,0,337.6,0.0,1,5.79,0.53,SPY200331P00295000,295.0,0,0.0,0.0,,0.0,normalDay
2020-02-18,1681.0,523.0,0.0,0,336.73,0.0,1,5.79,0.56,SPY200331P00295000,295.0,0,0.0,0.0,,0.0,normalDay
2020-02-19,1681.0,532.0,0.0,0,338.34,0.0,1,5.79,0.47,SPY200331P00295000,295.0,0,0.0,0.0,,0.0,normalDay
2020-02-20,1681.0,522.0,0.0,0,336.95,0.0,1,5.79,0.57,SPY200331P00295000,295.0,0,0.0,0.0,,0.0,normalDay
2020-02-21,1681.0,501.0,0.0,0,333.48,0.0,1,5.79,0.78,SPY200331P00295000,295.0,0,0.0,0.0,,0.0,normalDay
2020-02-24,1681.0,322.0,0.0,0,322.42,0.0,1,5.79,2.57,SPY200331P00295000,295.0,0,0.0,0.0,,0.0,normalDay
2020-02-25,1681.0,161.0,0.0,0,312.65,0.0,1,5.79,4.18,SPY200331P00295000,295.0,0,0.0,0.0,,0.0,normalDay
2020-02-26,1681.0,149.0,0.0,0,311.5,0.0,1,5.79,4.3,SPY200331P00295000,295.0,0,0.0,0.0,,0.0,normalDay
2020-02-27,1681.0,-575.0,0.0,0,297.51,0.0,1,5.79,11.54,SPY200331P00295000,295.0,0,0.0,0.0,,0.0,normalDay
2020-02-28,1681.0,-660.0,0.0,0,296.26,0.0,1,5.79,12.39,SPY200331P00295000,295.0,0,0.0,0.0,,0.0,normalDay
2020-03-02,1681.0,9.0,0.0,0,309.09,0.0,1,5.79,5.7,SPY200331P00295000,295.0,0,0.0,0.0,,0.0,normalDay
2020-03-03,1681.0,-310.0,0.0,0,300.24,0.0,1,5.79,8.89,SPY200331P00295000,295.0,0,0.0,0.0,,0.0,normalDay
2020-03-04,1681.0,97.0,0.0,0,312.86,0.0,1,5.79,4.82,SPY200331P00295000,295.0,0,0.0,0.0,,0.0,normalDay
2020-03-05,1681.0,-355.0,0.0,0,302.46,0.0,1,5.79,9.34,SPY200331P00295000,295.0,0,0.0,0.0,,0.0,normalDay
2020-03-06,1681.0,-557.0,0.0,0,297.46,0.0,1,5.79,11.36,SPY200331P00295000,295.0,0,0.0,0.0,,0.0,normalDay
2020-03-09,1681.0,-2068.0,0.0,0,274.23,0.0,1,5.79,26.47,SPY200331P00295000,295.0,0,0.0,0.0,,0.0,normalDay
2020-03-10,1681.0,-1005.0,0.0,0,288.42,0.0,1,5.79,15.84,SPY200331P00295000,295.0,0,0.0,0.0,,0.0,normalDay
2020-03-11,1681.0,-1995.0,0.0,0,274.36,0.0,1,5.79,25.74,SPY200331P00295000,295.0,0,0.0,0.0,,0.0,normalDay
2020-03-12,1681.0,-4324.0,0.0,0,248.11,0.0,1,5.79,49.03,SPY200331P00295000,295.0,0,0.0,0.0,,0.0,normalDay
2020-03-13,1681.0,-2316.0,0.0,0,269.32,0.0,1,5.79,28.95,SPY200331P00295000,295.0,0,0.0,0.0,,0.0,normalDay
2020-03-16,1681.0,-4792.0,0.0,0,239.85,0.0,1,5.79,53.71,SPY200331P00295000,295.0,0,0.0,0.0,,0.0,normalDay
2020-03-17,1681.0,-3972.0,0.0,0,252.8,0.0,1,5.79,45.51,SPY200331P00295000,295.0,0,0.0,0.0,,0.0,normalDay
2020-03-18,1681.0,-5183.0,0.0,0,240.0,0.0,1,5.79,57.62,SPY200331P00295000,295.0,0,0.0,0.0,,0.0,normalDay
2020-03-19,1681.0,-5136.0,0.0,0,240.51,0.0,1,5.79,57.15,SPY200331P00295000,295.0,0,0.0,0.0,,0.0,normalDay
2020-03-20,1681.0,-6070.0,0.0,0,228.8,0.0,1,5.79,66.49,SPY200331P00295000,295.0,0,0.0,0.0,,0.0,normalDay
2020-03-23,1681.0,-6852.0,0.0,0,222.95,0.0,1,5.79,74.31,SPY200331P00295000,295.0,0,0.0,0.0,,0.0,normalDay
2020-03-24,1681.0,-4723.0,0.0,0,243.15,0.0,1,5.79,53.02,SPY200331P00295000,295.0,0,0.0,0.0,,0.0,normalDay
2020-03-25,1681.0,-4241.0,0.0,0,246.79,0.0,1,5.79,48.2,SPY200331P00295000,295.0,0,0.0,0.0,,0.0,normalDay
2020-03-26,1681.0,-2893.0,0.0,0,261.2,0.0,1,5.79,34.72,SPY200331P00295000,295.0,0,0.0,0.0,,0.0,normalDay
2020-03-27,1681.0,-3668.0,0.0,0,253.42,0.0,1,5.79,42.47,SPY200331P00295000,295.0,0,0.0,0.0,,0.0,normalDay
2020-03-30,1681.0,-2860.0,0.0,0,261.65,0.0,1,5.79,34.39,SPY200331P00295000,295.0,0,0.0,0.0,,0.0,normalDay
2020-03-31,2260.0,-3725.0,579.0,100,257.75,295.0,1,5.79,0.0,SPY200331P00295000,295.0,0,0.0,0.0,,0.0,expirationDay
2020-04-01,2260.0,-5019.0,0.0,100,246.15,295.0,0,0.0,0.0,,0.0,1,8.81,10.15,SPY210331C00295000,295.0,normalDay
2020-04-02,2260.0,-4652.0,0.0,100,251.83,295.0,0,0.0,0.0,,0.0,1,8.81,12.16,SPY210331C00295000,295.0,normalDay
2020-04-03,2260.0,-4789.0,0.0,100,248.19,295.0,0,0.0,0.0,,0.0,1,8.81,9.89,SPY210331C00295000,295.0,normalDay
2020-04-06,2260.0,-3783.0,0.0,100,264.86,295.0,0,0.0,0.0,,0.0,1,8.81,16.5,SPY210331C00295000,295.0,normalDay
2020-04-07,2260.0,-3567.0,0.0,100,265.13,295.0,0,0.0,0.0,,0.0,1,8.81,14.61,SPY210331C00295000,295.0,normalDay
2020-04-08,2260.0,-3126.0,0.0,100,274.03,295.0,0,0.0,0.0,,0.0,1,8.81,19.1,SPY210331C00295000,295.0,normalDay
2020-04-09,2260.0,-2926.0,0.0,100,278.2,295.0,0,0.0,0.0,,0.0,1,8.81,21.27,SPY210331C00295000,295.0,normalDay
2020-04-13,2260.0,-2986.0,0.0,100,275.66,295.0,0,0.0,0.0,,0.0,1,8.81,19.33,SPY210331C00295000,295.0,normalDay
2020-04-14,2260.0,-2533.0,0.0,100,283.79,295.0,0,0.0,0.0,,0.0,1,8.81,22.93,SPY210331C00295000,295.0,normalDay
2020-04-15,2260.0,-2915.0,0.0,100,277.76,295.0,0,0.0,0.0,,0.0,1,8.81,20.72,SPY210331C00295000,295.0,normalDay
2020-04-16,2260.0,-2881.0,0.0,100,279.1,295.0,0,0.0,0.0,,0.0,1,8.81,21.72,SPY210331C00295000,295.0,normalDay
2020-04-17,2260.0,-2514.0,0.0,100,286.64,295.0,0,0.0,0.0,,0.0,1,8.81,25.59,SPY210331C00295000,295.0,normalDay
2020-04-20,2260.0,-2853.0,0.0,100,281.59,295.0,0,0.0,0.0,,0.0,1,8.81,23.93,SPY210331C00295000,295.0,normalDay
2020-04-21,2260.0,-3406.0,0.0,100,273.04,295.0,0,0.0,0.0,,0.0,1,8.81,20.91,SPY210331C00295000,295.0,normalDay
2020-04-22,2260.0,-3021.0,0.0,100,279.1,295.0,0,0.0,0.0,,0.0,1,8.81,23.12,SPY210331C00295000,295.0,normalDay
2020-04-23,2260.0,-3010.0,0.0,100,279.08,295.0,0,0.0,0.0,,0.0,1,8.81,22.99,SPY210331C00295000,295.0,normalDay
2020-04-24,2260.0,-2710.0,0.0,100,282.97,295.0,0,0.0,0.0,,0.0,1,8.81,23.88,SPY210331C00295000,295.0,normalDay
2020-04-27,2260.0,-2402.0,0.0,100,287.05,295.0,0,0.0,0.0,,0.0,1,8.81,24.88,SPY210331C00295000,295.0,normalDay
2020-04-28,2260.0,-2445.0,0.0,100,285.73,295.0,0,0.0,0.0,,0.0,1,8.81,23.99,SPY210331C00295000,295.0,normalDay
2020-04-29,2260.0,-2054.0,0.0,100,293.21,295.0,0,0.0,0.0,,0.0,1,8.81,27.56,SPY210331C00295000,295.0,normalDay
2020-04-30,2260.0,-2142.0,0.0,100,290.48,295.0,0,0.0,0.0,,0.0,1,8.81,25.71,SPY210331C00295000,295.0,normalDay
2020-05-01,2260.0,-2634.0,0.0,100,282.79,295.0,0,0.0,0.0,,0.0,1,8.81,22.94,SPY210331C00295000,295.0,normalDay
2020-05-04,2260.0,-2521.0,0.0,100,283.57,295.0,0,0.0,0.0,,0.0,1,8.81,22.59,SPY210331C00295000,295.0,normalDay
2020-05-05,2260.0,-2407.0,0.0,100,286.19,295.0,0,0.0,0.0,,0.0,1,8.81,24.07,SPY210331C00295000,295.0,normalDay
2020-05-06,2260.0,-2478.0,0.0,100,284.25,295.0,0,0.0,0.0,,0.0,1,8.81,22.84,SPY210331C00295000,295.0,normalDay
2020-05-07,2260.0,-2306.0,0.0,100,287.68,295.0,0,0.0,0.0,,0.0,1,8.81,24.55,SPY210331C00295000,295.0,normalDay
2020-05-08,2260.0,-2006.0,0.0,100,292.44,295.0,0,0.0,0.0,,0.0,1,8.81,26.31,SPY210331C00295000,295.0,normalDay
2020-05-11,2260.0,-1884.0,0.0,100,292.5,295.0,0,0.0,0.0,,0.0,1,8.81,25.15,SPY210331C00295000,295.0,normalDay
2020-05-12,2260.0,-2182.0,0.0,100,286.67,295.0,0,0.0,0.0,,0.0,1,8.81,22.3,SPY210331C00295000,295.0,normalDay
2020-05-13,2260.0,-2587.0,0.0,100,281.6,295.0,0,0.0,0.0,,0.0,1,8.81,21.28,SPY210331C00295000,295.0,normalDay
2020-05-14,2260.0,-2367.0,0.0,100,284.97,295.0,0,0.0,0.0,,0.0,1,8.81,22.45,SPY210331C00295000,295.0,normalDay
2020-05-15,2260.0,-2227.0,0.0,100,286.28,295.0,0,0.0,0.0,,0.0,1,8.81,22.36,SPY210331C00295000,295.0,normalDay
2020-05-18,2260.0,-1765.0,0.0,100,295.0,295.0,0,0.0,0.0,,0.0,1,8.81,26.46,SPY210331C00295000,295.0,normalDay
2020-05-19,2260.0,-1940.0,0.0,100,291.97,295.0,0,0.0,0.0,,0.0,1,8.81,25.18,SPY210331C00295000,295.0,normalDay
2020-05-20,2260.0,-1684.0,0.0,100,296.93,295.0,0,0.0,0.0,,0.0,1,8.81,27.58,SPY210331C00295000,295.0,normalDay
2020-05-21,2260.0,-1780.0,0.0,100,294.88,295.0,0,0.0,0.0,,0.0,1,8.81,26.49,SPY210331C00295000,295.0,normalDay
2020-05-22,2260.0,-1763.0,0.0,100,295.44,295.0,0,0.0,0.0,,0.0,1,8.81,26.88,SPY210331C00295000,295.0,normalDay
2020-05-26,2260.0,-1568.0,0.0,100,299.08,295.0,0,0.0,0.0,,0.0,1,8.81,28.57,SPY210331C00295000,295.0,normalDay
2020-05-27,2260.0,-1352.0,0.0,100,303.53,295.0,0,0.0,0.0,,0.0,1,8.81,30.86,SPY210331C00295000,295.0,normalDay
2020-05-28,2260.0,-1441.0,0.0,100,302.97,295.0,0,0.0,0.0,,0.0,1,8.81,31.19,SPY210331C00295000,295.0,normalDay
2020-05-29,2260.0,-1367.0,0.0,100,304.32,295.0,0,0.0,0.0,,0.0,1,8.81,31.8,SPY210331C00295000,295.0,normalDay
2020-06-01,2260.0,-1254.0,0.0,100,305.55,295.0,0,0.0,0.0,,0.0,1,8.81,31.9,SPY210331C00295000,295.0,normalDay
2020-06-02,2260.0,-1128.0,0.0,100,308.08,295.0,0,0.0,0.0,,0.0,1,8.81,33.17,SPY210331C00295000,295.0,normalDay
2020-06-03,2260.0,-1005.0,0.0,100,312.18,295.0,0,0.0,0.0,,0.0,1,8.81,36.04,SPY210331C00295000,295.0,normalDay
2020-06-04,2260.0,-1041.0,0.0,100,311.36,295.0,0,0.0,0.0,,0.0,1,8.81,35.58,SPY210331C00295000,295.0,normalDay
2020-06-05,2260.0,-713.0,0.0,100,319.34,295.0,0,0.0,0.0,,0.0,1,8.81,40.28,SPY210331C00295000,295.0,normalDay
2020-06-08,2260.0,-569.0,0.0,100,323.2,295.0,0,0.0,0.0,,0.0,1,8.81,42.7,SPY210331C00295000,295.0,normalDay
2020-06-09,2260.0,-802.0,0.0,100,320.79,295.0,0,0.0,0.0,,0.0,1,8.81,42.62,SPY210331C00295000,295.0,normalDay
2020-06-10,2260.0,-771.0,0.0,100,319.0,295.0,0,0.0,0.0,,0.0,1,8.81,40.52,SPY210331C00295000,295.0,normalDay
2020-06-11,2260.0,-1820.0,0.0,100,300.61,295.0,0,0.0,0.0,,0.0,1,8.81,32.62,SPY210331C00295000,295.0,normalDay
2020-06-12,2260.0,-1534.0,0.0,100,304.21,295.0,0,0.0,0.0,,0.0,1,8.81,33.36,SPY210331C00295000,295.0,normalDay
2020-06-15,2260.0,-1409.0,0.0,100,307.05,295.0,0,0.0,0.0,,0.0,1,8.81,34.95,SPY210331C00295000,295.0,normalDay
2020-06-16,2260.0,-1207.0,0.0,100,312.96,295.0,0,0.0,0.0,,0.0,1,8.81,38.84,SPY210331C00295000,295.0,normalDay
2020-06-17,2260.0,-1289.0,0.0,100,311.66,295.0,0,0.0,0.0,,0.0,1,8.81,38.36,SPY210331C00295000,295.0,normalDay
2020-06-18,2260.0,-1281.0,0.0,100,311.78,295.0,0,0.0,0.0,,0.0,1,8.81,38.4,SPY210331C00295000,295.0,normalDay
2020-06-19,2260.0,-1433.0,0.0,100,308.64,295.0,0,0.0,0.0,,0.0,1,8.81,36.78,SPY210331C00295000,295.0,normalDay
2020-06-22,2260.0,-1337.0,0.0,100,310.62,295.0,0,0.0,0.0,,0.0,1,8.81,37.8,SPY210331C00295000,295.0,normalDay
2020-06-23,2260.0,-1220.0,0.0,100,312.05,295.0,0,0.0,0.0,,0.0,1,8.81,38.06,SPY210331C00295000,295.0,normalDay
2020-06-24,2260.0,-1646.0,0.0,100,304.09,295.0,0,0.0,0.0,,0.0,1,8.81,34.36,SPY210331C00295000,295.0,normalDay
2020-06-25,2260.0,-1410.0,0.0,100,307.35,295.0,0,0.0,0.0,,0.0,1,8.81,35.26,SPY210331C00295000,295.0,normalDay
2020-06-26,2260.0,-1784.0,0.0,100,300.05,295.0,0,0.0,0.0,,0.0,1,8.81,31.7,SPY210331C00295000,295.0,normalDay
2020-06-29,2260.0,-1462.0,0.0,100,304.46,295.0,0,0.0,0.0,,0.0,1,8.81,32.89,SPY210331C00295000,295.0,normalDay
2020-06-30,2260.0,-1279.0,0.0,100,308.36,295.0,0,0.0,0.0,,0.0,1,8.81,34.96,SPY210331C00295000,295.0,normalDay
2020-07-01,2260.0,-1135.0,0.0,100,310.52,295.0,0,0.0,0.0,,0.0,1,8.81,35.68,SPY210331C00295000,295.0,normalDay
2020-07-02,2260.0,-1093.0,0.0,100,312.23,295.0,0,0.0,0.0,,0.0,1,8.81,36.97,SPY210331C00295000,295.0,normalDay
2020-07-06,2260.0,-902.0,0.0,100,317.05,295.0,0,0.0,0.0,,0.0,1,8.81,39.88,SPY210331C00295000,295.0,normalDay
2020-07-07,2260.0,-1028.0,0.0,100,313.78,295.0,0,0.0,0.0,,0.0,1,8.81,37.87,SPY210331C00295000,295.0,normalDay
2020-07-08,2260.0,-937.0,0.0,100,316.18,295.0,0,0.0,0.0,,0.0,1,8.81,39.36,SPY210331C00295000,295.0,normalDay
2020-07-09,2260.0,-1023.0,0.0,100,314.38,295.0,0,0.0,0.0,,0.0,1,8.81,38.42,SPY210331C00295000,295.0,normalDay
2020-07-10,2260.0,-899.0,0.0,100,317.59,295.0,0,0.0,0.0,,0.0,1,8.81,40.39,SPY210331C00295000,295.0,normalDay
2020-07-13,2260.0,-1096.0,0.0,100,314.84,295.0,0,0.0,0.0,,0.0,1,8.81,39.61,SPY210331C00295000,295.0,normalDay
2020-07-14,2260.0,-868.0,0.0,100,318.92,295.0,0,0.0,0.0,,0.0,1,8.81,41.41,SPY210331C00295000,295.0,normalDay
2020-07-15,2260.0,-777.0,0.0,100,321.85,295.0,0,0.0,0.0,,0.0,1,8.81,43.43,SPY210331C00295000,295.0,normalDay
2020-07-16,2260.0,-718.0,0.0,100,320.79,295.0,0,0.0,0.0,,0.0,1,8.81,41.78,SPY210331C00295000,295.0,normalDay
2020-07-17,2260.0,-733.0,0.0,100,321.72,295.0,0,0.0,0.0,,0.0,1,8.81,42.86,SPY210331C00295000,295.0,normalDay
2020-07-20,2260.0,-590.0,0.0,100,324.32,295.0,0,0.0,0.0,,0.0,1,8.81,44.03,SPY210331C00295000,295.0,normalDay
2020-07-21,2260.0,-587.0,0.0,100,325.01,295.0,0,0.0,0.0,,0.0,1,8.81,44.69,SPY210331C00295000,295.0,normalDay
2020-07-22,2260.0,-502.0,0.0,100,326.86,295.0,0,0.0,0.0,,0.0,1,8.81,45.69,SPY210331C00295000,295.0,normalDay
2020-07-23,2260.0,-593.0,0.0,100,322.96,295.0,0,0.0,0.0,,0.0,1,8.81,42.7,SPY210331C00295000,295.0,normalDay
2020-07-24,2260.0,-701.0,0.0,100,320.88,295.0,0,0.0,0.0,,0.0,1,8.81,41.7,SPY210331C00295000,295.0,normalDay
2020-07-27,2260.0,-604.0,0.0,100,323.22,295.0,0,0.0,0.0,,0.0,1,8.81,43.07,SPY210331C00295000,295.0,normalDay
2020-07-28,2260.0,-689.0,0.0,100,321.17,295.0,0,0.0,0.0,,0.0,1,8.81,41.87,SPY210331C00295000,295.0,normalDay
2020-07-29,2260.0,-549.0,0.0,100,325.12,295.0,0,0.0,0.0,,0.0,1,8.81,44.42,SPY210331C00295000,295.0,normalDay
2020-07-30,2260.0,-654.0,0.0,100,323.96,295.0,0,0.0,0.0,,0.0,1,8.81,44.31,SPY210331C00295000,295.0,normalDay
2020-07-31,2260.0,-558.0,0.0,100,326.52,295.0,0,0.0,0.0,,0.0,1,8.81,45.91,SPY210331C00295000,295.0,normalDay
2020-08-03,2260.0,-459.0,0.0,100,328.79,295.0,0,0.0,0.0,,0.0,1,8.81,47.19,SPY210331C00295000,295.0,normalDay
2020-08-04,2260.0,-395.0,0.0,100,330.06,295.0,0,0.0,0.0,,0.0,1,8.81,47.82,SPY210331C00295000,295.0,normalDay
2020-08-05,2260.0,-337.0,0.0,100,332.11,295.0,0,0.0,0.0,,0.0,1,8.81,49.29,SPY210331C00295000,295.0,normalDay
2020-08-06,2260.0,-297.0,0.0,100,334.33,295.0,0,0.0,0.0,,0.0,1,8.81,51.11,SPY210331C00295000,295.0,normalDay
2020-08-07,2260.0,-292.0,0.0,100,334.57,295.0,0,0.0,0.0,,0.0,1,8.81,51.3,SPY210331C00295000,295.0,normalDay
2020-08-10,2260.0,-235.0,0.0,100,335.57,295.0,0,0.0,0.0,,0.0,1,8.81,51.73,SPY210331C00295000,295.0,normalDay
2020-08-11,2260.0,-351.0,0.0,100,332.8,295.0,0,0.0,0.0,,0.0,1,8.81,50.12,SPY210331C00295000,295.0,normalDay
2020-08-12,2260.0,-198.0,0.0,100,337.44,295.0,0,0.0,0.0,,0.0,1,8.81,53.23,SPY210331C00295000,295.0,normalDay
2020-08-13,2260.0,-209.0,0.0,100,336.83,295.0,0,0.0,0.0,,0.0,1,8.81,52.73,SPY210331C00295000,295.0,normalDay
2020-08-14,2260.0,-230.0,0.0,100,336.84,295.0,0,0.0,0.0,,0.0,1,8.81,52.95,SPY210331C00295000,295.0,normalDay
2020-08-17,2260.0,-172.0,0.0,100,337.91,295.0,0,0.0,0.0,,0.0,1,8.81,53.44,SPY210331C00295000,295.0,normalDay
2020-08-18,2260.0,-136.0,0.0,100,338.64,295.0,0,0.0,0.0,,0.0,1,8.81,53.81,SPY210331C00295000,295.0,normalDay
2020-08-19,2260.0,-201.0,0.0,100,337.23,295.0,0,0.0,0.0,,0.0,1,8.81,53.05,SPY210331C00295000,295.0,normalDay
2020-08-20,2260.0,-157.0,0.0,100,338.28,295.0,0,0.0,0.0,,0.0,1,8.81,53.66,SPY210331C00295000,295.0,normalDay
2020-08-21,2260.0,-162.0,0.0,100,339.48,295.0,0,0.0,0.0,,0.0,1,8.81,54.91,SPY210331C00295000,295.0,normalDay
2020-08-24,2260.0,-76.0,0.0,100,342.92,295.0,0,0.0,0.0,,0.0,1,8.81,57.49,SPY210331C00295000,295.0,normalDay
2020-08-25,2260.0,-68.0,0.0,100,344.12,295.0,0,0.0,0.0,,0.0,1,8.81,58.61,SPY210331C00295000,295.0,normalDay
2020-08-26,2260.0,-57.0,0.0,100,347.57,295.0,0,0.0,0.0,,0.0,1,8.81,61.95,SPY210331C00295000,295.0,normalDay
2020-08-27,2260.0,-72.0,0.0,100,348.33,295.0,0,0.0,0.0,,0.0,1,8.81,62.86,SPY210331C00295000,295.0,normalDay
2020-08-28,2260.0,-5.0,0.0,100,350.58,295.0,0,0.0,0.0,,0.0,1,8.81,64.44,SPY210331C00295000,295.0,normalDay
2020-08-31,2260.0,-158.0,0.0,100,349.31,295.0,0,0.0,0.0,,0.0,1,8.81,64.7,SPY210331C00295000,295.0,normalDay
2020-09-01,2260.0,-55.0,0.0,100,352.6,295.0,0,0.0,0.0,,0.0,1,8.81,66.96,SPY210331C00295000,295.0,normalDay
2020-09-02,2260.0,-74.0,0.0,100,357.7,295.0,0,0.0,0.0,,0.0,1,8.81,72.25,SPY210331C00295000,295.0,normalDay
2020-09-03,2260.0,-436.0,0.0,100,345.39,295.0,0,0.0,0.0,,0.0,1,8.81,63.56,SPY210331C00295000,295.0,normalDay
2020-09-04,2260.0,-300.0,0.0,100,342.57,295.0,0,0.0,0.0,,0.0,1,8.81,59.38,SPY210331C00295000,295.0,normalDay
2020-09-08,2260.0,-440.0,0.0,100,333.21,295.0,0,0.0,0.0,,0.0,1,8.81,51.42,SPY210331C00295000,295.0,normalDay
2020-09-09,2260.0,-182.0,0.0,100,339.79,295.0,0,0.0,0.0,,0.0,1,8.81,55.42,SPY210331C00295000,295.0,normalDay
2020-09-10,2260.0,-380.0,0.0,100,333.89,295.0,0,0.0,0.0,,0.0,1,8.81,51.5,SPY210331C00295000,295.0,normalDay
2020-09-11,2260.0,-213.0,0.0,100,334.06,295.0,0,0.0,0.0,,0.0,1,8.81,50.0,SPY210331C00295000,295.0,normalDay
2020-09-14,2260.0,-147.0,0.0,100,338.46,295.0,0,0.0,0.0,,0.0,1,8.81,53.74,SPY210331C00295000,295.0,normalDay
2020-09-15,2260.0,-132.0,0.0,100,340.17,295.0,0,0.0,0.0,,0.0,1,8.81,55.3,SPY210331C00295000,295.0,normalDay
2020-09-16,2260.0,-130.0,0.0,100,338.82,295.0,0,0.0,0.0,,0.0,1,8.81,53.93,SPY210331C00295000,295.0,normalDay
2020-09-17,2260.0,-239.0,0.0,100,335.84,295.0,0,0.0,0.0,,0.0,1,8.81,52.04,SPY210331C00295000,295.0,normalDay
2020-09-18,2260.0,-391.0,0.0,100,330.65,295.0,0,0.0,0.0,,0.0,1,8.81,48.37,SPY210331C00295000,295.0,normalDay
2020-09-21,2260.0,-523.0,0.0,100,326.97,295.0,0,0.0,0.0,,0.0,1,8.81,46.01,SPY210331C00295000,295.0,normalDay
2020-09-22,2260.0,-407.0,0.0,100,330.3,295.0,0,0.0,0.0,,0.0,1,8.81,48.18,SPY210331C00295000,295.0,normalDay
2020-09-23,2260.0,-652.0,0.0,100,322.64,295.0,0,0.0,0.0,,0.0,1,8.81,42.97,SPY210331C00295000,295.0,normalDay
2020-09-24,2260.0,-622.0,0.0,100,323.5,295.0,0,0.0,0.0,,0.0,1,8.81,43.53,SPY210331C00295000,295.0,normalDay
2020-09-25,2260.0,-430.0,0.0,100,328.73,295.0,0,0.0,0.0,,0.0,1,8.81,46.84,SPY210331C00295000,295.0,normalDay
2020-09-28,2260.0,-301.0,0.0,100,334.19,295.0,0,0.0,0.0,,0.0,1,8.81,51.01,SPY210331C00295000,295.0,normalDay
2020-09-29,2260.0,-376.0,0.0,100,332.37,295.0,0,0.0,0.0,,0.0,1,8.81,49.94,SPY210331C00295000,295.0,normalDay
2020-09-30,2260.0,-178.0,0.0,100,334.89,295.0,0,0.0,0.0,,0.0,1,8.81,50.48,SPY210331C00295000,295.0,normalDay
2020-10-01,2260.0,-254.0,0.0,100,337.04,295.0,0,0.0,0.0,,0.0,1,8.81,53.39,SPY210331C00295000,295.0,normalDay
2020-10-02,2260.0,-342.0,0.0,100,333.84,295.0,0,0.0,0.0,,0.0,1,8.81,51.07,SPY210331C00295000,295.0,normalDay
2020-10-05,2260.0,-133.0,0.0,100,339.76,295.0,0,0.0,0.0,,0.0,1,8.81,54.9,SPY210331C00295000,295.0,normalDay
2020-10-06,2260.0,-285.0,0.0,100,334.93,295.0,0,0.0,0.0,,0.0,1,8.81,51.59,SPY210331C00295000,295.0,normalDay
2020-10-07,2260.0,-82.0,0.0,100,340.76,295.0,0,0.0,0.0,,0.0,1,8.81,55.39,SPY210331C00295000,295.0,normalDay
2020-10-08,2260.0,-1.0,0.0,100,343.78,295.0,0,0.0,0.0,,0.0,1,8.81,57.6,SPY210331C00295000,295.0,normalDay
2020-10-09,2260.0,86.0,0.0,100,346.85,295.0,0,0.0,0.0,,0.0,1,8.81,59.8,SPY210331C00295000,295.0,normalDay
2020-10-12,2260.0,163.0,0.0,100,352.43,295.0,0,0.0,0.0,,0.0,1,8.81,64.61,SPY210331C00295000,295.0,normalDay
2020-10-13,2260.0,149.0,0.0,100,350.13,295.0,0,0.0,0.0,,0.0,1,8.81,62.45,SPY210331C00295000,295.0,normalDay
2020-10-14,2260.0,144.0,0.0,100,347.93,295.0,0,0.0,0.0,,0.0,1,8.81,60.3,SPY210331C00295000,295.0,normalDay
2020-10-15,2260.0,114.0,0.0,100,347.5,295.0,0,0.0,0.0,,0.0,1,8.81,60.17,SPY210331C00295000,295.0,normalDay
2020-10-16,2260.0,163.0,0.0,100,347.29,295.0,0,0.0,0.0,,0.0,1,8.81,59.47,SPY210331C00295000,295.0,normalDay
2020-10-19,2260.0,-29.0,0.0,100,342.01,295.0,0,0.0,0.0,,0.0,1,8.81,56.11,SPY210331C00295000,295.0,normalDay
2020-10-20,2260.0,57.0,0.0,100,343.38,295.0,0,0.0,0.0,,0.0,1,8.81,56.62,SPY210331C00295000,295.0,normalDay
2020-10-21,2260.0,12.0,0.0,100,342.73,295.0,0,0.0,0.0,,0.0,1,8.81,56.42,SPY210331C00295000,295.0,normalDay
2020-10-22,2260.0,118.0,0.0,100,344.61,295.0,0,0.0,0.0,,0.0,1,8.81,57.24,SPY210331C00295000,295.0,normalDay
2020-10-23,2260.0,184.0,0.0,100,345.78,295.0,0,0.0,0.0,,0.0,1,8.81,57.75,SPY210331C00295000,295.0,normalDay
2020-10-26,2260.0,-66.0,0.0,100,339.39,295.0,0,0.0,0.0,,0.0,1,8.81,53.86,SPY210331C00295000,295.0,normalDay
2020-10-27,2260.0,-64.0,0.0,100,338.22,295.0,0,0.0,0.0,,0.0,1,8.81,52.67,SPY210331C00295000,295.0,normalDay
2020-10-28,2260.0,-477.0,0.0,100,326.66,295.0,0,0.0,0.0,,0.0,1,8.81,45.24,SPY210331C00295000,295.0,normalDay
2020-10-29,2260.0,-359.0,0.0,100,329.98,295.0,0,0.0,0.0,,0.0,1,8.81,47.38,SPY210331C00295000,295.0,normalDay
2020-10-30,2260.0,-451.0,0.0,100,326.54,295.0,0,0.0,0.0,,0.0,1,8.81,44.86,SPY210331C00295000,295.0,normalDay
2020-11-02,2260.0,-252.0,0.0,100,330.2,295.0,0,0.0,0.0,,0.0,1,8.81,46.53,SPY210331C00295000,295.0,normalDay
2020-11-03,2260.0,9.0,0.0,100,336.03,295.0,0,0.0,0.0,,0.0,1,8.81,49.75,SPY210331C00295000,295.0,normalDay
2020-11-04,2260.0,124.0,0.0,100,343.54,295.0,0,0.0,0.0,,0.0,1,8.81,56.11,SPY210331C00295000,295.0,normalDay
2020-11-05,2260.0,209.0,0.0,100,350.24,295.0,0,0.0,0.0,,0.0,1,8.81,61.96,SPY210331C00295000,295.0,normalDay
2020-11-06,2260.0,279.0,0.0,100,350.16,295.0,0,0.0,0.0,,0.0,1,8.81,61.18,SPY210331C00295000,295.0,normalDay
2020-11-09,2260.0,261.0,0.0,100,354.56,295.0,0,0.0,0.0,,0.0,1,8.81,65.76,SPY210331C00295000,295.0,normalDay
2020-11-10,2260.0,315.0,0.0,100,354.04,295.0,0,0.0,0.0,,0.0,1,8.81,64.7,SPY210331C00295000,295.0,normalDay
2020-11-11,2260.0,377.0,0.0,100,356.67,295.0,0,0.0,0.0,,0.0,1,8.81,66.71,SPY210331C00295000,295.0,normalDay
2020-11-12,2260.0,314.0,0.0,100,353.21,295.0,0,0.0,0.0,,0.0,1,8.81,63.88,SPY210331C00295000,295.0,normalDay
2020-11-13,2260.0,435.0,0.0,100,358.1,295.0,0,0.0,0.0,,0.0,1,8.81,67.56,SPY210331C00295000,295.0,normalDay
2020-11-16,2260.0,498.0,0.0,100,362.57,295.0,0,0.0,0.0,,0.0,1,8.81,71.4,SPY210331C00295000,295.0,normalDay
2020-11-17,2260.0,472.0,0.0,100,360.62,295.0,0,0.0,0.0,,0.0,1,8.81,69.71,SPY210331C00295000,295.0,normalDay
2020-11-18,2260.0,415.0,0.0,100,356.28,295.0,0,0.0,0.0,,0.0,1,8.81,65.94,SPY210331C00295000,295.0,normalDay
2020-11-19,2260.0,459.0,0.0,100,357.78,295.0,0,0.0,0.0,,0.0,1,8.81,67.0,SPY210331C00295000,295.0,normalDay
2020-11-20,2260.0,469.0,0.0,100,355.33,295.0,0,0.0,0.0,,0.0,1,8.81,64.45,SPY210331C00295000,295.0,normalDay
2020-11-23,2260.0,499.0,0.0,100,357.46,295.0,0,0.0,0.0,,0.0,1,8.81,66.28,SPY210331C00295000,295.0,normalDay
2020-11-24,2260.0,549.0,0.0,100,363.22,295.0,0,0.0,0.0,,0.0,1,8.81,71.54,SPY210331C00295000,295.0,normalDay
2020-11-25,2260.0,586.0,0.0,100,362.66,295.0,0,0.0,0.0,,0.0,1,8.81,70.61,SPY210331C00295000,295.0,normalDay
2020-11-27,2260.0,560.0,0.0,100,363.67,295.0,0,0.0,0.0,,0.0,1,8.81,71.88,SPY210331C00295000,295.0,normalDay
2020-11-30,2260.0,512.0,0.0,100,362.06,295.0,0,0.0,0.0,,0.0,1,8.81,70.75,SPY210331C00295000,295.0,normalDay
2020-12-01,2260.0,625.0,0.0,100,366.02,295.0,0,0.0,0.0,,0.0,1,8.81,73.58,SPY210331C00295000,295.0,normalDay
2020-12-02,2260.0,629.0,0.0,100,366.79,295.0,0,0.0,0.0,,0.0,1,8.81,74.31,SPY210331C00295000,295.0,normalDay
2020-12-03,2260.0,650.0,0.0,100,366.69,295.0,0,0.0,0.0,,0.0,1,8.81,74.0,SPY210331C00295000,295.0,normalDay
2020-12-04,2260.0,705.0,0.0,100,369.85,295.0,0,0.0,0.0,,0.0,1,8.81,76.61,SPY210331C00295000,295.0,normalDay
2020-12-07,2260.0,685.0,0.0,100,369.09,295.0,0,0.0,0.0,,0.0,1,8.81,76.05,SPY210331C00295000,295.0,normalDay
2020-12-08,2260.0,681.0,0.0,100,370.17,295.0,0,0.0,0.0,,0.0,1,8.81,77.17,SPY210331C00295000,295.0,normalDay
2020-12-09,2260.0,665.0,0.0,100,366.85,295.0,0,0.0,0.0,,0.0,1,8.81,74.01,SPY210331C00295000,295.0,normalDay
2020-12-10,2260.0,672.0,0.0,100,366.73,295.0,0,0.0,0.0,,0.0,1,8.81,73.82,SPY210331C00295000,295.0,normalDay
2020-12-11,2260.0,634.0,0.0,100,366.3,295.0,0,0.0,0.0,,0.0,1,8.81,73.77,SPY210331C00295000,295.0,normalDay
2020-12-14,2260.0,548.0,0.0,100,364.66,295.0,0,0.0,0.0,,0.0,1,8.81,72.99,SPY210331C00295000,295.0,normalDay
2020-12-15,2260.0,684.0,0.0,100,369.59,295.0,0,0.0,0.0,,0.0,1,8.81,76.56,SPY210331C00295000,295.0,normalDay
2020-12-16,2260.0,668.0,0.0,100,370.17,295.0,0,0.0,0.0,,0.0,1,8.81,77.3,SPY210331C00295000,295.0,normalDay
2020-12-17,2260.0,673.0,0.0,100,372.24,295.0,0,0.0,0.0,,0.0,1,8.81,79.32,SPY210331C00295000,295.0,normalDay
2020-12-18,2260.0,469.0,0.0,100,369.18,295.0,0,0.0,0.0,,0.0,1,8.81,78.3,SPY210331C00295000,295.0,normalDay
2020-12-21,2260.0,529.0,0.0,100,367.86,295.0,0,0.0,0.0,,0.0,1,8.81,76.38,SPY210331C00295000,295.0,normalDay
2020-12-22,2260.0,552.0,0.0,100,367.24,295.0,0,0.0,0.0,,0.0,1,8.81,75.53,SPY210331C00295000,295.0,normalDay
2020-12-23,2260.0,590.0,0.0,100,367.57,295.0,0,0.0,0.0,,0.0,1,8.81,75.48,SPY210331C00295000,295.0,normalDay
2020-12-24,2260.0,613.0,0.0,100,369.0,295.0,0,0.0,0.0,,0.0,1,8.81,76.68,SPY210331C00295000,295.0,normalDay
2020-12-28,2260.0,610.0,0.0,100,372.17,295.0,0,0.0,0.0,,0.0,1,8.81,79.88,SPY210331C00295000,295.0,normalDay
2020-12-29,2260.0,592.0,0.0,100,371.46,295.0,0,0.0,0.0,,0.0,1,8.81,79.35,SPY210331C00295000,295.0,normalDay
2020-12-30,2260.0,646.0,0.0,100,371.99,295.0,0,0.0,0.0,,0.0,1,8.81,79.34,SPY210331C00295000,295.0,normalDay
2020-12-31,2260.0,602.0,0.0,100,373.88,295.0,0,0.0,0.0,,0.0,1,8.81,81.67,SPY210331C00295000,295.0,normalDay
2021-01-04,2260.0,548.0,0.0,100,368.79,295.0,0,0.0,0.0,,0.0,1,8.81,77.12,SPY210331C00295000,295.0,normalDay
2021-01-05,2260.0,635.0,0.0,100,371.33,295.0,0,0.0,0.0,,0.0,1,8.81,78.79,SPY210331C00295000,295.0,normalDay
2021-01-06,2260.0,623.0,0.0,100,373.55,295.0,0,0.0,0.0,,0.0,1,8.81,81.13,SPY210331C00295000,295.0,normalDay
2021-01-07,2260.0,689.0,0.0,100,379.1,295.0,0,0.0,0.0,,0.0,1,8.81,86.02,SPY210331C00295000,295.0,normalDay
2021-01-08,2260.0,649.0,0.0,100,381.26,295.0,0,0.0,0.0,,0.0,1,8.81,88.58,SPY210331C00295000,295.0,normalDay
2021-01-11,2260.0,646.0,0.0,100,378.69,295.0,0,0.0,0.0,,0.0,1,8.81,86.04,SPY210331C00295000,295.0,normalDay
2021-01-12,2260.0,707.0,0.0,100,378.77,295.0,0,0.0,0.0,,0.0,1,8.81,85.51,SPY210331C00295000,295.0,normalDay
2021-01-13,2260.0,693.0,0.0,100,379.79,295.0,0,0.0,0.0,,0.0,1,8.81,86.67,SPY210331C00295000,295.0,normalDay
2021-01-14,2260.0,684.0,0.0,100,378.46,295.0,0,0.0,0.0,,0.0,1,8.81,85.43,SPY210331C00295000,295.0,normalDay
2021-01-15,2260.0,757.0,0.0,100,375.7,295.0,0,0.0,0.0,,0.0,1,8.81,81.94,SPY210331C00295000,295.0,normalDay
2021-01-19,2260.0,718.0,0.0,100,378.65,295.0,0,0.0,0.0,,0.0,1,8.81,85.28,SPY210331C00295000,295.0,normalDay
2021-01-20,2260.0,733.0,0.0,100,383.89,295.0,0,0.0,0.0,,0.0,1,8.81,90.37,SPY210331C00295000,295.0,normalDay
2021-01-21,2260.0,750.0,0.0,100,384.24,295.0,0,0.0,0.0,,0.0,1,8.81,90.55,SPY210331C00295000,295.0,normalDay
2021-01-22,2260.0,733.0,0.0,100,382.88,295.0,0,0.0,0.0,,0.0,1,8.81,89.36,SPY210331C00295000,295.0,normalDay
2021-01-25,2260.0,722.0,0.0,100,384.39,295.0,0,0.0,0.0,,0.0,1,8.81,90.98,SPY210331C00295000,295.0,normalDay
2021-01-26,2260.0,692.0,0.0,100,383.79,295.0,0,0.0,0.0,,0.0,1,8.81,90.68,SPY210331C00295000,295.0,normalDay
2021-01-27,2260.0,667.0,0.0,100,374.41,295.0,0,0.0,0.0,,0.0,1,8.81,81.55,SPY210331C00295000,295.0,normalDay
2021-01-28,2260.0,640.0,0.0,100,377.63,295.0,0,0.0,0.0,,0.0,1,8.81,85.04,SPY210331C00295000,295.0,normalDay
2021-01-29,2260.0,637.0,0.0,100,370.07,295.0,0,0.0,0.0,,0.0,1,8.81,77.51,SPY210331C00295000,295.0,normalDay
2021-02-01,2260.0,736.0,0.0,100,376.23,295.0,0,0.0,0.0,,0.0,1,8.81,82.68,SPY210331C00295000,295.0,normalDay
2021-02-02,2260.0,668.0,0.0,100,381.55,295.0,0,0.0,0.0,,0.0,1,8.81,88.68,SPY210331C00295000,295.0,normalDay
2021-02-03,2260.0,703.0,0.0,100,381.85,295.0,0,0.0,0.0,,0.0,1,8.81,88.63,SPY210331C00295000,295.0,normalDay
2021-02-04,2260.0,784.0,0.0,100,386.19,295.0,0,0.0,0.0,,0.0,1,8.81,92.16,SPY210331C00295000,295.0,normalDay
2021-02-05,2260.0,780.0,0.0,100,387.71,295.0,0,0.0,0.0,,0.0,1,8.81,93.72,SPY210331C00295000,295.0,normalDay
2021-02-08,2260.0,807.0,0.0,100,390.51,295.0,0,0.0,0.0,,0.0,1,8.81,96.25,SPY210331C00295000,295.0,normalDay
2021-02-09,2260.0,764.0,0.0,100,390.25,295.0,0,0.0,0.0,,0.0,1,8.81,96.42,SPY210331C00295000,295.0,normalDay
2021-02-10,2260.0,783.0,0.0,100,390.08,295.0,0,0.0,0.0,,0.0,1,8.81,96.06,SPY210331C00295000,295.0,normalDay
2021-02-11,2260.0,825.0,0.0,100,390.71,295.0,0,0.0,0.0,,0.0,1,8.81,96.27,SPY210331C00295000,295.0,normalDay
2021-02-12,2260.0,777.0,0.0,100,392.64,295.0,0,0.0,0.0,,0.0,1,8.81,98.68,SPY210331C00295000,295.0,normalDay
2021-02-16,2260.0,824.0,0.0,100,392.3,295.0,0,0.0,0.0,,0.0,1,8.81,97.87,SPY210331C00295000,295.0,normalDay
2021-02-17,2260.0,824.0,0.0,100,392.39,295.0,0,0.0,0.0,,0.0,1,8.81,97.96,SPY210331C00295000,295.0,normalDay
2021-02-18,2260.0,815.0,0.0,100,390.72,295.0,0,0.0,0.0,,0.0,1,8.81,96.38,SPY210331C00295000,295.0,normalDay
2021-02-19,2260.0,843.0,0.0,100,390.03,295.0,0,0.0,0.0,,0.0,1,8.81,95.41,SPY210331C00295000,295.0,normalDay
2021-02-22,2260.0,812.0,0.0,100,387.03,295.0,0,0.0,0.0,,0.0,1,8.81,92.72,SPY210331C00295000,295.0,normalDay
2021-02-23,2260.0,833.0,0.0,100,387.5,295.0,0,0.0,0.0,,0.0,1,8.81,92.98,SPY210331C00295000,295.0,normalDay
2021-02-24,2260.0,818.0,0.0,100,391.77,295.0,0,0.0,0.0,,0.0,1,8.81,97.4,SPY210331C00295000,295.0,normalDay
2021-02-25,2260.0,685.0,0.0,100,382.33,295.0,0,0.0,0.0,,0.0,1,8.81,89.29,SPY210331C00295000,295.0,normalDay
2021-02-26,2260.0,758.0,0.0,100,380.36,295.0,0,0.0,0.0,,0.0,1,8.81,86.59,SPY210331C00295000,295.0,normalDay
2021-03-01,2260.0,858.0,0.0,100,389.58,295.0,0,0.0,0.0,,0.0,1,8.81,94.81,SPY210331C00295000,295.0,normalDay
2021-03-02,2260.0,849.0,0.0,100,386.54,295.0,0,0.0,0.0,,0.0,1,8.81,91.86,SPY210331C00295000,295.0,normalDay
2021-03-03,2260.0,833.0,0.0,100,381.42,295.0,0,0.0,0.0,,0.0,1,8.81,86.9,SPY210331C00295000,295.0,normalDay
2021-03-04,2260.0,792.0,0.0,100,376.7,295.0,0,0.0,0.0,,0.0,1,8.81,82.59,SPY210331C00295000,295.0,normalDay
2021-03-05,2260.0,830.0,0.0,100,383.63,295.0,0,0.0,0.0,,0.0,1,8.81,89.14,SPY210331C00295000,295.0,normalDay
2021-03-08,2260.0,803.0,0.0,100,381.72,295.0,0,0.0,0.0,,0.0,1,8.81,87.5,SPY210331C00295000,295.0,normalDay
2021-03-09,2260.0,845.0,0.0,100,387.17,295.0,0,0.0,0.0,,0.0,1,8.81,92.53,SPY210331C00295000,295.0,normalDay
2021-03-10,2260.0,800.0,0.0,100,389.58,295.0,0,0.0,0.0,,0.0,1,8.81,95.39,SPY210331C00295000,295.0,normalDay
2021-03-11,2260.0,872.0,0.0,100,393.53,295.0,0,0.0,0.0,,0.0,1,8.81,98.62,SPY210331C00295000,295.0,normalDay
2021-03-12,2260.0,825.0,0.0,100,394.06,295.0,0,0.0,0.0,,0.0,1,8.81,99.62,SPY210331C00295000,295.0,normalDay
2021-03-15,2260.0,835.0,0.0,100,396.41,295.0,0,0.0,0.0,,0.0,1,8.81,101.87,SPY210331C00295000,295.0,normalDay
2021-03-16,2260.0,861.0,0.0,100,395.91,295.0,0,0.0,0.0,,0.0,1,8.81,101.11,SPY210331C00295000,295.0,normalDay
2021-03-17,2260.0,876.0,0.0,100,397.26,295.0,0,0.0,0.0,,0.0,1,8.81,102.31,SPY210331C00295000,295.0,normalDay
2021-03-18,2260.0,784.0,0.0,100,391.48,295.0,0,0.0,0.0,,0.0,1,8.81,97.45,SPY210331C00295000,295.0,normalDay
2021-03-19,2260.0,875.0,0.0,100,389.48,295.0,0,0.0,0.0,,0.0,1,8.81,94.54,SPY210331C00295000,295.0,normalDay
2021-03-22,2260.0,850.0,0.0,100,392.59,295.0,0,0.0,0.0,,0.0,1,8.81,97.9,SPY210331C00295000,295.0,normalDay
2021-03-23,2260.0,839.0,0.0,100,389.5,295.0,0,0.0,0.0,,0.0,1,8.81,94.92,SPY210331C00295000,295.0,normalDay
2021-03-24,2260.0,855.0,0.0,100,387.52,295.0,0,0.0,0.0,,0.0,1,8.81,92.78,SPY210331C00295000,295.0,normalDay
2021-03-25,2260.0,856.0,0.0,100,389.7,295.0,0,0.0,0.0,,0.0,1,8.81,94.95,SPY210331C00295000,295.0,normalDay
2021-03-26,2260.0,889.0,0.0,100,395.98,295.0,0,0.0,0.0,,0.0,1,8.81,100.9,SPY210331C00295000,295.0,normalDay
2021-03-29,2260.0,884.0,0.0,100,395.78,295.0,0,0.0,0.0,,0.0,1,8.81,100.75,SPY210331C00295000,295.0,normalDay
2021-03-30,2260.0,905.0,0.0,100,394.73,295.0,0,0.0,0.0,,0.0,1,8.81,99.49,SPY210331C00295000,295.0,normalDay
2021-03-31,3141.0,905.0,881.0,0,396.33,0.0,0,0.0,0.0,,0.0,1,8.81,0.0,SPY210331C00295000,295.0,expirationDay
2021-04-01,3141.0,-7.0,0.0,0,400.61,0.0,1,10.72,10.79,SPY210820P00380000,380.0,0,0.0,0.0,,0.0,normalDay
2021-04-05,3141.0,136.0,0.0,0,406.36,0.0,1,10.72,9.36,SPY210820P00380000,380.0,0,0.0,0.0,,0.0,normalDay
2021-04-06,3141.0,119.0,0.0,0,406.12,0.0,1,10.72,9.53,SPY210820P00380000,380.0,0,0.0,0.0,,0.0,normalDay
2021-04-07,3141.0,159.0,0.0,0,406.59,0.0,1,10.72,9.13,SPY210820P00380000,380.0,0,0.0,0.0,,0.0,normalDay
2021-04-08,3141.0,189.0,0.0,0,408.52,0.0,1,10.72,8.83,SPY210820P00380000,380.0,0,0.0,0.0,,0.0,normalDay
2021-04-09,3141.0,226.0,0.0,0,411.49,0.0,1,10.72,8.46,SPY210820P00380000,380.0,0,0.0,0.0,,0.0,normalDay
2021-04-12,3141.0,245.0,0.0,0,411.64,0.0,1,10.72,8.27,SPY210820P00380000,380.0,0,0.0,0.0,,0.0,normalDay
2021-04-13,3141.0,283.0,0.0,0,412.86,0.0,1,10.72,7.89,SPY210820P00380000,380.0,0,0.0,0.0,,0.0,normalDay
2021-04-14,3141.0,255.0,0.0,0,411.45,0.0,1,10.72,8.17,SPY210820P00380000,380.0,0,0.0,0.0,,0.0,normalDay
2021-04-15,3141.0,337.0,0.0,0,415.87,0.0,1,10.72,7.35,SPY210820P00380000,380.0,0,0.0,0.0,,0.0,normalDay
2021-04-16,3141.0,362.0,0.0,0,417.26,0.0,1,10.72,7.1,SPY210820P00380000,380.0,0,0.0,0.0,,0.0,normalDay
2021-04-19,3141.0,304.0,0.0,0,415.21,0.0,1,10.72,7.68,SPY210820P00380000,380.0,0,0.0,0.0,,0.0,normalDay
2021-04-20,3141.0,213.0,0.0,0,412.17,0.0,1,10.72,8.59,SPY210820P00380000,380.0,0,0.0,0.0,,0.0,normalDay
2021-04-21,3141.0,322.0,0.0,0,416.07,0.0,1,10.72,7.5,SPY210820P00380000,380.0,0,0.0,0.0,,0.0,normalDay
2021-04-22,3141.0,209.0,0.0,0,412.27,0.0,1,10.72,8.63,SPY210820P00380000,380.0,0,0.0,0.0,,0.0,normalDay
2021-04-23,3141.0,338.0,0.0,0,416.74,0.0,1,10.72,7.34,SPY210820P00380000,380.0,0,0.0,0.0,,0.0,normalDay
2021-04-26,3141.0,368.0,0.0,0,417.61,0.0,1,10.72,7.04,SPY210820P00380000,380.0,0,0.0,0.0,,0.0,normalDay
2021-04-27,3141.0,380.0,0.0,0,417.52,0.0,1,10.72,6.92,SPY210820P00380000,380.0,0,0.0,0.0,,0.0,normalDay
2021-04-28,3141.0,400.0,0.0,0,417.4,0.0,1,10.72,6.72,SPY210820P00380000,380.0,0,0.0,0.0,,0.0,normalDay
2021-04-29,3141.0,423.0,0.0,0,420.06,0.0,1,10.72,6.49,SPY210820P00380000,380.0,0,0.0,0.0,,0.0,normalDay
2021-04-30,3141.0,366.0,0.0,0,417.3,0.0,1,10.72,7.06,SPY210820P00380000,380.0,0,0.0,0.0,,0.0,normalDay
2021-05-03,3141.0,408.0,0.0,0,418.2,0.0,1,10.72,6.64,SPY210820P00380000,380.0,0,0.0,0.0,,0.0,normalDay
2021-05-04,3141.0,331.0,0.0,0,415.62,0.0,1,10.72,7.41,SPY210820P00380000,380.0,0,0.0,0.0,,0.0,normalDay
2021-05-05,3141.0,354.0,0.0,0,415.75,0.0,1,10.72,7.18,SPY210820P00380000,380.0,0,0.0,0.0,,0.0,normalDay
2021-05-06,3141.0,432.0,0.0,0,419.07,0.0,1,10.72,6.4,SPY210820P00380000,380.0,0,0.0,0.0,,0.0,normalDay
2021-05-07,3141.0,512.0,0.0,0,422.12,0.0,1,10.72,5.6,SPY210820P00380000,380.0,0,0.0,0.0,,0.0,normalDay
2021-05-10,3141.0,403.0,0.0,0,417.94,0.0,1,10.72,6.69,SPY210820P00380000,380.0,0,0.0,0.0,,0.0,normalDay
2021-05-11,3141.0,292.0,0.0,0,414.21,0.0,1,10.72,7.8,SPY210820P00380000,380.0,0,0.0,0.0,,0.0,normalDay
2021-05-12,3141.0,-58.0,0.0,0,405.41,0.0,1,10.72,11.3,SPY210820P00380000,380.0,0,0.0,0.0,,0.0,normalDay
2021-05-13,3141.0,186.0,0.0,0,410.28,0.0,1,10.72,8.86,SPY210820P00380000,380.0,0,0.0,0.0,,0.0,normalDay
2021-05-14,3141.0,435.0,0.0,0,416.58,0.0,1,10.72,6.37,SPY210820P00380000,380.0,0,0.0,0.0,,0.0,normalDay
2021-05-17,3141.0,395.0,0.0,0,415.52,0.0,1,10.72,6.77,SPY210820P00380000,380.0,0,0.0,0.0,,0.0,normalDay
2021-05-18,3141.0,298.0,0.0,0,411.94,0.0,1,10.72,7.74,SPY210820P00380000,380.0,0,0.0,0.0,,0.0,normalDay
2021-05-19,3141.0,257.0,0.0,0,410.86,0.0,1,10.72,8.15,SPY210820P00380000,380.0,0,0.0,0.0,,0.0,normalDay
2021-05-20,3141.0,379.0,0.0,0,415.28,0.0,1,10.72,6.93,SPY210820P00380000,380.0,0,0.0,0.0,,0.0,normalDay
2021-05-21,3141.0,409.0,0.0,0,414.94,0.0,1,10.72,6.63,SPY210820P00380000,380.0,0,0.0,0.0,,0.0,normalDay
2021-05-24,3141.0,534.0,0.0,0,419.17,0.0,1,10.72,5.38,SPY210820P00380000,380.0,0,0.0,0.0,,0.0,normalDay
2021-05-25,3141.0,527.0,0.0,0,418.24,0.0,1,10.72,5.45,SPY210820P00380000,380.0,0,0.0,0.0,,0.0,normalDay
2021-05-26,3141.0,592.0,0.0,0,419.07,0.0,1,10.72,4.8,SPY210820P00380000,380.0,0,0.0,0.0,,0.0,normalDay
2021-05-27,3141.0,647.0,0.0,0,419.29,0.0,1,10.72,4.25,SPY210820P00380000,380.0,0,0.0,0.0,,0.0,normalDay
2021-05-28,3141.0,657.0,0.0,0,420.04,0.0,1,10.72,4.15,SPY210820P00380000,380.0,0,0.0,0.0,,0.0,normalDay
2021-06-01,3141.0,640.0,0.0,0,419.67,0.0,1,10.72,4.32,SPY210820P00380000,380.0,0,0.0,0.0,,0.0,normalDay
2021-06-02,3141.0,661.0,0.0,0,420.33,0.0,1,10.72,4.11,SPY210820P00380000,380.0,0,0.0,0.0,,0.0,normalDay
2021-06-03,3141.0,632.0,0.0,0,418.77,0.0,1,10.72,4.4,SPY210820P00380000,380.0,0,0.0,0.0,,0.0,normalDay
2021-06-04,3141.0,712.0,0.0,0,422.6,0.0,1,10.72,3.6,SPY210820P00380000,380.0,0,0.0,0.0,,0.0,normalDay
2021-06-07,3141.0,737.0,0.0,0,422.19,0.0,1,10.72,3.35,SPY210820P00380000,380.0,0,0.0,0.0,,0.0,normalDay
2021-06-08,3141.0,731.0,0.0,0,422.28,0.0,1,10.72,3.41,SPY210820P00380000,380.0,0,0.0,0.0,,0.0,normalDay
2021-06-09,3141.0,717.0,0.0,0,421.65,0.0,1,10.72,3.55,SPY210820P00380000,380.0,0,0.0,0.0,,0.0,normalDay
2021-06-10,3141.0,781.0,0.0,0,423.61,0.0,1,10.72,2.91,SPY210820P00380000,380.0,0,0.0,0.0,,0.0,normalDay
2021-06-11,3141.0,804.0,0.0,0,424.31,0.0,1,10.72,2.68,SPY210820P00380000,380.0,0,0.0,0.0,,0.0,normalDay
2021-06-14,3141.0,811.0,0.0,0,425.26,0.0,1,10.72,2.61,SPY210820P00380000,380.0,0,0.0,0.0,,0.0,normalDay
2021-06-15,3141.0,795.0,0.0,0,424.48,0.0,1,10.72,2.77,SPY210820P00380000,380.0,0,0.0,0.0,,0.0,normalDay
2021-06-16,3141.0,768.0,0.0,0,422.11,0.0,1,10.72,3.04,SPY210820P00380000,380.0,0,0.0,0.0,,0.0,normalDay
2021-06-17,3141.0,786.0,0.0,0,421.97,0.0,1,10.72,2.86,SPY210820P00380000,380.0,0,0.0,0.0,,0.0,normalDay
2021-06-18,3141.0,661.0,0.0,0,414.92,0.0,1,10.72,4.11,SPY210820P00380000,380.0,0,0.0,0.0,,0.0,normalDay
2021-06-21,3141.0,804.0,0.0,0,420.86,0.0,1,10.72,2.68,SPY210820P00380000,380.0,0,0.0,0.0,,0.0,normalDay
2021-06-22,3141.0,847.0,0.0,0,423.11,0.0,1,10.72,2.25,SPY210820P00380000,380.0,0,0.0,0.0,,0.0,normalDay
2021-06-23,3141.0,860.0,0.0,0,422.6,0.0,1,10.72,2.12,SPY210820P00380000,380.0,0,0.0,0.0,,0.0,normalDay
2021-06-24,3141.0,889.0,0.0,0,425.1,0.0,1,10.72,1.83,SPY210820P00380000,380.0,0,0.0,0.0,,0.0,normalDay
2021-06-25,3141.0,910.0,0.0,0,426.61,0.0,1,10.72,1.62,SPY210820P00380000,380.0,0,0.0,0.0,,0.0,normalDay
2021-06-28,3141.0,921.0,0.0,0,427.47,0.0,1,10.72,1.51,SPY210820P00380000,380.0,0,0.0,0.0,,0.0,normalDay
2021-06-29,3141.0,918.0,0.0,0,427.7,0.0,1,10.72,1.54,SPY210820P00380000,380.0,0,0.0,0.0,,0.0,normalDay
2021-06-30,3141.0,928.0,0.0,0,428.06,0.0,1,10.72,1.44,SPY210820P00380000,380.0,0,0.0,0.0,,0.0,normalDay
2021-07-01,3141.0,942.0,0.0,0,430.43,0.0,1,10.72,1.3,SPY210820P00380000,380.0,0,0.0,0.0,,0.0,normalDay
2021-07-02,3141.0,958.0,0.0,0,433.72,0.0,1,10.72,1.14,SPY210820P00380000,380.0,0,0.0,0.0,,0.0,normalDay
2021-07-06,3141.0,952.0,0.0,0,432.93,0.0,1,10.72,1.2,SPY210820P00380000,380.0,0,0.0,0.0,,0.0,normalDay
2021-07-07,3141.0,963.0,0.0,0,434.46,0.0,1,10.72,1.09,SPY210820P00380000,380.0,0,0.0,0.0,,0.0,normalDay
2021-07-08,3141.0,919.0,0.0,0,430.92,0.0,1,10.72,1.53,SPY210820P00380000,380.0,0,0.0,0.0,,0.0,normalDay
2021-07-09,3141.0,972.0,0.0,0,435.52,0.0,1,10.72,1.0,SPY210820P00380000,380.0,0,0.0,0.0,,0.0,normalDay
2021-07-12,3141.0,987.0,0.0,0,437.08,0.0,1,10.72,0.85,SPY210820P00380000,380.0,0,0.0,0.0,,0.0,normalDay
2021-07-13,3141.0,978.0,0.0,0,435.59,0.0,1,10.72,0.94,SPY210820P00380000,380.0,0,0.0,0.0,,0.0,normalDay
2021-07-14,3141.0,995.0,0.0,0,436.24,0.0,1,10.72,0.77,SPY210820P00380000,380.0,0,0.0,0.0,,0.0,normalDay
2021-07-15,3141.0,988.0,0.0,0,434.75,0.0,1,10.72,0.84,SPY210820P00380000,380.0,0,0.0,0.0,,0.0,normalDay
2021-07-16,3141.0,971.0,0.0,0,431.34,0.0,1,10.72,1.01,SPY210820P00380000,380.0,0,0.0,0.0,,0.0,normalDay
2021-07-19,3141.0,904.0,0.0,0,424.97,0.0,1,10.72,1.68,SPY210820P00380000,380.0,0,0.0,0.0,,0.0,normalDay
2021-07-20,3141.0,963.0,0.0,0,431.06,0.0,1,10.72,1.09,SPY210820P00380000,380.0,0,0.0,0.0,,0.0,normalDay
2021-07-21,3141.0,999.0,0.0,0,434.55,0.0,1,10.72,0.73,SPY210820P00380000,380.0,0,0.0,0.0,,0.0,normalDay
2021-07-22,3141.0,1007.0,0.0,0,435.46,0.0,1,10.72,0.65,SPY210820P00380000,380.0,0,0.0,0.0,,0.0,normalDay
2021-07-23,3141.0,1019.0,0.0,0,439.94,0.0,1,10.72,0.53,SPY210820P00380000,380.0,0,0.0,0.0,,0.0,normalDay
2021-07-26,3141.0,1032.0,0.0,0,441.02,0.0,1,10.72,0.4,SPY210820P00380000,380.0,0,0.0,0.0,,0.0,normalDay
2021-07-27,3141.0,1022.0,0.0,0,439.01,0.0,1,10.72,0.5,SPY210820P00380000,380.0,0,0.0,0.0,,0.0,normalDay
2021-07-28,3141.0,1032.0,0.0,0,438.83,0.0,1,10.72,0.4,SPY210820P00380000,380.0,0,0.0,0.0,,0.0,normalDay
2021-07-29,3141.0,1041.0,0.0,0,440.65,0.0,1,10.72,0.31,SPY210820P00380000,380.0,0,0.0,0.0,,0.0,normalDay
2021-07-30,3141.0,1036.0,0.0,0,438.51,0.0,1,10.72,0.36,SPY210820P00380000,380.0,0,0.0,0.0,,0.0,normalDay
2021-08-02,3141.0,1040.0,0.0,0,437.59,0.0,1,10.72,0.32,SPY210820P00380000,380.0,0,0.0,0.0,,0.0,normalDay
2021-08-03,3141.0,1053.0,0.0,0,441.15,0.0,1,10.72,0.19,SPY210820P00380000,380.0,0,0.0,0.0,,0.0,normalDay
2021-08-04,3141.0,1054.0,0.0,0,438.98,0.0,1,10.72,0.18,SPY210820P00380000,380.0,0,0.0,0.0,,0.0,normalDay
2021-08-05,3141.0,1059.0,0.0,0,441.76,0.0,1,10.72,0.13,SPY210820P00380000,380.0,0,0.0,0.0,,0.0,normalDay
2021-08-06,3141.0,1064.0,0.0,0,442.49,0.0,1,10.72,0.08,SPY210820P00380000,380.0,0,0.0,0.0,,0.0,normalDay
2021-08-09,3141.0,1065.0,0.0,0,442.13,0.0,1,10.72,0.07,SPY210820P00380000,380.0,0,0.0,0.0,,0.0,normalDay
2021-08-10,3141.0,1064.0,0.0,0,442.68,0.0,1,10.72,0.08,SPY210820P00380000,380.0,0,0.0,0.0,,0.0,normalDay
2021-08-11,3141.0,1067.0,0.0,0,443.78,0.0,1,10.72,0.05,SPY210820P00380000,380.0,0,0.0,0.0,,0.0,normalDay
2021-08-12,3141.0,1068.0,0.0,0,445.11,0.0,1,10.72,0.04,SPY210820P00380000,380.0,0,0.0,0.0,,0.0,normalDay
2021-08-13,3141.0,1068.0,0.0,0,445.92,0.0,1,10.72,0.04,SPY210820P00380000,380.0,0,0.0,0.0,,0.0,normalDay
2021-08-16,3141.0,1070.0,0.0,0,446.97,0.0,1,10.72,0.02,SPY210820P00380000,380.0,0,0.0,0.0,,0.0,normalDay
2021-08-17,3141.0,1070.0,0.0,0,444.04,0.0,1,10.72,0.02,SPY210820P00380000,380.0,0,0.0,0.0,,0.0,normalDay
2021-08-18,3141.0,1067.0,0.0,0,439.18,0.0,1,10.72,0.05,SPY210820P00380000,380.0,0,0.0,0.0,,0.0,normalDay
2021-08-19,3141.0,1071.0,0.0,0,439.86,0.0,1,10.72,0.01,SPY210820P00380000,380.0,0,0.0,0.0,,0.0,normalDay
2021-08-20,4213.0,0.0,1072.0,0,443.36,0.0,1,10.72,0.0,SPY210820P00380000,380.0,0,0.0,0.0,,0.0,expirationDay
2021-08-23,4213.0,-6.0,0.0,0,447.26,0.0,1,13.7,13.76,SPY211231P00434000,434.0,0,0.0,0.0,,0.0,normalDay
2021-08-24,4213.0,6.0,0.0,0,447.97,0.0,1,13.7,13.64,SPY211231P00434000,434.0,0,0.0,0.0,,0.0,normalDay
2021-08-25,4213.0,68.0,0.0,0,448.91,0.0,1,13.7,13.02,SPY211231P00434000,434.0,0,0.0,0.0,,0.0,normalDay
2021-08-26,4213.0,-58.0,0.0,0,446.26,0.0,1,13.7,14.28,SPY211231P00434000,434.0,0,0.0,0.0,,0.0,normalDay
2021-08-27,4213.0,120.0,0.0,0,450.25,0.0,1,13.7,12.5,SPY211231P00434000,434.0,0,0.0,0.0,,0.0,normalDay
2021-08-30,4213.0,189.0,0.0,0,452.23,0.0,1,13.7,11.81,SPY211231P00434000,434.0,0,0.0,0.0,,0.0,normalDay
2021-08-31,4213.0,183.0,0.0,0,451.56,0.0,1,13.7,11.87,SPY211231P00434000,434.0,0,0.0,0.0,,0.0,normalDay
2021-09-01,4213.0,213.0,0.0,0,451.8,0.0,1,13.7,11.57,SPY211231P00434000,434.0,0,0.0,0.0,,0.0,normalDay
2021-09-02,4213.0,252.0,0.0,0,453.19,0.0,1,13.7,11.18,SPY211231P00434000,434.0,0,0.0,0.0,,0.0,normalDay
2021-09-03,4213.0,240.0,0.0,0,453.08,0.0,1,13.7,11.3,SPY211231P00434000,434.0,0,0.0,0.0,,0.0,normalDay
2021-09-07,4213.0,170.0,0.0,0,451.46,0.0,1,13.7,12.0,SPY211231P00434000,434.0,0,0.0,0.0,,0.0,normalDay
2021-09-08,4213.0,157.0,0.0,0,450.91,0.0,1,13.7,12.13,SPY211231P00434000,434.0,0,0.0,0.0,,0.0,normalDay
2021-09-09,4213.0,71.0,0.0,0,448.98,0.0,1,13.7,12.99,SPY211231P00434000,434.0,0,0.0,0.0,,0.0,normalDay
2021-09-10,4213.0,-40.0,0.0,0,445.44,0.0,1,13.7,14.1,SPY211231P00434000,434.0,0,0.0,0.0,,0.0,normalDay
2021-09-13,4213.0,57.0,0.0,0,446.58,0.0,1,13.7,13.13,SPY211231P00434000,434.0,0,0.0,0.0,,0.0,normalDay
2021-09-14,4213.0,-27.0,0.0,0,444.17,0.0,1,13.7,13.97,SPY211231P00434000,434.0,0,0.0,0.0,,0.0,normalDay
2021-09-15,4213.0,138.0,0.0,0,447.88,0.0,1,13.7,12.32,SPY211231P00434000,434.0,0,0.0,0.0,,0.0,normalDay
2021-09-16,4213.0,107.0,0.0,0,447.17,0.0,1,13.7,12.63,SPY211231P00434000,434.0,0,0.0,0.0,,0.0,normalDay
2021-09-17,4213.0,-100.0,0.0,0,441.4,0.0,1,13.7,14.7,SPY211231P00434000,434.0,0,0.0,0.0,,0.0,normalDay
2021-09-20,4213.0,-495.0,0.0,0,434.04,0.0,1,13.7,18.65,SPY211231P00434000,434.0,0,0.0,0.0,,0.0,normalDay
2021-09-21,4213.0,-462.0,0.0,0,433.63,0.0,1,13.7,18.32,SPY211231P00434000,434.0,0,0.0,0.0,,0.0,normalDay
2021-09-22,4213.0,-166.0,0.0,0,437.86,0.0,1,13.7,15.36,SPY211231P00434000,434.0,0,0.0,0.0,,0.0,normalDay
2021-09-23,4213.0,103.0,0.0,0,443.18,0.0,1,13.7,12.67,SPY211231P00434000,434.0,0,0.0,0.0,,0.0,normalDay
2021-09-24,4213.0,162.0,0.0,0,443.91,0.0,1,13.7,12.08,SPY211231P00434000,434.0,0,0.0,0.0,,0.0,normalDay
2021-09-27,4213.0,113.0,0.0,0,442.64,0.0,1,13.7,12.57,SPY211231P00434000,434.0,0,0.0,0.0,,0.0,normalDay
2021-09-28,4213.0,-332.0,0.0,0,433.72,0.0,1,13.7,17.02,SPY211231P00434000,434.0,0,0.0,0.0,,0.0,normalDay
2021-09-29,4213.0,-256.0,0.0,0,434.45,0.0,1,13.7,16.26,SPY211231P00434000,434.0,0,0.0,0.0,,0.0,normalDay
2021-09-30,4213.0,-532.0,0.0,0,429.14,0.0,1,13.7,19.02,SPY211231P00434000,434.0,0,0.0,0.0,,0.0,normalDay
2021-10-01,4213.0,-213.0,0.0,0,434.24,0.0,1,13.7,15.83,SPY211231P00434000,434.0,0,0.0,0.0,,0.0,normalDay
2021-10-04,4213.0,-505.0,0.0,0,428.64,0.0,1,13.7,18.75,SPY211231P00434000,434.0,0,0.0,0.0,,0.0,normalDay
2021-10-05,4213.0,-251.0,0.0,0,433.1,0.0,1,13.7,16.21,SPY211231P00434000,434.0,0,0.0,0.0,,0.0,normalDay
2021-10-06,4213.0,-169.0,0.0,0,434.9,0.0,1,13.7,15.39,SPY211231P00434000,434.0,0,0.0,0.0,,0.0,normalDay
2021-10-07,4213.0,41.0,0.0,0,438.66,0.0,1,13.7,13.29,SPY211231P00434000,434.0,0,0.0,0.0,,0.0,normalDay
2021-10-08,4213.0,14.0,0.0,0,437.86,0.0,1,13.7,13.56,SPY211231P00434000,434.0,0,0.0,0.0,,0.0,normalDay
2021-10-11,4213.0,-103.0,0.0,0,434.69,0.0,1,13.7,14.73,SPY211231P00434000,434.0,0,0.0,0.0,,0.0,normalDay
2021-10-12,4213.0,-144.0,0.0,0,433.62,0.0,1,13.7,15.14,SPY211231P00434000,434.0,0,0.0,0.0,,0.0,normalDay
2021-10-13,4213.0,28.0,0.0,0,435.18,0.0,1,13.7,13.42,SPY211231P00434000,434.0,0,0.0,0.0,,0.0,normalDay
2021-10-14,4213.0,361.0,0.0,0,442.5,0.0,1,13.7,10.09,SPY211231P00434000,434.0,0,0.0,0.0,,0.0,normalDay
2021-10-15,4213.0,471.0,0.0,0,445.87,0.0,1,13.7,8.99,SPY211231P00434000,434.0,0,0.0,0.0,,0.0,normalDay
2021-10-18,4213.0,528.0,0.0,0,447.19,0.0,1,13.7,8.42,SPY211231P00434000,434.0,0,0.0,0.0,,0.0,normalDay
2021-10-19,4213.0,652.0,0.0,0,450.64,0.0,1,13.7,7.18,SPY211231P00434000,434.0,0,0.0,0.0,,0.0,normalDay
2021-10-20,4213.0,681.0,0.0,0,452.41,0.0,1,13.7,6.89,SPY211231P00434000,434.0,0,0.0,0.0,,0.0,normalDay
2021-10-21,4213.0,733.0,0.0,0,453.59,0.0,1,13.7,6.37,SPY211231P00434000,434.0,0,0.0,0.0,,0.0,normalDay
2021-10-22,4213.0,694.0,0.0,0,453.12,0.0,1,13.7,6.76,SPY211231P00434000,434.0,0,0.0,0.0,,0.0,normalDay
2021-10-25,4213.0,773.0,0.0,0,455.55,0.0,1,13.7,5.97,SPY211231P00434000,434.0,0,0.0,0.0,,0.0,normalDay
2021-10-26,4213.0,781.0,0.0,0,455.96,0.0,1,13.7,5.89,SPY211231P00434000,434.0,0,0.0,0.0,,0.0,normalDay
2021-10-27,4213.0,705.0,0.0,0,453.94,0.0,1,13.7,6.65,SPY211231P00434000,434.0,0,0.0,0.0,,0.0,normalDay
2021-10-28,4213.0,808.0,0.0,0,458.32,0.0,1,13.7,5.62,SPY211231P00434000,434.0,0,0.0,0.0,,0.0,normalDay
2021-10-29,4213.0,836.0,0.0,0,459.25,0.0,1,13.7,5.34,SPY211231P00434000,434.0,0,0.0,0.0,,0.0,normalDay
2021-11-01,4213.0,871.0,0.0,0,460.04,0.0,1,13.7,4.99,SPY211231P00434000,434.0,0,0.0,0.0,,0.0,normalDay
2021-11-02,4213.0,913.0,0.0,0,461.9,0.0,1,13.7,4.57,SPY211231P00434000,434.0,0,0.0,0.0,,0.0,normalDay
2021-11-03,4213.0,987.0,0.0,0,464.72,0.0,1,13.7,3.83,SPY211231P00434000,434.0,0,0.0,0.0,,0.0,normalDay
2021-11-04,4213.0,1018.0,0.0,0,466.91,0.0,1,13.7,3.52,SPY211231P00434000,434.0,0,0.0,0.0,,0.0,normalDay
2021-11-05,4213.0,1016.0,0.0,0,468.53,0.0,1,13.7,3.54,SPY211231P00434000,434.0,0,0.0,0.0,,0.0,normalDay
2021-11-08,4213.0,1016.0,0.0,0,468.93,0.0,1,13.7,3.54,SPY211231P00434000,434.0,0,0.0,0.0,,0.0,normalDay
2021-11-09,4213.0,995.0,0.0,0,467.38,0.0,1,13.7,3.75,SPY211231P00434000,434.0,0,0.0,0.0,,0.0,normalDay
2021-11-10,4213.0,938.0,0.0,0,463.62,0.0,1,13.7,4.32,SPY211231P00434000,434.0,0,0.0,0.0,,0.0,normalDay
2021-11-11,4213.0,988.0,0.0,0,463.77,0.0,1,13.7,3.82,SPY211231P00434000,434.0,0,0.0,0.0,,0.0,normalDay
2021-11-12,4213.0,1064.0,0.0,0,467.27,0.0,1,13.7,3.06,SPY211231P00434000,434.0,0,0.0,0.0,,0.0,normalDay
2021-11-15,4213.0,1079.0,0.0,0,467.43,0.0,1,13.7,2.91,SPY211231P00434000,434.0,0,0.0,0.0,,0.0,normalDay
2021-11-16,4213.0,1106.0,0.0,0,469.28,0.0,1,13.7,2.64,SPY211231P00434000,434.0,0,0.0,0.0,,0.0,normalDay
2021-11-17,4213.0,1085.0,0.0,0,468.14,0.0,1,13.7,2.85,SPY211231P00434000,434.0,0,0.0,0.0,,0.0,normalDay
2021-11-18,4213.0,1099.0,0.0,0,469.73,0.0,1,13.7,2.71,SPY211231P00434000,434.0,0,0.0,0.0,,0.0,normalDay
2021-11-19,4213.0,1091.0,0.0,0,468.89,0.0,1,13.7,2.79,SPY211231P00434000,434.0,0,0.0,0.0,,0.0,normalDay
2021-11-22,4213.0,1073.0,0.0,0,467.57,0.0,1,13.7,2.97,SPY211231P00434000,434.0,0,0.0,0.0,,0.0,normalDay
2021-11-23,4213.0,1094.0,0.0,0,468.19,0.0,1,13.7,2.76,SPY211231P00434000,434.0,0,0.0,0.0,,0.0,normalDay
2021-11-24,4213.0,1131.0,0.0,0,469.44,0.0,1,13.7,2.39,SPY211231P00434000,434.0,0,0.0,0.0,,0.0,normalDay
2021-11-26,4213.0,633.0,0.0,0,458.97,0.0,1,13.7,7.37,SPY211231P00434000,434.0,0,0.0,0.0,,0.0,normalDay
2021-11-29,4213.0,1019.0,0.0,0,464.6,0.0,1,13.7,3.51,SPY211231P00434000,434.0,0,0.0,0.0,,0.0,normalDay
2021-11-30,4213.0,824.0,0.0,0,455.56,0.0,1,13.7,5.46,SPY211231P00434000,434.0,0,0.0,0.0,,0.0,normalDay
2021-12-01,4213.0,552.0,0.0,0,450.5,0.0,1,13.7,8.18,SPY211231P00434000,434.0,0,0.0,0.0,,0.0,normalDay
2021-12-02,4213.0,814.0,0.0,0,457.4,0.0,1,13.7,5.56,SPY211231P00434000,434.0,0,0.0,0.0,,0.0,normalDay
2021-12-03,4213.0,690.0,0.0,0,453.42,0.0,1,13.7,6.8,SPY211231P00434000,434.0,0,0.0,0.0,,0.0,normalDay
2021-12-06,4213.0,926.0,0.0,0,458.79,0.0,1,13.7,4.44,SPY211231P00434000,434.0,0,0.0,0.0,,0.0,normalDay
2021-12-07,4213.0,1165.0,0.0,0,468.28,0.0,1,13.7,2.05,SPY211231P00434000,434.0,0,0.0,0.0,,0.0,normalDay
2021-12-08,4213.0,1232.0,0.0,0,469.52,0.0,1,13.7,1.38,SPY211231P00434000,434.0,0,0.0,0.0,,0.0,normalDay
2021-12-09,4213.0,1187.0,0.0,0,466.35,0.0,1,13.7,1.83,SPY211231P00434000,434.0,0,0.0,0.0,,0.0,normalDay
2021-12-10,4213.0,1268.0,0.0,0,470.74,0.0,1,13.7,1.02,SPY211231P00434000,434.0,0,0.0,0.0,,0.0,normalDay
2021-12-13,4213.0,1252.0,0.0,0,466.57,0.0,1,13.7,1.18,SPY211231P00434000,434.0,0,0.0,0.0,,0.0,normalDay
2021-12-14,4213.0,1218.0,0.0,0,463.36,0.0,1,13.7,1.52,SPY211231P00434000,434.0,0,0.0,0.0,,0.0,normalDay
2021-12-15,4213.0,1301.0,0.0,0,470.6,0.0,1,13.7,0.69,SPY211231P00434000,434.0,0,0.0,0.0,,0.0,normalDay
2021-12-16,4213.0,1277.0,0.0,0,466.45,0.0,1,13.7,0.93,SPY211231P00434000,434.0,0,0.0,0.0,,0.0,normalDay
2021-12-17,4213.0,1254.0,0.0,0,459.87,0.0,1,13.7,1.16,SPY211231P00434000,434.0,0,0.0,0.0,,0.0,normalDay
2021-12-20,4213.0,1231.0,0.0,0,454.98,0.0,1,13.7,1.39,SPY211231P00434000,434.0,0,0.0,0.0,,0.0,normalDay
2021-12-21,4213.0,1319.0,0.0,0,463.06,0.0,1,13.7,0.51,SPY211231P00434000,434.0,0,0.0,0.0,,0.0,normalDay
2021-12-22,4213.0,1355.0,0.0,0,467.69,0.0,1,13.7,0.15,SPY211231P00434000,434.0,0,0.0,0.0,,0.0,normalDay
2021-12-23,4213.0,1361.0,0.0,0,470.6,0.0,1,13.7,0.09,SPY211231P00434000,434.0,0,0.0,0.0,,0.0,normalDay
2021-12-27,4213.0,1366.0,0.0,0,477.26,0.0,1,13.7,0.04,SPY211231P00434000,434.0,0,0.0,0.0,,0.0,normalDay
2021-12-28,4213.0,1368.0,0.0,0,476.87,0.0,1,13.7,0.02,SPY211231P00434000,434.0,0,0.0,0.0,,0.0,normalDay
2021-12-29,4213.0,1369.0,0.0,0,477.48,0.0,1,13.7,0.01,SPY211231P00434000,434.0,0,0.0,0.0,,0.0,normalDay
2021-12-30,4213.0,1369.0,0.0,0,476.16,0.0,1,13.7,0.01,SPY211231P00434000,434.0,0,0.0,0.0,,0.0,normalDay
2021-12-31,5583.0,0.0,1370.0,0,474.96,0.0,1,13.7,0.0,SPY211231P00434000,434.0,0,0.0,0.0,,0.0,expirationDay
2022-01-03,5583.0,-8.0,0.0,0,477.71,0.0,1,12.36,12.44,SPY220520P00450000,450.0,0,0.0,0.0,,0.0,normalDay
2022-01-04,5583.0,-22.0,0.0,0,477.55,0.0,1,12.36,12.58,SPY220520P00450000,450.0,0,0.0,0.0,,0.0,normalDay
2022-01-05,5583.0,-326.0,0.0,0,468.38,0.0,1,12.36,15.62,SPY220520P00450000,450.0,0,0.0,0.0,,0.0,normalDay
2022-01-06,5583.0,-325.0,0.0,0,467.94,0.0,1,12.36,15.61,SPY220520P00450000,450.0,0,0.0,0.0,,0.0,normalDay
2022-01-07,5583.0,-305.0,0.0,0,466.09,0.0,1,12.36,15.41,SPY220520P00450000,450.0,0,0.0,0.0,,0.0,normalDay
2022-01-10,5583.0,-309.0,0.0,0,465.51,0.0,1,12.36,15.45,SPY220520P00450000,450.0,0,0.0,0.0,,0.0,normalDay
2022-01-11,5583.0,-147.0,0.0,0,469.75,0.0,1,12.36,13.83,SPY220520P00450000,450.0,0,0.0,0.0,,0.0,normalDay
2022-01-12,5583.0,-76.0,0.0,0,471.02,0.0,1,12.36,13.12,SPY220520P00450000,450.0,0,0.0,0.0,,0.0,normalDay
2022-01-13,5583.0,-361.0,0.0,0,464.53,0.0,1,12.36,15.97,SPY220520P00450000,450.0,0,0.0,0.0,,0.0,normalDay
2022-01-14,5583.0,-294.0,0.0,0,464.72,0.0,1,12.36,15.3,SPY220520P00450000,450.0,0,0.0,0.0,,0.0,normalDay
2022-01-18,5583.0,-668.0,0.0,0,456.49,0.0,1,12.36,19.04,SPY220520P00450000,450.0,0,0.0,0.0,,0.0,normalDay
2022-01-19,5583.0,-826.0,0.0,0,451.75,0.0,1,12.36,20.62,SPY220520P00450000,450.0,0,0.0,0.0,,0.0,normalDay
2022-01-20,5583.0,-1104.0,0.0,0,446.75,0.0,1,12.36,23.4,SPY220520P00450000,450.0,0,0.0,0.0,,0.0,normalDay
2022-01-21,5583.0,-1624.0,0.0,0,437.98,0.0,1,12.36,28.6,SPY220520P00450000,450.0,0,0.0,0.0,,0.0,normalDay
2022-01-24,5583.0,-1615.0,0.0,0,439.84,0.0,1,12.36,28.51,SPY220520P00450000,450.0,0,0.0,0.0,,0.0,normalDay
2022-01-25,5583.0,-1954.0,0.0,0,434.47,0.0,1,12.36,31.9,SPY220520P00450000,450.0,0,0.0,0.0,,0.0,normalDay
2022-01-26,5583.0,-1954.0,0.0,0,433.38,0.0,1,12.36,31.9,SPY220520P00450000,450.0,0,0.0,0.0,,0.0,normalDay
2022-01-27,5583.0,-1930.0,0.0,0,431.24,0.0,1,12.36,31.66,SPY220520P00450000,450.0,0,0.0,0.0,,0.0,normalDay
2022-01-28,5583.0,-1251.0,0.0,0,441.95,0.0,1,12.36,24.87,SPY220520P00450000,450.0,0,0.0,0.0,,0.0,normalDay
2022-01-31,5583.0,-837.0,0.0,0,449.91,0.0,1,12.36,20.73,SPY220520P00450000,450.0,0,0.0,0.0,,0.0,normalDay
2022-02-01,5583.0,-543.0,0.0,0,452.95,0.0,1,12.36,17.79,SPY220520P00450000,450.0,0,0.0,0.0,,0.0,normalDay
2022-02-02,5583.0,-486.0,0.0,0,457.35,0.0,1,12.36,17.22,SPY220520P00450000,450.0,0,0.0,0.0,,0.0,normalDay
2022-02-03,5583.0,-804.0,0.0,0,446.6,0.0,1,12.36,20.4,SPY220520P00450000,450.0,0,0.0,0.0,,0.0,normalDay
2022-02-04,5583.0,-858.0,0.0,0,448.7,0.0,1,12.36,20.94,SPY220520P00450000,450.0,0,0.0,0.0,,0.0,normalDay
2022-02-07,5583.0,-798.0,0.0,0,447.26,0.0,1,12.36,20.34,SPY220520P00450000,450.0,0,0.0,0.0,,0.0,normalDay
2022-02-08,5583.0,-564.0,0.0,0,450.94,0.0,1,12.36,18.0,SPY220520P00450000,450.0,0,0.0,0.0,,0.0,normalDay
2022-02-09,5583.0,-289.0,0.0,0,457.54,0.0,1,12.36,15.25,SPY220520P00450000,450.0,0,0.0,0.0,,0.0,normalDay
2022-02-10,5583.0,-729.0,0.0,0,449.32,0.0,1,12.36,19.65,SPY220520P00450000,450.0,0,0.0,0.0,,0.0,normalDay
2022-02-11,5583.0,-1236.0,0.0,0,440.46,0.0,1,12.36,24.72,SPY220520P00450000,450.0,0,0.0,0.0,,0.0,normalDay
2022-02-14,5583.0,-1268.0,0.0,0,439.02,0.0,1,12.36,25.04,SPY220520P00450000,450.0,0,0.0,0.0,,0.0,normalDay
2022-02-15,5583.0,-913.0,0.0,0,446.1,0.0,1,12.36,21.49,SPY220520P00450000,450.0,0,0.0,0.0,,0.0,normalDay
2022-02-16,5583.0,-753.0,0.0,0,446.6,0.0,1,12.36,19.89,SPY220520P00450000,450.0,0,0.0,0.0,,0.0,normalDay
2022-02-17,5583.0,-1364.0,0.0,0,437.06,0.0,1,12.36,26.0,SPY220520P00450000,450.0,0,0.0,0.0,,0.0,normalDay
2022-02-18,5583.0,-1507.0,0.0,0,434.23,0.0,1,12.36,27.43,SPY220520P00450000,450.0,0,0.0,0.0,,0.0,normalDay
2022-02-22,5583.0,-1702.0,0.0,0,429.57,0.0,1,12.36,29.38,SPY220520P00450000,450.0,0,0.0,0.0,,0.0,normalDay
2022-02-23,5583.0,-2329.0,0.0,0,421.95,0.0,1,12.36,35.65,SPY220520P00450000,450.0,0,0.0,0.0,,0.0,normalDay
2022-02-24,5583.0,-1951.0,0.0,0,428.3,0.0,1,12.36,31.87,SPY220520P00450000,450.0,0,0.0,0.0,,0.0,normalDay
2022-02-25,5583.0,-1235.0,0.0,0,437.75,0.0,1,12.36,24.71,SPY220520P00450000,450.0,0,0.0,0.0,,0.0,normalDay
2022-02-28,5583.0,-1343.0,0.0,0,436.63,0.0,1,12.36,25.79,SPY220520P00450000,450.0,0,0.0,0.0,,0.0,normalDay
2022-03-01,5583.0,-1834.0,0.0,0,429.98,0.0,1,12.36,30.7,SPY220520P00450000,450.0,0,0.0,0.0,,0.0,normalDay
2022-03-02,5583.0,-1329.0,0.0,0,437.89,0.0,1,12.36,25.65,SPY220520P00450000,450.0,0,0.0,0.0,,0.0,normalDay
2022-03-03,5583.0,-1418.0,0.0,0,435.71,0.0,1,12.36,26.54,SPY220520P00450000,450.0,0,0.0,0.0,,0.0,normalDay
2022-03-04,5583.0,-1718.0,0.0,0,432.17,0.0,1,12.36,29.54,SPY220520P00450000,450.0,0,0.0,0.0,,0.0,normalDay
2022-03-07,5583.0,-2673.0,0.0,0,419.43,0.0,1,12.36,39.09,SPY220520P00450000,450.0,0,0.0,0.0,,0.0,normalDay
2022-03-08,5583.0,-2876.0,0.0,0,416.25,0.0,1,12.36,41.12,SPY220520P00450000,450.0,0,0.0,0.0,,0.0,normalDay
2022-03-09,5583.0,-1991.0,0.0,0,427.41,0.0,1,12.36,32.27,SPY220520P00450000,450.0,0,0.0,0.0,,0.0,normalDay
2022-03-10,5583.0,-2033.0,0.0,0,425.48,0.0,1,12.36,32.69,SPY220520P00450000,450.0,0,0.0,0.0,,0.0,normalDay
2022-03-11,5583.0,-2392.0,0.0,0,420.07,0.0,1,12.36,36.28,SPY220520P00450000,450.0,0,0.0,0.0,,0.0,normalDay
2022-03-14,5583.0,-2589.0,0.0,0,417.0,0.0,1,12.36,38.25,SPY220520P00450000,450.0,0,0.0,0.0,,0.0,normalDay
2022-03-15,5583.0,-1953.0,0.0,0,426.17,0.0,1,12.36,31.89,SPY220520P00450000,450.0,0,0.0,0.0,,0.0,normalDay
2022-03-16,5583.0,-1195.0,0.0,0,435.62,0.0,1,12.36,24.31,SPY220520P00450000,450.0,0,0.0,0.0,,0.0,normalDay
2022-03-17,5583.0,-843.0,0.0,0,441.07,0.0,1,12.36,20.79,SPY220520P00450000,450.0,0,0.0,0.0,,0.0,normalDay
2022-03-18,5583.0,-450.0,0.0,0,444.52,0.0,1,12.36,16.86,SPY220520P00450000,450.0,0,0.0,0.0,,0.0,normalDay
2022-03-21,5583.0,-407.0,0.0,0,444.39,0.0,1,12.36,16.43,SPY220520P00450000,450.0,0,0.0,0.0,,0.0,normalDay
2022-03-22,5583.0,-146.0,0.0,0,449.59,0.0,1,12.36,13.82,SPY220520P00450000,450.0,0,0.0,0.0,,0.0,normalDay
2022-03-23,5583.0,-435.0,0.0,0,443.8,0.0,1,12.36,16.71,SPY220520P00450000,450.0,0,0.0,0.0,,0.0,normalDay
2022-03-24,5583.0,-68.0,0.0,0,450.49,0.0,1,12.36,13.04,SPY220520P00450000,450.0,0,0.0,0.0,,0.0,normalDay
2022-03-25,5583.0,53.0,0.0,0,452.69,0.0,1,12.36,11.83,SPY220520P00450000,450.0,0,0.0,0.0,,0.0,normalDay
2022-03-28,5583.0,246.0,0.0,0,455.91,0.0,1,12.36,9.9,SPY220520P00450000,450.0,0,0.0,0.0,,0.0,normalDay
2022-03-29,5583.0,429.0,0.0,0,461.55,0.0,1,12.36,8.07,SPY220520P00450000,450.0,0,0.0,0.0,,0.0,normalDay
2022-03-30,5583.0,358.0,0.0,0,458.7,0.0,1,12.36,8.78,SPY220520P00450000,450.0,0,0.0,0.0,,0.0,normalDay
2022-03-31,5583.0,91.0,0.0,0,451.64,0.0,1,12.36,11.45,SPY220520P00450000,450.0,0,0.0,0.0,,0.0,normalDay
2022-04-01,5583.0,202.0,0.0,0,452.92,0.0,1,12.36,10.34,SPY220520P00450000,450.0,0,0.0,0.0,,0.0,normalDay
2022-04-04,5583.0,435.0,0.0,0,456.8,0.0,1,12.36,8.01,SPY220520P00450000,450.0,0,0.0,0.0,,0.0,normalDay
2022-04-05,5583.0,172.0,0.0,0,451.03,0.0,1,12.36,10.64,SPY220520P00450000,450.0,0,0.0,0.0,,0.0,normalDay
2022-04-06,5583.0,-38.0,0.0,0,446.52,0.0,1,12.36,12.74,SPY220520P00450000,450.0,0,0.0,0.0,,0.0,normalDay
2022-04-07,5583.0,74.0,0.0,0,448.77,0.0,1,12.36,11.62,SPY220520P00450000,450.0,0,0.0,0.0,,0.0,normalDay
2022-04-08,5583.0,57.0,0.0,0,447.57,0.0,1,12.36,11.79,SPY220520P00450000,450.0,0,0.0,0.0,,0.0,normalDay
2022-04-11,5583.0,-414.0,0.0,0,439.92,0.0,1,12.36,16.5,SPY220520P00450000,450.0,0,0.0,0.0,,0.0,normalDay
2022-04-12,5583.0,-472.0,0.0,0,438.29,0.0,1,12.36,17.08,SPY220520P00450000,450.0,0,0.0,0.0,,0.0,normalDay
2022-04-13,5583.0,-110.0,0.0,0,443.31,0.0,1,12.36,13.46,SPY220520P00450000,450.0,0,0.0,0.0,,0.0,normalDay
2022-04-14,5583.0,-434.0,0.0,0,437.79,0.0,1,12.36,16.7,SPY220520P00450000,450.0,0,0.0,0.0,,0.0,normalDay
2022-04-18,5583.0,-283.0,0.0,0,437.97,0.0,1,12.36,15.19,SPY220520P00450000,450.0,0,0.0,0.0,,0.0,normalDay
2022-04-19,5583.0,-17.0,0.0,0,445.04,0.0,1,12.36,12.53,SPY220520P00450000,450.0,0,0.0,0.0,,0.0,normalDay
2022-04-20,5583.0,149.0,0.0,0,444.71,0.0,1,12.36,10.87,SPY220520P00450000,450.0,0,0.0,0.0,,0.0,normalDay
2022-04-21,5583.0,-367.0,0.0,0,438.06,0.0,1,12.36,16.03,SPY220520P00450000,450.0,0,0.0,0.0,,0.0,normalDay
2022-04-22,5583.0,-1408.0,0.0,0,426.04,0.0,1,12.36,26.44,SPY220520P00450000,450.0,0,0.0,0.0,,0.0,normalDay
2022-04-25,5583.0,-1070.0,0.0,0,428.51,0.0,1,12.36,23.06,SPY220520P00450000,450.0,0,0.0,0.0,,0.0,normalDay
2022-04-26,5583.0,-2346.0,0.0,0,416.1,0.0,1,12.36,35.82,SPY220520P00450000,450.0,0,0.0,0.0,,0.0,normalDay
2022-04-27,5583.0,-2014.0,0.0,0,417.27,0.0,1,12.36,32.5,SPY220520P00450000,450.0,0,0.0,0.0,,0.0,normalDay
2022-04-28,5583.0,-1320.0,0.0,0,427.81,0.0,1,12.36,25.56,SPY220520P00450000,450.0,0,0.0,0.0,,0.0,normalDay
2022-04-29,5583.0,-2529.0,0.0,0,412.0,0.0,1,12.36,37.65,SPY220520P00450000,450.0,0,0.0,0.0,,0.0,normalDay
2022-05-02,5583.0,-2337.0,0.0,0,414.48,0.0,1,12.36,35.73,SPY220520P00450000,450.0,0,0.0,0.0,,0.0,normalDay
2022-05-03,5583.0,-2092.0,0.0,0,416.38,0.0,1,12.36,33.28,SPY220520P00450000,450.0,0,0.0,0.0,,0.0,normalDay
2022-05-04,5583.0,-989.0,0.0,0,429.06,0.0,1,12.36,22.25,SPY220520P00450000,450.0,0,0.0,0.0,,0.0,normalDay
2022-05-05,5583.0,-2412.0,0.0,0,413.81,0.0,1,12.36,36.48,SPY220520P00450000,450.0,0,0.0,0.0,,0.0,normalDay
2022-05-06,5583.0,-2759.0,0.0,0,411.34,0.0,1,12.36,39.95,SPY220520P00450000,450.0,0,0.0,0.0,,0.0,normalDay
2022-05-09,5583.0,-3857.0,0.0,0,398.17,0.0,1,12.36,50.93,SPY220520P00450000,450.0,0,0.0,0.0,,0.0,normalDay
2022-05-10,5583.0,-3851.0,0.0,0,399.09,0.0,1,12.36,50.87,SPY220520P00450000,450.0,0,0.0,0.0,,0.0,normalDay
2022-05-11,5583.0,-4444.0,0.0,0,392.75,0.0,1,12.36,56.8,SPY220520P00450000,450.0,0,0.0,0.0,,0.0,normalDay
2022-05-12,5583.0,-4547.0,0.0,0,392.34,0.0,1,12.36,57.83,SPY220520P00450000,450.0,0,0.0,0.0,,0.0,normalDay
2022-05-13,5583.0,-3686.0,0.0,0,401.72,0.0,1,12.36,49.22,SPY220520P00450000,450.0,0,0.0,0.0,,0.0,normalDay
2022-05-16,5583.0,-3812.0,0.0,0,400.09,0.0,1,12.36,50.48,SPY220520P00450000,450.0,0,0.0,0.0,,0.0,normalDay
2022-05-17,5583.0,-2953.0,0.0,0,408.32,0.0,1,12.36,41.89,SPY220520P00450000,450.0,0,0.0,0.0,,0.0,normalDay
2022-05-18,5583.0,-4698.0,0.0,0,391.86,0.0,1,12.36,59.34,SPY220520P00450000,450.0,0,0.0,0.0,,0.0,normalDay
2022-05-19,5583.0,-4878.0,0.0,0,389.46,0.0,1,12.36,61.14,SPY220520P00450000,450.0,0,0.0,0.0,,0.0,normalDay
2022-05-20,6819.0,-6037.0,1236.0,100,389.63,450.0,1,12.36,0.0,SPY220520P00450000,450.0,0,0.0,0.0,,0.0,expirationDay
2022-05-23,6819.0,-5415.0,0.0,100,396.92,450.0,0,0.0,0.0,,0.0,1,20.37,21.44,SPY230331C00428000,428.0,normalDay
2022-05-24,6819.0,-5583.0,0.0,100,393.89,450.0,0,0.0,0.0,,0.0,1,20.37,20.09,SPY230331C00428000,428.0,normalDay
2022-05-25,6819.0,-5330.0,0.0,100,397.37,450.0,0,0.0,0.0,,0.0,1,20.37,21.04,SPY230331C00428000,428.0,normalDay
2022-05-26,6819.0,-4887.0,0.0,100,405.31,450.0,0,0.0,0.0,,0.0,1,20.37,24.55,SPY230331C00428000,428.0,normalDay
2022-05-27,6819.0,-4408.0,0.0,100,415.26,450.0,0,0.0,0.0,,0.0,1,20.37,29.71,SPY230331C00428000,428.0,normalDay
2022-05-31,6819.0,-4477.0,0.0,100,412.93,450.0,0,0.0,0.0,,0.0,1,20.37,28.07,SPY230331C00428000,428.0,normalDay
2022-06-01,6819.0,-4620.0,0.0,100,409.59,450.0,0,0.0,0.0,,0.0,1,20.37,26.16,SPY230331C00428000,428.0,normalDay
2022-06-02,6819.0,-4241.0,0.0,100,417.39,450.0,0,0.0,0.0,,0.0,1,20.37,30.17,SPY230331C00428000,428.0,normalDay
2022-06-03,6819.0,-4559.0,0.0,100,410.54,450.0,0,0.0,0.0,,0.0,1,20.37,26.5,SPY230331C00428000,428.0,normalDay
2022-06-06,6819.0,-4507.0,0.0,100,411.79,450.0,0,0.0,0.0,,0.0,1,20.37,27.23,SPY230331C00428000,428.0,normalDay
2022-06-07,6819.0,-4280.0,0.0,100,415.74,450.0,0,0.0,0.0,,0.0,1,20.37,28.91,SPY230331C00428000,428.0,normalDay
2022-06-08,6819.0,-4494.0,0.0,100,411.22,450.0,0,0.0,0.0,,0.0,1,20.37,26.53,SPY230331C00428000,428.0,normalDay
2022-06-09,6819.0,-5040.0,0.0,100,401.44,450.0,0,0.0,0.0,,0.0,1,20.37,22.21,SPY230331C00428000,428.0,normalDay
2022-06-10,6819.0,-5757.0,0.0,100,389.8,450.0,0,0.0,0.0,,0.0,1,20.37,17.74,SPY230331C00428000,428.0,normalDay
2022-06-13,6819.0,-6765.0,0.0,100,375.0,450.0,0,0.0,0.0,,0.0,1,20.37,13.02,SPY230331C00428000,428.0,normalDay
2022-06-14,6819.0,-6741.0,0.0,100,373.87,450.0,0,0.0,0.0,,0.0,1,20.37,11.65,SPY230331C00428000,428.0,normalDay
2022-06-15,6819.0,-6360.0,0.0,100,379.2,450.0,0,0.0,0.0,,0.0,1,20.37,13.17,SPY230331C00428000,428.0,normalDay
2022-06-16,6819.0,-7274.0,0.0,100,366.65,450.0,0,0.0,0.0,,0.0,1,20.37,9.76,SPY230331C00428000,428.0,normalDay
2022-06-17,6819.0,-7349.0,0.0,100,365.86,450.0,0,0.0,0.0,,0.0,1,20.37,9.72,SPY230331C00428000,428.0,normalDay
2022-06-21,6819.0,-6625.0,0.0,100,375.07,450.0,0,0.0,0.0,,0.0,1,20.37,11.69,SPY230331C00428000,428.0,normalDay
2022-06-22,6819.0,-6671.0,0.0,100,374.39,450.0,0,0.0,0.0,,0.0,1,20.37,11.47,SPY230331C00428000,428.0,normalDay
2022-06-23,6819.0,-6378.0,0.0,100,378.06,450.0,0,0.0,0.0,,0.0,1,20.37,12.21,SPY230331C00428000,428.0,normalDay
2022-06-24,6819.0,-5623.0,0.0,100,390.08,450.0,0,0.0,0.0,,0.0,1,20.37,16.68,SPY230331C00428000,428.0,normalDay
2022-06-27,6819.0,-5701.0,0.0,100,388.59,450.0,0,0.0,0.0,,0.0,1,20.37,15.97,SPY230331C00428000,428.0,normalDay
2022-06-28,6819.0,-6184.0,0.0,100,380.65,450.0,0,0.0,0.0,,0.0,1,20.37,12.86,SPY230331C00428000,428.0,normalDay
2022-06-29,6819.0,-6207.0,0.0,100,380.34,450.0,0,0.0,0.0,,0.0,1,20.37,12.78,SPY230331C00428000,428.0,normalDay
2022-06-30,6819.0,-6371.0,0.0,100,377.25,450.0,0,0.0,0.0,,0.0,1,20.37,11.33,SPY230331C00428000,428.0,normalDay
2022-07-01,6819.0,-6086.0,0.0,100,381.24,450.0,0,0.0,0.0,,0.0,1,20.37,12.47,SPY230331C00428000,428.0,normalDay
2022-07-05,6819.0,-6005.0,0.0,100,381.96,450.0,0,0.0,0.0,,0.0,1,20.37,12.38,SPY230331C00428000,428.0,normalDay
2022-07-06,6819.0,-5968.0,0.0,100,383.25,450.0,0,0.0,0.0,,0.0,1,20.37,13.3,SPY230331C00428000,428.0,normalDay
2022-07-07,6819.0,-5564.0,0.0,100,388.99,450.0,0,0.0,0.0,,0.0,1,20.37,15.0,SPY230331C00428000,428.0,normalDay
2022-07-08,6819.0,-5586.0,0.0,100,388.67,450.0,0,0.0,0.0,,0.0,1,20.37,14.9,SPY230331C00428000,428.0,normalDay
2022-07-11,6819.0,-5873.0,0.0,100,384.23,450.0,0,0.0,0.0,,0.0,1,20.37,13.33,SPY230331C00428000,428.0,normalDay
2022-07-12,6819.0,-6081.0,0.0,100,380.83,450.0,0,0.0,0.0,,0.0,1,20.37,12.01,SPY230331C00428000,428.0,normalDay
2022-07-13,6819.0,-6233.0,0.0,100,378.83,450.0,0,0.0,0.0,,0.0,1,20.37,11.53,SPY230331C00428000,428.0,normalDay
2022-07-14,6819.0,-6280.0,0.0,100,377.91,450.0,0,0.0,0.0,,0.0,1,20.37,11.08,SPY230331C00428000,428.0,normalDay
2022-07-15,6819.0,-5726.0,0.0,100,385.13,450.0,0,0.0,0.0,,0.0,1,20.37,12.76,SPY230331C00428000,428.0,normalDay
2022-07-18,6819.0,-5966.0,0.0,100,381.95,450.0,0,0.0,0.0,,0.0,1,20.37,11.98,SPY230331C00428000,428.0,normalDay
2022-07-19,6819.0,-5347.0,0.0,100,392.27,450.0,0,0.0,0.0,,0.0,1,20.37,16.11,SPY230331C00428000,428.0,normalDay
2022-07-20,6819.0,-5185.0,0.0,100,394.77,450.0,0,0.0,0.0,,0.0,1,20.37,16.99,SPY230331C00428000,428.0,normalDay
2022-07-21,6819.0,-4914.0,0.0,100,398.79,450.0,0,0.0,0.0,,0.0,1,20.37,18.3,SPY230331C00428000,428.0,normalDay
2022-07-22,6819.0,-5097.0,0.0,100,395.09,450.0,0,0.0,0.0,,0.0,1,20.37,16.43,SPY230331C00428000,428.0,normalDay
2022-07-25,6819.0,-5072.0,0.0,100,395.57,450.0,0,0.0,0.0,,0.0,1,20.37,16.66,SPY230331C00428000,428.0,normalDay
2022-07-26,6819.0,-5367.0,0.0,100,390.89,450.0,0,0.0,0.0,,0.0,1,20.37,14.93,SPY230331C00428000,428.0,normalDay
2022-07-27,6819.0,-4678.0,0.0,100,401.04,450.0,0,0.0,0.0,,0.0,1,20.37,18.19,SPY230331C00428000,428.0,normalDay
2022-07-28,6819.0,-4453.0,0.0,100,406.07,450.0,0,0.0,0.0,,0.0,1,20.37,20.97,SPY230331C00428000,428.0,normalDay
2022-07-29,6819.0,-4082.0,0.0,100,411.99,450.0,0,0.0,0.0,,0.0,1,20.37,23.18,SPY230331C00428000,428.0,normalDay
2022-08-01,6819.0,-4185.0,0.0,100,410.77,450.0,0,0.0,0.0,,0.0,1,20.37,22.99,SPY230331C00428000,428.0,normalDay
2022-08-02,6819.0,-4349.0,0.0,100,408.06,450.0,0,0.0,0.0,,0.0,1,20.37,21.92,SPY230331C00428000,428.0,normalDay
2022-08-03,6819.0,-3969.0,0.0,100,414.45,450.0,0,0.0,0.0,,0.0,1,20.37,24.51,SPY230331C00428000,428.0,normalDay
2022-08-04,6819.0,-4016.0,0.0,100,414.17,450.0,0,0.0,0.0,,0.0,1,20.37,24.7,SPY230331C00428000,428.0,normalDay
2022-08-05,6819.0,-4011.0,0.0,100,413.47,450.0,0,0.0,0.0,,0.0,1,20.37,23.95,SPY230331C00428000,428.0,normalDay
2022-08-08,6819.0,-4087.0,0.0,100,412.99,450.0,0,0.0,0.0,,0.0,1,20.37,24.23,SPY230331C00428000,428.0,normalDay
2022-08-09,6819.0,-4160.0,0.0,100,411.35,450.0,0,0.0,0.0,,0.0,1,20.37,23.32,SPY230331C00428000,428.0,normalDay
2022-08-10,6819.0,-3675.0,0.0,100,419.99,450.0,0,0.0,0.0,,0.0,1,20.37,27.11,SPY230331C00428000,428.0,normalDay
2022-08-11,6819.0,-3731.0,0.0,100,419.99,450.0,0,0.0,0.0,,0.0,1,20.37,27.67,SPY230331C00428000,428.0,normalDay
2022-08-12,6819.0,-3354.0,0.0,100,427.1,450.0,0,0.0,0.0,,0.0,1,20.37,31.01,SPY230331C00428000,428.0,normalDay
2022-08-15,6819.0,-3286.0,0.0,100,428.86,450.0,0,0.0,0.0,,0.0,1,20.37,32.09,SPY230331C00428000,428.0,normalDay
2022-08-16,6819.0,-3247.0,0.0,100,429.7,450.0,0,0.0,0.0,,0.0,1,20.37,32.54,SPY230331C00428000,428.0,normalDay
2022-08-17,6819.0,-3428.0,0.0,100,426.65,450.0,0,0.0,0.0,,0.0,1,20.37,31.3,SPY230331C00428000,428.0,normalDay
2022-08-18,6819.0,-3311.0,0.0,100,427.89,450.0,0,0.0,0.0,,0.0,1,20.37,31.37,SPY230331C00428000,428.0,normalDay
2022-08-19,6819.0,-3547.0,0.0,100,422.14,450.0,0,0.0,0.0,,0.0,1,20.37,27.98,SPY230331C00428000,428.0,normalDay
2022-08-22,6819.0,-4001.0,0.0,100,413.35,450.0,0,0.0,0.0,,0.0,1,20.37,23.73,SPY230331C00428000,428.0,normalDay
2022-08-23,6819.0,-3999.0,0.0,100,412.35,450.0,0,0.0,0.0,,0.0,1,20.37,22.71,SPY230331C00428000,428.0,normalDay
2022-08-24,6819.0,-3911.0,0.0,100,413.67,450.0,0,0.0,0.0,,0.0,1,20.37,23.15,SPY230331C00428000,428.0,normalDay
2022-08-25,6819.0,-3603.0,0.0,100,419.51,450.0,0,0.0,0.0,,0.0,1,20.37,25.91,SPY230331C00428000,428.0,normalDay
2022-08-26,6819.0,-4341.0,0.0,100,405.31,450.0,0,0.0,0.0,,0.0,1,20.37,19.09,SPY230331C00428000,428.0,normalDay
2022-08-29,6819.0,-4486.0,0.0,100,402.63,450.0,0,0.0,0.0,,0.0,1,20.37,17.86,SPY230331C00428000,428.0,normalDay
2022-08-30,6819.0,-4723.0,0.0,100,398.21,450.0,0,0.0,0.0,,0.0,1,20.37,15.81,SPY230331C00428000,428.0,normalDay
2022-08-31,6819.0,-4882.0,0.0,100,395.18,450.0,0,0.0,0.0,,0.0,1,20.37,14.37,SPY230331C00428000,428.0,normalDay
2022-09-01,6819.0,-4776.0,0.0,100,396.42,450.0,0,0.0,0.0,,0.0,1,20.37,14.55,SPY230331C00428000,428.0,normalDay
2022-09-02,6819.0,-5034.0,0.0,100,392.24,450.0,0,0.0,0.0,,0.0,1,20.37,12.95,SPY230331C00428000,428.0,normalDay
2022-09-06,6819.0,-5109.0,0.0,100,390.76,450.0,0,0.0,0.0,,0.0,1,20.37,12.22,SPY230331C00428000,428.0,normalDay
2022-09-07,6819.0,-4647.0,0.0,100,397.78,450.0,0,0.0,0.0,,0.0,1,20.37,14.62,SPY230331C00428000,428.0,normalDay
2022-09-08,6819.0,-4478.0,0.0,100,400.38,450.0,0,0.0,0.0,,0.0,1,20.37,15.53,SPY230331C00428000,428.0,normalDay
2022-09-09,6819.0,-4104.0,0.0,100,406.6,450.0,0,0.0,0.0,,0.0,1,20.37,18.01,SPY230331C00428000,428.0,normalDay
2022-09-12,6819.0,-3904.0,0.0,100,410.97,450.0,0,0.0,0.0,,0.0,1,20.37,20.38,SPY230331C00428000,428.0,normalDay
2022-09-13,6819.0,-5011.0,0.0,100,393.1,450.0,0,0.0,0.0,,0.0,1,20.37,13.58,SPY230331C00428000,428.0,normalDay
2022-09-14,6819.0,-4858.0,0.0,100,394.6,450.0,0,0.0,0.0,,0.0,1,20.37,13.55,SPY230331C00428000,428.0,normalDay
2022-09-15,6819.0,-5165.0,0.0,100,390.12,450.0,0,0.0,0.0,,0.0,1,20.37,12.14,SPY230331C00428000,428.0,normalDay
2022-09-16,6819.0,-5497.0,0.0,100,385.56,450.0,0,0.0,0.0,,0.0,1,20.37,10.9,SPY230331C00428000,428.0,normalDay
2022-09-19,6819.0,-5267.0,0.0,100,388.55,450.0,0,0.0,0.0,,0.0,1,20.37,11.59,SPY230331C00428000,428.0,normalDay
2022-09-20,6819.0,-5591.0,0.0,100,384.09,450.0,0,0.0,0.0,,0.0,1,20.37,10.37,SPY230331C00428000,428.0,normalDay
2022-09-21,6819.0,-6052.0,0.0,100,377.39,450.0,0,0.0,0.0,,0.0,1,20.37,8.28,SPY230331C00428000,428.0,normalDay
2022-09-22,6819.0,-6266.0,0.0,100,374.22,450.0,0,0.0,0.0,,0.0,1,20.37,7.25,SPY230331C00428000,428.0,normalDay
2022-09-23,6819.0,-6772.0,0.0,100,367.95,450.0,0,0.0,0.0,,0.0,1,20.37,6.04,SPY230331C00428000,428.0,normalDay
2022-09-26,6819.0,-7078.0,0.0,100,364.31,450.0,0,0.0,0.0,,0.0,1,20.37,5.46,SPY230331C00428000,428.0,normalDay
2022-09-27,6819.0,-7142.0,0.0,100,363.38,450.0,0,0.0,0.0,,0.0,1,20.37,5.17,SPY230331C00428000,428.0,normalDay
2022-09-28,6819.0,-6549.0,0.0,100,370.53,450.0,0,0.0,0.0,,0.0,1,20.37,6.39,SPY230331C00428000,428.0,normalDay
2022-09-29,6819.0,-7162.0,0.0,100,362.79,450.0,0,0.0,0.0,,0.0,1,20.37,4.78,SPY230331C00428000,428.0,normalDay
2022-09-30,6819.0,-7624.0,0.0,100,357.18,450.0,0,0.0,0.0,,0.0,1,20.37,3.79,SPY230331C00428000,428.0,normalDay
2022-10-03,6819.0,-6815.0,0.0,100,366.61,450.0,0,0.0,0.0,,0.0,1,20.37,5.13,SPY230331C00428000,428.0,normalDay
2022-10-04,6819.0,-5934.0,0.0,100,377.97,450.0,0,0.0,0.0,,0.0,1,20.37,7.68,SPY230331C00428000,428.0,normalDay
2022-10-05,6819.0,-6010.0,0.0,100,377.09,450.0,0,0.0,0.0,,0.0,1,20.37,7.56,SPY230331C00428000,428.0,normalDay
2022-10-06,6819.0,-6313.0,0.0,100,373.2,450.0,0,0.0,0.0,,0.0,1,20.37,6.7,SPY230331C00428000,428.0,normalDay
2022-10-07,6819.0,-7127.0,0.0,100,362.79,450.0,0,0.0,0.0,,0.0,1,20.37,4.43,SPY230331C00428000,428.0,normalDay
2022-10-10,6819.0,-7396.0,0.0,100,360.02,450.0,0,0.0,0.0,,0.0,1,20.37,4.35,SPY230331C00428000,428.0,normalDay
2022-10-11,6819.0,-7606.0,0.0,100,357.74,450.0,0,0.0,0.0,,0.0,1,20.37,4.17,SPY230331C00428000,428.0,normalDay
2022-10-12,6819.0,-7711.0,0.0,100,356.56,450.0,0,0.0,0.0,,0.0,1,20.37,4.04,SPY230331C00428000,428.0,normalDay
2022-10-13,6819.0,-6937.0,0.0,100,365.97,450.0,0,0.0,0.0,,0.0,1,20.37,5.71,SPY230331C00428000,428.0,normalDay
2022-10-14,6819.0,-7613.0,0.0,100,357.63,450.0,0,0.0,0.0,,0.0,1,20.37,4.13,SPY230331C00428000,428.0,normalDay
2022-10-17,6819.0,-6867.0,0.0,100,366.82,450.0,0,0.0,0.0,,0.0,1,20.37,5.86,SPY230331C00428000,428.0,normalDay
2022-10-18,6819.0,-6533.0,0.0,100,371.13,450.0,0,0.0,0.0,,0.0,1,20.37,6.83,SPY230331C00428000,428.0,normalDay
2022-10-19,6819.0,-6707.0,0.0,100,368.5,450.0,0,0.0,0.0,,0.0,1,20.37,5.94,SPY230331C00428000,428.0,normalDay
2022-10-20,6819.0,-6944.0,0.0,100,365.41,450.0,0,0.0,0.0,,0.0,1,20.37,5.22,SPY230331C00428000,428.0,normalDay
2022-10-21,6819.0,-6268.0,0.0,100,374.29,450.0,0,0.0,0.0,,0.0,1,20.37,7.34,SPY230331C00428000,428.0,normalDay
2022-10-24,6819.0,-5919.0,0.0,100,378.87,450.0,0,0.0,0.0,,0.0,1,20.37,8.43,SPY230331C00428000,428.0,normalDay
2022-10-25,6819.0,-5403.0,0.0,100,384.92,450.0,0,0.0,0.0,,0.0,1,20.37,9.32,SPY230331C00428000,428.0,normalDay
2022-10-26,6819.0,-5633.0,0.0,100,382.02,450.0,0,0.0,0.0,,0.0,1,20.37,8.72,SPY230331C00428000,428.0,normalDay
2022-10-27,6819.0,-5645.0,0.0,100,379.98,450.0,0,0.0,0.0,,0.0,1,20.37,6.8,SPY230331C00428000,428.0,normalDay
2022-10-28,6819.0,-5050.0,0.0,100,389.02,450.0,0,0.0,0.0,,0.0,1,20.37,9.89,SPY230331C00428000,428.0,normalDay
2022-10-31,6819.0,-5206.0,0.0,100,386.21,450.0,0,0.0,0.0,,0.0,1,20.37,8.64,SPY230331C00428000,428.0,normalDay
2022-11-01,6819.0,-5297.0,0.0,100,384.52,450.0,0,0.0,0.0,,0.0,1,20.37,7.86,SPY230331C00428000,428.0,normalDay
2022-11-02,6819.0,-6040.0,0.0,100,374.87,450.0,0,0.0,0.0,,0.0,1,20.37,5.64,SPY230331C00428000,428.0,normalDay
2022-11-03,6819.0,-6316.0,0.0,100,371.01,450.0,0,0.0,0.0,,0.0,1,20.37,4.54,SPY230331C00428000,428.0,normalDay
2022-11-04,6819.0,-5872.0,0.0,100,376.35,450.0,0,0.0,0.0,,0.0,1,20.37,5.44,SPY230331C00428000,428.0,normalDay
2022-11-07,6819.0,-5576.0,0.0,100,379.95,450.0,0,0.0,0.0,,0.0,1,20.37,6.08,SPY230331C00428000,428.0,normalDay
2022-11-08,6819.0,-5427.0,0.0,100,382.0,450.0,0,0.0,0.0,,0.0,1,20.37,6.64,SPY230331C00428000,428.0,normalDay
2022-11-09,6819.0,-6050.0,0.0,100,374.13,450.0,0,0.0,0.0,,0.0,1,20.37,5.0,SPY230331C00428000,428.0,normalDay
2022-11-10,6819.0,-4524.0,0.0,100,394.69,450.0,0,0.0,0.0,,0.0,1,20.37,10.3,SPY230331C00428000,428.0,normalDay
2022-11-11,6819.0,-4192.0,0.0,100,398.51,450.0,0,0.0,0.0,,0.0,1,20.37,10.8,SPY230331C00428000,428.0,normalDay
2022-11-14,6819.0,-4410.0,0.0,100,395.12,450.0,0,0.0,0.0,,0.0,1,20.37,9.59,SPY230331C00428000,428.0,normalDay
2022-11-15,6819.0,-4167.0,0.0,100,398.49,450.0,0,0.0,0.0,,0.0,1,20.37,10.53,SPY230331C00428000,428.0,normalDay
2022-11-16,6819.0,-4339.0,0.0,100,395.45,450.0,0,0.0,0.0,,0.0,1,20.37,9.21,SPY230331C00428000,428.0,normalDay
2022-11-17,6819.0,-4406.0,0.0,100,394.24,450.0,0,0.0,0.0,,0.0,1,20.37,8.67,SPY230331C00428000,428.0,normalDay
2022-11-18,6819.0,-4244.0,0.0,100,396.03,450.0,0,0.0,0.0,,0.0,1,20.37,8.84,SPY230331C00428000,428.0,normalDay
2022-11-21,6819.0,-4300.0,0.0,100,394.59,450.0,0,0.0,0.0,,0.0,1,20.37,7.96,SPY230331C00428000,428.0,normalDay
2022-11-22,6819.0,-3893.0,0.0,100,399.9,450.0,0,0.0,0.0,,0.0,1,20.37,9.2,SPY230331C00428000,428.0,normalDay
2022-11-23,6819.0,-3687.0,0.0,100,402.42,450.0,0,0.0,0.0,,0.0,1,20.37,9.66,SPY230331C00428000,428.0,normalDay
2022-11-25,6819.0,-3687.0,0.0,100,402.33,450.0,0,0.0,0.0,,0.0,1,20.37,9.57,SPY230331C00428000,428.0,normalDay
2022-11-28,6819.0,-4128.0,0.0,100,395.91,450.0,0,0.0,0.0,,0.0,1,20.37,7.56,SPY230331C00428000,428.0,normalDay
2022-11-29,6819.0,-4153.0,0.0,100,395.23,450.0,0,0.0,0.0,,0.0,1,20.37,7.13,SPY230331C00428000,428.0,normalDay
2022-11-30,6819.0,-3331.0,0.0,100,407.68,450.0,0,0.0,0.0,,0.0,1,20.37,11.36,SPY230331C00428000,428.0,normalDay
2022-12-01,6819.0,-3295.0,0.0,100,407.38,450.0,0,0.0,0.0,,0.0,1,20.37,10.7,SPY230331C00428000,428.0,normalDay
2022-12-02,6819.0,-3275.0,0.0,100,406.91,450.0,0,0.0,0.0,,0.0,1,20.37,10.03,SPY230331C00428000,428.0,normalDay
2022-12-05,6819.0,-3756.0,0.0,100,399.59,450.0,0,0.0,0.0,,0.0,1,20.37,7.52,SPY230331C00428000,428.0,normalDay
2022-12-06,6819.0,-4185.0,0.0,100,393.83,450.0,0,0.0,0.0,,0.0,1,20.37,6.05,SPY230331C00428000,428.0,normalDay
2022-12-07,6819.0,-4240.0,0.0,100,393.16,450.0,0,0.0,0.0,,0.0,1,20.37,5.93,SPY230331C00428000,428.0,normalDay
2022-12-08,6819.0,-3990.0,0.0,100,396.24,450.0,0,0.0,0.0,,0.0,1,20.37,6.51,SPY230331C00428000,428.0,normalDay
2022-12-09,6819.0,-4218.0,0.0,100,393.28,450.0,0,0.0,0.0,,0.0,1,20.37,5.83,SPY230331C00428000,428.0,normalDay
2022-12-12,6819.0,-3823.0,0.0,100,398.95,450.0,0,0.0,0.0,,0.0,1,20.37,7.55,SPY230331C00428000,428.0,normalDay
2022-12-13,6819.0,-3567.0,0.0,100,401.97,450.0,0,0.0,0.0,,0.0,1,20.37,8.01,SPY230331C00428000,428.0,normalDay
2022-12-14,6819.0,-3736.0,0.0,100,399.4,450.0,0,0.0,0.0,,0.0,1,20.37,7.13,SPY230331C00428000,428.0,normalDay
2022-12-15,6819.0,-4430.0,0.0,100,389.63,450.0,0,0.0,0.0,,0.0,1,20.37,4.3,SPY230331C00428000,428.0,normalDay
2022-12-16,6819.0,-4962.0,0.0,100,383.27,450.0,0,0.0,0.0,,0.0,1,20.37,3.26,SPY230331C00428000,428.0,normalDay
2022-12-19,6819.0,-5219.0,0.0,100,380.02,450.0,0,0.0,0.0,,0.0,1,20.37,2.58,SPY230331C00428000,428.0,normalDay
2022-12-20,6819.0,-5160.0,0.0,100,380.54,450.0,0,0.0,0.0,,0.0,1,20.37,2.51,SPY230331C00428000,428.0,normalDay
2022-12-21,6819.0,-4647.0,0.0,100,386.23,450.0,0,0.0,0.0,,0.0,1,20.37,3.07,SPY230331C00428000,428.0,normalDay
2022-12-22,6819.0,-5141.0,0.0,100,380.72,450.0,0,0.0,0.0,,0.0,1,20.37,2.5,SPY230331C00428000,428.0,normalDay
2022-12-23,6819.0,-4925.0,0.0,100,382.91,450.0,0,0.0,0.0,,0.0,1,20.37,2.53,SPY230331C00428000,428.0,normalDay
2022-12-27,6819.0,-5054.0,0.0,100,381.4,450.0,0,0.0,0.0,,0.0,1,20.37,2.31,SPY230331C00428000,428.0,normalDay
2022-12-28,6819.0,-5467.0,0.0,100,376.66,450.0,0,0.0,0.0,,0.0,1,20.37,1.7,SPY230331C00428000,428.0,normalDay
2022-12-29,6819.0,-4856.0,0.0,100,383.44,450.0,0,0.0,0.0,,0.0,1,20.37,2.37,SPY230331C00428000,428.0,normalDay
2022-12-30,6819.0,-4949.0,0.0,100,382.43,450.0,0,0.0,0.0,,0.0,1,20.37,2.29,SPY230331C00428000,428.0,normalDay
2023-01-03,6819.0,-5066.0,0.0,100,380.82,450.0,0,0.0,0.0,,0.0,1,20.37,1.85,SPY230331C00428000,428.0,normalDay
2023-01-04,6819.0,-4790.0,0.0,100,383.76,450.0,0,0.0,0.0,,0.0,1,20.37,2.03,SPY230331C00428000,428.0,normalDay
2023-01-05,6819.0,-5170.0,0.0,100,379.38,450.0,0,0.0,0.0,,0.0,1,20.37,1.45,SPY230331C00428000,428.0,normalDay
2023-01-06,6819.0,-4384.0,0.0,100,388.08,450.0,0,0.0,0.0,,0.0,1,20.37,2.29,SPY230331C00428000,428.0,normalDay
2023-01-09,6819.0,-4397.0,0.0,100,387.86,450.0,0,0.0,0.0,,0.0,1,20.37,2.2,SPY230331C00428000,428.0,normalDay
2023-01-10,6819.0,-4133.0,0.0,100,390.58,450.0,0,0.0,0.0,,0.0,1,20.37,2.28,SPY230331C00428000,428.0,normalDay
2023-01-11,6819.0,-3733.0,0.0,100,395.52,450.0,0,0.0,0.0,,0.0,1,20.37,3.22,SPY230331C00428000,428.0,normalDay
2023-01-12,6819.0,-3556.0,0.0,100,396.96,450.0,0,0.0,0.0,,0.0,1,20.37,2.89,SPY230331C00428000,428.0,normalDay
2023-01-13,6819.0,-3379.0,0.0,100,398.5,450.0,0,0.0,0.0,,0.0,1,20.37,2.66,SPY230331C00428000,428.0,normalDay
2023-01-17,6819.0,-3424.0,0.0,100,397.77,450.0,0,0.0,0.0,,0.0,1,20.37,2.38,SPY230331C00428000,428.0,normalDay
2023-01-18,6819.0,-3968.0,0.0,100,391.49,450.0,0,0.0,0.0,,0.0,1,20.37,1.54,SPY230331C00428000,428.0,normalDay
2023-01-19,6819.0,-4211.0,0.0,100,388.64,450.0,0,0.0,0.0,,0.0,1,20.37,1.12,SPY230331C00428000,428.0,normalDay
2023-01-20,6819.0,-3557.0,0.0,100,395.88,450.0,0,0.0,0.0,,0.0,1,20.37,1.82,SPY230331C00428000,428.0,normalDay
2023-01-23,6819.0,-3158.0,0.0,100,400.63,450.0,0,0.0,0.0,,0.0,1,20.37,2.58,SPY230331C00428000,428.0,normalDay
2023-01-24,6819.0,-3195.0,0.0,100,400.2,450.0,0,0.0,0.0,,0.0,1,20.37,2.52,SPY230331C00428000,428.0,normalDay
2023-01-25,6819.0,-3156.0,0.0,100,400.35,450.0,0,0.0,0.0,,0.0,1,20.37,2.28,SPY230331C00428000,428.0,normalDay
2023-01-26,6819.0,-2787.0,0.0,100,404.75,450.0,0,0.0,0.0,,0.0,1,20.37,2.99,SPY230331C00428000,428.0,normalDay
2023-01-27,6819.0,-2705.0,0.0,100,405.68,450.0,0,0.0,0.0,,0.0,1,20.37,3.1,SPY230331C00428000,428.0,normalDay
2023-01-30,6819.0,-3135.0,0.0,100,400.59,450.0,0,0.0,0.0,,0.0,1,20.37,2.31,SPY230331C00428000,428.0,normalDay
2023-01-31,6819.0,-2626.0,0.0,100,406.48,450.0,0,0.0,0.0,,0.0,1,20.37,3.11,SPY230331C00428000,428.0,normalDay
2023-02-01,6819.0,-2310.0,0.0,100,410.8,450.0,0,0.0,0.0,,0.0,1,20.37,4.27,SPY230331C00428000,428.0,normalDay
2023-02-02,6819.0,-1892.0,0.0,100,416.78,450.0,0,0.0,0.0,,0.0,1,20.37,6.07,SPY230331C00428000,428.0,normalDay
2023-02-03,6819.0,-2185.0,0.0,100,412.35,450.0,0,0.0,0.0,,0.0,1,20.37,4.57,SPY230331C00428000,428.0,normalDay
2023-02-06,6819.0,-2367.0,0.0,100,409.83,450.0,0,0.0,0.0,,0.0,1,20.37,3.87,SPY230331C00428000,428.0,normalDay
2023-02-07,6819.0,-1953.0,0.0,100,415.19,450.0,0,0.0,0.0,,0.0,1,20.37,5.09,SPY230331C00428000,428.0,normalDay
2023-02-08,6819.0,-2309.0,0.0,100,410.65,450.0,0,0.0,0.0,,0.0,1,20.37,4.11,SPY230331C00428000,428.0,normalDay
2023-02-09,6819.0,-2583.0,0.0,100,407.09,450.0,0,0.0,0.0,,0.0,1,20.37,3.29,SPY230331C00428000,428.0,normalDay
2023-02-10,6819.0,-2495.0,0.0,100,408.04,450.0,0,0.0,0.0,,0.0,1,20.37,3.36,SPY230331C00428000,428.0,normalDay
2023-02-13,6819.0,-2129.0,0.0,100,412.83,450.0,0,0.0,0.0,,0.0,1,20.37,4.49,SPY230331C00428000,428.0,normalDay
2023-02-14,6819.0,-2055.0,0.0,100,412.64,450.0,0,0.0,0.0,,0.0,1,20.37,3.56,SPY230331C00428000,428.0,normalDay
2023-02-15,6819.0,-1945.0,0.0,100,413.98,450.0,0,0.0,0.0,,0.0,1,20.37,3.8,SPY230331C00428000,428.0,normalDay
2023-02-16,6819.0,-2368.0,0.0,100,408.28,450.0,0,0.0,0.0,,0.0,1,20.37,2.33,SPY230331C00428000,428.0,normalDay
2023-02-17,6819.0,-2433.0,0.0,100,407.26,450.0,0,0.0,0.0,,0.0,1,20.37,1.96,SPY230331C00428000,428.0,normalDay
2023-02-21,6819.0,-3145.0,0.0,100,399.09,450.0,0,0.0,0.0,,0.0,1,20.37,0.91,SPY230331C00428000,428.0,normalDay
2023-02-22,6819.0,-3176.0,0.0,100,398.54,450.0,0,0.0,0.0,,0.0,1,20.37,0.67,SPY230331C00428000,428.0,normalDay
2023-02-23,6819.0,-2968.0,0.0,100,400.66,450.0,0,0.0,0.0,,0.0,1,20.37,0.71,SPY230331C00428000,428.0,normalDay
2023-02-24,6819.0,-3370.0,0.0,100,396.38,450.0,0,0.0,0.0,,0.0,1,20.37,0.45,SPY230331C00428000,428.0,normalDay
2023-02-27,6819.0,-3232.0,0.0,100,397.73,450.0,0,0.0,0.0,,0.0,1,20.37,0.42,SPY230331C00428000,428.0,normalDay
2023-02-28,6819.0,-3366.0,0.0,100,396.26,450.0,0,0.0,0.0,,0.0,1,20.37,0.29,SPY230331C00428000,428.0,normalDay
2023-03-01,6819.0,-3512.0,0.0,100,394.74,450.0,0,0.0,0.0,,0.0,1,20.37,0.23,SPY230331C00428000,428.0,normalDay
2023-03-02,6819.0,-3211.0,0.0,100,397.81,450.0,0,0.0,0.0,,0.0,1,20.37,0.29,SPY230331C00428000,428.0,normalDay
2023-03-03,6819.0,-2606.0,0.0,100,404.19,450.0,0,0.0,0.0,,0.0,1,20.37,0.62,SPY230331C00428000,428.0,normalDay
2023-03-06,6819.0,-2574.0,0.0,100,404.47,450.0,0,0.0,0.0,,0.0,1,20.37,0.58,SPY230331C00428000,428.0,normalDay
2023-03-07,6819.0,-3162.0,0.0,100,398.27,450.0,0,0.0,0.0,,0.0,1,20.37,0.26,SPY230331C00428000,428.0,normalDay
2023-03-08,6819.0,-3094.0,0.0,100,398.92,450.0,0,0.0,0.0,,0.0,1,20.37,0.23,SPY230331C00428000,428.0,normalDay
2023-03-09,6819.0,-3820.0,0.0,100,391.56,450.0,0,0.0,0.0,,0.0,1,20.37,0.13,SPY230331C00428000,428.0,normalDay
2023-03-10,6819.0,-4378.0,0.0,100,385.91,450.0,0,0.0,0.0,,0.0,1,20.37,0.06,SPY230331C00428000,428.0,normalDay
2023-03-13,6819.0,-4434.0,0.0,100,385.36,450.0,0,0.0,0.0,,0.0,1,20.37,0.07,SPY230331C00428000,428.0,normalDay
2023-03-14,6819.0,-3795.0,0.0,100,391.73,450.0,0,0.0,0.0,,0.0,1,20.37,0.05,SPY230331C00428000,428.0,normalDay
2023-03-15,6819.0,-4039.0,0.0,100,389.28,450.0,0,0.0,0.0,,0.0,1,20.37,0.04,SPY230331C00428000,428.0,normalDay
2023-03-16,6819.0,-3360.0,0.0,100,396.11,450.0,0,0.0,0.0,,0.0,1,20.37,0.08,SPY230331C00428000,428.0,normalDay
2023-03-17,6819.0,-3968.0,0.0,100,389.99,450.0,0,0.0,0.0,,0.0,1,20.37,0.04,SPY230331C00428000,428.0,normalDay
2023-03-20,6819.0,-3593.0,0.0,100,393.74,450.0,0,0.0,0.0,,0.0,1,20.37,0.04,SPY230331C00428000,428.0,normalDay
2023-03-21,6819.0,-3079.0,0.0,100,398.91,450.0,0,0.0,0.0,,0.0,1,20.37,0.07,SPY230331C00428000,428.0,normalDay
2023-03-22,6819.0,-3754.0,0.0,100,392.11,450.0,0,0.0,0.0,,0.0,1,20.37,0.02,SPY230331C00428000,428.0,normalDay
2023-03-23,6819.0,-3648.0,0.0,100,393.17,450.0,0,0.0,0.0,,0.0,1,20.37,0.02,SPY230331C00428000,428.0,normalDay
2023-03-24,6819.0,-3389.0,0.0,100,395.75,450.0,0,0.0,0.0,,0.0,1,20.37,0.01,SPY230331C00428000,428.0,normalDay
2023-03-27,6819.0,-3315.0,0.0,100,396.49,450.0,0,0.0,0.0,,0.0,1,20.37,0.01,SPY230331C00428000,428.0,normalDay
2023-03-28,6819.0,-3404.0,0.0,100,395.6,450.0,0,0.0,0.0,,0.0,1,20.37,0.01,SPY230331C00428000,428.0,normalDay
2023-03-29,6819.0,-2829.0,0.0,100,401.35,450.0,0,0.0,0.0,,0.0,1,20.37,0.01,SPY230331C00428000,428.0,normalDay
2023-03-30,6819.0,-2594.0,0.0,100,403.7,450.0,0,0.0,0.0,,0.0,1,20.37,0.01,SPY230331C00428000,428.0,normalDay
2023-03-31,8856.0,-4061.0,2037.0,100,409.39,450.0,0,0.0,0.0,,0.0,1,20.37,0.0,SPY230331C00428000,428.0,expirationDay
2023-04-03,8856.0,-4401.0,0.0,100,410.95,450.0,0,0.0,0.0,,0.0,1,36.52,41.48,SPY240328C00410000,410.0,normalDay
2023-04-04,8856.0,-4469.0,0.0,100,408.67,450.0,0,0.0,0.0,,0.0,1,36.52,39.88,SPY240328C00410000,410.0,normalDay
2023-04-05,8856.0,-4488.0,0.0,100,407.6,450.0,0,0.0,0.0,,0.0,1,36.52,39.0,SPY240328C00410000,410.0,normalDay
2023-04-06,8856.0,-4369.0,0.0,100,409.19,450.0,0,0.0,0.0,,0.0,1,36.52,39.4,SPY240328C00410000,410.0,normalDay
2023-04-10,8856.0,-4378.0,0.0,100,409.61,450.0,0,0.0,0.0,,0.0,1,36.52,39.91,SPY240328C00410000,410.0,normalDay
2023-04-11,8856.0,-4376.0,0.0,100,409.72,450.0,0,0.0,0.0,,0.0,1,36.52,40.0,SPY240328C00410000,410.0,normalDay
2023-04-12,8856.0,-4289.0,0.0,100,408.05,450.0,0,0.0,0.0,,0.0,1,36.52,37.46,SPY240328C00410000,410.0,normalDay
2023-04-13,8856.0,-4184.0,0.0,100,413.47,450.0,0,0.0,0.0,,0.0,1,36.52,41.83,SPY240328C00410000,410.0,normalDay
2023-04-14,8856.0,-4252.0,0.0,100,412.46,450.0,0,0.0,0.0,,0.0,1,36.52,41.5,SPY240328C00410000,410.0,normalDay
2023-04-17,8856.0,-4153.0,0.0,100,413.94,450.0,0,0.0,0.0,,0.0,1,36.52,41.99,SPY240328C00410000,410.0,normalDay
2023-04-18,8856.0,-4122.0,0.0,100,414.21,450.0,0,0.0,0.0,,0.0,1,36.52,41.95,SPY240328C00410000,410.0,normalDay
2023-04-19,8856.0,-4134.0,0.0,100,414.14,450.0,0,0.0,0.0,,0.0,1,36.52,42.0,SPY240328C00410000,410.0,normalDay
2023-04-20,8856.0,-4260.0,0.0,100,411.88,450.0,0,0.0,0.0,,0.0,1,36.52,41.0,SPY240328C00410000,410.0,normalDay
2023-04-21,8856.0,-4228.0,0.0,100,412.2,450.0,0,0.0,0.0,,0.0,1,36.52,41.0,SPY240328C00410000,410.0,normalDay
2023-04-24,8856.0,-3992.0,0.0,100,412.63,450.0,0,0.0,0.0,,0.0,1,36.52,39.07,SPY240328C00410000,410.0,normalDay
2023-04-25,8856.0,-4426.0,0.0,100,406.08,450.0,0,0.0,0.0,,0.0,1,36.52,36.86,SPY240328C00410000,410.0,normalDay
2023-04-26,8856.0,-4365.0,0.0,100,404.36,450.0,0,0.0,0.0,,0.0,1,36.52,34.53,SPY240328C00410000,410.0,normalDay
2023-04-27,8856.0,-4114.0,0.0,100,412.41,450.0,0,0.0,0.0,,0.0,1,36.52,40.07,SPY240328C00410000,410.0,normalDay
2023-04-28,8856.0,-3852.0,0.0,100,415.93,450.0,0,0.0,0.0,,0.0,1,36.52,40.97,SPY240328C00410000,410.0,normalDay
2023-05-01,8856.0,-3870.0,0.0,100,415.51,450.0,0,0.0,0.0,,0.0,1,36.52,40.73,SPY240328C00410000,410.0,normalDay
2023-05-02,8856.0,-4020.0,0.0,100,410.84,450.0,0,0.0,0.0,,0.0,1,36.52,37.56,SPY240328C00410000,410.0,normalDay
2023-05-03,8856.0,-4172.0,0.0,100,408.02,450.0,0,0.0,0.0,,0.0,1,36.52,36.26,SPY240328C00410000,410.0,normalDay
2023-05-04,8856.0,-4222.0,0.0,100,405.13,450.0,0,0.0,0.0,,0.0,1,36.52,33.87,SPY240328C00410000,410.0,normalDay
2023-05-05,8856.0,-3898.0,0.0,100,412.63,450.0,0,0.0,0.0,,0.0,1,36.52,38.13,SPY240328C00410000,410.0,normalDay
2023-05-08,8856.0,-3879.0,0.0,100,412.74,450.0,0,0.0,0.0,,0.0,1,36.52,38.05,SPY240328C00410000,410.0,normalDay
2023-05-09,8856.0,-3973.0,0.0,100,410.93,450.0,0,0.0,0.0,,0.0,1,36.52,37.18,SPY240328C00410000,410.0,normalDay
2023-05-10,8856.0,-3868.0,0.0,100,412.85,450.0,0,0.0,0.0,,0.0,1,36.52,38.05,SPY240328C00410000,410.0,normalDay
2023-05-11,8856.0,-3833.0,0.0,100,412.13,450.0,0,0.0,0.0,,0.0,1,36.52,36.98,SPY240328C00410000,410.0,normalDay
2023-05-12,8856.0,-3839.0,0.0,100,411.59,450.0,0,0.0,0.0,,0.0,1,36.52,36.5,SPY240328C00410000,410.0,normalDay
2023-05-15,8856.0,-3768.0,0.0,100,413.01,450.0,0,0.0,0.0,,0.0,1,36.52,37.21,SPY240328C00410000,410.0,normalDay
2023-05-16,8856.0,-3902.0,0.0,100,410.25,450.0,0,0.0,0.0,,0.0,1,36.52,35.79,SPY240328C00410000,410.0,normalDay
2023-05-17,8856.0,-3677.0,0.0,100,415.23,450.0,0,0.0,0.0,,0.0,1,36.52,38.52,SPY240328C00410000,410.0,normalDay
2023-05-18,8856.0,-3514.0,0.0,100,419.23,450.0,0,0.0,0.0,,0.0,1,36.52,40.89,SPY240328C00410000,410.0,normalDay
2023-05-19,8856.0,-3558.0,0.0,100,418.62,450.0,0,0.0,0.0,,0.0,1,36.52,40.72,SPY240328C00410000,410.0,normalDay
2023-05-22,8856.0,-3566.0,0.0,100,418.79,450.0,0,0.0,0.0,,0.0,1,36.52,40.97,SPY240328C00410000,410.0,normalDay
2023-05-23,8856.0,-3720.0,0.0,100,414.09,450.0,0,0.0,0.0,,0.0,1,36.52,37.81,SPY240328C00410000,410.0,normalDay
2023-05-24,8856.0,-3849.0,0.0,100,411.09,450.0,0,0.0,0.0,,0.0,1,36.52,36.1,SPY240328C00410000,410.0,normalDay
2023-05-25,8856.0,-3695.0,0.0,100,414.65,450.0,0,0.0,0.0,,0.0,1,36.52,38.12,SPY240328C00410000,410.0,normalDay
2023-05-26,8856.0,-3533.0,0.0,100,420.02,450.0,0,0.0,0.0,,0.0,1,36.52,41.87,SPY240328C00410000,410.0,normalDay
2023-05-30,8856.0,-3478.0,0.0,100,420.18,450.0,0,0.0,0.0,,0.0,1,36.52,41.48,SPY240328C00410000,410.0,normalDay
2023-05-31,8856.0,-3520.0,0.0,100,417.85,450.0,0,0.0,0.0,,0.0,1,36.52,39.57,SPY240328C00410000,410.0,normalDay
2023-06-01,8856.0,-3336.0,0.0,100,421.82,450.0,0,0.0,0.0,,0.0,1,36.52,41.7,SPY240328C00410000,410.0,normalDay
2023-06-02,8856.0,-3143.0,0.0,100,427.92,450.0,0,0.0,0.0,,0.0,1,36.52,45.87,SPY240328C00410000,410.0,normalDay
2023-06-05,8856.0,-3139.0,0.0,100,427.1,450.0,0,0.0,0.0,,0.0,1,36.52,45.01,SPY240328C00410000,410.0,normalDay
2023-06-06,8856.0,-3081.0,0.0,100,428.03,450.0,0,0.0,0.0,,0.0,1,36.52,45.36,SPY240328C00410000,410.0,normalDay
2023-06-07,8856.0,-3081.0,0.0,100,426.55,450.0,0,0.0,0.0,,0.0,1,36.52,43.88,SPY240328C00410000,410.0,normalDay
2023-06-08,8856.0,-2939.0,0.0,100,429.13,450.0,0,0.0,0.0,,0.0,1,36.52,45.04,SPY240328C00410000,410.0,normalDay
2023-06-09,8856.0,-2981.0,0.0,100,429.9,450.0,0,0.0,0.0,,0.0,1,36.52,46.23,SPY240328C00410000,410.0,normalDay
2023-06-12,8856.0,-2849.0,0.0,100,433.8,450.0,0,0.0,0.0,,0.0,1,36.52,48.81,SPY240328C00410000,410.0,normalDay
2023-06-13,8856.0,-2808.0,0.0,100,436.66,450.0,0,0.0,0.0,,0.0,1,36.52,51.26,SPY240328C00410000,410.0,normalDay
2023-06-14,8856.0,-2825.0,0.0,100,437.18,450.0,0,0.0,0.0,,0.0,1,36.52,51.95,SPY240328C00410000,410.0,normalDay
2023-06-15,8856.0,-2649.0,0.0,100,442.6,450.0,0,0.0,0.0,,0.0,1,36.52,55.61,SPY240328C00410000,410.0,normalDay
2023-06-16,8856.0,-2910.0,0.0,100,439.46,450.0,0,0.0,0.0,,0.0,1,36.52,55.08,SPY240328C00410000,410.0,normalDay
2023-06-20,8856.0,-2905.0,0.0,100,437.18,450.0,0,0.0,0.0,,0.0,1,36.52,52.75,SPY240328C00410000,410.0,normalDay
2023-06-21,8856.0,-2963.0,0.0,100,434.94,450.0,0,0.0,0.0,,0.0,1,36.52,51.09,SPY240328C00410000,410.0,normalDay
2023-06-22,8856.0,-2883.0,0.0,100,436.51,450.0,0,0.0,0.0,,0.0,1,36.52,51.86,SPY240328C00410000,410.0,normalDay
2023-06-23,8856.0,-2960.0,0.0,100,433.21,450.0,0,0.0,0.0,,0.0,1,36.52,49.33,SPY240328C00410000,410.0,normalDay
2023-06-26,8856.0,-2983.0,0.0,100,431.44,450.0,0,0.0,0.0,,0.0,1,36.52,47.79,SPY240328C00410000,410.0,normalDay
2023-06-27,8856.0,-2801.0,0.0,100,436.17,450.0,0,0.0,0.0,,0.0,1,36.52,50.7,SPY240328C00410000,410.0,normalDay
2023-06-28,8856.0,-2796.0,0.0,100,436.39,450.0,0,0.0,0.0,,0.0,1,36.52,50.87,SPY240328C00410000,410.0,normalDay
2023-06-29,8856.0,-2745.0,0.0,100,438.11,450.0,0,0.0,0.0,,0.0,1,36.52,52.08,SPY240328C00410000,410.0,normalDay
2023-06-30,8856.0,-2657.0,0.0,100,443.28,450.0,0,0.0,0.0,,0.0,1,36.52,56.37,SPY240328C00410000,410.0,normalDay
2023-07-03,8856.0,-2635.0,0.0,100,443.79,450.0,0,0.0,0.0,,0.0,1,36.52,56.66,SPY240328C00410000,410.0,normalDay
2023-07-05,8856.0,-2640.0,0.0,100,443.13,450.0,0,0.0,0.0,,0.0,1,36.52,56.05,SPY240328C00410000,410.0,normalDay
2023-07-06,8856.0,-2734.0,0.0,100,439.66,450.0,0,0.0,0.0,,0.0,1,36.52,53.52,SPY240328C00410000,410.0,normalDay
2023-07-07,8856.0,-2753.0,0.0,100,438.55,450.0,0,0.0,0.0,,0.0,1,36.52,52.6,SPY240328C00410000,410.0,normalDay
2023-07-10,8856.0,-2677.0,0.0,100,439.66,450.0,0,0.0,0.0,,0.0,1,36.52,52.95,SPY240328C00410000,410.0,normalDay
2023-07-11,8856.0,-2591.0,0.0,100,442.46,450.0,0,0.0,0.0,,0.0,1,36.52,54.89,SPY240328C00410000,410.0,normalDay
2023-07-12,8856.0,-2499.0,0.0,100,446.02,450.0,0,0.0,0.0,,0.0,1,36.52,57.53,SPY240328C00410000,410.0,normalDay
2023-07-13,8856.0,-2417.0,0.0,100,449.56,450.0,0,0.0,0.0,,0.0,1,36.52,60.25,SPY240328C00410000,410.0,normalDay
2023-07-14,8856.0,-2410.0,0.0,100,449.28,450.0,0,0.0,0.0,,0.0,1,36.52,59.9,SPY240328C00410000,410.0,normalDay
2023-07-17,8856.0,-2367.0,0.0,100,450.84,450.0,0,0.0,0.0,,0.0,1,36.52,61.03,SPY240328C00410000,410.0,normalDay
2023-07-18,8856.0,-2327.0,0.0,100,454.19,450.0,0,0.0,0.0,,0.0,1,36.52,63.98,SPY240328C00410000,410.0,normalDay
2023-07-19,8856.0,-2344.0,0.0,100,455.2,450.0,0,0.0,0.0,,0.0,1,36.52,65.16,SPY240328C00410000,410.0,normalDay
2023-07-20,8856.0,-2413.0,0.0,100,452.18,450.0,0,0.0,0.0,,0.0,1,36.52,62.83,SPY240328C00410000,410.0,normalDay
2023-07-21,8856.0,-2364.0,0.0,100,452.18,450.0,0,0.0,0.0,,0.0,1,36.52,62.34,SPY240328C00410000,410.0,normalDay
2023-07-24,8856.0,-2336.0,0.0,100,454.2,450.0,0,0.0,0.0,,0.0,1,36.52,64.08,SPY240328C00410000,410.0,normalDay
2023-07-25,8856.0,-2397.0,0.0,100,455.44,450.0,0,0.0,0.0,,0.0,1,36.52,65.93,SPY240328C00410000,410.0,normalDay
2023-07-26,8856.0,-2447.0,0.0,100,455.51,450.0,0,0.0,0.0,,0.0,1,36.52,66.5,SPY240328C00410000,410.0,normalDay
2023-07-27,8856.0,-2394.0,0.0,100,452.49,450.0,0,0.0,0.0,,0.0,1,36.52,62.95,SPY240328C00410000,410.0,normalDay
2023-07-28,8856.0,-2282.0,0.0,100,456.92,450.0,0,0.0,0.0,,0.0,1,36.52,66.26,SPY240328C00410000,410.0,normalDay
2023-07-31,8856.0,-2266.0,0.0,100,457.79,450.0,0,0.0,0.0,,0.0,1,36.52,66.97,SPY240328C00410000,410.0,normalDay
2023-08-01,8856.0,-2258.0,0.0,100,456.48,450.0,0,0.0,0.0,,0.0,1,36.52,65.58,SPY240328C00410000,410.0,normalDay
2023-08-02,8856.0,-2432.0,0.0,100,450.13,450.0,0,0.0,0.0,,0.0,1,36.52,60.97,SPY240328C00410000,410.0,normalDay
2023-08-03,8856.0,-2637.0,0.0,100,448.84,450.0,0,0.0,0.0,,0.0,1,36.52,61.73,SPY240328C00410000,410.0,normalDay
2023-08-04,8856.0,-2486.0,0.0,100,446.81,450.0,0,0.0,0.0,,0.0,1,36.52,58.19,SPY240328C00410000,410.0,normalDay
2023-08-07,8856.0,-2352.0,0.0,100,450.71,450.0,0,0.0,0.0,,0.0,1,36.52,60.75,SPY240328C00410000,410.0,normalDay
2023-08-08,8856.0,-2370.0,0.0,100,448.75,450.0,0,0.0,0.0,,0.0,1,36.52,58.97,SPY240328C00410000,410.0,normalDay
2023-08-09,8856.0,-2466.0,0.0,100,445.75,450.0,0,0.0,0.0,,0.0,1,36.52,56.93,SPY240328C00410000,410.0,normalDay
2023-08-10,8856.0,-2382.0,0.0,100,445.91,450.0,0,0.0,0.0,,0.0,1,36.52,56.25,SPY240328C00410000,410.0,normalDay
2023-08-11,8856.0,-2382.0,0.0,100,445.65,450.0,0,0.0,0.0,,0.0,1,36.52,55.99,SPY240328C00410000,410.0,normalDay
2023-08-14,8856.0,-2302.0,0.0,100,448.11,450.0,0,0.0,0.0,,0.0,1,36.52,57.65,SPY240328C00410000,410.0,normalDay
2023-08-15,8856.0,-2412.0,0.0,100,442.89,450.0,0,0.0,0.0,,0.0,1,36.52,53.53,SPY240328C00410000,410.0,normalDay
2023-08-16,8856.0,-2494.0,0.0,100,439.64,450.0,0,0.0,0.0,,0.0,1,36.52,51.1,SPY240328C00410000,410.0,normalDay
2023-08-17,8856.0,-2533.0,0.0,100,436.29,450.0,0,0.0,0.0,,0.0,1,36.52,48.14,SPY240328C00410000,410.0,normalDay
2023-08-18,8856.0,-2507.0,0.0,100,436.5,450.0,0,0.0,0.0,,0.0,1,36.52,48.09,SPY240328C00410000,410.0,normalDay
2023-08-21,8856.0,-2408.0,0.0,100,439.34,450.0,0,0.0,0.0,,0.0,1,36.52,49.94,SPY240328C00410000,410.0,normalDay
2023-08-22,8856.0,-2442.0,0.0,100,438.15,450.0,0,0.0,0.0,,0.0,1,36.52,49.09,SPY240328C00410000,410.0,normalDay
2023-08-23,8856.0,-2420.0,0.0,100,443.03,450.0,0,0.0,0.0,,0.0,1,36.52,53.75,SPY240328C00410000,410.0,normalDay
2023-08-24,8856.0,-2454.0,0.0,100,436.89,450.0,0,0.0,0.0,,0.0,1,36.52,47.95,SPY240328C00410000,410.0,normalDay
2023-08-25,8856.0,-2399.0,0.0,100,439.97,450.0,0,0.0,0.0,,0.0,1,36.52,50.48,SPY240328C00410000,410.0,normalDay
2023-08-28,8856.0,-2297.0,0.0,100,442.76,450.0,0,0.0,0.0,,0.0,1,36.52,52.25,SPY240328C00410000,410.0,normalDay
2023-08-29,8856.0,-2148.0,0.0,100,449.16,450.0,0,0.0,0.0,,0.0,1,36.52,57.16,SPY240328C00410000,410.0,normalDay
2023-08-30,8856.0,-2095.0,0.0,100,451.01,450.0,0,0.0,0.0,,0.0,1,36.52,58.48,SPY240328C00410000,410.0,normalDay
2023-08-31,8856.0,-2096.0,0.0,100,450.35,450.0,0,0.0,0.0,,0.0,1,36.52,57.83,SPY240328C00410000,410.0,normalDay
2023-09-01,8856.0,-1966.0,0.0,100,451.19,450.0,0,0.0,0.0,,0.0,1,36.52,57.37,SPY240328C00410000,410.0,normalDay
2023-09-05,8856.0,-2001.0,0.0,100,449.24,450.0,0,0.0,0.0,,0.0,1,36.52,55.77,SPY240328C00410000,410.0,normalDay
2023-09-06,8856.0,-2042.0,0.0,100,446.22,450.0,0,0.0,0.0,,0.0,1,36.52,53.16,SPY240328C00410000,410.0,normalDay
2023-09-07,8856.0,-2060.0,0.0,100,444.85,450.0,0,0.0,0.0,,0.0,1,36.52,51.97,SPY240328C00410000,410.0,normalDay
2023-09-08,8856.0,-2046.0,0.0,100,445.52,450.0,0,0.0,0.0,,0.0,1,36.52,52.5,SPY240328C00410000,410.0,normalDay
2023-09-11,8856.0,-1943.0,0.0,100,448.45,450.0,0,0.0,0.0,,0.0,1,36.52,54.4,SPY240328C00410000,410.0,normalDay
2023-09-12,8856.0,-1994.0,0.0,100,445.99,450.0,0,0.0,0.0,,0.0,1,36.52,52.45,SPY240328C00410000,410.0,normalDay
2023-09-13,8856.0,-1964.0,0.0,100,446.51,450.0,0,0.0,0.0,,0.0,1,36.52,52.67,SPY240328C00410000,410.0,normalDay
2023-09-14,8856.0,-1857.0,0.0,100,450.36,450.0,0,0.0,0.0,,0.0,1,36.52,55.45,SPY240328C00410000,410.0,normalDay
2023-09-15,8856.0,-2083.0,0.0,100,443.37,450.0,0,0.0,0.0,,0.0,1,36.52,50.72,SPY240328C00410000,410.0,normalDay
2023-09-18,8856.0,-2066.0,0.0,100,443.63,450.0,0,0.0,0.0,,0.0,1,36.52,50.81,SPY240328C00410000,410.0,normalDay
2023-09-19,8856.0,-2074.0,0.0,100,442.71,450.0,0,0.0,0.0,,0.0,1,36.52,49.97,SPY240328C00410000,410.0,normalDay
2023-09-20,8856.0,-2115.0,0.0,100,438.64,450.0,0,0.0,0.0,,0.0,1,36.52,46.31,SPY240328C00410000,410.0,normalDay
2023-09-21,8856.0,-2288.0,0.0,100,431.39,450.0,0,0.0,0.0,,0.0,1,36.52,40.79,SPY240328C00410000,410.0,normalDay
2023-09-22,8856.0,-2312.0,0.0,100,430.42,450.0,0,0.0,0.0,,0.0,1,36.52,40.06,SPY240328C00410000,410.0,normalDay
2023-09-25,8856.0,-2266.0,0.0,100,432.23,450.0,0,0.0,0.0,,0.0,1,36.52,41.41,SPY240328C00410000,410.0,normalDay
2023-09-26,8856.0,-2518.0,0.0,100,425.88,450.0,0,0.0,0.0,,0.0,1,36.52,37.58,SPY240328C00410000,410.0,normalDay
2023-09-27,8856.0,-2485.0,0.0,100,426.05,450.0,0,0.0,0.0,,0.0,1,36.52,37.42,SPY240328C00410000,410.0,normalDay
2023-09-28,8856.0,-2323.0,0.0,100,428.52,450.0,0,0.0,0.0,,0.0,1,36.52,38.27,SPY240328C00410000,410.0,normalDay
2023-09-29,8856.0,-2402.0,0.0,100,427.48,450.0,0,0.0,0.0,,0.0,1,36.52,38.02,SPY240328C00410000,410.0,normalDay
2023-10-02,8856.0,-2353.0,0.0,100,427.31,450.0,0,0.0,0.0,,0.0,1,36.52,37.36,SPY240328C00410000,410.0,normalDay
2023-10-03,8856.0,-2573.0,0.0,100,421.59,450.0,0,0.0,0.0,,0.0,1,36.52,33.84,SPY240328C00410000,410.0,normalDay
2023-10-04,8856.0,-2420.0,0.0,100,424.66,450.0,0,0.0,0.0,,0.0,1,36.52,35.38,SPY240328C00410000,410.0,normalDay
2023-10-05,8856.0,-2393.0,0.0,100,424.5,450.0,0,0.0,0.0,,0.0,1,36.52,34.95,SPY240328C00410000,410.0,normalDay
2023-10-06,8856.0,-2284.0,0.0,100,429.54,450.0,0,0.0,0.0,,0.0,1,36.52,38.9,SPY240328C00410000,410.0,normalDay
2023-10-09,8856.0,-2196.0,0.0,100,432.29,450.0,0,0.0,0.0,,0.0,1,36.52,40.77,SPY240328C00410000,410.0,normalDay
2023-10-10,8856.0,-2093.0,0.0,100,434.54,450.0,0,0.0,0.0,,0.0,1,36.52,41.99,SPY240328C00410000,410.0,normalDay
2023-10-11,8856.0,-2079.0,0.0,100,436.32,450.0,0,0.0,0.0,,0.0,1,36.52,43.63,SPY240328C00410000,410.0,normalDay
2023-10-12,8856.0,-2102.0,0.0,100,433.66,450.0,0,0.0,0.0,,0.0,1,36.52,41.2,SPY240328C00410000,410.0,normalDay
2023-10-13,8856.0,-2172.0,0.0,100,431.5,450.0,0,0.0,0.0,,0.0,1,36.52,39.74,SPY240328C00410000,410.0,normalDay
2023-10-16,8856.0,-2036.0,0.0,100,436.04,450.0,0,0.0,0.0,,0.0,1,36.52,42.92,SPY240328C00410000,410.0,normalDay
2023-10-17,8856.0,-1997.0,0.0,100,436.02,450.0,0,0.0,0.0,,0.0,1,36.52,42.51,SPY240328C00410000,410.0,normalDay
2023-10-18,8856.0,-2261.0,0.0,100,430.21,450.0,0,0.0,0.0,,0.0,1,36.52,39.34,SPY240328C00410000,410.0,normalDay
2023-10-19,8856.0,-2312.0,0.0,100,426.43,450.0,0,0.0,0.0,,0.0,1,36.52,36.07,SPY240328C00410000,410.0,normalDay
2023-10-20,8856.0,-2491.0,0.0,100,421.19,450.0,0,0.0,0.0,,0.0,1,36.52,32.62,SPY240328C00410000,410.0,normalDay
2023-10-23,8856.0,-2454.0,0.0,100,420.46,450.0,0,0.0,0.0,,0.0,1,36.52,31.52,SPY240328C00410000,410.0,normalDay
2023-10-24,8856.0,-2340.0,0.0,100,423.63,450.0,0,0.0,0.0,,0.0,1,36.52,33.55,SPY240328C00410000,410.0,normalDay
2023-10-25,8856.0,-2534.0,0.0,100,417.55,450.0,0,0.0,0.0,,0.0,1,36.52,29.41,SPY240328C00410000,410.0,normalDay
2023-10-26,8856.0,-2629.0,0.0,100,412.55,450.0,0,0.0,0.0,,0.0,1,36.52,25.36,SPY240328C00410000,410.0,normalDay
2023-10-27,8856.0,-2687.0,0.0,100,410.68,450.0,0,0.0,0.0,,0.0,1,36.52,24.07,SPY240328C00410000,410.0,normalDay
2023-10-30,8856.0,-2430.0,0.0,100,415.59,450.0,0,0.0,0.0,,0.0,1,36.52,26.41,SPY240328C00410000,410.0,normalDay
2023-10-31,8856.0,-2288.0,0.0,100,418.2,450.0,0,0.0,0.0,,0.0,1,36.52,27.6,SPY240328C00410000,410.0,normalDay
2023-11-01,8856.0,-2089.0,0.0,100,422.66,450.0,0,0.0,0.0,,0.0,1,36.52,30.07,SPY240328C00410000,410.0,normalDay
2023-11-02,8856.0,-1863.0,0.0,100,430.76,450.0,0,0.0,0.0,,0.0,1,36.52,35.91,SPY240328C00410000,410.0,normalDay
2023-11-03,8856.0,-1796.0,0.0,100,434.69,450.0,0,0.0,0.0,,0.0,1,36.52,39.17,SPY240328C00410000,410.0,normalDay
2023-11-06,8856.0,-1691.0,0.0,100,435.69,450.0,0,0.0,0.0,,0.0,1,36.52,39.12,SPY240328C00410000,410.0,normalDay
2023-11-07,8856.0,-1681.0,0.0,100,436.93,450.0,0,0.0,0.0,,0.0,1,36.52,40.26,SPY240328C00410000,410.0,normalDay
2023-11-08,8856.0,-1632.0,0.0,100,437.25,450.0,0,0.0,0.0,,0.0,1,36.52,40.09,SPY240328C00410000,410.0,normalDay
2023-11-09,8856.0,-1749.0,0.0,100,433.84,450.0,0,0.0,0.0,,0.0,1,36.52,37.85,SPY240328C00410000,410.0,normalDay
2023-11-10,8856.0,-1588.0,0.0,100,440.61,450.0,0,0.0,0.0,,0.0,1,36.52,43.01,SPY240328C00410000,410.0,normalDay
2023-11-13,8856.0,-1571.0,0.0,100,440.19,450.0,0,0.0,0.0,,0.0,1,36.52,42.42,SPY240328C00410000,410.0,normalDay
2023-11-14,8856.0,-1465.0,0.0,100,448.73,450.0,0,0.0,0.0,,0.0,1,36.52,49.9,SPY240328C00410000,410.0,normalDay
2023-11-15,8856.0,-1376.0,0.0,100,449.68,450.0,0,0.0,0.0,,0.0,1,36.52,49.96,SPY240328C00410000,410.0,normalDay
2023-11-16,8856.0,-1384.0,0.0,100,450.23,450.0,0,0.0,0.0,,0.0,1,36.52,50.59,SPY240328C00410000,410.0,normalDay
2023-11-17,8856.0,-1346.0,0.0,100,450.79,450.0,0,0.0,0.0,,0.0,1,36.52,50.77,SPY240328C00410000,410.0,normalDay
2023-11-20,8856.0,-1297.0,0.0,100,454.26,450.0,0,0.0,0.0,,0.0,1,36.52,53.75,SPY240328C00410000,410.0,normalDay
2023-11-21,8856.0,-1253.0,0.0,100,453.27,450.0,0,0.0,0.0,,0.0,1,36.52,52.32,SPY240328C00410000,410.0,normalDay
2023-11-22,8856.0,-1333.0,0.0,100,455.02,450.0,0,0.0,0.0,,0.0,1,36.52,54.87,SPY240328C00410000,410.0,normalDay
2023-11-24,8856.0,-1324.0,0.0,100,455.3,450.0,0,0.0,0.0,,0.0,1,36.52,55.06,SPY240328C00410000,410.0,normalDay
2023-11-27,8856.0,-1327.0,0.0,100,454.48,450.0,0,0.0,0.0,,0.0,1,36.52,54.27,SPY240328C00410000,410.0,normalDay
2023-11-28,8856.0,-1303.0,0.0,100,454.93,450.0,0,0.0,0.0,,0.0,1,36.52,54.48,SPY240328C00410000,410.0,normalDay
2023-11-29,8856.0,-1262.0,0.0,100,454.61,450.0,0,0.0,0.0,,0.0,1,36.52,53.75,SPY240328C00410000,410.0,normalDay
2023-11-30,8856.0,-1256.0,0.0,100,456.4,450.0,0,0.0,0.0,,0.0,1,36.52,55.48,SPY240328C00410000,410.0,normalDay
