date,totalCapital,unrializedPnL,rializedPnL,stocksOwned,stocksPriceToday,stocksPriceBoughtAt,putOwned,putOwnedSoldAt,putPriceToday,putOwnedContract,putOwnedStrike,callOwned,callOwnedSoldAt,callPriceToday,callOwnedContract,callOwnedStrike,trackType
2018-11-01,0.0,-8.0,0.0,0,273.51,0.0,1,2.08,2.16,SPY181112P00269500,269.5,0,0.0,0.0,,0.0,normalDay
2018-11-02,0.0,-26.0,0.0,0,271.89,0.0,1,2.08,2.34,SPY181112P00269500,269.5,0,0.0,0.0,,0.0,normalDay
2018-11-05,0.0,52.0,0.0,0,273.39,0.0,1,2.08,1.56,SPY181112P00269500,269.5,0,0.0,0.0,,0.0,normalDay
2018-11-06,0.0,96.0,0.0,0,275.12,0.0,1,2.08,1.12,SPY181112P00269500,269.5,0,0.0,0.0,,0.0,normalDay
2018-11-07,0.0,198.0,0.0,0,281.01,0.0,1,2.08,0.1,SPY181112P00269500,269.5,0,0.0,0.0,,0.0,normalDay
2018-11-08,0.0,201.0,0.0,0,280.5,0.0,1,2.08,0.07,SPY181112P00269500,269.5,0,0.0,0.0,,0.0,normalDay
2018-11-09,0.0,204.0,0.0,0,277.76,0.0,1,2.08,0.04,SPY181112P00269500,269.5,0,0.0,0.0,,0.0,normalDay
2018-11-12,208.0,0.0,208.0,0,272.57,0.0,1,2.08,0.0,SPY181112P00269500,269.5,0,0.0,0.0,,0.0,expirationDay
2018-11-13,208.0,-4.0,0.0,0,272.06,0.0,1,2.05,2.09,SPY181123P00269000,269.0,0,0.0,0.0,,0.0,normalDay
2018-11-14,208.0,-90.0,0.0,0,270.2,0.0,1,2.05,2.95,SPY181123P00269000,269.0,0,0.0,0.0,,0.0,normalDay
2018-11-15,208.0,64.0,0.0,0,273.02,0.0,1,2.05,1.41,SPY181123P00269000,269.0,0,0.0,0.0,,0.0,normalDay
2018-11-16,208.0,127.0,0.0,0,273.73,0.0,1,2.05,0.78,SPY181123P00269000,269.0,0,0.0,0.0,,0.0,normalDay
2018-11-19,208.0,9.0,0.0,0,269.1,0.0,1,2.05,1.96,SPY181123P00269000,269.0,0,0.0,0.0,,0.0,normalDay
2018-11-20,208.0,-351.0,0.0,0,264.12,0.0,1,2.05,5.56,SPY181123P00269000,269.0,0,0.0,0.0,,0.0,normalDay
2018-11-21,208.0,-233.0,0.0,0,265.02,0.0,1,2.05,4.38,SPY181123P00269000,269.0,0,0.0,0.0,,0.0,normalDay
2018-11-23,413.0,-575.0,205.0,100,263.25,269.0,1,2.05,0.0,SPY181123P00269000,269.0,0,0.0,0.0,,0.0,expirationDay
2018-11-26,413.0,-150.0,0.0,100,267.5,269.0,0,0.0,0.0,,0.0,0,0.0,0.0,,0.0,bidTooLow
2018-11-27,413.0,-63.0,0.0,100,268.4,269.0,0,0.0,0.0,,0.0,1,0.08,0.11,SPY181130C00275000,275.0,normalDay
2018-11-28,413.0,444.0,0.0,100,274.58,269.0,0,0.0,0.0,,0.0,1,0.08,1.22,SPY181130C00275000,275.0,normalDay
2018-11-29,413.0,450.0,0.0,100,273.98,269.0,0,0.0,0.0,,0.0,1,0.08,0.56,SPY181130C00275000,275.0,normalDay
2018-11-30,1021.0,450.0,608.0,0,275.65,0.0,0,0.0,0.0,,0.0,1,0.08,0.0,SPY181130C00275000,275.0,expirationDay
2018-12-03,1021.0,-4.0,0.0,0,279.3,0.0,1,0.48,0.52,SPY181214P00268000,268.0,0,0.0,0.0,,0.0,normalDay
2018-12-04,1021.0,-255.0,0.0,0,270.25,0.0,1,0.48,3.03,SPY181214P00268000,268.0,0,0.0,0.0,,0.0,normalDay
2018-12-06,1021.0,-236.0,0.0,0,269.84,0.0,1,0.48,2.84,SPY181214P00268000,268.0,0,0.0,0.0,,0.0,normalDay
2018-12-07,1021.0,-567.0,0.0,0,263.57,0.0,1,0.48,6.15,SPY181214P00268000,268.0,0,0.0,0.0,,0.0,normalDay
2018-12-10,1021.0,-434.0,0.0,0,264.07,0.0,1,0.48,4.82,SPY181214P00268000,268.0,0,0.0,0.0,,0.0,normalDay
2018-12-11,1021.0,-422.0,0.0,0,264.13,0.0,1,0.48,4.7,SPY181214P00268000,268.0,0,0.0,0.0,,0.0,normalDay
2018-12-12,1021.0,-317.0,0.0,0,265.46,0.0,1,0.48,3.65,SPY181214P00268000,268.0,0,0.0,0.0,,0.0,normalDay
2018-12-13,1021.0,-268.0,0.0,0,265.37,0.0,1,0.48,3.16,SPY181214P00268000,268.0,0,0.0,0.0,,0.0,normalDay
2018-12-14,1069.0,-753.0,48.0,100,260.47,268.0,1,0.48,0.0,SPY181214P00268000,268.0,0,0.0,0.0,,0.0,expirationDay
2018-12-17,1069.0,-1267.0,0.0,100,255.36,268.0,0,0.0,0.0,,0.0,1,0.01,0.04,SPY181219C00271500,271.5,normalDay
2018-12-18,1069.0,-1293.0,0.0,100,255.08,268.0,0,0.0,0.0,,0.0,1,0.01,0.02,SPY181219C00271500,271.5,normalDay
2018-12-19,1070.0,-1674.0,1.0,100,251.26,268.0,0,0.0,0.0,,0.0,1,0.01,0.0,SPY181219C00271500,271.5,expirationDay
2018-12-20,1070.0,-2083.0,0.0,100,247.17,268.0,0,0.0,0.0,,0.0,0,0.0,0.0,,0.0,bidTooLow
2018-12-21,1070.0,-2730.0,0.0,100,240.7,268.0,0,0.0,0.0,,0.0,0,0.0,0.0,,0.0,bidTooLow
2018-12-24,1070.0,-3366.0,0.0,100,234.34,268.0,0,0.0,0.0,,0.0,0,0.0,0.0,,0.0,bidTooLow
2018-12-26,1070.0,-2182.0,0.0,100,246.18,268.0,0,0.0,0.0,,0.0,0,0.0,0.0,,0.0,bidTooLow
2018-12-27,1070.0,-1993.0,0.0,100,248.07,268.0,0,0.0,0.0,,0.0,0,0.0,0.0,,0.0,bidTooLow
2018-12-28,1070.0,-2025.0,0.0,100,247.75,268.0,0,0.0,0.0,,0.0,0,0.0,0.0,,0.0,bidTooLow
2018-12-31,1070.0,-1808.0,0.0,100,249.92,268.0,0,0.0,0.0,,0.0,0,0.0,0.0,,0.0,bidTooLow
2019-01-02,1070.0,-1782.0,0.0,100,250.18,268.0,0,0.0,0.0,,0.0,0,0.0,0.0,,0.0,bidTooLow
2019-01-03,1070.0,-2379.0,0.0,100,244.21,268.0,0,0.0,0.0,,0.0,0,0.0,0.0,,0.0,bidTooLow
2019-01-04,1070.0,-1561.0,0.0,100,252.39,268.0,0,0.0,0.0,,0.0,0,0.0,0.0,,0.0,bidTooLow
2019-01-07,1070.0,-1366.0,0.0,100,254.38,268.0,0,0.0,0.0,,0.0,1,0.28,0.32,SPY190109C00259000,259.0,normalDay
2019-01-08,1070.0,-1136.0,0.0,100,256.77,268.0,0,0.0,0.0,,0.0,1,0.28,0.41,SPY190109C00259000,259.0,normalDay
2019-01-09,1098.0,-1003.0,28.0,100,257.97,268.0,0,0.0,0.0,,0.0,1,0.28,0.0,SPY190109C00259000,259.0,expirationDay
2019-01-10,1098.0,-923.0,0.0,100,258.88,268.0,0,0.0,0.0,,0.0,1,1.82,1.93,SPY190111C00257500,257.5,normalDay
2019-01-11,230.0,-923.0,-868.0,0,258.98,0.0,0,0.0,0.0,,0.0,1,1.82,0.0,SPY190111C00257500,257.5,expirationDay
2019-01-14,230.0,-4.0,0.0,0,257.4,0.0,1,0.42,0.46,SPY190125P00246000,246.0,0,0.0,0.0,,0.0,normalDay
2019-01-15,230.0,15.0,0.0,0,260.35,0.0,1,0.42,0.27,SPY190125P00246000,246.0,0,0.0,0.0,,0.0,normalDay
2019-01-16,230.0,21.0,0.0,0,260.98,0.0,1,0.42,0.21,SPY190125P00246000,246.0,0,0.0,0.0,,0.0,normalDay
2019-01-17,230.0,32.0,0.0,0,262.96,0.0,1,0.42,0.1,SPY190125P00246000,246.0,0,0.0,0.0,,0.0,normalDay
2019-01-18,230.0,39.0,0.0,0,266.46,0.0,1,0.42,0.03,SPY190125P00246000,246.0,0,0.0,0.0,,0.0,normalDay
2019-01-22,230.0,38.0,0.0,0,262.86,0.0,1,0.42,0.04,SPY190125P00246000,246.0,0,0.0,0.0,,0.0,normalDay
2019-01-23,230.0,41.0,0.0,0,263.41,0.0,1,0.42,0.01,SPY190125P00246000,246.0,0,0.0,0.0,,0.0,normalDay
2019-01-24,230.0,41.0,0.0,0,263.55,0.0,1,0.42,0.01,SPY190125P00246000,246.0,0,0.0,0.0,,0.0,normalDay
2019-01-25,272.0,0.0,42.0,0,265.78,0.0,1,0.42,0.0,SPY190125P00246000,246.0,0,0.0,0.0,,0.0,expirationDay
2019-01-28,272.0,-4.0,0.0,0,263.76,0.0,1,0.67,0.71,SPY190208P00253000,253.0,0,0.0,0.0,,0.0,normalDay
2019-01-29,272.0,-6.0,0.0,0,263.41,0.0,1,0.67,0.73,SPY190208P00253000,253.0,0,0.0,0.0,,0.0,normalDay
2019-01-30,272.0,43.0,0.0,0,267.58,0.0,1,0.67,0.24,SPY190208P00253000,253.0,0,0.0,0.0,,0.0,normalDay
2019-01-31,272.0,56.0,0.0,0,269.93,0.0,1,0.67,0.11,SPY190208P00253000,253.0,0,0.0,0.0,,0.0,normalDay
2019-02-01,272.0,61.0,0.0,0,270.06,0.0,1,0.67,0.06,SPY190208P00253000,253.0,0,0.0,0.0,,0.0,normalDay
2019-02-04,272.0,65.0,0.0,0,271.96,0.0,1,0.67,0.02,SPY190208P00253000,253.0,0,0.0,0.0,,0.0,normalDay
2019-02-05,272.0,66.0,0.0,0,273.1,0.0,1,0.67,0.01,SPY190208P00253000,253.0,0,0.0,0.0,,0.0,normalDay
2019-02-06,272.0,66.0,0.0,0,272.74,0.0,1,0.67,0.01,SPY190208P00253000,253.0,0,0.0,0.0,,0.0,normalDay
2019-02-07,272.0,66.0,0.0,0,270.14,0.0,1,0.67,0.01,SPY190208P00253000,253.0,0,0.0,0.0,,0.0,normalDay
2019-02-08,339.0,0.0,67.0,0,270.47,0.0,1,0.67,0.0,SPY190208P00253000,253.0,0,0.0,0.0,,0.0,expirationDay
2019-02-11,339.0,-3.0,0.0,0,270.62,0.0,1,0.58,0.61,SPY190222P00262500,262.5,0,0.0,0.0,,0.0,normalDay
2019-02-12,339.0,31.0,0.0,0,274.1,0.0,1,0.58,0.27,SPY190222P00262500,262.5,0,0.0,0.0,,0.0,normalDay
2019-02-13,339.0,39.0,0.0,0,274.99,0.0,1,0.58,0.19,SPY190222P00262500,262.5,0,0.0,0.0,,0.0,normalDay
2019-02-14,339.0,40.0,0.0,0,274.38,0.0,1,0.58,0.18,SPY190222P00262500,262.5,0,0.0,0.0,,0.0,normalDay
2019-02-15,339.0,53.0,0.0,0,277.37,0.0,1,0.58,0.05,SPY190222P00262500,262.5,0,0.0,0.0,,0.0,normalDay
2019-02-19,339.0,56.0,0.0,0,277.85,0.0,1,0.58,0.02,SPY190222P00262500,262.5,0,0.0,0.0,,0.0,normalDay
2019-02-20,339.0,57.0,0.0,0,278.41,0.0,1,0.58,0.01,SPY190222P00262500,262.5,0,0.0,0.0,,0.0,normalDay
2019-02-21,339.0,57.0,0.0,0,277.42,0.0,1,0.58,0.01,SPY190222P00262500,262.5,0,0.0,0.0,,0.0,normalDay
2019-02-22,397.0,0.0,58.0,0,279.14,0.0,1,0.58,0.0,SPY190222P00262500,262.5,0,0.0,0.0,,0.0,expirationDay
2019-02-25,397.0,-3.0,0.0,0,279.52,0.0,1,0.36,0.39,SPY190308P00269000,269.0,0,0.0,0.0,,0.0,normalDay
2019-02-26,397.0,-3.0,0.0,0,279.32,0.0,1,0.36,0.39,SPY190308P00269000,269.0,0,0.0,0.0,,0.0,normalDay
2019-02-27,397.0,6.0,0.0,0,279.2,0.0,1,0.36,0.3,SPY190308P00269000,269.0,0,0.0,0.0,,0.0,normalDay
2019-02-28,397.0,8.0,0.0,0,278.68,0.0,1,0.36,0.28,SPY190308P00269000,269.0,0,0.0,0.0,,0.0,normalDay
2019-03-01,397.0,26.0,0.0,0,280.42,0.0,1,0.36,0.1,SPY190308P00269000,269.0,0,0.0,0.0,,0.0,normalDay
2019-03-04,397.0,27.0,0.0,0,279.4,0.0,1,0.36,0.09,SPY190308P00269000,269.0,0,0.0,0.0,,0.0,normalDay
2019-03-05,397.0,31.0,0.0,0,279.02,0.0,1,0.36,0.05,SPY190308P00269000,269.0,0,0.0,0.0,,0.0,normalDay
2019-03-06,397.0,30.0,0.0,0,277.33,0.0,1,0.36,0.06,SPY190308P00269000,269.0,0,0.0,0.0,,0.0,normalDay
2019-03-07,397.0,32.0,0.0,0,275.01,0.0,1,0.36,0.04,SPY190308P00269000,269.0,0,0.0,0.0,,0.0,normalDay
2019-03-08,433.0,0.0,36.0,0,274.46,0.0,1,0.36,0.0,SPY190308P00269000,269.0,0,0.0,0.0,,0.0,expirationDay
2019-03-11,433.0,-3.0,0.0,0,278.44,0.0,1,1.5,1.53,SPY190322P00275000,275.0,0,0.0,0.0,,0.0,normalDay
2019-03-12,433.0,39.0,0.0,0,279.49,0.0,1,1.5,1.11,SPY190322P00275000,275.0,0,0.0,0.0,,0.0,normalDay
2019-03-13,433.0,90.0,0.0,0,281.34,0.0,1,1.5,0.6,SPY190322P00275000,275.0,0,0.0,0.0,,0.0,normalDay
2019-03-14,433.0,93.0,0.0,0,281.16,0.0,1,1.5,0.57,SPY190322P00275000,275.0,0,0.0,0.0,,0.0,normalDay
2019-03-15,433.0,126.0,0.0,0,281.31,0.0,1,1.5,0.24,SPY190322P00275000,275.0,0,0.0,0.0,,0.0,normalDay
2019-03-18,433.0,139.0,0.0,0,282.33,0.0,1,1.5,0.11,SPY190322P00275000,275.0,0,0.0,0.0,,0.0,normalDay
2019-03-19,433.0,139.0,0.0,0,282.4,0.0,1,1.5,0.11,SPY190322P00275000,275.0,0,0.0,0.0,,0.0,normalDay
2019-03-20,433.0,142.0,0.0,0,281.55,0.0,1,1.5,0.08,SPY190322P00275000,275.0,0,0.0,0.0,,0.0,normalDay
2019-03-21,433.0,148.0,0.0,0,284.73,0.0,1,1.5,0.02,SPY190322P00275000,275.0,0,0.0,0.0,,0.0,normalDay
2019-03-22,583.0,0.0,150.0,0,279.25,0.0,1,1.5,0.0,SPY190322P00275000,275.0,0,0.0,0.0,,0.0,expirationDay
2019-03-25,583.0,-3.0,0.0,0,279.04,0.0,1,2.36,2.39,SPY190405P00278000,278.0,0,0.0,0.0,,0.0,normalDay
2019-03-26,583.0,97.0,0.0,0,281.12,0.0,1,2.36,1.39,SPY190405P00278000,278.0,0,0.0,0.0,,0.0,normalDay
2019-03-27,583.0,61.0,0.0,0,279.65,0.0,1,2.36,1.75,SPY190405P00278000,278.0,0,0.0,0.0,,0.0,normalDay
2019-03-28,583.0,122.0,0.0,0,280.71,0.0,1,2.36,1.14,SPY190405P00278000,278.0,0,0.0,0.0,,0.0,normalDay
2019-03-29,583.0,186.0,0.0,0,282.48,0.0,1,2.36,0.5,SPY190405P00278000,278.0,0,0.0,0.0,,0.0,normalDay
2019-04-01,583.0,225.0,0.0,0,285.83,0.0,1,2.36,0.11,SPY190405P00278000,278.0,0,0.0,0.0,,0.0,normalDay
2019-04-02,583.0,230.0,0.0,0,285.97,0.0,1,2.36,0.06,SPY190405P00278000,278.0,0,0.0,0.0,,0.0,normalDay
2019-04-03,583.0,233.0,0.0,0,286.42,0.0,1,2.36,0.03,SPY190405P00278000,278.0,0,0.0,0.0,,0.0,normalDay
2019-04-04,583.0,235.0,0.0,0,287.18,0.0,1,2.36,0.01,SPY190405P00278000,278.0,0,0.0,0.0,,0.0,normalDay
2019-04-05,819.0,0.0,236.0,0,288.57,0.0,1,2.36,0.0,SPY190405P00278000,278.0,0,0.0,0.0,,0.0,expirationDay
2019-04-08,819.0,-3.0,0.0,0,288.79,0.0,1,0.27,0.3,SPY190418P00280500,280.5,0,0.0,0.0,,0.0,normalDay
2019-04-09,819.0,-19.0,0.0,0,287.31,0.0,1,0.27,0.46,SPY190418P00280500,280.5,0,0.0,0.0,,0.0,normalDay
2019-04-10,819.0,6.0,0.0,0,288.29,0.0,1,0.27,0.21,SPY190418P00280500,280.5,0,0.0,0.0,,0.0,normalDay
2019-04-11,819.0,10.0,0.0,0,288.21,0.0,1,0.27,0.17,SPY190418P00280500,280.5,0,0.0,0.0,,0.0,normalDay
2019-04-12,819.0,21.0,0.0,0,290.16,0.0,1,0.27,0.06,SPY190418P00280500,280.5,0,0.0,0.0,,0.0,normalDay
2019-04-15,819.0,23.0,0.0,0,289.97,0.0,1,0.27,0.04,SPY190418P00280500,280.5,0,0.0,0.0,,0.0,normalDay
2019-04-16,819.0,24.0,0.0,0,290.16,0.0,1,0.27,0.03,SPY190418P00280500,280.5,0,0.0,0.0,,0.0,normalDay
2019-04-17,819.0,25.0,0.0,0,289.45,0.0,1,0.27,0.02,SPY190418P00280500,280.5,0,0.0,0.0,,0.0,normalDay
2019-04-18,846.0,0.0,27.0,0,290.02,0.0,1,0.27,0.0,SPY190418P00280500,280.5,0,0.0,0.0,,0.0,expirationDay
2019-04-22,846.0,-3.0,0.0,0,290.27,0.0,1,0.43,0.46,SPY190503P00283000,283.0,0,0.0,0.0,,0.0,normalDay
2019-04-23,846.0,13.0,0.0,0,292.88,0.0,1,0.43,0.3,SPY190503P00283000,283.0,0,0.0,0.0,,0.0,normalDay
2019-04-24,846.0,10.0,0.0,0,292.23,0.0,1,0.43,0.33,SPY190503P00283000,283.0,0,0.0,0.0,,0.0,normalDay
2019-04-25,846.0,15.0,0.0,0,292.05,0.0,1,0.43,0.28,SPY190503P00283000,283.0,0,0.0,0.0,,0.0,normalDay
2019-04-26,846.0,26.0,0.0,0,293.41,0.0,1,0.43,0.17,SPY190503P00283000,283.0,0,0.0,0.0,,0.0,normalDay
2019-04-29,846.0,34.0,0.0,0,293.87,0.0,1,0.43,0.09,SPY190503P00283000,283.0,0,0.0,0.0,,0.0,normalDay
2019-04-30,846.0,36.0,0.0,0,294.02,0.0,1,0.43,0.07,SPY190503P00283000,283.0,0,0.0,0.0,,0.0,normalDay
2019-05-01,846.0,31.0,0.0,0,291.81,0.0,1,0.43,0.12,SPY190503P00283000,283.0,0,0.0,0.0,,0.0,normalDay
2019-05-02,846.0,39.0,0.0,0,291.18,0.0,1,0.43,0.04,SPY190503P00283000,283.0,0,0.0,0.0,,0.0,normalDay
2019-05-03,889.0,0.0,43.0,0,294.03,0.0,1,0.43,0.0,SPY190503P00283000,283.0,0,0.0,0.0,,0.0,expirationDay
2019-05-06,889.0,-4.0,0.0,0,292.82,0.0,1,1.57,1.61,SPY190517P00289500,289.5,0,0.0,0.0,,0.0,normalDay
2019-05-07,889.0,-257.0,0.0,0,287.93,0.0,1,1.57,4.14,SPY190517P00289500,289.5,0,0.0,0.0,,0.0,normalDay
2019-05-08,889.0,-265.0,0.0,0,287.53,0.0,1,1.57,4.22,SPY190517P00289500,289.5,0,0.0,0.0,,0.0,normalDay
2019-05-09,889.0,-308.0,0.0,0,286.66,0.0,1,1.57,4.65,SPY190517P00289500,289.5,0,0.0,0.0,,0.0,normalDay
2019-05-10,889.0,-160.0,0.0,0,288.1,0.0,1,1.57,3.17,SPY190517P00289500,289.5,0,0.0,0.0,,0.0,normalDay
2019-05-13,889.0,-751.0,0.0,0,280.86,0.0,1,1.57,9.08,SPY190517P00289500,289.5,0,0.0,0.0,,0.0,normalDay
2019-05-14,889.0,-468.0,0.0,0,283.4,0.0,1,1.57,6.25,SPY190517P00289500,289.5,0,0.0,0.0,,0.0,normalDay
2019-05-15,889.0,-284.0,0.0,0,285.06,0.0,1,1.57,4.41,SPY190517P00289500,289.5,0,0.0,0.0,,0.0,normalDay
2019-05-16,889.0,-49.0,0.0,0,287.7,0.0,1,1.57,2.06,SPY190517P00289500,289.5,0,0.0,0.0,,0.0,normalDay
2019-05-17,1046.0,-366.0,157.0,100,285.84,289.5,1,1.57,0.0,SPY190517P00289500,289.5,0,0.0,0.0,,0.0,expirationDay
2019-05-20,1046.0,-555.0,0.0,100,283.95,289.5,0,0.0,0.0,,0.0,0,0.0,0.0,,0.0,bidTooLow
2019-05-21,1046.0,-302.0,0.0,100,286.51,289.5,0,0.0,0.0,,0.0,1,0.04,0.07,SPY190524C00292000,292.0,normalDay
2019-05-22,1046.0,-385.0,0.0,100,285.63,289.5,0,0.0,0.0,,0.0,1,0.04,0.02,SPY190524C00292000,292.0,normalDay
2019-05-23,1046.0,-733.0,0.0,100,282.14,289.5,0,0.0,0.0,,0.0,1,0.04,0.01,SPY190524C00292000,292.0,normalDay
2019-05-24,1050.0,-672.0,4.0,100,282.78,289.5,0,0.0,0.0,,0.0,1,0.04,0.0,SPY190524C00292000,292.0,expirationDay
2019-05-28,1050.0,-935.0,0.0,100,280.15,289.5,0,0.0,0.0,,0.0,0,0.0,0.0,,0.0,bidTooLow
2019-05-29,1050.0,-1123.0,0.0,100,278.27,289.5,0,0.0,0.0,,0.0,0,0.0,0.0,,0.0,bidTooLow
2019-05-30,1050.0,-1047.0,0.0,100,279.03,289.5,0,0.0,0.0,,0.0,0,0.0,0.0,,0.0,bidTooLow
2019-05-31,1050.0,-1423.0,0.0,100,275.27,289.5,0,0.0,0.0,,0.0,0,0.0,0.0,,0.0,bidTooLow
2019-06-03,1050.0,-1493.0,0.0,100,274.57,289.5,0,0.0,0.0,,0.0,0,0.0,0.0,,0.0,bidTooLow
2019-06-04,1050.0,-900.0,0.0,100,280.53,289.5,0,0.0,0.0,,0.0,1,0.08,0.11,SPY190607C00286000,286.0,normalDay
2019-06-05,1050.0,-671.0,0.0,100,282.96,289.5,0,0.0,0.0,,0.0,1,0.08,0.25,SPY190607C00286000,286.0,normalDay
2019-06-06,1050.0,-506.0,0.0,100,284.8,289.5,0,0.0,0.0,,0.0,1,0.08,0.44,SPY190607C00286000,286.0,normalDay
2019-06-07,708.0,-506.0,-342.0,0,287.65,0.0,0,0.0,0.0,,0.0,1,0.08,0.0,SPY190607C00286000,286.0,expirationDay
2019-06-10,708.0,-4.0,0.0,0,288.97,0.0,1,0.84,0.88,SPY190621P00280000,280.0,0,0.0,0.0,,0.0,normalDay
2019-06-11,708.0,3.0,0.0,0,288.9,0.0,1,0.84,0.81,SPY190621P00280000,280.0,0,0.0,0.0,,0.0,normalDay
2019-06-12,708.0,13.0,0.0,0,288.39,0.0,1,0.84,0.71,SPY190621P00280000,280.0,0,0.0,0.0,,0.0,normalDay
2019-06-13,708.0,41.0,0.0,0,289.58,0.0,1,0.84,0.43,SPY190621P00280000,280.0,0,0.0,0.0,,0.0,normalDay
2019-06-14,708.0,57.0,0.0,0,289.26,0.0,1,0.84,0.27,SPY190621P00280000,280.0,0,0.0,0.0,,0.0,normalDay
2019-06-17,708.0,64.0,0.0,0,289.37,0.0,1,0.84,0.2,SPY190621P00280000,280.0,0,0.0,0.0,,0.0,normalDay
2019-06-18,708.0,75.0,0.0,0,292.4,0.0,1,0.84,0.09,SPY190621P00280000,280.0,0,0.0,0.0,,0.0,normalDay
2019-06-19,708.0,80.0,0.0,0,293.06,0.0,1,0.84,0.04,SPY190621P00280000,280.0,0,0.0,0.0,,0.0,normalDay
2019-06-20,708.0,80.0,0.0,0,295.86,0.0,1,0.84,0.04,SPY190621P00280000,280.0,0,0.0,0.0,,0.0,normalDay
2019-06-21,792.0,0.0,84.0,0,294.0,0.0,1,0.84,0.0,SPY190621P00280000,280.0,0,0.0,0.0,,0.0,expirationDay
2019-06-24,792.0,-4.0,0.0,0,293.64,0.0,1,0.41,0.45,SPY190705P00281000,281.0,0,0.0,0.0,,0.0,normalDay
2019-06-25,792.0,-29.0,0.0,0,290.76,0.0,1,0.41,0.7,SPY190705P00281000,281.0,0,0.0,0.0,,0.0,normalDay
2019-06-26,792.0,-21.0,0.0,0,290.47,0.0,1,0.41,0.62,SPY190705P00281000,281.0,0,0.0,0.0,,0.0,normalDay
2019-06-27,792.0,0.0,0.0,0,291.5,0.0,1,0.41,0.41,SPY190705P00281000,281.0,0,0.0,0.0,,0.0,normalDay
2019-06-28,792.0,15.0,0.0,0,293.0,0.0,1,0.41,0.26,SPY190705P00281000,281.0,0,0.0,0.0,,0.0,normalDay
2019-07-01,792.0,37.0,0.0,0,295.66,0.0,1,0.41,0.04,SPY190705P00281000,281.0,0,0.0,0.0,,0.0,normalDay
2019-07-02,792.0,39.0,0.0,0,296.43,0.0,1,0.41,0.02,SPY190705P00281000,281.0,0,0.0,0.0,,0.0,normalDay
2019-07-03,792.0,40.0,0.0,0,298.8,0.0,1,0.41,0.01,SPY190705P00281000,281.0,0,0.0,0.0,,0.0,normalDay
2019-07-05,833.0,0.0,41.0,0,298.46,0.0,1,0.41,0.0,SPY190705P00281000,281.0,0,0.0,0.0,,0.0,expirationDay
2019-07-08,833.0,-3.0,0.0,0,296.82,0.0,1,0.44,0.47,SPY190719P00290000,290.0,0,0.0,0.0,,0.0,normalDay
2019-07-09,833.0,3.0,0.0,0,297.19,0.0,1,0.44,0.41,SPY190719P00290000,290.0,0,0.0,0.0,,0.0,normalDay
2019-07-10,833.0,23.0,0.0,0,298.61,0.0,1,0.44,0.21,SPY190719P00290000,290.0,0,0.0,0.0,,0.0,normalDay
2019-07-11,833.0,27.0,0.0,0,299.31,0.0,1,0.44,0.17,SPY190719P00290000,290.0,0,0.0,0.0,,0.0,normalDay
2019-07-12,833.0,34.0,0.0,0,300.65,0.0,1,0.44,0.1,SPY190719P00290000,290.0,0,0.0,0.0,,0.0,normalDay
2019-07-15,833.0,36.0,0.0,0,300.75,0.0,1,0.44,0.08,SPY190719P00290000,290.0,0,0.0,0.0,,0.0,normalDay
2019-07-16,833.0,37.0,0.0,0,299.78,0.0,1,0.44,0.07,SPY190719P00290000,290.0,0,0.0,0.0,,0.0,normalDay
2019-07-17,833.0,38.0,0.0,0,297.74,0.0,1,0.44,0.06,SPY190719P00290000,290.0,0,0.0,0.0,,0.0,normalDay
2019-07-18,833.0,41.0,0.0,0,298.83,0.0,1,0.44,0.03,SPY190719P00290000,290.0,0,0.0,0.0,,0.0,normalDay
2019-07-19,877.0,0.0,44.0,0,297.17,0.0,1,0.44,0.0,SPY190719P00290000,290.0,0,0.0,0.0,,0.0,expirationDay
2019-07-22,877.0,-4.0,0.0,0,297.9,0.0,1,1.28,1.32,SPY190802P00294000,294.0,0,0.0,0.0,,0.0,normalDay
2019-07-23,877.0,51.0,0.0,0,300.03,0.0,1,1.28,0.77,SPY190802P00294000,294.0,0,0.0,0.0,,0.0,normalDay
2019-07-24,877.0,80.0,0.0,0,301.44,0.0,1,1.28,0.48,SPY190802P00294000,294.0,0,0.0,0.0,,0.0,normalDay
2019-07-25,877.0,70.0,0.0,0,300.0,0.0,1,1.28,0.58,SPY190802P00294000,294.0,0,0.0,0.0,,0.0,normalDay
2019-07-26,877.0,104.0,0.0,0,302.01,0.0,1,1.28,0.24,SPY190802P00294000,294.0,0,0.0,0.0,,0.0,normalDay
2019-07-29,877.0,109.0,0.0,0,301.46,0.0,1,1.28,0.19,SPY190802P00294000,294.0,0,0.0,0.0,,0.0,normalDay
2019-07-30,877.0,98.0,0.0,0,300.72,0.0,1,1.28,0.3,SPY190802P00294000,294.0,0,0.0,0.0,,0.0,normalDay
2019-07-31,877.0,40.0,0.0,0,297.43,0.0,1,1.28,0.88,SPY190802P00294000,294.0,0,0.0,0.0,,0.0,normalDay
2019-08-01,877.0,35.0,0.0,0,294.84,0.0,1,1.28,0.93,SPY190802P00294000,294.0,0,0.0,0.0,,0.0,normalDay
2019-08-02,1005.0,-138.0,128.0,100,292.62,294.0,1,1.28,0.0,SPY190802P00294000,294.0,0,0.0,0.0,,0.0,expirationDay
2019-08-05,1005.0,-1018.0,0.0,100,283.82,294.0,0,0.0,0.0,,0.0,0,0.0,0.0,,0.0,bidTooLow
2019-08-06,1005.0,-620.0,0.0,100,287.8,294.0,0,0.0,0.0,,0.0,0,0.0,0.0,,0.0,bidTooLow
2019-08-07,1005.0,-603.0,0.0,100,287.97,294.0,0,0.0,0.0,,0.0,0,0.0,0.0,,0.0,bidTooLow
2019-08-08,1005.0,-38.0,0.0,100,293.62,294.0,0,0.0,0.0,,0.0,0,0.0,0.0,,0.0,bidTooLow
2019-08-09,1005.0,-238.0,0.0,100,291.62,294.0,0,0.0,0.0,,0.0,0,0.0,0.0,,0.0,bidTooLow
2019-08-12,1005.0,-593.0,0.0,100,288.07,294.0,0,0.0,0.0,,0.0,0,0.0,0.0,,0.0,bidTooLow
2019-08-13,1005.0,-148.0,0.0,100,292.55,294.0,0,0.0,0.0,,0.0,1,0.06,0.09,SPY190816C00299000,299.0,normalDay
2019-08-14,1005.0,-1006.0,0.0,100,283.9,294.0,0,0.0,0.0,,0.0,1,0.06,0.02,SPY190816C00299000,299.0,normalDay
2019-08-15,1005.0,-930.0,0.0,100,284.65,294.0,0,0.0,0.0,,0.0,1,0.06,0.01,SPY190816C00299000,299.0,normalDay
2019-08-16,1011.0,-515.0,6.0,100,288.85,294.0,0,0.0,0.0,,0.0,1,0.06,0.0,SPY190816C00299000,299.0,expirationDay
2019-08-19,1011.0,-167.0,0.0,100,292.33,294.0,0,0.0,0.0,,0.0,0,0.0,0.0,,0.0,bidTooLow
2019-08-20,1011.0,-394.0,0.0,100,290.09,294.0,0,0.0,0.0,,0.0,1,0.06,0.09,SPY190823C00297000,297.0,normalDay
2019-08-21,1011.0,-164.0,0.0,100,292.45,294.0,0,0.0,0.0,,0.0,1,0.06,0.15,SPY190823C00297000,297.0,normalDay
2019-08-22,1011.0,-162.0,0.0,100,292.36,294.0,0,0.0,0.0,,0.0,1,0.06,0.04,SPY190823C00297000,297.0,normalDay
2019-08-23,1017.0,-915.0,6.0,100,284.85,294.0,0,0.0,0.0,,0.0,1,0.06,0.0,SPY190823C00297000,297.0,expirationDay
2019-08-26,1017.0,-603.0,0.0,100,288.0,294.0,0,0.0,0.0,,0.0,1,0.09,0.12,SPY190828C00293500,293.5,normalDay
2019-08-27,1017.0,-706.0,0.0,100,286.87,294.0,0,0.0,0.0,,0.0,1,0.09,0.02,SPY190828C00293500,293.5,normalDay
2019-08-28,1026.0,-511.0,9.0,100,288.89,294.0,0,0.0,0.0,,0.0,1,0.09,0.0,SPY190828C00293500,293.5,expirationDay
2019-08-29,1026.0,-147.0,0.0,100,292.58,294.0,0,0.0,0.0,,0.0,1,1.7,1.75,SPY190830C00291500,291.5,normalDay
2019-08-30,946.0,-147.0,-80.0,0,292.45,0.0,0,0.0,0.0,,0.0,1,1.7,0.0,SPY190830C00291500,291.5,expirationDay
2019-09-03,946.0,-4.0,0.0,0,290.74,0.0,1,2.15,2.19,SPY190913P00287000,287.0,0,0.0,0.0,,0.0,normalDay
2019-09-04,946.0,127.0,0.0,0,294.04,0.0,1,2.15,0.88,SPY190913P00287000,287.0,0,0.0,0.0,,0.0,normalDay
2019-09-05,946.0,180.0,0.0,0,297.82,0.0,1,2.15,0.35,SPY190913P00287000,287.0,0,0.0,0.0,,0.0,normalDay
2019-09-06,946.0,201.0,0.0,0,298.05,0.0,1,2.15,0.14,SPY190913P00287000,287.0,0,0.0,0.0,,0.0,normalDay
2019-09-09,946.0,208.0,0.0,0,298.2,0.0,1,2.15,0.07,SPY190913P00287000,287.0,0,0.0,0.0,,0.0,normalDay
2019-09-10,946.0,209.0,0.0,0,298.13,0.0,1,2.15,0.06,SPY190913P00287000,287.0,0,0.0,0.0,,0.0,normalDay
2019-09-11,946.0,212.0,0.0,0,300.25,0.0,1,2.15,0.03,SPY190913P00287000,287.0,0,0.0,0.0,,0.0,normalDay
2019-09-12,946.0,213.0,0.0,0,301.29,0.0,1,2.15,0.02,SPY190913P00287000,287.0,0,0.0,0.0,,0.0,normalDay
2019-09-13,1161.0,0.0,215.0,0,301.09,0.0,1,2.15,0.0,SPY190913P00287000,287.0,0,0.0,0.0,,0.0,expirationDay
2019-09-16,1161.0,-3.0,0.0,0,300.16,0.0,1,0.66,0.69,SPY190927P00290000,290.0,0,0.0,0.0,,0.0,normalDay
2019-09-17,1161.0,8.0,0.0,0,300.92,0.0,1,0.66,0.58,SPY190927P00290000,290.0,0,0.0,0.0,,0.0,normalDay
2019-09-18,1161.0,21.0,0.0,0,301.1,0.0,1,0.66,0.45,SPY190927P00290000,290.0,0,0.0,0.0,,0.0,normalDay
2019-09-19,1161.0,31.0,0.0,0,301.08,0.0,1,0.66,0.35,SPY190927P00290000,290.0,0,0.0,0.0,,0.0,normalDay
2019-09-20,1161.0,22.0,0.0,0,298.28,0.0,1,0.66,0.44,SPY190927P00290000,290.0,0,0.0,0.0,,0.0,normalDay
2019-09-23,1161.0,50.0,0.0,0,298.21,0.0,1,0.66,0.16,SPY190927P00290000,290.0,0,0.0,0.0,,0.0,normalDay
2019-09-24,1161.0,25.0,0.0,0,295.87,0.0,1,0.66,0.41,SPY190927P00290000,290.0,0,0.0,0.0,,0.0,normalDay
2019-09-25,1161.0,54.0,0.0,0,297.62,0.0,1,0.66,0.12,SPY190927P00290000,290.0,0,0.0,0.0,,0.0,normalDay
2019-09-26,1161.0,63.0,0.0,0,297.0,0.0,1,0.66,0.03,SPY190927P00290000,290.0,0,0.0,0.0,,0.0,normalDay
2019-09-27,1227.0,0.0,66.0,0,295.4,0.0,1,0.66,0.0,SPY190927P00290000,290.0,0,0.0,0.0,,0.0,expirationDay
2019-09-30,1227.0,-4.0,0.0,0,296.77,0.0,1,2.37,2.41,SPY191011P00296000,296.0,0,0.0,0.0,,0.0,normalDay
2019-10-01,1227.0,-211.0,0.0,0,293.24,0.0,1,2.37,4.48,SPY191011P00296000,296.0,0,0.0,0.0,,0.0,normalDay
2019-10-02,1227.0,-652.0,0.0,0,288.06,0.0,1,2.37,8.89,SPY191011P00296000,296.0,0,0.0,0.0,,0.0,normalDay
2019-10-03,1227.0,-386.0,0.0,0,290.42,0.0,1,2.37,6.23,SPY191011P00296000,296.0,0,0.0,0.0,,0.0,normalDay
2019-10-04,1227.0,-85.0,0.0,0,294.35,0.0,1,2.37,3.22,SPY191011P00296000,296.0,0,0.0,0.0,,0.0,normalDay
2019-10-07,1227.0,-146.0,0.0,0,293.08,0.0,1,2.37,3.83,SPY191011P00296000,296.0,0,0.0,0.0,,0.0,normalDay
2019-10-08,1227.0,-523.0,0.0,0,288.53,0.0,1,2.37,7.6,SPY191011P00296000,296.0,0,0.0,0.0,,0.0,normalDay
2019-10-09,1227.0,-280.0,0.0,0,291.27,0.0,1,2.37,5.17,SPY191011P00296000,296.0,0,0.0,0.0,,0.0,normalDay
2019-10-10,1227.0,-77.0,0.0,0,293.24,0.0,1,2.37,3.14,SPY191011P00296000,296.0,0,0.0,0.0,,0.0,normalDay
2019-10-11,1464.0,0.0,237.0,0,296.28,0.0,1,2.37,0.0,SPY191011P00296000,296.0,0,0.0,0.0,,0.0,expirationDay
2019-10-14,1464.0,-3.0,0.0,0,295.95,0.0,1,1.54,1.57,SPY191025P00292500,292.5,0,0.0,0.0,,0.0,normalDay
2019-10-15,1464.0,86.0,0.0,0,298.88,0.0,1,1.54,0.68,SPY191025P00292500,292.5,0,0.0,0.0,,0.0,normalDay
2019-10-16,1464.0,93.0,0.0,0,298.4,0.0,1,1.54,0.61,SPY191025P00292500,292.5,0,0.0,0.0,,0.0,normalDay
2019-10-17,1464.0,113.0,0.0,0,299.28,0.0,1,1.54,0.41,SPY191025P00292500,292.5,0,0.0,0.0,,0.0,normalDay
2019-10-18,1464.0,110.0,0.0,0,297.97,0.0,1,1.54,0.44,SPY191025P00292500,292.5,0,0.0,0.0,,0.0,normalDay
2019-10-21,1464.0,142.0,0.0,0,299.99,0.0,1,1.54,0.12,SPY191025P00292500,292.5,0,0.0,0.0,,0.0,normalDay
2019-10-22,1464.0,140.0,0.0,0,299.01,0.0,1,1.54,0.14,SPY191025P00292500,292.5,0,0.0,0.0,,0.0,normalDay
2019-10-23,1464.0,150.0,0.0,0,299.88,0.0,1,1.54,0.04,SPY191025P00292500,292.5,0,0.0,0.0,,0.0,normalDay
2019-10-24,1464.0,152.0,0.0,0,300.37,0.0,1,1.54,0.02,SPY191025P00292500,292.5,0,0.0,0.0,,0.0,normalDay
2019-10-25,1618.0,0.0,154.0,0,301.6,0.0,1,1.54,0.0,SPY191025P00292500,292.5,0,0.0,0.0,,0.0,expirationDay
2019-10-28,1618.0,-4.0,0.0,0,303.3,0.0,1,0.28,0.32,SPY191108P00292500,292.5,0,0.0,0.0,,0.0,normalDay
2019-10-29,1618.0,0.0,0.0,0,303.21,0.0,1,0.28,0.28,SPY191108P00292500,292.5,0,0.0,0.0,,0.0,normalDay
2019-10-30,1618.0,12.0,0.0,0,304.14,0.0,1,0.28,0.16,SPY191108P00292500,292.5,0,0.0,0.0,,0.0,normalDay
2019-10-31,1618.0,9.0,0.0,0,303.33,0.0,1,0.28,0.19,SPY191108P00292500,292.5,0,0.0,0.0,,0.0,normalDay
2019-11-01,1618.0,24.0,0.0,0,306.14,0.0,1,0.28,0.04,SPY191108P00292500,292.5,0,0.0,0.0,,0.0,normalDay
2019-11-04,1618.0,25.0,0.0,0,307.37,0.0,1,0.28,0.03,SPY191108P00292500,292.5,0,0.0,0.0,,0.0,normalDay
2019-11-05,1618.0,26.0,0.0,0,307.03,0.0,1,0.28,0.02,SPY191108P00292500,292.5,0,0.0,0.0,,0.0,normalDay
2019-11-06,1618.0,27.0,0.0,0,307.1,0.0,1,0.28,0.01,SPY191108P00292500,292.5,0,0.0,0.0,,0.0,normalDay
2019-11-07,1618.0,27.0,0.0,0,308.18,0.0,1,0.28,0.01,SPY191108P00292500,292.5,0,0.0,0.0,,0.0,normalDay
2019-11-08,1646.0,0.0,28.0,0,308.94,0.0,1,0.28,0.0,SPY191108P00292500,292.5,0,0.0,0.0,,0.0,expirationDay
2019-11-11,1646.0,-3.0,0.0,0,308.35,0.0,1,0.35,0.38,SPY191122P00300000,300.0,0,0.0,0.0,,0.0,normalDay
2019-11-12,1646.0,0.0,0.0,0,309.0,0.0,1,0.35,0.35,SPY191122P00300000,300.0,0,0.0,0.0,,0.0,normalDay
2019-11-13,1646.0,6.0,0.0,0,309.1,0.0,1,0.35,0.29,SPY191122P00300000,300.0,0,0.0,0.0,,0.0,normalDay
2019-11-14,1646.0,10.0,0.0,0,309.55,0.0,1,0.35,0.25,SPY191122P00300000,300.0,0,0.0,0.0,,0.0,normalDay
2019-11-15,1646.0,26.0,0.0,0,311.79,0.0,1,0.35,0.09,SPY191122P00300000,300.0,0,0.0,0.0,,0.0,normalDay
2019-11-18,1646.0,30.0,0.0,0,312.02,0.0,1,0.35,0.05,SPY191122P00300000,300.0,0,0.0,0.0,,0.0,normalDay
2019-11-19,1646.0,31.0,0.0,0,311.93,0.0,1,0.35,0.04,SPY191122P00300000,300.0,0,0.0,0.0,,0.0,normalDay
2019-11-20,1646.0,30.0,0.0,0,310.77,0.0,1,0.35,0.05,SPY191122P00300000,300.0,0,0.0,0.0,,0.0,normalDay
2019-11-21,1646.0,33.0,0.0,0,310.27,0.0,1,0.35,0.02,SPY191122P00300000,300.0,0,0.0,0.0,,0.0,normalDay
2019-11-22,1681.0,0.0,35.0,0,310.96,0.0,1,0.35,0.0,SPY191122P00300000,300.0,0,0.0,0.0,,0.0,expirationDay
2019-11-25,1681.0,-3.0,0.0,0,313.37,0.0,1,0.46,0.49,SPY191206P00306000,306.0,0,0.0,0.0,,0.0,normalDay
2019-11-26,1681.0,12.0,0.0,0,314.08,0.0,1,0.46,0.34,SPY191206P00306000,306.0,0,0.0,0.0,,0.0,normalDay
2019-11-27,1681.0,24.0,0.0,0,315.48,0.0,1,0.46,0.22,SPY191206P00306000,306.0,0,0.0,0.0,,0.0,normalDay
2019-11-29,1681.0,19.0,0.0,0,314.31,0.0,1,0.46,0.27,SPY191206P00306000,306.0,0,0.0,0.0,,0.0,normalDay
2019-12-02,1681.0,-3.0,0.0,0,311.64,0.0,1,0.46,0.49,SPY191206P00306000,306.0,0,0.0,0.0,,0.0,normalDay
2019-12-03,1681.0,-29.0,0.0,0,309.55,0.0,1,0.46,0.75,SPY191206P00306000,306.0,0,0.0,0.0,,0.0,normalDay
2019-12-04,1681.0,23.0,0.0,0,311.46,0.0,1,0.46,0.23,SPY191206P00306000,306.0,0,0.0,0.0,,0.0,normalDay
2019-12-05,1681.0,41.0,0.0,0,312.02,0.0,1,0.46,0.05,SPY191206P00306000,306.0,0,0.0,0.0,,0.0,normalDay
2019-12-06,1727.0,0.0,46.0,0,314.87,0.0,1,0.46,0.0,SPY191206P00306000,306.0,0,0.0,0.0,,0.0,expirationDay
2019-12-09,1727.0,-3.0,0.0,0,313.88,0.0,1,2.23,2.26,SPY191220P00310000,310.0,0,0.0,0.0,,0.0,normalDay
2019-12-10,1727.0,19.0,0.0,0,313.53,0.0,1,2.23,2.04,SPY191220P00310000,310.0,0,0.0,0.0,,0.0,normalDay
2019-12-11,1727.0,65.0,0.0,0,314.42,0.0,1,2.23,1.58,SPY191220P00310000,310.0,0,0.0,0.0,,0.0,normalDay
2019-12-12,1727.0,130.0,0.0,0,317.13,0.0,1,2.23,0.93,SPY191220P00310000,310.0,0,0.0,0.0,,0.0,normalDay
2019-12-13,1727.0,168.0,0.0,0,317.32,0.0,1,2.23,0.55,SPY191220P00310000,310.0,0,0.0,0.0,,0.0,normalDay
2019-12-16,1727.0,204.0,0.0,0,319.5,0.0,1,2.23,0.19,SPY191220P00310000,310.0,0,0.0,0.0,,0.0,normalDay
2019-12-17,1727.0,213.0,0.0,0,319.57,0.0,1,2.23,0.1,SPY191220P00310000,310.0,0,0.0,0.0,,0.0,normalDay
2019-12-18,1727.0,217.0,0.0,0,319.59,0.0,1,2.23,0.06,SPY191220P00310000,310.0,0,0.0,0.0,,0.0,normalDay
2019-12-19,1727.0,219.0,0.0,0,320.9,0.0,1,2.23,0.04,SPY191220P00310000,310.0,0,0.0,0.0,,0.0,normalDay
2019-12-20,1950.0,0.0,223.0,0,320.73,0.0,1,2.23,0.0,SPY191220P00310000,310.0,0,0.0,0.0,,0.0,expirationDay
2019-12-23,1950.0,-3.0,0.0,0,321.22,0.0,1,0.37,0.4,SPY200103P00313000,313.0,0,0.0,0.0,,0.0,normalDay
2019-12-24,1950.0,4.0,0.0,0,321.23,0.0,1,0.37,0.33,SPY200103P00313000,313.0,0,0.0,0.0,,0.0,normalDay
2019-12-26,1950.0,20.0,0.0,0,322.94,0.0,1,0.37,0.17,SPY200103P00313000,313.0,0,0.0,0.0,,0.0,normalDay
2019-12-27,1950.0,22.0,0.0,0,322.86,0.0,1,0.37,0.15,SPY200103P00313000,313.0,0,0.0,0.0,,0.0,normalDay
2019-12-30,1950.0,20.0,0.0,0,321.08,0.0,1,0.37,0.17,SPY200103P00313000,313.0,0,0.0,0.0,,0.0,normalDay
2019-12-31,1950.0,25.0,0.0,0,321.86,0.0,1,0.37,0.12,SPY200103P00313000,313.0,0,0.0,0.0,,0.0,normalDay
2020-01-02,1950.0,35.0,0.0,0,324.87,0.0,1,0.37,0.02,SPY200103P00313000,313.0,0,0.0,0.0,,0.0,normalDay
2020-01-03,1987.0,0.0,37.0,0,322.41,0.0,1,0.37,0.0,SPY200103P00313000,313.0,0,0.0,0.0,,0.0,expirationDay
2020-01-06,1987.0,-3.0,0.0,0,323.64,0.0,1,0.78,0.81,SPY200117P00317000,317.0,0,0.0,0.0,,0.0,normalDay
2020-01-07,1987.0,-12.0,0.0,0,322.73,0.0,1,0.78,0.9,SPY200117P00317000,317.0,0,0.0,0.0,,0.0,normalDay
2020-01-08,1987.0,23.0,0.0,0,324.45,0.0,1,0.78,0.55,SPY200117P00317000,317.0,0,0.0,0.0,,0.0,normalDay
2020-01-09,1987.0,51.0,0.0,0,326.65,0.0,1,0.78,0.27,SPY200117P00317000,317.0,0,0.0,0.0,,0.0,normalDay
2020-01-10,1987.0,55.0,0.0,0,325.71,0.0,1,0.78,0.23,SPY200117P00317000,317.0,0,0.0,0.0,,0.0,normalDay
2020-01-13,1987.0,71.0,0.0,0,327.95,0.0,1,0.78,0.07,SPY200117P00317000,317.0,0,0.0,0.0,,0.0,normalDay
2020-01-14,1987.0,72.0,0.0,0,327.45,0.0,1,0.78,0.06,SPY200117P00317000,317.0,0,0.0,0.0,,0.0,normalDay
2020-01-15,1987.0,74.0,0.0,0,328.19,0.0,1,0.78,0.04,SPY200117P00317000,317.0,0,0.0,0.0,,0.0,normalDay
2020-01-16,1987.0,76.0,0.0,0,330.92,0.0,1,0.78,0.02,SPY200117P00317000,317.0,0,0.0,0.0,,0.0,normalDay
2020-01-17,2065.0,0.0,78.0,0,331.95,0.0,1,0.78,0.0,SPY200117P00317000,317.0,0,0.0,0.0,,0.0,expirationDay
2020-01-21,2065.0,-4.0,0.0,0,331.3,0.0,1,0.41,0.45,SPY200131P00322000,322.0,0,0.0,0.0,,0.0,normalDay
2020-01-22,2065.0,6.0,0.0,0,331.34,0.0,1,0.41,0.35,SPY200131P00322000,322.0,0,0.0,0.0,,0.0,normalDay
2020-01-23,2065.0,14.0,0.0,0,331.72,0.0,1,0.41,0.27,SPY200131P00322000,322.0,0,0.0,0.0,,0.0,normalDay
2020-01-24,2065.0,-32.0,0.0,0,328.77,0.0,1,0.41,0.73,SPY200131P00322000,322.0,0,0.0,0.0,,0.0,normalDay
2020-01-27,2065.0,-189.0,0.0,0,323.5,0.0,1,0.41,2.3,SPY200131P00322000,322.0,0,0.0,0.0,,0.0,normalDay
2020-01-28,2065.0,-32.0,0.0,0,326.89,0.0,1,0.41,0.73,SPY200131P00322000,322.0,0,0.0,0.0,,0.0,normalDay
2020-01-29,2065.0,-3.0,0.0,0,326.62,0.0,1,0.41,0.44,SPY200131P00322000,322.0,0,0.0,0.0,,0.0,normalDay
2020-01-30,2065.0,33.0,0.0,0,327.68,0.0,1,0.41,0.08,SPY200131P00322000,322.0,0,0.0,0.0,,0.0,normalDay
2020-01-31,2106.0,-27.0,41.0,100,321.73,322.0,1,0.41,0.0,SPY200131P00322000,322.0,0,0.0,0.0,,0.0,expirationDay
2020-02-03,2106.0,209.0,0.0,100,324.12,322.0,0,0.0,0.0,,0.0,1,0.16,0.19,SPY200205C00329000,329.0,normalDay
2020-02-04,2106.0,598.0,0.0,100,329.06,322.0,0,0.0,0.0,,0.0,1,0.16,1.24,SPY200205C00329000,329.0,normalDay
2020-02-05,2822.0,598.0,716.0,0,332.86,0.0,0,0.0,0.0,,0.0,1,0.16,0.0,SPY200205C00329000,329.0,expirationDay
2020-02-06,2822.0,-3.0,0.0,0,333.98,0.0,1,0.56,0.59,SPY200214P00326000,326.0,0,0.0,0.0,,0.0,normalDay
2020-02-07,2822.0,-20.0,0.0,0,332.2,0.0,1,0.56,0.76,SPY200214P00326000,326.0,0,0.0,0.0,,0.0,normalDay
2020-02-10,2822.0,35.0,0.0,0,334.68,0.0,1,0.56,0.21,SPY200214P00326000,326.0,0,0.0,0.0,,0.0,normalDay
2020-02-11,2822.0,44.0,0.0,0,335.26,0.0,1,0.56,0.12,SPY200214P00326000,326.0,0,0.0,0.0,,0.0,normalDay
2020-02-12,2822.0,53.0,0.0,0,337.42,0.0,1,0.56,0.03,SPY200214P00326000,326.0,0,0.0,0.0,,0.0,normalDay
2020-02-13,2822.0,54.0,0.0,0,337.06,0.0,1,0.56,0.02,SPY200214P00326000,326.0,0,0.0,0.0,,0.0,normalDay
2020-02-14,2878.0,0.0,56.0,0,337.6,0.0,1,0.56,0.0,SPY200214P00326000,326.0,0,0.0,0.0,,0.0,expirationDay
2020-02-18,2878.0,-3.0,0.0,0,336.73,0.0,1,0.55,0.58,SPY200228P00327000,327.0,0,0.0,0.0,,0.0,normalDay
2020-02-19,2878.0,26.0,0.0,0,338.34,0.0,1,0.55,0.29,SPY200228P00327000,327.0,0,0.0,0.0,,0.0,normalDay
2020-02-20,2878.0,14.0,0.0,0,336.95,0.0,1,0.55,0.41,SPY200228P00327000,327.0,0,0.0,0.0,,0.0,normalDay
2020-02-21,2878.0,-30.0,0.0,0,333.48,0.0,1,0.55,0.85,SPY200228P00327000,327.0,0,0.0,0.0,,0.0,normalDay
2020-02-24,2878.0,-609.0,0.0,0,322.42,0.0,1,0.55,6.64,SPY200228P00327000,327.0,0,0.0,0.0,,0.0,normalDay
2020-02-25,2878.0,-1357.0,0.0,0,312.65,0.0,1,0.55,14.12,SPY200228P00327000,327.0,0,0.0,0.0,,0.0,normalDay
2020-02-26,2878.0,-1550.0,0.0,0,311.5,0.0,1,0.55,16.05,SPY200228P00327000,327.0,0,0.0,0.0,,0.0,normalDay
2020-02-27,2878.0,-2927.0,0.0,0,297.51,0.0,1,0.55,29.82,SPY200228P00327000,327.0,0,0.0,0.0,,0.0,normalDay
2020-02-28,2933.0,-3074.0,55.0,100,296.26,327.0,1,0.55,0.0,SPY200228P00327000,327.0,0,0.0,0.0,,0.0,expirationDay
2020-03-02,2933.0,-1791.0,0.0,100,309.09,327.0,0,0.0,0.0,,0.0,0,0.0,0.0,,0.0,bidTooLow
2020-03-03,2933.0,-2676.0,0.0,100,300.24,327.0,0,0.0,0.0,,0.0,0,0.0,0.0,,0.0,bidTooLow
2020-03-04,2933.0,-1414.0,0.0,100,312.86,327.0,0,0.0,0.0,,0.0,0,0.0,0.0,,0.0,bidTooLow
2020-03-05,2933.0,-2454.0,0.0,100,302.46,327.0,0,0.0,0.0,,0.0,0,0.0,0.0,,0.0,bidTooLow
2020-03-06,2933.0,-2954.0,0.0,100,297.46,327.0,0,0.0,0.0,,0.0,0,0.0,0.0,,0.0,bidTooLow
2020-03-09,2933.0,-5277.0,0.0,100,274.23,327.0,0,0.0,0.0,,0.0,0,0.0,0.0,,0.0,bidTooLow
2020-03-10,2933.0,-3858.0,0.0,100,288.42,327.0,0,0.0,0.0,,0.0,0,0.0,0.0,,0.0,bidTooLow
2020-03-11,2933.0,-5264.0,0.0,100,274.36,327.0,0,0.0,0.0,,0.0,0,0.0,0.0,,0.0,bidTooLow
2020-03-12,2933.0,-7889.0,0.0,100,248.11,327.0,0,0.0,0.0,,0.0,0,0.0,0.0,,0.0,bidTooLow
2020-03-13,2933.0,-5768.0,0.0,100,269.32,327.0,0,0.0,0.0,,0.0,0,0.0,0.0,,0.0,bidTooLow
2020-03-16,2933.0,-8715.0,0.0,100,239.85,327.0,0,0.0,0.0,,0.0,0,0.0,0.0,,0.0,bidTooLow
2020-03-17,2933.0,-7420.0,0.0,100,252.8,327.0,0,0.0,0.0,,0.0,0,0.0,0.0,,0.0,bidTooLow
2020-03-18,2933.0,-8700.0,0.0,100,240.0,327.0,0,0.0,0.0,,0.0,0,0.0,0.0,,0.0,bidTooLow
2020-03-19,2933.0,-8649.0,0.0,100,240.51,327.0,0,0.0,0.0,,0.0,0,0.0,0.0,,0.0,bidTooLow
2020-03-20,2933.0,-9820.0,0.0,100,228.8,327.0,0,0.0,0.0,,0.0,0,0.0,0.0,,0.0,bidTooLow
2020-03-23,2933.0,-10405.0,0.0,100,222.95,327.0,0,0.0,0.0,,0.0,0,0.0,0.0,,0.0,bidTooLow
2020-03-24,2933.0,-8385.0,0.0,100,243.15,327.0,0,0.0,0.0,,0.0,0,0.0,0.0,,0.0,bidTooLow
2020-03-25,2933.0,-8021.0,0.0,100,246.79,327.0,0,0.0,0.0,,0.0,0,0.0,0.0,,0.0,bidTooLow
2020-03-26,2933.0,-6580.0,0.0,100,261.2,327.0,0,0.0,0.0,,0.0,0,0.0,0.0,,0.0,bidTooLow
2020-03-27,2933.0,-7358.0,0.0,100,253.42,327.0,0,0.0,0.0,,0.0,0,0.0,0.0,,0.0,bidTooLow
2020-03-30,2933.0,-6539.0,0.0,100,261.65,327.0,0,0.0,0.0,,0.0,1,0.13,0.17,SPY200401C00281000,281.0,normalDay
2020-03-31,2933.0,-6913.0,0.0,100,257.75,327.0,0,0.0,0.0,,0.0,1,0.13,0.01,SPY200401C00281000,281.0,normalDay
2020-04-01,2946.0,-8085.0,13.0,100,246.15,327.0,0,0.0,0.0,,0.0,1,0.13,0.0,SPY200401C00281000,281.0,expirationDay
2020-04-02,2946.0,-7521.0,0.0,100,251.83,327.0,0,0.0,0.0,,0.0,1,0.04,0.08,SPY200403C00268000,268.0,normalDay
2020-04-03,2950.0,-7881.0,4.0,100,248.19,327.0,0,0.0,0.0,,0.0,1,0.04,0.0,SPY200403C00268000,268.0,expirationDay
2020-04-06,2950.0,-6221.0,0.0,100,264.86,327.0,0,0.0,0.0,,0.0,1,5.97,6.04,SPY200409C00263000,263.0,normalDay
2020-04-07,2950.0,-6098.0,0.0,100,265.13,327.0,0,0.0,0.0,,0.0,1,5.97,5.08,SPY200409C00263000,263.0,normalDay
2020-04-08,2950.0,-5841.0,0.0,100,274.03,327.0,0,0.0,0.0,,0.0,1,5.97,11.41,SPY200409C00263000,263.0,normalDay
2020-04-09,-2853.0,-5841.0,-5803.0,0,278.2,0.0,0,0.0,0.0,,0.0,1,5.97,0.0,SPY200409C00263000,263.0,expirationDay
2020-04-13,-2853.0,-4.0,0.0,0,275.66,0.0,1,0.78,0.82,SPY200424P00241000,241.0,0,0.0,0.0,,0.0,normalDay
2020-04-14,-2853.0,41.0,0.0,0,283.79,0.0,1,0.78,0.37,SPY200424P00241000,241.0,0,0.0,0.0,,0.0,normalDay
2020-04-15,-2853.0,30.0,0.0,0,277.76,0.0,1,0.78,0.48,SPY200424P00241000,241.0,0,0.0,0.0,,0.0,normalDay
2020-04-16,-2853.0,44.0,0.0,0,279.1,0.0,1,0.78,0.34,SPY200424P00241000,241.0,0,0.0,0.0,,0.0,normalDay
2020-04-17,-2853.0,71.0,0.0,0,286.64,0.0,1,0.78,0.07,SPY200424P00241000,241.0,0,0.0,0.0,,0.0,normalDay
2020-04-20,-2853.0,71.0,0.0,0,281.59,0.0,1,0.78,0.07,SPY200424P00241000,241.0,0,0.0,0.0,,0.0,normalDay
2020-04-21,-2853.0,71.0,0.0,0,273.04,0.0,1,0.78,0.07,SPY200424P00241000,241.0,0,0.0,0.0,,0.0,normalDay
2020-04-22,-2853.0,76.0,0.0,0,279.1,0.0,1,0.78,0.02,SPY200424P00241000,241.0,0,0.0,0.0,,0.0,normalDay
2020-04-23,-2853.0,77.0,0.0,0,279.08,0.0,1,0.78,0.01,SPY200424P00241000,241.0,0,0.0,0.0,,0.0,normalDay
2020-04-24,-2775.0,0.0,78.0,0,282.97,0.0,1,0.78,0.0,SPY200424P00241000,241.0,0,0.0,0.0,,0.0,expirationDay
2020-04-27,-2775.0,-4.0,0.0,0,287.05,0.0,1,0.76,0.8,SPY200508P00261000,261.0,0,0.0,0.0,,0.0,normalDay
2020-04-28,-2775.0,-10.0,0.0,0,285.73,0.0,1,0.76,0.86,SPY200508P00261000,261.0,0,0.0,0.0,,0.0,normalDay
2020-04-29,-2775.0,42.0,0.0,0,293.21,0.0,1,0.76,0.34,SPY200508P00261000,261.0,0,0.0,0.0,,0.0,normalDay
2020-04-30,-2775.0,32.0,0.0,0,290.48,0.0,1,0.76,0.44,SPY200508P00261000,261.0,0,0.0,0.0,,0.0,normalDay
2020-05-01,-2775.0,16.0,0.0,0,282.79,0.0,1,0.76,0.6,SPY200508P00261000,261.0,0,0.0,0.0,,0.0,normalDay
2020-05-04,-2775.0,57.0,0.0,0,283.57,0.0,1,0.76,0.19,SPY200508P00261000,261.0,0,0.0,0.0,,0.0,normalDay
2020-05-05,-2775.0,68.0,0.0,0,286.19,0.0,1,0.76,0.08,SPY200508P00261000,261.0,0,0.0,0.0,,0.0,normalDay
2020-05-06,-2775.0,72.0,0.0,0,284.25,0.0,1,0.76,0.04,SPY200508P00261000,261.0,0,0.0,0.0,,0.0,normalDay
2020-05-07,-2775.0,74.0,0.0,0,287.68,0.0,1,0.76,0.02,SPY200508P00261000,261.0,0,0.0,0.0,,0.0,normalDay
2020-05-08,-2699.0,0.0,76.0,0,292.44,0.0,1,0.76,0.0,SPY200508P00261000,261.0,0,0.0,0.0,,0.0,expirationDay
2020-05-11,-2699.0,-4.0,0.0,0,292.5,0.0,1,1.69,1.73,SPY200522P00280000,280.0,0,0.0,0.0,,0.0,normalDay
2020-05-12,-2699.0,-204.0,0.0,0,286.67,0.0,1,1.69,3.73,SPY200522P00280000,280.0,0,0.0,0.0,,0.0,normalDay
2020-05-13,-2699.0,-310.0,0.0,0,281.6,0.0,1,1.69,4.79,SPY200522P00280000,280.0,0,0.0,0.0,,0.0,normalDay
2020-05-14,-2699.0,-156.0,0.0,0,284.97,0.0,1,1.69,3.25,SPY200522P00280000,280.0,0,0.0,0.0,,0.0,normalDay
2020-05-15,-2699.0,-88.0,0.0,0,286.28,0.0,1,1.69,2.57,SPY200522P00280000,280.0,0,0.0,0.0,,0.0,normalDay
2020-05-18,-2699.0,127.0,0.0,0,295.0,0.0,1,1.69,0.42,SPY200522P00280000,280.0,0,0.0,0.0,,0.0,normalDay
2020-05-19,-2699.0,131.0,0.0,0,291.97,0.0,1,1.69,0.38,SPY200522P00280000,280.0,0,0.0,0.0,,0.0,normalDay
2020-05-20,-2699.0,165.0,0.0,0,296.93,0.0,1,1.69,0.04,SPY200522P00280000,280.0,0,0.0,0.0,,0.0,normalDay
2020-05-21,-2699.0,167.0,0.0,0,294.88,0.0,1,1.69,0.02,SPY200522P00280000,280.0,0,0.0,0.0,,0.0,normalDay
2020-05-22,-2530.0,0.0,169.0,0,295.44,0.0,1,1.69,0.0,SPY200522P00280000,280.0,0,0.0,0.0,,0.0,expirationDay
2020-05-26,-2530.0,-3.0,0.0,0,299.08,0.0,1,1.21,1.24,SPY200605P00285000,285.0,0,0.0,0.0,,0.0,normalDay
2020-05-27,-2530.0,47.0,0.0,0,303.53,0.0,1,1.21,0.74,SPY200605P00285000,285.0,0,0.0,0.0,,0.0,normalDay
2020-05-28,-2530.0,54.0,0.0,0,302.97,0.0,1,1.21,0.67,SPY200605P00285000,285.0,0,0.0,0.0,,0.0,normalDay
2020-05-29,-2530.0,89.0,0.0,0,304.32,0.0,1,1.21,0.32,SPY200605P00285000,285.0,0,0.0,0.0,,0.0,normalDay
2020-06-01,-2530.0,107.0,0.0,0,305.55,0.0,1,1.21,0.14,SPY200605P00285000,285.0,0,0.0,0.0,,0.0,normalDay
2020-06-02,-2530.0,117.0,0.0,0,308.08,0.0,1,1.21,0.04,SPY200605P00285000,285.0,0,0.0,0.0,,0.0,normalDay
2020-06-03,-2530.0,118.0,0.0,0,312.18,0.0,1,1.21,0.03,SPY200605P00285000,285.0,0,0.0,0.0,,0.0,normalDay
2020-06-04,-2530.0,120.0,0.0,0,311.36,0.0,1,1.21,0.01,SPY200605P00285000,285.0,0,0.0,0.0,,0.0,normalDay
2020-06-05,-2409.0,0.0,121.0,0,319.34,0.0,1,1.21,0.0,SPY200605P00285000,285.0,0,0.0,0.0,,0.0,expirationDay
2020-06-08,-2409.0,-3.0,0.0,0,323.2,0.0,1,0.36,0.39,SPY200619P00291000,291.0,0,0.0,0.0,,0.0,normalDay
2020-06-09,-2409.0,-10.0,0.0,0,320.79,0.0,1,0.36,0.46,SPY200619P00291000,291.0,0,0.0,0.0,,0.0,normalDay
2020-06-10,-2409.0,-11.0,0.0,0,319.0,0.0,1,0.36,0.47,SPY200619P00291000,291.0,0,0.0,0.0,,0.0,normalDay
2020-06-11,-2409.0,-373.0,0.0,0,300.61,0.0,1,0.36,4.09,SPY200619P00291000,291.0,0,0.0,0.0,,0.0,normalDay
2020-06-12,-2409.0,-195.0,0.0,0,304.21,0.0,1,0.36,2.31,SPY200619P00291000,291.0,0,0.0,0.0,,0.0,normalDay
2020-06-15,-2409.0,-59.0,0.0,0,307.05,0.0,1,0.36,0.95,SPY200619P00291000,291.0,0,0.0,0.0,,0.0,normalDay
2020-06-16,-2409.0,6.0,0.0,0,312.96,0.0,1,0.36,0.3,SPY200619P00291000,291.0,0,0.0,0.0,,0.0,normalDay
2020-06-17,-2409.0,26.0,0.0,0,311.66,0.0,1,0.36,0.1,SPY200619P00291000,291.0,0,0.0,0.0,,0.0,normalDay
2020-06-18,-2409.0,30.0,0.0,0,311.78,0.0,1,0.36,0.06,SPY200619P00291000,291.0,0,0.0,0.0,,0.0,normalDay
2020-06-19,-2373.0,0.0,36.0,0,308.64,0.0,1,0.36,0.0,SPY200619P00291000,291.0,0,0.0,0.0,,0.0,expirationDay
2020-06-22,-2373.0,-6.0,0.0,0,310.62,0.0,1,3.5,3.56,SPY200702P00304000,304.0,0,0.0,0.0,,0.0,normalDay
2020-06-23,-2373.0,56.0,0.0,0,312.05,0.0,1,3.5,2.94,SPY200702P00304000,304.0,0,0.0,0.0,,0.0,normalDay
2020-06-24,-2373.0,-193.0,0.0,0,304.09,0.0,1,3.5,5.43,SPY200702P00304000,304.0,0,0.0,0.0,,0.0,normalDay
2020-06-25,-2373.0,9.0,0.0,0,307.35,0.0,1,3.5,3.41,SPY200702P00304000,304.0,0,0.0,0.0,,0.0,normalDay
2020-06-26,-2373.0,-247.0,0.0,0,300.05,0.0,1,3.5,5.97,SPY200702P00304000,304.0,0,0.0,0.0,,0.0,normalDay
2020-06-29,-2373.0,41.0,0.0,0,304.46,0.0,1,3.5,3.09,SPY200702P00304000,304.0,0,0.0,0.0,,0.0,normalDay
2020-06-30,-2373.0,225.0,0.0,0,308.36,0.0,1,3.5,1.25,SPY200702P00304000,304.0,0,0.0,0.0,,0.0,normalDay
2020-07-01,-2373.0,317.0,0.0,0,310.52,0.0,1,3.5,0.33,SPY200702P00304000,304.0,0,0.0,0.0,,0.0,normalDay
2020-07-02,-2023.0,0.0,350.0,0,312.23,0.0,1,3.5,0.0,SPY200702P00304000,304.0,0,0.0,0.0,,0.0,expirationDay
2020-07-06,-2023.0,-3.0,0.0,0,317.05,0.0,1,1.81,1.84,SPY200717P00305000,305.0,0,0.0,0.0,,0.0,normalDay
2020-07-07,-2023.0,-63.0,0.0,0,313.78,0.0,1,1.81,2.44,SPY200717P00305000,305.0,0,0.0,0.0,,0.0,normalDay
2020-07-08,-2023.0,35.0,0.0,0,316.18,0.0,1,1.81,1.46,SPY200717P00305000,305.0,0,0.0,0.0,,0.0,normalDay
2020-07-09,-2023.0,7.0,0.0,0,314.38,0.0,1,1.81,1.74,SPY200717P00305000,305.0,0,0.0,0.0,,0.0,normalDay
2020-07-10,-2023.0,112.0,0.0,0,317.59,0.0,1,1.81,0.69,SPY200717P00305000,305.0,0,0.0,0.0,,0.0,normalDay
2020-07-13,-2023.0,55.0,0.0,0,314.84,0.0,1,1.81,1.26,SPY200717P00305000,305.0,0,0.0,0.0,,0.0,normalDay
2020-07-14,-2023.0,138.0,0.0,0,318.92,0.0,1,1.81,0.43,SPY200717P00305000,305.0,0,0.0,0.0,,0.0,normalDay
2020-07-15,-2023.0,174.0,0.0,0,321.85,0.0,1,1.81,0.07,SPY200717P00305000,305.0,0,0.0,0.0,,0.0,normalDay
2020-07-16,-2023.0,176.0,0.0,0,320.79,0.0,1,1.81,0.05,SPY200717P00305000,305.0,0,0.0,0.0,,0.0,normalDay
2020-07-17,-1842.0,0.0,181.0,0,321.72,0.0,1,1.81,0.0,SPY200717P00305000,305.0,0,0.0,0.0,,0.0,expirationDay
2020-07-20,-1842.0,-4.0,0.0,0,324.32,0.0,1,0.96,1.0,SPY200731P00308000,308.0,0,0.0,0.0,,0.0,normalDay
2020-07-21,-1842.0,7.0,0.0,0,325.01,0.0,1,0.96,0.89,SPY200731P00308000,308.0,0,0.0,0.0,,0.0,normalDay
2020-07-22,-1842.0,38.0,0.0,0,326.86,0.0,1,0.96,0.58,SPY200731P00308000,308.0,0,0.0,0.0,,0.0,normalDay
2020-07-23,-1842.0,0.0,0.0,0,322.96,0.0,1,0.96,0.96,SPY200731P00308000,308.0,0,0.0,0.0,,0.0,normalDay
2020-07-24,-1842.0,32.0,0.0,0,320.88,0.0,1,0.96,0.64,SPY200731P00308000,308.0,0,0.0,0.0,,0.0,normalDay
2020-07-27,-1842.0,75.0,0.0,0,323.22,0.0,1,0.96,0.21,SPY200731P00308000,308.0,0,0.0,0.0,,0.0,normalDay
2020-07-28,-1842.0,71.0,0.0,0,321.17,0.0,1,0.96,0.25,SPY200731P00308000,308.0,0,0.0,0.0,,0.0,normalDay
2020-07-29,-1842.0,90.0,0.0,0,325.12,0.0,1,0.96,0.06,SPY200731P00308000,308.0,0,0.0,0.0,,0.0,normalDay
2020-07-30,-1842.0,91.0,0.0,0,323.96,0.0,1,0.96,0.05,SPY200731P00308000,308.0,0,0.0,0.0,,0.0,normalDay
2020-07-31,-1746.0,0.0,96.0,0,326.52,0.0,1,0.96,0.0,SPY200731P00308000,308.0,0,0.0,0.0,,0.0,expirationDay
2020-08-03,-1746.0,-3.0,0.0,0,328.79,0.0,1,1.48,1.51,SPY200814P00318000,318.0,0,0.0,0.0,,0.0,normalDay
2020-08-04,-1746.0,33.0,0.0,0,330.06,0.0,1,1.48,1.15,SPY200814P00318000,318.0,0,0.0,0.0,,0.0,normalDay
2020-08-05,-1746.0,79.0,0.0,0,332.11,0.0,1,1.48,0.69,SPY200814P00318000,318.0,0,0.0,0.0,,0.0,normalDay
2020-08-06,-1746.0,99.0,0.0,0,334.33,0.0,1,1.48,0.49,SPY200814P00318000,318.0,0,0.0,0.0,,0.0,normalDay
2020-08-07,-1746.0,120.0,0.0,0,334.57,0.0,1,1.48,0.28,SPY200814P00318000,318.0,0,0.0,0.0,,0.0,normalDay
2020-08-10,-1746.0,136.0,0.0,0,335.57,0.0,1,1.48,0.12,SPY200814P00318000,318.0,0,0.0,0.0,,0.0,normalDay
2020-08-11,-1746.0,123.0,0.0,0,332.8,0.0,1,1.48,0.25,SPY200814P00318000,318.0,0,0.0,0.0,,0.0,normalDay
2020-08-12,-1746.0,144.0,0.0,0,337.44,0.0,1,1.48,0.04,SPY200814P00318000,318.0,0,0.0,0.0,,0.0,normalDay
2020-08-13,-1746.0,145.0,0.0,0,336.83,0.0,1,1.48,0.03,SPY200814P00318000,318.0,0,0.0,0.0,,0.0,normalDay
2020-08-14,-1598.0,0.0,148.0,0,336.84,0.0,1,1.48,0.0,SPY200814P00318000,318.0,0,0.0,0.0,,0.0,expirationDay
2020-08-17,-1598.0,-4.0,0.0,0,337.91,0.0,1,0.89,0.93,SPY200828P00325000,325.0,0,0.0,0.0,,0.0,normalDay
2020-08-18,-1598.0,11.0,0.0,0,338.64,0.0,1,0.89,0.78,SPY200828P00325000,325.0,0,0.0,0.0,,0.0,normalDay
2020-08-19,-1598.0,-3.0,0.0,0,337.23,0.0,1,0.89,0.92,SPY200828P00325000,325.0,0,0.0,0.0,,0.0,normalDay
2020-08-20,-1598.0,25.0,0.0,0,338.28,0.0,1,0.89,0.64,SPY200828P00325000,325.0,0,0.0,0.0,,0.0,normalDay
2020-08-21,-1598.0,54.0,0.0,0,339.48,0.0,1,0.89,0.35,SPY200828P00325000,325.0,0,0.0,0.0,,0.0,normalDay
2020-08-24,-1598.0,77.0,0.0,0,342.92,0.0,1,0.89,0.12,SPY200828P00325000,325.0,0,0.0,0.0,,0.0,normalDay
2020-08-25,-1598.0,83.0,0.0,0,344.12,0.0,1,0.89,0.06,SPY200828P00325000,325.0,0,0.0,0.0,,0.0,normalDay
2020-08-26,-1598.0,82.0,0.0,0,347.57,0.0,1,0.89,0.07,SPY200828P00325000,325.0,0,0.0,0.0,,0.0,normalDay
2020-08-27,-1598.0,86.0,0.0,0,348.33,0.0,1,0.89,0.03,SPY200828P00325000,325.0,0,0.0,0.0,,0.0,normalDay
2020-08-28,-1509.0,0.0,89.0,0,350.58,0.0,1,0.89,0.0,SPY200828P00325000,325.0,0,0.0,0.0,,0.0,expirationDay
2020-08-31,-1509.0,-3.0,0.0,0,349.31,0.0,1,1.01,1.04,SPY200911P00334000,334.0,0,0.0,0.0,,0.0,normalDay
2020-09-01,-1509.0,36.0,0.0,0,352.6,0.0,1,1.01,0.65,SPY200911P00334000,334.0,0,0.0,0.0,,0.0,normalDay
2020-09-02,-1509.0,61.0,0.0,0,357.7,0.0,1,1.01,0.4,SPY200911P00334000,334.0,0,0.0,0.0,,0.0,normalDay
2020-09-03,-1509.0,-85.0,0.0,0,345.39,0.0,1,1.01,1.86,SPY200911P00334000,334.0,0,0.0,0.0,,0.0,normalDay
2020-09-04,-1509.0,-128.0,0.0,0,342.57,0.0,1,1.01,2.29,SPY200911P00334000,334.0,0,0.0,0.0,,0.0,normalDay
2020-09-08,-1509.0,-344.0,0.0,0,333.21,0.0,1,1.01,4.45,SPY200911P00334000,334.0,0,0.0,0.0,,0.0,normalDay
2020-09-09,-1509.0,-39.0,0.0,0,339.79,0.0,1,1.01,1.4,SPY200911P00334000,334.0,0,0.0,0.0,,0.0,normalDay
2020-09-10,-1509.0,-122.0,0.0,0,333.89,0.0,1,1.01,2.23,SPY200911P00334000,334.0,0,0.0,0.0,,0.0,normalDay
2020-09-11,-1408.0,0.0,101.0,0,334.06,0.0,1,1.01,0.0,SPY200911P00334000,334.0,0,0.0,0.0,,0.0,expirationDay
2020-09-14,-1408.0,-6.0,0.0,0,338.46,0.0,1,4.96,5.02,SPY200925P00337000,337.0,0,0.0,0.0,,0.0,normalDay
2020-09-15,-1408.0,101.0,0.0,0,340.17,0.0,1,4.96,3.95,SPY200925P00337000,337.0,0,0.0,0.0,,0.0,normalDay
2020-09-16,-1408.0,66.0,0.0,0,338.82,0.0,1,4.96,4.3,SPY200925P00337000,337.0,0,0.0,0.0,,0.0,normalDay
2020-09-17,-1408.0,-50.0,0.0,0,335.84,0.0,1,4.96,5.46,SPY200925P00337000,337.0,0,0.0,0.0,,0.0,normalDay
2020-09-18,-1408.0,-268.0,0.0,0,330.65,0.0,1,4.96,7.64,SPY200925P00337000,337.0,0,0.0,0.0,,0.0,normalDay
2020-09-21,-1408.0,-508.0,0.0,0,326.97,0.0,1,4.96,10.04,SPY200925P00337000,337.0,0,0.0,0.0,,0.0,normalDay
2020-09-22,-1408.0,-242.0,0.0,0,330.3,0.0,1,4.96,7.38,SPY200925P00337000,337.0,0,0.0,0.0,,0.0,normalDay
2020-09-23,-1408.0,-936.0,0.0,0,322.64,0.0,1,4.96,14.32,SPY200925P00337000,337.0,0,0.0,0.0,,0.0,normalDay
2020-09-24,-1408.0,-839.0,0.0,0,323.5,0.0,1,4.96,13.35,SPY200925P00337000,337.0,0,0.0,0.0,,0.0,normalDay
2020-09-25,-912.0,-827.0,496.0,100,328.73,337.0,1,4.96,0.0,SPY200925P00337000,337.0,0,0.0,0.0,,0.0,expirationDay
2020-09-28,-912.0,-284.0,0.0,100,334.19,337.0,0,0.0,0.0,,0.0,1,0.1,0.13,SPY200930C00343000,343.0,normalDay
2020-09-29,-912.0,-458.0,0.0,100,332.37,337.0,0,0.0,0.0,,0.0,1,0.1,0.05,SPY200930C00343000,343.0,normalDay
2020-09-30,-902.0,-211.0,10.0,100,334.89,337.0,0,0.0,0.0,,0.0,1,0.1,0.0,SPY200930C00343000,343.0,expirationDay
2020-10-01,-902.0,0.0,0.0,100,337.04,337.0,0,0.0,0.0,,0.0,1,1.51,1.55,SPY201002C00338000,338.0,normalDay
2020-10-02,-751.0,-316.0,151.0,100,333.84,337.0,0,0.0,0.0,,0.0,1,1.51,0.0,SPY201002C00338000,338.0,expirationDay
2020-10-05,-751.0,269.0,0.0,100,339.76,337.0,0,0.0,0.0,,0.0,1,3.72,3.79,SPY201007C00337000,337.0,normalDay
2020-10-06,-751.0,61.0,0.0,100,334.93,337.0,0,0.0,0.0,,0.0,1,3.72,1.04,SPY201007C00337000,337.0,normalDay
2020-10-07,-379.0,61.0,372.0,0,340.76,0.0,0,0.0,0.0,,0.0,1,3.72,0.0,SPY201007C00337000,337.0,expirationDay
2020-10-08,-379.0,-3.0,0.0,0,343.78,0.0,1,0.93,0.96,SPY201019P00330000,330.0,0,0.0,0.0,,0.0,normalDay
2020-10-09,-379.0,51.0,0.0,0,346.85,0.0,1,0.93,0.42,SPY201019P00330000,330.0,0,0.0,0.0,,0.0,normalDay
2020-10-12,-379.0,75.0,0.0,0,352.43,0.0,1,0.93,0.18,SPY201019P00330000,330.0,0,0.0,0.0,,0.0,normalDay
2020-10-13,-379.0,77.0,0.0,0,350.13,0.0,1,0.93,0.16,SPY201019P00330000,330.0,0,0.0,0.0,,0.0,normalDay
2020-10-14,-379.0,78.0,0.0,0,347.93,0.0,1,0.93,0.15,SPY201019P00330000,330.0,0,0.0,0.0,,0.0,normalDay
2020-10-15,-379.0,85.0,0.0,0,347.5,0.0,1,0.93,0.08,SPY201019P00330000,330.0,0,0.0,0.0,,0.0,normalDay
2020-10-16,-379.0,89.0,0.0,0,347.29,0.0,1,0.93,0.04,SPY201019P00330000,330.0,0,0.0,0.0,,0.0,normalDay
2020-10-19,-286.0,0.0,93.0,0,342.01,0.0,1,0.93,0.0,SPY201019P00330000,330.0,0,0.0,0.0,,0.0,expirationDay
2020-10-20,-286.0,-5.0,0.0,0,343.38,0.0,1,1.88,1.93,SPY201030P00332000,332.0,0,0.0,0.0,,0.0,normalDay
2020-10-21,-286.0,41.0,0.0,0,342.73,0.0,1,1.88,1.47,SPY201030P00332000,332.0,0,0.0,0.0,,0.0,normalDay
2020-10-22,-286.0,89.0,0.0,0,344.61,0.0,1,1.88,0.99,SPY201030P00332000,332.0,0,0.0,0.0,,0.0,normalDay
2020-10-23,-286.0,133.0,0.0,0,345.78,0.0,1,1.88,0.55,SPY201030P00332000,332.0,0,0.0,0.0,,0.0,normalDay
2020-10-26,-286.0,38.0,0.0,0,339.39,0.0,1,1.88,1.5,SPY201030P00332000,332.0,0,0.0,0.0,,0.0,normalDay
2020-10-27,-286.0,74.0,0.0,0,338.22,0.0,1,1.88,1.14,SPY201030P00332000,332.0,0,0.0,0.0,,0.0,normalDay
2020-10-28,-286.0,-511.0,0.0,0,326.66,0.0,1,1.88,6.99,SPY201030P00332000,332.0,0,0.0,0.0,,0.0,normalDay
2020-10-29,-286.0,-110.0,0.0,0,329.98,0.0,1,1.88,2.98,SPY201030P00332000,332.0,0,0.0,0.0,,0.0,normalDay
2020-10-30,-98.0,-546.0,188.0,100,326.54,332.0,1,1.88,0.0,SPY201030P00332000,332.0,0,0.0,0.0,,0.0,expirationDay
2020-11-02,-98.0,-184.0,0.0,100,330.2,332.0,0,0.0,0.0,,0.0,1,0.24,0.28,SPY201104C00346000,346.0,normalDay
2020-11-03,-98.0,356.0,0.0,100,336.03,332.0,0,0.0,0.0,,0.0,1,0.24,0.71,SPY201104C00346000,346.0,normalDay
2020-11-04,-74.0,1154.0,24.0,100,343.54,332.0,0,0.0,0.0,,0.0,1,0.24,0.0,SPY201104C00346000,346.0,expirationDay
2020-11-05,-74.0,1815.0,0.0,100,350.24,332.0,0,0.0,0.0,,0.0,1,4.2,4.29,SPY201106C00347000,347.0,normalDay
2020-11-06,1846.0,1815.0,1920.0,0,350.16,0.0,0,0.0,0.0,,0.0,1,4.2,0.0,SPY201106C00347000,347.0,expirationDay
2020-11-09,1846.0,-4.0,0.0,0,354.56,0.0,1,1.15,1.19,SPY201120P00335000,335.0,0,0.0,0.0,,0.0,normalDay
2020-11-10,1846.0,18.0,0.0,0,354.04,0.0,1,1.15,0.97,SPY201120P00335000,335.0,0,0.0,0.0,,0.0,normalDay
2020-11-11,1846.0,62.0,0.0,0,356.67,0.0,1,1.15,0.53,SPY201120P00335000,335.0,0,0.0,0.0,,0.0,normalDay
2020-11-12,1846.0,32.0,0.0,0,353.21,0.0,1,1.15,0.83,SPY201120P00335000,335.0,0,0.0,0.0,,0.0,normalDay
2020-11-13,1846.0,83.0,0.0,0,358.1,0.0,1,1.15,0.32,SPY201120P00335000,335.0,0,0.0,0.0,,0.0,normalDay
2020-11-16,1846.0,107.0,0.0,0,362.57,0.0,1,1.15,0.08,SPY201120P00335000,335.0,0,0.0,0.0,,0.0,normalDay
2020-11-17,1846.0,108.0,0.0,0,360.62,0.0,1,1.15,0.07,SPY201120P00335000,335.0,0,0.0,0.0,,0.0,normalDay
2020-11-18,1846.0,109.0,0.0,0,356.28,0.0,1,1.15,0.06,SPY201120P00335000,335.0,0,0.0,0.0,,0.0,normalDay
2020-11-19,1846.0,112.0,0.0,0,357.78,0.0,1,1.15,0.03,SPY201120P00335000,335.0,0,0.0,0.0,,0.0,normalDay
2020-11-20,1961.0,0.0,115.0,0,355.33,0.0,1,1.15,0.0,SPY201120P00335000,335.0,0,0.0,0.0,,0.0,expirationDay
2020-11-23,1961.0,-3.0,0.0,0,357.46,0.0,1,0.68,0.71,SPY201204P00338000,338.0,0,0.0,0.0,,0.0,normalDay
2020-11-24,1961.0,38.0,0.0,0,363.22,0.0,1,0.68,0.3,SPY201204P00338000,338.0,0,0.0,0.0,,0.0,normalDay
2020-11-25,1961.0,45.0,0.0,0,362.66,0.0,1,0.68,0.23,SPY201204P00338000,338.0,0,0.0,0.0,,0.0,normalDay
2020-11-27,1961.0,56.0,0.0,0,363.67,0.0,1,0.68,0.12,SPY201204P00338000,338.0,0,0.0,0.0,,0.0,normalDay
2020-11-30,1961.0,60.0,0.0,0,362.06,0.0,1,0.68,0.08,SPY201204P00338000,338.0,0,0.0,0.0,,0.0,normalDay
2020-12-01,1961.0,63.0,0.0,0,366.02,0.0,1,0.68,0.05,SPY201204P00338000,338.0,0,0.0,0.0,,0.0,normalDay
2020-12-02,1961.0,65.0,0.0,0,366.79,0.0,1,0.68,0.03,SPY201204P00338000,338.0,0,0.0,0.0,,0.0,normalDay
2020-12-03,1961.0,65.0,0.0,0,366.69,0.0,1,0.68,0.03,SPY201204P00338000,338.0,0,0.0,0.0,,0.0,normalDay
2020-12-04,2029.0,0.0,68.0,0,369.85,0.0,1,0.68,0.0,SPY201204P00338000,338.0,0,0.0,0.0,,0.0,expirationDay
2020-12-07,2029.0,-4.0,0.0,0,369.09,0.0,1,1.51,1.55,SPY201218P00357000,357.0,0,0.0,0.0,,0.0,normalDay
2020-12-08,2029.0,43.0,0.0,0,370.17,0.0,1,1.51,1.08,SPY201218P00357000,357.0,0,0.0,0.0,,0.0,normalDay
2020-12-09,2029.0,-17.0,0.0,0,366.85,0.0,1,1.51,1.68,SPY201218P00357000,357.0,0,0.0,0.0,,0.0,normalDay
2020-12-10,2029.0,5.0,0.0,0,366.73,0.0,1,1.51,1.46,SPY201218P00357000,357.0,0,0.0,0.0,,0.0,normalDay
2020-12-11,2029.0,8.0,0.0,0,366.3,0.0,1,1.51,1.43,SPY201218P00357000,357.0,0,0.0,0.0,,0.0,normalDay
2020-12-14,2029.0,9.0,0.0,0,364.66,0.0,1,1.51,1.42,SPY201218P00357000,357.0,0,0.0,0.0,,0.0,normalDay
2020-12-15,2029.0,98.0,0.0,0,369.59,0.0,1,1.51,0.53,SPY201218P00357000,357.0,0,0.0,0.0,,0.0,normalDay
2020-12-16,2029.0,127.0,0.0,0,370.17,0.0,1,1.51,0.24,SPY201218P00357000,357.0,0,0.0,0.0,,0.0,normalDay
2020-12-17,2029.0,139.0,0.0,0,372.24,0.0,1,1.51,0.12,SPY201218P00357000,357.0,0,0.0,0.0,,0.0,normalDay
2020-12-18,2180.0,0.0,151.0,0,369.18,0.0,1,1.51,0.0,SPY201218P00357000,357.0,0,0.0,0.0,,0.0,expirationDay
2020-12-21,2180.0,-5.0,0.0,0,367.86,0.0,1,3.08,3.13,SPY201231P00364000,364.0,0,0.0,0.0,,0.0,normalDay
2020-12-22,2180.0,25.0,0.0,0,367.24,0.0,1,3.08,2.83,SPY201231P00364000,364.0,0,0.0,0.0,,0.0,normalDay
2020-12-23,2180.0,94.0,0.0,0,367.57,0.0,1,3.08,2.14,SPY201231P00364000,364.0,0,0.0,0.0,,0.0,normalDay
2020-12-24,2180.0,183.0,0.0,0,369.0,0.0,1,3.08,1.25,SPY201231P00364000,364.0,0,0.0,0.0,,0.0,normalDay
2020-12-28,2180.0,280.0,0.0,0,372.17,0.0,1,3.08,0.28,SPY201231P00364000,364.0,0,0.0,0.0,,0.0,normalDay
2020-12-29,2180.0,280.0,0.0,0,371.46,0.0,1,3.08,0.28,SPY201231P00364000,364.0,0,0.0,0.0,,0.0,normalDay
2020-12-30,2180.0,297.0,0.0,0,371.99,0.0,1,3.08,0.11,SPY201231P00364000,364.0,0,0.0,0.0,,0.0,normalDay
2020-12-31,2488.0,0.0,308.0,0,373.88,0.0,1,3.08,0.0,SPY201231P00364000,364.0,0,0.0,0.0,,0.0,expirationDay
2021-01-04,2488.0,-4.0,0.0,0,368.79,0.0,1,4.8,4.84,SPY210115P00367000,367.0,0,0.0,0.0,,0.0,normalDay
2021-01-05,2488.0,124.0,0.0,0,371.33,0.0,1,4.8,3.56,SPY210115P00367000,367.0,0,0.0,0.0,,0.0,normalDay
2021-01-06,2488.0,195.0,0.0,0,373.55,0.0,1,4.8,2.85,SPY210115P00367000,367.0,0,0.0,0.0,,0.0,normalDay
2021-01-07,2488.0,381.0,0.0,0,379.1,0.0,1,4.8,0.99,SPY210115P00367000,367.0,0,0.0,0.0,,0.0,normalDay
2021-01-08,2488.0,420.0,0.0,0,381.26,0.0,1,4.8,0.6,SPY210115P00367000,367.0,0,0.0,0.0,,0.0,normalDay
2021-01-11,2488.0,416.0,0.0,0,378.69,0.0,1,4.8,0.64,SPY210115P00367000,367.0,0,0.0,0.0,,0.0,normalDay
2021-01-12,2488.0,443.0,0.0,0,378.77,0.0,1,4.8,0.37,SPY210115P00367000,367.0,0,0.0,0.0,,0.0,normalDay
2021-01-13,2488.0,466.0,0.0,0,379.79,0.0,1,4.8,0.14,SPY210115P00367000,367.0,0,0.0,0.0,,0.0,normalDay
2021-01-14,2488.0,470.0,0.0,0,378.46,0.0,1,4.8,0.1,SPY210115P00367000,367.0,0,0.0,0.0,,0.0,normalDay
2021-01-15,2968.0,0.0,480.0,0,375.7,0.0,1,4.8,0.0,SPY210115P00367000,367.0,0,0.0,0.0,,0.0,expirationDay
2021-01-19,2968.0,-5.0,0.0,0,378.65,0.0,1,2.2,2.25,SPY210129P00370000,370.0,0,0.0,0.0,,0.0,normalDay
2021-01-20,2968.0,121.0,0.0,0,383.89,0.0,1,2.2,0.99,SPY210129P00370000,370.0,0,0.0,0.0,,0.0,normalDay
2021-01-21,2968.0,146.0,0.0,0,384.24,0.0,1,2.2,0.74,SPY210129P00370000,370.0,0,0.0,0.0,,0.0,normalDay
2021-01-22,2968.0,157.0,0.0,0,382.88,0.0,1,2.2,0.63,SPY210129P00370000,370.0,0,0.0,0.0,,0.0,normalDay
2021-01-25,2968.0,183.0,0.0,0,384.39,0.0,1,2.2,0.37,SPY210129P00370000,370.0,0,0.0,0.0,,0.0,normalDay
2021-01-26,2968.0,197.0,0.0,0,383.79,0.0,1,2.2,0.23,SPY210129P00370000,370.0,0,0.0,0.0,,0.0,normalDay
2021-01-27,2968.0,-45.0,0.0,0,374.41,0.0,1,2.2,2.65,SPY210129P00370000,370.0,0,0.0,0.0,,0.0,normalDay
2021-01-28,2968.0,177.0,0.0,0,377.63,0.0,1,2.2,0.43,SPY210129P00370000,370.0,0,0.0,0.0,,0.0,normalDay
2021-01-29,3188.0,0.0,220.0,0,370.07,0.0,1,2.2,0.0,SPY210129P00370000,370.0,0,0.0,0.0,,0.0,expirationDay
2021-02-01,3188.0,-7.0,0.0,0,376.23,0.0,1,5.56,5.63,SPY210212P00374000,374.0,0,0.0,0.0,,0.0,normalDay
2021-02-02,3188.0,308.0,0.0,0,381.55,0.0,1,5.56,2.48,SPY210212P00374000,374.0,0,0.0,0.0,,0.0,normalDay
2021-02-03,3188.0,381.0,0.0,0,381.85,0.0,1,5.56,1.75,SPY210212P00374000,374.0,0,0.0,0.0,,0.0,normalDay
2021-02-04,3188.0,469.0,0.0,0,386.19,0.0,1,5.56,0.87,SPY210212P00374000,374.0,0,0.0,0.0,,0.0,normalDay
2021-02-05,3188.0,515.0,0.0,0,387.71,0.0,1,5.56,0.41,SPY210212P00374000,374.0,0,0.0,0.0,,0.0,normalDay
2021-02-08,3188.0,541.0,0.0,0,390.51,0.0,1,5.56,0.15,SPY210212P00374000,374.0,0,0.0,0.0,,0.0,normalDay
2021-02-09,3188.0,546.0,0.0,0,390.25,0.0,1,5.56,0.1,SPY210212P00374000,374.0,0,0.0,0.0,,0.0,normalDay
2021-02-10,3188.0,547.0,0.0,0,390.08,0.0,1,5.56,0.09,SPY210212P00374000,374.0,0,0.0,0.0,,0.0,normalDay
2021-02-11,3188.0,554.0,0.0,0,390.71,0.0,1,5.56,0.02,SPY210212P00374000,374.0,0,0.0,0.0,,0.0,normalDay
2021-02-12,3744.0,0.0,556.0,0,392.64,0.0,1,5.56,0.0,SPY210212P00374000,374.0,0,0.0,0.0,,0.0,expirationDay
2021-02-16,3744.0,-3.0,0.0,0,392.3,0.0,1,1.23,1.26,SPY210226P00379000,379.0,0,0.0,0.0,,0.0,normalDay
2021-02-17,3744.0,24.0,0.0,0,392.39,0.0,1,1.23,0.99,SPY210226P00379000,379.0,0,0.0,0.0,,0.0,normalDay
2021-02-18,3744.0,11.0,0.0,0,390.72,0.0,1,1.23,1.12,SPY210226P00379000,379.0,0,0.0,0.0,,0.0,normalDay
2021-02-19,3744.0,43.0,0.0,0,390.03,0.0,1,1.23,0.8,SPY210226P00379000,379.0,0,0.0,0.0,,0.0,normalDay
2021-02-22,3744.0,28.0,0.0,0,387.03,0.0,1,1.23,0.95,SPY210226P00379000,379.0,0,0.0,0.0,,0.0,normalDay
2021-02-23,3744.0,51.0,0.0,0,387.5,0.0,1,1.23,0.72,SPY210226P00379000,379.0,0,0.0,0.0,,0.0,normalDay
2021-02-24,3744.0,110.0,0.0,0,391.77,0.0,1,1.23,0.13,SPY210226P00379000,379.0,0,0.0,0.0,,0.0,normalDay
2021-02-25,3744.0,7.0,0.0,0,382.33,0.0,1,1.23,1.16,SPY210226P00379000,379.0,0,0.0,0.0,,0.0,normalDay
2021-02-26,3867.0,0.0,123.0,0,380.36,0.0,1,1.23,0.0,SPY210226P00379000,379.0,0,0.0,0.0,,0.0,expirationDay
2021-03-01,3867.0,-6.0,0.0,0,389.58,0.0,1,3.17,3.23,SPY210312P00384000,384.0,0,0.0,0.0,,0.0,normalDay
2021-03-02,3867.0,-104.0,0.0,0,386.54,0.0,1,3.17,4.21,SPY210312P00384000,384.0,0,0.0,0.0,,0.0,normalDay
2021-03-03,3867.0,-343.0,0.0,0,381.42,0.0,1,3.17,6.6,SPY210312P00384000,384.0,0,0.0,0.0,,0.0,normalDay
2021-03-04,3867.0,-618.0,0.0,0,376.7,0.0,1,3.17,9.35,SPY210312P00384000,384.0,0,0.0,0.0,,0.0,normalDay
2021-03-05,3867.0,-146.0,0.0,0,383.63,0.0,1,3.17,4.63,SPY210312P00384000,384.0,0,0.0,0.0,,0.0,normalDay
2021-03-08,3867.0,-181.0,0.0,0,381.72,0.0,1,3.17,4.98,SPY210312P00384000,384.0,0,0.0,0.0,,0.0,normalDay
2021-03-09,3867.0,108.0,0.0,0,387.17,0.0,1,3.17,2.09,SPY210312P00384000,384.0,0,0.0,0.0,,0.0,normalDay
2021-03-10,3867.0,254.0,0.0,0,389.58,0.0,1,3.17,0.63,SPY210312P00384000,384.0,0,0.0,0.0,,0.0,normalDay
2021-03-11,3867.0,310.0,0.0,0,393.53,0.0,1,3.17,0.07,SPY210312P00384000,384.0,0,0.0,0.0,,0.0,normalDay
2021-03-12,4184.0,0.0,317.0,0,394.06,0.0,1,3.17,0.0,SPY210312P00384000,384.0,0,0.0,0.0,,0.0,expirationDay
2021-03-15,4184.0,-3.0,0.0,0,396.41,0.0,1,1.37,1.4,SPY210326P00384000,384.0,0,0.0,0.0,,0.0,normalDay
2021-03-16,4184.0,-3.0,0.0,0,395.91,0.0,1,1.37,1.4,SPY210326P00384000,384.0,0,0.0,0.0,,0.0,normalDay
2021-03-17,4184.0,40.0,0.0,0,397.26,0.0,1,1.37,0.97,SPY210326P00384000,384.0,0,0.0,0.0,,0.0,normalDay
2021-03-18,4184.0,-51.0,0.0,0,391.48,0.0,1,1.37,1.88,SPY210326P00384000,384.0,0,0.0,0.0,,0.0,normalDay
2021-03-19,4184.0,-33.0,0.0,0,389.48,0.0,1,1.37,1.7,SPY210326P00384000,384.0,0,0.0,0.0,,0.0,normalDay
2021-03-22,4184.0,89.0,0.0,0,392.59,0.0,1,1.37,0.48,SPY210326P00384000,384.0,0,0.0,0.0,,0.0,normalDay
2021-03-23,4184.0,54.0,0.0,0,389.5,0.0,1,1.37,0.83,SPY210326P00384000,384.0,0,0.0,0.0,,0.0,normalDay
2021-03-24,4184.0,46.0,0.0,0,387.52,0.0,1,1.37,0.91,SPY210326P00384000,384.0,0,0.0,0.0,,0.0,normalDay
2021-03-25,4184.0,117.0,0.0,0,389.7,0.0,1,1.37,0.2,SPY210326P00384000,384.0,0,0.0,0.0,,0.0,normalDay
2021-03-26,4321.0,0.0,137.0,0,395.98,0.0,1,1.37,0.0,SPY210326P00384000,384.0,0,0.0,0.0,,0.0,expirationDay
2021-03-29,4321.0,-4.0,0.0,0,395.78,0.0,1,1.62,1.66,SPY210409P00385000,385.0,0,0.0,0.0,,0.0,normalDay
2021-03-30,4321.0,11.0,0.0,0,394.73,0.0,1,1.62,1.51,SPY210409P00385000,385.0,0,0.0,0.0,,0.0,normalDay
2021-03-31,4321.0,73.0,0.0,0,396.33,0.0,1,1.62,0.89,SPY210409P00385000,385.0,0,0.0,0.0,,0.0,normalDay
2021-04-01,4321.0,137.0,0.0,0,400.61,0.0,1,1.62,0.25,SPY210409P00385000,385.0,0,0.0,0.0,,0.0,normalDay
2021-04-05,4321.0,153.0,0.0,0,406.36,0.0,1,1.62,0.09,SPY210409P00385000,385.0,0,0.0,0.0,,0.0,normalDay
2021-04-06,4321.0,156.0,0.0,0,406.12,0.0,1,1.62,0.06,SPY210409P00385000,385.0,0,0.0,0.0,,0.0,normalDay
2021-04-07,4321.0,160.0,0.0,0,406.59,0.0,1,1.62,0.02,SPY210409P00385000,385.0,0,0.0,0.0,,0.0,normalDay
2021-04-08,4321.0,161.0,0.0,0,408.52,0.0,1,1.62,0.01,SPY210409P00385000,385.0,0,0.0,0.0,,0.0,normalDay
2021-04-09,4483.0,0.0,162.0,0,411.49,0.0,1,1.62,0.0,SPY210409P00385000,385.0,0,0.0,0.0,,0.0,expirationDay
2021-04-12,4483.0,-3.0,0.0,0,411.64,0.0,1,0.37,0.4,SPY210423P00392000,392.0,0,0.0,0.0,,0.0,normalDay
2021-04-13,4483.0,9.0,0.0,0,412.86,0.0,1,0.37,0.28,SPY210423P00392000,392.0,0,0.0,0.0,,0.0,normalDay
2021-04-14,4483.0,7.0,0.0,0,411.45,0.0,1,0.37,0.3,SPY210423P00392000,392.0,0,0.0,0.0,,0.0,normalDay
2021-04-15,4483.0,19.0,0.0,0,415.87,0.0,1,0.37,0.18,SPY210423P00392000,392.0,0,0.0,0.0,,0.0,normalDay
2021-04-16,4483.0,30.0,0.0,0,417.26,0.0,1,0.37,0.07,SPY210423P00392000,392.0,0,0.0,0.0,,0.0,normalDay
2021-04-19,4483.0,33.0,0.0,0,415.21,0.0,1,0.37,0.04,SPY210423P00392000,392.0,0,0.0,0.0,,0.0,normalDay
2021-04-20,4483.0,32.0,0.0,0,412.17,0.0,1,0.37,0.05,SPY210423P00392000,392.0,0,0.0,0.0,,0.0,normalDay
2021-04-21,4483.0,35.0,0.0,0,416.07,0.0,1,0.37,0.02,SPY210423P00392000,392.0,0,0.0,0.0,,0.0,normalDay
2021-04-22,4483.0,35.0,0.0,0,412.27,0.0,1,0.37,0.02,SPY210423P00392000,392.0,0,0.0,0.0,,0.0,normalDay
2021-04-23,4520.0,0.0,37.0,0,416.74,0.0,1,0.37,0.0,SPY210423P00392000,392.0,0,0.0,0.0,,0.0,expirationDay
2021-04-26,4520.0,-4.0,0.0,0,417.61,0.0,1,0.77,0.81,SPY210507P00403000,403.0,0,0.0,0.0,,0.0,normalDay
2021-04-27,4520.0,4.0,0.0,0,417.52,0.0,1,0.77,0.73,SPY210507P00403000,403.0,0,0.0,0.0,,0.0,normalDay
2021-04-28,4520.0,28.0,0.0,0,417.4,0.0,1,0.77,0.49,SPY210507P00403000,403.0,0,0.0,0.0,,0.0,normalDay
2021-04-29,4520.0,45.0,0.0,0,420.06,0.0,1,0.77,0.32,SPY210507P00403000,403.0,0,0.0,0.0,,0.0,normalDay
2021-04-30,4520.0,40.0,0.0,0,417.3,0.0,1,0.77,0.37,SPY210507P00403000,403.0,0,0.0,0.0,,0.0,normalDay
2021-05-03,4520.0,61.0,0.0,0,418.2,0.0,1,0.77,0.16,SPY210507P00403000,403.0,0,0.0,0.0,,0.0,normalDay
2021-05-04,4520.0,56.0,0.0,0,415.62,0.0,1,0.77,0.21,SPY210507P00403000,403.0,0,0.0,0.0,,0.0,normalDay
2021-05-05,4520.0,66.0,0.0,0,415.75,0.0,1,0.77,0.11,SPY210507P00403000,403.0,0,0.0,0.0,,0.0,normalDay
2021-05-06,4520.0,73.0,0.0,0,419.07,0.0,1,0.77,0.04,SPY210507P00403000,403.0,0,0.0,0.0,,0.0,normalDay
2021-05-07,4597.0,0.0,77.0,0,422.12,0.0,1,0.77,0.0,SPY210507P00403000,403.0,0,0.0,0.0,,0.0,expirationDay
2021-05-10,4597.0,-4.0,0.0,0,417.94,0.0,1,3.29,3.33,SPY210521P00414000,414.0,0,0.0,0.0,,0.0,normalDay
2021-05-11,4597.0,-158.0,0.0,0,414.21,0.0,1,3.29,4.87,SPY210521P00414000,414.0,0,0.0,0.0,,0.0,normalDay
2021-05-12,4597.0,-737.0,0.0,0,405.41,0.0,1,3.29,10.66,SPY210521P00414000,414.0,0,0.0,0.0,,0.0,normalDay
2021-05-13,4597.0,-336.0,0.0,0,410.28,0.0,1,3.29,6.65,SPY210521P00414000,414.0,0,0.0,0.0,,0.0,normalDay
2021-05-14,4597.0,101.0,0.0,0,416.58,0.0,1,3.29,2.28,SPY210521P00414000,414.0,0,0.0,0.0,,0.0,normalDay
2021-05-17,4597.0,107.0,0.0,0,415.52,0.0,1,3.29,2.22,SPY210521P00414000,414.0,0,0.0,0.0,,0.0,normalDay
2021-05-18,4597.0,-54.0,0.0,0,411.94,0.0,1,3.29,3.83,SPY210521P00414000,414.0,0,0.0,0.0,,0.0,normalDay
2021-05-19,4597.0,-96.0,0.0,0,410.86,0.0,1,3.29,4.25,SPY210521P00414000,414.0,0,0.0,0.0,,0.0,normalDay
2021-05-20,4597.0,233.0,0.0,0,415.28,0.0,1,3.29,0.96,SPY210521P00414000,414.0,0,0.0,0.0,,0.0,normalDay
2021-05-21,4926.0,0.0,329.0,0,414.94,0.0,1,3.29,0.0,SPY210521P00414000,414.0,0,0.0,0.0,,0.0,expirationDay
2021-05-24,4926.0,-3.0,0.0,0,419.17,0.0,1,1.66,1.69,SPY210604P00412500,412.5,0,0.0,0.0,,0.0,normalDay
2021-05-25,4926.0,-25.0,0.0,0,418.24,0.0,1,1.66,1.91,SPY210604P00412500,412.5,0,0.0,0.0,,0.0,normalDay
2021-05-26,4926.0,37.0,0.0,0,419.07,0.0,1,1.66,1.29,SPY210604P00412500,412.5,0,0.0,0.0,,0.0,normalDay
2021-05-27,4926.0,84.0,0.0,0,419.29,0.0,1,1.66,0.82,SPY210604P00412500,412.5,0,0.0,0.0,,0.0,normalDay
2021-05-28,4926.0,109.0,0.0,0,420.04,0.0,1,1.66,0.57,SPY210604P00412500,412.5,0,0.0,0.0,,0.0,normalDay
2021-06-01,4926.0,131.0,0.0,0,419.67,0.0,1,1.66,0.35,SPY210604P00412500,412.5,0,0.0,0.0,,0.0,normalDay
2021-06-02,4926.0,154.0,0.0,0,420.33,0.0,1,1.66,0.12,SPY210604P00412500,412.5,0,0.0,0.0,,0.0,normalDay
2021-06-03,4926.0,152.0,0.0,0,418.77,0.0,1,1.66,0.14,SPY210604P00412500,412.5,0,0.0,0.0,,0.0,normalDay
2021-06-04,5092.0,0.0,166.0,0,422.6,0.0,1,1.66,0.0,SPY210604P00412500,412.5,0,0.0,0.0,,0.0,expirationDay
2021-06-07,5092.0,-3.0,0.0,0,422.19,0.0,1,1.33,1.36,SPY210618P00413000,413.0,0,0.0,0.0,,0.0,normalDay
2021-06-08,5092.0,-16.0,0.0,0,422.28,0.0,1,1.33,1.49,SPY210618P00413000,413.0,0,0.0,0.0,,0.0,normalDay
2021-06-09,5092.0,-36.0,0.0,0,421.65,0.0,1,1.33,1.69,SPY210618P00413000,413.0,0,0.0,0.0,,0.0,normalDay
2021-06-10,5092.0,53.0,0.0,0,423.61,0.0,1,1.33,0.8,SPY210618P00413000,413.0,0,0.0,0.0,,0.0,normalDay
2021-06-11,5092.0,75.0,0.0,0,424.31,0.0,1,1.33,0.58,SPY210618P00413000,413.0,0,0.0,0.0,,0.0,normalDay
2021-06-14,5092.0,94.0,0.0,0,425.26,0.0,1,1.33,0.39,SPY210618P00413000,413.0,0,0.0,0.0,,0.0,normalDay
2021-06-15,5092.0,84.0,0.0,0,424.48,0.0,1,1.33,0.49,SPY210618P00413000,413.0,0,0.0,0.0,,0.0,normalDay
2021-06-16,5092.0,65.0,0.0,0,422.11,0.0,1,1.33,0.68,SPY210618P00413000,413.0,0,0.0,0.0,,0.0,normalDay
2021-06-17,5092.0,109.0,0.0,0,421.97,0.0,1,1.33,0.24,SPY210618P00413000,413.0,0,0.0,0.0,,0.0,normalDay
2021-06-18,5225.0,0.0,133.0,0,414.92,0.0,1,1.33,0.0,SPY210618P00413000,413.0,0,0.0,0.0,,0.0,expirationDay
2021-06-21,5225.0,-4.0,0.0,0,420.86,0.0,1,2.83,2.87,SPY210702P00419000,419.0,0,0.0,0.0,,0.0,normalDay
2021-06-22,5225.0,94.0,0.0,0,423.11,0.0,1,2.83,1.89,SPY210702P00419000,419.0,0,0.0,0.0,,0.0,normalDay
2021-06-23,5225.0,117.0,0.0,0,422.6,0.0,1,2.83,1.66,SPY210702P00419000,419.0,0,0.0,0.0,,0.0,normalDay
2021-06-24,5225.0,187.0,0.0,0,425.1,0.0,1,2.83,0.96,SPY210702P00419000,419.0,0,0.0,0.0,,0.0,normalDay
2021-06-25,5225.0,226.0,0.0,0,426.61,0.0,1,2.83,0.57,SPY210702P00419000,419.0,0,0.0,0.0,,0.0,normalDay
2021-06-28,5225.0,256.0,0.0,0,427.47,0.0,1,2.83,0.27,SPY210702P00419000,419.0,0,0.0,0.0,,0.0,normalDay
2021-06-29,5225.0,266.0,0.0,0,427.7,0.0,1,2.83,0.17,SPY210702P00419000,419.0,0,0.0,0.0,,0.0,normalDay
2021-06-30,5225.0,275.0,0.0,0,428.06,0.0,1,2.83,0.08,SPY210702P00419000,419.0,0,0.0,0.0,,0.0,normalDay
2021-07-01,5225.0,279.0,0.0,0,430.43,0.0,1,2.83,0.04,SPY210702P00419000,419.0,0,0.0,0.0,,0.0,normalDay
2021-07-02,5508.0,0.0,283.0,0,433.72,0.0,1,2.83,0.0,SPY210702P00419000,419.0,0,0.0,0.0,,0.0,expirationDay
2021-07-06,5508.0,-3.0,0.0,0,432.93,0.0,1,0.89,0.92,SPY210716P00421000,421.0,0,0.0,0.0,,0.0,normalDay
2021-07-07,5508.0,25.0,0.0,0,434.46,0.0,1,0.89,0.64,SPY210716P00421000,421.0,0,0.0,0.0,,0.0,normalDay
2021-07-08,5508.0,-56.0,0.0,0,430.92,0.0,1,0.89,1.45,SPY210716P00421000,421.0,0,0.0,0.0,,0.0,normalDay
2021-07-09,5508.0,48.0,0.0,0,435.52,0.0,1,0.89,0.41,SPY210716P00421000,421.0,0,0.0,0.0,,0.0,normalDay
2021-07-12,5508.0,72.0,0.0,0,437.08,0.0,1,0.89,0.17,SPY210716P00421000,421.0,0,0.0,0.0,,0.0,normalDay
2021-07-13,5508.0,70.0,0.0,0,435.59,0.0,1,0.89,0.19,SPY210716P00421000,421.0,0,0.0,0.0,,0.0,normalDay
2021-07-14,5508.0,82.0,0.0,0,436.24,0.0,1,0.89,0.07,SPY210716P00421000,421.0,0,0.0,0.0,,0.0,normalDay
2021-07-15,5508.0,84.0,0.0,0,434.75,0.0,1,0.89,0.05,SPY210716P00421000,421.0,0,0.0,0.0,,0.0,normalDay
2021-07-16,5597.0,0.0,89.0,0,431.34,0.0,1,0.89,0.0,SPY210716P00421000,421.0,0,0.0,0.0,,0.0,expirationDay
2021-07-19,5597.0,-6.0,0.0,0,424.97,0.0,1,5.79,5.85,SPY210730P00426000,426.0,0,0.0,0.0,,0.0,normalDay
2021-07-20,5597.0,294.0,0.0,0,431.06,0.0,1,5.79,2.85,SPY210730P00426000,426.0,0,0.0,0.0,,0.0,normalDay
2021-07-21,5597.0,448.0,0.0,0,434.55,0.0,1,5.79,1.31,SPY210730P00426000,426.0,0,0.0,0.0,,0.0,normalDay
2021-07-22,5597.0,486.0,0.0,0,435.46,0.0,1,5.79,0.93,SPY210730P00426000,426.0,0,0.0,0.0,,0.0,normalDay
2021-07-23,5597.0,546.0,0.0,0,439.94,0.0,1,5.79,0.33,SPY210730P00426000,426.0,0,0.0,0.0,,0.0,normalDay
2021-07-26,5597.0,566.0,0.0,0,441.02,0.0,1,5.79,0.13,SPY210730P00426000,426.0,0,0.0,0.0,,0.0,normalDay
2021-07-27,5597.0,549.0,0.0,0,439.01,0.0,1,5.79,0.3,SPY210730P00426000,426.0,0,0.0,0.0,,0.0,normalDay
2021-07-28,5597.0,570.0,0.0,0,438.83,0.0,1,5.79,0.09,SPY210730P00426000,426.0,0,0.0,0.0,,0.0,normalDay
2021-07-29,5597.0,576.0,0.0,0,440.65,0.0,1,5.79,0.03,SPY210730P00426000,426.0,0,0.0,0.0,,0.0,normalDay
2021-07-30,6176.0,0.0,579.0,0,438.51,0.0,1,5.79,0.0,SPY210730P00426000,426.0,0,0.0,0.0,,0.0,expirationDay
2021-08-02,6176.0,-4.0,0.0,0,437.59,0.0,1,2.48,2.52,SPY210813P00432500,432.5,0,0.0,0.0,,0.0,normalDay
2021-08-03,6176.0,121.0,0.0,0,441.15,0.0,1,2.48,1.27,SPY210813P00432500,432.5,0,0.0,0.0,,0.0,normalDay
2021-08-04,6176.0,107.0,0.0,0,438.98,0.0,1,2.48,1.41,SPY210813P00432500,432.5,0,0.0,0.0,,0.0,normalDay
2021-08-05,6176.0,165.0,0.0,0,441.76,0.0,1,2.48,0.83,SPY210813P00432500,432.5,0,0.0,0.0,,0.0,normalDay
2021-08-06,6176.0,214.0,0.0,0,442.49,0.0,1,2.48,0.34,SPY210813P00432500,432.5,0,0.0,0.0,,0.0,normalDay
2021-08-09,6176.0,224.0,0.0,0,442.13,0.0,1,2.48,0.24,SPY210813P00432500,432.5,0,0.0,0.0,,0.0,normalDay
2021-08-10,6176.0,228.0,0.0,0,442.68,0.0,1,2.48,0.2,SPY210813P00432500,432.5,0,0.0,0.0,,0.0,normalDay
2021-08-11,6176.0,240.0,0.0,0,443.78,0.0,1,2.48,0.08,SPY210813P00432500,432.5,0,0.0,0.0,,0.0,normalDay
2021-08-12,6176.0,243.0,0.0,0,445.11,0.0,1,2.48,0.05,SPY210813P00432500,432.5,0,0.0,0.0,,0.0,normalDay
2021-08-13,6424.0,0.0,248.0,0,445.92,0.0,1,2.48,0.0,SPY210813P00432500,432.5,0,0.0,0.0,,0.0,expirationDay
2021-08-16,6424.0,-3.0,0.0,0,446.97,0.0,1,1.02,1.05,SPY210827P00437000,437.0,0,0.0,0.0,,0.0,normalDay
2021-08-17,6424.0,-98.0,0.0,0,444.04,0.0,1,1.02,2.0,SPY210827P00437000,437.0,0,0.0,0.0,,0.0,normalDay
2021-08-18,6424.0,-299.0,0.0,0,439.18,0.0,1,1.02,4.01,SPY210827P00437000,437.0,0,0.0,0.0,,0.0,normalDay
2021-08-19,6424.0,-231.0,0.0,0,439.86,0.0,1,1.02,3.33,SPY210827P00437000,437.0,0,0.0,0.0,,0.0,normalDay
2021-08-20,6424.0,-27.0,0.0,0,443.36,0.0,1,1.02,1.29,SPY210827P00437000,437.0,0,0.0,0.0,,0.0,normalDay
2021-08-23,6424.0,75.0,0.0,0,447.26,0.0,1,1.02,0.27,SPY210827P00437000,437.0,0,0.0,0.0,,0.0,normalDay
2021-08-24,6424.0,85.0,0.0,0,447.97,0.0,1,1.02,0.17,SPY210827P00437000,437.0,0,0.0,0.0,,0.0,normalDay
2021-08-25,6424.0,94.0,0.0,0,448.91,0.0,1,1.02,0.08,SPY210827P00437000,437.0,0,0.0,0.0,,0.0,normalDay
2021-08-26,6424.0,91.0,0.0,0,446.26,0.0,1,1.02,0.11,SPY210827P00437000,437.0,0,0.0,0.0,,0.0,normalDay
2021-08-27,6526.0,0.0,102.0,0,450.25,0.0,1,1.02,0.0,SPY210827P00437000,437.0,0,0.0,0.0,,0.0,expirationDay
2021-08-30,6526.0,-3.0,0.0,0,452.23,0.0,1,0.81,0.84,SPY210910P00442000,442.0,0,0.0,0.0,,0.0,normalDay
2021-08-31,6526.0,-6.0,0.0,0,451.56,0.0,1,0.81,0.87,SPY210910P00442000,442.0,0,0.0,0.0,,0.0,normalDay
2021-09-01,6526.0,14.0,0.0,0,451.8,0.0,1,0.81,0.67,SPY210910P00442000,442.0,0,0.0,0.0,,0.0,normalDay
2021-09-02,6526.0,23.0,0.0,0,453.19,0.0,1,0.81,0.58,SPY210910P00442000,442.0,0,0.0,0.0,,0.0,normalDay
2021-09-03,6526.0,48.0,0.0,0,453.08,0.0,1,0.81,0.33,SPY210910P00442000,442.0,0,0.0,0.0,,0.0,normalDay
2021-09-07,6526.0,53.0,0.0,0,451.46,0.0,1,0.81,0.28,SPY210910P00442000,442.0,0,0.0,0.0,,0.0,normalDay
2021-09-08,6526.0,65.0,0.0,0,450.91,0.0,1,0.81,0.16,SPY210910P00442000,442.0,0,0.0,0.0,,0.0,normalDay
2021-09-09,6526.0,68.0,0.0,0,448.98,0.0,1,0.81,0.13,SPY210910P00442000,442.0,0,0.0,0.0,,0.0,normalDay
2021-09-10,6607.0,0.0,81.0,0,445.44,0.0,1,0.81,0.0,SPY210910P00442000,442.0,0,0.0,0.0,,0.0,expirationDay
2021-09-13,6607.0,-6.0,0.0,0,446.58,0.0,1,4.25,4.31,SPY210924P00445000,445.0,0,0.0,0.0,,0.0,normalDay
2021-09-14,6607.0,-104.0,0.0,0,444.17,0.0,1,4.25,5.29,SPY210924P00445000,445.0,0,0.0,0.0,,0.0,normalDay
2021-09-15,6607.0,131.0,0.0,0,447.88,0.0,1,4.25,2.94,SPY210924P00445000,445.0,0,0.0,0.0,,0.0,normalDay
2021-09-16,6607.0,105.0,0.0,0,447.17,0.0,1,4.25,3.2,SPY210924P00445000,445.0,0,0.0,0.0,,0.0,normalDay
2021-09-17,6607.0,-139.0,0.0,0,441.4,0.0,1,4.25,5.64,SPY210924P00445000,445.0,0,0.0,0.0,,0.0,normalDay
2021-09-20,6607.0,-732.0,0.0,0,434.04,0.0,1,4.25,11.57,SPY210924P00445000,445.0,0,0.0,0.0,,0.0,normalDay
2021-09-21,6607.0,-757.0,0.0,0,433.63,0.0,1,4.25,11.82,SPY210924P00445000,445.0,0,0.0,0.0,,0.0,normalDay
2021-09-22,6607.0,-305.0,0.0,0,437.86,0.0,1,4.25,7.3,SPY210924P00445000,445.0,0,0.0,0.0,,0.0,normalDay
2021-09-23,6607.0,184.0,0.0,0,443.18,0.0,1,4.25,2.41,SPY210924P00445000,445.0,0,0.0,0.0,,0.0,normalDay
2021-09-24,7032.0,-109.0,425.0,100,443.91,445.0,1,4.25,0.0,SPY210924P00445000,445.0,0,0.0,0.0,,0.0,expirationDay
2021-09-27,7032.0,-239.0,0.0,100,442.64,445.0,0,0.0,0.0,,0.0,1,0.1,0.13,SPY210930C00450000,450.0,normalDay
2021-09-28,7032.0,-1122.0,0.0,100,433.72,445.0,0,0.0,0.0,,0.0,1,0.1,0.04,SPY210930C00450000,450.0,normalDay
2021-09-29,7032.0,-1046.0,0.0,100,434.45,445.0,0,0.0,0.0,,0.0,1,0.1,0.01,SPY210930C00450000,450.0,normalDay
2021-09-30,7042.0,-1586.0,10.0,100,429.14,445.0,0,0.0,0.0,,0.0,1,0.1,0.0,SPY210930C00450000,450.0,expirationDay
2021-10-01,7042.0,-1076.0,0.0,100,434.24,445.0,0,0.0,0.0,,0.0,0,0.0,0.0,,0.0,bidTooLow
2021-10-04,7042.0,-1636.0,0.0,100,428.64,445.0,0,0.0,0.0,,0.0,0,0.0,0.0,,0.0,bidTooLow
2021-10-05,7042.0,-1193.0,0.0,100,433.1,445.0,0,0.0,0.0,,0.0,1,0.08,0.11,SPY211008C00445000,445.0,normalDay
2021-10-06,7042.0,-1011.0,0.0,100,434.9,445.0,0,0.0,0.0,,0.0,1,0.08,0.09,SPY211008C00445000,445.0,normalDay
2021-10-07,7042.0,-635.0,0.0,100,438.66,445.0,0,0.0,0.0,,0.0,1,0.08,0.09,SPY211008C00445000,445.0,normalDay
2021-10-08,7050.0,-714.0,8.0,100,437.86,445.0,0,0.0,0.0,,0.0,1,0.08,0.0,SPY211008C00445000,445.0,expirationDay
2021-10-11,7050.0,-1034.0,0.0,100,434.69,445.0,0,0.0,0.0,,0.0,1,0.17,0.2,SPY211013C00442000,442.0,normalDay
2021-10-12,7050.0,-1125.0,0.0,100,433.62,445.0,0,0.0,0.0,,0.0,1,0.17,0.04,SPY211013C00442000,442.0,normalDay
2021-10-13,7067.0,-982.0,17.0,100,435.18,445.0,0,0.0,0.0,,0.0,1,0.17,0.0,SPY211013C00442000,442.0,expirationDay
2021-10-14,7067.0,-259.0,0.0,100,442.5,445.0,0,0.0,0.0,,0.0,1,3.81,3.9,SPY211015C00439000,439.0,normalDay
2021-10-15,6848.0,-259.0,-219.0,0,445.87,0.0,0,0.0,0.0,,0.0,1,3.81,0.0,SPY211015C00439000,439.0,expirationDay
2021-10-18,6848.0,-3.0,0.0,0,447.19,0.0,1,0.9,0.93,SPY211029P00433000,433.0,0,0.0,0.0,,0.0,normalDay
2021-10-19,6848.0,37.0,0.0,0,450.64,0.0,1,0.9,0.53,SPY211029P00433000,433.0,0,0.0,0.0,,0.0,normalDay
2021-10-20,6848.0,53.0,0.0,0,452.41,0.0,1,0.9,0.37,SPY211029P00433000,433.0,0,0.0,0.0,,0.0,normalDay
2021-10-21,6848.0,68.0,0.0,0,453.59,0.0,1,0.9,0.22,SPY211029P00433000,433.0,0,0.0,0.0,,0.0,normalDay
2021-10-22,6848.0,74.0,0.0,0,453.12,0.0,1,0.9,0.16,SPY211029P00433000,433.0,0,0.0,0.0,,0.0,normalDay
2021-10-25,6848.0,84.0,0.0,0,455.55,0.0,1,0.9,0.06,SPY211029P00433000,433.0,0,0.0,0.0,,0.0,normalDay
2021-10-26,6848.0,84.0,0.0,0,455.96,0.0,1,0.9,0.06,SPY211029P00433000,433.0,0,0.0,0.0,,0.0,normalDay
2021-10-27,6848.0,86.0,0.0,0,453.94,0.0,1,0.9,0.04,SPY211029P00433000,433.0,0,0.0,0.0,,0.0,normalDay
2021-10-28,6848.0,88.0,0.0,0,458.32,0.0,1,0.9,0.02,SPY211029P00433000,433.0,0,0.0,0.0,,0.0,normalDay
2021-10-29,6938.0,0.0,90.0,0,459.25,0.0,1,0.9,0.0,SPY211029P00433000,433.0,0,0.0,0.0,,0.0,expirationDay
2021-11-01,6938.0,-3.0,0.0,0,460.04,0.0,1,0.62,0.65,SPY211112P00439000,439.0,0,0.0,0.0,,0.0,normalDay
2021-11-02,6938.0,13.0,0.0,0,461.9,0.0,1,0.62,0.49,SPY211112P00439000,439.0,0,0.0,0.0,,0.0,normalDay
2021-11-03,6938.0,38.0,0.0,0,464.72,0.0,1,0.62,0.24,SPY211112P00439000,439.0,0,0.0,0.0,,0.0,normalDay
2021-11-04,6938.0,42.0,0.0,0,466.91,0.0,1,0.62,0.2,SPY211112P00439000,439.0,0,0.0,0.0,,0.0,normalDay
2021-11-05,6938.0,50.0,0.0,0,468.53,0.0,1,0.62,0.12,SPY211112P00439000,439.0,0,0.0,0.0,,0.0,normalDay
2021-11-08,6938.0,57.0,0.0,0,468.93,0.0,1,0.62,0.05,SPY211112P00439000,439.0,0,0.0,0.0,,0.0,normalDay
2021-11-09,6938.0,58.0,0.0,0,467.38,0.0,1,0.62,0.04,SPY211112P00439000,439.0,0,0.0,0.0,,0.0,normalDay
2021-11-10,6938.0,57.0,0.0,0,463.62,0.0,1,0.62,0.05,SPY211112P00439000,439.0,0,0.0,0.0,,0.0,normalDay
2021-11-11,6938.0,60.0,0.0,0,463.77,0.0,1,0.62,0.02,SPY211112P00439000,439.0,0,0.0,0.0,,0.0,normalDay
2021-11-12,7000.0,0.0,62.0,0,467.27,0.0,1,0.62,0.0,SPY211112P00439000,439.0,0,0.0,0.0,,0.0,expirationDay
2021-11-15,7000.0,-3.0,0.0,0,467.43,0.0,1,0.87,0.9,SPY211126P00456000,456.0,0,0.0,0.0,,0.0,normalDay
2021-11-16,7000.0,24.0,0.0,0,469.28,0.0,1,0.87,0.63,SPY211126P00456000,456.0,0,0.0,0.0,,0.0,normalDay
2021-11-17,7000.0,30.0,0.0,0,468.14,0.0,1,0.87,0.57,SPY211126P00456000,456.0,0,0.0,0.0,,0.0,normalDay
2021-11-18,7000.0,44.0,0.0,0,469.73,0.0,1,0.87,0.43,SPY211126P00456000,456.0,0,0.0,0.0,,0.0,normalDay
2021-11-19,7000.0,56.0,0.0,0,468.89,0.0,1,0.87,0.31,SPY211126P00456000,456.0,0,0.0,0.0,,0.0,normalDay
2021-11-22,7000.0,58.0,0.0,0,467.57,0.0,1,0.87,0.29,SPY211126P00456000,456.0,0,0.0,0.0,,0.0,normalDay
2021-11-23,7000.0,70.0,0.0,0,468.19,0.0,1,0.87,0.17,SPY211126P00456000,456.0,0,0.0,0.0,,0.0,normalDay
2021-11-24,7000.0,83.0,0.0,0,469.44,0.0,1,0.87,0.04,SPY211126P00456000,456.0,0,0.0,0.0,,0.0,normalDay
2021-11-26,7087.0,0.0,87.0,0,458.97,0.0,1,0.87,0.0,SPY211126P00456000,456.0,0,0.0,0.0,,0.0,expirationDay
2021-11-29,7087.0,-5.0,0.0,0,464.6,0.0,1,5.16,5.21,SPY211210P00464000,464.0,0,0.0,0.0,,0.0,normalDay
2021-11-30,7087.0,-445.0,0.0,0,455.56,0.0,1,5.16,9.61,SPY211210P00464000,464.0,0,0.0,0.0,,0.0,normalDay
2021-12-01,7087.0,-1002.0,0.0,0,450.5,0.0,1,5.16,15.18,SPY211210P00464000,464.0,0,0.0,0.0,,0.0,normalDay
2021-12-02,7087.0,-429.0,0.0,0,457.4,0.0,1,5.16,9.45,SPY211210P00464000,464.0,0,0.0,0.0,,0.0,normalDay
2021-12-03,7087.0,-700.0,0.0,0,453.42,0.0,1,5.16,12.16,SPY211210P00464000,464.0,0,0.0,0.0,,0.0,normalDay
2021-12-06,7087.0,-191.0,0.0,0,458.79,0.0,1,5.16,7.07,SPY211210P00464000,464.0,0,0.0,0.0,,0.0,normalDay
2021-12-07,7087.0,366.0,0.0,0,468.28,0.0,1,5.16,1.5,SPY211210P00464000,464.0,0,0.0,0.0,,0.0,normalDay
2021-12-08,7087.0,458.0,0.0,0,469.52,0.0,1,5.16,0.58,SPY211210P00464000,464.0,0,0.0,0.0,,0.0,normalDay
2021-12-09,7087.0,425.0,0.0,0,466.35,0.0,1,5.16,0.91,SPY211210P00464000,464.0,0,0.0,0.0,,0.0,normalDay
2021-12-10,7603.0,0.0,516.0,0,470.74,0.0,1,5.16,0.0,SPY211210P00464000,464.0,0,0.0,0.0,,0.0,expirationDay
2021-12-13,7603.0,-3.0,0.0,0,466.57,0.0,1,3.03,3.06,SPY211223P00459000,459.0,0,0.0,0.0,,0.0,normalDay
2021-12-14,7603.0,-127.0,0.0,0,463.36,0.0,1,3.03,4.3,SPY211223P00459000,459.0,0,0.0,0.0,,0.0,normalDay
2021-12-15,7603.0,164.0,0.0,0,470.6,0.0,1,3.03,1.39,SPY211223P00459000,459.0,0,0.0,0.0,,0.0,normalDay
2021-12-16,7603.0,71.0,0.0,0,466.45,0.0,1,3.03,2.32,SPY211223P00459000,459.0,0,0.0,0.0,,0.0,normalDay
2021-12-17,7603.0,-72.0,0.0,0,459.87,0.0,1,3.03,3.75,SPY211223P00459000,459.0,0,0.0,0.0,,0.0,normalDay
2021-12-20,7603.0,-254.0,0.0,0,454.98,0.0,1,3.03,5.57,SPY211223P00459000,459.0,0,0.0,0.0,,0.0,normalDay
2021-12-21,7603.0,183.0,0.0,0,463.06,0.0,1,3.03,1.2,SPY211223P00459000,459.0,0,0.0,0.0,,0.0,normalDay
2021-12-22,7603.0,296.0,0.0,0,467.69,0.0,1,3.03,0.07,SPY211223P00459000,459.0,0,0.0,0.0,,0.0,normalDay
2021-12-23,7906.0,0.0,303.0,0,470.6,0.0,1,3.03,0.0,SPY211223P00459000,459.0,0,0.0,0.0,,0.0,expirationDay
2021-12-27,7906.0,-4.0,0.0,0,477.26,0.0,1,0.66,0.7,SPY220107P00458000,458.0,0,0.0,0.0,,0.0,normalDay
2021-12-28,7906.0,6.0,0.0,0,476.87,0.0,1,0.66,0.6,SPY220107P00458000,458.0,0,0.0,0.0,,0.0,normalDay
2021-12-29,7906.0,35.0,0.0,0,477.48,0.0,1,0.66,0.31,SPY220107P00458000,458.0,0,0.0,0.0,,0.0,normalDay
2021-12-30,7906.0,30.0,0.0,0,476.16,0.0,1,0.66,0.36,SPY220107P00458000,458.0,0,0.0,0.0,,0.0,normalDay
2021-12-31,7906.0,44.0,0.0,0,474.96,0.0,1,0.66,0.22,SPY220107P00458000,458.0,0,0.0,0.0,,0.0,normalDay
2022-01-03,7906.0,60.0,0.0,0,477.71,0.0,1,0.66,0.06,SPY220107P00458000,458.0,0,0.0,0.0,,0.0,normalDay
2022-01-04,7906.0,61.0,0.0,0,477.55,0.0,1,0.66,0.05,SPY220107P00458000,458.0,0,0.0,0.0,,0.0,normalDay
2022-01-05,7906.0,32.0,0.0,0,468.38,0.0,1,0.66,0.34,SPY220107P00458000,458.0,0,0.0,0.0,,0.0,normalDay
2022-01-06,7906.0,59.0,0.0,0,467.94,0.0,1,0.66,0.07,SPY220107P00458000,458.0,0,0.0,0.0,,0.0,normalDay
2022-01-07,7972.0,0.0,66.0,0,466.09,0.0,1,0.66,0.0,SPY220107P00458000,458.0,0,0.0,0.0,,0.0,expirationDay
2022-01-10,7972.0,-4.0,0.0,0,465.51,0.0,1,4.35,4.39,SPY220121P00464000,464.0,0,0.0,0.0,,0.0,normalDay
2022-01-11,7972.0,165.0,0.0,0,469.75,0.0,1,4.35,2.7,SPY220121P00464000,464.0,0,0.0,0.0,,0.0,normalDay
2022-01-12,7972.0,250.0,0.0,0,471.02,0.0,1,4.35,1.85,SPY220121P00464000,464.0,0,0.0,0.0,,0.0,normalDay
2022-01-13,7972.0,-12.0,0.0,0,464.53,0.0,1,4.35,4.47,SPY220121P00464000,464.0,0,0.0,0.0,,0.0,normalDay
2022-01-14,7972.0,79.0,0.0,0,464.72,0.0,1,4.35,3.56,SPY220121P00464000,464.0,0,0.0,0.0,,0.0,normalDay
2022-01-18,7972.0,-437.0,0.0,0,456.49,0.0,1,4.35,8.72,SPY220121P00464000,464.0,0,0.0,0.0,,0.0,normalDay
2022-01-19,7972.0,-782.0,0.0,0,451.75,0.0,1,4.35,12.17,SPY220121P00464000,464.0,0,0.0,0.0,,0.0,normalDay
2022-01-20,7972.0,-1353.0,0.0,0,446.75,0.0,1,4.35,17.88,SPY220121P00464000,464.0,0,0.0,0.0,,0.0,normalDay
2022-01-21,8407.0,-2602.0,435.0,100,437.98,464.0,1,4.35,0.0,SPY220121P00464000,464.0,0,0.0,0.0,,0.0,expirationDay
2022-01-24,8407.0,-2416.0,0.0,100,439.84,464.0,0,0.0,0.0,,0.0,0,0.0,0.0,,0.0,bidTooLow
2022-01-25,8407.0,-2953.0,0.0,100,434.47,464.0,0,0.0,0.0,,0.0,0,0.0,0.0,,0.0,bidTooLow
2022-01-26,8407.0,-3062.0,0.0,100,433.38,464.0,0,0.0,0.0,,0.0,0,0.0,0.0,,0.0,bidTooLow
2022-01-27,8407.0,-3276.0,0.0,100,431.24,464.0,0,0.0,0.0,,0.0,0,0.0,0.0,,0.0,bidTooLow
2022-01-28,8407.0,-2205.0,0.0,100,441.95,464.0,0,0.0,0.0,,0.0,0,0.0,0.0,,0.0,bidTooLow
2022-01-31,8407.0,-1412.0,0.0,100,449.91,464.0,0,0.0,0.0,,0.0,1,0.03,0.06,SPY220202C00466000,466.0,normalDay
2022-02-01,8407.0,-1104.0,0.0,100,452.95,464.0,0,0.0,0.0,,0.0,1,0.03,0.02,SPY220202C00466000,466.0,normalDay
2022-02-02,8410.0,-665.0,3.0,100,457.35,464.0,0,0.0,0.0,,0.0,1,0.03,0.0,SPY220202C00466000,466.0,expirationDay
2022-02-03,8410.0,-1743.0,0.0,100,446.6,464.0,0,0.0,0.0,,0.0,1,0.09,0.12,SPY220204C00462000,462.0,normalDay
2022-02-04,8419.0,-1530.0,9.0,100,448.7,464.0,0,0.0,0.0,,0.0,1,0.09,0.0,SPY220204C00462000,462.0,expirationDay
2022-02-07,8419.0,-1677.0,0.0,100,447.26,464.0,0,0.0,0.0,,0.0,1,0.06,0.09,SPY220209C00460000,460.0,normalDay
2022-02-08,8419.0,-1304.0,0.0,100,450.94,464.0,0,0.0,0.0,,0.0,1,0.06,0.04,SPY220209C00460000,460.0,normalDay
2022-02-09,8425.0,-646.0,6.0,100,457.54,464.0,0,0.0,0.0,,0.0,1,0.06,0.0,SPY220209C00460000,460.0,expirationDay
2022-02-10,8425.0,-1471.0,0.0,100,449.32,464.0,0,0.0,0.0,,0.0,1,0.47,0.5,SPY220211C00455000,455.0,normalDay
2022-02-11,8472.0,-2354.0,47.0,100,440.46,464.0,0,0.0,0.0,,0.0,1,0.47,0.0,SPY220211C00455000,455.0,expirationDay
2022-02-14,8472.0,-2501.0,0.0,100,439.02,464.0,0,0.0,0.0,,0.0,1,0.23,0.26,SPY220216C00451000,451.0,normalDay
2022-02-15,8472.0,-1804.0,0.0,100,446.1,464.0,0,0.0,0.0,,0.0,1,0.23,0.37,SPY220216C00451000,451.0,normalDay
2022-02-16,8495.0,-1740.0,23.0,100,446.6,464.0,0,0.0,0.0,,0.0,1,0.23,0.0,SPY220216C00451000,451.0,expirationDay
2022-02-17,8495.0,-2697.0,0.0,100,437.06,464.0,0,0.0,0.0,,0.0,1,0.03,0.06,SPY220218C00450000,450.0,normalDay
2022-02-18,8498.0,-2977.0,3.0,100,434.23,464.0,0,0.0,0.0,,0.0,1,0.03,0.0,SPY220218C00450000,450.0,expirationDay
2022-02-22,8498.0,-3446.0,0.0,100,429.57,464.0,0,0.0,0.0,,0.0,1,0.07,0.1,SPY220225C00450000,450.0,normalDay
2022-02-23,8498.0,-4201.0,0.0,100,421.95,464.0,0,0.0,0.0,,0.0,1,0.07,0.03,SPY220225C00450000,450.0,normalDay
2022-02-24,8498.0,-3565.0,0.0,100,428.3,464.0,0,0.0,0.0,,0.0,1,0.07,0.02,SPY220225C00450000,450.0,normalDay
2022-02-25,8505.0,-2625.0,7.0,100,437.75,464.0,0,0.0,0.0,,0.0,1,0.07,0.0,SPY220225C00450000,450.0,expirationDay
2022-02-28,8505.0,-2740.0,0.0,100,436.63,464.0,0,0.0,0.0,,0.0,1,0.18,0.21,SPY220302C00450000,450.0,normalDay
2022-03-01,8505.0,-3386.0,0.0,100,429.98,464.0,0,0.0,0.0,,0.0,1,0.18,0.02,SPY220302C00450000,450.0,normalDay
2022-03-02,8523.0,-2611.0,18.0,100,437.89,464.0,0,0.0,0.0,,0.0,1,0.18,0.0,SPY220302C00450000,450.0,expirationDay
2022-03-03,8523.0,-2832.0,0.0,100,435.71,464.0,0,0.0,0.0,,0.0,1,0.08,0.11,SPY220304C00446000,446.0,normalDay
2022-03-04,8531.0,-3183.0,8.0,100,432.17,464.0,0,0.0,0.0,,0.0,1,0.08,0.0,SPY220304C00446000,446.0,expirationDay
2022-03-07,8531.0,-4457.0,0.0,100,419.43,464.0,0,0.0,0.0,,0.0,0,0.0,0.0,,0.0,bidTooLow
2022-03-08,8531.0,-4778.0,0.0,100,416.25,464.0,0,0.0,0.0,,0.0,1,0.04,0.07,SPY220311C00444000,444.0,normalDay
2022-03-09,8531.0,-3667.0,0.0,100,427.41,464.0,0,0.0,0.0,,0.0,1,0.04,0.12,SPY220311C00444000,444.0,normalDay
2022-03-10,8531.0,-3850.0,0.0,100,425.48,464.0,0,0.0,0.0,,0.0,1,0.04,0.02,SPY220311C00444000,444.0,normalDay
2022-03-11,8535.0,-4393.0,4.0,100,420.07,464.0,0,0.0,0.0,,0.0,1,0.04,0.0,SPY220311C00444000,444.0,expirationDay
2022-03-14,8535.0,-4703.0,0.0,100,417.0,464.0,0,0.0,0.0,,0.0,1,0.09,0.12,SPY220316C00437000,437.0,normalDay
2022-03-15,8535.0,-3794.0,0.0,100,426.17,464.0,0,0.0,0.0,,0.0,1,0.09,0.2,SPY220316C00437000,437.0,normalDay
2022-03-16,8544.0,-2838.0,9.0,100,435.62,464.0,0,0.0,0.0,,0.0,1,0.09,0.0,SPY220316C00437000,437.0,expirationDay
2022-03-17,8544.0,-2339.0,0.0,100,441.07,464.0,0,0.0,0.0,,0.0,1,4.94,5.4,SPY220318C00435000,435.0,normalDay
2022-03-18,6138.0,-2339.0,-2406.0,0,444.52,0.0,0,0.0,0.0,,0.0,1,4.94,0.0,SPY220318C00435000,435.0,expirationDay
2022-03-21,6138.0,-4.0,0.0,0,444.39,0.0,1,1.45,1.49,SPY220401P00423000,423.0,0,0.0,0.0,,0.0,normalDay
2022-03-22,6138.0,49.0,0.0,0,449.59,0.0,1,1.45,0.96,SPY220401P00423000,423.0,0,0.0,0.0,,0.0,normalDay
2022-03-23,6138.0,23.0,0.0,0,443.8,0.0,1,1.45,1.22,SPY220401P00423000,423.0,0,0.0,0.0,,0.0,normalDay
2022-03-24,6138.0,101.0,0.0,0,450.49,0.0,1,1.45,0.44,SPY220401P00423000,423.0,0,0.0,0.0,,0.0,normalDay
2022-03-25,6138.0,124.0,0.0,0,452.69,0.0,1,1.45,0.21,SPY220401P00423000,423.0,0,0.0,0.0,,0.0,normalDay
2022-03-28,6138.0,139.0,0.0,0,455.91,0.0,1,1.45,0.06,SPY220401P00423000,423.0,0,0.0,0.0,,0.0,normalDay
2022-03-29,6138.0,141.0,0.0,0,461.55,0.0,1,1.45,0.04,SPY220401P00423000,423.0,0,0.0,0.0,,0.0,normalDay
2022-03-30,6138.0,142.0,0.0,0,458.7,0.0,1,1.45,0.03,SPY220401P00423000,423.0,0,0.0,0.0,,0.0,normalDay
2022-03-31,6138.0,143.0,0.0,0,451.64,0.0,1,1.45,0.02,SPY220401P00423000,423.0,0,0.0,0.0,,0.0,normalDay
2022-04-01,6283.0,0.0,145.0,0,452.92,0.0,1,1.45,0.0,SPY220401P00423000,423.0,0,0.0,0.0,,0.0,expirationDay
2022-04-04,6283.0,-3.0,0.0,0,456.8,0.0,1,0.28,0.31,SPY220414P00430000,430.0,0,0.0,0.0,,0.0,normalDay
2022-04-05,6283.0,-38.0,0.0,0,451.03,0.0,1,0.28,0.66,SPY220414P00430000,430.0,0,0.0,0.0,,0.0,normalDay
2022-04-06,6283.0,-66.0,0.0,0,446.52,0.0,1,0.28,0.94,SPY220414P00430000,430.0,0,0.0,0.0,,0.0,normalDay
2022-04-07,6283.0,-34.0,0.0,0,448.77,0.0,1,0.28,0.62,SPY220414P00430000,430.0,0,0.0,0.0,,0.0,normalDay
2022-04-08,6283.0,-6.0,0.0,0,447.57,0.0,1,0.28,0.34,SPY220414P00430000,430.0,0,0.0,0.0,,0.0,normalDay
2022-04-11,6283.0,-67.0,0.0,0,439.92,0.0,1,0.28,0.95,SPY220414P00430000,430.0,0,0.0,0.0,,0.0,normalDay
2022-04-12,6283.0,-27.0,0.0,0,438.29,0.0,1,0.28,0.55,SPY220414P00430000,430.0,0,0.0,0.0,,0.0,normalDay
2022-04-13,6283.0,21.0,0.0,0,443.31,0.0,1,0.28,0.07,SPY220414P00430000,430.0,0,0.0,0.0,,0.0,normalDay
2022-04-14,6311.0,0.0,28.0,0,437.79,0.0,1,0.28,0.0,SPY220414P00430000,430.0,0,0.0,0.0,,0.0,expirationDay
2022-04-18,6311.0,-9.0,0.0,0,437.97,0.0,1,7.55,7.64,SPY220429P00443000,443.0,0,0.0,0.0,,0.0,normalDay
2022-04-19,6311.0,215.0,0.0,0,445.04,0.0,1,7.55,5.4,SPY220429P00443000,443.0,0,0.0,0.0,,0.0,normalDay
2022-04-20,6311.0,362.0,0.0,0,444.71,0.0,1,7.55,3.93,SPY220429P00443000,443.0,0,0.0,0.0,,0.0,normalDay
2022-04-21,6311.0,-48.0,0.0,0,438.06,0.0,1,7.55,8.03,SPY220429P00443000,443.0,0,0.0,0.0,,0.0,normalDay
2022-04-22,6311.0,-1098.0,0.0,0,426.04,0.0,1,7.55,18.53,SPY220429P00443000,443.0,0,0.0,0.0,,0.0,normalDay
2022-04-25,6311.0,-747.0,0.0,0,428.51,0.0,1,7.55,15.02,SPY220429P00443000,443.0,0,0.0,0.0,,0.0,normalDay
2022-04-26,6311.0,-2085.0,0.0,0,416.1,0.0,1,7.55,28.4,SPY220429P00443000,443.0,0,0.0,0.0,,0.0,normalDay
2022-04-27,6311.0,-1746.0,0.0,0,417.27,0.0,1,7.55,25.01,SPY220429P00443000,443.0,0,0.0,0.0,,0.0,normalDay
2022-04-28,6311.0,-995.0,0.0,0,427.81,0.0,1,7.55,17.5,SPY220429P00443000,443.0,0,0.0,0.0,,0.0,normalDay
2022-04-29,7066.0,-3100.0,755.0,100,412.0,443.0,1,7.55,0.0,SPY220429P00443000,443.0,0,0.0,0.0,,0.0,expirationDay
2022-05-02,7066.0,-2852.0,0.0,100,414.48,443.0,0,0.0,0.0,,0.0,0,0.0,0.0,,0.0,bidTooLow
2022-05-03,7066.0,-2665.0,0.0,100,416.38,443.0,0,0.0,0.0,,0.0,1,0.02,0.05,SPY220506C00443000,443.0,normalDay
2022-05-04,7066.0,-1403.0,0.0,100,429.06,443.0,0,0.0,0.0,,0.0,1,0.02,0.11,SPY220506C00443000,443.0,normalDay
2022-05-05,7066.0,-2919.0,0.0,100,413.81,443.0,0,0.0,0.0,,0.0,1,0.02,0.02,SPY220506C00443000,443.0,normalDay
2022-05-06,7068.0,-3166.0,2.0,100,411.34,443.0,0,0.0,0.0,,0.0,1,0.02,0.0,SPY220506C00443000,443.0,expirationDay
2022-05-09,7068.0,-4483.0,0.0,100,398.17,443.0,0,0.0,0.0,,0.0,0,0.0,0.0,,0.0,bidTooLow
2022-05-10,7068.0,-4394.0,0.0,100,399.09,443.0,0,0.0,0.0,,0.0,1,0.01,0.04,SPY220513C00435000,435.0,normalDay
2022-05-11,7068.0,-5026.0,0.0,100,392.75,443.0,0,0.0,0.0,,0.0,1,0.01,0.02,SPY220513C00435000,435.0,normalDay
2022-05-12,7068.0,-5066.0,0.0,100,392.34,443.0,0,0.0,0.0,,0.0,1,0.01,0.01,SPY220513C00435000,435.0,normalDay
2022-05-13,7069.0,-4128.0,1.0,100,401.72,443.0,0,0.0,0.0,,0.0,1,0.01,0.0,SPY220513C00435000,435.0,expirationDay
2022-05-16,7069.0,-4291.0,0.0,100,400.09,443.0,0,0.0,0.0,,0.0,0,0.0,0.0,,0.0,bidTooLow
2022-05-17,7069.0,-3471.0,0.0,100,408.32,443.0,0,0.0,0.0,,0.0,1,0.08,0.11,SPY220520C00425000,425.0,normalDay
2022-05-18,7069.0,-5108.0,0.0,100,391.86,443.0,0,0.0,0.0,,0.0,1,0.08,0.02,SPY220520C00425000,425.0,normalDay
2022-05-19,7069.0,-5347.0,0.0,100,389.46,443.0,0,0.0,0.0,,0.0,1,0.08,0.01,SPY220520C00425000,425.0,normalDay
2022-05-20,7077.0,-5337.0,8.0,100,389.63,443.0,0,0.0,0.0,,0.0,1,0.08,0.0,SPY220520C00425000,425.0,expirationDay
2022-05-23,7077.0,-4611.0,0.0,100,396.92,443.0,0,0.0,0.0,,0.0,1,0.04,0.07,SPY220525C00415000,415.0,normalDay
2022-05-24,7077.0,-4908.0,0.0,100,393.89,443.0,0,0.0,0.0,,0.0,1,0.04,0.01,SPY220525C00415000,415.0,normalDay
2022-05-25,7081.0,-4563.0,4.0,100,397.37,443.0,0,0.0,0.0,,0.0,1,0.04,0.0,SPY220525C00415000,415.0,expirationDay
2022-05-26,7081.0,-3772.0,0.0,100,405.31,443.0,0,0.0,0.0,,0.0,1,0.4,0.43,SPY220527C00410000,410.0,normalDay
2022-05-27,3821.0,-3772.0,-3260.0,0,415.26,0.0,0,0.0,0.0,,0.0,1,0.4,0.0,SPY220527C00410000,410.0,expirationDay
2022-05-31,3821.0,-4.0,0.0,0,412.93,0.0,1,1.68,1.72,SPY220610P00394000,394.0,0,0.0,0.0,,0.0,normalDay
2022-06-01,3821.0,-3.0,0.0,0,409.59,0.0,1,1.68,1.71,SPY220610P00394000,394.0,0,0.0,0.0,,0.0,normalDay
2022-06-02,3821.0,114.0,0.0,0,417.39,0.0,1,1.68,0.54,SPY220610P00394000,394.0,0,0.0,0.0,,0.0,normalDay
2022-06-03,3821.0,87.0,0.0,0,410.54,0.0,1,1.68,0.81,SPY220610P00394000,394.0,0,0.0,0.0,,0.0,normalDay
2022-06-06,3821.0,131.0,0.0,0,411.79,0.0,1,1.68,0.37,SPY220610P00394000,394.0,0,0.0,0.0,,0.0,normalDay
2022-06-07,3821.0,158.0,0.0,0,415.74,0.0,1,1.68,0.1,SPY220610P00394000,394.0,0,0.0,0.0,,0.0,normalDay
2022-06-08,3821.0,160.0,0.0,0,411.22,0.0,1,1.68,0.08,SPY220610P00394000,394.0,0,0.0,0.0,,0.0,normalDay
2022-06-09,3821.0,111.0,0.0,0,401.44,0.0,1,1.68,0.57,SPY220610P00394000,394.0,0,0.0,0.0,,0.0,normalDay
2022-06-10,3989.0,-420.0,168.0,100,389.8,394.0,1,1.68,0.0,SPY220610P00394000,394.0,0,0.0,0.0,,0.0,expirationDay
2022-06-13,3989.0,-1903.0,0.0,100,375.0,394.0,0,0.0,0.0,,0.0,1,0.03,0.06,SPY220615C00410000,410.0,normalDay
2022-06-14,3989.0,-2012.0,0.0,100,373.87,394.0,0,0.0,0.0,,0.0,1,0.03,0.02,SPY220615C00410000,410.0,normalDay
2022-06-15,3992.0,-1480.0,3.0,100,379.2,394.0,0,0.0,0.0,,0.0,1,0.03,0.0,SPY220615C00410000,410.0,expirationDay
2022-06-16,3992.0,-2735.0,0.0,100,366.65,394.0,0,0.0,0.0,,0.0,0,0.0,0.0,,0.0,bidTooLow
2022-06-17,3992.0,-2814.0,0.0,100,365.86,394.0,0,0.0,0.0,,0.0,0,0.0,0.0,,0.0,bidTooLow
2022-06-21,3992.0,-1893.0,0.0,100,375.07,394.0,0,0.0,0.0,,0.0,0,0.0,0.0,,0.0,bidTooLow
2022-06-22,3992.0,-1961.0,0.0,100,374.39,394.0,0,0.0,0.0,,0.0,0,0.0,0.0,,0.0,bidTooLow
2022-06-23,3992.0,-1594.0,0.0,100,378.06,394.0,0,0.0,0.0,,0.0,0,0.0,0.0,,0.0,bidTooLow
2022-06-24,3992.0,-392.0,0.0,100,390.08,394.0,0,0.0,0.0,,0.0,0,0.0,0.0,,0.0,bidTooLow
2022-06-27,3992.0,-544.0,0.0,100,388.59,394.0,0,0.0,0.0,,0.0,1,0.2,0.23,SPY220630C00406000,406.0,normalDay
2022-06-28,3992.0,-1318.0,0.0,100,380.65,394.0,0,0.0,0.0,,0.0,1,0.2,0.03,SPY220630C00406000,406.0,normalDay
2022-06-29,3992.0,-1348.0,0.0,100,380.34,394.0,0,0.0,0.0,,0.0,1,0.2,0.02,SPY220630C00406000,406.0,normalDay
2022-06-30,4012.0,-1675.0,20.0,100,377.25,394.0,0,0.0,0.0,,0.0,1,0.2,0.0,SPY220630C00406000,406.0,expirationDay
2022-07-01,4012.0,-1276.0,0.0,100,381.24,394.0,0,0.0,0.0,,0.0,0,0.0,0.0,,0.0,bidTooLow
2022-07-05,4012.0,-1207.0,0.0,100,381.96,394.0,0,0.0,0.0,,0.0,1,0.24,0.27,SPY220708C00395000,395.0,normalDay
2022-07-06,4012.0,-1071.0,0.0,100,383.25,394.0,0,0.0,0.0,,0.0,1,0.24,0.2,SPY220708C00395000,395.0,normalDay
2022-07-07,4012.0,-505.0,0.0,100,388.99,394.0,0,0.0,0.0,,0.0,1,0.24,0.28,SPY220708C00395000,395.0,normalDay
2022-07-08,4036.0,-533.0,24.0,100,388.67,394.0,0,0.0,0.0,,0.0,1,0.24,0.0,SPY220708C00395000,395.0,expirationDay
2022-07-11,4036.0,-980.0,0.0,100,384.23,394.0,0,0.0,0.0,,0.0,1,3.11,3.14,SPY220713C00385000,385.0,normalDay
2022-07-12,4036.0,-1127.0,0.0,100,380.83,394.0,0,0.0,0.0,,0.0,1,3.11,1.21,SPY220713C00385000,385.0,normalDay
2022-07-13,4347.0,-1517.0,311.0,100,378.83,394.0,0,0.0,0.0,,0.0,1,3.11,0.0,SPY220713C00385000,385.0,expirationDay
2022-07-14,4347.0,-1612.0,0.0,100,377.91,394.0,0,0.0,0.0,,0.0,1,0.23,0.26,SPY220715C00385000,385.0,normalDay
2022-07-15,3470.0,-1612.0,-877.0,0,385.13,0.0,0,0.0,0.0,,0.0,1,0.23,0.0,SPY220715C00385000,385.0,expirationDay
2022-07-18,3470.0,-5.0,0.0,0,381.95,0.0,1,4.65,4.7,SPY220729P00377000,377.0,0,0.0,0.0,,0.0,normalDay
2022-07-19,3470.0,260.0,0.0,0,392.27,0.0,1,4.65,2.05,SPY220729P00377000,377.0,0,0.0,0.0,,0.0,normalDay
2022-07-20,3470.0,342.0,0.0,0,394.77,0.0,1,4.65,1.23,SPY220729P00377000,377.0,0,0.0,0.0,,0.0,normalDay
2022-07-21,3470.0,401.0,0.0,0,398.79,0.0,1,4.65,0.64,SPY220729P00377000,377.0,0,0.0,0.0,,0.0,normalDay
2022-07-22,3470.0,406.0,0.0,0,395.09,0.0,1,4.65,0.59,SPY220729P00377000,377.0,0,0.0,0.0,,0.0,normalDay
2022-07-25,3470.0,437.0,0.0,0,395.57,0.0,1,4.65,0.28,SPY220729P00377000,377.0,0,0.0,0.0,,0.0,normalDay
2022-07-26,3470.0,410.0,0.0,0,390.89,0.0,1,4.65,0.55,SPY220729P00377000,377.0,0,0.0,0.0,,0.0,normalDay
2022-07-27,3470.0,457.0,0.0,0,401.04,0.0,1,4.65,0.08,SPY220729P00377000,377.0,0,0.0,0.0,,0.0,normalDay
2022-07-28,3470.0,463.0,0.0,0,406.07,0.0,1,4.65,0.02,SPY220729P00377000,377.0,0,0.0,0.0,,0.0,normalDay
2022-07-29,3935.0,0.0,465.0,0,411.99,0.0,1,4.65,0.0,SPY220729P00377000,377.0,0,0.0,0.0,,0.0,expirationDay
2022-08-01,3935.0,-3.0,0.0,0,410.77,0.0,1,0.51,0.54,SPY220812P00383000,383.0,0,0.0,0.0,,0.0,normalDay
2022-08-02,3935.0,-18.0,0.0,0,408.06,0.0,1,0.51,0.69,SPY220812P00383000,383.0,0,0.0,0.0,,0.0,normalDay
2022-08-03,3935.0,31.0,0.0,0,414.45,0.0,1,0.51,0.2,SPY220812P00383000,383.0,0,0.0,0.0,,0.0,normalDay
2022-08-04,3935.0,39.0,0.0,0,414.17,0.0,1,0.51,0.12,SPY220812P00383000,383.0,0,0.0,0.0,,0.0,normalDay
2022-08-05,3935.0,42.0,0.0,0,413.47,0.0,1,0.51,0.09,SPY220812P00383000,383.0,0,0.0,0.0,,0.0,normalDay
2022-08-08,3935.0,47.0,0.0,0,412.99,0.0,1,0.51,0.04,SPY220812P00383000,383.0,0,0.0,0.0,,0.0,normalDay
2022-08-09,3935.0,47.0,0.0,0,411.35,0.0,1,0.51,0.04,SPY220812P00383000,383.0,0,0.0,0.0,,0.0,normalDay
2022-08-10,3935.0,49.0,0.0,0,419.99,0.0,1,0.51,0.02,SPY220812P00383000,383.0,0,0.0,0.0,,0.0,normalDay
2022-08-11,3935.0,50.0,0.0,0,419.99,0.0,1,0.51,0.01,SPY220812P00383000,383.0,0,0.0,0.0,,0.0,normalDay
2022-08-12,3986.0,0.0,51.0,0,427.1,0.0,1,0.51,0.0,SPY220812P00383000,383.0,0,0.0,0.0,,0.0,expirationDay
2022-08-15,3986.0,-3.0,0.0,0,428.86,0.0,1,0.26,0.29,SPY220826P00399000,399.0,0,0.0,0.0,,0.0,normalDay
2022-08-16,3986.0,1.0,0.0,0,429.7,0.0,1,0.26,0.25,SPY220826P00399000,399.0,0,0.0,0.0,,0.0,normalDay
2022-08-17,3986.0,5.0,0.0,0,426.65,0.0,1,0.26,0.21,SPY220826P00399000,399.0,0,0.0,0.0,,0.0,normalDay
2022-08-18,3986.0,13.0,0.0,0,427.89,0.0,1,0.26,0.13,SPY220826P00399000,399.0,0,0.0,0.0,,0.0,normalDay
2022-08-19,3986.0,11.0,0.0,0,422.14,0.0,1,0.26,0.15,SPY220826P00399000,399.0,0,0.0,0.0,,0.0,normalDay
2022-08-22,3986.0,-21.0,0.0,0,413.35,0.0,1,0.26,0.47,SPY220826P00399000,399.0,0,0.0,0.0,,0.0,normalDay
2022-08-23,3986.0,-17.0,0.0,0,412.35,0.0,1,0.26,0.43,SPY220826P00399000,399.0,0,0.0,0.0,,0.0,normalDay
2022-08-24,3986.0,14.0,0.0,0,413.67,0.0,1,0.26,0.12,SPY220826P00399000,399.0,0,0.0,0.0,,0.0,normalDay
2022-08-25,3986.0,22.0,0.0,0,419.51,0.0,1,0.26,0.04,SPY220826P00399000,399.0,0,0.0,0.0,,0.0,normalDay
2022-08-26,4012.0,0.0,26.0,0,405.31,0.0,1,0.26,0.0,SPY220826P00399000,399.0,0,0.0,0.0,,0.0,expirationDay
2022-08-29,4012.0,-5.0,0.0,0,402.63,0.0,1,10.87,10.92,SPY220909P00411000,411.0,0,0.0,0.0,,0.0,normalDay
2022-08-30,4012.0,-311.0,0.0,0,398.21,0.0,1,10.87,13.98,SPY220909P00411000,411.0,0,0.0,0.0,,0.0,normalDay
2022-08-31,4012.0,-536.0,0.0,0,395.18,0.0,1,10.87,16.23,SPY220909P00411000,411.0,0,0.0,0.0,,0.0,normalDay
2022-09-01,4012.0,-429.0,0.0,0,396.42,0.0,1,10.87,15.16,SPY220909P00411000,411.0,0,0.0,0.0,,0.0,normalDay
2022-09-02,4012.0,-764.0,0.0,0,392.24,0.0,1,10.87,18.51,SPY220909P00411000,411.0,0,0.0,0.0,,0.0,normalDay
2022-09-06,4012.0,-994.0,0.0,0,390.76,0.0,1,10.87,20.81,SPY220909P00411000,411.0,0,0.0,0.0,,0.0,normalDay
2022-09-07,4012.0,-281.0,0.0,0,397.78,0.0,1,10.87,13.68,SPY220909P00411000,411.0,0,0.0,0.0,,0.0,normalDay
2022-09-08,4012.0,53.0,0.0,0,400.38,0.0,1,10.87,10.34,SPY220909P00411000,411.0,0,0.0,0.0,,0.0,normalDay
2022-09-09,5099.0,-440.0,1087.0,100,406.6,411.0,1,10.87,0.0,SPY220909P00411000,411.0,0,0.0,0.0,,0.0,expirationDay
2022-09-12,5099.0,-6.0,0.0,100,410.97,411.0,0,0.0,0.0,,0.0,1,0.88,0.91,SPY220914C00419000,419.0,normalDay
2022-09-13,5099.0,-1703.0,0.0,100,393.1,411.0,0,0.0,0.0,,0.0,1,0.88,0.01,SPY220914C00419000,419.0,normalDay
2022-09-14,5187.0,-1640.0,88.0,100,394.6,411.0,0,0.0,0.0,,0.0,1,0.88,0.0,SPY220914C00419000,419.0,expirationDay
2022-09-15,5187.0,-2088.0,0.0,100,390.12,411.0,0,0.0,0.0,,0.0,0,0.0,0.0,,0.0,bidTooLow
2022-09-16,5187.0,-2544.0,0.0,100,385.56,411.0,0,0.0,0.0,,0.0,0,0.0,0.0,,0.0,bidTooLow
2022-09-19,5187.0,-2248.0,0.0,100,388.55,411.0,0,0.0,0.0,,0.0,1,0.05,0.08,SPY220921C00407000,407.0,normalDay
2022-09-20,5187.0,-2687.0,0.0,100,384.09,411.0,0,0.0,0.0,,0.0,1,0.05,0.01,SPY220921C00407000,407.0,normalDay
2022-09-21,5192.0,-3361.0,5.0,100,377.39,411.0,0,0.0,0.0,,0.0,1,0.05,0.0,SPY220921C00407000,407.0,expirationDay
2022-09-22,5192.0,-3678.0,0.0,100,374.22,411.0,0,0.0,0.0,,0.0,0,0.0,0.0,,0.0,bidTooLow
2022-09-23,5192.0,-4305.0,0.0,100,367.95,411.0,0,0.0,0.0,,0.0,0,0.0,0.0,,0.0,bidTooLow
2022-09-26,5192.0,-4669.0,0.0,100,364.31,411.0,0,0.0,0.0,,0.0,0,0.0,0.0,,0.0,bidTooLow
2022-09-27,5192.0,-4762.0,0.0,100,363.38,411.0,0,0.0,0.0,,0.0,0,0.0,0.0,,0.0,bidTooLow
2022-09-28,5192.0,-4047.0,0.0,100,370.53,411.0,0,0.0,0.0,,0.0,0,0.0,0.0,,0.0,bidTooLow
2022-09-29,5192.0,-4821.0,0.0,100,362.79,411.0,0,0.0,0.0,,0.0,0,0.0,0.0,,0.0,bidTooLow
2022-09-30,5192.0,-5382.0,0.0,100,357.18,411.0,0,0.0,0.0,,0.0,0,0.0,0.0,,0.0,bidTooLow
2022-10-03,5192.0,-4439.0,0.0,100,366.61,411.0,0,0.0,0.0,,0.0,0,0.0,0.0,,0.0,bidTooLow
2022-10-04,5192.0,-3306.0,0.0,100,377.97,411.0,0,0.0,0.0,,0.0,1,0.25,0.28,SPY221007C00393000,393.0,normalDay
2022-10-05,5192.0,-3374.0,0.0,100,377.09,411.0,0,0.0,0.0,,0.0,1,0.25,0.08,SPY221007C00393000,393.0,normalDay
2022-10-06,5192.0,-3757.0,0.0,100,373.2,411.0,0,0.0,0.0,,0.0,1,0.25,0.02,SPY221007C00393000,393.0,normalDay
2022-10-07,5217.0,-4821.0,25.0,100,362.79,411.0,0,0.0,0.0,,0.0,1,0.25,0.0,SPY221007C00393000,393.0,expirationDay
2022-10-10,5217.0,-5098.0,0.0,100,360.02,411.0,0,0.0,0.0,,0.0,0,0.0,0.0,,0.0,bidTooLow
2022-10-11,5217.0,-5329.0,0.0,100,357.74,411.0,0,0.0,0.0,,0.0,1,0.17,0.2,SPY221014C00381000,381.0,normalDay
2022-10-12,5217.0,-5436.0,0.0,100,356.56,411.0,0,0.0,0.0,,0.0,1,0.17,0.09,SPY221014C00381000,381.0,normalDay
2022-10-13,5217.0,-4491.0,0.0,100,365.97,411.0,0,0.0,0.0,,0.0,1,0.17,0.05,SPY221014C00381000,381.0,normalDay
2022-10-14,5234.0,-5337.0,17.0,100,357.63,411.0,0,0.0,0.0,,0.0,1,0.17,0.0,SPY221014C00381000,381.0,expirationDay
2022-10-17,5234.0,-4422.0,0.0,100,366.82,411.0,0,0.0,0.0,,0.0,1,1.26,1.3,SPY221019C00373000,373.0,normalDay
2022-10-18,5234.0,-4068.0,0.0,100,371.13,411.0,0,0.0,0.0,,0.0,1,1.26,2.07,SPY221019C00373000,373.0,normalDay
2022-10-19,5360.0,-4250.0,126.0,100,368.5,411.0,0,0.0,0.0,,0.0,1,1.26,0.0,SPY221019C00373000,373.0,expirationDay
2022-10-20,5360.0,-4562.0,0.0,100,365.41,411.0,0,0.0,0.0,,0.0,1,0.78,0.81,SPY221021C00370000,370.0,normalDay
2022-10-21,1338.0,-4562.0,-4022.0,0,374.29,0.0,0,0.0,0.0,,0.0,1,0.78,0.0,SPY221021C00370000,370.0,expirationDay
2022-10-24,1338.0,-4.0,0.0,0,378.87,0.0,1,2.22,2.26,SPY221104P00361000,361.0,0,0.0,0.0,,0.0,normalDay
2022-10-25,1338.0,96.0,0.0,0,384.92,0.0,1,2.22,1.26,SPY221104P00361000,361.0,0,0.0,0.0,,0.0,normalDay
2022-10-26,1338.0,122.0,0.0,0,382.02,0.0,1,2.22,1.0,SPY221104P00361000,361.0,0,0.0,0.0,,0.0,normalDay
2022-10-27,1338.0,67.0,0.0,0,379.98,0.0,1,2.22,1.55,SPY221104P00361000,361.0,0,0.0,0.0,,0.0,normalDay
2022-10-28,1338.0,196.0,0.0,0,389.02,0.0,1,2.22,0.26,SPY221104P00361000,361.0,0,0.0,0.0,,0.0,normalDay
2022-10-31,1338.0,209.0,0.0,0,386.21,0.0,1,2.22,0.13,SPY221104P00361000,361.0,0,0.0,0.0,,0.0,normalDay
2022-11-01,1338.0,207.0,0.0,0,384.52,0.0,1,2.22,0.15,SPY221104P00361000,361.0,0,0.0,0.0,,0.0,normalDay
2022-11-02,1338.0,200.0,0.0,0,374.87,0.0,1,2.22,0.22,SPY221104P00361000,361.0,0,0.0,0.0,,0.0,normalDay
2022-11-03,1338.0,207.0,0.0,0,371.01,0.0,1,2.22,0.15,SPY221104P00361000,361.0,0,0.0,0.0,,0.0,normalDay
2022-11-04,1560.0,0.0,222.0,0,376.35,0.0,1,2.22,0.0,SPY221104P00361000,361.0,0,0.0,0.0,,0.0,expirationDay
2022-11-07,1560.0,-3.0,0.0,0,379.95,0.0,1,2.07,2.1,SPY221118P00366000,366.0,0,0.0,0.0,,0.0,normalDay
2022-11-08,1560.0,11.0,0.0,0,382.0,0.0,1,2.07,1.96,SPY221118P00366000,366.0,0,0.0,0.0,,0.0,normalDay
2022-11-09,1560.0,-124.0,0.0,0,374.13,0.0,1,2.07,3.31,SPY221118P00366000,366.0,0,0.0,0.0,,0.0,normalDay
2022-11-10,1560.0,178.0,0.0,0,394.69,0.0,1,2.07,0.29,SPY221118P00366000,366.0,0,0.0,0.0,,0.0,normalDay
2022-11-11,1560.0,191.0,0.0,0,398.51,0.0,1,2.07,0.16,SPY221118P00366000,366.0,0,0.0,0.0,,0.0,normalDay
2022-11-14,1560.0,198.0,0.0,0,395.12,0.0,1,2.07,0.09,SPY221118P00366000,366.0,0,0.0,0.0,,0.0,normalDay
2022-11-15,1560.0,200.0,0.0,0,398.49,0.0,1,2.07,0.07,SPY221118P00366000,366.0,0,0.0,0.0,,0.0,normalDay
2022-11-16,1560.0,203.0,0.0,0,395.45,0.0,1,2.07,0.04,SPY221118P00366000,366.0,0,0.0,0.0,,0.0,normalDay
2022-11-17,1560.0,204.0,0.0,0,394.24,0.0,1,2.07,0.03,SPY221118P00366000,366.0,0,0.0,0.0,,0.0,normalDay
2022-11-18,1767.0,0.0,207.0,0,396.03,0.0,1,2.07,0.0,SPY221118P00366000,366.0,0,0.0,0.0,,0.0,expirationDay
2022-11-21,1767.0,-3.0,0.0,0,394.59,0.0,1,0.99,1.02,SPY221202P00380000,380.0,0,0.0,0.0,,0.0,normalDay
2022-11-22,1767.0,48.0,0.0,0,399.9,0.0,1,0.99,0.51,SPY221202P00380000,380.0,0,0.0,0.0,,0.0,normalDay
2022-11-23,1767.0,74.0,0.0,0,402.42,0.0,1,0.99,0.25,SPY221202P00380000,380.0,0,0.0,0.0,,0.0,normalDay
2022-11-25,1767.0,81.0,0.0,0,402.33,0.0,1,0.99,0.18,SPY221202P00380000,380.0,0,0.0,0.0,,0.0,normalDay
2022-11-28,1767.0,76.0,0.0,0,395.91,0.0,1,0.99,0.23,SPY221202P00380000,380.0,0,0.0,0.0,,0.0,normalDay
2022-11-29,1767.0,79.0,0.0,0,395.23,0.0,1,0.99,0.2,SPY221202P00380000,380.0,0,0.0,0.0,,0.0,normalDay
2022-11-30,1767.0,94.0,0.0,0,407.68,0.0,1,0.99,0.05,SPY221202P00380000,380.0,0,0.0,0.0,,0.0,normalDay
2022-12-01,1767.0,97.0,0.0,0,407.38,0.0,1,0.99,0.02,SPY221202P00380000,380.0,0,0.0,0.0,,0.0,normalDay
2022-12-02,1866.0,0.0,99.0,0,406.91,0.0,1,0.99,0.0,SPY221202P00380000,380.0,0,0.0,0.0,,0.0,expirationDay
2022-12-05,1866.0,-3.0,0.0,0,399.59,0.0,1,3.14,3.17,SPY221216P00389000,389.0,0,0.0,0.0,,0.0,normalDay
2022-12-06,1866.0,-228.0,0.0,0,393.83,0.0,1,3.14,5.42,SPY221216P00389000,389.0,0,0.0,0.0,,0.0,normalDay
2022-12-07,1866.0,-247.0,0.0,0,393.16,0.0,1,3.14,5.61,SPY221216P00389000,389.0,0,0.0,0.0,,0.0,normalDay
2022-12-08,1866.0,-101.0,0.0,0,396.24,0.0,1,3.14,4.15,SPY221216P00389000,389.0,0,0.0,0.0,,0.0,normalDay
2022-12-09,1866.0,-187.0,0.0,0,393.28,0.0,1,3.14,5.01,SPY221216P00389000,389.0,0,0.0,0.0,,0.0,normalDay
2022-12-12,1866.0,-35.0,0.0,0,398.95,0.0,1,3.14,3.49,SPY221216P00389000,389.0,0,0.0,0.0,,0.0,normalDay
2022-12-13,1866.0,205.0,0.0,0,401.97,0.0,1,3.14,1.09,SPY221216P00389000,389.0,0,0.0,0.0,,0.0,normalDay
2022-12-14,1866.0,257.0,0.0,0,399.4,0.0,1,3.14,0.57,SPY221216P00389000,389.0,0,0.0,0.0,,0.0,normalDay
2022-12-15,1866.0,35.0,0.0,0,389.63,0.0,1,3.14,2.79,SPY221216P00389000,389.0,0,0.0,0.0,,0.0,normalDay
2022-12-16,2180.0,-573.0,314.0,100,383.27,389.0,1,3.14,0.0,SPY221216P00389000,389.0,0,0.0,0.0,,0.0,expirationDay
2022-12-19,2180.0,-898.0,0.0,100,380.02,389.0,0,0.0,0.0,,0.0,0,0.0,0.0,,0.0,bidTooLow
2022-12-20,2180.0,-846.0,0.0,100,380.54,389.0,0,0.0,0.0,,0.0,0,0.0,0.0,,0.0,bidTooLow
2022-12-21,2180.0,-277.0,0.0,100,386.23,389.0,0,0.0,0.0,,0.0,0,0.0,0.0,,0.0,bidTooLow
2022-12-22,2180.0,-828.0,0.0,100,380.72,389.0,0,0.0,0.0,,0.0,0,0.0,0.0,,0.0,bidTooLow
2022-12-23,2180.0,-609.0,0.0,100,382.91,389.0,0,0.0,0.0,,0.0,0,0.0,0.0,,0.0,bidTooLow
2022-12-27,2180.0,-763.0,0.0,100,381.4,389.0,0,0.0,0.0,,0.0,1,0.01,0.04,SPY221230C00400000,400.0,normalDay
2022-12-28,2180.0,-1235.0,0.0,100,376.66,389.0,0,0.0,0.0,,0.0,1,0.01,0.02,SPY221230C00400000,400.0,normalDay
2022-12-29,2180.0,-556.0,0.0,100,383.44,389.0,0,0.0,0.0,,0.0,1,0.01,0.01,SPY221230C00400000,400.0,normalDay
2022-12-30,2181.0,-657.0,1.0,100,382.43,389.0,0,0.0,0.0,,0.0,1,0.01,0.0,SPY221230C00400000,400.0,expirationDay
2023-01-03,2181.0,-821.0,0.0,100,380.82,389.0,0,0.0,0.0,,0.0,1,0.19,0.22,SPY230106C00394000,394.0,normalDay
2023-01-04,2181.0,-527.0,0.0,100,383.76,389.0,0,0.0,0.0,,0.0,1,0.19,0.22,SPY230106C00394000,394.0,normalDay
2023-01-05,2181.0,-946.0,0.0,100,379.38,389.0,0,0.0,0.0,,0.0,1,0.19,0.03,SPY230106C00394000,394.0,normalDay
2023-01-06,2200.0,-92.0,19.0,100,388.08,389.0,0,0.0,0.0,,0.0,1,0.19,0.0,SPY230106C00394000,394.0,expirationDay
2023-01-09,2200.0,-117.0,0.0,100,387.86,389.0,0,0.0,0.0,,0.0,1,2.99,3.02,SPY230112C00391000,391.0,normalDay
2023-01-10,2200.0,55.0,0.0,100,390.58,389.0,0,0.0,0.0,,0.0,1,2.99,4.02,SPY230112C00391000,391.0,normalDay
2023-01-11,2200.0,283.0,0.0,100,395.52,389.0,0,0.0,0.0,,0.0,1,2.99,6.68,SPY230112C00391000,391.0,normalDay
2023-01-12,2699.0,283.0,499.0,0,396.96,0.0,0,0.0,0.0,,0.0,1,2.99,0.0,SPY230112C00391000,391.0,expirationDay
2023-01-13,2699.0,-3.0,0.0,0,398.5,0.0,1,0.32,0.35,SPY230124P00381000,381.0,0,0.0,0.0,,0.0,normalDay
2023-01-17,2699.0,12.0,0.0,0,397.77,0.0,1,0.32,0.2,SPY230124P00381000,381.0,0,0.0,0.0,,0.0,normalDay
2023-01-18,2699.0,-11.0,0.0,0,391.49,0.0,1,0.32,0.43,SPY230124P00381000,381.0,0,0.0,0.0,,0.0,normalDay
2023-01-19,2699.0,-23.0,0.0,0,388.64,0.0,1,0.32,0.55,SPY230124P00381000,381.0,0,0.0,0.0,,0.0,normalDay
2023-01-20,2699.0,24.0,0.0,0,395.88,0.0,1,0.32,0.08,SPY230124P00381000,381.0,0,0.0,0.0,,0.0,normalDay
2023-01-23,2699.0,30.0,0.0,0,400.63,0.0,1,0.32,0.02,SPY230124P00381000,381.0,0,0.0,0.0,,0.0,normalDay
2023-01-24,2731.0,0.0,32.0,0,400.2,0.0,1,0.32,0.0,SPY230124P00381000,381.0,0,0.0,0.0,,0.0,expirationDay
2023-01-25,2731.0,-3.0,0.0,0,400.35,0.0,1,0.93,0.96,SPY230203P00384000,384.0,0,0.0,0.0,,0.0,normalDay
2023-01-26,2731.0,50.0,0.0,0,404.75,0.0,1,0.93,0.43,SPY230203P00384000,384.0,0,0.0,0.0,,0.0,normalDay
2023-01-27,2731.0,69.0,0.0,0,405.68,0.0,1,0.93,0.24,SPY230203P00384000,384.0,0,0.0,0.0,,0.0,normalDay
2023-01-30,2731.0,60.0,0.0,0,400.59,0.0,1,0.93,0.33,SPY230203P00384000,384.0,0,0.0,0.0,,0.0,normalDay
2023-01-31,2731.0,80.0,0.0,0,406.48,0.0,1,0.93,0.13,SPY230203P00384000,384.0,0,0.0,0.0,,0.0,normalDay
2023-02-01,2731.0,87.0,0.0,0,410.8,0.0,1,0.93,0.06,SPY230203P00384000,384.0,0,0.0,0.0,,0.0,normalDay
2023-02-02,2731.0,90.0,0.0,0,416.78,0.0,1,0.93,0.03,SPY230203P00384000,384.0,0,0.0,0.0,,0.0,normalDay
2023-02-03,2824.0,0.0,93.0,0,412.35,0.0,1,0.93,0.0,SPY230203P00384000,384.0,0,0.0,0.0,,0.0,expirationDay
2023-02-06,2824.0,-3.0,0.0,0,409.83,0.0,1,1.2,1.23,SPY230217P00394000,394.0,0,0.0,0.0,,0.0,normalDay
2023-02-07,2824.0,61.0,0.0,0,415.19,0.0,1,1.2,0.59,SPY230217P00394000,394.0,0,0.0,0.0,,0.0,normalDay
2023-02-08,2824.0,32.0,0.0,0,410.65,0.0,1,1.2,0.88,SPY230217P00394000,394.0,0,0.0,0.0,,0.0,normalDay
2023-02-09,2824.0,-26.0,0.0,0,407.09,0.0,1,1.2,1.46,SPY230217P00394000,394.0,0,0.0,0.0,,0.0,normalDay
2023-02-10,2824.0,14.0,0.0,0,408.04,0.0,1,1.2,1.06,SPY230217P00394000,394.0,0,0.0,0.0,,0.0,normalDay
2023-02-13,2824.0,81.0,0.0,0,412.83,0.0,1,1.2,0.39,SPY230217P00394000,394.0,0,0.0,0.0,,0.0,normalDay
2023-02-14,2824.0,106.0,0.0,0,412.64,0.0,1,1.2,0.14,SPY230217P00394000,394.0,0,0.0,0.0,,0.0,normalDay
2023-02-15,2824.0,115.0,0.0,0,413.98,0.0,1,1.2,0.05,SPY230217P00394000,394.0,0,0.0,0.0,,0.0,normalDay
2023-02-16,2824.0,103.0,0.0,0,408.28,0.0,1,1.2,0.17,SPY230217P00394000,394.0,0,0.0,0.0,,0.0,normalDay
2023-02-17,2944.0,0.0,120.0,0,407.26,0.0,1,1.2,0.0,SPY230217P00394000,394.0,0,0.0,0.0,,0.0,expirationDay
2023-02-21,2944.0,-10.0,0.0,0,399.09,0.0,1,7.22,7.32,SPY230303P00404000,404.0,0,0.0,0.0,,0.0,normalDay
2023-02-22,2944.0,7.0,0.0,0,398.54,0.0,1,7.22,7.15,SPY230303P00404000,404.0,0,0.0,0.0,,0.0,normalDay
2023-02-23,2944.0,154.0,0.0,0,400.66,0.0,1,7.22,5.68,SPY230303P00404000,404.0,0,0.0,0.0,,0.0,normalDay
2023-02-24,2944.0,-131.0,0.0,0,396.38,0.0,1,7.22,8.53,SPY230303P00404000,404.0,0,0.0,0.0,,0.0,normalDay
2023-02-27,2944.0,43.0,0.0,0,397.73,0.0,1,7.22,6.79,SPY230303P00404000,404.0,0,0.0,0.0,,0.0,normalDay
2023-02-28,2944.0,-109.0,0.0,0,396.26,0.0,1,7.22,8.31,SPY230303P00404000,404.0,0,0.0,0.0,,0.0,normalDay
2023-03-01,2944.0,-216.0,0.0,0,394.74,0.0,1,7.22,9.38,SPY230303P00404000,404.0,0,0.0,0.0,,0.0,normalDay
2023-03-02,2944.0,85.0,0.0,0,397.81,0.0,1,7.22,6.37,SPY230303P00404000,404.0,0,0.0,0.0,,0.0,normalDay
2023-03-03,3666.0,0.0,722.0,0,404.19,0.0,1,7.22,0.0,SPY230303P00404000,404.0,0,0.0,0.0,,0.0,expirationDay
2023-03-06,3666.0,-4.0,0.0,0,404.47,0.0,1,3.39,3.43,SPY230317P00399000,399.0,0,0.0,0.0,,0.0,normalDay
2023-03-07,3666.0,-267.0,0.0,0,398.27,0.0,1,3.39,6.06,SPY230317P00399000,399.0,0,0.0,0.0,,0.0,normalDay
2023-03-08,3666.0,-213.0,0.0,0,398.92,0.0,1,3.39,5.52,SPY230317P00399000,399.0,0,0.0,0.0,,0.0,normalDay
2023-03-09,3666.0,-749.0,0.0,0,391.56,0.0,1,3.39,10.88,SPY230317P00399000,399.0,0,0.0,0.0,,0.0,normalDay
2023-03-10,3666.0,-1166.0,0.0,0,385.91,0.0,1,3.39,15.05,SPY230317P00399000,399.0,0,0.0,0.0,,0.0,normalDay
2023-03-13,3666.0,-1181.0,0.0,0,385.36,0.0,1,3.39,15.2,SPY230317P00399000,399.0,0,0.0,0.0,,0.0,normalDay
2023-03-14,3666.0,-605.0,0.0,0,391.73,0.0,1,3.39,9.44,SPY230317P00399000,399.0,0,0.0,0.0,,0.0,normalDay
2023-03-15,3666.0,-804.0,0.0,0,389.28,0.0,1,3.39,11.43,SPY230317P00399000,399.0,0,0.0,0.0,,0.0,normalDay
2023-03-16,3666.0,-162.0,0.0,0,396.11,0.0,1,3.39,5.01,SPY230317P00399000,399.0,0,0.0,0.0,,0.0,normalDay
2023-03-17,4005.0,-901.0,339.0,100,389.99,399.0,1,3.39,0.0,SPY230317P00399000,399.0,0,0.0,0.0,,0.0,expirationDay
2023-03-20,4005.0,-529.0,0.0,100,393.74,399.0,0,0.0,0.0,,0.0,1,2.0,2.03,SPY230323C00399000,399.0,normalDay
2023-03-21,4005.0,-166.0,0.0,100,398.91,399.0,0,0.0,0.0,,0.0,1,2.0,3.57,SPY230323C00399000,399.0,normalDay
2023-03-22,4005.0,-513.0,0.0,100,392.11,399.0,0,0.0,0.0,,0.0,1,2.0,0.24,SPY230323C00399000,399.0,normalDay
2023-03-23,4205.0,-583.0,200.0,100,393.17,399.0,0,0.0,0.0,,0.0,1,2.0,0.0,SPY230323C00399000,399.0,expirationDay
2023-03-24,4205.0,-328.0,0.0,100,395.75,399.0,0,0.0,0.0,,0.0,1,1.04,1.07,SPY230327C00398000,398.0,normalDay
2023-03-27,4309.0,-251.0,104.0,100,396.49,399.0,0,0.0,0.0,,0.0,1,1.04,0.0,SPY230327C00398000,398.0,expirationDay
2023-03-28,4309.0,-343.0,0.0,100,395.6,399.0,0,0.0,0.0,,0.0,1,1.92,1.95,SPY230331C00398000,398.0,normalDay
2023-03-29,4309.0,-17.0,0.0,100,401.35,399.0,0,0.0,0.0,,0.0,1,1.92,4.44,SPY230331C00398000,398.0,normalDay
2023-03-30,4309.0,54.0,0.0,100,403.7,399.0,0,0.0,0.0,,0.0,1,1.92,6.08,SPY230331C00398000,398.0,normalDay
2023-03-31,4401.0,54.0,92.0,0,409.39,0.0,0,0.0,0.0,,0.0,1,1.92,0.0,SPY230331C00398000,398.0,expirationDay
2023-04-03,4401.0,-3.0,0.0,0,410.95,0.0,1,0.43,0.46,SPY230414P00390000,390.0,0,0.0,0.0,,0.0,normalDay
2023-04-04,4401.0,-5.0,0.0,0,408.67,0.0,1,0.43,0.48,SPY230414P00390000,390.0,0,0.0,0.0,,0.0,normalDay
2023-04-05,4401.0,4.0,0.0,0,407.6,0.0,1,0.43,0.39,SPY230414P00390000,390.0,0,0.0,0.0,,0.0,normalDay
2023-04-06,4401.0,25.0,0.0,0,409.19,0.0,1,0.43,0.18,SPY230414P00390000,390.0,0,0.0,0.0,,0.0,normalDay
2023-04-10,4401.0,34.0,0.0,0,409.61,0.0,1,0.43,0.09,SPY230414P00390000,390.0,0,0.0,0.0,,0.0,normalDay
2023-04-11,4401.0,35.0,0.0,0,409.72,0.0,1,0.43,0.08,SPY230414P00390000,390.0,0,0.0,0.0,,0.0,normalDay
2023-04-12,4401.0,39.0,0.0,0,408.05,0.0,1,0.43,0.04,SPY230414P00390000,390.0,0,0.0,0.0,,0.0,normalDay
2023-04-13,4401.0,41.0,0.0,0,413.47,0.0,1,0.43,0.02,SPY230414P00390000,390.0,0,0.0,0.0,,0.0,normalDay
2023-04-14,4444.0,0.0,43.0,0,412.46,0.0,1,0.43,0.0,SPY230414P00390000,390.0,0,0.0,0.0,,0.0,expirationDay
2023-04-17,4444.0,-3.0,0.0,0,413.94,0.0,1,0.47,0.5,SPY230428P00398000,398.0,0,0.0,0.0,,0.0,normalDay
2023-04-18,4444.0,-2.0,0.0,0,414.21,0.0,1,0.47,0.49,SPY230428P00398000,398.0,0,0.0,0.0,,0.0,normalDay
2023-04-19,4444.0,9.0,0.0,0,414.14,0.0,1,0.47,0.38,SPY230428P00398000,398.0,0,0.0,0.0,,0.0,normalDay
2023-04-20,4444.0,8.0,0.0,0,411.88,0.0,1,0.47,0.39,SPY230428P00398000,398.0,0,0.0,0.0,,0.0,normalDay
2023-04-21,4444.0,20.0,0.0,0,412.2,0.0,1,0.47,0.27,SPY230428P00398000,398.0,0,0.0,0.0,,0.0,normalDay
2023-04-24,4444.0,36.0,0.0,0,412.63,0.0,1,0.47,0.11,SPY230428P00398000,398.0,0,0.0,0.0,,0.0,normalDay
2023-04-25,4444.0,12.0,0.0,0,406.08,0.0,1,0.47,0.35,SPY230428P00398000,398.0,0,0.0,0.0,,0.0,normalDay
2023-04-26,4444.0,8.0,0.0,0,404.36,0.0,1,0.47,0.39,SPY230428P00398000,398.0,0,0.0,0.0,,0.0,normalDay
2023-04-27,4444.0,44.0,0.0,0,412.41,0.0,1,0.47,0.03,SPY230428P00398000,398.0,0,0.0,0.0,,0.0,normalDay
2023-04-28,4491.0,0.0,47.0,0,415.93,0.0,1,0.47,0.0,SPY230428P00398000,398.0,0,0.0,0.0,,0.0,expirationDay
2023-05-01,4491.0,-3.0,0.0,0,415.51,0.0,1,1.81,1.84,SPY230512P00409000,409.0,0,0.0,0.0,,0.0,normalDay
2023-05-02,4491.0,-174.0,0.0,0,410.84,0.0,1,1.81,3.55,SPY230512P00409000,409.0,0,0.0,0.0,,0.0,normalDay
2023-05-03,4491.0,-246.0,0.0,0,408.02,0.0,1,1.81,4.27,SPY230512P00409000,409.0,0,0.0,0.0,,0.0,normalDay
2023-05-04,4491.0,-459.0,0.0,0,405.13,0.0,1,1.81,6.4,SPY230512P00409000,409.0,0,0.0,0.0,,0.0,normalDay
2023-05-05,4491.0,-11.0,0.0,0,412.63,0.0,1,1.81,1.92,SPY230512P00409000,409.0,0,0.0,0.0,,0.0,normalDay
2023-05-08,4491.0,53.0,0.0,0,412.74,0.0,1,1.81,1.28,SPY230512P00409000,409.0,0,0.0,0.0,,0.0,normalDay
2023-05-09,4491.0,12.0,0.0,0,410.93,0.0,1,1.81,1.69,SPY230512P00409000,409.0,0,0.0,0.0,,0.0,normalDay
2023-05-10,4491.0,128.0,0.0,0,412.85,0.0,1,1.81,0.53,SPY230512P00409000,409.0,0,0.0,0.0,,0.0,normalDay
2023-05-11,4491.0,145.0,0.0,0,412.13,0.0,1,1.81,0.36,SPY230512P00409000,409.0,0,0.0,0.0,,0.0,normalDay
2023-05-12,4672.0,0.0,181.0,0,411.59,0.0,1,1.81,0.0,SPY230512P00409000,409.0,0,0.0,0.0,,0.0,expirationDay
2023-05-15,4672.0,-3.0,0.0,0,413.01,0.0,1,2.09,2.12,SPY230526P00409000,409.0,0,0.0,0.0,,0.0,normalDay
2023-05-16,4672.0,-99.0,0.0,0,410.25,0.0,1,2.09,3.08,SPY230526P00409000,409.0,0,0.0,0.0,,0.0,normalDay
2023-05-17,4672.0,69.0,0.0,0,415.23,0.0,1,2.09,1.4,SPY230526P00409000,409.0,0,0.0,0.0,,0.0,normalDay
2023-05-18,4672.0,147.0,0.0,0,419.23,0.0,1,2.09,0.62,SPY230526P00409000,409.0,0,0.0,0.0,,0.0,normalDay
2023-05-19,4672.0,156.0,0.0,0,418.62,0.0,1,2.09,0.53,SPY230526P00409000,409.0,0,0.0,0.0,,0.0,normalDay
2023-05-22,4672.0,177.0,0.0,0,418.79,0.0,1,2.09,0.32,SPY230526P00409000,409.0,0,0.0,0.0,,0.0,normalDay
2023-05-23,4672.0,131.0,0.0,0,414.09,0.0,1,2.09,0.78,SPY230526P00409000,409.0,0,0.0,0.0,,0.0,normalDay
2023-05-24,4672.0,84.0,0.0,0,411.09,0.0,1,2.09,1.25,SPY230526P00409000,409.0,0,0.0,0.0,,0.0,normalDay
2023-05-25,4672.0,187.0,0.0,0,414.65,0.0,1,2.09,0.22,SPY230526P00409000,409.0,0,0.0,0.0,,0.0,normalDay
2023-05-26,4881.0,0.0,209.0,0,420.02,0.0,1,2.09,0.0,SPY230526P00409000,409.0,0,0.0,0.0,,0.0,expirationDay
2023-05-30,4881.0,-3.0,0.0,0,420.18,0.0,1,1.11,1.14,SPY230609P00410000,410.0,0,0.0,0.0,,0.0,normalDay
2023-05-31,4881.0,-15.0,0.0,0,417.85,0.0,1,1.11,1.26,SPY230609P00410000,410.0,0,0.0,0.0,,0.0,normalDay
2023-06-01,4881.0,69.0,0.0,0,421.82,0.0,1,1.11,0.42,SPY230609P00410000,410.0,0,0.0,0.0,,0.0,normalDay
2023-06-02,4881.0,100.0,0.0,0,427.92,0.0,1,1.11,0.11,SPY230609P00410000,410.0,0,0.0,0.0,,0.0,normalDay
2023-06-05,4881.0,105.0,0.0,0,427.1,0.0,1,1.11,0.06,SPY230609P00410000,410.0,0,0.0,0.0,,0.0,normalDay
2023-06-06,4881.0,105.0,0.0,0,428.03,0.0,1,1.11,0.06,SPY230609P00410000,410.0,0,0.0,0.0,,0.0,normalDay
2023-06-07,4881.0,107.0,0.0,0,426.55,0.0,1,1.11,0.04,SPY230609P00410000,410.0,0,0.0,0.0,,0.0,normalDay
2023-06-08,4881.0,108.0,0.0,0,429.13,0.0,1,1.11,0.03,SPY230609P00410000,410.0,0,0.0,0.0,,0.0,normalDay
2023-06-09,4992.0,0.0,111.0,0,429.9,0.0,1,1.11,0.0,SPY230609P00410000,410.0,0,0.0,0.0,,0.0,expirationDay
2023-06-12,4992.0,-3.0,0.0,0,433.8,0.0,1,0.46,0.49,SPY230623P00415000,415.0,0,0.0,0.0,,0.0,normalDay
2023-06-13,4992.0,16.0,0.0,0,436.66,0.0,1,0.46,0.3,SPY230623P00415000,415.0,0,0.0,0.0,,0.0,normalDay
2023-06-14,4992.0,29.0,0.0,0,437.18,0.0,1,0.46,0.17,SPY230623P00415000,415.0,0,0.0,0.0,,0.0,normalDay
2023-06-15,4992.0,32.0,0.0,0,442.6,0.0,1,0.46,0.14,SPY230623P00415000,415.0,0,0.0,0.0,,0.0,normalDay
2023-06-16,4992.0,41.0,0.0,0,439.46,0.0,1,0.46,0.05,SPY230623P00415000,415.0,0,0.0,0.0,,0.0,normalDay
2023-06-20,4992.0,43.0,0.0,0,437.18,0.0,1,0.46,0.03,SPY230623P00415000,415.0,0,0.0,0.0,,0.0,normalDay
2023-06-21,4992.0,44.0,0.0,0,434.94,0.0,1,0.46,0.02,SPY230623P00415000,415.0,0,0.0,0.0,,0.0,normalDay
2023-06-22,4992.0,44.0,0.0,0,436.51,0.0,1,0.46,0.02,SPY230623P00415000,415.0,0,0.0,0.0,,0.0,normalDay
2023-06-23,5038.0,0.0,46.0,0,433.21,0.0,1,0.46,0.0,SPY230623P00415000,415.0,0,0.0,0.0,,0.0,expirationDay
2023-06-26,5038.0,-3.0,0.0,0,431.44,0.0,1,1.07,1.1,SPY230707P00425000,425.0,0,0.0,0.0,,0.0,normalDay
2023-06-27,5038.0,59.0,0.0,0,436.17,0.0,1,1.07,0.48,SPY230707P00425000,425.0,0,0.0,0.0,,0.0,normalDay
2023-06-28,5038.0,74.0,0.0,0,436.39,0.0,1,1.07,0.33,SPY230707P00425000,425.0,0,0.0,0.0,,0.0,normalDay
2023-06-29,5038.0,84.0,0.0,0,438.11,0.0,1,1.07,0.23,SPY230707P00425000,425.0,0,0.0,0.0,,0.0,normalDay
2023-06-30,5038.0,98.0,0.0,0,443.28,0.0,1,1.07,0.09,SPY230707P00425000,425.0,0,0.0,0.0,,0.0,normalDay
2023-07-03,5038.0,100.0,0.0,0,443.79,0.0,1,1.07,0.07,SPY230707P00425000,425.0,0,0.0,0.0,,0.0,normalDay
2023-07-05,5038.0,102.0,0.0,0,443.13,0.0,1,1.07,0.05,SPY230707P00425000,425.0,0,0.0,0.0,,0.0,normalDay
2023-07-06,5038.0,103.0,0.0,0,439.66,0.0,1,1.07,0.04,SPY230707P00425000,425.0,0,0.0,0.0,,0.0,normalDay
2023-07-07,5145.0,0.0,107.0,0,438.55,0.0,1,1.07,0.0,SPY230707P00425000,425.0,0,0.0,0.0,,0.0,expirationDay
2023-07-10,5145.0,-3.0,0.0,0,439.66,0.0,1,1.49,1.52,SPY230721P00434000,434.0,0,0.0,0.0,,0.0,normalDay
2023-07-11,5145.0,45.0,0.0,0,442.46,0.0,1,1.49,1.04,SPY230721P00434000,434.0,0,0.0,0.0,,0.0,normalDay
2023-07-12,5145.0,117.0,0.0,0,446.02,0.0,1,1.49,0.32,SPY230721P00434000,434.0,0,0.0,0.0,,0.0,normalDay
2023-07-13,5145.0,127.0,0.0,0,449.56,0.0,1,1.49,0.22,SPY230721P00434000,434.0,0,0.0,0.0,,0.0,normalDay
2023-07-14,5145.0,135.0,0.0,0,449.28,0.0,1,1.49,0.14,SPY230721P00434000,434.0,0,0.0,0.0,,0.0,normalDay
2023-07-17,5145.0,142.0,0.0,0,450.84,0.0,1,1.49,0.07,SPY230721P00434000,434.0,0,0.0,0.0,,0.0,normalDay
2023-07-18,5145.0,143.0,0.0,0,454.19,0.0,1,1.49,0.06,SPY230721P00434000,434.0,0,0.0,0.0,,0.0,normalDay
2023-07-19,5145.0,145.0,0.0,0,455.2,0.0,1,1.49,0.04,SPY230721P00434000,434.0,0,0.0,0.0,,0.0,normalDay
2023-07-20,5145.0,145.0,0.0,0,452.18,0.0,1,1.49,0.04,SPY230721P00434000,434.0,0,0.0,0.0,,0.0,normalDay
2023-07-21,5294.0,0.0,149.0,0,452.18,0.0,1,1.49,0.0,SPY230721P00434000,434.0,0,0.0,0.0,,0.0,expirationDay
2023-07-24,5294.0,-3.0,0.0,0,454.2,0.0,1,0.45,0.48,SPY230804P00439000,439.0,0,0.0,0.0,,0.0,normalDay
2023-07-25,5294.0,7.0,0.0,0,455.44,0.0,1,0.45,0.38,SPY230804P00439000,439.0,0,0.0,0.0,,0.0,normalDay
2023-07-26,5294.0,23.0,0.0,0,455.51,0.0,1,0.45,0.22,SPY230804P00439000,439.0,0,0.0,0.0,,0.0,normalDay
2023-07-27,5294.0,4.0,0.0,0,452.49,0.0,1,0.45,0.41,SPY230804P00439000,439.0,0,0.0,0.0,,0.0,normalDay
2023-07-28,5294.0,36.0,0.0,0,456.92,0.0,1,0.45,0.09,SPY230804P00439000,439.0,0,0.0,0.0,,0.0,normalDay
2023-07-31,5294.0,38.0,0.0,0,457.79,0.0,1,0.45,0.07,SPY230804P00439000,439.0,0,0.0,0.0,,0.0,normalDay
2023-08-01,5294.0,39.0,0.0,0,456.48,0.0,1,0.45,0.06,SPY230804P00439000,439.0,0,0.0,0.0,,0.0,normalDay
2023-08-02,5294.0,30.0,0.0,0,450.13,0.0,1,0.45,0.15,SPY230804P00439000,439.0,0,0.0,0.0,,0.0,normalDay
2023-08-03,5294.0,40.0,0.0,0,448.84,0.0,1,0.45,0.05,SPY230804P00439000,439.0,0,0.0,0.0,,0.0,normalDay
2023-08-04,5339.0,0.0,45.0,0,446.81,0.0,1,0.45,0.0,SPY230804P00439000,439.0,0,0.0,0.0,,0.0,expirationDay
2023-08-07,5339.0,-3.0,0.0,0,450.71,0.0,1,2.87,2.9,SPY230818P00449000,449.0,0,0.0,0.0,,0.0,normalDay
2023-08-08,5339.0,-84.0,0.0,0,448.75,0.0,1,2.87,3.71,SPY230818P00449000,449.0,0,0.0,0.0,,0.0,normalDay
2023-08-09,5339.0,-215.0,0.0,0,445.75,0.0,1,2.87,5.02,SPY230818P00449000,449.0,0,0.0,0.0,,0.0,normalDay
2023-08-10,5339.0,-218.0,0.0,0,445.91,0.0,1,2.87,5.05,SPY230818P00449000,449.0,0,0.0,0.0,,0.0,normalDay
2023-08-11,5339.0,-169.0,0.0,0,445.65,0.0,1,2.87,4.56,SPY230818P00449000,449.0,0,0.0,0.0,,0.0,normalDay
2023-08-14,5339.0,15.0,0.0,0,448.11,0.0,1,2.87,2.72,SPY230818P00449000,449.0,0,0.0,0.0,,0.0,normalDay
2023-08-15,5339.0,-360.0,0.0,0,442.89,0.0,1,2.87,6.47,SPY230818P00449000,449.0,0,0.0,0.0,,0.0,normalDay
2023-08-16,5339.0,-640.0,0.0,0,439.64,0.0,1,2.87,9.27,SPY230818P00449000,449.0,0,0.0,0.0,,0.0,normalDay
2023-08-17,5339.0,-1000.0,0.0,0,436.29,0.0,1,2.87,12.87,SPY230818P00449000,449.0,0,0.0,0.0,,0.0,normalDay
2023-08-18,5626.0,-1250.0,287.0,100,436.5,449.0,1,2.87,0.0,SPY230818P00449000,449.0,0,0.0,0.0,,0.0,expirationDay
2023-08-21,5626.0,-966.0,0.0,100,439.34,449.0,0,0.0,0.0,,0.0,0,0.0,0.0,,0.0,bidTooLow
2023-08-22,5626.0,-1088.0,0.0,100,438.15,449.0,0,0.0,0.0,,0.0,1,0.01,0.04,SPY230825C00452000,452.0,normalDay
2023-08-23,5626.0,-610.0,0.0,100,443.03,449.0,0,0.0,0.0,,0.0,1,0.01,0.14,SPY230825C00452000,452.0,normalDay
2023-08-24,5626.0,-1211.0,0.0,100,436.89,449.0,0,0.0,0.0,,0.0,1,0.01,0.01,SPY230825C00452000,452.0,normalDay
2023-08-25,5627.0,-903.0,1.0,100,439.97,449.0,0,0.0,0.0,,0.0,1,0.01,0.0,SPY230825C00452000,452.0,expirationDay
2023-08-28,5627.0,-627.0,0.0,100,442.76,449.0,0,0.0,0.0,,0.0,1,0.45,0.48,SPY230831C00448000,448.0,normalDay
2023-08-29,5627.0,-207.0,0.0,100,449.16,449.0,0,0.0,0.0,,0.0,1,0.45,2.68,SPY230831C00448000,448.0,normalDay
2023-08-30,5627.0,-107.0,0.0,100,451.01,449.0,0,0.0,0.0,,0.0,1,0.45,3.53,SPY230831C00448000,448.0,normalDay
2023-08-31,5572.0,-107.0,-55.0,0,450.35,0.0,0,0.0,0.0,,0.0,1,0.45,0.0,SPY230831C00448000,448.0,expirationDay
2023-09-01,5572.0,-3.0,0.0,0,451.19,0.0,1,0.34,0.37,SPY230912P00440000,440.0,0,0.0,0.0,,0.0,normalDay
2023-09-05,5572.0,-4.0,0.0,0,449.24,0.0,1,0.34,0.38,SPY230912P00440000,440.0,0,0.0,0.0,,0.0,normalDay
2023-09-06,5572.0,-22.0,0.0,0,446.22,0.0,1,0.34,0.56,SPY230912P00440000,440.0,0,0.0,0.0,,0.0,normalDay
2023-09-07,5572.0,-24.0,0.0,0,444.85,0.0,1,0.34,0.58,SPY230912P00440000,440.0,0,0.0,0.0,,0.0,normalDay
2023-09-08,5572.0,13.0,0.0,0,445.52,0.0,1,0.34,0.21,SPY230912P00440000,440.0,0,0.0,0.0,,0.0,normalDay
2023-09-11,5572.0,31.0,0.0,0,448.45,0.0,1,0.34,0.03,SPY230912P00440000,440.0,0,0.0,0.0,,0.0,normalDay
2023-09-12,5606.0,0.0,34.0,0,445.99,0.0,1,0.34,0.0,SPY230912P00440000,440.0,0,0.0,0.0,,0.0,expirationDay
2023-09-13,5606.0,-3.0,0.0,0,446.51,0.0,1,1.26,1.29,SPY230922P00440000,440.0,0,0.0,0.0,,0.0,normalDay
2023-09-14,5606.0,78.0,0.0,0,450.36,0.0,1,1.26,0.48,SPY230922P00440000,440.0,0,0.0,0.0,,0.0,normalDay
2023-09-15,5606.0,-11.0,0.0,0,443.37,0.0,1,1.26,1.37,SPY230922P00440000,440.0,0,0.0,0.0,,0.0,normalDay
2023-09-18,5606.0,18.0,0.0,0,443.63,0.0,1,1.26,1.08,SPY230922P00440000,440.0,0,0.0,0.0,,0.0,normalDay
2023-09-19,5606.0,7.0,0.0,0,442.71,0.0,1,1.26,1.19,SPY230922P00440000,440.0,0,0.0,0.0,,0.0,normalDay
2023-09-20,5606.0,-146.0,0.0,0,438.64,0.0,1,1.26,2.72,SPY230922P00440000,440.0,0,0.0,0.0,,0.0,normalDay
2023-09-21,5606.0,-754.0,0.0,0,431.39,0.0,1,1.26,8.8,SPY230922P00440000,440.0,0,0.0,0.0,,0.0,normalDay
2023-09-22,5732.0,-958.0,126.0,100,430.42,440.0,1,1.26,0.0,SPY230922P00440000,440.0,0,0.0,0.0,,0.0,expirationDay
2023-09-25,5732.0,-777.0,0.0,100,432.23,440.0,0,0.0,0.0,,0.0,0,0.0,0.0,,0.0,bidTooLow
2023-09-26,5732.0,-1412.0,0.0,100,425.88,440.0,0,0.0,0.0,,0.0,0,0.0,0.0,,0.0,bidTooLow
2023-09-27,5732.0,-1395.0,0.0,100,426.05,440.0,0,0.0,0.0,,0.0,0,0.0,0.0,,0.0,bidTooLow
2023-09-28,5732.0,-1148.0,0.0,100,428.52,440.0,0,0.0,0.0,,0.0,0,0.0,0.0,,0.0,bidTooLow
2023-09-29,5732.0,-1252.0,0.0,100,427.48,440.0,0,0.0,0.0,,0.0,0,0.0,0.0,,0.0,bidTooLow
2023-10-02,5732.0,-1269.0,0.0,100,427.31,440.0,0,0.0,0.0,,0.0,0,0.0,0.0,,0.0,bidTooLow
2023-10-03,5732.0,-1841.0,0.0,100,421.59,440.0,0,0.0,0.0,,0.0,0,0.0,0.0,,0.0,bidTooLow
2023-10-04,5732.0,-1534.0,0.0,100,424.66,440.0,0,0.0,0.0,,0.0,0,0.0,0.0,,0.0,bidTooLow
2023-10-05,5732.0,-1550.0,0.0,100,424.5,440.0,0,0.0,0.0,,0.0,0,0.0,0.0,,0.0,bidTooLow
2023-10-06,5732.0,-1046.0,0.0,100,429.54,440.0,0,0.0,0.0,,0.0,0,0.0,0.0,,0.0,bidTooLow
2023-10-09,5732.0,-774.0,0.0,100,432.29,440.0,0,0.0,0.0,,0.0,1,0.4,0.43,SPY231012C00440000,440.0,normalDay
2023-10-10,5732.0,-556.0,0.0,100,434.54,440.0,0,0.0,0.0,,0.0,1,0.4,0.5,SPY231012C00440000,440.0,normalDay
2023-10-11,5732.0,-380.0,0.0,100,436.32,440.0,0,0.0,0.0,,0.0,1,0.4,0.52,SPY231012C00440000,440.0,normalDay
2023-10-12,5772.0,-634.0,40.0,100,433.66,440.0,0,0.0,0.0,,0.0,1,0.4,0.0,SPY231012C00440000,440.0,expirationDay
2023-10-13,5772.0,-853.0,0.0,100,431.5,440.0,0,0.0,0.0,,0.0,1,0.47,0.5,SPY231016C00435000,435.0,normalDay
2023-10-16,5319.0,-853.0,-453.0,0,436.04,0.0,0,0.0,0.0,,0.0,1,0.47,0.0,SPY231016C00435000,435.0,expirationDay
2023-10-17,5319.0,-3.0,0.0,0,436.02,0.0,1,1.68,1.71,SPY231027P00427000,427.0,0,0.0,0.0,,0.0,normalDay
2023-10-18,5319.0,-132.0,0.0,0,430.21,0.0,1,1.68,3.0,SPY231027P00427000,427.0,0,0.0,0.0,,0.0,normalDay
2023-10-19,5319.0,-363.0,0.0,0,426.43,0.0,1,1.68,5.31,SPY231027P00427000,427.0,0,0.0,0.0,,0.0,normalDay
2023-10-20,5319.0,-565.0,0.0,0,421.19,0.0,1,1.68,7.33,SPY231027P00427000,427.0,0,0.0,0.0,,0.0,normalDay
2023-10-23,5319.0,-507.0,0.0,0,420.46,0.0,1,1.68,6.75,SPY231027P00427000,427.0,0,0.0,0.0,,0.0,normalDay
2023-10-24,5319.0,-266.0,0.0,0,423.63,0.0,1,1.68,4.34,SPY231027P00427000,427.0,0,0.0,0.0,,0.0,normalDay
2023-10-25,5319.0,-764.0,0.0,0,417.55,0.0,1,1.68,9.32,SPY231027P00427000,427.0,0,0.0,0.0,,0.0,normalDay
2023-10-26,5319.0,-1257.0,0.0,0,412.55,0.0,1,1.68,14.25,SPY231027P00427000,427.0,0,0.0,0.0,,0.0,normalDay
2023-10-27,5487.0,-1632.0,168.0,100,410.68,427.0,1,1.68,0.0,SPY231027P00427000,427.0,0,0.0,0.0,,0.0,expirationDay
2023-10-30,5487.0,-1144.0,0.0,100,415.59,427.0,0,0.0,0.0,,0.0,1,0.01,0.04,SPY231102C00432000,432.0,normalDay
2023-10-31,5487.0,-882.0,0.0,100,418.2,427.0,0,0.0,0.0,,0.0,1,0.01,0.03,SPY231102C00432000,432.0,normalDay
2023-11-01,5487.0,-434.0,0.0,100,422.66,427.0,0,0.0,0.0,,0.0,1,0.01,0.01,SPY231102C00432000,432.0,normalDay
2023-11-02,5488.0,376.0,1.0,100,430.76,427.0,0,0.0,0.0,,0.0,1,0.01,0.0,SPY231102C00432000,432.0,expirationDay
2023-11-03,5488.0,759.0,0.0,100,434.69,427.0,0,0.0,0.0,,0.0,1,3.36,3.46,SPY231106C00432000,432.0,normalDay
2023-11-06,6324.0,759.0,836.0,0,435.69,0.0,0,0.0,0.0,,0.0,1,3.36,0.0,SPY231106C00432000,432.0,expirationDay
2023-11-07,6324.0,-3.0,0.0,0,436.93,0.0,1,0.39,0.42,SPY231117P00420000,420.0,0,0.0,0.0,,0.0,normalDay
2023-11-08,6324.0,7.0,0.0,0,437.25,0.0,1,0.39,0.32,SPY231117P00420000,420.0,0,0.0,0.0,,0.0,normalDay
2023-11-09,6324.0,-4.0,0.0,0,433.84,0.0,1,0.39,0.43,SPY231117P00420000,420.0,0,0.0,0.0,,0.0,normalDay
2023-11-10,6324.0,25.0,0.0,0,440.61,0.0,1,0.39,0.14,SPY231117P00420000,420.0,0,0.0,0.0,,0.0,normalDay
2023-11-13,6324.0,30.0,0.0,0,440.19,0.0,1,0.39,0.09,SPY231117P00420000,420.0,0,0.0,0.0,,0.0,normalDay
2023-11-14,6324.0,33.0,0.0,0,448.73,0.0,1,0.39,0.06,SPY231117P00420000,420.0,0,0.0,0.0,,0.0,normalDay
2023-11-15,6324.0,35.0,0.0,0,449.68,0.0,1,0.39,0.04,SPY231117P00420000,420.0,0,0.0,0.0,,0.0,normalDay
2023-11-16,6324.0,37.0,0.0,0,450.23,0.0,1,0.39,0.02,SPY231117P00420000,420.0,0,0.0,0.0,,0.0,normalDay
2023-11-17,6363.0,0.0,39.0,0,450.79,0.0,1,0.39,0.0,SPY231117P00420000,420.0,0,0.0,0.0,,0.0,expirationDay
2023-11-20,6363.0,-3.0,0.0,0,454.26,0.0,1,0.08,0.11,SPY231201P00422000,422.0,0,0.0,0.0,,0.0,normalDay
2023-11-21,6363.0,-2.0,0.0,0,453.27,0.0,1,0.08,0.1,SPY231201P00422000,422.0,0,0.0,0.0,,0.0,normalDay
2023-11-22,6363.0,2.0,0.0,0,455.02,0.0,1,0.08,0.06,SPY231201P00422000,422.0,0,0.0,0.0,,0.0,normalDay
2023-11-24,6363.0,4.0,0.0,0,455.3,0.0,1,0.08,0.04,SPY231201P00422000,422.0,0,0.0,0.0,,0.0,normalDay
2023-11-27,6363.0,5.0,0.0,0,454.48,0.0,1,0.08,0.03,SPY231201P00422000,422.0,0,0.0,0.0,,0.0,normalDay
2023-11-28,6363.0,5.0,0.0,0,454.93,0.0,1,0.08,0.03,SPY231201P00422000,422.0,0,0.0,0.0,,0.0,normalDay
2023-11-29,6363.0,6.0,0.0,0,454.61,0.0,1,0.08,0.02,SPY231201P00422000,422.0,0,0.0,0.0,,0.0,normalDay
2023-11-30,6363.0,7.0,0.0,0,456.4,0.0,1,0.08,0.01,SPY231201P00422000,422.0,0,0.0,0.0,,0.0,normalDay
