date,totalCapital,unrializedPnL,rializedPnL,stocksOwned,stocksPriceToday,stocksPriceBoughtAt,putOwned,putOwnedSoldAt,putPriceToday,putOwnedContract,putOwnedStrike,callOwned,callOwnedSoldAt,callPriceToday,callOwnedContract,callOwnedStrike,trackType
2018-11-01,0.0,-6.0,0.0,0,273.51,0.0,1,2.68,2.74,SPY190118P00249000,249.0,0,0.0,0.0,,0.0,normalDay
2018-11-02,0.0,-24.0,0.0,0,271.89,0.0,1,2.68,2.92,SPY190118P00249000,249.0,0,0.0,0.0,,0.0,normalDay
2018-11-05,0.0,7.0,0.0,0,273.39,0.0,1,2.68,2.61,SPY190118P00249000,249.0,0,0.0,0.0,,0.0,normalDay
2018-11-06,0.0,39.0,0.0,0,275.12,0.0,1,2.68,2.29,SPY190118P00249000,249.0,0,0.0,0.0,,0.0,normalDay
2018-11-07,0.0,130.0,0.0,0,281.01,0.0,1,2.68,1.38,SPY190118P00249000,249.0,0,0.0,0.0,,0.0,normalDay
2018-11-08,0.0,129.0,0.0,0,280.5,0.0,1,2.68,1.39,SPY190118P00249000,249.0,0,0.0,0.0,,0.0,normalDay
2018-11-09,0.0,94.0,0.0,0,277.76,0.0,1,2.68,1.74,SPY190118P00249000,249.0,0,0.0,0.0,,0.0,normalDay
2018-11-12,0.0,18.0,0.0,0,272.57,0.0,1,2.68,2.5,SPY190118P00249000,249.0,0,0.0,0.0,,0.0,normalDay
2018-11-13,0.0,12.0,0.0,0,272.06,0.0,1,2.68,2.56,SPY190118P00249000,249.0,0,0.0,0.0,,0.0,normalDay
2018-11-14,0.0,-29.0,0.0,0,270.2,0.0,1,2.68,2.97,SPY190118P00249000,249.0,0,0.0,0.0,,0.0,normalDay
2018-11-15,0.0,33.0,0.0,0,273.02,0.0,1,2.68,2.35,SPY190118P00249000,249.0,0,0.0,0.0,,0.0,normalDay
2018-11-16,0.0,75.0,0.0,0,273.73,0.0,1,2.68,1.93,SPY190118P00249000,249.0,0,0.0,0.0,,0.0,normalDay
2018-11-19,0.0,0.0,0.0,0,269.1,0.0,1,2.68,2.68,SPY190118P00249000,249.0,0,0.0,0.0,,0.0,normalDay
2018-11-20,0.0,-123.0,0.0,0,264.12,0.0,1,2.68,3.91,SPY190118P00249000,249.0,0,0.0,0.0,,0.0,normalDay
2018-11-21,0.0,-64.0,0.0,0,265.02,0.0,1,2.68,3.32,SPY190118P00249000,249.0,0,0.0,0.0,,0.0,normalDay
2018-11-23,0.0,-103.0,0.0,0,263.25,0.0,1,2.68,3.71,SPY190118P00249000,249.0,0,0.0,0.0,,0.0,normalDay
2018-11-26,0.0,44.0,0.0,0,267.5,0.0,1,2.68,2.24,SPY190118P00249000,249.0,0,0.0,0.0,,0.0,normalDay
2018-11-27,0.0,53.0,0.0,0,268.4,0.0,1,2.68,2.15,SPY190118P00249000,249.0,0,0.0,0.0,,0.0,normalDay
2018-11-28,0.0,129.0,0.0,0,274.58,0.0,1,2.68,1.39,SPY190118P00249000,249.0,0,0.0,0.0,,0.0,normalDay
2018-11-29,0.0,118.0,0.0,0,273.98,0.0,1,2.68,1.5,SPY190118P00249000,249.0,0,0.0,0.0,,0.0,normalDay
2018-11-30,0.0,147.0,0.0,0,275.65,0.0,1,2.68,1.21,SPY190118P00249000,249.0,0,0.0,0.0,,0.0,normalDay
2018-12-03,0.0,190.0,0.0,0,279.3,0.0,1,2.68,0.78,SPY190118P00249000,249.0,0,0.0,0.0,,0.0,normalDay
2018-12-04,0.0,74.0,0.0,0,270.25,0.0,1,2.68,1.94,SPY190118P00249000,249.0,0,0.0,0.0,,0.0,normalDay
2018-12-06,0.0,68.0,0.0,0,269.84,0.0,1,2.68,2.0,SPY190118P00249000,249.0,0,0.0,0.0,,0.0,normalDay
2018-12-07,0.0,-66.0,0.0,0,263.57,0.0,1,2.68,3.34,SPY190118P00249000,249.0,0,0.0,0.0,,0.0,normalDay
2018-12-10,0.0,-5.0,0.0,0,264.07,0.0,1,2.68,2.73,SPY190118P00249000,249.0,0,0.0,0.0,,0.0,normalDay
2018-12-11,0.0,14.0,0.0,0,264.13,0.0,1,2.68,2.54,SPY190118P00249000,249.0,0,0.0,0.0,,0.0,normalDay
2018-12-12,0.0,40.0,0.0,0,265.46,0.0,1,2.68,2.28,SPY190118P00249000,249.0,0,0.0,0.0,,0.0,normalDay
2018-12-13,0.0,67.0,0.0,0,265.37,0.0,1,2.68,2.01,SPY190118P00249000,249.0,0,0.0,0.0,,0.0,normalDay
2018-12-14,0.0,-22.0,0.0,0,260.47,0.0,1,2.68,2.9,SPY190118P00249000,249.0,0,0.0,0.0,,0.0,normalDay
2018-12-17,0.0,-169.0,0.0,0,255.36,0.0,1,2.68,4.37,SPY190118P00249000,249.0,0,0.0,0.0,,0.0,normalDay
2018-12-18,0.0,-212.0,0.0,0,255.08,0.0,1,2.68,4.8,SPY190118P00249000,249.0,0,0.0,0.0,,0.0,normalDay
2018-12-19,0.0,-294.0,0.0,0,251.26,0.0,1,2.68,5.62,SPY190118P00249000,249.0,0,0.0,0.0,,0.0,normalDay
2018-12-20,0.0,-505.0,0.0,0,247.17,0.0,1,2.68,7.73,SPY190118P00249000,249.0,0,0.0,0.0,,0.0,normalDay
2018-12-21,0.0,-893.0,0.0,0,240.7,0.0,1,2.68,11.61,SPY190118P00249000,249.0,0,0.0,0.0,,0.0,normalDay
2018-12-24,0.0,-1562.0,0.0,0,234.34,0.0,1,2.68,18.3,SPY190118P00249000,249.0,0,0.0,0.0,,0.0,normalDay
2018-12-26,0.0,-520.0,0.0,0,246.18,0.0,1,2.68,7.88,SPY190118P00249000,249.0,0,0.0,0.0,,0.0,normalDay
2018-12-27,0.0,-432.0,0.0,0,248.07,0.0,1,2.68,7.0,SPY190118P00249000,249.0,0,0.0,0.0,,0.0,normalDay
2018-12-28,0.0,-413.0,0.0,0,247.75,0.0,1,2.68,6.81,SPY190118P00249000,249.0,0,0.0,0.0,,0.0,normalDay
2018-12-31,0.0,-218.0,0.0,0,249.92,0.0,1,2.68,4.86,SPY190118P00249000,249.0,0,0.0,0.0,,0.0,normalDay
2019-01-02,0.0,-107.0,0.0,0,250.18,0.0,1,2.68,3.75,SPY190118P00249000,249.0,0,0.0,0.0,,0.0,normalDay
2019-01-03,0.0,-450.0,0.0,0,244.21,0.0,1,2.68,7.18,SPY190118P00249000,249.0,0,0.0,0.0,,0.0,normalDay
2019-01-04,0.0,15.0,0.0,0,252.39,0.0,1,2.68,2.53,SPY190118P00249000,249.0,0,0.0,0.0,,0.0,normalDay
2019-01-07,0.0,90.0,0.0,0,254.38,0.0,1,2.68,1.78,SPY190118P00249000,249.0,0,0.0,0.0,,0.0,normalDay
2019-01-08,0.0,158.0,0.0,0,256.77,0.0,1,2.68,1.1,SPY190118P00249000,249.0,0,0.0,0.0,,0.0,normalDay
2019-01-09,0.0,196.0,0.0,0,257.97,0.0,1,2.68,0.72,SPY190118P00249000,249.0,0,0.0,0.0,,0.0,normalDay
2019-01-10,0.0,226.0,0.0,0,258.88,0.0,1,2.68,0.42,SPY190118P00249000,249.0,0,0.0,0.0,,0.0,normalDay
2019-01-11,0.0,246.0,0.0,0,258.98,0.0,1,2.68,0.22,SPY190118P00249000,249.0,0,0.0,0.0,,0.0,normalDay
2019-01-14,0.0,247.0,0.0,0,257.4,0.0,1,2.68,0.21,SPY190118P00249000,249.0,0,0.0,0.0,,0.0,normalDay
2019-01-15,0.0,261.0,0.0,0,260.35,0.0,1,2.68,0.07,SPY190118P00249000,249.0,0,0.0,0.0,,0.0,normalDay
2019-01-16,0.0,265.0,0.0,0,260.98,0.0,1,2.68,0.03,SPY190118P00249000,249.0,0,0.0,0.0,,0.0,normalDay
2019-01-17,0.0,267.0,0.0,0,262.96,0.0,1,2.68,0.01,SPY190118P00249000,249.0,0,0.0,0.0,,0.0,normalDay
2019-01-18,268.0,0.0,268.0,0,266.46,0.0,1,2.68,0.0,SPY190118P00249000,249.0,0,0.0,0.0,,0.0,expirationDay
2019-01-22,268.0,-5.0,0.0,0,262.86,0.0,1,1.47,1.52,SPY190418P00223000,223.0,0,0.0,0.0,,0.0,normalDay
2019-01-23,268.0,6.0,0.0,0,263.41,0.0,1,1.47,1.41,SPY190418P00223000,223.0,0,0.0,0.0,,0.0,normalDay
2019-01-24,268.0,15.0,0.0,0,263.55,0.0,1,1.47,1.32,SPY190418P00223000,223.0,0,0.0,0.0,,0.0,normalDay
2019-01-25,268.0,46.0,0.0,0,265.78,0.0,1,1.47,1.01,SPY190418P00223000,223.0,0,0.0,0.0,,0.0,normalDay
2019-01-28,268.0,32.0,0.0,0,263.76,0.0,1,1.47,1.15,SPY190418P00223000,223.0,0,0.0,0.0,,0.0,normalDay
2019-01-29,268.0,30.0,0.0,0,263.41,0.0,1,1.47,1.17,SPY190418P00223000,223.0,0,0.0,0.0,,0.0,normalDay
2019-01-30,268.0,64.0,0.0,0,267.58,0.0,1,1.47,0.83,SPY190418P00223000,223.0,0,0.0,0.0,,0.0,normalDay
2019-01-31,268.0,82.0,0.0,0,269.93,0.0,1,1.47,0.65,SPY190418P00223000,223.0,0,0.0,0.0,,0.0,normalDay
2019-02-01,268.0,86.0,0.0,0,270.06,0.0,1,1.47,0.61,SPY190418P00223000,223.0,0,0.0,0.0,,0.0,normalDay
2019-02-04,268.0,97.0,0.0,0,271.96,0.0,1,1.47,0.5,SPY190418P00223000,223.0,0,0.0,0.0,,0.0,normalDay
2019-02-05,268.0,98.0,0.0,0,273.1,0.0,1,1.47,0.49,SPY190418P00223000,223.0,0,0.0,0.0,,0.0,normalDay
2019-02-06,268.0,99.0,0.0,0,272.74,0.0,1,1.47,0.48,SPY190418P00223000,223.0,0,0.0,0.0,,0.0,normalDay
2019-02-07,268.0,91.0,0.0,0,270.14,0.0,1,1.47,0.56,SPY190418P00223000,223.0,0,0.0,0.0,,0.0,normalDay
2019-02-08,268.0,96.0,0.0,0,270.47,0.0,1,1.47,0.51,SPY190418P00223000,223.0,0,0.0,0.0,,0.0,normalDay
2019-02-11,268.0,102.0,0.0,0,270.62,0.0,1,1.47,0.45,SPY190418P00223000,223.0,0,0.0,0.0,,0.0,normalDay
2019-02-12,268.0,109.0,0.0,0,274.1,0.0,1,1.47,0.38,SPY190418P00223000,223.0,0,0.0,0.0,,0.0,normalDay
2019-02-13,268.0,110.0,0.0,0,274.99,0.0,1,1.47,0.37,SPY190418P00223000,223.0,0,0.0,0.0,,0.0,normalDay
2019-02-14,268.0,107.0,0.0,0,274.38,0.0,1,1.47,0.4,SPY190418P00223000,223.0,0,0.0,0.0,,0.0,normalDay
2019-02-15,268.0,116.0,0.0,0,277.37,0.0,1,1.47,0.31,SPY190418P00223000,223.0,0,0.0,0.0,,0.0,normalDay
2019-02-19,268.0,119.0,0.0,0,277.85,0.0,1,1.47,0.28,SPY190418P00223000,223.0,0,0.0,0.0,,0.0,normalDay
2019-02-20,268.0,124.0,0.0,0,278.41,0.0,1,1.47,0.23,SPY190418P00223000,223.0,0,0.0,0.0,,0.0,normalDay
2019-02-21,268.0,123.0,0.0,0,277.42,0.0,1,1.47,0.24,SPY190418P00223000,223.0,0,0.0,0.0,,0.0,normalDay
2019-02-22,268.0,127.0,0.0,0,279.14,0.0,1,1.47,0.2,SPY190418P00223000,223.0,0,0.0,0.0,,0.0,normalDay
2019-02-25,268.0,124.0,0.0,0,279.52,0.0,1,1.47,0.23,SPY190418P00223000,223.0,0,0.0,0.0,,0.0,normalDay
2019-02-26,268.0,125.0,0.0,0,279.32,0.0,1,1.47,0.22,SPY190418P00223000,223.0,0,0.0,0.0,,0.0,normalDay
2019-02-27,268.0,126.0,0.0,0,279.2,0.0,1,1.47,0.21,SPY190418P00223000,223.0,0,0.0,0.0,,0.0,normalDay
2019-02-28,268.0,125.0,0.0,0,278.68,0.0,1,1.47,0.22,SPY190418P00223000,223.0,0,0.0,0.0,,0.0,normalDay
2019-03-01,268.0,130.0,0.0,0,280.42,0.0,1,1.47,0.17,SPY190418P00223000,223.0,0,0.0,0.0,,0.0,normalDay
2019-03-04,268.0,130.0,0.0,0,279.4,0.0,1,1.47,0.17,SPY190418P00223000,223.0,0,0.0,0.0,,0.0,normalDay
2019-03-05,268.0,128.0,0.0,0,279.02,0.0,1,1.47,0.19,SPY190418P00223000,223.0,0,0.0,0.0,,0.0,normalDay
2019-03-06,268.0,127.0,0.0,0,277.33,0.0,1,1.47,0.2,SPY190418P00223000,223.0,0,0.0,0.0,,0.0,normalDay
2019-03-07,268.0,125.0,0.0,0,275.01,0.0,1,1.47,0.22,SPY190418P00223000,223.0,0,0.0,0.0,,0.0,normalDay
2019-03-08,268.0,127.0,0.0,0,274.46,0.0,1,1.47,0.2,SPY190418P00223000,223.0,0,0.0,0.0,,0.0,normalDay
2019-03-11,268.0,134.0,0.0,0,278.44,0.0,1,1.47,0.13,SPY190418P00223000,223.0,0,0.0,0.0,,0.0,normalDay
2019-03-12,268.0,136.0,0.0,0,279.49,0.0,1,1.47,0.11,SPY190418P00223000,223.0,0,0.0,0.0,,0.0,normalDay
2019-03-13,268.0,137.0,0.0,0,281.34,0.0,1,1.47,0.1,SPY190418P00223000,223.0,0,0.0,0.0,,0.0,normalDay
2019-03-14,268.0,138.0,0.0,0,281.16,0.0,1,1.47,0.09,SPY190418P00223000,223.0,0,0.0,0.0,,0.0,normalDay
2019-03-15,268.0,139.0,0.0,0,281.31,0.0,1,1.47,0.08,SPY190418P00223000,223.0,0,0.0,0.0,,0.0,normalDay
2019-03-18,268.0,141.0,0.0,0,282.33,0.0,1,1.47,0.06,SPY190418P00223000,223.0,0,0.0,0.0,,0.0,normalDay
2019-03-19,268.0,141.0,0.0,0,282.4,0.0,1,1.47,0.06,SPY190418P00223000,223.0,0,0.0,0.0,,0.0,normalDay
2019-03-20,268.0,141.0,0.0,0,281.55,0.0,1,1.47,0.06,SPY190418P00223000,223.0,0,0.0,0.0,,0.0,normalDay
2019-03-21,268.0,142.0,0.0,0,284.73,0.0,1,1.47,0.05,SPY190418P00223000,223.0,0,0.0,0.0,,0.0,normalDay
2019-03-22,268.0,140.0,0.0,0,279.25,0.0,1,1.47,0.07,SPY190418P00223000,223.0,0,0.0,0.0,,0.0,normalDay
2019-03-25,268.0,142.0,0.0,0,279.04,0.0,1,1.47,0.05,SPY190418P00223000,223.0,0,0.0,0.0,,0.0,normalDay
2019-03-26,268.0,144.0,0.0,0,281.12,0.0,1,1.47,0.03,SPY190418P00223000,223.0,0,0.0,0.0,,0.0,normalDay
2019-03-27,268.0,144.0,0.0,0,279.65,0.0,1,1.47,0.03,SPY190418P00223000,223.0,0,0.0,0.0,,0.0,normalDay
2019-03-28,268.0,144.0,0.0,0,280.71,0.0,1,1.47,0.03,SPY190418P00223000,223.0,0,0.0,0.0,,0.0,normalDay
2019-03-29,268.0,144.0,0.0,0,282.48,0.0,1,1.47,0.03,SPY190418P00223000,223.0,0,0.0,0.0,,0.0,normalDay
2019-04-01,268.0,145.0,0.0,0,285.83,0.0,1,1.47,0.02,SPY190418P00223000,223.0,0,0.0,0.0,,0.0,normalDay
2019-04-02,268.0,145.0,0.0,0,285.97,0.0,1,1.47,0.02,SPY190418P00223000,223.0,0,0.0,0.0,,0.0,normalDay
2019-04-03,268.0,145.0,0.0,0,286.42,0.0,1,1.47,0.02,SPY190418P00223000,223.0,0,0.0,0.0,,0.0,normalDay
2019-04-04,268.0,145.0,0.0,0,287.18,0.0,1,1.47,0.02,SPY190418P00223000,223.0,0,0.0,0.0,,0.0,normalDay
2019-04-05,268.0,146.0,0.0,0,288.57,0.0,1,1.47,0.01,SPY190418P00223000,223.0,0,0.0,0.0,,0.0,normalDay
2019-04-08,268.0,146.0,0.0,0,288.79,0.0,1,1.47,0.01,SPY190418P00223000,223.0,0,0.0,0.0,,0.0,normalDay
2019-04-09,268.0,146.0,0.0,0,287.31,0.0,1,1.47,0.01,SPY190418P00223000,223.0,0,0.0,0.0,,0.0,normalDay
2019-04-10,268.0,146.0,0.0,0,288.29,0.0,1,1.47,0.01,SPY190418P00223000,223.0,0,0.0,0.0,,0.0,normalDay
2019-04-11,268.0,146.0,0.0,0,288.21,0.0,1,1.47,0.01,SPY190418P00223000,223.0,0,0.0,0.0,,0.0,normalDay
2019-04-12,268.0,146.0,0.0,0,290.16,0.0,1,1.47,0.01,SPY190418P00223000,223.0,0,0.0,0.0,,0.0,normalDay
2019-04-15,268.0,146.0,0.0,0,289.97,0.0,1,1.47,0.01,SPY190418P00223000,223.0,0,0.0,0.0,,0.0,normalDay
2019-04-16,268.0,146.0,0.0,0,290.16,0.0,1,1.47,0.01,SPY190418P00223000,223.0,0,0.0,0.0,,0.0,normalDay
2019-04-17,268.0,146.0,0.0,0,289.45,0.0,1,1.47,0.01,SPY190418P00223000,223.0,0,0.0,0.0,,0.0,normalDay
2019-04-18,415.0,0.0,147.0,0,290.02,0.0,1,1.47,0.0,SPY190418P00223000,223.0,0,0.0,0.0,,0.0,expirationDay
2019-04-22,415.0,-3.0,0.0,0,290.27,0.0,1,1.75,1.78,SPY190628P00272000,272.0,0,0.0,0.0,,0.0,normalDay
2019-04-23,415.0,23.0,0.0,0,292.88,0.0,1,1.75,1.52,SPY190628P00272000,272.0,0,0.0,0.0,,0.0,normalDay
2019-04-24,415.0,10.0,0.0,0,292.23,0.0,1,1.75,1.65,SPY190628P00272000,272.0,0,0.0,0.0,,0.0,normalDay
2019-04-25,415.0,4.0,0.0,0,292.05,0.0,1,1.75,1.71,SPY190628P00272000,272.0,0,0.0,0.0,,0.0,normalDay
2019-04-26,415.0,26.0,0.0,0,293.41,0.0,1,1.75,1.49,SPY190628P00272000,272.0,0,0.0,0.0,,0.0,normalDay
2019-04-29,415.0,32.0,0.0,0,293.87,0.0,1,1.75,1.43,SPY190628P00272000,272.0,0,0.0,0.0,,0.0,normalDay
2019-04-30,415.0,35.0,0.0,0,294.02,0.0,1,1.75,1.4,SPY190628P00272000,272.0,0,0.0,0.0,,0.0,normalDay
2019-05-01,415.0,-3.0,0.0,0,291.81,0.0,1,1.75,1.78,SPY190628P00272000,272.0,0,0.0,0.0,,0.0,normalDay
2019-05-02,415.0,-7.0,0.0,0,291.18,0.0,1,1.75,1.82,SPY190628P00272000,272.0,0,0.0,0.0,,0.0,normalDay
2019-05-03,415.0,45.0,0.0,0,294.03,0.0,1,1.75,1.3,SPY190628P00272000,272.0,0,0.0,0.0,,0.0,normalDay
2019-05-06,415.0,6.0,0.0,0,292.82,0.0,1,1.75,1.69,SPY190628P00272000,272.0,0,0.0,0.0,,0.0,normalDay
2019-05-07,415.0,-134.0,0.0,0,287.93,0.0,1,1.75,3.09,SPY190628P00272000,272.0,0,0.0,0.0,,0.0,normalDay
2019-05-08,415.0,-132.0,0.0,0,287.53,0.0,1,1.75,3.07,SPY190628P00272000,272.0,0,0.0,0.0,,0.0,normalDay
2019-05-09,415.0,-131.0,0.0,0,286.66,0.0,1,1.75,3.06,SPY190628P00272000,272.0,0,0.0,0.0,,0.0,normalDay
2019-05-10,415.0,-53.0,0.0,0,288.1,0.0,1,1.75,2.28,SPY190628P00272000,272.0,0,0.0,0.0,,0.0,normalDay
2019-05-13,415.0,-274.0,0.0,0,280.86,0.0,1,1.75,4.49,SPY190628P00272000,272.0,0,0.0,0.0,,0.0,normalDay
2019-05-14,415.0,-160.0,0.0,0,283.4,0.0,1,1.75,3.35,SPY190628P00272000,272.0,0,0.0,0.0,,0.0,normalDay
2019-05-15,415.0,-79.0,0.0,0,285.06,0.0,1,1.75,2.54,SPY190628P00272000,272.0,0,0.0,0.0,,0.0,normalDay
2019-05-16,415.0,-13.0,0.0,0,287.7,0.0,1,1.75,1.88,SPY190628P00272000,272.0,0,0.0,0.0,,0.0,normalDay
2019-05-17,415.0,-49.0,0.0,0,285.84,0.0,1,1.75,2.24,SPY190628P00272000,272.0,0,0.0,0.0,,0.0,normalDay
2019-05-20,415.0,-69.0,0.0,0,283.95,0.0,1,1.75,2.44,SPY190628P00272000,272.0,0,0.0,0.0,,0.0,normalDay
2019-05-21,415.0,2.0,0.0,0,286.51,0.0,1,1.75,1.73,SPY190628P00272000,272.0,0,0.0,0.0,,0.0,normalDay
2019-05-22,415.0,-4.0,0.0,0,285.63,0.0,1,1.75,1.79,SPY190628P00272000,272.0,0,0.0,0.0,,0.0,normalDay
2019-05-23,415.0,-104.0,0.0,0,282.14,0.0,1,1.75,2.79,SPY190628P00272000,272.0,0,0.0,0.0,,0.0,normalDay
2019-05-24,415.0,-59.0,0.0,0,282.78,0.0,1,1.75,2.34,SPY190628P00272000,272.0,0,0.0,0.0,,0.0,normalDay
2019-05-28,415.0,-112.0,0.0,0,280.15,0.0,1,1.75,2.87,SPY190628P00272000,272.0,0,0.0,0.0,,0.0,normalDay
2019-05-29,415.0,-165.0,0.0,0,278.27,0.0,1,1.75,3.4,SPY190628P00272000,272.0,0,0.0,0.0,,0.0,normalDay
2019-05-30,415.0,-124.0,0.0,0,279.03,0.0,1,1.75,2.99,SPY190628P00272000,272.0,0,0.0,0.0,,0.0,normalDay
2019-05-31,415.0,-264.0,0.0,0,275.27,0.0,1,1.75,4.39,SPY190628P00272000,272.0,0,0.0,0.0,,0.0,normalDay
2019-06-03,415.0,-254.0,0.0,0,274.57,0.0,1,1.75,4.29,SPY190628P00272000,272.0,0,0.0,0.0,,0.0,normalDay
2019-06-04,415.0,-39.0,0.0,0,280.53,0.0,1,1.75,2.14,SPY190628P00272000,272.0,0,0.0,0.0,,0.0,normalDay
2019-06-05,415.0,37.0,0.0,0,282.96,0.0,1,1.75,1.38,SPY190628P00272000,272.0,0,0.0,0.0,,0.0,normalDay
2019-06-06,415.0,66.0,0.0,0,284.8,0.0,1,1.75,1.09,SPY190628P00272000,272.0,0,0.0,0.0,,0.0,normalDay
2019-06-07,415.0,90.0,0.0,0,287.65,0.0,1,1.75,0.85,SPY190628P00272000,272.0,0,0.0,0.0,,0.0,normalDay
2019-06-10,415.0,117.0,0.0,0,288.97,0.0,1,1.75,0.58,SPY190628P00272000,272.0,0,0.0,0.0,,0.0,normalDay
2019-06-11,415.0,120.0,0.0,0,288.9,0.0,1,1.75,0.55,SPY190628P00272000,272.0,0,0.0,0.0,,0.0,normalDay
2019-06-12,415.0,123.0,0.0,0,288.39,0.0,1,1.75,0.52,SPY190628P00272000,272.0,0,0.0,0.0,,0.0,normalDay
2019-06-13,415.0,135.0,0.0,0,289.58,0.0,1,1.75,0.4,SPY190628P00272000,272.0,0,0.0,0.0,,0.0,normalDay
2019-06-14,415.0,146.0,0.0,0,289.26,0.0,1,1.75,0.29,SPY190628P00272000,272.0,0,0.0,0.0,,0.0,normalDay
2019-06-17,415.0,151.0,0.0,0,289.37,0.0,1,1.75,0.24,SPY190628P00272000,272.0,0,0.0,0.0,,0.0,normalDay
2019-06-18,415.0,161.0,0.0,0,292.4,0.0,1,1.75,0.14,SPY190628P00272000,272.0,0,0.0,0.0,,0.0,normalDay
2019-06-19,415.0,166.0,0.0,0,293.06,0.0,1,1.75,0.09,SPY190628P00272000,272.0,0,0.0,0.0,,0.0,normalDay
2019-06-20,415.0,167.0,0.0,0,295.86,0.0,1,1.75,0.08,SPY190628P00272000,272.0,0,0.0,0.0,,0.0,normalDay
2019-06-21,415.0,168.0,0.0,0,294.0,0.0,1,1.75,0.07,SPY190628P00272000,272.0,0,0.0,0.0,,0.0,normalDay
2019-06-24,415.0,172.0,0.0,0,293.64,0.0,1,1.75,0.03,SPY190628P00272000,272.0,0,0.0,0.0,,0.0,normalDay
2019-06-25,415.0,172.0,0.0,0,290.76,0.0,1,1.75,0.03,SPY190628P00272000,272.0,0,0.0,0.0,,0.0,normalDay
2019-06-26,415.0,173.0,0.0,0,290.47,0.0,1,1.75,0.02,SPY190628P00272000,272.0,0,0.0,0.0,,0.0,normalDay
2019-06-27,415.0,174.0,0.0,0,291.5,0.0,1,1.75,0.01,SPY190628P00272000,272.0,0,0.0,0.0,,0.0,normalDay
2019-06-28,590.0,0.0,175.0,0,293.0,0.0,1,1.75,0.0,SPY190628P00272000,272.0,0,0.0,0.0,,0.0,expirationDay
2019-07-01,590.0,-4.0,0.0,0,295.66,0.0,1,2.4,2.44,SPY190920P00275000,275.0,0,0.0,0.0,,0.0,normalDay
2019-07-02,590.0,31.0,0.0,0,296.43,0.0,1,2.4,2.09,SPY190920P00275000,275.0,0,0.0,0.0,,0.0,normalDay
2019-07-03,590.0,64.0,0.0,0,298.8,0.0,1,2.4,1.76,SPY190920P00275000,275.0,0,0.0,0.0,,0.0,normalDay
2019-07-05,590.0,54.0,0.0,0,298.46,0.0,1,2.4,1.86,SPY190920P00275000,275.0,0,0.0,0.0,,0.0,normalDay
2019-07-08,590.0,39.0,0.0,0,296.82,0.0,1,2.4,2.01,SPY190920P00275000,275.0,0,0.0,0.0,,0.0,normalDay
2019-07-09,590.0,36.0,0.0,0,297.19,0.0,1,2.4,2.04,SPY190920P00275000,275.0,0,0.0,0.0,,0.0,normalDay
2019-07-10,590.0,68.0,0.0,0,298.61,0.0,1,2.4,1.72,SPY190920P00275000,275.0,0,0.0,0.0,,0.0,normalDay
2019-07-11,590.0,79.0,0.0,0,299.31,0.0,1,2.4,1.61,SPY190920P00275000,275.0,0,0.0,0.0,,0.0,normalDay
2019-07-12,590.0,99.0,0.0,0,300.65,0.0,1,2.4,1.41,SPY190920P00275000,275.0,0,0.0,0.0,,0.0,normalDay
2019-07-15,590.0,101.0,0.0,0,300.75,0.0,1,2.4,1.39,SPY190920P00275000,275.0,0,0.0,0.0,,0.0,normalDay
2019-07-16,590.0,93.0,0.0,0,299.78,0.0,1,2.4,1.47,SPY190920P00275000,275.0,0,0.0,0.0,,0.0,normalDay
2019-07-17,590.0,64.0,0.0,0,297.74,0.0,1,2.4,1.76,SPY190920P00275000,275.0,0,0.0,0.0,,0.0,normalDay
2019-07-18,590.0,84.0,0.0,0,298.83,0.0,1,2.4,1.56,SPY190920P00275000,275.0,0,0.0,0.0,,0.0,normalDay
2019-07-19,590.0,65.0,0.0,0,297.17,0.0,1,2.4,1.75,SPY190920P00275000,275.0,0,0.0,0.0,,0.0,normalDay
2019-07-22,590.0,92.0,0.0,0,297.9,0.0,1,2.4,1.48,SPY190920P00275000,275.0,0,0.0,0.0,,0.0,normalDay
2019-07-23,590.0,122.0,0.0,0,300.03,0.0,1,2.4,1.18,SPY190920P00275000,275.0,0,0.0,0.0,,0.0,normalDay
2019-07-24,590.0,140.0,0.0,0,301.44,0.0,1,2.4,1.0,SPY190920P00275000,275.0,0,0.0,0.0,,0.0,normalDay
2019-07-25,590.0,125.0,0.0,0,300.0,0.0,1,2.4,1.15,SPY190920P00275000,275.0,0,0.0,0.0,,0.0,normalDay
2019-07-26,590.0,145.0,0.0,0,302.01,0.0,1,2.4,0.95,SPY190920P00275000,275.0,0,0.0,0.0,,0.0,normalDay
2019-07-29,590.0,145.0,0.0,0,301.46,0.0,1,2.4,0.95,SPY190920P00275000,275.0,0,0.0,0.0,,0.0,normalDay
2019-07-30,590.0,127.0,0.0,0,300.72,0.0,1,2.4,1.13,SPY190920P00275000,275.0,0,0.0,0.0,,0.0,normalDay
2019-07-31,590.0,79.0,0.0,0,297.43,0.0,1,2.4,1.61,SPY190920P00275000,275.0,0,0.0,0.0,,0.0,normalDay
2019-08-01,590.0,19.0,0.0,0,294.84,0.0,1,2.4,2.21,SPY190920P00275000,275.0,0,0.0,0.0,,0.0,normalDay
2019-08-02,590.0,-15.0,0.0,0,292.62,0.0,1,2.4,2.55,SPY190920P00275000,275.0,0,0.0,0.0,,0.0,normalDay
2019-08-05,590.0,-347.0,0.0,0,283.82,0.0,1,2.4,5.87,SPY190920P00275000,275.0,0,0.0,0.0,,0.0,normalDay
2019-08-06,590.0,-136.0,0.0,0,287.8,0.0,1,2.4,3.76,SPY190920P00275000,275.0,0,0.0,0.0,,0.0,normalDay
2019-08-07,590.0,-124.0,0.0,0,287.97,0.0,1,2.4,3.64,SPY190920P00275000,275.0,0,0.0,0.0,,0.0,normalDay
2019-08-08,590.0,27.0,0.0,0,293.62,0.0,1,2.4,2.13,SPY190920P00275000,275.0,0,0.0,0.0,,0.0,normalDay
2019-08-09,590.0,-12.0,0.0,0,291.62,0.0,1,2.4,2.52,SPY190920P00275000,275.0,0,0.0,0.0,,0.0,normalDay
2019-08-12,590.0,-133.0,0.0,0,288.07,0.0,1,2.4,3.73,SPY190920P00275000,275.0,0,0.0,0.0,,0.0,normalDay
2019-08-13,590.0,23.0,0.0,0,292.55,0.0,1,2.4,2.17,SPY190920P00275000,275.0,0,0.0,0.0,,0.0,normalDay
2019-08-14,590.0,-228.0,0.0,0,283.9,0.0,1,2.4,4.68,SPY190920P00275000,275.0,0,0.0,0.0,,0.0,normalDay
2019-08-15,590.0,-181.0,0.0,0,284.65,0.0,1,2.4,4.21,SPY190920P00275000,275.0,0,0.0,0.0,,0.0,normalDay
2019-08-16,590.0,-25.0,0.0,0,288.85,0.0,1,2.4,2.65,SPY190920P00275000,275.0,0,0.0,0.0,,0.0,normalDay
2019-08-19,590.0,80.0,0.0,0,292.33,0.0,1,2.4,1.6,SPY190920P00275000,275.0,0,0.0,0.0,,0.0,normalDay
2019-08-20,590.0,41.0,0.0,0,290.09,0.0,1,2.4,1.99,SPY190920P00275000,275.0,0,0.0,0.0,,0.0,normalDay
2019-08-21,590.0,118.0,0.0,0,292.45,0.0,1,2.4,1.22,SPY190920P00275000,275.0,0,0.0,0.0,,0.0,normalDay
2019-08-22,590.0,103.0,0.0,0,292.36,0.0,1,2.4,1.37,SPY190920P00275000,275.0,0,0.0,0.0,,0.0,normalDay
2019-08-23,590.0,-51.0,0.0,0,284.85,0.0,1,2.4,2.91,SPY190920P00275000,275.0,0,0.0,0.0,,0.0,normalDay
2019-08-26,590.0,28.0,0.0,0,288.0,0.0,1,2.4,2.12,SPY190920P00275000,275.0,0,0.0,0.0,,0.0,normalDay
2019-08-27,590.0,-7.0,0.0,0,286.87,0.0,1,2.4,2.47,SPY190920P00275000,275.0,0,0.0,0.0,,0.0,normalDay
2019-08-28,590.0,56.0,0.0,0,288.89,0.0,1,2.4,1.84,SPY190920P00275000,275.0,0,0.0,0.0,,0.0,normalDay
2019-08-29,590.0,121.0,0.0,0,292.58,0.0,1,2.4,1.19,SPY190920P00275000,275.0,0,0.0,0.0,,0.0,normalDay
2019-08-30,590.0,117.0,0.0,0,292.45,0.0,1,2.4,1.23,SPY190920P00275000,275.0,0,0.0,0.0,,0.0,normalDay
2019-09-03,590.0,116.0,0.0,0,290.74,0.0,1,2.4,1.24,SPY190920P00275000,275.0,0,0.0,0.0,,0.0,normalDay
2019-09-04,590.0,182.0,0.0,0,294.04,0.0,1,2.4,0.58,SPY190920P00275000,275.0,0,0.0,0.0,,0.0,normalDay
2019-09-05,590.0,207.0,0.0,0,297.82,0.0,1,2.4,0.33,SPY190920P00275000,275.0,0,0.0,0.0,,0.0,normalDay
2019-09-06,590.0,221.0,0.0,0,298.05,0.0,1,2.4,0.19,SPY190920P00275000,275.0,0,0.0,0.0,,0.0,normalDay
2019-09-09,590.0,225.0,0.0,0,298.2,0.0,1,2.4,0.15,SPY190920P00275000,275.0,0,0.0,0.0,,0.0,normalDay
2019-09-10,590.0,227.0,0.0,0,298.13,0.0,1,2.4,0.13,SPY190920P00275000,275.0,0,0.0,0.0,,0.0,normalDay
2019-09-11,590.0,231.0,0.0,0,300.25,0.0,1,2.4,0.09,SPY190920P00275000,275.0,0,0.0,0.0,,0.0,normalDay
2019-09-12,590.0,232.0,0.0,0,301.29,0.0,1,2.4,0.08,SPY190920P00275000,275.0,0,0.0,0.0,,0.0,normalDay
2019-09-13,590.0,234.0,0.0,0,301.09,0.0,1,2.4,0.06,SPY190920P00275000,275.0,0,0.0,0.0,,0.0,normalDay
2019-09-16,590.0,235.0,0.0,0,300.16,0.0,1,2.4,0.05,SPY190920P00275000,275.0,0,0.0,0.0,,0.0,normalDay
2019-09-17,590.0,235.0,0.0,0,300.92,0.0,1,2.4,0.05,SPY190920P00275000,275.0,0,0.0,0.0,,0.0,normalDay
2019-09-18,590.0,237.0,0.0,0,301.1,0.0,1,2.4,0.03,SPY190920P00275000,275.0,0,0.0,0.0,,0.0,normalDay
2019-09-19,590.0,238.0,0.0,0,301.08,0.0,1,2.4,0.02,SPY190920P00275000,275.0,0,0.0,0.0,,0.0,normalDay
2019-09-20,830.0,0.0,240.0,0,298.28,0.0,1,2.4,0.0,SPY190920P00275000,275.0,0,0.0,0.0,,0.0,expirationDay
2019-09-23,830.0,-3.0,0.0,0,298.21,0.0,1,1.98,2.01,SPY191115P00279000,279.0,0,0.0,0.0,,0.0,normalDay
2019-09-24,830.0,-63.0,0.0,0,295.87,0.0,1,1.98,2.61,SPY191115P00279000,279.0,0,0.0,0.0,,0.0,normalDay
2019-09-25,830.0,-24.0,0.0,0,297.62,0.0,1,1.98,2.22,SPY191115P00279000,279.0,0,0.0,0.0,,0.0,normalDay
2019-09-26,830.0,-22.0,0.0,0,297.0,0.0,1,1.98,2.2,SPY191115P00279000,279.0,0,0.0,0.0,,0.0,normalDay
2019-09-27,830.0,-64.0,0.0,0,295.4,0.0,1,1.98,2.62,SPY191115P00279000,279.0,0,0.0,0.0,,0.0,normalDay
2019-09-30,830.0,-9.0,0.0,0,296.77,0.0,1,1.98,2.07,SPY191115P00279000,279.0,0,0.0,0.0,,0.0,normalDay
2019-10-01,830.0,-100.0,0.0,0,293.24,0.0,1,1.98,2.98,SPY191115P00279000,279.0,0,0.0,0.0,,0.0,normalDay
2019-10-02,830.0,-269.0,0.0,0,288.06,0.0,1,1.98,4.67,SPY191115P00279000,279.0,0,0.0,0.0,,0.0,normalDay
2019-10-03,830.0,-166.0,0.0,0,290.42,0.0,1,1.98,3.64,SPY191115P00279000,279.0,0,0.0,0.0,,0.0,normalDay
2019-10-04,830.0,-43.0,0.0,0,294.35,0.0,1,1.98,2.41,SPY191115P00279000,279.0,0,0.0,0.0,,0.0,normalDay
2019-10-07,830.0,-63.0,0.0,0,293.08,0.0,1,1.98,2.61,SPY191115P00279000,279.0,0,0.0,0.0,,0.0,normalDay
2019-10-08,830.0,-197.0,0.0,0,288.53,0.0,1,1.98,3.95,SPY191115P00279000,279.0,0,0.0,0.0,,0.0,normalDay
2019-10-09,830.0,-94.0,0.0,0,291.27,0.0,1,1.98,2.92,SPY191115P00279000,279.0,0,0.0,0.0,,0.0,normalDay
2019-10-10,830.0,-24.0,0.0,0,293.24,0.0,1,1.98,2.22,SPY191115P00279000,279.0,0,0.0,0.0,,0.0,normalDay
2019-10-11,830.0,66.0,0.0,0,296.28,0.0,1,1.98,1.32,SPY191115P00279000,279.0,0,0.0,0.0,,0.0,normalDay
2019-10-14,830.0,89.0,0.0,0,295.95,0.0,1,1.98,1.09,SPY191115P00279000,279.0,0,0.0,0.0,,0.0,normalDay
2019-10-15,830.0,132.0,0.0,0,298.88,0.0,1,1.98,0.66,SPY191115P00279000,279.0,0,0.0,0.0,,0.0,normalDay
2019-10-16,830.0,132.0,0.0,0,298.4,0.0,1,1.98,0.66,SPY191115P00279000,279.0,0,0.0,0.0,,0.0,normalDay
2019-10-17,830.0,138.0,0.0,0,299.28,0.0,1,1.98,0.6,SPY191115P00279000,279.0,0,0.0,0.0,,0.0,normalDay
2019-10-18,830.0,132.0,0.0,0,297.97,0.0,1,1.98,0.66,SPY191115P00279000,279.0,0,0.0,0.0,,0.0,normalDay
2019-10-21,830.0,154.0,0.0,0,299.99,0.0,1,1.98,0.44,SPY191115P00279000,279.0,0,0.0,0.0,,0.0,normalDay
2019-10-22,830.0,150.0,0.0,0,299.01,0.0,1,1.98,0.48,SPY191115P00279000,279.0,0,0.0,0.0,,0.0,normalDay
2019-10-23,830.0,161.0,0.0,0,299.88,0.0,1,1.98,0.37,SPY191115P00279000,279.0,0,0.0,0.0,,0.0,normalDay
2019-10-24,830.0,168.0,0.0,0,300.37,0.0,1,1.98,0.3,SPY191115P00279000,279.0,0,0.0,0.0,,0.0,normalDay
2019-10-25,830.0,177.0,0.0,0,301.6,0.0,1,1.98,0.21,SPY191115P00279000,279.0,0,0.0,0.0,,0.0,normalDay
2019-10-28,830.0,182.0,0.0,0,303.3,0.0,1,1.98,0.16,SPY191115P00279000,279.0,0,0.0,0.0,,0.0,normalDay
2019-10-29,830.0,183.0,0.0,0,303.21,0.0,1,1.98,0.15,SPY191115P00279000,279.0,0,0.0,0.0,,0.0,normalDay
2019-10-30,830.0,187.0,0.0,0,304.14,0.0,1,1.98,0.11,SPY191115P00279000,279.0,0,0.0,0.0,,0.0,normalDay
2019-10-31,830.0,183.0,0.0,0,303.33,0.0,1,1.98,0.15,SPY191115P00279000,279.0,0,0.0,0.0,,0.0,normalDay
2019-11-01,830.0,191.0,0.0,0,306.14,0.0,1,1.98,0.07,SPY191115P00279000,279.0,0,0.0,0.0,,0.0,normalDay
2019-11-04,830.0,192.0,0.0,0,307.37,0.0,1,1.98,0.06,SPY191115P00279000,279.0,0,0.0,0.0,,0.0,normalDay
2019-11-05,830.0,193.0,0.0,0,307.03,0.0,1,1.98,0.05,SPY191115P00279000,279.0,0,0.0,0.0,,0.0,normalDay
2019-11-06,830.0,195.0,0.0,0,307.1,0.0,1,1.98,0.03,SPY191115P00279000,279.0,0,0.0,0.0,,0.0,normalDay
2019-11-07,830.0,196.0,0.0,0,308.18,0.0,1,1.98,0.02,SPY191115P00279000,279.0,0,0.0,0.0,,0.0,normalDay
2019-11-08,830.0,196.0,0.0,0,308.94,0.0,1,1.98,0.02,SPY191115P00279000,279.0,0,0.0,0.0,,0.0,normalDay
2019-11-11,830.0,197.0,0.0,0,308.35,0.0,1,1.98,0.01,SPY191115P00279000,279.0,0,0.0,0.0,,0.0,normalDay
2019-11-12,830.0,197.0,0.0,0,309.0,0.0,1,1.98,0.01,SPY191115P00279000,279.0,0,0.0,0.0,,0.0,normalDay
2019-11-13,830.0,197.0,0.0,0,309.1,0.0,1,1.98,0.01,SPY191115P00279000,279.0,0,0.0,0.0,,0.0,normalDay
2019-11-14,830.0,197.0,0.0,0,309.55,0.0,1,1.98,0.01,SPY191115P00279000,279.0,0,0.0,0.0,,0.0,normalDay
2019-11-15,1028.0,0.0,198.0,0,311.79,0.0,1,1.98,0.0,SPY191115P00279000,279.0,0,0.0,0.0,,0.0,expirationDay
2019-11-18,1028.0,-3.0,0.0,0,312.02,0.0,1,1.86,1.89,SPY200117P00292000,292.0,0,0.0,0.0,,0.0,normalDay
2019-11-19,1028.0,-13.0,0.0,0,311.93,0.0,1,1.86,1.99,SPY200117P00292000,292.0,0,0.0,0.0,,0.0,normalDay
2019-11-20,1028.0,-29.0,0.0,0,310.77,0.0,1,1.86,2.15,SPY200117P00292000,292.0,0,0.0,0.0,,0.0,normalDay
2019-11-21,1028.0,-35.0,0.0,0,310.27,0.0,1,1.86,2.21,SPY200117P00292000,292.0,0,0.0,0.0,,0.0,normalDay
2019-11-22,1028.0,-9.0,0.0,0,310.96,0.0,1,1.86,1.95,SPY200117P00292000,292.0,0,0.0,0.0,,0.0,normalDay
2019-11-25,1028.0,40.0,0.0,0,313.37,0.0,1,1.86,1.46,SPY200117P00292000,292.0,0,0.0,0.0,,0.0,normalDay
2019-11-26,1028.0,56.0,0.0,0,314.08,0.0,1,1.86,1.3,SPY200117P00292000,292.0,0,0.0,0.0,,0.0,normalDay
2019-11-27,1028.0,67.0,0.0,0,315.48,0.0,1,1.86,1.19,SPY200117P00292000,292.0,0,0.0,0.0,,0.0,normalDay
2019-11-29,1028.0,49.0,0.0,0,314.31,0.0,1,1.86,1.37,SPY200117P00292000,292.0,0,0.0,0.0,,0.0,normalDay
2019-12-02,1028.0,-6.0,0.0,0,311.64,0.0,1,1.86,1.92,SPY200117P00292000,292.0,0,0.0,0.0,,0.0,normalDay
2019-12-03,1028.0,-54.0,0.0,0,309.55,0.0,1,1.86,2.4,SPY200117P00292000,292.0,0,0.0,0.0,,0.0,normalDay
2019-12-04,1028.0,-8.0,0.0,0,311.46,0.0,1,1.86,1.94,SPY200117P00292000,292.0,0,0.0,0.0,,0.0,normalDay
2019-12-05,1028.0,17.0,0.0,0,312.02,0.0,1,1.86,1.69,SPY200117P00292000,292.0,0,0.0,0.0,,0.0,normalDay
2019-12-06,1028.0,61.0,0.0,0,314.87,0.0,1,1.86,1.25,SPY200117P00292000,292.0,0,0.0,0.0,,0.0,normalDay
2019-12-09,1028.0,33.0,0.0,0,313.88,0.0,1,1.86,1.53,SPY200117P00292000,292.0,0,0.0,0.0,,0.0,normalDay
2019-12-10,1028.0,43.0,0.0,0,313.53,0.0,1,1.86,1.43,SPY200117P00292000,292.0,0,0.0,0.0,,0.0,normalDay
2019-12-11,1028.0,66.0,0.0,0,314.42,0.0,1,1.86,1.2,SPY200117P00292000,292.0,0,0.0,0.0,,0.0,normalDay
2019-12-12,1028.0,100.0,0.0,0,317.13,0.0,1,1.86,0.86,SPY200117P00292000,292.0,0,0.0,0.0,,0.0,normalDay
2019-12-13,1028.0,122.0,0.0,0,317.32,0.0,1,1.86,0.64,SPY200117P00292000,292.0,0,0.0,0.0,,0.0,normalDay
2019-12-16,1028.0,141.0,0.0,0,319.5,0.0,1,1.86,0.45,SPY200117P00292000,292.0,0,0.0,0.0,,0.0,normalDay
2019-12-17,1028.0,141.0,0.0,0,319.57,0.0,1,1.86,0.45,SPY200117P00292000,292.0,0,0.0,0.0,,0.0,normalDay
2019-12-18,1028.0,142.0,0.0,0,319.59,0.0,1,1.86,0.44,SPY200117P00292000,292.0,0,0.0,0.0,,0.0,normalDay
2019-12-19,1028.0,147.0,0.0,0,320.9,0.0,1,1.86,0.39,SPY200117P00292000,292.0,0,0.0,0.0,,0.0,normalDay
2019-12-20,1028.0,149.0,0.0,0,320.73,0.0,1,1.86,0.37,SPY200117P00292000,292.0,0,0.0,0.0,,0.0,normalDay
2019-12-23,1028.0,153.0,0.0,0,321.22,0.0,1,1.86,0.33,SPY200117P00292000,292.0,0,0.0,0.0,,0.0,normalDay
2019-12-24,1028.0,155.0,0.0,0,321.23,0.0,1,1.86,0.31,SPY200117P00292000,292.0,0,0.0,0.0,,0.0,normalDay
2019-12-26,1028.0,163.0,0.0,0,322.94,0.0,1,1.86,0.23,SPY200117P00292000,292.0,0,0.0,0.0,,0.0,normalDay
2019-12-27,1028.0,163.0,0.0,0,322.86,0.0,1,1.86,0.23,SPY200117P00292000,292.0,0,0.0,0.0,,0.0,normalDay
2019-12-30,1028.0,161.0,0.0,0,321.08,0.0,1,1.86,0.25,SPY200117P00292000,292.0,0,0.0,0.0,,0.0,normalDay
2019-12-31,1028.0,165.0,0.0,0,321.86,0.0,1,1.86,0.21,SPY200117P00292000,292.0,0,0.0,0.0,,0.0,normalDay
2020-01-02,1028.0,177.0,0.0,0,324.87,0.0,1,1.86,0.09,SPY200117P00292000,292.0,0,0.0,0.0,,0.0,normalDay
2020-01-03,1028.0,173.0,0.0,0,322.41,0.0,1,1.86,0.13,SPY200117P00292000,292.0,0,0.0,0.0,,0.0,normalDay
2020-01-06,1028.0,180.0,0.0,0,323.64,0.0,1,1.86,0.06,SPY200117P00292000,292.0,0,0.0,0.0,,0.0,normalDay
2020-01-07,1028.0,181.0,0.0,0,322.73,0.0,1,1.86,0.05,SPY200117P00292000,292.0,0,0.0,0.0,,0.0,normalDay
2020-01-08,1028.0,180.0,0.0,0,324.45,0.0,1,1.86,0.06,SPY200117P00292000,292.0,0,0.0,0.0,,0.0,normalDay
2020-01-09,1028.0,182.0,0.0,0,326.65,0.0,1,1.86,0.04,SPY200117P00292000,292.0,0,0.0,0.0,,0.0,normalDay
2020-01-10,1028.0,184.0,0.0,0,325.71,0.0,1,1.86,0.02,SPY200117P00292000,292.0,0,0.0,0.0,,0.0,normalDay
2020-01-13,1028.0,184.0,0.0,0,327.95,0.0,1,1.86,0.02,SPY200117P00292000,292.0,0,0.0,0.0,,0.0,normalDay
2020-01-14,1028.0,185.0,0.0,0,327.45,0.0,1,1.86,0.01,SPY200117P00292000,292.0,0,0.0,0.0,,0.0,normalDay
2020-01-15,1028.0,185.0,0.0,0,328.19,0.0,1,1.86,0.01,SPY200117P00292000,292.0,0,0.0,0.0,,0.0,normalDay
2020-01-16,1028.0,185.0,0.0,0,330.92,0.0,1,1.86,0.01,SPY200117P00292000,292.0,0,0.0,0.0,,0.0,normalDay
2020-01-17,1214.0,0.0,186.0,0,331.95,0.0,1,1.86,0.0,SPY200117P00292000,292.0,0,0.0,0.0,,0.0,expirationDay
2020-01-21,1214.0,-4.0,0.0,0,331.3,0.0,1,3.25,3.29,SPY200417P00312000,312.0,0,0.0,0.0,,0.0,normalDay
2020-01-22,1214.0,-5.0,0.0,0,331.34,0.0,1,3.25,3.3,SPY200417P00312000,312.0,0,0.0,0.0,,0.0,normalDay
2020-01-23,1214.0,1.0,0.0,0,331.72,0.0,1,3.25,3.24,SPY200417P00312000,312.0,0,0.0,0.0,,0.0,normalDay
2020-01-24,1214.0,-83.0,0.0,0,328.77,0.0,1,3.25,4.08,SPY200417P00312000,312.0,0,0.0,0.0,,0.0,normalDay
2020-01-27,1214.0,-288.0,0.0,0,323.5,0.0,1,3.25,6.13,SPY200417P00312000,312.0,0,0.0,0.0,,0.0,normalDay
2020-01-28,1214.0,-145.0,0.0,0,326.89,0.0,1,3.25,4.7,SPY200417P00312000,312.0,0,0.0,0.0,,0.0,normalDay
2020-01-29,1214.0,-147.0,0.0,0,326.62,0.0,1,3.25,4.72,SPY200417P00312000,312.0,0,0.0,0.0,,0.0,normalDay
2020-01-30,1214.0,-86.0,0.0,0,327.68,0.0,1,3.25,4.11,SPY200417P00312000,312.0,0,0.0,0.0,,0.0,normalDay
2020-01-31,1214.0,-301.0,0.0,0,321.73,0.0,1,3.25,6.26,SPY200417P00312000,312.0,0,0.0,0.0,,0.0,normalDay
2020-02-03,1214.0,-220.0,0.0,0,324.12,0.0,1,3.25,5.45,SPY200417P00312000,312.0,0,0.0,0.0,,0.0,normalDay
2020-02-04,1214.0,-47.0,0.0,0,329.06,0.0,1,3.25,3.72,SPY200417P00312000,312.0,0,0.0,0.0,,0.0,normalDay
2020-02-05,1214.0,37.0,0.0,0,332.86,0.0,1,3.25,2.88,SPY200417P00312000,312.0,0,0.0,0.0,,0.0,normalDay
2020-02-06,1214.0,55.0,0.0,0,333.98,0.0,1,3.25,2.7,SPY200417P00312000,312.0,0,0.0,0.0,,0.0,normalDay
2020-02-07,1214.0,23.0,0.0,0,332.2,0.0,1,3.25,3.02,SPY200417P00312000,312.0,0,0.0,0.0,,0.0,normalDay
2020-02-10,1214.0,70.0,0.0,0,334.68,0.0,1,3.25,2.55,SPY200417P00312000,312.0,0,0.0,0.0,,0.0,normalDay
2020-02-11,1214.0,82.0,0.0,0,335.26,0.0,1,3.25,2.43,SPY200417P00312000,312.0,0,0.0,0.0,,0.0,normalDay
2020-02-12,1214.0,129.0,0.0,0,337.42,0.0,1,3.25,1.96,SPY200417P00312000,312.0,0,0.0,0.0,,0.0,normalDay
2020-02-13,1214.0,120.0,0.0,0,337.06,0.0,1,3.25,2.05,SPY200417P00312000,312.0,0,0.0,0.0,,0.0,normalDay
2020-02-14,1214.0,137.0,0.0,0,337.6,0.0,1,3.25,1.88,SPY200417P00312000,312.0,0,0.0,0.0,,0.0,normalDay
2020-02-18,1214.0,126.0,0.0,0,336.73,0.0,1,3.25,1.99,SPY200417P00312000,312.0,0,0.0,0.0,,0.0,normalDay
2020-02-19,1214.0,153.0,0.0,0,338.34,0.0,1,3.25,1.72,SPY200417P00312000,312.0,0,0.0,0.0,,0.0,normalDay
2020-02-20,1214.0,123.0,0.0,0,336.95,0.0,1,3.25,2.02,SPY200417P00312000,312.0,0,0.0,0.0,,0.0,normalDay
2020-02-21,1214.0,47.0,0.0,0,333.48,0.0,1,3.25,2.78,SPY200417P00312000,312.0,0,0.0,0.0,,0.0,normalDay
2020-02-24,1214.0,-346.0,0.0,0,322.42,0.0,1,3.25,6.71,SPY200417P00312000,312.0,0,0.0,0.0,,0.0,normalDay
2020-02-25,1214.0,-705.0,0.0,0,312.65,0.0,1,3.25,10.3,SPY200417P00312000,312.0,0,0.0,0.0,,0.0,normalDay
2020-02-26,1214.0,-777.0,0.0,0,311.5,0.0,1,3.25,11.02,SPY200417P00312000,312.0,0,0.0,0.0,,0.0,normalDay
2020-02-27,1214.0,-1803.0,0.0,0,297.51,0.0,1,3.25,21.28,SPY200417P00312000,312.0,0,0.0,0.0,,0.0,normalDay
2020-02-28,1214.0,-1873.0,0.0,0,296.26,0.0,1,3.25,21.98,SPY200417P00312000,312.0,0,0.0,0.0,,0.0,normalDay
2020-03-02,1214.0,-960.0,0.0,0,309.09,0.0,1,3.25,12.85,SPY200417P00312000,312.0,0,0.0,0.0,,0.0,normalDay
2020-03-03,1214.0,-1449.0,0.0,0,300.24,0.0,1,3.25,17.74,SPY200417P00312000,312.0,0,0.0,0.0,,0.0,normalDay
2020-03-04,1214.0,-825.0,0.0,0,312.86,0.0,1,3.25,11.5,SPY200417P00312000,312.0,0,0.0,0.0,,0.0,normalDay
2020-03-05,1214.0,-1521.0,0.0,0,302.46,0.0,1,3.25,18.46,SPY200417P00312000,312.0,0,0.0,0.0,,0.0,normalDay
2020-03-06,1214.0,-1895.0,0.0,0,297.46,0.0,1,3.25,22.2,SPY200417P00312000,312.0,0,0.0,0.0,,0.0,normalDay
2020-03-09,1214.0,-3838.0,0.0,0,274.23,0.0,1,3.25,41.63,SPY200417P00312000,312.0,0,0.0,0.0,,0.0,normalDay
2020-03-10,1214.0,-2555.0,0.0,0,288.42,0.0,1,3.25,28.8,SPY200417P00312000,312.0,0,0.0,0.0,,0.0,normalDay
2020-03-11,1214.0,-3759.0,0.0,0,274.36,0.0,1,3.25,40.84,SPY200417P00312000,312.0,0,0.0,0.0,,0.0,normalDay
2020-03-12,1214.0,-6249.0,0.0,0,248.11,0.0,1,3.25,65.74,SPY200417P00312000,312.0,0,0.0,0.0,,0.0,normalDay
2020-03-13,1214.0,-4242.0,0.0,0,269.32,0.0,1,3.25,45.67,SPY200417P00312000,312.0,0,0.0,0.0,,0.0,normalDay
2020-03-16,1214.0,-6758.0,0.0,0,239.85,0.0,1,3.25,70.83,SPY200417P00312000,312.0,0,0.0,0.0,,0.0,normalDay
2020-03-17,1214.0,-5937.0,0.0,0,252.8,0.0,1,3.25,62.62,SPY200417P00312000,312.0,0,0.0,0.0,,0.0,normalDay
2020-03-18,1214.0,-7029.0,0.0,0,240.0,0.0,1,3.25,73.54,SPY200417P00312000,312.0,0,0.0,0.0,,0.0,normalDay
2020-03-19,1214.0,-7034.0,0.0,0,240.51,0.0,1,3.25,73.59,SPY200417P00312000,312.0,0,0.0,0.0,,0.0,normalDay
2020-03-20,1214.0,-7988.0,0.0,0,228.8,0.0,1,3.25,83.13,SPY200417P00312000,312.0,0,0.0,0.0,,0.0,normalDay
2020-03-23,1214.0,-8786.0,0.0,0,222.95,0.0,1,3.25,91.11,SPY200417P00312000,312.0,0,0.0,0.0,,0.0,normalDay
2020-03-24,1214.0,-6665.0,0.0,0,243.15,0.0,1,3.25,69.9,SPY200417P00312000,312.0,0,0.0,0.0,,0.0,normalDay
2020-03-25,1214.0,-6201.0,0.0,0,246.79,0.0,1,3.25,65.26,SPY200417P00312000,312.0,0,0.0,0.0,,0.0,normalDay
2020-03-26,1214.0,-4851.0,0.0,0,261.2,0.0,1,3.25,51.76,SPY200417P00312000,312.0,0,0.0,0.0,,0.0,normalDay
2020-03-27,1214.0,-5631.0,0.0,0,253.42,0.0,1,3.25,59.56,SPY200417P00312000,312.0,0,0.0,0.0,,0.0,normalDay
2020-03-30,1214.0,-4835.0,0.0,0,261.65,0.0,1,3.25,51.6,SPY200417P00312000,312.0,0,0.0,0.0,,0.0,normalDay
2020-03-31,1214.0,-5231.0,0.0,0,257.75,0.0,1,3.25,55.56,SPY200417P00312000,312.0,0,0.0,0.0,,0.0,normalDay
2020-04-01,1214.0,-6311.0,0.0,0,246.15,0.0,1,3.25,66.36,SPY200417P00312000,312.0,0,0.0,0.0,,0.0,normalDay
2020-04-02,1214.0,-5647.0,0.0,0,251.83,0.0,1,3.25,59.72,SPY200417P00312000,312.0,0,0.0,0.0,,0.0,normalDay
2020-04-03,1214.0,-6052.0,0.0,0,248.19,0.0,1,3.25,63.77,SPY200417P00312000,312.0,0,0.0,0.0,,0.0,normalDay
2020-04-06,1214.0,-4385.0,0.0,0,264.86,0.0,1,3.25,47.1,SPY200417P00312000,312.0,0,0.0,0.0,,0.0,normalDay
2020-04-07,1214.0,-4486.0,0.0,0,265.13,0.0,1,3.25,48.11,SPY200417P00312000,312.0,0,0.0,0.0,,0.0,normalDay
2020-04-08,1214.0,-3497.0,0.0,0,274.03,0.0,1,3.25,38.22,SPY200417P00312000,312.0,0,0.0,0.0,,0.0,normalDay
2020-04-09,1214.0,-3085.0,0.0,0,278.2,0.0,1,3.25,34.1,SPY200417P00312000,312.0,0,0.0,0.0,,0.0,normalDay
2020-04-13,1214.0,-3324.0,0.0,0,275.66,0.0,1,3.25,36.49,SPY200417P00312000,312.0,0,0.0,0.0,,0.0,normalDay
2020-04-14,1214.0,-2488.0,0.0,0,283.79,0.0,1,3.25,28.13,SPY200417P00312000,312.0,0,0.0,0.0,,0.0,normalDay
2020-04-15,1214.0,-3121.0,0.0,0,277.76,0.0,1,3.25,34.46,SPY200417P00312000,312.0,0,0.0,0.0,,0.0,normalDay
2020-04-16,1214.0,-2969.0,0.0,0,279.1,0.0,1,3.25,32.94,SPY200417P00312000,312.0,0,0.0,0.0,,0.0,normalDay
2020-04-17,1539.0,-2536.0,325.0,100,286.64,312.0,1,3.25,0.0,SPY200417P00312000,312.0,0,0.0,0.0,,0.0,expirationDay
2020-04-20,1539.0,-3041.0,0.0,100,281.59,312.0,0,0.0,0.0,,0.0,0,0.0,0.0,,0.0,bidTooLow
2020-04-21,1539.0,-3896.0,0.0,100,273.04,312.0,0,0.0,0.0,,0.0,0,0.0,0.0,,0.0,bidTooLow
2020-04-22,1539.0,-3290.0,0.0,100,279.1,312.0,0,0.0,0.0,,0.0,0,0.0,0.0,,0.0,bidTooLow
2020-04-23,1539.0,-3292.0,0.0,100,279.08,312.0,0,0.0,0.0,,0.0,0,0.0,0.0,,0.0,bidTooLow
2020-04-24,1539.0,-2903.0,0.0,100,282.97,312.0,0,0.0,0.0,,0.0,0,0.0,0.0,,0.0,bidTooLow
2020-04-27,1539.0,-2495.0,0.0,100,287.05,312.0,0,0.0,0.0,,0.0,0,0.0,0.0,,0.0,bidTooLow
2020-04-28,1539.0,-2627.0,0.0,100,285.73,312.0,0,0.0,0.0,,0.0,0,0.0,0.0,,0.0,bidTooLow
2020-04-29,1539.0,-1879.0,0.0,100,293.21,312.0,0,0.0,0.0,,0.0,0,0.0,0.0,,0.0,bidTooLow
2020-04-30,1539.0,-2152.0,0.0,100,290.48,312.0,0,0.0,0.0,,0.0,0,0.0,0.0,,0.0,bidTooLow
2020-05-01,1539.0,-2921.0,0.0,100,282.79,312.0,0,0.0,0.0,,0.0,0,0.0,0.0,,0.0,bidTooLow
2020-05-04,1539.0,-2846.0,0.0,100,283.57,312.0,0,0.0,0.0,,0.0,1,0.02,0.05,SPY200515C00315000,315.0,normalDay
2020-05-05,1539.0,-2583.0,0.0,100,286.19,312.0,0,0.0,0.0,,0.0,1,0.02,0.04,SPY200515C00315000,315.0,normalDay
2020-05-06,1539.0,-2776.0,0.0,100,284.25,312.0,0,0.0,0.0,,0.0,1,0.02,0.03,SPY200515C00315000,315.0,normalDay
2020-05-07,1539.0,-2433.0,0.0,100,287.68,312.0,0,0.0,0.0,,0.0,1,0.02,0.03,SPY200515C00315000,315.0,normalDay
2020-05-08,1539.0,-1956.0,0.0,100,292.44,312.0,0,0.0,0.0,,0.0,1,0.02,0.02,SPY200515C00315000,315.0,normalDay
2020-05-11,1539.0,-1951.0,0.0,100,292.5,312.0,0,0.0,0.0,,0.0,1,0.02,0.03,SPY200515C00315000,315.0,normalDay
2020-05-12,1539.0,-2532.0,0.0,100,286.67,312.0,0,0.0,0.0,,0.0,1,0.02,0.01,SPY200515C00315000,315.0,normalDay
2020-05-13,1539.0,-3039.0,0.0,100,281.6,312.0,0,0.0,0.0,,0.0,1,0.02,0.01,SPY200515C00315000,315.0,normalDay
2020-05-14,1539.0,-2702.0,0.0,100,284.97,312.0,0,0.0,0.0,,0.0,1,0.02,0.01,SPY200515C00315000,315.0,normalDay
2020-05-15,1541.0,-2572.0,2.0,100,286.28,312.0,0,0.0,0.0,,0.0,1,0.02,0.0,SPY200515C00315000,315.0,expirationDay
2020-05-18,1541.0,-1703.0,0.0,100,295.0,312.0,0,0.0,0.0,,0.0,1,0.25,0.28,SPY200529C00312000,312.0,normalDay
2020-05-19,1541.0,-1995.0,0.0,100,291.97,312.0,0,0.0,0.0,,0.0,1,0.25,0.17,SPY200529C00312000,312.0,normalDay
2020-05-20,1541.0,-1506.0,0.0,100,296.93,312.0,0,0.0,0.0,,0.0,1,0.25,0.24,SPY200529C00312000,312.0,normalDay
2020-05-21,1541.0,-1699.0,0.0,100,294.88,312.0,0,0.0,0.0,,0.0,1,0.25,0.12,SPY200529C00312000,312.0,normalDay
2020-05-22,1541.0,-1635.0,0.0,100,295.44,312.0,0,0.0,0.0,,0.0,1,0.25,0.04,SPY200529C00312000,312.0,normalDay
2020-05-26,1541.0,-1272.0,0.0,100,299.08,312.0,0,0.0,0.0,,0.0,1,0.25,0.05,SPY200529C00312000,312.0,normalDay
2020-05-27,1541.0,-833.0,0.0,100,303.53,312.0,0,0.0,0.0,,0.0,1,0.25,0.11,SPY200529C00312000,312.0,normalDay
2020-05-28,1541.0,-882.0,0.0,100,302.97,312.0,0,0.0,0.0,,0.0,1,0.25,0.04,SPY200529C00312000,312.0,normalDay
2020-05-29,1566.0,-768.0,25.0,100,304.32,312.0,0,0.0,0.0,,0.0,1,0.25,0.0,SPY200529C00312000,312.0,expirationDay
2020-06-01,1566.0,-648.0,0.0,100,305.55,312.0,0,0.0,0.0,,0.0,1,0.04,0.07,SPY200612C00329000,329.0,normalDay
2020-06-02,1566.0,-395.0,0.0,100,308.08,312.0,0,0.0,0.0,,0.0,1,0.04,0.07,SPY200612C00329000,329.0,normalDay
2020-06-03,1566.0,5.0,0.0,100,312.18,312.0,0,0.0,0.0,,0.0,1,0.04,0.17,SPY200612C00329000,329.0,normalDay
2020-06-04,1566.0,-69.0,0.0,100,311.36,312.0,0,0.0,0.0,,0.0,1,0.04,0.09,SPY200612C00329000,329.0,normalDay
2020-06-05,1566.0,683.0,0.0,100,319.34,312.0,0,0.0,0.0,,0.0,1,0.04,0.55,SPY200612C00329000,329.0,normalDay
2020-06-08,1566.0,1037.0,0.0,100,323.2,312.0,0,0.0,0.0,,0.0,1,0.04,0.87,SPY200612C00329000,329.0,normalDay
2020-06-09,1566.0,825.0,0.0,100,320.79,312.0,0,0.0,0.0,,0.0,1,0.04,0.58,SPY200612C00329000,329.0,normalDay
2020-06-10,1566.0,684.0,0.0,100,319.0,312.0,0,0.0,0.0,,0.0,1,0.04,0.2,SPY200612C00329000,329.0,normalDay
2020-06-11,1566.0,-1136.0,0.0,100,300.61,312.0,0,0.0,0.0,,0.0,1,0.04,0.01,SPY200612C00329000,329.0,normalDay
2020-06-12,1570.0,-779.0,4.0,100,304.21,312.0,0,0.0,0.0,,0.0,1,0.04,0.0,SPY200612C00329000,329.0,expirationDay
2020-06-15,1570.0,-498.0,0.0,100,307.05,312.0,0,0.0,0.0,,0.0,1,0.01,0.04,SPY200626C00351000,351.0,normalDay
2020-06-16,1570.0,93.0,0.0,100,312.96,312.0,0,0.0,0.0,,0.0,1,0.01,0.04,SPY200626C00351000,351.0,normalDay
2020-06-17,1570.0,-36.0,0.0,100,311.66,312.0,0,0.0,0.0,,0.0,1,0.01,0.03,SPY200626C00351000,351.0,normalDay
2020-06-18,1570.0,-23.0,0.0,100,311.78,312.0,0,0.0,0.0,,0.0,1,0.01,0.02,SPY200626C00351000,351.0,normalDay
2020-06-19,1570.0,-336.0,0.0,100,308.64,312.0,0,0.0,0.0,,0.0,1,0.01,0.01,SPY200626C00351000,351.0,normalDay
2020-06-22,1570.0,-138.0,0.0,100,310.62,312.0,0,0.0,0.0,,0.0,1,0.01,0.01,SPY200626C00351000,351.0,normalDay
2020-06-23,1570.0,5.0,0.0,100,312.05,312.0,0,0.0,0.0,,0.0,1,0.01,0.01,SPY200626C00351000,351.0,normalDay
2020-06-24,1570.0,-791.0,0.0,100,304.09,312.0,0,0.0,0.0,,0.0,1,0.01,0.01,SPY200626C00351000,351.0,normalDay
2020-06-25,1570.0,-465.0,0.0,100,307.35,312.0,0,0.0,0.0,,0.0,1,0.01,0.01,SPY200626C00351000,351.0,normalDay
2020-06-26,1571.0,-1195.0,1.0,100,300.05,312.0,0,0.0,0.0,,0.0,1,0.01,0.0,SPY200626C00351000,351.0,expirationDay
2020-06-29,1571.0,-754.0,0.0,100,304.46,312.0,0,0.0,0.0,,0.0,0,0.0,0.0,,0.0,bidTooLow
2020-06-30,1571.0,-367.0,0.0,100,308.36,312.0,0,0.0,0.0,,0.0,1,0.01,0.04,SPY200710C00341000,341.0,normalDay
2020-07-01,1571.0,-149.0,0.0,100,310.52,312.0,0,0.0,0.0,,0.0,1,0.01,0.02,SPY200710C00341000,341.0,normalDay
2020-07-02,1571.0,23.0,0.0,100,312.23,312.0,0,0.0,0.0,,0.0,1,0.01,0.01,SPY200710C00341000,341.0,normalDay
2020-07-06,1571.0,505.0,0.0,100,317.05,312.0,0,0.0,0.0,,0.0,1,0.01,0.01,SPY200710C00341000,341.0,normalDay
2020-07-07,1571.0,178.0,0.0,100,313.78,312.0,0,0.0,0.0,,0.0,1,0.01,0.01,SPY200710C00341000,341.0,normalDay
2020-07-08,1571.0,418.0,0.0,100,316.18,312.0,0,0.0,0.0,,0.0,1,0.01,0.01,SPY200710C00341000,341.0,normalDay
2020-07-09,1571.0,238.0,0.0,100,314.38,312.0,0,0.0,0.0,,0.0,1,0.01,0.01,SPY200710C00341000,341.0,normalDay
2020-07-10,1572.0,559.0,1.0,100,317.59,312.0,0,0.0,0.0,,0.0,1,0.01,0.0,SPY200710C00341000,341.0,expirationDay
2020-07-13,1572.0,281.0,0.0,100,314.84,312.0,0,0.0,0.0,,0.0,1,0.31,0.34,SPY200724C00333000,333.0,normalDay
2020-07-14,1572.0,678.0,0.0,100,318.92,312.0,0,0.0,0.0,,0.0,1,0.31,0.45,SPY200724C00333000,333.0,normalDay
2020-07-15,1572.0,951.0,0.0,100,321.85,312.0,0,0.0,0.0,,0.0,1,0.31,0.65,SPY200724C00333000,333.0,normalDay
2020-07-16,1572.0,880.0,0.0,100,320.79,312.0,0,0.0,0.0,,0.0,1,0.31,0.3,SPY200724C00333000,333.0,normalDay
2020-07-17,1572.0,978.0,0.0,100,321.72,312.0,0,0.0,0.0,,0.0,1,0.31,0.25,SPY200724C00333000,333.0,normalDay
2020-07-20,1572.0,1238.0,0.0,100,324.32,312.0,0,0.0,0.0,,0.0,1,0.31,0.25,SPY200724C00333000,333.0,normalDay
2020-07-21,1572.0,1314.0,0.0,100,325.01,312.0,0,0.0,0.0,,0.0,1,0.31,0.18,SPY200724C00333000,333.0,normalDay
2020-07-22,1572.0,1503.0,0.0,100,326.86,312.0,0,0.0,0.0,,0.0,1,0.31,0.14,SPY200724C00333000,333.0,normalDay
2020-07-23,1572.0,1125.0,0.0,100,322.96,312.0,0,0.0,0.0,,0.0,1,0.31,0.02,SPY200724C00333000,333.0,normalDay
2020-07-24,1603.0,888.0,31.0,100,320.88,312.0,0,0.0,0.0,,0.0,1,0.31,0.0,SPY200724C00333000,333.0,expirationDay
2020-07-27,1603.0,1119.0,0.0,100,323.22,312.0,0,0.0,0.0,,0.0,1,0.01,0.04,SPY200807C00346000,346.0,normalDay
2020-07-28,1603.0,915.0,0.0,100,321.17,312.0,0,0.0,0.0,,0.0,1,0.01,0.03,SPY200807C00346000,346.0,normalDay
2020-07-29,1603.0,1309.0,0.0,100,325.12,312.0,0,0.0,0.0,,0.0,1,0.01,0.04,SPY200807C00346000,346.0,normalDay
2020-07-30,1603.0,1193.0,0.0,100,323.96,312.0,0,0.0,0.0,,0.0,1,0.01,0.04,SPY200807C00346000,346.0,normalDay
2020-07-31,1603.0,1452.0,0.0,100,326.52,312.0,0,0.0,0.0,,0.0,1,0.01,0.01,SPY200807C00346000,346.0,normalDay
2020-08-03,1603.0,1679.0,0.0,100,328.79,312.0,0,0.0,0.0,,0.0,1,0.01,0.01,SPY200807C00346000,346.0,normalDay
2020-08-04,1603.0,1806.0,0.0,100,330.06,312.0,0,0.0,0.0,,0.0,1,0.01,0.01,SPY200807C00346000,346.0,normalDay
2020-08-05,1603.0,2011.0,0.0,100,332.11,312.0,0,0.0,0.0,,0.0,1,0.01,0.01,SPY200807C00346000,346.0,normalDay
2020-08-06,1603.0,2233.0,0.0,100,334.33,312.0,0,0.0,0.0,,0.0,1,0.01,0.01,SPY200807C00346000,346.0,normalDay
2020-08-07,1604.0,2257.0,1.0,100,334.57,312.0,0,0.0,0.0,,0.0,1,0.01,0.0,SPY200807C00346000,346.0,expirationDay
2020-08-10,1604.0,2354.0,0.0,100,335.57,312.0,0,0.0,0.0,,0.0,1,0.11,0.14,SPY200821C00350000,350.0,normalDay
2020-08-11,1604.0,2081.0,0.0,100,332.8,312.0,0,0.0,0.0,,0.0,1,0.11,0.1,SPY200821C00350000,350.0,normalDay
2020-08-12,1604.0,2538.0,0.0,100,337.44,312.0,0,0.0,0.0,,0.0,1,0.11,0.17,SPY200821C00350000,350.0,normalDay
2020-08-13,1604.0,2486.0,0.0,100,336.83,312.0,0,0.0,0.0,,0.0,1,0.11,0.08,SPY200821C00350000,350.0,normalDay
2020-08-14,1604.0,2491.0,0.0,100,336.84,312.0,0,0.0,0.0,,0.0,1,0.11,0.04,SPY200821C00350000,350.0,normalDay
2020-08-17,1604.0,2599.0,0.0,100,337.91,312.0,0,0.0,0.0,,0.0,1,0.11,0.03,SPY200821C00350000,350.0,normalDay
2020-08-18,1604.0,2673.0,0.0,100,338.64,312.0,0,0.0,0.0,,0.0,1,0.11,0.02,SPY200821C00350000,350.0,normalDay
2020-08-19,1604.0,2533.0,0.0,100,337.23,312.0,0,0.0,0.0,,0.0,1,0.11,0.01,SPY200821C00350000,350.0,normalDay
2020-08-20,1604.0,2638.0,0.0,100,338.28,312.0,0,0.0,0.0,,0.0,1,0.11,0.01,SPY200821C00350000,350.0,normalDay
2020-08-21,1615.0,2748.0,11.0,100,339.48,312.0,0,0.0,0.0,,0.0,1,0.11,0.0,SPY200821C00350000,350.0,expirationDay
2020-08-24,1615.0,3089.0,0.0,100,342.92,312.0,0,0.0,0.0,,0.0,1,0.02,0.05,SPY200904C00362000,362.0,normalDay
2020-08-25,1615.0,3208.0,0.0,100,344.12,312.0,0,0.0,0.0,,0.0,1,0.02,0.06,SPY200904C00362000,362.0,normalDay
2020-08-26,1615.0,3543.0,0.0,100,347.57,312.0,0,0.0,0.0,,0.0,1,0.02,0.16,SPY200904C00362000,362.0,normalDay
2020-08-27,1615.0,3616.0,0.0,100,348.33,312.0,0,0.0,0.0,,0.0,1,0.02,0.19,SPY200904C00362000,362.0,normalDay
2020-08-28,1615.0,3849.0,0.0,100,350.58,312.0,0,0.0,0.0,,0.0,1,0.02,0.11,SPY200904C00362000,362.0,normalDay
2020-08-31,1615.0,3726.0,0.0,100,349.31,312.0,0,0.0,0.0,,0.0,1,0.02,0.07,SPY200904C00362000,362.0,normalDay
2020-09-01,1615.0,4055.0,0.0,100,352.6,312.0,0,0.0,0.0,,0.0,1,0.02,0.07,SPY200904C00362000,362.0,normalDay
2020-09-02,1615.0,4513.0,0.0,100,357.7,312.0,0,0.0,0.0,,0.0,1,0.02,0.59,SPY200904C00362000,362.0,normalDay
2020-09-03,1615.0,3338.0,0.0,100,345.39,312.0,0,0.0,0.0,,0.0,1,0.02,0.03,SPY200904C00362000,362.0,normalDay
2020-09-04,1617.0,3057.0,2.0,100,342.57,312.0,0,0.0,0.0,,0.0,1,0.02,0.0,SPY200904C00362000,362.0,expirationDay
2020-09-08,1617.0,2117.0,0.0,100,333.21,312.0,0,0.0,0.0,,0.0,1,0.01,0.05,SPY200918C00375000,375.0,normalDay
2020-09-09,1617.0,2776.0,0.0,100,339.79,312.0,0,0.0,0.0,,0.0,1,0.01,0.04,SPY200918C00375000,375.0,normalDay
2020-09-10,1617.0,2189.0,0.0,100,333.89,312.0,0,0.0,0.0,,0.0,1,0.01,0.01,SPY200918C00375000,375.0,normalDay
2020-09-11,1617.0,2206.0,0.0,100,334.06,312.0,0,0.0,0.0,,0.0,1,0.01,0.01,SPY200918C00375000,375.0,normalDay
2020-09-14,1617.0,2646.0,0.0,100,338.46,312.0,0,0.0,0.0,,0.0,1,0.01,0.01,SPY200918C00375000,375.0,normalDay
2020-09-15,1617.0,2817.0,0.0,100,340.17,312.0,0,0.0,0.0,,0.0,1,0.01,0.01,SPY200918C00375000,375.0,normalDay
2020-09-16,1617.0,2682.0,0.0,100,338.82,312.0,0,0.0,0.0,,0.0,1,0.01,0.01,SPY200918C00375000,375.0,normalDay
2020-09-17,1617.0,2384.0,0.0,100,335.84,312.0,0,0.0,0.0,,0.0,1,0.01,0.01,SPY200918C00375000,375.0,normalDay
2020-09-18,1618.0,1865.0,1.0,100,330.65,312.0,0,0.0,0.0,,0.0,1,0.01,0.0,SPY200918C00375000,375.0,expirationDay
2020-09-21,1618.0,1497.0,0.0,100,326.97,312.0,0,0.0,0.0,,0.0,0,0.0,0.0,,0.0,bidTooLow
2020-09-22,1618.0,1830.0,0.0,100,330.3,312.0,0,0.0,0.0,,0.0,0,0.0,0.0,,0.0,bidTooLow
2020-09-23,1618.0,1064.0,0.0,100,322.64,312.0,0,0.0,0.0,,0.0,0,0.0,0.0,,0.0,bidTooLow
2020-09-24,1618.0,1150.0,0.0,100,323.5,312.0,0,0.0,0.0,,0.0,0,0.0,0.0,,0.0,bidTooLow
2020-09-25,1618.0,1673.0,0.0,100,328.73,312.0,0,0.0,0.0,,0.0,0,0.0,0.0,,0.0,bidTooLow
2020-09-28,1618.0,2219.0,0.0,100,334.19,312.0,0,0.0,0.0,,0.0,0,0.0,0.0,,0.0,bidTooLow
2020-09-29,1618.0,2037.0,0.0,100,332.37,312.0,0,0.0,0.0,,0.0,0,0.0,0.0,,0.0,bidTooLow
2020-09-30,1618.0,2289.0,0.0,100,334.89,312.0,0,0.0,0.0,,0.0,0,0.0,0.0,,0.0,bidTooLow
2020-10-01,1618.0,2501.0,0.0,100,337.04,312.0,0,0.0,0.0,,0.0,1,0.09,0.12,SPY201012C00363000,363.0,normalDay
2020-10-02,1618.0,2190.0,0.0,100,333.84,312.0,0,0.0,0.0,,0.0,1,0.09,0.03,SPY201012C00363000,363.0,normalDay
2020-10-05,1618.0,2782.0,0.0,100,339.76,312.0,0,0.0,0.0,,0.0,1,0.09,0.03,SPY201012C00363000,363.0,normalDay
2020-10-06,1618.0,2301.0,0.0,100,334.93,312.0,0,0.0,0.0,,0.0,1,0.09,0.01,SPY201012C00363000,363.0,normalDay
2020-10-07,1618.0,2883.0,0.0,100,340.76,312.0,0,0.0,0.0,,0.0,1,0.09,0.02,SPY201012C00363000,363.0,normalDay
2020-10-08,1618.0,3186.0,0.0,100,343.78,312.0,0,0.0,0.0,,0.0,1,0.09,0.01,SPY201012C00363000,363.0,normalDay
2020-10-09,1618.0,3493.0,0.0,100,346.85,312.0,0,0.0,0.0,,0.0,1,0.09,0.01,SPY201012C00363000,363.0,normalDay
2020-10-12,1627.0,4043.0,9.0,100,352.43,312.0,0,0.0,0.0,,0.0,1,0.09,0.0,SPY201012C00363000,363.0,expirationDay
2020-10-13,1627.0,3810.0,0.0,100,350.13,312.0,0,0.0,0.0,,0.0,1,0.02,0.05,SPY201023C00375000,375.0,normalDay
2020-10-14,1627.0,3592.0,0.0,100,347.93,312.0,0,0.0,0.0,,0.0,1,0.02,0.03,SPY201023C00375000,375.0,normalDay
2020-10-15,1627.0,3549.0,0.0,100,347.5,312.0,0,0.0,0.0,,0.0,1,0.02,0.03,SPY201023C00375000,375.0,normalDay
2020-10-16,1627.0,3529.0,0.0,100,347.29,312.0,0,0.0,0.0,,0.0,1,0.02,0.02,SPY201023C00375000,375.0,normalDay
2020-10-19,1627.0,3002.0,0.0,100,342.01,312.0,0,0.0,0.0,,0.0,1,0.02,0.01,SPY201023C00375000,375.0,normalDay
2020-10-20,1627.0,3139.0,0.0,100,343.38,312.0,0,0.0,0.0,,0.0,1,0.02,0.01,SPY201023C00375000,375.0,normalDay
2020-10-21,1627.0,3074.0,0.0,100,342.73,312.0,0,0.0,0.0,,0.0,1,0.02,0.01,SPY201023C00375000,375.0,normalDay
2020-10-22,1627.0,3262.0,0.0,100,344.61,312.0,0,0.0,0.0,,0.0,1,0.02,0.01,SPY201023C00375000,375.0,normalDay
2020-10-23,1629.0,3378.0,2.0,100,345.78,312.0,0,0.0,0.0,,0.0,1,0.02,0.0,SPY201023C00375000,375.0,expirationDay
2020-10-26,1629.0,2736.0,0.0,100,339.39,312.0,0,0.0,0.0,,0.0,1,0.13,0.16,SPY201106C00370000,370.0,normalDay
2020-10-27,1629.0,2627.0,0.0,100,338.22,312.0,0,0.0,0.0,,0.0,1,0.13,0.08,SPY201106C00370000,370.0,normalDay
2020-10-28,1629.0,1477.0,0.0,100,326.66,312.0,0,0.0,0.0,,0.0,1,0.13,0.02,SPY201106C00370000,370.0,normalDay
2020-10-29,1629.0,1807.0,0.0,100,329.98,312.0,0,0.0,0.0,,0.0,1,0.13,0.04,SPY201106C00370000,370.0,normalDay
2020-10-30,1629.0,1464.0,0.0,100,326.54,312.0,0,0.0,0.0,,0.0,1,0.13,0.03,SPY201106C00370000,370.0,normalDay
2020-11-02,1629.0,1829.0,0.0,100,330.2,312.0,0,0.0,0.0,,0.0,1,0.13,0.04,SPY201106C00370000,370.0,normalDay
2020-11-03,1629.0,2410.0,0.0,100,336.03,312.0,0,0.0,0.0,,0.0,1,0.13,0.06,SPY201106C00370000,370.0,normalDay
2020-11-04,1629.0,3166.0,0.0,100,343.54,312.0,0,0.0,0.0,,0.0,1,0.13,0.01,SPY201106C00370000,370.0,normalDay
2020-11-05,1629.0,3836.0,0.0,100,350.24,312.0,0,0.0,0.0,,0.0,1,0.13,0.01,SPY201106C00370000,370.0,normalDay
2020-11-06,1642.0,3816.0,13.0,100,350.16,312.0,0,0.0,0.0,,0.0,1,0.13,0.0,SPY201106C00370000,370.0,expirationDay
2020-11-09,1642.0,4253.0,0.0,100,354.56,312.0,0,0.0,0.0,,0.0,1,0.1,0.13,SPY201120C00381000,381.0,normalDay
2020-11-10,1642.0,4207.0,0.0,100,354.04,312.0,0,0.0,0.0,,0.0,1,0.1,0.07,SPY201120C00381000,381.0,normalDay
2020-11-11,1642.0,4472.0,0.0,100,356.67,312.0,0,0.0,0.0,,0.0,1,0.1,0.05,SPY201120C00381000,381.0,normalDay
2020-11-12,1642.0,4129.0,0.0,100,353.21,312.0,0,0.0,0.0,,0.0,1,0.1,0.02,SPY201120C00381000,381.0,normalDay
2020-11-13,1642.0,4616.0,0.0,100,358.1,312.0,0,0.0,0.0,,0.0,1,0.1,0.04,SPY201120C00381000,381.0,normalDay
2020-11-16,1642.0,5065.0,0.0,100,362.57,312.0,0,0.0,0.0,,0.0,1,0.1,0.02,SPY201120C00381000,381.0,normalDay
2020-11-17,1642.0,4871.0,0.0,100,360.62,312.0,0,0.0,0.0,,0.0,1,0.1,0.01,SPY201120C00381000,381.0,normalDay
2020-11-18,1642.0,4437.0,0.0,100,356.28,312.0,0,0.0,0.0,,0.0,1,0.1,0.01,SPY201120C00381000,381.0,normalDay
2020-11-19,1642.0,4587.0,0.0,100,357.78,312.0,0,0.0,0.0,,0.0,1,0.1,0.01,SPY201120C00381000,381.0,normalDay
2020-11-20,1652.0,4333.0,10.0,100,355.33,312.0,0,0.0,0.0,,0.0,1,0.1,0.0,SPY201120C00381000,381.0,expirationDay
2020-11-23,1652.0,4546.0,0.0,100,357.46,312.0,0,0.0,0.0,,0.0,0,0.0,0.0,,0.0,bidTooLow
2020-11-24,1652.0,5122.0,0.0,100,363.22,312.0,0,0.0,0.0,,0.0,0,0.0,0.0,,0.0,bidTooLow
2020-11-25,1652.0,5066.0,0.0,100,362.66,312.0,0,0.0,0.0,,0.0,0,0.0,0.0,,0.0,bidTooLow
2020-11-27,1652.0,5167.0,0.0,100,363.67,312.0,0,0.0,0.0,,0.0,0,0.0,0.0,,0.0,bidTooLow
2020-11-30,1652.0,5006.0,0.0,100,362.06,312.0,0,0.0,0.0,,0.0,0,0.0,0.0,,0.0,bidTooLow
2020-12-01,1652.0,5399.0,0.0,100,366.02,312.0,0,0.0,0.0,,0.0,1,0.02,0.05,SPY201211C00391000,391.0,normalDay
2020-12-02,1652.0,5476.0,0.0,100,366.79,312.0,0,0.0,0.0,,0.0,1,0.02,0.05,SPY201211C00391000,391.0,normalDay
2020-12-03,1652.0,5468.0,0.0,100,366.69,312.0,0,0.0,0.0,,0.0,1,0.02,0.03,SPY201211C00391000,391.0,normalDay
2020-12-04,1652.0,5784.0,0.0,100,369.85,312.0,0,0.0,0.0,,0.0,1,0.02,0.03,SPY201211C00391000,391.0,normalDay
2020-12-07,1652.0,5710.0,0.0,100,369.09,312.0,0,0.0,0.0,,0.0,1,0.02,0.01,SPY201211C00391000,391.0,normalDay
2020-12-08,1652.0,5818.0,0.0,100,370.17,312.0,0,0.0,0.0,,0.0,1,0.02,0.01,SPY201211C00391000,391.0,normalDay
2020-12-09,1652.0,5486.0,0.0,100,366.85,312.0,0,0.0,0.0,,0.0,1,0.02,0.01,SPY201211C00391000,391.0,normalDay
2020-12-10,1652.0,5474.0,0.0,100,366.73,312.0,0,0.0,0.0,,0.0,1,0.02,0.01,SPY201211C00391000,391.0,normalDay
2020-12-11,1654.0,5430.0,2.0,100,366.3,312.0,0,0.0,0.0,,0.0,1,0.02,0.0,SPY201211C00391000,391.0,expirationDay
2020-12-14,1654.0,5263.0,0.0,100,364.66,312.0,0,0.0,0.0,,0.0,1,0.03,0.06,SPY201224C00385000,385.0,normalDay
2020-12-15,1654.0,5755.0,0.0,100,369.59,312.0,0,0.0,0.0,,0.0,1,0.03,0.07,SPY201224C00385000,385.0,normalDay
2020-12-16,1654.0,5811.0,0.0,100,370.17,312.0,0,0.0,0.0,,0.0,1,0.03,0.09,SPY201224C00385000,385.0,normalDay
2020-12-17,1654.0,6019.0,0.0,100,372.24,312.0,0,0.0,0.0,,0.0,1,0.03,0.08,SPY201224C00385000,385.0,normalDay
2020-12-18,1654.0,5717.0,0.0,100,369.18,312.0,0,0.0,0.0,,0.0,1,0.03,0.04,SPY201224C00385000,385.0,normalDay
2020-12-21,1654.0,5587.0,0.0,100,367.86,312.0,0,0.0,0.0,,0.0,1,0.03,0.02,SPY201224C00385000,385.0,normalDay
2020-12-22,1654.0,5526.0,0.0,100,367.24,312.0,0,0.0,0.0,,0.0,1,0.03,0.01,SPY201224C00385000,385.0,normalDay
2020-12-23,1654.0,5559.0,0.0,100,367.57,312.0,0,0.0,0.0,,0.0,1,0.03,0.01,SPY201224C00385000,385.0,normalDay
2020-12-24,1657.0,5700.0,3.0,100,369.0,312.0,0,0.0,0.0,,0.0,1,0.03,0.0,SPY201224C00385000,385.0,expirationDay
2020-12-28,1657.0,6013.0,0.0,100,372.17,312.0,0,0.0,0.0,,0.0,1,0.98,1.02,SPY210108C00380000,380.0,normalDay
2020-12-29,1657.0,5956.0,0.0,100,371.46,312.0,0,0.0,0.0,,0.0,1,0.98,0.88,SPY210108C00380000,380.0,normalDay
2020-12-30,1657.0,6020.0,0.0,100,371.99,312.0,0,0.0,0.0,,0.0,1,0.98,0.77,SPY210108C00380000,380.0,normalDay
2020-12-31,1657.0,6180.0,0.0,100,373.88,312.0,0,0.0,0.0,,0.0,1,0.98,1.06,SPY210108C00380000,380.0,normalDay
2021-01-04,1657.0,5743.0,0.0,100,368.79,312.0,0,0.0,0.0,,0.0,1,0.98,0.34,SPY210108C00380000,380.0,normalDay
2021-01-05,1657.0,5999.0,0.0,100,371.33,312.0,0,0.0,0.0,,0.0,1,0.98,0.32,SPY210108C00380000,380.0,normalDay
2021-01-06,1657.0,6216.0,0.0,100,373.55,312.0,0,0.0,0.0,,0.0,1,0.98,0.37,SPY210108C00380000,380.0,normalDay
2021-01-07,1657.0,6734.0,0.0,100,379.1,312.0,0,0.0,0.0,,0.0,1,0.98,0.74,SPY210108C00380000,380.0,normalDay
2021-01-08,8555.0,6734.0,6898.0,0,381.26,0.0,0,0.0,0.0,,0.0,1,0.98,0.0,SPY210108C00380000,380.0,expirationDay
2021-01-11,8555.0,-7.0,0.0,0,378.69,0.0,1,8.04,8.11,SPY210331P00355000,355.0,0,0.0,0.0,,0.0,normalDay
2021-01-12,8555.0,26.0,0.0,0,378.77,0.0,1,8.04,7.78,SPY210331P00355000,355.0,0,0.0,0.0,,0.0,normalDay
2021-01-13,8555.0,87.0,0.0,0,379.79,0.0,1,8.04,7.17,SPY210331P00355000,355.0,0,0.0,0.0,,0.0,normalDay
2021-01-14,8555.0,40.0,0.0,0,378.46,0.0,1,8.04,7.64,SPY210331P00355000,355.0,0,0.0,0.0,,0.0,normalDay
2021-01-15,8555.0,-64.0,0.0,0,375.7,0.0,1,8.04,8.68,SPY210331P00355000,355.0,0,0.0,0.0,,0.0,normalDay
2021-01-19,8555.0,69.0,0.0,0,378.65,0.0,1,8.04,7.35,SPY210331P00355000,355.0,0,0.0,0.0,,0.0,normalDay
2021-01-20,8555.0,210.0,0.0,0,383.89,0.0,1,8.04,5.94,SPY210331P00355000,355.0,0,0.0,0.0,,0.0,normalDay
2021-01-21,8555.0,231.0,0.0,0,384.24,0.0,1,8.04,5.73,SPY210331P00355000,355.0,0,0.0,0.0,,0.0,normalDay
2021-01-22,8555.0,203.0,0.0,0,382.88,0.0,1,8.04,6.01,SPY210331P00355000,355.0,0,0.0,0.0,,0.0,normalDay
2021-01-25,8555.0,209.0,0.0,0,384.39,0.0,1,8.04,5.95,SPY210331P00355000,355.0,0,0.0,0.0,,0.0,normalDay
2021-01-26,8555.0,214.0,0.0,0,383.79,0.0,1,8.04,5.9,SPY210331P00355000,355.0,0,0.0,0.0,,0.0,normalDay
2021-01-27,8555.0,-270.0,0.0,0,374.41,0.0,1,8.04,10.74,SPY210331P00355000,355.0,0,0.0,0.0,,0.0,normalDay
2021-01-28,8555.0,-77.0,0.0,0,377.63,0.0,1,8.04,8.81,SPY210331P00355000,355.0,0,0.0,0.0,,0.0,normalDay
2021-01-29,8555.0,-411.0,0.0,0,370.07,0.0,1,8.04,12.15,SPY210331P00355000,355.0,0,0.0,0.0,,0.0,normalDay
2021-02-01,8555.0,-97.0,0.0,0,376.23,0.0,1,8.04,9.01,SPY210331P00355000,355.0,0,0.0,0.0,,0.0,normalDay
2021-02-02,8555.0,174.0,0.0,0,381.55,0.0,1,8.04,6.3,SPY210331P00355000,355.0,0,0.0,0.0,,0.0,normalDay
2021-02-03,8555.0,249.0,0.0,0,381.85,0.0,1,8.04,5.55,SPY210331P00355000,355.0,0,0.0,0.0,,0.0,normalDay
2021-02-04,8555.0,353.0,0.0,0,386.19,0.0,1,8.04,4.51,SPY210331P00355000,355.0,0,0.0,0.0,,0.0,normalDay
2021-02-05,8555.0,390.0,0.0,0,387.71,0.0,1,8.04,4.14,SPY210331P00355000,355.0,0,0.0,0.0,,0.0,normalDay
2021-02-08,8555.0,441.0,0.0,0,390.51,0.0,1,8.04,3.63,SPY210331P00355000,355.0,0,0.0,0.0,,0.0,normalDay
2021-02-09,8555.0,444.0,0.0,0,390.25,0.0,1,8.04,3.6,SPY210331P00355000,355.0,0,0.0,0.0,,0.0,normalDay
2021-02-10,8555.0,440.0,0.0,0,390.08,0.0,1,8.04,3.64,SPY210331P00355000,355.0,0,0.0,0.0,,0.0,normalDay
2021-02-11,8555.0,469.0,0.0,0,390.71,0.0,1,8.04,3.35,SPY210331P00355000,355.0,0,0.0,0.0,,0.0,normalDay
2021-02-12,8555.0,528.0,0.0,0,392.64,0.0,1,8.04,2.76,SPY210331P00355000,355.0,0,0.0,0.0,,0.0,normalDay
2021-02-16,8555.0,527.0,0.0,0,392.3,0.0,1,8.04,2.77,SPY210331P00355000,355.0,0,0.0,0.0,,0.0,normalDay
2021-02-17,8555.0,542.0,0.0,0,392.39,0.0,1,8.04,2.62,SPY210331P00355000,355.0,0,0.0,0.0,,0.0,normalDay
2021-02-18,8555.0,517.0,0.0,0,390.72,0.0,1,8.04,2.87,SPY210331P00355000,355.0,0,0.0,0.0,,0.0,normalDay
2021-02-19,8555.0,526.0,0.0,0,390.03,0.0,1,8.04,2.78,SPY210331P00355000,355.0,0,0.0,0.0,,0.0,normalDay
2021-02-22,8555.0,494.0,0.0,0,387.03,0.0,1,8.04,3.1,SPY210331P00355000,355.0,0,0.0,0.0,,0.0,normalDay
2021-02-23,8555.0,524.0,0.0,0,387.5,0.0,1,8.04,2.8,SPY210331P00355000,355.0,0,0.0,0.0,,0.0,normalDay
2021-02-24,8555.0,604.0,0.0,0,391.77,0.0,1,8.04,2.0,SPY210331P00355000,355.0,0,0.0,0.0,,0.0,normalDay
2021-02-25,8555.0,376.0,0.0,0,382.33,0.0,1,8.04,4.28,SPY210331P00355000,355.0,0,0.0,0.0,,0.0,normalDay
2021-02-26,8555.0,379.0,0.0,0,380.36,0.0,1,8.04,4.25,SPY210331P00355000,355.0,0,0.0,0.0,,0.0,normalDay
2021-03-01,8555.0,594.0,0.0,0,389.58,0.0,1,8.04,2.1,SPY210331P00355000,355.0,0,0.0,0.0,,0.0,normalDay
2021-03-02,8555.0,556.0,0.0,0,386.54,0.0,1,8.04,2.48,SPY210331P00355000,355.0,0,0.0,0.0,,0.0,normalDay
2021-03-03,8555.0,476.0,0.0,0,381.42,0.0,1,8.04,3.28,SPY210331P00355000,355.0,0,0.0,0.0,,0.0,normalDay
2021-03-04,8555.0,369.0,0.0,0,376.7,0.0,1,8.04,4.35,SPY210331P00355000,355.0,0,0.0,0.0,,0.0,normalDay
2021-03-05,8555.0,552.0,0.0,0,383.63,0.0,1,8.04,2.52,SPY210331P00355000,355.0,0,0.0,0.0,,0.0,normalDay
2021-03-08,8555.0,537.0,0.0,0,381.72,0.0,1,8.04,2.67,SPY210331P00355000,355.0,0,0.0,0.0,,0.0,normalDay
2021-03-09,8555.0,628.0,0.0,0,387.17,0.0,1,8.04,1.76,SPY210331P00355000,355.0,0,0.0,0.0,,0.0,normalDay
2021-03-10,8555.0,680.0,0.0,0,389.58,0.0,1,8.04,1.24,SPY210331P00355000,355.0,0,0.0,0.0,,0.0,normalDay
2021-03-11,8555.0,711.0,0.0,0,393.53,0.0,1,8.04,0.93,SPY210331P00355000,355.0,0,0.0,0.0,,0.0,normalDay
2021-03-12,8555.0,742.0,0.0,0,394.06,0.0,1,8.04,0.62,SPY210331P00355000,355.0,0,0.0,0.0,,0.0,normalDay
2021-03-15,8555.0,763.0,0.0,0,396.41,0.0,1,8.04,0.41,SPY210331P00355000,355.0,0,0.0,0.0,,0.0,normalDay
2021-03-16,8555.0,764.0,0.0,0,395.91,0.0,1,8.04,0.4,SPY210331P00355000,355.0,0,0.0,0.0,,0.0,normalDay
2021-03-17,8555.0,778.0,0.0,0,397.26,0.0,1,8.04,0.26,SPY210331P00355000,355.0,0,0.0,0.0,,0.0,normalDay
2021-03-18,8555.0,758.0,0.0,0,391.48,0.0,1,8.04,0.46,SPY210331P00355000,355.0,0,0.0,0.0,,0.0,normalDay
2021-03-19,8555.0,767.0,0.0,0,389.48,0.0,1,8.04,0.37,SPY210331P00355000,355.0,0,0.0,0.0,,0.0,normalDay
2021-03-22,8555.0,792.0,0.0,0,392.59,0.0,1,8.04,0.12,SPY210331P00355000,355.0,0,0.0,0.0,,0.0,normalDay
2021-03-23,8555.0,785.0,0.0,0,389.5,0.0,1,8.04,0.19,SPY210331P00355000,355.0,0,0.0,0.0,,0.0,normalDay
2021-03-24,8555.0,787.0,0.0,0,387.52,0.0,1,8.04,0.17,SPY210331P00355000,355.0,0,0.0,0.0,,0.0,normalDay
2021-03-25,8555.0,796.0,0.0,0,389.7,0.0,1,8.04,0.08,SPY210331P00355000,355.0,0,0.0,0.0,,0.0,normalDay
2021-03-26,8555.0,800.0,0.0,0,395.98,0.0,1,8.04,0.04,SPY210331P00355000,355.0,0,0.0,0.0,,0.0,normalDay
2021-03-29,8555.0,802.0,0.0,0,395.78,0.0,1,8.04,0.02,SPY210331P00355000,355.0,0,0.0,0.0,,0.0,normalDay
2021-03-30,8555.0,803.0,0.0,0,394.73,0.0,1,8.04,0.01,SPY210331P00355000,355.0,0,0.0,0.0,,0.0,normalDay
2021-03-31,9359.0,0.0,804.0,0,396.33,0.0,1,8.04,0.0,SPY210331P00355000,355.0,0,0.0,0.0,,0.0,expirationDay
2021-04-01,9359.0,-4.0,0.0,0,400.61,0.0,1,5.17,5.21,SPY210618P00374000,374.0,0,0.0,0.0,,0.0,normalDay
2021-04-05,9359.0,94.0,0.0,0,406.36,0.0,1,5.17,4.23,SPY210618P00374000,374.0,0,0.0,0.0,,0.0,normalDay
2021-04-06,9359.0,86.0,0.0,0,406.12,0.0,1,5.17,4.31,SPY210618P00374000,374.0,0,0.0,0.0,,0.0,normalDay
2021-04-07,9359.0,118.0,0.0,0,406.59,0.0,1,5.17,3.99,SPY210618P00374000,374.0,0,0.0,0.0,,0.0,normalDay
2021-04-08,9359.0,143.0,0.0,0,408.52,0.0,1,5.17,3.74,SPY210618P00374000,374.0,0,0.0,0.0,,0.0,normalDay
2021-04-09,9359.0,167.0,0.0,0,411.49,0.0,1,5.17,3.5,SPY210618P00374000,374.0,0,0.0,0.0,,0.0,normalDay
2021-04-12,9359.0,187.0,0.0,0,411.64,0.0,1,5.17,3.3,SPY210618P00374000,374.0,0,0.0,0.0,,0.0,normalDay
2021-04-13,9359.0,214.0,0.0,0,412.86,0.0,1,5.17,3.03,SPY210618P00374000,374.0,0,0.0,0.0,,0.0,normalDay
2021-04-14,9359.0,199.0,0.0,0,411.45,0.0,1,5.17,3.18,SPY210618P00374000,374.0,0,0.0,0.0,,0.0,normalDay
2021-04-15,9359.0,246.0,0.0,0,415.87,0.0,1,5.17,2.71,SPY210618P00374000,374.0,0,0.0,0.0,,0.0,normalDay
2021-04-16,9359.0,263.0,0.0,0,417.26,0.0,1,5.17,2.54,SPY210618P00374000,374.0,0,0.0,0.0,,0.0,normalDay
2021-04-19,9359.0,236.0,0.0,0,415.21,0.0,1,5.17,2.81,SPY210618P00374000,374.0,0,0.0,0.0,,0.0,normalDay
2021-04-20,9359.0,180.0,0.0,0,412.17,0.0,1,5.17,3.37,SPY210618P00374000,374.0,0,0.0,0.0,,0.0,normalDay
2021-04-21,9359.0,254.0,0.0,0,416.07,0.0,1,5.17,2.63,SPY210618P00374000,374.0,0,0.0,0.0,,0.0,normalDay
2021-04-22,9359.0,192.0,0.0,0,412.27,0.0,1,5.17,3.25,SPY210618P00374000,374.0,0,0.0,0.0,,0.0,normalDay
2021-04-23,9359.0,273.0,0.0,0,416.74,0.0,1,5.17,2.44,SPY210618P00374000,374.0,0,0.0,0.0,,0.0,normalDay
2021-04-26,9359.0,295.0,0.0,0,417.61,0.0,1,5.17,2.22,SPY210618P00374000,374.0,0,0.0,0.0,,0.0,normalDay
2021-04-27,9359.0,304.0,0.0,0,417.52,0.0,1,5.17,2.13,SPY210618P00374000,374.0,0,0.0,0.0,,0.0,normalDay
2021-04-28,9359.0,320.0,0.0,0,417.4,0.0,1,5.17,1.97,SPY210618P00374000,374.0,0,0.0,0.0,,0.0,normalDay
2021-04-29,9359.0,331.0,0.0,0,420.06,0.0,1,5.17,1.86,SPY210618P00374000,374.0,0,0.0,0.0,,0.0,normalDay
2021-04-30,9359.0,303.0,0.0,0,417.3,0.0,1,5.17,2.14,SPY210618P00374000,374.0,0,0.0,0.0,,0.0,normalDay
2021-05-03,9359.0,328.0,0.0,0,418.2,0.0,1,5.17,1.89,SPY210618P00374000,374.0,0,0.0,0.0,,0.0,normalDay
2021-05-04,9359.0,294.0,0.0,0,415.62,0.0,1,5.17,2.23,SPY210618P00374000,374.0,0,0.0,0.0,,0.0,normalDay
2021-05-05,9359.0,309.0,0.0,0,415.75,0.0,1,5.17,2.08,SPY210618P00374000,374.0,0,0.0,0.0,,0.0,normalDay
2021-05-06,9359.0,348.0,0.0,0,419.07,0.0,1,5.17,1.69,SPY210618P00374000,374.0,0,0.0,0.0,,0.0,normalDay
2021-05-07,9359.0,389.0,0.0,0,422.12,0.0,1,5.17,1.28,SPY210618P00374000,374.0,0,0.0,0.0,,0.0,normalDay
2021-05-10,9359.0,345.0,0.0,0,417.94,0.0,1,5.17,1.72,SPY210618P00374000,374.0,0,0.0,0.0,,0.0,normalDay
2021-05-11,9359.0,296.0,0.0,0,414.21,0.0,1,5.17,2.21,SPY210618P00374000,374.0,0,0.0,0.0,,0.0,normalDay
2021-05-12,9359.0,85.0,0.0,0,405.41,0.0,1,5.17,4.32,SPY210618P00374000,374.0,0,0.0,0.0,,0.0,normalDay
2021-05-13,9359.0,241.0,0.0,0,410.28,0.0,1,5.17,2.76,SPY210618P00374000,374.0,0,0.0,0.0,,0.0,normalDay
2021-05-14,9359.0,375.0,0.0,0,416.58,0.0,1,5.17,1.42,SPY210618P00374000,374.0,0,0.0,0.0,,0.0,normalDay
2021-05-17,9359.0,371.0,0.0,0,415.52,0.0,1,5.17,1.46,SPY210618P00374000,374.0,0,0.0,0.0,,0.0,normalDay
2021-05-18,9359.0,331.0,0.0,0,411.94,0.0,1,5.17,1.86,SPY210618P00374000,374.0,0,0.0,0.0,,0.0,normalDay
2021-05-19,9359.0,322.0,0.0,0,410.86,0.0,1,5.17,1.95,SPY210618P00374000,374.0,0,0.0,0.0,,0.0,normalDay
2021-05-20,9359.0,374.0,0.0,0,415.28,0.0,1,5.17,1.43,SPY210618P00374000,374.0,0,0.0,0.0,,0.0,normalDay
2021-05-21,9359.0,387.0,0.0,0,414.94,0.0,1,5.17,1.3,SPY210618P00374000,374.0,0,0.0,0.0,,0.0,normalDay
2021-05-24,9359.0,440.0,0.0,0,419.17,0.0,1,5.17,0.77,SPY210618P00374000,374.0,0,0.0,0.0,,0.0,normalDay
2021-05-25,9359.0,439.0,0.0,0,418.24,0.0,1,5.17,0.78,SPY210618P00374000,374.0,0,0.0,0.0,,0.0,normalDay
2021-05-26,9359.0,461.0,0.0,0,419.07,0.0,1,5.17,0.56,SPY210618P00374000,374.0,0,0.0,0.0,,0.0,normalDay
2021-05-27,9359.0,469.0,0.0,0,419.29,0.0,1,5.17,0.48,SPY210618P00374000,374.0,0,0.0,0.0,,0.0,normalDay
2021-05-28,9359.0,472.0,0.0,0,420.04,0.0,1,5.17,0.45,SPY210618P00374000,374.0,0,0.0,0.0,,0.0,normalDay
2021-06-01,9359.0,478.0,0.0,0,419.67,0.0,1,5.17,0.39,SPY210618P00374000,374.0,0,0.0,0.0,,0.0,normalDay
2021-06-02,9359.0,487.0,0.0,0,420.33,0.0,1,5.17,0.3,SPY210618P00374000,374.0,0,0.0,0.0,,0.0,normalDay
2021-06-03,9359.0,487.0,0.0,0,418.77,0.0,1,5.17,0.3,SPY210618P00374000,374.0,0,0.0,0.0,,0.0,normalDay
2021-06-04,9359.0,498.0,0.0,0,422.6,0.0,1,5.17,0.19,SPY210618P00374000,374.0,0,0.0,0.0,,0.0,normalDay
2021-06-07,9359.0,503.0,0.0,0,422.19,0.0,1,5.17,0.14,SPY210618P00374000,374.0,0,0.0,0.0,,0.0,normalDay
2021-06-08,9359.0,501.0,0.0,0,422.28,0.0,1,5.17,0.16,SPY210618P00374000,374.0,0,0.0,0.0,,0.0,normalDay
2021-06-09,9359.0,498.0,0.0,0,421.65,0.0,1,5.17,0.19,SPY210618P00374000,374.0,0,0.0,0.0,,0.0,normalDay
2021-06-10,9359.0,506.0,0.0,0,423.61,0.0,1,5.17,0.11,SPY210618P00374000,374.0,0,0.0,0.0,,0.0,normalDay
2021-06-11,9359.0,509.0,0.0,0,424.31,0.0,1,5.17,0.08,SPY210618P00374000,374.0,0,0.0,0.0,,0.0,normalDay
2021-06-14,9359.0,512.0,0.0,0,425.26,0.0,1,5.17,0.05,SPY210618P00374000,374.0,0,0.0,0.0,,0.0,normalDay
2021-06-15,9359.0,512.0,0.0,0,424.48,0.0,1,5.17,0.05,SPY210618P00374000,374.0,0,0.0,0.0,,0.0,normalDay
2021-06-16,9359.0,511.0,0.0,0,422.11,0.0,1,5.17,0.06,SPY210618P00374000,374.0,0,0.0,0.0,,0.0,normalDay
2021-06-17,9359.0,514.0,0.0,0,421.97,0.0,1,5.17,0.03,SPY210618P00374000,374.0,0,0.0,0.0,,0.0,normalDay
2021-06-18,9876.0,0.0,517.0,0,414.92,0.0,1,5.17,0.0,SPY210618P00374000,374.0,0,0.0,0.0,,0.0,expirationDay
2021-06-21,9876.0,-4.0,0.0,0,420.86,0.0,1,7.06,7.1,SPY210820P00412000,412.0,0,0.0,0.0,,0.0,normalDay
2021-06-22,9876.0,95.0,0.0,0,423.11,0.0,1,7.06,6.11,SPY210820P00412000,412.0,0,0.0,0.0,,0.0,normalDay
2021-06-23,9876.0,115.0,0.0,0,422.6,0.0,1,7.06,5.91,SPY210820P00412000,412.0,0,0.0,0.0,,0.0,normalDay
2021-06-24,9876.0,190.0,0.0,0,425.1,0.0,1,7.06,5.16,SPY210820P00412000,412.0,0,0.0,0.0,,0.0,normalDay
2021-06-25,9876.0,249.0,0.0,0,426.61,0.0,1,7.06,4.57,SPY210820P00412000,412.0,0,0.0,0.0,,0.0,normalDay
2021-06-28,9876.0,279.0,0.0,0,427.47,0.0,1,7.06,4.27,SPY210820P00412000,412.0,0,0.0,0.0,,0.0,normalDay
2021-06-29,9876.0,286.0,0.0,0,427.7,0.0,1,7.06,4.2,SPY210820P00412000,412.0,0,0.0,0.0,,0.0,normalDay
2021-06-30,9876.0,306.0,0.0,0,428.06,0.0,1,7.06,4.0,SPY210820P00412000,412.0,0,0.0,0.0,,0.0,normalDay
2021-07-01,9876.0,344.0,0.0,0,430.43,0.0,1,7.06,3.62,SPY210820P00412000,412.0,0,0.0,0.0,,0.0,normalDay
2021-07-02,9876.0,398.0,0.0,0,433.72,0.0,1,7.06,3.08,SPY210820P00412000,412.0,0,0.0,0.0,,0.0,normalDay
2021-07-06,9876.0,377.0,0.0,0,432.93,0.0,1,7.06,3.29,SPY210820P00412000,412.0,0,0.0,0.0,,0.0,normalDay
2021-07-07,9876.0,401.0,0.0,0,434.46,0.0,1,7.06,3.05,SPY210820P00412000,412.0,0,0.0,0.0,,0.0,normalDay
2021-07-08,9876.0,286.0,0.0,0,430.92,0.0,1,7.06,4.2,SPY210820P00412000,412.0,0,0.0,0.0,,0.0,normalDay
2021-07-09,9876.0,429.0,0.0,0,435.52,0.0,1,7.06,2.77,SPY210820P00412000,412.0,0,0.0,0.0,,0.0,normalDay
2021-07-12,9876.0,464.0,0.0,0,437.08,0.0,1,7.06,2.42,SPY210820P00412000,412.0,0,0.0,0.0,,0.0,normalDay
2021-07-13,9876.0,422.0,0.0,0,435.59,0.0,1,7.06,2.84,SPY210820P00412000,412.0,0,0.0,0.0,,0.0,normalDay
2021-07-14,9876.0,464.0,0.0,0,436.24,0.0,1,7.06,2.42,SPY210820P00412000,412.0,0,0.0,0.0,,0.0,normalDay
2021-07-15,9876.0,435.0,0.0,0,434.75,0.0,1,7.06,2.71,SPY210820P00412000,412.0,0,0.0,0.0,,0.0,normalDay
2021-07-16,9876.0,369.0,0.0,0,431.34,0.0,1,7.06,3.37,SPY210820P00412000,412.0,0,0.0,0.0,,0.0,normalDay
2021-07-19,9876.0,176.0,0.0,0,424.97,0.0,1,7.06,5.3,SPY210820P00412000,412.0,0,0.0,0.0,,0.0,normalDay
2021-07-20,9876.0,356.0,0.0,0,431.06,0.0,1,7.06,3.5,SPY210820P00412000,412.0,0,0.0,0.0,,0.0,normalDay
2021-07-21,9876.0,466.0,0.0,0,434.55,0.0,1,7.06,2.4,SPY210820P00412000,412.0,0,0.0,0.0,,0.0,normalDay
2021-07-22,9876.0,488.0,0.0,0,435.46,0.0,1,7.06,2.18,SPY210820P00412000,412.0,0,0.0,0.0,,0.0,normalDay
2021-07-23,9876.0,543.0,0.0,0,439.94,0.0,1,7.06,1.63,SPY210820P00412000,412.0,0,0.0,0.0,,0.0,normalDay
2021-07-26,9876.0,574.0,0.0,0,441.02,0.0,1,7.06,1.32,SPY210820P00412000,412.0,0,0.0,0.0,,0.0,normalDay
2021-07-27,9876.0,531.0,0.0,0,439.01,0.0,1,7.06,1.75,SPY210820P00412000,412.0,0,0.0,0.0,,0.0,normalDay
2021-07-28,9876.0,560.0,0.0,0,438.83,0.0,1,7.06,1.46,SPY210820P00412000,412.0,0,0.0,0.0,,0.0,normalDay
2021-07-29,9876.0,596.0,0.0,0,440.65,0.0,1,7.06,1.1,SPY210820P00412000,412.0,0,0.0,0.0,,0.0,normalDay
2021-07-30,9876.0,581.0,0.0,0,438.51,0.0,1,7.06,1.25,SPY210820P00412000,412.0,0,0.0,0.0,,0.0,normalDay
2021-08-02,9876.0,579.0,0.0,0,437.59,0.0,1,7.06,1.27,SPY210820P00412000,412.0,0,0.0,0.0,,0.0,normalDay
2021-08-03,9876.0,632.0,0.0,0,441.15,0.0,1,7.06,0.74,SPY210820P00412000,412.0,0,0.0,0.0,,0.0,normalDay
2021-08-04,9876.0,632.0,0.0,0,438.98,0.0,1,7.06,0.74,SPY210820P00412000,412.0,0,0.0,0.0,,0.0,normalDay
2021-08-05,9876.0,653.0,0.0,0,441.76,0.0,1,7.06,0.53,SPY210820P00412000,412.0,0,0.0,0.0,,0.0,normalDay
2021-08-06,9876.0,675.0,0.0,0,442.49,0.0,1,7.06,0.31,SPY210820P00412000,412.0,0,0.0,0.0,,0.0,normalDay
2021-08-09,9876.0,680.0,0.0,0,442.13,0.0,1,7.06,0.26,SPY210820P00412000,412.0,0,0.0,0.0,,0.0,normalDay
2021-08-10,9876.0,680.0,0.0,0,442.68,0.0,1,7.06,0.26,SPY210820P00412000,412.0,0,0.0,0.0,,0.0,normalDay
2021-08-11,9876.0,692.0,0.0,0,443.78,0.0,1,7.06,0.14,SPY210820P00412000,412.0,0,0.0,0.0,,0.0,normalDay
2021-08-12,9876.0,694.0,0.0,0,445.11,0.0,1,7.06,0.12,SPY210820P00412000,412.0,0,0.0,0.0,,0.0,normalDay
2021-08-13,9876.0,696.0,0.0,0,445.92,0.0,1,7.06,0.1,SPY210820P00412000,412.0,0,0.0,0.0,,0.0,normalDay
2021-08-16,9876.0,700.0,0.0,0,446.97,0.0,1,7.06,0.06,SPY210820P00412000,412.0,0,0.0,0.0,,0.0,normalDay
2021-08-17,9876.0,698.0,0.0,0,444.04,0.0,1,7.06,0.08,SPY210820P00412000,412.0,0,0.0,0.0,,0.0,normalDay
2021-08-18,9876.0,686.0,0.0,0,439.18,0.0,1,7.06,0.2,SPY210820P00412000,412.0,0,0.0,0.0,,0.0,normalDay
2021-08-19,9876.0,701.0,0.0,0,439.86,0.0,1,7.06,0.05,SPY210820P00412000,412.0,0,0.0,0.0,,0.0,normalDay
2021-08-20,10582.0,0.0,706.0,0,443.36,0.0,1,7.06,0.0,SPY210820P00412000,412.0,0,0.0,0.0,,0.0,expirationDay
2021-08-23,10582.0,-4.0,0.0,0,447.26,0.0,1,5.57,5.61,SPY211015P00431000,431.0,0,0.0,0.0,,0.0,normalDay
2021-08-24,10582.0,14.0,0.0,0,447.97,0.0,1,5.57,5.43,SPY211015P00431000,431.0,0,0.0,0.0,,0.0,normalDay
2021-08-25,10582.0,63.0,0.0,0,448.91,0.0,1,5.57,4.94,SPY211015P00431000,431.0,0,0.0,0.0,,0.0,normalDay
2021-08-26,10582.0,-38.0,0.0,0,446.26,0.0,1,5.57,5.95,SPY211015P00431000,431.0,0,0.0,0.0,,0.0,normalDay
2021-08-27,10582.0,116.0,0.0,0,450.25,0.0,1,5.57,4.41,SPY211015P00431000,431.0,0,0.0,0.0,,0.0,normalDay
2021-08-30,10582.0,167.0,0.0,0,452.23,0.0,1,5.57,3.9,SPY211015P00431000,431.0,0,0.0,0.0,,0.0,normalDay
2021-08-31,10582.0,168.0,0.0,0,451.56,0.0,1,5.57,3.89,SPY211015P00431000,431.0,0,0.0,0.0,,0.0,normalDay
2021-09-01,10582.0,195.0,0.0,0,451.8,0.0,1,5.57,3.62,SPY211015P00431000,431.0,0,0.0,0.0,,0.0,normalDay
2021-09-02,10582.0,217.0,0.0,0,453.19,0.0,1,5.57,3.4,SPY211015P00431000,431.0,0,0.0,0.0,,0.0,normalDay
2021-09-03,10582.0,218.0,0.0,0,453.08,0.0,1,5.57,3.39,SPY211015P00431000,431.0,0,0.0,0.0,,0.0,normalDay
2021-09-07,10582.0,185.0,0.0,0,451.46,0.0,1,5.57,3.72,SPY211015P00431000,431.0,0,0.0,0.0,,0.0,normalDay
2021-09-08,10582.0,188.0,0.0,0,450.91,0.0,1,5.57,3.69,SPY211015P00431000,431.0,0,0.0,0.0,,0.0,normalDay
2021-09-09,10582.0,134.0,0.0,0,448.98,0.0,1,5.57,4.23,SPY211015P00431000,431.0,0,0.0,0.0,,0.0,normalDay
2021-09-10,10582.0,44.0,0.0,0,445.44,0.0,1,5.57,5.13,SPY211015P00431000,431.0,0,0.0,0.0,,0.0,normalDay
2021-09-13,10582.0,137.0,0.0,0,446.58,0.0,1,5.57,4.2,SPY211015P00431000,431.0,0,0.0,0.0,,0.0,normalDay
2021-09-14,10582.0,87.0,0.0,0,444.17,0.0,1,5.57,4.7,SPY211015P00431000,431.0,0,0.0,0.0,,0.0,normalDay
2021-09-15,10582.0,212.0,0.0,0,447.88,0.0,1,5.57,3.45,SPY211015P00431000,431.0,0,0.0,0.0,,0.0,normalDay
2021-09-16,10582.0,193.0,0.0,0,447.17,0.0,1,5.57,3.64,SPY211015P00431000,431.0,0,0.0,0.0,,0.0,normalDay
2021-09-17,10582.0,59.0,0.0,0,441.4,0.0,1,5.57,4.98,SPY211015P00431000,431.0,0,0.0,0.0,,0.0,normalDay
2021-09-20,10582.0,-259.0,0.0,0,434.04,0.0,1,5.57,8.16,SPY211015P00431000,431.0,0,0.0,0.0,,0.0,normalDay
2021-09-21,10582.0,-232.0,0.0,0,433.63,0.0,1,5.57,7.89,SPY211015P00431000,431.0,0,0.0,0.0,,0.0,normalDay
2021-09-22,10582.0,41.0,0.0,0,437.86,0.0,1,5.57,5.16,SPY211015P00431000,431.0,0,0.0,0.0,,0.0,normalDay
2021-09-23,10582.0,241.0,0.0,0,443.18,0.0,1,5.57,3.16,SPY211015P00431000,431.0,0,0.0,0.0,,0.0,normalDay
2021-09-24,10582.0,287.0,0.0,0,443.91,0.0,1,5.57,2.7,SPY211015P00431000,431.0,0,0.0,0.0,,0.0,normalDay
2021-09-27,10582.0,276.0,0.0,0,442.64,0.0,1,5.57,2.81,SPY211015P00431000,431.0,0,0.0,0.0,,0.0,normalDay
2021-09-28,10582.0,-59.0,0.0,0,433.72,0.0,1,5.57,6.16,SPY211015P00431000,431.0,0,0.0,0.0,,0.0,normalDay
2021-09-29,10582.0,2.0,0.0,0,434.45,0.0,1,5.57,5.55,SPY211015P00431000,431.0,0,0.0,0.0,,0.0,normalDay
2021-09-30,10582.0,-192.0,0.0,0,429.14,0.0,1,5.57,7.49,SPY211015P00431000,431.0,0,0.0,0.0,,0.0,normalDay
2021-10-01,10582.0,78.0,0.0,0,434.24,0.0,1,5.57,4.79,SPY211015P00431000,431.0,0,0.0,0.0,,0.0,normalDay
2021-10-04,10582.0,-146.0,0.0,0,428.64,0.0,1,5.57,7.03,SPY211015P00431000,431.0,0,0.0,0.0,,0.0,normalDay
2021-10-05,10582.0,113.0,0.0,0,433.1,0.0,1,5.57,4.44,SPY211015P00431000,431.0,0,0.0,0.0,,0.0,normalDay
2021-10-06,10582.0,197.0,0.0,0,434.9,0.0,1,5.57,3.6,SPY211015P00431000,431.0,0,0.0,0.0,,0.0,normalDay
2021-10-07,10582.0,359.0,0.0,0,438.66,0.0,1,5.57,1.98,SPY211015P00431000,431.0,0,0.0,0.0,,0.0,normalDay
2021-10-08,10582.0,376.0,0.0,0,437.86,0.0,1,5.57,1.81,SPY211015P00431000,431.0,0,0.0,0.0,,0.0,normalDay
2021-10-11,10582.0,320.0,0.0,0,434.69,0.0,1,5.57,2.37,SPY211015P00431000,431.0,0,0.0,0.0,,0.0,normalDay
2021-10-12,10582.0,323.0,0.0,0,433.62,0.0,1,5.57,2.34,SPY211015P00431000,431.0,0,0.0,0.0,,0.0,normalDay
2021-10-13,10582.0,469.0,0.0,0,435.18,0.0,1,5.57,0.88,SPY211015P00431000,431.0,0,0.0,0.0,,0.0,normalDay
2021-10-14,10582.0,549.0,0.0,0,442.5,0.0,1,5.57,0.08,SPY211015P00431000,431.0,0,0.0,0.0,,0.0,normalDay
2021-10-15,11139.0,0.0,557.0,0,445.87,0.0,1,5.57,0.0,SPY211015P00431000,431.0,0,0.0,0.0,,0.0,expirationDay
2021-10-18,11139.0,-4.0,0.0,0,447.19,0.0,1,5.48,5.52,SPY211231P00418000,418.0,0,0.0,0.0,,0.0,normalDay
2021-10-19,11139.0,73.0,0.0,0,450.64,0.0,1,5.48,4.75,SPY211231P00418000,418.0,0,0.0,0.0,,0.0,normalDay
2021-10-20,11139.0,95.0,0.0,0,452.41,0.0,1,5.48,4.53,SPY211231P00418000,418.0,0,0.0,0.0,,0.0,normalDay
2021-10-21,11139.0,131.0,0.0,0,453.59,0.0,1,5.48,4.17,SPY211231P00418000,418.0,0,0.0,0.0,,0.0,normalDay
2021-10-22,11139.0,101.0,0.0,0,453.12,0.0,1,5.48,4.47,SPY211231P00418000,418.0,0,0.0,0.0,,0.0,normalDay
2021-10-25,11139.0,160.0,0.0,0,455.55,0.0,1,5.48,3.88,SPY211231P00418000,418.0,0,0.0,0.0,,0.0,normalDay
2021-10-26,11139.0,160.0,0.0,0,455.96,0.0,1,5.48,3.88,SPY211231P00418000,418.0,0,0.0,0.0,,0.0,normalDay
2021-10-27,11139.0,106.0,0.0,0,453.94,0.0,1,5.48,4.42,SPY211231P00418000,418.0,0,0.0,0.0,,0.0,normalDay
2021-10-28,11139.0,178.0,0.0,0,458.32,0.0,1,5.48,3.7,SPY211231P00418000,418.0,0,0.0,0.0,,0.0,normalDay
2021-10-29,11139.0,196.0,0.0,0,459.25,0.0,1,5.48,3.52,SPY211231P00418000,418.0,0,0.0,0.0,,0.0,normalDay
2021-11-01,11139.0,223.0,0.0,0,460.04,0.0,1,5.48,3.25,SPY211231P00418000,418.0,0,0.0,0.0,,0.0,normalDay
2021-11-02,11139.0,253.0,0.0,0,461.9,0.0,1,5.48,2.95,SPY211231P00418000,418.0,0,0.0,0.0,,0.0,normalDay
2021-11-03,11139.0,305.0,0.0,0,464.72,0.0,1,5.48,2.43,SPY211231P00418000,418.0,0,0.0,0.0,,0.0,normalDay
2021-11-04,11139.0,324.0,0.0,0,466.91,0.0,1,5.48,2.24,SPY211231P00418000,418.0,0,0.0,0.0,,0.0,normalDay
2021-11-05,11139.0,320.0,0.0,0,468.53,0.0,1,5.48,2.28,SPY211231P00418000,418.0,0,0.0,0.0,,0.0,normalDay
2021-11-08,11139.0,320.0,0.0,0,468.93,0.0,1,5.48,2.28,SPY211231P00418000,418.0,0,0.0,0.0,,0.0,normalDay
2021-11-09,11139.0,307.0,0.0,0,467.38,0.0,1,5.48,2.41,SPY211231P00418000,418.0,0,0.0,0.0,,0.0,normalDay
2021-11-10,11139.0,272.0,0.0,0,463.62,0.0,1,5.48,2.76,SPY211231P00418000,418.0,0,0.0,0.0,,0.0,normalDay
2021-11-11,11139.0,312.0,0.0,0,463.77,0.0,1,5.48,2.36,SPY211231P00418000,418.0,0,0.0,0.0,,0.0,normalDay
2021-11-12,11139.0,357.0,0.0,0,467.27,0.0,1,5.48,1.91,SPY211231P00418000,418.0,0,0.0,0.0,,0.0,normalDay
2021-11-15,11139.0,368.0,0.0,0,467.43,0.0,1,5.48,1.8,SPY211231P00418000,418.0,0,0.0,0.0,,0.0,normalDay
2021-11-16,11139.0,385.0,0.0,0,469.28,0.0,1,5.48,1.63,SPY211231P00418000,418.0,0,0.0,0.0,,0.0,normalDay
2021-11-17,11139.0,371.0,0.0,0,468.14,0.0,1,5.48,1.77,SPY211231P00418000,418.0,0,0.0,0.0,,0.0,normalDay
2021-11-18,11139.0,377.0,0.0,0,469.73,0.0,1,5.48,1.71,SPY211231P00418000,418.0,0,0.0,0.0,,0.0,normalDay
2021-11-19,11139.0,373.0,0.0,0,468.89,0.0,1,5.48,1.75,SPY211231P00418000,418.0,0,0.0,0.0,,0.0,normalDay
2021-11-22,11139.0,362.0,0.0,0,467.57,0.0,1,5.48,1.86,SPY211231P00418000,418.0,0,0.0,0.0,,0.0,normalDay
2021-11-23,11139.0,379.0,0.0,0,468.19,0.0,1,5.48,1.69,SPY211231P00418000,418.0,0,0.0,0.0,,0.0,normalDay
2021-11-24,11139.0,403.0,0.0,0,469.44,0.0,1,5.48,1.45,SPY211231P00418000,418.0,0,0.0,0.0,,0.0,normalDay
2021-11-26,11139.0,60.0,0.0,0,458.97,0.0,1,5.48,4.88,SPY211231P00418000,418.0,0,0.0,0.0,,0.0,normalDay
2021-11-29,11139.0,333.0,0.0,0,464.6,0.0,1,5.48,2.15,SPY211231P00418000,418.0,0,0.0,0.0,,0.0,normalDay
2021-11-30,11139.0,204.0,0.0,0,455.56,0.0,1,5.48,3.44,SPY211231P00418000,418.0,0,0.0,0.0,,0.0,normalDay
2021-12-01,11139.0,21.0,0.0,0,450.5,0.0,1,5.48,5.27,SPY211231P00418000,418.0,0,0.0,0.0,,0.0,normalDay
2021-12-02,11139.0,203.0,0.0,0,457.4,0.0,1,5.48,3.45,SPY211231P00418000,418.0,0,0.0,0.0,,0.0,normalDay
2021-12-03,11139.0,110.0,0.0,0,453.42,0.0,1,5.48,4.38,SPY211231P00418000,418.0,0,0.0,0.0,,0.0,normalDay
2021-12-06,11139.0,277.0,0.0,0,458.79,0.0,1,5.48,2.71,SPY211231P00418000,418.0,0,0.0,0.0,,0.0,normalDay
2021-12-07,11139.0,428.0,0.0,0,468.28,0.0,1,5.48,1.2,SPY211231P00418000,418.0,0,0.0,0.0,,0.0,normalDay
2021-12-08,11139.0,472.0,0.0,0,469.52,0.0,1,5.48,0.76,SPY211231P00418000,418.0,0,0.0,0.0,,0.0,normalDay
2021-12-09,11139.0,445.0,0.0,0,466.35,0.0,1,5.48,1.03,SPY211231P00418000,418.0,0,0.0,0.0,,0.0,normalDay
2021-12-10,11139.0,492.0,0.0,0,470.74,0.0,1,5.48,0.56,SPY211231P00418000,418.0,0,0.0,0.0,,0.0,normalDay
2021-12-13,11139.0,489.0,0.0,0,466.57,0.0,1,5.48,0.59,SPY211231P00418000,418.0,0,0.0,0.0,,0.0,normalDay
2021-12-14,11139.0,476.0,0.0,0,463.36,0.0,1,5.48,0.72,SPY211231P00418000,418.0,0,0.0,0.0,,0.0,normalDay
2021-12-15,11139.0,511.0,0.0,0,470.6,0.0,1,5.48,0.37,SPY211231P00418000,418.0,0,0.0,0.0,,0.0,normalDay
2021-12-16,11139.0,500.0,0.0,0,466.45,0.0,1,5.48,0.48,SPY211231P00418000,418.0,0,0.0,0.0,,0.0,normalDay
2021-12-17,11139.0,498.0,0.0,0,459.87,0.0,1,5.48,0.5,SPY211231P00418000,418.0,0,0.0,0.0,,0.0,normalDay
2021-12-20,11139.0,499.0,0.0,0,454.98,0.0,1,5.48,0.49,SPY211231P00418000,418.0,0,0.0,0.0,,0.0,normalDay
2021-12-21,11139.0,524.0,0.0,0,463.06,0.0,1,5.48,0.24,SPY211231P00418000,418.0,0,0.0,0.0,,0.0,normalDay
2021-12-22,11139.0,539.0,0.0,0,467.69,0.0,1,5.48,0.09,SPY211231P00418000,418.0,0,0.0,0.0,,0.0,normalDay
2021-12-23,11139.0,542.0,0.0,0,470.6,0.0,1,5.48,0.06,SPY211231P00418000,418.0,0,0.0,0.0,,0.0,normalDay
2021-12-27,11139.0,546.0,0.0,0,477.26,0.0,1,5.48,0.02,SPY211231P00418000,418.0,0,0.0,0.0,,0.0,normalDay
2021-12-28,11139.0,546.0,0.0,0,476.87,0.0,1,5.48,0.02,SPY211231P00418000,418.0,0,0.0,0.0,,0.0,normalDay
2021-12-29,11139.0,547.0,0.0,0,477.48,0.0,1,5.48,0.01,SPY211231P00418000,418.0,0,0.0,0.0,,0.0,normalDay
2021-12-30,11139.0,547.0,0.0,0,476.16,0.0,1,5.48,0.01,SPY211231P00418000,418.0,0,0.0,0.0,,0.0,normalDay
2021-12-31,11687.0,0.0,548.0,0,474.96,0.0,1,5.48,0.0,SPY211231P00418000,418.0,0,0.0,0.0,,0.0,expirationDay
2022-01-03,11687.0,-6.0,0.0,0,477.71,0.0,1,6.77,6.83,SPY220331P00444000,444.0,0,0.0,0.0,,0.0,normalDay
2022-01-04,11687.0,-17.0,0.0,0,477.55,0.0,1,6.77,6.94,SPY220331P00444000,444.0,0,0.0,0.0,,0.0,normalDay
2022-01-05,11687.0,-266.0,0.0,0,468.38,0.0,1,6.77,9.43,SPY220331P00444000,444.0,0,0.0,0.0,,0.0,normalDay
2022-01-06,11687.0,-262.0,0.0,0,467.94,0.0,1,6.77,9.39,SPY220331P00444000,444.0,0,0.0,0.0,,0.0,normalDay
2022-01-07,11687.0,-239.0,0.0,0,466.09,0.0,1,6.77,9.16,SPY220331P00444000,444.0,0,0.0,0.0,,0.0,normalDay
2022-01-10,11687.0,-232.0,0.0,0,465.51,0.0,1,6.77,9.09,SPY220331P00444000,444.0,0,0.0,0.0,,0.0,normalDay
2022-01-11,11687.0,-101.0,0.0,0,469.75,0.0,1,6.77,7.78,SPY220331P00444000,444.0,0,0.0,0.0,,0.0,normalDay
2022-01-12,11687.0,-41.0,0.0,0,471.02,0.0,1,6.77,7.18,SPY220331P00444000,444.0,0,0.0,0.0,,0.0,normalDay
2022-01-13,11687.0,-278.0,0.0,0,464.53,0.0,1,6.77,9.55,SPY220331P00444000,444.0,0,0.0,0.0,,0.0,normalDay
2022-01-14,11687.0,-216.0,0.0,0,464.72,0.0,1,6.77,8.93,SPY220331P00444000,444.0,0,0.0,0.0,,0.0,normalDay
2022-01-18,11687.0,-539.0,0.0,0,456.49,0.0,1,6.77,12.16,SPY220331P00444000,444.0,0,0.0,0.0,,0.0,normalDay
2022-01-19,11687.0,-678.0,0.0,0,451.75,0.0,1,6.77,13.55,SPY220331P00444000,444.0,0,0.0,0.0,,0.0,normalDay
2022-01-20,11687.0,-935.0,0.0,0,446.75,0.0,1,6.77,16.12,SPY220331P00444000,444.0,0,0.0,0.0,,0.0,normalDay
2022-01-21,11687.0,-1416.0,0.0,0,437.98,0.0,1,6.77,20.93,SPY220331P00444000,444.0,0,0.0,0.0,,0.0,normalDay
2022-01-24,11687.0,-1380.0,0.0,0,439.84,0.0,1,6.77,20.57,SPY220331P00444000,444.0,0,0.0,0.0,,0.0,normalDay
2022-01-25,11687.0,-1721.0,0.0,0,434.47,0.0,1,6.77,23.98,SPY220331P00444000,444.0,0,0.0,0.0,,0.0,normalDay
2022-01-26,11687.0,-1723.0,0.0,0,433.38,0.0,1,6.77,24.0,SPY220331P00444000,444.0,0,0.0,0.0,,0.0,normalDay
2022-01-27,11687.0,-1711.0,0.0,0,431.24,0.0,1,6.77,23.88,SPY220331P00444000,444.0,0,0.0,0.0,,0.0,normalDay
2022-01-28,11687.0,-1067.0,0.0,0,441.95,0.0,1,6.77,17.44,SPY220331P00444000,444.0,0,0.0,0.0,,0.0,normalDay
2022-01-31,11687.0,-667.0,0.0,0,449.91,0.0,1,6.77,13.44,SPY220331P00444000,444.0,0,0.0,0.0,,0.0,normalDay
2022-02-01,11687.0,-401.0,0.0,0,452.95,0.0,1,6.77,10.78,SPY220331P00444000,444.0,0,0.0,0.0,,0.0,normalDay
2022-02-02,11687.0,-331.0,0.0,0,457.35,0.0,1,6.77,10.08,SPY220331P00444000,444.0,0,0.0,0.0,,0.0,normalDay
2022-02-03,11687.0,-622.0,0.0,0,446.6,0.0,1,6.77,12.99,SPY220331P00444000,444.0,0,0.0,0.0,,0.0,normalDay
2022-02-04,11687.0,-649.0,0.0,0,448.7,0.0,1,6.77,13.26,SPY220331P00444000,444.0,0,0.0,0.0,,0.0,normalDay
2022-02-07,11687.0,-599.0,0.0,0,447.26,0.0,1,6.77,12.76,SPY220331P00444000,444.0,0,0.0,0.0,,0.0,normalDay
2022-02-08,11687.0,-383.0,0.0,0,450.94,0.0,1,6.77,10.6,SPY220331P00444000,444.0,0,0.0,0.0,,0.0,normalDay
2022-02-09,11687.0,-145.0,0.0,0,457.54,0.0,1,6.77,8.22,SPY220331P00444000,444.0,0,0.0,0.0,,0.0,normalDay
2022-02-10,11687.0,-542.0,0.0,0,449.32,0.0,1,6.77,12.19,SPY220331P00444000,444.0,0,0.0,0.0,,0.0,normalDay
2022-02-11,11687.0,-1007.0,0.0,0,440.46,0.0,1,6.77,16.84,SPY220331P00444000,444.0,0,0.0,0.0,,0.0,normalDay
2022-02-14,11687.0,-1028.0,0.0,0,439.02,0.0,1,6.77,17.05,SPY220331P00444000,444.0,0,0.0,0.0,,0.0,normalDay
2022-02-15,11687.0,-660.0,0.0,0,446.1,0.0,1,6.77,13.37,SPY220331P00444000,444.0,0,0.0,0.0,,0.0,normalDay
2022-02-16,11687.0,-530.0,0.0,0,446.6,0.0,1,6.77,12.07,SPY220331P00444000,444.0,0,0.0,0.0,,0.0,normalDay
2022-02-17,11687.0,-1070.0,0.0,0,437.06,0.0,1,6.77,17.47,SPY220331P00444000,444.0,0,0.0,0.0,,0.0,normalDay
2022-02-18,11687.0,-1221.0,0.0,0,434.23,0.0,1,6.77,18.98,SPY220331P00444000,444.0,0,0.0,0.0,,0.0,normalDay
2022-02-22,11687.0,-1398.0,0.0,0,429.57,0.0,1,6.77,20.75,SPY220331P00444000,444.0,0,0.0,0.0,,0.0,normalDay
2022-02-23,11687.0,-2052.0,0.0,0,421.95,0.0,1,6.77,27.29,SPY220331P00444000,444.0,0,0.0,0.0,,0.0,normalDay
2022-02-24,11687.0,-1640.0,0.0,0,428.3,0.0,1,6.77,23.17,SPY220331P00444000,444.0,0,0.0,0.0,,0.0,normalDay
2022-02-25,11687.0,-897.0,0.0,0,437.75,0.0,1,6.77,15.74,SPY220331P00444000,444.0,0,0.0,0.0,,0.0,normalDay
2022-02-28,11687.0,-997.0,0.0,0,436.63,0.0,1,6.77,16.74,SPY220331P00444000,444.0,0,0.0,0.0,,0.0,normalDay
2022-03-01,11687.0,-1465.0,0.0,0,429.98,0.0,1,6.77,21.42,SPY220331P00444000,444.0,0,0.0,0.0,,0.0,normalDay
2022-03-02,11687.0,-957.0,0.0,0,437.89,0.0,1,6.77,16.34,SPY220331P00444000,444.0,0,0.0,0.0,,0.0,normalDay
2022-03-03,11687.0,-1025.0,0.0,0,435.71,0.0,1,6.77,17.02,SPY220331P00444000,444.0,0,0.0,0.0,,0.0,normalDay
2022-03-04,11687.0,-1285.0,0.0,0,432.17,0.0,1,6.77,19.62,SPY220331P00444000,444.0,0,0.0,0.0,,0.0,normalDay
2022-03-07,11687.0,-2270.0,0.0,0,419.43,0.0,1,6.77,29.47,SPY220331P00444000,444.0,0,0.0,0.0,,0.0,normalDay
2022-03-08,11687.0,-2524.0,0.0,0,416.25,0.0,1,6.77,32.01,SPY220331P00444000,444.0,0,0.0,0.0,,0.0,normalDay
2022-03-09,11687.0,-1476.0,0.0,0,427.41,0.0,1,6.77,21.53,SPY220331P00444000,444.0,0,0.0,0.0,,0.0,normalDay
2022-03-10,11687.0,-1584.0,0.0,0,425.48,0.0,1,6.77,22.61,SPY220331P00444000,444.0,0,0.0,0.0,,0.0,normalDay
2022-03-11,11687.0,-2015.0,0.0,0,420.07,0.0,1,6.77,26.92,SPY220331P00444000,444.0,0,0.0,0.0,,0.0,normalDay
2022-03-14,11687.0,-2239.0,0.0,0,417.0,0.0,1,6.77,29.16,SPY220331P00444000,444.0,0,0.0,0.0,,0.0,normalDay
2022-03-15,11687.0,-1512.0,0.0,0,426.17,0.0,1,6.77,21.89,SPY220331P00444000,444.0,0,0.0,0.0,,0.0,normalDay
2022-03-16,11687.0,-684.0,0.0,0,435.62,0.0,1,6.77,13.61,SPY220331P00444000,444.0,0,0.0,0.0,,0.0,normalDay
2022-03-17,11687.0,-316.0,0.0,0,441.07,0.0,1,6.77,9.93,SPY220331P00444000,444.0,0,0.0,0.0,,0.0,normalDay
2022-03-18,11687.0,31.0,0.0,0,444.52,0.0,1,6.77,6.46,SPY220331P00444000,444.0,0,0.0,0.0,,0.0,normalDay
2022-03-21,11687.0,108.0,0.0,0,444.39,0.0,1,6.77,5.69,SPY220331P00444000,444.0,0,0.0,0.0,,0.0,normalDay
2022-03-22,11687.0,321.0,0.0,0,449.59,0.0,1,6.77,3.56,SPY220331P00444000,444.0,0,0.0,0.0,,0.0,normalDay
2022-03-23,11687.0,128.0,0.0,0,443.8,0.0,1,6.77,5.49,SPY220331P00444000,444.0,0,0.0,0.0,,0.0,normalDay
2022-03-24,11687.0,441.0,0.0,0,450.49,0.0,1,6.77,2.36,SPY220331P00444000,444.0,0,0.0,0.0,,0.0,normalDay
2022-03-25,11687.0,542.0,0.0,0,452.69,0.0,1,6.77,1.35,SPY220331P00444000,444.0,0,0.0,0.0,,0.0,normalDay
2022-03-28,11687.0,642.0,0.0,0,455.91,0.0,1,6.77,0.35,SPY220331P00444000,444.0,0,0.0,0.0,,0.0,normalDay
2022-03-29,11687.0,667.0,0.0,0,461.55,0.0,1,6.77,0.1,SPY220331P00444000,444.0,0,0.0,0.0,,0.0,normalDay
2022-03-30,11687.0,672.0,0.0,0,458.7,0.0,1,6.77,0.05,SPY220331P00444000,444.0,0,0.0,0.0,,0.0,normalDay
2022-03-31,12364.0,0.0,677.0,0,451.64,0.0,1,6.77,0.0,SPY220331P00444000,444.0,0,0.0,0.0,,0.0,expirationDay
2022-04-01,12364.0,-5.0,0.0,0,452.92,0.0,1,2.97,3.02,SPY220617P00384000,384.0,0,0.0,0.0,,0.0,normalDay
2022-04-04,12364.0,63.0,0.0,0,456.8,0.0,1,2.97,2.34,SPY220617P00384000,384.0,0,0.0,0.0,,0.0,normalDay
2022-04-05,12364.0,-13.0,0.0,0,451.03,0.0,1,2.97,3.1,SPY220617P00384000,384.0,0,0.0,0.0,,0.0,normalDay
2022-04-06,12364.0,-58.0,0.0,0,446.52,0.0,1,2.97,3.55,SPY220617P00384000,384.0,0,0.0,0.0,,0.0,normalDay
2022-04-07,12364.0,-22.0,0.0,0,448.77,0.0,1,2.97,3.19,SPY220617P00384000,384.0,0,0.0,0.0,,0.0,normalDay
2022-04-08,12364.0,-14.0,0.0,0,447.57,0.0,1,2.97,3.11,SPY220617P00384000,384.0,0,0.0,0.0,,0.0,normalDay
2022-04-11,12364.0,-109.0,0.0,0,439.92,0.0,1,2.97,4.06,SPY220617P00384000,384.0,0,0.0,0.0,,0.0,normalDay
2022-04-12,12364.0,-119.0,0.0,0,438.29,0.0,1,2.97,4.16,SPY220617P00384000,384.0,0,0.0,0.0,,0.0,normalDay
2022-04-13,12364.0,-14.0,0.0,0,443.31,0.0,1,2.97,3.11,SPY220617P00384000,384.0,0,0.0,0.0,,0.0,normalDay
2022-04-14,12364.0,-58.0,0.0,0,437.79,0.0,1,2.97,3.55,SPY220617P00384000,384.0,0,0.0,0.0,,0.0,normalDay
2022-04-18,12364.0,-5.0,0.0,0,437.97,0.0,1,2.97,3.02,SPY220617P00384000,384.0,0,0.0,0.0,,0.0,normalDay
2022-04-19,12364.0,45.0,0.0,0,445.04,0.0,1,2.97,2.52,SPY220617P00384000,384.0,0,0.0,0.0,,0.0,normalDay
2022-04-20,12364.0,84.0,0.0,0,444.71,0.0,1,2.97,2.13,SPY220617P00384000,384.0,0,0.0,0.0,,0.0,normalDay
2022-04-21,12364.0,-10.0,0.0,0,438.06,0.0,1,2.97,3.07,SPY220617P00384000,384.0,0,0.0,0.0,,0.0,normalDay
2022-04-22,12364.0,-254.0,0.0,0,426.04,0.0,1,2.97,5.51,SPY220617P00384000,384.0,0,0.0,0.0,,0.0,normalDay
2022-04-25,12364.0,-152.0,0.0,0,428.51,0.0,1,2.97,4.49,SPY220617P00384000,384.0,0,0.0,0.0,,0.0,normalDay
2022-04-26,12364.0,-497.0,0.0,0,416.1,0.0,1,2.97,7.94,SPY220617P00384000,384.0,0,0.0,0.0,,0.0,normalDay
2022-04-27,12364.0,-381.0,0.0,0,417.27,0.0,1,2.97,6.78,SPY220617P00384000,384.0,0,0.0,0.0,,0.0,normalDay
2022-04-28,12364.0,-228.0,0.0,0,427.81,0.0,1,2.97,5.25,SPY220617P00384000,384.0,0,0.0,0.0,,0.0,normalDay
2022-04-29,12364.0,-496.0,0.0,0,412.0,0.0,1,2.97,7.93,SPY220617P00384000,384.0,0,0.0,0.0,,0.0,normalDay
2022-05-02,12364.0,-397.0,0.0,0,414.48,0.0,1,2.97,6.94,SPY220617P00384000,384.0,0,0.0,0.0,,0.0,normalDay
2022-05-03,12364.0,-274.0,0.0,0,416.38,0.0,1,2.97,5.71,SPY220617P00384000,384.0,0,0.0,0.0,,0.0,normalDay
2022-05-04,12364.0,-44.0,0.0,0,429.06,0.0,1,2.97,3.41,SPY220617P00384000,384.0,0,0.0,0.0,,0.0,normalDay
2022-05-05,12364.0,-385.0,0.0,0,413.81,0.0,1,2.97,6.82,SPY220617P00384000,384.0,0,0.0,0.0,,0.0,normalDay
2022-05-06,12364.0,-404.0,0.0,0,411.34,0.0,1,2.97,7.01,SPY220617P00384000,384.0,0,0.0,0.0,,0.0,normalDay
2022-05-09,12364.0,-756.0,0.0,0,398.17,0.0,1,2.97,10.53,SPY220617P00384000,384.0,0,0.0,0.0,,0.0,normalDay
2022-05-10,12364.0,-682.0,0.0,0,399.09,0.0,1,2.97,9.79,SPY220617P00384000,384.0,0,0.0,0.0,,0.0,normalDay
2022-05-11,12364.0,-838.0,0.0,0,392.75,0.0,1,2.97,11.35,SPY220617P00384000,384.0,0,0.0,0.0,,0.0,normalDay
2022-05-12,12364.0,-841.0,0.0,0,392.34,0.0,1,2.97,11.38,SPY220617P00384000,384.0,0,0.0,0.0,,0.0,normalDay
2022-05-13,12364.0,-467.0,0.0,0,401.72,0.0,1,2.97,7.64,SPY220617P00384000,384.0,0,0.0,0.0,,0.0,normalDay
2022-05-16,12364.0,-410.0,0.0,0,400.09,0.0,1,2.97,7.07,SPY220617P00384000,384.0,0,0.0,0.0,,0.0,normalDay
2022-05-17,12364.0,-162.0,0.0,0,408.32,0.0,1,2.97,4.59,SPY220617P00384000,384.0,0,0.0,0.0,,0.0,normalDay
2022-05-18,12364.0,-738.0,0.0,0,391.86,0.0,1,2.97,10.35,SPY220617P00384000,384.0,0,0.0,0.0,,0.0,normalDay
2022-05-19,12364.0,-734.0,0.0,0,389.46,0.0,1,2.97,10.31,SPY220617P00384000,384.0,0,0.0,0.0,,0.0,normalDay
2022-05-20,12364.0,-712.0,0.0,0,389.63,0.0,1,2.97,10.09,SPY220617P00384000,384.0,0,0.0,0.0,,0.0,normalDay
2022-05-23,12364.0,-372.0,0.0,0,396.92,0.0,1,2.97,6.69,SPY220617P00384000,384.0,0,0.0,0.0,,0.0,normalDay
2022-05-24,12364.0,-467.0,0.0,0,393.89,0.0,1,2.97,7.64,SPY220617P00384000,384.0,0,0.0,0.0,,0.0,normalDay
2022-05-25,12364.0,-336.0,0.0,0,397.37,0.0,1,2.97,6.33,SPY220617P00384000,384.0,0,0.0,0.0,,0.0,normalDay
2022-05-26,12364.0,-98.0,0.0,0,405.31,0.0,1,2.97,3.95,SPY220617P00384000,384.0,0,0.0,0.0,,0.0,normalDay
2022-05-27,12364.0,97.0,0.0,0,415.26,0.0,1,2.97,2.0,SPY220617P00384000,384.0,0,0.0,0.0,,0.0,normalDay
2022-05-31,12364.0,95.0,0.0,0,412.93,0.0,1,2.97,2.02,SPY220617P00384000,384.0,0,0.0,0.0,,0.0,normalDay
2022-06-01,12364.0,97.0,0.0,0,409.59,0.0,1,2.97,2.0,SPY220617P00384000,384.0,0,0.0,0.0,,0.0,normalDay
2022-06-02,12364.0,198.0,0.0,0,417.39,0.0,1,2.97,0.99,SPY220617P00384000,384.0,0,0.0,0.0,,0.0,normalDay
2022-06-03,12364.0,158.0,0.0,0,410.54,0.0,1,2.97,1.39,SPY220617P00384000,384.0,0,0.0,0.0,,0.0,normalDay
2022-06-06,12364.0,199.0,0.0,0,411.79,0.0,1,2.97,0.98,SPY220617P00384000,384.0,0,0.0,0.0,,0.0,normalDay
2022-06-07,12364.0,243.0,0.0,0,415.74,0.0,1,2.97,0.54,SPY220617P00384000,384.0,0,0.0,0.0,,0.0,normalDay
2022-06-08,12364.0,240.0,0.0,0,411.22,0.0,1,2.97,0.57,SPY220617P00384000,384.0,0,0.0,0.0,,0.0,normalDay
2022-06-09,12364.0,124.0,0.0,0,401.44,0.0,1,2.97,1.73,SPY220617P00384000,384.0,0,0.0,0.0,,0.0,normalDay
2022-06-10,12364.0,-143.0,0.0,0,389.8,0.0,1,2.97,4.4,SPY220617P00384000,384.0,0,0.0,0.0,,0.0,normalDay
2022-06-13,12364.0,-1036.0,0.0,0,375.0,0.0,1,2.97,13.33,SPY220617P00384000,384.0,0,0.0,0.0,,0.0,normalDay
2022-06-14,12364.0,-1119.0,0.0,0,373.87,0.0,1,2.97,14.16,SPY220617P00384000,384.0,0,0.0,0.0,,0.0,normalDay
2022-06-15,12364.0,-555.0,0.0,0,379.2,0.0,1,2.97,8.52,SPY220617P00384000,384.0,0,0.0,0.0,,0.0,normalDay
2022-06-16,12364.0,-1549.0,0.0,0,366.65,0.0,1,2.97,18.46,SPY220617P00384000,384.0,0,0.0,0.0,,0.0,normalDay
2022-06-17,12661.0,-1814.0,297.0,100,365.86,384.0,1,2.97,0.0,SPY220617P00384000,384.0,0,0.0,0.0,,0.0,expirationDay
2022-06-21,12661.0,-893.0,0.0,100,375.07,384.0,0,0.0,0.0,,0.0,0,0.0,0.0,,0.0,bidTooLow
2022-06-22,12661.0,-961.0,0.0,100,374.39,384.0,0,0.0,0.0,,0.0,0,0.0,0.0,,0.0,bidTooLow
2022-06-23,12661.0,-594.0,0.0,100,378.06,384.0,0,0.0,0.0,,0.0,0,0.0,0.0,,0.0,bidTooLow
2022-06-24,12661.0,608.0,0.0,100,390.08,384.0,0,0.0,0.0,,0.0,0,0.0,0.0,,0.0,bidTooLow
2022-06-27,12661.0,459.0,0.0,100,388.59,384.0,0,0.0,0.0,,0.0,0,0.0,0.0,,0.0,bidTooLow
2022-06-28,12661.0,-335.0,0.0,100,380.65,384.0,0,0.0,0.0,,0.0,0,0.0,0.0,,0.0,bidTooLow
2022-06-29,12661.0,-366.0,0.0,100,380.34,384.0,0,0.0,0.0,,0.0,0,0.0,0.0,,0.0,bidTooLow
2022-06-30,12661.0,-675.0,0.0,100,377.25,384.0,0,0.0,0.0,,0.0,0,0.0,0.0,,0.0,bidTooLow
2022-07-01,12661.0,-276.0,0.0,100,381.24,384.0,0,0.0,0.0,,0.0,0,0.0,0.0,,0.0,bidTooLow
2022-07-05,12661.0,-204.0,0.0,100,381.96,384.0,0,0.0,0.0,,0.0,0,0.0,0.0,,0.0,bidTooLow
2022-07-06,12661.0,-75.0,0.0,100,383.25,384.0,0,0.0,0.0,,0.0,0,0.0,0.0,,0.0,bidTooLow
2022-07-07,12661.0,499.0,0.0,100,388.99,384.0,0,0.0,0.0,,0.0,0,0.0,0.0,,0.0,bidTooLow
2022-07-08,12661.0,467.0,0.0,100,388.67,384.0,0,0.0,0.0,,0.0,0,0.0,0.0,,0.0,bidTooLow
2022-07-11,12661.0,20.0,0.0,100,384.23,384.0,0,0.0,0.0,,0.0,1,0.06,0.09,SPY220722C00414000,414.0,normalDay
2022-07-12,12661.0,-317.0,0.0,100,380.83,384.0,0,0.0,0.0,,0.0,1,0.06,0.06,SPY220722C00414000,414.0,normalDay
2022-07-13,12661.0,-514.0,0.0,100,378.83,384.0,0,0.0,0.0,,0.0,1,0.06,0.03,SPY220722C00414000,414.0,normalDay
2022-07-14,12661.0,-605.0,0.0,100,377.91,384.0,0,0.0,0.0,,0.0,1,0.06,0.02,SPY220722C00414000,414.0,normalDay
2022-07-15,12661.0,117.0,0.0,100,385.13,384.0,0,0.0,0.0,,0.0,1,0.06,0.02,SPY220722C00414000,414.0,normalDay
2022-07-18,12661.0,-200.0,0.0,100,381.95,384.0,0,0.0,0.0,,0.0,1,0.06,0.01,SPY220722C00414000,414.0,normalDay
2022-07-19,12661.0,831.0,0.0,100,392.27,384.0,0,0.0,0.0,,0.0,1,0.06,0.02,SPY220722C00414000,414.0,normalDay
2022-07-20,12661.0,1080.0,0.0,100,394.77,384.0,0,0.0,0.0,,0.0,1,0.06,0.03,SPY220722C00414000,414.0,normalDay
2022-07-21,12661.0,1484.0,0.0,100,398.79,384.0,0,0.0,0.0,,0.0,1,0.06,0.01,SPY220722C00414000,414.0,normalDay
2022-07-22,12667.0,1109.0,6.0,100,395.09,384.0,0,0.0,0.0,,0.0,1,0.06,0.0,SPY220722C00414000,414.0,expirationDay
2022-07-25,12667.0,1154.0,0.0,100,395.57,384.0,0,0.0,0.0,,0.0,1,0.25,0.28,SPY220805C00417000,417.0,normalDay
2022-07-26,12667.0,700.0,0.0,100,390.89,384.0,0,0.0,0.0,,0.0,1,0.25,0.14,SPY220805C00417000,417.0,normalDay
2022-07-27,12667.0,1688.0,0.0,100,401.04,384.0,0,0.0,0.0,,0.0,1,0.25,0.41,SPY220805C00417000,417.0,normalDay
2022-07-28,12667.0,2125.0,0.0,100,406.07,384.0,0,0.0,0.0,,0.0,1,0.25,1.07,SPY220805C00417000,417.0,normalDay
2022-07-29,12667.0,2635.0,0.0,100,411.99,384.0,0,0.0,0.0,,0.0,1,0.25,1.89,SPY220805C00417000,417.0,normalDay
2022-08-01,12667.0,2577.0,0.0,100,410.77,384.0,0,0.0,0.0,,0.0,1,0.25,1.25,SPY220805C00417000,417.0,normalDay
2022-08-02,12667.0,2379.0,0.0,100,408.06,384.0,0,0.0,0.0,,0.0,1,0.25,0.52,SPY220805C00417000,417.0,normalDay
2022-08-03,12667.0,2939.0,0.0,100,414.45,384.0,0,0.0,0.0,,0.0,1,0.25,1.31,SPY220805C00417000,417.0,normalDay
2022-08-04,12667.0,2963.0,0.0,100,414.17,384.0,0,0.0,0.0,,0.0,1,0.25,0.79,SPY220805C00417000,417.0,normalDay
2022-08-05,12692.0,2947.0,25.0,100,413.47,384.0,0,0.0,0.0,,0.0,1,0.25,0.0,SPY220805C00417000,417.0,expirationDay
2022-08-08,12692.0,2899.0,0.0,100,412.99,384.0,0,0.0,0.0,,0.0,0,0.0,0.0,,0.0,bidTooLow
2022-08-09,12692.0,2735.0,0.0,100,411.35,384.0,0,0.0,0.0,,0.0,0,0.0,0.0,,0.0,bidTooLow
2022-08-10,12692.0,3599.0,0.0,100,419.99,384.0,0,0.0,0.0,,0.0,0,0.0,0.0,,0.0,bidTooLow
2022-08-11,12692.0,3599.0,0.0,100,419.99,384.0,0,0.0,0.0,,0.0,0,0.0,0.0,,0.0,bidTooLow
2022-08-12,12692.0,4310.0,0.0,100,427.1,384.0,0,0.0,0.0,,0.0,0,0.0,0.0,,0.0,bidTooLow
2022-08-15,12692.0,4486.0,0.0,100,428.86,384.0,0,0.0,0.0,,0.0,0,0.0,0.0,,0.0,bidTooLow
2022-08-16,12692.0,4570.0,0.0,100,429.7,384.0,0,0.0,0.0,,0.0,0,0.0,0.0,,0.0,bidTooLow
2022-08-17,12692.0,4265.0,0.0,100,426.65,384.0,0,0.0,0.0,,0.0,0,0.0,0.0,,0.0,bidTooLow
2022-08-18,12692.0,4389.0,0.0,100,427.89,384.0,0,0.0,0.0,,0.0,0,0.0,0.0,,0.0,bidTooLow
2022-08-19,12692.0,3814.0,0.0,100,422.14,384.0,0,0.0,0.0,,0.0,0,0.0,0.0,,0.0,bidTooLow
2022-08-22,12692.0,2935.0,0.0,100,413.35,384.0,0,0.0,0.0,,0.0,0,0.0,0.0,,0.0,bidTooLow
2022-08-23,12692.0,2835.0,0.0,100,412.35,384.0,0,0.0,0.0,,0.0,0,0.0,0.0,,0.0,bidTooLow
2022-08-24,12692.0,2967.0,0.0,100,413.67,384.0,0,0.0,0.0,,0.0,0,0.0,0.0,,0.0,bidTooLow
2022-08-25,12692.0,3551.0,0.0,100,419.51,384.0,0,0.0,0.0,,0.0,0,0.0,0.0,,0.0,bidTooLow
2022-08-26,12692.0,2131.0,0.0,100,405.31,384.0,0,0.0,0.0,,0.0,0,0.0,0.0,,0.0,bidTooLow
2022-08-29,12692.0,1863.0,0.0,100,402.63,384.0,0,0.0,0.0,,0.0,0,0.0,0.0,,0.0,bidTooLow
2022-08-30,12692.0,1421.0,0.0,100,398.21,384.0,0,0.0,0.0,,0.0,0,0.0,0.0,,0.0,bidTooLow
2022-08-31,12692.0,1118.0,0.0,100,395.18,384.0,0,0.0,0.0,,0.0,0,0.0,0.0,,0.0,bidTooLow
2022-09-01,12692.0,1242.0,0.0,100,396.42,384.0,0,0.0,0.0,,0.0,0,0.0,0.0,,0.0,bidTooLow
2022-09-02,12692.0,824.0,0.0,100,392.24,384.0,0,0.0,0.0,,0.0,0,0.0,0.0,,0.0,bidTooLow
2022-09-06,12692.0,676.0,0.0,100,390.76,384.0,0,0.0,0.0,,0.0,0,0.0,0.0,,0.0,bidTooLow
2022-09-07,12692.0,1378.0,0.0,100,397.78,384.0,0,0.0,0.0,,0.0,0,0.0,0.0,,0.0,bidTooLow
2022-09-08,12692.0,1638.0,0.0,100,400.38,384.0,0,0.0,0.0,,0.0,0,0.0,0.0,,0.0,bidTooLow
2022-09-09,12692.0,2260.0,0.0,100,406.6,384.0,0,0.0,0.0,,0.0,0,0.0,0.0,,0.0,bidTooLow
2022-09-12,12692.0,2697.0,0.0,100,410.97,384.0,0,0.0,0.0,,0.0,0,0.0,0.0,,0.0,bidTooLow
2022-09-13,12692.0,910.0,0.0,100,393.1,384.0,0,0.0,0.0,,0.0,0,0.0,0.0,,0.0,bidTooLow
2022-09-14,12692.0,1060.0,0.0,100,394.6,384.0,0,0.0,0.0,,0.0,0,0.0,0.0,,0.0,bidTooLow
2022-09-15,12692.0,612.0,0.0,100,390.12,384.0,0,0.0,0.0,,0.0,0,0.0,0.0,,0.0,bidTooLow
2022-09-16,12692.0,156.0,0.0,100,385.56,384.0,0,0.0,0.0,,0.0,0,0.0,0.0,,0.0,bidTooLow
2022-09-19,12692.0,455.0,0.0,100,388.55,384.0,0,0.0,0.0,,0.0,0,0.0,0.0,,0.0,bidTooLow
2022-09-20,12692.0,9.0,0.0,100,384.09,384.0,0,0.0,0.0,,0.0,0,0.0,0.0,,0.0,bidTooLow
2022-09-21,12692.0,-661.0,0.0,100,377.39,384.0,0,0.0,0.0,,0.0,0,0.0,0.0,,0.0,bidTooLow
2022-09-22,12692.0,-978.0,0.0,100,374.22,384.0,0,0.0,0.0,,0.0,0,0.0,0.0,,0.0,bidTooLow
2022-09-23,12692.0,-1605.0,0.0,100,367.95,384.0,0,0.0,0.0,,0.0,0,0.0,0.0,,0.0,bidTooLow
2022-09-26,12692.0,-1969.0,0.0,100,364.31,384.0,0,0.0,0.0,,0.0,0,0.0,0.0,,0.0,bidTooLow
2022-09-27,12692.0,-2062.0,0.0,100,363.38,384.0,0,0.0,0.0,,0.0,0,0.0,0.0,,0.0,bidTooLow
2022-09-28,12692.0,-1347.0,0.0,100,370.53,384.0,0,0.0,0.0,,0.0,0,0.0,0.0,,0.0,bidTooLow
2022-09-29,12692.0,-2121.0,0.0,100,362.79,384.0,0,0.0,0.0,,0.0,0,0.0,0.0,,0.0,bidTooLow
2022-09-30,12692.0,-2682.0,0.0,100,357.18,384.0,0,0.0,0.0,,0.0,0,0.0,0.0,,0.0,bidTooLow
2022-10-03,12692.0,-1739.0,0.0,100,366.61,384.0,0,0.0,0.0,,0.0,0,0.0,0.0,,0.0,bidTooLow
2022-10-04,12692.0,-603.0,0.0,100,377.97,384.0,0,0.0,0.0,,0.0,0,0.0,0.0,,0.0,bidTooLow
2022-10-05,12692.0,-691.0,0.0,100,377.09,384.0,0,0.0,0.0,,0.0,0,0.0,0.0,,0.0,bidTooLow
2022-10-06,12692.0,-1080.0,0.0,100,373.2,384.0,0,0.0,0.0,,0.0,0,0.0,0.0,,0.0,bidTooLow
2022-10-07,12692.0,-2121.0,0.0,100,362.79,384.0,0,0.0,0.0,,0.0,0,0.0,0.0,,0.0,bidTooLow
2022-10-10,12692.0,-2398.0,0.0,100,360.02,384.0,0,0.0,0.0,,0.0,0,0.0,0.0,,0.0,bidTooLow
2022-10-11,12692.0,-2626.0,0.0,100,357.74,384.0,0,0.0,0.0,,0.0,0,0.0,0.0,,0.0,bidTooLow
2022-10-12,12692.0,-2744.0,0.0,100,356.56,384.0,0,0.0,0.0,,0.0,0,0.0,0.0,,0.0,bidTooLow
2022-10-13,12692.0,-1806.0,0.0,100,365.97,384.0,0,0.0,0.0,,0.0,1,0.03,0.06,SPY221024C00416000,416.0,normalDay
2022-10-14,12692.0,-2636.0,0.0,100,357.63,384.0,0,0.0,0.0,,0.0,1,0.03,0.02,SPY221024C00416000,416.0,normalDay
2022-10-17,12692.0,-1717.0,0.0,100,366.82,384.0,0,0.0,0.0,,0.0,1,0.03,0.02,SPY221024C00416000,416.0,normalDay
2022-10-18,12692.0,-1286.0,0.0,100,371.13,384.0,0,0.0,0.0,,0.0,1,0.03,0.02,SPY221024C00416000,416.0,normalDay
2022-10-19,12692.0,-1549.0,0.0,100,368.5,384.0,0,0.0,0.0,,0.0,1,0.03,0.02,SPY221024C00416000,416.0,normalDay
2022-10-20,12692.0,-1857.0,0.0,100,365.41,384.0,0,0.0,0.0,,0.0,1,0.03,0.01,SPY221024C00416000,416.0,normalDay
2022-10-21,12692.0,-969.0,0.0,100,374.29,384.0,0,0.0,0.0,,0.0,1,0.03,0.01,SPY221024C00416000,416.0,normalDay
2022-10-24,12695.0,-513.0,3.0,100,378.87,384.0,0,0.0,0.0,,0.0,1,0.03,0.0,SPY221024C00416000,416.0,expirationDay
2022-10-25,12695.0,89.0,0.0,100,384.92,384.0,0,0.0,0.0,,0.0,1,0.81,0.84,SPY221104C00407000,407.0,normalDay
2022-10-26,12695.0,-171.0,0.0,100,382.02,384.0,0,0.0,0.0,,0.0,1,0.81,0.54,SPY221104C00407000,407.0,normalDay
2022-10-27,12695.0,-336.0,0.0,100,379.98,384.0,0,0.0,0.0,,0.0,1,0.81,0.15,SPY221104C00407000,407.0,normalDay
2022-10-28,12695.0,516.0,0.0,100,389.02,384.0,0,0.0,0.0,,0.0,1,0.81,0.67,SPY221104C00407000,407.0,normalDay
2022-10-31,12695.0,278.0,0.0,100,386.21,384.0,0,0.0,0.0,,0.0,1,0.81,0.24,SPY221104C00407000,407.0,normalDay
2022-11-01,12695.0,118.0,0.0,100,384.52,384.0,0,0.0,0.0,,0.0,1,0.81,0.15,SPY221104C00407000,407.0,normalDay
2022-11-02,12695.0,-834.0,0.0,100,374.87,384.0,0,0.0,0.0,,0.0,1,0.81,0.02,SPY221104C00407000,407.0,normalDay
2022-11-03,12695.0,-1219.0,0.0,100,371.01,384.0,0,0.0,0.0,,0.0,1,0.81,0.01,SPY221104C00407000,407.0,normalDay
2022-11-04,12776.0,-765.0,81.0,100,376.35,384.0,0,0.0,0.0,,0.0,1,0.81,0.0,SPY221104C00407000,407.0,expirationDay
2022-11-07,12776.0,-408.0,0.0,100,379.95,384.0,0,0.0,0.0,,0.0,1,0.04,0.07,SPY221118C00420000,420.0,normalDay
2022-11-08,12776.0,-204.0,0.0,100,382.0,384.0,0,0.0,0.0,,0.0,1,0.04,0.08,SPY221118C00420000,420.0,normalDay
2022-11-09,12776.0,-986.0,0.0,100,374.13,384.0,0,0.0,0.0,,0.0,1,0.04,0.03,SPY221118C00420000,420.0,normalDay
2022-11-10,12776.0,1051.0,0.0,100,394.69,384.0,0,0.0,0.0,,0.0,1,0.04,0.22,SPY221118C00420000,420.0,normalDay
2022-11-11,12776.0,1440.0,0.0,100,398.51,384.0,0,0.0,0.0,,0.0,1,0.04,0.15,SPY221118C00420000,420.0,normalDay
2022-11-14,12776.0,1112.0,0.0,100,395.12,384.0,0,0.0,0.0,,0.0,1,0.04,0.04,SPY221118C00420000,420.0,normalDay
2022-11-15,12776.0,1448.0,0.0,100,398.49,384.0,0,0.0,0.0,,0.0,1,0.04,0.05,SPY221118C00420000,420.0,normalDay
2022-11-16,12776.0,1147.0,0.0,100,395.45,384.0,0,0.0,0.0,,0.0,1,0.04,0.02,SPY221118C00420000,420.0,normalDay
2022-11-17,12776.0,1027.0,0.0,100,394.24,384.0,0,0.0,0.0,,0.0,1,0.04,0.01,SPY221118C00420000,420.0,normalDay
2022-11-18,12780.0,1203.0,4.0,100,396.03,384.0,0,0.0,0.0,,0.0,1,0.04,0.0,SPY221118C00420000,420.0,expirationDay
2022-11-21,12780.0,1056.0,0.0,100,394.59,384.0,0,0.0,0.0,,0.0,1,0.01,0.04,SPY221202C00430000,430.0,normalDay
2022-11-22,12780.0,1586.0,0.0,100,399.9,384.0,0,0.0,0.0,,0.0,1,0.01,0.05,SPY221202C00430000,430.0,normalDay
2022-11-23,12780.0,1841.0,0.0,100,402.42,384.0,0,0.0,0.0,,0.0,1,0.01,0.02,SPY221202C00430000,430.0,normalDay
2022-11-25,12780.0,1833.0,0.0,100,402.33,384.0,0,0.0,0.0,,0.0,1,0.01,0.01,SPY221202C00430000,430.0,normalDay
2022-11-28,12780.0,1191.0,0.0,100,395.91,384.0,0,0.0,0.0,,0.0,1,0.01,0.01,SPY221202C00430000,430.0,normalDay
2022-11-29,12780.0,1123.0,0.0,100,395.23,384.0,0,0.0,0.0,,0.0,1,0.01,0.01,SPY221202C00430000,430.0,normalDay
2022-11-30,12780.0,2367.0,0.0,100,407.68,384.0,0,0.0,0.0,,0.0,1,0.01,0.02,SPY221202C00430000,430.0,normalDay
2022-12-01,12780.0,2338.0,0.0,100,407.38,384.0,0,0.0,0.0,,0.0,1,0.01,0.01,SPY221202C00430000,430.0,normalDay
2022-12-02,12781.0,2291.0,1.0,100,406.91,384.0,0,0.0,0.0,,0.0,1,0.01,0.0,SPY221202C00430000,430.0,expirationDay
2022-12-05,12781.0,1556.0,0.0,100,399.59,384.0,0,0.0,0.0,,0.0,1,0.02,0.05,SPY221216C00438000,438.0,normalDay
2022-12-06,12781.0,981.0,0.0,100,393.83,384.0,0,0.0,0.0,,0.0,1,0.02,0.04,SPY221216C00438000,438.0,normalDay
2022-12-07,12781.0,915.0,0.0,100,393.16,384.0,0,0.0,0.0,,0.0,1,0.02,0.03,SPY221216C00438000,438.0,normalDay
2022-12-08,12781.0,1223.0,0.0,100,396.24,384.0,0,0.0,0.0,,0.0,1,0.02,0.03,SPY221216C00438000,438.0,normalDay
2022-12-09,12781.0,928.0,0.0,100,393.28,384.0,0,0.0,0.0,,0.0,1,0.02,0.02,SPY221216C00438000,438.0,normalDay
2022-12-12,12781.0,1491.0,0.0,100,398.95,384.0,0,0.0,0.0,,0.0,1,0.02,0.06,SPY221216C00438000,438.0,normalDay
2022-12-13,12781.0,1797.0,0.0,100,401.97,384.0,0,0.0,0.0,,0.0,1,0.02,0.02,SPY221216C00438000,438.0,normalDay
2022-12-14,12781.0,1541.0,0.0,100,399.4,384.0,0,0.0,0.0,,0.0,1,0.02,0.01,SPY221216C00438000,438.0,normalDay
2022-12-15,12781.0,564.0,0.0,100,389.63,384.0,0,0.0,0.0,,0.0,1,0.02,0.01,SPY221216C00438000,438.0,normalDay
2022-12-16,12783.0,-73.0,2.0,100,383.27,384.0,0,0.0,0.0,,0.0,1,0.02,0.0,SPY221216C00438000,438.0,expirationDay
2022-12-19,12783.0,-398.0,0.0,100,380.02,384.0,0,0.0,0.0,,0.0,0,0.0,0.0,,0.0,bidTooLow
2022-12-20,12783.0,-346.0,0.0,100,380.54,384.0,0,0.0,0.0,,0.0,0,0.0,0.0,,0.0,bidTooLow
2022-12-21,12783.0,223.0,0.0,100,386.23,384.0,0,0.0,0.0,,0.0,0,0.0,0.0,,0.0,bidTooLow
2022-12-22,12783.0,-328.0,0.0,100,380.72,384.0,0,0.0,0.0,,0.0,0,0.0,0.0,,0.0,bidTooLow
2022-12-23,12783.0,-109.0,0.0,100,382.91,384.0,0,0.0,0.0,,0.0,0,0.0,0.0,,0.0,bidTooLow
2022-12-27,12783.0,-260.0,0.0,100,381.4,384.0,0,0.0,0.0,,0.0,0,0.0,0.0,,0.0,bidTooLow
2022-12-28,12783.0,-734.0,0.0,100,376.66,384.0,0,0.0,0.0,,0.0,0,0.0,0.0,,0.0,bidTooLow
2022-12-29,12783.0,-56.0,0.0,100,383.44,384.0,0,0.0,0.0,,0.0,0,0.0,0.0,,0.0,bidTooLow
2022-12-30,12783.0,-157.0,0.0,100,382.43,384.0,0,0.0,0.0,,0.0,0,0.0,0.0,,0.0,bidTooLow
2023-01-03,12783.0,-318.0,0.0,100,380.82,384.0,0,0.0,0.0,,0.0,0,0.0,0.0,,0.0,bidTooLow
2023-01-04,12783.0,-24.0,0.0,100,383.76,384.0,0,0.0,0.0,,0.0,0,0.0,0.0,,0.0,bidTooLow
2023-01-05,12783.0,-462.0,0.0,100,379.38,384.0,0,0.0,0.0,,0.0,0,0.0,0.0,,0.0,bidTooLow
2023-01-06,12783.0,408.0,0.0,100,388.08,384.0,0,0.0,0.0,,0.0,0,0.0,0.0,,0.0,bidTooLow
2023-01-09,12783.0,383.0,0.0,100,387.86,384.0,0,0.0,0.0,,0.0,1,0.04,0.07,SPY230120C00421000,421.0,normalDay
2023-01-10,12783.0,656.0,0.0,100,390.58,384.0,0,0.0,0.0,,0.0,1,0.04,0.06,SPY230120C00421000,421.0,normalDay
2023-01-11,12783.0,1142.0,0.0,100,395.52,384.0,0,0.0,0.0,,0.0,1,0.04,0.14,SPY230120C00421000,421.0,normalDay
2023-01-12,12783.0,1296.0,0.0,100,396.96,384.0,0,0.0,0.0,,0.0,1,0.04,0.04,SPY230120C00421000,421.0,normalDay
2023-01-13,12783.0,1452.0,0.0,100,398.5,384.0,0,0.0,0.0,,0.0,1,0.04,0.02,SPY230120C00421000,421.0,normalDay
2023-01-17,12783.0,1379.0,0.0,100,397.77,384.0,0,0.0,0.0,,0.0,1,0.04,0.02,SPY230120C00421000,421.0,normalDay
2023-01-18,12783.0,752.0,0.0,100,391.49,384.0,0,0.0,0.0,,0.0,1,0.04,0.01,SPY230120C00421000,421.0,normalDay
2023-01-19,12783.0,467.0,0.0,100,388.64,384.0,0,0.0,0.0,,0.0,1,0.04,0.01,SPY230120C00421000,421.0,normalDay
2023-01-20,12787.0,1188.0,4.0,100,395.88,384.0,0,0.0,0.0,,0.0,1,0.04,0.0,SPY230120C00421000,421.0,expirationDay
2023-01-23,12787.0,1660.0,0.0,100,400.63,384.0,0,0.0,0.0,,0.0,1,0.15,0.18,SPY230203C00424000,424.0,normalDay
2023-01-24,12787.0,1616.0,0.0,100,400.2,384.0,0,0.0,0.0,,0.0,1,0.15,0.19,SPY230203C00424000,424.0,normalDay
2023-01-25,12787.0,1638.0,0.0,100,400.35,384.0,0,0.0,0.0,,0.0,1,0.15,0.12,SPY230203C00424000,424.0,normalDay
2023-01-26,12787.0,2070.0,0.0,100,404.75,384.0,0,0.0,0.0,,0.0,1,0.15,0.2,SPY230203C00424000,424.0,normalDay
2023-01-27,12787.0,2168.0,0.0,100,405.68,384.0,0,0.0,0.0,,0.0,1,0.15,0.15,SPY230203C00424000,424.0,normalDay
2023-01-30,12787.0,1668.0,0.0,100,400.59,384.0,0,0.0,0.0,,0.0,1,0.15,0.06,SPY230203C00424000,424.0,normalDay
2023-01-31,12787.0,2252.0,0.0,100,406.48,384.0,0,0.0,0.0,,0.0,1,0.15,0.11,SPY230203C00424000,424.0,normalDay
2023-02-01,12787.0,2683.0,0.0,100,410.8,384.0,0,0.0,0.0,,0.0,1,0.15,0.12,SPY230203C00424000,424.0,normalDay
2023-02-02,12787.0,3272.0,0.0,100,416.78,384.0,0,0.0,0.0,,0.0,1,0.15,0.21,SPY230203C00424000,424.0,normalDay
2023-02-03,12802.0,2835.0,15.0,100,412.35,384.0,0,0.0,0.0,,0.0,1,0.15,0.0,SPY230203C00424000,424.0,expirationDay
2023-02-06,12802.0,2580.0,0.0,100,409.83,384.0,0,0.0,0.0,,0.0,1,0.04,0.07,SPY230217C00439000,439.0,normalDay
2023-02-07,12802.0,3112.0,0.0,100,415.19,384.0,0,0.0,0.0,,0.0,1,0.04,0.11,SPY230217C00439000,439.0,normalDay
2023-02-08,12802.0,2665.0,0.0,100,410.65,384.0,0,0.0,0.0,,0.0,1,0.04,0.04,SPY230217C00439000,439.0,normalDay
2023-02-09,12802.0,2310.0,0.0,100,407.09,384.0,0,0.0,0.0,,0.0,1,0.04,0.03,SPY230217C00439000,439.0,normalDay
2023-02-10,12802.0,2406.0,0.0,100,408.04,384.0,0,0.0,0.0,,0.0,1,0.04,0.02,SPY230217C00439000,439.0,normalDay
2023-02-13,12802.0,2884.0,0.0,100,412.83,384.0,0,0.0,0.0,,0.0,1,0.04,0.03,SPY230217C00439000,439.0,normalDay
2023-02-14,12802.0,2867.0,0.0,100,412.64,384.0,0,0.0,0.0,,0.0,1,0.04,0.01,SPY230217C00439000,439.0,normalDay
2023-02-15,12802.0,3001.0,0.0,100,413.98,384.0,0,0.0,0.0,,0.0,1,0.04,0.01,SPY230217C00439000,439.0,normalDay
2023-02-16,12802.0,2431.0,0.0,100,408.28,384.0,0,0.0,0.0,,0.0,1,0.04,0.01,SPY230217C00439000,439.0,normalDay
2023-02-17,12806.0,2326.0,4.0,100,407.26,384.0,0,0.0,0.0,,0.0,1,0.04,0.0,SPY230217C00439000,439.0,expirationDay
2023-02-21,12806.0,1509.0,0.0,100,399.09,384.0,0,0.0,0.0,,0.0,0,0.0,0.0,,0.0,bidTooLow
2023-02-22,12806.0,1454.0,0.0,100,398.54,384.0,0,0.0,0.0,,0.0,0,0.0,0.0,,0.0,bidTooLow
2023-02-23,12806.0,1666.0,0.0,100,400.66,384.0,0,0.0,0.0,,0.0,0,0.0,0.0,,0.0,bidTooLow
2023-02-24,12806.0,1238.0,0.0,100,396.38,384.0,0,0.0,0.0,,0.0,0,0.0,0.0,,0.0,bidTooLow
2023-02-27,12806.0,1373.0,0.0,100,397.73,384.0,0,0.0,0.0,,0.0,0,0.0,0.0,,0.0,bidTooLow
2023-02-28,12806.0,1226.0,0.0,100,396.26,384.0,0,0.0,0.0,,0.0,0,0.0,0.0,,0.0,bidTooLow
2023-03-01,12806.0,1074.0,0.0,100,394.74,384.0,0,0.0,0.0,,0.0,0,0.0,0.0,,0.0,bidTooLow
2023-03-02,12806.0,1381.0,0.0,100,397.81,384.0,0,0.0,0.0,,0.0,0,0.0,0.0,,0.0,bidTooLow
2023-03-03,12806.0,2019.0,0.0,100,404.19,384.0,0,0.0,0.0,,0.0,0,0.0,0.0,,0.0,bidTooLow
2023-03-06,12806.0,2047.0,0.0,100,404.47,384.0,0,0.0,0.0,,0.0,0,0.0,0.0,,0.0,bidTooLow
2023-03-07,12806.0,1427.0,0.0,100,398.27,384.0,0,0.0,0.0,,0.0,0,0.0,0.0,,0.0,bidTooLow
2023-03-08,12806.0,1492.0,0.0,100,398.92,384.0,0,0.0,0.0,,0.0,0,0.0,0.0,,0.0,bidTooLow
2023-03-09,12806.0,756.0,0.0,100,391.56,384.0,0,0.0,0.0,,0.0,0,0.0,0.0,,0.0,bidTooLow
2023-03-10,12806.0,191.0,0.0,100,385.91,384.0,0,0.0,0.0,,0.0,0,0.0,0.0,,0.0,bidTooLow
2023-03-13,12806.0,136.0,0.0,100,385.36,384.0,0,0.0,0.0,,0.0,0,0.0,0.0,,0.0,bidTooLow
2023-03-14,12806.0,773.0,0.0,100,391.73,384.0,0,0.0,0.0,,0.0,0,0.0,0.0,,0.0,bidTooLow
2023-03-15,12806.0,528.0,0.0,100,389.28,384.0,0,0.0,0.0,,0.0,0,0.0,0.0,,0.0,bidTooLow
2023-03-16,12806.0,1208.0,0.0,100,396.11,384.0,0,0.0,0.0,,0.0,1,0.01,0.04,SPY230327C00427000,427.0,normalDay
2023-03-17,12806.0,598.0,0.0,100,389.99,384.0,0,0.0,0.0,,0.0,1,0.01,0.02,SPY230327C00427000,427.0,normalDay
2023-03-20,12806.0,973.0,0.0,100,393.74,384.0,0,0.0,0.0,,0.0,1,0.01,0.02,SPY230327C00427000,427.0,normalDay
2023-03-21,12806.0,1490.0,0.0,100,398.91,384.0,0,0.0,0.0,,0.0,1,0.01,0.02,SPY230327C00427000,427.0,normalDay
2023-03-22,12806.0,811.0,0.0,100,392.11,384.0,0,0.0,0.0,,0.0,1,0.01,0.01,SPY230327C00427000,427.0,normalDay
2023-03-23,12806.0,917.0,0.0,100,393.17,384.0,0,0.0,0.0,,0.0,1,0.01,0.01,SPY230327C00427000,427.0,normalDay
2023-03-24,12806.0,1175.0,0.0,100,395.75,384.0,0,0.0,0.0,,0.0,1,0.01,0.01,SPY230327C00427000,427.0,normalDay
2023-03-27,12807.0,1249.0,1.0,100,396.49,384.0,0,0.0,0.0,,0.0,1,0.01,0.0,SPY230327C00427000,427.0,expirationDay
2023-03-28,12807.0,1157.0,0.0,100,395.6,384.0,0,0.0,0.0,,0.0,1,0.01,0.04,SPY230406C00419000,419.0,normalDay
2023-03-29,12807.0,1728.0,0.0,100,401.35,384.0,0,0.0,0.0,,0.0,1,0.01,0.08,SPY230406C00419000,419.0,normalDay
2023-03-30,12807.0,1964.0,0.0,100,403.7,384.0,0,0.0,0.0,,0.0,1,0.01,0.07,SPY230406C00419000,419.0,normalDay
2023-03-31,12807.0,2514.0,0.0,100,409.39,384.0,0,0.0,0.0,,0.0,1,0.01,0.26,SPY230406C00419000,419.0,normalDay
2023-04-03,12807.0,2679.0,0.0,100,410.95,384.0,0,0.0,0.0,,0.0,1,0.01,0.17,SPY230406C00419000,419.0,normalDay
2023-04-04,12807.0,2465.0,0.0,100,408.67,384.0,0,0.0,0.0,,0.0,1,0.01,0.03,SPY230406C00419000,419.0,normalDay
2023-04-05,12807.0,2360.0,0.0,100,407.6,384.0,0,0.0,0.0,,0.0,1,0.01,0.01,SPY230406C00419000,419.0,normalDay
2023-04-06,12808.0,2519.0,1.0,100,409.19,384.0,0,0.0,0.0,,0.0,1,0.01,0.0,SPY230406C00419000,419.0,expirationDay
2023-04-10,12808.0,2561.0,0.0,100,409.61,384.0,0,0.0,0.0,,0.0,0,0.0,0.0,,0.0,bidTooLow
2023-04-11,12808.0,2572.0,0.0,100,409.72,384.0,0,0.0,0.0,,0.0,0,0.0,0.0,,0.0,bidTooLow
2023-04-12,12808.0,2405.0,0.0,100,408.05,384.0,0,0.0,0.0,,0.0,0,0.0,0.0,,0.0,bidTooLow
2023-04-13,12808.0,2947.0,0.0,100,413.47,384.0,0,0.0,0.0,,0.0,0,0.0,0.0,,0.0,bidTooLow
2023-04-14,12808.0,2846.0,0.0,100,412.46,384.0,0,0.0,0.0,,0.0,0,0.0,0.0,,0.0,bidTooLow
2023-04-17,12808.0,2994.0,0.0,100,413.94,384.0,0,0.0,0.0,,0.0,0,0.0,0.0,,0.0,bidTooLow
2023-04-18,12808.0,3021.0,0.0,100,414.21,384.0,0,0.0,0.0,,0.0,0,0.0,0.0,,0.0,bidTooLow
2023-04-19,12808.0,3014.0,0.0,100,414.14,384.0,0,0.0,0.0,,0.0,0,0.0,0.0,,0.0,bidTooLow
2023-04-20,12808.0,2788.0,0.0,100,411.88,384.0,0,0.0,0.0,,0.0,0,0.0,0.0,,0.0,bidTooLow
2023-04-21,12808.0,2820.0,0.0,100,412.2,384.0,0,0.0,0.0,,0.0,0,0.0,0.0,,0.0,bidTooLow
2023-04-24,12808.0,2860.0,0.0,100,412.63,384.0,0,0.0,0.0,,0.0,1,0.01,0.04,SPY230505C00435000,435.0,normalDay
2023-04-25,12808.0,2207.0,0.0,100,406.08,384.0,0,0.0,0.0,,0.0,1,0.01,0.02,SPY230505C00435000,435.0,normalDay
2023-04-26,12808.0,2035.0,0.0,100,404.36,384.0,0,0.0,0.0,,0.0,1,0.01,0.02,SPY230505C00435000,435.0,normalDay
2023-04-27,12808.0,2839.0,0.0,100,412.41,384.0,0,0.0,0.0,,0.0,1,0.01,0.03,SPY230505C00435000,435.0,normalDay
2023-04-28,12808.0,3191.0,0.0,100,415.93,384.0,0,0.0,0.0,,0.0,1,0.01,0.03,SPY230505C00435000,435.0,normalDay
2023-05-01,12808.0,3150.0,0.0,100,415.51,384.0,0,0.0,0.0,,0.0,1,0.01,0.02,SPY230505C00435000,435.0,normalDay
2023-05-02,12808.0,2684.0,0.0,100,410.84,384.0,0,0.0,0.0,,0.0,1,0.01,0.01,SPY230505C00435000,435.0,normalDay
2023-05-03,12808.0,2402.0,0.0,100,408.02,384.0,0,0.0,0.0,,0.0,1,0.01,0.01,SPY230505C00435000,435.0,normalDay
2023-05-04,12808.0,2113.0,0.0,100,405.13,384.0,0,0.0,0.0,,0.0,1,0.01,0.01,SPY230505C00435000,435.0,normalDay
2023-05-05,12809.0,2863.0,1.0,100,412.63,384.0,0,0.0,0.0,,0.0,1,0.01,0.0,SPY230505C00435000,435.0,expirationDay
2023-05-08,12809.0,2871.0,0.0,100,412.74,384.0,0,0.0,0.0,,0.0,1,0.11,0.14,SPY230519C00427000,427.0,normalDay
2023-05-09,12809.0,2694.0,0.0,100,410.93,384.0,0,0.0,0.0,,0.0,1,0.11,0.1,SPY230519C00427000,427.0,normalDay
2023-05-10,12809.0,2887.0,0.0,100,412.85,384.0,0,0.0,0.0,,0.0,1,0.11,0.09,SPY230519C00427000,427.0,normalDay
2023-05-11,12809.0,2819.0,0.0,100,412.13,384.0,0,0.0,0.0,,0.0,1,0.11,0.05,SPY230519C00427000,427.0,normalDay
2023-05-12,12809.0,2768.0,0.0,100,411.59,384.0,0,0.0,0.0,,0.0,1,0.11,0.02,SPY230519C00427000,427.0,normalDay
2023-05-15,12809.0,2910.0,0.0,100,413.01,384.0,0,0.0,0.0,,0.0,1,0.11,0.02,SPY230519C00427000,427.0,normalDay
2023-05-16,12809.0,2634.0,0.0,100,410.25,384.0,0,0.0,0.0,,0.0,1,0.11,0.02,SPY230519C00427000,427.0,normalDay
2023-05-17,12809.0,3132.0,0.0,100,415.23,384.0,0,0.0,0.0,,0.0,1,0.11,0.02,SPY230519C00427000,427.0,normalDay
2023-05-18,12809.0,3530.0,0.0,100,419.23,384.0,0,0.0,0.0,,0.0,1,0.11,0.04,SPY230519C00427000,427.0,normalDay
2023-05-19,12820.0,3462.0,11.0,100,418.62,384.0,0,0.0,0.0,,0.0,1,0.11,0.0,SPY230519C00427000,427.0,expirationDay
2023-05-22,12820.0,3476.0,0.0,100,418.79,384.0,0,0.0,0.0,,0.0,1,0.2,0.23,SPY230602C00433000,433.0,normalDay
2023-05-23,12820.0,3022.0,0.0,100,414.09,384.0,0,0.0,0.0,,0.0,1,0.2,0.07,SPY230602C00433000,433.0,normalDay
2023-05-24,12820.0,2724.0,0.0,100,411.09,384.0,0,0.0,0.0,,0.0,1,0.2,0.05,SPY230602C00433000,433.0,normalDay
2023-05-25,12820.0,3079.0,0.0,100,414.65,384.0,0,0.0,0.0,,0.0,1,0.2,0.06,SPY230602C00433000,433.0,normalDay
2023-05-26,12820.0,3610.0,0.0,100,420.02,384.0,0,0.0,0.0,,0.0,1,0.2,0.12,SPY230602C00433000,433.0,normalDay
2023-05-30,12820.0,3633.0,0.0,100,420.18,384.0,0,0.0,0.0,,0.0,1,0.2,0.05,SPY230602C00433000,433.0,normalDay
2023-05-31,12820.0,3403.0,0.0,100,417.85,384.0,0,0.0,0.0,,0.0,1,0.2,0.02,SPY230602C00433000,433.0,normalDay
2023-06-01,12820.0,3801.0,0.0,100,421.82,384.0,0,0.0,0.0,,0.0,1,0.2,0.01,SPY230602C00433000,433.0,normalDay
2023-06-02,12840.0,4392.0,20.0,100,427.92,384.0,0,0.0,0.0,,0.0,1,0.2,0.0,SPY230602C00433000,433.0,expirationDay
2023-06-05,12840.0,4307.0,0.0,100,427.1,384.0,0,0.0,0.0,,0.0,1,0.3,0.33,SPY230616C00441000,441.0,normalDay
2023-06-06,12840.0,4403.0,0.0,100,428.03,384.0,0,0.0,0.0,,0.0,1,0.3,0.3,SPY230616C00441000,441.0,normalDay
2023-06-07,12840.0,4272.0,0.0,100,426.55,384.0,0,0.0,0.0,,0.0,1,0.3,0.13,SPY230616C00441000,441.0,normalDay
2023-06-08,12840.0,4526.0,0.0,100,429.13,384.0,0,0.0,0.0,,0.0,1,0.3,0.17,SPY230616C00441000,441.0,normalDay
2023-06-09,12840.0,4605.0,0.0,100,429.9,384.0,0,0.0,0.0,,0.0,1,0.3,0.15,SPY230616C00441000,441.0,normalDay
2023-06-12,12840.0,4956.0,0.0,100,433.8,384.0,0,0.0,0.0,,0.0,1,0.3,0.54,SPY230616C00441000,441.0,normalDay
2023-06-13,12840.0,5212.0,0.0,100,436.66,384.0,0,0.0,0.0,,0.0,1,0.3,0.84,SPY230616C00441000,441.0,normalDay
2023-06-14,12840.0,5303.0,0.0,100,437.18,384.0,0,0.0,0.0,,0.0,1,0.3,0.45,SPY230616C00441000,441.0,normalDay
2023-06-15,12840.0,5759.0,0.0,100,442.6,384.0,0,0.0,0.0,,0.0,1,0.3,1.31,SPY230616C00441000,441.0,normalDay
2023-06-16,12870.0,5546.0,30.0,100,439.46,384.0,0,0.0,0.0,,0.0,1,0.3,0.0,SPY230616C00441000,441.0,expirationDay
2023-06-20,12870.0,5318.0,0.0,100,437.18,384.0,0,0.0,0.0,,0.0,0,0.0,0.0,,0.0,bidTooLow
2023-06-21,12870.0,5094.0,0.0,100,434.94,384.0,0,0.0,0.0,,0.0,0,0.0,0.0,,0.0,bidTooLow
2023-06-22,12870.0,5251.0,0.0,100,436.51,384.0,0,0.0,0.0,,0.0,0,0.0,0.0,,0.0,bidTooLow
2023-06-23,12870.0,4921.0,0.0,100,433.21,384.0,0,0.0,0.0,,0.0,0,0.0,0.0,,0.0,bidTooLow
2023-06-26,12870.0,4744.0,0.0,100,431.44,384.0,0,0.0,0.0,,0.0,0,0.0,0.0,,0.0,bidTooLow
2023-06-27,12870.0,5217.0,0.0,100,436.17,384.0,0,0.0,0.0,,0.0,0,0.0,0.0,,0.0,bidTooLow
2023-06-28,12870.0,5239.0,0.0,100,436.39,384.0,0,0.0,0.0,,0.0,0,0.0,0.0,,0.0,bidTooLow
2023-06-29,12870.0,5411.0,0.0,100,438.11,384.0,0,0.0,0.0,,0.0,0,0.0,0.0,,0.0,bidTooLow
2023-06-30,12870.0,5925.0,0.0,100,443.28,384.0,0,0.0,0.0,,0.0,1,0.04,0.07,SPY230711C00458000,458.0,normalDay
2023-07-03,12870.0,5979.0,0.0,100,443.79,384.0,0,0.0,0.0,,0.0,1,0.04,0.04,SPY230711C00458000,458.0,normalDay
2023-07-05,12870.0,5915.0,0.0,100,443.13,384.0,0,0.0,0.0,,0.0,1,0.04,0.02,SPY230711C00458000,458.0,normalDay
2023-07-06,12870.0,5569.0,0.0,100,439.66,384.0,0,0.0,0.0,,0.0,1,0.04,0.01,SPY230711C00458000,458.0,normalDay
2023-07-07,12870.0,5458.0,0.0,100,438.55,384.0,0,0.0,0.0,,0.0,1,0.04,0.01,SPY230711C00458000,458.0,normalDay
2023-07-10,12870.0,5569.0,0.0,100,439.66,384.0,0,0.0,0.0,,0.0,1,0.04,0.01,SPY230711C00458000,458.0,normalDay
2023-07-11,12874.0,5846.0,4.0,100,442.46,384.0,0,0.0,0.0,,0.0,1,0.04,0.0,SPY230711C00458000,458.0,expirationDay
2023-07-12,12874.0,6199.0,0.0,100,446.02,384.0,0,0.0,0.0,,0.0,1,0.22,0.25,SPY230721C00457000,457.0,normalDay
2023-07-13,12874.0,6527.0,0.0,100,449.56,384.0,0,0.0,0.0,,0.0,1,0.22,0.51,SPY230721C00457000,457.0,normalDay
2023-07-14,12874.0,6524.0,0.0,100,449.28,384.0,0,0.0,0.0,,0.0,1,0.22,0.26,SPY230721C00457000,457.0,normalDay
2023-07-17,12874.0,6676.0,0.0,100,450.84,384.0,0,0.0,0.0,,0.0,1,0.22,0.3,SPY230721C00457000,457.0,normalDay
2023-07-18,12874.0,6962.0,0.0,100,454.19,384.0,0,0.0,0.0,,0.0,1,0.22,0.79,SPY230721C00457000,457.0,normalDay
2023-07-19,12874.0,7049.0,0.0,100,455.2,384.0,0,0.0,0.0,,0.0,1,0.22,0.93,SPY230721C00457000,457.0,normalDay
2023-07-20,12874.0,6830.0,0.0,100,452.18,384.0,0,0.0,0.0,,0.0,1,0.22,0.1,SPY230721C00457000,457.0,normalDay
2023-07-21,12896.0,6818.0,22.0,100,452.18,384.0,0,0.0,0.0,,0.0,1,0.22,0.0,SPY230721C00457000,457.0,expirationDay
2023-07-24,12896.0,7020.0,0.0,100,454.2,384.0,0,0.0,0.0,,0.0,0,0.0,0.0,,0.0,bidTooLow
2023-07-25,12896.0,7141.0,0.0,100,455.44,384.0,0,0.0,0.0,,0.0,1,0.01,0.04,SPY230804C00478000,478.0,normalDay
2023-07-26,12896.0,7150.0,0.0,100,455.51,384.0,0,0.0,0.0,,0.0,1,0.01,0.02,SPY230804C00478000,478.0,normalDay
2023-07-27,12896.0,6848.0,0.0,100,452.49,384.0,0,0.0,0.0,,0.0,1,0.01,0.02,SPY230804C00478000,478.0,normalDay
2023-07-28,12896.0,7291.0,0.0,100,456.92,384.0,0,0.0,0.0,,0.0,1,0.01,0.02,SPY230804C00478000,478.0,normalDay
2023-07-31,12896.0,7378.0,0.0,100,457.79,384.0,0,0.0,0.0,,0.0,1,0.01,0.02,SPY230804C00478000,478.0,normalDay
2023-08-01,12896.0,7248.0,0.0,100,456.48,384.0,0,0.0,0.0,,0.0,1,0.01,0.01,SPY230804C00478000,478.0,normalDay
2023-08-02,12896.0,6613.0,0.0,100,450.13,384.0,0,0.0,0.0,,0.0,1,0.01,0.01,SPY230804C00478000,478.0,normalDay
2023-08-03,12896.0,6484.0,0.0,100,448.84,384.0,0,0.0,0.0,,0.0,1,0.01,0.01,SPY230804C00478000,478.0,normalDay
2023-08-04,12897.0,6281.0,1.0,100,446.81,384.0,0,0.0,0.0,,0.0,1,0.01,0.0,SPY230804C00478000,478.0,expirationDay
2023-08-07,12897.0,6668.0,0.0,100,450.71,384.0,0,0.0,0.0,,0.0,1,0.01,0.04,SPY230818C00471000,471.0,normalDay
2023-08-08,12897.0,6473.0,0.0,100,448.75,384.0,0,0.0,0.0,,0.0,1,0.01,0.03,SPY230818C00471000,471.0,normalDay
2023-08-09,12897.0,6174.0,0.0,100,445.75,384.0,0,0.0,0.0,,0.0,1,0.01,0.02,SPY230818C00471000,471.0,normalDay
2023-08-10,12897.0,6190.0,0.0,100,445.91,384.0,0,0.0,0.0,,0.0,1,0.01,0.02,SPY230818C00471000,471.0,normalDay
2023-08-11,12897.0,6165.0,0.0,100,445.65,384.0,0,0.0,0.0,,0.0,1,0.01,0.01,SPY230818C00471000,471.0,normalDay
2023-08-14,12897.0,6411.0,0.0,100,448.11,384.0,0,0.0,0.0,,0.0,1,0.01,0.01,SPY230818C00471000,471.0,normalDay
2023-08-15,12897.0,5889.0,0.0,100,442.89,384.0,0,0.0,0.0,,0.0,1,0.01,0.01,SPY230818C00471000,471.0,normalDay
2023-08-16,12897.0,5564.0,0.0,100,439.64,384.0,0,0.0,0.0,,0.0,1,0.01,0.01,SPY230818C00471000,471.0,normalDay
2023-08-17,12897.0,5229.0,0.0,100,436.29,384.0,0,0.0,0.0,,0.0,1,0.01,0.01,SPY230818C00471000,471.0,normalDay
2023-08-18,12898.0,5250.0,1.0,100,436.5,384.0,0,0.0,0.0,,0.0,1,0.01,0.0,SPY230818C00471000,471.0,expirationDay
2023-08-21,12898.0,5534.0,0.0,100,439.34,384.0,0,0.0,0.0,,0.0,0,0.0,0.0,,0.0,bidTooLow
2023-08-22,12898.0,5415.0,0.0,100,438.15,384.0,0,0.0,0.0,,0.0,0,0.0,0.0,,0.0,bidTooLow
2023-08-23,12898.0,5903.0,0.0,100,443.03,384.0,0,0.0,0.0,,0.0,0,0.0,0.0,,0.0,bidTooLow
2023-08-24,12898.0,5289.0,0.0,100,436.89,384.0,0,0.0,0.0,,0.0,0,0.0,0.0,,0.0,bidTooLow
2023-08-25,12898.0,5597.0,0.0,100,439.97,384.0,0,0.0,0.0,,0.0,0,0.0,0.0,,0.0,bidTooLow
2023-08-28,12898.0,5876.0,0.0,100,442.76,384.0,0,0.0,0.0,,0.0,0,0.0,0.0,,0.0,bidTooLow
2023-08-29,12898.0,6513.0,0.0,100,449.16,384.0,0,0.0,0.0,,0.0,1,0.06,0.09,SPY230908C00467000,467.0,normalDay
2023-08-30,12898.0,6699.0,0.0,100,451.01,384.0,0,0.0,0.0,,0.0,1,0.06,0.08,SPY230908C00467000,467.0,normalDay
2023-08-31,12898.0,6637.0,0.0,100,450.35,384.0,0,0.0,0.0,,0.0,1,0.06,0.04,SPY230908C00467000,467.0,normalDay
2023-09-01,12898.0,6723.0,0.0,100,451.19,384.0,0,0.0,0.0,,0.0,1,0.06,0.02,SPY230908C00467000,467.0,normalDay
2023-09-05,12898.0,6529.0,0.0,100,449.24,384.0,0,0.0,0.0,,0.0,1,0.06,0.01,SPY230908C00467000,467.0,normalDay
2023-09-06,12898.0,6227.0,0.0,100,446.22,384.0,0,0.0,0.0,,0.0,1,0.06,0.01,SPY230908C00467000,467.0,normalDay
2023-09-07,12898.0,6090.0,0.0,100,444.85,384.0,0,0.0,0.0,,0.0,1,0.06,0.01,SPY230908C00467000,467.0,normalDay
2023-09-08,12904.0,6152.0,6.0,100,445.52,384.0,0,0.0,0.0,,0.0,1,0.06,0.0,SPY230908C00467000,467.0,expirationDay
2023-09-11,12904.0,6445.0,0.0,100,448.45,384.0,0,0.0,0.0,,0.0,0,0.0,0.0,,0.0,bidTooLow
2023-09-12,12904.0,6199.0,0.0,100,445.99,384.0,0,0.0,0.0,,0.0,0,0.0,0.0,,0.0,bidTooLow
2023-09-13,12904.0,6251.0,0.0,100,446.51,384.0,0,0.0,0.0,,0.0,0,0.0,0.0,,0.0,bidTooLow
2023-09-14,12904.0,6636.0,0.0,100,450.36,384.0,0,0.0,0.0,,0.0,0,0.0,0.0,,0.0,bidTooLow
2023-09-15,12904.0,5937.0,0.0,100,443.37,384.0,0,0.0,0.0,,0.0,0,0.0,0.0,,0.0,bidTooLow
2023-09-18,12904.0,5963.0,0.0,100,443.63,384.0,0,0.0,0.0,,0.0,0,0.0,0.0,,0.0,bidTooLow
2023-09-19,12904.0,5871.0,0.0,100,442.71,384.0,0,0.0,0.0,,0.0,0,0.0,0.0,,0.0,bidTooLow
2023-09-20,12904.0,5464.0,0.0,100,438.64,384.0,0,0.0,0.0,,0.0,0,0.0,0.0,,0.0,bidTooLow
2023-09-21,12904.0,4739.0,0.0,100,431.39,384.0,0,0.0,0.0,,0.0,0,0.0,0.0,,0.0,bidTooLow
2023-09-22,12904.0,4642.0,0.0,100,430.42,384.0,0,0.0,0.0,,0.0,0,0.0,0.0,,0.0,bidTooLow
2023-09-25,12904.0,4823.0,0.0,100,432.23,384.0,0,0.0,0.0,,0.0,0,0.0,0.0,,0.0,bidTooLow
2023-09-26,12904.0,4188.0,0.0,100,425.88,384.0,0,0.0,0.0,,0.0,0,0.0,0.0,,0.0,bidTooLow
2023-09-27,12904.0,4205.0,0.0,100,426.05,384.0,0,0.0,0.0,,0.0,0,0.0,0.0,,0.0,bidTooLow
2023-09-28,12904.0,4452.0,0.0,100,428.52,384.0,0,0.0,0.0,,0.0,0,0.0,0.0,,0.0,bidTooLow
2023-09-29,12904.0,4348.0,0.0,100,427.48,384.0,0,0.0,0.0,,0.0,0,0.0,0.0,,0.0,bidTooLow
2023-10-02,12904.0,4331.0,0.0,100,427.31,384.0,0,0.0,0.0,,0.0,0,0.0,0.0,,0.0,bidTooLow
2023-10-03,12904.0,3759.0,0.0,100,421.59,384.0,0,0.0,0.0,,0.0,0,0.0,0.0,,0.0,bidTooLow
2023-10-04,12904.0,4066.0,0.0,100,424.66,384.0,0,0.0,0.0,,0.0,0,0.0,0.0,,0.0,bidTooLow
2023-10-05,12904.0,4050.0,0.0,100,424.5,384.0,0,0.0,0.0,,0.0,0,0.0,0.0,,0.0,bidTooLow
2023-10-06,12904.0,4554.0,0.0,100,429.54,384.0,0,0.0,0.0,,0.0,0,0.0,0.0,,0.0,bidTooLow
2023-10-09,12904.0,4829.0,0.0,100,432.29,384.0,0,0.0,0.0,,0.0,0,0.0,0.0,,0.0,bidTooLow
2023-10-10,12904.0,5054.0,0.0,100,434.54,384.0,0,0.0,0.0,,0.0,0,0.0,0.0,,0.0,bidTooLow
2023-10-11,12904.0,5232.0,0.0,100,436.32,384.0,0,0.0,0.0,,0.0,0,0.0,0.0,,0.0,bidTooLow
2023-10-12,12904.0,4966.0,0.0,100,433.66,384.0,0,0.0,0.0,,0.0,0,0.0,0.0,,0.0,bidTooLow
2023-10-13,12904.0,4750.0,0.0,100,431.5,384.0,0,0.0,0.0,,0.0,0,0.0,0.0,,0.0,bidTooLow
2023-10-16,12904.0,5201.0,0.0,100,436.04,384.0,0,0.0,0.0,,0.0,1,0.05,0.08,SPY231027C00456000,456.0,normalDay
2023-10-17,12904.0,5201.0,0.0,100,436.02,384.0,0,0.0,0.0,,0.0,1,0.05,0.06,SPY231027C00456000,456.0,normalDay
2023-10-18,12904.0,4623.0,0.0,100,430.21,384.0,0,0.0,0.0,,0.0,1,0.05,0.03,SPY231027C00456000,456.0,normalDay
2023-10-19,12904.0,4245.0,0.0,100,426.43,384.0,0,0.0,0.0,,0.0,1,0.05,0.03,SPY231027C00456000,456.0,normalDay
2023-10-20,12904.0,3722.0,0.0,100,421.19,384.0,0,0.0,0.0,,0.0,1,0.05,0.02,SPY231027C00456000,456.0,normalDay
2023-10-23,12904.0,3650.0,0.0,100,420.46,384.0,0,0.0,0.0,,0.0,1,0.05,0.01,SPY231027C00456000,456.0,normalDay
2023-10-24,12904.0,3967.0,0.0,100,423.63,384.0,0,0.0,0.0,,0.0,1,0.05,0.01,SPY231027C00456000,456.0,normalDay
2023-10-25,12904.0,3359.0,0.0,100,417.55,384.0,0,0.0,0.0,,0.0,1,0.05,0.01,SPY231027C00456000,456.0,normalDay
2023-10-26,12904.0,2859.0,0.0,100,412.55,384.0,0,0.0,0.0,,0.0,1,0.05,0.01,SPY231027C00456000,456.0,normalDay
2023-10-27,12909.0,2668.0,5.0,100,410.68,384.0,0,0.0,0.0,,0.0,1,0.05,0.0,SPY231027C00456000,456.0,expirationDay
2023-10-30,12909.0,3159.0,0.0,100,415.59,384.0,0,0.0,0.0,,0.0,0,0.0,0.0,,0.0,bidTooLow
2023-10-31,12909.0,3420.0,0.0,100,418.2,384.0,0,0.0,0.0,,0.0,0,0.0,0.0,,0.0,bidTooLow
2023-11-01,12909.0,3866.0,0.0,100,422.66,384.0,0,0.0,0.0,,0.0,0,0.0,0.0,,0.0,bidTooLow
2023-11-02,12909.0,4676.0,0.0,100,430.76,384.0,0,0.0,0.0,,0.0,0,0.0,0.0,,0.0,bidTooLow
2023-11-03,12909.0,5069.0,0.0,100,434.69,384.0,0,0.0,0.0,,0.0,0,0.0,0.0,,0.0,bidTooLow
2023-11-06,12909.0,5169.0,0.0,100,435.69,384.0,0,0.0,0.0,,0.0,0,0.0,0.0,,0.0,bidTooLow
2023-11-07,12909.0,5293.0,0.0,100,436.93,384.0,0,0.0,0.0,,0.0,0,0.0,0.0,,0.0,bidTooLow
2023-11-08,12909.0,5325.0,0.0,100,437.25,384.0,0,0.0,0.0,,0.0,0,0.0,0.0,,0.0,bidTooLow
2023-11-09,12909.0,4984.0,0.0,100,433.84,384.0,0,0.0,0.0,,0.0,0,0.0,0.0,,0.0,bidTooLow
2023-11-10,12909.0,5661.0,0.0,100,440.61,384.0,0,0.0,0.0,,0.0,0,0.0,0.0,,0.0,bidTooLow
2023-11-13,12909.0,5619.0,0.0,100,440.19,384.0,0,0.0,0.0,,0.0,0,0.0,0.0,,0.0,bidTooLow
2023-11-14,12909.0,6473.0,0.0,100,448.73,384.0,0,0.0,0.0,,0.0,0,0.0,0.0,,0.0,bidTooLow
2023-11-15,12909.0,6568.0,0.0,100,449.68,384.0,0,0.0,0.0,,0.0,0,0.0,0.0,,0.0,bidTooLow
2023-11-16,12909.0,6623.0,0.0,100,450.23,384.0,0,0.0,0.0,,0.0,0,0.0,0.0,,0.0,bidTooLow
2023-11-17,12909.0,6679.0,0.0,100,450.79,384.0,0,0.0,0.0,,0.0,0,0.0,0.0,,0.0,bidTooLow
2023-11-20,12909.0,7026.0,0.0,100,454.26,384.0,0,0.0,0.0,,0.0,0,0.0,0.0,,0.0,bidTooLow
2023-11-21,12909.0,6927.0,0.0,100,453.27,384.0,0,0.0,0.0,,0.0,0,0.0,0.0,,0.0,bidTooLow
2023-11-22,12909.0,7102.0,0.0,100,455.02,384.0,0,0.0,0.0,,0.0,0,0.0,0.0,,0.0,bidTooLow
2023-11-24,12909.0,7130.0,0.0,100,455.3,384.0,0,0.0,0.0,,0.0,0,0.0,0.0,,0.0,bidTooLow
2023-11-27,12909.0,7048.0,0.0,100,454.48,384.0,0,0.0,0.0,,0.0,0,0.0,0.0,,0.0,bidTooLow
2023-11-28,12909.0,7093.0,0.0,100,454.93,384.0,0,0.0,0.0,,0.0,0,0.0,0.0,,0.0,bidTooLow
2023-11-29,12909.0,7061.0,0.0,100,454.61,384.0,0,0.0,0.0,,0.0,0,0.0,0.0,,0.0,bidTooLow
2023-11-30,12909.0,7240.0,0.0,100,456.4,384.0,0,0.0,0.0,,0.0,0,0.0,0.0,,0.0,bidTooLow
