date,totalCapital,unrializedPnL,rializedPnL,stocksOwned,stocksPriceToday,stocksPriceBoughtAt,putOwned,putOwnedSoldAt,putPriceToday,putOwnedContract,putOwnedStrike,callOwned,callOwnedSoldAt,callPriceToday,callOwnedContract,callOwnedStrike,trackType
2018-11-01,0.0,-9.0,0.0,0,273.51,0.0,1,8.82,8.91,SPY190118P00274000,274.0,0,0.0,0.0,,0.0,normalDay
2018-11-02,0.0,-74.0,0.0,0,271.89,0.0,1,8.82,9.56,SPY190118P00274000,274.0,0,0.0,0.0,,0.0,normalDay
2018-11-05,0.0,21.0,0.0,0,273.39,0.0,1,8.82,8.61,SPY190118P00274000,274.0,0,0.0,0.0,,0.0,normalDay
2018-11-06,0.0,112.0,0.0,0,275.12,0.0,1,8.82,7.7,SPY190118P00274000,274.0,0,0.0,0.0,,0.0,normalDay
2018-11-07,0.0,388.0,0.0,0,281.01,0.0,1,8.82,4.94,SPY190118P00274000,274.0,0,0.0,0.0,,0.0,normalDay
2018-11-08,0.0,383.0,0.0,0,280.5,0.0,1,8.82,4.99,SPY190118P00274000,274.0,0,0.0,0.0,,0.0,normalDay
2018-11-09,0.0,269.0,0.0,0,277.76,0.0,1,8.82,6.13,SPY190118P00274000,274.0,0,0.0,0.0,,0.0,normalDay
2018-11-12,0.0,30.0,0.0,0,272.57,0.0,1,8.82,8.52,SPY190118P00274000,274.0,0,0.0,0.0,,0.0,normalDay
2018-11-13,0.0,-2.0,0.0,0,272.06,0.0,1,8.82,8.84,SPY190118P00274000,274.0,0,0.0,0.0,,0.0,normalDay
2018-11-14,0.0,-140.0,0.0,0,270.2,0.0,1,8.82,10.22,SPY190118P00274000,274.0,0,0.0,0.0,,0.0,normalDay
2018-11-15,0.0,42.0,0.0,0,273.02,0.0,1,8.82,8.4,SPY190118P00274000,274.0,0,0.0,0.0,,0.0,normalDay
2018-11-16,0.0,135.0,0.0,0,273.73,0.0,1,8.82,7.47,SPY190118P00274000,274.0,0,0.0,0.0,,0.0,normalDay
2018-11-19,0.0,-125.0,0.0,0,269.1,0.0,1,8.82,10.07,SPY190118P00274000,274.0,0,0.0,0.0,,0.0,normalDay
2018-11-20,0.0,-503.0,0.0,0,264.12,0.0,1,8.82,13.85,SPY190118P00274000,274.0,0,0.0,0.0,,0.0,normalDay
2018-11-21,0.0,-401.0,0.0,0,265.02,0.0,1,8.82,12.83,SPY190118P00274000,274.0,0,0.0,0.0,,0.0,normalDay
2018-11-23,0.0,-537.0,0.0,0,263.25,0.0,1,8.82,14.19,SPY190118P00274000,274.0,0,0.0,0.0,,0.0,normalDay
2018-11-26,0.0,-159.0,0.0,0,267.5,0.0,1,8.82,10.41,SPY190118P00274000,274.0,0,0.0,0.0,,0.0,normalDay
2018-11-27,0.0,-118.0,0.0,0,268.4,0.0,1,8.82,10.0,SPY190118P00274000,274.0,0,0.0,0.0,,0.0,normalDay
2018-11-28,0.0,199.0,0.0,0,274.58,0.0,1,8.82,6.83,SPY190118P00274000,274.0,0,0.0,0.0,,0.0,normalDay
2018-11-29,0.0,184.0,0.0,0,273.98,0.0,1,8.82,6.98,SPY190118P00274000,274.0,0,0.0,0.0,,0.0,normalDay
2018-11-30,0.0,284.0,0.0,0,275.65,0.0,1,8.82,5.98,SPY190118P00274000,274.0,0,0.0,0.0,,0.0,normalDay
2018-12-03,0.0,464.0,0.0,0,279.3,0.0,1,8.82,4.18,SPY190118P00274000,274.0,0,0.0,0.0,,0.0,normalDay
2018-12-04,0.0,-5.0,0.0,0,270.25,0.0,1,8.82,8.87,SPY190118P00274000,274.0,0,0.0,0.0,,0.0,normalDay
2018-12-06,0.0,-33.0,0.0,0,269.84,0.0,1,8.82,9.15,SPY190118P00274000,274.0,0,0.0,0.0,,0.0,normalDay
2018-12-07,0.0,-491.0,0.0,0,263.57,0.0,1,8.82,13.73,SPY190118P00274000,274.0,0,0.0,0.0,,0.0,normalDay
2018-12-10,0.0,-386.0,0.0,0,264.07,0.0,1,8.82,12.68,SPY190118P00274000,274.0,0,0.0,0.0,,0.0,normalDay
2018-12-11,0.0,-382.0,0.0,0,264.13,0.0,1,8.82,12.64,SPY190118P00274000,274.0,0,0.0,0.0,,0.0,normalDay
2018-12-12,0.0,-307.0,0.0,0,265.46,0.0,1,8.82,11.89,SPY190118P00274000,274.0,0,0.0,0.0,,0.0,normalDay
2018-12-13,0.0,-294.0,0.0,0,265.37,0.0,1,8.82,11.76,SPY190118P00274000,274.0,0,0.0,0.0,,0.0,normalDay
2018-12-14,0.0,-672.0,0.0,0,260.47,0.0,1,8.82,15.54,SPY190118P00274000,274.0,0,0.0,0.0,,0.0,normalDay
2018-12-17,0.0,-1137.0,0.0,0,255.36,0.0,1,8.82,20.19,SPY190118P00274000,274.0,0,0.0,0.0,,0.0,normalDay
2018-12-18,0.0,-1230.0,0.0,0,255.08,0.0,1,8.82,21.12,SPY190118P00274000,274.0,0,0.0,0.0,,0.0,normalDay
2018-12-19,0.0,-1539.0,0.0,0,251.26,0.0,1,8.82,24.21,SPY190118P00274000,274.0,0,0.0,0.0,,0.0,normalDay
2018-12-20,0.0,-1882.0,0.0,0,247.17,0.0,1,8.82,27.64,SPY190118P00274000,274.0,0,0.0,0.0,,0.0,normalDay
2018-12-21,0.0,-2523.0,0.0,0,240.7,0.0,1,8.82,34.05,SPY190118P00274000,274.0,0,0.0,0.0,,0.0,normalDay
2018-12-24,0.0,-3318.0,0.0,0,234.34,0.0,1,8.82,42.0,SPY190118P00274000,274.0,0,0.0,0.0,,0.0,normalDay
2018-12-26,0.0,-1893.0,0.0,0,246.18,0.0,1,8.82,27.75,SPY190118P00274000,274.0,0,0.0,0.0,,0.0,normalDay
2018-12-27,0.0,-1673.0,0.0,0,248.07,0.0,1,8.82,25.55,SPY190118P00274000,274.0,0,0.0,0.0,,0.0,normalDay
2018-12-28,0.0,-1757.0,0.0,0,247.75,0.0,1,8.82,26.39,SPY190118P00274000,274.0,0,0.0,0.0,,0.0,normalDay
2018-12-31,0.0,-1560.0,0.0,0,249.92,0.0,1,8.82,24.42,SPY190118P00274000,274.0,0,0.0,0.0,,0.0,normalDay
2019-01-02,0.0,-1490.0,0.0,0,250.18,0.0,1,8.82,23.72,SPY190118P00274000,274.0,0,0.0,0.0,,0.0,normalDay
2019-01-03,0.0,-2125.0,0.0,0,244.21,0.0,1,8.82,30.07,SPY190118P00274000,274.0,0,0.0,0.0,,0.0,normalDay
2019-01-04,0.0,-1288.0,0.0,0,252.39,0.0,1,8.82,21.7,SPY190118P00274000,274.0,0,0.0,0.0,,0.0,normalDay
2019-01-07,0.0,-1109.0,0.0,0,254.38,0.0,1,8.82,19.91,SPY190118P00274000,274.0,0,0.0,0.0,,0.0,normalDay
2019-01-08,0.0,-871.0,0.0,0,256.77,0.0,1,8.82,17.53,SPY190118P00274000,274.0,0,0.0,0.0,,0.0,normalDay
2019-01-09,0.0,-751.0,0.0,0,257.97,0.0,1,8.82,16.33,SPY190118P00274000,274.0,0,0.0,0.0,,0.0,normalDay
2019-01-10,0.0,-648.0,0.0,0,258.88,0.0,1,8.82,15.3,SPY190118P00274000,274.0,0,0.0,0.0,,0.0,normalDay
2019-01-11,0.0,-639.0,0.0,0,258.98,0.0,1,8.82,15.21,SPY190118P00274000,274.0,0,0.0,0.0,,0.0,normalDay
2019-01-14,0.0,-788.0,0.0,0,257.4,0.0,1,8.82,16.7,SPY190118P00274000,274.0,0,0.0,0.0,,0.0,normalDay
2019-01-15,0.0,-510.0,0.0,0,260.35,0.0,1,8.82,13.92,SPY190118P00274000,274.0,0,0.0,0.0,,0.0,normalDay
2019-01-16,0.0,-442.0,0.0,0,260.98,0.0,1,8.82,13.24,SPY190118P00274000,274.0,0,0.0,0.0,,0.0,normalDay
2019-01-17,0.0,-238.0,0.0,0,262.96,0.0,1,8.82,11.2,SPY190118P00274000,274.0,0,0.0,0.0,,0.0,normalDay
2019-01-18,882.0,-754.0,882.0,100,266.46,274.0,1,8.82,0.0,SPY190118P00274000,274.0,0,0.0,0.0,,0.0,expirationDay
2019-01-22,882.0,-1129.0,0.0,100,262.86,274.0,0,0.0,0.0,,0.0,1,4.55,4.7,SPY200117C00295000,295.0,normalDay
2019-01-23,882.0,-1062.0,0.0,100,263.41,274.0,0,0.0,0.0,,0.0,1,4.55,4.58,SPY200117C00295000,295.0,normalDay
2019-01-24,882.0,-1021.0,0.0,100,263.55,274.0,0,0.0,0.0,,0.0,1,4.55,4.31,SPY200117C00295000,295.0,normalDay
2019-01-25,882.0,-881.0,0.0,100,265.78,274.0,0,0.0,0.0,,0.0,1,4.55,5.14,SPY200117C00295000,295.0,normalDay
2019-01-28,882.0,-1026.0,0.0,100,263.76,274.0,0,0.0,0.0,,0.0,1,4.55,4.57,SPY200117C00295000,295.0,normalDay
2019-01-29,882.0,-1050.0,0.0,100,263.41,274.0,0,0.0,0.0,,0.0,1,4.55,4.46,SPY200117C00295000,295.0,normalDay
2019-01-30,882.0,-727.0,0.0,100,267.58,274.0,0,0.0,0.0,,0.0,1,4.55,5.4,SPY200117C00295000,295.0,normalDay
2019-01-31,882.0,-553.0,0.0,100,269.93,274.0,0,0.0,0.0,,0.0,1,4.55,6.01,SPY200117C00295000,295.0,normalDay
2019-02-01,882.0,-535.0,0.0,100,270.06,274.0,0,0.0,0.0,,0.0,1,4.55,5.96,SPY200117C00295000,295.0,normalDay
2019-02-04,882.0,-383.0,0.0,100,271.96,274.0,0,0.0,0.0,,0.0,1,4.55,6.34,SPY200117C00295000,295.0,normalDay
2019-02-05,882.0,-285.0,0.0,100,273.1,274.0,0,0.0,0.0,,0.0,1,4.55,6.5,SPY200117C00295000,295.0,normalDay
2019-02-06,882.0,-300.0,0.0,100,272.74,274.0,0,0.0,0.0,,0.0,1,4.55,6.29,SPY200117C00295000,295.0,normalDay
2019-02-07,882.0,-481.0,0.0,100,270.14,274.0,0,0.0,0.0,,0.0,1,4.55,5.5,SPY200117C00295000,295.0,normalDay
2019-02-08,882.0,-442.0,0.0,100,270.47,274.0,0,0.0,0.0,,0.0,1,4.55,5.44,SPY200117C00295000,295.0,normalDay
2019-02-11,882.0,-427.0,0.0,100,270.62,274.0,0,0.0,0.0,,0.0,1,4.55,5.44,SPY200117C00295000,295.0,normalDay
2019-02-12,882.0,-192.0,0.0,100,274.1,274.0,0,0.0,0.0,,0.0,1,4.55,6.57,SPY200117C00295000,295.0,normalDay
2019-02-13,882.0,-128.0,0.0,100,274.99,274.0,0,0.0,0.0,,0.0,1,4.55,6.82,SPY200117C00295000,295.0,normalDay
2019-02-14,882.0,-181.0,0.0,100,274.38,274.0,0,0.0,0.0,,0.0,1,4.55,6.74,SPY200117C00295000,295.0,normalDay
2019-02-15,882.0,28.0,0.0,100,277.37,274.0,0,0.0,0.0,,0.0,1,4.55,7.64,SPY200117C00295000,295.0,normalDay
2019-02-19,882.0,98.0,0.0,100,277.85,274.0,0,0.0,0.0,,0.0,1,4.55,7.42,SPY200117C00295000,295.0,normalDay
2019-02-20,882.0,151.0,0.0,100,278.41,274.0,0,0.0,0.0,,0.0,1,4.55,7.45,SPY200117C00295000,295.0,normalDay
2019-02-21,882.0,95.0,0.0,100,277.42,274.0,0,0.0,0.0,,0.0,1,4.55,7.02,SPY200117C00295000,295.0,normalDay
2019-02-22,882.0,223.0,0.0,100,279.14,274.0,0,0.0,0.0,,0.0,1,4.55,7.46,SPY200117C00295000,295.0,normalDay
2019-02-25,882.0,235.0,0.0,100,279.52,274.0,0,0.0,0.0,,0.0,1,4.55,7.72,SPY200117C00295000,295.0,normalDay
2019-02-26,882.0,224.0,0.0,100,279.32,274.0,0,0.0,0.0,,0.0,1,4.55,7.63,SPY200117C00295000,295.0,normalDay
2019-02-27,882.0,221.0,0.0,100,279.2,274.0,0,0.0,0.0,,0.0,1,4.55,7.54,SPY200117C00295000,295.0,normalDay
2019-02-28,882.0,208.0,0.0,100,278.68,274.0,0,0.0,0.0,,0.0,1,4.55,7.15,SPY200117C00295000,295.0,normalDay
2019-03-01,882.0,332.0,0.0,100,280.42,274.0,0,0.0,0.0,,0.0,1,4.55,7.65,SPY200117C00295000,295.0,normalDay
2019-03-04,882.0,277.0,0.0,100,279.4,274.0,0,0.0,0.0,,0.0,1,4.55,7.18,SPY200117C00295000,295.0,normalDay
2019-03-05,882.0,256.0,0.0,100,279.02,274.0,0,0.0,0.0,,0.0,1,4.55,7.01,SPY200117C00295000,295.0,normalDay
2019-03-06,882.0,136.0,0.0,100,277.33,274.0,0,0.0,0.0,,0.0,1,4.55,6.52,SPY200117C00295000,295.0,normalDay
2019-03-07,882.0,-49.0,0.0,100,275.01,274.0,0,0.0,0.0,,0.0,1,4.55,6.05,SPY200117C00295000,295.0,normalDay
2019-03-08,882.0,-88.0,0.0,100,274.46,274.0,0,0.0,0.0,,0.0,1,4.55,5.89,SPY200117C00295000,295.0,normalDay
2019-03-11,882.0,207.0,0.0,100,278.44,274.0,0,0.0,0.0,,0.0,1,4.55,6.92,SPY200117C00295000,295.0,normalDay
2019-03-12,882.0,294.0,0.0,100,279.49,274.0,0,0.0,0.0,,0.0,1,4.55,7.1,SPY200117C00295000,295.0,normalDay
2019-03-13,882.0,397.0,0.0,100,281.34,274.0,0,0.0,0.0,,0.0,1,4.55,7.92,SPY200117C00295000,295.0,normalDay
2019-03-14,882.0,403.0,0.0,100,281.16,274.0,0,0.0,0.0,,0.0,1,4.55,7.68,SPY200117C00295000,295.0,normalDay
2019-03-15,882.0,366.0,0.0,100,281.31,274.0,0,0.0,0.0,,0.0,1,4.55,8.2,SPY200117C00295000,295.0,normalDay
2019-03-18,882.0,408.0,0.0,100,282.33,274.0,0,0.0,0.0,,0.0,1,4.55,8.8,SPY200117C00295000,295.0,normalDay
2019-03-19,882.0,424.0,0.0,100,282.4,274.0,0,0.0,0.0,,0.0,1,4.55,8.71,SPY200117C00295000,295.0,normalDay
2019-03-20,882.0,376.0,0.0,100,281.55,274.0,0,0.0,0.0,,0.0,1,4.55,8.34,SPY200117C00295000,295.0,normalDay
2019-03-21,882.0,546.0,0.0,100,284.73,274.0,0,0.0,0.0,,0.0,1,4.55,9.82,SPY200117C00295000,295.0,normalDay
2019-03-22,882.0,161.0,0.0,100,279.25,274.0,0,0.0,0.0,,0.0,1,4.55,8.19,SPY200117C00295000,295.0,normalDay
2019-03-25,882.0,187.0,0.0,100,279.04,274.0,0,0.0,0.0,,0.0,1,4.55,7.72,SPY200117C00295000,295.0,normalDay
2019-03-26,882.0,352.0,0.0,100,281.12,274.0,0,0.0,0.0,,0.0,1,4.55,8.15,SPY200117C00295000,295.0,normalDay
2019-03-27,882.0,241.0,0.0,100,279.65,274.0,0,0.0,0.0,,0.0,1,4.55,7.79,SPY200117C00295000,295.0,normalDay
2019-03-28,882.0,317.0,0.0,100,280.71,274.0,0,0.0,0.0,,0.0,1,4.55,8.09,SPY200117C00295000,295.0,normalDay
2019-03-29,882.0,430.0,0.0,100,282.48,274.0,0,0.0,0.0,,0.0,1,4.55,8.73,SPY200117C00295000,295.0,normalDay
2019-04-01,882.0,639.0,0.0,100,285.83,274.0,0,0.0,0.0,,0.0,1,4.55,9.99,SPY200117C00295000,295.0,normalDay
2019-04-02,882.0,658.0,0.0,100,285.97,274.0,0,0.0,0.0,,0.0,1,4.55,9.94,SPY200117C00295000,295.0,normalDay
2019-04-03,882.0,661.0,0.0,100,286.42,274.0,0,0.0,0.0,,0.0,1,4.55,10.36,SPY200117C00295000,295.0,normalDay
2019-04-04,882.0,709.0,0.0,100,287.18,274.0,0,0.0,0.0,,0.0,1,4.55,10.64,SPY200117C00295000,295.0,normalDay
2019-04-05,882.0,794.0,0.0,100,288.57,274.0,0,0.0,0.0,,0.0,1,4.55,11.18,SPY200117C00295000,295.0,normalDay
2019-04-08,882.0,811.0,0.0,100,288.79,274.0,0,0.0,0.0,,0.0,1,4.55,11.23,SPY200117C00295000,295.0,normalDay
2019-04-09,882.0,728.0,0.0,100,287.31,274.0,0,0.0,0.0,,0.0,1,4.55,10.58,SPY200117C00295000,295.0,normalDay
2019-04-10,882.0,779.0,0.0,100,288.29,274.0,0,0.0,0.0,,0.0,1,4.55,11.05,SPY200117C00295000,295.0,normalDay
2019-04-11,882.0,791.0,0.0,100,288.21,274.0,0,0.0,0.0,,0.0,1,4.55,10.85,SPY200117C00295000,295.0,normalDay
2019-04-12,882.0,890.0,0.0,100,290.16,274.0,0,0.0,0.0,,0.0,1,4.55,11.81,SPY200117C00295000,295.0,normalDay
2019-04-15,882.0,884.0,0.0,100,289.97,274.0,0,0.0,0.0,,0.0,1,4.55,11.68,SPY200117C00295000,295.0,normalDay
2019-04-16,882.0,910.0,0.0,100,290.16,274.0,0,0.0,0.0,,0.0,1,4.55,11.61,SPY200117C00295000,295.0,normalDay
2019-04-17,882.0,877.0,0.0,100,289.45,274.0,0,0.0,0.0,,0.0,1,4.55,11.23,SPY200117C00295000,295.0,normalDay
2019-04-18,882.0,891.0,0.0,100,290.02,274.0,0,0.0,0.0,,0.0,1,4.55,11.66,SPY200117C00295000,295.0,normalDay
2019-04-22,882.0,914.0,0.0,100,290.27,274.0,0,0.0,0.0,,0.0,1,4.55,11.68,SPY200117C00295000,295.0,normalDay
2019-04-23,882.0,1038.0,0.0,100,292.88,274.0,0,0.0,0.0,,0.0,1,4.55,13.05,SPY200117C00295000,295.0,normalDay
2019-04-24,882.0,994.0,0.0,100,292.23,274.0,0,0.0,0.0,,0.0,1,4.55,12.84,SPY200117C00295000,295.0,normalDay
2019-04-25,882.0,992.0,0.0,100,292.05,274.0,0,0.0,0.0,,0.0,1,4.55,12.68,SPY200117C00295000,295.0,normalDay
2019-04-26,882.0,1059.0,0.0,100,293.41,274.0,0,0.0,0.0,,0.0,1,4.55,13.37,SPY200117C00295000,295.0,normalDay
2019-04-29,882.0,1079.0,0.0,100,293.87,274.0,0,0.0,0.0,,0.0,1,4.55,13.63,SPY200117C00295000,295.0,normalDay
2019-04-30,882.0,1065.0,0.0,100,294.02,274.0,0,0.0,0.0,,0.0,1,4.55,13.92,SPY200117C00295000,295.0,normalDay
2019-05-01,882.0,967.0,0.0,100,291.81,274.0,0,0.0,0.0,,0.0,1,4.55,12.69,SPY200117C00295000,295.0,normalDay
2019-05-02,882.0,951.0,0.0,100,291.18,274.0,0,0.0,0.0,,0.0,1,4.55,12.22,SPY200117C00295000,295.0,normalDay
2019-05-03,882.0,1084.0,0.0,100,294.03,274.0,0,0.0,0.0,,0.0,1,4.55,13.74,SPY200117C00295000,295.0,normalDay
2019-05-06,882.0,1020.0,0.0,100,292.82,274.0,0,0.0,0.0,,0.0,1,4.55,13.17,SPY200117C00295000,295.0,normalDay
2019-05-07,882.0,683.0,0.0,100,287.93,274.0,0,0.0,0.0,,0.0,1,4.55,11.65,SPY200117C00295000,295.0,normalDay
2019-05-08,882.0,701.0,0.0,100,287.53,274.0,0,0.0,0.0,,0.0,1,4.55,11.07,SPY200117C00295000,295.0,normalDay
2019-05-09,882.0,679.0,0.0,100,286.66,274.0,0,0.0,0.0,,0.0,1,4.55,10.42,SPY200117C00295000,295.0,normalDay
2019-05-10,882.0,833.0,0.0,100,288.1,274.0,0,0.0,0.0,,0.0,1,4.55,10.32,SPY200117C00295000,295.0,normalDay
2019-05-13,882.0,390.0,0.0,100,280.86,274.0,0,0.0,0.0,,0.0,1,4.55,7.51,SPY200117C00295000,295.0,normalDay
2019-05-14,882.0,568.0,0.0,100,283.4,274.0,0,0.0,0.0,,0.0,1,4.55,8.27,SPY200117C00295000,295.0,normalDay
2019-05-15,882.0,675.0,0.0,100,285.06,274.0,0,0.0,0.0,,0.0,1,4.55,8.86,SPY200117C00295000,295.0,normalDay
2019-05-16,882.0,844.0,0.0,100,287.7,274.0,0,0.0,0.0,,0.0,1,4.55,9.81,SPY200117C00295000,295.0,normalDay
2019-05-17,882.0,738.0,0.0,100,285.84,274.0,0,0.0,0.0,,0.0,1,4.55,9.01,SPY200117C00295000,295.0,normalDay
2019-05-20,882.0,631.0,0.0,100,283.95,274.0,0,0.0,0.0,,0.0,1,4.55,8.19,SPY200117C00295000,295.0,normalDay
2019-05-21,882.0,803.0,0.0,100,286.51,274.0,0,0.0,0.0,,0.0,1,4.55,9.03,SPY200117C00295000,295.0,normalDay
2019-05-22,882.0,768.0,0.0,100,285.63,274.0,0,0.0,0.0,,0.0,1,4.55,8.5,SPY200117C00295000,295.0,normalDay
2019-05-23,882.0,541.0,0.0,100,282.14,274.0,0,0.0,0.0,,0.0,1,4.55,7.28,SPY200117C00295000,295.0,normalDay
2019-05-24,882.0,576.0,0.0,100,282.78,274.0,0,0.0,0.0,,0.0,1,4.55,7.57,SPY200117C00295000,295.0,normalDay
2019-05-28,882.0,404.0,0.0,100,280.15,274.0,0,0.0,0.0,,0.0,1,4.55,6.66,SPY200117C00295000,295.0,normalDay
2019-05-29,882.0,286.0,0.0,100,278.27,274.0,0,0.0,0.0,,0.0,1,4.55,5.96,SPY200117C00295000,295.0,normalDay
2019-05-30,882.0,347.0,0.0,100,279.03,274.0,0,0.0,0.0,,0.0,1,4.55,6.11,SPY200117C00295000,295.0,normalDay
2019-05-31,882.0,76.0,0.0,100,275.27,274.0,0,0.0,0.0,,0.0,1,4.55,5.06,SPY200117C00295000,295.0,normalDay
2019-06-03,882.0,37.0,0.0,100,274.57,274.0,0,0.0,0.0,,0.0,1,4.55,4.75,SPY200117C00295000,295.0,normalDay
2019-06-04,882.0,478.0,0.0,100,280.53,274.0,0,0.0,0.0,,0.0,1,4.55,6.3,SPY200117C00295000,295.0,normalDay
2019-06-05,882.0,639.0,0.0,100,282.96,274.0,0,0.0,0.0,,0.0,1,4.55,7.12,SPY200117C00295000,295.0,normalDay
2019-06-06,882.0,757.0,0.0,100,284.8,274.0,0,0.0,0.0,,0.0,1,4.55,7.78,SPY200117C00295000,295.0,normalDay
2019-06-07,882.0,901.0,0.0,100,287.65,274.0,0,0.0,0.0,,0.0,1,4.55,9.19,SPY200117C00295000,295.0,normalDay
2019-06-10,882.0,970.0,0.0,100,288.97,274.0,0,0.0,0.0,,0.0,1,4.55,9.82,SPY200117C00295000,295.0,normalDay
2019-06-11,882.0,965.0,0.0,100,288.9,274.0,0,0.0,0.0,,0.0,1,4.55,9.8,SPY200117C00295000,295.0,normalDay
2019-06-12,882.0,946.0,0.0,100,288.39,274.0,0,0.0,0.0,,0.0,1,4.55,9.48,SPY200117C00295000,295.0,normalDay
2019-06-13,882.0,1013.0,0.0,100,289.58,274.0,0,0.0,0.0,,0.0,1,4.55,10.0,SPY200117C00295000,295.0,normalDay
2019-06-14,882.0,998.0,0.0,100,289.26,274.0,0,0.0,0.0,,0.0,1,4.55,9.83,SPY200117C00295000,295.0,normalDay
2019-06-17,882.0,1016.0,0.0,100,289.37,274.0,0,0.0,0.0,,0.0,1,4.55,9.76,SPY200117C00295000,295.0,normalDay
2019-06-18,882.0,1160.0,0.0,100,292.4,274.0,0,0.0,0.0,,0.0,1,4.55,11.35,SPY200117C00295000,295.0,normalDay
2019-06-19,882.0,1210.0,0.0,100,293.06,274.0,0,0.0,0.0,,0.0,1,4.55,11.51,SPY200117C00295000,295.0,normalDay
2019-06-20,882.0,1341.0,0.0,100,295.86,274.0,0,0.0,0.0,,0.0,1,4.55,13.0,SPY200117C00295000,295.0,normalDay
2019-06-21,882.0,1153.0,0.0,100,294.0,274.0,0,0.0,0.0,,0.0,1,4.55,13.02,SPY200117C00295000,295.0,normalDay
2019-06-24,882.0,1161.0,0.0,100,293.64,274.0,0,0.0,0.0,,0.0,1,4.55,12.58,SPY200117C00295000,295.0,normalDay
2019-06-25,882.0,1016.0,0.0,100,290.76,274.0,0,0.0,0.0,,0.0,1,4.55,11.15,SPY200117C00295000,295.0,normalDay
2019-06-26,882.0,1019.0,0.0,100,290.47,274.0,0,0.0,0.0,,0.0,1,4.55,10.83,SPY200117C00295000,295.0,normalDay
2019-06-27,882.0,1060.0,0.0,100,291.5,274.0,0,0.0,0.0,,0.0,1,4.55,11.45,SPY200117C00295000,295.0,normalDay
2019-06-28,882.0,1118.0,0.0,100,293.0,274.0,0,0.0,0.0,,0.0,1,4.55,12.37,SPY200117C00295000,295.0,normalDay
2019-07-01,882.0,1326.0,0.0,100,295.66,274.0,0,0.0,0.0,,0.0,1,4.55,12.95,SPY200117C00295000,295.0,normalDay
2019-07-02,882.0,1385.0,0.0,100,296.43,274.0,0,0.0,0.0,,0.0,1,4.55,13.13,SPY200117C00295000,295.0,normalDay
2019-07-03,882.0,1468.0,0.0,100,298.8,274.0,0,0.0,0.0,,0.0,1,4.55,14.67,SPY200117C00295000,295.0,normalDay
2019-07-05,882.0,1487.0,0.0,100,298.46,274.0,0,0.0,0.0,,0.0,1,4.55,14.14,SPY200117C00295000,295.0,normalDay
2019-07-08,882.0,1385.0,0.0,100,296.82,274.0,0,0.0,0.0,,0.0,1,4.55,13.52,SPY200117C00295000,295.0,normalDay
2019-07-09,882.0,1401.0,0.0,100,297.19,274.0,0,0.0,0.0,,0.0,1,4.55,13.73,SPY200117C00295000,295.0,normalDay
2019-07-10,882.0,1461.0,0.0,100,298.61,274.0,0,0.0,0.0,,0.0,1,4.55,14.55,SPY200117C00295000,295.0,normalDay
2019-07-11,882.0,1493.0,0.0,100,299.31,274.0,0,0.0,0.0,,0.0,1,4.55,14.93,SPY200117C00295000,295.0,normalDay
2019-07-12,882.0,1547.0,0.0,100,300.65,274.0,0,0.0,0.0,,0.0,1,4.55,15.73,SPY200117C00295000,295.0,normalDay
2019-07-15,882.0,1547.0,0.0,100,300.75,274.0,0,0.0,0.0,,0.0,1,4.55,15.83,SPY200117C00295000,295.0,normalDay
2019-07-16,882.0,1509.0,0.0,100,299.78,274.0,0,0.0,0.0,,0.0,1,4.55,15.24,SPY200117C00295000,295.0,normalDay
2019-07-17,882.0,1421.0,0.0,100,297.74,274.0,0,0.0,0.0,,0.0,1,4.55,14.08,SPY200117C00295000,295.0,normalDay
2019-07-18,882.0,1467.0,0.0,100,298.83,274.0,0,0.0,0.0,,0.0,1,4.55,14.71,SPY200117C00295000,295.0,normalDay
2019-07-19,882.0,1403.0,0.0,100,297.17,274.0,0,0.0,0.0,,0.0,1,4.55,13.69,SPY200117C00295000,295.0,normalDay
2019-07-22,882.0,1460.0,0.0,100,297.9,274.0,0,0.0,0.0,,0.0,1,4.55,13.85,SPY200117C00295000,295.0,normalDay
2019-07-23,882.0,1562.0,0.0,100,300.03,274.0,0,0.0,0.0,,0.0,1,4.55,14.96,SPY200117C00295000,295.0,normalDay
2019-07-24,882.0,1622.0,0.0,100,301.44,274.0,0,0.0,0.0,,0.0,1,4.55,15.77,SPY200117C00295000,295.0,normalDay
2019-07-25,882.0,1557.0,0.0,100,300.0,274.0,0,0.0,0.0,,0.0,1,4.55,14.98,SPY200117C00295000,295.0,normalDay
2019-07-26,882.0,1647.0,0.0,100,302.01,274.0,0,0.0,0.0,,0.0,1,4.55,16.09,SPY200117C00295000,295.0,normalDay
2019-07-29,882.0,1614.0,0.0,100,301.46,274.0,0,0.0,0.0,,0.0,1,4.55,15.87,SPY200117C00295000,295.0,normalDay
2019-07-30,882.0,1583.0,0.0,100,300.72,274.0,0,0.0,0.0,,0.0,1,4.55,15.44,SPY200117C00295000,295.0,normalDay
2019-07-31,882.0,1428.0,0.0,100,297.43,274.0,0,0.0,0.0,,0.0,1,4.55,13.7,SPY200117C00295000,295.0,normalDay
2019-08-01,882.0,1272.0,0.0,100,294.84,274.0,0,0.0,0.0,,0.0,1,4.55,12.67,SPY200117C00295000,295.0,normalDay
2019-08-02,882.0,1196.0,0.0,100,292.62,274.0,0,0.0,0.0,,0.0,1,4.55,11.21,SPY200117C00295000,295.0,normalDay
2019-08-05,882.0,686.0,0.0,100,283.82,274.0,0,0.0,0.0,,0.0,1,4.55,7.51,SPY200117C00295000,295.0,normalDay
2019-08-06,882.0,957.0,0.0,100,287.8,274.0,0,0.0,0.0,,0.0,1,4.55,8.78,SPY200117C00295000,295.0,normalDay
2019-08-07,882.0,975.0,0.0,100,287.97,274.0,0,0.0,0.0,,0.0,1,4.55,8.77,SPY200117C00295000,295.0,normalDay
2019-08-08,882.0,1300.0,0.0,100,293.62,274.0,0,0.0,0.0,,0.0,1,4.55,11.17,SPY200117C00295000,295.0,normalDay
2019-08-09,882.0,1179.0,0.0,100,291.62,274.0,0,0.0,0.0,,0.0,1,4.55,10.38,SPY200117C00295000,295.0,normalDay
2019-08-12,882.0,971.0,0.0,100,288.07,274.0,0,0.0,0.0,,0.0,1,4.55,8.91,SPY200117C00295000,295.0,normalDay
2019-08-13,882.0,1231.0,0.0,100,292.55,274.0,0,0.0,0.0,,0.0,1,4.55,10.79,SPY200117C00295000,295.0,normalDay
2019-08-14,882.0,690.0,0.0,100,283.9,274.0,0,0.0,0.0,,0.0,1,4.55,7.55,SPY200117C00295000,295.0,normalDay
2019-08-15,882.0,748.0,0.0,100,284.65,274.0,0,0.0,0.0,,0.0,1,4.55,7.72,SPY200117C00295000,295.0,normalDay
2019-08-16,882.0,1027.0,0.0,100,288.85,274.0,0,0.0,0.0,,0.0,1,4.55,9.13,SPY200117C00295000,295.0,normalDay
2019-08-19,882.0,1258.0,0.0,100,292.33,274.0,0,0.0,0.0,,0.0,1,4.55,10.3,SPY200117C00295000,295.0,normalDay
2019-08-20,882.0,1147.0,0.0,100,290.09,274.0,0,0.0,0.0,,0.0,1,4.55,9.17,SPY200117C00295000,295.0,normalDay
2019-08-21,882.0,1272.0,0.0,100,292.45,274.0,0,0.0,0.0,,0.0,1,4.55,10.28,SPY200117C00295000,295.0,normalDay
2019-08-22,882.0,1278.0,0.0,100,292.36,274.0,0,0.0,0.0,,0.0,1,4.55,10.13,SPY200117C00295000,295.0,normalDay
2019-08-23,882.0,783.0,0.0,100,284.85,274.0,0,0.0,0.0,,0.0,1,4.55,7.57,SPY200117C00295000,295.0,normalDay
2019-08-26,882.0,1003.0,0.0,100,288.0,274.0,0,0.0,0.0,,0.0,1,4.55,8.52,SPY200117C00295000,295.0,normalDay
2019-08-27,882.0,941.0,0.0,100,286.87,274.0,0,0.0,0.0,,0.0,1,4.55,8.01,SPY200117C00295000,295.0,normalDay
2019-08-28,882.0,1058.0,0.0,100,288.89,274.0,0,0.0,0.0,,0.0,1,4.55,8.86,SPY200117C00295000,295.0,normalDay
2019-08-29,882.0,1280.0,0.0,100,292.58,274.0,0,0.0,0.0,,0.0,1,4.55,10.33,SPY200117C00295000,295.0,normalDay
2019-08-30,882.0,1261.0,0.0,100,292.45,274.0,0,0.0,0.0,,0.0,1,4.55,10.39,SPY200117C00295000,295.0,normalDay
2019-09-03,882.0,1184.0,0.0,100,290.74,274.0,0,0.0,0.0,,0.0,1,4.55,9.45,SPY200117C00295000,295.0,normalDay
2019-09-04,882.0,1382.0,0.0,100,294.04,274.0,0,0.0,0.0,,0.0,1,4.55,10.77,SPY200117C00295000,295.0,normalDay
2019-09-05,882.0,1588.0,0.0,100,297.82,274.0,0,0.0,0.0,,0.0,1,4.55,12.49,SPY200117C00295000,295.0,normalDay
2019-09-06,882.0,1595.0,0.0,100,298.05,274.0,0,0.0,0.0,,0.0,1,4.55,12.65,SPY200117C00295000,295.0,normalDay
2019-09-09,882.0,1630.0,0.0,100,298.2,274.0,0,0.0,0.0,,0.0,1,4.55,12.45,SPY200117C00295000,295.0,normalDay
2019-09-10,882.0,1630.0,0.0,100,298.13,274.0,0,0.0,0.0,,0.0,1,4.55,12.38,SPY200117C00295000,295.0,normalDay
2019-09-11,882.0,1703.0,0.0,100,300.25,274.0,0,0.0,0.0,,0.0,1,4.55,13.77,SPY200117C00295000,295.0,normalDay
2019-09-12,882.0,1748.0,0.0,100,301.29,274.0,0,0.0,0.0,,0.0,1,4.55,14.36,SPY200117C00295000,295.0,normalDay
2019-09-13,882.0,1758.0,0.0,100,301.09,274.0,0,0.0,0.0,,0.0,1,4.55,14.06,SPY200117C00295000,295.0,normalDay
2019-09-16,882.0,1705.0,0.0,100,300.16,274.0,0,0.0,0.0,,0.0,1,4.55,13.66,SPY200117C00295000,295.0,normalDay
2019-09-17,882.0,1739.0,0.0,100,300.92,274.0,0,0.0,0.0,,0.0,1,4.55,14.08,SPY200117C00295000,295.0,normalDay
2019-09-18,882.0,1746.0,0.0,100,301.1,274.0,0,0.0,0.0,,0.0,1,4.55,14.19,SPY200117C00295000,295.0,normalDay
2019-09-19,882.0,1780.0,0.0,100,301.08,274.0,0,0.0,0.0,,0.0,1,4.55,13.83,SPY200117C00295000,295.0,normalDay
2019-09-20,882.0,1570.0,0.0,100,298.28,274.0,0,0.0,0.0,,0.0,1,4.55,13.13,SPY200117C00295000,295.0,normalDay
2019-09-23,882.0,1575.0,0.0,100,298.21,274.0,0,0.0,0.0,,0.0,1,4.55,13.01,SPY200117C00295000,295.0,normalDay
2019-09-24,882.0,1448.0,0.0,100,295.87,274.0,0,0.0,0.0,,0.0,1,4.55,11.94,SPY200117C00295000,295.0,normalDay
2019-09-25,882.0,1564.0,0.0,100,297.62,274.0,0,0.0,0.0,,0.0,1,4.55,12.53,SPY200117C00295000,295.0,normalDay
2019-09-26,882.0,1533.0,0.0,100,297.0,274.0,0,0.0,0.0,,0.0,1,4.55,12.22,SPY200117C00295000,295.0,normalDay
2019-09-27,882.0,1458.0,0.0,100,295.4,274.0,0,0.0,0.0,,0.0,1,4.55,11.37,SPY200117C00295000,295.0,normalDay
2019-09-30,882.0,1534.0,0.0,100,296.77,274.0,0,0.0,0.0,,0.0,1,4.55,11.98,SPY200117C00295000,295.0,normalDay
2019-10-01,882.0,1383.0,0.0,100,293.24,274.0,0,0.0,0.0,,0.0,1,4.55,9.96,SPY200117C00295000,295.0,normalDay
2019-10-02,882.0,1123.0,0.0,100,288.06,274.0,0,0.0,0.0,,0.0,1,4.55,7.38,SPY200117C00295000,295.0,normalDay
2019-10-03,882.0,1255.0,0.0,100,290.42,274.0,0,0.0,0.0,,0.0,1,4.55,8.42,SPY200117C00295000,295.0,normalDay
2019-10-04,882.0,1489.0,0.0,100,294.35,274.0,0,0.0,0.0,,0.0,1,4.55,10.01,SPY200117C00295000,295.0,normalDay
2019-10-07,882.0,1450.0,0.0,100,293.08,274.0,0,0.0,0.0,,0.0,1,4.55,9.13,SPY200117C00295000,295.0,normalDay
2019-10-08,882.0,1181.0,0.0,100,288.53,274.0,0,0.0,0.0,,0.0,1,4.55,7.27,SPY200117C00295000,295.0,normalDay
2019-10-09,882.0,1365.0,0.0,100,291.27,274.0,0,0.0,0.0,,0.0,1,4.55,8.17,SPY200117C00295000,295.0,normalDay
2019-10-10,882.0,1459.0,0.0,100,293.24,274.0,0,0.0,0.0,,0.0,1,4.55,9.2,SPY200117C00295000,295.0,normalDay
2019-10-11,882.0,1631.0,0.0,100,296.28,274.0,0,0.0,0.0,,0.0,1,4.55,10.52,SPY200117C00295000,295.0,normalDay
2019-10-14,882.0,1679.0,0.0,100,295.95,274.0,0,0.0,0.0,,0.0,1,4.55,9.71,SPY200117C00295000,295.0,normalDay
2019-10-15,882.0,1812.0,0.0,100,298.88,274.0,0,0.0,0.0,,0.0,1,4.55,11.31,SPY200117C00295000,295.0,normalDay
2019-10-16,882.0,1806.0,0.0,100,298.4,274.0,0,0.0,0.0,,0.0,1,4.55,10.89,SPY200117C00295000,295.0,normalDay
2019-10-17,882.0,1857.0,0.0,100,299.28,274.0,0,0.0,0.0,,0.0,1,4.55,11.26,SPY200117C00295000,295.0,normalDay
2019-10-18,882.0,1794.0,0.0,100,297.97,274.0,0,0.0,0.0,,0.0,1,4.55,10.58,SPY200117C00295000,295.0,normalDay
2019-10-21,882.0,1903.0,0.0,100,299.99,274.0,0,0.0,0.0,,0.0,1,4.55,11.51,SPY200117C00295000,295.0,normalDay
2019-10-22,882.0,1879.0,0.0,100,299.01,274.0,0,0.0,0.0,,0.0,1,4.55,10.77,SPY200117C00295000,295.0,normalDay
2019-10-23,882.0,1907.0,0.0,100,299.88,274.0,0,0.0,0.0,,0.0,1,4.55,11.36,SPY200117C00295000,295.0,normalDay
2019-10-24,882.0,1959.0,0.0,100,300.37,274.0,0,0.0,0.0,,0.0,1,4.55,11.33,SPY200117C00295000,295.0,normalDay
2019-10-25,882.0,2016.0,0.0,100,301.6,274.0,0,0.0,0.0,,0.0,1,4.55,11.99,SPY200117C00295000,295.0,normalDay
2019-10-28,882.0,2063.0,0.0,100,303.3,274.0,0,0.0,0.0,,0.0,1,4.55,13.22,SPY200117C00295000,295.0,normalDay
2019-10-29,882.0,2065.0,0.0,100,303.21,274.0,0,0.0,0.0,,0.0,1,4.55,13.11,SPY200117C00295000,295.0,normalDay
2019-10-30,882.0,2082.0,0.0,100,304.14,274.0,0,0.0,0.0,,0.0,1,4.55,13.87,SPY200117C00295000,295.0,normalDay
2019-10-31,882.0,2083.0,0.0,100,303.33,274.0,0,0.0,0.0,,0.0,1,4.55,13.05,SPY200117C00295000,295.0,normalDay
2019-11-01,882.0,2171.0,0.0,100,306.14,274.0,0,0.0,0.0,,0.0,1,4.55,14.98,SPY200117C00295000,295.0,normalDay
2019-11-04,882.0,2203.0,0.0,100,307.37,274.0,0,0.0,0.0,,0.0,1,4.55,15.89,SPY200117C00295000,295.0,normalDay
2019-11-05,882.0,2188.0,0.0,100,307.03,274.0,0,0.0,0.0,,0.0,1,4.55,15.7,SPY200117C00295000,295.0,normalDay
2019-11-06,882.0,2182.0,0.0,100,307.1,274.0,0,0.0,0.0,,0.0,1,4.55,15.83,SPY200117C00295000,295.0,normalDay
2019-11-07,882.0,2215.0,0.0,100,308.18,274.0,0,0.0,0.0,,0.0,1,4.55,16.58,SPY200117C00295000,295.0,normalDay
2019-11-08,882.0,2243.0,0.0,100,308.94,274.0,0,0.0,0.0,,0.0,1,4.55,17.06,SPY200117C00295000,295.0,normalDay
2019-11-11,882.0,2232.0,0.0,100,308.35,274.0,0,0.0,0.0,,0.0,1,4.55,16.58,SPY200117C00295000,295.0,normalDay
2019-11-12,882.0,2280.0,0.0,100,309.0,274.0,0,0.0,0.0,,0.0,1,4.55,16.75,SPY200117C00295000,295.0,normalDay
2019-11-13,882.0,2263.0,0.0,100,309.1,274.0,0,0.0,0.0,,0.0,1,4.55,17.02,SPY200117C00295000,295.0,normalDay
2019-11-14,882.0,2277.0,0.0,100,309.55,274.0,0,0.0,0.0,,0.0,1,4.55,17.33,SPY200117C00295000,295.0,normalDay
2019-11-15,882.0,2339.0,0.0,100,311.79,274.0,0,0.0,0.0,,0.0,1,4.55,18.95,SPY200117C00295000,295.0,normalDay
2019-11-18,882.0,2349.0,0.0,100,312.02,274.0,0,0.0,0.0,,0.0,1,4.55,19.08,SPY200117C00295000,295.0,normalDay
2019-11-19,882.0,2358.0,0.0,100,311.93,274.0,0,0.0,0.0,,0.0,1,4.55,18.9,SPY200117C00295000,295.0,normalDay
2019-11-20,882.0,2334.0,0.0,100,310.77,274.0,0,0.0,0.0,,0.0,1,4.55,17.98,SPY200117C00295000,295.0,normalDay
2019-11-21,882.0,2320.0,0.0,100,310.27,274.0,0,0.0,0.0,,0.0,1,4.55,17.62,SPY200117C00295000,295.0,normalDay
2019-11-22,882.0,2340.0,0.0,100,310.96,274.0,0,0.0,0.0,,0.0,1,4.55,18.11,SPY200117C00295000,295.0,normalDay
2019-11-25,882.0,2421.0,0.0,100,313.37,274.0,0,0.0,0.0,,0.0,1,4.55,19.71,SPY200117C00295000,295.0,normalDay
2019-11-26,882.0,2411.0,0.0,100,314.08,274.0,0,0.0,0.0,,0.0,1,4.55,20.52,SPY200117C00295000,295.0,normalDay
2019-11-27,882.0,2436.0,0.0,100,315.48,274.0,0,0.0,0.0,,0.0,1,4.55,21.67,SPY200117C00295000,295.0,normalDay
2019-11-29,882.0,2401.0,0.0,100,314.31,274.0,0,0.0,0.0,,0.0,1,4.55,20.85,SPY200117C00295000,295.0,normalDay
2019-12-02,882.0,2376.0,0.0,100,311.64,274.0,0,0.0,0.0,,0.0,1,4.55,18.43,SPY200117C00295000,295.0,normalDay
2019-12-03,882.0,2340.0,0.0,100,309.55,274.0,0,0.0,0.0,,0.0,1,4.55,16.7,SPY200117C00295000,295.0,normalDay
2019-12-04,882.0,2405.0,0.0,100,311.46,274.0,0,0.0,0.0,,0.0,1,4.55,17.96,SPY200117C00295000,295.0,normalDay
2019-12-05,882.0,2401.0,0.0,100,312.02,274.0,0,0.0,0.0,,0.0,1,4.55,18.56,SPY200117C00295000,295.0,normalDay
2019-12-06,882.0,2455.0,0.0,100,314.87,274.0,0,0.0,0.0,,0.0,1,4.55,20.87,SPY200117C00295000,295.0,normalDay
2019-12-09,882.0,2445.0,0.0,100,313.88,274.0,0,0.0,0.0,,0.0,1,4.55,19.98,SPY200117C00295000,295.0,normalDay
2019-12-10,882.0,2411.0,0.0,100,313.53,274.0,0,0.0,0.0,,0.0,1,4.55,19.97,SPY200117C00295000,295.0,normalDay
2019-12-11,882.0,2437.0,0.0,100,314.42,274.0,0,0.0,0.0,,0.0,1,4.55,20.6,SPY200117C00295000,295.0,normalDay
2019-12-12,882.0,2500.0,0.0,100,317.13,274.0,0,0.0,0.0,,0.0,1,4.55,22.68,SPY200117C00295000,295.0,normalDay
2019-12-13,882.0,2506.0,0.0,100,317.32,274.0,0,0.0,0.0,,0.0,1,4.55,22.81,SPY200117C00295000,295.0,normalDay
2019-12-16,882.0,2506.0,0.0,100,319.5,274.0,0,0.0,0.0,,0.0,1,4.55,24.99,SPY200117C00295000,295.0,normalDay
2019-12-17,882.0,2540.0,0.0,100,319.57,274.0,0,0.0,0.0,,0.0,1,4.55,24.72,SPY200117C00295000,295.0,normalDay
2019-12-18,882.0,2533.0,0.0,100,319.59,274.0,0,0.0,0.0,,0.0,1,4.55,24.81,SPY200117C00295000,295.0,normalDay
2019-12-19,882.0,2534.0,0.0,100,320.9,274.0,0,0.0,0.0,,0.0,1,4.55,26.11,SPY200117C00295000,295.0,normalDay
2019-12-20,882.0,2405.0,0.0,100,320.73,274.0,0,0.0,0.0,,0.0,1,4.55,27.23,SPY200117C00295000,295.0,normalDay
2019-12-23,882.0,2452.0,0.0,100,321.22,274.0,0,0.0,0.0,,0.0,1,4.55,27.25,SPY200117C00295000,295.0,normalDay
2019-12-24,882.0,2453.0,0.0,100,321.23,274.0,0,0.0,0.0,,0.0,1,4.55,27.25,SPY200117C00295000,295.0,normalDay
2019-12-26,882.0,2469.0,0.0,100,322.94,274.0,0,0.0,0.0,,0.0,1,4.55,28.8,SPY200117C00295000,295.0,normalDay
2019-12-27,882.0,2496.0,0.0,100,322.86,274.0,0,0.0,0.0,,0.0,1,4.55,28.45,SPY200117C00295000,295.0,normalDay
2019-12-30,882.0,2467.0,0.0,100,321.08,274.0,0,0.0,0.0,,0.0,1,4.55,26.96,SPY200117C00295000,295.0,normalDay
2019-12-31,882.0,2456.0,0.0,100,321.86,274.0,0,0.0,0.0,,0.0,1,4.55,27.85,SPY200117C00295000,295.0,normalDay
2020-01-02,882.0,2511.0,0.0,100,324.87,274.0,0,0.0,0.0,,0.0,1,4.55,30.31,SPY200117C00295000,295.0,normalDay
2020-01-03,882.0,2485.0,0.0,100,322.41,274.0,0,0.0,0.0,,0.0,1,4.55,28.11,SPY200117C00295000,295.0,normalDay
2020-01-06,882.0,2506.0,0.0,100,323.64,274.0,0,0.0,0.0,,0.0,1,4.55,29.13,SPY200117C00295000,295.0,normalDay
2020-01-07,882.0,2539.0,0.0,100,322.73,274.0,0,0.0,0.0,,0.0,1,4.55,27.89,SPY200117C00295000,295.0,normalDay
2020-01-08,882.0,2497.0,0.0,100,324.45,274.0,0,0.0,0.0,,0.0,1,4.55,30.03,SPY200117C00295000,295.0,normalDay
2020-01-09,882.0,2529.0,0.0,100,326.65,274.0,0,0.0,0.0,,0.0,1,4.55,31.91,SPY200117C00295000,295.0,normalDay
2020-01-10,882.0,2544.0,0.0,100,325.71,274.0,0,0.0,0.0,,0.0,1,4.55,30.82,SPY200117C00295000,295.0,normalDay
2020-01-13,882.0,2532.0,0.0,100,327.95,274.0,0,0.0,0.0,,0.0,1,4.55,33.18,SPY200117C00295000,295.0,normalDay
2020-01-14,882.0,2511.0,0.0,100,327.45,274.0,0,0.0,0.0,,0.0,1,4.55,32.89,SPY200117C00295000,295.0,normalDay
2020-01-15,882.0,2531.0,0.0,100,328.19,274.0,0,0.0,0.0,,0.0,1,4.55,33.43,SPY200117C00295000,295.0,normalDay
2020-01-16,882.0,2560.0,0.0,100,330.92,274.0,0,0.0,0.0,,0.0,1,4.55,35.87,SPY200117C00295000,295.0,normalDay
2020-01-17,3437.0,2560.0,2555.0,0,331.95,0.0,0,0.0,0.0,,0.0,1,4.55,0.0,SPY200117C00295000,295.0,expirationDay
2020-01-21,3437.0,-5.0,0.0,0,331.3,0.0,1,5.51,5.56,SPY200417P00324000,324.0,0,0.0,0.0,,0.0,normalDay
2020-01-22,3437.0,-8.0,0.0,0,331.34,0.0,1,5.51,5.59,SPY200417P00324000,324.0,0,0.0,0.0,,0.0,normalDay
2020-01-23,3437.0,6.0,0.0,0,331.72,0.0,1,5.51,5.45,SPY200417P00324000,324.0,0,0.0,0.0,,0.0,normalDay
2020-01-24,3437.0,-123.0,0.0,0,328.77,0.0,1,5.51,6.74,SPY200417P00324000,324.0,0,0.0,0.0,,0.0,normalDay
2020-01-27,3437.0,-421.0,0.0,0,323.5,0.0,1,5.51,9.72,SPY200417P00324000,324.0,0,0.0,0.0,,0.0,normalDay
2020-01-28,3437.0,-216.0,0.0,0,326.89,0.0,1,5.51,7.67,SPY200417P00324000,324.0,0,0.0,0.0,,0.0,normalDay
2020-01-29,3437.0,-225.0,0.0,0,326.62,0.0,1,5.51,7.76,SPY200417P00324000,324.0,0,0.0,0.0,,0.0,normalDay
2020-01-30,3437.0,-131.0,0.0,0,327.68,0.0,1,5.51,6.82,SPY200417P00324000,324.0,0,0.0,0.0,,0.0,normalDay
2020-01-31,3437.0,-459.0,0.0,0,321.73,0.0,1,5.51,10.1,SPY200417P00324000,324.0,0,0.0,0.0,,0.0,normalDay
2020-02-03,3437.0,-344.0,0.0,0,324.12,0.0,1,5.51,8.95,SPY200417P00324000,324.0,0,0.0,0.0,,0.0,normalDay
2020-02-04,3437.0,-82.0,0.0,0,329.06,0.0,1,5.51,6.33,SPY200417P00324000,324.0,0,0.0,0.0,,0.0,normalDay
2020-02-05,3437.0,59.0,0.0,0,332.86,0.0,1,5.51,4.92,SPY200417P00324000,324.0,0,0.0,0.0,,0.0,normalDay
2020-02-06,3437.0,91.0,0.0,0,333.98,0.0,1,5.51,4.6,SPY200417P00324000,324.0,0,0.0,0.0,,0.0,normalDay
2020-02-07,3437.0,35.0,0.0,0,332.2,0.0,1,5.51,5.16,SPY200417P00324000,324.0,0,0.0,0.0,,0.0,normalDay
2020-02-10,3437.0,117.0,0.0,0,334.68,0.0,1,5.51,4.34,SPY200417P00324000,324.0,0,0.0,0.0,,0.0,normalDay
2020-02-11,3437.0,135.0,0.0,0,335.26,0.0,1,5.51,4.16,SPY200417P00324000,324.0,0,0.0,0.0,,0.0,normalDay
2020-02-12,3437.0,212.0,0.0,0,337.42,0.0,1,5.51,3.39,SPY200417P00324000,324.0,0,0.0,0.0,,0.0,normalDay
2020-02-13,3437.0,198.0,0.0,0,337.06,0.0,1,5.51,3.53,SPY200417P00324000,324.0,0,0.0,0.0,,0.0,normalDay
2020-02-14,3437.0,221.0,0.0,0,337.6,0.0,1,5.51,3.3,SPY200417P00324000,324.0,0,0.0,0.0,,0.0,normalDay
2020-02-18,3437.0,201.0,0.0,0,336.73,0.0,1,5.51,3.5,SPY200417P00324000,324.0,0,0.0,0.0,,0.0,normalDay
2020-02-19,3437.0,249.0,0.0,0,338.34,0.0,1,5.51,3.02,SPY200417P00324000,324.0,0,0.0,0.0,,0.0,normalDay
2020-02-20,3437.0,199.0,0.0,0,336.95,0.0,1,5.51,3.52,SPY200417P00324000,324.0,0,0.0,0.0,,0.0,normalDay
2020-02-21,3437.0,70.0,0.0,0,333.48,0.0,1,5.51,4.81,SPY200417P00324000,324.0,0,0.0,0.0,,0.0,normalDay
2020-02-24,3437.0,-513.0,0.0,0,322.42,0.0,1,5.51,10.64,SPY200417P00324000,324.0,0,0.0,0.0,,0.0,normalDay
2020-02-25,3437.0,-1053.0,0.0,0,312.65,0.0,1,5.51,16.04,SPY200417P00324000,324.0,0,0.0,0.0,,0.0,normalDay
2020-02-26,3437.0,-1175.0,0.0,0,311.5,0.0,1,5.51,17.26,SPY200417P00324000,324.0,0,0.0,0.0,,0.0,normalDay
2020-02-27,3437.0,-2368.0,0.0,0,297.51,0.0,1,5.51,29.19,SPY200417P00324000,324.0,0,0.0,0.0,,0.0,normalDay
2020-02-28,3437.0,-2483.0,0.0,0,296.26,0.0,1,5.51,30.34,SPY200417P00324000,324.0,0,0.0,0.0,,0.0,normalDay
2020-03-02,3437.0,-1377.0,0.0,0,309.09,0.0,1,5.51,19.28,SPY200417P00324000,324.0,0,0.0,0.0,,0.0,normalDay
2020-03-03,3437.0,-2001.0,0.0,0,300.24,0.0,1,5.51,25.52,SPY200417P00324000,324.0,0,0.0,0.0,,0.0,normalDay
2020-03-04,3437.0,-1195.0,0.0,0,312.86,0.0,1,5.51,17.46,SPY200417P00324000,324.0,0,0.0,0.0,,0.0,normalDay
2020-03-05,3437.0,-2029.0,0.0,0,302.46,0.0,1,5.51,25.8,SPY200417P00324000,324.0,0,0.0,0.0,,0.0,normalDay
2020-03-06,3437.0,-2490.0,0.0,0,297.46,0.0,1,5.51,30.41,SPY200417P00324000,324.0,0,0.0,0.0,,0.0,normalDay
2020-03-09,3437.0,-4701.0,0.0,0,274.23,0.0,1,5.51,52.52,SPY200417P00324000,324.0,0,0.0,0.0,,0.0,normalDay
2020-03-10,3437.0,-3325.0,0.0,0,288.42,0.0,1,5.51,38.76,SPY200417P00324000,324.0,0,0.0,0.0,,0.0,normalDay
2020-03-11,3437.0,-4642.0,0.0,0,274.36,0.0,1,5.51,51.93,SPY200417P00324000,324.0,0,0.0,0.0,,0.0,normalDay
2020-03-12,3437.0,-7209.0,0.0,0,248.11,0.0,1,5.51,77.6,SPY200417P00324000,324.0,0,0.0,0.0,,0.0,normalDay
2020-03-13,3437.0,-5188.0,0.0,0,269.32,0.0,1,5.51,57.39,SPY200417P00324000,324.0,0,0.0,0.0,,0.0,normalDay
2020-03-16,3437.0,-7728.0,0.0,0,239.85,0.0,1,5.51,82.79,SPY200417P00324000,324.0,0,0.0,0.0,,0.0,normalDay
2020-03-17,3437.0,-6888.0,0.0,0,252.8,0.0,1,5.51,74.39,SPY200417P00324000,324.0,0,0.0,0.0,,0.0,normalDay
2020-03-18,3437.0,-7991.0,0.0,0,240.0,0.0,1,5.51,85.42,SPY200417P00324000,324.0,0,0.0,0.0,,0.0,normalDay
2020-03-19,3437.0,-7997.0,0.0,0,240.51,0.0,1,5.51,85.48,SPY200417P00324000,324.0,0,0.0,0.0,,0.0,normalDay
2020-03-20,3437.0,-8957.0,0.0,0,228.8,0.0,1,5.51,95.08,SPY200417P00324000,324.0,0,0.0,0.0,,0.0,normalDay
2020-03-23,3437.0,-9754.0,0.0,0,222.95,0.0,1,5.51,103.05,SPY200417P00324000,324.0,0,0.0,0.0,,0.0,normalDay
2020-03-24,3437.0,-7623.0,0.0,0,243.15,0.0,1,5.51,81.74,SPY200417P00324000,324.0,0,0.0,0.0,,0.0,normalDay
2020-03-25,3437.0,-7162.0,0.0,0,246.79,0.0,1,5.51,77.13,SPY200417P00324000,324.0,0,0.0,0.0,,0.0,normalDay
2020-03-26,3437.0,-5808.0,0.0,0,261.2,0.0,1,5.51,63.59,SPY200417P00324000,324.0,0,0.0,0.0,,0.0,normalDay
2020-03-27,3437.0,-6599.0,0.0,0,253.42,0.0,1,5.51,71.5,SPY200417P00324000,324.0,0,0.0,0.0,,0.0,normalDay
2020-03-30,3437.0,-5798.0,0.0,0,261.65,0.0,1,5.51,63.49,SPY200417P00324000,324.0,0,0.0,0.0,,0.0,normalDay
2020-03-31,3437.0,-6205.0,0.0,0,257.75,0.0,1,5.51,67.56,SPY200417P00324000,324.0,0,0.0,0.0,,0.0,normalDay
2020-04-01,3437.0,-7304.0,0.0,0,246.15,0.0,1,5.51,78.55,SPY200417P00324000,324.0,0,0.0,0.0,,0.0,normalDay
2020-04-02,3437.0,-6623.0,0.0,0,251.83,0.0,1,5.51,71.74,SPY200417P00324000,324.0,0,0.0,0.0,,0.0,normalDay
2020-04-03,3437.0,-7035.0,0.0,0,248.19,0.0,1,5.51,75.86,SPY200417P00324000,324.0,0,0.0,0.0,,0.0,normalDay
2020-04-06,3437.0,-5376.0,0.0,0,264.86,0.0,1,5.51,59.27,SPY200417P00324000,324.0,0,0.0,0.0,,0.0,normalDay
2020-04-07,3437.0,-5473.0,0.0,0,265.13,0.0,1,5.51,60.24,SPY200417P00324000,324.0,0,0.0,0.0,,0.0,normalDay
2020-04-08,3437.0,-4468.0,0.0,0,274.03,0.0,1,5.51,50.19,SPY200417P00324000,324.0,0,0.0,0.0,,0.0,normalDay
2020-04-09,3437.0,-4054.0,0.0,0,278.2,0.0,1,5.51,46.05,SPY200417P00324000,324.0,0,0.0,0.0,,0.0,normalDay
2020-04-13,3437.0,-4313.0,0.0,0,275.66,0.0,1,5.51,48.64,SPY200417P00324000,324.0,0,0.0,0.0,,0.0,normalDay
2020-04-14,3437.0,-3461.0,0.0,0,283.79,0.0,1,5.51,40.12,SPY200417P00324000,324.0,0,0.0,0.0,,0.0,normalDay
2020-04-15,3437.0,-4096.0,0.0,0,277.76,0.0,1,5.51,46.47,SPY200417P00324000,324.0,0,0.0,0.0,,0.0,normalDay
2020-04-16,3437.0,-3946.0,0.0,0,279.1,0.0,1,5.51,44.97,SPY200417P00324000,324.0,0,0.0,0.0,,0.0,normalDay
2020-04-17,3988.0,-3736.0,551.0,100,286.64,324.0,1,5.51,0.0,SPY200417P00324000,324.0,0,0.0,0.0,,0.0,expirationDay
2020-04-20,3988.0,-4352.0,0.0,100,281.59,324.0,0,0.0,0.0,,0.0,1,6.63,7.74,SPY210331C00335000,335.0,normalDay
2020-04-21,3988.0,-5062.0,0.0,100,273.04,324.0,0,0.0,0.0,,0.0,1,6.63,6.29,SPY210331C00335000,335.0,normalDay
2020-04-22,3988.0,-4552.0,0.0,100,279.1,324.0,0,0.0,0.0,,0.0,1,6.63,7.25,SPY210331C00335000,335.0,normalDay
2020-04-23,3988.0,-4549.0,0.0,100,279.08,324.0,0,0.0,0.0,,0.0,1,6.63,7.2,SPY210331C00335000,335.0,normalDay
2020-04-24,3988.0,-4189.0,0.0,100,282.97,324.0,0,0.0,0.0,,0.0,1,6.63,7.49,SPY210331C00335000,335.0,normalDay
2020-04-27,3988.0,-3799.0,0.0,100,287.05,324.0,0,0.0,0.0,,0.0,1,6.63,7.67,SPY210331C00335000,335.0,normalDay
2020-04-28,3988.0,-3876.0,0.0,100,285.73,324.0,0,0.0,0.0,,0.0,1,6.63,7.12,SPY210331C00335000,335.0,normalDay
2020-04-29,3988.0,-3301.0,0.0,100,293.21,324.0,0,0.0,0.0,,0.0,1,6.63,8.85,SPY210331C00335000,335.0,normalDay
2020-04-30,3988.0,-3480.0,0.0,100,290.48,324.0,0,0.0,0.0,,0.0,1,6.63,7.91,SPY210331C00335000,335.0,normalDay
2020-05-01,3988.0,-4123.0,0.0,100,282.79,324.0,0,0.0,0.0,,0.0,1,6.63,6.65,SPY210331C00335000,335.0,normalDay
2020-05-04,3988.0,-4006.0,0.0,100,283.57,324.0,0,0.0,0.0,,0.0,1,6.63,6.26,SPY210331C00335000,335.0,normalDay
2020-05-05,3988.0,-3823.0,0.0,100,286.19,324.0,0,0.0,0.0,,0.0,1,6.63,7.05,SPY210331C00335000,335.0,normalDay
2020-05-06,3988.0,-3953.0,0.0,100,284.25,324.0,0,0.0,0.0,,0.0,1,6.63,6.41,SPY210331C00335000,335.0,normalDay
2020-05-07,3988.0,-3678.0,0.0,100,287.68,324.0,0,0.0,0.0,,0.0,1,6.63,7.09,SPY210331C00335000,335.0,normalDay
2020-05-08,3988.0,-3271.0,0.0,100,292.44,324.0,0,0.0,0.0,,0.0,1,6.63,7.78,SPY210331C00335000,335.0,normalDay
2020-05-11,3988.0,-3208.0,0.0,100,292.5,324.0,0,0.0,0.0,,0.0,1,6.63,7.21,SPY210331C00335000,335.0,normalDay
2020-05-12,3988.0,-3642.0,0.0,100,286.67,324.0,0,0.0,0.0,,0.0,1,6.63,5.72,SPY210331C00335000,335.0,normalDay
2020-05-13,3988.0,-4111.0,0.0,100,281.6,324.0,0,0.0,0.0,,0.0,1,6.63,5.34,SPY210331C00335000,335.0,normalDay
2020-05-14,3988.0,-3813.0,0.0,100,284.97,324.0,0,0.0,0.0,,0.0,1,6.63,5.73,SPY210331C00335000,335.0,normalDay
2020-05-15,3988.0,-3666.0,0.0,100,286.28,324.0,0,0.0,0.0,,0.0,1,6.63,5.57,SPY210331C00335000,335.0,normalDay
2020-05-18,3988.0,-2970.0,0.0,100,295.0,324.0,0,0.0,0.0,,0.0,1,6.63,7.33,SPY210331C00335000,335.0,normalDay
2020-05-19,3988.0,-3222.0,0.0,100,291.97,324.0,0,0.0,0.0,,0.0,1,6.63,6.82,SPY210331C00335000,335.0,normalDay
2020-05-20,3988.0,-2838.0,0.0,100,296.93,324.0,0,0.0,0.0,,0.0,1,6.63,7.94,SPY210331C00335000,335.0,normalDay
2020-05-21,3988.0,-2988.0,0.0,100,294.88,324.0,0,0.0,0.0,,0.0,1,6.63,7.39,SPY210331C00335000,335.0,normalDay
2020-05-22,3988.0,-2957.0,0.0,100,295.44,324.0,0,0.0,0.0,,0.0,1,6.63,7.64,SPY210331C00335000,335.0,normalDay
2020-05-26,3988.0,-2662.0,0.0,100,299.08,324.0,0,0.0,0.0,,0.0,1,6.63,8.33,SPY210331C00335000,335.0,normalDay
2020-05-27,3988.0,-2327.0,0.0,100,303.53,324.0,0,0.0,0.0,,0.0,1,6.63,9.43,SPY210331C00335000,335.0,normalDay
2020-05-28,3988.0,-2417.0,0.0,100,302.97,324.0,0,0.0,0.0,,0.0,1,6.63,9.77,SPY210331C00335000,335.0,normalDay
2020-05-29,3988.0,-2305.0,0.0,100,304.32,324.0,0,0.0,0.0,,0.0,1,6.63,10.0,SPY210331C00335000,335.0,normalDay
2020-06-01,3988.0,-2197.0,0.0,100,305.55,324.0,0,0.0,0.0,,0.0,1,6.63,10.15,SPY210331C00335000,335.0,normalDay
2020-06-02,3988.0,-2013.0,0.0,100,308.08,324.0,0,0.0,0.0,,0.0,1,6.63,10.84,SPY210331C00335000,335.0,normalDay
2020-06-03,3988.0,-1810.0,0.0,100,312.18,324.0,0,0.0,0.0,,0.0,1,6.63,12.91,SPY210331C00335000,335.0,normalDay
2020-06-04,3988.0,-1847.0,0.0,100,311.36,324.0,0,0.0,0.0,,0.0,1,6.63,12.46,SPY210331C00335000,335.0,normalDay
2020-06-05,3988.0,-1333.0,0.0,100,319.34,324.0,0,0.0,0.0,,0.0,1,6.63,15.3,SPY210331C00335000,335.0,normalDay
2020-06-08,3988.0,-1116.0,0.0,100,323.2,324.0,0,0.0,0.0,,0.0,1,6.63,16.99,SPY210331C00335000,335.0,normalDay
2020-06-09,3988.0,-1373.0,0.0,100,320.79,324.0,0,0.0,0.0,,0.0,1,6.63,17.15,SPY210331C00335000,335.0,normalDay
2020-06-10,3988.0,-1422.0,0.0,100,319.0,324.0,0,0.0,0.0,,0.0,1,6.63,15.85,SPY210331C00335000,335.0,normalDay
2020-06-11,3988.0,-2849.0,0.0,100,300.61,324.0,0,0.0,0.0,,0.0,1,6.63,11.73,SPY210331C00335000,335.0,normalDay
2020-06-12,3988.0,-2491.0,0.0,100,304.21,324.0,0,0.0,0.0,,0.0,1,6.63,11.75,SPY210331C00335000,335.0,normalDay
2020-06-15,3988.0,-2284.0,0.0,100,307.05,324.0,0,0.0,0.0,,0.0,1,6.63,12.52,SPY210331C00335000,335.0,normalDay
2020-06-16,3988.0,-1959.0,0.0,100,312.96,324.0,0,0.0,0.0,,0.0,1,6.63,15.18,SPY210331C00335000,335.0,normalDay
2020-06-17,3988.0,-2069.0,0.0,100,311.66,324.0,0,0.0,0.0,,0.0,1,6.63,14.98,SPY210331C00335000,335.0,normalDay
2020-06-18,3988.0,-2046.0,0.0,100,311.78,324.0,0,0.0,0.0,,0.0,1,6.63,14.87,SPY210331C00335000,335.0,normalDay
2020-06-19,3988.0,-2258.0,0.0,100,308.64,324.0,0,0.0,0.0,,0.0,1,6.63,13.85,SPY210331C00335000,335.0,normalDay
2020-06-22,3988.0,-2094.0,0.0,100,310.62,324.0,0,0.0,0.0,,0.0,1,6.63,14.19,SPY210331C00335000,335.0,normalDay
2020-06-23,3988.0,-1962.0,0.0,100,312.05,324.0,0,0.0,0.0,,0.0,1,6.63,14.3,SPY210331C00335000,335.0,normalDay
2020-06-24,3988.0,-2549.0,0.0,100,304.09,324.0,0,0.0,0.0,,0.0,1,6.63,12.21,SPY210331C00335000,335.0,normalDay
2020-06-25,3988.0,-2261.0,0.0,100,307.35,324.0,0,0.0,0.0,,0.0,1,6.63,12.59,SPY210331C00335000,335.0,normalDay
2020-06-26,3988.0,-2770.0,0.0,100,300.05,324.0,0,0.0,0.0,,0.0,1,6.63,10.38,SPY210331C00335000,335.0,normalDay
2020-06-29,3988.0,-2371.0,0.0,100,304.46,324.0,0,0.0,0.0,,0.0,1,6.63,10.8,SPY210331C00335000,335.0,normalDay
2020-06-30,3988.0,-2091.0,0.0,100,308.36,324.0,0,0.0,0.0,,0.0,1,6.63,11.9,SPY210331C00335000,335.0,normalDay
2020-07-01,3988.0,-1899.0,0.0,100,310.52,324.0,0,0.0,0.0,,0.0,1,6.63,12.14,SPY210331C00335000,335.0,normalDay
2020-07-02,3988.0,-1809.0,0.0,100,312.23,324.0,0,0.0,0.0,,0.0,1,6.63,12.95,SPY210331C00335000,335.0,normalDay
2020-07-06,3988.0,-1521.0,0.0,100,317.05,324.0,0,0.0,0.0,,0.0,1,6.63,14.89,SPY210331C00335000,335.0,normalDay
2020-07-07,3988.0,-1720.0,0.0,100,313.78,324.0,0,0.0,0.0,,0.0,1,6.63,13.61,SPY210331C00335000,335.0,normalDay
2020-07-08,3988.0,-1562.0,0.0,100,316.18,324.0,0,0.0,0.0,,0.0,1,6.63,14.43,SPY210331C00335000,335.0,normalDay
2020-07-09,3988.0,-1692.0,0.0,100,314.38,324.0,0,0.0,0.0,,0.0,1,6.63,13.93,SPY210331C00335000,335.0,normalDay
2020-07-10,3988.0,-1492.0,0.0,100,317.59,324.0,0,0.0,0.0,,0.0,1,6.63,15.14,SPY210331C00335000,335.0,normalDay
2020-07-13,3988.0,-1776.0,0.0,100,314.84,324.0,0,0.0,0.0,,0.0,1,6.63,15.23,SPY210331C00335000,335.0,normalDay
2020-07-14,3988.0,-1452.0,0.0,100,318.92,324.0,0,0.0,0.0,,0.0,1,6.63,16.07,SPY210331C00335000,335.0,normalDay
2020-07-15,3988.0,-1304.0,0.0,100,321.85,324.0,0,0.0,0.0,,0.0,1,6.63,17.52,SPY210331C00335000,335.0,normalDay
2020-07-16,3988.0,-1288.0,0.0,100,320.79,324.0,0,0.0,0.0,,0.0,1,6.63,16.3,SPY210331C00335000,335.0,normalDay
2020-07-17,3988.0,-1251.0,0.0,100,321.72,324.0,0,0.0,0.0,,0.0,1,6.63,16.86,SPY210331C00335000,335.0,normalDay
2020-07-20,3988.0,-1042.0,0.0,100,324.32,324.0,0,0.0,0.0,,0.0,1,6.63,17.37,SPY210331C00335000,335.0,normalDay
2020-07-21,3988.0,-1023.0,0.0,100,325.01,324.0,0,0.0,0.0,,0.0,1,6.63,17.87,SPY210331C00335000,335.0,normalDay
2020-07-22,3988.0,-903.0,0.0,100,326.86,324.0,0,0.0,0.0,,0.0,1,6.63,18.52,SPY210331C00335000,335.0,normalDay
2020-07-23,3988.0,-1104.0,0.0,100,322.96,324.0,0,0.0,0.0,,0.0,1,6.63,16.63,SPY210331C00335000,335.0,normalDay
2020-07-24,3988.0,-1244.0,0.0,100,320.88,324.0,0,0.0,0.0,,0.0,1,6.63,15.95,SPY210331C00335000,335.0,normalDay
2020-07-27,3988.0,-1086.0,0.0,100,323.22,324.0,0,0.0,0.0,,0.0,1,6.63,16.71,SPY210331C00335000,335.0,normalDay
2020-07-28,3988.0,-1222.0,0.0,100,321.17,324.0,0,0.0,0.0,,0.0,1,6.63,16.02,SPY210331C00335000,335.0,normalDay
2020-07-29,3988.0,-1001.0,0.0,100,325.12,324.0,0,0.0,0.0,,0.0,1,6.63,17.76,SPY210331C00335000,335.0,normalDay
2020-07-30,3988.0,-1133.0,0.0,100,323.96,324.0,0,0.0,0.0,,0.0,1,6.63,17.92,SPY210331C00335000,335.0,normalDay
2020-07-31,3988.0,-976.0,0.0,100,326.52,324.0,0,0.0,0.0,,0.0,1,6.63,18.91,SPY210331C00335000,335.0,normalDay
2020-08-03,3988.0,-832.0,0.0,100,328.79,324.0,0,0.0,0.0,,0.0,1,6.63,19.74,SPY210331C00335000,335.0,normalDay
2020-08-04,3988.0,-740.0,0.0,100,330.06,324.0,0,0.0,0.0,,0.0,1,6.63,20.09,SPY210331C00335000,335.0,normalDay
2020-08-05,3988.0,-633.0,0.0,100,332.11,324.0,0,0.0,0.0,,0.0,1,6.63,21.07,SPY210331C00335000,335.0,normalDay
2020-08-06,3988.0,-547.0,0.0,100,334.33,324.0,0,0.0,0.0,,0.0,1,6.63,22.43,SPY210331C00335000,335.0,normalDay
2020-08-07,3988.0,-541.0,0.0,100,334.57,324.0,0,0.0,0.0,,0.0,1,6.63,22.61,SPY210331C00335000,335.0,normalDay
2020-08-10,3988.0,-470.0,0.0,100,335.57,324.0,0,0.0,0.0,,0.0,1,6.63,22.9,SPY210331C00335000,335.0,normalDay
2020-08-11,3988.0,-644.0,0.0,100,332.8,324.0,0,0.0,0.0,,0.0,1,6.63,21.87,SPY210331C00335000,335.0,normalDay
2020-08-12,3988.0,-396.0,0.0,100,337.44,324.0,0,0.0,0.0,,0.0,1,6.63,24.03,SPY210331C00335000,335.0,normalDay
2020-08-13,3988.0,-427.0,0.0,100,336.83,324.0,0,0.0,0.0,,0.0,1,6.63,23.73,SPY210331C00335000,335.0,normalDay
2020-08-14,3988.0,-447.0,0.0,100,336.84,324.0,0,0.0,0.0,,0.0,1,6.63,23.94,SPY210331C00335000,335.0,normalDay
2020-08-17,3988.0,-352.0,0.0,100,337.91,324.0,0,0.0,0.0,,0.0,1,6.63,24.06,SPY210331C00335000,335.0,normalDay
2020-08-18,3988.0,-307.0,0.0,100,338.64,324.0,0,0.0,0.0,,0.0,1,6.63,24.34,SPY210331C00335000,335.0,normalDay
2020-08-19,3988.0,-397.0,0.0,100,337.23,324.0,0,0.0,0.0,,0.0,1,6.63,23.83,SPY210331C00335000,335.0,normalDay
2020-08-20,3988.0,-326.0,0.0,100,338.28,324.0,0,0.0,0.0,,0.0,1,6.63,24.17,SPY210331C00335000,335.0,normalDay
2020-08-21,3988.0,-304.0,0.0,100,339.48,324.0,0,0.0,0.0,,0.0,1,6.63,25.15,SPY210331C00335000,335.0,normalDay
2020-08-24,3988.0,-168.0,0.0,100,342.92,324.0,0,0.0,0.0,,0.0,1,6.63,27.23,SPY210331C00335000,335.0,normalDay
2020-08-25,3988.0,-139.0,0.0,100,344.12,324.0,0,0.0,0.0,,0.0,1,6.63,28.14,SPY210331C00335000,335.0,normalDay
2020-08-26,3988.0,-104.0,0.0,100,347.57,324.0,0,0.0,0.0,,0.0,1,6.63,31.24,SPY210331C00335000,335.0,normalDay
2020-08-27,3988.0,-105.0,0.0,100,348.33,324.0,0,0.0,0.0,,0.0,1,6.63,32.01,SPY210331C00335000,335.0,normalDay
2020-08-28,3988.0,-13.0,0.0,100,350.58,324.0,0,0.0,0.0,,0.0,1,6.63,33.34,SPY210331C00335000,335.0,normalDay
2020-08-31,3988.0,-192.0,0.0,100,349.31,324.0,0,0.0,0.0,,0.0,1,6.63,33.86,SPY210331C00335000,335.0,normalDay
2020-09-01,3988.0,-65.0,0.0,100,352.6,324.0,0,0.0,0.0,,0.0,1,6.63,35.88,SPY210331C00335000,335.0,normalDay
2020-09-02,3988.0,-40.0,0.0,100,357.7,324.0,0,0.0,0.0,,0.0,1,6.63,40.73,SPY210331C00335000,335.0,normalDay
2020-09-03,3988.0,-580.0,0.0,100,345.39,324.0,0,0.0,0.0,,0.0,1,6.63,33.82,SPY210331C00335000,335.0,normalDay
2020-09-04,3988.0,-496.0,0.0,100,342.57,324.0,0,0.0,0.0,,0.0,1,6.63,30.16,SPY210331C00335000,335.0,normalDay
2020-09-08,3988.0,-792.0,0.0,100,333.21,324.0,0,0.0,0.0,,0.0,1,6.63,23.76,SPY210331C00335000,335.0,normalDay
2020-09-09,3988.0,-420.0,0.0,100,339.79,324.0,0,0.0,0.0,,0.0,1,6.63,26.62,SPY210331C00335000,335.0,normalDay
2020-09-10,3988.0,-690.0,0.0,100,333.89,324.0,0,0.0,0.0,,0.0,1,6.63,23.42,SPY210331C00335000,335.0,normalDay
2020-09-11,3988.0,-557.0,0.0,100,334.06,324.0,0,0.0,0.0,,0.0,1,6.63,22.26,SPY210331C00335000,335.0,normalDay
2020-09-14,3988.0,-386.0,0.0,100,338.46,324.0,0,0.0,0.0,,0.0,1,6.63,24.95,SPY210331C00335000,335.0,normalDay
2020-09-15,3988.0,-338.0,0.0,100,340.17,324.0,0,0.0,0.0,,0.0,1,6.63,26.18,SPY210331C00335000,335.0,normalDay
2020-09-16,3988.0,-365.0,0.0,100,338.82,324.0,0,0.0,0.0,,0.0,1,6.63,25.1,SPY210331C00335000,335.0,normalDay
2020-09-17,3988.0,-522.0,0.0,100,335.84,324.0,0,0.0,0.0,,0.0,1,6.63,23.69,SPY210331C00335000,335.0,normalDay
2020-09-18,3988.0,-781.0,0.0,100,330.65,324.0,0,0.0,0.0,,0.0,1,6.63,21.09,SPY210331C00335000,335.0,normalDay
2020-09-21,3988.0,-980.0,0.0,100,326.97,324.0,0,0.0,0.0,,0.0,1,6.63,19.4,SPY210331C00335000,335.0,normalDay
2020-09-22,3988.0,-816.0,0.0,100,330.3,324.0,0,0.0,0.0,,0.0,1,6.63,21.09,SPY210331C00335000,335.0,normalDay
2020-09-23,3988.0,-1218.0,0.0,100,322.64,324.0,0,0.0,0.0,,0.0,1,6.63,17.45,SPY210331C00335000,335.0,normalDay
2020-09-24,3988.0,-1171.0,0.0,100,323.5,324.0,0,0.0,0.0,,0.0,1,6.63,17.84,SPY210331C00335000,335.0,normalDay
2020-09-25,3988.0,-871.0,0.0,100,328.73,324.0,0,0.0,0.0,,0.0,1,6.63,20.07,SPY210331C00335000,335.0,normalDay
2020-09-28,3988.0,-639.0,0.0,100,334.19,324.0,0,0.0,0.0,,0.0,1,6.63,23.21,SPY210331C00335000,335.0,normalDay
2020-09-29,3988.0,-728.0,0.0,100,332.37,324.0,0,0.0,0.0,,0.0,1,6.63,22.28,SPY210331C00335000,335.0,normalDay
2020-09-30,3988.0,-518.0,0.0,100,334.89,324.0,0,0.0,0.0,,0.0,1,6.63,22.7,SPY210331C00335000,335.0,normalDay
2020-10-01,3988.0,-525.0,0.0,100,337.04,324.0,0,0.0,0.0,,0.0,1,6.63,24.92,SPY210331C00335000,335.0,normalDay
2020-10-02,3988.0,-676.0,0.0,100,333.84,324.0,0,0.0,0.0,,0.0,1,6.63,23.23,SPY210331C00335000,335.0,normalDay
2020-10-05,3988.0,-361.0,0.0,100,339.76,324.0,0,0.0,0.0,,0.0,1,6.63,26.0,SPY210331C00335000,335.0,normalDay
2020-10-06,3988.0,-592.0,0.0,100,334.93,324.0,0,0.0,0.0,,0.0,1,6.63,23.48,SPY210331C00335000,335.0,normalDay
2020-10-07,3988.0,-267.0,0.0,100,340.76,324.0,0,0.0,0.0,,0.0,1,6.63,26.06,SPY210331C00335000,335.0,normalDay
2020-10-08,3988.0,-122.0,0.0,100,343.78,324.0,0,0.0,0.0,,0.0,1,6.63,27.63,SPY210331C00335000,335.0,normalDay
2020-10-09,3988.0,67.0,0.0,100,346.85,324.0,0,0.0,0.0,,0.0,1,6.63,28.81,SPY210331C00335000,335.0,normalDay
2020-10-12,3988.0,245.0,0.0,100,352.43,324.0,0,0.0,0.0,,0.0,1,6.63,32.61,SPY210331C00335000,335.0,normalDay
2020-10-13,3988.0,189.0,0.0,100,350.13,324.0,0,0.0,0.0,,0.0,1,6.63,30.87,SPY210331C00335000,335.0,normalDay
2020-10-14,3988.0,150.0,0.0,100,347.93,324.0,0,0.0,0.0,,0.0,1,6.63,29.06,SPY210331C00335000,335.0,normalDay
2020-10-15,3988.0,125.0,0.0,100,347.5,324.0,0,0.0,0.0,,0.0,1,6.63,28.88,SPY210331C00335000,335.0,normalDay
2020-10-16,3988.0,148.0,0.0,100,347.29,324.0,0,0.0,0.0,,0.0,1,6.63,28.44,SPY210331C00335000,335.0,normalDay
2020-10-19,3988.0,-134.0,0.0,100,342.01,324.0,0,0.0,0.0,,0.0,1,6.63,25.98,SPY210331C00335000,335.0,normalDay
2020-10-20,3988.0,-33.0,0.0,100,343.38,324.0,0,0.0,0.0,,0.0,1,6.63,26.34,SPY210331C00335000,335.0,normalDay
2020-10-21,3988.0,-64.0,0.0,100,342.73,324.0,0,0.0,0.0,,0.0,1,6.63,26.0,SPY210331C00335000,335.0,normalDay
2020-10-22,3988.0,65.0,0.0,100,344.61,324.0,0,0.0,0.0,,0.0,1,6.63,26.59,SPY210331C00335000,335.0,normalDay
2020-10-23,3988.0,152.0,0.0,100,345.78,324.0,0,0.0,0.0,,0.0,1,6.63,26.89,SPY210331C00335000,335.0,normalDay
2020-10-26,3988.0,-223.0,0.0,100,339.39,324.0,0,0.0,0.0,,0.0,1,6.63,24.25,SPY210331C00335000,335.0,normalDay
2020-10-27,3988.0,-249.0,0.0,100,338.22,324.0,0,0.0,0.0,,0.0,1,6.63,23.34,SPY210331C00335000,335.0,normalDay
2020-10-28,3988.0,-937.0,0.0,100,326.66,324.0,0,0.0,0.0,,0.0,1,6.63,18.66,SPY210331C00335000,335.0,normalDay
2020-10-29,3988.0,-719.0,0.0,100,329.98,324.0,0,0.0,0.0,,0.0,1,6.63,19.8,SPY210331C00335000,335.0,normalDay
2020-10-30,3988.0,-884.0,0.0,100,326.54,324.0,0,0.0,0.0,,0.0,1,6.63,18.01,SPY210331C00335000,335.0,normalDay
2020-11-02,3988.0,-595.0,0.0,100,330.2,324.0,0,0.0,0.0,,0.0,1,6.63,18.78,SPY210331C00335000,335.0,normalDay
2020-11-03,3988.0,-215.0,0.0,100,336.03,324.0,0,0.0,0.0,,0.0,1,6.63,20.81,SPY210331C00335000,335.0,normalDay
2020-11-04,3988.0,128.0,0.0,100,343.54,324.0,0,0.0,0.0,,0.0,1,6.63,24.89,SPY210331C00335000,335.0,normalDay
2020-11-05,3988.0,307.0,0.0,100,350.24,324.0,0,0.0,0.0,,0.0,1,6.63,29.8,SPY210331C00335000,335.0,normalDay
2020-11-06,3988.0,398.0,0.0,100,350.16,324.0,0,0.0,0.0,,0.0,1,6.63,28.81,SPY210331C00335000,335.0,normalDay
2020-11-09,3988.0,500.0,0.0,100,354.56,324.0,0,0.0,0.0,,0.0,1,6.63,32.19,SPY210331C00335000,335.0,normalDay
2020-11-10,3988.0,551.0,0.0,100,354.04,324.0,0,0.0,0.0,,0.0,1,6.63,31.16,SPY210331C00335000,335.0,normalDay
2020-11-11,3988.0,660.0,0.0,100,356.67,324.0,0,0.0,0.0,,0.0,1,6.63,32.7,SPY210331C00335000,335.0,normalDay
2020-11-12,3988.0,512.0,0.0,100,353.21,324.0,0,0.0,0.0,,0.0,1,6.63,30.72,SPY210331C00335000,335.0,normalDay
2020-11-13,3988.0,716.0,0.0,100,358.1,324.0,0,0.0,0.0,,0.0,1,6.63,33.57,SPY210331C00335000,335.0,normalDay
2020-11-16,3988.0,846.0,0.0,100,362.57,324.0,0,0.0,0.0,,0.0,1,6.63,36.74,SPY210331C00335000,335.0,normalDay
2020-11-17,3988.0,795.0,0.0,100,360.62,324.0,0,0.0,0.0,,0.0,1,6.63,35.3,SPY210331C00335000,335.0,normalDay
2020-11-18,3988.0,672.0,0.0,100,356.28,324.0,0,0.0,0.0,,0.0,1,6.63,32.19,SPY210331C00335000,335.0,normalDay
2020-11-19,3988.0,741.0,0.0,100,357.78,324.0,0,0.0,0.0,,0.0,1,6.63,33.0,SPY210331C00335000,335.0,normalDay
2020-11-20,3988.0,701.0,0.0,100,355.33,324.0,0,0.0,0.0,,0.0,1,6.63,30.95,SPY210331C00335000,335.0,normalDay
2020-11-23,3988.0,789.0,0.0,100,357.46,324.0,0,0.0,0.0,,0.0,1,6.63,32.2,SPY210331C00335000,335.0,normalDay
2020-11-24,3988.0,925.0,0.0,100,363.22,324.0,0,0.0,0.0,,0.0,1,6.63,36.6,SPY210331C00335000,335.0,normalDay
2020-11-25,3988.0,963.0,0.0,100,362.66,324.0,0,0.0,0.0,,0.0,1,6.63,35.66,SPY210331C00335000,335.0,normalDay
2020-11-27,3988.0,925.0,0.0,100,363.67,324.0,0,0.0,0.0,,0.0,1,6.63,37.05,SPY210331C00335000,335.0,normalDay
2020-11-30,3988.0,917.0,0.0,100,362.06,324.0,0,0.0,0.0,,0.0,1,6.63,35.52,SPY210331C00335000,335.0,normalDay
2020-12-01,3988.0,1041.0,0.0,100,366.02,324.0,0,0.0,0.0,,0.0,1,6.63,38.24,SPY210331C00335000,335.0,normalDay
2020-12-02,3988.0,1049.0,0.0,100,366.79,324.0,0,0.0,0.0,,0.0,1,6.63,38.93,SPY210331C00335000,335.0,normalDay
2020-12-03,3988.0,1070.0,0.0,100,366.69,324.0,0,0.0,0.0,,0.0,1,6.63,38.62,SPY210331C00335000,335.0,normalDay
2020-12-04,3988.0,1157.0,0.0,100,369.85,324.0,0,0.0,0.0,,0.0,1,6.63,40.91,SPY210331C00335000,335.0,normalDay
2020-12-07,3988.0,1136.0,0.0,100,369.09,324.0,0,0.0,0.0,,0.0,1,6.63,40.36,SPY210331C00335000,335.0,normalDay
2020-12-08,3988.0,1154.0,0.0,100,370.17,324.0,0,0.0,0.0,,0.0,1,6.63,41.26,SPY210331C00335000,335.0,normalDay
2020-12-09,3988.0,1094.0,0.0,100,366.85,324.0,0,0.0,0.0,,0.0,1,6.63,38.54,SPY210331C00335000,335.0,normalDay
2020-12-10,3988.0,1090.0,0.0,100,366.73,324.0,0,0.0,0.0,,0.0,1,6.63,38.46,SPY210331C00335000,335.0,normalDay
2020-12-11,3988.0,1043.0,0.0,100,366.3,324.0,0,0.0,0.0,,0.0,1,6.63,38.5,SPY210331C00335000,335.0,normalDay
2020-12-14,3988.0,959.0,0.0,100,364.66,324.0,0,0.0,0.0,,0.0,1,6.63,37.7,SPY210331C00335000,335.0,normalDay
2020-12-15,3988.0,1133.0,0.0,100,369.59,324.0,0,0.0,0.0,,0.0,1,6.63,40.89,SPY210331C00335000,335.0,normalDay
2020-12-16,3988.0,1153.0,0.0,100,370.17,324.0,0,0.0,0.0,,0.0,1,6.63,41.27,SPY210331C00335000,335.0,normalDay
2020-12-17,3988.0,1187.0,0.0,100,372.24,324.0,0,0.0,0.0,,0.0,1,6.63,43.0,SPY210331C00335000,335.0,normalDay
2020-12-18,3988.0,964.0,0.0,100,369.18,324.0,0,0.0,0.0,,0.0,1,6.63,42.17,SPY210331C00335000,335.0,normalDay
2020-12-21,3988.0,981.0,0.0,100,367.86,324.0,0,0.0,0.0,,0.0,1,6.63,40.68,SPY210331C00335000,335.0,normalDay
2020-12-22,3988.0,1003.0,0.0,100,367.24,324.0,0,0.0,0.0,,0.0,1,6.63,39.84,SPY210331C00335000,335.0,normalDay
2020-12-23,3988.0,1064.0,0.0,100,367.57,324.0,0,0.0,0.0,,0.0,1,6.63,39.56,SPY210331C00335000,335.0,normalDay
2020-12-24,3988.0,1114.0,0.0,100,369.0,324.0,0,0.0,0.0,,0.0,1,6.63,40.49,SPY210331C00335000,335.0,normalDay
2020-12-28,3988.0,1155.0,0.0,100,372.17,324.0,0,0.0,0.0,,0.0,1,6.63,43.25,SPY210331C00335000,335.0,normalDay
2020-12-29,3988.0,1112.0,0.0,100,371.46,324.0,0,0.0,0.0,,0.0,1,6.63,42.97,SPY210331C00335000,335.0,normalDay
2020-12-30,3988.0,1176.0,0.0,100,371.99,324.0,0,0.0,0.0,,0.0,1,6.63,42.86,SPY210331C00335000,335.0,normalDay
2020-12-31,3988.0,1150.0,0.0,100,373.88,324.0,0,0.0,0.0,,0.0,1,6.63,45.01,SPY210331C00335000,335.0,normalDay
2021-01-04,3988.0,1054.0,0.0,100,368.79,324.0,0,0.0,0.0,,0.0,1,6.63,40.88,SPY210331C00335000,335.0,normalDay
2021-01-05,3988.0,1152.0,0.0,100,371.33,324.0,0,0.0,0.0,,0.0,1,6.63,42.44,SPY210331C00335000,335.0,normalDay
2021-01-06,3988.0,1164.0,0.0,100,373.55,324.0,0,0.0,0.0,,0.0,1,6.63,44.54,SPY210331C00335000,335.0,normalDay
2021-01-07,3988.0,1324.0,0.0,100,379.1,324.0,0,0.0,0.0,,0.0,1,6.63,48.49,SPY210331C00335000,335.0,normalDay
2021-01-08,3988.0,1328.0,0.0,100,381.26,324.0,0,0.0,0.0,,0.0,1,6.63,50.61,SPY210331C00335000,335.0,normalDay
2021-01-11,3988.0,1246.0,0.0,100,378.69,324.0,0,0.0,0.0,,0.0,1,6.63,48.86,SPY210331C00335000,335.0,normalDay
2021-01-12,3988.0,1316.0,0.0,100,378.77,324.0,0,0.0,0.0,,0.0,1,6.63,48.24,SPY210331C00335000,335.0,normalDay
2021-01-13,3988.0,1326.0,0.0,100,379.79,324.0,0,0.0,0.0,,0.0,1,6.63,49.16,SPY210331C00335000,335.0,normalDay
2021-01-14,3988.0,1301.0,0.0,100,378.46,324.0,0,0.0,0.0,,0.0,1,6.63,48.08,SPY210331C00335000,335.0,normalDay
2021-01-15,3988.0,1332.0,0.0,100,375.7,324.0,0,0.0,0.0,,0.0,1,6.63,45.01,SPY210331C00335000,335.0,normalDay
2021-01-19,3988.0,1347.0,0.0,100,378.65,324.0,0,0.0,0.0,,0.0,1,6.63,47.81,SPY210331C00335000,335.0,normalDay
2021-01-20,3988.0,1429.0,0.0,100,383.89,324.0,0,0.0,0.0,,0.0,1,6.63,52.23,SPY210331C00335000,335.0,normalDay
2021-01-21,3988.0,1446.0,0.0,100,384.24,324.0,0,0.0,0.0,,0.0,1,6.63,52.41,SPY210331C00335000,335.0,normalDay
2021-01-22,3988.0,1427.0,0.0,100,382.88,324.0,0,0.0,0.0,,0.0,1,6.63,51.24,SPY210331C00335000,335.0,normalDay
2021-01-25,3988.0,1433.0,0.0,100,384.39,324.0,0,0.0,0.0,,0.0,1,6.63,52.69,SPY210331C00335000,335.0,normalDay
2021-01-26,3988.0,1372.0,0.0,100,383.79,324.0,0,0.0,0.0,,0.0,1,6.63,52.7,SPY210331C00335000,335.0,normalDay
2021-01-27,3988.0,1158.0,0.0,100,374.41,324.0,0,0.0,0.0,,0.0,1,6.63,45.46,SPY210331C00335000,335.0,normalDay
2021-01-28,3988.0,1213.0,0.0,100,377.63,324.0,0,0.0,0.0,,0.0,1,6.63,48.13,SPY210331C00335000,335.0,normalDay
2021-01-29,3988.0,1083.0,0.0,100,370.07,324.0,0,0.0,0.0,,0.0,1,6.63,41.87,SPY210331C00335000,335.0,normalDay
2021-02-01,3988.0,1307.0,0.0,100,376.23,324.0,0,0.0,0.0,,0.0,1,6.63,45.79,SPY210331C00335000,335.0,normalDay
2021-02-02,3988.0,1344.0,0.0,100,381.55,324.0,0,0.0,0.0,,0.0,1,6.63,50.74,SPY210331C00335000,335.0,normalDay
2021-02-03,3988.0,1419.0,0.0,100,381.85,324.0,0,0.0,0.0,,0.0,1,6.63,50.29,SPY210331C00335000,335.0,normalDay
2021-02-04,3988.0,1541.0,0.0,100,386.19,324.0,0,0.0,0.0,,0.0,1,6.63,53.41,SPY210331C00335000,335.0,normalDay
2021-02-05,3988.0,1550.0,0.0,100,387.71,324.0,0,0.0,0.0,,0.0,1,6.63,54.84,SPY210331C00335000,335.0,normalDay
2021-02-08,3988.0,1591.0,0.0,100,390.51,324.0,0,0.0,0.0,,0.0,1,6.63,57.23,SPY210331C00335000,335.0,normalDay
2021-02-09,3988.0,1552.0,0.0,100,390.25,324.0,0,0.0,0.0,,0.0,1,6.63,57.36,SPY210331C00335000,335.0,normalDay
2021-02-10,3988.0,1567.0,0.0,100,390.08,324.0,0,0.0,0.0,,0.0,1,6.63,57.04,SPY210331C00335000,335.0,normalDay
2021-02-11,3988.0,1624.0,0.0,100,390.71,324.0,0,0.0,0.0,,0.0,1,6.63,57.1,SPY210331C00335000,335.0,normalDay
2021-02-12,3988.0,1590.0,0.0,100,392.64,324.0,0,0.0,0.0,,0.0,1,6.63,59.37,SPY210331C00335000,335.0,normalDay
2021-02-16,3988.0,1634.0,0.0,100,392.3,324.0,0,0.0,0.0,,0.0,1,6.63,58.59,SPY210331C00335000,335.0,normalDay
2021-02-17,3988.0,1637.0,0.0,100,392.39,324.0,0,0.0,0.0,,0.0,1,6.63,58.65,SPY210331C00335000,335.0,normalDay
2021-02-18,3988.0,1632.0,0.0,100,390.72,324.0,0,0.0,0.0,,0.0,1,6.63,57.03,SPY210331C00335000,335.0,normalDay
2021-02-19,3988.0,1658.0,0.0,100,390.03,324.0,0,0.0,0.0,,0.0,1,6.63,56.08,SPY210331C00335000,335.0,normalDay
2021-02-22,3988.0,1616.0,0.0,100,387.03,324.0,0,0.0,0.0,,0.0,1,6.63,53.5,SPY210331C00335000,335.0,normalDay
2021-02-23,3988.0,1654.0,0.0,100,387.5,324.0,0,0.0,0.0,,0.0,1,6.63,53.59,SPY210331C00335000,335.0,normalDay
2021-02-24,3988.0,1652.0,0.0,100,391.77,324.0,0,0.0,0.0,,0.0,1,6.63,57.88,SPY210331C00335000,335.0,normalDay
2021-02-25,3988.0,1455.0,0.0,100,382.33,324.0,0,0.0,0.0,,0.0,1,6.63,50.41,SPY210331C00335000,335.0,normalDay
2021-02-26,3988.0,1536.0,0.0,100,380.36,324.0,0,0.0,0.0,,0.0,1,6.63,47.63,SPY210331C00335000,335.0,normalDay
2021-03-01,3988.0,1695.0,0.0,100,389.58,324.0,0,0.0,0.0,,0.0,1,6.63,55.26,SPY210331C00335000,335.0,normalDay
2021-03-02,3988.0,1677.0,0.0,100,386.54,324.0,0,0.0,0.0,,0.0,1,6.63,52.4,SPY210331C00335000,335.0,normalDay
2021-03-03,3988.0,1639.0,0.0,100,381.42,324.0,0,0.0,0.0,,0.0,1,6.63,47.66,SPY210331C00335000,335.0,normalDay
2021-03-04,3988.0,1579.0,0.0,100,376.7,324.0,0,0.0,0.0,,0.0,1,6.63,43.54,SPY210331C00335000,335.0,normalDay
2021-03-05,3988.0,1681.0,0.0,100,383.63,324.0,0,0.0,0.0,,0.0,1,6.63,49.45,SPY210331C00335000,335.0,normalDay
2021-03-08,3988.0,1634.0,0.0,100,381.72,324.0,0,0.0,0.0,,0.0,1,6.63,48.01,SPY210331C00335000,335.0,normalDay
2021-03-09,3988.0,1703.0,0.0,100,387.17,324.0,0,0.0,0.0,,0.0,1,6.63,52.77,SPY210331C00335000,335.0,normalDay
2021-03-10,3988.0,1669.0,0.0,100,389.58,324.0,0,0.0,0.0,,0.0,1,6.63,55.52,SPY210331C00335000,335.0,normalDay
2021-03-11,3988.0,1750.0,0.0,100,393.53,324.0,0,0.0,0.0,,0.0,1,6.63,58.66,SPY210331C00335000,335.0,normalDay
2021-03-12,3988.0,1703.0,0.0,100,394.06,324.0,0,0.0,0.0,,0.0,1,6.63,59.66,SPY210331C00335000,335.0,normalDay
2021-03-15,3988.0,1716.0,0.0,100,396.41,324.0,0,0.0,0.0,,0.0,1,6.63,61.88,SPY210331C00335000,335.0,normalDay
2021-03-16,3988.0,1741.0,0.0,100,395.91,324.0,0,0.0,0.0,,0.0,1,6.63,61.13,SPY210331C00335000,335.0,normalDay
2021-03-17,3988.0,1759.0,0.0,100,397.26,324.0,0,0.0,0.0,,0.0,1,6.63,62.3,SPY210331C00335000,335.0,normalDay
2021-03-18,3988.0,1667.0,0.0,100,391.48,324.0,0,0.0,0.0,,0.0,1,6.63,57.44,SPY210331C00335000,335.0,normalDay
2021-03-19,3988.0,1746.0,0.0,100,389.48,324.0,0,0.0,0.0,,0.0,1,6.63,54.65,SPY210331C00335000,335.0,normalDay
2021-03-22,3988.0,1728.0,0.0,100,392.59,324.0,0,0.0,0.0,,0.0,1,6.63,57.94,SPY210331C00335000,335.0,normalDay
2021-03-23,3988.0,1715.0,0.0,100,389.5,324.0,0,0.0,0.0,,0.0,1,6.63,54.98,SPY210331C00335000,335.0,normalDay
2021-03-24,3988.0,1732.0,0.0,100,387.52,324.0,0,0.0,0.0,,0.0,1,6.63,52.83,SPY210331C00335000,335.0,normalDay
2021-03-25,3988.0,1735.0,0.0,100,389.7,324.0,0,0.0,0.0,,0.0,1,6.63,54.98,SPY210331C00335000,335.0,normalDay
2021-03-26,3988.0,1770.0,0.0,100,395.98,324.0,0,0.0,0.0,,0.0,1,6.63,60.91,SPY210331C00335000,335.0,normalDay
2021-03-29,3988.0,1765.0,0.0,100,395.78,324.0,0,0.0,0.0,,0.0,1,6.63,60.76,SPY210331C00335000,335.0,normalDay
2021-03-30,3988.0,1787.0,0.0,100,394.73,324.0,0,0.0,0.0,,0.0,1,6.63,59.49,SPY210331C00335000,335.0,normalDay
2021-03-31,5751.0,1787.0,1763.0,0,396.33,0.0,0,0.0,0.0,,0.0,1,6.63,0.0,SPY210331C00335000,335.0,expirationDay
2021-04-01,5751.0,-6.0,0.0,0,400.61,0.0,1,8.44,8.5,SPY210618P00391000,391.0,0,0.0,0.0,,0.0,normalDay
2021-04-05,5751.0,154.0,0.0,0,406.36,0.0,1,8.44,6.9,SPY210618P00391000,391.0,0,0.0,0.0,,0.0,normalDay
2021-04-06,5751.0,141.0,0.0,0,406.12,0.0,1,8.44,7.03,SPY210618P00391000,391.0,0,0.0,0.0,,0.0,normalDay
2021-04-07,5751.0,187.0,0.0,0,406.59,0.0,1,8.44,6.57,SPY210618P00391000,391.0,0,0.0,0.0,,0.0,normalDay
2021-04-08,5751.0,226.0,0.0,0,408.52,0.0,1,8.44,6.18,SPY210618P00391000,391.0,0,0.0,0.0,,0.0,normalDay
2021-04-09,5751.0,269.0,0.0,0,411.49,0.0,1,8.44,5.75,SPY210618P00391000,391.0,0,0.0,0.0,,0.0,normalDay
2021-04-12,5751.0,297.0,0.0,0,411.64,0.0,1,8.44,5.47,SPY210618P00391000,391.0,0,0.0,0.0,,0.0,normalDay
2021-04-13,5751.0,339.0,0.0,0,412.86,0.0,1,8.44,5.05,SPY210618P00391000,391.0,0,0.0,0.0,,0.0,normalDay
2021-04-14,5751.0,315.0,0.0,0,411.45,0.0,1,8.44,5.29,SPY210618P00391000,391.0,0,0.0,0.0,,0.0,normalDay
2021-04-15,5751.0,397.0,0.0,0,415.87,0.0,1,8.44,4.47,SPY210618P00391000,391.0,0,0.0,0.0,,0.0,normalDay
2021-04-16,5751.0,424.0,0.0,0,417.26,0.0,1,8.44,4.2,SPY210618P00391000,391.0,0,0.0,0.0,,0.0,normalDay
2021-04-19,5751.0,373.0,0.0,0,415.21,0.0,1,8.44,4.71,SPY210618P00391000,391.0,0,0.0,0.0,,0.0,normalDay
2021-04-20,5751.0,279.0,0.0,0,412.17,0.0,1,8.44,5.65,SPY210618P00391000,391.0,0,0.0,0.0,,0.0,normalDay
2021-04-21,5751.0,397.0,0.0,0,416.07,0.0,1,8.44,4.47,SPY210618P00391000,391.0,0,0.0,0.0,,0.0,normalDay
2021-04-22,5751.0,292.0,0.0,0,412.27,0.0,1,8.44,5.52,SPY210618P00391000,391.0,0,0.0,0.0,,0.0,normalDay
2021-04-23,5751.0,419.0,0.0,0,416.74,0.0,1,8.44,4.25,SPY210618P00391000,391.0,0,0.0,0.0,,0.0,normalDay
2021-04-26,5751.0,456.0,0.0,0,417.61,0.0,1,8.44,3.88,SPY210618P00391000,391.0,0,0.0,0.0,,0.0,normalDay
2021-04-27,5751.0,467.0,0.0,0,417.52,0.0,1,8.44,3.77,SPY210618P00391000,391.0,0,0.0,0.0,,0.0,normalDay
2021-04-28,5751.0,489.0,0.0,0,417.4,0.0,1,8.44,3.55,SPY210618P00391000,391.0,0,0.0,0.0,,0.0,normalDay
2021-04-29,5751.0,514.0,0.0,0,420.06,0.0,1,8.44,3.3,SPY210618P00391000,391.0,0,0.0,0.0,,0.0,normalDay
2021-04-30,5751.0,467.0,0.0,0,417.3,0.0,1,8.44,3.77,SPY210618P00391000,391.0,0,0.0,0.0,,0.0,normalDay
2021-05-03,5751.0,507.0,0.0,0,418.2,0.0,1,8.44,3.37,SPY210618P00391000,391.0,0,0.0,0.0,,0.0,normalDay
2021-05-04,5751.0,442.0,0.0,0,415.62,0.0,1,8.44,4.02,SPY210618P00391000,391.0,0,0.0,0.0,,0.0,normalDay
2021-05-05,5751.0,463.0,0.0,0,415.75,0.0,1,8.44,3.81,SPY210618P00391000,391.0,0,0.0,0.0,,0.0,normalDay
2021-05-06,5751.0,539.0,0.0,0,419.07,0.0,1,8.44,3.05,SPY210618P00391000,391.0,0,0.0,0.0,,0.0,normalDay
2021-05-07,5751.0,611.0,0.0,0,422.12,0.0,1,8.44,2.33,SPY210618P00391000,391.0,0,0.0,0.0,,0.0,normalDay
2021-05-10,5751.0,525.0,0.0,0,417.94,0.0,1,8.44,3.19,SPY210618P00391000,391.0,0,0.0,0.0,,0.0,normalDay
2021-05-11,5751.0,432.0,0.0,0,414.21,0.0,1,8.44,4.12,SPY210618P00391000,391.0,0,0.0,0.0,,0.0,normalDay
2021-05-12,5751.0,106.0,0.0,0,405.41,0.0,1,8.44,7.38,SPY210618P00391000,391.0,0,0.0,0.0,,0.0,normalDay
2021-05-13,5751.0,335.0,0.0,0,410.28,0.0,1,8.44,5.09,SPY210618P00391000,391.0,0,0.0,0.0,,0.0,normalDay
2021-05-14,5751.0,568.0,0.0,0,416.58,0.0,1,8.44,2.76,SPY210618P00391000,391.0,0,0.0,0.0,,0.0,normalDay
2021-05-17,5751.0,554.0,0.0,0,415.52,0.0,1,8.44,2.9,SPY210618P00391000,391.0,0,0.0,0.0,,0.0,normalDay
2021-05-18,5751.0,477.0,0.0,0,411.94,0.0,1,8.44,3.67,SPY210618P00391000,391.0,0,0.0,0.0,,0.0,normalDay
2021-05-19,5751.0,460.0,0.0,0,410.86,0.0,1,8.44,3.84,SPY210618P00391000,391.0,0,0.0,0.0,,0.0,normalDay
2021-05-20,5751.0,562.0,0.0,0,415.28,0.0,1,8.44,2.82,SPY210618P00391000,391.0,0,0.0,0.0,,0.0,normalDay
2021-05-21,5751.0,583.0,0.0,0,414.94,0.0,1,8.44,2.61,SPY210618P00391000,391.0,0,0.0,0.0,,0.0,normalDay
2021-05-24,5751.0,686.0,0.0,0,419.17,0.0,1,8.44,1.58,SPY210618P00391000,391.0,0,0.0,0.0,,0.0,normalDay
2021-05-25,5751.0,682.0,0.0,0,418.24,0.0,1,8.44,1.62,SPY210618P00391000,391.0,0,0.0,0.0,,0.0,normalDay
2021-05-26,5751.0,723.0,0.0,0,419.07,0.0,1,8.44,1.21,SPY210618P00391000,391.0,0,0.0,0.0,,0.0,normalDay
2021-05-27,5751.0,744.0,0.0,0,419.29,0.0,1,8.44,1.0,SPY210618P00391000,391.0,0,0.0,0.0,,0.0,normalDay
2021-05-28,5751.0,752.0,0.0,0,420.04,0.0,1,8.44,0.92,SPY210618P00391000,391.0,0,0.0,0.0,,0.0,normalDay
2021-06-01,5751.0,757.0,0.0,0,419.67,0.0,1,8.44,0.87,SPY210618P00391000,391.0,0,0.0,0.0,,0.0,normalDay
2021-06-02,5751.0,778.0,0.0,0,420.33,0.0,1,8.44,0.66,SPY210618P00391000,391.0,0,0.0,0.0,,0.0,normalDay
2021-06-03,5751.0,774.0,0.0,0,418.77,0.0,1,8.44,0.7,SPY210618P00391000,391.0,0,0.0,0.0,,0.0,normalDay
2021-06-04,5751.0,806.0,0.0,0,422.6,0.0,1,8.44,0.38,SPY210618P00391000,391.0,0,0.0,0.0,,0.0,normalDay
2021-06-07,5751.0,817.0,0.0,0,422.19,0.0,1,8.44,0.27,SPY210618P00391000,391.0,0,0.0,0.0,,0.0,normalDay
2021-06-08,5751.0,812.0,0.0,0,422.28,0.0,1,8.44,0.32,SPY210618P00391000,391.0,0,0.0,0.0,,0.0,normalDay
2021-06-09,5751.0,807.0,0.0,0,421.65,0.0,1,8.44,0.37,SPY210618P00391000,391.0,0,0.0,0.0,,0.0,normalDay
2021-06-10,5751.0,825.0,0.0,0,423.61,0.0,1,8.44,0.19,SPY210618P00391000,391.0,0,0.0,0.0,,0.0,normalDay
2021-06-11,5751.0,828.0,0.0,0,424.31,0.0,1,8.44,0.16,SPY210618P00391000,391.0,0,0.0,0.0,,0.0,normalDay
2021-06-14,5751.0,835.0,0.0,0,425.26,0.0,1,8.44,0.09,SPY210618P00391000,391.0,0,0.0,0.0,,0.0,normalDay
2021-06-15,5751.0,833.0,0.0,0,424.48,0.0,1,8.44,0.11,SPY210618P00391000,391.0,0,0.0,0.0,,0.0,normalDay
2021-06-16,5751.0,829.0,0.0,0,422.11,0.0,1,8.44,0.15,SPY210618P00391000,391.0,0,0.0,0.0,,0.0,normalDay
2021-06-17,5751.0,838.0,0.0,0,421.97,0.0,1,8.44,0.06,SPY210618P00391000,391.0,0,0.0,0.0,,0.0,normalDay
2021-06-18,6595.0,0.0,844.0,0,414.92,0.0,1,8.44,0.0,SPY210618P00391000,391.0,0,0.0,0.0,,0.0,expirationDay
2021-06-21,6595.0,-3.0,0.0,0,420.86,0.0,1,9.53,9.56,SPY210820P00421000,421.0,0,0.0,0.0,,0.0,normalDay
2021-06-22,6595.0,119.0,0.0,0,423.11,0.0,1,9.53,8.34,SPY210820P00421000,421.0,0,0.0,0.0,,0.0,normalDay
2021-06-23,6595.0,140.0,0.0,0,422.6,0.0,1,9.53,8.13,SPY210820P00421000,421.0,0,0.0,0.0,,0.0,normalDay
2021-06-24,6595.0,241.0,0.0,0,425.1,0.0,1,9.53,7.12,SPY210820P00421000,421.0,0,0.0,0.0,,0.0,normalDay
2021-06-25,6595.0,317.0,0.0,0,426.61,0.0,1,9.53,6.36,SPY210820P00421000,421.0,0,0.0,0.0,,0.0,normalDay
2021-06-28,6595.0,356.0,0.0,0,427.47,0.0,1,9.53,5.97,SPY210820P00421000,421.0,0,0.0,0.0,,0.0,normalDay
2021-06-29,6595.0,371.0,0.0,0,427.7,0.0,1,9.53,5.82,SPY210820P00421000,421.0,0,0.0,0.0,,0.0,normalDay
2021-06-30,6595.0,396.0,0.0,0,428.06,0.0,1,9.53,5.57,SPY210820P00421000,421.0,0,0.0,0.0,,0.0,normalDay
2021-07-01,6595.0,447.0,0.0,0,430.43,0.0,1,9.53,5.06,SPY210820P00421000,421.0,0,0.0,0.0,,0.0,normalDay
2021-07-02,6595.0,522.0,0.0,0,433.72,0.0,1,9.53,4.31,SPY210820P00421000,421.0,0,0.0,0.0,,0.0,normalDay
2021-07-06,6595.0,493.0,0.0,0,432.93,0.0,1,9.53,4.6,SPY210820P00421000,421.0,0,0.0,0.0,,0.0,normalDay
2021-07-07,6595.0,525.0,0.0,0,434.46,0.0,1,9.53,4.28,SPY210820P00421000,421.0,0,0.0,0.0,,0.0,normalDay
2021-07-08,6595.0,377.0,0.0,0,430.92,0.0,1,9.53,5.76,SPY210820P00421000,421.0,0,0.0,0.0,,0.0,normalDay
2021-07-09,6595.0,566.0,0.0,0,435.52,0.0,1,9.53,3.87,SPY210820P00421000,421.0,0,0.0,0.0,,0.0,normalDay
2021-07-12,6595.0,613.0,0.0,0,437.08,0.0,1,9.53,3.4,SPY210820P00421000,421.0,0,0.0,0.0,,0.0,normalDay
2021-07-13,6595.0,555.0,0.0,0,435.59,0.0,1,9.53,3.98,SPY210820P00421000,421.0,0,0.0,0.0,,0.0,normalDay
2021-07-14,6595.0,606.0,0.0,0,436.24,0.0,1,9.53,3.47,SPY210820P00421000,421.0,0,0.0,0.0,,0.0,normalDay
2021-07-15,6595.0,563.0,0.0,0,434.75,0.0,1,9.53,3.9,SPY210820P00421000,421.0,0,0.0,0.0,,0.0,normalDay
2021-07-16,6595.0,467.0,0.0,0,431.34,0.0,1,9.53,4.86,SPY210820P00421000,421.0,0,0.0,0.0,,0.0,normalDay
2021-07-19,6595.0,212.0,0.0,0,424.97,0.0,1,9.53,7.41,SPY210820P00421000,421.0,0,0.0,0.0,,0.0,normalDay
2021-07-20,6595.0,459.0,0.0,0,431.06,0.0,1,9.53,4.94,SPY210820P00421000,421.0,0,0.0,0.0,,0.0,normalDay
2021-07-21,6595.0,604.0,0.0,0,434.55,0.0,1,9.53,3.49,SPY210820P00421000,421.0,0,0.0,0.0,,0.0,normalDay
2021-07-22,6595.0,634.0,0.0,0,435.46,0.0,1,9.53,3.19,SPY210820P00421000,421.0,0,0.0,0.0,,0.0,normalDay
2021-07-23,6595.0,717.0,0.0,0,439.94,0.0,1,9.53,2.36,SPY210820P00421000,421.0,0,0.0,0.0,,0.0,normalDay
2021-07-26,6595.0,755.0,0.0,0,441.02,0.0,1,9.53,1.98,SPY210820P00421000,421.0,0,0.0,0.0,,0.0,normalDay
2021-07-27,6595.0,693.0,0.0,0,439.01,0.0,1,9.53,2.6,SPY210820P00421000,421.0,0,0.0,0.0,,0.0,normalDay
2021-07-28,6595.0,730.0,0.0,0,438.83,0.0,1,9.53,2.23,SPY210820P00421000,421.0,0,0.0,0.0,,0.0,normalDay
2021-07-29,6595.0,783.0,0.0,0,440.65,0.0,1,9.53,1.7,SPY210820P00421000,421.0,0,0.0,0.0,,0.0,normalDay
2021-07-30,6595.0,760.0,0.0,0,438.51,0.0,1,9.53,1.93,SPY210820P00421000,421.0,0,0.0,0.0,,0.0,normalDay
2021-08-02,6595.0,752.0,0.0,0,437.59,0.0,1,9.53,2.01,SPY210820P00421000,421.0,0,0.0,0.0,,0.0,normalDay
2021-08-03,6595.0,832.0,0.0,0,441.15,0.0,1,9.53,1.21,SPY210820P00421000,421.0,0,0.0,0.0,,0.0,normalDay
2021-08-04,6595.0,827.0,0.0,0,438.98,0.0,1,9.53,1.26,SPY210820P00421000,421.0,0,0.0,0.0,,0.0,normalDay
2021-08-05,6595.0,864.0,0.0,0,441.76,0.0,1,9.53,0.89,SPY210820P00421000,421.0,0,0.0,0.0,,0.0,normalDay
2021-08-06,6595.0,900.0,0.0,0,442.49,0.0,1,9.53,0.53,SPY210820P00421000,421.0,0,0.0,0.0,,0.0,normalDay
2021-08-09,6595.0,909.0,0.0,0,442.13,0.0,1,9.53,0.44,SPY210820P00421000,421.0,0,0.0,0.0,,0.0,normalDay
2021-08-10,6595.0,909.0,0.0,0,442.68,0.0,1,9.53,0.44,SPY210820P00421000,421.0,0,0.0,0.0,,0.0,normalDay
2021-08-11,6595.0,930.0,0.0,0,443.78,0.0,1,9.53,0.23,SPY210820P00421000,421.0,0,0.0,0.0,,0.0,normalDay
2021-08-12,6595.0,936.0,0.0,0,445.11,0.0,1,9.53,0.17,SPY210820P00421000,421.0,0,0.0,0.0,,0.0,normalDay
2021-08-13,6595.0,940.0,0.0,0,445.92,0.0,1,9.53,0.13,SPY210820P00421000,421.0,0,0.0,0.0,,0.0,normalDay
2021-08-16,6595.0,944.0,0.0,0,446.97,0.0,1,9.53,0.09,SPY210820P00421000,421.0,0,0.0,0.0,,0.0,normalDay
2021-08-17,6595.0,940.0,0.0,0,444.04,0.0,1,9.53,0.13,SPY210820P00421000,421.0,0,0.0,0.0,,0.0,normalDay
2021-08-18,6595.0,920.0,0.0,0,439.18,0.0,1,9.53,0.33,SPY210820P00421000,421.0,0,0.0,0.0,,0.0,normalDay
2021-08-19,6595.0,945.0,0.0,0,439.86,0.0,1,9.53,0.08,SPY210820P00421000,421.0,0,0.0,0.0,,0.0,normalDay
2021-08-20,7548.0,0.0,953.0,0,443.36,0.0,1,9.53,0.0,SPY210820P00421000,421.0,0,0.0,0.0,,0.0,expirationDay
2021-08-23,7548.0,-3.0,0.0,0,447.26,0.0,1,7.67,7.7,SPY211015P00441000,441.0,0,0.0,0.0,,0.0,normalDay
2021-08-24,7548.0,21.0,0.0,0,447.97,0.0,1,7.67,7.46,SPY211015P00441000,441.0,0,0.0,0.0,,0.0,normalDay
2021-08-25,7548.0,83.0,0.0,0,448.91,0.0,1,7.67,6.84,SPY211015P00441000,441.0,0,0.0,0.0,,0.0,normalDay
2021-08-26,7548.0,-47.0,0.0,0,446.26,0.0,1,7.67,8.14,SPY211015P00441000,441.0,0,0.0,0.0,,0.0,normalDay
2021-08-27,7548.0,150.0,0.0,0,450.25,0.0,1,7.67,6.17,SPY211015P00441000,441.0,0,0.0,0.0,,0.0,normalDay
2021-08-30,7548.0,219.0,0.0,0,452.23,0.0,1,7.67,5.48,SPY211015P00441000,441.0,0,0.0,0.0,,0.0,normalDay
2021-08-31,7548.0,222.0,0.0,0,451.56,0.0,1,7.67,5.45,SPY211015P00441000,441.0,0,0.0,0.0,,0.0,normalDay
2021-09-01,7548.0,250.0,0.0,0,451.8,0.0,1,7.67,5.17,SPY211015P00441000,441.0,0,0.0,0.0,,0.0,normalDay
2021-09-02,7548.0,284.0,0.0,0,453.19,0.0,1,7.67,4.83,SPY211015P00441000,441.0,0,0.0,0.0,,0.0,normalDay
2021-09-03,7548.0,288.0,0.0,0,453.08,0.0,1,7.67,4.79,SPY211015P00441000,441.0,0,0.0,0.0,,0.0,normalDay
2021-09-07,7548.0,241.0,0.0,0,451.46,0.0,1,7.67,5.26,SPY211015P00441000,441.0,0,0.0,0.0,,0.0,normalDay
2021-09-08,7548.0,239.0,0.0,0,450.91,0.0,1,7.67,5.28,SPY211015P00441000,441.0,0,0.0,0.0,,0.0,normalDay
2021-09-09,7548.0,157.0,0.0,0,448.98,0.0,1,7.67,6.1,SPY211015P00441000,441.0,0,0.0,0.0,,0.0,normalDay
2021-09-10,7548.0,32.0,0.0,0,445.44,0.0,1,7.67,7.35,SPY211015P00441000,441.0,0,0.0,0.0,,0.0,normalDay
2021-09-13,7548.0,148.0,0.0,0,446.58,0.0,1,7.67,6.19,SPY211015P00441000,441.0,0,0.0,0.0,,0.0,normalDay
2021-09-14,7548.0,62.0,0.0,0,444.17,0.0,1,7.67,7.05,SPY211015P00441000,441.0,0,0.0,0.0,,0.0,normalDay
2021-09-15,7548.0,244.0,0.0,0,447.88,0.0,1,7.67,5.23,SPY211015P00441000,441.0,0,0.0,0.0,,0.0,normalDay
2021-09-16,7548.0,213.0,0.0,0,447.17,0.0,1,7.67,5.54,SPY211015P00441000,441.0,0,0.0,0.0,,0.0,normalDay
2021-09-17,7548.0,16.0,0.0,0,441.4,0.0,1,7.67,7.51,SPY211015P00441000,441.0,0,0.0,0.0,,0.0,normalDay
2021-09-20,7548.0,-427.0,0.0,0,434.04,0.0,1,7.67,11.94,SPY211015P00441000,441.0,0,0.0,0.0,,0.0,normalDay
2021-09-21,7548.0,-423.0,0.0,0,433.63,0.0,1,7.67,11.9,SPY211015P00441000,441.0,0,0.0,0.0,,0.0,normalDay
2021-09-22,7548.0,-64.0,0.0,0,437.86,0.0,1,7.67,8.31,SPY211015P00441000,441.0,0,0.0,0.0,,0.0,normalDay
2021-09-23,7548.0,234.0,0.0,0,443.18,0.0,1,7.67,5.33,SPY211015P00441000,441.0,0,0.0,0.0,,0.0,normalDay
2021-09-24,7548.0,307.0,0.0,0,443.91,0.0,1,7.67,4.6,SPY211015P00441000,441.0,0,0.0,0.0,,0.0,normalDay
2021-09-27,7548.0,272.0,0.0,0,442.64,0.0,1,7.67,4.95,SPY211015P00441000,441.0,0,0.0,0.0,,0.0,normalDay
2021-09-28,7548.0,-248.0,0.0,0,433.72,0.0,1,7.67,10.15,SPY211015P00441000,441.0,0,0.0,0.0,,0.0,normalDay
2021-09-29,7548.0,-178.0,0.0,0,434.45,0.0,1,7.67,9.45,SPY211015P00441000,441.0,0,0.0,0.0,,0.0,normalDay
2021-09-30,7548.0,-523.0,0.0,0,429.14,0.0,1,7.67,12.9,SPY211015P00441000,441.0,0,0.0,0.0,,0.0,normalDay
2021-10-01,7548.0,-133.0,0.0,0,434.24,0.0,1,7.67,9.0,SPY211015P00441000,441.0,0,0.0,0.0,,0.0,normalDay
2021-10-04,7548.0,-554.0,0.0,0,428.64,0.0,1,7.67,13.21,SPY211015P00441000,441.0,0,0.0,0.0,,0.0,normalDay
2021-10-05,7548.0,-172.0,0.0,0,433.1,0.0,1,7.67,9.39,SPY211015P00441000,441.0,0,0.0,0.0,,0.0,normalDay
2021-10-06,7548.0,-48.0,0.0,0,434.9,0.0,1,7.67,8.15,SPY211015P00441000,441.0,0,0.0,0.0,,0.0,normalDay
2021-10-07,7548.0,257.0,0.0,0,438.66,0.0,1,7.67,5.1,SPY211015P00441000,441.0,0,0.0,0.0,,0.0,normalDay
2021-10-08,7548.0,230.0,0.0,0,437.86,0.0,1,7.67,5.37,SPY211015P00441000,441.0,0,0.0,0.0,,0.0,normalDay
2021-10-11,7548.0,37.0,0.0,0,434.69,0.0,1,7.67,7.3,SPY211015P00441000,441.0,0,0.0,0.0,,0.0,normalDay
2021-10-12,7548.0,-90.0,0.0,0,433.62,0.0,1,7.67,8.57,SPY211015P00441000,441.0,0,0.0,0.0,,0.0,normalDay
2021-10-13,7548.0,159.0,0.0,0,435.18,0.0,1,7.67,6.08,SPY211015P00441000,441.0,0,0.0,0.0,,0.0,normalDay
2021-10-14,7548.0,692.0,0.0,0,442.5,0.0,1,7.67,0.75,SPY211015P00441000,441.0,0,0.0,0.0,,0.0,normalDay
2021-10-15,8315.0,0.0,767.0,0,445.87,0.0,1,7.67,0.0,SPY211015P00441000,441.0,0,0.0,0.0,,0.0,expirationDay
2021-10-18,8315.0,-5.0,0.0,0,447.19,0.0,1,8.84,8.89,SPY211231P00436000,436.0,0,0.0,0.0,,0.0,normalDay
2021-10-19,8315.0,126.0,0.0,0,450.64,0.0,1,8.84,7.58,SPY211231P00436000,436.0,0,0.0,0.0,,0.0,normalDay
2021-10-20,8315.0,156.0,0.0,0,452.41,0.0,1,8.84,7.28,SPY211231P00436000,436.0,0,0.0,0.0,,0.0,normalDay
2021-10-21,8315.0,211.0,0.0,0,453.59,0.0,1,8.84,6.73,SPY211231P00436000,436.0,0,0.0,0.0,,0.0,normalDay
2021-10-22,8315.0,170.0,0.0,0,453.12,0.0,1,8.84,7.14,SPY211231P00436000,436.0,0,0.0,0.0,,0.0,normalDay
2021-10-25,8315.0,252.0,0.0,0,455.55,0.0,1,8.84,6.32,SPY211231P00436000,436.0,0,0.0,0.0,,0.0,normalDay
2021-10-26,8315.0,262.0,0.0,0,455.96,0.0,1,8.84,6.22,SPY211231P00436000,436.0,0,0.0,0.0,,0.0,normalDay
2021-10-27,8315.0,182.0,0.0,0,453.94,0.0,1,8.84,7.02,SPY211231P00436000,436.0,0,0.0,0.0,,0.0,normalDay
2021-10-28,8315.0,291.0,0.0,0,458.32,0.0,1,8.84,5.93,SPY211231P00436000,436.0,0,0.0,0.0,,0.0,normalDay
2021-10-29,8315.0,321.0,0.0,0,459.25,0.0,1,8.84,5.63,SPY211231P00436000,436.0,0,0.0,0.0,,0.0,normalDay
2021-11-01,8315.0,357.0,0.0,0,460.04,0.0,1,8.84,5.27,SPY211231P00436000,436.0,0,0.0,0.0,,0.0,normalDay
2021-11-02,8315.0,401.0,0.0,0,461.9,0.0,1,8.84,4.83,SPY211231P00436000,436.0,0,0.0,0.0,,0.0,normalDay
2021-11-03,8315.0,478.0,0.0,0,464.72,0.0,1,8.84,4.06,SPY211231P00436000,436.0,0,0.0,0.0,,0.0,normalDay
2021-11-04,8315.0,512.0,0.0,0,466.91,0.0,1,8.84,3.72,SPY211231P00436000,436.0,0,0.0,0.0,,0.0,normalDay
2021-11-05,8315.0,510.0,0.0,0,468.53,0.0,1,8.84,3.74,SPY211231P00436000,436.0,0,0.0,0.0,,0.0,normalDay
2021-11-08,8315.0,510.0,0.0,0,468.93,0.0,1,8.84,3.74,SPY211231P00436000,436.0,0,0.0,0.0,,0.0,normalDay
2021-11-09,8315.0,487.0,0.0,0,467.38,0.0,1,8.84,3.97,SPY211231P00436000,436.0,0,0.0,0.0,,0.0,normalDay
2021-11-10,8315.0,426.0,0.0,0,463.62,0.0,1,8.84,4.58,SPY211231P00436000,436.0,0,0.0,0.0,,0.0,normalDay
2021-11-11,8315.0,478.0,0.0,0,463.77,0.0,1,8.84,4.06,SPY211231P00436000,436.0,0,0.0,0.0,,0.0,normalDay
2021-11-12,8315.0,558.0,0.0,0,467.27,0.0,1,8.84,3.26,SPY211231P00436000,436.0,0,0.0,0.0,,0.0,normalDay
2021-11-15,8315.0,574.0,0.0,0,467.43,0.0,1,8.84,3.1,SPY211231P00436000,436.0,0,0.0,0.0,,0.0,normalDay
2021-11-16,8315.0,603.0,0.0,0,469.28,0.0,1,8.84,2.81,SPY211231P00436000,436.0,0,0.0,0.0,,0.0,normalDay
2021-11-17,8315.0,580.0,0.0,0,468.14,0.0,1,8.84,3.04,SPY211231P00436000,436.0,0,0.0,0.0,,0.0,normalDay
2021-11-18,8315.0,596.0,0.0,0,469.73,0.0,1,8.84,2.88,SPY211231P00436000,436.0,0,0.0,0.0,,0.0,normalDay
2021-11-19,8315.0,588.0,0.0,0,468.89,0.0,1,8.84,2.96,SPY211231P00436000,436.0,0,0.0,0.0,,0.0,normalDay
2021-11-22,8315.0,568.0,0.0,0,467.57,0.0,1,8.84,3.16,SPY211231P00436000,436.0,0,0.0,0.0,,0.0,normalDay
2021-11-23,8315.0,589.0,0.0,0,468.19,0.0,1,8.84,2.95,SPY211231P00436000,436.0,0,0.0,0.0,,0.0,normalDay
2021-11-24,8315.0,628.0,0.0,0,469.44,0.0,1,8.84,2.56,SPY211231P00436000,436.0,0,0.0,0.0,,0.0,normalDay
2021-11-26,8315.0,107.0,0.0,0,458.97,0.0,1,8.84,7.77,SPY211231P00436000,436.0,0,0.0,0.0,,0.0,normalDay
2021-11-29,8315.0,510.0,0.0,0,464.6,0.0,1,8.84,3.74,SPY211231P00436000,436.0,0,0.0,0.0,,0.0,normalDay
2021-11-30,8315.0,304.0,0.0,0,455.56,0.0,1,8.84,5.8,SPY211231P00436000,436.0,0,0.0,0.0,,0.0,normalDay
2021-12-01,8315.0,18.0,0.0,0,450.5,0.0,1,8.84,8.66,SPY211231P00436000,436.0,0,0.0,0.0,,0.0,normalDay
2021-12-02,8315.0,293.0,0.0,0,457.4,0.0,1,8.84,5.91,SPY211231P00436000,436.0,0,0.0,0.0,,0.0,normalDay
2021-12-03,8315.0,164.0,0.0,0,453.42,0.0,1,8.84,7.2,SPY211231P00436000,436.0,0,0.0,0.0,,0.0,normalDay
2021-12-06,8315.0,410.0,0.0,0,458.79,0.0,1,8.84,4.74,SPY211231P00436000,436.0,0,0.0,0.0,,0.0,normalDay
2021-12-07,8315.0,664.0,0.0,0,468.28,0.0,1,8.84,2.2,SPY211231P00436000,436.0,0,0.0,0.0,,0.0,normalDay
2021-12-08,8315.0,733.0,0.0,0,469.52,0.0,1,8.84,1.51,SPY211231P00436000,436.0,0,0.0,0.0,,0.0,normalDay
2021-12-09,8315.0,686.0,0.0,0,466.35,0.0,1,8.84,1.98,SPY211231P00436000,436.0,0,0.0,0.0,,0.0,normalDay
2021-12-10,8315.0,773.0,0.0,0,470.74,0.0,1,8.84,1.11,SPY211231P00436000,436.0,0,0.0,0.0,,0.0,normalDay
2021-12-13,8315.0,754.0,0.0,0,466.57,0.0,1,8.84,1.3,SPY211231P00436000,436.0,0,0.0,0.0,,0.0,normalDay
2021-12-14,8315.0,716.0,0.0,0,463.36,0.0,1,8.84,1.68,SPY211231P00436000,436.0,0,0.0,0.0,,0.0,normalDay
2021-12-15,8315.0,808.0,0.0,0,470.6,0.0,1,8.84,0.76,SPY211231P00436000,436.0,0,0.0,0.0,,0.0,normalDay
2021-12-16,8315.0,781.0,0.0,0,466.45,0.0,1,8.84,1.03,SPY211231P00436000,436.0,0,0.0,0.0,,0.0,normalDay
2021-12-17,8315.0,753.0,0.0,0,459.87,0.0,1,8.84,1.31,SPY211231P00436000,436.0,0,0.0,0.0,,0.0,normalDay
2021-12-20,8315.0,724.0,0.0,0,454.98,0.0,1,8.84,1.6,SPY211231P00436000,436.0,0,0.0,0.0,,0.0,normalDay
2021-12-21,8315.0,825.0,0.0,0,463.06,0.0,1,8.84,0.59,SPY211231P00436000,436.0,0,0.0,0.0,,0.0,normalDay
2021-12-22,8315.0,867.0,0.0,0,467.69,0.0,1,8.84,0.17,SPY211231P00436000,436.0,0,0.0,0.0,,0.0,normalDay
2021-12-23,8315.0,874.0,0.0,0,470.6,0.0,1,8.84,0.1,SPY211231P00436000,436.0,0,0.0,0.0,,0.0,normalDay
2021-12-27,8315.0,880.0,0.0,0,477.26,0.0,1,8.84,0.04,SPY211231P00436000,436.0,0,0.0,0.0,,0.0,normalDay
2021-12-28,8315.0,881.0,0.0,0,476.87,0.0,1,8.84,0.03,SPY211231P00436000,436.0,0,0.0,0.0,,0.0,normalDay
2021-12-29,8315.0,882.0,0.0,0,477.48,0.0,1,8.84,0.02,SPY211231P00436000,436.0,0,0.0,0.0,,0.0,normalDay
2021-12-30,8315.0,883.0,0.0,0,476.16,0.0,1,8.84,0.01,SPY211231P00436000,436.0,0,0.0,0.0,,0.0,normalDay
2021-12-31,9199.0,0.0,884.0,0,474.96,0.0,1,8.84,0.0,SPY211231P00436000,436.0,0,0.0,0.0,,0.0,expirationDay
2022-01-03,9199.0,-7.0,0.0,0,477.71,0.0,1,11.48,11.55,SPY220331P00468000,468.0,0,0.0,0.0,,0.0,normalDay
2022-01-04,9199.0,-25.0,0.0,0,477.55,0.0,1,11.48,11.73,SPY220331P00468000,468.0,0,0.0,0.0,,0.0,normalDay
2022-01-05,9199.0,-434.0,0.0,0,468.38,0.0,1,11.48,15.82,SPY220331P00468000,468.0,0,0.0,0.0,,0.0,normalDay
2022-01-06,9199.0,-439.0,0.0,0,467.94,0.0,1,11.48,15.87,SPY220331P00468000,468.0,0,0.0,0.0,,0.0,normalDay
2022-01-07,9199.0,-440.0,0.0,0,466.09,0.0,1,11.48,15.88,SPY220331P00468000,468.0,0,0.0,0.0,,0.0,normalDay
2022-01-10,9199.0,-451.0,0.0,0,465.51,0.0,1,11.48,15.99,SPY220331P00468000,468.0,0,0.0,0.0,,0.0,normalDay
2022-01-11,9199.0,-235.0,0.0,0,469.75,0.0,1,11.48,13.83,SPY220331P00468000,468.0,0,0.0,0.0,,0.0,normalDay
2022-01-12,9199.0,-145.0,0.0,0,471.02,0.0,1,11.48,12.93,SPY220331P00468000,468.0,0,0.0,0.0,,0.0,normalDay
2022-01-13,9199.0,-556.0,0.0,0,464.53,0.0,1,11.48,17.04,SPY220331P00468000,468.0,0,0.0,0.0,,0.0,normalDay
2022-01-14,9199.0,-459.0,0.0,0,464.72,0.0,1,11.48,16.07,SPY220331P00468000,468.0,0,0.0,0.0,,0.0,normalDay
2022-01-18,9199.0,-1027.0,0.0,0,456.49,0.0,1,11.48,21.75,SPY220331P00468000,468.0,0,0.0,0.0,,0.0,normalDay
2022-01-19,9199.0,-1260.0,0.0,0,451.75,0.0,1,11.48,24.08,SPY220331P00468000,468.0,0,0.0,0.0,,0.0,normalDay
2022-01-20,9199.0,-1673.0,0.0,0,446.75,0.0,1,11.48,28.21,SPY220331P00468000,468.0,0,0.0,0.0,,0.0,normalDay
2022-01-21,9199.0,-2355.0,0.0,0,437.98,0.0,1,11.48,35.03,SPY220331P00468000,468.0,0,0.0,0.0,,0.0,normalDay
2022-01-24,9199.0,-2330.0,0.0,0,439.84,0.0,1,11.48,34.78,SPY220331P00468000,468.0,0,0.0,0.0,,0.0,normalDay
2022-01-25,9199.0,-2795.0,0.0,0,434.47,0.0,1,11.48,39.43,SPY220331P00468000,468.0,0,0.0,0.0,,0.0,normalDay
2022-01-26,9199.0,-2846.0,0.0,0,433.38,0.0,1,11.48,39.94,SPY220331P00468000,468.0,0,0.0,0.0,,0.0,normalDay
2022-01-27,9199.0,-2859.0,0.0,0,431.24,0.0,1,11.48,40.07,SPY220331P00468000,468.0,0,0.0,0.0,,0.0,normalDay
2022-01-28,9199.0,-2017.0,0.0,0,441.95,0.0,1,11.48,31.65,SPY220331P00468000,468.0,0,0.0,0.0,,0.0,normalDay
2022-01-31,9199.0,-1413.0,0.0,0,449.91,0.0,1,11.48,25.61,SPY220331P00468000,468.0,0,0.0,0.0,,0.0,normalDay
2022-02-01,9199.0,-993.0,0.0,0,452.95,0.0,1,11.48,21.41,SPY220331P00468000,468.0,0,0.0,0.0,,0.0,normalDay
2022-02-02,9199.0,-879.0,0.0,0,457.35,0.0,1,11.48,20.27,SPY220331P00468000,468.0,0,0.0,0.0,,0.0,normalDay
2022-02-03,9199.0,-1302.0,0.0,0,446.6,0.0,1,11.48,24.5,SPY220331P00468000,468.0,0,0.0,0.0,,0.0,normalDay
2022-02-04,9199.0,-1421.0,0.0,0,448.7,0.0,1,11.48,25.69,SPY220331P00468000,468.0,0,0.0,0.0,,0.0,normalDay
2022-02-07,9199.0,-1421.0,0.0,0,447.26,0.0,1,11.48,25.69,SPY220331P00468000,468.0,0,0.0,0.0,,0.0,normalDay
2022-02-08,9199.0,-1070.0,0.0,0,450.94,0.0,1,11.48,22.18,SPY220331P00468000,468.0,0,0.0,0.0,,0.0,normalDay
2022-02-09,9199.0,-617.0,0.0,0,457.54,0.0,1,11.48,17.65,SPY220331P00468000,468.0,0,0.0,0.0,,0.0,normalDay
2022-02-10,9199.0,-1276.0,0.0,0,449.32,0.0,1,11.48,24.24,SPY220331P00468000,468.0,0,0.0,0.0,,0.0,normalDay
2022-02-11,9199.0,-1999.0,0.0,0,440.46,0.0,1,11.48,31.47,SPY220331P00468000,468.0,0,0.0,0.0,,0.0,normalDay
2022-02-14,9199.0,-2116.0,0.0,0,439.02,0.0,1,11.48,32.64,SPY220331P00468000,468.0,0,0.0,0.0,,0.0,normalDay
2022-02-15,9199.0,-1559.0,0.0,0,446.1,0.0,1,11.48,27.07,SPY220331P00468000,468.0,0,0.0,0.0,,0.0,normalDay
2022-02-16,9199.0,-1444.0,0.0,0,446.6,0.0,1,11.48,25.92,SPY220331P00468000,468.0,0,0.0,0.0,,0.0,normalDay
2022-02-17,9199.0,-2250.0,0.0,0,437.06,0.0,1,11.48,33.98,SPY220331P00468000,468.0,0,0.0,0.0,,0.0,normalDay
2022-02-18,9199.0,-2454.0,0.0,0,434.23,0.0,1,11.48,36.02,SPY220331P00468000,468.0,0,0.0,0.0,,0.0,normalDay
2022-02-22,9199.0,-2822.0,0.0,0,429.57,0.0,1,11.48,39.7,SPY220331P00468000,468.0,0,0.0,0.0,,0.0,normalDay
2022-02-23,9199.0,-3650.0,0.0,0,421.95,0.0,1,11.48,47.98,SPY220331P00468000,468.0,0,0.0,0.0,,0.0,normalDay
2022-02-24,9199.0,-3171.0,0.0,0,428.3,0.0,1,11.48,43.19,SPY220331P00468000,468.0,0,0.0,0.0,,0.0,normalDay
2022-02-25,9199.0,-2172.0,0.0,0,437.75,0.0,1,11.48,33.2,SPY220331P00468000,468.0,0,0.0,0.0,,0.0,normalDay
2022-02-28,9199.0,-2275.0,0.0,0,436.63,0.0,1,11.48,34.23,SPY220331P00468000,468.0,0,0.0,0.0,,0.0,normalDay
2022-03-01,9199.0,-2867.0,0.0,0,429.98,0.0,1,11.48,40.15,SPY220331P00468000,468.0,0,0.0,0.0,,0.0,normalDay
2022-03-02,9199.0,-2197.0,0.0,0,437.89,0.0,1,11.48,33.45,SPY220331P00468000,468.0,0,0.0,0.0,,0.0,normalDay
2022-03-03,9199.0,-2312.0,0.0,0,435.71,0.0,1,11.48,34.6,SPY220331P00468000,468.0,0,0.0,0.0,,0.0,normalDay
2022-03-04,9199.0,-2709.0,0.0,0,432.17,0.0,1,11.48,38.57,SPY220331P00468000,468.0,0,0.0,0.0,,0.0,normalDay
2022-03-07,9199.0,-4003.0,0.0,0,419.43,0.0,1,11.48,51.51,SPY220331P00468000,468.0,0,0.0,0.0,,0.0,normalDay
2022-03-08,9199.0,-4328.0,0.0,0,416.25,0.0,1,11.48,54.76,SPY220331P00468000,468.0,0,0.0,0.0,,0.0,normalDay
2022-03-09,9199.0,-3074.0,0.0,0,427.41,0.0,1,11.48,42.22,SPY220331P00468000,468.0,0,0.0,0.0,,0.0,normalDay
2022-03-10,9199.0,-3298.0,0.0,0,425.48,0.0,1,11.48,44.46,SPY220331P00468000,468.0,0,0.0,0.0,,0.0,normalDay
2022-03-11,9199.0,-3834.0,0.0,0,420.07,0.0,1,11.48,49.82,SPY220331P00468000,468.0,0,0.0,0.0,,0.0,normalDay
2022-03-14,9199.0,-4096.0,0.0,0,417.0,0.0,1,11.48,52.44,SPY220331P00468000,468.0,0,0.0,0.0,,0.0,normalDay
2022-03-15,9199.0,-3294.0,0.0,0,426.17,0.0,1,11.48,44.42,SPY220331P00468000,468.0,0,0.0,0.0,,0.0,normalDay
2022-03-16,9199.0,-2307.0,0.0,0,435.62,0.0,1,11.48,34.55,SPY220331P00468000,468.0,0,0.0,0.0,,0.0,normalDay
2022-03-17,9199.0,-1803.0,0.0,0,441.07,0.0,1,11.48,29.51,SPY220331P00468000,468.0,0,0.0,0.0,,0.0,normalDay
2022-03-18,9199.0,-1218.0,0.0,0,444.52,0.0,1,11.48,23.66,SPY220331P00468000,468.0,0,0.0,0.0,,0.0,normalDay
2022-03-21,9199.0,-1210.0,0.0,0,444.39,0.0,1,11.48,23.58,SPY220331P00468000,468.0,0,0.0,0.0,,0.0,normalDay
2022-03-22,9199.0,-730.0,0.0,0,449.59,0.0,1,11.48,18.78,SPY220331P00468000,468.0,0,0.0,0.0,,0.0,normalDay
2022-03-23,9199.0,-1305.0,0.0,0,443.8,0.0,1,11.48,24.53,SPY220331P00468000,468.0,0,0.0,0.0,,0.0,normalDay
2022-03-24,9199.0,-641.0,0.0,0,450.49,0.0,1,11.48,17.89,SPY220331P00468000,468.0,0,0.0,0.0,,0.0,normalDay
2022-03-25,9199.0,-434.0,0.0,0,452.69,0.0,1,11.48,15.82,SPY220331P00468000,468.0,0,0.0,0.0,,0.0,normalDay
2022-03-28,9199.0,-91.0,0.0,0,455.91,0.0,1,11.48,12.39,SPY220331P00468000,468.0,0,0.0,0.0,,0.0,normalDay
2022-03-29,9199.0,396.0,0.0,0,461.55,0.0,1,11.48,7.52,SPY220331P00468000,468.0,0,0.0,0.0,,0.0,normalDay
2022-03-30,9199.0,225.0,0.0,0,458.7,0.0,1,11.48,9.23,SPY220331P00468000,468.0,0,0.0,0.0,,0.0,normalDay
2022-03-31,10347.0,-1636.0,1148.0,100,451.64,468.0,1,11.48,0.0,SPY220331P00468000,468.0,0,0.0,0.0,,0.0,expirationDay
2022-04-01,10347.0,-1941.0,0.0,100,452.92,468.0,0,0.0,0.0,,0.0,1,7.94,12.27,SPY230331C00515000,515.0,normalDay
2022-04-04,10347.0,-1632.0,0.0,100,456.8,468.0,0,0.0,0.0,,0.0,1,7.94,13.06,SPY230331C00515000,515.0,normalDay
2022-04-05,10347.0,-2107.0,0.0,100,451.03,468.0,0,0.0,0.0,,0.0,1,7.94,12.04,SPY230331C00515000,515.0,normalDay
2022-04-06,10347.0,-2437.0,0.0,100,446.52,468.0,0,0.0,0.0,,0.0,1,7.94,10.83,SPY230331C00515000,515.0,normalDay
2022-04-07,10347.0,-2152.0,0.0,100,448.77,468.0,0,0.0,0.0,,0.0,1,7.94,10.23,SPY230331C00515000,515.0,normalDay
2022-04-08,10347.0,-2240.0,0.0,100,447.57,468.0,0,0.0,0.0,,0.0,1,7.94,9.91,SPY230331C00515000,515.0,normalDay
2022-04-11,10347.0,-2919.0,0.0,100,439.92,468.0,0,0.0,0.0,,0.0,1,7.94,9.05,SPY230331C00515000,515.0,normalDay
2022-04-12,10347.0,-2967.0,0.0,100,438.29,468.0,0,0.0,0.0,,0.0,1,7.94,7.9,SPY230331C00515000,515.0,normalDay
2022-04-13,10347.0,-2505.0,0.0,100,443.31,468.0,0,0.0,0.0,,0.0,1,7.94,8.3,SPY230331C00515000,515.0,normalDay
2022-04-14,10347.0,-2985.0,0.0,100,437.79,468.0,0,0.0,0.0,,0.0,1,7.94,7.58,SPY230331C00515000,515.0,normalDay
2022-04-18,10347.0,-3034.0,0.0,100,437.97,468.0,0,0.0,0.0,,0.0,1,7.94,8.25,SPY230331C00515000,515.0,normalDay
2022-04-19,10347.0,-2340.0,0.0,100,445.04,468.0,0,0.0,0.0,,0.0,1,7.94,8.38,SPY230331C00515000,515.0,normalDay
2022-04-20,10347.0,-2494.0,0.0,100,444.71,468.0,0,0.0,0.0,,0.0,1,7.94,9.59,SPY230331C00515000,515.0,normalDay
2022-04-21,10347.0,-2920.0,0.0,100,438.06,468.0,0,0.0,0.0,,0.0,1,7.94,7.2,SPY230331C00515000,515.0,normalDay
2022-04-22,10347.0,-4071.0,0.0,100,426.04,468.0,0,0.0,0.0,,0.0,1,7.94,6.69,SPY230331C00515000,515.0,normalDay
2022-04-25,10347.0,-3878.0,0.0,100,428.51,468.0,0,0.0,0.0,,0.0,1,7.94,7.23,SPY230331C00515000,515.0,normalDay
2022-04-26,10347.0,-4980.0,0.0,100,416.1,468.0,0,0.0,0.0,,0.0,1,7.94,5.84,SPY230331C00515000,515.0,normalDay
2022-04-27,10347.0,-4885.0,0.0,100,417.27,468.0,0,0.0,0.0,,0.0,1,7.94,6.06,SPY230331C00515000,515.0,normalDay
2022-04-28,10347.0,-3914.0,0.0,100,427.81,468.0,0,0.0,0.0,,0.0,1,7.94,6.89,SPY230331C00515000,515.0,normalDay
2022-04-29,10347.0,-5341.0,0.0,100,412.0,468.0,0,0.0,0.0,,0.0,1,7.94,5.35,SPY230331C00515000,515.0,normalDay
2022-05-02,10347.0,-5071.0,0.0,100,414.48,468.0,0,0.0,0.0,,0.0,1,7.94,5.13,SPY230331C00515000,515.0,normalDay
2022-05-03,10347.0,-4844.0,0.0,100,416.38,468.0,0,0.0,0.0,,0.0,1,7.94,4.76,SPY230331C00515000,515.0,normalDay
2022-05-04,10347.0,-3749.0,0.0,100,429.06,468.0,0,0.0,0.0,,0.0,1,7.94,6.49,SPY230331C00515000,515.0,normalDay
2022-05-05,10347.0,-5155.0,0.0,100,413.81,468.0,0,0.0,0.0,,0.0,1,7.94,5.3,SPY230331C00515000,515.0,normalDay
2022-05-06,10347.0,-5192.0,0.0,100,411.34,468.0,0,0.0,0.0,,0.0,1,7.94,3.2,SPY230331C00515000,515.0,normalDay
2022-05-09,10347.0,-6433.0,0.0,100,398.17,468.0,0,0.0,0.0,,0.0,1,7.94,2.44,SPY230331C00515000,515.0,normalDay
2022-05-10,10347.0,-6331.0,0.0,100,399.09,468.0,0,0.0,0.0,,0.0,1,7.94,2.34,SPY230331C00515000,515.0,normalDay
2022-05-11,10347.0,-6944.0,0.0,100,392.75,468.0,0,0.0,0.0,,0.0,1,7.94,2.13,SPY230331C00515000,515.0,normalDay
2022-05-12,10347.0,-6960.0,0.0,100,392.34,468.0,0,0.0,0.0,,0.0,1,7.94,1.88,SPY230331C00515000,515.0,normalDay
2022-05-13,10347.0,-6047.0,0.0,100,401.72,468.0,0,0.0,0.0,,0.0,1,7.94,2.13,SPY230331C00515000,515.0,normalDay
2022-05-16,10347.0,-6192.0,0.0,100,400.09,468.0,0,0.0,0.0,,0.0,1,7.94,1.95,SPY230331C00515000,515.0,normalDay
2022-05-17,10347.0,-5422.0,0.0,100,408.32,468.0,0,0.0,0.0,,0.0,1,7.94,2.48,SPY230331C00515000,515.0,normalDay
2022-05-18,10347.0,-6968.0,0.0,100,391.86,468.0,0,0.0,0.0,,0.0,1,7.94,1.48,SPY230331C00515000,515.0,normalDay
2022-05-19,10347.0,-7199.0,0.0,100,389.46,468.0,0,0.0,0.0,,0.0,1,7.94,1.39,SPY230331C00515000,515.0,normalDay
2022-05-20,10347.0,-7198.0,0.0,100,389.63,468.0,0,0.0,0.0,,0.0,1,7.94,1.55,SPY230331C00515000,515.0,normalDay
2022-05-23,10347.0,-6496.0,0.0,100,396.92,468.0,0,0.0,0.0,,0.0,1,7.94,1.82,SPY230331C00515000,515.0,normalDay
2022-05-24,10347.0,-6790.0,0.0,100,393.89,468.0,0,0.0,0.0,,0.0,1,7.94,1.73,SPY230331C00515000,515.0,normalDay
2022-05-25,10347.0,-6449.0,0.0,100,397.37,468.0,0,0.0,0.0,,0.0,1,7.94,1.8,SPY230331C00515000,515.0,normalDay
2022-05-26,10347.0,-5702.0,0.0,100,405.31,468.0,0,0.0,0.0,,0.0,1,7.94,2.27,SPY230331C00515000,515.0,normalDay
2022-05-27,10347.0,-4800.0,0.0,100,415.26,468.0,0,0.0,0.0,,0.0,1,7.94,3.2,SPY230331C00515000,515.0,normalDay
2022-05-31,10347.0,-4982.0,0.0,100,412.93,468.0,0,0.0,0.0,,0.0,1,7.94,2.69,SPY230331C00515000,515.0,normalDay
2022-06-01,10347.0,-5293.0,0.0,100,409.59,468.0,0,0.0,0.0,,0.0,1,7.94,2.46,SPY230331C00515000,515.0,normalDay
2022-06-02,10347.0,-4590.0,0.0,100,417.39,468.0,0,0.0,0.0,,0.0,1,7.94,3.23,SPY230331C00515000,515.0,normalDay
2022-06-03,10347.0,-5197.0,0.0,100,410.54,468.0,0,0.0,0.0,,0.0,1,7.94,2.45,SPY230331C00515000,515.0,normalDay
2022-06-06,10347.0,-5073.0,0.0,100,411.79,468.0,0,0.0,0.0,,0.0,1,7.94,2.46,SPY230331C00515000,515.0,normalDay
2022-06-07,10347.0,-4705.0,0.0,100,415.74,468.0,0,0.0,0.0,,0.0,1,7.94,2.73,SPY230331C00515000,515.0,normalDay
2022-06-08,10347.0,-5144.0,0.0,100,411.22,468.0,0,0.0,0.0,,0.0,1,7.94,2.6,SPY230331C00515000,515.0,normalDay
2022-06-09,10347.0,-6063.0,0.0,100,401.44,468.0,0,0.0,0.0,,0.0,1,7.94,2.01,SPY230331C00515000,515.0,normalDay
2022-06-10,10347.0,-7188.0,0.0,100,389.8,468.0,0,0.0,0.0,,0.0,1,7.94,1.62,SPY230331C00515000,515.0,normalDay
2022-06-13,10347.0,-8618.0,0.0,100,375.0,468.0,0,0.0,0.0,,0.0,1,7.94,1.12,SPY230331C00515000,515.0,normalDay
2022-06-14,10347.0,-8716.0,0.0,100,373.87,468.0,0,0.0,0.0,,0.0,1,7.94,0.97,SPY230331C00515000,515.0,normalDay
2022-06-15,10347.0,-8192.0,0.0,100,379.2,468.0,0,0.0,0.0,,0.0,1,7.94,1.06,SPY230331C00515000,515.0,normalDay
2022-06-16,10347.0,-9441.0,0.0,100,366.65,468.0,0,0.0,0.0,,0.0,1,7.94,1.0,SPY230331C00515000,515.0,normalDay
2022-06-17,10347.0,-9514.0,0.0,100,365.86,468.0,0,0.0,0.0,,0.0,1,7.94,0.94,SPY230331C00515000,515.0,normalDay
2022-06-21,10347.0,-8604.0,0.0,100,375.07,468.0,0,0.0,0.0,,0.0,1,7.94,1.05,SPY230331C00515000,515.0,normalDay
2022-06-22,10347.0,-8676.0,0.0,100,374.39,468.0,0,0.0,0.0,,0.0,1,7.94,1.09,SPY230331C00515000,515.0,normalDay
2022-06-23,10347.0,-8319.0,0.0,100,378.06,468.0,0,0.0,0.0,,0.0,1,7.94,1.19,SPY230331C00515000,515.0,normalDay
2022-06-24,10347.0,-7163.0,0.0,100,390.08,468.0,0,0.0,0.0,,0.0,1,7.94,1.65,SPY230331C00515000,515.0,normalDay
2022-06-27,10347.0,-7295.0,0.0,100,388.59,468.0,0,0.0,0.0,,0.0,1,7.94,1.48,SPY230331C00515000,515.0,normalDay
2022-06-28,10347.0,-8066.0,0.0,100,380.65,468.0,0,0.0,0.0,,0.0,1,7.94,1.25,SPY230331C00515000,515.0,normalDay
2022-06-29,10347.0,-8091.0,0.0,100,380.34,468.0,0,0.0,0.0,,0.0,1,7.94,1.19,SPY230331C00515000,515.0,normalDay
2022-06-30,10347.0,-8375.0,0.0,100,377.25,468.0,0,0.0,0.0,,0.0,1,7.94,0.94,SPY230331C00515000,515.0,normalDay
2022-07-01,10347.0,-7984.0,0.0,100,381.24,468.0,0,0.0,0.0,,0.0,1,7.94,1.02,SPY230331C00515000,515.0,normalDay
2022-07-05,10347.0,-7915.0,0.0,100,381.96,468.0,0,0.0,0.0,,0.0,1,7.94,1.05,SPY230331C00515000,515.0,normalDay
2022-07-06,10347.0,-7788.0,0.0,100,383.25,468.0,0,0.0,0.0,,0.0,1,7.94,1.07,SPY230331C00515000,515.0,normalDay
2022-07-07,10347.0,-7216.0,0.0,100,388.99,468.0,0,0.0,0.0,,0.0,1,7.94,1.09,SPY230331C00515000,515.0,normalDay
2022-07-08,10347.0,-7250.0,0.0,100,388.67,468.0,0,0.0,0.0,,0.0,1,7.94,1.11,SPY230331C00515000,515.0,normalDay
2022-07-11,10347.0,-7691.0,0.0,100,384.23,468.0,0,0.0,0.0,,0.0,1,7.94,1.08,SPY230331C00515000,515.0,normalDay
2022-07-12,10347.0,-8019.0,0.0,100,380.83,468.0,0,0.0,0.0,,0.0,1,7.94,0.96,SPY230331C00515000,515.0,normalDay
2022-07-13,10347.0,-8218.0,0.0,100,378.83,468.0,0,0.0,0.0,,0.0,1,7.94,0.95,SPY230331C00515000,515.0,normalDay
2022-07-14,10347.0,-8303.0,0.0,100,377.91,468.0,0,0.0,0.0,,0.0,1,7.94,0.88,SPY230331C00515000,515.0,normalDay
2022-07-15,10347.0,-7582.0,0.0,100,385.13,468.0,0,0.0,0.0,,0.0,1,7.94,0.89,SPY230331C00515000,515.0,normalDay
2022-07-18,10347.0,-7911.0,0.0,100,381.95,468.0,0,0.0,0.0,,0.0,1,7.94,1.0,SPY230331C00515000,515.0,normalDay
2022-07-19,10347.0,-6913.0,0.0,100,392.27,468.0,0,0.0,0.0,,0.0,1,7.94,1.34,SPY230331C00515000,515.0,normalDay
2022-07-20,10347.0,-6673.0,0.0,100,394.77,468.0,0,0.0,0.0,,0.0,1,7.94,1.44,SPY230331C00515000,515.0,normalDay
2022-07-21,10347.0,-6284.0,0.0,100,398.79,468.0,0,0.0,0.0,,0.0,1,7.94,1.57,SPY230331C00515000,515.0,normalDay
2022-07-22,10347.0,-6633.0,0.0,100,395.09,468.0,0,0.0,0.0,,0.0,1,7.94,1.36,SPY230331C00515000,515.0,normalDay
2022-07-25,10347.0,-6563.0,0.0,100,395.57,468.0,0,0.0,0.0,,0.0,1,7.94,1.14,SPY230331C00515000,515.0,normalDay
2022-07-26,10347.0,-7013.0,0.0,100,390.89,468.0,0,0.0,0.0,,0.0,1,7.94,0.96,SPY230331C00515000,515.0,normalDay
2022-07-27,10347.0,-6025.0,0.0,100,401.04,468.0,0,0.0,0.0,,0.0,1,7.94,1.23,SPY230331C00515000,515.0,normalDay
2022-07-28,10347.0,-5550.0,0.0,100,406.07,468.0,0,0.0,0.0,,0.0,1,7.94,1.51,SPY230331C00515000,515.0,normalDay
2022-07-29,10347.0,-4969.0,0.0,100,411.99,468.0,0,0.0,0.0,,0.0,1,7.94,1.62,SPY230331C00515000,515.0,normalDay
2022-08-01,10347.0,-5092.0,0.0,100,410.77,468.0,0,0.0,0.0,,0.0,1,7.94,1.63,SPY230331C00515000,515.0,normalDay
2022-08-02,10347.0,-5339.0,0.0,100,408.06,468.0,0,0.0,0.0,,0.0,1,7.94,1.39,SPY230331C00515000,515.0,normalDay
2022-08-03,10347.0,-4720.0,0.0,100,414.45,468.0,0,0.0,0.0,,0.0,1,7.94,1.59,SPY230331C00515000,515.0,normalDay
2022-08-04,10347.0,-4760.0,0.0,100,414.17,468.0,0,0.0,0.0,,0.0,1,7.94,1.71,SPY230331C00515000,515.0,normalDay
2022-08-05,10347.0,-4820.0,0.0,100,413.47,468.0,0,0.0,0.0,,0.0,1,7.94,1.61,SPY230331C00515000,515.0,normalDay
2022-08-08,10347.0,-4873.0,0.0,100,412.99,468.0,0,0.0,0.0,,0.0,1,7.94,1.66,SPY230331C00515000,515.0,normalDay
2022-08-09,10347.0,-5021.0,0.0,100,411.35,468.0,0,0.0,0.0,,0.0,1,7.94,1.5,SPY230331C00515000,515.0,normalDay
2022-08-10,10347.0,-4187.0,0.0,100,419.99,468.0,0,0.0,0.0,,0.0,1,7.94,1.8,SPY230331C00515000,515.0,normalDay
2022-08-11,10347.0,-4184.0,0.0,100,419.99,468.0,0,0.0,0.0,,0.0,1,7.94,1.77,SPY230331C00515000,515.0,normalDay
2022-08-12,10347.0,-3523.0,0.0,100,427.1,468.0,0,0.0,0.0,,0.0,1,7.94,2.27,SPY230331C00515000,515.0,normalDay
2022-08-15,10347.0,-3360.0,0.0,100,428.86,468.0,0,0.0,0.0,,0.0,1,7.94,2.4,SPY230331C00515000,515.0,normalDay
2022-08-16,10347.0,-3276.0,0.0,100,429.7,468.0,0,0.0,0.0,,0.0,1,7.94,2.4,SPY230331C00515000,515.0,normalDay
2022-08-17,10347.0,-3552.0,0.0,100,426.65,468.0,0,0.0,0.0,,0.0,1,7.94,2.11,SPY230331C00515000,515.0,normalDay
2022-08-18,10347.0,-3418.0,0.0,100,427.89,468.0,0,0.0,0.0,,0.0,1,7.94,2.01,SPY230331C00515000,515.0,normalDay
2022-08-19,10347.0,-3950.0,0.0,100,422.14,468.0,0,0.0,0.0,,0.0,1,7.94,1.58,SPY230331C00515000,515.0,normalDay
2022-08-22,10347.0,-4785.0,0.0,100,413.35,468.0,0,0.0,0.0,,0.0,1,7.94,1.14,SPY230331C00515000,515.0,normalDay
2022-08-23,10347.0,-4880.0,0.0,100,412.35,468.0,0,0.0,0.0,,0.0,1,7.94,1.09,SPY230331C00515000,515.0,normalDay
2022-08-24,10347.0,-4753.0,0.0,100,413.67,468.0,0,0.0,0.0,,0.0,1,7.94,1.14,SPY230331C00515000,515.0,normalDay
2022-08-25,10347.0,-4187.0,0.0,100,419.51,468.0,0,0.0,0.0,,0.0,1,7.94,1.32,SPY230331C00515000,515.0,normalDay
2022-08-26,10347.0,-5567.0,0.0,100,405.31,468.0,0,0.0,0.0,,0.0,1,7.94,0.92,SPY230331C00515000,515.0,normalDay
2022-08-29,10347.0,-5823.0,0.0,100,402.63,468.0,0,0.0,0.0,,0.0,1,7.94,0.8,SPY230331C00515000,515.0,normalDay
2022-08-30,10347.0,-6247.0,0.0,100,398.21,468.0,0,0.0,0.0,,0.0,1,7.94,0.62,SPY230331C00515000,515.0,normalDay
2022-08-31,10347.0,-6549.0,0.0,100,395.18,468.0,0,0.0,0.0,,0.0,1,7.94,0.61,SPY230331C00515000,515.0,normalDay
2022-09-01,10347.0,-6427.0,0.0,100,396.42,468.0,0,0.0,0.0,,0.0,1,7.94,0.63,SPY230331C00515000,515.0,normalDay
2022-09-02,10347.0,-6836.0,0.0,100,392.24,468.0,0,0.0,0.0,,0.0,1,7.94,0.54,SPY230331C00515000,515.0,normalDay
2022-09-06,10347.0,-6982.0,0.0,100,390.76,468.0,0,0.0,0.0,,0.0,1,7.94,0.52,SPY230331C00515000,515.0,normalDay
2022-09-07,10347.0,-6294.0,0.0,100,397.78,468.0,0,0.0,0.0,,0.0,1,7.94,0.66,SPY230331C00515000,515.0,normalDay
2022-09-08,10347.0,-6029.0,0.0,100,400.38,468.0,0,0.0,0.0,,0.0,1,7.94,0.61,SPY230331C00515000,515.0,normalDay
2022-09-09,10347.0,-5424.0,0.0,100,406.6,468.0,0,0.0,0.0,,0.0,1,7.94,0.78,SPY230331C00515000,515.0,normalDay
2022-09-12,10347.0,-5006.0,0.0,100,410.97,468.0,0,0.0,0.0,,0.0,1,7.94,0.97,SPY230331C00515000,515.0,normalDay
2022-09-13,10347.0,-6764.0,0.0,100,393.1,468.0,0,0.0,0.0,,0.0,1,7.94,0.68,SPY230331C00515000,515.0,normalDay
2022-09-14,10347.0,-6601.0,0.0,100,394.6,468.0,0,0.0,0.0,,0.0,1,7.94,0.55,SPY230331C00515000,515.0,normalDay
2022-09-15,10347.0,-7041.0,0.0,100,390.12,468.0,0,0.0,0.0,,0.0,1,7.94,0.47,SPY230331C00515000,515.0,normalDay
2022-09-16,10347.0,-7492.0,0.0,100,385.56,468.0,0,0.0,0.0,,0.0,1,7.94,0.42,SPY230331C00515000,515.0,normalDay
2022-09-19,10347.0,-7194.0,0.0,100,388.55,468.0,0,0.0,0.0,,0.0,1,7.94,0.43,SPY230331C00515000,515.0,normalDay
2022-09-20,10347.0,-7634.0,0.0,100,384.09,468.0,0,0.0,0.0,,0.0,1,7.94,0.37,SPY230331C00515000,515.0,normalDay
2022-09-21,10347.0,-8300.0,0.0,100,377.39,468.0,0,0.0,0.0,,0.0,1,7.94,0.33,SPY230331C00515000,515.0,normalDay
2022-09-22,10347.0,-8610.0,0.0,100,374.22,468.0,0,0.0,0.0,,0.0,1,7.94,0.26,SPY230331C00515000,515.0,normalDay
2022-09-23,10347.0,-9232.0,0.0,100,367.95,468.0,0,0.0,0.0,,0.0,1,7.94,0.21,SPY230331C00515000,515.0,normalDay
2022-09-26,10347.0,-9596.0,0.0,100,364.31,468.0,0,0.0,0.0,,0.0,1,7.94,0.21,SPY230331C00515000,515.0,normalDay
2022-09-27,10347.0,-9687.0,0.0,100,363.38,468.0,0,0.0,0.0,,0.0,1,7.94,0.19,SPY230331C00515000,515.0,normalDay
2022-09-28,10347.0,-8977.0,0.0,100,370.53,468.0,0,0.0,0.0,,0.0,1,7.94,0.24,SPY230331C00515000,515.0,normalDay
2022-09-29,10347.0,-9745.0,0.0,100,362.79,468.0,0,0.0,0.0,,0.0,1,7.94,0.18,SPY230331C00515000,515.0,normalDay
2022-09-30,10347.0,-10303.0,0.0,100,357.18,468.0,0,0.0,0.0,,0.0,1,7.94,0.15,SPY230331C00515000,515.0,normalDay
2022-10-03,10347.0,-9365.0,0.0,100,366.61,468.0,0,0.0,0.0,,0.0,1,7.94,0.2,SPY230331C00515000,515.0,normalDay
2022-10-04,10347.0,-8242.0,0.0,100,377.97,468.0,0,0.0,0.0,,0.0,1,7.94,0.33,SPY230331C00515000,515.0,normalDay
2022-10-05,10347.0,-8323.0,0.0,100,377.09,468.0,0,0.0,0.0,,0.0,1,7.94,0.26,SPY230331C00515000,515.0,normalDay
2022-10-06,10347.0,-8715.0,0.0,100,373.2,468.0,0,0.0,0.0,,0.0,1,7.94,0.29,SPY230331C00515000,515.0,normalDay
2022-10-07,10347.0,-9744.0,0.0,100,362.79,468.0,0,0.0,0.0,,0.0,1,7.94,0.17,SPY230331C00515000,515.0,normalDay
2022-10-10,10347.0,-10022.0,0.0,100,360.02,468.0,0,0.0,0.0,,0.0,1,7.94,0.18,SPY230331C00515000,515.0,normalDay
2022-10-11,10347.0,-10251.0,0.0,100,357.74,468.0,0,0.0,0.0,,0.0,1,7.94,0.19,SPY230331C00515000,515.0,normalDay
2022-10-12,10347.0,-10370.0,0.0,100,356.56,468.0,0,0.0,0.0,,0.0,1,7.94,0.2,SPY230331C00515000,515.0,normalDay
2022-10-13,10347.0,-9441.0,0.0,100,365.97,468.0,0,0.0,0.0,,0.0,1,7.94,0.32,SPY230331C00515000,515.0,normalDay
2022-10-14,10347.0,-10266.0,0.0,100,357.63,468.0,0,0.0,0.0,,0.0,1,7.94,0.23,SPY230331C00515000,515.0,normalDay
2022-10-17,10347.0,-9356.0,0.0,100,366.82,468.0,0,0.0,0.0,,0.0,1,7.94,0.32,SPY230331C00515000,515.0,normalDay
2022-10-18,10347.0,-8928.0,0.0,100,371.13,468.0,0,0.0,0.0,,0.0,1,7.94,0.35,SPY230331C00515000,515.0,normalDay
2022-10-19,10347.0,-9189.0,0.0,100,368.5,468.0,0,0.0,0.0,,0.0,1,7.94,0.33,SPY230331C00515000,515.0,normalDay
2022-10-20,10347.0,-9490.0,0.0,100,365.41,468.0,0,0.0,0.0,,0.0,1,7.94,0.25,SPY230331C00515000,515.0,normalDay
2022-10-21,10347.0,-8616.0,0.0,100,374.29,468.0,0,0.0,0.0,,0.0,1,7.94,0.39,SPY230331C00515000,515.0,normalDay
2022-10-24,10347.0,-8159.0,0.0,100,378.87,468.0,0,0.0,0.0,,0.0,1,7.94,0.4,SPY230331C00515000,515.0,normalDay
2022-10-25,10347.0,-7555.0,0.0,100,384.92,468.0,0,0.0,0.0,,0.0,1,7.94,0.41,SPY230331C00515000,515.0,normalDay
2022-10-26,10347.0,-7839.0,0.0,100,382.02,468.0,0,0.0,0.0,,0.0,1,7.94,0.35,SPY230331C00515000,515.0,normalDay
2022-10-27,10347.0,-8029.0,0.0,100,379.98,468.0,0,0.0,0.0,,0.0,1,7.94,0.21,SPY230331C00515000,515.0,normalDay
2022-10-28,10347.0,-7136.0,0.0,100,389.02,468.0,0,0.0,0.0,,0.0,1,7.94,0.32,SPY230331C00515000,515.0,normalDay
2022-10-31,10347.0,-7411.0,0.0,100,386.21,468.0,0,0.0,0.0,,0.0,1,7.94,0.26,SPY230331C00515000,515.0,normalDay
2022-11-01,10347.0,-7575.0,0.0,100,384.52,468.0,0,0.0,0.0,,0.0,1,7.94,0.21,SPY230331C00515000,515.0,normalDay
2022-11-02,10347.0,-8536.0,0.0,100,374.87,468.0,0,0.0,0.0,,0.0,1,7.94,0.17,SPY230331C00515000,515.0,normalDay
2022-11-03,10347.0,-8923.0,0.0,100,371.01,468.0,0,0.0,0.0,,0.0,1,7.94,0.18,SPY230331C00515000,515.0,normalDay
2022-11-04,10347.0,-8383.0,0.0,100,376.35,468.0,0,0.0,0.0,,0.0,1,7.94,0.12,SPY230331C00515000,515.0,normalDay
2022-11-07,10347.0,-8023.0,0.0,100,379.95,468.0,0,0.0,0.0,,0.0,1,7.94,0.12,SPY230331C00515000,515.0,normalDay
2022-11-08,10347.0,-7820.0,0.0,100,382.0,468.0,0,0.0,0.0,,0.0,1,7.94,0.14,SPY230331C00515000,515.0,normalDay
2022-11-09,10347.0,-8605.0,0.0,100,374.13,468.0,0,0.0,0.0,,0.0,1,7.94,0.12,SPY230331C00515000,515.0,normalDay
2022-11-10,10347.0,-6562.0,0.0,100,394.69,468.0,0,0.0,0.0,,0.0,1,7.94,0.25,SPY230331C00515000,515.0,normalDay
2022-11-11,10347.0,-6177.0,0.0,100,398.51,468.0,0,0.0,0.0,,0.0,1,7.94,0.22,SPY230331C00515000,515.0,normalDay
2022-11-14,10347.0,-6514.0,0.0,100,395.12,468.0,0,0.0,0.0,,0.0,1,7.94,0.2,SPY230331C00515000,515.0,normalDay
2022-11-15,10347.0,-6179.0,0.0,100,398.49,468.0,0,0.0,0.0,,0.0,1,7.94,0.22,SPY230331C00515000,515.0,normalDay
2022-11-16,10347.0,-6478.0,0.0,100,395.45,468.0,0,0.0,0.0,,0.0,1,7.94,0.17,SPY230331C00515000,515.0,normalDay
2022-11-17,10347.0,-6598.0,0.0,100,394.24,468.0,0,0.0,0.0,,0.0,1,7.94,0.16,SPY230331C00515000,515.0,normalDay
2022-11-18,10347.0,-6419.0,0.0,100,396.03,468.0,0,0.0,0.0,,0.0,1,7.94,0.16,SPY230331C00515000,515.0,normalDay
2022-11-21,10347.0,-6560.0,0.0,100,394.59,468.0,0,0.0,0.0,,0.0,1,7.94,0.13,SPY230331C00515000,515.0,normalDay
2022-11-22,10347.0,-6031.0,0.0,100,399.9,468.0,0,0.0,0.0,,0.0,1,7.94,0.15,SPY230331C00515000,515.0,normalDay
2022-11-23,10347.0,-5778.0,0.0,100,402.42,468.0,0,0.0,0.0,,0.0,1,7.94,0.14,SPY230331C00515000,515.0,normalDay
2022-11-25,10347.0,-5788.0,0.0,100,402.33,468.0,0,0.0,0.0,,0.0,1,7.94,0.15,SPY230331C00515000,515.0,normalDay
2022-11-28,10347.0,-6425.0,0.0,100,395.91,468.0,0,0.0,0.0,,0.0,1,7.94,0.1,SPY230331C00515000,515.0,normalDay
2022-11-29,10347.0,-6492.0,0.0,100,395.23,468.0,0,0.0,0.0,,0.0,1,7.94,0.09,SPY230331C00515000,515.0,normalDay
2022-11-30,10347.0,-5253.0,0.0,100,407.68,468.0,0,0.0,0.0,,0.0,1,7.94,0.15,SPY230331C00515000,515.0,normalDay
2022-12-01,10347.0,-5283.0,0.0,100,407.38,468.0,0,0.0,0.0,,0.0,1,7.94,0.15,SPY230331C00515000,515.0,normalDay
2022-12-02,10347.0,-5326.0,0.0,100,406.91,468.0,0,0.0,0.0,,0.0,1,7.94,0.11,SPY230331C00515000,515.0,normalDay
2022-12-05,10347.0,-6055.0,0.0,100,399.59,468.0,0,0.0,0.0,,0.0,1,7.94,0.08,SPY230331C00515000,515.0,normalDay
2022-12-06,10347.0,-6631.0,0.0,100,393.83,468.0,0,0.0,0.0,,0.0,1,7.94,0.08,SPY230331C00515000,515.0,normalDay
2022-12-07,10347.0,-6697.0,0.0,100,393.16,468.0,0,0.0,0.0,,0.0,1,7.94,0.07,SPY230331C00515000,515.0,normalDay
2022-12-08,10347.0,-6391.0,0.0,100,396.24,468.0,0,0.0,0.0,,0.0,1,7.94,0.09,SPY230331C00515000,515.0,normalDay
2022-12-09,10347.0,-6687.0,0.0,100,393.28,468.0,0,0.0,0.0,,0.0,1,7.94,0.09,SPY230331C00515000,515.0,normalDay
2022-12-12,10347.0,-6123.0,0.0,100,398.95,468.0,0,0.0,0.0,,0.0,1,7.94,0.12,SPY230331C00515000,515.0,normalDay
2022-12-13,10347.0,-5820.0,0.0,100,401.97,468.0,0,0.0,0.0,,0.0,1,7.94,0.11,SPY230331C00515000,515.0,normalDay
2022-12-14,10347.0,-6075.0,0.0,100,399.4,468.0,0,0.0,0.0,,0.0,1,7.94,0.09,SPY230331C00515000,515.0,normalDay
2022-12-15,10347.0,-7050.0,0.0,100,389.63,468.0,0,0.0,0.0,,0.0,1,7.94,0.07,SPY230331C00515000,515.0,normalDay
2022-12-16,10347.0,-7684.0,0.0,100,383.27,468.0,0,0.0,0.0,,0.0,1,7.94,0.05,SPY230331C00515000,515.0,normalDay
2022-12-19,10347.0,-8008.0,0.0,100,380.02,468.0,0,0.0,0.0,,0.0,1,7.94,0.04,SPY230331C00515000,515.0,normalDay
2022-12-20,10347.0,-7956.0,0.0,100,380.54,468.0,0,0.0,0.0,,0.0,1,7.94,0.04,SPY230331C00515000,515.0,normalDay
2022-12-21,10347.0,-7387.0,0.0,100,386.23,468.0,0,0.0,0.0,,0.0,1,7.94,0.04,SPY230331C00515000,515.0,normalDay
2022-12-22,10347.0,-7939.0,0.0,100,380.72,468.0,0,0.0,0.0,,0.0,1,7.94,0.05,SPY230331C00515000,515.0,normalDay
2022-12-23,10347.0,-7719.0,0.0,100,382.91,468.0,0,0.0,0.0,,0.0,1,7.94,0.04,SPY230331C00515000,515.0,normalDay
2022-12-27,10347.0,-7870.0,0.0,100,381.4,468.0,0,0.0,0.0,,0.0,1,7.94,0.04,SPY230331C00515000,515.0,normalDay
2022-12-28,10347.0,-8343.0,0.0,100,376.66,468.0,0,0.0,0.0,,0.0,1,7.94,0.03,SPY230331C00515000,515.0,normalDay
2022-12-29,10347.0,-7665.0,0.0,100,383.44,468.0,0,0.0,0.0,,0.0,1,7.94,0.03,SPY230331C00515000,515.0,normalDay
2022-12-30,10347.0,-7766.0,0.0,100,382.43,468.0,0,0.0,0.0,,0.0,1,7.94,0.03,SPY230331C00515000,515.0,normalDay
2023-01-03,10347.0,-7927.0,0.0,100,380.82,468.0,0,0.0,0.0,,0.0,1,7.94,0.03,SPY230331C00515000,515.0,normalDay
2023-01-04,10347.0,-7633.0,0.0,100,383.76,468.0,0,0.0,0.0,,0.0,1,7.94,0.03,SPY230331C00515000,515.0,normalDay
2023-01-05,10347.0,-8071.0,0.0,100,379.38,468.0,0,0.0,0.0,,0.0,1,7.94,0.03,SPY230331C00515000,515.0,normalDay
2023-01-06,10347.0,-7201.0,0.0,100,388.08,468.0,0,0.0,0.0,,0.0,1,7.94,0.03,SPY230331C00515000,515.0,normalDay
2023-01-09,10347.0,-7223.0,0.0,100,387.86,468.0,0,0.0,0.0,,0.0,1,7.94,0.03,SPY230331C00515000,515.0,normalDay
2023-01-10,10347.0,-6951.0,0.0,100,390.58,468.0,0,0.0,0.0,,0.0,1,7.94,0.03,SPY230331C00515000,515.0,normalDay
2023-01-11,10347.0,-6458.0,0.0,100,395.52,468.0,0,0.0,0.0,,0.0,1,7.94,0.04,SPY230331C00515000,515.0,normalDay
2023-01-12,10347.0,-6313.0,0.0,100,396.96,468.0,0,0.0,0.0,,0.0,1,7.94,0.03,SPY230331C00515000,515.0,normalDay
2023-01-13,10347.0,-6159.0,0.0,100,398.5,468.0,0,0.0,0.0,,0.0,1,7.94,0.03,SPY230331C00515000,515.0,normalDay
2023-01-17,10347.0,-6232.0,0.0,100,397.77,468.0,0,0.0,0.0,,0.0,1,7.94,0.03,SPY230331C00515000,515.0,normalDay
2023-01-18,10347.0,-6859.0,0.0,100,391.49,468.0,0,0.0,0.0,,0.0,1,7.94,0.02,SPY230331C00515000,515.0,normalDay
2023-01-19,10347.0,-7144.0,0.0,100,388.64,468.0,0,0.0,0.0,,0.0,1,7.94,0.02,SPY230331C00515000,515.0,normalDay
2023-01-20,10347.0,-6420.0,0.0,100,395.88,468.0,0,0.0,0.0,,0.0,1,7.94,0.02,SPY230331C00515000,515.0,normalDay
2023-01-23,10347.0,-5945.0,0.0,100,400.63,468.0,0,0.0,0.0,,0.0,1,7.94,0.02,SPY230331C00515000,515.0,normalDay
2023-01-24,10347.0,-5988.0,0.0,100,400.2,468.0,0,0.0,0.0,,0.0,1,7.94,0.02,SPY230331C00515000,515.0,normalDay
2023-01-25,10347.0,-5973.0,0.0,100,400.35,468.0,0,0.0,0.0,,0.0,1,7.94,0.02,SPY230331C00515000,515.0,normalDay
2023-01-26,10347.0,-5533.0,0.0,100,404.75,468.0,0,0.0,0.0,,0.0,1,7.94,0.02,SPY230331C00515000,515.0,normalDay
2023-01-27,10347.0,-5440.0,0.0,100,405.68,468.0,0,0.0,0.0,,0.0,1,7.94,0.02,SPY230331C00515000,515.0,normalDay
2023-01-30,10347.0,-5949.0,0.0,100,400.59,468.0,0,0.0,0.0,,0.0,1,7.94,0.02,SPY230331C00515000,515.0,normalDay
2023-01-31,10347.0,-5360.0,0.0,100,406.48,468.0,0,0.0,0.0,,0.0,1,7.94,0.02,SPY230331C00515000,515.0,normalDay
2023-02-01,10347.0,-4928.0,0.0,100,410.8,468.0,0,0.0,0.0,,0.0,1,7.94,0.02,SPY230331C00515000,515.0,normalDay
2023-02-02,10347.0,-4332.0,0.0,100,416.78,468.0,0,0.0,0.0,,0.0,1,7.94,0.04,SPY230331C00515000,515.0,normalDay
2023-02-03,10347.0,-4773.0,0.0,100,412.35,468.0,0,0.0,0.0,,0.0,1,7.94,0.02,SPY230331C00515000,515.0,normalDay
2023-02-06,10347.0,-5025.0,0.0,100,409.83,468.0,0,0.0,0.0,,0.0,1,7.94,0.02,SPY230331C00515000,515.0,normalDay
2023-02-07,10347.0,-4489.0,0.0,100,415.19,468.0,0,0.0,0.0,,0.0,1,7.94,0.02,SPY230331C00515000,515.0,normalDay
2023-02-08,10347.0,-4942.0,0.0,100,410.65,468.0,0,0.0,0.0,,0.0,1,7.94,0.01,SPY230331C00515000,515.0,normalDay
2023-02-09,10347.0,-5298.0,0.0,100,407.09,468.0,0,0.0,0.0,,0.0,1,7.94,0.01,SPY230331C00515000,515.0,normalDay
2023-02-10,10347.0,-5203.0,0.0,100,408.04,468.0,0,0.0,0.0,,0.0,1,7.94,0.01,SPY230331C00515000,515.0,normalDay
2023-02-13,10347.0,-4724.0,0.0,100,412.83,468.0,0,0.0,0.0,,0.0,1,7.94,0.01,SPY230331C00515000,515.0,normalDay
2023-02-14,10347.0,-4743.0,0.0,100,412.64,468.0,0,0.0,0.0,,0.0,1,7.94,0.01,SPY230331C00515000,515.0,normalDay
2023-02-15,10347.0,-4609.0,0.0,100,413.98,468.0,0,0.0,0.0,,0.0,1,7.94,0.01,SPY230331C00515000,515.0,normalDay
2023-02-16,10347.0,-5179.0,0.0,100,408.28,468.0,0,0.0,0.0,,0.0,1,7.94,0.01,SPY230331C00515000,515.0,normalDay
2023-02-17,10347.0,-5281.0,0.0,100,407.26,468.0,0,0.0,0.0,,0.0,1,7.94,0.01,SPY230331C00515000,515.0,normalDay
2023-02-21,10347.0,-6098.0,0.0,100,399.09,468.0,0,0.0,0.0,,0.0,1,7.94,0.01,SPY230331C00515000,515.0,normalDay
2023-02-22,10347.0,-6153.0,0.0,100,398.54,468.0,0,0.0,0.0,,0.0,1,7.94,0.01,SPY230331C00515000,515.0,normalDay
2023-02-23,10347.0,-5941.0,0.0,100,400.66,468.0,0,0.0,0.0,,0.0,1,7.94,0.01,SPY230331C00515000,515.0,normalDay
2023-02-24,10347.0,-6369.0,0.0,100,396.38,468.0,0,0.0,0.0,,0.0,1,7.94,0.01,SPY230331C00515000,515.0,normalDay
2023-02-27,10347.0,-6234.0,0.0,100,397.73,468.0,0,0.0,0.0,,0.0,1,7.94,0.01,SPY230331C00515000,515.0,normalDay
2023-02-28,10347.0,-6381.0,0.0,100,396.26,468.0,0,0.0,0.0,,0.0,1,7.94,0.01,SPY230331C00515000,515.0,normalDay
2023-03-01,10347.0,-6533.0,0.0,100,394.74,468.0,0,0.0,0.0,,0.0,1,7.94,0.01,SPY230331C00515000,515.0,normalDay
2023-03-02,10347.0,-6226.0,0.0,100,397.81,468.0,0,0.0,0.0,,0.0,1,7.94,0.01,SPY230331C00515000,515.0,normalDay
2023-03-03,10347.0,-5588.0,0.0,100,404.19,468.0,0,0.0,0.0,,0.0,1,7.94,0.01,SPY230331C00515000,515.0,normalDay
2023-03-06,10347.0,-5560.0,0.0,100,404.47,468.0,0,0.0,0.0,,0.0,1,7.94,0.01,SPY230331C00515000,515.0,normalDay
2023-03-07,10347.0,-6180.0,0.0,100,398.27,468.0,0,0.0,0.0,,0.0,1,7.94,0.01,SPY230331C00515000,515.0,normalDay
2023-03-08,10347.0,-6115.0,0.0,100,398.92,468.0,0,0.0,0.0,,0.0,1,7.94,0.01,SPY230331C00515000,515.0,normalDay
2023-03-09,10347.0,-6851.0,0.0,100,391.56,468.0,0,0.0,0.0,,0.0,1,7.94,0.01,SPY230331C00515000,515.0,normalDay
2023-03-10,10347.0,-7416.0,0.0,100,385.91,468.0,0,0.0,0.0,,0.0,1,7.94,0.01,SPY230331C00515000,515.0,normalDay
2023-03-13,10347.0,-7471.0,0.0,100,385.36,468.0,0,0.0,0.0,,0.0,1,7.94,0.01,SPY230331C00515000,515.0,normalDay
2023-03-14,10347.0,-6834.0,0.0,100,391.73,468.0,0,0.0,0.0,,0.0,1,7.94,0.01,SPY230331C00515000,515.0,normalDay
2023-03-15,10347.0,-7079.0,0.0,100,389.28,468.0,0,0.0,0.0,,0.0,1,7.94,0.01,SPY230331C00515000,515.0,normalDay
2023-03-16,10347.0,-6396.0,0.0,100,396.11,468.0,0,0.0,0.0,,0.0,1,7.94,0.01,SPY230331C00515000,515.0,normalDay
2023-03-17,10347.0,-7008.0,0.0,100,389.99,468.0,0,0.0,0.0,,0.0,1,7.94,0.01,SPY230331C00515000,515.0,normalDay
2023-03-20,10347.0,-6633.0,0.0,100,393.74,468.0,0,0.0,0.0,,0.0,1,7.94,0.01,SPY230331C00515000,515.0,normalDay
2023-03-21,10347.0,-6116.0,0.0,100,398.91,468.0,0,0.0,0.0,,0.0,1,7.94,0.01,SPY230331C00515000,515.0,normalDay
2023-03-22,10347.0,-6796.0,0.0,100,392.11,468.0,0,0.0,0.0,,0.0,1,7.94,0.01,SPY230331C00515000,515.0,normalDay
2023-03-23,10347.0,-6690.0,0.0,100,393.17,468.0,0,0.0,0.0,,0.0,1,7.94,0.01,SPY230331C00515000,515.0,normalDay
2023-03-24,10347.0,-6432.0,0.0,100,395.75,468.0,0,0.0,0.0,,0.0,1,7.94,0.01,SPY230331C00515000,515.0,normalDay
2023-03-27,10347.0,-6358.0,0.0,100,396.49,468.0,0,0.0,0.0,,0.0,1,7.94,0.01,SPY230331C00515000,515.0,normalDay
2023-03-28,10347.0,-6447.0,0.0,100,395.6,468.0,0,0.0,0.0,,0.0,1,7.94,0.01,SPY230331C00515000,515.0,normalDay
2023-03-29,10347.0,-5872.0,0.0,100,401.35,468.0,0,0.0,0.0,,0.0,1,7.94,0.01,SPY230331C00515000,515.0,normalDay
2023-03-30,10347.0,-5637.0,0.0,100,403.7,468.0,0,0.0,0.0,,0.0,1,7.94,0.01,SPY230331C00515000,515.0,normalDay
2023-03-31,11141.0,-5861.0,794.0,100,409.39,468.0,0,0.0,0.0,,0.0,1,7.94,0.0,SPY230331C00515000,515.0,expirationDay
2023-04-03,11141.0,-6193.0,0.0,100,410.95,468.0,0,0.0,0.0,,0.0,1,24.48,29.36,SPY240328C00430000,430.0,normalDay
2023-04-04,11141.0,-6281.0,0.0,100,408.67,468.0,0,0.0,0.0,,0.0,1,24.48,27.96,SPY240328C00430000,430.0,normalDay
2023-04-05,11141.0,-6326.0,0.0,100,407.6,468.0,0,0.0,0.0,,0.0,1,24.48,27.34,SPY240328C00430000,430.0,normalDay
2023-04-06,11141.0,-6220.0,0.0,100,409.19,468.0,0,0.0,0.0,,0.0,1,24.48,27.87,SPY240328C00430000,430.0,normalDay
2023-04-10,11141.0,-6178.0,0.0,100,409.61,468.0,0,0.0,0.0,,0.0,1,24.48,27.87,SPY240328C00430000,430.0,normalDay
2023-04-11,11141.0,-6218.0,0.0,100,409.72,468.0,0,0.0,0.0,,0.0,1,24.48,28.38,SPY240328C00430000,430.0,normalDay
2023-04-12,11141.0,-6247.0,0.0,100,408.05,468.0,0,0.0,0.0,,0.0,1,24.48,27.0,SPY240328C00430000,430.0,normalDay
2023-04-13,11141.0,-5955.0,0.0,100,413.47,468.0,0,0.0,0.0,,0.0,1,24.48,29.5,SPY240328C00430000,430.0,normalDay
2023-04-14,11141.0,-6006.0,0.0,100,412.46,468.0,0,0.0,0.0,,0.0,1,24.48,29.0,SPY240328C00430000,430.0,normalDay
2023-04-17,11141.0,-5908.0,0.0,100,413.94,468.0,0,0.0,0.0,,0.0,1,24.48,29.5,SPY240328C00430000,430.0,normalDay
2023-04-18,11141.0,-5872.0,0.0,100,414.21,468.0,0,0.0,0.0,,0.0,1,24.48,29.41,SPY240328C00430000,430.0,normalDay
2023-04-19,11141.0,-5887.0,0.0,100,414.14,468.0,0,0.0,0.0,,0.0,1,24.48,29.49,SPY240328C00430000,430.0,normalDay
2023-04-20,11141.0,-6009.0,0.0,100,411.88,468.0,0,0.0,0.0,,0.0,1,24.48,28.45,SPY240328C00430000,430.0,normalDay
2023-04-21,11141.0,-5980.0,0.0,100,412.2,468.0,0,0.0,0.0,,0.0,1,24.48,28.48,SPY240328C00430000,430.0,normalDay
2023-04-24,11141.0,-5847.0,0.0,100,412.63,468.0,0,0.0,0.0,,0.0,1,24.48,27.58,SPY240328C00430000,430.0,normalDay
2023-04-25,11141.0,-6294.0,0.0,100,406.08,468.0,0,0.0,0.0,,0.0,1,24.48,25.5,SPY240328C00430000,430.0,normalDay
2023-04-26,11141.0,-6316.0,0.0,100,404.36,468.0,0,0.0,0.0,,0.0,1,24.48,24.0,SPY240328C00430000,430.0,normalDay
2023-04-27,11141.0,-5854.0,0.0,100,412.41,468.0,0,0.0,0.0,,0.0,1,24.48,27.43,SPY240328C00430000,430.0,normalDay
2023-04-28,11141.0,-5559.0,0.0,100,415.93,468.0,0,0.0,0.0,,0.0,1,24.48,28.0,SPY240328C00430000,430.0,normalDay
2023-05-01,11141.0,-5587.0,0.0,100,415.51,468.0,0,0.0,0.0,,0.0,1,24.48,27.86,SPY240328C00430000,430.0,normalDay
2023-05-02,11141.0,-5788.0,0.0,100,410.84,468.0,0,0.0,0.0,,0.0,1,24.48,25.2,SPY240328C00430000,430.0,normalDay
2023-05-03,11141.0,-5963.0,0.0,100,408.02,468.0,0,0.0,0.0,,0.0,1,24.48,24.13,SPY240328C00430000,430.0,normalDay
2023-05-04,11141.0,-6056.0,0.0,100,405.13,468.0,0,0.0,0.0,,0.0,1,24.48,22.17,SPY240328C00430000,430.0,normalDay
2023-05-05,11141.0,-5658.0,0.0,100,412.63,468.0,0,0.0,0.0,,0.0,1,24.48,25.69,SPY240328C00430000,430.0,normalDay
2023-05-08,11141.0,-5629.0,0.0,100,412.74,468.0,0,0.0,0.0,,0.0,1,24.48,25.51,SPY240328C00430000,430.0,normalDay
2023-05-09,11141.0,-5740.0,0.0,100,410.93,468.0,0,0.0,0.0,,0.0,1,24.48,24.81,SPY240328C00430000,430.0,normalDay
2023-05-10,11141.0,-5615.0,0.0,100,412.85,468.0,0,0.0,0.0,,0.0,1,24.48,25.48,SPY240328C00430000,430.0,normalDay
2023-05-11,11141.0,-5594.0,0.0,100,412.13,468.0,0,0.0,0.0,,0.0,1,24.48,24.55,SPY240328C00430000,430.0,normalDay
2023-05-12,11141.0,-5599.0,0.0,100,411.59,468.0,0,0.0,0.0,,0.0,1,24.48,24.06,SPY240328C00430000,430.0,normalDay
2023-05-15,11141.0,-5515.0,0.0,100,413.01,468.0,0,0.0,0.0,,0.0,1,24.48,24.64,SPY240328C00430000,430.0,normalDay
2023-05-16,11141.0,-5667.0,0.0,100,410.25,468.0,0,0.0,0.0,,0.0,1,24.48,23.4,SPY240328C00430000,430.0,normalDay
2023-05-17,11141.0,-5393.0,0.0,100,415.23,468.0,0,0.0,0.0,,0.0,1,24.48,25.64,SPY240328C00430000,430.0,normalDay
2023-05-18,11141.0,-5192.0,0.0,100,419.23,468.0,0,0.0,0.0,,0.0,1,24.48,27.63,SPY240328C00430000,430.0,normalDay
2023-05-19,11141.0,-5239.0,0.0,100,418.62,468.0,0,0.0,0.0,,0.0,1,24.48,27.49,SPY240328C00430000,430.0,normalDay
2023-05-22,11141.0,-5240.0,0.0,100,418.79,468.0,0,0.0,0.0,,0.0,1,24.48,27.67,SPY240328C00430000,430.0,normalDay
2023-05-23,11141.0,-5437.0,0.0,100,414.09,468.0,0,0.0,0.0,,0.0,1,24.48,24.94,SPY240328C00430000,430.0,normalDay
2023-05-24,11141.0,-5592.0,0.0,100,411.09,468.0,0,0.0,0.0,,0.0,1,24.48,23.49,SPY240328C00430000,430.0,normalDay
2023-05-25,11141.0,-5403.0,0.0,100,414.65,468.0,0,0.0,0.0,,0.0,1,24.48,25.16,SPY240328C00430000,430.0,normalDay
2023-05-26,11141.0,-5189.0,0.0,100,420.02,468.0,0,0.0,0.0,,0.0,1,24.48,28.39,SPY240328C00430000,430.0,normalDay
2023-05-30,11141.0,-5134.0,0.0,100,420.18,468.0,0,0.0,0.0,,0.0,1,24.48,28.0,SPY240328C00430000,430.0,normalDay
2023-05-31,11141.0,-5200.0,0.0,100,417.85,468.0,0,0.0,0.0,,0.0,1,24.48,26.33,SPY240328C00430000,430.0,normalDay
2023-06-01,11141.0,-4980.0,0.0,100,421.82,468.0,0,0.0,0.0,,0.0,1,24.48,28.1,SPY240328C00430000,430.0,normalDay
2023-06-02,11141.0,-4730.0,0.0,100,427.92,468.0,0,0.0,0.0,,0.0,1,24.48,31.7,SPY240328C00430000,430.0,normalDay
2023-06-05,11141.0,-4735.0,0.0,100,427.1,468.0,0,0.0,0.0,,0.0,1,24.48,30.93,SPY240328C00430000,430.0,normalDay
2023-06-06,11141.0,-4662.0,0.0,100,428.03,468.0,0,0.0,0.0,,0.0,1,24.48,31.13,SPY240328C00430000,430.0,normalDay
2023-06-07,11141.0,-4674.0,0.0,100,426.55,468.0,0,0.0,0.0,,0.0,1,24.48,29.77,SPY240328C00430000,430.0,normalDay
2023-06-08,11141.0,-4515.0,0.0,100,429.13,468.0,0,0.0,0.0,,0.0,1,24.48,30.76,SPY240328C00430000,430.0,normalDay
2023-06-09,11141.0,-4541.0,0.0,100,429.9,468.0,0,0.0,0.0,,0.0,1,24.48,31.79,SPY240328C00430000,430.0,normalDay
2023-06-12,11141.0,-4379.0,0.0,100,433.8,468.0,0,0.0,0.0,,0.0,1,24.48,34.07,SPY240328C00430000,430.0,normalDay
2023-06-13,11141.0,-4315.0,0.0,100,436.66,468.0,0,0.0,0.0,,0.0,1,24.48,36.29,SPY240328C00430000,430.0,normalDay
2023-06-14,11141.0,-4329.0,0.0,100,437.18,468.0,0,0.0,0.0,,0.0,1,24.48,36.95,SPY240328C00430000,430.0,normalDay
2023-06-15,11141.0,-4125.0,0.0,100,442.6,468.0,0,0.0,0.0,,0.0,1,24.48,40.33,SPY240328C00430000,430.0,normalDay
2023-06-16,11141.0,-4389.0,0.0,100,439.46,468.0,0,0.0,0.0,,0.0,1,24.48,39.83,SPY240328C00430000,430.0,normalDay
2023-06-20,11141.0,-4408.0,0.0,100,437.18,468.0,0,0.0,0.0,,0.0,1,24.48,37.74,SPY240328C00430000,430.0,normalDay
2023-06-21,11141.0,-4471.0,0.0,100,434.94,468.0,0,0.0,0.0,,0.0,1,24.48,36.13,SPY240328C00430000,430.0,normalDay
2023-06-22,11141.0,-4378.0,0.0,100,436.51,468.0,0,0.0,0.0,,0.0,1,24.48,36.77,SPY240328C00430000,430.0,normalDay
2023-06-23,11141.0,-4478.0,0.0,100,433.21,468.0,0,0.0,0.0,,0.0,1,24.48,34.47,SPY240328C00430000,430.0,normalDay
2023-06-26,11141.0,-4513.0,0.0,100,431.44,468.0,0,0.0,0.0,,0.0,1,24.48,33.05,SPY240328C00430000,430.0,normalDay
2023-06-27,11141.0,-4292.0,0.0,100,436.17,468.0,0,0.0,0.0,,0.0,1,24.48,35.57,SPY240328C00430000,430.0,normalDay
2023-06-28,11141.0,-4273.0,0.0,100,436.39,468.0,0,0.0,0.0,,0.0,1,24.48,35.6,SPY240328C00430000,430.0,normalDay
2023-06-29,11141.0,-4214.0,0.0,100,438.11,468.0,0,0.0,0.0,,0.0,1,24.48,36.73,SPY240328C00430000,430.0,normalDay
2023-06-30,11141.0,-4086.0,0.0,100,443.28,468.0,0,0.0,0.0,,0.0,1,24.48,40.62,SPY240328C00430000,430.0,normalDay
2023-07-03,11141.0,-4082.0,0.0,100,443.79,468.0,0,0.0,0.0,,0.0,1,24.48,41.09,SPY240328C00430000,430.0,normalDay
2023-07-05,11141.0,-4076.0,0.0,100,443.13,468.0,0,0.0,0.0,,0.0,1,24.48,40.37,SPY240328C00430000,430.0,normalDay
2023-07-06,11141.0,-4201.0,0.0,100,439.66,468.0,0,0.0,0.0,,0.0,1,24.48,38.15,SPY240328C00430000,430.0,normalDay
2023-07-07,11141.0,-4238.0,0.0,100,438.55,468.0,0,0.0,0.0,,0.0,1,24.48,37.41,SPY240328C00430000,430.0,normalDay
2023-07-10,11141.0,-4155.0,0.0,100,439.66,468.0,0,0.0,0.0,,0.0,1,24.48,37.69,SPY240328C00430000,430.0,normalDay
2023-07-11,11141.0,-4021.0,0.0,100,442.46,468.0,0,0.0,0.0,,0.0,1,24.48,39.15,SPY240328C00430000,430.0,normalDay
2023-07-12,11141.0,-3902.0,0.0,100,446.02,468.0,0,0.0,0.0,,0.0,1,24.48,41.52,SPY240328C00430000,430.0,normalDay
2023-07-13,11141.0,-3794.0,0.0,100,449.56,468.0,0,0.0,0.0,,0.0,1,24.48,43.98,SPY240328C00430000,430.0,normalDay
2023-07-14,11141.0,-3794.0,0.0,100,449.28,468.0,0,0.0,0.0,,0.0,1,24.48,43.7,SPY240328C00430000,430.0,normalDay
2023-07-17,11141.0,-3746.0,0.0,100,450.84,468.0,0,0.0,0.0,,0.0,1,24.48,44.78,SPY240328C00430000,430.0,normalDay
2023-07-18,11141.0,-3687.0,0.0,100,454.19,468.0,0,0.0,0.0,,0.0,1,24.48,47.54,SPY240328C00430000,430.0,normalDay
2023-07-19,11141.0,-3700.0,0.0,100,455.2,468.0,0,0.0,0.0,,0.0,1,24.48,48.68,SPY240328C00430000,430.0,normalDay
2023-07-20,11141.0,-3784.0,0.0,100,452.18,468.0,0,0.0,0.0,,0.0,1,24.48,46.5,SPY240328C00430000,430.0,normalDay
2023-07-21,11141.0,-3735.0,0.0,100,452.18,468.0,0,0.0,0.0,,0.0,1,24.48,46.01,SPY240328C00430000,430.0,normalDay
2023-07-24,11141.0,-3690.0,0.0,100,454.2,468.0,0,0.0,0.0,,0.0,1,24.48,47.58,SPY240328C00430000,430.0,normalDay
2023-07-25,11141.0,-3734.0,0.0,100,455.44,468.0,0,0.0,0.0,,0.0,1,24.48,49.26,SPY240328C00430000,430.0,normalDay
2023-07-26,11141.0,-3786.0,0.0,100,455.51,468.0,0,0.0,0.0,,0.0,1,24.48,49.85,SPY240328C00430000,430.0,normalDay
2023-07-27,11141.0,-3760.0,0.0,100,452.49,468.0,0,0.0,0.0,,0.0,1,24.48,46.57,SPY240328C00430000,430.0,normalDay
2023-07-28,11141.0,-3626.0,0.0,100,456.92,468.0,0,0.0,0.0,,0.0,1,24.48,49.66,SPY240328C00430000,430.0,normalDay
2023-07-31,11141.0,-3609.0,0.0,100,457.79,468.0,0,0.0,0.0,,0.0,1,24.48,50.36,SPY240328C00430000,430.0,normalDay
2023-08-01,11141.0,-3612.0,0.0,100,456.48,468.0,0,0.0,0.0,,0.0,1,24.48,49.08,SPY240328C00430000,430.0,normalDay
2023-08-02,11141.0,-3811.0,0.0,100,450.13,468.0,0,0.0,0.0,,0.0,1,24.48,44.72,SPY240328C00430000,430.0,normalDay
2023-08-03,11141.0,-3907.0,0.0,100,448.84,468.0,0,0.0,0.0,,0.0,1,24.48,44.39,SPY240328C00430000,430.0,normalDay
2023-08-04,11141.0,-3868.0,0.0,100,446.81,468.0,0,0.0,0.0,,0.0,1,24.48,41.97,SPY240328C00430000,430.0,normalDay
2023-08-07,11141.0,-3735.0,0.0,100,450.71,468.0,0,0.0,0.0,,0.0,1,24.48,44.54,SPY240328C00430000,430.0,normalDay
2023-08-08,11141.0,-3769.0,0.0,100,448.75,468.0,0,0.0,0.0,,0.0,1,24.48,42.92,SPY240328C00430000,430.0,normalDay
2023-08-09,11141.0,-3868.0,0.0,100,445.75,468.0,0,0.0,0.0,,0.0,1,24.48,40.91,SPY240328C00430000,430.0,normalDay
2023-08-10,11141.0,-3798.0,0.0,100,445.91,468.0,0,0.0,0.0,,0.0,1,24.48,40.37,SPY240328C00430000,430.0,normalDay
2023-08-11,11141.0,-3791.0,0.0,100,445.65,468.0,0,0.0,0.0,,0.0,1,24.48,40.04,SPY240328C00430000,430.0,normalDay
2023-08-14,11141.0,-3693.0,0.0,100,448.11,468.0,0,0.0,0.0,,0.0,1,24.48,41.52,SPY240328C00430000,430.0,normalDay
2023-08-15,11141.0,-3848.0,0.0,100,442.89,468.0,0,0.0,0.0,,0.0,1,24.48,37.85,SPY240328C00430000,430.0,normalDay
2023-08-16,11141.0,-3962.0,0.0,100,439.64,468.0,0,0.0,0.0,,0.0,1,24.48,35.74,SPY240328C00430000,430.0,normalDay
2023-08-17,11141.0,-4055.0,0.0,100,436.29,468.0,0,0.0,0.0,,0.0,1,24.48,33.32,SPY240328C00430000,430.0,normalDay
2023-08-18,11141.0,-4013.0,0.0,100,436.5,468.0,0,0.0,0.0,,0.0,1,24.48,33.11,SPY240328C00430000,430.0,normalDay
2023-08-21,11141.0,-3868.0,0.0,100,439.34,468.0,0,0.0,0.0,,0.0,1,24.48,34.5,SPY240328C00430000,430.0,normalDay
2023-08-22,11141.0,-3918.0,0.0,100,438.15,468.0,0,0.0,0.0,,0.0,1,24.48,33.81,SPY240328C00430000,430.0,normalDay
2023-08-23,11141.0,-3754.0,0.0,100,443.03,468.0,0,0.0,0.0,,0.0,1,24.48,37.05,SPY240328C00430000,430.0,normalDay
2023-08-24,11141.0,-3966.0,0.0,100,436.89,468.0,0,0.0,0.0,,0.0,1,24.48,33.03,SPY240328C00430000,430.0,normalDay
2023-08-25,11141.0,-3793.0,0.0,100,439.97,468.0,0,0.0,0.0,,0.0,1,24.48,34.38,SPY240328C00430000,430.0,normalDay
2023-08-28,11141.0,-3679.0,0.0,100,442.76,468.0,0,0.0,0.0,,0.0,1,24.48,36.03,SPY240328C00430000,430.0,normalDay
2023-08-29,11141.0,-3540.0,0.0,100,449.16,468.0,0,0.0,0.0,,0.0,1,24.48,41.04,SPY240328C00430000,430.0,normalDay
2023-08-30,11141.0,-3425.0,0.0,100,451.01,468.0,0,0.0,0.0,,0.0,1,24.48,41.74,SPY240328C00430000,430.0,normalDay
2023-08-31,11141.0,-3462.0,0.0,100,450.35,468.0,0,0.0,0.0,,0.0,1,24.48,41.45,SPY240328C00430000,430.0,normalDay
2023-09-01,11141.0,-3340.0,0.0,100,451.19,468.0,0,0.0,0.0,,0.0,1,24.48,41.07,SPY240328C00430000,430.0,normalDay
2023-09-05,11141.0,-3383.0,0.0,100,449.24,468.0,0,0.0,0.0,,0.0,1,24.48,39.55,SPY240328C00430000,430.0,normalDay
2023-09-06,11141.0,-3426.0,0.0,100,446.22,468.0,0,0.0,0.0,,0.0,1,24.48,36.96,SPY240328C00430000,430.0,normalDay
2023-09-07,11141.0,-3463.0,0.0,100,444.85,468.0,0,0.0,0.0,,0.0,1,24.48,35.96,SPY240328C00430000,430.0,normalDay
2023-09-08,11141.0,-3440.0,0.0,100,445.52,468.0,0,0.0,0.0,,0.0,1,24.48,36.4,SPY240328C00430000,430.0,normalDay
2023-09-11,11141.0,-3289.0,0.0,100,448.45,468.0,0,0.0,0.0,,0.0,1,24.48,37.82,SPY240328C00430000,430.0,normalDay
2023-09-12,11141.0,-3390.0,0.0,100,445.99,468.0,0,0.0,0.0,,0.0,1,24.48,36.37,SPY240328C00430000,430.0,normalDay
2023-09-13,11141.0,-3326.0,0.0,100,446.51,468.0,0,0.0,0.0,,0.0,1,24.48,36.25,SPY240328C00430000,430.0,normalDay
2023-09-14,11141.0,-3217.0,0.0,100,450.36,468.0,0,0.0,0.0,,0.0,1,24.48,39.01,SPY240328C00430000,430.0,normalDay
2023-09-15,11141.0,-3488.0,0.0,100,443.37,468.0,0,0.0,0.0,,0.0,1,24.48,34.73,SPY240328C00430000,430.0,normalDay
2023-09-18,11141.0,-3474.0,0.0,100,443.63,468.0,0,0.0,0.0,,0.0,1,24.48,34.85,SPY240328C00430000,430.0,normalDay
2023-09-19,11141.0,-3489.0,0.0,100,442.71,468.0,0,0.0,0.0,,0.0,1,24.48,34.08,SPY240328C00430000,430.0,normalDay
2023-09-20,11141.0,-3575.0,0.0,100,438.64,468.0,0,0.0,0.0,,0.0,1,24.48,30.87,SPY240328C00430000,430.0,normalDay
2023-09-21,11141.0,-3838.0,0.0,100,431.39,468.0,0,0.0,0.0,,0.0,1,24.48,26.25,SPY240328C00430000,430.0,normalDay
2023-09-22,11141.0,-3893.0,0.0,100,430.42,468.0,0,0.0,0.0,,0.0,1,24.48,25.83,SPY240328C00430000,430.0,normalDay
2023-09-25,11141.0,-3789.0,0.0,100,432.23,468.0,0,0.0,0.0,,0.0,1,24.48,26.6,SPY240328C00430000,430.0,normalDay
2023-09-26,11141.0,-4102.0,0.0,100,425.88,468.0,0,0.0,0.0,,0.0,1,24.48,23.38,SPY240328C00430000,430.0,normalDay
2023-09-27,11141.0,-4100.0,0.0,100,426.05,468.0,0,0.0,0.0,,0.0,1,24.48,23.53,SPY240328C00430000,430.0,normalDay
2023-09-28,11141.0,-3902.0,0.0,100,428.52,468.0,0,0.0,0.0,,0.0,1,24.48,24.02,SPY240328C00430000,430.0,normalDay
2023-09-29,11141.0,-3989.0,0.0,100,427.48,468.0,0,0.0,0.0,,0.0,1,24.48,23.85,SPY240328C00430000,430.0,normalDay
2023-10-02,11141.0,-3950.0,0.0,100,427.31,468.0,0,0.0,0.0,,0.0,1,24.48,23.29,SPY240328C00430000,430.0,normalDay
2023-10-03,11141.0,-4255.0,0.0,100,421.59,468.0,0,0.0,0.0,,0.0,1,24.48,20.62,SPY240328C00430000,430.0,normalDay
2023-10-04,11141.0,-4067.0,0.0,100,424.66,468.0,0,0.0,0.0,,0.0,1,24.48,21.81,SPY240328C00430000,430.0,normalDay
2023-10-05,11141.0,-4023.0,0.0,100,424.5,468.0,0,0.0,0.0,,0.0,1,24.48,21.21,SPY240328C00430000,430.0,normalDay
2023-10-06,11141.0,-3841.0,0.0,100,429.54,468.0,0,0.0,0.0,,0.0,1,24.48,24.43,SPY240328C00430000,430.0,normalDay
2023-10-09,11141.0,-3722.0,0.0,100,432.29,468.0,0,0.0,0.0,,0.0,1,24.48,25.99,SPY240328C00430000,430.0,normalDay
2023-10-10,11141.0,-3581.0,0.0,100,434.54,468.0,0,0.0,0.0,,0.0,1,24.48,26.83,SPY240328C00430000,430.0,normalDay
2023-10-11,11141.0,-3540.0,0.0,100,436.32,468.0,0,0.0,0.0,,0.0,1,24.48,28.2,SPY240328C00430000,430.0,normalDay
2023-10-12,11141.0,-3579.0,0.0,100,433.66,468.0,0,0.0,0.0,,0.0,1,24.48,25.93,SPY240328C00430000,430.0,normalDay
2023-10-13,11141.0,-3725.0,0.0,100,431.5,468.0,0,0.0,0.0,,0.0,1,24.48,25.23,SPY240328C00430000,430.0,normalDay
2023-10-16,11141.0,-3499.0,0.0,100,436.04,468.0,0,0.0,0.0,,0.0,1,24.48,27.51,SPY240328C00430000,430.0,normalDay
2023-10-17,11141.0,-3482.0,0.0,100,436.02,468.0,0,0.0,0.0,,0.0,1,24.48,27.32,SPY240328C00430000,430.0,normalDay
2023-10-18,11141.0,-3780.0,0.0,100,430.21,468.0,0,0.0,0.0,,0.0,1,24.48,24.49,SPY240328C00430000,430.0,normalDay
2023-10-19,11141.0,-3879.0,0.0,100,426.43,468.0,0,0.0,0.0,,0.0,1,24.48,21.7,SPY240328C00430000,430.0,normalDay
2023-10-20,11141.0,-4145.0,0.0,100,421.19,468.0,0,0.0,0.0,,0.0,1,24.48,19.12,SPY240328C00430000,430.0,normalDay
2023-10-23,11141.0,-4145.0,0.0,100,420.46,468.0,0,0.0,0.0,,0.0,1,24.48,18.39,SPY240328C00430000,430.0,normalDay
2023-10-24,11141.0,-3978.0,0.0,100,423.63,468.0,0,0.0,0.0,,0.0,1,24.48,19.89,SPY240328C00430000,430.0,normalDay
2023-10-25,11141.0,-4273.0,0.0,100,417.55,468.0,0,0.0,0.0,,0.0,1,24.48,16.76,SPY240328C00430000,430.0,normalDay
2023-10-26,11141.0,-4463.0,0.0,100,412.55,468.0,0,0.0,0.0,,0.0,1,24.48,13.66,SPY240328C00430000,430.0,normalDay
2023-10-27,11141.0,-4557.0,0.0,100,410.68,468.0,0,0.0,0.0,,0.0,1,24.48,12.73,SPY240328C00430000,430.0,normalDay
2023-10-30,11141.0,-4226.0,0.0,100,415.59,468.0,0,0.0,0.0,,0.0,1,24.48,14.33,SPY240328C00430000,430.0,normalDay
2023-10-31,11141.0,-4002.0,0.0,100,418.2,468.0,0,0.0,0.0,,0.0,1,24.48,14.7,SPY240328C00430000,430.0,normalDay
2023-11-01,11141.0,-3768.0,0.0,100,422.66,468.0,0,0.0,0.0,,0.0,1,24.48,16.82,SPY240328C00430000,430.0,normalDay
2023-11-02,11141.0,-3376.0,0.0,100,430.76,468.0,0,0.0,0.0,,0.0,1,24.48,21.0,SPY240328C00430000,430.0,normalDay
2023-11-03,11141.0,-3243.0,0.0,100,434.69,468.0,0,0.0,0.0,,0.0,1,24.48,23.6,SPY240328C00430000,430.0,normalDay
2023-11-06,11141.0,-3157.0,0.0,100,435.69,468.0,0,0.0,0.0,,0.0,1,24.48,23.74,SPY240328C00430000,430.0,normalDay
2023-11-07,11141.0,-3130.0,0.0,100,436.93,468.0,0,0.0,0.0,,0.0,1,24.48,24.71,SPY240328C00430000,430.0,normalDay
2023-11-08,11141.0,-3075.0,0.0,100,437.25,468.0,0,0.0,0.0,,0.0,1,24.48,24.48,SPY240328C00430000,430.0,normalDay
2023-11-09,11141.0,-3226.0,0.0,100,433.84,468.0,0,0.0,0.0,,0.0,1,24.48,22.58,SPY240328C00430000,430.0,normalDay
2023-11-10,11141.0,-2984.0,0.0,100,440.61,468.0,0,0.0,0.0,,0.0,1,24.48,26.93,SPY240328C00430000,430.0,normalDay
2023-11-13,11141.0,-2940.0,0.0,100,440.19,468.0,0,0.0,0.0,,0.0,1,24.48,26.07,SPY240328C00430000,430.0,normalDay
2023-11-14,11141.0,-2771.0,0.0,100,448.73,468.0,0,0.0,0.0,,0.0,1,24.48,32.92,SPY240328C00430000,430.0,normalDay
2023-11-15,11141.0,-2680.0,0.0,100,449.68,468.0,0,0.0,0.0,,0.0,1,24.48,32.96,SPY240328C00430000,430.0,normalDay
2023-11-16,11141.0,-2674.0,0.0,100,450.23,468.0,0,0.0,0.0,,0.0,1,24.48,33.45,SPY240328C00430000,430.0,normalDay
2023-11-17,11141.0,-2630.0,0.0,100,450.79,468.0,0,0.0,0.0,,0.0,1,24.48,33.57,SPY240328C00430000,430.0,normalDay
2023-11-20,11141.0,-2551.0,0.0,100,454.26,468.0,0,0.0,0.0,,0.0,1,24.48,36.25,SPY240328C00430000,430.0,normalDay
2023-11-21,11141.0,-2514.0,0.0,100,453.27,468.0,0,0.0,0.0,,0.0,1,24.48,34.89,SPY240328C00430000,430.0,normalDay
2023-11-22,11141.0,-2549.0,0.0,100,455.02,468.0,0,0.0,0.0,,0.0,1,24.48,36.99,SPY240328C00430000,430.0,normalDay
2023-11-24,11141.0,-2528.0,0.0,100,455.3,468.0,0,0.0,0.0,,0.0,1,24.48,37.06,SPY240328C00430000,430.0,normalDay
2023-11-27,11141.0,-2535.0,0.0,100,454.48,468.0,0,0.0,0.0,,0.0,1,24.48,36.31,SPY240328C00430000,430.0,normalDay
2023-11-28,11141.0,-2454.0,0.0,100,454.93,468.0,0,0.0,0.0,,0.0,1,24.48,35.95,SPY240328C00430000,430.0,normalDay
2023-11-29,11141.0,-2495.0,0.0,100,454.61,468.0,0,0.0,0.0,,0.0,1,24.48,36.04,SPY240328C00430000,430.0,normalDay
2023-11-30,11141.0,-2466.0,0.0,100,456.4,468.0,0,0.0,0.0,,0.0,1,24.48,37.54,SPY240328C00430000,430.0,normalDay
