date,totalCapital,unrializedPnL,rializedPnL,stocksOwned,stocksPriceToday,stocksPriceBoughtAt,putOwned,putOwnedSoldAt,putPriceToday,putOwnedContract,putOwnedStrike,callOwned,callOwnedSoldAt,callPriceToday,callOwnedContract,callOwnedStrike,trackType
2018-11-01,0.0,-7.0,0.0,0,273.51,0.0,1,4.73,4.8,SPY190118P00261000,261.0,0,0.0,0.0,,0.0,normalDay
2018-11-02,0.0,-43.0,0.0,0,271.89,0.0,1,4.73,5.16,SPY190118P00261000,261.0,0,0.0,0.0,,0.0,normalDay
2018-11-05,0.0,12.0,0.0,0,273.39,0.0,1,4.73,4.61,SPY190118P00261000,261.0,0,0.0,0.0,,0.0,normalDay
2018-11-06,0.0,65.0,0.0,0,275.12,0.0,1,4.73,4.08,SPY190118P00261000,261.0,0,0.0,0.0,,0.0,normalDay
2018-11-07,0.0,224.0,0.0,0,281.01,0.0,1,4.73,2.49,SPY190118P00261000,261.0,0,0.0,0.0,,0.0,normalDay
2018-11-08,0.0,222.0,0.0,0,280.5,0.0,1,4.73,2.51,SPY190118P00261000,261.0,0,0.0,0.0,,0.0,normalDay
2018-11-09,0.0,160.0,0.0,0,277.76,0.0,1,4.73,3.13,SPY190118P00261000,261.0,0,0.0,0.0,,0.0,normalDay
2018-11-12,0.0,25.0,0.0,0,272.57,0.0,1,4.73,4.48,SPY190118P00261000,261.0,0,0.0,0.0,,0.0,normalDay
2018-11-13,0.0,10.0,0.0,0,272.06,0.0,1,4.73,4.63,SPY190118P00261000,261.0,0,0.0,0.0,,0.0,normalDay
2018-11-14,0.0,-67.0,0.0,0,270.2,0.0,1,4.73,5.4,SPY190118P00261000,261.0,0,0.0,0.0,,0.0,normalDay
2018-11-15,0.0,40.0,0.0,0,273.02,0.0,1,4.73,4.33,SPY190118P00261000,261.0,0,0.0,0.0,,0.0,normalDay
2018-11-16,0.0,105.0,0.0,0,273.73,0.0,1,4.73,3.68,SPY190118P00261000,261.0,0,0.0,0.0,,0.0,normalDay
2018-11-19,0.0,-34.0,0.0,0,269.1,0.0,1,4.73,5.07,SPY190118P00261000,261.0,0,0.0,0.0,,0.0,normalDay
2018-11-20,0.0,-248.0,0.0,0,264.12,0.0,1,4.73,7.21,SPY190118P00261000,261.0,0,0.0,0.0,,0.0,normalDay
2018-11-21,0.0,-160.0,0.0,0,265.02,0.0,1,4.73,6.33,SPY190118P00261000,261.0,0,0.0,0.0,,0.0,normalDay
2018-11-23,0.0,-240.0,0.0,0,263.25,0.0,1,4.73,7.13,SPY190118P00261000,261.0,0,0.0,0.0,,0.0,normalDay
2018-11-26,0.0,6.0,0.0,0,267.5,0.0,1,4.73,4.67,SPY190118P00261000,261.0,0,0.0,0.0,,0.0,normalDay
2018-11-27,0.0,21.0,0.0,0,268.4,0.0,1,4.73,4.52,SPY190118P00261000,261.0,0,0.0,0.0,,0.0,normalDay
2018-11-28,0.0,176.0,0.0,0,274.58,0.0,1,4.73,2.97,SPY190118P00261000,261.0,0,0.0,0.0,,0.0,normalDay
2018-11-29,0.0,160.0,0.0,0,273.98,0.0,1,4.73,3.13,SPY190118P00261000,261.0,0,0.0,0.0,,0.0,normalDay
2018-11-30,0.0,214.0,0.0,0,275.65,0.0,1,4.73,2.59,SPY190118P00261000,261.0,0,0.0,0.0,,0.0,normalDay
2018-12-03,0.0,303.0,0.0,0,279.3,0.0,1,4.73,1.7,SPY190118P00261000,261.0,0,0.0,0.0,,0.0,normalDay
2018-12-04,0.0,70.0,0.0,0,270.25,0.0,1,4.73,4.03,SPY190118P00261000,261.0,0,0.0,0.0,,0.0,normalDay
2018-12-06,0.0,57.0,0.0,0,269.84,0.0,1,4.73,4.16,SPY190118P00261000,261.0,0,0.0,0.0,,0.0,normalDay
2018-12-07,0.0,-197.0,0.0,0,263.57,0.0,1,4.73,6.7,SPY190118P00261000,261.0,0,0.0,0.0,,0.0,normalDay
2018-12-10,0.0,-111.0,0.0,0,264.07,0.0,1,4.73,5.84,SPY190118P00261000,261.0,0,0.0,0.0,,0.0,normalDay
2018-12-11,0.0,-89.0,0.0,0,264.13,0.0,1,4.73,5.62,SPY190118P00261000,261.0,0,0.0,0.0,,0.0,normalDay
2018-12-12,0.0,-42.0,0.0,0,265.46,0.0,1,4.73,5.15,SPY190118P00261000,261.0,0,0.0,0.0,,0.0,normalDay
2018-12-13,0.0,-12.0,0.0,0,265.37,0.0,1,4.73,4.85,SPY190118P00261000,261.0,0,0.0,0.0,,0.0,normalDay
2018-12-14,0.0,-212.0,0.0,0,260.47,0.0,1,4.73,6.85,SPY190118P00261000,261.0,0,0.0,0.0,,0.0,normalDay
2018-12-17,0.0,-510.0,0.0,0,255.36,0.0,1,4.73,9.83,SPY190118P00261000,261.0,0,0.0,0.0,,0.0,normalDay
2018-12-18,0.0,-582.0,0.0,0,255.08,0.0,1,4.73,10.55,SPY190118P00261000,261.0,0,0.0,0.0,,0.0,normalDay
2018-12-19,0.0,-781.0,0.0,0,251.26,0.0,1,4.73,12.54,SPY190118P00261000,261.0,0,0.0,0.0,,0.0,normalDay
2018-12-20,0.0,-1087.0,0.0,0,247.17,0.0,1,4.73,15.6,SPY190118P00261000,261.0,0,0.0,0.0,,0.0,normalDay
2018-12-21,0.0,-1658.0,0.0,0,240.7,0.0,1,4.73,21.31,SPY190118P00261000,261.0,0,0.0,0.0,,0.0,normalDay
2018-12-24,0.0,-2427.0,0.0,0,234.34,0.0,1,4.73,29.0,SPY190118P00261000,261.0,0,0.0,0.0,,0.0,normalDay
2018-12-26,0.0,-1104.0,0.0,0,246.18,0.0,1,4.73,15.77,SPY190118P00261000,261.0,0,0.0,0.0,,0.0,normalDay
2018-12-27,0.0,-928.0,0.0,0,248.07,0.0,1,4.73,14.01,SPY190118P00261000,261.0,0,0.0,0.0,,0.0,normalDay
2018-12-28,0.0,-964.0,0.0,0,247.75,0.0,1,4.73,14.37,SPY190118P00261000,261.0,0,0.0,0.0,,0.0,normalDay
2018-12-31,0.0,-739.0,0.0,0,249.92,0.0,1,4.73,12.12,SPY190118P00261000,261.0,0,0.0,0.0,,0.0,normalDay
2019-01-02,0.0,-646.0,0.0,0,250.18,0.0,1,4.73,11.19,SPY190118P00261000,261.0,0,0.0,0.0,,0.0,normalDay
2019-01-03,0.0,-1235.0,0.0,0,244.21,0.0,1,4.73,17.08,SPY190118P00261000,261.0,0,0.0,0.0,,0.0,normalDay
2019-01-04,0.0,-453.0,0.0,0,252.39,0.0,1,4.73,9.26,SPY190118P00261000,261.0,0,0.0,0.0,,0.0,normalDay
2019-01-07,0.0,-290.0,0.0,0,254.38,0.0,1,4.73,7.63,SPY190118P00261000,261.0,0,0.0,0.0,,0.0,normalDay
2019-01-08,0.0,-88.0,0.0,0,256.77,0.0,1,4.73,5.61,SPY190118P00261000,261.0,0,0.0,0.0,,0.0,normalDay
2019-01-09,0.0,23.0,0.0,0,257.97,0.0,1,4.73,4.5,SPY190118P00261000,261.0,0,0.0,0.0,,0.0,normalDay
2019-01-10,0.0,108.0,0.0,0,258.88,0.0,1,4.73,3.65,SPY190118P00261000,261.0,0,0.0,0.0,,0.0,normalDay
2019-01-11,0.0,148.0,0.0,0,258.98,0.0,1,4.73,3.25,SPY190118P00261000,261.0,0,0.0,0.0,,0.0,normalDay
2019-01-14,0.0,71.0,0.0,0,257.4,0.0,1,4.73,4.02,SPY190118P00261000,261.0,0,0.0,0.0,,0.0,normalDay
2019-01-15,0.0,281.0,0.0,0,260.35,0.0,1,4.73,1.92,SPY190118P00261000,261.0,0,0.0,0.0,,0.0,normalDay
2019-01-16,0.0,352.0,0.0,0,260.98,0.0,1,4.73,1.21,SPY190118P00261000,261.0,0,0.0,0.0,,0.0,normalDay
2019-01-17,0.0,442.0,0.0,0,262.96,0.0,1,4.73,0.31,SPY190118P00261000,261.0,0,0.0,0.0,,0.0,normalDay
2019-01-18,473.0,0.0,473.0,0,266.46,0.0,1,4.73,0.0,SPY190118P00261000,261.0,0,0.0,0.0,,0.0,expirationDay
2019-01-22,473.0,-7.0,0.0,0,262.86,0.0,1,2.75,2.82,SPY190418P00237000,237.0,0,0.0,0.0,,0.0,normalDay
2019-01-23,473.0,7.0,0.0,0,263.41,0.0,1,2.75,2.68,SPY190418P00237000,237.0,0,0.0,0.0,,0.0,normalDay
2019-01-24,473.0,23.0,0.0,0,263.55,0.0,1,2.75,2.52,SPY190418P00237000,237.0,0,0.0,0.0,,0.0,normalDay
2019-01-25,473.0,78.0,0.0,0,265.78,0.0,1,2.75,1.97,SPY190418P00237000,237.0,0,0.0,0.0,,0.0,normalDay
2019-01-28,473.0,47.0,0.0,0,263.76,0.0,1,2.75,2.28,SPY190418P00237000,237.0,0,0.0,0.0,,0.0,normalDay
2019-01-29,473.0,42.0,0.0,0,263.41,0.0,1,2.75,2.33,SPY190418P00237000,237.0,0,0.0,0.0,,0.0,normalDay
2019-01-30,473.0,107.0,0.0,0,267.58,0.0,1,2.75,1.68,SPY190418P00237000,237.0,0,0.0,0.0,,0.0,normalDay
2019-01-31,473.0,148.0,0.0,0,269.93,0.0,1,2.75,1.27,SPY190418P00237000,237.0,0,0.0,0.0,,0.0,normalDay
2019-02-01,473.0,155.0,0.0,0,270.06,0.0,1,2.75,1.2,SPY190418P00237000,237.0,0,0.0,0.0,,0.0,normalDay
2019-02-04,473.0,176.0,0.0,0,271.96,0.0,1,2.75,0.99,SPY190418P00237000,237.0,0,0.0,0.0,,0.0,normalDay
2019-02-05,473.0,181.0,0.0,0,273.1,0.0,1,2.75,0.94,SPY190418P00237000,237.0,0,0.0,0.0,,0.0,normalDay
2019-02-06,473.0,182.0,0.0,0,272.74,0.0,1,2.75,0.93,SPY190418P00237000,237.0,0,0.0,0.0,,0.0,normalDay
2019-02-07,473.0,164.0,0.0,0,270.14,0.0,1,2.75,1.11,SPY190418P00237000,237.0,0,0.0,0.0,,0.0,normalDay
2019-02-08,473.0,172.0,0.0,0,270.47,0.0,1,2.75,1.03,SPY190418P00237000,237.0,0,0.0,0.0,,0.0,normalDay
2019-02-11,473.0,182.0,0.0,0,270.62,0.0,1,2.75,0.93,SPY190418P00237000,237.0,0,0.0,0.0,,0.0,normalDay
2019-02-12,473.0,202.0,0.0,0,274.1,0.0,1,2.75,0.73,SPY190418P00237000,237.0,0,0.0,0.0,,0.0,normalDay
2019-02-13,473.0,204.0,0.0,0,274.99,0.0,1,2.75,0.71,SPY190418P00237000,237.0,0,0.0,0.0,,0.0,normalDay
2019-02-14,473.0,199.0,0.0,0,274.38,0.0,1,2.75,0.76,SPY190418P00237000,237.0,0,0.0,0.0,,0.0,normalDay
2019-02-15,473.0,218.0,0.0,0,277.37,0.0,1,2.75,0.57,SPY190418P00237000,237.0,0,0.0,0.0,,0.0,normalDay
2019-02-19,473.0,223.0,0.0,0,277.85,0.0,1,2.75,0.52,SPY190418P00237000,237.0,0,0.0,0.0,,0.0,normalDay
2019-02-20,473.0,233.0,0.0,0,278.41,0.0,1,2.75,0.42,SPY190418P00237000,237.0,0,0.0,0.0,,0.0,normalDay
2019-02-21,473.0,231.0,0.0,0,277.42,0.0,1,2.75,0.44,SPY190418P00237000,237.0,0,0.0,0.0,,0.0,normalDay
2019-02-22,473.0,240.0,0.0,0,279.14,0.0,1,2.75,0.35,SPY190418P00237000,237.0,0,0.0,0.0,,0.0,normalDay
2019-02-25,473.0,235.0,0.0,0,279.52,0.0,1,2.75,0.4,SPY190418P00237000,237.0,0,0.0,0.0,,0.0,normalDay
2019-02-26,473.0,235.0,0.0,0,279.32,0.0,1,2.75,0.4,SPY190418P00237000,237.0,0,0.0,0.0,,0.0,normalDay
2019-02-27,473.0,237.0,0.0,0,279.2,0.0,1,2.75,0.38,SPY190418P00237000,237.0,0,0.0,0.0,,0.0,normalDay
2019-02-28,473.0,236.0,0.0,0,278.68,0.0,1,2.75,0.39,SPY190418P00237000,237.0,0,0.0,0.0,,0.0,normalDay
2019-03-01,473.0,245.0,0.0,0,280.42,0.0,1,2.75,0.3,SPY190418P00237000,237.0,0,0.0,0.0,,0.0,normalDay
2019-03-04,473.0,243.0,0.0,0,279.4,0.0,1,2.75,0.32,SPY190418P00237000,237.0,0,0.0,0.0,,0.0,normalDay
2019-03-05,473.0,241.0,0.0,0,279.02,0.0,1,2.75,0.34,SPY190418P00237000,237.0,0,0.0,0.0,,0.0,normalDay
2019-03-06,473.0,238.0,0.0,0,277.33,0.0,1,2.75,0.37,SPY190418P00237000,237.0,0,0.0,0.0,,0.0,normalDay
2019-03-07,473.0,232.0,0.0,0,275.01,0.0,1,2.75,0.43,SPY190418P00237000,237.0,0,0.0,0.0,,0.0,normalDay
2019-03-08,473.0,236.0,0.0,0,274.46,0.0,1,2.75,0.39,SPY190418P00237000,237.0,0,0.0,0.0,,0.0,normalDay
2019-03-11,473.0,251.0,0.0,0,278.44,0.0,1,2.75,0.24,SPY190418P00237000,237.0,0,0.0,0.0,,0.0,normalDay
2019-03-12,473.0,255.0,0.0,0,279.49,0.0,1,2.75,0.2,SPY190418P00237000,237.0,0,0.0,0.0,,0.0,normalDay
2019-03-13,473.0,258.0,0.0,0,281.34,0.0,1,2.75,0.17,SPY190418P00237000,237.0,0,0.0,0.0,,0.0,normalDay
2019-03-14,473.0,259.0,0.0,0,281.16,0.0,1,2.75,0.16,SPY190418P00237000,237.0,0,0.0,0.0,,0.0,normalDay
2019-03-15,473.0,262.0,0.0,0,281.31,0.0,1,2.75,0.13,SPY190418P00237000,237.0,0,0.0,0.0,,0.0,normalDay
2019-03-18,473.0,264.0,0.0,0,282.33,0.0,1,2.75,0.11,SPY190418P00237000,237.0,0,0.0,0.0,,0.0,normalDay
2019-03-19,473.0,264.0,0.0,0,282.4,0.0,1,2.75,0.11,SPY190418P00237000,237.0,0,0.0,0.0,,0.0,normalDay
2019-03-20,473.0,265.0,0.0,0,281.55,0.0,1,2.75,0.1,SPY190418P00237000,237.0,0,0.0,0.0,,0.0,normalDay
2019-03-21,473.0,267.0,0.0,0,284.73,0.0,1,2.75,0.08,SPY190418P00237000,237.0,0,0.0,0.0,,0.0,normalDay
2019-03-22,473.0,261.0,0.0,0,279.25,0.0,1,2.75,0.14,SPY190418P00237000,237.0,0,0.0,0.0,,0.0,normalDay
2019-03-25,473.0,265.0,0.0,0,279.04,0.0,1,2.75,0.1,SPY190418P00237000,237.0,0,0.0,0.0,,0.0,normalDay
2019-03-26,473.0,269.0,0.0,0,281.12,0.0,1,2.75,0.06,SPY190418P00237000,237.0,0,0.0,0.0,,0.0,normalDay
2019-03-27,473.0,268.0,0.0,0,279.65,0.0,1,2.75,0.07,SPY190418P00237000,237.0,0,0.0,0.0,,0.0,normalDay
2019-03-28,473.0,270.0,0.0,0,280.71,0.0,1,2.75,0.05,SPY190418P00237000,237.0,0,0.0,0.0,,0.0,normalDay
2019-03-29,473.0,270.0,0.0,0,282.48,0.0,1,2.75,0.05,SPY190418P00237000,237.0,0,0.0,0.0,,0.0,normalDay
2019-04-01,473.0,271.0,0.0,0,285.83,0.0,1,2.75,0.04,SPY190418P00237000,237.0,0,0.0,0.0,,0.0,normalDay
2019-04-02,473.0,272.0,0.0,0,285.97,0.0,1,2.75,0.03,SPY190418P00237000,237.0,0,0.0,0.0,,0.0,normalDay
2019-04-03,473.0,272.0,0.0,0,286.42,0.0,1,2.75,0.03,SPY190418P00237000,237.0,0,0.0,0.0,,0.0,normalDay
2019-04-04,473.0,273.0,0.0,0,287.18,0.0,1,2.75,0.02,SPY190418P00237000,237.0,0,0.0,0.0,,0.0,normalDay
2019-04-05,473.0,273.0,0.0,0,288.57,0.0,1,2.75,0.02,SPY190418P00237000,237.0,0,0.0,0.0,,0.0,normalDay
2019-04-08,473.0,274.0,0.0,0,288.79,0.0,1,2.75,0.01,SPY190418P00237000,237.0,0,0.0,0.0,,0.0,normalDay
2019-04-09,473.0,274.0,0.0,0,287.31,0.0,1,2.75,0.01,SPY190418P00237000,237.0,0,0.0,0.0,,0.0,normalDay
2019-04-10,473.0,274.0,0.0,0,288.29,0.0,1,2.75,0.01,SPY190418P00237000,237.0,0,0.0,0.0,,0.0,normalDay
2019-04-11,473.0,274.0,0.0,0,288.21,0.0,1,2.75,0.01,SPY190418P00237000,237.0,0,0.0,0.0,,0.0,normalDay
2019-04-12,473.0,274.0,0.0,0,290.16,0.0,1,2.75,0.01,SPY190418P00237000,237.0,0,0.0,0.0,,0.0,normalDay
2019-04-15,473.0,274.0,0.0,0,289.97,0.0,1,2.75,0.01,SPY190418P00237000,237.0,0,0.0,0.0,,0.0,normalDay
2019-04-16,473.0,274.0,0.0,0,290.16,0.0,1,2.75,0.01,SPY190418P00237000,237.0,0,0.0,0.0,,0.0,normalDay
2019-04-17,473.0,274.0,0.0,0,289.45,0.0,1,2.75,0.01,SPY190418P00237000,237.0,0,0.0,0.0,,0.0,normalDay
2019-04-18,748.0,0.0,275.0,0,290.02,0.0,1,2.75,0.0,SPY190418P00237000,237.0,0,0.0,0.0,,0.0,expirationDay
2019-04-22,748.0,-4.0,0.0,0,290.27,0.0,1,2.61,2.65,SPY190628P00279000,279.0,0,0.0,0.0,,0.0,normalDay
2019-04-23,748.0,40.0,0.0,0,292.88,0.0,1,2.61,2.21,SPY190628P00279000,279.0,0,0.0,0.0,,0.0,normalDay
2019-04-24,748.0,20.0,0.0,0,292.23,0.0,1,2.61,2.41,SPY190628P00279000,279.0,0,0.0,0.0,,0.0,normalDay
2019-04-25,748.0,12.0,0.0,0,292.05,0.0,1,2.61,2.49,SPY190628P00279000,279.0,0,0.0,0.0,,0.0,normalDay
2019-04-26,748.0,44.0,0.0,0,293.41,0.0,1,2.61,2.17,SPY190628P00279000,279.0,0,0.0,0.0,,0.0,normalDay
2019-04-29,748.0,53.0,0.0,0,293.87,0.0,1,2.61,2.08,SPY190628P00279000,279.0,0,0.0,0.0,,0.0,normalDay
2019-04-30,748.0,58.0,0.0,0,294.02,0.0,1,2.61,2.03,SPY190628P00279000,279.0,0,0.0,0.0,,0.0,normalDay
2019-05-01,748.0,-1.0,0.0,0,291.81,0.0,1,2.61,2.62,SPY190628P00279000,279.0,0,0.0,0.0,,0.0,normalDay
2019-05-02,748.0,-9.0,0.0,0,291.18,0.0,1,2.61,2.7,SPY190628P00279000,279.0,0,0.0,0.0,,0.0,normalDay
2019-05-03,748.0,66.0,0.0,0,294.03,0.0,1,2.61,1.95,SPY190628P00279000,279.0,0,0.0,0.0,,0.0,normalDay
2019-05-06,748.0,13.0,0.0,0,292.82,0.0,1,2.61,2.48,SPY190628P00279000,279.0,0,0.0,0.0,,0.0,normalDay
2019-05-07,748.0,-180.0,0.0,0,287.93,0.0,1,2.61,4.41,SPY190628P00279000,279.0,0,0.0,0.0,,0.0,normalDay
2019-05-08,748.0,-176.0,0.0,0,287.53,0.0,1,2.61,4.37,SPY190628P00279000,279.0,0,0.0,0.0,,0.0,normalDay
2019-05-09,748.0,-187.0,0.0,0,286.66,0.0,1,2.61,4.48,SPY190628P00279000,279.0,0,0.0,0.0,,0.0,normalDay
2019-05-10,748.0,-89.0,0.0,0,288.1,0.0,1,2.61,3.5,SPY190628P00279000,279.0,0,0.0,0.0,,0.0,normalDay
2019-05-13,748.0,-399.0,0.0,0,280.86,0.0,1,2.61,6.6,SPY190628P00279000,279.0,0,0.0,0.0,,0.0,normalDay
2019-05-14,748.0,-249.0,0.0,0,283.4,0.0,1,2.61,5.1,SPY190628P00279000,279.0,0,0.0,0.0,,0.0,normalDay
2019-05-15,748.0,-143.0,0.0,0,285.06,0.0,1,2.61,4.04,SPY190628P00279000,279.0,0,0.0,0.0,,0.0,normalDay
2019-05-16,748.0,-46.0,0.0,0,287.7,0.0,1,2.61,3.07,SPY190628P00279000,279.0,0,0.0,0.0,,0.0,normalDay
2019-05-17,748.0,-101.0,0.0,0,285.84,0.0,1,2.61,3.62,SPY190628P00279000,279.0,0,0.0,0.0,,0.0,normalDay
2019-05-20,748.0,-142.0,0.0,0,283.95,0.0,1,2.61,4.03,SPY190628P00279000,279.0,0,0.0,0.0,,0.0,normalDay
2019-05-21,748.0,-37.0,0.0,0,286.51,0.0,1,2.61,2.98,SPY190628P00279000,279.0,0,0.0,0.0,,0.0,normalDay
2019-05-22,748.0,-50.0,0.0,0,285.63,0.0,1,2.61,3.11,SPY190628P00279000,279.0,0,0.0,0.0,,0.0,normalDay
2019-05-23,748.0,-207.0,0.0,0,282.14,0.0,1,2.61,4.68,SPY190628P00279000,279.0,0,0.0,0.0,,0.0,normalDay
2019-05-24,748.0,-146.0,0.0,0,282.78,0.0,1,2.61,4.07,SPY190628P00279000,279.0,0,0.0,0.0,,0.0,normalDay
2019-05-28,748.0,-240.0,0.0,0,280.15,0.0,1,2.61,5.01,SPY190628P00279000,279.0,0,0.0,0.0,,0.0,normalDay
2019-05-29,748.0,-333.0,0.0,0,278.27,0.0,1,2.61,5.94,SPY190628P00279000,279.0,0,0.0,0.0,,0.0,normalDay
2019-05-30,748.0,-281.0,0.0,0,279.03,0.0,1,2.61,5.42,SPY190628P00279000,279.0,0,0.0,0.0,,0.0,normalDay
2019-05-31,748.0,-500.0,0.0,0,275.27,0.0,1,2.61,7.61,SPY190628P00279000,279.0,0,0.0,0.0,,0.0,normalDay
2019-06-03,748.0,-506.0,0.0,0,274.57,0.0,1,2.61,7.67,SPY190628P00279000,279.0,0,0.0,0.0,,0.0,normalDay
2019-06-04,748.0,-166.0,0.0,0,280.53,0.0,1,2.61,4.27,SPY190628P00279000,279.0,0,0.0,0.0,,0.0,normalDay
2019-06-05,748.0,-41.0,0.0,0,282.96,0.0,1,2.61,3.02,SPY190628P00279000,279.0,0,0.0,0.0,,0.0,normalDay
2019-06-06,748.0,23.0,0.0,0,284.8,0.0,1,2.61,2.38,SPY190628P00279000,279.0,0,0.0,0.0,,0.0,normalDay
2019-06-07,748.0,84.0,0.0,0,287.65,0.0,1,2.61,1.77,SPY190628P00279000,279.0,0,0.0,0.0,,0.0,normalDay
2019-06-10,748.0,133.0,0.0,0,288.97,0.0,1,2.61,1.28,SPY190628P00279000,279.0,0,0.0,0.0,,0.0,normalDay
2019-06-11,748.0,135.0,0.0,0,288.9,0.0,1,2.61,1.26,SPY190628P00279000,279.0,0,0.0,0.0,,0.0,normalDay
2019-06-12,748.0,138.0,0.0,0,288.39,0.0,1,2.61,1.23,SPY190628P00279000,279.0,0,0.0,0.0,,0.0,normalDay
2019-06-13,748.0,163.0,0.0,0,289.58,0.0,1,2.61,0.98,SPY190628P00279000,279.0,0,0.0,0.0,,0.0,normalDay
2019-06-14,748.0,182.0,0.0,0,289.26,0.0,1,2.61,0.79,SPY190628P00279000,279.0,0,0.0,0.0,,0.0,normalDay
2019-06-17,748.0,194.0,0.0,0,289.37,0.0,1,2.61,0.67,SPY190628P00279000,279.0,0,0.0,0.0,,0.0,normalDay
2019-06-18,748.0,224.0,0.0,0,292.4,0.0,1,2.61,0.37,SPY190628P00279000,279.0,0,0.0,0.0,,0.0,normalDay
2019-06-19,748.0,240.0,0.0,0,293.06,0.0,1,2.61,0.21,SPY190628P00279000,279.0,0,0.0,0.0,,0.0,normalDay
2019-06-20,748.0,246.0,0.0,0,295.86,0.0,1,2.61,0.15,SPY190628P00279000,279.0,0,0.0,0.0,,0.0,normalDay
2019-06-21,748.0,250.0,0.0,0,294.0,0.0,1,2.61,0.11,SPY190628P00279000,279.0,0,0.0,0.0,,0.0,normalDay
2019-06-24,748.0,256.0,0.0,0,293.64,0.0,1,2.61,0.05,SPY190628P00279000,279.0,0,0.0,0.0,,0.0,normalDay
2019-06-25,748.0,255.0,0.0,0,290.76,0.0,1,2.61,0.06,SPY190628P00279000,279.0,0,0.0,0.0,,0.0,normalDay
2019-06-26,748.0,258.0,0.0,0,290.47,0.0,1,2.61,0.03,SPY190628P00279000,279.0,0,0.0,0.0,,0.0,normalDay
2019-06-27,748.0,260.0,0.0,0,291.5,0.0,1,2.61,0.01,SPY190628P00279000,279.0,0,0.0,0.0,,0.0,normalDay
2019-06-28,1009.0,0.0,261.0,0,293.0,0.0,1,2.61,0.0,SPY190628P00279000,279.0,0,0.0,0.0,,0.0,expirationDay
2019-07-01,1009.0,-4.0,0.0,0,295.66,0.0,1,3.41,3.45,SPY190920P00282000,282.0,0,0.0,0.0,,0.0,normalDay
2019-07-02,1009.0,45.0,0.0,0,296.43,0.0,1,3.41,2.96,SPY190920P00282000,282.0,0,0.0,0.0,,0.0,normalDay
2019-07-03,1009.0,91.0,0.0,0,298.8,0.0,1,3.41,2.5,SPY190920P00282000,282.0,0,0.0,0.0,,0.0,normalDay
2019-07-05,1009.0,76.0,0.0,0,298.46,0.0,1,3.41,2.65,SPY190920P00282000,282.0,0,0.0,0.0,,0.0,normalDay
2019-07-08,1009.0,52.0,0.0,0,296.82,0.0,1,3.41,2.89,SPY190920P00282000,282.0,0,0.0,0.0,,0.0,normalDay
2019-07-09,1009.0,49.0,0.0,0,297.19,0.0,1,3.41,2.92,SPY190920P00282000,282.0,0,0.0,0.0,,0.0,normalDay
2019-07-10,1009.0,94.0,0.0,0,298.61,0.0,1,3.41,2.47,SPY190920P00282000,282.0,0,0.0,0.0,,0.0,normalDay
2019-07-11,1009.0,110.0,0.0,0,299.31,0.0,1,3.41,2.31,SPY190920P00282000,282.0,0,0.0,0.0,,0.0,normalDay
2019-07-12,1009.0,137.0,0.0,0,300.65,0.0,1,3.41,2.04,SPY190920P00282000,282.0,0,0.0,0.0,,0.0,normalDay
2019-07-15,1009.0,142.0,0.0,0,300.75,0.0,1,3.41,1.99,SPY190920P00282000,282.0,0,0.0,0.0,,0.0,normalDay
2019-07-16,1009.0,132.0,0.0,0,299.78,0.0,1,3.41,2.09,SPY190920P00282000,282.0,0,0.0,0.0,,0.0,normalDay
2019-07-17,1009.0,90.0,0.0,0,297.74,0.0,1,3.41,2.51,SPY190920P00282000,282.0,0,0.0,0.0,,0.0,normalDay
2019-07-18,1009.0,116.0,0.0,0,298.83,0.0,1,3.41,2.25,SPY190920P00282000,282.0,0,0.0,0.0,,0.0,normalDay
2019-07-19,1009.0,85.0,0.0,0,297.17,0.0,1,3.41,2.56,SPY190920P00282000,282.0,0,0.0,0.0,,0.0,normalDay
2019-07-22,1009.0,120.0,0.0,0,297.9,0.0,1,3.41,2.21,SPY190920P00282000,282.0,0,0.0,0.0,,0.0,normalDay
2019-07-23,1009.0,165.0,0.0,0,300.03,0.0,1,3.41,1.76,SPY190920P00282000,282.0,0,0.0,0.0,,0.0,normalDay
2019-07-24,1009.0,192.0,0.0,0,301.44,0.0,1,3.41,1.49,SPY190920P00282000,282.0,0,0.0,0.0,,0.0,normalDay
2019-07-25,1009.0,168.0,0.0,0,300.0,0.0,1,3.41,1.73,SPY190920P00282000,282.0,0,0.0,0.0,,0.0,normalDay
2019-07-26,1009.0,199.0,0.0,0,302.01,0.0,1,3.41,1.42,SPY190920P00282000,282.0,0,0.0,0.0,,0.0,normalDay
2019-07-29,1009.0,200.0,0.0,0,301.46,0.0,1,3.41,1.41,SPY190920P00282000,282.0,0,0.0,0.0,,0.0,normalDay
2019-07-30,1009.0,174.0,0.0,0,300.72,0.0,1,3.41,1.67,SPY190920P00282000,282.0,0,0.0,0.0,,0.0,normalDay
2019-07-31,1009.0,101.0,0.0,0,297.43,0.0,1,3.41,2.4,SPY190920P00282000,282.0,0,0.0,0.0,,0.0,normalDay
2019-08-01,1009.0,16.0,0.0,0,294.84,0.0,1,3.41,3.25,SPY190920P00282000,282.0,0,0.0,0.0,,0.0,normalDay
2019-08-02,1009.0,-35.0,0.0,0,292.62,0.0,1,3.41,3.76,SPY190920P00282000,282.0,0,0.0,0.0,,0.0,normalDay
2019-08-05,1009.0,-469.0,0.0,0,283.82,0.0,1,3.41,8.1,SPY190920P00282000,282.0,0,0.0,0.0,,0.0,normalDay
2019-08-06,1009.0,-203.0,0.0,0,287.8,0.0,1,3.41,5.44,SPY190920P00282000,282.0,0,0.0,0.0,,0.0,normalDay
2019-08-07,1009.0,-189.0,0.0,0,287.97,0.0,1,3.41,5.3,SPY190920P00282000,282.0,0,0.0,0.0,,0.0,normalDay
2019-08-08,1009.0,23.0,0.0,0,293.62,0.0,1,3.41,3.18,SPY190920P00282000,282.0,0,0.0,0.0,,0.0,normalDay
2019-08-09,1009.0,-34.0,0.0,0,291.62,0.0,1,3.41,3.75,SPY190920P00282000,282.0,0,0.0,0.0,,0.0,normalDay
2019-08-12,1009.0,-203.0,0.0,0,288.07,0.0,1,3.41,5.44,SPY190920P00282000,282.0,0,0.0,0.0,,0.0,normalDay
2019-08-13,1009.0,6.0,0.0,0,292.55,0.0,1,3.41,3.35,SPY190920P00282000,282.0,0,0.0,0.0,,0.0,normalDay
2019-08-14,1009.0,-348.0,0.0,0,283.9,0.0,1,3.41,6.89,SPY190920P00282000,282.0,0,0.0,0.0,,0.0,normalDay
2019-08-15,1009.0,-290.0,0.0,0,284.65,0.0,1,3.41,6.31,SPY190920P00282000,282.0,0,0.0,0.0,,0.0,normalDay
2019-08-16,1009.0,-81.0,0.0,0,288.85,0.0,1,3.41,4.22,SPY190920P00282000,282.0,0,0.0,0.0,,0.0,normalDay
2019-08-19,1009.0,71.0,0.0,0,292.33,0.0,1,3.41,2.7,SPY190920P00282000,282.0,0,0.0,0.0,,0.0,normalDay
2019-08-20,1009.0,6.0,0.0,0,290.09,0.0,1,3.41,3.35,SPY190920P00282000,282.0,0,0.0,0.0,,0.0,normalDay
2019-08-21,1009.0,118.0,0.0,0,292.45,0.0,1,3.41,2.23,SPY190920P00282000,282.0,0,0.0,0.0,,0.0,normalDay
2019-08-22,1009.0,98.0,0.0,0,292.36,0.0,1,3.41,2.43,SPY190920P00282000,282.0,0,0.0,0.0,,0.0,normalDay
2019-08-23,1009.0,-145.0,0.0,0,284.85,0.0,1,3.41,4.86,SPY190920P00282000,282.0,0,0.0,0.0,,0.0,normalDay
2019-08-26,1009.0,-26.0,0.0,0,288.0,0.0,1,3.41,3.67,SPY190920P00282000,282.0,0,0.0,0.0,,0.0,normalDay
2019-08-27,1009.0,-82.0,0.0,0,286.87,0.0,1,3.41,4.23,SPY190920P00282000,282.0,0,0.0,0.0,,0.0,normalDay
2019-08-28,1009.0,17.0,0.0,0,288.89,0.0,1,3.41,3.24,SPY190920P00282000,282.0,0,0.0,0.0,,0.0,normalDay
2019-08-29,1009.0,128.0,0.0,0,292.58,0.0,1,3.41,2.13,SPY190920P00282000,282.0,0,0.0,0.0,,0.0,normalDay
2019-08-30,1009.0,121.0,0.0,0,292.45,0.0,1,3.41,2.2,SPY190920P00282000,282.0,0,0.0,0.0,,0.0,normalDay
2019-09-03,1009.0,106.0,0.0,0,290.74,0.0,1,3.41,2.35,SPY190920P00282000,282.0,0,0.0,0.0,,0.0,normalDay
2019-09-04,1009.0,219.0,0.0,0,294.04,0.0,1,3.41,1.22,SPY190920P00282000,282.0,0,0.0,0.0,,0.0,normalDay
2019-09-05,1009.0,275.0,0.0,0,297.82,0.0,1,3.41,0.66,SPY190920P00282000,282.0,0,0.0,0.0,,0.0,normalDay
2019-09-06,1009.0,301.0,0.0,0,298.05,0.0,1,3.41,0.4,SPY190920P00282000,282.0,0,0.0,0.0,,0.0,normalDay
2019-09-09,1009.0,310.0,0.0,0,298.2,0.0,1,3.41,0.31,SPY190920P00282000,282.0,0,0.0,0.0,,0.0,normalDay
2019-09-10,1009.0,314.0,0.0,0,298.13,0.0,1,3.41,0.27,SPY190920P00282000,282.0,0,0.0,0.0,,0.0,normalDay
2019-09-11,1009.0,325.0,0.0,0,300.25,0.0,1,3.41,0.16,SPY190920P00282000,282.0,0,0.0,0.0,,0.0,normalDay
2019-09-12,1009.0,328.0,0.0,0,301.29,0.0,1,3.41,0.13,SPY190920P00282000,282.0,0,0.0,0.0,,0.0,normalDay
2019-09-13,1009.0,330.0,0.0,0,301.09,0.0,1,3.41,0.11,SPY190920P00282000,282.0,0,0.0,0.0,,0.0,normalDay
2019-09-16,1009.0,332.0,0.0,0,300.16,0.0,1,3.41,0.09,SPY190920P00282000,282.0,0,0.0,0.0,,0.0,normalDay
2019-09-17,1009.0,333.0,0.0,0,300.92,0.0,1,3.41,0.08,SPY190920P00282000,282.0,0,0.0,0.0,,0.0,normalDay
2019-09-18,1009.0,335.0,0.0,0,301.1,0.0,1,3.41,0.06,SPY190920P00282000,282.0,0,0.0,0.0,,0.0,normalDay
2019-09-19,1009.0,337.0,0.0,0,301.08,0.0,1,3.41,0.04,SPY190920P00282000,282.0,0,0.0,0.0,,0.0,normalDay
2019-09-20,1350.0,0.0,341.0,0,298.28,0.0,1,3.41,0.0,SPY190920P00282000,282.0,0,0.0,0.0,,0.0,expirationDay
2019-09-23,1350.0,-4.0,0.0,0,298.21,0.0,1,3.11,3.15,SPY191115P00287000,287.0,0,0.0,0.0,,0.0,normalDay
2019-09-24,1350.0,-91.0,0.0,0,295.87,0.0,1,3.11,4.02,SPY191115P00287000,287.0,0,0.0,0.0,,0.0,normalDay
2019-09-25,1350.0,-35.0,0.0,0,297.62,0.0,1,3.11,3.46,SPY191115P00287000,287.0,0,0.0,0.0,,0.0,normalDay
2019-09-26,1350.0,-35.0,0.0,0,297.0,0.0,1,3.11,3.46,SPY191115P00287000,287.0,0,0.0,0.0,,0.0,normalDay
2019-09-27,1350.0,-97.0,0.0,0,295.4,0.0,1,3.11,4.08,SPY191115P00287000,287.0,0,0.0,0.0,,0.0,normalDay
2019-09-30,1350.0,-19.0,0.0,0,296.77,0.0,1,3.11,3.3,SPY191115P00287000,287.0,0,0.0,0.0,,0.0,normalDay
2019-10-01,1350.0,-155.0,0.0,0,293.24,0.0,1,3.11,4.66,SPY191115P00287000,287.0,0,0.0,0.0,,0.0,normalDay
2019-10-02,1350.0,-402.0,0.0,0,288.06,0.0,1,3.11,7.13,SPY191115P00287000,287.0,0,0.0,0.0,,0.0,normalDay
2019-10-03,1350.0,-257.0,0.0,0,290.42,0.0,1,3.11,5.68,SPY191115P00287000,287.0,0,0.0,0.0,,0.0,normalDay
2019-10-04,1350.0,-79.0,0.0,0,294.35,0.0,1,3.11,3.9,SPY191115P00287000,287.0,0,0.0,0.0,,0.0,normalDay
2019-10-07,1350.0,-113.0,0.0,0,293.08,0.0,1,3.11,4.24,SPY191115P00287000,287.0,0,0.0,0.0,,0.0,normalDay
2019-10-08,1350.0,-308.0,0.0,0,288.53,0.0,1,3.11,6.19,SPY191115P00287000,287.0,0,0.0,0.0,,0.0,normalDay
2019-10-09,1350.0,-171.0,0.0,0,291.27,0.0,1,3.11,4.82,SPY191115P00287000,287.0,0,0.0,0.0,,0.0,normalDay
2019-10-10,1350.0,-70.0,0.0,0,293.24,0.0,1,3.11,3.81,SPY191115P00287000,287.0,0,0.0,0.0,,0.0,normalDay
2019-10-11,1350.0,64.0,0.0,0,296.28,0.0,1,3.11,2.47,SPY191115P00287000,287.0,0,0.0,0.0,,0.0,normalDay
2019-10-14,1350.0,92.0,0.0,0,295.95,0.0,1,3.11,2.19,SPY191115P00287000,287.0,0,0.0,0.0,,0.0,normalDay
2019-10-15,1350.0,173.0,0.0,0,298.88,0.0,1,3.11,1.38,SPY191115P00287000,287.0,0,0.0,0.0,,0.0,normalDay
2019-10-16,1350.0,173.0,0.0,0,298.4,0.0,1,3.11,1.38,SPY191115P00287000,287.0,0,0.0,0.0,,0.0,normalDay
2019-10-17,1350.0,185.0,0.0,0,299.28,0.0,1,3.11,1.26,SPY191115P00287000,287.0,0,0.0,0.0,,0.0,normalDay
2019-10-18,1350.0,171.0,0.0,0,297.97,0.0,1,3.11,1.4,SPY191115P00287000,287.0,0,0.0,0.0,,0.0,normalDay
2019-10-21,1350.0,217.0,0.0,0,299.99,0.0,1,3.11,0.94,SPY191115P00287000,287.0,0,0.0,0.0,,0.0,normalDay
2019-10-22,1350.0,205.0,0.0,0,299.01,0.0,1,3.11,1.06,SPY191115P00287000,287.0,0,0.0,0.0,,0.0,normalDay
2019-10-23,1350.0,228.0,0.0,0,299.88,0.0,1,3.11,0.83,SPY191115P00287000,287.0,0,0.0,0.0,,0.0,normalDay
2019-10-24,1350.0,241.0,0.0,0,300.37,0.0,1,3.11,0.7,SPY191115P00287000,287.0,0,0.0,0.0,,0.0,normalDay
2019-10-25,1350.0,264.0,0.0,0,301.6,0.0,1,3.11,0.47,SPY191115P00287000,287.0,0,0.0,0.0,,0.0,normalDay
2019-10-28,1350.0,276.0,0.0,0,303.3,0.0,1,3.11,0.35,SPY191115P00287000,287.0,0,0.0,0.0,,0.0,normalDay
2019-10-29,1350.0,278.0,0.0,0,303.21,0.0,1,3.11,0.33,SPY191115P00287000,287.0,0,0.0,0.0,,0.0,normalDay
2019-10-30,1350.0,289.0,0.0,0,304.14,0.0,1,3.11,0.22,SPY191115P00287000,287.0,0,0.0,0.0,,0.0,normalDay
2019-10-31,1350.0,281.0,0.0,0,303.33,0.0,1,3.11,0.3,SPY191115P00287000,287.0,0,0.0,0.0,,0.0,normalDay
2019-11-01,1350.0,298.0,0.0,0,306.14,0.0,1,3.11,0.13,SPY191115P00287000,287.0,0,0.0,0.0,,0.0,normalDay
2019-11-04,1350.0,300.0,0.0,0,307.37,0.0,1,3.11,0.11,SPY191115P00287000,287.0,0,0.0,0.0,,0.0,normalDay
2019-11-05,1350.0,302.0,0.0,0,307.03,0.0,1,3.11,0.09,SPY191115P00287000,287.0,0,0.0,0.0,,0.0,normalDay
2019-11-06,1350.0,306.0,0.0,0,307.1,0.0,1,3.11,0.05,SPY191115P00287000,287.0,0,0.0,0.0,,0.0,normalDay
2019-11-07,1350.0,307.0,0.0,0,308.18,0.0,1,3.11,0.04,SPY191115P00287000,287.0,0,0.0,0.0,,0.0,normalDay
2019-11-08,1350.0,309.0,0.0,0,308.94,0.0,1,3.11,0.02,SPY191115P00287000,287.0,0,0.0,0.0,,0.0,normalDay
2019-11-11,1350.0,309.0,0.0,0,308.35,0.0,1,3.11,0.02,SPY191115P00287000,287.0,0,0.0,0.0,,0.0,normalDay
2019-11-12,1350.0,309.0,0.0,0,309.0,0.0,1,3.11,0.02,SPY191115P00287000,287.0,0,0.0,0.0,,0.0,normalDay
2019-11-13,1350.0,309.0,0.0,0,309.1,0.0,1,3.11,0.02,SPY191115P00287000,287.0,0,0.0,0.0,,0.0,normalDay
2019-11-14,1350.0,310.0,0.0,0,309.55,0.0,1,3.11,0.01,SPY191115P00287000,287.0,0,0.0,0.0,,0.0,normalDay
2019-11-15,1661.0,0.0,311.0,0,311.79,0.0,1,3.11,0.0,SPY191115P00287000,287.0,0,0.0,0.0,,0.0,expirationDay
2019-11-18,1661.0,-3.0,0.0,0,312.02,0.0,1,2.6,2.63,SPY200117P00298000,298.0,0,0.0,0.0,,0.0,normalDay
2019-11-19,1661.0,-15.0,0.0,0,311.93,0.0,1,2.6,2.75,SPY200117P00298000,298.0,0,0.0,0.0,,0.0,normalDay
2019-11-20,1661.0,-38.0,0.0,0,310.77,0.0,1,2.6,2.98,SPY200117P00298000,298.0,0,0.0,0.0,,0.0,normalDay
2019-11-21,1661.0,-49.0,0.0,0,310.27,0.0,1,2.6,3.09,SPY200117P00298000,298.0,0,0.0,0.0,,0.0,normalDay
2019-11-22,1661.0,-17.0,0.0,0,310.96,0.0,1,2.6,2.77,SPY200117P00298000,298.0,0,0.0,0.0,,0.0,normalDay
2019-11-25,1661.0,49.0,0.0,0,313.37,0.0,1,2.6,2.11,SPY200117P00298000,298.0,0,0.0,0.0,,0.0,normalDay
2019-11-26,1661.0,71.0,0.0,0,314.08,0.0,1,2.6,1.89,SPY200117P00298000,298.0,0,0.0,0.0,,0.0,normalDay
2019-11-27,1661.0,88.0,0.0,0,315.48,0.0,1,2.6,1.72,SPY200117P00298000,298.0,0,0.0,0.0,,0.0,normalDay
2019-11-29,1661.0,63.0,0.0,0,314.31,0.0,1,2.6,1.97,SPY200117P00298000,298.0,0,0.0,0.0,,0.0,normalDay
2019-12-02,1661.0,-16.0,0.0,0,311.64,0.0,1,2.6,2.76,SPY200117P00298000,298.0,0,0.0,0.0,,0.0,normalDay
2019-12-03,1661.0,-83.0,0.0,0,309.55,0.0,1,2.6,3.43,SPY200117P00298000,298.0,0,0.0,0.0,,0.0,normalDay
2019-12-04,1661.0,-22.0,0.0,0,311.46,0.0,1,2.6,2.82,SPY200117P00298000,298.0,0,0.0,0.0,,0.0,normalDay
2019-12-05,1661.0,12.0,0.0,0,312.02,0.0,1,2.6,2.48,SPY200117P00298000,298.0,0,0.0,0.0,,0.0,normalDay
2019-12-06,1661.0,76.0,0.0,0,314.87,0.0,1,2.6,1.84,SPY200117P00298000,298.0,0,0.0,0.0,,0.0,normalDay
2019-12-09,1661.0,41.0,0.0,0,313.88,0.0,1,2.6,2.19,SPY200117P00298000,298.0,0,0.0,0.0,,0.0,normalDay
2019-12-10,1661.0,53.0,0.0,0,313.53,0.0,1,2.6,2.07,SPY200117P00298000,298.0,0,0.0,0.0,,0.0,normalDay
2019-12-11,1661.0,83.0,0.0,0,314.42,0.0,1,2.6,1.77,SPY200117P00298000,298.0,0,0.0,0.0,,0.0,normalDay
2019-12-12,1661.0,133.0,0.0,0,317.13,0.0,1,2.6,1.27,SPY200117P00298000,298.0,0,0.0,0.0,,0.0,normalDay
2019-12-13,1661.0,165.0,0.0,0,317.32,0.0,1,2.6,0.95,SPY200117P00298000,298.0,0,0.0,0.0,,0.0,normalDay
2019-12-16,1661.0,196.0,0.0,0,319.5,0.0,1,2.6,0.64,SPY200117P00298000,298.0,0,0.0,0.0,,0.0,normalDay
2019-12-17,1661.0,195.0,0.0,0,319.57,0.0,1,2.6,0.65,SPY200117P00298000,298.0,0,0.0,0.0,,0.0,normalDay
2019-12-18,1661.0,196.0,0.0,0,319.59,0.0,1,2.6,0.64,SPY200117P00298000,298.0,0,0.0,0.0,,0.0,normalDay
2019-12-19,1661.0,204.0,0.0,0,320.9,0.0,1,2.6,0.56,SPY200117P00298000,298.0,0,0.0,0.0,,0.0,normalDay
2019-12-20,1661.0,208.0,0.0,0,320.73,0.0,1,2.6,0.52,SPY200117P00298000,298.0,0,0.0,0.0,,0.0,normalDay
2019-12-23,1661.0,212.0,0.0,0,321.22,0.0,1,2.6,0.48,SPY200117P00298000,298.0,0,0.0,0.0,,0.0,normalDay
2019-12-24,1661.0,216.0,0.0,0,321.23,0.0,1,2.6,0.44,SPY200117P00298000,298.0,0,0.0,0.0,,0.0,normalDay
2019-12-26,1661.0,227.0,0.0,0,322.94,0.0,1,2.6,0.33,SPY200117P00298000,298.0,0,0.0,0.0,,0.0,normalDay
2019-12-27,1661.0,226.0,0.0,0,322.86,0.0,1,2.6,0.34,SPY200117P00298000,298.0,0,0.0,0.0,,0.0,normalDay
2019-12-30,1661.0,221.0,0.0,0,321.08,0.0,1,2.6,0.39,SPY200117P00298000,298.0,0,0.0,0.0,,0.0,normalDay
2019-12-31,1661.0,230.0,0.0,0,321.86,0.0,1,2.6,0.3,SPY200117P00298000,298.0,0,0.0,0.0,,0.0,normalDay
2020-01-02,1661.0,248.0,0.0,0,324.87,0.0,1,2.6,0.12,SPY200117P00298000,298.0,0,0.0,0.0,,0.0,normalDay
2020-01-03,1661.0,241.0,0.0,0,322.41,0.0,1,2.6,0.19,SPY200117P00298000,298.0,0,0.0,0.0,,0.0,normalDay
2020-01-06,1661.0,251.0,0.0,0,323.64,0.0,1,2.6,0.09,SPY200117P00298000,298.0,0,0.0,0.0,,0.0,normalDay
2020-01-07,1661.0,252.0,0.0,0,322.73,0.0,1,2.6,0.08,SPY200117P00298000,298.0,0,0.0,0.0,,0.0,normalDay
2020-01-08,1661.0,252.0,0.0,0,324.45,0.0,1,2.6,0.08,SPY200117P00298000,298.0,0,0.0,0.0,,0.0,normalDay
2020-01-09,1661.0,255.0,0.0,0,326.65,0.0,1,2.6,0.05,SPY200117P00298000,298.0,0,0.0,0.0,,0.0,normalDay
2020-01-10,1661.0,257.0,0.0,0,325.71,0.0,1,2.6,0.03,SPY200117P00298000,298.0,0,0.0,0.0,,0.0,normalDay
2020-01-13,1661.0,258.0,0.0,0,327.95,0.0,1,2.6,0.02,SPY200117P00298000,298.0,0,0.0,0.0,,0.0,normalDay
2020-01-14,1661.0,258.0,0.0,0,327.45,0.0,1,2.6,0.02,SPY200117P00298000,298.0,0,0.0,0.0,,0.0,normalDay
2020-01-15,1661.0,259.0,0.0,0,328.19,0.0,1,2.6,0.01,SPY200117P00298000,298.0,0,0.0,0.0,,0.0,normalDay
2020-01-16,1661.0,259.0,0.0,0,330.92,0.0,1,2.6,0.01,SPY200117P00298000,298.0,0,0.0,0.0,,0.0,normalDay
2020-01-17,1921.0,0.0,260.0,0,331.95,0.0,1,2.6,0.0,SPY200117P00298000,298.0,0,0.0,0.0,,0.0,expirationDay
2020-01-21,1921.0,-4.0,0.0,0,331.3,0.0,1,4.22,4.26,SPY200417P00318000,318.0,0,0.0,0.0,,0.0,normalDay
2020-01-22,1921.0,-6.0,0.0,0,331.34,0.0,1,4.22,4.28,SPY200417P00318000,318.0,0,0.0,0.0,,0.0,normalDay
2020-01-23,1921.0,3.0,0.0,0,331.72,0.0,1,4.22,4.19,SPY200417P00318000,318.0,0,0.0,0.0,,0.0,normalDay
2020-01-24,1921.0,-102.0,0.0,0,328.77,0.0,1,4.22,5.24,SPY200417P00318000,318.0,0,0.0,0.0,,0.0,normalDay
2020-01-27,1921.0,-349.0,0.0,0,323.5,0.0,1,4.22,7.71,SPY200417P00318000,318.0,0,0.0,0.0,,0.0,normalDay
2020-01-28,1921.0,-178.0,0.0,0,326.89,0.0,1,4.22,6.0,SPY200417P00318000,318.0,0,0.0,0.0,,0.0,normalDay
2020-01-29,1921.0,-182.0,0.0,0,326.62,0.0,1,4.22,6.04,SPY200417P00318000,318.0,0,0.0,0.0,,0.0,normalDay
2020-01-30,1921.0,-106.0,0.0,0,327.68,0.0,1,4.22,5.28,SPY200417P00318000,318.0,0,0.0,0.0,,0.0,normalDay
2020-01-31,1921.0,-371.0,0.0,0,321.73,0.0,1,4.22,7.93,SPY200417P00318000,318.0,0,0.0,0.0,,0.0,normalDay
2020-02-03,1921.0,-276.0,0.0,0,324.12,0.0,1,4.22,6.98,SPY200417P00318000,318.0,0,0.0,0.0,,0.0,normalDay
2020-02-04,1921.0,-63.0,0.0,0,329.06,0.0,1,4.22,4.85,SPY200417P00318000,318.0,0,0.0,0.0,,0.0,normalDay
2020-02-05,1921.0,47.0,0.0,0,332.86,0.0,1,4.22,3.75,SPY200417P00318000,318.0,0,0.0,0.0,,0.0,normalDay
2020-02-06,1921.0,71.0,0.0,0,333.98,0.0,1,4.22,3.51,SPY200417P00318000,318.0,0,0.0,0.0,,0.0,normalDay
2020-02-07,1921.0,28.0,0.0,0,332.2,0.0,1,4.22,3.94,SPY200417P00318000,318.0,0,0.0,0.0,,0.0,normalDay
2020-02-10,1921.0,91.0,0.0,0,334.68,0.0,1,4.22,3.31,SPY200417P00318000,318.0,0,0.0,0.0,,0.0,normalDay
2020-02-11,1921.0,106.0,0.0,0,335.26,0.0,1,4.22,3.16,SPY200417P00318000,318.0,0,0.0,0.0,,0.0,normalDay
2020-02-12,1921.0,165.0,0.0,0,337.42,0.0,1,4.22,2.57,SPY200417P00318000,318.0,0,0.0,0.0,,0.0,normalDay
2020-02-13,1921.0,154.0,0.0,0,337.06,0.0,1,4.22,2.68,SPY200417P00318000,318.0,0,0.0,0.0,,0.0,normalDay
2020-02-14,1921.0,174.0,0.0,0,337.6,0.0,1,4.22,2.48,SPY200417P00318000,318.0,0,0.0,0.0,,0.0,normalDay
2020-02-18,1921.0,159.0,0.0,0,336.73,0.0,1,4.22,2.63,SPY200417P00318000,318.0,0,0.0,0.0,,0.0,normalDay
2020-02-19,1921.0,195.0,0.0,0,338.34,0.0,1,4.22,2.27,SPY200417P00318000,318.0,0,0.0,0.0,,0.0,normalDay
2020-02-20,1921.0,156.0,0.0,0,336.95,0.0,1,4.22,2.66,SPY200417P00318000,318.0,0,0.0,0.0,,0.0,normalDay
2020-02-21,1921.0,56.0,0.0,0,333.48,0.0,1,4.22,3.66,SPY200417P00318000,318.0,0,0.0,0.0,,0.0,normalDay
2020-02-24,1921.0,-424.0,0.0,0,322.42,0.0,1,4.22,8.46,SPY200417P00318000,318.0,0,0.0,0.0,,0.0,normalDay
2020-02-25,1921.0,-862.0,0.0,0,312.65,0.0,1,4.22,12.84,SPY200417P00318000,318.0,0,0.0,0.0,,0.0,normalDay
2020-02-26,1921.0,-958.0,0.0,0,311.5,0.0,1,4.22,13.8,SPY200417P00318000,318.0,0,0.0,0.0,,0.0,normalDay
2020-02-27,1921.0,-2109.0,0.0,0,297.51,0.0,1,4.22,25.31,SPY200417P00318000,318.0,0,0.0,0.0,,0.0,normalDay
2020-02-28,1921.0,-2155.0,0.0,0,296.26,0.0,1,4.22,25.77,SPY200417P00318000,318.0,0,0.0,0.0,,0.0,normalDay
2020-03-02,1921.0,-1143.0,0.0,0,309.09,0.0,1,4.22,15.65,SPY200417P00318000,318.0,0,0.0,0.0,,0.0,normalDay
2020-03-03,1921.0,-1702.0,0.0,0,300.24,0.0,1,4.22,21.24,SPY200417P00318000,318.0,0,0.0,0.0,,0.0,normalDay
2020-03-04,1921.0,-993.0,0.0,0,312.86,0.0,1,4.22,14.15,SPY200417P00318000,318.0,0,0.0,0.0,,0.0,normalDay
2020-03-05,1921.0,-1765.0,0.0,0,302.46,0.0,1,4.22,21.87,SPY200417P00318000,318.0,0,0.0,0.0,,0.0,normalDay
2020-03-06,1921.0,-2175.0,0.0,0,297.46,0.0,1,4.22,25.97,SPY200417P00318000,318.0,0,0.0,0.0,,0.0,normalDay
2020-03-09,1921.0,-4271.0,0.0,0,274.23,0.0,1,4.22,46.93,SPY200417P00318000,318.0,0,0.0,0.0,,0.0,normalDay
2020-03-10,1921.0,-2936.0,0.0,0,288.42,0.0,1,4.22,33.58,SPY200417P00318000,318.0,0,0.0,0.0,,0.0,normalDay
2020-03-11,1921.0,-4201.0,0.0,0,274.36,0.0,1,4.22,46.23,SPY200417P00318000,318.0,0,0.0,0.0,,0.0,normalDay
2020-03-12,1921.0,-6743.0,0.0,0,248.11,0.0,1,4.22,71.65,SPY200417P00318000,318.0,0,0.0,0.0,,0.0,normalDay
2020-03-13,1921.0,-4724.0,0.0,0,269.32,0.0,1,4.22,51.46,SPY200417P00318000,318.0,0,0.0,0.0,,0.0,normalDay
2020-03-16,1921.0,-7268.0,0.0,0,239.85,0.0,1,4.22,76.9,SPY200417P00318000,318.0,0,0.0,0.0,,0.0,normalDay
2020-03-17,1921.0,-6426.0,0.0,0,252.8,0.0,1,4.22,68.48,SPY200417P00318000,318.0,0,0.0,0.0,,0.0,normalDay
2020-03-18,1921.0,-7525.0,0.0,0,240.0,0.0,1,4.22,79.47,SPY200417P00318000,318.0,0,0.0,0.0,,0.0,normalDay
2020-03-19,1921.0,-7531.0,0.0,0,240.51,0.0,1,4.22,79.53,SPY200417P00318000,318.0,0,0.0,0.0,,0.0,normalDay
2020-03-20,1921.0,-8489.0,0.0,0,228.8,0.0,1,4.22,89.11,SPY200417P00318000,318.0,0,0.0,0.0,,0.0,normalDay
2020-03-23,1921.0,-9285.0,0.0,0,222.95,0.0,1,4.22,97.07,SPY200417P00318000,318.0,0,0.0,0.0,,0.0,normalDay
2020-03-24,1921.0,-7159.0,0.0,0,243.15,0.0,1,4.22,75.81,SPY200417P00318000,318.0,0,0.0,0.0,,0.0,normalDay
2020-03-25,1921.0,-6697.0,0.0,0,246.79,0.0,1,4.22,71.19,SPY200417P00318000,318.0,0,0.0,0.0,,0.0,normalDay
2020-03-26,1921.0,-5344.0,0.0,0,261.2,0.0,1,4.22,57.66,SPY200417P00318000,318.0,0,0.0,0.0,,0.0,normalDay
2020-03-27,1921.0,-6127.0,0.0,0,253.42,0.0,1,4.22,65.49,SPY200417P00318000,318.0,0,0.0,0.0,,0.0,normalDay
2020-03-30,1921.0,-5328.0,0.0,0,261.65,0.0,1,4.22,57.5,SPY200417P00318000,318.0,0,0.0,0.0,,0.0,normalDay
2020-03-31,1921.0,-5729.0,0.0,0,257.75,0.0,1,4.22,61.51,SPY200417P00318000,318.0,0,0.0,0.0,,0.0,normalDay
2020-04-01,1921.0,-6835.0,0.0,0,246.15,0.0,1,4.22,72.57,SPY200417P00318000,318.0,0,0.0,0.0,,0.0,normalDay
2020-04-02,1921.0,-6128.0,0.0,0,251.83,0.0,1,4.22,65.5,SPY200417P00318000,318.0,0,0.0,0.0,,0.0,normalDay
2020-04-03,1921.0,-6555.0,0.0,0,248.19,0.0,1,4.22,69.77,SPY200417P00318000,318.0,0,0.0,0.0,,0.0,normalDay
2020-04-06,1921.0,-4905.0,0.0,0,264.86,0.0,1,4.22,53.27,SPY200417P00318000,318.0,0,0.0,0.0,,0.0,normalDay
2020-04-07,1921.0,-5002.0,0.0,0,265.13,0.0,1,4.22,54.24,SPY200417P00318000,318.0,0,0.0,0.0,,0.0,normalDay
2020-04-08,1921.0,-3998.0,0.0,0,274.03,0.0,1,4.22,44.2,SPY200417P00318000,318.0,0,0.0,0.0,,0.0,normalDay
2020-04-09,1921.0,-3587.0,0.0,0,278.2,0.0,1,4.22,40.09,SPY200417P00318000,318.0,0,0.0,0.0,,0.0,normalDay
2020-04-13,1921.0,-3841.0,0.0,0,275.66,0.0,1,4.22,42.63,SPY200417P00318000,318.0,0,0.0,0.0,,0.0,normalDay
2020-04-14,1921.0,-2990.0,0.0,0,283.79,0.0,1,4.22,34.12,SPY200417P00318000,318.0,0,0.0,0.0,,0.0,normalDay
2020-04-15,1921.0,-3624.0,0.0,0,277.76,0.0,1,4.22,40.46,SPY200417P00318000,318.0,0,0.0,0.0,,0.0,normalDay
2020-04-16,1921.0,-3475.0,0.0,0,279.1,0.0,1,4.22,38.97,SPY200417P00318000,318.0,0,0.0,0.0,,0.0,normalDay
2020-04-17,2343.0,-3136.0,422.0,100,286.64,318.0,1,4.22,0.0,SPY200417P00318000,318.0,0,0.0,0.0,,0.0,expirationDay
2020-04-20,2343.0,-3652.0,0.0,100,281.59,318.0,0,0.0,0.0,,0.0,1,16.75,16.86,SPY200508C00271000,271.0,normalDay
2020-04-21,2343.0,-3959.0,0.0,100,273.04,318.0,0,0.0,0.0,,0.0,1,16.75,11.38,SPY200508C00271000,271.0,normalDay
2020-04-22,2343.0,-3595.0,0.0,100,279.1,318.0,0,0.0,0.0,,0.0,1,16.75,13.8,SPY200508C00271000,271.0,normalDay
2020-04-23,2343.0,-3548.0,0.0,100,279.08,318.0,0,0.0,0.0,,0.0,1,16.75,13.31,SPY200508C00271000,271.0,normalDay
2020-04-24,2343.0,-3336.0,0.0,100,282.97,318.0,0,0.0,0.0,,0.0,1,16.75,15.08,SPY200508C00271000,271.0,normalDay
2020-04-27,2343.0,-3205.0,0.0,100,287.05,318.0,0,0.0,0.0,,0.0,1,16.75,17.85,SPY200508C00271000,271.0,normalDay
2020-04-28,2343.0,-3249.0,0.0,100,285.73,318.0,0,0.0,0.0,,0.0,1,16.75,16.97,SPY200508C00271000,271.0,normalDay
2020-04-29,2343.0,-3114.0,0.0,100,293.21,318.0,0,0.0,0.0,,0.0,1,16.75,23.1,SPY200508C00271000,271.0,normalDay
2020-04-30,2343.0,-3032.0,0.0,100,290.48,318.0,0,0.0,0.0,,0.0,1,16.75,19.55,SPY200508C00271000,271.0,normalDay
2020-05-01,2343.0,-3184.0,0.0,100,282.79,318.0,0,0.0,0.0,,0.0,1,16.75,13.38,SPY200508C00271000,271.0,normalDay
2020-05-04,2343.0,-3058.0,0.0,100,283.57,318.0,0,0.0,0.0,,0.0,1,16.75,12.9,SPY200508C00271000,271.0,normalDay
2020-05-05,2343.0,-3039.0,0.0,100,286.19,318.0,0,0.0,0.0,,0.0,1,16.75,15.33,SPY200508C00271000,271.0,normalDay
2020-05-06,2343.0,-3008.0,0.0,100,284.25,318.0,0,0.0,0.0,,0.0,1,16.75,13.08,SPY200508C00271000,271.0,normalDay
2020-05-07,2343.0,-3065.0,0.0,100,287.68,318.0,0,0.0,0.0,,0.0,1,16.75,17.08,SPY200508C00271000,271.0,normalDay
2020-05-08,-682.0,-3065.0,-3025.0,0,292.44,0.0,0,0.0,0.0,,0.0,1,16.75,0.0,SPY200508C00271000,271.0,expirationDay
2020-05-11,-682.0,-5.0,0.0,0,292.5,0.0,1,7.5,7.55,SPY200717P00274000,274.0,0,0.0,0.0,,0.0,normalDay
2020-05-12,-682.0,-281.0,0.0,0,286.67,0.0,1,7.5,10.31,SPY200717P00274000,274.0,0,0.0,0.0,,0.0,normalDay
2020-05-13,-682.0,-446.0,0.0,0,281.6,0.0,1,7.5,11.96,SPY200717P00274000,274.0,0,0.0,0.0,,0.0,normalDay
2020-05-14,-682.0,-285.0,0.0,0,284.97,0.0,1,7.5,10.35,SPY200717P00274000,274.0,0,0.0,0.0,,0.0,normalDay
2020-05-15,-682.0,-241.0,0.0,0,286.28,0.0,1,7.5,9.91,SPY200717P00274000,274.0,0,0.0,0.0,,0.0,normalDay
2020-05-18,-682.0,85.0,0.0,0,295.0,0.0,1,7.5,6.65,SPY200717P00274000,274.0,0,0.0,0.0,,0.0,normalDay
2020-05-19,-682.0,8.0,0.0,0,291.97,0.0,1,7.5,7.42,SPY200717P00274000,274.0,0,0.0,0.0,,0.0,normalDay
2020-05-20,-682.0,187.0,0.0,0,296.93,0.0,1,7.5,5.63,SPY200717P00274000,274.0,0,0.0,0.0,,0.0,normalDay
2020-05-21,-682.0,106.0,0.0,0,294.88,0.0,1,7.5,6.44,SPY200717P00274000,274.0,0,0.0,0.0,,0.0,normalDay
2020-05-22,-682.0,150.0,0.0,0,295.44,0.0,1,7.5,6.0,SPY200717P00274000,274.0,0,0.0,0.0,,0.0,normalDay
2020-05-26,-682.0,264.0,0.0,0,299.08,0.0,1,7.5,4.86,SPY200717P00274000,274.0,0,0.0,0.0,,0.0,normalDay
2020-05-27,-682.0,348.0,0.0,0,303.53,0.0,1,7.5,4.02,SPY200717P00274000,274.0,0,0.0,0.0,,0.0,normalDay
2020-05-28,-682.0,338.0,0.0,0,302.97,0.0,1,7.5,4.12,SPY200717P00274000,274.0,0,0.0,0.0,,0.0,normalDay
2020-05-29,-682.0,388.0,0.0,0,304.32,0.0,1,7.5,3.62,SPY200717P00274000,274.0,0,0.0,0.0,,0.0,normalDay
2020-06-01,-682.0,394.0,0.0,0,305.55,0.0,1,7.5,3.56,SPY200717P00274000,274.0,0,0.0,0.0,,0.0,normalDay
2020-06-02,-682.0,460.0,0.0,0,308.08,0.0,1,7.5,2.9,SPY200717P00274000,274.0,0,0.0,0.0,,0.0,normalDay
2020-06-03,-682.0,530.0,0.0,0,312.18,0.0,1,7.5,2.2,SPY200717P00274000,274.0,0,0.0,0.0,,0.0,normalDay
2020-06-04,-682.0,532.0,0.0,0,311.36,0.0,1,7.5,2.18,SPY200717P00274000,274.0,0,0.0,0.0,,0.0,normalDay
2020-06-05,-682.0,605.0,0.0,0,319.34,0.0,1,7.5,1.45,SPY200717P00274000,274.0,0,0.0,0.0,,0.0,normalDay
2020-06-08,-682.0,619.0,0.0,0,323.2,0.0,1,7.5,1.31,SPY200717P00274000,274.0,0,0.0,0.0,,0.0,normalDay
2020-06-09,-682.0,594.0,0.0,0,320.79,0.0,1,7.5,1.56,SPY200717P00274000,274.0,0,0.0,0.0,,0.0,normalDay
2020-06-10,-682.0,578.0,0.0,0,319.0,0.0,1,7.5,1.72,SPY200717P00274000,274.0,0,0.0,0.0,,0.0,normalDay
2020-06-11,-682.0,173.0,0.0,0,300.61,0.0,1,7.5,5.77,SPY200717P00274000,274.0,0,0.0,0.0,,0.0,normalDay
2020-06-12,-682.0,319.0,0.0,0,304.21,0.0,1,7.5,4.31,SPY200717P00274000,274.0,0,0.0,0.0,,0.0,normalDay
2020-06-15,-682.0,425.0,0.0,0,307.05,0.0,1,7.5,3.25,SPY200717P00274000,274.0,0,0.0,0.0,,0.0,normalDay
2020-06-16,-682.0,494.0,0.0,0,312.96,0.0,1,7.5,2.56,SPY200717P00274000,274.0,0,0.0,0.0,,0.0,normalDay
2020-06-17,-682.0,506.0,0.0,0,311.66,0.0,1,7.5,2.44,SPY200717P00274000,274.0,0,0.0,0.0,,0.0,normalDay
2020-06-18,-682.0,533.0,0.0,0,311.78,0.0,1,7.5,2.17,SPY200717P00274000,274.0,0,0.0,0.0,,0.0,normalDay
2020-06-19,-682.0,492.0,0.0,0,308.64,0.0,1,7.5,2.58,SPY200717P00274000,274.0,0,0.0,0.0,,0.0,normalDay
2020-06-22,-682.0,589.0,0.0,0,310.62,0.0,1,7.5,1.61,SPY200717P00274000,274.0,0,0.0,0.0,,0.0,normalDay
2020-06-23,-682.0,606.0,0.0,0,312.05,0.0,1,7.5,1.44,SPY200717P00274000,274.0,0,0.0,0.0,,0.0,normalDay
2020-06-24,-682.0,542.0,0.0,0,304.09,0.0,1,7.5,2.08,SPY200717P00274000,274.0,0,0.0,0.0,,0.0,normalDay
2020-06-25,-682.0,607.0,0.0,0,307.35,0.0,1,7.5,1.43,SPY200717P00274000,274.0,0,0.0,0.0,,0.0,normalDay
2020-06-26,-682.0,530.0,0.0,0,300.05,0.0,1,7.5,2.2,SPY200717P00274000,274.0,0,0.0,0.0,,0.0,normalDay
2020-06-29,-682.0,623.0,0.0,0,304.46,0.0,1,7.5,1.27,SPY200717P00274000,274.0,0,0.0,0.0,,0.0,normalDay
2020-06-30,-682.0,665.0,0.0,0,308.36,0.0,1,7.5,0.85,SPY200717P00274000,274.0,0,0.0,0.0,,0.0,normalDay
2020-07-01,-682.0,695.0,0.0,0,310.52,0.0,1,7.5,0.55,SPY200717P00274000,274.0,0,0.0,0.0,,0.0,normalDay
2020-07-02,-682.0,709.0,0.0,0,312.23,0.0,1,7.5,0.41,SPY200717P00274000,274.0,0,0.0,0.0,,0.0,normalDay
2020-07-06,-682.0,728.0,0.0,0,317.05,0.0,1,7.5,0.22,SPY200717P00274000,274.0,0,0.0,0.0,,0.0,normalDay
2020-07-07,-682.0,726.0,0.0,0,313.78,0.0,1,7.5,0.24,SPY200717P00274000,274.0,0,0.0,0.0,,0.0,normalDay
2020-07-08,-682.0,737.0,0.0,0,316.18,0.0,1,7.5,0.13,SPY200717P00274000,274.0,0,0.0,0.0,,0.0,normalDay
2020-07-09,-682.0,737.0,0.0,0,314.38,0.0,1,7.5,0.13,SPY200717P00274000,274.0,0,0.0,0.0,,0.0,normalDay
2020-07-10,-682.0,745.0,0.0,0,317.59,0.0,1,7.5,0.05,SPY200717P00274000,274.0,0,0.0,0.0,,0.0,normalDay
2020-07-13,-682.0,743.0,0.0,0,314.84,0.0,1,7.5,0.07,SPY200717P00274000,274.0,0,0.0,0.0,,0.0,normalDay
2020-07-14,-682.0,747.0,0.0,0,318.92,0.0,1,7.5,0.03,SPY200717P00274000,274.0,0,0.0,0.0,,0.0,normalDay
2020-07-15,-682.0,749.0,0.0,0,321.85,0.0,1,7.5,0.01,SPY200717P00274000,274.0,0,0.0,0.0,,0.0,normalDay
2020-07-16,-682.0,749.0,0.0,0,320.79,0.0,1,7.5,0.01,SPY200717P00274000,274.0,0,0.0,0.0,,0.0,normalDay
2020-07-17,68.0,0.0,750.0,0,321.72,0.0,1,7.5,0.0,SPY200717P00274000,274.0,0,0.0,0.0,,0.0,expirationDay
2020-07-20,68.0,-6.0,0.0,0,324.32,0.0,1,6.27,6.33,SPY200930P00300000,300.0,0,0.0,0.0,,0.0,normalDay
2020-07-21,68.0,4.0,0.0,0,325.01,0.0,1,6.27,6.23,SPY200930P00300000,300.0,0,0.0,0.0,,0.0,normalDay
2020-07-22,68.0,50.0,0.0,0,326.86,0.0,1,6.27,5.77,SPY200930P00300000,300.0,0,0.0,0.0,,0.0,normalDay
2020-07-23,68.0,-67.0,0.0,0,322.96,0.0,1,6.27,6.94,SPY200930P00300000,300.0,0,0.0,0.0,,0.0,normalDay
2020-07-24,68.0,-76.0,0.0,0,320.88,0.0,1,6.27,7.03,SPY200930P00300000,300.0,0,0.0,0.0,,0.0,normalDay
2020-07-27,68.0,22.0,0.0,0,323.22,0.0,1,6.27,6.05,SPY200930P00300000,300.0,0,0.0,0.0,,0.0,normalDay
2020-07-28,68.0,-29.0,0.0,0,321.17,0.0,1,6.27,6.56,SPY200930P00300000,300.0,0,0.0,0.0,,0.0,normalDay
2020-07-29,68.0,81.0,0.0,0,325.12,0.0,1,6.27,5.46,SPY200930P00300000,300.0,0,0.0,0.0,,0.0,normalDay
2020-07-30,68.0,39.0,0.0,0,323.96,0.0,1,6.27,5.88,SPY200930P00300000,300.0,0,0.0,0.0,,0.0,normalDay
2020-07-31,68.0,114.0,0.0,0,326.52,0.0,1,6.27,5.13,SPY200930P00300000,300.0,0,0.0,0.0,,0.0,normalDay
2020-08-03,68.0,167.0,0.0,0,328.79,0.0,1,6.27,4.6,SPY200930P00300000,300.0,0,0.0,0.0,,0.0,normalDay
2020-08-04,68.0,210.0,0.0,0,330.06,0.0,1,6.27,4.17,SPY200930P00300000,300.0,0,0.0,0.0,,0.0,normalDay
2020-08-05,68.0,262.0,0.0,0,332.11,0.0,1,6.27,3.65,SPY200930P00300000,300.0,0,0.0,0.0,,0.0,normalDay
2020-08-06,68.0,300.0,0.0,0,334.33,0.0,1,6.27,3.27,SPY200930P00300000,300.0,0,0.0,0.0,,0.0,normalDay
2020-08-07,68.0,309.0,0.0,0,334.57,0.0,1,6.27,3.18,SPY200930P00300000,300.0,0,0.0,0.0,,0.0,normalDay
2020-08-10,68.0,340.0,0.0,0,335.57,0.0,1,6.27,2.87,SPY200930P00300000,300.0,0,0.0,0.0,,0.0,normalDay
2020-08-11,68.0,275.0,0.0,0,332.8,0.0,1,6.27,3.52,SPY200930P00300000,300.0,0,0.0,0.0,,0.0,normalDay
2020-08-12,68.0,365.0,0.0,0,337.44,0.0,1,6.27,2.62,SPY200930P00300000,300.0,0,0.0,0.0,,0.0,normalDay
2020-08-13,68.0,364.0,0.0,0,336.83,0.0,1,6.27,2.63,SPY200930P00300000,300.0,0,0.0,0.0,,0.0,normalDay
2020-08-14,68.0,377.0,0.0,0,336.84,0.0,1,6.27,2.5,SPY200930P00300000,300.0,0,0.0,0.0,,0.0,normalDay
2020-08-17,68.0,418.0,0.0,0,337.91,0.0,1,6.27,2.09,SPY200930P00300000,300.0,0,0.0,0.0,,0.0,normalDay
2020-08-18,68.0,431.0,0.0,0,338.64,0.0,1,6.27,1.96,SPY200930P00300000,300.0,0,0.0,0.0,,0.0,normalDay
2020-08-19,68.0,413.0,0.0,0,337.23,0.0,1,6.27,2.14,SPY200930P00300000,300.0,0,0.0,0.0,,0.0,normalDay
2020-08-20,68.0,427.0,0.0,0,338.28,0.0,1,6.27,2.0,SPY200930P00300000,300.0,0,0.0,0.0,,0.0,normalDay
2020-08-21,68.0,448.0,0.0,0,339.48,0.0,1,6.27,1.79,SPY200930P00300000,300.0,0,0.0,0.0,,0.0,normalDay
2020-08-24,68.0,482.0,0.0,0,342.92,0.0,1,6.27,1.45,SPY200930P00300000,300.0,0,0.0,0.0,,0.0,normalDay
2020-08-25,68.0,500.0,0.0,0,344.12,0.0,1,6.27,1.27,SPY200930P00300000,300.0,0,0.0,0.0,,0.0,normalDay
2020-08-26,68.0,506.0,0.0,0,347.57,0.0,1,6.27,1.21,SPY200930P00300000,300.0,0,0.0,0.0,,0.0,normalDay
2020-08-27,68.0,501.0,0.0,0,348.33,0.0,1,6.27,1.26,SPY200930P00300000,300.0,0,0.0,0.0,,0.0,normalDay
2020-08-28,68.0,529.0,0.0,0,350.58,0.0,1,6.27,0.98,SPY200930P00300000,300.0,0,0.0,0.0,,0.0,normalDay
2020-08-31,68.0,505.0,0.0,0,349.31,0.0,1,6.27,1.22,SPY200930P00300000,300.0,0,0.0,0.0,,0.0,normalDay
2020-09-01,68.0,519.0,0.0,0,352.6,0.0,1,6.27,1.08,SPY200930P00300000,300.0,0,0.0,0.0,,0.0,normalDay
2020-09-02,68.0,540.0,0.0,0,357.7,0.0,1,6.27,0.87,SPY200930P00300000,300.0,0,0.0,0.0,,0.0,normalDay
2020-09-03,68.0,441.0,0.0,0,345.39,0.0,1,6.27,1.86,SPY200930P00300000,300.0,0,0.0,0.0,,0.0,normalDay
2020-09-04,68.0,454.0,0.0,0,342.57,0.0,1,6.27,1.73,SPY200930P00300000,300.0,0,0.0,0.0,,0.0,normalDay
2020-09-08,68.0,429.0,0.0,0,333.21,0.0,1,6.27,1.98,SPY200930P00300000,300.0,0,0.0,0.0,,0.0,normalDay
2020-09-09,68.0,508.0,0.0,0,339.79,0.0,1,6.27,1.19,SPY200930P00300000,300.0,0,0.0,0.0,,0.0,normalDay
2020-09-10,68.0,480.0,0.0,0,333.89,0.0,1,6.27,1.47,SPY200930P00300000,300.0,0,0.0,0.0,,0.0,normalDay
2020-09-11,68.0,527.0,0.0,0,334.06,0.0,1,6.27,1.0,SPY200930P00300000,300.0,0,0.0,0.0,,0.0,normalDay
2020-09-14,68.0,577.0,0.0,0,338.46,0.0,1,6.27,0.5,SPY200930P00300000,300.0,0,0.0,0.0,,0.0,normalDay
2020-09-15,68.0,584.0,0.0,0,340.17,0.0,1,6.27,0.43,SPY200930P00300000,300.0,0,0.0,0.0,,0.0,normalDay
2020-09-16,68.0,584.0,0.0,0,338.82,0.0,1,6.27,0.43,SPY200930P00300000,300.0,0,0.0,0.0,,0.0,normalDay
2020-09-17,68.0,583.0,0.0,0,335.84,0.0,1,6.27,0.44,SPY200930P00300000,300.0,0,0.0,0.0,,0.0,normalDay
2020-09-18,68.0,587.0,0.0,0,330.65,0.0,1,6.27,0.4,SPY200930P00300000,300.0,0,0.0,0.0,,0.0,normalDay
2020-09-21,68.0,590.0,0.0,0,326.97,0.0,1,6.27,0.37,SPY200930P00300000,300.0,0,0.0,0.0,,0.0,normalDay
2020-09-22,68.0,609.0,0.0,0,330.3,0.0,1,6.27,0.18,SPY200930P00300000,300.0,0,0.0,0.0,,0.0,normalDay
2020-09-23,68.0,592.0,0.0,0,322.64,0.0,1,6.27,0.35,SPY200930P00300000,300.0,0,0.0,0.0,,0.0,normalDay
2020-09-24,68.0,605.0,0.0,0,323.5,0.0,1,6.27,0.22,SPY200930P00300000,300.0,0,0.0,0.0,,0.0,normalDay
2020-09-25,68.0,621.0,0.0,0,328.73,0.0,1,6.27,0.06,SPY200930P00300000,300.0,0,0.0,0.0,,0.0,normalDay
2020-09-28,68.0,625.0,0.0,0,334.19,0.0,1,6.27,0.02,SPY200930P00300000,300.0,0,0.0,0.0,,0.0,normalDay
2020-09-29,68.0,626.0,0.0,0,332.37,0.0,1,6.27,0.01,SPY200930P00300000,300.0,0,0.0,0.0,,0.0,normalDay
2020-09-30,695.0,0.0,627.0,0,334.89,0.0,1,6.27,0.0,SPY200930P00300000,300.0,0,0.0,0.0,,0.0,expirationDay
2020-10-01,695.0,-6.0,0.0,0,337.04,0.0,1,12.2,12.26,SPY201218P00322000,322.0,0,0.0,0.0,,0.0,normalDay
2020-10-02,695.0,-122.0,0.0,0,333.84,0.0,1,12.2,13.42,SPY201218P00322000,322.0,0,0.0,0.0,,0.0,normalDay
2020-10-05,695.0,111.0,0.0,0,339.76,0.0,1,12.2,11.09,SPY201218P00322000,322.0,0,0.0,0.0,,0.0,normalDay
2020-10-06,695.0,-9.0,0.0,0,334.93,0.0,1,12.2,12.29,SPY201218P00322000,322.0,0,0.0,0.0,,0.0,normalDay
2020-10-07,695.0,211.0,0.0,0,340.76,0.0,1,12.2,10.09,SPY201218P00322000,322.0,0,0.0,0.0,,0.0,normalDay
2020-10-08,695.0,351.0,0.0,0,343.78,0.0,1,12.2,8.69,SPY201218P00322000,322.0,0,0.0,0.0,,0.0,normalDay
2020-10-09,695.0,498.0,0.0,0,346.85,0.0,1,12.2,7.22,SPY201218P00322000,322.0,0,0.0,0.0,,0.0,normalDay
2020-10-12,695.0,620.0,0.0,0,352.43,0.0,1,12.2,6.0,SPY201218P00322000,322.0,0,0.0,0.0,,0.0,normalDay
2020-10-13,695.0,569.0,0.0,0,350.13,0.0,1,12.2,6.51,SPY201218P00322000,322.0,0,0.0,0.0,,0.0,normalDay
2020-10-14,695.0,539.0,0.0,0,347.93,0.0,1,12.2,6.81,SPY201218P00322000,322.0,0,0.0,0.0,,0.0,normalDay
2020-10-15,695.0,524.0,0.0,0,347.5,0.0,1,12.2,6.96,SPY201218P00322000,322.0,0,0.0,0.0,,0.0,normalDay
2020-10-16,695.0,496.0,0.0,0,347.29,0.0,1,12.2,7.24,SPY201218P00322000,322.0,0,0.0,0.0,,0.0,normalDay
2020-10-19,695.0,379.0,0.0,0,342.01,0.0,1,12.2,8.41,SPY201218P00322000,322.0,0,0.0,0.0,,0.0,normalDay
2020-10-20,695.0,400.0,0.0,0,343.38,0.0,1,12.2,8.2,SPY201218P00322000,322.0,0,0.0,0.0,,0.0,normalDay
2020-10-21,695.0,449.0,0.0,0,342.73,0.0,1,12.2,7.71,SPY201218P00322000,322.0,0,0.0,0.0,,0.0,normalDay
2020-10-22,695.0,497.0,0.0,0,344.61,0.0,1,12.2,7.23,SPY201218P00322000,322.0,0,0.0,0.0,,0.0,normalDay
2020-10-23,695.0,531.0,0.0,0,345.78,0.0,1,12.2,6.89,SPY201218P00322000,322.0,0,0.0,0.0,,0.0,normalDay
2020-10-26,695.0,296.0,0.0,0,339.39,0.0,1,12.2,9.24,SPY201218P00322000,322.0,0,0.0,0.0,,0.0,normalDay
2020-10-27,695.0,265.0,0.0,0,338.22,0.0,1,12.2,9.55,SPY201218P00322000,322.0,0,0.0,0.0,,0.0,normalDay
2020-10-28,695.0,-331.0,0.0,0,326.66,0.0,1,12.2,15.51,SPY201218P00322000,322.0,0,0.0,0.0,,0.0,normalDay
2020-10-29,695.0,-39.0,0.0,0,329.98,0.0,1,12.2,12.59,SPY201218P00322000,322.0,0,0.0,0.0,,0.0,normalDay
2020-10-30,695.0,-177.0,0.0,0,326.54,0.0,1,12.2,13.97,SPY201218P00322000,322.0,0,0.0,0.0,,0.0,normalDay
2020-11-02,695.0,37.0,0.0,0,330.2,0.0,1,12.2,11.83,SPY201218P00322000,322.0,0,0.0,0.0,,0.0,normalDay
2020-11-03,695.0,250.0,0.0,0,336.03,0.0,1,12.2,9.7,SPY201218P00322000,322.0,0,0.0,0.0,,0.0,normalDay
2020-11-04,695.0,602.0,0.0,0,343.54,0.0,1,12.2,6.18,SPY201218P00322000,322.0,0,0.0,0.0,,0.0,normalDay
2020-11-05,695.0,752.0,0.0,0,350.24,0.0,1,12.2,4.68,SPY201218P00322000,322.0,0,0.0,0.0,,0.0,normalDay
2020-11-06,695.0,832.0,0.0,0,350.16,0.0,1,12.2,3.88,SPY201218P00322000,322.0,0,0.0,0.0,,0.0,normalDay
2020-11-09,695.0,922.0,0.0,0,354.56,0.0,1,12.2,2.98,SPY201218P00322000,322.0,0,0.0,0.0,,0.0,normalDay
2020-11-10,695.0,942.0,0.0,0,354.04,0.0,1,12.2,2.78,SPY201218P00322000,322.0,0,0.0,0.0,,0.0,normalDay
2020-11-11,695.0,993.0,0.0,0,356.67,0.0,1,12.2,2.27,SPY201218P00322000,322.0,0,0.0,0.0,,0.0,normalDay
2020-11-12,695.0,931.0,0.0,0,353.21,0.0,1,12.2,2.89,SPY201218P00322000,322.0,0,0.0,0.0,,0.0,normalDay
2020-11-13,695.0,1019.0,0.0,0,358.1,0.0,1,12.2,2.01,SPY201218P00322000,322.0,0,0.0,0.0,,0.0,normalDay
2020-11-16,695.0,1075.0,0.0,0,362.57,0.0,1,12.2,1.45,SPY201218P00322000,322.0,0,0.0,0.0,,0.0,normalDay
2020-11-17,695.0,1070.0,0.0,0,360.62,0.0,1,12.2,1.5,SPY201218P00322000,322.0,0,0.0,0.0,,0.0,normalDay
2020-11-18,695.0,1040.0,0.0,0,356.28,0.0,1,12.2,1.8,SPY201218P00322000,322.0,0,0.0,0.0,,0.0,normalDay
2020-11-19,695.0,1070.0,0.0,0,357.78,0.0,1,12.2,1.5,SPY201218P00322000,322.0,0,0.0,0.0,,0.0,normalDay
2020-11-20,695.0,1054.0,0.0,0,355.33,0.0,1,12.2,1.66,SPY201218P00322000,322.0,0,0.0,0.0,,0.0,normalDay
2020-11-23,695.0,1094.0,0.0,0,357.46,0.0,1,12.2,1.26,SPY201218P00322000,322.0,0,0.0,0.0,,0.0,normalDay
2020-11-24,695.0,1138.0,0.0,0,363.22,0.0,1,12.2,0.82,SPY201218P00322000,322.0,0,0.0,0.0,,0.0,normalDay
2020-11-25,695.0,1143.0,0.0,0,362.66,0.0,1,12.2,0.77,SPY201218P00322000,322.0,0,0.0,0.0,,0.0,normalDay
2020-11-27,695.0,1158.0,0.0,0,363.67,0.0,1,12.2,0.62,SPY201218P00322000,322.0,0,0.0,0.0,,0.0,normalDay
2020-11-30,695.0,1168.0,0.0,0,362.06,0.0,1,12.2,0.52,SPY201218P00322000,322.0,0,0.0,0.0,,0.0,normalDay
2020-12-01,695.0,1176.0,0.0,0,366.02,0.0,1,12.2,0.44,SPY201218P00322000,322.0,0,0.0,0.0,,0.0,normalDay
2020-12-02,695.0,1178.0,0.0,0,366.79,0.0,1,12.2,0.42,SPY201218P00322000,322.0,0,0.0,0.0,,0.0,normalDay
2020-12-03,695.0,1179.0,0.0,0,366.69,0.0,1,12.2,0.41,SPY201218P00322000,322.0,0,0.0,0.0,,0.0,normalDay
2020-12-04,695.0,1194.0,0.0,0,369.85,0.0,1,12.2,0.26,SPY201218P00322000,322.0,0,0.0,0.0,,0.0,normalDay
2020-12-07,695.0,1202.0,0.0,0,369.09,0.0,1,12.2,0.18,SPY201218P00322000,322.0,0,0.0,0.0,,0.0,normalDay
2020-12-08,695.0,1205.0,0.0,0,370.17,0.0,1,12.2,0.15,SPY201218P00322000,322.0,0,0.0,0.0,,0.0,normalDay
2020-12-09,695.0,1200.0,0.0,0,366.85,0.0,1,12.2,0.2,SPY201218P00322000,322.0,0,0.0,0.0,,0.0,normalDay
2020-12-10,695.0,1203.0,0.0,0,366.73,0.0,1,12.2,0.17,SPY201218P00322000,322.0,0,0.0,0.0,,0.0,normalDay
2020-12-11,695.0,1202.0,0.0,0,366.3,0.0,1,12.2,0.18,SPY201218P00322000,322.0,0,0.0,0.0,,0.0,normalDay
2020-12-14,695.0,1200.0,0.0,0,364.66,0.0,1,12.2,0.2,SPY201218P00322000,322.0,0,0.0,0.0,,0.0,normalDay
2020-12-15,695.0,1211.0,0.0,0,369.59,0.0,1,12.2,0.09,SPY201218P00322000,322.0,0,0.0,0.0,,0.0,normalDay
2020-12-16,695.0,1216.0,0.0,0,370.17,0.0,1,12.2,0.04,SPY201218P00322000,322.0,0,0.0,0.0,,0.0,normalDay
2020-12-17,695.0,1218.0,0.0,0,372.24,0.0,1,12.2,0.02,SPY201218P00322000,322.0,0,0.0,0.0,,0.0,normalDay
2020-12-18,1915.0,0.0,1220.0,0,369.18,0.0,1,12.2,0.0,SPY201218P00322000,322.0,0,0.0,0.0,,0.0,expirationDay
2020-12-21,1915.0,-8.0,0.0,0,367.86,0.0,1,9.52,9.6,SPY210219P00360000,360.0,0,0.0,0.0,,0.0,normalDay
2020-12-22,1915.0,7.0,0.0,0,367.24,0.0,1,9.52,9.45,SPY210219P00360000,360.0,0,0.0,0.0,,0.0,normalDay
2020-12-23,1915.0,73.0,0.0,0,367.57,0.0,1,9.52,8.79,SPY210219P00360000,360.0,0,0.0,0.0,,0.0,normalDay
2020-12-24,1915.0,176.0,0.0,0,369.0,0.0,1,9.52,7.76,SPY210219P00360000,360.0,0,0.0,0.0,,0.0,normalDay
2020-12-28,1915.0,305.0,0.0,0,372.17,0.0,1,9.52,6.47,SPY210219P00360000,360.0,0,0.0,0.0,,0.0,normalDay
2020-12-29,1915.0,234.0,0.0,0,371.46,0.0,1,9.52,7.18,SPY210219P00360000,360.0,0,0.0,0.0,,0.0,normalDay
2020-12-30,1915.0,281.0,0.0,0,371.99,0.0,1,9.52,6.71,SPY210219P00360000,360.0,0,0.0,0.0,,0.0,normalDay
2020-12-31,1915.0,345.0,0.0,0,373.88,0.0,1,9.52,6.07,SPY210219P00360000,360.0,0,0.0,0.0,,0.0,normalDay
2021-01-04,1915.0,141.0,0.0,0,368.79,0.0,1,9.52,8.11,SPY210219P00360000,360.0,0,0.0,0.0,,0.0,normalDay
2021-01-05,1915.0,255.0,0.0,0,371.33,0.0,1,9.52,6.97,SPY210219P00360000,360.0,0,0.0,0.0,,0.0,normalDay
2021-01-06,1915.0,308.0,0.0,0,373.55,0.0,1,9.52,6.44,SPY210219P00360000,360.0,0,0.0,0.0,,0.0,normalDay
2021-01-07,1915.0,512.0,0.0,0,379.1,0.0,1,9.52,4.4,SPY210219P00360000,360.0,0,0.0,0.0,,0.0,normalDay
2021-01-08,1915.0,569.0,0.0,0,381.26,0.0,1,9.52,3.83,SPY210219P00360000,360.0,0,0.0,0.0,,0.0,normalDay
2021-01-11,1915.0,485.0,0.0,0,378.69,0.0,1,9.52,4.67,SPY210219P00360000,360.0,0,0.0,0.0,,0.0,normalDay
2021-01-12,1915.0,515.0,0.0,0,378.77,0.0,1,9.52,4.37,SPY210219P00360000,360.0,0,0.0,0.0,,0.0,normalDay
2021-01-13,1915.0,580.0,0.0,0,379.79,0.0,1,9.52,3.72,SPY210219P00360000,360.0,0,0.0,0.0,,0.0,normalDay
2021-01-14,1915.0,543.0,0.0,0,378.46,0.0,1,9.52,4.09,SPY210219P00360000,360.0,0,0.0,0.0,,0.0,normalDay
2021-01-15,1915.0,458.0,0.0,0,375.7,0.0,1,9.52,4.94,SPY210219P00360000,360.0,0,0.0,0.0,,0.0,normalDay
2021-01-19,1915.0,585.0,0.0,0,378.65,0.0,1,9.52,3.67,SPY210219P00360000,360.0,0,0.0,0.0,,0.0,normalDay
2021-01-20,1915.0,700.0,0.0,0,383.89,0.0,1,9.52,2.52,SPY210219P00360000,360.0,0,0.0,0.0,,0.0,normalDay
2021-01-21,1915.0,718.0,0.0,0,384.24,0.0,1,9.52,2.34,SPY210219P00360000,360.0,0,0.0,0.0,,0.0,normalDay
2021-01-22,1915.0,707.0,0.0,0,382.88,0.0,1,9.52,2.45,SPY210219P00360000,360.0,0,0.0,0.0,,0.0,normalDay
2021-01-25,1915.0,728.0,0.0,0,384.39,0.0,1,9.52,2.24,SPY210219P00360000,360.0,0,0.0,0.0,,0.0,normalDay
2021-01-26,1915.0,743.0,0.0,0,383.79,0.0,1,9.52,2.09,SPY210219P00360000,360.0,0,0.0,0.0,,0.0,normalDay
2021-01-27,1915.0,364.0,0.0,0,374.41,0.0,1,9.52,5.88,SPY210219P00360000,360.0,0,0.0,0.0,,0.0,normalDay
2021-01-28,1915.0,541.0,0.0,0,377.63,0.0,1,9.52,4.11,SPY210219P00360000,360.0,0,0.0,0.0,,0.0,normalDay
2021-01-29,1915.0,250.0,0.0,0,370.07,0.0,1,9.52,7.02,SPY210219P00360000,360.0,0,0.0,0.0,,0.0,normalDay
2021-02-01,1915.0,567.0,0.0,0,376.23,0.0,1,9.52,3.85,SPY210219P00360000,360.0,0,0.0,0.0,,0.0,normalDay
2021-02-02,1915.0,770.0,0.0,0,381.55,0.0,1,9.52,1.82,SPY210219P00360000,360.0,0,0.0,0.0,,0.0,normalDay
2021-02-03,1915.0,822.0,0.0,0,381.85,0.0,1,9.52,1.3,SPY210219P00360000,360.0,0,0.0,0.0,,0.0,normalDay
2021-02-04,1915.0,875.0,0.0,0,386.19,0.0,1,9.52,0.77,SPY210219P00360000,360.0,0,0.0,0.0,,0.0,normalDay
2021-02-05,1915.0,905.0,0.0,0,387.71,0.0,1,9.52,0.47,SPY210219P00360000,360.0,0,0.0,0.0,,0.0,normalDay
2021-02-08,1915.0,923.0,0.0,0,390.51,0.0,1,9.52,0.29,SPY210219P00360000,360.0,0,0.0,0.0,,0.0,normalDay
2021-02-09,1915.0,925.0,0.0,0,390.25,0.0,1,9.52,0.27,SPY210219P00360000,360.0,0,0.0,0.0,,0.0,normalDay
2021-02-10,1915.0,924.0,0.0,0,390.08,0.0,1,9.52,0.28,SPY210219P00360000,360.0,0,0.0,0.0,,0.0,normalDay
2021-02-11,1915.0,932.0,0.0,0,390.71,0.0,1,9.52,0.2,SPY210219P00360000,360.0,0,0.0,0.0,,0.0,normalDay
2021-02-12,1915.0,943.0,0.0,0,392.64,0.0,1,9.52,0.09,SPY210219P00360000,360.0,0,0.0,0.0,,0.0,normalDay
2021-02-16,1915.0,943.0,0.0,0,392.3,0.0,1,9.52,0.09,SPY210219P00360000,360.0,0,0.0,0.0,,0.0,normalDay
2021-02-17,1915.0,947.0,0.0,0,392.39,0.0,1,9.52,0.05,SPY210219P00360000,360.0,0,0.0,0.0,,0.0,normalDay
2021-02-18,1915.0,950.0,0.0,0,390.72,0.0,1,9.52,0.02,SPY210219P00360000,360.0,0,0.0,0.0,,0.0,normalDay
2021-02-19,2867.0,0.0,952.0,0,390.03,0.0,1,9.52,0.0,SPY210219P00360000,360.0,0,0.0,0.0,,0.0,expirationDay
2021-02-22,2867.0,-6.0,0.0,0,387.03,0.0,1,7.39,7.45,SPY210416P00372000,372.0,0,0.0,0.0,,0.0,normalDay
2021-02-23,2867.0,39.0,0.0,0,387.5,0.0,1,7.39,7.0,SPY210416P00372000,372.0,0,0.0,0.0,,0.0,normalDay
2021-02-24,2867.0,191.0,0.0,0,391.77,0.0,1,7.39,5.48,SPY210416P00372000,372.0,0,0.0,0.0,,0.0,normalDay
2021-02-25,2867.0,-204.0,0.0,0,382.33,0.0,1,7.39,9.43,SPY210416P00372000,372.0,0,0.0,0.0,,0.0,normalDay
2021-02-26,2867.0,-223.0,0.0,0,380.36,0.0,1,7.39,9.62,SPY210416P00372000,372.0,0,0.0,0.0,,0.0,normalDay
2021-03-01,2867.0,157.0,0.0,0,389.58,0.0,1,7.39,5.82,SPY210416P00372000,372.0,0,0.0,0.0,,0.0,normalDay
2021-03-02,2867.0,66.0,0.0,0,386.54,0.0,1,7.39,6.73,SPY210416P00372000,372.0,0,0.0,0.0,,0.0,normalDay
2021-03-03,2867.0,-103.0,0.0,0,381.42,0.0,1,7.39,8.42,SPY210416P00372000,372.0,0,0.0,0.0,,0.0,normalDay
2021-03-04,2867.0,-292.0,0.0,0,376.7,0.0,1,7.39,10.31,SPY210416P00372000,372.0,0,0.0,0.0,,0.0,normalDay
2021-03-05,2867.0,29.0,0.0,0,383.63,0.0,1,7.39,7.1,SPY210416P00372000,372.0,0,0.0,0.0,,0.0,normalDay
2021-03-08,2867.0,-11.0,0.0,0,381.72,0.0,1,7.39,7.5,SPY210416P00372000,372.0,0,0.0,0.0,,0.0,normalDay
2021-03-09,2867.0,175.0,0.0,0,387.17,0.0,1,7.39,5.64,SPY210416P00372000,372.0,0,0.0,0.0,,0.0,normalDay
2021-03-10,2867.0,282.0,0.0,0,389.58,0.0,1,7.39,4.57,SPY210416P00372000,372.0,0,0.0,0.0,,0.0,normalDay
2021-03-11,2867.0,366.0,0.0,0,393.53,0.0,1,7.39,3.73,SPY210416P00372000,372.0,0,0.0,0.0,,0.0,normalDay
2021-03-12,2867.0,426.0,0.0,0,394.06,0.0,1,7.39,3.13,SPY210416P00372000,372.0,0,0.0,0.0,,0.0,normalDay
2021-03-15,2867.0,497.0,0.0,0,396.41,0.0,1,7.39,2.42,SPY210416P00372000,372.0,0,0.0,0.0,,0.0,normalDay
2021-03-16,2867.0,497.0,0.0,0,395.91,0.0,1,7.39,2.42,SPY210416P00372000,372.0,0,0.0,0.0,,0.0,normalDay
2021-03-17,2867.0,537.0,0.0,0,397.26,0.0,1,7.39,2.02,SPY210416P00372000,372.0,0,0.0,0.0,,0.0,normalDay
2021-03-18,2867.0,451.0,0.0,0,391.48,0.0,1,7.39,2.88,SPY210416P00372000,372.0,0,0.0,0.0,,0.0,normalDay
2021-03-19,2867.0,444.0,0.0,0,389.48,0.0,1,7.39,2.95,SPY210416P00372000,372.0,0,0.0,0.0,,0.0,normalDay
2021-03-22,2867.0,561.0,0.0,0,392.59,0.0,1,7.39,1.78,SPY210416P00372000,372.0,0,0.0,0.0,,0.0,normalDay
2021-03-23,2867.0,501.0,0.0,0,389.5,0.0,1,7.39,2.38,SPY210416P00372000,372.0,0,0.0,0.0,,0.0,normalDay
2021-03-24,2867.0,470.0,0.0,0,387.52,0.0,1,7.39,2.69,SPY210416P00372000,372.0,0,0.0,0.0,,0.0,normalDay
2021-03-25,2867.0,538.0,0.0,0,389.7,0.0,1,7.39,2.01,SPY210416P00372000,372.0,0,0.0,0.0,,0.0,normalDay
2021-03-26,2867.0,612.0,0.0,0,395.98,0.0,1,7.39,1.27,SPY210416P00372000,372.0,0,0.0,0.0,,0.0,normalDay
2021-03-29,2867.0,602.0,0.0,0,395.78,0.0,1,7.39,1.37,SPY210416P00372000,372.0,0,0.0,0.0,,0.0,normalDay
2021-03-30,2867.0,623.0,0.0,0,394.73,0.0,1,7.39,1.16,SPY210416P00372000,372.0,0,0.0,0.0,,0.0,normalDay
2021-03-31,2867.0,655.0,0.0,0,396.33,0.0,1,7.39,0.84,SPY210416P00372000,372.0,0,0.0,0.0,,0.0,normalDay
2021-04-01,2867.0,699.0,0.0,0,400.61,0.0,1,7.39,0.4,SPY210416P00372000,372.0,0,0.0,0.0,,0.0,normalDay
2021-04-05,2867.0,716.0,0.0,0,406.36,0.0,1,7.39,0.23,SPY210416P00372000,372.0,0,0.0,0.0,,0.0,normalDay
2021-04-06,2867.0,717.0,0.0,0,406.12,0.0,1,7.39,0.22,SPY210416P00372000,372.0,0,0.0,0.0,,0.0,normalDay
2021-04-07,2867.0,727.0,0.0,0,406.59,0.0,1,7.39,0.12,SPY210416P00372000,372.0,0,0.0,0.0,,0.0,normalDay
2021-04-08,2867.0,729.0,0.0,0,408.52,0.0,1,7.39,0.1,SPY210416P00372000,372.0,0,0.0,0.0,,0.0,normalDay
2021-04-09,2867.0,734.0,0.0,0,411.49,0.0,1,7.39,0.05,SPY210416P00372000,372.0,0,0.0,0.0,,0.0,normalDay
2021-04-12,2867.0,736.0,0.0,0,411.64,0.0,1,7.39,0.03,SPY210416P00372000,372.0,0,0.0,0.0,,0.0,normalDay
2021-04-13,2867.0,737.0,0.0,0,412.86,0.0,1,7.39,0.02,SPY210416P00372000,372.0,0,0.0,0.0,,0.0,normalDay
2021-04-14,2867.0,737.0,0.0,0,411.45,0.0,1,7.39,0.02,SPY210416P00372000,372.0,0,0.0,0.0,,0.0,normalDay
2021-04-15,2867.0,738.0,0.0,0,415.87,0.0,1,7.39,0.01,SPY210416P00372000,372.0,0,0.0,0.0,,0.0,normalDay
2021-04-16,3606.0,0.0,739.0,0,417.26,0.0,1,7.39,0.0,SPY210416P00372000,372.0,0,0.0,0.0,,0.0,expirationDay
2021-04-19,3606.0,-5.0,0.0,0,415.21,0.0,1,4.6,4.65,SPY210630P00384000,384.0,0,0.0,0.0,,0.0,normalDay
2021-04-20,3606.0,-87.0,0.0,0,412.17,0.0,1,4.6,5.47,SPY210630P00384000,384.0,0,0.0,0.0,,0.0,normalDay
2021-04-21,3606.0,15.0,0.0,0,416.07,0.0,1,4.6,4.45,SPY210630P00384000,384.0,0,0.0,0.0,,0.0,normalDay
2021-04-22,3606.0,-81.0,0.0,0,412.27,0.0,1,4.6,5.41,SPY210630P00384000,384.0,0,0.0,0.0,,0.0,normalDay
2021-04-23,3606.0,35.0,0.0,0,416.74,0.0,1,4.6,4.25,SPY210630P00384000,384.0,0,0.0,0.0,,0.0,normalDay
2021-04-26,3606.0,65.0,0.0,0,417.61,0.0,1,4.6,3.95,SPY210630P00384000,384.0,0,0.0,0.0,,0.0,normalDay
2021-04-27,3606.0,75.0,0.0,0,417.52,0.0,1,4.6,3.85,SPY210630P00384000,384.0,0,0.0,0.0,,0.0,normalDay
2021-04-28,3606.0,96.0,0.0,0,417.4,0.0,1,4.6,3.64,SPY210630P00384000,384.0,0,0.0,0.0,,0.0,normalDay
2021-04-29,3606.0,113.0,0.0,0,420.06,0.0,1,4.6,3.47,SPY210630P00384000,384.0,0,0.0,0.0,,0.0,normalDay
2021-04-30,3606.0,69.0,0.0,0,417.3,0.0,1,4.6,3.91,SPY210630P00384000,384.0,0,0.0,0.0,,0.0,normalDay
2021-05-03,3606.0,107.0,0.0,0,418.2,0.0,1,4.6,3.53,SPY210630P00384000,384.0,0,0.0,0.0,,0.0,normalDay
2021-05-04,3606.0,47.0,0.0,0,415.62,0.0,1,4.6,4.13,SPY210630P00384000,384.0,0,0.0,0.0,,0.0,normalDay
2021-05-05,3606.0,66.0,0.0,0,415.75,0.0,1,4.6,3.94,SPY210630P00384000,384.0,0,0.0,0.0,,0.0,normalDay
2021-05-06,3606.0,133.0,0.0,0,419.07,0.0,1,4.6,3.27,SPY210630P00384000,384.0,0,0.0,0.0,,0.0,normalDay
2021-05-07,3606.0,198.0,0.0,0,422.12,0.0,1,4.6,2.62,SPY210630P00384000,384.0,0,0.0,0.0,,0.0,normalDay
2021-05-10,3606.0,122.0,0.0,0,417.94,0.0,1,4.6,3.38,SPY210630P00384000,384.0,0,0.0,0.0,,0.0,normalDay
2021-05-11,3606.0,36.0,0.0,0,414.21,0.0,1,4.6,4.24,SPY210630P00384000,384.0,0,0.0,0.0,,0.0,normalDay
2021-05-12,3606.0,-266.0,0.0,0,405.41,0.0,1,4.6,7.26,SPY210630P00384000,384.0,0,0.0,0.0,,0.0,normalDay
2021-05-13,3606.0,-53.0,0.0,0,410.28,0.0,1,4.6,5.13,SPY210630P00384000,384.0,0,0.0,0.0,,0.0,normalDay
2021-05-14,3606.0,159.0,0.0,0,416.58,0.0,1,4.6,3.01,SPY210630P00384000,384.0,0,0.0,0.0,,0.0,normalDay
2021-05-17,3606.0,141.0,0.0,0,415.52,0.0,1,4.6,3.19,SPY210630P00384000,384.0,0,0.0,0.0,,0.0,normalDay
2021-05-18,3606.0,70.0,0.0,0,411.94,0.0,1,4.6,3.9,SPY210630P00384000,384.0,0,0.0,0.0,,0.0,normalDay
2021-05-19,3606.0,46.0,0.0,0,410.86,0.0,1,4.6,4.14,SPY210630P00384000,384.0,0,0.0,0.0,,0.0,normalDay
2021-05-20,3606.0,143.0,0.0,0,415.28,0.0,1,4.6,3.17,SPY210630P00384000,384.0,0,0.0,0.0,,0.0,normalDay
2021-05-21,3606.0,164.0,0.0,0,414.94,0.0,1,4.6,2.96,SPY210630P00384000,384.0,0,0.0,0.0,,0.0,normalDay
2021-05-24,3606.0,260.0,0.0,0,419.17,0.0,1,4.6,2.0,SPY210630P00384000,384.0,0,0.0,0.0,,0.0,normalDay
2021-05-25,3606.0,258.0,0.0,0,418.24,0.0,1,4.6,2.02,SPY210630P00384000,384.0,0,0.0,0.0,,0.0,normalDay
2021-05-26,3606.0,302.0,0.0,0,419.07,0.0,1,4.6,1.58,SPY210630P00384000,384.0,0,0.0,0.0,,0.0,normalDay
2021-05-27,3606.0,326.0,0.0,0,419.29,0.0,1,4.6,1.34,SPY210630P00384000,384.0,0,0.0,0.0,,0.0,normalDay
2021-05-28,3606.0,330.0,0.0,0,420.04,0.0,1,4.6,1.3,SPY210630P00384000,384.0,0,0.0,0.0,,0.0,normalDay
2021-06-01,3606.0,330.0,0.0,0,419.67,0.0,1,4.6,1.3,SPY210630P00384000,384.0,0,0.0,0.0,,0.0,normalDay
2021-06-02,3606.0,348.0,0.0,0,420.33,0.0,1,4.6,1.12,SPY210630P00384000,384.0,0,0.0,0.0,,0.0,normalDay
2021-06-03,3606.0,337.0,0.0,0,418.77,0.0,1,4.6,1.23,SPY210630P00384000,384.0,0,0.0,0.0,,0.0,normalDay
2021-06-04,3606.0,377.0,0.0,0,422.6,0.0,1,4.6,0.83,SPY210630P00384000,384.0,0,0.0,0.0,,0.0,normalDay
2021-06-07,3606.0,390.0,0.0,0,422.19,0.0,1,4.6,0.7,SPY210630P00384000,384.0,0,0.0,0.0,,0.0,normalDay
2021-06-08,3606.0,385.0,0.0,0,422.28,0.0,1,4.6,0.75,SPY210630P00384000,384.0,0,0.0,0.0,,0.0,normalDay
2021-06-09,3606.0,376.0,0.0,0,421.65,0.0,1,4.6,0.84,SPY210630P00384000,384.0,0,0.0,0.0,,0.0,normalDay
2021-06-10,3606.0,405.0,0.0,0,423.61,0.0,1,4.6,0.55,SPY210630P00384000,384.0,0,0.0,0.0,,0.0,normalDay
2021-06-11,3606.0,413.0,0.0,0,424.31,0.0,1,4.6,0.47,SPY210630P00384000,384.0,0,0.0,0.0,,0.0,normalDay
2021-06-14,3606.0,421.0,0.0,0,425.26,0.0,1,4.6,0.39,SPY210630P00384000,384.0,0,0.0,0.0,,0.0,normalDay
2021-06-15,3606.0,418.0,0.0,0,424.48,0.0,1,4.6,0.42,SPY210630P00384000,384.0,0,0.0,0.0,,0.0,normalDay
2021-06-16,3606.0,409.0,0.0,0,422.11,0.0,1,4.6,0.51,SPY210630P00384000,384.0,0,0.0,0.0,,0.0,normalDay
2021-06-17,3606.0,419.0,0.0,0,421.97,0.0,1,4.6,0.41,SPY210630P00384000,384.0,0,0.0,0.0,,0.0,normalDay
2021-06-18,3606.0,388.0,0.0,0,414.92,0.0,1,4.6,0.72,SPY210630P00384000,384.0,0,0.0,0.0,,0.0,normalDay
2021-06-21,3606.0,435.0,0.0,0,420.86,0.0,1,4.6,0.25,SPY210630P00384000,384.0,0,0.0,0.0,,0.0,normalDay
2021-06-22,3606.0,445.0,0.0,0,423.11,0.0,1,4.6,0.15,SPY210630P00384000,384.0,0,0.0,0.0,,0.0,normalDay
2021-06-23,3606.0,452.0,0.0,0,422.6,0.0,1,4.6,0.08,SPY210630P00384000,384.0,0,0.0,0.0,,0.0,normalDay
2021-06-24,3606.0,454.0,0.0,0,425.1,0.0,1,4.6,0.06,SPY210630P00384000,384.0,0,0.0,0.0,,0.0,normalDay
2021-06-25,3606.0,455.0,0.0,0,426.61,0.0,1,4.6,0.05,SPY210630P00384000,384.0,0,0.0,0.0,,0.0,normalDay
2021-06-28,3606.0,458.0,0.0,0,427.47,0.0,1,4.6,0.02,SPY210630P00384000,384.0,0,0.0,0.0,,0.0,normalDay
2021-06-29,3606.0,459.0,0.0,0,427.7,0.0,1,4.6,0.01,SPY210630P00384000,384.0,0,0.0,0.0,,0.0,normalDay
2021-06-30,4066.0,0.0,460.0,0,428.06,0.0,1,4.6,0.0,SPY210630P00384000,384.0,0,0.0,0.0,,0.0,expirationDay
2021-07-01,4066.0,-4.0,0.0,0,430.43,0.0,1,7.32,7.36,SPY210917P00417000,417.0,0,0.0,0.0,,0.0,normalDay
2021-07-02,4066.0,76.0,0.0,0,433.72,0.0,1,7.32,6.56,SPY210917P00417000,417.0,0,0.0,0.0,,0.0,normalDay
2021-07-06,4066.0,41.0,0.0,0,432.93,0.0,1,7.32,6.91,SPY210917P00417000,417.0,0,0.0,0.0,,0.0,normalDay
2021-07-07,4066.0,68.0,0.0,0,434.46,0.0,1,7.32,6.64,SPY210917P00417000,417.0,0,0.0,0.0,,0.0,normalDay
2021-07-08,4066.0,-79.0,0.0,0,430.92,0.0,1,7.32,8.11,SPY210917P00417000,417.0,0,0.0,0.0,,0.0,normalDay
2021-07-09,4066.0,114.0,0.0,0,435.52,0.0,1,7.32,6.18,SPY210917P00417000,417.0,0,0.0,0.0,,0.0,normalDay
2021-07-12,4066.0,160.0,0.0,0,437.08,0.0,1,7.32,5.72,SPY210917P00417000,417.0,0,0.0,0.0,,0.0,normalDay
2021-07-13,4066.0,93.0,0.0,0,435.59,0.0,1,7.32,6.39,SPY210917P00417000,417.0,0,0.0,0.0,,0.0,normalDay
2021-07-14,4066.0,140.0,0.0,0,436.24,0.0,1,7.32,5.92,SPY210917P00417000,417.0,0,0.0,0.0,,0.0,normalDay
2021-07-15,4066.0,87.0,0.0,0,434.75,0.0,1,7.32,6.45,SPY210917P00417000,417.0,0,0.0,0.0,,0.0,normalDay
2021-07-16,4066.0,-19.0,0.0,0,431.34,0.0,1,7.32,7.51,SPY210917P00417000,417.0,0,0.0,0.0,,0.0,normalDay
2021-07-19,4066.0,-291.0,0.0,0,424.97,0.0,1,7.32,10.23,SPY210917P00417000,417.0,0,0.0,0.0,,0.0,normalDay
2021-07-20,4066.0,-28.0,0.0,0,431.06,0.0,1,7.32,7.6,SPY210917P00417000,417.0,0,0.0,0.0,,0.0,normalDay
2021-07-21,4066.0,127.0,0.0,0,434.55,0.0,1,7.32,6.05,SPY210917P00417000,417.0,0,0.0,0.0,,0.0,normalDay
2021-07-22,4066.0,151.0,0.0,0,435.46,0.0,1,7.32,5.81,SPY210917P00417000,417.0,0,0.0,0.0,,0.0,normalDay
2021-07-23,4066.0,243.0,0.0,0,439.94,0.0,1,7.32,4.89,SPY210917P00417000,417.0,0,0.0,0.0,,0.0,normalDay
2021-07-26,4066.0,282.0,0.0,0,441.02,0.0,1,7.32,4.5,SPY210917P00417000,417.0,0,0.0,0.0,,0.0,normalDay
2021-07-27,4066.0,199.0,0.0,0,439.01,0.0,1,7.32,5.33,SPY210917P00417000,417.0,0,0.0,0.0,,0.0,normalDay
2021-07-28,4066.0,238.0,0.0,0,438.83,0.0,1,7.32,4.94,SPY210917P00417000,417.0,0,0.0,0.0,,0.0,normalDay
2021-07-29,4066.0,306.0,0.0,0,440.65,0.0,1,7.32,4.26,SPY210917P00417000,417.0,0,0.0,0.0,,0.0,normalDay
2021-07-30,4066.0,276.0,0.0,0,438.51,0.0,1,7.32,4.56,SPY210917P00417000,417.0,0,0.0,0.0,,0.0,normalDay
2021-08-02,4066.0,238.0,0.0,0,437.59,0.0,1,7.32,4.94,SPY210917P00417000,417.0,0,0.0,0.0,,0.0,normalDay
2021-08-03,4066.0,343.0,0.0,0,441.15,0.0,1,7.32,3.89,SPY210917P00417000,417.0,0,0.0,0.0,,0.0,normalDay
2021-08-04,4066.0,325.0,0.0,0,438.98,0.0,1,7.32,4.07,SPY210917P00417000,417.0,0,0.0,0.0,,0.0,normalDay
2021-08-05,4066.0,387.0,0.0,0,441.76,0.0,1,7.32,3.45,SPY210917P00417000,417.0,0,0.0,0.0,,0.0,normalDay
2021-08-06,4066.0,433.0,0.0,0,442.49,0.0,1,7.32,2.99,SPY210917P00417000,417.0,0,0.0,0.0,,0.0,normalDay
2021-08-09,4066.0,443.0,0.0,0,442.13,0.0,1,7.32,2.89,SPY210917P00417000,417.0,0,0.0,0.0,,0.0,normalDay
2021-08-10,4066.0,450.0,0.0,0,442.68,0.0,1,7.32,2.82,SPY210917P00417000,417.0,0,0.0,0.0,,0.0,normalDay
2021-08-11,4066.0,485.0,0.0,0,443.78,0.0,1,7.32,2.47,SPY210917P00417000,417.0,0,0.0,0.0,,0.0,normalDay
2021-08-12,4066.0,517.0,0.0,0,445.11,0.0,1,7.32,2.15,SPY210917P00417000,417.0,0,0.0,0.0,,0.0,normalDay
2021-08-13,4066.0,537.0,0.0,0,445.92,0.0,1,7.32,1.95,SPY210917P00417000,417.0,0,0.0,0.0,,0.0,normalDay
2021-08-16,4066.0,552.0,0.0,0,446.97,0.0,1,7.32,1.8,SPY210917P00417000,417.0,0,0.0,0.0,,0.0,normalDay
2021-08-17,4066.0,488.0,0.0,0,444.04,0.0,1,7.32,2.44,SPY210917P00417000,417.0,0,0.0,0.0,,0.0,normalDay
2021-08-18,4066.0,357.0,0.0,0,439.18,0.0,1,7.32,3.75,SPY210917P00417000,417.0,0,0.0,0.0,,0.0,normalDay
2021-08-19,4066.0,373.0,0.0,0,439.86,0.0,1,7.32,3.59,SPY210917P00417000,417.0,0,0.0,0.0,,0.0,normalDay
2021-08-20,4066.0,503.0,0.0,0,443.36,0.0,1,7.32,2.29,SPY210917P00417000,417.0,0,0.0,0.0,,0.0,normalDay
2021-08-23,4066.0,595.0,0.0,0,447.26,0.0,1,7.32,1.37,SPY210917P00417000,417.0,0,0.0,0.0,,0.0,normalDay
2021-08-24,4066.0,604.0,0.0,0,447.97,0.0,1,7.32,1.28,SPY210917P00417000,417.0,0,0.0,0.0,,0.0,normalDay
2021-08-25,4066.0,624.0,0.0,0,448.91,0.0,1,7.32,1.08,SPY210917P00417000,417.0,0,0.0,0.0,,0.0,normalDay
2021-08-26,4066.0,580.0,0.0,0,446.26,0.0,1,7.32,1.52,SPY210917P00417000,417.0,0,0.0,0.0,,0.0,normalDay
2021-08-27,4066.0,647.0,0.0,0,450.25,0.0,1,7.32,0.85,SPY210917P00417000,417.0,0,0.0,0.0,,0.0,normalDay
2021-08-30,4066.0,673.0,0.0,0,452.23,0.0,1,7.32,0.59,SPY210917P00417000,417.0,0,0.0,0.0,,0.0,normalDay
2021-08-31,4066.0,669.0,0.0,0,451.56,0.0,1,7.32,0.63,SPY210917P00417000,417.0,0,0.0,0.0,,0.0,normalDay
2021-09-01,4066.0,681.0,0.0,0,451.8,0.0,1,7.32,0.51,SPY210917P00417000,417.0,0,0.0,0.0,,0.0,normalDay
2021-09-02,4066.0,680.0,0.0,0,453.19,0.0,1,7.32,0.52,SPY210917P00417000,417.0,0,0.0,0.0,,0.0,normalDay
2021-09-03,4066.0,689.0,0.0,0,453.08,0.0,1,7.32,0.43,SPY210917P00417000,417.0,0,0.0,0.0,,0.0,normalDay
2021-09-07,4066.0,692.0,0.0,0,451.46,0.0,1,7.32,0.4,SPY210917P00417000,417.0,0,0.0,0.0,,0.0,normalDay
2021-09-08,4066.0,699.0,0.0,0,450.91,0.0,1,7.32,0.33,SPY210917P00417000,417.0,0,0.0,0.0,,0.0,normalDay
2021-09-09,4066.0,695.0,0.0,0,448.98,0.0,1,7.32,0.37,SPY210917P00417000,417.0,0,0.0,0.0,,0.0,normalDay
2021-09-10,4066.0,656.0,0.0,0,445.44,0.0,1,7.32,0.76,SPY210917P00417000,417.0,0,0.0,0.0,,0.0,normalDay
2021-09-13,4066.0,700.0,0.0,0,446.58,0.0,1,7.32,0.32,SPY210917P00417000,417.0,0,0.0,0.0,,0.0,normalDay
2021-09-14,4066.0,711.0,0.0,0,444.17,0.0,1,7.32,0.21,SPY210917P00417000,417.0,0,0.0,0.0,,0.0,normalDay
2021-09-15,4066.0,723.0,0.0,0,447.88,0.0,1,7.32,0.09,SPY210917P00417000,417.0,0,0.0,0.0,,0.0,normalDay
2021-09-16,4066.0,727.0,0.0,0,447.17,0.0,1,7.32,0.05,SPY210917P00417000,417.0,0,0.0,0.0,,0.0,normalDay
2021-09-17,4798.0,0.0,732.0,0,441.4,0.0,1,7.32,0.0,SPY210917P00417000,417.0,0,0.0,0.0,,0.0,expirationDay
2021-09-20,4798.0,-8.0,0.0,0,434.04,0.0,1,15.62,15.7,SPY211119P00439000,439.0,0,0.0,0.0,,0.0,normalDay
2021-09-21,4798.0,10.0,0.0,0,433.63,0.0,1,15.62,15.52,SPY211119P00439000,439.0,0,0.0,0.0,,0.0,normalDay
2021-09-22,4798.0,335.0,0.0,0,437.86,0.0,1,15.62,12.27,SPY211119P00439000,439.0,0,0.0,0.0,,0.0,normalDay
2021-09-23,4798.0,621.0,0.0,0,443.18,0.0,1,15.62,9.41,SPY211119P00439000,439.0,0,0.0,0.0,,0.0,normalDay
2021-09-24,4798.0,691.0,0.0,0,443.91,0.0,1,15.62,8.71,SPY211119P00439000,439.0,0,0.0,0.0,,0.0,normalDay
2021-09-27,4798.0,642.0,0.0,0,442.64,0.0,1,15.62,9.2,SPY211119P00439000,439.0,0,0.0,0.0,,0.0,normalDay
2021-09-28,4798.0,166.0,0.0,0,433.72,0.0,1,15.62,13.96,SPY211119P00439000,439.0,0,0.0,0.0,,0.0,normalDay
2021-09-29,4798.0,224.0,0.0,0,434.45,0.0,1,15.62,13.38,SPY211119P00439000,439.0,0,0.0,0.0,,0.0,normalDay
2021-09-30,4798.0,-81.0,0.0,0,429.14,0.0,1,15.62,16.43,SPY211119P00439000,439.0,0,0.0,0.0,,0.0,normalDay
2021-10-01,4798.0,269.0,0.0,0,434.24,0.0,1,15.62,12.93,SPY211119P00439000,439.0,0,0.0,0.0,,0.0,normalDay
2021-10-04,4798.0,-54.0,0.0,0,428.64,0.0,1,15.62,16.16,SPY211119P00439000,439.0,0,0.0,0.0,,0.0,normalDay
2021-10-05,4798.0,241.0,0.0,0,433.1,0.0,1,15.62,13.21,SPY211119P00439000,439.0,0,0.0,0.0,,0.0,normalDay
2021-10-06,4798.0,329.0,0.0,0,434.9,0.0,1,15.62,12.33,SPY211119P00439000,439.0,0,0.0,0.0,,0.0,normalDay
2021-10-07,4798.0,583.0,0.0,0,438.66,0.0,1,15.62,9.79,SPY211119P00439000,439.0,0,0.0,0.0,,0.0,normalDay
2021-10-08,4798.0,554.0,0.0,0,437.86,0.0,1,15.62,10.08,SPY211119P00439000,439.0,0,0.0,0.0,,0.0,normalDay
2021-10-11,4798.0,418.0,0.0,0,434.69,0.0,1,15.62,11.44,SPY211119P00439000,439.0,0,0.0,0.0,,0.0,normalDay
2021-10-12,4798.0,366.0,0.0,0,433.62,0.0,1,15.62,11.96,SPY211119P00439000,439.0,0,0.0,0.0,,0.0,normalDay
2021-10-13,4798.0,551.0,0.0,0,435.18,0.0,1,15.62,10.11,SPY211119P00439000,439.0,0,0.0,0.0,,0.0,normalDay
2021-10-14,4798.0,932.0,0.0,0,442.5,0.0,1,15.62,6.3,SPY211119P00439000,439.0,0,0.0,0.0,,0.0,normalDay
2021-10-15,4798.0,1051.0,0.0,0,445.87,0.0,1,15.62,5.11,SPY211119P00439000,439.0,0,0.0,0.0,,0.0,normalDay
2021-10-18,4798.0,1115.0,0.0,0,447.19,0.0,1,15.62,4.47,SPY211119P00439000,439.0,0,0.0,0.0,,0.0,normalDay
2021-10-19,4798.0,1222.0,0.0,0,450.64,0.0,1,15.62,3.4,SPY211119P00439000,439.0,0,0.0,0.0,,0.0,normalDay
2021-10-20,4798.0,1253.0,0.0,0,452.41,0.0,1,15.62,3.09,SPY211119P00439000,439.0,0,0.0,0.0,,0.0,normalDay
2021-10-21,4798.0,1295.0,0.0,0,453.59,0.0,1,15.62,2.67,SPY211119P00439000,439.0,0,0.0,0.0,,0.0,normalDay
2021-10-22,4798.0,1277.0,0.0,0,453.12,0.0,1,15.62,2.85,SPY211119P00439000,439.0,0,0.0,0.0,,0.0,normalDay
2021-10-25,4798.0,1340.0,0.0,0,455.55,0.0,1,15.62,2.22,SPY211119P00439000,439.0,0,0.0,0.0,,0.0,normalDay
2021-10-26,4798.0,1341.0,0.0,0,455.96,0.0,1,15.62,2.21,SPY211119P00439000,439.0,0,0.0,0.0,,0.0,normalDay
2021-10-27,4798.0,1293.0,0.0,0,453.94,0.0,1,15.62,2.69,SPY211119P00439000,439.0,0,0.0,0.0,,0.0,normalDay
2021-10-28,4798.0,1369.0,0.0,0,458.32,0.0,1,15.62,1.93,SPY211119P00439000,439.0,0,0.0,0.0,,0.0,normalDay
2021-10-29,4798.0,1391.0,0.0,0,459.25,0.0,1,15.62,1.71,SPY211119P00439000,439.0,0,0.0,0.0,,0.0,normalDay
2021-11-01,4798.0,1426.0,0.0,0,460.04,0.0,1,15.62,1.36,SPY211119P00439000,439.0,0,0.0,0.0,,0.0,normalDay
2021-11-02,4798.0,1450.0,0.0,0,461.9,0.0,1,15.62,1.12,SPY211119P00439000,439.0,0,0.0,0.0,,0.0,normalDay
2021-11-03,4798.0,1493.0,0.0,0,464.72,0.0,1,15.62,0.69,SPY211119P00439000,439.0,0,0.0,0.0,,0.0,normalDay
2021-11-04,4798.0,1503.0,0.0,0,466.91,0.0,1,15.62,0.59,SPY211119P00439000,439.0,0,0.0,0.0,,0.0,normalDay
2021-11-05,4798.0,1510.0,0.0,0,468.53,0.0,1,15.62,0.52,SPY211119P00439000,439.0,0,0.0,0.0,,0.0,normalDay
2021-11-08,4798.0,1521.0,0.0,0,468.93,0.0,1,15.62,0.41,SPY211119P00439000,439.0,0,0.0,0.0,,0.0,normalDay
2021-11-09,4798.0,1521.0,0.0,0,467.38,0.0,1,15.62,0.41,SPY211119P00439000,439.0,0,0.0,0.0,,0.0,normalDay
2021-11-10,4798.0,1514.0,0.0,0,463.62,0.0,1,15.62,0.48,SPY211119P00439000,439.0,0,0.0,0.0,,0.0,normalDay
2021-11-11,4798.0,1536.0,0.0,0,463.77,0.0,1,15.62,0.26,SPY211119P00439000,439.0,0,0.0,0.0,,0.0,normalDay
2021-11-12,4798.0,1550.0,0.0,0,467.27,0.0,1,15.62,0.12,SPY211119P00439000,439.0,0,0.0,0.0,,0.0,normalDay
2021-11-15,4798.0,1557.0,0.0,0,467.43,0.0,1,15.62,0.05,SPY211119P00439000,439.0,0,0.0,0.0,,0.0,normalDay
2021-11-16,4798.0,1557.0,0.0,0,469.28,0.0,1,15.62,0.05,SPY211119P00439000,439.0,0,0.0,0.0,,0.0,normalDay
2021-11-17,4798.0,1559.0,0.0,0,468.14,0.0,1,15.62,0.03,SPY211119P00439000,439.0,0,0.0,0.0,,0.0,normalDay
2021-11-18,4798.0,1560.0,0.0,0,469.73,0.0,1,15.62,0.02,SPY211119P00439000,439.0,0,0.0,0.0,,0.0,normalDay
2021-11-19,6360.0,0.0,1562.0,0,468.89,0.0,1,15.62,0.0,SPY211119P00439000,439.0,0,0.0,0.0,,0.0,expirationDay
2021-11-22,6360.0,-5.0,0.0,0,467.57,0.0,1,8.4,8.45,SPY220121P00455000,455.0,0,0.0,0.0,,0.0,normalDay
2021-11-23,6360.0,24.0,0.0,0,468.19,0.0,1,8.4,8.16,SPY220121P00455000,455.0,0,0.0,0.0,,0.0,normalDay
2021-11-24,6360.0,100.0,0.0,0,469.44,0.0,1,8.4,7.4,SPY220121P00455000,455.0,0,0.0,0.0,,0.0,normalDay
2021-11-26,6360.0,-760.0,0.0,0,458.97,0.0,1,8.4,16.0,SPY220121P00455000,455.0,0,0.0,0.0,,0.0,normalDay
2021-11-29,6360.0,-131.0,0.0,0,464.6,0.0,1,8.4,9.71,SPY220121P00455000,455.0,0,0.0,0.0,,0.0,normalDay
2021-11-30,6360.0,-492.0,0.0,0,455.56,0.0,1,8.4,13.32,SPY220121P00455000,455.0,0,0.0,0.0,,0.0,normalDay
2021-12-01,6360.0,-995.0,0.0,0,450.5,0.0,1,8.4,18.35,SPY220121P00455000,455.0,0,0.0,0.0,,0.0,normalDay
2021-12-02,6360.0,-522.0,0.0,0,457.4,0.0,1,8.4,13.62,SPY220121P00455000,455.0,0,0.0,0.0,,0.0,normalDay
2021-12-03,6360.0,-744.0,0.0,0,453.42,0.0,1,8.4,15.84,SPY220121P00455000,455.0,0,0.0,0.0,,0.0,normalDay
2021-12-06,6360.0,-386.0,0.0,0,458.79,0.0,1,8.4,12.26,SPY220121P00455000,455.0,0,0.0,0.0,,0.0,normalDay
2021-12-07,6360.0,81.0,0.0,0,468.28,0.0,1,8.4,7.59,SPY220121P00455000,455.0,0,0.0,0.0,,0.0,normalDay
2021-12-08,6360.0,187.0,0.0,0,469.52,0.0,1,8.4,6.53,SPY220121P00455000,455.0,0,0.0,0.0,,0.0,normalDay
2021-12-09,6360.0,80.0,0.0,0,466.35,0.0,1,8.4,7.6,SPY220121P00455000,455.0,0,0.0,0.0,,0.0,normalDay
2021-12-10,6360.0,279.0,0.0,0,470.74,0.0,1,8.4,5.61,SPY220121P00455000,455.0,0,0.0,0.0,,0.0,normalDay
2021-12-13,6360.0,152.0,0.0,0,466.57,0.0,1,8.4,6.88,SPY220121P00455000,455.0,0,0.0,0.0,,0.0,normalDay
2021-12-14,6360.0,17.0,0.0,0,463.36,0.0,1,8.4,8.23,SPY220121P00455000,455.0,0,0.0,0.0,,0.0,normalDay
2021-12-15,6360.0,320.0,0.0,0,470.6,0.0,1,8.4,5.2,SPY220121P00455000,455.0,0,0.0,0.0,,0.0,normalDay
2021-12-16,6360.0,204.0,0.0,0,466.45,0.0,1,8.4,6.36,SPY220121P00455000,455.0,0,0.0,0.0,,0.0,normalDay
2021-12-17,6360.0,16.0,0.0,0,459.87,0.0,1,8.4,8.24,SPY220121P00455000,455.0,0,0.0,0.0,,0.0,normalDay
2021-12-20,6360.0,-174.0,0.0,0,454.98,0.0,1,8.4,10.14,SPY220121P00455000,455.0,0,0.0,0.0,,0.0,normalDay
2021-12-21,6360.0,168.0,0.0,0,463.06,0.0,1,8.4,6.72,SPY220121P00455000,455.0,0,0.0,0.0,,0.0,normalDay
2021-12-22,6360.0,389.0,0.0,0,467.69,0.0,1,8.4,4.51,SPY220121P00455000,455.0,0,0.0,0.0,,0.0,normalDay
2021-12-23,6360.0,495.0,0.0,0,470.6,0.0,1,8.4,3.45,SPY220121P00455000,455.0,0,0.0,0.0,,0.0,normalDay
2021-12-27,6360.0,638.0,0.0,0,477.26,0.0,1,8.4,2.02,SPY220121P00455000,455.0,0,0.0,0.0,,0.0,normalDay
2021-12-28,6360.0,653.0,0.0,0,476.87,0.0,1,8.4,1.87,SPY220121P00455000,455.0,0,0.0,0.0,,0.0,normalDay
2021-12-29,6360.0,686.0,0.0,0,477.48,0.0,1,8.4,1.54,SPY220121P00455000,455.0,0,0.0,0.0,,0.0,normalDay
2021-12-30,6360.0,668.0,0.0,0,476.16,0.0,1,8.4,1.72,SPY220121P00455000,455.0,0,0.0,0.0,,0.0,normalDay
2021-12-31,6360.0,676.0,0.0,0,474.96,0.0,1,8.4,1.64,SPY220121P00455000,455.0,0,0.0,0.0,,0.0,normalDay
2022-01-03,6360.0,736.0,0.0,0,477.71,0.0,1,8.4,1.04,SPY220121P00455000,455.0,0,0.0,0.0,,0.0,normalDay
2022-01-04,6360.0,737.0,0.0,0,477.55,0.0,1,8.4,1.03,SPY220121P00455000,455.0,0,0.0,0.0,,0.0,normalDay
2022-01-05,6360.0,570.0,0.0,0,468.38,0.0,1,8.4,2.7,SPY220121P00455000,455.0,0,0.0,0.0,,0.0,normalDay
2022-01-06,6360.0,591.0,0.0,0,467.94,0.0,1,8.4,2.49,SPY220121P00455000,455.0,0,0.0,0.0,,0.0,normalDay
2022-01-07,6360.0,624.0,0.0,0,466.09,0.0,1,8.4,2.16,SPY220121P00455000,455.0,0,0.0,0.0,,0.0,normalDay
2022-01-10,6360.0,617.0,0.0,0,465.51,0.0,1,8.4,2.23,SPY220121P00455000,455.0,0,0.0,0.0,,0.0,normalDay
2022-01-11,6360.0,709.0,0.0,0,469.75,0.0,1,8.4,1.31,SPY220121P00455000,455.0,0,0.0,0.0,,0.0,normalDay
2022-01-12,6360.0,765.0,0.0,0,471.02,0.0,1,8.4,0.75,SPY220121P00455000,455.0,0,0.0,0.0,,0.0,normalDay
2022-01-13,6360.0,636.0,0.0,0,464.53,0.0,1,8.4,2.04,SPY220121P00455000,455.0,0,0.0,0.0,,0.0,normalDay
2022-01-14,6360.0,706.0,0.0,0,464.72,0.0,1,8.4,1.34,SPY220121P00455000,455.0,0,0.0,0.0,,0.0,normalDay
2022-01-18,6360.0,491.0,0.0,0,456.49,0.0,1,8.4,3.49,SPY220121P00455000,455.0,0,0.0,0.0,,0.0,normalDay
2022-01-19,6360.0,359.0,0.0,0,451.75,0.0,1,8.4,4.81,SPY220121P00455000,455.0,0,0.0,0.0,,0.0,normalDay
2022-01-20,6360.0,-60.0,0.0,0,446.75,0.0,1,8.4,9.0,SPY220121P00455000,455.0,0,0.0,0.0,,0.0,normalDay
2022-01-21,7200.0,-1702.0,840.0,100,437.98,455.0,1,8.4,0.0,SPY220121P00455000,455.0,0,0.0,0.0,,0.0,expirationDay
2022-01-24,7200.0,-1520.0,0.0,100,439.84,455.0,0,0.0,0.0,,0.0,1,0.47,0.51,SPY220211C00472000,472.0,normalDay
2022-01-25,7200.0,-2031.0,0.0,100,434.47,455.0,0,0.0,0.0,,0.0,1,0.47,0.25,SPY220211C00472000,472.0,normalDay
2022-01-26,7200.0,-2140.0,0.0,100,433.38,455.0,0,0.0,0.0,,0.0,1,0.47,0.25,SPY220211C00472000,472.0,normalDay
2022-01-27,7200.0,-2347.0,0.0,100,431.24,455.0,0,0.0,0.0,,0.0,1,0.47,0.18,SPY220211C00472000,472.0,normalDay
2022-01-28,7200.0,-1291.0,0.0,100,441.95,455.0,0,0.0,0.0,,0.0,1,0.47,0.33,SPY220211C00472000,472.0,normalDay
2022-01-31,7200.0,-499.0,0.0,100,449.91,455.0,0,0.0,0.0,,0.0,1,0.47,0.37,SPY220211C00472000,472.0,normalDay
2022-02-01,7200.0,-187.0,0.0,100,452.95,455.0,0,0.0,0.0,,0.0,1,0.47,0.29,SPY220211C00472000,472.0,normalDay
2022-02-02,7200.0,252.0,0.0,100,457.35,455.0,0,0.0,0.0,,0.0,1,0.47,0.3,SPY220211C00472000,472.0,normalDay
2022-02-03,7200.0,-811.0,0.0,100,446.6,455.0,0,0.0,0.0,,0.0,1,0.47,0.18,SPY220211C00472000,472.0,normalDay
2022-02-04,7200.0,-587.0,0.0,100,448.7,455.0,0,0.0,0.0,,0.0,1,0.47,0.04,SPY220211C00472000,472.0,normalDay
2022-02-07,7200.0,-729.0,0.0,100,447.26,455.0,0,0.0,0.0,,0.0,1,0.47,0.02,SPY220211C00472000,472.0,normalDay
2022-02-08,7200.0,-361.0,0.0,100,450.94,455.0,0,0.0,0.0,,0.0,1,0.47,0.02,SPY220211C00472000,472.0,normalDay
2022-02-09,7200.0,296.0,0.0,100,457.54,455.0,0,0.0,0.0,,0.0,1,0.47,0.05,SPY220211C00472000,472.0,normalDay
2022-02-10,7200.0,-522.0,0.0,100,449.32,455.0,0,0.0,0.0,,0.0,1,0.47,0.01,SPY220211C00472000,472.0,normalDay
2022-02-11,7247.0,-1454.0,47.0,100,440.46,455.0,0,0.0,0.0,,0.0,1,0.47,0.0,SPY220211C00472000,472.0,expirationDay
2022-02-14,7247.0,-1602.0,0.0,100,439.02,455.0,0,0.0,0.0,,0.0,1,3.97,4.01,SPY220304C00450000,450.0,normalDay
2022-02-15,7247.0,-1036.0,0.0,100,446.1,455.0,0,0.0,0.0,,0.0,1,3.97,5.43,SPY220304C00450000,450.0,normalDay
2022-02-16,7247.0,-958.0,0.0,100,446.6,455.0,0,0.0,0.0,,0.0,1,3.97,5.15,SPY220304C00450000,450.0,normalDay
2022-02-17,7247.0,-1646.0,0.0,100,437.06,455.0,0,0.0,0.0,,0.0,1,3.97,2.49,SPY220304C00450000,450.0,normalDay
2022-02-18,7247.0,-1851.0,0.0,100,434.23,455.0,0,0.0,0.0,,0.0,1,3.97,1.71,SPY220304C00450000,450.0,normalDay
2022-02-22,7247.0,-2224.0,0.0,100,429.57,455.0,0,0.0,0.0,,0.0,1,3.97,0.78,SPY220304C00450000,450.0,normalDay
2022-02-23,7247.0,-2930.0,0.0,100,421.95,455.0,0,0.0,0.0,,0.0,1,3.97,0.22,SPY220304C00450000,450.0,normalDay
2022-02-24,7247.0,-2298.0,0.0,100,428.3,455.0,0,0.0,0.0,,0.0,1,3.97,0.25,SPY220304C00450000,450.0,normalDay
2022-02-25,7247.0,-1414.0,0.0,100,437.75,455.0,0,0.0,0.0,,0.0,1,3.97,0.86,SPY220304C00450000,450.0,normalDay
2022-02-28,7247.0,-1508.0,0.0,100,436.63,455.0,0,0.0,0.0,,0.0,1,3.97,0.68,SPY220304C00450000,450.0,normalDay
2022-03-01,7247.0,-2126.0,0.0,100,429.98,455.0,0,0.0,0.0,,0.0,1,3.97,0.21,SPY220304C00450000,450.0,normalDay
2022-03-02,7247.0,-1336.0,0.0,100,437.89,455.0,0,0.0,0.0,,0.0,1,3.97,0.22,SPY220304C00450000,450.0,normalDay
2022-03-03,7247.0,-1535.0,0.0,100,435.71,455.0,0,0.0,0.0,,0.0,1,3.97,0.03,SPY220304C00450000,450.0,normalDay
2022-03-04,7644.0,-2283.0,397.0,100,432.17,455.0,0,0.0,0.0,,0.0,1,3.97,0.0,SPY220304C00450000,450.0,expirationDay
2022-03-07,7644.0,-3562.0,0.0,100,419.43,455.0,0,0.0,0.0,,0.0,1,1.83,1.88,SPY220325C00443000,443.0,normalDay
2022-03-08,7644.0,-3807.0,0.0,100,416.25,455.0,0,0.0,0.0,,0.0,1,1.83,1.15,SPY220325C00443000,443.0,normalDay
2022-03-09,7644.0,-2858.0,0.0,100,427.41,455.0,0,0.0,0.0,,0.0,1,1.83,2.82,SPY220325C00443000,443.0,normalDay
2022-03-10,7644.0,-2940.0,0.0,100,425.48,455.0,0,0.0,0.0,,0.0,1,1.83,1.71,SPY220325C00443000,443.0,normalDay
2022-03-11,7644.0,-3405.0,0.0,100,420.07,455.0,0,0.0,0.0,,0.0,1,1.83,0.95,SPY220325C00443000,443.0,normalDay
2022-03-14,7644.0,-3678.0,0.0,100,417.0,455.0,0,0.0,0.0,,0.0,1,1.83,0.61,SPY220325C00443000,443.0,normalDay
2022-03-15,7644.0,-2815.0,0.0,100,426.17,455.0,0,0.0,0.0,,0.0,1,1.83,1.15,SPY220325C00443000,443.0,normalDay
2022-03-16,7644.0,-1986.0,0.0,100,435.62,455.0,0,0.0,0.0,,0.0,1,1.83,2.31,SPY220325C00443000,443.0,normalDay
2022-03-17,7644.0,-1559.0,0.0,100,441.07,455.0,0,0.0,0.0,,0.0,1,1.83,3.49,SPY220325C00443000,443.0,normalDay
2022-03-18,7644.0,-1458.0,0.0,100,444.52,455.0,0,0.0,0.0,,0.0,1,1.83,5.93,SPY220325C00443000,443.0,normalDay
2022-03-21,7644.0,-1369.0,0.0,100,444.39,455.0,0,0.0,0.0,,0.0,1,1.83,4.91,SPY220325C00443000,443.0,normalDay
2022-03-22,7644.0,-1155.0,0.0,100,449.59,455.0,0,0.0,0.0,,0.0,1,1.83,7.97,SPY220325C00443000,443.0,normalDay
2022-03-23,7644.0,-1268.0,0.0,100,443.8,455.0,0,0.0,0.0,,0.0,1,1.83,3.31,SPY220325C00443000,443.0,normalDay
2022-03-24,7644.0,-1039.0,0.0,100,450.49,455.0,0,0.0,0.0,,0.0,1,1.83,7.71,SPY220325C00443000,443.0,normalDay
2022-03-25,6627.0,-1039.0,-1017.0,0,452.69,0.0,0,0.0,0.0,,0.0,1,1.83,0.0,SPY220325C00443000,443.0,expirationDay
2022-03-28,6627.0,-4.0,0.0,0,455.91,0.0,1,5.79,5.83,SPY220617P00411000,411.0,0,0.0,0.0,,0.0,normalDay
2022-03-29,6627.0,93.0,0.0,0,461.55,0.0,1,5.79,4.86,SPY220617P00411000,411.0,0,0.0,0.0,,0.0,normalDay
2022-03-30,6627.0,66.0,0.0,0,458.7,0.0,1,5.79,5.13,SPY220617P00411000,411.0,0,0.0,0.0,,0.0,normalDay
2022-03-31,6627.0,-52.0,0.0,0,451.64,0.0,1,5.79,6.31,SPY220617P00411000,411.0,0,0.0,0.0,,0.0,normalDay
2022-04-01,6627.0,3.0,0.0,0,452.92,0.0,1,5.79,5.76,SPY220617P00411000,411.0,0,0.0,0.0,,0.0,normalDay
2022-04-04,6627.0,125.0,0.0,0,456.8,0.0,1,5.79,4.54,SPY220617P00411000,411.0,0,0.0,0.0,,0.0,normalDay
2022-04-05,6627.0,-8.0,0.0,0,451.03,0.0,1,5.79,5.87,SPY220617P00411000,411.0,0,0.0,0.0,,0.0,normalDay
2022-04-06,6627.0,-101.0,0.0,0,446.52,0.0,1,5.79,6.8,SPY220617P00411000,411.0,0,0.0,0.0,,0.0,normalDay
2022-04-07,6627.0,-46.0,0.0,0,448.77,0.0,1,5.79,6.25,SPY220617P00411000,411.0,0,0.0,0.0,,0.0,normalDay
2022-04-08,6627.0,-38.0,0.0,0,447.57,0.0,1,5.79,6.17,SPY220617P00411000,411.0,0,0.0,0.0,,0.0,normalDay
2022-04-11,6627.0,-227.0,0.0,0,439.92,0.0,1,5.79,8.06,SPY220617P00411000,411.0,0,0.0,0.0,,0.0,normalDay
2022-04-12,6627.0,-247.0,0.0,0,438.29,0.0,1,5.79,8.26,SPY220617P00411000,411.0,0,0.0,0.0,,0.0,normalDay
2022-04-13,6627.0,-65.0,0.0,0,443.31,0.0,1,5.79,6.44,SPY220617P00411000,411.0,0,0.0,0.0,,0.0,normalDay
2022-04-14,6627.0,-177.0,0.0,0,437.79,0.0,1,5.79,7.56,SPY220617P00411000,411.0,0,0.0,0.0,,0.0,normalDay
2022-04-18,6627.0,-91.0,0.0,0,437.97,0.0,1,5.79,6.7,SPY220617P00411000,411.0,0,0.0,0.0,,0.0,normalDay
2022-04-19,6627.0,12.0,0.0,0,445.04,0.0,1,5.79,5.67,SPY220617P00411000,411.0,0,0.0,0.0,,0.0,normalDay
2022-04-20,6627.0,89.0,0.0,0,444.71,0.0,1,5.79,4.9,SPY220617P00411000,411.0,0,0.0,0.0,,0.0,normalDay
2022-04-21,6627.0,-111.0,0.0,0,438.06,0.0,1,5.79,6.9,SPY220617P00411000,411.0,0,0.0,0.0,,0.0,normalDay
2022-04-22,6627.0,-571.0,0.0,0,426.04,0.0,1,5.79,11.5,SPY220617P00411000,411.0,0,0.0,0.0,,0.0,normalDay
2022-04-25,6627.0,-396.0,0.0,0,428.51,0.0,1,5.79,9.75,SPY220617P00411000,411.0,0,0.0,0.0,,0.0,normalDay
2022-04-26,6627.0,-1004.0,0.0,0,416.1,0.0,1,5.79,15.83,SPY220617P00411000,411.0,0,0.0,0.0,,0.0,normalDay
2022-04-27,6627.0,-801.0,0.0,0,417.27,0.0,1,5.79,13.8,SPY220617P00411000,411.0,0,0.0,0.0,,0.0,normalDay
2022-04-28,6627.0,-499.0,0.0,0,427.81,0.0,1,5.79,10.78,SPY220617P00411000,411.0,0,0.0,0.0,,0.0,normalDay
2022-04-29,6627.0,-1019.0,0.0,0,412.0,0.0,1,5.79,15.98,SPY220617P00411000,411.0,0,0.0,0.0,,0.0,normalDay
2022-05-02,6627.0,-871.0,0.0,0,414.48,0.0,1,5.79,14.5,SPY220617P00411000,411.0,0,0.0,0.0,,0.0,normalDay
2022-05-03,6627.0,-686.0,0.0,0,416.38,0.0,1,5.79,12.65,SPY220617P00411000,411.0,0,0.0,0.0,,0.0,normalDay
2022-05-04,6627.0,-220.0,0.0,0,429.06,0.0,1,5.79,7.99,SPY220617P00411000,411.0,0,0.0,0.0,,0.0,normalDay
2022-05-05,6627.0,-882.0,0.0,0,413.81,0.0,1,5.79,14.61,SPY220617P00411000,411.0,0,0.0,0.0,,0.0,normalDay
2022-05-06,6627.0,-981.0,0.0,0,411.34,0.0,1,5.79,15.6,SPY220617P00411000,411.0,0,0.0,0.0,,0.0,normalDay
2022-05-09,6627.0,-1629.0,0.0,0,398.17,0.0,1,5.79,22.08,SPY220617P00411000,411.0,0,0.0,0.0,,0.0,normalDay
2022-05-10,6627.0,-1560.0,0.0,0,399.09,0.0,1,5.79,21.39,SPY220617P00411000,411.0,0,0.0,0.0,,0.0,normalDay
2022-05-11,6627.0,-1919.0,0.0,0,392.75,0.0,1,5.79,24.98,SPY220617P00411000,411.0,0,0.0,0.0,,0.0,normalDay
2022-05-12,6627.0,-1975.0,0.0,0,392.34,0.0,1,5.79,25.54,SPY220617P00411000,411.0,0,0.0,0.0,,0.0,normalDay
2022-05-13,6627.0,-1309.0,0.0,0,401.72,0.0,1,5.79,18.88,SPY220617P00411000,411.0,0,0.0,0.0,,0.0,normalDay
2022-05-16,6627.0,-1298.0,0.0,0,400.09,0.0,1,5.79,18.77,SPY220617P00411000,411.0,0,0.0,0.0,,0.0,normalDay
2022-05-17,6627.0,-766.0,0.0,0,408.32,0.0,1,5.79,13.45,SPY220617P00411000,411.0,0,0.0,0.0,,0.0,normalDay
2022-05-18,6627.0,-1947.0,0.0,0,391.86,0.0,1,5.79,25.26,SPY220617P00411000,411.0,0,0.0,0.0,,0.0,normalDay
2022-05-19,6627.0,-2049.0,0.0,0,389.46,0.0,1,5.79,26.28,SPY220617P00411000,411.0,0,0.0,0.0,,0.0,normalDay
2022-05-20,6627.0,-2019.0,0.0,0,389.63,0.0,1,5.79,25.98,SPY220617P00411000,411.0,0,0.0,0.0,,0.0,normalDay
2022-05-23,6627.0,-1379.0,0.0,0,396.92,0.0,1,5.79,19.58,SPY220617P00411000,411.0,0,0.0,0.0,,0.0,normalDay
2022-05-24,6627.0,-1617.0,0.0,0,393.89,0.0,1,5.79,21.96,SPY220617P00411000,411.0,0,0.0,0.0,,0.0,normalDay
2022-05-25,6627.0,-1364.0,0.0,0,397.37,0.0,1,5.79,19.43,SPY220617P00411000,411.0,0,0.0,0.0,,0.0,normalDay
2022-05-26,6627.0,-831.0,0.0,0,405.31,0.0,1,5.79,14.1,SPY220617P00411000,411.0,0,0.0,0.0,,0.0,normalDay
2022-05-27,6627.0,-234.0,0.0,0,415.26,0.0,1,5.79,8.13,SPY220617P00411000,411.0,0,0.0,0.0,,0.0,normalDay
2022-05-31,6627.0,-319.0,0.0,0,412.93,0.0,1,5.79,8.98,SPY220617P00411000,411.0,0,0.0,0.0,,0.0,normalDay
2022-06-01,6627.0,-409.0,0.0,0,409.59,0.0,1,5.79,9.88,SPY220617P00411000,411.0,0,0.0,0.0,,0.0,normalDay
2022-06-02,6627.0,-1.0,0.0,0,417.39,0.0,1,5.79,5.8,SPY220617P00411000,411.0,0,0.0,0.0,,0.0,normalDay
2022-06-03,6627.0,-265.0,0.0,0,410.54,0.0,1,5.79,8.44,SPY220617P00411000,411.0,0,0.0,0.0,,0.0,normalDay
2022-06-06,6627.0,-165.0,0.0,0,411.79,0.0,1,5.79,7.44,SPY220617P00411000,411.0,0,0.0,0.0,,0.0,normalDay
2022-06-07,6627.0,49.0,0.0,0,415.74,0.0,1,5.79,5.3,SPY220617P00411000,411.0,0,0.0,0.0,,0.0,normalDay
2022-06-08,6627.0,-95.0,0.0,0,411.22,0.0,1,5.79,6.74,SPY220617P00411000,411.0,0,0.0,0.0,,0.0,normalDay
2022-06-09,6627.0,-754.0,0.0,0,401.44,0.0,1,5.79,13.33,SPY220617P00411000,411.0,0,0.0,0.0,,0.0,normalDay
2022-06-10,6627.0,-1694.0,0.0,0,389.8,0.0,1,5.79,22.73,SPY220617P00411000,411.0,0,0.0,0.0,,0.0,normalDay
2022-06-13,6627.0,-3196.0,0.0,0,375.0,0.0,1,5.79,37.75,SPY220617P00411000,411.0,0,0.0,0.0,,0.0,normalDay
2022-06-14,6627.0,-3384.0,0.0,0,373.87,0.0,1,5.79,39.63,SPY220617P00411000,411.0,0,0.0,0.0,,0.0,normalDay
2022-06-15,6627.0,-2776.0,0.0,0,379.2,0.0,1,5.79,33.55,SPY220617P00411000,411.0,0,0.0,0.0,,0.0,normalDay
2022-06-16,6627.0,-3961.0,0.0,0,366.65,0.0,1,5.79,45.4,SPY220617P00411000,411.0,0,0.0,0.0,,0.0,normalDay
2022-06-17,7206.0,-4514.0,579.0,100,365.86,411.0,1,5.79,0.0,SPY220617P00411000,411.0,0,0.0,0.0,,0.0,expirationDay
2022-06-21,7206.0,-3596.0,0.0,100,375.07,411.0,0,0.0,0.0,,0.0,1,0.58,0.61,SPY220708C00405000,405.0,normalDay
2022-06-22,7206.0,-3653.0,0.0,100,374.39,411.0,0,0.0,0.0,,0.0,1,0.58,0.5,SPY220708C00405000,405.0,normalDay
2022-06-23,7206.0,-3289.0,0.0,100,378.06,411.0,0,0.0,0.0,,0.0,1,0.58,0.53,SPY220708C00405000,405.0,normalDay
2022-06-24,7206.0,-2193.0,0.0,100,390.08,411.0,0,0.0,0.0,,0.0,1,0.58,1.59,SPY220708C00405000,405.0,normalDay
2022-06-27,7206.0,-2308.0,0.0,100,388.59,411.0,0,0.0,0.0,,0.0,1,0.58,1.25,SPY220708C00405000,405.0,normalDay
2022-06-28,7206.0,-3013.0,0.0,100,380.65,411.0,0,0.0,0.0,,0.0,1,0.58,0.36,SPY220708C00405000,405.0,normalDay
2022-06-29,7206.0,-3038.0,0.0,100,380.34,411.0,0,0.0,0.0,,0.0,1,0.58,0.3,SPY220708C00405000,405.0,normalDay
2022-06-30,7206.0,-3326.0,0.0,100,377.25,411.0,0,0.0,0.0,,0.0,1,0.58,0.09,SPY220708C00405000,405.0,normalDay
2022-07-01,7206.0,-2923.0,0.0,100,381.24,411.0,0,0.0,0.0,,0.0,1,0.58,0.05,SPY220708C00405000,405.0,normalDay
2022-07-05,7206.0,-2849.0,0.0,100,381.96,411.0,0,0.0,0.0,,0.0,1,0.58,0.03,SPY220708C00405000,405.0,normalDay
2022-07-06,7206.0,-2718.0,0.0,100,383.25,411.0,0,0.0,0.0,,0.0,1,0.58,0.01,SPY220708C00405000,405.0,normalDay
2022-07-07,7206.0,-2144.0,0.0,100,388.99,411.0,0,0.0,0.0,,0.0,1,0.58,0.01,SPY220708C00405000,405.0,normalDay
2022-07-08,7264.0,-2233.0,58.0,100,388.67,411.0,0,0.0,0.0,,0.0,1,0.58,0.0,SPY220708C00405000,405.0,expirationDay
2022-07-11,7264.0,-2685.0,0.0,100,384.23,411.0,0,0.0,0.0,,0.0,1,9.1,9.18,SPY220729C00384000,384.0,normalDay
2022-07-12,7264.0,-2819.0,0.0,100,380.83,411.0,0,0.0,0.0,,0.0,1,9.1,7.12,SPY220729C00384000,384.0,normalDay
2022-07-13,7264.0,-2887.0,0.0,100,378.83,411.0,0,0.0,0.0,,0.0,1,9.1,5.8,SPY220729C00384000,384.0,normalDay
2022-07-14,7264.0,-2911.0,0.0,100,377.91,411.0,0,0.0,0.0,,0.0,1,9.1,5.12,SPY220729C00384000,384.0,normalDay
2022-07-15,7264.0,-2450.0,0.0,100,385.13,411.0,0,0.0,0.0,,0.0,1,9.1,7.73,SPY220729C00384000,384.0,normalDay
2022-07-18,7264.0,-2586.0,0.0,100,381.95,411.0,0,0.0,0.0,,0.0,1,9.1,5.91,SPY220729C00384000,384.0,normalDay
2022-07-19,7264.0,-2213.0,0.0,100,392.27,411.0,0,0.0,0.0,,0.0,1,9.1,12.5,SPY220729C00384000,384.0,normalDay
2022-07-20,7264.0,-2085.0,0.0,100,394.77,411.0,0,0.0,0.0,,0.0,1,9.1,13.72,SPY220729C00384000,384.0,normalDay
2022-07-21,7264.0,-1929.0,0.0,100,398.79,411.0,0,0.0,0.0,,0.0,1,9.1,16.18,SPY220729C00384000,384.0,normalDay
2022-07-22,7264.0,-1930.0,0.0,100,395.09,411.0,0,0.0,0.0,,0.0,1,9.1,12.49,SPY220729C00384000,384.0,normalDay
2022-07-25,7264.0,-1955.0,0.0,100,395.57,411.0,0,0.0,0.0,,0.0,1,9.1,13.22,SPY220729C00384000,384.0,normalDay
2022-07-26,7264.0,-2077.0,0.0,100,390.89,411.0,0,0.0,0.0,,0.0,1,9.1,9.76,SPY220729C00384000,384.0,normalDay
2022-07-27,7264.0,-1767.0,0.0,100,401.04,411.0,0,0.0,0.0,,0.0,1,9.1,16.81,SPY220729C00384000,384.0,normalDay
2022-07-28,7264.0,-1933.0,0.0,100,406.07,411.0,0,0.0,0.0,,0.0,1,9.1,23.5,SPY220729C00384000,384.0,normalDay
2022-07-29,5474.0,-1933.0,-1790.0,0,411.99,0.0,0,0.0,0.0,,0.0,1,9.1,0.0,SPY220729C00384000,384.0,expirationDay
2022-08-01,5474.0,-4.0,0.0,0,410.77,0.0,1,5.7,5.74,SPY221021P00371000,371.0,0,0.0,0.0,,0.0,normalDay
2022-08-02,5474.0,-94.0,0.0,0,408.06,0.0,1,5.7,6.64,SPY221021P00371000,371.0,0,0.0,0.0,,0.0,normalDay
2022-08-03,5474.0,72.0,0.0,0,414.45,0.0,1,5.7,4.98,SPY221021P00371000,371.0,0,0.0,0.0,,0.0,normalDay
2022-08-04,5474.0,87.0,0.0,0,414.17,0.0,1,5.7,4.83,SPY221021P00371000,371.0,0,0.0,0.0,,0.0,normalDay
2022-08-05,5474.0,86.0,0.0,0,413.47,0.0,1,5.7,4.84,SPY221021P00371000,371.0,0,0.0,0.0,,0.0,normalDay
2022-08-08,5474.0,99.0,0.0,0,412.99,0.0,1,5.7,4.71,SPY221021P00371000,371.0,0,0.0,0.0,,0.0,normalDay
2022-08-09,5474.0,83.0,0.0,0,411.35,0.0,1,5.7,4.87,SPY221021P00371000,371.0,0,0.0,0.0,,0.0,normalDay
2022-08-10,5474.0,228.0,0.0,0,419.99,0.0,1,5.7,3.42,SPY221021P00371000,371.0,0,0.0,0.0,,0.0,normalDay
2022-08-11,5474.0,234.0,0.0,0,419.99,0.0,1,5.7,3.36,SPY221021P00371000,371.0,0,0.0,0.0,,0.0,normalDay
2022-08-12,5474.0,305.0,0.0,0,427.1,0.0,1,5.7,2.65,SPY221021P00371000,371.0,0,0.0,0.0,,0.0,normalDay
2022-08-15,5474.0,334.0,0.0,0,428.86,0.0,1,5.7,2.36,SPY221021P00371000,371.0,0,0.0,0.0,,0.0,normalDay
2022-08-16,5474.0,344.0,0.0,0,429.7,0.0,1,5.7,2.26,SPY221021P00371000,371.0,0,0.0,0.0,,0.0,normalDay
2022-08-17,5474.0,328.0,0.0,0,426.65,0.0,1,5.7,2.42,SPY221021P00371000,371.0,0,0.0,0.0,,0.0,normalDay
2022-08-18,5474.0,353.0,0.0,0,427.89,0.0,1,5.7,2.17,SPY221021P00371000,371.0,0,0.0,0.0,,0.0,normalDay
2022-08-19,5474.0,295.0,0.0,0,422.14,0.0,1,5.7,2.75,SPY221021P00371000,371.0,0,0.0,0.0,,0.0,normalDay
2022-08-22,5474.0,174.0,0.0,0,413.35,0.0,1,5.7,3.96,SPY221021P00371000,371.0,0,0.0,0.0,,0.0,normalDay
2022-08-23,5474.0,169.0,0.0,0,412.35,0.0,1,5.7,4.01,SPY221021P00371000,371.0,0,0.0,0.0,,0.0,normalDay
2022-08-24,5474.0,229.0,0.0,0,413.67,0.0,1,5.7,3.41,SPY221021P00371000,371.0,0,0.0,0.0,,0.0,normalDay
2022-08-25,5474.0,310.0,0.0,0,419.51,0.0,1,5.7,2.6,SPY221021P00371000,371.0,0,0.0,0.0,,0.0,normalDay
2022-08-26,5474.0,72.0,0.0,0,405.31,0.0,1,5.7,4.98,SPY221021P00371000,371.0,0,0.0,0.0,,0.0,normalDay
2022-08-29,5474.0,52.0,0.0,0,402.63,0.0,1,5.7,5.18,SPY221021P00371000,371.0,0,0.0,0.0,,0.0,normalDay
2022-08-30,5474.0,-19.0,0.0,0,398.21,0.0,1,5.7,5.89,SPY221021P00371000,371.0,0,0.0,0.0,,0.0,normalDay
2022-08-31,5474.0,-46.0,0.0,0,395.18,0.0,1,5.7,6.16,SPY221021P00371000,371.0,0,0.0,0.0,,0.0,normalDay
2022-09-01,5474.0,3.0,0.0,0,396.42,0.0,1,5.7,5.67,SPY221021P00371000,371.0,0,0.0,0.0,,0.0,normalDay
2022-09-02,5474.0,-67.0,0.0,0,392.24,0.0,1,5.7,6.37,SPY221021P00371000,371.0,0,0.0,0.0,,0.0,normalDay
2022-09-06,5474.0,-116.0,0.0,0,390.76,0.0,1,5.7,6.86,SPY221021P00371000,371.0,0,0.0,0.0,,0.0,normalDay
2022-09-07,5474.0,102.0,0.0,0,397.78,0.0,1,5.7,4.68,SPY221021P00371000,371.0,0,0.0,0.0,,0.0,normalDay
2022-09-08,5474.0,199.0,0.0,0,400.38,0.0,1,5.7,3.71,SPY221021P00371000,371.0,0,0.0,0.0,,0.0,normalDay
2022-09-09,5474.0,293.0,0.0,0,406.6,0.0,1,5.7,2.77,SPY221021P00371000,371.0,0,0.0,0.0,,0.0,normalDay
2022-09-12,5474.0,347.0,0.0,0,410.97,0.0,1,5.7,2.23,SPY221021P00371000,371.0,0,0.0,0.0,,0.0,normalDay
2022-09-13,5474.0,52.0,0.0,0,393.1,0.0,1,5.7,5.18,SPY221021P00371000,371.0,0,0.0,0.0,,0.0,normalDay
2022-09-14,5474.0,91.0,0.0,0,394.6,0.0,1,5.7,4.79,SPY221021P00371000,371.0,0,0.0,0.0,,0.0,normalDay
2022-09-15,5474.0,37.0,0.0,0,390.12,0.0,1,5.7,5.33,SPY221021P00371000,371.0,0,0.0,0.0,,0.0,normalDay
2022-09-16,5474.0,-31.0,0.0,0,385.56,0.0,1,5.7,6.01,SPY221021P00371000,371.0,0,0.0,0.0,,0.0,normalDay
2022-09-19,5474.0,75.0,0.0,0,388.55,0.0,1,5.7,4.95,SPY221021P00371000,371.0,0,0.0,0.0,,0.0,normalDay
2022-09-20,5474.0,-56.0,0.0,0,384.09,0.0,1,5.7,6.26,SPY221021P00371000,371.0,0,0.0,0.0,,0.0,normalDay
2022-09-21,5474.0,-280.0,0.0,0,377.39,0.0,1,5.7,8.5,SPY221021P00371000,371.0,0,0.0,0.0,,0.0,normalDay
2022-09-22,5474.0,-329.0,0.0,0,374.22,0.0,1,5.7,8.99,SPY221021P00371000,371.0,0,0.0,0.0,,0.0,normalDay
2022-09-23,5474.0,-679.0,0.0,0,367.95,0.0,1,5.7,12.49,SPY221021P00371000,371.0,0,0.0,0.0,,0.0,normalDay
2022-09-26,5474.0,-910.0,0.0,0,364.31,0.0,1,5.7,14.8,SPY221021P00371000,371.0,0,0.0,0.0,,0.0,normalDay
2022-09-27,5474.0,-911.0,0.0,0,363.38,0.0,1,5.7,14.81,SPY221021P00371000,371.0,0,0.0,0.0,,0.0,normalDay
2022-09-28,5474.0,-466.0,0.0,0,370.53,0.0,1,5.7,10.36,SPY221021P00371000,371.0,0,0.0,0.0,,0.0,normalDay
2022-09-29,5474.0,-851.0,0.0,0,362.79,0.0,1,5.7,14.21,SPY221021P00371000,371.0,0,0.0,0.0,,0.0,normalDay
2022-09-30,5474.0,-1105.0,0.0,0,357.18,0.0,1,5.7,16.75,SPY221021P00371000,371.0,0,0.0,0.0,,0.0,normalDay
2022-10-03,5474.0,-497.0,0.0,0,366.61,0.0,1,5.7,10.67,SPY221021P00371000,371.0,0,0.0,0.0,,0.0,normalDay
2022-10-04,5474.0,-11.0,0.0,0,377.97,0.0,1,5.7,5.81,SPY221021P00371000,371.0,0,0.0,0.0,,0.0,normalDay
2022-10-05,5474.0,15.0,0.0,0,377.09,0.0,1,5.7,5.55,SPY221021P00371000,371.0,0,0.0,0.0,,0.0,normalDay
2022-10-06,5474.0,-162.0,0.0,0,373.2,0.0,1,5.7,7.32,SPY221021P00371000,371.0,0,0.0,0.0,,0.0,normalDay
2022-10-07,5474.0,-688.0,0.0,0,362.79,0.0,1,5.7,12.58,SPY221021P00371000,371.0,0,0.0,0.0,,0.0,normalDay
2022-10-10,5474.0,-811.0,0.0,0,360.02,0.0,1,5.7,13.81,SPY221021P00371000,371.0,0,0.0,0.0,,0.0,normalDay
2022-10-11,5474.0,-994.0,0.0,0,357.74,0.0,1,5.7,15.64,SPY221021P00371000,371.0,0,0.0,0.0,,0.0,normalDay
2022-10-12,5474.0,-1078.0,0.0,0,356.56,0.0,1,5.7,16.48,SPY221021P00371000,371.0,0,0.0,0.0,,0.0,normalDay
2022-10-13,5474.0,-349.0,0.0,0,365.97,0.0,1,5.7,9.19,SPY221021P00371000,371.0,0,0.0,0.0,,0.0,normalDay
2022-10-14,5474.0,-871.0,0.0,0,357.63,0.0,1,5.7,14.41,SPY221021P00371000,371.0,0,0.0,0.0,,0.0,normalDay
2022-10-17,5474.0,-113.0,0.0,0,366.82,0.0,1,5.7,6.83,SPY221021P00371000,371.0,0,0.0,0.0,,0.0,normalDay
2022-10-18,5474.0,198.0,0.0,0,371.13,0.0,1,5.7,3.72,SPY221021P00371000,371.0,0,0.0,0.0,,0.0,normalDay
2022-10-19,5474.0,86.0,0.0,0,368.5,0.0,1,5.7,4.84,SPY221021P00371000,371.0,0,0.0,0.0,,0.0,normalDay
2022-10-20,5474.0,-10.0,0.0,0,365.41,0.0,1,5.7,5.8,SPY221021P00371000,371.0,0,0.0,0.0,,0.0,normalDay
2022-10-21,6044.0,0.0,570.0,0,374.29,0.0,1,5.7,0.0,SPY221021P00371000,371.0,0,0.0,0.0,,0.0,expirationDay
2022-10-24,6044.0,-5.0,0.0,0,378.87,0.0,1,7.94,7.99,SPY221230P00352000,352.0,0,0.0,0.0,,0.0,normalDay
2022-10-25,6044.0,134.0,0.0,0,384.92,0.0,1,7.94,6.6,SPY221230P00352000,352.0,0,0.0,0.0,,0.0,normalDay
2022-10-26,6044.0,173.0,0.0,0,382.02,0.0,1,7.94,6.21,SPY221230P00352000,352.0,0,0.0,0.0,,0.0,normalDay
2022-10-27,6044.0,50.0,0.0,0,379.98,0.0,1,7.94,7.44,SPY221230P00352000,352.0,0,0.0,0.0,,0.0,normalDay
2022-10-28,6044.0,326.0,0.0,0,389.02,0.0,1,7.94,4.68,SPY221230P00352000,352.0,0,0.0,0.0,,0.0,normalDay
2022-10-31,6044.0,317.0,0.0,0,386.21,0.0,1,7.94,4.77,SPY221230P00352000,352.0,0,0.0,0.0,,0.0,normalDay
2022-11-01,6044.0,302.0,0.0,0,384.52,0.0,1,7.94,4.92,SPY221230P00352000,352.0,0,0.0,0.0,,0.0,normalDay
2022-11-02,6044.0,111.0,0.0,0,374.87,0.0,1,7.94,6.83,SPY221230P00352000,352.0,0,0.0,0.0,,0.0,normalDay
2022-11-03,6044.0,59.0,0.0,0,371.01,0.0,1,7.94,7.35,SPY221230P00352000,352.0,0,0.0,0.0,,0.0,normalDay
2022-11-04,6044.0,211.0,0.0,0,376.35,0.0,1,7.94,5.83,SPY221230P00352000,352.0,0,0.0,0.0,,0.0,normalDay
2022-11-07,6044.0,324.0,0.0,0,379.95,0.0,1,7.94,4.7,SPY221230P00352000,352.0,0,0.0,0.0,,0.0,normalDay
2022-11-08,6044.0,316.0,0.0,0,382.0,0.0,1,7.94,4.78,SPY221230P00352000,352.0,0,0.0,0.0,,0.0,normalDay
2022-11-09,6044.0,179.0,0.0,0,374.13,0.0,1,7.94,6.15,SPY221230P00352000,352.0,0,0.0,0.0,,0.0,normalDay
2022-11-10,6044.0,548.0,0.0,0,394.69,0.0,1,7.94,2.46,SPY221230P00352000,352.0,0,0.0,0.0,,0.0,normalDay
2022-11-11,6044.0,589.0,0.0,0,398.51,0.0,1,7.94,2.05,SPY221230P00352000,352.0,0,0.0,0.0,,0.0,normalDay
2022-11-14,6044.0,577.0,0.0,0,395.12,0.0,1,7.94,2.17,SPY221230P00352000,352.0,0,0.0,0.0,,0.0,normalDay
2022-11-15,6044.0,595.0,0.0,0,398.49,0.0,1,7.94,1.99,SPY221230P00352000,352.0,0,0.0,0.0,,0.0,normalDay
2022-11-16,6044.0,593.0,0.0,0,395.45,0.0,1,7.94,2.01,SPY221230P00352000,352.0,0,0.0,0.0,,0.0,normalDay
2022-11-17,6044.0,603.0,0.0,0,394.24,0.0,1,7.94,1.91,SPY221230P00352000,352.0,0,0.0,0.0,,0.0,normalDay
2022-11-18,6044.0,631.0,0.0,0,396.03,0.0,1,7.94,1.63,SPY221230P00352000,352.0,0,0.0,0.0,,0.0,normalDay
2022-11-21,6044.0,657.0,0.0,0,394.59,0.0,1,7.94,1.37,SPY221230P00352000,352.0,0,0.0,0.0,,0.0,normalDay
2022-11-22,6044.0,701.0,0.0,0,399.9,0.0,1,7.94,0.93,SPY221230P00352000,352.0,0,0.0,0.0,,0.0,normalDay
2022-11-23,6044.0,717.0,0.0,0,402.42,0.0,1,7.94,0.77,SPY221230P00352000,352.0,0,0.0,0.0,,0.0,normalDay
2022-11-25,6044.0,719.0,0.0,0,402.33,0.0,1,7.94,0.75,SPY221230P00352000,352.0,0,0.0,0.0,,0.0,normalDay
2022-11-28,6044.0,695.0,0.0,0,395.91,0.0,1,7.94,0.99,SPY221230P00352000,352.0,0,0.0,0.0,,0.0,normalDay
2022-11-29,6044.0,706.0,0.0,0,395.23,0.0,1,7.94,0.88,SPY221230P00352000,352.0,0,0.0,0.0,,0.0,normalDay
2022-11-30,6044.0,753.0,0.0,0,407.68,0.0,1,7.94,0.41,SPY221230P00352000,352.0,0,0.0,0.0,,0.0,normalDay
2022-12-01,6044.0,759.0,0.0,0,407.38,0.0,1,7.94,0.35,SPY221230P00352000,352.0,0,0.0,0.0,,0.0,normalDay
2022-12-02,6044.0,763.0,0.0,0,406.91,0.0,1,7.94,0.31,SPY221230P00352000,352.0,0,0.0,0.0,,0.0,normalDay
2022-12-05,6044.0,751.0,0.0,0,399.59,0.0,1,7.94,0.43,SPY221230P00352000,352.0,0,0.0,0.0,,0.0,normalDay
2022-12-06,6044.0,732.0,0.0,0,393.83,0.0,1,7.94,0.62,SPY221230P00352000,352.0,0,0.0,0.0,,0.0,normalDay
2022-12-07,6044.0,731.0,0.0,0,393.16,0.0,1,7.94,0.63,SPY221230P00352000,352.0,0,0.0,0.0,,0.0,normalDay
2022-12-08,6044.0,747.0,0.0,0,396.24,0.0,1,7.94,0.47,SPY221230P00352000,352.0,0,0.0,0.0,,0.0,normalDay
2022-12-09,6044.0,744.0,0.0,0,393.28,0.0,1,7.94,0.5,SPY221230P00352000,352.0,0,0.0,0.0,,0.0,normalDay
2022-12-12,6044.0,755.0,0.0,0,398.95,0.0,1,7.94,0.39,SPY221230P00352000,352.0,0,0.0,0.0,,0.0,normalDay
2022-12-13,6044.0,773.0,0.0,0,401.97,0.0,1,7.94,0.21,SPY221230P00352000,352.0,0,0.0,0.0,,0.0,normalDay
2022-12-14,6044.0,776.0,0.0,0,399.4,0.0,1,7.94,0.18,SPY221230P00352000,352.0,0,0.0,0.0,,0.0,normalDay
2022-12-15,6044.0,762.0,0.0,0,389.63,0.0,1,7.94,0.32,SPY221230P00352000,352.0,0,0.0,0.0,,0.0,normalDay
2022-12-16,6044.0,762.0,0.0,0,383.27,0.0,1,7.94,0.32,SPY221230P00352000,352.0,0,0.0,0.0,,0.0,normalDay
2022-12-19,6044.0,765.0,0.0,0,380.02,0.0,1,7.94,0.29,SPY221230P00352000,352.0,0,0.0,0.0,,0.0,normalDay
2022-12-20,6044.0,775.0,0.0,0,380.54,0.0,1,7.94,0.19,SPY221230P00352000,352.0,0,0.0,0.0,,0.0,normalDay
2022-12-21,6044.0,784.0,0.0,0,386.23,0.0,1,7.94,0.1,SPY221230P00352000,352.0,0,0.0,0.0,,0.0,normalDay
2022-12-22,6044.0,779.0,0.0,0,380.72,0.0,1,7.94,0.15,SPY221230P00352000,352.0,0,0.0,0.0,,0.0,normalDay
2022-12-23,6044.0,788.0,0.0,0,382.91,0.0,1,7.94,0.06,SPY221230P00352000,352.0,0,0.0,0.0,,0.0,normalDay
2022-12-27,6044.0,791.0,0.0,0,381.4,0.0,1,7.94,0.03,SPY221230P00352000,352.0,0,0.0,0.0,,0.0,normalDay
2022-12-28,6044.0,791.0,0.0,0,376.66,0.0,1,7.94,0.03,SPY221230P00352000,352.0,0,0.0,0.0,,0.0,normalDay
2022-12-29,6044.0,792.0,0.0,0,383.44,0.0,1,7.94,0.02,SPY221230P00352000,352.0,0,0.0,0.0,,0.0,normalDay
2022-12-30,6838.0,0.0,794.0,0,382.43,0.0,1,7.94,0.0,SPY221230P00352000,352.0,0,0.0,0.0,,0.0,expirationDay
2023-01-03,6838.0,-7.0,0.0,0,380.82,0.0,1,12.26,12.33,SPY230331P00372000,372.0,0,0.0,0.0,,0.0,normalDay
2023-01-04,6838.0,161.0,0.0,0,383.76,0.0,1,12.26,10.65,SPY230331P00372000,372.0,0,0.0,0.0,,0.0,normalDay
2023-01-05,6838.0,16.0,0.0,0,379.38,0.0,1,12.26,12.1,SPY230331P00372000,372.0,0,0.0,0.0,,0.0,normalDay
2023-01-06,6838.0,329.0,0.0,0,388.08,0.0,1,12.26,8.97,SPY230331P00372000,372.0,0,0.0,0.0,,0.0,normalDay
2023-01-09,6838.0,314.0,0.0,0,387.86,0.0,1,12.26,9.12,SPY230331P00372000,372.0,0,0.0,0.0,,0.0,normalDay
2023-01-10,6838.0,449.0,0.0,0,390.58,0.0,1,12.26,7.77,SPY230331P00372000,372.0,0,0.0,0.0,,0.0,normalDay
2023-01-11,6838.0,553.0,0.0,0,395.52,0.0,1,12.26,6.73,SPY230331P00372000,372.0,0,0.0,0.0,,0.0,normalDay
2023-01-12,6838.0,661.0,0.0,0,396.96,0.0,1,12.26,5.65,SPY230331P00372000,372.0,0,0.0,0.0,,0.0,normalDay
2023-01-13,6838.0,713.0,0.0,0,398.5,0.0,1,12.26,5.13,SPY230331P00372000,372.0,0,0.0,0.0,,0.0,normalDay
2023-01-17,6838.0,713.0,0.0,0,397.77,0.0,1,12.26,5.13,SPY230331P00372000,372.0,0,0.0,0.0,,0.0,normalDay
2023-01-18,6838.0,561.0,0.0,0,391.49,0.0,1,12.26,6.65,SPY230331P00372000,372.0,0,0.0,0.0,,0.0,normalDay
2023-01-19,6838.0,504.0,0.0,0,388.64,0.0,1,12.26,7.22,SPY230331P00372000,372.0,0,0.0,0.0,,0.0,normalDay
2023-01-20,6838.0,684.0,0.0,0,395.88,0.0,1,12.26,5.42,SPY230331P00372000,372.0,0,0.0,0.0,,0.0,normalDay
2023-01-23,6838.0,783.0,0.0,0,400.63,0.0,1,12.26,4.43,SPY230331P00372000,372.0,0,0.0,0.0,,0.0,normalDay
2023-01-24,6838.0,823.0,0.0,0,400.2,0.0,1,12.26,4.03,SPY230331P00372000,372.0,0,0.0,0.0,,0.0,normalDay
2023-01-25,6838.0,814.0,0.0,0,400.35,0.0,1,12.26,4.12,SPY230331P00372000,372.0,0,0.0,0.0,,0.0,normalDay
2023-01-26,6838.0,884.0,0.0,0,404.75,0.0,1,12.26,3.42,SPY230331P00372000,372.0,0,0.0,0.0,,0.0,normalDay
2023-01-27,6838.0,905.0,0.0,0,405.68,0.0,1,12.26,3.21,SPY230331P00372000,372.0,0,0.0,0.0,,0.0,normalDay
2023-01-30,6838.0,836.0,0.0,0,400.59,0.0,1,12.26,3.9,SPY230331P00372000,372.0,0,0.0,0.0,,0.0,normalDay
2023-01-31,6838.0,917.0,0.0,0,406.48,0.0,1,12.26,3.09,SPY230331P00372000,372.0,0,0.0,0.0,,0.0,normalDay
2023-02-01,6838.0,995.0,0.0,0,410.8,0.0,1,12.26,2.31,SPY230331P00372000,372.0,0,0.0,0.0,,0.0,normalDay
2023-02-02,6838.0,999.0,0.0,0,416.78,0.0,1,12.26,2.27,SPY230331P00372000,372.0,0,0.0,0.0,,0.0,normalDay
2023-02-03,6838.0,989.0,0.0,0,412.35,0.0,1,12.26,2.37,SPY230331P00372000,372.0,0,0.0,0.0,,0.0,normalDay
2023-02-06,6838.0,968.0,0.0,0,409.83,0.0,1,12.26,2.58,SPY230331P00372000,372.0,0,0.0,0.0,,0.0,normalDay
2023-02-07,6838.0,1027.0,0.0,0,415.19,0.0,1,12.26,1.99,SPY230331P00372000,372.0,0,0.0,0.0,,0.0,normalDay
2023-02-08,6838.0,977.0,0.0,0,410.65,0.0,1,12.26,2.49,SPY230331P00372000,372.0,0,0.0,0.0,,0.0,normalDay
2023-02-09,6838.0,930.0,0.0,0,407.09,0.0,1,12.26,2.96,SPY230331P00372000,372.0,0,0.0,0.0,,0.0,normalDay
2023-02-10,6838.0,946.0,0.0,0,408.04,0.0,1,12.26,2.8,SPY230331P00372000,372.0,0,0.0,0.0,,0.0,normalDay
2023-02-13,6838.0,1022.0,0.0,0,412.83,0.0,1,12.26,2.04,SPY230331P00372000,372.0,0,0.0,0.0,,0.0,normalDay
2023-02-14,6838.0,1050.0,0.0,0,412.64,0.0,1,12.26,1.76,SPY230331P00372000,372.0,0,0.0,0.0,,0.0,normalDay
2023-02-15,6838.0,1078.0,0.0,0,413.98,0.0,1,12.26,1.48,SPY230331P00372000,372.0,0,0.0,0.0,,0.0,normalDay
2023-02-16,6838.0,1007.0,0.0,0,408.28,0.0,1,12.26,2.19,SPY230331P00372000,372.0,0,0.0,0.0,,0.0,normalDay
2023-02-17,6838.0,1013.0,0.0,0,407.26,0.0,1,12.26,2.13,SPY230331P00372000,372.0,0,0.0,0.0,,0.0,normalDay
2023-02-21,6838.0,910.0,0.0,0,399.09,0.0,1,12.26,3.16,SPY230331P00372000,372.0,0,0.0,0.0,,0.0,normalDay
2023-02-22,6838.0,928.0,0.0,0,398.54,0.0,1,12.26,2.98,SPY230331P00372000,372.0,0,0.0,0.0,,0.0,normalDay
2023-02-23,6838.0,983.0,0.0,0,400.66,0.0,1,12.26,2.43,SPY230331P00372000,372.0,0,0.0,0.0,,0.0,normalDay
2023-02-24,6838.0,925.0,0.0,0,396.38,0.0,1,12.26,3.01,SPY230331P00372000,372.0,0,0.0,0.0,,0.0,normalDay
2023-02-27,6838.0,997.0,0.0,0,397.73,0.0,1,12.26,2.29,SPY230331P00372000,372.0,0,0.0,0.0,,0.0,normalDay
2023-02-28,6838.0,990.0,0.0,0,396.26,0.0,1,12.26,2.36,SPY230331P00372000,372.0,0,0.0,0.0,,0.0,normalDay
2023-03-01,6838.0,982.0,0.0,0,394.74,0.0,1,12.26,2.44,SPY230331P00372000,372.0,0,0.0,0.0,,0.0,normalDay
2023-03-02,6838.0,1050.0,0.0,0,397.81,0.0,1,12.26,1.76,SPY230331P00372000,372.0,0,0.0,0.0,,0.0,normalDay
2023-03-03,6838.0,1128.0,0.0,0,404.19,0.0,1,12.26,0.98,SPY230331P00372000,372.0,0,0.0,0.0,,0.0,normalDay
2023-03-06,6838.0,1139.0,0.0,0,404.47,0.0,1,12.26,0.87,SPY230331P00372000,372.0,0,0.0,0.0,,0.0,normalDay
2023-03-07,6838.0,1086.0,0.0,0,398.27,0.0,1,12.26,1.4,SPY230331P00372000,372.0,0,0.0,0.0,,0.0,normalDay
2023-03-08,6838.0,1107.0,0.0,0,398.92,0.0,1,12.26,1.19,SPY230331P00372000,372.0,0,0.0,0.0,,0.0,normalDay
2023-03-09,6838.0,945.0,0.0,0,391.56,0.0,1,12.26,2.81,SPY230331P00372000,372.0,0,0.0,0.0,,0.0,normalDay
2023-03-10,6838.0,801.0,0.0,0,385.91,0.0,1,12.26,4.25,SPY230331P00372000,372.0,0,0.0,0.0,,0.0,normalDay
2023-03-13,6838.0,775.0,0.0,0,385.36,0.0,1,12.26,4.51,SPY230331P00372000,372.0,0,0.0,0.0,,0.0,normalDay
2023-03-14,6838.0,997.0,0.0,0,391.73,0.0,1,12.26,2.29,SPY230331P00372000,372.0,0,0.0,0.0,,0.0,normalDay
2023-03-15,6838.0,890.0,0.0,0,389.28,0.0,1,12.26,3.36,SPY230331P00372000,372.0,0,0.0,0.0,,0.0,normalDay
2023-03-16,6838.0,1069.0,0.0,0,396.11,0.0,1,12.26,1.57,SPY230331P00372000,372.0,0,0.0,0.0,,0.0,normalDay
2023-03-17,6838.0,998.0,0.0,0,389.99,0.0,1,12.26,2.28,SPY230331P00372000,372.0,0,0.0,0.0,,0.0,normalDay
2023-03-20,6838.0,1087.0,0.0,0,393.74,0.0,1,12.26,1.39,SPY230331P00372000,372.0,0,0.0,0.0,,0.0,normalDay
2023-03-21,6838.0,1171.0,0.0,0,398.91,0.0,1,12.26,0.55,SPY230331P00372000,372.0,0,0.0,0.0,,0.0,normalDay
2023-03-22,6838.0,1132.0,0.0,0,392.11,0.0,1,12.26,0.94,SPY230331P00372000,372.0,0,0.0,0.0,,0.0,normalDay
2023-03-23,6838.0,1151.0,0.0,0,393.17,0.0,1,12.26,0.75,SPY230331P00372000,372.0,0,0.0,0.0,,0.0,normalDay
2023-03-24,6838.0,1197.0,0.0,0,395.75,0.0,1,12.26,0.29,SPY230331P00372000,372.0,0,0.0,0.0,,0.0,normalDay
2023-03-27,6838.0,1219.0,0.0,0,396.49,0.0,1,12.26,0.07,SPY230331P00372000,372.0,0,0.0,0.0,,0.0,normalDay
2023-03-28,6838.0,1221.0,0.0,0,395.6,0.0,1,12.26,0.05,SPY230331P00372000,372.0,0,0.0,0.0,,0.0,normalDay
2023-03-29,6838.0,1223.0,0.0,0,401.35,0.0,1,12.26,0.03,SPY230331P00372000,372.0,0,0.0,0.0,,0.0,normalDay
2023-03-30,6838.0,1224.0,0.0,0,403.7,0.0,1,12.26,0.02,SPY230331P00372000,372.0,0,0.0,0.0,,0.0,normalDay
2023-03-31,8064.0,0.0,1226.0,0,409.39,0.0,1,12.26,0.0,SPY230331P00372000,372.0,0,0.0,0.0,,0.0,expirationDay
2023-04-03,8064.0,-3.0,0.0,0,410.95,0.0,1,4.64,4.67,SPY230616P00382000,382.0,0,0.0,0.0,,0.0,normalDay
2023-04-04,8064.0,-48.0,0.0,0,408.67,0.0,1,4.64,5.12,SPY230616P00382000,382.0,0,0.0,0.0,,0.0,normalDay
2023-04-05,8064.0,-72.0,0.0,0,407.6,0.0,1,4.64,5.36,SPY230616P00382000,382.0,0,0.0,0.0,,0.0,normalDay
2023-04-06,8064.0,-23.0,0.0,0,409.19,0.0,1,4.64,4.87,SPY230616P00382000,382.0,0,0.0,0.0,,0.0,normalDay
2023-04-10,8064.0,14.0,0.0,0,409.61,0.0,1,4.64,4.5,SPY230616P00382000,382.0,0,0.0,0.0,,0.0,normalDay
2023-04-11,8064.0,23.0,0.0,0,409.72,0.0,1,4.64,4.41,SPY230616P00382000,382.0,0,0.0,0.0,,0.0,normalDay
2023-04-12,8064.0,-2.0,0.0,0,408.05,0.0,1,4.64,4.66,SPY230616P00382000,382.0,0,0.0,0.0,,0.0,normalDay
2023-04-13,8064.0,117.0,0.0,0,413.47,0.0,1,4.64,3.47,SPY230616P00382000,382.0,0,0.0,0.0,,0.0,normalDay
2023-04-14,8064.0,131.0,0.0,0,412.46,0.0,1,4.64,3.33,SPY230616P00382000,382.0,0,0.0,0.0,,0.0,normalDay
2023-04-17,8064.0,178.0,0.0,0,413.94,0.0,1,4.64,2.86,SPY230616P00382000,382.0,0,0.0,0.0,,0.0,normalDay
2023-04-18,8064.0,177.0,0.0,0,414.21,0.0,1,4.64,2.87,SPY230616P00382000,382.0,0,0.0,0.0,,0.0,normalDay
2023-04-19,8064.0,180.0,0.0,0,414.14,0.0,1,4.64,2.84,SPY230616P00382000,382.0,0,0.0,0.0,,0.0,normalDay
2023-04-20,8064.0,145.0,0.0,0,411.88,0.0,1,4.64,3.19,SPY230616P00382000,382.0,0,0.0,0.0,,0.0,normalDay
2023-04-21,8064.0,159.0,0.0,0,412.2,0.0,1,4.64,3.05,SPY230616P00382000,382.0,0,0.0,0.0,,0.0,normalDay
2023-04-24,8064.0,179.0,0.0,0,412.63,0.0,1,4.64,2.85,SPY230616P00382000,382.0,0,0.0,0.0,,0.0,normalDay
2023-04-25,8064.0,65.0,0.0,0,406.08,0.0,1,4.64,3.99,SPY230616P00382000,382.0,0,0.0,0.0,,0.0,normalDay
2023-04-26,8064.0,35.0,0.0,0,404.36,0.0,1,4.64,4.29,SPY230616P00382000,382.0,0,0.0,0.0,,0.0,normalDay
2023-04-27,8064.0,208.0,0.0,0,412.41,0.0,1,4.64,2.56,SPY230616P00382000,382.0,0,0.0,0.0,,0.0,normalDay
2023-04-28,8064.0,262.0,0.0,0,415.93,0.0,1,4.64,2.02,SPY230616P00382000,382.0,0,0.0,0.0,,0.0,normalDay
2023-05-01,8064.0,269.0,0.0,0,415.51,0.0,1,4.64,1.95,SPY230616P00382000,382.0,0,0.0,0.0,,0.0,normalDay
2023-05-02,8064.0,186.0,0.0,0,410.84,0.0,1,4.64,2.78,SPY230616P00382000,382.0,0,0.0,0.0,,0.0,normalDay
2023-05-03,8064.0,152.0,0.0,0,408.02,0.0,1,4.64,3.12,SPY230616P00382000,382.0,0,0.0,0.0,,0.0,normalDay
2023-05-04,8064.0,58.0,0.0,0,405.13,0.0,1,4.64,4.06,SPY230616P00382000,382.0,0,0.0,0.0,,0.0,normalDay
2023-05-05,8064.0,225.0,0.0,0,412.63,0.0,1,4.64,2.39,SPY230616P00382000,382.0,0,0.0,0.0,,0.0,normalDay
2023-05-08,8064.0,249.0,0.0,0,412.74,0.0,1,4.64,2.15,SPY230616P00382000,382.0,0,0.0,0.0,,0.0,normalDay
2023-05-09,8064.0,230.0,0.0,0,410.93,0.0,1,4.64,2.34,SPY230616P00382000,382.0,0,0.0,0.0,,0.0,normalDay
2023-05-10,8064.0,272.0,0.0,0,412.85,0.0,1,4.64,1.92,SPY230616P00382000,382.0,0,0.0,0.0,,0.0,normalDay
2023-05-11,8064.0,274.0,0.0,0,412.13,0.0,1,4.64,1.9,SPY230616P00382000,382.0,0,0.0,0.0,,0.0,normalDay
2023-05-12,8064.0,279.0,0.0,0,411.59,0.0,1,4.64,1.85,SPY230616P00382000,382.0,0,0.0,0.0,,0.0,normalDay
2023-05-15,8064.0,312.0,0.0,0,413.01,0.0,1,4.64,1.52,SPY230616P00382000,382.0,0,0.0,0.0,,0.0,normalDay
2023-05-16,8064.0,286.0,0.0,0,410.25,0.0,1,4.64,1.78,SPY230616P00382000,382.0,0,0.0,0.0,,0.0,normalDay
2023-05-17,8064.0,346.0,0.0,0,415.23,0.0,1,4.64,1.18,SPY230616P00382000,382.0,0,0.0,0.0,,0.0,normalDay
2023-05-18,8064.0,380.0,0.0,0,419.23,0.0,1,4.64,0.84,SPY230616P00382000,382.0,0,0.0,0.0,,0.0,normalDay
2023-05-19,8064.0,370.0,0.0,0,418.62,0.0,1,4.64,0.94,SPY230616P00382000,382.0,0,0.0,0.0,,0.0,normalDay
2023-05-22,8064.0,373.0,0.0,0,418.79,0.0,1,4.64,0.91,SPY230616P00382000,382.0,0,0.0,0.0,,0.0,normalDay
2023-05-23,8064.0,337.0,0.0,0,414.09,0.0,1,4.64,1.27,SPY230616P00382000,382.0,0,0.0,0.0,,0.0,normalDay
2023-05-24,8064.0,302.0,0.0,0,411.09,0.0,1,4.64,1.62,SPY230616P00382000,382.0,0,0.0,0.0,,0.0,normalDay
2023-05-25,8064.0,345.0,0.0,0,414.65,0.0,1,4.64,1.19,SPY230616P00382000,382.0,0,0.0,0.0,,0.0,normalDay
2023-05-26,8064.0,384.0,0.0,0,420.02,0.0,1,4.64,0.8,SPY230616P00382000,382.0,0,0.0,0.0,,0.0,normalDay
2023-05-30,8064.0,415.0,0.0,0,420.18,0.0,1,4.64,0.49,SPY230616P00382000,382.0,0,0.0,0.0,,0.0,normalDay
2023-05-31,8064.0,413.0,0.0,0,417.85,0.0,1,4.64,0.51,SPY230616P00382000,382.0,0,0.0,0.0,,0.0,normalDay
2023-06-01,8064.0,435.0,0.0,0,421.82,0.0,1,4.64,0.29,SPY230616P00382000,382.0,0,0.0,0.0,,0.0,normalDay
2023-06-02,8064.0,448.0,0.0,0,427.92,0.0,1,4.64,0.16,SPY230616P00382000,382.0,0,0.0,0.0,,0.0,normalDay
2023-06-05,8064.0,452.0,0.0,0,427.1,0.0,1,4.64,0.12,SPY230616P00382000,382.0,0,0.0,0.0,,0.0,normalDay
2023-06-06,8064.0,453.0,0.0,0,428.03,0.0,1,4.64,0.11,SPY230616P00382000,382.0,0,0.0,0.0,,0.0,normalDay
2023-06-07,8064.0,454.0,0.0,0,426.55,0.0,1,4.64,0.1,SPY230616P00382000,382.0,0,0.0,0.0,,0.0,normalDay
2023-06-08,8064.0,454.0,0.0,0,429.13,0.0,1,4.64,0.1,SPY230616P00382000,382.0,0,0.0,0.0,,0.0,normalDay
2023-06-09,8064.0,457.0,0.0,0,429.9,0.0,1,4.64,0.07,SPY230616P00382000,382.0,0,0.0,0.0,,0.0,normalDay
2023-06-12,8064.0,458.0,0.0,0,433.8,0.0,1,4.64,0.06,SPY230616P00382000,382.0,0,0.0,0.0,,0.0,normalDay
2023-06-13,8064.0,459.0,0.0,0,436.66,0.0,1,4.64,0.05,SPY230616P00382000,382.0,0,0.0,0.0,,0.0,normalDay
2023-06-14,8064.0,461.0,0.0,0,437.18,0.0,1,4.64,0.03,SPY230616P00382000,382.0,0,0.0,0.0,,0.0,normalDay
2023-06-15,8064.0,462.0,0.0,0,442.6,0.0,1,4.64,0.02,SPY230616P00382000,382.0,0,0.0,0.0,,0.0,normalDay
2023-06-16,8528.0,0.0,464.0,0,439.46,0.0,1,4.64,0.0,SPY230616P00382000,382.0,0,0.0,0.0,,0.0,expirationDay
2023-06-20,8528.0,-7.0,0.0,0,437.18,0.0,1,3.83,3.9,SPY230915P00408000,408.0,0,0.0,0.0,,0.0,normalDay
2023-06-21,8528.0,-10.0,0.0,0,434.94,0.0,1,3.83,3.93,SPY230915P00408000,408.0,0,0.0,0.0,,0.0,normalDay
2023-06-22,8528.0,23.0,0.0,0,436.51,0.0,1,3.83,3.6,SPY230915P00408000,408.0,0,0.0,0.0,,0.0,normalDay
2023-06-23,8528.0,-22.0,0.0,0,433.21,0.0,1,3.83,4.05,SPY230915P00408000,408.0,0,0.0,0.0,,0.0,normalDay
2023-06-26,8528.0,-34.0,0.0,0,431.44,0.0,1,3.83,4.17,SPY230915P00408000,408.0,0,0.0,0.0,,0.0,normalDay
2023-06-27,8528.0,50.0,0.0,0,436.17,0.0,1,3.83,3.33,SPY230915P00408000,408.0,0,0.0,0.0,,0.0,normalDay
2023-06-28,8528.0,85.0,0.0,0,436.39,0.0,1,3.83,2.98,SPY230915P00408000,408.0,0,0.0,0.0,,0.0,normalDay
2023-06-29,8528.0,90.0,0.0,0,438.11,0.0,1,3.83,2.93,SPY230915P00408000,408.0,0,0.0,0.0,,0.0,normalDay
2023-06-30,8528.0,142.0,0.0,0,443.28,0.0,1,3.83,2.41,SPY230915P00408000,408.0,0,0.0,0.0,,0.0,normalDay
2023-07-03,8528.0,152.0,0.0,0,443.79,0.0,1,3.83,2.31,SPY230915P00408000,408.0,0,0.0,0.0,,0.0,normalDay
2023-07-05,8528.0,139.0,0.0,0,443.13,0.0,1,3.83,2.44,SPY230915P00408000,408.0,0,0.0,0.0,,0.0,normalDay
2023-07-06,8528.0,81.0,0.0,0,439.66,0.0,1,3.83,3.02,SPY230915P00408000,408.0,0,0.0,0.0,,0.0,normalDay
2023-07-07,8528.0,92.0,0.0,0,438.55,0.0,1,3.83,2.91,SPY230915P00408000,408.0,0,0.0,0.0,,0.0,normalDay
2023-07-10,8528.0,109.0,0.0,0,439.66,0.0,1,3.83,2.74,SPY230915P00408000,408.0,0,0.0,0.0,,0.0,normalDay
2023-07-11,8528.0,144.0,0.0,0,442.46,0.0,1,3.83,2.39,SPY230915P00408000,408.0,0,0.0,0.0,,0.0,normalDay
2023-07-12,8528.0,201.0,0.0,0,446.02,0.0,1,3.83,1.82,SPY230915P00408000,408.0,0,0.0,0.0,,0.0,normalDay
2023-07-13,8528.0,217.0,0.0,0,449.56,0.0,1,3.83,1.66,SPY230915P00408000,408.0,0,0.0,0.0,,0.0,normalDay
2023-07-14,8528.0,224.0,0.0,0,449.28,0.0,1,3.83,1.59,SPY230915P00408000,408.0,0,0.0,0.0,,0.0,normalDay
2023-07-17,8528.0,238.0,0.0,0,450.84,0.0,1,3.83,1.45,SPY230915P00408000,408.0,0,0.0,0.0,,0.0,normalDay
2023-07-18,8528.0,262.0,0.0,0,454.19,0.0,1,3.83,1.21,SPY230915P00408000,408.0,0,0.0,0.0,,0.0,normalDay
2023-07-19,8528.0,257.0,0.0,0,455.2,0.0,1,3.83,1.26,SPY230915P00408000,408.0,0,0.0,0.0,,0.0,normalDay
2023-07-20,8528.0,247.0,0.0,0,452.18,0.0,1,3.83,1.36,SPY230915P00408000,408.0,0,0.0,0.0,,0.0,normalDay
2023-07-21,8528.0,253.0,0.0,0,452.18,0.0,1,3.83,1.3,SPY230915P00408000,408.0,0,0.0,0.0,,0.0,normalDay
2023-07-24,8528.0,268.0,0.0,0,454.2,0.0,1,3.83,1.15,SPY230915P00408000,408.0,0,0.0,0.0,,0.0,normalDay
2023-07-25,8528.0,276.0,0.0,0,455.44,0.0,1,3.83,1.07,SPY230915P00408000,408.0,0,0.0,0.0,,0.0,normalDay
2023-07-26,8528.0,291.0,0.0,0,455.51,0.0,1,3.83,0.92,SPY230915P00408000,408.0,0,0.0,0.0,,0.0,normalDay
2023-07-27,8528.0,262.0,0.0,0,452.49,0.0,1,3.83,1.21,SPY230915P00408000,408.0,0,0.0,0.0,,0.0,normalDay
2023-07-28,8528.0,297.0,0.0,0,456.92,0.0,1,3.83,0.86,SPY230915P00408000,408.0,0,0.0,0.0,,0.0,normalDay
2023-07-31,8528.0,307.0,0.0,0,457.79,0.0,1,3.83,0.76,SPY230915P00408000,408.0,0,0.0,0.0,,0.0,normalDay
2023-08-01,8528.0,303.0,0.0,0,456.48,0.0,1,3.83,0.8,SPY230915P00408000,408.0,0,0.0,0.0,,0.0,normalDay
2023-08-02,8528.0,251.0,0.0,0,450.13,0.0,1,3.83,1.32,SPY230915P00408000,408.0,0,0.0,0.0,,0.0,normalDay
2023-08-03,8528.0,255.0,0.0,0,448.84,0.0,1,3.83,1.28,SPY230915P00408000,408.0,0,0.0,0.0,,0.0,normalDay
2023-08-04,8528.0,221.0,0.0,0,446.81,0.0,1,3.83,1.62,SPY230915P00408000,408.0,0,0.0,0.0,,0.0,normalDay
2023-08-07,8528.0,274.0,0.0,0,450.71,0.0,1,3.83,1.09,SPY230915P00408000,408.0,0,0.0,0.0,,0.0,normalDay
2023-08-08,8528.0,264.0,0.0,0,448.75,0.0,1,3.83,1.19,SPY230915P00408000,408.0,0,0.0,0.0,,0.0,normalDay
2023-08-09,8528.0,261.0,0.0,0,445.75,0.0,1,3.83,1.22,SPY230915P00408000,408.0,0,0.0,0.0,,0.0,normalDay
2023-08-10,8528.0,265.0,0.0,0,445.91,0.0,1,3.83,1.18,SPY230915P00408000,408.0,0,0.0,0.0,,0.0,normalDay
2023-08-11,8528.0,284.0,0.0,0,445.65,0.0,1,3.83,0.99,SPY230915P00408000,408.0,0,0.0,0.0,,0.0,normalDay
2023-08-14,8528.0,308.0,0.0,0,448.11,0.0,1,3.83,0.75,SPY230915P00408000,408.0,0,0.0,0.0,,0.0,normalDay
2023-08-15,8528.0,273.0,0.0,0,442.89,0.0,1,3.83,1.1,SPY230915P00408000,408.0,0,0.0,0.0,,0.0,normalDay
2023-08-16,8528.0,257.0,0.0,0,439.64,0.0,1,3.83,1.26,SPY230915P00408000,408.0,0,0.0,0.0,,0.0,normalDay
2023-08-17,8528.0,219.0,0.0,0,436.29,0.0,1,3.83,1.64,SPY230915P00408000,408.0,0,0.0,0.0,,0.0,normalDay
2023-08-18,8528.0,249.0,0.0,0,436.5,0.0,1,3.83,1.34,SPY230915P00408000,408.0,0,0.0,0.0,,0.0,normalDay
2023-08-21,8528.0,284.0,0.0,0,439.34,0.0,1,3.83,0.99,SPY230915P00408000,408.0,0,0.0,0.0,,0.0,normalDay
2023-08-22,8528.0,291.0,0.0,0,438.15,0.0,1,3.83,0.92,SPY230915P00408000,408.0,0,0.0,0.0,,0.0,normalDay
2023-08-23,8528.0,326.0,0.0,0,443.03,0.0,1,3.83,0.57,SPY230915P00408000,408.0,0,0.0,0.0,,0.0,normalDay
2023-08-24,8528.0,296.0,0.0,0,436.89,0.0,1,3.83,0.87,SPY230915P00408000,408.0,0,0.0,0.0,,0.0,normalDay
2023-08-25,8528.0,330.0,0.0,0,439.97,0.0,1,3.83,0.53,SPY230915P00408000,408.0,0,0.0,0.0,,0.0,normalDay
2023-08-28,8528.0,352.0,0.0,0,442.76,0.0,1,3.83,0.31,SPY230915P00408000,408.0,0,0.0,0.0,,0.0,normalDay
2023-08-29,8528.0,361.0,0.0,0,449.16,0.0,1,3.83,0.22,SPY230915P00408000,408.0,0,0.0,0.0,,0.0,normalDay
2023-08-30,8528.0,364.0,0.0,0,451.01,0.0,1,3.83,0.19,SPY230915P00408000,408.0,0,0.0,0.0,,0.0,normalDay
2023-08-31,8528.0,367.0,0.0,0,450.35,0.0,1,3.83,0.16,SPY230915P00408000,408.0,0,0.0,0.0,,0.0,normalDay
2023-09-01,8528.0,370.0,0.0,0,451.19,0.0,1,3.83,0.13,SPY230915P00408000,408.0,0,0.0,0.0,,0.0,normalDay
2023-09-05,8528.0,372.0,0.0,0,449.24,0.0,1,3.83,0.11,SPY230915P00408000,408.0,0,0.0,0.0,,0.0,normalDay
2023-09-06,8528.0,372.0,0.0,0,446.22,0.0,1,3.83,0.11,SPY230915P00408000,408.0,0,0.0,0.0,,0.0,normalDay
2023-09-07,8528.0,375.0,0.0,0,444.85,0.0,1,3.83,0.08,SPY230915P00408000,408.0,0,0.0,0.0,,0.0,normalDay
2023-09-08,8528.0,377.0,0.0,0,445.52,0.0,1,3.83,0.06,SPY230915P00408000,408.0,0,0.0,0.0,,0.0,normalDay
2023-09-11,8528.0,379.0,0.0,0,448.45,0.0,1,3.83,0.04,SPY230915P00408000,408.0,0,0.0,0.0,,0.0,normalDay
2023-09-12,8528.0,379.0,0.0,0,445.99,0.0,1,3.83,0.04,SPY230915P00408000,408.0,0,0.0,0.0,,0.0,normalDay
2023-09-13,8528.0,380.0,0.0,0,446.51,0.0,1,3.83,0.03,SPY230915P00408000,408.0,0,0.0,0.0,,0.0,normalDay
2023-09-14,8528.0,381.0,0.0,0,450.36,0.0,1,3.83,0.02,SPY230915P00408000,408.0,0,0.0,0.0,,0.0,normalDay
2023-09-15,8911.0,0.0,383.0,0,443.37,0.0,1,3.83,0.0,SPY230915P00408000,408.0,0,0.0,0.0,,0.0,expirationDay
2023-09-18,8911.0,-4.0,0.0,0,443.63,0.0,1,5.57,5.61,SPY231117P00437000,437.0,0,0.0,0.0,,0.0,normalDay
2023-09-19,8911.0,-25.0,0.0,0,442.71,0.0,1,5.57,5.82,SPY231117P00437000,437.0,0,0.0,0.0,,0.0,normalDay
2023-09-20,8911.0,-203.0,0.0,0,438.64,0.0,1,5.57,7.6,SPY231117P00437000,437.0,0,0.0,0.0,,0.0,normalDay
2023-09-21,8911.0,-578.0,0.0,0,431.39,0.0,1,5.57,11.35,SPY231117P00437000,437.0,0,0.0,0.0,,0.0,normalDay
2023-09-22,8911.0,-610.0,0.0,0,430.42,0.0,1,5.57,11.67,SPY231117P00437000,437.0,0,0.0,0.0,,0.0,normalDay
2023-09-25,8911.0,-499.0,0.0,0,432.23,0.0,1,5.57,10.56,SPY231117P00437000,437.0,0,0.0,0.0,,0.0,normalDay
2023-09-26,8911.0,-893.0,0.0,0,425.88,0.0,1,5.57,14.5,SPY231117P00437000,437.0,0,0.0,0.0,,0.0,normalDay
2023-09-27,8911.0,-853.0,0.0,0,426.05,0.0,1,5.57,14.1,SPY231117P00437000,437.0,0,0.0,0.0,,0.0,normalDay
2023-09-28,8911.0,-704.0,0.0,0,428.52,0.0,1,5.57,12.61,SPY231117P00437000,437.0,0,0.0,0.0,,0.0,normalDay
2023-09-29,8911.0,-749.0,0.0,0,427.48,0.0,1,5.57,13.06,SPY231117P00437000,437.0,0,0.0,0.0,,0.0,normalDay
2023-10-02,8911.0,-739.0,0.0,0,427.31,0.0,1,5.57,12.96,SPY231117P00437000,437.0,0,0.0,0.0,,0.0,normalDay
2023-10-03,8911.0,-1163.0,0.0,0,421.59,0.0,1,5.57,17.2,SPY231117P00437000,437.0,0,0.0,0.0,,0.0,normalDay
2023-10-04,8911.0,-952.0,0.0,0,424.66,0.0,1,5.57,15.09,SPY231117P00437000,437.0,0,0.0,0.0,,0.0,normalDay
2023-10-05,8911.0,-969.0,0.0,0,424.5,0.0,1,5.57,15.26,SPY231117P00437000,437.0,0,0.0,0.0,,0.0,normalDay
2023-10-06,8911.0,-578.0,0.0,0,429.54,0.0,1,5.57,11.35,SPY231117P00437000,437.0,0,0.0,0.0,,0.0,normalDay
2023-10-09,8911.0,-420.0,0.0,0,432.29,0.0,1,5.57,9.77,SPY231117P00437000,437.0,0,0.0,0.0,,0.0,normalDay
2023-10-10,8911.0,-289.0,0.0,0,434.54,0.0,1,5.57,8.46,SPY231117P00437000,437.0,0,0.0,0.0,,0.0,normalDay
2023-10-11,8911.0,-138.0,0.0,0,436.32,0.0,1,5.57,6.95,SPY231117P00437000,437.0,0,0.0,0.0,,0.0,normalDay
2023-10-12,8911.0,-275.0,0.0,0,433.66,0.0,1,5.57,8.32,SPY231117P00437000,437.0,0,0.0,0.0,,0.0,normalDay
2023-10-13,8911.0,-480.0,0.0,0,431.5,0.0,1,5.57,10.37,SPY231117P00437000,437.0,0,0.0,0.0,,0.0,normalDay
2023-10-16,8911.0,-156.0,0.0,0,436.04,0.0,1,5.57,7.13,SPY231117P00437000,437.0,0,0.0,0.0,,0.0,normalDay
2023-10-17,8911.0,-186.0,0.0,0,436.02,0.0,1,5.57,7.43,SPY231117P00437000,437.0,0,0.0,0.0,,0.0,normalDay
2023-10-18,8911.0,-468.0,0.0,0,430.21,0.0,1,5.57,10.25,SPY231117P00437000,437.0,0,0.0,0.0,,0.0,normalDay
2023-10-19,8911.0,-824.0,0.0,0,426.43,0.0,1,5.57,13.81,SPY231117P00437000,437.0,0,0.0,0.0,,0.0,normalDay
2023-10-20,8911.0,-1132.0,0.0,0,421.19,0.0,1,5.57,16.89,SPY231117P00437000,437.0,0,0.0,0.0,,0.0,normalDay
2023-10-23,8911.0,-1096.0,0.0,0,420.46,0.0,1,5.57,16.53,SPY231117P00437000,437.0,0,0.0,0.0,,0.0,normalDay
2023-10-24,8911.0,-855.0,0.0,0,423.63,0.0,1,5.57,14.12,SPY231117P00437000,437.0,0,0.0,0.0,,0.0,normalDay
2023-10-25,8911.0,-1464.0,0.0,0,417.55,0.0,1,5.57,20.21,SPY231117P00437000,437.0,0,0.0,0.0,,0.0,normalDay
2023-10-26,8911.0,-1939.0,0.0,0,412.55,0.0,1,5.57,24.96,SPY231117P00437000,437.0,0,0.0,0.0,,0.0,normalDay
2023-10-27,8911.0,-2124.0,0.0,0,410.68,0.0,1,5.57,26.81,SPY231117P00437000,437.0,0,0.0,0.0,,0.0,normalDay
2023-10-30,8911.0,-1622.0,0.0,0,415.59,0.0,1,5.57,21.79,SPY231117P00437000,437.0,0,0.0,0.0,,0.0,normalDay
2023-10-31,8911.0,-1372.0,0.0,0,418.2,0.0,1,5.57,19.29,SPY231117P00437000,437.0,0,0.0,0.0,,0.0,normalDay
2023-11-01,8911.0,-903.0,0.0,0,422.66,0.0,1,5.57,14.6,SPY231117P00437000,437.0,0,0.0,0.0,,0.0,normalDay
2023-11-02,8911.0,-244.0,0.0,0,430.76,0.0,1,5.57,8.01,SPY231117P00437000,437.0,0,0.0,0.0,,0.0,normalDay
2023-11-03,8911.0,72.0,0.0,0,434.69,0.0,1,5.57,4.85,SPY231117P00437000,437.0,0,0.0,0.0,,0.0,normalDay
2023-11-06,8911.0,132.0,0.0,0,435.69,0.0,1,5.57,4.25,SPY231117P00437000,437.0,0,0.0,0.0,,0.0,normalDay
2023-11-07,8911.0,215.0,0.0,0,436.93,0.0,1,5.57,3.42,SPY231117P00437000,437.0,0,0.0,0.0,,0.0,normalDay
2023-11-08,8911.0,246.0,0.0,0,437.25,0.0,1,5.57,3.11,SPY231117P00437000,437.0,0,0.0,0.0,,0.0,normalDay
2023-11-09,8911.0,80.0,0.0,0,433.84,0.0,1,5.57,4.77,SPY231117P00437000,437.0,0,0.0,0.0,,0.0,normalDay
2023-11-10,8911.0,423.0,0.0,0,440.61,0.0,1,5.57,1.34,SPY231117P00437000,437.0,0,0.0,0.0,,0.0,normalDay
2023-11-13,8911.0,419.0,0.0,0,440.19,0.0,1,5.57,1.38,SPY231117P00437000,437.0,0,0.0,0.0,,0.0,normalDay
2023-11-14,8911.0,540.0,0.0,0,448.73,0.0,1,5.57,0.17,SPY231117P00437000,437.0,0,0.0,0.0,,0.0,normalDay
2023-11-15,8911.0,550.0,0.0,0,449.68,0.0,1,5.57,0.07,SPY231117P00437000,437.0,0,0.0,0.0,,0.0,normalDay
2023-11-16,8911.0,554.0,0.0,0,450.23,0.0,1,5.57,0.03,SPY231117P00437000,437.0,0,0.0,0.0,,0.0,normalDay
2023-11-17,9468.0,0.0,557.0,0,450.79,0.0,1,5.57,0.0,SPY231117P00437000,437.0,0,0.0,0.0,,0.0,expirationDay
2023-11-20,9468.0,-4.0,0.0,0,454.26,0.0,1,1.36,1.4,SPY240131P00406000,406.0,0,0.0,0.0,,0.0,normalDay
2023-11-21,9468.0,-1.0,0.0,0,453.27,0.0,1,1.36,1.37,SPY240131P00406000,406.0,0,0.0,0.0,,0.0,normalDay
2023-11-22,9468.0,8.0,0.0,0,455.02,0.0,1,1.36,1.28,SPY240131P00406000,406.0,0,0.0,0.0,,0.0,normalDay
2023-11-24,9468.0,22.0,0.0,0,455.3,0.0,1,1.36,1.14,SPY240131P00406000,406.0,0,0.0,0.0,,0.0,normalDay
2023-11-27,9468.0,22.0,0.0,0,454.48,0.0,1,1.36,1.14,SPY240131P00406000,406.0,0,0.0,0.0,,0.0,normalDay
2023-11-28,9468.0,29.0,0.0,0,454.93,0.0,1,1.36,1.07,SPY240131P00406000,406.0,0,0.0,0.0,,0.0,normalDay
2023-11-29,9468.0,27.0,0.0,0,454.61,0.0,1,1.36,1.09,SPY240131P00406000,406.0,0,0.0,0.0,,0.0,normalDay
2023-11-30,9468.0,34.0,0.0,0,456.4,0.0,1,1.36,1.02,SPY240131P00406000,406.0,0,0.0,0.0,,0.0,normalDay
