date,totalCapital,unrializedPnL,rializedPnL,stocksOwned,stocksPriceToday,stocksPriceBoughtAt,putOwned,putOwnedSoldAt,putPriceToday,putOwnedContract,putOwnedStrike,callOwned,callOwnedSoldAt,callPriceToday,callOwnedContract,callOwnedStrike,trackType
2018-11-01,0.0,-5.0,0.0,0,273.51,0.0,1,0.58,0.63,SPY181203P00245000,245.0,0,0.0,0.0,,0.0,normalDay
2018-11-02,0.0,-5.0,0.0,0,271.89,0.0,1,0.58,0.63,SPY181203P00245000,245.0,0,0.0,0.0,,0.0,normalDay
2018-11-05,0.0,6.0,0.0,0,273.39,0.0,1,0.58,0.52,SPY181203P00245000,245.0,0,0.0,0.0,,0.0,normalDay
2018-11-06,0.0,10.0,0.0,0,275.12,0.0,1,0.58,0.48,SPY181203P00245000,245.0,0,0.0,0.0,,0.0,normalDay
2018-11-07,0.0,39.0,0.0,0,281.01,0.0,1,0.58,0.19,SPY181203P00245000,245.0,0,0.0,0.0,,0.0,normalDay
2018-11-08,0.0,36.0,0.0,0,280.5,0.0,1,0.58,0.22,SPY181203P00245000,245.0,0,0.0,0.0,,0.0,normalDay
2018-11-09,0.0,35.0,0.0,0,277.76,0.0,1,0.58,0.23,SPY181203P00245000,245.0,0,0.0,0.0,,0.0,normalDay
2018-11-12,0.0,15.0,0.0,0,272.57,0.0,1,0.58,0.43,SPY181203P00245000,245.0,0,0.0,0.0,,0.0,normalDay
2018-11-13,0.0,18.0,0.0,0,272.06,0.0,1,0.58,0.4,SPY181203P00245000,245.0,0,0.0,0.0,,0.0,normalDay
2018-11-14,0.0,12.0,0.0,0,270.2,0.0,1,0.58,0.46,SPY181203P00245000,245.0,0,0.0,0.0,,0.0,normalDay
2018-11-15,0.0,29.0,0.0,0,273.02,0.0,1,0.58,0.29,SPY181203P00245000,245.0,0,0.0,0.0,,0.0,normalDay
2018-11-16,0.0,41.0,0.0,0,273.73,0.0,1,0.58,0.17,SPY181203P00245000,245.0,0,0.0,0.0,,0.0,normalDay
2018-11-19,0.0,35.0,0.0,0,269.1,0.0,1,0.58,0.23,SPY181203P00245000,245.0,0,0.0,0.0,,0.0,normalDay
2018-11-20,0.0,11.0,0.0,0,264.12,0.0,1,0.58,0.47,SPY181203P00245000,245.0,0,0.0,0.0,,0.0,normalDay
2018-11-21,0.0,33.0,0.0,0,265.02,0.0,1,0.58,0.25,SPY181203P00245000,245.0,0,0.0,0.0,,0.0,normalDay
2018-11-23,0.0,35.0,0.0,0,263.25,0.0,1,0.58,0.23,SPY181203P00245000,245.0,0,0.0,0.0,,0.0,normalDay
2018-11-26,0.0,52.0,0.0,0,267.5,0.0,1,0.58,0.06,SPY181203P00245000,245.0,0,0.0,0.0,,0.0,normalDay
2018-11-27,0.0,53.0,0.0,0,268.4,0.0,1,0.58,0.05,SPY181203P00245000,245.0,0,0.0,0.0,,0.0,normalDay
2018-11-28,0.0,54.0,0.0,0,274.58,0.0,1,0.58,0.04,SPY181203P00245000,245.0,0,0.0,0.0,,0.0,normalDay
2018-11-29,0.0,56.0,0.0,0,273.98,0.0,1,0.58,0.02,SPY181203P00245000,245.0,0,0.0,0.0,,0.0,normalDay
2018-11-30,0.0,57.0,0.0,0,275.65,0.0,1,0.58,0.01,SPY181203P00245000,245.0,0,0.0,0.0,,0.0,normalDay
2018-12-03,58.0,0.0,58.0,0,279.3,0.0,1,0.58,0.0,SPY181203P00245000,245.0,0,0.0,0.0,,0.0,expirationDay
2018-12-04,58.0,-6.0,0.0,0,270.25,0.0,1,1.32,1.38,SPY190104P00251000,251.0,0,0.0,0.0,,0.0,normalDay
2018-12-06,58.0,-9.0,0.0,0,269.84,0.0,1,1.32,1.41,SPY190104P00251000,251.0,0,0.0,0.0,,0.0,normalDay
2018-12-07,58.0,-130.0,0.0,0,263.57,0.0,1,1.32,2.62,SPY190104P00251000,251.0,0,0.0,0.0,,0.0,normalDay
2018-12-10,58.0,-65.0,0.0,0,264.07,0.0,1,1.32,1.97,SPY190104P00251000,251.0,0,0.0,0.0,,0.0,normalDay
2018-12-11,58.0,-45.0,0.0,0,264.13,0.0,1,1.32,1.77,SPY190104P00251000,251.0,0,0.0,0.0,,0.0,normalDay
2018-12-12,58.0,-15.0,0.0,0,265.46,0.0,1,1.32,1.47,SPY190104P00251000,251.0,0,0.0,0.0,,0.0,normalDay
2018-12-13,58.0,12.0,0.0,0,265.37,0.0,1,1.32,1.2,SPY190104P00251000,251.0,0,0.0,0.0,,0.0,normalDay
2018-12-14,58.0,-67.0,0.0,0,260.47,0.0,1,1.32,1.99,SPY190104P00251000,251.0,0,0.0,0.0,,0.0,normalDay
2018-12-17,58.0,-229.0,0.0,0,255.36,0.0,1,1.32,3.61,SPY190104P00251000,251.0,0,0.0,0.0,,0.0,normalDay
2018-12-18,58.0,-271.0,0.0,0,255.08,0.0,1,1.32,4.03,SPY190104P00251000,251.0,0,0.0,0.0,,0.0,normalDay
2018-12-19,58.0,-362.0,0.0,0,251.26,0.0,1,1.32,4.94,SPY190104P00251000,251.0,0,0.0,0.0,,0.0,normalDay
2018-12-20,58.0,-600.0,0.0,0,247.17,0.0,1,1.32,7.32,SPY190104P00251000,251.0,0,0.0,0.0,,0.0,normalDay
2018-12-21,58.0,-1083.0,0.0,0,240.7,0.0,1,1.32,12.15,SPY190104P00251000,251.0,0,0.0,0.0,,0.0,normalDay
2018-12-24,58.0,-1798.0,0.0,0,234.34,0.0,1,1.32,19.3,SPY190104P00251000,251.0,0,0.0,0.0,,0.0,normalDay
2018-12-26,58.0,-571.0,0.0,0,246.18,0.0,1,1.32,7.03,SPY190104P00251000,251.0,0,0.0,0.0,,0.0,normalDay
2018-12-27,58.0,-445.0,0.0,0,248.07,0.0,1,1.32,5.77,SPY190104P00251000,251.0,0,0.0,0.0,,0.0,normalDay
2018-12-28,58.0,-439.0,0.0,0,247.75,0.0,1,1.32,5.71,SPY190104P00251000,251.0,0,0.0,0.0,,0.0,normalDay
2018-12-31,58.0,-202.0,0.0,0,249.92,0.0,1,1.32,3.34,SPY190104P00251000,251.0,0,0.0,0.0,,0.0,normalDay
2019-01-02,58.0,-80.0,0.0,0,250.18,0.0,1,1.32,2.12,SPY190104P00251000,251.0,0,0.0,0.0,,0.0,normalDay
2019-01-03,58.0,-579.0,0.0,0,244.21,0.0,1,1.32,7.11,SPY190104P00251000,251.0,0,0.0,0.0,,0.0,normalDay
2019-01-04,190.0,0.0,132.0,0,252.39,0.0,1,1.32,0.0,SPY190104P00251000,251.0,0,0.0,0.0,,0.0,expirationDay
2019-01-07,190.0,-3.0,0.0,0,254.38,0.0,1,0.28,0.31,SPY190208P00216000,216.0,0,0.0,0.0,,0.0,normalDay
2019-01-08,190.0,3.0,0.0,0,256.77,0.0,1,0.28,0.25,SPY190208P00216000,216.0,0,0.0,0.0,,0.0,normalDay
2019-01-09,190.0,7.0,0.0,0,257.97,0.0,1,0.28,0.21,SPY190208P00216000,216.0,0,0.0,0.0,,0.0,normalDay
2019-01-10,190.0,9.0,0.0,0,258.88,0.0,1,0.28,0.19,SPY190208P00216000,216.0,0,0.0,0.0,,0.0,normalDay
2019-01-11,190.0,15.0,0.0,0,258.98,0.0,1,0.28,0.13,SPY190208P00216000,216.0,0,0.0,0.0,,0.0,normalDay
2019-01-14,190.0,12.0,0.0,0,257.4,0.0,1,0.28,0.16,SPY190208P00216000,216.0,0,0.0,0.0,,0.0,normalDay
2019-01-15,190.0,15.0,0.0,0,260.35,0.0,1,0.28,0.13,SPY190208P00216000,216.0,0,0.0,0.0,,0.0,normalDay
2019-01-16,190.0,14.0,0.0,0,260.98,0.0,1,0.28,0.14,SPY190208P00216000,216.0,0,0.0,0.0,,0.0,normalDay
2019-01-17,190.0,17.0,0.0,0,262.96,0.0,1,0.28,0.11,SPY190208P00216000,216.0,0,0.0,0.0,,0.0,normalDay
2019-01-18,190.0,19.0,0.0,0,266.46,0.0,1,0.28,0.09,SPY190208P00216000,216.0,0,0.0,0.0,,0.0,normalDay
2019-01-22,190.0,16.0,0.0,0,262.86,0.0,1,0.28,0.12,SPY190208P00216000,216.0,0,0.0,0.0,,0.0,normalDay
2019-01-23,190.0,22.0,0.0,0,263.41,0.0,1,0.28,0.06,SPY190208P00216000,216.0,0,0.0,0.0,,0.0,normalDay
2019-01-24,190.0,22.0,0.0,0,263.55,0.0,1,0.28,0.06,SPY190208P00216000,216.0,0,0.0,0.0,,0.0,normalDay
2019-01-25,190.0,25.0,0.0,0,265.78,0.0,1,0.28,0.03,SPY190208P00216000,216.0,0,0.0,0.0,,0.0,normalDay
2019-01-28,190.0,24.0,0.0,0,263.76,0.0,1,0.28,0.04,SPY190208P00216000,216.0,0,0.0,0.0,,0.0,normalDay
2019-01-29,190.0,25.0,0.0,0,263.41,0.0,1,0.28,0.03,SPY190208P00216000,216.0,0,0.0,0.0,,0.0,normalDay
2019-01-30,190.0,26.0,0.0,0,267.58,0.0,1,0.28,0.02,SPY190208P00216000,216.0,0,0.0,0.0,,0.0,normalDay
2019-01-31,190.0,27.0,0.0,0,269.93,0.0,1,0.28,0.01,SPY190208P00216000,216.0,0,0.0,0.0,,0.0,normalDay
2019-02-01,190.0,27.0,0.0,0,270.06,0.0,1,0.28,0.01,SPY190208P00216000,216.0,0,0.0,0.0,,0.0,normalDay
2019-02-04,190.0,27.0,0.0,0,271.96,0.0,1,0.28,0.01,SPY190208P00216000,216.0,0,0.0,0.0,,0.0,normalDay
2019-02-05,190.0,27.0,0.0,0,273.1,0.0,1,0.28,0.01,SPY190208P00216000,216.0,0,0.0,0.0,,0.0,normalDay
2019-02-06,190.0,27.0,0.0,0,272.74,0.0,1,0.28,0.01,SPY190208P00216000,216.0,0,0.0,0.0,,0.0,normalDay
2019-02-07,190.0,27.0,0.0,0,270.14,0.0,1,0.28,0.01,SPY190208P00216000,216.0,0,0.0,0.0,,0.0,normalDay
2019-02-08,218.0,0.0,28.0,0,270.47,0.0,1,0.28,0.0,SPY190208P00216000,216.0,0,0.0,0.0,,0.0,expirationDay
2019-02-11,218.0,-3.0,0.0,0,270.62,0.0,1,0.58,0.61,SPY190315P00247000,247.0,0,0.0,0.0,,0.0,normalDay
2019-02-12,218.0,16.0,0.0,0,274.1,0.0,1,0.58,0.42,SPY190315P00247000,247.0,0,0.0,0.0,,0.0,normalDay
2019-02-13,218.0,18.0,0.0,0,274.99,0.0,1,0.58,0.4,SPY190315P00247000,247.0,0,0.0,0.0,,0.0,normalDay
2019-02-14,218.0,13.0,0.0,0,274.38,0.0,1,0.58,0.45,SPY190315P00247000,247.0,0,0.0,0.0,,0.0,normalDay
2019-02-15,218.0,28.0,0.0,0,277.37,0.0,1,0.58,0.3,SPY190315P00247000,247.0,0,0.0,0.0,,0.0,normalDay
2019-02-19,218.0,36.0,0.0,0,277.85,0.0,1,0.58,0.22,SPY190315P00247000,247.0,0,0.0,0.0,,0.0,normalDay
2019-02-20,218.0,41.0,0.0,0,278.41,0.0,1,0.58,0.17,SPY190315P00247000,247.0,0,0.0,0.0,,0.0,normalDay
2019-02-21,218.0,41.0,0.0,0,277.42,0.0,1,0.58,0.17,SPY190315P00247000,247.0,0,0.0,0.0,,0.0,normalDay
2019-02-22,218.0,46.0,0.0,0,279.14,0.0,1,0.58,0.12,SPY190315P00247000,247.0,0,0.0,0.0,,0.0,normalDay
2019-02-25,218.0,43.0,0.0,0,279.52,0.0,1,0.58,0.15,SPY190315P00247000,247.0,0,0.0,0.0,,0.0,normalDay
2019-02-26,218.0,44.0,0.0,0,279.32,0.0,1,0.58,0.14,SPY190315P00247000,247.0,0,0.0,0.0,,0.0,normalDay
2019-02-27,218.0,46.0,0.0,0,279.2,0.0,1,0.58,0.12,SPY190315P00247000,247.0,0,0.0,0.0,,0.0,normalDay
2019-02-28,218.0,45.0,0.0,0,278.68,0.0,1,0.58,0.13,SPY190315P00247000,247.0,0,0.0,0.0,,0.0,normalDay
2019-03-01,218.0,52.0,0.0,0,280.42,0.0,1,0.58,0.06,SPY190315P00247000,247.0,0,0.0,0.0,,0.0,normalDay
2019-03-04,218.0,52.0,0.0,0,279.4,0.0,1,0.58,0.06,SPY190315P00247000,247.0,0,0.0,0.0,,0.0,normalDay
2019-03-05,218.0,52.0,0.0,0,279.02,0.0,1,0.58,0.06,SPY190315P00247000,247.0,0,0.0,0.0,,0.0,normalDay
2019-03-06,218.0,51.0,0.0,0,277.33,0.0,1,0.58,0.07,SPY190315P00247000,247.0,0,0.0,0.0,,0.0,normalDay
2019-03-07,218.0,51.0,0.0,0,275.01,0.0,1,0.58,0.07,SPY190315P00247000,247.0,0,0.0,0.0,,0.0,normalDay
2019-03-08,218.0,54.0,0.0,0,274.46,0.0,1,0.58,0.04,SPY190315P00247000,247.0,0,0.0,0.0,,0.0,normalDay
2019-03-11,218.0,56.0,0.0,0,278.44,0.0,1,0.58,0.02,SPY190315P00247000,247.0,0,0.0,0.0,,0.0,normalDay
2019-03-12,218.0,57.0,0.0,0,279.49,0.0,1,0.58,0.01,SPY190315P00247000,247.0,0,0.0,0.0,,0.0,normalDay
2019-03-13,218.0,57.0,0.0,0,281.34,0.0,1,0.58,0.01,SPY190315P00247000,247.0,0,0.0,0.0,,0.0,normalDay
2019-03-14,218.0,57.0,0.0,0,281.16,0.0,1,0.58,0.01,SPY190315P00247000,247.0,0,0.0,0.0,,0.0,normalDay
2019-03-15,276.0,0.0,58.0,0,281.31,0.0,1,0.58,0.0,SPY190315P00247000,247.0,0,0.0,0.0,,0.0,expirationDay
2019-03-18,276.0,-4.0,0.0,0,282.33,0.0,1,0.95,0.99,SPY190418P00271000,271.0,0,0.0,0.0,,0.0,normalDay
2019-03-19,276.0,-14.0,0.0,0,282.4,0.0,1,0.95,1.09,SPY190418P00271000,271.0,0,0.0,0.0,,0.0,normalDay
2019-03-20,276.0,-24.0,0.0,0,281.55,0.0,1,0.95,1.19,SPY190418P00271000,271.0,0,0.0,0.0,,0.0,normalDay
2019-03-21,276.0,14.0,0.0,0,284.73,0.0,1,0.95,0.81,SPY190418P00271000,271.0,0,0.0,0.0,,0.0,normalDay
2019-03-22,276.0,-92.0,0.0,0,279.25,0.0,1,0.95,1.87,SPY190418P00271000,271.0,0,0.0,0.0,,0.0,normalDay
2019-03-25,276.0,-84.0,0.0,0,279.04,0.0,1,0.95,1.79,SPY190418P00271000,271.0,0,0.0,0.0,,0.0,normalDay
2019-03-26,276.0,-18.0,0.0,0,281.12,0.0,1,0.95,1.13,SPY190418P00271000,271.0,0,0.0,0.0,,0.0,normalDay
2019-03-27,276.0,-39.0,0.0,0,279.65,0.0,1,0.95,1.34,SPY190418P00271000,271.0,0,0.0,0.0,,0.0,normalDay
2019-03-28,276.0,-3.0,0.0,0,280.71,0.0,1,0.95,0.98,SPY190418P00271000,271.0,0,0.0,0.0,,0.0,normalDay
2019-03-29,276.0,33.0,0.0,0,282.48,0.0,1,0.95,0.62,SPY190418P00271000,271.0,0,0.0,0.0,,0.0,normalDay
2019-04-01,276.0,62.0,0.0,0,285.83,0.0,1,0.95,0.33,SPY190418P00271000,271.0,0,0.0,0.0,,0.0,normalDay
2019-04-02,276.0,67.0,0.0,0,285.97,0.0,1,0.95,0.28,SPY190418P00271000,271.0,0,0.0,0.0,,0.0,normalDay
2019-04-03,276.0,69.0,0.0,0,286.42,0.0,1,0.95,0.26,SPY190418P00271000,271.0,0,0.0,0.0,,0.0,normalDay
2019-04-04,276.0,76.0,0.0,0,287.18,0.0,1,0.95,0.19,SPY190418P00271000,271.0,0,0.0,0.0,,0.0,normalDay
2019-04-05,276.0,84.0,0.0,0,288.57,0.0,1,0.95,0.11,SPY190418P00271000,271.0,0,0.0,0.0,,0.0,normalDay
2019-04-08,276.0,86.0,0.0,0,288.79,0.0,1,0.95,0.09,SPY190418P00271000,271.0,0,0.0,0.0,,0.0,normalDay
2019-04-09,276.0,84.0,0.0,0,287.31,0.0,1,0.95,0.11,SPY190418P00271000,271.0,0,0.0,0.0,,0.0,normalDay
2019-04-10,276.0,89.0,0.0,0,288.29,0.0,1,0.95,0.06,SPY190418P00271000,271.0,0,0.0,0.0,,0.0,normalDay
2019-04-11,276.0,90.0,0.0,0,288.21,0.0,1,0.95,0.05,SPY190418P00271000,271.0,0,0.0,0.0,,0.0,normalDay
2019-04-12,276.0,92.0,0.0,0,290.16,0.0,1,0.95,0.03,SPY190418P00271000,271.0,0,0.0,0.0,,0.0,normalDay
2019-04-15,276.0,93.0,0.0,0,289.97,0.0,1,0.95,0.02,SPY190418P00271000,271.0,0,0.0,0.0,,0.0,normalDay
2019-04-16,276.0,93.0,0.0,0,290.16,0.0,1,0.95,0.02,SPY190418P00271000,271.0,0,0.0,0.0,,0.0,normalDay
2019-04-17,276.0,94.0,0.0,0,289.45,0.0,1,0.95,0.01,SPY190418P00271000,271.0,0,0.0,0.0,,0.0,normalDay
2019-04-18,371.0,0.0,95.0,0,290.02,0.0,1,0.95,0.0,SPY190418P00271000,271.0,0,0.0,0.0,,0.0,expirationDay
2019-04-22,371.0,-3.0,0.0,0,290.27,0.0,1,0.52,0.55,SPY190524P00271000,271.0,0,0.0,0.0,,0.0,normalDay
2019-04-23,371.0,7.0,0.0,0,292.88,0.0,1,0.52,0.45,SPY190524P00271000,271.0,0,0.0,0.0,,0.0,normalDay
2019-04-24,371.0,0.0,0.0,0,292.23,0.0,1,0.52,0.52,SPY190524P00271000,271.0,0,0.0,0.0,,0.0,normalDay
2019-04-25,371.0,0.0,0.0,0,292.05,0.0,1,0.52,0.52,SPY190524P00271000,271.0,0,0.0,0.0,,0.0,normalDay
2019-04-26,371.0,10.0,0.0,0,293.41,0.0,1,0.52,0.42,SPY190524P00271000,271.0,0,0.0,0.0,,0.0,normalDay
2019-04-29,371.0,13.0,0.0,0,293.87,0.0,1,0.52,0.39,SPY190524P00271000,271.0,0,0.0,0.0,,0.0,normalDay
2019-04-30,371.0,14.0,0.0,0,294.02,0.0,1,0.52,0.38,SPY190524P00271000,271.0,0,0.0,0.0,,0.0,normalDay
2019-05-01,371.0,-1.0,0.0,0,291.81,0.0,1,0.52,0.53,SPY190524P00271000,271.0,0,0.0,0.0,,0.0,normalDay
2019-05-02,371.0,1.0,0.0,0,291.18,0.0,1,0.52,0.51,SPY190524P00271000,271.0,0,0.0,0.0,,0.0,normalDay
2019-05-03,371.0,25.0,0.0,0,294.03,0.0,1,0.52,0.27,SPY190524P00271000,271.0,0,0.0,0.0,,0.0,normalDay
2019-05-06,371.0,9.0,0.0,0,292.82,0.0,1,0.52,0.43,SPY190524P00271000,271.0,0,0.0,0.0,,0.0,normalDay
2019-05-07,371.0,-57.0,0.0,0,287.93,0.0,1,0.52,1.09,SPY190524P00271000,271.0,0,0.0,0.0,,0.0,normalDay
2019-05-08,371.0,-52.0,0.0,0,287.53,0.0,1,0.52,1.04,SPY190524P00271000,271.0,0,0.0,0.0,,0.0,normalDay
2019-05-09,371.0,-40.0,0.0,0,286.66,0.0,1,0.52,0.92,SPY190524P00271000,271.0,0,0.0,0.0,,0.0,normalDay
2019-05-10,371.0,12.0,0.0,0,288.1,0.0,1,0.52,0.4,SPY190524P00271000,271.0,0,0.0,0.0,,0.0,normalDay
2019-05-13,371.0,-89.0,0.0,0,280.86,0.0,1,0.52,1.41,SPY190524P00271000,271.0,0,0.0,0.0,,0.0,normalDay
2019-05-14,371.0,-12.0,0.0,0,283.4,0.0,1,0.52,0.64,SPY190524P00271000,271.0,0,0.0,0.0,,0.0,normalDay
2019-05-15,371.0,26.0,0.0,0,285.06,0.0,1,0.52,0.26,SPY190524P00271000,271.0,0,0.0,0.0,,0.0,normalDay
2019-05-16,371.0,41.0,0.0,0,287.7,0.0,1,0.52,0.11,SPY190524P00271000,271.0,0,0.0,0.0,,0.0,normalDay
2019-05-17,371.0,35.0,0.0,0,285.84,0.0,1,0.52,0.17,SPY190524P00271000,271.0,0,0.0,0.0,,0.0,normalDay
2019-05-20,371.0,45.0,0.0,0,283.95,0.0,1,0.52,0.07,SPY190524P00271000,271.0,0,0.0,0.0,,0.0,normalDay
2019-05-21,371.0,50.0,0.0,0,286.51,0.0,1,0.52,0.02,SPY190524P00271000,271.0,0,0.0,0.0,,0.0,normalDay
2019-05-22,371.0,50.0,0.0,0,285.63,0.0,1,0.52,0.02,SPY190524P00271000,271.0,0,0.0,0.0,,0.0,normalDay
2019-05-23,371.0,49.0,0.0,0,282.14,0.0,1,0.52,0.03,SPY190524P00271000,271.0,0,0.0,0.0,,0.0,normalDay
2019-05-24,423.0,0.0,52.0,0,282.78,0.0,1,0.52,0.0,SPY190524P00271000,271.0,0,0.0,0.0,,0.0,expirationDay
2019-05-28,423.0,-5.0,0.0,0,280.15,0.0,1,2.19,2.24,SPY190628P00269000,269.0,0,0.0,0.0,,0.0,normalDay
2019-05-29,423.0,-44.0,0.0,0,278.27,0.0,1,2.19,2.63,SPY190628P00269000,269.0,0,0.0,0.0,,0.0,normalDay
2019-05-30,423.0,-9.0,0.0,0,279.03,0.0,1,2.19,2.28,SPY190628P00269000,269.0,0,0.0,0.0,,0.0,normalDay
2019-05-31,423.0,-121.0,0.0,0,275.27,0.0,1,2.19,3.4,SPY190628P00269000,269.0,0,0.0,0.0,,0.0,normalDay
2019-06-03,423.0,-110.0,0.0,0,274.57,0.0,1,2.19,3.29,SPY190628P00269000,269.0,0,0.0,0.0,,0.0,normalDay
2019-06-04,423.0,63.0,0.0,0,280.53,0.0,1,2.19,1.56,SPY190628P00269000,269.0,0,0.0,0.0,,0.0,normalDay
2019-06-05,423.0,121.0,0.0,0,282.96,0.0,1,2.19,0.98,SPY190628P00269000,269.0,0,0.0,0.0,,0.0,normalDay
2019-06-06,423.0,141.0,0.0,0,284.8,0.0,1,2.19,0.78,SPY190628P00269000,269.0,0,0.0,0.0,,0.0,normalDay
2019-06-07,423.0,157.0,0.0,0,287.65,0.0,1,2.19,0.62,SPY190628P00269000,269.0,0,0.0,0.0,,0.0,normalDay
2019-06-10,423.0,177.0,0.0,0,288.97,0.0,1,2.19,0.42,SPY190628P00269000,269.0,0,0.0,0.0,,0.0,normalDay
2019-06-11,423.0,180.0,0.0,0,288.9,0.0,1,2.19,0.39,SPY190628P00269000,269.0,0,0.0,0.0,,0.0,normalDay
2019-06-12,423.0,182.0,0.0,0,288.39,0.0,1,2.19,0.37,SPY190628P00269000,269.0,0,0.0,0.0,,0.0,normalDay
2019-06-13,423.0,191.0,0.0,0,289.58,0.0,1,2.19,0.28,SPY190628P00269000,269.0,0,0.0,0.0,,0.0,normalDay
2019-06-14,423.0,200.0,0.0,0,289.26,0.0,1,2.19,0.19,SPY190628P00269000,269.0,0,0.0,0.0,,0.0,normalDay
2019-06-17,423.0,203.0,0.0,0,289.37,0.0,1,2.19,0.16,SPY190628P00269000,269.0,0,0.0,0.0,,0.0,normalDay
2019-06-18,423.0,209.0,0.0,0,292.4,0.0,1,2.19,0.1,SPY190628P00269000,269.0,0,0.0,0.0,,0.0,normalDay
2019-06-19,423.0,212.0,0.0,0,293.06,0.0,1,2.19,0.07,SPY190628P00269000,269.0,0,0.0,0.0,,0.0,normalDay
2019-06-20,423.0,212.0,0.0,0,295.86,0.0,1,2.19,0.07,SPY190628P00269000,269.0,0,0.0,0.0,,0.0,normalDay
2019-06-21,423.0,214.0,0.0,0,294.0,0.0,1,2.19,0.05,SPY190628P00269000,269.0,0,0.0,0.0,,0.0,normalDay
2019-06-24,423.0,217.0,0.0,0,293.64,0.0,1,2.19,0.02,SPY190628P00269000,269.0,0,0.0,0.0,,0.0,normalDay
2019-06-25,423.0,217.0,0.0,0,290.76,0.0,1,2.19,0.02,SPY190628P00269000,269.0,0,0.0,0.0,,0.0,normalDay
2019-06-26,423.0,217.0,0.0,0,290.47,0.0,1,2.19,0.02,SPY190628P00269000,269.0,0,0.0,0.0,,0.0,normalDay
2019-06-27,423.0,218.0,0.0,0,291.5,0.0,1,2.19,0.01,SPY190628P00269000,269.0,0,0.0,0.0,,0.0,normalDay
2019-06-28,642.0,0.0,219.0,0,293.0,0.0,1,2.19,0.0,SPY190628P00269000,269.0,0,0.0,0.0,,0.0,expirationDay
2019-07-01,642.0,-3.0,0.0,0,295.66,0.0,1,0.57,0.6,SPY190802P00273000,273.0,0,0.0,0.0,,0.0,normalDay
2019-07-02,642.0,12.0,0.0,0,296.43,0.0,1,0.57,0.45,SPY190802P00273000,273.0,0,0.0,0.0,,0.0,normalDay
2019-07-03,642.0,24.0,0.0,0,298.8,0.0,1,0.57,0.33,SPY190802P00273000,273.0,0,0.0,0.0,,0.0,normalDay
2019-07-05,642.0,20.0,0.0,0,298.46,0.0,1,0.57,0.37,SPY190802P00273000,273.0,0,0.0,0.0,,0.0,normalDay
2019-07-08,642.0,17.0,0.0,0,296.82,0.0,1,0.57,0.4,SPY190802P00273000,273.0,0,0.0,0.0,,0.0,normalDay
2019-07-09,642.0,18.0,0.0,0,297.19,0.0,1,0.57,0.39,SPY190802P00273000,273.0,0,0.0,0.0,,0.0,normalDay
2019-07-10,642.0,32.0,0.0,0,298.61,0.0,1,0.57,0.25,SPY190802P00273000,273.0,0,0.0,0.0,,0.0,normalDay
2019-07-11,642.0,33.0,0.0,0,299.31,0.0,1,0.57,0.24,SPY190802P00273000,273.0,0,0.0,0.0,,0.0,normalDay
2019-07-12,642.0,39.0,0.0,0,300.65,0.0,1,0.57,0.18,SPY190802P00273000,273.0,0,0.0,0.0,,0.0,normalDay
2019-07-15,642.0,39.0,0.0,0,300.75,0.0,1,0.57,0.18,SPY190802P00273000,273.0,0,0.0,0.0,,0.0,normalDay
2019-07-16,642.0,37.0,0.0,0,299.78,0.0,1,0.57,0.2,SPY190802P00273000,273.0,0,0.0,0.0,,0.0,normalDay
2019-07-17,642.0,33.0,0.0,0,297.74,0.0,1,0.57,0.24,SPY190802P00273000,273.0,0,0.0,0.0,,0.0,normalDay
2019-07-18,642.0,39.0,0.0,0,298.83,0.0,1,0.57,0.18,SPY190802P00273000,273.0,0,0.0,0.0,,0.0,normalDay
2019-07-19,642.0,39.0,0.0,0,297.17,0.0,1,0.57,0.18,SPY190802P00273000,273.0,0,0.0,0.0,,0.0,normalDay
2019-07-22,642.0,47.0,0.0,0,297.9,0.0,1,0.57,0.1,SPY190802P00273000,273.0,0,0.0,0.0,,0.0,normalDay
2019-07-23,642.0,51.0,0.0,0,300.03,0.0,1,0.57,0.06,SPY190802P00273000,273.0,0,0.0,0.0,,0.0,normalDay
2019-07-24,642.0,53.0,0.0,0,301.44,0.0,1,0.57,0.04,SPY190802P00273000,273.0,0,0.0,0.0,,0.0,normalDay
2019-07-25,642.0,54.0,0.0,0,300.0,0.0,1,0.57,0.03,SPY190802P00273000,273.0,0,0.0,0.0,,0.0,normalDay
2019-07-26,642.0,54.0,0.0,0,302.01,0.0,1,0.57,0.03,SPY190802P00273000,273.0,0,0.0,0.0,,0.0,normalDay
2019-07-29,642.0,55.0,0.0,0,301.46,0.0,1,0.57,0.02,SPY190802P00273000,273.0,0,0.0,0.0,,0.0,normalDay
2019-07-30,642.0,54.0,0.0,0,300.72,0.0,1,0.57,0.03,SPY190802P00273000,273.0,0,0.0,0.0,,0.0,normalDay
2019-07-31,642.0,49.0,0.0,0,297.43,0.0,1,0.57,0.08,SPY190802P00273000,273.0,0,0.0,0.0,,0.0,normalDay
2019-08-01,642.0,55.0,0.0,0,294.84,0.0,1,0.57,0.02,SPY190802P00273000,273.0,0,0.0,0.0,,0.0,normalDay
2019-08-02,699.0,0.0,57.0,0,292.62,0.0,1,0.57,0.0,SPY190802P00273000,273.0,0,0.0,0.0,,0.0,expirationDay
2019-08-05,699.0,-7.0,0.0,0,283.82,0.0,1,6.23,6.3,SPY190906P00281000,281.0,0,0.0,0.0,,0.0,normalDay
2019-08-06,699.0,242.0,0.0,0,287.8,0.0,1,6.23,3.81,SPY190906P00281000,281.0,0,0.0,0.0,,0.0,normalDay
2019-08-07,699.0,263.0,0.0,0,287.97,0.0,1,6.23,3.6,SPY190906P00281000,281.0,0,0.0,0.0,,0.0,normalDay
2019-08-08,699.0,438.0,0.0,0,293.62,0.0,1,6.23,1.85,SPY190906P00281000,281.0,0,0.0,0.0,,0.0,normalDay
2019-08-09,699.0,395.0,0.0,0,291.62,0.0,1,6.23,2.28,SPY190906P00281000,281.0,0,0.0,0.0,,0.0,normalDay
2019-08-12,699.0,268.0,0.0,0,288.07,0.0,1,6.23,3.55,SPY190906P00281000,281.0,0,0.0,0.0,,0.0,normalDay
2019-08-13,699.0,441.0,0.0,0,292.55,0.0,1,6.23,1.82,SPY190906P00281000,281.0,0,0.0,0.0,,0.0,normalDay
2019-08-14,699.0,147.0,0.0,0,283.9,0.0,1,6.23,4.76,SPY190906P00281000,281.0,0,0.0,0.0,,0.0,normalDay
2019-08-15,699.0,208.0,0.0,0,284.65,0.0,1,6.23,4.15,SPY190906P00281000,281.0,0,0.0,0.0,,0.0,normalDay
2019-08-16,699.0,387.0,0.0,0,288.85,0.0,1,6.23,2.36,SPY190906P00281000,281.0,0,0.0,0.0,,0.0,normalDay
2019-08-19,699.0,502.0,0.0,0,292.33,0.0,1,6.23,1.21,SPY190906P00281000,281.0,0,0.0,0.0,,0.0,normalDay
2019-08-20,699.0,462.0,0.0,0,290.09,0.0,1,6.23,1.61,SPY190906P00281000,281.0,0,0.0,0.0,,0.0,normalDay
2019-08-21,699.0,540.0,0.0,0,292.45,0.0,1,6.23,0.83,SPY190906P00281000,281.0,0,0.0,0.0,,0.0,normalDay
2019-08-22,699.0,529.0,0.0,0,292.36,0.0,1,6.23,0.94,SPY190906P00281000,281.0,0,0.0,0.0,,0.0,normalDay
2019-08-23,699.0,350.0,0.0,0,284.85,0.0,1,6.23,2.73,SPY190906P00281000,281.0,0,0.0,0.0,,0.0,normalDay
2019-08-26,699.0,469.0,0.0,0,288.0,0.0,1,6.23,1.54,SPY190906P00281000,281.0,0,0.0,0.0,,0.0,normalDay
2019-08-27,699.0,437.0,0.0,0,286.87,0.0,1,6.23,1.86,SPY190906P00281000,281.0,0,0.0,0.0,,0.0,normalDay
2019-08-28,699.0,513.0,0.0,0,288.89,0.0,1,6.23,1.1,SPY190906P00281000,281.0,0,0.0,0.0,,0.0,normalDay
2019-08-29,699.0,575.0,0.0,0,292.58,0.0,1,6.23,0.48,SPY190906P00281000,281.0,0,0.0,0.0,,0.0,normalDay
2019-08-30,699.0,577.0,0.0,0,292.45,0.0,1,6.23,0.46,SPY190906P00281000,281.0,0,0.0,0.0,,0.0,normalDay
2019-09-03,699.0,599.0,0.0,0,290.74,0.0,1,6.23,0.24,SPY190906P00281000,281.0,0,0.0,0.0,,0.0,normalDay
2019-09-04,699.0,620.0,0.0,0,294.04,0.0,1,6.23,0.03,SPY190906P00281000,281.0,0,0.0,0.0,,0.0,normalDay
2019-09-05,699.0,621.0,0.0,0,297.82,0.0,1,6.23,0.02,SPY190906P00281000,281.0,0,0.0,0.0,,0.0,normalDay
2019-09-06,1322.0,0.0,623.0,0,298.05,0.0,1,6.23,0.0,SPY190906P00281000,281.0,0,0.0,0.0,,0.0,expirationDay
2019-09-09,1322.0,-4.0,0.0,0,298.2,0.0,1,0.75,0.79,SPY191011P00273000,273.0,0,0.0,0.0,,0.0,normalDay
2019-09-10,1322.0,2.0,0.0,0,298.13,0.0,1,0.75,0.73,SPY191011P00273000,273.0,0,0.0,0.0,,0.0,normalDay
2019-09-11,1322.0,20.0,0.0,0,300.25,0.0,1,0.75,0.55,SPY191011P00273000,273.0,0,0.0,0.0,,0.0,normalDay
2019-09-12,1322.0,30.0,0.0,0,301.29,0.0,1,0.75,0.45,SPY191011P00273000,273.0,0,0.0,0.0,,0.0,normalDay
2019-09-13,1322.0,36.0,0.0,0,301.09,0.0,1,0.75,0.39,SPY191011P00273000,273.0,0,0.0,0.0,,0.0,normalDay
2019-09-16,1322.0,36.0,0.0,0,300.16,0.0,1,0.75,0.39,SPY191011P00273000,273.0,0,0.0,0.0,,0.0,normalDay
2019-09-17,1322.0,42.0,0.0,0,300.92,0.0,1,0.75,0.33,SPY191011P00273000,273.0,0,0.0,0.0,,0.0,normalDay
2019-09-18,1322.0,47.0,0.0,0,301.1,0.0,1,0.75,0.28,SPY191011P00273000,273.0,0,0.0,0.0,,0.0,normalDay
2019-09-19,1322.0,47.0,0.0,0,301.08,0.0,1,0.75,0.28,SPY191011P00273000,273.0,0,0.0,0.0,,0.0,normalDay
2019-09-20,1322.0,40.0,0.0,0,298.28,0.0,1,0.75,0.35,SPY191011P00273000,273.0,0,0.0,0.0,,0.0,normalDay
2019-09-23,1322.0,50.0,0.0,0,298.21,0.0,1,0.75,0.25,SPY191011P00273000,273.0,0,0.0,0.0,,0.0,normalDay
2019-09-24,1322.0,33.0,0.0,0,295.87,0.0,1,0.75,0.42,SPY191011P00273000,273.0,0,0.0,0.0,,0.0,normalDay
2019-09-25,1322.0,47.0,0.0,0,297.62,0.0,1,0.75,0.28,SPY191011P00273000,273.0,0,0.0,0.0,,0.0,normalDay
2019-09-26,1322.0,51.0,0.0,0,297.0,0.0,1,0.75,0.24,SPY191011P00273000,273.0,0,0.0,0.0,,0.0,normalDay
2019-09-27,1322.0,47.0,0.0,0,295.4,0.0,1,0.75,0.28,SPY191011P00273000,273.0,0,0.0,0.0,,0.0,normalDay
2019-09-30,1322.0,60.0,0.0,0,296.77,0.0,1,0.75,0.15,SPY191011P00273000,273.0,0,0.0,0.0,,0.0,normalDay
2019-10-01,1322.0,49.0,0.0,0,293.24,0.0,1,0.75,0.26,SPY191011P00273000,273.0,0,0.0,0.0,,0.0,normalDay
2019-10-02,1322.0,19.0,0.0,0,288.06,0.0,1,0.75,0.56,SPY191011P00273000,273.0,0,0.0,0.0,,0.0,normalDay
2019-10-03,1322.0,50.0,0.0,0,290.42,0.0,1,0.75,0.25,SPY191011P00273000,273.0,0,0.0,0.0,,0.0,normalDay
2019-10-04,1322.0,69.0,0.0,0,294.35,0.0,1,0.75,0.06,SPY191011P00273000,273.0,0,0.0,0.0,,0.0,normalDay
2019-10-07,1322.0,71.0,0.0,0,293.08,0.0,1,0.75,0.04,SPY191011P00273000,273.0,0,0.0,0.0,,0.0,normalDay
2019-10-08,1322.0,69.0,0.0,0,288.53,0.0,1,0.75,0.06,SPY191011P00273000,273.0,0,0.0,0.0,,0.0,normalDay
2019-10-09,1322.0,73.0,0.0,0,291.27,0.0,1,0.75,0.02,SPY191011P00273000,273.0,0,0.0,0.0,,0.0,normalDay
2019-10-10,1322.0,73.0,0.0,0,293.24,0.0,1,0.75,0.02,SPY191011P00273000,273.0,0,0.0,0.0,,0.0,normalDay
2019-10-11,1397.0,0.0,75.0,0,296.28,0.0,1,0.75,0.0,SPY191011P00273000,273.0,0,0.0,0.0,,0.0,expirationDay
2019-10-14,1397.0,-3.0,0.0,0,295.95,0.0,1,1.06,1.09,SPY191115P00279000,279.0,0,0.0,0.0,,0.0,normalDay
2019-10-15,1397.0,40.0,0.0,0,298.88,0.0,1,1.06,0.66,SPY191115P00279000,279.0,0,0.0,0.0,,0.0,normalDay
2019-10-16,1397.0,40.0,0.0,0,298.4,0.0,1,1.06,0.66,SPY191115P00279000,279.0,0,0.0,0.0,,0.0,normalDay
2019-10-17,1397.0,46.0,0.0,0,299.28,0.0,1,1.06,0.6,SPY191115P00279000,279.0,0,0.0,0.0,,0.0,normalDay
2019-10-18,1397.0,40.0,0.0,0,297.97,0.0,1,1.06,0.66,SPY191115P00279000,279.0,0,0.0,0.0,,0.0,normalDay
2019-10-21,1397.0,62.0,0.0,0,299.99,0.0,1,1.06,0.44,SPY191115P00279000,279.0,0,0.0,0.0,,0.0,normalDay
2019-10-22,1397.0,58.0,0.0,0,299.01,0.0,1,1.06,0.48,SPY191115P00279000,279.0,0,0.0,0.0,,0.0,normalDay
2019-10-23,1397.0,69.0,0.0,0,299.88,0.0,1,1.06,0.37,SPY191115P00279000,279.0,0,0.0,0.0,,0.0,normalDay
2019-10-24,1397.0,76.0,0.0,0,300.37,0.0,1,1.06,0.3,SPY191115P00279000,279.0,0,0.0,0.0,,0.0,normalDay
2019-10-25,1397.0,85.0,0.0,0,301.6,0.0,1,1.06,0.21,SPY191115P00279000,279.0,0,0.0,0.0,,0.0,normalDay
2019-10-28,1397.0,90.0,0.0,0,303.3,0.0,1,1.06,0.16,SPY191115P00279000,279.0,0,0.0,0.0,,0.0,normalDay
2019-10-29,1397.0,91.0,0.0,0,303.21,0.0,1,1.06,0.15,SPY191115P00279000,279.0,0,0.0,0.0,,0.0,normalDay
2019-10-30,1397.0,95.0,0.0,0,304.14,0.0,1,1.06,0.11,SPY191115P00279000,279.0,0,0.0,0.0,,0.0,normalDay
2019-10-31,1397.0,91.0,0.0,0,303.33,0.0,1,1.06,0.15,SPY191115P00279000,279.0,0,0.0,0.0,,0.0,normalDay
2019-11-01,1397.0,99.0,0.0,0,306.14,0.0,1,1.06,0.07,SPY191115P00279000,279.0,0,0.0,0.0,,0.0,normalDay
2019-11-04,1397.0,100.0,0.0,0,307.37,0.0,1,1.06,0.06,SPY191115P00279000,279.0,0,0.0,0.0,,0.0,normalDay
2019-11-05,1397.0,101.0,0.0,0,307.03,0.0,1,1.06,0.05,SPY191115P00279000,279.0,0,0.0,0.0,,0.0,normalDay
2019-11-06,1397.0,103.0,0.0,0,307.1,0.0,1,1.06,0.03,SPY191115P00279000,279.0,0,0.0,0.0,,0.0,normalDay
2019-11-07,1397.0,104.0,0.0,0,308.18,0.0,1,1.06,0.02,SPY191115P00279000,279.0,0,0.0,0.0,,0.0,normalDay
2019-11-08,1397.0,104.0,0.0,0,308.94,0.0,1,1.06,0.02,SPY191115P00279000,279.0,0,0.0,0.0,,0.0,normalDay
2019-11-11,1397.0,105.0,0.0,0,308.35,0.0,1,1.06,0.01,SPY191115P00279000,279.0,0,0.0,0.0,,0.0,normalDay
2019-11-12,1397.0,105.0,0.0,0,309.0,0.0,1,1.06,0.01,SPY191115P00279000,279.0,0,0.0,0.0,,0.0,normalDay
2019-11-13,1397.0,105.0,0.0,0,309.1,0.0,1,1.06,0.01,SPY191115P00279000,279.0,0,0.0,0.0,,0.0,normalDay
2019-11-14,1397.0,105.0,0.0,0,309.55,0.0,1,1.06,0.01,SPY191115P00279000,279.0,0,0.0,0.0,,0.0,normalDay
2019-11-15,1503.0,0.0,106.0,0,311.79,0.0,1,1.06,0.0,SPY191115P00279000,279.0,0,0.0,0.0,,0.0,expirationDay
2019-11-18,1503.0,-3.0,0.0,0,312.02,0.0,1,0.66,0.69,SPY191220P00290000,290.0,0,0.0,0.0,,0.0,normalDay
2019-11-19,1503.0,-7.0,0.0,0,311.93,0.0,1,0.66,0.73,SPY191220P00290000,290.0,0,0.0,0.0,,0.0,normalDay
2019-11-20,1503.0,-11.0,0.0,0,310.77,0.0,1,0.66,0.77,SPY191220P00290000,290.0,0,0.0,0.0,,0.0,normalDay
2019-11-21,1503.0,-11.0,0.0,0,310.27,0.0,1,0.66,0.77,SPY191220P00290000,290.0,0,0.0,0.0,,0.0,normalDay
2019-11-22,1503.0,5.0,0.0,0,310.96,0.0,1,0.66,0.61,SPY191220P00290000,290.0,0,0.0,0.0,,0.0,normalDay
2019-11-25,1503.0,27.0,0.0,0,313.37,0.0,1,0.66,0.39,SPY191220P00290000,290.0,0,0.0,0.0,,0.0,normalDay
2019-11-26,1503.0,32.0,0.0,0,314.08,0.0,1,0.66,0.34,SPY191220P00290000,290.0,0,0.0,0.0,,0.0,normalDay
2019-11-27,1503.0,38.0,0.0,0,315.48,0.0,1,0.66,0.28,SPY191220P00290000,290.0,0,0.0,0.0,,0.0,normalDay
2019-11-29,1503.0,30.0,0.0,0,314.31,0.0,1,0.66,0.36,SPY191220P00290000,290.0,0,0.0,0.0,,0.0,normalDay
2019-12-02,1503.0,11.0,0.0,0,311.64,0.0,1,0.66,0.55,SPY191220P00290000,290.0,0,0.0,0.0,,0.0,normalDay
2019-12-03,1503.0,-5.0,0.0,0,309.55,0.0,1,0.66,0.71,SPY191220P00290000,290.0,0,0.0,0.0,,0.0,normalDay
2019-12-04,1503.0,20.0,0.0,0,311.46,0.0,1,0.66,0.46,SPY191220P00290000,290.0,0,0.0,0.0,,0.0,normalDay
2019-12-05,1503.0,32.0,0.0,0,312.02,0.0,1,0.66,0.34,SPY191220P00290000,290.0,0,0.0,0.0,,0.0,normalDay
2019-12-06,1503.0,45.0,0.0,0,314.87,0.0,1,0.66,0.21,SPY191220P00290000,290.0,0,0.0,0.0,,0.0,normalDay
2019-12-09,1503.0,32.0,0.0,0,313.88,0.0,1,0.66,0.34,SPY191220P00290000,290.0,0,0.0,0.0,,0.0,normalDay
2019-12-10,1503.0,39.0,0.0,0,313.53,0.0,1,0.66,0.27,SPY191220P00290000,290.0,0,0.0,0.0,,0.0,normalDay
2019-12-11,1503.0,46.0,0.0,0,314.42,0.0,1,0.66,0.2,SPY191220P00290000,290.0,0,0.0,0.0,,0.0,normalDay
2019-12-12,1503.0,52.0,0.0,0,317.13,0.0,1,0.66,0.14,SPY191220P00290000,290.0,0,0.0,0.0,,0.0,normalDay
2019-12-13,1503.0,55.0,0.0,0,317.32,0.0,1,0.66,0.11,SPY191220P00290000,290.0,0,0.0,0.0,,0.0,normalDay
2019-12-16,1503.0,61.0,0.0,0,319.5,0.0,1,0.66,0.05,SPY191220P00290000,290.0,0,0.0,0.0,,0.0,normalDay
2019-12-17,1503.0,63.0,0.0,0,319.57,0.0,1,0.66,0.03,SPY191220P00290000,290.0,0,0.0,0.0,,0.0,normalDay
2019-12-18,1503.0,64.0,0.0,0,319.59,0.0,1,0.66,0.02,SPY191220P00290000,290.0,0,0.0,0.0,,0.0,normalDay
2019-12-19,1503.0,65.0,0.0,0,320.9,0.0,1,0.66,0.01,SPY191220P00290000,290.0,0,0.0,0.0,,0.0,normalDay
2019-12-20,1569.0,0.0,66.0,0,320.73,0.0,1,0.66,0.0,SPY191220P00290000,290.0,0,0.0,0.0,,0.0,expirationDay
2019-12-23,1569.0,-4.0,0.0,0,321.22,0.0,1,0.74,0.78,SPY200124P00301000,301.0,0,0.0,0.0,,0.0,normalDay
2019-12-24,1569.0,-1.0,0.0,0,321.23,0.0,1,0.74,0.75,SPY200124P00301000,301.0,0,0.0,0.0,,0.0,normalDay
2019-12-26,1569.0,15.0,0.0,0,322.94,0.0,1,0.74,0.59,SPY200124P00301000,301.0,0,0.0,0.0,,0.0,normalDay
2019-12-27,1569.0,10.0,0.0,0,322.86,0.0,1,0.74,0.64,SPY200124P00301000,301.0,0,0.0,0.0,,0.0,normalDay
2019-12-30,1569.0,-1.0,0.0,0,321.08,0.0,1,0.74,0.75,SPY200124P00301000,301.0,0,0.0,0.0,,0.0,normalDay
2019-12-31,1569.0,16.0,0.0,0,321.86,0.0,1,0.74,0.58,SPY200124P00301000,301.0,0,0.0,0.0,,0.0,normalDay
2020-01-02,1569.0,45.0,0.0,0,324.87,0.0,1,0.74,0.29,SPY200124P00301000,301.0,0,0.0,0.0,,0.0,normalDay
2020-01-03,1569.0,28.0,0.0,0,322.41,0.0,1,0.74,0.46,SPY200124P00301000,301.0,0,0.0,0.0,,0.0,normalDay
2020-01-06,1569.0,48.0,0.0,0,323.64,0.0,1,0.74,0.26,SPY200124P00301000,301.0,0,0.0,0.0,,0.0,normalDay
2020-01-07,1569.0,47.0,0.0,0,322.73,0.0,1,0.74,0.27,SPY200124P00301000,301.0,0,0.0,0.0,,0.0,normalDay
2020-01-08,1569.0,52.0,0.0,0,324.45,0.0,1,0.74,0.22,SPY200124P00301000,301.0,0,0.0,0.0,,0.0,normalDay
2020-01-09,1569.0,61.0,0.0,0,326.65,0.0,1,0.74,0.13,SPY200124P00301000,301.0,0,0.0,0.0,,0.0,normalDay
2020-01-10,1569.0,64.0,0.0,0,325.71,0.0,1,0.74,0.1,SPY200124P00301000,301.0,0,0.0,0.0,,0.0,normalDay
2020-01-13,1569.0,70.0,0.0,0,327.95,0.0,1,0.74,0.04,SPY200124P00301000,301.0,0,0.0,0.0,,0.0,normalDay
2020-01-14,1569.0,69.0,0.0,0,327.45,0.0,1,0.74,0.05,SPY200124P00301000,301.0,0,0.0,0.0,,0.0,normalDay
2020-01-15,1569.0,70.0,0.0,0,328.19,0.0,1,0.74,0.04,SPY200124P00301000,301.0,0,0.0,0.0,,0.0,normalDay
2020-01-16,1569.0,71.0,0.0,0,330.92,0.0,1,0.74,0.03,SPY200124P00301000,301.0,0,0.0,0.0,,0.0,normalDay
2020-01-17,1569.0,72.0,0.0,0,331.95,0.0,1,0.74,0.02,SPY200124P00301000,301.0,0,0.0,0.0,,0.0,normalDay
2020-01-21,1569.0,73.0,0.0,0,331.3,0.0,1,0.74,0.01,SPY200124P00301000,301.0,0,0.0,0.0,,0.0,normalDay
2020-01-22,1569.0,73.0,0.0,0,331.34,0.0,1,0.74,0.01,SPY200124P00301000,301.0,0,0.0,0.0,,0.0,normalDay
2020-01-23,1569.0,73.0,0.0,0,331.72,0.0,1,0.74,0.01,SPY200124P00301000,301.0,0,0.0,0.0,,0.0,normalDay
2020-01-24,1643.0,0.0,74.0,0,328.77,0.0,1,0.74,0.0,SPY200124P00301000,301.0,0,0.0,0.0,,0.0,expirationDay
2020-01-27,1643.0,-4.0,0.0,0,323.5,0.0,1,2.79,2.83,SPY200228P00311000,311.0,0,0.0,0.0,,0.0,normalDay
2020-01-28,1643.0,103.0,0.0,0,326.89,0.0,1,2.79,1.76,SPY200228P00311000,311.0,0,0.0,0.0,,0.0,normalDay
2020-01-29,1643.0,103.0,0.0,0,326.62,0.0,1,2.79,1.76,SPY200228P00311000,311.0,0,0.0,0.0,,0.0,normalDay
2020-01-30,1643.0,151.0,0.0,0,327.68,0.0,1,2.79,1.28,SPY200228P00311000,311.0,0,0.0,0.0,,0.0,normalDay
2020-01-31,1643.0,10.0,0.0,0,321.73,0.0,1,2.79,2.69,SPY200228P00311000,311.0,0,0.0,0.0,,0.0,normalDay
2020-02-03,1643.0,78.0,0.0,0,324.12,0.0,1,2.79,2.01,SPY200228P00311000,311.0,0,0.0,0.0,,0.0,normalDay
2020-02-04,1643.0,186.0,0.0,0,329.06,0.0,1,2.79,0.93,SPY200228P00311000,311.0,0,0.0,0.0,,0.0,normalDay
2020-02-05,1643.0,225.0,0.0,0,332.86,0.0,1,2.79,0.54,SPY200228P00311000,311.0,0,0.0,0.0,,0.0,normalDay
2020-02-06,1643.0,229.0,0.0,0,333.98,0.0,1,2.79,0.5,SPY200228P00311000,311.0,0,0.0,0.0,,0.0,normalDay
2020-02-07,1643.0,221.0,0.0,0,332.2,0.0,1,2.79,0.58,SPY200228P00311000,311.0,0,0.0,0.0,,0.0,normalDay
2020-02-10,1643.0,245.0,0.0,0,334.68,0.0,1,2.79,0.34,SPY200228P00311000,311.0,0,0.0,0.0,,0.0,normalDay
2020-02-11,1643.0,246.0,0.0,0,335.26,0.0,1,2.79,0.33,SPY200228P00311000,311.0,0,0.0,0.0,,0.0,normalDay
2020-02-12,1643.0,260.0,0.0,0,337.42,0.0,1,2.79,0.19,SPY200228P00311000,311.0,0,0.0,0.0,,0.0,normalDay
2020-02-13,1643.0,259.0,0.0,0,337.06,0.0,1,2.79,0.2,SPY200228P00311000,311.0,0,0.0,0.0,,0.0,normalDay
2020-02-14,1643.0,265.0,0.0,0,337.6,0.0,1,2.79,0.14,SPY200228P00311000,311.0,0,0.0,0.0,,0.0,normalDay
2020-02-18,1643.0,268.0,0.0,0,336.73,0.0,1,2.79,0.11,SPY200228P00311000,311.0,0,0.0,0.0,,0.0,normalDay
2020-02-19,1643.0,271.0,0.0,0,338.34,0.0,1,2.79,0.08,SPY200228P00311000,311.0,0,0.0,0.0,,0.0,normalDay
2020-02-20,1643.0,271.0,0.0,0,336.95,0.0,1,2.79,0.08,SPY200228P00311000,311.0,0,0.0,0.0,,0.0,normalDay
2020-02-21,1643.0,271.0,0.0,0,333.48,0.0,1,2.79,0.08,SPY200228P00311000,311.0,0,0.0,0.0,,0.0,normalDay
2020-02-24,1643.0,122.0,0.0,0,322.42,0.0,1,2.79,1.57,SPY200228P00311000,311.0,0,0.0,0.0,,0.0,normalDay
2020-02-25,1643.0,-65.0,0.0,0,312.65,0.0,1,2.79,3.44,SPY200228P00311000,311.0,0,0.0,0.0,,0.0,normalDay
2020-02-26,1643.0,-49.0,0.0,0,311.5,0.0,1,2.79,3.28,SPY200228P00311000,311.0,0,0.0,0.0,,0.0,normalDay
2020-02-27,1643.0,-1121.0,0.0,0,297.51,0.0,1,2.79,14.0,SPY200228P00311000,311.0,0,0.0,0.0,,0.0,normalDay
2020-02-28,1922.0,-1474.0,279.0,100,296.26,311.0,1,2.79,0.0,SPY200228P00311000,311.0,0,0.0,0.0,,0.0,expirationDay
2020-03-02,1922.0,-191.0,0.0,100,309.09,311.0,0,0.0,0.0,,0.0,0,0.0,0.0,,0.0,bidTooLow
2020-03-03,1922.0,-1076.0,0.0,100,300.24,311.0,0,0.0,0.0,,0.0,0,0.0,0.0,,0.0,bidTooLow
2020-03-04,1922.0,186.0,0.0,100,312.86,311.0,0,0.0,0.0,,0.0,0,0.0,0.0,,0.0,bidTooLow
2020-03-05,1922.0,-854.0,0.0,100,302.46,311.0,0,0.0,0.0,,0.0,0,0.0,0.0,,0.0,bidTooLow
2020-03-06,1922.0,-1354.0,0.0,100,297.46,311.0,0,0.0,0.0,,0.0,0,0.0,0.0,,0.0,bidTooLow
2020-03-09,1922.0,-3677.0,0.0,100,274.23,311.0,0,0.0,0.0,,0.0,0,0.0,0.0,,0.0,bidTooLow
2020-03-10,1922.0,-2258.0,0.0,100,288.42,311.0,0,0.0,0.0,,0.0,0,0.0,0.0,,0.0,bidTooLow
2020-03-11,1922.0,-3664.0,0.0,100,274.36,311.0,0,0.0,0.0,,0.0,0,0.0,0.0,,0.0,bidTooLow
2020-03-12,1922.0,-6289.0,0.0,100,248.11,311.0,0,0.0,0.0,,0.0,0,0.0,0.0,,0.0,bidTooLow
2020-03-13,1922.0,-4168.0,0.0,100,269.32,311.0,0,0.0,0.0,,0.0,0,0.0,0.0,,0.0,bidTooLow
2020-03-16,1922.0,-7115.0,0.0,100,239.85,311.0,0,0.0,0.0,,0.0,0,0.0,0.0,,0.0,bidTooLow
2020-03-17,1922.0,-5820.0,0.0,100,252.8,311.0,0,0.0,0.0,,0.0,0,0.0,0.0,,0.0,bidTooLow
2020-03-18,1922.0,-7100.0,0.0,100,240.0,311.0,0,0.0,0.0,,0.0,0,0.0,0.0,,0.0,bidTooLow
2020-03-19,1922.0,-7049.0,0.0,100,240.51,311.0,0,0.0,0.0,,0.0,0,0.0,0.0,,0.0,bidTooLow
2020-03-20,1922.0,-8220.0,0.0,100,228.8,311.0,0,0.0,0.0,,0.0,0,0.0,0.0,,0.0,bidTooLow
2020-03-23,1922.0,-8805.0,0.0,100,222.95,311.0,0,0.0,0.0,,0.0,0,0.0,0.0,,0.0,bidTooLow
2020-03-24,1922.0,-6785.0,0.0,100,243.15,311.0,0,0.0,0.0,,0.0,0,0.0,0.0,,0.0,bidTooLow
2020-03-25,1922.0,-6421.0,0.0,100,246.79,311.0,0,0.0,0.0,,0.0,0,0.0,0.0,,0.0,bidTooLow
2020-03-26,1922.0,-4980.0,0.0,100,261.2,311.0,0,0.0,0.0,,0.0,0,0.0,0.0,,0.0,bidTooLow
2020-03-27,1922.0,-5758.0,0.0,100,253.42,311.0,0,0.0,0.0,,0.0,0,0.0,0.0,,0.0,bidTooLow
2020-03-30,1922.0,-4939.0,0.0,100,261.65,311.0,0,0.0,0.0,,0.0,1,0.04,0.08,SPY200401C00286000,286.0,normalDay
2020-03-31,1922.0,-5322.0,0.0,100,257.75,311.0,0,0.0,0.0,,0.0,1,0.04,0.01,SPY200401C00286000,286.0,normalDay
2020-04-01,1926.0,-6485.0,4.0,100,246.15,311.0,0,0.0,0.0,,0.0,1,0.04,0.0,SPY200401C00286000,286.0,expirationDay
2020-04-02,1926.0,-5917.0,0.0,100,251.83,311.0,0,0.0,0.0,,0.0,0,0.0,0.0,,0.0,bidTooLow
2020-04-03,1926.0,-6284.0,0.0,100,248.19,311.0,0,0.0,0.0,,0.0,1,0.01,0.04,SPY200406C00267000,267.0,normalDay
2020-04-06,1927.0,-4614.0,1.0,100,264.86,311.0,0,0.0,0.0,,0.0,1,0.01,0.0,SPY200406C00267000,267.0,expirationDay
2020-04-07,1927.0,-4597.0,0.0,100,265.13,311.0,0,0.0,0.0,,0.0,1,4.98,5.08,SPY200409C00263000,263.0,normalDay
2020-04-08,1927.0,-4340.0,0.0,100,274.03,311.0,0,0.0,0.0,,0.0,1,4.98,11.41,SPY200409C00263000,263.0,normalDay
2020-04-09,-2375.0,-4340.0,-4302.0,0,278.2,0.0,0,0.0,0.0,,0.0,1,4.98,0.0,SPY200409C00263000,263.0,expirationDay
2020-04-13,-2375.0,-3.0,0.0,0,275.66,0.0,1,0.38,0.41,SPY200515P00190000,190.0,0,0.0,0.0,,0.0,normalDay
2020-04-14,-2375.0,12.0,0.0,0,283.79,0.0,1,0.38,0.26,SPY200515P00190000,190.0,0,0.0,0.0,,0.0,normalDay
2020-04-15,-2375.0,1.0,0.0,0,277.76,0.0,1,0.38,0.37,SPY200515P00190000,190.0,0,0.0,0.0,,0.0,normalDay
2020-04-16,-2375.0,8.0,0.0,0,279.1,0.0,1,0.38,0.3,SPY200515P00190000,190.0,0,0.0,0.0,,0.0,normalDay
2020-04-17,-2375.0,12.0,0.0,0,286.64,0.0,1,0.38,0.26,SPY200515P00190000,190.0,0,0.0,0.0,,0.0,normalDay
2020-04-20,-2375.0,5.0,0.0,0,281.59,0.0,1,0.38,0.33,SPY200515P00190000,190.0,0,0.0,0.0,,0.0,normalDay
2020-04-21,-2375.0,3.0,0.0,0,273.04,0.0,1,0.38,0.35,SPY200515P00190000,190.0,0,0.0,0.0,,0.0,normalDay
2020-04-22,-2375.0,14.0,0.0,0,279.1,0.0,1,0.38,0.24,SPY200515P00190000,190.0,0,0.0,0.0,,0.0,normalDay
2020-04-23,-2375.0,17.0,0.0,0,279.08,0.0,1,0.38,0.21,SPY200515P00190000,190.0,0,0.0,0.0,,0.0,normalDay
2020-04-24,-2375.0,26.0,0.0,0,282.97,0.0,1,0.38,0.12,SPY200515P00190000,190.0,0,0.0,0.0,,0.0,normalDay
2020-04-27,-2375.0,29.0,0.0,0,287.05,0.0,1,0.38,0.09,SPY200515P00190000,190.0,0,0.0,0.0,,0.0,normalDay
2020-04-28,-2375.0,29.0,0.0,0,285.73,0.0,1,0.38,0.09,SPY200515P00190000,190.0,0,0.0,0.0,,0.0,normalDay
2020-04-29,-2375.0,31.0,0.0,0,293.21,0.0,1,0.38,0.07,SPY200515P00190000,190.0,0,0.0,0.0,,0.0,normalDay
2020-04-30,-2375.0,30.0,0.0,0,290.48,0.0,1,0.38,0.08,SPY200515P00190000,190.0,0,0.0,0.0,,0.0,normalDay
2020-05-01,-2375.0,28.0,0.0,0,282.79,0.0,1,0.38,0.1,SPY200515P00190000,190.0,0,0.0,0.0,,0.0,normalDay
2020-05-04,-2375.0,32.0,0.0,0,283.57,0.0,1,0.38,0.06,SPY200515P00190000,190.0,0,0.0,0.0,,0.0,normalDay
2020-05-05,-2375.0,34.0,0.0,0,286.19,0.0,1,0.38,0.04,SPY200515P00190000,190.0,0,0.0,0.0,,0.0,normalDay
2020-05-06,-2375.0,35.0,0.0,0,284.25,0.0,1,0.38,0.03,SPY200515P00190000,190.0,0,0.0,0.0,,0.0,normalDay
2020-05-07,-2375.0,35.0,0.0,0,287.68,0.0,1,0.38,0.03,SPY200515P00190000,190.0,0,0.0,0.0,,0.0,normalDay
2020-05-08,-2375.0,36.0,0.0,0,292.44,0.0,1,0.38,0.02,SPY200515P00190000,190.0,0,0.0,0.0,,0.0,normalDay
2020-05-11,-2375.0,37.0,0.0,0,292.5,0.0,1,0.38,0.01,SPY200515P00190000,190.0,0,0.0,0.0,,0.0,normalDay
2020-05-12,-2375.0,37.0,0.0,0,286.67,0.0,1,0.38,0.01,SPY200515P00190000,190.0,0,0.0,0.0,,0.0,normalDay
2020-05-13,-2375.0,37.0,0.0,0,281.6,0.0,1,0.38,0.01,SPY200515P00190000,190.0,0,0.0,0.0,,0.0,normalDay
2020-05-14,-2375.0,37.0,0.0,0,284.97,0.0,1,0.38,0.01,SPY200515P00190000,190.0,0,0.0,0.0,,0.0,normalDay
2020-05-15,-2337.0,0.0,38.0,0,286.28,0.0,1,0.38,0.0,SPY200515P00190000,190.0,0,0.0,0.0,,0.0,expirationDay
2020-05-18,-2337.0,-3.0,0.0,0,295.0,0.0,1,2.33,2.36,SPY200619P00263000,263.0,0,0.0,0.0,,0.0,normalDay
2020-05-19,-2337.0,-39.0,0.0,0,291.97,0.0,1,2.33,2.72,SPY200619P00263000,263.0,0,0.0,0.0,,0.0,normalDay
2020-05-20,-2337.0,59.0,0.0,0,296.93,0.0,1,2.33,1.74,SPY200619P00263000,263.0,0,0.0,0.0,,0.0,normalDay
2020-05-21,-2337.0,34.0,0.0,0,294.88,0.0,1,2.33,1.99,SPY200619P00263000,263.0,0,0.0,0.0,,0.0,normalDay
2020-05-22,-2337.0,68.0,0.0,0,295.44,0.0,1,2.33,1.65,SPY200619P00263000,263.0,0,0.0,0.0,,0.0,normalDay
2020-05-26,-2337.0,115.0,0.0,0,299.08,0.0,1,2.33,1.18,SPY200619P00263000,263.0,0,0.0,0.0,,0.0,normalDay
2020-05-27,-2337.0,141.0,0.0,0,303.53,0.0,1,2.33,0.92,SPY200619P00263000,263.0,0,0.0,0.0,,0.0,normalDay
2020-05-28,-2337.0,138.0,0.0,0,302.97,0.0,1,2.33,0.95,SPY200619P00263000,263.0,0,0.0,0.0,,0.0,normalDay
2020-05-29,-2337.0,164.0,0.0,0,304.32,0.0,1,2.33,0.69,SPY200619P00263000,263.0,0,0.0,0.0,,0.0,normalDay
2020-06-01,-2337.0,174.0,0.0,0,305.55,0.0,1,2.33,0.59,SPY200619P00263000,263.0,0,0.0,0.0,,0.0,normalDay
2020-06-02,-2337.0,192.0,0.0,0,308.08,0.0,1,2.33,0.41,SPY200619P00263000,263.0,0,0.0,0.0,,0.0,normalDay
2020-06-03,-2337.0,208.0,0.0,0,312.18,0.0,1,2.33,0.25,SPY200619P00263000,263.0,0,0.0,0.0,,0.0,normalDay
2020-06-04,-2337.0,209.0,0.0,0,311.36,0.0,1,2.33,0.24,SPY200619P00263000,263.0,0,0.0,0.0,,0.0,normalDay
2020-06-05,-2337.0,218.0,0.0,0,319.34,0.0,1,2.33,0.15,SPY200619P00263000,263.0,0,0.0,0.0,,0.0,normalDay
2020-06-08,-2337.0,221.0,0.0,0,323.2,0.0,1,2.33,0.12,SPY200619P00263000,263.0,0,0.0,0.0,,0.0,normalDay
2020-06-09,-2337.0,220.0,0.0,0,320.79,0.0,1,2.33,0.13,SPY200619P00263000,263.0,0,0.0,0.0,,0.0,normalDay
2020-06-10,-2337.0,222.0,0.0,0,319.0,0.0,1,2.33,0.11,SPY200619P00263000,263.0,0,0.0,0.0,,0.0,normalDay
2020-06-11,-2337.0,154.0,0.0,0,300.61,0.0,1,2.33,0.79,SPY200619P00263000,263.0,0,0.0,0.0,,0.0,normalDay
2020-06-12,-2337.0,202.0,0.0,0,304.21,0.0,1,2.33,0.31,SPY200619P00263000,263.0,0,0.0,0.0,,0.0,normalDay
2020-06-15,-2337.0,221.0,0.0,0,307.05,0.0,1,2.33,0.12,SPY200619P00263000,263.0,0,0.0,0.0,,0.0,normalDay
2020-06-16,-2337.0,229.0,0.0,0,312.96,0.0,1,2.33,0.04,SPY200619P00263000,263.0,0,0.0,0.0,,0.0,normalDay
2020-06-17,-2337.0,230.0,0.0,0,311.66,0.0,1,2.33,0.03,SPY200619P00263000,263.0,0,0.0,0.0,,0.0,normalDay
2020-06-18,-2337.0,231.0,0.0,0,311.78,0.0,1,2.33,0.02,SPY200619P00263000,263.0,0,0.0,0.0,,0.0,normalDay
2020-06-19,-2104.0,0.0,233.0,0,308.64,0.0,1,2.33,0.0,SPY200619P00263000,263.0,0,0.0,0.0,,0.0,expirationDay
2020-06-22,-2104.0,-5.0,0.0,0,310.62,0.0,1,2.98,3.03,SPY200724P00281000,281.0,0,0.0,0.0,,0.0,normalDay
2020-06-23,-2104.0,21.0,0.0,0,312.05,0.0,1,2.98,2.77,SPY200724P00281000,281.0,0,0.0,0.0,,0.0,normalDay
2020-06-24,-2104.0,-97.0,0.0,0,304.09,0.0,1,2.98,3.95,SPY200724P00281000,281.0,0,0.0,0.0,,0.0,normalDay
2020-06-25,-2104.0,4.0,0.0,0,307.35,0.0,1,2.98,2.94,SPY200724P00281000,281.0,0,0.0,0.0,,0.0,normalDay
2020-06-26,-2104.0,-123.0,0.0,0,300.05,0.0,1,2.98,4.21,SPY200724P00281000,281.0,0,0.0,0.0,,0.0,normalDay
2020-06-29,-2104.0,18.0,0.0,0,304.46,0.0,1,2.98,2.8,SPY200724P00281000,281.0,0,0.0,0.0,,0.0,normalDay
2020-06-30,-2104.0,100.0,0.0,0,308.36,0.0,1,2.98,1.98,SPY200724P00281000,281.0,0,0.0,0.0,,0.0,normalDay
2020-07-01,-2104.0,150.0,0.0,0,310.52,0.0,1,2.98,1.48,SPY200724P00281000,281.0,0,0.0,0.0,,0.0,normalDay
2020-07-02,-2104.0,187.0,0.0,0,312.23,0.0,1,2.98,1.11,SPY200724P00281000,281.0,0,0.0,0.0,,0.0,normalDay
2020-07-06,-2104.0,226.0,0.0,0,317.05,0.0,1,2.98,0.72,SPY200724P00281000,281.0,0,0.0,0.0,,0.0,normalDay
2020-07-07,-2104.0,208.0,0.0,0,313.78,0.0,1,2.98,0.9,SPY200724P00281000,281.0,0,0.0,0.0,,0.0,normalDay
2020-07-08,-2104.0,241.0,0.0,0,316.18,0.0,1,2.98,0.57,SPY200724P00281000,281.0,0,0.0,0.0,,0.0,normalDay
2020-07-09,-2104.0,234.0,0.0,0,314.38,0.0,1,2.98,0.64,SPY200724P00281000,281.0,0,0.0,0.0,,0.0,normalDay
2020-07-10,-2104.0,264.0,0.0,0,317.59,0.0,1,2.98,0.34,SPY200724P00281000,281.0,0,0.0,0.0,,0.0,normalDay
2020-07-13,-2104.0,237.0,0.0,0,314.84,0.0,1,2.98,0.61,SPY200724P00281000,281.0,0,0.0,0.0,,0.0,normalDay
2020-07-14,-2104.0,266.0,0.0,0,318.92,0.0,1,2.98,0.32,SPY200724P00281000,281.0,0,0.0,0.0,,0.0,normalDay
2020-07-15,-2104.0,281.0,0.0,0,321.85,0.0,1,2.98,0.17,SPY200724P00281000,281.0,0,0.0,0.0,,0.0,normalDay
2020-07-16,-2104.0,281.0,0.0,0,320.79,0.0,1,2.98,0.17,SPY200724P00281000,281.0,0,0.0,0.0,,0.0,normalDay
2020-07-17,-2104.0,292.0,0.0,0,321.72,0.0,1,2.98,0.06,SPY200724P00281000,281.0,0,0.0,0.0,,0.0,normalDay
2020-07-20,-2104.0,295.0,0.0,0,324.32,0.0,1,2.98,0.03,SPY200724P00281000,281.0,0,0.0,0.0,,0.0,normalDay
2020-07-21,-2104.0,296.0,0.0,0,325.01,0.0,1,2.98,0.02,SPY200724P00281000,281.0,0,0.0,0.0,,0.0,normalDay
2020-07-22,-2104.0,297.0,0.0,0,326.86,0.0,1,2.98,0.01,SPY200724P00281000,281.0,0,0.0,0.0,,0.0,normalDay
2020-07-23,-2104.0,297.0,0.0,0,322.96,0.0,1,2.98,0.01,SPY200724P00281000,281.0,0,0.0,0.0,,0.0,normalDay
2020-07-24,-1806.0,0.0,298.0,0,320.88,0.0,1,2.98,0.0,SPY200724P00281000,281.0,0,0.0,0.0,,0.0,expirationDay
2020-07-27,-1806.0,-4.0,0.0,0,323.22,0.0,1,1.89,1.93,SPY200828P00293000,293.0,0,0.0,0.0,,0.0,normalDay
2020-07-28,-1806.0,-23.0,0.0,0,321.17,0.0,1,1.89,2.12,SPY200828P00293000,293.0,0,0.0,0.0,,0.0,normalDay
2020-07-29,-1806.0,37.0,0.0,0,325.12,0.0,1,1.89,1.52,SPY200828P00293000,293.0,0,0.0,0.0,,0.0,normalDay
2020-07-30,-1806.0,28.0,0.0,0,323.96,0.0,1,1.89,1.61,SPY200828P00293000,293.0,0,0.0,0.0,,0.0,normalDay
2020-07-31,-1806.0,69.0,0.0,0,326.52,0.0,1,1.89,1.2,SPY200828P00293000,293.0,0,0.0,0.0,,0.0,normalDay
2020-08-03,-1806.0,95.0,0.0,0,328.79,0.0,1,1.89,0.94,SPY200828P00293000,293.0,0,0.0,0.0,,0.0,normalDay
2020-08-04,-1806.0,112.0,0.0,0,330.06,0.0,1,1.89,0.77,SPY200828P00293000,293.0,0,0.0,0.0,,0.0,normalDay
2020-08-05,-1806.0,127.0,0.0,0,332.11,0.0,1,1.89,0.62,SPY200828P00293000,293.0,0,0.0,0.0,,0.0,normalDay
2020-08-06,-1806.0,134.0,0.0,0,334.33,0.0,1,1.89,0.55,SPY200828P00293000,293.0,0,0.0,0.0,,0.0,normalDay
2020-08-07,-1806.0,143.0,0.0,0,334.57,0.0,1,1.89,0.46,SPY200828P00293000,293.0,0,0.0,0.0,,0.0,normalDay
2020-08-10,-1806.0,153.0,0.0,0,335.57,0.0,1,1.89,0.36,SPY200828P00293000,293.0,0,0.0,0.0,,0.0,normalDay
2020-08-11,-1806.0,136.0,0.0,0,332.8,0.0,1,1.89,0.53,SPY200828P00293000,293.0,0,0.0,0.0,,0.0,normalDay
2020-08-12,-1806.0,160.0,0.0,0,337.44,0.0,1,1.89,0.29,SPY200828P00293000,293.0,0,0.0,0.0,,0.0,normalDay
2020-08-13,-1806.0,162.0,0.0,0,336.83,0.0,1,1.89,0.27,SPY200828P00293000,293.0,0,0.0,0.0,,0.0,normalDay
2020-08-14,-1806.0,170.0,0.0,0,336.84,0.0,1,1.89,0.19,SPY200828P00293000,293.0,0,0.0,0.0,,0.0,normalDay
2020-08-17,-1806.0,178.0,0.0,0,337.91,0.0,1,1.89,0.11,SPY200828P00293000,293.0,0,0.0,0.0,,0.0,normalDay
2020-08-18,-1806.0,179.0,0.0,0,338.64,0.0,1,1.89,0.1,SPY200828P00293000,293.0,0,0.0,0.0,,0.0,normalDay
2020-08-19,-1806.0,178.0,0.0,0,337.23,0.0,1,1.89,0.11,SPY200828P00293000,293.0,0,0.0,0.0,,0.0,normalDay
2020-08-20,-1806.0,180.0,0.0,0,338.28,0.0,1,1.89,0.09,SPY200828P00293000,293.0,0,0.0,0.0,,0.0,normalDay
2020-08-21,-1806.0,183.0,0.0,0,339.48,0.0,1,1.89,0.06,SPY200828P00293000,293.0,0,0.0,0.0,,0.0,normalDay
2020-08-24,-1806.0,187.0,0.0,0,342.92,0.0,1,1.89,0.02,SPY200828P00293000,293.0,0,0.0,0.0,,0.0,normalDay
2020-08-25,-1806.0,187.0,0.0,0,344.12,0.0,1,1.89,0.02,SPY200828P00293000,293.0,0,0.0,0.0,,0.0,normalDay
2020-08-26,-1806.0,187.0,0.0,0,347.57,0.0,1,1.89,0.02,SPY200828P00293000,293.0,0,0.0,0.0,,0.0,normalDay
2020-08-27,-1806.0,188.0,0.0,0,348.33,0.0,1,1.89,0.01,SPY200828P00293000,293.0,0,0.0,0.0,,0.0,normalDay
2020-08-28,-1617.0,0.0,189.0,0,350.58,0.0,1,1.89,0.0,SPY200828P00293000,293.0,0,0.0,0.0,,0.0,expirationDay
2020-08-31,-1617.0,-5.0,0.0,0,349.31,0.0,1,2.12,2.17,SPY201002P00314000,314.0,0,0.0,0.0,,0.0,normalDay
2020-09-01,-1617.0,18.0,0.0,0,352.6,0.0,1,2.12,1.94,SPY201002P00314000,314.0,0,0.0,0.0,,0.0,normalDay
2020-09-02,-1617.0,57.0,0.0,0,357.7,0.0,1,2.12,1.55,SPY201002P00314000,314.0,0,0.0,0.0,,0.0,normalDay
2020-09-03,-1617.0,-115.0,0.0,0,345.39,0.0,1,2.12,3.27,SPY201002P00314000,314.0,0,0.0,0.0,,0.0,normalDay
2020-09-04,-1617.0,-106.0,0.0,0,342.57,0.0,1,2.12,3.18,SPY201002P00314000,314.0,0,0.0,0.0,,0.0,normalDay
2020-09-08,-1617.0,-193.0,0.0,0,333.21,0.0,1,2.12,4.05,SPY201002P00314000,314.0,0,0.0,0.0,,0.0,normalDay
2020-09-09,-1617.0,-45.0,0.0,0,339.79,0.0,1,2.12,2.57,SPY201002P00314000,314.0,0,0.0,0.0,,0.0,normalDay
2020-09-10,-1617.0,-117.0,0.0,0,333.89,0.0,1,2.12,3.29,SPY201002P00314000,314.0,0,0.0,0.0,,0.0,normalDay
2020-09-11,-1617.0,-59.0,0.0,0,334.06,0.0,1,2.12,2.71,SPY201002P00314000,314.0,0,0.0,0.0,,0.0,normalDay
2020-09-14,-1617.0,60.0,0.0,0,338.46,0.0,1,2.12,1.52,SPY201002P00314000,314.0,0,0.0,0.0,,0.0,normalDay
2020-09-15,-1617.0,83.0,0.0,0,340.17,0.0,1,2.12,1.29,SPY201002P00314000,314.0,0,0.0,0.0,,0.0,normalDay
2020-09-16,-1617.0,77.0,0.0,0,338.82,0.0,1,2.12,1.35,SPY201002P00314000,314.0,0,0.0,0.0,,0.0,normalDay
2020-09-17,-1617.0,67.0,0.0,0,335.84,0.0,1,2.12,1.45,SPY201002P00314000,314.0,0,0.0,0.0,,0.0,normalDay
2020-09-18,-1617.0,57.0,0.0,0,330.65,0.0,1,2.12,1.55,SPY201002P00314000,314.0,0,0.0,0.0,,0.0,normalDay
2020-09-21,-1617.0,18.0,0.0,0,326.97,0.0,1,2.12,1.94,SPY201002P00314000,314.0,0,0.0,0.0,,0.0,normalDay
2020-09-22,-1617.0,93.0,0.0,0,330.3,0.0,1,2.12,1.19,SPY201002P00314000,314.0,0,0.0,0.0,,0.0,normalDay
2020-09-23,-1617.0,-36.0,0.0,0,322.64,0.0,1,2.12,2.48,SPY201002P00314000,314.0,0,0.0,0.0,,0.0,normalDay
2020-09-24,-1617.0,24.0,0.0,0,323.5,0.0,1,2.12,1.88,SPY201002P00314000,314.0,0,0.0,0.0,,0.0,normalDay
2020-09-25,-1617.0,141.0,0.0,0,328.73,0.0,1,2.12,0.71,SPY201002P00314000,314.0,0,0.0,0.0,,0.0,normalDay
2020-09-28,-1617.0,195.0,0.0,0,334.19,0.0,1,2.12,0.17,SPY201002P00314000,314.0,0,0.0,0.0,,0.0,normalDay
2020-09-29,-1617.0,195.0,0.0,0,332.37,0.0,1,2.12,0.17,SPY201002P00314000,314.0,0,0.0,0.0,,0.0,normalDay
2020-09-30,-1617.0,203.0,0.0,0,334.89,0.0,1,2.12,0.09,SPY201002P00314000,314.0,0,0.0,0.0,,0.0,normalDay
2020-10-01,-1617.0,210.0,0.0,0,337.04,0.0,1,2.12,0.02,SPY201002P00314000,314.0,0,0.0,0.0,,0.0,normalDay
2020-10-02,-1405.0,0.0,212.0,0,333.84,0.0,1,2.12,0.0,SPY201002P00314000,314.0,0,0.0,0.0,,0.0,expirationDay
2020-10-05,-1405.0,-10.0,0.0,0,339.76,0.0,1,3.45,3.55,SPY201106P00312500,312.5,0,0.0,0.0,,0.0,normalDay
2020-10-06,-1405.0,-90.0,0.0,0,334.93,0.0,1,3.45,4.35,SPY201106P00312500,312.5,0,0.0,0.0,,0.0,normalDay
2020-10-07,-1405.0,47.0,0.0,0,340.76,0.0,1,3.45,2.98,SPY201106P00312500,312.5,0,0.0,0.0,,0.0,normalDay
2020-10-08,-1405.0,126.0,0.0,0,343.78,0.0,1,3.45,2.19,SPY201106P00312500,312.5,0,0.0,0.0,,0.0,normalDay
2020-10-09,-1405.0,186.0,0.0,0,346.85,0.0,1,3.45,1.59,SPY201106P00312500,312.5,0,0.0,0.0,,0.0,normalDay
2020-10-12,-1405.0,229.0,0.0,0,352.43,0.0,1,3.45,1.16,SPY201106P00312500,312.5,0,0.0,0.0,,0.0,normalDay
2020-10-13,-1405.0,214.0,0.0,0,350.13,0.0,1,3.45,1.31,SPY201106P00312500,312.5,0,0.0,0.0,,0.0,normalDay
2020-10-14,-1405.0,208.0,0.0,0,347.93,0.0,1,3.45,1.37,SPY201106P00312500,312.5,0,0.0,0.0,,0.0,normalDay
2020-10-15,-1405.0,212.0,0.0,0,347.5,0.0,1,3.45,1.33,SPY201106P00312500,312.5,0,0.0,0.0,,0.0,normalDay
2020-10-16,-1405.0,210.0,0.0,0,347.29,0.0,1,3.45,1.35,SPY201106P00312500,312.5,0,0.0,0.0,,0.0,normalDay
2020-10-19,-1405.0,173.0,0.0,0,342.01,0.0,1,3.45,1.72,SPY201106P00312500,312.5,0,0.0,0.0,,0.0,normalDay
2020-10-20,-1405.0,182.0,0.0,0,343.38,0.0,1,3.45,1.63,SPY201106P00312500,312.5,0,0.0,0.0,,0.0,normalDay
2020-10-21,-1405.0,215.0,0.0,0,342.73,0.0,1,3.45,1.3,SPY201106P00312500,312.5,0,0.0,0.0,,0.0,normalDay
2020-10-22,-1405.0,242.0,0.0,0,344.61,0.0,1,3.45,1.03,SPY201106P00312500,312.5,0,0.0,0.0,,0.0,normalDay
2020-10-23,-1405.0,258.0,0.0,0,345.78,0.0,1,3.45,0.87,SPY201106P00312500,312.5,0,0.0,0.0,,0.0,normalDay
2020-10-26,-1405.0,182.0,0.0,0,339.39,0.0,1,3.45,1.63,SPY201106P00312500,312.5,0,0.0,0.0,,0.0,normalDay
2020-10-27,-1405.0,182.0,0.0,0,338.22,0.0,1,3.45,1.63,SPY201106P00312500,312.5,0,0.0,0.0,,0.0,normalDay
2020-10-28,-1405.0,-101.0,0.0,0,326.66,0.0,1,3.45,4.46,SPY201106P00312500,312.5,0,0.0,0.0,,0.0,normalDay
2020-10-29,-1405.0,69.0,0.0,0,329.98,0.0,1,3.45,2.76,SPY201106P00312500,312.5,0,0.0,0.0,,0.0,normalDay
2020-10-30,-1405.0,22.0,0.0,0,326.54,0.0,1,3.45,3.23,SPY201106P00312500,312.5,0,0.0,0.0,,0.0,normalDay
2020-11-02,-1405.0,173.0,0.0,0,330.2,0.0,1,3.45,1.72,SPY201106P00312500,312.5,0,0.0,0.0,,0.0,normalDay
2020-11-03,-1405.0,238.0,0.0,0,336.03,0.0,1,3.45,1.07,SPY201106P00312500,312.5,0,0.0,0.0,,0.0,normalDay
2020-11-04,-1405.0,331.0,0.0,0,343.54,0.0,1,3.45,0.14,SPY201106P00312500,312.5,0,0.0,0.0,,0.0,normalDay
2020-11-05,-1405.0,344.0,0.0,0,350.24,0.0,1,3.45,0.01,SPY201106P00312500,312.5,0,0.0,0.0,,0.0,normalDay
2020-11-06,-1060.0,0.0,345.0,0,350.16,0.0,1,3.45,0.0,SPY201106P00312500,312.5,0,0.0,0.0,,0.0,expirationDay
2020-11-09,-1060.0,-5.0,0.0,0,354.56,0.0,1,1.14,1.19,SPY201211P00307000,307.0,0,0.0,0.0,,0.0,normalDay
2020-11-10,-1060.0,8.0,0.0,0,354.04,0.0,1,1.14,1.06,SPY201211P00307000,307.0,0,0.0,0.0,,0.0,normalDay
2020-11-11,-1060.0,29.0,0.0,0,356.67,0.0,1,1.14,0.85,SPY201211P00307000,307.0,0,0.0,0.0,,0.0,normalDay
2020-11-12,-1060.0,2.0,0.0,0,353.21,0.0,1,1.14,1.12,SPY201211P00307000,307.0,0,0.0,0.0,,0.0,normalDay
2020-11-13,-1060.0,44.0,0.0,0,358.1,0.0,1,1.14,0.7,SPY201211P00307000,307.0,0,0.0,0.0,,0.0,normalDay
2020-11-16,-1060.0,66.0,0.0,0,362.57,0.0,1,1.14,0.48,SPY201211P00307000,307.0,0,0.0,0.0,,0.0,normalDay
2020-11-17,-1060.0,68.0,0.0,0,360.62,0.0,1,1.14,0.46,SPY201211P00307000,307.0,0,0.0,0.0,,0.0,normalDay
2020-11-18,-1060.0,58.0,0.0,0,356.28,0.0,1,1.14,0.56,SPY201211P00307000,307.0,0,0.0,0.0,,0.0,normalDay
2020-11-19,-1060.0,67.0,0.0,0,357.78,0.0,1,1.14,0.47,SPY201211P00307000,307.0,0,0.0,0.0,,0.0,normalDay
2020-11-20,-1060.0,69.0,0.0,0,355.33,0.0,1,1.14,0.45,SPY201211P00307000,307.0,0,0.0,0.0,,0.0,normalDay
2020-11-23,-1060.0,82.0,0.0,0,357.46,0.0,1,1.14,0.32,SPY201211P00307000,307.0,0,0.0,0.0,,0.0,normalDay
2020-11-24,-1060.0,94.0,0.0,0,363.22,0.0,1,1.14,0.2,SPY201211P00307000,307.0,0,0.0,0.0,,0.0,normalDay
2020-11-25,-1060.0,96.0,0.0,0,362.66,0.0,1,1.14,0.18,SPY201211P00307000,307.0,0,0.0,0.0,,0.0,normalDay
2020-11-27,-1060.0,100.0,0.0,0,363.67,0.0,1,1.14,0.14,SPY201211P00307000,307.0,0,0.0,0.0,,0.0,normalDay
2020-11-30,-1060.0,102.0,0.0,0,362.06,0.0,1,1.14,0.12,SPY201211P00307000,307.0,0,0.0,0.0,,0.0,normalDay
2020-12-01,-1060.0,104.0,0.0,0,366.02,0.0,1,1.14,0.1,SPY201211P00307000,307.0,0,0.0,0.0,,0.0,normalDay
2020-12-02,-1060.0,106.0,0.0,0,366.79,0.0,1,1.14,0.08,SPY201211P00307000,307.0,0,0.0,0.0,,0.0,normalDay
2020-12-03,-1060.0,107.0,0.0,0,366.69,0.0,1,1.14,0.07,SPY201211P00307000,307.0,0,0.0,0.0,,0.0,normalDay
2020-12-04,-1060.0,110.0,0.0,0,369.85,0.0,1,1.14,0.04,SPY201211P00307000,307.0,0,0.0,0.0,,0.0,normalDay
2020-12-07,-1060.0,112.0,0.0,0,369.09,0.0,1,1.14,0.02,SPY201211P00307000,307.0,0,0.0,0.0,,0.0,normalDay
2020-12-08,-1060.0,113.0,0.0,0,370.17,0.0,1,1.14,0.01,SPY201211P00307000,307.0,0,0.0,0.0,,0.0,normalDay
2020-12-09,-1060.0,112.0,0.0,0,366.85,0.0,1,1.14,0.02,SPY201211P00307000,307.0,0,0.0,0.0,,0.0,normalDay
2020-12-10,-1060.0,113.0,0.0,0,366.73,0.0,1,1.14,0.01,SPY201211P00307000,307.0,0,0.0,0.0,,0.0,normalDay
2020-12-11,-946.0,0.0,114.0,0,366.3,0.0,1,1.14,0.0,SPY201211P00307000,307.0,0,0.0,0.0,,0.0,expirationDay
2020-12-14,-946.0,-5.0,0.0,0,364.66,0.0,1,3.82,3.87,SPY210115P00345000,345.0,0,0.0,0.0,,0.0,normalDay
2020-12-15,-946.0,97.0,0.0,0,369.59,0.0,1,3.82,2.85,SPY210115P00345000,345.0,0,0.0,0.0,,0.0,normalDay
2020-12-16,-946.0,133.0,0.0,0,370.17,0.0,1,3.82,2.49,SPY210115P00345000,345.0,0,0.0,0.0,,0.0,normalDay
2020-12-17,-946.0,181.0,0.0,0,372.24,0.0,1,3.82,2.01,SPY210115P00345000,345.0,0,0.0,0.0,,0.0,normalDay
2020-12-18,-946.0,185.0,0.0,0,369.18,0.0,1,3.82,1.97,SPY210115P00345000,345.0,0,0.0,0.0,,0.0,normalDay
2020-12-21,-946.0,113.0,0.0,0,367.86,0.0,1,3.82,2.69,SPY210115P00345000,345.0,0,0.0,0.0,,0.0,normalDay
2020-12-22,-946.0,134.0,0.0,0,367.24,0.0,1,3.82,2.48,SPY210115P00345000,345.0,0,0.0,0.0,,0.0,normalDay
2020-12-23,-946.0,166.0,0.0,0,367.57,0.0,1,3.82,2.16,SPY210115P00345000,345.0,0,0.0,0.0,,0.0,normalDay
2020-12-24,-946.0,220.0,0.0,0,369.0,0.0,1,3.82,1.62,SPY210115P00345000,345.0,0,0.0,0.0,,0.0,normalDay
2020-12-28,-946.0,275.0,0.0,0,372.17,0.0,1,3.82,1.07,SPY210115P00345000,345.0,0,0.0,0.0,,0.0,normalDay
2020-12-29,-946.0,264.0,0.0,0,371.46,0.0,1,3.82,1.18,SPY210115P00345000,345.0,0,0.0,0.0,,0.0,normalDay
2020-12-30,-946.0,279.0,0.0,0,371.99,0.0,1,3.82,1.03,SPY210115P00345000,345.0,0,0.0,0.0,,0.0,normalDay
2020-12-31,-946.0,301.0,0.0,0,373.88,0.0,1,3.82,0.81,SPY210115P00345000,345.0,0,0.0,0.0,,0.0,normalDay
2021-01-04,-946.0,262.0,0.0,0,368.79,0.0,1,3.82,1.2,SPY210115P00345000,345.0,0,0.0,0.0,,0.0,normalDay
2021-01-05,-946.0,301.0,0.0,0,371.33,0.0,1,3.82,0.81,SPY210115P00345000,345.0,0,0.0,0.0,,0.0,normalDay
2021-01-06,-946.0,310.0,0.0,0,373.55,0.0,1,3.82,0.72,SPY210115P00345000,345.0,0,0.0,0.0,,0.0,normalDay
2021-01-07,-946.0,355.0,0.0,0,379.1,0.0,1,3.82,0.27,SPY210115P00345000,345.0,0,0.0,0.0,,0.0,normalDay
2021-01-08,-946.0,368.0,0.0,0,381.26,0.0,1,3.82,0.14,SPY210115P00345000,345.0,0,0.0,0.0,,0.0,normalDay
2021-01-11,-946.0,370.0,0.0,0,378.69,0.0,1,3.82,0.12,SPY210115P00345000,345.0,0,0.0,0.0,,0.0,normalDay
2021-01-12,-946.0,375.0,0.0,0,378.77,0.0,1,3.82,0.07,SPY210115P00345000,345.0,0,0.0,0.0,,0.0,normalDay
2021-01-13,-946.0,378.0,0.0,0,379.79,0.0,1,3.82,0.04,SPY210115P00345000,345.0,0,0.0,0.0,,0.0,normalDay
2021-01-14,-946.0,379.0,0.0,0,378.46,0.0,1,3.82,0.03,SPY210115P00345000,345.0,0,0.0,0.0,,0.0,normalDay
2021-01-15,-564.0,0.0,382.0,0,375.7,0.0,1,3.82,0.0,SPY210115P00345000,345.0,0,0.0,0.0,,0.0,expirationDay
2021-01-19,-564.0,-3.0,0.0,0,378.65,0.0,1,2.85,2.88,SPY210219P00354000,354.0,0,0.0,0.0,,0.0,normalDay
2021-01-20,-564.0,88.0,0.0,0,383.89,0.0,1,2.85,1.97,SPY210219P00354000,354.0,0,0.0,0.0,,0.0,normalDay
2021-01-21,-564.0,104.0,0.0,0,384.24,0.0,1,2.85,1.81,SPY210219P00354000,354.0,0,0.0,0.0,,0.0,normalDay
2021-01-22,-564.0,96.0,0.0,0,382.88,0.0,1,2.85,1.89,SPY210219P00354000,354.0,0,0.0,0.0,,0.0,normalDay
2021-01-25,-564.0,112.0,0.0,0,384.39,0.0,1,2.85,1.73,SPY210219P00354000,354.0,0,0.0,0.0,,0.0,normalDay
2021-01-26,-564.0,126.0,0.0,0,383.79,0.0,1,2.85,1.59,SPY210219P00354000,354.0,0,0.0,0.0,,0.0,normalDay
2021-01-27,-564.0,-185.0,0.0,0,374.41,0.0,1,2.85,4.7,SPY210219P00354000,354.0,0,0.0,0.0,,0.0,normalDay
2021-01-28,-564.0,-40.0,0.0,0,377.63,0.0,1,2.85,3.25,SPY210219P00354000,354.0,0,0.0,0.0,,0.0,normalDay
2021-01-29,-564.0,-277.0,0.0,0,370.07,0.0,1,2.85,5.62,SPY210219P00354000,354.0,0,0.0,0.0,,0.0,normalDay
2021-02-01,-564.0,-8.0,0.0,0,376.23,0.0,1,2.85,2.93,SPY210219P00354000,354.0,0,0.0,0.0,,0.0,normalDay
2021-02-02,-564.0,150.0,0.0,0,381.55,0.0,1,2.85,1.35,SPY210219P00354000,354.0,0,0.0,0.0,,0.0,normalDay
2021-02-03,-564.0,192.0,0.0,0,381.85,0.0,1,2.85,0.93,SPY210219P00354000,354.0,0,0.0,0.0,,0.0,normalDay
2021-02-04,-564.0,231.0,0.0,0,386.19,0.0,1,2.85,0.54,SPY210219P00354000,354.0,0,0.0,0.0,,0.0,normalDay
2021-02-05,-564.0,252.0,0.0,0,387.71,0.0,1,2.85,0.33,SPY210219P00354000,354.0,0,0.0,0.0,,0.0,normalDay
2021-02-08,-564.0,265.0,0.0,0,390.51,0.0,1,2.85,0.2,SPY210219P00354000,354.0,0,0.0,0.0,,0.0,normalDay
2021-02-09,-564.0,265.0,0.0,0,390.25,0.0,1,2.85,0.2,SPY210219P00354000,354.0,0,0.0,0.0,,0.0,normalDay
2021-02-10,-564.0,264.0,0.0,0,390.08,0.0,1,2.85,0.21,SPY210219P00354000,354.0,0,0.0,0.0,,0.0,normalDay
2021-02-11,-564.0,271.0,0.0,0,390.71,0.0,1,2.85,0.14,SPY210219P00354000,354.0,0,0.0,0.0,,0.0,normalDay
2021-02-12,-564.0,278.0,0.0,0,392.64,0.0,1,2.85,0.07,SPY210219P00354000,354.0,0,0.0,0.0,,0.0,normalDay
2021-02-16,-564.0,277.0,0.0,0,392.3,0.0,1,2.85,0.08,SPY210219P00354000,354.0,0,0.0,0.0,,0.0,normalDay
2021-02-17,-564.0,281.0,0.0,0,392.39,0.0,1,2.85,0.04,SPY210219P00354000,354.0,0,0.0,0.0,,0.0,normalDay
2021-02-18,-564.0,283.0,0.0,0,390.72,0.0,1,2.85,0.02,SPY210219P00354000,354.0,0,0.0,0.0,,0.0,normalDay
2021-02-19,-279.0,0.0,285.0,0,390.03,0.0,1,2.85,0.0,SPY210219P00354000,354.0,0,0.0,0.0,,0.0,expirationDay
2021-02-22,-279.0,-5.0,0.0,0,387.03,0.0,1,2.86,2.91,SPY210326P00357500,357.5,0,0.0,0.0,,0.0,normalDay
2021-02-23,-279.0,22.0,0.0,0,387.5,0.0,1,2.86,2.64,SPY210326P00357500,357.5,0,0.0,0.0,,0.0,normalDay
2021-02-24,-279.0,102.0,0.0,0,391.77,0.0,1,2.86,1.84,SPY210326P00357500,357.5,0,0.0,0.0,,0.0,normalDay
2021-02-25,-279.0,-129.0,0.0,0,382.33,0.0,1,2.86,4.15,SPY210326P00357500,357.5,0,0.0,0.0,,0.0,normalDay
2021-02-26,-279.0,-124.0,0.0,0,380.36,0.0,1,2.86,4.1,SPY210326P00357500,357.5,0,0.0,0.0,,0.0,normalDay
2021-03-01,-279.0,94.0,0.0,0,389.58,0.0,1,2.86,1.92,SPY210326P00357500,357.5,0,0.0,0.0,,0.0,normalDay
2021-03-02,-279.0,58.0,0.0,0,386.54,0.0,1,2.86,2.28,SPY210326P00357500,357.5,0,0.0,0.0,,0.0,normalDay
2021-03-03,-279.0,-21.0,0.0,0,381.42,0.0,1,2.86,3.07,SPY210326P00357500,357.5,0,0.0,0.0,,0.0,normalDay
2021-03-04,-279.0,-127.0,0.0,0,376.7,0.0,1,2.86,4.13,SPY210326P00357500,357.5,0,0.0,0.0,,0.0,normalDay
2021-03-05,-279.0,55.0,0.0,0,383.63,0.0,1,2.86,2.31,SPY210326P00357500,357.5,0,0.0,0.0,,0.0,normalDay
2021-03-08,-279.0,44.0,0.0,0,381.72,0.0,1,2.86,2.42,SPY210326P00357500,357.5,0,0.0,0.0,,0.0,normalDay
2021-03-09,-279.0,136.0,0.0,0,387.17,0.0,1,2.86,1.5,SPY210326P00357500,357.5,0,0.0,0.0,,0.0,normalDay
2021-03-10,-279.0,190.0,0.0,0,389.58,0.0,1,2.86,0.96,SPY210326P00357500,357.5,0,0.0,0.0,,0.0,normalDay
2021-03-11,-279.0,218.0,0.0,0,393.53,0.0,1,2.86,0.68,SPY210326P00357500,357.5,0,0.0,0.0,,0.0,normalDay
2021-03-12,-279.0,247.0,0.0,0,394.06,0.0,1,2.86,0.39,SPY210326P00357500,357.5,0,0.0,0.0,,0.0,normalDay
2021-03-15,-279.0,263.0,0.0,0,396.41,0.0,1,2.86,0.23,SPY210326P00357500,357.5,0,0.0,0.0,,0.0,normalDay
2021-03-16,-279.0,262.0,0.0,0,395.91,0.0,1,2.86,0.24,SPY210326P00357500,357.5,0,0.0,0.0,,0.0,normalDay
2021-03-17,-279.0,273.0,0.0,0,397.26,0.0,1,2.86,0.13,SPY210326P00357500,357.5,0,0.0,0.0,,0.0,normalDay
2021-03-18,-279.0,258.0,0.0,0,391.48,0.0,1,2.86,0.28,SPY210326P00357500,357.5,0,0.0,0.0,,0.0,normalDay
2021-03-19,-279.0,272.0,0.0,0,389.48,0.0,1,2.86,0.14,SPY210326P00357500,357.5,0,0.0,0.0,,0.0,normalDay
2021-03-22,-279.0,283.0,0.0,0,392.59,0.0,1,2.86,0.03,SPY210326P00357500,357.5,0,0.0,0.0,,0.0,normalDay
2021-03-23,-279.0,282.0,0.0,0,389.5,0.0,1,2.86,0.04,SPY210326P00357500,357.5,0,0.0,0.0,,0.0,normalDay
2021-03-24,-279.0,283.0,0.0,0,387.52,0.0,1,2.86,0.03,SPY210326P00357500,357.5,0,0.0,0.0,,0.0,normalDay
2021-03-25,-279.0,285.0,0.0,0,389.7,0.0,1,2.86,0.01,SPY210326P00357500,357.5,0,0.0,0.0,,0.0,normalDay
2021-03-26,7.0,0.0,286.0,0,395.98,0.0,1,2.86,0.0,SPY210326P00357500,357.5,0,0.0,0.0,,0.0,expirationDay
2021-03-29,7.0,-5.0,0.0,0,395.78,0.0,1,1.94,1.99,SPY210430P00365000,365.0,0,0.0,0.0,,0.0,normalDay
2021-03-30,7.0,17.0,0.0,0,394.73,0.0,1,1.94,1.77,SPY210430P00365000,365.0,0,0.0,0.0,,0.0,normalDay
2021-03-31,7.0,43.0,0.0,0,396.33,0.0,1,1.94,1.51,SPY210430P00365000,365.0,0,0.0,0.0,,0.0,normalDay
2021-04-01,7.0,100.0,0.0,0,400.61,0.0,1,1.94,0.94,SPY210430P00365000,365.0,0,0.0,0.0,,0.0,normalDay
2021-04-05,7.0,130.0,0.0,0,406.36,0.0,1,1.94,0.64,SPY210430P00365000,365.0,0,0.0,0.0,,0.0,normalDay
2021-04-06,7.0,130.0,0.0,0,406.12,0.0,1,1.94,0.64,SPY210430P00365000,365.0,0,0.0,0.0,,0.0,normalDay
2021-04-07,7.0,144.0,0.0,0,406.59,0.0,1,1.94,0.5,SPY210430P00365000,365.0,0,0.0,0.0,,0.0,normalDay
2021-04-08,7.0,153.0,0.0,0,408.52,0.0,1,1.94,0.41,SPY210430P00365000,365.0,0,0.0,0.0,,0.0,normalDay
2021-04-09,7.0,163.0,0.0,0,411.49,0.0,1,1.94,0.31,SPY210430P00365000,365.0,0,0.0,0.0,,0.0,normalDay
2021-04-12,7.0,173.0,0.0,0,411.64,0.0,1,1.94,0.21,SPY210430P00365000,365.0,0,0.0,0.0,,0.0,normalDay
2021-04-13,7.0,177.0,0.0,0,412.86,0.0,1,1.94,0.17,SPY210430P00365000,365.0,0,0.0,0.0,,0.0,normalDay
2021-04-14,7.0,175.0,0.0,0,411.45,0.0,1,1.94,0.19,SPY210430P00365000,365.0,0,0.0,0.0,,0.0,normalDay
2021-04-15,7.0,178.0,0.0,0,415.87,0.0,1,1.94,0.16,SPY210430P00365000,365.0,0,0.0,0.0,,0.0,normalDay
2021-04-16,7.0,184.0,0.0,0,417.26,0.0,1,1.94,0.1,SPY210430P00365000,365.0,0,0.0,0.0,,0.0,normalDay
2021-04-19,7.0,186.0,0.0,0,415.21,0.0,1,1.94,0.08,SPY210430P00365000,365.0,0,0.0,0.0,,0.0,normalDay
2021-04-20,7.0,182.0,0.0,0,412.17,0.0,1,1.94,0.12,SPY210430P00365000,365.0,0,0.0,0.0,,0.0,normalDay
2021-04-21,7.0,189.0,0.0,0,416.07,0.0,1,1.94,0.05,SPY210430P00365000,365.0,0,0.0,0.0,,0.0,normalDay
2021-04-22,7.0,187.0,0.0,0,412.27,0.0,1,1.94,0.07,SPY210430P00365000,365.0,0,0.0,0.0,,0.0,normalDay
2021-04-23,7.0,190.0,0.0,0,416.74,0.0,1,1.94,0.04,SPY210430P00365000,365.0,0,0.0,0.0,,0.0,normalDay
2021-04-26,7.0,192.0,0.0,0,417.61,0.0,1,1.94,0.02,SPY210430P00365000,365.0,0,0.0,0.0,,0.0,normalDay
2021-04-27,7.0,192.0,0.0,0,417.52,0.0,1,1.94,0.02,SPY210430P00365000,365.0,0,0.0,0.0,,0.0,normalDay
2021-04-28,7.0,193.0,0.0,0,417.4,0.0,1,1.94,0.01,SPY210430P00365000,365.0,0,0.0,0.0,,0.0,normalDay
2021-04-29,7.0,193.0,0.0,0,420.06,0.0,1,1.94,0.01,SPY210430P00365000,365.0,0,0.0,0.0,,0.0,normalDay
2021-04-30,201.0,0.0,194.0,0,417.3,0.0,1,1.94,0.0,SPY210430P00365000,365.0,0,0.0,0.0,,0.0,expirationDay
2021-05-03,201.0,-4.0,0.0,0,418.2,0.0,1,2.61,2.65,SPY210604P00397500,397.5,0,0.0,0.0,,0.0,normalDay
2021-05-04,201.0,-68.0,0.0,0,415.62,0.0,1,2.61,3.29,SPY210604P00397500,397.5,0,0.0,0.0,,0.0,normalDay
2021-05-05,201.0,-50.0,0.0,0,415.75,0.0,1,2.61,3.11,SPY210604P00397500,397.5,0,0.0,0.0,,0.0,normalDay
2021-05-06,201.0,29.0,0.0,0,419.07,0.0,1,2.61,2.32,SPY210604P00397500,397.5,0,0.0,0.0,,0.0,normalDay
2021-05-07,201.0,95.0,0.0,0,422.12,0.0,1,2.61,1.66,SPY210604P00397500,397.5,0,0.0,0.0,,0.0,normalDay
2021-05-10,201.0,13.0,0.0,0,417.94,0.0,1,2.61,2.48,SPY210604P00397500,397.5,0,0.0,0.0,,0.0,normalDay
2021-05-11,201.0,-75.0,0.0,0,414.21,0.0,1,2.61,3.36,SPY210604P00397500,397.5,0,0.0,0.0,,0.0,normalDay
2021-05-12,201.0,-409.0,0.0,0,405.41,0.0,1,2.61,6.7,SPY210604P00397500,397.5,0,0.0,0.0,,0.0,normalDay
2021-05-13,201.0,-164.0,0.0,0,410.28,0.0,1,2.61,4.25,SPY210604P00397500,397.5,0,0.0,0.0,,0.0,normalDay
2021-05-14,201.0,67.0,0.0,0,416.58,0.0,1,2.61,1.94,SPY210604P00397500,397.5,0,0.0,0.0,,0.0,normalDay
2021-05-17,201.0,73.0,0.0,0,415.52,0.0,1,2.61,1.88,SPY210604P00397500,397.5,0,0.0,0.0,,0.0,normalDay
2021-05-18,201.0,3.0,0.0,0,411.94,0.0,1,2.61,2.58,SPY210604P00397500,397.5,0,0.0,0.0,,0.0,normalDay
2021-05-19,201.0,-8.0,0.0,0,410.86,0.0,1,2.61,2.69,SPY210604P00397500,397.5,0,0.0,0.0,,0.0,normalDay
2021-05-20,201.0,99.0,0.0,0,415.28,0.0,1,2.61,1.62,SPY210604P00397500,397.5,0,0.0,0.0,,0.0,normalDay
2021-05-21,201.0,123.0,0.0,0,414.94,0.0,1,2.61,1.38,SPY210604P00397500,397.5,0,0.0,0.0,,0.0,normalDay
2021-05-24,201.0,211.0,0.0,0,419.17,0.0,1,2.61,0.5,SPY210604P00397500,397.5,0,0.0,0.0,,0.0,normalDay
2021-05-25,201.0,207.0,0.0,0,418.24,0.0,1,2.61,0.54,SPY210604P00397500,397.5,0,0.0,0.0,,0.0,normalDay
2021-05-26,201.0,229.0,0.0,0,419.07,0.0,1,2.61,0.32,SPY210604P00397500,397.5,0,0.0,0.0,,0.0,normalDay
2021-05-27,201.0,239.0,0.0,0,419.29,0.0,1,2.61,0.22,SPY210604P00397500,397.5,0,0.0,0.0,,0.0,normalDay
2021-05-28,201.0,247.0,0.0,0,420.04,0.0,1,2.61,0.14,SPY210604P00397500,397.5,0,0.0,0.0,,0.0,normalDay
2021-06-01,201.0,255.0,0.0,0,419.67,0.0,1,2.61,0.06,SPY210604P00397500,397.5,0,0.0,0.0,,0.0,normalDay
2021-06-02,201.0,258.0,0.0,0,420.33,0.0,1,2.61,0.03,SPY210604P00397500,397.5,0,0.0,0.0,,0.0,normalDay
2021-06-03,201.0,259.0,0.0,0,418.77,0.0,1,2.61,0.02,SPY210604P00397500,397.5,0,0.0,0.0,,0.0,normalDay
2021-06-04,462.0,0.0,261.0,0,422.6,0.0,1,2.61,0.0,SPY210604P00397500,397.5,0,0.0,0.0,,0.0,expirationDay
2021-06-07,462.0,-4.0,0.0,0,422.19,0.0,1,1.88,1.92,SPY210709P00398000,398.0,0,0.0,0.0,,0.0,normalDay
2021-06-08,462.0,-12.0,0.0,0,422.28,0.0,1,1.88,2.0,SPY210709P00398000,398.0,0,0.0,0.0,,0.0,normalDay
2021-06-09,462.0,-32.0,0.0,0,421.65,0.0,1,1.88,2.2,SPY210709P00398000,398.0,0,0.0,0.0,,0.0,normalDay
2021-06-10,462.0,31.0,0.0,0,423.61,0.0,1,1.88,1.57,SPY210709P00398000,398.0,0,0.0,0.0,,0.0,normalDay
2021-06-11,462.0,51.0,0.0,0,424.31,0.0,1,1.88,1.37,SPY210709P00398000,398.0,0,0.0,0.0,,0.0,normalDay
2021-06-14,462.0,65.0,0.0,0,425.26,0.0,1,1.88,1.23,SPY210709P00398000,398.0,0,0.0,0.0,,0.0,normalDay
2021-06-15,462.0,56.0,0.0,0,424.48,0.0,1,1.88,1.32,SPY210709P00398000,398.0,0,0.0,0.0,,0.0,normalDay
2021-06-16,462.0,28.0,0.0,0,422.11,0.0,1,1.88,1.6,SPY210709P00398000,398.0,0,0.0,0.0,,0.0,normalDay
2021-06-17,462.0,48.0,0.0,0,421.97,0.0,1,1.88,1.4,SPY210709P00398000,398.0,0,0.0,0.0,,0.0,normalDay
2021-06-18,462.0,-69.0,0.0,0,414.92,0.0,1,1.88,2.57,SPY210709P00398000,398.0,0,0.0,0.0,,0.0,normalDay
2021-06-21,462.0,76.0,0.0,0,420.86,0.0,1,1.88,1.12,SPY210709P00398000,398.0,0,0.0,0.0,,0.0,normalDay
2021-06-22,462.0,112.0,0.0,0,423.11,0.0,1,1.88,0.76,SPY210709P00398000,398.0,0,0.0,0.0,,0.0,normalDay
2021-06-23,462.0,126.0,0.0,0,422.6,0.0,1,1.88,0.62,SPY210709P00398000,398.0,0,0.0,0.0,,0.0,normalDay
2021-06-24,462.0,144.0,0.0,0,425.1,0.0,1,1.88,0.44,SPY210709P00398000,398.0,0,0.0,0.0,,0.0,normalDay
2021-06-25,462.0,156.0,0.0,0,426.61,0.0,1,1.88,0.32,SPY210709P00398000,398.0,0,0.0,0.0,,0.0,normalDay
2021-06-28,462.0,167.0,0.0,0,427.47,0.0,1,1.88,0.21,SPY210709P00398000,398.0,0,0.0,0.0,,0.0,normalDay
2021-06-29,462.0,169.0,0.0,0,427.7,0.0,1,1.88,0.19,SPY210709P00398000,398.0,0,0.0,0.0,,0.0,normalDay
2021-06-30,462.0,174.0,0.0,0,428.06,0.0,1,1.88,0.14,SPY210709P00398000,398.0,0,0.0,0.0,,0.0,normalDay
2021-07-01,462.0,178.0,0.0,0,430.43,0.0,1,1.88,0.1,SPY210709P00398000,398.0,0,0.0,0.0,,0.0,normalDay
2021-07-02,462.0,184.0,0.0,0,433.72,0.0,1,1.88,0.04,SPY210709P00398000,398.0,0,0.0,0.0,,0.0,normalDay
2021-07-06,462.0,186.0,0.0,0,432.93,0.0,1,1.88,0.02,SPY210709P00398000,398.0,0,0.0,0.0,,0.0,normalDay
2021-07-07,462.0,187.0,0.0,0,434.46,0.0,1,1.88,0.01,SPY210709P00398000,398.0,0,0.0,0.0,,0.0,normalDay
2021-07-08,462.0,187.0,0.0,0,430.92,0.0,1,1.88,0.01,SPY210709P00398000,398.0,0,0.0,0.0,,0.0,normalDay
2021-07-09,650.0,0.0,188.0,0,435.52,0.0,1,1.88,0.0,SPY210709P00398000,398.0,0,0.0,0.0,,0.0,expirationDay
2021-07-12,650.0,-3.0,0.0,0,437.08,0.0,1,1.3,1.33,SPY210813P00403000,403.0,0,0.0,0.0,,0.0,normalDay
2021-07-13,650.0,-25.0,0.0,0,435.59,0.0,1,1.3,1.55,SPY210813P00403000,403.0,0,0.0,0.0,,0.0,normalDay
2021-07-14,650.0,5.0,0.0,0,436.24,0.0,1,1.3,1.25,SPY210813P00403000,403.0,0,0.0,0.0,,0.0,normalDay
2021-07-15,650.0,-12.0,0.0,0,434.75,0.0,1,1.3,1.42,SPY210813P00403000,403.0,0,0.0,0.0,,0.0,normalDay
2021-07-16,650.0,-52.0,0.0,0,431.34,0.0,1,1.3,1.82,SPY210813P00403000,403.0,0,0.0,0.0,,0.0,normalDay
2021-07-19,650.0,-177.0,0.0,0,424.97,0.0,1,1.3,3.07,SPY210813P00403000,403.0,0,0.0,0.0,,0.0,normalDay
2021-07-20,650.0,-56.0,0.0,0,431.06,0.0,1,1.3,1.86,SPY210813P00403000,403.0,0,0.0,0.0,,0.0,normalDay
2021-07-21,650.0,16.0,0.0,0,434.55,0.0,1,1.3,1.14,SPY210813P00403000,403.0,0,0.0,0.0,,0.0,normalDay
2021-07-22,650.0,30.0,0.0,0,435.46,0.0,1,1.3,1.0,SPY210813P00403000,403.0,0,0.0,0.0,,0.0,normalDay
2021-07-23,650.0,62.0,0.0,0,439.94,0.0,1,1.3,0.68,SPY210813P00403000,403.0,0,0.0,0.0,,0.0,normalDay
2021-07-26,650.0,82.0,0.0,0,441.02,0.0,1,1.3,0.48,SPY210813P00403000,403.0,0,0.0,0.0,,0.0,normalDay
2021-07-27,650.0,60.0,0.0,0,439.01,0.0,1,1.3,0.7,SPY210813P00403000,403.0,0,0.0,0.0,,0.0,normalDay
2021-07-28,650.0,77.0,0.0,0,438.83,0.0,1,1.3,0.53,SPY210813P00403000,403.0,0,0.0,0.0,,0.0,normalDay
2021-07-29,650.0,95.0,0.0,0,440.65,0.0,1,1.3,0.35,SPY210813P00403000,403.0,0,0.0,0.0,,0.0,normalDay
2021-07-30,650.0,90.0,0.0,0,438.51,0.0,1,1.3,0.4,SPY210813P00403000,403.0,0,0.0,0.0,,0.0,normalDay
2021-08-02,650.0,96.0,0.0,0,437.59,0.0,1,1.3,0.34,SPY210813P00403000,403.0,0,0.0,0.0,,0.0,normalDay
2021-08-03,650.0,115.0,0.0,0,441.15,0.0,1,1.3,0.15,SPY210813P00403000,403.0,0,0.0,0.0,,0.0,normalDay
2021-08-04,650.0,116.0,0.0,0,438.98,0.0,1,1.3,0.14,SPY210813P00403000,403.0,0,0.0,0.0,,0.0,normalDay
2021-08-05,650.0,121.0,0.0,0,441.76,0.0,1,1.3,0.09,SPY210813P00403000,403.0,0,0.0,0.0,,0.0,normalDay
2021-08-06,650.0,126.0,0.0,0,442.49,0.0,1,1.3,0.04,SPY210813P00403000,403.0,0,0.0,0.0,,0.0,normalDay
2021-08-09,650.0,127.0,0.0,0,442.13,0.0,1,1.3,0.03,SPY210813P00403000,403.0,0,0.0,0.0,,0.0,normalDay
2021-08-10,650.0,127.0,0.0,0,442.68,0.0,1,1.3,0.03,SPY210813P00403000,403.0,0,0.0,0.0,,0.0,normalDay
2021-08-11,650.0,128.0,0.0,0,443.78,0.0,1,1.3,0.02,SPY210813P00403000,403.0,0,0.0,0.0,,0.0,normalDay
2021-08-12,650.0,129.0,0.0,0,445.11,0.0,1,1.3,0.01,SPY210813P00403000,403.0,0,0.0,0.0,,0.0,normalDay
2021-08-13,780.0,0.0,130.0,0,445.92,0.0,1,1.3,0.0,SPY210813P00403000,403.0,0,0.0,0.0,,0.0,expirationDay
2021-08-16,780.0,-3.0,0.0,0,446.97,0.0,1,2.31,2.34,SPY210917P00424000,424.0,0,0.0,0.0,,0.0,normalDay
2021-08-17,780.0,-84.0,0.0,0,444.04,0.0,1,2.31,3.15,SPY210917P00424000,424.0,0,0.0,0.0,,0.0,normalDay
2021-08-18,780.0,-247.0,0.0,0,439.18,0.0,1,2.31,4.78,SPY210917P00424000,424.0,0,0.0,0.0,,0.0,normalDay
2021-08-19,780.0,-223.0,0.0,0,439.86,0.0,1,2.31,4.54,SPY210917P00424000,424.0,0,0.0,0.0,,0.0,normalDay
2021-08-20,780.0,-67.0,0.0,0,443.36,0.0,1,2.31,2.98,SPY210917P00424000,424.0,0,0.0,0.0,,0.0,normalDay
2021-08-23,780.0,50.0,0.0,0,447.26,0.0,1,2.31,1.81,SPY210917P00424000,424.0,0,0.0,0.0,,0.0,normalDay
2021-08-24,780.0,61.0,0.0,0,447.97,0.0,1,2.31,1.7,SPY210917P00424000,424.0,0,0.0,0.0,,0.0,normalDay
2021-08-25,780.0,87.0,0.0,0,448.91,0.0,1,2.31,1.44,SPY210917P00424000,424.0,0,0.0,0.0,,0.0,normalDay
2021-08-26,780.0,31.0,0.0,0,446.26,0.0,1,2.31,2.0,SPY210917P00424000,424.0,0,0.0,0.0,,0.0,normalDay
2021-08-27,780.0,119.0,0.0,0,450.25,0.0,1,2.31,1.12,SPY210917P00424000,424.0,0,0.0,0.0,,0.0,normalDay
2021-08-30,780.0,152.0,0.0,0,452.23,0.0,1,2.31,0.79,SPY210917P00424000,424.0,0,0.0,0.0,,0.0,normalDay
2021-08-31,780.0,147.0,0.0,0,451.56,0.0,1,2.31,0.84,SPY210917P00424000,424.0,0,0.0,0.0,,0.0,normalDay
2021-09-01,780.0,162.0,0.0,0,451.8,0.0,1,2.31,0.69,SPY210917P00424000,424.0,0,0.0,0.0,,0.0,normalDay
2021-09-02,780.0,163.0,0.0,0,453.19,0.0,1,2.31,0.68,SPY210917P00424000,424.0,0,0.0,0.0,,0.0,normalDay
2021-09-03,780.0,175.0,0.0,0,453.08,0.0,1,2.31,0.56,SPY210917P00424000,424.0,0,0.0,0.0,,0.0,normalDay
2021-09-07,780.0,178.0,0.0,0,451.46,0.0,1,2.31,0.53,SPY210917P00424000,424.0,0,0.0,0.0,,0.0,normalDay
2021-09-08,780.0,186.0,0.0,0,450.91,0.0,1,2.31,0.45,SPY210917P00424000,424.0,0,0.0,0.0,,0.0,normalDay
2021-09-09,780.0,179.0,0.0,0,448.98,0.0,1,2.31,0.52,SPY210917P00424000,424.0,0,0.0,0.0,,0.0,normalDay
2021-09-10,780.0,132.0,0.0,0,445.44,0.0,1,2.31,0.99,SPY210917P00424000,424.0,0,0.0,0.0,,0.0,normalDay
2021-09-13,780.0,188.0,0.0,0,446.58,0.0,1,2.31,0.43,SPY210917P00424000,424.0,0,0.0,0.0,,0.0,normalDay
2021-09-14,780.0,201.0,0.0,0,444.17,0.0,1,2.31,0.3,SPY210917P00424000,424.0,0,0.0,0.0,,0.0,normalDay
2021-09-15,780.0,220.0,0.0,0,447.88,0.0,1,2.31,0.11,SPY210917P00424000,424.0,0,0.0,0.0,,0.0,normalDay
2021-09-16,780.0,225.0,0.0,0,447.17,0.0,1,2.31,0.06,SPY210917P00424000,424.0,0,0.0,0.0,,0.0,normalDay
2021-09-17,1011.0,0.0,231.0,0,441.4,0.0,1,2.31,0.0,SPY210917P00424000,424.0,0,0.0,0.0,,0.0,expirationDay
2021-09-20,1011.0,-8.0,0.0,0,434.04,0.0,1,8.59,8.67,SPY211022P00429000,429.0,0,0.0,0.0,,0.0,normalDay
2021-09-21,1011.0,20.0,0.0,0,433.63,0.0,1,8.59,8.39,SPY211022P00429000,429.0,0,0.0,0.0,,0.0,normalDay
2021-09-22,1011.0,282.0,0.0,0,437.86,0.0,1,8.59,5.77,SPY211022P00429000,429.0,0,0.0,0.0,,0.0,normalDay
2021-09-23,1011.0,480.0,0.0,0,443.18,0.0,1,8.59,3.79,SPY211022P00429000,429.0,0,0.0,0.0,,0.0,normalDay
2021-09-24,1011.0,529.0,0.0,0,443.91,0.0,1,8.59,3.3,SPY211022P00429000,429.0,0,0.0,0.0,,0.0,normalDay
2021-09-27,1011.0,511.0,0.0,0,442.64,0.0,1,8.59,3.48,SPY211022P00429000,429.0,0,0.0,0.0,,0.0,normalDay
2021-09-28,1011.0,180.0,0.0,0,433.72,0.0,1,8.59,6.79,SPY211022P00429000,429.0,0,0.0,0.0,,0.0,normalDay
2021-09-29,1011.0,231.0,0.0,0,434.45,0.0,1,8.59,6.28,SPY211022P00429000,429.0,0,0.0,0.0,,0.0,normalDay
2021-09-30,1011.0,50.0,0.0,0,429.14,0.0,1,8.59,8.09,SPY211022P00429000,429.0,0,0.0,0.0,,0.0,normalDay
2021-10-01,1011.0,299.0,0.0,0,434.24,0.0,1,8.59,5.6,SPY211022P00429000,429.0,0,0.0,0.0,,0.0,normalDay
2021-10-04,1011.0,86.0,0.0,0,428.64,0.0,1,8.59,7.73,SPY211022P00429000,429.0,0,0.0,0.0,,0.0,normalDay
2021-10-05,1011.0,319.0,0.0,0,433.1,0.0,1,8.59,5.4,SPY211022P00429000,429.0,0,0.0,0.0,,0.0,normalDay
2021-10-06,1011.0,392.0,0.0,0,434.9,0.0,1,8.59,4.67,SPY211022P00429000,429.0,0,0.0,0.0,,0.0,normalDay
2021-10-07,1011.0,559.0,0.0,0,438.66,0.0,1,8.59,3.0,SPY211022P00429000,429.0,0,0.0,0.0,,0.0,normalDay
2021-10-08,1011.0,573.0,0.0,0,437.86,0.0,1,8.59,2.86,SPY211022P00429000,429.0,0,0.0,0.0,,0.0,normalDay
2021-10-11,1011.0,505.0,0.0,0,434.69,0.0,1,8.59,3.54,SPY211022P00429000,429.0,0,0.0,0.0,,0.0,normalDay
2021-10-12,1011.0,492.0,0.0,0,433.62,0.0,1,8.59,3.67,SPY211022P00429000,429.0,0,0.0,0.0,,0.0,normalDay
2021-10-13,1011.0,632.0,0.0,0,435.18,0.0,1,8.59,2.27,SPY211022P00429000,429.0,0,0.0,0.0,,0.0,normalDay
2021-10-14,1011.0,791.0,0.0,0,442.5,0.0,1,8.59,0.68,SPY211022P00429000,429.0,0,0.0,0.0,,0.0,normalDay
2021-10-15,1011.0,829.0,0.0,0,445.87,0.0,1,8.59,0.3,SPY211022P00429000,429.0,0,0.0,0.0,,0.0,normalDay
2021-10-18,1011.0,848.0,0.0,0,447.19,0.0,1,8.59,0.11,SPY211022P00429000,429.0,0,0.0,0.0,,0.0,normalDay
2021-10-19,1011.0,854.0,0.0,0,450.64,0.0,1,8.59,0.05,SPY211022P00429000,429.0,0,0.0,0.0,,0.0,normalDay
2021-10-20,1011.0,855.0,0.0,0,452.41,0.0,1,8.59,0.04,SPY211022P00429000,429.0,0,0.0,0.0,,0.0,normalDay
2021-10-21,1011.0,858.0,0.0,0,453.59,0.0,1,8.59,0.01,SPY211022P00429000,429.0,0,0.0,0.0,,0.0,normalDay
2021-10-22,1870.0,0.0,859.0,0,453.12,0.0,1,8.59,0.0,SPY211022P00429000,429.0,0,0.0,0.0,,0.0,expirationDay
2021-10-25,1870.0,-3.0,0.0,0,455.55,0.0,1,0.65,0.68,SPY211126P00403000,403.0,0,0.0,0.0,,0.0,normalDay
2021-10-26,1870.0,-7.0,0.0,0,455.96,0.0,1,0.65,0.72,SPY211126P00403000,403.0,0,0.0,0.0,,0.0,normalDay
2021-10-27,1870.0,-19.0,0.0,0,453.94,0.0,1,0.65,0.84,SPY211126P00403000,403.0,0,0.0,0.0,,0.0,normalDay
2021-10-28,1870.0,1.0,0.0,0,458.32,0.0,1,0.65,0.64,SPY211126P00403000,403.0,0,0.0,0.0,,0.0,normalDay
2021-10-29,1870.0,10.0,0.0,0,459.25,0.0,1,0.65,0.55,SPY211126P00403000,403.0,0,0.0,0.0,,0.0,normalDay
2021-11-01,1870.0,22.0,0.0,0,460.04,0.0,1,0.65,0.43,SPY211126P00403000,403.0,0,0.0,0.0,,0.0,normalDay
2021-11-02,1870.0,28.0,0.0,0,461.9,0.0,1,0.65,0.37,SPY211126P00403000,403.0,0,0.0,0.0,,0.0,normalDay
2021-11-03,1870.0,38.0,0.0,0,464.72,0.0,1,0.65,0.27,SPY211126P00403000,403.0,0,0.0,0.0,,0.0,normalDay
2021-11-04,1870.0,35.0,0.0,0,466.91,0.0,1,0.65,0.3,SPY211126P00403000,403.0,0,0.0,0.0,,0.0,normalDay
2021-11-05,1870.0,34.0,0.0,0,468.53,0.0,1,0.65,0.31,SPY211126P00403000,403.0,0,0.0,0.0,,0.0,normalDay
2021-11-08,1870.0,37.0,0.0,0,468.93,0.0,1,0.65,0.28,SPY211126P00403000,403.0,0,0.0,0.0,,0.0,normalDay
2021-11-09,1870.0,38.0,0.0,0,467.38,0.0,1,0.65,0.27,SPY211126P00403000,403.0,0,0.0,0.0,,0.0,normalDay
2021-11-10,1870.0,39.0,0.0,0,463.62,0.0,1,0.65,0.26,SPY211126P00403000,403.0,0,0.0,0.0,,0.0,normalDay
2021-11-11,1870.0,46.0,0.0,0,463.77,0.0,1,0.65,0.19,SPY211126P00403000,403.0,0,0.0,0.0,,0.0,normalDay
2021-11-12,1870.0,53.0,0.0,0,467.27,0.0,1,0.65,0.12,SPY211126P00403000,403.0,0,0.0,0.0,,0.0,normalDay
2021-11-15,1870.0,58.0,0.0,0,467.43,0.0,1,0.65,0.07,SPY211126P00403000,403.0,0,0.0,0.0,,0.0,normalDay
2021-11-16,1870.0,60.0,0.0,0,469.28,0.0,1,0.65,0.05,SPY211126P00403000,403.0,0,0.0,0.0,,0.0,normalDay
2021-11-17,1870.0,61.0,0.0,0,468.14,0.0,1,0.65,0.04,SPY211126P00403000,403.0,0,0.0,0.0,,0.0,normalDay
2021-11-18,1870.0,62.0,0.0,0,469.73,0.0,1,0.65,0.03,SPY211126P00403000,403.0,0,0.0,0.0,,0.0,normalDay
2021-11-19,1870.0,62.0,0.0,0,468.89,0.0,1,0.65,0.03,SPY211126P00403000,403.0,0,0.0,0.0,,0.0,normalDay
2021-11-22,1870.0,62.0,0.0,0,467.57,0.0,1,0.65,0.03,SPY211126P00403000,403.0,0,0.0,0.0,,0.0,normalDay
2021-11-23,1870.0,64.0,0.0,0,468.19,0.0,1,0.65,0.01,SPY211126P00403000,403.0,0,0.0,0.0,,0.0,normalDay
2021-11-24,1870.0,64.0,0.0,0,469.44,0.0,1,0.65,0.01,SPY211126P00403000,403.0,0,0.0,0.0,,0.0,normalDay
2021-11-26,1935.0,0.0,65.0,0,458.97,0.0,1,0.65,0.0,SPY211126P00403000,403.0,0,0.0,0.0,,0.0,expirationDay
2021-11-29,1935.0,-5.0,0.0,0,464.6,0.0,1,6.52,6.57,SPY211231P00453000,453.0,0,0.0,0.0,,0.0,normalDay
2021-11-30,1935.0,-327.0,0.0,0,455.56,0.0,1,6.52,9.79,SPY211231P00453000,453.0,0,0.0,0.0,,0.0,normalDay
2021-12-01,1935.0,-804.0,0.0,0,450.5,0.0,1,6.52,14.56,SPY211231P00453000,453.0,0,0.0,0.0,,0.0,normalDay
2021-12-02,1935.0,-342.0,0.0,0,457.4,0.0,1,6.52,9.94,SPY211231P00453000,453.0,0,0.0,0.0,,0.0,normalDay
2021-12-03,1935.0,-529.0,0.0,0,453.42,0.0,1,6.52,11.81,SPY211231P00453000,453.0,0,0.0,0.0,,0.0,normalDay
2021-12-06,1935.0,-185.0,0.0,0,458.79,0.0,1,6.52,8.37,SPY211231P00453000,453.0,0,0.0,0.0,,0.0,normalDay
2021-12-07,1935.0,227.0,0.0,0,468.28,0.0,1,6.52,4.25,SPY211231P00453000,453.0,0,0.0,0.0,,0.0,normalDay
2021-12-08,1935.0,325.0,0.0,0,469.52,0.0,1,6.52,3.27,SPY211231P00453000,453.0,0,0.0,0.0,,0.0,normalDay
2021-12-09,1935.0,236.0,0.0,0,466.35,0.0,1,6.52,4.16,SPY211231P00453000,453.0,0,0.0,0.0,,0.0,normalDay
2021-12-10,1935.0,402.0,0.0,0,470.74,0.0,1,6.52,2.5,SPY211231P00453000,453.0,0,0.0,0.0,,0.0,normalDay
2021-12-13,1935.0,324.0,0.0,0,466.57,0.0,1,6.52,3.28,SPY211231P00453000,453.0,0,0.0,0.0,,0.0,normalDay
2021-12-14,1935.0,223.0,0.0,0,463.36,0.0,1,6.52,4.29,SPY211231P00453000,453.0,0,0.0,0.0,,0.0,normalDay
2021-12-15,1935.0,457.0,0.0,0,470.6,0.0,1,6.52,1.95,SPY211231P00453000,453.0,0,0.0,0.0,,0.0,normalDay
2021-12-16,1935.0,380.0,0.0,0,466.45,0.0,1,6.52,2.72,SPY211231P00453000,453.0,0,0.0,0.0,,0.0,normalDay
2021-12-17,1935.0,252.0,0.0,0,459.87,0.0,1,6.52,4.0,SPY211231P00453000,453.0,0,0.0,0.0,,0.0,normalDay
2021-12-20,1935.0,107.0,0.0,0,454.98,0.0,1,6.52,5.45,SPY211231P00453000,453.0,0,0.0,0.0,,0.0,normalDay
2021-12-21,1935.0,423.0,0.0,0,463.06,0.0,1,6.52,2.29,SPY211231P00453000,453.0,0,0.0,0.0,,0.0,normalDay
2021-12-22,1935.0,575.0,0.0,0,467.69,0.0,1,6.52,0.77,SPY211231P00453000,453.0,0,0.0,0.0,,0.0,normalDay
2021-12-23,1935.0,620.0,0.0,0,470.6,0.0,1,6.52,0.32,SPY211231P00453000,453.0,0,0.0,0.0,,0.0,normalDay
2021-12-27,1935.0,644.0,0.0,0,477.26,0.0,1,6.52,0.08,SPY211231P00453000,453.0,0,0.0,0.0,,0.0,normalDay
2021-12-28,1935.0,646.0,0.0,0,476.87,0.0,1,6.52,0.06,SPY211231P00453000,453.0,0,0.0,0.0,,0.0,normalDay
2021-12-29,1935.0,649.0,0.0,0,477.48,0.0,1,6.52,0.03,SPY211231P00453000,453.0,0,0.0,0.0,,0.0,normalDay
2021-12-30,1935.0,649.0,0.0,0,476.16,0.0,1,6.52,0.03,SPY211231P00453000,453.0,0,0.0,0.0,,0.0,normalDay
2021-12-31,2587.0,0.0,652.0,0,474.96,0.0,1,6.52,0.0,SPY211231P00453000,453.0,0,0.0,0.0,,0.0,expirationDay
2022-01-03,2587.0,-4.0,0.0,0,477.71,0.0,1,1.43,1.47,SPY220204P00441000,441.0,0,0.0,0.0,,0.0,normalDay
2022-01-04,2587.0,-5.0,0.0,0,477.55,0.0,1,1.43,1.48,SPY220204P00441000,441.0,0,0.0,0.0,,0.0,normalDay
2022-01-05,2587.0,-139.0,0.0,0,468.38,0.0,1,1.43,2.82,SPY220204P00441000,441.0,0,0.0,0.0,,0.0,normalDay
2022-01-06,2587.0,-127.0,0.0,0,467.94,0.0,1,1.43,2.7,SPY220204P00441000,441.0,0,0.0,0.0,,0.0,normalDay
2022-01-07,2587.0,-101.0,0.0,0,466.09,0.0,1,1.43,2.44,SPY220204P00441000,441.0,0,0.0,0.0,,0.0,normalDay
2022-01-10,2587.0,-101.0,0.0,0,465.51,0.0,1,1.43,2.44,SPY220204P00441000,441.0,0,0.0,0.0,,0.0,normalDay
2022-01-11,2587.0,-35.0,0.0,0,469.75,0.0,1,1.43,1.78,SPY220204P00441000,441.0,0,0.0,0.0,,0.0,normalDay
2022-01-12,2587.0,1.0,0.0,0,471.02,0.0,1,1.43,1.42,SPY220204P00441000,441.0,0,0.0,0.0,,0.0,normalDay
2022-01-13,2587.0,-112.0,0.0,0,464.53,0.0,1,1.43,2.55,SPY220204P00441000,441.0,0,0.0,0.0,,0.0,normalDay
2022-01-14,2587.0,-68.0,0.0,0,464.72,0.0,1,1.43,2.11,SPY220204P00441000,441.0,0,0.0,0.0,,0.0,normalDay
2022-01-18,2587.0,-243.0,0.0,0,456.49,0.0,1,1.43,3.86,SPY220204P00441000,441.0,0,0.0,0.0,,0.0,normalDay
2022-01-19,2587.0,-309.0,0.0,0,451.75,0.0,1,1.43,4.52,SPY220204P00441000,441.0,0,0.0,0.0,,0.0,normalDay
2022-01-20,2587.0,-496.0,0.0,0,446.75,0.0,1,1.43,6.39,SPY220204P00441000,441.0,0,0.0,0.0,,0.0,normalDay
2022-01-21,2587.0,-901.0,0.0,0,437.98,0.0,1,1.43,10.44,SPY220204P00441000,441.0,0,0.0,0.0,,0.0,normalDay
2022-01-24,2587.0,-883.0,0.0,0,439.84,0.0,1,1.43,10.26,SPY220204P00441000,441.0,0,0.0,0.0,,0.0,normalDay
2022-01-25,2587.0,-1194.0,0.0,0,434.47,0.0,1,1.43,13.37,SPY220204P00441000,441.0,0,0.0,0.0,,0.0,normalDay
2022-01-26,2587.0,-1155.0,0.0,0,433.38,0.0,1,1.43,12.98,SPY220204P00441000,441.0,0,0.0,0.0,,0.0,normalDay
2022-01-27,2587.0,-1143.0,0.0,0,431.24,0.0,1,1.43,12.86,SPY220204P00441000,441.0,0,0.0,0.0,,0.0,normalDay
2022-01-28,2587.0,-460.0,0.0,0,441.95,0.0,1,1.43,6.03,SPY220204P00441000,441.0,0,0.0,0.0,,0.0,normalDay
2022-01-31,2587.0,-74.0,0.0,0,449.91,0.0,1,1.43,2.17,SPY220204P00441000,441.0,0,0.0,0.0,,0.0,normalDay
2022-02-01,2587.0,77.0,0.0,0,452.95,0.0,1,1.43,0.66,SPY220204P00441000,441.0,0,0.0,0.0,,0.0,normalDay
2022-02-02,2587.0,114.0,0.0,0,457.35,0.0,1,1.43,0.29,SPY220204P00441000,441.0,0,0.0,0.0,,0.0,normalDay
2022-02-03,2587.0,97.0,0.0,0,446.6,0.0,1,1.43,0.46,SPY220204P00441000,441.0,0,0.0,0.0,,0.0,normalDay
2022-02-04,2730.0,0.0,143.0,0,448.7,0.0,1,1.43,0.0,SPY220204P00441000,441.0,0,0.0,0.0,,0.0,expirationDay
2022-02-07,2730.0,-4.0,0.0,0,447.26,0.0,1,1.74,1.78,SPY220311P00400000,400.0,0,0.0,0.0,,0.0,normalDay
2022-02-08,2730.0,42.0,0.0,0,450.94,0.0,1,1.74,1.32,SPY220311P00400000,400.0,0,0.0,0.0,,0.0,normalDay
2022-02-09,2730.0,84.0,0.0,0,457.54,0.0,1,1.74,0.9,SPY220311P00400000,400.0,0,0.0,0.0,,0.0,normalDay
2022-02-10,2730.0,5.0,0.0,0,449.32,0.0,1,1.74,1.69,SPY220311P00400000,400.0,0,0.0,0.0,,0.0,normalDay
2022-02-11,2730.0,-120.0,0.0,0,440.46,0.0,1,1.74,2.94,SPY220311P00400000,400.0,0,0.0,0.0,,0.0,normalDay
2022-02-14,2730.0,-106.0,0.0,0,439.02,0.0,1,1.74,2.8,SPY220311P00400000,400.0,0,0.0,0.0,,0.0,normalDay
2022-02-15,2730.0,-3.0,0.0,0,446.1,0.0,1,1.74,1.77,SPY220311P00400000,400.0,0,0.0,0.0,,0.0,normalDay
2022-02-16,2730.0,44.0,0.0,0,446.6,0.0,1,1.74,1.3,SPY220311P00400000,400.0,0,0.0,0.0,,0.0,normalDay
2022-02-17,2730.0,-72.0,0.0,0,437.06,0.0,1,1.74,2.46,SPY220311P00400000,400.0,0,0.0,0.0,,0.0,normalDay
2022-02-18,2730.0,-64.0,0.0,0,434.23,0.0,1,1.74,2.38,SPY220311P00400000,400.0,0,0.0,0.0,,0.0,normalDay
2022-02-22,2730.0,-55.0,0.0,0,429.57,0.0,1,1.74,2.29,SPY220311P00400000,400.0,0,0.0,0.0,,0.0,normalDay
2022-02-23,2730.0,-175.0,0.0,0,421.95,0.0,1,1.74,3.49,SPY220311P00400000,400.0,0,0.0,0.0,,0.0,normalDay
2022-02-24,2730.0,-77.0,0.0,0,428.3,0.0,1,1.74,2.51,SPY220311P00400000,400.0,0,0.0,0.0,,0.0,normalDay
2022-02-25,2730.0,54.0,0.0,0,437.75,0.0,1,1.74,1.2,SPY220311P00400000,400.0,0,0.0,0.0,,0.0,normalDay
2022-02-28,2730.0,39.0,0.0,0,436.63,0.0,1,1.74,1.35,SPY220311P00400000,400.0,0,0.0,0.0,,0.0,normalDay
2022-03-01,2730.0,-38.0,0.0,0,429.98,0.0,1,1.74,2.12,SPY220311P00400000,400.0,0,0.0,0.0,,0.0,normalDay
2022-03-02,2730.0,76.0,0.0,0,437.89,0.0,1,1.74,0.98,SPY220311P00400000,400.0,0,0.0,0.0,,0.0,normalDay
2022-03-03,2730.0,89.0,0.0,0,435.71,0.0,1,1.74,0.85,SPY220311P00400000,400.0,0,0.0,0.0,,0.0,normalDay
2022-03-04,2730.0,94.0,0.0,0,432.17,0.0,1,1.74,0.8,SPY220311P00400000,400.0,0,0.0,0.0,,0.0,normalDay
2022-03-07,2730.0,18.0,0.0,0,419.43,0.0,1,1.74,1.56,SPY220311P00400000,400.0,0,0.0,0.0,,0.0,normalDay
2022-03-08,2730.0,57.0,0.0,0,416.25,0.0,1,1.74,1.17,SPY220311P00400000,400.0,0,0.0,0.0,,0.0,normalDay
2022-03-09,2730.0,158.0,0.0,0,427.41,0.0,1,1.74,0.16,SPY220311P00400000,400.0,0,0.0,0.0,,0.0,normalDay
2022-03-10,2730.0,171.0,0.0,0,425.48,0.0,1,1.74,0.03,SPY220311P00400000,400.0,0,0.0,0.0,,0.0,normalDay
2022-03-11,2904.0,0.0,174.0,0,420.07,0.0,1,1.74,0.0,SPY220311P00400000,400.0,0,0.0,0.0,,0.0,expirationDay
2022-03-14,2904.0,-5.0,0.0,0,417.0,0.0,1,6.4,6.45,SPY220414P00393000,393.0,0,0.0,0.0,,0.0,normalDay
2022-03-15,2904.0,192.0,0.0,0,426.17,0.0,1,6.4,4.48,SPY220414P00393000,393.0,0,0.0,0.0,,0.0,normalDay
2022-03-16,2904.0,381.0,0.0,0,435.62,0.0,1,6.4,2.59,SPY220414P00393000,393.0,0,0.0,0.0,,0.0,normalDay
2022-03-17,2904.0,447.0,0.0,0,441.07,0.0,1,6.4,1.93,SPY220414P00393000,393.0,0,0.0,0.0,,0.0,normalDay
2022-03-18,2904.0,500.0,0.0,0,444.52,0.0,1,6.4,1.4,SPY220414P00393000,393.0,0,0.0,0.0,,0.0,normalDay
2022-03-21,2904.0,530.0,0.0,0,444.39,0.0,1,6.4,1.1,SPY220414P00393000,393.0,0,0.0,0.0,,0.0,normalDay
2022-03-22,2904.0,553.0,0.0,0,449.59,0.0,1,6.4,0.87,SPY220414P00393000,393.0,0,0.0,0.0,,0.0,normalDay
2022-03-23,2904.0,541.0,0.0,0,443.8,0.0,1,6.4,0.99,SPY220414P00393000,393.0,0,0.0,0.0,,0.0,normalDay
2022-03-24,2904.0,580.0,0.0,0,450.49,0.0,1,6.4,0.6,SPY220414P00393000,393.0,0,0.0,0.0,,0.0,normalDay
2022-03-25,2904.0,590.0,0.0,0,452.69,0.0,1,6.4,0.5,SPY220414P00393000,393.0,0,0.0,0.0,,0.0,normalDay
2022-03-28,2904.0,611.0,0.0,0,455.91,0.0,1,6.4,0.29,SPY220414P00393000,393.0,0,0.0,0.0,,0.0,normalDay
2022-03-29,2904.0,619.0,0.0,0,461.55,0.0,1,6.4,0.21,SPY220414P00393000,393.0,0,0.0,0.0,,0.0,normalDay
2022-03-30,2904.0,620.0,0.0,0,458.7,0.0,1,6.4,0.2,SPY220414P00393000,393.0,0,0.0,0.0,,0.0,normalDay
2022-03-31,2904.0,612.0,0.0,0,451.64,0.0,1,6.4,0.28,SPY220414P00393000,393.0,0,0.0,0.0,,0.0,normalDay
2022-04-01,2904.0,621.0,0.0,0,452.92,0.0,1,6.4,0.19,SPY220414P00393000,393.0,0,0.0,0.0,,0.0,normalDay
2022-04-04,2904.0,630.0,0.0,0,456.8,0.0,1,6.4,0.1,SPY220414P00393000,393.0,0,0.0,0.0,,0.0,normalDay
2022-04-05,2904.0,626.0,0.0,0,451.03,0.0,1,6.4,0.14,SPY220414P00393000,393.0,0,0.0,0.0,,0.0,normalDay
2022-04-06,2904.0,624.0,0.0,0,446.52,0.0,1,6.4,0.16,SPY220414P00393000,393.0,0,0.0,0.0,,0.0,normalDay
2022-04-07,2904.0,630.0,0.0,0,448.77,0.0,1,6.4,0.1,SPY220414P00393000,393.0,0,0.0,0.0,,0.0,normalDay
2022-04-08,2904.0,635.0,0.0,0,447.57,0.0,1,6.4,0.05,SPY220414P00393000,393.0,0,0.0,0.0,,0.0,normalDay
2022-04-11,2904.0,632.0,0.0,0,439.92,0.0,1,6.4,0.08,SPY220414P00393000,393.0,0,0.0,0.0,,0.0,normalDay
2022-04-12,2904.0,636.0,0.0,0,438.29,0.0,1,6.4,0.04,SPY220414P00393000,393.0,0,0.0,0.0,,0.0,normalDay
2022-04-13,2904.0,638.0,0.0,0,443.31,0.0,1,6.4,0.02,SPY220414P00393000,393.0,0,0.0,0.0,,0.0,normalDay
2022-04-14,3544.0,0.0,640.0,0,437.79,0.0,1,6.4,0.0,SPY220414P00393000,393.0,0,0.0,0.0,,0.0,expirationDay
2022-04-18,3544.0,-4.0,0.0,0,437.97,0.0,1,4.39,4.43,SPY220520P00419000,419.0,0,0.0,0.0,,0.0,normalDay
2022-04-19,3544.0,93.0,0.0,0,445.04,0.0,1,4.39,3.46,SPY220520P00419000,419.0,0,0.0,0.0,,0.0,normalDay
2022-04-20,3544.0,159.0,0.0,0,444.71,0.0,1,4.39,2.8,SPY220520P00419000,419.0,0,0.0,0.0,,0.0,normalDay
2022-04-21,3544.0,-17.0,0.0,0,438.06,0.0,1,4.39,4.56,SPY220520P00419000,419.0,0,0.0,0.0,,0.0,normalDay
2022-04-22,3544.0,-493.0,0.0,0,426.04,0.0,1,4.39,9.32,SPY220520P00419000,419.0,0,0.0,0.0,,0.0,normalDay
2022-04-25,3544.0,-307.0,0.0,0,428.51,0.0,1,4.39,7.46,SPY220520P00419000,419.0,0,0.0,0.0,,0.0,normalDay
2022-04-26,3544.0,-981.0,0.0,0,416.1,0.0,1,4.39,14.2,SPY220520P00419000,419.0,0,0.0,0.0,,0.0,normalDay
2022-04-27,3544.0,-731.0,0.0,0,417.27,0.0,1,4.39,11.7,SPY220520P00419000,419.0,0,0.0,0.0,,0.0,normalDay
2022-04-28,3544.0,-381.0,0.0,0,427.81,0.0,1,4.39,8.2,SPY220520P00419000,419.0,0,0.0,0.0,,0.0,normalDay
2022-04-29,3544.0,-1009.0,0.0,0,412.0,0.0,1,4.39,14.48,SPY220520P00419000,419.0,0,0.0,0.0,,0.0,normalDay
2022-05-02,3544.0,-815.0,0.0,0,414.48,0.0,1,4.39,12.54,SPY220520P00419000,419.0,0,0.0,0.0,,0.0,normalDay
2022-05-03,3544.0,-609.0,0.0,0,416.38,0.0,1,4.39,10.48,SPY220520P00419000,419.0,0,0.0,0.0,,0.0,normalDay
2022-05-04,3544.0,-60.0,0.0,0,429.06,0.0,1,4.39,4.99,SPY220520P00419000,419.0,0,0.0,0.0,,0.0,normalDay
2022-05-05,3544.0,-805.0,0.0,0,413.81,0.0,1,4.39,12.44,SPY220520P00419000,419.0,0,0.0,0.0,,0.0,normalDay
2022-05-06,3544.0,-936.0,0.0,0,411.34,0.0,1,4.39,13.75,SPY220520P00419000,419.0,0,0.0,0.0,,0.0,normalDay
2022-05-09,3544.0,-1755.0,0.0,0,398.17,0.0,1,4.39,21.94,SPY220520P00419000,419.0,0,0.0,0.0,,0.0,normalDay
2022-05-10,3544.0,-1704.0,0.0,0,399.09,0.0,1,4.39,21.43,SPY220520P00419000,419.0,0,0.0,0.0,,0.0,normalDay
2022-05-11,3544.0,-2211.0,0.0,0,392.75,0.0,1,4.39,26.5,SPY220520P00419000,419.0,0,0.0,0.0,,0.0,normalDay
2022-05-12,3544.0,-2288.0,0.0,0,392.34,0.0,1,4.39,27.27,SPY220520P00419000,419.0,0,0.0,0.0,,0.0,normalDay
2022-05-13,3544.0,-1441.0,0.0,0,401.72,0.0,1,4.39,18.8,SPY220520P00419000,419.0,0,0.0,0.0,,0.0,normalDay
2022-05-16,3544.0,-1520.0,0.0,0,400.09,0.0,1,4.39,19.59,SPY220520P00419000,419.0,0,0.0,0.0,,0.0,normalDay
2022-05-17,3544.0,-705.0,0.0,0,408.32,0.0,1,4.39,11.44,SPY220520P00419000,419.0,0,0.0,0.0,,0.0,normalDay
2022-05-18,3544.0,-2391.0,0.0,0,391.86,0.0,1,4.39,28.3,SPY220520P00419000,419.0,0,0.0,0.0,,0.0,normalDay
2022-05-19,3544.0,-2574.0,0.0,0,389.46,0.0,1,4.39,30.13,SPY220520P00419000,419.0,0,0.0,0.0,,0.0,normalDay
2022-05-20,3983.0,-2937.0,439.0,100,389.63,419.0,1,4.39,0.0,SPY220520P00419000,419.0,0,0.0,0.0,,0.0,expirationDay
2022-05-23,3983.0,-2211.0,0.0,100,396.92,419.0,0,0.0,0.0,,0.0,1,0.01,0.04,SPY220525C00417000,417.0,normalDay
2022-05-24,3983.0,-2511.0,0.0,100,393.89,419.0,0,0.0,0.0,,0.0,1,0.01,0.01,SPY220525C00417000,417.0,normalDay
2022-05-25,3984.0,-2163.0,1.0,100,397.37,419.0,0,0.0,0.0,,0.0,1,0.01,0.0,SPY220525C00417000,417.0,expirationDay
2022-05-26,3984.0,-1372.0,0.0,100,405.31,419.0,0,0.0,0.0,,0.0,1,0.16,0.19,SPY220527C00412000,412.0,normalDay
2022-05-27,3300.0,-1372.0,-684.0,0,415.26,0.0,0,0.0,0.0,,0.0,1,0.16,0.0,SPY220527C00412000,412.0,expirationDay
2022-05-31,3300.0,-4.0,0.0,0,412.93,0.0,1,1.12,1.16,SPY220701P00357000,357.0,0,0.0,0.0,,0.0,normalDay
2022-06-01,3300.0,6.0,0.0,0,409.59,0.0,1,1.12,1.06,SPY220701P00357000,357.0,0,0.0,0.0,,0.0,normalDay
2022-06-02,3300.0,43.0,0.0,0,417.39,0.0,1,1.12,0.69,SPY220701P00357000,357.0,0,0.0,0.0,,0.0,normalDay
2022-06-03,3300.0,28.0,0.0,0,410.54,0.0,1,1.12,0.84,SPY220701P00357000,357.0,0,0.0,0.0,,0.0,normalDay
2022-06-06,3300.0,51.0,0.0,0,411.79,0.0,1,1.12,0.61,SPY220701P00357000,357.0,0,0.0,0.0,,0.0,normalDay
2022-06-07,3300.0,68.0,0.0,0,415.74,0.0,1,1.12,0.44,SPY220701P00357000,357.0,0,0.0,0.0,,0.0,normalDay
2022-06-08,3300.0,68.0,0.0,0,411.22,0.0,1,1.12,0.44,SPY220701P00357000,357.0,0,0.0,0.0,,0.0,normalDay
2022-06-09,3300.0,29.0,0.0,0,401.44,0.0,1,1.12,0.83,SPY220701P00357000,357.0,0,0.0,0.0,,0.0,normalDay
2022-06-10,3300.0,-41.0,0.0,0,389.8,0.0,1,1.12,1.53,SPY220701P00357000,357.0,0,0.0,0.0,,0.0,normalDay
2022-06-13,3300.0,-389.0,0.0,0,375.0,0.0,1,1.12,5.01,SPY220701P00357000,357.0,0,0.0,0.0,,0.0,normalDay
2022-06-14,3300.0,-345.0,0.0,0,373.87,0.0,1,1.12,4.57,SPY220701P00357000,357.0,0,0.0,0.0,,0.0,normalDay
2022-06-15,3300.0,-148.0,0.0,0,379.2,0.0,1,1.12,2.6,SPY220701P00357000,357.0,0,0.0,0.0,,0.0,normalDay
2022-06-16,3300.0,-470.0,0.0,0,366.65,0.0,1,1.12,5.82,SPY220701P00357000,357.0,0,0.0,0.0,,0.0,normalDay
2022-06-17,3300.0,-337.0,0.0,0,365.86,0.0,1,1.12,4.49,SPY220701P00357000,357.0,0,0.0,0.0,,0.0,normalDay
2022-06-21,3300.0,-56.0,0.0,0,375.07,0.0,1,1.12,1.68,SPY220701P00357000,357.0,0,0.0,0.0,,0.0,normalDay
2022-06-22,3300.0,-12.0,0.0,0,374.39,0.0,1,1.12,1.24,SPY220701P00357000,357.0,0,0.0,0.0,,0.0,normalDay
2022-06-23,3300.0,28.0,0.0,0,378.06,0.0,1,1.12,0.84,SPY220701P00357000,357.0,0,0.0,0.0,,0.0,normalDay
2022-06-24,3300.0,90.0,0.0,0,390.08,0.0,1,1.12,0.22,SPY220701P00357000,357.0,0,0.0,0.0,,0.0,normalDay
2022-06-27,3300.0,107.0,0.0,0,388.59,0.0,1,1.12,0.05,SPY220701P00357000,357.0,0,0.0,0.0,,0.0,normalDay
2022-06-28,3300.0,101.0,0.0,0,380.65,0.0,1,1.12,0.11,SPY220701P00357000,357.0,0,0.0,0.0,,0.0,normalDay
2022-06-29,3300.0,109.0,0.0,0,380.34,0.0,1,1.12,0.03,SPY220701P00357000,357.0,0,0.0,0.0,,0.0,normalDay
2022-06-30,3300.0,109.0,0.0,0,377.25,0.0,1,1.12,0.03,SPY220701P00357000,357.0,0,0.0,0.0,,0.0,normalDay
2022-07-01,3412.0,0.0,112.0,0,381.24,0.0,1,1.12,0.0,SPY220701P00357000,357.0,0,0.0,0.0,,0.0,expirationDay
2022-07-05,3412.0,-3.0,0.0,0,381.96,0.0,1,0.77,0.8,SPY220805P00325000,325.0,0,0.0,0.0,,0.0,normalDay
2022-07-06,3412.0,14.0,0.0,0,383.25,0.0,1,0.77,0.63,SPY220805P00325000,325.0,0,0.0,0.0,,0.0,normalDay
2022-07-07,3412.0,29.0,0.0,0,388.99,0.0,1,0.77,0.48,SPY220805P00325000,325.0,0,0.0,0.0,,0.0,normalDay
2022-07-08,3412.0,40.0,0.0,0,388.67,0.0,1,0.77,0.37,SPY220805P00325000,325.0,0,0.0,0.0,,0.0,normalDay
2022-07-11,3412.0,38.0,0.0,0,384.23,0.0,1,0.77,0.39,SPY220805P00325000,325.0,0,0.0,0.0,,0.0,normalDay
2022-07-12,3412.0,23.0,0.0,0,380.83,0.0,1,0.77,0.54,SPY220805P00325000,325.0,0,0.0,0.0,,0.0,normalDay
2022-07-13,3412.0,31.0,0.0,0,378.83,0.0,1,0.77,0.46,SPY220805P00325000,325.0,0,0.0,0.0,,0.0,normalDay
2022-07-14,3412.0,38.0,0.0,0,377.91,0.0,1,0.77,0.39,SPY220805P00325000,325.0,0,0.0,0.0,,0.0,normalDay
2022-07-15,3412.0,58.0,0.0,0,385.13,0.0,1,0.77,0.19,SPY220805P00325000,325.0,0,0.0,0.0,,0.0,normalDay
2022-07-18,3412.0,57.0,0.0,0,381.95,0.0,1,0.77,0.2,SPY220805P00325000,325.0,0,0.0,0.0,,0.0,normalDay
2022-07-19,3412.0,65.0,0.0,0,392.27,0.0,1,0.77,0.12,SPY220805P00325000,325.0,0,0.0,0.0,,0.0,normalDay
2022-07-20,3412.0,68.0,0.0,0,394.77,0.0,1,0.77,0.09,SPY220805P00325000,325.0,0,0.0,0.0,,0.0,normalDay
2022-07-21,3412.0,70.0,0.0,0,398.79,0.0,1,0.77,0.07,SPY220805P00325000,325.0,0,0.0,0.0,,0.0,normalDay
2022-07-22,3412.0,71.0,0.0,0,395.09,0.0,1,0.77,0.06,SPY220805P00325000,325.0,0,0.0,0.0,,0.0,normalDay
2022-07-25,3412.0,72.0,0.0,0,395.57,0.0,1,0.77,0.05,SPY220805P00325000,325.0,0,0.0,0.0,,0.0,normalDay
2022-07-26,3412.0,70.0,0.0,0,390.89,0.0,1,0.77,0.07,SPY220805P00325000,325.0,0,0.0,0.0,,0.0,normalDay
2022-07-27,3412.0,73.0,0.0,0,401.04,0.0,1,0.77,0.04,SPY220805P00325000,325.0,0,0.0,0.0,,0.0,normalDay
2022-07-28,3412.0,74.0,0.0,0,406.07,0.0,1,0.77,0.03,SPY220805P00325000,325.0,0,0.0,0.0,,0.0,normalDay
2022-07-29,3412.0,76.0,0.0,0,411.99,0.0,1,0.77,0.01,SPY220805P00325000,325.0,0,0.0,0.0,,0.0,normalDay
2022-08-01,3412.0,76.0,0.0,0,410.77,0.0,1,0.77,0.01,SPY220805P00325000,325.0,0,0.0,0.0,,0.0,normalDay
2022-08-02,3412.0,76.0,0.0,0,408.06,0.0,1,0.77,0.01,SPY220805P00325000,325.0,0,0.0,0.0,,0.0,normalDay
2022-08-03,3412.0,76.0,0.0,0,414.45,0.0,1,0.77,0.01,SPY220805P00325000,325.0,0,0.0,0.0,,0.0,normalDay
2022-08-04,3412.0,76.0,0.0,0,414.17,0.0,1,0.77,0.01,SPY220805P00325000,325.0,0,0.0,0.0,,0.0,normalDay
2022-08-05,3489.0,0.0,77.0,0,413.47,0.0,1,0.77,0.0,SPY220805P00325000,325.0,0,0.0,0.0,,0.0,expirationDay
2022-08-08,3489.0,-3.0,0.0,0,412.99,0.0,1,0.39,0.42,SPY220909P00345000,345.0,0,0.0,0.0,,0.0,normalDay
2022-08-09,3489.0,-5.0,0.0,0,411.35,0.0,1,0.39,0.44,SPY220909P00345000,345.0,0,0.0,0.0,,0.0,normalDay
2022-08-10,3489.0,12.0,0.0,0,419.99,0.0,1,0.39,0.27,SPY220909P00345000,345.0,0,0.0,0.0,,0.0,normalDay
2022-08-11,3489.0,11.0,0.0,0,419.99,0.0,1,0.39,0.28,SPY220909P00345000,345.0,0,0.0,0.0,,0.0,normalDay
2022-08-12,3489.0,17.0,0.0,0,427.1,0.0,1,0.39,0.22,SPY220909P00345000,345.0,0,0.0,0.0,,0.0,normalDay
2022-08-15,3489.0,23.0,0.0,0,428.86,0.0,1,0.39,0.16,SPY220909P00345000,345.0,0,0.0,0.0,,0.0,normalDay
2022-08-16,3489.0,25.0,0.0,0,429.7,0.0,1,0.39,0.14,SPY220909P00345000,345.0,0,0.0,0.0,,0.0,normalDay
2022-08-17,3489.0,25.0,0.0,0,426.65,0.0,1,0.39,0.14,SPY220909P00345000,345.0,0,0.0,0.0,,0.0,normalDay
2022-08-18,3489.0,27.0,0.0,0,427.89,0.0,1,0.39,0.12,SPY220909P00345000,345.0,0,0.0,0.0,,0.0,normalDay
2022-08-19,3489.0,25.0,0.0,0,422.14,0.0,1,0.39,0.14,SPY220909P00345000,345.0,0,0.0,0.0,,0.0,normalDay
2022-08-22,3489.0,19.0,0.0,0,413.35,0.0,1,0.39,0.2,SPY220909P00345000,345.0,0,0.0,0.0,,0.0,normalDay
2022-08-23,3489.0,20.0,0.0,0,412.35,0.0,1,0.39,0.19,SPY220909P00345000,345.0,0,0.0,0.0,,0.0,normalDay
2022-08-24,3489.0,28.0,0.0,0,413.67,0.0,1,0.39,0.11,SPY220909P00345000,345.0,0,0.0,0.0,,0.0,normalDay
2022-08-25,3489.0,31.0,0.0,0,419.51,0.0,1,0.39,0.08,SPY220909P00345000,345.0,0,0.0,0.0,,0.0,normalDay
2022-08-26,3489.0,16.0,0.0,0,405.31,0.0,1,0.39,0.23,SPY220909P00345000,345.0,0,0.0,0.0,,0.0,normalDay
2022-08-29,3489.0,25.0,0.0,0,402.63,0.0,1,0.39,0.14,SPY220909P00345000,345.0,0,0.0,0.0,,0.0,normalDay
2022-08-30,3489.0,26.0,0.0,0,398.21,0.0,1,0.39,0.13,SPY220909P00345000,345.0,0,0.0,0.0,,0.0,normalDay
2022-08-31,3489.0,30.0,0.0,0,395.18,0.0,1,0.39,0.09,SPY220909P00345000,345.0,0,0.0,0.0,,0.0,normalDay
2022-09-01,3489.0,32.0,0.0,0,396.42,0.0,1,0.39,0.07,SPY220909P00345000,345.0,0,0.0,0.0,,0.0,normalDay
2022-09-02,3489.0,33.0,0.0,0,392.24,0.0,1,0.39,0.06,SPY220909P00345000,345.0,0,0.0,0.0,,0.0,normalDay
2022-09-06,3489.0,35.0,0.0,0,390.76,0.0,1,0.39,0.04,SPY220909P00345000,345.0,0,0.0,0.0,,0.0,normalDay
2022-09-07,3489.0,37.0,0.0,0,397.78,0.0,1,0.39,0.02,SPY220909P00345000,345.0,0,0.0,0.0,,0.0,normalDay
2022-09-08,3489.0,38.0,0.0,0,400.38,0.0,1,0.39,0.01,SPY220909P00345000,345.0,0,0.0,0.0,,0.0,normalDay
2022-09-09,3528.0,0.0,39.0,0,406.6,0.0,1,0.39,0.0,SPY220909P00345000,345.0,0,0.0,0.0,,0.0,expirationDay
2022-09-12,3528.0,-3.0,0.0,0,410.97,0.0,1,0.8,0.83,SPY221014P00355000,355.0,0,0.0,0.0,,0.0,normalDay
2022-09-13,3528.0,-131.0,0.0,0,393.1,0.0,1,0.8,2.11,SPY221014P00355000,355.0,0,0.0,0.0,,0.0,normalDay
2022-09-14,3528.0,-106.0,0.0,0,394.6,0.0,1,0.8,1.86,SPY221014P00355000,355.0,0,0.0,0.0,,0.0,normalDay
2022-09-15,3528.0,-120.0,0.0,0,390.12,0.0,1,0.8,2.0,SPY221014P00355000,355.0,0,0.0,0.0,,0.0,normalDay
2022-09-16,3528.0,-138.0,0.0,0,385.56,0.0,1,0.8,2.18,SPY221014P00355000,355.0,0,0.0,0.0,,0.0,normalDay
2022-09-19,3528.0,-81.0,0.0,0,388.55,0.0,1,0.8,1.61,SPY221014P00355000,355.0,0,0.0,0.0,,0.0,normalDay
2022-09-20,3528.0,-147.0,0.0,0,384.09,0.0,1,0.8,2.27,SPY221014P00355000,355.0,0,0.0,0.0,,0.0,normalDay
2022-09-21,3528.0,-239.0,0.0,0,377.39,0.0,1,0.8,3.19,SPY221014P00355000,355.0,0,0.0,0.0,,0.0,normalDay
2022-09-22,3528.0,-242.0,0.0,0,374.22,0.0,1,0.8,3.22,SPY221014P00355000,355.0,0,0.0,0.0,,0.0,normalDay
2022-09-23,3528.0,-450.0,0.0,0,367.95,0.0,1,0.8,5.3,SPY221014P00355000,355.0,0,0.0,0.0,,0.0,normalDay
2022-09-26,3528.0,-579.0,0.0,0,364.31,0.0,1,0.8,6.59,SPY221014P00355000,355.0,0,0.0,0.0,,0.0,normalDay
2022-09-27,3528.0,-574.0,0.0,0,363.38,0.0,1,0.8,6.54,SPY221014P00355000,355.0,0,0.0,0.0,,0.0,normalDay
2022-09-28,3528.0,-305.0,0.0,0,370.53,0.0,1,0.8,3.85,SPY221014P00355000,355.0,0,0.0,0.0,,0.0,normalDay
2022-09-29,3528.0,-508.0,0.0,0,362.79,0.0,1,0.8,5.88,SPY221014P00355000,355.0,0,0.0,0.0,,0.0,normalDay
2022-09-30,3528.0,-608.0,0.0,0,357.18,0.0,1,0.8,6.88,SPY221014P00355000,355.0,0,0.0,0.0,,0.0,normalDay
2022-10-03,3528.0,-239.0,0.0,0,366.61,0.0,1,0.8,3.19,SPY221014P00355000,355.0,0,0.0,0.0,,0.0,normalDay
2022-10-04,3528.0,-42.0,0.0,0,377.97,0.0,1,0.8,1.22,SPY221014P00355000,355.0,0,0.0,0.0,,0.0,normalDay
2022-10-05,3528.0,-18.0,0.0,0,377.09,0.0,1,0.8,0.98,SPY221014P00355000,355.0,0,0.0,0.0,,0.0,normalDay
2022-10-06,3528.0,-65.0,0.0,0,373.2,0.0,1,0.8,1.45,SPY221014P00355000,355.0,0,0.0,0.0,,0.0,normalDay
2022-10-07,3528.0,-236.0,0.0,0,362.79,0.0,1,0.8,3.16,SPY221014P00355000,355.0,0,0.0,0.0,,0.0,normalDay
2022-10-10,3528.0,-246.0,0.0,0,360.02,0.0,1,0.8,3.26,SPY221014P00355000,355.0,0,0.0,0.0,,0.0,normalDay
2022-10-11,3528.0,-330.0,0.0,0,357.74,0.0,1,0.8,4.1,SPY221014P00355000,355.0,0,0.0,0.0,,0.0,normalDay
2022-10-12,3528.0,-348.0,0.0,0,356.56,0.0,1,0.8,4.28,SPY221014P00355000,355.0,0,0.0,0.0,,0.0,normalDay
2022-10-13,3528.0,47.0,0.0,0,365.97,0.0,1,0.8,0.33,SPY221014P00355000,355.0,0,0.0,0.0,,0.0,normalDay
2022-10-14,3608.0,0.0,80.0,0,357.63,0.0,1,0.8,0.0,SPY221014P00355000,355.0,0,0.0,0.0,,0.0,expirationDay
2022-10-17,3608.0,-3.0,0.0,0,366.82,0.0,1,2.93,2.96,SPY221118P00334000,334.0,0,0.0,0.0,,0.0,normalDay
2022-10-18,3608.0,73.0,0.0,0,371.13,0.0,1,2.93,2.2,SPY221118P00334000,334.0,0,0.0,0.0,,0.0,normalDay
2022-10-19,3608.0,33.0,0.0,0,368.5,0.0,1,2.93,2.6,SPY221118P00334000,334.0,0,0.0,0.0,,0.0,normalDay
2022-10-20,3608.0,38.0,0.0,0,365.41,0.0,1,2.93,2.55,SPY221118P00334000,334.0,0,0.0,0.0,,0.0,normalDay
2022-10-21,3608.0,130.0,0.0,0,374.29,0.0,1,2.93,1.63,SPY221118P00334000,334.0,0,0.0,0.0,,0.0,normalDay
2022-10-24,3608.0,174.0,0.0,0,378.87,0.0,1,2.93,1.19,SPY221118P00334000,334.0,0,0.0,0.0,,0.0,normalDay
2022-10-25,3608.0,210.0,0.0,0,384.92,0.0,1,2.93,0.83,SPY221118P00334000,334.0,0,0.0,0.0,,0.0,normalDay
2022-10-26,3608.0,224.0,0.0,0,382.02,0.0,1,2.93,0.69,SPY221118P00334000,334.0,0,0.0,0.0,,0.0,normalDay
2022-10-27,3608.0,210.0,0.0,0,379.98,0.0,1,2.93,0.83,SPY221118P00334000,334.0,0,0.0,0.0,,0.0,normalDay
2022-10-28,3608.0,257.0,0.0,0,389.02,0.0,1,2.93,0.36,SPY221118P00334000,334.0,0,0.0,0.0,,0.0,normalDay
2022-10-31,3608.0,263.0,0.0,0,386.21,0.0,1,2.93,0.3,SPY221118P00334000,334.0,0,0.0,0.0,,0.0,normalDay
2022-11-01,3608.0,262.0,0.0,0,384.52,0.0,1,2.93,0.31,SPY221118P00334000,334.0,0,0.0,0.0,,0.0,normalDay
2022-11-02,3608.0,252.0,0.0,0,374.87,0.0,1,2.93,0.41,SPY221118P00334000,334.0,0,0.0,0.0,,0.0,normalDay
2022-11-03,3608.0,257.0,0.0,0,371.01,0.0,1,2.93,0.36,SPY221118P00334000,334.0,0,0.0,0.0,,0.0,normalDay
2022-11-04,3608.0,269.0,0.0,0,376.35,0.0,1,2.93,0.24,SPY221118P00334000,334.0,0,0.0,0.0,,0.0,normalDay
2022-11-07,3608.0,278.0,0.0,0,379.95,0.0,1,2.93,0.15,SPY221118P00334000,334.0,0,0.0,0.0,,0.0,normalDay
2022-11-08,3608.0,276.0,0.0,0,382.0,0.0,1,2.93,0.17,SPY221118P00334000,334.0,0,0.0,0.0,,0.0,normalDay
2022-11-09,3608.0,272.0,0.0,0,374.13,0.0,1,2.93,0.21,SPY221118P00334000,334.0,0,0.0,0.0,,0.0,normalDay
2022-11-10,3608.0,287.0,0.0,0,394.69,0.0,1,2.93,0.06,SPY221118P00334000,334.0,0,0.0,0.0,,0.0,normalDay
2022-11-11,3608.0,289.0,0.0,0,398.51,0.0,1,2.93,0.04,SPY221118P00334000,334.0,0,0.0,0.0,,0.0,normalDay
2022-11-14,3608.0,291.0,0.0,0,395.12,0.0,1,2.93,0.02,SPY221118P00334000,334.0,0,0.0,0.0,,0.0,normalDay
2022-11-15,3608.0,291.0,0.0,0,398.49,0.0,1,2.93,0.02,SPY221118P00334000,334.0,0,0.0,0.0,,0.0,normalDay
2022-11-16,3608.0,291.0,0.0,0,395.45,0.0,1,2.93,0.02,SPY221118P00334000,334.0,0,0.0,0.0,,0.0,normalDay
2022-11-17,3608.0,292.0,0.0,0,394.24,0.0,1,2.93,0.01,SPY221118P00334000,334.0,0,0.0,0.0,,0.0,normalDay
2022-11-18,3901.0,0.0,293.0,0,396.03,0.0,1,2.93,0.0,SPY221118P00334000,334.0,0,0.0,0.0,,0.0,expirationDay
2022-11-21,3901.0,-3.0,0.0,0,394.59,0.0,1,0.86,0.89,SPY221223P00349000,349.0,0,0.0,0.0,,0.0,normalDay
2022-11-22,3901.0,26.0,0.0,0,399.9,0.0,1,0.86,0.6,SPY221223P00349000,349.0,0,0.0,0.0,,0.0,normalDay
2022-11-23,3901.0,38.0,0.0,0,402.42,0.0,1,0.86,0.48,SPY221223P00349000,349.0,0,0.0,0.0,,0.0,normalDay
2022-11-25,3901.0,40.0,0.0,0,402.33,0.0,1,0.86,0.46,SPY221223P00349000,349.0,0,0.0,0.0,,0.0,normalDay
2022-11-28,3901.0,27.0,0.0,0,395.91,0.0,1,0.86,0.59,SPY221223P00349000,349.0,0,0.0,0.0,,0.0,normalDay
2022-11-29,3901.0,34.0,0.0,0,395.23,0.0,1,0.86,0.52,SPY221223P00349000,349.0,0,0.0,0.0,,0.0,normalDay
2022-11-30,3901.0,61.0,0.0,0,407.68,0.0,1,0.86,0.25,SPY221223P00349000,349.0,0,0.0,0.0,,0.0,normalDay
2022-12-01,3901.0,66.0,0.0,0,407.38,0.0,1,0.86,0.2,SPY221223P00349000,349.0,0,0.0,0.0,,0.0,normalDay
2022-12-02,3901.0,68.0,0.0,0,406.91,0.0,1,0.86,0.18,SPY221223P00349000,349.0,0,0.0,0.0,,0.0,normalDay
2022-12-05,3901.0,62.0,0.0,0,399.59,0.0,1,0.86,0.24,SPY221223P00349000,349.0,0,0.0,0.0,,0.0,normalDay
2022-12-06,3901.0,51.0,0.0,0,393.83,0.0,1,0.86,0.35,SPY221223P00349000,349.0,0,0.0,0.0,,0.0,normalDay
2022-12-07,3901.0,53.0,0.0,0,393.16,0.0,1,0.86,0.33,SPY221223P00349000,349.0,0,0.0,0.0,,0.0,normalDay
2022-12-08,3901.0,62.0,0.0,0,396.24,0.0,1,0.86,0.24,SPY221223P00349000,349.0,0,0.0,0.0,,0.0,normalDay
2022-12-09,3901.0,61.0,0.0,0,393.28,0.0,1,0.86,0.25,SPY221223P00349000,349.0,0,0.0,0.0,,0.0,normalDay
2022-12-12,3901.0,67.0,0.0,0,398.95,0.0,1,0.86,0.19,SPY221223P00349000,349.0,0,0.0,0.0,,0.0,normalDay
2022-12-13,3901.0,76.0,0.0,0,401.97,0.0,1,0.86,0.1,SPY221223P00349000,349.0,0,0.0,0.0,,0.0,normalDay
2022-12-14,3901.0,78.0,0.0,0,399.4,0.0,1,0.86,0.08,SPY221223P00349000,349.0,0,0.0,0.0,,0.0,normalDay
2022-12-15,3901.0,70.0,0.0,0,389.63,0.0,1,0.86,0.16,SPY221223P00349000,349.0,0,0.0,0.0,,0.0,normalDay
2022-12-16,3901.0,77.0,0.0,0,383.27,0.0,1,0.86,0.09,SPY221223P00349000,349.0,0,0.0,0.0,,0.0,normalDay
2022-12-19,3901.0,80.0,0.0,0,380.02,0.0,1,0.86,0.06,SPY221223P00349000,349.0,0,0.0,0.0,,0.0,normalDay
2022-12-20,3901.0,82.0,0.0,0,380.54,0.0,1,0.86,0.04,SPY221223P00349000,349.0,0,0.0,0.0,,0.0,normalDay
2022-12-21,3901.0,84.0,0.0,0,386.23,0.0,1,0.86,0.02,SPY221223P00349000,349.0,0,0.0,0.0,,0.0,normalDay
2022-12-22,3901.0,84.0,0.0,0,380.72,0.0,1,0.86,0.02,SPY221223P00349000,349.0,0,0.0,0.0,,0.0,normalDay
2022-12-23,3987.0,0.0,86.0,0,382.91,0.0,1,0.86,0.0,SPY221223P00349000,349.0,0,0.0,0.0,,0.0,expirationDay
2022-12-27,3987.0,-3.0,0.0,0,381.4,0.0,1,1.63,1.66,SPY230127P00354000,354.0,0,0.0,0.0,,0.0,normalDay
2022-12-28,3987.0,-57.0,0.0,0,376.66,0.0,1,1.63,2.2,SPY230127P00354000,354.0,0,0.0,0.0,,0.0,normalDay
2022-12-29,3987.0,35.0,0.0,0,383.44,0.0,1,1.63,1.28,SPY230127P00354000,354.0,0,0.0,0.0,,0.0,normalDay
2022-12-30,3987.0,35.0,0.0,0,382.43,0.0,1,1.63,1.28,SPY230127P00354000,354.0,0,0.0,0.0,,0.0,normalDay
2023-01-03,3987.0,35.0,0.0,0,380.82,0.0,1,1.63,1.28,SPY230127P00354000,354.0,0,0.0,0.0,,0.0,normalDay
2023-01-04,3987.0,86.0,0.0,0,383.76,0.0,1,1.63,0.77,SPY230127P00354000,354.0,0,0.0,0.0,,0.0,normalDay
2023-01-05,3987.0,53.0,0.0,0,379.38,0.0,1,1.63,1.1,SPY230127P00354000,354.0,0,0.0,0.0,,0.0,normalDay
2023-01-06,3987.0,122.0,0.0,0,388.08,0.0,1,1.63,0.41,SPY230127P00354000,354.0,0,0.0,0.0,,0.0,normalDay
2023-01-09,3987.0,122.0,0.0,0,387.86,0.0,1,1.63,0.41,SPY230127P00354000,354.0,0,0.0,0.0,,0.0,normalDay
2023-01-10,3987.0,140.0,0.0,0,390.58,0.0,1,1.63,0.23,SPY230127P00354000,354.0,0,0.0,0.0,,0.0,normalDay
2023-01-11,3987.0,143.0,0.0,0,395.52,0.0,1,1.63,0.2,SPY230127P00354000,354.0,0,0.0,0.0,,0.0,normalDay
2023-01-12,3987.0,152.0,0.0,0,396.96,0.0,1,1.63,0.11,SPY230127P00354000,354.0,0,0.0,0.0,,0.0,normalDay
2023-01-13,3987.0,153.0,0.0,0,398.5,0.0,1,1.63,0.1,SPY230127P00354000,354.0,0,0.0,0.0,,0.0,normalDay
2023-01-17,3987.0,157.0,0.0,0,397.77,0.0,1,1.63,0.06,SPY230127P00354000,354.0,0,0.0,0.0,,0.0,normalDay
2023-01-18,3987.0,157.0,0.0,0,391.49,0.0,1,1.63,0.06,SPY230127P00354000,354.0,0,0.0,0.0,,0.0,normalDay
2023-01-19,3987.0,157.0,0.0,0,388.64,0.0,1,1.63,0.06,SPY230127P00354000,354.0,0,0.0,0.0,,0.0,normalDay
2023-01-20,3987.0,160.0,0.0,0,395.88,0.0,1,1.63,0.03,SPY230127P00354000,354.0,0,0.0,0.0,,0.0,normalDay
2023-01-23,3987.0,160.0,0.0,0,400.63,0.0,1,1.63,0.03,SPY230127P00354000,354.0,0,0.0,0.0,,0.0,normalDay
2023-01-24,3987.0,161.0,0.0,0,400.2,0.0,1,1.63,0.02,SPY230127P00354000,354.0,0,0.0,0.0,,0.0,normalDay
2023-01-25,3987.0,161.0,0.0,0,400.35,0.0,1,1.63,0.02,SPY230127P00354000,354.0,0,0.0,0.0,,0.0,normalDay
2023-01-26,3987.0,162.0,0.0,0,404.75,0.0,1,1.63,0.01,SPY230127P00354000,354.0,0,0.0,0.0,,0.0,normalDay
2023-01-27,4150.0,0.0,163.0,0,405.68,0.0,1,1.63,0.0,SPY230127P00354000,354.0,0,0.0,0.0,,0.0,expirationDay
2023-01-30,4150.0,-3.0,0.0,0,400.59,0.0,1,0.81,0.84,SPY230303P00360000,360.0,0,0.0,0.0,,0.0,normalDay
2023-01-31,4150.0,19.0,0.0,0,406.48,0.0,1,0.81,0.62,SPY230303P00360000,360.0,0,0.0,0.0,,0.0,normalDay
2023-02-01,4150.0,40.0,0.0,0,410.8,0.0,1,0.81,0.41,SPY230303P00360000,360.0,0,0.0,0.0,,0.0,normalDay
2023-02-02,4150.0,38.0,0.0,0,416.78,0.0,1,0.81,0.43,SPY230303P00360000,360.0,0,0.0,0.0,,0.0,normalDay
2023-02-03,4150.0,44.0,0.0,0,412.35,0.0,1,0.81,0.37,SPY230303P00360000,360.0,0,0.0,0.0,,0.0,normalDay
2023-02-06,4150.0,45.0,0.0,0,409.83,0.0,1,0.81,0.36,SPY230303P00360000,360.0,0,0.0,0.0,,0.0,normalDay
2023-02-07,4150.0,57.0,0.0,0,415.19,0.0,1,0.81,0.24,SPY230303P00360000,360.0,0,0.0,0.0,,0.0,normalDay
2023-02-08,4150.0,52.0,0.0,0,410.65,0.0,1,0.81,0.29,SPY230303P00360000,360.0,0,0.0,0.0,,0.0,normalDay
2023-02-09,4150.0,47.0,0.0,0,407.09,0.0,1,0.81,0.34,SPY230303P00360000,360.0,0,0.0,0.0,,0.0,normalDay
2023-02-10,4150.0,54.0,0.0,0,408.04,0.0,1,0.81,0.27,SPY230303P00360000,360.0,0,0.0,0.0,,0.0,normalDay
2023-02-13,4150.0,63.0,0.0,0,412.83,0.0,1,0.81,0.18,SPY230303P00360000,360.0,0,0.0,0.0,,0.0,normalDay
2023-02-14,4150.0,68.0,0.0,0,412.64,0.0,1,0.81,0.13,SPY230303P00360000,360.0,0,0.0,0.0,,0.0,normalDay
2023-02-15,4150.0,71.0,0.0,0,413.98,0.0,1,0.81,0.1,SPY230303P00360000,360.0,0,0.0,0.0,,0.0,normalDay
2023-02-16,4150.0,60.0,0.0,0,408.28,0.0,1,0.81,0.21,SPY230303P00360000,360.0,0,0.0,0.0,,0.0,normalDay
2023-02-17,4150.0,70.0,0.0,0,407.26,0.0,1,0.81,0.11,SPY230303P00360000,360.0,0,0.0,0.0,,0.0,normalDay
2023-02-21,4150.0,66.0,0.0,0,399.09,0.0,1,0.81,0.15,SPY230303P00360000,360.0,0,0.0,0.0,,0.0,normalDay
2023-02-22,4150.0,72.0,0.0,0,398.54,0.0,1,0.81,0.09,SPY230303P00360000,360.0,0,0.0,0.0,,0.0,normalDay
2023-02-23,4150.0,76.0,0.0,0,400.66,0.0,1,0.81,0.05,SPY230303P00360000,360.0,0,0.0,0.0,,0.0,normalDay
2023-02-24,4150.0,77.0,0.0,0,396.38,0.0,1,0.81,0.04,SPY230303P00360000,360.0,0,0.0,0.0,,0.0,normalDay
2023-02-27,4150.0,78.0,0.0,0,397.73,0.0,1,0.81,0.03,SPY230303P00360000,360.0,0,0.0,0.0,,0.0,normalDay
2023-02-28,4150.0,79.0,0.0,0,396.26,0.0,1,0.81,0.02,SPY230303P00360000,360.0,0,0.0,0.0,,0.0,normalDay
2023-03-01,4150.0,79.0,0.0,0,394.74,0.0,1,0.81,0.02,SPY230303P00360000,360.0,0,0.0,0.0,,0.0,normalDay
2023-03-02,4150.0,80.0,0.0,0,397.81,0.0,1,0.81,0.01,SPY230303P00360000,360.0,0,0.0,0.0,,0.0,normalDay
2023-03-03,4231.0,0.0,81.0,0,404.19,0.0,1,0.81,0.0,SPY230303P00360000,360.0,0,0.0,0.0,,0.0,expirationDay
2023-03-06,4231.0,-4.0,0.0,0,404.47,0.0,1,1.48,1.52,SPY230406P00377000,377.0,0,0.0,0.0,,0.0,normalDay
2023-03-07,4231.0,-89.0,0.0,0,398.27,0.0,1,1.48,2.37,SPY230406P00377000,377.0,0,0.0,0.0,,0.0,normalDay
2023-03-08,4231.0,-59.0,0.0,0,398.92,0.0,1,1.48,2.07,SPY230406P00377000,377.0,0,0.0,0.0,,0.0,normalDay
2023-03-09,4231.0,-287.0,0.0,0,391.56,0.0,1,1.48,4.35,SPY230406P00377000,377.0,0,0.0,0.0,,0.0,normalDay
2023-03-10,4231.0,-474.0,0.0,0,385.91,0.0,1,1.48,6.22,SPY230406P00377000,377.0,0,0.0,0.0,,0.0,normalDay
2023-03-13,4231.0,-505.0,0.0,0,385.36,0.0,1,1.48,6.53,SPY230406P00377000,377.0,0,0.0,0.0,,0.0,normalDay
2023-03-14,4231.0,-236.0,0.0,0,391.73,0.0,1,1.48,3.84,SPY230406P00377000,377.0,0,0.0,0.0,,0.0,normalDay
2023-03-15,4231.0,-360.0,0.0,0,389.28,0.0,1,1.48,5.08,SPY230406P00377000,377.0,0,0.0,0.0,,0.0,normalDay
2023-03-16,4231.0,-124.0,0.0,0,396.11,0.0,1,1.48,2.72,SPY230406P00377000,377.0,0,0.0,0.0,,0.0,normalDay
2023-03-17,4231.0,-240.0,0.0,0,389.99,0.0,1,1.48,3.88,SPY230406P00377000,377.0,0,0.0,0.0,,0.0,normalDay
2023-03-20,4231.0,-121.0,0.0,0,393.74,0.0,1,1.48,2.69,SPY230406P00377000,377.0,0,0.0,0.0,,0.0,normalDay
2023-03-21,4231.0,14.0,0.0,0,398.91,0.0,1,1.48,1.34,SPY230406P00377000,377.0,0,0.0,0.0,,0.0,normalDay
2023-03-22,4231.0,-72.0,0.0,0,392.11,0.0,1,1.48,2.2,SPY230406P00377000,377.0,0,0.0,0.0,,0.0,normalDay
2023-03-23,4231.0,-49.0,0.0,0,393.17,0.0,1,1.48,1.97,SPY230406P00377000,377.0,0,0.0,0.0,,0.0,normalDay
2023-03-24,4231.0,24.0,0.0,0,395.75,0.0,1,1.48,1.24,SPY230406P00377000,377.0,0,0.0,0.0,,0.0,normalDay
2023-03-27,4231.0,89.0,0.0,0,396.49,0.0,1,1.48,0.59,SPY230406P00377000,377.0,0,0.0,0.0,,0.0,normalDay
2023-03-28,4231.0,107.0,0.0,0,395.6,0.0,1,1.48,0.41,SPY230406P00377000,377.0,0,0.0,0.0,,0.0,normalDay
2023-03-29,4231.0,131.0,0.0,0,401.35,0.0,1,1.48,0.17,SPY230406P00377000,377.0,0,0.0,0.0,,0.0,normalDay
2023-03-30,4231.0,135.0,0.0,0,403.7,0.0,1,1.48,0.13,SPY230406P00377000,377.0,0,0.0,0.0,,0.0,normalDay
2023-03-31,4231.0,143.0,0.0,0,409.39,0.0,1,1.48,0.05,SPY230406P00377000,377.0,0,0.0,0.0,,0.0,normalDay
2023-04-03,4231.0,145.0,0.0,0,410.95,0.0,1,1.48,0.03,SPY230406P00377000,377.0,0,0.0,0.0,,0.0,normalDay
2023-04-04,4231.0,146.0,0.0,0,408.67,0.0,1,1.48,0.02,SPY230406P00377000,377.0,0,0.0,0.0,,0.0,normalDay
2023-04-05,4231.0,147.0,0.0,0,407.6,0.0,1,1.48,0.01,SPY230406P00377000,377.0,0,0.0,0.0,,0.0,normalDay
2023-04-06,4379.0,0.0,148.0,0,409.19,0.0,1,1.48,0.0,SPY230406P00377000,377.0,0,0.0,0.0,,0.0,expirationDay
2023-04-10,4379.0,-3.0,0.0,0,409.61,0.0,1,0.67,0.7,SPY230512P00365000,365.0,0,0.0,0.0,,0.0,normalDay
2023-04-11,4379.0,0.0,0.0,0,409.72,0.0,1,0.67,0.67,SPY230512P00365000,365.0,0,0.0,0.0,,0.0,normalDay
2023-04-12,4379.0,-3.0,0.0,0,408.05,0.0,1,0.67,0.7,SPY230512P00365000,365.0,0,0.0,0.0,,0.0,normalDay
2023-04-13,4379.0,23.0,0.0,0,413.47,0.0,1,0.67,0.44,SPY230512P00365000,365.0,0,0.0,0.0,,0.0,normalDay
2023-04-14,4379.0,30.0,0.0,0,412.46,0.0,1,0.67,0.37,SPY230512P00365000,365.0,0,0.0,0.0,,0.0,normalDay
2023-04-17,4379.0,35.0,0.0,0,413.94,0.0,1,0.67,0.32,SPY230512P00365000,365.0,0,0.0,0.0,,0.0,normalDay
2023-04-18,4379.0,36.0,0.0,0,414.21,0.0,1,0.67,0.31,SPY230512P00365000,365.0,0,0.0,0.0,,0.0,normalDay
2023-04-19,4379.0,39.0,0.0,0,414.14,0.0,1,0.67,0.28,SPY230512P00365000,365.0,0,0.0,0.0,,0.0,normalDay
2023-04-20,4379.0,37.0,0.0,0,411.88,0.0,1,0.67,0.3,SPY230512P00365000,365.0,0,0.0,0.0,,0.0,normalDay
2023-04-21,4379.0,40.0,0.0,0,412.2,0.0,1,0.67,0.27,SPY230512P00365000,365.0,0,0.0,0.0,,0.0,normalDay
2023-04-24,4379.0,49.0,0.0,0,412.63,0.0,1,0.67,0.18,SPY230512P00365000,365.0,0,0.0,0.0,,0.0,normalDay
2023-04-25,4379.0,37.0,0.0,0,406.08,0.0,1,0.67,0.3,SPY230512P00365000,365.0,0,0.0,0.0,,0.0,normalDay
2023-04-26,4379.0,38.0,0.0,0,404.36,0.0,1,0.67,0.29,SPY230512P00365000,365.0,0,0.0,0.0,,0.0,normalDay
2023-04-27,4379.0,54.0,0.0,0,412.41,0.0,1,0.67,0.13,SPY230512P00365000,365.0,0,0.0,0.0,,0.0,normalDay
2023-04-28,4379.0,57.0,0.0,0,415.93,0.0,1,0.67,0.1,SPY230512P00365000,365.0,0,0.0,0.0,,0.0,normalDay
2023-05-01,4379.0,59.0,0.0,0,415.51,0.0,1,0.67,0.08,SPY230512P00365000,365.0,0,0.0,0.0,,0.0,normalDay
2023-05-02,4379.0,57.0,0.0,0,410.84,0.0,1,0.67,0.1,SPY230512P00365000,365.0,0,0.0,0.0,,0.0,normalDay
2023-05-03,4379.0,57.0,0.0,0,408.02,0.0,1,0.67,0.1,SPY230512P00365000,365.0,0,0.0,0.0,,0.0,normalDay
2023-05-04,4379.0,57.0,0.0,0,405.13,0.0,1,0.67,0.1,SPY230512P00365000,365.0,0,0.0,0.0,,0.0,normalDay
2023-05-05,4379.0,63.0,0.0,0,412.63,0.0,1,0.67,0.04,SPY230512P00365000,365.0,0,0.0,0.0,,0.0,normalDay
2023-05-08,4379.0,65.0,0.0,0,412.74,0.0,1,0.67,0.02,SPY230512P00365000,365.0,0,0.0,0.0,,0.0,normalDay
2023-05-09,4379.0,65.0,0.0,0,410.93,0.0,1,0.67,0.02,SPY230512P00365000,365.0,0,0.0,0.0,,0.0,normalDay
2023-05-10,4379.0,65.0,0.0,0,412.85,0.0,1,0.67,0.02,SPY230512P00365000,365.0,0,0.0,0.0,,0.0,normalDay
2023-05-11,4379.0,66.0,0.0,0,412.13,0.0,1,0.67,0.01,SPY230512P00365000,365.0,0,0.0,0.0,,0.0,normalDay
2023-05-12,4446.0,0.0,67.0,0,411.59,0.0,1,0.67,0.0,SPY230512P00365000,365.0,0,0.0,0.0,,0.0,expirationDay
2023-05-15,4446.0,-3.0,0.0,0,413.01,0.0,1,3.2,3.23,SPY230616P00398000,398.0,0,0.0,0.0,,0.0,normalDay
2023-05-16,4446.0,-66.0,0.0,0,410.25,0.0,1,3.2,3.86,SPY230616P00398000,398.0,0,0.0,0.0,,0.0,normalDay
2023-05-17,4446.0,59.0,0.0,0,415.23,0.0,1,3.2,2.61,SPY230616P00398000,398.0,0,0.0,0.0,,0.0,normalDay
2023-05-18,4446.0,137.0,0.0,0,419.23,0.0,1,3.2,1.83,SPY230616P00398000,398.0,0,0.0,0.0,,0.0,normalDay
2023-05-19,4446.0,115.0,0.0,0,418.62,0.0,1,3.2,2.05,SPY230616P00398000,398.0,0,0.0,0.0,,0.0,normalDay
2023-05-22,4446.0,125.0,0.0,0,418.79,0.0,1,3.2,1.95,SPY230616P00398000,398.0,0,0.0,0.0,,0.0,normalDay
2023-05-23,4446.0,41.0,0.0,0,414.09,0.0,1,3.2,2.79,SPY230616P00398000,398.0,0,0.0,0.0,,0.0,normalDay
2023-05-24,4446.0,-37.0,0.0,0,411.09,0.0,1,3.2,3.57,SPY230616P00398000,398.0,0,0.0,0.0,,0.0,normalDay
2023-05-25,4446.0,59.0,0.0,0,414.65,0.0,1,3.2,2.61,SPY230616P00398000,398.0,0,0.0,0.0,,0.0,normalDay
2023-05-26,4446.0,158.0,0.0,0,420.02,0.0,1,3.2,1.62,SPY230616P00398000,398.0,0,0.0,0.0,,0.0,normalDay
2023-05-30,4446.0,206.0,0.0,0,420.18,0.0,1,3.2,1.14,SPY230616P00398000,398.0,0,0.0,0.0,,0.0,normalDay
2023-05-31,4446.0,198.0,0.0,0,417.85,0.0,1,3.2,1.22,SPY230616P00398000,398.0,0,0.0,0.0,,0.0,normalDay
2023-06-01,4446.0,258.0,0.0,0,421.82,0.0,1,3.2,0.62,SPY230616P00398000,398.0,0,0.0,0.0,,0.0,normalDay
2023-06-02,4446.0,291.0,0.0,0,427.92,0.0,1,3.2,0.29,SPY230616P00398000,398.0,0,0.0,0.0,,0.0,normalDay
2023-06-05,4446.0,297.0,0.0,0,427.1,0.0,1,3.2,0.23,SPY230616P00398000,398.0,0,0.0,0.0,,0.0,normalDay
2023-06-06,4446.0,301.0,0.0,0,428.03,0.0,1,3.2,0.19,SPY230616P00398000,398.0,0,0.0,0.0,,0.0,normalDay
2023-06-07,4446.0,302.0,0.0,0,426.55,0.0,1,3.2,0.18,SPY230616P00398000,398.0,0,0.0,0.0,,0.0,normalDay
2023-06-08,4446.0,305.0,0.0,0,429.13,0.0,1,3.2,0.15,SPY230616P00398000,398.0,0,0.0,0.0,,0.0,normalDay
2023-06-09,4446.0,309.0,0.0,0,429.9,0.0,1,3.2,0.11,SPY230616P00398000,398.0,0,0.0,0.0,,0.0,normalDay
2023-06-12,4446.0,311.0,0.0,0,433.8,0.0,1,3.2,0.09,SPY230616P00398000,398.0,0,0.0,0.0,,0.0,normalDay
2023-06-13,4446.0,313.0,0.0,0,436.66,0.0,1,3.2,0.07,SPY230616P00398000,398.0,0,0.0,0.0,,0.0,normalDay
2023-06-14,4446.0,316.0,0.0,0,437.18,0.0,1,3.2,0.04,SPY230616P00398000,398.0,0,0.0,0.0,,0.0,normalDay
2023-06-15,4446.0,317.0,0.0,0,442.6,0.0,1,3.2,0.03,SPY230616P00398000,398.0,0,0.0,0.0,,0.0,normalDay
2023-06-16,4766.0,0.0,320.0,0,439.46,0.0,1,3.2,0.0,SPY230616P00398000,398.0,0,0.0,0.0,,0.0,expirationDay
2023-06-20,4766.0,-3.0,0.0,0,437.18,0.0,1,0.31,0.34,SPY230721P00388000,388.0,0,0.0,0.0,,0.0,normalDay
2023-06-21,4766.0,1.0,0.0,0,434.94,0.0,1,0.31,0.3,SPY230721P00388000,388.0,0,0.0,0.0,,0.0,normalDay
2023-06-22,4766.0,6.0,0.0,0,436.51,0.0,1,0.31,0.25,SPY230721P00388000,388.0,0,0.0,0.0,,0.0,normalDay
2023-06-23,4766.0,0.0,0.0,0,433.21,0.0,1,0.31,0.31,SPY230721P00388000,388.0,0,0.0,0.0,,0.0,normalDay
2023-06-26,4766.0,-3.0,0.0,0,431.44,0.0,1,0.31,0.34,SPY230721P00388000,388.0,0,0.0,0.0,,0.0,normalDay
2023-06-27,4766.0,7.0,0.0,0,436.17,0.0,1,0.31,0.24,SPY230721P00388000,388.0,0,0.0,0.0,,0.0,normalDay
2023-06-28,4766.0,13.0,0.0,0,436.39,0.0,1,0.31,0.18,SPY230721P00388000,388.0,0,0.0,0.0,,0.0,normalDay
2023-06-29,4766.0,13.0,0.0,0,438.11,0.0,1,0.31,0.18,SPY230721P00388000,388.0,0,0.0,0.0,,0.0,normalDay
2023-06-30,4766.0,14.0,0.0,0,443.28,0.0,1,0.31,0.17,SPY230721P00388000,388.0,0,0.0,0.0,,0.0,normalDay
2023-07-03,4766.0,18.0,0.0,0,443.79,0.0,1,0.31,0.13,SPY230721P00388000,388.0,0,0.0,0.0,,0.0,normalDay
2023-07-05,4766.0,18.0,0.0,0,443.13,0.0,1,0.31,0.13,SPY230721P00388000,388.0,0,0.0,0.0,,0.0,normalDay
2023-07-06,4766.0,15.0,0.0,0,439.66,0.0,1,0.31,0.16,SPY230721P00388000,388.0,0,0.0,0.0,,0.0,normalDay
2023-07-07,4766.0,18.0,0.0,0,438.55,0.0,1,0.31,0.13,SPY230721P00388000,388.0,0,0.0,0.0,,0.0,normalDay
2023-07-10,4766.0,22.0,0.0,0,439.66,0.0,1,0.31,0.09,SPY230721P00388000,388.0,0,0.0,0.0,,0.0,normalDay
2023-07-11,4766.0,23.0,0.0,0,442.46,0.0,1,0.31,0.08,SPY230721P00388000,388.0,0,0.0,0.0,,0.0,normalDay
2023-07-12,4766.0,25.0,0.0,0,446.02,0.0,1,0.31,0.06,SPY230721P00388000,388.0,0,0.0,0.0,,0.0,normalDay
2023-07-13,4766.0,26.0,0.0,0,449.56,0.0,1,0.31,0.05,SPY230721P00388000,388.0,0,0.0,0.0,,0.0,normalDay
2023-07-14,4766.0,27.0,0.0,0,449.28,0.0,1,0.31,0.04,SPY230721P00388000,388.0,0,0.0,0.0,,0.0,normalDay
2023-07-17,4766.0,28.0,0.0,0,450.84,0.0,1,0.31,0.03,SPY230721P00388000,388.0,0,0.0,0.0,,0.0,normalDay
2023-07-18,4766.0,29.0,0.0,0,454.19,0.0,1,0.31,0.02,SPY230721P00388000,388.0,0,0.0,0.0,,0.0,normalDay
2023-07-19,4766.0,30.0,0.0,0,455.2,0.0,1,0.31,0.01,SPY230721P00388000,388.0,0,0.0,0.0,,0.0,normalDay
2023-07-20,4766.0,30.0,0.0,0,452.18,0.0,1,0.31,0.01,SPY230721P00388000,388.0,0,0.0,0.0,,0.0,normalDay
2023-07-21,4797.0,0.0,31.0,0,452.18,0.0,1,0.31,0.0,SPY230721P00388000,388.0,0,0.0,0.0,,0.0,expirationDay
2023-07-24,4797.0,-3.0,0.0,0,454.2,0.0,1,0.59,0.62,SPY230825P00415000,415.0,0,0.0,0.0,,0.0,normalDay
2023-07-25,4797.0,3.0,0.0,0,455.44,0.0,1,0.59,0.56,SPY230825P00415000,415.0,0,0.0,0.0,,0.0,normalDay
2023-07-26,4797.0,14.0,0.0,0,455.51,0.0,1,0.59,0.45,SPY230825P00415000,415.0,0,0.0,0.0,,0.0,normalDay
2023-07-27,4797.0,-6.0,0.0,0,452.49,0.0,1,0.59,0.65,SPY230825P00415000,415.0,0,0.0,0.0,,0.0,normalDay
2023-07-28,4797.0,21.0,0.0,0,456.92,0.0,1,0.59,0.38,SPY230825P00415000,415.0,0,0.0,0.0,,0.0,normalDay
2023-07-31,4797.0,27.0,0.0,0,457.79,0.0,1,0.59,0.32,SPY230825P00415000,415.0,0,0.0,0.0,,0.0,normalDay
2023-08-01,4797.0,26.0,0.0,0,456.48,0.0,1,0.59,0.33,SPY230825P00415000,415.0,0,0.0,0.0,,0.0,normalDay
2023-08-02,4797.0,-4.0,0.0,0,450.13,0.0,1,0.59,0.63,SPY230825P00415000,415.0,0,0.0,0.0,,0.0,normalDay
2023-08-03,4797.0,0.0,0.0,0,448.84,0.0,1,0.59,0.59,SPY230825P00415000,415.0,0,0.0,0.0,,0.0,normalDay
2023-08-04,4797.0,-21.0,0.0,0,446.81,0.0,1,0.59,0.8,SPY230825P00415000,415.0,0,0.0,0.0,,0.0,normalDay
2023-08-07,4797.0,15.0,0.0,0,450.71,0.0,1,0.59,0.44,SPY230825P00415000,415.0,0,0.0,0.0,,0.0,normalDay
2023-08-08,4797.0,15.0,0.0,0,448.75,0.0,1,0.59,0.44,SPY230825P00415000,415.0,0,0.0,0.0,,0.0,normalDay
2023-08-09,4797.0,15.0,0.0,0,445.75,0.0,1,0.59,0.44,SPY230825P00415000,415.0,0,0.0,0.0,,0.0,normalDay
2023-08-10,4797.0,18.0,0.0,0,445.91,0.0,1,0.59,0.41,SPY230825P00415000,415.0,0,0.0,0.0,,0.0,normalDay
2023-08-11,4797.0,31.0,0.0,0,445.65,0.0,1,0.59,0.28,SPY230825P00415000,415.0,0,0.0,0.0,,0.0,normalDay
2023-08-14,4797.0,43.0,0.0,0,448.11,0.0,1,0.59,0.16,SPY230825P00415000,415.0,0,0.0,0.0,,0.0,normalDay
2023-08-15,4797.0,34.0,0.0,0,442.89,0.0,1,0.59,0.25,SPY230825P00415000,415.0,0,0.0,0.0,,0.0,normalDay
2023-08-16,4797.0,37.0,0.0,0,439.64,0.0,1,0.59,0.22,SPY230825P00415000,415.0,0,0.0,0.0,,0.0,normalDay
2023-08-17,4797.0,28.0,0.0,0,436.29,0.0,1,0.59,0.31,SPY230825P00415000,415.0,0,0.0,0.0,,0.0,normalDay
2023-08-18,4797.0,40.0,0.0,0,436.5,0.0,1,0.59,0.19,SPY230825P00415000,415.0,0,0.0,0.0,,0.0,normalDay
2023-08-21,4797.0,50.0,0.0,0,439.34,0.0,1,0.59,0.09,SPY230825P00415000,415.0,0,0.0,0.0,,0.0,normalDay
2023-08-22,4797.0,53.0,0.0,0,438.15,0.0,1,0.59,0.06,SPY230825P00415000,415.0,0,0.0,0.0,,0.0,normalDay
2023-08-23,4797.0,55.0,0.0,0,443.03,0.0,1,0.59,0.04,SPY230825P00415000,415.0,0,0.0,0.0,,0.0,normalDay
2023-08-24,4797.0,56.0,0.0,0,436.89,0.0,1,0.59,0.03,SPY230825P00415000,415.0,0,0.0,0.0,,0.0,normalDay
2023-08-25,4856.0,0.0,59.0,0,439.97,0.0,1,0.59,0.0,SPY230825P00415000,415.0,0,0.0,0.0,,0.0,expirationDay
2023-08-28,4856.0,-3.0,0.0,0,442.76,0.0,1,1.83,1.86,SPY230929P00421000,421.0,0,0.0,0.0,,0.0,normalDay
2023-08-29,4856.0,71.0,0.0,0,449.16,0.0,1,1.83,1.12,SPY230929P00421000,421.0,0,0.0,0.0,,0.0,normalDay
2023-08-30,4856.0,96.0,0.0,0,451.01,0.0,1,1.83,0.87,SPY230929P00421000,421.0,0,0.0,0.0,,0.0,normalDay
2023-08-31,4856.0,106.0,0.0,0,450.35,0.0,1,1.83,0.77,SPY230929P00421000,421.0,0,0.0,0.0,,0.0,normalDay
2023-09-01,4856.0,114.0,0.0,0,451.19,0.0,1,1.83,0.69,SPY230929P00421000,421.0,0,0.0,0.0,,0.0,normalDay
2023-09-05,4856.0,108.0,0.0,0,449.24,0.0,1,1.83,0.75,SPY230929P00421000,421.0,0,0.0,0.0,,0.0,normalDay
2023-09-06,4856.0,91.0,0.0,0,446.22,0.0,1,1.83,0.92,SPY230929P00421000,421.0,0,0.0,0.0,,0.0,normalDay
2023-09-07,4856.0,89.0,0.0,0,444.85,0.0,1,1.83,0.94,SPY230929P00421000,421.0,0,0.0,0.0,,0.0,normalDay
2023-09-08,4856.0,112.0,0.0,0,445.52,0.0,1,1.83,0.71,SPY230929P00421000,421.0,0,0.0,0.0,,0.0,normalDay
2023-09-11,4856.0,135.0,0.0,0,448.45,0.0,1,1.83,0.48,SPY230929P00421000,421.0,0,0.0,0.0,,0.0,normalDay
2023-09-12,4856.0,127.0,0.0,0,445.99,0.0,1,1.83,0.56,SPY230929P00421000,421.0,0,0.0,0.0,,0.0,normalDay
2023-09-13,4856.0,145.0,0.0,0,446.51,0.0,1,1.83,0.38,SPY230929P00421000,421.0,0,0.0,0.0,,0.0,normalDay
2023-09-14,4856.0,157.0,0.0,0,450.36,0.0,1,1.83,0.26,SPY230929P00421000,421.0,0,0.0,0.0,,0.0,normalDay
2023-09-15,4856.0,146.0,0.0,0,443.37,0.0,1,1.83,0.37,SPY230929P00421000,421.0,0,0.0,0.0,,0.0,normalDay
2023-09-18,4856.0,155.0,0.0,0,443.63,0.0,1,1.83,0.28,SPY230929P00421000,421.0,0,0.0,0.0,,0.0,normalDay
2023-09-19,4856.0,154.0,0.0,0,442.71,0.0,1,1.83,0.29,SPY230929P00421000,421.0,0,0.0,0.0,,0.0,normalDay
2023-09-20,4856.0,142.0,0.0,0,438.64,0.0,1,1.83,0.41,SPY230929P00421000,421.0,0,0.0,0.0,,0.0,normalDay
2023-09-21,4856.0,52.0,0.0,0,431.39,0.0,1,1.83,1.31,SPY230929P00421000,421.0,0,0.0,0.0,,0.0,normalDay
2023-09-22,4856.0,67.0,0.0,0,430.42,0.0,1,1.83,1.16,SPY230929P00421000,421.0,0,0.0,0.0,,0.0,normalDay
2023-09-25,4856.0,121.0,0.0,0,432.23,0.0,1,1.83,0.62,SPY230929P00421000,421.0,0,0.0,0.0,,0.0,normalDay
2023-09-26,4856.0,47.0,0.0,0,425.88,0.0,1,1.83,1.36,SPY230929P00421000,421.0,0,0.0,0.0,,0.0,normalDay
2023-09-27,4856.0,91.0,0.0,0,426.05,0.0,1,1.83,0.92,SPY230929P00421000,421.0,0,0.0,0.0,,0.0,normalDay
2023-09-28,4856.0,156.0,0.0,0,428.52,0.0,1,1.83,0.27,SPY230929P00421000,421.0,0,0.0,0.0,,0.0,normalDay
2023-09-29,5039.0,0.0,183.0,0,427.48,0.0,1,1.83,0.0,SPY230929P00421000,421.0,0,0.0,0.0,,0.0,expirationDay
2023-10-02,5039.0,-3.0,0.0,0,427.31,0.0,1,1.42,1.45,SPY231103P00400000,400.0,0,0.0,0.0,,0.0,normalDay
2023-10-03,5039.0,-97.0,0.0,0,421.59,0.0,1,1.42,2.39,SPY231103P00400000,400.0,0,0.0,0.0,,0.0,normalDay
2023-10-04,5039.0,-34.0,0.0,0,424.66,0.0,1,1.42,1.76,SPY231103P00400000,400.0,0,0.0,0.0,,0.0,normalDay
2023-10-05,5039.0,-28.0,0.0,0,424.5,0.0,1,1.42,1.7,SPY231103P00400000,400.0,0,0.0,0.0,,0.0,normalDay
2023-10-06,5039.0,41.0,0.0,0,429.54,0.0,1,1.42,1.01,SPY231103P00400000,400.0,0,0.0,0.0,,0.0,normalDay
2023-10-09,5039.0,60.0,0.0,0,432.29,0.0,1,1.42,0.82,SPY231103P00400000,400.0,0,0.0,0.0,,0.0,normalDay
2023-10-10,5039.0,76.0,0.0,0,434.54,0.0,1,1.42,0.66,SPY231103P00400000,400.0,0,0.0,0.0,,0.0,normalDay
2023-10-11,5039.0,92.0,0.0,0,436.32,0.0,1,1.42,0.5,SPY231103P00400000,400.0,0,0.0,0.0,,0.0,normalDay
2023-10-12,5039.0,81.0,0.0,0,433.66,0.0,1,1.42,0.61,SPY231103P00400000,400.0,0,0.0,0.0,,0.0,normalDay
2023-10-13,5039.0,45.0,0.0,0,431.5,0.0,1,1.42,0.97,SPY231103P00400000,400.0,0,0.0,0.0,,0.0,normalDay
2023-10-16,5039.0,96.0,0.0,0,436.04,0.0,1,1.42,0.46,SPY231103P00400000,400.0,0,0.0,0.0,,0.0,normalDay
2023-10-17,5039.0,94.0,0.0,0,436.02,0.0,1,1.42,0.48,SPY231103P00400000,400.0,0,0.0,0.0,,0.0,normalDay
2023-10-18,5039.0,74.0,0.0,0,430.21,0.0,1,1.42,0.68,SPY231103P00400000,400.0,0,0.0,0.0,,0.0,normalDay
2023-10-19,5039.0,33.0,0.0,0,426.43,0.0,1,1.42,1.09,SPY231103P00400000,400.0,0,0.0,0.0,,0.0,normalDay
2023-10-20,5039.0,20.0,0.0,0,421.19,0.0,1,1.42,1.22,SPY231103P00400000,400.0,0,0.0,0.0,,0.0,normalDay
2023-10-23,5039.0,60.0,0.0,0,420.46,0.0,1,1.42,0.82,SPY231103P00400000,400.0,0,0.0,0.0,,0.0,normalDay
2023-10-24,5039.0,97.0,0.0,0,423.63,0.0,1,1.42,0.45,SPY231103P00400000,400.0,0,0.0,0.0,,0.0,normalDay
2023-10-25,5039.0,64.0,0.0,0,417.55,0.0,1,1.42,0.78,SPY231103P00400000,400.0,0,0.0,0.0,,0.0,normalDay
2023-10-26,5039.0,32.0,0.0,0,412.55,0.0,1,1.42,1.1,SPY231103P00400000,400.0,0,0.0,0.0,,0.0,normalDay
2023-10-27,5039.0,14.0,0.0,0,410.68,0.0,1,1.42,1.28,SPY231103P00400000,400.0,0,0.0,0.0,,0.0,normalDay
2023-10-30,5039.0,108.0,0.0,0,415.59,0.0,1,1.42,0.34,SPY231103P00400000,400.0,0,0.0,0.0,,0.0,normalDay
2023-10-31,5039.0,130.0,0.0,0,418.2,0.0,1,1.42,0.12,SPY231103P00400000,400.0,0,0.0,0.0,,0.0,normalDay
2023-11-01,5039.0,138.0,0.0,0,422.66,0.0,1,1.42,0.04,SPY231103P00400000,400.0,0,0.0,0.0,,0.0,normalDay
2023-11-02,5039.0,139.0,0.0,0,430.76,0.0,1,1.42,0.03,SPY231103P00400000,400.0,0,0.0,0.0,,0.0,normalDay
2023-11-03,5181.0,0.0,142.0,0,434.69,0.0,1,1.42,0.0,SPY231103P00400000,400.0,0,0.0,0.0,,0.0,expirationDay
2023-11-06,5181.0,-3.0,0.0,0,435.69,0.0,1,0.41,0.44,SPY231208P00390000,390.0,0,0.0,0.0,,0.0,normalDay
2023-11-07,5181.0,2.0,0.0,0,436.93,0.0,1,0.41,0.39,SPY231208P00390000,390.0,0,0.0,0.0,,0.0,normalDay
2023-11-08,5181.0,4.0,0.0,0,437.25,0.0,1,0.41,0.37,SPY231208P00390000,390.0,0,0.0,0.0,,0.0,normalDay
2023-11-09,5181.0,-2.0,0.0,0,433.84,0.0,1,0.41,0.43,SPY231208P00390000,390.0,0,0.0,0.0,,0.0,normalDay
2023-11-10,5181.0,12.0,0.0,0,440.61,0.0,1,0.41,0.29,SPY231208P00390000,390.0,0,0.0,0.0,,0.0,normalDay
2023-11-13,5181.0,16.0,0.0,0,440.19,0.0,1,0.41,0.25,SPY231208P00390000,390.0,0,0.0,0.0,,0.0,normalDay
2023-11-14,5181.0,22.0,0.0,0,448.73,0.0,1,0.41,0.19,SPY231208P00390000,390.0,0,0.0,0.0,,0.0,normalDay
2023-11-15,5181.0,22.0,0.0,0,449.68,0.0,1,0.41,0.19,SPY231208P00390000,390.0,0,0.0,0.0,,0.0,normalDay
2023-11-16,5181.0,21.0,0.0,0,450.23,0.0,1,0.41,0.2,SPY231208P00390000,390.0,0,0.0,0.0,,0.0,normalDay
2023-11-17,5181.0,25.0,0.0,0,450.79,0.0,1,0.41,0.16,SPY231208P00390000,390.0,0,0.0,0.0,,0.0,normalDay
2023-11-20,5181.0,31.0,0.0,0,454.26,0.0,1,0.41,0.1,SPY231208P00390000,390.0,0,0.0,0.0,,0.0,normalDay
2023-11-21,5181.0,32.0,0.0,0,453.27,0.0,1,0.41,0.09,SPY231208P00390000,390.0,0,0.0,0.0,,0.0,normalDay
2023-11-22,5181.0,34.0,0.0,0,455.02,0.0,1,0.41,0.07,SPY231208P00390000,390.0,0,0.0,0.0,,0.0,normalDay
2023-11-24,5181.0,35.0,0.0,0,455.3,0.0,1,0.41,0.06,SPY231208P00390000,390.0,0,0.0,0.0,,0.0,normalDay
2023-11-27,5181.0,37.0,0.0,0,454.48,0.0,1,0.41,0.04,SPY231208P00390000,390.0,0,0.0,0.0,,0.0,normalDay
2023-11-28,5181.0,37.0,0.0,0,454.93,0.0,1,0.41,0.04,SPY231208P00390000,390.0,0,0.0,0.0,,0.0,normalDay
2023-11-29,5181.0,37.0,0.0,0,454.61,0.0,1,0.41,0.04,SPY231208P00390000,390.0,0,0.0,0.0,,0.0,normalDay
2023-11-30,5181.0,38.0,0.0,0,456.4,0.0,1,0.41,0.03,SPY231208P00390000,390.0,0,0.0,0.0,,0.0,normalDay
