date,totalCapital,unrializedPnL,rializedPnL,stocksOwned,stocksPriceToday,stocksPriceBoughtAt,putOwned,putOwnedSoldAt,putPriceToday,putOwnedContract,putOwnedStrike,callOwned,callOwnedSoldAt,callPriceToday,callOwnedContract,callOwnedStrike,trackType
2018-11-01,0.0,-5.0,0.0,0,273.51,0.0,1,0.38,0.43,SPY181112P00256000,256.0,0,0.0,0.0,,0.0,normalDay
2018-11-02,0.0,2.0,0.0,0,271.89,0.0,1,0.38,0.36,SPY181112P00256000,256.0,0,0.0,0.0,,0.0,normalDay
2018-11-05,0.0,16.0,0.0,0,273.39,0.0,1,0.38,0.22,SPY181112P00256000,256.0,0,0.0,0.0,,0.0,normalDay
2018-11-06,0.0,20.0,0.0,0,275.12,0.0,1,0.38,0.18,SPY181112P00256000,256.0,0,0.0,0.0,,0.0,normalDay
2018-11-07,0.0,35.0,0.0,0,281.01,0.0,1,0.38,0.03,SPY181112P00256000,256.0,0,0.0,0.0,,0.0,normalDay
2018-11-08,0.0,36.0,0.0,0,280.5,0.0,1,0.38,0.02,SPY181112P00256000,256.0,0,0.0,0.0,,0.0,normalDay
2018-11-09,0.0,37.0,0.0,0,277.76,0.0,1,0.38,0.01,SPY181112P00256000,256.0,0,0.0,0.0,,0.0,normalDay
2018-11-12,38.0,0.0,38.0,0,272.57,0.0,1,0.38,0.0,SPY181112P00256000,256.0,0,0.0,0.0,,0.0,expirationDay
2018-11-13,38.0,-4.0,0.0,0,272.06,0.0,1,0.59,0.63,SPY181123P00260000,260.0,0,0.0,0.0,,0.0,normalDay
2018-11-14,38.0,-26.0,0.0,0,270.2,0.0,1,0.59,0.85,SPY181123P00260000,260.0,0,0.0,0.0,,0.0,normalDay
2018-11-15,38.0,23.0,0.0,0,273.02,0.0,1,0.59,0.36,SPY181123P00260000,260.0,0,0.0,0.0,,0.0,normalDay
2018-11-16,38.0,46.0,0.0,0,273.73,0.0,1,0.59,0.13,SPY181123P00260000,260.0,0,0.0,0.0,,0.0,normalDay
2018-11-19,38.0,34.0,0.0,0,269.1,0.0,1,0.59,0.25,SPY181123P00260000,260.0,0,0.0,0.0,,0.0,normalDay
2018-11-20,38.0,-22.0,0.0,0,264.12,0.0,1,0.59,0.81,SPY181123P00260000,260.0,0,0.0,0.0,,0.0,normalDay
2018-11-21,38.0,47.0,0.0,0,265.02,0.0,1,0.59,0.12,SPY181123P00260000,260.0,0,0.0,0.0,,0.0,normalDay
2018-11-23,97.0,0.0,59.0,0,263.25,0.0,1,0.59,0.0,SPY181123P00260000,260.0,0,0.0,0.0,,0.0,expirationDay
2018-11-26,97.0,-4.0,0.0,0,267.5,0.0,1,0.78,0.82,SPY181207P00258000,258.0,0,0.0,0.0,,0.0,normalDay
2018-11-27,97.0,-3.0,0.0,0,268.4,0.0,1,0.78,0.81,SPY181207P00258000,258.0,0,0.0,0.0,,0.0,normalDay
2018-11-28,97.0,47.0,0.0,0,274.58,0.0,1,0.78,0.31,SPY181207P00258000,258.0,0,0.0,0.0,,0.0,normalDay
2018-11-29,97.0,44.0,0.0,0,273.98,0.0,1,0.78,0.34,SPY181207P00258000,258.0,0,0.0,0.0,,0.0,normalDay
2018-11-30,97.0,60.0,0.0,0,275.65,0.0,1,0.78,0.18,SPY181207P00258000,258.0,0,0.0,0.0,,0.0,normalDay
2018-12-03,97.0,75.0,0.0,0,279.3,0.0,1,0.78,0.03,SPY181207P00258000,258.0,0,0.0,0.0,,0.0,normalDay
2018-12-04,97.0,55.0,0.0,0,270.25,0.0,1,0.78,0.23,SPY181207P00258000,258.0,0,0.0,0.0,,0.0,normalDay
2018-12-06,97.0,74.0,0.0,0,269.84,0.0,1,0.78,0.04,SPY181207P00258000,258.0,0,0.0,0.0,,0.0,normalDay
2018-12-07,175.0,0.0,78.0,0,263.57,0.0,1,0.78,0.0,SPY181207P00258000,258.0,0,0.0,0.0,,0.0,expirationDay
2018-12-10,175.0,-3.0,0.0,0,264.07,0.0,1,2.27,2.3,SPY181221P00258000,258.0,0,0.0,0.0,,0.0,normalDay
2018-12-11,175.0,20.0,0.0,0,264.13,0.0,1,2.27,2.07,SPY181221P00258000,258.0,0,0.0,0.0,,0.0,normalDay
2018-12-12,175.0,62.0,0.0,0,265.46,0.0,1,2.27,1.65,SPY181221P00258000,258.0,0,0.0,0.0,,0.0,normalDay
2018-12-13,175.0,102.0,0.0,0,265.37,0.0,1,2.27,1.25,SPY181221P00258000,258.0,0,0.0,0.0,,0.0,normalDay
2018-12-14,175.0,-30.0,0.0,0,260.47,0.0,1,2.27,2.57,SPY181221P00258000,258.0,0,0.0,0.0,,0.0,normalDay
2018-12-17,175.0,-315.0,0.0,0,255.36,0.0,1,2.27,5.42,SPY181221P00258000,258.0,0,0.0,0.0,,0.0,normalDay
2018-12-18,175.0,-383.0,0.0,0,255.08,0.0,1,2.27,6.1,SPY181221P00258000,258.0,0,0.0,0.0,,0.0,normalDay
2018-12-19,175.0,-600.0,0.0,0,251.26,0.0,1,2.27,8.27,SPY181221P00258000,258.0,0,0.0,0.0,,0.0,normalDay
2018-12-20,175.0,-939.0,0.0,0,247.17,0.0,1,2.27,11.66,SPY181221P00258000,258.0,0,0.0,0.0,,0.0,normalDay
2018-12-21,402.0,-1730.0,227.0,100,240.7,258.0,1,2.27,0.0,SPY181221P00258000,258.0,0,0.0,0.0,,0.0,expirationDay
2018-12-24,402.0,-2370.0,0.0,100,234.34,258.0,0,0.0,0.0,,0.0,1,0.02,0.06,SPY190215C00288000,288.0,normalDay
2018-12-26,402.0,-1192.0,0.0,100,246.18,258.0,0,0.0,0.0,,0.0,1,0.02,0.12,SPY190215C00288000,288.0,normalDay
2018-12-27,402.0,-1007.0,0.0,100,248.07,258.0,0,0.0,0.0,,0.0,1,0.02,0.16,SPY190215C00288000,288.0,normalDay
2018-12-28,402.0,-1036.0,0.0,100,247.75,258.0,0,0.0,0.0,,0.0,1,0.02,0.13,SPY190215C00288000,288.0,normalDay
2018-12-31,402.0,-815.0,0.0,100,249.92,258.0,0,0.0,0.0,,0.0,1,0.02,0.09,SPY190215C00288000,288.0,normalDay
2019-01-02,402.0,-786.0,0.0,100,250.18,258.0,0,0.0,0.0,,0.0,1,0.02,0.06,SPY190215C00288000,288.0,normalDay
2019-01-03,402.0,-1380.0,0.0,100,244.21,258.0,0,0.0,0.0,,0.0,1,0.02,0.03,SPY190215C00288000,288.0,normalDay
2019-01-04,402.0,-563.0,0.0,100,252.39,258.0,0,0.0,0.0,,0.0,1,0.02,0.04,SPY190215C00288000,288.0,normalDay
2019-01-07,402.0,-365.0,0.0,100,254.38,258.0,0,0.0,0.0,,0.0,1,0.02,0.05,SPY190215C00288000,288.0,normalDay
2019-01-08,402.0,-126.0,0.0,100,256.77,258.0,0,0.0,0.0,,0.0,1,0.02,0.05,SPY190215C00288000,288.0,normalDay
2019-01-09,402.0,-6.0,0.0,100,257.97,258.0,0,0.0,0.0,,0.0,1,0.02,0.05,SPY190215C00288000,288.0,normalDay
2019-01-10,402.0,84.0,0.0,100,258.88,258.0,0,0.0,0.0,,0.0,1,0.02,0.06,SPY190215C00288000,288.0,normalDay
2019-01-11,402.0,96.0,0.0,100,258.98,258.0,0,0.0,0.0,,0.0,1,0.02,0.04,SPY190215C00288000,288.0,normalDay
2019-01-14,402.0,-62.0,0.0,100,257.4,258.0,0,0.0,0.0,,0.0,1,0.02,0.04,SPY190215C00288000,288.0,normalDay
2019-01-15,402.0,232.0,0.0,100,260.35,258.0,0,0.0,0.0,,0.0,1,0.02,0.05,SPY190215C00288000,288.0,normalDay
2019-01-16,402.0,294.0,0.0,100,260.98,258.0,0,0.0,0.0,,0.0,1,0.02,0.06,SPY190215C00288000,288.0,normalDay
2019-01-17,402.0,492.0,0.0,100,262.96,258.0,0,0.0,0.0,,0.0,1,0.02,0.06,SPY190215C00288000,288.0,normalDay
2019-01-18,402.0,839.0,0.0,100,266.46,258.0,0,0.0,0.0,,0.0,1,0.02,0.09,SPY190215C00288000,288.0,normalDay
2019-01-22,402.0,482.0,0.0,100,262.86,258.0,0,0.0,0.0,,0.0,1,0.02,0.06,SPY190215C00288000,288.0,normalDay
2019-01-23,402.0,539.0,0.0,100,263.41,258.0,0,0.0,0.0,,0.0,1,0.02,0.04,SPY190215C00288000,288.0,normalDay
2019-01-24,402.0,553.0,0.0,100,263.55,258.0,0,0.0,0.0,,0.0,1,0.02,0.04,SPY190215C00288000,288.0,normalDay
2019-01-25,402.0,776.0,0.0,100,265.78,258.0,0,0.0,0.0,,0.0,1,0.02,0.04,SPY190215C00288000,288.0,normalDay
2019-01-28,402.0,575.0,0.0,100,263.76,258.0,0,0.0,0.0,,0.0,1,0.02,0.03,SPY190215C00288000,288.0,normalDay
2019-01-29,402.0,540.0,0.0,100,263.41,258.0,0,0.0,0.0,,0.0,1,0.02,0.03,SPY190215C00288000,288.0,normalDay
2019-01-30,402.0,956.0,0.0,100,267.58,258.0,0,0.0,0.0,,0.0,1,0.02,0.04,SPY190215C00288000,288.0,normalDay
2019-01-31,402.0,1191.0,0.0,100,269.93,258.0,0,0.0,0.0,,0.0,1,0.02,0.04,SPY190215C00288000,288.0,normalDay
2019-02-01,402.0,1205.0,0.0,100,270.06,258.0,0,0.0,0.0,,0.0,1,0.02,0.03,SPY190215C00288000,288.0,normalDay
2019-02-04,402.0,1395.0,0.0,100,271.96,258.0,0,0.0,0.0,,0.0,1,0.02,0.03,SPY190215C00288000,288.0,normalDay
2019-02-05,402.0,1509.0,0.0,100,273.1,258.0,0,0.0,0.0,,0.0,1,0.02,0.03,SPY190215C00288000,288.0,normalDay
2019-02-06,402.0,1474.0,0.0,100,272.74,258.0,0,0.0,0.0,,0.0,1,0.02,0.02,SPY190215C00288000,288.0,normalDay
2019-02-07,402.0,1215.0,0.0,100,270.14,258.0,0,0.0,0.0,,0.0,1,0.02,0.01,SPY190215C00288000,288.0,normalDay
2019-02-08,402.0,1248.0,0.0,100,270.47,258.0,0,0.0,0.0,,0.0,1,0.02,0.01,SPY190215C00288000,288.0,normalDay
2019-02-11,402.0,1263.0,0.0,100,270.62,258.0,0,0.0,0.0,,0.0,1,0.02,0.01,SPY190215C00288000,288.0,normalDay
2019-02-12,402.0,1611.0,0.0,100,274.1,258.0,0,0.0,0.0,,0.0,1,0.02,0.01,SPY190215C00288000,288.0,normalDay
2019-02-13,402.0,1700.0,0.0,100,274.99,258.0,0,0.0,0.0,,0.0,1,0.02,0.01,SPY190215C00288000,288.0,normalDay
2019-02-14,402.0,1639.0,0.0,100,274.38,258.0,0,0.0,0.0,,0.0,1,0.02,0.01,SPY190215C00288000,288.0,normalDay
2019-02-15,404.0,1937.0,2.0,100,277.37,258.0,0,0.0,0.0,,0.0,1,0.02,0.0,SPY190215C00288000,288.0,expirationDay
2019-02-19,404.0,1980.0,0.0,100,277.85,258.0,0,0.0,0.0,,0.0,1,3.02,3.07,SPY190329C00280000,280.0,normalDay
2019-02-20,404.0,2022.0,0.0,100,278.41,258.0,0,0.0,0.0,,0.0,1,3.02,3.21,SPY190329C00280000,280.0,normalDay
2019-02-21,404.0,1972.0,0.0,100,277.42,258.0,0,0.0,0.0,,0.0,1,3.02,2.72,SPY190329C00280000,280.0,normalDay
2019-02-22,404.0,2086.0,0.0,100,279.14,258.0,0,0.0,0.0,,0.0,1,3.02,3.3,SPY190329C00280000,280.0,normalDay
2019-02-25,404.0,2098.0,0.0,100,279.52,258.0,0,0.0,0.0,,0.0,1,3.02,3.56,SPY190329C00280000,280.0,normalDay
2019-02-26,404.0,2099.0,0.0,100,279.32,258.0,0,0.0,0.0,,0.0,1,3.02,3.35,SPY190329C00280000,280.0,normalDay
2019-02-27,404.0,2100.0,0.0,100,279.2,258.0,0,0.0,0.0,,0.0,1,3.02,3.22,SPY190329C00280000,280.0,normalDay
2019-02-28,404.0,2098.0,0.0,100,278.68,258.0,0,0.0,0.0,,0.0,1,3.02,2.72,SPY190329C00280000,280.0,normalDay
2019-03-01,404.0,2214.0,0.0,100,280.42,258.0,0,0.0,0.0,,0.0,1,3.02,3.3,SPY190329C00280000,280.0,normalDay
2019-03-04,404.0,2174.0,0.0,100,279.4,258.0,0,0.0,0.0,,0.0,1,3.02,2.68,SPY190329C00280000,280.0,normalDay
2019-03-05,404.0,2156.0,0.0,100,279.02,258.0,0,0.0,0.0,,0.0,1,3.02,2.48,SPY190329C00280000,280.0,normalDay
2019-03-06,404.0,2052.0,0.0,100,277.33,258.0,0,0.0,0.0,,0.0,1,3.02,1.83,SPY190329C00280000,280.0,normalDay
2019-03-07,404.0,1889.0,0.0,100,275.01,258.0,0,0.0,0.0,,0.0,1,3.02,1.14,SPY190329C00280000,280.0,normalDay
2019-03-08,404.0,1864.0,0.0,100,274.46,258.0,0,0.0,0.0,,0.0,1,3.02,0.84,SPY190329C00280000,280.0,normalDay
2019-03-11,404.0,2180.0,0.0,100,278.44,258.0,0,0.0,0.0,,0.0,1,3.02,1.66,SPY190329C00280000,280.0,normalDay
2019-03-12,404.0,2263.0,0.0,100,279.49,258.0,0,0.0,0.0,,0.0,1,3.02,1.88,SPY190329C00280000,280.0,normalDay
2019-03-13,404.0,2339.0,0.0,100,281.34,258.0,0,0.0,0.0,,0.0,1,3.02,2.97,SPY190329C00280000,280.0,normalDay
2019-03-14,404.0,2358.0,0.0,100,281.16,258.0,0,0.0,0.0,,0.0,1,3.02,2.6,SPY190329C00280000,280.0,normalDay
2019-03-15,404.0,2310.0,0.0,100,281.31,258.0,0,0.0,0.0,,0.0,1,3.02,3.23,SPY190329C00280000,280.0,normalDay
2019-03-18,404.0,2330.0,0.0,100,282.33,258.0,0,0.0,0.0,,0.0,1,3.02,4.05,SPY190329C00280000,280.0,normalDay
2019-03-19,404.0,2356.0,0.0,100,282.4,258.0,0,0.0,0.0,,0.0,1,3.02,3.86,SPY190329C00280000,280.0,normalDay
2019-03-20,404.0,2349.0,0.0,100,281.55,258.0,0,0.0,0.0,,0.0,1,3.02,3.08,SPY190329C00280000,280.0,normalDay
2019-03-21,404.0,2432.0,0.0,100,284.73,258.0,0,0.0,0.0,,0.0,1,3.02,5.43,SPY190329C00280000,280.0,normalDay
2019-03-22,404.0,2177.0,0.0,100,279.25,258.0,0,0.0,0.0,,0.0,1,3.02,2.5,SPY190329C00280000,280.0,normalDay
2019-03-25,404.0,2247.0,0.0,100,279.04,258.0,0,0.0,0.0,,0.0,1,3.02,1.59,SPY190329C00280000,280.0,normalDay
2019-03-26,404.0,2397.0,0.0,100,281.12,258.0,0,0.0,0.0,,0.0,1,3.02,2.17,SPY190329C00280000,280.0,normalDay
2019-03-27,404.0,2338.0,0.0,100,279.65,258.0,0,0.0,0.0,,0.0,1,3.02,1.29,SPY190329C00280000,280.0,normalDay
2019-03-28,404.0,2428.0,0.0,100,280.71,258.0,0,0.0,0.0,,0.0,1,3.02,1.45,SPY190329C00280000,280.0,normalDay
2019-03-29,2906.0,2428.0,2502.0,0,282.48,0.0,0,0.0,0.0,,0.0,1,3.02,0.0,SPY190329C00280000,280.0,expirationDay
2019-04-01,2906.0,-3.0,0.0,0,285.83,0.0,1,0.18,0.21,SPY190412P00273000,273.0,0,0.0,0.0,,0.0,normalDay
2019-04-02,2906.0,1.0,0.0,0,285.97,0.0,1,0.18,0.17,SPY190412P00273000,273.0,0,0.0,0.0,,0.0,normalDay
2019-04-03,2906.0,4.0,0.0,0,286.42,0.0,1,0.18,0.14,SPY190412P00273000,273.0,0,0.0,0.0,,0.0,normalDay
2019-04-04,2906.0,9.0,0.0,0,287.18,0.0,1,0.18,0.09,SPY190412P00273000,273.0,0,0.0,0.0,,0.0,normalDay
2019-04-05,2906.0,15.0,0.0,0,288.57,0.0,1,0.18,0.03,SPY190412P00273000,273.0,0,0.0,0.0,,0.0,normalDay
2019-04-08,2906.0,16.0,0.0,0,288.79,0.0,1,0.18,0.02,SPY190412P00273000,273.0,0,0.0,0.0,,0.0,normalDay
2019-04-09,2906.0,16.0,0.0,0,287.31,0.0,1,0.18,0.02,SPY190412P00273000,273.0,0,0.0,0.0,,0.0,normalDay
2019-04-10,2906.0,17.0,0.0,0,288.29,0.0,1,0.18,0.01,SPY190412P00273000,273.0,0,0.0,0.0,,0.0,normalDay
2019-04-11,2906.0,17.0,0.0,0,288.21,0.0,1,0.18,0.01,SPY190412P00273000,273.0,0,0.0,0.0,,0.0,normalDay
2019-04-12,2924.0,0.0,18.0,0,290.16,0.0,1,0.18,0.0,SPY190412P00273000,273.0,0,0.0,0.0,,0.0,expirationDay
2019-04-15,2924.0,-3.0,0.0,0,289.97,0.0,1,0.1,0.13,SPY190426P00275000,275.0,0,0.0,0.0,,0.0,normalDay
2019-04-16,2924.0,-2.0,0.0,0,290.16,0.0,1,0.1,0.12,SPY190426P00275000,275.0,0,0.0,0.0,,0.0,normalDay
2019-04-17,2924.0,-2.0,0.0,0,289.45,0.0,1,0.1,0.12,SPY190426P00275000,275.0,0,0.0,0.0,,0.0,normalDay
2019-04-18,2924.0,5.0,0.0,0,290.02,0.0,1,0.1,0.05,SPY190426P00275000,275.0,0,0.0,0.0,,0.0,normalDay
2019-04-22,2924.0,8.0,0.0,0,290.27,0.0,1,0.1,0.02,SPY190426P00275000,275.0,0,0.0,0.0,,0.0,normalDay
2019-04-23,2924.0,8.0,0.0,0,292.88,0.0,1,0.1,0.02,SPY190426P00275000,275.0,0,0.0,0.0,,0.0,normalDay
2019-04-24,2924.0,8.0,0.0,0,292.23,0.0,1,0.1,0.02,SPY190426P00275000,275.0,0,0.0,0.0,,0.0,normalDay
2019-04-25,2924.0,9.0,0.0,0,292.05,0.0,1,0.1,0.01,SPY190426P00275000,275.0,0,0.0,0.0,,0.0,normalDay
2019-04-26,2934.0,0.0,10.0,0,293.41,0.0,1,0.1,0.0,SPY190426P00275000,275.0,0,0.0,0.0,,0.0,expirationDay
2019-04-29,2934.0,-3.0,0.0,0,293.87,0.0,1,0.33,0.36,SPY190510P00283000,283.0,0,0.0,0.0,,0.0,normalDay
2019-04-30,2934.0,1.0,0.0,0,294.02,0.0,1,0.33,0.32,SPY190510P00283000,283.0,0,0.0,0.0,,0.0,normalDay
2019-05-01,2934.0,-20.0,0.0,0,291.81,0.0,1,0.33,0.53,SPY190510P00283000,283.0,0,0.0,0.0,,0.0,normalDay
2019-05-02,2934.0,-12.0,0.0,0,291.18,0.0,1,0.33,0.45,SPY190510P00283000,283.0,0,0.0,0.0,,0.0,normalDay
2019-05-03,2934.0,21.0,0.0,0,294.03,0.0,1,0.33,0.12,SPY190510P00283000,283.0,0,0.0,0.0,,0.0,normalDay
2019-05-06,2934.0,12.0,0.0,0,292.82,0.0,1,0.33,0.21,SPY190510P00283000,283.0,0,0.0,0.0,,0.0,normalDay
2019-05-07,2934.0,-63.0,0.0,0,287.93,0.0,1,0.33,0.96,SPY190510P00283000,283.0,0,0.0,0.0,,0.0,normalDay
2019-05-08,2934.0,-49.0,0.0,0,287.53,0.0,1,0.33,0.82,SPY190510P00283000,283.0,0,0.0,0.0,,0.0,normalDay
2019-05-09,2934.0,-56.0,0.0,0,286.66,0.0,1,0.33,0.89,SPY190510P00283000,283.0,0,0.0,0.0,,0.0,normalDay
2019-05-10,2967.0,0.0,33.0,0,288.1,0.0,1,0.33,0.0,SPY190510P00283000,283.0,0,0.0,0.0,,0.0,expirationDay
2019-05-13,2967.0,-4.0,0.0,0,280.86,0.0,1,4.54,4.58,SPY190524P00282000,282.0,0,0.0,0.0,,0.0,normalDay
2019-05-14,2967.0,175.0,0.0,0,283.4,0.0,1,4.54,2.79,SPY190524P00282000,282.0,0,0.0,0.0,,0.0,normalDay
2019-05-15,2967.0,289.0,0.0,0,285.06,0.0,1,4.54,1.65,SPY190524P00282000,282.0,0,0.0,0.0,,0.0,normalDay
2019-05-16,2967.0,367.0,0.0,0,287.7,0.0,1,4.54,0.87,SPY190524P00282000,282.0,0,0.0,0.0,,0.0,normalDay
2019-05-17,2967.0,328.0,0.0,0,285.84,0.0,1,4.54,1.26,SPY190524P00282000,282.0,0,0.0,0.0,,0.0,normalDay
2019-05-20,2967.0,323.0,0.0,0,283.95,0.0,1,4.54,1.31,SPY190524P00282000,282.0,0,0.0,0.0,,0.0,normalDay
2019-05-21,2967.0,416.0,0.0,0,286.51,0.0,1,4.54,0.38,SPY190524P00282000,282.0,0,0.0,0.0,,0.0,normalDay
2019-05-22,2967.0,425.0,0.0,0,285.63,0.0,1,4.54,0.29,SPY190524P00282000,282.0,0,0.0,0.0,,0.0,normalDay
2019-05-23,2967.0,337.0,0.0,0,282.14,0.0,1,4.54,1.17,SPY190524P00282000,282.0,0,0.0,0.0,,0.0,normalDay
2019-05-24,3421.0,0.0,454.0,0,282.78,0.0,1,4.54,0.0,SPY190524P00282000,282.0,0,0.0,0.0,,0.0,expirationDay
2019-05-28,3421.0,-4.0,0.0,0,280.15,0.0,1,1.58,1.62,SPY190607P00276000,276.0,0,0.0,0.0,,0.0,normalDay
2019-05-29,3421.0,-52.0,0.0,0,278.27,0.0,1,1.58,2.1,SPY190607P00276000,276.0,0,0.0,0.0,,0.0,normalDay
2019-05-30,3421.0,-3.0,0.0,0,279.03,0.0,1,1.58,1.61,SPY190607P00276000,276.0,0,0.0,0.0,,0.0,normalDay
2019-05-31,3421.0,-154.0,0.0,0,275.27,0.0,1,1.58,3.12,SPY190607P00276000,276.0,0,0.0,0.0,,0.0,normalDay
2019-06-03,3421.0,-130.0,0.0,0,274.57,0.0,1,1.58,2.88,SPY190607P00276000,276.0,0,0.0,0.0,,0.0,normalDay
2019-06-04,3421.0,103.0,0.0,0,280.53,0.0,1,1.58,0.55,SPY190607P00276000,276.0,0,0.0,0.0,,0.0,normalDay
2019-06-05,3421.0,149.0,0.0,0,282.96,0.0,1,1.58,0.09,SPY190607P00276000,276.0,0,0.0,0.0,,0.0,normalDay
2019-06-06,3421.0,156.0,0.0,0,284.8,0.0,1,1.58,0.02,SPY190607P00276000,276.0,0,0.0,0.0,,0.0,normalDay
2019-06-07,3579.0,0.0,158.0,0,287.65,0.0,1,1.58,0.0,SPY190607P00276000,276.0,0,0.0,0.0,,0.0,expirationDay
2019-06-10,3579.0,-3.0,0.0,0,288.97,0.0,1,0.23,0.26,SPY190621P00272000,272.0,0,0.0,0.0,,0.0,normalDay
2019-06-11,3579.0,1.0,0.0,0,288.9,0.0,1,0.23,0.22,SPY190621P00272000,272.0,0,0.0,0.0,,0.0,normalDay
2019-06-12,3579.0,4.0,0.0,0,288.39,0.0,1,0.23,0.19,SPY190621P00272000,272.0,0,0.0,0.0,,0.0,normalDay
2019-06-13,3579.0,13.0,0.0,0,289.58,0.0,1,0.23,0.1,SPY190621P00272000,272.0,0,0.0,0.0,,0.0,normalDay
2019-06-14,3579.0,18.0,0.0,0,289.26,0.0,1,0.23,0.05,SPY190621P00272000,272.0,0,0.0,0.0,,0.0,normalDay
2019-06-17,3579.0,19.0,0.0,0,289.37,0.0,1,0.23,0.04,SPY190621P00272000,272.0,0,0.0,0.0,,0.0,normalDay
2019-06-18,3579.0,20.0,0.0,0,292.4,0.0,1,0.23,0.03,SPY190621P00272000,272.0,0,0.0,0.0,,0.0,normalDay
2019-06-19,3579.0,20.0,0.0,0,293.06,0.0,1,0.23,0.03,SPY190621P00272000,272.0,0,0.0,0.0,,0.0,normalDay
2019-06-20,3579.0,20.0,0.0,0,295.86,0.0,1,0.23,0.03,SPY190621P00272000,272.0,0,0.0,0.0,,0.0,normalDay
2019-06-21,3602.0,0.0,23.0,0,294.0,0.0,1,0.23,0.0,SPY190621P00272000,272.0,0,0.0,0.0,,0.0,expirationDay
2019-06-24,3602.0,-3.0,0.0,0,293.64,0.0,1,0.09,0.12,SPY190705P00269000,269.0,0,0.0,0.0,,0.0,normalDay
2019-06-25,3602.0,-6.0,0.0,0,290.76,0.0,1,0.09,0.15,SPY190705P00269000,269.0,0,0.0,0.0,,0.0,normalDay
2019-06-26,3602.0,-2.0,0.0,0,290.47,0.0,1,0.09,0.11,SPY190705P00269000,269.0,0,0.0,0.0,,0.0,normalDay
2019-06-27,3602.0,1.0,0.0,0,291.5,0.0,1,0.09,0.08,SPY190705P00269000,269.0,0,0.0,0.0,,0.0,normalDay
2019-06-28,3602.0,3.0,0.0,0,293.0,0.0,1,0.09,0.06,SPY190705P00269000,269.0,0,0.0,0.0,,0.0,normalDay
2019-07-01,3602.0,7.0,0.0,0,295.66,0.0,1,0.09,0.02,SPY190705P00269000,269.0,0,0.0,0.0,,0.0,normalDay
2019-07-02,3602.0,8.0,0.0,0,296.43,0.0,1,0.09,0.01,SPY190705P00269000,269.0,0,0.0,0.0,,0.0,normalDay
2019-07-03,3602.0,8.0,0.0,0,298.8,0.0,1,0.09,0.01,SPY190705P00269000,269.0,0,0.0,0.0,,0.0,normalDay
2019-07-05,3611.0,0.0,9.0,0,298.46,0.0,1,0.09,0.0,SPY190705P00269000,269.0,0,0.0,0.0,,0.0,expirationDay
2019-07-08,3611.0,-3.0,0.0,0,296.82,0.0,1,0.18,0.21,SPY190719P00284000,284.0,0,0.0,0.0,,0.0,normalDay
2019-07-09,3611.0,0.0,0.0,0,297.19,0.0,1,0.18,0.18,SPY190719P00284000,284.0,0,0.0,0.0,,0.0,normalDay
2019-07-10,3611.0,9.0,0.0,0,298.61,0.0,1,0.18,0.09,SPY190719P00284000,284.0,0,0.0,0.0,,0.0,normalDay
2019-07-11,3611.0,9.0,0.0,0,299.31,0.0,1,0.18,0.09,SPY190719P00284000,284.0,0,0.0,0.0,,0.0,normalDay
2019-07-12,3611.0,13.0,0.0,0,300.65,0.0,1,0.18,0.05,SPY190719P00284000,284.0,0,0.0,0.0,,0.0,normalDay
2019-07-15,3611.0,13.0,0.0,0,300.75,0.0,1,0.18,0.05,SPY190719P00284000,284.0,0,0.0,0.0,,0.0,normalDay
2019-07-16,3611.0,14.0,0.0,0,299.78,0.0,1,0.18,0.04,SPY190719P00284000,284.0,0,0.0,0.0,,0.0,normalDay
2019-07-17,3611.0,15.0,0.0,0,297.74,0.0,1,0.18,0.03,SPY190719P00284000,284.0,0,0.0,0.0,,0.0,normalDay
2019-07-18,3611.0,16.0,0.0,0,298.83,0.0,1,0.18,0.02,SPY190719P00284000,284.0,0,0.0,0.0,,0.0,normalDay
2019-07-19,3629.0,0.0,18.0,0,297.17,0.0,1,0.18,0.0,SPY190719P00284000,284.0,0,0.0,0.0,,0.0,expirationDay
2019-07-22,3629.0,-3.0,0.0,0,297.9,0.0,1,0.5,0.53,SPY190802P00288000,288.0,0,0.0,0.0,,0.0,normalDay
2019-07-23,3629.0,21.0,0.0,0,300.03,0.0,1,0.5,0.29,SPY190802P00288000,288.0,0,0.0,0.0,,0.0,normalDay
2019-07-24,3629.0,33.0,0.0,0,301.44,0.0,1,0.5,0.17,SPY190802P00288000,288.0,0,0.0,0.0,,0.0,normalDay
2019-07-25,3629.0,33.0,0.0,0,300.0,0.0,1,0.5,0.17,SPY190802P00288000,288.0,0,0.0,0.0,,0.0,normalDay
2019-07-26,3629.0,43.0,0.0,0,302.01,0.0,1,0.5,0.07,SPY190802P00288000,288.0,0,0.0,0.0,,0.0,normalDay
2019-07-29,3629.0,44.0,0.0,0,301.46,0.0,1,0.5,0.06,SPY190802P00288000,288.0,0,0.0,0.0,,0.0,normalDay
2019-07-30,3629.0,43.0,0.0,0,300.72,0.0,1,0.5,0.07,SPY190802P00288000,288.0,0,0.0,0.0,,0.0,normalDay
2019-07-31,3629.0,24.0,0.0,0,297.43,0.0,1,0.5,0.26,SPY190802P00288000,288.0,0,0.0,0.0,,0.0,normalDay
2019-08-01,3629.0,39.0,0.0,0,294.84,0.0,1,0.5,0.11,SPY190802P00288000,288.0,0,0.0,0.0,,0.0,normalDay
2019-08-02,3679.0,0.0,50.0,0,292.62,0.0,1,0.5,0.0,SPY190802P00288000,288.0,0,0.0,0.0,,0.0,expirationDay
2019-08-05,3679.0,-10.0,0.0,0,283.82,0.0,1,6.79,6.89,SPY190816P00287500,287.5,0,0.0,0.0,,0.0,normalDay
2019-08-06,3679.0,315.0,0.0,0,287.8,0.0,1,6.79,3.64,SPY190816P00287500,287.5,0,0.0,0.0,,0.0,normalDay
2019-08-07,3679.0,344.0,0.0,0,287.97,0.0,1,6.79,3.35,SPY190816P00287500,287.5,0,0.0,0.0,,0.0,normalDay
2019-08-08,3679.0,574.0,0.0,0,293.62,0.0,1,6.79,1.05,SPY190816P00287500,287.5,0,0.0,0.0,,0.0,normalDay
2019-08-09,3679.0,543.0,0.0,0,291.62,0.0,1,6.79,1.36,SPY190816P00287500,287.5,0,0.0,0.0,,0.0,normalDay
2019-08-12,3679.0,420.0,0.0,0,288.07,0.0,1,6.79,2.59,SPY190816P00287500,287.5,0,0.0,0.0,,0.0,normalDay
2019-08-13,3679.0,617.0,0.0,0,292.55,0.0,1,6.79,0.62,SPY190816P00287500,287.5,0,0.0,0.0,,0.0,normalDay
2019-08-14,3679.0,240.0,0.0,0,283.9,0.0,1,6.79,4.39,SPY190816P00287500,287.5,0,0.0,0.0,,0.0,normalDay
2019-08-15,3679.0,370.0,0.0,0,284.65,0.0,1,6.79,3.09,SPY190816P00287500,287.5,0,0.0,0.0,,0.0,normalDay
2019-08-16,4358.0,0.0,679.0,0,288.85,0.0,1,6.79,0.0,SPY190816P00287500,287.5,0,0.0,0.0,,0.0,expirationDay
2019-08-19,4358.0,-3.0,0.0,0,292.33,0.0,1,0.41,0.44,SPY190830P00277000,277.0,0,0.0,0.0,,0.0,normalDay
2019-08-20,4358.0,-18.0,0.0,0,290.09,0.0,1,0.41,0.59,SPY190830P00277000,277.0,0,0.0,0.0,,0.0,normalDay
2019-08-21,4358.0,19.0,0.0,0,292.45,0.0,1,0.41,0.22,SPY190830P00277000,277.0,0,0.0,0.0,,0.0,normalDay
2019-08-22,4358.0,19.0,0.0,0,292.36,0.0,1,0.41,0.22,SPY190830P00277000,277.0,0,0.0,0.0,,0.0,normalDay
2019-08-23,4358.0,-53.0,0.0,0,284.85,0.0,1,0.41,0.94,SPY190830P00277000,277.0,0,0.0,0.0,,0.0,normalDay
2019-08-26,4358.0,15.0,0.0,0,288.0,0.0,1,0.41,0.26,SPY190830P00277000,277.0,0,0.0,0.0,,0.0,normalDay
2019-08-27,4358.0,14.0,0.0,0,286.87,0.0,1,0.41,0.27,SPY190830P00277000,277.0,0,0.0,0.0,,0.0,normalDay
2019-08-28,4358.0,34.0,0.0,0,288.89,0.0,1,0.41,0.07,SPY190830P00277000,277.0,0,0.0,0.0,,0.0,normalDay
2019-08-29,4358.0,39.0,0.0,0,292.58,0.0,1,0.41,0.02,SPY190830P00277000,277.0,0,0.0,0.0,,0.0,normalDay
2019-08-30,4399.0,0.0,41.0,0,292.45,0.0,1,0.41,0.0,SPY190830P00277000,277.0,0,0.0,0.0,,0.0,expirationDay
2019-09-03,4399.0,-3.0,0.0,0,290.74,0.0,1,1.15,1.18,SPY190913P00282000,282.0,0,0.0,0.0,,0.0,normalDay
2019-09-04,4399.0,74.0,0.0,0,294.04,0.0,1,1.15,0.41,SPY190913P00282000,282.0,0,0.0,0.0,,0.0,normalDay
2019-09-05,4399.0,97.0,0.0,0,297.82,0.0,1,1.15,0.18,SPY190913P00282000,282.0,0,0.0,0.0,,0.0,normalDay
2019-09-06,4399.0,108.0,0.0,0,298.05,0.0,1,1.15,0.07,SPY190913P00282000,282.0,0,0.0,0.0,,0.0,normalDay
2019-09-09,4399.0,111.0,0.0,0,298.2,0.0,1,1.15,0.04,SPY190913P00282000,282.0,0,0.0,0.0,,0.0,normalDay
2019-09-10,4399.0,112.0,0.0,0,298.13,0.0,1,1.15,0.03,SPY190913P00282000,282.0,0,0.0,0.0,,0.0,normalDay
2019-09-11,4399.0,113.0,0.0,0,300.25,0.0,1,1.15,0.02,SPY190913P00282000,282.0,0,0.0,0.0,,0.0,normalDay
2019-09-12,4399.0,114.0,0.0,0,301.29,0.0,1,1.15,0.01,SPY190913P00282000,282.0,0,0.0,0.0,,0.0,normalDay
2019-09-13,4514.0,0.0,115.0,0,301.09,0.0,1,1.15,0.0,SPY190913P00282000,282.0,0,0.0,0.0,,0.0,expirationDay
2019-09-16,4514.0,-3.0,0.0,0,300.16,0.0,1,0.21,0.24,SPY190927P00281000,281.0,0,0.0,0.0,,0.0,normalDay
2019-09-17,4514.0,0.0,0.0,0,300.92,0.0,1,0.21,0.21,SPY190927P00281000,281.0,0,0.0,0.0,,0.0,normalDay
2019-09-18,4514.0,3.0,0.0,0,301.1,0.0,1,0.21,0.18,SPY190927P00281000,281.0,0,0.0,0.0,,0.0,normalDay
2019-09-19,4514.0,7.0,0.0,0,301.08,0.0,1,0.21,0.14,SPY190927P00281000,281.0,0,0.0,0.0,,0.0,normalDay
2019-09-20,4514.0,8.0,0.0,0,298.28,0.0,1,0.21,0.13,SPY190927P00281000,281.0,0,0.0,0.0,,0.0,normalDay
2019-09-23,4514.0,17.0,0.0,0,298.21,0.0,1,0.21,0.04,SPY190927P00281000,281.0,0,0.0,0.0,,0.0,normalDay
2019-09-24,4514.0,12.0,0.0,0,295.87,0.0,1,0.21,0.09,SPY190927P00281000,281.0,0,0.0,0.0,,0.0,normalDay
2019-09-25,4514.0,18.0,0.0,0,297.62,0.0,1,0.21,0.03,SPY190927P00281000,281.0,0,0.0,0.0,,0.0,normalDay
2019-09-26,4514.0,20.0,0.0,0,297.0,0.0,1,0.21,0.01,SPY190927P00281000,281.0,0,0.0,0.0,,0.0,normalDay
2019-09-27,4535.0,0.0,21.0,0,295.4,0.0,1,0.21,0.0,SPY190927P00281000,281.0,0,0.0,0.0,,0.0,expirationDay
2019-09-30,4535.0,-3.0,0.0,0,296.77,0.0,1,1.25,1.28,SPY191011P00291000,291.0,0,0.0,0.0,,0.0,normalDay
2019-10-01,4535.0,-128.0,0.0,0,293.24,0.0,1,1.25,2.53,SPY191011P00291000,291.0,0,0.0,0.0,,0.0,normalDay
2019-10-02,4535.0,-411.0,0.0,0,288.06,0.0,1,1.25,5.36,SPY191011P00291000,291.0,0,0.0,0.0,,0.0,normalDay
2019-10-03,4535.0,-216.0,0.0,0,290.42,0.0,1,1.25,3.41,SPY191011P00291000,291.0,0,0.0,0.0,,0.0,normalDay
2019-10-04,4535.0,-20.0,0.0,0,294.35,0.0,1,1.25,1.45,SPY191011P00291000,291.0,0,0.0,0.0,,0.0,normalDay
2019-10-07,4535.0,-30.0,0.0,0,293.08,0.0,1,1.25,1.55,SPY191011P00291000,291.0,0,0.0,0.0,,0.0,normalDay
2019-10-08,4535.0,-241.0,0.0,0,288.53,0.0,1,1.25,3.66,SPY191011P00291000,291.0,0,0.0,0.0,,0.0,normalDay
2019-10-09,4535.0,-63.0,0.0,0,291.27,0.0,1,1.25,1.88,SPY191011P00291000,291.0,0,0.0,0.0,,0.0,normalDay
2019-10-10,4535.0,48.0,0.0,0,293.24,0.0,1,1.25,0.77,SPY191011P00291000,291.0,0,0.0,0.0,,0.0,normalDay
2019-10-11,4660.0,0.0,125.0,0,296.28,0.0,1,1.25,0.0,SPY191011P00291000,291.0,0,0.0,0.0,,0.0,expirationDay
2019-10-14,4660.0,-3.0,0.0,0,295.95,0.0,1,0.47,0.5,SPY191025P00285000,285.0,0,0.0,0.0,,0.0,normalDay
2019-10-15,4660.0,27.0,0.0,0,298.88,0.0,1,0.47,0.2,SPY191025P00285000,285.0,0,0.0,0.0,,0.0,normalDay
2019-10-16,4660.0,32.0,0.0,0,298.4,0.0,1,0.47,0.15,SPY191025P00285000,285.0,0,0.0,0.0,,0.0,normalDay
2019-10-17,4660.0,38.0,0.0,0,299.28,0.0,1,0.47,0.09,SPY191025P00285000,285.0,0,0.0,0.0,,0.0,normalDay
2019-10-18,4660.0,40.0,0.0,0,297.97,0.0,1,0.47,0.07,SPY191025P00285000,285.0,0,0.0,0.0,,0.0,normalDay
2019-10-21,4660.0,44.0,0.0,0,299.99,0.0,1,0.47,0.03,SPY191025P00285000,285.0,0,0.0,0.0,,0.0,normalDay
2019-10-22,4660.0,44.0,0.0,0,299.01,0.0,1,0.47,0.03,SPY191025P00285000,285.0,0,0.0,0.0,,0.0,normalDay
2019-10-23,4660.0,45.0,0.0,0,299.88,0.0,1,0.47,0.02,SPY191025P00285000,285.0,0,0.0,0.0,,0.0,normalDay
2019-10-24,4660.0,46.0,0.0,0,300.37,0.0,1,0.47,0.01,SPY191025P00285000,285.0,0,0.0,0.0,,0.0,normalDay
2019-10-25,4707.0,0.0,47.0,0,301.6,0.0,1,0.47,0.0,SPY191025P00285000,285.0,0,0.0,0.0,,0.0,expirationDay
2019-10-28,4707.0,-3.0,0.0,0,303.3,0.0,1,0.08,0.11,SPY191108P00285000,285.0,0,0.0,0.0,,0.0,normalDay
2019-10-29,4707.0,-2.0,0.0,0,303.21,0.0,1,0.08,0.1,SPY191108P00285000,285.0,0,0.0,0.0,,0.0,normalDay
2019-10-30,4707.0,1.0,0.0,0,304.14,0.0,1,0.08,0.07,SPY191108P00285000,285.0,0,0.0,0.0,,0.0,normalDay
2019-10-31,4707.0,1.0,0.0,0,303.33,0.0,1,0.08,0.07,SPY191108P00285000,285.0,0,0.0,0.0,,0.0,normalDay
2019-11-01,4707.0,5.0,0.0,0,306.14,0.0,1,0.08,0.03,SPY191108P00285000,285.0,0,0.0,0.0,,0.0,normalDay
2019-11-04,4707.0,6.0,0.0,0,307.37,0.0,1,0.08,0.02,SPY191108P00285000,285.0,0,0.0,0.0,,0.0,normalDay
2019-11-05,4707.0,6.0,0.0,0,307.03,0.0,1,0.08,0.02,SPY191108P00285000,285.0,0,0.0,0.0,,0.0,normalDay
2019-11-06,4707.0,7.0,0.0,0,307.1,0.0,1,0.08,0.01,SPY191108P00285000,285.0,0,0.0,0.0,,0.0,normalDay
2019-11-07,4707.0,7.0,0.0,0,308.18,0.0,1,0.08,0.01,SPY191108P00285000,285.0,0,0.0,0.0,,0.0,normalDay
2019-11-08,4715.0,0.0,8.0,0,308.94,0.0,1,0.08,0.0,SPY191108P00285000,285.0,0,0.0,0.0,,0.0,expirationDay
2019-11-11,4715.0,-3.0,0.0,0,308.35,0.0,1,0.1,0.13,SPY191122P00293000,293.0,0,0.0,0.0,,0.0,normalDay
2019-11-12,4715.0,-2.0,0.0,0,309.0,0.0,1,0.1,0.12,SPY191122P00293000,293.0,0,0.0,0.0,,0.0,normalDay
2019-11-13,4715.0,0.0,0.0,0,309.1,0.0,1,0.1,0.1,SPY191122P00293000,293.0,0,0.0,0.0,,0.0,normalDay
2019-11-14,4715.0,1.0,0.0,0,309.55,0.0,1,0.1,0.09,SPY191122P00293000,293.0,0,0.0,0.0,,0.0,normalDay
2019-11-15,4715.0,6.0,0.0,0,311.79,0.0,1,0.1,0.04,SPY191122P00293000,293.0,0,0.0,0.0,,0.0,normalDay
2019-11-18,4715.0,7.0,0.0,0,312.02,0.0,1,0.1,0.03,SPY191122P00293000,293.0,0,0.0,0.0,,0.0,normalDay
2019-11-19,4715.0,8.0,0.0,0,311.93,0.0,1,0.1,0.02,SPY191122P00293000,293.0,0,0.0,0.0,,0.0,normalDay
2019-11-20,4715.0,7.0,0.0,0,310.77,0.0,1,0.1,0.03,SPY191122P00293000,293.0,0,0.0,0.0,,0.0,normalDay
2019-11-21,4715.0,9.0,0.0,0,310.27,0.0,1,0.1,0.01,SPY191122P00293000,293.0,0,0.0,0.0,,0.0,normalDay
2019-11-22,4725.0,0.0,10.0,0,310.96,0.0,1,0.1,0.0,SPY191122P00293000,293.0,0,0.0,0.0,,0.0,expirationDay
2019-11-25,4725.0,-3.0,0.0,0,313.37,0.0,1,0.19,0.22,SPY191206P00301000,301.0,0,0.0,0.0,,0.0,normalDay
2019-11-26,4725.0,2.0,0.0,0,314.08,0.0,1,0.19,0.17,SPY191206P00301000,301.0,0,0.0,0.0,,0.0,normalDay
2019-11-27,4725.0,8.0,0.0,0,315.48,0.0,1,0.19,0.11,SPY191206P00301000,301.0,0,0.0,0.0,,0.0,normalDay
2019-11-29,4725.0,5.0,0.0,0,314.31,0.0,1,0.19,0.14,SPY191206P00301000,301.0,0,0.0,0.0,,0.0,normalDay
2019-12-02,4725.0,-1.0,0.0,0,311.64,0.0,1,0.19,0.2,SPY191206P00301000,301.0,0,0.0,0.0,,0.0,normalDay
2019-12-03,4725.0,-2.0,0.0,0,309.55,0.0,1,0.19,0.21,SPY191206P00301000,301.0,0,0.0,0.0,,0.0,normalDay
2019-12-04,4725.0,14.0,0.0,0,311.46,0.0,1,0.19,0.05,SPY191206P00301000,301.0,0,0.0,0.0,,0.0,normalDay
2019-12-05,4725.0,17.0,0.0,0,312.02,0.0,1,0.19,0.02,SPY191206P00301000,301.0,0,0.0,0.0,,0.0,normalDay
2019-12-06,4744.0,0.0,19.0,0,314.87,0.0,1,0.19,0.0,SPY191206P00301000,301.0,0,0.0,0.0,,0.0,expirationDay
2019-12-09,4744.0,-4.0,0.0,0,313.88,0.0,1,1.5,1.54,SPY191220P00306500,306.5,0,0.0,0.0,,0.0,normalDay
2019-12-10,4744.0,17.0,0.0,0,313.53,0.0,1,1.5,1.33,SPY191220P00306500,306.5,0,0.0,0.0,,0.0,normalDay
2019-12-11,4744.0,50.0,0.0,0,314.42,0.0,1,1.5,1.0,SPY191220P00306500,306.5,0,0.0,0.0,,0.0,normalDay
2019-12-12,4744.0,92.0,0.0,0,317.13,0.0,1,1.5,0.58,SPY191220P00306500,306.5,0,0.0,0.0,,0.0,normalDay
2019-12-13,4744.0,115.0,0.0,0,317.32,0.0,1,1.5,0.35,SPY191220P00306500,306.5,0,0.0,0.0,,0.0,normalDay
2019-12-16,4744.0,137.0,0.0,0,319.5,0.0,1,1.5,0.13,SPY191220P00306500,306.5,0,0.0,0.0,,0.0,normalDay
2019-12-17,4744.0,143.0,0.0,0,319.57,0.0,1,1.5,0.07,SPY191220P00306500,306.5,0,0.0,0.0,,0.0,normalDay
2019-12-18,4744.0,145.0,0.0,0,319.59,0.0,1,1.5,0.05,SPY191220P00306500,306.5,0,0.0,0.0,,0.0,normalDay
2019-12-19,4744.0,146.0,0.0,0,320.9,0.0,1,1.5,0.04,SPY191220P00306500,306.5,0,0.0,0.0,,0.0,normalDay
2019-12-20,4894.0,0.0,150.0,0,320.73,0.0,1,1.5,0.0,SPY191220P00306500,306.5,0,0.0,0.0,,0.0,expirationDay
2019-12-23,4894.0,-3.0,0.0,0,321.22,0.0,1,0.17,0.2,SPY200103P00306500,306.5,0,0.0,0.0,,0.0,normalDay
2019-12-24,4894.0,1.0,0.0,0,321.23,0.0,1,0.17,0.16,SPY200103P00306500,306.5,0,0.0,0.0,,0.0,normalDay
2019-12-26,4894.0,8.0,0.0,0,322.94,0.0,1,0.17,0.09,SPY200103P00306500,306.5,0,0.0,0.0,,0.0,normalDay
2019-12-27,4894.0,10.0,0.0,0,322.86,0.0,1,0.17,0.07,SPY200103P00306500,306.5,0,0.0,0.0,,0.0,normalDay
2019-12-30,4894.0,10.0,0.0,0,321.08,0.0,1,0.17,0.07,SPY200103P00306500,306.5,0,0.0,0.0,,0.0,normalDay
2019-12-31,4894.0,9.0,0.0,0,321.86,0.0,1,0.17,0.08,SPY200103P00306500,306.5,0,0.0,0.0,,0.0,normalDay
2020-01-02,4894.0,16.0,0.0,0,324.87,0.0,1,0.17,0.01,SPY200103P00306500,306.5,0,0.0,0.0,,0.0,normalDay
2020-01-03,4911.0,0.0,17.0,0,322.41,0.0,1,0.17,0.0,SPY200103P00306500,306.5,0,0.0,0.0,,0.0,expirationDay
2020-01-06,4911.0,-3.0,0.0,0,323.64,0.0,1,0.32,0.35,SPY200117P00311000,311.0,0,0.0,0.0,,0.0,normalDay
2020-01-07,4911.0,-5.0,0.0,0,322.73,0.0,1,0.32,0.37,SPY200117P00311000,311.0,0,0.0,0.0,,0.0,normalDay
2020-01-08,4911.0,7.0,0.0,0,324.45,0.0,1,0.32,0.25,SPY200117P00311000,311.0,0,0.0,0.0,,0.0,normalDay
2020-01-09,4911.0,19.0,0.0,0,326.65,0.0,1,0.32,0.13,SPY200117P00311000,311.0,0,0.0,0.0,,0.0,normalDay
2020-01-10,4911.0,24.0,0.0,0,325.71,0.0,1,0.32,0.08,SPY200117P00311000,311.0,0,0.0,0.0,,0.0,normalDay
2020-01-13,4911.0,28.0,0.0,0,327.95,0.0,1,0.32,0.04,SPY200117P00311000,311.0,0,0.0,0.0,,0.0,normalDay
2020-01-14,4911.0,29.0,0.0,0,327.45,0.0,1,0.32,0.03,SPY200117P00311000,311.0,0,0.0,0.0,,0.0,normalDay
2020-01-15,4911.0,29.0,0.0,0,328.19,0.0,1,0.32,0.03,SPY200117P00311000,311.0,0,0.0,0.0,,0.0,normalDay
2020-01-16,4911.0,31.0,0.0,0,330.92,0.0,1,0.32,0.01,SPY200117P00311000,311.0,0,0.0,0.0,,0.0,normalDay
2020-01-17,4943.0,0.0,32.0,0,331.95,0.0,1,0.32,0.0,SPY200117P00311000,311.0,0,0.0,0.0,,0.0,expirationDay
2020-01-21,4943.0,-3.0,0.0,0,331.3,0.0,1,0.16,0.19,SPY200131P00315500,315.5,0,0.0,0.0,,0.0,normalDay
2020-01-22,4943.0,3.0,0.0,0,331.34,0.0,1,0.16,0.13,SPY200131P00315500,315.5,0,0.0,0.0,,0.0,normalDay
2020-01-23,4943.0,5.0,0.0,0,331.72,0.0,1,0.16,0.11,SPY200131P00315500,315.5,0,0.0,0.0,,0.0,normalDay
2020-01-24,4943.0,-9.0,0.0,0,328.77,0.0,1,0.16,0.25,SPY200131P00315500,315.5,0,0.0,0.0,,0.0,normalDay
2020-01-27,4943.0,-70.0,0.0,0,323.5,0.0,1,0.16,0.86,SPY200131P00315500,315.5,0,0.0,0.0,,0.0,normalDay
2020-01-28,4943.0,-3.0,0.0,0,326.89,0.0,1,0.16,0.19,SPY200131P00315500,315.5,0,0.0,0.0,,0.0,normalDay
2020-01-29,4943.0,8.0,0.0,0,326.62,0.0,1,0.16,0.08,SPY200131P00315500,315.5,0,0.0,0.0,,0.0,normalDay
2020-01-30,4943.0,13.0,0.0,0,327.68,0.0,1,0.16,0.03,SPY200131P00315500,315.5,0,0.0,0.0,,0.0,normalDay
2020-01-31,4959.0,0.0,16.0,0,321.73,0.0,1,0.16,0.0,SPY200131P00315500,315.5,0,0.0,0.0,,0.0,expirationDay
2020-02-03,4959.0,-4.0,0.0,0,324.12,0.0,1,2.32,2.36,SPY200214P00319000,319.0,0,0.0,0.0,,0.0,normalDay
2020-02-04,4959.0,151.0,0.0,0,329.06,0.0,1,2.32,0.81,SPY200214P00319000,319.0,0,0.0,0.0,,0.0,normalDay
2020-02-05,4959.0,202.0,0.0,0,332.86,0.0,1,2.32,0.3,SPY200214P00319000,319.0,0,0.0,0.0,,0.0,normalDay
2020-02-06,4959.0,210.0,0.0,0,333.98,0.0,1,2.32,0.22,SPY200214P00319000,319.0,0,0.0,0.0,,0.0,normalDay
2020-02-07,4959.0,210.0,0.0,0,332.2,0.0,1,2.32,0.22,SPY200214P00319000,319.0,0,0.0,0.0,,0.0,normalDay
2020-02-10,4959.0,226.0,0.0,0,334.68,0.0,1,2.32,0.06,SPY200214P00319000,319.0,0,0.0,0.0,,0.0,normalDay
2020-02-11,4959.0,228.0,0.0,0,335.26,0.0,1,2.32,0.04,SPY200214P00319000,319.0,0,0.0,0.0,,0.0,normalDay
2020-02-12,4959.0,230.0,0.0,0,337.42,0.0,1,2.32,0.02,SPY200214P00319000,319.0,0,0.0,0.0,,0.0,normalDay
2020-02-13,4959.0,231.0,0.0,0,337.06,0.0,1,2.32,0.01,SPY200214P00319000,319.0,0,0.0,0.0,,0.0,normalDay
2020-02-14,5191.0,0.0,232.0,0,337.6,0.0,1,2.32,0.0,SPY200214P00319000,319.0,0,0.0,0.0,,0.0,expirationDay
2020-02-18,5191.0,-3.0,0.0,0,336.73,0.0,1,0.17,0.2,SPY200228P00318000,318.0,0,0.0,0.0,,0.0,normalDay
2020-02-19,5191.0,5.0,0.0,0,338.34,0.0,1,0.17,0.12,SPY200228P00318000,318.0,0,0.0,0.0,,0.0,normalDay
2020-02-20,5191.0,4.0,0.0,0,336.95,0.0,1,0.17,0.13,SPY200228P00318000,318.0,0,0.0,0.0,,0.0,normalDay
2020-02-21,5191.0,1.0,0.0,0,333.48,0.0,1,0.17,0.16,SPY200228P00318000,318.0,0,0.0,0.0,,0.0,normalDay
2020-02-24,5191.0,-273.0,0.0,0,322.42,0.0,1,0.17,2.9,SPY200228P00318000,318.0,0,0.0,0.0,,0.0,normalDay
2020-02-25,5191.0,-660.0,0.0,0,312.65,0.0,1,0.17,6.77,SPY200228P00318000,318.0,0,0.0,0.0,,0.0,normalDay
2020-02-26,5191.0,-743.0,0.0,0,311.5,0.0,1,0.17,7.6,SPY200228P00318000,318.0,0,0.0,0.0,,0.0,normalDay
2020-02-27,5191.0,-2064.0,0.0,0,297.51,0.0,1,0.17,20.81,SPY200228P00318000,318.0,0,0.0,0.0,,0.0,normalDay
2020-02-28,5208.0,-2174.0,17.0,100,296.26,318.0,1,0.17,0.0,SPY200228P00318000,318.0,0,0.0,0.0,,0.0,expirationDay
2020-03-02,5208.0,-895.0,0.0,100,309.09,318.0,0,0.0,0.0,,0.0,1,0.05,0.09,SPY200417C00356000,356.0,normalDay
2020-03-03,5208.0,-1780.0,0.0,100,300.24,318.0,0,0.0,0.0,,0.0,1,0.05,0.09,SPY200417C00356000,356.0,normalDay
2020-03-04,5208.0,-526.0,0.0,100,312.86,318.0,0,0.0,0.0,,0.0,1,0.05,0.17,SPY200417C00356000,356.0,normalDay
2020-03-05,5208.0,-1559.0,0.0,100,302.46,318.0,0,0.0,0.0,,0.0,1,0.05,0.1,SPY200417C00356000,356.0,normalDay
2020-03-06,5208.0,-2058.0,0.0,100,297.46,318.0,0,0.0,0.0,,0.0,1,0.05,0.09,SPY200417C00356000,356.0,normalDay
2020-03-09,5208.0,-4382.0,0.0,100,274.23,318.0,0,0.0,0.0,,0.0,1,0.05,0.1,SPY200417C00356000,356.0,normalDay
2020-03-10,5208.0,-2960.0,0.0,100,288.42,318.0,0,0.0,0.0,,0.0,1,0.05,0.07,SPY200417C00356000,356.0,normalDay
2020-03-11,5208.0,-4364.0,0.0,100,274.36,318.0,0,0.0,0.0,,0.0,1,0.05,0.05,SPY200417C00356000,356.0,normalDay
2020-03-12,5208.0,-6991.0,0.0,100,248.11,318.0,0,0.0,0.0,,0.0,1,0.05,0.07,SPY200417C00356000,356.0,normalDay
2020-03-13,5208.0,-4870.0,0.0,100,269.32,318.0,0,0.0,0.0,,0.0,1,0.05,0.07,SPY200417C00356000,356.0,normalDay
2020-03-16,5208.0,-7816.0,0.0,100,239.85,318.0,0,0.0,0.0,,0.0,1,0.05,0.06,SPY200417C00356000,356.0,normalDay
2020-03-17,5208.0,-6520.0,0.0,100,252.8,318.0,0,0.0,0.0,,0.0,1,0.05,0.05,SPY200417C00356000,356.0,normalDay
2020-03-18,5208.0,-7800.0,0.0,100,240.0,318.0,0,0.0,0.0,,0.0,1,0.05,0.05,SPY200417C00356000,356.0,normalDay
2020-03-19,5208.0,-7748.0,0.0,100,240.51,318.0,0,0.0,0.0,,0.0,1,0.05,0.04,SPY200417C00356000,356.0,normalDay
2020-03-20,5208.0,-8918.0,0.0,100,228.8,318.0,0,0.0,0.0,,0.0,1,0.05,0.03,SPY200417C00356000,356.0,normalDay
2020-03-23,5208.0,-9502.0,0.0,100,222.95,318.0,0,0.0,0.0,,0.0,1,0.05,0.02,SPY200417C00356000,356.0,normalDay
2020-03-24,5208.0,-7485.0,0.0,100,243.15,318.0,0,0.0,0.0,,0.0,1,0.05,0.05,SPY200417C00356000,356.0,normalDay
2020-03-25,5208.0,-7120.0,0.0,100,246.79,318.0,0,0.0,0.0,,0.0,1,0.05,0.04,SPY200417C00356000,356.0,normalDay
2020-03-26,5208.0,-5678.0,0.0,100,261.2,318.0,0,0.0,0.0,,0.0,1,0.05,0.03,SPY200417C00356000,356.0,normalDay
2020-03-27,5208.0,-6456.0,0.0,100,253.42,318.0,0,0.0,0.0,,0.0,1,0.05,0.03,SPY200417C00356000,356.0,normalDay
2020-03-30,5208.0,-5633.0,0.0,100,261.65,318.0,0,0.0,0.0,,0.0,1,0.05,0.03,SPY200417C00356000,356.0,normalDay
2020-03-31,5208.0,-6021.0,0.0,100,257.75,318.0,0,0.0,0.0,,0.0,1,0.05,0.01,SPY200417C00356000,356.0,normalDay
2020-04-01,5208.0,-7181.0,0.0,100,246.15,318.0,0,0.0,0.0,,0.0,1,0.05,0.01,SPY200417C00356000,356.0,normalDay
2020-04-02,5208.0,-6613.0,0.0,100,251.83,318.0,0,0.0,0.0,,0.0,1,0.05,0.01,SPY200417C00356000,356.0,normalDay
2020-04-03,5208.0,-6977.0,0.0,100,248.19,318.0,0,0.0,0.0,,0.0,1,0.05,0.01,SPY200417C00356000,356.0,normalDay
2020-04-06,5208.0,-5310.0,0.0,100,264.86,318.0,0,0.0,0.0,,0.0,1,0.05,0.01,SPY200417C00356000,356.0,normalDay
2020-04-07,5208.0,-5283.0,0.0,100,265.13,318.0,0,0.0,0.0,,0.0,1,0.05,0.01,SPY200417C00356000,356.0,normalDay
2020-04-08,5208.0,-4393.0,0.0,100,274.03,318.0,0,0.0,0.0,,0.0,1,0.05,0.01,SPY200417C00356000,356.0,normalDay
2020-04-09,5208.0,-3976.0,0.0,100,278.2,318.0,0,0.0,0.0,,0.0,1,0.05,0.01,SPY200417C00356000,356.0,normalDay
2020-04-13,5208.0,-4230.0,0.0,100,275.66,318.0,0,0.0,0.0,,0.0,1,0.05,0.01,SPY200417C00356000,356.0,normalDay
2020-04-14,5208.0,-3417.0,0.0,100,283.79,318.0,0,0.0,0.0,,0.0,1,0.05,0.01,SPY200417C00356000,356.0,normalDay
2020-04-15,5208.0,-4020.0,0.0,100,277.76,318.0,0,0.0,0.0,,0.0,1,0.05,0.01,SPY200417C00356000,356.0,normalDay
2020-04-16,5208.0,-3886.0,0.0,100,279.1,318.0,0,0.0,0.0,,0.0,1,0.05,0.01,SPY200417C00356000,356.0,normalDay
2020-04-17,5213.0,-3136.0,5.0,100,286.64,318.0,0,0.0,0.0,,0.0,1,0.05,0.0,SPY200417C00356000,356.0,expirationDay
2020-04-20,5213.0,-3650.0,0.0,100,281.59,318.0,0,0.0,0.0,,0.0,1,4.3,4.39,SPY200529C00300000,300.0,normalDay
2020-04-21,5213.0,-4311.0,0.0,100,273.04,318.0,0,0.0,0.0,,0.0,1,4.3,2.45,SPY200529C00300000,300.0,normalDay
2020-04-22,5213.0,-3751.0,0.0,100,279.1,318.0,0,0.0,0.0,,0.0,1,4.3,2.91,SPY200529C00300000,300.0,normalDay
2020-04-23,5213.0,-3730.0,0.0,100,279.08,318.0,0,0.0,0.0,,0.0,1,4.3,2.68,SPY200529C00300000,300.0,normalDay
2020-04-24,5213.0,-3360.0,0.0,100,282.97,318.0,0,0.0,0.0,,0.0,1,4.3,2.87,SPY200529C00300000,300.0,normalDay
2020-04-27,5213.0,-2988.0,0.0,100,287.05,318.0,0,0.0,0.0,,0.0,1,4.3,3.23,SPY200529C00300000,300.0,normalDay
2020-04-28,5213.0,-3080.0,0.0,100,285.73,318.0,0,0.0,0.0,,0.0,1,4.3,2.83,SPY200529C00300000,300.0,normalDay
2020-04-29,5213.0,-2555.0,0.0,100,293.21,318.0,0,0.0,0.0,,0.0,1,4.3,5.06,SPY200529C00300000,300.0,normalDay
2020-04-30,5213.0,-2719.0,0.0,100,290.48,318.0,0,0.0,0.0,,0.0,1,4.3,3.97,SPY200529C00300000,300.0,normalDay
2020-05-01,5213.0,-3285.0,0.0,100,282.79,318.0,0,0.0,0.0,,0.0,1,4.3,1.94,SPY200529C00300000,300.0,normalDay
2020-05-04,5213.0,-3176.0,0.0,100,283.57,318.0,0,0.0,0.0,,0.0,1,4.3,1.63,SPY200529C00300000,300.0,normalDay
2020-05-05,5213.0,-2944.0,0.0,100,286.19,318.0,0,0.0,0.0,,0.0,1,4.3,1.93,SPY200529C00300000,300.0,normalDay
2020-05-06,5213.0,-3083.0,0.0,100,284.25,318.0,0,0.0,0.0,,0.0,1,4.3,1.38,SPY200529C00300000,300.0,normalDay
2020-05-07,5213.0,-2793.0,0.0,100,287.68,318.0,0,0.0,0.0,,0.0,1,4.3,1.91,SPY200529C00300000,300.0,normalDay
2020-05-08,5213.0,-2395.0,0.0,100,292.44,318.0,0,0.0,0.0,,0.0,1,4.3,2.69,SPY200529C00300000,300.0,normalDay
2020-05-11,5213.0,-2331.0,0.0,100,292.5,318.0,0,0.0,0.0,,0.0,1,4.3,2.11,SPY200529C00300000,300.0,normalDay
2020-05-12,5213.0,-2819.0,0.0,100,286.67,318.0,0,0.0,0.0,,0.0,1,4.3,1.16,SPY200529C00300000,300.0,normalDay
2020-05-13,5213.0,-3270.0,0.0,100,281.6,318.0,0,0.0,0.0,,0.0,1,4.3,0.6,SPY200529C00300000,300.0,normalDay
2020-05-14,5213.0,-2946.0,0.0,100,284.97,318.0,0,0.0,0.0,,0.0,1,4.3,0.73,SPY200529C00300000,300.0,normalDay
2020-05-15,5213.0,-2797.0,0.0,100,286.28,318.0,0,0.0,0.0,,0.0,1,4.3,0.55,SPY200529C00300000,300.0,normalDay
2020-05-18,5213.0,-2114.0,0.0,100,295.0,318.0,0,0.0,0.0,,0.0,1,4.3,2.44,SPY200529C00300000,300.0,normalDay
2020-05-19,5213.0,-2331.0,0.0,100,291.97,318.0,0,0.0,0.0,,0.0,1,4.3,1.58,SPY200529C00300000,300.0,normalDay
2020-05-20,5213.0,-1960.0,0.0,100,296.93,318.0,0,0.0,0.0,,0.0,1,4.3,2.83,SPY200529C00300000,300.0,normalDay
2020-05-21,5213.0,-2047.0,0.0,100,294.88,318.0,0,0.0,0.0,,0.0,1,4.3,1.65,SPY200529C00300000,300.0,normalDay
2020-05-22,5213.0,-1963.0,0.0,100,295.44,318.0,0,0.0,0.0,,0.0,1,4.3,1.37,SPY200529C00300000,300.0,normalDay
2020-05-26,5213.0,-1679.0,0.0,100,299.08,318.0,0,0.0,0.0,,0.0,1,4.3,2.17,SPY200529C00300000,300.0,normalDay
2020-05-27,5213.0,-1483.0,0.0,100,303.53,318.0,0,0.0,0.0,,0.0,1,4.3,4.66,SPY200529C00300000,300.0,normalDay
2020-05-28,5213.0,-1515.0,0.0,100,302.97,318.0,0,0.0,0.0,,0.0,1,4.3,4.42,SPY200529C00300000,300.0,normalDay
2020-05-29,3843.0,-1515.0,-1370.0,0,304.32,0.0,0,0.0,0.0,,0.0,1,4.3,0.0,SPY200529C00300000,300.0,expirationDay
2020-06-01,3843.0,-3.0,0.0,0,305.55,0.0,1,0.37,0.4,SPY200612P00273000,273.0,0,0.0,0.0,,0.0,normalDay
2020-06-02,3843.0,12.0,0.0,0,308.08,0.0,1,0.37,0.25,SPY200612P00273000,273.0,0,0.0,0.0,,0.0,normalDay
2020-06-03,3843.0,23.0,0.0,0,312.18,0.0,1,0.37,0.14,SPY200612P00273000,273.0,0,0.0,0.0,,0.0,normalDay
2020-06-04,3843.0,25.0,0.0,0,311.36,0.0,1,0.37,0.12,SPY200612P00273000,273.0,0,0.0,0.0,,0.0,normalDay
2020-06-05,3843.0,31.0,0.0,0,319.34,0.0,1,0.37,0.06,SPY200612P00273000,273.0,0,0.0,0.0,,0.0,normalDay
2020-06-08,3843.0,34.0,0.0,0,323.2,0.0,1,0.37,0.03,SPY200612P00273000,273.0,0,0.0,0.0,,0.0,normalDay
2020-06-09,3843.0,34.0,0.0,0,320.79,0.0,1,0.37,0.03,SPY200612P00273000,273.0,0,0.0,0.0,,0.0,normalDay
2020-06-10,3843.0,35.0,0.0,0,319.0,0.0,1,0.37,0.02,SPY200612P00273000,273.0,0,0.0,0.0,,0.0,normalDay
2020-06-11,3843.0,28.0,0.0,0,300.61,0.0,1,0.37,0.09,SPY200612P00273000,273.0,0,0.0,0.0,,0.0,normalDay
2020-06-12,3880.0,0.0,37.0,0,304.21,0.0,1,0.37,0.0,SPY200612P00273000,273.0,0,0.0,0.0,,0.0,expirationDay
2020-06-15,3880.0,-4.0,0.0,0,307.05,0.0,1,1.34,1.38,SPY200626P00281000,281.0,0,0.0,0.0,,0.0,normalDay
2020-06-16,3880.0,46.0,0.0,0,312.96,0.0,1,1.34,0.88,SPY200626P00281000,281.0,0,0.0,0.0,,0.0,normalDay
2020-06-17,3880.0,64.0,0.0,0,311.66,0.0,1,1.34,0.7,SPY200626P00281000,281.0,0,0.0,0.0,,0.0,normalDay
2020-06-18,3880.0,91.0,0.0,0,311.78,0.0,1,1.34,0.43,SPY200626P00281000,281.0,0,0.0,0.0,,0.0,normalDay
2020-06-19,3880.0,92.0,0.0,0,308.64,0.0,1,1.34,0.42,SPY200626P00281000,281.0,0,0.0,0.0,,0.0,normalDay
2020-06-22,3880.0,125.0,0.0,0,310.62,0.0,1,1.34,0.09,SPY200626P00281000,281.0,0,0.0,0.0,,0.0,normalDay
2020-06-23,3880.0,130.0,0.0,0,312.05,0.0,1,1.34,0.04,SPY200626P00281000,281.0,0,0.0,0.0,,0.0,normalDay
2020-06-24,3880.0,128.0,0.0,0,304.09,0.0,1,1.34,0.06,SPY200626P00281000,281.0,0,0.0,0.0,,0.0,normalDay
2020-06-25,3880.0,132.0,0.0,0,307.35,0.0,1,1.34,0.02,SPY200626P00281000,281.0,0,0.0,0.0,,0.0,normalDay
2020-06-26,4014.0,0.0,134.0,0,300.05,0.0,1,1.34,0.0,SPY200626P00281000,281.0,0,0.0,0.0,,0.0,expirationDay
2020-06-29,4014.0,-5.0,0.0,0,304.46,0.0,1,2.55,2.6,SPY200710P00294000,294.0,0,0.0,0.0,,0.0,normalDay
2020-06-30,4014.0,97.0,0.0,0,308.36,0.0,1,2.55,1.58,SPY200710P00294000,294.0,0,0.0,0.0,,0.0,normalDay
2020-07-01,4014.0,168.0,0.0,0,310.52,0.0,1,2.55,0.87,SPY200710P00294000,294.0,0,0.0,0.0,,0.0,normalDay
2020-07-02,4014.0,214.0,0.0,0,312.23,0.0,1,2.55,0.41,SPY200710P00294000,294.0,0,0.0,0.0,,0.0,normalDay
2020-07-06,4014.0,244.0,0.0,0,317.05,0.0,1,2.55,0.11,SPY200710P00294000,294.0,0,0.0,0.0,,0.0,normalDay
2020-07-07,4014.0,245.0,0.0,0,313.78,0.0,1,2.55,0.1,SPY200710P00294000,294.0,0,0.0,0.0,,0.0,normalDay
2020-07-08,4014.0,253.0,0.0,0,316.18,0.0,1,2.55,0.02,SPY200710P00294000,294.0,0,0.0,0.0,,0.0,normalDay
2020-07-09,4014.0,253.0,0.0,0,314.38,0.0,1,2.55,0.02,SPY200710P00294000,294.0,0,0.0,0.0,,0.0,normalDay
2020-07-10,4269.0,0.0,255.0,0,317.59,0.0,1,2.55,0.0,SPY200710P00294000,294.0,0,0.0,0.0,,0.0,expirationDay
2020-07-13,4269.0,-4.0,0.0,0,314.84,0.0,1,1.95,1.99,SPY200724P00299000,299.0,0,0.0,0.0,,0.0,normalDay
2020-07-14,4269.0,86.0,0.0,0,318.92,0.0,1,1.95,1.09,SPY200724P00299000,299.0,0,0.0,0.0,,0.0,normalDay
2020-07-15,4269.0,140.0,0.0,0,321.85,0.0,1,1.95,0.55,SPY200724P00299000,299.0,0,0.0,0.0,,0.0,normalDay
2020-07-16,4269.0,138.0,0.0,0,320.79,0.0,1,1.95,0.57,SPY200724P00299000,299.0,0,0.0,0.0,,0.0,normalDay
2020-07-17,4269.0,176.0,0.0,0,321.72,0.0,1,1.95,0.19,SPY200724P00299000,299.0,0,0.0,0.0,,0.0,normalDay
2020-07-20,4269.0,191.0,0.0,0,324.32,0.0,1,1.95,0.04,SPY200724P00299000,299.0,0,0.0,0.0,,0.0,normalDay
2020-07-21,4269.0,192.0,0.0,0,325.01,0.0,1,1.95,0.03,SPY200724P00299000,299.0,0,0.0,0.0,,0.0,normalDay
2020-07-22,4269.0,193.0,0.0,0,326.86,0.0,1,1.95,0.02,SPY200724P00299000,299.0,0,0.0,0.0,,0.0,normalDay
2020-07-23,4269.0,194.0,0.0,0,322.96,0.0,1,1.95,0.01,SPY200724P00299000,299.0,0,0.0,0.0,,0.0,normalDay
2020-07-24,4464.0,0.0,195.0,0,320.88,0.0,1,1.95,0.0,SPY200724P00299000,299.0,0,0.0,0.0,,0.0,expirationDay
2020-07-27,4464.0,-3.0,0.0,0,323.22,0.0,1,0.62,0.65,SPY200807P00302000,302.0,0,0.0,0.0,,0.0,normalDay
2020-07-28,4464.0,-15.0,0.0,0,321.17,0.0,1,0.62,0.77,SPY200807P00302000,302.0,0,0.0,0.0,,0.0,normalDay
2020-07-29,4464.0,24.0,0.0,0,325.12,0.0,1,0.62,0.38,SPY200807P00302000,302.0,0,0.0,0.0,,0.0,normalDay
2020-07-30,4464.0,23.0,0.0,0,323.96,0.0,1,0.62,0.39,SPY200807P00302000,302.0,0,0.0,0.0,,0.0,normalDay
2020-07-31,4464.0,48.0,0.0,0,326.52,0.0,1,0.62,0.14,SPY200807P00302000,302.0,0,0.0,0.0,,0.0,normalDay
2020-08-03,4464.0,57.0,0.0,0,328.79,0.0,1,0.62,0.05,SPY200807P00302000,302.0,0,0.0,0.0,,0.0,normalDay
2020-08-04,4464.0,59.0,0.0,0,330.06,0.0,1,0.62,0.03,SPY200807P00302000,302.0,0,0.0,0.0,,0.0,normalDay
2020-08-05,4464.0,60.0,0.0,0,332.11,0.0,1,0.62,0.02,SPY200807P00302000,302.0,0,0.0,0.0,,0.0,normalDay
2020-08-06,4464.0,61.0,0.0,0,334.33,0.0,1,0.62,0.01,SPY200807P00302000,302.0,0,0.0,0.0,,0.0,normalDay
2020-08-07,4526.0,0.0,62.0,0,334.57,0.0,1,0.62,0.0,SPY200807P00302000,302.0,0,0.0,0.0,,0.0,expirationDay
2020-08-10,4526.0,-3.0,0.0,0,335.57,0.0,1,0.46,0.49,SPY200821P00313000,313.0,0,0.0,0.0,,0.0,normalDay
2020-08-11,4526.0,-36.0,0.0,0,332.8,0.0,1,0.46,0.82,SPY200821P00313000,313.0,0,0.0,0.0,,0.0,normalDay
2020-08-12,4526.0,16.0,0.0,0,337.44,0.0,1,0.46,0.3,SPY200821P00313000,313.0,0,0.0,0.0,,0.0,normalDay
2020-08-13,4526.0,21.0,0.0,0,336.83,0.0,1,0.46,0.25,SPY200821P00313000,313.0,0,0.0,0.0,,0.0,normalDay
2020-08-14,4526.0,32.0,0.0,0,336.84,0.0,1,0.46,0.14,SPY200821P00313000,313.0,0,0.0,0.0,,0.0,normalDay
2020-08-17,4526.0,40.0,0.0,0,337.91,0.0,1,0.46,0.06,SPY200821P00313000,313.0,0,0.0,0.0,,0.0,normalDay
2020-08-18,4526.0,41.0,0.0,0,338.64,0.0,1,0.46,0.05,SPY200821P00313000,313.0,0,0.0,0.0,,0.0,normalDay
2020-08-19,4526.0,39.0,0.0,0,337.23,0.0,1,0.46,0.07,SPY200821P00313000,313.0,0,0.0,0.0,,0.0,normalDay
2020-08-20,4526.0,43.0,0.0,0,338.28,0.0,1,0.46,0.03,SPY200821P00313000,313.0,0,0.0,0.0,,0.0,normalDay
2020-08-21,4572.0,0.0,46.0,0,339.48,0.0,1,0.46,0.0,SPY200821P00313000,313.0,0,0.0,0.0,,0.0,expirationDay
2020-08-24,4572.0,-3.0,0.0,0,342.92,0.0,1,0.42,0.45,SPY200904P00318000,318.0,0,0.0,0.0,,0.0,normalDay
2020-08-25,4572.0,10.0,0.0,0,344.12,0.0,1,0.42,0.32,SPY200904P00318000,318.0,0,0.0,0.0,,0.0,normalDay
2020-08-26,4572.0,17.0,0.0,0,347.57,0.0,1,0.42,0.25,SPY200904P00318000,318.0,0,0.0,0.0,,0.0,normalDay
2020-08-27,4572.0,23.0,0.0,0,348.33,0.0,1,0.42,0.19,SPY200904P00318000,318.0,0,0.0,0.0,,0.0,normalDay
2020-08-28,4572.0,35.0,0.0,0,350.58,0.0,1,0.42,0.07,SPY200904P00318000,318.0,0,0.0,0.0,,0.0,normalDay
2020-08-31,4572.0,34.0,0.0,0,349.31,0.0,1,0.42,0.08,SPY200904P00318000,318.0,0,0.0,0.0,,0.0,normalDay
2020-09-01,4572.0,39.0,0.0,0,352.6,0.0,1,0.42,0.03,SPY200904P00318000,318.0,0,0.0,0.0,,0.0,normalDay
2020-09-02,4572.0,39.0,0.0,0,357.7,0.0,1,0.42,0.03,SPY200904P00318000,318.0,0,0.0,0.0,,0.0,normalDay
2020-09-03,4572.0,35.0,0.0,0,345.39,0.0,1,0.42,0.07,SPY200904P00318000,318.0,0,0.0,0.0,,0.0,normalDay
2020-09-04,4614.0,0.0,42.0,0,342.57,0.0,1,0.42,0.0,SPY200904P00318000,318.0,0,0.0,0.0,,0.0,expirationDay
2020-09-08,4614.0,-6.0,0.0,0,333.21,0.0,1,3.97,4.03,SPY200918P00325000,325.0,0,0.0,0.0,,0.0,normalDay
2020-09-09,4614.0,195.0,0.0,0,339.79,0.0,1,3.97,2.02,SPY200918P00325000,325.0,0,0.0,0.0,,0.0,normalDay
2020-09-10,4614.0,107.0,0.0,0,333.89,0.0,1,3.97,2.9,SPY200918P00325000,325.0,0,0.0,0.0,,0.0,normalDay
2020-09-11,4614.0,169.0,0.0,0,334.06,0.0,1,3.97,2.28,SPY200918P00325000,325.0,0,0.0,0.0,,0.0,normalDay
2020-09-14,4614.0,335.0,0.0,0,338.46,0.0,1,3.97,0.62,SPY200918P00325000,325.0,0,0.0,0.0,,0.0,normalDay
2020-09-15,4614.0,368.0,0.0,0,340.17,0.0,1,3.97,0.29,SPY200918P00325000,325.0,0,0.0,0.0,,0.0,normalDay
2020-09-16,4614.0,372.0,0.0,0,338.82,0.0,1,3.97,0.25,SPY200918P00325000,325.0,0,0.0,0.0,,0.0,normalDay
2020-09-17,4614.0,374.0,0.0,0,335.84,0.0,1,3.97,0.23,SPY200918P00325000,325.0,0,0.0,0.0,,0.0,normalDay
2020-09-18,5011.0,0.0,397.0,0,330.65,0.0,1,3.97,0.0,SPY200918P00325000,325.0,0,0.0,0.0,,0.0,expirationDay
2020-09-21,5011.0,-6.0,0.0,0,326.97,0.0,1,3.42,3.48,SPY201002P00321000,321.0,0,0.0,0.0,,0.0,normalDay
2020-09-22,5011.0,110.0,0.0,0,330.3,0.0,1,3.42,2.32,SPY201002P00321000,321.0,0,0.0,0.0,,0.0,normalDay
2020-09-23,5011.0,-116.0,0.0,0,322.64,0.0,1,3.42,4.58,SPY201002P00321000,321.0,0,0.0,0.0,,0.0,normalDay
2020-09-24,5011.0,-31.0,0.0,0,323.5,0.0,1,3.42,3.73,SPY201002P00321000,321.0,0,0.0,0.0,,0.0,normalDay
2020-09-25,5011.0,174.0,0.0,0,328.73,0.0,1,3.42,1.68,SPY201002P00321000,321.0,0,0.0,0.0,,0.0,normalDay
2020-09-28,5011.0,293.0,0.0,0,334.19,0.0,1,3.42,0.49,SPY201002P00321000,321.0,0,0.0,0.0,,0.0,normalDay
2020-09-29,5011.0,284.0,0.0,0,332.37,0.0,1,3.42,0.58,SPY201002P00321000,321.0,0,0.0,0.0,,0.0,normalDay
2020-09-30,5011.0,314.0,0.0,0,334.89,0.0,1,3.42,0.28,SPY201002P00321000,321.0,0,0.0,0.0,,0.0,normalDay
2020-10-01,5011.0,339.0,0.0,0,337.04,0.0,1,3.42,0.03,SPY201002P00321000,321.0,0,0.0,0.0,,0.0,normalDay
2020-10-02,5353.0,0.0,342.0,0,333.84,0.0,1,3.42,0.0,SPY201002P00321000,321.0,0,0.0,0.0,,0.0,expirationDay
2020-10-05,5353.0,-3.0,0.0,0,339.76,0.0,1,0.89,0.92,SPY201016P00320000,320.0,0,0.0,0.0,,0.0,normalDay
2020-10-06,5353.0,-56.0,0.0,0,334.93,0.0,1,0.89,1.45,SPY201016P00320000,320.0,0,0.0,0.0,,0.0,normalDay
2020-10-07,5353.0,38.0,0.0,0,340.76,0.0,1,0.89,0.51,SPY201016P00320000,320.0,0,0.0,0.0,,0.0,normalDay
2020-10-08,5353.0,64.0,0.0,0,343.78,0.0,1,0.89,0.25,SPY201016P00320000,320.0,0,0.0,0.0,,0.0,normalDay
2020-10-09,5353.0,78.0,0.0,0,346.85,0.0,1,0.89,0.11,SPY201016P00320000,320.0,0,0.0,0.0,,0.0,normalDay
2020-10-12,5353.0,82.0,0.0,0,352.43,0.0,1,0.89,0.07,SPY201016P00320000,320.0,0,0.0,0.0,,0.0,normalDay
2020-10-13,5353.0,85.0,0.0,0,350.13,0.0,1,0.89,0.04,SPY201016P00320000,320.0,0,0.0,0.0,,0.0,normalDay
2020-10-14,5353.0,85.0,0.0,0,347.93,0.0,1,0.89,0.04,SPY201016P00320000,320.0,0,0.0,0.0,,0.0,normalDay
2020-10-15,5353.0,87.0,0.0,0,347.5,0.0,1,0.89,0.02,SPY201016P00320000,320.0,0,0.0,0.0,,0.0,normalDay
2020-10-16,5442.0,0.0,89.0,0,347.29,0.0,1,0.89,0.0,SPY201016P00320000,320.0,0,0.0,0.0,,0.0,expirationDay
2020-10-19,5442.0,-3.0,0.0,0,342.01,0.0,1,0.5,0.53,SPY201030P00316000,316.0,0,0.0,0.0,,0.0,normalDay
2020-10-20,5442.0,11.0,0.0,0,343.38,0.0,1,0.5,0.39,SPY201030P00316000,316.0,0,0.0,0.0,,0.0,normalDay
2020-10-21,5442.0,26.0,0.0,0,342.73,0.0,1,0.5,0.24,SPY201030P00316000,316.0,0,0.0,0.0,,0.0,normalDay
2020-10-22,5442.0,36.0,0.0,0,344.61,0.0,1,0.5,0.14,SPY201030P00316000,316.0,0,0.0,0.0,,0.0,normalDay
2020-10-23,5442.0,42.0,0.0,0,345.78,0.0,1,0.5,0.08,SPY201030P00316000,316.0,0,0.0,0.0,,0.0,normalDay
2020-10-26,5442.0,30.0,0.0,0,339.39,0.0,1,0.5,0.2,SPY201030P00316000,316.0,0,0.0,0.0,,0.0,normalDay
2020-10-27,5442.0,40.0,0.0,0,338.22,0.0,1,0.5,0.1,SPY201030P00316000,316.0,0,0.0,0.0,,0.0,normalDay
2020-10-28,5442.0,-48.0,0.0,0,326.66,0.0,1,0.5,0.98,SPY201030P00316000,316.0,0,0.0,0.0,,0.0,normalDay
2020-10-29,5442.0,38.0,0.0,0,329.98,0.0,1,0.5,0.12,SPY201030P00316000,316.0,0,0.0,0.0,,0.0,normalDay
2020-10-30,5492.0,0.0,50.0,0,326.54,0.0,1,0.5,0.0,SPY201030P00316000,316.0,0,0.0,0.0,,0.0,expirationDay
2020-11-02,5492.0,-7.0,0.0,0,330.2,0.0,1,5.38,5.45,SPY201113P00321000,321.0,0,0.0,0.0,,0.0,normalDay
2020-11-03,5492.0,149.0,0.0,0,336.03,0.0,1,5.38,3.89,SPY201113P00321000,321.0,0,0.0,0.0,,0.0,normalDay
2020-11-04,5492.0,413.0,0.0,0,343.54,0.0,1,5.38,1.25,SPY201113P00321000,321.0,0,0.0,0.0,,0.0,normalDay
2020-11-05,5492.0,483.0,0.0,0,350.24,0.0,1,5.38,0.55,SPY201113P00321000,321.0,0,0.0,0.0,,0.0,normalDay
2020-11-06,5492.0,518.0,0.0,0,350.16,0.0,1,5.38,0.2,SPY201113P00321000,321.0,0,0.0,0.0,,0.0,normalDay
2020-11-09,5492.0,524.0,0.0,0,354.56,0.0,1,5.38,0.14,SPY201113P00321000,321.0,0,0.0,0.0,,0.0,normalDay
2020-11-10,5492.0,533.0,0.0,0,354.04,0.0,1,5.38,0.05,SPY201113P00321000,321.0,0,0.0,0.0,,0.0,normalDay
2020-11-11,5492.0,536.0,0.0,0,356.67,0.0,1,5.38,0.02,SPY201113P00321000,321.0,0,0.0,0.0,,0.0,normalDay
2020-11-12,5492.0,536.0,0.0,0,353.21,0.0,1,5.38,0.02,SPY201113P00321000,321.0,0,0.0,0.0,,0.0,normalDay
2020-11-13,6030.0,0.0,538.0,0,358.1,0.0,1,5.38,0.0,SPY201113P00321000,321.0,0,0.0,0.0,,0.0,expirationDay
2020-11-16,6030.0,-3.0,0.0,0,362.57,0.0,1,0.1,0.13,SPY201127P00316000,316.0,0,0.0,0.0,,0.0,normalDay
2020-11-17,6030.0,1.0,0.0,0,360.62,0.0,1,0.1,0.09,SPY201127P00316000,316.0,0,0.0,0.0,,0.0,normalDay
2020-11-18,6030.0,-1.0,0.0,0,356.28,0.0,1,0.1,0.11,SPY201127P00316000,316.0,0,0.0,0.0,,0.0,normalDay
2020-11-19,6030.0,0.0,0.0,0,357.78,0.0,1,0.1,0.1,SPY201127P00316000,316.0,0,0.0,0.0,,0.0,normalDay
2020-11-20,6030.0,5.0,0.0,0,355.33,0.0,1,0.1,0.05,SPY201127P00316000,316.0,0,0.0,0.0,,0.0,normalDay
2020-11-23,6030.0,8.0,0.0,0,357.46,0.0,1,0.1,0.02,SPY201127P00316000,316.0,0,0.0,0.0,,0.0,normalDay
2020-11-24,6030.0,9.0,0.0,0,363.22,0.0,1,0.1,0.01,SPY201127P00316000,316.0,0,0.0,0.0,,0.0,normalDay
2020-11-25,6030.0,9.0,0.0,0,362.66,0.0,1,0.1,0.01,SPY201127P00316000,316.0,0,0.0,0.0,,0.0,normalDay
2020-11-27,6040.0,0.0,10.0,0,363.67,0.0,1,0.1,0.0,SPY201127P00316000,316.0,0,0.0,0.0,,0.0,expirationDay
2020-11-30,6040.0,-3.0,0.0,0,362.06,0.0,1,0.25,0.28,SPY201211P00331000,331.0,0,0.0,0.0,,0.0,normalDay
2020-12-01,6040.0,2.0,0.0,0,366.02,0.0,1,0.25,0.23,SPY201211P00331000,331.0,0,0.0,0.0,,0.0,normalDay
2020-12-02,6040.0,6.0,0.0,0,366.79,0.0,1,0.25,0.19,SPY201211P00331000,331.0,0,0.0,0.0,,0.0,normalDay
2020-12-03,6040.0,8.0,0.0,0,366.69,0.0,1,0.25,0.17,SPY201211P00331000,331.0,0,0.0,0.0,,0.0,normalDay
2020-12-04,6040.0,17.0,0.0,0,369.85,0.0,1,0.25,0.08,SPY201211P00331000,331.0,0,0.0,0.0,,0.0,normalDay
2020-12-07,6040.0,21.0,0.0,0,369.09,0.0,1,0.25,0.04,SPY201211P00331000,331.0,0,0.0,0.0,,0.0,normalDay
2020-12-08,6040.0,22.0,0.0,0,370.17,0.0,1,0.25,0.03,SPY201211P00331000,331.0,0,0.0,0.0,,0.0,normalDay
2020-12-09,6040.0,21.0,0.0,0,366.85,0.0,1,0.25,0.04,SPY201211P00331000,331.0,0,0.0,0.0,,0.0,normalDay
2020-12-10,6040.0,24.0,0.0,0,366.73,0.0,1,0.25,0.01,SPY201211P00331000,331.0,0,0.0,0.0,,0.0,normalDay
2020-12-11,6065.0,0.0,25.0,0,366.3,0.0,1,0.25,0.0,SPY201211P00331000,331.0,0,0.0,0.0,,0.0,expirationDay
2020-12-14,6065.0,-4.0,0.0,0,364.66,0.0,1,1.64,1.68,SPY201224P00352000,352.0,0,0.0,0.0,,0.0,normalDay
2020-12-15,6065.0,78.0,0.0,0,369.59,0.0,1,1.64,0.86,SPY201224P00352000,352.0,0,0.0,0.0,,0.0,normalDay
2020-12-16,6065.0,106.0,0.0,0,370.17,0.0,1,1.64,0.58,SPY201224P00352000,352.0,0,0.0,0.0,,0.0,normalDay
2020-12-17,6065.0,126.0,0.0,0,372.24,0.0,1,1.64,0.38,SPY201224P00352000,352.0,0,0.0,0.0,,0.0,normalDay
2020-12-18,6065.0,147.0,0.0,0,369.18,0.0,1,1.64,0.17,SPY201224P00352000,352.0,0,0.0,0.0,,0.0,normalDay
2020-12-21,6065.0,145.0,0.0,0,367.86,0.0,1,1.64,0.19,SPY201224P00352000,352.0,0,0.0,0.0,,0.0,normalDay
2020-12-22,6065.0,158.0,0.0,0,367.24,0.0,1,1.64,0.06,SPY201224P00352000,352.0,0,0.0,0.0,,0.0,normalDay
2020-12-23,6065.0,162.0,0.0,0,367.57,0.0,1,1.64,0.02,SPY201224P00352000,352.0,0,0.0,0.0,,0.0,normalDay
2020-12-24,6229.0,0.0,164.0,0,369.0,0.0,1,1.64,0.0,SPY201224P00352000,352.0,0,0.0,0.0,,0.0,expirationDay
2020-12-28,6229.0,-4.0,0.0,0,372.17,0.0,1,1.68,1.72,SPY210108P00362000,362.0,0,0.0,0.0,,0.0,normalDay
2020-12-29,6229.0,-24.0,0.0,0,371.46,0.0,1,1.68,1.92,SPY210108P00362000,362.0,0,0.0,0.0,,0.0,normalDay
2020-12-30,6229.0,5.0,0.0,0,371.99,0.0,1,1.68,1.63,SPY210108P00362000,362.0,0,0.0,0.0,,0.0,normalDay
2020-12-31,6229.0,62.0,0.0,0,373.88,0.0,1,1.68,1.06,SPY210108P00362000,362.0,0,0.0,0.0,,0.0,normalDay
2021-01-04,6229.0,-33.0,0.0,0,368.79,0.0,1,1.68,2.01,SPY210108P00362000,362.0,0,0.0,0.0,,0.0,normalDay
2021-01-05,6229.0,61.0,0.0,0,371.33,0.0,1,1.68,1.07,SPY210108P00362000,362.0,0,0.0,0.0,,0.0,normalDay
2021-01-06,6229.0,112.0,0.0,0,373.55,0.0,1,1.68,0.56,SPY210108P00362000,362.0,0,0.0,0.0,,0.0,normalDay
2021-01-07,6229.0,165.0,0.0,0,379.1,0.0,1,1.68,0.03,SPY210108P00362000,362.0,0,0.0,0.0,,0.0,normalDay
2021-01-08,6397.0,0.0,168.0,0,381.26,0.0,1,1.68,0.0,SPY210108P00362000,362.0,0,0.0,0.0,,0.0,expirationDay
2021-01-11,6397.0,-3.0,0.0,0,378.69,0.0,1,1.11,1.14,SPY210122P00360000,360.0,0,0.0,0.0,,0.0,normalDay
2021-01-12,6397.0,17.0,0.0,0,378.77,0.0,1,1.11,0.94,SPY210122P00360000,360.0,0,0.0,0.0,,0.0,normalDay
2021-01-13,6397.0,53.0,0.0,0,379.79,0.0,1,1.11,0.58,SPY210122P00360000,360.0,0,0.0,0.0,,0.0,normalDay
2021-01-14,6397.0,42.0,0.0,0,378.46,0.0,1,1.11,0.69,SPY210122P00360000,360.0,0,0.0,0.0,,0.0,normalDay
2021-01-15,6397.0,35.0,0.0,0,375.7,0.0,1,1.11,0.76,SPY210122P00360000,360.0,0,0.0,0.0,,0.0,normalDay
2021-01-19,6397.0,96.0,0.0,0,378.65,0.0,1,1.11,0.15,SPY210122P00360000,360.0,0,0.0,0.0,,0.0,normalDay
2021-01-20,6397.0,106.0,0.0,0,383.89,0.0,1,1.11,0.05,SPY210122P00360000,360.0,0,0.0,0.0,,0.0,normalDay
2021-01-21,6397.0,109.0,0.0,0,384.24,0.0,1,1.11,0.02,SPY210122P00360000,360.0,0,0.0,0.0,,0.0,normalDay
2021-01-22,6508.0,0.0,111.0,0,382.88,0.0,1,1.11,0.0,SPY210122P00360000,360.0,0,0.0,0.0,,0.0,expirationDay
2021-01-25,6508.0,-4.0,0.0,0,384.39,0.0,1,0.93,0.97,SPY210205P00364000,364.0,0,0.0,0.0,,0.0,normalDay
2021-01-26,6508.0,10.0,0.0,0,383.79,0.0,1,0.93,0.83,SPY210205P00364000,364.0,0,0.0,0.0,,0.0,normalDay
2021-01-27,6508.0,-314.0,0.0,0,374.41,0.0,1,0.93,4.07,SPY210205P00364000,364.0,0,0.0,0.0,,0.0,normalDay
2021-01-28,6508.0,-122.0,0.0,0,377.63,0.0,1,0.93,2.15,SPY210205P00364000,364.0,0,0.0,0.0,,0.0,normalDay
2021-01-29,6508.0,-355.0,0.0,0,370.07,0.0,1,0.93,4.48,SPY210205P00364000,364.0,0,0.0,0.0,,0.0,normalDay
2021-02-01,6508.0,-36.0,0.0,0,376.23,0.0,1,0.93,1.29,SPY210205P00364000,364.0,0,0.0,0.0,,0.0,normalDay
2021-02-02,6508.0,72.0,0.0,0,381.55,0.0,1,0.93,0.21,SPY210205P00364000,364.0,0,0.0,0.0,,0.0,normalDay
2021-02-03,6508.0,86.0,0.0,0,381.85,0.0,1,0.93,0.07,SPY210205P00364000,364.0,0,0.0,0.0,,0.0,normalDay
2021-02-04,6508.0,91.0,0.0,0,386.19,0.0,1,0.93,0.02,SPY210205P00364000,364.0,0,0.0,0.0,,0.0,normalDay
2021-02-05,6601.0,0.0,93.0,0,387.71,0.0,1,0.93,0.0,SPY210205P00364000,364.0,0,0.0,0.0,,0.0,expirationDay
2021-02-08,6601.0,-3.0,0.0,0,390.51,0.0,1,0.47,0.5,SPY210219P00368000,368.0,0,0.0,0.0,,0.0,normalDay
2021-02-09,6601.0,0.0,0.0,0,390.25,0.0,1,0.47,0.47,SPY210219P00368000,368.0,0,0.0,0.0,,0.0,normalDay
2021-02-10,6601.0,-1.0,0.0,0,390.08,0.0,1,0.47,0.48,SPY210219P00368000,368.0,0,0.0,0.0,,0.0,normalDay
2021-02-11,6601.0,13.0,0.0,0,390.71,0.0,1,0.47,0.34,SPY210219P00368000,368.0,0,0.0,0.0,,0.0,normalDay
2021-02-12,6601.0,34.0,0.0,0,392.64,0.0,1,0.47,0.13,SPY210219P00368000,368.0,0,0.0,0.0,,0.0,normalDay
2021-02-16,6601.0,35.0,0.0,0,392.3,0.0,1,0.47,0.12,SPY210219P00368000,368.0,0,0.0,0.0,,0.0,normalDay
2021-02-17,6601.0,41.0,0.0,0,392.39,0.0,1,0.47,0.06,SPY210219P00368000,368.0,0,0.0,0.0,,0.0,normalDay
2021-02-18,6601.0,44.0,0.0,0,390.72,0.0,1,0.47,0.03,SPY210219P00368000,368.0,0,0.0,0.0,,0.0,normalDay
2021-02-19,6648.0,0.0,47.0,0,390.03,0.0,1,0.47,0.0,SPY210219P00368000,368.0,0,0.0,0.0,,0.0,expirationDay
2021-02-22,6648.0,-4.0,0.0,0,387.03,0.0,1,1.13,1.17,SPY210305P00368000,368.0,0,0.0,0.0,,0.0,normalDay
2021-02-23,6648.0,11.0,0.0,0,387.5,0.0,1,1.13,1.02,SPY210305P00368000,368.0,0,0.0,0.0,,0.0,normalDay
2021-02-24,6648.0,66.0,0.0,0,391.77,0.0,1,1.13,0.47,SPY210305P00368000,368.0,0,0.0,0.0,,0.0,normalDay
2021-02-25,6648.0,-122.0,0.0,0,382.33,0.0,1,1.13,2.35,SPY210305P00368000,368.0,0,0.0,0.0,,0.0,normalDay
2021-02-26,6648.0,-91.0,0.0,0,380.36,0.0,1,1.13,2.04,SPY210305P00368000,368.0,0,0.0,0.0,,0.0,normalDay
2021-03-01,6648.0,79.0,0.0,0,389.58,0.0,1,1.13,0.34,SPY210305P00368000,368.0,0,0.0,0.0,,0.0,normalDay
2021-03-02,6648.0,82.0,0.0,0,386.54,0.0,1,1.13,0.31,SPY210305P00368000,368.0,0,0.0,0.0,,0.0,normalDay
2021-03-03,6648.0,70.0,0.0,0,381.42,0.0,1,1.13,0.43,SPY210305P00368000,368.0,0,0.0,0.0,,0.0,normalDay
2021-03-04,6648.0,69.0,0.0,0,376.7,0.0,1,1.13,0.44,SPY210305P00368000,368.0,0,0.0,0.0,,0.0,normalDay
2021-03-05,6761.0,0.0,113.0,0,383.63,0.0,1,1.13,0.0,SPY210305P00368000,368.0,0,0.0,0.0,,0.0,expirationDay
2021-03-08,6761.0,-4.0,0.0,0,381.72,0.0,1,4.25,4.29,SPY210319P00375000,375.0,0,0.0,0.0,,0.0,normalDay
2021-03-09,6761.0,179.0,0.0,0,387.17,0.0,1,4.25,2.46,SPY210319P00375000,375.0,0,0.0,0.0,,0.0,normalDay
2021-03-10,6761.0,287.0,0.0,0,389.58,0.0,1,4.25,1.38,SPY210319P00375000,375.0,0,0.0,0.0,,0.0,normalDay
2021-03-11,6761.0,346.0,0.0,0,393.53,0.0,1,4.25,0.79,SPY210319P00375000,375.0,0,0.0,0.0,,0.0,normalDay
2021-03-12,6761.0,387.0,0.0,0,394.06,0.0,1,4.25,0.38,SPY210319P00375000,375.0,0,0.0,0.0,,0.0,normalDay
2021-03-15,6761.0,410.0,0.0,0,396.41,0.0,1,4.25,0.15,SPY210319P00375000,375.0,0,0.0,0.0,,0.0,normalDay
2021-03-16,6761.0,409.0,0.0,0,395.91,0.0,1,4.25,0.16,SPY210319P00375000,375.0,0,0.0,0.0,,0.0,normalDay
2021-03-17,6761.0,421.0,0.0,0,397.26,0.0,1,4.25,0.04,SPY210319P00375000,375.0,0,0.0,0.0,,0.0,normalDay
2021-03-18,6761.0,412.0,0.0,0,391.48,0.0,1,4.25,0.13,SPY210319P00375000,375.0,0,0.0,0.0,,0.0,normalDay
2021-03-19,7186.0,0.0,425.0,0,389.48,0.0,1,4.25,0.0,SPY210319P00375000,375.0,0,0.0,0.0,,0.0,expirationDay
2021-03-22,7186.0,-4.0,0.0,0,392.59,0.0,1,0.51,0.55,SPY210401P00373000,373.0,0,0.0,0.0,,0.0,normalDay
2021-03-23,7186.0,-31.0,0.0,0,389.5,0.0,1,0.51,0.82,SPY210401P00373000,373.0,0,0.0,0.0,,0.0,normalDay
2021-03-24,7186.0,-39.0,0.0,0,387.52,0.0,1,0.51,0.9,SPY210401P00373000,373.0,0,0.0,0.0,,0.0,normalDay
2021-03-25,7186.0,5.0,0.0,0,389.7,0.0,1,0.51,0.46,SPY210401P00373000,373.0,0,0.0,0.0,,0.0,normalDay
2021-03-26,7186.0,32.0,0.0,0,395.98,0.0,1,0.51,0.19,SPY210401P00373000,373.0,0,0.0,0.0,,0.0,normalDay
2021-03-29,7186.0,41.0,0.0,0,395.78,0.0,1,0.51,0.1,SPY210401P00373000,373.0,0,0.0,0.0,,0.0,normalDay
2021-03-30,7186.0,47.0,0.0,0,394.73,0.0,1,0.51,0.04,SPY210401P00373000,373.0,0,0.0,0.0,,0.0,normalDay
2021-03-31,7186.0,50.0,0.0,0,396.33,0.0,1,0.51,0.01,SPY210401P00373000,373.0,0,0.0,0.0,,0.0,normalDay
2021-04-01,7237.0,0.0,51.0,0,400.61,0.0,1,0.51,0.0,SPY210401P00373000,373.0,0,0.0,0.0,,0.0,expirationDay
2021-04-05,7237.0,-3.0,0.0,0,406.36,0.0,1,0.31,0.34,SPY210416P00379000,379.0,0,0.0,0.0,,0.0,normalDay
2021-04-06,7237.0,0.0,0.0,0,406.12,0.0,1,0.31,0.31,SPY210416P00379000,379.0,0,0.0,0.0,,0.0,normalDay
2021-04-07,7237.0,12.0,0.0,0,406.59,0.0,1,0.31,0.19,SPY210416P00379000,379.0,0,0.0,0.0,,0.0,normalDay
2021-04-08,7237.0,18.0,0.0,0,408.52,0.0,1,0.31,0.13,SPY210416P00379000,379.0,0,0.0,0.0,,0.0,normalDay
2021-04-09,7237.0,24.0,0.0,0,411.49,0.0,1,0.31,0.07,SPY210416P00379000,379.0,0,0.0,0.0,,0.0,normalDay
2021-04-12,7237.0,28.0,0.0,0,411.64,0.0,1,0.31,0.03,SPY210416P00379000,379.0,0,0.0,0.0,,0.0,normalDay
2021-04-13,7237.0,29.0,0.0,0,412.86,0.0,1,0.31,0.02,SPY210416P00379000,379.0,0,0.0,0.0,,0.0,normalDay
2021-04-14,7237.0,29.0,0.0,0,411.45,0.0,1,0.31,0.02,SPY210416P00379000,379.0,0,0.0,0.0,,0.0,normalDay
2021-04-15,7237.0,30.0,0.0,0,415.87,0.0,1,0.31,0.01,SPY210416P00379000,379.0,0,0.0,0.0,,0.0,normalDay
2021-04-16,7268.0,0.0,31.0,0,417.26,0.0,1,0.31,0.0,SPY210416P00379000,379.0,0,0.0,0.0,,0.0,expirationDay
2021-04-19,7268.0,-3.0,0.0,0,415.21,0.0,1,0.13,0.16,SPY210430P00378000,378.0,0,0.0,0.0,,0.0,normalDay
2021-04-20,7268.0,-10.0,0.0,0,412.17,0.0,1,0.13,0.23,SPY210430P00378000,378.0,0,0.0,0.0,,0.0,normalDay
2021-04-21,7268.0,4.0,0.0,0,416.07,0.0,1,0.13,0.09,SPY210430P00378000,378.0,0,0.0,0.0,,0.0,normalDay
2021-04-22,7268.0,0.0,0.0,0,412.27,0.0,1,0.13,0.13,SPY210430P00378000,378.0,0,0.0,0.0,,0.0,normalDay
2021-04-23,7268.0,8.0,0.0,0,416.74,0.0,1,0.13,0.05,SPY210430P00378000,378.0,0,0.0,0.0,,0.0,normalDay
2021-04-26,7268.0,10.0,0.0,0,417.61,0.0,1,0.13,0.03,SPY210430P00378000,378.0,0,0.0,0.0,,0.0,normalDay
2021-04-27,7268.0,11.0,0.0,0,417.52,0.0,1,0.13,0.02,SPY210430P00378000,378.0,0,0.0,0.0,,0.0,normalDay
2021-04-28,7268.0,11.0,0.0,0,417.4,0.0,1,0.13,0.02,SPY210430P00378000,378.0,0,0.0,0.0,,0.0,normalDay
2021-04-29,7268.0,12.0,0.0,0,420.06,0.0,1,0.13,0.01,SPY210430P00378000,378.0,0,0.0,0.0,,0.0,normalDay
2021-04-30,7281.0,0.0,13.0,0,417.3,0.0,1,0.13,0.0,SPY210430P00378000,378.0,0,0.0,0.0,,0.0,expirationDay
2021-05-03,7281.0,-3.0,0.0,0,418.2,0.0,1,0.98,1.01,SPY210514P00404000,404.0,0,0.0,0.0,,0.0,normalDay
2021-05-04,7281.0,-44.0,0.0,0,415.62,0.0,1,0.98,1.42,SPY210514P00404000,404.0,0,0.0,0.0,,0.0,normalDay
2021-05-05,7281.0,-27.0,0.0,0,415.75,0.0,1,0.98,1.25,SPY210514P00404000,404.0,0,0.0,0.0,,0.0,normalDay
2021-05-06,7281.0,36.0,0.0,0,419.07,0.0,1,0.98,0.62,SPY210514P00404000,404.0,0,0.0,0.0,,0.0,normalDay
2021-05-07,7281.0,68.0,0.0,0,422.12,0.0,1,0.98,0.3,SPY210514P00404000,404.0,0,0.0,0.0,,0.0,normalDay
2021-05-10,7281.0,47.0,0.0,0,417.94,0.0,1,0.98,0.51,SPY210514P00404000,404.0,0,0.0,0.0,,0.0,normalDay
2021-05-11,7281.0,27.0,0.0,0,414.21,0.0,1,0.98,0.71,SPY210514P00404000,404.0,0,0.0,0.0,,0.0,normalDay
2021-05-12,7281.0,-180.0,0.0,0,405.41,0.0,1,0.98,2.78,SPY210514P00404000,404.0,0,0.0,0.0,,0.0,normalDay
2021-05-13,7281.0,60.0,0.0,0,410.28,0.0,1,0.98,0.38,SPY210514P00404000,404.0,0,0.0,0.0,,0.0,normalDay
2021-05-14,7379.0,0.0,98.0,0,416.58,0.0,1,0.98,0.0,SPY210514P00404000,404.0,0,0.0,0.0,,0.0,expirationDay
2021-05-17,7379.0,-4.0,0.0,0,415.52,0.0,1,2.08,2.12,SPY210528P00406000,406.0,0,0.0,0.0,,0.0,normalDay
2021-05-18,7379.0,-96.0,0.0,0,411.94,0.0,1,2.08,3.04,SPY210528P00406000,406.0,0,0.0,0.0,,0.0,normalDay
2021-05-19,7379.0,-106.0,0.0,0,410.86,0.0,1,2.08,3.14,SPY210528P00406000,406.0,0,0.0,0.0,,0.0,normalDay
2021-05-20,7379.0,43.0,0.0,0,415.28,0.0,1,2.08,1.65,SPY210528P00406000,406.0,0,0.0,0.0,,0.0,normalDay
2021-05-21,7379.0,81.0,0.0,0,414.94,0.0,1,2.08,1.27,SPY210528P00406000,406.0,0,0.0,0.0,,0.0,normalDay
2021-05-24,7379.0,183.0,0.0,0,419.17,0.0,1,2.08,0.25,SPY210528P00406000,406.0,0,0.0,0.0,,0.0,normalDay
2021-05-25,7379.0,184.0,0.0,0,418.24,0.0,1,2.08,0.24,SPY210528P00406000,406.0,0,0.0,0.0,,0.0,normalDay
2021-05-26,7379.0,198.0,0.0,0,419.07,0.0,1,2.08,0.1,SPY210528P00406000,406.0,0,0.0,0.0,,0.0,normalDay
2021-05-27,7379.0,204.0,0.0,0,419.29,0.0,1,2.08,0.04,SPY210528P00406000,406.0,0,0.0,0.0,,0.0,normalDay
2021-05-28,7587.0,0.0,208.0,0,420.04,0.0,1,2.08,0.0,SPY210528P00406000,406.0,0,0.0,0.0,,0.0,expirationDay
2021-06-01,7587.0,-4.0,0.0,0,419.67,0.0,1,0.8,0.84,SPY210611P00406000,406.0,0,0.0,0.0,,0.0,normalDay
2021-06-02,7587.0,26.0,0.0,0,420.33,0.0,1,0.8,0.54,SPY210611P00406000,406.0,0,0.0,0.0,,0.0,normalDay
2021-06-03,7587.0,15.0,0.0,0,418.77,0.0,1,0.8,0.65,SPY210611P00406000,406.0,0,0.0,0.0,,0.0,normalDay
2021-06-04,7587.0,61.0,0.0,0,422.6,0.0,1,0.8,0.19,SPY210611P00406000,406.0,0,0.0,0.0,,0.0,normalDay
2021-06-07,7587.0,70.0,0.0,0,422.19,0.0,1,0.8,0.1,SPY210611P00406000,406.0,0,0.0,0.0,,0.0,normalDay
2021-06-08,7587.0,70.0,0.0,0,422.28,0.0,1,0.8,0.1,SPY210611P00406000,406.0,0,0.0,0.0,,0.0,normalDay
2021-06-09,7587.0,68.0,0.0,0,421.65,0.0,1,0.8,0.12,SPY210611P00406000,406.0,0,0.0,0.0,,0.0,normalDay
2021-06-10,7587.0,78.0,0.0,0,423.61,0.0,1,0.8,0.02,SPY210611P00406000,406.0,0,0.0,0.0,,0.0,normalDay
2021-06-11,7667.0,0.0,80.0,0,424.31,0.0,1,0.8,0.0,SPY210611P00406000,406.0,0,0.0,0.0,,0.0,expirationDay
2021-06-14,7667.0,-3.0,0.0,0,425.26,0.0,1,0.77,0.8,SPY210625P00409000,409.0,0,0.0,0.0,,0.0,normalDay
2021-06-15,7667.0,-14.0,0.0,0,424.48,0.0,1,0.77,0.91,SPY210625P00409000,409.0,0,0.0,0.0,,0.0,normalDay
2021-06-16,7667.0,-48.0,0.0,0,422.11,0.0,1,0.77,1.25,SPY210625P00409000,409.0,0,0.0,0.0,,0.0,normalDay
2021-06-17,7667.0,-12.0,0.0,0,421.97,0.0,1,0.77,0.89,SPY210625P00409000,409.0,0,0.0,0.0,,0.0,normalDay
2021-06-18,7667.0,-136.0,0.0,0,414.92,0.0,1,0.77,2.13,SPY210625P00409000,409.0,0,0.0,0.0,,0.0,normalDay
2021-06-21,7667.0,37.0,0.0,0,420.86,0.0,1,0.77,0.4,SPY210625P00409000,409.0,0,0.0,0.0,,0.0,normalDay
2021-06-22,7667.0,63.0,0.0,0,423.11,0.0,1,0.77,0.14,SPY210625P00409000,409.0,0,0.0,0.0,,0.0,normalDay
2021-06-23,7667.0,71.0,0.0,0,422.6,0.0,1,0.77,0.06,SPY210625P00409000,409.0,0,0.0,0.0,,0.0,normalDay
2021-06-24,7667.0,74.0,0.0,0,425.1,0.0,1,0.77,0.03,SPY210625P00409000,409.0,0,0.0,0.0,,0.0,normalDay
2021-06-25,7744.0,0.0,77.0,0,426.61,0.0,1,0.77,0.0,SPY210625P00409000,409.0,0,0.0,0.0,,0.0,expirationDay
2021-06-28,7744.0,-3.0,0.0,0,427.47,0.0,1,0.62,0.65,SPY210709P00415000,415.0,0,0.0,0.0,,0.0,normalDay
2021-06-29,7744.0,5.0,0.0,0,427.7,0.0,1,0.62,0.57,SPY210709P00415000,415.0,0,0.0,0.0,,0.0,normalDay
2021-06-30,7744.0,24.0,0.0,0,428.06,0.0,1,0.62,0.38,SPY210709P00415000,415.0,0,0.0,0.0,,0.0,normalDay
2021-07-01,7744.0,35.0,0.0,0,430.43,0.0,1,0.62,0.27,SPY210709P00415000,415.0,0,0.0,0.0,,0.0,normalDay
2021-07-02,7744.0,52.0,0.0,0,433.72,0.0,1,0.62,0.1,SPY210709P00415000,415.0,0,0.0,0.0,,0.0,normalDay
2021-07-06,7744.0,57.0,0.0,0,432.93,0.0,1,0.62,0.05,SPY210709P00415000,415.0,0,0.0,0.0,,0.0,normalDay
2021-07-07,7744.0,60.0,0.0,0,434.46,0.0,1,0.62,0.02,SPY210709P00415000,415.0,0,0.0,0.0,,0.0,normalDay
2021-07-08,7744.0,60.0,0.0,0,430.92,0.0,1,0.62,0.02,SPY210709P00415000,415.0,0,0.0,0.0,,0.0,normalDay
2021-07-09,7806.0,0.0,62.0,0,435.52,0.0,1,0.62,0.0,SPY210709P00415000,415.0,0,0.0,0.0,,0.0,expirationDay
2021-07-12,7806.0,-3.0,0.0,0,437.08,0.0,1,0.35,0.38,SPY210723P00412500,412.5,0,0.0,0.0,,0.0,normalDay
2021-07-13,7806.0,-12.0,0.0,0,435.59,0.0,1,0.35,0.47,SPY210723P00412500,412.5,0,0.0,0.0,,0.0,normalDay
2021-07-14,7806.0,9.0,0.0,0,436.24,0.0,1,0.35,0.26,SPY210723P00412500,412.5,0,0.0,0.0,,0.0,normalDay
2021-07-15,7806.0,5.0,0.0,0,434.75,0.0,1,0.35,0.3,SPY210723P00412500,412.5,0,0.0,0.0,,0.0,normalDay
2021-07-16,7806.0,0.0,0.0,0,431.34,0.0,1,0.35,0.35,SPY210723P00412500,412.5,0,0.0,0.0,,0.0,normalDay
2021-07-19,7806.0,-47.0,0.0,0,424.97,0.0,1,0.35,0.82,SPY210723P00412500,412.5,0,0.0,0.0,,0.0,normalDay
2021-07-20,7806.0,20.0,0.0,0,431.06,0.0,1,0.35,0.15,SPY210723P00412500,412.5,0,0.0,0.0,,0.0,normalDay
2021-07-21,7806.0,32.0,0.0,0,434.55,0.0,1,0.35,0.03,SPY210723P00412500,412.5,0,0.0,0.0,,0.0,normalDay
2021-07-22,7806.0,34.0,0.0,0,435.46,0.0,1,0.35,0.01,SPY210723P00412500,412.5,0,0.0,0.0,,0.0,normalDay
2021-07-23,7841.0,0.0,35.0,0,439.94,0.0,1,0.35,0.0,SPY210723P00412500,412.5,0,0.0,0.0,,0.0,expirationDay
2021-07-26,7841.0,-3.0,0.0,0,441.02,0.0,1,0.58,0.61,SPY210806P00422500,422.5,0,0.0,0.0,,0.0,normalDay
2021-07-27,7841.0,-49.0,0.0,0,439.01,0.0,1,0.58,1.07,SPY210806P00422500,422.5,0,0.0,0.0,,0.0,normalDay
2021-07-28,7841.0,-10.0,0.0,0,438.83,0.0,1,0.58,0.68,SPY210806P00422500,422.5,0,0.0,0.0,,0.0,normalDay
2021-07-29,7841.0,24.0,0.0,0,440.65,0.0,1,0.58,0.34,SPY210806P00422500,422.5,0,0.0,0.0,,0.0,normalDay
2021-07-30,7841.0,23.0,0.0,0,438.51,0.0,1,0.58,0.35,SPY210806P00422500,422.5,0,0.0,0.0,,0.0,normalDay
2021-08-02,7841.0,34.0,0.0,0,437.59,0.0,1,0.58,0.24,SPY210806P00422500,422.5,0,0.0,0.0,,0.0,normalDay
2021-08-03,7841.0,53.0,0.0,0,441.15,0.0,1,0.58,0.05,SPY210806P00422500,422.5,0,0.0,0.0,,0.0,normalDay
2021-08-04,7841.0,53.0,0.0,0,438.98,0.0,1,0.58,0.05,SPY210806P00422500,422.5,0,0.0,0.0,,0.0,normalDay
2021-08-05,7841.0,56.0,0.0,0,441.76,0.0,1,0.58,0.02,SPY210806P00422500,422.5,0,0.0,0.0,,0.0,normalDay
2021-08-06,7899.0,0.0,58.0,0,442.49,0.0,1,0.58,0.0,SPY210806P00422500,422.5,0,0.0,0.0,,0.0,expirationDay
2021-08-09,7899.0,-4.0,0.0,0,442.13,0.0,1,0.6,0.64,SPY210820P00426000,426.0,0,0.0,0.0,,0.0,normalDay
2021-08-10,7899.0,-2.0,0.0,0,442.68,0.0,1,0.6,0.62,SPY210820P00426000,426.0,0,0.0,0.0,,0.0,normalDay
2021-08-11,7899.0,26.0,0.0,0,443.78,0.0,1,0.6,0.34,SPY210820P00426000,426.0,0,0.0,0.0,,0.0,normalDay
2021-08-12,7899.0,36.0,0.0,0,445.11,0.0,1,0.6,0.24,SPY210820P00426000,426.0,0,0.0,0.0,,0.0,normalDay
2021-08-13,7899.0,44.0,0.0,0,445.92,0.0,1,0.6,0.16,SPY210820P00426000,426.0,0,0.0,0.0,,0.0,normalDay
2021-08-16,7899.0,49.0,0.0,0,446.97,0.0,1,0.6,0.11,SPY210820P00426000,426.0,0,0.0,0.0,,0.0,normalDay
2021-08-17,7899.0,42.0,0.0,0,444.04,0.0,1,0.6,0.18,SPY210820P00426000,426.0,0,0.0,0.0,,0.0,normalDay
2021-08-18,7899.0,10.0,0.0,0,439.18,0.0,1,0.6,0.5,SPY210820P00426000,426.0,0,0.0,0.0,,0.0,normalDay
2021-08-19,7899.0,49.0,0.0,0,439.86,0.0,1,0.6,0.11,SPY210820P00426000,426.0,0,0.0,0.0,,0.0,normalDay
2021-08-20,7959.0,0.0,60.0,0,443.36,0.0,1,0.6,0.0,SPY210820P00426000,426.0,0,0.0,0.0,,0.0,expirationDay
2021-08-23,7959.0,-3.0,0.0,0,447.26,0.0,1,0.93,0.96,SPY210903P00434000,434.0,0,0.0,0.0,,0.0,normalDay
2021-08-24,7959.0,10.0,0.0,0,447.97,0.0,1,0.93,0.83,SPY210903P00434000,434.0,0,0.0,0.0,,0.0,normalDay
2021-08-25,7959.0,36.0,0.0,0,448.91,0.0,1,0.93,0.57,SPY210903P00434000,434.0,0,0.0,0.0,,0.0,normalDay
2021-08-26,7959.0,-18.0,0.0,0,446.26,0.0,1,0.93,1.11,SPY210903P00434000,434.0,0,0.0,0.0,,0.0,normalDay
2021-08-27,7959.0,63.0,0.0,0,450.25,0.0,1,0.93,0.3,SPY210903P00434000,434.0,0,0.0,0.0,,0.0,normalDay
2021-08-30,7959.0,83.0,0.0,0,452.23,0.0,1,0.93,0.1,SPY210903P00434000,434.0,0,0.0,0.0,,0.0,normalDay
2021-08-31,7959.0,84.0,0.0,0,451.56,0.0,1,0.93,0.09,SPY210903P00434000,434.0,0,0.0,0.0,,0.0,normalDay
2021-09-01,7959.0,88.0,0.0,0,451.8,0.0,1,0.93,0.05,SPY210903P00434000,434.0,0,0.0,0.0,,0.0,normalDay
2021-09-02,7959.0,91.0,0.0,0,453.19,0.0,1,0.93,0.02,SPY210903P00434000,434.0,0,0.0,0.0,,0.0,normalDay
2021-09-03,8052.0,0.0,93.0,0,453.08,0.0,1,0.93,0.0,SPY210903P00434000,434.0,0,0.0,0.0,,0.0,expirationDay
2021-09-07,8052.0,-3.0,0.0,0,451.46,0.0,1,0.98,1.01,SPY210917P00436000,436.0,0,0.0,0.0,,0.0,normalDay
2021-09-08,8052.0,8.0,0.0,0,450.91,0.0,1,0.98,0.9,SPY210917P00436000,436.0,0,0.0,0.0,,0.0,normalDay
2021-09-09,8052.0,-19.0,0.0,0,448.98,0.0,1,0.98,1.17,SPY210917P00436000,436.0,0,0.0,0.0,,0.0,normalDay
2021-09-10,8052.0,-101.0,0.0,0,445.44,0.0,1,0.98,1.99,SPY210917P00436000,436.0,0,0.0,0.0,,0.0,normalDay
2021-09-13,8052.0,-1.0,0.0,0,446.58,0.0,1,0.98,0.99,SPY210917P00436000,436.0,0,0.0,0.0,,0.0,normalDay
2021-09-14,8052.0,1.0,0.0,0,444.17,0.0,1,0.98,0.97,SPY210917P00436000,436.0,0,0.0,0.0,,0.0,normalDay
2021-09-15,8052.0,76.0,0.0,0,447.88,0.0,1,0.98,0.22,SPY210917P00436000,436.0,0,0.0,0.0,,0.0,normalDay
2021-09-16,8052.0,85.0,0.0,0,447.17,0.0,1,0.98,0.13,SPY210917P00436000,436.0,0,0.0,0.0,,0.0,normalDay
2021-09-17,8150.0,0.0,98.0,0,441.4,0.0,1,0.98,0.0,SPY210917P00436000,436.0,0,0.0,0.0,,0.0,expirationDay
2021-09-20,8150.0,-5.0,0.0,0,434.04,0.0,1,7.24,7.29,SPY211001P00436000,436.0,0,0.0,0.0,,0.0,normalDay
2021-09-21,8150.0,21.0,0.0,0,433.63,0.0,1,7.24,7.03,SPY211001P00436000,436.0,0,0.0,0.0,,0.0,normalDay
2021-09-22,8150.0,344.0,0.0,0,437.86,0.0,1,7.24,3.8,SPY211001P00436000,436.0,0,0.0,0.0,,0.0,normalDay
2021-09-23,8150.0,556.0,0.0,0,443.18,0.0,1,7.24,1.68,SPY211001P00436000,436.0,0,0.0,0.0,,0.0,normalDay
2021-09-24,8150.0,614.0,0.0,0,443.91,0.0,1,7.24,1.1,SPY211001P00436000,436.0,0,0.0,0.0,,0.0,normalDay
2021-09-27,8150.0,634.0,0.0,0,442.64,0.0,1,7.24,0.9,SPY211001P00436000,436.0,0,0.0,0.0,,0.0,normalDay
2021-09-28,8150.0,280.0,0.0,0,433.72,0.0,1,7.24,4.44,SPY211001P00436000,436.0,0,0.0,0.0,,0.0,normalDay
2021-09-29,8150.0,402.0,0.0,0,434.45,0.0,1,7.24,3.22,SPY211001P00436000,436.0,0,0.0,0.0,,0.0,normalDay
2021-09-30,8150.0,76.0,0.0,0,429.14,0.0,1,7.24,6.48,SPY211001P00436000,436.0,0,0.0,0.0,,0.0,normalDay
2021-10-01,8874.0,-176.0,724.0,100,434.24,436.0,1,7.24,0.0,SPY211001P00436000,436.0,0,0.0,0.0,,0.0,expirationDay
2021-10-04,8874.0,-739.0,0.0,100,428.64,436.0,0,0.0,0.0,,0.0,1,0.91,0.94,SPY211119C00457000,457.0,normalDay
2021-10-05,8874.0,-315.0,0.0,100,433.1,436.0,0,0.0,0.0,,0.0,1,0.91,1.16,SPY211119C00457000,457.0,normalDay
2021-10-06,8874.0,-154.0,0.0,100,434.9,436.0,0,0.0,0.0,,0.0,1,0.91,1.35,SPY211119C00457000,457.0,normalDay
2021-10-07,8874.0,185.0,0.0,100,438.66,436.0,0,0.0,0.0,,0.0,1,0.91,1.72,SPY211119C00457000,457.0,normalDay
2021-10-08,8874.0,150.0,0.0,100,437.86,436.0,0,0.0,0.0,,0.0,1,0.91,1.27,SPY211119C00457000,457.0,normalDay
2021-10-11,8874.0,-121.0,0.0,100,434.69,436.0,0,0.0,0.0,,0.0,1,0.91,0.81,SPY211119C00457000,457.0,normalDay
2021-10-12,8874.0,-204.0,0.0,100,433.62,436.0,0,0.0,0.0,,0.0,1,0.91,0.57,SPY211119C00457000,457.0,normalDay
2021-10-13,8874.0,-60.0,0.0,100,435.18,436.0,0,0.0,0.0,,0.0,1,0.91,0.69,SPY211119C00457000,457.0,normalDay
2021-10-14,8874.0,600.0,0.0,100,442.5,436.0,0,0.0,0.0,,0.0,1,0.91,1.41,SPY211119C00457000,457.0,normalDay
2021-10-15,8874.0,880.0,0.0,100,445.87,436.0,0,0.0,0.0,,0.0,1,0.91,1.98,SPY211119C00457000,457.0,normalDay
2021-10-18,8874.0,995.0,0.0,100,447.19,436.0,0,0.0,0.0,,0.0,1,0.91,2.15,SPY211119C00457000,457.0,normalDay
2021-10-19,8874.0,1227.0,0.0,100,450.64,436.0,0,0.0,0.0,,0.0,1,0.91,3.28,SPY211119C00457000,457.0,normalDay
2021-10-20,8874.0,1372.0,0.0,100,452.41,436.0,0,0.0,0.0,,0.0,1,0.91,3.6,SPY211119C00457000,457.0,normalDay
2021-10-21,8874.0,1451.0,0.0,100,453.59,436.0,0,0.0,0.0,,0.0,1,0.91,3.99,SPY211119C00457000,457.0,normalDay
2021-10-22,8874.0,1433.0,0.0,100,453.12,436.0,0,0.0,0.0,,0.0,1,0.91,3.7,SPY211119C00457000,457.0,normalDay
2021-10-25,8874.0,1605.0,0.0,100,455.55,436.0,0,0.0,0.0,,0.0,1,0.91,4.41,SPY211119C00457000,457.0,normalDay
2021-10-26,8874.0,1563.0,0.0,100,455.96,436.0,0,0.0,0.0,,0.0,1,0.91,5.24,SPY211119C00457000,457.0,normalDay
2021-10-27,8874.0,1445.0,0.0,100,453.94,436.0,0,0.0,0.0,,0.0,1,0.91,4.4,SPY211119C00457000,457.0,normalDay
2021-10-28,8874.0,1703.0,0.0,100,458.32,436.0,0,0.0,0.0,,0.0,1,0.91,6.2,SPY211119C00457000,457.0,normalDay
2021-10-29,8874.0,1719.0,0.0,100,459.25,436.0,0,0.0,0.0,,0.0,1,0.91,6.97,SPY211119C00457000,457.0,normalDay
2021-11-01,8874.0,1787.0,0.0,100,460.04,436.0,0,0.0,0.0,,0.0,1,0.91,7.08,SPY211119C00457000,457.0,normalDay
2021-11-02,8874.0,1875.0,0.0,100,461.9,436.0,0,0.0,0.0,,0.0,1,0.91,8.06,SPY211119C00457000,457.0,normalDay
2021-11-03,8874.0,1968.0,0.0,100,464.72,436.0,0,0.0,0.0,,0.0,1,0.91,9.95,SPY211119C00457000,457.0,normalDay
2021-11-04,8874.0,2034.0,0.0,100,466.91,436.0,0,0.0,0.0,,0.0,1,0.91,11.48,SPY211119C00457000,457.0,normalDay
2021-11-05,8874.0,2048.0,0.0,100,468.53,436.0,0,0.0,0.0,,0.0,1,0.91,12.96,SPY211119C00457000,457.0,normalDay
2021-11-08,8874.0,2085.0,0.0,100,468.93,436.0,0,0.0,0.0,,0.0,1,0.91,12.99,SPY211119C00457000,457.0,normalDay
2021-11-09,8874.0,2062.0,0.0,100,467.38,436.0,0,0.0,0.0,,0.0,1,0.91,11.67,SPY211119C00457000,457.0,normalDay
2021-11-10,8874.0,1975.0,0.0,100,463.62,436.0,0,0.0,0.0,,0.0,1,0.91,8.78,SPY211119C00457000,457.0,normalDay
2021-11-11,8874.0,2005.0,0.0,100,463.77,436.0,0,0.0,0.0,,0.0,1,0.91,8.63,SPY211119C00457000,457.0,normalDay
2021-11-12,8874.0,2102.0,0.0,100,467.27,436.0,0,0.0,0.0,,0.0,1,0.91,11.16,SPY211119C00457000,457.0,normalDay
2021-11-15,8874.0,2165.0,0.0,100,467.43,436.0,0,0.0,0.0,,0.0,1,0.91,10.69,SPY211119C00457000,457.0,normalDay
2021-11-16,8874.0,2163.0,0.0,100,469.28,436.0,0,0.0,0.0,,0.0,1,0.91,12.56,SPY211119C00457000,457.0,normalDay
2021-11-17,8874.0,2195.0,0.0,100,468.14,436.0,0,0.0,0.0,,0.0,1,0.91,11.1,SPY211119C00457000,457.0,normalDay
2021-11-18,8874.0,2174.0,0.0,100,469.73,436.0,0,0.0,0.0,,0.0,1,0.91,12.9,SPY211119C00457000,457.0,normalDay
2021-11-19,11065.0,2174.0,2191.0,0,468.89,0.0,0,0.0,0.0,,0.0,1,0.91,0.0,SPY211119C00457000,457.0,expirationDay
2021-11-22,11065.0,-4.0,0.0,0,467.57,0.0,1,1.14,1.18,SPY211203P00452000,452.0,0,0.0,0.0,,0.0,normalDay
2021-11-23,11065.0,10.0,0.0,0,468.19,0.0,1,1.14,1.04,SPY211203P00452000,452.0,0,0.0,0.0,,0.0,normalDay
2021-11-24,11065.0,46.0,0.0,0,469.44,0.0,1,1.14,0.68,SPY211203P00452000,452.0,0,0.0,0.0,,0.0,normalDay
2021-11-26,11065.0,-374.0,0.0,0,458.97,0.0,1,1.14,4.88,SPY211203P00452000,452.0,0,0.0,0.0,,0.0,normalDay
2021-11-29,11065.0,30.0,0.0,0,464.6,0.0,1,1.14,0.84,SPY211203P00452000,452.0,0,0.0,0.0,,0.0,normalDay
2021-11-30,11065.0,-116.0,0.0,0,455.56,0.0,1,1.14,2.3,SPY211203P00452000,452.0,0,0.0,0.0,,0.0,normalDay
2021-12-01,11065.0,-404.0,0.0,0,450.5,0.0,1,1.14,5.18,SPY211203P00452000,452.0,0,0.0,0.0,,0.0,normalDay
2021-12-02,11065.0,25.0,0.0,0,457.4,0.0,1,1.14,0.89,SPY211203P00452000,452.0,0,0.0,0.0,,0.0,normalDay
2021-12-03,11179.0,0.0,114.0,0,453.42,0.0,1,1.14,0.0,SPY211203P00452000,452.0,0,0.0,0.0,,0.0,expirationDay
2021-12-06,11179.0,-4.0,0.0,0,458.79,0.0,1,4.37,4.41,SPY211217P00448000,448.0,0,0.0,0.0,,0.0,normalDay
2021-12-07,11179.0,285.0,0.0,0,468.28,0.0,1,4.37,1.52,SPY211217P00448000,448.0,0,0.0,0.0,,0.0,normalDay
2021-12-08,11179.0,358.0,0.0,0,469.52,0.0,1,4.37,0.79,SPY211217P00448000,448.0,0,0.0,0.0,,0.0,normalDay
2021-12-09,11179.0,310.0,0.0,0,466.35,0.0,1,4.37,1.27,SPY211217P00448000,448.0,0,0.0,0.0,,0.0,normalDay
2021-12-10,11179.0,400.0,0.0,0,470.74,0.0,1,4.37,0.37,SPY211217P00448000,448.0,0,0.0,0.0,,0.0,normalDay
2021-12-13,11179.0,398.0,0.0,0,466.57,0.0,1,4.37,0.39,SPY211217P00448000,448.0,0,0.0,0.0,,0.0,normalDay
2021-12-14,11179.0,382.0,0.0,0,463.36,0.0,1,4.37,0.55,SPY211217P00448000,448.0,0,0.0,0.0,,0.0,normalDay
2021-12-15,11179.0,426.0,0.0,0,470.6,0.0,1,4.37,0.11,SPY211217P00448000,448.0,0,0.0,0.0,,0.0,normalDay
2021-12-16,11179.0,429.0,0.0,0,466.45,0.0,1,4.37,0.08,SPY211217P00448000,448.0,0,0.0,0.0,,0.0,normalDay
2021-12-17,11616.0,0.0,437.0,0,459.87,0.0,1,4.37,0.0,SPY211217P00448000,448.0,0,0.0,0.0,,0.0,expirationDay
2021-12-20,11616.0,-5.0,0.0,0,454.98,0.0,1,3.54,3.59,SPY211231P00447000,447.0,0,0.0,0.0,,0.0,normalDay
2021-12-21,11616.0,216.0,0.0,0,463.06,0.0,1,3.54,1.38,SPY211231P00447000,447.0,0,0.0,0.0,,0.0,normalDay
2021-12-22,11616.0,315.0,0.0,0,467.69,0.0,1,3.54,0.39,SPY211231P00447000,447.0,0,0.0,0.0,,0.0,normalDay
2021-12-23,11616.0,336.0,0.0,0,470.6,0.0,1,3.54,0.18,SPY211231P00447000,447.0,0,0.0,0.0,,0.0,normalDay
2021-12-27,11616.0,348.0,0.0,0,477.26,0.0,1,3.54,0.06,SPY211231P00447000,447.0,0,0.0,0.0,,0.0,normalDay
2021-12-28,11616.0,350.0,0.0,0,476.87,0.0,1,3.54,0.04,SPY211231P00447000,447.0,0,0.0,0.0,,0.0,normalDay
2021-12-29,11616.0,352.0,0.0,0,477.48,0.0,1,3.54,0.02,SPY211231P00447000,447.0,0,0.0,0.0,,0.0,normalDay
2021-12-30,11616.0,352.0,0.0,0,476.16,0.0,1,3.54,0.02,SPY211231P00447000,447.0,0,0.0,0.0,,0.0,normalDay
2021-12-31,11970.0,0.0,354.0,0,474.96,0.0,1,3.54,0.0,SPY211231P00447000,447.0,0,0.0,0.0,,0.0,expirationDay
2022-01-03,11970.0,-3.0,0.0,0,477.71,0.0,1,0.33,0.36,SPY220114P00452000,452.0,0,0.0,0.0,,0.0,normalDay
2022-01-04,11970.0,-1.0,0.0,0,477.55,0.0,1,0.33,0.34,SPY220114P00452000,452.0,0,0.0,0.0,,0.0,normalDay
2022-01-05,11970.0,-86.0,0.0,0,468.38,0.0,1,0.33,1.19,SPY220114P00452000,452.0,0,0.0,0.0,,0.0,normalDay
2022-01-06,11970.0,-58.0,0.0,0,467.94,0.0,1,0.33,0.91,SPY220114P00452000,452.0,0,0.0,0.0,,0.0,normalDay
2022-01-07,11970.0,-23.0,0.0,0,466.09,0.0,1,0.33,0.56,SPY220114P00452000,452.0,0,0.0,0.0,,0.0,normalDay
2022-01-10,11970.0,-27.0,0.0,0,465.51,0.0,1,0.33,0.6,SPY220114P00452000,452.0,0,0.0,0.0,,0.0,normalDay
2022-01-11,11970.0,13.0,0.0,0,469.75,0.0,1,0.33,0.2,SPY220114P00452000,452.0,0,0.0,0.0,,0.0,normalDay
2022-01-12,11970.0,28.0,0.0,0,471.02,0.0,1,0.33,0.05,SPY220114P00452000,452.0,0,0.0,0.0,,0.0,normalDay
2022-01-13,11970.0,23.0,0.0,0,464.53,0.0,1,0.33,0.1,SPY220114P00452000,452.0,0,0.0,0.0,,0.0,normalDay
2022-01-14,12003.0,0.0,33.0,0,464.72,0.0,1,0.33,0.0,SPY220114P00452000,452.0,0,0.0,0.0,,0.0,expirationDay
2022-01-18,12003.0,-4.0,0.0,0,456.49,0.0,1,5.06,5.1,SPY220128P00452000,452.0,0,0.0,0.0,,0.0,normalDay
2022-01-19,12003.0,-118.0,0.0,0,451.75,0.0,1,5.06,6.24,SPY220128P00452000,452.0,0,0.0,0.0,,0.0,normalDay
2022-01-20,12003.0,-422.0,0.0,0,446.75,0.0,1,5.06,9.28,SPY220128P00452000,452.0,0,0.0,0.0,,0.0,normalDay
2022-01-21,12003.0,-1033.0,0.0,0,437.98,0.0,1,5.06,15.39,SPY220128P00452000,452.0,0,0.0,0.0,,0.0,normalDay
2022-01-24,12003.0,-982.0,0.0,0,439.84,0.0,1,5.06,14.88,SPY220128P00452000,452.0,0,0.0,0.0,,0.0,normalDay
2022-01-25,12003.0,-1472.0,0.0,0,434.47,0.0,1,5.06,19.78,SPY220128P00452000,452.0,0,0.0,0.0,,0.0,normalDay
2022-01-26,12003.0,-1451.0,0.0,0,433.38,0.0,1,5.06,19.57,SPY220128P00452000,452.0,0,0.0,0.0,,0.0,normalDay
2022-01-27,12003.0,-1530.0,0.0,0,431.24,0.0,1,5.06,20.36,SPY220128P00452000,452.0,0,0.0,0.0,,0.0,normalDay
2022-01-28,12509.0,-1005.0,506.0,100,441.95,452.0,1,5.06,0.0,SPY220128P00452000,452.0,0,0.0,0.0,,0.0,expirationDay
2022-01-31,12509.0,-212.0,0.0,100,449.91,452.0,0,0.0,0.0,,0.0,1,0.68,0.71,SPY220318C00490000,490.0,normalDay
2022-02-01,12509.0,101.0,0.0,100,452.95,452.0,0,0.0,0.0,,0.0,1,0.68,0.62,SPY220318C00490000,490.0,normalDay
2022-02-02,12509.0,541.0,0.0,100,457.35,452.0,0,0.0,0.0,,0.0,1,0.68,0.62,SPY220318C00490000,490.0,normalDay
2022-02-03,12509.0,-517.0,0.0,100,446.6,452.0,0,0.0,0.0,,0.0,1,0.68,0.45,SPY220318C00490000,490.0,normalDay
2022-02-04,12509.0,-295.0,0.0,100,448.7,452.0,0,0.0,0.0,,0.0,1,0.68,0.33,SPY220318C00490000,490.0,normalDay
2022-02-07,12509.0,-434.0,0.0,100,447.26,452.0,0,0.0,0.0,,0.0,1,0.68,0.28,SPY220318C00490000,490.0,normalDay
2022-02-08,12509.0,-68.0,0.0,100,450.94,452.0,0,0.0,0.0,,0.0,1,0.68,0.3,SPY220318C00490000,490.0,normalDay
2022-02-09,12509.0,576.0,0.0,100,457.54,452.0,0,0.0,0.0,,0.0,1,0.68,0.46,SPY220318C00490000,490.0,normalDay
2022-02-10,12509.0,-228.0,0.0,100,449.32,452.0,0,0.0,0.0,,0.0,1,0.68,0.28,SPY220318C00490000,490.0,normalDay
2022-02-11,12509.0,-1108.0,0.0,100,440.46,452.0,0,0.0,0.0,,0.0,1,0.68,0.22,SPY220318C00490000,490.0,normalDay
2022-02-14,12509.0,-1247.0,0.0,100,439.02,452.0,0,0.0,0.0,,0.0,1,0.68,0.17,SPY220318C00490000,490.0,normalDay
2022-02-15,12509.0,-540.0,0.0,100,446.1,452.0,0,0.0,0.0,,0.0,1,0.68,0.18,SPY220318C00490000,490.0,normalDay
2022-02-16,12509.0,-485.0,0.0,100,446.6,452.0,0,0.0,0.0,,0.0,1,0.68,0.13,SPY220318C00490000,490.0,normalDay
2022-02-17,12509.0,-1434.0,0.0,100,437.06,452.0,0,0.0,0.0,,0.0,1,0.68,0.08,SPY220318C00490000,490.0,normalDay
2022-02-18,12509.0,-1715.0,0.0,100,434.23,452.0,0,0.0,0.0,,0.0,1,0.68,0.06,SPY220318C00490000,490.0,normalDay
2022-02-22,12509.0,-2181.0,0.0,100,429.57,452.0,0,0.0,0.0,,0.0,1,0.68,0.06,SPY220318C00490000,490.0,normalDay
2022-02-23,12509.0,-2942.0,0.0,100,421.95,452.0,0,0.0,0.0,,0.0,1,0.68,0.05,SPY220318C00490000,490.0,normalDay
2022-02-24,12509.0,-2309.0,0.0,100,428.3,452.0,0,0.0,0.0,,0.0,1,0.68,0.07,SPY220318C00490000,490.0,normalDay
2022-02-25,12509.0,-1364.0,0.0,100,437.75,452.0,0,0.0,0.0,,0.0,1,0.68,0.07,SPY220318C00490000,490.0,normalDay
2022-02-28,12509.0,-1474.0,0.0,100,436.63,452.0,0,0.0,0.0,,0.0,1,0.68,0.05,SPY220318C00490000,490.0,normalDay
2022-03-01,12509.0,-2138.0,0.0,100,429.98,452.0,0,0.0,0.0,,0.0,1,0.68,0.04,SPY220318C00490000,490.0,normalDay
2022-03-02,12509.0,-1347.0,0.0,100,437.89,452.0,0,0.0,0.0,,0.0,1,0.68,0.04,SPY220318C00490000,490.0,normalDay
2022-03-03,12509.0,-1564.0,0.0,100,435.71,452.0,0,0.0,0.0,,0.0,1,0.68,0.03,SPY220318C00490000,490.0,normalDay
2022-03-04,12509.0,-1917.0,0.0,100,432.17,452.0,0,0.0,0.0,,0.0,1,0.68,0.02,SPY220318C00490000,490.0,normalDay
2022-03-07,12509.0,-3191.0,0.0,100,419.43,452.0,0,0.0,0.0,,0.0,1,0.68,0.02,SPY220318C00490000,490.0,normalDay
2022-03-08,12509.0,-3509.0,0.0,100,416.25,452.0,0,0.0,0.0,,0.0,1,0.68,0.02,SPY220318C00490000,490.0,normalDay
2022-03-09,12509.0,-2393.0,0.0,100,427.41,452.0,0,0.0,0.0,,0.0,1,0.68,0.02,SPY220318C00490000,490.0,normalDay
2022-03-10,12509.0,-2585.0,0.0,100,425.48,452.0,0,0.0,0.0,,0.0,1,0.68,0.01,SPY220318C00490000,490.0,normalDay
2022-03-11,12509.0,-3126.0,0.0,100,420.07,452.0,0,0.0,0.0,,0.0,1,0.68,0.01,SPY220318C00490000,490.0,normalDay
2022-03-14,12509.0,-3433.0,0.0,100,417.0,452.0,0,0.0,0.0,,0.0,1,0.68,0.01,SPY220318C00490000,490.0,normalDay
2022-03-15,12509.0,-2516.0,0.0,100,426.17,452.0,0,0.0,0.0,,0.0,1,0.68,0.01,SPY220318C00490000,490.0,normalDay
2022-03-16,12509.0,-1571.0,0.0,100,435.62,452.0,0,0.0,0.0,,0.0,1,0.68,0.01,SPY220318C00490000,490.0,normalDay
2022-03-17,12509.0,-1026.0,0.0,100,441.07,452.0,0,0.0,0.0,,0.0,1,0.68,0.01,SPY220318C00490000,490.0,normalDay
2022-03-18,12577.0,-748.0,68.0,100,444.52,452.0,0,0.0,0.0,,0.0,1,0.68,0.0,SPY220318C00490000,490.0,expirationDay
2022-03-21,12577.0,-767.0,0.0,100,444.39,452.0,0,0.0,0.0,,0.0,1,8.32,8.38,SPY220429C00450000,450.0,normalDay
2022-03-22,12577.0,-475.0,0.0,100,449.59,452.0,0,0.0,0.0,,0.0,1,8.32,10.66,SPY220429C00450000,450.0,normalDay
2022-03-23,12577.0,-740.0,0.0,100,443.8,452.0,0,0.0,0.0,,0.0,1,8.32,7.52,SPY220429C00450000,450.0,normalDay
2022-03-24,12577.0,-366.0,0.0,100,450.49,452.0,0,0.0,0.0,,0.0,1,8.32,10.47,SPY220429C00450000,450.0,normalDay
2022-03-25,12577.0,-237.0,0.0,100,452.69,452.0,0,0.0,0.0,,0.0,1,8.32,11.38,SPY220429C00450000,450.0,normalDay
2022-03-28,12577.0,-64.0,0.0,100,455.91,452.0,0,0.0,0.0,,0.0,1,8.32,12.87,SPY220429C00450000,450.0,normalDay
2022-03-29,12577.0,152.0,0.0,100,461.55,452.0,0,0.0,0.0,,0.0,1,8.32,16.35,SPY220429C00450000,450.0,normalDay
2022-03-30,12577.0,14.0,0.0,100,458.7,452.0,0,0.0,0.0,,0.0,1,8.32,14.88,SPY220429C00450000,450.0,normalDay
2022-03-31,12577.0,-232.0,0.0,100,451.64,452.0,0,0.0,0.0,,0.0,1,8.32,10.28,SPY220429C00450000,450.0,normalDay
2022-04-01,12577.0,-54.0,0.0,100,452.92,452.0,0,0.0,0.0,,0.0,1,8.32,9.78,SPY220429C00450000,450.0,normalDay
2022-04-04,12577.0,156.0,0.0,100,456.8,452.0,0,0.0,0.0,,0.0,1,8.32,11.56,SPY220429C00450000,450.0,normalDay
2022-04-05,12577.0,-125.0,0.0,100,451.03,452.0,0,0.0,0.0,,0.0,1,8.32,8.6,SPY220429C00450000,450.0,normalDay
2022-04-06,12577.0,-311.0,0.0,100,446.52,452.0,0,0.0,0.0,,0.0,1,8.32,5.95,SPY220429C00450000,450.0,normalDay
2022-04-07,12577.0,-172.0,0.0,100,448.77,452.0,0,0.0,0.0,,0.0,1,8.32,6.81,SPY220429C00450000,450.0,normalDay
2022-04-08,12577.0,-202.0,0.0,100,447.57,452.0,0,0.0,0.0,,0.0,1,8.32,5.91,SPY220429C00450000,450.0,normalDay
2022-04-11,12577.0,-673.0,0.0,100,439.92,452.0,0,0.0,0.0,,0.0,1,8.32,2.97,SPY220429C00450000,450.0,normalDay
2022-04-12,12577.0,-771.0,0.0,100,438.29,452.0,0,0.0,0.0,,0.0,1,8.32,2.32,SPY220429C00450000,450.0,normalDay
2022-04-13,12577.0,-341.0,0.0,100,443.31,452.0,0,0.0,0.0,,0.0,1,8.32,3.04,SPY220429C00450000,450.0,normalDay
2022-04-14,12577.0,-736.0,0.0,100,437.79,452.0,0,0.0,0.0,,0.0,1,8.32,1.47,SPY220429C00450000,450.0,normalDay
2022-04-18,12577.0,-704.0,0.0,100,437.97,452.0,0,0.0,0.0,,0.0,1,8.32,1.33,SPY220429C00450000,450.0,normalDay
2022-04-19,12577.0,-89.0,0.0,100,445.04,452.0,0,0.0,0.0,,0.0,1,8.32,2.25,SPY220429C00450000,450.0,normalDay
2022-04-20,12577.0,-175.0,0.0,100,444.71,452.0,0,0.0,0.0,,0.0,1,8.32,2.78,SPY220429C00450000,450.0,normalDay
2022-04-21,12577.0,-636.0,0.0,100,438.06,452.0,0,0.0,0.0,,0.0,1,8.32,0.74,SPY220429C00450000,450.0,normalDay
2022-04-22,12577.0,-1773.0,0.0,100,426.04,452.0,0,0.0,0.0,,0.0,1,8.32,0.09,SPY220429C00450000,450.0,normalDay
2022-04-25,12577.0,-1525.0,0.0,100,428.51,452.0,0,0.0,0.0,,0.0,1,8.32,0.08,SPY220429C00450000,450.0,normalDay
2022-04-26,12577.0,-2762.0,0.0,100,416.1,452.0,0,0.0,0.0,,0.0,1,8.32,0.04,SPY220429C00450000,450.0,normalDay
2022-04-27,12577.0,-2643.0,0.0,100,417.27,452.0,0,0.0,0.0,,0.0,1,8.32,0.02,SPY220429C00450000,450.0,normalDay
2022-04-28,12577.0,-1588.0,0.0,100,427.81,452.0,0,0.0,0.0,,0.0,1,8.32,0.01,SPY220429C00450000,450.0,normalDay
2022-04-29,13409.0,-4000.0,832.0,100,412.0,452.0,0,0.0,0.0,,0.0,1,8.32,0.0,SPY220429C00450000,450.0,expirationDay
2022-05-02,13409.0,-3755.0,0.0,100,414.48,452.0,0,0.0,0.0,,0.0,1,0.55,0.58,SPY220617C00465000,465.0,normalDay
2022-05-03,13409.0,-3553.0,0.0,100,416.38,452.0,0,0.0,0.0,,0.0,1,0.55,0.46,SPY220617C00465000,465.0,normalDay
2022-05-04,13409.0,-2331.0,0.0,100,429.06,452.0,0,0.0,0.0,,0.0,1,0.55,0.92,SPY220617C00465000,465.0,normalDay
2022-05-05,13409.0,-3807.0,0.0,100,413.81,452.0,0,0.0,0.0,,0.0,1,0.55,0.43,SPY220617C00465000,465.0,normalDay
2022-05-06,13409.0,-4040.0,0.0,100,411.34,452.0,0,0.0,0.0,,0.0,1,0.55,0.29,SPY220617C00465000,465.0,normalDay
2022-05-09,13409.0,-5349.0,0.0,100,398.17,452.0,0,0.0,0.0,,0.0,1,0.55,0.21,SPY220617C00465000,465.0,normalDay
2022-05-10,13409.0,-5249.0,0.0,100,399.09,452.0,0,0.0,0.0,,0.0,1,0.55,0.13,SPY220617C00465000,465.0,normalDay
2022-05-11,13409.0,-5881.0,0.0,100,392.75,452.0,0,0.0,0.0,,0.0,1,0.55,0.11,SPY220617C00465000,465.0,normalDay
2022-05-12,13409.0,-5921.0,0.0,100,392.34,452.0,0,0.0,0.0,,0.0,1,0.55,0.1,SPY220617C00465000,465.0,normalDay
2022-05-13,13409.0,-4982.0,0.0,100,401.72,452.0,0,0.0,0.0,,0.0,1,0.55,0.09,SPY220617C00465000,465.0,normalDay
2022-05-16,13409.0,-5142.0,0.0,100,400.09,452.0,0,0.0,0.0,,0.0,1,0.55,0.06,SPY220617C00465000,465.0,normalDay
2022-05-17,13409.0,-4319.0,0.0,100,408.32,452.0,0,0.0,0.0,,0.0,1,0.55,0.06,SPY220617C00465000,465.0,normalDay
2022-05-18,13409.0,-5963.0,0.0,100,391.86,452.0,0,0.0,0.0,,0.0,1,0.55,0.04,SPY220617C00465000,465.0,normalDay
2022-05-19,13409.0,-6203.0,0.0,100,389.46,452.0,0,0.0,0.0,,0.0,1,0.55,0.04,SPY220617C00465000,465.0,normalDay
2022-05-20,13409.0,-6186.0,0.0,100,389.63,452.0,0,0.0,0.0,,0.0,1,0.55,0.04,SPY220617C00465000,465.0,normalDay
2022-05-23,13409.0,-5458.0,0.0,100,396.92,452.0,0,0.0,0.0,,0.0,1,0.55,0.05,SPY220617C00465000,465.0,normalDay
2022-05-24,13409.0,-5761.0,0.0,100,393.89,452.0,0,0.0,0.0,,0.0,1,0.55,0.05,SPY220617C00465000,465.0,normalDay
2022-05-25,13409.0,-5413.0,0.0,100,397.37,452.0,0,0.0,0.0,,0.0,1,0.55,0.05,SPY220617C00465000,465.0,normalDay
2022-05-26,13409.0,-4620.0,0.0,100,405.31,452.0,0,0.0,0.0,,0.0,1,0.55,0.06,SPY220617C00465000,465.0,normalDay
2022-05-27,13409.0,-3628.0,0.0,100,415.26,452.0,0,0.0,0.0,,0.0,1,0.55,0.09,SPY220617C00465000,465.0,normalDay
2022-05-31,13409.0,-3857.0,0.0,100,412.93,452.0,0,0.0,0.0,,0.0,1,0.55,0.05,SPY220617C00465000,465.0,normalDay
2022-06-01,13409.0,-4190.0,0.0,100,409.59,452.0,0,0.0,0.0,,0.0,1,0.55,0.04,SPY220617C00465000,465.0,normalDay
2022-06-02,13409.0,-3410.0,0.0,100,417.39,452.0,0,0.0,0.0,,0.0,1,0.55,0.04,SPY220617C00465000,465.0,normalDay
2022-06-03,13409.0,-4094.0,0.0,100,410.54,452.0,0,0.0,0.0,,0.0,1,0.55,0.03,SPY220617C00465000,465.0,normalDay
2022-06-06,13409.0,-3969.0,0.0,100,411.79,452.0,0,0.0,0.0,,0.0,1,0.55,0.03,SPY220617C00465000,465.0,normalDay
2022-06-07,13409.0,-3573.0,0.0,100,415.74,452.0,0,0.0,0.0,,0.0,1,0.55,0.02,SPY220617C00465000,465.0,normalDay
2022-06-08,13409.0,-4025.0,0.0,100,411.22,452.0,0,0.0,0.0,,0.0,1,0.55,0.02,SPY220617C00465000,465.0,normalDay
2022-06-09,13409.0,-5003.0,0.0,100,401.44,452.0,0,0.0,0.0,,0.0,1,0.55,0.02,SPY220617C00465000,465.0,normalDay
2022-06-10,13409.0,-6166.0,0.0,100,389.8,452.0,0,0.0,0.0,,0.0,1,0.55,0.01,SPY220617C00465000,465.0,normalDay
2022-06-13,13409.0,-7646.0,0.0,100,375.0,452.0,0,0.0,0.0,,0.0,1,0.55,0.01,SPY220617C00465000,465.0,normalDay
2022-06-14,13409.0,-7759.0,0.0,100,373.87,452.0,0,0.0,0.0,,0.0,1,0.55,0.01,SPY220617C00465000,465.0,normalDay
2022-06-15,13409.0,-7226.0,0.0,100,379.2,452.0,0,0.0,0.0,,0.0,1,0.55,0.01,SPY220617C00465000,465.0,normalDay
2022-06-16,13409.0,-8481.0,0.0,100,366.65,452.0,0,0.0,0.0,,0.0,1,0.55,0.01,SPY220617C00465000,465.0,normalDay
2022-06-17,13464.0,-8614.0,55.0,100,365.86,452.0,0,0.0,0.0,,0.0,1,0.55,0.0,SPY220617C00465000,465.0,expirationDay
2022-06-21,13464.0,-7697.0,0.0,100,375.07,452.0,0,0.0,0.0,,0.0,1,0.22,0.26,SPY220729C00435000,435.0,normalDay
2022-06-22,13464.0,-7763.0,0.0,100,374.39,452.0,0,0.0,0.0,,0.0,1,0.22,0.24,SPY220729C00435000,435.0,normalDay
2022-06-23,13464.0,-7397.0,0.0,100,378.06,452.0,0,0.0,0.0,,0.0,1,0.22,0.25,SPY220729C00435000,435.0,normalDay
2022-06-24,13464.0,-6219.0,0.0,100,390.08,452.0,0,0.0,0.0,,0.0,1,0.22,0.49,SPY220729C00435000,435.0,normalDay
2022-06-27,13464.0,-6358.0,0.0,100,388.59,452.0,0,0.0,0.0,,0.0,1,0.22,0.39,SPY220729C00435000,435.0,normalDay
2022-06-28,13464.0,-7132.0,0.0,100,380.65,452.0,0,0.0,0.0,,0.0,1,0.22,0.19,SPY220729C00435000,435.0,normalDay
2022-06-29,13464.0,-7162.0,0.0,100,380.34,452.0,0,0.0,0.0,,0.0,1,0.22,0.18,SPY220729C00435000,435.0,normalDay
2022-06-30,13464.0,-7464.0,0.0,100,377.25,452.0,0,0.0,0.0,,0.0,1,0.22,0.11,SPY220729C00435000,435.0,normalDay
2022-07-01,13464.0,-7064.0,0.0,100,381.24,452.0,0,0.0,0.0,,0.0,1,0.22,0.1,SPY220729C00435000,435.0,normalDay
2022-07-05,13464.0,-6990.0,0.0,100,381.96,452.0,0,0.0,0.0,,0.0,1,0.22,0.08,SPY220729C00435000,435.0,normalDay
2022-07-06,13464.0,-6860.0,0.0,100,383.25,452.0,0,0.0,0.0,,0.0,1,0.22,0.07,SPY220729C00435000,435.0,normalDay
2022-07-07,13464.0,-6288.0,0.0,100,388.99,452.0,0,0.0,0.0,,0.0,1,0.22,0.09,SPY220729C00435000,435.0,normalDay
2022-07-08,13464.0,-6317.0,0.0,100,388.67,452.0,0,0.0,0.0,,0.0,1,0.22,0.06,SPY220729C00435000,435.0,normalDay
2022-07-11,13464.0,-6758.0,0.0,100,384.23,452.0,0,0.0,0.0,,0.0,1,0.22,0.03,SPY220729C00435000,435.0,normalDay
2022-07-12,13464.0,-7098.0,0.0,100,380.83,452.0,0,0.0,0.0,,0.0,1,0.22,0.03,SPY220729C00435000,435.0,normalDay
2022-07-13,13464.0,-7297.0,0.0,100,378.83,452.0,0,0.0,0.0,,0.0,1,0.22,0.02,SPY220729C00435000,435.0,normalDay
2022-07-14,13464.0,-7389.0,0.0,100,377.91,452.0,0,0.0,0.0,,0.0,1,0.22,0.02,SPY220729C00435000,435.0,normalDay
2022-07-15,13464.0,-6667.0,0.0,100,385.13,452.0,0,0.0,0.0,,0.0,1,0.22,0.02,SPY220729C00435000,435.0,normalDay
2022-07-18,13464.0,-6985.0,0.0,100,381.95,452.0,0,0.0,0.0,,0.0,1,0.22,0.02,SPY220729C00435000,435.0,normalDay
2022-07-19,13464.0,-5953.0,0.0,100,392.27,452.0,0,0.0,0.0,,0.0,1,0.22,0.02,SPY220729C00435000,435.0,normalDay
2022-07-20,13464.0,-5704.0,0.0,100,394.77,452.0,0,0.0,0.0,,0.0,1,0.22,0.03,SPY220729C00435000,435.0,normalDay
2022-07-21,13464.0,-5301.0,0.0,100,398.79,452.0,0,0.0,0.0,,0.0,1,0.22,0.02,SPY220729C00435000,435.0,normalDay
2022-07-22,13464.0,-5670.0,0.0,100,395.09,452.0,0,0.0,0.0,,0.0,1,0.22,0.01,SPY220729C00435000,435.0,normalDay
2022-07-25,13464.0,-5622.0,0.0,100,395.57,452.0,0,0.0,0.0,,0.0,1,0.22,0.01,SPY220729C00435000,435.0,normalDay
2022-07-26,13464.0,-6090.0,0.0,100,390.89,452.0,0,0.0,0.0,,0.0,1,0.22,0.01,SPY220729C00435000,435.0,normalDay
2022-07-27,13464.0,-5075.0,0.0,100,401.04,452.0,0,0.0,0.0,,0.0,1,0.22,0.01,SPY220729C00435000,435.0,normalDay
2022-07-28,13464.0,-4572.0,0.0,100,406.07,452.0,0,0.0,0.0,,0.0,1,0.22,0.01,SPY220729C00435000,435.0,normalDay
2022-07-29,13486.0,-4001.0,22.0,100,411.99,452.0,0,0.0,0.0,,0.0,1,0.22,0.0,SPY220729C00435000,435.0,expirationDay
2022-08-01,13486.0,-4129.0,0.0,100,410.77,452.0,0,0.0,0.0,,0.0,1,10.49,10.55,SPY220916C00414000,414.0,normalDay
2022-08-02,13486.0,-4273.0,0.0,100,408.06,452.0,0,0.0,0.0,,0.0,1,10.49,9.28,SPY220916C00414000,414.0,normalDay
2022-08-03,13486.0,-3888.0,0.0,100,414.45,452.0,0,0.0,0.0,,0.0,1,10.49,11.82,SPY220916C00414000,414.0,normalDay
2022-08-04,13486.0,-3899.0,0.0,100,414.17,452.0,0,0.0,0.0,,0.0,1,10.49,11.65,SPY220916C00414000,414.0,normalDay
2022-08-05,13486.0,-3854.0,0.0,100,413.47,452.0,0,0.0,0.0,,0.0,1,10.49,10.5,SPY220916C00414000,414.0,normalDay
2022-08-08,13486.0,-3879.0,0.0,100,412.99,452.0,0,0.0,0.0,,0.0,1,10.49,10.27,SPY220916C00414000,414.0,normalDay
2022-08-09,13486.0,-3961.0,0.0,100,411.35,452.0,0,0.0,0.0,,0.0,1,10.49,9.45,SPY220916C00414000,414.0,normalDay
2022-08-10,13486.0,-3513.0,0.0,100,419.99,452.0,0,0.0,0.0,,0.0,1,10.49,13.61,SPY220916C00414000,414.0,normalDay
2022-08-11,13486.0,-3553.0,0.0,100,419.99,452.0,0,0.0,0.0,,0.0,1,10.49,14.01,SPY220916C00414000,414.0,normalDay
2022-08-12,13486.0,-3269.0,0.0,100,427.1,452.0,0,0.0,0.0,,0.0,1,10.49,18.28,SPY220916C00414000,414.0,normalDay
2022-08-15,13486.0,-3213.0,0.0,100,428.86,452.0,0,0.0,0.0,,0.0,1,10.49,19.48,SPY220916C00414000,414.0,normalDay
2022-08-16,13486.0,-3169.0,0.0,100,429.7,452.0,0,0.0,0.0,,0.0,1,10.49,19.88,SPY220916C00414000,414.0,normalDay
2022-08-17,13486.0,-3275.0,0.0,100,426.65,452.0,0,0.0,0.0,,0.0,1,10.49,17.89,SPY220916C00414000,414.0,normalDay
2022-08-18,13486.0,-3173.0,0.0,100,427.89,452.0,0,0.0,0.0,,0.0,1,10.49,18.11,SPY220916C00414000,414.0,normalDay
2022-08-19,13486.0,-3337.0,0.0,100,422.14,452.0,0,0.0,0.0,,0.0,1,10.49,14.0,SPY220916C00414000,414.0,normalDay
2022-08-22,13486.0,-3707.0,0.0,100,413.35,452.0,0,0.0,0.0,,0.0,1,10.49,8.91,SPY220916C00414000,414.0,normalDay
2022-08-23,13486.0,-3704.0,0.0,100,412.35,452.0,0,0.0,0.0,,0.0,1,10.49,7.88,SPY220916C00414000,414.0,normalDay
2022-08-24,13486.0,-3604.0,0.0,100,413.67,452.0,0,0.0,0.0,,0.0,1,10.49,8.2,SPY220916C00414000,414.0,normalDay
2022-08-25,13486.0,-3300.0,0.0,100,419.51,452.0,0,0.0,0.0,,0.0,1,10.49,11.0,SPY220916C00414000,414.0,normalDay
2022-08-26,13486.0,-4060.0,0.0,100,405.31,452.0,0,0.0,0.0,,0.0,1,10.49,4.4,SPY220916C00414000,414.0,normalDay
2022-08-29,13486.0,-4212.0,0.0,100,402.63,452.0,0,0.0,0.0,,0.0,1,10.49,3.24,SPY220916C00414000,414.0,normalDay
2022-08-30,13486.0,-4522.0,0.0,100,398.21,452.0,0,0.0,0.0,,0.0,1,10.49,1.92,SPY220916C00414000,414.0,normalDay
2022-08-31,13486.0,-4753.0,0.0,100,395.18,452.0,0,0.0,0.0,,0.0,1,10.49,1.2,SPY220916C00414000,414.0,normalDay
2022-09-01,13486.0,-4619.0,0.0,100,396.42,452.0,0,0.0,0.0,,0.0,1,10.49,1.1,SPY220916C00414000,414.0,normalDay
2022-09-02,13486.0,-4985.0,0.0,100,392.24,452.0,0,0.0,0.0,,0.0,1,10.49,0.58,SPY220916C00414000,414.0,normalDay
2022-09-06,13486.0,-5111.0,0.0,100,390.76,452.0,0,0.0,0.0,,0.0,1,10.49,0.36,SPY220916C00414000,414.0,normalDay
2022-09-07,13486.0,-4440.0,0.0,100,397.78,452.0,0,0.0,0.0,,0.0,1,10.49,0.67,SPY220916C00414000,414.0,normalDay
2022-09-08,13486.0,-4190.0,0.0,100,400.38,452.0,0,0.0,0.0,,0.0,1,10.49,0.77,SPY220916C00414000,414.0,normalDay
2022-09-09,13486.0,-3633.0,0.0,100,406.6,452.0,0,0.0,0.0,,0.0,1,10.49,1.42,SPY220916C00414000,414.0,normalDay
2022-09-12,13486.0,-3357.0,0.0,100,410.97,452.0,0,0.0,0.0,,0.0,1,10.49,3.03,SPY220916C00414000,414.0,normalDay
2022-09-13,13486.0,-4851.0,0.0,100,393.1,452.0,0,0.0,0.0,,0.0,1,10.49,0.1,SPY220916C00414000,414.0,normalDay
2022-09-14,13486.0,-4694.0,0.0,100,394.6,452.0,0,0.0,0.0,,0.0,1,10.49,0.03,SPY220916C00414000,414.0,normalDay
2022-09-15,13486.0,-5140.0,0.0,100,390.12,452.0,0,0.0,0.0,,0.0,1,10.49,0.01,SPY220916C00414000,414.0,normalDay
2022-09-16,14535.0,-6644.0,1049.0,100,385.56,452.0,0,0.0,0.0,,0.0,1,10.49,0.0,SPY220916C00414000,414.0,expirationDay
2022-09-19,14535.0,-6349.0,0.0,100,388.55,452.0,0,0.0,0.0,,0.0,1,1.44,1.48,SPY221028C00422000,422.0,normalDay
2022-09-20,14535.0,-6755.0,0.0,100,384.09,452.0,0,0.0,0.0,,0.0,1,1.44,1.08,SPY221028C00422000,422.0,normalDay
2022-09-21,14535.0,-7381.0,0.0,100,377.39,452.0,0,0.0,0.0,,0.0,1,1.44,0.64,SPY221028C00422000,422.0,normalDay
2022-09-22,14535.0,-7676.0,0.0,100,374.22,452.0,0,0.0,0.0,,0.0,1,1.44,0.42,SPY221028C00422000,422.0,normalDay
2022-09-23,14535.0,-8288.0,0.0,100,367.95,452.0,0,0.0,0.0,,0.0,1,1.44,0.27,SPY221028C00422000,422.0,normalDay
2022-09-26,14535.0,-8647.0,0.0,100,364.31,452.0,0,0.0,0.0,,0.0,1,1.44,0.22,SPY221028C00422000,422.0,normalDay
2022-09-27,14535.0,-8735.0,0.0,100,363.38,452.0,0,0.0,0.0,,0.0,1,1.44,0.17,SPY221028C00422000,422.0,normalDay
2022-09-28,14535.0,-8030.0,0.0,100,370.53,452.0,0,0.0,0.0,,0.0,1,1.44,0.27,SPY221028C00422000,422.0,normalDay
2022-09-29,14535.0,-8789.0,0.0,100,362.79,452.0,0,0.0,0.0,,0.0,1,1.44,0.12,SPY221028C00422000,422.0,normalDay
2022-09-30,14535.0,-9347.0,0.0,100,357.18,452.0,0,0.0,0.0,,0.0,1,1.44,0.09,SPY221028C00422000,422.0,normalDay
2022-10-03,14535.0,-8407.0,0.0,100,366.61,452.0,0,0.0,0.0,,0.0,1,1.44,0.12,SPY221028C00422000,422.0,normalDay
2022-10-04,14535.0,-7289.0,0.0,100,377.97,452.0,0,0.0,0.0,,0.0,1,1.44,0.3,SPY221028C00422000,422.0,normalDay
2022-10-05,14535.0,-7368.0,0.0,100,377.09,452.0,0,0.0,0.0,,0.0,1,1.44,0.21,SPY221028C00422000,422.0,normalDay
2022-10-06,14535.0,-7751.0,0.0,100,373.2,452.0,0,0.0,0.0,,0.0,1,1.44,0.15,SPY221028C00422000,422.0,normalDay
2022-10-07,14535.0,-8783.0,0.0,100,362.79,452.0,0,0.0,0.0,,0.0,1,1.44,0.06,SPY221028C00422000,422.0,normalDay
2022-10-10,14535.0,-9059.0,0.0,100,360.02,452.0,0,0.0,0.0,,0.0,1,1.44,0.05,SPY221028C00422000,422.0,normalDay
2022-10-11,14535.0,-9287.0,0.0,100,357.74,452.0,0,0.0,0.0,,0.0,1,1.44,0.05,SPY221028C00422000,422.0,normalDay
2022-10-12,14535.0,-9404.0,0.0,100,356.56,452.0,0,0.0,0.0,,0.0,1,1.44,0.04,SPY221028C00422000,422.0,normalDay
2022-10-13,14535.0,-8467.0,0.0,100,365.97,452.0,0,0.0,0.0,,0.0,1,1.44,0.08,SPY221028C00422000,422.0,normalDay
2022-10-14,14535.0,-9297.0,0.0,100,357.63,452.0,0,0.0,0.0,,0.0,1,1.44,0.04,SPY221028C00422000,422.0,normalDay
2022-10-17,14535.0,-8378.0,0.0,100,366.82,452.0,0,0.0,0.0,,0.0,1,1.44,0.04,SPY221028C00422000,422.0,normalDay
2022-10-18,14535.0,-7948.0,0.0,100,371.13,452.0,0,0.0,0.0,,0.0,1,1.44,0.05,SPY221028C00422000,422.0,normalDay
2022-10-19,14535.0,-8209.0,0.0,100,368.5,452.0,0,0.0,0.0,,0.0,1,1.44,0.03,SPY221028C00422000,422.0,normalDay
2022-10-20,14535.0,-8516.0,0.0,100,365.41,452.0,0,0.0,0.0,,0.0,1,1.44,0.01,SPY221028C00422000,422.0,normalDay
2022-10-21,14535.0,-7630.0,0.0,100,374.29,452.0,0,0.0,0.0,,0.0,1,1.44,0.03,SPY221028C00422000,422.0,normalDay
2022-10-24,14535.0,-7171.0,0.0,100,378.87,452.0,0,0.0,0.0,,0.0,1,1.44,0.02,SPY221028C00422000,422.0,normalDay
2022-10-25,14535.0,-6565.0,0.0,100,384.92,452.0,0,0.0,0.0,,0.0,1,1.44,0.01,SPY221028C00422000,422.0,normalDay
2022-10-26,14535.0,-6855.0,0.0,100,382.02,452.0,0,0.0,0.0,,0.0,1,1.44,0.01,SPY221028C00422000,422.0,normalDay
2022-10-27,14535.0,-7059.0,0.0,100,379.98,452.0,0,0.0,0.0,,0.0,1,1.44,0.01,SPY221028C00422000,422.0,normalDay
2022-10-28,14679.0,-6298.0,144.0,100,389.02,452.0,0,0.0,0.0,,0.0,1,1.44,0.0,SPY221028C00422000,422.0,expirationDay
2022-10-31,14679.0,-6584.0,0.0,100,386.21,452.0,0,0.0,0.0,,0.0,1,10.53,10.58,SPY221216C00394000,394.0,normalDay
2022-11-01,14679.0,-6644.0,0.0,100,384.52,452.0,0,0.0,0.0,,0.0,1,10.53,9.49,SPY221216C00394000,394.0,normalDay
2022-11-02,14679.0,-7220.0,0.0,100,374.87,452.0,0,0.0,0.0,,0.0,1,10.53,5.6,SPY221216C00394000,394.0,normalDay
2022-11-03,14679.0,-7479.0,0.0,100,371.01,452.0,0,0.0,0.0,,0.0,1,10.53,4.33,SPY221216C00394000,394.0,normalDay
2022-11-04,14679.0,-7074.0,0.0,100,376.35,452.0,0,0.0,0.0,,0.0,1,10.53,5.62,SPY221216C00394000,394.0,normalDay
2022-11-07,14679.0,-6794.0,0.0,100,379.95,452.0,0,0.0,0.0,,0.0,1,10.53,6.42,SPY221216C00394000,394.0,normalDay
2022-11-08,14679.0,-6656.0,0.0,100,382.0,452.0,0,0.0,0.0,,0.0,1,10.53,7.09,SPY221216C00394000,394.0,normalDay
2022-11-09,14679.0,-7194.0,0.0,100,374.13,452.0,0,0.0,0.0,,0.0,1,10.53,4.6,SPY221216C00394000,394.0,normalDay
2022-11-10,14679.0,-5965.0,0.0,100,394.69,452.0,0,0.0,0.0,,0.0,1,10.53,12.87,SPY221216C00394000,394.0,normalDay
2022-11-11,14679.0,-5709.0,0.0,100,398.51,452.0,0,0.0,0.0,,0.0,1,10.53,14.13,SPY221216C00394000,394.0,normalDay
2022-11-14,14679.0,-5853.0,0.0,100,395.12,452.0,0,0.0,0.0,,0.0,1,10.53,12.18,SPY221216C00394000,394.0,normalDay
2022-11-15,14679.0,-5687.0,0.0,100,398.49,452.0,0,0.0,0.0,,0.0,1,10.53,13.89,SPY221216C00394000,394.0,normalDay
2022-11-16,14679.0,-5777.0,0.0,100,395.45,452.0,0,0.0,0.0,,0.0,1,10.53,11.75,SPY221216C00394000,394.0,normalDay
2022-11-17,14679.0,-5790.0,0.0,100,394.24,452.0,0,0.0,0.0,,0.0,1,10.53,10.67,SPY221216C00394000,394.0,normalDay
2022-11-18,14679.0,-5645.0,0.0,100,396.03,452.0,0,0.0,0.0,,0.0,1,10.53,11.01,SPY221216C00394000,394.0,normalDay
2022-11-21,14679.0,-5657.0,0.0,100,394.59,452.0,0,0.0,0.0,,0.0,1,10.53,9.69,SPY221216C00394000,394.0,normalDay
2022-11-22,14679.0,-5385.0,0.0,100,399.9,452.0,0,0.0,0.0,,0.0,1,10.53,12.28,SPY221216C00394000,394.0,normalDay
2022-11-23,14679.0,-5268.0,0.0,100,402.42,452.0,0,0.0,0.0,,0.0,1,10.53,13.63,SPY221216C00394000,394.0,normalDay
2022-11-25,14679.0,-5452.0,0.0,100,402.33,452.0,0,0.0,0.0,,0.0,1,10.53,15.38,SPY221216C00394000,394.0,normalDay
2022-11-28,14679.0,-5488.0,0.0,100,395.91,452.0,0,0.0,0.0,,0.0,1,10.53,9.32,SPY221216C00394000,394.0,normalDay
2022-11-29,14679.0,-5488.0,0.0,100,395.23,452.0,0,0.0,0.0,,0.0,1,10.53,8.64,SPY221216C00394000,394.0,normalDay
2022-11-30,14679.0,-5081.0,0.0,100,407.68,452.0,0,0.0,0.0,,0.0,1,10.53,17.02,SPY221216C00394000,394.0,normalDay
2022-12-01,14679.0,-5014.0,0.0,100,407.38,452.0,0,0.0,0.0,,0.0,1,10.53,16.05,SPY221216C00394000,394.0,normalDay
2022-12-02,14679.0,-4974.0,0.0,100,406.91,452.0,0,0.0,0.0,,0.0,1,10.53,15.18,SPY221216C00394000,394.0,normalDay
2022-12-05,14679.0,-5197.0,0.0,100,399.59,452.0,0,0.0,0.0,,0.0,1,10.53,10.09,SPY221216C00394000,394.0,normalDay
2022-12-06,14679.0,-5460.0,0.0,100,393.83,452.0,0,0.0,0.0,,0.0,1,10.53,6.96,SPY221216C00394000,394.0,normalDay
2022-12-07,14679.0,-5470.0,0.0,100,393.16,452.0,0,0.0,0.0,,0.0,1,10.53,6.39,SPY221216C00394000,394.0,normalDay
2022-12-08,14679.0,-5289.0,0.0,100,396.24,452.0,0,0.0,0.0,,0.0,1,10.53,7.66,SPY221216C00394000,394.0,normalDay
2022-12-09,14679.0,-5402.0,0.0,100,393.28,452.0,0,0.0,0.0,,0.0,1,10.53,5.83,SPY221216C00394000,394.0,normalDay
2022-12-12,14679.0,-5155.0,0.0,100,398.95,452.0,0,0.0,0.0,,0.0,1,10.53,9.03,SPY221216C00394000,394.0,normalDay
2022-12-13,14679.0,-4938.0,0.0,100,401.97,452.0,0,0.0,0.0,,0.0,1,10.53,9.88,SPY221216C00394000,394.0,normalDay
2022-12-14,14679.0,-4896.0,0.0,100,399.4,452.0,0,0.0,0.0,,0.0,1,10.53,6.89,SPY221216C00394000,394.0,normalDay
2022-12-15,14679.0,-5225.0,0.0,100,389.63,452.0,0,0.0,0.0,,0.0,1,10.53,0.41,SPY221216C00394000,394.0,normalDay
2022-12-16,15732.0,-6873.0,1053.0,100,383.27,452.0,0,0.0,0.0,,0.0,1,10.53,0.0,SPY221216C00394000,394.0,expirationDay
2022-12-19,15732.0,-7202.0,0.0,100,380.02,452.0,0,0.0,0.0,,0.0,1,0.91,0.95,SPY230127C00413000,413.0,normalDay
2022-12-20,15732.0,-7143.0,0.0,100,380.54,452.0,0,0.0,0.0,,0.0,1,0.91,0.88,SPY230127C00413000,413.0,normalDay
2022-12-21,15732.0,-6613.0,0.0,100,386.23,452.0,0,0.0,0.0,,0.0,1,0.91,1.27,SPY230127C00413000,413.0,normalDay
2022-12-22,15732.0,-7121.0,0.0,100,380.72,452.0,0,0.0,0.0,,0.0,1,0.91,0.84,SPY230127C00413000,413.0,normalDay
2022-12-23,15732.0,-6899.0,0.0,100,382.91,452.0,0,0.0,0.0,,0.0,1,0.91,0.81,SPY230127C00413000,413.0,normalDay
2022-12-27,15732.0,-7037.0,0.0,100,381.4,452.0,0,0.0,0.0,,0.0,1,0.91,0.68,SPY230127C00413000,413.0,normalDay
2022-12-28,15732.0,-7485.0,0.0,100,376.66,452.0,0,0.0,0.0,,0.0,1,0.91,0.42,SPY230127C00413000,413.0,normalDay
2022-12-29,15732.0,-6830.0,0.0,100,383.44,452.0,0,0.0,0.0,,0.0,1,0.91,0.65,SPY230127C00413000,413.0,normalDay
2022-12-30,15732.0,-6917.0,0.0,100,382.43,452.0,0,0.0,0.0,,0.0,1,0.91,0.51,SPY230127C00413000,413.0,normalDay
2023-01-03,15732.0,-7060.0,0.0,100,380.82,452.0,0,0.0,0.0,,0.0,1,0.91,0.33,SPY230127C00413000,413.0,normalDay
2023-01-04,15732.0,-6773.0,0.0,100,383.76,452.0,0,0.0,0.0,,0.0,1,0.91,0.4,SPY230127C00413000,413.0,normalDay
2023-01-05,15732.0,-7194.0,0.0,100,379.38,452.0,0,0.0,0.0,,0.0,1,0.91,0.23,SPY230127C00413000,413.0,normalDay
2023-01-06,15732.0,-6349.0,0.0,100,388.08,452.0,0,0.0,0.0,,0.0,1,0.91,0.48,SPY230127C00413000,413.0,normalDay
2023-01-09,15732.0,-6368.0,0.0,100,387.86,452.0,0,0.0,0.0,,0.0,1,0.91,0.45,SPY230127C00413000,413.0,normalDay
2023-01-10,15732.0,-6097.0,0.0,100,390.58,452.0,0,0.0,0.0,,0.0,1,0.91,0.46,SPY230127C00413000,413.0,normalDay
2023-01-11,15732.0,-5662.0,0.0,100,395.52,452.0,0,0.0,0.0,,0.0,1,0.91,1.05,SPY230127C00413000,413.0,normalDay
2023-01-12,15732.0,-5472.0,0.0,100,396.96,452.0,0,0.0,0.0,,0.0,1,0.91,0.59,SPY230127C00413000,413.0,normalDay
2023-01-13,15732.0,-5299.0,0.0,100,398.5,452.0,0,0.0,0.0,,0.0,1,0.91,0.4,SPY230127C00413000,413.0,normalDay
2023-01-17,15732.0,-5357.0,0.0,100,397.77,452.0,0,0.0,0.0,,0.0,1,0.91,0.25,SPY230127C00413000,413.0,normalDay
2023-01-18,15732.0,-5965.0,0.0,100,391.49,452.0,0,0.0,0.0,,0.0,1,0.91,0.05,SPY230127C00413000,413.0,normalDay
2023-01-19,15732.0,-6247.0,0.0,100,388.64,452.0,0,0.0,0.0,,0.0,1,0.91,0.02,SPY230127C00413000,413.0,normalDay
2023-01-20,15732.0,-5526.0,0.0,100,395.88,452.0,0,0.0,0.0,,0.0,1,0.91,0.05,SPY230127C00413000,413.0,normalDay
2023-01-23,15732.0,-5059.0,0.0,100,400.63,452.0,0,0.0,0.0,,0.0,1,0.91,0.13,SPY230127C00413000,413.0,normalDay
2023-01-24,15732.0,-5100.0,0.0,100,400.2,452.0,0,0.0,0.0,,0.0,1,0.91,0.11,SPY230127C00413000,413.0,normalDay
2023-01-25,15732.0,-5077.0,0.0,100,400.35,452.0,0,0.0,0.0,,0.0,1,0.91,0.03,SPY230127C00413000,413.0,normalDay
2023-01-26,15732.0,-4637.0,0.0,100,404.75,452.0,0,0.0,0.0,,0.0,1,0.91,0.03,SPY230127C00413000,413.0,normalDay
2023-01-27,15823.0,-4632.0,91.0,100,405.68,452.0,0,0.0,0.0,,0.0,1,0.91,0.0,SPY230127C00413000,413.0,expirationDay
2023-01-30,15823.0,-5146.0,0.0,100,400.59,452.0,0,0.0,0.0,,0.0,1,6.38,6.43,SPY230317C00411000,411.0,normalDay
2023-01-31,15823.0,-4757.0,0.0,100,406.48,452.0,0,0.0,0.0,,0.0,1,6.38,8.43,SPY230317C00411000,411.0,normalDay
2023-02-01,15823.0,-4575.0,0.0,100,410.8,452.0,0,0.0,0.0,,0.0,1,6.38,10.93,SPY230317C00411000,411.0,normalDay
2023-02-02,15823.0,-4239.0,0.0,100,416.78,452.0,0,0.0,0.0,,0.0,1,6.38,13.55,SPY230317C00411000,411.0,normalDay
2023-02-03,15823.0,-4443.0,0.0,100,412.35,452.0,0,0.0,0.0,,0.0,1,6.38,11.16,SPY230317C00411000,411.0,normalDay
2023-02-06,15823.0,-4561.0,0.0,100,409.83,452.0,0,0.0,0.0,,0.0,1,6.38,9.82,SPY230317C00411000,411.0,normalDay
2023-02-07,15823.0,-4277.0,0.0,100,415.19,452.0,0,0.0,0.0,,0.0,1,6.38,12.34,SPY230317C00411000,411.0,normalDay
2023-02-08,15823.0,-4517.0,0.0,100,410.65,452.0,0,0.0,0.0,,0.0,1,6.38,10.2,SPY230317C00411000,411.0,normalDay
2023-02-09,15823.0,-4706.0,0.0,100,407.09,452.0,0,0.0,0.0,,0.0,1,6.38,8.53,SPY230317C00411000,411.0,normalDay
2023-02-10,15823.0,-4622.0,0.0,100,408.04,452.0,0,0.0,0.0,,0.0,1,6.38,8.64,SPY230317C00411000,411.0,normalDay
2023-02-13,15823.0,-4384.0,0.0,100,412.83,452.0,0,0.0,0.0,,0.0,1,6.38,11.05,SPY230317C00411000,411.0,normalDay
2023-02-14,15823.0,-4265.0,0.0,100,412.64,452.0,0,0.0,0.0,,0.0,1,6.38,9.67,SPY230317C00411000,411.0,normalDay
2023-02-15,15823.0,-4215.0,0.0,100,413.98,452.0,0,0.0,0.0,,0.0,1,6.38,10.51,SPY230317C00411000,411.0,normalDay
2023-02-16,15823.0,-4456.0,0.0,100,408.28,452.0,0,0.0,0.0,,0.0,1,6.38,7.22,SPY230317C00411000,411.0,normalDay
2023-02-17,15823.0,-4479.0,0.0,100,407.26,452.0,0,0.0,0.0,,0.0,1,6.38,6.43,SPY230317C00411000,411.0,normalDay
2023-02-21,15823.0,-4986.0,0.0,100,399.09,452.0,0,0.0,0.0,,0.0,1,6.38,3.33,SPY230317C00411000,411.0,normalDay
2023-02-22,15823.0,-4985.0,0.0,100,398.54,452.0,0,0.0,0.0,,0.0,1,6.38,2.77,SPY230317C00411000,411.0,normalDay
2023-02-23,15823.0,-4784.0,0.0,100,400.66,452.0,0,0.0,0.0,,0.0,1,6.38,2.88,SPY230317C00411000,411.0,normalDay
2023-02-24,15823.0,-5095.0,0.0,100,396.38,452.0,0,0.0,0.0,,0.0,1,6.38,1.71,SPY230317C00411000,411.0,normalDay
2023-02-27,15823.0,-4963.0,0.0,100,397.73,452.0,0,0.0,0.0,,0.0,1,6.38,1.74,SPY230317C00411000,411.0,normalDay
2023-02-28,15823.0,-5055.0,0.0,100,396.26,452.0,0,0.0,0.0,,0.0,1,6.38,1.19,SPY230317C00411000,411.0,normalDay
2023-03-01,15823.0,-5183.0,0.0,100,394.74,452.0,0,0.0,0.0,,0.0,1,6.38,0.95,SPY230317C00411000,411.0,normalDay
2023-03-02,15823.0,-4904.0,0.0,100,397.81,452.0,0,0.0,0.0,,0.0,1,6.38,1.23,SPY230317C00411000,411.0,normalDay
2023-03-03,15823.0,-4402.0,0.0,100,404.19,452.0,0,0.0,0.0,,0.0,1,6.38,2.59,SPY230317C00411000,411.0,normalDay
2023-03-06,15823.0,-4358.0,0.0,100,404.47,452.0,0,0.0,0.0,,0.0,1,6.38,2.43,SPY230317C00411000,411.0,normalDay
2023-03-07,15823.0,-4827.0,0.0,100,398.27,452.0,0,0.0,0.0,,0.0,1,6.38,0.92,SPY230317C00411000,411.0,normalDay
2023-03-08,15823.0,-4752.0,0.0,100,398.92,452.0,0,0.0,0.0,,0.0,1,6.38,0.82,SPY230317C00411000,411.0,normalDay
2023-03-09,15823.0,-5435.0,0.0,100,391.56,452.0,0,0.0,0.0,,0.0,1,6.38,0.29,SPY230317C00411000,411.0,normalDay
2023-03-10,15823.0,-5979.0,0.0,100,385.91,452.0,0,0.0,0.0,,0.0,1,6.38,0.08,SPY230317C00411000,411.0,normalDay
2023-03-13,15823.0,-6035.0,0.0,100,385.36,452.0,0,0.0,0.0,,0.0,1,6.38,0.09,SPY230317C00411000,411.0,normalDay
2023-03-14,15823.0,-5392.0,0.0,100,391.73,452.0,0,0.0,0.0,,0.0,1,6.38,0.03,SPY230317C00411000,411.0,normalDay
2023-03-15,15823.0,-5636.0,0.0,100,389.28,452.0,0,0.0,0.0,,0.0,1,6.38,0.02,SPY230317C00411000,411.0,normalDay
2023-03-16,15823.0,-4952.0,0.0,100,396.11,452.0,0,0.0,0.0,,0.0,1,6.38,0.01,SPY230317C00411000,411.0,normalDay
2023-03-17,16461.0,-6201.0,638.0,100,389.99,452.0,0,0.0,0.0,,0.0,1,6.38,0.0,SPY230317C00411000,411.0,expirationDay
2023-03-20,16461.0,-5832.0,0.0,100,393.74,452.0,0,0.0,0.0,,0.0,1,5.06,5.12,SPY230428C00407000,407.0,normalDay
2023-03-21,16461.0,-5459.0,0.0,100,398.91,452.0,0,0.0,0.0,,0.0,1,5.06,6.56,SPY230428C00407000,407.0,normalDay
2023-03-22,16461.0,-5877.0,0.0,100,392.11,452.0,0,0.0,0.0,,0.0,1,5.06,3.94,SPY230428C00407000,407.0,normalDay
2023-03-23,16461.0,-5796.0,0.0,100,393.17,452.0,0,0.0,0.0,,0.0,1,5.06,4.19,SPY230428C00407000,407.0,normalDay
2023-03-24,16461.0,-5599.0,0.0,100,395.75,452.0,0,0.0,0.0,,0.0,1,5.06,4.8,SPY230428C00407000,407.0,normalDay
2023-03-27,16461.0,-5487.0,0.0,100,396.49,452.0,0,0.0,0.0,,0.0,1,5.06,4.42,SPY230428C00407000,407.0,normalDay
2023-03-28,16461.0,-5523.0,0.0,100,395.6,452.0,0,0.0,0.0,,0.0,1,5.06,3.89,SPY230428C00407000,407.0,normalDay
2023-03-29,16461.0,-5132.0,0.0,100,401.35,452.0,0,0.0,0.0,,0.0,1,5.06,5.73,SPY230428C00407000,407.0,normalDay
2023-03-30,16461.0,-4983.0,0.0,100,403.7,452.0,0,0.0,0.0,,0.0,1,5.06,6.59,SPY230428C00407000,407.0,normalDay
2023-03-31,16461.0,-4734.0,0.0,100,409.39,452.0,0,0.0,0.0,,0.0,1,5.06,9.79,SPY230428C00407000,407.0,normalDay
2023-04-03,16461.0,-4611.0,0.0,100,410.95,452.0,0,0.0,0.0,,0.0,1,5.06,10.12,SPY230428C00407000,407.0,normalDay
2023-04-04,16461.0,-4684.0,0.0,100,408.67,452.0,0,0.0,0.0,,0.0,1,5.06,8.57,SPY230428C00407000,407.0,normalDay
2023-04-05,16461.0,-4690.0,0.0,100,407.6,452.0,0,0.0,0.0,,0.0,1,5.06,7.56,SPY230428C00407000,407.0,normalDay
2023-04-06,16461.0,-4583.0,0.0,100,409.19,452.0,0,0.0,0.0,,0.0,1,5.06,8.08,SPY230428C00407000,407.0,normalDay
2023-04-10,16461.0,-4549.0,0.0,100,409.61,452.0,0,0.0,0.0,,0.0,1,5.06,8.16,SPY230428C00407000,407.0,normalDay
2023-04-11,16461.0,-4517.0,0.0,100,409.72,452.0,0,0.0,0.0,,0.0,1,5.06,7.95,SPY230428C00407000,407.0,normalDay
2023-04-12,16461.0,-4521.0,0.0,100,408.05,452.0,0,0.0,0.0,,0.0,1,5.06,6.32,SPY230428C00407000,407.0,normalDay
2023-04-13,16461.0,-4307.0,0.0,100,413.47,452.0,0,0.0,0.0,,0.0,1,5.06,9.6,SPY230428C00407000,407.0,normalDay
2023-04-14,16461.0,-4299.0,0.0,100,412.46,452.0,0,0.0,0.0,,0.0,1,5.06,8.51,SPY230428C00407000,407.0,normalDay
2023-04-17,16461.0,-4226.0,0.0,100,413.94,452.0,0,0.0,0.0,,0.0,1,5.06,9.26,SPY230428C00407000,407.0,normalDay
2023-04-18,16461.0,-4181.0,0.0,100,414.21,452.0,0,0.0,0.0,,0.0,1,5.06,9.08,SPY230428C00407000,407.0,normalDay
2023-04-19,16461.0,-4178.0,0.0,100,414.14,452.0,0,0.0,0.0,,0.0,1,5.06,8.98,SPY230428C00407000,407.0,normalDay
2023-04-20,16461.0,-4221.0,0.0,100,411.88,452.0,0,0.0,0.0,,0.0,1,5.06,7.15,SPY230428C00407000,407.0,normalDay
2023-04-21,16461.0,-4148.0,0.0,100,412.2,452.0,0,0.0,0.0,,0.0,1,5.06,6.74,SPY230428C00407000,407.0,normalDay
2023-04-24,16461.0,-4103.0,0.0,100,412.63,452.0,0,0.0,0.0,,0.0,1,5.06,6.72,SPY230428C00407000,407.0,normalDay
2023-04-25,16461.0,-4376.0,0.0,100,406.08,452.0,0,0.0,0.0,,0.0,1,5.06,2.9,SPY230428C00407000,407.0,normalDay
2023-04-26,16461.0,-4366.0,0.0,100,404.36,452.0,0,0.0,0.0,,0.0,1,5.06,1.08,SPY230428C00407000,407.0,normalDay
2023-04-27,16461.0,-4103.0,0.0,100,412.41,452.0,0,0.0,0.0,,0.0,1,5.06,6.5,SPY230428C00407000,407.0,normalDay
2023-04-28,12467.0,-4103.0,-3994.0,0,415.93,0.0,0,0.0,0.0,,0.0,1,5.06,0.0,SPY230428C00407000,407.0,expirationDay
2023-05-01,12467.0,-3.0,0.0,0,415.51,0.0,1,0.93,0.96,SPY230512P00403000,403.0,0,0.0,0.0,,0.0,normalDay
2023-05-02,12467.0,-106.0,0.0,0,410.84,0.0,1,0.93,1.99,SPY230512P00403000,403.0,0,0.0,0.0,,0.0,normalDay
2023-05-03,12467.0,-142.0,0.0,0,408.02,0.0,1,0.93,2.35,SPY230512P00403000,403.0,0,0.0,0.0,,0.0,normalDay
2023-05-04,12467.0,-271.0,0.0,0,405.13,0.0,1,0.93,3.64,SPY230512P00403000,403.0,0,0.0,0.0,,0.0,normalDay
2023-05-05,12467.0,14.0,0.0,0,412.63,0.0,1,0.93,0.79,SPY230512P00403000,403.0,0,0.0,0.0,,0.0,normalDay
2023-05-08,12467.0,51.0,0.0,0,412.74,0.0,1,0.93,0.42,SPY230512P00403000,403.0,0,0.0,0.0,,0.0,normalDay
2023-05-09,12467.0,43.0,0.0,0,410.93,0.0,1,0.93,0.5,SPY230512P00403000,403.0,0,0.0,0.0,,0.0,normalDay
2023-05-10,12467.0,80.0,0.0,0,412.85,0.0,1,0.93,0.13,SPY230512P00403000,403.0,0,0.0,0.0,,0.0,normalDay
2023-05-11,12467.0,88.0,0.0,0,412.13,0.0,1,0.93,0.05,SPY230512P00403000,403.0,0,0.0,0.0,,0.0,normalDay
2023-05-12,12560.0,0.0,93.0,0,411.59,0.0,1,0.93,0.0,SPY230512P00403000,403.0,0,0.0,0.0,,0.0,expirationDay
2023-05-15,12560.0,-3.0,0.0,0,413.01,0.0,1,1.09,1.12,SPY230526P00403000,403.0,0,0.0,0.0,,0.0,normalDay
2023-05-16,12560.0,-53.0,0.0,0,410.25,0.0,1,1.09,1.62,SPY230526P00403000,403.0,0,0.0,0.0,,0.0,normalDay
2023-05-17,12560.0,43.0,0.0,0,415.23,0.0,1,1.09,0.66,SPY230526P00403000,403.0,0,0.0,0.0,,0.0,normalDay
2023-05-18,12560.0,80.0,0.0,0,419.23,0.0,1,1.09,0.29,SPY230526P00403000,403.0,0,0.0,0.0,,0.0,normalDay
2023-05-19,12560.0,88.0,0.0,0,418.62,0.0,1,1.09,0.21,SPY230526P00403000,403.0,0,0.0,0.0,,0.0,normalDay
2023-05-22,12560.0,97.0,0.0,0,418.79,0.0,1,1.09,0.12,SPY230526P00403000,403.0,0,0.0,0.0,,0.0,normalDay
2023-05-23,12560.0,87.0,0.0,0,414.09,0.0,1,1.09,0.22,SPY230526P00403000,403.0,0,0.0,0.0,,0.0,normalDay
2023-05-24,12560.0,80.0,0.0,0,411.09,0.0,1,1.09,0.29,SPY230526P00403000,403.0,0,0.0,0.0,,0.0,normalDay
2023-05-25,12560.0,102.0,0.0,0,414.65,0.0,1,1.09,0.07,SPY230526P00403000,403.0,0,0.0,0.0,,0.0,normalDay
2023-05-26,12669.0,0.0,109.0,0,420.02,0.0,1,1.09,0.0,SPY230526P00403000,403.0,0,0.0,0.0,,0.0,expirationDay
2023-05-30,12669.0,-3.0,0.0,0,420.18,0.0,1,0.55,0.58,SPY230609P00403000,403.0,0,0.0,0.0,,0.0,normalDay
2023-05-31,12669.0,-4.0,0.0,0,417.85,0.0,1,0.55,0.59,SPY230609P00403000,403.0,0,0.0,0.0,,0.0,normalDay
2023-06-01,12669.0,34.0,0.0,0,421.82,0.0,1,0.55,0.21,SPY230609P00403000,403.0,0,0.0,0.0,,0.0,normalDay
2023-06-02,12669.0,48.0,0.0,0,427.92,0.0,1,0.55,0.07,SPY230609P00403000,403.0,0,0.0,0.0,,0.0,normalDay
2023-06-05,12669.0,51.0,0.0,0,427.1,0.0,1,0.55,0.04,SPY230609P00403000,403.0,0,0.0,0.0,,0.0,normalDay
2023-06-06,12669.0,51.0,0.0,0,428.03,0.0,1,0.55,0.04,SPY230609P00403000,403.0,0,0.0,0.0,,0.0,normalDay
2023-06-07,12669.0,52.0,0.0,0,426.55,0.0,1,0.55,0.03,SPY230609P00403000,403.0,0,0.0,0.0,,0.0,normalDay
2023-06-08,12669.0,53.0,0.0,0,429.13,0.0,1,0.55,0.02,SPY230609P00403000,403.0,0,0.0,0.0,,0.0,normalDay
2023-06-09,12724.0,0.0,55.0,0,429.9,0.0,1,0.55,0.0,SPY230609P00403000,403.0,0,0.0,0.0,,0.0,expirationDay
2023-06-12,12724.0,-3.0,0.0,0,433.8,0.0,1,0.18,0.21,SPY230623P00403000,403.0,0,0.0,0.0,,0.0,normalDay
2023-06-13,12724.0,1.0,0.0,0,436.66,0.0,1,0.18,0.17,SPY230623P00403000,403.0,0,0.0,0.0,,0.0,normalDay
2023-06-14,12724.0,8.0,0.0,0,437.18,0.0,1,0.18,0.1,SPY230623P00403000,403.0,0,0.0,0.0,,0.0,normalDay
2023-06-15,12724.0,8.0,0.0,0,442.6,0.0,1,0.18,0.1,SPY230623P00403000,403.0,0,0.0,0.0,,0.0,normalDay
2023-06-16,12724.0,14.0,0.0,0,439.46,0.0,1,0.18,0.04,SPY230623P00403000,403.0,0,0.0,0.0,,0.0,normalDay
2023-06-20,12724.0,15.0,0.0,0,437.18,0.0,1,0.18,0.03,SPY230623P00403000,403.0,0,0.0,0.0,,0.0,normalDay
2023-06-21,12724.0,16.0,0.0,0,434.94,0.0,1,0.18,0.02,SPY230623P00403000,403.0,0,0.0,0.0,,0.0,normalDay
2023-06-22,12724.0,17.0,0.0,0,436.51,0.0,1,0.18,0.01,SPY230623P00403000,403.0,0,0.0,0.0,,0.0,normalDay
2023-06-23,12742.0,0.0,18.0,0,433.21,0.0,1,0.18,0.0,SPY230623P00403000,403.0,0,0.0,0.0,,0.0,expirationDay
2023-06-26,12742.0,-3.0,0.0,0,431.44,0.0,1,0.26,0.29,SPY230707P00412500,412.5,0,0.0,0.0,,0.0,normalDay
2023-06-27,12742.0,10.0,0.0,0,436.17,0.0,1,0.26,0.16,SPY230707P00412500,412.5,0,0.0,0.0,,0.0,normalDay
2023-06-28,12742.0,16.0,0.0,0,436.39,0.0,1,0.26,0.1,SPY230707P00412500,412.5,0,0.0,0.0,,0.0,normalDay
2023-06-29,12742.0,17.0,0.0,0,438.11,0.0,1,0.26,0.09,SPY230707P00412500,412.5,0,0.0,0.0,,0.0,normalDay
2023-06-30,12742.0,20.0,0.0,0,443.28,0.0,1,0.26,0.06,SPY230707P00412500,412.5,0,0.0,0.0,,0.0,normalDay
2023-07-03,12742.0,22.0,0.0,0,443.79,0.0,1,0.26,0.04,SPY230707P00412500,412.5,0,0.0,0.0,,0.0,normalDay
2023-07-05,12742.0,23.0,0.0,0,443.13,0.0,1,0.26,0.03,SPY230707P00412500,412.5,0,0.0,0.0,,0.0,normalDay
2023-07-06,12742.0,24.0,0.0,0,439.66,0.0,1,0.26,0.02,SPY230707P00412500,412.5,0,0.0,0.0,,0.0,normalDay
2023-07-07,12768.0,0.0,26.0,0,438.55,0.0,1,0.26,0.0,SPY230707P00412500,412.5,0,0.0,0.0,,0.0,expirationDay
2023-07-10,12768.0,-3.0,0.0,0,439.66,0.0,1,0.7,0.73,SPY230721P00428000,428.0,0,0.0,0.0,,0.0,normalDay
2023-07-11,12768.0,20.0,0.0,0,442.46,0.0,1,0.7,0.5,SPY230721P00428000,428.0,0,0.0,0.0,,0.0,normalDay
2023-07-12,12768.0,52.0,0.0,0,446.02,0.0,1,0.7,0.18,SPY230721P00428000,428.0,0,0.0,0.0,,0.0,normalDay
2023-07-13,12768.0,54.0,0.0,0,449.56,0.0,1,0.7,0.16,SPY230721P00428000,428.0,0,0.0,0.0,,0.0,normalDay
2023-07-14,12768.0,60.0,0.0,0,449.28,0.0,1,0.7,0.1,SPY230721P00428000,428.0,0,0.0,0.0,,0.0,normalDay
2023-07-17,12768.0,64.0,0.0,0,450.84,0.0,1,0.7,0.06,SPY230721P00428000,428.0,0,0.0,0.0,,0.0,normalDay
2023-07-18,12768.0,65.0,0.0,0,454.19,0.0,1,0.7,0.05,SPY230721P00428000,428.0,0,0.0,0.0,,0.0,normalDay
2023-07-19,12768.0,66.0,0.0,0,455.2,0.0,1,0.7,0.04,SPY230721P00428000,428.0,0,0.0,0.0,,0.0,normalDay
2023-07-20,12768.0,67.0,0.0,0,452.18,0.0,1,0.7,0.03,SPY230721P00428000,428.0,0,0.0,0.0,,0.0,normalDay
2023-07-21,12838.0,0.0,70.0,0,452.18,0.0,1,0.7,0.0,SPY230721P00428000,428.0,0,0.0,0.0,,0.0,expirationDay
2023-07-24,12838.0,-3.0,0.0,0,454.2,0.0,1,0.15,0.18,SPY230804P00426000,426.0,0,0.0,0.0,,0.0,normalDay
2023-07-25,12838.0,0.0,0.0,0,455.44,0.0,1,0.15,0.15,SPY230804P00426000,426.0,0,0.0,0.0,,0.0,normalDay
2023-07-26,12838.0,5.0,0.0,0,455.51,0.0,1,0.15,0.1,SPY230804P00426000,426.0,0,0.0,0.0,,0.0,normalDay
2023-07-27,12838.0,-1.0,0.0,0,452.49,0.0,1,0.15,0.16,SPY230804P00426000,426.0,0,0.0,0.0,,0.0,normalDay
2023-07-28,12838.0,10.0,0.0,0,456.92,0.0,1,0.15,0.05,SPY230804P00426000,426.0,0,0.0,0.0,,0.0,normalDay
2023-07-31,12838.0,11.0,0.0,0,457.79,0.0,1,0.15,0.04,SPY230804P00426000,426.0,0,0.0,0.0,,0.0,normalDay
2023-08-01,12838.0,12.0,0.0,0,456.48,0.0,1,0.15,0.03,SPY230804P00426000,426.0,0,0.0,0.0,,0.0,normalDay
2023-08-02,12838.0,10.0,0.0,0,450.13,0.0,1,0.15,0.05,SPY230804P00426000,426.0,0,0.0,0.0,,0.0,normalDay
2023-08-03,12838.0,13.0,0.0,0,448.84,0.0,1,0.15,0.02,SPY230804P00426000,426.0,0,0.0,0.0,,0.0,normalDay
2023-08-04,12853.0,0.0,15.0,0,446.81,0.0,1,0.15,0.0,SPY230804P00426000,426.0,0,0.0,0.0,,0.0,expirationDay
2023-08-07,12853.0,-3.0,0.0,0,450.71,0.0,1,1.19,1.22,SPY230818P00441000,441.0,0,0.0,0.0,,0.0,normalDay
2023-08-08,12853.0,-28.0,0.0,0,448.75,0.0,1,1.19,1.47,SPY230818P00441000,441.0,0,0.0,0.0,,0.0,normalDay
2023-08-09,12853.0,-82.0,0.0,0,445.75,0.0,1,1.19,2.01,SPY230818P00441000,441.0,0,0.0,0.0,,0.0,normalDay
2023-08-10,12853.0,-71.0,0.0,0,445.91,0.0,1,1.19,1.9,SPY230818P00441000,441.0,0,0.0,0.0,,0.0,normalDay
2023-08-11,12853.0,-19.0,0.0,0,445.65,0.0,1,1.19,1.38,SPY230818P00441000,441.0,0,0.0,0.0,,0.0,normalDay
2023-08-14,12853.0,62.0,0.0,0,448.11,0.0,1,1.19,0.57,SPY230818P00441000,441.0,0,0.0,0.0,,0.0,normalDay
2023-08-15,12853.0,-51.0,0.0,0,442.89,0.0,1,1.19,1.7,SPY230818P00441000,441.0,0,0.0,0.0,,0.0,normalDay
2023-08-16,12853.0,-137.0,0.0,0,439.64,0.0,1,1.19,2.56,SPY230818P00441000,441.0,0,0.0,0.0,,0.0,normalDay
2023-08-17,12853.0,-383.0,0.0,0,436.29,0.0,1,1.19,5.02,SPY230818P00441000,441.0,0,0.0,0.0,,0.0,normalDay
2023-08-18,12972.0,-450.0,119.0,100,436.5,441.0,1,1.19,0.0,SPY230818P00441000,441.0,0,0.0,0.0,,0.0,expirationDay
2023-08-21,12972.0,-169.0,0.0,100,439.34,441.0,0,0.0,0.0,,0.0,1,0.67,0.7,SPY230929C00463000,463.0,normalDay
2023-08-22,12972.0,-275.0,0.0,100,438.15,441.0,0,0.0,0.0,,0.0,1,0.67,0.57,SPY230929C00463000,463.0,normalDay
2023-08-23,12972.0,178.0,0.0,100,443.03,441.0,0,0.0,0.0,,0.0,1,0.67,0.92,SPY230929C00463000,463.0,normalDay
2023-08-24,12972.0,-385.0,0.0,100,436.89,441.0,0,0.0,0.0,,0.0,1,0.67,0.41,SPY230929C00463000,463.0,normalDay
2023-08-25,12972.0,-84.0,0.0,100,439.97,441.0,0,0.0,0.0,,0.0,1,0.67,0.48,SPY230929C00463000,463.0,normalDay
2023-08-28,12972.0,186.0,0.0,100,442.76,441.0,0,0.0,0.0,,0.0,1,0.67,0.57,SPY230929C00463000,463.0,normalDay
2023-08-29,12972.0,751.0,0.0,100,449.16,441.0,0,0.0,0.0,,0.0,1,0.67,1.32,SPY230929C00463000,463.0,normalDay
2023-08-30,12972.0,920.0,0.0,100,451.01,441.0,0,0.0,0.0,,0.0,1,0.67,1.48,SPY230929C00463000,463.0,normalDay
2023-08-31,12972.0,879.0,0.0,100,450.35,441.0,0,0.0,0.0,,0.0,1,0.67,1.23,SPY230929C00463000,463.0,normalDay
2023-09-01,12972.0,982.0,0.0,100,451.19,441.0,0,0.0,0.0,,0.0,1,0.67,1.04,SPY230929C00463000,463.0,normalDay
2023-09-05,12972.0,820.0,0.0,100,449.24,441.0,0,0.0,0.0,,0.0,1,0.67,0.71,SPY230929C00463000,463.0,normalDay
2023-09-06,12972.0,555.0,0.0,100,446.22,441.0,0,0.0,0.0,,0.0,1,0.67,0.34,SPY230929C00463000,463.0,normalDay
2023-09-07,12972.0,429.0,0.0,100,444.85,441.0,0,0.0,0.0,,0.0,1,0.67,0.23,SPY230929C00463000,463.0,normalDay
2023-09-08,12972.0,499.0,0.0,100,445.52,441.0,0,0.0,0.0,,0.0,1,0.67,0.2,SPY230929C00463000,463.0,normalDay
2023-09-11,12972.0,781.0,0.0,100,448.45,441.0,0,0.0,0.0,,0.0,1,0.67,0.31,SPY230929C00463000,463.0,normalDay
2023-09-12,12972.0,548.0,0.0,100,445.99,441.0,0,0.0,0.0,,0.0,1,0.67,0.18,SPY230929C00463000,463.0,normalDay
2023-09-13,12972.0,606.0,0.0,100,446.51,441.0,0,0.0,0.0,,0.0,1,0.67,0.12,SPY230929C00463000,463.0,normalDay
2023-09-14,12972.0,981.0,0.0,100,450.36,441.0,0,0.0,0.0,,0.0,1,0.67,0.22,SPY230929C00463000,463.0,normalDay
2023-09-15,12972.0,299.0,0.0,100,443.37,441.0,0,0.0,0.0,,0.0,1,0.67,0.05,SPY230929C00463000,463.0,normalDay
2023-09-18,12972.0,326.0,0.0,100,443.63,441.0,0,0.0,0.0,,0.0,1,0.67,0.04,SPY230929C00463000,463.0,normalDay
2023-09-19,12972.0,235.0,0.0,100,442.71,441.0,0,0.0,0.0,,0.0,1,0.67,0.03,SPY230929C00463000,463.0,normalDay
2023-09-20,12972.0,-171.0,0.0,100,438.64,441.0,0,0.0,0.0,,0.0,1,0.67,0.02,SPY230929C00463000,463.0,normalDay
2023-09-21,12972.0,-895.0,0.0,100,431.39,441.0,0,0.0,0.0,,0.0,1,0.67,0.01,SPY230929C00463000,463.0,normalDay
2023-09-22,12972.0,-992.0,0.0,100,430.42,441.0,0,0.0,0.0,,0.0,1,0.67,0.01,SPY230929C00463000,463.0,normalDay
2023-09-25,12972.0,-811.0,0.0,100,432.23,441.0,0,0.0,0.0,,0.0,1,0.67,0.01,SPY230929C00463000,463.0,normalDay
2023-09-26,12972.0,-1446.0,0.0,100,425.88,441.0,0,0.0,0.0,,0.0,1,0.67,0.01,SPY230929C00463000,463.0,normalDay
2023-09-27,12972.0,-1429.0,0.0,100,426.05,441.0,0,0.0,0.0,,0.0,1,0.67,0.01,SPY230929C00463000,463.0,normalDay
2023-09-28,12972.0,-1182.0,0.0,100,428.52,441.0,0,0.0,0.0,,0.0,1,0.67,0.01,SPY230929C00463000,463.0,normalDay
2023-09-29,13039.0,-1352.0,67.0,100,427.48,441.0,0,0.0,0.0,,0.0,1,0.67,0.0,SPY230929C00463000,463.0,expirationDay
2023-10-02,13039.0,-1372.0,0.0,100,427.31,441.0,0,0.0,0.0,,0.0,1,0.68,0.71,SPY231117C00458000,458.0,normalDay
2023-10-03,13039.0,-1921.0,0.0,100,421.59,441.0,0,0.0,0.0,,0.0,1,0.68,0.48,SPY231117C00458000,458.0,normalDay
2023-10-04,13039.0,-1622.0,0.0,100,424.66,441.0,0,0.0,0.0,,0.0,1,0.68,0.56,SPY231117C00458000,458.0,normalDay
2023-10-05,13039.0,-1630.0,0.0,100,424.5,441.0,0,0.0,0.0,,0.0,1,0.68,0.48,SPY231117C00458000,458.0,normalDay
2023-10-06,13039.0,-1163.0,0.0,100,429.54,441.0,0,0.0,0.0,,0.0,1,0.68,0.85,SPY231117C00458000,458.0,normalDay
2023-10-09,13039.0,-904.0,0.0,100,432.29,441.0,0,0.0,0.0,,0.0,1,0.68,1.01,SPY231117C00458000,458.0,normalDay
2023-10-10,13039.0,-691.0,0.0,100,434.54,441.0,0,0.0,0.0,,0.0,1,0.68,1.13,SPY231117C00458000,458.0,normalDay
2023-10-11,13039.0,-519.0,0.0,100,436.32,441.0,0,0.0,0.0,,0.0,1,0.68,1.19,SPY231117C00458000,458.0,normalDay
2023-10-12,13039.0,-735.0,0.0,100,433.66,441.0,0,0.0,0.0,,0.0,1,0.68,0.69,SPY231117C00458000,458.0,normalDay
2023-10-13,13039.0,-939.0,0.0,100,431.5,441.0,0,0.0,0.0,,0.0,1,0.68,0.57,SPY231117C00458000,458.0,normalDay
2023-10-16,13039.0,-506.0,0.0,100,436.04,441.0,0,0.0,0.0,,0.0,1,0.68,0.78,SPY231117C00458000,458.0,normalDay
2023-10-17,13039.0,-504.0,0.0,100,436.02,441.0,0,0.0,0.0,,0.0,1,0.68,0.74,SPY231117C00458000,458.0,normalDay
2023-10-18,13039.0,-1052.0,0.0,100,430.21,441.0,0,0.0,0.0,,0.0,1,0.68,0.41,SPY231117C00458000,458.0,normalDay
2023-10-19,13039.0,-1412.0,0.0,100,426.43,441.0,0,0.0,0.0,,0.0,1,0.68,0.23,SPY231117C00458000,458.0,normalDay
2023-10-20,13039.0,-1927.0,0.0,100,421.19,441.0,0,0.0,0.0,,0.0,1,0.68,0.14,SPY231117C00458000,458.0,normalDay
2023-10-23,13039.0,-1995.0,0.0,100,420.46,441.0,0,0.0,0.0,,0.0,1,0.68,0.09,SPY231117C00458000,458.0,normalDay
2023-10-24,13039.0,-1679.0,0.0,100,423.63,441.0,0,0.0,0.0,,0.0,1,0.68,0.1,SPY231117C00458000,458.0,normalDay
2023-10-25,13039.0,-2283.0,0.0,100,417.55,441.0,0,0.0,0.0,,0.0,1,0.68,0.06,SPY231117C00458000,458.0,normalDay
2023-10-26,13039.0,-2781.0,0.0,100,412.55,441.0,0,0.0,0.0,,0.0,1,0.68,0.04,SPY231117C00458000,458.0,normalDay
2023-10-27,13039.0,-2967.0,0.0,100,410.68,441.0,0,0.0,0.0,,0.0,1,0.68,0.03,SPY231117C00458000,458.0,normalDay
2023-10-30,13039.0,-2476.0,0.0,100,415.59,441.0,0,0.0,0.0,,0.0,1,0.68,0.03,SPY231117C00458000,458.0,normalDay
2023-10-31,13039.0,-2215.0,0.0,100,418.2,441.0,0,0.0,0.0,,0.0,1,0.68,0.03,SPY231117C00458000,458.0,normalDay
2023-11-01,13039.0,-1769.0,0.0,100,422.66,441.0,0,0.0,0.0,,0.0,1,0.68,0.03,SPY231117C00458000,458.0,normalDay
2023-11-02,13039.0,-961.0,0.0,100,430.76,441.0,0,0.0,0.0,,0.0,1,0.68,0.05,SPY231117C00458000,458.0,normalDay
2023-11-03,13039.0,-571.0,0.0,100,434.69,441.0,0,0.0,0.0,,0.0,1,0.68,0.08,SPY231117C00458000,458.0,normalDay
2023-11-06,13039.0,-467.0,0.0,100,435.69,441.0,0,0.0,0.0,,0.0,1,0.68,0.04,SPY231117C00458000,458.0,normalDay
2023-11-07,13039.0,-344.0,0.0,100,436.93,441.0,0,0.0,0.0,,0.0,1,0.68,0.05,SPY231117C00458000,458.0,normalDay
2023-11-08,13039.0,-310.0,0.0,100,437.25,441.0,0,0.0,0.0,,0.0,1,0.68,0.03,SPY231117C00458000,458.0,normalDay
2023-11-09,13039.0,-651.0,0.0,100,433.84,441.0,0,0.0,0.0,,0.0,1,0.68,0.03,SPY231117C00458000,458.0,normalDay
2023-11-10,13039.0,26.0,0.0,100,440.61,441.0,0,0.0,0.0,,0.0,1,0.68,0.03,SPY231117C00458000,458.0,normalDay
2023-11-13,13039.0,-15.0,0.0,100,440.19,441.0,0,0.0,0.0,,0.0,1,0.68,0.02,SPY231117C00458000,458.0,normalDay
2023-11-14,13039.0,824.0,0.0,100,448.73,441.0,0,0.0,0.0,,0.0,1,0.68,0.17,SPY231117C00458000,458.0,normalDay
2023-11-15,13039.0,930.0,0.0,100,449.68,441.0,0,0.0,0.0,,0.0,1,0.68,0.06,SPY231117C00458000,458.0,normalDay
2023-11-16,13039.0,988.0,0.0,100,450.23,441.0,0,0.0,0.0,,0.0,1,0.68,0.03,SPY231117C00458000,458.0,normalDay
2023-11-17,13107.0,979.0,68.0,100,450.79,441.0,0,0.0,0.0,,0.0,1,0.68,0.0,SPY231117C00458000,458.0,expirationDay
2023-11-20,13107.0,1322.0,0.0,100,454.26,441.0,0,0.0,0.0,,0.0,1,2.71,2.75,SPY231229C00464000,464.0,normalDay
2023-11-21,13107.0,1274.0,0.0,100,453.27,441.0,0,0.0,0.0,,0.0,1,2.71,2.24,SPY231229C00464000,464.0,normalDay
2023-11-22,13107.0,1416.0,0.0,100,455.02,441.0,0,0.0,0.0,,0.0,1,2.71,2.57,SPY231229C00464000,464.0,normalDay
2023-11-24,13107.0,1469.0,0.0,100,455.3,441.0,0,0.0,0.0,,0.0,1,2.71,2.32,SPY231229C00464000,464.0,normalDay
2023-11-27,13107.0,1419.0,0.0,100,454.48,441.0,0,0.0,0.0,,0.0,1,2.71,2.0,SPY231229C00464000,464.0,normalDay
2023-11-28,13107.0,1463.0,0.0,100,454.93,441.0,0,0.0,0.0,,0.0,1,2.71,2.01,SPY231229C00464000,464.0,normalDay
2023-11-29,13107.0,1423.0,0.0,100,454.61,441.0,0,0.0,0.0,,0.0,1,2.71,2.09,SPY231229C00464000,464.0,normalDay
2023-11-30,13107.0,1583.0,0.0,100,456.4,441.0,0,0.0,0.0,,0.0,1,2.71,2.28,SPY231229C00464000,464.0,normalDay
