date,totalCapital,unrializedPnL,rializedPnL,stocksOwned,stocksPriceToday,stocksPriceBoughtAt,putOwned,putOwnedSoldAt,putPriceToday,putOwnedContract,putOwnedStrike,callOwned,callOwnedSoldAt,callPriceToday,callOwnedContract,callOwnedStrike,trackType
2018-11-01,0.0,-9.0,0.0,0,273.51,0.0,1,4.1,4.19,SPY190315P00245000,245.0,0,0.0,0.0,,0.0,normalDay
2018-11-02,0.0,-32.0,0.0,0,271.89,0.0,1,4.1,4.42,SPY190315P00245000,245.0,0,0.0,0.0,,0.0,normalDay
2018-11-05,0.0,6.0,0.0,0,273.39,0.0,1,4.1,4.04,SPY190315P00245000,245.0,0,0.0,0.0,,0.0,normalDay
2018-11-06,0.0,43.0,0.0,0,275.12,0.0,1,4.1,3.67,SPY190315P00245000,245.0,0,0.0,0.0,,0.0,normalDay
2018-11-07,0.0,153.0,0.0,0,281.01,0.0,1,4.1,2.57,SPY190315P00245000,245.0,0,0.0,0.0,,0.0,normalDay
2018-11-08,0.0,154.0,0.0,0,280.5,0.0,1,4.1,2.56,SPY190315P00245000,245.0,0,0.0,0.0,,0.0,normalDay
2018-11-09,0.0,104.0,0.0,0,277.76,0.0,1,4.1,3.06,SPY190315P00245000,245.0,0,0.0,0.0,,0.0,normalDay
2018-11-12,0.0,8.0,0.0,0,272.57,0.0,1,4.1,4.02,SPY190315P00245000,245.0,0,0.0,0.0,,0.0,normalDay
2018-11-13,0.0,-11.0,0.0,0,272.06,0.0,1,4.1,4.21,SPY190315P00245000,245.0,0,0.0,0.0,,0.0,normalDay
2018-11-14,0.0,-62.0,0.0,0,270.2,0.0,1,4.1,4.72,SPY190315P00245000,245.0,0,0.0,0.0,,0.0,normalDay
2018-11-15,0.0,7.0,0.0,0,273.02,0.0,1,4.1,4.03,SPY190315P00245000,245.0,0,0.0,0.0,,0.0,normalDay
2018-11-16,0.0,52.0,0.0,0,273.73,0.0,1,4.1,3.58,SPY190315P00245000,245.0,0,0.0,0.0,,0.0,normalDay
2018-11-19,0.0,-40.0,0.0,0,269.1,0.0,1,4.1,4.5,SPY190315P00245000,245.0,0,0.0,0.0,,0.0,normalDay
2018-11-20,0.0,-180.0,0.0,0,264.12,0.0,1,4.1,5.9,SPY190315P00245000,245.0,0,0.0,0.0,,0.0,normalDay
2018-11-21,0.0,-124.0,0.0,0,265.02,0.0,1,4.1,5.34,SPY190315P00245000,245.0,0,0.0,0.0,,0.0,normalDay
2018-11-23,0.0,-165.0,0.0,0,263.25,0.0,1,4.1,5.75,SPY190315P00245000,245.0,0,0.0,0.0,,0.0,normalDay
2018-11-26,0.0,-7.0,0.0,0,267.5,0.0,1,4.1,4.17,SPY190315P00245000,245.0,0,0.0,0.0,,0.0,normalDay
2018-11-27,0.0,6.0,0.0,0,268.4,0.0,1,4.1,4.04,SPY190315P00245000,245.0,0,0.0,0.0,,0.0,normalDay
2018-11-28,0.0,106.0,0.0,0,274.58,0.0,1,4.1,3.04,SPY190315P00245000,245.0,0,0.0,0.0,,0.0,normalDay
2018-11-29,0.0,92.0,0.0,0,273.98,0.0,1,4.1,3.18,SPY190315P00245000,245.0,0,0.0,0.0,,0.0,normalDay
2018-11-30,0.0,128.0,0.0,0,275.65,0.0,1,4.1,2.82,SPY190315P00245000,245.0,0,0.0,0.0,,0.0,normalDay
2018-12-03,0.0,191.0,0.0,0,279.3,0.0,1,4.1,2.19,SPY190315P00245000,245.0,0,0.0,0.0,,0.0,normalDay
2018-12-04,0.0,24.0,0.0,0,270.25,0.0,1,4.1,3.86,SPY190315P00245000,245.0,0,0.0,0.0,,0.0,normalDay
2018-12-06,0.0,18.0,0.0,0,269.84,0.0,1,4.1,3.92,SPY190315P00245000,245.0,0,0.0,0.0,,0.0,normalDay
2018-12-07,0.0,-134.0,0.0,0,263.57,0.0,1,4.1,5.44,SPY190315P00245000,245.0,0,0.0,0.0,,0.0,normalDay
2018-12-10,0.0,-87.0,0.0,0,264.07,0.0,1,4.1,4.97,SPY190315P00245000,245.0,0,0.0,0.0,,0.0,normalDay
2018-12-11,0.0,-76.0,0.0,0,264.13,0.0,1,4.1,4.86,SPY190315P00245000,245.0,0,0.0,0.0,,0.0,normalDay
2018-12-12,0.0,-49.0,0.0,0,265.46,0.0,1,4.1,4.59,SPY190315P00245000,245.0,0,0.0,0.0,,0.0,normalDay
2018-12-13,0.0,-29.0,0.0,0,265.37,0.0,1,4.1,4.39,SPY190315P00245000,245.0,0,0.0,0.0,,0.0,normalDay
2018-12-14,0.0,-138.0,0.0,0,260.47,0.0,1,4.1,5.48,SPY190315P00245000,245.0,0,0.0,0.0,,0.0,normalDay
2018-12-17,0.0,-293.0,0.0,0,255.36,0.0,1,4.1,7.03,SPY190315P00245000,245.0,0,0.0,0.0,,0.0,normalDay
2018-12-18,0.0,-328.0,0.0,0,255.08,0.0,1,4.1,7.38,SPY190315P00245000,245.0,0,0.0,0.0,,0.0,normalDay
2018-12-19,0.0,-401.0,0.0,0,251.26,0.0,1,4.1,8.11,SPY190315P00245000,245.0,0,0.0,0.0,,0.0,normalDay
2018-12-20,0.0,-581.0,0.0,0,247.17,0.0,1,4.1,9.91,SPY190315P00245000,245.0,0,0.0,0.0,,0.0,normalDay
2018-12-21,0.0,-885.0,0.0,0,240.7,0.0,1,4.1,12.95,SPY190315P00245000,245.0,0,0.0,0.0,,0.0,normalDay
2018-12-24,0.0,-1361.0,0.0,0,234.34,0.0,1,4.1,17.71,SPY190315P00245000,245.0,0,0.0,0.0,,0.0,normalDay
2018-12-26,0.0,-576.0,0.0,0,246.18,0.0,1,4.1,9.86,SPY190315P00245000,245.0,0,0.0,0.0,,0.0,normalDay
2018-12-27,0.0,-524.0,0.0,0,248.07,0.0,1,4.1,9.34,SPY190315P00245000,245.0,0,0.0,0.0,,0.0,normalDay
2018-12-28,0.0,-525.0,0.0,0,247.75,0.0,1,4.1,9.35,SPY190315P00245000,245.0,0,0.0,0.0,,0.0,normalDay
2018-12-31,0.0,-368.0,0.0,0,249.92,0.0,1,4.1,7.78,SPY190315P00245000,245.0,0,0.0,0.0,,0.0,normalDay
2019-01-02,0.0,-292.0,0.0,0,250.18,0.0,1,4.1,7.02,SPY190315P00245000,245.0,0,0.0,0.0,,0.0,normalDay
2019-01-03,0.0,-583.0,0.0,0,244.21,0.0,1,4.1,9.93,SPY190315P00245000,245.0,0,0.0,0.0,,0.0,normalDay
2019-01-04,0.0,-192.0,0.0,0,252.39,0.0,1,4.1,6.02,SPY190315P00245000,245.0,0,0.0,0.0,,0.0,normalDay
2019-01-07,0.0,-123.0,0.0,0,254.38,0.0,1,4.1,5.33,SPY190315P00245000,245.0,0,0.0,0.0,,0.0,normalDay
2019-01-08,0.0,-38.0,0.0,0,256.77,0.0,1,4.1,4.48,SPY190315P00245000,245.0,0,0.0,0.0,,0.0,normalDay
2019-01-09,0.0,8.0,0.0,0,257.97,0.0,1,4.1,4.02,SPY190315P00245000,245.0,0,0.0,0.0,,0.0,normalDay
2019-01-10,0.0,42.0,0.0,0,258.88,0.0,1,4.1,3.68,SPY190315P00245000,245.0,0,0.0,0.0,,0.0,normalDay
2019-01-11,0.0,76.0,0.0,0,258.98,0.0,1,4.1,3.34,SPY190315P00245000,245.0,0,0.0,0.0,,0.0,normalDay
2019-01-14,0.0,59.0,0.0,0,257.4,0.0,1,4.1,3.51,SPY190315P00245000,245.0,0,0.0,0.0,,0.0,normalDay
2019-01-15,0.0,133.0,0.0,0,260.35,0.0,1,4.1,2.77,SPY190315P00245000,245.0,0,0.0,0.0,,0.0,normalDay
2019-01-16,0.0,147.0,0.0,0,260.98,0.0,1,4.1,2.63,SPY190315P00245000,245.0,0,0.0,0.0,,0.0,normalDay
2019-01-17,0.0,187.0,0.0,0,262.96,0.0,1,4.1,2.23,SPY190315P00245000,245.0,0,0.0,0.0,,0.0,normalDay
2019-01-18,0.0,232.0,0.0,0,266.46,0.0,1,4.1,1.78,SPY190315P00245000,245.0,0,0.0,0.0,,0.0,normalDay
2019-01-22,0.0,159.0,0.0,0,262.86,0.0,1,4.1,2.51,SPY190315P00245000,245.0,0,0.0,0.0,,0.0,normalDay
2019-01-23,0.0,174.0,0.0,0,263.41,0.0,1,4.1,2.36,SPY190315P00245000,245.0,0,0.0,0.0,,0.0,normalDay
2019-01-24,0.0,194.0,0.0,0,263.55,0.0,1,4.1,2.16,SPY190315P00245000,245.0,0,0.0,0.0,,0.0,normalDay
2019-01-25,0.0,253.0,0.0,0,265.78,0.0,1,4.1,1.57,SPY190315P00245000,245.0,0,0.0,0.0,,0.0,normalDay
2019-01-28,0.0,220.0,0.0,0,263.76,0.0,1,4.1,1.9,SPY190315P00245000,245.0,0,0.0,0.0,,0.0,normalDay
2019-01-29,0.0,216.0,0.0,0,263.41,0.0,1,4.1,1.94,SPY190315P00245000,245.0,0,0.0,0.0,,0.0,normalDay
2019-01-30,0.0,287.0,0.0,0,267.58,0.0,1,4.1,1.23,SPY190315P00245000,245.0,0,0.0,0.0,,0.0,normalDay
2019-01-31,0.0,324.0,0.0,0,269.93,0.0,1,4.1,0.86,SPY190315P00245000,245.0,0,0.0,0.0,,0.0,normalDay
2019-02-01,0.0,330.0,0.0,0,270.06,0.0,1,4.1,0.8,SPY190315P00245000,245.0,0,0.0,0.0,,0.0,normalDay
2019-02-04,0.0,350.0,0.0,0,271.96,0.0,1,4.1,0.6,SPY190315P00245000,245.0,0,0.0,0.0,,0.0,normalDay
2019-02-05,0.0,353.0,0.0,0,273.1,0.0,1,4.1,0.57,SPY190315P00245000,245.0,0,0.0,0.0,,0.0,normalDay
2019-02-06,0.0,355.0,0.0,0,272.74,0.0,1,4.1,0.55,SPY190315P00245000,245.0,0,0.0,0.0,,0.0,normalDay
2019-02-07,0.0,339.0,0.0,0,270.14,0.0,1,4.1,0.71,SPY190315P00245000,245.0,0,0.0,0.0,,0.0,normalDay
2019-02-08,0.0,349.0,0.0,0,270.47,0.0,1,4.1,0.61,SPY190315P00245000,245.0,0,0.0,0.0,,0.0,normalDay
2019-02-11,0.0,358.0,0.0,0,270.62,0.0,1,4.1,0.52,SPY190315P00245000,245.0,0,0.0,0.0,,0.0,normalDay
2019-02-12,0.0,373.0,0.0,0,274.1,0.0,1,4.1,0.37,SPY190315P00245000,245.0,0,0.0,0.0,,0.0,normalDay
2019-02-13,0.0,375.0,0.0,0,274.99,0.0,1,4.1,0.35,SPY190315P00245000,245.0,0,0.0,0.0,,0.0,normalDay
2019-02-14,0.0,371.0,0.0,0,274.38,0.0,1,4.1,0.39,SPY190315P00245000,245.0,0,0.0,0.0,,0.0,normalDay
2019-02-15,0.0,383.0,0.0,0,277.37,0.0,1,4.1,0.27,SPY190315P00245000,245.0,0,0.0,0.0,,0.0,normalDay
2019-02-19,0.0,391.0,0.0,0,277.85,0.0,1,4.1,0.19,SPY190315P00245000,245.0,0,0.0,0.0,,0.0,normalDay
2019-02-20,0.0,395.0,0.0,0,278.41,0.0,1,4.1,0.15,SPY190315P00245000,245.0,0,0.0,0.0,,0.0,normalDay
2019-02-21,0.0,395.0,0.0,0,277.42,0.0,1,4.1,0.15,SPY190315P00245000,245.0,0,0.0,0.0,,0.0,normalDay
2019-02-22,0.0,400.0,0.0,0,279.14,0.0,1,4.1,0.1,SPY190315P00245000,245.0,0,0.0,0.0,,0.0,normalDay
2019-02-25,0.0,396.0,0.0,0,279.52,0.0,1,4.1,0.14,SPY190315P00245000,245.0,0,0.0,0.0,,0.0,normalDay
2019-02-26,0.0,398.0,0.0,0,279.32,0.0,1,4.1,0.12,SPY190315P00245000,245.0,0,0.0,0.0,,0.0,normalDay
2019-02-27,0.0,399.0,0.0,0,279.2,0.0,1,4.1,0.11,SPY190315P00245000,245.0,0,0.0,0.0,,0.0,normalDay
2019-02-28,0.0,399.0,0.0,0,278.68,0.0,1,4.1,0.11,SPY190315P00245000,245.0,0,0.0,0.0,,0.0,normalDay
2019-03-01,0.0,404.0,0.0,0,280.42,0.0,1,4.1,0.06,SPY190315P00245000,245.0,0,0.0,0.0,,0.0,normalDay
2019-03-04,0.0,404.0,0.0,0,279.4,0.0,1,4.1,0.06,SPY190315P00245000,245.0,0,0.0,0.0,,0.0,normalDay
2019-03-05,0.0,405.0,0.0,0,279.02,0.0,1,4.1,0.05,SPY190315P00245000,245.0,0,0.0,0.0,,0.0,normalDay
2019-03-06,0.0,404.0,0.0,0,277.33,0.0,1,4.1,0.06,SPY190315P00245000,245.0,0,0.0,0.0,,0.0,normalDay
2019-03-07,0.0,404.0,0.0,0,275.01,0.0,1,4.1,0.06,SPY190315P00245000,245.0,0,0.0,0.0,,0.0,normalDay
2019-03-08,0.0,407.0,0.0,0,274.46,0.0,1,4.1,0.03,SPY190315P00245000,245.0,0,0.0,0.0,,0.0,normalDay
2019-03-11,0.0,408.0,0.0,0,278.44,0.0,1,4.1,0.02,SPY190315P00245000,245.0,0,0.0,0.0,,0.0,normalDay
2019-03-12,0.0,409.0,0.0,0,279.49,0.0,1,4.1,0.01,SPY190315P00245000,245.0,0,0.0,0.0,,0.0,normalDay
2019-03-13,0.0,409.0,0.0,0,281.34,0.0,1,4.1,0.01,SPY190315P00245000,245.0,0,0.0,0.0,,0.0,normalDay
2019-03-14,0.0,409.0,0.0,0,281.16,0.0,1,4.1,0.01,SPY190315P00245000,245.0,0,0.0,0.0,,0.0,normalDay
2019-03-15,410.0,0.0,410.0,0,281.31,0.0,1,4.1,0.0,SPY190315P00245000,245.0,0,0.0,0.0,,0.0,expirationDay
2019-03-18,410.0,-5.0,0.0,0,282.33,0.0,1,4.6,4.65,SPY190719P00270000,270.0,0,0.0,0.0,,0.0,normalDay
2019-03-19,410.0,-22.0,0.0,0,282.4,0.0,1,4.6,4.82,SPY190719P00270000,270.0,0,0.0,0.0,,0.0,normalDay
2019-03-20,410.0,-46.0,0.0,0,281.55,0.0,1,4.6,5.06,SPY190719P00270000,270.0,0,0.0,0.0,,0.0,normalDay
2019-03-21,410.0,29.0,0.0,0,284.73,0.0,1,4.6,4.31,SPY190719P00270000,270.0,0,0.0,0.0,,0.0,normalDay
2019-03-22,410.0,-143.0,0.0,0,279.25,0.0,1,4.6,6.03,SPY190719P00270000,270.0,0,0.0,0.0,,0.0,normalDay
2019-03-25,410.0,-161.0,0.0,0,279.04,0.0,1,4.6,6.21,SPY190719P00270000,270.0,0,0.0,0.0,,0.0,normalDay
2019-03-26,410.0,-79.0,0.0,0,281.12,0.0,1,4.6,5.39,SPY190719P00270000,270.0,0,0.0,0.0,,0.0,normalDay
2019-03-27,410.0,-118.0,0.0,0,279.65,0.0,1,4.6,5.78,SPY190719P00270000,270.0,0,0.0,0.0,,0.0,normalDay
2019-03-28,410.0,-69.0,0.0,0,280.71,0.0,1,4.6,5.29,SPY190719P00270000,270.0,0,0.0,0.0,,0.0,normalDay
2019-03-29,410.0,-8.0,0.0,0,282.48,0.0,1,4.6,4.68,SPY190719P00270000,270.0,0,0.0,0.0,,0.0,normalDay
2019-04-01,410.0,73.0,0.0,0,285.83,0.0,1,4.6,3.87,SPY190719P00270000,270.0,0,0.0,0.0,,0.0,normalDay
2019-04-02,410.0,80.0,0.0,0,285.97,0.0,1,4.6,3.8,SPY190719P00270000,270.0,0,0.0,0.0,,0.0,normalDay
2019-04-03,410.0,93.0,0.0,0,286.42,0.0,1,4.6,3.67,SPY190719P00270000,270.0,0,0.0,0.0,,0.0,normalDay
2019-04-04,410.0,110.0,0.0,0,287.18,0.0,1,4.6,3.5,SPY190719P00270000,270.0,0,0.0,0.0,,0.0,normalDay
2019-04-05,410.0,149.0,0.0,0,288.57,0.0,1,4.6,3.11,SPY190719P00270000,270.0,0,0.0,0.0,,0.0,normalDay
2019-04-08,410.0,154.0,0.0,0,288.79,0.0,1,4.6,3.06,SPY190719P00270000,270.0,0,0.0,0.0,,0.0,normalDay
2019-04-09,410.0,106.0,0.0,0,287.31,0.0,1,4.6,3.54,SPY190719P00270000,270.0,0,0.0,0.0,,0.0,normalDay
2019-04-10,410.0,150.0,0.0,0,288.29,0.0,1,4.6,3.1,SPY190719P00270000,270.0,0,0.0,0.0,,0.0,normalDay
2019-04-11,410.0,153.0,0.0,0,288.21,0.0,1,4.6,3.07,SPY190719P00270000,270.0,0,0.0,0.0,,0.0,normalDay
2019-04-12,410.0,209.0,0.0,0,290.16,0.0,1,4.6,2.51,SPY190719P00270000,270.0,0,0.0,0.0,,0.0,normalDay
2019-04-15,410.0,215.0,0.0,0,289.97,0.0,1,4.6,2.45,SPY190719P00270000,270.0,0,0.0,0.0,,0.0,normalDay
2019-04-16,410.0,219.0,0.0,0,290.16,0.0,1,4.6,2.41,SPY190719P00270000,270.0,0,0.0,0.0,,0.0,normalDay
2019-04-17,410.0,205.0,0.0,0,289.45,0.0,1,4.6,2.55,SPY190719P00270000,270.0,0,0.0,0.0,,0.0,normalDay
2019-04-18,410.0,220.0,0.0,0,290.02,0.0,1,4.6,2.4,SPY190719P00270000,270.0,0,0.0,0.0,,0.0,normalDay
2019-04-22,410.0,234.0,0.0,0,290.27,0.0,1,4.6,2.26,SPY190719P00270000,270.0,0,0.0,0.0,,0.0,normalDay
2019-04-23,410.0,264.0,0.0,0,292.88,0.0,1,4.6,1.96,SPY190719P00270000,270.0,0,0.0,0.0,,0.0,normalDay
2019-04-24,410.0,250.0,0.0,0,292.23,0.0,1,4.6,2.1,SPY190719P00270000,270.0,0,0.0,0.0,,0.0,normalDay
2019-04-25,410.0,245.0,0.0,0,292.05,0.0,1,4.6,2.15,SPY190719P00270000,270.0,0,0.0,0.0,,0.0,normalDay
2019-04-26,410.0,267.0,0.0,0,293.41,0.0,1,4.6,1.93,SPY190719P00270000,270.0,0,0.0,0.0,,0.0,normalDay
2019-04-29,410.0,273.0,0.0,0,293.87,0.0,1,4.6,1.87,SPY190719P00270000,270.0,0,0.0,0.0,,0.0,normalDay
2019-04-30,410.0,277.0,0.0,0,294.02,0.0,1,4.6,1.83,SPY190719P00270000,270.0,0,0.0,0.0,,0.0,normalDay
2019-05-01,410.0,236.0,0.0,0,291.81,0.0,1,4.6,2.24,SPY190719P00270000,270.0,0,0.0,0.0,,0.0,normalDay
2019-05-02,410.0,230.0,0.0,0,291.18,0.0,1,4.6,2.3,SPY190719P00270000,270.0,0,0.0,0.0,,0.0,normalDay
2019-05-03,410.0,287.0,0.0,0,294.03,0.0,1,4.6,1.73,SPY190719P00270000,270.0,0,0.0,0.0,,0.0,normalDay
2019-05-06,410.0,246.0,0.0,0,292.82,0.0,1,4.6,2.14,SPY190719P00270000,270.0,0,0.0,0.0,,0.0,normalDay
2019-05-07,410.0,101.0,0.0,0,287.93,0.0,1,4.6,3.59,SPY190719P00270000,270.0,0,0.0,0.0,,0.0,normalDay
2019-05-08,410.0,107.0,0.0,0,287.53,0.0,1,4.6,3.53,SPY190719P00270000,270.0,0,0.0,0.0,,0.0,normalDay
2019-05-09,410.0,108.0,0.0,0,286.66,0.0,1,4.6,3.52,SPY190719P00270000,270.0,0,0.0,0.0,,0.0,normalDay
2019-05-10,410.0,183.0,0.0,0,288.1,0.0,1,4.6,2.77,SPY190719P00270000,270.0,0,0.0,0.0,,0.0,normalDay
2019-05-13,410.0,-41.0,0.0,0,280.86,0.0,1,4.6,5.01,SPY190719P00270000,270.0,0,0.0,0.0,,0.0,normalDay
2019-05-14,410.0,70.0,0.0,0,283.4,0.0,1,4.6,3.9,SPY190719P00270000,270.0,0,0.0,0.0,,0.0,normalDay
2019-05-15,410.0,144.0,0.0,0,285.06,0.0,1,4.6,3.16,SPY190719P00270000,270.0,0,0.0,0.0,,0.0,normalDay
2019-05-16,410.0,215.0,0.0,0,287.7,0.0,1,4.6,2.45,SPY190719P00270000,270.0,0,0.0,0.0,,0.0,normalDay
2019-05-17,410.0,176.0,0.0,0,285.84,0.0,1,4.6,2.84,SPY190719P00270000,270.0,0,0.0,0.0,,0.0,normalDay
2019-05-20,410.0,153.0,0.0,0,283.95,0.0,1,4.6,3.07,SPY190719P00270000,270.0,0,0.0,0.0,,0.0,normalDay
2019-05-21,410.0,227.0,0.0,0,286.51,0.0,1,4.6,2.33,SPY190719P00270000,270.0,0,0.0,0.0,,0.0,normalDay
2019-05-22,410.0,220.0,0.0,0,285.63,0.0,1,4.6,2.4,SPY190719P00270000,270.0,0,0.0,0.0,,0.0,normalDay
2019-05-23,410.0,116.0,0.0,0,282.14,0.0,1,4.6,3.44,SPY190719P00270000,270.0,0,0.0,0.0,,0.0,normalDay
2019-05-24,410.0,158.0,0.0,0,282.78,0.0,1,4.6,3.02,SPY190719P00270000,270.0,0,0.0,0.0,,0.0,normalDay
2019-05-28,410.0,99.0,0.0,0,280.15,0.0,1,4.6,3.61,SPY190719P00270000,270.0,0,0.0,0.0,,0.0,normalDay
2019-05-29,410.0,49.0,0.0,0,278.27,0.0,1,4.6,4.11,SPY190719P00270000,270.0,0,0.0,0.0,,0.0,normalDay
2019-05-30,410.0,81.0,0.0,0,279.03,0.0,1,4.6,3.79,SPY190719P00270000,270.0,0,0.0,0.0,,0.0,normalDay
2019-05-31,410.0,-51.0,0.0,0,275.27,0.0,1,4.6,5.11,SPY190719P00270000,270.0,0,0.0,0.0,,0.0,normalDay
2019-06-03,410.0,-43.0,0.0,0,274.57,0.0,1,4.6,5.03,SPY190719P00270000,270.0,0,0.0,0.0,,0.0,normalDay
2019-06-04,410.0,158.0,0.0,0,280.53,0.0,1,4.6,3.02,SPY190719P00270000,270.0,0,0.0,0.0,,0.0,normalDay
2019-06-05,410.0,234.0,0.0,0,282.96,0.0,1,4.6,2.26,SPY190719P00270000,270.0,0,0.0,0.0,,0.0,normalDay
2019-06-06,410.0,271.0,0.0,0,284.8,0.0,1,4.6,1.89,SPY190719P00270000,270.0,0,0.0,0.0,,0.0,normalDay
2019-06-07,410.0,298.0,0.0,0,287.65,0.0,1,4.6,1.62,SPY190719P00270000,270.0,0,0.0,0.0,,0.0,normalDay
2019-06-10,410.0,329.0,0.0,0,288.97,0.0,1,4.6,1.31,SPY190719P00270000,270.0,0,0.0,0.0,,0.0,normalDay
2019-06-11,410.0,328.0,0.0,0,288.9,0.0,1,4.6,1.32,SPY190719P00270000,270.0,0,0.0,0.0,,0.0,normalDay
2019-06-12,410.0,328.0,0.0,0,288.39,0.0,1,4.6,1.32,SPY190719P00270000,270.0,0,0.0,0.0,,0.0,normalDay
2019-06-13,410.0,346.0,0.0,0,289.58,0.0,1,4.6,1.14,SPY190719P00270000,270.0,0,0.0,0.0,,0.0,normalDay
2019-06-14,410.0,356.0,0.0,0,289.26,0.0,1,4.6,1.04,SPY190719P00270000,270.0,0,0.0,0.0,,0.0,normalDay
2019-06-17,410.0,367.0,0.0,0,289.37,0.0,1,4.6,0.93,SPY190719P00270000,270.0,0,0.0,0.0,,0.0,normalDay
2019-06-18,410.0,389.0,0.0,0,292.4,0.0,1,4.6,0.71,SPY190719P00270000,270.0,0,0.0,0.0,,0.0,normalDay
2019-06-19,410.0,404.0,0.0,0,293.06,0.0,1,4.6,0.56,SPY190719P00270000,270.0,0,0.0,0.0,,0.0,normalDay
2019-06-20,410.0,414.0,0.0,0,295.86,0.0,1,4.6,0.46,SPY190719P00270000,270.0,0,0.0,0.0,,0.0,normalDay
2019-06-21,410.0,412.0,0.0,0,294.0,0.0,1,4.6,0.48,SPY190719P00270000,270.0,0,0.0,0.0,,0.0,normalDay
2019-06-24,410.0,420.0,0.0,0,293.64,0.0,1,4.6,0.4,SPY190719P00270000,270.0,0,0.0,0.0,,0.0,normalDay
2019-06-25,410.0,401.0,0.0,0,290.76,0.0,1,4.6,0.59,SPY190719P00270000,270.0,0,0.0,0.0,,0.0,normalDay
2019-06-26,410.0,403.0,0.0,0,290.47,0.0,1,4.6,0.57,SPY190719P00270000,270.0,0,0.0,0.0,,0.0,normalDay
2019-06-27,410.0,416.0,0.0,0,291.5,0.0,1,4.6,0.44,SPY190719P00270000,270.0,0,0.0,0.0,,0.0,normalDay
2019-06-28,410.0,425.0,0.0,0,293.0,0.0,1,4.6,0.35,SPY190719P00270000,270.0,0,0.0,0.0,,0.0,normalDay
2019-07-01,410.0,444.0,0.0,0,295.66,0.0,1,4.6,0.16,SPY190719P00270000,270.0,0,0.0,0.0,,0.0,normalDay
2019-07-02,410.0,449.0,0.0,0,296.43,0.0,1,4.6,0.11,SPY190719P00270000,270.0,0,0.0,0.0,,0.0,normalDay
2019-07-03,410.0,452.0,0.0,0,298.8,0.0,1,4.6,0.08,SPY190719P00270000,270.0,0,0.0,0.0,,0.0,normalDay
2019-07-05,410.0,450.0,0.0,0,298.46,0.0,1,4.6,0.1,SPY190719P00270000,270.0,0,0.0,0.0,,0.0,normalDay
2019-07-08,410.0,454.0,0.0,0,296.82,0.0,1,4.6,0.06,SPY190719P00270000,270.0,0,0.0,0.0,,0.0,normalDay
2019-07-09,410.0,455.0,0.0,0,297.19,0.0,1,4.6,0.05,SPY190719P00270000,270.0,0,0.0,0.0,,0.0,normalDay
2019-07-10,410.0,457.0,0.0,0,298.61,0.0,1,4.6,0.03,SPY190719P00270000,270.0,0,0.0,0.0,,0.0,normalDay
2019-07-11,410.0,457.0,0.0,0,299.31,0.0,1,4.6,0.03,SPY190719P00270000,270.0,0,0.0,0.0,,0.0,normalDay
2019-07-12,410.0,458.0,0.0,0,300.65,0.0,1,4.6,0.02,SPY190719P00270000,270.0,0,0.0,0.0,,0.0,normalDay
2019-07-15,410.0,458.0,0.0,0,300.75,0.0,1,4.6,0.02,SPY190719P00270000,270.0,0,0.0,0.0,,0.0,normalDay
2019-07-16,410.0,458.0,0.0,0,299.78,0.0,1,4.6,0.02,SPY190719P00270000,270.0,0,0.0,0.0,,0.0,normalDay
2019-07-17,410.0,459.0,0.0,0,297.74,0.0,1,4.6,0.01,SPY190719P00270000,270.0,0,0.0,0.0,,0.0,normalDay
2019-07-18,410.0,459.0,0.0,0,298.83,0.0,1,4.6,0.01,SPY190719P00270000,270.0,0,0.0,0.0,,0.0,normalDay
2019-07-19,870.0,0.0,460.0,0,297.17,0.0,1,4.6,0.0,SPY190719P00270000,270.0,0,0.0,0.0,,0.0,expirationDay
2019-07-22,870.0,-6.0,0.0,0,297.9,0.0,1,4.5,4.56,SPY191115P00282000,282.0,0,0.0,0.0,,0.0,normalDay
2019-07-23,870.0,55.0,0.0,0,300.03,0.0,1,4.5,3.95,SPY191115P00282000,282.0,0,0.0,0.0,,0.0,normalDay
2019-07-24,870.0,92.0,0.0,0,301.44,0.0,1,4.5,3.58,SPY191115P00282000,282.0,0,0.0,0.0,,0.0,normalDay
2019-07-25,870.0,55.0,0.0,0,300.0,0.0,1,4.5,3.95,SPY191115P00282000,282.0,0,0.0,0.0,,0.0,normalDay
2019-07-26,870.0,100.0,0.0,0,302.01,0.0,1,4.5,3.5,SPY191115P00282000,282.0,0,0.0,0.0,,0.0,normalDay
2019-07-29,870.0,98.0,0.0,0,301.46,0.0,1,4.5,3.52,SPY191115P00282000,282.0,0,0.0,0.0,,0.0,normalDay
2019-07-30,870.0,59.0,0.0,0,300.72,0.0,1,4.5,3.91,SPY191115P00282000,282.0,0,0.0,0.0,,0.0,normalDay
2019-07-31,870.0,-41.0,0.0,0,297.43,0.0,1,4.5,4.91,SPY191115P00282000,282.0,0,0.0,0.0,,0.0,normalDay
2019-08-01,870.0,-136.0,0.0,0,294.84,0.0,1,4.5,5.86,SPY191115P00282000,282.0,0,0.0,0.0,,0.0,normalDay
2019-08-02,870.0,-197.0,0.0,0,292.62,0.0,1,4.5,6.47,SPY191115P00282000,282.0,0,0.0,0.0,,0.0,normalDay
2019-08-05,870.0,-639.0,0.0,0,283.82,0.0,1,4.5,10.89,SPY191115P00282000,282.0,0,0.0,0.0,,0.0,normalDay
2019-08-06,870.0,-385.0,0.0,0,287.8,0.0,1,4.5,8.35,SPY191115P00282000,282.0,0,0.0,0.0,,0.0,normalDay
2019-08-07,870.0,-375.0,0.0,0,287.97,0.0,1,4.5,8.25,SPY191115P00282000,282.0,0,0.0,0.0,,0.0,normalDay
2019-08-08,870.0,-144.0,0.0,0,293.62,0.0,1,4.5,5.94,SPY191115P00282000,282.0,0,0.0,0.0,,0.0,normalDay
2019-08-09,870.0,-217.0,0.0,0,291.62,0.0,1,4.5,6.67,SPY191115P00282000,282.0,0,0.0,0.0,,0.0,normalDay
2019-08-12,870.0,-408.0,0.0,0,288.07,0.0,1,4.5,8.58,SPY191115P00282000,282.0,0,0.0,0.0,,0.0,normalDay
2019-08-13,870.0,-191.0,0.0,0,292.55,0.0,1,4.5,6.41,SPY191115P00282000,282.0,0,0.0,0.0,,0.0,normalDay
2019-08-14,870.0,-574.0,0.0,0,283.9,0.0,1,4.5,10.24,SPY191115P00282000,282.0,0,0.0,0.0,,0.0,normalDay
2019-08-15,870.0,-524.0,0.0,0,284.65,0.0,1,4.5,9.74,SPY191115P00282000,282.0,0,0.0,0.0,,0.0,normalDay
2019-08-16,870.0,-327.0,0.0,0,288.85,0.0,1,4.5,7.77,SPY191115P00282000,282.0,0,0.0,0.0,,0.0,normalDay
2019-08-19,870.0,-156.0,0.0,0,292.33,0.0,1,4.5,6.06,SPY191115P00282000,282.0,0,0.0,0.0,,0.0,normalDay
2019-08-20,870.0,-240.0,0.0,0,290.09,0.0,1,4.5,6.9,SPY191115P00282000,282.0,0,0.0,0.0,,0.0,normalDay
2019-08-21,870.0,-107.0,0.0,0,292.45,0.0,1,4.5,5.57,SPY191115P00282000,282.0,0,0.0,0.0,,0.0,normalDay
2019-08-22,870.0,-136.0,0.0,0,292.36,0.0,1,4.5,5.86,SPY191115P00282000,282.0,0,0.0,0.0,,0.0,normalDay
2019-08-23,870.0,-424.0,0.0,0,284.85,0.0,1,4.5,8.74,SPY191115P00282000,282.0,0,0.0,0.0,,0.0,normalDay
2019-08-26,870.0,-307.0,0.0,0,288.0,0.0,1,4.5,7.57,SPY191115P00282000,282.0,0,0.0,0.0,,0.0,normalDay
2019-08-27,870.0,-377.0,0.0,0,286.87,0.0,1,4.5,8.27,SPY191115P00282000,282.0,0,0.0,0.0,,0.0,normalDay
2019-08-28,870.0,-279.0,0.0,0,288.89,0.0,1,4.5,7.29,SPY191115P00282000,282.0,0,0.0,0.0,,0.0,normalDay
2019-08-29,870.0,-135.0,0.0,0,292.58,0.0,1,4.5,5.85,SPY191115P00282000,282.0,0,0.0,0.0,,0.0,normalDay
2019-08-30,870.0,-149.0,0.0,0,292.45,0.0,1,4.5,5.99,SPY191115P00282000,282.0,0,0.0,0.0,,0.0,normalDay
2019-09-03,870.0,-206.0,0.0,0,290.74,0.0,1,4.5,6.56,SPY191115P00282000,282.0,0,0.0,0.0,,0.0,normalDay
2019-09-04,870.0,-55.0,0.0,0,294.04,0.0,1,4.5,5.05,SPY191115P00282000,282.0,0,0.0,0.0,,0.0,normalDay
2019-09-05,870.0,53.0,0.0,0,297.82,0.0,1,4.5,3.97,SPY191115P00282000,282.0,0,0.0,0.0,,0.0,normalDay
2019-09-06,870.0,96.0,0.0,0,298.05,0.0,1,4.5,3.54,SPY191115P00282000,282.0,0,0.0,0.0,,0.0,normalDay
2019-09-09,870.0,104.0,0.0,0,298.2,0.0,1,4.5,3.46,SPY191115P00282000,282.0,0,0.0,0.0,,0.0,normalDay
2019-09-10,870.0,113.0,0.0,0,298.13,0.0,1,4.5,3.37,SPY191115P00282000,282.0,0,0.0,0.0,,0.0,normalDay
2019-09-11,870.0,169.0,0.0,0,300.25,0.0,1,4.5,2.81,SPY191115P00282000,282.0,0,0.0,0.0,,0.0,normalDay
2019-09-12,870.0,204.0,0.0,0,301.29,0.0,1,4.5,2.46,SPY191115P00282000,282.0,0,0.0,0.0,,0.0,normalDay
2019-09-13,870.0,210.0,0.0,0,301.09,0.0,1,4.5,2.4,SPY191115P00282000,282.0,0,0.0,0.0,,0.0,normalDay
2019-09-16,870.0,196.0,0.0,0,300.16,0.0,1,4.5,2.54,SPY191115P00282000,282.0,0,0.0,0.0,,0.0,normalDay
2019-09-17,870.0,207.0,0.0,0,300.92,0.0,1,4.5,2.43,SPY191115P00282000,282.0,0,0.0,0.0,,0.0,normalDay
2019-09-18,870.0,231.0,0.0,0,301.1,0.0,1,4.5,2.19,SPY191115P00282000,282.0,0,0.0,0.0,,0.0,normalDay
2019-09-19,870.0,234.0,0.0,0,301.08,0.0,1,4.5,2.16,SPY191115P00282000,282.0,0,0.0,0.0,,0.0,normalDay
2019-09-20,870.0,188.0,0.0,0,298.28,0.0,1,4.5,2.62,SPY191115P00282000,282.0,0,0.0,0.0,,0.0,normalDay
2019-09-23,870.0,212.0,0.0,0,298.21,0.0,1,4.5,2.38,SPY191115P00282000,282.0,0,0.0,0.0,,0.0,normalDay
2019-09-24,870.0,143.0,0.0,0,295.87,0.0,1,4.5,3.07,SPY191115P00282000,282.0,0,0.0,0.0,,0.0,normalDay
2019-09-25,870.0,188.0,0.0,0,297.62,0.0,1,4.5,2.62,SPY191115P00282000,282.0,0,0.0,0.0,,0.0,normalDay
2019-09-26,870.0,189.0,0.0,0,297.0,0.0,1,4.5,2.61,SPY191115P00282000,282.0,0,0.0,0.0,,0.0,normalDay
2019-09-27,870.0,141.0,0.0,0,295.4,0.0,1,4.5,3.09,SPY191115P00282000,282.0,0,0.0,0.0,,0.0,normalDay
2019-09-30,870.0,203.0,0.0,0,296.77,0.0,1,4.5,2.47,SPY191115P00282000,282.0,0,0.0,0.0,,0.0,normalDay
2019-10-01,870.0,96.0,0.0,0,293.24,0.0,1,4.5,3.54,SPY191115P00282000,282.0,0,0.0,0.0,,0.0,normalDay
2019-10-02,870.0,-99.0,0.0,0,288.06,0.0,1,4.5,5.49,SPY191115P00282000,282.0,0,0.0,0.0,,0.0,normalDay
2019-10-03,870.0,18.0,0.0,0,290.42,0.0,1,4.5,4.32,SPY191115P00282000,282.0,0,0.0,0.0,,0.0,normalDay
2019-10-04,870.0,161.0,0.0,0,294.35,0.0,1,4.5,2.89,SPY191115P00282000,282.0,0,0.0,0.0,,0.0,normalDay
2019-10-07,870.0,136.0,0.0,0,293.08,0.0,1,4.5,3.14,SPY191115P00282000,282.0,0,0.0,0.0,,0.0,normalDay
2019-10-08,870.0,-20.0,0.0,0,288.53,0.0,1,4.5,4.7,SPY191115P00282000,282.0,0,0.0,0.0,,0.0,normalDay
2019-10-09,870.0,97.0,0.0,0,291.27,0.0,1,4.5,3.53,SPY191115P00282000,282.0,0,0.0,0.0,,0.0,normalDay
2019-10-10,870.0,177.0,0.0,0,293.24,0.0,1,4.5,2.73,SPY191115P00282000,282.0,0,0.0,0.0,,0.0,normalDay
2019-10-11,870.0,283.0,0.0,0,296.28,0.0,1,4.5,1.67,SPY191115P00282000,282.0,0,0.0,0.0,,0.0,normalDay
2019-10-14,870.0,308.0,0.0,0,295.95,0.0,1,4.5,1.42,SPY191115P00282000,282.0,0,0.0,0.0,,0.0,normalDay
2019-10-15,870.0,363.0,0.0,0,298.88,0.0,1,4.5,0.87,SPY191115P00282000,282.0,0,0.0,0.0,,0.0,normalDay
2019-10-16,870.0,363.0,0.0,0,298.4,0.0,1,4.5,0.87,SPY191115P00282000,282.0,0,0.0,0.0,,0.0,normalDay
2019-10-17,870.0,371.0,0.0,0,299.28,0.0,1,4.5,0.79,SPY191115P00282000,282.0,0,0.0,0.0,,0.0,normalDay
2019-10-18,870.0,362.0,0.0,0,297.97,0.0,1,4.5,0.88,SPY191115P00282000,282.0,0,0.0,0.0,,0.0,normalDay
2019-10-21,870.0,392.0,0.0,0,299.99,0.0,1,4.5,0.58,SPY191115P00282000,282.0,0,0.0,0.0,,0.0,normalDay
2019-10-22,870.0,385.0,0.0,0,299.01,0.0,1,4.5,0.65,SPY191115P00282000,282.0,0,0.0,0.0,,0.0,normalDay
2019-10-23,870.0,401.0,0.0,0,299.88,0.0,1,4.5,0.49,SPY191115P00282000,282.0,0,0.0,0.0,,0.0,normalDay
2019-10-24,870.0,409.0,0.0,0,300.37,0.0,1,4.5,0.41,SPY191115P00282000,282.0,0,0.0,0.0,,0.0,normalDay
2019-10-25,870.0,422.0,0.0,0,301.6,0.0,1,4.5,0.28,SPY191115P00282000,282.0,0,0.0,0.0,,0.0,normalDay
2019-10-28,870.0,429.0,0.0,0,303.3,0.0,1,4.5,0.21,SPY191115P00282000,282.0,0,0.0,0.0,,0.0,normalDay
2019-10-29,870.0,431.0,0.0,0,303.21,0.0,1,4.5,0.19,SPY191115P00282000,282.0,0,0.0,0.0,,0.0,normalDay
2019-10-30,870.0,436.0,0.0,0,304.14,0.0,1,4.5,0.14,SPY191115P00282000,282.0,0,0.0,0.0,,0.0,normalDay
2019-10-31,870.0,431.0,0.0,0,303.33,0.0,1,4.5,0.19,SPY191115P00282000,282.0,0,0.0,0.0,,0.0,normalDay
2019-11-01,870.0,441.0,0.0,0,306.14,0.0,1,4.5,0.09,SPY191115P00282000,282.0,0,0.0,0.0,,0.0,normalDay
2019-11-04,870.0,443.0,0.0,0,307.37,0.0,1,4.5,0.07,SPY191115P00282000,282.0,0,0.0,0.0,,0.0,normalDay
2019-11-05,870.0,444.0,0.0,0,307.03,0.0,1,4.5,0.06,SPY191115P00282000,282.0,0,0.0,0.0,,0.0,normalDay
2019-11-06,870.0,447.0,0.0,0,307.1,0.0,1,4.5,0.03,SPY191115P00282000,282.0,0,0.0,0.0,,0.0,normalDay
2019-11-07,870.0,447.0,0.0,0,308.18,0.0,1,4.5,0.03,SPY191115P00282000,282.0,0,0.0,0.0,,0.0,normalDay
2019-11-08,870.0,448.0,0.0,0,308.94,0.0,1,4.5,0.02,SPY191115P00282000,282.0,0,0.0,0.0,,0.0,normalDay
2019-11-11,870.0,448.0,0.0,0,308.35,0.0,1,4.5,0.02,SPY191115P00282000,282.0,0,0.0,0.0,,0.0,normalDay
2019-11-12,870.0,449.0,0.0,0,309.0,0.0,1,4.5,0.01,SPY191115P00282000,282.0,0,0.0,0.0,,0.0,normalDay
2019-11-13,870.0,449.0,0.0,0,309.1,0.0,1,4.5,0.01,SPY191115P00282000,282.0,0,0.0,0.0,,0.0,normalDay
2019-11-14,870.0,449.0,0.0,0,309.55,0.0,1,4.5,0.01,SPY191115P00282000,282.0,0,0.0,0.0,,0.0,normalDay
2019-11-15,1320.0,0.0,450.0,0,311.79,0.0,1,4.5,0.0,SPY191115P00282000,282.0,0,0.0,0.0,,0.0,expirationDay
2019-11-18,1320.0,-6.0,0.0,0,312.02,0.0,1,4.57,4.63,SPY200331P00288000,288.0,0,0.0,0.0,,0.0,normalDay
2019-11-19,1320.0,-18.0,0.0,0,311.93,0.0,1,4.57,4.75,SPY200331P00288000,288.0,0,0.0,0.0,,0.0,normalDay
2019-11-20,1320.0,-49.0,0.0,0,310.77,0.0,1,4.57,5.06,SPY200331P00288000,288.0,0,0.0,0.0,,0.0,normalDay
2019-11-21,1320.0,-59.0,0.0,0,310.27,0.0,1,4.57,5.16,SPY200331P00288000,288.0,0,0.0,0.0,,0.0,normalDay
2019-11-22,1320.0,-28.0,0.0,0,310.96,0.0,1,4.57,4.85,SPY200331P00288000,288.0,0,0.0,0.0,,0.0,normalDay
2019-11-25,1320.0,37.0,0.0,0,313.37,0.0,1,4.57,4.2,SPY200331P00288000,288.0,0,0.0,0.0,,0.0,normalDay
2019-11-26,1320.0,63.0,0.0,0,314.08,0.0,1,4.57,3.94,SPY200331P00288000,288.0,0,0.0,0.0,,0.0,normalDay
2019-11-27,1320.0,82.0,0.0,0,315.48,0.0,1,4.57,3.75,SPY200331P00288000,288.0,0,0.0,0.0,,0.0,normalDay
2019-11-29,1320.0,50.0,0.0,0,314.31,0.0,1,4.57,4.07,SPY200331P00288000,288.0,0,0.0,0.0,,0.0,normalDay
2019-12-02,1320.0,-26.0,0.0,0,311.64,0.0,1,4.57,4.83,SPY200331P00288000,288.0,0,0.0,0.0,,0.0,normalDay
2019-12-03,1320.0,-94.0,0.0,0,309.55,0.0,1,4.57,5.51,SPY200331P00288000,288.0,0,0.0,0.0,,0.0,normalDay
2019-12-04,1320.0,-38.0,0.0,0,311.46,0.0,1,4.57,4.95,SPY200331P00288000,288.0,0,0.0,0.0,,0.0,normalDay
2019-12-05,1320.0,-6.0,0.0,0,312.02,0.0,1,4.57,4.63,SPY200331P00288000,288.0,0,0.0,0.0,,0.0,normalDay
2019-12-06,1320.0,61.0,0.0,0,314.87,0.0,1,4.57,3.96,SPY200331P00288000,288.0,0,0.0,0.0,,0.0,normalDay
2019-12-09,1320.0,21.0,0.0,0,313.88,0.0,1,4.57,4.36,SPY200331P00288000,288.0,0,0.0,0.0,,0.0,normalDay
2019-12-10,1320.0,32.0,0.0,0,313.53,0.0,1,4.57,4.25,SPY200331P00288000,288.0,0,0.0,0.0,,0.0,normalDay
2019-12-11,1320.0,60.0,0.0,0,314.42,0.0,1,4.57,3.97,SPY200331P00288000,288.0,0,0.0,0.0,,0.0,normalDay
2019-12-12,1320.0,122.0,0.0,0,317.13,0.0,1,4.57,3.35,SPY200331P00288000,288.0,0,0.0,0.0,,0.0,normalDay
2019-12-13,1320.0,159.0,0.0,0,317.32,0.0,1,4.57,2.98,SPY200331P00288000,288.0,0,0.0,0.0,,0.0,normalDay
2019-12-16,1320.0,205.0,0.0,0,319.5,0.0,1,4.57,2.52,SPY200331P00288000,288.0,0,0.0,0.0,,0.0,normalDay
2019-12-17,1320.0,203.0,0.0,0,319.57,0.0,1,4.57,2.54,SPY200331P00288000,288.0,0,0.0,0.0,,0.0,normalDay
2019-12-18,1320.0,205.0,0.0,0,319.59,0.0,1,4.57,2.52,SPY200331P00288000,288.0,0,0.0,0.0,,0.0,normalDay
2019-12-19,1320.0,223.0,0.0,0,320.9,0.0,1,4.57,2.34,SPY200331P00288000,288.0,0,0.0,0.0,,0.0,normalDay
2019-12-20,1320.0,230.0,0.0,0,320.73,0.0,1,4.57,2.27,SPY200331P00288000,288.0,0,0.0,0.0,,0.0,normalDay
2019-12-23,1320.0,232.0,0.0,0,321.22,0.0,1,4.57,2.25,SPY200331P00288000,288.0,0,0.0,0.0,,0.0,normalDay
2019-12-24,1320.0,239.0,0.0,0,321.23,0.0,1,4.57,2.18,SPY200331P00288000,288.0,0,0.0,0.0,,0.0,normalDay
2019-12-26,1320.0,260.0,0.0,0,322.94,0.0,1,4.57,1.97,SPY200331P00288000,288.0,0,0.0,0.0,,0.0,normalDay
2019-12-27,1320.0,251.0,0.0,0,322.86,0.0,1,4.57,2.06,SPY200331P00288000,288.0,0,0.0,0.0,,0.0,normalDay
2019-12-30,1320.0,228.0,0.0,0,321.08,0.0,1,4.57,2.29,SPY200331P00288000,288.0,0,0.0,0.0,,0.0,normalDay
2019-12-31,1320.0,255.0,0.0,0,321.86,0.0,1,4.57,2.02,SPY200331P00288000,288.0,0,0.0,0.0,,0.0,normalDay
2020-01-02,1320.0,296.0,0.0,0,324.87,0.0,1,4.57,1.61,SPY200331P00288000,288.0,0,0.0,0.0,,0.0,normalDay
2020-01-03,1320.0,259.0,0.0,0,322.41,0.0,1,4.57,1.98,SPY200331P00288000,288.0,0,0.0,0.0,,0.0,normalDay
2020-01-06,1320.0,283.0,0.0,0,323.64,0.0,1,4.57,1.74,SPY200331P00288000,288.0,0,0.0,0.0,,0.0,normalDay
2020-01-07,1320.0,276.0,0.0,0,322.73,0.0,1,4.57,1.81,SPY200331P00288000,288.0,0,0.0,0.0,,0.0,normalDay
2020-01-08,1320.0,300.0,0.0,0,324.45,0.0,1,4.57,1.57,SPY200331P00288000,288.0,0,0.0,0.0,,0.0,normalDay
2020-01-09,1320.0,326.0,0.0,0,326.65,0.0,1,4.57,1.31,SPY200331P00288000,288.0,0,0.0,0.0,,0.0,normalDay
2020-01-10,1320.0,323.0,0.0,0,325.71,0.0,1,4.57,1.34,SPY200331P00288000,288.0,0,0.0,0.0,,0.0,normalDay
2020-01-13,1320.0,348.0,0.0,0,327.95,0.0,1,4.57,1.09,SPY200331P00288000,288.0,0,0.0,0.0,,0.0,normalDay
2020-01-14,1320.0,350.0,0.0,0,327.45,0.0,1,4.57,1.07,SPY200331P00288000,288.0,0,0.0,0.0,,0.0,normalDay
2020-01-15,1320.0,355.0,0.0,0,328.19,0.0,1,4.57,1.02,SPY200331P00288000,288.0,0,0.0,0.0,,0.0,normalDay
2020-01-16,1320.0,369.0,0.0,0,330.92,0.0,1,4.57,0.88,SPY200331P00288000,288.0,0,0.0,0.0,,0.0,normalDay
2020-01-17,1320.0,376.0,0.0,0,331.95,0.0,1,4.57,0.81,SPY200331P00288000,288.0,0,0.0,0.0,,0.0,normalDay
2020-01-21,1320.0,375.0,0.0,0,331.3,0.0,1,4.57,0.82,SPY200331P00288000,288.0,0,0.0,0.0,,0.0,normalDay
2020-01-22,1320.0,375.0,0.0,0,331.34,0.0,1,4.57,0.82,SPY200331P00288000,288.0,0,0.0,0.0,,0.0,normalDay
2020-01-23,1320.0,377.0,0.0,0,331.72,0.0,1,4.57,0.8,SPY200331P00288000,288.0,0,0.0,0.0,,0.0,normalDay
2020-01-24,1320.0,352.0,0.0,0,328.77,0.0,1,4.57,1.05,SPY200331P00288000,288.0,0,0.0,0.0,,0.0,normalDay
2020-01-27,1320.0,275.0,0.0,0,323.5,0.0,1,4.57,1.82,SPY200331P00288000,288.0,0,0.0,0.0,,0.0,normalDay
2020-01-28,1320.0,330.0,0.0,0,326.89,0.0,1,4.57,1.27,SPY200331P00288000,288.0,0,0.0,0.0,,0.0,normalDay
2020-01-29,1320.0,332.0,0.0,0,326.62,0.0,1,4.57,1.25,SPY200331P00288000,288.0,0,0.0,0.0,,0.0,normalDay
2020-01-30,1320.0,354.0,0.0,0,327.68,0.0,1,4.57,1.03,SPY200331P00288000,288.0,0,0.0,0.0,,0.0,normalDay
2020-01-31,1320.0,278.0,0.0,0,321.73,0.0,1,4.57,1.79,SPY200331P00288000,288.0,0,0.0,0.0,,0.0,normalDay
2020-02-03,1320.0,310.0,0.0,0,324.12,0.0,1,4.57,1.47,SPY200331P00288000,288.0,0,0.0,0.0,,0.0,normalDay
2020-02-04,1320.0,367.0,0.0,0,329.06,0.0,1,4.57,0.9,SPY200331P00288000,288.0,0,0.0,0.0,,0.0,normalDay
2020-02-05,1320.0,390.0,0.0,0,332.86,0.0,1,4.57,0.67,SPY200331P00288000,288.0,0,0.0,0.0,,0.0,normalDay
2020-02-06,1320.0,392.0,0.0,0,333.98,0.0,1,4.57,0.65,SPY200331P00288000,288.0,0,0.0,0.0,,0.0,normalDay
2020-02-07,1320.0,387.0,0.0,0,332.2,0.0,1,4.57,0.7,SPY200331P00288000,288.0,0,0.0,0.0,,0.0,normalDay
2020-02-10,1320.0,400.0,0.0,0,334.68,0.0,1,4.57,0.57,SPY200331P00288000,288.0,0,0.0,0.0,,0.0,normalDay
2020-02-11,1320.0,402.0,0.0,0,335.26,0.0,1,4.57,0.55,SPY200331P00288000,288.0,0,0.0,0.0,,0.0,normalDay
2020-02-12,1320.0,414.0,0.0,0,337.42,0.0,1,4.57,0.43,SPY200331P00288000,288.0,0,0.0,0.0,,0.0,normalDay
2020-02-13,1320.0,413.0,0.0,0,337.06,0.0,1,4.57,0.44,SPY200331P00288000,288.0,0,0.0,0.0,,0.0,normalDay
2020-02-14,1320.0,418.0,0.0,0,337.6,0.0,1,4.57,0.39,SPY200331P00288000,288.0,0,0.0,0.0,,0.0,normalDay
2020-02-18,1320.0,416.0,0.0,0,336.73,0.0,1,4.57,0.41,SPY200331P00288000,288.0,0,0.0,0.0,,0.0,normalDay
2020-02-19,1320.0,422.0,0.0,0,338.34,0.0,1,4.57,0.35,SPY200331P00288000,288.0,0,0.0,0.0,,0.0,normalDay
2020-02-20,1320.0,415.0,0.0,0,336.95,0.0,1,4.57,0.42,SPY200331P00288000,288.0,0,0.0,0.0,,0.0,normalDay
2020-02-21,1320.0,401.0,0.0,0,333.48,0.0,1,4.57,0.56,SPY200331P00288000,288.0,0,0.0,0.0,,0.0,normalDay
2020-02-24,1320.0,270.0,0.0,0,322.42,0.0,1,4.57,1.87,SPY200331P00288000,288.0,0,0.0,0.0,,0.0,normalDay
2020-02-25,1320.0,155.0,0.0,0,312.65,0.0,1,4.57,3.02,SPY200331P00288000,288.0,0,0.0,0.0,,0.0,normalDay
2020-02-26,1320.0,155.0,0.0,0,311.5,0.0,1,4.57,3.02,SPY200331P00288000,288.0,0,0.0,0.0,,0.0,normalDay
2020-02-27,1320.0,-451.0,0.0,0,297.51,0.0,1,4.57,9.08,SPY200331P00288000,288.0,0,0.0,0.0,,0.0,normalDay
2020-02-28,1320.0,-543.0,0.0,0,296.26,0.0,1,4.57,10.0,SPY200331P00288000,288.0,0,0.0,0.0,,0.0,normalDay
2020-03-02,1320.0,21.0,0.0,0,309.09,0.0,1,4.57,4.36,SPY200331P00288000,288.0,0,0.0,0.0,,0.0,normalDay
2020-03-03,1320.0,-238.0,0.0,0,300.24,0.0,1,4.57,6.95,SPY200331P00288000,288.0,0,0.0,0.0,,0.0,normalDay
2020-03-04,1320.0,92.0,0.0,0,312.86,0.0,1,4.57,3.65,SPY200331P00288000,288.0,0,0.0,0.0,,0.0,normalDay
2020-03-05,1320.0,-281.0,0.0,0,302.46,0.0,1,4.57,7.38,SPY200331P00288000,288.0,0,0.0,0.0,,0.0,normalDay
2020-03-06,1320.0,-453.0,0.0,0,297.46,0.0,1,4.57,9.1,SPY200331P00288000,288.0,0,0.0,0.0,,0.0,normalDay
2020-03-09,1320.0,-1745.0,0.0,0,274.23,0.0,1,4.57,22.02,SPY200331P00288000,288.0,0,0.0,0.0,,0.0,normalDay
2020-03-10,1320.0,-808.0,0.0,0,288.42,0.0,1,4.57,12.65,SPY200331P00288000,288.0,0,0.0,0.0,,0.0,normalDay
2020-03-11,1320.0,-1678.0,0.0,0,274.36,0.0,1,4.57,21.35,SPY200331P00288000,288.0,0,0.0,0.0,,0.0,normalDay
2020-03-12,1320.0,-3811.0,0.0,0,248.11,0.0,1,4.57,42.68,SPY200331P00288000,288.0,0,0.0,0.0,,0.0,normalDay
2020-03-13,1320.0,-1893.0,0.0,0,269.32,0.0,1,4.57,23.5,SPY200331P00288000,288.0,0,0.0,0.0,,0.0,normalDay
2020-03-16,1320.0,-4243.0,0.0,0,239.85,0.0,1,4.57,47.0,SPY200331P00288000,288.0,0,0.0,0.0,,0.0,normalDay
2020-03-17,1320.0,-3434.0,0.0,0,252.8,0.0,1,4.57,38.91,SPY200331P00288000,288.0,0,0.0,0.0,,0.0,normalDay
2020-03-18,1320.0,-4612.0,0.0,0,240.0,0.0,1,4.57,50.69,SPY200331P00288000,288.0,0,0.0,0.0,,0.0,normalDay
2020-03-19,1320.0,-4570.0,0.0,0,240.51,0.0,1,4.57,50.27,SPY200331P00288000,288.0,0,0.0,0.0,,0.0,normalDay
2020-03-20,1320.0,-5491.0,0.0,0,228.8,0.0,1,4.57,59.48,SPY200331P00288000,288.0,0,0.0,0.0,,0.0,normalDay
2020-03-23,1320.0,-6278.0,0.0,0,222.95,0.0,1,4.57,67.35,SPY200331P00288000,288.0,0,0.0,0.0,,0.0,normalDay
2020-03-24,1320.0,-4158.0,0.0,0,243.15,0.0,1,4.57,46.15,SPY200331P00288000,288.0,0,0.0,0.0,,0.0,normalDay
2020-03-25,1320.0,-3677.0,0.0,0,246.79,0.0,1,4.57,41.34,SPY200331P00288000,288.0,0,0.0,0.0,,0.0,normalDay
2020-03-26,1320.0,-2300.0,0.0,0,261.2,0.0,1,4.57,27.57,SPY200331P00288000,288.0,0,0.0,0.0,,0.0,normalDay
2020-03-27,1320.0,-3069.0,0.0,0,253.42,0.0,1,4.57,35.26,SPY200331P00288000,288.0,0,0.0,0.0,,0.0,normalDay
2020-03-30,1320.0,-2264.0,0.0,0,261.65,0.0,1,4.57,27.21,SPY200331P00288000,288.0,0,0.0,0.0,,0.0,normalDay
2020-03-31,1777.0,-3025.0,457.0,100,257.75,288.0,1,4.57,0.0,SPY200331P00288000,288.0,0,0.0,0.0,,0.0,expirationDay
2020-04-01,1777.0,-4192.0,0.0,100,246.15,288.0,0,0.0,0.0,,0.0,1,4.42,4.49,SPY200515C00273000,273.0,normalDay
2020-04-02,1777.0,-3696.0,0.0,100,251.83,288.0,0,0.0,0.0,,0.0,1,4.42,5.21,SPY200515C00273000,273.0,normalDay
2020-04-03,1777.0,-3848.0,0.0,100,248.19,288.0,0,0.0,0.0,,0.0,1,4.42,3.09,SPY200515C00273000,273.0,normalDay
2020-04-06,1777.0,-2752.0,0.0,100,264.86,288.0,0,0.0,0.0,,0.0,1,4.42,8.8,SPY200515C00273000,273.0,normalDay
2020-04-07,1777.0,-2739.0,0.0,100,265.13,288.0,0,0.0,0.0,,0.0,1,4.42,8.94,SPY200515C00273000,273.0,normalDay
2020-04-08,1777.0,-2333.0,0.0,100,274.03,288.0,0,0.0,0.0,,0.0,1,4.42,13.78,SPY200515C00273000,273.0,normalDay
2020-04-09,1777.0,-2165.0,0.0,100,278.2,288.0,0,0.0,0.0,,0.0,1,4.42,16.27,SPY200515C00273000,273.0,normalDay
2020-04-13,1777.0,-2171.0,0.0,100,275.66,288.0,0,0.0,0.0,,0.0,1,4.42,13.79,SPY200515C00273000,273.0,normalDay
2020-04-14,1777.0,-1827.0,0.0,100,283.79,288.0,0,0.0,0.0,,0.0,1,4.42,18.48,SPY200515C00273000,273.0,normalDay
2020-04-15,1777.0,-2035.0,0.0,100,277.76,288.0,0,0.0,0.0,,0.0,1,4.42,14.53,SPY200515C00273000,273.0,normalDay
2020-04-16,1777.0,-1966.0,0.0,100,279.1,288.0,0,0.0,0.0,,0.0,1,4.42,15.18,SPY200515C00273000,273.0,normalDay
2020-04-17,1777.0,-1716.0,0.0,100,286.64,288.0,0,0.0,0.0,,0.0,1,4.42,20.22,SPY200515C00273000,273.0,normalDay
2020-04-20,1777.0,-1896.0,0.0,100,281.59,288.0,0,0.0,0.0,,0.0,1,4.42,16.97,SPY200515C00273000,273.0,normalDay
2020-04-21,1777.0,-2236.0,0.0,100,273.04,288.0,0,0.0,0.0,,0.0,1,4.42,11.82,SPY200515C00273000,273.0,normalDay
2020-04-22,1777.0,-1863.0,0.0,100,279.1,288.0,0,0.0,0.0,,0.0,1,4.42,14.15,SPY200515C00273000,273.0,normalDay
2020-04-23,1777.0,-1817.0,0.0,100,279.08,288.0,0,0.0,0.0,,0.0,1,4.42,13.67,SPY200515C00273000,273.0,normalDay
2020-04-24,1777.0,-1568.0,0.0,100,282.97,288.0,0,0.0,0.0,,0.0,1,4.42,15.07,SPY200515C00273000,273.0,normalDay
2020-04-27,1777.0,-1404.0,0.0,100,287.05,288.0,0,0.0,0.0,,0.0,1,4.42,17.51,SPY200515C00273000,273.0,normalDay
2020-04-28,1777.0,-1460.0,0.0,100,285.73,288.0,0,0.0,0.0,,0.0,1,4.42,16.75,SPY200515C00273000,273.0,normalDay
2020-04-29,1777.0,-1269.0,0.0,100,293.21,288.0,0,0.0,0.0,,0.0,1,4.42,22.32,SPY200515C00273000,273.0,normalDay
2020-04-30,1777.0,-1247.0,0.0,100,290.48,288.0,0,0.0,0.0,,0.0,1,4.42,19.37,SPY200515C00273000,273.0,normalDay
2020-05-01,1777.0,-1478.0,0.0,100,282.79,288.0,0,0.0,0.0,,0.0,1,4.42,13.99,SPY200515C00273000,273.0,normalDay
2020-05-04,1777.0,-1333.0,0.0,100,283.57,288.0,0,0.0,0.0,,0.0,1,4.42,13.32,SPY200515C00273000,273.0,normalDay
2020-05-05,1777.0,-1262.0,0.0,100,286.19,288.0,0,0.0,0.0,,0.0,1,4.42,15.23,SPY200515C00273000,273.0,normalDay
2020-05-06,1777.0,-1264.0,0.0,100,284.25,288.0,0,0.0,0.0,,0.0,1,4.42,13.31,SPY200515C00273000,273.0,normalDay
2020-05-07,1777.0,-1212.0,0.0,100,287.68,288.0,0,0.0,0.0,,0.0,1,4.42,16.22,SPY200515C00273000,273.0,normalDay
2020-05-08,1777.0,-1139.0,0.0,100,292.44,288.0,0,0.0,0.0,,0.0,1,4.42,20.25,SPY200515C00273000,273.0,normalDay
2020-05-11,1777.0,-1043.0,0.0,100,292.5,288.0,0,0.0,0.0,,0.0,1,4.42,19.35,SPY200515C00273000,273.0,normalDay
2020-05-12,1777.0,-1039.0,0.0,100,286.67,288.0,0,0.0,0.0,,0.0,1,4.42,13.48,SPY200515C00273000,273.0,normalDay
2020-05-13,1777.0,-1186.0,0.0,100,281.6,288.0,0,0.0,0.0,,0.0,1,4.42,9.88,SPY200515C00273000,273.0,normalDay
2020-05-14,1777.0,-1115.0,0.0,100,284.97,288.0,0,0.0,0.0,,0.0,1,4.42,12.54,SPY200515C00273000,273.0,normalDay
2020-05-15,719.0,-1115.0,-1058.0,0,286.28,0.0,0,0.0,0.0,,0.0,1,4.42,0.0,SPY200515C00273000,273.0,expirationDay
2020-05-18,719.0,-31.0,0.0,0,295.0,0.0,1,9.6,9.91,SPY200930P00261000,261.0,0,0.0,0.0,,0.0,normalDay
2020-05-19,719.0,-105.0,0.0,0,291.97,0.0,1,9.6,10.65,SPY200930P00261000,261.0,0,0.0,0.0,,0.0,normalDay
2020-05-20,719.0,65.0,0.0,0,296.93,0.0,1,9.6,8.95,SPY200930P00261000,261.0,0,0.0,0.0,,0.0,normalDay
2020-05-21,719.0,-24.0,0.0,0,294.88,0.0,1,9.6,9.84,SPY200930P00261000,261.0,0,0.0,0.0,,0.0,normalDay
2020-05-22,719.0,12.0,0.0,0,295.44,0.0,1,9.6,9.48,SPY200930P00261000,261.0,0,0.0,0.0,,0.0,normalDay
2020-05-26,719.0,126.0,0.0,0,299.08,0.0,1,9.6,8.34,SPY200930P00261000,261.0,0,0.0,0.0,,0.0,normalDay
2020-05-27,719.0,229.0,0.0,0,303.53,0.0,1,9.6,7.31,SPY200930P00261000,261.0,0,0.0,0.0,,0.0,normalDay
2020-05-28,719.0,209.0,0.0,0,302.97,0.0,1,9.6,7.51,SPY200930P00261000,261.0,0,0.0,0.0,,0.0,normalDay
2020-05-29,719.0,256.0,0.0,0,304.32,0.0,1,9.6,7.04,SPY200930P00261000,261.0,0,0.0,0.0,,0.0,normalDay
2020-06-01,719.0,254.0,0.0,0,305.55,0.0,1,9.6,7.06,SPY200930P00261000,261.0,0,0.0,0.0,,0.0,normalDay
2020-06-02,719.0,322.0,0.0,0,308.08,0.0,1,9.6,6.38,SPY200930P00261000,261.0,0,0.0,0.0,,0.0,normalDay
2020-06-03,719.0,404.0,0.0,0,312.18,0.0,1,9.6,5.56,SPY200930P00261000,261.0,0,0.0,0.0,,0.0,normalDay
2020-06-04,719.0,407.0,0.0,0,311.36,0.0,1,9.6,5.53,SPY200930P00261000,261.0,0,0.0,0.0,,0.0,normalDay
2020-06-05,719.0,529.0,0.0,0,319.34,0.0,1,9.6,4.31,SPY200930P00261000,261.0,0,0.0,0.0,,0.0,normalDay
2020-06-08,719.0,554.0,0.0,0,323.2,0.0,1,9.6,4.06,SPY200930P00261000,261.0,0,0.0,0.0,,0.0,normalDay
2020-06-09,719.0,490.0,0.0,0,320.79,0.0,1,9.6,4.7,SPY200930P00261000,261.0,0,0.0,0.0,,0.0,normalDay
2020-06-10,719.0,461.0,0.0,0,319.0,0.0,1,9.6,4.99,SPY200930P00261000,261.0,0,0.0,0.0,,0.0,normalDay
2020-06-11,719.0,-112.0,0.0,0,300.61,0.0,1,9.6,10.72,SPY200930P00261000,261.0,0,0.0,0.0,,0.0,normalDay
2020-06-12,719.0,35.0,0.0,0,304.21,0.0,1,9.6,9.25,SPY200930P00261000,261.0,0,0.0,0.0,,0.0,normalDay
2020-06-15,719.0,158.0,0.0,0,307.05,0.0,1,9.6,8.02,SPY200930P00261000,261.0,0,0.0,0.0,,0.0,normalDay
2020-06-16,719.0,262.0,0.0,0,312.96,0.0,1,9.6,6.98,SPY200930P00261000,261.0,0,0.0,0.0,,0.0,normalDay
2020-06-17,719.0,264.0,0.0,0,311.66,0.0,1,9.6,6.96,SPY200930P00261000,261.0,0,0.0,0.0,,0.0,normalDay
2020-06-18,719.0,284.0,0.0,0,311.78,0.0,1,9.6,6.76,SPY200930P00261000,261.0,0,0.0,0.0,,0.0,normalDay
2020-06-19,719.0,212.0,0.0,0,308.64,0.0,1,9.6,7.48,SPY200930P00261000,261.0,0,0.0,0.0,,0.0,normalDay
2020-06-22,719.0,356.0,0.0,0,310.62,0.0,1,9.6,6.04,SPY200930P00261000,261.0,0,0.0,0.0,,0.0,normalDay
2020-06-23,719.0,387.0,0.0,0,312.05,0.0,1,9.6,5.73,SPY200930P00261000,261.0,0,0.0,0.0,,0.0,normalDay
2020-06-24,719.0,252.0,0.0,0,304.09,0.0,1,9.6,7.08,SPY200930P00261000,261.0,0,0.0,0.0,,0.0,normalDay
2020-06-25,719.0,357.0,0.0,0,307.35,0.0,1,9.6,6.03,SPY200930P00261000,261.0,0,0.0,0.0,,0.0,normalDay
2020-06-26,719.0,221.0,0.0,0,300.05,0.0,1,9.6,7.39,SPY200930P00261000,261.0,0,0.0,0.0,,0.0,normalDay
2020-06-29,719.0,352.0,0.0,0,304.46,0.0,1,9.6,6.08,SPY200930P00261000,261.0,0,0.0,0.0,,0.0,normalDay
2020-06-30,719.0,454.0,0.0,0,308.36,0.0,1,9.6,5.06,SPY200930P00261000,261.0,0,0.0,0.0,,0.0,normalDay
2020-07-01,719.0,503.0,0.0,0,310.52,0.0,1,9.6,4.57,SPY200930P00261000,261.0,0,0.0,0.0,,0.0,normalDay
2020-07-02,719.0,546.0,0.0,0,312.23,0.0,1,9.6,4.14,SPY200930P00261000,261.0,0,0.0,0.0,,0.0,normalDay
2020-07-06,719.0,597.0,0.0,0,317.05,0.0,1,9.6,3.63,SPY200930P00261000,261.0,0,0.0,0.0,,0.0,normalDay
2020-07-07,719.0,548.0,0.0,0,313.78,0.0,1,9.6,4.12,SPY200930P00261000,261.0,0,0.0,0.0,,0.0,normalDay
2020-07-08,719.0,599.0,0.0,0,316.18,0.0,1,9.6,3.61,SPY200930P00261000,261.0,0,0.0,0.0,,0.0,normalDay
2020-07-09,719.0,564.0,0.0,0,314.38,0.0,1,9.6,3.96,SPY200930P00261000,261.0,0,0.0,0.0,,0.0,normalDay
2020-07-10,719.0,621.0,0.0,0,317.59,0.0,1,9.6,3.39,SPY200930P00261000,261.0,0,0.0,0.0,,0.0,normalDay
2020-07-13,719.0,513.0,0.0,0,314.84,0.0,1,9.6,4.47,SPY200930P00261000,261.0,0,0.0,0.0,,0.0,normalDay
2020-07-14,719.0,613.0,0.0,0,318.92,0.0,1,9.6,3.47,SPY200930P00261000,261.0,0,0.0,0.0,,0.0,normalDay
2020-07-15,719.0,664.0,0.0,0,321.85,0.0,1,9.6,2.96,SPY200930P00261000,261.0,0,0.0,0.0,,0.0,normalDay
2020-07-16,719.0,657.0,0.0,0,320.79,0.0,1,9.6,3.03,SPY200930P00261000,261.0,0,0.0,0.0,,0.0,normalDay
2020-07-17,719.0,717.0,0.0,0,321.72,0.0,1,9.6,2.43,SPY200930P00261000,261.0,0,0.0,0.0,,0.0,normalDay
2020-07-20,719.0,758.0,0.0,0,324.32,0.0,1,9.6,2.02,SPY200930P00261000,261.0,0,0.0,0.0,,0.0,normalDay
2020-07-21,719.0,760.0,0.0,0,325.01,0.0,1,9.6,2.0,SPY200930P00261000,261.0,0,0.0,0.0,,0.0,normalDay
2020-07-22,719.0,775.0,0.0,0,326.86,0.0,1,9.6,1.85,SPY200930P00261000,261.0,0,0.0,0.0,,0.0,normalDay
2020-07-23,719.0,735.0,0.0,0,322.96,0.0,1,9.6,2.25,SPY200930P00261000,261.0,0,0.0,0.0,,0.0,normalDay
2020-07-24,719.0,741.0,0.0,0,320.88,0.0,1,9.6,2.19,SPY200930P00261000,261.0,0,0.0,0.0,,0.0,normalDay
2020-07-27,719.0,776.0,0.0,0,323.22,0.0,1,9.6,1.84,SPY200930P00261000,261.0,0,0.0,0.0,,0.0,normalDay
2020-07-28,719.0,768.0,0.0,0,321.17,0.0,1,9.6,1.92,SPY200930P00261000,261.0,0,0.0,0.0,,0.0,normalDay
2020-07-29,719.0,801.0,0.0,0,325.12,0.0,1,9.6,1.59,SPY200930P00261000,261.0,0,0.0,0.0,,0.0,normalDay
2020-07-30,719.0,793.0,0.0,0,323.96,0.0,1,9.6,1.67,SPY200930P00261000,261.0,0,0.0,0.0,,0.0,normalDay
2020-07-31,719.0,819.0,0.0,0,326.52,0.0,1,9.6,1.41,SPY200930P00261000,261.0,0,0.0,0.0,,0.0,normalDay
2020-08-03,719.0,832.0,0.0,0,328.79,0.0,1,9.6,1.28,SPY200930P00261000,261.0,0,0.0,0.0,,0.0,normalDay
2020-08-04,719.0,847.0,0.0,0,330.06,0.0,1,9.6,1.13,SPY200930P00261000,261.0,0,0.0,0.0,,0.0,normalDay
2020-08-05,719.0,858.0,0.0,0,332.11,0.0,1,9.6,1.02,SPY200930P00261000,261.0,0,0.0,0.0,,0.0,normalDay
2020-08-06,719.0,864.0,0.0,0,334.33,0.0,1,9.6,0.96,SPY200930P00261000,261.0,0,0.0,0.0,,0.0,normalDay
2020-08-07,719.0,869.0,0.0,0,334.57,0.0,1,9.6,0.91,SPY200930P00261000,261.0,0,0.0,0.0,,0.0,normalDay
2020-08-10,719.0,879.0,0.0,0,335.57,0.0,1,9.6,0.81,SPY200930P00261000,261.0,0,0.0,0.0,,0.0,normalDay
2020-08-11,719.0,860.0,0.0,0,332.8,0.0,1,9.6,1.0,SPY200930P00261000,261.0,0,0.0,0.0,,0.0,normalDay
2020-08-12,719.0,885.0,0.0,0,337.44,0.0,1,9.6,0.75,SPY200930P00261000,261.0,0,0.0,0.0,,0.0,normalDay
2020-08-13,719.0,885.0,0.0,0,336.83,0.0,1,9.6,0.75,SPY200930P00261000,261.0,0,0.0,0.0,,0.0,normalDay
2020-08-14,719.0,890.0,0.0,0,336.84,0.0,1,9.6,0.7,SPY200930P00261000,261.0,0,0.0,0.0,,0.0,normalDay
2020-08-17,719.0,903.0,0.0,0,337.91,0.0,1,9.6,0.57,SPY200930P00261000,261.0,0,0.0,0.0,,0.0,normalDay
2020-08-18,719.0,906.0,0.0,0,338.64,0.0,1,9.6,0.54,SPY200930P00261000,261.0,0,0.0,0.0,,0.0,normalDay
2020-08-19,719.0,900.0,0.0,0,337.23,0.0,1,9.6,0.6,SPY200930P00261000,261.0,0,0.0,0.0,,0.0,normalDay
2020-08-20,719.0,900.0,0.0,0,338.28,0.0,1,9.6,0.6,SPY200930P00261000,261.0,0,0.0,0.0,,0.0,normalDay
2020-08-21,719.0,905.0,0.0,0,339.48,0.0,1,9.6,0.55,SPY200930P00261000,261.0,0,0.0,0.0,,0.0,normalDay
2020-08-24,719.0,914.0,0.0,0,342.92,0.0,1,9.6,0.46,SPY200930P00261000,261.0,0,0.0,0.0,,0.0,normalDay
2020-08-25,719.0,919.0,0.0,0,344.12,0.0,1,9.6,0.41,SPY200930P00261000,261.0,0,0.0,0.0,,0.0,normalDay
2020-08-26,719.0,919.0,0.0,0,347.57,0.0,1,9.6,0.41,SPY200930P00261000,261.0,0,0.0,0.0,,0.0,normalDay
2020-08-27,719.0,915.0,0.0,0,348.33,0.0,1,9.6,0.45,SPY200930P00261000,261.0,0,0.0,0.0,,0.0,normalDay
2020-08-28,719.0,927.0,0.0,0,350.58,0.0,1,9.6,0.33,SPY200930P00261000,261.0,0,0.0,0.0,,0.0,normalDay
2020-08-31,719.0,918.0,0.0,0,349.31,0.0,1,9.6,0.42,SPY200930P00261000,261.0,0,0.0,0.0,,0.0,normalDay
2020-09-01,719.0,923.0,0.0,0,352.6,0.0,1,9.6,0.37,SPY200930P00261000,261.0,0,0.0,0.0,,0.0,normalDay
2020-09-02,719.0,930.0,0.0,0,357.7,0.0,1,9.6,0.3,SPY200930P00261000,261.0,0,0.0,0.0,,0.0,normalDay
2020-09-03,719.0,896.0,0.0,0,345.39,0.0,1,9.6,0.64,SPY200930P00261000,261.0,0,0.0,0.0,,0.0,normalDay
2020-09-04,719.0,910.0,0.0,0,342.57,0.0,1,9.6,0.5,SPY200930P00261000,261.0,0,0.0,0.0,,0.0,normalDay
2020-09-08,719.0,913.0,0.0,0,333.21,0.0,1,9.6,0.47,SPY200930P00261000,261.0,0,0.0,0.0,,0.0,normalDay
2020-09-09,719.0,932.0,0.0,0,339.79,0.0,1,9.6,0.28,SPY200930P00261000,261.0,0,0.0,0.0,,0.0,normalDay
2020-09-10,719.0,928.0,0.0,0,333.89,0.0,1,9.6,0.32,SPY200930P00261000,261.0,0,0.0,0.0,,0.0,normalDay
2020-09-11,719.0,945.0,0.0,0,334.06,0.0,1,9.6,0.15,SPY200930P00261000,261.0,0,0.0,0.0,,0.0,normalDay
2020-09-14,719.0,951.0,0.0,0,338.46,0.0,1,9.6,0.09,SPY200930P00261000,261.0,0,0.0,0.0,,0.0,normalDay
2020-09-15,719.0,953.0,0.0,0,340.17,0.0,1,9.6,0.07,SPY200930P00261000,261.0,0,0.0,0.0,,0.0,normalDay
2020-09-16,719.0,953.0,0.0,0,338.82,0.0,1,9.6,0.07,SPY200930P00261000,261.0,0,0.0,0.0,,0.0,normalDay
2020-09-17,719.0,953.0,0.0,0,335.84,0.0,1,9.6,0.07,SPY200930P00261000,261.0,0,0.0,0.0,,0.0,normalDay
2020-09-18,719.0,953.0,0.0,0,330.65,0.0,1,9.6,0.07,SPY200930P00261000,261.0,0,0.0,0.0,,0.0,normalDay
2020-09-21,719.0,956.0,0.0,0,326.97,0.0,1,9.6,0.04,SPY200930P00261000,261.0,0,0.0,0.0,,0.0,normalDay
2020-09-22,719.0,958.0,0.0,0,330.3,0.0,1,9.6,0.02,SPY200930P00261000,261.0,0,0.0,0.0,,0.0,normalDay
2020-09-23,719.0,957.0,0.0,0,322.64,0.0,1,9.6,0.03,SPY200930P00261000,261.0,0,0.0,0.0,,0.0,normalDay
2020-09-24,719.0,958.0,0.0,0,323.5,0.0,1,9.6,0.02,SPY200930P00261000,261.0,0,0.0,0.0,,0.0,normalDay
2020-09-25,719.0,959.0,0.0,0,328.73,0.0,1,9.6,0.01,SPY200930P00261000,261.0,0,0.0,0.0,,0.0,normalDay
2020-09-28,719.0,959.0,0.0,0,334.19,0.0,1,9.6,0.01,SPY200930P00261000,261.0,0,0.0,0.0,,0.0,normalDay
2020-09-29,719.0,959.0,0.0,0,332.37,0.0,1,9.6,0.01,SPY200930P00261000,261.0,0,0.0,0.0,,0.0,normalDay
2020-09-30,1679.0,0.0,960.0,0,334.89,0.0,1,9.6,0.0,SPY200930P00261000,261.0,0,0.0,0.0,,0.0,expirationDay
2020-10-01,1679.0,-11.0,0.0,0,337.04,0.0,1,12.81,12.92,SPY210219P00307000,307.0,0,0.0,0.0,,0.0,normalDay
2020-10-02,1679.0,-108.0,0.0,0,333.84,0.0,1,12.81,13.89,SPY210219P00307000,307.0,0,0.0,0.0,,0.0,normalDay
2020-10-05,1679.0,83.0,0.0,0,339.76,0.0,1,12.81,11.98,SPY210219P00307000,307.0,0,0.0,0.0,,0.0,normalDay
2020-10-06,1679.0,-31.0,0.0,0,334.93,0.0,1,12.81,13.12,SPY210219P00307000,307.0,0,0.0,0.0,,0.0,normalDay
2020-10-07,1679.0,161.0,0.0,0,340.76,0.0,1,12.81,11.2,SPY210219P00307000,307.0,0,0.0,0.0,,0.0,normalDay
2020-10-08,1679.0,283.0,0.0,0,343.78,0.0,1,12.81,9.98,SPY210219P00307000,307.0,0,0.0,0.0,,0.0,normalDay
2020-10-09,1679.0,414.0,0.0,0,346.85,0.0,1,12.81,8.67,SPY210219P00307000,307.0,0,0.0,0.0,,0.0,normalDay
2020-10-12,1679.0,521.0,0.0,0,352.43,0.0,1,12.81,7.6,SPY210219P00307000,307.0,0,0.0,0.0,,0.0,normalDay
2020-10-13,1679.0,475.0,0.0,0,350.13,0.0,1,12.81,8.06,SPY210219P00307000,307.0,0,0.0,0.0,,0.0,normalDay
2020-10-14,1679.0,455.0,0.0,0,347.93,0.0,1,12.81,8.26,SPY210219P00307000,307.0,0,0.0,0.0,,0.0,normalDay
2020-10-15,1679.0,442.0,0.0,0,347.5,0.0,1,12.81,8.39,SPY210219P00307000,307.0,0,0.0,0.0,,0.0,normalDay
2020-10-16,1679.0,409.0,0.0,0,347.29,0.0,1,12.81,8.72,SPY210219P00307000,307.0,0,0.0,0.0,,0.0,normalDay
2020-10-19,1679.0,288.0,0.0,0,342.01,0.0,1,12.81,9.93,SPY210219P00307000,307.0,0,0.0,0.0,,0.0,normalDay
2020-10-20,1679.0,307.0,0.0,0,343.38,0.0,1,12.81,9.74,SPY210219P00307000,307.0,0,0.0,0.0,,0.0,normalDay
2020-10-21,1679.0,357.0,0.0,0,342.73,0.0,1,12.81,9.24,SPY210219P00307000,307.0,0,0.0,0.0,,0.0,normalDay
2020-10-22,1679.0,397.0,0.0,0,344.61,0.0,1,12.81,8.84,SPY210219P00307000,307.0,0,0.0,0.0,,0.0,normalDay
2020-10-23,1679.0,432.0,0.0,0,345.78,0.0,1,12.81,8.49,SPY210219P00307000,307.0,0,0.0,0.0,,0.0,normalDay
2020-10-26,1679.0,237.0,0.0,0,339.39,0.0,1,12.81,10.44,SPY210219P00307000,307.0,0,0.0,0.0,,0.0,normalDay
2020-10-27,1679.0,204.0,0.0,0,338.22,0.0,1,12.81,10.77,SPY210219P00307000,307.0,0,0.0,0.0,,0.0,normalDay
2020-10-28,1679.0,-300.0,0.0,0,326.66,0.0,1,12.81,15.81,SPY210219P00307000,307.0,0,0.0,0.0,,0.0,normalDay
2020-10-29,1679.0,-66.0,0.0,0,329.98,0.0,1,12.81,13.47,SPY210219P00307000,307.0,0,0.0,0.0,,0.0,normalDay
2020-10-30,1679.0,-188.0,0.0,0,326.54,0.0,1,12.81,14.69,SPY210219P00307000,307.0,0,0.0,0.0,,0.0,normalDay
2020-11-02,1679.0,-6.0,0.0,0,330.2,0.0,1,12.81,12.87,SPY210219P00307000,307.0,0,0.0,0.0,,0.0,normalDay
2020-11-03,1679.0,178.0,0.0,0,336.03,0.0,1,12.81,11.03,SPY210219P00307000,307.0,0,0.0,0.0,,0.0,normalDay
2020-11-04,1679.0,458.0,0.0,0,343.54,0.0,1,12.81,8.23,SPY210219P00307000,307.0,0,0.0,0.0,,0.0,normalDay
2020-11-05,1679.0,573.0,0.0,0,350.24,0.0,1,12.81,7.08,SPY210219P00307000,307.0,0,0.0,0.0,,0.0,normalDay
2020-11-06,1679.0,638.0,0.0,0,350.16,0.0,1,12.81,6.43,SPY210219P00307000,307.0,0,0.0,0.0,,0.0,normalDay
2020-11-09,1679.0,742.0,0.0,0,354.56,0.0,1,12.81,5.39,SPY210219P00307000,307.0,0,0.0,0.0,,0.0,normalDay
2020-11-10,1679.0,752.0,0.0,0,354.04,0.0,1,12.81,5.29,SPY210219P00307000,307.0,0,0.0,0.0,,0.0,normalDay
2020-11-11,1679.0,817.0,0.0,0,356.67,0.0,1,12.81,4.64,SPY210219P00307000,307.0,0,0.0,0.0,,0.0,normalDay
2020-11-12,1679.0,728.0,0.0,0,353.21,0.0,1,12.81,5.53,SPY210219P00307000,307.0,0,0.0,0.0,,0.0,normalDay
2020-11-13,1679.0,824.0,0.0,0,358.1,0.0,1,12.81,4.57,SPY210219P00307000,307.0,0,0.0,0.0,,0.0,normalDay
2020-11-16,1679.0,887.0,0.0,0,362.57,0.0,1,12.81,3.94,SPY210219P00307000,307.0,0,0.0,0.0,,0.0,normalDay
2020-11-17,1679.0,882.0,0.0,0,360.62,0.0,1,12.81,3.99,SPY210219P00307000,307.0,0,0.0,0.0,,0.0,normalDay
2020-11-18,1679.0,824.0,0.0,0,356.28,0.0,1,12.81,4.57,SPY210219P00307000,307.0,0,0.0,0.0,,0.0,normalDay
2020-11-19,1679.0,867.0,0.0,0,357.78,0.0,1,12.81,4.14,SPY210219P00307000,307.0,0,0.0,0.0,,0.0,normalDay
2020-11-20,1679.0,833.0,0.0,0,355.33,0.0,1,12.81,4.48,SPY210219P00307000,307.0,0,0.0,0.0,,0.0,normalDay
2020-11-23,1679.0,889.0,0.0,0,357.46,0.0,1,12.81,3.92,SPY210219P00307000,307.0,0,0.0,0.0,,0.0,normalDay
2020-11-24,1679.0,957.0,0.0,0,363.22,0.0,1,12.81,3.24,SPY210219P00307000,307.0,0,0.0,0.0,,0.0,normalDay
2020-11-25,1679.0,972.0,0.0,0,362.66,0.0,1,12.81,3.09,SPY210219P00307000,307.0,0,0.0,0.0,,0.0,normalDay
2020-11-27,1679.0,992.0,0.0,0,363.67,0.0,1,12.81,2.89,SPY210219P00307000,307.0,0,0.0,0.0,,0.0,normalDay
2020-11-30,1679.0,1008.0,0.0,0,362.06,0.0,1,12.81,2.73,SPY210219P00307000,307.0,0,0.0,0.0,,0.0,normalDay
2020-12-01,1679.0,1024.0,0.0,0,366.02,0.0,1,12.81,2.57,SPY210219P00307000,307.0,0,0.0,0.0,,0.0,normalDay
2020-12-02,1679.0,1035.0,0.0,0,366.79,0.0,1,12.81,2.46,SPY210219P00307000,307.0,0,0.0,0.0,,0.0,normalDay
2020-12-03,1679.0,1031.0,0.0,0,366.69,0.0,1,12.81,2.5,SPY210219P00307000,307.0,0,0.0,0.0,,0.0,normalDay
2020-12-04,1679.0,1065.0,0.0,0,369.85,0.0,1,12.81,2.16,SPY210219P00307000,307.0,0,0.0,0.0,,0.0,normalDay
2020-12-07,1679.0,1063.0,0.0,0,369.09,0.0,1,12.81,2.18,SPY210219P00307000,307.0,0,0.0,0.0,,0.0,normalDay
2020-12-08,1679.0,1092.0,0.0,0,370.17,0.0,1,12.81,1.89,SPY210219P00307000,307.0,0,0.0,0.0,,0.0,normalDay
2020-12-09,1679.0,1057.0,0.0,0,366.85,0.0,1,12.81,2.24,SPY210219P00307000,307.0,0,0.0,0.0,,0.0,normalDay
2020-12-10,1679.0,1058.0,0.0,0,366.73,0.0,1,12.81,2.23,SPY210219P00307000,307.0,0,0.0,0.0,,0.0,normalDay
2020-12-11,1679.0,1038.0,0.0,0,366.3,0.0,1,12.81,2.43,SPY210219P00307000,307.0,0,0.0,0.0,,0.0,normalDay
2020-12-14,1679.0,1017.0,0.0,0,364.66,0.0,1,12.81,2.64,SPY210219P00307000,307.0,0,0.0,0.0,,0.0,normalDay
2020-12-15,1679.0,1065.0,0.0,0,369.59,0.0,1,12.81,2.16,SPY210219P00307000,307.0,0,0.0,0.0,,0.0,normalDay
2020-12-16,1679.0,1088.0,0.0,0,370.17,0.0,1,12.81,1.93,SPY210219P00307000,307.0,0,0.0,0.0,,0.0,normalDay
2020-12-17,1679.0,1112.0,0.0,0,372.24,0.0,1,12.81,1.69,SPY210219P00307000,307.0,0,0.0,0.0,,0.0,normalDay
2020-12-18,1679.0,1112.0,0.0,0,369.18,0.0,1,12.81,1.69,SPY210219P00307000,307.0,0,0.0,0.0,,0.0,normalDay
2020-12-21,1679.0,1062.0,0.0,0,367.86,0.0,1,12.81,2.19,SPY210219P00307000,307.0,0,0.0,0.0,,0.0,normalDay
2020-12-22,1679.0,1080.0,0.0,0,367.24,0.0,1,12.81,2.01,SPY210219P00307000,307.0,0,0.0,0.0,,0.0,normalDay
2020-12-23,1679.0,1103.0,0.0,0,367.57,0.0,1,12.81,1.78,SPY210219P00307000,307.0,0,0.0,0.0,,0.0,normalDay
2020-12-24,1679.0,1133.0,0.0,0,369.0,0.0,1,12.81,1.48,SPY210219P00307000,307.0,0,0.0,0.0,,0.0,normalDay
2020-12-28,1679.0,1157.0,0.0,0,372.17,0.0,1,12.81,1.24,SPY210219P00307000,307.0,0,0.0,0.0,,0.0,normalDay
2020-12-29,1679.0,1141.0,0.0,0,371.46,0.0,1,12.81,1.4,SPY210219P00307000,307.0,0,0.0,0.0,,0.0,normalDay
2020-12-30,1679.0,1163.0,0.0,0,371.99,0.0,1,12.81,1.18,SPY210219P00307000,307.0,0,0.0,0.0,,0.0,normalDay
2020-12-31,1679.0,1175.0,0.0,0,373.88,0.0,1,12.81,1.06,SPY210219P00307000,307.0,0,0.0,0.0,,0.0,normalDay
2021-01-04,1679.0,1133.0,0.0,0,368.79,0.0,1,12.81,1.48,SPY210219P00307000,307.0,0,0.0,0.0,,0.0,normalDay
2021-01-05,1679.0,1157.0,0.0,0,371.33,0.0,1,12.81,1.24,SPY210219P00307000,307.0,0,0.0,0.0,,0.0,normalDay
2021-01-06,1679.0,1163.0,0.0,0,373.55,0.0,1,12.81,1.18,SPY210219P00307000,307.0,0,0.0,0.0,,0.0,normalDay
2021-01-07,1679.0,1206.0,0.0,0,379.1,0.0,1,12.81,0.75,SPY210219P00307000,307.0,0,0.0,0.0,,0.0,normalDay
2021-01-08,1679.0,1213.0,0.0,0,381.26,0.0,1,12.81,0.68,SPY210219P00307000,307.0,0,0.0,0.0,,0.0,normalDay
2021-01-11,1679.0,1202.0,0.0,0,378.69,0.0,1,12.81,0.79,SPY210219P00307000,307.0,0,0.0,0.0,,0.0,normalDay
2021-01-12,1679.0,1212.0,0.0,0,378.77,0.0,1,12.81,0.69,SPY210219P00307000,307.0,0,0.0,0.0,,0.0,normalDay
2021-01-13,1679.0,1221.0,0.0,0,379.79,0.0,1,12.81,0.6,SPY210219P00307000,307.0,0,0.0,0.0,,0.0,normalDay
2021-01-14,1679.0,1213.0,0.0,0,378.46,0.0,1,12.81,0.68,SPY210219P00307000,307.0,0,0.0,0.0,,0.0,normalDay
2021-01-15,1679.0,1202.0,0.0,0,375.7,0.0,1,12.81,0.79,SPY210219P00307000,307.0,0,0.0,0.0,,0.0,normalDay
2021-01-19,1679.0,1225.0,0.0,0,378.65,0.0,1,12.81,0.56,SPY210219P00307000,307.0,0,0.0,0.0,,0.0,normalDay
2021-01-20,1679.0,1240.0,0.0,0,383.89,0.0,1,12.81,0.41,SPY210219P00307000,307.0,0,0.0,0.0,,0.0,normalDay
2021-01-21,1679.0,1245.0,0.0,0,384.24,0.0,1,12.81,0.36,SPY210219P00307000,307.0,0,0.0,0.0,,0.0,normalDay
2021-01-22,1679.0,1243.0,0.0,0,382.88,0.0,1,12.81,0.38,SPY210219P00307000,307.0,0,0.0,0.0,,0.0,normalDay
2021-01-25,1679.0,1247.0,0.0,0,384.39,0.0,1,12.81,0.34,SPY210219P00307000,307.0,0,0.0,0.0,,0.0,normalDay
2021-01-26,1679.0,1250.0,0.0,0,383.79,0.0,1,12.81,0.31,SPY210219P00307000,307.0,0,0.0,0.0,,0.0,normalDay
2021-01-27,1679.0,1187.0,0.0,0,374.41,0.0,1,12.81,0.94,SPY210219P00307000,307.0,0,0.0,0.0,,0.0,normalDay
2021-01-28,1679.0,1215.0,0.0,0,377.63,0.0,1,12.81,0.66,SPY210219P00307000,307.0,0,0.0,0.0,,0.0,normalDay
2021-01-29,1679.0,1180.0,0.0,0,370.07,0.0,1,12.81,1.01,SPY210219P00307000,307.0,0,0.0,0.0,,0.0,normalDay
2021-02-01,1679.0,1236.0,0.0,0,376.23,0.0,1,12.81,0.45,SPY210219P00307000,307.0,0,0.0,0.0,,0.0,normalDay
2021-02-02,1679.0,1258.0,0.0,0,381.55,0.0,1,12.81,0.23,SPY210219P00307000,307.0,0,0.0,0.0,,0.0,normalDay
2021-02-03,1679.0,1268.0,0.0,0,381.85,0.0,1,12.81,0.13,SPY210219P00307000,307.0,0,0.0,0.0,,0.0,normalDay
2021-02-04,1679.0,1273.0,0.0,0,386.19,0.0,1,12.81,0.08,SPY210219P00307000,307.0,0,0.0,0.0,,0.0,normalDay
2021-02-05,1679.0,1275.0,0.0,0,387.71,0.0,1,12.81,0.06,SPY210219P00307000,307.0,0,0.0,0.0,,0.0,normalDay
2021-02-08,1679.0,1277.0,0.0,0,390.51,0.0,1,12.81,0.04,SPY210219P00307000,307.0,0,0.0,0.0,,0.0,normalDay
2021-02-09,1679.0,1277.0,0.0,0,390.25,0.0,1,12.81,0.04,SPY210219P00307000,307.0,0,0.0,0.0,,0.0,normalDay
2021-02-10,1679.0,1276.0,0.0,0,390.08,0.0,1,12.81,0.05,SPY210219P00307000,307.0,0,0.0,0.0,,0.0,normalDay
2021-02-11,1679.0,1278.0,0.0,0,390.71,0.0,1,12.81,0.03,SPY210219P00307000,307.0,0,0.0,0.0,,0.0,normalDay
2021-02-12,1679.0,1279.0,0.0,0,392.64,0.0,1,12.81,0.02,SPY210219P00307000,307.0,0,0.0,0.0,,0.0,normalDay
2021-02-16,1679.0,1279.0,0.0,0,392.3,0.0,1,12.81,0.02,SPY210219P00307000,307.0,0,0.0,0.0,,0.0,normalDay
2021-02-17,1679.0,1280.0,0.0,0,392.39,0.0,1,12.81,0.01,SPY210219P00307000,307.0,0,0.0,0.0,,0.0,normalDay
2021-02-18,1679.0,1280.0,0.0,0,390.72,0.0,1,12.81,0.01,SPY210219P00307000,307.0,0,0.0,0.0,,0.0,normalDay
2021-02-19,2960.0,0.0,1281.0,0,390.03,0.0,1,12.81,0.0,SPY210219P00307000,307.0,0,0.0,0.0,,0.0,expirationDay
2021-02-22,2960.0,-9.0,0.0,0,387.03,0.0,1,11.56,11.65,SPY210630P00356000,356.0,0,0.0,0.0,,0.0,normalDay
2021-02-23,2960.0,40.0,0.0,0,387.5,0.0,1,11.56,11.16,SPY210630P00356000,356.0,0,0.0,0.0,,0.0,normalDay
2021-02-24,2960.0,189.0,0.0,0,391.77,0.0,1,11.56,9.67,SPY210630P00356000,356.0,0,0.0,0.0,,0.0,normalDay
2021-02-25,2960.0,-167.0,0.0,0,382.33,0.0,1,11.56,13.23,SPY210630P00356000,356.0,0,0.0,0.0,,0.0,normalDay
2021-02-26,2960.0,-151.0,0.0,0,380.36,0.0,1,11.56,13.07,SPY210630P00356000,356.0,0,0.0,0.0,,0.0,normalDay
2021-03-01,2960.0,171.0,0.0,0,389.58,0.0,1,11.56,9.85,SPY210630P00356000,356.0,0,0.0,0.0,,0.0,normalDay
2021-03-02,2960.0,91.0,0.0,0,386.54,0.0,1,11.56,10.65,SPY210630P00356000,356.0,0,0.0,0.0,,0.0,normalDay
2021-03-03,2960.0,-61.0,0.0,0,381.42,0.0,1,11.56,12.17,SPY210630P00356000,356.0,0,0.0,0.0,,0.0,normalDay
2021-03-04,2960.0,-208.0,0.0,0,376.7,0.0,1,11.56,13.64,SPY210630P00356000,356.0,0,0.0,0.0,,0.0,normalDay
2021-03-05,2960.0,64.0,0.0,0,383.63,0.0,1,11.56,10.92,SPY210630P00356000,356.0,0,0.0,0.0,,0.0,normalDay
2021-03-08,2960.0,36.0,0.0,0,381.72,0.0,1,11.56,11.2,SPY210630P00356000,356.0,0,0.0,0.0,,0.0,normalDay
2021-03-09,2960.0,180.0,0.0,0,387.17,0.0,1,11.56,9.76,SPY210630P00356000,356.0,0,0.0,0.0,,0.0,normalDay
2021-03-10,2960.0,259.0,0.0,0,389.58,0.0,1,11.56,8.97,SPY210630P00356000,356.0,0,0.0,0.0,,0.0,normalDay
2021-03-11,2960.0,343.0,0.0,0,393.53,0.0,1,11.56,8.13,SPY210630P00356000,356.0,0,0.0,0.0,,0.0,normalDay
2021-03-12,2960.0,389.0,0.0,0,394.06,0.0,1,11.56,7.67,SPY210630P00356000,356.0,0,0.0,0.0,,0.0,normalDay
2021-03-15,2960.0,468.0,0.0,0,396.41,0.0,1,11.56,6.88,SPY210630P00356000,356.0,0,0.0,0.0,,0.0,normalDay
2021-03-16,2960.0,464.0,0.0,0,395.91,0.0,1,11.56,6.92,SPY210630P00356000,356.0,0,0.0,0.0,,0.0,normalDay
2021-03-17,2960.0,522.0,0.0,0,397.26,0.0,1,11.56,6.34,SPY210630P00356000,356.0,0,0.0,0.0,,0.0,normalDay
2021-03-18,2960.0,406.0,0.0,0,391.48,0.0,1,11.56,7.5,SPY210630P00356000,356.0,0,0.0,0.0,,0.0,normalDay
2021-03-19,2960.0,403.0,0.0,0,389.48,0.0,1,11.56,7.53,SPY210630P00356000,356.0,0,0.0,0.0,,0.0,normalDay
2021-03-22,2960.0,561.0,0.0,0,392.59,0.0,1,11.56,5.95,SPY210630P00356000,356.0,0,0.0,0.0,,0.0,normalDay
2021-03-23,2960.0,487.0,0.0,0,389.5,0.0,1,11.56,6.69,SPY210630P00356000,356.0,0,0.0,0.0,,0.0,normalDay
2021-03-24,2960.0,441.0,0.0,0,387.52,0.0,1,11.56,7.15,SPY210630P00356000,356.0,0,0.0,0.0,,0.0,normalDay
2021-03-25,2960.0,528.0,0.0,0,389.7,0.0,1,11.56,6.28,SPY210630P00356000,356.0,0,0.0,0.0,,0.0,normalDay
2021-03-26,2960.0,644.0,0.0,0,395.98,0.0,1,11.56,5.12,SPY210630P00356000,356.0,0,0.0,0.0,,0.0,normalDay
2021-03-29,2960.0,624.0,0.0,0,395.78,0.0,1,11.56,5.32,SPY210630P00356000,356.0,0,0.0,0.0,,0.0,normalDay
2021-03-30,2960.0,649.0,0.0,0,394.73,0.0,1,11.56,5.07,SPY210630P00356000,356.0,0,0.0,0.0,,0.0,normalDay
2021-03-31,2960.0,683.0,0.0,0,396.33,0.0,1,11.56,4.73,SPY210630P00356000,356.0,0,0.0,0.0,,0.0,normalDay
2021-04-01,2960.0,774.0,0.0,0,400.61,0.0,1,11.56,3.82,SPY210630P00356000,356.0,0,0.0,0.0,,0.0,normalDay
2021-04-05,2960.0,841.0,0.0,0,406.36,0.0,1,11.56,3.15,SPY210630P00356000,356.0,0,0.0,0.0,,0.0,normalDay
2021-04-06,2960.0,837.0,0.0,0,406.12,0.0,1,11.56,3.19,SPY210630P00356000,356.0,0,0.0,0.0,,0.0,normalDay
2021-04-07,2960.0,860.0,0.0,0,406.59,0.0,1,11.56,2.96,SPY210630P00356000,356.0,0,0.0,0.0,,0.0,normalDay
2021-04-08,2960.0,877.0,0.0,0,408.52,0.0,1,11.56,2.79,SPY210630P00356000,356.0,0,0.0,0.0,,0.0,normalDay
2021-04-09,2960.0,892.0,0.0,0,411.49,0.0,1,11.56,2.64,SPY210630P00356000,356.0,0,0.0,0.0,,0.0,normalDay
2021-04-12,2960.0,904.0,0.0,0,411.64,0.0,1,11.56,2.52,SPY210630P00356000,356.0,0,0.0,0.0,,0.0,normalDay
2021-04-13,2960.0,924.0,0.0,0,412.86,0.0,1,11.56,2.32,SPY210630P00356000,356.0,0,0.0,0.0,,0.0,normalDay
2021-04-14,2960.0,911.0,0.0,0,411.45,0.0,1,11.56,2.45,SPY210630P00356000,356.0,0,0.0,0.0,,0.0,normalDay
2021-04-15,2960.0,942.0,0.0,0,415.87,0.0,1,11.56,2.14,SPY210630P00356000,356.0,0,0.0,0.0,,0.0,normalDay
2021-04-16,2960.0,954.0,0.0,0,417.26,0.0,1,11.56,2.02,SPY210630P00356000,356.0,0,0.0,0.0,,0.0,normalDay
2021-04-19,2960.0,935.0,0.0,0,415.21,0.0,1,11.56,2.21,SPY210630P00356000,356.0,0,0.0,0.0,,0.0,normalDay
2021-04-20,2960.0,898.0,0.0,0,412.17,0.0,1,11.56,2.58,SPY210630P00356000,356.0,0,0.0,0.0,,0.0,normalDay
2021-04-21,2960.0,948.0,0.0,0,416.07,0.0,1,11.56,2.08,SPY210630P00356000,356.0,0,0.0,0.0,,0.0,normalDay
2021-04-22,2960.0,900.0,0.0,0,412.27,0.0,1,11.56,2.56,SPY210630P00356000,356.0,0,0.0,0.0,,0.0,normalDay
2021-04-23,2960.0,961.0,0.0,0,416.74,0.0,1,11.56,1.95,SPY210630P00356000,356.0,0,0.0,0.0,,0.0,normalDay
2021-04-26,2960.0,976.0,0.0,0,417.61,0.0,1,11.56,1.8,SPY210630P00356000,356.0,0,0.0,0.0,,0.0,normalDay
2021-04-27,2960.0,983.0,0.0,0,417.52,0.0,1,11.56,1.73,SPY210630P00356000,356.0,0,0.0,0.0,,0.0,normalDay
2021-04-28,2960.0,996.0,0.0,0,417.4,0.0,1,11.56,1.6,SPY210630P00356000,356.0,0,0.0,0.0,,0.0,normalDay
2021-04-29,2960.0,1000.0,0.0,0,420.06,0.0,1,11.56,1.56,SPY210630P00356000,356.0,0,0.0,0.0,,0.0,normalDay
2021-04-30,2960.0,978.0,0.0,0,417.3,0.0,1,11.56,1.78,SPY210630P00356000,356.0,0,0.0,0.0,,0.0,normalDay
2021-05-03,2960.0,996.0,0.0,0,418.2,0.0,1,11.56,1.6,SPY210630P00356000,356.0,0,0.0,0.0,,0.0,normalDay
2021-05-04,2960.0,973.0,0.0,0,415.62,0.0,1,11.56,1.83,SPY210630P00356000,356.0,0,0.0,0.0,,0.0,normalDay
2021-05-05,2960.0,983.0,0.0,0,415.75,0.0,1,11.56,1.73,SPY210630P00356000,356.0,0,0.0,0.0,,0.0,normalDay
2021-05-06,2960.0,1010.0,0.0,0,419.07,0.0,1,11.56,1.46,SPY210630P00356000,356.0,0,0.0,0.0,,0.0,normalDay
2021-05-07,2960.0,1041.0,0.0,0,422.12,0.0,1,11.56,1.15,SPY210630P00356000,356.0,0,0.0,0.0,,0.0,normalDay
2021-05-10,2960.0,1010.0,0.0,0,417.94,0.0,1,11.56,1.46,SPY210630P00356000,356.0,0,0.0,0.0,,0.0,normalDay
2021-05-11,2960.0,974.0,0.0,0,414.21,0.0,1,11.56,1.82,SPY210630P00356000,356.0,0,0.0,0.0,,0.0,normalDay
2021-05-12,2960.0,813.0,0.0,0,405.41,0.0,1,11.56,3.43,SPY210630P00356000,356.0,0,0.0,0.0,,0.0,normalDay
2021-05-13,2960.0,936.0,0.0,0,410.28,0.0,1,11.56,2.2,SPY210630P00356000,356.0,0,0.0,0.0,,0.0,normalDay
2021-05-14,2960.0,1034.0,0.0,0,416.58,0.0,1,11.56,1.22,SPY210630P00356000,356.0,0,0.0,0.0,,0.0,normalDay
2021-05-17,2960.0,1027.0,0.0,0,415.52,0.0,1,11.56,1.29,SPY210630P00356000,356.0,0,0.0,0.0,,0.0,normalDay
2021-05-18,2960.0,999.0,0.0,0,411.94,0.0,1,11.56,1.57,SPY210630P00356000,356.0,0,0.0,0.0,,0.0,normalDay
2021-05-19,2960.0,987.0,0.0,0,410.86,0.0,1,11.56,1.69,SPY210630P00356000,356.0,0,0.0,0.0,,0.0,normalDay
2021-05-20,2960.0,1028.0,0.0,0,415.28,0.0,1,11.56,1.28,SPY210630P00356000,356.0,0,0.0,0.0,,0.0,normalDay
2021-05-21,2960.0,1038.0,0.0,0,414.94,0.0,1,11.56,1.18,SPY210630P00356000,356.0,0,0.0,0.0,,0.0,normalDay
2021-05-24,2960.0,1078.0,0.0,0,419.17,0.0,1,11.56,0.78,SPY210630P00356000,356.0,0,0.0,0.0,,0.0,normalDay
2021-05-25,2960.0,1078.0,0.0,0,418.24,0.0,1,11.56,0.78,SPY210630P00356000,356.0,0,0.0,0.0,,0.0,normalDay
2021-05-26,2960.0,1097.0,0.0,0,419.07,0.0,1,11.56,0.59,SPY210630P00356000,356.0,0,0.0,0.0,,0.0,normalDay
2021-05-27,2960.0,1105.0,0.0,0,419.29,0.0,1,11.56,0.51,SPY210630P00356000,356.0,0,0.0,0.0,,0.0,normalDay
2021-05-28,2960.0,1105.0,0.0,0,420.04,0.0,1,11.56,0.51,SPY210630P00356000,356.0,0,0.0,0.0,,0.0,normalDay
2021-06-01,2960.0,1108.0,0.0,0,419.67,0.0,1,11.56,0.48,SPY210630P00356000,356.0,0,0.0,0.0,,0.0,normalDay
2021-06-02,2960.0,1114.0,0.0,0,420.33,0.0,1,11.56,0.42,SPY210630P00356000,356.0,0,0.0,0.0,,0.0,normalDay
2021-06-03,2960.0,1112.0,0.0,0,418.77,0.0,1,11.56,0.44,SPY210630P00356000,356.0,0,0.0,0.0,,0.0,normalDay
2021-06-04,2960.0,1124.0,0.0,0,422.6,0.0,1,11.56,0.32,SPY210630P00356000,356.0,0,0.0,0.0,,0.0,normalDay
2021-06-07,2960.0,1130.0,0.0,0,422.19,0.0,1,11.56,0.26,SPY210630P00356000,356.0,0,0.0,0.0,,0.0,normalDay
2021-06-08,2960.0,1128.0,0.0,0,422.28,0.0,1,11.56,0.28,SPY210630P00356000,356.0,0,0.0,0.0,,0.0,normalDay
2021-06-09,2960.0,1124.0,0.0,0,421.65,0.0,1,11.56,0.32,SPY210630P00356000,356.0,0,0.0,0.0,,0.0,normalDay
2021-06-10,2960.0,1134.0,0.0,0,423.61,0.0,1,11.56,0.22,SPY210630P00356000,356.0,0,0.0,0.0,,0.0,normalDay
2021-06-11,2960.0,1137.0,0.0,0,424.31,0.0,1,11.56,0.19,SPY210630P00356000,356.0,0,0.0,0.0,,0.0,normalDay
2021-06-14,2960.0,1140.0,0.0,0,425.26,0.0,1,11.56,0.16,SPY210630P00356000,356.0,0,0.0,0.0,,0.0,normalDay
2021-06-15,2960.0,1139.0,0.0,0,424.48,0.0,1,11.56,0.17,SPY210630P00356000,356.0,0,0.0,0.0,,0.0,normalDay
2021-06-16,2960.0,1137.0,0.0,0,422.11,0.0,1,11.56,0.19,SPY210630P00356000,356.0,0,0.0,0.0,,0.0,normalDay
2021-06-17,2960.0,1139.0,0.0,0,421.97,0.0,1,11.56,0.17,SPY210630P00356000,356.0,0,0.0,0.0,,0.0,normalDay
2021-06-18,2960.0,1130.0,0.0,0,414.92,0.0,1,11.56,0.26,SPY210630P00356000,356.0,0,0.0,0.0,,0.0,normalDay
2021-06-21,2960.0,1145.0,0.0,0,420.86,0.0,1,11.56,0.11,SPY210630P00356000,356.0,0,0.0,0.0,,0.0,normalDay
2021-06-22,2960.0,1150.0,0.0,0,423.11,0.0,1,11.56,0.06,SPY210630P00356000,356.0,0,0.0,0.0,,0.0,normalDay
2021-06-23,2960.0,1153.0,0.0,0,422.6,0.0,1,11.56,0.03,SPY210630P00356000,356.0,0,0.0,0.0,,0.0,normalDay
2021-06-24,2960.0,1154.0,0.0,0,425.1,0.0,1,11.56,0.02,SPY210630P00356000,356.0,0,0.0,0.0,,0.0,normalDay
2021-06-25,2960.0,1154.0,0.0,0,426.61,0.0,1,11.56,0.02,SPY210630P00356000,356.0,0,0.0,0.0,,0.0,normalDay
2021-06-28,2960.0,1155.0,0.0,0,427.47,0.0,1,11.56,0.01,SPY210630P00356000,356.0,0,0.0,0.0,,0.0,normalDay
2021-06-29,2960.0,1155.0,0.0,0,427.7,0.0,1,11.56,0.01,SPY210630P00356000,356.0,0,0.0,0.0,,0.0,normalDay
2021-06-30,4116.0,0.0,1156.0,0,428.06,0.0,1,11.56,0.0,SPY210630P00356000,356.0,0,0.0,0.0,,0.0,expirationDay
2021-07-01,4116.0,-5.0,0.0,0,430.43,0.0,1,10.59,10.64,SPY211119P00409000,409.0,0,0.0,0.0,,0.0,normalDay
2021-07-02,4116.0,72.0,0.0,0,433.72,0.0,1,10.59,9.87,SPY211119P00409000,409.0,0,0.0,0.0,,0.0,normalDay
2021-07-06,4116.0,36.0,0.0,0,432.93,0.0,1,10.59,10.23,SPY211119P00409000,409.0,0,0.0,0.0,,0.0,normalDay
2021-07-07,4116.0,52.0,0.0,0,434.46,0.0,1,10.59,10.07,SPY211119P00409000,409.0,0,0.0,0.0,,0.0,normalDay
2021-07-08,4116.0,-87.0,0.0,0,430.92,0.0,1,10.59,11.46,SPY211119P00409000,409.0,0,0.0,0.0,,0.0,normalDay
2021-07-09,4116.0,94.0,0.0,0,435.52,0.0,1,10.59,9.65,SPY211119P00409000,409.0,0,0.0,0.0,,0.0,normalDay
2021-07-12,4116.0,122.0,0.0,0,437.08,0.0,1,10.59,9.37,SPY211119P00409000,409.0,0,0.0,0.0,,0.0,normalDay
2021-07-13,4116.0,53.0,0.0,0,435.59,0.0,1,10.59,10.06,SPY211119P00409000,409.0,0,0.0,0.0,,0.0,normalDay
2021-07-14,4116.0,89.0,0.0,0,436.24,0.0,1,10.59,9.7,SPY211119P00409000,409.0,0,0.0,0.0,,0.0,normalDay
2021-07-15,4116.0,36.0,0.0,0,434.75,0.0,1,10.59,10.23,SPY211119P00409000,409.0,0,0.0,0.0,,0.0,normalDay
2021-07-16,4116.0,-71.0,0.0,0,431.34,0.0,1,10.59,11.3,SPY211119P00409000,409.0,0,0.0,0.0,,0.0,normalDay
2021-07-19,4116.0,-323.0,0.0,0,424.97,0.0,1,10.59,13.82,SPY211119P00409000,409.0,0,0.0,0.0,,0.0,normalDay
2021-07-20,4116.0,-86.0,0.0,0,431.06,0.0,1,10.59,11.45,SPY211119P00409000,409.0,0,0.0,0.0,,0.0,normalDay
2021-07-21,4116.0,63.0,0.0,0,434.55,0.0,1,10.59,9.96,SPY211119P00409000,409.0,0,0.0,0.0,,0.0,normalDay
2021-07-22,4116.0,87.0,0.0,0,435.46,0.0,1,10.59,9.72,SPY211119P00409000,409.0,0,0.0,0.0,,0.0,normalDay
2021-07-23,4116.0,175.0,0.0,0,439.94,0.0,1,10.59,8.84,SPY211119P00409000,409.0,0,0.0,0.0,,0.0,normalDay
2021-07-26,4116.0,207.0,0.0,0,441.02,0.0,1,10.59,8.52,SPY211119P00409000,409.0,0,0.0,0.0,,0.0,normalDay
2021-07-27,4116.0,119.0,0.0,0,439.01,0.0,1,10.59,9.4,SPY211119P00409000,409.0,0,0.0,0.0,,0.0,normalDay
2021-07-28,4116.0,153.0,0.0,0,438.83,0.0,1,10.59,9.06,SPY211119P00409000,409.0,0,0.0,0.0,,0.0,normalDay
2021-07-29,4116.0,219.0,0.0,0,440.65,0.0,1,10.59,8.4,SPY211119P00409000,409.0,0,0.0,0.0,,0.0,normalDay
2021-07-30,4116.0,186.0,0.0,0,438.51,0.0,1,10.59,8.73,SPY211119P00409000,409.0,0,0.0,0.0,,0.0,normalDay
2021-08-02,4116.0,136.0,0.0,0,437.59,0.0,1,10.59,9.23,SPY211119P00409000,409.0,0,0.0,0.0,,0.0,normalDay
2021-08-03,4116.0,244.0,0.0,0,441.15,0.0,1,10.59,8.15,SPY211119P00409000,409.0,0,0.0,0.0,,0.0,normalDay
2021-08-04,4116.0,220.0,0.0,0,438.98,0.0,1,10.59,8.39,SPY211119P00409000,409.0,0,0.0,0.0,,0.0,normalDay
2021-08-05,4116.0,287.0,0.0,0,441.76,0.0,1,10.59,7.72,SPY211119P00409000,409.0,0,0.0,0.0,,0.0,normalDay
2021-08-06,4116.0,347.0,0.0,0,442.49,0.0,1,10.59,7.12,SPY211119P00409000,409.0,0,0.0,0.0,,0.0,normalDay
2021-08-09,4116.0,337.0,0.0,0,442.13,0.0,1,10.59,7.22,SPY211119P00409000,409.0,0,0.0,0.0,,0.0,normalDay
2021-08-10,4116.0,344.0,0.0,0,442.68,0.0,1,10.59,7.15,SPY211119P00409000,409.0,0,0.0,0.0,,0.0,normalDay
2021-08-11,4116.0,391.0,0.0,0,443.78,0.0,1,10.59,6.68,SPY211119P00409000,409.0,0,0.0,0.0,,0.0,normalDay
2021-08-12,4116.0,439.0,0.0,0,445.11,0.0,1,10.59,6.2,SPY211119P00409000,409.0,0,0.0,0.0,,0.0,normalDay
2021-08-13,4116.0,460.0,0.0,0,445.92,0.0,1,10.59,5.99,SPY211119P00409000,409.0,0,0.0,0.0,,0.0,normalDay
2021-08-16,4116.0,480.0,0.0,0,446.97,0.0,1,10.59,5.79,SPY211119P00409000,409.0,0,0.0,0.0,,0.0,normalDay
2021-08-17,4116.0,384.0,0.0,0,444.04,0.0,1,10.59,6.75,SPY211119P00409000,409.0,0,0.0,0.0,,0.0,normalDay
2021-08-18,4116.0,223.0,0.0,0,439.18,0.0,1,10.59,8.36,SPY211119P00409000,409.0,0,0.0,0.0,,0.0,normalDay
2021-08-19,4116.0,223.0,0.0,0,439.86,0.0,1,10.59,8.36,SPY211119P00409000,409.0,0,0.0,0.0,,0.0,normalDay
2021-08-20,4116.0,369.0,0.0,0,443.36,0.0,1,10.59,6.9,SPY211119P00409000,409.0,0,0.0,0.0,,0.0,normalDay
2021-08-23,4116.0,498.0,0.0,0,447.26,0.0,1,10.59,5.61,SPY211119P00409000,409.0,0,0.0,0.0,,0.0,normalDay
2021-08-24,4116.0,506.0,0.0,0,447.97,0.0,1,10.59,5.53,SPY211119P00409000,409.0,0,0.0,0.0,,0.0,normalDay
2021-08-25,4116.0,543.0,0.0,0,448.91,0.0,1,10.59,5.16,SPY211119P00409000,409.0,0,0.0,0.0,,0.0,normalDay
2021-08-26,4116.0,469.0,0.0,0,446.26,0.0,1,10.59,5.9,SPY211119P00409000,409.0,0,0.0,0.0,,0.0,normalDay
2021-08-27,4116.0,578.0,0.0,0,450.25,0.0,1,10.59,4.81,SPY211119P00409000,409.0,0,0.0,0.0,,0.0,normalDay
2021-08-30,4116.0,615.0,0.0,0,452.23,0.0,1,10.59,4.44,SPY211119P00409000,409.0,0,0.0,0.0,,0.0,normalDay
2021-08-31,4116.0,614.0,0.0,0,451.56,0.0,1,10.59,4.45,SPY211119P00409000,409.0,0,0.0,0.0,,0.0,normalDay
2021-09-01,4116.0,640.0,0.0,0,451.8,0.0,1,10.59,4.19,SPY211119P00409000,409.0,0,0.0,0.0,,0.0,normalDay
2021-09-02,4116.0,660.0,0.0,0,453.19,0.0,1,10.59,3.99,SPY211119P00409000,409.0,0,0.0,0.0,,0.0,normalDay
2021-09-03,4116.0,654.0,0.0,0,453.08,0.0,1,10.59,4.05,SPY211119P00409000,409.0,0,0.0,0.0,,0.0,normalDay
2021-09-07,4116.0,622.0,0.0,0,451.46,0.0,1,10.59,4.37,SPY211119P00409000,409.0,0,0.0,0.0,,0.0,normalDay
2021-09-08,4116.0,623.0,0.0,0,450.91,0.0,1,10.59,4.36,SPY211119P00409000,409.0,0,0.0,0.0,,0.0,normalDay
2021-09-09,4116.0,585.0,0.0,0,448.98,0.0,1,10.59,4.74,SPY211119P00409000,409.0,0,0.0,0.0,,0.0,normalDay
2021-09-10,4116.0,518.0,0.0,0,445.44,0.0,1,10.59,5.41,SPY211119P00409000,409.0,0,0.0,0.0,,0.0,normalDay
2021-09-13,4116.0,584.0,0.0,0,446.58,0.0,1,10.59,4.75,SPY211119P00409000,409.0,0,0.0,0.0,,0.0,normalDay
2021-09-14,4116.0,557.0,0.0,0,444.17,0.0,1,10.59,5.02,SPY211119P00409000,409.0,0,0.0,0.0,,0.0,normalDay
2021-09-15,4116.0,646.0,0.0,0,447.88,0.0,1,10.59,4.13,SPY211119P00409000,409.0,0,0.0,0.0,,0.0,normalDay
2021-09-16,4116.0,632.0,0.0,0,447.17,0.0,1,10.59,4.27,SPY211119P00409000,409.0,0,0.0,0.0,,0.0,normalDay
2021-09-17,4116.0,537.0,0.0,0,441.4,0.0,1,10.59,5.22,SPY211119P00409000,409.0,0,0.0,0.0,,0.0,normalDay
2021-09-20,4116.0,288.0,0.0,0,434.04,0.0,1,10.59,7.71,SPY211119P00409000,409.0,0,0.0,0.0,,0.0,normalDay
2021-09-21,4116.0,333.0,0.0,0,433.63,0.0,1,10.59,7.26,SPY211119P00409000,409.0,0,0.0,0.0,,0.0,normalDay
2021-09-22,4116.0,523.0,0.0,0,437.86,0.0,1,10.59,5.36,SPY211119P00409000,409.0,0,0.0,0.0,,0.0,normalDay
2021-09-23,4116.0,667.0,0.0,0,443.18,0.0,1,10.59,3.92,SPY211119P00409000,409.0,0,0.0,0.0,,0.0,normalDay
2021-09-24,4116.0,706.0,0.0,0,443.91,0.0,1,10.59,3.53,SPY211119P00409000,409.0,0,0.0,0.0,,0.0,normalDay
2021-09-27,4116.0,684.0,0.0,0,442.64,0.0,1,10.59,3.75,SPY211119P00409000,409.0,0,0.0,0.0,,0.0,normalDay
2021-09-28,4116.0,463.0,0.0,0,433.72,0.0,1,10.59,5.96,SPY211119P00409000,409.0,0,0.0,0.0,,0.0,normalDay
2021-09-29,4116.0,485.0,0.0,0,434.45,0.0,1,10.59,5.74,SPY211119P00409000,409.0,0,0.0,0.0,,0.0,normalDay
2021-09-30,4116.0,387.0,0.0,0,429.14,0.0,1,10.59,6.72,SPY211119P00409000,409.0,0,0.0,0.0,,0.0,normalDay
2021-10-01,4116.0,542.0,0.0,0,434.24,0.0,1,10.59,5.17,SPY211119P00409000,409.0,0,0.0,0.0,,0.0,normalDay
2021-10-04,4116.0,421.0,0.0,0,428.64,0.0,1,10.59,6.38,SPY211119P00409000,409.0,0,0.0,0.0,,0.0,normalDay
2021-10-05,4116.0,557.0,0.0,0,433.1,0.0,1,10.59,5.02,SPY211119P00409000,409.0,0,0.0,0.0,,0.0,normalDay
2021-10-06,4116.0,604.0,0.0,0,434.9,0.0,1,10.59,4.55,SPY211119P00409000,409.0,0,0.0,0.0,,0.0,normalDay
2021-10-07,4116.0,717.0,0.0,0,438.66,0.0,1,10.59,3.42,SPY211119P00409000,409.0,0,0.0,0.0,,0.0,normalDay
2021-10-08,4116.0,720.0,0.0,0,437.86,0.0,1,10.59,3.39,SPY211119P00409000,409.0,0,0.0,0.0,,0.0,normalDay
2021-10-11,4116.0,686.0,0.0,0,434.69,0.0,1,10.59,3.73,SPY211119P00409000,409.0,0,0.0,0.0,,0.0,normalDay
2021-10-12,4116.0,682.0,0.0,0,433.62,0.0,1,10.59,3.77,SPY211119P00409000,409.0,0,0.0,0.0,,0.0,normalDay
2021-10-13,4116.0,767.0,0.0,0,435.18,0.0,1,10.59,2.92,SPY211119P00409000,409.0,0,0.0,0.0,,0.0,normalDay
2021-10-14,4116.0,879.0,0.0,0,442.5,0.0,1,10.59,1.8,SPY211119P00409000,409.0,0,0.0,0.0,,0.0,normalDay
2021-10-15,4116.0,908.0,0.0,0,445.87,0.0,1,10.59,1.51,SPY211119P00409000,409.0,0,0.0,0.0,,0.0,normalDay
2021-10-18,4116.0,934.0,0.0,0,447.19,0.0,1,10.59,1.25,SPY211119P00409000,409.0,0,0.0,0.0,,0.0,normalDay
2021-10-19,4116.0,962.0,0.0,0,450.64,0.0,1,10.59,0.97,SPY211119P00409000,409.0,0,0.0,0.0,,0.0,normalDay
2021-10-20,4116.0,971.0,0.0,0,452.41,0.0,1,10.59,0.88,SPY211119P00409000,409.0,0,0.0,0.0,,0.0,normalDay
2021-10-21,4116.0,985.0,0.0,0,453.59,0.0,1,10.59,0.74,SPY211119P00409000,409.0,0,0.0,0.0,,0.0,normalDay
2021-10-22,4116.0,982.0,0.0,0,453.12,0.0,1,10.59,0.77,SPY211119P00409000,409.0,0,0.0,0.0,,0.0,normalDay
2021-10-25,4116.0,1003.0,0.0,0,455.55,0.0,1,10.59,0.56,SPY211119P00409000,409.0,0,0.0,0.0,,0.0,normalDay
2021-10-26,4116.0,999.0,0.0,0,455.96,0.0,1,10.59,0.6,SPY211119P00409000,409.0,0,0.0,0.0,,0.0,normalDay
2021-10-27,4116.0,988.0,0.0,0,453.94,0.0,1,10.59,0.71,SPY211119P00409000,409.0,0,0.0,0.0,,0.0,normalDay
2021-10-28,4116.0,1007.0,0.0,0,458.32,0.0,1,10.59,0.52,SPY211119P00409000,409.0,0,0.0,0.0,,0.0,normalDay
2021-10-29,4116.0,1013.0,0.0,0,459.25,0.0,1,10.59,0.46,SPY211119P00409000,409.0,0,0.0,0.0,,0.0,normalDay
2021-11-01,4116.0,1024.0,0.0,0,460.04,0.0,1,10.59,0.35,SPY211119P00409000,409.0,0,0.0,0.0,,0.0,normalDay
2021-11-02,4116.0,1028.0,0.0,0,461.9,0.0,1,10.59,0.31,SPY211119P00409000,409.0,0,0.0,0.0,,0.0,normalDay
2021-11-03,4116.0,1038.0,0.0,0,464.72,0.0,1,10.59,0.21,SPY211119P00409000,409.0,0,0.0,0.0,,0.0,normalDay
2021-11-04,4116.0,1036.0,0.0,0,466.91,0.0,1,10.59,0.23,SPY211119P00409000,409.0,0,0.0,0.0,,0.0,normalDay
2021-11-05,4116.0,1040.0,0.0,0,468.53,0.0,1,10.59,0.19,SPY211119P00409000,409.0,0,0.0,0.0,,0.0,normalDay
2021-11-08,4116.0,1043.0,0.0,0,468.93,0.0,1,10.59,0.16,SPY211119P00409000,409.0,0,0.0,0.0,,0.0,normalDay
2021-11-09,4116.0,1045.0,0.0,0,467.38,0.0,1,10.59,0.14,SPY211119P00409000,409.0,0,0.0,0.0,,0.0,normalDay
2021-11-10,4116.0,1045.0,0.0,0,463.62,0.0,1,10.59,0.14,SPY211119P00409000,409.0,0,0.0,0.0,,0.0,normalDay
2021-11-11,4116.0,1050.0,0.0,0,463.77,0.0,1,10.59,0.09,SPY211119P00409000,409.0,0,0.0,0.0,,0.0,normalDay
2021-11-12,4116.0,1055.0,0.0,0,467.27,0.0,1,10.59,0.04,SPY211119P00409000,409.0,0,0.0,0.0,,0.0,normalDay
2021-11-15,4116.0,1057.0,0.0,0,467.43,0.0,1,10.59,0.02,SPY211119P00409000,409.0,0,0.0,0.0,,0.0,normalDay
2021-11-16,4116.0,1057.0,0.0,0,469.28,0.0,1,10.59,0.02,SPY211119P00409000,409.0,0,0.0,0.0,,0.0,normalDay
2021-11-17,4116.0,1058.0,0.0,0,468.14,0.0,1,10.59,0.01,SPY211119P00409000,409.0,0,0.0,0.0,,0.0,normalDay
2021-11-18,4116.0,1058.0,0.0,0,469.73,0.0,1,10.59,0.01,SPY211119P00409000,409.0,0,0.0,0.0,,0.0,normalDay
2021-11-19,5175.0,0.0,1059.0,0,468.89,0.0,1,10.59,0.0,SPY211119P00409000,409.0,0,0.0,0.0,,0.0,expirationDay
2021-11-22,5175.0,-8.0,0.0,0,467.57,0.0,1,12.92,13.0,SPY220331P00443000,443.0,0,0.0,0.0,,0.0,normalDay
2021-11-23,5175.0,15.0,0.0,0,468.19,0.0,1,12.92,12.77,SPY220331P00443000,443.0,0,0.0,0.0,,0.0,normalDay
2021-11-24,5175.0,81.0,0.0,0,469.44,0.0,1,12.92,12.11,SPY220331P00443000,443.0,0,0.0,0.0,,0.0,normalDay
2021-11-26,5175.0,-720.0,0.0,0,458.97,0.0,1,12.92,20.12,SPY220331P00443000,443.0,0,0.0,0.0,,0.0,normalDay
2021-11-29,5175.0,-131.0,0.0,0,464.6,0.0,1,12.92,14.23,SPY220331P00443000,443.0,0,0.0,0.0,,0.0,normalDay
2021-11-30,5175.0,-470.0,0.0,0,455.56,0.0,1,12.92,17.62,SPY220331P00443000,443.0,0,0.0,0.0,,0.0,normalDay
2021-12-01,5175.0,-904.0,0.0,0,450.5,0.0,1,12.92,21.96,SPY220331P00443000,443.0,0,0.0,0.0,,0.0,normalDay
2021-12-02,5175.0,-520.0,0.0,0,457.4,0.0,1,12.92,18.12,SPY220331P00443000,443.0,0,0.0,0.0,,0.0,normalDay
2021-12-03,5175.0,-781.0,0.0,0,453.42,0.0,1,12.92,20.73,SPY220331P00443000,443.0,0,0.0,0.0,,0.0,normalDay
2021-12-06,5175.0,-444.0,0.0,0,458.79,0.0,1,12.92,17.36,SPY220331P00443000,443.0,0,0.0,0.0,,0.0,normalDay
2021-12-07,5175.0,2.0,0.0,0,468.28,0.0,1,12.92,12.9,SPY220331P00443000,443.0,0,0.0,0.0,,0.0,normalDay
2021-12-08,5175.0,101.0,0.0,0,469.52,0.0,1,12.92,11.91,SPY220331P00443000,443.0,0,0.0,0.0,,0.0,normalDay
2021-12-09,5175.0,-10.0,0.0,0,466.35,0.0,1,12.92,13.02,SPY220331P00443000,443.0,0,0.0,0.0,,0.0,normalDay
2021-12-10,5175.0,176.0,0.0,0,470.74,0.0,1,12.92,11.16,SPY220331P00443000,443.0,0,0.0,0.0,,0.0,normalDay
2021-12-13,5175.0,29.0,0.0,0,466.57,0.0,1,12.92,12.63,SPY220331P00443000,443.0,0,0.0,0.0,,0.0,normalDay
2021-12-14,5175.0,-89.0,0.0,0,463.36,0.0,1,12.92,13.81,SPY220331P00443000,443.0,0,0.0,0.0,,0.0,normalDay
2021-12-15,5175.0,206.0,0.0,0,470.6,0.0,1,12.92,10.86,SPY220331P00443000,443.0,0,0.0,0.0,,0.0,normalDay
2021-12-16,5175.0,68.0,0.0,0,466.45,0.0,1,12.92,12.24,SPY220331P00443000,443.0,0,0.0,0.0,,0.0,normalDay
2021-12-17,5175.0,-110.0,0.0,0,459.87,0.0,1,12.92,14.02,SPY220331P00443000,443.0,0,0.0,0.0,,0.0,normalDay
2021-12-20,5175.0,-257.0,0.0,0,454.98,0.0,1,12.92,15.49,SPY220331P00443000,443.0,0,0.0,0.0,,0.0,normalDay
2021-12-21,5175.0,25.0,0.0,0,463.06,0.0,1,12.92,12.67,SPY220331P00443000,443.0,0,0.0,0.0,,0.0,normalDay
2021-12-22,5175.0,221.0,0.0,0,467.69,0.0,1,12.92,10.71,SPY220331P00443000,443.0,0,0.0,0.0,,0.0,normalDay
2021-12-23,5175.0,321.0,0.0,0,470.6,0.0,1,12.92,9.71,SPY220331P00443000,443.0,0,0.0,0.0,,0.0,normalDay
2021-12-27,5175.0,496.0,0.0,0,477.26,0.0,1,12.92,7.96,SPY220331P00443000,443.0,0,0.0,0.0,,0.0,normalDay
2021-12-28,5175.0,525.0,0.0,0,476.87,0.0,1,12.92,7.67,SPY220331P00443000,443.0,0,0.0,0.0,,0.0,normalDay
2021-12-29,5175.0,569.0,0.0,0,477.48,0.0,1,12.92,7.23,SPY220331P00443000,443.0,0,0.0,0.0,,0.0,normalDay
2021-12-30,5175.0,534.0,0.0,0,476.16,0.0,1,12.92,7.58,SPY220331P00443000,443.0,0,0.0,0.0,,0.0,normalDay
2021-12-31,5175.0,545.0,0.0,0,474.96,0.0,1,12.92,7.47,SPY220331P00443000,443.0,0,0.0,0.0,,0.0,normalDay
2022-01-03,5175.0,624.0,0.0,0,477.71,0.0,1,12.92,6.68,SPY220331P00443000,443.0,0,0.0,0.0,,0.0,normalDay
2022-01-04,5175.0,613.0,0.0,0,477.55,0.0,1,12.92,6.79,SPY220331P00443000,443.0,0,0.0,0.0,,0.0,normalDay
2022-01-05,5175.0,368.0,0.0,0,468.38,0.0,1,12.92,9.24,SPY220331P00443000,443.0,0,0.0,0.0,,0.0,normalDay
2022-01-06,5175.0,372.0,0.0,0,467.94,0.0,1,12.92,9.2,SPY220331P00443000,443.0,0,0.0,0.0,,0.0,normalDay
2022-01-07,5175.0,396.0,0.0,0,466.09,0.0,1,12.92,8.96,SPY220331P00443000,443.0,0,0.0,0.0,,0.0,normalDay
2022-01-10,5175.0,404.0,0.0,0,465.51,0.0,1,12.92,8.88,SPY220331P00443000,443.0,0,0.0,0.0,,0.0,normalDay
2022-01-11,5175.0,533.0,0.0,0,469.75,0.0,1,12.92,7.59,SPY220331P00443000,443.0,0,0.0,0.0,,0.0,normalDay
2022-01-12,5175.0,591.0,0.0,0,471.02,0.0,1,12.92,7.01,SPY220331P00443000,443.0,0,0.0,0.0,,0.0,normalDay
2022-01-13,5175.0,359.0,0.0,0,464.53,0.0,1,12.92,9.33,SPY220331P00443000,443.0,0,0.0,0.0,,0.0,normalDay
2022-01-14,5175.0,420.0,0.0,0,464.72,0.0,1,12.92,8.72,SPY220331P00443000,443.0,0,0.0,0.0,,0.0,normalDay
2022-01-18,5175.0,105.0,0.0,0,456.49,0.0,1,12.92,11.87,SPY220331P00443000,443.0,0,0.0,0.0,,0.0,normalDay
2022-01-19,5175.0,-32.0,0.0,0,451.75,0.0,1,12.92,13.24,SPY220331P00443000,443.0,0,0.0,0.0,,0.0,normalDay
2022-01-20,5175.0,-284.0,0.0,0,446.75,0.0,1,12.92,15.76,SPY220331P00443000,443.0,0,0.0,0.0,,0.0,normalDay
2022-01-21,5175.0,-756.0,0.0,0,437.98,0.0,1,12.92,20.48,SPY220331P00443000,443.0,0,0.0,0.0,,0.0,normalDay
2022-01-24,5175.0,-721.0,0.0,0,439.84,0.0,1,12.92,20.13,SPY220331P00443000,443.0,0,0.0,0.0,,0.0,normalDay
2022-01-25,5175.0,-1056.0,0.0,0,434.47,0.0,1,12.92,23.48,SPY220331P00443000,443.0,0,0.0,0.0,,0.0,normalDay
2022-01-26,5175.0,-1058.0,0.0,0,433.38,0.0,1,12.92,23.5,SPY220331P00443000,443.0,0,0.0,0.0,,0.0,normalDay
2022-01-27,5175.0,-1045.0,0.0,0,431.24,0.0,1,12.92,23.37,SPY220331P00443000,443.0,0,0.0,0.0,,0.0,normalDay
2022-01-28,5175.0,-412.0,0.0,0,441.95,0.0,1,12.92,17.04,SPY220331P00443000,443.0,0,0.0,0.0,,0.0,normalDay
2022-01-31,5175.0,-18.0,0.0,0,449.91,0.0,1,12.92,13.1,SPY220331P00443000,443.0,0,0.0,0.0,,0.0,normalDay
2022-02-01,5175.0,243.0,0.0,0,452.95,0.0,1,12.92,10.49,SPY220331P00443000,443.0,0,0.0,0.0,,0.0,normalDay
2022-02-02,5175.0,310.0,0.0,0,457.35,0.0,1,12.92,9.82,SPY220331P00443000,443.0,0,0.0,0.0,,0.0,normalDay
2022-02-03,5175.0,25.0,0.0,0,446.6,0.0,1,12.92,12.67,SPY220331P00443000,443.0,0,0.0,0.0,,0.0,normalDay
2022-02-04,5175.0,0.0,0.0,0,448.7,0.0,1,12.92,12.92,SPY220331P00443000,443.0,0,0.0,0.0,,0.0,normalDay
2022-02-07,5175.0,51.0,0.0,0,447.26,0.0,1,12.92,12.41,SPY220331P00443000,443.0,0,0.0,0.0,,0.0,normalDay
2022-02-08,5175.0,263.0,0.0,0,450.94,0.0,1,12.92,10.29,SPY220331P00443000,443.0,0,0.0,0.0,,0.0,normalDay
2022-02-09,5175.0,495.0,0.0,0,457.54,0.0,1,12.92,7.97,SPY220331P00443000,443.0,0,0.0,0.0,,0.0,normalDay
2022-02-10,5175.0,107.0,0.0,0,449.32,0.0,1,12.92,11.85,SPY220331P00443000,443.0,0,0.0,0.0,,0.0,normalDay
2022-02-11,5175.0,-351.0,0.0,0,440.46,0.0,1,12.92,16.43,SPY220331P00443000,443.0,0,0.0,0.0,,0.0,normalDay
2022-02-14,5175.0,-369.0,0.0,0,439.02,0.0,1,12.92,16.61,SPY220331P00443000,443.0,0,0.0,0.0,,0.0,normalDay
2022-02-15,5175.0,-8.0,0.0,0,446.1,0.0,1,12.92,13.0,SPY220331P00443000,443.0,0,0.0,0.0,,0.0,normalDay
2022-02-16,5175.0,121.0,0.0,0,446.6,0.0,1,12.92,11.71,SPY220331P00443000,443.0,0,0.0,0.0,,0.0,normalDay
2022-02-17,5175.0,-408.0,0.0,0,437.06,0.0,1,12.92,17.0,SPY220331P00443000,443.0,0,0.0,0.0,,0.0,normalDay
2022-02-18,5175.0,-553.0,0.0,0,434.23,0.0,1,12.92,18.45,SPY220331P00443000,443.0,0,0.0,0.0,,0.0,normalDay
2022-02-22,5175.0,-721.0,0.0,0,429.57,0.0,1,12.92,20.13,SPY220331P00443000,443.0,0,0.0,0.0,,0.0,normalDay
2022-02-23,5175.0,-1365.0,0.0,0,421.95,0.0,1,12.92,26.57,SPY220331P00443000,443.0,0,0.0,0.0,,0.0,normalDay
2022-02-24,5175.0,-956.0,0.0,0,428.3,0.0,1,12.92,22.48,SPY220331P00443000,443.0,0,0.0,0.0,,0.0,normalDay
2022-02-25,5175.0,-232.0,0.0,0,437.75,0.0,1,12.92,15.24,SPY220331P00443000,443.0,0,0.0,0.0,,0.0,normalDay
2022-02-28,5175.0,-309.0,0.0,0,436.63,0.0,1,12.92,16.01,SPY220331P00443000,443.0,0,0.0,0.0,,0.0,normalDay
2022-03-01,5175.0,-784.0,0.0,0,429.98,0.0,1,12.92,20.76,SPY220331P00443000,443.0,0,0.0,0.0,,0.0,normalDay
2022-03-02,5175.0,-292.0,0.0,0,437.89,0.0,1,12.92,15.84,SPY220331P00443000,443.0,0,0.0,0.0,,0.0,normalDay
2022-03-03,5175.0,-361.0,0.0,0,435.71,0.0,1,12.92,16.53,SPY220331P00443000,443.0,0,0.0,0.0,,0.0,normalDay
2022-03-04,5175.0,-611.0,0.0,0,432.17,0.0,1,12.92,19.03,SPY220331P00443000,443.0,0,0.0,0.0,,0.0,normalDay
2022-03-07,5175.0,-1566.0,0.0,0,419.43,0.0,1,12.92,28.58,SPY220331P00443000,443.0,0,0.0,0.0,,0.0,normalDay
2022-03-08,5175.0,-1827.0,0.0,0,416.25,0.0,1,12.92,31.19,SPY220331P00443000,443.0,0,0.0,0.0,,0.0,normalDay
2022-03-09,5175.0,-780.0,0.0,0,427.41,0.0,1,12.92,20.72,SPY220331P00443000,443.0,0,0.0,0.0,,0.0,normalDay
2022-03-10,5175.0,-920.0,0.0,0,425.48,0.0,1,12.92,22.12,SPY220331P00443000,443.0,0,0.0,0.0,,0.0,normalDay
2022-03-11,5175.0,-1316.0,0.0,0,420.07,0.0,1,12.92,26.08,SPY220331P00443000,443.0,0,0.0,0.0,,0.0,normalDay
2022-03-14,5175.0,-1536.0,0.0,0,417.0,0.0,1,12.92,28.28,SPY220331P00443000,443.0,0,0.0,0.0,,0.0,normalDay
2022-03-15,5175.0,-818.0,0.0,0,426.17,0.0,1,12.92,21.1,SPY220331P00443000,443.0,0,0.0,0.0,,0.0,normalDay
2022-03-16,5175.0,-4.0,0.0,0,435.62,0.0,1,12.92,12.96,SPY220331P00443000,443.0,0,0.0,0.0,,0.0,normalDay
2022-03-17,5175.0,356.0,0.0,0,441.07,0.0,1,12.92,9.36,SPY220331P00443000,443.0,0,0.0,0.0,,0.0,normalDay
2022-03-18,5175.0,684.0,0.0,0,444.52,0.0,1,12.92,6.08,SPY220331P00443000,443.0,0,0.0,0.0,,0.0,normalDay
2022-03-21,5175.0,763.0,0.0,0,444.39,0.0,1,12.92,5.29,SPY220331P00443000,443.0,0,0.0,0.0,,0.0,normalDay
2022-03-22,5175.0,962.0,0.0,0,449.59,0.0,1,12.92,3.3,SPY220331P00443000,443.0,0,0.0,0.0,,0.0,normalDay
2022-03-23,5175.0,786.0,0.0,0,443.8,0.0,1,12.92,5.06,SPY220331P00443000,443.0,0,0.0,0.0,,0.0,normalDay
2022-03-24,5175.0,1079.0,0.0,0,450.49,0.0,1,12.92,2.13,SPY220331P00443000,443.0,0,0.0,0.0,,0.0,normalDay
2022-03-25,5175.0,1173.0,0.0,0,452.69,0.0,1,12.92,1.19,SPY220331P00443000,443.0,0,0.0,0.0,,0.0,normalDay
2022-03-28,5175.0,1263.0,0.0,0,455.91,0.0,1,12.92,0.29,SPY220331P00443000,443.0,0,0.0,0.0,,0.0,normalDay
2022-03-29,5175.0,1283.0,0.0,0,461.55,0.0,1,12.92,0.09,SPY220331P00443000,443.0,0,0.0,0.0,,0.0,normalDay
2022-03-30,5175.0,1288.0,0.0,0,458.7,0.0,1,12.92,0.04,SPY220331P00443000,443.0,0,0.0,0.0,,0.0,normalDay
2022-03-31,6467.0,0.0,1292.0,0,451.64,0.0,1,12.92,0.0,SPY220331P00443000,443.0,0,0.0,0.0,,0.0,expirationDay
2022-04-01,6467.0,-12.0,0.0,0,452.92,0.0,1,5.3,5.42,SPY220819P00370000,370.0,0,0.0,0.0,,0.0,normalDay
2022-04-04,6467.0,66.0,0.0,0,456.8,0.0,1,5.3,4.64,SPY220819P00370000,370.0,0,0.0,0.0,,0.0,normalDay
2022-04-05,6467.0,-29.0,0.0,0,451.03,0.0,1,5.3,5.59,SPY220819P00370000,370.0,0,0.0,0.0,,0.0,normalDay
2022-04-06,6467.0,-84.0,0.0,0,446.52,0.0,1,5.3,6.14,SPY220819P00370000,370.0,0,0.0,0.0,,0.0,normalDay
2022-04-07,6467.0,-49.0,0.0,0,448.77,0.0,1,5.3,5.79,SPY220819P00370000,370.0,0,0.0,0.0,,0.0,normalDay
2022-04-08,6467.0,-40.0,0.0,0,447.57,0.0,1,5.3,5.7,SPY220819P00370000,370.0,0,0.0,0.0,,0.0,normalDay
2022-04-11,6467.0,-150.0,0.0,0,439.92,0.0,1,5.3,6.8,SPY220819P00370000,370.0,0,0.0,0.0,,0.0,normalDay
2022-04-12,6467.0,-162.0,0.0,0,438.29,0.0,1,5.3,6.92,SPY220819P00370000,370.0,0,0.0,0.0,,0.0,normalDay
2022-04-13,6467.0,-48.0,0.0,0,443.31,0.0,1,5.3,5.78,SPY220819P00370000,370.0,0,0.0,0.0,,0.0,normalDay
2022-04-14,6467.0,-112.0,0.0,0,437.79,0.0,1,5.3,6.42,SPY220819P00370000,370.0,0,0.0,0.0,,0.0,normalDay
2022-04-18,6467.0,-58.0,0.0,0,437.97,0.0,1,5.3,5.88,SPY220819P00370000,370.0,0,0.0,0.0,,0.0,normalDay
2022-04-19,6467.0,1.0,0.0,0,445.04,0.0,1,5.3,5.29,SPY220819P00370000,370.0,0,0.0,0.0,,0.0,normalDay
2022-04-20,6467.0,52.0,0.0,0,444.71,0.0,1,5.3,4.78,SPY220819P00370000,370.0,0,0.0,0.0,,0.0,normalDay
2022-04-21,6467.0,-72.0,0.0,0,438.06,0.0,1,5.3,6.02,SPY220819P00370000,370.0,0,0.0,0.0,,0.0,normalDay
2022-04-22,6467.0,-333.0,0.0,0,426.04,0.0,1,5.3,8.63,SPY220819P00370000,370.0,0,0.0,0.0,,0.0,normalDay
2022-04-25,6467.0,-237.0,0.0,0,428.51,0.0,1,5.3,7.67,SPY220819P00370000,370.0,0,0.0,0.0,,0.0,normalDay
2022-04-26,6467.0,-577.0,0.0,0,416.1,0.0,1,5.3,11.07,SPY220819P00370000,370.0,0,0.0,0.0,,0.0,normalDay
2022-04-27,6467.0,-472.0,0.0,0,417.27,0.0,1,5.3,10.02,SPY220819P00370000,370.0,0,0.0,0.0,,0.0,normalDay
2022-04-28,6467.0,-320.0,0.0,0,427.81,0.0,1,5.3,8.5,SPY220819P00370000,370.0,0,0.0,0.0,,0.0,normalDay
2022-04-29,6467.0,-579.0,0.0,0,412.0,0.0,1,5.3,11.09,SPY220819P00370000,370.0,0,0.0,0.0,,0.0,normalDay
2022-05-02,6467.0,-487.0,0.0,0,414.48,0.0,1,5.3,10.17,SPY220819P00370000,370.0,0,0.0,0.0,,0.0,normalDay
2022-05-03,6467.0,-370.0,0.0,0,416.38,0.0,1,5.3,9.0,SPY220819P00370000,370.0,0,0.0,0.0,,0.0,normalDay
2022-05-04,6467.0,-134.0,0.0,0,429.06,0.0,1,5.3,6.64,SPY220819P00370000,370.0,0,0.0,0.0,,0.0,normalDay
2022-05-05,6467.0,-504.0,0.0,0,413.81,0.0,1,5.3,10.34,SPY220819P00370000,370.0,0,0.0,0.0,,0.0,normalDay
2022-05-06,6467.0,-528.0,0.0,0,411.34,0.0,1,5.3,10.58,SPY220819P00370000,370.0,0,0.0,0.0,,0.0,normalDay
2022-05-09,6467.0,-842.0,0.0,0,398.17,0.0,1,5.3,13.72,SPY220819P00370000,370.0,0,0.0,0.0,,0.0,normalDay
2022-05-10,6467.0,-780.0,0.0,0,399.09,0.0,1,5.3,13.1,SPY220819P00370000,370.0,0,0.0,0.0,,0.0,normalDay
2022-05-11,6467.0,-902.0,0.0,0,392.75,0.0,1,5.3,14.32,SPY220819P00370000,370.0,0,0.0,0.0,,0.0,normalDay
2022-05-12,6467.0,-895.0,0.0,0,392.34,0.0,1,5.3,14.25,SPY220819P00370000,370.0,0,0.0,0.0,,0.0,normalDay
2022-05-13,6467.0,-584.0,0.0,0,401.72,0.0,1,5.3,11.14,SPY220819P00370000,370.0,0,0.0,0.0,,0.0,normalDay
2022-05-16,6467.0,-545.0,0.0,0,400.09,0.0,1,5.3,10.75,SPY220819P00370000,370.0,0,0.0,0.0,,0.0,normalDay
2022-05-17,6467.0,-319.0,0.0,0,408.32,0.0,1,5.3,8.49,SPY220819P00370000,370.0,0,0.0,0.0,,0.0,normalDay
2022-05-18,6467.0,-839.0,0.0,0,391.86,0.0,1,5.3,13.69,SPY220819P00370000,370.0,0,0.0,0.0,,0.0,normalDay
2022-05-19,6467.0,-799.0,0.0,0,389.46,0.0,1,5.3,13.29,SPY220819P00370000,370.0,0,0.0,0.0,,0.0,normalDay
2022-05-20,6467.0,-787.0,0.0,0,389.63,0.0,1,5.3,13.17,SPY220819P00370000,370.0,0,0.0,0.0,,0.0,normalDay
2022-05-23,6467.0,-549.0,0.0,0,396.92,0.0,1,5.3,10.79,SPY220819P00370000,370.0,0,0.0,0.0,,0.0,normalDay
2022-05-24,6467.0,-631.0,0.0,0,393.89,0.0,1,5.3,11.61,SPY220819P00370000,370.0,0,0.0,0.0,,0.0,normalDay
2022-05-25,6467.0,-523.0,0.0,0,397.37,0.0,1,5.3,10.53,SPY220819P00370000,370.0,0,0.0,0.0,,0.0,normalDay
2022-05-26,6467.0,-337.0,0.0,0,405.31,0.0,1,5.3,8.67,SPY220819P00370000,370.0,0,0.0,0.0,,0.0,normalDay
2022-05-27,6467.0,-125.0,0.0,0,415.26,0.0,1,5.3,6.55,SPY220819P00370000,370.0,0,0.0,0.0,,0.0,normalDay
2022-05-31,6467.0,-141.0,0.0,0,412.93,0.0,1,5.3,6.71,SPY220819P00370000,370.0,0,0.0,0.0,,0.0,normalDay
2022-06-01,6467.0,-159.0,0.0,0,409.59,0.0,1,5.3,6.89,SPY220819P00370000,370.0,0,0.0,0.0,,0.0,normalDay
2022-06-02,6467.0,-5.0,0.0,0,417.39,0.0,1,5.3,5.35,SPY220819P00370000,370.0,0,0.0,0.0,,0.0,normalDay
2022-06-03,6467.0,-99.0,0.0,0,410.54,0.0,1,5.3,6.29,SPY220819P00370000,370.0,0,0.0,0.0,,0.0,normalDay
2022-06-06,6467.0,-43.0,0.0,0,411.79,0.0,1,5.3,5.73,SPY220819P00370000,370.0,0,0.0,0.0,,0.0,normalDay
2022-06-07,6467.0,39.0,0.0,0,415.74,0.0,1,5.3,4.91,SPY220819P00370000,370.0,0,0.0,0.0,,0.0,normalDay
2022-06-08,6467.0,-6.0,0.0,0,411.22,0.0,1,5.3,5.36,SPY220819P00370000,370.0,0,0.0,0.0,,0.0,normalDay
2022-06-09,6467.0,-212.0,0.0,0,401.44,0.0,1,5.3,7.42,SPY220819P00370000,370.0,0,0.0,0.0,,0.0,normalDay
2022-06-10,6467.0,-509.0,0.0,0,389.8,0.0,1,5.3,10.39,SPY220819P00370000,370.0,0,0.0,0.0,,0.0,normalDay
2022-06-13,6467.0,-1157.0,0.0,0,375.0,0.0,1,5.3,16.87,SPY220819P00370000,370.0,0,0.0,0.0,,0.0,normalDay
2022-06-14,6467.0,-1127.0,0.0,0,373.87,0.0,1,5.3,16.57,SPY220819P00370000,370.0,0,0.0,0.0,,0.0,normalDay
2022-06-15,6467.0,-792.0,0.0,0,379.2,0.0,1,5.3,13.22,SPY220819P00370000,370.0,0,0.0,0.0,,0.0,normalDay
2022-06-16,6467.0,-1336.0,0.0,0,366.65,0.0,1,5.3,18.66,SPY220819P00370000,370.0,0,0.0,0.0,,0.0,normalDay
2022-06-17,6467.0,-1222.0,0.0,0,365.86,0.0,1,5.3,17.52,SPY220819P00370000,370.0,0,0.0,0.0,,0.0,normalDay
2022-06-21,6467.0,-817.0,0.0,0,375.07,0.0,1,5.3,13.47,SPY220819P00370000,370.0,0,0.0,0.0,,0.0,normalDay
2022-06-22,6467.0,-778.0,0.0,0,374.39,0.0,1,5.3,13.08,SPY220819P00370000,370.0,0,0.0,0.0,,0.0,normalDay
2022-06-23,6467.0,-689.0,0.0,0,378.06,0.0,1,5.3,12.19,SPY220819P00370000,370.0,0,0.0,0.0,,0.0,normalDay
2022-06-24,6467.0,-289.0,0.0,0,390.08,0.0,1,5.3,8.19,SPY220819P00370000,370.0,0,0.0,0.0,,0.0,normalDay
2022-06-27,6467.0,-225.0,0.0,0,388.59,0.0,1,5.3,7.55,SPY220819P00370000,370.0,0,0.0,0.0,,0.0,normalDay
2022-06-28,6467.0,-499.0,0.0,0,380.65,0.0,1,5.3,10.29,SPY220819P00370000,370.0,0,0.0,0.0,,0.0,normalDay
2022-06-29,6467.0,-474.0,0.0,0,380.34,0.0,1,5.3,10.04,SPY220819P00370000,370.0,0,0.0,0.0,,0.0,normalDay
2022-06-30,6467.0,-618.0,0.0,0,377.25,0.0,1,5.3,11.48,SPY220819P00370000,370.0,0,0.0,0.0,,0.0,normalDay
2022-07-01,6467.0,-415.0,0.0,0,381.24,0.0,1,5.3,9.45,SPY220819P00370000,370.0,0,0.0,0.0,,0.0,normalDay
2022-07-05,6467.0,-380.0,0.0,0,381.96,0.0,1,5.3,9.1,SPY220819P00370000,370.0,0,0.0,0.0,,0.0,normalDay
2022-07-06,6467.0,-287.0,0.0,0,383.25,0.0,1,5.3,8.17,SPY220819P00370000,370.0,0,0.0,0.0,,0.0,normalDay
2022-07-07,6467.0,-127.0,0.0,0,388.99,0.0,1,5.3,6.57,SPY220819P00370000,370.0,0,0.0,0.0,,0.0,normalDay
2022-07-08,6467.0,-66.0,0.0,0,388.67,0.0,1,5.3,5.96,SPY220819P00370000,370.0,0,0.0,0.0,,0.0,normalDay
2022-07-11,6467.0,-163.0,0.0,0,384.23,0.0,1,5.3,6.93,SPY220819P00370000,370.0,0,0.0,0.0,,0.0,normalDay
2022-07-12,6467.0,-282.0,0.0,0,380.83,0.0,1,5.3,8.12,SPY220819P00370000,370.0,0,0.0,0.0,,0.0,normalDay
2022-07-13,6467.0,-310.0,0.0,0,378.83,0.0,1,5.3,8.4,SPY220819P00370000,370.0,0,0.0,0.0,,0.0,normalDay
2022-07-14,6467.0,-288.0,0.0,0,377.91,0.0,1,5.3,8.18,SPY220819P00370000,370.0,0,0.0,0.0,,0.0,normalDay
2022-07-15,6467.0,-31.0,0.0,0,385.13,0.0,1,5.3,5.61,SPY220819P00370000,370.0,0,0.0,0.0,,0.0,normalDay
2022-07-18,6467.0,-101.0,0.0,0,381.95,0.0,1,5.3,6.31,SPY220819P00370000,370.0,0,0.0,0.0,,0.0,normalDay
2022-07-19,6467.0,155.0,0.0,0,392.27,0.0,1,5.3,3.75,SPY220819P00370000,370.0,0,0.0,0.0,,0.0,normalDay
2022-07-20,6467.0,228.0,0.0,0,394.77,0.0,1,5.3,3.02,SPY220819P00370000,370.0,0,0.0,0.0,,0.0,normalDay
2022-07-21,6467.0,304.0,0.0,0,398.79,0.0,1,5.3,2.26,SPY220819P00370000,370.0,0,0.0,0.0,,0.0,normalDay
2022-07-22,6467.0,274.0,0.0,0,395.09,0.0,1,5.3,2.56,SPY220819P00370000,370.0,0,0.0,0.0,,0.0,normalDay
2022-07-25,6467.0,324.0,0.0,0,395.57,0.0,1,5.3,2.06,SPY220819P00370000,370.0,0,0.0,0.0,,0.0,normalDay
2022-07-26,6467.0,248.0,0.0,0,390.89,0.0,1,5.3,2.82,SPY220819P00370000,370.0,0,0.0,0.0,,0.0,normalDay
2022-07-27,6467.0,383.0,0.0,0,401.04,0.0,1,5.3,1.47,SPY220819P00370000,370.0,0,0.0,0.0,,0.0,normalDay
2022-07-28,6467.0,447.0,0.0,0,406.07,0.0,1,5.3,0.83,SPY220819P00370000,370.0,0,0.0,0.0,,0.0,normalDay
2022-07-29,6467.0,480.0,0.0,0,411.99,0.0,1,5.3,0.5,SPY220819P00370000,370.0,0,0.0,0.0,,0.0,normalDay
2022-08-01,6467.0,477.0,0.0,0,410.77,0.0,1,5.3,0.53,SPY220819P00370000,370.0,0,0.0,0.0,,0.0,normalDay
2022-08-02,6467.0,465.0,0.0,0,408.06,0.0,1,5.3,0.65,SPY220819P00370000,370.0,0,0.0,0.0,,0.0,normalDay
2022-08-03,6467.0,502.0,0.0,0,414.45,0.0,1,5.3,0.28,SPY220819P00370000,370.0,0,0.0,0.0,,0.0,normalDay
2022-08-04,6467.0,507.0,0.0,0,414.17,0.0,1,5.3,0.23,SPY220819P00370000,370.0,0,0.0,0.0,,0.0,normalDay
2022-08-05,6467.0,507.0,0.0,0,413.47,0.0,1,5.3,0.23,SPY220819P00370000,370.0,0,0.0,0.0,,0.0,normalDay
2022-08-08,6467.0,515.0,0.0,0,412.99,0.0,1,5.3,0.15,SPY220819P00370000,370.0,0,0.0,0.0,,0.0,normalDay
2022-08-09,6467.0,515.0,0.0,0,411.35,0.0,1,5.3,0.15,SPY220819P00370000,370.0,0,0.0,0.0,,0.0,normalDay
2022-08-10,6467.0,523.0,0.0,0,419.99,0.0,1,5.3,0.07,SPY220819P00370000,370.0,0,0.0,0.0,,0.0,normalDay
2022-08-11,6467.0,523.0,0.0,0,419.99,0.0,1,5.3,0.07,SPY220819P00370000,370.0,0,0.0,0.0,,0.0,normalDay
2022-08-12,6467.0,526.0,0.0,0,427.1,0.0,1,5.3,0.04,SPY220819P00370000,370.0,0,0.0,0.0,,0.0,normalDay
2022-08-15,6467.0,528.0,0.0,0,428.86,0.0,1,5.3,0.02,SPY220819P00370000,370.0,0,0.0,0.0,,0.0,normalDay
2022-08-16,6467.0,528.0,0.0,0,429.7,0.0,1,5.3,0.02,SPY220819P00370000,370.0,0,0.0,0.0,,0.0,normalDay
2022-08-17,6467.0,529.0,0.0,0,426.65,0.0,1,5.3,0.01,SPY220819P00370000,370.0,0,0.0,0.0,,0.0,normalDay
2022-08-18,6467.0,529.0,0.0,0,427.89,0.0,1,5.3,0.01,SPY220819P00370000,370.0,0,0.0,0.0,,0.0,normalDay
2022-08-19,6997.0,0.0,530.0,0,422.14,0.0,1,5.3,0.0,SPY220819P00370000,370.0,0,0.0,0.0,,0.0,expirationDay
2022-08-22,6997.0,-8.0,0.0,0,413.35,0.0,1,9.24,9.32,SPY221230P00370000,370.0,0,0.0,0.0,,0.0,normalDay
2022-08-23,6997.0,-13.0,0.0,0,412.35,0.0,1,9.24,9.37,SPY221230P00370000,370.0,0,0.0,0.0,,0.0,normalDay
2022-08-24,6997.0,61.0,0.0,0,413.67,0.0,1,9.24,8.63,SPY221230P00370000,370.0,0,0.0,0.0,,0.0,normalDay
2022-08-25,6997.0,179.0,0.0,0,419.51,0.0,1,9.24,7.45,SPY221230P00370000,370.0,0,0.0,0.0,,0.0,normalDay
2022-08-26,6997.0,-150.0,0.0,0,405.31,0.0,1,9.24,10.74,SPY221230P00370000,370.0,0,0.0,0.0,,0.0,normalDay
2022-08-29,6997.0,-183.0,0.0,0,402.63,0.0,1,9.24,11.07,SPY221230P00370000,370.0,0,0.0,0.0,,0.0,normalDay
2022-08-30,6997.0,-278.0,0.0,0,398.21,0.0,1,9.24,12.02,SPY221230P00370000,370.0,0,0.0,0.0,,0.0,normalDay
2022-08-31,6997.0,-326.0,0.0,0,395.18,0.0,1,9.24,12.5,SPY221230P00370000,370.0,0,0.0,0.0,,0.0,normalDay
2022-09-01,6997.0,-265.0,0.0,0,396.42,0.0,1,9.24,11.89,SPY221230P00370000,370.0,0,0.0,0.0,,0.0,normalDay
2022-09-02,6997.0,-356.0,0.0,0,392.24,0.0,1,9.24,12.8,SPY221230P00370000,370.0,0,0.0,0.0,,0.0,normalDay
2022-09-06,6997.0,-432.0,0.0,0,390.76,0.0,1,9.24,13.56,SPY221230P00370000,370.0,0,0.0,0.0,,0.0,normalDay
2022-09-07,6997.0,-180.0,0.0,0,397.78,0.0,1,9.24,11.04,SPY221230P00370000,370.0,0,0.0,0.0,,0.0,normalDay
2022-09-08,6997.0,-63.0,0.0,0,400.38,0.0,1,9.24,9.87,SPY221230P00370000,370.0,0,0.0,0.0,,0.0,normalDay
2022-09-09,6997.0,62.0,0.0,0,406.6,0.0,1,9.24,8.62,SPY221230P00370000,370.0,0,0.0,0.0,,0.0,normalDay
2022-09-12,6997.0,165.0,0.0,0,410.97,0.0,1,9.24,7.59,SPY221230P00370000,370.0,0,0.0,0.0,,0.0,normalDay
2022-09-13,6997.0,-275.0,0.0,0,393.1,0.0,1,9.24,11.99,SPY221230P00370000,370.0,0,0.0,0.0,,0.0,normalDay
2022-09-14,6997.0,-230.0,0.0,0,394.6,0.0,1,9.24,11.54,SPY221230P00370000,370.0,0,0.0,0.0,,0.0,normalDay
2022-09-15,6997.0,-310.0,0.0,0,390.12,0.0,1,9.24,12.34,SPY221230P00370000,370.0,0,0.0,0.0,,0.0,normalDay
2022-09-16,6997.0,-390.0,0.0,0,385.56,0.0,1,9.24,13.14,SPY221230P00370000,370.0,0,0.0,0.0,,0.0,normalDay
2022-09-19,6997.0,-278.0,0.0,0,388.55,0.0,1,9.24,12.02,SPY221230P00370000,370.0,0,0.0,0.0,,0.0,normalDay
2022-09-20,6997.0,-425.0,0.0,0,384.09,0.0,1,9.24,13.49,SPY221230P00370000,370.0,0,0.0,0.0,,0.0,normalDay
2022-09-21,6997.0,-680.0,0.0,0,377.39,0.0,1,9.24,16.04,SPY221230P00370000,370.0,0,0.0,0.0,,0.0,normalDay
2022-09-22,6997.0,-742.0,0.0,0,374.22,0.0,1,9.24,16.66,SPY221230P00370000,370.0,0,0.0,0.0,,0.0,normalDay
2022-09-23,6997.0,-1103.0,0.0,0,367.95,0.0,1,9.24,20.27,SPY221230P00370000,370.0,0,0.0,0.0,,0.0,normalDay
2022-09-26,6997.0,-1309.0,0.0,0,364.31,0.0,1,9.24,22.33,SPY221230P00370000,370.0,0,0.0,0.0,,0.0,normalDay
2022-09-27,6997.0,-1321.0,0.0,0,363.38,0.0,1,9.24,22.45,SPY221230P00370000,370.0,0,0.0,0.0,,0.0,normalDay
2022-09-28,6997.0,-936.0,0.0,0,370.53,0.0,1,9.24,18.6,SPY221230P00370000,370.0,0,0.0,0.0,,0.0,normalDay
2022-09-29,6997.0,-1281.0,0.0,0,362.79,0.0,1,9.24,22.05,SPY221230P00370000,370.0,0,0.0,0.0,,0.0,normalDay
2022-09-30,6997.0,-1485.0,0.0,0,357.18,0.0,1,9.24,24.09,SPY221230P00370000,370.0,0,0.0,0.0,,0.0,normalDay
2022-10-03,6997.0,-997.0,0.0,0,366.61,0.0,1,9.24,19.21,SPY221230P00370000,370.0,0,0.0,0.0,,0.0,normalDay
2022-10-04,6997.0,-550.0,0.0,0,377.97,0.0,1,9.24,14.74,SPY221230P00370000,370.0,0,0.0,0.0,,0.0,normalDay
2022-10-05,6997.0,-547.0,0.0,0,377.09,0.0,1,9.24,14.71,SPY221230P00370000,370.0,0,0.0,0.0,,0.0,normalDay
2022-10-06,6997.0,-743.0,0.0,0,373.2,0.0,1,9.24,16.67,SPY221230P00370000,370.0,0,0.0,0.0,,0.0,normalDay
2022-10-07,6997.0,-1232.0,0.0,0,362.79,0.0,1,9.24,21.56,SPY221230P00370000,370.0,0,0.0,0.0,,0.0,normalDay
2022-10-10,6997.0,-1367.0,0.0,0,360.02,0.0,1,9.24,22.91,SPY221230P00370000,370.0,0,0.0,0.0,,0.0,normalDay
2022-10-11,6997.0,-1511.0,0.0,0,357.74,0.0,1,9.24,24.35,SPY221230P00370000,370.0,0,0.0,0.0,,0.0,normalDay
2022-10-12,6997.0,-1563.0,0.0,0,356.56,0.0,1,9.24,24.87,SPY221230P00370000,370.0,0,0.0,0.0,,0.0,normalDay
2022-10-13,6997.0,-1054.0,0.0,0,365.97,0.0,1,9.24,19.78,SPY221230P00370000,370.0,0,0.0,0.0,,0.0,normalDay
2022-10-14,6997.0,-1468.0,0.0,0,357.63,0.0,1,9.24,23.92,SPY221230P00370000,370.0,0,0.0,0.0,,0.0,normalDay
2022-10-17,6997.0,-959.0,0.0,0,366.82,0.0,1,9.24,18.83,SPY221230P00370000,370.0,0,0.0,0.0,,0.0,normalDay
2022-10-18,6997.0,-715.0,0.0,0,371.13,0.0,1,9.24,16.39,SPY221230P00370000,370.0,0,0.0,0.0,,0.0,normalDay
2022-10-19,6997.0,-885.0,0.0,0,368.5,0.0,1,9.24,18.09,SPY221230P00370000,370.0,0,0.0,0.0,,0.0,normalDay
2022-10-20,6997.0,-967.0,0.0,0,365.41,0.0,1,9.24,18.91,SPY221230P00370000,370.0,0,0.0,0.0,,0.0,normalDay
2022-10-21,6997.0,-602.0,0.0,0,374.29,0.0,1,9.24,15.26,SPY221230P00370000,370.0,0,0.0,0.0,,0.0,normalDay
2022-10-24,6997.0,-423.0,0.0,0,378.87,0.0,1,9.24,13.47,SPY221230P00370000,370.0,0,0.0,0.0,,0.0,normalDay
2022-10-25,6997.0,-216.0,0.0,0,384.92,0.0,1,9.24,11.4,SPY221230P00370000,370.0,0,0.0,0.0,,0.0,normalDay
2022-10-26,6997.0,-171.0,0.0,0,382.02,0.0,1,9.24,10.95,SPY221230P00370000,370.0,0,0.0,0.0,,0.0,normalDay
2022-10-27,6997.0,-384.0,0.0,0,379.98,0.0,1,9.24,13.08,SPY221230P00370000,370.0,0,0.0,0.0,,0.0,normalDay
2022-10-28,6997.0,70.0,0.0,0,389.02,0.0,1,9.24,8.54,SPY221230P00370000,370.0,0,0.0,0.0,,0.0,normalDay
2022-10-31,6997.0,37.0,0.0,0,386.21,0.0,1,9.24,8.87,SPY221230P00370000,370.0,0,0.0,0.0,,0.0,normalDay
2022-11-01,6997.0,-6.0,0.0,0,384.52,0.0,1,9.24,9.3,SPY221230P00370000,370.0,0,0.0,0.0,,0.0,normalDay
2022-11-02,6997.0,-334.0,0.0,0,374.87,0.0,1,9.24,12.58,SPY221230P00370000,370.0,0,0.0,0.0,,0.0,normalDay
2022-11-03,6997.0,-457.0,0.0,0,371.01,0.0,1,9.24,13.81,SPY221230P00370000,370.0,0,0.0,0.0,,0.0,normalDay
2022-11-04,6997.0,-207.0,0.0,0,376.35,0.0,1,9.24,11.31,SPY221230P00370000,370.0,0,0.0,0.0,,0.0,normalDay
2022-11-07,6997.0,-27.0,0.0,0,379.95,0.0,1,9.24,9.51,SPY221230P00370000,370.0,0,0.0,0.0,,0.0,normalDay
2022-11-08,6997.0,-14.0,0.0,0,382.0,0.0,1,9.24,9.38,SPY221230P00370000,370.0,0,0.0,0.0,,0.0,normalDay
2022-11-09,6997.0,-262.0,0.0,0,374.13,0.0,1,9.24,11.86,SPY221230P00370000,370.0,0,0.0,0.0,,0.0,normalDay
2022-11-10,6997.0,412.0,0.0,0,394.69,0.0,1,9.24,5.12,SPY221230P00370000,370.0,0,0.0,0.0,,0.0,normalDay
2022-11-11,6997.0,506.0,0.0,0,398.51,0.0,1,9.24,4.18,SPY221230P00370000,370.0,0,0.0,0.0,,0.0,normalDay
2022-11-14,6997.0,478.0,0.0,0,395.12,0.0,1,9.24,4.46,SPY221230P00370000,370.0,0,0.0,0.0,,0.0,normalDay
2022-11-15,6997.0,523.0,0.0,0,398.49,0.0,1,9.24,4.01,SPY221230P00370000,370.0,0,0.0,0.0,,0.0,normalDay
2022-11-16,6997.0,501.0,0.0,0,395.45,0.0,1,9.24,4.23,SPY221230P00370000,370.0,0,0.0,0.0,,0.0,normalDay
2022-11-17,6997.0,500.0,0.0,0,394.24,0.0,1,9.24,4.24,SPY221230P00370000,370.0,0,0.0,0.0,,0.0,normalDay
2022-11-18,6997.0,552.0,0.0,0,396.03,0.0,1,9.24,3.72,SPY221230P00370000,370.0,0,0.0,0.0,,0.0,normalDay
2022-11-21,6997.0,592.0,0.0,0,394.59,0.0,1,9.24,3.32,SPY221230P00370000,370.0,0,0.0,0.0,,0.0,normalDay
2022-11-22,6997.0,695.0,0.0,0,399.9,0.0,1,9.24,2.29,SPY221230P00370000,370.0,0,0.0,0.0,,0.0,normalDay
2022-11-23,6997.0,738.0,0.0,0,402.42,0.0,1,9.24,1.86,SPY221230P00370000,370.0,0,0.0,0.0,,0.0,normalDay
2022-11-25,6997.0,746.0,0.0,0,402.33,0.0,1,9.24,1.78,SPY221230P00370000,370.0,0,0.0,0.0,,0.0,normalDay
2022-11-28,6997.0,667.0,0.0,0,395.91,0.0,1,9.24,2.57,SPY221230P00370000,370.0,0,0.0,0.0,,0.0,normalDay
2022-11-29,6997.0,680.0,0.0,0,395.23,0.0,1,9.24,2.44,SPY221230P00370000,370.0,0,0.0,0.0,,0.0,normalDay
2022-11-30,6997.0,822.0,0.0,0,407.68,0.0,1,9.24,1.02,SPY221230P00370000,370.0,0,0.0,0.0,,0.0,normalDay
2022-12-01,6997.0,835.0,0.0,0,407.38,0.0,1,9.24,0.89,SPY221230P00370000,370.0,0,0.0,0.0,,0.0,normalDay
2022-12-02,6997.0,848.0,0.0,0,406.91,0.0,1,9.24,0.76,SPY221230P00370000,370.0,0,0.0,0.0,,0.0,normalDay
2022-12-05,6997.0,800.0,0.0,0,399.59,0.0,1,9.24,1.24,SPY221230P00370000,370.0,0,0.0,0.0,,0.0,normalDay
2022-12-06,6997.0,727.0,0.0,0,393.83,0.0,1,9.24,1.97,SPY221230P00370000,370.0,0,0.0,0.0,,0.0,normalDay
2022-12-07,6997.0,716.0,0.0,0,393.16,0.0,1,9.24,2.08,SPY221230P00370000,370.0,0,0.0,0.0,,0.0,normalDay
2022-12-08,6997.0,772.0,0.0,0,396.24,0.0,1,9.24,1.52,SPY221230P00370000,370.0,0,0.0,0.0,,0.0,normalDay
2022-12-09,6997.0,753.0,0.0,0,393.28,0.0,1,9.24,1.71,SPY221230P00370000,370.0,0,0.0,0.0,,0.0,normalDay
2022-12-12,6997.0,801.0,0.0,0,398.95,0.0,1,9.24,1.23,SPY221230P00370000,370.0,0,0.0,0.0,,0.0,normalDay
2022-12-13,6997.0,870.0,0.0,0,401.97,0.0,1,9.24,0.54,SPY221230P00370000,370.0,0,0.0,0.0,,0.0,normalDay
2022-12-14,6997.0,880.0,0.0,0,399.4,0.0,1,9.24,0.44,SPY221230P00370000,370.0,0,0.0,0.0,,0.0,normalDay
2022-12-15,6997.0,812.0,0.0,0,389.63,0.0,1,9.24,1.12,SPY221230P00370000,370.0,0,0.0,0.0,,0.0,normalDay
2022-12-16,6997.0,768.0,0.0,0,383.27,0.0,1,9.24,1.56,SPY221230P00370000,370.0,0,0.0,0.0,,0.0,normalDay
2022-12-19,6997.0,752.0,0.0,0,380.02,0.0,1,9.24,1.72,SPY221230P00370000,370.0,0,0.0,0.0,,0.0,normalDay
2022-12-20,6997.0,795.0,0.0,0,380.54,0.0,1,9.24,1.29,SPY221230P00370000,370.0,0,0.0,0.0,,0.0,normalDay
2022-12-21,6997.0,883.0,0.0,0,386.23,0.0,1,9.24,0.41,SPY221230P00370000,370.0,0,0.0,0.0,,0.0,normalDay
2022-12-22,6997.0,819.0,0.0,0,380.72,0.0,1,9.24,1.05,SPY221230P00370000,370.0,0,0.0,0.0,,0.0,normalDay
2022-12-23,6997.0,879.0,0.0,0,382.91,0.0,1,9.24,0.45,SPY221230P00370000,370.0,0,0.0,0.0,,0.0,normalDay
2022-12-27,6997.0,898.0,0.0,0,381.4,0.0,1,9.24,0.26,SPY221230P00370000,370.0,0,0.0,0.0,,0.0,normalDay
2022-12-28,6997.0,869.0,0.0,0,376.66,0.0,1,9.24,0.55,SPY221230P00370000,370.0,0,0.0,0.0,,0.0,normalDay
2022-12-29,6997.0,919.0,0.0,0,383.44,0.0,1,9.24,0.05,SPY221230P00370000,370.0,0,0.0,0.0,,0.0,normalDay
2022-12-30,7921.0,0.0,924.0,0,382.43,0.0,1,9.24,0.0,SPY221230P00370000,370.0,0,0.0,0.0,,0.0,expirationDay
2023-01-03,7921.0,-6.0,0.0,0,380.82,0.0,1,7.56,7.62,SPY230421P00350000,350.0,0,0.0,0.0,,0.0,normalDay
2023-01-04,7921.0,108.0,0.0,0,383.76,0.0,1,7.56,6.48,SPY230421P00350000,350.0,0,0.0,0.0,,0.0,normalDay
2023-01-05,7921.0,25.0,0.0,0,379.38,0.0,1,7.56,7.31,SPY230421P00350000,350.0,0,0.0,0.0,,0.0,normalDay
2023-01-06,7921.0,213.0,0.0,0,388.08,0.0,1,7.56,5.43,SPY230421P00350000,350.0,0,0.0,0.0,,0.0,normalDay
2023-01-09,7921.0,200.0,0.0,0,387.86,0.0,1,7.56,5.56,SPY230421P00350000,350.0,0,0.0,0.0,,0.0,normalDay
2023-01-10,7921.0,288.0,0.0,0,390.58,0.0,1,7.56,4.68,SPY230421P00350000,350.0,0,0.0,0.0,,0.0,normalDay
2023-01-11,7921.0,343.0,0.0,0,395.52,0.0,1,7.56,4.13,SPY230421P00350000,350.0,0,0.0,0.0,,0.0,normalDay
2023-01-12,7921.0,407.0,0.0,0,396.96,0.0,1,7.56,3.49,SPY230421P00350000,350.0,0,0.0,0.0,,0.0,normalDay
2023-01-13,7921.0,433.0,0.0,0,398.5,0.0,1,7.56,3.23,SPY230421P00350000,350.0,0,0.0,0.0,,0.0,normalDay
2023-01-17,7921.0,432.0,0.0,0,397.77,0.0,1,7.56,3.24,SPY230421P00350000,350.0,0,0.0,0.0,,0.0,normalDay
2023-01-18,7921.0,349.0,0.0,0,391.49,0.0,1,7.56,4.07,SPY230421P00350000,350.0,0,0.0,0.0,,0.0,normalDay
2023-01-19,7921.0,318.0,0.0,0,388.64,0.0,1,7.56,4.38,SPY230421P00350000,350.0,0,0.0,0.0,,0.0,normalDay
2023-01-20,7921.0,418.0,0.0,0,395.88,0.0,1,7.56,3.38,SPY230421P00350000,350.0,0,0.0,0.0,,0.0,normalDay
2023-01-23,7921.0,468.0,0.0,0,400.63,0.0,1,7.56,2.88,SPY230421P00350000,350.0,0,0.0,0.0,,0.0,normalDay
2023-01-24,7921.0,497.0,0.0,0,400.2,0.0,1,7.56,2.59,SPY230421P00350000,350.0,0,0.0,0.0,,0.0,normalDay
2023-01-25,7921.0,493.0,0.0,0,400.35,0.0,1,7.56,2.63,SPY230421P00350000,350.0,0,0.0,0.0,,0.0,normalDay
2023-01-26,7921.0,526.0,0.0,0,404.75,0.0,1,7.56,2.3,SPY230421P00350000,350.0,0,0.0,0.0,,0.0,normalDay
2023-01-27,7921.0,539.0,0.0,0,405.68,0.0,1,7.56,2.17,SPY230421P00350000,350.0,0,0.0,0.0,,0.0,normalDay
2023-01-30,7921.0,505.0,0.0,0,400.59,0.0,1,7.56,2.51,SPY230421P00350000,350.0,0,0.0,0.0,,0.0,normalDay
2023-01-31,7921.0,548.0,0.0,0,406.48,0.0,1,7.56,2.08,SPY230421P00350000,350.0,0,0.0,0.0,,0.0,normalDay
2023-02-01,7921.0,591.0,0.0,0,410.8,0.0,1,7.56,1.65,SPY230421P00350000,350.0,0,0.0,0.0,,0.0,normalDay
2023-02-02,7921.0,583.0,0.0,0,416.78,0.0,1,7.56,1.73,SPY230421P00350000,350.0,0,0.0,0.0,,0.0,normalDay
2023-02-03,7921.0,583.0,0.0,0,412.35,0.0,1,7.56,1.73,SPY230421P00350000,350.0,0,0.0,0.0,,0.0,normalDay
2023-02-06,7921.0,574.0,0.0,0,409.83,0.0,1,7.56,1.82,SPY230421P00350000,350.0,0,0.0,0.0,,0.0,normalDay
2023-02-07,7921.0,608.0,0.0,0,415.19,0.0,1,7.56,1.48,SPY230421P00350000,350.0,0,0.0,0.0,,0.0,normalDay
2023-02-08,7921.0,580.0,0.0,0,410.65,0.0,1,7.56,1.76,SPY230421P00350000,350.0,0,0.0,0.0,,0.0,normalDay
2023-02-09,7921.0,555.0,0.0,0,407.09,0.0,1,7.56,2.01,SPY230421P00350000,350.0,0,0.0,0.0,,0.0,normalDay
2023-02-10,7921.0,564.0,0.0,0,408.04,0.0,1,7.56,1.92,SPY230421P00350000,350.0,0,0.0,0.0,,0.0,normalDay
2023-02-13,7921.0,607.0,0.0,0,412.83,0.0,1,7.56,1.49,SPY230421P00350000,350.0,0,0.0,0.0,,0.0,normalDay
2023-02-14,7921.0,628.0,0.0,0,412.64,0.0,1,7.56,1.28,SPY230421P00350000,350.0,0,0.0,0.0,,0.0,normalDay
2023-02-15,7921.0,645.0,0.0,0,413.98,0.0,1,7.56,1.11,SPY230421P00350000,350.0,0,0.0,0.0,,0.0,normalDay
2023-02-16,7921.0,601.0,0.0,0,408.28,0.0,1,7.56,1.55,SPY230421P00350000,350.0,0,0.0,0.0,,0.0,normalDay
2023-02-17,7921.0,606.0,0.0,0,407.26,0.0,1,7.56,1.5,SPY230421P00350000,350.0,0,0.0,0.0,,0.0,normalDay
2023-02-21,7921.0,545.0,0.0,0,399.09,0.0,1,7.56,2.11,SPY230421P00350000,350.0,0,0.0,0.0,,0.0,normalDay
2023-02-22,7921.0,563.0,0.0,0,398.54,0.0,1,7.56,1.93,SPY230421P00350000,350.0,0,0.0,0.0,,0.0,normalDay
2023-02-23,7921.0,600.0,0.0,0,400.66,0.0,1,7.56,1.56,SPY230421P00350000,350.0,0,0.0,0.0,,0.0,normalDay
2023-02-24,7921.0,572.0,0.0,0,396.38,0.0,1,7.56,1.84,SPY230421P00350000,350.0,0,0.0,0.0,,0.0,normalDay
2023-02-27,7921.0,614.0,0.0,0,397.73,0.0,1,7.56,1.42,SPY230421P00350000,350.0,0,0.0,0.0,,0.0,normalDay
2023-02-28,7921.0,619.0,0.0,0,396.26,0.0,1,7.56,1.37,SPY230421P00350000,350.0,0,0.0,0.0,,0.0,normalDay
2023-03-01,7921.0,620.0,0.0,0,394.74,0.0,1,7.56,1.36,SPY230421P00350000,350.0,0,0.0,0.0,,0.0,normalDay
2023-03-02,7921.0,655.0,0.0,0,397.81,0.0,1,7.56,1.01,SPY230421P00350000,350.0,0,0.0,0.0,,0.0,normalDay
2023-03-03,7921.0,687.0,0.0,0,404.19,0.0,1,7.56,0.69,SPY230421P00350000,350.0,0,0.0,0.0,,0.0,normalDay
2023-03-06,7921.0,696.0,0.0,0,404.47,0.0,1,7.56,0.6,SPY230421P00350000,350.0,0,0.0,0.0,,0.0,normalDay
2023-03-07,7921.0,673.0,0.0,0,398.27,0.0,1,7.56,0.83,SPY230421P00350000,350.0,0,0.0,0.0,,0.0,normalDay
2023-03-08,7921.0,683.0,0.0,0,398.92,0.0,1,7.56,0.73,SPY230421P00350000,350.0,0,0.0,0.0,,0.0,normalDay
2023-03-09,7921.0,602.0,0.0,0,391.56,0.0,1,7.56,1.54,SPY230421P00350000,350.0,0,0.0,0.0,,0.0,normalDay
2023-03-10,7921.0,510.0,0.0,0,385.91,0.0,1,7.56,2.46,SPY230421P00350000,350.0,0,0.0,0.0,,0.0,normalDay
2023-03-13,7921.0,490.0,0.0,0,385.36,0.0,1,7.56,2.66,SPY230421P00350000,350.0,0,0.0,0.0,,0.0,normalDay
2023-03-14,7921.0,593.0,0.0,0,391.73,0.0,1,7.56,1.63,SPY230421P00350000,350.0,0,0.0,0.0,,0.0,normalDay
2023-03-15,7921.0,522.0,0.0,0,389.28,0.0,1,7.56,2.34,SPY230421P00350000,350.0,0,0.0,0.0,,0.0,normalDay
2023-03-16,7921.0,623.0,0.0,0,396.11,0.0,1,7.56,1.33,SPY230421P00350000,350.0,0,0.0,0.0,,0.0,normalDay
2023-03-17,7921.0,563.0,0.0,0,389.99,0.0,1,7.56,1.93,SPY230421P00350000,350.0,0,0.0,0.0,,0.0,normalDay
2023-03-20,7921.0,615.0,0.0,0,393.74,0.0,1,7.56,1.41,SPY230421P00350000,350.0,0,0.0,0.0,,0.0,normalDay
2023-03-21,7921.0,681.0,0.0,0,398.91,0.0,1,7.56,0.75,SPY230421P00350000,350.0,0,0.0,0.0,,0.0,normalDay
2023-03-22,7921.0,651.0,0.0,0,392.11,0.0,1,7.56,1.05,SPY230421P00350000,350.0,0,0.0,0.0,,0.0,normalDay
2023-03-23,7921.0,655.0,0.0,0,393.17,0.0,1,7.56,1.01,SPY230421P00350000,350.0,0,0.0,0.0,,0.0,normalDay
2023-03-24,7921.0,679.0,0.0,0,395.75,0.0,1,7.56,0.77,SPY230421P00350000,350.0,0,0.0,0.0,,0.0,normalDay
2023-03-27,7921.0,708.0,0.0,0,396.49,0.0,1,7.56,0.48,SPY230421P00350000,350.0,0,0.0,0.0,,0.0,normalDay
2023-03-28,7921.0,718.0,0.0,0,395.6,0.0,1,7.56,0.38,SPY230421P00350000,350.0,0,0.0,0.0,,0.0,normalDay
2023-03-29,7921.0,729.0,0.0,0,401.35,0.0,1,7.56,0.27,SPY230421P00350000,350.0,0,0.0,0.0,,0.0,normalDay
2023-03-30,7921.0,729.0,0.0,0,403.7,0.0,1,7.56,0.27,SPY230421P00350000,350.0,0,0.0,0.0,,0.0,normalDay
2023-03-31,7921.0,737.0,0.0,0,409.39,0.0,1,7.56,0.19,SPY230421P00350000,350.0,0,0.0,0.0,,0.0,normalDay
2023-04-03,7921.0,744.0,0.0,0,410.95,0.0,1,7.56,0.12,SPY230421P00350000,350.0,0,0.0,0.0,,0.0,normalDay
2023-04-04,7921.0,744.0,0.0,0,408.67,0.0,1,7.56,0.12,SPY230421P00350000,350.0,0,0.0,0.0,,0.0,normalDay
2023-04-05,7921.0,745.0,0.0,0,407.6,0.0,1,7.56,0.11,SPY230421P00350000,350.0,0,0.0,0.0,,0.0,normalDay
2023-04-06,7921.0,748.0,0.0,0,409.19,0.0,1,7.56,0.08,SPY230421P00350000,350.0,0,0.0,0.0,,0.0,normalDay
2023-04-10,7921.0,750.0,0.0,0,409.61,0.0,1,7.56,0.06,SPY230421P00350000,350.0,0,0.0,0.0,,0.0,normalDay
2023-04-11,7921.0,751.0,0.0,0,409.72,0.0,1,7.56,0.05,SPY230421P00350000,350.0,0,0.0,0.0,,0.0,normalDay
2023-04-12,7921.0,751.0,0.0,0,408.05,0.0,1,7.56,0.05,SPY230421P00350000,350.0,0,0.0,0.0,,0.0,normalDay
2023-04-13,7921.0,752.0,0.0,0,413.47,0.0,1,7.56,0.04,SPY230421P00350000,350.0,0,0.0,0.0,,0.0,normalDay
2023-04-14,7921.0,753.0,0.0,0,412.46,0.0,1,7.56,0.03,SPY230421P00350000,350.0,0,0.0,0.0,,0.0,normalDay
2023-04-17,7921.0,754.0,0.0,0,413.94,0.0,1,7.56,0.02,SPY230421P00350000,350.0,0,0.0,0.0,,0.0,normalDay
2023-04-18,7921.0,754.0,0.0,0,414.21,0.0,1,7.56,0.02,SPY230421P00350000,350.0,0,0.0,0.0,,0.0,normalDay
2023-04-19,7921.0,755.0,0.0,0,414.14,0.0,1,7.56,0.01,SPY230421P00350000,350.0,0,0.0,0.0,,0.0,normalDay
2023-04-20,7921.0,755.0,0.0,0,411.88,0.0,1,7.56,0.01,SPY230421P00350000,350.0,0,0.0,0.0,,0.0,normalDay
2023-04-21,8677.0,0.0,756.0,0,412.2,0.0,1,7.56,0.0,SPY230421P00350000,350.0,0,0.0,0.0,,0.0,expirationDay
2023-04-24,8677.0,-5.0,0.0,0,412.63,0.0,1,7.01,7.06,SPY230818P00384000,384.0,0,0.0,0.0,,0.0,normalDay
2023-04-25,8677.0,-169.0,0.0,0,406.08,0.0,1,7.01,8.7,SPY230818P00384000,384.0,0,0.0,0.0,,0.0,normalDay
2023-04-26,8677.0,-223.0,0.0,0,404.36,0.0,1,7.01,9.24,SPY230818P00384000,384.0,0,0.0,0.0,,0.0,normalDay
2023-04-27,8677.0,20.0,0.0,0,412.41,0.0,1,7.01,6.81,SPY230818P00384000,384.0,0,0.0,0.0,,0.0,normalDay
2023-04-28,8677.0,100.0,0.0,0,415.93,0.0,1,7.01,6.01,SPY230818P00384000,384.0,0,0.0,0.0,,0.0,normalDay
2023-05-01,8677.0,110.0,0.0,0,415.51,0.0,1,7.01,5.91,SPY230818P00384000,384.0,0,0.0,0.0,,0.0,normalDay
2023-05-02,8677.0,-12.0,0.0,0,410.84,0.0,1,7.01,7.13,SPY230818P00384000,384.0,0,0.0,0.0,,0.0,normalDay
2023-05-03,8677.0,-74.0,0.0,0,408.02,0.0,1,7.01,7.75,SPY230818P00384000,384.0,0,0.0,0.0,,0.0,normalDay
2023-05-04,8677.0,-212.0,0.0,0,405.13,0.0,1,7.01,9.13,SPY230818P00384000,384.0,0,0.0,0.0,,0.0,normalDay
2023-05-05,8677.0,24.0,0.0,0,412.63,0.0,1,7.01,6.77,SPY230818P00384000,384.0,0,0.0,0.0,,0.0,normalDay
2023-05-08,8677.0,59.0,0.0,0,412.74,0.0,1,7.01,6.42,SPY230818P00384000,384.0,0,0.0,0.0,,0.0,normalDay
2023-05-09,8677.0,23.0,0.0,0,410.93,0.0,1,7.01,6.78,SPY230818P00384000,384.0,0,0.0,0.0,,0.0,normalDay
2023-05-10,8677.0,87.0,0.0,0,412.85,0.0,1,7.01,6.14,SPY230818P00384000,384.0,0,0.0,0.0,,0.0,normalDay
2023-05-11,8677.0,86.0,0.0,0,412.13,0.0,1,7.01,6.15,SPY230818P00384000,384.0,0,0.0,0.0,,0.0,normalDay
2023-05-12,8677.0,79.0,0.0,0,411.59,0.0,1,7.01,6.22,SPY230818P00384000,384.0,0,0.0,0.0,,0.0,normalDay
2023-05-15,8677.0,144.0,0.0,0,413.01,0.0,1,7.01,5.57,SPY230818P00384000,384.0,0,0.0,0.0,,0.0,normalDay
2023-05-16,8677.0,86.0,0.0,0,410.25,0.0,1,7.01,6.15,SPY230818P00384000,384.0,0,0.0,0.0,,0.0,normalDay
2023-05-17,8677.0,199.0,0.0,0,415.23,0.0,1,7.01,5.02,SPY230818P00384000,384.0,0,0.0,0.0,,0.0,normalDay
2023-05-18,8677.0,289.0,0.0,0,419.23,0.0,1,7.01,4.12,SPY230818P00384000,384.0,0,0.0,0.0,,0.0,normalDay
2023-05-19,8677.0,259.0,0.0,0,418.62,0.0,1,7.01,4.42,SPY230818P00384000,384.0,0,0.0,0.0,,0.0,normalDay
2023-05-22,8677.0,266.0,0.0,0,418.79,0.0,1,7.01,4.35,SPY230818P00384000,384.0,0,0.0,0.0,,0.0,normalDay
2023-05-23,8677.0,180.0,0.0,0,414.09,0.0,1,7.01,5.21,SPY230818P00384000,384.0,0,0.0,0.0,,0.0,normalDay
2023-05-24,8677.0,108.0,0.0,0,411.09,0.0,1,7.01,5.93,SPY230818P00384000,384.0,0,0.0,0.0,,0.0,normalDay
2023-05-25,8677.0,190.0,0.0,0,414.65,0.0,1,7.01,5.11,SPY230818P00384000,384.0,0,0.0,0.0,,0.0,normalDay
2023-05-26,8677.0,294.0,0.0,0,420.02,0.0,1,7.01,4.07,SPY230818P00384000,384.0,0,0.0,0.0,,0.0,normalDay
2023-05-30,8677.0,328.0,0.0,0,420.18,0.0,1,7.01,3.73,SPY230818P00384000,384.0,0,0.0,0.0,,0.0,normalDay
2023-05-31,8677.0,312.0,0.0,0,417.85,0.0,1,7.01,3.89,SPY230818P00384000,384.0,0,0.0,0.0,,0.0,normalDay
2023-06-01,8677.0,404.0,0.0,0,421.82,0.0,1,7.01,2.97,SPY230818P00384000,384.0,0,0.0,0.0,,0.0,normalDay
2023-06-02,8677.0,474.0,0.0,0,427.92,0.0,1,7.01,2.27,SPY230818P00384000,384.0,0,0.0,0.0,,0.0,normalDay
2023-06-05,8677.0,482.0,0.0,0,427.1,0.0,1,7.01,2.19,SPY230818P00384000,384.0,0,0.0,0.0,,0.0,normalDay
2023-06-06,8677.0,515.0,0.0,0,428.03,0.0,1,7.01,1.86,SPY230818P00384000,384.0,0,0.0,0.0,,0.0,normalDay
2023-06-07,8677.0,509.0,0.0,0,426.55,0.0,1,7.01,1.92,SPY230818P00384000,384.0,0,0.0,0.0,,0.0,normalDay
2023-06-08,8677.0,534.0,0.0,0,429.13,0.0,1,7.01,1.67,SPY230818P00384000,384.0,0,0.0,0.0,,0.0,normalDay
2023-06-09,8677.0,534.0,0.0,0,429.9,0.0,1,7.01,1.67,SPY230818P00384000,384.0,0,0.0,0.0,,0.0,normalDay
2023-06-12,8677.0,549.0,0.0,0,433.8,0.0,1,7.01,1.52,SPY230818P00384000,384.0,0,0.0,0.0,,0.0,normalDay
2023-06-13,8677.0,565.0,0.0,0,436.66,0.0,1,7.01,1.36,SPY230818P00384000,384.0,0,0.0,0.0,,0.0,normalDay
2023-06-14,8677.0,583.0,0.0,0,437.18,0.0,1,7.01,1.18,SPY230818P00384000,384.0,0,0.0,0.0,,0.0,normalDay
2023-06-15,8677.0,589.0,0.0,0,442.6,0.0,1,7.01,1.12,SPY230818P00384000,384.0,0,0.0,0.0,,0.0,normalDay
2023-06-16,8677.0,602.0,0.0,0,439.46,0.0,1,7.01,0.99,SPY230818P00384000,384.0,0,0.0,0.0,,0.0,normalDay
2023-06-20,8677.0,595.0,0.0,0,437.18,0.0,1,7.01,1.06,SPY230818P00384000,384.0,0,0.0,0.0,,0.0,normalDay
2023-06-21,8677.0,601.0,0.0,0,434.94,0.0,1,7.01,1.0,SPY230818P00384000,384.0,0,0.0,0.0,,0.0,normalDay
2023-06-22,8677.0,616.0,0.0,0,436.51,0.0,1,7.01,0.85,SPY230818P00384000,384.0,0,0.0,0.0,,0.0,normalDay
2023-06-23,8677.0,601.0,0.0,0,433.21,0.0,1,7.01,1.0,SPY230818P00384000,384.0,0,0.0,0.0,,0.0,normalDay
2023-06-26,8677.0,597.0,0.0,0,431.44,0.0,1,7.01,1.04,SPY230818P00384000,384.0,0,0.0,0.0,,0.0,normalDay
2023-06-27,8677.0,622.0,0.0,0,436.17,0.0,1,7.01,0.79,SPY230818P00384000,384.0,0,0.0,0.0,,0.0,normalDay
2023-06-28,8677.0,635.0,0.0,0,436.39,0.0,1,7.01,0.66,SPY230818P00384000,384.0,0,0.0,0.0,,0.0,normalDay
2023-06-29,8677.0,636.0,0.0,0,438.11,0.0,1,7.01,0.65,SPY230818P00384000,384.0,0,0.0,0.0,,0.0,normalDay
2023-06-30,8677.0,648.0,0.0,0,443.28,0.0,1,7.01,0.53,SPY230818P00384000,384.0,0,0.0,0.0,,0.0,normalDay
2023-07-03,8677.0,652.0,0.0,0,443.79,0.0,1,7.01,0.49,SPY230818P00384000,384.0,0,0.0,0.0,,0.0,normalDay
2023-07-05,8677.0,650.0,0.0,0,443.13,0.0,1,7.01,0.51,SPY230818P00384000,384.0,0,0.0,0.0,,0.0,normalDay
2023-07-06,8677.0,636.0,0.0,0,439.66,0.0,1,7.01,0.65,SPY230818P00384000,384.0,0,0.0,0.0,,0.0,normalDay
2023-07-07,8677.0,641.0,0.0,0,438.55,0.0,1,7.01,0.6,SPY230818P00384000,384.0,0,0.0,0.0,,0.0,normalDay
2023-07-10,8677.0,648.0,0.0,0,439.66,0.0,1,7.01,0.53,SPY230818P00384000,384.0,0,0.0,0.0,,0.0,normalDay
2023-07-11,8677.0,654.0,0.0,0,442.46,0.0,1,7.01,0.47,SPY230818P00384000,384.0,0,0.0,0.0,,0.0,normalDay
2023-07-12,8677.0,668.0,0.0,0,446.02,0.0,1,7.01,0.33,SPY230818P00384000,384.0,0,0.0,0.0,,0.0,normalDay
2023-07-13,8677.0,669.0,0.0,0,449.56,0.0,1,7.01,0.32,SPY230818P00384000,384.0,0,0.0,0.0,,0.0,normalDay
2023-07-14,8677.0,673.0,0.0,0,449.28,0.0,1,7.01,0.28,SPY230818P00384000,384.0,0,0.0,0.0,,0.0,normalDay
2023-07-17,8677.0,677.0,0.0,0,450.84,0.0,1,7.01,0.24,SPY230818P00384000,384.0,0,0.0,0.0,,0.0,normalDay
2023-07-18,8677.0,680.0,0.0,0,454.19,0.0,1,7.01,0.21,SPY230818P00384000,384.0,0,0.0,0.0,,0.0,normalDay
2023-07-19,8677.0,679.0,0.0,0,455.2,0.0,1,7.01,0.22,SPY230818P00384000,384.0,0,0.0,0.0,,0.0,normalDay
2023-07-20,8677.0,677.0,0.0,0,452.18,0.0,1,7.01,0.24,SPY230818P00384000,384.0,0,0.0,0.0,,0.0,normalDay
2023-07-21,8677.0,680.0,0.0,0,452.18,0.0,1,7.01,0.21,SPY230818P00384000,384.0,0,0.0,0.0,,0.0,normalDay
2023-07-24,8677.0,684.0,0.0,0,454.2,0.0,1,7.01,0.17,SPY230818P00384000,384.0,0,0.0,0.0,,0.0,normalDay
2023-07-25,8677.0,686.0,0.0,0,455.44,0.0,1,7.01,0.15,SPY230818P00384000,384.0,0,0.0,0.0,,0.0,normalDay
2023-07-26,8677.0,688.0,0.0,0,455.51,0.0,1,7.01,0.13,SPY230818P00384000,384.0,0,0.0,0.0,,0.0,normalDay
2023-07-27,8677.0,682.0,0.0,0,452.49,0.0,1,7.01,0.19,SPY230818P00384000,384.0,0,0.0,0.0,,0.0,normalDay
2023-07-28,8677.0,690.0,0.0,0,456.92,0.0,1,7.01,0.11,SPY230818P00384000,384.0,0,0.0,0.0,,0.0,normalDay
2023-07-31,8677.0,692.0,0.0,0,457.79,0.0,1,7.01,0.09,SPY230818P00384000,384.0,0,0.0,0.0,,0.0,normalDay
2023-08-01,8677.0,692.0,0.0,0,456.48,0.0,1,7.01,0.09,SPY230818P00384000,384.0,0,0.0,0.0,,0.0,normalDay
2023-08-02,8677.0,685.0,0.0,0,450.13,0.0,1,7.01,0.16,SPY230818P00384000,384.0,0,0.0,0.0,,0.0,normalDay
2023-08-03,8677.0,686.0,0.0,0,448.84,0.0,1,7.01,0.15,SPY230818P00384000,384.0,0,0.0,0.0,,0.0,normalDay
2023-08-04,8677.0,680.0,0.0,0,446.81,0.0,1,7.01,0.21,SPY230818P00384000,384.0,0,0.0,0.0,,0.0,normalDay
2023-08-07,8677.0,690.0,0.0,0,450.71,0.0,1,7.01,0.11,SPY230818P00384000,384.0,0,0.0,0.0,,0.0,normalDay
2023-08-08,8677.0,693.0,0.0,0,448.75,0.0,1,7.01,0.08,SPY230818P00384000,384.0,0,0.0,0.0,,0.0,normalDay
2023-08-09,8677.0,694.0,0.0,0,445.75,0.0,1,7.01,0.07,SPY230818P00384000,384.0,0,0.0,0.0,,0.0,normalDay
2023-08-10,8677.0,694.0,0.0,0,445.91,0.0,1,7.01,0.07,SPY230818P00384000,384.0,0,0.0,0.0,,0.0,normalDay
2023-08-11,8677.0,698.0,0.0,0,445.65,0.0,1,7.01,0.03,SPY230818P00384000,384.0,0,0.0,0.0,,0.0,normalDay
2023-08-14,8677.0,698.0,0.0,0,448.11,0.0,1,7.01,0.03,SPY230818P00384000,384.0,0,0.0,0.0,,0.0,normalDay
2023-08-15,8677.0,698.0,0.0,0,442.89,0.0,1,7.01,0.03,SPY230818P00384000,384.0,0,0.0,0.0,,0.0,normalDay
2023-08-16,8677.0,699.0,0.0,0,439.64,0.0,1,7.01,0.02,SPY230818P00384000,384.0,0,0.0,0.0,,0.0,normalDay
2023-08-17,8677.0,700.0,0.0,0,436.29,0.0,1,7.01,0.01,SPY230818P00384000,384.0,0,0.0,0.0,,0.0,normalDay
2023-08-18,9378.0,0.0,701.0,0,436.5,0.0,1,7.01,0.0,SPY230818P00384000,384.0,0,0.0,0.0,,0.0,expirationDay
2023-08-21,9378.0,-6.0,0.0,0,439.34,0.0,1,8.93,8.99,SPY231229P00420000,420.0,0,0.0,0.0,,0.0,normalDay
2023-08-22,9378.0,-12.0,0.0,0,438.15,0.0,1,8.93,9.05,SPY231229P00420000,420.0,0,0.0,0.0,,0.0,normalDay
2023-08-23,9378.0,122.0,0.0,0,443.03,0.0,1,8.93,7.71,SPY231229P00420000,420.0,0,0.0,0.0,,0.0,normalDay
2023-08-24,9378.0,-42.0,0.0,0,436.89,0.0,1,8.93,9.35,SPY231229P00420000,420.0,0,0.0,0.0,,0.0,normalDay
2023-08-25,9378.0,85.0,0.0,0,439.97,0.0,1,8.93,8.08,SPY231229P00420000,420.0,0,0.0,0.0,,0.0,normalDay
2023-08-28,9378.0,183.0,0.0,0,442.76,0.0,1,8.93,7.1,SPY231229P00420000,420.0,0,0.0,0.0,,0.0,normalDay
2023-08-29,9378.0,320.0,0.0,0,449.16,0.0,1,8.93,5.73,SPY231229P00420000,420.0,0,0.0,0.0,,0.0,normalDay
2023-08-30,9378.0,372.0,0.0,0,451.01,0.0,1,8.93,5.21,SPY231229P00420000,420.0,0,0.0,0.0,,0.0,normalDay
2023-08-31,9378.0,388.0,0.0,0,450.35,0.0,1,8.93,5.05,SPY231229P00420000,420.0,0,0.0,0.0,,0.0,normalDay
2023-09-01,9378.0,403.0,0.0,0,451.19,0.0,1,8.93,4.9,SPY231229P00420000,420.0,0,0.0,0.0,,0.0,normalDay
2023-09-05,9378.0,377.0,0.0,0,449.24,0.0,1,8.93,5.16,SPY231229P00420000,420.0,0,0.0,0.0,,0.0,normalDay
2023-09-06,9378.0,311.0,0.0,0,446.22,0.0,1,8.93,5.82,SPY231229P00420000,420.0,0,0.0,0.0,,0.0,normalDay
2023-09-07,9378.0,298.0,0.0,0,444.85,0.0,1,8.93,5.95,SPY231229P00420000,420.0,0,0.0,0.0,,0.0,normalDay
2023-09-08,9378.0,348.0,0.0,0,445.52,0.0,1,8.93,5.45,SPY231229P00420000,420.0,0,0.0,0.0,,0.0,normalDay
2023-09-11,9378.0,414.0,0.0,0,448.45,0.0,1,8.93,4.79,SPY231229P00420000,420.0,0,0.0,0.0,,0.0,normalDay
2023-09-12,9378.0,376.0,0.0,0,445.99,0.0,1,8.93,5.17,SPY231229P00420000,420.0,0,0.0,0.0,,0.0,normalDay
2023-09-13,9378.0,407.0,0.0,0,446.51,0.0,1,8.93,4.86,SPY231229P00420000,420.0,0,0.0,0.0,,0.0,normalDay
2023-09-14,9378.0,489.0,0.0,0,450.36,0.0,1,8.93,4.04,SPY231229P00420000,420.0,0,0.0,0.0,,0.0,normalDay
2023-09-15,9378.0,382.0,0.0,0,443.37,0.0,1,8.93,5.11,SPY231229P00420000,420.0,0,0.0,0.0,,0.0,normalDay
2023-09-18,9378.0,398.0,0.0,0,443.63,0.0,1,8.93,4.95,SPY231229P00420000,420.0,0,0.0,0.0,,0.0,normalDay
2023-09-19,9378.0,393.0,0.0,0,442.71,0.0,1,8.93,5.0,SPY231229P00420000,420.0,0,0.0,0.0,,0.0,normalDay
2023-09-20,9378.0,287.0,0.0,0,438.64,0.0,1,8.93,6.06,SPY231229P00420000,420.0,0,0.0,0.0,,0.0,normalDay
2023-09-21,9378.0,64.0,0.0,0,431.39,0.0,1,8.93,8.29,SPY231229P00420000,420.0,0,0.0,0.0,,0.0,normalDay
2023-09-22,9378.0,42.0,0.0,0,430.42,0.0,1,8.93,8.51,SPY231229P00420000,420.0,0,0.0,0.0,,0.0,normalDay
2023-09-25,9378.0,100.0,0.0,0,432.23,0.0,1,8.93,7.93,SPY231229P00420000,420.0,0,0.0,0.0,,0.0,normalDay
2023-09-26,9378.0,-153.0,0.0,0,425.88,0.0,1,8.93,10.46,SPY231229P00420000,420.0,0,0.0,0.0,,0.0,normalDay
2023-09-27,9378.0,-105.0,0.0,0,426.05,0.0,1,8.93,9.98,SPY231229P00420000,420.0,0,0.0,0.0,,0.0,normalDay
2023-09-28,9378.0,-7.0,0.0,0,428.52,0.0,1,8.93,9.0,SPY231229P00420000,420.0,0,0.0,0.0,,0.0,normalDay
2023-09-29,9378.0,-27.0,0.0,0,427.48,0.0,1,8.93,9.2,SPY231229P00420000,420.0,0,0.0,0.0,,0.0,normalDay
2023-10-02,9378.0,-17.0,0.0,0,427.31,0.0,1,8.93,9.1,SPY231229P00420000,420.0,0,0.0,0.0,,0.0,normalDay
2023-10-03,9378.0,-288.0,0.0,0,421.59,0.0,1,8.93,11.81,SPY231229P00420000,420.0,0,0.0,0.0,,0.0,normalDay
2023-10-04,9378.0,-152.0,0.0,0,424.66,0.0,1,8.93,10.45,SPY231229P00420000,420.0,0,0.0,0.0,,0.0,normalDay
2023-10-05,9378.0,-157.0,0.0,0,424.5,0.0,1,8.93,10.5,SPY231229P00420000,420.0,0,0.0,0.0,,0.0,normalDay
2023-10-06,9378.0,63.0,0.0,0,429.54,0.0,1,8.93,8.3,SPY231229P00420000,420.0,0,0.0,0.0,,0.0,normalDay
2023-10-09,9378.0,143.0,0.0,0,432.29,0.0,1,8.93,7.5,SPY231229P00420000,420.0,0,0.0,0.0,,0.0,normalDay
2023-10-10,9378.0,227.0,0.0,0,434.54,0.0,1,8.93,6.66,SPY231229P00420000,420.0,0,0.0,0.0,,0.0,normalDay
2023-10-11,9378.0,311.0,0.0,0,436.32,0.0,1,8.93,5.82,SPY231229P00420000,420.0,0,0.0,0.0,,0.0,normalDay
2023-10-12,9378.0,234.0,0.0,0,433.66,0.0,1,8.93,6.59,SPY231229P00420000,420.0,0,0.0,0.0,,0.0,normalDay
2023-10-13,9378.0,63.0,0.0,0,431.5,0.0,1,8.93,8.3,SPY231229P00420000,420.0,0,0.0,0.0,,0.0,normalDay
2023-10-16,9378.0,280.0,0.0,0,436.04,0.0,1,8.93,6.13,SPY231229P00420000,420.0,0,0.0,0.0,,0.0,normalDay
2023-10-17,9378.0,256.0,0.0,0,436.02,0.0,1,8.93,6.37,SPY231229P00420000,420.0,0,0.0,0.0,,0.0,normalDay
2023-10-18,9378.0,77.0,0.0,0,430.21,0.0,1,8.93,8.16,SPY231229P00420000,420.0,0,0.0,0.0,,0.0,normalDay
2023-10-19,9378.0,-146.0,0.0,0,426.43,0.0,1,8.93,10.39,SPY231229P00420000,420.0,0,0.0,0.0,,0.0,normalDay
2023-10-20,9378.0,-289.0,0.0,0,421.19,0.0,1,8.93,11.82,SPY231229P00420000,420.0,0,0.0,0.0,,0.0,normalDay
2023-10-23,9378.0,-226.0,0.0,0,420.46,0.0,1,8.93,11.19,SPY231229P00420000,420.0,0,0.0,0.0,,0.0,normalDay
2023-10-24,9378.0,-66.0,0.0,0,423.63,0.0,1,8.93,9.59,SPY231229P00420000,420.0,0,0.0,0.0,,0.0,normalDay
2023-10-25,9378.0,-359.0,0.0,0,417.55,0.0,1,8.93,12.52,SPY231229P00420000,420.0,0,0.0,0.0,,0.0,normalDay
2023-10-26,9378.0,-597.0,0.0,0,412.55,0.0,1,8.93,14.9,SPY231229P00420000,420.0,0,0.0,0.0,,0.0,normalDay
2023-10-27,9378.0,-732.0,0.0,0,410.68,0.0,1,8.93,16.25,SPY231229P00420000,420.0,0,0.0,0.0,,0.0,normalDay
2023-10-30,9378.0,-406.0,0.0,0,415.59,0.0,1,8.93,12.99,SPY231229P00420000,420.0,0,0.0,0.0,,0.0,normalDay
2023-10-31,9378.0,-213.0,0.0,0,418.2,0.0,1,8.93,11.06,SPY231229P00420000,420.0,0,0.0,0.0,,0.0,normalDay
2023-11-01,9378.0,38.0,0.0,0,422.66,0.0,1,8.93,8.55,SPY231229P00420000,420.0,0,0.0,0.0,,0.0,normalDay
2023-11-02,9378.0,327.0,0.0,0,430.76,0.0,1,8.93,5.66,SPY231229P00420000,420.0,0,0.0,0.0,,0.0,normalDay
2023-11-03,9378.0,456.0,0.0,0,434.69,0.0,1,8.93,4.37,SPY231229P00420000,420.0,0,0.0,0.0,,0.0,normalDay
2023-11-06,9378.0,494.0,0.0,0,435.69,0.0,1,8.93,3.99,SPY231229P00420000,420.0,0,0.0,0.0,,0.0,normalDay
2023-11-07,9378.0,532.0,0.0,0,436.93,0.0,1,8.93,3.61,SPY231229P00420000,420.0,0,0.0,0.0,,0.0,normalDay
2023-11-08,9378.0,559.0,0.0,0,437.25,0.0,1,8.93,3.34,SPY231229P00420000,420.0,0,0.0,0.0,,0.0,normalDay
2023-11-09,9378.0,480.0,0.0,0,433.84,0.0,1,8.93,4.13,SPY231229P00420000,420.0,0,0.0,0.0,,0.0,normalDay
2023-11-10,9378.0,635.0,0.0,0,440.61,0.0,1,8.93,2.58,SPY231229P00420000,420.0,0,0.0,0.0,,0.0,normalDay
2023-11-13,9378.0,635.0,0.0,0,440.19,0.0,1,8.93,2.58,SPY231229P00420000,420.0,0,0.0,0.0,,0.0,normalDay
2023-11-14,9378.0,742.0,0.0,0,448.73,0.0,1,8.93,1.51,SPY231229P00420000,420.0,0,0.0,0.0,,0.0,normalDay
2023-11-15,9378.0,750.0,0.0,0,449.68,0.0,1,8.93,1.43,SPY231229P00420000,420.0,0,0.0,0.0,,0.0,normalDay
2023-11-16,9378.0,762.0,0.0,0,450.23,0.0,1,8.93,1.31,SPY231229P00420000,420.0,0,0.0,0.0,,0.0,normalDay
2023-11-17,9378.0,773.0,0.0,0,450.79,0.0,1,8.93,1.2,SPY231229P00420000,420.0,0,0.0,0.0,,0.0,normalDay
2023-11-20,9378.0,805.0,0.0,0,454.26,0.0,1,8.93,0.88,SPY231229P00420000,420.0,0,0.0,0.0,,0.0,normalDay
2023-11-21,9378.0,806.0,0.0,0,453.27,0.0,1,8.93,0.87,SPY231229P00420000,420.0,0,0.0,0.0,,0.0,normalDay
2023-11-22,9378.0,817.0,0.0,0,455.02,0.0,1,8.93,0.76,SPY231229P00420000,420.0,0,0.0,0.0,,0.0,normalDay
2023-11-24,9378.0,829.0,0.0,0,455.3,0.0,1,8.93,0.64,SPY231229P00420000,420.0,0,0.0,0.0,,0.0,normalDay
2023-11-27,9378.0,832.0,0.0,0,454.48,0.0,1,8.93,0.61,SPY231229P00420000,420.0,0,0.0,0.0,,0.0,normalDay
2023-11-28,9378.0,836.0,0.0,0,454.93,0.0,1,8.93,0.57,SPY231229P00420000,420.0,0,0.0,0.0,,0.0,normalDay
2023-11-29,9378.0,835.0,0.0,0,454.61,0.0,1,8.93,0.58,SPY231229P00420000,420.0,0,0.0,0.0,,0.0,normalDay
2023-11-30,9378.0,841.0,0.0,0,456.4,0.0,1,8.93,0.52,SPY231229P00420000,420.0,0,0.0,0.0,,0.0,normalDay
