date,totalCapital,unrializedPnL,rializedPnL,stocksOwned,stocksPriceToday,stocksPriceBoughtAt,putOwned,putOwnedSoldAt,putPriceToday,putOwnedContract,putOwnedStrike,callOwned,callOwnedSoldAt,callPriceToday,callOwnedContract,callOwnedStrike,trackType
2018-11-01,0.0,-4.0,0.0,0,273.51,0.0,1,1.52,1.56,SPY181107P00269500,269.5,0,0.0,0.0,,0.0,normalDay
2018-11-02,0.0,-16.0,0.0,0,271.89,0.0,1,1.52,1.68,SPY181107P00269500,269.5,0,0.0,0.0,,0.0,normalDay
2018-11-05,0.0,66.0,0.0,0,273.39,0.0,1,1.52,0.86,SPY181107P00269500,269.5,0,0.0,0.0,,0.0,normalDay
2018-11-06,0.0,108.0,0.0,0,275.12,0.0,1,1.52,0.44,SPY181107P00269500,269.5,0,0.0,0.0,,0.0,normalDay
2018-11-07,152.0,0.0,152.0,0,281.01,0.0,1,1.52,0.0,SPY181107P00269500,269.5,0,0.0,0.0,,0.0,expirationDay
2018-11-08,152.0,-3.0,0.0,0,280.5,0.0,1,0.16,0.19,SPY181114P00269500,269.5,0,0.0,0.0,,0.0,normalDay
2018-11-09,152.0,-8.0,0.0,0,277.76,0.0,1,0.16,0.24,SPY181114P00269500,269.5,0,0.0,0.0,,0.0,normalDay
2018-11-12,152.0,-69.0,0.0,0,272.57,0.0,1,0.16,0.85,SPY181114P00269500,269.5,0,0.0,0.0,,0.0,normalDay
2018-11-13,152.0,-40.0,0.0,0,272.06,0.0,1,0.16,0.56,SPY181114P00269500,269.5,0,0.0,0.0,,0.0,normalDay
2018-11-14,168.0,0.0,16.0,0,270.2,0.0,1,0.16,0.0,SPY181114P00269500,269.5,0,0.0,0.0,,0.0,expirationDay
2018-11-15,168.0,-4.0,0.0,0,273.02,0.0,1,1.11,1.15,SPY181121P00268500,268.5,0,0.0,0.0,,0.0,normalDay
2018-11-16,168.0,57.0,0.0,0,273.73,0.0,1,1.11,0.54,SPY181121P00268500,268.5,0,0.0,0.0,,0.0,normalDay
2018-11-19,168.0,-35.0,0.0,0,269.1,0.0,1,1.11,1.46,SPY181121P00268500,268.5,0,0.0,0.0,,0.0,normalDay
2018-11-20,168.0,-381.0,0.0,0,264.12,0.0,1,1.11,4.92,SPY181121P00268500,268.5,0,0.0,0.0,,0.0,normalDay
2018-11-21,279.0,-348.0,111.0,100,265.02,268.5,1,1.11,0.0,SPY181121P00268500,268.5,0,0.0,0.0,,0.0,expirationDay
2018-11-23,279.0,-557.0,0.0,100,263.25,268.5,0,0.0,0.0,,0.0,1,13.59,13.91,SPY190930C00272000,272.0,normalDay
2018-11-26,279.0,-320.0,0.0,100,267.5,268.5,0,0.0,0.0,,0.0,1,13.59,15.79,SPY190930C00272000,272.0,normalDay
2018-11-27,279.0,-281.0,0.0,100,268.4,268.5,0,0.0,0.0,,0.0,1,13.59,16.3,SPY190930C00272000,272.0,normalDay
2018-11-28,279.0,-15.0,0.0,100,274.58,268.5,0,0.0,0.0,,0.0,1,13.59,19.82,SPY190930C00272000,272.0,normalDay
2018-11-29,279.0,-71.0,0.0,100,273.98,268.5,0,0.0,0.0,,0.0,1,13.59,19.78,SPY190930C00272000,272.0,normalDay
2018-11-30,279.0,-8.0,0.0,100,275.65,268.5,0,0.0,0.0,,0.0,1,13.59,20.82,SPY190930C00272000,272.0,normalDay
2018-12-03,279.0,213.0,0.0,100,279.3,268.5,0,0.0,0.0,,0.0,1,13.59,22.26,SPY190930C00272000,272.0,normalDay
2018-12-04,279.0,-199.0,0.0,100,270.25,268.5,0,0.0,0.0,,0.0,1,13.59,17.33,SPY190930C00272000,272.0,normalDay
2018-12-06,279.0,-221.0,0.0,100,269.84,268.5,0,0.0,0.0,,0.0,1,13.59,17.14,SPY190930C00272000,272.0,normalDay
2018-12-07,279.0,-533.0,0.0,100,263.57,268.5,0,0.0,0.0,,0.0,1,13.59,13.99,SPY190930C00272000,272.0,normalDay
2018-12-10,279.0,-517.0,0.0,100,264.07,268.5,0,0.0,0.0,,0.0,1,13.59,14.33,SPY190930C00272000,272.0,normalDay
2018-12-11,279.0,-506.0,0.0,100,264.13,268.5,0,0.0,0.0,,0.0,1,13.59,14.28,SPY190930C00272000,272.0,normalDay
2018-12-12,279.0,-432.0,0.0,100,265.46,268.5,0,0.0,0.0,,0.0,1,13.59,14.87,SPY190930C00272000,272.0,normalDay
2018-12-13,279.0,-422.0,0.0,100,265.37,268.5,0,0.0,0.0,,0.0,1,13.59,14.68,SPY190930C00272000,272.0,normalDay
2018-12-14,279.0,-700.0,0.0,100,260.47,268.5,0,0.0,0.0,,0.0,1,13.59,12.56,SPY190930C00272000,272.0,normalDay
2018-12-17,279.0,-1012.0,0.0,100,255.36,268.5,0,0.0,0.0,,0.0,1,13.59,10.57,SPY190930C00272000,272.0,normalDay
2018-12-18,279.0,-990.0,0.0,100,255.08,268.5,0,0.0,0.0,,0.0,1,13.59,10.07,SPY190930C00272000,272.0,normalDay
2018-12-19,279.0,-1225.0,0.0,100,251.26,268.5,0,0.0,0.0,,0.0,1,13.59,8.6,SPY190930C00272000,272.0,normalDay
2018-12-20,279.0,-1541.0,0.0,100,247.17,268.5,0,0.0,0.0,,0.0,1,13.59,7.67,SPY190930C00272000,272.0,normalDay
2018-12-21,279.0,-1965.0,0.0,100,240.7,268.5,0,0.0,0.0,,0.0,1,13.59,5.44,SPY190930C00272000,272.0,normalDay
2018-12-24,279.0,-2522.0,0.0,100,234.34,268.5,0,0.0,0.0,,0.0,1,13.59,4.65,SPY190930C00272000,272.0,normalDay
2018-12-26,279.0,-1573.0,0.0,100,246.18,268.5,0,0.0,0.0,,0.0,1,13.59,7.0,SPY190930C00272000,272.0,normalDay
2018-12-27,279.0,-1493.0,0.0,100,248.07,268.5,0,0.0,0.0,,0.0,1,13.59,8.09,SPY190930C00272000,272.0,normalDay
2018-12-28,279.0,-1458.0,0.0,100,247.75,268.5,0,0.0,0.0,,0.0,1,13.59,7.42,SPY190930C00272000,272.0,normalDay
2018-12-31,279.0,-1253.0,0.0,100,249.92,268.5,0,0.0,0.0,,0.0,1,13.59,7.54,SPY190930C00272000,272.0,normalDay
2019-01-02,279.0,-1207.0,0.0,100,250.18,268.5,0,0.0,0.0,,0.0,1,13.59,7.34,SPY190930C00272000,272.0,normalDay
2019-01-03,279.0,-1639.0,0.0,100,244.21,268.5,0,0.0,0.0,,0.0,1,13.59,5.69,SPY190930C00272000,272.0,normalDay
2019-01-04,279.0,-1056.0,0.0,100,252.39,268.5,0,0.0,0.0,,0.0,1,13.59,8.04,SPY190930C00272000,272.0,normalDay
2019-01-07,279.0,-905.0,0.0,100,254.38,268.5,0,0.0,0.0,,0.0,1,13.59,8.52,SPY190930C00272000,272.0,normalDay
2019-01-08,279.0,-759.0,0.0,100,256.77,268.5,0,0.0,0.0,,0.0,1,13.59,9.45,SPY190930C00272000,272.0,normalDay
2019-01-09,279.0,-661.0,0.0,100,257.97,268.5,0,0.0,0.0,,0.0,1,13.59,9.67,SPY190930C00272000,272.0,normalDay
2019-01-10,279.0,-606.0,0.0,100,258.88,268.5,0,0.0,0.0,,0.0,1,13.59,10.03,SPY190930C00272000,272.0,normalDay
2019-01-11,279.0,-544.0,0.0,100,258.98,268.5,0,0.0,0.0,,0.0,1,13.59,9.51,SPY190930C00272000,272.0,normalDay
2019-01-14,279.0,-612.0,0.0,100,257.4,268.5,0,0.0,0.0,,0.0,1,13.59,8.61,SPY190930C00272000,272.0,normalDay
2019-01-15,279.0,-387.0,0.0,100,260.35,268.5,0,0.0,0.0,,0.0,1,13.59,9.31,SPY190930C00272000,272.0,normalDay
2019-01-16,279.0,-349.0,0.0,100,260.98,268.5,0,0.0,0.0,,0.0,1,13.59,9.56,SPY190930C00272000,272.0,normalDay
2019-01-17,279.0,-261.0,0.0,100,262.96,268.5,0,0.0,0.0,,0.0,1,13.59,10.66,SPY190930C00272000,272.0,normalDay
2019-01-18,279.0,-73.0,0.0,100,266.46,268.5,0,0.0,0.0,,0.0,1,13.59,12.28,SPY190930C00272000,272.0,normalDay
2019-01-22,279.0,-300.0,0.0,100,262.86,268.5,0,0.0,0.0,,0.0,1,13.59,10.95,SPY190930C00272000,272.0,normalDay
2019-01-23,279.0,-237.0,0.0,100,263.41,268.5,0,0.0,0.0,,0.0,1,13.59,10.87,SPY190930C00272000,272.0,normalDay
2019-01-24,279.0,-178.0,0.0,100,263.55,268.5,0,0.0,0.0,,0.0,1,13.59,10.42,SPY190930C00272000,272.0,normalDay
2019-01-25,279.0,-98.0,0.0,100,265.78,268.5,0,0.0,0.0,,0.0,1,13.59,11.85,SPY190930C00272000,272.0,normalDay
2019-01-28,279.0,-192.0,0.0,100,263.76,268.5,0,0.0,0.0,,0.0,1,13.59,10.77,SPY190930C00272000,272.0,normalDay
2019-01-29,279.0,-199.0,0.0,100,263.41,268.5,0,0.0,0.0,,0.0,1,13.59,10.49,SPY190930C00272000,272.0,normalDay
2019-01-30,279.0,27.0,0.0,100,267.58,268.5,0,0.0,0.0,,0.0,1,13.59,12.4,SPY190930C00272000,272.0,normalDay
2019-01-31,279.0,132.0,0.0,100,269.93,268.5,0,0.0,0.0,,0.0,1,13.59,13.7,SPY190930C00272000,272.0,normalDay
2019-02-01,279.0,168.0,0.0,100,270.06,268.5,0,0.0,0.0,,0.0,1,13.59,13.47,SPY190930C00272000,272.0,normalDay
2019-02-04,279.0,279.0,0.0,100,271.96,268.5,0,0.0,0.0,,0.0,1,13.59,14.26,SPY190930C00272000,272.0,normalDay
2019-02-05,279.0,353.0,0.0,100,273.1,268.5,0,0.0,0.0,,0.0,1,13.59,14.66,SPY190930C00272000,272.0,normalDay
2019-02-06,279.0,338.0,0.0,100,272.74,268.5,0,0.0,0.0,,0.0,1,13.59,14.45,SPY190930C00272000,272.0,normalDay
2019-02-07,279.0,216.0,0.0,100,270.14,268.5,0,0.0,0.0,,0.0,1,13.59,13.07,SPY190930C00272000,272.0,normalDay
2019-02-08,279.0,252.0,0.0,100,270.47,268.5,0,0.0,0.0,,0.0,1,13.59,13.04,SPY190930C00272000,272.0,normalDay
2019-02-11,279.0,270.0,0.0,100,270.62,268.5,0,0.0,0.0,,0.0,1,13.59,13.01,SPY190930C00272000,272.0,normalDay
2019-02-12,279.0,409.0,0.0,100,274.1,268.5,0,0.0,0.0,,0.0,1,13.59,15.1,SPY190930C00272000,272.0,normalDay
2019-02-13,279.0,452.0,0.0,100,274.99,268.5,0,0.0,0.0,,0.0,1,13.59,15.56,SPY190930C00272000,272.0,normalDay
2019-02-14,279.0,415.0,0.0,100,274.38,268.5,0,0.0,0.0,,0.0,1,13.59,15.32,SPY190930C00272000,272.0,normalDay
2019-02-15,279.0,540.0,0.0,100,277.37,268.5,0,0.0,0.0,,0.0,1,13.59,17.06,SPY190930C00272000,272.0,normalDay
2019-02-19,279.0,603.0,0.0,100,277.85,268.5,0,0.0,0.0,,0.0,1,13.59,16.91,SPY190930C00272000,272.0,normalDay
2019-02-20,279.0,631.0,0.0,100,278.41,268.5,0,0.0,0.0,,0.0,1,13.59,17.19,SPY190930C00272000,272.0,normalDay
2019-02-21,279.0,595.0,0.0,100,277.42,268.5,0,0.0,0.0,,0.0,1,13.59,16.56,SPY190930C00272000,272.0,normalDay
2019-02-22,279.0,679.0,0.0,100,279.14,268.5,0,0.0,0.0,,0.0,1,13.59,17.44,SPY190930C00272000,272.0,normalDay
2019-02-25,279.0,676.0,0.0,100,279.52,268.5,0,0.0,0.0,,0.0,1,13.59,17.85,SPY190930C00272000,272.0,normalDay
2019-02-26,279.0,673.0,0.0,100,279.32,268.5,0,0.0,0.0,,0.0,1,13.59,17.68,SPY190930C00272000,272.0,normalDay
2019-02-27,279.0,665.0,0.0,100,279.2,268.5,0,0.0,0.0,,0.0,1,13.59,17.64,SPY190930C00272000,272.0,normalDay
2019-02-28,279.0,660.0,0.0,100,278.68,268.5,0,0.0,0.0,,0.0,1,13.59,17.17,SPY190930C00272000,272.0,normalDay
2019-03-01,279.0,737.0,0.0,100,280.42,268.5,0,0.0,0.0,,0.0,1,13.59,18.14,SPY190930C00272000,272.0,normalDay
2019-03-04,279.0,709.0,0.0,100,279.4,268.5,0,0.0,0.0,,0.0,1,13.59,17.4,SPY190930C00272000,272.0,normalDay
2019-03-05,279.0,695.0,0.0,100,279.02,268.5,0,0.0,0.0,,0.0,1,13.59,17.16,SPY190930C00272000,272.0,normalDay
2019-03-06,279.0,621.0,0.0,100,277.33,268.5,0,0.0,0.0,,0.0,1,13.59,16.21,SPY190930C00272000,272.0,normalDay
2019-03-07,279.0,507.0,0.0,100,275.01,268.5,0,0.0,0.0,,0.0,1,13.59,15.03,SPY190930C00272000,272.0,normalDay
2019-03-08,279.0,492.0,0.0,100,274.46,268.5,0,0.0,0.0,,0.0,1,13.59,14.63,SPY190930C00272000,272.0,normalDay
2019-03-11,279.0,695.0,0.0,100,278.44,268.5,0,0.0,0.0,,0.0,1,13.59,16.58,SPY190930C00272000,272.0,normalDay
2019-03-12,279.0,761.0,0.0,100,279.49,268.5,0,0.0,0.0,,0.0,1,13.59,16.97,SPY190930C00272000,272.0,normalDay
2019-03-13,279.0,810.0,0.0,100,281.34,268.5,0,0.0,0.0,,0.0,1,13.59,18.33,SPY190930C00272000,272.0,normalDay
2019-03-14,279.0,828.0,0.0,100,281.16,268.5,0,0.0,0.0,,0.0,1,13.59,17.97,SPY190930C00272000,272.0,normalDay
2019-03-15,279.0,755.0,0.0,100,281.31,268.5,0,0.0,0.0,,0.0,1,13.59,18.85,SPY190930C00272000,272.0,normalDay
2019-03-18,279.0,765.0,0.0,100,282.33,268.5,0,0.0,0.0,,0.0,1,13.59,19.77,SPY190930C00272000,272.0,normalDay
2019-03-19,279.0,784.0,0.0,100,282.4,268.5,0,0.0,0.0,,0.0,1,13.59,19.65,SPY190930C00272000,272.0,normalDay
2019-03-20,279.0,759.0,0.0,100,281.55,268.5,0,0.0,0.0,,0.0,1,13.59,19.05,SPY190930C00272000,272.0,normalDay
2019-03-21,279.0,845.0,0.0,100,284.73,268.5,0,0.0,0.0,,0.0,1,13.59,21.37,SPY190930C00272000,272.0,normalDay
2019-03-22,279.0,579.0,0.0,100,279.25,268.5,0,0.0,0.0,,0.0,1,13.59,18.55,SPY190930C00272000,272.0,normalDay
2019-03-25,279.0,617.0,0.0,100,279.04,268.5,0,0.0,0.0,,0.0,1,13.59,17.96,SPY190930C00272000,272.0,normalDay
2019-03-26,279.0,734.0,0.0,100,281.12,268.5,0,0.0,0.0,,0.0,1,13.59,18.87,SPY190930C00272000,272.0,normalDay
2019-03-27,279.0,660.0,0.0,100,279.65,268.5,0,0.0,0.0,,0.0,1,13.59,18.14,SPY190930C00272000,272.0,normalDay
2019-03-28,279.0,711.0,0.0,100,280.71,268.5,0,0.0,0.0,,0.0,1,13.59,18.69,SPY190930C00272000,272.0,normalDay
2019-03-29,279.0,766.0,0.0,100,282.48,268.5,0,0.0,0.0,,0.0,1,13.59,19.91,SPY190930C00272000,272.0,normalDay
2019-04-01,279.0,907.0,0.0,100,285.83,268.5,0,0.0,0.0,,0.0,1,13.59,21.85,SPY190930C00272000,272.0,normalDay
2019-04-02,279.0,926.0,0.0,100,285.97,268.5,0,0.0,0.0,,0.0,1,13.59,21.8,SPY190930C00272000,272.0,normalDay
2019-04-03,279.0,906.0,0.0,100,286.42,268.5,0,0.0,0.0,,0.0,1,13.59,22.45,SPY190930C00272000,272.0,normalDay
2019-04-04,279.0,941.0,0.0,100,287.18,268.5,0,0.0,0.0,,0.0,1,13.59,22.86,SPY190930C00272000,272.0,normalDay
2019-04-05,279.0,989.0,0.0,100,288.57,268.5,0,0.0,0.0,,0.0,1,13.59,23.77,SPY190930C00272000,272.0,normalDay
2019-04-08,279.0,1001.0,0.0,100,288.79,268.5,0,0.0,0.0,,0.0,1,13.59,23.87,SPY190930C00272000,272.0,normalDay
2019-04-09,279.0,967.0,0.0,100,287.31,268.5,0,0.0,0.0,,0.0,1,13.59,22.73,SPY190930C00272000,272.0,normalDay
2019-04-10,279.0,986.0,0.0,100,288.29,268.5,0,0.0,0.0,,0.0,1,13.59,23.52,SPY190930C00272000,272.0,normalDay
2019-04-11,279.0,1008.0,0.0,100,288.21,268.5,0,0.0,0.0,,0.0,1,13.59,23.22,SPY190930C00272000,272.0,normalDay
2019-04-12,279.0,1059.0,0.0,100,290.16,268.5,0,0.0,0.0,,0.0,1,13.59,24.66,SPY190930C00272000,272.0,normalDay
2019-04-15,279.0,1063.0,0.0,100,289.97,268.5,0,0.0,0.0,,0.0,1,13.59,24.43,SPY190930C00272000,272.0,normalDay
2019-04-16,279.0,1084.0,0.0,100,290.16,268.5,0,0.0,0.0,,0.0,1,13.59,24.41,SPY190930C00272000,272.0,normalDay
2019-04-17,279.0,1079.0,0.0,100,289.45,268.5,0,0.0,0.0,,0.0,1,13.59,23.75,SPY190930C00272000,272.0,normalDay
2019-04-18,279.0,1073.0,0.0,100,290.02,268.5,0,0.0,0.0,,0.0,1,13.59,24.38,SPY190930C00272000,272.0,normalDay
2019-04-22,279.0,1077.0,0.0,100,290.27,268.5,0,0.0,0.0,,0.0,1,13.59,24.59,SPY190930C00272000,272.0,normalDay
2019-04-23,279.0,1138.0,0.0,100,292.88,268.5,0,0.0,0.0,,0.0,1,13.59,26.59,SPY190930C00272000,272.0,normalDay
2019-04-24,279.0,1113.0,0.0,100,292.23,268.5,0,0.0,0.0,,0.0,1,13.59,26.19,SPY190930C00272000,272.0,normalDay
2019-04-25,279.0,1128.0,0.0,100,292.05,268.5,0,0.0,0.0,,0.0,1,13.59,25.86,SPY190930C00272000,272.0,normalDay
2019-04-26,279.0,1158.0,0.0,100,293.41,268.5,0,0.0,0.0,,0.0,1,13.59,26.92,SPY190930C00272000,272.0,normalDay
2019-04-29,279.0,1175.0,0.0,100,293.87,268.5,0,0.0,0.0,,0.0,1,13.59,27.21,SPY190930C00272000,272.0,normalDay
2019-04-30,279.0,1156.0,0.0,100,294.02,268.5,0,0.0,0.0,,0.0,1,13.59,27.55,SPY190930C00272000,272.0,normalDay
2019-05-01,279.0,1118.0,0.0,100,291.81,268.5,0,0.0,0.0,,0.0,1,13.59,25.72,SPY190930C00272000,272.0,normalDay
2019-05-02,279.0,1120.0,0.0,100,291.18,268.5,0,0.0,0.0,,0.0,1,13.59,25.07,SPY190930C00272000,272.0,normalDay
2019-05-03,279.0,1186.0,0.0,100,294.03,268.5,0,0.0,0.0,,0.0,1,13.59,27.26,SPY190930C00272000,272.0,normalDay
2019-05-06,279.0,1146.0,0.0,100,292.82,268.5,0,0.0,0.0,,0.0,1,13.59,26.45,SPY190930C00272000,272.0,normalDay
2019-05-07,279.0,925.0,0.0,100,287.93,268.5,0,0.0,0.0,,0.0,1,13.59,23.77,SPY190930C00272000,272.0,normalDay
2019-05-08,279.0,937.0,0.0,100,287.53,268.5,0,0.0,0.0,,0.0,1,13.59,23.25,SPY190930C00272000,272.0,normalDay
2019-05-09,279.0,947.0,0.0,100,286.66,268.5,0,0.0,0.0,,0.0,1,13.59,22.28,SPY190930C00272000,272.0,normalDay
2019-05-10,279.0,1074.0,0.0,100,288.1,268.5,0,0.0,0.0,,0.0,1,13.59,22.45,SPY190930C00272000,272.0,normalDay
2019-05-13,279.0,830.0,0.0,100,280.86,268.5,0,0.0,0.0,,0.0,1,13.59,17.65,SPY190930C00272000,272.0,normalDay
2019-05-14,279.0,940.0,0.0,100,283.4,268.5,0,0.0,0.0,,0.0,1,13.59,19.09,SPY190930C00272000,272.0,normalDay
2019-05-15,279.0,1000.0,0.0,100,285.06,268.5,0,0.0,0.0,,0.0,1,13.59,20.15,SPY190930C00272000,272.0,normalDay
2019-05-16,279.0,1109.0,0.0,100,287.7,268.5,0,0.0,0.0,,0.0,1,13.59,21.7,SPY190930C00272000,272.0,normalDay
2019-05-17,279.0,1046.0,0.0,100,285.84,268.5,0,0.0,0.0,,0.0,1,13.59,20.47,SPY190930C00272000,272.0,normalDay
2019-05-20,279.0,997.0,0.0,100,283.95,268.5,0,0.0,0.0,,0.0,1,13.59,19.07,SPY190930C00272000,272.0,normalDay
2019-05-21,279.0,1110.0,0.0,100,286.51,268.5,0,0.0,0.0,,0.0,1,13.59,20.5,SPY190930C00272000,272.0,normalDay
2019-05-22,279.0,1105.0,0.0,100,285.63,268.5,0,0.0,0.0,,0.0,1,13.59,19.67,SPY190930C00272000,272.0,normalDay
2019-05-23,279.0,990.0,0.0,100,282.14,268.5,0,0.0,0.0,,0.0,1,13.59,17.33,SPY190930C00272000,272.0,normalDay
2019-05-24,279.0,1004.0,0.0,100,282.78,268.5,0,0.0,0.0,,0.0,1,13.59,17.83,SPY190930C00272000,272.0,normalDay
2019-05-28,279.0,909.0,0.0,100,280.15,268.5,0,0.0,0.0,,0.0,1,13.59,16.15,SPY190930C00272000,272.0,normalDay
2019-05-29,279.0,870.0,0.0,100,278.27,268.5,0,0.0,0.0,,0.0,1,13.59,14.66,SPY190930C00272000,272.0,normalDay
2019-05-30,279.0,910.0,0.0,100,279.03,268.5,0,0.0,0.0,,0.0,1,13.59,15.02,SPY190930C00272000,272.0,normalDay
2019-05-31,279.0,760.0,0.0,100,275.27,268.5,0,0.0,0.0,,0.0,1,13.59,12.76,SPY190930C00272000,272.0,normalDay
2019-06-03,279.0,738.0,0.0,100,274.57,268.5,0,0.0,0.0,,0.0,1,13.59,12.28,SPY190930C00272000,272.0,normalDay
2019-06-04,279.0,1000.0,0.0,100,280.53,268.5,0,0.0,0.0,,0.0,1,13.59,15.62,SPY190930C00272000,272.0,normalDay
2019-06-05,279.0,1087.0,0.0,100,282.96,268.5,0,0.0,0.0,,0.0,1,13.59,17.18,SPY190930C00272000,272.0,normalDay
2019-06-06,279.0,1149.0,0.0,100,284.8,268.5,0,0.0,0.0,,0.0,1,13.59,18.4,SPY190930C00272000,272.0,normalDay
2019-06-07,279.0,1206.0,0.0,100,287.65,268.5,0,0.0,0.0,,0.0,1,13.59,20.68,SPY190930C00272000,272.0,normalDay
2019-06-10,279.0,1243.0,0.0,100,288.97,268.5,0,0.0,0.0,,0.0,1,13.59,21.63,SPY190930C00272000,272.0,normalDay
2019-06-11,279.0,1247.0,0.0,100,288.9,268.5,0,0.0,0.0,,0.0,1,13.59,21.52,SPY190930C00272000,272.0,normalDay
2019-06-12,279.0,1239.0,0.0,100,288.39,268.5,0,0.0,0.0,,0.0,1,13.59,21.09,SPY190930C00272000,272.0,normalDay
2019-06-13,279.0,1262.0,0.0,100,289.58,268.5,0,0.0,0.0,,0.0,1,13.59,22.05,SPY190930C00272000,272.0,normalDay
2019-06-14,279.0,1257.0,0.0,100,289.26,268.5,0,0.0,0.0,,0.0,1,13.59,21.78,SPY190930C00272000,272.0,normalDay
2019-06-17,279.0,1276.0,0.0,100,289.37,268.5,0,0.0,0.0,,0.0,1,13.59,21.7,SPY190930C00272000,272.0,normalDay
2019-06-18,279.0,1337.0,0.0,100,292.4,268.5,0,0.0,0.0,,0.0,1,13.59,24.12,SPY190930C00272000,272.0,normalDay
2019-06-19,279.0,1357.0,0.0,100,293.06,268.5,0,0.0,0.0,,0.0,1,13.59,24.58,SPY190930C00272000,272.0,normalDay
2019-06-20,279.0,1414.0,0.0,100,295.86,268.5,0,0.0,0.0,,0.0,1,13.59,26.81,SPY190930C00272000,272.0,normalDay
2019-06-21,279.0,1242.0,0.0,100,294.0,268.5,0,0.0,0.0,,0.0,1,13.59,26.67,SPY190930C00272000,272.0,normalDay
2019-06-24,279.0,1256.0,0.0,100,293.64,268.5,0,0.0,0.0,,0.0,1,13.59,26.17,SPY190930C00272000,272.0,normalDay
2019-06-25,279.0,1204.0,0.0,100,290.76,268.5,0,0.0,0.0,,0.0,1,13.59,23.81,SPY190930C00272000,272.0,normalDay
2019-06-26,279.0,1221.0,0.0,100,290.47,268.5,0,0.0,0.0,,0.0,1,13.59,23.35,SPY190930C00272000,272.0,normalDay
2019-06-27,279.0,1215.0,0.0,100,291.5,268.5,0,0.0,0.0,,0.0,1,13.59,24.44,SPY190930C00272000,272.0,normalDay
2019-06-28,279.0,1219.0,0.0,100,293.0,268.5,0,0.0,0.0,,0.0,1,13.59,25.9,SPY190930C00272000,272.0,normalDay
2019-07-01,279.0,1347.0,0.0,100,295.66,268.5,0,0.0,0.0,,0.0,1,13.59,27.28,SPY190930C00272000,272.0,normalDay
2019-07-02,279.0,1371.0,0.0,100,296.43,268.5,0,0.0,0.0,,0.0,1,13.59,27.81,SPY190930C00272000,272.0,normalDay
2019-07-03,279.0,1399.0,0.0,100,298.8,268.5,0,0.0,0.0,,0.0,1,13.59,29.9,SPY190930C00272000,272.0,normalDay
2019-07-05,279.0,1440.0,0.0,100,298.46,268.5,0,0.0,0.0,,0.0,1,13.59,29.15,SPY190930C00272000,272.0,normalDay
2019-07-08,279.0,1382.0,0.0,100,296.82,268.5,0,0.0,0.0,,0.0,1,13.59,28.09,SPY190930C00272000,272.0,normalDay
2019-07-09,279.0,1403.0,0.0,100,297.19,268.5,0,0.0,0.0,,0.0,1,13.59,28.25,SPY190930C00272000,272.0,normalDay
2019-07-10,279.0,1419.0,0.0,100,298.61,268.5,0,0.0,0.0,,0.0,1,13.59,29.51,SPY190930C00272000,272.0,normalDay
2019-07-11,279.0,1431.0,0.0,100,299.31,268.5,0,0.0,0.0,,0.0,1,13.59,30.09,SPY190930C00272000,272.0,normalDay
2019-07-12,279.0,1463.0,0.0,100,300.65,268.5,0,0.0,0.0,,0.0,1,13.59,31.11,SPY190930C00272000,272.0,normalDay
2019-07-15,279.0,1465.0,0.0,100,300.75,268.5,0,0.0,0.0,,0.0,1,13.59,31.19,SPY190930C00272000,272.0,normalDay
2019-07-16,279.0,1448.0,0.0,100,299.78,268.5,0,0.0,0.0,,0.0,1,13.59,30.39,SPY190930C00272000,272.0,normalDay
2019-07-17,279.0,1429.0,0.0,100,297.74,268.5,0,0.0,0.0,,0.0,1,13.59,28.54,SPY190930C00272000,272.0,normalDay
2019-07-18,279.0,1451.0,0.0,100,298.83,268.5,0,0.0,0.0,,0.0,1,13.59,29.41,SPY190930C00272000,272.0,normalDay
2019-07-19,279.0,1444.0,0.0,100,297.17,268.5,0,0.0,0.0,,0.0,1,13.59,27.82,SPY190930C00272000,272.0,normalDay
2019-07-22,279.0,1477.0,0.0,100,297.9,268.5,0,0.0,0.0,,0.0,1,13.59,28.22,SPY190930C00272000,272.0,normalDay
2019-07-23,279.0,1512.0,0.0,100,300.03,268.5,0,0.0,0.0,,0.0,1,13.59,30.0,SPY190930C00272000,272.0,normalDay
2019-07-24,279.0,1529.0,0.0,100,301.44,268.5,0,0.0,0.0,,0.0,1,13.59,31.24,SPY190930C00272000,272.0,normalDay
2019-07-25,279.0,1504.0,0.0,100,300.0,268.5,0,0.0,0.0,,0.0,1,13.59,30.05,SPY190930C00272000,272.0,normalDay
2019-07-26,279.0,1533.0,0.0,100,302.01,268.5,0,0.0,0.0,,0.0,1,13.59,31.77,SPY190930C00272000,272.0,normalDay
2019-07-29,279.0,1509.0,0.0,100,301.46,268.5,0,0.0,0.0,,0.0,1,13.59,31.46,SPY190930C00272000,272.0,normalDay
2019-07-30,279.0,1521.0,0.0,100,300.72,268.5,0,0.0,0.0,,0.0,1,13.59,30.6,SPY190930C00272000,272.0,normalDay
2019-07-31,279.0,1486.0,0.0,100,297.43,268.5,0,0.0,0.0,,0.0,1,13.59,27.66,SPY190930C00272000,272.0,normalDay
2019-08-01,279.0,1403.0,0.0,100,294.84,268.5,0,0.0,0.0,,0.0,1,13.59,25.9,SPY190930C00272000,272.0,normalDay
2019-08-02,279.0,1390.0,0.0,100,292.62,268.5,0,0.0,0.0,,0.0,1,13.59,23.81,SPY190930C00272000,272.0,normalDay
2019-08-05,279.0,1175.0,0.0,100,283.82,268.5,0,0.0,0.0,,0.0,1,13.59,17.16,SPY190930C00272000,272.0,normalDay
2019-08-06,279.0,1316.0,0.0,100,287.8,268.5,0,0.0,0.0,,0.0,1,13.59,19.73,SPY190930C00272000,272.0,normalDay
2019-08-07,279.0,1333.0,0.0,100,287.97,268.5,0,0.0,0.0,,0.0,1,13.59,19.73,SPY190930C00272000,272.0,normalDay
2019-08-08,279.0,1457.0,0.0,100,293.62,268.5,0,0.0,0.0,,0.0,1,13.59,24.14,SPY190930C00272000,272.0,normalDay
2019-08-09,279.0,1406.0,0.0,100,291.62,268.5,0,0.0,0.0,,0.0,1,13.59,22.65,SPY190930C00272000,272.0,normalDay
2019-08-12,279.0,1348.0,0.0,100,288.07,268.5,0,0.0,0.0,,0.0,1,13.59,19.68,SPY190930C00272000,272.0,normalDay
2019-08-13,279.0,1456.0,0.0,100,292.55,268.5,0,0.0,0.0,,0.0,1,13.59,23.08,SPY190930C00272000,272.0,normalDay
2019-08-14,279.0,1234.0,0.0,100,283.9,268.5,0,0.0,0.0,,0.0,1,13.59,16.65,SPY190930C00272000,272.0,normalDay
2019-08-15,279.0,1278.0,0.0,100,284.65,268.5,0,0.0,0.0,,0.0,1,13.59,16.96,SPY190930C00272000,272.0,normalDay
2019-08-16,279.0,1435.0,0.0,100,288.85,268.5,0,0.0,0.0,,0.0,1,13.59,19.59,SPY190930C00272000,272.0,normalDay
2019-08-19,279.0,1537.0,0.0,100,292.33,268.5,0,0.0,0.0,,0.0,1,13.59,22.05,SPY190930C00272000,272.0,normalDay
2019-08-20,279.0,1518.0,0.0,100,290.09,268.5,0,0.0,0.0,,0.0,1,13.59,20.0,SPY190930C00272000,272.0,normalDay
2019-08-21,279.0,1533.0,0.0,100,292.45,268.5,0,0.0,0.0,,0.0,1,13.59,22.21,SPY190930C00272000,272.0,normalDay
2019-08-22,279.0,1554.0,0.0,100,292.36,268.5,0,0.0,0.0,,0.0,1,13.59,21.91,SPY190930C00272000,272.0,normalDay
2019-08-23,279.0,1331.0,0.0,100,284.85,268.5,0,0.0,0.0,,0.0,1,13.59,16.63,SPY190930C00272000,272.0,normalDay
2019-08-26,279.0,1460.0,0.0,100,288.0,268.5,0,0.0,0.0,,0.0,1,13.59,18.49,SPY190930C00272000,272.0,normalDay
2019-08-27,279.0,1456.0,0.0,100,286.87,268.5,0,0.0,0.0,,0.0,1,13.59,17.4,SPY190930C00272000,272.0,normalDay
2019-08-28,279.0,1499.0,0.0,100,288.89,268.5,0,0.0,0.0,,0.0,1,13.59,18.99,SPY190930C00272000,272.0,normalDay
2019-08-29,279.0,1571.0,0.0,100,292.58,268.5,0,0.0,0.0,,0.0,1,13.59,21.96,SPY190930C00272000,272.0,normalDay
2019-08-30,279.0,1561.0,0.0,100,292.45,268.5,0,0.0,0.0,,0.0,1,13.59,21.93,SPY190930C00272000,272.0,normalDay
2019-09-03,279.0,1573.0,0.0,100,290.74,268.5,0,0.0,0.0,,0.0,1,13.59,20.1,SPY190930C00272000,272.0,normalDay
2019-09-04,279.0,1631.0,0.0,100,294.04,268.5,0,0.0,0.0,,0.0,1,13.59,22.82,SPY190930C00272000,272.0,normalDay
2019-09-05,279.0,1690.0,0.0,100,297.82,268.5,0,0.0,0.0,,0.0,1,13.59,26.01,SPY190930C00272000,272.0,normalDay
2019-09-06,279.0,1651.0,0.0,100,298.05,268.5,0,0.0,0.0,,0.0,1,13.59,26.63,SPY190930C00272000,272.0,normalDay
2019-09-09,279.0,1685.0,0.0,100,298.2,268.5,0,0.0,0.0,,0.0,1,13.59,26.44,SPY190930C00272000,272.0,normalDay
2019-09-10,279.0,1686.0,0.0,100,298.13,268.5,0,0.0,0.0,,0.0,1,13.59,26.36,SPY190930C00272000,272.0,normalDay
2019-09-11,279.0,1675.0,0.0,100,300.25,268.5,0,0.0,0.0,,0.0,1,13.59,28.59,SPY190930C00272000,272.0,normalDay
2019-09-12,279.0,1659.0,0.0,100,301.29,268.5,0,0.0,0.0,,0.0,1,13.59,29.79,SPY190930C00272000,272.0,normalDay
2019-09-13,279.0,1679.0,0.0,100,301.09,268.5,0,0.0,0.0,,0.0,1,13.59,29.39,SPY190930C00272000,272.0,normalDay
2019-09-16,279.0,1664.0,0.0,100,300.16,268.5,0,0.0,0.0,,0.0,1,13.59,28.61,SPY190930C00272000,272.0,normalDay
2019-09-17,279.0,1691.0,0.0,100,300.92,268.5,0,0.0,0.0,,0.0,1,13.59,29.1,SPY190930C00272000,272.0,normalDay
2019-09-18,279.0,1666.0,0.0,100,301.1,268.5,0,0.0,0.0,,0.0,1,13.59,29.53,SPY190930C00272000,272.0,normalDay
2019-09-19,279.0,1686.0,0.0,100,301.08,268.5,0,0.0,0.0,,0.0,1,13.59,29.31,SPY190930C00272000,272.0,normalDay
2019-09-20,279.0,1683.0,0.0,100,298.28,268.5,0,0.0,0.0,,0.0,1,13.59,26.54,SPY190930C00272000,272.0,normalDay
2019-09-23,279.0,1666.0,0.0,100,298.21,268.5,0,0.0,0.0,,0.0,1,13.59,26.64,SPY190930C00272000,272.0,normalDay
2019-09-24,279.0,1656.0,0.0,100,295.87,268.5,0,0.0,0.0,,0.0,1,13.59,24.4,SPY190930C00272000,272.0,normalDay
2019-09-25,279.0,1706.0,0.0,100,297.62,268.5,0,0.0,0.0,,0.0,1,13.59,25.65,SPY190930C00272000,272.0,normalDay
2019-09-26,279.0,1687.0,0.0,100,297.0,268.5,0,0.0,0.0,,0.0,1,13.59,25.22,SPY190930C00272000,272.0,normalDay
2019-09-27,279.0,1688.0,0.0,100,295.4,268.5,0,0.0,0.0,,0.0,1,13.59,23.61,SPY190930C00272000,272.0,normalDay
2019-09-30,1988.0,1688.0,1709.0,0,296.77,0.0,0,0.0,0.0,,0.0,1,13.59,0.0,SPY190930C00272000,272.0,expirationDay
2019-10-01,1988.0,-6.0,0.0,0,293.24,0.0,1,3.56,3.62,SPY191007P00296000,296.0,0,0.0,0.0,,0.0,normalDay
2019-10-02,1988.0,-507.0,0.0,0,288.06,0.0,1,3.56,8.63,SPY191007P00296000,296.0,0,0.0,0.0,,0.0,normalDay
2019-10-03,1988.0,-216.0,0.0,0,290.42,0.0,1,3.56,5.72,SPY191007P00296000,296.0,0,0.0,0.0,,0.0,normalDay
2019-10-04,1988.0,160.0,0.0,0,294.35,0.0,1,3.56,1.96,SPY191007P00296000,296.0,0,0.0,0.0,,0.0,normalDay
2019-10-07,2344.0,-292.0,356.0,100,293.08,296.0,1,3.56,0.0,SPY191007P00296000,296.0,0,0.0,0.0,,0.0,expirationDay
2019-10-08,2344.0,-776.0,0.0,100,288.53,296.0,0,0.0,0.0,,0.0,1,15.56,15.85,SPY200930C00297000,297.0,normalDay
2019-10-09,2344.0,-609.0,0.0,100,291.27,296.0,0,0.0,0.0,,0.0,1,15.56,16.92,SPY200930C00297000,297.0,normalDay
2019-10-10,2344.0,-522.0,0.0,100,293.24,296.0,0,0.0,0.0,,0.0,1,15.56,18.02,SPY200930C00297000,297.0,normalDay
2019-10-11,2344.0,-388.0,0.0,100,296.28,296.0,0,0.0,0.0,,0.0,1,15.56,19.72,SPY200930C00297000,297.0,normalDay
2019-10-14,2344.0,-321.0,0.0,100,295.95,296.0,0,0.0,0.0,,0.0,1,15.56,18.72,SPY200930C00297000,297.0,normalDay
2019-10-15,2344.0,-185.0,0.0,100,298.88,296.0,0,0.0,0.0,,0.0,1,15.56,20.29,SPY200930C00297000,297.0,normalDay
2019-10-16,2344.0,-190.0,0.0,100,298.4,296.0,0,0.0,0.0,,0.0,1,15.56,19.86,SPY200930C00297000,297.0,normalDay
2019-10-17,2344.0,-144.0,0.0,100,299.28,296.0,0,0.0,0.0,,0.0,1,15.56,20.28,SPY200930C00297000,297.0,normalDay
2019-10-18,2344.0,-228.0,0.0,100,297.97,296.0,0,0.0,0.0,,0.0,1,15.56,19.81,SPY200930C00297000,297.0,normalDay
2019-10-21,2344.0,-121.0,0.0,100,299.99,296.0,0,0.0,0.0,,0.0,1,15.56,20.76,SPY200930C00297000,297.0,normalDay
2019-10-22,2344.0,-150.0,0.0,100,299.01,296.0,0,0.0,0.0,,0.0,1,15.56,20.07,SPY200930C00297000,297.0,normalDay
2019-10-23,2344.0,-131.0,0.0,100,299.88,296.0,0,0.0,0.0,,0.0,1,15.56,20.75,SPY200930C00297000,297.0,normalDay
2019-10-24,2344.0,-81.0,0.0,100,300.37,296.0,0,0.0,0.0,,0.0,1,15.56,20.74,SPY200930C00297000,297.0,normalDay
2019-10-25,2344.0,-27.0,0.0,100,301.6,296.0,0,0.0,0.0,,0.0,1,15.56,21.43,SPY200930C00297000,297.0,normalDay
2019-10-28,2344.0,34.0,0.0,100,303.3,296.0,0,0.0,0.0,,0.0,1,15.56,22.52,SPY200930C00297000,297.0,normalDay
2019-10-29,2344.0,24.0,0.0,100,303.21,296.0,0,0.0,0.0,,0.0,1,15.56,22.53,SPY200930C00297000,297.0,normalDay
2019-10-30,2344.0,55.0,0.0,100,304.14,296.0,0,0.0,0.0,,0.0,1,15.56,23.15,SPY200930C00297000,297.0,normalDay
2019-10-31,2344.0,43.0,0.0,100,303.33,296.0,0,0.0,0.0,,0.0,1,15.56,22.46,SPY200930C00297000,297.0,normalDay
2019-11-01,2344.0,146.0,0.0,100,306.14,296.0,0,0.0,0.0,,0.0,1,15.56,24.24,SPY200930C00297000,297.0,normalDay
2019-11-04,2344.0,184.0,0.0,100,307.37,296.0,0,0.0,0.0,,0.0,1,15.56,25.09,SPY200930C00297000,297.0,normalDay
2019-11-05,2344.0,153.0,0.0,100,307.03,296.0,0,0.0,0.0,,0.0,1,15.56,25.06,SPY200930C00297000,297.0,normalDay
2019-11-06,2344.0,137.0,0.0,100,307.1,296.0,0,0.0,0.0,,0.0,1,15.56,25.29,SPY200930C00297000,297.0,normalDay
2019-11-07,2344.0,177.0,0.0,100,308.18,296.0,0,0.0,0.0,,0.0,1,15.56,25.97,SPY200930C00297000,297.0,normalDay
2019-11-08,2344.0,202.0,0.0,100,308.94,296.0,0,0.0,0.0,,0.0,1,15.56,26.48,SPY200930C00297000,297.0,normalDay
2019-11-11,2344.0,182.0,0.0,100,308.35,296.0,0,0.0,0.0,,0.0,1,15.56,26.09,SPY200930C00297000,297.0,normalDay
2019-11-12,2344.0,235.0,0.0,100,309.0,296.0,0,0.0,0.0,,0.0,1,15.56,26.21,SPY200930C00297000,297.0,normalDay
2019-11-13,2344.0,225.0,0.0,100,309.1,296.0,0,0.0,0.0,,0.0,1,15.56,26.41,SPY200930C00297000,297.0,normalDay
2019-11-14,2344.0,248.0,0.0,100,309.55,296.0,0,0.0,0.0,,0.0,1,15.56,26.63,SPY200930C00297000,297.0,normalDay
2019-11-15,2344.0,336.0,0.0,100,311.79,296.0,0,0.0,0.0,,0.0,1,15.56,27.99,SPY200930C00297000,297.0,normalDay
2019-11-18,2344.0,349.0,0.0,100,312.02,296.0,0,0.0,0.0,,0.0,1,15.56,28.09,SPY200930C00297000,297.0,normalDay
2019-11-19,2344.0,354.0,0.0,100,311.93,296.0,0,0.0,0.0,,0.0,1,15.56,27.95,SPY200930C00297000,297.0,normalDay
2019-11-20,2344.0,306.0,0.0,100,310.77,296.0,0,0.0,0.0,,0.0,1,15.56,27.27,SPY200930C00297000,297.0,normalDay
2019-11-21,2344.0,264.0,0.0,100,310.27,296.0,0,0.0,0.0,,0.0,1,15.56,27.19,SPY200930C00297000,297.0,normalDay
2019-11-22,2344.0,294.0,0.0,100,310.96,296.0,0,0.0,0.0,,0.0,1,15.56,27.58,SPY200930C00297000,297.0,normalDay
2019-11-25,2344.0,418.0,0.0,100,313.37,296.0,0,0.0,0.0,,0.0,1,15.56,28.75,SPY200930C00297000,297.0,normalDay
2019-11-26,2344.0,430.0,0.0,100,314.08,296.0,0,0.0,0.0,,0.0,1,15.56,29.34,SPY200930C00297000,297.0,normalDay
2019-11-27,2344.0,469.0,0.0,100,315.48,296.0,0,0.0,0.0,,0.0,1,15.56,30.35,SPY200930C00297000,297.0,normalDay
2019-11-29,2344.0,414.0,0.0,100,314.31,296.0,0,0.0,0.0,,0.0,1,15.56,29.73,SPY200930C00297000,297.0,normalDay
2019-12-02,2344.0,330.0,0.0,100,311.64,296.0,0,0.0,0.0,,0.0,1,15.56,27.9,SPY200930C00297000,297.0,normalDay
2019-12-03,2344.0,259.0,0.0,100,309.55,296.0,0,0.0,0.0,,0.0,1,15.56,26.52,SPY200930C00297000,297.0,normalDay
2019-12-04,2344.0,354.0,0.0,100,311.46,296.0,0,0.0,0.0,,0.0,1,15.56,27.48,SPY200930C00297000,297.0,normalDay
2019-12-05,2344.0,361.0,0.0,100,312.02,296.0,0,0.0,0.0,,0.0,1,15.56,27.97,SPY200930C00297000,297.0,normalDay
2019-12-06,2344.0,463.0,0.0,100,314.87,296.0,0,0.0,0.0,,0.0,1,15.56,29.8,SPY200930C00297000,297.0,normalDay
2019-12-09,2344.0,421.0,0.0,100,313.88,296.0,0,0.0,0.0,,0.0,1,15.56,29.23,SPY200930C00297000,297.0,normalDay
2019-12-10,2344.0,382.0,0.0,100,313.53,296.0,0,0.0,0.0,,0.0,1,15.56,29.27,SPY200930C00297000,297.0,normalDay
2019-12-11,2344.0,428.0,0.0,100,314.42,296.0,0,0.0,0.0,,0.0,1,15.56,29.7,SPY200930C00297000,297.0,normalDay
2019-12-12,2344.0,545.0,0.0,100,317.13,296.0,0,0.0,0.0,,0.0,1,15.56,31.24,SPY200930C00297000,297.0,normalDay
2019-12-13,2344.0,584.0,0.0,100,317.32,296.0,0,0.0,0.0,,0.0,1,15.56,31.04,SPY200930C00297000,297.0,normalDay
2019-12-16,2344.0,638.0,0.0,100,319.5,296.0,0,0.0,0.0,,0.0,1,15.56,32.68,SPY200930C00297000,297.0,normalDay
2019-12-17,2344.0,653.0,0.0,100,319.57,296.0,0,0.0,0.0,,0.0,1,15.56,32.6,SPY200930C00297000,297.0,normalDay
2019-12-18,2344.0,639.0,0.0,100,319.59,296.0,0,0.0,0.0,,0.0,1,15.56,32.76,SPY200930C00297000,297.0,normalDay
2019-12-19,2344.0,662.0,0.0,100,320.9,296.0,0,0.0,0.0,,0.0,1,15.56,33.84,SPY200930C00297000,297.0,normalDay
2019-12-20,2344.0,532.0,0.0,100,320.73,296.0,0,0.0,0.0,,0.0,1,15.56,34.97,SPY200930C00297000,297.0,normalDay
2019-12-23,2344.0,582.0,0.0,100,321.22,296.0,0,0.0,0.0,,0.0,1,15.56,34.96,SPY200930C00297000,297.0,normalDay
2019-12-24,2344.0,584.0,0.0,100,321.23,296.0,0,0.0,0.0,,0.0,1,15.56,34.95,SPY200930C00297000,297.0,normalDay
2019-12-26,2344.0,627.0,0.0,100,322.94,296.0,0,0.0,0.0,,0.0,1,15.56,36.23,SPY200930C00297000,297.0,normalDay
2019-12-27,2344.0,643.0,0.0,100,322.86,296.0,0,0.0,0.0,,0.0,1,15.56,35.99,SPY200930C00297000,297.0,normalDay
2019-12-30,2344.0,567.0,0.0,100,321.08,296.0,0,0.0,0.0,,0.0,1,15.56,34.97,SPY200930C00297000,297.0,normalDay
2019-12-31,2344.0,597.0,0.0,100,321.86,296.0,0,0.0,0.0,,0.0,1,15.56,35.45,SPY200930C00297000,297.0,normalDay
2020-01-02,2344.0,725.0,0.0,100,324.87,296.0,0,0.0,0.0,,0.0,1,15.56,37.18,SPY200930C00297000,297.0,normalDay
2020-01-03,2344.0,628.0,0.0,100,322.41,296.0,0,0.0,0.0,,0.0,1,15.56,35.69,SPY200930C00297000,297.0,normalDay
2020-01-06,2344.0,687.0,0.0,100,323.64,296.0,0,0.0,0.0,,0.0,1,15.56,36.33,SPY200930C00297000,297.0,normalDay
2020-01-07,2344.0,704.0,0.0,100,322.73,296.0,0,0.0,0.0,,0.0,1,15.56,35.25,SPY200930C00297000,297.0,normalDay
2020-01-08,2344.0,718.0,0.0,100,324.45,296.0,0,0.0,0.0,,0.0,1,15.56,36.83,SPY200930C00297000,297.0,normalDay
2020-01-09,2344.0,806.0,0.0,100,326.65,296.0,0,0.0,0.0,,0.0,1,15.56,38.15,SPY200930C00297000,297.0,normalDay
2020-01-10,2344.0,804.0,0.0,100,325.71,296.0,0,0.0,0.0,,0.0,1,15.56,37.23,SPY200930C00297000,297.0,normalDay
2020-01-13,2344.0,848.0,0.0,100,327.95,296.0,0,0.0,0.0,,0.0,1,15.56,39.03,SPY200930C00297000,297.0,normalDay
2020-01-14,2344.0,834.0,0.0,100,327.45,296.0,0,0.0,0.0,,0.0,1,15.56,38.67,SPY200930C00297000,297.0,normalDay
2020-01-15,2344.0,866.0,0.0,100,328.19,296.0,0,0.0,0.0,,0.0,1,15.56,39.09,SPY200930C00297000,297.0,normalDay
2020-01-16,2344.0,942.0,0.0,100,330.92,296.0,0,0.0,0.0,,0.0,1,15.56,41.06,SPY200930C00297000,297.0,normalDay
2020-01-17,2344.0,966.0,0.0,100,331.95,296.0,0,0.0,0.0,,0.0,1,15.56,41.85,SPY200930C00297000,297.0,normalDay
2020-01-21,2344.0,945.0,0.0,100,331.3,296.0,0,0.0,0.0,,0.0,1,15.56,41.41,SPY200930C00297000,297.0,normalDay
2020-01-22,2344.0,946.0,0.0,100,331.34,296.0,0,0.0,0.0,,0.0,1,15.56,41.44,SPY200930C00297000,297.0,normalDay
2020-01-23,2344.0,944.0,0.0,100,331.72,296.0,0,0.0,0.0,,0.0,1,15.56,41.84,SPY200930C00297000,297.0,normalDay
2020-01-24,2344.0,855.0,0.0,100,328.77,296.0,0,0.0,0.0,,0.0,1,15.56,39.78,SPY200930C00297000,297.0,normalDay
2020-01-27,2344.0,745.0,0.0,100,323.5,296.0,0,0.0,0.0,,0.0,1,15.56,35.61,SPY200930C00297000,297.0,normalDay
2020-01-28,2344.0,818.0,0.0,100,326.89,296.0,0,0.0,0.0,,0.0,1,15.56,38.27,SPY200930C00297000,297.0,normalDay
2020-01-29,2344.0,833.0,0.0,100,326.62,296.0,0,0.0,0.0,,0.0,1,15.56,37.85,SPY200930C00297000,297.0,normalDay
2020-01-30,2344.0,809.0,0.0,100,327.68,296.0,0,0.0,0.0,,0.0,1,15.56,39.15,SPY200930C00297000,297.0,normalDay
2020-01-31,2344.0,692.0,0.0,100,321.73,296.0,0,0.0,0.0,,0.0,1,15.56,34.37,SPY200930C00297000,297.0,normalDay
2020-02-03,2344.0,811.0,0.0,100,324.12,296.0,0,0.0,0.0,,0.0,1,15.56,35.57,SPY200930C00297000,297.0,normalDay
2020-02-04,2344.0,924.0,0.0,100,329.06,296.0,0,0.0,0.0,,0.0,1,15.56,39.38,SPY200930C00297000,297.0,normalDay
2020-02-05,2344.0,996.0,0.0,100,332.86,296.0,0,0.0,0.0,,0.0,1,15.56,42.46,SPY200930C00297000,297.0,normalDay
2020-02-06,2344.0,1051.0,0.0,100,333.98,296.0,0,0.0,0.0,,0.0,1,15.56,43.03,SPY200930C00297000,297.0,normalDay
2020-02-07,2344.0,997.0,0.0,100,332.2,296.0,0,0.0,0.0,,0.0,1,15.56,41.79,SPY200930C00297000,297.0,normalDay
2020-02-10,2344.0,1033.0,0.0,100,334.68,296.0,0,0.0,0.0,,0.0,1,15.56,43.91,SPY200930C00297000,297.0,normalDay
2020-02-11,2344.0,1055.0,0.0,100,335.26,296.0,0,0.0,0.0,,0.0,1,15.56,44.27,SPY200930C00297000,297.0,normalDay
2020-02-12,2344.0,1088.0,0.0,100,337.42,296.0,0,0.0,0.0,,0.0,1,15.56,46.1,SPY200930C00297000,297.0,normalDay
2020-02-13,2344.0,1087.0,0.0,100,337.06,296.0,0,0.0,0.0,,0.0,1,15.56,45.75,SPY200930C00297000,297.0,normalDay
2020-02-14,2344.0,1086.0,0.0,100,337.6,296.0,0,0.0,0.0,,0.0,1,15.56,46.3,SPY200930C00297000,297.0,normalDay
2020-02-18,2344.0,1097.0,0.0,100,336.73,296.0,0,0.0,0.0,,0.0,1,15.56,45.32,SPY200930C00297000,297.0,normalDay
2020-02-19,2344.0,1084.0,0.0,100,338.34,296.0,0,0.0,0.0,,0.0,1,15.56,47.06,SPY200930C00297000,297.0,normalDay
2020-02-20,2344.0,1086.0,0.0,100,336.95,296.0,0,0.0,0.0,,0.0,1,15.56,45.65,SPY200930C00297000,297.0,normalDay
2020-02-21,2344.0,984.0,0.0,100,333.48,296.0,0,0.0,0.0,,0.0,1,15.56,43.2,SPY200930C00297000,297.0,normalDay
2020-02-24,2344.0,725.0,0.0,100,322.42,296.0,0,0.0,0.0,,0.0,1,15.56,34.73,SPY200930C00297000,297.0,normalDay
2020-02-25,2344.0,358.0,0.0,100,312.65,296.0,0,0.0,0.0,,0.0,1,15.56,28.63,SPY200930C00297000,297.0,normalDay
2020-02-26,2344.0,416.0,0.0,100,311.5,296.0,0,0.0,0.0,,0.0,1,15.56,26.9,SPY200930C00297000,297.0,normalDay
2020-02-27,2344.0,-447.0,0.0,100,297.51,296.0,0,0.0,0.0,,0.0,1,15.56,21.54,SPY200930C00297000,297.0,normalDay
2020-02-28,2344.0,-572.0,0.0,100,296.26,296.0,0,0.0,0.0,,0.0,1,15.56,21.54,SPY200930C00297000,297.0,normalDay
2020-03-02,2344.0,200.0,0.0,100,309.09,296.0,0,0.0,0.0,,0.0,1,15.56,26.65,SPY200930C00297000,297.0,normalDay
2020-03-03,2344.0,-260.0,0.0,100,300.24,296.0,0,0.0,0.0,,0.0,1,15.56,22.4,SPY200930C00297000,297.0,normalDay
2020-03-04,2344.0,373.0,0.0,100,312.86,296.0,0,0.0,0.0,,0.0,1,15.56,28.69,SPY200930C00297000,297.0,normalDay
2020-03-05,2344.0,-248.0,0.0,100,302.46,296.0,0,0.0,0.0,,0.0,1,15.56,24.5,SPY200930C00297000,297.0,normalDay
2020-03-06,2344.0,-603.0,0.0,100,297.46,296.0,0,0.0,0.0,,0.0,1,15.56,23.05,SPY200930C00297000,297.0,normalDay
2020-03-09,2344.0,-1975.0,0.0,100,274.23,296.0,0,0.0,0.0,,0.0,1,15.56,13.54,SPY200930C00297000,297.0,normalDay
2020-03-10,2344.0,-1103.0,0.0,100,288.42,296.0,0,0.0,0.0,,0.0,1,15.56,19.01,SPY200930C00297000,297.0,normalDay
2020-03-11,2344.0,-2002.0,0.0,100,274.36,296.0,0,0.0,0.0,,0.0,1,15.56,13.94,SPY200930C00297000,297.0,normalDay
2020-03-12,2344.0,-4119.0,0.0,100,248.11,296.0,0,0.0,0.0,,0.0,1,15.56,8.86,SPY200930C00297000,297.0,normalDay
2020-03-13,2344.0,-2288.0,0.0,100,269.32,296.0,0,0.0,0.0,,0.0,1,15.56,11.76,SPY200930C00297000,297.0,normalDay
2020-03-16,2344.0,-4945.0,0.0,100,239.85,296.0,0,0.0,0.0,,0.0,1,15.56,8.86,SPY200930C00297000,297.0,normalDay
2020-03-17,2344.0,-3719.0,0.0,100,252.8,296.0,0,0.0,0.0,,0.0,1,15.56,9.55,SPY200930C00297000,297.0,normalDay
2020-03-18,2344.0,-4739.0,0.0,100,240.0,296.0,0,0.0,0.0,,0.0,1,15.56,6.95,SPY200930C00297000,297.0,normalDay
2020-03-19,2344.0,-4522.0,0.0,100,240.51,296.0,0,0.0,0.0,,0.0,1,15.56,5.29,SPY200930C00297000,297.0,normalDay
2020-03-20,2344.0,-5394.0,0.0,100,228.8,296.0,0,0.0,0.0,,0.0,1,15.56,2.3,SPY200930C00297000,297.0,normalDay
2020-03-23,2344.0,-5894.0,0.0,100,222.95,296.0,0,0.0,0.0,,0.0,1,15.56,1.45,SPY200930C00297000,297.0,normalDay
2020-03-24,2344.0,-4111.0,0.0,100,243.15,296.0,0,0.0,0.0,,0.0,1,15.56,3.82,SPY200930C00297000,297.0,normalDay
2020-03-25,2344.0,-3924.0,0.0,100,246.79,296.0,0,0.0,0.0,,0.0,1,15.56,5.59,SPY200930C00297000,297.0,normalDay
2020-03-26,2344.0,-2796.0,0.0,100,261.2,296.0,0,0.0,0.0,,0.0,1,15.56,8.72,SPY200930C00297000,297.0,normalDay
2020-03-27,2344.0,-3323.0,0.0,100,253.42,296.0,0,0.0,0.0,,0.0,1,15.56,6.21,SPY200930C00297000,297.0,normalDay
2020-03-30,2344.0,-2685.0,0.0,100,261.65,296.0,0,0.0,0.0,,0.0,1,15.56,8.06,SPY200930C00297000,297.0,normalDay
2020-03-31,2344.0,-2883.0,0.0,100,257.75,296.0,0,0.0,0.0,,0.0,1,15.56,6.14,SPY200930C00297000,297.0,normalDay
2020-04-01,2344.0,-3867.0,0.0,100,246.15,296.0,0,0.0,0.0,,0.0,1,15.56,4.38,SPY200930C00297000,297.0,normalDay
2020-04-02,2344.0,-3403.0,0.0,100,251.83,296.0,0,0.0,0.0,,0.0,1,15.56,5.42,SPY200930C00297000,297.0,normalDay
2020-04-03,2344.0,-3636.0,0.0,100,248.19,296.0,0,0.0,0.0,,0.0,1,15.56,4.11,SPY200930C00297000,297.0,normalDay
2020-04-06,2344.0,-2398.0,0.0,100,264.86,296.0,0,0.0,0.0,,0.0,1,15.56,8.4,SPY200930C00297000,297.0,normalDay
2020-04-07,2344.0,-2339.0,0.0,100,265.13,296.0,0,0.0,0.0,,0.0,1,15.56,8.08,SPY200930C00297000,297.0,normalDay
2020-04-08,2344.0,-1850.0,0.0,100,274.03,296.0,0,0.0,0.0,,0.0,1,15.56,12.09,SPY200930C00297000,297.0,normalDay
2020-04-09,2344.0,-1595.0,0.0,100,278.2,296.0,0,0.0,0.0,,0.0,1,15.56,13.71,SPY200930C00297000,297.0,normalDay
2020-04-13,2344.0,-1709.0,0.0,100,275.66,296.0,0,0.0,0.0,,0.0,1,15.56,12.31,SPY200930C00297000,297.0,normalDay
2020-04-14,2344.0,-1192.0,0.0,100,283.79,296.0,0,0.0,0.0,,0.0,1,15.56,15.27,SPY200930C00297000,297.0,normalDay
2020-04-15,2344.0,-1581.0,0.0,100,277.76,296.0,0,0.0,0.0,,0.0,1,15.56,13.13,SPY200930C00297000,297.0,normalDay
2020-04-16,2344.0,-1525.0,0.0,100,279.1,296.0,0,0.0,0.0,,0.0,1,15.56,13.91,SPY200930C00297000,297.0,normalDay
2020-04-17,2344.0,-1108.0,0.0,100,286.64,296.0,0,0.0,0.0,,0.0,1,15.56,17.28,SPY200930C00297000,297.0,normalDay
2020-04-20,2344.0,-1462.0,0.0,100,281.59,296.0,0,0.0,0.0,,0.0,1,15.56,15.77,SPY200930C00297000,297.0,normalDay
2020-04-21,2344.0,-2015.0,0.0,100,273.04,296.0,0,0.0,0.0,,0.0,1,15.56,12.75,SPY200930C00297000,297.0,normalDay
2020-04-22,2344.0,-1585.0,0.0,100,279.1,296.0,0,0.0,0.0,,0.0,1,15.56,14.51,SPY200930C00297000,297.0,normalDay
2020-04-23,2344.0,-1569.0,0.0,100,279.08,296.0,0,0.0,0.0,,0.0,1,15.56,14.33,SPY200930C00297000,297.0,normalDay
2020-04-24,2344.0,-1247.0,0.0,100,282.97,296.0,0,0.0,0.0,,0.0,1,15.56,15.0,SPY200930C00297000,297.0,normalDay
2020-04-27,2344.0,-922.0,0.0,100,287.05,296.0,0,0.0,0.0,,0.0,1,15.56,15.83,SPY200930C00297000,297.0,normalDay
2020-04-28,2344.0,-978.0,0.0,100,285.73,296.0,0,0.0,0.0,,0.0,1,15.56,15.07,SPY200930C00297000,297.0,normalDay
2020-04-29,2344.0,-552.0,0.0,100,293.21,296.0,0,0.0,0.0,,0.0,1,15.56,18.29,SPY200930C00297000,297.0,normalDay
2020-04-30,2344.0,-658.0,0.0,100,290.48,296.0,0,0.0,0.0,,0.0,1,15.56,16.62,SPY200930C00297000,297.0,normalDay
2020-05-01,2344.0,-1153.0,0.0,100,282.79,296.0,0,0.0,0.0,,0.0,1,15.56,13.88,SPY200930C00297000,297.0,normalDay
2020-05-04,2344.0,-1041.0,0.0,100,283.57,296.0,0,0.0,0.0,,0.0,1,15.56,13.54,SPY200930C00297000,297.0,normalDay
2020-05-05,2344.0,-883.0,0.0,100,286.19,296.0,0,0.0,0.0,,0.0,1,15.56,14.58,SPY200930C00297000,297.0,normalDay
2020-05-06,2344.0,-962.0,0.0,100,284.25,296.0,0,0.0,0.0,,0.0,1,15.56,13.43,SPY200930C00297000,297.0,normalDay
2020-05-07,2344.0,-773.0,0.0,100,287.68,296.0,0,0.0,0.0,,0.0,1,15.56,14.97,SPY200930C00297000,297.0,normalDay
2020-05-08,2344.0,-445.0,0.0,100,292.44,296.0,0,0.0,0.0,,0.0,1,15.56,16.45,SPY200930C00297000,297.0,normalDay
2020-05-11,2344.0,-335.0,0.0,100,292.5,296.0,0,0.0,0.0,,0.0,1,15.56,15.41,SPY200930C00297000,297.0,normalDay
2020-05-12,2344.0,-659.0,0.0,100,286.67,296.0,0,0.0,0.0,,0.0,1,15.56,12.82,SPY200930C00297000,297.0,normalDay
2020-05-13,2344.0,-1060.0,0.0,100,281.6,296.0,0,0.0,0.0,,0.0,1,15.56,11.76,SPY200930C00297000,297.0,normalDay
2020-05-14,2344.0,-809.0,0.0,100,284.97,296.0,0,0.0,0.0,,0.0,1,15.56,12.62,SPY200930C00297000,297.0,normalDay
2020-05-15,2344.0,-651.0,0.0,100,286.28,296.0,0,0.0,0.0,,0.0,1,15.56,12.35,SPY200930C00297000,297.0,normalDay
2020-05-18,2344.0,-178.0,0.0,100,295.0,296.0,0,0.0,0.0,,0.0,1,15.56,16.34,SPY200930C00297000,297.0,normalDay
2020-05-19,2344.0,-352.0,0.0,100,291.97,296.0,0,0.0,0.0,,0.0,1,15.56,15.05,SPY200930C00297000,297.0,normalDay
2020-05-20,2344.0,-87.0,0.0,100,296.93,296.0,0,0.0,0.0,,0.0,1,15.56,17.36,SPY200930C00297000,297.0,normalDay
2020-05-21,2344.0,-184.0,0.0,100,294.88,296.0,0,0.0,0.0,,0.0,1,15.56,16.28,SPY200930C00297000,297.0,normalDay
2020-05-22,2344.0,-160.0,0.0,100,295.44,296.0,0,0.0,0.0,,0.0,1,15.56,16.6,SPY200930C00297000,297.0,normalDay
2020-05-26,2344.0,40.0,0.0,100,299.08,296.0,0,0.0,0.0,,0.0,1,15.56,18.24,SPY200930C00297000,297.0,normalDay
2020-05-27,2344.0,252.0,0.0,100,303.53,296.0,0,0.0,0.0,,0.0,1,15.56,20.57,SPY200930C00297000,297.0,normalDay
2020-05-28,2344.0,159.0,0.0,100,302.97,296.0,0,0.0,0.0,,0.0,1,15.56,20.94,SPY200930C00297000,297.0,normalDay
2020-05-29,2344.0,231.0,0.0,100,304.32,296.0,0,0.0,0.0,,0.0,1,15.56,21.57,SPY200930C00297000,297.0,normalDay
2020-06-01,2344.0,337.0,0.0,100,305.55,296.0,0,0.0,0.0,,0.0,1,15.56,21.74,SPY200930C00297000,297.0,normalDay
2020-06-02,2344.0,467.0,0.0,100,308.08,296.0,0,0.0,0.0,,0.0,1,15.56,22.97,SPY200930C00297000,297.0,normalDay
2020-06-03,2344.0,595.0,0.0,100,312.18,296.0,0,0.0,0.0,,0.0,1,15.56,25.79,SPY200930C00297000,297.0,normalDay
2020-06-04,2344.0,572.0,0.0,100,311.36,296.0,0,0.0,0.0,,0.0,1,15.56,25.2,SPY200930C00297000,297.0,normalDay
2020-06-05,2344.0,841.0,0.0,100,319.34,296.0,0,0.0,0.0,,0.0,1,15.56,30.49,SPY200930C00297000,297.0,normalDay
2020-06-08,2344.0,949.0,0.0,100,323.2,296.0,0,0.0,0.0,,0.0,1,15.56,33.27,SPY200930C00297000,297.0,normalDay
2020-06-09,2344.0,732.0,0.0,100,320.79,296.0,0,0.0,0.0,,0.0,1,15.56,33.03,SPY200930C00297000,297.0,normalDay
2020-06-10,2344.0,768.0,0.0,100,319.0,296.0,0,0.0,0.0,,0.0,1,15.56,30.88,SPY200930C00297000,297.0,normalDay
2020-06-11,2344.0,-250.0,0.0,100,300.61,296.0,0,0.0,0.0,,0.0,1,15.56,22.67,SPY200930C00297000,297.0,normalDay
2020-06-12,2344.0,67.0,0.0,100,304.21,296.0,0,0.0,0.0,,0.0,1,15.56,23.1,SPY200930C00297000,297.0,normalDay
2020-06-15,2344.0,199.0,0.0,100,307.05,296.0,0,0.0,0.0,,0.0,1,15.56,24.62,SPY200930C00297000,297.0,normalDay
2020-06-16,2344.0,418.0,0.0,100,312.96,296.0,0,0.0,0.0,,0.0,1,15.56,28.34,SPY200930C00297000,297.0,normalDay
2020-06-17,2344.0,343.0,0.0,100,311.66,296.0,0,0.0,0.0,,0.0,1,15.56,27.79,SPY200930C00297000,297.0,normalDay
2020-06-18,2344.0,398.0,0.0,100,311.78,296.0,0,0.0,0.0,,0.0,1,15.56,27.36,SPY200930C00297000,297.0,normalDay
2020-06-19,2344.0,261.0,0.0,100,308.64,296.0,0,0.0,0.0,,0.0,1,15.56,25.59,SPY200930C00297000,297.0,normalDay
2020-06-22,2344.0,357.0,0.0,100,310.62,296.0,0,0.0,0.0,,0.0,1,15.56,26.61,SPY200930C00297000,297.0,normalDay
2020-06-23,2344.0,441.0,0.0,100,312.05,296.0,0,0.0,0.0,,0.0,1,15.56,27.2,SPY200930C00297000,297.0,normalDay
2020-06-24,2344.0,92.0,0.0,100,304.09,296.0,0,0.0,0.0,,0.0,1,15.56,22.73,SPY200930C00297000,297.0,normalDay
2020-06-25,2344.0,285.0,0.0,100,307.35,296.0,0,0.0,0.0,,0.0,1,15.56,24.06,SPY200930C00297000,297.0,normalDay
2020-06-26,2344.0,-63.0,0.0,100,300.05,296.0,0,0.0,0.0,,0.0,1,15.56,20.24,SPY200930C00297000,297.0,normalDay
2020-06-29,2344.0,259.0,0.0,100,304.46,296.0,0,0.0,0.0,,0.0,1,15.56,21.43,SPY200930C00297000,297.0,normalDay
2020-06-30,2344.0,462.0,0.0,100,308.36,296.0,0,0.0,0.0,,0.0,1,15.56,23.3,SPY200930C00297000,297.0,normalDay
2020-07-01,2344.0,573.0,0.0,100,310.52,296.0,0,0.0,0.0,,0.0,1,15.56,24.35,SPY200930C00297000,297.0,normalDay
2020-07-02,2344.0,618.0,0.0,100,312.23,296.0,0,0.0,0.0,,0.0,1,15.56,25.61,SPY200930C00297000,297.0,normalDay
2020-07-06,2344.0,793.0,0.0,100,317.05,296.0,0,0.0,0.0,,0.0,1,15.56,28.68,SPY200930C00297000,297.0,normalDay
2020-07-07,2344.0,675.0,0.0,100,313.78,296.0,0,0.0,0.0,,0.0,1,15.56,26.59,SPY200930C00297000,297.0,normalDay
2020-07-08,2344.0,767.0,0.0,100,316.18,296.0,0,0.0,0.0,,0.0,1,15.56,28.07,SPY200930C00297000,297.0,normalDay
2020-07-09,2344.0,699.0,0.0,100,314.38,296.0,0,0.0,0.0,,0.0,1,15.56,26.95,SPY200930C00297000,297.0,normalDay
2020-07-10,2344.0,806.0,0.0,100,317.59,296.0,0,0.0,0.0,,0.0,1,15.56,29.09,SPY200930C00297000,297.0,normalDay
2020-07-13,2344.0,669.0,0.0,100,314.84,296.0,0,0.0,0.0,,0.0,1,15.56,27.71,SPY200930C00297000,297.0,normalDay
2020-07-14,2344.0,869.0,0.0,100,318.92,296.0,0,0.0,0.0,,0.0,1,15.56,29.79,SPY200930C00297000,297.0,normalDay
2020-07-15,2344.0,937.0,0.0,100,321.85,296.0,0,0.0,0.0,,0.0,1,15.56,32.04,SPY200930C00297000,297.0,normalDay
2020-07-16,2344.0,1015.0,0.0,100,320.79,296.0,0,0.0,0.0,,0.0,1,15.56,30.2,SPY200930C00297000,297.0,normalDay
2020-07-17,2344.0,999.0,0.0,100,321.72,296.0,0,0.0,0.0,,0.0,1,15.56,31.29,SPY200930C00297000,297.0,normalDay
2020-07-20,2344.0,1108.0,0.0,100,324.32,296.0,0,0.0,0.0,,0.0,1,15.56,32.8,SPY200930C00297000,297.0,normalDay
2020-07-21,2344.0,1117.0,0.0,100,325.01,296.0,0,0.0,0.0,,0.0,1,15.56,33.4,SPY200930C00297000,297.0,normalDay
2020-07-22,2344.0,1185.0,0.0,100,326.86,296.0,0,0.0,0.0,,0.0,1,15.56,34.57,SPY200930C00297000,297.0,normalDay
2020-07-23,2344.0,1145.0,0.0,100,322.96,296.0,0,0.0,0.0,,0.0,1,15.56,31.07,SPY200930C00297000,297.0,normalDay
2020-07-24,2344.0,1070.0,0.0,100,320.88,296.0,0,0.0,0.0,,0.0,1,15.56,29.74,SPY200930C00297000,297.0,normalDay
2020-07-27,2344.0,1155.0,0.0,100,323.22,296.0,0,0.0,0.0,,0.0,1,15.56,31.23,SPY200930C00297000,297.0,normalDay
2020-07-28,2344.0,1126.0,0.0,100,321.17,296.0,0,0.0,0.0,,0.0,1,15.56,29.47,SPY200930C00297000,297.0,normalDay
2020-07-29,2344.0,1223.0,0.0,100,325.12,296.0,0,0.0,0.0,,0.0,1,15.56,32.45,SPY200930C00297000,297.0,normalDay
2020-07-30,2344.0,1156.0,0.0,100,323.96,296.0,0,0.0,0.0,,0.0,1,15.56,31.96,SPY200930C00297000,297.0,normalDay
2020-07-31,2344.0,1208.0,0.0,100,326.52,296.0,0,0.0,0.0,,0.0,1,15.56,34.0,SPY200930C00297000,297.0,normalDay
2020-08-03,2344.0,1299.0,0.0,100,328.79,296.0,0,0.0,0.0,,0.0,1,15.56,35.36,SPY200930C00297000,297.0,normalDay
2020-08-04,2344.0,1343.0,0.0,100,330.06,296.0,0,0.0,0.0,,0.0,1,15.56,36.19,SPY200930C00297000,297.0,normalDay
2020-08-05,2344.0,1380.0,0.0,100,332.11,296.0,0,0.0,0.0,,0.0,1,15.56,37.87,SPY200930C00297000,297.0,normalDay
2020-08-06,2344.0,1371.0,0.0,100,334.33,296.0,0,0.0,0.0,,0.0,1,15.56,40.18,SPY200930C00297000,297.0,normalDay
2020-08-07,2344.0,1399.0,0.0,100,334.57,296.0,0,0.0,0.0,,0.0,1,15.56,40.14,SPY200930C00297000,297.0,normalDay
2020-08-10,2344.0,1445.0,0.0,100,335.57,296.0,0,0.0,0.0,,0.0,1,15.56,40.68,SPY200930C00297000,297.0,normalDay
2020-08-11,2344.0,1397.0,0.0,100,332.8,296.0,0,0.0,0.0,,0.0,1,15.56,38.39,SPY200930C00297000,297.0,normalDay
2020-08-12,2344.0,1464.0,0.0,100,337.44,296.0,0,0.0,0.0,,0.0,1,15.56,42.36,SPY200930C00297000,297.0,normalDay
2020-08-13,2344.0,1484.0,0.0,100,336.83,296.0,0,0.0,0.0,,0.0,1,15.56,41.55,SPY200930C00297000,297.0,normalDay
2020-08-14,2344.0,1489.0,0.0,100,336.84,296.0,0,0.0,0.0,,0.0,1,15.56,41.51,SPY200930C00297000,297.0,normalDay
2020-08-17,2344.0,1489.0,0.0,100,337.91,296.0,0,0.0,0.0,,0.0,1,15.56,42.58,SPY200930C00297000,297.0,normalDay
2020-08-18,2344.0,1489.0,0.0,100,338.64,296.0,0,0.0,0.0,,0.0,1,15.56,43.31,SPY200930C00297000,297.0,normalDay
2020-08-19,2344.0,1487.0,0.0,100,337.23,296.0,0,0.0,0.0,,0.0,1,15.56,41.92,SPY200930C00297000,297.0,normalDay
2020-08-20,2344.0,1505.0,0.0,100,338.28,296.0,0,0.0,0.0,,0.0,1,15.56,42.79,SPY200930C00297000,297.0,normalDay
2020-08-21,2344.0,1491.0,0.0,100,339.48,296.0,0,0.0,0.0,,0.0,1,15.56,44.13,SPY200930C00297000,297.0,normalDay
2020-08-24,2344.0,1544.0,0.0,100,342.92,296.0,0,0.0,0.0,,0.0,1,15.56,47.04,SPY200930C00297000,297.0,normalDay
2020-08-25,2344.0,1534.0,0.0,100,344.12,296.0,0,0.0,0.0,,0.0,1,15.56,48.34,SPY200930C00297000,297.0,normalDay
2020-08-26,2344.0,1540.0,0.0,100,347.57,296.0,0,0.0,0.0,,0.0,1,15.56,51.73,SPY200930C00297000,297.0,normalDay
2020-08-27,2344.0,1515.0,0.0,100,348.33,296.0,0,0.0,0.0,,0.0,1,15.56,52.74,SPY200930C00297000,297.0,normalDay
2020-08-28,2344.0,1575.0,0.0,100,350.58,296.0,0,0.0,0.0,,0.0,1,15.56,54.39,SPY200930C00297000,297.0,normalDay
2020-08-31,2344.0,1485.0,0.0,100,349.31,296.0,0,0.0,0.0,,0.0,1,15.56,54.02,SPY200930C00297000,297.0,normalDay
2020-09-01,2344.0,1568.0,0.0,100,352.6,296.0,0,0.0,0.0,,0.0,1,15.56,56.48,SPY200930C00297000,297.0,normalDay
2020-09-02,2344.0,1550.0,0.0,100,357.7,296.0,0,0.0,0.0,,0.0,1,15.56,61.76,SPY200930C00297000,297.0,normalDay
2020-09-03,2344.0,1390.0,0.0,100,345.39,296.0,0,0.0,0.0,,0.0,1,15.56,51.05,SPY200930C00297000,297.0,normalDay
2020-09-04,2344.0,1531.0,0.0,100,342.57,296.0,0,0.0,0.0,,0.0,1,15.56,46.82,SPY200930C00297000,297.0,normalDay
2020-09-08,2344.0,1491.0,0.0,100,333.21,296.0,0,0.0,0.0,,0.0,1,15.56,37.86,SPY200930C00297000,297.0,normalDay
2020-09-09,2344.0,1598.0,0.0,100,339.79,296.0,0,0.0,0.0,,0.0,1,15.56,43.37,SPY200930C00297000,297.0,normalDay
2020-09-10,2344.0,1544.0,0.0,100,333.89,296.0,0,0.0,0.0,,0.0,1,15.56,38.01,SPY200930C00297000,297.0,normalDay
2020-09-11,2344.0,1668.0,0.0,100,334.06,296.0,0,0.0,0.0,,0.0,1,15.56,36.94,SPY200930C00297000,297.0,normalDay
2020-09-14,2344.0,1599.0,0.0,100,338.46,296.0,0,0.0,0.0,,0.0,1,15.56,42.03,SPY200930C00297000,297.0,normalDay
2020-09-15,2344.0,1592.0,0.0,100,340.17,296.0,0,0.0,0.0,,0.0,1,15.56,43.81,SPY200930C00297000,297.0,normalDay
2020-09-16,2344.0,1636.0,0.0,100,338.82,296.0,0,0.0,0.0,,0.0,1,15.56,42.02,SPY200930C00297000,297.0,normalDay
2020-09-17,2344.0,1604.0,0.0,100,335.84,296.0,0,0.0,0.0,,0.0,1,15.56,39.36,SPY200930C00297000,297.0,normalDay
2020-09-18,2344.0,1598.0,0.0,100,330.65,296.0,0,0.0,0.0,,0.0,1,15.56,34.23,SPY200930C00297000,297.0,normalDay
2020-09-21,2344.0,1566.0,0.0,100,326.97,296.0,0,0.0,0.0,,0.0,1,15.56,30.87,SPY200930C00297000,297.0,normalDay
2020-09-22,2344.0,1653.0,0.0,100,330.3,296.0,0,0.0,0.0,,0.0,1,15.56,33.33,SPY200930C00297000,297.0,normalDay
2020-09-23,2344.0,1609.0,0.0,100,322.64,296.0,0,0.0,0.0,,0.0,1,15.56,26.11,SPY200930C00297000,297.0,normalDay
2020-09-24,2344.0,1591.0,0.0,100,323.5,296.0,0,0.0,0.0,,0.0,1,15.56,27.15,SPY200930C00297000,297.0,normalDay
2020-09-25,2344.0,1645.0,0.0,100,328.73,296.0,0,0.0,0.0,,0.0,1,15.56,31.84,SPY200930C00297000,297.0,normalDay
2020-09-28,2344.0,1643.0,0.0,100,334.19,296.0,0,0.0,0.0,,0.0,1,15.56,37.32,SPY200930C00297000,297.0,normalDay
2020-09-29,2344.0,1576.0,0.0,100,332.37,296.0,0,0.0,0.0,,0.0,1,15.56,36.17,SPY200930C00297000,297.0,normalDay
2020-09-30,4000.0,1576.0,1656.0,0,334.89,0.0,0,0.0,0.0,,0.0,1,15.56,0.0,SPY200930C00297000,297.0,expirationDay
2020-10-01,4000.0,-4.0,0.0,0,337.04,0.0,1,1.35,1.39,SPY201007P00329000,329.0,0,0.0,0.0,,0.0,normalDay
2020-10-02,4000.0,-46.0,0.0,0,333.84,0.0,1,1.35,1.81,SPY201007P00329000,329.0,0,0.0,0.0,,0.0,normalDay
2020-10-05,4000.0,116.0,0.0,0,339.76,0.0,1,1.35,0.19,SPY201007P00329000,329.0,0,0.0,0.0,,0.0,normalDay
2020-10-06,4000.0,97.0,0.0,0,334.93,0.0,1,1.35,0.38,SPY201007P00329000,329.0,0,0.0,0.0,,0.0,normalDay
2020-10-07,4135.0,0.0,135.0,0,340.76,0.0,1,1.35,0.0,SPY201007P00329000,329.0,0,0.0,0.0,,0.0,expirationDay
2020-10-08,4135.0,-3.0,0.0,0,343.78,0.0,1,0.31,0.34,SPY201014P00330000,330.0,0,0.0,0.0,,0.0,normalDay
2020-10-09,4135.0,18.0,0.0,0,346.85,0.0,1,0.31,0.13,SPY201014P00330000,330.0,0,0.0,0.0,,0.0,normalDay
2020-10-12,4135.0,26.0,0.0,0,352.43,0.0,1,0.31,0.05,SPY201014P00330000,330.0,0,0.0,0.0,,0.0,normalDay
2020-10-13,4135.0,29.0,0.0,0,350.13,0.0,1,0.31,0.02,SPY201014P00330000,330.0,0,0.0,0.0,,0.0,normalDay
2020-10-14,4166.0,0.0,31.0,0,347.93,0.0,1,0.31,0.0,SPY201014P00330000,330.0,0,0.0,0.0,,0.0,expirationDay
2020-10-15,4166.0,-3.0,0.0,0,347.5,0.0,1,0.2,0.23,SPY201021P00330000,330.0,0,0.0,0.0,,0.0,normalDay
2020-10-16,4166.0,4.0,0.0,0,347.29,0.0,1,0.2,0.16,SPY201021P00330000,330.0,0,0.0,0.0,,0.0,normalDay
2020-10-19,4166.0,1.0,0.0,0,342.01,0.0,1,0.2,0.19,SPY201021P00330000,330.0,0,0.0,0.0,,0.0,normalDay
2020-10-20,4166.0,15.0,0.0,0,343.38,0.0,1,0.2,0.05,SPY201021P00330000,330.0,0,0.0,0.0,,0.0,normalDay
2020-10-21,4186.0,0.0,20.0,0,342.73,0.0,1,0.2,0.0,SPY201021P00330000,330.0,0,0.0,0.0,,0.0,expirationDay
2020-10-22,4186.0,-4.0,0.0,0,344.61,0.0,1,0.91,0.95,SPY201028P00336000,336.0,0,0.0,0.0,,0.0,normalDay
2020-10-23,4186.0,44.0,0.0,0,345.78,0.0,1,0.91,0.47,SPY201028P00336000,336.0,0,0.0,0.0,,0.0,normalDay
2020-10-26,4186.0,-49.0,0.0,0,339.39,0.0,1,0.91,1.4,SPY201028P00336000,336.0,0,0.0,0.0,,0.0,normalDay
2020-10-27,4186.0,6.0,0.0,0,338.22,0.0,1,0.91,0.85,SPY201028P00336000,336.0,0,0.0,0.0,,0.0,normalDay
2020-10-28,4277.0,-934.0,91.0,100,326.66,336.0,1,0.91,0.0,SPY201028P00336000,336.0,0,0.0,0.0,,0.0,expirationDay
2020-10-29,4277.0,-729.0,0.0,100,329.98,336.0,0,0.0,0.0,,0.0,1,21.89,23.16,SPY210930C00343000,343.0,normalDay
2020-10-30,4277.0,-882.0,0.0,100,326.54,336.0,0,0.0,0.0,,0.0,1,21.89,21.25,SPY210930C00343000,343.0,normalDay
2020-11-02,4277.0,-582.0,0.0,100,330.2,336.0,0,0.0,0.0,,0.0,1,21.89,21.91,SPY210930C00343000,343.0,normalDay
2020-11-03,4277.0,-191.0,0.0,100,336.03,336.0,0,0.0,0.0,,0.0,1,21.89,23.83,SPY210930C00343000,343.0,normalDay
2020-11-04,4277.0,176.0,0.0,100,343.54,336.0,0,0.0,0.0,,0.0,1,21.89,27.67,SPY210930C00343000,343.0,normalDay
2020-11-05,4277.0,388.0,0.0,100,350.24,336.0,0,0.0,0.0,,0.0,1,21.89,32.25,SPY210930C00343000,343.0,normalDay
2020-11-06,4277.0,448.0,0.0,100,350.16,336.0,0,0.0,0.0,,0.0,1,21.89,31.57,SPY210930C00343000,343.0,normalDay
2020-11-09,4277.0,599.0,0.0,100,354.56,336.0,0,0.0,0.0,,0.0,1,21.89,34.46,SPY210930C00343000,343.0,normalDay
2020-11-10,4277.0,639.0,0.0,100,354.04,336.0,0,0.0,0.0,,0.0,1,21.89,33.54,SPY210930C00343000,343.0,normalDay
2020-11-11,4277.0,742.0,0.0,100,356.67,336.0,0,0.0,0.0,,0.0,1,21.89,35.14,SPY210930C00343000,343.0,normalDay
2020-11-12,4277.0,584.0,0.0,100,353.21,336.0,0,0.0,0.0,,0.0,1,21.89,33.26,SPY210930C00343000,343.0,normalDay
2020-11-13,4277.0,813.0,0.0,100,358.1,336.0,0,0.0,0.0,,0.0,1,21.89,35.86,SPY210930C00343000,343.0,normalDay
2020-11-16,4277.0,951.0,0.0,100,362.57,336.0,0,0.0,0.0,,0.0,1,21.89,38.95,SPY210930C00343000,343.0,normalDay
2020-11-17,4277.0,873.0,0.0,100,360.62,336.0,0,0.0,0.0,,0.0,1,21.89,37.78,SPY210930C00343000,343.0,normalDay
2020-11-18,4277.0,719.0,0.0,100,356.28,336.0,0,0.0,0.0,,0.0,1,21.89,34.98,SPY210930C00343000,343.0,normalDay
2020-11-19,4277.0,801.0,0.0,100,357.78,336.0,0,0.0,0.0,,0.0,1,21.89,35.66,SPY210930C00343000,343.0,normalDay
2020-11-20,4277.0,732.0,0.0,100,355.33,336.0,0,0.0,0.0,,0.0,1,21.89,33.9,SPY210930C00343000,343.0,normalDay
2020-11-23,4277.0,837.0,0.0,100,357.46,336.0,0,0.0,0.0,,0.0,1,21.89,34.98,SPY210930C00343000,343.0,normalDay
2020-11-24,4277.0,1017.0,0.0,100,363.22,336.0,0,0.0,0.0,,0.0,1,21.89,38.94,SPY210930C00343000,343.0,normalDay
2020-11-25,4277.0,1032.0,0.0,100,362.66,336.0,0,0.0,0.0,,0.0,1,21.89,38.23,SPY210930C00343000,343.0,normalDay
2020-11-27,4277.0,1049.0,0.0,100,363.67,336.0,0,0.0,0.0,,0.0,1,21.89,39.07,SPY210930C00343000,343.0,normalDay
2020-11-30,4277.0,967.0,0.0,100,362.06,336.0,0,0.0,0.0,,0.0,1,21.89,38.28,SPY210930C00343000,343.0,normalDay
2020-12-01,4277.0,1131.0,0.0,100,366.02,336.0,0,0.0,0.0,,0.0,1,21.89,40.6,SPY210930C00343000,343.0,normalDay
2020-12-02,4277.0,1134.0,0.0,100,366.79,336.0,0,0.0,0.0,,0.0,1,21.89,41.34,SPY210930C00343000,343.0,normalDay
2020-12-03,4277.0,1158.0,0.0,100,366.69,336.0,0,0.0,0.0,,0.0,1,21.89,41.0,SPY210930C00343000,343.0,normalDay
2020-12-04,4277.0,1272.0,0.0,100,369.85,336.0,0,0.0,0.0,,0.0,1,21.89,43.02,SPY210930C00343000,343.0,normalDay
2020-12-07,4277.0,1231.0,0.0,100,369.09,336.0,0,0.0,0.0,,0.0,1,21.89,42.67,SPY210930C00343000,343.0,normalDay
2020-12-08,4277.0,1264.0,0.0,100,370.17,336.0,0,0.0,0.0,,0.0,1,21.89,43.42,SPY210930C00343000,343.0,normalDay
2020-12-09,4277.0,1162.0,0.0,100,366.85,336.0,0,0.0,0.0,,0.0,1,21.89,41.12,SPY210930C00343000,343.0,normalDay
2020-12-10,4277.0,1152.0,0.0,100,366.73,336.0,0,0.0,0.0,,0.0,1,21.89,41.1,SPY210930C00343000,343.0,normalDay
2020-12-11,4277.0,1095.0,0.0,100,366.3,336.0,0,0.0,0.0,,0.0,1,21.89,41.24,SPY210930C00343000,343.0,normalDay
2020-12-14,4277.0,980.0,0.0,100,364.66,336.0,0,0.0,0.0,,0.0,1,21.89,40.75,SPY210930C00343000,343.0,normalDay
2020-12-15,4277.0,1201.0,0.0,100,369.59,336.0,0,0.0,0.0,,0.0,1,21.89,43.47,SPY210930C00343000,343.0,normalDay
2020-12-16,4277.0,1229.0,0.0,100,370.17,336.0,0,0.0,0.0,,0.0,1,21.89,43.77,SPY210930C00343000,343.0,normalDay
2020-12-17,4277.0,1282.0,0.0,100,372.24,336.0,0,0.0,0.0,,0.0,1,21.89,45.31,SPY210930C00343000,343.0,normalDay
2020-12-18,4277.0,1043.0,0.0,100,369.18,336.0,0,0.0,0.0,,0.0,1,21.89,44.64,SPY210930C00343000,343.0,normalDay
2020-12-21,4277.0,1022.0,0.0,100,367.86,336.0,0,0.0,0.0,,0.0,1,21.89,43.53,SPY210930C00343000,343.0,normalDay
2020-12-22,4277.0,1036.0,0.0,100,367.24,336.0,0,0.0,0.0,,0.0,1,21.89,42.77,SPY210930C00343000,343.0,normalDay
2020-12-23,4277.0,1100.0,0.0,100,367.57,336.0,0,0.0,0.0,,0.0,1,21.89,42.46,SPY210930C00343000,343.0,normalDay
2020-12-24,4277.0,1170.0,0.0,100,369.0,336.0,0,0.0,0.0,,0.0,1,21.89,43.19,SPY210930C00343000,343.0,normalDay
2020-12-28,4277.0,1230.0,0.0,100,372.17,336.0,0,0.0,0.0,,0.0,1,21.89,45.76,SPY210930C00343000,343.0,normalDay
2020-12-29,4277.0,1162.0,0.0,100,371.46,336.0,0,0.0,0.0,,0.0,1,21.89,45.73,SPY210930C00343000,343.0,normalDay
2020-12-30,4277.0,1226.0,0.0,100,371.99,336.0,0,0.0,0.0,,0.0,1,21.89,45.62,SPY210930C00343000,343.0,normalDay
2020-12-31,4277.0,1222.0,0.0,100,373.88,336.0,0,0.0,0.0,,0.0,1,21.89,47.55,SPY210930C00343000,343.0,normalDay
2021-01-04,4277.0,1041.0,0.0,100,368.79,336.0,0,0.0,0.0,,0.0,1,21.89,44.27,SPY210930C00343000,343.0,normalDay
2021-01-05,4277.0,1169.0,0.0,100,371.33,336.0,0,0.0,0.0,,0.0,1,21.89,45.53,SPY210930C00343000,343.0,normalDay
2021-01-06,4277.0,1199.0,0.0,100,373.55,336.0,0,0.0,0.0,,0.0,1,21.89,47.45,SPY210930C00343000,343.0,normalDay
2021-01-07,4277.0,1443.0,0.0,100,379.1,336.0,0,0.0,0.0,,0.0,1,21.89,50.56,SPY210930C00343000,343.0,normalDay
2021-01-08,4277.0,1452.0,0.0,100,381.26,336.0,0,0.0,0.0,,0.0,1,21.89,52.63,SPY210930C00343000,343.0,normalDay
2021-01-11,4277.0,1320.0,0.0,100,378.69,336.0,0,0.0,0.0,,0.0,1,21.89,51.38,SPY210930C00343000,343.0,normalDay
2021-01-12,4277.0,1389.0,0.0,100,378.77,336.0,0,0.0,0.0,,0.0,1,21.89,50.77,SPY210930C00343000,343.0,normalDay
2021-01-13,4277.0,1413.0,0.0,100,379.79,336.0,0,0.0,0.0,,0.0,1,21.89,51.55,SPY210930C00343000,343.0,normalDay
2021-01-14,4277.0,1351.0,0.0,100,378.46,336.0,0,0.0,0.0,,0.0,1,21.89,50.84,SPY210930C00343000,343.0,normalDay
2021-01-15,4277.0,1333.0,0.0,100,375.7,336.0,0,0.0,0.0,,0.0,1,21.89,48.26,SPY210930C00343000,343.0,normalDay
2021-01-19,4277.0,1375.0,0.0,100,378.65,336.0,0,0.0,0.0,,0.0,1,21.89,50.79,SPY210930C00343000,343.0,normalDay
2021-01-20,4277.0,1522.0,0.0,100,383.89,336.0,0,0.0,0.0,,0.0,1,21.89,54.56,SPY210930C00343000,343.0,normalDay
2021-01-21,4277.0,1521.0,0.0,100,384.24,336.0,0,0.0,0.0,,0.0,1,21.89,54.92,SPY210930C00343000,343.0,normalDay
2021-01-22,4277.0,1474.0,0.0,100,382.88,336.0,0,0.0,0.0,,0.0,1,21.89,54.03,SPY210930C00343000,343.0,normalDay
2021-01-25,4277.0,1464.0,0.0,100,384.39,336.0,0,0.0,0.0,,0.0,1,21.89,55.64,SPY210930C00343000,343.0,normalDay
2021-01-26,4277.0,1382.0,0.0,100,383.79,336.0,0,0.0,0.0,,0.0,1,21.89,55.86,SPY210930C00343000,343.0,normalDay
2021-01-27,4277.0,968.0,0.0,100,374.41,336.0,0,0.0,0.0,,0.0,1,21.89,50.62,SPY210930C00343000,343.0,normalDay
2021-01-28,4277.0,1107.0,0.0,100,377.63,336.0,0,0.0,0.0,,0.0,1,21.89,52.45,SPY210930C00343000,343.0,normalDay
2021-01-29,4277.0,870.0,0.0,100,370.07,336.0,0,0.0,0.0,,0.0,1,21.89,47.26,SPY210930C00343000,343.0,normalDay
2021-02-01,4277.0,1149.0,0.0,100,376.23,336.0,0,0.0,0.0,,0.0,1,21.89,50.63,SPY210930C00343000,343.0,normalDay
2021-02-02,4277.0,1268.0,0.0,100,381.55,336.0,0,0.0,0.0,,0.0,1,21.89,54.76,SPY210930C00343000,343.0,normalDay
2021-02-03,4277.0,1369.0,0.0,100,381.85,336.0,0,0.0,0.0,,0.0,1,21.89,54.05,SPY210930C00343000,343.0,normalDay
2021-02-04,4277.0,1539.0,0.0,100,386.19,336.0,0,0.0,0.0,,0.0,1,21.89,56.69,SPY210930C00343000,343.0,normalDay
2021-02-05,4277.0,1551.0,0.0,100,387.71,336.0,0,0.0,0.0,,0.0,1,21.89,58.09,SPY210930C00343000,343.0,normalDay
2021-02-08,4277.0,1638.0,0.0,100,390.51,336.0,0,0.0,0.0,,0.0,1,21.89,60.02,SPY210930C00343000,343.0,normalDay
2021-02-09,4277.0,1583.0,0.0,100,390.25,336.0,0,0.0,0.0,,0.0,1,21.89,60.31,SPY210930C00343000,343.0,normalDay
2021-02-10,4277.0,1573.0,0.0,100,390.08,336.0,0,0.0,0.0,,0.0,1,21.89,60.24,SPY210930C00343000,343.0,normalDay
2021-02-11,4277.0,1625.0,0.0,100,390.71,336.0,0,0.0,0.0,,0.0,1,21.89,60.35,SPY210930C00343000,343.0,normalDay
2021-02-12,4277.0,1654.0,0.0,100,392.64,336.0,0,0.0,0.0,,0.0,1,21.89,61.99,SPY210930C00343000,343.0,normalDay
2021-02-16,4277.0,1645.0,0.0,100,392.3,336.0,0,0.0,0.0,,0.0,1,21.89,61.74,SPY210930C00343000,343.0,normalDay
2021-02-17,4277.0,1677.0,0.0,100,392.39,336.0,0,0.0,0.0,,0.0,1,21.89,61.51,SPY210930C00343000,343.0,normalDay
2021-02-18,4277.0,1618.0,0.0,100,390.72,336.0,0,0.0,0.0,,0.0,1,21.89,60.43,SPY210930C00343000,343.0,normalDay
2021-02-19,4277.0,1644.0,0.0,100,390.03,336.0,0,0.0,0.0,,0.0,1,21.89,59.48,SPY210930C00343000,343.0,normalDay
2021-02-22,4277.0,1559.0,0.0,100,387.03,336.0,0,0.0,0.0,,0.0,1,21.89,57.33,SPY210930C00343000,343.0,normalDay
2021-02-23,4277.0,1593.0,0.0,100,387.5,336.0,0,0.0,0.0,,0.0,1,21.89,57.46,SPY210930C00343000,343.0,normalDay
2021-02-24,4277.0,1717.0,0.0,100,391.77,336.0,0,0.0,0.0,,0.0,1,21.89,60.49,SPY210930C00343000,343.0,normalDay
2021-02-25,4277.0,1316.0,0.0,100,382.33,336.0,0,0.0,0.0,,0.0,1,21.89,55.06,SPY210930C00343000,343.0,normalDay
2021-02-26,4277.0,1403.0,0.0,100,380.36,336.0,0,0.0,0.0,,0.0,1,21.89,52.22,SPY210930C00343000,343.0,normalDay
2021-03-01,4277.0,1746.0,0.0,100,389.58,336.0,0,0.0,0.0,,0.0,1,21.89,58.01,SPY210930C00343000,343.0,normalDay
2021-03-02,4277.0,1663.0,0.0,100,386.54,336.0,0,0.0,0.0,,0.0,1,21.89,55.8,SPY210930C00343000,343.0,normalDay
2021-03-03,4277.0,1522.0,0.0,100,381.42,336.0,0,0.0,0.0,,0.0,1,21.89,52.09,SPY210930C00343000,343.0,normalDay
2021-03-04,4277.0,1376.0,0.0,100,376.7,336.0,0,0.0,0.0,,0.0,1,21.89,48.83,SPY210930C00343000,343.0,normalDay
2021-03-05,4277.0,1643.0,0.0,100,383.63,336.0,0,0.0,0.0,,0.0,1,21.89,53.09,SPY210930C00343000,343.0,normalDay
2021-03-08,4277.0,1603.0,0.0,100,381.72,336.0,0,0.0,0.0,,0.0,1,21.89,51.58,SPY210930C00343000,343.0,normalDay
2021-03-09,4277.0,1759.0,0.0,100,387.17,336.0,0,0.0,0.0,,0.0,1,21.89,55.47,SPY210930C00343000,343.0,normalDay
2021-03-10,4277.0,1784.0,0.0,100,389.58,336.0,0,0.0,0.0,,0.0,1,21.89,57.63,SPY210930C00343000,343.0,normalDay
2021-03-11,4277.0,1940.0,0.0,100,393.53,336.0,0,0.0,0.0,,0.0,1,21.89,60.02,SPY210930C00343000,343.0,normalDay
2021-03-12,4277.0,1923.0,0.0,100,394.06,336.0,0,0.0,0.0,,0.0,1,21.89,60.72,SPY210930C00343000,343.0,normalDay
2021-03-15,4277.0,2001.0,0.0,100,396.41,336.0,0,0.0,0.0,,0.0,1,21.89,62.29,SPY210930C00343000,343.0,normalDay
2021-03-16,4277.0,2007.0,0.0,100,395.91,336.0,0,0.0,0.0,,0.0,1,21.89,61.73,SPY210930C00343000,343.0,normalDay
2021-03-17,4277.0,2107.0,0.0,100,397.26,336.0,0,0.0,0.0,,0.0,1,21.89,62.08,SPY210930C00343000,343.0,normalDay
2021-03-18,4277.0,1903.0,0.0,100,391.48,336.0,0,0.0,0.0,,0.0,1,21.89,58.34,SPY210930C00343000,343.0,normalDay
2021-03-19,4277.0,1838.0,0.0,100,389.48,336.0,0,0.0,0.0,,0.0,1,21.89,56.99,SPY210930C00343000,343.0,normalDay
2021-03-22,4277.0,1980.0,0.0,100,392.59,336.0,0,0.0,0.0,,0.0,1,21.89,58.68,SPY210930C00343000,343.0,normalDay
2021-03-23,4277.0,1900.0,0.0,100,389.5,336.0,0,0.0,0.0,,0.0,1,21.89,56.39,SPY210930C00343000,343.0,normalDay
2021-03-24,4277.0,1871.0,0.0,100,387.52,336.0,0,0.0,0.0,,0.0,1,21.89,54.7,SPY210930C00343000,343.0,normalDay
2021-03-25,4277.0,1946.0,0.0,100,389.7,336.0,0,0.0,0.0,,0.0,1,21.89,56.13,SPY210930C00343000,343.0,normalDay
2021-03-26,4277.0,2090.0,0.0,100,395.98,336.0,0,0.0,0.0,,0.0,1,21.89,60.97,SPY210930C00343000,343.0,normalDay
2021-03-29,4277.0,2089.0,0.0,100,395.78,336.0,0,0.0,0.0,,0.0,1,21.89,60.78,SPY210930C00343000,343.0,normalDay
2021-03-30,4277.0,2130.0,0.0,100,394.73,336.0,0,0.0,0.0,,0.0,1,21.89,59.32,SPY210930C00343000,343.0,normalDay
2021-03-31,4277.0,2163.0,0.0,100,396.33,336.0,0,0.0,0.0,,0.0,1,21.89,60.59,SPY210930C00343000,343.0,normalDay
2021-04-01,4277.0,2218.0,0.0,100,400.61,336.0,0,0.0,0.0,,0.0,1,21.89,64.32,SPY210930C00343000,343.0,normalDay
2021-04-05,4277.0,2335.0,0.0,100,406.36,336.0,0,0.0,0.0,,0.0,1,21.89,68.9,SPY210930C00343000,343.0,normalDay
2021-04-06,4277.0,2341.0,0.0,100,406.12,336.0,0,0.0,0.0,,0.0,1,21.89,68.6,SPY210930C00343000,343.0,normalDay
2021-04-07,4277.0,2327.0,0.0,100,406.59,336.0,0,0.0,0.0,,0.0,1,21.89,69.21,SPY210930C00343000,343.0,normalDay
2021-04-08,4277.0,2350.0,0.0,100,408.52,336.0,0,0.0,0.0,,0.0,1,21.89,70.91,SPY210930C00343000,343.0,normalDay
2021-04-09,4277.0,2450.0,0.0,100,411.49,336.0,0,0.0,0.0,,0.0,1,21.89,72.88,SPY210930C00343000,343.0,normalDay
2021-04-12,4277.0,2419.0,0.0,100,411.64,336.0,0,0.0,0.0,,0.0,1,21.89,73.34,SPY210930C00343000,343.0,normalDay
2021-04-13,4277.0,2430.0,0.0,100,412.86,336.0,0,0.0,0.0,,0.0,1,21.89,74.45,SPY210930C00343000,343.0,normalDay
2021-04-14,4277.0,2381.0,0.0,100,411.45,336.0,0,0.0,0.0,,0.0,1,21.89,73.53,SPY210930C00343000,343.0,normalDay
2021-04-15,4277.0,2455.0,0.0,100,415.87,336.0,0,0.0,0.0,,0.0,1,21.89,77.21,SPY210930C00343000,343.0,normalDay
2021-04-16,4277.0,2484.0,0.0,100,417.26,336.0,0,0.0,0.0,,0.0,1,21.89,78.31,SPY210930C00343000,343.0,normalDay
2021-04-19,4277.0,2434.0,0.0,100,415.21,336.0,0,0.0,0.0,,0.0,1,21.89,76.76,SPY210930C00343000,343.0,normalDay
2021-04-20,4277.0,2418.0,0.0,100,412.17,336.0,0,0.0,0.0,,0.0,1,21.89,73.88,SPY210930C00343000,343.0,normalDay
2021-04-21,4277.0,2501.0,0.0,100,416.07,336.0,0,0.0,0.0,,0.0,1,21.89,76.95,SPY210930C00343000,343.0,normalDay
2021-04-22,4277.0,2399.0,0.0,100,412.27,336.0,0,0.0,0.0,,0.0,1,21.89,74.17,SPY210930C00343000,343.0,normalDay
2021-04-23,4277.0,2476.0,0.0,100,416.74,336.0,0,0.0,0.0,,0.0,1,21.89,77.87,SPY210930C00343000,343.0,normalDay
2021-04-26,4277.0,2462.0,0.0,100,417.61,336.0,0,0.0,0.0,,0.0,1,21.89,78.88,SPY210930C00343000,343.0,normalDay
2021-04-27,4277.0,2480.0,0.0,100,417.52,336.0,0,0.0,0.0,,0.0,1,21.89,78.61,SPY210930C00343000,343.0,normalDay
2021-04-28,4277.0,2454.0,0.0,100,417.4,336.0,0,0.0,0.0,,0.0,1,21.89,78.75,SPY210930C00343000,343.0,normalDay
2021-04-29,4277.0,2521.0,0.0,100,420.06,336.0,0,0.0,0.0,,0.0,1,21.89,80.74,SPY210930C00343000,343.0,normalDay
2021-04-30,4277.0,2442.0,0.0,100,417.3,336.0,0,0.0,0.0,,0.0,1,21.89,78.77,SPY210930C00343000,343.0,normalDay
2021-05-03,4277.0,2505.0,0.0,100,418.2,336.0,0,0.0,0.0,,0.0,1,21.89,79.04,SPY210930C00343000,343.0,normalDay
2021-05-04,4277.0,2482.0,0.0,100,415.62,336.0,0,0.0,0.0,,0.0,1,21.89,76.69,SPY210930C00343000,343.0,normalDay
2021-05-05,4277.0,2503.0,0.0,100,415.75,336.0,0,0.0,0.0,,0.0,1,21.89,76.61,SPY210930C00343000,343.0,normalDay
2021-05-06,4277.0,2506.0,0.0,100,419.07,336.0,0,0.0,0.0,,0.0,1,21.89,79.9,SPY210930C00343000,343.0,normalDay
2021-05-07,4277.0,2559.0,0.0,100,422.12,336.0,0,0.0,0.0,,0.0,1,21.89,82.42,SPY210930C00343000,343.0,normalDay
2021-05-10,4277.0,2541.0,0.0,100,417.94,336.0,0,0.0,0.0,,0.0,1,21.89,78.42,SPY210930C00343000,343.0,normalDay
2021-05-11,4277.0,2455.0,0.0,100,414.21,336.0,0,0.0,0.0,,0.0,1,21.89,75.55,SPY210930C00343000,343.0,normalDay
2021-05-12,4277.0,2230.0,0.0,100,405.41,336.0,0,0.0,0.0,,0.0,1,21.89,69.0,SPY210930C00343000,343.0,normalDay
2021-05-13,4277.0,2410.0,0.0,100,410.28,336.0,0,0.0,0.0,,0.0,1,21.89,72.07,SPY210930C00343000,343.0,normalDay
2021-05-14,4277.0,2476.0,0.0,100,416.58,336.0,0,0.0,0.0,,0.0,1,21.89,77.71,SPY210930C00343000,343.0,normalDay
2021-05-17,4277.0,2470.0,0.0,100,415.52,336.0,0,0.0,0.0,,0.0,1,21.89,76.71,SPY210930C00343000,343.0,normalDay
2021-05-18,4277.0,2434.0,0.0,100,411.94,336.0,0,0.0,0.0,,0.0,1,21.89,73.49,SPY210930C00343000,343.0,normalDay
2021-05-19,4277.0,2401.0,0.0,100,410.86,336.0,0,0.0,0.0,,0.0,1,21.89,72.74,SPY210930C00343000,343.0,normalDay
2021-05-20,4277.0,2514.0,0.0,100,415.28,336.0,0,0.0,0.0,,0.0,1,21.89,76.03,SPY210930C00343000,343.0,normalDay
2021-05-21,4277.0,2470.0,0.0,100,414.94,336.0,0,0.0,0.0,,0.0,1,21.89,76.13,SPY210930C00343000,343.0,normalDay
2021-05-24,4277.0,2575.0,0.0,100,419.17,336.0,0,0.0,0.0,,0.0,1,21.89,79.31,SPY210930C00343000,343.0,normalDay
2021-05-25,4277.0,2554.0,0.0,100,418.24,336.0,0,0.0,0.0,,0.0,1,21.89,78.59,SPY210930C00343000,343.0,normalDay
2021-05-26,4277.0,2627.0,0.0,100,419.07,336.0,0,0.0,0.0,,0.0,1,21.89,78.69,SPY210930C00343000,343.0,normalDay
2021-05-27,4277.0,2559.0,0.0,100,419.29,336.0,0,0.0,0.0,,0.0,1,21.89,79.59,SPY210930C00343000,343.0,normalDay
2021-05-28,4277.0,2653.0,0.0,100,420.04,336.0,0,0.0,0.0,,0.0,1,21.89,79.4,SPY210930C00343000,343.0,normalDay
2021-06-01,4277.0,2653.0,0.0,100,419.67,336.0,0,0.0,0.0,,0.0,1,21.89,79.03,SPY210930C00343000,343.0,normalDay
2021-06-02,4277.0,2670.0,0.0,100,420.33,336.0,0,0.0,0.0,,0.0,1,21.89,79.52,SPY210930C00343000,343.0,normalDay
2021-06-03,4277.0,2652.0,0.0,100,418.77,336.0,0,0.0,0.0,,0.0,1,21.89,78.14,SPY210930C00343000,343.0,normalDay
2021-06-04,4277.0,2723.0,0.0,100,422.6,336.0,0,0.0,0.0,,0.0,1,21.89,81.26,SPY210930C00343000,343.0,normalDay
2021-06-07,4277.0,2707.0,0.0,100,422.19,336.0,0,0.0,0.0,,0.0,1,21.89,81.01,SPY210930C00343000,343.0,normalDay
2021-06-08,4277.0,2711.0,0.0,100,422.28,336.0,0,0.0,0.0,,0.0,1,21.89,81.06,SPY210930C00343000,343.0,normalDay
2021-06-09,4277.0,2681.0,0.0,100,421.65,336.0,0,0.0,0.0,,0.0,1,21.89,80.73,SPY210930C00343000,343.0,normalDay
2021-06-10,4277.0,2744.0,0.0,100,423.61,336.0,0,0.0,0.0,,0.0,1,21.89,82.06,SPY210930C00343000,343.0,normalDay
2021-06-11,4277.0,2764.0,0.0,100,424.31,336.0,0,0.0,0.0,,0.0,1,21.89,82.56,SPY210930C00343000,343.0,normalDay
2021-06-14,4277.0,2756.0,0.0,100,425.26,336.0,0,0.0,0.0,,0.0,1,21.89,83.59,SPY210930C00343000,343.0,normalDay
2021-06-15,4277.0,2752.0,0.0,100,424.48,336.0,0,0.0,0.0,,0.0,1,21.89,82.85,SPY210930C00343000,343.0,normalDay
2021-06-16,4277.0,2723.0,0.0,100,422.11,336.0,0,0.0,0.0,,0.0,1,21.89,80.77,SPY210930C00343000,343.0,normalDay
2021-06-17,4277.0,2731.0,0.0,100,421.97,336.0,0,0.0,0.0,,0.0,1,21.89,80.55,SPY210930C00343000,343.0,normalDay
2021-06-18,4277.0,2551.0,0.0,100,414.92,336.0,0,0.0,0.0,,0.0,1,21.89,75.3,SPY210930C00343000,343.0,normalDay
2021-06-21,4277.0,2599.0,0.0,100,420.86,336.0,0,0.0,0.0,,0.0,1,21.89,80.76,SPY210930C00343000,343.0,normalDay
2021-06-22,4277.0,2677.0,0.0,100,423.11,336.0,0,0.0,0.0,,0.0,1,21.89,82.23,SPY210930C00343000,343.0,normalDay
2021-06-23,4277.0,2657.0,0.0,100,422.6,336.0,0,0.0,0.0,,0.0,1,21.89,81.92,SPY210930C00343000,343.0,normalDay
2021-06-24,4277.0,2685.0,0.0,100,425.1,336.0,0,0.0,0.0,,0.0,1,21.89,84.14,SPY210930C00343000,343.0,normalDay
2021-06-25,4277.0,2688.0,0.0,100,426.61,336.0,0,0.0,0.0,,0.0,1,21.89,85.62,SPY210930C00343000,343.0,normalDay
2021-06-28,4277.0,2718.0,0.0,100,427.47,336.0,0,0.0,0.0,,0.0,1,21.89,86.18,SPY210930C00343000,343.0,normalDay
2021-06-29,4277.0,2677.0,0.0,100,427.7,336.0,0,0.0,0.0,,0.0,1,21.89,86.82,SPY210930C00343000,343.0,normalDay
2021-06-30,4277.0,2651.0,0.0,100,428.06,336.0,0,0.0,0.0,,0.0,1,21.89,87.44,SPY210930C00343000,343.0,normalDay
2021-07-01,4277.0,2723.0,0.0,100,430.43,336.0,0,0.0,0.0,,0.0,1,21.89,89.09,SPY210930C00343000,343.0,normalDay
2021-07-02,4277.0,2749.0,0.0,100,433.72,336.0,0,0.0,0.0,,0.0,1,21.89,92.12,SPY210930C00343000,343.0,normalDay
2021-07-06,4277.0,2753.0,0.0,100,432.93,336.0,0,0.0,0.0,,0.0,1,21.89,91.29,SPY210930C00343000,343.0,normalDay
2021-07-07,4277.0,2752.0,0.0,100,434.46,336.0,0,0.0,0.0,,0.0,1,21.89,92.83,SPY210930C00343000,343.0,normalDay
2021-07-08,4277.0,2744.0,0.0,100,430.92,336.0,0,0.0,0.0,,0.0,1,21.89,89.37,SPY210930C00343000,343.0,normalDay
2021-07-09,4277.0,2744.0,0.0,100,435.52,336.0,0,0.0,0.0,,0.0,1,21.89,93.97,SPY210930C00343000,343.0,normalDay
2021-07-12,4277.0,2710.0,0.0,100,437.08,336.0,0,0.0,0.0,,0.0,1,21.89,95.87,SPY210930C00343000,343.0,normalDay
2021-07-13,4277.0,2760.0,0.0,100,435.59,336.0,0,0.0,0.0,,0.0,1,21.89,93.88,SPY210930C00343000,343.0,normalDay
2021-07-14,4277.0,2746.0,0.0,100,436.24,336.0,0,0.0,0.0,,0.0,1,21.89,94.67,SPY210930C00343000,343.0,normalDay
2021-07-15,4277.0,2789.0,0.0,100,434.75,336.0,0,0.0,0.0,,0.0,1,21.89,92.75,SPY210930C00343000,343.0,normalDay
2021-07-16,4277.0,2747.0,0.0,100,431.34,336.0,0,0.0,0.0,,0.0,1,21.89,89.76,SPY210930C00343000,343.0,normalDay
2021-07-19,4277.0,2681.0,0.0,100,424.97,336.0,0,0.0,0.0,,0.0,1,21.89,84.05,SPY210930C00343000,343.0,normalDay
2021-07-20,4277.0,2736.0,0.0,100,431.06,336.0,0,0.0,0.0,,0.0,1,21.89,89.59,SPY210930C00343000,343.0,normalDay
2021-07-21,4277.0,2732.0,0.0,100,434.55,336.0,0,0.0,0.0,,0.0,1,21.89,93.12,SPY210930C00343000,343.0,normalDay
2021-07-22,4277.0,2742.0,0.0,100,435.46,336.0,0,0.0,0.0,,0.0,1,21.89,93.93,SPY210930C00343000,343.0,normalDay
2021-07-23,4277.0,2791.0,0.0,100,439.94,336.0,0,0.0,0.0,,0.0,1,21.89,97.92,SPY210930C00343000,343.0,normalDay
2021-07-26,4277.0,2779.0,0.0,100,441.02,336.0,0,0.0,0.0,,0.0,1,21.89,99.12,SPY210930C00343000,343.0,normalDay
2021-07-27,4277.0,2834.0,0.0,100,439.01,336.0,0,0.0,0.0,,0.0,1,21.89,96.56,SPY210930C00343000,343.0,normalDay
2021-07-28,4277.0,2806.0,0.0,100,438.83,336.0,0,0.0,0.0,,0.0,1,21.89,96.66,SPY210930C00343000,343.0,normalDay
2021-07-29,4277.0,2804.0,0.0,100,440.65,336.0,0,0.0,0.0,,0.0,1,21.89,98.5,SPY210930C00343000,343.0,normalDay
2021-07-30,4277.0,2742.0,0.0,100,438.51,336.0,0,0.0,0.0,,0.0,1,21.89,96.98,SPY210930C00343000,343.0,normalDay
2021-08-02,4277.0,2780.0,0.0,100,437.59,336.0,0,0.0,0.0,,0.0,1,21.89,95.68,SPY210930C00343000,343.0,normalDay
2021-08-03,4277.0,2817.0,0.0,100,441.15,336.0,0,0.0,0.0,,0.0,1,21.89,98.87,SPY210930C00343000,343.0,normalDay
2021-08-04,4277.0,2781.0,0.0,100,438.98,336.0,0,0.0,0.0,,0.0,1,21.89,97.06,SPY210930C00343000,343.0,normalDay
2021-08-05,4277.0,2828.0,0.0,100,441.76,336.0,0,0.0,0.0,,0.0,1,21.89,99.37,SPY210930C00343000,343.0,normalDay
2021-08-06,4277.0,2810.0,0.0,100,442.49,336.0,0,0.0,0.0,,0.0,1,21.89,100.28,SPY210930C00343000,343.0,normalDay
2021-08-09,4277.0,2798.0,0.0,100,442.13,336.0,0,0.0,0.0,,0.0,1,21.89,100.04,SPY210930C00343000,343.0,normalDay
2021-08-10,4277.0,2844.0,0.0,100,442.68,336.0,0,0.0,0.0,,0.0,1,21.89,100.13,SPY210930C00343000,343.0,normalDay
2021-08-11,4277.0,2832.0,0.0,100,443.78,336.0,0,0.0,0.0,,0.0,1,21.89,101.35,SPY210930C00343000,343.0,normalDay
2021-08-12,4277.0,2810.0,0.0,100,445.11,336.0,0,0.0,0.0,,0.0,1,21.89,102.9,SPY210930C00343000,343.0,normalDay
2021-08-13,4277.0,2818.0,0.0,100,445.92,336.0,0,0.0,0.0,,0.0,1,21.89,103.63,SPY210930C00343000,343.0,normalDay
2021-08-16,4277.0,2819.0,0.0,100,446.97,336.0,0,0.0,0.0,,0.0,1,21.89,104.67,SPY210930C00343000,343.0,normalDay
2021-08-17,4277.0,2872.0,0.0,100,444.04,336.0,0,0.0,0.0,,0.0,1,21.89,101.21,SPY210930C00343000,343.0,normalDay
2021-08-18,4277.0,2784.0,0.0,100,439.18,336.0,0,0.0,0.0,,0.0,1,21.89,97.23,SPY210930C00343000,343.0,normalDay
2021-08-19,4277.0,2796.0,0.0,100,439.86,336.0,0,0.0,0.0,,0.0,1,21.89,97.79,SPY210930C00343000,343.0,normalDay
2021-08-20,4277.0,2838.0,0.0,100,443.36,336.0,0,0.0,0.0,,0.0,1,21.89,100.87,SPY210930C00343000,343.0,normalDay
2021-08-23,4277.0,2807.0,0.0,100,447.26,336.0,0,0.0,0.0,,0.0,1,21.89,105.08,SPY210930C00343000,343.0,normalDay
2021-08-24,4277.0,2836.0,0.0,100,447.97,336.0,0,0.0,0.0,,0.0,1,21.89,105.5,SPY210930C00343000,343.0,normalDay
2021-08-25,4277.0,2842.0,0.0,100,448.91,336.0,0,0.0,0.0,,0.0,1,21.89,106.38,SPY210930C00343000,343.0,normalDay
2021-08-26,4277.0,2828.0,0.0,100,446.26,336.0,0,0.0,0.0,,0.0,1,21.89,103.87,SPY210930C00343000,343.0,normalDay
2021-08-27,4277.0,2852.0,0.0,100,450.25,336.0,0,0.0,0.0,,0.0,1,21.89,107.62,SPY210930C00343000,343.0,normalDay
2021-08-30,4277.0,2831.0,0.0,100,452.23,336.0,0,0.0,0.0,,0.0,1,21.89,109.81,SPY210930C00343000,343.0,normalDay
2021-08-31,4277.0,2788.0,0.0,100,451.56,336.0,0,0.0,0.0,,0.0,1,21.89,109.57,SPY210930C00343000,343.0,normalDay
2021-09-01,4277.0,2836.0,0.0,100,451.8,336.0,0,0.0,0.0,,0.0,1,21.89,109.33,SPY210930C00343000,343.0,normalDay
2021-09-02,4277.0,2854.0,0.0,100,453.19,336.0,0,0.0,0.0,,0.0,1,21.89,110.54,SPY210930C00343000,343.0,normalDay
2021-09-03,4277.0,2872.0,0.0,100,453.08,336.0,0,0.0,0.0,,0.0,1,21.89,110.25,SPY210930C00343000,343.0,normalDay
2021-09-07,4277.0,2873.0,0.0,100,451.46,336.0,0,0.0,0.0,,0.0,1,21.89,108.62,SPY210930C00343000,343.0,normalDay
2021-09-08,4277.0,2845.0,0.0,100,450.91,336.0,0,0.0,0.0,,0.0,1,21.89,108.35,SPY210930C00343000,343.0,normalDay
2021-09-09,4277.0,2860.0,0.0,100,448.98,336.0,0,0.0,0.0,,0.0,1,21.89,106.27,SPY210930C00343000,343.0,normalDay
2021-09-10,4277.0,2808.0,0.0,100,445.44,336.0,0,0.0,0.0,,0.0,1,21.89,103.25,SPY210930C00343000,343.0,normalDay
2021-09-13,4277.0,2802.0,0.0,100,446.58,336.0,0,0.0,0.0,,0.0,1,21.89,104.45,SPY210930C00343000,343.0,normalDay
2021-09-14,4277.0,2822.0,0.0,100,444.17,336.0,0,0.0,0.0,,0.0,1,21.89,101.84,SPY210930C00343000,343.0,normalDay
2021-09-15,4277.0,2884.0,0.0,100,447.88,336.0,0,0.0,0.0,,0.0,1,21.89,104.93,SPY210930C00343000,343.0,normalDay
2021-09-16,4277.0,2868.0,0.0,100,447.17,336.0,0,0.0,0.0,,0.0,1,21.89,104.38,SPY210930C00343000,343.0,normalDay
2021-09-17,4277.0,2898.0,0.0,100,441.4,336.0,0,0.0,0.0,,0.0,1,21.89,98.31,SPY210930C00343000,343.0,normalDay
2021-09-20,4277.0,2861.0,0.0,100,434.04,336.0,0,0.0,0.0,,0.0,1,21.89,91.32,SPY210930C00343000,343.0,normalDay
2021-09-21,4277.0,2889.0,0.0,100,433.63,336.0,0,0.0,0.0,,0.0,1,21.89,90.63,SPY210930C00343000,343.0,normalDay
2021-09-22,4277.0,2864.0,0.0,100,437.86,336.0,0,0.0,0.0,,0.0,1,21.89,95.11,SPY210930C00343000,343.0,normalDay
2021-09-23,4277.0,2882.0,0.0,100,443.18,336.0,0,0.0,0.0,,0.0,1,21.89,100.25,SPY210930C00343000,343.0,normalDay
2021-09-24,4277.0,2880.0,0.0,100,443.91,336.0,0,0.0,0.0,,0.0,1,21.89,101.0,SPY210930C00343000,343.0,normalDay
2021-09-27,4277.0,2909.0,0.0,100,442.64,336.0,0,0.0,0.0,,0.0,1,21.89,99.44,SPY210930C00343000,343.0,normalDay
2021-09-28,4277.0,2820.0,0.0,100,433.72,336.0,0,0.0,0.0,,0.0,1,21.89,91.41,SPY210930C00343000,343.0,normalDay
2021-09-29,4277.0,2814.0,0.0,100,434.45,336.0,0,0.0,0.0,,0.0,1,21.89,92.2,SPY210930C00343000,343.0,normalDay
2021-09-30,7166.0,2814.0,2889.0,0,429.14,0.0,0,0.0,0.0,,0.0,1,21.89,0.0,SPY210930C00343000,343.0,expirationDay
2021-10-01,7166.0,-9.0,0.0,0,434.24,0.0,1,4.33,4.42,SPY211006P00437000,437.0,0,0.0,0.0,,0.0,normalDay
2021-10-04,7166.0,-417.0,0.0,0,428.64,0.0,1,4.33,8.5,SPY211006P00437000,437.0,0,0.0,0.0,,0.0,normalDay
2021-10-05,7166.0,16.0,0.0,0,433.1,0.0,1,4.33,4.17,SPY211006P00437000,437.0,0,0.0,0.0,,0.0,normalDay
2021-10-06,7599.0,-210.0,433.0,100,434.9,437.0,1,4.33,0.0,SPY211006P00437000,437.0,0,0.0,0.0,,0.0,expirationDay
2021-10-07,7599.0,126.0,0.0,100,438.66,437.0,0,0.0,0.0,,0.0,1,32.01,32.41,SPY220930C00440000,440.0,normalDay
2021-10-08,7599.0,143.0,0.0,100,437.86,437.0,0,0.0,0.0,,0.0,1,32.01,31.44,SPY220930C00440000,440.0,normalDay
2021-10-11,7599.0,17.0,0.0,100,434.69,437.0,0,0.0,0.0,,0.0,1,32.01,29.53,SPY220930C00440000,440.0,normalDay
2021-10-12,7599.0,40.0,0.0,100,433.62,437.0,0,0.0,0.0,,0.0,1,32.01,28.23,SPY220930C00440000,440.0,normalDay
2021-10-13,7599.0,103.0,0.0,100,435.18,437.0,0,0.0,0.0,,0.0,1,32.01,29.16,SPY220930C00440000,440.0,normalDay
2021-10-14,7599.0,440.0,0.0,100,442.5,437.0,0,0.0,0.0,,0.0,1,32.01,33.11,SPY220930C00440000,440.0,normalDay
2021-10-15,7599.0,527.0,0.0,100,445.87,437.0,0,0.0,0.0,,0.0,1,32.01,35.61,SPY220930C00440000,440.0,normalDay
2021-10-18,7599.0,547.0,0.0,100,447.19,437.0,0,0.0,0.0,,0.0,1,32.01,36.73,SPY220930C00440000,440.0,normalDay
2021-10-19,7599.0,693.0,0.0,100,450.64,437.0,0,0.0,0.0,,0.0,1,32.01,38.72,SPY220930C00440000,440.0,normalDay
2021-10-20,7599.0,814.0,0.0,100,452.41,437.0,0,0.0,0.0,,0.0,1,32.01,39.28,SPY220930C00440000,440.0,normalDay
2021-10-21,7599.0,853.0,0.0,100,453.59,437.0,0,0.0,0.0,,0.0,1,32.01,40.07,SPY220930C00440000,440.0,normalDay
2021-10-22,7599.0,830.0,0.0,100,453.12,437.0,0,0.0,0.0,,0.0,1,32.01,39.83,SPY220930C00440000,440.0,normalDay
2021-10-25,7599.0,959.0,0.0,100,455.55,437.0,0,0.0,0.0,,0.0,1,32.01,40.97,SPY220930C00440000,440.0,normalDay
2021-10-26,7599.0,909.0,0.0,100,455.96,437.0,0,0.0,0.0,,0.0,1,32.01,41.88,SPY220930C00440000,440.0,normalDay
2021-10-27,7599.0,776.0,0.0,100,453.94,437.0,0,0.0,0.0,,0.0,1,32.01,41.19,SPY220930C00440000,440.0,normalDay
2021-10-28,7599.0,932.0,0.0,100,458.32,437.0,0,0.0,0.0,,0.0,1,32.01,44.01,SPY220930C00440000,440.0,normalDay
2021-10-29,7599.0,996.0,0.0,100,459.25,437.0,0,0.0,0.0,,0.0,1,32.01,44.3,SPY220930C00440000,440.0,normalDay
2021-11-01,7599.0,1020.0,0.0,100,460.04,437.0,0,0.0,0.0,,0.0,1,32.01,44.85,SPY220930C00440000,440.0,normalDay
2021-11-02,7599.0,1100.0,0.0,100,461.9,437.0,0,0.0,0.0,,0.0,1,32.01,45.91,SPY220930C00440000,440.0,normalDay
2021-11-03,7599.0,1159.0,0.0,100,464.72,437.0,0,0.0,0.0,,0.0,1,32.01,48.14,SPY220930C00440000,440.0,normalDay
2021-11-04,7599.0,1234.0,0.0,100,466.91,437.0,0,0.0,0.0,,0.0,1,32.01,49.58,SPY220930C00440000,440.0,normalDay
2021-11-05,7599.0,1234.0,0.0,100,468.53,437.0,0,0.0,0.0,,0.0,1,32.01,51.2,SPY220930C00440000,440.0,normalDay
2021-11-08,7599.0,1226.0,0.0,100,468.93,437.0,0,0.0,0.0,,0.0,1,32.01,51.68,SPY220930C00440000,440.0,normalDay
2021-11-09,7599.0,1202.0,0.0,100,467.38,437.0,0,0.0,0.0,,0.0,1,32.01,50.37,SPY220930C00440000,440.0,normalDay
2021-11-10,7599.0,1057.0,0.0,100,463.62,437.0,0,0.0,0.0,,0.0,1,32.01,48.06,SPY220930C00440000,440.0,normalDay
2021-11-11,7599.0,1106.0,0.0,100,463.77,437.0,0,0.0,0.0,,0.0,1,32.01,47.72,SPY220930C00440000,440.0,normalDay
2021-11-12,7599.0,1213.0,0.0,100,467.27,437.0,0,0.0,0.0,,0.0,1,32.01,50.15,SPY220930C00440000,440.0,normalDay
2021-11-15,7599.0,1261.0,0.0,100,467.43,437.0,0,0.0,0.0,,0.0,1,32.01,49.83,SPY220930C00440000,440.0,normalDay
2021-11-16,7599.0,1259.0,0.0,100,469.28,437.0,0,0.0,0.0,,0.0,1,32.01,51.7,SPY220930C00440000,440.0,normalDay
2021-11-17,7599.0,1223.0,0.0,100,468.14,437.0,0,0.0,0.0,,0.0,1,32.01,50.92,SPY220930C00440000,440.0,normalDay
2021-11-18,7599.0,1226.0,0.0,100,469.73,437.0,0,0.0,0.0,,0.0,1,32.01,52.48,SPY220930C00440000,440.0,normalDay
2021-11-19,7599.0,1191.0,0.0,100,468.89,437.0,0,0.0,0.0,,0.0,1,32.01,51.99,SPY220930C00440000,440.0,normalDay
2021-11-22,7599.0,1115.0,0.0,100,467.57,437.0,0,0.0,0.0,,0.0,1,32.01,51.43,SPY220930C00440000,440.0,normalDay
2021-11-23,7599.0,1191.0,0.0,100,468.19,437.0,0,0.0,0.0,,0.0,1,32.01,51.29,SPY220930C00440000,440.0,normalDay
2021-11-24,7599.0,1210.0,0.0,100,469.44,437.0,0,0.0,0.0,,0.0,1,32.01,52.35,SPY220930C00440000,440.0,normalDay
2021-11-26,7599.0,525.0,0.0,100,458.97,437.0,0,0.0,0.0,,0.0,1,32.01,48.73,SPY220930C00440000,440.0,normalDay
2021-11-29,7599.0,1001.0,0.0,100,464.6,437.0,0,0.0,0.0,,0.0,1,32.01,49.6,SPY220930C00440000,440.0,normalDay
2021-11-30,7599.0,436.0,0.0,100,455.56,437.0,0,0.0,0.0,,0.0,1,32.01,46.21,SPY220930C00440000,440.0,normalDay
2021-12-01,7599.0,220.0,0.0,100,450.5,437.0,0,0.0,0.0,,0.0,1,32.01,43.31,SPY220930C00440000,440.0,normalDay
2021-12-02,7599.0,652.0,0.0,100,457.4,437.0,0,0.0,0.0,,0.0,1,32.01,45.89,SPY220930C00440000,440.0,normalDay
2021-12-03,7599.0,344.0,0.0,100,453.42,437.0,0,0.0,0.0,,0.0,1,32.01,44.99,SPY220930C00440000,440.0,normalDay
2021-12-06,7599.0,690.0,0.0,100,458.79,437.0,0,0.0,0.0,,0.0,1,32.01,46.9,SPY220930C00440000,440.0,normalDay
2021-12-07,7599.0,1129.0,0.0,100,468.28,437.0,0,0.0,0.0,,0.0,1,32.01,52.0,SPY220930C00440000,440.0,normalDay
2021-12-08,7599.0,1235.0,0.0,100,469.52,437.0,0,0.0,0.0,,0.0,1,32.01,52.18,SPY220930C00440000,440.0,normalDay
2021-12-09,7599.0,1115.0,0.0,100,466.35,437.0,0,0.0,0.0,,0.0,1,32.01,50.21,SPY220930C00440000,440.0,normalDay
2021-12-10,7599.0,1287.0,0.0,100,470.74,437.0,0,0.0,0.0,,0.0,1,32.01,52.88,SPY220930C00440000,440.0,normalDay
2021-12-13,7599.0,1140.0,0.0,100,466.57,437.0,0,0.0,0.0,,0.0,1,32.01,50.18,SPY220930C00440000,440.0,normalDay
2021-12-14,7599.0,998.0,0.0,100,463.36,437.0,0,0.0,0.0,,0.0,1,32.01,48.39,SPY220930C00440000,440.0,normalDay
2021-12-15,7599.0,1263.0,0.0,100,470.6,437.0,0,0.0,0.0,,0.0,1,32.01,52.98,SPY220930C00440000,440.0,normalDay
2021-12-16,7599.0,1027.0,0.0,100,466.45,437.0,0,0.0,0.0,,0.0,1,32.01,51.19,SPY220930C00440000,440.0,normalDay
2021-12-17,7599.0,688.0,0.0,100,459.87,437.0,0,0.0,0.0,,0.0,1,32.01,48.0,SPY220930C00440000,440.0,normalDay
2021-12-20,7599.0,567.0,0.0,100,454.98,437.0,0,0.0,0.0,,0.0,1,32.01,44.32,SPY220930C00440000,440.0,normalDay
2021-12-21,7599.0,940.0,0.0,100,463.06,437.0,0,0.0,0.0,,0.0,1,32.01,48.67,SPY220930C00440000,440.0,normalDay
2021-12-22,7599.0,1116.0,0.0,100,467.69,437.0,0,0.0,0.0,,0.0,1,32.01,51.54,SPY220930C00440000,440.0,normalDay
2021-12-23,7599.0,1177.0,0.0,100,470.6,437.0,0,0.0,0.0,,0.0,1,32.01,53.84,SPY220930C00440000,440.0,normalDay
2021-12-27,7599.0,1425.0,0.0,100,477.26,437.0,0,0.0,0.0,,0.0,1,32.01,58.02,SPY220930C00440000,440.0,normalDay
2021-12-28,7599.0,1386.0,0.0,100,476.87,437.0,0,0.0,0.0,,0.0,1,32.01,58.02,SPY220930C00440000,440.0,normalDay
2021-12-29,7599.0,1462.0,0.0,100,477.48,437.0,0,0.0,0.0,,0.0,1,32.01,57.87,SPY220930C00440000,440.0,normalDay
2021-12-30,7599.0,1425.0,0.0,100,476.16,437.0,0,0.0,0.0,,0.0,1,32.01,56.92,SPY220930C00440000,440.0,normalDay
2021-12-31,7599.0,1440.0,0.0,100,474.96,437.0,0,0.0,0.0,,0.0,1,32.01,55.57,SPY220930C00440000,440.0,normalDay
2022-01-03,7599.0,1565.0,0.0,100,477.71,437.0,0,0.0,0.0,,0.0,1,32.01,57.07,SPY220930C00440000,440.0,normalDay
2022-01-04,7599.0,1556.0,0.0,100,477.55,437.0,0,0.0,0.0,,0.0,1,32.01,57.0,SPY220930C00440000,440.0,normalDay
2022-01-05,7599.0,1236.0,0.0,100,468.38,437.0,0,0.0,0.0,,0.0,1,32.01,51.03,SPY220930C00440000,440.0,normalDay
2022-01-06,7599.0,1229.0,0.0,100,467.94,437.0,0,0.0,0.0,,0.0,1,32.01,50.66,SPY220930C00440000,440.0,normalDay
2022-01-07,7599.0,1209.0,0.0,100,466.09,437.0,0,0.0,0.0,,0.0,1,32.01,49.01,SPY220930C00440000,440.0,normalDay
2022-01-10,7599.0,1254.0,0.0,100,465.51,437.0,0,0.0,0.0,,0.0,1,32.01,47.98,SPY220930C00440000,440.0,normalDay
2022-01-11,7599.0,1424.0,0.0,100,469.75,437.0,0,0.0,0.0,,0.0,1,32.01,50.52,SPY220930C00440000,440.0,normalDay
2022-01-12,7599.0,1442.0,0.0,100,471.02,437.0,0,0.0,0.0,,0.0,1,32.01,51.61,SPY220930C00440000,440.0,normalDay
2022-01-13,7599.0,1246.0,0.0,100,464.53,437.0,0,0.0,0.0,,0.0,1,32.01,47.08,SPY220930C00440000,440.0,normalDay
2022-01-14,7599.0,1282.0,0.0,100,464.72,437.0,0,0.0,0.0,,0.0,1,32.01,46.91,SPY220930C00440000,440.0,normalDay
2022-01-18,7599.0,944.0,0.0,100,456.49,437.0,0,0.0,0.0,,0.0,1,32.01,42.06,SPY220930C00440000,440.0,normalDay
2022-01-19,7599.0,794.0,0.0,100,451.75,437.0,0,0.0,0.0,,0.0,1,32.01,38.82,SPY220930C00440000,440.0,normalDay
2022-01-20,7599.0,562.0,0.0,100,446.75,437.0,0,0.0,0.0,,0.0,1,32.01,36.14,SPY220930C00440000,440.0,normalDay
2022-01-21,7599.0,137.0,0.0,100,437.98,437.0,0,0.0,0.0,,0.0,1,32.01,31.62,SPY220930C00440000,440.0,normalDay
2022-01-24,7599.0,285.0,0.0,100,439.84,437.0,0,0.0,0.0,,0.0,1,32.01,32.0,SPY220930C00440000,440.0,normalDay
2022-01-25,7599.0,80.0,0.0,100,434.47,437.0,0,0.0,0.0,,0.0,1,32.01,28.68,SPY220930C00440000,440.0,normalDay
2022-01-26,7599.0,-15.0,0.0,100,433.38,437.0,0,0.0,0.0,,0.0,1,32.01,28.54,SPY220930C00440000,440.0,normalDay
2022-01-27,7599.0,-111.0,0.0,100,431.24,437.0,0,0.0,0.0,,0.0,1,32.01,27.36,SPY220930C00440000,440.0,normalDay
2022-01-28,7599.0,451.0,0.0,100,441.95,437.0,0,0.0,0.0,,0.0,1,32.01,32.45,SPY220930C00440000,440.0,normalDay
2022-01-31,7599.0,865.0,0.0,100,449.91,437.0,0,0.0,0.0,,0.0,1,32.01,36.27,SPY220930C00440000,440.0,normalDay
2022-02-01,7599.0,1020.0,0.0,100,452.95,437.0,0,0.0,0.0,,0.0,1,32.01,37.76,SPY220930C00440000,440.0,normalDay
2022-02-02,7599.0,1271.0,0.0,100,457.35,437.0,0,0.0,0.0,,0.0,1,32.01,39.65,SPY220930C00440000,440.0,normalDay
2022-02-03,7599.0,490.0,0.0,100,446.6,437.0,0,0.0,0.0,,0.0,1,32.01,36.71,SPY220930C00440000,440.0,normalDay
2022-02-04,7599.0,821.0,0.0,100,448.7,437.0,0,0.0,0.0,,0.0,1,32.01,35.5,SPY220930C00440000,440.0,normalDay
2022-02-07,7599.0,746.0,0.0,100,447.26,437.0,0,0.0,0.0,,0.0,1,32.01,34.81,SPY220930C00440000,440.0,normalDay
2022-02-08,7599.0,960.0,0.0,100,450.94,437.0,0,0.0,0.0,,0.0,1,32.01,36.35,SPY220930C00440000,440.0,normalDay
2022-02-09,7599.0,1251.0,0.0,100,457.54,437.0,0,0.0,0.0,,0.0,1,32.01,40.04,SPY220930C00440000,440.0,normalDay
2022-02-10,7599.0,885.0,0.0,100,449.32,437.0,0,0.0,0.0,,0.0,1,32.01,35.48,SPY220930C00440000,440.0,normalDay
2022-02-11,7599.0,402.0,0.0,100,440.46,437.0,0,0.0,0.0,,0.0,1,32.01,31.45,SPY220930C00440000,440.0,normalDay
2022-02-14,7599.0,396.0,0.0,100,439.02,437.0,0,0.0,0.0,,0.0,1,32.01,30.07,SPY220930C00440000,440.0,normalDay
2022-02-15,7599.0,844.0,0.0,100,446.1,437.0,0,0.0,0.0,,0.0,1,32.01,32.67,SPY220930C00440000,440.0,normalDay
2022-02-16,7599.0,873.0,0.0,100,446.6,437.0,0,0.0,0.0,,0.0,1,32.01,32.88,SPY220930C00440000,440.0,normalDay
2022-02-17,7599.0,376.0,0.0,100,437.06,437.0,0,0.0,0.0,,0.0,1,32.01,28.31,SPY220930C00440000,440.0,normalDay
2022-02-18,7599.0,245.0,0.0,100,434.23,437.0,0,0.0,0.0,,0.0,1,32.01,26.79,SPY220930C00440000,440.0,normalDay
2022-02-22,7599.0,9.0,0.0,100,429.57,437.0,0,0.0,0.0,,0.0,1,32.01,24.49,SPY220930C00440000,440.0,normalDay
2022-02-23,7599.0,-353.0,0.0,100,421.95,437.0,0,0.0,0.0,,0.0,1,32.01,20.49,SPY220930C00440000,440.0,normalDay
2022-02-24,7599.0,101.0,0.0,100,428.3,437.0,0,0.0,0.0,,0.0,1,32.01,22.3,SPY220930C00440000,440.0,normalDay
2022-02-25,7599.0,514.0,0.0,100,437.75,437.0,0,0.0,0.0,,0.0,1,32.01,27.62,SPY220930C00440000,440.0,normalDay
2022-02-28,7599.0,426.0,0.0,100,436.63,437.0,0,0.0,0.0,,0.0,1,32.01,27.38,SPY220930C00440000,440.0,normalDay
2022-03-01,7599.0,-62.0,0.0,100,429.98,437.0,0,0.0,0.0,,0.0,1,32.01,25.61,SPY220930C00440000,440.0,normalDay
2022-03-02,7599.0,416.0,0.0,100,437.89,437.0,0,0.0,0.0,,0.0,1,32.01,28.74,SPY220930C00440000,440.0,normalDay
2022-03-03,7599.0,269.0,0.0,100,435.71,437.0,0,0.0,0.0,,0.0,1,32.01,28.03,SPY220930C00440000,440.0,normalDay
2022-03-04,7599.0,103.0,0.0,100,432.17,437.0,0,0.0,0.0,,0.0,1,32.01,26.15,SPY220930C00440000,440.0,normalDay
2022-03-07,7599.0,-619.0,0.0,100,419.43,437.0,0,0.0,0.0,,0.0,1,32.01,20.63,SPY220930C00440000,440.0,normalDay
2022-03-08,7599.0,-763.0,0.0,100,416.25,437.0,0,0.0,0.0,,0.0,1,32.01,18.89,SPY220930C00440000,440.0,normalDay
2022-03-09,7599.0,-242.0,0.0,100,427.41,437.0,0,0.0,0.0,,0.0,1,32.01,24.84,SPY220930C00440000,440.0,normalDay
2022-03-10,7599.0,-166.0,0.0,100,425.48,437.0,0,0.0,0.0,,0.0,1,32.01,22.15,SPY220930C00440000,440.0,normalDay
2022-03-11,7599.0,-484.0,0.0,100,420.07,437.0,0,0.0,0.0,,0.0,1,32.01,19.92,SPY220930C00440000,440.0,normalDay
2022-03-14,7599.0,-689.0,0.0,100,417.0,437.0,0,0.0,0.0,,0.0,1,32.01,18.9,SPY220930C00440000,440.0,normalDay
2022-03-15,7599.0,-111.0,0.0,100,426.17,437.0,0,0.0,0.0,,0.0,1,32.01,22.29,SPY220930C00440000,440.0,normalDay
2022-03-16,7599.0,481.0,0.0,100,435.62,437.0,0,0.0,0.0,,0.0,1,32.01,25.82,SPY220930C00440000,440.0,normalDay
2022-03-17,7599.0,793.0,0.0,100,441.07,437.0,0,0.0,0.0,,0.0,1,32.01,28.15,SPY220930C00440000,440.0,normalDay
2022-03-18,7599.0,849.0,0.0,100,444.52,437.0,0,0.0,0.0,,0.0,1,32.01,31.04,SPY220930C00440000,440.0,normalDay
2022-03-21,7599.0,878.0,0.0,100,444.39,437.0,0,0.0,0.0,,0.0,1,32.01,30.62,SPY220930C00440000,440.0,normalDay
2022-03-22,7599.0,1122.0,0.0,100,449.59,437.0,0,0.0,0.0,,0.0,1,32.01,33.38,SPY220930C00440000,440.0,normalDay
2022-03-23,7599.0,898.0,0.0,100,443.8,437.0,0,0.0,0.0,,0.0,1,32.01,29.83,SPY220930C00440000,440.0,normalDay
2022-03-24,7599.0,1170.0,0.0,100,450.49,437.0,0,0.0,0.0,,0.0,1,32.01,33.8,SPY220930C00440000,440.0,normalDay
2022-03-25,7599.0,1266.0,0.0,100,452.69,437.0,0,0.0,0.0,,0.0,1,32.01,35.04,SPY220930C00440000,440.0,normalDay
2022-03-28,7599.0,1376.0,0.0,100,455.91,437.0,0,0.0,0.0,,0.0,1,32.01,37.16,SPY220930C00440000,440.0,normalDay
2022-03-29,7599.0,1534.0,0.0,100,461.55,437.0,0,0.0,0.0,,0.0,1,32.01,41.22,SPY220930C00440000,440.0,normalDay
2022-03-30,7599.0,1450.0,0.0,100,458.7,437.0,0,0.0,0.0,,0.0,1,32.01,39.21,SPY220930C00440000,440.0,normalDay
2022-03-31,7599.0,1132.0,0.0,100,451.64,437.0,0,0.0,0.0,,0.0,1,32.01,35.33,SPY220930C00440000,440.0,normalDay
2022-04-01,7599.0,1194.0,0.0,100,452.92,437.0,0,0.0,0.0,,0.0,1,32.01,35.99,SPY220930C00440000,440.0,normalDay
2022-04-04,7599.0,1493.0,0.0,100,456.8,437.0,0,0.0,0.0,,0.0,1,32.01,36.88,SPY220930C00440000,440.0,normalDay
2022-04-05,7599.0,1202.0,0.0,100,451.03,437.0,0,0.0,0.0,,0.0,1,32.01,34.02,SPY220930C00440000,440.0,normalDay
2022-04-06,7599.0,1077.0,0.0,100,446.52,437.0,0,0.0,0.0,,0.0,1,32.01,30.76,SPY220930C00440000,440.0,normalDay
2022-04-07,7599.0,1179.0,0.0,100,448.77,437.0,0,0.0,0.0,,0.0,1,32.01,31.99,SPY220930C00440000,440.0,normalDay
2022-04-08,7599.0,1133.0,0.0,100,447.57,437.0,0,0.0,0.0,,0.0,1,32.01,31.25,SPY220930C00440000,440.0,normalDay
2022-04-11,7599.0,834.0,0.0,100,439.92,437.0,0,0.0,0.0,,0.0,1,32.01,26.59,SPY220930C00440000,440.0,normalDay
2022-04-12,7599.0,756.0,0.0,100,438.29,437.0,0,0.0,0.0,,0.0,1,32.01,25.74,SPY220930C00440000,440.0,normalDay
2022-04-13,7599.0,1067.0,0.0,100,443.31,437.0,0,0.0,0.0,,0.0,1,32.01,27.65,SPY220930C00440000,440.0,normalDay
2022-04-14,7599.0,808.0,0.0,100,437.79,437.0,0,0.0,0.0,,0.0,1,32.01,24.72,SPY220930C00440000,440.0,normalDay
2022-04-18,7599.0,791.0,0.0,100,437.97,437.0,0,0.0,0.0,,0.0,1,32.01,25.07,SPY220930C00440000,440.0,normalDay
2022-04-19,7599.0,1279.0,0.0,100,445.04,437.0,0,0.0,0.0,,0.0,1,32.01,27.26,SPY220930C00440000,440.0,normalDay
2022-04-20,7599.0,1139.0,0.0,100,444.71,437.0,0,0.0,0.0,,0.0,1,32.01,28.33,SPY220930C00440000,440.0,normalDay
2022-04-21,7599.0,890.0,0.0,100,438.06,437.0,0,0.0,0.0,,0.0,1,32.01,24.17,SPY220930C00440000,440.0,normalDay
2022-04-22,7599.0,232.0,0.0,100,426.04,437.0,0,0.0,0.0,,0.0,1,32.01,18.73,SPY220930C00440000,440.0,normalDay
2022-04-25,7599.0,364.0,0.0,100,428.51,437.0,0,0.0,0.0,,0.0,1,32.01,19.88,SPY220930C00440000,440.0,normalDay
2022-04-26,7599.0,-369.0,0.0,100,416.1,437.0,0,0.0,0.0,,0.0,1,32.01,14.8,SPY220930C00440000,440.0,normalDay
2022-04-27,7599.0,-340.0,0.0,100,417.27,437.0,0,0.0,0.0,,0.0,1,32.01,15.68,SPY220930C00440000,440.0,normalDay
2022-04-28,7599.0,400.0,0.0,100,427.81,437.0,0,0.0,0.0,,0.0,1,32.01,18.82,SPY220930C00440000,440.0,normalDay
2022-04-29,7599.0,-638.0,0.0,100,412.0,437.0,0,0.0,0.0,,0.0,1,32.01,13.39,SPY220930C00440000,440.0,normalDay
2022-05-02,7599.0,-423.0,0.0,100,414.48,437.0,0,0.0,0.0,,0.0,1,32.01,13.72,SPY220930C00440000,440.0,normalDay
2022-05-03,7599.0,-237.0,0.0,100,416.38,437.0,0,0.0,0.0,,0.0,1,32.01,13.76,SPY220930C00440000,440.0,normalDay
2022-05-04,7599.0,578.0,0.0,100,429.06,437.0,0,0.0,0.0,,0.0,1,32.01,18.29,SPY220930C00440000,440.0,normalDay
2022-05-05,7599.0,-428.0,0.0,100,413.81,437.0,0,0.0,0.0,,0.0,1,32.01,13.1,SPY220930C00440000,440.0,normalDay
2022-05-06,7599.0,-521.0,0.0,100,411.34,437.0,0,0.0,0.0,,0.0,1,32.01,11.56,SPY220930C00440000,440.0,normalDay
2022-05-09,7599.0,-1528.0,0.0,100,398.17,437.0,0,0.0,0.0,,0.0,1,32.01,8.46,SPY220930C00440000,440.0,normalDay
2022-05-10,7599.0,-1396.0,0.0,100,399.09,437.0,0,0.0,0.0,,0.0,1,32.01,8.06,SPY220930C00440000,440.0,normalDay
2022-05-11,7599.0,-1884.0,0.0,100,392.75,437.0,0,0.0,0.0,,0.0,1,32.01,6.6,SPY220930C00440000,440.0,normalDay
2022-05-12,7599.0,-1854.0,0.0,100,392.34,437.0,0,0.0,0.0,,0.0,1,32.01,5.89,SPY220930C00440000,440.0,normalDay
2022-05-13,7599.0,-1057.0,0.0,100,401.72,437.0,0,0.0,0.0,,0.0,1,32.01,7.3,SPY220930C00440000,440.0,normalDay
2022-05-16,7599.0,-1161.0,0.0,100,400.09,437.0,0,0.0,0.0,,0.0,1,32.01,6.71,SPY220930C00440000,440.0,normalDay
2022-05-17,7599.0,-556.0,0.0,100,408.32,437.0,0,0.0,0.0,,0.0,1,32.01,8.89,SPY220930C00440000,440.0,normalDay
2022-05-18,7599.0,-1795.0,0.0,100,391.86,437.0,0,0.0,0.0,,0.0,1,32.01,4.82,SPY220930C00440000,440.0,normalDay
2022-05-19,7599.0,-1952.0,0.0,100,389.46,437.0,0,0.0,0.0,,0.0,1,32.01,3.99,SPY220930C00440000,440.0,normalDay
2022-05-20,7599.0,-1942.0,0.0,100,389.63,437.0,0,0.0,0.0,,0.0,1,32.01,4.06,SPY220930C00440000,440.0,normalDay
2022-05-23,7599.0,-1384.0,0.0,100,396.92,437.0,0,0.0,0.0,,0.0,1,32.01,5.77,SPY220930C00440000,440.0,normalDay
2022-05-24,7599.0,-1632.0,0.0,100,393.89,437.0,0,0.0,0.0,,0.0,1,32.01,5.22,SPY220930C00440000,440.0,normalDay
2022-05-25,7599.0,-1325.0,0.0,100,397.37,437.0,0,0.0,0.0,,0.0,1,32.01,5.63,SPY220930C00440000,440.0,normalDay
2022-05-26,7599.0,-718.0,0.0,100,405.31,437.0,0,0.0,0.0,,0.0,1,32.01,7.5,SPY220930C00440000,440.0,normalDay
2022-05-27,7599.0,-32.0,0.0,100,415.26,437.0,0,0.0,0.0,,0.0,1,32.01,10.59,SPY220930C00440000,440.0,normalDay
2022-05-31,7599.0,-118.0,0.0,100,412.93,437.0,0,0.0,0.0,,0.0,1,32.01,9.12,SPY220930C00440000,440.0,normalDay
2022-06-01,7599.0,-316.0,0.0,100,409.59,437.0,0,0.0,0.0,,0.0,1,32.01,7.76,SPY220930C00440000,440.0,normalDay
2022-06-02,7599.0,212.0,0.0,100,417.39,437.0,0,0.0,0.0,,0.0,1,32.01,10.28,SPY220930C00440000,440.0,normalDay
2022-06-03,7599.0,-234.0,0.0,100,410.54,437.0,0,0.0,0.0,,0.0,1,32.01,7.89,SPY220930C00440000,440.0,normalDay
2022-06-06,7599.0,-115.0,0.0,100,411.79,437.0,0,0.0,0.0,,0.0,1,32.01,7.95,SPY220930C00440000,440.0,normalDay
2022-06-07,7599.0,179.0,0.0,100,415.74,437.0,0,0.0,0.0,,0.0,1,32.01,8.96,SPY220930C00440000,440.0,normalDay
2022-06-08,7599.0,-120.0,0.0,100,411.22,437.0,0,0.0,0.0,,0.0,1,32.01,7.43,SPY220930C00440000,440.0,normalDay
2022-06-09,7599.0,-866.0,0.0,100,401.44,437.0,0,0.0,0.0,,0.0,1,32.01,5.11,SPY220930C00440000,440.0,normalDay
2022-06-10,7599.0,-1840.0,0.0,100,389.8,437.0,0,0.0,0.0,,0.0,1,32.01,3.21,SPY220930C00440000,440.0,normalDay
2022-06-13,7599.0,-3180.0,0.0,100,375.0,437.0,0,0.0,0.0,,0.0,1,32.01,1.81,SPY220930C00440000,440.0,normalDay
2022-06-14,7599.0,-3257.0,0.0,100,373.87,437.0,0,0.0,0.0,,0.0,1,32.01,1.45,SPY220930C00440000,440.0,normalDay
2022-06-15,7599.0,-2752.0,0.0,100,379.2,437.0,0,0.0,0.0,,0.0,1,32.01,1.73,SPY220930C00440000,440.0,normalDay
2022-06-16,7599.0,-3945.0,0.0,100,366.65,437.0,0,0.0,0.0,,0.0,1,32.01,1.11,SPY220930C00440000,440.0,normalDay
2022-06-17,7599.0,-4017.0,0.0,100,365.86,437.0,0,0.0,0.0,,0.0,1,32.01,1.04,SPY220930C00440000,440.0,normalDay
2022-06-21,7599.0,-3132.0,0.0,100,375.07,437.0,0,0.0,0.0,,0.0,1,32.01,1.4,SPY220930C00440000,440.0,normalDay
2022-06-22,7599.0,-3191.0,0.0,100,374.39,437.0,0,0.0,0.0,,0.0,1,32.01,1.31,SPY220930C00440000,440.0,normalDay
2022-06-23,7599.0,-2832.0,0.0,100,378.06,437.0,0,0.0,0.0,,0.0,1,32.01,1.39,SPY220930C00440000,440.0,normalDay
2022-06-24,7599.0,-1736.0,0.0,100,390.08,437.0,0,0.0,0.0,,0.0,1,32.01,2.45,SPY220930C00440000,440.0,normalDay
2022-06-27,7599.0,-1858.0,0.0,100,388.59,437.0,0,0.0,0.0,,0.0,1,32.01,2.18,SPY220930C00440000,440.0,normalDay
2022-06-28,7599.0,-2571.0,0.0,100,380.65,437.0,0,0.0,0.0,,0.0,1,32.01,1.37,SPY220930C00440000,440.0,normalDay
2022-06-29,7599.0,-2599.0,0.0,100,380.34,437.0,0,0.0,0.0,,0.0,1,32.01,1.34,SPY220930C00440000,440.0,normalDay
2022-06-30,7599.0,-2880.0,0.0,100,377.25,437.0,0,0.0,0.0,,0.0,1,32.01,1.06,SPY220930C00440000,440.0,normalDay
2022-07-01,7599.0,-2487.0,0.0,100,381.24,437.0,0,0.0,0.0,,0.0,1,32.01,1.12,SPY220930C00440000,440.0,normalDay
2022-07-05,7599.0,-2406.0,0.0,100,381.96,437.0,0,0.0,0.0,,0.0,1,32.01,1.03,SPY220930C00440000,440.0,normalDay
2022-07-06,7599.0,-2286.0,0.0,100,383.25,437.0,0,0.0,0.0,,0.0,1,32.01,1.12,SPY220930C00440000,440.0,normalDay
2022-07-07,7599.0,-1747.0,0.0,100,388.99,437.0,0,0.0,0.0,,0.0,1,32.01,1.47,SPY220930C00440000,440.0,normalDay
2022-07-08,7599.0,-1770.0,0.0,100,388.67,437.0,0,0.0,0.0,,0.0,1,32.01,1.38,SPY220930C00440000,440.0,normalDay
2022-07-11,7599.0,-2179.0,0.0,100,384.23,437.0,0,0.0,0.0,,0.0,1,32.01,1.03,SPY220930C00440000,440.0,normalDay
2022-07-12,7599.0,-2491.0,0.0,100,380.83,437.0,0,0.0,0.0,,0.0,1,32.01,0.75,SPY220930C00440000,440.0,normalDay
2022-07-13,7599.0,-2681.0,0.0,100,378.83,437.0,0,0.0,0.0,,0.0,1,32.01,0.65,SPY220930C00440000,440.0,normalDay
2022-07-14,7599.0,-2771.0,0.0,100,377.91,437.0,0,0.0,0.0,,0.0,1,32.01,0.63,SPY220930C00440000,440.0,normalDay
2022-07-15,7599.0,-2068.0,0.0,100,385.13,437.0,0,0.0,0.0,,0.0,1,32.01,0.82,SPY220930C00440000,440.0,normalDay
2022-07-18,7599.0,-2373.0,0.0,100,381.95,437.0,0,0.0,0.0,,0.0,1,32.01,0.69,SPY220930C00440000,440.0,normalDay
2022-07-19,7599.0,-1418.0,0.0,100,392.27,437.0,0,0.0,0.0,,0.0,1,32.01,1.46,SPY220930C00440000,440.0,normalDay
2022-07-20,7599.0,-1190.0,0.0,100,394.77,437.0,0,0.0,0.0,,0.0,1,32.01,1.68,SPY220930C00440000,440.0,normalDay
2022-07-21,7599.0,-813.0,0.0,100,398.79,437.0,0,0.0,0.0,,0.0,1,32.01,1.93,SPY220930C00440000,440.0,normalDay
2022-07-22,7599.0,-1131.0,0.0,100,395.09,437.0,0,0.0,0.0,,0.0,1,32.01,1.41,SPY220930C00440000,440.0,normalDay
2022-07-25,7599.0,-1074.0,0.0,100,395.57,437.0,0,0.0,0.0,,0.0,1,32.01,1.32,SPY220930C00440000,440.0,normalDay
2022-07-26,7599.0,-1510.0,0.0,100,390.89,437.0,0,0.0,0.0,,0.0,1,32.01,1.0,SPY220930C00440000,440.0,normalDay
2022-07-27,7599.0,-560.0,0.0,100,401.04,437.0,0,0.0,0.0,,0.0,1,32.01,1.65,SPY220930C00440000,440.0,normalDay
2022-07-28,7599.0,-129.0,0.0,100,406.07,437.0,0,0.0,0.0,,0.0,1,32.01,2.37,SPY220930C00440000,440.0,normalDay
2022-07-29,7599.0,392.0,0.0,100,411.99,437.0,0,0.0,0.0,,0.0,1,32.01,3.08,SPY220930C00440000,440.0,normalDay
2022-08-01,7599.0,288.0,0.0,100,410.77,437.0,0,0.0,0.0,,0.0,1,32.01,2.9,SPY220930C00440000,440.0,normalDay
2022-08-02,7599.0,66.0,0.0,100,408.06,437.0,0,0.0,0.0,,0.0,1,32.01,2.41,SPY220930C00440000,440.0,normalDay
2022-08-03,7599.0,617.0,0.0,100,414.45,437.0,0,0.0,0.0,,0.0,1,32.01,3.29,SPY220930C00440000,440.0,normalDay
2022-08-04,7599.0,599.0,0.0,100,414.17,437.0,0,0.0,0.0,,0.0,1,32.01,3.19,SPY220930C00440000,440.0,normalDay
2022-08-05,7599.0,584.0,0.0,100,413.47,437.0,0,0.0,0.0,,0.0,1,32.01,2.64,SPY220930C00440000,440.0,normalDay
2022-08-08,7599.0,550.0,0.0,100,412.99,437.0,0,0.0,0.0,,0.0,1,32.01,2.5,SPY220930C00440000,440.0,normalDay
2022-08-09,7599.0,418.0,0.0,100,411.35,437.0,0,0.0,0.0,,0.0,1,32.01,2.18,SPY220930C00440000,440.0,normalDay
2022-08-10,7599.0,1151.0,0.0,100,419.99,437.0,0,0.0,0.0,,0.0,1,32.01,3.49,SPY220930C00440000,440.0,normalDay
2022-08-11,7599.0,1140.0,0.0,100,419.99,437.0,0,0.0,0.0,,0.0,1,32.01,3.6,SPY220930C00440000,440.0,normalDay
2022-08-12,7599.0,1667.0,0.0,100,427.1,437.0,0,0.0,0.0,,0.0,1,32.01,5.44,SPY220930C00440000,440.0,normalDay
2022-08-15,7599.0,1792.0,0.0,100,428.86,437.0,0,0.0,0.0,,0.0,1,32.01,5.95,SPY220930C00440000,440.0,normalDay
2022-08-16,7599.0,1875.0,0.0,100,429.7,437.0,0,0.0,0.0,,0.0,1,32.01,5.96,SPY220930C00440000,440.0,normalDay
2022-08-17,7599.0,1662.0,0.0,100,426.65,437.0,0,0.0,0.0,,0.0,1,32.01,5.04,SPY220930C00440000,440.0,normalDay
2022-08-18,7599.0,1800.0,0.0,100,427.89,437.0,0,0.0,0.0,,0.0,1,32.01,4.9,SPY220930C00440000,440.0,normalDay
2022-08-19,7599.0,1394.0,0.0,100,422.14,437.0,0,0.0,0.0,,0.0,1,32.01,3.21,SPY220930C00440000,440.0,normalDay
2022-08-22,7599.0,667.0,0.0,100,413.35,437.0,0,0.0,0.0,,0.0,1,32.01,1.69,SPY220930C00440000,440.0,normalDay
2022-08-23,7599.0,595.0,0.0,100,412.35,437.0,0,0.0,0.0,,0.0,1,32.01,1.41,SPY220930C00440000,440.0,normalDay
2022-08-24,7599.0,733.0,0.0,100,413.67,437.0,0,0.0,0.0,,0.0,1,32.01,1.35,SPY220930C00440000,440.0,normalDay
2022-08-25,7599.0,1250.0,0.0,100,419.51,437.0,0,0.0,0.0,,0.0,1,32.01,2.02,SPY220930C00440000,440.0,normalDay
2022-08-26,7599.0,-32.0,0.0,100,405.31,437.0,0,0.0,0.0,,0.0,1,32.01,0.64,SPY220930C00440000,440.0,normalDay
2022-08-29,7599.0,-284.0,0.0,100,402.63,437.0,0,0.0,0.0,,0.0,1,32.01,0.48,SPY220930C00440000,440.0,normalDay
2022-08-30,7599.0,-705.0,0.0,100,398.21,437.0,0,0.0,0.0,,0.0,1,32.01,0.27,SPY220930C00440000,440.0,normalDay
2022-08-31,7599.0,-1001.0,0.0,100,395.18,437.0,0,0.0,0.0,,0.0,1,32.01,0.2,SPY220930C00440000,440.0,normalDay
2022-09-01,7599.0,-877.0,0.0,100,396.42,437.0,0,0.0,0.0,,0.0,1,32.01,0.2,SPY220930C00440000,440.0,normalDay
2022-09-02,7599.0,-1288.0,0.0,100,392.24,437.0,0,0.0,0.0,,0.0,1,32.01,0.13,SPY220930C00440000,440.0,normalDay
2022-09-06,7599.0,-1434.0,0.0,100,390.76,437.0,0,0.0,0.0,,0.0,1,32.01,0.11,SPY220930C00440000,440.0,normalDay
2022-09-07,7599.0,-739.0,0.0,100,397.78,437.0,0,0.0,0.0,,0.0,1,32.01,0.18,SPY220930C00440000,440.0,normalDay
2022-09-08,7599.0,-479.0,0.0,100,400.38,437.0,0,0.0,0.0,,0.0,1,32.01,0.18,SPY220930C00440000,440.0,normalDay
2022-09-09,7599.0,136.0,0.0,100,406.6,437.0,0,0.0,0.0,,0.0,1,32.01,0.25,SPY220930C00440000,440.0,normalDay
2022-09-12,7599.0,551.0,0.0,100,410.97,437.0,0,0.0,0.0,,0.0,1,32.01,0.47,SPY220930C00440000,440.0,normalDay
2022-09-13,7599.0,-1196.0,0.0,100,393.1,437.0,0,0.0,0.0,,0.0,1,32.01,0.07,SPY220930C00440000,440.0,normalDay
2022-09-14,7599.0,-1045.0,0.0,100,394.6,437.0,0,0.0,0.0,,0.0,1,32.01,0.06,SPY220930C00440000,440.0,normalDay
2022-09-15,7599.0,-1491.0,0.0,100,390.12,437.0,0,0.0,0.0,,0.0,1,32.01,0.04,SPY220930C00440000,440.0,normalDay
2022-09-16,7599.0,-1946.0,0.0,100,385.56,437.0,0,0.0,0.0,,0.0,1,32.01,0.03,SPY220930C00440000,440.0,normalDay
2022-09-19,7599.0,-1646.0,0.0,100,388.55,437.0,0,0.0,0.0,,0.0,1,32.01,0.02,SPY220930C00440000,440.0,normalDay
2022-09-20,7599.0,-2092.0,0.0,100,384.09,437.0,0,0.0,0.0,,0.0,1,32.01,0.02,SPY220930C00440000,440.0,normalDay
2022-09-21,7599.0,-2762.0,0.0,100,377.39,437.0,0,0.0,0.0,,0.0,1,32.01,0.02,SPY220930C00440000,440.0,normalDay
2022-09-22,7599.0,-3078.0,0.0,100,374.22,437.0,0,0.0,0.0,,0.0,1,32.01,0.01,SPY220930C00440000,440.0,normalDay
2022-09-23,7599.0,-3705.0,0.0,100,367.95,437.0,0,0.0,0.0,,0.0,1,32.01,0.01,SPY220930C00440000,440.0,normalDay
2022-09-26,7599.0,-4069.0,0.0,100,364.31,437.0,0,0.0,0.0,,0.0,1,32.01,0.01,SPY220930C00440000,440.0,normalDay
2022-09-27,7599.0,-4162.0,0.0,100,363.38,437.0,0,0.0,0.0,,0.0,1,32.01,0.01,SPY220930C00440000,440.0,normalDay
2022-09-28,7599.0,-3447.0,0.0,100,370.53,437.0,0,0.0,0.0,,0.0,1,32.01,0.01,SPY220930C00440000,440.0,normalDay
2022-09-29,7599.0,-4221.0,0.0,100,362.79,437.0,0,0.0,0.0,,0.0,1,32.01,0.01,SPY220930C00440000,440.0,normalDay
2022-09-30,10800.0,-7982.0,3201.0,100,357.18,437.0,0,0.0,0.0,,0.0,1,32.01,0.0,SPY220930C00440000,440.0,expirationDay
2022-10-03,10800.0,-7541.0,0.0,100,366.61,437.0,0,0.0,0.0,,0.0,1,28.98,34.0,SPY230929C00386000,386.0,normalDay
2022-10-04,10800.0,-7247.0,0.0,100,377.97,437.0,0,0.0,0.0,,0.0,1,28.98,42.42,SPY230929C00386000,386.0,normalDay
2022-10-05,10800.0,-7093.0,0.0,100,377.09,437.0,0,0.0,0.0,,0.0,1,28.98,40.0,SPY230929C00386000,386.0,normalDay
2022-10-06,10800.0,-7282.0,0.0,100,373.2,437.0,0,0.0,0.0,,0.0,1,28.98,38.0,SPY230929C00386000,386.0,normalDay
2022-10-07,10800.0,-7973.0,0.0,100,362.79,437.0,0,0.0,0.0,,0.0,1,28.98,34.5,SPY230929C00386000,386.0,normalDay
2022-10-10,10800.0,-7915.0,0.0,100,360.02,437.0,0,0.0,0.0,,0.0,1,28.98,31.15,SPY230929C00386000,386.0,normalDay
2022-10-11,10800.0,-7908.0,0.0,100,357.74,437.0,0,0.0,0.0,,0.0,1,28.98,28.8,SPY230929C00386000,386.0,normalDay
2022-10-12,10800.0,-8046.0,0.0,100,356.56,437.0,0,0.0,0.0,,0.0,1,28.98,29.0,SPY230929C00386000,386.0,normalDay
2022-10-13,10800.0,-7637.0,0.0,100,365.97,437.0,0,0.0,0.0,,0.0,1,28.98,34.32,SPY230929C00386000,386.0,normalDay
2022-10-14,10800.0,-8021.0,0.0,100,357.63,437.0,0,0.0,0.0,,0.0,1,28.98,29.82,SPY230929C00386000,386.0,normalDay
2022-10-17,10800.0,-7538.0,0.0,100,366.82,437.0,0,0.0,0.0,,0.0,1,28.98,34.18,SPY230929C00386000,386.0,normalDay
2022-10-18,10800.0,-7388.0,0.0,100,371.13,437.0,0,0.0,0.0,,0.0,1,28.98,36.99,SPY230929C00386000,386.0,normalDay
2022-10-19,10800.0,-7491.0,0.0,100,368.5,437.0,0,0.0,0.0,,0.0,1,28.98,35.39,SPY230929C00386000,386.0,normalDay
2022-10-20,10800.0,-7572.0,0.0,100,365.41,437.0,0,0.0,0.0,,0.0,1,28.98,33.11,SPY230929C00386000,386.0,normalDay
2022-10-21,10800.0,-7207.0,0.0,100,374.29,437.0,0,0.0,0.0,,0.0,1,28.98,38.34,SPY230929C00386000,386.0,normalDay
2022-10-24,10800.0,-7003.0,0.0,100,378.87,437.0,0,0.0,0.0,,0.0,1,28.98,40.88,SPY230929C00386000,386.0,normalDay
2022-10-25,10800.0,-6536.0,0.0,100,384.92,437.0,0,0.0,0.0,,0.0,1,28.98,42.26,SPY230929C00386000,386.0,normalDay
2022-10-26,10800.0,-6765.0,0.0,100,382.02,437.0,0,0.0,0.0,,0.0,1,28.98,41.65,SPY230929C00386000,386.0,normalDay
2022-10-27,10800.0,-6553.0,0.0,100,379.98,437.0,0,0.0,0.0,,0.0,1,28.98,37.49,SPY230929C00386000,386.0,normalDay
2022-10-28,10800.0,-6352.0,0.0,100,389.02,437.0,0,0.0,0.0,,0.0,1,28.98,44.52,SPY230929C00386000,386.0,normalDay
2022-10-31,10800.0,-6445.0,0.0,100,386.21,437.0,0,0.0,0.0,,0.0,1,28.98,42.64,SPY230929C00386000,386.0,normalDay
2022-11-01,10800.0,-6467.0,0.0,100,384.52,437.0,0,0.0,0.0,,0.0,1,28.98,41.17,SPY230929C00386000,386.0,normalDay
2022-11-02,10800.0,-6948.0,0.0,100,374.87,437.0,0,0.0,0.0,,0.0,1,28.98,36.33,SPY230929C00386000,386.0,normalDay
2022-11-03,10800.0,-6990.0,0.0,100,371.01,437.0,0,0.0,0.0,,0.0,1,28.98,32.89,SPY230929C00386000,386.0,normalDay
2022-11-04,10800.0,-6764.0,0.0,100,376.35,437.0,0,0.0,0.0,,0.0,1,28.98,35.97,SPY230929C00386000,386.0,normalDay
2022-11-07,10800.0,-6579.0,0.0,100,379.95,437.0,0,0.0,0.0,,0.0,1,28.98,37.72,SPY230929C00386000,386.0,normalDay
2022-11-08,10800.0,-6461.0,0.0,100,382.0,437.0,0,0.0,0.0,,0.0,1,28.98,38.59,SPY230929C00386000,386.0,normalDay
2022-11-09,10800.0,-6816.0,0.0,100,374.13,437.0,0,0.0,0.0,,0.0,1,28.98,34.27,SPY230929C00386000,386.0,normalDay
2022-11-10,10800.0,-6041.0,0.0,100,394.69,437.0,0,0.0,0.0,,0.0,1,28.98,47.08,SPY230929C00386000,386.0,normalDay
2022-11-11,10800.0,-5868.0,0.0,100,398.51,437.0,0,0.0,0.0,,0.0,1,28.98,49.17,SPY230929C00386000,386.0,normalDay
2022-11-14,10800.0,-6055.0,0.0,100,395.12,437.0,0,0.0,0.0,,0.0,1,28.98,47.65,SPY230929C00386000,386.0,normalDay
2022-11-15,10800.0,-5903.0,0.0,100,398.49,437.0,0,0.0,0.0,,0.0,1,28.98,49.5,SPY230929C00386000,386.0,normalDay
2022-11-16,10800.0,-5968.0,0.0,100,395.45,437.0,0,0.0,0.0,,0.0,1,28.98,47.11,SPY230929C00386000,386.0,normalDay
2022-11-17,10800.0,-5944.0,0.0,100,394.24,437.0,0,0.0,0.0,,0.0,1,28.98,45.66,SPY230929C00386000,386.0,normalDay
2022-11-18,10800.0,-5907.0,0.0,100,396.03,437.0,0,0.0,0.0,,0.0,1,28.98,47.08,SPY230929C00386000,386.0,normalDay
2022-11-21,10800.0,-5901.0,0.0,100,394.59,437.0,0,0.0,0.0,,0.0,1,28.98,45.58,SPY230929C00386000,386.0,normalDay
2022-11-22,10800.0,-5681.0,0.0,100,399.9,437.0,0,0.0,0.0,,0.0,1,28.98,48.69,SPY230929C00386000,386.0,normalDay
2022-11-23,10800.0,-5579.0,0.0,100,402.42,437.0,0,0.0,0.0,,0.0,1,28.98,50.19,SPY230929C00386000,386.0,normalDay
2022-11-25,10800.0,-5712.0,0.0,100,402.33,437.0,0,0.0,0.0,,0.0,1,28.98,51.43,SPY230929C00386000,386.0,normalDay
2022-11-28,10800.0,-5815.0,0.0,100,395.91,437.0,0,0.0,0.0,,0.0,1,28.98,46.04,SPY230929C00386000,386.0,normalDay
2022-11-29,10800.0,-5789.0,0.0,100,395.23,437.0,0,0.0,0.0,,0.0,1,28.98,45.1,SPY230929C00386000,386.0,normalDay
2022-11-30,10800.0,-5534.0,0.0,100,407.68,437.0,0,0.0,0.0,,0.0,1,28.98,55.0,SPY230929C00386000,386.0,normalDay
2022-12-01,10800.0,-5305.0,0.0,100,407.38,437.0,0,0.0,0.0,,0.0,1,28.98,52.41,SPY230929C00386000,386.0,normalDay
2022-12-02,10800.0,-5266.0,0.0,100,406.91,437.0,0,0.0,0.0,,0.0,1,28.98,51.55,SPY230929C00386000,386.0,normalDay
2022-12-05,10800.0,-5529.0,0.0,100,399.59,437.0,0,0.0,0.0,,0.0,1,28.98,46.86,SPY230929C00386000,386.0,normalDay
2022-12-06,10800.0,-5705.0,0.0,100,393.83,437.0,0,0.0,0.0,,0.0,1,28.98,42.86,SPY230929C00386000,386.0,normalDay
2022-12-07,10800.0,-5752.0,0.0,100,393.16,437.0,0,0.0,0.0,,0.0,1,28.98,42.66,SPY230929C00386000,386.0,normalDay
2022-12-08,10800.0,-5633.0,0.0,100,396.24,437.0,0,0.0,0.0,,0.0,1,28.98,44.55,SPY230929C00386000,386.0,normalDay
2022-12-09,10800.0,-5756.0,0.0,100,393.28,437.0,0,0.0,0.0,,0.0,1,28.98,42.82,SPY230929C00386000,386.0,normalDay
2022-12-12,10800.0,-5555.0,0.0,100,398.95,437.0,0,0.0,0.0,,0.0,1,28.98,46.48,SPY230929C00386000,386.0,normalDay
2022-12-13,10800.0,-5425.0,0.0,100,401.97,437.0,0,0.0,0.0,,0.0,1,28.98,48.2,SPY230929C00386000,386.0,normalDay
2022-12-14,10800.0,-5566.0,0.0,100,399.4,437.0,0,0.0,0.0,,0.0,1,28.98,47.04,SPY230929C00386000,386.0,normalDay
2022-12-15,10800.0,-5848.0,0.0,100,389.63,437.0,0,0.0,0.0,,0.0,1,28.98,40.09,SPY230929C00386000,386.0,normalDay
2022-12-16,10800.0,-6140.0,0.0,100,383.27,437.0,0,0.0,0.0,,0.0,1,28.98,36.65,SPY230929C00386000,386.0,normalDay
2022-12-19,10800.0,-6214.0,0.0,100,380.02,437.0,0,0.0,0.0,,0.0,1,28.98,34.14,SPY230929C00386000,386.0,normalDay
2022-12-20,10800.0,-6166.0,0.0,100,380.54,437.0,0,0.0,0.0,,0.0,1,28.98,34.18,SPY230929C00386000,386.0,normalDay
2022-12-21,10800.0,-5891.0,0.0,100,386.23,437.0,0,0.0,0.0,,0.0,1,28.98,37.12,SPY230929C00386000,386.0,normalDay
2022-12-22,10800.0,-6129.0,0.0,100,380.72,437.0,0,0.0,0.0,,0.0,1,28.98,33.99,SPY230929C00386000,386.0,normalDay
2022-12-23,10800.0,-6001.0,0.0,100,382.91,437.0,0,0.0,0.0,,0.0,1,28.98,34.9,SPY230929C00386000,386.0,normalDay
2022-12-27,10800.0,-6121.0,0.0,100,381.4,437.0,0,0.0,0.0,,0.0,1,28.98,34.59,SPY230929C00386000,386.0,normalDay
2022-12-28,10800.0,-6242.0,0.0,100,376.66,437.0,0,0.0,0.0,,0.0,1,28.98,31.06,SPY230929C00386000,386.0,normalDay
2022-12-29,10800.0,-5917.0,0.0,100,383.44,437.0,0,0.0,0.0,,0.0,1,28.98,34.59,SPY230929C00386000,386.0,normalDay
2022-12-30,10800.0,-5973.0,0.0,100,382.43,437.0,0,0.0,0.0,,0.0,1,28.98,34.14,SPY230929C00386000,386.0,normalDay
2023-01-03,10800.0,-5959.0,0.0,100,380.82,437.0,0,0.0,0.0,,0.0,1,28.98,32.39,SPY230929C00386000,386.0,normalDay
2023-01-04,10800.0,-5813.0,0.0,100,383.76,437.0,0,0.0,0.0,,0.0,1,28.98,33.87,SPY230929C00386000,386.0,normalDay
2023-01-05,10800.0,-5957.0,0.0,100,379.38,437.0,0,0.0,0.0,,0.0,1,28.98,30.93,SPY230929C00386000,386.0,normalDay
2023-01-06,10800.0,-5553.0,0.0,100,388.08,437.0,0,0.0,0.0,,0.0,1,28.98,35.59,SPY230929C00386000,386.0,normalDay
2023-01-09,10800.0,-5547.0,0.0,100,387.86,437.0,0,0.0,0.0,,0.0,1,28.98,35.31,SPY230929C00386000,386.0,normalDay
2023-01-10,10800.0,-5400.0,0.0,100,390.58,437.0,0,0.0,0.0,,0.0,1,28.98,36.56,SPY230929C00386000,386.0,normalDay
2023-01-11,10800.0,-5252.0,0.0,100,395.52,437.0,0,0.0,0.0,,0.0,1,28.98,40.02,SPY230929C00386000,386.0,normalDay
2023-01-12,10800.0,-5101.0,0.0,100,396.96,437.0,0,0.0,0.0,,0.0,1,28.98,39.95,SPY230929C00386000,386.0,normalDay
2023-01-13,10800.0,-4984.0,0.0,100,398.5,437.0,0,0.0,0.0,,0.0,1,28.98,40.32,SPY230929C00386000,386.0,normalDay
2023-01-17,10800.0,-5012.0,0.0,100,397.77,437.0,0,0.0,0.0,,0.0,1,28.98,39.87,SPY230929C00386000,386.0,normalDay
2023-01-18,10800.0,-5233.0,0.0,100,391.49,437.0,0,0.0,0.0,,0.0,1,28.98,35.8,SPY230929C00386000,386.0,normalDay
2023-01-19,10800.0,-5281.0,0.0,100,388.64,437.0,0,0.0,0.0,,0.0,1,28.98,33.43,SPY230929C00386000,386.0,normalDay
2023-01-20,10800.0,-4995.0,0.0,100,395.88,437.0,0,0.0,0.0,,0.0,1,28.98,37.81,SPY230929C00386000,386.0,normalDay
2023-01-23,10800.0,-4819.0,0.0,100,400.63,437.0,0,0.0,0.0,,0.0,1,28.98,40.8,SPY230929C00386000,386.0,normalDay
2023-01-24,10800.0,-4899.0,0.0,100,400.2,437.0,0,0.0,0.0,,0.0,1,28.98,41.17,SPY230929C00386000,386.0,normalDay
2023-01-25,10800.0,-4755.0,0.0,100,400.35,437.0,0,0.0,0.0,,0.0,1,28.98,39.88,SPY230929C00386000,386.0,normalDay
2023-01-26,10800.0,-4587.0,0.0,100,404.75,437.0,0,0.0,0.0,,0.0,1,28.98,42.6,SPY230929C00386000,386.0,normalDay
2023-01-27,10800.0,-4583.0,0.0,100,405.68,437.0,0,0.0,0.0,,0.0,1,28.98,43.49,SPY230929C00386000,386.0,normalDay
2023-01-30,10800.0,-4766.0,0.0,100,400.59,437.0,0,0.0,0.0,,0.0,1,28.98,40.23,SPY230929C00386000,386.0,normalDay
2023-01-31,10800.0,-4536.0,0.0,100,406.48,437.0,0,0.0,0.0,,0.0,1,28.98,43.82,SPY230929C00386000,386.0,normalDay
2023-02-01,10800.0,-4523.0,0.0,100,410.8,437.0,0,0.0,0.0,,0.0,1,28.98,48.01,SPY230929C00386000,386.0,normalDay
2023-02-02,10800.0,-4292.0,0.0,100,416.78,437.0,0,0.0,0.0,,0.0,1,28.98,51.68,SPY230929C00386000,386.0,normalDay
2023-02-03,10800.0,-4413.0,0.0,100,412.35,437.0,0,0.0,0.0,,0.0,1,28.98,48.46,SPY230929C00386000,386.0,normalDay
2023-02-06,10800.0,-4480.0,0.0,100,409.83,437.0,0,0.0,0.0,,0.0,1,28.98,46.61,SPY230929C00386000,386.0,normalDay
2023-02-07,10800.0,-4281.0,0.0,100,415.19,437.0,0,0.0,0.0,,0.0,1,28.98,49.98,SPY230929C00386000,386.0,normalDay
2023-02-08,10800.0,-4467.0,0.0,100,410.65,437.0,0,0.0,0.0,,0.0,1,28.98,47.3,SPY230929C00386000,386.0,normalDay
2023-02-09,10800.0,-4575.0,0.0,100,407.09,437.0,0,0.0,0.0,,0.0,1,28.98,44.82,SPY230929C00386000,386.0,normalDay
2023-02-10,10800.0,-4562.0,0.0,100,408.04,437.0,0,0.0,0.0,,0.0,1,28.98,45.64,SPY230929C00386000,386.0,normalDay
2023-02-13,10800.0,-4377.0,0.0,100,412.83,437.0,0,0.0,0.0,,0.0,1,28.98,48.58,SPY230929C00386000,386.0,normalDay
2023-02-14,10800.0,-4311.0,0.0,100,412.64,437.0,0,0.0,0.0,,0.0,1,28.98,47.73,SPY230929C00386000,386.0,normalDay
2023-02-15,10800.0,-4296.0,0.0,100,413.98,437.0,0,0.0,0.0,,0.0,1,28.98,48.92,SPY230929C00386000,386.0,normalDay
2023-02-16,10800.0,-4434.0,0.0,100,408.28,437.0,0,0.0,0.0,,0.0,1,28.98,44.6,SPY230929C00386000,386.0,normalDay
2023-02-17,10800.0,-4446.0,0.0,100,407.26,437.0,0,0.0,0.0,,0.0,1,28.98,43.7,SPY230929C00386000,386.0,normalDay
2023-02-21,10800.0,-4745.0,0.0,100,399.09,437.0,0,0.0,0.0,,0.0,1,28.98,38.52,SPY230929C00386000,386.0,normalDay
2023-02-22,10800.0,-4716.0,0.0,100,398.54,437.0,0,0.0,0.0,,0.0,1,28.98,37.68,SPY230929C00386000,386.0,normalDay
2023-02-23,10800.0,-4556.0,0.0,100,400.66,437.0,0,0.0,0.0,,0.0,1,28.98,38.2,SPY230929C00386000,386.0,normalDay
2023-02-24,10800.0,-4710.0,0.0,100,396.38,437.0,0,0.0,0.0,,0.0,1,28.98,35.46,SPY230929C00386000,386.0,normalDay
2023-02-27,10800.0,-4643.0,0.0,100,397.73,437.0,0,0.0,0.0,,0.0,1,28.98,36.14,SPY230929C00386000,386.0,normalDay
2023-02-28,10800.0,-4626.0,0.0,100,396.26,437.0,0,0.0,0.0,,0.0,1,28.98,34.5,SPY230929C00386000,386.0,normalDay
2023-03-01,10800.0,-4688.0,0.0,100,394.74,437.0,0,0.0,0.0,,0.0,1,28.98,33.6,SPY230929C00386000,386.0,normalDay
2023-03-02,10800.0,-4546.0,0.0,100,397.81,437.0,0,0.0,0.0,,0.0,1,28.98,35.25,SPY230929C00386000,386.0,normalDay
2023-03-03,10800.0,-4361.0,0.0,100,404.19,437.0,0,0.0,0.0,,0.0,1,28.98,39.78,SPY230929C00386000,386.0,normalDay
2023-03-06,10800.0,-4317.0,0.0,100,404.47,437.0,0,0.0,0.0,,0.0,1,28.98,39.62,SPY230929C00386000,386.0,normalDay
2023-03-07,10800.0,-4503.0,0.0,100,398.27,437.0,0,0.0,0.0,,0.0,1,28.98,35.28,SPY230929C00386000,386.0,normalDay
2023-03-08,10800.0,-4448.0,0.0,100,398.92,437.0,0,0.0,0.0,,0.0,1,28.98,35.38,SPY230929C00386000,386.0,normalDay
2023-03-09,10800.0,-4746.0,0.0,100,391.56,437.0,0,0.0,0.0,,0.0,1,28.98,31.0,SPY230929C00386000,386.0,normalDay
2023-03-10,10800.0,-4996.0,0.0,100,385.91,437.0,0,0.0,0.0,,0.0,1,28.98,27.85,SPY230929C00386000,386.0,normalDay
2023-03-13,10800.0,-5033.0,0.0,100,385.36,437.0,0,0.0,0.0,,0.0,1,28.98,27.67,SPY230929C00386000,386.0,normalDay
2023-03-14,10800.0,-4697.0,0.0,100,391.73,437.0,0,0.0,0.0,,0.0,1,28.98,30.68,SPY230929C00386000,386.0,normalDay
2023-03-15,10800.0,-4881.0,0.0,100,389.28,437.0,0,0.0,0.0,,0.0,1,28.98,30.07,SPY230929C00386000,386.0,normalDay
2023-03-16,10800.0,-4571.0,0.0,100,396.11,437.0,0,0.0,0.0,,0.0,1,28.98,33.8,SPY230929C00386000,386.0,normalDay
2023-03-17,10800.0,-5012.0,0.0,100,389.99,437.0,0,0.0,0.0,,0.0,1,28.98,32.09,SPY230929C00386000,386.0,normalDay
2023-03-20,10800.0,-4769.0,0.0,100,393.74,437.0,0,0.0,0.0,,0.0,1,28.98,33.41,SPY230929C00386000,386.0,normalDay
2023-03-21,10800.0,-4540.0,0.0,100,398.91,437.0,0,0.0,0.0,,0.0,1,28.98,36.29,SPY230929C00386000,386.0,normalDay
2023-03-22,10800.0,-4822.0,0.0,100,392.11,437.0,0,0.0,0.0,,0.0,1,28.98,32.31,SPY230929C00386000,386.0,normalDay
2023-03-23,10800.0,-4870.0,0.0,100,393.17,437.0,0,0.0,0.0,,0.0,1,28.98,33.85,SPY230929C00386000,386.0,normalDay
2023-03-24,10800.0,-4601.0,0.0,100,395.75,437.0,0,0.0,0.0,,0.0,1,28.98,33.74,SPY230929C00386000,386.0,normalDay
2023-03-27,10800.0,-4522.0,0.0,100,396.49,437.0,0,0.0,0.0,,0.0,1,28.98,33.69,SPY230929C00386000,386.0,normalDay
2023-03-28,10800.0,-4546.0,0.0,100,395.6,437.0,0,0.0,0.0,,0.0,1,28.98,33.04,SPY230929C00386000,386.0,normalDay
2023-03-29,10800.0,-4302.0,0.0,100,401.35,437.0,0,0.0,0.0,,0.0,1,28.98,36.35,SPY230929C00386000,386.0,normalDay
2023-03-30,10800.0,-4235.0,0.0,100,403.7,437.0,0,0.0,0.0,,0.0,1,28.98,38.03,SPY230929C00386000,386.0,normalDay
2023-03-31,10800.0,-4105.0,0.0,100,409.39,437.0,0,0.0,0.0,,0.0,1,28.98,42.42,SPY230929C00386000,386.0,normalDay
2023-04-03,10800.0,-4026.0,0.0,100,410.95,437.0,0,0.0,0.0,,0.0,1,28.98,43.19,SPY230929C00386000,386.0,normalDay
2023-04-04,10800.0,-4081.0,0.0,100,408.67,437.0,0,0.0,0.0,,0.0,1,28.98,41.46,SPY230929C00386000,386.0,normalDay
2023-04-05,10800.0,-4092.0,0.0,100,407.6,437.0,0,0.0,0.0,,0.0,1,28.98,40.5,SPY230929C00386000,386.0,normalDay
2023-04-06,10800.0,-4030.0,0.0,100,409.19,437.0,0,0.0,0.0,,0.0,1,28.98,41.47,SPY230929C00386000,386.0,normalDay
2023-04-10,10800.0,-4039.0,0.0,100,409.61,437.0,0,0.0,0.0,,0.0,1,28.98,41.98,SPY230929C00386000,386.0,normalDay
2023-04-11,10800.0,-4023.0,0.0,100,409.72,437.0,0,0.0,0.0,,0.0,1,28.98,41.93,SPY230929C00386000,386.0,normalDay
2023-04-12,10800.0,-4025.0,0.0,100,408.05,437.0,0,0.0,0.0,,0.0,1,28.98,40.28,SPY230929C00386000,386.0,normalDay
2023-04-13,10800.0,-3852.0,0.0,100,413.47,437.0,0,0.0,0.0,,0.0,1,28.98,43.97,SPY230929C00386000,386.0,normalDay
2023-04-14,10800.0,-3872.0,0.0,100,412.46,437.0,0,0.0,0.0,,0.0,1,28.98,43.16,SPY230929C00386000,386.0,normalDay
2023-04-17,10800.0,-3796.0,0.0,100,413.94,437.0,0,0.0,0.0,,0.0,1,28.98,43.88,SPY230929C00386000,386.0,normalDay
2023-04-18,10800.0,-3755.0,0.0,100,414.21,437.0,0,0.0,0.0,,0.0,1,28.98,43.74,SPY230929C00386000,386.0,normalDay
2023-04-19,10800.0,-3763.0,0.0,100,414.14,437.0,0,0.0,0.0,,0.0,1,28.98,43.75,SPY230929C00386000,386.0,normalDay
2023-04-20,10800.0,-3863.0,0.0,100,411.88,437.0,0,0.0,0.0,,0.0,1,28.98,42.49,SPY230929C00386000,386.0,normalDay
2023-04-21,10800.0,-3804.0,0.0,100,412.2,437.0,0,0.0,0.0,,0.0,1,28.98,42.22,SPY230929C00386000,386.0,normalDay
2023-04-24,10800.0,-3790.0,0.0,100,412.63,437.0,0,0.0,0.0,,0.0,1,28.98,42.51,SPY230929C00386000,386.0,normalDay
2023-04-25,10800.0,-4095.0,0.0,100,406.08,437.0,0,0.0,0.0,,0.0,1,28.98,39.01,SPY230929C00386000,386.0,normalDay
2023-04-26,10800.0,-4006.0,0.0,100,404.36,437.0,0,0.0,0.0,,0.0,1,28.98,36.4,SPY230929C00386000,386.0,normalDay
2023-04-27,10800.0,-3831.0,0.0,100,412.41,437.0,0,0.0,0.0,,0.0,1,28.98,42.7,SPY230929C00386000,386.0,normalDay
2023-04-28,10800.0,-3650.0,0.0,100,415.93,437.0,0,0.0,0.0,,0.0,1,28.98,44.41,SPY230929C00386000,386.0,normalDay
2023-05-01,10800.0,-3650.0,0.0,100,415.51,437.0,0,0.0,0.0,,0.0,1,28.98,43.99,SPY230929C00386000,386.0,normalDay
2023-05-02,10800.0,-3751.0,0.0,100,410.84,437.0,0,0.0,0.0,,0.0,1,28.98,40.33,SPY230929C00386000,386.0,normalDay
2023-05-03,10800.0,-3893.0,0.0,100,408.02,437.0,0,0.0,0.0,,0.0,1,28.98,38.93,SPY230929C00386000,386.0,normalDay
2023-05-04,10800.0,-3916.0,0.0,100,405.13,437.0,0,0.0,0.0,,0.0,1,28.98,36.27,SPY230929C00386000,386.0,normalDay
2023-05-05,10800.0,-3659.0,0.0,100,412.63,437.0,0,0.0,0.0,,0.0,1,28.98,41.2,SPY230929C00386000,386.0,normalDay
2023-05-08,10800.0,-3650.0,0.0,100,412.74,437.0,0,0.0,0.0,,0.0,1,28.98,41.22,SPY230929C00386000,386.0,normalDay
2023-05-09,10800.0,-3731.0,0.0,100,410.93,437.0,0,0.0,0.0,,0.0,1,28.98,40.22,SPY230929C00386000,386.0,normalDay
2023-05-10,10800.0,-3650.0,0.0,100,412.85,437.0,0,0.0,0.0,,0.0,1,28.98,41.33,SPY230929C00386000,386.0,normalDay
2023-05-11,10800.0,-3599.0,0.0,100,412.13,437.0,0,0.0,0.0,,0.0,1,28.98,40.1,SPY230929C00386000,386.0,normalDay
2023-05-12,10800.0,-3589.0,0.0,100,411.59,437.0,0,0.0,0.0,,0.0,1,28.98,39.46,SPY230929C00386000,386.0,normalDay
2023-05-15,10800.0,-3545.0,0.0,100,413.01,437.0,0,0.0,0.0,,0.0,1,28.98,40.44,SPY230929C00386000,386.0,normalDay
2023-05-16,10800.0,-3629.0,0.0,100,410.25,437.0,0,0.0,0.0,,0.0,1,28.98,38.52,SPY230929C00386000,386.0,normalDay
2023-05-17,10800.0,-3463.0,0.0,100,415.23,437.0,0,0.0,0.0,,0.0,1,28.98,41.84,SPY230929C00386000,386.0,normalDay
2023-05-18,10800.0,-3352.0,0.0,100,419.23,437.0,0,0.0,0.0,,0.0,1,28.98,44.73,SPY230929C00386000,386.0,normalDay
2023-05-19,10800.0,-3381.0,0.0,100,418.62,437.0,0,0.0,0.0,,0.0,1,28.98,44.41,SPY230929C00386000,386.0,normalDay
2023-05-22,10800.0,-3398.0,0.0,100,418.79,437.0,0,0.0,0.0,,0.0,1,28.98,44.75,SPY230929C00386000,386.0,normalDay
2023-05-23,10800.0,-3485.0,0.0,100,414.09,437.0,0,0.0,0.0,,0.0,1,28.98,40.92,SPY230929C00386000,386.0,normalDay
2023-05-24,10800.0,-3573.0,0.0,100,411.09,437.0,0,0.0,0.0,,0.0,1,28.98,38.8,SPY230929C00386000,386.0,normalDay
2023-05-25,10800.0,-3446.0,0.0,100,414.65,437.0,0,0.0,0.0,,0.0,1,28.98,41.09,SPY230929C00386000,386.0,normalDay
2023-05-26,10800.0,-3347.0,0.0,100,420.02,437.0,0,0.0,0.0,,0.0,1,28.98,45.47,SPY230929C00386000,386.0,normalDay
2023-05-30,10800.0,-3300.0,0.0,100,420.18,437.0,0,0.0,0.0,,0.0,1,28.98,45.16,SPY230929C00386000,386.0,normalDay
2023-05-31,10800.0,-3297.0,0.0,100,417.85,437.0,0,0.0,0.0,,0.0,1,28.98,42.8,SPY230929C00386000,386.0,normalDay
2023-06-01,10800.0,-3194.0,0.0,100,421.82,437.0,0,0.0,0.0,,0.0,1,28.98,45.74,SPY230929C00386000,386.0,normalDay
2023-06-02,10800.0,-3077.0,0.0,100,427.92,437.0,0,0.0,0.0,,0.0,1,28.98,50.67,SPY230929C00386000,386.0,normalDay
2023-06-05,10800.0,-3058.0,0.0,100,427.1,437.0,0,0.0,0.0,,0.0,1,28.98,49.66,SPY230929C00386000,386.0,normalDay
2023-06-06,10800.0,-3032.0,0.0,100,428.03,437.0,0,0.0,0.0,,0.0,1,28.98,50.33,SPY230929C00386000,386.0,normalDay
2023-06-07,10800.0,-3018.0,0.0,100,426.55,437.0,0,0.0,0.0,,0.0,1,28.98,48.71,SPY230929C00386000,386.0,normalDay
2023-06-08,10800.0,-2929.0,0.0,100,429.13,437.0,0,0.0,0.0,,0.0,1,28.98,50.4,SPY230929C00386000,386.0,normalDay
2023-06-09,10800.0,-2977.0,0.0,100,429.9,437.0,0,0.0,0.0,,0.0,1,28.98,51.65,SPY230929C00386000,386.0,normalDay
2023-06-12,10800.0,-2898.0,0.0,100,433.8,437.0,0,0.0,0.0,,0.0,1,28.98,54.76,SPY230929C00386000,386.0,normalDay
2023-06-13,10800.0,-2890.0,0.0,100,436.66,437.0,0,0.0,0.0,,0.0,1,28.98,57.54,SPY230929C00386000,386.0,normalDay
2023-06-14,10800.0,-2892.0,0.0,100,437.18,437.0,0,0.0,0.0,,0.0,1,28.98,58.08,SPY230929C00386000,386.0,normalDay
2023-06-15,10800.0,-2771.0,0.0,100,442.6,437.0,0,0.0,0.0,,0.0,1,28.98,62.29,SPY230929C00386000,386.0,normalDay
2023-06-16,10800.0,-3017.0,0.0,100,439.46,437.0,0,0.0,0.0,,0.0,1,28.98,61.61,SPY230929C00386000,386.0,normalDay
2023-06-20,10800.0,-2954.0,0.0,100,437.18,437.0,0,0.0,0.0,,0.0,1,28.98,58.7,SPY230929C00386000,386.0,normalDay
2023-06-21,10800.0,-2999.0,0.0,100,434.94,437.0,0,0.0,0.0,,0.0,1,28.98,56.91,SPY230929C00386000,386.0,normalDay
2023-06-22,10800.0,-2923.0,0.0,100,436.51,437.0,0,0.0,0.0,,0.0,1,28.98,57.72,SPY230929C00386000,386.0,normalDay
2023-06-23,10800.0,-2977.0,0.0,100,433.21,437.0,0,0.0,0.0,,0.0,1,28.98,54.96,SPY230929C00386000,386.0,normalDay
2023-06-26,10800.0,-2989.0,0.0,100,431.44,437.0,0,0.0,0.0,,0.0,1,28.98,53.31,SPY230929C00386000,386.0,normalDay
2023-06-27,10800.0,-2886.0,0.0,100,436.17,437.0,0,0.0,0.0,,0.0,1,28.98,57.01,SPY230929C00386000,386.0,normalDay
2023-06-28,10800.0,-2924.0,0.0,100,436.39,437.0,0,0.0,0.0,,0.0,1,28.98,57.61,SPY230929C00386000,386.0,normalDay
2023-06-29,10800.0,-2866.0,0.0,100,438.11,437.0,0,0.0,0.0,,0.0,1,28.98,58.75,SPY230929C00386000,386.0,normalDay
2023-06-30,10800.0,-2846.0,0.0,100,443.28,437.0,0,0.0,0.0,,0.0,1,28.98,63.72,SPY230929C00386000,386.0,normalDay
2023-07-03,10800.0,-2897.0,0.0,100,443.79,437.0,0,0.0,0.0,,0.0,1,28.98,64.74,SPY230929C00386000,386.0,normalDay
2023-07-05,10800.0,-2806.0,0.0,100,443.13,437.0,0,0.0,0.0,,0.0,1,28.98,63.17,SPY230929C00386000,386.0,normalDay
2023-07-06,10800.0,-2839.0,0.0,100,439.66,437.0,0,0.0,0.0,,0.0,1,28.98,60.03,SPY230929C00386000,386.0,normalDay
2023-07-07,10800.0,-2858.0,0.0,100,438.55,437.0,0,0.0,0.0,,0.0,1,28.98,59.11,SPY230929C00386000,386.0,normalDay
2023-07-10,10800.0,-2814.0,0.0,100,439.66,437.0,0,0.0,0.0,,0.0,1,28.98,59.78,SPY230929C00386000,386.0,normalDay
2023-07-11,10800.0,-2758.0,0.0,100,442.46,437.0,0,0.0,0.0,,0.0,1,28.98,62.02,SPY230929C00386000,386.0,normalDay
2023-07-12,10800.0,-2749.0,0.0,100,446.02,437.0,0,0.0,0.0,,0.0,1,28.98,65.49,SPY230929C00386000,386.0,normalDay
2023-07-13,10800.0,-2708.0,0.0,100,449.56,437.0,0,0.0,0.0,,0.0,1,28.98,68.62,SPY230929C00386000,386.0,normalDay
2023-07-14,10800.0,-2676.0,0.0,100,449.28,437.0,0,0.0,0.0,,0.0,1,28.98,68.02,SPY230929C00386000,386.0,normalDay
2023-07-17,10800.0,-2648.0,0.0,100,450.84,437.0,0,0.0,0.0,,0.0,1,28.98,69.3,SPY230929C00386000,386.0,normalDay
2023-07-18,10800.0,-2652.0,0.0,100,454.19,437.0,0,0.0,0.0,,0.0,1,28.98,72.69,SPY230929C00386000,386.0,normalDay
2023-07-19,10800.0,-2657.0,0.0,100,455.2,437.0,0,0.0,0.0,,0.0,1,28.98,73.75,SPY230929C00386000,386.0,normalDay
2023-07-20,10800.0,-2694.0,0.0,100,452.18,437.0,0,0.0,0.0,,0.0,1,28.98,71.1,SPY230929C00386000,386.0,normalDay
2023-07-21,10800.0,-2655.0,0.0,100,452.18,437.0,0,0.0,0.0,,0.0,1,28.98,70.71,SPY230929C00386000,386.0,normalDay
2023-07-24,10800.0,-2655.0,0.0,100,454.2,437.0,0,0.0,0.0,,0.0,1,28.98,72.73,SPY230929C00386000,386.0,normalDay
2023-07-25,10800.0,-2692.0,0.0,100,455.44,437.0,0,0.0,0.0,,0.0,1,28.98,74.34,SPY230929C00386000,386.0,normalDay
2023-07-26,10800.0,-2712.0,0.0,100,455.51,437.0,0,0.0,0.0,,0.0,1,28.98,74.61,SPY230929C00386000,386.0,normalDay
2023-07-27,10800.0,-2661.0,0.0,100,452.49,437.0,0,0.0,0.0,,0.0,1,28.98,71.08,SPY230929C00386000,386.0,normalDay
2023-07-28,10800.0,-2587.0,0.0,100,456.92,437.0,0,0.0,0.0,,0.0,1,28.98,74.77,SPY230929C00386000,386.0,normalDay
2023-07-31,10800.0,-2577.0,0.0,100,457.79,437.0,0,0.0,0.0,,0.0,1,28.98,75.54,SPY230929C00386000,386.0,normalDay
2023-08-01,10800.0,-2549.0,0.0,100,456.48,437.0,0,0.0,0.0,,0.0,1,28.98,73.95,SPY230929C00386000,386.0,normalDay
2023-08-02,10800.0,-2607.0,0.0,100,450.13,437.0,0,0.0,0.0,,0.0,1,28.98,68.18,SPY230929C00386000,386.0,normalDay
2023-08-03,10800.0,-2808.0,0.0,100,448.84,437.0,0,0.0,0.0,,0.0,1,28.98,68.9,SPY230929C00386000,386.0,normalDay
2023-08-04,10800.0,-2591.0,0.0,100,446.81,437.0,0,0.0,0.0,,0.0,1,28.98,64.7,SPY230929C00386000,386.0,normalDay
2023-08-07,10800.0,-2561.0,0.0,100,450.71,437.0,0,0.0,0.0,,0.0,1,28.98,68.3,SPY230929C00386000,386.0,normalDay
2023-08-08,10800.0,-2540.0,0.0,100,448.75,437.0,0,0.0,0.0,,0.0,1,28.98,66.13,SPY230929C00386000,386.0,normalDay
2023-08-09,10800.0,-2592.0,0.0,100,445.75,437.0,0,0.0,0.0,,0.0,1,28.98,63.65,SPY230929C00386000,386.0,normalDay
2023-08-10,10800.0,-2518.0,0.0,100,445.91,437.0,0,0.0,0.0,,0.0,1,28.98,63.07,SPY230929C00386000,386.0,normalDay
2023-08-11,10800.0,-2522.0,0.0,100,445.65,437.0,0,0.0,0.0,,0.0,1,28.98,62.85,SPY230929C00386000,386.0,normalDay
2023-08-14,10800.0,-2486.0,0.0,100,448.11,437.0,0,0.0,0.0,,0.0,1,28.98,64.95,SPY230929C00386000,386.0,normalDay
2023-08-15,10800.0,-2485.0,0.0,100,442.89,437.0,0,0.0,0.0,,0.0,1,28.98,59.72,SPY230929C00386000,386.0,normalDay
2023-08-16,10800.0,-2526.0,0.0,100,439.64,437.0,0,0.0,0.0,,0.0,1,28.98,56.88,SPY230929C00386000,386.0,normalDay
2023-08-17,10800.0,-2495.0,0.0,100,436.29,437.0,0,0.0,0.0,,0.0,1,28.98,53.22,SPY230929C00386000,386.0,normalDay
2023-08-18,10800.0,-2481.0,0.0,100,436.5,437.0,0,0.0,0.0,,0.0,1,28.98,53.29,SPY230929C00386000,386.0,normalDay
2023-08-21,10800.0,-2413.0,0.0,100,439.34,437.0,0,0.0,0.0,,0.0,1,28.98,55.45,SPY230929C00386000,386.0,normalDay
2023-08-22,10800.0,-2435.0,0.0,100,438.15,437.0,0,0.0,0.0,,0.0,1,28.98,54.48,SPY230929C00386000,386.0,normalDay
2023-08-23,10800.0,-2440.0,0.0,100,443.03,437.0,0,0.0,0.0,,0.0,1,28.98,59.41,SPY230929C00386000,386.0,normalDay
2023-08-24,10800.0,-2416.0,0.0,100,436.89,437.0,0,0.0,0.0,,0.0,1,28.98,53.03,SPY230929C00386000,386.0,normalDay
2023-08-25,10800.0,-2404.0,0.0,100,439.97,437.0,0,0.0,0.0,,0.0,1,28.98,55.99,SPY230929C00386000,386.0,normalDay
2023-08-28,10800.0,-2381.0,0.0,100,442.76,437.0,0,0.0,0.0,,0.0,1,28.98,58.55,SPY230929C00386000,386.0,normalDay
2023-08-29,10800.0,-2360.0,0.0,100,449.16,437.0,0,0.0,0.0,,0.0,1,28.98,64.74,SPY230929C00386000,386.0,normalDay
2023-08-30,10800.0,-2348.0,0.0,100,451.01,437.0,0,0.0,0.0,,0.0,1,28.98,66.47,SPY230929C00386000,386.0,normalDay
2023-08-31,10800.0,-2359.0,0.0,100,450.35,437.0,0,0.0,0.0,,0.0,1,28.98,65.92,SPY230929C00386000,386.0,normalDay
2023-09-01,10800.0,-2303.0,0.0,100,451.19,437.0,0,0.0,0.0,,0.0,1,28.98,66.2,SPY230929C00386000,386.0,normalDay
2023-09-05,10800.0,-2300.0,0.0,100,449.24,437.0,0,0.0,0.0,,0.0,1,28.98,64.22,SPY230929C00386000,386.0,normalDay
2023-09-06,10800.0,-2286.0,0.0,100,446.22,437.0,0,0.0,0.0,,0.0,1,28.98,61.06,SPY230929C00386000,386.0,normalDay
2023-09-07,10800.0,-2285.0,0.0,100,444.85,437.0,0,0.0,0.0,,0.0,1,28.98,59.68,SPY230929C00386000,386.0,normalDay
2023-09-08,10800.0,-2310.0,0.0,100,445.52,437.0,0,0.0,0.0,,0.0,1,28.98,60.6,SPY230929C00386000,386.0,normalDay
2023-09-11,10800.0,-2263.0,0.0,100,448.45,437.0,0,0.0,0.0,,0.0,1,28.98,63.06,SPY230929C00386000,386.0,normalDay
2023-09-12,10800.0,-2271.0,0.0,100,445.99,437.0,0,0.0,0.0,,0.0,1,28.98,60.68,SPY230929C00386000,386.0,normalDay
2023-09-13,10800.0,-2264.0,0.0,100,446.51,437.0,0,0.0,0.0,,0.0,1,28.98,61.13,SPY230929C00386000,386.0,normalDay
2023-09-14,10800.0,-2239.0,0.0,100,450.36,437.0,0,0.0,0.0,,0.0,1,28.98,64.73,SPY230929C00386000,386.0,normalDay
2023-09-15,10800.0,-2305.0,0.0,100,443.37,437.0,0,0.0,0.0,,0.0,1,28.98,58.4,SPY230929C00386000,386.0,normalDay
2023-09-18,10800.0,-2309.0,0.0,100,443.63,437.0,0,0.0,0.0,,0.0,1,28.98,58.7,SPY230929C00386000,386.0,normalDay
2023-09-19,10800.0,-2303.0,0.0,100,442.71,437.0,0,0.0,0.0,,0.0,1,28.98,57.72,SPY230929C00386000,386.0,normalDay
2023-09-20,10800.0,-2255.0,0.0,100,438.64,437.0,0,0.0,0.0,,0.0,1,28.98,53.17,SPY230929C00386000,386.0,normalDay
2023-09-21,10800.0,-2266.0,0.0,100,431.39,437.0,0,0.0,0.0,,0.0,1,28.98,46.03,SPY230929C00386000,386.0,normalDay
2023-09-22,10800.0,-2269.0,0.0,100,430.42,437.0,0,0.0,0.0,,0.0,1,28.98,45.09,SPY230929C00386000,386.0,normalDay
2023-09-25,10800.0,-2253.0,0.0,100,432.23,437.0,0,0.0,0.0,,0.0,1,28.98,46.74,SPY230929C00386000,386.0,normalDay
2023-09-26,10800.0,-2279.0,0.0,100,425.88,437.0,0,0.0,0.0,,0.0,1,28.98,40.65,SPY230929C00386000,386.0,normalDay
2023-09-27,10800.0,-2265.0,0.0,100,426.05,437.0,0,0.0,0.0,,0.0,1,28.98,40.68,SPY230929C00386000,386.0,normalDay
2023-09-28,10800.0,-2194.0,0.0,100,428.52,437.0,0,0.0,0.0,,0.0,1,28.98,42.44,SPY230929C00386000,386.0,normalDay
2023-09-29,8598.0,-2194.0,-2202.0,0,427.48,0.0,0,0.0,0.0,,0.0,1,28.98,0.0,SPY230929C00386000,386.0,expirationDay
2023-10-02,8598.0,-7.0,0.0,0,427.31,0.0,1,5.45,5.52,SPY231006P00432000,432.0,0,0.0,0.0,,0.0,normalDay
2023-10-03,8598.0,-476.0,0.0,0,421.59,0.0,1,5.45,10.21,SPY231006P00432000,432.0,0,0.0,0.0,,0.0,normalDay
2023-10-04,8598.0,-222.0,0.0,0,424.66,0.0,1,5.45,7.67,SPY231006P00432000,432.0,0,0.0,0.0,,0.0,normalDay
2023-10-05,8598.0,-248.0,0.0,0,424.5,0.0,1,5.45,7.93,SPY231006P00432000,432.0,0,0.0,0.0,,0.0,normalDay
2023-10-06,9143.0,-246.0,545.0,100,429.54,432.0,1,5.45,0.0,SPY231006P00432000,432.0,0,0.0,0.0,,0.0,expirationDay
2023-10-09,9143.0,-82.0,0.0,100,432.29,432.0,0,0.0,0.0,,0.0,1,37.48,38.59,SPY240930C00435000,435.0,normalDay
2023-10-10,9143.0,35.0,0.0,100,434.54,432.0,0,0.0,0.0,,0.0,1,37.48,39.67,SPY240930C00435000,435.0,normalDay
2023-10-11,9143.0,77.0,0.0,100,436.32,432.0,0,0.0,0.0,,0.0,1,37.48,41.03,SPY240930C00435000,435.0,normalDay
2023-10-12,9143.0,-2.0,0.0,100,433.66,432.0,0,0.0,0.0,,0.0,1,37.48,39.16,SPY240930C00435000,435.0,normalDay
2023-10-13,9143.0,-93.0,0.0,100,431.5,432.0,0,0.0,0.0,,0.0,1,37.48,37.91,SPY240930C00435000,435.0,normalDay
2023-10-16,9143.0,103.0,0.0,100,436.04,432.0,0,0.0,0.0,,0.0,1,37.48,40.49,SPY240930C00435000,435.0,normalDay
2023-10-17,9143.0,147.0,0.0,100,436.02,432.0,0,0.0,0.0,,0.0,1,37.48,40.03,SPY240930C00435000,435.0,normalDay
2023-10-18,9143.0,-203.0,0.0,100,430.21,432.0,0,0.0,0.0,,0.0,1,37.48,37.72,SPY240930C00435000,435.0,normalDay
2023-10-19,9143.0,-301.0,0.0,100,426.43,432.0,0,0.0,0.0,,0.0,1,37.48,34.92,SPY240930C00435000,435.0,normalDay
2023-10-20,9143.0,-524.0,0.0,100,421.19,432.0,0,0.0,0.0,,0.0,1,37.48,31.91,SPY240930C00435000,435.0,normalDay
2023-10-23,9143.0,-533.0,0.0,100,420.46,432.0,0,0.0,0.0,,0.0,1,37.48,31.27,SPY240930C00435000,435.0,normalDay
2023-10-24,9143.0,-504.0,0.0,100,423.63,432.0,0,0.0,0.0,,0.0,1,37.48,34.15,SPY240930C00435000,435.0,normalDay
2023-10-25,9143.0,-747.0,0.0,100,417.55,432.0,0,0.0,0.0,,0.0,1,37.48,30.5,SPY240930C00435000,435.0,normalDay
2023-10-26,9143.0,-843.0,0.0,100,412.55,432.0,0,0.0,0.0,,0.0,1,37.48,26.46,SPY240930C00435000,435.0,normalDay
2023-10-27,9143.0,-941.0,0.0,100,410.68,432.0,0,0.0,0.0,,0.0,1,37.48,25.57,SPY240930C00435000,435.0,normalDay
2023-10-30,9143.0,-584.0,0.0,100,415.59,432.0,0,0.0,0.0,,0.0,1,37.48,26.91,SPY240930C00435000,435.0,normalDay
2023-10-31,9143.0,-413.0,0.0,100,418.2,432.0,0,0.0,0.0,,0.0,1,37.48,27.81,SPY240930C00435000,435.0,normalDay
2023-11-01,9143.0,-162.0,0.0,100,422.66,432.0,0,0.0,0.0,,0.0,1,37.48,29.76,SPY240930C00435000,435.0,normalDay
2023-11-02,9143.0,225.0,0.0,100,430.76,432.0,0,0.0,0.0,,0.0,1,37.48,33.99,SPY240930C00435000,435.0,normalDay
2023-11-03,9143.0,381.0,0.0,100,434.69,432.0,0,0.0,0.0,,0.0,1,37.48,36.36,SPY240930C00435000,435.0,normalDay
2023-11-06,9143.0,487.0,0.0,100,435.69,432.0,0,0.0,0.0,,0.0,1,37.48,36.3,SPY240930C00435000,435.0,normalDay
2023-11-07,9143.0,512.0,0.0,100,436.93,432.0,0,0.0,0.0,,0.0,1,37.48,37.29,SPY240930C00435000,435.0,normalDay
2023-11-08,9143.0,561.0,0.0,100,437.25,432.0,0,0.0,0.0,,0.0,1,37.48,37.12,SPY240930C00435000,435.0,normalDay
2023-11-09,9143.0,369.0,0.0,100,433.84,432.0,0,0.0,0.0,,0.0,1,37.48,35.63,SPY240930C00435000,435.0,normalDay
2023-11-10,9143.0,643.0,0.0,100,440.61,432.0,0,0.0,0.0,,0.0,1,37.48,39.66,SPY240930C00435000,435.0,normalDay
2023-11-13,9143.0,669.0,0.0,100,440.19,432.0,0,0.0,0.0,,0.0,1,37.48,38.98,SPY240930C00435000,435.0,normalDay
2023-11-14,9143.0,942.0,0.0,100,448.73,432.0,0,0.0,0.0,,0.0,1,37.48,44.79,SPY240930C00435000,435.0,normalDay
2023-11-15,9143.0,1010.0,0.0,100,449.68,432.0,0,0.0,0.0,,0.0,1,37.48,45.06,SPY240930C00435000,435.0,normalDay
2023-11-16,9143.0,999.0,0.0,100,450.23,432.0,0,0.0,0.0,,0.0,1,37.48,45.72,SPY240930C00435000,435.0,normalDay
2023-11-17,9143.0,1034.0,0.0,100,450.79,432.0,0,0.0,0.0,,0.0,1,37.48,45.93,SPY240930C00435000,435.0,normalDay
2023-11-20,9143.0,1119.0,0.0,100,454.26,432.0,0,0.0,0.0,,0.0,1,37.48,48.55,SPY240930C00435000,435.0,normalDay
2023-11-21,9143.0,1147.0,0.0,100,453.27,432.0,0,0.0,0.0,,0.0,1,37.48,47.28,SPY240930C00435000,435.0,normalDay
2023-11-22,9143.0,1163.0,0.0,100,455.02,432.0,0,0.0,0.0,,0.0,1,37.48,48.87,SPY240930C00435000,435.0,normalDay
2023-11-24,9143.0,1168.0,0.0,100,455.3,432.0,0,0.0,0.0,,0.0,1,37.48,49.1,SPY240930C00435000,435.0,normalDay
2023-11-27,9143.0,1142.0,0.0,100,454.48,432.0,0,0.0,0.0,,0.0,1,37.48,48.54,SPY240930C00435000,435.0,normalDay
2023-11-28,9143.0,1192.0,0.0,100,454.93,432.0,0,0.0,0.0,,0.0,1,37.48,48.49,SPY240930C00435000,435.0,normalDay
2023-11-29,9143.0,1222.0,0.0,100,454.61,432.0,0,0.0,0.0,,0.0,1,37.48,47.87,SPY240930C00435000,435.0,normalDay
2023-11-30,9143.0,1240.0,0.0,100,456.4,432.0,0,0.0,0.0,,0.0,1,37.48,49.48,SPY240930C00435000,435.0,normalDay
