date,totalCapital,unrializedPnL,rializedPnL,stocksOwned,stocksPriceToday,stocksPriceBoughtAt,putOwned,putOwnedSoldAt,putPriceToday,putOwnedContract,putOwnedStrike,callOwned,callOwnedSoldAt,callPriceToday,callOwnedContract,callOwnedStrike,trackType
2018-11-01,0.0,-7.0,0.0,0,273.51,0.0,1,3.58,3.65,SPY181119P00272000,272.0,0,0.0,0.0,,0.0,normalDay
2018-11-02,0.0,-52.0,0.0,0,271.89,0.0,1,3.58,4.1,SPY181119P00272000,272.0,0,0.0,0.0,,0.0,normalDay
2018-11-05,0.0,45.0,0.0,0,273.39,0.0,1,3.58,3.13,SPY181119P00272000,272.0,0,0.0,0.0,,0.0,normalDay
2018-11-06,0.0,115.0,0.0,0,275.12,0.0,1,3.58,2.43,SPY181119P00272000,272.0,0,0.0,0.0,,0.0,normalDay
2018-11-07,0.0,295.0,0.0,0,281.01,0.0,1,3.58,0.63,SPY181119P00272000,272.0,0,0.0,0.0,,0.0,normalDay
2018-11-08,0.0,297.0,0.0,0,280.5,0.0,1,3.58,0.61,SPY181119P00272000,272.0,0,0.0,0.0,,0.0,normalDay
2018-11-09,0.0,264.0,0.0,0,277.76,0.0,1,3.58,0.94,SPY181119P00272000,272.0,0,0.0,0.0,,0.0,normalDay
2018-11-12,0.0,110.0,0.0,0,272.57,0.0,1,3.58,2.48,SPY181119P00272000,272.0,0,0.0,0.0,,0.0,normalDay
2018-11-13,0.0,107.0,0.0,0,272.06,0.0,1,3.58,2.51,SPY181119P00272000,272.0,0,0.0,0.0,,0.0,normalDay
2018-11-14,0.0,-15.0,0.0,0,270.2,0.0,1,3.58,3.73,SPY181119P00272000,272.0,0,0.0,0.0,,0.0,normalDay
2018-11-15,0.0,214.0,0.0,0,273.02,0.0,1,3.58,1.44,SPY181119P00272000,272.0,0,0.0,0.0,,0.0,normalDay
2018-11-16,0.0,302.0,0.0,0,273.73,0.0,1,3.58,0.56,SPY181119P00272000,272.0,0,0.0,0.0,,0.0,normalDay
2018-11-19,358.0,-290.0,358.0,100,269.1,272.0,1,3.58,0.0,SPY181119P00272000,272.0,0,0.0,0.0,,0.0,expirationDay
2018-11-20,358.0,-794.0,0.0,100,264.12,272.0,0,0.0,0.0,,0.0,1,1.35,1.41,SPY181231C00277000,277.0,normalDay
2018-11-21,358.0,-693.0,0.0,100,265.02,272.0,0,0.0,0.0,,0.0,1,1.35,1.3,SPY181231C00277000,277.0,normalDay
2018-11-23,358.0,-840.0,0.0,100,263.25,272.0,0,0.0,0.0,,0.0,1,1.35,1.0,SPY181231C00277000,277.0,normalDay
2018-11-26,358.0,-457.0,0.0,100,267.5,272.0,0,0.0,0.0,,0.0,1,1.35,1.42,SPY181231C00277000,277.0,normalDay
2018-11-27,358.0,-387.0,0.0,100,268.4,272.0,0,0.0,0.0,,0.0,1,1.35,1.62,SPY181231C00277000,277.0,normalDay
2018-11-28,358.0,21.0,0.0,100,274.58,272.0,0,0.0,0.0,,0.0,1,1.35,3.72,SPY181231C00277000,277.0,normalDay
2018-11-29,358.0,-31.0,0.0,100,273.98,272.0,0,0.0,0.0,,0.0,1,1.35,3.64,SPY181231C00277000,277.0,normalDay
2018-11-30,358.0,52.0,0.0,100,275.65,272.0,0,0.0,0.0,,0.0,1,1.35,4.48,SPY181231C00277000,277.0,normalDay
2018-12-03,358.0,314.0,0.0,100,279.3,272.0,0,0.0,0.0,,0.0,1,1.35,5.51,SPY181231C00277000,277.0,normalDay
2018-12-04,358.0,-245.0,0.0,100,270.25,272.0,0,0.0,0.0,,0.0,1,1.35,2.05,SPY181231C00277000,277.0,normalDay
2018-12-06,358.0,-262.0,0.0,100,269.84,272.0,0,0.0,0.0,,0.0,1,1.35,1.81,SPY181231C00277000,277.0,normalDay
2018-12-07,358.0,-779.0,0.0,100,263.57,272.0,0,0.0,0.0,,0.0,1,1.35,0.71,SPY181231C00277000,277.0,normalDay
2018-12-10,358.0,-715.0,0.0,100,264.07,272.0,0,0.0,0.0,,0.0,1,1.35,0.57,SPY181231C00277000,277.0,normalDay
2018-12-11,358.0,-697.0,0.0,100,264.13,272.0,0,0.0,0.0,,0.0,1,1.35,0.45,SPY181231C00277000,277.0,normalDay
2018-12-12,358.0,-567.0,0.0,100,265.46,272.0,0,0.0,0.0,,0.0,1,1.35,0.48,SPY181231C00277000,277.0,normalDay
2018-12-13,358.0,-565.0,0.0,100,265.37,272.0,0,0.0,0.0,,0.0,1,1.35,0.37,SPY181231C00277000,277.0,normalDay
2018-12-14,358.0,-1032.0,0.0,100,260.47,272.0,0,0.0,0.0,,0.0,1,1.35,0.14,SPY181231C00277000,277.0,normalDay
2018-12-17,358.0,-1537.0,0.0,100,255.36,272.0,0,0.0,0.0,,0.0,1,1.35,0.08,SPY181231C00277000,277.0,normalDay
2018-12-18,358.0,-1565.0,0.0,100,255.08,272.0,0,0.0,0.0,,0.0,1,1.35,0.08,SPY181231C00277000,277.0,normalDay
2018-12-19,358.0,-1944.0,0.0,100,251.26,272.0,0,0.0,0.0,,0.0,1,1.35,0.05,SPY181231C00277000,277.0,normalDay
2018-12-20,358.0,-2352.0,0.0,100,247.17,272.0,0,0.0,0.0,,0.0,1,1.35,0.04,SPY181231C00277000,277.0,normalDay
2018-12-21,358.0,-2998.0,0.0,100,240.7,272.0,0,0.0,0.0,,0.0,1,1.35,0.03,SPY181231C00277000,277.0,normalDay
2018-12-24,358.0,-3632.0,0.0,100,234.34,272.0,0,0.0,0.0,,0.0,1,1.35,0.01,SPY181231C00277000,277.0,normalDay
2018-12-26,358.0,-2449.0,0.0,100,246.18,272.0,0,0.0,0.0,,0.0,1,1.35,0.02,SPY181231C00277000,277.0,normalDay
2018-12-27,358.0,-2259.0,0.0,100,248.07,272.0,0,0.0,0.0,,0.0,1,1.35,0.01,SPY181231C00277000,277.0,normalDay
2018-12-28,358.0,-2291.0,0.0,100,247.75,272.0,0,0.0,0.0,,0.0,1,1.35,0.01,SPY181231C00277000,277.0,normalDay
2018-12-31,493.0,-2208.0,135.0,100,249.92,272.0,0,0.0,0.0,,0.0,1,1.35,0.0,SPY181231C00277000,277.0,expirationDay
2019-01-02,493.0,-2186.0,0.0,100,250.18,272.0,0,0.0,0.0,,0.0,1,0.7,0.74,SPY190215C00270000,270.0,normalDay
2019-01-03,493.0,-2741.0,0.0,100,244.21,272.0,0,0.0,0.0,,0.0,1,0.7,0.32,SPY190215C00270000,270.0,normalDay
2019-01-04,493.0,-1973.0,0.0,100,252.39,272.0,0,0.0,0.0,,0.0,1,0.7,0.82,SPY190215C00270000,270.0,normalDay
2019-01-07,493.0,-1783.0,0.0,100,254.38,272.0,0,0.0,0.0,,0.0,1,0.7,0.91,SPY190215C00270000,270.0,normalDay
2019-01-08,493.0,-1564.0,0.0,100,256.77,272.0,0,0.0,0.0,,0.0,1,0.7,1.11,SPY190215C00270000,270.0,normalDay
2019-01-09,493.0,-1451.0,0.0,100,257.97,272.0,0,0.0,0.0,,0.0,1,0.7,1.18,SPY190215C00270000,270.0,normalDay
2019-01-10,493.0,-1370.0,0.0,100,258.88,272.0,0,0.0,0.0,,0.0,1,0.7,1.28,SPY190215C00270000,270.0,normalDay
2019-01-11,493.0,-1331.0,0.0,100,258.98,272.0,0,0.0,0.0,,0.0,1,0.7,0.99,SPY190215C00270000,270.0,normalDay
2019-01-14,493.0,-1451.0,0.0,100,257.4,272.0,0,0.0,0.0,,0.0,1,0.7,0.61,SPY190215C00270000,270.0,normalDay
2019-01-15,493.0,-1190.0,0.0,100,260.35,272.0,0,0.0,0.0,,0.0,1,0.7,0.95,SPY190215C00270000,270.0,normalDay
2019-01-16,493.0,-1140.0,0.0,100,260.98,272.0,0,0.0,0.0,,0.0,1,0.7,1.08,SPY190215C00270000,270.0,normalDay
2019-01-17,493.0,-978.0,0.0,100,262.96,272.0,0,0.0,0.0,,0.0,1,0.7,1.44,SPY190215C00270000,270.0,normalDay
2019-01-18,493.0,-750.0,0.0,100,266.46,272.0,0,0.0,0.0,,0.0,1,0.7,2.66,SPY190215C00270000,270.0,normalDay
2019-01-22,493.0,-1011.0,0.0,100,262.86,272.0,0,0.0,0.0,,0.0,1,0.7,1.67,SPY190215C00270000,270.0,normalDay
2019-01-23,493.0,-949.0,0.0,100,263.41,272.0,0,0.0,0.0,,0.0,1,0.7,1.6,SPY190215C00270000,270.0,normalDay
2019-01-24,493.0,-897.0,0.0,100,263.55,272.0,0,0.0,0.0,,0.0,1,0.7,1.22,SPY190215C00270000,270.0,normalDay
2019-01-25,493.0,-751.0,0.0,100,265.78,272.0,0,0.0,0.0,,0.0,1,0.7,1.99,SPY190215C00270000,270.0,normalDay
2019-01-28,493.0,-884.0,0.0,100,263.76,272.0,0,0.0,0.0,,0.0,1,0.7,1.3,SPY190215C00270000,270.0,normalDay
2019-01-29,493.0,-906.0,0.0,100,263.41,272.0,0,0.0,0.0,,0.0,1,0.7,1.17,SPY190215C00270000,270.0,normalDay
2019-01-30,493.0,-601.0,0.0,100,267.58,272.0,0,0.0,0.0,,0.0,1,0.7,2.29,SPY190215C00270000,270.0,normalDay
2019-01-31,493.0,-473.0,0.0,100,269.93,272.0,0,0.0,0.0,,0.0,1,0.7,3.36,SPY190215C00270000,270.0,normalDay
2019-02-01,493.0,-421.0,0.0,100,270.06,272.0,0,0.0,0.0,,0.0,1,0.7,2.97,SPY190215C00270000,270.0,normalDay
2019-02-04,493.0,-290.0,0.0,100,271.96,272.0,0,0.0,0.0,,0.0,1,0.7,3.56,SPY190215C00270000,270.0,normalDay
2019-02-05,493.0,-241.0,0.0,100,273.1,272.0,0,0.0,0.0,,0.0,1,0.7,4.21,SPY190215C00270000,270.0,normalDay
2019-02-06,493.0,-242.0,0.0,100,272.74,272.0,0,0.0,0.0,,0.0,1,0.7,3.86,SPY190215C00270000,270.0,normalDay
2019-02-07,493.0,-348.0,0.0,100,270.14,272.0,0,0.0,0.0,,0.0,1,0.7,2.32,SPY190215C00270000,270.0,normalDay
2019-02-08,493.0,-299.0,0.0,100,270.47,272.0,0,0.0,0.0,,0.0,1,0.7,2.16,SPY190215C00270000,270.0,normalDay
2019-02-11,493.0,-279.0,0.0,100,270.62,272.0,0,0.0,0.0,,0.0,1,0.7,2.11,SPY190215C00270000,270.0,normalDay
2019-02-12,493.0,-186.0,0.0,100,274.1,272.0,0,0.0,0.0,,0.0,1,0.7,4.66,SPY190215C00270000,270.0,normalDay
2019-02-13,493.0,-145.0,0.0,100,274.99,272.0,0,0.0,0.0,,0.0,1,0.7,5.14,SPY190215C00270000,270.0,normalDay
2019-02-14,493.0,-136.0,0.0,100,274.38,272.0,0,0.0,0.0,,0.0,1,0.7,4.44,SPY190215C00270000,270.0,normalDay
2019-02-15,363.0,-136.0,-130.0,0,277.37,0.0,0,0.0,0.0,,0.0,1,0.7,0.0,SPY190215C00270000,270.0,expirationDay
2019-02-19,363.0,-4.0,0.0,0,277.85,0.0,1,0.69,0.73,SPY190308P00267500,267.5,0,0.0,0.0,,0.0,normalDay
2019-02-20,363.0,16.0,0.0,0,278.41,0.0,1,0.69,0.53,SPY190308P00267500,267.5,0,0.0,0.0,,0.0,normalDay
2019-02-21,363.0,9.0,0.0,0,277.42,0.0,1,0.69,0.6,SPY190308P00267500,267.5,0,0.0,0.0,,0.0,normalDay
2019-02-22,363.0,35.0,0.0,0,279.14,0.0,1,0.69,0.34,SPY190308P00267500,267.5,0,0.0,0.0,,0.0,normalDay
2019-02-25,363.0,37.0,0.0,0,279.52,0.0,1,0.69,0.32,SPY190308P00267500,267.5,0,0.0,0.0,,0.0,normalDay
2019-02-26,363.0,37.0,0.0,0,279.32,0.0,1,0.69,0.32,SPY190308P00267500,267.5,0,0.0,0.0,,0.0,normalDay
2019-02-27,363.0,44.0,0.0,0,279.2,0.0,1,0.69,0.25,SPY190308P00267500,267.5,0,0.0,0.0,,0.0,normalDay
2019-02-28,363.0,46.0,0.0,0,278.68,0.0,1,0.69,0.23,SPY190308P00267500,267.5,0,0.0,0.0,,0.0,normalDay
2019-03-01,363.0,61.0,0.0,0,280.42,0.0,1,0.69,0.08,SPY190308P00267500,267.5,0,0.0,0.0,,0.0,normalDay
2019-03-04,363.0,62.0,0.0,0,279.4,0.0,1,0.69,0.07,SPY190308P00267500,267.5,0,0.0,0.0,,0.0,normalDay
2019-03-05,363.0,65.0,0.0,0,279.02,0.0,1,0.69,0.04,SPY190308P00267500,267.5,0,0.0,0.0,,0.0,normalDay
2019-03-06,363.0,65.0,0.0,0,277.33,0.0,1,0.69,0.04,SPY190308P00267500,267.5,0,0.0,0.0,,0.0,normalDay
2019-03-07,363.0,66.0,0.0,0,275.01,0.0,1,0.69,0.03,SPY190308P00267500,267.5,0,0.0,0.0,,0.0,normalDay
2019-03-08,432.0,0.0,69.0,0,274.46,0.0,1,0.69,0.0,SPY190308P00267500,267.5,0,0.0,0.0,,0.0,expirationDay
2019-03-11,432.0,-5.0,0.0,0,278.44,0.0,1,2.37,2.42,SPY190329P00276000,276.0,0,0.0,0.0,,0.0,normalDay
2019-03-12,432.0,43.0,0.0,0,279.49,0.0,1,2.37,1.94,SPY190329P00276000,276.0,0,0.0,0.0,,0.0,normalDay
2019-03-13,432.0,111.0,0.0,0,281.34,0.0,1,2.37,1.26,SPY190329P00276000,276.0,0,0.0,0.0,,0.0,normalDay
2019-03-14,432.0,109.0,0.0,0,281.16,0.0,1,2.37,1.28,SPY190329P00276000,276.0,0,0.0,0.0,,0.0,normalDay
2019-03-15,432.0,154.0,0.0,0,281.31,0.0,1,2.37,0.83,SPY190329P00276000,276.0,0,0.0,0.0,,0.0,normalDay
2019-03-18,432.0,177.0,0.0,0,282.33,0.0,1,2.37,0.6,SPY190329P00276000,276.0,0,0.0,0.0,,0.0,normalDay
2019-03-19,432.0,167.0,0.0,0,282.4,0.0,1,2.37,0.7,SPY190329P00276000,276.0,0,0.0,0.0,,0.0,normalDay
2019-03-20,432.0,167.0,0.0,0,281.55,0.0,1,2.37,0.7,SPY190329P00276000,276.0,0,0.0,0.0,,0.0,normalDay
2019-03-21,432.0,207.0,0.0,0,284.73,0.0,1,2.37,0.3,SPY190329P00276000,276.0,0,0.0,0.0,,0.0,normalDay
2019-03-22,432.0,119.0,0.0,0,279.25,0.0,1,2.37,1.18,SPY190329P00276000,276.0,0,0.0,0.0,,0.0,normalDay
2019-03-25,432.0,149.0,0.0,0,279.04,0.0,1,2.37,0.88,SPY190329P00276000,276.0,0,0.0,0.0,,0.0,normalDay
2019-03-26,432.0,206.0,0.0,0,281.12,0.0,1,2.37,0.31,SPY190329P00276000,276.0,0,0.0,0.0,,0.0,normalDay
2019-03-27,432.0,200.0,0.0,0,279.65,0.0,1,2.37,0.37,SPY190329P00276000,276.0,0,0.0,0.0,,0.0,normalDay
2019-03-28,432.0,231.0,0.0,0,280.71,0.0,1,2.37,0.06,SPY190329P00276000,276.0,0,0.0,0.0,,0.0,normalDay
2019-03-29,669.0,0.0,237.0,0,282.48,0.0,1,2.37,0.0,SPY190329P00276000,276.0,0,0.0,0.0,,0.0,expirationDay
2019-04-01,669.0,-3.0,0.0,0,285.83,0.0,1,0.9,0.93,SPY190418P00279000,279.0,0,0.0,0.0,,0.0,normalDay
2019-04-02,669.0,10.0,0.0,0,285.97,0.0,1,0.9,0.8,SPY190418P00279000,279.0,0,0.0,0.0,,0.0,normalDay
2019-04-03,669.0,20.0,0.0,0,286.42,0.0,1,0.9,0.7,SPY190418P00279000,279.0,0,0.0,0.0,,0.0,normalDay
2019-04-04,669.0,36.0,0.0,0,287.18,0.0,1,0.9,0.54,SPY190418P00279000,279.0,0,0.0,0.0,,0.0,normalDay
2019-04-05,669.0,59.0,0.0,0,288.57,0.0,1,0.9,0.31,SPY190418P00279000,279.0,0,0.0,0.0,,0.0,normalDay
2019-04-08,669.0,66.0,0.0,0,288.79,0.0,1,0.9,0.24,SPY190418P00279000,279.0,0,0.0,0.0,,0.0,normalDay
2019-04-09,669.0,54.0,0.0,0,287.31,0.0,1,0.9,0.36,SPY190418P00279000,279.0,0,0.0,0.0,,0.0,normalDay
2019-04-10,669.0,73.0,0.0,0,288.29,0.0,1,0.9,0.17,SPY190418P00279000,279.0,0,0.0,0.0,,0.0,normalDay
2019-04-11,669.0,77.0,0.0,0,288.21,0.0,1,0.9,0.13,SPY190418P00279000,279.0,0,0.0,0.0,,0.0,normalDay
2019-04-12,669.0,85.0,0.0,0,290.16,0.0,1,0.9,0.05,SPY190418P00279000,279.0,0,0.0,0.0,,0.0,normalDay
2019-04-15,669.0,87.0,0.0,0,289.97,0.0,1,0.9,0.03,SPY190418P00279000,279.0,0,0.0,0.0,,0.0,normalDay
2019-04-16,669.0,87.0,0.0,0,290.16,0.0,1,0.9,0.03,SPY190418P00279000,279.0,0,0.0,0.0,,0.0,normalDay
2019-04-17,669.0,88.0,0.0,0,289.45,0.0,1,0.9,0.02,SPY190418P00279000,279.0,0,0.0,0.0,,0.0,normalDay
2019-04-18,759.0,0.0,90.0,0,290.02,0.0,1,0.9,0.0,SPY190418P00279000,279.0,0,0.0,0.0,,0.0,expirationDay
2019-04-22,759.0,-4.0,0.0,0,290.27,0.0,1,1.01,1.05,SPY190510P00285000,285.0,0,0.0,0.0,,0.0,normalDay
2019-04-23,759.0,28.0,0.0,0,292.88,0.0,1,1.01,0.73,SPY190510P00285000,285.0,0,0.0,0.0,,0.0,normalDay
2019-04-24,759.0,17.0,0.0,0,292.23,0.0,1,1.01,0.84,SPY190510P00285000,285.0,0,0.0,0.0,,0.0,normalDay
2019-04-25,759.0,20.0,0.0,0,292.05,0.0,1,1.01,0.81,SPY190510P00285000,285.0,0,0.0,0.0,,0.0,normalDay
2019-04-26,759.0,43.0,0.0,0,293.41,0.0,1,1.01,0.58,SPY190510P00285000,285.0,0,0.0,0.0,,0.0,normalDay
2019-04-29,759.0,55.0,0.0,0,293.87,0.0,1,1.01,0.46,SPY190510P00285000,285.0,0,0.0,0.0,,0.0,normalDay
2019-04-30,759.0,62.0,0.0,0,294.02,0.0,1,1.01,0.39,SPY190510P00285000,285.0,0,0.0,0.0,,0.0,normalDay
2019-05-01,759.0,31.0,0.0,0,291.81,0.0,1,1.01,0.7,SPY190510P00285000,285.0,0,0.0,0.0,,0.0,normalDay
2019-05-02,759.0,39.0,0.0,0,291.18,0.0,1,1.01,0.62,SPY190510P00285000,285.0,0,0.0,0.0,,0.0,normalDay
2019-05-03,759.0,84.0,0.0,0,294.03,0.0,1,1.01,0.17,SPY190510P00285000,285.0,0,0.0,0.0,,0.0,normalDay
2019-05-06,759.0,70.0,0.0,0,292.82,0.0,1,1.01,0.31,SPY190510P00285000,285.0,0,0.0,0.0,,0.0,normalDay
2019-05-07,759.0,-36.0,0.0,0,287.93,0.0,1,1.01,1.37,SPY190510P00285000,285.0,0,0.0,0.0,,0.0,normalDay
2019-05-08,759.0,-22.0,0.0,0,287.53,0.0,1,1.01,1.23,SPY190510P00285000,285.0,0,0.0,0.0,,0.0,normalDay
2019-05-09,759.0,-34.0,0.0,0,286.66,0.0,1,1.01,1.35,SPY190510P00285000,285.0,0,0.0,0.0,,0.0,normalDay
2019-05-10,860.0,0.0,101.0,0,288.1,0.0,1,1.01,0.0,SPY190510P00285000,285.0,0,0.0,0.0,,0.0,expirationDay
2019-05-13,860.0,-7.0,0.0,0,280.86,0.0,1,9.08,9.15,SPY190531P00289000,289.0,0,0.0,0.0,,0.0,normalDay
2019-05-14,860.0,229.0,0.0,0,283.4,0.0,1,9.08,6.79,SPY190531P00289000,289.0,0,0.0,0.0,,0.0,normalDay
2019-05-15,860.0,388.0,0.0,0,285.06,0.0,1,9.08,5.2,SPY190531P00289000,289.0,0,0.0,0.0,,0.0,normalDay
2019-05-16,860.0,550.0,0.0,0,287.7,0.0,1,9.08,3.58,SPY190531P00289000,289.0,0,0.0,0.0,,0.0,normalDay
2019-05-17,860.0,449.0,0.0,0,285.84,0.0,1,9.08,4.59,SPY190531P00289000,289.0,0,0.0,0.0,,0.0,normalDay
2019-05-20,860.0,353.0,0.0,0,283.95,0.0,1,9.08,5.55,SPY190531P00289000,289.0,0,0.0,0.0,,0.0,normalDay
2019-05-21,860.0,545.0,0.0,0,286.51,0.0,1,9.08,3.63,SPY190531P00289000,289.0,0,0.0,0.0,,0.0,normalDay
2019-05-22,860.0,505.0,0.0,0,285.63,0.0,1,9.08,4.03,SPY190531P00289000,289.0,0,0.0,0.0,,0.0,normalDay
2019-05-23,860.0,185.0,0.0,0,282.14,0.0,1,9.08,7.23,SPY190531P00289000,289.0,0,0.0,0.0,,0.0,normalDay
2019-05-24,860.0,281.0,0.0,0,282.78,0.0,1,9.08,6.27,SPY190531P00289000,289.0,0,0.0,0.0,,0.0,normalDay
2019-05-28,860.0,53.0,0.0,0,280.15,0.0,1,9.08,8.55,SPY190531P00289000,289.0,0,0.0,0.0,,0.0,normalDay
2019-05-29,860.0,-170.0,0.0,0,278.27,0.0,1,9.08,10.78,SPY190531P00289000,289.0,0,0.0,0.0,,0.0,normalDay
2019-05-30,860.0,-99.0,0.0,0,279.03,0.0,1,9.08,10.07,SPY190531P00289000,289.0,0,0.0,0.0,,0.0,normalDay
2019-05-31,1768.0,-1373.0,908.0,100,275.27,289.0,1,9.08,0.0,SPY190531P00289000,289.0,0,0.0,0.0,,0.0,expirationDay
2019-06-03,1768.0,-1447.0,0.0,100,274.57,289.0,0,0.0,0.0,,0.0,1,0.89,0.93,SPY190719C00289000,289.0,normalDay
2019-06-04,1768.0,-949.0,0.0,100,280.53,289.0,0,0.0,0.0,,0.0,1,0.89,1.91,SPY190719C00289000,289.0,normalDay
2019-06-05,1768.0,-761.0,0.0,100,282.96,289.0,0,0.0,0.0,,0.0,1,0.89,2.46,SPY190719C00289000,289.0,normalDay
2019-06-06,1768.0,-630.0,0.0,100,284.8,289.0,0,0.0,0.0,,0.0,1,0.89,2.99,SPY190719C00289000,289.0,normalDay
2019-06-07,1768.0,-479.0,0.0,100,287.65,289.0,0,0.0,0.0,,0.0,1,0.89,4.33,SPY190719C00289000,289.0,normalDay
2019-06-10,1768.0,-403.0,0.0,100,288.97,289.0,0,0.0,0.0,,0.0,1,0.89,4.89,SPY190719C00289000,289.0,normalDay
2019-06-11,1768.0,-401.0,0.0,100,288.9,289.0,0,0.0,0.0,,0.0,1,0.89,4.8,SPY190719C00289000,289.0,normalDay
2019-06-12,1768.0,-415.0,0.0,100,288.39,289.0,0,0.0,0.0,,0.0,1,0.89,4.43,SPY190719C00289000,289.0,normalDay
2019-06-13,1768.0,-357.0,0.0,100,289.58,289.0,0,0.0,0.0,,0.0,1,0.89,5.04,SPY190719C00289000,289.0,normalDay
2019-06-14,1768.0,-359.0,0.0,100,289.26,289.0,0,0.0,0.0,,0.0,1,0.89,4.74,SPY190719C00289000,289.0,normalDay
2019-06-17,1768.0,-329.0,0.0,100,289.37,289.0,0,0.0,0.0,,0.0,1,0.89,4.55,SPY190719C00289000,289.0,normalDay
2019-06-18,1768.0,-191.0,0.0,100,292.4,289.0,0,0.0,0.0,,0.0,1,0.89,6.2,SPY190719C00289000,289.0,normalDay
2019-06-19,1768.0,-150.0,0.0,100,293.06,289.0,0,0.0,0.0,,0.0,1,0.89,6.45,SPY190719C00289000,289.0,normalDay
2019-06-20,1768.0,-71.0,0.0,100,295.86,289.0,0,0.0,0.0,,0.0,1,0.89,8.46,SPY190719C00289000,289.0,normalDay
2019-06-21,1768.0,-225.0,0.0,100,294.0,289.0,0,0.0,0.0,,0.0,1,0.89,8.14,SPY190719C00289000,289.0,normalDay
2019-06-24,1768.0,-216.0,0.0,100,293.64,289.0,0,0.0,0.0,,0.0,1,0.89,7.69,SPY190719C00289000,289.0,normalDay
2019-06-25,1768.0,-314.0,0.0,100,290.76,289.0,0,0.0,0.0,,0.0,1,0.89,5.79,SPY190719C00289000,289.0,normalDay
2019-06-26,1768.0,-299.0,0.0,100,290.47,289.0,0,0.0,0.0,,0.0,1,0.89,5.35,SPY190719C00289000,289.0,normalDay
2019-06-27,1768.0,-269.0,0.0,100,291.5,289.0,0,0.0,0.0,,0.0,1,0.89,6.08,SPY190719C00289000,289.0,normalDay
2019-06-28,1768.0,-237.0,0.0,100,293.0,289.0,0,0.0,0.0,,0.0,1,0.89,7.26,SPY190719C00289000,289.0,normalDay
2019-07-01,1768.0,-56.0,0.0,100,295.66,289.0,0,0.0,0.0,,0.0,1,0.89,8.11,SPY190719C00289000,289.0,normalDay
2019-07-02,1768.0,-30.0,0.0,100,296.43,289.0,0,0.0,0.0,,0.0,1,0.89,8.62,SPY190719C00289000,289.0,normalDay
2019-07-03,1768.0,-1.0,0.0,100,298.8,289.0,0,0.0,0.0,,0.0,1,0.89,10.7,SPY190719C00289000,289.0,normalDay
2019-07-05,1768.0,56.0,0.0,100,298.46,289.0,0,0.0,0.0,,0.0,1,0.89,9.79,SPY190719C00289000,289.0,normalDay
2019-07-08,1768.0,9.0,0.0,100,296.82,289.0,0,0.0,0.0,,0.0,1,0.89,8.62,SPY190719C00289000,289.0,normalDay
2019-07-09,1768.0,36.0,0.0,100,297.19,289.0,0,0.0,0.0,,0.0,1,0.89,8.72,SPY190719C00289000,289.0,normalDay
2019-07-10,1768.0,41.0,0.0,100,298.61,289.0,0,0.0,0.0,,0.0,1,0.89,10.09,SPY190719C00289000,289.0,normalDay
2019-07-11,1768.0,50.0,0.0,100,299.31,289.0,0,0.0,0.0,,0.0,1,0.89,10.7,SPY190719C00289000,289.0,normalDay
2019-07-12,1768.0,69.0,0.0,100,300.65,289.0,0,0.0,0.0,,0.0,1,0.89,11.85,SPY190719C00289000,289.0,normalDay
2019-07-15,1768.0,70.0,0.0,100,300.75,289.0,0,0.0,0.0,,0.0,1,0.89,11.94,SPY190719C00289000,289.0,normalDay
2019-07-16,1768.0,59.0,0.0,100,299.78,289.0,0,0.0,0.0,,0.0,1,0.89,11.08,SPY190719C00289000,289.0,normalDay
2019-07-17,1768.0,67.0,0.0,100,297.74,289.0,0,0.0,0.0,,0.0,1,0.89,8.96,SPY190719C00289000,289.0,normalDay
2019-07-18,1768.0,72.0,0.0,100,298.83,289.0,0,0.0,0.0,,0.0,1,0.89,10.0,SPY190719C00289000,289.0,normalDay
2019-07-19,1857.0,72.0,89.0,0,297.17,0.0,0,0.0,0.0,,0.0,1,0.89,0.0,SPY190719C00289000,289.0,expirationDay
2019-07-22,1857.0,-4.0,0.0,0,297.9,0.0,1,1.98,2.02,SPY190809P00295000,295.0,0,0.0,0.0,,0.0,normalDay
2019-07-23,1857.0,68.0,0.0,0,300.03,0.0,1,1.98,1.3,SPY190809P00295000,295.0,0,0.0,0.0,,0.0,normalDay
2019-07-24,1857.0,105.0,0.0,0,301.44,0.0,1,1.98,0.93,SPY190809P00295000,295.0,0,0.0,0.0,,0.0,normalDay
2019-07-25,1857.0,81.0,0.0,0,300.0,0.0,1,1.98,1.17,SPY190809P00295000,295.0,0,0.0,0.0,,0.0,normalDay
2019-07-26,1857.0,127.0,0.0,0,302.01,0.0,1,1.98,0.71,SPY190809P00295000,295.0,0,0.0,0.0,,0.0,normalDay
2019-07-29,1857.0,132.0,0.0,0,301.46,0.0,1,1.98,0.66,SPY190809P00295000,295.0,0,0.0,0.0,,0.0,normalDay
2019-07-30,1857.0,104.0,0.0,0,300.72,0.0,1,1.98,0.94,SPY190809P00295000,295.0,0,0.0,0.0,,0.0,normalDay
2019-07-31,1857.0,-2.0,0.0,0,297.43,0.0,1,1.98,2.0,SPY190809P00295000,295.0,0,0.0,0.0,,0.0,normalDay
2019-08-01,1857.0,-94.0,0.0,0,294.84,0.0,1,1.98,2.92,SPY190809P00295000,295.0,0,0.0,0.0,,0.0,normalDay
2019-08-02,1857.0,-175.0,0.0,0,292.62,0.0,1,1.98,3.73,SPY190809P00295000,295.0,0,0.0,0.0,,0.0,normalDay
2019-08-05,1857.0,-987.0,0.0,0,283.82,0.0,1,1.98,11.85,SPY190809P00295000,295.0,0,0.0,0.0,,0.0,normalDay
2019-08-06,1857.0,-538.0,0.0,0,287.8,0.0,1,1.98,7.36,SPY190809P00295000,295.0,0,0.0,0.0,,0.0,normalDay
2019-08-07,1857.0,-515.0,0.0,0,287.97,0.0,1,1.98,7.13,SPY190809P00295000,295.0,0,0.0,0.0,,0.0,normalDay
2019-08-08,1857.0,17.0,0.0,0,293.62,0.0,1,1.98,1.81,SPY190809P00295000,295.0,0,0.0,0.0,,0.0,normalDay
2019-08-09,2055.0,-338.0,198.0,100,291.62,295.0,1,1.98,0.0,SPY190809P00295000,295.0,0,0.0,0.0,,0.0,expirationDay
2019-08-12,2055.0,-697.0,0.0,100,288.07,295.0,0,0.0,0.0,,0.0,1,1.2,1.24,SPY190930C00302000,302.0,normalDay
2019-08-13,2055.0,-307.0,0.0,100,292.55,295.0,0,0.0,0.0,,0.0,1,1.2,1.82,SPY190930C00302000,302.0,normalDay
2019-08-14,2055.0,-1068.0,0.0,100,283.9,295.0,0,0.0,0.0,,0.0,1,1.2,0.78,SPY190930C00302000,302.0,normalDay
2019-08-15,2055.0,-991.0,0.0,100,284.65,295.0,0,0.0,0.0,,0.0,1,1.2,0.76,SPY190930C00302000,302.0,normalDay
2019-08-16,2055.0,-590.0,0.0,100,288.85,295.0,0,0.0,0.0,,0.0,1,1.2,0.95,SPY190930C00302000,302.0,normalDay
2019-08-19,2055.0,-268.0,0.0,100,292.33,295.0,0,0.0,0.0,,0.0,1,1.2,1.21,SPY190930C00302000,302.0,normalDay
2019-08-20,2055.0,-451.0,0.0,100,290.09,295.0,0,0.0,0.0,,0.0,1,1.2,0.8,SPY190930C00302000,302.0,normalDay
2019-08-21,2055.0,-246.0,0.0,100,292.45,295.0,0,0.0,0.0,,0.0,1,1.2,1.11,SPY190930C00302000,302.0,normalDay
2019-08-22,2055.0,-246.0,0.0,100,292.36,295.0,0,0.0,0.0,,0.0,1,1.2,1.02,SPY190930C00302000,302.0,normalDay
2019-08-23,2055.0,-932.0,0.0,100,284.85,295.0,0,0.0,0.0,,0.0,1,1.2,0.37,SPY190930C00302000,302.0,normalDay
2019-08-26,2055.0,-632.0,0.0,100,288.0,295.0,0,0.0,0.0,,0.0,1,1.2,0.52,SPY190930C00302000,302.0,normalDay
2019-08-27,2055.0,-735.0,0.0,100,286.87,295.0,0,0.0,0.0,,0.0,1,1.2,0.42,SPY190930C00302000,302.0,normalDay
2019-08-28,2055.0,-546.0,0.0,100,288.89,295.0,0,0.0,0.0,,0.0,1,1.2,0.55,SPY190930C00302000,302.0,normalDay
2019-08-29,2055.0,-210.0,0.0,100,292.58,295.0,0,0.0,0.0,,0.0,1,1.2,0.88,SPY190930C00302000,302.0,normalDay
2019-08-30,2055.0,-219.0,0.0,100,292.45,295.0,0,0.0,0.0,,0.0,1,1.2,0.84,SPY190930C00302000,302.0,normalDay
2019-09-03,2055.0,-348.0,0.0,100,290.74,295.0,0,0.0,0.0,,0.0,1,1.2,0.42,SPY190930C00302000,302.0,normalDay
2019-09-04,2055.0,-42.0,0.0,100,294.04,295.0,0,0.0,0.0,,0.0,1,1.2,0.66,SPY190930C00302000,302.0,normalDay
2019-09-05,2055.0,265.0,0.0,100,297.82,295.0,0,0.0,0.0,,0.0,1,1.2,1.37,SPY190930C00302000,302.0,normalDay
2019-09-06,2055.0,295.0,0.0,100,298.05,295.0,0,0.0,0.0,,0.0,1,1.2,1.3,SPY190930C00302000,302.0,normalDay
2019-09-09,2055.0,332.0,0.0,100,298.2,295.0,0,0.0,0.0,,0.0,1,1.2,1.08,SPY190930C00302000,302.0,normalDay
2019-09-10,2055.0,336.0,0.0,100,298.13,295.0,0,0.0,0.0,,0.0,1,1.2,0.97,SPY190930C00302000,302.0,normalDay
2019-09-11,2055.0,475.0,0.0,100,300.25,295.0,0,0.0,0.0,,0.0,1,1.2,1.7,SPY190930C00302000,302.0,normalDay
2019-09-12,2055.0,540.0,0.0,100,301.29,295.0,0,0.0,0.0,,0.0,1,1.2,2.09,SPY190930C00302000,302.0,normalDay
2019-09-13,2055.0,557.0,0.0,100,301.09,295.0,0,0.0,0.0,,0.0,1,1.2,1.72,SPY190930C00302000,302.0,normalDay
2019-09-16,2055.0,505.0,0.0,100,300.16,295.0,0,0.0,0.0,,0.0,1,1.2,1.31,SPY190930C00302000,302.0,normalDay
2019-09-17,2055.0,569.0,0.0,100,300.92,295.0,0,0.0,0.0,,0.0,1,1.2,1.43,SPY190930C00302000,302.0,normalDay
2019-09-18,2055.0,592.0,0.0,100,301.1,295.0,0,0.0,0.0,,0.0,1,1.2,1.38,SPY190930C00302000,302.0,normalDay
2019-09-19,2055.0,623.0,0.0,100,301.08,295.0,0,0.0,0.0,,0.0,1,1.2,1.05,SPY190930C00302000,302.0,normalDay
2019-09-20,2055.0,388.0,0.0,100,298.28,295.0,0,0.0,0.0,,0.0,1,1.2,0.6,SPY190930C00302000,302.0,normalDay
2019-09-23,2055.0,406.0,0.0,100,298.21,295.0,0,0.0,0.0,,0.0,1,1.2,0.35,SPY190930C00302000,302.0,normalDay
2019-09-24,2055.0,192.0,0.0,100,295.87,295.0,0,0.0,0.0,,0.0,1,1.2,0.15,SPY190930C00302000,302.0,normalDay
2019-09-25,2055.0,369.0,0.0,100,297.62,295.0,0,0.0,0.0,,0.0,1,1.2,0.13,SPY190930C00302000,302.0,normalDay
2019-09-26,2055.0,315.0,0.0,100,297.0,295.0,0,0.0,0.0,,0.0,1,1.2,0.05,SPY190930C00302000,302.0,normalDay
2019-09-27,2055.0,158.0,0.0,100,295.4,295.0,0,0.0,0.0,,0.0,1,1.2,0.02,SPY190930C00302000,302.0,normalDay
2019-09-30,2175.0,177.0,120.0,100,296.77,295.0,0,0.0,0.0,,0.0,1,1.2,0.0,SPY190930C00302000,302.0,expirationDay
2019-10-01,2175.0,-180.0,0.0,100,293.24,295.0,0,0.0,0.0,,0.0,1,2.87,2.91,SPY191115C00301000,301.0,normalDay
2019-10-02,2175.0,-559.0,0.0,100,288.06,295.0,0,0.0,0.0,,0.0,1,2.87,1.52,SPY191115C00301000,301.0,normalDay
2019-10-03,2175.0,-366.0,0.0,100,290.42,295.0,0,0.0,0.0,,0.0,1,2.87,1.95,SPY191115C00301000,301.0,normalDay
2019-10-04,2175.0,-56.0,0.0,100,294.35,295.0,0,0.0,0.0,,0.0,1,2.87,2.78,SPY191115C00301000,301.0,normalDay
2019-10-07,2175.0,-125.0,0.0,100,293.08,295.0,0,0.0,0.0,,0.0,1,2.87,2.2,SPY191115C00301000,301.0,normalDay
2019-10-08,2175.0,-490.0,0.0,100,288.53,295.0,0,0.0,0.0,,0.0,1,2.87,1.3,SPY191115C00301000,301.0,normalDay
2019-10-09,2175.0,-249.0,0.0,100,291.27,295.0,0,0.0,0.0,,0.0,1,2.87,1.63,SPY191115C00301000,301.0,normalDay
2019-10-10,2175.0,-105.0,0.0,100,293.24,295.0,0,0.0,0.0,,0.0,1,2.87,2.16,SPY191115C00301000,301.0,normalDay
2019-10-11,2175.0,123.0,0.0,100,296.28,295.0,0,0.0,0.0,,0.0,1,2.87,2.92,SPY191115C00301000,301.0,normalDay
2019-10-14,2175.0,162.0,0.0,100,295.95,295.0,0,0.0,0.0,,0.0,1,2.87,2.2,SPY191115C00301000,301.0,normalDay
2019-10-15,2175.0,353.0,0.0,100,298.88,295.0,0,0.0,0.0,,0.0,1,2.87,3.22,SPY191115C00301000,301.0,normalDay
2019-10-16,2175.0,329.0,0.0,100,298.4,295.0,0,0.0,0.0,,0.0,1,2.87,2.98,SPY191115C00301000,301.0,normalDay
2019-10-17,2175.0,392.0,0.0,100,299.28,295.0,0,0.0,0.0,,0.0,1,2.87,3.23,SPY191115C00301000,301.0,normalDay
2019-10-18,2175.0,313.0,0.0,100,297.97,295.0,0,0.0,0.0,,0.0,1,2.87,2.71,SPY191115C00301000,301.0,normalDay
2019-10-21,2175.0,455.0,0.0,100,299.99,295.0,0,0.0,0.0,,0.0,1,2.87,3.31,SPY191115C00301000,301.0,normalDay
2019-10-22,2175.0,414.0,0.0,100,299.01,295.0,0,0.0,0.0,,0.0,1,2.87,2.74,SPY191115C00301000,301.0,normalDay
2019-10-23,2175.0,466.0,0.0,100,299.88,295.0,0,0.0,0.0,,0.0,1,2.87,3.09,SPY191115C00301000,301.0,normalDay
2019-10-24,2175.0,528.0,0.0,100,300.37,295.0,0,0.0,0.0,,0.0,1,2.87,2.96,SPY191115C00301000,301.0,normalDay
2019-10-25,2175.0,605.0,0.0,100,301.6,295.0,0,0.0,0.0,,0.0,1,2.87,3.42,SPY191115C00301000,301.0,normalDay
2019-10-28,2175.0,670.0,0.0,100,303.3,295.0,0,0.0,0.0,,0.0,1,2.87,4.47,SPY191115C00301000,301.0,normalDay
2019-10-29,2175.0,673.0,0.0,100,303.21,295.0,0,0.0,0.0,,0.0,1,2.87,4.35,SPY191115C00301000,301.0,normalDay
2019-10-30,2175.0,702.0,0.0,100,304.14,295.0,0,0.0,0.0,,0.0,1,2.87,4.99,SPY191115C00301000,301.0,normalDay
2019-10-31,2175.0,694.0,0.0,100,303.33,295.0,0,0.0,0.0,,0.0,1,2.87,4.26,SPY191115C00301000,301.0,normalDay
2019-11-01,2175.0,785.0,0.0,100,306.14,295.0,0,0.0,0.0,,0.0,1,2.87,6.16,SPY191115C00301000,301.0,normalDay
2019-11-04,2175.0,813.0,0.0,100,307.37,295.0,0,0.0,0.0,,0.0,1,2.87,7.11,SPY191115C00301000,301.0,normalDay
2019-11-05,2175.0,814.0,0.0,100,307.03,295.0,0,0.0,0.0,,0.0,1,2.87,6.76,SPY191115C00301000,301.0,normalDay
2019-11-06,2175.0,817.0,0.0,100,307.1,295.0,0,0.0,0.0,,0.0,1,2.87,6.8,SPY191115C00301000,301.0,normalDay
2019-11-07,2175.0,846.0,0.0,100,308.18,295.0,0,0.0,0.0,,0.0,1,2.87,7.59,SPY191115C00301000,301.0,normalDay
2019-11-08,2175.0,858.0,0.0,100,308.94,295.0,0,0.0,0.0,,0.0,1,2.87,8.23,SPY191115C00301000,301.0,normalDay
2019-11-11,2175.0,851.0,0.0,100,308.35,295.0,0,0.0,0.0,,0.0,1,2.87,7.71,SPY191115C00301000,301.0,normalDay
2019-11-12,2175.0,892.0,0.0,100,309.0,295.0,0,0.0,0.0,,0.0,1,2.87,7.95,SPY191115C00301000,301.0,normalDay
2019-11-13,2175.0,870.0,0.0,100,309.1,295.0,0,0.0,0.0,,0.0,1,2.87,8.27,SPY191115C00301000,301.0,normalDay
2019-11-14,2175.0,876.0,0.0,100,309.55,295.0,0,0.0,0.0,,0.0,1,2.87,8.66,SPY191115C00301000,301.0,normalDay
2019-11-15,3062.0,876.0,887.0,0,311.79,0.0,0,0.0,0.0,,0.0,1,2.87,0.0,SPY191115C00301000,301.0,expirationDay
2019-11-18,3062.0,-3.0,0.0,0,312.02,0.0,1,0.85,0.88,SPY191206P00304000,304.0,0,0.0,0.0,,0.0,normalDay
2019-11-19,3062.0,-2.0,0.0,0,311.93,0.0,1,0.85,0.87,SPY191206P00304000,304.0,0,0.0,0.0,,0.0,normalDay
2019-11-20,3062.0,-15.0,0.0,0,310.77,0.0,1,0.85,1.0,SPY191206P00304000,304.0,0,0.0,0.0,,0.0,normalDay
2019-11-21,3062.0,-19.0,0.0,0,310.27,0.0,1,0.85,1.04,SPY191206P00304000,304.0,0,0.0,0.0,,0.0,normalDay
2019-11-22,3062.0,14.0,0.0,0,310.96,0.0,1,0.85,0.71,SPY191206P00304000,304.0,0,0.0,0.0,,0.0,normalDay
2019-11-25,3062.0,50.0,0.0,0,313.37,0.0,1,0.85,0.35,SPY191206P00304000,304.0,0,0.0,0.0,,0.0,normalDay
2019-11-26,3062.0,59.0,0.0,0,314.08,0.0,1,0.85,0.26,SPY191206P00304000,304.0,0,0.0,0.0,,0.0,normalDay
2019-11-27,3062.0,68.0,0.0,0,315.48,0.0,1,0.85,0.17,SPY191206P00304000,304.0,0,0.0,0.0,,0.0,normalDay
2019-11-29,3062.0,65.0,0.0,0,314.31,0.0,1,0.85,0.2,SPY191206P00304000,304.0,0,0.0,0.0,,0.0,normalDay
2019-12-02,3062.0,52.0,0.0,0,311.64,0.0,1,0.85,0.33,SPY191206P00304000,304.0,0,0.0,0.0,,0.0,normalDay
2019-12-03,3062.0,39.0,0.0,0,309.55,0.0,1,0.85,0.46,SPY191206P00304000,304.0,0,0.0,0.0,,0.0,normalDay
2019-12-04,3062.0,73.0,0.0,0,311.46,0.0,1,0.85,0.12,SPY191206P00304000,304.0,0,0.0,0.0,,0.0,normalDay
2019-12-05,3062.0,82.0,0.0,0,312.02,0.0,1,0.85,0.03,SPY191206P00304000,304.0,0,0.0,0.0,,0.0,normalDay
2019-12-06,3147.0,0.0,85.0,0,314.87,0.0,1,0.85,0.0,SPY191206P00304000,304.0,0,0.0,0.0,,0.0,expirationDay
2019-12-09,3147.0,-5.0,0.0,0,313.88,0.0,1,2.91,2.96,SPY191227P00310500,310.5,0,0.0,0.0,,0.0,normalDay
2019-12-10,3147.0,13.0,0.0,0,313.53,0.0,1,2.91,2.78,SPY191227P00310500,310.5,0,0.0,0.0,,0.0,normalDay
2019-12-11,3147.0,64.0,0.0,0,314.42,0.0,1,2.91,2.27,SPY191227P00310500,310.5,0,0.0,0.0,,0.0,normalDay
2019-12-12,3147.0,144.0,0.0,0,317.13,0.0,1,2.91,1.47,SPY191227P00310500,310.5,0,0.0,0.0,,0.0,normalDay
2019-12-13,3147.0,192.0,0.0,0,317.32,0.0,1,2.91,0.99,SPY191227P00310500,310.5,0,0.0,0.0,,0.0,normalDay
2019-12-16,3147.0,240.0,0.0,0,319.5,0.0,1,2.91,0.51,SPY191227P00310500,310.5,0,0.0,0.0,,0.0,normalDay
2019-12-17,3147.0,250.0,0.0,0,319.57,0.0,1,2.91,0.41,SPY191227P00310500,310.5,0,0.0,0.0,,0.0,normalDay
2019-12-18,3147.0,261.0,0.0,0,319.59,0.0,1,2.91,0.3,SPY191227P00310500,310.5,0,0.0,0.0,,0.0,normalDay
2019-12-19,3147.0,277.0,0.0,0,320.9,0.0,1,2.91,0.14,SPY191227P00310500,310.5,0,0.0,0.0,,0.0,normalDay
2019-12-20,3147.0,283.0,0.0,0,320.73,0.0,1,2.91,0.08,SPY191227P00310500,310.5,0,0.0,0.0,,0.0,normalDay
2019-12-23,3147.0,287.0,0.0,0,321.22,0.0,1,2.91,0.04,SPY191227P00310500,310.5,0,0.0,0.0,,0.0,normalDay
2019-12-24,3147.0,289.0,0.0,0,321.23,0.0,1,2.91,0.02,SPY191227P00310500,310.5,0,0.0,0.0,,0.0,normalDay
2019-12-26,3147.0,290.0,0.0,0,322.94,0.0,1,2.91,0.01,SPY191227P00310500,310.5,0,0.0,0.0,,0.0,normalDay
2019-12-27,3438.0,0.0,291.0,0,322.86,0.0,1,2.91,0.0,SPY191227P00310500,310.5,0,0.0,0.0,,0.0,expirationDay
2019-12-30,3438.0,-3.0,0.0,0,321.08,0.0,1,1.65,1.68,SPY200117P00315000,315.0,0,0.0,0.0,,0.0,normalDay
2019-12-31,3438.0,41.0,0.0,0,321.86,0.0,1,1.65,1.24,SPY200117P00315000,315.0,0,0.0,0.0,,0.0,normalDay
2020-01-02,3438.0,105.0,0.0,0,324.87,0.0,1,1.65,0.6,SPY200117P00315000,315.0,0,0.0,0.0,,0.0,normalDay
2020-01-03,3438.0,59.0,0.0,0,322.41,0.0,1,1.65,1.06,SPY200117P00315000,315.0,0,0.0,0.0,,0.0,normalDay
2020-01-06,3438.0,104.0,0.0,0,323.64,0.0,1,1.65,0.61,SPY200117P00315000,315.0,0,0.0,0.0,,0.0,normalDay
2020-01-07,3438.0,99.0,0.0,0,322.73,0.0,1,1.65,0.66,SPY200117P00315000,315.0,0,0.0,0.0,,0.0,normalDay
2020-01-08,3438.0,124.0,0.0,0,324.45,0.0,1,1.65,0.41,SPY200117P00315000,315.0,0,0.0,0.0,,0.0,normalDay
2020-01-09,3438.0,144.0,0.0,0,326.65,0.0,1,1.65,0.21,SPY200117P00315000,315.0,0,0.0,0.0,,0.0,normalDay
2020-01-10,3438.0,150.0,0.0,0,325.71,0.0,1,1.65,0.15,SPY200117P00315000,315.0,0,0.0,0.0,,0.0,normalDay
2020-01-13,3438.0,160.0,0.0,0,327.95,0.0,1,1.65,0.05,SPY200117P00315000,315.0,0,0.0,0.0,,0.0,normalDay
2020-01-14,3438.0,160.0,0.0,0,327.45,0.0,1,1.65,0.05,SPY200117P00315000,315.0,0,0.0,0.0,,0.0,normalDay
2020-01-15,3438.0,162.0,0.0,0,328.19,0.0,1,1.65,0.03,SPY200117P00315000,315.0,0,0.0,0.0,,0.0,normalDay
2020-01-16,3438.0,163.0,0.0,0,330.92,0.0,1,1.65,0.02,SPY200117P00315000,315.0,0,0.0,0.0,,0.0,normalDay
2020-01-17,3603.0,0.0,165.0,0,331.95,0.0,1,1.65,0.0,SPY200117P00315000,315.0,0,0.0,0.0,,0.0,expirationDay
2020-01-21,3603.0,-4.0,0.0,0,331.3,0.0,1,1.1,1.14,SPY200207P00323000,323.0,0,0.0,0.0,,0.0,normalDay
2020-01-22,3603.0,2.0,0.0,0,331.34,0.0,1,1.1,1.08,SPY200207P00323000,323.0,0,0.0,0.0,,0.0,normalDay
2020-01-23,3603.0,13.0,0.0,0,331.72,0.0,1,1.1,0.97,SPY200207P00323000,323.0,0,0.0,0.0,,0.0,normalDay
2020-01-24,3603.0,-61.0,0.0,0,328.77,0.0,1,1.1,1.71,SPY200207P00323000,323.0,0,0.0,0.0,,0.0,normalDay
2020-01-27,3603.0,-290.0,0.0,0,323.5,0.0,1,1.1,4.0,SPY200207P00323000,323.0,0,0.0,0.0,,0.0,normalDay
2020-01-28,3603.0,-113.0,0.0,0,326.89,0.0,1,1.1,2.23,SPY200207P00323000,323.0,0,0.0,0.0,,0.0,normalDay
2020-01-29,3603.0,-107.0,0.0,0,326.62,0.0,1,1.1,2.17,SPY200207P00323000,323.0,0,0.0,0.0,,0.0,normalDay
2020-01-30,3603.0,-24.0,0.0,0,327.68,0.0,1,1.1,1.34,SPY200207P00323000,323.0,0,0.0,0.0,,0.0,normalDay
2020-01-31,3603.0,-291.0,0.0,0,321.73,0.0,1,1.1,4.01,SPY200207P00323000,323.0,0,0.0,0.0,,0.0,normalDay
2020-02-03,3603.0,-135.0,0.0,0,324.12,0.0,1,1.1,2.45,SPY200207P00323000,323.0,0,0.0,0.0,,0.0,normalDay
2020-02-04,3603.0,64.0,0.0,0,329.06,0.0,1,1.1,0.46,SPY200207P00323000,323.0,0,0.0,0.0,,0.0,normalDay
2020-02-05,3603.0,102.0,0.0,0,332.86,0.0,1,1.1,0.08,SPY200207P00323000,323.0,0,0.0,0.0,,0.0,normalDay
2020-02-06,3603.0,108.0,0.0,0,333.98,0.0,1,1.1,0.02,SPY200207P00323000,323.0,0,0.0,0.0,,0.0,normalDay
2020-02-07,3713.0,0.0,110.0,0,332.2,0.0,1,1.1,0.0,SPY200207P00323000,323.0,0,0.0,0.0,,0.0,expirationDay
2020-02-10,3713.0,-3.0,0.0,0,334.68,0.0,1,1.52,1.55,SPY200228P00327500,327.5,0,0.0,0.0,,0.0,normalDay
2020-02-11,3713.0,10.0,0.0,0,335.26,0.0,1,1.52,1.42,SPY200228P00327500,327.5,0,0.0,0.0,,0.0,normalDay
2020-02-12,3713.0,69.0,0.0,0,337.42,0.0,1,1.52,0.83,SPY200228P00327500,327.5,0,0.0,0.0,,0.0,normalDay
2020-02-13,3713.0,65.0,0.0,0,337.06,0.0,1,1.52,0.87,SPY200228P00327500,327.5,0,0.0,0.0,,0.0,normalDay
2020-02-14,3713.0,88.0,0.0,0,337.6,0.0,1,1.52,0.64,SPY200228P00327500,327.5,0,0.0,0.0,,0.0,normalDay
2020-02-18,3713.0,90.0,0.0,0,336.73,0.0,1,1.52,0.62,SPY200228P00327500,327.5,0,0.0,0.0,,0.0,normalDay
2020-02-19,3713.0,121.0,0.0,0,338.34,0.0,1,1.52,0.31,SPY200228P00327500,327.5,0,0.0,0.0,,0.0,normalDay
2020-02-20,3713.0,108.0,0.0,0,336.95,0.0,1,1.52,0.44,SPY200228P00327500,327.5,0,0.0,0.0,,0.0,normalDay
2020-02-21,3713.0,59.0,0.0,0,333.48,0.0,1,1.52,0.93,SPY200228P00327500,327.5,0,0.0,0.0,,0.0,normalDay
2020-02-24,3713.0,-544.0,0.0,0,322.42,0.0,1,1.52,6.96,SPY200228P00327500,327.5,0,0.0,0.0,,0.0,normalDay
2020-02-25,3713.0,-1307.0,0.0,0,312.65,0.0,1,1.52,14.59,SPY200228P00327500,327.5,0,0.0,0.0,,0.0,normalDay
2020-02-26,3713.0,-1503.0,0.0,0,311.5,0.0,1,1.52,16.55,SPY200228P00327500,327.5,0,0.0,0.0,,0.0,normalDay
2020-02-27,3713.0,-2880.0,0.0,0,297.51,0.0,1,1.52,30.32,SPY200228P00327500,327.5,0,0.0,0.0,,0.0,normalDay
2020-02-28,3865.0,-3124.0,152.0,100,296.26,327.5,1,1.52,0.0,SPY200228P00327500,327.5,0,0.0,0.0,,0.0,expirationDay
2020-03-02,3865.0,-1846.0,0.0,100,309.09,327.5,0,0.0,0.0,,0.0,1,0.24,0.29,SPY200417C00343000,343.0,normalDay
2020-03-03,3865.0,-2725.0,0.0,100,300.24,327.5,0,0.0,0.0,,0.0,1,0.24,0.23,SPY200417C00343000,343.0,normalDay
2020-03-04,3865.0,-1494.0,0.0,100,312.86,327.5,0,0.0,0.0,,0.0,1,0.24,0.54,SPY200417C00343000,343.0,normalDay
2020-03-05,3865.0,-2511.0,0.0,100,302.46,327.5,0,0.0,0.0,,0.0,1,0.24,0.31,SPY200417C00343000,343.0,normalDay
2020-03-06,3865.0,-3004.0,0.0,100,297.46,327.5,0,0.0,0.0,,0.0,1,0.24,0.24,SPY200417C00343000,343.0,normalDay
2020-03-09,3865.0,-5322.0,0.0,100,274.23,327.5,0,0.0,0.0,,0.0,1,0.24,0.19,SPY200417C00343000,343.0,normalDay
2020-03-10,3865.0,-3901.0,0.0,100,288.42,327.5,0,0.0,0.0,,0.0,1,0.24,0.17,SPY200417C00343000,343.0,normalDay
2020-03-11,3865.0,-5301.0,0.0,100,274.36,327.5,0,0.0,0.0,,0.0,1,0.24,0.11,SPY200417C00343000,343.0,normalDay
2020-03-12,3865.0,-7923.0,0.0,100,248.11,327.5,0,0.0,0.0,,0.0,1,0.24,0.08,SPY200417C00343000,343.0,normalDay
2020-03-13,3865.0,-5804.0,0.0,100,269.32,327.5,0,0.0,0.0,,0.0,1,0.24,0.1,SPY200417C00343000,343.0,normalDay
2020-03-16,3865.0,-8750.0,0.0,100,239.85,327.5,0,0.0,0.0,,0.0,1,0.24,0.09,SPY200417C00343000,343.0,normalDay
2020-03-17,3865.0,-7456.0,0.0,100,252.8,327.5,0,0.0,0.0,,0.0,1,0.24,0.1,SPY200417C00343000,343.0,normalDay
2020-03-18,3865.0,-8733.0,0.0,100,240.0,327.5,0,0.0,0.0,,0.0,1,0.24,0.07,SPY200417C00343000,343.0,normalDay
2020-03-19,3865.0,-8680.0,0.0,100,240.51,327.5,0,0.0,0.0,,0.0,1,0.24,0.05,SPY200417C00343000,343.0,normalDay
2020-03-20,3865.0,-9851.0,0.0,100,228.8,327.5,0,0.0,0.0,,0.0,1,0.24,0.05,SPY200417C00343000,343.0,normalDay
2020-03-23,3865.0,-10435.0,0.0,100,222.95,327.5,0,0.0,0.0,,0.0,1,0.24,0.04,SPY200417C00343000,343.0,normalDay
2020-03-24,3865.0,-8419.0,0.0,100,243.15,327.5,0,0.0,0.0,,0.0,1,0.24,0.08,SPY200417C00343000,343.0,normalDay
2020-03-25,3865.0,-8054.0,0.0,100,246.79,327.5,0,0.0,0.0,,0.0,1,0.24,0.07,SPY200417C00343000,343.0,normalDay
2020-03-26,3865.0,-6612.0,0.0,100,261.2,327.5,0,0.0,0.0,,0.0,1,0.24,0.06,SPY200417C00343000,343.0,normalDay
2020-03-27,3865.0,-7389.0,0.0,100,253.42,327.5,0,0.0,0.0,,0.0,1,0.24,0.05,SPY200417C00343000,343.0,normalDay
2020-03-30,3865.0,-6565.0,0.0,100,261.65,327.5,0,0.0,0.0,,0.0,1,0.24,0.04,SPY200417C00343000,343.0,normalDay
2020-03-31,3865.0,-6953.0,0.0,100,257.75,327.5,0,0.0,0.0,,0.0,1,0.24,0.02,SPY200417C00343000,343.0,normalDay
2020-04-01,3865.0,-8113.0,0.0,100,246.15,327.5,0,0.0,0.0,,0.0,1,0.24,0.02,SPY200417C00343000,343.0,normalDay
2020-04-02,3865.0,-7545.0,0.0,100,251.83,327.5,0,0.0,0.0,,0.0,1,0.24,0.02,SPY200417C00343000,343.0,normalDay
2020-04-03,3865.0,-7908.0,0.0,100,248.19,327.5,0,0.0,0.0,,0.0,1,0.24,0.01,SPY200417C00343000,343.0,normalDay
2020-04-06,3865.0,-6241.0,0.0,100,264.86,327.5,0,0.0,0.0,,0.0,1,0.24,0.01,SPY200417C00343000,343.0,normalDay
2020-04-07,3865.0,-6214.0,0.0,100,265.13,327.5,0,0.0,0.0,,0.0,1,0.24,0.01,SPY200417C00343000,343.0,normalDay
2020-04-08,3865.0,-5324.0,0.0,100,274.03,327.5,0,0.0,0.0,,0.0,1,0.24,0.01,SPY200417C00343000,343.0,normalDay
2020-04-09,3865.0,-4907.0,0.0,100,278.2,327.5,0,0.0,0.0,,0.0,1,0.24,0.01,SPY200417C00343000,343.0,normalDay
2020-04-13,3865.0,-5161.0,0.0,100,275.66,327.5,0,0.0,0.0,,0.0,1,0.24,0.01,SPY200417C00343000,343.0,normalDay
2020-04-14,3865.0,-4348.0,0.0,100,283.79,327.5,0,0.0,0.0,,0.0,1,0.24,0.01,SPY200417C00343000,343.0,normalDay
2020-04-15,3865.0,-4951.0,0.0,100,277.76,327.5,0,0.0,0.0,,0.0,1,0.24,0.01,SPY200417C00343000,343.0,normalDay
2020-04-16,3865.0,-4817.0,0.0,100,279.1,327.5,0,0.0,0.0,,0.0,1,0.24,0.01,SPY200417C00343000,343.0,normalDay
2020-04-17,3889.0,-4086.0,24.0,100,286.64,327.5,0,0.0,0.0,,0.0,1,0.24,0.0,SPY200417C00343000,343.0,expirationDay
2020-04-20,3889.0,-4601.0,0.0,100,281.59,327.5,0,0.0,0.0,,0.0,1,12.69,12.79,SPY200529C00283000,283.0,normalDay
2020-04-21,3889.0,-5060.0,0.0,100,273.04,327.5,0,0.0,0.0,,0.0,1,12.69,8.83,SPY200529C00283000,283.0,normalDay
2020-04-22,3889.0,-4613.0,0.0,100,279.1,327.5,0,0.0,0.0,,0.0,1,12.69,10.42,SPY200529C00283000,283.0,normalDay
2020-04-23,3889.0,-4575.0,0.0,100,279.08,327.5,0,0.0,0.0,,0.0,1,12.69,10.02,SPY200529C00283000,283.0,normalDay
2020-04-24,3889.0,-4269.0,0.0,100,282.97,327.5,0,0.0,0.0,,0.0,1,12.69,10.85,SPY200529C00283000,283.0,normalDay
2020-04-27,3889.0,-3997.0,0.0,100,287.05,327.5,0,0.0,0.0,,0.0,1,12.69,12.21,SPY200529C00283000,283.0,normalDay
2020-04-28,3889.0,-4072.0,0.0,100,285.73,327.5,0,0.0,0.0,,0.0,1,12.69,11.64,SPY200529C00283000,283.0,normalDay
2020-04-29,3889.0,-3761.0,0.0,100,293.21,327.5,0,0.0,0.0,,0.0,1,12.69,16.01,SPY200529C00283000,283.0,normalDay
2020-04-30,3889.0,-3816.0,0.0,100,290.48,327.5,0,0.0,0.0,,0.0,1,12.69,13.83,SPY200529C00283000,283.0,normalDay
2020-05-01,3889.0,-4191.0,0.0,100,282.79,327.5,0,0.0,0.0,,0.0,1,12.69,9.89,SPY200529C00283000,283.0,normalDay
2020-05-04,3889.0,-4045.0,0.0,100,283.57,327.5,0,0.0,0.0,,0.0,1,12.69,9.21,SPY200529C00283000,283.0,normalDay
2020-05-05,3889.0,-3902.0,0.0,100,286.19,327.5,0,0.0,0.0,,0.0,1,12.69,10.4,SPY200529C00283000,283.0,normalDay
2020-05-06,3889.0,-3953.0,0.0,100,284.25,327.5,0,0.0,0.0,,0.0,1,12.69,8.97,SPY200529C00283000,283.0,normalDay
2020-05-07,3889.0,-3800.0,0.0,100,287.68,327.5,0,0.0,0.0,,0.0,1,12.69,10.87,SPY200529C00283000,283.0,normalDay
2020-05-08,3889.0,-3571.0,0.0,100,292.44,327.5,0,0.0,0.0,,0.0,1,12.69,13.34,SPY200529C00283000,283.0,normalDay
2020-05-11,3889.0,-3472.0,0.0,100,292.5,327.5,0,0.0,0.0,,0.0,1,12.69,12.41,SPY200529C00283000,283.0,normalDay
2020-05-12,3889.0,-3698.0,0.0,100,286.67,327.5,0,0.0,0.0,,0.0,1,12.69,8.84,SPY200529C00283000,283.0,normalDay
2020-05-13,3889.0,-4000.0,0.0,100,281.6,327.5,0,0.0,0.0,,0.0,1,12.69,6.79,SPY200529C00283000,283.0,normalDay
2020-05-14,3889.0,-3791.0,0.0,100,284.97,327.5,0,0.0,0.0,,0.0,1,12.69,8.07,SPY200529C00283000,283.0,normalDay
2020-05-15,3889.0,-3623.0,0.0,100,286.28,327.5,0,0.0,0.0,,0.0,1,12.69,7.7,SPY200529C00283000,283.0,normalDay
2020-05-18,3889.0,-3359.0,0.0,100,295.0,327.5,0,0.0,0.0,,0.0,1,12.69,13.78,SPY200529C00283000,283.0,normalDay
2020-05-19,3889.0,-3432.0,0.0,100,291.97,327.5,0,0.0,0.0,,0.0,1,12.69,11.48,SPY200529C00283000,283.0,normalDay
2020-05-20,3889.0,-3326.0,0.0,100,296.93,327.5,0,0.0,0.0,,0.0,1,12.69,15.38,SPY200529C00283000,283.0,normalDay
2020-05-21,3889.0,-3278.0,0.0,100,294.88,327.5,0,0.0,0.0,,0.0,1,12.69,12.85,SPY200529C00283000,283.0,normalDay
2020-05-22,3889.0,-3258.0,0.0,100,295.44,327.5,0,0.0,0.0,,0.0,1,12.69,13.21,SPY200529C00283000,283.0,normalDay
2020-05-26,3889.0,-3217.0,0.0,100,299.08,327.5,0,0.0,0.0,,0.0,1,12.69,16.44,SPY200529C00283000,283.0,normalDay
2020-05-27,3889.0,-3194.0,0.0,100,303.53,327.5,0,0.0,0.0,,0.0,1,12.69,20.66,SPY200529C00283000,283.0,normalDay
2020-05-28,3889.0,-3276.0,0.0,100,302.97,327.5,0,0.0,0.0,,0.0,1,12.69,20.92,SPY200529C00283000,283.0,normalDay
2020-05-29,708.0,-3276.0,-3181.0,0,304.32,0.0,0,0.0,0.0,,0.0,1,12.69,0.0,SPY200529C00283000,283.0,expirationDay
2020-06-01,708.0,-3.0,0.0,0,305.55,0.0,1,2.57,2.6,SPY200619P00289000,289.0,0,0.0,0.0,,0.0,normalDay
2020-06-02,708.0,71.0,0.0,0,308.08,0.0,1,2.57,1.86,SPY200619P00289000,289.0,0,0.0,0.0,,0.0,normalDay
2020-06-03,708.0,145.0,0.0,0,312.18,0.0,1,2.57,1.12,SPY200619P00289000,289.0,0,0.0,0.0,,0.0,normalDay
2020-06-04,708.0,149.0,0.0,0,311.36,0.0,1,2.57,1.08,SPY200619P00289000,289.0,0,0.0,0.0,,0.0,normalDay
2020-06-05,708.0,210.0,0.0,0,319.34,0.0,1,2.57,0.47,SPY200619P00289000,289.0,0,0.0,0.0,,0.0,normalDay
2020-06-08,708.0,222.0,0.0,0,323.2,0.0,1,2.57,0.35,SPY200619P00289000,289.0,0,0.0,0.0,,0.0,normalDay
2020-06-09,708.0,217.0,0.0,0,320.79,0.0,1,2.57,0.4,SPY200619P00289000,289.0,0,0.0,0.0,,0.0,normalDay
2020-06-10,708.0,217.0,0.0,0,319.0,0.0,1,2.57,0.4,SPY200619P00289000,289.0,0,0.0,0.0,,0.0,normalDay
2020-06-11,708.0,-104.0,0.0,0,300.61,0.0,1,2.57,3.61,SPY200619P00289000,289.0,0,0.0,0.0,,0.0,normalDay
2020-06-12,708.0,61.0,0.0,0,304.21,0.0,1,2.57,1.96,SPY200619P00289000,289.0,0,0.0,0.0,,0.0,normalDay
2020-06-15,708.0,181.0,0.0,0,307.05,0.0,1,2.57,0.76,SPY200619P00289000,289.0,0,0.0,0.0,,0.0,normalDay
2020-06-16,708.0,234.0,0.0,0,312.96,0.0,1,2.57,0.23,SPY200619P00289000,289.0,0,0.0,0.0,,0.0,normalDay
2020-06-17,708.0,249.0,0.0,0,311.66,0.0,1,2.57,0.08,SPY200619P00289000,289.0,0,0.0,0.0,,0.0,normalDay
2020-06-18,708.0,252.0,0.0,0,311.78,0.0,1,2.57,0.05,SPY200619P00289000,289.0,0,0.0,0.0,,0.0,normalDay
2020-06-19,965.0,0.0,257.0,0,308.64,0.0,1,2.57,0.0,SPY200619P00289000,289.0,0,0.0,0.0,,0.0,expirationDay
2020-06-22,965.0,-6.0,0.0,0,310.62,0.0,1,5.62,5.68,SPY200710P00306000,306.0,0,0.0,0.0,,0.0,normalDay
2020-06-23,965.0,56.0,0.0,0,312.05,0.0,1,5.62,5.06,SPY200710P00306000,306.0,0,0.0,0.0,,0.0,normalDay
2020-06-24,965.0,-254.0,0.0,0,304.09,0.0,1,5.62,8.16,SPY200710P00306000,306.0,0,0.0,0.0,,0.0,normalDay
2020-06-25,965.0,-38.0,0.0,0,307.35,0.0,1,5.62,6.0,SPY200710P00306000,306.0,0,0.0,0.0,,0.0,normalDay
2020-06-26,965.0,-346.0,0.0,0,300.05,0.0,1,5.62,9.08,SPY200710P00306000,306.0,0,0.0,0.0,,0.0,normalDay
2020-06-29,965.0,-59.0,0.0,0,304.46,0.0,1,5.62,6.21,SPY200710P00306000,306.0,0,0.0,0.0,,0.0,normalDay
2020-06-30,965.0,142.0,0.0,0,308.36,0.0,1,5.62,4.2,SPY200710P00306000,306.0,0,0.0,0.0,,0.0,normalDay
2020-07-01,965.0,283.0,0.0,0,310.52,0.0,1,5.62,2.79,SPY200710P00306000,306.0,0,0.0,0.0,,0.0,normalDay
2020-07-02,965.0,400.0,0.0,0,312.23,0.0,1,5.62,1.62,SPY200710P00306000,306.0,0,0.0,0.0,,0.0,normalDay
2020-07-06,965.0,505.0,0.0,0,317.05,0.0,1,5.62,0.57,SPY200710P00306000,306.0,0,0.0,0.0,,0.0,normalDay
2020-07-07,965.0,482.0,0.0,0,313.78,0.0,1,5.62,0.8,SPY200710P00306000,306.0,0,0.0,0.0,,0.0,normalDay
2020-07-08,965.0,544.0,0.0,0,316.18,0.0,1,5.62,0.18,SPY200710P00306000,306.0,0,0.0,0.0,,0.0,normalDay
2020-07-09,965.0,550.0,0.0,0,314.38,0.0,1,5.62,0.12,SPY200710P00306000,306.0,0,0.0,0.0,,0.0,normalDay
2020-07-10,1527.0,0.0,562.0,0,317.59,0.0,1,5.62,0.0,SPY200710P00306000,306.0,0,0.0,0.0,,0.0,expirationDay
2020-07-13,1527.0,-7.0,0.0,0,314.84,0.0,1,5.31,5.38,SPY200731P00308000,308.0,0,0.0,0.0,,0.0,normalDay
2020-07-14,1527.0,162.0,0.0,0,318.92,0.0,1,5.31,3.69,SPY200731P00308000,308.0,0,0.0,0.0,,0.0,normalDay
2020-07-15,1527.0,276.0,0.0,0,321.85,0.0,1,5.31,2.55,SPY200731P00308000,308.0,0,0.0,0.0,,0.0,normalDay
2020-07-16,1527.0,255.0,0.0,0,320.79,0.0,1,5.31,2.76,SPY200731P00308000,308.0,0,0.0,0.0,,0.0,normalDay
2020-07-17,1527.0,362.0,0.0,0,321.72,0.0,1,5.31,1.69,SPY200731P00308000,308.0,0,0.0,0.0,,0.0,normalDay
2020-07-20,1527.0,431.0,0.0,0,324.32,0.0,1,5.31,1.0,SPY200731P00308000,308.0,0,0.0,0.0,,0.0,normalDay
2020-07-21,1527.0,442.0,0.0,0,325.01,0.0,1,5.31,0.89,SPY200731P00308000,308.0,0,0.0,0.0,,0.0,normalDay
2020-07-22,1527.0,473.0,0.0,0,326.86,0.0,1,5.31,0.58,SPY200731P00308000,308.0,0,0.0,0.0,,0.0,normalDay
2020-07-23,1527.0,435.0,0.0,0,322.96,0.0,1,5.31,0.96,SPY200731P00308000,308.0,0,0.0,0.0,,0.0,normalDay
2020-07-24,1527.0,467.0,0.0,0,320.88,0.0,1,5.31,0.64,SPY200731P00308000,308.0,0,0.0,0.0,,0.0,normalDay
2020-07-27,1527.0,510.0,0.0,0,323.22,0.0,1,5.31,0.21,SPY200731P00308000,308.0,0,0.0,0.0,,0.0,normalDay
2020-07-28,1527.0,506.0,0.0,0,321.17,0.0,1,5.31,0.25,SPY200731P00308000,308.0,0,0.0,0.0,,0.0,normalDay
2020-07-29,1527.0,525.0,0.0,0,325.12,0.0,1,5.31,0.06,SPY200731P00308000,308.0,0,0.0,0.0,,0.0,normalDay
2020-07-30,1527.0,526.0,0.0,0,323.96,0.0,1,5.31,0.05,SPY200731P00308000,308.0,0,0.0,0.0,,0.0,normalDay
2020-07-31,2058.0,0.0,531.0,0,326.52,0.0,1,5.31,0.0,SPY200731P00308000,308.0,0,0.0,0.0,,0.0,expirationDay
2020-08-03,2058.0,-4.0,0.0,0,328.79,0.0,1,2.8,2.84,SPY200821P00319000,319.0,0,0.0,0.0,,0.0,normalDay
2020-08-04,2058.0,46.0,0.0,0,330.06,0.0,1,2.8,2.34,SPY200821P00319000,319.0,0,0.0,0.0,,0.0,normalDay
2020-08-05,2058.0,111.0,0.0,0,332.11,0.0,1,2.8,1.69,SPY200821P00319000,319.0,0,0.0,0.0,,0.0,normalDay
2020-08-06,2058.0,155.0,0.0,0,334.33,0.0,1,2.8,1.25,SPY200821P00319000,319.0,0,0.0,0.0,,0.0,normalDay
2020-08-07,2058.0,171.0,0.0,0,334.57,0.0,1,2.8,1.09,SPY200821P00319000,319.0,0,0.0,0.0,,0.0,normalDay
2020-08-10,2058.0,201.0,0.0,0,335.57,0.0,1,2.8,0.79,SPY200821P00319000,319.0,0,0.0,0.0,,0.0,normalDay
2020-08-11,2058.0,151.0,0.0,0,332.8,0.0,1,2.8,1.29,SPY200821P00319000,319.0,0,0.0,0.0,,0.0,normalDay
2020-08-12,2058.0,232.0,0.0,0,337.44,0.0,1,2.8,0.48,SPY200821P00319000,319.0,0,0.0,0.0,,0.0,normalDay
2020-08-13,2058.0,240.0,0.0,0,336.83,0.0,1,2.8,0.4,SPY200821P00319000,319.0,0,0.0,0.0,,0.0,normalDay
2020-08-14,2058.0,257.0,0.0,0,336.84,0.0,1,2.8,0.23,SPY200821P00319000,319.0,0,0.0,0.0,,0.0,normalDay
2020-08-17,2058.0,271.0,0.0,0,337.91,0.0,1,2.8,0.09,SPY200821P00319000,319.0,0,0.0,0.0,,0.0,normalDay
2020-08-18,2058.0,272.0,0.0,0,338.64,0.0,1,2.8,0.08,SPY200821P00319000,319.0,0,0.0,0.0,,0.0,normalDay
2020-08-19,2058.0,271.0,0.0,0,337.23,0.0,1,2.8,0.09,SPY200821P00319000,319.0,0,0.0,0.0,,0.0,normalDay
2020-08-20,2058.0,277.0,0.0,0,338.28,0.0,1,2.8,0.03,SPY200821P00319000,319.0,0,0.0,0.0,,0.0,normalDay
2020-08-21,2338.0,0.0,280.0,0,339.48,0.0,1,2.8,0.0,SPY200821P00319000,319.0,0,0.0,0.0,,0.0,expirationDay
2020-08-24,2338.0,-4.0,0.0,0,342.92,0.0,1,1.94,1.98,SPY200911P00331000,331.0,0,0.0,0.0,,0.0,normalDay
2020-08-25,2338.0,32.0,0.0,0,344.12,0.0,1,1.94,1.62,SPY200911P00331000,331.0,0,0.0,0.0,,0.0,normalDay
2020-08-26,2338.0,57.0,0.0,0,347.57,0.0,1,1.94,1.37,SPY200911P00331000,331.0,0,0.0,0.0,,0.0,normalDay
2020-08-27,2338.0,67.0,0.0,0,348.33,0.0,1,1.94,1.27,SPY200911P00331000,331.0,0,0.0,0.0,,0.0,normalDay
2020-08-28,2338.0,123.0,0.0,0,350.58,0.0,1,1.94,0.71,SPY200911P00331000,331.0,0,0.0,0.0,,0.0,normalDay
2020-08-31,2338.0,109.0,0.0,0,349.31,0.0,1,1.94,0.85,SPY200911P00331000,331.0,0,0.0,0.0,,0.0,normalDay
2020-09-01,2338.0,142.0,0.0,0,352.6,0.0,1,1.94,0.52,SPY200911P00331000,331.0,0,0.0,0.0,,0.0,normalDay
2020-09-02,2338.0,161.0,0.0,0,357.7,0.0,1,1.94,0.33,SPY200911P00331000,331.0,0,0.0,0.0,,0.0,normalDay
2020-09-03,2338.0,43.0,0.0,0,345.39,0.0,1,1.94,1.51,SPY200911P00331000,331.0,0,0.0,0.0,,0.0,normalDay
2020-09-04,2338.0,17.0,0.0,0,342.57,0.0,1,1.94,1.77,SPY200911P00331000,331.0,0,0.0,0.0,,0.0,normalDay
2020-09-08,2338.0,-128.0,0.0,0,333.21,0.0,1,1.94,3.22,SPY200911P00331000,331.0,0,0.0,0.0,,0.0,normalDay
2020-09-09,2338.0,106.0,0.0,0,339.79,0.0,1,1.94,0.88,SPY200911P00331000,331.0,0,0.0,0.0,,0.0,normalDay
2020-09-10,2338.0,75.0,0.0,0,333.89,0.0,1,1.94,1.19,SPY200911P00331000,331.0,0,0.0,0.0,,0.0,normalDay
2020-09-11,2532.0,0.0,194.0,0,334.06,0.0,1,1.94,0.0,SPY200911P00331000,331.0,0,0.0,0.0,,0.0,expirationDay
2020-09-14,2532.0,-7.0,0.0,0,338.46,0.0,1,7.33,7.4,SPY201002P00339000,339.0,0,0.0,0.0,,0.0,normalDay
2020-09-15,2532.0,100.0,0.0,0,340.17,0.0,1,7.33,6.33,SPY201002P00339000,339.0,0,0.0,0.0,,0.0,normalDay
2020-09-16,2532.0,41.0,0.0,0,338.82,0.0,1,7.33,6.92,SPY201002P00339000,339.0,0,0.0,0.0,,0.0,normalDay
2020-09-17,2532.0,-84.0,0.0,0,335.84,0.0,1,7.33,8.17,SPY201002P00339000,339.0,0,0.0,0.0,,0.0,normalDay
2020-09-18,2532.0,-316.0,0.0,0,330.65,0.0,1,7.33,10.49,SPY201002P00339000,339.0,0,0.0,0.0,,0.0,normalDay
2020-09-21,2532.0,-546.0,0.0,0,326.97,0.0,1,7.33,12.79,SPY201002P00339000,339.0,0,0.0,0.0,,0.0,normalDay
2020-09-22,2532.0,-306.0,0.0,0,330.3,0.0,1,7.33,10.39,SPY201002P00339000,339.0,0,0.0,0.0,,0.0,normalDay
2020-09-23,2532.0,-934.0,0.0,0,322.64,0.0,1,7.33,16.67,SPY201002P00339000,339.0,0,0.0,0.0,,0.0,normalDay
2020-09-24,2532.0,-824.0,0.0,0,323.5,0.0,1,7.33,15.57,SPY201002P00339000,339.0,0,0.0,0.0,,0.0,normalDay
2020-09-25,2532.0,-359.0,0.0,0,328.73,0.0,1,7.33,10.92,SPY201002P00339000,339.0,0,0.0,0.0,,0.0,normalDay
2020-09-28,2532.0,111.0,0.0,0,334.19,0.0,1,7.33,6.22,SPY201002P00339000,339.0,0,0.0,0.0,,0.0,normalDay
2020-09-29,2532.0,32.0,0.0,0,332.37,0.0,1,7.33,7.01,SPY201002P00339000,339.0,0,0.0,0.0,,0.0,normalDay
2020-09-30,2532.0,120.0,0.0,0,334.89,0.0,1,7.33,6.13,SPY201002P00339000,339.0,0,0.0,0.0,,0.0,normalDay
2020-10-01,2532.0,427.0,0.0,0,337.04,0.0,1,7.33,3.06,SPY201002P00339000,339.0,0,0.0,0.0,,0.0,normalDay
2020-10-02,3265.0,-516.0,733.0,100,333.84,339.0,1,7.33,0.0,SPY201002P00339000,339.0,0,0.0,0.0,,0.0,expirationDay
2020-10-05,3265.0,71.0,0.0,100,339.76,339.0,0,0.0,0.0,,0.0,1,12.28,12.33,SPY201120C00340000,340.0,normalDay
2020-10-06,3265.0,-168.0,0.0,100,334.93,339.0,0,0.0,0.0,,0.0,1,12.28,9.89,SPY201120C00340000,340.0,normalDay
2020-10-07,3265.0,175.0,0.0,100,340.76,339.0,0,0.0,0.0,,0.0,1,12.28,12.29,SPY201120C00340000,340.0,normalDay
2020-10-08,3265.0,364.0,0.0,100,343.78,339.0,0,0.0,0.0,,0.0,1,12.28,13.42,SPY201120C00340000,340.0,normalDay
2020-10-09,3265.0,529.0,0.0,100,346.85,339.0,0,0.0,0.0,,0.0,1,12.28,14.84,SPY201120C00340000,340.0,normalDay
2020-10-12,3265.0,701.0,0.0,100,352.43,339.0,0,0.0,0.0,,0.0,1,12.28,18.7,SPY201120C00340000,340.0,normalDay
2020-10-13,3265.0,624.0,0.0,100,350.13,339.0,0,0.0,0.0,,0.0,1,12.28,17.17,SPY201120C00340000,340.0,normalDay
2020-10-14,3265.0,575.0,0.0,100,347.93,339.0,0,0.0,0.0,,0.0,1,12.28,15.46,SPY201120C00340000,340.0,normalDay
2020-10-15,3265.0,554.0,0.0,100,347.5,339.0,0,0.0,0.0,,0.0,1,12.28,15.24,SPY201120C00340000,340.0,normalDay
2020-10-16,3265.0,594.0,0.0,100,347.29,339.0,0,0.0,0.0,,0.0,1,12.28,14.63,SPY201120C00340000,340.0,normalDay
2020-10-19,3265.0,338.0,0.0,100,342.01,339.0,0,0.0,0.0,,0.0,1,12.28,11.91,SPY201120C00340000,340.0,normalDay
2020-10-20,3265.0,436.0,0.0,100,343.38,339.0,0,0.0,0.0,,0.0,1,12.28,12.3,SPY201120C00340000,340.0,normalDay
2020-10-21,3265.0,395.0,0.0,100,342.73,339.0,0,0.0,0.0,,0.0,1,12.28,12.06,SPY201120C00340000,340.0,normalDay
2020-10-22,3265.0,535.0,0.0,100,344.61,339.0,0,0.0,0.0,,0.0,1,12.28,12.54,SPY201120C00340000,340.0,normalDay
2020-10-23,3265.0,629.0,0.0,100,345.78,339.0,0,0.0,0.0,,0.0,1,12.28,12.77,SPY201120C00340000,340.0,normalDay
2020-10-26,3265.0,247.0,0.0,100,339.39,339.0,0,0.0,0.0,,0.0,1,12.28,10.2,SPY201120C00340000,340.0,normalDay
2020-10-27,3265.0,206.0,0.0,100,338.22,339.0,0,0.0,0.0,,0.0,1,12.28,9.44,SPY201120C00340000,340.0,normalDay
2020-10-28,3265.0,-562.0,0.0,100,326.66,339.0,0,0.0,0.0,,0.0,1,12.28,5.56,SPY201120C00340000,340.0,normalDay
2020-10-29,3265.0,-280.0,0.0,100,329.98,339.0,0,0.0,0.0,,0.0,1,12.28,6.06,SPY201120C00340000,340.0,normalDay
2020-10-30,3265.0,-478.0,0.0,100,326.54,339.0,0,0.0,0.0,,0.0,1,12.28,4.6,SPY201120C00340000,340.0,normalDay
2020-11-02,3265.0,-165.0,0.0,100,330.2,339.0,0,0.0,0.0,,0.0,1,12.28,5.13,SPY201120C00340000,340.0,normalDay
2020-11-03,3265.0,246.0,0.0,100,336.03,339.0,0,0.0,0.0,,0.0,1,12.28,6.85,SPY201120C00340000,340.0,normalDay
2020-11-04,3265.0,685.0,0.0,100,343.54,339.0,0,0.0,0.0,,0.0,1,12.28,9.97,SPY201120C00340000,340.0,normalDay
2020-11-05,3265.0,930.0,0.0,100,350.24,339.0,0,0.0,0.0,,0.0,1,12.28,14.22,SPY201120C00340000,340.0,normalDay
2020-11-06,3265.0,1024.0,0.0,100,350.16,339.0,0,0.0,0.0,,0.0,1,12.28,13.2,SPY201120C00340000,340.0,normalDay
2020-11-09,3265.0,1049.0,0.0,100,354.56,339.0,0,0.0,0.0,,0.0,1,12.28,17.35,SPY201120C00340000,340.0,normalDay
2020-11-10,3265.0,1124.0,0.0,100,354.04,339.0,0,0.0,0.0,,0.0,1,12.28,16.08,SPY201120C00340000,340.0,normalDay
2020-11-11,3265.0,1192.0,0.0,100,356.67,339.0,0,0.0,0.0,,0.0,1,12.28,18.03,SPY201120C00340000,340.0,normalDay
2020-11-12,3265.0,1149.0,0.0,100,353.21,339.0,0,0.0,0.0,,0.0,1,12.28,15.0,SPY201120C00340000,340.0,normalDay
2020-11-13,3265.0,1263.0,0.0,100,358.1,339.0,0,0.0,0.0,,0.0,1,12.28,18.75,SPY201120C00340000,340.0,normalDay
2020-11-16,3265.0,1326.0,0.0,100,362.57,339.0,0,0.0,0.0,,0.0,1,12.28,22.59,SPY201120C00340000,340.0,normalDay
2020-11-17,3265.0,1307.0,0.0,100,360.62,339.0,0,0.0,0.0,,0.0,1,12.28,20.83,SPY201120C00340000,340.0,normalDay
2020-11-18,3265.0,1291.0,0.0,100,356.28,339.0,0,0.0,0.0,,0.0,1,12.28,16.65,SPY201120C00340000,340.0,normalDay
2020-11-19,3265.0,1307.0,0.0,100,357.78,339.0,0,0.0,0.0,,0.0,1,12.28,17.99,SPY201120C00340000,340.0,normalDay
2020-11-20,4593.0,1307.0,1328.0,0,355.33,0.0,0,0.0,0.0,,0.0,1,12.28,0.0,SPY201120C00340000,340.0,expirationDay
2020-11-23,4593.0,-4.0,0.0,0,357.46,0.0,1,1.99,2.03,SPY201211P00342000,342.0,0,0.0,0.0,,0.0,normalDay
2020-11-24,4593.0,83.0,0.0,0,363.22,0.0,1,1.99,1.16,SPY201211P00342000,342.0,0,0.0,0.0,,0.0,normalDay
2020-11-25,4593.0,96.0,0.0,0,362.66,0.0,1,1.99,1.03,SPY201211P00342000,342.0,0,0.0,0.0,,0.0,normalDay
2020-11-27,4593.0,121.0,0.0,0,363.67,0.0,1,1.99,0.78,SPY201211P00342000,342.0,0,0.0,0.0,,0.0,normalDay
2020-11-30,4593.0,137.0,0.0,0,362.06,0.0,1,1.99,0.62,SPY201211P00342000,342.0,0,0.0,0.0,,0.0,normalDay
2020-12-01,4593.0,156.0,0.0,0,366.02,0.0,1,1.99,0.43,SPY201211P00342000,342.0,0,0.0,0.0,,0.0,normalDay
2020-12-02,4593.0,166.0,0.0,0,366.79,0.0,1,1.99,0.33,SPY201211P00342000,342.0,0,0.0,0.0,,0.0,normalDay
2020-12-03,4593.0,169.0,0.0,0,366.69,0.0,1,1.99,0.3,SPY201211P00342000,342.0,0,0.0,0.0,,0.0,normalDay
2020-12-04,4593.0,186.0,0.0,0,369.85,0.0,1,1.99,0.13,SPY201211P00342000,342.0,0,0.0,0.0,,0.0,normalDay
2020-12-07,4593.0,193.0,0.0,0,369.09,0.0,1,1.99,0.06,SPY201211P00342000,342.0,0,0.0,0.0,,0.0,normalDay
2020-12-08,4593.0,195.0,0.0,0,370.17,0.0,1,1.99,0.04,SPY201211P00342000,342.0,0,0.0,0.0,,0.0,normalDay
2020-12-09,4593.0,193.0,0.0,0,366.85,0.0,1,1.99,0.06,SPY201211P00342000,342.0,0,0.0,0.0,,0.0,normalDay
2020-12-10,4593.0,197.0,0.0,0,366.73,0.0,1,1.99,0.02,SPY201211P00342000,342.0,0,0.0,0.0,,0.0,normalDay
2020-12-11,4792.0,0.0,199.0,0,366.3,0.0,1,1.99,0.0,SPY201211P00342000,342.0,0,0.0,0.0,,0.0,expirationDay
2020-12-14,4792.0,-6.0,0.0,0,364.66,0.0,1,5.11,5.17,SPY201231P00362000,362.0,0,0.0,0.0,,0.0,normalDay
2020-12-15,4792.0,189.0,0.0,0,369.59,0.0,1,5.11,3.22,SPY201231P00362000,362.0,0,0.0,0.0,,0.0,normalDay
2020-12-16,4792.0,244.0,0.0,0,370.17,0.0,1,5.11,2.67,SPY201231P00362000,362.0,0,0.0,0.0,,0.0,normalDay
2020-12-17,4792.0,317.0,0.0,0,372.24,0.0,1,5.11,1.94,SPY201231P00362000,362.0,0,0.0,0.0,,0.0,normalDay
2020-12-18,4792.0,332.0,0.0,0,369.18,0.0,1,5.11,1.79,SPY201231P00362000,362.0,0,0.0,0.0,,0.0,normalDay
2020-12-21,4792.0,246.0,0.0,0,367.86,0.0,1,5.11,2.65,SPY201231P00362000,362.0,0,0.0,0.0,,0.0,normalDay
2020-12-22,4792.0,277.0,0.0,0,367.24,0.0,1,5.11,2.34,SPY201231P00362000,362.0,0,0.0,0.0,,0.0,normalDay
2020-12-23,4792.0,339.0,0.0,0,367.57,0.0,1,5.11,1.72,SPY201231P00362000,362.0,0,0.0,0.0,,0.0,normalDay
2020-12-24,4792.0,416.0,0.0,0,369.0,0.0,1,5.11,0.95,SPY201231P00362000,362.0,0,0.0,0.0,,0.0,normalDay
2020-12-28,4792.0,491.0,0.0,0,372.17,0.0,1,5.11,0.2,SPY201231P00362000,362.0,0,0.0,0.0,,0.0,normalDay
2020-12-29,4792.0,492.0,0.0,0,371.46,0.0,1,5.11,0.19,SPY201231P00362000,362.0,0,0.0,0.0,,0.0,normalDay
2020-12-30,4792.0,503.0,0.0,0,371.99,0.0,1,5.11,0.08,SPY201231P00362000,362.0,0,0.0,0.0,,0.0,normalDay
2020-12-31,5303.0,0.0,511.0,0,373.88,0.0,1,5.11,0.0,SPY201231P00362000,362.0,0,0.0,0.0,,0.0,expirationDay
2021-01-04,5303.0,-6.0,0.0,0,368.79,0.0,1,6.31,6.37,SPY210122P00368000,368.0,0,0.0,0.0,,0.0,normalDay
2021-01-05,5303.0,128.0,0.0,0,371.33,0.0,1,6.31,5.03,SPY210122P00368000,368.0,0,0.0,0.0,,0.0,normalDay
2021-01-06,5303.0,199.0,0.0,0,373.55,0.0,1,6.31,4.32,SPY210122P00368000,368.0,0,0.0,0.0,,0.0,normalDay
2021-01-07,5303.0,412.0,0.0,0,379.1,0.0,1,6.31,2.19,SPY210122P00368000,368.0,0,0.0,0.0,,0.0,normalDay
2021-01-08,5303.0,470.0,0.0,0,381.26,0.0,1,6.31,1.61,SPY210122P00368000,368.0,0,0.0,0.0,,0.0,normalDay
2021-01-11,5303.0,428.0,0.0,0,378.69,0.0,1,6.31,2.03,SPY210122P00368000,368.0,0,0.0,0.0,,0.0,normalDay
2021-01-12,5303.0,458.0,0.0,0,378.77,0.0,1,6.31,1.73,SPY210122P00368000,368.0,0,0.0,0.0,,0.0,normalDay
2021-01-13,5303.0,518.0,0.0,0,379.79,0.0,1,6.31,1.13,SPY210122P00368000,368.0,0,0.0,0.0,,0.0,normalDay
2021-01-14,5303.0,496.0,0.0,0,378.46,0.0,1,6.31,1.35,SPY210122P00368000,368.0,0,0.0,0.0,,0.0,normalDay
2021-01-15,5303.0,461.0,0.0,0,375.7,0.0,1,6.31,1.7,SPY210122P00368000,368.0,0,0.0,0.0,,0.0,normalDay
2021-01-19,5303.0,583.0,0.0,0,378.65,0.0,1,6.31,0.48,SPY210122P00368000,368.0,0,0.0,0.0,,0.0,normalDay
2021-01-20,5303.0,622.0,0.0,0,383.89,0.0,1,6.31,0.09,SPY210122P00368000,368.0,0,0.0,0.0,,0.0,normalDay
2021-01-21,5303.0,628.0,0.0,0,384.24,0.0,1,6.31,0.03,SPY210122P00368000,368.0,0,0.0,0.0,,0.0,normalDay
2021-01-22,5934.0,0.0,631.0,0,382.88,0.0,1,6.31,0.0,SPY210122P00368000,368.0,0,0.0,0.0,,0.0,expirationDay
2021-01-25,5934.0,-5.0,0.0,0,384.39,0.0,1,3.11,3.16,SPY210212P00374000,374.0,0,0.0,0.0,,0.0,normalDay
2021-01-26,5934.0,13.0,0.0,0,383.79,0.0,1,3.11,2.98,SPY210212P00374000,374.0,0,0.0,0.0,,0.0,normalDay
2021-01-27,5934.0,-554.0,0.0,0,374.41,0.0,1,3.11,8.65,SPY210212P00374000,374.0,0,0.0,0.0,,0.0,normalDay
2021-01-28,5934.0,-275.0,0.0,0,377.63,0.0,1,3.11,5.86,SPY210212P00374000,374.0,0,0.0,0.0,,0.0,normalDay
2021-01-29,5934.0,-699.0,0.0,0,370.07,0.0,1,3.11,10.1,SPY210212P00374000,374.0,0,0.0,0.0,,0.0,normalDay
2021-02-01,5934.0,-252.0,0.0,0,376.23,0.0,1,3.11,5.63,SPY210212P00374000,374.0,0,0.0,0.0,,0.0,normalDay
2021-02-02,5934.0,63.0,0.0,0,381.55,0.0,1,3.11,2.48,SPY210212P00374000,374.0,0,0.0,0.0,,0.0,normalDay
2021-02-03,5934.0,136.0,0.0,0,381.85,0.0,1,3.11,1.75,SPY210212P00374000,374.0,0,0.0,0.0,,0.0,normalDay
2021-02-04,5934.0,224.0,0.0,0,386.19,0.0,1,3.11,0.87,SPY210212P00374000,374.0,0,0.0,0.0,,0.0,normalDay
2021-02-05,5934.0,270.0,0.0,0,387.71,0.0,1,3.11,0.41,SPY210212P00374000,374.0,0,0.0,0.0,,0.0,normalDay
2021-02-08,5934.0,296.0,0.0,0,390.51,0.0,1,3.11,0.15,SPY210212P00374000,374.0,0,0.0,0.0,,0.0,normalDay
2021-02-09,5934.0,301.0,0.0,0,390.25,0.0,1,3.11,0.1,SPY210212P00374000,374.0,0,0.0,0.0,,0.0,normalDay
2021-02-10,5934.0,302.0,0.0,0,390.08,0.0,1,3.11,0.09,SPY210212P00374000,374.0,0,0.0,0.0,,0.0,normalDay
2021-02-11,5934.0,309.0,0.0,0,390.71,0.0,1,3.11,0.02,SPY210212P00374000,374.0,0,0.0,0.0,,0.0,normalDay
2021-02-12,6245.0,0.0,311.0,0,392.64,0.0,1,3.11,0.0,SPY210212P00374000,374.0,0,0.0,0.0,,0.0,expirationDay
2021-02-16,6245.0,-4.0,0.0,0,392.3,0.0,1,2.53,2.57,SPY210305P00381000,381.0,0,0.0,0.0,,0.0,normalDay
2021-02-17,6245.0,26.0,0.0,0,392.39,0.0,1,2.53,2.27,SPY210305P00381000,381.0,0,0.0,0.0,,0.0,normalDay
2021-02-18,6245.0,-10.0,0.0,0,390.72,0.0,1,2.53,2.63,SPY210305P00381000,381.0,0,0.0,0.0,,0.0,normalDay
2021-02-19,6245.0,6.0,0.0,0,390.03,0.0,1,2.53,2.47,SPY210305P00381000,381.0,0,0.0,0.0,,0.0,normalDay
2021-02-22,6245.0,-41.0,0.0,0,387.03,0.0,1,2.53,2.94,SPY210305P00381000,381.0,0,0.0,0.0,,0.0,normalDay
2021-02-23,6245.0,-17.0,0.0,0,387.5,0.0,1,2.53,2.7,SPY210305P00381000,381.0,0,0.0,0.0,,0.0,normalDay
2021-02-24,6245.0,121.0,0.0,0,391.77,0.0,1,2.53,1.32,SPY210305P00381000,381.0,0,0.0,0.0,,0.0,normalDay
2021-02-25,6245.0,-263.0,0.0,0,382.33,0.0,1,2.53,5.16,SPY210305P00381000,381.0,0,0.0,0.0,,0.0,normalDay
2021-02-26,6245.0,-299.0,0.0,0,380.36,0.0,1,2.53,5.52,SPY210305P00381000,381.0,0,0.0,0.0,,0.0,normalDay
2021-03-01,6245.0,128.0,0.0,0,389.58,0.0,1,2.53,1.25,SPY210305P00381000,381.0,0,0.0,0.0,,0.0,normalDay
2021-03-02,6245.0,87.0,0.0,0,386.54,0.0,1,2.53,1.66,SPY210305P00381000,381.0,0,0.0,0.0,,0.0,normalDay
2021-03-03,6245.0,-63.0,0.0,0,381.42,0.0,1,2.53,3.16,SPY210305P00381000,381.0,0,0.0,0.0,,0.0,normalDay
2021-03-04,6245.0,-255.0,0.0,0,376.7,0.0,1,2.53,5.08,SPY210305P00381000,381.0,0,0.0,0.0,,0.0,normalDay
2021-03-05,6498.0,0.0,253.0,0,383.63,0.0,1,2.53,0.0,SPY210305P00381000,381.0,0,0.0,0.0,,0.0,expirationDay
2021-03-08,6498.0,-13.0,0.0,0,381.72,0.0,1,9.01,9.14,SPY210326P00385000,385.0,0,0.0,0.0,,0.0,normalDay
2021-03-09,6498.0,270.0,0.0,0,387.17,0.0,1,9.01,6.31,SPY210326P00385000,385.0,0,0.0,0.0,,0.0,normalDay
2021-03-10,6498.0,447.0,0.0,0,389.58,0.0,1,9.01,4.54,SPY210326P00385000,385.0,0,0.0,0.0,,0.0,normalDay
2021-03-11,6498.0,575.0,0.0,0,393.53,0.0,1,9.01,3.26,SPY210326P00385000,385.0,0,0.0,0.0,,0.0,normalDay
2021-03-12,6498.0,662.0,0.0,0,394.06,0.0,1,9.01,2.39,SPY210326P00385000,385.0,0,0.0,0.0,,0.0,normalDay
2021-03-15,6498.0,749.0,0.0,0,396.41,0.0,1,9.01,1.52,SPY210326P00385000,385.0,0,0.0,0.0,,0.0,normalDay
2021-03-16,6498.0,749.0,0.0,0,395.91,0.0,1,9.01,1.52,SPY210326P00385000,385.0,0,0.0,0.0,,0.0,normalDay
2021-03-17,6498.0,795.0,0.0,0,397.26,0.0,1,9.01,1.06,SPY210326P00385000,385.0,0,0.0,0.0,,0.0,normalDay
2021-03-18,6498.0,694.0,0.0,0,391.48,0.0,1,9.01,2.07,SPY210326P00385000,385.0,0,0.0,0.0,,0.0,normalDay
2021-03-19,6498.0,711.0,0.0,0,389.48,0.0,1,9.01,1.9,SPY210326P00385000,385.0,0,0.0,0.0,,0.0,normalDay
2021-03-22,6498.0,844.0,0.0,0,392.59,0.0,1,9.01,0.57,SPY210326P00385000,385.0,0,0.0,0.0,,0.0,normalDay
2021-03-23,6498.0,802.0,0.0,0,389.5,0.0,1,9.01,0.99,SPY210326P00385000,385.0,0,0.0,0.0,,0.0,normalDay
2021-03-24,6498.0,787.0,0.0,0,387.52,0.0,1,9.01,1.14,SPY210326P00385000,385.0,0,0.0,0.0,,0.0,normalDay
2021-03-25,6498.0,873.0,0.0,0,389.7,0.0,1,9.01,0.28,SPY210326P00385000,385.0,0,0.0,0.0,,0.0,normalDay
2021-03-26,7399.0,0.0,901.0,0,395.98,0.0,1,9.01,0.0,SPY210326P00385000,385.0,0,0.0,0.0,,0.0,expirationDay
2021-03-29,7399.0,-4.0,0.0,0,395.78,0.0,1,3.03,3.07,SPY210416P00387000,387.0,0,0.0,0.0,,0.0,normalDay
2021-03-30,7399.0,12.0,0.0,0,394.73,0.0,1,3.03,2.91,SPY210416P00387000,387.0,0,0.0,0.0,,0.0,normalDay
2021-03-31,7399.0,76.0,0.0,0,396.33,0.0,1,3.03,2.27,SPY210416P00387000,387.0,0,0.0,0.0,,0.0,normalDay
2021-04-01,7399.0,187.0,0.0,0,400.61,0.0,1,3.03,1.16,SPY210416P00387000,387.0,0,0.0,0.0,,0.0,normalDay
2021-04-05,7399.0,244.0,0.0,0,406.36,0.0,1,3.03,0.59,SPY210416P00387000,387.0,0,0.0,0.0,,0.0,normalDay
2021-04-06,7399.0,250.0,0.0,0,406.12,0.0,1,3.03,0.53,SPY210416P00387000,387.0,0,0.0,0.0,,0.0,normalDay
2021-04-07,7399.0,269.0,0.0,0,406.59,0.0,1,3.03,0.34,SPY210416P00387000,387.0,0,0.0,0.0,,0.0,normalDay
2021-04-08,7399.0,281.0,0.0,0,408.52,0.0,1,3.03,0.22,SPY210416P00387000,387.0,0,0.0,0.0,,0.0,normalDay
2021-04-09,7399.0,293.0,0.0,0,411.49,0.0,1,3.03,0.1,SPY210416P00387000,387.0,0,0.0,0.0,,0.0,normalDay
2021-04-12,7399.0,299.0,0.0,0,411.64,0.0,1,3.03,0.04,SPY210416P00387000,387.0,0,0.0,0.0,,0.0,normalDay
2021-04-13,7399.0,300.0,0.0,0,412.86,0.0,1,3.03,0.03,SPY210416P00387000,387.0,0,0.0,0.0,,0.0,normalDay
2021-04-14,7399.0,299.0,0.0,0,411.45,0.0,1,3.03,0.04,SPY210416P00387000,387.0,0,0.0,0.0,,0.0,normalDay
2021-04-15,7399.0,301.0,0.0,0,415.87,0.0,1,3.03,0.02,SPY210416P00387000,387.0,0,0.0,0.0,,0.0,normalDay
2021-04-16,7702.0,0.0,303.0,0,417.26,0.0,1,3.03,0.0,SPY210416P00387000,387.0,0,0.0,0.0,,0.0,expirationDay
2021-04-19,7702.0,-4.0,0.0,0,415.21,0.0,1,1.44,1.48,SPY210507P00398000,398.0,0,0.0,0.0,,0.0,normalDay
2021-04-20,7702.0,-65.0,0.0,0,412.17,0.0,1,1.44,2.09,SPY210507P00398000,398.0,0,0.0,0.0,,0.0,normalDay
2021-04-21,7702.0,29.0,0.0,0,416.07,0.0,1,1.44,1.15,SPY210507P00398000,398.0,0,0.0,0.0,,0.0,normalDay
2021-04-22,7702.0,-32.0,0.0,0,412.27,0.0,1,1.44,1.76,SPY210507P00398000,398.0,0,0.0,0.0,,0.0,normalDay
2021-04-23,7702.0,65.0,0.0,0,416.74,0.0,1,1.44,0.79,SPY210507P00398000,398.0,0,0.0,0.0,,0.0,normalDay
2021-04-26,7702.0,93.0,0.0,0,417.61,0.0,1,1.44,0.51,SPY210507P00398000,398.0,0,0.0,0.0,,0.0,normalDay
2021-04-27,7702.0,100.0,0.0,0,417.52,0.0,1,1.44,0.44,SPY210507P00398000,398.0,0,0.0,0.0,,0.0,normalDay
2021-04-28,7702.0,117.0,0.0,0,417.4,0.0,1,1.44,0.27,SPY210507P00398000,398.0,0,0.0,0.0,,0.0,normalDay
2021-04-29,7702.0,124.0,0.0,0,420.06,0.0,1,1.44,0.2,SPY210507P00398000,398.0,0,0.0,0.0,,0.0,normalDay
2021-04-30,7702.0,122.0,0.0,0,417.3,0.0,1,1.44,0.22,SPY210507P00398000,398.0,0,0.0,0.0,,0.0,normalDay
2021-05-03,7702.0,133.0,0.0,0,418.2,0.0,1,1.44,0.11,SPY210507P00398000,398.0,0,0.0,0.0,,0.0,normalDay
2021-05-04,7702.0,132.0,0.0,0,415.62,0.0,1,1.44,0.12,SPY210507P00398000,398.0,0,0.0,0.0,,0.0,normalDay
2021-05-05,7702.0,136.0,0.0,0,415.75,0.0,1,1.44,0.08,SPY210507P00398000,398.0,0,0.0,0.0,,0.0,normalDay
2021-05-06,7702.0,141.0,0.0,0,419.07,0.0,1,1.44,0.03,SPY210507P00398000,398.0,0,0.0,0.0,,0.0,normalDay
2021-05-07,7846.0,0.0,144.0,0,422.12,0.0,1,1.44,0.0,SPY210507P00398000,398.0,0,0.0,0.0,,0.0,expirationDay
2021-05-10,7846.0,-4.0,0.0,0,417.94,0.0,1,4.86,4.9,SPY210528P00415000,415.0,0,0.0,0.0,,0.0,normalDay
2021-05-11,7846.0,-183.0,0.0,0,414.21,0.0,1,4.86,6.69,SPY210528P00415000,415.0,0,0.0,0.0,,0.0,normalDay
2021-05-12,7846.0,-777.0,0.0,0,405.41,0.0,1,4.86,12.63,SPY210528P00415000,415.0,0,0.0,0.0,,0.0,normalDay
2021-05-13,7846.0,-383.0,0.0,0,410.28,0.0,1,4.86,8.69,SPY210528P00415000,415.0,0,0.0,0.0,,0.0,normalDay
2021-05-14,7846.0,85.0,0.0,0,416.58,0.0,1,4.86,4.01,SPY210528P00415000,415.0,0,0.0,0.0,,0.0,normalDay
2021-05-17,7846.0,70.0,0.0,0,415.52,0.0,1,4.86,4.16,SPY210528P00415000,415.0,0,0.0,0.0,,0.0,normalDay
2021-05-18,7846.0,-119.0,0.0,0,411.94,0.0,1,4.86,6.05,SPY210528P00415000,415.0,0,0.0,0.0,,0.0,normalDay
2021-05-19,7846.0,-178.0,0.0,0,410.86,0.0,1,4.86,6.64,SPY210528P00415000,415.0,0,0.0,0.0,,0.0,normalDay
2021-05-20,7846.0,110.0,0.0,0,415.28,0.0,1,4.86,3.76,SPY210528P00415000,415.0,0,0.0,0.0,,0.0,normalDay
2021-05-21,7846.0,162.0,0.0,0,414.94,0.0,1,4.86,3.24,SPY210528P00415000,415.0,0,0.0,0.0,,0.0,normalDay
2021-05-24,7846.0,389.0,0.0,0,419.17,0.0,1,4.86,0.97,SPY210528P00415000,415.0,0,0.0,0.0,,0.0,normalDay
2021-05-25,7846.0,374.0,0.0,0,418.24,0.0,1,4.86,1.12,SPY210528P00415000,415.0,0,0.0,0.0,,0.0,normalDay
2021-05-26,7846.0,433.0,0.0,0,419.07,0.0,1,4.86,0.53,SPY210528P00415000,415.0,0,0.0,0.0,,0.0,normalDay
2021-05-27,7846.0,475.0,0.0,0,419.29,0.0,1,4.86,0.11,SPY210528P00415000,415.0,0,0.0,0.0,,0.0,normalDay
2021-05-28,8332.0,0.0,486.0,0,420.04,0.0,1,4.86,0.0,SPY210528P00415000,415.0,0,0.0,0.0,,0.0,expirationDay
2021-06-01,8332.0,-3.0,0.0,0,419.67,0.0,1,3.41,3.44,SPY210618P00414000,414.0,0,0.0,0.0,,0.0,normalDay
2021-06-02,8332.0,53.0,0.0,0,420.33,0.0,1,3.41,2.88,SPY210618P00414000,414.0,0,0.0,0.0,,0.0,normalDay
2021-06-03,8332.0,3.0,0.0,0,418.77,0.0,1,3.41,3.38,SPY210618P00414000,414.0,0,0.0,0.0,,0.0,normalDay
2021-06-04,8332.0,148.0,0.0,0,422.6,0.0,1,3.41,1.93,SPY210618P00414000,414.0,0,0.0,0.0,,0.0,normalDay
2021-06-07,8332.0,191.0,0.0,0,422.19,0.0,1,3.41,1.5,SPY210618P00414000,414.0,0,0.0,0.0,,0.0,normalDay
2021-06-08,8332.0,178.0,0.0,0,422.28,0.0,1,3.41,1.63,SPY210618P00414000,414.0,0,0.0,0.0,,0.0,normalDay
2021-06-09,8332.0,156.0,0.0,0,421.65,0.0,1,3.41,1.85,SPY210618P00414000,414.0,0,0.0,0.0,,0.0,normalDay
2021-06-10,8332.0,253.0,0.0,0,423.61,0.0,1,3.41,0.88,SPY210618P00414000,414.0,0,0.0,0.0,,0.0,normalDay
2021-06-11,8332.0,277.0,0.0,0,424.31,0.0,1,3.41,0.64,SPY210618P00414000,414.0,0,0.0,0.0,,0.0,normalDay
2021-06-14,8332.0,296.0,0.0,0,425.26,0.0,1,3.41,0.45,SPY210618P00414000,414.0,0,0.0,0.0,,0.0,normalDay
2021-06-15,8332.0,286.0,0.0,0,424.48,0.0,1,3.41,0.55,SPY210618P00414000,414.0,0,0.0,0.0,,0.0,normalDay
2021-06-16,8332.0,264.0,0.0,0,422.11,0.0,1,3.41,0.77,SPY210618P00414000,414.0,0,0.0,0.0,,0.0,normalDay
2021-06-17,8332.0,314.0,0.0,0,421.97,0.0,1,3.41,0.27,SPY210618P00414000,414.0,0,0.0,0.0,,0.0,normalDay
2021-06-18,8673.0,0.0,341.0,0,414.92,0.0,1,3.41,0.0,SPY210618P00414000,414.0,0,0.0,0.0,,0.0,expirationDay
2021-06-21,8673.0,-5.0,0.0,0,420.86,0.0,1,4.08,4.13,SPY210709P00420000,420.0,0,0.0,0.0,,0.0,normalDay
2021-06-22,8673.0,103.0,0.0,0,423.11,0.0,1,4.08,3.05,SPY210709P00420000,420.0,0,0.0,0.0,,0.0,normalDay
2021-06-23,8673.0,121.0,0.0,0,422.6,0.0,1,4.08,2.87,SPY210709P00420000,420.0,0,0.0,0.0,,0.0,normalDay
2021-06-24,8673.0,208.0,0.0,0,425.1,0.0,1,4.08,2.0,SPY210709P00420000,420.0,0,0.0,0.0,,0.0,normalDay
2021-06-25,8673.0,268.0,0.0,0,426.61,0.0,1,4.08,1.4,SPY210709P00420000,420.0,0,0.0,0.0,,0.0,normalDay
2021-06-28,8673.0,303.0,0.0,0,427.47,0.0,1,4.08,1.05,SPY210709P00420000,420.0,0,0.0,0.0,,0.0,normalDay
2021-06-29,8673.0,317.0,0.0,0,427.7,0.0,1,4.08,0.91,SPY210709P00420000,420.0,0,0.0,0.0,,0.0,normalDay
2021-06-30,8673.0,344.0,0.0,0,428.06,0.0,1,4.08,0.64,SPY210709P00420000,420.0,0,0.0,0.0,,0.0,normalDay
2021-07-01,8673.0,362.0,0.0,0,430.43,0.0,1,4.08,0.46,SPY210709P00420000,420.0,0,0.0,0.0,,0.0,normalDay
2021-07-02,8673.0,391.0,0.0,0,433.72,0.0,1,4.08,0.17,SPY210709P00420000,420.0,0,0.0,0.0,,0.0,normalDay
2021-07-06,8673.0,399.0,0.0,0,432.93,0.0,1,4.08,0.09,SPY210709P00420000,420.0,0,0.0,0.0,,0.0,normalDay
2021-07-07,8673.0,405.0,0.0,0,434.46,0.0,1,4.08,0.03,SPY210709P00420000,420.0,0,0.0,0.0,,0.0,normalDay
2021-07-08,8673.0,404.0,0.0,0,430.92,0.0,1,4.08,0.04,SPY210709P00420000,420.0,0,0.0,0.0,,0.0,normalDay
2021-07-09,9081.0,0.0,408.0,0,435.52,0.0,1,4.08,0.0,SPY210709P00420000,420.0,0,0.0,0.0,,0.0,expirationDay
2021-07-12,9081.0,-3.0,0.0,0,437.08,0.0,1,1.67,1.7,SPY210730P00424000,424.0,0,0.0,0.0,,0.0,normalDay
2021-07-13,9081.0,-46.0,0.0,0,435.59,0.0,1,1.67,2.13,SPY210730P00424000,424.0,0,0.0,0.0,,0.0,normalDay
2021-07-14,9081.0,7.0,0.0,0,436.24,0.0,1,1.67,1.6,SPY210730P00424000,424.0,0,0.0,0.0,,0.0,normalDay
2021-07-15,9081.0,-26.0,0.0,0,434.75,0.0,1,1.67,1.93,SPY210730P00424000,424.0,0,0.0,0.0,,0.0,normalDay
2021-07-16,9081.0,-111.0,0.0,0,431.34,0.0,1,1.67,2.78,SPY210730P00424000,424.0,0,0.0,0.0,,0.0,normalDay
2021-07-19,9081.0,-345.0,0.0,0,424.97,0.0,1,1.67,5.12,SPY210730P00424000,424.0,0,0.0,0.0,,0.0,normalDay
2021-07-20,9081.0,-78.0,0.0,0,431.06,0.0,1,1.67,2.45,SPY210730P00424000,424.0,0,0.0,0.0,,0.0,normalDay
2021-07-21,9081.0,59.0,0.0,0,434.55,0.0,1,1.67,1.08,SPY210730P00424000,424.0,0,0.0,0.0,,0.0,normalDay
2021-07-22,9081.0,91.0,0.0,0,435.46,0.0,1,1.67,0.76,SPY210730P00424000,424.0,0,0.0,0.0,,0.0,normalDay
2021-07-23,9081.0,141.0,0.0,0,439.94,0.0,1,1.67,0.26,SPY210730P00424000,424.0,0,0.0,0.0,,0.0,normalDay
2021-07-26,9081.0,157.0,0.0,0,441.02,0.0,1,1.67,0.1,SPY210730P00424000,424.0,0,0.0,0.0,,0.0,normalDay
2021-07-27,9081.0,145.0,0.0,0,439.01,0.0,1,1.67,0.22,SPY210730P00424000,424.0,0,0.0,0.0,,0.0,normalDay
2021-07-28,9081.0,160.0,0.0,0,438.83,0.0,1,1.67,0.07,SPY210730P00424000,424.0,0,0.0,0.0,,0.0,normalDay
2021-07-29,9081.0,165.0,0.0,0,440.65,0.0,1,1.67,0.02,SPY210730P00424000,424.0,0,0.0,0.0,,0.0,normalDay
2021-07-30,9248.0,0.0,167.0,0,438.51,0.0,1,1.67,0.0,SPY210730P00424000,424.0,0,0.0,0.0,,0.0,expirationDay
2021-08-02,9248.0,-3.0,0.0,0,437.59,0.0,1,4.09,4.12,SPY210820P00434000,434.0,0,0.0,0.0,,0.0,normalDay
2021-08-03,9248.0,144.0,0.0,0,441.15,0.0,1,4.09,2.65,SPY210820P00434000,434.0,0,0.0,0.0,,0.0,normalDay
2021-08-04,9248.0,115.0,0.0,0,438.98,0.0,1,4.09,2.94,SPY210820P00434000,434.0,0,0.0,0.0,,0.0,normalDay
2021-08-05,9248.0,200.0,0.0,0,441.76,0.0,1,4.09,2.09,SPY210820P00434000,434.0,0,0.0,0.0,,0.0,normalDay
2021-08-06,9248.0,264.0,0.0,0,442.49,0.0,1,4.09,1.45,SPY210820P00434000,434.0,0,0.0,0.0,,0.0,normalDay
2021-08-09,9248.0,286.0,0.0,0,442.13,0.0,1,4.09,1.23,SPY210820P00434000,434.0,0,0.0,0.0,,0.0,normalDay
2021-08-10,9248.0,290.0,0.0,0,442.68,0.0,1,4.09,1.19,SPY210820P00434000,434.0,0,0.0,0.0,,0.0,normalDay
2021-08-11,9248.0,337.0,0.0,0,443.78,0.0,1,4.09,0.72,SPY210820P00434000,434.0,0,0.0,0.0,,0.0,normalDay
2021-08-12,9248.0,361.0,0.0,0,445.11,0.0,1,4.09,0.48,SPY210820P00434000,434.0,0,0.0,0.0,,0.0,normalDay
2021-08-13,9248.0,381.0,0.0,0,445.92,0.0,1,4.09,0.28,SPY210820P00434000,434.0,0,0.0,0.0,,0.0,normalDay
2021-08-16,9248.0,388.0,0.0,0,446.97,0.0,1,4.09,0.21,SPY210820P00434000,434.0,0,0.0,0.0,,0.0,normalDay
2021-08-17,9248.0,366.0,0.0,0,444.04,0.0,1,4.09,0.43,SPY210820P00434000,434.0,0,0.0,0.0,,0.0,normalDay
2021-08-18,9248.0,274.0,0.0,0,439.18,0.0,1,4.09,1.35,SPY210820P00434000,434.0,0,0.0,0.0,,0.0,normalDay
2021-08-19,9248.0,368.0,0.0,0,439.86,0.0,1,4.09,0.41,SPY210820P00434000,434.0,0,0.0,0.0,,0.0,normalDay
2021-08-20,9657.0,0.0,409.0,0,443.36,0.0,1,4.09,0.0,SPY210820P00434000,434.0,0,0.0,0.0,,0.0,expirationDay
2021-08-23,9657.0,-4.0,0.0,0,447.26,0.0,1,2.54,2.58,SPY210910P00441000,441.0,0,0.0,0.0,,0.0,normalDay
2021-08-24,9657.0,18.0,0.0,0,447.97,0.0,1,2.54,2.36,SPY210910P00441000,441.0,0,0.0,0.0,,0.0,normalDay
2021-08-25,9657.0,63.0,0.0,0,448.91,0.0,1,2.54,1.91,SPY210910P00441000,441.0,0,0.0,0.0,,0.0,normalDay
2021-08-26,9657.0,-38.0,0.0,0,446.26,0.0,1,2.54,2.92,SPY210910P00441000,441.0,0,0.0,0.0,,0.0,normalDay
2021-08-27,9657.0,123.0,0.0,0,450.25,0.0,1,2.54,1.31,SPY210910P00441000,441.0,0,0.0,0.0,,0.0,normalDay
2021-08-30,9657.0,176.0,0.0,0,452.23,0.0,1,2.54,0.78,SPY210910P00441000,441.0,0,0.0,0.0,,0.0,normalDay
2021-08-31,9657.0,174.0,0.0,0,451.56,0.0,1,2.54,0.8,SPY210910P00441000,441.0,0,0.0,0.0,,0.0,normalDay
2021-09-01,9657.0,193.0,0.0,0,451.8,0.0,1,2.54,0.61,SPY210910P00441000,441.0,0,0.0,0.0,,0.0,normalDay
2021-09-02,9657.0,201.0,0.0,0,453.19,0.0,1,2.54,0.53,SPY210910P00441000,441.0,0,0.0,0.0,,0.0,normalDay
2021-09-03,9657.0,224.0,0.0,0,453.08,0.0,1,2.54,0.3,SPY210910P00441000,441.0,0,0.0,0.0,,0.0,normalDay
2021-09-07,9657.0,229.0,0.0,0,451.46,0.0,1,2.54,0.25,SPY210910P00441000,441.0,0,0.0,0.0,,0.0,normalDay
2021-09-08,9657.0,241.0,0.0,0,450.91,0.0,1,2.54,0.13,SPY210910P00441000,441.0,0,0.0,0.0,,0.0,normalDay
2021-09-09,9657.0,244.0,0.0,0,448.98,0.0,1,2.54,0.1,SPY210910P00441000,441.0,0,0.0,0.0,,0.0,normalDay
2021-09-10,9911.0,0.0,254.0,0,445.44,0.0,1,2.54,0.0,SPY210910P00441000,441.0,0,0.0,0.0,,0.0,expirationDay
2021-09-13,9911.0,-9.0,0.0,0,446.58,0.0,1,5.66,5.75,SPY211001P00446000,446.0,0,0.0,0.0,,0.0,normalDay
2021-09-14,9911.0,-128.0,0.0,0,444.17,0.0,1,5.66,6.94,SPY211001P00446000,446.0,0,0.0,0.0,,0.0,normalDay
2021-09-15,9911.0,109.0,0.0,0,447.88,0.0,1,5.66,4.57,SPY211001P00446000,446.0,0,0.0,0.0,,0.0,normalDay
2021-09-16,9911.0,71.0,0.0,0,447.17,0.0,1,5.66,4.95,SPY211001P00446000,446.0,0,0.0,0.0,,0.0,normalDay
2021-09-17,9911.0,-207.0,0.0,0,441.4,0.0,1,5.66,7.73,SPY211001P00446000,446.0,0,0.0,0.0,,0.0,normalDay
2021-09-20,9911.0,-755.0,0.0,0,434.04,0.0,1,5.66,13.21,SPY211001P00446000,446.0,0,0.0,0.0,,0.0,normalDay
2021-09-21,9911.0,-772.0,0.0,0,433.63,0.0,1,5.66,13.38,SPY211001P00446000,446.0,0,0.0,0.0,,0.0,normalDay
2021-09-22,9911.0,-331.0,0.0,0,437.86,0.0,1,5.66,8.97,SPY211001P00446000,446.0,0,0.0,0.0,,0.0,normalDay
2021-09-23,9911.0,72.0,0.0,0,443.18,0.0,1,5.66,4.94,SPY211001P00446000,446.0,0,0.0,0.0,,0.0,normalDay
2021-09-24,9911.0,175.0,0.0,0,443.91,0.0,1,5.66,3.91,SPY211001P00446000,446.0,0,0.0,0.0,,0.0,normalDay
2021-09-27,9911.0,121.0,0.0,0,442.64,0.0,1,5.66,4.45,SPY211001P00446000,446.0,0,0.0,0.0,,0.0,normalDay
2021-09-28,9911.0,-628.0,0.0,0,433.72,0.0,1,5.66,11.94,SPY211001P00446000,446.0,0,0.0,0.0,,0.0,normalDay
2021-09-29,9911.0,-564.0,0.0,0,434.45,0.0,1,5.66,11.3,SPY211001P00446000,446.0,0,0.0,0.0,,0.0,normalDay
2021-09-30,9911.0,-1073.0,0.0,0,429.14,0.0,1,5.66,16.39,SPY211001P00446000,446.0,0,0.0,0.0,,0.0,normalDay
2021-10-01,10477.0,-1176.0,566.0,100,434.24,446.0,1,5.66,0.0,SPY211001P00446000,446.0,0,0.0,0.0,,0.0,expirationDay
2021-10-04,10477.0,-1740.0,0.0,100,428.64,446.0,0,0.0,0.0,,0.0,1,2.12,2.16,SPY211119C00450000,450.0,normalDay
2021-10-05,10477.0,-1350.0,0.0,100,433.1,446.0,0,0.0,0.0,,0.0,1,2.12,2.72,SPY211119C00450000,450.0,normalDay
2021-10-06,10477.0,-1207.0,0.0,100,434.9,446.0,0,0.0,0.0,,0.0,1,2.12,3.09,SPY211119C00450000,450.0,normalDay
2021-10-07,10477.0,-910.0,0.0,100,438.66,446.0,0,0.0,0.0,,0.0,1,2.12,3.88,SPY211119C00450000,450.0,normalDay
2021-10-08,10477.0,-916.0,0.0,100,437.86,446.0,0,0.0,0.0,,0.0,1,2.12,3.14,SPY211119C00450000,450.0,normalDay
2021-10-11,10477.0,-1139.0,0.0,100,434.69,446.0,0,0.0,0.0,,0.0,1,2.12,2.2,SPY211119C00450000,450.0,normalDay
2021-10-12,10477.0,-1187.0,0.0,100,433.62,446.0,0,0.0,0.0,,0.0,1,2.12,1.61,SPY211119C00450000,450.0,normalDay
2021-10-13,10477.0,-1055.0,0.0,100,435.18,446.0,0,0.0,0.0,,0.0,1,2.12,1.85,SPY211119C00450000,450.0,normalDay
2021-10-14,10477.0,-488.0,0.0,100,442.5,446.0,0,0.0,0.0,,0.0,1,2.12,3.5,SPY211119C00450000,450.0,normalDay
2021-10-15,10477.0,-272.0,0.0,100,445.87,446.0,0,0.0,0.0,,0.0,1,2.12,4.71,SPY211119C00450000,450.0,normalDay
2021-10-18,10477.0,-180.0,0.0,100,447.19,446.0,0,0.0,0.0,,0.0,1,2.12,5.11,SPY211119C00450000,450.0,normalDay
2021-10-19,10477.0,-28.0,0.0,100,450.64,446.0,0,0.0,0.0,,0.0,1,2.12,7.04,SPY211119C00450000,450.0,normalDay
2021-10-20,10477.0,91.0,0.0,100,452.41,446.0,0,0.0,0.0,,0.0,1,2.12,7.62,SPY211119C00450000,450.0,normalDay
2021-10-21,10477.0,137.0,0.0,100,453.59,446.0,0,0.0,0.0,,0.0,1,2.12,8.34,SPY211119C00450000,450.0,normalDay
2021-10-22,10477.0,130.0,0.0,100,453.12,446.0,0,0.0,0.0,,0.0,1,2.12,7.94,SPY211119C00450000,450.0,normalDay
2021-10-25,10477.0,261.0,0.0,100,455.55,446.0,0,0.0,0.0,,0.0,1,2.12,9.06,SPY211119C00450000,450.0,normalDay
2021-10-26,10477.0,194.0,0.0,100,455.96,446.0,0,0.0,0.0,,0.0,1,2.12,10.14,SPY211119C00450000,450.0,normalDay
2021-10-27,10477.0,114.0,0.0,100,453.94,446.0,0,0.0,0.0,,0.0,1,2.12,8.92,SPY211119C00450000,450.0,normalDay
2021-10-28,10477.0,303.0,0.0,100,458.32,446.0,0,0.0,0.0,,0.0,1,2.12,11.41,SPY211119C00450000,450.0,normalDay
2021-10-29,10477.0,292.0,0.0,100,459.25,446.0,0,0.0,0.0,,0.0,1,2.12,12.45,SPY211119C00450000,450.0,normalDay
2021-11-01,10477.0,354.0,0.0,100,460.04,446.0,0,0.0,0.0,,0.0,1,2.12,12.62,SPY211119C00450000,450.0,normalDay
2021-11-02,10477.0,422.0,0.0,100,461.9,446.0,0,0.0,0.0,,0.0,1,2.12,13.8,SPY211119C00450000,450.0,normalDay
2021-11-03,10477.0,480.0,0.0,100,464.72,446.0,0,0.0,0.0,,0.0,1,2.12,16.04,SPY211119C00450000,450.0,normalDay
2021-11-04,10477.0,525.0,0.0,100,466.91,446.0,0,0.0,0.0,,0.0,1,2.12,17.78,SPY211119C00450000,450.0,normalDay
2021-11-05,10477.0,527.0,0.0,100,468.53,446.0,0,0.0,0.0,,0.0,1,2.12,19.38,SPY211119C00450000,450.0,normalDay
2021-11-08,10477.0,557.0,0.0,100,468.93,446.0,0,0.0,0.0,,0.0,1,2.12,19.48,SPY211119C00450000,450.0,normalDay
2021-11-09,10477.0,550.0,0.0,100,467.38,446.0,0,0.0,0.0,,0.0,1,2.12,18.0,SPY211119C00450000,450.0,normalDay
2021-11-10,10477.0,496.0,0.0,100,463.62,446.0,0,0.0,0.0,,0.0,1,2.12,14.78,SPY211119C00450000,450.0,normalDay
2021-11-11,10477.0,506.0,0.0,100,463.77,446.0,0,0.0,0.0,,0.0,1,2.12,14.83,SPY211119C00450000,450.0,normalDay
2021-11-12,10477.0,551.0,0.0,100,467.27,446.0,0,0.0,0.0,,0.0,1,2.12,17.88,SPY211119C00450000,450.0,normalDay
2021-11-15,10477.0,600.0,0.0,100,467.43,446.0,0,0.0,0.0,,0.0,1,2.12,17.55,SPY211119C00450000,450.0,normalDay
2021-11-16,10477.0,590.0,0.0,100,469.28,446.0,0,0.0,0.0,,0.0,1,2.12,19.5,SPY211119C00450000,450.0,normalDay
2021-11-17,10477.0,619.0,0.0,100,468.14,446.0,0,0.0,0.0,,0.0,1,2.12,18.07,SPY211119C00450000,450.0,normalDay
2021-11-18,10477.0,596.0,0.0,100,469.73,446.0,0,0.0,0.0,,0.0,1,2.12,19.89,SPY211119C00450000,450.0,normalDay
2021-11-19,11089.0,596.0,612.0,0,468.89,0.0,0,0.0,0.0,,0.0,1,2.12,0.0,SPY211119C00450000,450.0,expirationDay
2021-11-22,11089.0,-5.0,0.0,0,467.57,0.0,1,3.96,4.01,SPY211210P00462000,462.0,0,0.0,0.0,,0.0,normalDay
2021-11-23,11089.0,21.0,0.0,0,468.19,0.0,1,3.96,3.75,SPY211210P00462000,462.0,0,0.0,0.0,,0.0,normalDay
2021-11-24,11089.0,99.0,0.0,0,469.44,0.0,1,3.96,2.97,SPY211210P00462000,462.0,0,0.0,0.0,,0.0,normalDay
2021-11-26,11089.0,-655.0,0.0,0,458.97,0.0,1,3.96,10.51,SPY211210P00462000,462.0,0,0.0,0.0,,0.0,normalDay
2021-11-29,11089.0,-63.0,0.0,0,464.6,0.0,1,3.96,4.59,SPY211210P00462000,462.0,0,0.0,0.0,,0.0,normalDay
2021-11-30,11089.0,-466.0,0.0,0,455.56,0.0,1,3.96,8.62,SPY211210P00462000,462.0,0,0.0,0.0,,0.0,normalDay
2021-12-01,11089.0,-995.0,0.0,0,450.5,0.0,1,3.96,13.91,SPY211210P00462000,462.0,0,0.0,0.0,,0.0,normalDay
2021-12-02,11089.0,-440.0,0.0,0,457.4,0.0,1,3.96,8.36,SPY211210P00462000,462.0,0,0.0,0.0,,0.0,normalDay
2021-12-03,11089.0,-674.0,0.0,0,453.42,0.0,1,3.96,10.7,SPY211210P00462000,462.0,0,0.0,0.0,,0.0,normalDay
2021-12-06,11089.0,-200.0,0.0,0,458.79,0.0,1,3.96,5.96,SPY211210P00462000,462.0,0,0.0,0.0,,0.0,normalDay
2021-12-07,11089.0,281.0,0.0,0,468.28,0.0,1,3.96,1.15,SPY211210P00462000,462.0,0,0.0,0.0,,0.0,normalDay
2021-12-08,11089.0,359.0,0.0,0,469.52,0.0,1,3.96,0.37,SPY211210P00462000,462.0,0,0.0,0.0,,0.0,normalDay
2021-12-09,11089.0,342.0,0.0,0,466.35,0.0,1,3.96,0.54,SPY211210P00462000,462.0,0,0.0,0.0,,0.0,normalDay
2021-12-10,11485.0,0.0,396.0,0,470.74,0.0,1,3.96,0.0,SPY211210P00462000,462.0,0,0.0,0.0,,0.0,expirationDay
2021-12-13,11485.0,-5.0,0.0,0,466.57,0.0,1,5.09,5.14,SPY211231P00461000,461.0,0,0.0,0.0,,0.0,normalDay
2021-12-14,11485.0,-158.0,0.0,0,463.36,0.0,1,5.09,6.67,SPY211231P00461000,461.0,0,0.0,0.0,,0.0,normalDay
2021-12-15,11485.0,190.0,0.0,0,470.6,0.0,1,5.09,3.19,SPY211231P00461000,461.0,0,0.0,0.0,,0.0,normalDay
2021-12-16,11485.0,63.0,0.0,0,466.45,0.0,1,5.09,4.46,SPY211231P00461000,461.0,0,0.0,0.0,,0.0,normalDay
2021-12-17,11485.0,-150.0,0.0,0,459.87,0.0,1,5.09,6.59,SPY211231P00461000,461.0,0,0.0,0.0,,0.0,normalDay
2021-12-20,11485.0,-401.0,0.0,0,454.98,0.0,1,5.09,9.1,SPY211231P00461000,461.0,0,0.0,0.0,,0.0,normalDay
2021-12-21,11485.0,75.0,0.0,0,463.06,0.0,1,5.09,4.34,SPY211231P00461000,461.0,0,0.0,0.0,,0.0,normalDay
2021-12-22,11485.0,322.0,0.0,0,467.69,0.0,1,5.09,1.87,SPY211231P00461000,461.0,0,0.0,0.0,,0.0,normalDay
2021-12-23,11485.0,421.0,0.0,0,470.6,0.0,1,5.09,0.88,SPY211231P00461000,461.0,0,0.0,0.0,,0.0,normalDay
2021-12-27,11485.0,493.0,0.0,0,477.26,0.0,1,5.09,0.16,SPY211231P00461000,461.0,0,0.0,0.0,,0.0,normalDay
2021-12-28,11485.0,497.0,0.0,0,476.87,0.0,1,5.09,0.12,SPY211231P00461000,461.0,0,0.0,0.0,,0.0,normalDay
2021-12-29,11485.0,505.0,0.0,0,477.48,0.0,1,5.09,0.04,SPY211231P00461000,461.0,0,0.0,0.0,,0.0,normalDay
2021-12-30,11485.0,504.0,0.0,0,476.16,0.0,1,5.09,0.05,SPY211231P00461000,461.0,0,0.0,0.0,,0.0,normalDay
2021-12-31,11994.0,0.0,509.0,0,474.96,0.0,1,5.09,0.0,SPY211231P00461000,461.0,0,0.0,0.0,,0.0,expirationDay
2022-01-03,11994.0,-3.0,0.0,0,477.71,0.0,1,2.01,2.04,SPY220121P00466000,466.0,0,0.0,0.0,,0.0,normalDay
2022-01-04,11994.0,-5.0,0.0,0,477.55,0.0,1,2.01,2.06,SPY220121P00466000,466.0,0,0.0,0.0,,0.0,normalDay
2022-01-05,11994.0,-314.0,0.0,0,468.38,0.0,1,2.01,5.15,SPY220121P00466000,466.0,0,0.0,0.0,,0.0,normalDay
2022-01-06,11994.0,-296.0,0.0,0,467.94,0.0,1,2.01,4.97,SPY220121P00466000,466.0,0,0.0,0.0,,0.0,normalDay
2022-01-07,11994.0,-282.0,0.0,0,466.09,0.0,1,2.01,4.83,SPY220121P00466000,466.0,0,0.0,0.0,,0.0,normalDay
2022-01-10,11994.0,-311.0,0.0,0,465.51,0.0,1,2.01,5.12,SPY220121P00466000,466.0,0,0.0,0.0,,0.0,normalDay
2022-01-11,11994.0,-118.0,0.0,0,469.75,0.0,1,2.01,3.19,SPY220121P00466000,466.0,0,0.0,0.0,,0.0,normalDay
2022-01-12,11994.0,-25.0,0.0,0,471.02,0.0,1,2.01,2.26,SPY220121P00466000,466.0,0,0.0,0.0,,0.0,normalDay
2022-01-13,11994.0,-333.0,0.0,0,464.53,0.0,1,2.01,5.34,SPY220121P00466000,466.0,0,0.0,0.0,,0.0,normalDay
2022-01-14,11994.0,-237.0,0.0,0,464.72,0.0,1,2.01,4.38,SPY220121P00466000,466.0,0,0.0,0.0,,0.0,normalDay
2022-01-18,11994.0,-836.0,0.0,0,456.49,0.0,1,2.01,10.37,SPY220121P00466000,466.0,0,0.0,0.0,,0.0,normalDay
2022-01-19,11994.0,-1209.0,0.0,0,451.75,0.0,1,2.01,14.1,SPY220121P00466000,466.0,0,0.0,0.0,,0.0,normalDay
2022-01-20,11994.0,-1785.0,0.0,0,446.75,0.0,1,2.01,19.86,SPY220121P00466000,466.0,0,0.0,0.0,,0.0,normalDay
2022-01-21,12195.0,-2802.0,201.0,100,437.98,466.0,1,2.01,0.0,SPY220121P00466000,466.0,0,0.0,0.0,,0.0,expirationDay
2022-01-24,12195.0,-2620.0,0.0,100,439.84,466.0,0,0.0,0.0,,0.0,1,1.12,1.16,SPY220318C00481000,481.0,normalDay
2022-01-25,12195.0,-3117.0,0.0,100,434.47,466.0,0,0.0,0.0,,0.0,1,1.12,0.76,SPY220318C00481000,481.0,normalDay
2022-01-26,12195.0,-3234.0,0.0,100,433.38,466.0,0,0.0,0.0,,0.0,1,1.12,0.84,SPY220318C00481000,481.0,normalDay
2022-01-27,12195.0,-3432.0,0.0,100,431.24,466.0,0,0.0,0.0,,0.0,1,1.12,0.68,SPY220318C00481000,481.0,normalDay
2022-01-28,12195.0,-2407.0,0.0,100,441.95,466.0,0,0.0,0.0,,0.0,1,1.12,1.14,SPY220318C00481000,481.0,normalDay
2022-01-31,12195.0,-1643.0,0.0,100,449.91,466.0,0,0.0,0.0,,0.0,1,1.12,1.46,SPY220318C00481000,481.0,normalDay
2022-02-01,12195.0,-1332.0,0.0,100,452.95,466.0,0,0.0,0.0,,0.0,1,1.12,1.39,SPY220318C00481000,481.0,normalDay
2022-02-02,12195.0,-903.0,0.0,100,457.35,466.0,0,0.0,0.0,,0.0,1,1.12,1.5,SPY220318C00481000,481.0,normalDay
2022-02-03,12195.0,-1937.0,0.0,100,446.6,466.0,0,0.0,0.0,,0.0,1,1.12,1.09,SPY220318C00481000,481.0,normalDay
2022-02-04,12195.0,-1700.0,0.0,100,448.7,466.0,0,0.0,0.0,,0.0,1,1.12,0.82,SPY220318C00481000,481.0,normalDay
2022-02-07,12195.0,-1831.0,0.0,100,447.26,466.0,0,0.0,0.0,,0.0,1,1.12,0.69,SPY220318C00481000,481.0,normalDay
2022-02-08,12195.0,-1469.0,0.0,100,450.94,466.0,0,0.0,0.0,,0.0,1,1.12,0.75,SPY220318C00481000,481.0,normalDay
2022-02-09,12195.0,-856.0,0.0,100,457.54,466.0,0,0.0,0.0,,0.0,1,1.12,1.22,SPY220318C00481000,481.0,normalDay
2022-02-10,12195.0,-1628.0,0.0,100,449.32,466.0,0,0.0,0.0,,0.0,1,1.12,0.72,SPY220318C00481000,481.0,normalDay
2022-02-11,12195.0,-2489.0,0.0,100,440.46,466.0,0,0.0,0.0,,0.0,1,1.12,0.47,SPY220318C00481000,481.0,normalDay
2022-02-14,12195.0,-2623.0,0.0,100,439.02,466.0,0,0.0,0.0,,0.0,1,1.12,0.37,SPY220318C00481000,481.0,normalDay
2022-02-15,12195.0,-1919.0,0.0,100,446.1,466.0,0,0.0,0.0,,0.0,1,1.12,0.41,SPY220318C00481000,481.0,normalDay
2022-02-16,12195.0,-1861.0,0.0,100,446.6,466.0,0,0.0,0.0,,0.0,1,1.12,0.33,SPY220318C00481000,481.0,normalDay
2022-02-17,12195.0,-2799.0,0.0,100,437.06,466.0,0,0.0,0.0,,0.0,1,1.12,0.17,SPY220318C00481000,481.0,normalDay
2022-02-18,12195.0,-3077.0,0.0,100,434.23,466.0,0,0.0,0.0,,0.0,1,1.12,0.12,SPY220318C00481000,481.0,normalDay
2022-02-22,12195.0,-3541.0,0.0,100,429.57,466.0,0,0.0,0.0,,0.0,1,1.12,0.1,SPY220318C00481000,481.0,normalDay
2022-02-23,12195.0,-4300.0,0.0,100,421.95,466.0,0,0.0,0.0,,0.0,1,1.12,0.07,SPY220318C00481000,481.0,normalDay
2022-02-24,12195.0,-3668.0,0.0,100,428.3,466.0,0,0.0,0.0,,0.0,1,1.12,0.1,SPY220318C00481000,481.0,normalDay
2022-02-25,12195.0,-2725.0,0.0,100,437.75,466.0,0,0.0,0.0,,0.0,1,1.12,0.12,SPY220318C00481000,481.0,normalDay
2022-02-28,12195.0,-2835.0,0.0,100,436.63,466.0,0,0.0,0.0,,0.0,1,1.12,0.1,SPY220318C00481000,481.0,normalDay
2022-03-01,12195.0,-3496.0,0.0,100,429.98,466.0,0,0.0,0.0,,0.0,1,1.12,0.06,SPY220318C00481000,481.0,normalDay
2022-03-02,12195.0,-2706.0,0.0,100,437.89,466.0,0,0.0,0.0,,0.0,1,1.12,0.07,SPY220318C00481000,481.0,normalDay
2022-03-03,12195.0,-2923.0,0.0,100,435.71,466.0,0,0.0,0.0,,0.0,1,1.12,0.06,SPY220318C00481000,481.0,normalDay
2022-03-04,12195.0,-3274.0,0.0,100,432.17,466.0,0,0.0,0.0,,0.0,1,1.12,0.03,SPY220318C00481000,481.0,normalDay
2022-03-07,12195.0,-4547.0,0.0,100,419.43,466.0,0,0.0,0.0,,0.0,1,1.12,0.02,SPY220318C00481000,481.0,normalDay
2022-03-08,12195.0,-4865.0,0.0,100,416.25,466.0,0,0.0,0.0,,0.0,1,1.12,0.02,SPY220318C00481000,481.0,normalDay
2022-03-09,12195.0,-3750.0,0.0,100,427.41,466.0,0,0.0,0.0,,0.0,1,1.12,0.03,SPY220318C00481000,481.0,normalDay
2022-03-10,12195.0,-3942.0,0.0,100,425.48,466.0,0,0.0,0.0,,0.0,1,1.12,0.02,SPY220318C00481000,481.0,normalDay
2022-03-11,12195.0,-4483.0,0.0,100,420.07,466.0,0,0.0,0.0,,0.0,1,1.12,0.02,SPY220318C00481000,481.0,normalDay
2022-03-14,12195.0,-4789.0,0.0,100,417.0,466.0,0,0.0,0.0,,0.0,1,1.12,0.01,SPY220318C00481000,481.0,normalDay
2022-03-15,12195.0,-3872.0,0.0,100,426.17,466.0,0,0.0,0.0,,0.0,1,1.12,0.01,SPY220318C00481000,481.0,normalDay
2022-03-16,12195.0,-2927.0,0.0,100,435.62,466.0,0,0.0,0.0,,0.0,1,1.12,0.01,SPY220318C00481000,481.0,normalDay
2022-03-17,12195.0,-2382.0,0.0,100,441.07,466.0,0,0.0,0.0,,0.0,1,1.12,0.01,SPY220318C00481000,481.0,normalDay
2022-03-18,12307.0,-2148.0,112.0,100,444.52,466.0,0,0.0,0.0,,0.0,1,1.12,0.0,SPY220318C00481000,481.0,expirationDay
2022-03-21,12307.0,-2182.0,0.0,100,444.39,466.0,0,0.0,0.0,,0.0,1,13.72,13.93,SPY220429C00441000,441.0,normalDay
2022-03-22,12307.0,-1955.0,0.0,100,449.59,466.0,0,0.0,0.0,,0.0,1,13.72,16.86,SPY220429C00441000,441.0,normalDay
2022-03-23,12307.0,-2139.0,0.0,100,443.8,466.0,0,0.0,0.0,,0.0,1,13.72,12.91,SPY220429C00441000,441.0,normalDay
2022-03-24,12307.0,-1865.0,0.0,100,450.49,466.0,0,0.0,0.0,,0.0,1,13.72,16.86,SPY220429C00441000,441.0,normalDay
2022-03-25,12307.0,-1766.0,0.0,100,452.69,466.0,0,0.0,0.0,,0.0,1,13.72,18.07,SPY220429C00441000,441.0,normalDay
2022-03-28,12307.0,-1627.0,0.0,100,455.91,466.0,0,0.0,0.0,,0.0,1,13.72,19.9,SPY220429C00441000,441.0,normalDay
2022-03-29,12307.0,-1462.0,0.0,100,461.55,466.0,0,0.0,0.0,,0.0,1,13.72,23.89,SPY220429C00441000,441.0,normalDay
2022-03-30,12307.0,-1573.0,0.0,100,458.7,466.0,0,0.0,0.0,,0.0,1,13.72,22.15,SPY220429C00441000,441.0,normalDay
2022-03-31,12307.0,-1895.0,0.0,100,451.64,466.0,0,0.0,0.0,,0.0,1,13.72,18.31,SPY220429C00441000,441.0,normalDay
2022-04-01,12307.0,-1587.0,0.0,100,452.92,466.0,0,0.0,0.0,,0.0,1,13.72,16.51,SPY220429C00441000,441.0,normalDay
2022-04-04,12307.0,-1433.0,0.0,100,456.8,466.0,0,0.0,0.0,,0.0,1,13.72,18.85,SPY220429C00441000,441.0,normalDay
2022-04-05,12307.0,-1644.0,0.0,100,451.03,466.0,0,0.0,0.0,,0.0,1,13.72,15.19,SPY220429C00441000,441.0,normalDay
2022-04-06,12307.0,-1755.0,0.0,100,446.52,466.0,0,0.0,0.0,,0.0,1,13.72,11.79,SPY220429C00441000,441.0,normalDay
2022-04-07,12307.0,-1653.0,0.0,100,448.77,466.0,0,0.0,0.0,,0.0,1,13.72,13.02,SPY220429C00441000,441.0,normalDay
2022-04-08,12307.0,-1663.0,0.0,100,447.57,466.0,0,0.0,0.0,,0.0,1,13.72,11.92,SPY220429C00441000,441.0,normalDay
2022-04-11,12307.0,-1979.0,0.0,100,439.92,466.0,0,0.0,0.0,,0.0,1,13.72,7.43,SPY220429C00441000,441.0,normalDay
2022-04-12,12307.0,-2036.0,0.0,100,438.29,466.0,0,0.0,0.0,,0.0,1,13.72,6.37,SPY220429C00441000,441.0,normalDay
2022-04-13,12307.0,-1691.0,0.0,100,443.31,466.0,0,0.0,0.0,,0.0,1,13.72,7.94,SPY220429C00441000,441.0,normalDay
2022-04-14,12307.0,-1943.0,0.0,100,437.79,466.0,0,0.0,0.0,,0.0,1,13.72,4.94,SPY220429C00441000,441.0,normalDay
2022-04-18,12307.0,-1918.0,0.0,100,437.97,466.0,0,0.0,0.0,,0.0,1,13.72,4.87,SPY220429C00441000,441.0,normalDay
2022-04-19,12307.0,-1411.0,0.0,100,445.04,466.0,0,0.0,0.0,,0.0,1,13.72,6.87,SPY220429C00441000,441.0,normalDay
2022-04-20,12307.0,-1571.0,0.0,100,444.71,466.0,0,0.0,0.0,,0.0,1,13.72,8.14,SPY220429C00441000,441.0,normalDay
2022-04-21,12307.0,-1780.0,0.0,100,438.06,466.0,0,0.0,0.0,,0.0,1,13.72,3.58,SPY220429C00441000,441.0,normalDay
2022-04-22,12307.0,-2683.0,0.0,100,426.04,466.0,0,0.0,0.0,,0.0,1,13.72,0.59,SPY220429C00441000,441.0,normalDay
2022-04-25,12307.0,-2442.0,0.0,100,428.51,466.0,0,0.0,0.0,,0.0,1,13.72,0.65,SPY220429C00441000,441.0,normalDay
2022-04-26,12307.0,-3627.0,0.0,100,416.1,466.0,0,0.0,0.0,,0.0,1,13.72,0.09,SPY220429C00441000,441.0,normalDay
2022-04-27,12307.0,-3507.0,0.0,100,417.27,466.0,0,0.0,0.0,,0.0,1,13.72,0.06,SPY220429C00441000,441.0,normalDay
2022-04-28,12307.0,-2451.0,0.0,100,427.81,466.0,0,0.0,0.0,,0.0,1,13.72,0.04,SPY220429C00441000,441.0,normalDay
2022-04-29,13679.0,-5400.0,1372.0,100,412.0,466.0,0,0.0,0.0,,0.0,1,13.72,0.0,SPY220429C00441000,441.0,expirationDay
2022-05-02,13679.0,-5157.0,0.0,100,414.48,466.0,0,0.0,0.0,,0.0,1,1.73,1.78,SPY220617C00452000,452.0,normalDay
2022-05-03,13679.0,-4950.0,0.0,100,416.38,466.0,0,0.0,0.0,,0.0,1,1.73,1.61,SPY220617C00452000,452.0,normalDay
2022-05-04,13679.0,-3833.0,0.0,100,429.06,466.0,0,0.0,0.0,,0.0,1,1.73,3.12,SPY220617C00452000,452.0,normalDay
2022-05-05,13679.0,-5194.0,0.0,100,413.81,466.0,0,0.0,0.0,,0.0,1,1.73,1.48,SPY220617C00452000,452.0,normalDay
2022-05-06,13679.0,-5396.0,0.0,100,411.34,466.0,0,0.0,0.0,,0.0,1,1.73,1.03,SPY220617C00452000,452.0,normalDay
2022-05-09,13679.0,-6671.0,0.0,100,398.17,466.0,0,0.0,0.0,,0.0,1,1.73,0.61,SPY220617C00452000,452.0,normalDay
2022-05-10,13679.0,-6560.0,0.0,100,399.09,466.0,0,0.0,0.0,,0.0,1,1.73,0.42,SPY220617C00452000,452.0,normalDay
2022-05-11,13679.0,-7184.0,0.0,100,392.75,466.0,0,0.0,0.0,,0.0,1,1.73,0.32,SPY220617C00452000,452.0,normalDay
2022-05-12,13679.0,-7220.0,0.0,100,392.34,466.0,0,0.0,0.0,,0.0,1,1.73,0.27,SPY220617C00452000,452.0,normalDay
2022-05-13,13679.0,-6280.0,0.0,100,401.72,466.0,0,0.0,0.0,,0.0,1,1.73,0.25,SPY220617C00452000,452.0,normalDay
2022-05-16,13679.0,-6432.0,0.0,100,400.09,466.0,0,0.0,0.0,,0.0,1,1.73,0.14,SPY220617C00452000,452.0,normalDay
2022-05-17,13679.0,-5619.0,0.0,100,408.32,466.0,0,0.0,0.0,,0.0,1,1.73,0.24,SPY220617C00452000,452.0,normalDay
2022-05-18,13679.0,-7250.0,0.0,100,391.86,466.0,0,0.0,0.0,,0.0,1,1.73,0.09,SPY220617C00452000,452.0,normalDay
2022-05-19,13679.0,-7490.0,0.0,100,389.46,466.0,0,0.0,0.0,,0.0,1,1.73,0.09,SPY220617C00452000,452.0,normalDay
2022-05-20,13679.0,-7472.0,0.0,100,389.63,466.0,0,0.0,0.0,,0.0,1,1.73,0.08,SPY220617C00452000,452.0,normalDay
2022-05-23,13679.0,-6745.0,0.0,100,396.92,466.0,0,0.0,0.0,,0.0,1,1.73,0.1,SPY220617C00452000,452.0,normalDay
2022-05-24,13679.0,-7048.0,0.0,100,393.89,466.0,0,0.0,0.0,,0.0,1,1.73,0.1,SPY220617C00452000,452.0,normalDay
2022-05-25,13679.0,-6700.0,0.0,100,397.37,466.0,0,0.0,0.0,,0.0,1,1.73,0.1,SPY220617C00452000,452.0,normalDay
2022-05-26,13679.0,-5910.0,0.0,100,405.31,466.0,0,0.0,0.0,,0.0,1,1.73,0.14,SPY220617C00452000,452.0,normalDay
2022-05-27,13679.0,-4930.0,0.0,100,415.26,466.0,0,0.0,0.0,,0.0,1,1.73,0.29,SPY220617C00452000,452.0,normalDay
2022-05-31,13679.0,-5147.0,0.0,100,412.93,466.0,0,0.0,0.0,,0.0,1,1.73,0.13,SPY220617C00452000,452.0,normalDay
2022-06-01,13679.0,-5475.0,0.0,100,409.59,466.0,0,0.0,0.0,,0.0,1,1.73,0.07,SPY220617C00452000,452.0,normalDay
2022-06-02,13679.0,-4699.0,0.0,100,417.39,466.0,0,0.0,0.0,,0.0,1,1.73,0.11,SPY220617C00452000,452.0,normalDay
2022-06-03,13679.0,-5379.0,0.0,100,410.54,466.0,0,0.0,0.0,,0.0,1,1.73,0.06,SPY220617C00452000,452.0,normalDay
2022-06-06,13679.0,-5252.0,0.0,100,411.79,466.0,0,0.0,0.0,,0.0,1,1.73,0.04,SPY220617C00452000,452.0,normalDay
2022-06-07,13679.0,-4857.0,0.0,100,415.74,466.0,0,0.0,0.0,,0.0,1,1.73,0.04,SPY220617C00452000,452.0,normalDay
2022-06-08,13679.0,-5308.0,0.0,100,411.22,466.0,0,0.0,0.0,,0.0,1,1.73,0.03,SPY220617C00452000,452.0,normalDay
2022-06-09,13679.0,-6285.0,0.0,100,401.44,466.0,0,0.0,0.0,,0.0,1,1.73,0.02,SPY220617C00452000,452.0,normalDay
2022-06-10,13679.0,-7449.0,0.0,100,389.8,466.0,0,0.0,0.0,,0.0,1,1.73,0.02,SPY220617C00452000,452.0,normalDay
2022-06-13,13679.0,-8928.0,0.0,100,375.0,466.0,0,0.0,0.0,,0.0,1,1.73,0.01,SPY220617C00452000,452.0,normalDay
2022-06-14,13679.0,-9041.0,0.0,100,373.87,466.0,0,0.0,0.0,,0.0,1,1.73,0.01,SPY220617C00452000,452.0,normalDay
2022-06-15,13679.0,-8508.0,0.0,100,379.2,466.0,0,0.0,0.0,,0.0,1,1.73,0.01,SPY220617C00452000,452.0,normalDay
2022-06-16,13679.0,-9763.0,0.0,100,366.65,466.0,0,0.0,0.0,,0.0,1,1.73,0.01,SPY220617C00452000,452.0,normalDay
2022-06-17,13852.0,-10014.0,173.0,100,365.86,466.0,0,0.0,0.0,,0.0,1,1.73,0.0,SPY220617C00452000,452.0,expirationDay
2022-06-21,13852.0,-9096.0,0.0,100,375.07,466.0,0,0.0,0.0,,0.0,1,0.99,1.02,SPY220729C00417500,417.5,normalDay
2022-06-22,13852.0,-9154.0,0.0,100,374.39,466.0,0,0.0,0.0,,0.0,1,0.99,0.92,SPY220729C00417500,417.5,normalDay
2022-06-23,13852.0,-8795.0,0.0,100,378.06,466.0,0,0.0,0.0,,0.0,1,0.99,1.0,SPY220729C00417500,417.5,normalDay
2022-06-24,13852.0,-7705.0,0.0,100,390.08,466.0,0,0.0,0.0,,0.0,1,0.99,2.12,SPY220729C00417500,417.5,normalDay
2022-06-27,13852.0,-7820.0,0.0,100,388.59,466.0,0,0.0,0.0,,0.0,1,0.99,1.78,SPY220729C00417500,417.5,normalDay
2022-06-28,13852.0,-8520.0,0.0,100,380.65,466.0,0,0.0,0.0,,0.0,1,0.99,0.84,SPY220729C00417500,417.5,normalDay
2022-06-29,13852.0,-8546.0,0.0,100,380.34,466.0,0,0.0,0.0,,0.0,1,0.99,0.79,SPY220729C00417500,417.5,normalDay
2022-06-30,13852.0,-8825.0,0.0,100,377.25,466.0,0,0.0,0.0,,0.0,1,0.99,0.49,SPY220729C00417500,417.5,normalDay
2022-07-01,13852.0,-8431.0,0.0,100,381.24,466.0,0,0.0,0.0,,0.0,1,0.99,0.54,SPY220729C00417500,417.5,normalDay
2022-07-05,13852.0,-8349.0,0.0,100,381.96,466.0,0,0.0,0.0,,0.0,1,0.99,0.44,SPY220729C00417500,417.5,normalDay
2022-07-06,13852.0,-8222.0,0.0,100,383.25,466.0,0,0.0,0.0,,0.0,1,0.99,0.46,SPY220729C00417500,417.5,normalDay
2022-07-07,13852.0,-7669.0,0.0,100,388.99,466.0,0,0.0,0.0,,0.0,1,0.99,0.67,SPY220729C00417500,417.5,normalDay
2022-07-08,13852.0,-7683.0,0.0,100,388.67,466.0,0,0.0,0.0,,0.0,1,0.99,0.49,SPY220729C00417500,417.5,normalDay
2022-07-11,13852.0,-8102.0,0.0,100,384.23,466.0,0,0.0,0.0,,0.0,1,0.99,0.24,SPY220729C00417500,417.5,normalDay
2022-07-12,13852.0,-8433.0,0.0,100,380.83,466.0,0,0.0,0.0,,0.0,1,0.99,0.15,SPY220729C00417500,417.5,normalDay
2022-07-13,13852.0,-8628.0,0.0,100,378.83,466.0,0,0.0,0.0,,0.0,1,0.99,0.1,SPY220729C00417500,417.5,normalDay
2022-07-14,13852.0,-8718.0,0.0,100,377.91,466.0,0,0.0,0.0,,0.0,1,0.99,0.08,SPY220729C00417500,417.5,normalDay
2022-07-15,13852.0,-7997.0,0.0,100,385.13,466.0,0,0.0,0.0,,0.0,1,0.99,0.09,SPY220729C00417500,417.5,normalDay
2022-07-18,13852.0,-8311.0,0.0,100,381.95,466.0,0,0.0,0.0,,0.0,1,0.99,0.05,SPY220729C00417500,417.5,normalDay
2022-07-19,13852.0,-7295.0,0.0,100,392.27,466.0,0,0.0,0.0,,0.0,1,0.99,0.21,SPY220729C00417500,417.5,normalDay
2022-07-20,13852.0,-7050.0,0.0,100,394.77,466.0,0,0.0,0.0,,0.0,1,0.99,0.26,SPY220729C00417500,417.5,normalDay
2022-07-21,13852.0,-6651.0,0.0,100,398.79,466.0,0,0.0,0.0,,0.0,1,0.99,0.29,SPY220729C00417500,417.5,normalDay
2022-07-22,13852.0,-7000.0,0.0,100,395.09,466.0,0,0.0,0.0,,0.0,1,0.99,0.08,SPY220729C00417500,417.5,normalDay
2022-07-25,13852.0,-6948.0,0.0,100,395.57,466.0,0,0.0,0.0,,0.0,1,0.99,0.04,SPY220729C00417500,417.5,normalDay
2022-07-26,13852.0,-7414.0,0.0,100,390.89,466.0,0,0.0,0.0,,0.0,1,0.99,0.02,SPY220729C00417500,417.5,normalDay
2022-07-27,13852.0,-6400.0,0.0,100,401.04,466.0,0,0.0,0.0,,0.0,1,0.99,0.03,SPY220729C00417500,417.5,normalDay
2022-07-28,13852.0,-5897.0,0.0,100,406.07,466.0,0,0.0,0.0,,0.0,1,0.99,0.03,SPY220729C00417500,417.5,normalDay
2022-07-29,13951.0,-5401.0,99.0,100,411.99,466.0,0,0.0,0.0,,0.0,1,0.99,0.0,SPY220729C00417500,417.5,expirationDay
2022-08-01,13951.0,-5530.0,0.0,100,410.77,466.0,0,0.0,0.0,,0.0,1,16.65,16.72,SPY220916C00404000,404.0,normalDay
2022-08-02,13951.0,-5639.0,0.0,100,408.06,466.0,0,0.0,0.0,,0.0,1,16.65,15.1,SPY220916C00404000,404.0,normalDay
2022-08-03,13951.0,-5332.0,0.0,100,414.45,466.0,0,0.0,0.0,,0.0,1,16.65,18.42,SPY220916C00404000,404.0,normalDay
2022-08-04,13951.0,-5348.0,0.0,100,414.17,466.0,0,0.0,0.0,,0.0,1,16.65,18.3,SPY220916C00404000,404.0,normalDay
2022-08-05,13951.0,-5299.0,0.0,100,413.47,466.0,0,0.0,0.0,,0.0,1,16.65,17.11,SPY220916C00404000,404.0,normalDay
2022-08-08,13951.0,-5326.0,0.0,100,412.99,466.0,0,0.0,0.0,,0.0,1,16.65,16.9,SPY220916C00404000,404.0,normalDay
2022-08-09,13951.0,-5388.0,0.0,100,411.35,466.0,0,0.0,0.0,,0.0,1,16.65,15.88,SPY220916C00404000,404.0,normalDay
2022-08-10,13951.0,-5045.0,0.0,100,419.99,466.0,0,0.0,0.0,,0.0,1,16.65,21.09,SPY220916C00404000,404.0,normalDay
2022-08-11,13951.0,-5093.0,0.0,100,419.99,466.0,0,0.0,0.0,,0.0,1,16.65,21.57,SPY220916C00404000,404.0,normalDay
2022-08-12,13951.0,-4877.0,0.0,100,427.1,466.0,0,0.0,0.0,,0.0,1,16.65,26.52,SPY220916C00404000,404.0,normalDay
2022-08-15,13951.0,-4839.0,0.0,100,428.86,466.0,0,0.0,0.0,,0.0,1,16.65,27.9,SPY220916C00404000,404.0,normalDay
2022-08-16,13951.0,-4802.0,0.0,100,429.7,466.0,0,0.0,0.0,,0.0,1,16.65,28.37,SPY220916C00404000,404.0,normalDay
2022-08-17,13951.0,-4879.0,0.0,100,426.65,466.0,0,0.0,0.0,,0.0,1,16.65,26.09,SPY220916C00404000,404.0,normalDay
2022-08-18,13951.0,-4796.0,0.0,100,427.89,466.0,0,0.0,0.0,,0.0,1,16.65,26.5,SPY220916C00404000,404.0,normalDay
2022-08-19,13951.0,-4900.0,0.0,100,422.14,466.0,0,0.0,0.0,,0.0,1,16.65,21.79,SPY220916C00404000,404.0,normalDay
2022-08-22,13951.0,-5150.0,0.0,100,413.35,466.0,0,0.0,0.0,,0.0,1,16.65,15.5,SPY220916C00404000,404.0,normalDay
2022-08-23,13951.0,-5126.0,0.0,100,412.35,466.0,0,0.0,0.0,,0.0,1,16.65,14.26,SPY220916C00404000,404.0,normalDay
2022-08-24,13951.0,-5054.0,0.0,100,413.67,466.0,0,0.0,0.0,,0.0,1,16.65,14.86,SPY220916C00404000,404.0,normalDay
2022-08-25,13951.0,-4836.0,0.0,100,419.51,466.0,0,0.0,0.0,,0.0,1,16.65,18.52,SPY220916C00404000,404.0,normalDay
2022-08-26,13951.0,-5342.0,0.0,100,405.31,466.0,0,0.0,0.0,,0.0,1,16.65,9.38,SPY220916C00404000,404.0,normalDay
2022-08-29,13951.0,-5433.0,0.0,100,402.63,466.0,0,0.0,0.0,,0.0,1,16.65,7.61,SPY220916C00404000,404.0,normalDay
2022-08-30,13951.0,-5641.0,0.0,100,398.21,466.0,0,0.0,0.0,,0.0,1,16.65,5.27,SPY220916C00404000,404.0,normalDay
2022-08-31,13951.0,-5793.0,0.0,100,395.18,466.0,0,0.0,0.0,,0.0,1,16.65,3.76,SPY220916C00404000,404.0,normalDay
2022-09-01,13951.0,-5658.0,0.0,100,396.42,466.0,0,0.0,0.0,,0.0,1,16.65,3.65,SPY220916C00404000,404.0,normalDay
2022-09-02,13951.0,-5940.0,0.0,100,392.24,466.0,0,0.0,0.0,,0.0,1,16.65,2.29,SPY220916C00404000,404.0,normalDay
2022-09-06,13951.0,-6004.0,0.0,100,390.76,466.0,0,0.0,0.0,,0.0,1,16.65,1.45,SPY220916C00404000,404.0,normalDay
2022-09-07,13951.0,-5428.0,0.0,100,397.78,466.0,0,0.0,0.0,,0.0,1,16.65,2.71,SPY220916C00404000,404.0,normalDay
2022-09-08,13951.0,-5236.0,0.0,100,400.38,466.0,0,0.0,0.0,,0.0,1,16.65,3.39,SPY220916C00404000,404.0,normalDay
2022-09-09,13951.0,-4842.0,0.0,100,406.6,466.0,0,0.0,0.0,,0.0,1,16.65,5.67,SPY220916C00404000,404.0,normalDay
2022-09-12,13951.0,-4736.0,0.0,100,410.97,466.0,0,0.0,0.0,,0.0,1,16.65,8.98,SPY220916C00404000,404.0,normalDay
2022-09-13,13951.0,-5691.0,0.0,100,393.1,466.0,0,0.0,0.0,,0.0,1,16.65,0.66,SPY220916C00404000,404.0,normalDay
2022-09-14,13951.0,-5508.0,0.0,100,394.6,466.0,0,0.0,0.0,,0.0,1,16.65,0.33,SPY220916C00404000,404.0,normalDay
2022-09-15,13951.0,-5926.0,0.0,100,390.12,466.0,0,0.0,0.0,,0.0,1,16.65,0.03,SPY220916C00404000,404.0,normalDay
2022-09-16,15616.0,-8044.0,1665.0,100,385.56,466.0,0,0.0,0.0,,0.0,1,16.65,0.0,SPY220916C00404000,404.0,expirationDay
2022-09-19,15616.0,-7751.0,0.0,100,388.55,466.0,0,0.0,0.0,,0.0,1,3.23,3.29,SPY221028C00412000,412.0,normalDay
2022-09-20,15616.0,-8119.0,0.0,100,384.09,466.0,0,0.0,0.0,,0.0,1,3.23,2.51,SPY221028C00412000,412.0,normalDay
2022-09-21,15616.0,-8689.0,0.0,100,377.39,466.0,0,0.0,0.0,,0.0,1,3.23,1.51,SPY221028C00412000,412.0,normalDay
2022-09-22,15616.0,-8959.0,0.0,100,374.22,466.0,0,0.0,0.0,,0.0,1,3.23,1.04,SPY221028C00412000,412.0,normalDay
2022-09-23,15616.0,-9545.0,0.0,100,367.95,466.0,0,0.0,0.0,,0.0,1,3.23,0.63,SPY221028C00412000,412.0,normalDay
2022-09-26,15616.0,-9896.0,0.0,100,364.31,466.0,0,0.0,0.0,,0.0,1,3.23,0.5,SPY221028C00412000,412.0,normalDay
2022-09-27,15616.0,-9978.0,0.0,100,363.38,466.0,0,0.0,0.0,,0.0,1,3.23,0.39,SPY221028C00412000,412.0,normalDay
2022-09-28,15616.0,-9285.0,0.0,100,370.53,466.0,0,0.0,0.0,,0.0,1,3.23,0.61,SPY221028C00412000,412.0,normalDay
2022-09-29,15616.0,-10026.0,0.0,100,362.79,466.0,0,0.0,0.0,,0.0,1,3.23,0.28,SPY221028C00412000,412.0,normalDay
2022-09-30,15616.0,-10576.0,0.0,100,357.18,466.0,0,0.0,0.0,,0.0,1,3.23,0.17,SPY221028C00412000,412.0,normalDay
2022-10-03,15616.0,-9642.0,0.0,100,366.61,466.0,0,0.0,0.0,,0.0,1,3.23,0.26,SPY221028C00412000,412.0,normalDay
2022-10-04,15616.0,-8551.0,0.0,100,377.97,466.0,0,0.0,0.0,,0.0,1,3.23,0.71,SPY221028C00412000,412.0,normalDay
2022-10-05,15616.0,-8622.0,0.0,100,377.09,466.0,0,0.0,0.0,,0.0,1,3.23,0.54,SPY221028C00412000,412.0,normalDay
2022-10-06,15616.0,-8995.0,0.0,100,373.2,466.0,0,0.0,0.0,,0.0,1,3.23,0.38,SPY221028C00412000,412.0,normalDay
2022-10-07,15616.0,-10010.0,0.0,100,362.79,466.0,0,0.0,0.0,,0.0,1,3.23,0.12,SPY221028C00412000,412.0,normalDay
2022-10-10,15616.0,-10284.0,0.0,100,360.02,466.0,0,0.0,0.0,,0.0,1,3.23,0.09,SPY221028C00412000,412.0,normalDay
2022-10-11,15616.0,-10512.0,0.0,100,357.74,466.0,0,0.0,0.0,,0.0,1,3.23,0.09,SPY221028C00412000,412.0,normalDay
2022-10-12,15616.0,-10629.0,0.0,100,356.56,466.0,0,0.0,0.0,,0.0,1,3.23,0.08,SPY221028C00412000,412.0,normalDay
2022-10-13,15616.0,-9696.0,0.0,100,365.97,466.0,0,0.0,0.0,,0.0,1,3.23,0.16,SPY221028C00412000,412.0,normalDay
2022-10-14,15616.0,-10520.0,0.0,100,357.63,466.0,0,0.0,0.0,,0.0,1,3.23,0.06,SPY221028C00412000,412.0,normalDay
2022-10-17,15616.0,-9602.0,0.0,100,366.82,466.0,0,0.0,0.0,,0.0,1,3.23,0.07,SPY221028C00412000,412.0,normalDay
2022-10-18,15616.0,-9174.0,0.0,100,371.13,466.0,0,0.0,0.0,,0.0,1,3.23,0.1,SPY221028C00412000,412.0,normalDay
2022-10-19,15616.0,-9432.0,0.0,100,368.5,466.0,0,0.0,0.0,,0.0,1,3.23,0.05,SPY221028C00412000,412.0,normalDay
2022-10-20,15616.0,-9738.0,0.0,100,365.41,466.0,0,0.0,0.0,,0.0,1,3.23,0.02,SPY221028C00412000,412.0,normalDay
2022-10-21,15616.0,-8853.0,0.0,100,374.29,466.0,0,0.0,0.0,,0.0,1,3.23,0.05,SPY221028C00412000,412.0,normalDay
2022-10-24,15616.0,-8394.0,0.0,100,378.87,466.0,0,0.0,0.0,,0.0,1,3.23,0.04,SPY221028C00412000,412.0,normalDay
2022-10-25,15616.0,-7787.0,0.0,100,384.92,466.0,0,0.0,0.0,,0.0,1,3.23,0.02,SPY221028C00412000,412.0,normalDay
2022-10-26,15616.0,-8076.0,0.0,100,382.02,466.0,0,0.0,0.0,,0.0,1,3.23,0.01,SPY221028C00412000,412.0,normalDay
2022-10-27,15616.0,-8280.0,0.0,100,379.98,466.0,0,0.0,0.0,,0.0,1,3.23,0.01,SPY221028C00412000,412.0,normalDay
2022-10-28,15939.0,-7698.0,323.0,100,389.02,466.0,0,0.0,0.0,,0.0,1,3.23,0.0,SPY221028C00412000,412.0,expirationDay
2022-10-31,15939.0,-7998.0,0.0,100,386.21,466.0,0,0.0,0.0,,0.0,1,15.72,15.91,SPY221216C00384000,384.0,normalDay
2022-11-01,15939.0,-8021.0,0.0,100,384.52,466.0,0,0.0,0.0,,0.0,1,15.72,14.45,SPY221216C00384000,384.0,normalDay
2022-11-02,15939.0,-8472.0,0.0,100,374.87,466.0,0,0.0,0.0,,0.0,1,15.72,9.31,SPY221216C00384000,384.0,normalDay
2022-11-03,15939.0,-8677.0,0.0,100,371.01,466.0,0,0.0,0.0,,0.0,1,15.72,7.5,SPY221216C00384000,384.0,normalDay
2022-11-04,15939.0,-8333.0,0.0,100,376.35,466.0,0,0.0,0.0,,0.0,1,15.72,9.4,SPY221216C00384000,384.0,normalDay
2022-11-07,15939.0,-8097.0,0.0,100,379.95,466.0,0,0.0,0.0,,0.0,1,15.72,10.64,SPY221216C00384000,384.0,normalDay
2022-11-08,15939.0,-7982.0,0.0,100,382.0,466.0,0,0.0,0.0,,0.0,1,15.72,11.54,SPY221216C00384000,384.0,normalDay
2022-11-09,15939.0,-8424.0,0.0,100,374.13,466.0,0,0.0,0.0,,0.0,1,15.72,8.09,SPY221216C00384000,384.0,normalDay
2022-11-10,15939.0,-7476.0,0.0,100,394.69,466.0,0,0.0,0.0,,0.0,1,15.72,19.17,SPY221216C00384000,384.0,normalDay
2022-11-11,15939.0,-7276.0,0.0,100,398.51,466.0,0,0.0,0.0,,0.0,1,15.72,20.99,SPY221216C00384000,384.0,normalDay
2022-11-14,15939.0,-7395.0,0.0,100,395.12,466.0,0,0.0,0.0,,0.0,1,15.72,18.79,SPY221216C00384000,384.0,normalDay
2022-11-15,15939.0,-7273.0,0.0,100,398.49,466.0,0,0.0,0.0,,0.0,1,15.72,20.94,SPY221216C00384000,384.0,normalDay
2022-11-16,15939.0,-7324.0,0.0,100,395.45,466.0,0,0.0,0.0,,0.0,1,15.72,18.41,SPY221216C00384000,384.0,normalDay
2022-11-17,15939.0,-7313.0,0.0,100,394.24,466.0,0,0.0,0.0,,0.0,1,15.72,17.09,SPY221216C00384000,384.0,normalDay
2022-11-18,15939.0,-7189.0,0.0,100,396.03,466.0,0,0.0,0.0,,0.0,1,15.72,17.64,SPY221216C00384000,384.0,normalDay
2022-11-21,15939.0,-7192.0,0.0,100,394.59,466.0,0,0.0,0.0,,0.0,1,15.72,16.23,SPY221216C00384000,384.0,normalDay
2022-11-22,15939.0,-7005.0,0.0,100,399.9,466.0,0,0.0,0.0,,0.0,1,15.72,19.67,SPY221216C00384000,384.0,normalDay
2022-11-23,15939.0,-6935.0,0.0,100,402.42,466.0,0,0.0,0.0,,0.0,1,15.72,21.49,SPY221216C00384000,384.0,normalDay
2022-11-25,15939.0,-7128.0,0.0,100,402.33,466.0,0,0.0,0.0,,0.0,1,15.72,23.33,SPY221216C00384000,384.0,normalDay
2022-11-28,15939.0,-7057.0,0.0,100,395.91,466.0,0,0.0,0.0,,0.0,1,15.72,16.2,SPY221216C00384000,384.0,normalDay
2022-11-29,15939.0,-7038.0,0.0,100,395.23,466.0,0,0.0,0.0,,0.0,1,15.72,15.33,SPY221216C00384000,384.0,normalDay
2022-11-30,15939.0,-6819.0,0.0,100,407.68,466.0,0,0.0,0.0,,0.0,1,15.72,25.59,SPY221216C00384000,384.0,normalDay
2022-12-01,15939.0,-6753.0,0.0,100,407.38,466.0,0,0.0,0.0,,0.0,1,15.72,24.63,SPY221216C00384000,384.0,normalDay
2022-12-02,15939.0,-6720.0,0.0,100,406.91,466.0,0,0.0,0.0,,0.0,1,15.72,23.83,SPY221216C00384000,384.0,normalDay
2022-12-05,15939.0,-6849.0,0.0,100,399.59,466.0,0,0.0,0.0,,0.0,1,15.72,17.8,SPY221216C00384000,384.0,normalDay
2022-12-06,15939.0,-6993.0,0.0,100,393.83,466.0,0,0.0,0.0,,0.0,1,15.72,13.48,SPY221216C00384000,384.0,normalDay
2022-12-07,15939.0,-6982.0,0.0,100,393.16,466.0,0,0.0,0.0,,0.0,1,15.72,12.7,SPY221216C00384000,384.0,normalDay
2022-12-08,15939.0,-6864.0,0.0,100,396.24,466.0,0,0.0,0.0,,0.0,1,15.72,14.6,SPY221216C00384000,384.0,normalDay
2022-12-09,15939.0,-6915.0,0.0,100,393.28,466.0,0,0.0,0.0,,0.0,1,15.72,12.15,SPY221216C00384000,384.0,normalDay
2022-12-12,15939.0,-6766.0,0.0,100,398.95,466.0,0,0.0,0.0,,0.0,1,15.72,16.33,SPY221216C00384000,384.0,normalDay
2022-12-13,15939.0,-6694.0,0.0,100,401.97,466.0,0,0.0,0.0,,0.0,1,15.72,18.63,SPY221216C00384000,384.0,normalDay
2022-12-14,15939.0,-6726.0,0.0,100,399.4,466.0,0,0.0,0.0,,0.0,1,15.72,16.38,SPY221216C00384000,384.0,normalDay
2022-12-15,15939.0,-6642.0,0.0,100,389.63,466.0,0,0.0,0.0,,0.0,1,15.72,5.77,SPY221216C00384000,384.0,normalDay
2022-12-16,17511.0,-8273.0,1572.0,100,383.27,466.0,0,0.0,0.0,,0.0,1,15.72,0.0,SPY221216C00384000,384.0,expirationDay
2022-12-19,17511.0,-8603.0,0.0,100,380.02,466.0,0,0.0,0.0,,0.0,1,1.77,1.82,SPY230127C00406000,406.0,normalDay
2022-12-20,17511.0,-8541.0,0.0,100,380.54,466.0,0,0.0,0.0,,0.0,1,1.77,1.72,SPY230127C00406000,406.0,normalDay
2022-12-21,17511.0,-8047.0,0.0,100,386.23,466.0,0,0.0,0.0,,0.0,1,1.77,2.47,SPY230127C00406000,406.0,normalDay
2022-12-22,17511.0,-8517.0,0.0,100,380.72,466.0,0,0.0,0.0,,0.0,1,1.77,1.66,SPY230127C00406000,406.0,normalDay
2022-12-23,17511.0,-8300.0,0.0,100,382.91,466.0,0,0.0,0.0,,0.0,1,1.77,1.68,SPY230127C00406000,406.0,normalDay
2022-12-27,17511.0,-8425.0,0.0,100,381.4,466.0,0,0.0,0.0,,0.0,1,1.77,1.42,SPY230127C00406000,406.0,normalDay
2022-12-28,17511.0,-8844.0,0.0,100,376.66,466.0,0,0.0,0.0,,0.0,1,1.77,0.87,SPY230127C00406000,406.0,normalDay
2022-12-29,17511.0,-8221.0,0.0,100,383.44,466.0,0,0.0,0.0,,0.0,1,1.77,1.42,SPY230127C00406000,406.0,normalDay
2022-12-30,17511.0,-8299.0,0.0,100,382.43,466.0,0,0.0,0.0,,0.0,1,1.77,1.19,SPY230127C00406000,406.0,normalDay
2023-01-03,17511.0,-8421.0,0.0,100,380.82,466.0,0,0.0,0.0,,0.0,1,1.77,0.8,SPY230127C00406000,406.0,normalDay
2023-01-04,17511.0,-8146.0,0.0,100,383.76,466.0,0,0.0,0.0,,0.0,1,1.77,0.99,SPY230127C00406000,406.0,normalDay
2023-01-05,17511.0,-8541.0,0.0,100,379.38,466.0,0,0.0,0.0,,0.0,1,1.77,0.56,SPY230127C00406000,406.0,normalDay
2023-01-06,17511.0,-7739.0,0.0,100,388.08,466.0,0,0.0,0.0,,0.0,1,1.77,1.24,SPY230127C00406000,406.0,normalDay
2023-01-09,17511.0,-7755.0,0.0,100,387.86,466.0,0,0.0,0.0,,0.0,1,1.77,1.18,SPY230127C00406000,406.0,normalDay
2023-01-10,17511.0,-7495.0,0.0,100,390.58,466.0,0,0.0,0.0,,0.0,1,1.77,1.3,SPY230127C00406000,406.0,normalDay
2023-01-11,17511.0,-7128.0,0.0,100,395.52,466.0,0,0.0,0.0,,0.0,1,1.77,2.57,SPY230127C00406000,406.0,normalDay
2023-01-12,17511.0,-6908.0,0.0,100,396.96,466.0,0,0.0,0.0,,0.0,1,1.77,1.81,SPY230127C00406000,406.0,normalDay
2023-01-13,17511.0,-6726.0,0.0,100,398.5,466.0,0,0.0,0.0,,0.0,1,1.77,1.53,SPY230127C00406000,406.0,normalDay
2023-01-17,17511.0,-6760.0,0.0,100,397.77,466.0,0,0.0,0.0,,0.0,1,1.77,1.14,SPY230127C00406000,406.0,normalDay
2023-01-18,17511.0,-7298.0,0.0,100,391.49,466.0,0,0.0,0.0,,0.0,1,1.77,0.24,SPY230127C00406000,406.0,normalDay
2023-01-19,17511.0,-7569.0,0.0,100,388.64,466.0,0,0.0,0.0,,0.0,1,1.77,0.1,SPY230127C00406000,406.0,normalDay
2023-01-20,17511.0,-6871.0,0.0,100,395.88,466.0,0,0.0,0.0,,0.0,1,1.77,0.36,SPY230127C00406000,406.0,normalDay
2023-01-23,17511.0,-6458.0,0.0,100,400.63,466.0,0,0.0,0.0,,0.0,1,1.77,0.98,SPY230127C00406000,406.0,normalDay
2023-01-24,17511.0,-6495.0,0.0,100,400.2,466.0,0,0.0,0.0,,0.0,1,1.77,0.92,SPY230127C00406000,406.0,normalDay
2023-01-25,17511.0,-6434.0,0.0,100,400.35,466.0,0,0.0,0.0,,0.0,1,1.77,0.46,SPY230127C00406000,406.0,normalDay
2023-01-26,17511.0,-6050.0,0.0,100,404.75,466.0,0,0.0,0.0,,0.0,1,1.77,1.02,SPY230127C00406000,406.0,normalDay
2023-01-27,17688.0,-6032.0,177.0,100,405.68,466.0,0,0.0,0.0,,0.0,1,1.77,0.0,SPY230127C00406000,406.0,expirationDay
2023-01-30,17688.0,-6546.0,0.0,100,400.59,466.0,0,0.0,0.0,,0.0,1,10.46,10.51,SPY230317C00403000,403.0,normalDay
2023-01-31,17688.0,-6228.0,0.0,100,406.48,466.0,0,0.0,0.0,,0.0,1,10.46,13.22,SPY230317C00403000,403.0,normalDay
2023-02-01,17688.0,-6120.0,0.0,100,410.8,466.0,0,0.0,0.0,,0.0,1,10.46,16.46,SPY230317C00403000,403.0,normalDay
2023-02-02,17688.0,-5852.0,0.0,100,416.78,466.0,0,0.0,0.0,,0.0,1,10.46,19.76,SPY230317C00403000,403.0,normalDay
2023-02-03,17688.0,-5997.0,0.0,100,412.35,466.0,0,0.0,0.0,,0.0,1,10.46,16.78,SPY230317C00403000,403.0,normalDay
2023-02-06,17688.0,-6082.0,0.0,100,409.83,466.0,0,0.0,0.0,,0.0,1,10.46,15.11,SPY230317C00403000,403.0,normalDay
2023-02-07,17688.0,-5847.0,0.0,100,415.19,466.0,0,0.0,0.0,,0.0,1,10.46,18.12,SPY230317C00403000,403.0,normalDay
2023-02-08,17688.0,-6050.0,0.0,100,410.65,466.0,0,0.0,0.0,,0.0,1,10.46,15.61,SPY230317C00403000,403.0,normalDay
2023-02-09,17688.0,-6191.0,0.0,100,407.09,466.0,0,0.0,0.0,,0.0,1,10.46,13.46,SPY230317C00403000,403.0,normalDay
2023-02-10,17688.0,-6108.0,0.0,100,408.04,466.0,0,0.0,0.0,,0.0,1,10.46,13.58,SPY230317C00403000,403.0,normalDay
2023-02-13,17688.0,-5933.0,0.0,100,412.83,466.0,0,0.0,0.0,,0.0,1,10.46,16.62,SPY230317C00403000,403.0,normalDay
2023-02-14,17688.0,-5813.0,0.0,100,412.64,466.0,0,0.0,0.0,,0.0,1,10.46,15.23,SPY230317C00403000,403.0,normalDay
2023-02-15,17688.0,-5796.0,0.0,100,413.98,466.0,0,0.0,0.0,,0.0,1,10.46,16.4,SPY230317C00403000,403.0,normalDay
2023-02-16,17688.0,-5955.0,0.0,100,408.28,466.0,0,0.0,0.0,,0.0,1,10.46,12.29,SPY230317C00403000,403.0,normalDay
2023-02-17,17688.0,-5958.0,0.0,100,407.26,466.0,0,0.0,0.0,,0.0,1,10.46,11.3,SPY230317C00403000,403.0,normalDay
2023-02-21,17688.0,-6330.0,0.0,100,399.09,466.0,0,0.0,0.0,,0.0,1,10.46,6.85,SPY230317C00403000,403.0,normalDay
2023-02-22,17688.0,-6311.0,0.0,100,398.54,466.0,0,0.0,0.0,,0.0,1,10.46,6.11,SPY230317C00403000,403.0,normalDay
2023-02-23,17688.0,-6126.0,0.0,100,400.66,466.0,0,0.0,0.0,,0.0,1,10.46,6.38,SPY230317C00403000,403.0,normalDay
2023-02-24,17688.0,-6349.0,0.0,100,396.38,466.0,0,0.0,0.0,,0.0,1,10.46,4.33,SPY230317C00403000,403.0,normalDay
2023-02-27,17688.0,-6231.0,0.0,100,397.73,466.0,0,0.0,0.0,,0.0,1,10.46,4.5,SPY230317C00403000,403.0,normalDay
2023-02-28,17688.0,-6275.0,0.0,100,396.26,466.0,0,0.0,0.0,,0.0,1,10.46,3.47,SPY230317C00403000,403.0,normalDay
2023-03-01,17688.0,-6376.0,0.0,100,394.74,466.0,0,0.0,0.0,,0.0,1,10.46,2.96,SPY230317C00403000,403.0,normalDay
2023-03-02,17688.0,-6138.0,0.0,100,397.81,466.0,0,0.0,0.0,,0.0,1,10.46,3.65,SPY230317C00403000,403.0,normalDay
2023-03-03,17688.0,-5780.0,0.0,100,404.19,466.0,0,0.0,0.0,,0.0,1,10.46,6.45,SPY230317C00403000,403.0,normalDay
2023-03-06,17688.0,-5729.0,0.0,100,404.47,466.0,0,0.0,0.0,,0.0,1,10.46,6.22,SPY230317C00403000,403.0,normalDay
2023-03-07,17688.0,-6041.0,0.0,100,398.27,466.0,0,0.0,0.0,,0.0,1,10.46,3.14,SPY230317C00403000,403.0,normalDay
2023-03-08,17688.0,-5966.0,0.0,100,398.92,466.0,0,0.0,0.0,,0.0,1,10.46,3.04,SPY230317C00403000,403.0,normalDay
2023-03-09,17688.0,-6520.0,0.0,100,391.56,466.0,0,0.0,0.0,,0.0,1,10.46,1.22,SPY230317C00403000,403.0,normalDay
2023-03-10,17688.0,-6999.0,0.0,100,385.91,466.0,0,0.0,0.0,,0.0,1,10.46,0.36,SPY230317C00403000,403.0,normalDay
2023-03-13,17688.0,-7055.0,0.0,100,385.36,466.0,0,0.0,0.0,,0.0,1,10.46,0.37,SPY230317C00403000,403.0,normalDay
2023-03-14,17688.0,-6399.0,0.0,100,391.73,466.0,0,0.0,0.0,,0.0,1,10.46,0.18,SPY230317C00403000,403.0,normalDay
2023-03-15,17688.0,-6633.0,0.0,100,389.28,466.0,0,0.0,0.0,,0.0,1,10.46,0.07,SPY230317C00403000,403.0,normalDay
2023-03-16,17688.0,-5950.0,0.0,100,396.11,466.0,0,0.0,0.0,,0.0,1,10.46,0.07,SPY230317C00403000,403.0,normalDay
2023-03-17,18734.0,-7601.0,1046.0,100,389.99,466.0,0,0.0,0.0,,0.0,1,10.46,0.0,SPY230317C00403000,403.0,expirationDay
2023-03-20,18734.0,-7235.0,0.0,100,393.74,466.0,0,0.0,0.0,,0.0,1,7.28,7.37,SPY230428C00402000,402.0,normalDay
2023-03-21,18734.0,-6896.0,0.0,100,398.91,466.0,0,0.0,0.0,,0.0,1,7.28,9.15,SPY230428C00402000,402.0,normalDay
2023-03-22,18734.0,-7253.0,0.0,100,392.11,466.0,0,0.0,0.0,,0.0,1,7.28,5.92,SPY230428C00402000,402.0,normalDay
2023-03-23,18734.0,-7185.0,0.0,100,393.17,466.0,0,0.0,0.0,,0.0,1,7.28,6.3,SPY230428C00402000,402.0,normalDay
2023-03-24,18734.0,-7008.0,0.0,100,395.75,466.0,0,0.0,0.0,,0.0,1,7.28,7.11,SPY230428C00402000,402.0,normalDay
2023-03-27,18734.0,-6896.0,0.0,100,396.49,466.0,0,0.0,0.0,,0.0,1,7.28,6.73,SPY230428C00402000,402.0,normalDay
2023-03-28,18734.0,-6920.0,0.0,100,395.6,466.0,0,0.0,0.0,,0.0,1,7.28,6.08,SPY230428C00402000,402.0,normalDay
2023-03-29,18734.0,-6584.0,0.0,100,401.35,466.0,0,0.0,0.0,,0.0,1,7.28,8.47,SPY230428C00402000,402.0,normalDay
2023-03-30,18734.0,-6461.0,0.0,100,403.7,466.0,0,0.0,0.0,,0.0,1,7.28,9.59,SPY230428C00402000,402.0,normalDay
2023-03-31,18734.0,-6276.0,0.0,100,409.39,466.0,0,0.0,0.0,,0.0,1,7.28,13.43,SPY230428C00402000,402.0,normalDay
2023-04-03,18734.0,-6166.0,0.0,100,410.95,466.0,0,0.0,0.0,,0.0,1,7.28,13.89,SPY230428C00402000,402.0,normalDay
2023-04-04,18734.0,-6220.0,0.0,100,408.67,466.0,0,0.0,0.0,,0.0,1,7.28,12.15,SPY230428C00402000,402.0,normalDay
2023-04-05,18734.0,-6213.0,0.0,100,407.6,466.0,0,0.0,0.0,,0.0,1,7.28,11.01,SPY230428C00402000,402.0,normalDay
2023-04-06,18734.0,-6122.0,0.0,100,409.19,466.0,0,0.0,0.0,,0.0,1,7.28,11.69,SPY230428C00402000,402.0,normalDay
2023-04-10,18734.0,-6102.0,0.0,100,409.61,466.0,0,0.0,0.0,,0.0,1,7.28,11.91,SPY230428C00402000,402.0,normalDay
2023-04-11,18734.0,-6072.0,0.0,100,409.72,466.0,0,0.0,0.0,,0.0,1,7.28,11.72,SPY230428C00402000,402.0,normalDay
2023-04-12,18734.0,-6053.0,0.0,100,408.05,466.0,0,0.0,0.0,,0.0,1,7.28,9.86,SPY230428C00402000,402.0,normalDay
2023-04-13,18734.0,-5898.0,0.0,100,413.47,466.0,0,0.0,0.0,,0.0,1,7.28,13.73,SPY230428C00402000,402.0,normalDay
2023-04-14,18734.0,-5891.0,0.0,100,412.46,466.0,0,0.0,0.0,,0.0,1,7.28,12.65,SPY230428C00402000,402.0,normalDay
2023-04-17,18734.0,-5839.0,0.0,100,413.94,466.0,0,0.0,0.0,,0.0,1,7.28,13.61,SPY230428C00402000,402.0,normalDay
2023-04-18,18734.0,-5801.0,0.0,100,414.21,466.0,0,0.0,0.0,,0.0,1,7.28,13.5,SPY230428C00402000,402.0,normalDay
2023-04-19,18734.0,-5801.0,0.0,100,414.14,466.0,0,0.0,0.0,,0.0,1,7.28,13.43,SPY230428C00402000,402.0,normalDay
2023-04-20,18734.0,-5826.0,0.0,100,411.88,466.0,0,0.0,0.0,,0.0,1,7.28,11.42,SPY230428C00402000,402.0,normalDay
2023-04-21,18734.0,-5758.0,0.0,100,412.2,466.0,0,0.0,0.0,,0.0,1,7.28,11.06,SPY230428C00402000,402.0,normalDay
2023-04-24,18734.0,-5733.0,0.0,100,412.63,466.0,0,0.0,0.0,,0.0,1,7.28,11.24,SPY230428C00402000,402.0,normalDay
2023-04-25,18734.0,-5907.0,0.0,100,406.08,466.0,0,0.0,0.0,,0.0,1,7.28,6.43,SPY230428C00402000,402.0,normalDay
2023-04-26,18734.0,-5821.0,0.0,100,404.36,466.0,0,0.0,0.0,,0.0,1,7.28,3.85,SPY230428C00402000,402.0,normalDay
2023-04-27,18734.0,-5769.0,0.0,100,412.41,466.0,0,0.0,0.0,,0.0,1,7.28,11.38,SPY230428C00402000,402.0,normalDay
2023-04-28,13062.0,-5769.0,-5672.0,0,415.93,0.0,0,0.0,0.0,,0.0,1,7.28,0.0,SPY230428C00402000,402.0,expirationDay
2023-05-01,13062.0,-3.0,0.0,0,415.51,0.0,1,2.84,2.87,SPY230519P00410000,410.0,0,0.0,0.0,,0.0,normalDay
2023-05-02,13062.0,-196.0,0.0,0,410.84,0.0,1,2.84,4.8,SPY230519P00410000,410.0,0,0.0,0.0,,0.0,normalDay
2023-05-03,13062.0,-291.0,0.0,0,408.02,0.0,1,2.84,5.75,SPY230519P00410000,410.0,0,0.0,0.0,,0.0,normalDay
2023-05-04,13062.0,-520.0,0.0,0,405.13,0.0,1,2.84,8.04,SPY230519P00410000,410.0,0,0.0,0.0,,0.0,normalDay
2023-05-05,13062.0,-59.0,0.0,0,412.63,0.0,1,2.84,3.43,SPY230519P00410000,410.0,0,0.0,0.0,,0.0,normalDay
2023-05-08,13062.0,10.0,0.0,0,412.74,0.0,1,2.84,2.74,SPY230519P00410000,410.0,0,0.0,0.0,,0.0,normalDay
2023-05-09,13062.0,-52.0,0.0,0,410.93,0.0,1,2.84,3.36,SPY230519P00410000,410.0,0,0.0,0.0,,0.0,normalDay
2023-05-10,13062.0,73.0,0.0,0,412.85,0.0,1,2.84,2.11,SPY230519P00410000,410.0,0,0.0,0.0,,0.0,normalDay
2023-05-11,13062.0,69.0,0.0,0,412.13,0.0,1,2.84,2.15,SPY230519P00410000,410.0,0,0.0,0.0,,0.0,normalDay
2023-05-12,13062.0,72.0,0.0,0,411.59,0.0,1,2.84,2.12,SPY230519P00410000,410.0,0,0.0,0.0,,0.0,normalDay
2023-05-15,13062.0,171.0,0.0,0,413.01,0.0,1,2.84,1.13,SPY230519P00410000,410.0,0,0.0,0.0,,0.0,normalDay
2023-05-16,13062.0,90.0,0.0,0,410.25,0.0,1,2.84,1.94,SPY230519P00410000,410.0,0,0.0,0.0,,0.0,normalDay
2023-05-17,13062.0,244.0,0.0,0,415.23,0.0,1,2.84,0.4,SPY230519P00410000,410.0,0,0.0,0.0,,0.0,normalDay
2023-05-18,13062.0,276.0,0.0,0,419.23,0.0,1,2.84,0.08,SPY230519P00410000,410.0,0,0.0,0.0,,0.0,normalDay
2023-05-19,13346.0,0.0,284.0,0,418.62,0.0,1,2.84,0.0,SPY230519P00410000,410.0,0,0.0,0.0,,0.0,expirationDay
2023-05-22,13346.0,-3.0,0.0,0,418.79,0.0,1,2.27,2.3,SPY230609P00410000,410.0,0,0.0,0.0,,0.0,normalDay
2023-05-23,13346.0,-142.0,0.0,0,414.09,0.0,1,2.27,3.69,SPY230609P00410000,410.0,0,0.0,0.0,,0.0,normalDay
2023-05-24,13346.0,-264.0,0.0,0,411.09,0.0,1,2.27,4.91,SPY230609P00410000,410.0,0,0.0,0.0,,0.0,normalDay
2023-05-25,13346.0,-114.0,0.0,0,414.65,0.0,1,2.27,3.41,SPY230609P00410000,410.0,0,0.0,0.0,,0.0,normalDay
2023-05-26,13346.0,44.0,0.0,0,420.02,0.0,1,2.27,1.83,SPY230609P00410000,410.0,0,0.0,0.0,,0.0,normalDay
2023-05-30,13346.0,113.0,0.0,0,420.18,0.0,1,2.27,1.14,SPY230609P00410000,410.0,0,0.0,0.0,,0.0,normalDay
2023-05-31,13346.0,101.0,0.0,0,417.85,0.0,1,2.27,1.26,SPY230609P00410000,410.0,0,0.0,0.0,,0.0,normalDay
2023-06-01,13346.0,185.0,0.0,0,421.82,0.0,1,2.27,0.42,SPY230609P00410000,410.0,0,0.0,0.0,,0.0,normalDay
2023-06-02,13346.0,216.0,0.0,0,427.92,0.0,1,2.27,0.11,SPY230609P00410000,410.0,0,0.0,0.0,,0.0,normalDay
2023-06-05,13346.0,221.0,0.0,0,427.1,0.0,1,2.27,0.06,SPY230609P00410000,410.0,0,0.0,0.0,,0.0,normalDay
2023-06-06,13346.0,221.0,0.0,0,428.03,0.0,1,2.27,0.06,SPY230609P00410000,410.0,0,0.0,0.0,,0.0,normalDay
2023-06-07,13346.0,223.0,0.0,0,426.55,0.0,1,2.27,0.04,SPY230609P00410000,410.0,0,0.0,0.0,,0.0,normalDay
2023-06-08,13346.0,224.0,0.0,0,429.13,0.0,1,2.27,0.03,SPY230609P00410000,410.0,0,0.0,0.0,,0.0,normalDay
2023-06-09,13573.0,0.0,227.0,0,429.9,0.0,1,2.27,0.0,SPY230609P00410000,410.0,0,0.0,0.0,,0.0,expirationDay
2023-06-12,13573.0,-3.0,0.0,0,433.8,0.0,1,1.08,1.11,SPY230630P00417000,417.0,0,0.0,0.0,,0.0,normalDay
2023-06-13,13573.0,35.0,0.0,0,436.66,0.0,1,1.08,0.73,SPY230630P00417000,417.0,0,0.0,0.0,,0.0,normalDay
2023-06-14,13573.0,57.0,0.0,0,437.18,0.0,1,1.08,0.51,SPY230630P00417000,417.0,0,0.0,0.0,,0.0,normalDay
2023-06-15,13573.0,68.0,0.0,0,442.6,0.0,1,1.08,0.4,SPY230630P00417000,417.0,0,0.0,0.0,,0.0,normalDay
2023-06-16,13573.0,84.0,0.0,0,439.46,0.0,1,1.08,0.24,SPY230630P00417000,417.0,0,0.0,0.0,,0.0,normalDay
2023-06-20,13573.0,89.0,0.0,0,437.18,0.0,1,1.08,0.19,SPY230630P00417000,417.0,0,0.0,0.0,,0.0,normalDay
2023-06-21,13573.0,91.0,0.0,0,434.94,0.0,1,1.08,0.17,SPY230630P00417000,417.0,0,0.0,0.0,,0.0,normalDay
2023-06-22,13573.0,99.0,0.0,0,436.51,0.0,1,1.08,0.09,SPY230630P00417000,417.0,0,0.0,0.0,,0.0,normalDay
2023-06-23,13573.0,95.0,0.0,0,433.21,0.0,1,1.08,0.13,SPY230630P00417000,417.0,0,0.0,0.0,,0.0,normalDay
2023-06-26,13573.0,96.0,0.0,0,431.44,0.0,1,1.08,0.12,SPY230630P00417000,417.0,0,0.0,0.0,,0.0,normalDay
2023-06-27,13573.0,101.0,0.0,0,436.17,0.0,1,1.08,0.07,SPY230630P00417000,417.0,0,0.0,0.0,,0.0,normalDay
2023-06-28,13573.0,105.0,0.0,0,436.39,0.0,1,1.08,0.03,SPY230630P00417000,417.0,0,0.0,0.0,,0.0,normalDay
2023-06-29,13573.0,105.0,0.0,0,438.11,0.0,1,1.08,0.03,SPY230630P00417000,417.0,0,0.0,0.0,,0.0,normalDay
2023-06-30,13681.0,0.0,108.0,0,443.28,0.0,1,1.08,0.0,SPY230630P00417000,417.0,0,0.0,0.0,,0.0,expirationDay
2023-07-03,13681.0,-5.0,0.0,0,443.79,0.0,1,0.96,1.01,SPY230721P00432000,432.0,0,0.0,0.0,,0.0,normalDay
2023-07-05,13681.0,-9.0,0.0,0,443.13,0.0,1,0.96,1.05,SPY230721P00432000,432.0,0,0.0,0.0,,0.0,normalDay
2023-07-06,13681.0,-76.0,0.0,0,439.66,0.0,1,0.96,1.72,SPY230721P00432000,432.0,0,0.0,0.0,,0.0,normalDay
2023-07-07,13681.0,-53.0,0.0,0,438.55,0.0,1,0.96,1.49,SPY230721P00432000,432.0,0,0.0,0.0,,0.0,normalDay
2023-07-10,13681.0,-22.0,0.0,0,439.66,0.0,1,0.96,1.18,SPY230721P00432000,432.0,0,0.0,0.0,,0.0,normalDay
2023-07-11,13681.0,16.0,0.0,0,442.46,0.0,1,0.96,0.8,SPY230721P00432000,432.0,0,0.0,0.0,,0.0,normalDay
2023-07-12,13681.0,70.0,0.0,0,446.02,0.0,1,0.96,0.26,SPY230721P00432000,432.0,0,0.0,0.0,,0.0,normalDay
2023-07-13,13681.0,77.0,0.0,0,449.56,0.0,1,0.96,0.19,SPY230721P00432000,432.0,0,0.0,0.0,,0.0,normalDay
2023-07-14,13681.0,84.0,0.0,0,449.28,0.0,1,0.96,0.12,SPY230721P00432000,432.0,0,0.0,0.0,,0.0,normalDay
2023-07-17,13681.0,90.0,0.0,0,450.84,0.0,1,0.96,0.06,SPY230721P00432000,432.0,0,0.0,0.0,,0.0,normalDay
2023-07-18,13681.0,90.0,0.0,0,454.19,0.0,1,0.96,0.06,SPY230721P00432000,432.0,0,0.0,0.0,,0.0,normalDay
2023-07-19,13681.0,92.0,0.0,0,455.2,0.0,1,0.96,0.04,SPY230721P00432000,432.0,0,0.0,0.0,,0.0,normalDay
2023-07-20,13681.0,93.0,0.0,0,452.18,0.0,1,0.96,0.03,SPY230721P00432000,432.0,0,0.0,0.0,,0.0,normalDay
2023-07-21,13777.0,0.0,96.0,0,452.18,0.0,1,0.96,0.0,SPY230721P00432000,432.0,0,0.0,0.0,,0.0,expirationDay
2023-07-24,13777.0,-3.0,0.0,0,454.2,0.0,1,1.07,1.1,SPY230811P00441000,441.0,0,0.0,0.0,,0.0,normalDay
2023-07-25,13777.0,13.0,0.0,0,455.44,0.0,1,1.07,0.94,SPY230811P00441000,441.0,0,0.0,0.0,,0.0,normalDay
2023-07-26,13777.0,39.0,0.0,0,455.51,0.0,1,1.07,0.68,SPY230811P00441000,441.0,0,0.0,0.0,,0.0,normalDay
2023-07-27,13777.0,-7.0,0.0,0,452.49,0.0,1,1.07,1.14,SPY230811P00441000,441.0,0,0.0,0.0,,0.0,normalDay
2023-07-28,13777.0,60.0,0.0,0,456.92,0.0,1,1.07,0.47,SPY230811P00441000,441.0,0,0.0,0.0,,0.0,normalDay
2023-07-31,13777.0,71.0,0.0,0,457.79,0.0,1,1.07,0.36,SPY230811P00441000,441.0,0,0.0,0.0,,0.0,normalDay
2023-08-01,13777.0,69.0,0.0,0,456.48,0.0,1,1.07,0.38,SPY230811P00441000,441.0,0,0.0,0.0,,0.0,normalDay
2023-08-02,13777.0,-5.0,0.0,0,450.13,0.0,1,1.07,1.12,SPY230811P00441000,441.0,0,0.0,0.0,,0.0,normalDay
2023-08-03,13777.0,10.0,0.0,0,448.84,0.0,1,1.07,0.97,SPY230811P00441000,441.0,0,0.0,0.0,,0.0,normalDay
2023-08-04,13777.0,-37.0,0.0,0,446.81,0.0,1,1.07,1.44,SPY230811P00441000,441.0,0,0.0,0.0,,0.0,normalDay
2023-08-07,13777.0,69.0,0.0,0,450.71,0.0,1,1.07,0.38,SPY230811P00441000,441.0,0,0.0,0.0,,0.0,normalDay
2023-08-08,13777.0,65.0,0.0,0,448.75,0.0,1,1.07,0.42,SPY230811P00441000,441.0,0,0.0,0.0,,0.0,normalDay
2023-08-09,13777.0,38.0,0.0,0,445.75,0.0,1,1.07,0.69,SPY230811P00441000,441.0,0,0.0,0.0,,0.0,normalDay
2023-08-10,13777.0,76.0,0.0,0,445.91,0.0,1,1.07,0.31,SPY230811P00441000,441.0,0,0.0,0.0,,0.0,normalDay
2023-08-11,13884.0,0.0,107.0,0,445.65,0.0,1,1.07,0.0,SPY230811P00441000,441.0,0,0.0,0.0,,0.0,expirationDay
2023-08-14,13884.0,-3.0,0.0,0,448.11,0.0,1,5.38,5.41,SPY230901P00450000,450.0,0,0.0,0.0,,0.0,normalDay
2023-08-15,13884.0,-344.0,0.0,0,442.89,0.0,1,5.38,8.82,SPY230901P00450000,450.0,0,0.0,0.0,,0.0,normalDay
2023-08-16,13884.0,-555.0,0.0,0,439.64,0.0,1,5.38,10.93,SPY230901P00450000,450.0,0,0.0,0.0,,0.0,normalDay
2023-08-17,13884.0,-873.0,0.0,0,436.29,0.0,1,5.38,14.11,SPY230901P00450000,450.0,0,0.0,0.0,,0.0,normalDay
2023-08-18,13884.0,-833.0,0.0,0,436.5,0.0,1,5.38,13.71,SPY230901P00450000,450.0,0,0.0,0.0,,0.0,normalDay
2023-08-21,13884.0,-597.0,0.0,0,439.34,0.0,1,5.38,11.35,SPY230901P00450000,450.0,0,0.0,0.0,,0.0,normalDay
2023-08-22,13884.0,-669.0,0.0,0,438.15,0.0,1,5.38,12.07,SPY230901P00450000,450.0,0,0.0,0.0,,0.0,normalDay
2023-08-23,13884.0,-237.0,0.0,0,443.03,0.0,1,5.38,7.75,SPY230901P00450000,450.0,0,0.0,0.0,,0.0,normalDay
2023-08-24,13884.0,-791.0,0.0,0,436.89,0.0,1,5.38,13.29,SPY230901P00450000,450.0,0,0.0,0.0,,0.0,normalDay
2023-08-25,13884.0,-480.0,0.0,0,439.97,0.0,1,5.38,10.18,SPY230901P00450000,450.0,0,0.0,0.0,,0.0,normalDay
2023-08-28,13884.0,-200.0,0.0,0,442.76,0.0,1,5.38,7.38,SPY230901P00450000,450.0,0,0.0,0.0,,0.0,normalDay
2023-08-29,13884.0,291.0,0.0,0,449.16,0.0,1,5.38,2.47,SPY230901P00450000,450.0,0,0.0,0.0,,0.0,normalDay
2023-08-30,13884.0,409.0,0.0,0,451.01,0.0,1,5.38,1.29,SPY230901P00450000,450.0,0,0.0,0.0,,0.0,normalDay
2023-08-31,13884.0,439.0,0.0,0,450.35,0.0,1,5.38,0.99,SPY230901P00450000,450.0,0,0.0,0.0,,0.0,normalDay
2023-09-01,14422.0,0.0,538.0,0,451.19,0.0,1,5.38,0.0,SPY230901P00450000,450.0,0,0.0,0.0,,0.0,expirationDay
2023-09-05,14422.0,-3.0,0.0,0,449.24,0.0,1,2.12,2.15,SPY230922P00441000,441.0,0,0.0,0.0,,0.0,normalDay
2023-09-06,14422.0,-85.0,0.0,0,446.22,0.0,1,2.12,2.97,SPY230922P00441000,441.0,0,0.0,0.0,,0.0,normalDay
2023-09-07,14422.0,-116.0,0.0,0,444.85,0.0,1,2.12,3.28,SPY230922P00441000,441.0,0,0.0,0.0,,0.0,normalDay
2023-09-08,14422.0,-40.0,0.0,0,445.52,0.0,1,2.12,2.52,SPY230922P00441000,441.0,0,0.0,0.0,,0.0,normalDay
2023-09-11,14422.0,56.0,0.0,0,448.45,0.0,1,2.12,1.56,SPY230922P00441000,441.0,0,0.0,0.0,,0.0,normalDay
2023-09-12,14422.0,-4.0,0.0,0,445.99,0.0,1,2.12,2.16,SPY230922P00441000,441.0,0,0.0,0.0,,0.0,normalDay
2023-09-13,14422.0,61.0,0.0,0,446.51,0.0,1,2.12,1.51,SPY230922P00441000,441.0,0,0.0,0.0,,0.0,normalDay
2023-09-14,14422.0,155.0,0.0,0,450.36,0.0,1,2.12,0.57,SPY230922P00441000,441.0,0,0.0,0.0,,0.0,normalDay
2023-09-15,14422.0,47.0,0.0,0,443.37,0.0,1,2.12,1.65,SPY230922P00441000,441.0,0,0.0,0.0,,0.0,normalDay
2023-09-18,14422.0,78.0,0.0,0,443.63,0.0,1,2.12,1.34,SPY230922P00441000,441.0,0,0.0,0.0,,0.0,normalDay
2023-09-19,14422.0,63.0,0.0,0,442.71,0.0,1,2.12,1.49,SPY230922P00441000,441.0,0,0.0,0.0,,0.0,normalDay
2023-09-20,14422.0,-125.0,0.0,0,438.64,0.0,1,2.12,3.37,SPY230922P00441000,441.0,0,0.0,0.0,,0.0,normalDay
2023-09-21,14422.0,-770.0,0.0,0,431.39,0.0,1,2.12,9.82,SPY230922P00441000,441.0,0,0.0,0.0,,0.0,normalDay
2023-09-22,14634.0,-1058.0,212.0,100,430.42,441.0,1,2.12,0.0,SPY230922P00441000,441.0,0,0.0,0.0,,0.0,expirationDay
2023-09-25,14634.0,-880.0,0.0,100,432.23,441.0,0,0.0,0.0,,0.0,1,2.68,2.71,SPY231117C00452000,452.0,normalDay
2023-09-26,14634.0,-1425.0,0.0,100,425.88,441.0,0,0.0,0.0,,0.0,1,2.68,1.81,SPY231117C00452000,452.0,normalDay
2023-09-27,14634.0,-1389.0,0.0,100,426.05,441.0,0,0.0,0.0,,0.0,1,2.68,1.62,SPY231117C00452000,452.0,normalDay
2023-09-28,14634.0,-1156.0,0.0,100,428.52,441.0,0,0.0,0.0,,0.0,1,2.68,1.76,SPY231117C00452000,452.0,normalDay
2023-09-29,14634.0,-1250.0,0.0,100,427.48,441.0,0,0.0,0.0,,0.0,1,2.68,1.66,SPY231117C00452000,452.0,normalDay
2023-10-02,14634.0,-1249.0,0.0,100,427.31,441.0,0,0.0,0.0,,0.0,1,2.68,1.48,SPY231117C00452000,452.0,normalDay
2023-10-03,14634.0,-1774.0,0.0,100,421.59,441.0,0,0.0,0.0,,0.0,1,2.68,1.01,SPY231117C00452000,452.0,normalDay
2023-10-04,14634.0,-1482.0,0.0,100,424.66,441.0,0,0.0,0.0,,0.0,1,2.68,1.16,SPY231117C00452000,452.0,normalDay
2023-10-05,14634.0,-1482.0,0.0,100,424.5,441.0,0,0.0,0.0,,0.0,1,2.68,1.0,SPY231117C00452000,452.0,normalDay
2023-10-06,14634.0,-1048.0,0.0,100,429.54,441.0,0,0.0,0.0,,0.0,1,2.68,1.7,SPY231117C00452000,452.0,normalDay
2023-10-09,14634.0,-806.0,0.0,100,432.29,441.0,0,0.0,0.0,,0.0,1,2.68,2.03,SPY231117C00452000,452.0,normalDay
2023-10-10,14634.0,-603.0,0.0,100,434.54,441.0,0,0.0,0.0,,0.0,1,2.68,2.25,SPY231117C00452000,452.0,normalDay
2023-10-11,14634.0,-444.0,0.0,100,436.32,441.0,0,0.0,0.0,,0.0,1,2.68,2.44,SPY231117C00452000,452.0,normalDay
2023-10-12,14634.0,-624.0,0.0,100,433.66,441.0,0,0.0,0.0,,0.0,1,2.68,1.58,SPY231117C00452000,452.0,normalDay
2023-10-13,14634.0,-811.0,0.0,100,431.5,441.0,0,0.0,0.0,,0.0,1,2.68,1.29,SPY231117C00452000,452.0,normalDay
2023-10-16,14634.0,-408.0,0.0,100,436.04,441.0,0,0.0,0.0,,0.0,1,2.68,1.8,SPY231117C00452000,452.0,normalDay
2023-10-17,14634.0,-402.0,0.0,100,436.02,441.0,0,0.0,0.0,,0.0,1,2.68,1.72,SPY231117C00452000,452.0,normalDay
2023-10-18,14634.0,-909.0,0.0,100,430.21,441.0,0,0.0,0.0,,0.0,1,2.68,0.98,SPY231117C00452000,452.0,normalDay
2023-10-19,14634.0,-1246.0,0.0,100,426.43,441.0,0,0.0,0.0,,0.0,1,2.68,0.57,SPY231117C00452000,452.0,normalDay
2023-10-20,14634.0,-1744.0,0.0,100,421.19,441.0,0,0.0,0.0,,0.0,1,2.68,0.31,SPY231117C00452000,452.0,normalDay
2023-10-23,14634.0,-1807.0,0.0,100,420.46,441.0,0,0.0,0.0,,0.0,1,2.68,0.21,SPY231117C00452000,452.0,normalDay
2023-10-24,14634.0,-1493.0,0.0,100,423.63,441.0,0,0.0,0.0,,0.0,1,2.68,0.24,SPY231117C00452000,452.0,normalDay
2023-10-25,14634.0,-2088.0,0.0,100,417.55,441.0,0,0.0,0.0,,0.0,1,2.68,0.11,SPY231117C00452000,452.0,normalDay
2023-10-26,14634.0,-2584.0,0.0,100,412.55,441.0,0,0.0,0.0,,0.0,1,2.68,0.07,SPY231117C00452000,452.0,normalDay
2023-10-27,14634.0,-2769.0,0.0,100,410.68,441.0,0,0.0,0.0,,0.0,1,2.68,0.05,SPY231117C00452000,452.0,normalDay
2023-10-30,14634.0,-2278.0,0.0,100,415.59,441.0,0,0.0,0.0,,0.0,1,2.68,0.05,SPY231117C00452000,452.0,normalDay
2023-10-31,14634.0,-2016.0,0.0,100,418.2,441.0,0,0.0,0.0,,0.0,1,2.68,0.04,SPY231117C00452000,452.0,normalDay
2023-11-01,14634.0,-1572.0,0.0,100,422.66,441.0,0,0.0,0.0,,0.0,1,2.68,0.06,SPY231117C00452000,452.0,normalDay
2023-11-02,14634.0,-769.0,0.0,100,430.76,441.0,0,0.0,0.0,,0.0,1,2.68,0.13,SPY231117C00452000,452.0,normalDay
2023-11-03,14634.0,-386.0,0.0,100,434.69,441.0,0,0.0,0.0,,0.0,1,2.68,0.23,SPY231117C00452000,452.0,normalDay
2023-11-06,14634.0,-276.0,0.0,100,435.69,441.0,0,0.0,0.0,,0.0,1,2.68,0.13,SPY231117C00452000,452.0,normalDay
2023-11-07,14634.0,-155.0,0.0,100,436.93,441.0,0,0.0,0.0,,0.0,1,2.68,0.16,SPY231117C00452000,452.0,normalDay
2023-11-08,14634.0,-118.0,0.0,100,437.25,441.0,0,0.0,0.0,,0.0,1,2.68,0.11,SPY231117C00452000,452.0,normalDay
2023-11-09,14634.0,-452.0,0.0,100,433.84,441.0,0,0.0,0.0,,0.0,1,2.68,0.04,SPY231117C00452000,452.0,normalDay
2023-11-10,14634.0,214.0,0.0,100,440.61,441.0,0,0.0,0.0,,0.0,1,2.68,0.15,SPY231117C00452000,452.0,normalDay
2023-11-13,14634.0,177.0,0.0,100,440.19,441.0,0,0.0,0.0,,0.0,1,2.68,0.1,SPY231117C00452000,452.0,normalDay
2023-11-14,14634.0,931.0,0.0,100,448.73,441.0,0,0.0,0.0,,0.0,1,2.68,1.1,SPY231117C00452000,452.0,normalDay
2023-11-15,14634.0,1060.0,0.0,100,449.68,441.0,0,0.0,0.0,,0.0,1,2.68,0.76,SPY231117C00452000,452.0,normalDay
2023-11-16,14634.0,1142.0,0.0,100,450.23,441.0,0,0.0,0.0,,0.0,1,2.68,0.49,SPY231117C00452000,452.0,normalDay
2023-11-17,14902.0,979.0,268.0,100,450.79,441.0,0,0.0,0.0,,0.0,1,2.68,0.0,SPY231117C00452000,452.0,expirationDay
2023-11-20,14902.0,1319.0,0.0,100,454.26,441.0,0,0.0,0.0,,0.0,1,9.8,9.87,SPY231229C00450000,450.0,normalDay
2023-11-21,14902.0,1331.0,0.0,100,453.27,441.0,0,0.0,0.0,,0.0,1,9.8,8.76,SPY231229C00450000,450.0,normalDay
2023-11-22,14902.0,1387.0,0.0,100,455.02,441.0,0,0.0,0.0,,0.0,1,9.8,9.95,SPY231229C00450000,450.0,normalDay
2023-11-24,14902.0,1435.0,0.0,100,455.3,441.0,0,0.0,0.0,,0.0,1,9.8,9.75,SPY231229C00450000,450.0,normalDay
2023-11-27,14902.0,1425.0,0.0,100,454.48,441.0,0,0.0,0.0,,0.0,1,9.8,9.03,SPY231229C00450000,450.0,normalDay
2023-11-28,14902.0,1457.0,0.0,100,454.93,441.0,0,0.0,0.0,,0.0,1,9.8,9.16,SPY231229C00450000,450.0,normalDay
2023-11-29,14902.0,1411.0,0.0,100,454.61,441.0,0,0.0,0.0,,0.0,1,9.8,9.3,SPY231229C00450000,450.0,normalDay
2023-11-30,14902.0,1531.0,0.0,100,456.4,441.0,0,0.0,0.0,,0.0,1,9.8,9.89,SPY231229C00450000,450.0,normalDay
