date,totalCapital,unrializedPnL,rializedPnL,stocksOwned,stocksPriceToday,stocksPriceBoughtAt,putOwned,putOwnedSoldAt,putPriceToday,putOwnedContract,putOwnedStrike,callOwned,callOwnedSoldAt,callPriceToday,callOwnedContract,callOwnedStrike,trackType
2018-11-01,0.0,-11.0,0.0,0,273.51,0.0,1,10.89,11.0,SPY190315P00273000,273.0,0,0.0,0.0,,0.0,normalDay
2018-11-02,0.0,-72.0,0.0,0,271.89,0.0,1,10.89,11.61,SPY190315P00273000,273.0,0,0.0,0.0,,0.0,normalDay
2018-11-05,0.0,21.0,0.0,0,273.39,0.0,1,10.89,10.68,SPY190315P00273000,273.0,0,0.0,0.0,,0.0,normalDay
2018-11-06,0.0,107.0,0.0,0,275.12,0.0,1,10.89,9.82,SPY190315P00273000,273.0,0,0.0,0.0,,0.0,normalDay
2018-11-07,0.0,373.0,0.0,0,281.01,0.0,1,10.89,7.16,SPY190315P00273000,273.0,0,0.0,0.0,,0.0,normalDay
2018-11-08,0.0,376.0,0.0,0,280.5,0.0,1,10.89,7.13,SPY190315P00273000,273.0,0,0.0,0.0,,0.0,normalDay
2018-11-09,0.0,257.0,0.0,0,277.76,0.0,1,10.89,8.32,SPY190315P00273000,273.0,0,0.0,0.0,,0.0,normalDay
2018-11-12,0.0,25.0,0.0,0,272.57,0.0,1,10.89,10.64,SPY190315P00273000,273.0,0,0.0,0.0,,0.0,normalDay
2018-11-13,0.0,-16.0,0.0,0,272.06,0.0,1,10.89,11.05,SPY190315P00273000,273.0,0,0.0,0.0,,0.0,normalDay
2018-11-14,0.0,-145.0,0.0,0,270.2,0.0,1,10.89,12.34,SPY190315P00273000,273.0,0,0.0,0.0,,0.0,normalDay
2018-11-15,0.0,11.0,0.0,0,273.02,0.0,1,10.89,10.78,SPY190315P00273000,273.0,0,0.0,0.0,,0.0,normalDay
2018-11-16,0.0,93.0,0.0,0,273.73,0.0,1,10.89,9.96,SPY190315P00273000,273.0,0,0.0,0.0,,0.0,normalDay
2018-11-19,0.0,-148.0,0.0,0,269.1,0.0,1,10.89,12.37,SPY190315P00273000,273.0,0,0.0,0.0,,0.0,normalDay
2018-11-20,0.0,-479.0,0.0,0,264.12,0.0,1,10.89,15.68,SPY190315P00273000,273.0,0,0.0,0.0,,0.0,normalDay
2018-11-21,0.0,-391.0,0.0,0,265.02,0.0,1,10.89,14.8,SPY190315P00273000,273.0,0,0.0,0.0,,0.0,normalDay
2018-11-23,0.0,-502.0,0.0,0,263.25,0.0,1,10.89,15.91,SPY190315P00273000,273.0,0,0.0,0.0,,0.0,normalDay
2018-11-26,0.0,-166.0,0.0,0,267.5,0.0,1,10.89,12.55,SPY190315P00273000,273.0,0,0.0,0.0,,0.0,normalDay
2018-11-27,0.0,-134.0,0.0,0,268.4,0.0,1,10.89,12.23,SPY190315P00273000,273.0,0,0.0,0.0,,0.0,normalDay
2018-11-28,0.0,143.0,0.0,0,274.58,0.0,1,10.89,9.46,SPY190315P00273000,273.0,0,0.0,0.0,,0.0,normalDay
2018-11-29,0.0,129.0,0.0,0,273.98,0.0,1,10.89,9.6,SPY190315P00273000,273.0,0,0.0,0.0,,0.0,normalDay
2018-11-30,0.0,224.0,0.0,0,275.65,0.0,1,10.89,8.65,SPY190315P00273000,273.0,0,0.0,0.0,,0.0,normalDay
2018-12-03,0.0,392.0,0.0,0,279.3,0.0,1,10.89,6.97,SPY190315P00273000,273.0,0,0.0,0.0,,0.0,normalDay
2018-12-04,0.0,-49.0,0.0,0,270.25,0.0,1,10.89,11.38,SPY190315P00273000,273.0,0,0.0,0.0,,0.0,normalDay
2018-12-06,0.0,-77.0,0.0,0,269.84,0.0,1,10.89,11.66,SPY190315P00273000,273.0,0,0.0,0.0,,0.0,normalDay
2018-12-07,0.0,-485.0,0.0,0,263.57,0.0,1,10.89,15.74,SPY190315P00273000,273.0,0,0.0,0.0,,0.0,normalDay
2018-12-10,0.0,-395.0,0.0,0,264.07,0.0,1,10.89,14.84,SPY190315P00273000,273.0,0,0.0,0.0,,0.0,normalDay
2018-12-11,0.0,-390.0,0.0,0,264.13,0.0,1,10.89,14.79,SPY190315P00273000,273.0,0,0.0,0.0,,0.0,normalDay
2018-12-12,0.0,-337.0,0.0,0,265.46,0.0,1,10.89,14.26,SPY190315P00273000,273.0,0,0.0,0.0,,0.0,normalDay
2018-12-13,0.0,-329.0,0.0,0,265.37,0.0,1,10.89,14.18,SPY190315P00273000,273.0,0,0.0,0.0,,0.0,normalDay
2018-12-14,0.0,-645.0,0.0,0,260.47,0.0,1,10.89,17.34,SPY190315P00273000,273.0,0,0.0,0.0,,0.0,normalDay
2018-12-17,0.0,-1015.0,0.0,0,255.36,0.0,1,10.89,21.04,SPY190315P00273000,273.0,0,0.0,0.0,,0.0,normalDay
2018-12-18,0.0,-1112.0,0.0,0,255.08,0.0,1,10.89,22.01,SPY190315P00273000,273.0,0,0.0,0.0,,0.0,normalDay
2018-12-19,0.0,-1358.0,0.0,0,251.26,0.0,1,10.89,24.47,SPY190315P00273000,273.0,0,0.0,0.0,,0.0,normalDay
2018-12-20,0.0,-1672.0,0.0,0,247.17,0.0,1,10.89,27.61,SPY190315P00273000,273.0,0,0.0,0.0,,0.0,normalDay
2018-12-21,0.0,-2259.0,0.0,0,240.7,0.0,1,10.89,33.48,SPY190315P00273000,273.0,0,0.0,0.0,,0.0,normalDay
2018-12-24,0.0,-3031.0,0.0,0,234.34,0.0,1,10.89,41.2,SPY190315P00273000,273.0,0,0.0,0.0,,0.0,normalDay
2018-12-26,0.0,-1688.0,0.0,0,246.18,0.0,1,10.89,27.77,SPY190315P00273000,273.0,0,0.0,0.0,,0.0,normalDay
2018-12-27,0.0,-1511.0,0.0,0,248.07,0.0,1,10.89,26.0,SPY190315P00273000,273.0,0,0.0,0.0,,0.0,normalDay
2018-12-28,0.0,-1573.0,0.0,0,247.75,0.0,1,10.89,26.62,SPY190315P00273000,273.0,0,0.0,0.0,,0.0,normalDay
2018-12-31,0.0,-1359.0,0.0,0,249.92,0.0,1,10.89,24.48,SPY190315P00273000,273.0,0,0.0,0.0,,0.0,normalDay
2019-01-02,0.0,-1292.0,0.0,0,250.18,0.0,1,10.89,23.81,SPY190315P00273000,273.0,0,0.0,0.0,,0.0,normalDay
2019-01-03,0.0,-1868.0,0.0,0,244.21,0.0,1,10.89,29.57,SPY190315P00273000,273.0,0,0.0,0.0,,0.0,normalDay
2019-01-04,0.0,-1092.0,0.0,0,252.39,0.0,1,10.89,21.81,SPY190315P00273000,273.0,0,0.0,0.0,,0.0,normalDay
2019-01-07,0.0,-929.0,0.0,0,254.38,0.0,1,10.89,20.18,SPY190315P00273000,273.0,0,0.0,0.0,,0.0,normalDay
2019-01-08,0.0,-708.0,0.0,0,256.77,0.0,1,10.89,17.97,SPY190315P00273000,273.0,0,0.0,0.0,,0.0,normalDay
2019-01-09,0.0,-599.0,0.0,0,257.97,0.0,1,10.89,16.88,SPY190315P00273000,273.0,0,0.0,0.0,,0.0,normalDay
2019-01-10,0.0,-513.0,0.0,0,258.88,0.0,1,10.89,16.02,SPY190315P00273000,273.0,0,0.0,0.0,,0.0,normalDay
2019-01-11,0.0,-472.0,0.0,0,258.98,0.0,1,10.89,15.61,SPY190315P00273000,273.0,0,0.0,0.0,,0.0,normalDay
2019-01-14,0.0,-591.0,0.0,0,257.4,0.0,1,10.89,16.8,SPY190315P00273000,273.0,0,0.0,0.0,,0.0,normalDay
2019-01-15,0.0,-337.0,0.0,0,260.35,0.0,1,10.89,14.26,SPY190315P00273000,273.0,0,0.0,0.0,,0.0,normalDay
2019-01-16,0.0,-288.0,0.0,0,260.98,0.0,1,10.89,13.77,SPY190315P00273000,273.0,0,0.0,0.0,,0.0,normalDay
2019-01-17,0.0,-130.0,0.0,0,262.96,0.0,1,10.89,12.19,SPY190315P00273000,273.0,0,0.0,0.0,,0.0,normalDay
2019-01-18,0.0,93.0,0.0,0,266.46,0.0,1,10.89,9.96,SPY190315P00273000,273.0,0,0.0,0.0,,0.0,normalDay
2019-01-22,0.0,-160.0,0.0,0,262.86,0.0,1,10.89,12.49,SPY190315P00273000,273.0,0,0.0,0.0,,0.0,normalDay
2019-01-23,0.0,-136.0,0.0,0,263.41,0.0,1,10.89,12.25,SPY190315P00273000,273.0,0,0.0,0.0,,0.0,normalDay
2019-01-24,0.0,-131.0,0.0,0,263.55,0.0,1,10.89,12.2,SPY190315P00273000,273.0,0,0.0,0.0,,0.0,normalDay
2019-01-25,0.0,83.0,0.0,0,265.78,0.0,1,10.89,10.06,SPY190315P00273000,273.0,0,0.0,0.0,,0.0,normalDay
2019-01-28,0.0,-60.0,0.0,0,263.76,0.0,1,10.89,11.49,SPY190315P00273000,273.0,0,0.0,0.0,,0.0,normalDay
2019-01-29,0.0,-101.0,0.0,0,263.41,0.0,1,10.89,11.9,SPY190315P00273000,273.0,0,0.0,0.0,,0.0,normalDay
2019-01-30,0.0,210.0,0.0,0,267.58,0.0,1,10.89,8.79,SPY190315P00273000,273.0,0,0.0,0.0,,0.0,normalDay
2019-01-31,0.0,410.0,0.0,0,269.93,0.0,1,10.89,6.79,SPY190315P00273000,273.0,0,0.0,0.0,,0.0,normalDay
2019-02-01,0.0,419.0,0.0,0,270.06,0.0,1,10.89,6.7,SPY190315P00273000,273.0,0,0.0,0.0,,0.0,normalDay
2019-02-04,0.0,543.0,0.0,0,271.96,0.0,1,10.89,5.46,SPY190315P00273000,273.0,0,0.0,0.0,,0.0,normalDay
2019-02-05,0.0,591.0,0.0,0,273.1,0.0,1,10.89,4.98,SPY190315P00273000,273.0,0,0.0,0.0,,0.0,normalDay
2019-02-06,0.0,594.0,0.0,0,272.74,0.0,1,10.89,4.95,SPY190315P00273000,273.0,0,0.0,0.0,,0.0,normalDay
2019-02-07,0.0,456.0,0.0,0,270.14,0.0,1,10.89,6.33,SPY190315P00273000,273.0,0,0.0,0.0,,0.0,normalDay
2019-02-08,0.0,482.0,0.0,0,270.47,0.0,1,10.89,6.07,SPY190315P00273000,273.0,0,0.0,0.0,,0.0,normalDay
2019-02-11,0.0,507.0,0.0,0,270.62,0.0,1,10.89,5.82,SPY190315P00273000,273.0,0,0.0,0.0,,0.0,normalDay
2019-02-12,0.0,698.0,0.0,0,274.1,0.0,1,10.89,3.91,SPY190315P00273000,273.0,0,0.0,0.0,,0.0,normalDay
2019-02-13,0.0,725.0,0.0,0,274.99,0.0,1,10.89,3.64,SPY190315P00273000,273.0,0,0.0,0.0,,0.0,normalDay
2019-02-14,0.0,695.0,0.0,0,274.38,0.0,1,10.89,3.94,SPY190315P00273000,273.0,0,0.0,0.0,,0.0,normalDay
2019-02-15,0.0,835.0,0.0,0,277.37,0.0,1,10.89,2.54,SPY190315P00273000,273.0,0,0.0,0.0,,0.0,normalDay
2019-02-19,0.0,865.0,0.0,0,277.85,0.0,1,10.89,2.24,SPY190315P00273000,273.0,0,0.0,0.0,,0.0,normalDay
2019-02-20,0.0,909.0,0.0,0,278.41,0.0,1,10.89,1.8,SPY190315P00273000,273.0,0,0.0,0.0,,0.0,normalDay
2019-02-21,0.0,882.0,0.0,0,277.42,0.0,1,10.89,2.07,SPY190315P00273000,273.0,0,0.0,0.0,,0.0,normalDay
2019-02-22,0.0,947.0,0.0,0,279.14,0.0,1,10.89,1.42,SPY190315P00273000,273.0,0,0.0,0.0,,0.0,normalDay
2019-02-25,0.0,957.0,0.0,0,279.52,0.0,1,10.89,1.32,SPY190315P00273000,273.0,0,0.0,0.0,,0.0,normalDay
2019-02-26,0.0,952.0,0.0,0,279.32,0.0,1,10.89,1.37,SPY190315P00273000,273.0,0,0.0,0.0,,0.0,normalDay
2019-02-27,0.0,967.0,0.0,0,279.2,0.0,1,10.89,1.22,SPY190315P00273000,273.0,0,0.0,0.0,,0.0,normalDay
2019-02-28,0.0,960.0,0.0,0,278.68,0.0,1,10.89,1.29,SPY190315P00273000,273.0,0,0.0,0.0,,0.0,normalDay
2019-03-01,0.0,1016.0,0.0,0,280.42,0.0,1,10.89,0.73,SPY190315P00273000,273.0,0,0.0,0.0,,0.0,normalDay
2019-03-04,0.0,997.0,0.0,0,279.4,0.0,1,10.89,0.92,SPY190315P00273000,273.0,0,0.0,0.0,,0.0,normalDay
2019-03-05,0.0,1002.0,0.0,0,279.02,0.0,1,10.89,0.87,SPY190315P00273000,273.0,0,0.0,0.0,,0.0,normalDay
2019-03-06,0.0,963.0,0.0,0,277.33,0.0,1,10.89,1.26,SPY190315P00273000,273.0,0,0.0,0.0,,0.0,normalDay
2019-03-07,0.0,899.0,0.0,0,275.01,0.0,1,10.89,1.9,SPY190315P00273000,273.0,0,0.0,0.0,,0.0,normalDay
2019-03-08,0.0,920.0,0.0,0,274.46,0.0,1,10.89,1.69,SPY190315P00273000,273.0,0,0.0,0.0,,0.0,normalDay
2019-03-11,0.0,1048.0,0.0,0,278.44,0.0,1,10.89,0.41,SPY190315P00273000,273.0,0,0.0,0.0,,0.0,normalDay
2019-03-12,0.0,1070.0,0.0,0,279.49,0.0,1,10.89,0.19,SPY190315P00273000,273.0,0,0.0,0.0,,0.0,normalDay
2019-03-13,0.0,1083.0,0.0,0,281.34,0.0,1,10.89,0.06,SPY190315P00273000,273.0,0,0.0,0.0,,0.0,normalDay
2019-03-14,0.0,1085.0,0.0,0,281.16,0.0,1,10.89,0.04,SPY190315P00273000,273.0,0,0.0,0.0,,0.0,normalDay
2019-03-15,1089.0,0.0,1089.0,0,281.31,0.0,1,10.89,0.0,SPY190315P00273000,273.0,0,0.0,0.0,,0.0,expirationDay
2019-03-18,1089.0,-5.0,0.0,0,282.33,0.0,1,6.56,6.61,SPY190719P00278000,278.0,0,0.0,0.0,,0.0,normalDay
2019-03-19,1089.0,-27.0,0.0,0,282.4,0.0,1,6.56,6.83,SPY190719P00278000,278.0,0,0.0,0.0,,0.0,normalDay
2019-03-20,1089.0,-60.0,0.0,0,281.55,0.0,1,6.56,7.16,SPY190719P00278000,278.0,0,0.0,0.0,,0.0,normalDay
2019-03-21,1089.0,45.0,0.0,0,284.73,0.0,1,6.56,6.11,SPY190719P00278000,278.0,0,0.0,0.0,,0.0,normalDay
2019-03-22,1089.0,-178.0,0.0,0,279.25,0.0,1,6.56,8.34,SPY190719P00278000,278.0,0,0.0,0.0,,0.0,normalDay
2019-03-25,1089.0,-207.0,0.0,0,279.04,0.0,1,6.56,8.63,SPY190719P00278000,278.0,0,0.0,0.0,,0.0,normalDay
2019-03-26,1089.0,-103.0,0.0,0,281.12,0.0,1,6.56,7.59,SPY190719P00278000,278.0,0,0.0,0.0,,0.0,normalDay
2019-03-27,1089.0,-156.0,0.0,0,279.65,0.0,1,6.56,8.12,SPY190719P00278000,278.0,0,0.0,0.0,,0.0,normalDay
2019-03-28,1089.0,-92.0,0.0,0,280.71,0.0,1,6.56,7.48,SPY190719P00278000,278.0,0,0.0,0.0,,0.0,normalDay
2019-03-29,1089.0,-7.0,0.0,0,282.48,0.0,1,6.56,6.63,SPY190719P00278000,278.0,0,0.0,0.0,,0.0,normalDay
2019-04-01,1089.0,101.0,0.0,0,285.83,0.0,1,6.56,5.55,SPY190719P00278000,278.0,0,0.0,0.0,,0.0,normalDay
2019-04-02,1089.0,110.0,0.0,0,285.97,0.0,1,6.56,5.46,SPY190719P00278000,278.0,0,0.0,0.0,,0.0,normalDay
2019-04-03,1089.0,131.0,0.0,0,286.42,0.0,1,6.56,5.25,SPY190719P00278000,278.0,0,0.0,0.0,,0.0,normalDay
2019-04-04,1089.0,155.0,0.0,0,287.18,0.0,1,6.56,5.01,SPY190719P00278000,278.0,0,0.0,0.0,,0.0,normalDay
2019-04-05,1089.0,209.0,0.0,0,288.57,0.0,1,6.56,4.47,SPY190719P00278000,278.0,0,0.0,0.0,,0.0,normalDay
2019-04-08,1089.0,218.0,0.0,0,288.79,0.0,1,6.56,4.38,SPY190719P00278000,278.0,0,0.0,0.0,,0.0,normalDay
2019-04-09,1089.0,152.0,0.0,0,287.31,0.0,1,6.56,5.04,SPY190719P00278000,278.0,0,0.0,0.0,,0.0,normalDay
2019-04-10,1089.0,210.0,0.0,0,288.29,0.0,1,6.56,4.46,SPY190719P00278000,278.0,0,0.0,0.0,,0.0,normalDay
2019-04-11,1089.0,211.0,0.0,0,288.21,0.0,1,6.56,4.45,SPY190719P00278000,278.0,0,0.0,0.0,,0.0,normalDay
2019-04-12,1089.0,286.0,0.0,0,290.16,0.0,1,6.56,3.7,SPY190719P00278000,278.0,0,0.0,0.0,,0.0,normalDay
2019-04-15,1089.0,294.0,0.0,0,289.97,0.0,1,6.56,3.62,SPY190719P00278000,278.0,0,0.0,0.0,,0.0,normalDay
2019-04-16,1089.0,299.0,0.0,0,290.16,0.0,1,6.56,3.57,SPY190719P00278000,278.0,0,0.0,0.0,,0.0,normalDay
2019-04-17,1089.0,278.0,0.0,0,289.45,0.0,1,6.56,3.78,SPY190719P00278000,278.0,0,0.0,0.0,,0.0,normalDay
2019-04-18,1089.0,301.0,0.0,0,290.02,0.0,1,6.56,3.55,SPY190719P00278000,278.0,0,0.0,0.0,,0.0,normalDay
2019-04-22,1089.0,322.0,0.0,0,290.27,0.0,1,6.56,3.34,SPY190719P00278000,278.0,0,0.0,0.0,,0.0,normalDay
2019-04-23,1089.0,370.0,0.0,0,292.88,0.0,1,6.56,2.86,SPY190719P00278000,278.0,0,0.0,0.0,,0.0,normalDay
2019-04-24,1089.0,350.0,0.0,0,292.23,0.0,1,6.56,3.06,SPY190719P00278000,278.0,0,0.0,0.0,,0.0,normalDay
2019-04-25,1089.0,343.0,0.0,0,292.05,0.0,1,6.56,3.13,SPY190719P00278000,278.0,0,0.0,0.0,,0.0,normalDay
2019-04-26,1089.0,375.0,0.0,0,293.41,0.0,1,6.56,2.81,SPY190719P00278000,278.0,0,0.0,0.0,,0.0,normalDay
2019-04-29,1089.0,384.0,0.0,0,293.87,0.0,1,6.56,2.72,SPY190719P00278000,278.0,0,0.0,0.0,,0.0,normalDay
2019-04-30,1089.0,390.0,0.0,0,294.02,0.0,1,6.56,2.66,SPY190719P00278000,278.0,0,0.0,0.0,,0.0,normalDay
2019-05-01,1089.0,328.0,0.0,0,291.81,0.0,1,6.56,3.28,SPY190719P00278000,278.0,0,0.0,0.0,,0.0,normalDay
2019-05-02,1089.0,317.0,0.0,0,291.18,0.0,1,6.56,3.39,SPY190719P00278000,278.0,0,0.0,0.0,,0.0,normalDay
2019-05-03,1089.0,398.0,0.0,0,294.03,0.0,1,6.56,2.58,SPY190719P00278000,278.0,0,0.0,0.0,,0.0,normalDay
2019-05-06,1089.0,343.0,0.0,0,292.82,0.0,1,6.56,3.13,SPY190719P00278000,278.0,0,0.0,0.0,,0.0,normalDay
2019-05-07,1089.0,145.0,0.0,0,287.93,0.0,1,6.56,5.11,SPY190719P00278000,278.0,0,0.0,0.0,,0.0,normalDay
2019-05-08,1089.0,153.0,0.0,0,287.53,0.0,1,6.56,5.03,SPY190719P00278000,278.0,0,0.0,0.0,,0.0,normalDay
2019-05-09,1089.0,142.0,0.0,0,286.66,0.0,1,6.56,5.14,SPY190719P00278000,278.0,0,0.0,0.0,,0.0,normalDay
2019-05-10,1089.0,236.0,0.0,0,288.1,0.0,1,6.56,4.2,SPY190719P00278000,278.0,0,0.0,0.0,,0.0,normalDay
2019-05-13,1089.0,-75.0,0.0,0,280.86,0.0,1,6.56,7.31,SPY190719P00278000,278.0,0,0.0,0.0,,0.0,normalDay
2019-05-14,1089.0,71.0,0.0,0,283.4,0.0,1,6.56,5.85,SPY190719P00278000,278.0,0,0.0,0.0,,0.0,normalDay
2019-05-15,1089.0,169.0,0.0,0,285.06,0.0,1,6.56,4.87,SPY190719P00278000,278.0,0,0.0,0.0,,0.0,normalDay
2019-05-16,1089.0,269.0,0.0,0,287.7,0.0,1,6.56,3.87,SPY190719P00278000,278.0,0,0.0,0.0,,0.0,normalDay
2019-05-17,1089.0,212.0,0.0,0,285.84,0.0,1,6.56,4.44,SPY190719P00278000,278.0,0,0.0,0.0,,0.0,normalDay
2019-05-20,1089.0,170.0,0.0,0,283.95,0.0,1,6.56,4.86,SPY190719P00278000,278.0,0,0.0,0.0,,0.0,normalDay
2019-05-21,1089.0,274.0,0.0,0,286.51,0.0,1,6.56,3.82,SPY190719P00278000,278.0,0,0.0,0.0,,0.0,normalDay
2019-05-22,1089.0,259.0,0.0,0,285.63,0.0,1,6.56,3.97,SPY190719P00278000,278.0,0,0.0,0.0,,0.0,normalDay
2019-05-23,1089.0,103.0,0.0,0,282.14,0.0,1,6.56,5.53,SPY190719P00278000,278.0,0,0.0,0.0,,0.0,normalDay
2019-05-24,1089.0,161.0,0.0,0,282.78,0.0,1,6.56,4.95,SPY190719P00278000,278.0,0,0.0,0.0,,0.0,normalDay
2019-05-28,1089.0,66.0,0.0,0,280.15,0.0,1,6.56,5.9,SPY190719P00278000,278.0,0,0.0,0.0,,0.0,normalDay
2019-05-29,1089.0,-23.0,0.0,0,278.27,0.0,1,6.56,6.79,SPY190719P00278000,278.0,0,0.0,0.0,,0.0,normalDay
2019-05-30,1089.0,21.0,0.0,0,279.03,0.0,1,6.56,6.35,SPY190719P00278000,278.0,0,0.0,0.0,,0.0,normalDay
2019-05-31,1089.0,-177.0,0.0,0,275.27,0.0,1,6.56,8.33,SPY190719P00278000,278.0,0,0.0,0.0,,0.0,normalDay
2019-06-03,1089.0,-177.0,0.0,0,274.57,0.0,1,6.56,8.33,SPY190719P00278000,278.0,0,0.0,0.0,,0.0,normalDay
2019-06-04,1089.0,123.0,0.0,0,280.53,0.0,1,6.56,5.33,SPY190719P00278000,278.0,0,0.0,0.0,,0.0,normalDay
2019-06-05,1089.0,239.0,0.0,0,282.96,0.0,1,6.56,4.17,SPY190719P00278000,278.0,0,0.0,0.0,,0.0,normalDay
2019-06-06,1089.0,307.0,0.0,0,284.8,0.0,1,6.56,3.49,SPY190719P00278000,278.0,0,0.0,0.0,,0.0,normalDay
2019-06-07,1089.0,366.0,0.0,0,287.65,0.0,1,6.56,2.9,SPY190719P00278000,278.0,0,0.0,0.0,,0.0,normalDay
2019-06-10,1089.0,415.0,0.0,0,288.97,0.0,1,6.56,2.41,SPY190719P00278000,278.0,0,0.0,0.0,,0.0,normalDay
2019-06-11,1089.0,411.0,0.0,0,288.9,0.0,1,6.56,2.45,SPY190719P00278000,278.0,0,0.0,0.0,,0.0,normalDay
2019-06-12,1089.0,410.0,0.0,0,288.39,0.0,1,6.56,2.46,SPY190719P00278000,278.0,0,0.0,0.0,,0.0,normalDay
2019-06-13,1089.0,439.0,0.0,0,289.58,0.0,1,6.56,2.17,SPY190719P00278000,278.0,0,0.0,0.0,,0.0,normalDay
2019-06-14,1089.0,454.0,0.0,0,289.26,0.0,1,6.56,2.02,SPY190719P00278000,278.0,0,0.0,0.0,,0.0,normalDay
2019-06-17,1089.0,471.0,0.0,0,289.37,0.0,1,6.56,1.85,SPY190719P00278000,278.0,0,0.0,0.0,,0.0,normalDay
2019-06-18,1089.0,518.0,0.0,0,292.4,0.0,1,6.56,1.38,SPY190719P00278000,278.0,0,0.0,0.0,,0.0,normalDay
2019-06-19,1089.0,547.0,0.0,0,293.06,0.0,1,6.56,1.09,SPY190719P00278000,278.0,0,0.0,0.0,,0.0,normalDay
2019-06-20,1089.0,571.0,0.0,0,295.86,0.0,1,6.56,0.85,SPY190719P00278000,278.0,0,0.0,0.0,,0.0,normalDay
2019-06-21,1089.0,565.0,0.0,0,294.0,0.0,1,6.56,0.91,SPY190719P00278000,278.0,0,0.0,0.0,,0.0,normalDay
2019-06-24,1089.0,574.0,0.0,0,293.64,0.0,1,6.56,0.82,SPY190719P00278000,278.0,0,0.0,0.0,,0.0,normalDay
2019-06-25,1089.0,536.0,0.0,0,290.76,0.0,1,6.56,1.2,SPY190719P00278000,278.0,0,0.0,0.0,,0.0,normalDay
2019-06-26,1089.0,537.0,0.0,0,290.47,0.0,1,6.56,1.19,SPY190719P00278000,278.0,0,0.0,0.0,,0.0,normalDay
2019-06-27,1089.0,564.0,0.0,0,291.5,0.0,1,6.56,0.92,SPY190719P00278000,278.0,0,0.0,0.0,,0.0,normalDay
2019-06-28,1089.0,585.0,0.0,0,293.0,0.0,1,6.56,0.71,SPY190719P00278000,278.0,0,0.0,0.0,,0.0,normalDay
2019-07-01,1089.0,623.0,0.0,0,295.66,0.0,1,6.56,0.33,SPY190719P00278000,278.0,0,0.0,0.0,,0.0,normalDay
2019-07-02,1089.0,636.0,0.0,0,296.43,0.0,1,6.56,0.2,SPY190719P00278000,278.0,0,0.0,0.0,,0.0,normalDay
2019-07-03,1089.0,643.0,0.0,0,298.8,0.0,1,6.56,0.13,SPY190719P00278000,278.0,0,0.0,0.0,,0.0,normalDay
2019-07-05,1089.0,641.0,0.0,0,298.46,0.0,1,6.56,0.15,SPY190719P00278000,278.0,0,0.0,0.0,,0.0,normalDay
2019-07-08,1089.0,645.0,0.0,0,296.82,0.0,1,6.56,0.11,SPY190719P00278000,278.0,0,0.0,0.0,,0.0,normalDay
2019-07-09,1089.0,647.0,0.0,0,297.19,0.0,1,6.56,0.09,SPY190719P00278000,278.0,0,0.0,0.0,,0.0,normalDay
2019-07-10,1089.0,651.0,0.0,0,298.61,0.0,1,6.56,0.05,SPY190719P00278000,278.0,0,0.0,0.0,,0.0,normalDay
2019-07-11,1089.0,651.0,0.0,0,299.31,0.0,1,6.56,0.05,SPY190719P00278000,278.0,0,0.0,0.0,,0.0,normalDay
2019-07-12,1089.0,653.0,0.0,0,300.65,0.0,1,6.56,0.03,SPY190719P00278000,278.0,0,0.0,0.0,,0.0,normalDay
2019-07-15,1089.0,653.0,0.0,0,300.75,0.0,1,6.56,0.03,SPY190719P00278000,278.0,0,0.0,0.0,,0.0,normalDay
2019-07-16,1089.0,654.0,0.0,0,299.78,0.0,1,6.56,0.02,SPY190719P00278000,278.0,0,0.0,0.0,,0.0,normalDay
2019-07-17,1089.0,654.0,0.0,0,297.74,0.0,1,6.56,0.02,SPY190719P00278000,278.0,0,0.0,0.0,,0.0,normalDay
2019-07-18,1089.0,655.0,0.0,0,298.83,0.0,1,6.56,0.01,SPY190719P00278000,278.0,0,0.0,0.0,,0.0,normalDay
2019-07-19,1745.0,0.0,656.0,0,297.17,0.0,1,6.56,0.0,SPY190719P00278000,278.0,0,0.0,0.0,,0.0,expirationDay
2019-07-22,1745.0,-6.0,0.0,0,297.9,0.0,1,8.0,8.06,SPY191115P00296000,296.0,0,0.0,0.0,,0.0,normalDay
2019-07-23,1745.0,90.0,0.0,0,300.03,0.0,1,8.0,7.1,SPY191115P00296000,296.0,0,0.0,0.0,,0.0,normalDay
2019-07-24,1745.0,149.0,0.0,0,301.44,0.0,1,8.0,6.51,SPY191115P00296000,296.0,0,0.0,0.0,,0.0,normalDay
2019-07-25,1745.0,89.0,0.0,0,300.0,0.0,1,8.0,7.11,SPY191115P00296000,296.0,0,0.0,0.0,,0.0,normalDay
2019-07-26,1745.0,170.0,0.0,0,302.01,0.0,1,8.0,6.3,SPY191115P00296000,296.0,0,0.0,0.0,,0.0,normalDay
2019-07-29,1745.0,165.0,0.0,0,301.46,0.0,1,8.0,6.35,SPY191115P00296000,296.0,0,0.0,0.0,,0.0,normalDay
2019-07-30,1745.0,107.0,0.0,0,300.72,0.0,1,8.0,6.93,SPY191115P00296000,296.0,0,0.0,0.0,,0.0,normalDay
2019-07-31,1745.0,-57.0,0.0,0,297.43,0.0,1,8.0,8.57,SPY191115P00296000,296.0,0,0.0,0.0,,0.0,normalDay
2019-08-01,1745.0,-197.0,0.0,0,294.84,0.0,1,8.0,9.97,SPY191115P00296000,296.0,0,0.0,0.0,,0.0,normalDay
2019-08-02,1745.0,-296.0,0.0,0,292.62,0.0,1,8.0,10.96,SPY191115P00296000,296.0,0,0.0,0.0,,0.0,normalDay
2019-08-05,1745.0,-942.0,0.0,0,283.82,0.0,1,8.0,17.42,SPY191115P00296000,296.0,0,0.0,0.0,,0.0,normalDay
2019-08-06,1745.0,-589.0,0.0,0,287.8,0.0,1,8.0,13.89,SPY191115P00296000,296.0,0,0.0,0.0,,0.0,normalDay
2019-08-07,1745.0,-580.0,0.0,0,287.97,0.0,1,8.0,13.8,SPY191115P00296000,296.0,0,0.0,0.0,,0.0,normalDay
2019-08-08,1745.0,-221.0,0.0,0,293.62,0.0,1,8.0,10.21,SPY191115P00296000,296.0,0,0.0,0.0,,0.0,normalDay
2019-08-09,1745.0,-336.0,0.0,0,291.62,0.0,1,8.0,11.36,SPY191115P00296000,296.0,0,0.0,0.0,,0.0,normalDay
2019-08-12,1745.0,-615.0,0.0,0,288.07,0.0,1,8.0,14.15,SPY191115P00296000,296.0,0,0.0,0.0,,0.0,normalDay
2019-08-13,1745.0,-294.0,0.0,0,292.55,0.0,1,8.0,10.94,SPY191115P00296000,296.0,0,0.0,0.0,,0.0,normalDay
2019-08-14,1745.0,-878.0,0.0,0,283.9,0.0,1,8.0,16.78,SPY191115P00296000,296.0,0,0.0,0.0,,0.0,normalDay
2019-08-15,1745.0,-812.0,0.0,0,284.65,0.0,1,8.0,16.12,SPY191115P00296000,296.0,0,0.0,0.0,,0.0,normalDay
2019-08-16,1745.0,-526.0,0.0,0,288.85,0.0,1,8.0,13.26,SPY191115P00296000,296.0,0,0.0,0.0,,0.0,normalDay
2019-08-19,1745.0,-277.0,0.0,0,292.33,0.0,1,8.0,10.77,SPY191115P00296000,296.0,0,0.0,0.0,,0.0,normalDay
2019-08-20,1745.0,-416.0,0.0,0,290.09,0.0,1,8.0,12.16,SPY191115P00296000,296.0,0,0.0,0.0,,0.0,normalDay
2019-08-21,1745.0,-217.0,0.0,0,292.45,0.0,1,8.0,10.17,SPY191115P00296000,296.0,0,0.0,0.0,,0.0,normalDay
2019-08-22,1745.0,-250.0,0.0,0,292.36,0.0,1,8.0,10.5,SPY191115P00296000,296.0,0,0.0,0.0,,0.0,normalDay
2019-08-23,1745.0,-704.0,0.0,0,284.85,0.0,1,8.0,15.04,SPY191115P00296000,296.0,0,0.0,0.0,,0.0,normalDay
2019-08-26,1745.0,-514.0,0.0,0,288.0,0.0,1,8.0,13.14,SPY191115P00296000,296.0,0,0.0,0.0,,0.0,normalDay
2019-08-27,1745.0,-618.0,0.0,0,286.87,0.0,1,8.0,14.18,SPY191115P00296000,296.0,0,0.0,0.0,,0.0,normalDay
2019-08-28,1745.0,-464.0,0.0,0,288.89,0.0,1,8.0,12.64,SPY191115P00296000,296.0,0,0.0,0.0,,0.0,normalDay
2019-08-29,1745.0,-241.0,0.0,0,292.58,0.0,1,8.0,10.41,SPY191115P00296000,296.0,0,0.0,0.0,,0.0,normalDay
2019-08-30,1745.0,-255.0,0.0,0,292.45,0.0,1,8.0,10.55,SPY191115P00296000,296.0,0,0.0,0.0,,0.0,normalDay
2019-09-03,1745.0,-352.0,0.0,0,290.74,0.0,1,8.0,11.52,SPY191115P00296000,296.0,0,0.0,0.0,,0.0,normalDay
2019-09-04,1745.0,-124.0,0.0,0,294.04,0.0,1,8.0,9.24,SPY191115P00296000,296.0,0,0.0,0.0,,0.0,normalDay
2019-09-05,1745.0,60.0,0.0,0,297.82,0.0,1,8.0,7.4,SPY191115P00296000,296.0,0,0.0,0.0,,0.0,normalDay
2019-09-06,1745.0,126.0,0.0,0,298.05,0.0,1,8.0,6.74,SPY191115P00296000,296.0,0,0.0,0.0,,0.0,normalDay
2019-09-09,1745.0,135.0,0.0,0,298.2,0.0,1,8.0,6.65,SPY191115P00296000,296.0,0,0.0,0.0,,0.0,normalDay
2019-09-10,1745.0,141.0,0.0,0,298.13,0.0,1,8.0,6.59,SPY191115P00296000,296.0,0,0.0,0.0,,0.0,normalDay
2019-09-11,1745.0,240.0,0.0,0,300.25,0.0,1,8.0,5.6,SPY191115P00296000,296.0,0,0.0,0.0,,0.0,normalDay
2019-09-12,1745.0,304.0,0.0,0,301.29,0.0,1,8.0,4.96,SPY191115P00296000,296.0,0,0.0,0.0,,0.0,normalDay
2019-09-13,1745.0,305.0,0.0,0,301.09,0.0,1,8.0,4.95,SPY191115P00296000,296.0,0,0.0,0.0,,0.0,normalDay
2019-09-16,1745.0,273.0,0.0,0,300.16,0.0,1,8.0,5.27,SPY191115P00296000,296.0,0,0.0,0.0,,0.0,normalDay
2019-09-17,1745.0,291.0,0.0,0,300.92,0.0,1,8.0,5.09,SPY191115P00296000,296.0,0,0.0,0.0,,0.0,normalDay
2019-09-18,1745.0,326.0,0.0,0,301.1,0.0,1,8.0,4.74,SPY191115P00296000,296.0,0,0.0,0.0,,0.0,normalDay
2019-09-19,1745.0,323.0,0.0,0,301.08,0.0,1,8.0,4.77,SPY191115P00296000,296.0,0,0.0,0.0,,0.0,normalDay
2019-09-20,1745.0,246.0,0.0,0,298.28,0.0,1,8.0,5.54,SPY191115P00296000,296.0,0,0.0,0.0,,0.0,normalDay
2019-09-23,1745.0,280.0,0.0,0,298.21,0.0,1,8.0,5.2,SPY191115P00296000,296.0,0,0.0,0.0,,0.0,normalDay
2019-09-24,1745.0,153.0,0.0,0,295.87,0.0,1,8.0,6.47,SPY191115P00296000,296.0,0,0.0,0.0,,0.0,normalDay
2019-09-25,1745.0,231.0,0.0,0,297.62,0.0,1,8.0,5.69,SPY191115P00296000,296.0,0,0.0,0.0,,0.0,normalDay
2019-09-26,1745.0,228.0,0.0,0,297.0,0.0,1,8.0,5.72,SPY191115P00296000,296.0,0,0.0,0.0,,0.0,normalDay
2019-09-27,1745.0,137.0,0.0,0,295.4,0.0,1,8.0,6.63,SPY191115P00296000,296.0,0,0.0,0.0,,0.0,normalDay
2019-09-30,1745.0,247.0,0.0,0,296.77,0.0,1,8.0,5.53,SPY191115P00296000,296.0,0,0.0,0.0,,0.0,normalDay
2019-10-01,1745.0,44.0,0.0,0,293.24,0.0,1,8.0,7.56,SPY191115P00296000,296.0,0,0.0,0.0,,0.0,normalDay
2019-10-02,1745.0,-321.0,0.0,0,288.06,0.0,1,8.0,11.21,SPY191115P00296000,296.0,0,0.0,0.0,,0.0,normalDay
2019-10-03,1745.0,-113.0,0.0,0,290.42,0.0,1,8.0,9.13,SPY191115P00296000,296.0,0,0.0,0.0,,0.0,normalDay
2019-10-04,1745.0,146.0,0.0,0,294.35,0.0,1,8.0,6.54,SPY191115P00296000,296.0,0,0.0,0.0,,0.0,normalDay
2019-10-07,1745.0,88.0,0.0,0,293.08,0.0,1,8.0,7.12,SPY191115P00296000,296.0,0,0.0,0.0,,0.0,normalDay
2019-10-08,1745.0,-203.0,0.0,0,288.53,0.0,1,8.0,10.03,SPY191115P00296000,296.0,0,0.0,0.0,,0.0,normalDay
2019-10-09,1745.0,-17.0,0.0,0,291.27,0.0,1,8.0,8.17,SPY191115P00296000,296.0,0,0.0,0.0,,0.0,normalDay
2019-10-10,1745.0,127.0,0.0,0,293.24,0.0,1,8.0,6.73,SPY191115P00296000,296.0,0,0.0,0.0,,0.0,normalDay
2019-10-11,1745.0,318.0,0.0,0,296.28,0.0,1,8.0,4.82,SPY191115P00296000,296.0,0,0.0,0.0,,0.0,normalDay
2019-10-14,1745.0,347.0,0.0,0,295.95,0.0,1,8.0,4.53,SPY191115P00296000,296.0,0,0.0,0.0,,0.0,normalDay
2019-10-15,1745.0,494.0,0.0,0,298.88,0.0,1,8.0,3.06,SPY191115P00296000,296.0,0,0.0,0.0,,0.0,normalDay
2019-10-16,1745.0,486.0,0.0,0,298.4,0.0,1,8.0,3.14,SPY191115P00296000,296.0,0,0.0,0.0,,0.0,normalDay
2019-10-17,1745.0,511.0,0.0,0,299.28,0.0,1,8.0,2.89,SPY191115P00296000,296.0,0,0.0,0.0,,0.0,normalDay
2019-10-18,1745.0,476.0,0.0,0,297.97,0.0,1,8.0,3.24,SPY191115P00296000,296.0,0,0.0,0.0,,0.0,normalDay
2019-10-21,1745.0,570.0,0.0,0,299.99,0.0,1,8.0,2.3,SPY191115P00296000,296.0,0,0.0,0.0,,0.0,normalDay
2019-10-22,1745.0,538.0,0.0,0,299.01,0.0,1,8.0,2.62,SPY191115P00296000,296.0,0,0.0,0.0,,0.0,normalDay
2019-10-23,1745.0,587.0,0.0,0,299.88,0.0,1,8.0,2.13,SPY191115P00296000,296.0,0,0.0,0.0,,0.0,normalDay
2019-10-24,1745.0,609.0,0.0,0,300.37,0.0,1,8.0,1.91,SPY191115P00296000,296.0,0,0.0,0.0,,0.0,normalDay
2019-10-25,1745.0,664.0,0.0,0,301.6,0.0,1,8.0,1.36,SPY191115P00296000,296.0,0,0.0,0.0,,0.0,normalDay
2019-10-28,1745.0,700.0,0.0,0,303.3,0.0,1,8.0,1.0,SPY191115P00296000,296.0,0,0.0,0.0,,0.0,normalDay
2019-10-29,1745.0,700.0,0.0,0,303.21,0.0,1,8.0,1.0,SPY191115P00296000,296.0,0,0.0,0.0,,0.0,normalDay
2019-10-30,1745.0,733.0,0.0,0,304.14,0.0,1,8.0,0.67,SPY191115P00296000,296.0,0,0.0,0.0,,0.0,normalDay
2019-10-31,1745.0,712.0,0.0,0,303.33,0.0,1,8.0,0.88,SPY191115P00296000,296.0,0,0.0,0.0,,0.0,normalDay
2019-11-01,1745.0,760.0,0.0,0,306.14,0.0,1,8.0,0.4,SPY191115P00296000,296.0,0,0.0,0.0,,0.0,normalDay
2019-11-04,1745.0,773.0,0.0,0,307.37,0.0,1,8.0,0.27,SPY191115P00296000,296.0,0,0.0,0.0,,0.0,normalDay
2019-11-05,1745.0,776.0,0.0,0,307.03,0.0,1,8.0,0.24,SPY191115P00296000,296.0,0,0.0,0.0,,0.0,normalDay
2019-11-06,1745.0,786.0,0.0,0,307.1,0.0,1,8.0,0.14,SPY191115P00296000,296.0,0,0.0,0.0,,0.0,normalDay
2019-11-07,1745.0,790.0,0.0,0,308.18,0.0,1,8.0,0.1,SPY191115P00296000,296.0,0,0.0,0.0,,0.0,normalDay
2019-11-08,1745.0,796.0,0.0,0,308.94,0.0,1,8.0,0.04,SPY191115P00296000,296.0,0,0.0,0.0,,0.0,normalDay
2019-11-11,1745.0,796.0,0.0,0,308.35,0.0,1,8.0,0.04,SPY191115P00296000,296.0,0,0.0,0.0,,0.0,normalDay
2019-11-12,1745.0,797.0,0.0,0,309.0,0.0,1,8.0,0.03,SPY191115P00296000,296.0,0,0.0,0.0,,0.0,normalDay
2019-11-13,1745.0,797.0,0.0,0,309.1,0.0,1,8.0,0.03,SPY191115P00296000,296.0,0,0.0,0.0,,0.0,normalDay
2019-11-14,1745.0,798.0,0.0,0,309.55,0.0,1,8.0,0.02,SPY191115P00296000,296.0,0,0.0,0.0,,0.0,normalDay
2019-11-15,2545.0,0.0,800.0,0,311.79,0.0,1,8.0,0.0,SPY191115P00296000,296.0,0,0.0,0.0,,0.0,expirationDay
2019-11-18,2545.0,-6.0,0.0,0,312.02,0.0,1,8.08,8.14,SPY200331P00305000,305.0,0,0.0,0.0,,0.0,normalDay
2019-11-19,2545.0,-24.0,0.0,0,311.93,0.0,1,8.08,8.32,SPY200331P00305000,305.0,0,0.0,0.0,,0.0,normalDay
2019-11-20,2545.0,-72.0,0.0,0,310.77,0.0,1,8.08,8.8,SPY200331P00305000,305.0,0,0.0,0.0,,0.0,normalDay
2019-11-21,2545.0,-91.0,0.0,0,310.27,0.0,1,8.08,8.99,SPY200331P00305000,305.0,0,0.0,0.0,,0.0,normalDay
2019-11-22,2545.0,-47.0,0.0,0,310.96,0.0,1,8.08,8.55,SPY200331P00305000,305.0,0,0.0,0.0,,0.0,normalDay
2019-11-25,2545.0,52.0,0.0,0,313.37,0.0,1,8.08,7.56,SPY200331P00305000,305.0,0,0.0,0.0,,0.0,normalDay
2019-11-26,2545.0,94.0,0.0,0,314.08,0.0,1,8.08,7.14,SPY200331P00305000,305.0,0,0.0,0.0,,0.0,normalDay
2019-11-27,2545.0,128.0,0.0,0,315.48,0.0,1,8.08,6.8,SPY200331P00305000,305.0,0,0.0,0.0,,0.0,normalDay
2019-11-29,2545.0,78.0,0.0,0,314.31,0.0,1,8.08,7.3,SPY200331P00305000,305.0,0,0.0,0.0,,0.0,normalDay
2019-12-02,2545.0,-50.0,0.0,0,311.64,0.0,1,8.08,8.58,SPY200331P00305000,305.0,0,0.0,0.0,,0.0,normalDay
2019-12-03,2545.0,-159.0,0.0,0,309.55,0.0,1,8.08,9.67,SPY200331P00305000,305.0,0,0.0,0.0,,0.0,normalDay
2019-12-04,2545.0,-73.0,0.0,0,311.46,0.0,1,8.08,8.81,SPY200331P00305000,305.0,0,0.0,0.0,,0.0,normalDay
2019-12-05,2545.0,-26.0,0.0,0,312.02,0.0,1,8.08,8.34,SPY200331P00305000,305.0,0,0.0,0.0,,0.0,normalDay
2019-12-06,2545.0,87.0,0.0,0,314.87,0.0,1,8.08,7.21,SPY200331P00305000,305.0,0,0.0,0.0,,0.0,normalDay
2019-12-09,2545.0,29.0,0.0,0,313.88,0.0,1,8.08,7.79,SPY200331P00305000,305.0,0,0.0,0.0,,0.0,normalDay
2019-12-10,2545.0,43.0,0.0,0,313.53,0.0,1,8.08,7.65,SPY200331P00305000,305.0,0,0.0,0.0,,0.0,normalDay
2019-12-11,2545.0,86.0,0.0,0,314.42,0.0,1,8.08,7.22,SPY200331P00305000,305.0,0,0.0,0.0,,0.0,normalDay
2019-12-12,2545.0,188.0,0.0,0,317.13,0.0,1,8.08,6.2,SPY200331P00305000,305.0,0,0.0,0.0,,0.0,normalDay
2019-12-13,2545.0,241.0,0.0,0,317.32,0.0,1,8.08,5.67,SPY200331P00305000,305.0,0,0.0,0.0,,0.0,normalDay
2019-12-16,2545.0,326.0,0.0,0,319.5,0.0,1,8.08,4.82,SPY200331P00305000,305.0,0,0.0,0.0,,0.0,normalDay
2019-12-17,2545.0,320.0,0.0,0,319.57,0.0,1,8.08,4.88,SPY200331P00305000,305.0,0,0.0,0.0,,0.0,normalDay
2019-12-18,2545.0,320.0,0.0,0,319.59,0.0,1,8.08,4.88,SPY200331P00305000,305.0,0,0.0,0.0,,0.0,normalDay
2019-12-19,2545.0,357.0,0.0,0,320.9,0.0,1,8.08,4.51,SPY200331P00305000,305.0,0,0.0,0.0,,0.0,normalDay
2019-12-20,2545.0,378.0,0.0,0,320.73,0.0,1,8.08,4.3,SPY200331P00305000,305.0,0,0.0,0.0,,0.0,normalDay
2019-12-23,2545.0,379.0,0.0,0,321.22,0.0,1,8.08,4.29,SPY200331P00305000,305.0,0,0.0,0.0,,0.0,normalDay
2019-12-24,2545.0,382.0,0.0,0,321.23,0.0,1,8.08,4.26,SPY200331P00305000,305.0,0,0.0,0.0,,0.0,normalDay
2019-12-26,2545.0,421.0,0.0,0,322.94,0.0,1,8.08,3.87,SPY200331P00305000,305.0,0,0.0,0.0,,0.0,normalDay
2019-12-27,2545.0,401.0,0.0,0,322.86,0.0,1,8.08,4.07,SPY200331P00305000,305.0,0,0.0,0.0,,0.0,normalDay
2019-12-30,2545.0,354.0,0.0,0,321.08,0.0,1,8.08,4.54,SPY200331P00305000,305.0,0,0.0,0.0,,0.0,normalDay
2019-12-31,2545.0,401.0,0.0,0,321.86,0.0,1,8.08,4.07,SPY200331P00305000,305.0,0,0.0,0.0,,0.0,normalDay
2020-01-02,2545.0,475.0,0.0,0,324.87,0.0,1,8.08,3.33,SPY200331P00305000,305.0,0,0.0,0.0,,0.0,normalDay
2020-01-03,2545.0,404.0,0.0,0,322.41,0.0,1,8.08,4.04,SPY200331P00305000,305.0,0,0.0,0.0,,0.0,normalDay
2020-01-06,2545.0,444.0,0.0,0,323.64,0.0,1,8.08,3.64,SPY200331P00305000,305.0,0,0.0,0.0,,0.0,normalDay
2020-01-07,2545.0,428.0,0.0,0,322.73,0.0,1,8.08,3.8,SPY200331P00305000,305.0,0,0.0,0.0,,0.0,normalDay
2020-01-08,2545.0,480.0,0.0,0,324.45,0.0,1,8.08,3.28,SPY200331P00305000,305.0,0,0.0,0.0,,0.0,normalDay
2020-01-09,2545.0,533.0,0.0,0,326.65,0.0,1,8.08,2.75,SPY200331P00305000,305.0,0,0.0,0.0,,0.0,normalDay
2020-01-10,2545.0,518.0,0.0,0,325.71,0.0,1,8.08,2.9,SPY200331P00305000,305.0,0,0.0,0.0,,0.0,normalDay
2020-01-13,2545.0,569.0,0.0,0,327.95,0.0,1,8.08,2.39,SPY200331P00305000,305.0,0,0.0,0.0,,0.0,normalDay
2020-01-14,2545.0,571.0,0.0,0,327.45,0.0,1,8.08,2.37,SPY200331P00305000,305.0,0,0.0,0.0,,0.0,normalDay
2020-01-15,2545.0,583.0,0.0,0,328.19,0.0,1,8.08,2.25,SPY200331P00305000,305.0,0,0.0,0.0,,0.0,normalDay
2020-01-16,2545.0,615.0,0.0,0,330.92,0.0,1,8.08,1.93,SPY200331P00305000,305.0,0,0.0,0.0,,0.0,normalDay
2020-01-17,2545.0,630.0,0.0,0,331.95,0.0,1,8.08,1.78,SPY200331P00305000,305.0,0,0.0,0.0,,0.0,normalDay
2020-01-21,2545.0,623.0,0.0,0,331.3,0.0,1,8.08,1.85,SPY200331P00305000,305.0,0,0.0,0.0,,0.0,normalDay
2020-01-22,2545.0,624.0,0.0,0,331.34,0.0,1,8.08,1.84,SPY200331P00305000,305.0,0,0.0,0.0,,0.0,normalDay
2020-01-23,2545.0,627.0,0.0,0,331.72,0.0,1,8.08,1.81,SPY200331P00305000,305.0,0,0.0,0.0,,0.0,normalDay
2020-01-24,2545.0,571.0,0.0,0,328.77,0.0,1,8.08,2.37,SPY200331P00305000,305.0,0,0.0,0.0,,0.0,normalDay
2020-01-27,2545.0,418.0,0.0,0,323.5,0.0,1,8.08,3.9,SPY200331P00305000,305.0,0,0.0,0.0,,0.0,normalDay
2020-01-28,2545.0,526.0,0.0,0,326.89,0.0,1,8.08,2.82,SPY200331P00305000,305.0,0,0.0,0.0,,0.0,normalDay
2020-01-29,2545.0,527.0,0.0,0,326.62,0.0,1,8.08,2.81,SPY200331P00305000,305.0,0,0.0,0.0,,0.0,normalDay
2020-01-30,2545.0,572.0,0.0,0,327.68,0.0,1,8.08,2.36,SPY200331P00305000,305.0,0,0.0,0.0,,0.0,normalDay
2020-01-31,2545.0,418.0,0.0,0,321.73,0.0,1,8.08,3.9,SPY200331P00305000,305.0,0,0.0,0.0,,0.0,normalDay
2020-02-03,2545.0,478.0,0.0,0,324.12,0.0,1,8.08,3.3,SPY200331P00305000,305.0,0,0.0,0.0,,0.0,normalDay
2020-02-04,2545.0,602.0,0.0,0,329.06,0.0,1,8.08,2.06,SPY200331P00305000,305.0,0,0.0,0.0,,0.0,normalDay
2020-02-05,2545.0,656.0,0.0,0,332.86,0.0,1,8.08,1.52,SPY200331P00305000,305.0,0,0.0,0.0,,0.0,normalDay
2020-02-06,2545.0,665.0,0.0,0,333.98,0.0,1,8.08,1.43,SPY200331P00305000,305.0,0,0.0,0.0,,0.0,normalDay
2020-02-07,2545.0,647.0,0.0,0,332.2,0.0,1,8.08,1.61,SPY200331P00305000,305.0,0,0.0,0.0,,0.0,normalDay
2020-02-10,2545.0,680.0,0.0,0,334.68,0.0,1,8.08,1.28,SPY200331P00305000,305.0,0,0.0,0.0,,0.0,normalDay
2020-02-11,2545.0,685.0,0.0,0,335.26,0.0,1,8.08,1.23,SPY200331P00305000,305.0,0,0.0,0.0,,0.0,normalDay
2020-02-12,2545.0,714.0,0.0,0,337.42,0.0,1,8.08,0.94,SPY200331P00305000,305.0,0,0.0,0.0,,0.0,normalDay
2020-02-13,2545.0,711.0,0.0,0,337.06,0.0,1,8.08,0.97,SPY200331P00305000,305.0,0,0.0,0.0,,0.0,normalDay
2020-02-14,2545.0,722.0,0.0,0,337.6,0.0,1,8.08,0.86,SPY200331P00305000,305.0,0,0.0,0.0,,0.0,normalDay
2020-02-18,2545.0,718.0,0.0,0,336.73,0.0,1,8.08,0.9,SPY200331P00305000,305.0,0,0.0,0.0,,0.0,normalDay
2020-02-19,2545.0,732.0,0.0,0,338.34,0.0,1,8.08,0.76,SPY200331P00305000,305.0,0,0.0,0.0,,0.0,normalDay
2020-02-20,2545.0,716.0,0.0,0,336.95,0.0,1,8.08,0.92,SPY200331P00305000,305.0,0,0.0,0.0,,0.0,normalDay
2020-02-21,2545.0,676.0,0.0,0,333.48,0.0,1,8.08,1.32,SPY200331P00305000,305.0,0,0.0,0.0,,0.0,normalDay
2020-02-24,2545.0,402.0,0.0,0,322.42,0.0,1,8.08,4.06,SPY200331P00305000,305.0,0,0.0,0.0,,0.0,normalDay
2020-02-25,2545.0,148.0,0.0,0,312.65,0.0,1,8.08,6.6,SPY200331P00305000,305.0,0,0.0,0.0,,0.0,normalDay
2020-02-26,2545.0,109.0,0.0,0,311.5,0.0,1,8.08,6.99,SPY200331P00305000,305.0,0,0.0,0.0,,0.0,normalDay
2020-02-27,2545.0,-886.0,0.0,0,297.51,0.0,1,8.08,16.94,SPY200331P00305000,305.0,0,0.0,0.0,,0.0,normalDay
2020-02-28,2545.0,-839.0,0.0,0,296.26,0.0,1,8.08,16.47,SPY200331P00305000,305.0,0,0.0,0.0,,0.0,normalDay
2020-03-02,2545.0,-20.0,0.0,0,309.09,0.0,1,8.08,8.28,SPY200331P00305000,305.0,0,0.0,0.0,,0.0,normalDay
2020-03-03,2545.0,-455.0,0.0,0,300.24,0.0,1,8.08,12.63,SPY200331P00305000,305.0,0,0.0,0.0,,0.0,normalDay
2020-03-04,2545.0,97.0,0.0,0,312.86,0.0,1,8.08,7.11,SPY200331P00305000,305.0,0,0.0,0.0,,0.0,normalDay
2020-03-05,2545.0,-486.0,0.0,0,302.46,0.0,1,8.08,12.94,SPY200331P00305000,305.0,0,0.0,0.0,,0.0,normalDay
2020-03-06,2545.0,-776.0,0.0,0,297.46,0.0,1,8.08,15.84,SPY200331P00305000,305.0,0,0.0,0.0,,0.0,normalDay
2020-03-09,2545.0,-2628.0,0.0,0,274.23,0.0,1,8.08,34.36,SPY200331P00305000,305.0,0,0.0,0.0,,0.0,normalDay
2020-03-10,2545.0,-1358.0,0.0,0,288.42,0.0,1,8.08,21.66,SPY200331P00305000,305.0,0,0.0,0.0,,0.0,normalDay
2020-03-11,2545.0,-2558.0,0.0,0,274.36,0.0,1,8.08,33.66,SPY200331P00305000,305.0,0,0.0,0.0,,0.0,normalDay
2020-03-12,2545.0,-5074.0,0.0,0,248.11,0.0,1,8.08,58.82,SPY200331P00305000,305.0,0,0.0,0.0,,0.0,normalDay
2020-03-13,2545.0,-3014.0,0.0,0,269.32,0.0,1,8.08,38.22,SPY200331P00305000,305.0,0,0.0,0.0,,0.0,normalDay
2020-03-16,2545.0,-5555.0,0.0,0,239.85,0.0,1,8.08,63.63,SPY200331P00305000,305.0,0,0.0,0.0,,0.0,normalDay
2020-03-17,2545.0,-4727.0,0.0,0,252.8,0.0,1,8.08,55.35,SPY200331P00305000,305.0,0,0.0,0.0,,0.0,normalDay
2020-03-18,2545.0,-5845.0,0.0,0,240.0,0.0,1,8.08,66.53,SPY200331P00305000,305.0,0,0.0,0.0,,0.0,normalDay
2020-03-19,2545.0,-5897.0,0.0,0,240.51,0.0,1,8.08,67.05,SPY200331P00305000,305.0,0,0.0,0.0,,0.0,normalDay
2020-03-20,2545.0,-6836.0,0.0,0,228.8,0.0,1,8.08,76.44,SPY200331P00305000,305.0,0,0.0,0.0,,0.0,normalDay
2020-03-23,2545.0,-7630.0,0.0,0,222.95,0.0,1,8.08,84.38,SPY200331P00305000,305.0,0,0.0,0.0,,0.0,normalDay
2020-03-24,2545.0,-5484.0,0.0,0,243.15,0.0,1,8.08,62.92,SPY200331P00305000,305.0,0,0.0,0.0,,0.0,normalDay
2020-03-25,2545.0,-5014.0,0.0,0,246.79,0.0,1,8.08,58.22,SPY200331P00305000,305.0,0,0.0,0.0,,0.0,normalDay
2020-03-26,2545.0,-3654.0,0.0,0,261.2,0.0,1,8.08,44.62,SPY200331P00305000,305.0,0,0.0,0.0,,0.0,normalDay
2020-03-27,2545.0,-4438.0,0.0,0,253.42,0.0,1,8.08,52.46,SPY200331P00305000,305.0,0,0.0,0.0,,0.0,normalDay
2020-03-30,2545.0,-3631.0,0.0,0,261.65,0.0,1,8.08,44.39,SPY200331P00305000,305.0,0,0.0,0.0,,0.0,normalDay
2020-03-31,3353.0,-4725.0,808.0,100,257.75,305.0,1,8.08,0.0,SPY200331P00305000,305.0,0,0.0,0.0,,0.0,expirationDay
2020-04-01,3353.0,-5892.0,0.0,100,246.15,305.0,0,0.0,0.0,,0.0,1,4.42,4.49,SPY200515C00273000,273.0,normalDay
2020-04-02,3353.0,-5396.0,0.0,100,251.83,305.0,0,0.0,0.0,,0.0,1,4.42,5.21,SPY200515C00273000,273.0,normalDay
2020-04-03,3353.0,-5548.0,0.0,100,248.19,305.0,0,0.0,0.0,,0.0,1,4.42,3.09,SPY200515C00273000,273.0,normalDay
2020-04-06,3353.0,-4452.0,0.0,100,264.86,305.0,0,0.0,0.0,,0.0,1,4.42,8.8,SPY200515C00273000,273.0,normalDay
2020-04-07,3353.0,-4439.0,0.0,100,265.13,305.0,0,0.0,0.0,,0.0,1,4.42,8.94,SPY200515C00273000,273.0,normalDay
2020-04-08,3353.0,-4033.0,0.0,100,274.03,305.0,0,0.0,0.0,,0.0,1,4.42,13.78,SPY200515C00273000,273.0,normalDay
2020-04-09,3353.0,-3865.0,0.0,100,278.2,305.0,0,0.0,0.0,,0.0,1,4.42,16.27,SPY200515C00273000,273.0,normalDay
2020-04-13,3353.0,-3871.0,0.0,100,275.66,305.0,0,0.0,0.0,,0.0,1,4.42,13.79,SPY200515C00273000,273.0,normalDay
2020-04-14,3353.0,-3527.0,0.0,100,283.79,305.0,0,0.0,0.0,,0.0,1,4.42,18.48,SPY200515C00273000,273.0,normalDay
2020-04-15,3353.0,-3735.0,0.0,100,277.76,305.0,0,0.0,0.0,,0.0,1,4.42,14.53,SPY200515C00273000,273.0,normalDay
2020-04-16,3353.0,-3666.0,0.0,100,279.1,305.0,0,0.0,0.0,,0.0,1,4.42,15.18,SPY200515C00273000,273.0,normalDay
2020-04-17,3353.0,-3416.0,0.0,100,286.64,305.0,0,0.0,0.0,,0.0,1,4.42,20.22,SPY200515C00273000,273.0,normalDay
2020-04-20,3353.0,-3596.0,0.0,100,281.59,305.0,0,0.0,0.0,,0.0,1,4.42,16.97,SPY200515C00273000,273.0,normalDay
2020-04-21,3353.0,-3936.0,0.0,100,273.04,305.0,0,0.0,0.0,,0.0,1,4.42,11.82,SPY200515C00273000,273.0,normalDay
2020-04-22,3353.0,-3563.0,0.0,100,279.1,305.0,0,0.0,0.0,,0.0,1,4.42,14.15,SPY200515C00273000,273.0,normalDay
2020-04-23,3353.0,-3517.0,0.0,100,279.08,305.0,0,0.0,0.0,,0.0,1,4.42,13.67,SPY200515C00273000,273.0,normalDay
2020-04-24,3353.0,-3268.0,0.0,100,282.97,305.0,0,0.0,0.0,,0.0,1,4.42,15.07,SPY200515C00273000,273.0,normalDay
2020-04-27,3353.0,-3104.0,0.0,100,287.05,305.0,0,0.0,0.0,,0.0,1,4.42,17.51,SPY200515C00273000,273.0,normalDay
2020-04-28,3353.0,-3160.0,0.0,100,285.73,305.0,0,0.0,0.0,,0.0,1,4.42,16.75,SPY200515C00273000,273.0,normalDay
2020-04-29,3353.0,-2969.0,0.0,100,293.21,305.0,0,0.0,0.0,,0.0,1,4.42,22.32,SPY200515C00273000,273.0,normalDay
2020-04-30,3353.0,-2947.0,0.0,100,290.48,305.0,0,0.0,0.0,,0.0,1,4.42,19.37,SPY200515C00273000,273.0,normalDay
2020-05-01,3353.0,-3178.0,0.0,100,282.79,305.0,0,0.0,0.0,,0.0,1,4.42,13.99,SPY200515C00273000,273.0,normalDay
2020-05-04,3353.0,-3033.0,0.0,100,283.57,305.0,0,0.0,0.0,,0.0,1,4.42,13.32,SPY200515C00273000,273.0,normalDay
2020-05-05,3353.0,-2962.0,0.0,100,286.19,305.0,0,0.0,0.0,,0.0,1,4.42,15.23,SPY200515C00273000,273.0,normalDay
2020-05-06,3353.0,-2964.0,0.0,100,284.25,305.0,0,0.0,0.0,,0.0,1,4.42,13.31,SPY200515C00273000,273.0,normalDay
2020-05-07,3353.0,-2912.0,0.0,100,287.68,305.0,0,0.0,0.0,,0.0,1,4.42,16.22,SPY200515C00273000,273.0,normalDay
2020-05-08,3353.0,-2839.0,0.0,100,292.44,305.0,0,0.0,0.0,,0.0,1,4.42,20.25,SPY200515C00273000,273.0,normalDay
2020-05-11,3353.0,-2743.0,0.0,100,292.5,305.0,0,0.0,0.0,,0.0,1,4.42,19.35,SPY200515C00273000,273.0,normalDay
2020-05-12,3353.0,-2739.0,0.0,100,286.67,305.0,0,0.0,0.0,,0.0,1,4.42,13.48,SPY200515C00273000,273.0,normalDay
2020-05-13,3353.0,-2886.0,0.0,100,281.6,305.0,0,0.0,0.0,,0.0,1,4.42,9.88,SPY200515C00273000,273.0,normalDay
2020-05-14,3353.0,-2815.0,0.0,100,284.97,305.0,0,0.0,0.0,,0.0,1,4.42,12.54,SPY200515C00273000,273.0,normalDay
2020-05-15,595.0,-2815.0,-2758.0,0,286.28,0.0,0,0.0,0.0,,0.0,1,4.42,0.0,SPY200515C00273000,273.0,expirationDay
2020-05-18,595.0,-42.0,0.0,0,295.0,0.0,1,15.35,15.77,SPY200930P00284000,284.0,0,0.0,0.0,,0.0,normalDay
2020-05-19,595.0,-158.0,0.0,0,291.97,0.0,1,15.35,16.93,SPY200930P00284000,284.0,0,0.0,0.0,,0.0,normalDay
2020-05-20,595.0,86.0,0.0,0,296.93,0.0,1,15.35,14.49,SPY200930P00284000,284.0,0,0.0,0.0,,0.0,normalDay
2020-05-21,595.0,-45.0,0.0,0,294.88,0.0,1,15.35,15.8,SPY200930P00284000,284.0,0,0.0,0.0,,0.0,normalDay
2020-05-22,595.0,-1.0,0.0,0,295.44,0.0,1,15.35,15.36,SPY200930P00284000,284.0,0,0.0,0.0,,0.0,normalDay
2020-05-26,595.0,171.0,0.0,0,299.08,0.0,1,15.35,13.64,SPY200930P00284000,284.0,0,0.0,0.0,,0.0,normalDay
2020-05-27,595.0,329.0,0.0,0,303.53,0.0,1,15.35,12.06,SPY200930P00284000,284.0,0,0.0,0.0,,0.0,normalDay
2020-05-28,595.0,309.0,0.0,0,302.97,0.0,1,15.35,12.26,SPY200930P00284000,284.0,0,0.0,0.0,,0.0,normalDay
2020-05-29,595.0,369.0,0.0,0,304.32,0.0,1,15.35,11.66,SPY200930P00284000,284.0,0,0.0,0.0,,0.0,normalDay
2020-06-01,595.0,366.0,0.0,0,305.55,0.0,1,15.35,11.69,SPY200930P00284000,284.0,0,0.0,0.0,,0.0,normalDay
2020-06-02,595.0,466.0,0.0,0,308.08,0.0,1,15.35,10.69,SPY200930P00284000,284.0,0,0.0,0.0,,0.0,normalDay
2020-06-03,595.0,594.0,0.0,0,312.18,0.0,1,15.35,9.41,SPY200930P00284000,284.0,0,0.0,0.0,,0.0,normalDay
2020-06-04,595.0,587.0,0.0,0,311.36,0.0,1,15.35,9.48,SPY200930P00284000,284.0,0,0.0,0.0,,0.0,normalDay
2020-06-05,595.0,789.0,0.0,0,319.34,0.0,1,15.35,7.46,SPY200930P00284000,284.0,0,0.0,0.0,,0.0,normalDay
2020-06-08,595.0,836.0,0.0,0,323.2,0.0,1,15.35,6.99,SPY200930P00284000,284.0,0,0.0,0.0,,0.0,normalDay
2020-06-09,595.0,748.0,0.0,0,320.79,0.0,1,15.35,7.87,SPY200930P00284000,284.0,0,0.0,0.0,,0.0,normalDay
2020-06-10,595.0,692.0,0.0,0,319.0,0.0,1,15.35,8.43,SPY200930P00284000,284.0,0,0.0,0.0,,0.0,normalDay
2020-06-11,595.0,-120.0,0.0,0,300.61,0.0,1,15.35,16.55,SPY200930P00284000,284.0,0,0.0,0.0,,0.0,normalDay
2020-06-12,595.0,85.0,0.0,0,304.21,0.0,1,15.35,14.5,SPY200930P00284000,284.0,0,0.0,0.0,,0.0,normalDay
2020-06-15,595.0,259.0,0.0,0,307.05,0.0,1,15.35,12.76,SPY200930P00284000,284.0,0,0.0,0.0,,0.0,normalDay
2020-06-16,595.0,421.0,0.0,0,312.96,0.0,1,15.35,11.14,SPY200930P00284000,284.0,0,0.0,0.0,,0.0,normalDay
2020-06-17,595.0,418.0,0.0,0,311.66,0.0,1,15.35,11.17,SPY200930P00284000,284.0,0,0.0,0.0,,0.0,normalDay
2020-06-18,595.0,434.0,0.0,0,311.78,0.0,1,15.35,11.01,SPY200930P00284000,284.0,0,0.0,0.0,,0.0,normalDay
2020-06-19,595.0,322.0,0.0,0,308.64,0.0,1,15.35,12.13,SPY200930P00284000,284.0,0,0.0,0.0,,0.0,normalDay
2020-06-22,595.0,523.0,0.0,0,310.62,0.0,1,15.35,10.12,SPY200930P00284000,284.0,0,0.0,0.0,,0.0,normalDay
2020-06-23,595.0,566.0,0.0,0,312.05,0.0,1,15.35,9.69,SPY200930P00284000,284.0,0,0.0,0.0,,0.0,normalDay
2020-06-24,595.0,337.0,0.0,0,304.09,0.0,1,15.35,11.98,SPY200930P00284000,284.0,0,0.0,0.0,,0.0,normalDay
2020-06-25,595.0,493.0,0.0,0,307.35,0.0,1,15.35,10.42,SPY200930P00284000,284.0,0,0.0,0.0,,0.0,normalDay
2020-06-26,595.0,272.0,0.0,0,300.05,0.0,1,15.35,12.63,SPY200930P00284000,284.0,0,0.0,0.0,,0.0,normalDay
2020-06-29,595.0,461.0,0.0,0,304.46,0.0,1,15.35,10.74,SPY200930P00284000,284.0,0,0.0,0.0,,0.0,normalDay
2020-06-30,595.0,610.0,0.0,0,308.36,0.0,1,15.35,9.25,SPY200930P00284000,284.0,0,0.0,0.0,,0.0,normalDay
2020-07-01,595.0,695.0,0.0,0,310.52,0.0,1,15.35,8.4,SPY200930P00284000,284.0,0,0.0,0.0,,0.0,normalDay
2020-07-02,595.0,767.0,0.0,0,312.23,0.0,1,15.35,7.68,SPY200930P00284000,284.0,0,0.0,0.0,,0.0,normalDay
2020-07-06,595.0,862.0,0.0,0,317.05,0.0,1,15.35,6.73,SPY200930P00284000,284.0,0,0.0,0.0,,0.0,normalDay
2020-07-07,595.0,775.0,0.0,0,313.78,0.0,1,15.35,7.6,SPY200930P00284000,284.0,0,0.0,0.0,,0.0,normalDay
2020-07-08,595.0,856.0,0.0,0,316.18,0.0,1,15.35,6.79,SPY200930P00284000,284.0,0,0.0,0.0,,0.0,normalDay
2020-07-09,595.0,795.0,0.0,0,314.38,0.0,1,15.35,7.4,SPY200930P00284000,284.0,0,0.0,0.0,,0.0,normalDay
2020-07-10,595.0,896.0,0.0,0,317.59,0.0,1,15.35,6.39,SPY200930P00284000,284.0,0,0.0,0.0,,0.0,normalDay
2020-07-13,595.0,738.0,0.0,0,314.84,0.0,1,15.35,7.97,SPY200930P00284000,284.0,0,0.0,0.0,,0.0,normalDay
2020-07-14,595.0,891.0,0.0,0,318.92,0.0,1,15.35,6.44,SPY200930P00284000,284.0,0,0.0,0.0,,0.0,normalDay
2020-07-15,595.0,974.0,0.0,0,321.85,0.0,1,15.35,5.61,SPY200930P00284000,284.0,0,0.0,0.0,,0.0,normalDay
2020-07-16,595.0,957.0,0.0,0,320.79,0.0,1,15.35,5.78,SPY200930P00284000,284.0,0,0.0,0.0,,0.0,normalDay
2020-07-17,595.0,1055.0,0.0,0,321.72,0.0,1,15.35,4.8,SPY200930P00284000,284.0,0,0.0,0.0,,0.0,normalDay
2020-07-20,595.0,1133.0,0.0,0,324.32,0.0,1,15.35,4.02,SPY200930P00284000,284.0,0,0.0,0.0,,0.0,normalDay
2020-07-21,595.0,1139.0,0.0,0,325.01,0.0,1,15.35,3.96,SPY200930P00284000,284.0,0,0.0,0.0,,0.0,normalDay
2020-07-22,595.0,1169.0,0.0,0,326.86,0.0,1,15.35,3.66,SPY200930P00284000,284.0,0,0.0,0.0,,0.0,normalDay
2020-07-23,595.0,1092.0,0.0,0,322.96,0.0,1,15.35,4.43,SPY200930P00284000,284.0,0,0.0,0.0,,0.0,normalDay
2020-07-24,595.0,1094.0,0.0,0,320.88,0.0,1,15.35,4.41,SPY200930P00284000,284.0,0,0.0,0.0,,0.0,normalDay
2020-07-27,595.0,1159.0,0.0,0,323.22,0.0,1,15.35,3.76,SPY200930P00284000,284.0,0,0.0,0.0,,0.0,normalDay
2020-07-28,595.0,1133.0,0.0,0,321.17,0.0,1,15.35,4.02,SPY200930P00284000,284.0,0,0.0,0.0,,0.0,normalDay
2020-07-29,595.0,1203.0,0.0,0,325.12,0.0,1,15.35,3.32,SPY200930P00284000,284.0,0,0.0,0.0,,0.0,normalDay
2020-07-30,595.0,1178.0,0.0,0,323.96,0.0,1,15.35,3.57,SPY200930P00284000,284.0,0,0.0,0.0,,0.0,normalDay
2020-07-31,595.0,1228.0,0.0,0,326.52,0.0,1,15.35,3.07,SPY200930P00284000,284.0,0,0.0,0.0,,0.0,normalDay
2020-08-03,595.0,1261.0,0.0,0,328.79,0.0,1,15.35,2.74,SPY200930P00284000,284.0,0,0.0,0.0,,0.0,normalDay
2020-08-04,595.0,1290.0,0.0,0,330.06,0.0,1,15.35,2.45,SPY200930P00284000,284.0,0,0.0,0.0,,0.0,normalDay
2020-08-05,595.0,1320.0,0.0,0,332.11,0.0,1,15.35,2.15,SPY200930P00284000,284.0,0,0.0,0.0,,0.0,normalDay
2020-08-06,595.0,1338.0,0.0,0,334.33,0.0,1,15.35,1.97,SPY200930P00284000,284.0,0,0.0,0.0,,0.0,normalDay
2020-08-07,595.0,1346.0,0.0,0,334.57,0.0,1,15.35,1.89,SPY200930P00284000,284.0,0,0.0,0.0,,0.0,normalDay
2020-08-10,595.0,1366.0,0.0,0,335.57,0.0,1,15.35,1.69,SPY200930P00284000,284.0,0,0.0,0.0,,0.0,normalDay
2020-08-11,595.0,1325.0,0.0,0,332.8,0.0,1,15.35,2.1,SPY200930P00284000,284.0,0,0.0,0.0,,0.0,normalDay
2020-08-12,595.0,1380.0,0.0,0,337.44,0.0,1,15.35,1.55,SPY200930P00284000,284.0,0,0.0,0.0,,0.0,normalDay
2020-08-13,595.0,1380.0,0.0,0,336.83,0.0,1,15.35,1.55,SPY200930P00284000,284.0,0,0.0,0.0,,0.0,normalDay
2020-08-14,595.0,1389.0,0.0,0,336.84,0.0,1,15.35,1.46,SPY200930P00284000,284.0,0,0.0,0.0,,0.0,normalDay
2020-08-17,595.0,1415.0,0.0,0,337.91,0.0,1,15.35,1.2,SPY200930P00284000,284.0,0,0.0,0.0,,0.0,normalDay
2020-08-18,595.0,1423.0,0.0,0,338.64,0.0,1,15.35,1.12,SPY200930P00284000,284.0,0,0.0,0.0,,0.0,normalDay
2020-08-19,595.0,1411.0,0.0,0,337.23,0.0,1,15.35,1.24,SPY200930P00284000,284.0,0,0.0,0.0,,0.0,normalDay
2020-08-20,595.0,1417.0,0.0,0,338.28,0.0,1,15.35,1.18,SPY200930P00284000,284.0,0,0.0,0.0,,0.0,normalDay
2020-08-21,595.0,1428.0,0.0,0,339.48,0.0,1,15.35,1.07,SPY200930P00284000,284.0,0,0.0,0.0,,0.0,normalDay
2020-08-24,595.0,1448.0,0.0,0,342.92,0.0,1,15.35,0.87,SPY200930P00284000,284.0,0,0.0,0.0,,0.0,normalDay
2020-08-25,595.0,1459.0,0.0,0,344.12,0.0,1,15.35,0.76,SPY200930P00284000,284.0,0,0.0,0.0,,0.0,normalDay
2020-08-26,595.0,1460.0,0.0,0,347.57,0.0,1,15.35,0.75,SPY200930P00284000,284.0,0,0.0,0.0,,0.0,normalDay
2020-08-27,595.0,1455.0,0.0,0,348.33,0.0,1,15.35,0.8,SPY200930P00284000,284.0,0,0.0,0.0,,0.0,normalDay
2020-08-28,595.0,1474.0,0.0,0,350.58,0.0,1,15.35,0.61,SPY200930P00284000,284.0,0,0.0,0.0,,0.0,normalDay
2020-08-31,595.0,1458.0,0.0,0,349.31,0.0,1,15.35,0.77,SPY200930P00284000,284.0,0,0.0,0.0,,0.0,normalDay
2020-09-01,595.0,1467.0,0.0,0,352.6,0.0,1,15.35,0.68,SPY200930P00284000,284.0,0,0.0,0.0,,0.0,normalDay
2020-09-02,595.0,1480.0,0.0,0,357.7,0.0,1,15.35,0.55,SPY200930P00284000,284.0,0,0.0,0.0,,0.0,normalDay
2020-09-03,595.0,1417.0,0.0,0,345.39,0.0,1,15.35,1.18,SPY200930P00284000,284.0,0,0.0,0.0,,0.0,normalDay
2020-09-04,595.0,1432.0,0.0,0,342.57,0.0,1,15.35,1.03,SPY200930P00284000,284.0,0,0.0,0.0,,0.0,normalDay
2020-09-08,595.0,1428.0,0.0,0,333.21,0.0,1,15.35,1.07,SPY200930P00284000,284.0,0,0.0,0.0,,0.0,normalDay
2020-09-09,595.0,1471.0,0.0,0,339.79,0.0,1,15.35,0.64,SPY200930P00284000,284.0,0,0.0,0.0,,0.0,normalDay
2020-09-10,595.0,1458.0,0.0,0,333.89,0.0,1,15.35,0.77,SPY200930P00284000,284.0,0,0.0,0.0,,0.0,normalDay
2020-09-11,595.0,1492.0,0.0,0,334.06,0.0,1,15.35,0.43,SPY200930P00284000,284.0,0,0.0,0.0,,0.0,normalDay
2020-09-14,595.0,1511.0,0.0,0,338.46,0.0,1,15.35,0.24,SPY200930P00284000,284.0,0,0.0,0.0,,0.0,normalDay
2020-09-15,595.0,1515.0,0.0,0,340.17,0.0,1,15.35,0.2,SPY200930P00284000,284.0,0,0.0,0.0,,0.0,normalDay
2020-09-16,595.0,1514.0,0.0,0,338.82,0.0,1,15.35,0.21,SPY200930P00284000,284.0,0,0.0,0.0,,0.0,normalDay
2020-09-17,595.0,1515.0,0.0,0,335.84,0.0,1,15.35,0.2,SPY200930P00284000,284.0,0,0.0,0.0,,0.0,normalDay
2020-09-18,595.0,1517.0,0.0,0,330.65,0.0,1,15.35,0.18,SPY200930P00284000,284.0,0,0.0,0.0,,0.0,normalDay
2020-09-21,595.0,1521.0,0.0,0,326.97,0.0,1,15.35,0.14,SPY200930P00284000,284.0,0,0.0,0.0,,0.0,normalDay
2020-09-22,595.0,1528.0,0.0,0,330.3,0.0,1,15.35,0.07,SPY200930P00284000,284.0,0,0.0,0.0,,0.0,normalDay
2020-09-23,595.0,1524.0,0.0,0,322.64,0.0,1,15.35,0.11,SPY200930P00284000,284.0,0,0.0,0.0,,0.0,normalDay
2020-09-24,595.0,1528.0,0.0,0,323.5,0.0,1,15.35,0.07,SPY200930P00284000,284.0,0,0.0,0.0,,0.0,normalDay
2020-09-25,595.0,1533.0,0.0,0,328.73,0.0,1,15.35,0.02,SPY200930P00284000,284.0,0,0.0,0.0,,0.0,normalDay
2020-09-28,595.0,1534.0,0.0,0,334.19,0.0,1,15.35,0.01,SPY200930P00284000,284.0,0,0.0,0.0,,0.0,normalDay
2020-09-29,595.0,1534.0,0.0,0,332.37,0.0,1,15.35,0.01,SPY200930P00284000,284.0,0,0.0,0.0,,0.0,normalDay
2020-09-30,2130.0,0.0,1535.0,0,334.89,0.0,1,15.35,0.0,SPY200930P00284000,284.0,0,0.0,0.0,,0.0,expirationDay
2020-10-01,2130.0,-13.0,0.0,0,337.04,0.0,1,20.36,20.49,SPY210219P00332000,332.0,0,0.0,0.0,,0.0,normalDay
2020-10-02,2130.0,-157.0,0.0,0,333.84,0.0,1,20.36,21.93,SPY210219P00332000,332.0,0,0.0,0.0,,0.0,normalDay
2020-10-05,2130.0,114.0,0.0,0,339.76,0.0,1,20.36,19.22,SPY210219P00332000,332.0,0,0.0,0.0,,0.0,normalDay
2020-10-06,2130.0,-55.0,0.0,0,334.93,0.0,1,20.36,20.91,SPY210219P00332000,332.0,0,0.0,0.0,,0.0,normalDay
2020-10-07,2130.0,223.0,0.0,0,340.76,0.0,1,20.36,18.13,SPY210219P00332000,332.0,0,0.0,0.0,,0.0,normalDay
2020-10-08,2130.0,385.0,0.0,0,343.78,0.0,1,20.36,16.51,SPY210219P00332000,332.0,0,0.0,0.0,,0.0,normalDay
2020-10-09,2130.0,583.0,0.0,0,346.85,0.0,1,20.36,14.53,SPY210219P00332000,332.0,0,0.0,0.0,,0.0,normalDay
2020-10-12,2130.0,763.0,0.0,0,352.43,0.0,1,20.36,12.73,SPY210219P00332000,332.0,0,0.0,0.0,,0.0,normalDay
2020-10-13,2130.0,689.0,0.0,0,350.13,0.0,1,20.36,13.47,SPY210219P00332000,332.0,0,0.0,0.0,,0.0,normalDay
2020-10-14,2130.0,642.0,0.0,0,347.93,0.0,1,20.36,13.94,SPY210219P00332000,332.0,0,0.0,0.0,,0.0,normalDay
2020-10-15,2130.0,626.0,0.0,0,347.5,0.0,1,20.36,14.1,SPY210219P00332000,332.0,0,0.0,0.0,,0.0,normalDay
2020-10-16,2130.0,580.0,0.0,0,347.29,0.0,1,20.36,14.56,SPY210219P00332000,332.0,0,0.0,0.0,,0.0,normalDay
2020-10-19,2130.0,403.0,0.0,0,342.01,0.0,1,20.36,16.33,SPY210219P00332000,332.0,0,0.0,0.0,,0.0,normalDay
2020-10-20,2130.0,430.0,0.0,0,343.38,0.0,1,20.36,16.06,SPY210219P00332000,332.0,0,0.0,0.0,,0.0,normalDay
2020-10-21,2130.0,485.0,0.0,0,342.73,0.0,1,20.36,15.51,SPY210219P00332000,332.0,0,0.0,0.0,,0.0,normalDay
2020-10-22,2130.0,546.0,0.0,0,344.61,0.0,1,20.36,14.9,SPY210219P00332000,332.0,0,0.0,0.0,,0.0,normalDay
2020-10-23,2130.0,594.0,0.0,0,345.78,0.0,1,20.36,14.42,SPY210219P00332000,332.0,0,0.0,0.0,,0.0,normalDay
2020-10-26,2130.0,304.0,0.0,0,339.39,0.0,1,20.36,17.32,SPY210219P00332000,332.0,0,0.0,0.0,,0.0,normalDay
2020-10-27,2130.0,265.0,0.0,0,338.22,0.0,1,20.36,17.71,SPY210219P00332000,332.0,0,0.0,0.0,,0.0,normalDay
2020-10-28,2130.0,-437.0,0.0,0,326.66,0.0,1,20.36,24.73,SPY210219P00332000,332.0,0,0.0,0.0,,0.0,normalDay
2020-10-29,2130.0,-127.0,0.0,0,329.98,0.0,1,20.36,21.63,SPY210219P00332000,332.0,0,0.0,0.0,,0.0,normalDay
2020-10-30,2130.0,-304.0,0.0,0,326.54,0.0,1,20.36,23.4,SPY210219P00332000,332.0,0,0.0,0.0,,0.0,normalDay
2020-11-02,2130.0,-57.0,0.0,0,330.2,0.0,1,20.36,20.93,SPY210219P00332000,332.0,0,0.0,0.0,,0.0,normalDay
2020-11-03,2130.0,205.0,0.0,0,336.03,0.0,1,20.36,18.31,SPY210219P00332000,332.0,0,0.0,0.0,,0.0,normalDay
2020-11-04,2130.0,635.0,0.0,0,343.54,0.0,1,20.36,14.01,SPY210219P00332000,332.0,0,0.0,0.0,,0.0,normalDay
2020-11-05,2130.0,829.0,0.0,0,350.24,0.0,1,20.36,12.07,SPY210219P00332000,332.0,0,0.0,0.0,,0.0,normalDay
2020-11-06,2130.0,900.0,0.0,0,350.16,0.0,1,20.36,11.36,SPY210219P00332000,332.0,0,0.0,0.0,,0.0,normalDay
2020-11-09,2130.0,1080.0,0.0,0,354.56,0.0,1,20.36,9.56,SPY210219P00332000,332.0,0,0.0,0.0,,0.0,normalDay
2020-11-10,2130.0,1094.0,0.0,0,354.04,0.0,1,20.36,9.42,SPY210219P00332000,332.0,0,0.0,0.0,,0.0,normalDay
2020-11-11,2130.0,1193.0,0.0,0,356.67,0.0,1,20.36,8.43,SPY210219P00332000,332.0,0,0.0,0.0,,0.0,normalDay
2020-11-12,2130.0,1058.0,0.0,0,353.21,0.0,1,20.36,9.78,SPY210219P00332000,332.0,0,0.0,0.0,,0.0,normalDay
2020-11-13,2130.0,1210.0,0.0,0,358.1,0.0,1,20.36,8.26,SPY210219P00332000,332.0,0,0.0,0.0,,0.0,normalDay
2020-11-16,2130.0,1317.0,0.0,0,362.57,0.0,1,20.36,7.19,SPY210219P00332000,332.0,0,0.0,0.0,,0.0,normalDay
2020-11-17,2130.0,1296.0,0.0,0,360.62,0.0,1,20.36,7.4,SPY210219P00332000,332.0,0,0.0,0.0,,0.0,normalDay
2020-11-18,2130.0,1195.0,0.0,0,356.28,0.0,1,20.36,8.41,SPY210219P00332000,332.0,0,0.0,0.0,,0.0,normalDay
2020-11-19,2130.0,1260.0,0.0,0,357.78,0.0,1,20.36,7.76,SPY210219P00332000,332.0,0,0.0,0.0,,0.0,normalDay
2020-11-20,2130.0,1194.0,0.0,0,355.33,0.0,1,20.36,8.42,SPY210219P00332000,332.0,0,0.0,0.0,,0.0,normalDay
2020-11-23,2130.0,1290.0,0.0,0,357.46,0.0,1,20.36,7.46,SPY210219P00332000,332.0,0,0.0,0.0,,0.0,normalDay
2020-11-24,2130.0,1418.0,0.0,0,363.22,0.0,1,20.36,6.18,SPY210219P00332000,332.0,0,0.0,0.0,,0.0,normalDay
2020-11-25,2130.0,1434.0,0.0,0,362.66,0.0,1,20.36,6.02,SPY210219P00332000,332.0,0,0.0,0.0,,0.0,normalDay
2020-11-27,2130.0,1461.0,0.0,0,363.67,0.0,1,20.36,5.75,SPY210219P00332000,332.0,0,0.0,0.0,,0.0,normalDay
2020-11-30,2130.0,1478.0,0.0,0,362.06,0.0,1,20.36,5.58,SPY210219P00332000,332.0,0,0.0,0.0,,0.0,normalDay
2020-12-01,2130.0,1521.0,0.0,0,366.02,0.0,1,20.36,5.15,SPY210219P00332000,332.0,0,0.0,0.0,,0.0,normalDay
2020-12-02,2130.0,1541.0,0.0,0,366.79,0.0,1,20.36,4.95,SPY210219P00332000,332.0,0,0.0,0.0,,0.0,normalDay
2020-12-03,2130.0,1537.0,0.0,0,366.69,0.0,1,20.36,4.99,SPY210219P00332000,332.0,0,0.0,0.0,,0.0,normalDay
2020-12-04,2130.0,1597.0,0.0,0,369.85,0.0,1,20.36,4.39,SPY210219P00332000,332.0,0,0.0,0.0,,0.0,normalDay
2020-12-07,2130.0,1591.0,0.0,0,369.09,0.0,1,20.36,4.45,SPY210219P00332000,332.0,0,0.0,0.0,,0.0,normalDay
2020-12-08,2130.0,1642.0,0.0,0,370.17,0.0,1,20.36,3.94,SPY210219P00332000,332.0,0,0.0,0.0,,0.0,normalDay
2020-12-09,2130.0,1570.0,0.0,0,366.85,0.0,1,20.36,4.66,SPY210219P00332000,332.0,0,0.0,0.0,,0.0,normalDay
2020-12-10,2130.0,1574.0,0.0,0,366.73,0.0,1,20.36,4.62,SPY210219P00332000,332.0,0,0.0,0.0,,0.0,normalDay
2020-12-11,2130.0,1544.0,0.0,0,366.3,0.0,1,20.36,4.92,SPY210219P00332000,332.0,0,0.0,0.0,,0.0,normalDay
2020-12-14,2130.0,1515.0,0.0,0,364.66,0.0,1,20.36,5.21,SPY210219P00332000,332.0,0,0.0,0.0,,0.0,normalDay
2020-12-15,2130.0,1606.0,0.0,0,369.59,0.0,1,20.36,4.3,SPY210219P00332000,332.0,0,0.0,0.0,,0.0,normalDay
2020-12-16,2130.0,1646.0,0.0,0,370.17,0.0,1,20.36,3.9,SPY210219P00332000,332.0,0,0.0,0.0,,0.0,normalDay
2020-12-17,2130.0,1695.0,0.0,0,372.24,0.0,1,20.36,3.41,SPY210219P00332000,332.0,0,0.0,0.0,,0.0,normalDay
2020-12-18,2130.0,1692.0,0.0,0,369.18,0.0,1,20.36,3.44,SPY210219P00332000,332.0,0,0.0,0.0,,0.0,normalDay
2020-12-21,2130.0,1604.0,0.0,0,367.86,0.0,1,20.36,4.32,SPY210219P00332000,332.0,0,0.0,0.0,,0.0,normalDay
2020-12-22,2130.0,1628.0,0.0,0,367.24,0.0,1,20.36,4.08,SPY210219P00332000,332.0,0,0.0,0.0,,0.0,normalDay
2020-12-23,2130.0,1667.0,0.0,0,367.57,0.0,1,20.36,3.69,SPY210219P00332000,332.0,0,0.0,0.0,,0.0,normalDay
2020-12-24,2130.0,1723.0,0.0,0,369.0,0.0,1,20.36,3.13,SPY210219P00332000,332.0,0,0.0,0.0,,0.0,normalDay
2020-12-28,2130.0,1776.0,0.0,0,372.17,0.0,1,20.36,2.6,SPY210219P00332000,332.0,0,0.0,0.0,,0.0,normalDay
2020-12-29,2130.0,1743.0,0.0,0,371.46,0.0,1,20.36,2.93,SPY210219P00332000,332.0,0,0.0,0.0,,0.0,normalDay
2020-12-30,2130.0,1776.0,0.0,0,371.99,0.0,1,20.36,2.6,SPY210219P00332000,332.0,0,0.0,0.0,,0.0,normalDay
2020-12-31,2130.0,1800.0,0.0,0,373.88,0.0,1,20.36,2.36,SPY210219P00332000,332.0,0,0.0,0.0,,0.0,normalDay
2021-01-04,2130.0,1715.0,0.0,0,368.79,0.0,1,20.36,3.21,SPY210219P00332000,332.0,0,0.0,0.0,,0.0,normalDay
2021-01-05,2130.0,1765.0,0.0,0,371.33,0.0,1,20.36,2.71,SPY210219P00332000,332.0,0,0.0,0.0,,0.0,normalDay
2021-01-06,2130.0,1784.0,0.0,0,373.55,0.0,1,20.36,2.52,SPY210219P00332000,332.0,0,0.0,0.0,,0.0,normalDay
2021-01-07,2130.0,1875.0,0.0,0,379.1,0.0,1,20.36,1.61,SPY210219P00332000,332.0,0,0.0,0.0,,0.0,normalDay
2021-01-08,2130.0,1895.0,0.0,0,381.26,0.0,1,20.36,1.41,SPY210219P00332000,332.0,0,0.0,0.0,,0.0,normalDay
2021-01-11,2130.0,1863.0,0.0,0,378.69,0.0,1,20.36,1.73,SPY210219P00332000,332.0,0,0.0,0.0,,0.0,normalDay
2021-01-12,2130.0,1880.0,0.0,0,378.77,0.0,1,20.36,1.56,SPY210219P00332000,332.0,0,0.0,0.0,,0.0,normalDay
2021-01-13,2130.0,1905.0,0.0,0,379.79,0.0,1,20.36,1.31,SPY210219P00332000,332.0,0,0.0,0.0,,0.0,normalDay
2021-01-14,2130.0,1889.0,0.0,0,378.46,0.0,1,20.36,1.47,SPY210219P00332000,332.0,0,0.0,0.0,,0.0,normalDay
2021-01-15,2130.0,1862.0,0.0,0,375.7,0.0,1,20.36,1.74,SPY210219P00332000,332.0,0,0.0,0.0,,0.0,normalDay
2021-01-19,2130.0,1912.0,0.0,0,378.65,0.0,1,20.36,1.24,SPY210219P00332000,332.0,0,0.0,0.0,,0.0,normalDay
2021-01-20,2130.0,1950.0,0.0,0,383.89,0.0,1,20.36,0.86,SPY210219P00332000,332.0,0,0.0,0.0,,0.0,normalDay
2021-01-21,2130.0,1960.0,0.0,0,384.24,0.0,1,20.36,0.76,SPY210219P00332000,332.0,0,0.0,0.0,,0.0,normalDay
2021-01-22,2130.0,1957.0,0.0,0,382.88,0.0,1,20.36,0.79,SPY210219P00332000,332.0,0,0.0,0.0,,0.0,normalDay
2021-01-25,2130.0,1964.0,0.0,0,384.39,0.0,1,20.36,0.72,SPY210219P00332000,332.0,0,0.0,0.0,,0.0,normalDay
2021-01-26,2130.0,1973.0,0.0,0,383.79,0.0,1,20.36,0.63,SPY210219P00332000,332.0,0,0.0,0.0,,0.0,normalDay
2021-01-27,2130.0,1827.0,0.0,0,374.41,0.0,1,20.36,2.09,SPY210219P00332000,332.0,0,0.0,0.0,,0.0,normalDay
2021-01-28,2130.0,1893.0,0.0,0,377.63,0.0,1,20.36,1.43,SPY210219P00332000,332.0,0,0.0,0.0,,0.0,normalDay
2021-01-29,2130.0,1794.0,0.0,0,370.07,0.0,1,20.36,2.42,SPY210219P00332000,332.0,0,0.0,0.0,,0.0,normalDay
2021-02-01,2130.0,1926.0,0.0,0,376.23,0.0,1,20.36,1.1,SPY210219P00332000,332.0,0,0.0,0.0,,0.0,normalDay
2021-02-02,2130.0,1985.0,0.0,0,381.55,0.0,1,20.36,0.51,SPY210219P00332000,332.0,0,0.0,0.0,,0.0,normalDay
2021-02-03,2130.0,2004.0,0.0,0,381.85,0.0,1,20.36,0.32,SPY210219P00332000,332.0,0,0.0,0.0,,0.0,normalDay
2021-02-04,2130.0,2017.0,0.0,0,386.19,0.0,1,20.36,0.19,SPY210219P00332000,332.0,0,0.0,0.0,,0.0,normalDay
2021-02-05,2130.0,2024.0,0.0,0,387.71,0.0,1,20.36,0.12,SPY210219P00332000,332.0,0,0.0,0.0,,0.0,normalDay
2021-02-08,2130.0,2027.0,0.0,0,390.51,0.0,1,20.36,0.09,SPY210219P00332000,332.0,0,0.0,0.0,,0.0,normalDay
2021-02-09,2130.0,2028.0,0.0,0,390.25,0.0,1,20.36,0.08,SPY210219P00332000,332.0,0,0.0,0.0,,0.0,normalDay
2021-02-10,2130.0,2027.0,0.0,0,390.08,0.0,1,20.36,0.09,SPY210219P00332000,332.0,0,0.0,0.0,,0.0,normalDay
2021-02-11,2130.0,2030.0,0.0,0,390.71,0.0,1,20.36,0.06,SPY210219P00332000,332.0,0,0.0,0.0,,0.0,normalDay
2021-02-12,2130.0,2032.0,0.0,0,392.64,0.0,1,20.36,0.04,SPY210219P00332000,332.0,0,0.0,0.0,,0.0,normalDay
2021-02-16,2130.0,2032.0,0.0,0,392.3,0.0,1,20.36,0.04,SPY210219P00332000,332.0,0,0.0,0.0,,0.0,normalDay
2021-02-17,2130.0,2034.0,0.0,0,392.39,0.0,1,20.36,0.02,SPY210219P00332000,332.0,0,0.0,0.0,,0.0,normalDay
2021-02-18,2130.0,2035.0,0.0,0,390.72,0.0,1,20.36,0.01,SPY210219P00332000,332.0,0,0.0,0.0,,0.0,normalDay
2021-02-19,4166.0,0.0,2036.0,0,390.03,0.0,1,20.36,0.0,SPY210219P00332000,332.0,0,0.0,0.0,,0.0,expirationDay
2021-02-22,4166.0,-13.0,0.0,0,387.03,0.0,1,19.15,19.28,SPY210630P00384000,384.0,0,0.0,0.0,,0.0,normalDay
2021-02-23,4166.0,45.0,0.0,0,387.5,0.0,1,19.15,18.7,SPY210630P00384000,384.0,0,0.0,0.0,,0.0,normalDay
2021-02-24,4166.0,263.0,0.0,0,391.77,0.0,1,19.15,16.52,SPY210630P00384000,384.0,0,0.0,0.0,,0.0,normalDay
2021-02-25,4166.0,-266.0,0.0,0,382.33,0.0,1,19.15,21.81,SPY210630P00384000,384.0,0,0.0,0.0,,0.0,normalDay
2021-02-26,4166.0,-277.0,0.0,0,380.36,0.0,1,19.15,21.92,SPY210630P00384000,384.0,0,0.0,0.0,,0.0,normalDay
2021-03-01,4166.0,220.0,0.0,0,389.58,0.0,1,19.15,16.95,SPY210630P00384000,384.0,0,0.0,0.0,,0.0,normalDay
2021-03-02,4166.0,77.0,0.0,0,386.54,0.0,1,19.15,18.38,SPY210630P00384000,384.0,0,0.0,0.0,,0.0,normalDay
2021-03-03,4166.0,-192.0,0.0,0,381.42,0.0,1,19.15,21.07,SPY210630P00384000,384.0,0,0.0,0.0,,0.0,normalDay
2021-03-04,4166.0,-425.0,0.0,0,376.7,0.0,1,19.15,23.4,SPY210630P00384000,384.0,0,0.0,0.0,,0.0,normalDay
2021-03-05,4166.0,-5.0,0.0,0,383.63,0.0,1,19.15,19.2,SPY210630P00384000,384.0,0,0.0,0.0,,0.0,normalDay
2021-03-08,4166.0,-59.0,0.0,0,381.72,0.0,1,19.15,19.74,SPY210630P00384000,384.0,0,0.0,0.0,,0.0,normalDay
2021-03-09,4166.0,177.0,0.0,0,387.17,0.0,1,19.15,17.38,SPY210630P00384000,384.0,0,0.0,0.0,,0.0,normalDay
2021-03-10,4166.0,317.0,0.0,0,389.58,0.0,1,19.15,15.98,SPY210630P00384000,384.0,0,0.0,0.0,,0.0,normalDay
2021-03-11,4166.0,460.0,0.0,0,393.53,0.0,1,19.15,14.55,SPY210630P00384000,384.0,0,0.0,0.0,,0.0,normalDay
2021-03-12,4166.0,525.0,0.0,0,394.06,0.0,1,19.15,13.9,SPY210630P00384000,384.0,0,0.0,0.0,,0.0,normalDay
2021-03-15,4166.0,665.0,0.0,0,396.41,0.0,1,19.15,12.5,SPY210630P00384000,384.0,0,0.0,0.0,,0.0,normalDay
2021-03-16,4166.0,647.0,0.0,0,395.91,0.0,1,19.15,12.68,SPY210630P00384000,384.0,0,0.0,0.0,,0.0,normalDay
2021-03-17,4166.0,737.0,0.0,0,397.26,0.0,1,19.15,11.78,SPY210630P00384000,384.0,0,0.0,0.0,,0.0,normalDay
2021-03-18,4166.0,526.0,0.0,0,391.48,0.0,1,19.15,13.89,SPY210630P00384000,384.0,0,0.0,0.0,,0.0,normalDay
2021-03-19,4166.0,505.0,0.0,0,389.48,0.0,1,19.15,14.1,SPY210630P00384000,384.0,0,0.0,0.0,,0.0,normalDay
2021-03-22,4166.0,753.0,0.0,0,392.59,0.0,1,19.15,11.62,SPY210630P00384000,384.0,0,0.0,0.0,,0.0,normalDay
2021-03-23,4166.0,624.0,0.0,0,389.5,0.0,1,19.15,12.91,SPY210630P00384000,384.0,0,0.0,0.0,,0.0,normalDay
2021-03-24,4166.0,538.0,0.0,0,387.52,0.0,1,19.15,13.77,SPY210630P00384000,384.0,0,0.0,0.0,,0.0,normalDay
2021-03-25,4166.0,675.0,0.0,0,389.7,0.0,1,19.15,12.4,SPY210630P00384000,384.0,0,0.0,0.0,,0.0,normalDay
2021-03-26,4166.0,909.0,0.0,0,395.98,0.0,1,19.15,10.06,SPY210630P00384000,384.0,0,0.0,0.0,,0.0,normalDay
2021-03-29,4166.0,882.0,0.0,0,395.78,0.0,1,19.15,10.33,SPY210630P00384000,384.0,0,0.0,0.0,,0.0,normalDay
2021-03-30,4166.0,895.0,0.0,0,394.73,0.0,1,19.15,10.2,SPY210630P00384000,384.0,0,0.0,0.0,,0.0,normalDay
2021-03-31,4166.0,954.0,0.0,0,396.33,0.0,1,19.15,9.61,SPY210630P00384000,384.0,0,0.0,0.0,,0.0,normalDay
2021-04-01,4166.0,1135.0,0.0,0,400.61,0.0,1,19.15,7.8,SPY210630P00384000,384.0,0,0.0,0.0,,0.0,normalDay
2021-04-05,4166.0,1272.0,0.0,0,406.36,0.0,1,19.15,6.43,SPY210630P00384000,384.0,0,0.0,0.0,,0.0,normalDay
2021-04-06,4166.0,1258.0,0.0,0,406.12,0.0,1,19.15,6.57,SPY210630P00384000,384.0,0,0.0,0.0,,0.0,normalDay
2021-04-07,4166.0,1298.0,0.0,0,406.59,0.0,1,19.15,6.17,SPY210630P00384000,384.0,0,0.0,0.0,,0.0,normalDay
2021-04-08,4166.0,1330.0,0.0,0,408.52,0.0,1,19.15,5.85,SPY210630P00384000,384.0,0,0.0,0.0,,0.0,normalDay
2021-04-09,4166.0,1367.0,0.0,0,411.49,0.0,1,19.15,5.48,SPY210630P00384000,384.0,0,0.0,0.0,,0.0,normalDay
2021-04-12,4166.0,1389.0,0.0,0,411.64,0.0,1,19.15,5.26,SPY210630P00384000,384.0,0,0.0,0.0,,0.0,normalDay
2021-04-13,4166.0,1427.0,0.0,0,412.86,0.0,1,19.15,4.88,SPY210630P00384000,384.0,0,0.0,0.0,,0.0,normalDay
2021-04-14,4166.0,1403.0,0.0,0,411.45,0.0,1,19.15,5.12,SPY210630P00384000,384.0,0,0.0,0.0,,0.0,normalDay
2021-04-15,4166.0,1475.0,0.0,0,415.87,0.0,1,19.15,4.4,SPY210630P00384000,384.0,0,0.0,0.0,,0.0,normalDay
2021-04-16,4166.0,1497.0,0.0,0,417.26,0.0,1,19.15,4.18,SPY210630P00384000,384.0,0,0.0,0.0,,0.0,normalDay
2021-04-19,4166.0,1450.0,0.0,0,415.21,0.0,1,19.15,4.65,SPY210630P00384000,384.0,0,0.0,0.0,,0.0,normalDay
2021-04-20,4166.0,1368.0,0.0,0,412.17,0.0,1,19.15,5.47,SPY210630P00384000,384.0,0,0.0,0.0,,0.0,normalDay
2021-04-21,4166.0,1470.0,0.0,0,416.07,0.0,1,19.15,4.45,SPY210630P00384000,384.0,0,0.0,0.0,,0.0,normalDay
2021-04-22,4166.0,1374.0,0.0,0,412.27,0.0,1,19.15,5.41,SPY210630P00384000,384.0,0,0.0,0.0,,0.0,normalDay
2021-04-23,4166.0,1490.0,0.0,0,416.74,0.0,1,19.15,4.25,SPY210630P00384000,384.0,0,0.0,0.0,,0.0,normalDay
2021-04-26,4166.0,1520.0,0.0,0,417.61,0.0,1,19.15,3.95,SPY210630P00384000,384.0,0,0.0,0.0,,0.0,normalDay
2021-04-27,4166.0,1530.0,0.0,0,417.52,0.0,1,19.15,3.85,SPY210630P00384000,384.0,0,0.0,0.0,,0.0,normalDay
2021-04-28,4166.0,1551.0,0.0,0,417.4,0.0,1,19.15,3.64,SPY210630P00384000,384.0,0,0.0,0.0,,0.0,normalDay
2021-04-29,4166.0,1568.0,0.0,0,420.06,0.0,1,19.15,3.47,SPY210630P00384000,384.0,0,0.0,0.0,,0.0,normalDay
2021-04-30,4166.0,1524.0,0.0,0,417.3,0.0,1,19.15,3.91,SPY210630P00384000,384.0,0,0.0,0.0,,0.0,normalDay
2021-05-03,4166.0,1562.0,0.0,0,418.2,0.0,1,19.15,3.53,SPY210630P00384000,384.0,0,0.0,0.0,,0.0,normalDay
2021-05-04,4166.0,1502.0,0.0,0,415.62,0.0,1,19.15,4.13,SPY210630P00384000,384.0,0,0.0,0.0,,0.0,normalDay
2021-05-05,4166.0,1521.0,0.0,0,415.75,0.0,1,19.15,3.94,SPY210630P00384000,384.0,0,0.0,0.0,,0.0,normalDay
2021-05-06,4166.0,1588.0,0.0,0,419.07,0.0,1,19.15,3.27,SPY210630P00384000,384.0,0,0.0,0.0,,0.0,normalDay
2021-05-07,4166.0,1653.0,0.0,0,422.12,0.0,1,19.15,2.62,SPY210630P00384000,384.0,0,0.0,0.0,,0.0,normalDay
2021-05-10,4166.0,1577.0,0.0,0,417.94,0.0,1,19.15,3.38,SPY210630P00384000,384.0,0,0.0,0.0,,0.0,normalDay
2021-05-11,4166.0,1491.0,0.0,0,414.21,0.0,1,19.15,4.24,SPY210630P00384000,384.0,0,0.0,0.0,,0.0,normalDay
2021-05-12,4166.0,1189.0,0.0,0,405.41,0.0,1,19.15,7.26,SPY210630P00384000,384.0,0,0.0,0.0,,0.0,normalDay
2021-05-13,4166.0,1402.0,0.0,0,410.28,0.0,1,19.15,5.13,SPY210630P00384000,384.0,0,0.0,0.0,,0.0,normalDay
2021-05-14,4166.0,1614.0,0.0,0,416.58,0.0,1,19.15,3.01,SPY210630P00384000,384.0,0,0.0,0.0,,0.0,normalDay
2021-05-17,4166.0,1596.0,0.0,0,415.52,0.0,1,19.15,3.19,SPY210630P00384000,384.0,0,0.0,0.0,,0.0,normalDay
2021-05-18,4166.0,1525.0,0.0,0,411.94,0.0,1,19.15,3.9,SPY210630P00384000,384.0,0,0.0,0.0,,0.0,normalDay
2021-05-19,4166.0,1501.0,0.0,0,410.86,0.0,1,19.15,4.14,SPY210630P00384000,384.0,0,0.0,0.0,,0.0,normalDay
2021-05-20,4166.0,1598.0,0.0,0,415.28,0.0,1,19.15,3.17,SPY210630P00384000,384.0,0,0.0,0.0,,0.0,normalDay
2021-05-21,4166.0,1619.0,0.0,0,414.94,0.0,1,19.15,2.96,SPY210630P00384000,384.0,0,0.0,0.0,,0.0,normalDay
2021-05-24,4166.0,1715.0,0.0,0,419.17,0.0,1,19.15,2.0,SPY210630P00384000,384.0,0,0.0,0.0,,0.0,normalDay
2021-05-25,4166.0,1713.0,0.0,0,418.24,0.0,1,19.15,2.02,SPY210630P00384000,384.0,0,0.0,0.0,,0.0,normalDay
2021-05-26,4166.0,1757.0,0.0,0,419.07,0.0,1,19.15,1.58,SPY210630P00384000,384.0,0,0.0,0.0,,0.0,normalDay
2021-05-27,4166.0,1781.0,0.0,0,419.29,0.0,1,19.15,1.34,SPY210630P00384000,384.0,0,0.0,0.0,,0.0,normalDay
2021-05-28,4166.0,1785.0,0.0,0,420.04,0.0,1,19.15,1.3,SPY210630P00384000,384.0,0,0.0,0.0,,0.0,normalDay
2021-06-01,4166.0,1785.0,0.0,0,419.67,0.0,1,19.15,1.3,SPY210630P00384000,384.0,0,0.0,0.0,,0.0,normalDay
2021-06-02,4166.0,1803.0,0.0,0,420.33,0.0,1,19.15,1.12,SPY210630P00384000,384.0,0,0.0,0.0,,0.0,normalDay
2021-06-03,4166.0,1792.0,0.0,0,418.77,0.0,1,19.15,1.23,SPY210630P00384000,384.0,0,0.0,0.0,,0.0,normalDay
2021-06-04,4166.0,1832.0,0.0,0,422.6,0.0,1,19.15,0.83,SPY210630P00384000,384.0,0,0.0,0.0,,0.0,normalDay
2021-06-07,4166.0,1845.0,0.0,0,422.19,0.0,1,19.15,0.7,SPY210630P00384000,384.0,0,0.0,0.0,,0.0,normalDay
2021-06-08,4166.0,1840.0,0.0,0,422.28,0.0,1,19.15,0.75,SPY210630P00384000,384.0,0,0.0,0.0,,0.0,normalDay
2021-06-09,4166.0,1831.0,0.0,0,421.65,0.0,1,19.15,0.84,SPY210630P00384000,384.0,0,0.0,0.0,,0.0,normalDay
2021-06-10,4166.0,1860.0,0.0,0,423.61,0.0,1,19.15,0.55,SPY210630P00384000,384.0,0,0.0,0.0,,0.0,normalDay
2021-06-11,4166.0,1868.0,0.0,0,424.31,0.0,1,19.15,0.47,SPY210630P00384000,384.0,0,0.0,0.0,,0.0,normalDay
2021-06-14,4166.0,1876.0,0.0,0,425.26,0.0,1,19.15,0.39,SPY210630P00384000,384.0,0,0.0,0.0,,0.0,normalDay
2021-06-15,4166.0,1873.0,0.0,0,424.48,0.0,1,19.15,0.42,SPY210630P00384000,384.0,0,0.0,0.0,,0.0,normalDay
2021-06-16,4166.0,1864.0,0.0,0,422.11,0.0,1,19.15,0.51,SPY210630P00384000,384.0,0,0.0,0.0,,0.0,normalDay
2021-06-17,4166.0,1874.0,0.0,0,421.97,0.0,1,19.15,0.41,SPY210630P00384000,384.0,0,0.0,0.0,,0.0,normalDay
2021-06-18,4166.0,1843.0,0.0,0,414.92,0.0,1,19.15,0.72,SPY210630P00384000,384.0,0,0.0,0.0,,0.0,normalDay
2021-06-21,4166.0,1890.0,0.0,0,420.86,0.0,1,19.15,0.25,SPY210630P00384000,384.0,0,0.0,0.0,,0.0,normalDay
2021-06-22,4166.0,1900.0,0.0,0,423.11,0.0,1,19.15,0.15,SPY210630P00384000,384.0,0,0.0,0.0,,0.0,normalDay
2021-06-23,4166.0,1907.0,0.0,0,422.6,0.0,1,19.15,0.08,SPY210630P00384000,384.0,0,0.0,0.0,,0.0,normalDay
2021-06-24,4166.0,1909.0,0.0,0,425.1,0.0,1,19.15,0.06,SPY210630P00384000,384.0,0,0.0,0.0,,0.0,normalDay
2021-06-25,4166.0,1910.0,0.0,0,426.61,0.0,1,19.15,0.05,SPY210630P00384000,384.0,0,0.0,0.0,,0.0,normalDay
2021-06-28,4166.0,1913.0,0.0,0,427.47,0.0,1,19.15,0.02,SPY210630P00384000,384.0,0,0.0,0.0,,0.0,normalDay
2021-06-29,4166.0,1914.0,0.0,0,427.7,0.0,1,19.15,0.01,SPY210630P00384000,384.0,0,0.0,0.0,,0.0,normalDay
2021-06-30,6081.0,0.0,1915.0,0,428.06,0.0,1,19.15,0.0,SPY210630P00384000,384.0,0,0.0,0.0,,0.0,expirationDay
2021-07-01,6081.0,-7.0,0.0,0,430.43,0.0,1,14.07,14.14,SPY211119P00423000,423.0,0,0.0,0.0,,0.0,normalDay
2021-07-02,6081.0,97.0,0.0,0,433.72,0.0,1,14.07,13.1,SPY211119P00423000,423.0,0,0.0,0.0,,0.0,normalDay
2021-07-06,6081.0,51.0,0.0,0,432.93,0.0,1,14.07,13.56,SPY211119P00423000,423.0,0,0.0,0.0,,0.0,normalDay
2021-07-07,6081.0,77.0,0.0,0,434.46,0.0,1,14.07,13.3,SPY211119P00423000,423.0,0,0.0,0.0,,0.0,normalDay
2021-07-08,6081.0,-94.0,0.0,0,430.92,0.0,1,14.07,15.01,SPY211119P00423000,423.0,0,0.0,0.0,,0.0,normalDay
2021-07-09,6081.0,140.0,0.0,0,435.52,0.0,1,14.07,12.67,SPY211119P00423000,423.0,0,0.0,0.0,,0.0,normalDay
2021-07-12,6081.0,180.0,0.0,0,437.08,0.0,1,14.07,12.27,SPY211119P00423000,423.0,0,0.0,0.0,,0.0,normalDay
2021-07-13,6081.0,95.0,0.0,0,435.59,0.0,1,14.07,13.12,SPY211119P00423000,423.0,0,0.0,0.0,,0.0,normalDay
2021-07-14,6081.0,140.0,0.0,0,436.24,0.0,1,14.07,12.67,SPY211119P00423000,423.0,0,0.0,0.0,,0.0,normalDay
2021-07-15,6081.0,67.0,0.0,0,434.75,0.0,1,14.07,13.4,SPY211119P00423000,423.0,0,0.0,0.0,,0.0,normalDay
2021-07-16,6081.0,-69.0,0.0,0,431.34,0.0,1,14.07,14.76,SPY211119P00423000,423.0,0,0.0,0.0,,0.0,normalDay
2021-07-19,6081.0,-385.0,0.0,0,424.97,0.0,1,14.07,17.92,SPY211119P00423000,423.0,0,0.0,0.0,,0.0,normalDay
2021-07-20,6081.0,-80.0,0.0,0,431.06,0.0,1,14.07,14.87,SPY211119P00423000,423.0,0,0.0,0.0,,0.0,normalDay
2021-07-21,6081.0,103.0,0.0,0,434.55,0.0,1,14.07,13.04,SPY211119P00423000,423.0,0,0.0,0.0,,0.0,normalDay
2021-07-22,6081.0,135.0,0.0,0,435.46,0.0,1,14.07,12.72,SPY211119P00423000,423.0,0,0.0,0.0,,0.0,normalDay
2021-07-23,6081.0,251.0,0.0,0,439.94,0.0,1,14.07,11.56,SPY211119P00423000,423.0,0,0.0,0.0,,0.0,normalDay
2021-07-26,6081.0,289.0,0.0,0,441.02,0.0,1,14.07,11.18,SPY211119P00423000,423.0,0,0.0,0.0,,0.0,normalDay
2021-07-27,6081.0,181.0,0.0,0,439.01,0.0,1,14.07,12.26,SPY211119P00423000,423.0,0,0.0,0.0,,0.0,normalDay
2021-07-28,6081.0,218.0,0.0,0,438.83,0.0,1,14.07,11.89,SPY211119P00423000,423.0,0,0.0,0.0,,0.0,normalDay
2021-07-29,6081.0,299.0,0.0,0,440.65,0.0,1,14.07,11.08,SPY211119P00423000,423.0,0,0.0,0.0,,0.0,normalDay
2021-07-30,6081.0,255.0,0.0,0,438.51,0.0,1,14.07,11.52,SPY211119P00423000,423.0,0,0.0,0.0,,0.0,normalDay
2021-08-02,6081.0,193.0,0.0,0,437.59,0.0,1,14.07,12.14,SPY211119P00423000,423.0,0,0.0,0.0,,0.0,normalDay
2021-08-03,6081.0,332.0,0.0,0,441.15,0.0,1,14.07,10.75,SPY211119P00423000,423.0,0,0.0,0.0,,0.0,normalDay
2021-08-04,6081.0,293.0,0.0,0,438.98,0.0,1,14.07,11.14,SPY211119P00423000,423.0,0,0.0,0.0,,0.0,normalDay
2021-08-05,6081.0,382.0,0.0,0,441.76,0.0,1,14.07,10.25,SPY211119P00423000,423.0,0,0.0,0.0,,0.0,normalDay
2021-08-06,6081.0,453.0,0.0,0,442.49,0.0,1,14.07,9.54,SPY211119P00423000,423.0,0,0.0,0.0,,0.0,normalDay
2021-08-09,6081.0,445.0,0.0,0,442.13,0.0,1,14.07,9.62,SPY211119P00423000,423.0,0,0.0,0.0,,0.0,normalDay
2021-08-10,6081.0,451.0,0.0,0,442.68,0.0,1,14.07,9.56,SPY211119P00423000,423.0,0,0.0,0.0,,0.0,normalDay
2021-08-11,6081.0,511.0,0.0,0,443.78,0.0,1,14.07,8.96,SPY211119P00423000,423.0,0,0.0,0.0,,0.0,normalDay
2021-08-12,6081.0,569.0,0.0,0,445.11,0.0,1,14.07,8.38,SPY211119P00423000,423.0,0,0.0,0.0,,0.0,normalDay
2021-08-13,6081.0,597.0,0.0,0,445.92,0.0,1,14.07,8.1,SPY211119P00423000,423.0,0,0.0,0.0,,0.0,normalDay
2021-08-16,6081.0,623.0,0.0,0,446.97,0.0,1,14.07,7.84,SPY211119P00423000,423.0,0,0.0,0.0,,0.0,normalDay
2021-08-17,6081.0,498.0,0.0,0,444.04,0.0,1,14.07,9.09,SPY211119P00423000,423.0,0,0.0,0.0,,0.0,normalDay
2021-08-18,6081.0,293.0,0.0,0,439.18,0.0,1,14.07,11.14,SPY211119P00423000,423.0,0,0.0,0.0,,0.0,normalDay
2021-08-19,6081.0,303.0,0.0,0,439.86,0.0,1,14.07,11.04,SPY211119P00423000,423.0,0,0.0,0.0,,0.0,normalDay
2021-08-20,6081.0,482.0,0.0,0,443.36,0.0,1,14.07,9.25,SPY211119P00423000,423.0,0,0.0,0.0,,0.0,normalDay
2021-08-23,6081.0,649.0,0.0,0,447.26,0.0,1,14.07,7.58,SPY211119P00423000,423.0,0,0.0,0.0,,0.0,normalDay
2021-08-24,6081.0,661.0,0.0,0,447.97,0.0,1,14.07,7.46,SPY211119P00423000,423.0,0,0.0,0.0,,0.0,normalDay
2021-08-25,6081.0,709.0,0.0,0,448.91,0.0,1,14.07,6.98,SPY211119P00423000,423.0,0,0.0,0.0,,0.0,normalDay
2021-08-26,6081.0,611.0,0.0,0,446.26,0.0,1,14.07,7.96,SPY211119P00423000,423.0,0,0.0,0.0,,0.0,normalDay
2021-08-27,6081.0,753.0,0.0,0,450.25,0.0,1,14.07,6.54,SPY211119P00423000,423.0,0,0.0,0.0,,0.0,normalDay
2021-08-30,6081.0,802.0,0.0,0,452.23,0.0,1,14.07,6.05,SPY211119P00423000,423.0,0,0.0,0.0,,0.0,normalDay
2021-08-31,6081.0,801.0,0.0,0,451.56,0.0,1,14.07,6.06,SPY211119P00423000,423.0,0,0.0,0.0,,0.0,normalDay
2021-09-01,6081.0,830.0,0.0,0,451.8,0.0,1,14.07,5.77,SPY211119P00423000,423.0,0,0.0,0.0,,0.0,normalDay
2021-09-02,6081.0,859.0,0.0,0,453.19,0.0,1,14.07,5.48,SPY211119P00423000,423.0,0,0.0,0.0,,0.0,normalDay
2021-09-03,6081.0,853.0,0.0,0,453.08,0.0,1,14.07,5.54,SPY211119P00423000,423.0,0,0.0,0.0,,0.0,normalDay
2021-09-07,6081.0,810.0,0.0,0,451.46,0.0,1,14.07,5.97,SPY211119P00423000,423.0,0,0.0,0.0,,0.0,normalDay
2021-09-08,6081.0,806.0,0.0,0,450.91,0.0,1,14.07,6.01,SPY211119P00423000,423.0,0,0.0,0.0,,0.0,normalDay
2021-09-09,6081.0,750.0,0.0,0,448.98,0.0,1,14.07,6.57,SPY211119P00423000,423.0,0,0.0,0.0,,0.0,normalDay
2021-09-10,6081.0,663.0,0.0,0,445.44,0.0,1,14.07,7.44,SPY211119P00423000,423.0,0,0.0,0.0,,0.0,normalDay
2021-09-13,6081.0,747.0,0.0,0,446.58,0.0,1,14.07,6.6,SPY211119P00423000,423.0,0,0.0,0.0,,0.0,normalDay
2021-09-14,6081.0,699.0,0.0,0,444.17,0.0,1,14.07,7.08,SPY211119P00423000,423.0,0,0.0,0.0,,0.0,normalDay
2021-09-15,6081.0,820.0,0.0,0,447.88,0.0,1,14.07,5.87,SPY211119P00423000,423.0,0,0.0,0.0,,0.0,normalDay
2021-09-16,6081.0,799.0,0.0,0,447.17,0.0,1,14.07,6.08,SPY211119P00423000,423.0,0,0.0,0.0,,0.0,normalDay
2021-09-17,6081.0,666.0,0.0,0,441.4,0.0,1,14.07,7.41,SPY211119P00423000,423.0,0,0.0,0.0,,0.0,normalDay
2021-09-20,6081.0,339.0,0.0,0,434.04,0.0,1,14.07,10.68,SPY211119P00423000,423.0,0,0.0,0.0,,0.0,normalDay
2021-09-21,6081.0,377.0,0.0,0,433.63,0.0,1,14.07,10.3,SPY211119P00423000,423.0,0,0.0,0.0,,0.0,normalDay
2021-09-22,6081.0,621.0,0.0,0,437.86,0.0,1,14.07,7.86,SPY211119P00423000,423.0,0,0.0,0.0,,0.0,normalDay
2021-09-23,6081.0,821.0,0.0,0,443.18,0.0,1,14.07,5.86,SPY211119P00423000,423.0,0,0.0,0.0,,0.0,normalDay
2021-09-24,6081.0,872.0,0.0,0,443.91,0.0,1,14.07,5.35,SPY211119P00423000,423.0,0,0.0,0.0,,0.0,normalDay
2021-09-27,6081.0,840.0,0.0,0,442.64,0.0,1,14.07,5.67,SPY211119P00423000,423.0,0,0.0,0.0,,0.0,normalDay
2021-09-28,6081.0,519.0,0.0,0,433.72,0.0,1,14.07,8.88,SPY211119P00423000,423.0,0,0.0,0.0,,0.0,normalDay
2021-09-29,6081.0,555.0,0.0,0,434.45,0.0,1,14.07,8.52,SPY211119P00423000,423.0,0,0.0,0.0,,0.0,normalDay
2021-09-30,6081.0,399.0,0.0,0,429.14,0.0,1,14.07,10.08,SPY211119P00423000,423.0,0,0.0,0.0,,0.0,normalDay
2021-10-01,6081.0,619.0,0.0,0,434.24,0.0,1,14.07,7.88,SPY211119P00423000,423.0,0,0.0,0.0,,0.0,normalDay
2021-10-04,6081.0,429.0,0.0,0,428.64,0.0,1,14.07,9.78,SPY211119P00423000,423.0,0,0.0,0.0,,0.0,normalDay
2021-10-05,6081.0,624.0,0.0,0,433.1,0.0,1,14.07,7.83,SPY211119P00423000,423.0,0,0.0,0.0,,0.0,normalDay
2021-10-06,6081.0,688.0,0.0,0,434.9,0.0,1,14.07,7.19,SPY211119P00423000,423.0,0,0.0,0.0,,0.0,normalDay
2021-10-07,6081.0,852.0,0.0,0,438.66,0.0,1,14.07,5.55,SPY211119P00423000,423.0,0,0.0,0.0,,0.0,normalDay
2021-10-08,6081.0,845.0,0.0,0,437.86,0.0,1,14.07,5.62,SPY211119P00423000,423.0,0,0.0,0.0,,0.0,normalDay
2021-10-11,6081.0,779.0,0.0,0,434.69,0.0,1,14.07,6.28,SPY211119P00423000,423.0,0,0.0,0.0,,0.0,normalDay
2021-10-12,6081.0,764.0,0.0,0,433.62,0.0,1,14.07,6.43,SPY211119P00423000,423.0,0,0.0,0.0,,0.0,normalDay
2021-10-13,6081.0,889.0,0.0,0,435.18,0.0,1,14.07,5.18,SPY211119P00423000,423.0,0,0.0,0.0,,0.0,normalDay
2021-10-14,6081.0,1088.0,0.0,0,442.5,0.0,1,14.07,3.19,SPY211119P00423000,423.0,0,0.0,0.0,,0.0,normalDay
2021-10-15,6081.0,1145.0,0.0,0,445.87,0.0,1,14.07,2.62,SPY211119P00423000,423.0,0,0.0,0.0,,0.0,normalDay
2021-10-18,6081.0,1183.0,0.0,0,447.19,0.0,1,14.07,2.24,SPY211119P00423000,423.0,0,0.0,0.0,,0.0,normalDay
2021-10-19,6081.0,1236.0,0.0,0,450.64,0.0,1,14.07,1.71,SPY211119P00423000,423.0,0,0.0,0.0,,0.0,normalDay
2021-10-20,6081.0,1253.0,0.0,0,452.41,0.0,1,14.07,1.54,SPY211119P00423000,423.0,0,0.0,0.0,,0.0,normalDay
2021-10-21,6081.0,1275.0,0.0,0,453.59,0.0,1,14.07,1.32,SPY211119P00423000,423.0,0,0.0,0.0,,0.0,normalDay
2021-10-22,6081.0,1269.0,0.0,0,453.12,0.0,1,14.07,1.38,SPY211119P00423000,423.0,0,0.0,0.0,,0.0,normalDay
2021-10-25,6081.0,1304.0,0.0,0,455.55,0.0,1,14.07,1.03,SPY211119P00423000,423.0,0,0.0,0.0,,0.0,normalDay
2021-10-26,6081.0,1299.0,0.0,0,455.96,0.0,1,14.07,1.08,SPY211119P00423000,423.0,0,0.0,0.0,,0.0,normalDay
2021-10-27,6081.0,1278.0,0.0,0,453.94,0.0,1,14.07,1.29,SPY211119P00423000,423.0,0,0.0,0.0,,0.0,normalDay
2021-10-28,6081.0,1314.0,0.0,0,458.32,0.0,1,14.07,0.93,SPY211119P00423000,423.0,0,0.0,0.0,,0.0,normalDay
2021-10-29,6081.0,1327.0,0.0,0,459.25,0.0,1,14.07,0.8,SPY211119P00423000,423.0,0,0.0,0.0,,0.0,normalDay
2021-11-01,6081.0,1347.0,0.0,0,460.04,0.0,1,14.07,0.6,SPY211119P00423000,423.0,0,0.0,0.0,,0.0,normalDay
2021-11-02,6081.0,1357.0,0.0,0,461.9,0.0,1,14.07,0.5,SPY211119P00423000,423.0,0,0.0,0.0,,0.0,normalDay
2021-11-03,6081.0,1374.0,0.0,0,464.72,0.0,1,14.07,0.33,SPY211119P00423000,423.0,0,0.0,0.0,,0.0,normalDay
2021-11-04,6081.0,1375.0,0.0,0,466.91,0.0,1,14.07,0.32,SPY211119P00423000,423.0,0,0.0,0.0,,0.0,normalDay
2021-11-05,6081.0,1378.0,0.0,0,468.53,0.0,1,14.07,0.29,SPY211119P00423000,423.0,0,0.0,0.0,,0.0,normalDay
2021-11-08,6081.0,1384.0,0.0,0,468.93,0.0,1,14.07,0.23,SPY211119P00423000,423.0,0,0.0,0.0,,0.0,normalDay
2021-11-09,6081.0,1386.0,0.0,0,467.38,0.0,1,14.07,0.21,SPY211119P00423000,423.0,0,0.0,0.0,,0.0,normalDay
2021-11-10,6081.0,1386.0,0.0,0,463.62,0.0,1,14.07,0.21,SPY211119P00423000,423.0,0,0.0,0.0,,0.0,normalDay
2021-11-11,6081.0,1394.0,0.0,0,463.77,0.0,1,14.07,0.13,SPY211119P00423000,423.0,0,0.0,0.0,,0.0,normalDay
2021-11-12,6081.0,1400.0,0.0,0,467.27,0.0,1,14.07,0.07,SPY211119P00423000,423.0,0,0.0,0.0,,0.0,normalDay
2021-11-15,6081.0,1404.0,0.0,0,467.43,0.0,1,14.07,0.03,SPY211119P00423000,423.0,0,0.0,0.0,,0.0,normalDay
2021-11-16,6081.0,1404.0,0.0,0,469.28,0.0,1,14.07,0.03,SPY211119P00423000,423.0,0,0.0,0.0,,0.0,normalDay
2021-11-17,6081.0,1405.0,0.0,0,468.14,0.0,1,14.07,0.02,SPY211119P00423000,423.0,0,0.0,0.0,,0.0,normalDay
2021-11-18,6081.0,1406.0,0.0,0,469.73,0.0,1,14.07,0.01,SPY211119P00423000,423.0,0,0.0,0.0,,0.0,normalDay
2021-11-19,7488.0,0.0,1407.0,0,468.89,0.0,1,14.07,0.0,SPY211119P00423000,423.0,0,0.0,0.0,,0.0,expirationDay
2021-11-22,7488.0,-48.0,0.0,0,467.57,0.0,1,18.18,18.66,SPY220331P00463000,463.0,0,0.0,0.0,,0.0,normalDay
2021-11-23,7488.0,-8.0,0.0,0,468.19,0.0,1,18.18,18.26,SPY220331P00463000,463.0,0,0.0,0.0,,0.0,normalDay
2021-11-24,7488.0,82.0,0.0,0,469.44,0.0,1,18.18,17.36,SPY220331P00463000,463.0,0,0.0,0.0,,0.0,normalDay
2021-11-26,7488.0,-980.0,0.0,0,458.97,0.0,1,18.18,27.98,SPY220331P00463000,463.0,0,0.0,0.0,,0.0,normalDay
2021-11-29,7488.0,-193.0,0.0,0,464.6,0.0,1,18.18,20.11,SPY220331P00463000,463.0,0,0.0,0.0,,0.0,normalDay
2021-11-30,7488.0,-673.0,0.0,0,455.56,0.0,1,18.18,24.91,SPY220331P00463000,463.0,0,0.0,0.0,,0.0,normalDay
2021-12-01,7488.0,-1165.0,0.0,0,450.5,0.0,1,18.18,29.83,SPY220331P00463000,463.0,0,0.0,0.0,,0.0,normalDay
2021-12-02,7488.0,-709.0,0.0,0,457.4,0.0,1,18.18,25.27,SPY220331P00463000,463.0,0,0.0,0.0,,0.0,normalDay
2021-12-03,7488.0,-1008.0,0.0,0,453.42,0.0,1,18.18,28.26,SPY220331P00463000,463.0,0,0.0,0.0,,0.0,normalDay
2021-12-06,7488.0,-595.0,0.0,0,458.79,0.0,1,18.18,24.13,SPY220331P00463000,463.0,0,0.0,0.0,,0.0,normalDay
2021-12-07,7488.0,-19.0,0.0,0,468.28,0.0,1,18.18,18.37,SPY220331P00463000,463.0,0,0.0,0.0,,0.0,normalDay
2021-12-08,7488.0,95.0,0.0,0,469.52,0.0,1,18.18,17.23,SPY220331P00463000,463.0,0,0.0,0.0,,0.0,normalDay
2021-12-09,7488.0,-61.0,0.0,0,466.35,0.0,1,18.18,18.79,SPY220331P00463000,463.0,0,0.0,0.0,,0.0,normalDay
2021-12-10,7488.0,201.0,0.0,0,470.74,0.0,1,18.18,16.17,SPY220331P00463000,463.0,0,0.0,0.0,,0.0,normalDay
2021-12-13,7488.0,-16.0,0.0,0,466.57,0.0,1,18.18,18.34,SPY220331P00463000,463.0,0,0.0,0.0,,0.0,normalDay
2021-12-14,7488.0,-179.0,0.0,0,463.36,0.0,1,18.18,19.97,SPY220331P00463000,463.0,0,0.0,0.0,,0.0,normalDay
2021-12-15,7488.0,231.0,0.0,0,470.6,0.0,1,18.18,15.87,SPY220331P00463000,463.0,0,0.0,0.0,,0.0,normalDay
2021-12-16,7488.0,11.0,0.0,0,466.45,0.0,1,18.18,18.07,SPY220331P00463000,463.0,0,0.0,0.0,,0.0,normalDay
2021-12-17,7488.0,-230.0,0.0,0,459.87,0.0,1,18.18,20.48,SPY220331P00463000,463.0,0,0.0,0.0,,0.0,normalDay
2021-12-20,7488.0,-462.0,0.0,0,454.98,0.0,1,18.18,22.8,SPY220331P00463000,463.0,0,0.0,0.0,,0.0,normalDay
2021-12-21,7488.0,-36.0,0.0,0,463.06,0.0,1,18.18,18.54,SPY220331P00463000,463.0,0,0.0,0.0,,0.0,normalDay
2021-12-22,7488.0,242.0,0.0,0,467.69,0.0,1,18.18,15.76,SPY220331P00463000,463.0,0,0.0,0.0,,0.0,normalDay
2021-12-23,7488.0,387.0,0.0,0,470.6,0.0,1,18.18,14.31,SPY220331P00463000,463.0,0,0.0,0.0,,0.0,normalDay
2021-12-27,7488.0,639.0,0.0,0,477.26,0.0,1,18.18,11.79,SPY220331P00463000,463.0,0,0.0,0.0,,0.0,normalDay
2021-12-28,7488.0,677.0,0.0,0,476.87,0.0,1,18.18,11.41,SPY220331P00463000,463.0,0,0.0,0.0,,0.0,normalDay
2021-12-29,7488.0,728.0,0.0,0,477.48,0.0,1,18.18,10.9,SPY220331P00463000,463.0,0,0.0,0.0,,0.0,normalDay
2021-12-30,7488.0,675.0,0.0,0,476.16,0.0,1,18.18,11.43,SPY220331P00463000,463.0,0,0.0,0.0,,0.0,normalDay
2021-12-31,7488.0,681.0,0.0,0,474.96,0.0,1,18.18,11.37,SPY220331P00463000,463.0,0,0.0,0.0,,0.0,normalDay
2022-01-03,7488.0,786.0,0.0,0,477.71,0.0,1,18.18,10.32,SPY220331P00463000,463.0,0,0.0,0.0,,0.0,normalDay
2022-01-04,7488.0,769.0,0.0,0,477.55,0.0,1,18.18,10.49,SPY220331P00463000,463.0,0,0.0,0.0,,0.0,normalDay
2022-01-05,7488.0,402.0,0.0,0,468.38,0.0,1,18.18,14.16,SPY220331P00463000,463.0,0,0.0,0.0,,0.0,normalDay
2022-01-06,7488.0,399.0,0.0,0,467.94,0.0,1,18.18,14.19,SPY220331P00463000,463.0,0,0.0,0.0,,0.0,normalDay
2022-01-07,7488.0,405.0,0.0,0,466.09,0.0,1,18.18,14.13,SPY220331P00463000,463.0,0,0.0,0.0,,0.0,normalDay
2022-01-10,7488.0,401.0,0.0,0,465.51,0.0,1,18.18,14.17,SPY220331P00463000,463.0,0,0.0,0.0,,0.0,normalDay
2022-01-11,7488.0,595.0,0.0,0,469.75,0.0,1,18.18,12.23,SPY220331P00463000,463.0,0,0.0,0.0,,0.0,normalDay
2022-01-12,7488.0,679.0,0.0,0,471.02,0.0,1,18.18,11.39,SPY220331P00463000,463.0,0,0.0,0.0,,0.0,normalDay
2022-01-13,7488.0,328.0,0.0,0,464.53,0.0,1,18.18,14.9,SPY220331P00463000,463.0,0,0.0,0.0,,0.0,normalDay
2022-01-14,7488.0,406.0,0.0,0,464.72,0.0,1,18.18,14.12,SPY220331P00463000,463.0,0,0.0,0.0,,0.0,normalDay
2022-01-18,7488.0,-111.0,0.0,0,456.49,0.0,1,18.18,19.29,SPY220331P00463000,463.0,0,0.0,0.0,,0.0,normalDay
2022-01-19,7488.0,-336.0,0.0,0,451.75,0.0,1,18.18,21.54,SPY220331P00463000,463.0,0,0.0,0.0,,0.0,normalDay
2022-01-20,7488.0,-697.0,0.0,0,446.75,0.0,1,18.18,25.15,SPY220331P00463000,463.0,0,0.0,0.0,,0.0,normalDay
2022-01-21,7488.0,-1326.0,0.0,0,437.98,0.0,1,18.18,31.44,SPY220331P00463000,463.0,0,0.0,0.0,,0.0,normalDay
2022-01-24,7488.0,-1305.0,0.0,0,439.84,0.0,1,18.18,31.23,SPY220331P00463000,463.0,0,0.0,0.0,,0.0,normalDay
2022-01-25,7488.0,-1737.0,0.0,0,434.47,0.0,1,18.18,35.55,SPY220331P00463000,463.0,0,0.0,0.0,,0.0,normalDay
2022-01-26,7488.0,-1780.0,0.0,0,433.38,0.0,1,18.18,35.98,SPY220331P00463000,463.0,0,0.0,0.0,,0.0,normalDay
2022-01-27,7488.0,-1780.0,0.0,0,431.24,0.0,1,18.18,35.98,SPY220331P00463000,463.0,0,0.0,0.0,,0.0,normalDay
2022-01-28,7488.0,-991.0,0.0,0,441.95,0.0,1,18.18,28.09,SPY220331P00463000,463.0,0,0.0,0.0,,0.0,normalDay
2022-01-31,7488.0,-424.0,0.0,0,449.91,0.0,1,18.18,22.42,SPY220331P00463000,463.0,0,0.0,0.0,,0.0,normalDay
2022-02-01,7488.0,-42.0,0.0,0,452.95,0.0,1,18.18,18.6,SPY220331P00463000,463.0,0,0.0,0.0,,0.0,normalDay
2022-02-02,7488.0,68.0,0.0,0,457.35,0.0,1,18.18,17.5,SPY220331P00463000,463.0,0,0.0,0.0,,0.0,normalDay
2022-02-03,7488.0,-329.0,0.0,0,446.6,0.0,1,18.18,21.47,SPY220331P00463000,463.0,0,0.0,0.0,,0.0,normalDay
2022-02-04,7488.0,-428.0,0.0,0,448.7,0.0,1,18.18,22.46,SPY220331P00463000,463.0,0,0.0,0.0,,0.0,normalDay
2022-02-07,7488.0,-405.0,0.0,0,447.26,0.0,1,18.18,22.23,SPY220331P00463000,463.0,0,0.0,0.0,,0.0,normalDay
2022-02-08,7488.0,-86.0,0.0,0,450.94,0.0,1,18.18,19.04,SPY220331P00463000,463.0,0,0.0,0.0,,0.0,normalDay
2022-02-09,7488.0,326.0,0.0,0,457.54,0.0,1,18.18,14.92,SPY220331P00463000,463.0,0,0.0,0.0,,0.0,normalDay
2022-02-10,7488.0,-285.0,0.0,0,449.32,0.0,1,18.18,21.03,SPY220331P00463000,463.0,0,0.0,0.0,,0.0,normalDay
2022-02-11,7488.0,-959.0,0.0,0,440.46,0.0,1,18.18,27.77,SPY220331P00463000,463.0,0,0.0,0.0,,0.0,normalDay
2022-02-14,7488.0,-1050.0,0.0,0,439.02,0.0,1,18.18,28.68,SPY220331P00463000,463.0,0,0.0,0.0,,0.0,normalDay
2022-02-15,7488.0,-525.0,0.0,0,446.1,0.0,1,18.18,23.43,SPY220331P00463000,463.0,0,0.0,0.0,,0.0,normalDay
2022-02-16,7488.0,-396.0,0.0,0,446.6,0.0,1,18.18,22.14,SPY220331P00463000,463.0,0,0.0,0.0,,0.0,normalDay
2022-02-17,7488.0,-1164.0,0.0,0,437.06,0.0,1,18.18,29.82,SPY220331P00463000,463.0,0,0.0,0.0,,0.0,normalDay
2022-02-18,7488.0,-1353.0,0.0,0,434.23,0.0,1,18.18,31.71,SPY220331P00463000,463.0,0,0.0,0.0,,0.0,normalDay
2022-02-22,7488.0,-1699.0,0.0,0,429.57,0.0,1,18.18,35.17,SPY220331P00463000,463.0,0,0.0,0.0,,0.0,normalDay
2022-02-23,7488.0,-2507.0,0.0,0,421.95,0.0,1,18.18,43.25,SPY220331P00463000,463.0,0,0.0,0.0,,0.0,normalDay
2022-02-24,7488.0,-2034.0,0.0,0,428.3,0.0,1,18.18,38.52,SPY220331P00463000,463.0,0,0.0,0.0,,0.0,normalDay
2022-02-25,7488.0,-1064.0,0.0,0,437.75,0.0,1,18.18,28.82,SPY220331P00463000,463.0,0,0.0,0.0,,0.0,normalDay
2022-02-28,7488.0,-1167.0,0.0,0,436.63,0.0,1,18.18,29.85,SPY220331P00463000,463.0,0,0.0,0.0,,0.0,normalDay
2022-03-01,7488.0,-1750.0,0.0,0,429.98,0.0,1,18.18,35.68,SPY220331P00463000,463.0,0,0.0,0.0,,0.0,normalDay
2022-03-02,7488.0,-1090.0,0.0,0,437.89,0.0,1,18.18,29.08,SPY220331P00463000,463.0,0,0.0,0.0,,0.0,normalDay
2022-03-03,7488.0,-1201.0,0.0,0,435.71,0.0,1,18.18,30.19,SPY220331P00463000,463.0,0,0.0,0.0,,0.0,normalDay
2022-03-04,7488.0,-1577.0,0.0,0,432.17,0.0,1,18.18,33.95,SPY220331P00463000,463.0,0,0.0,0.0,,0.0,normalDay
2022-03-07,7488.0,-2825.0,0.0,0,419.43,0.0,1,18.18,46.43,SPY220331P00463000,463.0,0,0.0,0.0,,0.0,normalDay
2022-03-08,7488.0,-3156.0,0.0,0,416.25,0.0,1,18.18,49.74,SPY220331P00463000,463.0,0,0.0,0.0,,0.0,normalDay
2022-03-09,7488.0,-1925.0,0.0,0,427.41,0.0,1,18.18,37.43,SPY220331P00463000,463.0,0,0.0,0.0,,0.0,normalDay
2022-03-10,7488.0,-2149.0,0.0,0,425.48,0.0,1,18.18,39.67,SPY220331P00463000,463.0,0,0.0,0.0,,0.0,normalDay
2022-03-11,7488.0,-2641.0,0.0,0,420.07,0.0,1,18.18,44.59,SPY220331P00463000,463.0,0,0.0,0.0,,0.0,normalDay
2022-03-14,7488.0,-2932.0,0.0,0,417.0,0.0,1,18.18,47.5,SPY220331P00463000,463.0,0,0.0,0.0,,0.0,normalDay
2022-03-15,7488.0,-2110.0,0.0,0,426.17,0.0,1,18.18,39.28,SPY220331P00463000,463.0,0,0.0,0.0,,0.0,normalDay
2022-03-16,7488.0,-1146.0,0.0,0,435.62,0.0,1,18.18,29.64,SPY220331P00463000,463.0,0,0.0,0.0,,0.0,normalDay
2022-03-17,7488.0,-657.0,0.0,0,441.07,0.0,1,18.18,24.75,SPY220331P00463000,463.0,0,0.0,0.0,,0.0,normalDay
2022-03-18,7488.0,-93.0,0.0,0,444.52,0.0,1,18.18,19.11,SPY220331P00463000,463.0,0,0.0,0.0,,0.0,normalDay
2022-03-21,7488.0,-65.0,0.0,0,444.39,0.0,1,18.18,18.83,SPY220331P00463000,463.0,0,0.0,0.0,,0.0,normalDay
2022-03-22,7488.0,393.0,0.0,0,449.59,0.0,1,18.18,14.25,SPY220331P00463000,463.0,0,0.0,0.0,,0.0,normalDay
2022-03-23,7488.0,-148.0,0.0,0,443.8,0.0,1,18.18,19.66,SPY220331P00463000,463.0,0,0.0,0.0,,0.0,normalDay
2022-03-24,7488.0,501.0,0.0,0,450.49,0.0,1,18.18,13.17,SPY220331P00463000,463.0,0,0.0,0.0,,0.0,normalDay
2022-03-25,7488.0,713.0,0.0,0,452.69,0.0,1,18.18,11.05,SPY220331P00463000,463.0,0,0.0,0.0,,0.0,normalDay
2022-03-28,7488.0,1062.0,0.0,0,455.91,0.0,1,18.18,7.56,SPY220331P00463000,463.0,0,0.0,0.0,,0.0,normalDay
2022-03-29,7488.0,1473.0,0.0,0,461.55,0.0,1,18.18,3.45,SPY220331P00463000,463.0,0,0.0,0.0,,0.0,normalDay
2022-03-30,7488.0,1379.0,0.0,0,458.7,0.0,1,18.18,4.39,SPY220331P00463000,463.0,0,0.0,0.0,,0.0,normalDay
2022-03-31,9306.0,-1136.0,1818.0,100,451.64,463.0,1,18.18,0.0,SPY220331P00463000,463.0,0,0.0,0.0,,0.0,expirationDay
2022-04-01,9306.0,-1016.0,0.0,100,452.92,463.0,0,0.0,0.0,,0.0,1,13.21,13.29,SPY220520C00450000,450.0,normalDay
2022-04-04,9306.0,-817.0,0.0,100,456.8,463.0,0,0.0,0.0,,0.0,1,13.21,15.18,SPY220520C00450000,450.0,normalDay
2022-04-05,9306.0,-1107.0,0.0,100,451.03,463.0,0,0.0,0.0,,0.0,1,13.21,12.31,SPY220520C00450000,450.0,normalDay
2022-04-06,9306.0,-1287.0,0.0,100,446.52,463.0,0,0.0,0.0,,0.0,1,13.21,9.6,SPY220520C00450000,450.0,normalDay
2022-04-07,9306.0,-1166.0,0.0,100,448.77,463.0,0,0.0,0.0,,0.0,1,13.21,10.64,SPY220520C00450000,450.0,normalDay
2022-04-08,9306.0,-1193.0,0.0,100,447.57,463.0,0,0.0,0.0,,0.0,1,13.21,9.71,SPY220520C00450000,450.0,normalDay
2022-04-11,9306.0,-1624.0,0.0,100,439.92,463.0,0,0.0,0.0,,0.0,1,13.21,6.37,SPY220520C00450000,450.0,normalDay
2022-04-12,9306.0,-1705.0,0.0,100,438.29,463.0,0,0.0,0.0,,0.0,1,13.21,5.55,SPY220520C00450000,450.0,normalDay
2022-04-13,9306.0,-1309.0,0.0,100,443.31,463.0,0,0.0,0.0,,0.0,1,13.21,6.61,SPY220520C00450000,450.0,normalDay
2022-04-14,9306.0,-1656.0,0.0,100,437.79,463.0,0,0.0,0.0,,0.0,1,13.21,4.56,SPY220520C00450000,450.0,normalDay
2022-04-18,9306.0,-1632.0,0.0,100,437.97,463.0,0,0.0,0.0,,0.0,1,13.21,4.5,SPY220520C00450000,450.0,normalDay
2022-04-19,9306.0,-1065.0,0.0,100,445.04,463.0,0,0.0,0.0,,0.0,1,13.21,5.9,SPY220520C00450000,450.0,normalDay
2022-04-20,9306.0,-1177.0,0.0,100,444.71,463.0,0,0.0,0.0,,0.0,1,13.21,6.69,SPY220520C00450000,450.0,normalDay
2022-04-21,9306.0,-1548.0,0.0,100,438.06,463.0,0,0.0,0.0,,0.0,1,13.21,3.75,SPY220520C00450000,450.0,normalDay
2022-04-22,9306.0,-2514.0,0.0,100,426.04,463.0,0,0.0,0.0,,0.0,1,13.21,1.39,SPY220520C00450000,450.0,normalDay
2022-04-25,9306.0,-2285.0,0.0,100,428.51,463.0,0,0.0,0.0,,0.0,1,13.21,1.57,SPY220520C00450000,450.0,normalDay
2022-04-26,9306.0,-3426.0,0.0,100,416.1,463.0,0,0.0,0.0,,0.0,1,13.21,0.57,SPY220520C00450000,450.0,normalDay
2022-04-27,9306.0,-3312.0,0.0,100,417.27,463.0,0,0.0,0.0,,0.0,1,13.21,0.6,SPY220520C00450000,450.0,normalDay
2022-04-28,9306.0,-2325.0,0.0,100,427.81,463.0,0,0.0,0.0,,0.0,1,13.21,1.27,SPY220520C00450000,450.0,normalDay
2022-04-29,9306.0,-3825.0,0.0,100,412.0,463.0,0,0.0,0.0,,0.0,1,13.21,0.46,SPY220520C00450000,450.0,normalDay
2022-05-02,9306.0,-3576.0,0.0,100,414.48,463.0,0,0.0,0.0,,0.0,1,13.21,0.45,SPY220520C00450000,450.0,normalDay
2022-05-03,9306.0,-3375.0,0.0,100,416.38,463.0,0,0.0,0.0,,0.0,1,13.21,0.34,SPY220520C00450000,450.0,normalDay
2022-05-04,9306.0,-2160.0,0.0,100,429.06,463.0,0,0.0,0.0,,0.0,1,13.21,0.87,SPY220520C00450000,450.0,normalDay
2022-05-05,9306.0,-3624.0,0.0,100,413.81,463.0,0,0.0,0.0,,0.0,1,13.21,0.26,SPY220520C00450000,450.0,normalDay
2022-05-06,9306.0,-3856.0,0.0,100,411.34,463.0,0,0.0,0.0,,0.0,1,13.21,0.11,SPY220520C00450000,450.0,normalDay
2022-05-09,9306.0,-5169.0,0.0,100,398.17,463.0,0,0.0,0.0,,0.0,1,13.21,0.07,SPY220520C00450000,450.0,normalDay
2022-05-10,9306.0,-5074.0,0.0,100,399.09,463.0,0,0.0,0.0,,0.0,1,13.21,0.04,SPY220520C00450000,450.0,normalDay
2022-05-11,9306.0,-5707.0,0.0,100,392.75,463.0,0,0.0,0.0,,0.0,1,13.21,0.03,SPY220520C00450000,450.0,normalDay
2022-05-12,9306.0,-5747.0,0.0,100,392.34,463.0,0,0.0,0.0,,0.0,1,13.21,0.02,SPY220520C00450000,450.0,normalDay
2022-05-13,9306.0,-4809.0,0.0,100,401.72,463.0,0,0.0,0.0,,0.0,1,13.21,0.02,SPY220520C00450000,450.0,normalDay
2022-05-16,9306.0,-4972.0,0.0,100,400.09,463.0,0,0.0,0.0,,0.0,1,13.21,0.02,SPY220520C00450000,450.0,normalDay
2022-05-17,9306.0,-4148.0,0.0,100,408.32,463.0,0,0.0,0.0,,0.0,1,13.21,0.01,SPY220520C00450000,450.0,normalDay
2022-05-18,9306.0,-5794.0,0.0,100,391.86,463.0,0,0.0,0.0,,0.0,1,13.21,0.01,SPY220520C00450000,450.0,normalDay
2022-05-19,9306.0,-6034.0,0.0,100,389.46,463.0,0,0.0,0.0,,0.0,1,13.21,0.01,SPY220520C00450000,450.0,normalDay
2022-05-20,10627.0,-7337.0,1321.0,100,389.63,463.0,0,0.0,0.0,,0.0,1,13.21,0.0,SPY220520C00450000,450.0,expirationDay
2022-05-23,10627.0,-6614.0,0.0,100,396.92,463.0,0,0.0,0.0,,0.0,1,6.77,6.83,SPY220715C00415000,415.0,normalDay
2022-05-24,10627.0,-6833.0,0.0,100,393.89,463.0,0,0.0,0.0,,0.0,1,6.77,5.99,SPY220715C00415000,415.0,normalDay
2022-05-25,10627.0,-6546.0,0.0,100,397.37,463.0,0,0.0,0.0,,0.0,1,6.77,6.6,SPY220715C00415000,415.0,normalDay
2022-05-26,10627.0,-5998.0,0.0,100,405.31,463.0,0,0.0,0.0,,0.0,1,6.77,9.06,SPY220715C00415000,415.0,normalDay
2022-05-27,10627.0,-5469.0,0.0,100,415.26,463.0,0,0.0,0.0,,0.0,1,6.77,13.72,SPY220715C00415000,415.0,normalDay
2022-05-31,10627.0,-5497.0,0.0,100,412.93,463.0,0,0.0,0.0,,0.0,1,6.77,11.67,SPY220715C00415000,415.0,normalDay
2022-06-01,10627.0,-5628.0,0.0,100,409.59,463.0,0,0.0,0.0,,0.0,1,6.77,9.64,SPY220715C00415000,415.0,normalDay
2022-06-02,10627.0,-5226.0,0.0,100,417.39,463.0,0,0.0,0.0,,0.0,1,6.77,13.42,SPY220715C00415000,415.0,normalDay
2022-06-03,10627.0,-5541.0,0.0,100,410.54,463.0,0,0.0,0.0,,0.0,1,6.77,9.72,SPY220715C00415000,415.0,normalDay
2022-06-06,10627.0,-5422.0,0.0,100,411.79,463.0,0,0.0,0.0,,0.0,1,6.77,9.78,SPY220715C00415000,415.0,normalDay
2022-06-07,10627.0,-5180.0,0.0,100,415.74,463.0,0,0.0,0.0,,0.0,1,6.77,11.31,SPY220715C00415000,415.0,normalDay
2022-06-08,10627.0,-5398.0,0.0,100,411.22,463.0,0,0.0,0.0,,0.0,1,6.77,8.97,SPY220715C00415000,415.0,normalDay
2022-06-09,10627.0,-6021.0,0.0,100,401.44,463.0,0,0.0,0.0,,0.0,1,6.77,5.42,SPY220715C00415000,415.0,normalDay
2022-06-10,10627.0,-6897.0,0.0,100,389.8,463.0,0,0.0,0.0,,0.0,1,6.77,2.54,SPY220715C00415000,415.0,normalDay
2022-06-13,10627.0,-8219.0,0.0,100,375.0,463.0,0,0.0,0.0,,0.0,1,6.77,0.96,SPY220715C00415000,415.0,normalDay
2022-06-14,10627.0,-8309.0,0.0,100,373.87,463.0,0,0.0,0.0,,0.0,1,6.77,0.73,SPY220715C00415000,415.0,normalDay
2022-06-15,10627.0,-7796.0,0.0,100,379.2,463.0,0,0.0,0.0,,0.0,1,6.77,0.93,SPY220715C00415000,415.0,normalDay
2022-06-16,10627.0,-8997.0,0.0,100,366.65,463.0,0,0.0,0.0,,0.0,1,6.77,0.39,SPY220715C00415000,415.0,normalDay
2022-06-17,10627.0,-9078.0,0.0,100,365.86,463.0,0,0.0,0.0,,0.0,1,6.77,0.41,SPY220715C00415000,415.0,normalDay
2022-06-21,10627.0,-8165.0,0.0,100,375.07,463.0,0,0.0,0.0,,0.0,1,6.77,0.49,SPY220715C00415000,415.0,normalDay
2022-06-22,10627.0,-8228.0,0.0,100,374.39,463.0,0,0.0,0.0,,0.0,1,6.77,0.44,SPY220715C00415000,415.0,normalDay
2022-06-23,10627.0,-7864.0,0.0,100,378.06,463.0,0,0.0,0.0,,0.0,1,6.77,0.47,SPY220715C00415000,415.0,normalDay
2022-06-24,10627.0,-6729.0,0.0,100,390.08,463.0,0,0.0,0.0,,0.0,1,6.77,1.14,SPY220715C00415000,415.0,normalDay
2022-06-27,10627.0,-6855.0,0.0,100,388.59,463.0,0,0.0,0.0,,0.0,1,6.77,0.91,SPY220715C00415000,415.0,normalDay
2022-06-28,10627.0,-7591.0,0.0,100,380.65,463.0,0,0.0,0.0,,0.0,1,6.77,0.33,SPY220715C00415000,415.0,normalDay
2022-06-29,10627.0,-7619.0,0.0,100,380.34,463.0,0,0.0,0.0,,0.0,1,6.77,0.3,SPY220715C00415000,415.0,normalDay
2022-06-30,10627.0,-7913.0,0.0,100,377.25,463.0,0,0.0,0.0,,0.0,1,6.77,0.15,SPY220715C00415000,415.0,normalDay
2022-07-01,10627.0,-7511.0,0.0,100,381.24,463.0,0,0.0,0.0,,0.0,1,6.77,0.12,SPY220715C00415000,415.0,normalDay
2022-07-05,10627.0,-7435.0,0.0,100,381.96,463.0,0,0.0,0.0,,0.0,1,6.77,0.08,SPY220715C00415000,415.0,normalDay
2022-07-06,10627.0,-7305.0,0.0,100,383.25,463.0,0,0.0,0.0,,0.0,1,6.77,0.07,SPY220715C00415000,415.0,normalDay
2022-07-07,10627.0,-6731.0,0.0,100,388.99,463.0,0,0.0,0.0,,0.0,1,6.77,0.07,SPY220715C00415000,415.0,normalDay
2022-07-08,10627.0,-6759.0,0.0,100,388.67,463.0,0,0.0,0.0,,0.0,1,6.77,0.03,SPY220715C00415000,415.0,normalDay
2022-07-11,10627.0,-7202.0,0.0,100,384.23,463.0,0,0.0,0.0,,0.0,1,6.77,0.02,SPY220715C00415000,415.0,normalDay
2022-07-12,10627.0,-7542.0,0.0,100,380.83,463.0,0,0.0,0.0,,0.0,1,6.77,0.02,SPY220715C00415000,415.0,normalDay
2022-07-13,10627.0,-7741.0,0.0,100,378.83,463.0,0,0.0,0.0,,0.0,1,6.77,0.01,SPY220715C00415000,415.0,normalDay
2022-07-14,10627.0,-7833.0,0.0,100,377.91,463.0,0,0.0,0.0,,0.0,1,6.77,0.01,SPY220715C00415000,415.0,normalDay
2022-07-15,11304.0,-7787.0,677.0,100,385.13,463.0,0,0.0,0.0,,0.0,1,6.77,0.0,SPY220715C00415000,415.0,expirationDay
2022-07-18,11304.0,-8112.0,0.0,100,381.95,463.0,0,0.0,0.0,,0.0,1,10.7,10.77,SPY220826C00385000,385.0,normalDay
2022-07-19,11304.0,-7713.0,0.0,100,392.27,463.0,0,0.0,0.0,,0.0,1,10.7,17.1,SPY220826C00385000,385.0,normalDay
2022-07-20,11304.0,-7592.0,0.0,100,394.77,463.0,0,0.0,0.0,,0.0,1,10.7,18.39,SPY220826C00385000,385.0,normalDay
2022-07-21,11304.0,-7378.0,0.0,100,398.79,463.0,0,0.0,0.0,,0.0,1,10.7,20.27,SPY220826C00385000,385.0,normalDay
2022-07-22,11304.0,-7444.0,0.0,100,395.09,463.0,0,0.0,0.0,,0.0,1,10.7,17.23,SPY220826C00385000,385.0,normalDay
2022-07-25,11304.0,-7449.0,0.0,100,395.57,463.0,0,0.0,0.0,,0.0,1,10.7,17.76,SPY220826C00385000,385.0,normalDay
2022-07-26,11304.0,-7653.0,0.0,100,390.89,463.0,0,0.0,0.0,,0.0,1,10.7,15.12,SPY220826C00385000,385.0,normalDay
2022-07-27,11304.0,-7184.0,0.0,100,401.04,463.0,0,0.0,0.0,,0.0,1,10.7,20.58,SPY220826C00385000,385.0,normalDay
2022-07-28,11304.0,-7217.0,0.0,100,406.07,463.0,0,0.0,0.0,,0.0,1,10.7,25.94,SPY220826C00385000,385.0,normalDay
2022-07-29,11304.0,-7013.0,0.0,100,411.99,463.0,0,0.0,0.0,,0.0,1,10.7,29.82,SPY220826C00385000,385.0,normalDay
2022-08-01,11304.0,-7046.0,0.0,100,410.77,463.0,0,0.0,0.0,,0.0,1,10.7,28.93,SPY220826C00385000,385.0,normalDay
2022-08-02,11304.0,-7071.0,0.0,100,408.06,463.0,0,0.0,0.0,,0.0,1,10.7,26.47,SPY220826C00385000,385.0,normalDay
2022-08-03,11304.0,-6911.0,0.0,100,414.45,463.0,0,0.0,0.0,,0.0,1,10.7,31.26,SPY220826C00385000,385.0,normalDay
2022-08-04,11304.0,-6941.0,0.0,100,414.17,463.0,0,0.0,0.0,,0.0,1,10.7,31.28,SPY220826C00385000,385.0,normalDay
2022-08-05,11304.0,-6871.0,0.0,100,413.47,463.0,0,0.0,0.0,,0.0,1,10.7,29.88,SPY220826C00385000,385.0,normalDay
2022-08-08,11304.0,-6908.0,0.0,100,412.99,463.0,0,0.0,0.0,,0.0,1,10.7,29.77,SPY220826C00385000,385.0,normalDay
2022-08-09,11304.0,-6927.0,0.0,100,411.35,463.0,0,0.0,0.0,,0.0,1,10.7,28.32,SPY220826C00385000,385.0,normalDay
2022-08-10,11304.0,-6793.0,0.0,100,419.99,463.0,0,0.0,0.0,,0.0,1,10.7,35.62,SPY220826C00385000,385.0,normalDay
2022-08-11,11304.0,-6867.0,0.0,100,419.99,463.0,0,0.0,0.0,,0.0,1,10.7,36.36,SPY220826C00385000,385.0,normalDay
2022-08-12,11304.0,-6768.0,0.0,100,427.1,463.0,0,0.0,0.0,,0.0,1,10.7,42.48,SPY220826C00385000,385.0,normalDay
2022-08-15,11304.0,-6760.0,0.0,100,428.86,463.0,0,0.0,0.0,,0.0,1,10.7,44.16,SPY220826C00385000,385.0,normalDay
2022-08-16,11304.0,-6745.0,0.0,100,429.7,463.0,0,0.0,0.0,,0.0,1,10.7,44.85,SPY220826C00385000,385.0,normalDay
2022-08-17,11304.0,-6790.0,0.0,100,426.65,463.0,0,0.0,0.0,,0.0,1,10.7,42.25,SPY220826C00385000,385.0,normalDay
2022-08-18,11304.0,-6747.0,0.0,100,427.89,463.0,0,0.0,0.0,,0.0,1,10.7,43.06,SPY220826C00385000,385.0,normalDay
2022-08-19,11304.0,-6762.0,0.0,100,422.14,463.0,0,0.0,0.0,,0.0,1,10.7,37.46,SPY220826C00385000,385.0,normalDay
2022-08-22,11304.0,-6793.0,0.0,100,413.35,463.0,0,0.0,0.0,,0.0,1,10.7,28.98,SPY220826C00385000,385.0,normalDay
2022-08-23,11304.0,-6735.0,0.0,100,412.35,463.0,0,0.0,0.0,,0.0,1,10.7,27.4,SPY220826C00385000,385.0,normalDay
2022-08-24,11304.0,-6757.0,0.0,100,413.67,463.0,0,0.0,0.0,,0.0,1,10.7,28.94,SPY220826C00385000,385.0,normalDay
2022-08-25,11304.0,-6698.0,0.0,100,419.51,463.0,0,0.0,0.0,,0.0,1,10.7,34.19,SPY220826C00385000,385.0,normalDay
2022-08-26,4574.0,-6698.0,-6730.0,0,405.31,0.0,0,0.0,0.0,,0.0,1,10.7,0.0,SPY220826C00385000,385.0,expirationDay
2022-08-29,4574.0,-45.0,0.0,0,402.63,0.0,1,26.79,27.24,SPY221230P00415000,415.0,0,0.0,0.0,,0.0,normalDay
2022-08-30,4574.0,-274.0,0.0,0,398.21,0.0,1,26.79,29.53,SPY221230P00415000,415.0,0,0.0,0.0,,0.0,normalDay
2022-08-31,4574.0,-404.0,0.0,0,395.18,0.0,1,26.79,30.83,SPY221230P00415000,415.0,0,0.0,0.0,,0.0,normalDay
2022-09-01,4574.0,-321.0,0.0,0,396.42,0.0,1,26.79,30.0,SPY221230P00415000,415.0,0,0.0,0.0,,0.0,normalDay
2022-09-02,4574.0,-554.0,0.0,0,392.24,0.0,1,26.79,32.33,SPY221230P00415000,415.0,0,0.0,0.0,,0.0,normalDay
2022-09-06,4574.0,-712.0,0.0,0,390.76,0.0,1,26.79,33.91,SPY221230P00415000,415.0,0,0.0,0.0,,0.0,normalDay
2022-09-07,4574.0,-224.0,0.0,0,397.78,0.0,1,26.79,29.03,SPY221230P00415000,415.0,0,0.0,0.0,,0.0,normalDay
2022-09-08,4574.0,8.0,0.0,0,400.38,0.0,1,26.79,26.71,SPY221230P00415000,415.0,0,0.0,0.0,,0.0,normalDay
2022-09-09,4574.0,308.0,0.0,0,406.6,0.0,1,26.79,23.71,SPY221230P00415000,415.0,0,0.0,0.0,,0.0,normalDay
2022-09-12,4574.0,546.0,0.0,0,410.97,0.0,1,26.79,21.33,SPY221230P00415000,415.0,0,0.0,0.0,,0.0,normalDay
2022-09-13,4574.0,-468.0,0.0,0,393.1,0.0,1,26.79,31.47,SPY221230P00415000,415.0,0,0.0,0.0,,0.0,normalDay
2022-09-14,4574.0,-379.0,0.0,0,394.6,0.0,1,26.79,30.58,SPY221230P00415000,415.0,0,0.0,0.0,,0.0,normalDay
2022-09-15,4574.0,-602.0,0.0,0,390.12,0.0,1,26.79,32.81,SPY221230P00415000,415.0,0,0.0,0.0,,0.0,normalDay
2022-09-16,4574.0,-819.0,0.0,0,385.56,0.0,1,26.79,34.98,SPY221230P00415000,415.0,0,0.0,0.0,,0.0,normalDay
2022-09-19,4574.0,-629.0,0.0,0,388.55,0.0,1,26.79,33.08,SPY221230P00415000,415.0,0,0.0,0.0,,0.0,normalDay
2022-09-20,4574.0,-911.0,0.0,0,384.09,0.0,1,26.79,35.9,SPY221230P00415000,415.0,0,0.0,0.0,,0.0,normalDay
2022-09-21,4574.0,-1467.0,0.0,0,377.39,0.0,1,26.79,41.46,SPY221230P00415000,415.0,0,0.0,0.0,,0.0,normalDay
2022-09-22,4574.0,-1662.0,0.0,0,374.22,0.0,1,26.79,43.41,SPY221230P00415000,415.0,0,0.0,0.0,,0.0,normalDay
2022-09-23,4574.0,-2272.0,0.0,0,367.95,0.0,1,26.79,49.51,SPY221230P00415000,415.0,0,0.0,0.0,,0.0,normalDay
2022-09-26,4574.0,-2627.0,0.0,0,364.31,0.0,1,26.79,53.06,SPY221230P00415000,415.0,0,0.0,0.0,,0.0,normalDay
2022-09-27,4574.0,-2643.0,0.0,0,363.38,0.0,1,26.79,53.22,SPY221230P00415000,415.0,0,0.0,0.0,,0.0,normalDay
2022-09-28,4574.0,-2005.0,0.0,0,370.53,0.0,1,26.79,46.84,SPY221230P00415000,415.0,0,0.0,0.0,,0.0,normalDay
2022-09-29,4574.0,-2675.0,0.0,0,362.79,0.0,1,26.79,53.54,SPY221230P00415000,415.0,0,0.0,0.0,,0.0,normalDay
2022-09-30,4574.0,-3104.0,0.0,0,357.18,0.0,1,26.79,57.83,SPY221230P00415000,415.0,0,0.0,0.0,,0.0,normalDay
2022-10-03,4574.0,-2255.0,0.0,0,366.61,0.0,1,26.79,49.34,SPY221230P00415000,415.0,0,0.0,0.0,,0.0,normalDay
2022-10-04,4574.0,-1348.0,0.0,0,377.97,0.0,1,26.79,40.27,SPY221230P00415000,415.0,0,0.0,0.0,,0.0,normalDay
2022-10-05,4574.0,-1363.0,0.0,0,377.09,0.0,1,26.79,40.42,SPY221230P00415000,415.0,0,0.0,0.0,,0.0,normalDay
2022-10-06,4574.0,-1732.0,0.0,0,373.2,0.0,1,26.79,44.11,SPY221230P00415000,415.0,0,0.0,0.0,,0.0,normalDay
2022-10-07,4574.0,-2696.0,0.0,0,362.79,0.0,1,26.79,53.75,SPY221230P00415000,415.0,0,0.0,0.0,,0.0,normalDay
2022-10-10,4574.0,-2898.0,0.0,0,360.02,0.0,1,26.79,55.77,SPY221230P00415000,415.0,0,0.0,0.0,,0.0,normalDay
2022-10-11,4574.0,-3131.0,0.0,0,357.74,0.0,1,26.79,58.1,SPY221230P00415000,415.0,0,0.0,0.0,,0.0,normalDay
2022-10-12,4574.0,-3253.0,0.0,0,356.56,0.0,1,26.79,59.32,SPY221230P00415000,415.0,0,0.0,0.0,,0.0,normalDay
2022-10-13,4574.0,-2411.0,0.0,0,365.97,0.0,1,26.79,50.9,SPY221230P00415000,415.0,0,0.0,0.0,,0.0,normalDay
2022-10-14,4574.0,-3157.0,0.0,0,357.63,0.0,1,26.79,58.36,SPY221230P00415000,415.0,0,0.0,0.0,,0.0,normalDay
2022-10-17,4574.0,-2293.0,0.0,0,366.82,0.0,1,26.79,49.72,SPY221230P00415000,415.0,0,0.0,0.0,,0.0,normalDay
2022-10-18,4574.0,-1860.0,0.0,0,371.13,0.0,1,26.79,45.39,SPY221230P00415000,415.0,0,0.0,0.0,,0.0,normalDay
2022-10-19,4574.0,-2199.0,0.0,0,368.5,0.0,1,26.79,48.78,SPY221230P00415000,415.0,0,0.0,0.0,,0.0,normalDay
2022-10-20,4574.0,-2393.0,0.0,0,365.41,0.0,1,26.79,50.72,SPY221230P00415000,415.0,0,0.0,0.0,,0.0,normalDay
2022-10-21,4574.0,-1681.0,0.0,0,374.29,0.0,1,26.79,43.6,SPY221230P00415000,415.0,0,0.0,0.0,,0.0,normalDay
2022-10-24,4574.0,-1330.0,0.0,0,378.87,0.0,1,26.79,40.09,SPY221230P00415000,415.0,0,0.0,0.0,,0.0,normalDay
2022-10-25,4574.0,-941.0,0.0,0,384.92,0.0,1,26.79,36.2,SPY221230P00415000,415.0,0,0.0,0.0,,0.0,normalDay
2022-10-26,4574.0,-970.0,0.0,0,382.02,0.0,1,26.79,36.49,SPY221230P00415000,415.0,0,0.0,0.0,,0.0,normalDay
2022-10-27,4574.0,-1473.0,0.0,0,379.98,0.0,1,26.79,41.52,SPY221230P00415000,415.0,0,0.0,0.0,,0.0,normalDay
2022-10-28,4574.0,-410.0,0.0,0,389.02,0.0,1,26.79,30.89,SPY221230P00415000,415.0,0,0.0,0.0,,0.0,normalDay
2022-10-31,4574.0,-580.0,0.0,0,386.21,0.0,1,26.79,32.59,SPY221230P00415000,415.0,0,0.0,0.0,,0.0,normalDay
2022-11-01,4574.0,-737.0,0.0,0,384.52,0.0,1,26.79,34.16,SPY221230P00415000,415.0,0,0.0,0.0,,0.0,normalDay
2022-11-02,4574.0,-1543.0,0.0,0,374.87,0.0,1,26.79,42.22,SPY221230P00415000,415.0,0,0.0,0.0,,0.0,normalDay
2022-11-03,4574.0,-1861.0,0.0,0,371.01,0.0,1,26.79,45.4,SPY221230P00415000,415.0,0,0.0,0.0,,0.0,normalDay
2022-11-04,4574.0,-1394.0,0.0,0,376.35,0.0,1,26.79,40.73,SPY221230P00415000,415.0,0,0.0,0.0,,0.0,normalDay
2022-11-07,4574.0,-1047.0,0.0,0,379.95,0.0,1,26.79,37.26,SPY221230P00415000,415.0,0,0.0,0.0,,0.0,normalDay
2022-11-08,4574.0,-943.0,0.0,0,382.0,0.0,1,26.79,36.22,SPY221230P00415000,415.0,0,0.0,0.0,,0.0,normalDay
2022-11-09,4574.0,-1550.0,0.0,0,374.13,0.0,1,26.79,42.29,SPY221230P00415000,415.0,0,0.0,0.0,,0.0,normalDay
2022-11-10,4574.0,157.0,0.0,0,394.69,0.0,1,26.79,25.22,SPY221230P00415000,415.0,0,0.0,0.0,,0.0,normalDay
2022-11-11,4574.0,458.0,0.0,0,398.51,0.0,1,26.79,22.21,SPY221230P00415000,415.0,0,0.0,0.0,,0.0,normalDay
2022-11-14,4574.0,310.0,0.0,0,395.12,0.0,1,26.79,23.69,SPY221230P00415000,415.0,0,0.0,0.0,,0.0,normalDay
2022-11-15,4574.0,532.0,0.0,0,398.49,0.0,1,26.79,21.47,SPY221230P00415000,415.0,0,0.0,0.0,,0.0,normalDay
2022-11-16,4574.0,342.0,0.0,0,395.45,0.0,1,26.79,23.37,SPY221230P00415000,415.0,0,0.0,0.0,,0.0,normalDay
2022-11-17,4574.0,240.0,0.0,0,394.24,0.0,1,26.79,24.39,SPY221230P00415000,415.0,0,0.0,0.0,,0.0,normalDay
2022-11-18,4574.0,374.0,0.0,0,396.03,0.0,1,26.79,23.05,SPY221230P00415000,415.0,0,0.0,0.0,,0.0,normalDay
2022-11-21,4574.0,344.0,0.0,0,394.59,0.0,1,26.79,23.35,SPY221230P00415000,415.0,0,0.0,0.0,,0.0,normalDay
2022-11-22,4574.0,768.0,0.0,0,399.9,0.0,1,26.79,19.11,SPY221230P00415000,415.0,0,0.0,0.0,,0.0,normalDay
2022-11-23,4574.0,964.0,0.0,0,402.42,0.0,1,26.79,17.15,SPY221230P00415000,415.0,0,0.0,0.0,,0.0,normalDay
2022-11-25,4574.0,796.0,0.0,0,402.33,0.0,1,26.79,18.83,SPY221230P00415000,415.0,0,0.0,0.0,,0.0,normalDay
2022-11-28,4574.0,515.0,0.0,0,395.91,0.0,1,26.79,21.64,SPY221230P00415000,415.0,0,0.0,0.0,,0.0,normalDay
2022-11-29,4574.0,441.0,0.0,0,395.23,0.0,1,26.79,22.38,SPY221230P00415000,415.0,0,0.0,0.0,,0.0,normalDay
2022-11-30,4574.0,1363.0,0.0,0,407.68,0.0,1,26.79,13.16,SPY221230P00415000,415.0,0,0.0,0.0,,0.0,normalDay
2022-12-01,4574.0,1352.0,0.0,0,407.38,0.0,1,26.79,13.27,SPY221230P00415000,415.0,0,0.0,0.0,,0.0,normalDay
2022-12-02,4574.0,1370.0,0.0,0,406.91,0.0,1,26.79,13.09,SPY221230P00415000,415.0,0,0.0,0.0,,0.0,normalDay
2022-12-05,4574.0,858.0,0.0,0,399.59,0.0,1,26.79,18.21,SPY221230P00415000,415.0,0,0.0,0.0,,0.0,normalDay
2022-12-06,4574.0,352.0,0.0,0,393.83,0.0,1,26.79,23.27,SPY221230P00415000,415.0,0,0.0,0.0,,0.0,normalDay
2022-12-07,4574.0,277.0,0.0,0,393.16,0.0,1,26.79,24.02,SPY221230P00415000,415.0,0,0.0,0.0,,0.0,normalDay
2022-12-08,4574.0,549.0,0.0,0,396.24,0.0,1,26.79,21.3,SPY221230P00415000,415.0,0,0.0,0.0,,0.0,normalDay
2022-12-09,4574.0,296.0,0.0,0,393.28,0.0,1,26.79,23.83,SPY221230P00415000,415.0,0,0.0,0.0,,0.0,normalDay
2022-12-12,4574.0,707.0,0.0,0,398.95,0.0,1,26.79,19.72,SPY221230P00415000,415.0,0,0.0,0.0,,0.0,normalDay
2022-12-13,4574.0,1082.0,0.0,0,401.97,0.0,1,26.79,15.97,SPY221230P00415000,415.0,0,0.0,0.0,,0.0,normalDay
2022-12-14,4574.0,967.0,0.0,0,399.4,0.0,1,26.79,17.12,SPY221230P00415000,415.0,0,0.0,0.0,,0.0,normalDay
2022-12-15,4574.0,-41.0,0.0,0,389.63,0.0,1,26.79,27.2,SPY221230P00415000,415.0,0,0.0,0.0,,0.0,normalDay
2022-12-16,4574.0,-514.0,0.0,0,383.27,0.0,1,26.79,31.93,SPY221230P00415000,415.0,0,0.0,0.0,,0.0,normalDay
2022-12-19,4574.0,-852.0,0.0,0,380.02,0.0,1,26.79,35.31,SPY221230P00415000,415.0,0,0.0,0.0,,0.0,normalDay
2022-12-20,4574.0,-762.0,0.0,0,380.54,0.0,1,26.79,34.41,SPY221230P00415000,415.0,0,0.0,0.0,,0.0,normalDay
2022-12-21,4574.0,-207.0,0.0,0,386.23,0.0,1,26.79,28.86,SPY221230P00415000,415.0,0,0.0,0.0,,0.0,normalDay
2022-12-22,4574.0,-752.0,0.0,0,380.72,0.0,1,26.79,34.31,SPY221230P00415000,415.0,0,0.0,0.0,,0.0,normalDay
2022-12-23,4574.0,-549.0,0.0,0,382.91,0.0,1,26.79,32.28,SPY221230P00415000,415.0,0,0.0,0.0,,0.0,normalDay
2022-12-27,4574.0,-681.0,0.0,0,381.4,0.0,1,26.79,33.6,SPY221230P00415000,415.0,0,0.0,0.0,,0.0,normalDay
2022-12-28,4574.0,-1152.0,0.0,0,376.66,0.0,1,26.79,38.31,SPY221230P00415000,415.0,0,0.0,0.0,,0.0,normalDay
2022-12-29,4574.0,-498.0,0.0,0,383.44,0.0,1,26.79,31.77,SPY221230P00415000,415.0,0,0.0,0.0,,0.0,normalDay
2022-12-30,7253.0,-3257.0,2679.0,100,382.43,415.0,1,26.79,0.0,SPY221230P00415000,415.0,0,0.0,0.0,,0.0,expirationDay
2023-01-03,7253.0,-3423.0,0.0,100,380.82,415.0,0,0.0,0.0,,0.0,1,6.35,6.4,SPY230217C00394000,394.0,normalDay
2023-01-04,7253.0,-3225.0,0.0,100,383.76,415.0,0,0.0,0.0,,0.0,1,6.35,7.36,SPY230217C00394000,394.0,normalDay
2023-01-05,7253.0,-3476.0,0.0,100,379.38,415.0,0,0.0,0.0,,0.0,1,6.35,5.49,SPY230217C00394000,394.0,normalDay
2023-01-06,7253.0,-2917.0,0.0,100,388.08,415.0,0,0.0,0.0,,0.0,1,6.35,8.6,SPY230217C00394000,394.0,normalDay
2023-01-09,7253.0,-2919.0,0.0,100,387.86,415.0,0,0.0,0.0,,0.0,1,6.35,8.4,SPY230217C00394000,394.0,normalDay
2023-01-10,7253.0,-2733.0,0.0,100,390.58,415.0,0,0.0,0.0,,0.0,1,6.35,9.26,SPY230217C00394000,394.0,normalDay
2023-01-11,7253.0,-2523.0,0.0,100,395.52,415.0,0,0.0,0.0,,0.0,1,6.35,12.1,SPY230217C00394000,394.0,normalDay
2023-01-12,7253.0,-2352.0,0.0,100,396.96,415.0,0,0.0,0.0,,0.0,1,6.35,11.83,SPY230217C00394000,394.0,normalDay
2023-01-13,7253.0,-2218.0,0.0,100,398.5,415.0,0,0.0,0.0,,0.0,1,6.35,12.03,SPY230217C00394000,394.0,normalDay
2023-01-17,7253.0,-2239.0,0.0,100,397.77,415.0,0,0.0,0.0,,0.0,1,6.35,11.51,SPY230217C00394000,394.0,normalDay
2023-01-18,7253.0,-2503.0,0.0,100,391.49,415.0,0,0.0,0.0,,0.0,1,6.35,7.87,SPY230217C00394000,394.0,normalDay
2023-01-19,7253.0,-2636.0,0.0,100,388.64,415.0,0,0.0,0.0,,0.0,1,6.35,6.35,SPY230217C00394000,394.0,normalDay
2023-01-20,7253.0,-2255.0,0.0,100,395.88,415.0,0,0.0,0.0,,0.0,1,6.35,9.78,SPY230217C00394000,394.0,normalDay
2023-01-23,7253.0,-2059.0,0.0,100,400.63,415.0,0,0.0,0.0,,0.0,1,6.35,12.57,SPY230217C00394000,394.0,normalDay
2023-01-24,7253.0,-2135.0,0.0,100,400.2,415.0,0,0.0,0.0,,0.0,1,6.35,12.9,SPY230217C00394000,394.0,normalDay
2023-01-25,7253.0,-2044.0,0.0,100,400.35,415.0,0,0.0,0.0,,0.0,1,6.35,12.14,SPY230217C00394000,394.0,normalDay
2023-01-26,7253.0,-1897.0,0.0,100,404.75,415.0,0,0.0,0.0,,0.0,1,6.35,15.07,SPY230217C00394000,394.0,normalDay
2023-01-27,7253.0,-1853.0,0.0,100,405.68,415.0,0,0.0,0.0,,0.0,1,6.35,15.56,SPY230217C00394000,394.0,normalDay
2023-01-30,7253.0,-2048.0,0.0,100,400.59,415.0,0,0.0,0.0,,0.0,1,6.35,12.42,SPY230217C00394000,394.0,normalDay
2023-01-31,7253.0,-1813.0,0.0,100,406.48,415.0,0,0.0,0.0,,0.0,1,6.35,15.96,SPY230217C00394000,394.0,normalDay
2023-02-01,7253.0,-1780.0,0.0,100,410.8,415.0,0,0.0,0.0,,0.0,1,6.35,19.95,SPY230217C00394000,394.0,normalDay
2023-02-02,7253.0,-1561.0,0.0,100,416.78,415.0,0,0.0,0.0,,0.0,1,6.35,23.74,SPY230217C00394000,394.0,normalDay
2023-02-03,7253.0,-1644.0,0.0,100,412.35,415.0,0,0.0,0.0,,0.0,1,6.35,20.14,SPY230217C00394000,394.0,normalDay
2023-02-06,7253.0,-1666.0,0.0,100,409.83,415.0,0,0.0,0.0,,0.0,1,6.35,17.84,SPY230217C00394000,394.0,normalDay
2023-02-07,7253.0,-1518.0,0.0,100,415.19,415.0,0,0.0,0.0,,0.0,1,6.35,21.72,SPY230217C00394000,394.0,normalDay
2023-02-08,7253.0,-1627.0,0.0,100,410.65,415.0,0,0.0,0.0,,0.0,1,6.35,18.27,SPY230217C00394000,394.0,normalDay
2023-02-09,7253.0,-1687.0,0.0,100,407.09,415.0,0,0.0,0.0,,0.0,1,6.35,15.31,SPY230217C00394000,394.0,normalDay
2023-02-10,7253.0,-1595.0,0.0,100,408.04,415.0,0,0.0,0.0,,0.0,1,6.35,15.34,SPY230217C00394000,394.0,normalDay
2023-02-13,7253.0,-1549.0,0.0,100,412.83,415.0,0,0.0,0.0,,0.0,1,6.35,19.67,SPY230217C00394000,394.0,normalDay
2023-02-14,7253.0,-1455.0,0.0,100,412.64,415.0,0,0.0,0.0,,0.0,1,6.35,18.54,SPY230217C00394000,394.0,normalDay
2023-02-15,7253.0,-1512.0,0.0,100,413.98,415.0,0,0.0,0.0,,0.0,1,6.35,20.45,SPY230217C00394000,394.0,normalDay
2023-02-16,7253.0,-1488.0,0.0,100,408.28,415.0,0,0.0,0.0,,0.0,1,6.35,14.51,SPY230217C00394000,394.0,normalDay
2023-02-17,5788.0,-1488.0,-1465.0,0,407.26,0.0,0,0.0,0.0,,0.0,1,6.35,0.0,SPY230217C00394000,394.0,expirationDay
2023-02-21,5788.0,-9.0,0.0,0,399.09,0.0,1,20.19,20.28,SPY230630P00407000,407.0,0,0.0,0.0,,0.0,normalDay
2023-02-22,5788.0,-2.0,0.0,0,398.54,0.0,1,20.19,20.21,SPY230630P00407000,407.0,0,0.0,0.0,,0.0,normalDay
2023-02-23,5788.0,131.0,0.0,0,400.66,0.0,1,20.19,18.88,SPY230630P00407000,407.0,0,0.0,0.0,,0.0,normalDay
2023-02-24,5788.0,-120.0,0.0,0,396.38,0.0,1,20.19,21.39,SPY230630P00407000,407.0,0,0.0,0.0,,0.0,normalDay
2023-02-27,5788.0,21.0,0.0,0,397.73,0.0,1,20.19,19.98,SPY230630P00407000,407.0,0,0.0,0.0,,0.0,normalDay
2023-02-28,5788.0,-74.0,0.0,0,396.26,0.0,1,20.19,20.93,SPY230630P00407000,407.0,0,0.0,0.0,,0.0,normalDay
2023-03-01,5788.0,-126.0,0.0,0,394.74,0.0,1,20.19,21.45,SPY230630P00407000,407.0,0,0.0,0.0,,0.0,normalDay
2023-03-02,5788.0,61.0,0.0,0,397.81,0.0,1,20.19,19.58,SPY230630P00407000,407.0,0,0.0,0.0,,0.0,normalDay
2023-03-03,5788.0,402.0,0.0,0,404.19,0.0,1,20.19,16.17,SPY230630P00407000,407.0,0,0.0,0.0,,0.0,normalDay
2023-03-06,5788.0,434.0,0.0,0,404.47,0.0,1,20.19,15.85,SPY230630P00407000,407.0,0,0.0,0.0,,0.0,normalDay
2023-03-07,5788.0,135.0,0.0,0,398.27,0.0,1,20.19,18.84,SPY230630P00407000,407.0,0,0.0,0.0,,0.0,normalDay
2023-03-08,5788.0,197.0,0.0,0,398.92,0.0,1,20.19,18.22,SPY230630P00407000,407.0,0,0.0,0.0,,0.0,normalDay
2023-03-09,5788.0,-335.0,0.0,0,391.56,0.0,1,20.19,23.54,SPY230630P00407000,407.0,0,0.0,0.0,,0.0,normalDay
2023-03-10,5788.0,-796.0,0.0,0,385.91,0.0,1,20.19,28.15,SPY230630P00407000,407.0,0,0.0,0.0,,0.0,normalDay
2023-03-13,5788.0,-778.0,0.0,0,385.36,0.0,1,20.19,27.97,SPY230630P00407000,407.0,0,0.0,0.0,,0.0,normalDay
2023-03-14,5788.0,-349.0,0.0,0,391.73,0.0,1,20.19,23.68,SPY230630P00407000,407.0,0,0.0,0.0,,0.0,normalDay
2023-03-15,5788.0,-584.0,0.0,0,389.28,0.0,1,20.19,26.03,SPY230630P00407000,407.0,0,0.0,0.0,,0.0,normalDay
2023-03-16,5788.0,-85.0,0.0,0,396.11,0.0,1,20.19,21.04,SPY230630P00407000,407.0,0,0.0,0.0,,0.0,normalDay
2023-03-17,5788.0,-417.0,0.0,0,389.99,0.0,1,20.19,24.36,SPY230630P00407000,407.0,0,0.0,0.0,,0.0,normalDay
2023-03-20,5788.0,-154.0,0.0,0,393.74,0.0,1,20.19,21.73,SPY230630P00407000,407.0,0,0.0,0.0,,0.0,normalDay
2023-03-21,5788.0,215.0,0.0,0,398.91,0.0,1,20.19,18.04,SPY230630P00407000,407.0,0,0.0,0.0,,0.0,normalDay
2023-03-22,5788.0,-295.0,0.0,0,392.11,0.0,1,20.19,23.14,SPY230630P00407000,407.0,0,0.0,0.0,,0.0,normalDay
2023-03-23,5788.0,-226.0,0.0,0,393.17,0.0,1,20.19,22.45,SPY230630P00407000,407.0,0,0.0,0.0,,0.0,normalDay
2023-03-24,5788.0,14.0,0.0,0,395.75,0.0,1,20.19,20.05,SPY230630P00407000,407.0,0,0.0,0.0,,0.0,normalDay
2023-03-27,5788.0,169.0,0.0,0,396.49,0.0,1,20.19,18.5,SPY230630P00407000,407.0,0,0.0,0.0,,0.0,normalDay
2023-03-28,5788.0,165.0,0.0,0,395.6,0.0,1,20.19,18.54,SPY230630P00407000,407.0,0,0.0,0.0,,0.0,normalDay
2023-03-29,5788.0,449.0,0.0,0,401.35,0.0,1,20.19,15.7,SPY230630P00407000,407.0,0,0.0,0.0,,0.0,normalDay
2023-03-30,5788.0,560.0,0.0,0,403.7,0.0,1,20.19,14.59,SPY230630P00407000,407.0,0,0.0,0.0,,0.0,normalDay
2023-03-31,5788.0,788.0,0.0,0,409.39,0.0,1,20.19,12.31,SPY230630P00407000,407.0,0,0.0,0.0,,0.0,normalDay
2023-04-03,5788.0,893.0,0.0,0,410.95,0.0,1,20.19,11.26,SPY230630P00407000,407.0,0,0.0,0.0,,0.0,normalDay
2023-04-04,5788.0,801.0,0.0,0,408.67,0.0,1,20.19,12.18,SPY230630P00407000,407.0,0,0.0,0.0,,0.0,normalDay
2023-04-05,5788.0,748.0,0.0,0,407.6,0.0,1,20.19,12.71,SPY230630P00407000,407.0,0,0.0,0.0,,0.0,normalDay
2023-04-06,5788.0,834.0,0.0,0,409.19,0.0,1,20.19,11.85,SPY230630P00407000,407.0,0,0.0,0.0,,0.0,normalDay
2023-04-10,5788.0,892.0,0.0,0,409.61,0.0,1,20.19,11.27,SPY230630P00407000,407.0,0,0.0,0.0,,0.0,normalDay
2023-04-11,5788.0,906.0,0.0,0,409.72,0.0,1,20.19,11.13,SPY230630P00407000,407.0,0,0.0,0.0,,0.0,normalDay
2023-04-12,5788.0,849.0,0.0,0,408.05,0.0,1,20.19,11.7,SPY230630P00407000,407.0,0,0.0,0.0,,0.0,normalDay
2023-04-13,5788.0,1081.0,0.0,0,413.47,0.0,1,20.19,9.38,SPY230630P00407000,407.0,0,0.0,0.0,,0.0,normalDay
2023-04-14,5788.0,1094.0,0.0,0,412.46,0.0,1,20.19,9.25,SPY230630P00407000,407.0,0,0.0,0.0,,0.0,normalDay
2023-04-17,5788.0,1192.0,0.0,0,413.94,0.0,1,20.19,8.27,SPY230630P00407000,407.0,0,0.0,0.0,,0.0,normalDay
2023-04-18,5788.0,1204.0,0.0,0,414.21,0.0,1,20.19,8.15,SPY230630P00407000,407.0,0,0.0,0.0,,0.0,normalDay
2023-04-19,5788.0,1214.0,0.0,0,414.14,0.0,1,20.19,8.05,SPY230630P00407000,407.0,0,0.0,0.0,,0.0,normalDay
2023-04-20,5788.0,1141.0,0.0,0,411.88,0.0,1,20.19,8.78,SPY230630P00407000,407.0,0,0.0,0.0,,0.0,normalDay
2023-04-21,5788.0,1157.0,0.0,0,412.2,0.0,1,20.19,8.62,SPY230630P00407000,407.0,0,0.0,0.0,,0.0,normalDay
2023-04-24,5788.0,1189.0,0.0,0,412.63,0.0,1,20.19,8.3,SPY230630P00407000,407.0,0,0.0,0.0,,0.0,normalDay
2023-04-25,5788.0,931.0,0.0,0,406.08,0.0,1,20.19,10.88,SPY230630P00407000,407.0,0,0.0,0.0,,0.0,normalDay
2023-04-26,5788.0,830.0,0.0,0,404.36,0.0,1,20.19,11.89,SPY230630P00407000,407.0,0,0.0,0.0,,0.0,normalDay
2023-04-27,5788.0,1223.0,0.0,0,412.41,0.0,1,20.19,7.96,SPY230630P00407000,407.0,0,0.0,0.0,,0.0,normalDay
2023-04-28,5788.0,1355.0,0.0,0,415.93,0.0,1,20.19,6.64,SPY230630P00407000,407.0,0,0.0,0.0,,0.0,normalDay
2023-05-01,5788.0,1359.0,0.0,0,415.51,0.0,1,20.19,6.6,SPY230630P00407000,407.0,0,0.0,0.0,,0.0,normalDay
2023-05-02,5788.0,1158.0,0.0,0,410.84,0.0,1,20.19,8.61,SPY230630P00407000,407.0,0,0.0,0.0,,0.0,normalDay
2023-05-03,5788.0,1060.0,0.0,0,408.02,0.0,1,20.19,9.59,SPY230630P00407000,407.0,0,0.0,0.0,,0.0,normalDay
2023-05-04,5788.0,842.0,0.0,0,405.13,0.0,1,20.19,11.77,SPY230630P00407000,407.0,0,0.0,0.0,,0.0,normalDay
2023-05-05,5788.0,1230.0,0.0,0,412.63,0.0,1,20.19,7.89,SPY230630P00407000,407.0,0,0.0,0.0,,0.0,normalDay
2023-05-08,5788.0,1279.0,0.0,0,412.74,0.0,1,20.19,7.4,SPY230630P00407000,407.0,0,0.0,0.0,,0.0,normalDay
2023-05-09,5788.0,1216.0,0.0,0,410.93,0.0,1,20.19,8.03,SPY230630P00407000,407.0,0,0.0,0.0,,0.0,normalDay
2023-05-10,5788.0,1320.0,0.0,0,412.85,0.0,1,20.19,6.99,SPY230630P00407000,407.0,0,0.0,0.0,,0.0,normalDay
2023-05-11,5788.0,1305.0,0.0,0,412.13,0.0,1,20.19,7.14,SPY230630P00407000,407.0,0,0.0,0.0,,0.0,normalDay
2023-05-12,5788.0,1290.0,0.0,0,411.59,0.0,1,20.19,7.29,SPY230630P00407000,407.0,0,0.0,0.0,,0.0,normalDay
2023-05-15,5788.0,1392.0,0.0,0,413.01,0.0,1,20.19,6.27,SPY230630P00407000,407.0,0,0.0,0.0,,0.0,normalDay
2023-05-16,5788.0,1286.0,0.0,0,410.25,0.0,1,20.19,7.33,SPY230630P00407000,407.0,0,0.0,0.0,,0.0,normalDay
2023-05-17,5788.0,1478.0,0.0,0,415.23,0.0,1,20.19,5.41,SPY230630P00407000,407.0,0,0.0,0.0,,0.0,normalDay
2023-05-18,5788.0,1614.0,0.0,0,419.23,0.0,1,20.19,4.05,SPY230630P00407000,407.0,0,0.0,0.0,,0.0,normalDay
2023-05-19,5788.0,1577.0,0.0,0,418.62,0.0,1,20.19,4.42,SPY230630P00407000,407.0,0,0.0,0.0,,0.0,normalDay
2023-05-22,5788.0,1592.0,0.0,0,418.79,0.0,1,20.19,4.27,SPY230630P00407000,407.0,0,0.0,0.0,,0.0,normalDay
2023-05-23,5788.0,1442.0,0.0,0,414.09,0.0,1,20.19,5.77,SPY230630P00407000,407.0,0,0.0,0.0,,0.0,normalDay
2023-05-24,5788.0,1319.0,0.0,0,411.09,0.0,1,20.19,7.0,SPY230630P00407000,407.0,0,0.0,0.0,,0.0,normalDay
2023-05-25,5788.0,1461.0,0.0,0,414.65,0.0,1,20.19,5.58,SPY230630P00407000,407.0,0,0.0,0.0,,0.0,normalDay
2023-05-26,5788.0,1633.0,0.0,0,420.02,0.0,1,20.19,3.86,SPY230630P00407000,407.0,0,0.0,0.0,,0.0,normalDay
2023-05-30,5788.0,1686.0,0.0,0,420.18,0.0,1,20.19,3.33,SPY230630P00407000,407.0,0,0.0,0.0,,0.0,normalDay
2023-05-31,5788.0,1647.0,0.0,0,417.85,0.0,1,20.19,3.72,SPY230630P00407000,407.0,0,0.0,0.0,,0.0,normalDay
2023-06-01,5788.0,1784.0,0.0,0,421.82,0.0,1,20.19,2.35,SPY230630P00407000,407.0,0,0.0,0.0,,0.0,normalDay
2023-06-02,5788.0,1885.0,0.0,0,427.92,0.0,1,20.19,1.34,SPY230630P00407000,407.0,0,0.0,0.0,,0.0,normalDay
2023-06-05,5788.0,1891.0,0.0,0,427.1,0.0,1,20.19,1.28,SPY230630P00407000,407.0,0,0.0,0.0,,0.0,normalDay
2023-06-06,5788.0,1918.0,0.0,0,428.03,0.0,1,20.19,1.01,SPY230630P00407000,407.0,0,0.0,0.0,,0.0,normalDay
2023-06-07,5788.0,1913.0,0.0,0,426.55,0.0,1,20.19,1.06,SPY230630P00407000,407.0,0,0.0,0.0,,0.0,normalDay
2023-06-08,5788.0,1938.0,0.0,0,429.13,0.0,1,20.19,0.81,SPY230630P00407000,407.0,0,0.0,0.0,,0.0,normalDay
2023-06-09,5788.0,1947.0,0.0,0,429.9,0.0,1,20.19,0.72,SPY230630P00407000,407.0,0,0.0,0.0,,0.0,normalDay
2023-06-12,5788.0,1963.0,0.0,0,433.8,0.0,1,20.19,0.56,SPY230630P00407000,407.0,0,0.0,0.0,,0.0,normalDay
2023-06-13,5788.0,1978.0,0.0,0,436.66,0.0,1,20.19,0.41,SPY230630P00407000,407.0,0,0.0,0.0,,0.0,normalDay
2023-06-14,5788.0,1990.0,0.0,0,437.18,0.0,1,20.19,0.29,SPY230630P00407000,407.0,0,0.0,0.0,,0.0,normalDay
2023-06-15,5788.0,1994.0,0.0,0,442.6,0.0,1,20.19,0.25,SPY230630P00407000,407.0,0,0.0,0.0,,0.0,normalDay
2023-06-16,5788.0,2004.0,0.0,0,439.46,0.0,1,20.19,0.15,SPY230630P00407000,407.0,0,0.0,0.0,,0.0,normalDay
2023-06-20,5788.0,2008.0,0.0,0,437.18,0.0,1,20.19,0.11,SPY230630P00407000,407.0,0,0.0,0.0,,0.0,normalDay
2023-06-21,5788.0,2010.0,0.0,0,434.94,0.0,1,20.19,0.09,SPY230630P00407000,407.0,0,0.0,0.0,,0.0,normalDay
2023-06-22,5788.0,2014.0,0.0,0,436.51,0.0,1,20.19,0.05,SPY230630P00407000,407.0,0,0.0,0.0,,0.0,normalDay
2023-06-23,5788.0,2012.0,0.0,0,433.21,0.0,1,20.19,0.07,SPY230630P00407000,407.0,0,0.0,0.0,,0.0,normalDay
2023-06-26,5788.0,2012.0,0.0,0,431.44,0.0,1,20.19,0.07,SPY230630P00407000,407.0,0,0.0,0.0,,0.0,normalDay
2023-06-27,5788.0,2014.0,0.0,0,436.17,0.0,1,20.19,0.05,SPY230630P00407000,407.0,0,0.0,0.0,,0.0,normalDay
2023-06-28,5788.0,2016.0,0.0,0,436.39,0.0,1,20.19,0.03,SPY230630P00407000,407.0,0,0.0,0.0,,0.0,normalDay
2023-06-29,5788.0,2017.0,0.0,0,438.11,0.0,1,20.19,0.02,SPY230630P00407000,407.0,0,0.0,0.0,,0.0,normalDay
2023-06-30,7807.0,0.0,2019.0,0,443.28,0.0,1,20.19,0.0,SPY230630P00407000,407.0,0,0.0,0.0,,0.0,expirationDay
2023-07-03,7807.0,-20.0,0.0,0,443.79,0.0,1,9.08,9.28,SPY231117P00434000,434.0,0,0.0,0.0,,0.0,normalDay
2023-07-05,7807.0,-54.0,0.0,0,443.13,0.0,1,9.08,9.62,SPY231117P00434000,434.0,0,0.0,0.0,,0.0,normalDay
2023-07-06,7807.0,-191.0,0.0,0,439.66,0.0,1,9.08,10.99,SPY231117P00434000,434.0,0,0.0,0.0,,0.0,normalDay
2023-07-07,7807.0,-197.0,0.0,0,438.55,0.0,1,9.08,11.05,SPY231117P00434000,434.0,0,0.0,0.0,,0.0,normalDay
2023-07-10,7807.0,-155.0,0.0,0,439.66,0.0,1,9.08,10.63,SPY231117P00434000,434.0,0,0.0,0.0,,0.0,normalDay
2023-07-11,7807.0,-58.0,0.0,0,442.46,0.0,1,9.08,9.66,SPY231117P00434000,434.0,0,0.0,0.0,,0.0,normalDay
2023-07-12,7807.0,92.0,0.0,0,446.02,0.0,1,9.08,8.16,SPY231117P00434000,434.0,0,0.0,0.0,,0.0,normalDay
2023-07-13,7807.0,164.0,0.0,0,449.56,0.0,1,9.08,7.44,SPY231117P00434000,434.0,0,0.0,0.0,,0.0,normalDay
2023-07-14,7807.0,157.0,0.0,0,449.28,0.0,1,9.08,7.51,SPY231117P00434000,434.0,0,0.0,0.0,,0.0,normalDay
2023-07-17,7807.0,187.0,0.0,0,450.84,0.0,1,9.08,7.21,SPY231117P00434000,434.0,0,0.0,0.0,,0.0,normalDay
2023-07-18,7807.0,263.0,0.0,0,454.19,0.0,1,9.08,6.45,SPY231117P00434000,434.0,0,0.0,0.0,,0.0,normalDay
2023-07-19,7807.0,261.0,0.0,0,455.2,0.0,1,9.08,6.47,SPY231117P00434000,434.0,0,0.0,0.0,,0.0,normalDay
2023-07-20,7807.0,215.0,0.0,0,452.18,0.0,1,9.08,6.93,SPY231117P00434000,434.0,0,0.0,0.0,,0.0,normalDay
2023-07-21,7807.0,234.0,0.0,0,452.18,0.0,1,9.08,6.74,SPY231117P00434000,434.0,0,0.0,0.0,,0.0,normalDay
2023-07-24,7807.0,291.0,0.0,0,454.2,0.0,1,9.08,6.17,SPY231117P00434000,434.0,0,0.0,0.0,,0.0,normalDay
2023-07-25,7807.0,308.0,0.0,0,455.44,0.0,1,9.08,6.0,SPY231117P00434000,434.0,0,0.0,0.0,,0.0,normalDay
2023-07-26,7807.0,335.0,0.0,0,455.51,0.0,1,9.08,5.73,SPY231117P00434000,434.0,0,0.0,0.0,,0.0,normalDay
2023-07-27,7807.0,244.0,0.0,0,452.49,0.0,1,9.08,6.64,SPY231117P00434000,434.0,0,0.0,0.0,,0.0,normalDay
2023-07-28,7807.0,342.0,0.0,0,456.92,0.0,1,9.08,5.66,SPY231117P00434000,434.0,0,0.0,0.0,,0.0,normalDay
2023-07-31,7807.0,361.0,0.0,0,457.79,0.0,1,9.08,5.47,SPY231117P00434000,434.0,0,0.0,0.0,,0.0,normalDay
2023-08-01,7807.0,326.0,0.0,0,456.48,0.0,1,9.08,5.82,SPY231117P00434000,434.0,0,0.0,0.0,,0.0,normalDay
2023-08-02,7807.0,134.0,0.0,0,450.13,0.0,1,9.08,7.74,SPY231117P00434000,434.0,0,0.0,0.0,,0.0,normalDay
2023-08-03,7807.0,139.0,0.0,0,448.84,0.0,1,9.08,7.69,SPY231117P00434000,434.0,0,0.0,0.0,,0.0,normalDay
2023-08-04,7807.0,28.0,0.0,0,446.81,0.0,1,9.08,8.8,SPY231117P00434000,434.0,0,0.0,0.0,,0.0,normalDay
2023-08-07,7807.0,191.0,0.0,0,450.71,0.0,1,9.08,7.17,SPY231117P00434000,434.0,0,0.0,0.0,,0.0,normalDay
2023-08-08,7807.0,127.0,0.0,0,448.75,0.0,1,9.08,7.81,SPY231117P00434000,434.0,0,0.0,0.0,,0.0,normalDay
2023-08-09,7807.0,80.0,0.0,0,445.75,0.0,1,9.08,8.28,SPY231117P00434000,434.0,0,0.0,0.0,,0.0,normalDay
2023-08-10,7807.0,69.0,0.0,0,445.91,0.0,1,9.08,8.39,SPY231117P00434000,434.0,0,0.0,0.0,,0.0,normalDay
2023-08-11,7807.0,104.0,0.0,0,445.65,0.0,1,9.08,8.04,SPY231117P00434000,434.0,0,0.0,0.0,,0.0,normalDay
2023-08-14,7807.0,191.0,0.0,0,448.11,0.0,1,9.08,7.17,SPY231117P00434000,434.0,0,0.0,0.0,,0.0,normalDay
2023-08-15,7807.0,3.0,0.0,0,442.89,0.0,1,9.08,9.05,SPY231117P00434000,434.0,0,0.0,0.0,,0.0,normalDay
2023-08-16,7807.0,-104.0,0.0,0,439.64,0.0,1,9.08,10.12,SPY231117P00434000,434.0,0,0.0,0.0,,0.0,normalDay
2023-08-17,7807.0,-262.0,0.0,0,436.29,0.0,1,9.08,11.7,SPY231117P00434000,434.0,0,0.0,0.0,,0.0,normalDay
2023-08-18,7807.0,-212.0,0.0,0,436.5,0.0,1,9.08,11.2,SPY231117P00434000,434.0,0,0.0,0.0,,0.0,normalDay
2023-08-21,7807.0,-89.0,0.0,0,439.34,0.0,1,9.08,9.97,SPY231117P00434000,434.0,0,0.0,0.0,,0.0,normalDay
2023-08-22,7807.0,-103.0,0.0,0,438.15,0.0,1,9.08,10.11,SPY231117P00434000,434.0,0,0.0,0.0,,0.0,normalDay
2023-08-23,7807.0,86.0,0.0,0,443.03,0.0,1,9.08,8.22,SPY231117P00434000,434.0,0,0.0,0.0,,0.0,normalDay
2023-08-24,7807.0,-150.0,0.0,0,436.89,0.0,1,9.08,10.58,SPY231117P00434000,434.0,0,0.0,0.0,,0.0,normalDay
2023-08-25,7807.0,15.0,0.0,0,439.97,0.0,1,9.08,8.93,SPY231117P00434000,434.0,0,0.0,0.0,,0.0,normalDay
2023-08-28,7807.0,151.0,0.0,0,442.76,0.0,1,9.08,7.57,SPY231117P00434000,434.0,0,0.0,0.0,,0.0,normalDay
2023-08-29,7807.0,333.0,0.0,0,449.16,0.0,1,9.08,5.75,SPY231117P00434000,434.0,0,0.0,0.0,,0.0,normalDay
2023-08-30,7807.0,403.0,0.0,0,451.01,0.0,1,9.08,5.05,SPY231117P00434000,434.0,0,0.0,0.0,,0.0,normalDay
2023-08-31,7807.0,419.0,0.0,0,450.35,0.0,1,9.08,4.89,SPY231117P00434000,434.0,0,0.0,0.0,,0.0,normalDay
2023-09-01,7807.0,439.0,0.0,0,451.19,0.0,1,9.08,4.69,SPY231117P00434000,434.0,0,0.0,0.0,,0.0,normalDay
2023-09-05,7807.0,404.0,0.0,0,449.24,0.0,1,9.08,5.04,SPY231117P00434000,434.0,0,0.0,0.0,,0.0,normalDay
2023-09-06,7807.0,319.0,0.0,0,446.22,0.0,1,9.08,5.89,SPY231117P00434000,434.0,0,0.0,0.0,,0.0,normalDay
2023-09-07,7807.0,295.0,0.0,0,444.85,0.0,1,9.08,6.13,SPY231117P00434000,434.0,0,0.0,0.0,,0.0,normalDay
2023-09-08,7807.0,357.0,0.0,0,445.52,0.0,1,9.08,5.51,SPY231117P00434000,434.0,0,0.0,0.0,,0.0,normalDay
2023-09-11,7807.0,444.0,0.0,0,448.45,0.0,1,9.08,4.64,SPY231117P00434000,434.0,0,0.0,0.0,,0.0,normalDay
2023-09-12,7807.0,391.0,0.0,0,445.99,0.0,1,9.08,5.17,SPY231117P00434000,434.0,0,0.0,0.0,,0.0,normalDay
2023-09-13,7807.0,435.0,0.0,0,446.51,0.0,1,9.08,4.73,SPY231117P00434000,434.0,0,0.0,0.0,,0.0,normalDay
2023-09-14,7807.0,544.0,0.0,0,450.36,0.0,1,9.08,3.64,SPY231117P00434000,434.0,0,0.0,0.0,,0.0,normalDay
2023-09-15,7807.0,401.0,0.0,0,443.37,0.0,1,9.08,5.07,SPY231117P00434000,434.0,0,0.0,0.0,,0.0,normalDay
2023-09-18,7807.0,418.0,0.0,0,443.63,0.0,1,9.08,4.9,SPY231117P00434000,434.0,0,0.0,0.0,,0.0,normalDay
2023-09-19,7807.0,401.0,0.0,0,442.71,0.0,1,9.08,5.07,SPY231117P00434000,434.0,0,0.0,0.0,,0.0,normalDay
2023-09-20,7807.0,245.0,0.0,0,438.64,0.0,1,9.08,6.63,SPY231117P00434000,434.0,0,0.0,0.0,,0.0,normalDay
2023-09-21,7807.0,-92.0,0.0,0,431.39,0.0,1,9.08,10.0,SPY231117P00434000,434.0,0,0.0,0.0,,0.0,normalDay
2023-09-22,7807.0,-119.0,0.0,0,430.42,0.0,1,9.08,10.27,SPY231117P00434000,434.0,0,0.0,0.0,,0.0,normalDay
2023-09-25,7807.0,-18.0,0.0,0,432.23,0.0,1,9.08,9.26,SPY231117P00434000,434.0,0,0.0,0.0,,0.0,normalDay
2023-09-26,7807.0,-376.0,0.0,0,425.88,0.0,1,9.08,12.84,SPY231117P00434000,434.0,0,0.0,0.0,,0.0,normalDay
2023-09-27,7807.0,-334.0,0.0,0,426.05,0.0,1,9.08,12.42,SPY231117P00434000,434.0,0,0.0,0.0,,0.0,normalDay
2023-09-28,7807.0,-196.0,0.0,0,428.52,0.0,1,9.08,11.04,SPY231117P00434000,434.0,0,0.0,0.0,,0.0,normalDay
2023-09-29,7807.0,-236.0,0.0,0,427.48,0.0,1,9.08,11.44,SPY231117P00434000,434.0,0,0.0,0.0,,0.0,normalDay
2023-10-02,7807.0,-223.0,0.0,0,427.31,0.0,1,9.08,11.31,SPY231117P00434000,434.0,0,0.0,0.0,,0.0,normalDay
2023-10-03,7807.0,-615.0,0.0,0,421.59,0.0,1,9.08,15.23,SPY231117P00434000,434.0,0,0.0,0.0,,0.0,normalDay
2023-10-04,7807.0,-416.0,0.0,0,424.66,0.0,1,9.08,13.24,SPY231117P00434000,434.0,0,0.0,0.0,,0.0,normalDay
2023-10-05,7807.0,-429.0,0.0,0,424.5,0.0,1,9.08,13.37,SPY231117P00434000,434.0,0,0.0,0.0,,0.0,normalDay
2023-10-06,7807.0,-74.0,0.0,0,429.54,0.0,1,9.08,9.82,SPY231117P00434000,434.0,0,0.0,0.0,,0.0,normalDay
2023-10-09,7807.0,66.0,0.0,0,432.29,0.0,1,9.08,8.42,SPY231117P00434000,434.0,0,0.0,0.0,,0.0,normalDay
2023-10-10,7807.0,186.0,0.0,0,434.54,0.0,1,9.08,7.22,SPY231117P00434000,434.0,0,0.0,0.0,,0.0,normalDay
2023-10-11,7807.0,319.0,0.0,0,436.32,0.0,1,9.08,5.89,SPY231117P00434000,434.0,0,0.0,0.0,,0.0,normalDay
2023-10-12,7807.0,202.0,0.0,0,433.66,0.0,1,9.08,7.06,SPY231117P00434000,434.0,0,0.0,0.0,,0.0,normalDay
2023-10-13,7807.0,10.0,0.0,0,431.5,0.0,1,9.08,8.98,SPY231117P00434000,434.0,0,0.0,0.0,,0.0,normalDay
2023-10-16,7807.0,303.0,0.0,0,436.04,0.0,1,9.08,6.05,SPY231117P00434000,434.0,0,0.0,0.0,,0.0,normalDay
2023-10-17,7807.0,277.0,0.0,0,436.02,0.0,1,9.08,6.31,SPY231117P00434000,434.0,0,0.0,0.0,,0.0,normalDay
2023-10-18,7807.0,28.0,0.0,0,430.21,0.0,1,9.08,8.8,SPY231117P00434000,434.0,0,0.0,0.0,,0.0,normalDay
2023-10-19,7807.0,-292.0,0.0,0,426.43,0.0,1,9.08,12.0,SPY231117P00434000,434.0,0,0.0,0.0,,0.0,normalDay
2023-10-20,7807.0,-564.0,0.0,0,421.19,0.0,1,9.08,14.72,SPY231117P00434000,434.0,0,0.0,0.0,,0.0,normalDay
2023-10-23,7807.0,-519.0,0.0,0,420.46,0.0,1,9.08,14.27,SPY231117P00434000,434.0,0,0.0,0.0,,0.0,normalDay
2023-10-24,7807.0,-292.0,0.0,0,423.63,0.0,1,9.08,12.0,SPY231117P00434000,434.0,0,0.0,0.0,,0.0,normalDay
2023-10-25,7807.0,-812.0,0.0,0,417.55,0.0,1,9.08,17.2,SPY231117P00434000,434.0,0,0.0,0.0,,0.0,normalDay
2023-10-26,7807.0,-1295.0,0.0,0,412.55,0.0,1,9.08,22.03,SPY231117P00434000,434.0,0,0.0,0.0,,0.0,normalDay
2023-10-27,7807.0,-1475.0,0.0,0,410.68,0.0,1,9.08,23.83,SPY231117P00434000,434.0,0,0.0,0.0,,0.0,normalDay
2023-10-30,7807.0,-978.0,0.0,0,415.59,0.0,1,9.08,18.86,SPY231117P00434000,434.0,0,0.0,0.0,,0.0,normalDay
2023-10-31,7807.0,-731.0,0.0,0,418.2,0.0,1,9.08,16.39,SPY231117P00434000,434.0,0,0.0,0.0,,0.0,normalDay
2023-11-01,7807.0,-297.0,0.0,0,422.66,0.0,1,9.08,12.05,SPY231117P00434000,434.0,0,0.0,0.0,,0.0,normalDay
2023-11-02,7807.0,293.0,0.0,0,430.76,0.0,1,9.08,6.15,SPY231117P00434000,434.0,0,0.0,0.0,,0.0,normalDay
2023-11-03,7807.0,555.0,0.0,0,434.69,0.0,1,9.08,3.53,SPY231117P00434000,434.0,0,0.0,0.0,,0.0,normalDay
2023-11-06,7807.0,610.0,0.0,0,435.69,0.0,1,9.08,2.98,SPY231117P00434000,434.0,0,0.0,0.0,,0.0,normalDay
2023-11-07,7807.0,676.0,0.0,0,436.93,0.0,1,9.08,2.32,SPY231117P00434000,434.0,0,0.0,0.0,,0.0,normalDay
2023-11-08,7807.0,706.0,0.0,0,437.25,0.0,1,9.08,2.02,SPY231117P00434000,434.0,0,0.0,0.0,,0.0,normalDay
2023-11-09,7807.0,587.0,0.0,0,433.84,0.0,1,9.08,3.21,SPY231117P00434000,434.0,0,0.0,0.0,,0.0,normalDay
2023-11-10,7807.0,832.0,0.0,0,440.61,0.0,1,9.08,0.76,SPY231117P00434000,434.0,0,0.0,0.0,,0.0,normalDay
2023-11-13,7807.0,834.0,0.0,0,440.19,0.0,1,9.08,0.74,SPY231117P00434000,434.0,0,0.0,0.0,,0.0,normalDay
2023-11-14,7807.0,896.0,0.0,0,448.73,0.0,1,9.08,0.12,SPY231117P00434000,434.0,0,0.0,0.0,,0.0,normalDay
2023-11-15,7807.0,903.0,0.0,0,449.68,0.0,1,9.08,0.05,SPY231117P00434000,434.0,0,0.0,0.0,,0.0,normalDay
2023-11-16,7807.0,905.0,0.0,0,450.23,0.0,1,9.08,0.03,SPY231117P00434000,434.0,0,0.0,0.0,,0.0,normalDay
2023-11-17,8715.0,0.0,908.0,0,450.79,0.0,1,9.08,0.0,SPY231117P00434000,434.0,0,0.0,0.0,,0.0,expirationDay
2023-11-20,8715.0,-12.0,0.0,0,454.26,0.0,1,5.79,5.91,SPY240328P00429000,429.0,0,0.0,0.0,,0.0,normalDay
2023-11-21,8715.0,-19.0,0.0,0,453.27,0.0,1,5.79,5.98,SPY240328P00429000,429.0,0,0.0,0.0,,0.0,normalDay
2023-11-22,8715.0,20.0,0.0,0,455.02,0.0,1,5.79,5.59,SPY240328P00429000,429.0,0,0.0,0.0,,0.0,normalDay
2023-11-24,8715.0,44.0,0.0,0,455.3,0.0,1,5.79,5.35,SPY240328P00429000,429.0,0,0.0,0.0,,0.0,normalDay
2023-11-27,8715.0,38.0,0.0,0,454.48,0.0,1,5.79,5.41,SPY240328P00429000,429.0,0,0.0,0.0,,0.0,normalDay
2023-11-28,8715.0,48.0,0.0,0,454.93,0.0,1,5.79,5.31,SPY240328P00429000,429.0,0,0.0,0.0,,0.0,normalDay
2023-11-29,8715.0,37.0,0.0,0,454.61,0.0,1,5.79,5.42,SPY240328P00429000,429.0,0,0.0,0.0,,0.0,normalDay
2023-11-30,8715.0,54.0,0.0,0,456.4,0.0,1,5.79,5.25,SPY240328P00429000,429.0,0,0.0,0.0,,0.0,normalDay
