date,totalCapital,unrializedPnL,rializedPnL,stocksOwned,stocksPriceToday,stocksPriceBoughtAt,putOwned,putOwnedSoldAt,putPriceToday,putOwnedContract,putOwnedStrike,callOwned,callOwnedSoldAt,callPriceToday,callOwnedContract,callOwnedStrike,trackType
2018-11-01,0.0,0.0,0.0,0,273.51,0.0,0,0.0,0.0,,0.0,0,0.0,0.0,,0.0,bidTooLow
2018-11-02,0.0,0.0,0.0,0,271.89,0.0,0,0.0,0.0,,0.0,0,0.0,0.0,,0.0,bidTooLow
2018-11-05,0.0,-3.0,0.0,0,273.39,0.0,1,0.12,0.15,SPY181107P00262000,262.0,0,0.0,0.0,,0.0,normalDay
2018-11-06,0.0,5.0,0.0,0,275.12,0.0,1,0.12,0.07,SPY181107P00262000,262.0,0,0.0,0.0,,0.0,normalDay
2018-11-07,12.0,0.0,12.0,0,281.01,0.0,1,0.12,0.0,SPY181107P00262000,262.0,0,0.0,0.0,,0.0,expirationDay
2018-11-08,12.0,0.0,0.0,0,280.5,0.0,0,0.0,0.0,,0.0,0,0.0,0.0,,0.0,bidTooLow
2018-11-09,12.0,0.0,0.0,0,277.76,0.0,0,0.0,0.0,,0.0,0,0.0,0.0,,0.0,bidTooLow
2018-11-12,12.0,-3.0,0.0,0,272.57,0.0,1,0.16,0.19,SPY181114P00263000,263.0,0,0.0,0.0,,0.0,normalDay
2018-11-13,12.0,12.0,0.0,0,272.06,0.0,1,0.16,0.04,SPY181114P00263000,263.0,0,0.0,0.0,,0.0,normalDay
2018-11-14,28.0,0.0,16.0,0,270.2,0.0,1,0.16,0.0,SPY181114P00263000,263.0,0,0.0,0.0,,0.0,expirationDay
2018-11-15,28.0,-3.0,0.0,0,273.02,0.0,1,0.02,0.05,SPY181116P00263000,263.0,0,0.0,0.0,,0.0,normalDay
2018-11-16,30.0,0.0,2.0,0,273.73,0.0,1,0.02,0.0,SPY181116P00263000,263.0,0,0.0,0.0,,0.0,expirationDay
2018-11-19,30.0,-4.0,0.0,0,269.1,0.0,1,0.27,0.31,SPY181121P00263000,263.0,0,0.0,0.0,,0.0,normalDay
2018-11-20,30.0,-85.0,0.0,0,264.12,0.0,1,0.27,1.12,SPY181121P00263000,263.0,0,0.0,0.0,,0.0,normalDay
2018-11-21,57.0,0.0,27.0,0,265.02,0.0,1,0.27,0.0,SPY181121P00263000,263.0,0,0.0,0.0,,0.0,expirationDay
2018-11-23,57.0,0.0,0.0,0,263.25,0.0,0,0.0,0.0,,0.0,0,0.0,0.0,,0.0,bidTooLow
2018-11-26,57.0,-3.0,0.0,0,267.5,0.0,1,0.1,0.13,SPY181128P00261000,261.0,0,0.0,0.0,,0.0,normalDay
2018-11-27,57.0,7.0,0.0,0,268.4,0.0,1,0.1,0.03,SPY181128P00261000,261.0,0,0.0,0.0,,0.0,normalDay
2018-11-28,67.0,0.0,10.0,0,274.58,0.0,1,0.1,0.0,SPY181128P00261000,261.0,0,0.0,0.0,,0.0,expirationDay
2018-11-29,67.0,0.0,0.0,0,273.98,0.0,0,0.0,0.0,,0.0,0,0.0,0.0,,0.0,bidTooLow
2018-11-30,67.0,0.0,0.0,0,275.65,0.0,0,0.0,0.0,,0.0,0,0.0,0.0,,0.0,bidTooLow
2018-12-03,67.0,0.0,0.0,0,279.3,0.0,0,0.0,0.0,,0.0,0,0.0,0.0,,0.0,bidTooLow
2018-12-04,67.0,0.0,0.0,0,270.25,0.0,0,0.0,0.0,,0.0,0,0.0,0.0,,0.0,bidTooLow
2018-12-06,67.0,-3.0,0.0,0,269.84,0.0,1,0.07,0.1,SPY181207P00262000,262.0,0,0.0,0.0,,0.0,normalDay
2018-12-07,74.0,0.0,7.0,0,263.57,0.0,1,0.07,0.0,SPY181207P00262000,262.0,0,0.0,0.0,,0.0,expirationDay
2018-12-10,74.0,-5.0,0.0,0,264.07,0.0,1,0.92,0.97,SPY181212P00261000,261.0,0,0.0,0.0,,0.0,normalDay
2018-12-11,74.0,35.0,0.0,0,264.13,0.0,1,0.92,0.57,SPY181212P00261000,261.0,0,0.0,0.0,,0.0,normalDay
2018-12-12,166.0,0.0,92.0,0,265.46,0.0,1,0.92,0.0,SPY181212P00261000,261.0,0,0.0,0.0,,0.0,expirationDay
2018-12-13,166.0,-3.0,0.0,0,265.37,0.0,1,0.1,0.13,SPY181214P00259500,259.5,0,0.0,0.0,,0.0,normalDay
2018-12-14,176.0,0.0,10.0,0,260.47,0.0,1,0.1,0.0,SPY181214P00259500,259.5,0,0.0,0.0,,0.0,expirationDay
2018-12-17,176.0,-10.0,0.0,0,255.36,0.0,1,2.57,2.67,SPY181219P00256000,256.0,0,0.0,0.0,,0.0,normalDay
2018-12-18,176.0,-47.0,0.0,0,255.08,0.0,1,2.57,3.04,SPY181219P00256000,256.0,0,0.0,0.0,,0.0,normalDay
2018-12-19,433.0,-474.0,257.0,100,251.26,256.0,1,2.57,0.0,SPY181219P00256000,256.0,0,0.0,0.0,,0.0,expirationDay
2018-12-20,433.0,-888.0,0.0,100,247.17,256.0,0,0.0,0.0,,0.0,1,0.17,0.22,SPY181231C00263000,263.0,normalDay
2018-12-21,433.0,-1522.0,0.0,100,240.7,256.0,0,0.0,0.0,,0.0,1,0.17,0.09,SPY181231C00263000,263.0,normalDay
2018-12-24,433.0,-2152.0,0.0,100,234.34,256.0,0,0.0,0.0,,0.0,1,0.17,0.03,SPY181231C00263000,263.0,normalDay
2018-12-26,433.0,-972.0,0.0,100,246.18,256.0,0,0.0,0.0,,0.0,1,0.17,0.07,SPY181231C00263000,263.0,normalDay
2018-12-27,433.0,-784.0,0.0,100,248.07,256.0,0,0.0,0.0,,0.0,1,0.17,0.08,SPY181231C00263000,263.0,normalDay
2018-12-28,433.0,-810.0,0.0,100,247.75,256.0,0,0.0,0.0,,0.0,1,0.17,0.02,SPY181231C00263000,263.0,normalDay
2018-12-31,450.0,-608.0,17.0,100,249.92,256.0,0,0.0,0.0,,0.0,1,0.17,0.0,SPY181231C00263000,263.0,expirationDay
2019-01-02,450.0,-586.0,0.0,100,250.18,256.0,0,0.0,0.0,,0.0,1,1.53,1.57,SPY190111C00254000,254.0,normalDay
2019-01-03,450.0,-1061.0,0.0,100,244.21,256.0,0,0.0,0.0,,0.0,1,1.53,0.35,SPY190111C00254000,254.0,normalDay
2019-01-04,450.0,-418.0,0.0,100,252.39,256.0,0,0.0,0.0,,0.0,1,1.53,2.1,SPY190111C00254000,254.0,normalDay
2019-01-07,450.0,-271.0,0.0,100,254.38,256.0,0,0.0,0.0,,0.0,1,1.53,2.62,SPY190111C00254000,254.0,normalDay
2019-01-08,450.0,-148.0,0.0,100,256.77,256.0,0,0.0,0.0,,0.0,1,1.53,3.78,SPY190111C00254000,254.0,normalDay
2019-01-09,450.0,-89.0,0.0,100,257.97,256.0,0,0.0,0.0,,0.0,1,1.53,4.39,SPY190111C00254000,254.0,normalDay
2019-01-10,450.0,-70.0,0.0,100,258.88,256.0,0,0.0,0.0,,0.0,1,1.53,5.11,SPY190111C00254000,254.0,normalDay
2019-01-11,403.0,-70.0,-47.0,0,258.98,0.0,0,0.0,0.0,,0.0,1,1.53,0.0,SPY190111C00254000,254.0,expirationDay
2019-01-14,403.0,0.0,0.0,0,257.4,0.0,0,0.0,0.0,,0.0,0,0.0,0.0,,0.0,bidTooLow
2019-01-15,403.0,0.0,0.0,0,260.35,0.0,0,0.0,0.0,,0.0,0,0.0,0.0,,0.0,bidTooLow
2019-01-16,403.0,0.0,0.0,0,260.98,0.0,0,0.0,0.0,,0.0,0,0.0,0.0,,0.0,bidTooLow
2019-01-17,403.0,0.0,0.0,0,262.96,0.0,0,0.0,0.0,,0.0,0,0.0,0.0,,0.0,bidTooLow
2019-01-18,403.0,0.0,0.0,0,266.46,0.0,0,0.0,0.0,,0.0,0,0.0,0.0,,0.0,bidTooLow
2019-01-22,403.0,0.0,0.0,0,262.86,0.0,0,0.0,0.0,,0.0,0,0.0,0.0,,0.0,bidTooLow
2019-01-23,403.0,0.0,0.0,0,263.41,0.0,0,0.0,0.0,,0.0,0,0.0,0.0,,0.0,bidTooLow
2019-01-24,403.0,0.0,0.0,0,263.55,0.0,0,0.0,0.0,,0.0,0,0.0,0.0,,0.0,bidTooLow
2019-01-25,403.0,0.0,0.0,0,265.78,0.0,0,0.0,0.0,,0.0,0,0.0,0.0,,0.0,bidTooLow
2019-01-28,403.0,0.0,0.0,0,263.76,0.0,0,0.0,0.0,,0.0,0,0.0,0.0,,0.0,bidTooLow
2019-01-29,403.0,0.0,0.0,0,263.41,0.0,0,0.0,0.0,,0.0,0,0.0,0.0,,0.0,bidTooLow
2019-01-30,403.0,0.0,0.0,0,267.58,0.0,0,0.0,0.0,,0.0,0,0.0,0.0,,0.0,bidTooLow
2019-01-31,403.0,0.0,0.0,0,269.93,0.0,0,0.0,0.0,,0.0,0,0.0,0.0,,0.0,bidTooLow
2019-02-01,403.0,0.0,0.0,0,270.06,0.0,0,0.0,0.0,,0.0,0,0.0,0.0,,0.0,bidTooLow
2019-02-04,403.0,0.0,0.0,0,271.96,0.0,0,0.0,0.0,,0.0,0,0.0,0.0,,0.0,bidTooLow
2019-02-05,403.0,0.0,0.0,0,273.1,0.0,0,0.0,0.0,,0.0,0,0.0,0.0,,0.0,bidTooLow
2019-02-06,403.0,0.0,0.0,0,272.74,0.0,0,0.0,0.0,,0.0,0,0.0,0.0,,0.0,bidTooLow
2019-02-07,403.0,0.0,0.0,0,270.14,0.0,0,0.0,0.0,,0.0,0,0.0,0.0,,0.0,bidTooLow
2019-02-08,403.0,0.0,0.0,0,270.47,0.0,0,0.0,0.0,,0.0,0,0.0,0.0,,0.0,bidTooLow
2019-02-11,403.0,0.0,0.0,0,270.62,0.0,0,0.0,0.0,,0.0,0,0.0,0.0,,0.0,bidTooLow
2019-02-12,403.0,0.0,0.0,0,274.1,0.0,0,0.0,0.0,,0.0,0,0.0,0.0,,0.0,bidTooLow
2019-02-13,403.0,0.0,0.0,0,274.99,0.0,0,0.0,0.0,,0.0,0,0.0,0.0,,0.0,bidTooLow
2019-02-14,403.0,0.0,0.0,0,274.38,0.0,0,0.0,0.0,,0.0,0,0.0,0.0,,0.0,bidTooLow
2019-02-15,403.0,0.0,0.0,0,277.37,0.0,0,0.0,0.0,,0.0,0,0.0,0.0,,0.0,bidTooLow
2019-02-19,403.0,0.0,0.0,0,277.85,0.0,0,0.0,0.0,,0.0,0,0.0,0.0,,0.0,bidTooLow
2019-02-20,403.0,0.0,0.0,0,278.41,0.0,0,0.0,0.0,,0.0,0,0.0,0.0,,0.0,bidTooLow
2019-02-21,403.0,0.0,0.0,0,277.42,0.0,0,0.0,0.0,,0.0,0,0.0,0.0,,0.0,bidTooLow
2019-02-22,403.0,0.0,0.0,0,279.14,0.0,0,0.0,0.0,,0.0,0,0.0,0.0,,0.0,bidTooLow
2019-02-25,403.0,0.0,0.0,0,279.52,0.0,0,0.0,0.0,,0.0,0,0.0,0.0,,0.0,bidTooLow
2019-02-26,403.0,0.0,0.0,0,279.32,0.0,0,0.0,0.0,,0.0,0,0.0,0.0,,0.0,bidTooLow
2019-02-27,403.0,0.0,0.0,0,279.2,0.0,0,0.0,0.0,,0.0,0,0.0,0.0,,0.0,bidTooLow
2019-02-28,403.0,0.0,0.0,0,278.68,0.0,0,0.0,0.0,,0.0,0,0.0,0.0,,0.0,bidTooLow
2019-03-01,403.0,0.0,0.0,0,280.42,0.0,0,0.0,0.0,,0.0,0,0.0,0.0,,0.0,bidTooLow
2019-03-04,403.0,0.0,0.0,0,279.4,0.0,0,0.0,0.0,,0.0,0,0.0,0.0,,0.0,bidTooLow
2019-03-05,403.0,0.0,0.0,0,279.02,0.0,0,0.0,0.0,,0.0,0,0.0,0.0,,0.0,bidTooLow
2019-03-06,403.0,-3.0,0.0,0,277.33,0.0,1,0.04,0.07,SPY190308P00270000,270.0,0,0.0,0.0,,0.0,normalDay
2019-03-07,403.0,-2.0,0.0,0,275.01,0.0,1,0.04,0.06,SPY190308P00270000,270.0,0,0.0,0.0,,0.0,normalDay
2019-03-08,407.0,0.0,4.0,0,274.46,0.0,1,0.04,0.0,SPY190308P00270000,270.0,0,0.0,0.0,,0.0,expirationDay
2019-03-11,407.0,-3.0,0.0,0,278.44,0.0,1,0.03,0.06,SPY190313P00272000,272.0,0,0.0,0.0,,0.0,normalDay
2019-03-12,407.0,1.0,0.0,0,279.49,0.0,1,0.03,0.02,SPY190313P00272000,272.0,0,0.0,0.0,,0.0,normalDay
2019-03-13,410.0,0.0,3.0,0,281.34,0.0,1,0.03,0.0,SPY190313P00272000,272.0,0,0.0,0.0,,0.0,expirationDay
2019-03-14,410.0,-3.0,0.0,0,281.16,0.0,1,0.02,0.05,SPY190315P00274500,274.5,0,0.0,0.0,,0.0,normalDay
2019-03-15,412.0,0.0,2.0,0,281.31,0.0,1,0.02,0.0,SPY190315P00274500,274.5,0,0.0,0.0,,0.0,expirationDay
2019-03-18,412.0,0.0,0.0,0,282.33,0.0,0,0.0,0.0,,0.0,0,0.0,0.0,,0.0,bidTooLow
2019-03-19,412.0,0.0,0.0,0,282.4,0.0,0,0.0,0.0,,0.0,0,0.0,0.0,,0.0,bidTooLow
2019-03-20,412.0,-3.0,0.0,0,281.55,0.0,1,0.05,0.08,SPY190322P00275000,275.0,0,0.0,0.0,,0.0,normalDay
2019-03-21,412.0,3.0,0.0,0,284.73,0.0,1,0.05,0.02,SPY190322P00275000,275.0,0,0.0,0.0,,0.0,normalDay
2019-03-22,417.0,0.0,5.0,0,279.25,0.0,1,0.05,0.0,SPY190322P00275000,275.0,0,0.0,0.0,,0.0,expirationDay
2019-03-25,417.0,-3.0,0.0,0,279.04,0.0,1,0.24,0.27,SPY190327P00275000,275.0,0,0.0,0.0,,0.0,normalDay
2019-03-26,417.0,20.0,0.0,0,281.12,0.0,1,0.24,0.04,SPY190327P00275000,275.0,0,0.0,0.0,,0.0,normalDay
2019-03-27,441.0,0.0,24.0,0,279.65,0.0,1,0.24,0.0,SPY190327P00275000,275.0,0,0.0,0.0,,0.0,expirationDay
2019-03-28,441.0,-3.0,0.0,0,280.71,0.0,1,0.01,0.04,SPY190329P00275000,275.0,0,0.0,0.0,,0.0,normalDay
2019-03-29,442.0,0.0,1.0,0,282.48,0.0,1,0.01,0.0,SPY190329P00275000,275.0,0,0.0,0.0,,0.0,expirationDay
2019-04-01,442.0,0.0,0.0,0,285.83,0.0,0,0.0,0.0,,0.0,0,0.0,0.0,,0.0,bidTooLow
2019-04-02,442.0,0.0,0.0,0,285.97,0.0,0,0.0,0.0,,0.0,0,0.0,0.0,,0.0,bidTooLow
2019-04-03,442.0,0.0,0.0,0,286.42,0.0,0,0.0,0.0,,0.0,0,0.0,0.0,,0.0,bidTooLow
2019-04-04,442.0,0.0,0.0,0,287.18,0.0,0,0.0,0.0,,0.0,0,0.0,0.0,,0.0,bidTooLow
2019-04-05,442.0,0.0,0.0,0,288.57,0.0,0,0.0,0.0,,0.0,0,0.0,0.0,,0.0,bidTooLow
2019-04-08,442.0,0.0,0.0,0,288.79,0.0,0,0.0,0.0,,0.0,0,0.0,0.0,,0.0,bidTooLow
2019-04-09,442.0,0.0,0.0,0,287.31,0.0,0,0.0,0.0,,0.0,0,0.0,0.0,,0.0,bidTooLow
2019-04-10,442.0,0.0,0.0,0,288.29,0.0,0,0.0,0.0,,0.0,0,0.0,0.0,,0.0,bidTooLow
2019-04-11,442.0,0.0,0.0,0,288.21,0.0,0,0.0,0.0,,0.0,0,0.0,0.0,,0.0,bidTooLow
2019-04-12,442.0,0.0,0.0,0,290.16,0.0,0,0.0,0.0,,0.0,0,0.0,0.0,,0.0,bidTooLow
2019-04-15,442.0,0.0,0.0,0,289.97,0.0,0,0.0,0.0,,0.0,0,0.0,0.0,,0.0,bidTooLow
2019-04-16,442.0,0.0,0.0,0,290.16,0.0,0,0.0,0.0,,0.0,0,0.0,0.0,,0.0,bidTooLow
2019-04-17,442.0,0.0,0.0,0,289.45,0.0,0,0.0,0.0,,0.0,0,0.0,0.0,,0.0,bidTooLow
2019-04-18,442.0,0.0,0.0,0,290.02,0.0,0,0.0,0.0,,0.0,0,0.0,0.0,,0.0,bidTooLow
2019-04-22,442.0,0.0,0.0,0,290.27,0.0,0,0.0,0.0,,0.0,0,0.0,0.0,,0.0,bidTooLow
2019-04-23,442.0,0.0,0.0,0,292.88,0.0,0,0.0,0.0,,0.0,0,0.0,0.0,,0.0,bidTooLow
2019-04-24,442.0,0.0,0.0,0,292.23,0.0,0,0.0,0.0,,0.0,0,0.0,0.0,,0.0,bidTooLow
2019-04-25,442.0,0.0,0.0,0,292.05,0.0,0,0.0,0.0,,0.0,0,0.0,0.0,,0.0,bidTooLow
2019-04-26,442.0,0.0,0.0,0,293.41,0.0,0,0.0,0.0,,0.0,0,0.0,0.0,,0.0,bidTooLow
2019-04-29,442.0,-3.0,0.0,0,293.87,0.0,1,0.01,0.04,SPY190501P00284500,284.5,0,0.0,0.0,,0.0,normalDay
2019-04-30,442.0,-1.0,0.0,0,294.02,0.0,1,0.01,0.02,SPY190501P00284500,284.5,0,0.0,0.0,,0.0,normalDay
2019-05-01,443.0,0.0,1.0,0,291.81,0.0,1,0.01,0.0,SPY190501P00284500,284.5,0,0.0,0.0,,0.0,expirationDay
2019-05-02,443.0,-3.0,0.0,0,291.18,0.0,1,0.05,0.08,SPY190503P00286500,286.5,0,0.0,0.0,,0.0,normalDay
2019-05-03,448.0,0.0,5.0,0,294.03,0.0,1,0.05,0.0,SPY190503P00286500,286.5,0,0.0,0.0,,0.0,expirationDay
2019-05-06,448.0,-3.0,0.0,0,292.82,0.0,1,0.14,0.17,SPY190508P00287000,287.0,0,0.0,0.0,,0.0,normalDay
2019-05-07,448.0,-80.0,0.0,0,287.93,0.0,1,0.14,0.94,SPY190508P00287000,287.0,0,0.0,0.0,,0.0,normalDay
2019-05-08,462.0,0.0,14.0,0,287.53,0.0,1,0.14,0.0,SPY190508P00287000,287.0,0,0.0,0.0,,0.0,expirationDay
2019-05-09,462.0,-6.0,0.0,0,286.66,0.0,1,1.77,1.83,SPY190510P00286500,286.5,0,0.0,0.0,,0.0,normalDay
2019-05-10,639.0,0.0,177.0,0,288.1,0.0,1,1.77,0.0,SPY190510P00286500,286.5,0,0.0,0.0,,0.0,expirationDay
2019-05-13,639.0,-8.0,0.0,0,280.86,0.0,1,3.9,3.98,SPY190515P00284000,284.0,0,0.0,0.0,,0.0,normalDay
2019-05-14,639.0,246.0,0.0,0,283.4,0.0,1,3.9,1.44,SPY190515P00284000,284.0,0,0.0,0.0,,0.0,normalDay
2019-05-15,1029.0,0.0,390.0,0,285.06,0.0,1,3.9,0.0,SPY190515P00284000,284.0,0,0.0,0.0,,0.0,expirationDay
2019-05-16,1029.0,-3.0,0.0,0,287.7,0.0,1,0.05,0.08,SPY190517P00282000,282.0,0,0.0,0.0,,0.0,normalDay
2019-05-17,1034.0,0.0,5.0,0,285.84,0.0,1,0.05,0.0,SPY190517P00282000,282.0,0,0.0,0.0,,0.0,expirationDay
2019-05-20,1034.0,-4.0,0.0,0,283.95,0.0,1,0.49,0.53,SPY190522P00281000,281.0,0,0.0,0.0,,0.0,normalDay
2019-05-21,1034.0,44.0,0.0,0,286.51,0.0,1,0.49,0.05,SPY190522P00281000,281.0,0,0.0,0.0,,0.0,normalDay
2019-05-22,1083.0,0.0,49.0,0,285.63,0.0,1,0.49,0.0,SPY190522P00281000,281.0,0,0.0,0.0,,0.0,expirationDay
2019-05-23,1083.0,-3.0,0.0,0,282.14,0.0,1,0.5,0.53,SPY190524P00280000,280.0,0,0.0,0.0,,0.0,normalDay
2019-05-24,1133.0,0.0,50.0,0,282.78,0.0,1,0.5,0.0,SPY190524P00280000,280.0,0,0.0,0.0,,0.0,expirationDay
2019-05-28,1133.0,-4.0,0.0,0,280.15,0.0,1,0.5,0.54,SPY190529P00279000,279.0,0,0.0,0.0,,0.0,normalDay
2019-05-29,1183.0,-73.0,50.0,100,278.27,279.0,1,0.5,0.0,SPY190529P00279000,279.0,0,0.0,0.0,,0.0,expirationDay
2019-05-30,1183.0,-1.0,0.0,100,279.03,279.0,0,0.0,0.0,,0.0,1,0.58,0.62,SPY190610C00285000,285.0,normalDay
2019-05-31,1183.0,-333.0,0.0,100,275.27,279.0,0,0.0,0.0,,0.0,1,0.58,0.18,SPY190610C00285000,285.0,normalDay
2019-06-03,1183.0,-393.0,0.0,100,274.57,279.0,0,0.0,0.0,,0.0,1,0.58,0.08,SPY190610C00285000,285.0,normalDay
2019-06-04,1183.0,170.0,0.0,100,280.53,279.0,0,0.0,0.0,,0.0,1,0.58,0.41,SPY190610C00285000,285.0,normalDay
2019-06-05,1183.0,377.0,0.0,100,282.96,279.0,0,0.0,0.0,,0.0,1,0.58,0.77,SPY190610C00285000,285.0,normalDay
2019-06-06,1183.0,499.0,0.0,100,284.8,279.0,0,0.0,0.0,,0.0,1,0.58,1.39,SPY190610C00285000,285.0,normalDay
2019-06-07,1183.0,631.0,0.0,100,287.65,279.0,0,0.0,0.0,,0.0,1,0.58,2.92,SPY190610C00285000,285.0,normalDay
2019-06-10,1841.0,631.0,658.0,0,288.97,0.0,0,0.0,0.0,,0.0,1,0.58,0.0,SPY190610C00285000,285.0,expirationDay
2019-06-11,1841.0,0.0,0.0,0,288.9,0.0,0,0.0,0.0,,0.0,0,0.0,0.0,,0.0,bidTooLow
2019-06-12,1841.0,0.0,0.0,0,288.39,0.0,0,0.0,0.0,,0.0,0,0.0,0.0,,0.0,bidTooLow
2019-06-13,1841.0,0.0,0.0,0,289.58,0.0,0,0.0,0.0,,0.0,0,0.0,0.0,,0.0,bidTooLow
2019-06-14,1841.0,0.0,0.0,0,289.26,0.0,0,0.0,0.0,,0.0,0,0.0,0.0,,0.0,bidTooLow
2019-06-17,1841.0,0.0,0.0,0,289.37,0.0,0,0.0,0.0,,0.0,0,0.0,0.0,,0.0,bidTooLow
2019-06-18,1841.0,0.0,0.0,0,292.4,0.0,0,0.0,0.0,,0.0,0,0.0,0.0,,0.0,bidTooLow
2019-06-19,1841.0,0.0,0.0,0,293.06,0.0,0,0.0,0.0,,0.0,0,0.0,0.0,,0.0,bidTooLow
2019-06-20,1841.0,0.0,0.0,0,295.86,0.0,0,0.0,0.0,,0.0,0,0.0,0.0,,0.0,bidTooLow
2019-06-21,1841.0,0.0,0.0,0,294.0,0.0,0,0.0,0.0,,0.0,0,0.0,0.0,,0.0,bidTooLow
2019-06-24,1841.0,0.0,0.0,0,293.64,0.0,0,0.0,0.0,,0.0,0,0.0,0.0,,0.0,bidTooLow
2019-06-25,1841.0,0.0,0.0,0,290.76,0.0,0,0.0,0.0,,0.0,0,0.0,0.0,,0.0,bidTooLow
2019-06-26,1841.0,0.0,0.0,0,290.47,0.0,0,0.0,0.0,,0.0,0,0.0,0.0,,0.0,bidTooLow
2019-06-27,1841.0,0.0,0.0,0,291.5,0.0,0,0.0,0.0,,0.0,0,0.0,0.0,,0.0,bidTooLow
2019-06-28,1841.0,0.0,0.0,0,293.0,0.0,0,0.0,0.0,,0.0,0,0.0,0.0,,0.0,bidTooLow
2019-07-01,1841.0,0.0,0.0,0,295.66,0.0,0,0.0,0.0,,0.0,0,0.0,0.0,,0.0,bidTooLow
2019-07-02,1841.0,0.0,0.0,0,296.43,0.0,0,0.0,0.0,,0.0,0,0.0,0.0,,0.0,bidTooLow
2019-07-03,1841.0,0.0,0.0,0,298.8,0.0,0,0.0,0.0,,0.0,0,0.0,0.0,,0.0,bidTooLow
2019-07-05,1841.0,0.0,0.0,0,298.46,0.0,0,0.0,0.0,,0.0,0,0.0,0.0,,0.0,bidTooLow
2019-07-08,1841.0,0.0,0.0,0,296.82,0.0,0,0.0,0.0,,0.0,0,0.0,0.0,,0.0,bidTooLow
2019-07-09,1841.0,0.0,0.0,0,297.19,0.0,0,0.0,0.0,,0.0,0,0.0,0.0,,0.0,bidTooLow
2019-07-10,1841.0,0.0,0.0,0,298.61,0.0,0,0.0,0.0,,0.0,0,0.0,0.0,,0.0,bidTooLow
2019-07-11,1841.0,0.0,0.0,0,299.31,0.0,0,0.0,0.0,,0.0,0,0.0,0.0,,0.0,bidTooLow
2019-07-12,1841.0,0.0,0.0,0,300.65,0.0,0,0.0,0.0,,0.0,0,0.0,0.0,,0.0,bidTooLow
2019-07-15,1841.0,0.0,0.0,0,300.75,0.0,0,0.0,0.0,,0.0,0,0.0,0.0,,0.0,bidTooLow
2019-07-16,1841.0,0.0,0.0,0,299.78,0.0,0,0.0,0.0,,0.0,0,0.0,0.0,,0.0,bidTooLow
2019-07-17,1841.0,-3.0,0.0,0,297.74,0.0,1,0.03,0.06,SPY190719P00290000,290.0,0,0.0,0.0,,0.0,normalDay
2019-07-18,1841.0,0.0,0.0,0,298.83,0.0,1,0.03,0.03,SPY190719P00290000,290.0,0,0.0,0.0,,0.0,normalDay
2019-07-19,1844.0,0.0,3.0,0,297.17,0.0,1,0.03,0.0,SPY190719P00290000,290.0,0,0.0,0.0,,0.0,expirationDay
2019-07-22,1844.0,-3.0,0.0,0,297.9,0.0,1,0.01,0.04,SPY190724P00290500,290.5,0,0.0,0.0,,0.0,normalDay
2019-07-23,1844.0,0.0,0.0,0,300.03,0.0,1,0.01,0.01,SPY190724P00290500,290.5,0,0.0,0.0,,0.0,normalDay
2019-07-24,1845.0,0.0,1.0,0,301.44,0.0,1,0.01,0.0,SPY190724P00290500,290.5,0,0.0,0.0,,0.0,expirationDay
2019-07-25,1845.0,0.0,0.0,0,300.0,0.0,0,0.0,0.0,,0.0,0,0.0,0.0,,0.0,bidTooLow
2019-07-26,1845.0,0.0,0.0,0,302.01,0.0,0,0.0,0.0,,0.0,0,0.0,0.0,,0.0,bidTooLow
2019-07-29,1845.0,-3.0,0.0,0,301.46,0.0,1,0.07,0.1,SPY190731P00295500,295.5,0,0.0,0.0,,0.0,normalDay
2019-07-30,1845.0,-4.0,0.0,0,300.72,0.0,1,0.07,0.11,SPY190731P00295500,295.5,0,0.0,0.0,,0.0,normalDay
2019-07-31,1852.0,0.0,7.0,0,297.43,0.0,1,0.07,0.0,SPY190731P00295500,295.5,0,0.0,0.0,,0.0,expirationDay
2019-08-01,1852.0,-5.0,0.0,0,294.84,0.0,1,1.26,1.31,SPY190802P00295000,295.0,0,0.0,0.0,,0.0,normalDay
2019-08-02,1978.0,-238.0,126.0,100,292.62,295.0,1,1.26,0.0,SPY190802P00295000,295.0,0,0.0,0.0,,0.0,expirationDay
2019-08-05,1978.0,-1121.0,0.0,100,283.82,295.0,0,0.0,0.0,,0.0,1,0.21,0.24,SPY190816C00297500,297.5,normalDay
2019-08-06,1978.0,-725.0,0.0,100,287.8,295.0,0,0.0,0.0,,0.0,1,0.21,0.26,SPY190816C00297500,297.5,normalDay
2019-08-07,1978.0,-700.0,0.0,100,287.97,295.0,0,0.0,0.0,,0.0,1,0.21,0.18,SPY190816C00297500,297.5,normalDay
2019-08-08,1978.0,-200.0,0.0,100,293.62,295.0,0,0.0,0.0,,0.0,1,0.21,0.83,SPY190816C00297500,297.5,normalDay
2019-08-09,1978.0,-356.0,0.0,100,291.62,295.0,0,0.0,0.0,,0.0,1,0.21,0.39,SPY190816C00297500,297.5,normalDay
2019-08-12,1978.0,-679.0,0.0,100,288.07,295.0,0,0.0,0.0,,0.0,1,0.21,0.07,SPY190816C00297500,297.5,normalDay
2019-08-13,1978.0,-246.0,0.0,100,292.55,295.0,0,0.0,0.0,,0.0,1,0.21,0.22,SPY190816C00297500,297.5,normalDay
2019-08-14,1978.0,-1091.0,0.0,100,283.9,295.0,0,0.0,0.0,,0.0,1,0.21,0.02,SPY190816C00297500,297.5,normalDay
2019-08-15,1978.0,-1015.0,0.0,100,284.65,295.0,0,0.0,0.0,,0.0,1,0.21,0.01,SPY190816C00297500,297.5,normalDay
2019-08-16,1999.0,-615.0,21.0,100,288.85,295.0,0,0.0,0.0,,0.0,1,0.21,0.0,SPY190816C00297500,297.5,expirationDay
2019-08-19,1999.0,-270.0,0.0,100,292.33,295.0,0,0.0,0.0,,0.0,1,3.29,3.32,SPY190830C00292000,292.0,normalDay
2019-08-20,1999.0,-379.0,0.0,100,290.09,295.0,0,0.0,0.0,,0.0,1,3.29,2.17,SPY190830C00292000,292.0,normalDay
2019-08-21,1999.0,-252.0,0.0,100,292.45,295.0,0,0.0,0.0,,0.0,1,3.29,3.26,SPY190830C00292000,292.0,normalDay
2019-08-22,1999.0,-229.0,0.0,100,292.36,295.0,0,0.0,0.0,,0.0,1,3.29,2.94,SPY190830C00292000,292.0,normalDay
2019-08-23,1999.0,-760.0,0.0,100,284.85,295.0,0,0.0,0.0,,0.0,1,3.29,0.74,SPY190830C00292000,292.0,normalDay
2019-08-26,1999.0,-453.0,0.0,100,288.0,295.0,0,0.0,0.0,,0.0,1,3.29,0.82,SPY190830C00292000,292.0,normalDay
2019-08-27,1999.0,-525.0,0.0,100,286.87,295.0,0,0.0,0.0,,0.0,1,3.29,0.41,SPY190830C00292000,292.0,normalDay
2019-08-28,1999.0,-334.0,0.0,100,288.89,295.0,0,0.0,0.0,,0.0,1,3.29,0.52,SPY190830C00292000,292.0,normalDay
2019-08-29,1999.0,-52.0,0.0,100,292.58,295.0,0,0.0,0.0,,0.0,1,3.29,1.39,SPY190830C00292000,292.0,normalDay
2019-08-30,2028.0,-52.0,29.0,0,292.45,0.0,0,0.0,0.0,,0.0,1,3.29,0.0,SPY190830C00292000,292.0,expirationDay
2019-09-03,2028.0,-3.0,0.0,0,290.74,0.0,1,0.02,0.05,SPY190904P00284000,284.0,0,0.0,0.0,,0.0,normalDay
2019-09-04,2030.0,0.0,2.0,0,294.04,0.0,1,0.02,0.0,SPY190904P00284000,284.0,0,0.0,0.0,,0.0,expirationDay
2019-09-05,2030.0,0.0,0.0,0,297.82,0.0,0,0.0,0.0,,0.0,0,0.0,0.0,,0.0,bidTooLow
2019-09-06,2030.0,0.0,0.0,0,298.05,0.0,0,0.0,0.0,,0.0,0,0.0,0.0,,0.0,bidTooLow
2019-09-09,2030.0,0.0,0.0,0,298.2,0.0,0,0.0,0.0,,0.0,0,0.0,0.0,,0.0,bidTooLow
2019-09-10,2030.0,0.0,0.0,0,298.13,0.0,0,0.0,0.0,,0.0,0,0.0,0.0,,0.0,bidTooLow
2019-09-11,2030.0,0.0,0.0,0,300.25,0.0,0,0.0,0.0,,0.0,0,0.0,0.0,,0.0,bidTooLow
2019-09-12,2030.0,0.0,0.0,0,301.29,0.0,0,0.0,0.0,,0.0,0,0.0,0.0,,0.0,bidTooLow
2019-09-13,2030.0,0.0,0.0,0,301.09,0.0,0,0.0,0.0,,0.0,0,0.0,0.0,,0.0,bidTooLow
2019-09-16,2030.0,0.0,0.0,0,300.16,0.0,0,0.0,0.0,,0.0,0,0.0,0.0,,0.0,bidTooLow
2019-09-17,2030.0,0.0,0.0,0,300.92,0.0,0,0.0,0.0,,0.0,0,0.0,0.0,,0.0,bidTooLow
2019-09-18,2030.0,-3.0,0.0,0,301.1,0.0,1,0.04,0.07,SPY190920P00284500,284.5,0,0.0,0.0,,0.0,normalDay
2019-09-19,2030.0,-1.0,0.0,0,301.08,0.0,1,0.04,0.05,SPY190920P00284500,284.5,0,0.0,0.0,,0.0,normalDay
2019-09-20,2034.0,0.0,4.0,0,298.28,0.0,1,0.04,0.0,SPY190920P00284500,284.5,0,0.0,0.0,,0.0,expirationDay
2019-09-23,2034.0,0.0,0.0,0,298.21,0.0,0,0.0,0.0,,0.0,0,0.0,0.0,,0.0,bidTooLow
2019-09-24,2034.0,-3.0,0.0,0,295.87,0.0,1,0.02,0.05,SPY190925P00288000,288.0,0,0.0,0.0,,0.0,normalDay
2019-09-25,2036.0,0.0,2.0,0,297.62,0.0,1,0.02,0.0,SPY190925P00288000,288.0,0,0.0,0.0,,0.0,expirationDay
2019-09-26,2036.0,-3.0,0.0,0,297.0,0.0,1,0.02,0.05,SPY190927P00291500,291.5,0,0.0,0.0,,0.0,normalDay
2019-09-27,2038.0,0.0,2.0,0,295.4,0.0,1,0.02,0.0,SPY190927P00291500,291.5,0,0.0,0.0,,0.0,expirationDay
2019-09-30,2038.0,-3.0,0.0,0,296.77,0.0,1,0.21,0.24,SPY191002P00293000,293.0,0,0.0,0.0,,0.0,normalDay
2019-10-01,2038.0,-74.0,0.0,0,293.24,0.0,1,0.21,0.95,SPY191002P00293000,293.0,0,0.0,0.0,,0.0,normalDay
2019-10-02,2059.0,-494.0,21.0,100,288.06,293.0,1,0.21,0.0,SPY191002P00293000,293.0,0,0.0,0.0,,0.0,expirationDay
2019-10-03,2059.0,-262.0,0.0,100,290.42,293.0,0,0.0,0.0,,0.0,1,0.63,0.67,SPY191014C00297000,297.0,normalDay
2019-10-04,2059.0,48.0,0.0,100,294.35,293.0,0,0.0,0.0,,0.0,1,0.63,1.5,SPY191014C00297000,297.0,normalDay
2019-10-07,2059.0,-15.0,0.0,100,293.08,293.0,0,0.0,0.0,,0.0,1,0.63,0.86,SPY191014C00297000,297.0,normalDay
2019-10-08,2059.0,-405.0,0.0,100,288.53,293.0,0,0.0,0.0,,0.0,1,0.63,0.21,SPY191014C00297000,297.0,normalDay
2019-10-09,2059.0,-145.0,0.0,100,291.27,293.0,0,0.0,0.0,,0.0,1,0.63,0.35,SPY191014C00297000,297.0,normalDay
2019-10-10,2059.0,12.0,0.0,100,293.24,293.0,0,0.0,0.0,,0.0,1,0.63,0.75,SPY191014C00297000,297.0,normalDay
2019-10-11,2059.0,287.0,0.0,100,296.28,293.0,0,0.0,0.0,,0.0,1,0.63,1.04,SPY191014C00297000,297.0,normalDay
2019-10-14,2122.0,295.0,63.0,100,295.95,293.0,0,0.0,0.0,,0.0,1,0.63,0.0,SPY191014C00297000,297.0,expirationDay
2019-10-15,2122.0,583.0,0.0,100,298.88,293.0,0,0.0,0.0,,0.0,1,5.96,6.01,SPY191025C00294000,294.0,normalDay
2019-10-16,2122.0,587.0,0.0,100,298.4,293.0,0,0.0,0.0,,0.0,1,5.96,5.49,SPY191025C00294000,294.0,normalDay
2019-10-17,2122.0,636.0,0.0,100,299.28,293.0,0,0.0,0.0,,0.0,1,5.96,5.88,SPY191025C00294000,294.0,normalDay
2019-10-18,2122.0,605.0,0.0,100,297.97,293.0,0,0.0,0.0,,0.0,1,5.96,4.88,SPY191025C00294000,294.0,normalDay
2019-10-21,2122.0,662.0,0.0,100,299.99,293.0,0,0.0,0.0,,0.0,1,5.96,6.33,SPY191025C00294000,294.0,normalDay
2019-10-22,2122.0,673.0,0.0,100,299.01,293.0,0,0.0,0.0,,0.0,1,5.96,5.24,SPY191025C00294000,294.0,normalDay
2019-10-23,2122.0,667.0,0.0,100,299.88,293.0,0,0.0,0.0,,0.0,1,5.96,6.17,SPY191025C00294000,294.0,normalDay
2019-10-24,2122.0,704.0,0.0,100,300.37,293.0,0,0.0,0.0,,0.0,1,5.96,6.29,SPY191025C00294000,294.0,normalDay
2019-10-25,2818.0,704.0,696.0,0,301.6,0.0,0,0.0,0.0,,0.0,1,5.96,0.0,SPY191025C00294000,294.0,expirationDay
2019-10-28,2818.0,0.0,0.0,0,303.3,0.0,0,0.0,0.0,,0.0,0,0.0,0.0,,0.0,bidTooLow
2019-10-29,2818.0,0.0,0.0,0,303.21,0.0,0,0.0,0.0,,0.0,0,0.0,0.0,,0.0,bidTooLow
2019-10-30,2818.0,0.0,0.0,0,304.14,0.0,0,0.0,0.0,,0.0,0,0.0,0.0,,0.0,bidTooLow
2019-10-31,2818.0,0.0,0.0,0,303.33,0.0,0,0.0,0.0,,0.0,0,0.0,0.0,,0.0,bidTooLow
2019-11-01,2818.0,0.0,0.0,0,306.14,0.0,0,0.0,0.0,,0.0,0,0.0,0.0,,0.0,bidTooLow
2019-11-04,2818.0,0.0,0.0,0,307.37,0.0,0,0.0,0.0,,0.0,0,0.0,0.0,,0.0,bidTooLow
2019-11-05,2818.0,0.0,0.0,0,307.03,0.0,0,0.0,0.0,,0.0,0,0.0,0.0,,0.0,bidTooLow
2019-11-06,2818.0,0.0,0.0,0,307.1,0.0,0,0.0,0.0,,0.0,0,0.0,0.0,,0.0,bidTooLow
2019-11-07,2818.0,0.0,0.0,0,308.18,0.0,0,0.0,0.0,,0.0,0,0.0,0.0,,0.0,bidTooLow
2019-11-08,2818.0,0.0,0.0,0,308.94,0.0,0,0.0,0.0,,0.0,0,0.0,0.0,,0.0,bidTooLow
2019-11-11,2818.0,0.0,0.0,0,308.35,0.0,0,0.0,0.0,,0.0,0,0.0,0.0,,0.0,bidTooLow
2019-11-12,2818.0,0.0,0.0,0,309.0,0.0,0,0.0,0.0,,0.0,0,0.0,0.0,,0.0,bidTooLow
2019-11-13,2818.0,0.0,0.0,0,309.1,0.0,0,0.0,0.0,,0.0,0,0.0,0.0,,0.0,bidTooLow
2019-11-14,2818.0,0.0,0.0,0,309.55,0.0,0,0.0,0.0,,0.0,0,0.0,0.0,,0.0,bidTooLow
2019-11-15,2818.0,0.0,0.0,0,311.79,0.0,0,0.0,0.0,,0.0,0,0.0,0.0,,0.0,bidTooLow
2019-11-18,2818.0,0.0,0.0,0,312.02,0.0,0,0.0,0.0,,0.0,0,0.0,0.0,,0.0,bidTooLow
2019-11-19,2818.0,0.0,0.0,0,311.93,0.0,0,0.0,0.0,,0.0,0,0.0,0.0,,0.0,bidTooLow
2019-11-20,2818.0,-3.0,0.0,0,310.77,0.0,1,0.02,0.05,SPY191122P00300000,300.0,0,0.0,0.0,,0.0,normalDay
2019-11-21,2818.0,0.0,0.0,0,310.27,0.0,1,0.02,0.02,SPY191122P00300000,300.0,0,0.0,0.0,,0.0,normalDay
2019-11-22,2820.0,0.0,2.0,0,310.96,0.0,1,0.02,0.0,SPY191122P00300000,300.0,0,0.0,0.0,,0.0,expirationDay
2019-11-25,2820.0,0.0,0.0,0,313.37,0.0,0,0.0,0.0,,0.0,0,0.0,0.0,,0.0,bidTooLow
2019-11-26,2820.0,0.0,0.0,0,314.08,0.0,0,0.0,0.0,,0.0,0,0.0,0.0,,0.0,bidTooLow
2019-11-27,2820.0,0.0,0.0,0,315.48,0.0,0,0.0,0.0,,0.0,0,0.0,0.0,,0.0,bidTooLow
2019-11-29,2820.0,0.0,0.0,0,314.31,0.0,0,0.0,0.0,,0.0,0,0.0,0.0,,0.0,bidTooLow
2019-12-02,2820.0,-3.0,0.0,0,311.64,0.0,1,0.12,0.15,SPY191204P00305500,305.5,0,0.0,0.0,,0.0,normalDay
2019-12-03,2820.0,-3.0,0.0,0,309.55,0.0,1,0.12,0.15,SPY191204P00305500,305.5,0,0.0,0.0,,0.0,normalDay
2019-12-04,2832.0,0.0,12.0,0,311.46,0.0,1,0.12,0.0,SPY191204P00305500,305.5,0,0.0,0.0,,0.0,expirationDay
2019-12-05,2832.0,-3.0,0.0,0,312.02,0.0,1,0.04,0.07,SPY191206P00307000,307.0,0,0.0,0.0,,0.0,normalDay
2019-12-06,2836.0,0.0,4.0,0,314.87,0.0,1,0.04,0.0,SPY191206P00307000,307.0,0,0.0,0.0,,0.0,expirationDay
2019-12-09,2836.0,-3.0,0.0,0,313.88,0.0,1,0.13,0.16,SPY191211P00307500,307.5,0,0.0,0.0,,0.0,normalDay
2019-12-10,2836.0,8.0,0.0,0,313.53,0.0,1,0.13,0.05,SPY191211P00307500,307.5,0,0.0,0.0,,0.0,normalDay
2019-12-11,2849.0,0.0,13.0,0,314.42,0.0,1,0.13,0.0,SPY191211P00307500,307.5,0,0.0,0.0,,0.0,expirationDay
2019-12-12,2849.0,-3.0,0.0,0,317.13,0.0,1,0.02,0.05,SPY191213P00308500,308.5,0,0.0,0.0,,0.0,normalDay
2019-12-13,2851.0,0.0,2.0,0,317.32,0.0,1,0.02,0.0,SPY191213P00308500,308.5,0,0.0,0.0,,0.0,expirationDay
2019-12-16,2851.0,-3.0,0.0,0,319.5,0.0,1,0.03,0.06,SPY191218P00308500,308.5,0,0.0,0.0,,0.0,normalDay
2019-12-17,2851.0,1.0,0.0,0,319.57,0.0,1,0.03,0.02,SPY191218P00308500,308.5,0,0.0,0.0,,0.0,normalDay
2019-12-18,2854.0,0.0,3.0,0,319.59,0.0,1,0.03,0.0,SPY191218P00308500,308.5,0,0.0,0.0,,0.0,expirationDay
2019-12-19,2854.0,-3.0,0.0,0,320.9,0.0,1,0.01,0.04,SPY191220P00308000,308.0,0,0.0,0.0,,0.0,normalDay
2019-12-20,2855.0,0.0,1.0,0,320.73,0.0,1,0.01,0.0,SPY191220P00308000,308.0,0,0.0,0.0,,0.0,expirationDay
2019-12-23,2855.0,0.0,0.0,0,321.22,0.0,0,0.0,0.0,,0.0,0,0.0,0.0,,0.0,bidTooLow
2019-12-24,2855.0,0.0,0.0,0,321.23,0.0,0,0.0,0.0,,0.0,0,0.0,0.0,,0.0,bidTooLow
2019-12-26,2855.0,0.0,0.0,0,322.94,0.0,0,0.0,0.0,,0.0,0,0.0,0.0,,0.0,bidTooLow
2019-12-27,2855.0,0.0,0.0,0,322.86,0.0,0,0.0,0.0,,0.0,0,0.0,0.0,,0.0,bidTooLow
2019-12-30,2855.0,0.0,0.0,0,321.08,0.0,0,0.0,0.0,,0.0,0,0.0,0.0,,0.0,bidTooLow
2019-12-31,2855.0,0.0,0.0,0,321.86,0.0,0,0.0,0.0,,0.0,0,0.0,0.0,,0.0,bidTooLow
2020-01-02,2855.0,0.0,0.0,0,324.87,0.0,0,0.0,0.0,,0.0,0,0.0,0.0,,0.0,bidTooLow
2020-01-03,2855.0,0.0,0.0,0,322.41,0.0,0,0.0,0.0,,0.0,0,0.0,0.0,,0.0,bidTooLow
2020-01-06,2855.0,0.0,0.0,0,323.64,0.0,0,0.0,0.0,,0.0,0,0.0,0.0,,0.0,bidTooLow
2020-01-07,2855.0,0.0,0.0,0,322.73,0.0,0,0.0,0.0,,0.0,0,0.0,0.0,,0.0,bidTooLow
2020-01-08,2855.0,-3.0,0.0,0,324.45,0.0,1,0.05,0.08,SPY200110P00314000,314.0,0,0.0,0.0,,0.0,normalDay
2020-01-09,2855.0,3.0,0.0,0,326.65,0.0,1,0.05,0.02,SPY200110P00314000,314.0,0,0.0,0.0,,0.0,normalDay
2020-01-10,2860.0,0.0,5.0,0,325.71,0.0,1,0.05,0.0,SPY200110P00314000,314.0,0,0.0,0.0,,0.0,expirationDay
2020-01-13,2860.0,0.0,0.0,0,327.95,0.0,0,0.0,0.0,,0.0,0,0.0,0.0,,0.0,bidTooLow
2020-01-14,2860.0,0.0,0.0,0,327.45,0.0,0,0.0,0.0,,0.0,0,0.0,0.0,,0.0,bidTooLow
2020-01-15,2860.0,-3.0,0.0,0,328.19,0.0,1,0.01,0.04,SPY200117P00318000,318.0,0,0.0,0.0,,0.0,normalDay
2020-01-16,2860.0,-1.0,0.0,0,330.92,0.0,1,0.01,0.02,SPY200117P00318000,318.0,0,0.0,0.0,,0.0,normalDay
2020-01-17,2861.0,0.0,1.0,0,331.95,0.0,1,0.01,0.0,SPY200117P00318000,318.0,0,0.0,0.0,,0.0,expirationDay
2020-01-21,2861.0,0.0,0.0,0,331.3,0.0,0,0.0,0.0,,0.0,0,0.0,0.0,,0.0,bidTooLow
2020-01-22,2861.0,0.0,0.0,0,331.34,0.0,0,0.0,0.0,,0.0,0,0.0,0.0,,0.0,bidTooLow
2020-01-23,2861.0,0.0,0.0,0,331.72,0.0,0,0.0,0.0,,0.0,0,0.0,0.0,,0.0,bidTooLow
2020-01-24,2861.0,0.0,0.0,0,328.77,0.0,0,0.0,0.0,,0.0,0,0.0,0.0,,0.0,bidTooLow
2020-01-27,2861.0,-4.0,0.0,0,323.5,0.0,1,0.85,0.89,SPY200129P00319000,319.0,0,0.0,0.0,,0.0,normalDay
2020-01-28,2861.0,76.0,0.0,0,326.89,0.0,1,0.85,0.09,SPY200129P00319000,319.0,0,0.0,0.0,,0.0,normalDay
2020-01-29,2946.0,0.0,85.0,0,326.62,0.0,1,0.85,0.0,SPY200129P00319000,319.0,0,0.0,0.0,,0.0,expirationDay
2020-01-30,2946.0,-3.0,0.0,0,327.68,0.0,1,0.03,0.06,SPY200131P00321000,321.0,0,0.0,0.0,,0.0,normalDay
2020-01-31,2949.0,0.0,3.0,0,321.73,0.0,1,0.03,0.0,SPY200131P00321000,321.0,0,0.0,0.0,,0.0,expirationDay
2020-02-03,2949.0,-3.0,0.0,0,324.12,0.0,1,1.1,1.13,SPY200205P00321000,321.0,0,0.0,0.0,,0.0,normalDay
2020-02-04,2949.0,106.0,0.0,0,329.06,0.0,1,1.1,0.04,SPY200205P00321000,321.0,0,0.0,0.0,,0.0,normalDay
2020-02-05,3059.0,0.0,110.0,0,332.86,0.0,1,1.1,0.0,SPY200205P00321000,321.0,0,0.0,0.0,,0.0,expirationDay
2020-02-06,3059.0,0.0,0.0,0,333.98,0.0,0,0.0,0.0,,0.0,0,0.0,0.0,,0.0,bidTooLow
2020-02-07,3059.0,0.0,0.0,0,332.2,0.0,0,0.0,0.0,,0.0,0,0.0,0.0,,0.0,bidTooLow
2020-02-10,3059.0,0.0,0.0,0,334.68,0.0,0,0.0,0.0,,0.0,0,0.0,0.0,,0.0,bidTooLow
2020-02-11,3059.0,0.0,0.0,0,335.26,0.0,0,0.0,0.0,,0.0,0,0.0,0.0,,0.0,bidTooLow
2020-02-12,3059.0,0.0,0.0,0,337.42,0.0,0,0.0,0.0,,0.0,0,0.0,0.0,,0.0,bidTooLow
2020-02-13,3059.0,0.0,0.0,0,337.06,0.0,0,0.0,0.0,,0.0,0,0.0,0.0,,0.0,bidTooLow
2020-02-14,3059.0,0.0,0.0,0,337.6,0.0,0,0.0,0.0,,0.0,0,0.0,0.0,,0.0,bidTooLow
2020-02-18,3059.0,0.0,0.0,0,336.73,0.0,0,0.0,0.0,,0.0,0,0.0,0.0,,0.0,bidTooLow
2020-02-19,3059.0,0.0,0.0,0,338.34,0.0,0,0.0,0.0,,0.0,0,0.0,0.0,,0.0,bidTooLow
2020-02-20,3059.0,0.0,0.0,0,336.95,0.0,0,0.0,0.0,,0.0,0,0.0,0.0,,0.0,bidTooLow
2020-02-21,3059.0,0.0,0.0,0,333.48,0.0,0,0.0,0.0,,0.0,0,0.0,0.0,,0.0,bidTooLow
2020-02-24,3059.0,-5.0,0.0,0,322.42,0.0,1,2.42,2.47,SPY200226P00320000,320.0,0,0.0,0.0,,0.0,normalDay
2020-02-25,3059.0,-476.0,0.0,0,312.65,0.0,1,2.42,7.18,SPY200226P00320000,320.0,0,0.0,0.0,,0.0,normalDay
2020-02-26,3301.0,-850.0,242.0,100,311.5,320.0,1,2.42,0.0,SPY200226P00320000,320.0,0,0.0,0.0,,0.0,expirationDay
2020-02-27,3301.0,-2255.0,0.0,100,297.51,320.0,0,0.0,0.0,,0.0,1,0.21,0.27,SPY200309C00326000,326.0,normalDay
2020-02-28,3301.0,-2380.0,0.0,100,296.26,320.0,0,0.0,0.0,,0.0,1,0.21,0.27,SPY200309C00326000,326.0,normalDay
2020-03-02,3301.0,-1103.0,0.0,100,309.09,320.0,0,0.0,0.0,,0.0,1,0.21,0.33,SPY200309C00326000,326.0,normalDay
2020-03-03,3301.0,-1967.0,0.0,100,300.24,320.0,0,0.0,0.0,,0.0,1,0.21,0.12,SPY200309C00326000,326.0,normalDay
2020-03-04,3301.0,-718.0,0.0,100,312.86,320.0,0,0.0,0.0,,0.0,1,0.21,0.25,SPY200309C00326000,326.0,normalDay
2020-03-05,3301.0,-1738.0,0.0,100,302.46,320.0,0,0.0,0.0,,0.0,1,0.21,0.05,SPY200309C00326000,326.0,normalDay
2020-03-06,3301.0,-2235.0,0.0,100,297.46,320.0,0,0.0,0.0,,0.0,1,0.21,0.02,SPY200309C00326000,326.0,normalDay
2020-03-09,3322.0,-4577.0,21.0,100,274.23,320.0,0,0.0,0.0,,0.0,1,0.21,0.0,SPY200309C00326000,326.0,expirationDay
2020-03-10,3322.0,-3164.0,0.0,100,288.42,320.0,0,0.0,0.0,,0.0,1,0.59,0.65,SPY200320C00312000,312.0,normalDay
2020-03-11,3322.0,-4529.0,0.0,100,274.36,320.0,0,0.0,0.0,,0.0,1,0.59,0.24,SPY200320C00312000,312.0,normalDay
2020-03-12,3322.0,-7138.0,0.0,100,248.11,320.0,0,0.0,0.0,,0.0,1,0.59,0.08,SPY200320C00312000,312.0,normalDay
2020-03-13,3322.0,-5016.0,0.0,100,269.32,320.0,0,0.0,0.0,,0.0,1,0.59,0.07,SPY200320C00312000,312.0,normalDay
2020-03-16,3322.0,-7959.0,0.0,100,239.85,320.0,0,0.0,0.0,,0.0,1,0.59,0.03,SPY200320C00312000,312.0,normalDay
2020-03-17,3322.0,-6663.0,0.0,100,252.8,320.0,0,0.0,0.0,,0.0,1,0.59,0.02,SPY200320C00312000,312.0,normalDay
2020-03-18,3322.0,-7942.0,0.0,100,240.0,320.0,0,0.0,0.0,,0.0,1,0.59,0.01,SPY200320C00312000,312.0,normalDay
2020-03-19,3322.0,-7891.0,0.0,100,240.51,320.0,0,0.0,0.0,,0.0,1,0.59,0.01,SPY200320C00312000,312.0,normalDay
2020-03-20,3381.0,-9120.0,59.0,100,228.8,320.0,0,0.0,0.0,,0.0,1,0.59,0.0,SPY200320C00312000,312.0,expirationDay
2020-03-23,3381.0,-9711.0,0.0,100,222.95,320.0,0,0.0,0.0,,0.0,1,0.37,0.43,SPY200403C00270000,270.0,normalDay
2020-03-24,3381.0,-7855.0,0.0,100,243.15,320.0,0,0.0,0.0,,0.0,1,0.37,2.07,SPY200403C00270000,270.0,normalDay
2020-03-25,3381.0,-7546.0,0.0,100,246.79,320.0,0,0.0,0.0,,0.0,1,0.37,2.62,SPY200403C00270000,270.0,normalDay
2020-03-26,3381.0,-6436.0,0.0,100,261.2,320.0,0,0.0,0.0,,0.0,1,0.37,5.93,SPY200403C00270000,270.0,normalDay
2020-03-27,3381.0,-6872.0,0.0,100,253.42,320.0,0,0.0,0.0,,0.0,1,0.37,2.51,SPY200403C00270000,270.0,normalDay
2020-03-30,3381.0,-6085.0,0.0,100,261.65,320.0,0,0.0,0.0,,0.0,1,0.37,2.87,SPY200403C00270000,270.0,normalDay
2020-03-31,3381.0,-6260.0,0.0,100,257.75,320.0,0,0.0,0.0,,0.0,1,0.37,0.72,SPY200403C00270000,270.0,normalDay
2020-04-01,3381.0,-7359.0,0.0,100,246.15,320.0,0,0.0,0.0,,0.0,1,0.37,0.11,SPY200403C00270000,270.0,normalDay
2020-04-02,3381.0,-6784.0,0.0,100,251.83,320.0,0,0.0,0.0,,0.0,1,0.37,0.04,SPY200403C00270000,270.0,normalDay
2020-04-03,3418.0,-7181.0,37.0,100,248.19,320.0,0,0.0,0.0,,0.0,1,0.37,0.0,SPY200403C00270000,270.0,expirationDay
2020-04-06,3418.0,-5534.0,0.0,100,264.86,320.0,0,0.0,0.0,,0.0,1,19.22,19.42,SPY200417C00249000,249.0,normalDay
2020-04-07,3418.0,-5426.0,0.0,100,265.13,320.0,0,0.0,0.0,,0.0,1,19.22,18.61,SPY200417C00249000,249.0,normalDay
2020-04-08,3418.0,-5317.0,0.0,100,274.03,320.0,0,0.0,0.0,,0.0,1,19.22,26.42,SPY200417C00249000,249.0,normalDay
2020-04-09,3418.0,-5293.0,0.0,100,278.2,320.0,0,0.0,0.0,,0.0,1,19.22,30.35,SPY200417C00249000,249.0,normalDay
2020-04-13,3418.0,-5203.0,0.0,100,275.66,320.0,0,0.0,0.0,,0.0,1,19.22,26.91,SPY200417C00249000,249.0,normalDay
2020-04-14,3418.0,-5220.0,0.0,100,283.79,320.0,0,0.0,0.0,,0.0,1,19.22,35.21,SPY200417C00249000,249.0,normalDay
2020-04-15,3418.0,-5185.0,0.0,100,277.76,320.0,0,0.0,0.0,,0.0,1,19.22,28.83,SPY200417C00249000,249.0,normalDay
2020-04-16,3418.0,-5197.0,0.0,100,279.1,320.0,0,0.0,0.0,,0.0,1,19.22,30.29,SPY200417C00249000,249.0,normalDay
2020-04-17,-1760.0,-5197.0,-5178.0,0,286.64,0.0,0,0.0,0.0,,0.0,1,19.22,0.0,SPY200417C00249000,249.0,expirationDay
2020-04-20,-1760.0,0.0,0.0,0,281.59,0.0,0,0.0,0.0,,0.0,0,0.0,0.0,,0.0,bidTooLow
2020-04-21,-1760.0,0.0,0.0,0,273.04,0.0,0,0.0,0.0,,0.0,0,0.0,0.0,,0.0,bidTooLow
2020-04-22,-1760.0,0.0,0.0,0,279.1,0.0,0,0.0,0.0,,0.0,0,0.0,0.0,,0.0,bidTooLow
2020-04-23,-1760.0,0.0,0.0,0,279.08,0.0,0,0.0,0.0,,0.0,0,0.0,0.0,,0.0,bidTooLow
2020-04-24,-1760.0,0.0,0.0,0,282.97,0.0,0,0.0,0.0,,0.0,0,0.0,0.0,,0.0,bidTooLow
2020-04-27,-1760.0,0.0,0.0,0,287.05,0.0,0,0.0,0.0,,0.0,0,0.0,0.0,,0.0,bidTooLow
2020-04-28,-1760.0,0.0,0.0,0,285.73,0.0,0,0.0,0.0,,0.0,0,0.0,0.0,,0.0,bidTooLow
2020-04-29,-1760.0,0.0,0.0,0,293.21,0.0,0,0.0,0.0,,0.0,0,0.0,0.0,,0.0,bidTooLow
2020-04-30,-1760.0,0.0,0.0,0,290.48,0.0,0,0.0,0.0,,0.0,0,0.0,0.0,,0.0,bidTooLow
2020-05-01,-1760.0,0.0,0.0,0,282.79,0.0,0,0.0,0.0,,0.0,0,0.0,0.0,,0.0,bidTooLow
2020-05-04,-1760.0,-3.0,0.0,0,283.57,0.0,1,0.03,0.06,SPY200506P00266000,266.0,0,0.0,0.0,,0.0,normalDay
2020-05-05,-1760.0,2.0,0.0,0,286.19,0.0,1,0.03,0.01,SPY200506P00266000,266.0,0,0.0,0.0,,0.0,normalDay
2020-05-06,-1757.0,0.0,3.0,0,284.25,0.0,1,0.03,0.0,SPY200506P00266000,266.0,0,0.0,0.0,,0.0,expirationDay
2020-05-07,-1757.0,-3.0,0.0,0,287.68,0.0,1,0.01,0.04,SPY200508P00273000,273.0,0,0.0,0.0,,0.0,normalDay
2020-05-08,-1756.0,0.0,1.0,0,292.44,0.0,1,0.01,0.0,SPY200508P00273000,273.0,0,0.0,0.0,,0.0,expirationDay
2020-05-11,-1756.0,0.0,0.0,0,292.5,0.0,0,0.0,0.0,,0.0,0,0.0,0.0,,0.0,bidTooLow
2020-05-12,-1756.0,-3.0,0.0,0,286.67,0.0,1,0.04,0.07,SPY200513P00274000,274.0,0,0.0,0.0,,0.0,normalDay
2020-05-13,-1752.0,0.0,4.0,0,281.6,0.0,1,0.04,0.0,SPY200513P00274000,274.0,0,0.0,0.0,,0.0,expirationDay
2020-05-14,-1752.0,-3.0,0.0,0,284.97,0.0,1,0.07,0.1,SPY200515P00275000,275.0,0,0.0,0.0,,0.0,normalDay
2020-05-15,-1745.0,0.0,7.0,0,286.28,0.0,1,0.07,0.0,SPY200515P00275000,275.0,0,0.0,0.0,,0.0,expirationDay
2020-05-18,-1745.0,0.0,0.0,0,295.0,0.0,0,0.0,0.0,,0.0,0,0.0,0.0,,0.0,bidTooLow
2020-05-19,-1745.0,0.0,0.0,0,291.97,0.0,0,0.0,0.0,,0.0,0,0.0,0.0,,0.0,bidTooLow
2020-05-20,-1745.0,0.0,0.0,0,296.93,0.0,0,0.0,0.0,,0.0,0,0.0,0.0,,0.0,bidTooLow
2020-05-21,-1745.0,0.0,0.0,0,294.88,0.0,0,0.0,0.0,,0.0,0,0.0,0.0,,0.0,bidTooLow
2020-05-22,-1745.0,0.0,0.0,0,295.44,0.0,0,0.0,0.0,,0.0,0,0.0,0.0,,0.0,bidTooLow
2020-05-26,-1745.0,0.0,0.0,0,299.08,0.0,0,0.0,0.0,,0.0,0,0.0,0.0,,0.0,bidTooLow
2020-05-27,-1745.0,0.0,0.0,0,303.53,0.0,0,0.0,0.0,,0.0,0,0.0,0.0,,0.0,bidTooLow
2020-05-28,-1745.0,0.0,0.0,0,302.97,0.0,0,0.0,0.0,,0.0,0,0.0,0.0,,0.0,bidTooLow
2020-05-29,-1745.0,0.0,0.0,0,304.32,0.0,0,0.0,0.0,,0.0,0,0.0,0.0,,0.0,bidTooLow
2020-06-01,-1745.0,0.0,0.0,0,305.55,0.0,0,0.0,0.0,,0.0,0,0.0,0.0,,0.0,bidTooLow
2020-06-02,-1745.0,0.0,0.0,0,308.08,0.0,0,0.0,0.0,,0.0,0,0.0,0.0,,0.0,bidTooLow
2020-06-03,-1745.0,0.0,0.0,0,312.18,0.0,0,0.0,0.0,,0.0,0,0.0,0.0,,0.0,bidTooLow
2020-06-04,-1745.0,0.0,0.0,0,311.36,0.0,0,0.0,0.0,,0.0,0,0.0,0.0,,0.0,bidTooLow
2020-06-05,-1745.0,0.0,0.0,0,319.34,0.0,0,0.0,0.0,,0.0,0,0.0,0.0,,0.0,bidTooLow
2020-06-08,-1745.0,0.0,0.0,0,323.2,0.0,0,0.0,0.0,,0.0,0,0.0,0.0,,0.0,bidTooLow
2020-06-09,-1745.0,0.0,0.0,0,320.79,0.0,0,0.0,0.0,,0.0,0,0.0,0.0,,0.0,bidTooLow
2020-06-10,-1745.0,0.0,0.0,0,319.0,0.0,0,0.0,0.0,,0.0,0,0.0,0.0,,0.0,bidTooLow
2020-06-11,-1745.0,-3.0,0.0,0,300.61,0.0,1,0.14,0.17,SPY200612P00281000,281.0,0,0.0,0.0,,0.0,normalDay
2020-06-12,-1731.0,0.0,14.0,0,304.21,0.0,1,0.14,0.0,SPY200612P00281000,281.0,0,0.0,0.0,,0.0,expirationDay
2020-06-15,-1731.0,-3.0,0.0,0,307.05,0.0,1,0.12,0.15,SPY200617P00287000,287.0,0,0.0,0.0,,0.0,normalDay
2020-06-16,-1731.0,10.0,0.0,0,312.96,0.0,1,0.12,0.02,SPY200617P00287000,287.0,0,0.0,0.0,,0.0,normalDay
2020-06-17,-1719.0,0.0,12.0,0,311.66,0.0,1,0.12,0.0,SPY200617P00287000,287.0,0,0.0,0.0,,0.0,expirationDay
2020-06-18,-1719.0,-3.0,0.0,0,311.78,0.0,1,0.03,0.06,SPY200619P00292000,292.0,0,0.0,0.0,,0.0,normalDay
2020-06-19,-1716.0,0.0,3.0,0,308.64,0.0,1,0.03,0.0,SPY200619P00292000,292.0,0,0.0,0.0,,0.0,expirationDay
2020-06-22,-1716.0,-3.0,0.0,0,310.62,0.0,1,0.11,0.14,SPY200624P00296000,296.0,0,0.0,0.0,,0.0,normalDay
2020-06-23,-1716.0,8.0,0.0,0,312.05,0.0,1,0.11,0.03,SPY200624P00296000,296.0,0,0.0,0.0,,0.0,normalDay
2020-06-24,-1705.0,0.0,11.0,0,304.09,0.0,1,0.11,0.0,SPY200624P00296000,296.0,0,0.0,0.0,,0.0,expirationDay
2020-06-25,-1705.0,-3.0,0.0,0,307.35,0.0,1,0.15,0.18,SPY200626P00299000,299.0,0,0.0,0.0,,0.0,normalDay
2020-06-26,-1690.0,0.0,15.0,0,300.05,0.0,1,0.15,0.0,SPY200626P00299000,299.0,0,0.0,0.0,,0.0,expirationDay
2020-06-29,-1690.0,-4.0,0.0,0,304.46,0.0,1,0.69,0.73,SPY200701P00298000,298.0,0,0.0,0.0,,0.0,normalDay
2020-06-30,-1690.0,59.0,0.0,0,308.36,0.0,1,0.69,0.1,SPY200701P00298000,298.0,0,0.0,0.0,,0.0,normalDay
2020-07-01,-1621.0,0.0,69.0,0,310.52,0.0,1,0.69,0.0,SPY200701P00298000,298.0,0,0.0,0.0,,0.0,expirationDay
2020-07-02,-1621.0,0.0,0.0,0,312.23,0.0,0,0.0,0.0,,0.0,0,0.0,0.0,,0.0,bidTooLow
2020-07-06,-1621.0,0.0,0.0,0,317.05,0.0,0,0.0,0.0,,0.0,0,0.0,0.0,,0.0,bidTooLow
2020-07-07,-1621.0,0.0,0.0,0,313.78,0.0,0,0.0,0.0,,0.0,0,0.0,0.0,,0.0,bidTooLow
2020-07-08,-1621.0,-3.0,0.0,0,316.18,0.0,1,0.02,0.05,SPY200710P00299000,299.0,0,0.0,0.0,,0.0,normalDay
2020-07-09,-1621.0,-2.0,0.0,0,314.38,0.0,1,0.02,0.04,SPY200710P00299000,299.0,0,0.0,0.0,,0.0,normalDay
2020-07-10,-1619.0,0.0,2.0,0,317.59,0.0,1,0.02,0.0,SPY200710P00299000,299.0,0,0.0,0.0,,0.0,expirationDay
2020-07-13,-1619.0,-3.0,0.0,0,314.84,0.0,1,0.26,0.29,SPY200715P00302000,302.0,0,0.0,0.0,,0.0,normalDay
2020-07-14,-1619.0,23.0,0.0,0,318.92,0.0,1,0.26,0.03,SPY200715P00302000,302.0,0,0.0,0.0,,0.0,normalDay
2020-07-15,-1593.0,0.0,26.0,0,321.85,0.0,1,0.26,0.0,SPY200715P00302000,302.0,0,0.0,0.0,,0.0,expirationDay
2020-07-16,-1593.0,0.0,0.0,0,320.79,0.0,0,0.0,0.0,,0.0,0,0.0,0.0,,0.0,bidTooLow
2020-07-17,-1593.0,0.0,0.0,0,321.72,0.0,0,0.0,0.0,,0.0,0,0.0,0.0,,0.0,bidTooLow
2020-07-20,-1593.0,0.0,0.0,0,324.32,0.0,0,0.0,0.0,,0.0,0,0.0,0.0,,0.0,bidTooLow
2020-07-21,-1593.0,0.0,0.0,0,325.01,0.0,0,0.0,0.0,,0.0,0,0.0,0.0,,0.0,bidTooLow
2020-07-22,-1593.0,0.0,0.0,0,326.86,0.0,0,0.0,0.0,,0.0,0,0.0,0.0,,0.0,bidTooLow
2020-07-23,-1593.0,0.0,0.0,0,322.96,0.0,0,0.0,0.0,,0.0,0,0.0,0.0,,0.0,bidTooLow
2020-07-24,-1593.0,0.0,0.0,0,320.88,0.0,0,0.0,0.0,,0.0,0,0.0,0.0,,0.0,bidTooLow
2020-07-27,-1593.0,0.0,0.0,0,323.22,0.0,0,0.0,0.0,,0.0,0,0.0,0.0,,0.0,bidTooLow
2020-07-28,-1593.0,0.0,0.0,0,321.17,0.0,0,0.0,0.0,,0.0,0,0.0,0.0,,0.0,bidTooLow
2020-07-29,-1593.0,-3.0,0.0,0,325.12,0.0,1,0.06,0.09,SPY200731P00310000,310.0,0,0.0,0.0,,0.0,normalDay
2020-07-30,-1593.0,0.0,0.0,0,323.96,0.0,1,0.06,0.06,SPY200731P00310000,310.0,0,0.0,0.0,,0.0,normalDay
2020-07-31,-1587.0,0.0,6.0,0,326.52,0.0,1,0.06,0.0,SPY200731P00310000,310.0,0,0.0,0.0,,0.0,expirationDay
2020-08-03,-1587.0,-3.0,0.0,0,328.79,0.0,1,0.02,0.05,SPY200805P00313000,313.0,0,0.0,0.0,,0.0,normalDay
2020-08-04,-1587.0,0.0,0.0,0,330.06,0.0,1,0.02,0.02,SPY200805P00313000,313.0,0,0.0,0.0,,0.0,normalDay
2020-08-05,-1585.0,0.0,2.0,0,332.11,0.0,1,0.02,0.0,SPY200805P00313000,313.0,0,0.0,0.0,,0.0,expirationDay
2020-08-06,-1585.0,0.0,0.0,0,334.33,0.0,0,0.0,0.0,,0.0,0,0.0,0.0,,0.0,bidTooLow
2020-08-07,-1585.0,0.0,0.0,0,334.57,0.0,0,0.0,0.0,,0.0,0,0.0,0.0,,0.0,bidTooLow
2020-08-10,-1585.0,0.0,0.0,0,335.57,0.0,0,0.0,0.0,,0.0,0,0.0,0.0,,0.0,bidTooLow
2020-08-11,-1585.0,-3.0,0.0,0,332.8,0.0,1,0.03,0.06,SPY200812P00317000,317.0,0,0.0,0.0,,0.0,normalDay
2020-08-12,-1582.0,0.0,3.0,0,337.44,0.0,1,0.03,0.0,SPY200812P00317000,317.0,0,0.0,0.0,,0.0,expirationDay
2020-08-13,-1582.0,0.0,0.0,0,336.83,0.0,0,0.0,0.0,,0.0,0,0.0,0.0,,0.0,bidTooLow
2020-08-14,-1582.0,0.0,0.0,0,336.84,0.0,0,0.0,0.0,,0.0,0,0.0,0.0,,0.0,bidTooLow
2020-08-17,-1582.0,0.0,0.0,0,337.91,0.0,0,0.0,0.0,,0.0,0,0.0,0.0,,0.0,bidTooLow
2020-08-18,-1582.0,0.0,0.0,0,338.64,0.0,0,0.0,0.0,,0.0,0,0.0,0.0,,0.0,bidTooLow
2020-08-19,-1582.0,-3.0,0.0,0,337.23,0.0,1,0.06,0.09,SPY200821P00318000,318.0,0,0.0,0.0,,0.0,normalDay
2020-08-20,-1582.0,3.0,0.0,0,338.28,0.0,1,0.06,0.03,SPY200821P00318000,318.0,0,0.0,0.0,,0.0,normalDay
2020-08-21,-1576.0,0.0,6.0,0,339.48,0.0,1,0.06,0.0,SPY200821P00318000,318.0,0,0.0,0.0,,0.0,expirationDay
2020-08-24,-1576.0,-3.0,0.0,0,342.92,0.0,1,0.01,0.04,SPY200826P00322000,322.0,0,0.0,0.0,,0.0,normalDay
2020-08-25,-1576.0,0.0,0.0,0,344.12,0.0,1,0.01,0.01,SPY200826P00322000,322.0,0,0.0,0.0,,0.0,normalDay
2020-08-26,-1575.0,0.0,1.0,0,347.57,0.0,1,0.01,0.0,SPY200826P00322000,322.0,0,0.0,0.0,,0.0,expirationDay
2020-08-27,-1575.0,0.0,0.0,0,348.33,0.0,0,0.0,0.0,,0.0,0,0.0,0.0,,0.0,bidTooLow
2020-08-28,-1575.0,0.0,0.0,0,350.58,0.0,0,0.0,0.0,,0.0,0,0.0,0.0,,0.0,bidTooLow
2020-08-31,-1575.0,-3.0,0.0,0,349.31,0.0,1,0.03,0.06,SPY200902P00327000,327.0,0,0.0,0.0,,0.0,normalDay
2020-09-01,-1575.0,2.0,0.0,0,352.6,0.0,1,0.03,0.01,SPY200902P00327000,327.0,0,0.0,0.0,,0.0,normalDay
2020-09-02,-1572.0,0.0,3.0,0,357.7,0.0,1,0.03,0.0,SPY200902P00327000,327.0,0,0.0,0.0,,0.0,expirationDay
2020-09-03,-1572.0,-4.0,0.0,0,345.39,0.0,1,0.08,0.12,SPY200904P00328000,328.0,0,0.0,0.0,,0.0,normalDay
2020-09-04,-1564.0,0.0,8.0,0,342.57,0.0,1,0.08,0.0,SPY200904P00328000,328.0,0,0.0,0.0,,0.0,expirationDay
2020-09-08,-1564.0,-5.0,0.0,0,333.21,0.0,1,1.15,1.2,SPY200909P00329000,329.0,0,0.0,0.0,,0.0,normalDay
2020-09-09,-1449.0,0.0,115.0,0,339.79,0.0,1,1.15,0.0,SPY200909P00329000,329.0,0,0.0,0.0,,0.0,expirationDay
2020-09-10,-1449.0,-3.0,0.0,0,333.89,0.0,1,0.73,0.76,SPY200911P00329000,329.0,0,0.0,0.0,,0.0,normalDay
2020-09-11,-1376.0,0.0,73.0,0,334.06,0.0,1,0.73,0.0,SPY200911P00329000,329.0,0,0.0,0.0,,0.0,expirationDay
2020-09-14,-1376.0,-3.0,0.0,0,338.46,0.0,1,0.35,0.38,SPY200916P00329000,329.0,0,0.0,0.0,,0.0,normalDay
2020-09-15,-1376.0,28.0,0.0,0,340.17,0.0,1,0.35,0.07,SPY200916P00329000,329.0,0,0.0,0.0,,0.0,normalDay
2020-09-16,-1341.0,0.0,35.0,0,338.82,0.0,1,0.35,0.0,SPY200916P00329000,329.0,0,0.0,0.0,,0.0,expirationDay
2020-09-17,-1341.0,-4.0,0.0,0,335.84,0.0,1,0.45,0.49,SPY200918P00329000,329.0,0,0.0,0.0,,0.0,normalDay
2020-09-18,-1296.0,0.0,45.0,0,330.65,0.0,1,0.45,0.0,SPY200918P00329000,329.0,0,0.0,0.0,,0.0,expirationDay
2020-09-21,-1296.0,-4.0,0.0,0,326.97,0.0,1,2.06,2.1,SPY200923P00326000,326.0,0,0.0,0.0,,0.0,normalDay
2020-09-22,-1296.0,159.0,0.0,0,330.3,0.0,1,2.06,0.47,SPY200923P00326000,326.0,0,0.0,0.0,,0.0,normalDay
2020-09-23,-1090.0,-336.0,206.0,100,322.64,326.0,1,2.06,0.0,SPY200923P00326000,326.0,0,0.0,0.0,,0.0,expirationDay
2020-09-24,-1090.0,-253.0,0.0,100,323.5,326.0,0,0.0,0.0,,0.0,1,0.71,0.74,SPY201005C00337000,337.0,normalDay
2020-09-25,-1090.0,226.0,0.0,100,328.73,326.0,0,0.0,0.0,,0.0,1,0.71,1.18,SPY201005C00337000,337.0,normalDay
2020-09-28,-1090.0,630.0,0.0,100,334.19,326.0,0,0.0,0.0,,0.0,1,0.71,2.6,SPY201005C00337000,337.0,normalDay
2020-09-29,-1090.0,490.0,0.0,100,332.37,326.0,0,0.0,0.0,,0.0,1,0.71,2.18,SPY201005C00337000,337.0,normalDay
2020-09-30,-1090.0,765.0,0.0,100,334.89,326.0,0,0.0,0.0,,0.0,1,0.71,1.95,SPY201005C00337000,337.0,normalDay
2020-10-01,-1090.0,885.0,0.0,100,337.04,326.0,0,0.0,0.0,,0.0,1,0.71,2.9,SPY201005C00337000,337.0,normalDay
2020-10-02,-1090.0,762.0,0.0,100,333.84,326.0,0,0.0,0.0,,0.0,1,0.71,0.93,SPY201005C00337000,337.0,normalDay
2020-10-05,81.0,762.0,1171.0,0,339.76,0.0,0,0.0,0.0,,0.0,1,0.71,0.0,SPY201005C00337000,337.0,expirationDay
2020-10-06,81.0,-3.0,0.0,0,334.93,0.0,1,0.03,0.06,SPY201007P00323000,323.0,0,0.0,0.0,,0.0,normalDay
2020-10-07,84.0,0.0,3.0,0,340.76,0.0,1,0.03,0.0,SPY201007P00323000,323.0,0,0.0,0.0,,0.0,expirationDay
2020-10-08,84.0,0.0,0.0,0,343.78,0.0,0,0.0,0.0,,0.0,0,0.0,0.0,,0.0,bidTooLow
2020-10-09,84.0,0.0,0.0,0,346.85,0.0,0,0.0,0.0,,0.0,0,0.0,0.0,,0.0,bidTooLow
2020-10-12,84.0,0.0,0.0,0,352.43,0.0,0,0.0,0.0,,0.0,0,0.0,0.0,,0.0,bidTooLow
2020-10-13,84.0,0.0,0.0,0,350.13,0.0,0,0.0,0.0,,0.0,0,0.0,0.0,,0.0,bidTooLow
2020-10-14,84.0,-3.0,0.0,0,347.93,0.0,1,0.01,0.04,SPY201016P00319000,319.0,0,0.0,0.0,,0.0,normalDay
2020-10-15,84.0,-1.0,0.0,0,347.5,0.0,1,0.01,0.02,SPY201016P00319000,319.0,0,0.0,0.0,,0.0,normalDay
2020-10-16,85.0,0.0,1.0,0,347.29,0.0,1,0.01,0.0,SPY201016P00319000,319.0,0,0.0,0.0,,0.0,expirationDay
2020-10-19,85.0,-3.0,0.0,0,342.01,0.0,1,0.01,0.04,SPY201021P00320000,320.0,0,0.0,0.0,,0.0,normalDay
2020-10-20,85.0,-1.0,0.0,0,343.38,0.0,1,0.01,0.02,SPY201021P00320000,320.0,0,0.0,0.0,,0.0,normalDay
2020-10-21,86.0,0.0,1.0,0,342.73,0.0,1,0.01,0.0,SPY201021P00320000,320.0,0,0.0,0.0,,0.0,expirationDay
2020-10-22,86.0,0.0,0.0,0,344.61,0.0,0,0.0,0.0,,0.0,0,0.0,0.0,,0.0,bidTooLow
2020-10-23,86.0,0.0,0.0,0,345.78,0.0,0,0.0,0.0,,0.0,0,0.0,0.0,,0.0,bidTooLow
2020-10-26,86.0,-3.0,0.0,0,339.39,0.0,1,0.51,0.54,SPY201028P00331000,331.0,0,0.0,0.0,,0.0,normalDay
2020-10-27,86.0,33.0,0.0,0,338.22,0.0,1,0.51,0.18,SPY201028P00331000,331.0,0,0.0,0.0,,0.0,normalDay
2020-10-28,137.0,-434.0,51.0,100,326.66,331.0,1,0.51,0.0,SPY201028P00331000,331.0,0,0.0,0.0,,0.0,expirationDay
2020-10-29,137.0,-116.0,0.0,100,329.98,331.0,0,0.0,0.0,,0.0,1,3.61,3.75,SPY201109C00341000,341.0,normalDay
2020-10-30,137.0,-292.0,0.0,100,326.54,331.0,0,0.0,0.0,,0.0,1,3.61,2.07,SPY201109C00341000,341.0,normalDay
2020-11-02,137.0,52.0,0.0,100,330.2,331.0,0,0.0,0.0,,0.0,1,3.61,2.29,SPY201109C00341000,341.0,normalDay
2020-11-03,137.0,474.0,0.0,100,336.03,331.0,0,0.0,0.0,,0.0,1,3.61,3.9,SPY201109C00341000,341.0,normalDay
2020-11-04,137.0,1000.0,0.0,100,343.54,331.0,0,0.0,0.0,,0.0,1,3.61,6.15,SPY201109C00341000,341.0,normalDay
2020-11-05,137.0,1249.0,0.0,100,350.24,331.0,0,0.0,0.0,,0.0,1,3.61,10.36,SPY201109C00341000,341.0,normalDay
2020-11-06,137.0,1324.0,0.0,100,350.16,331.0,0,0.0,0.0,,0.0,1,3.61,9.53,SPY201109C00341000,341.0,normalDay
2020-11-09,1498.0,1324.0,1361.0,0,354.56,0.0,0,0.0,0.0,,0.0,1,3.61,0.0,SPY201109C00341000,341.0,expirationDay
2020-11-10,1498.0,0.0,0.0,0,354.04,0.0,0,0.0,0.0,,0.0,0,0.0,0.0,,0.0,bidTooLow
2020-11-11,1498.0,0.0,0.0,0,356.67,0.0,0,0.0,0.0,,0.0,0,0.0,0.0,,0.0,bidTooLow
2020-11-12,1498.0,0.0,0.0,0,353.21,0.0,0,0.0,0.0,,0.0,0,0.0,0.0,,0.0,bidTooLow
2020-11-13,1498.0,0.0,0.0,0,358.1,0.0,0,0.0,0.0,,0.0,0,0.0,0.0,,0.0,bidTooLow
2020-11-16,1498.0,0.0,0.0,0,362.57,0.0,0,0.0,0.0,,0.0,0,0.0,0.0,,0.0,bidTooLow
2020-11-17,1498.0,0.0,0.0,0,360.62,0.0,0,0.0,0.0,,0.0,0,0.0,0.0,,0.0,bidTooLow
2020-11-18,1498.0,0.0,0.0,0,356.28,0.0,0,0.0,0.0,,0.0,0,0.0,0.0,,0.0,bidTooLow
2020-11-19,1498.0,0.0,0.0,0,357.78,0.0,0,0.0,0.0,,0.0,0,0.0,0.0,,0.0,bidTooLow
2020-11-20,1498.0,0.0,0.0,0,355.33,0.0,0,0.0,0.0,,0.0,0,0.0,0.0,,0.0,bidTooLow
2020-11-23,1498.0,0.0,0.0,0,357.46,0.0,0,0.0,0.0,,0.0,0,0.0,0.0,,0.0,bidTooLow
2020-11-24,1498.0,0.0,0.0,0,363.22,0.0,0,0.0,0.0,,0.0,0,0.0,0.0,,0.0,bidTooLow
2020-11-25,1498.0,0.0,0.0,0,362.66,0.0,0,0.0,0.0,,0.0,0,0.0,0.0,,0.0,bidTooLow
2020-11-27,1498.0,0.0,0.0,0,363.67,0.0,0,0.0,0.0,,0.0,0,0.0,0.0,,0.0,bidTooLow
2020-11-30,1498.0,0.0,0.0,0,362.06,0.0,0,0.0,0.0,,0.0,0,0.0,0.0,,0.0,bidTooLow
2020-12-01,1498.0,0.0,0.0,0,366.02,0.0,0,0.0,0.0,,0.0,0,0.0,0.0,,0.0,bidTooLow
2020-12-02,1498.0,-3.0,0.0,0,366.79,0.0,1,0.01,0.04,SPY201204P00346000,346.0,0,0.0,0.0,,0.0,normalDay
2020-12-03,1498.0,-3.0,0.0,0,366.69,0.0,1,0.01,0.04,SPY201204P00346000,346.0,0,0.0,0.0,,0.0,normalDay
2020-12-04,1499.0,0.0,1.0,0,369.85,0.0,1,0.01,0.0,SPY201204P00346000,346.0,0,0.0,0.0,,0.0,expirationDay
2020-12-07,1499.0,-3.0,0.0,0,369.09,0.0,1,0.01,0.04,SPY201209P00350000,350.0,0,0.0,0.0,,0.0,normalDay
2020-12-08,1499.0,-1.0,0.0,0,370.17,0.0,1,0.01,0.02,SPY201209P00350000,350.0,0,0.0,0.0,,0.0,normalDay
2020-12-09,1500.0,0.0,1.0,0,366.85,0.0,1,0.01,0.0,SPY201209P00350000,350.0,0,0.0,0.0,,0.0,expirationDay
2020-12-10,1500.0,0.0,0.0,0,366.73,0.0,0,0.0,0.0,,0.0,0,0.0,0.0,,0.0,bidTooLow
2020-12-11,1500.0,0.0,0.0,0,366.3,0.0,0,0.0,0.0,,0.0,0,0.0,0.0,,0.0,bidTooLow
2020-12-14,1500.0,-4.0,0.0,0,364.66,0.0,1,0.46,0.5,SPY201216P00355000,355.0,0,0.0,0.0,,0.0,normalDay
2020-12-15,1500.0,36.0,0.0,0,369.59,0.0,1,0.46,0.1,SPY201216P00355000,355.0,0,0.0,0.0,,0.0,normalDay
2020-12-16,1546.0,0.0,46.0,0,370.17,0.0,1,0.46,0.0,SPY201216P00355000,355.0,0,0.0,0.0,,0.0,expirationDay
2020-12-17,1546.0,-3.0,0.0,0,372.24,0.0,1,0.08,0.11,SPY201218P00356000,356.0,0,0.0,0.0,,0.0,normalDay
2020-12-18,1554.0,0.0,8.0,0,369.18,0.0,1,0.08,0.0,SPY201218P00356000,356.0,0,0.0,0.0,,0.0,expirationDay
2020-12-21,1554.0,-3.0,0.0,0,367.86,0.0,1,0.51,0.54,SPY201223P00360000,360.0,0,0.0,0.0,,0.0,normalDay
2020-12-22,1554.0,37.0,0.0,0,367.24,0.0,1,0.51,0.14,SPY201223P00360000,360.0,0,0.0,0.0,,0.0,normalDay
2020-12-23,1605.0,0.0,51.0,0,367.57,0.0,1,0.51,0.0,SPY201223P00360000,360.0,0,0.0,0.0,,0.0,expirationDay
2020-12-24,1605.0,0.0,0.0,0,369.0,0.0,0,0.0,0.0,,0.0,0,0.0,0.0,,0.0,bidTooLow
2020-12-28,1605.0,-3.0,0.0,0,372.17,0.0,1,0.08,0.11,SPY201230P00363000,363.0,0,0.0,0.0,,0.0,normalDay
2020-12-29,1605.0,0.0,0.0,0,371.46,0.0,1,0.08,0.08,SPY201230P00363000,363.0,0,0.0,0.0,,0.0,normalDay
2020-12-30,1613.0,0.0,8.0,0,371.99,0.0,1,0.08,0.0,SPY201230P00363000,363.0,0,0.0,0.0,,0.0,expirationDay
2020-12-31,1613.0,0.0,0.0,0,373.88,0.0,0,0.0,0.0,,0.0,0,0.0,0.0,,0.0,bidTooLow
2021-01-04,1613.0,-3.0,0.0,0,368.79,0.0,1,1.58,1.61,SPY210106P00365000,365.0,0,0.0,0.0,,0.0,normalDay
2021-01-05,1613.0,104.0,0.0,0,371.33,0.0,1,1.58,0.54,SPY210106P00365000,365.0,0,0.0,0.0,,0.0,normalDay
2021-01-06,1771.0,0.0,158.0,0,373.55,0.0,1,1.58,0.0,SPY210106P00365000,365.0,0,0.0,0.0,,0.0,expirationDay
2021-01-07,1771.0,-3.0,0.0,0,379.1,0.0,1,0.01,0.04,SPY210108P00363000,363.0,0,0.0,0.0,,0.0,normalDay
2021-01-08,1772.0,0.0,1.0,0,381.26,0.0,1,0.01,0.0,SPY210108P00363000,363.0,0,0.0,0.0,,0.0,expirationDay
2021-01-11,1772.0,-3.0,0.0,0,378.69,0.0,1,0.09,0.12,SPY210113P00363000,363.0,0,0.0,0.0,,0.0,normalDay
2021-01-12,1772.0,5.0,0.0,0,378.77,0.0,1,0.09,0.04,SPY210113P00363000,363.0,0,0.0,0.0,,0.0,normalDay
2021-01-13,1781.0,0.0,9.0,0,379.79,0.0,1,0.09,0.0,SPY210113P00363000,363.0,0,0.0,0.0,,0.0,expirationDay
2021-01-14,1781.0,-3.0,0.0,0,378.46,0.0,1,0.05,0.08,SPY210115P00364000,364.0,0,0.0,0.0,,0.0,normalDay
2021-01-15,1786.0,0.0,5.0,0,375.7,0.0,1,0.05,0.0,SPY210115P00364000,364.0,0,0.0,0.0,,0.0,expirationDay
2021-01-19,1786.0,-3.0,0.0,0,378.65,0.0,1,0.02,0.05,SPY210120P00364000,364.0,0,0.0,0.0,,0.0,normalDay
2021-01-20,1788.0,0.0,2.0,0,383.89,0.0,1,0.02,0.0,SPY210120P00364000,364.0,0,0.0,0.0,,0.0,expirationDay
2021-01-21,1788.0,0.0,0.0,0,384.24,0.0,0,0.0,0.0,,0.0,0,0.0,0.0,,0.0,bidTooLow
2021-01-22,1788.0,0.0,0.0,0,382.88,0.0,0,0.0,0.0,,0.0,0,0.0,0.0,,0.0,bidTooLow
2021-01-25,1788.0,-3.0,0.0,0,384.39,0.0,1,0.06,0.09,SPY210127P00367000,367.0,0,0.0,0.0,,0.0,normalDay
2021-01-26,1788.0,3.0,0.0,0,383.79,0.0,1,0.06,0.03,SPY210127P00367000,367.0,0,0.0,0.0,,0.0,normalDay
2021-01-27,1794.0,0.0,6.0,0,374.41,0.0,1,0.06,0.0,SPY210127P00367000,367.0,0,0.0,0.0,,0.0,expirationDay
2021-01-28,1794.0,-3.0,0.0,0,377.63,0.0,1,0.31,0.34,SPY210129P00369000,369.0,0,0.0,0.0,,0.0,normalDay
2021-01-29,1825.0,0.0,31.0,0,370.07,0.0,1,0.31,0.0,SPY210129P00369000,369.0,0,0.0,0.0,,0.0,expirationDay
2021-02-01,1825.0,-3.0,0.0,0,376.23,0.0,1,1.16,1.19,SPY210203P00369000,369.0,0,0.0,0.0,,0.0,normalDay
2021-02-02,1825.0,108.0,0.0,0,381.55,0.0,1,1.16,0.08,SPY210203P00369000,369.0,0,0.0,0.0,,0.0,normalDay
2021-02-03,1941.0,0.0,116.0,0,381.85,0.0,1,1.16,0.0,SPY210203P00369000,369.0,0,0.0,0.0,,0.0,expirationDay
2021-02-04,1941.0,0.0,0.0,0,386.19,0.0,0,0.0,0.0,,0.0,0,0.0,0.0,,0.0,bidTooLow
2021-02-05,1941.0,0.0,0.0,0,387.71,0.0,0,0.0,0.0,,0.0,0,0.0,0.0,,0.0,bidTooLow
2021-02-08,1941.0,-3.0,0.0,0,390.51,0.0,1,0.02,0.05,SPY210210P00371000,371.0,0,0.0,0.0,,0.0,normalDay
2021-02-09,1941.0,0.0,0.0,0,390.25,0.0,1,0.02,0.02,SPY210210P00371000,371.0,0,0.0,0.0,,0.0,normalDay
2021-02-10,1943.0,0.0,2.0,0,390.08,0.0,1,0.02,0.0,SPY210210P00371000,371.0,0,0.0,0.0,,0.0,expirationDay
2021-02-11,1943.0,0.0,0.0,0,390.71,0.0,0,0.0,0.0,,0.0,0,0.0,0.0,,0.0,bidTooLow
2021-02-12,1943.0,0.0,0.0,0,392.64,0.0,0,0.0,0.0,,0.0,0,0.0,0.0,,0.0,bidTooLow
2021-02-16,1943.0,-3.0,0.0,0,392.3,0.0,1,0.01,0.04,SPY210217P00371000,371.0,0,0.0,0.0,,0.0,normalDay
2021-02-17,1944.0,0.0,1.0,0,392.39,0.0,1,0.01,0.0,SPY210217P00371000,371.0,0,0.0,0.0,,0.0,expirationDay
2021-02-18,1944.0,-3.0,0.0,0,390.72,0.0,1,0.01,0.04,SPY210219P00372000,372.0,0,0.0,0.0,,0.0,normalDay
2021-02-19,1945.0,0.0,1.0,0,390.03,0.0,1,0.01,0.0,SPY210219P00372000,372.0,0,0.0,0.0,,0.0,expirationDay
2021-02-22,1945.0,-3.0,0.0,0,387.03,0.0,1,0.07,0.1,SPY210224P00372000,372.0,0,0.0,0.0,,0.0,normalDay
2021-02-23,1945.0,4.0,0.0,0,387.5,0.0,1,0.07,0.03,SPY210224P00372000,372.0,0,0.0,0.0,,0.0,normalDay
2021-02-24,1952.0,0.0,7.0,0,391.77,0.0,1,0.07,0.0,SPY210224P00372000,372.0,0,0.0,0.0,,0.0,expirationDay
2021-02-25,1952.0,-5.0,0.0,0,382.33,0.0,1,0.4,0.45,SPY210226P00374000,374.0,0,0.0,0.0,,0.0,normalDay
2021-02-26,1992.0,0.0,40.0,0,380.36,0.0,1,0.4,0.0,SPY210226P00374000,374.0,0,0.0,0.0,,0.0,expirationDay
2021-03-01,1992.0,-3.0,0.0,0,389.58,0.0,1,0.29,0.32,SPY210303P00378000,378.0,0,0.0,0.0,,0.0,normalDay
2021-03-02,1992.0,2.0,0.0,0,386.54,0.0,1,0.29,0.27,SPY210303P00378000,378.0,0,0.0,0.0,,0.0,normalDay
2021-03-03,2021.0,0.0,29.0,0,381.42,0.0,1,0.29,0.0,SPY210303P00378000,378.0,0,0.0,0.0,,0.0,expirationDay
2021-03-04,2021.0,-10.0,0.0,0,376.7,0.0,1,3.69,3.79,SPY210305P00379000,379.0,0,0.0,0.0,,0.0,normalDay
2021-03-05,2390.0,0.0,369.0,0,383.63,0.0,1,3.69,0.0,SPY210305P00379000,379.0,0,0.0,0.0,,0.0,expirationDay
2021-03-08,2390.0,-4.0,0.0,0,381.72,0.0,1,1.67,1.71,SPY210310P00378000,378.0,0,0.0,0.0,,0.0,normalDay
2021-03-09,2390.0,149.0,0.0,0,387.17,0.0,1,1.67,0.18,SPY210310P00378000,378.0,0,0.0,0.0,,0.0,normalDay
2021-03-10,2557.0,0.0,167.0,0,389.58,0.0,1,1.67,0.0,SPY210310P00378000,378.0,0,0.0,0.0,,0.0,expirationDay
2021-03-11,2557.0,0.0,0.0,0,393.53,0.0,0,0.0,0.0,,0.0,0,0.0,0.0,,0.0,bidTooLow
2021-03-12,2557.0,0.0,0.0,0,394.06,0.0,0,0.0,0.0,,0.0,0,0.0,0.0,,0.0,bidTooLow
2021-03-15,2557.0,-3.0,0.0,0,396.41,0.0,1,0.02,0.05,SPY210317P00377000,377.0,0,0.0,0.0,,0.0,normalDay
2021-03-16,2557.0,-2.0,0.0,0,395.91,0.0,1,0.02,0.04,SPY210317P00377000,377.0,0,0.0,0.0,,0.0,normalDay
2021-03-17,2559.0,0.0,2.0,0,397.26,0.0,1,0.02,0.0,SPY210317P00377000,377.0,0,0.0,0.0,,0.0,expirationDay
2021-03-18,2559.0,-3.0,0.0,0,391.48,0.0,1,0.12,0.15,SPY210319P00377000,377.0,0,0.0,0.0,,0.0,normalDay
2021-03-19,2571.0,0.0,12.0,0,389.48,0.0,1,0.12,0.0,SPY210319P00377000,377.0,0,0.0,0.0,,0.0,expirationDay
2021-03-22,2571.0,-3.0,0.0,0,392.59,0.0,1,0.01,0.04,SPY210324P00377000,377.0,0,0.0,0.0,,0.0,normalDay
2021-03-23,2571.0,-3.0,0.0,0,389.5,0.0,1,0.01,0.04,SPY210324P00377000,377.0,0,0.0,0.0,,0.0,normalDay
2021-03-24,2572.0,0.0,1.0,0,387.52,0.0,1,0.01,0.0,SPY210324P00377000,377.0,0,0.0,0.0,,0.0,expirationDay
2021-03-25,2572.0,-3.0,0.0,0,389.7,0.0,1,0.01,0.04,SPY210326P00377500,377.5,0,0.0,0.0,,0.0,normalDay
2021-03-26,2573.0,0.0,1.0,0,395.98,0.0,1,0.01,0.0,SPY210326P00377500,377.5,0,0.0,0.0,,0.0,expirationDay
2021-03-29,2573.0,-3.0,0.0,0,395.78,0.0,1,0.06,0.09,SPY210331P00378000,378.0,0,0.0,0.0,,0.0,normalDay
2021-03-30,2573.0,3.0,0.0,0,394.73,0.0,1,0.06,0.03,SPY210331P00378000,378.0,0,0.0,0.0,,0.0,normalDay
2021-03-31,2579.0,0.0,6.0,0,396.33,0.0,1,0.06,0.0,SPY210331P00378000,378.0,0,0.0,0.0,,0.0,expirationDay
2021-04-01,2579.0,0.0,0.0,0,400.61,0.0,0,0.0,0.0,,0.0,0,0.0,0.0,,0.0,bidTooLow
2021-04-05,2579.0,-3.0,0.0,0,406.36,0.0,1,0.01,0.04,SPY210407P00384000,384.0,0,0.0,0.0,,0.0,normalDay
2021-04-06,2579.0,-1.0,0.0,0,406.12,0.0,1,0.01,0.02,SPY210407P00384000,384.0,0,0.0,0.0,,0.0,normalDay
2021-04-07,2580.0,0.0,1.0,0,406.59,0.0,1,0.01,0.0,SPY210407P00384000,384.0,0,0.0,0.0,,0.0,expirationDay
2021-04-08,2580.0,0.0,0.0,0,408.52,0.0,0,0.0,0.0,,0.0,0,0.0,0.0,,0.0,bidTooLow
2021-04-09,2580.0,0.0,0.0,0,411.49,0.0,0,0.0,0.0,,0.0,0,0.0,0.0,,0.0,bidTooLow
2021-04-12,2580.0,0.0,0.0,0,411.64,0.0,0,0.0,0.0,,0.0,0,0.0,0.0,,0.0,bidTooLow
2021-04-13,2580.0,0.0,0.0,0,412.86,0.0,0,0.0,0.0,,0.0,0,0.0,0.0,,0.0,bidTooLow
2021-04-14,2580.0,0.0,0.0,0,411.45,0.0,0,0.0,0.0,,0.0,0,0.0,0.0,,0.0,bidTooLow
2021-04-15,2580.0,0.0,0.0,0,415.87,0.0,0,0.0,0.0,,0.0,0,0.0,0.0,,0.0,bidTooLow
2021-04-16,2580.0,0.0,0.0,0,417.26,0.0,0,0.0,0.0,,0.0,0,0.0,0.0,,0.0,bidTooLow
2021-04-19,2580.0,0.0,0.0,0,415.21,0.0,0,0.0,0.0,,0.0,0,0.0,0.0,,0.0,bidTooLow
2021-04-20,2580.0,0.0,0.0,0,412.17,0.0,0,0.0,0.0,,0.0,0,0.0,0.0,,0.0,bidTooLow
2021-04-21,2580.0,0.0,0.0,0,416.07,0.0,0,0.0,0.0,,0.0,0,0.0,0.0,,0.0,bidTooLow
2021-04-22,2580.0,0.0,0.0,0,412.27,0.0,0,0.0,0.0,,0.0,0,0.0,0.0,,0.0,bidTooLow
2021-04-23,2580.0,0.0,0.0,0,416.74,0.0,0,0.0,0.0,,0.0,0,0.0,0.0,,0.0,bidTooLow
2021-04-26,2580.0,0.0,0.0,0,417.61,0.0,0,0.0,0.0,,0.0,0,0.0,0.0,,0.0,bidTooLow
2021-04-27,2580.0,0.0,0.0,0,417.52,0.0,0,0.0,0.0,,0.0,0,0.0,0.0,,0.0,bidTooLow
2021-04-28,2580.0,0.0,0.0,0,417.4,0.0,0,0.0,0.0,,0.0,0,0.0,0.0,,0.0,bidTooLow
2021-04-29,2580.0,0.0,0.0,0,420.06,0.0,0,0.0,0.0,,0.0,0,0.0,0.0,,0.0,bidTooLow
2021-04-30,2580.0,0.0,0.0,0,417.3,0.0,0,0.0,0.0,,0.0,0,0.0,0.0,,0.0,bidTooLow
2021-05-03,2580.0,-3.0,0.0,0,418.2,0.0,1,0.05,0.08,SPY210505P00406000,406.0,0,0.0,0.0,,0.0,normalDay
2021-05-04,2580.0,-1.0,0.0,0,415.62,0.0,1,0.05,0.06,SPY210505P00406000,406.0,0,0.0,0.0,,0.0,normalDay
2021-05-05,2585.0,0.0,5.0,0,415.75,0.0,1,0.05,0.0,SPY210505P00406000,406.0,0,0.0,0.0,,0.0,expirationDay
2021-05-06,2585.0,-3.0,0.0,0,419.07,0.0,1,0.04,0.07,SPY210507P00410000,410.0,0,0.0,0.0,,0.0,normalDay
2021-05-07,2589.0,0.0,4.0,0,422.12,0.0,1,0.04,0.0,SPY210507P00410000,410.0,0,0.0,0.0,,0.0,expirationDay
2021-05-10,2589.0,-3.0,0.0,0,417.94,0.0,1,0.53,0.56,SPY210512P00411000,411.0,0,0.0,0.0,,0.0,normalDay
2021-05-11,2589.0,-29.0,0.0,0,414.21,0.0,1,0.53,0.82,SPY210512P00411000,411.0,0,0.0,0.0,,0.0,normalDay
2021-05-12,2642.0,-559.0,53.0,100,405.41,411.0,1,0.53,0.0,SPY210512P00411000,411.0,0,0.0,0.0,,0.0,expirationDay
2021-05-13,2642.0,-77.0,0.0,100,410.28,411.0,0,0.0,0.0,,0.0,1,2.57,2.62,SPY210524C00415000,415.0,normalDay
2021-05-14,2642.0,310.0,0.0,100,416.58,411.0,0,0.0,0.0,,0.0,1,2.57,5.05,SPY210524C00415000,415.0,normalDay
2021-05-17,2642.0,332.0,0.0,100,415.52,411.0,0,0.0,0.0,,0.0,1,2.57,3.77,SPY210524C00415000,415.0,normalDay
2021-05-18,2642.0,164.0,0.0,100,411.94,411.0,0,0.0,0.0,,0.0,1,2.57,1.87,SPY210524C00415000,415.0,normalDay
2021-05-19,2642.0,138.0,0.0,100,410.86,411.0,0,0.0,0.0,,0.0,1,2.57,1.05,SPY210524C00415000,415.0,normalDay
2021-05-20,2642.0,468.0,0.0,100,415.28,411.0,0,0.0,0.0,,0.0,1,2.57,2.17,SPY210524C00415000,415.0,normalDay
2021-05-21,2642.0,489.0,0.0,100,414.94,411.0,0,0.0,0.0,,0.0,1,2.57,1.62,SPY210524C00415000,415.0,normalDay
2021-05-24,3299.0,489.0,657.0,0,419.17,0.0,0,0.0,0.0,,0.0,1,2.57,0.0,SPY210524C00415000,415.0,expirationDay
2021-05-25,3299.0,-3.0,0.0,0,418.24,0.0,1,0.02,0.05,SPY210526P00408000,408.0,0,0.0,0.0,,0.0,normalDay
2021-05-26,3301.0,0.0,2.0,0,419.07,0.0,1,0.02,0.0,SPY210526P00408000,408.0,0,0.0,0.0,,0.0,expirationDay
2021-05-27,3301.0,-3.0,0.0,0,419.29,0.0,1,0.01,0.04,SPY210528P00408000,408.0,0,0.0,0.0,,0.0,normalDay
2021-05-28,3302.0,0.0,1.0,0,420.04,0.0,1,0.01,0.0,SPY210528P00408000,408.0,0,0.0,0.0,,0.0,expirationDay
2021-06-01,3302.0,0.0,0.0,0,419.67,0.0,0,0.0,0.0,,0.0,0,0.0,0.0,,0.0,bidTooLow
2021-06-02,3302.0,-3.0,0.0,0,420.33,0.0,1,0.02,0.05,SPY210604P00408000,408.0,0,0.0,0.0,,0.0,normalDay
2021-06-03,3302.0,-3.0,0.0,0,418.77,0.0,1,0.02,0.05,SPY210604P00408000,408.0,0,0.0,0.0,,0.0,normalDay
2021-06-04,3304.0,0.0,2.0,0,422.6,0.0,1,0.02,0.0,SPY210604P00408000,408.0,0,0.0,0.0,,0.0,expirationDay
2021-06-07,3304.0,-3.0,0.0,0,422.19,0.0,1,0.02,0.05,SPY210609P00408000,408.0,0,0.0,0.0,,0.0,normalDay
2021-06-08,3304.0,-1.0,0.0,0,422.28,0.0,1,0.02,0.03,SPY210609P00408000,408.0,0,0.0,0.0,,0.0,normalDay
2021-06-09,3306.0,0.0,2.0,0,421.65,0.0,1,0.02,0.0,SPY210609P00408000,408.0,0,0.0,0.0,,0.0,expirationDay
2021-06-10,3306.0,0.0,0.0,0,423.61,0.0,0,0.0,0.0,,0.0,0,0.0,0.0,,0.0,bidTooLow
2021-06-11,3306.0,0.0,0.0,0,424.31,0.0,0,0.0,0.0,,0.0,0,0.0,0.0,,0.0,bidTooLow
2021-06-14,3306.0,-3.0,0.0,0,425.26,0.0,1,0.05,0.08,SPY210616P00411000,411.0,0,0.0,0.0,,0.0,normalDay
2021-06-15,3306.0,-5.0,0.0,0,424.48,0.0,1,0.05,0.1,SPY210616P00411000,411.0,0,0.0,0.0,,0.0,normalDay
2021-06-16,3311.0,0.0,5.0,0,422.11,0.0,1,0.05,0.0,SPY210616P00411000,411.0,0,0.0,0.0,,0.0,expirationDay
2021-06-17,3311.0,-3.0,0.0,0,421.97,0.0,1,0.29,0.32,SPY210618P00415000,415.0,0,0.0,0.0,,0.0,normalDay
2021-06-18,3340.0,-8.0,29.0,100,414.92,415.0,1,0.29,0.0,SPY210618P00415000,415.0,0,0.0,0.0,,0.0,expirationDay
2021-06-21,3340.0,582.0,0.0,100,420.86,415.0,0,0.0,0.0,,0.0,1,3.71,3.75,SPY210702C00421000,421.0,normalDay
2021-06-22,3340.0,749.0,0.0,100,423.11,415.0,0,0.0,0.0,,0.0,1,3.71,4.33,SPY210702C00421000,421.0,normalDay
2021-06-23,3340.0,736.0,0.0,100,422.6,415.0,0,0.0,0.0,,0.0,1,3.71,3.95,SPY210702C00421000,421.0,normalDay
2021-06-24,3340.0,836.0,0.0,100,425.1,415.0,0,0.0,0.0,,0.0,1,3.71,5.45,SPY210702C00421000,421.0,normalDay
2021-06-25,3340.0,891.0,0.0,100,426.61,415.0,0,0.0,0.0,,0.0,1,3.71,6.41,SPY210702C00421000,421.0,normalDay
2021-06-28,3340.0,939.0,0.0,100,427.47,415.0,0,0.0,0.0,,0.0,1,3.71,6.79,SPY210702C00421000,421.0,normalDay
2021-06-29,3340.0,919.0,0.0,100,427.7,415.0,0,0.0,0.0,,0.0,1,3.71,7.22,SPY210702C00421000,421.0,normalDay
2021-06-30,3340.0,902.0,0.0,100,428.06,415.0,0,0.0,0.0,,0.0,1,3.71,7.75,SPY210702C00421000,421.0,normalDay
2021-07-01,3340.0,969.0,0.0,100,430.43,415.0,0,0.0,0.0,,0.0,1,3.71,9.45,SPY210702C00421000,421.0,normalDay
2021-07-02,4311.0,969.0,971.0,0,433.72,0.0,0,0.0,0.0,,0.0,1,3.71,0.0,SPY210702C00421000,421.0,expirationDay
2021-07-06,4311.0,0.0,0.0,0,432.93,0.0,0,0.0,0.0,,0.0,0,0.0,0.0,,0.0,bidTooLow
2021-07-07,4311.0,0.0,0.0,0,434.46,0.0,0,0.0,0.0,,0.0,0,0.0,0.0,,0.0,bidTooLow
2021-07-08,4311.0,0.0,0.0,0,430.92,0.0,0,0.0,0.0,,0.0,0,0.0,0.0,,0.0,bidTooLow
2021-07-09,4311.0,0.0,0.0,0,435.52,0.0,0,0.0,0.0,,0.0,0,0.0,0.0,,0.0,bidTooLow
2021-07-12,4311.0,-3.0,0.0,0,437.08,0.0,1,0.01,0.04,SPY210714P00416000,416.0,0,0.0,0.0,,0.0,normalDay
2021-07-13,4311.0,-3.0,0.0,0,435.59,0.0,1,0.01,0.04,SPY210714P00416000,416.0,0,0.0,0.0,,0.0,normalDay
2021-07-14,4312.0,0.0,1.0,0,436.24,0.0,1,0.01,0.0,SPY210714P00416000,416.0,0,0.0,0.0,,0.0,expirationDay
2021-07-15,4312.0,-3.0,0.0,0,434.75,0.0,1,0.01,0.04,SPY210716P00417000,417.0,0,0.0,0.0,,0.0,normalDay
2021-07-16,4313.0,0.0,1.0,0,431.34,0.0,1,0.01,0.0,SPY210716P00417000,417.0,0,0.0,0.0,,0.0,expirationDay
2021-07-19,4313.0,-4.0,0.0,0,424.97,0.0,1,1.16,1.2,SPY210721P00420000,420.0,0,0.0,0.0,,0.0,normalDay
2021-07-20,4313.0,110.0,0.0,0,431.06,0.0,1,1.16,0.06,SPY210721P00420000,420.0,0,0.0,0.0,,0.0,normalDay
2021-07-21,4429.0,0.0,116.0,0,434.55,0.0,1,1.16,0.0,SPY210721P00420000,420.0,0,0.0,0.0,,0.0,expirationDay
2021-07-22,4429.0,0.0,0.0,0,435.46,0.0,0,0.0,0.0,,0.0,0,0.0,0.0,,0.0,bidTooLow
2021-07-23,4429.0,0.0,0.0,0,439.94,0.0,0,0.0,0.0,,0.0,0,0.0,0.0,,0.0,bidTooLow
2021-07-26,4429.0,-3.0,0.0,0,441.02,0.0,1,0.01,0.04,SPY210728P00425000,425.0,0,0.0,0.0,,0.0,normalDay
2021-07-27,4429.0,-3.0,0.0,0,439.01,0.0,1,0.01,0.04,SPY210728P00425000,425.0,0,0.0,0.0,,0.0,normalDay
2021-07-28,4430.0,0.0,1.0,0,438.83,0.0,1,0.01,0.0,SPY210728P00425000,425.0,0,0.0,0.0,,0.0,expirationDay
2021-07-29,4430.0,0.0,0.0,0,440.65,0.0,0,0.0,0.0,,0.0,0,0.0,0.0,,0.0,bidTooLow
2021-07-30,4430.0,0.0,0.0,0,438.51,0.0,0,0.0,0.0,,0.0,0,0.0,0.0,,0.0,bidTooLow
2021-08-02,4430.0,-3.0,0.0,0,437.59,0.0,1,0.15,0.18,SPY210804P00428000,428.0,0,0.0,0.0,,0.0,normalDay
2021-08-03,4430.0,13.0,0.0,0,441.15,0.0,1,0.15,0.02,SPY210804P00428000,428.0,0,0.0,0.0,,0.0,normalDay
2021-08-04,4445.0,0.0,15.0,0,438.98,0.0,1,0.15,0.0,SPY210804P00428000,428.0,0,0.0,0.0,,0.0,expirationDay
2021-08-05,4445.0,0.0,0.0,0,441.76,0.0,0,0.0,0.0,,0.0,0,0.0,0.0,,0.0,bidTooLow
2021-08-06,4445.0,0.0,0.0,0,442.49,0.0,0,0.0,0.0,,0.0,0,0.0,0.0,,0.0,bidTooLow
2021-08-09,4445.0,-3.0,0.0,0,442.13,0.0,1,0.01,0.04,SPY210811P00428000,428.0,0,0.0,0.0,,0.0,normalDay
2021-08-10,4445.0,-2.0,0.0,0,442.68,0.0,1,0.01,0.03,SPY210811P00428000,428.0,0,0.0,0.0,,0.0,normalDay
2021-08-11,4446.0,0.0,1.0,0,443.78,0.0,1,0.01,0.0,SPY210811P00428000,428.0,0,0.0,0.0,,0.0,expirationDay
2021-08-12,4446.0,-3.0,0.0,0,445.11,0.0,1,0.01,0.04,SPY210813P00429000,429.0,0,0.0,0.0,,0.0,normalDay
2021-08-13,4447.0,0.0,1.0,0,445.92,0.0,1,0.01,0.0,SPY210813P00429000,429.0,0,0.0,0.0,,0.0,expirationDay
2021-08-16,4447.0,-3.0,0.0,0,446.97,0.0,1,0.04,0.07,SPY210818P00433000,433.0,0,0.0,0.0,,0.0,normalDay
2021-08-17,4447.0,-4.0,0.0,0,444.04,0.0,1,0.04,0.08,SPY210818P00433000,433.0,0,0.0,0.0,,0.0,normalDay
2021-08-18,4451.0,0.0,4.0,0,439.18,0.0,1,0.04,0.0,SPY210818P00433000,433.0,0,0.0,0.0,,0.0,expirationDay
2021-08-19,4451.0,-4.0,0.0,0,439.86,0.0,1,0.6,0.64,SPY210820P00436000,436.0,0,0.0,0.0,,0.0,normalDay
2021-08-20,4511.0,0.0,60.0,0,443.36,0.0,1,0.6,0.0,SPY210820P00436000,436.0,0,0.0,0.0,,0.0,expirationDay
2021-08-23,4511.0,-3.0,0.0,0,447.26,0.0,1,0.04,0.07,SPY210825P00436000,436.0,0,0.0,0.0,,0.0,normalDay
2021-08-24,4511.0,0.0,0.0,0,447.97,0.0,1,0.04,0.04,SPY210825P00436000,436.0,0,0.0,0.0,,0.0,normalDay
2021-08-25,4515.0,0.0,4.0,0,448.91,0.0,1,0.04,0.0,SPY210825P00436000,436.0,0,0.0,0.0,,0.0,expirationDay
2021-08-26,4515.0,-3.0,0.0,0,446.26,0.0,1,0.06,0.09,SPY210827P00436000,436.0,0,0.0,0.0,,0.0,normalDay
2021-08-27,4521.0,0.0,6.0,0,450.25,0.0,1,0.06,0.0,SPY210827P00436000,436.0,0,0.0,0.0,,0.0,expirationDay
2021-08-30,4521.0,-3.0,0.0,0,452.23,0.0,1,0.02,0.05,SPY210901P00437000,437.0,0,0.0,0.0,,0.0,normalDay
2021-08-31,4521.0,-2.0,0.0,0,451.56,0.0,1,0.02,0.04,SPY210901P00437000,437.0,0,0.0,0.0,,0.0,normalDay
2021-09-01,4523.0,0.0,2.0,0,451.8,0.0,1,0.02,0.0,SPY210901P00437000,437.0,0,0.0,0.0,,0.0,expirationDay
2021-09-02,4523.0,0.0,0.0,0,453.19,0.0,0,0.0,0.0,,0.0,0,0.0,0.0,,0.0,bidTooLow
2021-09-03,4523.0,0.0,0.0,0,453.08,0.0,0,0.0,0.0,,0.0,0,0.0,0.0,,0.0,bidTooLow
2021-09-07,4523.0,0.0,0.0,0,451.46,0.0,0,0.0,0.0,,0.0,0,0.0,0.0,,0.0,bidTooLow
2021-09-08,4523.0,-3.0,0.0,0,450.91,0.0,1,0.07,0.1,SPY210910P00439000,439.0,0,0.0,0.0,,0.0,normalDay
2021-09-09,4523.0,0.0,0.0,0,448.98,0.0,1,0.07,0.07,SPY210910P00439000,439.0,0,0.0,0.0,,0.0,normalDay
2021-09-10,4530.0,0.0,7.0,0,445.44,0.0,1,0.07,0.0,SPY210910P00439000,439.0,0,0.0,0.0,,0.0,expirationDay
2021-09-13,4530.0,-3.0,0.0,0,446.58,0.0,1,0.59,0.62,SPY210915P00440000,440.0,0,0.0,0.0,,0.0,normalDay
2021-09-14,4530.0,20.0,0.0,0,444.17,0.0,1,0.59,0.39,SPY210915P00440000,440.0,0,0.0,0.0,,0.0,normalDay
2021-09-15,4589.0,0.0,59.0,0,447.88,0.0,1,0.59,0.0,SPY210915P00440000,440.0,0,0.0,0.0,,0.0,expirationDay
2021-09-16,4589.0,-3.0,0.0,0,447.17,0.0,1,0.24,0.27,SPY210917P00441000,441.0,0,0.0,0.0,,0.0,normalDay
2021-09-17,4613.0,0.0,24.0,0,441.4,0.0,1,0.24,0.0,SPY210917P00441000,441.0,0,0.0,0.0,,0.0,expirationDay
2021-09-20,4613.0,-20.0,0.0,0,434.04,0.0,1,5.98,6.18,SPY210922P00439000,439.0,0,0.0,0.0,,0.0,normalDay
2021-09-21,4613.0,4.0,0.0,0,433.63,0.0,1,5.98,5.94,SPY210922P00439000,439.0,0,0.0,0.0,,0.0,normalDay
2021-09-22,5211.0,-114.0,598.0,100,437.86,439.0,1,5.98,0.0,SPY210922P00439000,439.0,0,0.0,0.0,,0.0,expirationDay
2021-09-23,5211.0,413.0,0.0,100,443.18,439.0,0,0.0,0.0,,0.0,1,2.8,2.85,SPY211004C00445000,445.0,normalDay
2021-09-24,5211.0,505.0,0.0,100,443.91,439.0,0,0.0,0.0,,0.0,1,2.8,2.66,SPY211004C00445000,445.0,normalDay
2021-09-27,5211.0,495.0,0.0,100,442.64,439.0,0,0.0,0.0,,0.0,1,2.8,1.49,SPY211004C00445000,445.0,normalDay
2021-09-28,5211.0,-284.0,0.0,100,433.72,439.0,0,0.0,0.0,,0.0,1,2.8,0.36,SPY211004C00445000,445.0,normalDay
2021-09-29,5211.0,-194.0,0.0,100,434.45,439.0,0,0.0,0.0,,0.0,1,2.8,0.19,SPY211004C00445000,445.0,normalDay
2021-09-30,5211.0,-712.0,0.0,100,429.14,439.0,0,0.0,0.0,,0.0,1,2.8,0.06,SPY211004C00445000,445.0,normalDay
2021-10-01,5211.0,-201.0,0.0,100,434.24,439.0,0,0.0,0.0,,0.0,1,2.8,0.05,SPY211004C00445000,445.0,normalDay
2021-10-04,5491.0,-1036.0,280.0,100,428.64,439.0,0,0.0,0.0,,0.0,1,2.8,0.0,SPY211004C00445000,445.0,expirationDay
2021-10-05,5491.0,-593.0,0.0,100,433.1,439.0,0,0.0,0.0,,0.0,1,2.24,2.27,SPY211015C00439000,439.0,normalDay
2021-10-06,5491.0,-452.0,0.0,100,434.9,439.0,0,0.0,0.0,,0.0,1,2.24,2.66,SPY211015C00439000,439.0,normalDay
2021-10-07,5491.0,-206.0,0.0,100,438.66,439.0,0,0.0,0.0,,0.0,1,2.24,3.96,SPY211015C00439000,439.0,normalDay
2021-10-08,5491.0,-165.0,0.0,100,437.86,439.0,0,0.0,0.0,,0.0,1,2.24,2.75,SPY211015C00439000,439.0,normalDay
2021-10-11,5491.0,-342.0,0.0,100,434.69,439.0,0,0.0,0.0,,0.0,1,2.24,1.35,SPY211015C00439000,439.0,normalDay
2021-10-12,5491.0,-372.0,0.0,100,433.62,439.0,0,0.0,0.0,,0.0,1,2.24,0.58,SPY211015C00439000,439.0,normalDay
2021-10-13,5491.0,-216.0,0.0,100,435.18,439.0,0,0.0,0.0,,0.0,1,2.24,0.58,SPY211015C00439000,439.0,normalDay
2021-10-14,5491.0,184.0,0.0,100,442.5,439.0,0,0.0,0.0,,0.0,1,2.24,3.9,SPY211015C00439000,439.0,normalDay
2021-10-15,5715.0,184.0,224.0,0,445.87,0.0,0,0.0,0.0,,0.0,1,2.24,0.0,SPY211015C00439000,439.0,expirationDay
2021-10-18,5715.0,0.0,0.0,0,447.19,0.0,0,0.0,0.0,,0.0,0,0.0,0.0,,0.0,bidTooLow
2021-10-19,5715.0,0.0,0.0,0,450.64,0.0,0,0.0,0.0,,0.0,0,0.0,0.0,,0.0,bidTooLow
2021-10-20,5715.0,0.0,0.0,0,452.41,0.0,0,0.0,0.0,,0.0,0,0.0,0.0,,0.0,bidTooLow
2021-10-21,5715.0,0.0,0.0,0,453.59,0.0,0,0.0,0.0,,0.0,0,0.0,0.0,,0.0,bidTooLow
2021-10-22,5715.0,0.0,0.0,0,453.12,0.0,0,0.0,0.0,,0.0,0,0.0,0.0,,0.0,bidTooLow
2021-10-25,5715.0,0.0,0.0,0,455.55,0.0,0,0.0,0.0,,0.0,0,0.0,0.0,,0.0,bidTooLow
2021-10-26,5715.0,0.0,0.0,0,455.96,0.0,0,0.0,0.0,,0.0,0,0.0,0.0,,0.0,bidTooLow
2021-10-27,5715.0,0.0,0.0,0,453.94,0.0,0,0.0,0.0,,0.0,0,0.0,0.0,,0.0,bidTooLow
2021-10-28,5715.0,0.0,0.0,0,458.32,0.0,0,0.0,0.0,,0.0,0,0.0,0.0,,0.0,bidTooLow
2021-10-29,5715.0,0.0,0.0,0,459.25,0.0,0,0.0,0.0,,0.0,0,0.0,0.0,,0.0,bidTooLow
2021-11-01,5715.0,0.0,0.0,0,460.04,0.0,0,0.0,0.0,,0.0,0,0.0,0.0,,0.0,bidTooLow
2021-11-02,5715.0,0.0,0.0,0,461.9,0.0,0,0.0,0.0,,0.0,0,0.0,0.0,,0.0,bidTooLow
2021-11-03,5715.0,0.0,0.0,0,464.72,0.0,0,0.0,0.0,,0.0,0,0.0,0.0,,0.0,bidTooLow
2021-11-04,5715.0,0.0,0.0,0,466.91,0.0,0,0.0,0.0,,0.0,0,0.0,0.0,,0.0,bidTooLow
2021-11-05,5715.0,0.0,0.0,0,468.53,0.0,0,0.0,0.0,,0.0,0,0.0,0.0,,0.0,bidTooLow
2021-11-08,5715.0,0.0,0.0,0,468.93,0.0,0,0.0,0.0,,0.0,0,0.0,0.0,,0.0,bidTooLow
2021-11-09,5715.0,0.0,0.0,0,467.38,0.0,0,0.0,0.0,,0.0,0,0.0,0.0,,0.0,bidTooLow
2021-11-10,5715.0,-3.0,0.0,0,463.62,0.0,1,0.02,0.05,SPY211112P00442000,442.0,0,0.0,0.0,,0.0,normalDay
2021-11-11,5715.0,0.0,0.0,0,463.77,0.0,1,0.02,0.02,SPY211112P00442000,442.0,0,0.0,0.0,,0.0,normalDay
2021-11-12,5717.0,0.0,2.0,0,467.27,0.0,1,0.02,0.0,SPY211112P00442000,442.0,0,0.0,0.0,,0.0,expirationDay
2021-11-15,5717.0,-3.0,0.0,0,467.43,0.0,1,0.01,0.04,SPY211117P00448000,448.0,0,0.0,0.0,,0.0,normalDay
2021-11-16,5717.0,-1.0,0.0,0,469.28,0.0,1,0.01,0.02,SPY211117P00448000,448.0,0,0.0,0.0,,0.0,normalDay
2021-11-17,5718.0,0.0,1.0,0,468.14,0.0,1,0.01,0.0,SPY211117P00448000,448.0,0,0.0,0.0,,0.0,expirationDay
2021-11-18,5718.0,-3.0,0.0,0,469.73,0.0,1,0.01,0.04,SPY211119P00452000,452.0,0,0.0,0.0,,0.0,normalDay
2021-11-19,5719.0,0.0,1.0,0,468.89,0.0,1,0.01,0.0,SPY211119P00452000,452.0,0,0.0,0.0,,0.0,expirationDay
2021-11-22,5719.0,-3.0,0.0,0,467.57,0.0,1,0.12,0.15,SPY211124P00455000,455.0,0,0.0,0.0,,0.0,normalDay
2021-11-23,5719.0,7.0,0.0,0,468.19,0.0,1,0.12,0.05,SPY211124P00455000,455.0,0,0.0,0.0,,0.0,normalDay
2021-11-24,5731.0,0.0,12.0,0,469.44,0.0,1,0.12,0.0,SPY211124P00455000,455.0,0,0.0,0.0,,0.0,expirationDay
2021-11-26,5834.0,-3.0,103.0,100,458.97,459.0,1,1.03,0.0,SPY211126P00459000,459.0,0,0.0,0.0,,0.0,expirationDay
2021-11-29,5834.0,556.0,0.0,100,464.6,459.0,0,0.0,0.0,,0.0,1,4.64,4.68,SPY211210C00466000,466.0,normalDay
2021-11-30,5834.0,-126.0,0.0,100,455.56,459.0,0,0.0,0.0,,0.0,1,4.64,2.46,SPY211210C00466000,466.0,normalDay
2021-12-01,5834.0,-509.0,0.0,100,450.5,459.0,0,0.0,0.0,,0.0,1,4.64,1.23,SPY211210C00466000,466.0,normalDay
2021-12-02,5834.0,110.0,0.0,100,457.4,459.0,0,0.0,0.0,,0.0,1,4.64,1.94,SPY211210C00466000,466.0,normalDay
2021-12-03,5834.0,-185.0,0.0,100,453.42,459.0,0,0.0,0.0,,0.0,1,4.64,0.91,SPY211210C00466000,466.0,normalDay
2021-12-06,5834.0,333.0,0.0,100,458.79,459.0,0,0.0,0.0,,0.0,1,4.64,1.1,SPY211210C00466000,466.0,normalDay
2021-12-07,5834.0,957.0,0.0,100,468.28,459.0,0,0.0,0.0,,0.0,1,4.64,4.35,SPY211210C00466000,466.0,normalDay
2021-12-08,5834.0,1085.0,0.0,100,469.52,459.0,0,0.0,0.0,,0.0,1,4.64,4.31,SPY211210C00466000,466.0,normalDay
2021-12-09,5834.0,1017.0,0.0,100,466.35,459.0,0,0.0,0.0,,0.0,1,4.64,1.82,SPY211210C00466000,466.0,normalDay
2021-12-10,6998.0,1017.0,1164.0,0,470.74,0.0,0,0.0,0.0,,0.0,1,4.64,0.0,SPY211210C00466000,466.0,expirationDay
2021-12-13,6998.0,-3.0,0.0,0,466.57,0.0,1,0.13,0.16,SPY211215P00452000,452.0,0,0.0,0.0,,0.0,normalDay
2021-12-14,6998.0,0.0,0.0,0,463.36,0.0,1,0.13,0.13,SPY211215P00452000,452.0,0,0.0,0.0,,0.0,normalDay
2021-12-15,7011.0,0.0,13.0,0,470.6,0.0,1,0.13,0.0,SPY211215P00452000,452.0,0,0.0,0.0,,0.0,expirationDay
2021-12-16,7011.0,-3.0,0.0,0,466.45,0.0,1,0.11,0.14,SPY211217P00452000,452.0,0,0.0,0.0,,0.0,normalDay
2021-12-17,7022.0,0.0,11.0,0,459.87,0.0,1,0.11,0.0,SPY211217P00452000,452.0,0,0.0,0.0,,0.0,expirationDay
2021-12-20,7022.0,-4.0,0.0,0,454.98,0.0,1,1.23,1.27,SPY211222P00450000,450.0,0,0.0,0.0,,0.0,normalDay
2021-12-21,7022.0,118.0,0.0,0,463.06,0.0,1,1.23,0.05,SPY211222P00450000,450.0,0,0.0,0.0,,0.0,normalDay
2021-12-22,7145.0,0.0,123.0,0,467.69,0.0,1,1.23,0.0,SPY211222P00450000,450.0,0,0.0,0.0,,0.0,expirationDay
2021-12-23,7145.0,0.0,0.0,0,470.6,0.0,0,0.0,0.0,,0.0,0,0.0,0.0,,0.0,bidTooLow
2021-12-27,7145.0,0.0,0.0,0,477.26,0.0,0,0.0,0.0,,0.0,0,0.0,0.0,,0.0,bidTooLow
2021-12-28,7145.0,0.0,0.0,0,476.87,0.0,0,0.0,0.0,,0.0,0,0.0,0.0,,0.0,bidTooLow
2021-12-29,7145.0,0.0,0.0,0,477.48,0.0,0,0.0,0.0,,0.0,0,0.0,0.0,,0.0,bidTooLow
2021-12-30,7145.0,0.0,0.0,0,476.16,0.0,0,0.0,0.0,,0.0,0,0.0,0.0,,0.0,bidTooLow
2021-12-31,7145.0,0.0,0.0,0,474.96,0.0,0,0.0,0.0,,0.0,0,0.0,0.0,,0.0,bidTooLow
2022-01-03,7145.0,0.0,0.0,0,477.71,0.0,0,0.0,0.0,,0.0,0,0.0,0.0,,0.0,bidTooLow
2022-01-04,7145.0,0.0,0.0,0,477.55,0.0,0,0.0,0.0,,0.0,0,0.0,0.0,,0.0,bidTooLow
2022-01-05,7145.0,-3.0,0.0,0,468.38,0.0,1,0.25,0.28,SPY220107P00457000,457.0,0,0.0,0.0,,0.0,normalDay
2022-01-06,7145.0,19.0,0.0,0,467.94,0.0,1,0.25,0.06,SPY220107P00457000,457.0,0,0.0,0.0,,0.0,normalDay
2022-01-07,7170.0,0.0,25.0,0,466.09,0.0,1,0.25,0.0,SPY220107P00457000,457.0,0,0.0,0.0,,0.0,expirationDay
2022-01-10,7170.0,-3.0,0.0,0,465.51,0.0,1,0.4,0.43,SPY220112P00456000,456.0,0,0.0,0.0,,0.0,normalDay
2022-01-11,7170.0,34.0,0.0,0,469.75,0.0,1,0.4,0.06,SPY220112P00456000,456.0,0,0.0,0.0,,0.0,normalDay
2022-01-12,7210.0,0.0,40.0,0,471.02,0.0,1,0.4,0.0,SPY220112P00456000,456.0,0,0.0,0.0,,0.0,expirationDay
2022-01-13,7210.0,-3.0,0.0,0,464.53,0.0,1,0.29,0.32,SPY220114P00457000,457.0,0,0.0,0.0,,0.0,normalDay
2022-01-14,7239.0,0.0,29.0,0,464.72,0.0,1,0.29,0.0,SPY220114P00457000,457.0,0,0.0,0.0,,0.0,expirationDay
2022-01-18,7239.0,-4.0,0.0,0,456.49,0.0,1,2.22,2.26,SPY220119P00456000,456.0,0,0.0,0.0,,0.0,normalDay
2022-01-19,7461.0,-425.0,222.0,100,451.75,456.0,1,2.22,0.0,SPY220119P00456000,456.0,0,0.0,0.0,,0.0,expirationDay
2022-01-20,7461.0,-928.0,0.0,100,446.75,456.0,0,0.0,0.0,,0.0,1,0.38,0.41,SPY220131C00466000,466.0,normalDay
2022-01-21,7461.0,-1785.0,0.0,100,437.98,456.0,0,0.0,0.0,,0.0,1,0.38,0.21,SPY220131C00466000,466.0,normalDay
2022-01-24,7461.0,-1604.0,0.0,100,439.84,456.0,0,0.0,0.0,,0.0,1,0.38,0.26,SPY220131C00466000,466.0,normalDay
2022-01-25,7461.0,-2123.0,0.0,100,434.47,456.0,0,0.0,0.0,,0.0,1,0.38,0.08,SPY220131C00466000,466.0,normalDay
2022-01-26,7461.0,-2229.0,0.0,100,433.38,456.0,0,0.0,0.0,,0.0,1,0.38,0.05,SPY220131C00466000,466.0,normalDay
2022-01-27,7461.0,-2441.0,0.0,100,431.24,456.0,0,0.0,0.0,,0.0,1,0.38,0.03,SPY220131C00466000,466.0,normalDay
2022-01-28,7461.0,-1368.0,0.0,100,441.95,456.0,0,0.0,0.0,,0.0,1,0.38,0.01,SPY220131C00466000,466.0,normalDay
2022-01-31,7499.0,-609.0,38.0,100,449.91,456.0,0,0.0,0.0,,0.0,1,0.38,0.0,SPY220131C00466000,466.0,expirationDay
2022-02-01,7499.0,-314.0,0.0,100,452.95,456.0,0,0.0,0.0,,0.0,1,6.3,6.39,SPY220211C00452000,452.0,normalDay
2022-02-02,7499.0,29.0,0.0,100,457.35,456.0,0,0.0,0.0,,0.0,1,6.3,7.36,SPY220211C00452000,452.0,normalDay
2022-02-03,7499.0,-789.0,0.0,100,446.6,456.0,0,0.0,0.0,,0.0,1,6.3,4.79,SPY220211C00452000,452.0,normalDay
2022-02-04,7499.0,-410.0,0.0,100,448.7,456.0,0,0.0,0.0,,0.0,1,6.3,3.1,SPY220211C00452000,452.0,normalDay
2022-02-07,7499.0,-456.0,0.0,100,447.26,456.0,0,0.0,0.0,,0.0,1,6.3,2.12,SPY220211C00452000,452.0,normalDay
2022-02-08,7499.0,-176.0,0.0,100,450.94,456.0,0,0.0,0.0,,0.0,1,6.3,3.0,SPY220211C00452000,452.0,normalDay
2022-02-09,7499.0,130.0,0.0,100,457.54,456.0,0,0.0,0.0,,0.0,1,6.3,6.54,SPY220211C00452000,452.0,normalDay
2022-02-10,7499.0,-165.0,0.0,100,449.32,456.0,0,0.0,0.0,,0.0,1,6.3,1.27,SPY220211C00452000,452.0,normalDay
2022-02-11,8129.0,-1554.0,630.0,100,440.46,456.0,0,0.0,0.0,,0.0,1,6.3,0.0,SPY220211C00452000,452.0,expirationDay
2022-02-14,8129.0,-1702.0,0.0,100,439.02,456.0,0,0.0,0.0,,0.0,1,4.86,4.9,SPY220225C00444000,444.0,normalDay
2022-02-15,8129.0,-1195.0,0.0,100,446.1,456.0,0,0.0,0.0,,0.0,1,4.86,6.91,SPY220225C00444000,444.0,normalDay
2022-02-16,8129.0,-1123.0,0.0,100,446.6,456.0,0,0.0,0.0,,0.0,1,4.86,6.69,SPY220225C00444000,444.0,normalDay
2022-02-17,8129.0,-1715.0,0.0,100,437.06,456.0,0,0.0,0.0,,0.0,1,4.86,3.07,SPY220225C00444000,444.0,normalDay
2022-02-18,8129.0,-1867.0,0.0,100,434.23,456.0,0,0.0,0.0,,0.0,1,4.86,1.76,SPY220225C00444000,444.0,normalDay
2022-02-22,8129.0,-2202.0,0.0,100,429.57,456.0,0,0.0,0.0,,0.0,1,4.86,0.45,SPY220225C00444000,444.0,normalDay
2022-02-23,8129.0,-2925.0,0.0,100,421.95,456.0,0,0.0,0.0,,0.0,1,4.86,0.06,SPY220225C00444000,444.0,normalDay
2022-02-24,8129.0,-2289.0,0.0,100,428.3,456.0,0,0.0,0.0,,0.0,1,4.86,0.05,SPY220225C00444000,444.0,normalDay
2022-02-25,8615.0,-1825.0,486.0,100,437.75,456.0,0,0.0,0.0,,0.0,1,4.86,0.0,SPY220225C00444000,444.0,expirationDay
2022-02-28,8615.0,-1943.0,0.0,100,436.63,456.0,0,0.0,0.0,,0.0,1,5.46,5.52,SPY220311C00441000,441.0,normalDay
2022-03-01,8615.0,-2425.0,0.0,100,429.98,456.0,0,0.0,0.0,,0.0,1,5.46,3.69,SPY220311C00441000,441.0,normalDay
2022-03-02,8615.0,-1805.0,0.0,100,437.89,456.0,0,0.0,0.0,,0.0,1,5.46,5.4,SPY220311C00441000,441.0,normalDay
2022-03-03,8615.0,-1904.0,0.0,100,435.71,456.0,0,0.0,0.0,,0.0,1,5.46,4.21,SPY220311C00441000,441.0,normalDay
2022-03-04,8615.0,-2069.0,0.0,100,432.17,456.0,0,0.0,0.0,,0.0,1,5.46,2.32,SPY220311C00441000,441.0,normalDay
2022-03-07,8615.0,-3138.0,0.0,100,419.43,456.0,0,0.0,0.0,,0.0,1,5.46,0.27,SPY220311C00441000,441.0,normalDay
2022-03-08,8615.0,-3440.0,0.0,100,416.25,456.0,0,0.0,0.0,,0.0,1,5.46,0.11,SPY220311C00441000,441.0,normalDay
2022-03-09,8615.0,-2342.0,0.0,100,427.41,456.0,0,0.0,0.0,,0.0,1,5.46,0.29,SPY220311C00441000,441.0,normalDay
2022-03-10,8615.0,-2509.0,0.0,100,425.48,456.0,0,0.0,0.0,,0.0,1,5.46,0.03,SPY220311C00441000,441.0,normalDay
2022-03-11,9161.0,-3593.0,546.0,100,420.07,456.0,0,0.0,0.0,,0.0,1,5.46,0.0,SPY220311C00441000,441.0,expirationDay
2022-03-14,9161.0,-3905.0,0.0,100,417.0,456.0,0,0.0,0.0,,0.0,1,3.11,3.16,SPY220325C00429000,429.0,normalDay
2022-03-15,9161.0,-3225.0,0.0,100,426.17,456.0,0,0.0,0.0,,0.0,1,3.11,5.53,SPY220325C00429000,429.0,normalDay
2022-03-16,9161.0,-2689.0,0.0,100,435.62,456.0,0,0.0,0.0,,0.0,1,3.11,9.62,SPY220325C00429000,429.0,normalDay
2022-03-17,9161.0,-2455.0,0.0,100,441.07,456.0,0,0.0,0.0,,0.0,1,3.11,12.73,SPY220325C00429000,429.0,normalDay
2022-03-18,9161.0,-2548.0,0.0,100,444.52,456.0,0,0.0,0.0,,0.0,1,3.11,17.11,SPY220325C00429000,429.0,normalDay
2022-03-21,9161.0,-2489.0,0.0,100,444.39,456.0,0,0.0,0.0,,0.0,1,3.11,16.39,SPY220325C00429000,429.0,normalDay
2022-03-22,9161.0,-2428.0,0.0,100,449.59,456.0,0,0.0,0.0,,0.0,1,3.11,20.98,SPY220325C00429000,429.0,normalDay
2022-03-23,9161.0,-2413.0,0.0,100,443.8,456.0,0,0.0,0.0,,0.0,1,3.11,15.04,SPY220325C00429000,429.0,normalDay
2022-03-24,9161.0,-2396.0,0.0,100,450.49,456.0,0,0.0,0.0,,0.0,1,3.11,21.56,SPY220325C00429000,429.0,normalDay
2022-03-25,6772.0,-2396.0,-2389.0,0,452.69,0.0,0,0.0,0.0,,0.0,1,3.11,0.0,SPY220325C00429000,429.0,expirationDay
2022-03-28,6772.0,0.0,0.0,0,455.91,0.0,0,0.0,0.0,,0.0,0,0.0,0.0,,0.0,bidTooLow
2022-03-29,6772.0,0.0,0.0,0,461.55,0.0,0,0.0,0.0,,0.0,0,0.0,0.0,,0.0,bidTooLow
2022-03-30,6772.0,0.0,0.0,0,458.7,0.0,0,0.0,0.0,,0.0,0,0.0,0.0,,0.0,bidTooLow
2022-03-31,6772.0,0.0,0.0,0,451.64,0.0,0,0.0,0.0,,0.0,0,0.0,0.0,,0.0,bidTooLow
2022-04-01,6772.0,0.0,0.0,0,452.92,0.0,0,0.0,0.0,,0.0,0,0.0,0.0,,0.0,bidTooLow
2022-04-04,6772.0,0.0,0.0,0,456.8,0.0,0,0.0,0.0,,0.0,0,0.0,0.0,,0.0,bidTooLow
2022-04-05,6772.0,0.0,0.0,0,451.03,0.0,0,0.0,0.0,,0.0,0,0.0,0.0,,0.0,bidTooLow
2022-04-06,6772.0,-3.0,0.0,0,446.52,0.0,1,0.01,0.04,SPY220408P00418000,418.0,0,0.0,0.0,,0.0,normalDay
2022-04-07,6772.0,-1.0,0.0,0,448.77,0.0,1,0.01,0.02,SPY220408P00418000,418.0,0,0.0,0.0,,0.0,normalDay
2022-04-08,6773.0,0.0,1.0,0,447.57,0.0,1,0.01,0.0,SPY220408P00418000,418.0,0,0.0,0.0,,0.0,expirationDay
2022-04-11,6773.0,-4.0,0.0,0,439.92,0.0,1,0.6,0.64,SPY220413P00431000,431.0,0,0.0,0.0,,0.0,normalDay
2022-04-12,6773.0,38.0,0.0,0,438.29,0.0,1,0.6,0.22,SPY220413P00431000,431.0,0,0.0,0.0,,0.0,normalDay
2022-04-13,6833.0,0.0,60.0,0,443.31,0.0,1,0.6,0.0,SPY220413P00431000,431.0,0,0.0,0.0,,0.0,expirationDay
2022-04-14,6833.0,0.0,0.0,0,437.79,0.0,0,0.0,0.0,,0.0,0,0.0,0.0,,0.0,bidTooLow
2022-04-18,6833.0,-3.0,0.0,0,437.97,0.0,1,0.83,0.86,SPY220420P00434000,434.0,0,0.0,0.0,,0.0,normalDay
2022-04-19,6833.0,73.0,0.0,0,445.04,0.0,1,0.83,0.1,SPY220420P00434000,434.0,0,0.0,0.0,,0.0,normalDay
2022-04-20,6916.0,0.0,83.0,0,444.71,0.0,1,0.83,0.0,SPY220420P00434000,434.0,0,0.0,0.0,,0.0,expirationDay
2022-04-21,6916.0,-3.0,0.0,0,438.06,0.0,1,0.56,0.59,SPY220422P00433000,433.0,0,0.0,0.0,,0.0,normalDay
2022-04-22,6972.0,-696.0,56.0,100,426.04,433.0,1,0.56,0.0,SPY220422P00433000,433.0,0,0.0,0.0,,0.0,expirationDay
2022-04-25,6972.0,-452.0,0.0,100,428.51,433.0,0,0.0,0.0,,0.0,1,1.44,1.47,SPY220506C00444000,444.0,normalDay
2022-04-26,6972.0,-1583.0,0.0,100,416.1,433.0,0,0.0,0.0,,0.0,1,1.44,0.37,SPY220506C00444000,444.0,normalDay
2022-04-27,6972.0,-1462.0,0.0,100,417.27,433.0,0,0.0,0.0,,0.0,1,1.44,0.33,SPY220506C00444000,444.0,normalDay
2022-04-28,6972.0,-450.0,0.0,100,427.81,433.0,0,0.0,0.0,,0.0,1,1.44,0.75,SPY220506C00444000,444.0,normalDay
2022-04-29,6972.0,-1968.0,0.0,100,412.0,433.0,0,0.0,0.0,,0.0,1,1.44,0.12,SPY220506C00444000,444.0,normalDay
2022-05-02,6972.0,-1718.0,0.0,100,414.48,433.0,0,0.0,0.0,,0.0,1,1.44,0.1,SPY220506C00444000,444.0,normalDay
2022-05-03,6972.0,-1522.0,0.0,100,416.38,433.0,0,0.0,0.0,,0.0,1,1.44,0.04,SPY220506C00444000,444.0,normalDay
2022-05-04,6972.0,-258.0,0.0,100,429.06,433.0,0,0.0,0.0,,0.0,1,1.44,0.08,SPY220506C00444000,444.0,normalDay
2022-05-05,6972.0,-1777.0,0.0,100,413.81,433.0,0,0.0,0.0,,0.0,1,1.44,0.02,SPY220506C00444000,444.0,normalDay
2022-05-06,7116.0,-2166.0,144.0,100,411.34,433.0,0,0.0,0.0,,0.0,1,1.44,0.0,SPY220506C00444000,444.0,expirationDay
2022-05-09,7116.0,-3487.0,0.0,100,398.17,433.0,0,0.0,0.0,,0.0,1,1.24,1.28,SPY220520C00424000,424.0,normalDay
2022-05-10,7116.0,-3359.0,0.0,100,399.09,433.0,0,0.0,0.0,,0.0,1,1.24,0.92,SPY220520C00424000,424.0,normalDay
2022-05-11,7116.0,-3943.0,0.0,100,392.75,433.0,0,0.0,0.0,,0.0,1,1.24,0.42,SPY220520C00424000,424.0,normalDay
2022-05-12,7116.0,-3968.0,0.0,100,392.34,433.0,0,0.0,0.0,,0.0,1,1.24,0.26,SPY220520C00424000,424.0,normalDay
2022-05-13,7116.0,-3029.0,0.0,100,401.72,433.0,0,0.0,0.0,,0.0,1,1.24,0.25,SPY220520C00424000,424.0,normalDay
2022-05-16,7116.0,-3173.0,0.0,100,400.09,433.0,0,0.0,0.0,,0.0,1,1.24,0.06,SPY220520C00424000,424.0,normalDay
2022-05-17,7116.0,-2359.0,0.0,100,408.32,433.0,0,0.0,0.0,,0.0,1,1.24,0.15,SPY220520C00424000,424.0,normalDay
2022-05-18,7116.0,-3992.0,0.0,100,391.86,433.0,0,0.0,0.0,,0.0,1,1.24,0.02,SPY220520C00424000,424.0,normalDay
2022-05-19,7116.0,-4231.0,0.0,100,389.46,433.0,0,0.0,0.0,,0.0,1,1.24,0.01,SPY220520C00424000,424.0,normalDay
2022-05-20,7240.0,-4337.0,124.0,100,389.63,433.0,0,0.0,0.0,,0.0,1,1.24,0.0,SPY220520C00424000,424.0,expirationDay
2022-05-23,7240.0,-3613.0,0.0,100,396.92,433.0,0,0.0,0.0,,0.0,1,4.65,4.7,SPY220603C00403000,403.0,normalDay
2022-05-24,7240.0,-3789.0,0.0,100,393.89,433.0,0,0.0,0.0,,0.0,1,4.65,3.43,SPY220603C00403000,403.0,normalDay
2022-05-25,7240.0,-3486.0,0.0,100,397.37,433.0,0,0.0,0.0,,0.0,1,4.65,3.88,SPY220603C00403000,403.0,normalDay
2022-05-26,7240.0,-2969.0,0.0,100,405.31,433.0,0,0.0,0.0,,0.0,1,4.65,6.65,SPY220603C00403000,403.0,normalDay
2022-05-27,7240.0,-2700.0,0.0,100,415.26,433.0,0,0.0,0.0,,0.0,1,4.65,13.91,SPY220603C00403000,403.0,normalDay
2022-05-31,7240.0,-2622.0,0.0,100,412.93,433.0,0,0.0,0.0,,0.0,1,4.65,10.8,SPY220603C00403000,403.0,normalDay
2022-06-01,7240.0,-2641.0,0.0,100,409.59,433.0,0,0.0,0.0,,0.0,1,4.65,7.65,SPY220603C00403000,403.0,normalDay
2022-06-02,7240.0,-2558.0,0.0,100,417.39,433.0,0,0.0,0.0,,0.0,1,4.65,14.62,SPY220603C00403000,403.0,normalDay
2022-06-03,4705.0,-2558.0,-2535.0,0,410.54,0.0,0,0.0,0.0,,0.0,1,4.65,0.0,SPY220603C00403000,403.0,expirationDay
2022-06-06,4705.0,0.0,0.0,0,411.79,0.0,0,0.0,0.0,,0.0,0,0.0,0.0,,0.0,bidTooLow
2022-06-07,4705.0,0.0,0.0,0,415.74,0.0,0,0.0,0.0,,0.0,0,0.0,0.0,,0.0,bidTooLow
2022-06-08,4705.0,0.0,0.0,0,411.22,0.0,0,0.0,0.0,,0.0,0,0.0,0.0,,0.0,bidTooLow
2022-06-09,4705.0,-3.0,0.0,0,401.44,0.0,1,0.04,0.07,SPY220610P00385000,385.0,0,0.0,0.0,,0.0,normalDay
2022-06-10,4709.0,0.0,4.0,0,389.8,0.0,1,0.04,0.0,SPY220610P00385000,385.0,0,0.0,0.0,,0.0,expirationDay
2022-06-13,4709.0,-16.0,0.0,0,375.0,0.0,1,7.38,7.54,SPY220615P00379000,379.0,0,0.0,0.0,,0.0,normalDay
2022-06-14,4709.0,-1.0,0.0,0,373.87,0.0,1,7.38,7.39,SPY220615P00379000,379.0,0,0.0,0.0,,0.0,normalDay
2022-06-15,5447.0,0.0,738.0,0,379.2,0.0,1,7.38,0.0,SPY220615P00379000,379.0,0,0.0,0.0,,0.0,expirationDay
2022-06-16,5447.0,-5.0,0.0,0,366.65,0.0,1,3.92,3.97,SPY220617P00367000,367.0,0,0.0,0.0,,0.0,normalDay
2022-06-17,5839.0,-114.0,392.0,100,365.86,367.0,1,3.92,0.0,SPY220617P00367000,367.0,0,0.0,0.0,,0.0,expirationDay
2022-06-21,5839.0,803.0,0.0,100,375.07,367.0,0,0.0,0.0,,0.0,1,1.27,1.31,SPY220701C00392500,392.5,normalDay
2022-06-22,5839.0,770.0,0.0,100,374.39,367.0,0,0.0,0.0,,0.0,1,1.27,0.96,SPY220701C00392500,392.5,normalDay
2022-06-23,5839.0,1127.0,0.0,100,378.06,367.0,0,0.0,0.0,,0.0,1,1.27,1.06,SPY220701C00392500,392.5,normalDay
2022-06-24,5839.0,2060.0,0.0,100,390.08,367.0,0,0.0,0.0,,0.0,1,1.27,3.75,SPY220701C00392500,392.5,normalDay
2022-06-27,5839.0,1986.0,0.0,100,388.59,367.0,0,0.0,0.0,,0.0,1,1.27,3.0,SPY220701C00392500,392.5,normalDay
2022-06-28,5839.0,1425.0,0.0,100,380.65,367.0,0,0.0,0.0,,0.0,1,1.27,0.67,SPY220701C00392500,392.5,normalDay
2022-06-29,5839.0,1416.0,0.0,100,380.34,367.0,0,0.0,0.0,,0.0,1,1.27,0.45,SPY220701C00392500,392.5,normalDay
2022-06-30,5839.0,1150.0,0.0,100,377.25,367.0,0,0.0,0.0,,0.0,1,1.27,0.02,SPY220701C00392500,392.5,normalDay
2022-07-01,5966.0,1424.0,127.0,100,381.24,367.0,0,0.0,0.0,,0.0,1,1.27,0.0,SPY220701C00392500,392.5,expirationDay
2022-07-05,5966.0,1493.0,0.0,100,381.96,367.0,0,0.0,0.0,,0.0,1,6.5,6.53,SPY220715C00382000,382.0,normalDay
2022-07-06,5966.0,1559.0,0.0,100,383.25,367.0,0,0.0,0.0,,0.0,1,6.5,7.16,SPY220715C00382000,382.0,normalDay
2022-07-07,5966.0,1858.0,0.0,100,388.99,367.0,0,0.0,0.0,,0.0,1,6.5,9.91,SPY220715C00382000,382.0,normalDay
2022-07-08,5966.0,1881.0,0.0,100,388.67,367.0,0,0.0,0.0,,0.0,1,6.5,9.36,SPY220715C00382000,382.0,normalDay
2022-07-11,5966.0,1783.0,0.0,100,384.23,367.0,0,0.0,0.0,,0.0,1,6.5,5.9,SPY220715C00382000,382.0,normalDay
2022-07-12,5966.0,1667.0,0.0,100,380.83,367.0,0,0.0,0.0,,0.0,1,6.5,3.66,SPY220715C00382000,382.0,normalDay
2022-07-13,5966.0,1648.0,0.0,100,378.83,367.0,0,0.0,0.0,,0.0,1,6.5,1.85,SPY220715C00382000,382.0,normalDay
2022-07-14,5966.0,1665.0,0.0,100,377.91,367.0,0,0.0,0.0,,0.0,1,6.5,0.76,SPY220715C00382000,382.0,normalDay
2022-07-15,8116.0,1665.0,2150.0,0,385.13,0.0,0,0.0,0.0,,0.0,1,6.5,0.0,SPY220715C00382000,382.0,expirationDay
2022-07-18,8116.0,-3.0,0.0,0,381.95,0.0,1,0.11,0.14,SPY220720P00370000,370.0,0,0.0,0.0,,0.0,normalDay
2022-07-19,8116.0,8.0,0.0,0,392.27,0.0,1,0.11,0.03,SPY220720P00370000,370.0,0,0.0,0.0,,0.0,normalDay
2022-07-20,8127.0,0.0,11.0,0,394.77,0.0,1,0.11,0.0,SPY220720P00370000,370.0,0,0.0,0.0,,0.0,expirationDay
2022-07-21,8127.0,0.0,0.0,0,398.79,0.0,0,0.0,0.0,,0.0,0,0.0,0.0,,0.0,bidTooLow
2022-07-22,8127.0,0.0,0.0,0,395.09,0.0,0,0.0,0.0,,0.0,0,0.0,0.0,,0.0,bidTooLow
2022-07-25,8127.0,0.0,0.0,0,395.57,0.0,0,0.0,0.0,,0.0,0,0.0,0.0,,0.0,bidTooLow
2022-07-26,8127.0,0.0,0.0,0,390.89,0.0,0,0.0,0.0,,0.0,0,0.0,0.0,,0.0,bidTooLow
2022-07-27,8127.0,-3.0,0.0,0,401.04,0.0,1,0.02,0.05,SPY220729P00372000,372.0,0,0.0,0.0,,0.0,normalDay
2022-07-28,8127.0,0.0,0.0,0,406.07,0.0,1,0.02,0.02,SPY220729P00372000,372.0,0,0.0,0.0,,0.0,normalDay
2022-07-29,8129.0,0.0,2.0,0,411.99,0.0,1,0.02,0.0,SPY220729P00372000,372.0,0,0.0,0.0,,0.0,expirationDay
2022-08-01,8129.0,0.0,0.0,0,410.77,0.0,0,0.0,0.0,,0.0,0,0.0,0.0,,0.0,bidTooLow
2022-08-02,8129.0,0.0,0.0,0,408.06,0.0,0,0.0,0.0,,0.0,0,0.0,0.0,,0.0,bidTooLow
2022-08-03,8129.0,0.0,0.0,0,414.45,0.0,0,0.0,0.0,,0.0,0,0.0,0.0,,0.0,bidTooLow
2022-08-04,8129.0,0.0,0.0,0,414.17,0.0,0,0.0,0.0,,0.0,0,0.0,0.0,,0.0,bidTooLow
2022-08-05,8129.0,0.0,0.0,0,413.47,0.0,0,0.0,0.0,,0.0,0,0.0,0.0,,0.0,bidTooLow
2022-08-08,8129.0,0.0,0.0,0,412.99,0.0,0,0.0,0.0,,0.0,0,0.0,0.0,,0.0,bidTooLow
2022-08-09,8129.0,0.0,0.0,0,411.35,0.0,0,0.0,0.0,,0.0,0,0.0,0.0,,0.0,bidTooLow
2022-08-10,8129.0,0.0,0.0,0,419.99,0.0,0,0.0,0.0,,0.0,0,0.0,0.0,,0.0,bidTooLow
2022-08-11,8129.0,0.0,0.0,0,419.99,0.0,0,0.0,0.0,,0.0,0,0.0,0.0,,0.0,bidTooLow
2022-08-12,8129.0,0.0,0.0,0,427.1,0.0,0,0.0,0.0,,0.0,0,0.0,0.0,,0.0,bidTooLow
2022-08-15,8129.0,0.0,0.0,0,428.86,0.0,0,0.0,0.0,,0.0,0,0.0,0.0,,0.0,bidTooLow
2022-08-16,8129.0,0.0,0.0,0,429.7,0.0,0,0.0,0.0,,0.0,0,0.0,0.0,,0.0,bidTooLow
2022-08-17,8129.0,0.0,0.0,0,426.65,0.0,0,0.0,0.0,,0.0,0,0.0,0.0,,0.0,bidTooLow
2022-08-18,8129.0,0.0,0.0,0,427.89,0.0,0,0.0,0.0,,0.0,0,0.0,0.0,,0.0,bidTooLow
2022-08-19,8129.0,0.0,0.0,0,422.14,0.0,0,0.0,0.0,,0.0,0,0.0,0.0,,0.0,bidTooLow
2022-08-22,8129.0,-3.0,0.0,0,413.35,0.0,1,0.03,0.06,SPY220824P00396000,396.0,0,0.0,0.0,,0.0,normalDay
2022-08-23,8129.0,0.0,0.0,0,412.35,0.0,1,0.03,0.03,SPY220824P00396000,396.0,0,0.0,0.0,,0.0,normalDay
2022-08-24,8132.0,0.0,3.0,0,413.67,0.0,1,0.03,0.0,SPY220824P00396000,396.0,0,0.0,0.0,,0.0,expirationDay
2022-08-25,8132.0,-3.0,0.0,0,419.51,0.0,1,0.04,0.07,SPY220826P00404000,404.0,0,0.0,0.0,,0.0,normalDay
2022-08-26,8136.0,0.0,4.0,0,405.31,0.0,1,0.04,0.0,SPY220826P00404000,404.0,0,0.0,0.0,,0.0,expirationDay
2022-08-29,8136.0,-3.0,0.0,0,402.63,0.0,1,2.31,2.34,SPY220831P00401000,401.0,0,0.0,0.0,,0.0,normalDay
2022-08-30,8136.0,-146.0,0.0,0,398.21,0.0,1,2.31,3.77,SPY220831P00401000,401.0,0,0.0,0.0,,0.0,normalDay
2022-08-31,8367.0,-582.0,231.0,100,395.18,401.0,1,2.31,0.0,SPY220831P00401000,401.0,0,0.0,0.0,,0.0,expirationDay
2022-09-01,8367.0,-461.0,0.0,100,396.42,401.0,0,0.0,0.0,,0.0,1,0.57,0.6,SPY220912C00413000,413.0,normalDay
2022-09-02,8367.0,-838.0,0.0,100,392.24,401.0,0,0.0,0.0,,0.0,1,0.57,0.19,SPY220912C00413000,413.0,normalDay
2022-09-06,8367.0,-975.0,0.0,100,390.76,401.0,0,0.0,0.0,,0.0,1,0.57,0.08,SPY220912C00413000,413.0,normalDay
2022-09-07,8367.0,-279.0,0.0,100,397.78,401.0,0,0.0,0.0,,0.0,1,0.57,0.14,SPY220912C00413000,413.0,normalDay
2022-09-08,8367.0,-15.0,0.0,100,400.38,401.0,0,0.0,0.0,,0.0,1,0.57,0.1,SPY220912C00413000,413.0,normalDay
2022-09-09,8367.0,601.0,0.0,100,406.6,401.0,0,0.0,0.0,,0.0,1,0.57,0.16,SPY220912C00413000,413.0,normalDay
2022-09-12,8424.0,997.0,57.0,100,410.97,401.0,0,0.0,0.0,,0.0,1,0.57,0.0,SPY220912C00413000,413.0,expirationDay
2022-09-13,8424.0,-795.0,0.0,100,393.1,401.0,0,0.0,0.0,,0.0,1,2.0,2.05,SPY220923C00405000,405.0,normalDay
2022-09-14,8424.0,-626.0,0.0,100,394.6,401.0,0,0.0,0.0,,0.0,1,2.0,1.86,SPY220923C00405000,405.0,normalDay
2022-09-15,8424.0,-986.0,0.0,100,390.12,401.0,0,0.0,0.0,,0.0,1,2.0,0.98,SPY220923C00405000,405.0,normalDay
2022-09-16,8424.0,-1389.0,0.0,100,385.56,401.0,0,0.0,0.0,,0.0,1,2.0,0.45,SPY220923C00405000,405.0,normalDay
2022-09-19,8424.0,-1092.0,0.0,100,388.55,401.0,0,0.0,0.0,,0.0,1,2.0,0.47,SPY220923C00405000,405.0,normalDay
2022-09-20,8424.0,-1513.0,0.0,100,384.09,401.0,0,0.0,0.0,,0.0,1,2.0,0.22,SPY220923C00405000,405.0,normalDay
2022-09-21,8424.0,-2164.0,0.0,100,377.39,401.0,0,0.0,0.0,,0.0,1,2.0,0.03,SPY220923C00405000,405.0,normalDay
2022-09-22,8424.0,-2479.0,0.0,100,374.22,401.0,0,0.0,0.0,,0.0,1,2.0,0.01,SPY220923C00405000,405.0,normalDay
2022-09-23,8624.0,-3305.0,200.0,100,367.95,401.0,0,0.0,0.0,,0.0,1,2.0,0.0,SPY220923C00405000,405.0,expirationDay
2022-09-26,8624.0,-3673.0,0.0,100,364.31,401.0,0,0.0,0.0,,0.0,1,0.82,0.86,SPY221007C00388000,388.0,normalDay
2022-09-27,8624.0,-3740.0,0.0,100,363.38,401.0,0,0.0,0.0,,0.0,1,0.82,0.6,SPY221007C00388000,388.0,normalDay
2022-09-28,8624.0,-3072.0,0.0,100,370.53,401.0,0,0.0,0.0,,0.0,1,0.82,1.07,SPY221007C00388000,388.0,normalDay
2022-09-29,8624.0,-3768.0,0.0,100,362.79,401.0,0,0.0,0.0,,0.0,1,0.82,0.29,SPY221007C00388000,388.0,normalDay
2022-09-30,8624.0,-4310.0,0.0,100,357.18,401.0,0,0.0,0.0,,0.0,1,0.82,0.1,SPY221007C00388000,388.0,normalDay
2022-10-03,8624.0,-3367.0,0.0,100,366.61,401.0,0,0.0,0.0,,0.0,1,0.82,0.1,SPY221007C00388000,388.0,normalDay
2022-10-04,8624.0,-2300.0,0.0,100,377.97,401.0,0,0.0,0.0,,0.0,1,0.82,0.79,SPY221007C00388000,388.0,normalDay
2022-10-05,8624.0,-2343.0,0.0,100,377.09,401.0,0,0.0,0.0,,0.0,1,0.82,0.34,SPY221007C00388000,388.0,normalDay
2022-10-06,8624.0,-2703.0,0.0,100,373.2,401.0,0,0.0,0.0,,0.0,1,0.82,0.05,SPY221007C00388000,388.0,normalDay
2022-10-07,8706.0,-3821.0,82.0,100,362.79,401.0,0,0.0,0.0,,0.0,1,0.82,0.0,SPY221007C00388000,388.0,expirationDay
2022-10-10,8706.0,-4101.0,0.0,100,360.02,401.0,0,0.0,0.0,,0.0,1,3.03,3.06,SPY221021C00372000,372.0,normalDay
2022-10-11,8706.0,-4274.0,0.0,100,357.74,401.0,0,0.0,0.0,,0.0,1,3.03,2.51,SPY221021C00372000,372.0,normalDay
2022-10-12,8706.0,-4355.0,0.0,100,356.56,401.0,0,0.0,0.0,,0.0,1,3.03,2.14,SPY221021C00372000,372.0,normalDay
2022-10-13,8706.0,-3614.0,0.0,100,365.97,401.0,0,0.0,0.0,,0.0,1,3.03,4.14,SPY221021C00372000,372.0,normalDay
2022-10-14,8706.0,-4135.0,0.0,100,357.63,401.0,0,0.0,0.0,,0.0,1,3.03,1.01,SPY221021C00372000,372.0,normalDay
2022-10-17,8706.0,-3407.0,0.0,100,366.82,401.0,0,0.0,0.0,,0.0,1,3.03,2.92,SPY221021C00372000,372.0,normalDay
2022-10-18,8706.0,-3129.0,0.0,100,371.13,401.0,0,0.0,0.0,,0.0,1,3.03,4.45,SPY221021C00372000,372.0,normalDay
2022-10-19,8706.0,-3133.0,0.0,100,368.5,401.0,0,0.0,0.0,,0.0,1,3.03,1.86,SPY221021C00372000,372.0,normalDay
2022-10-20,8706.0,-3299.0,0.0,100,365.41,401.0,0,0.0,0.0,,0.0,1,3.03,0.43,SPY221021C00372000,372.0,normalDay
2022-10-21,6109.0,-3299.0,-2597.0,0,374.29,0.0,0,0.0,0.0,,0.0,1,3.03,0.0,SPY221021C00372000,372.0,expirationDay
2022-10-24,6109.0,0.0,0.0,0,378.87,0.0,0,0.0,0.0,,0.0,0,0.0,0.0,,0.0,bidTooLow
2022-10-25,6109.0,0.0,0.0,0,384.92,0.0,0,0.0,0.0,,0.0,0,0.0,0.0,,0.0,bidTooLow
2022-10-26,6109.0,0.0,0.0,0,382.02,0.0,0,0.0,0.0,,0.0,0,0.0,0.0,,0.0,bidTooLow
2022-10-27,6109.0,0.0,0.0,0,379.98,0.0,0,0.0,0.0,,0.0,0,0.0,0.0,,0.0,bidTooLow
2022-10-28,6109.0,0.0,0.0,0,389.02,0.0,0,0.0,0.0,,0.0,0,0.0,0.0,,0.0,bidTooLow
2022-10-31,6109.0,0.0,0.0,0,386.21,0.0,0,0.0,0.0,,0.0,0,0.0,0.0,,0.0,bidTooLow
2022-11-01,6109.0,0.0,0.0,0,384.52,0.0,0,0.0,0.0,,0.0,0,0.0,0.0,,0.0,bidTooLow
2022-11-02,6109.0,-3.0,0.0,0,374.87,0.0,1,0.02,0.05,SPY221104P00351000,351.0,0,0.0,0.0,,0.0,normalDay
2022-11-03,6109.0,-1.0,0.0,0,371.01,0.0,1,0.02,0.03,SPY221104P00351000,351.0,0,0.0,0.0,,0.0,normalDay
2022-11-04,6111.0,0.0,2.0,0,376.35,0.0,1,0.02,0.0,SPY221104P00351000,351.0,0,0.0,0.0,,0.0,expirationDay
2022-11-07,6111.0,0.0,0.0,0,379.95,0.0,0,0.0,0.0,,0.0,0,0.0,0.0,,0.0,bidTooLow
2022-11-08,6111.0,0.0,0.0,0,382.0,0.0,0,0.0,0.0,,0.0,0,0.0,0.0,,0.0,bidTooLow
2022-11-09,6111.0,-3.0,0.0,0,374.13,0.0,1,0.33,0.36,SPY221111P00359000,359.0,0,0.0,0.0,,0.0,normalDay
2022-11-10,6111.0,31.0,0.0,0,394.69,0.0,1,0.33,0.02,SPY221111P00359000,359.0,0,0.0,0.0,,0.0,normalDay
2022-11-11,6144.0,0.0,33.0,0,398.51,0.0,1,0.33,0.0,SPY221111P00359000,359.0,0,0.0,0.0,,0.0,expirationDay
2022-11-14,6144.0,0.0,0.0,0,395.12,0.0,0,0.0,0.0,,0.0,0,0.0,0.0,,0.0,bidTooLow
2022-11-15,6144.0,0.0,0.0,0,398.49,0.0,0,0.0,0.0,,0.0,0,0.0,0.0,,0.0,bidTooLow
2022-11-16,6144.0,-3.0,0.0,0,395.45,0.0,1,0.01,0.04,SPY221118P00364000,364.0,0,0.0,0.0,,0.0,normalDay
2022-11-17,6144.0,-2.0,0.0,0,394.24,0.0,1,0.01,0.03,SPY221118P00364000,364.0,0,0.0,0.0,,0.0,normalDay
2022-11-18,6145.0,0.0,1.0,0,396.03,0.0,1,0.01,0.0,SPY221118P00364000,364.0,0,0.0,0.0,,0.0,expirationDay
2022-11-21,6145.0,0.0,0.0,0,394.59,0.0,0,0.0,0.0,,0.0,0,0.0,0.0,,0.0,bidTooLow
2022-11-22,6145.0,0.0,0.0,0,399.9,0.0,0,0.0,0.0,,0.0,0,0.0,0.0,,0.0,bidTooLow
2022-11-23,6145.0,0.0,0.0,0,402.42,0.0,0,0.0,0.0,,0.0,0,0.0,0.0,,0.0,bidTooLow
2022-11-25,6145.0,0.0,0.0,0,402.33,0.0,0,0.0,0.0,,0.0,0,0.0,0.0,,0.0,bidTooLow
2022-11-28,6145.0,0.0,0.0,0,395.91,0.0,0,0.0,0.0,,0.0,0,0.0,0.0,,0.0,bidTooLow
2022-11-29,6145.0,0.0,0.0,0,395.23,0.0,0,0.0,0.0,,0.0,0,0.0,0.0,,0.0,bidTooLow
2022-11-30,6145.0,0.0,0.0,0,407.68,0.0,0,0.0,0.0,,0.0,0,0.0,0.0,,0.0,bidTooLow
2022-12-01,6145.0,0.0,0.0,0,407.38,0.0,0,0.0,0.0,,0.0,0,0.0,0.0,,0.0,bidTooLow
2022-12-02,6145.0,0.0,0.0,0,406.91,0.0,0,0.0,0.0,,0.0,0,0.0,0.0,,0.0,bidTooLow
2022-12-05,6145.0,0.0,0.0,0,399.59,0.0,0,0.0,0.0,,0.0,0,0.0,0.0,,0.0,bidTooLow
2022-12-06,6145.0,-3.0,0.0,0,393.83,0.0,1,0.09,0.12,SPY221208P00381000,381.0,0,0.0,0.0,,0.0,normalDay
2022-12-07,6145.0,5.0,0.0,0,393.16,0.0,1,0.09,0.04,SPY221208P00381000,381.0,0,0.0,0.0,,0.0,normalDay
2022-12-08,6154.0,0.0,9.0,0,396.24,0.0,1,0.09,0.0,SPY221208P00381000,381.0,0,0.0,0.0,,0.0,expirationDay
2022-12-09,6154.0,0.0,0.0,0,393.28,0.0,0,0.0,0.0,,0.0,0,0.0,0.0,,0.0,bidTooLow
2022-12-12,6154.0,-3.0,0.0,0,398.95,0.0,1,2.41,2.44,SPY221214P00389000,389.0,0,0.0,0.0,,0.0,normalDay
2022-12-13,6154.0,215.0,0.0,0,401.97,0.0,1,2.41,0.26,SPY221214P00389000,389.0,0,0.0,0.0,,0.0,normalDay
2022-12-14,6395.0,0.0,241.0,0,399.4,0.0,1,2.41,0.0,SPY221214P00389000,389.0,0,0.0,0.0,,0.0,expirationDay
2022-12-15,6395.0,-3.0,0.0,0,389.63,0.0,1,2.22,2.25,SPY221216P00388000,388.0,0,0.0,0.0,,0.0,normalDay
2022-12-16,6617.0,-473.0,222.0,100,383.27,388.0,1,2.22,0.0,SPY221216P00388000,388.0,0,0.0,0.0,,0.0,expirationDay
2022-12-19,6617.0,-801.0,0.0,100,380.02,388.0,0,0.0,0.0,,0.0,1,0.54,0.57,SPY221230C00396000,396.0,normalDay
2022-12-20,6617.0,-742.0,0.0,100,380.54,388.0,0,0.0,0.0,,0.0,1,0.54,0.5,SPY221230C00396000,396.0,normalDay
2022-12-21,6617.0,-215.0,0.0,100,386.23,388.0,0,0.0,0.0,,0.0,1,0.54,0.92,SPY221230C00396000,396.0,normalDay
2022-12-22,6617.0,-704.0,0.0,100,380.72,388.0,0,0.0,0.0,,0.0,1,0.54,0.3,SPY221230C00396000,396.0,normalDay
2022-12-23,6617.0,-473.0,0.0,100,382.91,388.0,0,0.0,0.0,,0.0,1,0.54,0.18,SPY221230C00396000,396.0,normalDay
2022-12-27,6617.0,-613.0,0.0,100,381.4,388.0,0,0.0,0.0,,0.0,1,0.54,0.07,SPY221230C00396000,396.0,normalDay
2022-12-28,6617.0,-1082.0,0.0,100,376.66,388.0,0,0.0,0.0,,0.0,1,0.54,0.02,SPY221230C00396000,396.0,normalDay
2022-12-29,6617.0,-404.0,0.0,100,383.44,388.0,0,0.0,0.0,,0.0,1,0.54,0.02,SPY221230C00396000,396.0,normalDay
2022-12-30,6671.0,-557.0,54.0,100,382.43,388.0,0,0.0,0.0,,0.0,1,0.54,0.0,SPY221230C00396000,396.0,expirationDay
2023-01-03,6671.0,-722.0,0.0,100,380.82,388.0,0,0.0,0.0,,0.0,1,3.47,3.51,SPY230113C00387000,387.0,normalDay
2023-01-04,6671.0,-524.0,0.0,100,383.76,388.0,0,0.0,0.0,,0.0,1,3.47,4.47,SPY230113C00387000,387.0,normalDay
2023-01-05,6671.0,-786.0,0.0,100,379.38,388.0,0,0.0,0.0,,0.0,1,3.47,2.71,SPY230113C00387000,387.0,normalDay
2023-01-06,6671.0,-209.0,0.0,100,388.08,388.0,0,0.0,0.0,,0.0,1,3.47,5.64,SPY230113C00387000,387.0,normalDay
2023-01-09,6671.0,-191.0,0.0,100,387.86,388.0,0,0.0,0.0,,0.0,1,3.47,5.24,SPY230113C00387000,387.0,normalDay
2023-01-10,6671.0,-54.0,0.0,100,390.58,388.0,0,0.0,0.0,,0.0,1,3.47,6.59,SPY230113C00387000,387.0,normalDay
2023-01-11,6671.0,91.0,0.0,100,395.52,388.0,0,0.0,0.0,,0.0,1,3.47,10.08,SPY230113C00387000,387.0,normalDay
2023-01-12,6671.0,218.0,0.0,100,396.96,388.0,0,0.0,0.0,,0.0,1,3.47,10.25,SPY230113C00387000,387.0,normalDay
2023-01-13,6918.0,218.0,247.0,0,398.5,0.0,0,0.0,0.0,,0.0,1,3.47,0.0,SPY230113C00387000,387.0,expirationDay
2023-01-17,6918.0,0.0,0.0,0,397.77,0.0,0,0.0,0.0,,0.0,0,0.0,0.0,,0.0,bidTooLow
2023-01-18,6918.0,-3.0,0.0,0,391.49,0.0,1,0.02,0.05,SPY230120P00373000,373.0,0,0.0,0.0,,0.0,normalDay
2023-01-19,6918.0,0.0,0.0,0,388.64,0.0,1,0.02,0.02,SPY230120P00373000,373.0,0,0.0,0.0,,0.0,normalDay
2023-01-20,6920.0,0.0,2.0,0,395.88,0.0,1,0.02,0.0,SPY230120P00373000,373.0,0,0.0,0.0,,0.0,expirationDay
2023-01-23,6920.0,0.0,0.0,0,400.63,0.0,0,0.0,0.0,,0.0,0,0.0,0.0,,0.0,bidTooLow
2023-01-24,6920.0,0.0,0.0,0,400.2,0.0,0,0.0,0.0,,0.0,0,0.0,0.0,,0.0,bidTooLow
2023-01-25,6920.0,0.0,0.0,0,400.35,0.0,0,0.0,0.0,,0.0,0,0.0,0.0,,0.0,bidTooLow
2023-01-26,6920.0,0.0,0.0,0,404.75,0.0,0,0.0,0.0,,0.0,0,0.0,0.0,,0.0,bidTooLow
2023-01-27,6920.0,0.0,0.0,0,405.68,0.0,0,0.0,0.0,,0.0,0,0.0,0.0,,0.0,bidTooLow
2023-01-30,6920.0,0.0,0.0,0,400.59,0.0,0,0.0,0.0,,0.0,0,0.0,0.0,,0.0,bidTooLow
2023-01-31,6920.0,0.0,0.0,0,406.48,0.0,0,0.0,0.0,,0.0,0,0.0,0.0,,0.0,bidTooLow
2023-02-01,6920.0,-3.0,0.0,0,410.8,0.0,1,0.01,0.04,SPY230203P00380000,380.0,0,0.0,0.0,,0.0,normalDay
2023-02-02,6920.0,-1.0,0.0,0,416.78,0.0,1,0.01,0.02,SPY230203P00380000,380.0,0,0.0,0.0,,0.0,normalDay
2023-02-03,6921.0,0.0,1.0,0,412.35,0.0,1,0.01,0.0,SPY230203P00380000,380.0,0,0.0,0.0,,0.0,expirationDay
2023-02-06,6921.0,0.0,0.0,0,409.83,0.0,0,0.0,0.0,,0.0,0,0.0,0.0,,0.0,bidTooLow
2023-02-07,6921.0,0.0,0.0,0,415.19,0.0,0,0.0,0.0,,0.0,0,0.0,0.0,,0.0,bidTooLow
2023-02-08,6921.0,0.0,0.0,0,410.65,0.0,0,0.0,0.0,,0.0,0,0.0,0.0,,0.0,bidTooLow
2023-02-09,6921.0,0.0,0.0,0,407.09,0.0,0,0.0,0.0,,0.0,0,0.0,0.0,,0.0,bidTooLow
2023-02-10,6921.0,0.0,0.0,0,408.04,0.0,0,0.0,0.0,,0.0,0,0.0,0.0,,0.0,bidTooLow
2023-02-13,6921.0,-3.0,0.0,0,412.83,0.0,1,0.04,0.07,SPY230215P00389000,389.0,0,0.0,0.0,,0.0,normalDay
2023-02-14,6921.0,2.0,0.0,0,412.64,0.0,1,0.04,0.02,SPY230215P00389000,389.0,0,0.0,0.0,,0.0,normalDay
2023-02-15,6925.0,0.0,4.0,0,413.98,0.0,1,0.04,0.0,SPY230215P00389000,389.0,0,0.0,0.0,,0.0,expirationDay
2023-02-16,6925.0,-3.0,0.0,0,408.28,0.0,1,0.17,0.2,SPY230217P00396000,396.0,0,0.0,0.0,,0.0,normalDay
2023-02-17,6942.0,0.0,17.0,0,407.26,0.0,1,0.17,0.0,SPY230217P00396000,396.0,0,0.0,0.0,,0.0,expirationDay
2023-02-21,6942.0,-3.0,0.0,0,399.09,0.0,1,2.8,2.83,SPY230223P00400000,400.0,0,0.0,0.0,,0.0,normalDay
2023-02-22,6942.0,51.0,0.0,0,398.54,0.0,1,2.8,2.29,SPY230223P00400000,400.0,0,0.0,0.0,,0.0,normalDay
2023-02-23,7222.0,0.0,280.0,0,400.66,0.0,1,2.8,0.0,SPY230223P00400000,400.0,0,0.0,0.0,,0.0,expirationDay
2023-02-24,7227.0,0.0,5.0,0,396.38,0.0,1,0.05,0.0,SPY230224P00396000,396.0,0,0.0,0.0,,0.0,expirationDay
2023-02-27,7227.0,-3.0,0.0,0,397.73,0.0,1,1.02,1.05,SPY230301P00395000,395.0,0,0.0,0.0,,0.0,normalDay
2023-02-28,7227.0,-15.0,0.0,0,396.26,0.0,1,1.02,1.17,SPY230301P00395000,395.0,0,0.0,0.0,,0.0,normalDay
2023-03-01,7329.0,-26.0,102.0,100,394.74,395.0,1,1.02,0.0,SPY230301P00395000,395.0,0,0.0,0.0,,0.0,expirationDay
2023-03-02,7329.0,278.0,0.0,100,397.81,395.0,0,0.0,0.0,,0.0,1,2.07,2.1,SPY230313C00404000,404.0,normalDay
2023-03-03,7329.0,680.0,0.0,100,404.19,395.0,0,0.0,0.0,,0.0,1,2.07,4.46,SPY230313C00404000,404.0,normalDay
2023-03-06,7329.0,735.0,0.0,100,404.47,395.0,0,0.0,0.0,,0.0,1,2.07,4.19,SPY230313C00404000,404.0,normalDay
2023-03-07,7329.0,396.0,0.0,100,398.27,395.0,0,0.0,0.0,,0.0,1,2.07,1.38,SPY230313C00404000,404.0,normalDay
2023-03-08,7329.0,476.0,0.0,100,398.92,395.0,0,0.0,0.0,,0.0,1,2.07,1.23,SPY230313C00404000,404.0,normalDay
2023-03-09,7329.0,-155.0,0.0,100,391.56,395.0,0,0.0,0.0,,0.0,1,2.07,0.18,SPY230313C00404000,404.0,normalDay
2023-03-10,7329.0,-704.0,0.0,100,385.91,395.0,0,0.0,0.0,,0.0,1,2.07,0.02,SPY230313C00404000,404.0,normalDay
2023-03-13,7536.0,-964.0,207.0,100,385.36,395.0,0,0.0,0.0,,0.0,1,2.07,0.0,SPY230313C00404000,404.0,expirationDay
2023-03-14,7536.0,-332.0,0.0,100,391.73,395.0,0,0.0,0.0,,0.0,1,3.02,3.07,SPY230324C00397500,397.5,normalDay
2023-03-15,7536.0,-506.0,0.0,100,389.28,395.0,0,0.0,0.0,,0.0,1,3.02,2.36,SPY230324C00397500,397.5,normalDay
2023-03-16,7536.0,7.0,0.0,100,396.11,395.0,0,0.0,0.0,,0.0,1,3.02,4.06,SPY230324C00397500,397.5,normalDay
2023-03-17,7536.0,-471.0,0.0,100,389.99,395.0,0,0.0,0.0,,0.0,1,3.02,2.72,SPY230324C00397500,397.5,normalDay
2023-03-20,7536.0,-131.0,0.0,100,393.74,395.0,0,0.0,0.0,,0.0,1,3.02,3.07,SPY230324C00397500,397.5,normalDay
2023-03-21,7536.0,199.0,0.0,100,398.91,395.0,0,0.0,0.0,,0.0,1,3.02,4.94,SPY230324C00397500,397.5,normalDay
2023-03-22,7536.0,-87.0,0.0,100,392.11,395.0,0,0.0,0.0,,0.0,1,3.02,1.0,SPY230324C00397500,397.5,normalDay
2023-03-23,7536.0,61.0,0.0,100,393.17,395.0,0,0.0,0.0,,0.0,1,3.02,0.58,SPY230324C00397500,397.5,normalDay
2023-03-24,7838.0,75.0,302.0,100,395.75,395.0,0,0.0,0.0,,0.0,1,3.02,0.0,SPY230324C00397500,397.5,expirationDay
2023-03-27,7838.0,142.0,0.0,100,396.49,395.0,0,0.0,0.0,,0.0,1,6.79,6.86,SPY230406C00394000,394.0,normalDay
2023-03-28,7838.0,145.0,0.0,100,395.6,395.0,0,0.0,0.0,,0.0,1,6.79,5.94,SPY230406C00394000,394.0,normalDay
2023-03-29,7838.0,378.0,0.0,100,401.35,395.0,0,0.0,0.0,,0.0,1,6.79,9.36,SPY230406C00394000,394.0,normalDay
2023-03-30,7838.0,440.0,0.0,100,403.7,395.0,0,0.0,0.0,,0.0,1,6.79,11.09,SPY230406C00394000,394.0,normalDay
2023-03-31,7838.0,508.0,0.0,100,409.39,395.0,0,0.0,0.0,,0.0,1,6.79,16.1,SPY230406C00394000,394.0,normalDay
2023-04-03,7838.0,535.0,0.0,100,410.95,395.0,0,0.0,0.0,,0.0,1,6.79,17.39,SPY230406C00394000,394.0,normalDay
2023-04-04,7838.0,528.0,0.0,100,408.67,395.0,0,0.0,0.0,,0.0,1,6.79,15.18,SPY230406C00394000,394.0,normalDay
2023-04-05,7838.0,564.0,0.0,100,407.6,395.0,0,0.0,0.0,,0.0,1,6.79,13.75,SPY230406C00394000,394.0,normalDay
2023-04-06,8417.0,564.0,579.0,0,409.19,0.0,0,0.0,0.0,,0.0,1,6.79,0.0,SPY230406C00394000,394.0,expirationDay
2023-04-10,8417.0,0.0,0.0,0,409.61,0.0,0,0.0,0.0,,0.0,0,0.0,0.0,,0.0,bidTooLow
2023-04-11,8417.0,0.0,0.0,0,409.72,0.0,0,0.0,0.0,,0.0,0,0.0,0.0,,0.0,bidTooLow
2023-04-12,8417.0,0.0,0.0,0,408.05,0.0,0,0.0,0.0,,0.0,0,0.0,0.0,,0.0,bidTooLow
2023-04-13,8417.0,0.0,0.0,0,413.47,0.0,0,0.0,0.0,,0.0,0,0.0,0.0,,0.0,bidTooLow
2023-04-14,8417.0,0.0,0.0,0,412.46,0.0,0,0.0,0.0,,0.0,0,0.0,0.0,,0.0,bidTooLow
2023-04-17,8417.0,0.0,0.0,0,413.94,0.0,0,0.0,0.0,,0.0,0,0.0,0.0,,0.0,bidTooLow
2023-04-18,8417.0,-3.0,0.0,0,414.21,0.0,1,0.01,0.04,SPY230420P00390000,390.0,0,0.0,0.0,,0.0,normalDay
2023-04-19,8417.0,-1.0,0.0,0,414.14,0.0,1,0.01,0.02,SPY230420P00390000,390.0,0,0.0,0.0,,0.0,normalDay
2023-04-20,8418.0,0.0,1.0,0,411.88,0.0,1,0.01,0.0,SPY230420P00390000,390.0,0,0.0,0.0,,0.0,expirationDay
2023-04-21,8418.0,0.0,0.0,0,412.2,0.0,0,0.0,0.0,,0.0,0,0.0,0.0,,0.0,bidTooLow
2023-04-24,8418.0,0.0,0.0,0,412.63,0.0,0,0.0,0.0,,0.0,0,0.0,0.0,,0.0,bidTooLow
2023-04-25,8418.0,-3.0,0.0,0,406.08,0.0,1,0.26,0.29,SPY230427P00400000,400.0,0,0.0,0.0,,0.0,normalDay
2023-04-26,8418.0,-1.0,0.0,0,404.36,0.0,1,0.26,0.27,SPY230427P00400000,400.0,0,0.0,0.0,,0.0,normalDay
2023-04-27,8444.0,0.0,26.0,0,412.41,0.0,1,0.26,0.0,SPY230427P00400000,400.0,0,0.0,0.0,,0.0,expirationDay
2023-04-28,8444.0,0.0,0.0,0,415.93,0.0,0,0.0,0.0,,0.0,0,0.0,0.0,,0.0,bidTooLow
2023-05-01,8444.0,-3.0,0.0,0,415.51,0.0,1,0.07,0.1,SPY230503P00405000,405.0,0,0.0,0.0,,0.0,normalDay
2023-05-02,8444.0,-23.0,0.0,0,410.84,0.0,1,0.07,0.3,SPY230503P00405000,405.0,0,0.0,0.0,,0.0,normalDay
2023-05-03,8451.0,0.0,7.0,0,408.02,0.0,1,0.07,0.0,SPY230503P00405000,405.0,0,0.0,0.0,,0.0,expirationDay
2023-05-04,8451.0,-3.0,0.0,0,405.13,0.0,1,1.66,1.69,SPY230505P00404000,404.0,0,0.0,0.0,,0.0,normalDay
2023-05-05,8617.0,0.0,166.0,0,412.63,0.0,1,1.66,0.0,SPY230505P00404000,404.0,0,0.0,0.0,,0.0,expirationDay
2023-05-08,8617.0,-3.0,0.0,0,412.74,0.0,1,0.2,0.23,SPY230510P00405000,405.0,0,0.0,0.0,,0.0,normalDay
2023-05-09,8617.0,-2.0,0.0,0,410.93,0.0,1,0.2,0.22,SPY230510P00405000,405.0,0,0.0,0.0,,0.0,normalDay
2023-05-10,8637.0,0.0,20.0,0,412.85,0.0,1,0.2,0.0,SPY230510P00405000,405.0,0,0.0,0.0,,0.0,expirationDay
2023-05-11,8637.0,-3.0,0.0,0,412.13,0.0,1,0.05,0.08,SPY230512P00405000,405.0,0,0.0,0.0,,0.0,normalDay
2023-05-12,8642.0,0.0,5.0,0,411.59,0.0,1,0.05,0.0,SPY230512P00405000,405.0,0,0.0,0.0,,0.0,expirationDay
2023-05-15,8642.0,-3.0,0.0,0,413.01,0.0,1,0.11,0.14,SPY230517P00405000,405.0,0,0.0,0.0,,0.0,normalDay
2023-05-16,8642.0,-6.0,0.0,0,410.25,0.0,1,0.11,0.17,SPY230517P00405000,405.0,0,0.0,0.0,,0.0,normalDay
2023-05-17,8653.0,0.0,11.0,0,415.23,0.0,1,0.11,0.0,SPY230517P00405000,405.0,0,0.0,0.0,,0.0,expirationDay
2023-05-18,8653.0,-3.0,0.0,0,419.23,0.0,1,0.02,0.05,SPY230519P00404000,404.0,0,0.0,0.0,,0.0,normalDay
2023-05-19,8655.0,0.0,2.0,0,418.62,0.0,1,0.02,0.0,SPY230519P00404000,404.0,0,0.0,0.0,,0.0,expirationDay
2023-05-22,8655.0,-3.0,0.0,0,418.79,0.0,1,0.01,0.04,SPY230524P00404000,404.0,0,0.0,0.0,,0.0,normalDay
2023-05-23,8655.0,-3.0,0.0,0,414.09,0.0,1,0.01,0.04,SPY230524P00404000,404.0,0,0.0,0.0,,0.0,normalDay
2023-05-24,8656.0,0.0,1.0,0,411.09,0.0,1,0.01,0.0,SPY230524P00404000,404.0,0,0.0,0.0,,0.0,expirationDay
2023-05-25,8656.0,-3.0,0.0,0,414.65,0.0,1,0.07,0.1,SPY230526P00406000,406.0,0,0.0,0.0,,0.0,normalDay
2023-05-26,8663.0,0.0,7.0,0,420.02,0.0,1,0.07,0.0,SPY230526P00406000,406.0,0,0.0,0.0,,0.0,expirationDay
2023-05-30,8663.0,-3.0,0.0,0,420.18,0.0,1,0.04,0.07,SPY230601P00405000,405.0,0,0.0,0.0,,0.0,normalDay
2023-05-31,8663.0,-1.0,0.0,0,417.85,0.0,1,0.04,0.05,SPY230601P00405000,405.0,0,0.0,0.0,,0.0,normalDay
2023-06-01,8667.0,0.0,4.0,0,421.82,0.0,1,0.04,0.0,SPY230601P00405000,405.0,0,0.0,0.0,,0.0,expirationDay
2023-06-02,8667.0,0.0,0.0,0,427.92,0.0,0,0.0,0.0,,0.0,0,0.0,0.0,,0.0,bidTooLow
2023-06-05,8667.0,0.0,0.0,0,427.1,0.0,0,0.0,0.0,,0.0,0,0.0,0.0,,0.0,bidTooLow
2023-06-06,8667.0,0.0,0.0,0,428.03,0.0,0,0.0,0.0,,0.0,0,0.0,0.0,,0.0,bidTooLow
2023-06-07,8667.0,-3.0,0.0,0,426.55,0.0,1,0.01,0.04,SPY230609P00406000,406.0,0,0.0,0.0,,0.0,normalDay
2023-06-08,8667.0,-1.0,0.0,0,429.13,0.0,1,0.01,0.02,SPY230609P00406000,406.0,0,0.0,0.0,,0.0,normalDay
2023-06-09,8668.0,0.0,1.0,0,429.9,0.0,1,0.01,0.0,SPY230609P00406000,406.0,0,0.0,0.0,,0.0,expirationDay
2023-06-12,8668.0,-3.0,0.0,0,433.8,0.0,1,0.02,0.05,SPY230614P00407000,407.0,0,0.0,0.0,,0.0,normalDay
2023-06-13,8668.0,-1.0,0.0,0,436.66,0.0,1,0.02,0.03,SPY230614P00407000,407.0,0,0.0,0.0,,0.0,normalDay
2023-06-14,8670.0,0.0,2.0,0,437.18,0.0,1,0.02,0.0,SPY230614P00407000,407.0,0,0.0,0.0,,0.0,expirationDay
2023-06-15,8670.0,-3.0,0.0,0,442.6,0.0,1,0.01,0.04,SPY230616P00408000,408.0,0,0.0,0.0,,0.0,normalDay
2023-06-16,8671.0,0.0,1.0,0,439.46,0.0,1,0.01,0.0,SPY230616P00408000,408.0,0,0.0,0.0,,0.0,expirationDay
2023-06-20,8671.0,0.0,0.0,0,437.18,0.0,0,0.0,0.0,,0.0,0,0.0,0.0,,0.0,bidTooLow
2023-06-21,8671.0,0.0,0.0,0,434.94,0.0,0,0.0,0.0,,0.0,0,0.0,0.0,,0.0,bidTooLow
2023-06-22,8671.0,0.0,0.0,0,436.51,0.0,0,0.0,0.0,,0.0,0,0.0,0.0,,0.0,bidTooLow
2023-06-23,8671.0,0.0,0.0,0,433.21,0.0,0,0.0,0.0,,0.0,0,0.0,0.0,,0.0,bidTooLow
2023-06-26,8671.0,-3.0,0.0,0,431.44,0.0,1,0.01,0.04,SPY230628P00416000,416.0,0,0.0,0.0,,0.0,normalDay
2023-06-27,8671.0,-1.0,0.0,0,436.17,0.0,1,0.01,0.02,SPY230628P00416000,416.0,0,0.0,0.0,,0.0,normalDay
2023-06-28,8672.0,0.0,1.0,0,436.39,0.0,1,0.01,0.0,SPY230628P00416000,416.0,0,0.0,0.0,,0.0,expirationDay
2023-06-29,8672.0,-3.0,0.0,0,438.11,0.0,1,0.01,0.04,SPY230630P00423000,423.0,0,0.0,0.0,,0.0,normalDay
2023-06-30,8673.0,0.0,1.0,0,443.28,0.0,1,0.01,0.0,SPY230630P00423000,423.0,0,0.0,0.0,,0.0,expirationDay
2023-07-03,8673.0,0.0,0.0,0,443.79,0.0,0,0.0,0.0,,0.0,0,0.0,0.0,,0.0,bidTooLow
2023-07-05,8673.0,-3.0,0.0,0,443.13,0.0,1,0.02,0.05,SPY230707P00426000,426.0,0,0.0,0.0,,0.0,normalDay
2023-07-06,8673.0,-2.0,0.0,0,439.66,0.0,1,0.02,0.04,SPY230707P00426000,426.0,0,0.0,0.0,,0.0,normalDay
2023-07-07,8675.0,0.0,2.0,0,438.55,0.0,1,0.02,0.0,SPY230707P00426000,426.0,0,0.0,0.0,,0.0,expirationDay
2023-07-10,8675.0,-3.0,0.0,0,439.66,0.0,1,0.04,0.07,SPY230712P00430000,430.0,0,0.0,0.0,,0.0,normalDay
2023-07-11,8675.0,-1.0,0.0,0,442.46,0.0,1,0.04,0.05,SPY230712P00430000,430.0,0,0.0,0.0,,0.0,normalDay
2023-07-12,8679.0,0.0,4.0,0,446.02,0.0,1,0.04,0.0,SPY230712P00430000,430.0,0,0.0,0.0,,0.0,expirationDay
2023-07-13,8679.0,-3.0,0.0,0,449.56,0.0,1,0.01,0.04,SPY230714P00431000,431.0,0,0.0,0.0,,0.0,normalDay
2023-07-14,8680.0,0.0,1.0,0,449.28,0.0,1,0.01,0.0,SPY230714P00431000,431.0,0,0.0,0.0,,0.0,expirationDay
2023-07-17,8680.0,0.0,0.0,0,450.84,0.0,0,0.0,0.0,,0.0,0,0.0,0.0,,0.0,bidTooLow
2023-07-18,8680.0,-3.0,0.0,0,454.19,0.0,1,0.01,0.04,SPY230720P00429000,429.0,0,0.0,0.0,,0.0,normalDay
2023-07-19,8680.0,-1.0,0.0,0,455.2,0.0,1,0.01,0.02,SPY230720P00429000,429.0,0,0.0,0.0,,0.0,normalDay
2023-07-20,8681.0,0.0,1.0,0,452.18,0.0,1,0.01,0.0,SPY230720P00429000,429.0,0,0.0,0.0,,0.0,expirationDay
2023-07-21,8681.0,0.0,0.0,0,452.18,0.0,0,0.0,0.0,,0.0,0,0.0,0.0,,0.0,bidTooLow
2023-07-24,8681.0,0.0,0.0,0,454.2,0.0,0,0.0,0.0,,0.0,0,0.0,0.0,,0.0,bidTooLow
2023-07-25,8681.0,0.0,0.0,0,455.44,0.0,0,0.0,0.0,,0.0,0,0.0,0.0,,0.0,bidTooLow
2023-07-26,8681.0,0.0,0.0,0,455.51,0.0,0,0.0,0.0,,0.0,0,0.0,0.0,,0.0,bidTooLow
2023-07-27,8681.0,-3.0,0.0,0,452.49,0.0,1,0.02,0.05,SPY230728P00435000,435.0,0,0.0,0.0,,0.0,normalDay
2023-07-28,8683.0,0.0,2.0,0,456.92,0.0,1,0.02,0.0,SPY230728P00435000,435.0,0,0.0,0.0,,0.0,expirationDay
2023-07-31,8683.0,0.0,0.0,0,457.79,0.0,0,0.0,0.0,,0.0,0,0.0,0.0,,0.0,bidTooLow
2023-08-01,8683.0,0.0,0.0,0,456.48,0.0,0,0.0,0.0,,0.0,0,0.0,0.0,,0.0,bidTooLow
2023-08-02,8683.0,-3.0,0.0,0,450.13,0.0,1,0.1,0.13,SPY230804P00438000,438.0,0,0.0,0.0,,0.0,normalDay
2023-08-03,8683.0,6.0,0.0,0,448.84,0.0,1,0.1,0.04,SPY230804P00438000,438.0,0,0.0,0.0,,0.0,normalDay
2023-08-04,8693.0,0.0,10.0,0,446.81,0.0,1,0.1,0.0,SPY230804P00438000,438.0,0,0.0,0.0,,0.0,expirationDay
2023-08-07,8693.0,-3.0,0.0,0,450.71,0.0,1,0.15,0.18,SPY230809P00444000,444.0,0,0.0,0.0,,0.0,normalDay
2023-08-08,8693.0,2.0,0.0,0,448.75,0.0,1,0.15,0.13,SPY230809P00444000,444.0,0,0.0,0.0,,0.0,normalDay
2023-08-09,8708.0,0.0,15.0,0,445.75,0.0,1,0.15,0.0,SPY230809P00444000,444.0,0,0.0,0.0,,0.0,expirationDay
2023-08-10,8708.0,-3.0,0.0,0,445.91,0.0,1,1.16,1.19,SPY230811P00445000,445.0,0,0.0,0.0,,0.0,normalDay
2023-08-11,8824.0,0.0,116.0,0,445.65,0.0,1,1.16,0.0,SPY230811P00445000,445.0,0,0.0,0.0,,0.0,expirationDay
2023-08-14,8824.0,-3.0,0.0,0,448.11,0.0,1,0.48,0.51,SPY230816P00444000,444.0,0,0.0,0.0,,0.0,normalDay
2023-08-15,8824.0,-159.0,0.0,0,442.89,0.0,1,0.48,2.07,SPY230816P00444000,444.0,0,0.0,0.0,,0.0,normalDay
2023-08-16,8872.0,-436.0,48.0,100,439.64,444.0,1,0.48,0.0,SPY230816P00444000,444.0,0,0.0,0.0,,0.0,expirationDay
2023-08-17,8872.0,-774.0,0.0,100,436.29,444.0,0,0.0,0.0,,0.0,1,0.65,0.68,SPY230828C00448000,448.0,normalDay
2023-08-18,8872.0,-732.0,0.0,100,436.5,444.0,0,0.0,0.0,,0.0,1,0.65,0.47,SPY230828C00448000,448.0,normalDay
2023-08-21,8872.0,-454.0,0.0,100,439.34,444.0,0,0.0,0.0,,0.0,1,0.65,0.53,SPY230828C00448000,448.0,normalDay
2023-08-22,8872.0,-549.0,0.0,100,438.15,444.0,0,0.0,0.0,,0.0,1,0.65,0.29,SPY230828C00448000,448.0,normalDay
2023-08-23,8872.0,-124.0,0.0,100,443.03,444.0,0,0.0,0.0,,0.0,1,0.65,0.92,SPY230828C00448000,448.0,normalDay
2023-08-24,8872.0,-653.0,0.0,100,436.89,444.0,0,0.0,0.0,,0.0,1,0.65,0.07,SPY230828C00448000,448.0,normalDay
2023-08-25,8872.0,-341.0,0.0,100,439.97,444.0,0,0.0,0.0,,0.0,1,0.65,0.03,SPY230828C00448000,448.0,normalDay
2023-08-28,8937.0,-124.0,65.0,100,442.76,444.0,0,0.0,0.0,,0.0,1,0.65,0.0,SPY230828C00448000,448.0,expirationDay
2023-08-29,8937.0,499.0,0.0,100,449.16,444.0,0,0.0,0.0,,0.0,1,8.13,8.3,SPY230908C00443000,443.0,normalDay
2023-08-30,8937.0,563.0,0.0,100,451.01,444.0,0,0.0,0.0,,0.0,1,8.13,9.51,SPY230908C00443000,443.0,normalDay
2023-08-31,8937.0,565.0,0.0,100,450.35,444.0,0,0.0,0.0,,0.0,1,8.13,8.83,SPY230908C00443000,443.0,normalDay
2023-09-01,8937.0,652.0,0.0,100,451.19,444.0,0,0.0,0.0,,0.0,1,8.13,8.8,SPY230908C00443000,443.0,normalDay
2023-09-05,8937.0,653.0,0.0,100,449.24,444.0,0,0.0,0.0,,0.0,1,8.13,6.84,SPY230908C00443000,443.0,normalDay
2023-09-06,8937.0,652.0,0.0,100,446.22,444.0,0,0.0,0.0,,0.0,1,8.13,3.83,SPY230908C00443000,443.0,normalDay
2023-09-07,8937.0,664.0,0.0,100,444.85,444.0,0,0.0,0.0,,0.0,1,8.13,2.34,SPY230908C00443000,443.0,normalDay
2023-09-08,9650.0,664.0,713.0,0,445.52,0.0,0,0.0,0.0,,0.0,1,8.13,0.0,SPY230908C00443000,443.0,expirationDay
2023-09-11,9650.0,-3.0,0.0,0,448.45,0.0,1,0.01,0.04,SPY230913P00434000,434.0,0,0.0,0.0,,0.0,normalDay
2023-09-12,9650.0,-2.0,0.0,0,445.99,0.0,1,0.01,0.03,SPY230913P00434000,434.0,0,0.0,0.0,,0.0,normalDay
2023-09-13,9651.0,0.0,1.0,0,446.51,0.0,1,0.01,0.0,SPY230913P00434000,434.0,0,0.0,0.0,,0.0,expirationDay
2023-09-14,9651.0,-3.0,0.0,0,450.36,0.0,1,0.01,0.04,SPY230915P00434000,434.0,0,0.0,0.0,,0.0,normalDay
2023-09-15,9652.0,0.0,1.0,0,443.37,0.0,1,0.01,0.0,SPY230915P00434000,434.0,0,0.0,0.0,,0.0,expirationDay
2023-09-18,9652.0,-3.0,0.0,0,443.63,0.0,1,0.14,0.17,SPY230920P00437000,437.0,0,0.0,0.0,,0.0,normalDay
2023-09-19,9652.0,3.0,0.0,0,442.71,0.0,1,0.14,0.11,SPY230920P00437000,437.0,0,0.0,0.0,,0.0,normalDay
2023-09-20,9666.0,0.0,14.0,0,438.64,0.0,1,0.14,0.0,SPY230920P00437000,437.0,0,0.0,0.0,,0.0,expirationDay
2023-09-21,9666.0,-4.0,0.0,0,431.39,0.0,1,3.17,3.21,SPY230922P00434000,434.0,0,0.0,0.0,,0.0,normalDay
2023-09-22,9983.0,-358.0,317.0,100,430.42,434.0,1,3.17,0.0,SPY230922P00434000,434.0,0,0.0,0.0,,0.0,expirationDay
2023-09-25,9983.0,-180.0,0.0,100,432.23,434.0,0,0.0,0.0,,0.0,1,0.81,0.84,SPY231006C00443000,443.0,normalDay
2023-09-26,9983.0,-757.0,0.0,100,425.88,434.0,0,0.0,0.0,,0.0,1,0.81,0.26,SPY231006C00443000,443.0,normalDay
2023-09-27,9983.0,-734.0,0.0,100,426.05,434.0,0,0.0,0.0,,0.0,1,0.81,0.2,SPY231006C00443000,443.0,normalDay
2023-09-28,9983.0,-488.0,0.0,100,428.52,434.0,0,0.0,0.0,,0.0,1,0.81,0.21,SPY231006C00443000,443.0,normalDay
2023-09-29,9983.0,-579.0,0.0,100,427.48,434.0,0,0.0,0.0,,0.0,1,0.81,0.08,SPY231006C00443000,443.0,normalDay
2023-10-02,9983.0,-592.0,0.0,100,427.31,434.0,0,0.0,0.0,,0.0,1,0.81,0.04,SPY231006C00443000,443.0,normalDay
2023-10-03,9983.0,-1162.0,0.0,100,421.59,434.0,0,0.0,0.0,,0.0,1,0.81,0.02,SPY231006C00443000,443.0,normalDay
2023-10-04,9983.0,-854.0,0.0,100,424.66,434.0,0,0.0,0.0,,0.0,1,0.81,0.01,SPY231006C00443000,443.0,normalDay
2023-10-05,9983.0,-870.0,0.0,100,424.5,434.0,0,0.0,0.0,,0.0,1,0.81,0.01,SPY231006C00443000,443.0,normalDay
2023-10-06,10064.0,-446.0,81.0,100,429.54,434.0,0,0.0,0.0,,0.0,1,0.81,0.0,SPY231006C00443000,443.0,expirationDay
2023-10-09,10064.0,-175.0,0.0,100,432.29,434.0,0,0.0,0.0,,0.0,1,5.48,5.52,SPY231020C00432000,432.0,normalDay
2023-10-10,10064.0,-29.0,0.0,100,434.54,434.0,0,0.0,0.0,,0.0,1,5.48,6.31,SPY231020C00432000,432.0,normalDay
2023-10-11,10064.0,29.0,0.0,100,436.32,434.0,0,0.0,0.0,,0.0,1,5.48,7.51,SPY231020C00432000,432.0,normalDay
2023-10-12,10064.0,3.0,0.0,100,433.66,434.0,0,0.0,0.0,,0.0,1,5.48,5.11,SPY231020C00432000,432.0,normalDay
2023-10-13,10064.0,-57.0,0.0,100,431.5,434.0,0,0.0,0.0,,0.0,1,5.48,3.55,SPY231020C00432000,432.0,normalDay
2023-10-16,10064.0,159.0,0.0,100,436.04,434.0,0,0.0,0.0,,0.0,1,5.48,5.93,SPY231020C00432000,432.0,normalDay
2023-10-17,10064.0,209.0,0.0,100,436.02,434.0,0,0.0,0.0,,0.0,1,5.48,5.41,SPY231020C00432000,432.0,normalDay
2023-10-18,10064.0,-30.0,0.0,100,430.21,434.0,0,0.0,0.0,,0.0,1,5.48,1.99,SPY231020C00432000,432.0,normalDay
2023-10-19,10064.0,-229.0,0.0,100,426.43,434.0,0,0.0,0.0,,0.0,1,5.48,0.2,SPY231020C00432000,432.0,normalDay
2023-10-20,10612.0,-1281.0,548.0,100,421.19,434.0,0,0.0,0.0,,0.0,1,5.48,0.0,SPY231020C00432000,432.0,expirationDay
2023-10-23,10612.0,-1357.0,0.0,100,420.46,434.0,0,0.0,0.0,,0.0,1,2.75,2.78,SPY231103C00428000,428.0,normalDay
2023-10-24,10612.0,-1094.0,0.0,100,423.63,434.0,0,0.0,0.0,,0.0,1,2.75,3.32,SPY231103C00428000,428.0,normalDay
2023-10-25,10612.0,-1499.0,0.0,100,417.55,434.0,0,0.0,0.0,,0.0,1,2.75,1.29,SPY231103C00428000,428.0,normalDay
2023-10-26,10612.0,-1912.0,0.0,100,412.55,434.0,0,0.0,0.0,,0.0,1,2.75,0.42,SPY231103C00428000,428.0,normalDay
2023-10-27,10612.0,-2073.0,0.0,100,410.68,434.0,0,0.0,0.0,,0.0,1,2.75,0.16,SPY231103C00428000,428.0,normalDay
2023-10-30,10612.0,-1591.0,0.0,100,415.59,434.0,0,0.0,0.0,,0.0,1,2.75,0.25,SPY231103C00428000,428.0,normalDay
2023-10-31,10612.0,-1329.0,0.0,100,418.2,434.0,0,0.0,0.0,,0.0,1,2.75,0.24,SPY231103C00428000,428.0,normalDay
2023-11-01,10612.0,-911.0,0.0,100,422.66,434.0,0,0.0,0.0,,0.0,1,2.75,0.52,SPY231103C00428000,428.0,normalDay
2023-11-02,10612.0,-369.0,0.0,100,430.76,434.0,0,0.0,0.0,,0.0,1,2.75,3.2,SPY231103C00428000,428.0,normalDay
2023-11-03,10287.0,-369.0,-325.0,0,434.69,0.0,0,0.0,0.0,,0.0,1,2.75,0.0,SPY231103C00428000,428.0,expirationDay
2023-11-06,10287.0,0.0,0.0,0,435.69,0.0,0,0.0,0.0,,0.0,0,0.0,0.0,,0.0,bidTooLow
2023-11-07,10287.0,0.0,0.0,0,436.93,0.0,0,0.0,0.0,,0.0,0,0.0,0.0,,0.0,bidTooLow
2023-11-08,10287.0,0.0,0.0,0,437.25,0.0,0,0.0,0.0,,0.0,0,0.0,0.0,,0.0,bidTooLow
2023-11-09,10287.0,0.0,0.0,0,433.84,0.0,0,0.0,0.0,,0.0,0,0.0,0.0,,0.0,bidTooLow
2023-11-10,10287.0,0.0,0.0,0,440.61,0.0,0,0.0,0.0,,0.0,0,0.0,0.0,,0.0,bidTooLow
2023-11-13,10287.0,0.0,0.0,0,440.19,0.0,0,0.0,0.0,,0.0,0,0.0,0.0,,0.0,bidTooLow
2023-11-14,10287.0,-3.0,0.0,0,448.73,0.0,1,0.01,0.04,SPY231116P00407000,407.0,0,0.0,0.0,,0.0,normalDay
2023-11-15,10287.0,-1.0,0.0,0,449.68,0.0,1,0.01,0.02,SPY231116P00407000,407.0,0,0.0,0.0,,0.0,normalDay
2023-11-16,10288.0,0.0,1.0,0,450.23,0.0,1,0.01,0.0,SPY231116P00407000,407.0,0,0.0,0.0,,0.0,expirationDay
2023-11-17,10288.0,0.0,0.0,0,450.79,0.0,0,0.0,0.0,,0.0,0,0.0,0.0,,0.0,bidTooLow
2023-11-20,10288.0,0.0,0.0,0,454.26,0.0,0,0.0,0.0,,0.0,0,0.0,0.0,,0.0,bidTooLow
2023-11-21,10288.0,0.0,0.0,0,453.27,0.0,0,0.0,0.0,,0.0,0,0.0,0.0,,0.0,bidTooLow
2023-11-22,10288.0,0.0,0.0,0,455.02,0.0,0,0.0,0.0,,0.0,0,0.0,0.0,,0.0,bidTooLow
2023-11-24,10288.0,0.0,0.0,0,455.3,0.0,0,0.0,0.0,,0.0,0,0.0,0.0,,0.0,bidTooLow
2023-11-27,10288.0,0.0,0.0,0,454.48,0.0,0,0.0,0.0,,0.0,0,0.0,0.0,,0.0,bidTooLow
2023-11-28,10288.0,0.0,0.0,0,454.93,0.0,0,0.0,0.0,,0.0,0,0.0,0.0,,0.0,bidTooLow
2023-11-29,10288.0,0.0,0.0,0,454.61,0.0,0,0.0,0.0,,0.0,0,0.0,0.0,,0.0,bidTooLow
2023-11-30,10288.0,0.0,0.0,0,456.4,0.0,0,0.0,0.0,,0.0,0,0.0,0.0,,0.0,bidTooLow
