date,totalCapital,unrializedPnL,rializedPnL,stocksOwned,stocksPriceToday,stocksPriceBoughtAt,putOwned,putOwnedSoldAt,putPriceToday,putOwnedContract,putOwnedStrike,callOwned,callOwnedSoldAt,callPriceToday,callOwnedContract,callOwnedStrike,trackType
2018-11-01,0.0,-11.0,0.0,0,273.51,0.0,1,9.14,9.25,SPY190315P00268000,268.0,0,0.0,0.0,,0.0,normalDay
2018-11-02,0.0,-63.0,0.0,0,271.89,0.0,1,9.14,9.77,SPY190315P00268000,268.0,0,0.0,0.0,,0.0,normalDay
2018-11-05,0.0,17.0,0.0,0,273.39,0.0,1,9.14,8.97,SPY190315P00268000,268.0,0,0.0,0.0,,0.0,normalDay
2018-11-06,0.0,92.0,0.0,0,275.12,0.0,1,9.14,8.22,SPY190315P00268000,268.0,0,0.0,0.0,,0.0,normalDay
2018-11-07,0.0,320.0,0.0,0,281.01,0.0,1,9.14,5.94,SPY190315P00268000,268.0,0,0.0,0.0,,0.0,normalDay
2018-11-08,0.0,324.0,0.0,0,280.5,0.0,1,9.14,5.9,SPY190315P00268000,268.0,0,0.0,0.0,,0.0,normalDay
2018-11-09,0.0,222.0,0.0,0,277.76,0.0,1,9.14,6.92,SPY190315P00268000,268.0,0,0.0,0.0,,0.0,normalDay
2018-11-12,0.0,22.0,0.0,0,272.57,0.0,1,9.14,8.92,SPY190315P00268000,268.0,0,0.0,0.0,,0.0,normalDay
2018-11-13,0.0,-15.0,0.0,0,272.06,0.0,1,9.14,9.29,SPY190315P00268000,268.0,0,0.0,0.0,,0.0,normalDay
2018-11-14,0.0,-125.0,0.0,0,270.2,0.0,1,9.14,10.39,SPY190315P00268000,268.0,0,0.0,0.0,,0.0,normalDay
2018-11-15,0.0,9.0,0.0,0,273.02,0.0,1,9.14,9.05,SPY190315P00268000,268.0,0,0.0,0.0,,0.0,normalDay
2018-11-16,0.0,85.0,0.0,0,273.73,0.0,1,9.14,8.29,SPY190315P00268000,268.0,0,0.0,0.0,,0.0,normalDay
2018-11-19,0.0,-121.0,0.0,0,269.1,0.0,1,9.14,10.35,SPY190315P00268000,268.0,0,0.0,0.0,,0.0,normalDay
2018-11-20,0.0,-403.0,0.0,0,264.12,0.0,1,9.14,13.17,SPY190315P00268000,268.0,0,0.0,0.0,,0.0,normalDay
2018-11-21,0.0,-311.0,0.0,0,265.02,0.0,1,9.14,12.25,SPY190315P00268000,268.0,0,0.0,0.0,,0.0,normalDay
2018-11-23,0.0,-413.0,0.0,0,263.25,0.0,1,9.14,13.27,SPY190315P00268000,268.0,0,0.0,0.0,,0.0,normalDay
2018-11-26,0.0,-119.0,0.0,0,267.5,0.0,1,9.14,10.33,SPY190315P00268000,268.0,0,0.0,0.0,,0.0,normalDay
2018-11-27,0.0,-91.0,0.0,0,268.4,0.0,1,9.14,10.05,SPY190315P00268000,268.0,0,0.0,0.0,,0.0,normalDay
2018-11-28,0.0,141.0,0.0,0,274.58,0.0,1,9.14,7.73,SPY190315P00268000,268.0,0,0.0,0.0,,0.0,normalDay
2018-11-29,0.0,125.0,0.0,0,273.98,0.0,1,9.14,7.89,SPY190315P00268000,268.0,0,0.0,0.0,,0.0,normalDay
2018-11-30,0.0,206.0,0.0,0,275.65,0.0,1,9.14,7.08,SPY190315P00268000,268.0,0,0.0,0.0,,0.0,normalDay
2018-12-03,0.0,349.0,0.0,0,279.3,0.0,1,9.14,5.65,SPY190315P00268000,268.0,0,0.0,0.0,,0.0,normalDay
2018-12-04,0.0,-27.0,0.0,0,270.25,0.0,1,9.14,9.41,SPY190315P00268000,268.0,0,0.0,0.0,,0.0,normalDay
2018-12-06,0.0,-50.0,0.0,0,269.84,0.0,1,9.14,9.64,SPY190315P00268000,268.0,0,0.0,0.0,,0.0,normalDay
2018-12-07,0.0,-387.0,0.0,0,263.57,0.0,1,9.14,13.01,SPY190315P00268000,268.0,0,0.0,0.0,,0.0,normalDay
2018-12-10,0.0,-312.0,0.0,0,264.07,0.0,1,9.14,12.26,SPY190315P00268000,268.0,0,0.0,0.0,,0.0,normalDay
2018-12-11,0.0,-303.0,0.0,0,264.13,0.0,1,9.14,12.17,SPY190315P00268000,268.0,0,0.0,0.0,,0.0,normalDay
2018-12-12,0.0,-253.0,0.0,0,265.46,0.0,1,9.14,11.67,SPY190315P00268000,268.0,0,0.0,0.0,,0.0,normalDay
2018-12-13,0.0,-242.0,0.0,0,265.37,0.0,1,9.14,11.56,SPY190315P00268000,268.0,0,0.0,0.0,,0.0,normalDay
2018-12-14,0.0,-513.0,0.0,0,260.47,0.0,1,9.14,14.27,SPY190315P00268000,268.0,0,0.0,0.0,,0.0,normalDay
2018-12-17,0.0,-847.0,0.0,0,255.36,0.0,1,9.14,17.61,SPY190315P00268000,268.0,0,0.0,0.0,,0.0,normalDay
2018-12-18,0.0,-928.0,0.0,0,255.08,0.0,1,9.14,18.42,SPY190315P00268000,268.0,0,0.0,0.0,,0.0,normalDay
2018-12-19,0.0,-1140.0,0.0,0,251.26,0.0,1,9.14,20.54,SPY190315P00268000,268.0,0,0.0,0.0,,0.0,normalDay
2018-12-20,0.0,-1439.0,0.0,0,247.17,0.0,1,9.14,23.53,SPY190315P00268000,268.0,0,0.0,0.0,,0.0,normalDay
2018-12-21,0.0,-1986.0,0.0,0,240.7,0.0,1,9.14,29.0,SPY190315P00268000,268.0,0,0.0,0.0,,0.0,normalDay
2018-12-24,0.0,-2746.0,0.0,0,234.34,0.0,1,9.14,36.6,SPY190315P00268000,268.0,0,0.0,0.0,,0.0,normalDay
2018-12-26,0.0,-1450.0,0.0,0,246.18,0.0,1,9.14,23.64,SPY190315P00268000,268.0,0,0.0,0.0,,0.0,normalDay
2018-12-27,0.0,-1293.0,0.0,0,248.07,0.0,1,9.14,22.07,SPY190315P00268000,268.0,0,0.0,0.0,,0.0,normalDay
2018-12-28,0.0,-1341.0,0.0,0,247.75,0.0,1,9.14,22.55,SPY190315P00268000,268.0,0,0.0,0.0,,0.0,normalDay
2018-12-31,0.0,-1127.0,0.0,0,249.92,0.0,1,9.14,20.41,SPY190315P00268000,268.0,0,0.0,0.0,,0.0,normalDay
2019-01-02,0.0,-1051.0,0.0,0,250.18,0.0,1,9.14,19.65,SPY190315P00268000,268.0,0,0.0,0.0,,0.0,normalDay
2019-01-03,0.0,-1597.0,0.0,0,244.21,0.0,1,9.14,25.11,SPY190315P00268000,268.0,0,0.0,0.0,,0.0,normalDay
2019-01-04,0.0,-867.0,0.0,0,252.39,0.0,1,9.14,17.81,SPY190315P00268000,268.0,0,0.0,0.0,,0.0,normalDay
2019-01-07,0.0,-717.0,0.0,0,254.38,0.0,1,9.14,16.31,SPY190315P00268000,268.0,0,0.0,0.0,,0.0,normalDay
2019-01-08,0.0,-518.0,0.0,0,256.77,0.0,1,9.14,14.32,SPY190315P00268000,268.0,0,0.0,0.0,,0.0,normalDay
2019-01-09,0.0,-416.0,0.0,0,257.97,0.0,1,9.14,13.3,SPY190315P00268000,268.0,0,0.0,0.0,,0.0,normalDay
2019-01-10,0.0,-338.0,0.0,0,258.88,0.0,1,9.14,12.52,SPY190315P00268000,268.0,0,0.0,0.0,,0.0,normalDay
2019-01-11,0.0,-290.0,0.0,0,258.98,0.0,1,9.14,12.04,SPY190315P00268000,268.0,0,0.0,0.0,,0.0,normalDay
2019-01-14,0.0,-380.0,0.0,0,257.4,0.0,1,9.14,12.94,SPY190315P00268000,268.0,0,0.0,0.0,,0.0,normalDay
2019-01-15,0.0,-156.0,0.0,0,260.35,0.0,1,9.14,10.7,SPY190315P00268000,268.0,0,0.0,0.0,,0.0,normalDay
2019-01-16,0.0,-111.0,0.0,0,260.98,0.0,1,9.14,10.25,SPY190315P00268000,268.0,0,0.0,0.0,,0.0,normalDay
2019-01-17,0.0,13.0,0.0,0,262.96,0.0,1,9.14,9.01,SPY190315P00268000,268.0,0,0.0,0.0,,0.0,normalDay
2019-01-18,0.0,193.0,0.0,0,266.46,0.0,1,9.14,7.21,SPY190315P00268000,268.0,0,0.0,0.0,,0.0,normalDay
2019-01-22,0.0,-22.0,0.0,0,262.86,0.0,1,9.14,9.36,SPY190315P00268000,268.0,0,0.0,0.0,,0.0,normalDay
2019-01-23,0.0,3.0,0.0,0,263.41,0.0,1,9.14,9.11,SPY190315P00268000,268.0,0,0.0,0.0,,0.0,normalDay
2019-01-24,0.0,22.0,0.0,0,263.55,0.0,1,9.14,8.92,SPY190315P00268000,268.0,0,0.0,0.0,,0.0,normalDay
2019-01-25,0.0,198.0,0.0,0,265.78,0.0,1,9.14,7.16,SPY190315P00268000,268.0,0,0.0,0.0,,0.0,normalDay
2019-01-28,0.0,75.0,0.0,0,263.76,0.0,1,9.14,8.39,SPY190315P00268000,268.0,0,0.0,0.0,,0.0,normalDay
2019-01-29,0.0,49.0,0.0,0,263.41,0.0,1,9.14,8.65,SPY190315P00268000,268.0,0,0.0,0.0,,0.0,normalDay
2019-01-30,0.0,302.0,0.0,0,267.58,0.0,1,9.14,6.12,SPY190315P00268000,268.0,0,0.0,0.0,,0.0,normalDay
2019-01-31,0.0,457.0,0.0,0,269.93,0.0,1,9.14,4.57,SPY190315P00268000,268.0,0,0.0,0.0,,0.0,normalDay
2019-02-01,0.0,472.0,0.0,0,270.06,0.0,1,9.14,4.42,SPY190315P00268000,268.0,0,0.0,0.0,,0.0,normalDay
2019-02-04,0.0,565.0,0.0,0,271.96,0.0,1,9.14,3.49,SPY190315P00268000,268.0,0,0.0,0.0,,0.0,normalDay
2019-02-05,0.0,596.0,0.0,0,273.1,0.0,1,9.14,3.18,SPY190315P00268000,268.0,0,0.0,0.0,,0.0,normalDay
2019-02-06,0.0,601.0,0.0,0,272.74,0.0,1,9.14,3.13,SPY190315P00268000,268.0,0,0.0,0.0,,0.0,normalDay
2019-02-07,0.0,505.0,0.0,0,270.14,0.0,1,9.14,4.09,SPY190315P00268000,268.0,0,0.0,0.0,,0.0,normalDay
2019-02-08,0.0,527.0,0.0,0,270.47,0.0,1,9.14,3.87,SPY190315P00268000,268.0,0,0.0,0.0,,0.0,normalDay
2019-02-11,0.0,548.0,0.0,0,270.62,0.0,1,9.14,3.66,SPY190315P00268000,268.0,0,0.0,0.0,,0.0,normalDay
2019-02-12,0.0,677.0,0.0,0,274.1,0.0,1,9.14,2.37,SPY190315P00268000,268.0,0,0.0,0.0,,0.0,normalDay
2019-02-13,0.0,693.0,0.0,0,274.99,0.0,1,9.14,2.21,SPY190315P00268000,268.0,0,0.0,0.0,,0.0,normalDay
2019-02-14,0.0,671.0,0.0,0,274.38,0.0,1,9.14,2.43,SPY190315P00268000,268.0,0,0.0,0.0,,0.0,normalDay
2019-02-15,0.0,761.0,0.0,0,277.37,0.0,1,9.14,1.53,SPY190315P00268000,268.0,0,0.0,0.0,,0.0,normalDay
2019-02-19,0.0,785.0,0.0,0,277.85,0.0,1,9.14,1.29,SPY190315P00268000,268.0,0,0.0,0.0,,0.0,normalDay
2019-02-20,0.0,813.0,0.0,0,278.41,0.0,1,9.14,1.01,SPY190315P00268000,268.0,0,0.0,0.0,,0.0,normalDay
2019-02-21,0.0,798.0,0.0,0,277.42,0.0,1,9.14,1.16,SPY190315P00268000,268.0,0,0.0,0.0,,0.0,normalDay
2019-02-22,0.0,837.0,0.0,0,279.14,0.0,1,9.14,0.77,SPY190315P00268000,268.0,0,0.0,0.0,,0.0,normalDay
2019-02-25,0.0,840.0,0.0,0,279.52,0.0,1,9.14,0.74,SPY190315P00268000,268.0,0,0.0,0.0,,0.0,normalDay
2019-02-26,0.0,838.0,0.0,0,279.32,0.0,1,9.14,0.76,SPY190315P00268000,268.0,0,0.0,0.0,,0.0,normalDay
2019-02-27,0.0,846.0,0.0,0,279.2,0.0,1,9.14,0.68,SPY190315P00268000,268.0,0,0.0,0.0,,0.0,normalDay
2019-02-28,0.0,844.0,0.0,0,278.68,0.0,1,9.14,0.7,SPY190315P00268000,268.0,0,0.0,0.0,,0.0,normalDay
2019-03-01,0.0,874.0,0.0,0,280.42,0.0,1,9.14,0.4,SPY190315P00268000,268.0,0,0.0,0.0,,0.0,normalDay
2019-03-04,0.0,869.0,0.0,0,279.4,0.0,1,9.14,0.45,SPY190315P00268000,268.0,0,0.0,0.0,,0.0,normalDay
2019-03-05,0.0,872.0,0.0,0,279.02,0.0,1,9.14,0.42,SPY190315P00268000,268.0,0,0.0,0.0,,0.0,normalDay
2019-03-06,0.0,856.0,0.0,0,277.33,0.0,1,9.14,0.58,SPY190315P00268000,268.0,0,0.0,0.0,,0.0,normalDay
2019-03-07,0.0,832.0,0.0,0,275.01,0.0,1,9.14,0.82,SPY190315P00268000,268.0,0,0.0,0.0,,0.0,normalDay
2019-03-08,0.0,854.0,0.0,0,274.46,0.0,1,9.14,0.6,SPY190315P00268000,268.0,0,0.0,0.0,,0.0,normalDay
2019-03-11,0.0,902.0,0.0,0,278.44,0.0,1,9.14,0.12,SPY190315P00268000,268.0,0,0.0,0.0,,0.0,normalDay
2019-03-12,0.0,908.0,0.0,0,279.49,0.0,1,9.14,0.06,SPY190315P00268000,268.0,0,0.0,0.0,,0.0,normalDay
2019-03-13,0.0,911.0,0.0,0,281.34,0.0,1,9.14,0.03,SPY190315P00268000,268.0,0,0.0,0.0,,0.0,normalDay
2019-03-14,0.0,911.0,0.0,0,281.16,0.0,1,9.14,0.03,SPY190315P00268000,268.0,0,0.0,0.0,,0.0,normalDay
2019-03-15,914.0,0.0,914.0,0,281.31,0.0,1,9.14,0.0,SPY190315P00268000,268.0,0,0.0,0.0,,0.0,expirationDay
2019-03-18,914.0,-4.0,0.0,0,282.33,0.0,1,6.28,6.32,SPY190719P00277000,277.0,0,0.0,0.0,,0.0,normalDay
2019-03-19,914.0,-26.0,0.0,0,282.4,0.0,1,6.28,6.54,SPY190719P00277000,277.0,0,0.0,0.0,,0.0,normalDay
2019-03-20,914.0,-57.0,0.0,0,281.55,0.0,1,6.28,6.85,SPY190719P00277000,277.0,0,0.0,0.0,,0.0,normalDay
2019-03-21,914.0,44.0,0.0,0,284.73,0.0,1,6.28,5.84,SPY190719P00277000,277.0,0,0.0,0.0,,0.0,normalDay
2019-03-22,914.0,-173.0,0.0,0,279.25,0.0,1,6.28,8.01,SPY190719P00277000,277.0,0,0.0,0.0,,0.0,normalDay
2019-03-25,914.0,-201.0,0.0,0,279.04,0.0,1,6.28,8.29,SPY190719P00277000,277.0,0,0.0,0.0,,0.0,normalDay
2019-03-26,914.0,-99.0,0.0,0,281.12,0.0,1,6.28,7.27,SPY190719P00277000,277.0,0,0.0,0.0,,0.0,normalDay
2019-03-27,914.0,-150.0,0.0,0,279.65,0.0,1,6.28,7.78,SPY190719P00277000,277.0,0,0.0,0.0,,0.0,normalDay
2019-03-28,914.0,-88.0,0.0,0,280.71,0.0,1,6.28,7.16,SPY190719P00277000,277.0,0,0.0,0.0,,0.0,normalDay
2019-03-29,914.0,-7.0,0.0,0,282.48,0.0,1,6.28,6.35,SPY190719P00277000,277.0,0,0.0,0.0,,0.0,normalDay
2019-04-01,914.0,98.0,0.0,0,285.83,0.0,1,6.28,5.3,SPY190719P00277000,277.0,0,0.0,0.0,,0.0,normalDay
2019-04-02,914.0,107.0,0.0,0,285.97,0.0,1,6.28,5.21,SPY190719P00277000,277.0,0,0.0,0.0,,0.0,normalDay
2019-04-03,914.0,126.0,0.0,0,286.42,0.0,1,6.28,5.02,SPY190719P00277000,277.0,0,0.0,0.0,,0.0,normalDay
2019-04-04,914.0,149.0,0.0,0,287.18,0.0,1,6.28,4.79,SPY190719P00277000,277.0,0,0.0,0.0,,0.0,normalDay
2019-04-05,914.0,201.0,0.0,0,288.57,0.0,1,6.28,4.27,SPY190719P00277000,277.0,0,0.0,0.0,,0.0,normalDay
2019-04-08,914.0,209.0,0.0,0,288.79,0.0,1,6.28,4.19,SPY190719P00277000,277.0,0,0.0,0.0,,0.0,normalDay
2019-04-09,914.0,146.0,0.0,0,287.31,0.0,1,6.28,4.82,SPY190719P00277000,277.0,0,0.0,0.0,,0.0,normalDay
2019-04-10,914.0,202.0,0.0,0,288.29,0.0,1,6.28,4.26,SPY190719P00277000,277.0,0,0.0,0.0,,0.0,normalDay
2019-04-11,914.0,203.0,0.0,0,288.21,0.0,1,6.28,4.25,SPY190719P00277000,277.0,0,0.0,0.0,,0.0,normalDay
2019-04-12,914.0,276.0,0.0,0,290.16,0.0,1,6.28,3.52,SPY190719P00277000,277.0,0,0.0,0.0,,0.0,normalDay
2019-04-15,914.0,284.0,0.0,0,289.97,0.0,1,6.28,3.44,SPY190719P00277000,277.0,0,0.0,0.0,,0.0,normalDay
2019-04-16,914.0,288.0,0.0,0,290.16,0.0,1,6.28,3.4,SPY190719P00277000,277.0,0,0.0,0.0,,0.0,normalDay
2019-04-17,914.0,269.0,0.0,0,289.45,0.0,1,6.28,3.59,SPY190719P00277000,277.0,0,0.0,0.0,,0.0,normalDay
2019-04-18,914.0,290.0,0.0,0,290.02,0.0,1,6.28,3.38,SPY190719P00277000,277.0,0,0.0,0.0,,0.0,normalDay
2019-04-22,914.0,310.0,0.0,0,290.27,0.0,1,6.28,3.18,SPY190719P00277000,277.0,0,0.0,0.0,,0.0,normalDay
2019-04-23,914.0,356.0,0.0,0,292.88,0.0,1,6.28,2.72,SPY190719P00277000,277.0,0,0.0,0.0,,0.0,normalDay
2019-04-24,914.0,337.0,0.0,0,292.23,0.0,1,6.28,2.91,SPY190719P00277000,277.0,0,0.0,0.0,,0.0,normalDay
2019-04-25,914.0,330.0,0.0,0,292.05,0.0,1,6.28,2.98,SPY190719P00277000,277.0,0,0.0,0.0,,0.0,normalDay
2019-04-26,914.0,360.0,0.0,0,293.41,0.0,1,6.28,2.68,SPY190719P00277000,277.0,0,0.0,0.0,,0.0,normalDay
2019-04-29,914.0,369.0,0.0,0,293.87,0.0,1,6.28,2.59,SPY190719P00277000,277.0,0,0.0,0.0,,0.0,normalDay
2019-04-30,914.0,374.0,0.0,0,294.02,0.0,1,6.28,2.54,SPY190719P00277000,277.0,0,0.0,0.0,,0.0,normalDay
2019-05-01,914.0,315.0,0.0,0,291.81,0.0,1,6.28,3.13,SPY190719P00277000,277.0,0,0.0,0.0,,0.0,normalDay
2019-05-02,914.0,306.0,0.0,0,291.18,0.0,1,6.28,3.22,SPY190719P00277000,277.0,0,0.0,0.0,,0.0,normalDay
2019-05-03,914.0,383.0,0.0,0,294.03,0.0,1,6.28,2.45,SPY190719P00277000,277.0,0,0.0,0.0,,0.0,normalDay
2019-05-06,914.0,330.0,0.0,0,292.82,0.0,1,6.28,2.98,SPY190719P00277000,277.0,0,0.0,0.0,,0.0,normalDay
2019-05-07,914.0,140.0,0.0,0,287.93,0.0,1,6.28,4.88,SPY190719P00277000,277.0,0,0.0,0.0,,0.0,normalDay
2019-05-08,914.0,147.0,0.0,0,287.53,0.0,1,6.28,4.81,SPY190719P00277000,277.0,0,0.0,0.0,,0.0,normalDay
2019-05-09,914.0,138.0,0.0,0,286.66,0.0,1,6.28,4.9,SPY190719P00277000,277.0,0,0.0,0.0,,0.0,normalDay
2019-05-10,914.0,229.0,0.0,0,288.1,0.0,1,6.28,3.99,SPY190719P00277000,277.0,0,0.0,0.0,,0.0,normalDay
2019-05-13,914.0,-69.0,0.0,0,280.86,0.0,1,6.28,6.97,SPY190719P00277000,277.0,0,0.0,0.0,,0.0,normalDay
2019-05-14,914.0,71.0,0.0,0,283.4,0.0,1,6.28,5.57,SPY190719P00277000,277.0,0,0.0,0.0,,0.0,normalDay
2019-05-15,914.0,167.0,0.0,0,285.06,0.0,1,6.28,4.61,SPY190719P00277000,277.0,0,0.0,0.0,,0.0,normalDay
2019-05-16,914.0,262.0,0.0,0,287.7,0.0,1,6.28,3.66,SPY190719P00277000,277.0,0,0.0,0.0,,0.0,normalDay
2019-05-17,914.0,208.0,0.0,0,285.84,0.0,1,6.28,4.2,SPY190719P00277000,277.0,0,0.0,0.0,,0.0,normalDay
2019-05-20,914.0,169.0,0.0,0,283.95,0.0,1,6.28,4.59,SPY190719P00277000,277.0,0,0.0,0.0,,0.0,normalDay
2019-05-21,914.0,269.0,0.0,0,286.51,0.0,1,6.28,3.59,SPY190719P00277000,277.0,0,0.0,0.0,,0.0,normalDay
2019-05-22,914.0,255.0,0.0,0,285.63,0.0,1,6.28,3.73,SPY190719P00277000,277.0,0,0.0,0.0,,0.0,normalDay
2019-05-23,914.0,107.0,0.0,0,282.14,0.0,1,6.28,5.21,SPY190719P00277000,277.0,0,0.0,0.0,,0.0,normalDay
2019-05-24,914.0,162.0,0.0,0,282.78,0.0,1,6.28,4.66,SPY190719P00277000,277.0,0,0.0,0.0,,0.0,normalDay
2019-05-28,914.0,71.0,0.0,0,280.15,0.0,1,6.28,5.57,SPY190719P00277000,277.0,0,0.0,0.0,,0.0,normalDay
2019-05-29,914.0,-11.0,0.0,0,278.27,0.0,1,6.28,6.39,SPY190719P00277000,277.0,0,0.0,0.0,,0.0,normalDay
2019-05-30,914.0,32.0,0.0,0,279.03,0.0,1,6.28,5.96,SPY190719P00277000,277.0,0,0.0,0.0,,0.0,normalDay
2019-05-31,914.0,-156.0,0.0,0,275.27,0.0,1,6.28,7.84,SPY190719P00277000,277.0,0,0.0,0.0,,0.0,normalDay
2019-06-03,914.0,-156.0,0.0,0,274.57,0.0,1,6.28,7.84,SPY190719P00277000,277.0,0,0.0,0.0,,0.0,normalDay
2019-06-04,914.0,130.0,0.0,0,280.53,0.0,1,6.28,4.98,SPY190719P00277000,277.0,0,0.0,0.0,,0.0,normalDay
2019-06-05,914.0,240.0,0.0,0,282.96,0.0,1,6.28,3.88,SPY190719P00277000,277.0,0,0.0,0.0,,0.0,normalDay
2019-06-06,914.0,305.0,0.0,0,284.8,0.0,1,6.28,3.23,SPY190719P00277000,277.0,0,0.0,0.0,,0.0,normalDay
2019-06-07,914.0,359.0,0.0,0,287.65,0.0,1,6.28,2.69,SPY190719P00277000,277.0,0,0.0,0.0,,0.0,normalDay
2019-06-10,914.0,405.0,0.0,0,288.97,0.0,1,6.28,2.23,SPY190719P00277000,277.0,0,0.0,0.0,,0.0,normalDay
2019-06-11,914.0,401.0,0.0,0,288.9,0.0,1,6.28,2.27,SPY190719P00277000,277.0,0,0.0,0.0,,0.0,normalDay
2019-06-12,914.0,401.0,0.0,0,288.39,0.0,1,6.28,2.27,SPY190719P00277000,277.0,0,0.0,0.0,,0.0,normalDay
2019-06-13,914.0,428.0,0.0,0,289.58,0.0,1,6.28,2.0,SPY190719P00277000,277.0,0,0.0,0.0,,0.0,normalDay
2019-06-14,914.0,442.0,0.0,0,289.26,0.0,1,6.28,1.86,SPY190719P00277000,277.0,0,0.0,0.0,,0.0,normalDay
2019-06-17,914.0,458.0,0.0,0,289.37,0.0,1,6.28,1.7,SPY190719P00277000,277.0,0,0.0,0.0,,0.0,normalDay
2019-06-18,914.0,501.0,0.0,0,292.4,0.0,1,6.28,1.27,SPY190719P00277000,277.0,0,0.0,0.0,,0.0,normalDay
2019-06-19,914.0,528.0,0.0,0,293.06,0.0,1,6.28,1.0,SPY190719P00277000,277.0,0,0.0,0.0,,0.0,normalDay
2019-06-20,914.0,550.0,0.0,0,295.86,0.0,1,6.28,0.78,SPY190719P00277000,277.0,0,0.0,0.0,,0.0,normalDay
2019-06-21,914.0,544.0,0.0,0,294.0,0.0,1,6.28,0.84,SPY190719P00277000,277.0,0,0.0,0.0,,0.0,normalDay
2019-06-24,914.0,553.0,0.0,0,293.64,0.0,1,6.28,0.75,SPY190719P00277000,277.0,0,0.0,0.0,,0.0,normalDay
2019-06-25,914.0,519.0,0.0,0,290.76,0.0,1,6.28,1.09,SPY190719P00277000,277.0,0,0.0,0.0,,0.0,normalDay
2019-06-26,914.0,520.0,0.0,0,290.47,0.0,1,6.28,1.08,SPY190719P00277000,277.0,0,0.0,0.0,,0.0,normalDay
2019-06-27,914.0,544.0,0.0,0,291.5,0.0,1,6.28,0.84,SPY190719P00277000,277.0,0,0.0,0.0,,0.0,normalDay
2019-06-28,914.0,564.0,0.0,0,293.0,0.0,1,6.28,0.64,SPY190719P00277000,277.0,0,0.0,0.0,,0.0,normalDay
2019-07-01,914.0,598.0,0.0,0,295.66,0.0,1,6.28,0.3,SPY190719P00277000,277.0,0,0.0,0.0,,0.0,normalDay
2019-07-02,914.0,609.0,0.0,0,296.43,0.0,1,6.28,0.19,SPY190719P00277000,277.0,0,0.0,0.0,,0.0,normalDay
2019-07-03,914.0,616.0,0.0,0,298.8,0.0,1,6.28,0.12,SPY190719P00277000,277.0,0,0.0,0.0,,0.0,normalDay
2019-07-05,914.0,614.0,0.0,0,298.46,0.0,1,6.28,0.14,SPY190719P00277000,277.0,0,0.0,0.0,,0.0,normalDay
2019-07-08,914.0,618.0,0.0,0,296.82,0.0,1,6.28,0.1,SPY190719P00277000,277.0,0,0.0,0.0,,0.0,normalDay
2019-07-09,914.0,620.0,0.0,0,297.19,0.0,1,6.28,0.08,SPY190719P00277000,277.0,0,0.0,0.0,,0.0,normalDay
2019-07-10,914.0,623.0,0.0,0,298.61,0.0,1,6.28,0.05,SPY190719P00277000,277.0,0,0.0,0.0,,0.0,normalDay
2019-07-11,914.0,623.0,0.0,0,299.31,0.0,1,6.28,0.05,SPY190719P00277000,277.0,0,0.0,0.0,,0.0,normalDay
2019-07-12,914.0,625.0,0.0,0,300.65,0.0,1,6.28,0.03,SPY190719P00277000,277.0,0,0.0,0.0,,0.0,normalDay
2019-07-15,914.0,625.0,0.0,0,300.75,0.0,1,6.28,0.03,SPY190719P00277000,277.0,0,0.0,0.0,,0.0,normalDay
2019-07-16,914.0,626.0,0.0,0,299.78,0.0,1,6.28,0.02,SPY190719P00277000,277.0,0,0.0,0.0,,0.0,normalDay
2019-07-17,914.0,626.0,0.0,0,297.74,0.0,1,6.28,0.02,SPY190719P00277000,277.0,0,0.0,0.0,,0.0,normalDay
2019-07-18,914.0,627.0,0.0,0,298.83,0.0,1,6.28,0.01,SPY190719P00277000,277.0,0,0.0,0.0,,0.0,normalDay
2019-07-19,1542.0,0.0,628.0,0,297.17,0.0,1,6.28,0.0,SPY190719P00277000,277.0,0,0.0,0.0,,0.0,expirationDay
2019-07-22,1542.0,-6.0,0.0,0,297.9,0.0,1,7.06,7.12,SPY191115P00293000,293.0,0,0.0,0.0,,0.0,normalDay
2019-07-23,1542.0,81.0,0.0,0,300.03,0.0,1,7.06,6.25,SPY191115P00293000,293.0,0,0.0,0.0,,0.0,normalDay
2019-07-24,1542.0,134.0,0.0,0,301.44,0.0,1,7.06,5.72,SPY191115P00293000,293.0,0,0.0,0.0,,0.0,normalDay
2019-07-25,1542.0,80.0,0.0,0,300.0,0.0,1,7.06,6.26,SPY191115P00293000,293.0,0,0.0,0.0,,0.0,normalDay
2019-07-26,1542.0,151.0,0.0,0,302.01,0.0,1,7.06,5.55,SPY191115P00293000,293.0,0,0.0,0.0,,0.0,normalDay
2019-07-29,1542.0,148.0,0.0,0,301.46,0.0,1,7.06,5.58,SPY191115P00293000,293.0,0,0.0,0.0,,0.0,normalDay
2019-07-30,1542.0,95.0,0.0,0,300.72,0.0,1,7.06,6.11,SPY191115P00293000,293.0,0,0.0,0.0,,0.0,normalDay
2019-07-31,1542.0,-53.0,0.0,0,297.43,0.0,1,7.06,7.59,SPY191115P00293000,293.0,0,0.0,0.0,,0.0,normalDay
2019-08-01,1542.0,-182.0,0.0,0,294.84,0.0,1,7.06,8.88,SPY191115P00293000,293.0,0,0.0,0.0,,0.0,normalDay
2019-08-02,1542.0,-272.0,0.0,0,292.62,0.0,1,7.06,9.78,SPY191115P00293000,293.0,0,0.0,0.0,,0.0,normalDay
2019-08-05,1542.0,-868.0,0.0,0,283.82,0.0,1,7.06,15.74,SPY191115P00293000,293.0,0,0.0,0.0,,0.0,normalDay
2019-08-06,1542.0,-537.0,0.0,0,287.8,0.0,1,7.06,12.43,SPY191115P00293000,293.0,0,0.0,0.0,,0.0,normalDay
2019-08-07,1542.0,-528.0,0.0,0,287.97,0.0,1,7.06,12.34,SPY191115P00293000,293.0,0,0.0,0.0,,0.0,normalDay
2019-08-08,1542.0,-199.0,0.0,0,293.62,0.0,1,7.06,9.05,SPY191115P00293000,293.0,0,0.0,0.0,,0.0,normalDay
2019-08-09,1542.0,-304.0,0.0,0,291.62,0.0,1,7.06,10.1,SPY191115P00293000,293.0,0,0.0,0.0,,0.0,normalDay
2019-08-12,1542.0,-558.0,0.0,0,288.07,0.0,1,7.06,12.64,SPY191115P00293000,293.0,0,0.0,0.0,,0.0,normalDay
2019-08-13,1542.0,-268.0,0.0,0,292.55,0.0,1,7.06,9.74,SPY191115P00293000,293.0,0,0.0,0.0,,0.0,normalDay
2019-08-14,1542.0,-804.0,0.0,0,283.9,0.0,1,7.06,15.1,SPY191115P00293000,293.0,0,0.0,0.0,,0.0,normalDay
2019-08-15,1542.0,-741.0,0.0,0,284.65,0.0,1,7.06,14.47,SPY191115P00293000,293.0,0,0.0,0.0,,0.0,normalDay
2019-08-16,1542.0,-473.0,0.0,0,288.85,0.0,1,7.06,11.79,SPY191115P00293000,293.0,0,0.0,0.0,,0.0,normalDay
2019-08-19,1542.0,-246.0,0.0,0,292.33,0.0,1,7.06,9.52,SPY191115P00293000,293.0,0,0.0,0.0,,0.0,normalDay
2019-08-20,1542.0,-367.0,0.0,0,290.09,0.0,1,7.06,10.73,SPY191115P00293000,293.0,0,0.0,0.0,,0.0,normalDay
2019-08-21,1542.0,-187.0,0.0,0,292.45,0.0,1,7.06,8.93,SPY191115P00293000,293.0,0,0.0,0.0,,0.0,normalDay
2019-08-22,1542.0,-218.0,0.0,0,292.36,0.0,1,7.06,9.24,SPY191115P00293000,293.0,0,0.0,0.0,,0.0,normalDay
2019-08-23,1542.0,-633.0,0.0,0,284.85,0.0,1,7.06,13.39,SPY191115P00293000,293.0,0,0.0,0.0,,0.0,normalDay
2019-08-26,1542.0,-456.0,0.0,0,288.0,0.0,1,7.06,11.62,SPY191115P00293000,293.0,0,0.0,0.0,,0.0,normalDay
2019-08-27,1542.0,-556.0,0.0,0,286.87,0.0,1,7.06,12.62,SPY191115P00293000,293.0,0,0.0,0.0,,0.0,normalDay
2019-08-28,1542.0,-413.0,0.0,0,288.89,0.0,1,7.06,11.19,SPY191115P00293000,293.0,0,0.0,0.0,,0.0,normalDay
2019-08-29,1542.0,-211.0,0.0,0,292.58,0.0,1,7.06,9.17,SPY191115P00293000,293.0,0,0.0,0.0,,0.0,normalDay
2019-08-30,1542.0,-226.0,0.0,0,292.45,0.0,1,7.06,9.32,SPY191115P00293000,293.0,0,0.0,0.0,,0.0,normalDay
2019-09-03,1542.0,-312.0,0.0,0,290.74,0.0,1,7.06,10.18,SPY191115P00293000,293.0,0,0.0,0.0,,0.0,normalDay
2019-09-04,1542.0,-104.0,0.0,0,294.04,0.0,1,7.06,8.1,SPY191115P00293000,293.0,0,0.0,0.0,,0.0,normalDay
2019-09-05,1542.0,61.0,0.0,0,297.82,0.0,1,7.06,6.45,SPY191115P00293000,293.0,0,0.0,0.0,,0.0,normalDay
2019-09-06,1542.0,121.0,0.0,0,298.05,0.0,1,7.06,5.85,SPY191115P00293000,293.0,0,0.0,0.0,,0.0,normalDay
2019-09-09,1542.0,131.0,0.0,0,298.2,0.0,1,7.06,5.75,SPY191115P00293000,293.0,0,0.0,0.0,,0.0,normalDay
2019-09-10,1542.0,137.0,0.0,0,298.13,0.0,1,7.06,5.69,SPY191115P00293000,293.0,0,0.0,0.0,,0.0,normalDay
2019-09-11,1542.0,225.0,0.0,0,300.25,0.0,1,7.06,4.81,SPY191115P00293000,293.0,0,0.0,0.0,,0.0,normalDay
2019-09-12,1542.0,281.0,0.0,0,301.29,0.0,1,7.06,4.25,SPY191115P00293000,293.0,0,0.0,0.0,,0.0,normalDay
2019-09-13,1542.0,284.0,0.0,0,301.09,0.0,1,7.06,4.22,SPY191115P00293000,293.0,0,0.0,0.0,,0.0,normalDay
2019-09-16,1542.0,256.0,0.0,0,300.16,0.0,1,7.06,4.5,SPY191115P00293000,293.0,0,0.0,0.0,,0.0,normalDay
2019-09-17,1542.0,273.0,0.0,0,300.92,0.0,1,7.06,4.33,SPY191115P00293000,293.0,0,0.0,0.0,,0.0,normalDay
2019-09-18,1542.0,304.0,0.0,0,301.1,0.0,1,7.06,4.02,SPY191115P00293000,293.0,0,0.0,0.0,,0.0,normalDay
2019-09-19,1542.0,305.0,0.0,0,301.08,0.0,1,7.06,4.01,SPY191115P00293000,293.0,0,0.0,0.0,,0.0,normalDay
2019-09-20,1542.0,235.0,0.0,0,298.28,0.0,1,7.06,4.71,SPY191115P00293000,293.0,0,0.0,0.0,,0.0,normalDay
2019-09-23,1542.0,266.0,0.0,0,298.21,0.0,1,7.06,4.4,SPY191115P00293000,293.0,0,0.0,0.0,,0.0,normalDay
2019-09-24,1542.0,155.0,0.0,0,295.87,0.0,1,7.06,5.51,SPY191115P00293000,293.0,0,0.0,0.0,,0.0,normalDay
2019-09-25,1542.0,224.0,0.0,0,297.62,0.0,1,7.06,4.82,SPY191115P00293000,293.0,0,0.0,0.0,,0.0,normalDay
2019-09-26,1542.0,223.0,0.0,0,297.0,0.0,1,7.06,4.83,SPY191115P00293000,293.0,0,0.0,0.0,,0.0,normalDay
2019-09-27,1542.0,143.0,0.0,0,295.4,0.0,1,7.06,5.63,SPY191115P00293000,293.0,0,0.0,0.0,,0.0,normalDay
2019-09-30,1542.0,240.0,0.0,0,296.77,0.0,1,7.06,4.66,SPY191115P00293000,293.0,0,0.0,0.0,,0.0,normalDay
2019-10-01,1542.0,62.0,0.0,0,293.24,0.0,1,7.06,6.44,SPY191115P00293000,293.0,0,0.0,0.0,,0.0,normalDay
2019-10-02,1542.0,-258.0,0.0,0,288.06,0.0,1,7.06,9.64,SPY191115P00293000,293.0,0,0.0,0.0,,0.0,normalDay
2019-10-03,1542.0,-73.0,0.0,0,290.42,0.0,1,7.06,7.79,SPY191115P00293000,293.0,0,0.0,0.0,,0.0,normalDay
2019-10-04,1542.0,156.0,0.0,0,294.35,0.0,1,7.06,5.5,SPY191115P00293000,293.0,0,0.0,0.0,,0.0,normalDay
2019-10-07,1542.0,107.0,0.0,0,293.08,0.0,1,7.06,5.99,SPY191115P00293000,293.0,0,0.0,0.0,,0.0,normalDay
2019-10-08,1542.0,-147.0,0.0,0,288.53,0.0,1,7.06,8.53,SPY191115P00293000,293.0,0,0.0,0.0,,0.0,normalDay
2019-10-09,1542.0,20.0,0.0,0,291.27,0.0,1,7.06,6.86,SPY191115P00293000,293.0,0,0.0,0.0,,0.0,normalDay
2019-10-10,1542.0,149.0,0.0,0,293.24,0.0,1,7.06,5.57,SPY191115P00293000,293.0,0,0.0,0.0,,0.0,normalDay
2019-10-11,1542.0,319.0,0.0,0,296.28,0.0,1,7.06,3.87,SPY191115P00293000,293.0,0,0.0,0.0,,0.0,normalDay
2019-10-14,1542.0,350.0,0.0,0,295.95,0.0,1,7.06,3.56,SPY191115P00293000,293.0,0,0.0,0.0,,0.0,normalDay
2019-10-15,1542.0,471.0,0.0,0,298.88,0.0,1,7.06,2.35,SPY191115P00293000,293.0,0,0.0,0.0,,0.0,normalDay
2019-10-16,1542.0,467.0,0.0,0,298.4,0.0,1,7.06,2.39,SPY191115P00293000,293.0,0,0.0,0.0,,0.0,normalDay
2019-10-17,1542.0,487.0,0.0,0,299.28,0.0,1,7.06,2.19,SPY191115P00293000,293.0,0,0.0,0.0,,0.0,normalDay
2019-10-18,1542.0,461.0,0.0,0,297.97,0.0,1,7.06,2.45,SPY191115P00293000,293.0,0,0.0,0.0,,0.0,normalDay
2019-10-21,1542.0,535.0,0.0,0,299.99,0.0,1,7.06,1.71,SPY191115P00293000,293.0,0,0.0,0.0,,0.0,normalDay
2019-10-22,1542.0,512.0,0.0,0,299.01,0.0,1,7.06,1.94,SPY191115P00293000,293.0,0,0.0,0.0,,0.0,normalDay
2019-10-23,1542.0,550.0,0.0,0,299.88,0.0,1,7.06,1.56,SPY191115P00293000,293.0,0,0.0,0.0,,0.0,normalDay
2019-10-24,1542.0,569.0,0.0,0,300.37,0.0,1,7.06,1.37,SPY191115P00293000,293.0,0,0.0,0.0,,0.0,normalDay
2019-10-25,1542.0,611.0,0.0,0,301.6,0.0,1,7.06,0.95,SPY191115P00293000,293.0,0,0.0,0.0,,0.0,normalDay
2019-10-28,1542.0,636.0,0.0,0,303.3,0.0,1,7.06,0.7,SPY191115P00293000,293.0,0,0.0,0.0,,0.0,normalDay
2019-10-29,1542.0,638.0,0.0,0,303.21,0.0,1,7.06,0.68,SPY191115P00293000,293.0,0,0.0,0.0,,0.0,normalDay
2019-10-30,1542.0,660.0,0.0,0,304.14,0.0,1,7.06,0.46,SPY191115P00293000,293.0,0,0.0,0.0,,0.0,normalDay
2019-10-31,1542.0,646.0,0.0,0,303.33,0.0,1,7.06,0.6,SPY191115P00293000,293.0,0,0.0,0.0,,0.0,normalDay
2019-11-01,1542.0,680.0,0.0,0,306.14,0.0,1,7.06,0.26,SPY191115P00293000,293.0,0,0.0,0.0,,0.0,normalDay
2019-11-04,1542.0,687.0,0.0,0,307.37,0.0,1,7.06,0.19,SPY191115P00293000,293.0,0,0.0,0.0,,0.0,normalDay
2019-11-05,1542.0,690.0,0.0,0,307.03,0.0,1,7.06,0.16,SPY191115P00293000,293.0,0,0.0,0.0,,0.0,normalDay
2019-11-06,1542.0,697.0,0.0,0,307.1,0.0,1,7.06,0.09,SPY191115P00293000,293.0,0,0.0,0.0,,0.0,normalDay
2019-11-07,1542.0,699.0,0.0,0,308.18,0.0,1,7.06,0.07,SPY191115P00293000,293.0,0,0.0,0.0,,0.0,normalDay
2019-11-08,1542.0,702.0,0.0,0,308.94,0.0,1,7.06,0.04,SPY191115P00293000,293.0,0,0.0,0.0,,0.0,normalDay
2019-11-11,1542.0,703.0,0.0,0,308.35,0.0,1,7.06,0.03,SPY191115P00293000,293.0,0,0.0,0.0,,0.0,normalDay
2019-11-12,1542.0,704.0,0.0,0,309.0,0.0,1,7.06,0.02,SPY191115P00293000,293.0,0,0.0,0.0,,0.0,normalDay
2019-11-13,1542.0,704.0,0.0,0,309.1,0.0,1,7.06,0.02,SPY191115P00293000,293.0,0,0.0,0.0,,0.0,normalDay
2019-11-14,1542.0,705.0,0.0,0,309.55,0.0,1,7.06,0.01,SPY191115P00293000,293.0,0,0.0,0.0,,0.0,normalDay
2019-11-15,2248.0,0.0,706.0,0,311.79,0.0,1,7.06,0.0,SPY191115P00293000,293.0,0,0.0,0.0,,0.0,expirationDay
2019-11-18,2248.0,-5.0,0.0,0,312.02,0.0,1,7.32,7.37,SPY200331P00302000,302.0,0,0.0,0.0,,0.0,normalDay
2019-11-19,2248.0,-22.0,0.0,0,311.93,0.0,1,7.32,7.54,SPY200331P00302000,302.0,0,0.0,0.0,,0.0,normalDay
2019-11-20,2248.0,-66.0,0.0,0,310.77,0.0,1,7.32,7.98,SPY200331P00302000,302.0,0,0.0,0.0,,0.0,normalDay
2019-11-21,2248.0,-83.0,0.0,0,310.27,0.0,1,7.32,8.15,SPY200331P00302000,302.0,0,0.0,0.0,,0.0,normalDay
2019-11-22,2248.0,-42.0,0.0,0,310.96,0.0,1,7.32,7.74,SPY200331P00302000,302.0,0,0.0,0.0,,0.0,normalDay
2019-11-25,2248.0,50.0,0.0,0,313.37,0.0,1,7.32,6.82,SPY200331P00302000,302.0,0,0.0,0.0,,0.0,normalDay
2019-11-26,2248.0,88.0,0.0,0,314.08,0.0,1,7.32,6.44,SPY200331P00302000,302.0,0,0.0,0.0,,0.0,normalDay
2019-11-27,2248.0,119.0,0.0,0,315.48,0.0,1,7.32,6.13,SPY200331P00302000,302.0,0,0.0,0.0,,0.0,normalDay
2019-11-29,2248.0,73.0,0.0,0,314.31,0.0,1,7.32,6.59,SPY200331P00302000,302.0,0,0.0,0.0,,0.0,normalDay
2019-12-02,2248.0,-44.0,0.0,0,311.64,0.0,1,7.32,7.76,SPY200331P00302000,302.0,0,0.0,0.0,,0.0,normalDay
2019-12-03,2248.0,-145.0,0.0,0,309.55,0.0,1,7.32,8.77,SPY200331P00302000,302.0,0,0.0,0.0,,0.0,normalDay
2019-12-04,2248.0,-64.0,0.0,0,311.46,0.0,1,7.32,7.96,SPY200331P00302000,302.0,0,0.0,0.0,,0.0,normalDay
2019-12-05,2248.0,-21.0,0.0,0,312.02,0.0,1,7.32,7.53,SPY200331P00302000,302.0,0,0.0,0.0,,0.0,normalDay
2019-12-06,2248.0,82.0,0.0,0,314.87,0.0,1,7.32,6.5,SPY200331P00302000,302.0,0,0.0,0.0,,0.0,normalDay
2019-12-09,2248.0,28.0,0.0,0,313.88,0.0,1,7.32,7.04,SPY200331P00302000,302.0,0,0.0,0.0,,0.0,normalDay
2019-12-10,2248.0,42.0,0.0,0,313.53,0.0,1,7.32,6.9,SPY200331P00302000,302.0,0,0.0,0.0,,0.0,normalDay
2019-12-11,2248.0,82.0,0.0,0,314.42,0.0,1,7.32,6.5,SPY200331P00302000,302.0,0,0.0,0.0,,0.0,normalDay
2019-12-12,2248.0,176.0,0.0,0,317.13,0.0,1,7.32,5.56,SPY200331P00302000,302.0,0,0.0,0.0,,0.0,normalDay
2019-12-13,2248.0,226.0,0.0,0,317.32,0.0,1,7.32,5.06,SPY200331P00302000,302.0,0,0.0,0.0,,0.0,normalDay
2019-12-16,2248.0,303.0,0.0,0,319.5,0.0,1,7.32,4.29,SPY200331P00302000,302.0,0,0.0,0.0,,0.0,normalDay
2019-12-17,2248.0,298.0,0.0,0,319.57,0.0,1,7.32,4.34,SPY200331P00302000,302.0,0,0.0,0.0,,0.0,normalDay
2019-12-18,2248.0,297.0,0.0,0,319.59,0.0,1,7.32,4.35,SPY200331P00302000,302.0,0,0.0,0.0,,0.0,normalDay
2019-12-19,2248.0,330.0,0.0,0,320.9,0.0,1,7.32,4.02,SPY200331P00302000,302.0,0,0.0,0.0,,0.0,normalDay
2019-12-20,2248.0,348.0,0.0,0,320.73,0.0,1,7.32,3.84,SPY200331P00302000,302.0,0,0.0,0.0,,0.0,normalDay
2019-12-23,2248.0,349.0,0.0,0,321.22,0.0,1,7.32,3.83,SPY200331P00302000,302.0,0,0.0,0.0,,0.0,normalDay
2019-12-24,2248.0,354.0,0.0,0,321.23,0.0,1,7.32,3.78,SPY200331P00302000,302.0,0,0.0,0.0,,0.0,normalDay
2019-12-26,2248.0,388.0,0.0,0,322.94,0.0,1,7.32,3.44,SPY200331P00302000,302.0,0,0.0,0.0,,0.0,normalDay
2019-12-27,2248.0,371.0,0.0,0,322.86,0.0,1,7.32,3.61,SPY200331P00302000,302.0,0,0.0,0.0,,0.0,normalDay
2019-12-30,2248.0,329.0,0.0,0,321.08,0.0,1,7.32,4.03,SPY200331P00302000,302.0,0,0.0,0.0,,0.0,normalDay
2019-12-31,2248.0,372.0,0.0,0,321.86,0.0,1,7.32,3.6,SPY200331P00302000,302.0,0,0.0,0.0,,0.0,normalDay
2020-01-02,2248.0,439.0,0.0,0,324.87,0.0,1,7.32,2.93,SPY200331P00302000,302.0,0,0.0,0.0,,0.0,normalDay
2020-01-03,2248.0,375.0,0.0,0,322.41,0.0,1,7.32,3.57,SPY200331P00302000,302.0,0,0.0,0.0,,0.0,normalDay
2020-01-06,2248.0,412.0,0.0,0,323.64,0.0,1,7.32,3.2,SPY200331P00302000,302.0,0,0.0,0.0,,0.0,normalDay
2020-01-07,2248.0,398.0,0.0,0,322.73,0.0,1,7.32,3.34,SPY200331P00302000,302.0,0,0.0,0.0,,0.0,normalDay
2020-01-08,2248.0,444.0,0.0,0,324.45,0.0,1,7.32,2.88,SPY200331P00302000,302.0,0,0.0,0.0,,0.0,normalDay
2020-01-09,2248.0,491.0,0.0,0,326.65,0.0,1,7.32,2.41,SPY200331P00302000,302.0,0,0.0,0.0,,0.0,normalDay
2020-01-10,2248.0,478.0,0.0,0,325.71,0.0,1,7.32,2.54,SPY200331P00302000,302.0,0,0.0,0.0,,0.0,normalDay
2020-01-13,2248.0,524.0,0.0,0,327.95,0.0,1,7.32,2.08,SPY200331P00302000,302.0,0,0.0,0.0,,0.0,normalDay
2020-01-14,2248.0,526.0,0.0,0,327.45,0.0,1,7.32,2.06,SPY200331P00302000,302.0,0,0.0,0.0,,0.0,normalDay
2020-01-15,2248.0,537.0,0.0,0,328.19,0.0,1,7.32,1.95,SPY200331P00302000,302.0,0,0.0,0.0,,0.0,normalDay
2020-01-16,2248.0,564.0,0.0,0,330.92,0.0,1,7.32,1.68,SPY200331P00302000,302.0,0,0.0,0.0,,0.0,normalDay
2020-01-17,2248.0,577.0,0.0,0,331.95,0.0,1,7.32,1.55,SPY200331P00302000,302.0,0,0.0,0.0,,0.0,normalDay
2020-01-21,2248.0,572.0,0.0,0,331.3,0.0,1,7.32,1.6,SPY200331P00302000,302.0,0,0.0,0.0,,0.0,normalDay
2020-01-22,2248.0,573.0,0.0,0,331.34,0.0,1,7.32,1.59,SPY200331P00302000,302.0,0,0.0,0.0,,0.0,normalDay
2020-01-23,2248.0,576.0,0.0,0,331.72,0.0,1,7.32,1.56,SPY200331P00302000,302.0,0,0.0,0.0,,0.0,normalDay
2020-01-24,2248.0,527.0,0.0,0,328.77,0.0,1,7.32,2.05,SPY200331P00302000,302.0,0,0.0,0.0,,0.0,normalDay
2020-01-27,2248.0,390.0,0.0,0,323.5,0.0,1,7.32,3.42,SPY200331P00302000,302.0,0,0.0,0.0,,0.0,normalDay
2020-01-28,2248.0,487.0,0.0,0,326.89,0.0,1,7.32,2.45,SPY200331P00302000,302.0,0,0.0,0.0,,0.0,normalDay
2020-01-29,2248.0,488.0,0.0,0,326.62,0.0,1,7.32,2.44,SPY200331P00302000,302.0,0,0.0,0.0,,0.0,normalDay
2020-01-30,2248.0,528.0,0.0,0,327.68,0.0,1,7.32,2.04,SPY200331P00302000,302.0,0,0.0,0.0,,0.0,normalDay
2020-01-31,2248.0,392.0,0.0,0,321.73,0.0,1,7.32,3.4,SPY200331P00302000,302.0,0,0.0,0.0,,0.0,normalDay
2020-02-03,2248.0,445.0,0.0,0,324.12,0.0,1,7.32,2.87,SPY200331P00302000,302.0,0,0.0,0.0,,0.0,normalDay
2020-02-04,2248.0,554.0,0.0,0,329.06,0.0,1,7.32,1.78,SPY200331P00302000,302.0,0,0.0,0.0,,0.0,normalDay
2020-02-05,2248.0,601.0,0.0,0,332.86,0.0,1,7.32,1.31,SPY200331P00302000,302.0,0,0.0,0.0,,0.0,normalDay
2020-02-06,2248.0,608.0,0.0,0,333.98,0.0,1,7.32,1.24,SPY200331P00302000,302.0,0,0.0,0.0,,0.0,normalDay
2020-02-07,2248.0,593.0,0.0,0,332.2,0.0,1,7.32,1.39,SPY200331P00302000,302.0,0,0.0,0.0,,0.0,normalDay
2020-02-10,2248.0,621.0,0.0,0,334.68,0.0,1,7.32,1.11,SPY200331P00302000,302.0,0,0.0,0.0,,0.0,normalDay
2020-02-11,2248.0,626.0,0.0,0,335.26,0.0,1,7.32,1.06,SPY200331P00302000,302.0,0,0.0,0.0,,0.0,normalDay
2020-02-12,2248.0,650.0,0.0,0,337.42,0.0,1,7.32,0.82,SPY200331P00302000,302.0,0,0.0,0.0,,0.0,normalDay
2020-02-13,2248.0,648.0,0.0,0,337.06,0.0,1,7.32,0.84,SPY200331P00302000,302.0,0,0.0,0.0,,0.0,normalDay
2020-02-14,2248.0,657.0,0.0,0,337.6,0.0,1,7.32,0.75,SPY200331P00302000,302.0,0,0.0,0.0,,0.0,normalDay
2020-02-18,2248.0,654.0,0.0,0,336.73,0.0,1,7.32,0.78,SPY200331P00302000,302.0,0,0.0,0.0,,0.0,normalDay
2020-02-19,2248.0,666.0,0.0,0,338.34,0.0,1,7.32,0.66,SPY200331P00302000,302.0,0,0.0,0.0,,0.0,normalDay
2020-02-20,2248.0,652.0,0.0,0,336.95,0.0,1,7.32,0.8,SPY200331P00302000,302.0,0,0.0,0.0,,0.0,normalDay
2020-02-21,2248.0,620.0,0.0,0,333.48,0.0,1,7.32,1.12,SPY200331P00302000,302.0,0,0.0,0.0,,0.0,normalDay
2020-02-24,2248.0,378.0,0.0,0,322.42,0.0,1,7.32,3.54,SPY200331P00302000,302.0,0,0.0,0.0,,0.0,normalDay
2020-02-25,2248.0,156.0,0.0,0,312.65,0.0,1,7.32,5.76,SPY200331P00302000,302.0,0,0.0,0.0,,0.0,normalDay
2020-02-26,2248.0,126.0,0.0,0,311.5,0.0,1,7.32,6.06,SPY200331P00302000,302.0,0,0.0,0.0,,0.0,normalDay
2020-02-27,2248.0,-747.0,0.0,0,297.51,0.0,1,7.32,14.79,SPY200331P00302000,302.0,0,0.0,0.0,,0.0,normalDay
2020-02-28,2248.0,-882.0,0.0,0,296.26,0.0,1,7.32,16.14,SPY200331P00302000,302.0,0,0.0,0.0,,0.0,normalDay
2020-03-02,2248.0,-11.0,0.0,0,309.09,0.0,1,7.32,7.43,SPY200331P00302000,302.0,0,0.0,0.0,,0.0,normalDay
2020-03-03,2248.0,-406.0,0.0,0,300.24,0.0,1,7.32,11.38,SPY200331P00302000,302.0,0,0.0,0.0,,0.0,normalDay
2020-03-04,2248.0,100.0,0.0,0,312.86,0.0,1,7.32,6.32,SPY200331P00302000,302.0,0,0.0,0.0,,0.0,normalDay
2020-03-05,2248.0,-442.0,0.0,0,302.46,0.0,1,7.32,11.74,SPY200331P00302000,302.0,0,0.0,0.0,,0.0,normalDay
2020-03-06,2248.0,-710.0,0.0,0,297.46,0.0,1,7.32,14.42,SPY200331P00302000,302.0,0,0.0,0.0,,0.0,normalDay
2020-03-09,2248.0,-2440.0,0.0,0,274.23,0.0,1,7.32,31.72,SPY200331P00302000,302.0,0,0.0,0.0,,0.0,normalDay
2020-03-10,2248.0,-1239.0,0.0,0,288.42,0.0,1,7.32,19.71,SPY200331P00302000,302.0,0,0.0,0.0,,0.0,normalDay
2020-03-11,2248.0,-2386.0,0.0,0,274.36,0.0,1,7.32,31.18,SPY200331P00302000,302.0,0,0.0,0.0,,0.0,normalDay
2020-03-12,2248.0,-4853.0,0.0,0,248.11,0.0,1,7.32,55.85,SPY200331P00302000,302.0,0,0.0,0.0,,0.0,normalDay
2020-03-13,2248.0,-2811.0,0.0,0,269.32,0.0,1,7.32,35.43,SPY200331P00302000,302.0,0,0.0,0.0,,0.0,normalDay
2020-03-16,2248.0,-5331.0,0.0,0,239.85,0.0,1,7.32,60.63,SPY200331P00302000,302.0,0,0.0,0.0,,0.0,normalDay
2020-03-17,2248.0,-4506.0,0.0,0,252.8,0.0,1,7.32,52.38,SPY200331P00302000,302.0,0,0.0,0.0,,0.0,normalDay
2020-03-18,2248.0,-5719.0,0.0,0,240.0,0.0,1,7.32,64.51,SPY200331P00302000,302.0,0,0.0,0.0,,0.0,normalDay
2020-03-19,2248.0,-5675.0,0.0,0,240.51,0.0,1,7.32,64.07,SPY200331P00302000,302.0,0,0.0,0.0,,0.0,normalDay
2020-03-20,2248.0,-6618.0,0.0,0,228.8,0.0,1,7.32,73.5,SPY200331P00302000,302.0,0,0.0,0.0,,0.0,normalDay
2020-03-23,2248.0,-7397.0,0.0,0,222.95,0.0,1,7.32,81.29,SPY200331P00302000,302.0,0,0.0,0.0,,0.0,normalDay
2020-03-24,2248.0,-5262.0,0.0,0,243.15,0.0,1,7.32,59.94,SPY200331P00302000,302.0,0,0.0,0.0,,0.0,normalDay
2020-03-25,2248.0,-4789.0,0.0,0,246.79,0.0,1,7.32,55.21,SPY200331P00302000,302.0,0,0.0,0.0,,0.0,normalDay
2020-03-26,2248.0,-3432.0,0.0,0,261.2,0.0,1,7.32,41.64,SPY200331P00302000,302.0,0,0.0,0.0,,0.0,normalDay
2020-03-27,2248.0,-4213.0,0.0,0,253.42,0.0,1,7.32,49.45,SPY200331P00302000,302.0,0,0.0,0.0,,0.0,normalDay
2020-03-30,2248.0,-3407.0,0.0,0,261.65,0.0,1,7.32,41.39,SPY200331P00302000,302.0,0,0.0,0.0,,0.0,normalDay
2020-03-31,2980.0,-4425.0,732.0,100,257.75,302.0,1,7.32,0.0,SPY200331P00302000,302.0,0,0.0,0.0,,0.0,expirationDay
2020-04-01,2980.0,-5599.0,0.0,100,246.15,302.0,0,0.0,0.0,,0.0,1,2.51,2.65,SPY200717C00294000,294.0,normalDay
2020-04-02,2980.0,-5075.0,0.0,100,251.83,302.0,0,0.0,0.0,,0.0,1,2.51,3.09,SPY200717C00294000,294.0,normalDay
2020-04-03,2980.0,-5340.0,0.0,100,248.19,302.0,0,0.0,0.0,,0.0,1,2.51,2.1,SPY200717C00294000,294.0,normalDay
2020-04-06,2980.0,-4002.0,0.0,100,264.86,302.0,0,0.0,0.0,,0.0,1,2.51,5.39,SPY200717C00294000,294.0,normalDay
2020-04-07,2980.0,-3987.0,0.0,100,265.13,302.0,0,0.0,0.0,,0.0,1,2.51,5.51,SPY200717C00294000,294.0,normalDay
2020-04-08,2980.0,-3450.0,0.0,100,274.03,302.0,0,0.0,0.0,,0.0,1,2.51,9.04,SPY200717C00294000,294.0,normalDay
2020-04-09,2980.0,-3203.0,0.0,100,278.2,302.0,0,0.0,0.0,,0.0,1,2.51,10.74,SPY200717C00294000,294.0,normalDay
2020-04-13,2980.0,-3298.0,0.0,100,275.66,302.0,0,0.0,0.0,,0.0,1,2.51,9.15,SPY200717C00294000,294.0,normalDay
2020-04-14,2980.0,-2771.0,0.0,100,283.79,302.0,0,0.0,0.0,,0.0,1,2.51,12.01,SPY200717C00294000,294.0,normalDay
2020-04-15,2980.0,-3149.0,0.0,100,277.76,302.0,0,0.0,0.0,,0.0,1,2.51,9.76,SPY200717C00294000,294.0,normalDay
2020-04-16,2980.0,-3080.0,0.0,100,279.1,302.0,0,0.0,0.0,,0.0,1,2.51,10.41,SPY200717C00294000,294.0,normalDay
2020-04-17,2980.0,-2651.0,0.0,100,286.64,302.0,0,0.0,0.0,,0.0,1,2.51,13.66,SPY200717C00294000,294.0,normalDay
2020-04-20,2980.0,-2997.0,0.0,100,281.59,302.0,0,0.0,0.0,,0.0,1,2.51,12.07,SPY200717C00294000,294.0,normalDay
2020-04-21,2980.0,-3555.0,0.0,100,273.04,302.0,0,0.0,0.0,,0.0,1,2.51,9.1,SPY200717C00294000,294.0,normalDay
2020-04-22,2980.0,-3078.0,0.0,100,279.1,302.0,0,0.0,0.0,,0.0,1,2.51,10.39,SPY200717C00294000,294.0,normalDay
2020-04-23,2980.0,-3058.0,0.0,100,279.08,302.0,0,0.0,0.0,,0.0,1,2.51,10.17,SPY200717C00294000,294.0,normalDay
2020-04-24,2980.0,-2730.0,0.0,100,282.97,302.0,0,0.0,0.0,,0.0,1,2.51,10.78,SPY200717C00294000,294.0,normalDay
2020-04-27,2980.0,-2397.0,0.0,100,287.05,302.0,0,0.0,0.0,,0.0,1,2.51,11.53,SPY200717C00294000,294.0,normalDay
2020-04-28,2980.0,-2462.0,0.0,100,285.73,302.0,0,0.0,0.0,,0.0,1,2.51,10.86,SPY200717C00294000,294.0,normalDay
2020-04-29,2980.0,-2029.0,0.0,100,293.21,302.0,0,0.0,0.0,,0.0,1,2.51,14.01,SPY200717C00294000,294.0,normalDay
2020-04-30,2980.0,-2148.0,0.0,100,290.48,302.0,0,0.0,0.0,,0.0,1,2.51,12.47,SPY200717C00294000,294.0,normalDay
2020-05-01,2980.0,-2632.0,0.0,100,282.79,302.0,0,0.0,0.0,,0.0,1,2.51,9.62,SPY200717C00294000,294.0,normalDay
2020-05-04,2980.0,-2510.0,0.0,100,283.57,302.0,0,0.0,0.0,,0.0,1,2.51,9.18,SPY200717C00294000,294.0,normalDay
2020-05-05,2980.0,-2339.0,0.0,100,286.19,302.0,0,0.0,0.0,,0.0,1,2.51,10.09,SPY200717C00294000,294.0,normalDay
2020-05-06,2980.0,-2420.0,0.0,100,284.25,302.0,0,0.0,0.0,,0.0,1,2.51,8.96,SPY200717C00294000,294.0,normalDay
2020-05-07,2980.0,-2222.0,0.0,100,287.68,302.0,0,0.0,0.0,,0.0,1,2.51,10.41,SPY200717C00294000,294.0,normalDay
2020-05-08,2980.0,-1895.0,0.0,100,292.44,302.0,0,0.0,0.0,,0.0,1,2.51,11.9,SPY200717C00294000,294.0,normalDay
2020-05-11,2980.0,-1767.0,0.0,100,292.5,302.0,0,0.0,0.0,,0.0,1,2.51,10.68,SPY200717C00294000,294.0,normalDay
2020-05-12,2980.0,-2126.0,0.0,100,286.67,302.0,0,0.0,0.0,,0.0,1,2.51,8.44,SPY200717C00294000,294.0,normalDay
2020-05-13,2980.0,-2518.0,0.0,100,281.6,302.0,0,0.0,0.0,,0.0,1,2.51,7.29,SPY200717C00294000,294.0,normalDay
2020-05-14,2980.0,-2249.0,0.0,100,284.97,302.0,0,0.0,0.0,,0.0,1,2.51,7.97,SPY200717C00294000,294.0,normalDay
2020-05-15,2980.0,-2093.0,0.0,100,286.28,302.0,0,0.0,0.0,,0.0,1,2.51,7.72,SPY200717C00294000,294.0,normalDay
2020-05-18,2980.0,-1631.0,0.0,100,295.0,302.0,0,0.0,0.0,,0.0,1,2.51,11.82,SPY200717C00294000,294.0,normalDay
2020-05-19,2980.0,-1805.0,0.0,100,291.97,302.0,0,0.0,0.0,,0.0,1,2.51,10.53,SPY200717C00294000,294.0,normalDay
2020-05-20,2980.0,-1547.0,0.0,100,296.93,302.0,0,0.0,0.0,,0.0,1,2.51,12.91,SPY200717C00294000,294.0,normalDay
2020-05-21,2980.0,-1627.0,0.0,100,294.88,302.0,0,0.0,0.0,,0.0,1,2.51,11.66,SPY200717C00294000,294.0,normalDay
2020-05-22,2980.0,-1596.0,0.0,100,295.44,302.0,0,0.0,0.0,,0.0,1,2.51,11.91,SPY200717C00294000,294.0,normalDay
2020-05-26,2980.0,-1402.0,0.0,100,299.08,302.0,0,0.0,0.0,,0.0,1,2.51,13.61,SPY200717C00294000,294.0,normalDay
2020-05-27,2980.0,-1228.0,0.0,100,303.53,302.0,0,0.0,0.0,,0.0,1,2.51,16.32,SPY200717C00294000,294.0,normalDay
2020-05-28,2980.0,-1317.0,0.0,100,302.97,302.0,0,0.0,0.0,,0.0,1,2.51,16.65,SPY200717C00294000,294.0,normalDay
2020-05-29,2980.0,-1238.0,0.0,100,304.32,302.0,0,0.0,0.0,,0.0,1,2.51,17.21,SPY200717C00294000,294.0,normalDay
2020-06-01,2980.0,-1130.0,0.0,100,305.55,302.0,0,0.0,0.0,,0.0,1,2.51,17.36,SPY200717C00294000,294.0,normalDay
2020-06-02,2980.0,-1015.0,0.0,100,308.08,302.0,0,0.0,0.0,,0.0,1,2.51,18.74,SPY200717C00294000,294.0,normalDay
2020-06-03,2980.0,-909.0,0.0,100,312.18,302.0,0,0.0,0.0,,0.0,1,2.51,21.78,SPY200717C00294000,294.0,normalDay
2020-06-04,2980.0,-920.0,0.0,100,311.36,302.0,0,0.0,0.0,,0.0,1,2.51,21.07,SPY200717C00294000,294.0,normalDay
2020-06-05,2980.0,-767.0,0.0,100,319.34,302.0,0,0.0,0.0,,0.0,1,2.51,27.52,SPY200717C00294000,294.0,normalDay
2020-06-08,2980.0,-686.0,0.0,100,323.2,302.0,0,0.0,0.0,,0.0,1,2.51,30.57,SPY200717C00294000,294.0,normalDay
2020-06-09,2980.0,-840.0,0.0,100,320.79,302.0,0,0.0,0.0,,0.0,1,2.51,29.7,SPY200717C00294000,294.0,normalDay
2020-06-10,2980.0,-759.0,0.0,100,319.0,302.0,0,0.0,0.0,,0.0,1,2.51,27.1,SPY200717C00294000,294.0,normalDay
2020-06-11,2980.0,-1545.0,0.0,100,300.61,302.0,0,0.0,0.0,,0.0,1,2.51,16.57,SPY200717C00294000,294.0,normalDay
2020-06-12,2980.0,-1230.0,0.0,100,304.21,302.0,0,0.0,0.0,,0.0,1,2.51,17.02,SPY200717C00294000,294.0,normalDay
2020-06-15,2980.0,-1124.0,0.0,100,307.05,302.0,0,0.0,0.0,,0.0,1,2.51,18.8,SPY200717C00294000,294.0,normalDay
2020-06-16,2980.0,-931.0,0.0,100,312.96,302.0,0,0.0,0.0,,0.0,1,2.51,22.78,SPY200717C00294000,294.0,normalDay
2020-06-17,2980.0,-988.0,0.0,100,311.66,302.0,0,0.0,0.0,,0.0,1,2.51,22.05,SPY200717C00294000,294.0,normalDay
2020-06-18,2980.0,-913.0,0.0,100,311.78,302.0,0,0.0,0.0,,0.0,1,2.51,21.42,SPY200717C00294000,294.0,normalDay
2020-06-19,2980.0,-998.0,0.0,100,308.64,302.0,0,0.0,0.0,,0.0,1,2.51,19.13,SPY200717C00294000,294.0,normalDay
2020-06-22,2980.0,-979.0,0.0,100,310.62,302.0,0,0.0,0.0,,0.0,1,2.51,20.92,SPY200717C00294000,294.0,normalDay
2020-06-23,2980.0,-905.0,0.0,100,312.05,302.0,0,0.0,0.0,,0.0,1,2.51,21.61,SPY200717C00294000,294.0,normalDay
2020-06-24,2980.0,-1163.0,0.0,100,304.09,302.0,0,0.0,0.0,,0.0,1,2.51,16.23,SPY200717C00294000,294.0,normalDay
2020-06-25,2980.0,-1008.0,0.0,100,307.35,302.0,0,0.0,0.0,,0.0,1,2.51,17.94,SPY200717C00294000,294.0,normalDay
2020-06-26,2980.0,-1277.0,0.0,100,300.05,302.0,0,0.0,0.0,,0.0,1,2.51,13.33,SPY200717C00294000,294.0,normalDay
2020-06-29,2980.0,-978.0,0.0,100,304.46,302.0,0,0.0,0.0,,0.0,1,2.51,14.75,SPY200717C00294000,294.0,normalDay
2020-06-30,2980.0,-831.0,0.0,100,308.36,302.0,0,0.0,0.0,,0.0,1,2.51,17.18,SPY200717C00294000,294.0,normalDay
2020-07-01,2980.0,-755.0,0.0,100,310.52,302.0,0,0.0,0.0,,0.0,1,2.51,18.58,SPY200717C00294000,294.0,normalDay
2020-07-02,2980.0,-736.0,0.0,100,312.23,302.0,0,0.0,0.0,,0.0,1,2.51,20.1,SPY200717C00294000,294.0,normalDay
2020-07-06,2980.0,-622.0,0.0,100,317.05,302.0,0,0.0,0.0,,0.0,1,2.51,23.78,SPY200717C00294000,294.0,normalDay
2020-07-07,2980.0,-644.0,0.0,100,313.78,302.0,0,0.0,0.0,,0.0,1,2.51,20.73,SPY200717C00294000,294.0,normalDay
2020-07-08,2980.0,-616.0,0.0,100,316.18,302.0,0,0.0,0.0,,0.0,1,2.51,22.85,SPY200717C00294000,294.0,normalDay
2020-07-09,2980.0,-619.0,0.0,100,314.38,302.0,0,0.0,0.0,,0.0,1,2.51,21.08,SPY200717C00294000,294.0,normalDay
2020-07-10,2980.0,-592.0,0.0,100,317.59,302.0,0,0.0,0.0,,0.0,1,2.51,24.02,SPY200717C00294000,294.0,normalDay
2020-07-13,2980.0,-558.0,0.0,100,314.84,302.0,0,0.0,0.0,,0.0,1,2.51,20.93,SPY200717C00294000,294.0,normalDay
2020-07-14,2980.0,-530.0,0.0,100,318.92,302.0,0,0.0,0.0,,0.0,1,2.51,24.73,SPY200717C00294000,294.0,normalDay
2020-07-15,2980.0,-549.0,0.0,100,321.85,302.0,0,0.0,0.0,,0.0,1,2.51,27.85,SPY200717C00294000,294.0,normalDay
2020-07-16,2980.0,-442.0,0.0,100,320.79,302.0,0,0.0,0.0,,0.0,1,2.51,25.72,SPY200717C00294000,294.0,normalDay
2020-07-17,2431.0,-442.0,-549.0,0,321.72,0.0,0,0.0,0.0,,0.0,1,2.51,0.0,SPY200717C00294000,294.0,expirationDay
2020-07-20,2431.0,-8.0,0.0,0,324.32,0.0,1,12.91,12.99,SPY201120P00307000,307.0,0,0.0,0.0,,0.0,normalDay
2020-07-21,2431.0,3.0,0.0,0,325.01,0.0,1,12.91,12.88,SPY201120P00307000,307.0,0,0.0,0.0,,0.0,normalDay
2020-07-22,2431.0,62.0,0.0,0,326.86,0.0,1,12.91,12.29,SPY201120P00307000,307.0,0,0.0,0.0,,0.0,normalDay
2020-07-23,2431.0,-94.0,0.0,0,322.96,0.0,1,12.91,13.85,SPY201120P00307000,307.0,0,0.0,0.0,,0.0,normalDay
2020-07-24,2431.0,-129.0,0.0,0,320.88,0.0,1,12.91,14.2,SPY201120P00307000,307.0,0,0.0,0.0,,0.0,normalDay
2020-07-27,2431.0,-12.0,0.0,0,323.22,0.0,1,12.91,13.03,SPY201120P00307000,307.0,0,0.0,0.0,,0.0,normalDay
2020-07-28,2431.0,-91.0,0.0,0,321.17,0.0,1,12.91,13.82,SPY201120P00307000,307.0,0,0.0,0.0,,0.0,normalDay
2020-07-29,2431.0,53.0,0.0,0,325.12,0.0,1,12.91,12.38,SPY201120P00307000,307.0,0,0.0,0.0,,0.0,normalDay
2020-07-30,2431.0,-4.0,0.0,0,323.96,0.0,1,12.91,12.95,SPY201120P00307000,307.0,0,0.0,0.0,,0.0,normalDay
2020-07-31,2431.0,94.0,0.0,0,326.52,0.0,1,12.91,11.97,SPY201120P00307000,307.0,0,0.0,0.0,,0.0,normalDay
2020-08-03,2431.0,159.0,0.0,0,328.79,0.0,1,12.91,11.32,SPY201120P00307000,307.0,0,0.0,0.0,,0.0,normalDay
2020-08-04,2431.0,224.0,0.0,0,330.06,0.0,1,12.91,10.67,SPY201120P00307000,307.0,0,0.0,0.0,,0.0,normalDay
2020-08-05,2431.0,303.0,0.0,0,332.11,0.0,1,12.91,9.88,SPY201120P00307000,307.0,0,0.0,0.0,,0.0,normalDay
2020-08-06,2431.0,368.0,0.0,0,334.33,0.0,1,12.91,9.23,SPY201120P00307000,307.0,0,0.0,0.0,,0.0,normalDay
2020-08-07,2431.0,369.0,0.0,0,334.57,0.0,1,12.91,9.22,SPY201120P00307000,307.0,0,0.0,0.0,,0.0,normalDay
2020-08-10,2431.0,411.0,0.0,0,335.57,0.0,1,12.91,8.8,SPY201120P00307000,307.0,0,0.0,0.0,,0.0,normalDay
2020-08-11,2431.0,306.0,0.0,0,332.8,0.0,1,12.91,9.85,SPY201120P00307000,307.0,0,0.0,0.0,,0.0,normalDay
2020-08-12,2431.0,458.0,0.0,0,337.44,0.0,1,12.91,8.33,SPY201120P00307000,307.0,0,0.0,0.0,,0.0,normalDay
2020-08-13,2431.0,445.0,0.0,0,336.83,0.0,1,12.91,8.46,SPY201120P00307000,307.0,0,0.0,0.0,,0.0,normalDay
2020-08-14,2431.0,454.0,0.0,0,336.84,0.0,1,12.91,8.37,SPY201120P00307000,307.0,0,0.0,0.0,,0.0,normalDay
2020-08-17,2431.0,529.0,0.0,0,337.91,0.0,1,12.91,7.62,SPY201120P00307000,307.0,0,0.0,0.0,,0.0,normalDay
2020-08-18,2431.0,567.0,0.0,0,338.64,0.0,1,12.91,7.24,SPY201120P00307000,307.0,0,0.0,0.0,,0.0,normalDay
2020-08-19,2431.0,521.0,0.0,0,337.23,0.0,1,12.91,7.7,SPY201120P00307000,307.0,0,0.0,0.0,,0.0,normalDay
2020-08-20,2431.0,549.0,0.0,0,338.28,0.0,1,12.91,7.42,SPY201120P00307000,307.0,0,0.0,0.0,,0.0,normalDay
2020-08-21,2431.0,587.0,0.0,0,339.48,0.0,1,12.91,7.04,SPY201120P00307000,307.0,0,0.0,0.0,,0.0,normalDay
2020-08-24,2431.0,651.0,0.0,0,342.92,0.0,1,12.91,6.4,SPY201120P00307000,307.0,0,0.0,0.0,,0.0,normalDay
2020-08-25,2431.0,684.0,0.0,0,344.12,0.0,1,12.91,6.07,SPY201120P00307000,307.0,0,0.0,0.0,,0.0,normalDay
2020-08-26,2431.0,704.0,0.0,0,347.57,0.0,1,12.91,5.87,SPY201120P00307000,307.0,0,0.0,0.0,,0.0,normalDay
2020-08-27,2431.0,687.0,0.0,0,348.33,0.0,1,12.91,6.04,SPY201120P00307000,307.0,0,0.0,0.0,,0.0,normalDay
2020-08-28,2431.0,737.0,0.0,0,350.58,0.0,1,12.91,5.54,SPY201120P00307000,307.0,0,0.0,0.0,,0.0,normalDay
2020-08-31,2431.0,661.0,0.0,0,349.31,0.0,1,12.91,6.3,SPY201120P00307000,307.0,0,0.0,0.0,,0.0,normalDay
2020-09-01,2431.0,690.0,0.0,0,352.6,0.0,1,12.91,6.01,SPY201120P00307000,307.0,0,0.0,0.0,,0.0,normalDay
2020-09-02,2431.0,727.0,0.0,0,357.7,0.0,1,12.91,5.64,SPY201120P00307000,307.0,0,0.0,0.0,,0.0,normalDay
2020-09-03,2431.0,461.0,0.0,0,345.39,0.0,1,12.91,8.3,SPY201120P00307000,307.0,0,0.0,0.0,,0.0,normalDay
2020-09-04,2431.0,489.0,0.0,0,342.57,0.0,1,12.91,8.02,SPY201120P00307000,307.0,0,0.0,0.0,,0.0,normalDay
2020-09-08,2431.0,385.0,0.0,0,333.21,0.0,1,12.91,9.06,SPY201120P00307000,307.0,0,0.0,0.0,,0.0,normalDay
2020-09-09,2431.0,582.0,0.0,0,339.79,0.0,1,12.91,7.09,SPY201120P00307000,307.0,0,0.0,0.0,,0.0,normalDay
2020-09-10,2431.0,475.0,0.0,0,333.89,0.0,1,12.91,8.16,SPY201120P00307000,307.0,0,0.0,0.0,,0.0,normalDay
2020-09-11,2431.0,534.0,0.0,0,334.06,0.0,1,12.91,7.57,SPY201120P00307000,307.0,0,0.0,0.0,,0.0,normalDay
2020-09-14,2431.0,698.0,0.0,0,338.46,0.0,1,12.91,5.93,SPY201120P00307000,307.0,0,0.0,0.0,,0.0,normalDay
2020-09-15,2431.0,736.0,0.0,0,340.17,0.0,1,12.91,5.55,SPY201120P00307000,307.0,0,0.0,0.0,,0.0,normalDay
2020-09-16,2431.0,706.0,0.0,0,338.82,0.0,1,12.91,5.85,SPY201120P00307000,307.0,0,0.0,0.0,,0.0,normalDay
2020-09-17,2431.0,673.0,0.0,0,335.84,0.0,1,12.91,6.18,SPY201120P00307000,307.0,0,0.0,0.0,,0.0,normalDay
2020-09-18,2431.0,626.0,0.0,0,330.65,0.0,1,12.91,6.65,SPY201120P00307000,307.0,0,0.0,0.0,,0.0,normalDay
2020-09-21,2431.0,534.0,0.0,0,326.97,0.0,1,12.91,7.57,SPY201120P00307000,307.0,0,0.0,0.0,,0.0,normalDay
2020-09-22,2431.0,598.0,0.0,0,330.3,0.0,1,12.91,6.93,SPY201120P00307000,307.0,0,0.0,0.0,,0.0,normalDay
2020-09-23,2431.0,370.0,0.0,0,322.64,0.0,1,12.91,9.21,SPY201120P00307000,307.0,0,0.0,0.0,,0.0,normalDay
2020-09-24,2431.0,438.0,0.0,0,323.5,0.0,1,12.91,8.53,SPY201120P00307000,307.0,0,0.0,0.0,,0.0,normalDay
2020-09-25,2431.0,605.0,0.0,0,328.73,0.0,1,12.91,6.86,SPY201120P00307000,307.0,0,0.0,0.0,,0.0,normalDay
2020-09-28,2431.0,738.0,0.0,0,334.19,0.0,1,12.91,5.53,SPY201120P00307000,307.0,0,0.0,0.0,,0.0,normalDay
2020-09-29,2431.0,727.0,0.0,0,332.37,0.0,1,12.91,5.64,SPY201120P00307000,307.0,0,0.0,0.0,,0.0,normalDay
2020-09-30,2431.0,733.0,0.0,0,334.89,0.0,1,12.91,5.58,SPY201120P00307000,307.0,0,0.0,0.0,,0.0,normalDay
2020-10-01,2431.0,794.0,0.0,0,337.04,0.0,1,12.91,4.97,SPY201120P00307000,307.0,0,0.0,0.0,,0.0,normalDay
2020-10-02,2431.0,726.0,0.0,0,333.84,0.0,1,12.91,5.65,SPY201120P00307000,307.0,0,0.0,0.0,,0.0,normalDay
2020-10-05,2431.0,872.0,0.0,0,339.76,0.0,1,12.91,4.19,SPY201120P00307000,307.0,0,0.0,0.0,,0.0,normalDay
2020-10-06,2431.0,800.0,0.0,0,334.93,0.0,1,12.91,4.91,SPY201120P00307000,307.0,0,0.0,0.0,,0.0,normalDay
2020-10-07,2431.0,929.0,0.0,0,340.76,0.0,1,12.91,3.62,SPY201120P00307000,307.0,0,0.0,0.0,,0.0,normalDay
2020-10-08,2431.0,1012.0,0.0,0,343.78,0.0,1,12.91,2.79,SPY201120P00307000,307.0,0,0.0,0.0,,0.0,normalDay
2020-10-09,2431.0,1071.0,0.0,0,346.85,0.0,1,12.91,2.2,SPY201120P00307000,307.0,0,0.0,0.0,,0.0,normalDay
2020-10-12,2431.0,1118.0,0.0,0,352.43,0.0,1,12.91,1.73,SPY201120P00307000,307.0,0,0.0,0.0,,0.0,normalDay
2020-10-13,2431.0,1104.0,0.0,0,350.13,0.0,1,12.91,1.87,SPY201120P00307000,307.0,0,0.0,0.0,,0.0,normalDay
2020-10-14,2431.0,1093.0,0.0,0,347.93,0.0,1,12.91,1.98,SPY201120P00307000,307.0,0,0.0,0.0,,0.0,normalDay
2020-10-15,2431.0,1090.0,0.0,0,347.5,0.0,1,12.91,2.01,SPY201120P00307000,307.0,0,0.0,0.0,,0.0,normalDay
2020-10-16,2431.0,1086.0,0.0,0,347.29,0.0,1,12.91,2.05,SPY201120P00307000,307.0,0,0.0,0.0,,0.0,normalDay
2020-10-19,2431.0,1045.0,0.0,0,342.01,0.0,1,12.91,2.46,SPY201120P00307000,307.0,0,0.0,0.0,,0.0,normalDay
2020-10-20,2431.0,1055.0,0.0,0,343.38,0.0,1,12.91,2.36,SPY201120P00307000,307.0,0,0.0,0.0,,0.0,normalDay
2020-10-21,2431.0,1083.0,0.0,0,342.73,0.0,1,12.91,2.08,SPY201120P00307000,307.0,0,0.0,0.0,,0.0,normalDay
2020-10-22,2431.0,1107.0,0.0,0,344.61,0.0,1,12.91,1.84,SPY201120P00307000,307.0,0,0.0,0.0,,0.0,normalDay
2020-10-23,2431.0,1127.0,0.0,0,345.78,0.0,1,12.91,1.64,SPY201120P00307000,307.0,0,0.0,0.0,,0.0,normalDay
2020-10-26,2431.0,1024.0,0.0,0,339.39,0.0,1,12.91,2.67,SPY201120P00307000,307.0,0,0.0,0.0,,0.0,normalDay
2020-10-27,2431.0,1005.0,0.0,0,338.22,0.0,1,12.91,2.86,SPY201120P00307000,307.0,0,0.0,0.0,,0.0,normalDay
2020-10-28,2431.0,676.0,0.0,0,326.66,0.0,1,12.91,6.15,SPY201120P00307000,307.0,0,0.0,0.0,,0.0,normalDay
2020-10-29,2431.0,859.0,0.0,0,329.98,0.0,1,12.91,4.32,SPY201120P00307000,307.0,0,0.0,0.0,,0.0,normalDay
2020-10-30,2431.0,782.0,0.0,0,326.54,0.0,1,12.91,5.09,SPY201120P00307000,307.0,0,0.0,0.0,,0.0,normalDay
2020-11-02,2431.0,918.0,0.0,0,330.2,0.0,1,12.91,3.73,SPY201120P00307000,307.0,0,0.0,0.0,,0.0,normalDay
2020-11-03,2431.0,1025.0,0.0,0,336.03,0.0,1,12.91,2.66,SPY201120P00307000,307.0,0,0.0,0.0,,0.0,normalDay
2020-11-04,2431.0,1186.0,0.0,0,343.54,0.0,1,12.91,1.05,SPY201120P00307000,307.0,0,0.0,0.0,,0.0,normalDay
2020-11-05,2431.0,1228.0,0.0,0,350.24,0.0,1,12.91,0.63,SPY201120P00307000,307.0,0,0.0,0.0,,0.0,normalDay
2020-11-06,2431.0,1259.0,0.0,0,350.16,0.0,1,12.91,0.32,SPY201120P00307000,307.0,0,0.0,0.0,,0.0,normalDay
2020-11-09,2431.0,1266.0,0.0,0,354.56,0.0,1,12.91,0.25,SPY201120P00307000,307.0,0,0.0,0.0,,0.0,normalDay
2020-11-10,2431.0,1272.0,0.0,0,354.04,0.0,1,12.91,0.19,SPY201120P00307000,307.0,0,0.0,0.0,,0.0,normalDay
2020-11-11,2431.0,1278.0,0.0,0,356.67,0.0,1,12.91,0.13,SPY201120P00307000,307.0,0,0.0,0.0,,0.0,normalDay
2020-11-12,2431.0,1272.0,0.0,0,353.21,0.0,1,12.91,0.19,SPY201120P00307000,307.0,0,0.0,0.0,,0.0,normalDay
2020-11-13,2431.0,1283.0,0.0,0,358.1,0.0,1,12.91,0.08,SPY201120P00307000,307.0,0,0.0,0.0,,0.0,normalDay
2020-11-16,2431.0,1288.0,0.0,0,362.57,0.0,1,12.91,0.03,SPY201120P00307000,307.0,0,0.0,0.0,,0.0,normalDay
2020-11-17,2431.0,1289.0,0.0,0,360.62,0.0,1,12.91,0.02,SPY201120P00307000,307.0,0,0.0,0.0,,0.0,normalDay
2020-11-18,2431.0,1289.0,0.0,0,356.28,0.0,1,12.91,0.02,SPY201120P00307000,307.0,0,0.0,0.0,,0.0,normalDay
2020-11-19,2431.0,1290.0,0.0,0,357.78,0.0,1,12.91,0.01,SPY201120P00307000,307.0,0,0.0,0.0,,0.0,normalDay
2020-11-20,3722.0,0.0,1291.0,0,355.33,0.0,1,12.91,0.0,SPY201120P00307000,307.0,0,0.0,0.0,,0.0,expirationDay
2020-11-23,3722.0,-10.0,0.0,0,357.46,0.0,1,11.36,11.46,SPY210331P00336000,336.0,0,0.0,0.0,,0.0,normalDay
2020-11-24,3722.0,146.0,0.0,0,363.22,0.0,1,11.36,9.9,SPY210331P00336000,336.0,0,0.0,0.0,,0.0,normalDay
2020-11-25,3722.0,159.0,0.0,0,362.66,0.0,1,11.36,9.77,SPY210331P00336000,336.0,0,0.0,0.0,,0.0,normalDay
2020-11-27,3722.0,187.0,0.0,0,363.67,0.0,1,11.36,9.49,SPY210331P00336000,336.0,0,0.0,0.0,,0.0,normalDay
2020-11-30,3722.0,202.0,0.0,0,362.06,0.0,1,11.36,9.34,SPY210331P00336000,336.0,0,0.0,0.0,,0.0,normalDay
2020-12-01,3722.0,257.0,0.0,0,366.02,0.0,1,11.36,8.79,SPY210331P00336000,336.0,0,0.0,0.0,,0.0,normalDay
2020-12-02,3722.0,281.0,0.0,0,366.79,0.0,1,11.36,8.55,SPY210331P00336000,336.0,0,0.0,0.0,,0.0,normalDay
2020-12-03,3722.0,272.0,0.0,0,366.69,0.0,1,11.36,8.64,SPY210331P00336000,336.0,0,0.0,0.0,,0.0,normalDay
2020-12-04,3722.0,345.0,0.0,0,369.85,0.0,1,11.36,7.91,SPY210331P00336000,336.0,0,0.0,0.0,,0.0,normalDay
2020-12-07,3722.0,330.0,0.0,0,369.09,0.0,1,11.36,8.06,SPY210331P00336000,336.0,0,0.0,0.0,,0.0,normalDay
2020-12-08,3722.0,394.0,0.0,0,370.17,0.0,1,11.36,7.42,SPY210331P00336000,336.0,0,0.0,0.0,,0.0,normalDay
2020-12-09,3722.0,293.0,0.0,0,366.85,0.0,1,11.36,8.43,SPY210331P00336000,336.0,0,0.0,0.0,,0.0,normalDay
2020-12-10,3722.0,290.0,0.0,0,366.73,0.0,1,11.36,8.46,SPY210331P00336000,336.0,0,0.0,0.0,,0.0,normalDay
2020-12-11,3722.0,256.0,0.0,0,366.3,0.0,1,11.36,8.8,SPY210331P00336000,336.0,0,0.0,0.0,,0.0,normalDay
2020-12-14,3722.0,213.0,0.0,0,364.66,0.0,1,11.36,9.23,SPY210331P00336000,336.0,0,0.0,0.0,,0.0,normalDay
2020-12-15,3722.0,333.0,0.0,0,369.59,0.0,1,11.36,8.03,SPY210331P00336000,336.0,0,0.0,0.0,,0.0,normalDay
2020-12-16,3722.0,383.0,0.0,0,370.17,0.0,1,11.36,7.53,SPY210331P00336000,336.0,0,0.0,0.0,,0.0,normalDay
2020-12-17,3722.0,441.0,0.0,0,372.24,0.0,1,11.36,6.95,SPY210331P00336000,336.0,0,0.0,0.0,,0.0,normalDay
2020-12-18,3722.0,429.0,0.0,0,369.18,0.0,1,11.36,7.07,SPY210331P00336000,336.0,0,0.0,0.0,,0.0,normalDay
2020-12-21,3722.0,312.0,0.0,0,367.86,0.0,1,11.36,8.24,SPY210331P00336000,336.0,0,0.0,0.0,,0.0,normalDay
2020-12-22,3722.0,322.0,0.0,0,367.24,0.0,1,11.36,8.14,SPY210331P00336000,336.0,0,0.0,0.0,,0.0,normalDay
2020-12-23,3722.0,374.0,0.0,0,367.57,0.0,1,11.36,7.62,SPY210331P00336000,336.0,0,0.0,0.0,,0.0,normalDay
2020-12-24,3722.0,448.0,0.0,0,369.0,0.0,1,11.36,6.88,SPY210331P00336000,336.0,0,0.0,0.0,,0.0,normalDay
2020-12-28,3722.0,526.0,0.0,0,372.17,0.0,1,11.36,6.1,SPY210331P00336000,336.0,0,0.0,0.0,,0.0,normalDay
2020-12-29,3722.0,466.0,0.0,0,371.46,0.0,1,11.36,6.7,SPY210331P00336000,336.0,0,0.0,0.0,,0.0,normalDay
2020-12-30,3722.0,515.0,0.0,0,371.99,0.0,1,11.36,6.21,SPY210331P00336000,336.0,0,0.0,0.0,,0.0,normalDay
2020-12-31,3722.0,551.0,0.0,0,373.88,0.0,1,11.36,5.85,SPY210331P00336000,336.0,0,0.0,0.0,,0.0,normalDay
2021-01-04,3722.0,403.0,0.0,0,368.79,0.0,1,11.36,7.33,SPY210331P00336000,336.0,0,0.0,0.0,,0.0,normalDay
2021-01-05,3722.0,482.0,0.0,0,371.33,0.0,1,11.36,6.54,SPY210331P00336000,336.0,0,0.0,0.0,,0.0,normalDay
2021-01-06,3722.0,511.0,0.0,0,373.55,0.0,1,11.36,6.25,SPY210331P00336000,336.0,0,0.0,0.0,,0.0,normalDay
2021-01-07,3722.0,662.0,0.0,0,379.1,0.0,1,11.36,4.74,SPY210331P00336000,336.0,0,0.0,0.0,,0.0,normalDay
2021-01-08,3722.0,700.0,0.0,0,381.26,0.0,1,11.36,4.36,SPY210331P00336000,336.0,0,0.0,0.0,,0.0,normalDay
2021-01-11,3722.0,628.0,0.0,0,378.69,0.0,1,11.36,5.08,SPY210331P00336000,336.0,0,0.0,0.0,,0.0,normalDay
2021-01-12,3722.0,654.0,0.0,0,378.77,0.0,1,11.36,4.82,SPY210331P00336000,336.0,0,0.0,0.0,,0.0,normalDay
2021-01-13,3722.0,694.0,0.0,0,379.79,0.0,1,11.36,4.42,SPY210331P00336000,336.0,0,0.0,0.0,,0.0,normalDay
2021-01-14,3722.0,663.0,0.0,0,378.46,0.0,1,11.36,4.73,SPY210331P00336000,336.0,0,0.0,0.0,,0.0,normalDay
2021-01-15,3722.0,599.0,0.0,0,375.7,0.0,1,11.36,5.37,SPY210331P00336000,336.0,0,0.0,0.0,,0.0,normalDay
2021-01-19,3722.0,688.0,0.0,0,378.65,0.0,1,11.36,4.48,SPY210331P00336000,336.0,0,0.0,0.0,,0.0,normalDay
2021-01-20,3722.0,777.0,0.0,0,383.89,0.0,1,11.36,3.59,SPY210331P00336000,336.0,0,0.0,0.0,,0.0,normalDay
2021-01-21,3722.0,793.0,0.0,0,384.24,0.0,1,11.36,3.43,SPY210331P00336000,336.0,0,0.0,0.0,,0.0,normalDay
2021-01-22,3722.0,777.0,0.0,0,382.88,0.0,1,11.36,3.59,SPY210331P00336000,336.0,0,0.0,0.0,,0.0,normalDay
2021-01-25,3722.0,777.0,0.0,0,384.39,0.0,1,11.36,3.59,SPY210331P00336000,336.0,0,0.0,0.0,,0.0,normalDay
2021-01-26,3722.0,784.0,0.0,0,383.79,0.0,1,11.36,3.52,SPY210331P00336000,336.0,0,0.0,0.0,,0.0,normalDay
2021-01-27,3722.0,443.0,0.0,0,374.41,0.0,1,11.36,6.93,SPY210331P00336000,336.0,0,0.0,0.0,,0.0,normalDay
2021-01-28,3722.0,574.0,0.0,0,377.63,0.0,1,11.36,5.62,SPY210331P00336000,336.0,0,0.0,0.0,,0.0,normalDay
2021-01-29,3722.0,344.0,0.0,0,370.07,0.0,1,11.36,7.92,SPY210331P00336000,336.0,0,0.0,0.0,,0.0,normalDay
2021-02-01,3722.0,569.0,0.0,0,376.23,0.0,1,11.36,5.67,SPY210331P00336000,336.0,0,0.0,0.0,,0.0,normalDay
2021-02-02,3722.0,752.0,0.0,0,381.55,0.0,1,11.36,3.84,SPY210331P00336000,336.0,0,0.0,0.0,,0.0,normalDay
2021-02-03,3722.0,813.0,0.0,0,381.85,0.0,1,11.36,3.23,SPY210331P00336000,336.0,0,0.0,0.0,,0.0,normalDay
2021-02-04,3722.0,881.0,0.0,0,386.19,0.0,1,11.36,2.55,SPY210331P00336000,336.0,0,0.0,0.0,,0.0,normalDay
2021-02-05,3722.0,899.0,0.0,0,387.71,0.0,1,11.36,2.37,SPY210331P00336000,336.0,0,0.0,0.0,,0.0,normalDay
2021-02-08,3722.0,930.0,0.0,0,390.51,0.0,1,11.36,2.06,SPY210331P00336000,336.0,0,0.0,0.0,,0.0,normalDay
2021-02-09,3722.0,933.0,0.0,0,390.25,0.0,1,11.36,2.03,SPY210331P00336000,336.0,0,0.0,0.0,,0.0,normalDay
2021-02-10,3722.0,930.0,0.0,0,390.08,0.0,1,11.36,2.06,SPY210331P00336000,336.0,0,0.0,0.0,,0.0,normalDay
2021-02-11,3722.0,950.0,0.0,0,390.71,0.0,1,11.36,1.86,SPY210331P00336000,336.0,0,0.0,0.0,,0.0,normalDay
2021-02-12,3722.0,987.0,0.0,0,392.64,0.0,1,11.36,1.49,SPY210331P00336000,336.0,0,0.0,0.0,,0.0,normalDay
2021-02-16,3722.0,984.0,0.0,0,392.3,0.0,1,11.36,1.52,SPY210331P00336000,336.0,0,0.0,0.0,,0.0,normalDay
2021-02-17,3722.0,991.0,0.0,0,392.39,0.0,1,11.36,1.45,SPY210331P00336000,336.0,0,0.0,0.0,,0.0,normalDay
2021-02-18,3722.0,979.0,0.0,0,390.72,0.0,1,11.36,1.57,SPY210331P00336000,336.0,0,0.0,0.0,,0.0,normalDay
2021-02-19,3722.0,989.0,0.0,0,390.03,0.0,1,11.36,1.47,SPY210331P00336000,336.0,0,0.0,0.0,,0.0,normalDay
2021-02-22,3722.0,975.0,0.0,0,387.03,0.0,1,11.36,1.61,SPY210331P00336000,336.0,0,0.0,0.0,,0.0,normalDay
2021-02-23,3722.0,995.0,0.0,0,387.5,0.0,1,11.36,1.41,SPY210331P00336000,336.0,0,0.0,0.0,,0.0,normalDay
2021-02-24,3722.0,1036.0,0.0,0,391.77,0.0,1,11.36,1.0,SPY210331P00336000,336.0,0,0.0,0.0,,0.0,normalDay
2021-02-25,3722.0,904.0,0.0,0,382.33,0.0,1,11.36,2.32,SPY210331P00336000,336.0,0,0.0,0.0,,0.0,normalDay
2021-02-26,3722.0,916.0,0.0,0,380.36,0.0,1,11.36,2.2,SPY210331P00336000,336.0,0,0.0,0.0,,0.0,normalDay
2021-03-01,3722.0,1030.0,0.0,0,389.58,0.0,1,11.36,1.06,SPY210331P00336000,336.0,0,0.0,0.0,,0.0,normalDay
2021-03-02,3722.0,1014.0,0.0,0,386.54,0.0,1,11.36,1.22,SPY210331P00336000,336.0,0,0.0,0.0,,0.0,normalDay
2021-03-03,3722.0,978.0,0.0,0,381.42,0.0,1,11.36,1.58,SPY210331P00336000,336.0,0,0.0,0.0,,0.0,normalDay
2021-03-04,3722.0,925.0,0.0,0,376.7,0.0,1,11.36,2.11,SPY210331P00336000,336.0,0,0.0,0.0,,0.0,normalDay
2021-03-05,3722.0,1019.0,0.0,0,383.63,0.0,1,11.36,1.17,SPY210331P00336000,336.0,0,0.0,0.0,,0.0,normalDay
2021-03-08,3722.0,1016.0,0.0,0,381.72,0.0,1,11.36,1.2,SPY210331P00336000,336.0,0,0.0,0.0,,0.0,normalDay
2021-03-09,3722.0,1060.0,0.0,0,387.17,0.0,1,11.36,0.76,SPY210331P00336000,336.0,0,0.0,0.0,,0.0,normalDay
2021-03-10,3722.0,1083.0,0.0,0,389.58,0.0,1,11.36,0.53,SPY210331P00336000,336.0,0,0.0,0.0,,0.0,normalDay
2021-03-11,3722.0,1095.0,0.0,0,393.53,0.0,1,11.36,0.41,SPY210331P00336000,336.0,0,0.0,0.0,,0.0,normalDay
2021-03-12,3722.0,1110.0,0.0,0,394.06,0.0,1,11.36,0.26,SPY210331P00336000,336.0,0,0.0,0.0,,0.0,normalDay
2021-03-15,3722.0,1120.0,0.0,0,396.41,0.0,1,11.36,0.16,SPY210331P00336000,336.0,0,0.0,0.0,,0.0,normalDay
2021-03-16,3722.0,1120.0,0.0,0,395.91,0.0,1,11.36,0.16,SPY210331P00336000,336.0,0,0.0,0.0,,0.0,normalDay
2021-03-17,3722.0,1125.0,0.0,0,397.26,0.0,1,11.36,0.11,SPY210331P00336000,336.0,0,0.0,0.0,,0.0,normalDay
2021-03-18,3722.0,1115.0,0.0,0,391.48,0.0,1,11.36,0.21,SPY210331P00336000,336.0,0,0.0,0.0,,0.0,normalDay
2021-03-19,3722.0,1122.0,0.0,0,389.48,0.0,1,11.36,0.14,SPY210331P00336000,336.0,0,0.0,0.0,,0.0,normalDay
2021-03-22,3722.0,1131.0,0.0,0,392.59,0.0,1,11.36,0.05,SPY210331P00336000,336.0,0,0.0,0.0,,0.0,normalDay
2021-03-23,3722.0,1129.0,0.0,0,389.5,0.0,1,11.36,0.07,SPY210331P00336000,336.0,0,0.0,0.0,,0.0,normalDay
2021-03-24,3722.0,1130.0,0.0,0,387.52,0.0,1,11.36,0.06,SPY210331P00336000,336.0,0,0.0,0.0,,0.0,normalDay
2021-03-25,3722.0,1133.0,0.0,0,389.7,0.0,1,11.36,0.03,SPY210331P00336000,336.0,0,0.0,0.0,,0.0,normalDay
2021-03-26,3722.0,1134.0,0.0,0,395.98,0.0,1,11.36,0.02,SPY210331P00336000,336.0,0,0.0,0.0,,0.0,normalDay
2021-03-29,3722.0,1135.0,0.0,0,395.78,0.0,1,11.36,0.01,SPY210331P00336000,336.0,0,0.0,0.0,,0.0,normalDay
2021-03-30,3722.0,1135.0,0.0,0,394.73,0.0,1,11.36,0.01,SPY210331P00336000,336.0,0,0.0,0.0,,0.0,normalDay
2021-03-31,4858.0,0.0,1136.0,0,396.33,0.0,1,11.36,0.0,SPY210331P00336000,336.0,0,0.0,0.0,,0.0,expirationDay
2021-04-01,4858.0,-8.0,0.0,0,400.61,0.0,1,12.38,12.46,SPY210820P00387000,387.0,0,0.0,0.0,,0.0,normalDay
2021-04-05,4858.0,158.0,0.0,0,406.36,0.0,1,12.38,10.8,SPY210820P00387000,387.0,0,0.0,0.0,,0.0,normalDay
2021-04-06,4858.0,137.0,0.0,0,406.12,0.0,1,12.38,11.01,SPY210820P00387000,387.0,0,0.0,0.0,,0.0,normalDay
2021-04-07,4858.0,180.0,0.0,0,406.59,0.0,1,12.38,10.58,SPY210820P00387000,387.0,0,0.0,0.0,,0.0,normalDay
2021-04-08,4858.0,216.0,0.0,0,408.52,0.0,1,12.38,10.22,SPY210820P00387000,387.0,0,0.0,0.0,,0.0,normalDay
2021-04-09,4858.0,262.0,0.0,0,411.49,0.0,1,12.38,9.76,SPY210820P00387000,387.0,0,0.0,0.0,,0.0,normalDay
2021-04-12,4858.0,282.0,0.0,0,411.64,0.0,1,12.38,9.56,SPY210820P00387000,387.0,0,0.0,0.0,,0.0,normalDay
2021-04-13,4858.0,325.0,0.0,0,412.86,0.0,1,12.38,9.13,SPY210820P00387000,387.0,0,0.0,0.0,,0.0,normalDay
2021-04-14,4858.0,294.0,0.0,0,411.45,0.0,1,12.38,9.44,SPY210820P00387000,387.0,0,0.0,0.0,,0.0,normalDay
2021-04-15,4858.0,391.0,0.0,0,415.87,0.0,1,12.38,8.47,SPY210820P00387000,387.0,0,0.0,0.0,,0.0,normalDay
2021-04-16,4858.0,419.0,0.0,0,417.26,0.0,1,12.38,8.19,SPY210820P00387000,387.0,0,0.0,0.0,,0.0,normalDay
2021-04-19,4858.0,352.0,0.0,0,415.21,0.0,1,12.38,8.86,SPY210820P00387000,387.0,0,0.0,0.0,,0.0,normalDay
2021-04-20,4858.0,247.0,0.0,0,412.17,0.0,1,12.38,9.91,SPY210820P00387000,387.0,0,0.0,0.0,,0.0,normalDay
2021-04-21,4858.0,373.0,0.0,0,416.07,0.0,1,12.38,8.65,SPY210820P00387000,387.0,0,0.0,0.0,,0.0,normalDay
2021-04-22,4858.0,244.0,0.0,0,412.27,0.0,1,12.38,9.94,SPY210820P00387000,387.0,0,0.0,0.0,,0.0,normalDay
2021-04-23,4858.0,390.0,0.0,0,416.74,0.0,1,12.38,8.48,SPY210820P00387000,387.0,0,0.0,0.0,,0.0,normalDay
2021-04-26,4858.0,425.0,0.0,0,417.61,0.0,1,12.38,8.13,SPY210820P00387000,387.0,0,0.0,0.0,,0.0,normalDay
2021-04-27,4858.0,438.0,0.0,0,417.52,0.0,1,12.38,8.0,SPY210820P00387000,387.0,0,0.0,0.0,,0.0,normalDay
2021-04-28,4858.0,460.0,0.0,0,417.4,0.0,1,12.38,7.78,SPY210820P00387000,387.0,0,0.0,0.0,,0.0,normalDay
2021-04-29,4858.0,487.0,0.0,0,420.06,0.0,1,12.38,7.51,SPY210820P00387000,387.0,0,0.0,0.0,,0.0,normalDay
2021-04-30,4858.0,423.0,0.0,0,417.3,0.0,1,12.38,8.15,SPY210820P00387000,387.0,0,0.0,0.0,,0.0,normalDay
2021-05-03,4858.0,470.0,0.0,0,418.2,0.0,1,12.38,7.68,SPY210820P00387000,387.0,0,0.0,0.0,,0.0,normalDay
2021-05-04,4858.0,381.0,0.0,0,415.62,0.0,1,12.38,8.57,SPY210820P00387000,387.0,0,0.0,0.0,,0.0,normalDay
2021-05-05,4858.0,406.0,0.0,0,415.75,0.0,1,12.38,8.32,SPY210820P00387000,387.0,0,0.0,0.0,,0.0,normalDay
2021-05-06,4858.0,497.0,0.0,0,419.07,0.0,1,12.38,7.41,SPY210820P00387000,387.0,0,0.0,0.0,,0.0,normalDay
2021-05-07,4858.0,589.0,0.0,0,422.12,0.0,1,12.38,6.49,SPY210820P00387000,387.0,0,0.0,0.0,,0.0,normalDay
2021-05-10,4858.0,463.0,0.0,0,417.94,0.0,1,12.38,7.75,SPY210820P00387000,387.0,0,0.0,0.0,,0.0,normalDay
2021-05-11,4858.0,336.0,0.0,0,414.21,0.0,1,12.38,9.02,SPY210820P00387000,387.0,0,0.0,0.0,,0.0,normalDay
2021-05-12,4858.0,-54.0,0.0,0,405.41,0.0,1,12.38,12.92,SPY210820P00387000,387.0,0,0.0,0.0,,0.0,normalDay
2021-05-13,4858.0,214.0,0.0,0,410.28,0.0,1,12.38,10.24,SPY210820P00387000,387.0,0,0.0,0.0,,0.0,normalDay
2021-05-14,4858.0,498.0,0.0,0,416.58,0.0,1,12.38,7.4,SPY210820P00387000,387.0,0,0.0,0.0,,0.0,normalDay
2021-05-17,4858.0,454.0,0.0,0,415.52,0.0,1,12.38,7.84,SPY210820P00387000,387.0,0,0.0,0.0,,0.0,normalDay
2021-05-18,4858.0,341.0,0.0,0,411.94,0.0,1,12.38,8.97,SPY210820P00387000,387.0,0,0.0,0.0,,0.0,normalDay
2021-05-19,4858.0,295.0,0.0,0,410.86,0.0,1,12.38,9.43,SPY210820P00387000,387.0,0,0.0,0.0,,0.0,normalDay
2021-05-20,4858.0,435.0,0.0,0,415.28,0.0,1,12.38,8.03,SPY210820P00387000,387.0,0,0.0,0.0,,0.0,normalDay
2021-05-21,4858.0,468.0,0.0,0,414.94,0.0,1,12.38,7.7,SPY210820P00387000,387.0,0,0.0,0.0,,0.0,normalDay
2021-05-24,4858.0,612.0,0.0,0,419.17,0.0,1,12.38,6.26,SPY210820P00387000,387.0,0,0.0,0.0,,0.0,normalDay
2021-05-25,4858.0,601.0,0.0,0,418.24,0.0,1,12.38,6.37,SPY210820P00387000,387.0,0,0.0,0.0,,0.0,normalDay
2021-05-26,4858.0,672.0,0.0,0,419.07,0.0,1,12.38,5.66,SPY210820P00387000,387.0,0,0.0,0.0,,0.0,normalDay
2021-05-27,4858.0,735.0,0.0,0,419.29,0.0,1,12.38,5.03,SPY210820P00387000,387.0,0,0.0,0.0,,0.0,normalDay
2021-05-28,4858.0,747.0,0.0,0,420.04,0.0,1,12.38,4.91,SPY210820P00387000,387.0,0,0.0,0.0,,0.0,normalDay
2021-06-01,4858.0,728.0,0.0,0,419.67,0.0,1,12.38,5.1,SPY210820P00387000,387.0,0,0.0,0.0,,0.0,normalDay
2021-06-02,4858.0,752.0,0.0,0,420.33,0.0,1,12.38,4.86,SPY210820P00387000,387.0,0,0.0,0.0,,0.0,normalDay
2021-06-03,4858.0,716.0,0.0,0,418.77,0.0,1,12.38,5.22,SPY210820P00387000,387.0,0,0.0,0.0,,0.0,normalDay
2021-06-04,4858.0,809.0,0.0,0,422.6,0.0,1,12.38,4.29,SPY210820P00387000,387.0,0,0.0,0.0,,0.0,normalDay
2021-06-07,4858.0,839.0,0.0,0,422.19,0.0,1,12.38,3.99,SPY210820P00387000,387.0,0,0.0,0.0,,0.0,normalDay
2021-06-08,4858.0,832.0,0.0,0,422.28,0.0,1,12.38,4.06,SPY210820P00387000,387.0,0,0.0,0.0,,0.0,normalDay
2021-06-09,4858.0,815.0,0.0,0,421.65,0.0,1,12.38,4.23,SPY210820P00387000,387.0,0,0.0,0.0,,0.0,normalDay
2021-06-10,4858.0,890.0,0.0,0,423.61,0.0,1,12.38,3.48,SPY210820P00387000,387.0,0,0.0,0.0,,0.0,normalDay
2021-06-11,4858.0,915.0,0.0,0,424.31,0.0,1,12.38,3.23,SPY210820P00387000,387.0,0,0.0,0.0,,0.0,normalDay
2021-06-14,4858.0,924.0,0.0,0,425.26,0.0,1,12.38,3.14,SPY210820P00387000,387.0,0,0.0,0.0,,0.0,normalDay
2021-06-15,4858.0,905.0,0.0,0,424.48,0.0,1,12.38,3.33,SPY210820P00387000,387.0,0,0.0,0.0,,0.0,normalDay
2021-06-16,4858.0,870.0,0.0,0,422.11,0.0,1,12.38,3.68,SPY210820P00387000,387.0,0,0.0,0.0,,0.0,normalDay
2021-06-17,4858.0,890.0,0.0,0,421.97,0.0,1,12.38,3.48,SPY210820P00387000,387.0,0,0.0,0.0,,0.0,normalDay
2021-06-18,4858.0,737.0,0.0,0,414.92,0.0,1,12.38,5.01,SPY210820P00387000,387.0,0,0.0,0.0,,0.0,normalDay
2021-06-21,4858.0,908.0,0.0,0,420.86,0.0,1,12.38,3.3,SPY210820P00387000,387.0,0,0.0,0.0,,0.0,normalDay
2021-06-22,4858.0,961.0,0.0,0,423.11,0.0,1,12.38,2.77,SPY210820P00387000,387.0,0,0.0,0.0,,0.0,normalDay
2021-06-23,4858.0,975.0,0.0,0,422.6,0.0,1,12.38,2.63,SPY210820P00387000,387.0,0,0.0,0.0,,0.0,normalDay
2021-06-24,4858.0,1011.0,0.0,0,425.1,0.0,1,12.38,2.27,SPY210820P00387000,387.0,0,0.0,0.0,,0.0,normalDay
2021-06-25,4858.0,1038.0,0.0,0,426.61,0.0,1,12.38,2.0,SPY210820P00387000,387.0,0,0.0,0.0,,0.0,normalDay
2021-06-28,4858.0,1052.0,0.0,0,427.47,0.0,1,12.38,1.86,SPY210820P00387000,387.0,0,0.0,0.0,,0.0,normalDay
2021-06-29,4858.0,1049.0,0.0,0,427.7,0.0,1,12.38,1.89,SPY210820P00387000,387.0,0,0.0,0.0,,0.0,normalDay
2021-06-30,4858.0,1061.0,0.0,0,428.06,0.0,1,12.38,1.77,SPY210820P00387000,387.0,0,0.0,0.0,,0.0,normalDay
2021-07-01,4858.0,1078.0,0.0,0,430.43,0.0,1,12.38,1.6,SPY210820P00387000,387.0,0,0.0,0.0,,0.0,normalDay
2021-07-02,4858.0,1100.0,0.0,0,433.72,0.0,1,12.38,1.38,SPY210820P00387000,387.0,0,0.0,0.0,,0.0,normalDay
2021-07-06,4858.0,1092.0,0.0,0,432.93,0.0,1,12.38,1.46,SPY210820P00387000,387.0,0,0.0,0.0,,0.0,normalDay
2021-07-07,4858.0,1105.0,0.0,0,434.46,0.0,1,12.38,1.33,SPY210820P00387000,387.0,0,0.0,0.0,,0.0,normalDay
2021-07-08,4858.0,1051.0,0.0,0,430.92,0.0,1,12.38,1.87,SPY210820P00387000,387.0,0,0.0,0.0,,0.0,normalDay
2021-07-09,4858.0,1116.0,0.0,0,435.52,0.0,1,12.38,1.22,SPY210820P00387000,387.0,0,0.0,0.0,,0.0,normalDay
2021-07-12,4858.0,1134.0,0.0,0,437.08,0.0,1,12.38,1.04,SPY210820P00387000,387.0,0,0.0,0.0,,0.0,normalDay
2021-07-13,4858.0,1121.0,0.0,0,435.59,0.0,1,12.38,1.17,SPY210820P00387000,387.0,0,0.0,0.0,,0.0,normalDay
2021-07-14,4858.0,1142.0,0.0,0,436.24,0.0,1,12.38,0.96,SPY210820P00387000,387.0,0,0.0,0.0,,0.0,normalDay
2021-07-15,4858.0,1132.0,0.0,0,434.75,0.0,1,12.38,1.06,SPY210820P00387000,387.0,0,0.0,0.0,,0.0,normalDay
2021-07-16,4858.0,1109.0,0.0,0,431.34,0.0,1,12.38,1.29,SPY210820P00387000,387.0,0,0.0,0.0,,0.0,normalDay
2021-07-19,4858.0,1024.0,0.0,0,424.97,0.0,1,12.38,2.14,SPY210820P00387000,387.0,0,0.0,0.0,,0.0,normalDay
2021-07-20,4858.0,1100.0,0.0,0,431.06,0.0,1,12.38,1.38,SPY210820P00387000,387.0,0,0.0,0.0,,0.0,normalDay
2021-07-21,4858.0,1147.0,0.0,0,434.55,0.0,1,12.38,0.91,SPY210820P00387000,387.0,0,0.0,0.0,,0.0,normalDay
2021-07-22,4858.0,1156.0,0.0,0,435.46,0.0,1,12.38,0.82,SPY210820P00387000,387.0,0,0.0,0.0,,0.0,normalDay
2021-07-23,4858.0,1173.0,0.0,0,439.94,0.0,1,12.38,0.65,SPY210820P00387000,387.0,0,0.0,0.0,,0.0,normalDay
2021-07-26,4858.0,1189.0,0.0,0,441.02,0.0,1,12.38,0.49,SPY210820P00387000,387.0,0,0.0,0.0,,0.0,normalDay
2021-07-27,4858.0,1175.0,0.0,0,439.01,0.0,1,12.38,0.63,SPY210820P00387000,387.0,0,0.0,0.0,,0.0,normalDay
2021-07-28,4858.0,1187.0,0.0,0,438.83,0.0,1,12.38,0.51,SPY210820P00387000,387.0,0,0.0,0.0,,0.0,normalDay
2021-07-29,4858.0,1198.0,0.0,0,440.65,0.0,1,12.38,0.4,SPY210820P00387000,387.0,0,0.0,0.0,,0.0,normalDay
2021-07-30,4858.0,1193.0,0.0,0,438.51,0.0,1,12.38,0.45,SPY210820P00387000,387.0,0,0.0,0.0,,0.0,normalDay
2021-08-02,4858.0,1196.0,0.0,0,437.59,0.0,1,12.38,0.42,SPY210820P00387000,387.0,0,0.0,0.0,,0.0,normalDay
2021-08-03,4858.0,1214.0,0.0,0,441.15,0.0,1,12.38,0.24,SPY210820P00387000,387.0,0,0.0,0.0,,0.0,normalDay
2021-08-04,4858.0,1215.0,0.0,0,438.98,0.0,1,12.38,0.23,SPY210820P00387000,387.0,0,0.0,0.0,,0.0,normalDay
2021-08-05,4858.0,1221.0,0.0,0,441.76,0.0,1,12.38,0.17,SPY210820P00387000,387.0,0,0.0,0.0,,0.0,normalDay
2021-08-06,4858.0,1227.0,0.0,0,442.49,0.0,1,12.38,0.11,SPY210820P00387000,387.0,0,0.0,0.0,,0.0,normalDay
2021-08-09,4858.0,1229.0,0.0,0,442.13,0.0,1,12.38,0.09,SPY210820P00387000,387.0,0,0.0,0.0,,0.0,normalDay
2021-08-10,4858.0,1228.0,0.0,0,442.68,0.0,1,12.38,0.1,SPY210820P00387000,387.0,0,0.0,0.0,,0.0,normalDay
2021-08-11,4858.0,1232.0,0.0,0,443.78,0.0,1,12.38,0.06,SPY210820P00387000,387.0,0,0.0,0.0,,0.0,normalDay
2021-08-12,4858.0,1233.0,0.0,0,445.11,0.0,1,12.38,0.05,SPY210820P00387000,387.0,0,0.0,0.0,,0.0,normalDay
2021-08-13,4858.0,1234.0,0.0,0,445.92,0.0,1,12.38,0.04,SPY210820P00387000,387.0,0,0.0,0.0,,0.0,normalDay
2021-08-16,4858.0,1235.0,0.0,0,446.97,0.0,1,12.38,0.03,SPY210820P00387000,387.0,0,0.0,0.0,,0.0,normalDay
2021-08-17,4858.0,1235.0,0.0,0,444.04,0.0,1,12.38,0.03,SPY210820P00387000,387.0,0,0.0,0.0,,0.0,normalDay
2021-08-18,4858.0,1231.0,0.0,0,439.18,0.0,1,12.38,0.07,SPY210820P00387000,387.0,0,0.0,0.0,,0.0,normalDay
2021-08-19,4858.0,1237.0,0.0,0,439.86,0.0,1,12.38,0.01,SPY210820P00387000,387.0,0,0.0,0.0,,0.0,normalDay
2021-08-20,6096.0,0.0,1238.0,0,443.36,0.0,1,12.38,0.0,SPY210820P00387000,387.0,0,0.0,0.0,,0.0,expirationDay
2021-08-23,6096.0,-10.0,0.0,0,447.26,0.0,1,15.1,15.2,SPY211231P00439000,439.0,0,0.0,0.0,,0.0,normalDay
2021-08-24,6096.0,5.0,0.0,0,447.97,0.0,1,15.1,15.05,SPY211231P00439000,439.0,0,0.0,0.0,,0.0,normalDay
2021-08-25,6096.0,69.0,0.0,0,448.91,0.0,1,15.1,14.41,SPY211231P00439000,439.0,0,0.0,0.0,,0.0,normalDay
2021-08-26,6096.0,-65.0,0.0,0,446.26,0.0,1,15.1,15.75,SPY211231P00439000,439.0,0,0.0,0.0,,0.0,normalDay
2021-08-27,6096.0,128.0,0.0,0,450.25,0.0,1,15.1,13.82,SPY211231P00439000,439.0,0,0.0,0.0,,0.0,normalDay
2021-08-30,6096.0,206.0,0.0,0,452.23,0.0,1,15.1,13.04,SPY211231P00439000,439.0,0,0.0,0.0,,0.0,normalDay
2021-08-31,6096.0,201.0,0.0,0,451.56,0.0,1,15.1,13.09,SPY211231P00439000,439.0,0,0.0,0.0,,0.0,normalDay
2021-09-01,6096.0,231.0,0.0,0,451.8,0.0,1,15.1,12.79,SPY211231P00439000,439.0,0,0.0,0.0,,0.0,normalDay
2021-09-02,6096.0,272.0,0.0,0,453.19,0.0,1,15.1,12.38,SPY211231P00439000,439.0,0,0.0,0.0,,0.0,normalDay
2021-09-03,6096.0,262.0,0.0,0,453.08,0.0,1,15.1,12.48,SPY211231P00439000,439.0,0,0.0,0.0,,0.0,normalDay
2021-09-07,6096.0,185.0,0.0,0,451.46,0.0,1,15.1,13.25,SPY211231P00439000,439.0,0,0.0,0.0,,0.0,normalDay
2021-09-08,6096.0,171.0,0.0,0,450.91,0.0,1,15.1,13.39,SPY211231P00439000,439.0,0,0.0,0.0,,0.0,normalDay
2021-09-09,6096.0,71.0,0.0,0,448.98,0.0,1,15.1,14.39,SPY211231P00439000,439.0,0,0.0,0.0,,0.0,normalDay
2021-09-10,6096.0,-49.0,0.0,0,445.44,0.0,1,15.1,15.59,SPY211231P00439000,439.0,0,0.0,0.0,,0.0,normalDay
2021-09-13,6096.0,54.0,0.0,0,446.58,0.0,1,15.1,14.56,SPY211231P00439000,439.0,0,0.0,0.0,,0.0,normalDay
2021-09-14,6096.0,-38.0,0.0,0,444.17,0.0,1,15.1,15.48,SPY211231P00439000,439.0,0,0.0,0.0,,0.0,normalDay
2021-09-15,6096.0,139.0,0.0,0,447.88,0.0,1,15.1,13.71,SPY211231P00439000,439.0,0,0.0,0.0,,0.0,normalDay
2021-09-16,6096.0,106.0,0.0,0,447.17,0.0,1,15.1,14.04,SPY211231P00439000,439.0,0,0.0,0.0,,0.0,normalDay
2021-09-17,6096.0,-98.0,0.0,0,441.4,0.0,1,15.1,16.08,SPY211231P00439000,439.0,0,0.0,0.0,,0.0,normalDay
2021-09-20,6096.0,-554.0,0.0,0,434.04,0.0,1,15.1,20.64,SPY211231P00439000,439.0,0,0.0,0.0,,0.0,normalDay
2021-09-21,6096.0,-547.0,0.0,0,433.63,0.0,1,15.1,20.57,SPY211231P00439000,439.0,0,0.0,0.0,,0.0,normalDay
2021-09-22,6096.0,-201.0,0.0,0,437.86,0.0,1,15.1,17.11,SPY211231P00439000,439.0,0,0.0,0.0,,0.0,normalDay
2021-09-23,6096.0,95.0,0.0,0,443.18,0.0,1,15.1,14.15,SPY211231P00439000,439.0,0,0.0,0.0,,0.0,normalDay
2021-09-24,6096.0,160.0,0.0,0,443.91,0.0,1,15.1,13.5,SPY211231P00439000,439.0,0,0.0,0.0,,0.0,normalDay
2021-09-27,6096.0,104.0,0.0,0,442.64,0.0,1,15.1,14.06,SPY211231P00439000,439.0,0,0.0,0.0,,0.0,normalDay
2021-09-28,6096.0,-383.0,0.0,0,433.72,0.0,1,15.1,18.93,SPY211231P00439000,439.0,0,0.0,0.0,,0.0,normalDay
2021-09-29,6096.0,-338.0,0.0,0,434.45,0.0,1,15.1,18.48,SPY211231P00439000,439.0,0,0.0,0.0,,0.0,normalDay
2021-09-30,6096.0,-620.0,0.0,0,429.14,0.0,1,15.1,21.3,SPY211231P00439000,439.0,0,0.0,0.0,,0.0,normalDay
2021-10-01,6096.0,-269.0,0.0,0,434.24,0.0,1,15.1,17.79,SPY211231P00439000,439.0,0,0.0,0.0,,0.0,normalDay
2021-10-04,6096.0,-599.0,0.0,0,428.64,0.0,1,15.1,21.09,SPY211231P00439000,439.0,0,0.0,0.0,,0.0,normalDay
2021-10-05,6096.0,-316.0,0.0,0,433.1,0.0,1,15.1,18.26,SPY211231P00439000,439.0,0,0.0,0.0,,0.0,normalDay
2021-10-06,6096.0,-223.0,0.0,0,434.9,0.0,1,15.1,17.33,SPY211231P00439000,439.0,0,0.0,0.0,,0.0,normalDay
2021-10-07,6096.0,6.0,0.0,0,438.66,0.0,1,15.1,15.04,SPY211231P00439000,439.0,0,0.0,0.0,,0.0,normalDay
2021-10-08,6096.0,-31.0,0.0,0,437.86,0.0,1,15.1,15.41,SPY211231P00439000,439.0,0,0.0,0.0,,0.0,normalDay
2021-10-11,6096.0,-175.0,0.0,0,434.69,0.0,1,15.1,16.85,SPY211231P00439000,439.0,0,0.0,0.0,,0.0,normalDay
2021-10-12,6096.0,-220.0,0.0,0,433.62,0.0,1,15.1,17.3,SPY211231P00439000,439.0,0,0.0,0.0,,0.0,normalDay
2021-10-13,6096.0,-32.0,0.0,0,435.18,0.0,1,15.1,15.42,SPY211231P00439000,439.0,0,0.0,0.0,,0.0,normalDay
2021-10-14,6096.0,348.0,0.0,0,442.5,0.0,1,15.1,11.62,SPY211231P00439000,439.0,0,0.0,0.0,,0.0,normalDay
2021-10-15,6096.0,478.0,0.0,0,445.87,0.0,1,15.1,10.32,SPY211231P00439000,439.0,0,0.0,0.0,,0.0,normalDay
2021-10-18,6096.0,543.0,0.0,0,447.19,0.0,1,15.1,9.67,SPY211231P00439000,439.0,0,0.0,0.0,,0.0,normalDay
2021-10-19,6096.0,686.0,0.0,0,450.64,0.0,1,15.1,8.24,SPY211231P00439000,439.0,0,0.0,0.0,,0.0,normalDay
2021-10-20,6096.0,719.0,0.0,0,452.41,0.0,1,15.1,7.91,SPY211231P00439000,439.0,0,0.0,0.0,,0.0,normalDay
2021-10-21,6096.0,778.0,0.0,0,453.59,0.0,1,15.1,7.32,SPY211231P00439000,439.0,0,0.0,0.0,,0.0,normalDay
2021-10-22,6096.0,735.0,0.0,0,453.12,0.0,1,15.1,7.75,SPY211231P00439000,439.0,0,0.0,0.0,,0.0,normalDay
2021-10-25,6096.0,821.0,0.0,0,455.55,0.0,1,15.1,6.89,SPY211231P00439000,439.0,0,0.0,0.0,,0.0,normalDay
2021-10-26,6096.0,834.0,0.0,0,455.96,0.0,1,15.1,6.76,SPY211231P00439000,439.0,0,0.0,0.0,,0.0,normalDay
2021-10-27,6096.0,749.0,0.0,0,453.94,0.0,1,15.1,7.61,SPY211231P00439000,439.0,0,0.0,0.0,,0.0,normalDay
2021-10-28,6096.0,866.0,0.0,0,458.32,0.0,1,15.1,6.44,SPY211231P00439000,439.0,0,0.0,0.0,,0.0,normalDay
2021-10-29,6096.0,899.0,0.0,0,459.25,0.0,1,15.1,6.11,SPY211231P00439000,439.0,0,0.0,0.0,,0.0,normalDay
2021-11-01,6096.0,937.0,0.0,0,460.04,0.0,1,15.1,5.73,SPY211231P00439000,439.0,0,0.0,0.0,,0.0,normalDay
2021-11-02,6096.0,984.0,0.0,0,461.9,0.0,1,15.1,5.26,SPY211231P00439000,439.0,0,0.0,0.0,,0.0,normalDay
2021-11-03,6096.0,1067.0,0.0,0,464.72,0.0,1,15.1,4.43,SPY211231P00439000,439.0,0,0.0,0.0,,0.0,normalDay
2021-11-04,6096.0,1104.0,0.0,0,466.91,0.0,1,15.1,4.06,SPY211231P00439000,439.0,0,0.0,0.0,,0.0,normalDay
2021-11-05,6096.0,1102.0,0.0,0,468.53,0.0,1,15.1,4.08,SPY211231P00439000,439.0,0,0.0,0.0,,0.0,normalDay
2021-11-08,6096.0,1103.0,0.0,0,468.93,0.0,1,15.1,4.07,SPY211231P00439000,439.0,0,0.0,0.0,,0.0,normalDay
2021-11-09,6096.0,1077.0,0.0,0,467.38,0.0,1,15.1,4.33,SPY211231P00439000,439.0,0,0.0,0.0,,0.0,normalDay
2021-11-10,6096.0,1010.0,0.0,0,463.62,0.0,1,15.1,5.0,SPY211231P00439000,439.0,0,0.0,0.0,,0.0,normalDay
2021-11-11,6096.0,1064.0,0.0,0,463.77,0.0,1,15.1,4.46,SPY211231P00439000,439.0,0,0.0,0.0,,0.0,normalDay
2021-11-12,6096.0,1152.0,0.0,0,467.27,0.0,1,15.1,3.58,SPY211231P00439000,439.0,0,0.0,0.0,,0.0,normalDay
2021-11-15,6096.0,1169.0,0.0,0,467.43,0.0,1,15.1,3.41,SPY211231P00439000,439.0,0,0.0,0.0,,0.0,normalDay
2021-11-16,6096.0,1201.0,0.0,0,469.28,0.0,1,15.1,3.09,SPY211231P00439000,439.0,0,0.0,0.0,,0.0,normalDay
2021-11-17,6096.0,1176.0,0.0,0,468.14,0.0,1,15.1,3.34,SPY211231P00439000,439.0,0,0.0,0.0,,0.0,normalDay
2021-11-18,6096.0,1195.0,0.0,0,469.73,0.0,1,15.1,3.15,SPY211231P00439000,439.0,0,0.0,0.0,,0.0,normalDay
2021-11-19,6096.0,1185.0,0.0,0,468.89,0.0,1,15.1,3.25,SPY211231P00439000,439.0,0,0.0,0.0,,0.0,normalDay
2021-11-22,6096.0,1163.0,0.0,0,467.57,0.0,1,15.1,3.47,SPY211231P00439000,439.0,0,0.0,0.0,,0.0,normalDay
2021-11-23,6096.0,1185.0,0.0,0,468.19,0.0,1,15.1,3.25,SPY211231P00439000,439.0,0,0.0,0.0,,0.0,normalDay
2021-11-24,6096.0,1227.0,0.0,0,469.44,0.0,1,15.1,2.83,SPY211231P00439000,439.0,0,0.0,0.0,,0.0,normalDay
2021-11-26,6096.0,669.0,0.0,0,458.97,0.0,1,15.1,8.41,SPY211231P00439000,439.0,0,0.0,0.0,,0.0,normalDay
2021-11-29,6096.0,1098.0,0.0,0,464.6,0.0,1,15.1,4.12,SPY211231P00439000,439.0,0,0.0,0.0,,0.0,normalDay
2021-11-30,6096.0,875.0,0.0,0,455.56,0.0,1,15.1,6.35,SPY211231P00439000,439.0,0,0.0,0.0,,0.0,normalDay
2021-12-01,6096.0,568.0,0.0,0,450.5,0.0,1,15.1,9.42,SPY211231P00439000,439.0,0,0.0,0.0,,0.0,normalDay
2021-12-02,6096.0,863.0,0.0,0,457.4,0.0,1,15.1,6.47,SPY211231P00439000,439.0,0,0.0,0.0,,0.0,normalDay
2021-12-03,6096.0,726.0,0.0,0,453.42,0.0,1,15.1,7.84,SPY211231P00439000,439.0,0,0.0,0.0,,0.0,normalDay
2021-12-06,6096.0,987.0,0.0,0,458.79,0.0,1,15.1,5.23,SPY211231P00439000,439.0,0,0.0,0.0,,0.0,normalDay
2021-12-07,6096.0,1264.0,0.0,0,468.28,0.0,1,15.1,2.46,SPY211231P00439000,439.0,0,0.0,0.0,,0.0,normalDay
2021-12-08,6096.0,1339.0,0.0,0,469.52,0.0,1,15.1,1.71,SPY211231P00439000,439.0,0,0.0,0.0,,0.0,normalDay
2021-12-09,6096.0,1286.0,0.0,0,466.35,0.0,1,15.1,2.24,SPY211231P00439000,439.0,0,0.0,0.0,,0.0,normalDay
2021-12-10,6096.0,1383.0,0.0,0,470.74,0.0,1,15.1,1.27,SPY211231P00439000,439.0,0,0.0,0.0,,0.0,normalDay
2021-12-13,6096.0,1358.0,0.0,0,466.57,0.0,1,15.1,1.52,SPY211231P00439000,439.0,0,0.0,0.0,,0.0,normalDay
2021-12-14,6096.0,1312.0,0.0,0,463.36,0.0,1,15.1,1.98,SPY211231P00439000,439.0,0,0.0,0.0,,0.0,normalDay
2021-12-15,6096.0,1421.0,0.0,0,470.6,0.0,1,15.1,0.89,SPY211231P00439000,439.0,0,0.0,0.0,,0.0,normalDay
2021-12-16,6096.0,1390.0,0.0,0,466.45,0.0,1,15.1,1.2,SPY211231P00439000,439.0,0,0.0,0.0,,0.0,normalDay
2021-12-17,6096.0,1351.0,0.0,0,459.87,0.0,1,15.1,1.59,SPY211231P00439000,439.0,0,0.0,0.0,,0.0,normalDay
2021-12-20,6096.0,1310.0,0.0,0,454.98,0.0,1,15.1,2.0,SPY211231P00439000,439.0,0,0.0,0.0,,0.0,normalDay
2021-12-21,6096.0,1437.0,0.0,0,463.06,0.0,1,15.1,0.73,SPY211231P00439000,439.0,0,0.0,0.0,,0.0,normalDay
2021-12-22,6096.0,1490.0,0.0,0,467.69,0.0,1,15.1,0.2,SPY211231P00439000,439.0,0,0.0,0.0,,0.0,normalDay
2021-12-23,6096.0,1499.0,0.0,0,470.6,0.0,1,15.1,0.11,SPY211231P00439000,439.0,0,0.0,0.0,,0.0,normalDay
2021-12-27,6096.0,1506.0,0.0,0,477.26,0.0,1,15.1,0.04,SPY211231P00439000,439.0,0,0.0,0.0,,0.0,normalDay
2021-12-28,6096.0,1507.0,0.0,0,476.87,0.0,1,15.1,0.03,SPY211231P00439000,439.0,0,0.0,0.0,,0.0,normalDay
2021-12-29,6096.0,1508.0,0.0,0,477.48,0.0,1,15.1,0.02,SPY211231P00439000,439.0,0,0.0,0.0,,0.0,normalDay
2021-12-30,6096.0,1508.0,0.0,0,476.16,0.0,1,15.1,0.02,SPY211231P00439000,439.0,0,0.0,0.0,,0.0,normalDay
2021-12-31,7606.0,0.0,1510.0,0,474.96,0.0,1,15.1,0.0,SPY211231P00439000,439.0,0,0.0,0.0,,0.0,expirationDay
2022-01-03,7606.0,-7.0,0.0,0,477.71,0.0,1,15.09,15.16,SPY220520P00462000,462.0,0,0.0,0.0,,0.0,normalDay
2022-01-04,7606.0,-26.0,0.0,0,477.55,0.0,1,15.09,15.35,SPY220520P00462000,462.0,0,0.0,0.0,,0.0,normalDay
2022-01-05,7606.0,-393.0,0.0,0,468.38,0.0,1,15.09,19.02,SPY220520P00462000,462.0,0,0.0,0.0,,0.0,normalDay
2022-01-06,7606.0,-396.0,0.0,0,467.94,0.0,1,15.09,19.05,SPY220520P00462000,462.0,0,0.0,0.0,,0.0,normalDay
2022-01-07,7606.0,-386.0,0.0,0,466.09,0.0,1,15.09,18.95,SPY220520P00462000,462.0,0,0.0,0.0,,0.0,normalDay
2022-01-10,7606.0,-398.0,0.0,0,465.51,0.0,1,15.09,19.07,SPY220520P00462000,462.0,0,0.0,0.0,,0.0,normalDay
2022-01-11,7606.0,-201.0,0.0,0,469.75,0.0,1,15.09,17.1,SPY220520P00462000,462.0,0,0.0,0.0,,0.0,normalDay
2022-01-12,7606.0,-120.0,0.0,0,471.02,0.0,1,15.09,16.29,SPY220520P00462000,462.0,0,0.0,0.0,,0.0,normalDay
2022-01-13,7606.0,-462.0,0.0,0,464.53,0.0,1,15.09,19.71,SPY220520P00462000,462.0,0,0.0,0.0,,0.0,normalDay
2022-01-14,7606.0,-390.0,0.0,0,464.72,0.0,1,15.09,18.99,SPY220520P00462000,462.0,0,0.0,0.0,,0.0,normalDay
2022-01-18,7606.0,-844.0,0.0,0,456.49,0.0,1,15.09,23.53,SPY220520P00462000,462.0,0,0.0,0.0,,0.0,normalDay
2022-01-19,7606.0,-1079.0,0.0,0,451.75,0.0,1,15.09,25.88,SPY220520P00462000,462.0,0,0.0,0.0,,0.0,normalDay
2022-01-20,7606.0,-1467.0,0.0,0,446.75,0.0,1,15.09,29.76,SPY220520P00462000,462.0,0,0.0,0.0,,0.0,normalDay
2022-01-21,7606.0,-1989.0,0.0,0,437.98,0.0,1,15.09,34.98,SPY220520P00462000,462.0,0,0.0,0.0,,0.0,normalDay
2022-01-24,7606.0,-1981.0,0.0,0,439.84,0.0,1,15.09,34.9,SPY220520P00462000,462.0,0,0.0,0.0,,0.0,normalDay
2022-01-25,7606.0,-2372.0,0.0,0,434.47,0.0,1,15.09,38.81,SPY220520P00462000,462.0,0,0.0,0.0,,0.0,normalDay
2022-01-26,7606.0,-2384.0,0.0,0,433.38,0.0,1,15.09,38.93,SPY220520P00462000,462.0,0,0.0,0.0,,0.0,normalDay
2022-01-27,7606.0,-2380.0,0.0,0,431.24,0.0,1,15.09,38.89,SPY220520P00462000,462.0,0,0.0,0.0,,0.0,normalDay
2022-01-28,7606.0,-1634.0,0.0,0,441.95,0.0,1,15.09,31.43,SPY220520P00462000,462.0,0,0.0,0.0,,0.0,normalDay
2022-01-31,7606.0,-1132.0,0.0,0,449.91,0.0,1,15.09,26.41,SPY220520P00462000,462.0,0,0.0,0.0,,0.0,normalDay
2022-02-01,7606.0,-782.0,0.0,0,452.95,0.0,1,15.09,22.91,SPY220520P00462000,462.0,0,0.0,0.0,,0.0,normalDay
2022-02-02,7606.0,-714.0,0.0,0,457.35,0.0,1,15.09,22.23,SPY220520P00462000,462.0,0,0.0,0.0,,0.0,normalDay
2022-02-03,7606.0,-1081.0,0.0,0,446.6,0.0,1,15.09,25.9,SPY220520P00462000,462.0,0,0.0,0.0,,0.0,normalDay
2022-02-04,7606.0,-1160.0,0.0,0,448.7,0.0,1,15.09,26.69,SPY220520P00462000,462.0,0,0.0,0.0,,0.0,normalDay
2022-02-07,7606.0,-1122.0,0.0,0,447.26,0.0,1,15.09,26.31,SPY220520P00462000,462.0,0,0.0,0.0,,0.0,normalDay
2022-02-08,7606.0,-805.0,0.0,0,450.94,0.0,1,15.09,23.14,SPY220520P00462000,462.0,0,0.0,0.0,,0.0,normalDay
2022-02-09,7606.0,-458.0,0.0,0,457.54,0.0,1,15.09,19.67,SPY220520P00462000,462.0,0,0.0,0.0,,0.0,normalDay
2022-02-10,7606.0,-1024.0,0.0,0,449.32,0.0,1,15.09,25.33,SPY220520P00462000,462.0,0,0.0,0.0,,0.0,normalDay
2022-02-11,7606.0,-1649.0,0.0,0,440.46,0.0,1,15.09,31.58,SPY220520P00462000,462.0,0,0.0,0.0,,0.0,normalDay
2022-02-14,7606.0,-1686.0,0.0,0,439.02,0.0,1,15.09,31.95,SPY220520P00462000,462.0,0,0.0,0.0,,0.0,normalDay
2022-02-15,7606.0,-1232.0,0.0,0,446.1,0.0,1,15.09,27.41,SPY220520P00462000,462.0,0,0.0,0.0,,0.0,normalDay
2022-02-16,7606.0,-1098.0,0.0,0,446.6,0.0,1,15.09,26.07,SPY220520P00462000,462.0,0,0.0,0.0,,0.0,normalDay
2022-02-17,7606.0,-1800.0,0.0,0,437.06,0.0,1,15.09,33.09,SPY220520P00462000,462.0,0,0.0,0.0,,0.0,normalDay
2022-02-18,7606.0,-1951.0,0.0,0,434.23,0.0,1,15.09,34.6,SPY220520P00462000,462.0,0,0.0,0.0,,0.0,normalDay
2022-02-22,7606.0,-2235.0,0.0,0,429.57,0.0,1,15.09,37.44,SPY220520P00462000,462.0,0,0.0,0.0,,0.0,normalDay
2022-02-23,7606.0,-2967.0,0.0,0,421.95,0.0,1,15.09,44.76,SPY220520P00462000,462.0,0,0.0,0.0,,0.0,normalDay
2022-02-24,7606.0,-2549.0,0.0,0,428.3,0.0,1,15.09,40.58,SPY220520P00462000,462.0,0,0.0,0.0,,0.0,normalDay
2022-02-25,7606.0,-1680.0,0.0,0,437.75,0.0,1,15.09,31.89,SPY220520P00462000,462.0,0,0.0,0.0,,0.0,normalDay
2022-02-28,7606.0,-1797.0,0.0,0,436.63,0.0,1,15.09,33.06,SPY220520P00462000,462.0,0,0.0,0.0,,0.0,normalDay
2022-03-01,7606.0,-2336.0,0.0,0,429.98,0.0,1,15.09,38.45,SPY220520P00462000,462.0,0,0.0,0.0,,0.0,normalDay
2022-03-02,7606.0,-1750.0,0.0,0,437.89,0.0,1,15.09,32.59,SPY220520P00462000,462.0,0,0.0,0.0,,0.0,normalDay
2022-03-03,7606.0,-1859.0,0.0,0,435.71,0.0,1,15.09,33.68,SPY220520P00462000,462.0,0,0.0,0.0,,0.0,normalDay
2022-03-04,7606.0,-2203.0,0.0,0,432.17,0.0,1,15.09,37.12,SPY220520P00462000,462.0,0,0.0,0.0,,0.0,normalDay
2022-03-07,7606.0,-3313.0,0.0,0,419.43,0.0,1,15.09,48.22,SPY220520P00462000,462.0,0,0.0,0.0,,0.0,normalDay
2022-03-08,7606.0,-3571.0,0.0,0,416.25,0.0,1,15.09,50.8,SPY220520P00462000,462.0,0,0.0,0.0,,0.0,normalDay
2022-03-09,7606.0,-2534.0,0.0,0,427.41,0.0,1,15.09,40.43,SPY220520P00462000,462.0,0,0.0,0.0,,0.0,normalDay
2022-03-10,7606.0,-2657.0,0.0,0,425.48,0.0,1,15.09,41.66,SPY220520P00462000,462.0,0,0.0,0.0,,0.0,normalDay
2022-03-11,7606.0,-3075.0,0.0,0,420.07,0.0,1,15.09,45.84,SPY220520P00462000,462.0,0,0.0,0.0,,0.0,normalDay
2022-03-14,7606.0,-3308.0,0.0,0,417.0,0.0,1,15.09,48.17,SPY220520P00462000,462.0,0,0.0,0.0,,0.0,normalDay
2022-03-15,7606.0,-2589.0,0.0,0,426.17,0.0,1,15.09,40.98,SPY220520P00462000,462.0,0,0.0,0.0,,0.0,normalDay
2022-03-16,7606.0,-1722.0,0.0,0,435.62,0.0,1,15.09,32.31,SPY220520P00462000,462.0,0,0.0,0.0,,0.0,normalDay
2022-03-17,7606.0,-1300.0,0.0,0,441.07,0.0,1,15.09,28.09,SPY220520P00462000,462.0,0,0.0,0.0,,0.0,normalDay
2022-03-18,7606.0,-822.0,0.0,0,444.52,0.0,1,15.09,23.31,SPY220520P00462000,462.0,0,0.0,0.0,,0.0,normalDay
2022-03-21,7606.0,-769.0,0.0,0,444.39,0.0,1,15.09,22.78,SPY220520P00462000,462.0,0,0.0,0.0,,0.0,normalDay
2022-03-22,7606.0,-433.0,0.0,0,449.59,0.0,1,15.09,19.42,SPY220520P00462000,462.0,0,0.0,0.0,,0.0,normalDay
2022-03-23,7606.0,-818.0,0.0,0,443.8,0.0,1,15.09,23.27,SPY220520P00462000,462.0,0,0.0,0.0,,0.0,normalDay
2022-03-24,7606.0,-344.0,0.0,0,450.49,0.0,1,15.09,18.53,SPY220520P00462000,462.0,0,0.0,0.0,,0.0,normalDay
2022-03-25,7606.0,-196.0,0.0,0,452.69,0.0,1,15.09,17.05,SPY220520P00462000,462.0,0,0.0,0.0,,0.0,normalDay
2022-03-28,7606.0,73.0,0.0,0,455.91,0.0,1,15.09,14.36,SPY220520P00462000,462.0,0,0.0,0.0,,0.0,normalDay
2022-03-29,7606.0,336.0,0.0,0,461.55,0.0,1,15.09,11.73,SPY220520P00462000,462.0,0,0.0,0.0,,0.0,normalDay
2022-03-30,7606.0,233.0,0.0,0,458.7,0.0,1,15.09,12.76,SPY220520P00462000,462.0,0,0.0,0.0,,0.0,normalDay
2022-03-31,7606.0,-188.0,0.0,0,451.64,0.0,1,15.09,16.97,SPY220520P00462000,462.0,0,0.0,0.0,,0.0,normalDay
2022-04-01,7606.0,-56.0,0.0,0,452.92,0.0,1,15.09,15.65,SPY220520P00462000,462.0,0,0.0,0.0,,0.0,normalDay
2022-04-04,7606.0,259.0,0.0,0,456.8,0.0,1,15.09,12.5,SPY220520P00462000,462.0,0,0.0,0.0,,0.0,normalDay
2022-04-05,7606.0,-99.0,0.0,0,451.03,0.0,1,15.09,16.08,SPY220520P00462000,462.0,0,0.0,0.0,,0.0,normalDay
2022-04-06,7606.0,-407.0,0.0,0,446.52,0.0,1,15.09,19.16,SPY220520P00462000,462.0,0,0.0,0.0,,0.0,normalDay
2022-04-07,7606.0,-258.0,0.0,0,448.77,0.0,1,15.09,17.67,SPY220520P00462000,462.0,0,0.0,0.0,,0.0,normalDay
2022-04-08,7606.0,-293.0,0.0,0,447.57,0.0,1,15.09,18.02,SPY220520P00462000,462.0,0,0.0,0.0,,0.0,normalDay
2022-04-11,7606.0,-927.0,0.0,0,439.92,0.0,1,15.09,24.36,SPY220520P00462000,462.0,0,0.0,0.0,,0.0,normalDay
2022-04-12,7606.0,-1029.0,0.0,0,438.29,0.0,1,15.09,25.38,SPY220520P00462000,462.0,0,0.0,0.0,,0.0,normalDay
2022-04-13,7606.0,-601.0,0.0,0,443.31,0.0,1,15.09,21.1,SPY220520P00462000,462.0,0,0.0,0.0,,0.0,normalDay
2022-04-14,7606.0,-1047.0,0.0,0,437.79,0.0,1,15.09,25.56,SPY220520P00462000,462.0,0,0.0,0.0,,0.0,normalDay
2022-04-18,7606.0,-892.0,0.0,0,437.97,0.0,1,15.09,24.01,SPY220520P00462000,462.0,0,0.0,0.0,,0.0,normalDay
2022-04-19,7606.0,-543.0,0.0,0,445.04,0.0,1,15.09,20.52,SPY220520P00462000,462.0,0,0.0,0.0,,0.0,normalDay
2022-04-20,7606.0,-320.0,0.0,0,444.71,0.0,1,15.09,18.29,SPY220520P00462000,462.0,0,0.0,0.0,,0.0,normalDay
2022-04-21,7606.0,-1011.0,0.0,0,438.06,0.0,1,15.09,25.2,SPY220520P00462000,462.0,0,0.0,0.0,,0.0,normalDay
2022-04-22,7606.0,-2229.0,0.0,0,426.04,0.0,1,15.09,37.38,SPY220520P00462000,462.0,0,0.0,0.0,,0.0,normalDay
2022-04-25,7606.0,-1874.0,0.0,0,428.51,0.0,1,15.09,33.83,SPY220520P00462000,462.0,0,0.0,0.0,,0.0,normalDay
2022-04-26,7606.0,-3236.0,0.0,0,416.1,0.0,1,15.09,47.45,SPY220520P00462000,462.0,0,0.0,0.0,,0.0,normalDay
2022-04-27,7606.0,-2903.0,0.0,0,417.27,0.0,1,15.09,44.12,SPY220520P00462000,462.0,0,0.0,0.0,,0.0,normalDay
2022-04-28,7606.0,-2153.0,0.0,0,427.81,0.0,1,15.09,36.62,SPY220520P00462000,462.0,0,0.0,0.0,,0.0,normalDay
2022-04-29,7606.0,-3428.0,0.0,0,412.0,0.0,1,15.09,49.37,SPY220520P00462000,462.0,0,0.0,0.0,,0.0,normalDay
2022-05-02,7606.0,-3235.0,0.0,0,414.48,0.0,1,15.09,47.44,SPY220520P00462000,462.0,0,0.0,0.0,,0.0,normalDay
2022-05-03,7606.0,-2997.0,0.0,0,416.38,0.0,1,15.09,45.06,SPY220520P00462000,462.0,0,0.0,0.0,,0.0,normalDay
2022-05-04,7606.0,-1849.0,0.0,0,429.06,0.0,1,15.09,33.58,SPY220520P00462000,462.0,0,0.0,0.0,,0.0,normalDay
2022-05-05,7606.0,-3332.0,0.0,0,413.81,0.0,1,15.09,48.41,SPY220520P00462000,462.0,0,0.0,0.0,,0.0,normalDay
2022-05-06,7606.0,-3681.0,0.0,0,411.34,0.0,1,15.09,51.9,SPY220520P00462000,462.0,0,0.0,0.0,,0.0,normalDay
2022-05-09,7606.0,-4783.0,0.0,0,398.17,0.0,1,15.09,62.92,SPY220520P00462000,462.0,0,0.0,0.0,,0.0,normalDay
2022-05-10,7606.0,-4777.0,0.0,0,399.09,0.0,1,15.09,62.86,SPY220520P00462000,462.0,0,0.0,0.0,,0.0,normalDay
2022-05-11,7606.0,-5371.0,0.0,0,392.75,0.0,1,15.09,68.8,SPY220520P00462000,462.0,0,0.0,0.0,,0.0,normalDay
2022-05-12,7606.0,-5474.0,0.0,0,392.34,0.0,1,15.09,69.83,SPY220520P00462000,462.0,0,0.0,0.0,,0.0,normalDay
2022-05-13,7606.0,-4613.0,0.0,0,401.72,0.0,1,15.09,61.22,SPY220520P00462000,462.0,0,0.0,0.0,,0.0,normalDay
2022-05-16,7606.0,-4739.0,0.0,0,400.09,0.0,1,15.09,62.48,SPY220520P00462000,462.0,0,0.0,0.0,,0.0,normalDay
2022-05-17,7606.0,-3880.0,0.0,0,408.32,0.0,1,15.09,53.89,SPY220520P00462000,462.0,0,0.0,0.0,,0.0,normalDay
2022-05-18,7606.0,-5625.0,0.0,0,391.86,0.0,1,15.09,71.34,SPY220520P00462000,462.0,0,0.0,0.0,,0.0,normalDay
2022-05-19,7606.0,-5804.0,0.0,0,389.46,0.0,1,15.09,73.13,SPY220520P00462000,462.0,0,0.0,0.0,,0.0,normalDay
2022-05-20,9115.0,-7237.0,1509.0,100,389.63,462.0,1,15.09,0.0,SPY220520P00462000,462.0,0,0.0,0.0,,0.0,expirationDay
2022-05-23,9115.0,-6521.0,0.0,100,396.92,462.0,0,0.0,0.0,,0.0,1,9.5,9.63,SPY220930C00427000,427.0,normalDay
2022-05-24,9115.0,-6739.0,0.0,100,393.89,462.0,0,0.0,0.0,,0.0,1,9.5,8.78,SPY220930C00427000,427.0,normalDay
2022-05-25,9115.0,-6454.0,0.0,100,397.37,462.0,0,0.0,0.0,,0.0,1,9.5,9.41,SPY220930C00427000,427.0,normalDay
2022-05-26,9115.0,-5924.0,0.0,100,405.31,462.0,0,0.0,0.0,,0.0,1,9.5,12.05,SPY220930C00427000,427.0,normalDay
2022-05-27,9115.0,-5356.0,0.0,100,415.26,462.0,0,0.0,0.0,,0.0,1,9.5,16.32,SPY220930C00427000,427.0,normalDay
2022-05-31,9115.0,-5413.0,0.0,100,412.93,462.0,0,0.0,0.0,,0.0,1,9.5,14.56,SPY220930C00427000,427.0,normalDay
2022-06-01,9115.0,-5572.0,0.0,100,409.59,462.0,0,0.0,0.0,,0.0,1,9.5,12.81,SPY220930C00427000,427.0,normalDay
2022-06-02,9115.0,-5131.0,0.0,100,417.39,462.0,0,0.0,0.0,,0.0,1,9.5,16.2,SPY220930C00427000,427.0,normalDay
2022-06-03,9115.0,-5497.0,0.0,100,410.54,462.0,0,0.0,0.0,,0.0,1,9.5,13.01,SPY220930C00427000,427.0,normalDay
2022-06-06,9115.0,-5386.0,0.0,100,411.79,462.0,0,0.0,0.0,,0.0,1,9.5,13.15,SPY220930C00427000,427.0,normalDay
2022-06-07,9115.0,-5132.0,0.0,100,415.74,462.0,0,0.0,0.0,,0.0,1,9.5,14.56,SPY220930C00427000,427.0,normalDay
2022-06-08,9115.0,-5378.0,0.0,100,411.22,462.0,0,0.0,0.0,,0.0,1,9.5,12.5,SPY220930C00427000,427.0,normalDay
2022-06-09,9115.0,-6014.0,0.0,100,401.44,462.0,0,0.0,0.0,,0.0,1,9.5,9.08,SPY220930C00427000,427.0,normalDay
2022-06-10,9115.0,-6874.0,0.0,100,389.8,462.0,0,0.0,0.0,,0.0,1,9.5,6.04,SPY220930C00427000,427.0,normalDay
2022-06-13,9115.0,-8104.0,0.0,100,375.0,462.0,0,0.0,0.0,,0.0,1,9.5,3.54,SPY220930C00427000,427.0,normalDay
2022-06-14,9115.0,-8152.0,0.0,100,373.87,462.0,0,0.0,0.0,,0.0,1,9.5,2.89,SPY220930C00427000,427.0,normalDay
2022-06-15,9115.0,-7671.0,0.0,100,379.2,462.0,0,0.0,0.0,,0.0,1,9.5,3.41,SPY220930C00427000,427.0,normalDay
2022-06-16,9115.0,-8800.0,0.0,100,366.65,462.0,0,0.0,0.0,,0.0,1,9.5,2.15,SPY220930C00427000,427.0,normalDay
2022-06-17,9115.0,-8866.0,0.0,100,365.86,462.0,0,0.0,0.0,,0.0,1,9.5,2.02,SPY220930C00427000,427.0,normalDay
2022-06-21,9115.0,-8020.0,0.0,100,375.07,462.0,0,0.0,0.0,,0.0,1,9.5,2.77,SPY220930C00427000,427.0,normalDay
2022-06-22,9115.0,-8067.0,0.0,100,374.39,462.0,0,0.0,0.0,,0.0,1,9.5,2.56,SPY220930C00427000,427.0,normalDay
2022-06-23,9115.0,-7718.0,0.0,100,378.06,462.0,0,0.0,0.0,,0.0,1,9.5,2.74,SPY220930C00427000,427.0,normalDay
2022-06-24,9115.0,-6710.0,0.0,100,390.08,462.0,0,0.0,0.0,,0.0,1,9.5,4.68,SPY220930C00427000,427.0,normalDay
2022-06-27,9115.0,-6815.0,0.0,100,388.59,462.0,0,0.0,0.0,,0.0,1,9.5,4.24,SPY220930C00427000,427.0,normalDay
2022-06-28,9115.0,-7456.0,0.0,100,380.65,462.0,0,0.0,0.0,,0.0,1,9.5,2.71,SPY220930C00427000,427.0,normalDay
2022-06-29,9115.0,-7485.0,0.0,100,380.34,462.0,0,0.0,0.0,,0.0,1,9.5,2.69,SPY220930C00427000,427.0,normalDay
2022-06-30,9115.0,-7741.0,0.0,100,377.25,462.0,0,0.0,0.0,,0.0,1,9.5,2.16,SPY220930C00427000,427.0,normalDay
2022-07-01,9115.0,-7368.0,0.0,100,381.24,462.0,0,0.0,0.0,,0.0,1,9.5,2.42,SPY220930C00427000,427.0,normalDay
2022-07-05,9115.0,-7281.0,0.0,100,381.96,462.0,0,0.0,0.0,,0.0,1,9.5,2.27,SPY220930C00427000,427.0,normalDay
2022-07-06,9115.0,-7174.0,0.0,100,383.25,462.0,0,0.0,0.0,,0.0,1,9.5,2.49,SPY220930C00427000,427.0,normalDay
2022-07-07,9115.0,-6671.0,0.0,100,388.99,462.0,0,0.0,0.0,,0.0,1,9.5,3.2,SPY220930C00427000,427.0,normalDay
2022-07-08,9115.0,-6686.0,0.0,100,388.67,462.0,0,0.0,0.0,,0.0,1,9.5,3.03,SPY220930C00427000,427.0,normalDay
2022-07-11,9115.0,-7058.0,0.0,100,384.23,462.0,0,0.0,0.0,,0.0,1,9.5,2.31,SPY220930C00427000,427.0,normalDay
2022-07-12,9115.0,-7339.0,0.0,100,380.83,462.0,0,0.0,0.0,,0.0,1,9.5,1.72,SPY220930C00427000,427.0,normalDay
2022-07-13,9115.0,-7517.0,0.0,100,378.83,462.0,0,0.0,0.0,,0.0,1,9.5,1.5,SPY220930C00427000,427.0,normalDay
2022-07-14,9115.0,-7601.0,0.0,100,377.91,462.0,0,0.0,0.0,,0.0,1,9.5,1.42,SPY220930C00427000,427.0,normalDay
2022-07-15,9115.0,-6925.0,0.0,100,385.13,462.0,0,0.0,0.0,,0.0,1,9.5,1.88,SPY220930C00427000,427.0,normalDay
2022-07-18,9115.0,-7211.0,0.0,100,381.95,462.0,0,0.0,0.0,,0.0,1,9.5,1.56,SPY220930C00427000,427.0,normalDay
2022-07-19,9115.0,-6338.0,0.0,100,392.27,462.0,0,0.0,0.0,,0.0,1,9.5,3.15,SPY220930C00427000,427.0,normalDay
2022-07-20,9115.0,-6130.0,0.0,100,394.77,462.0,0,0.0,0.0,,0.0,1,9.5,3.57,SPY220930C00427000,427.0,normalDay
2022-07-21,9115.0,-5778.0,0.0,100,398.79,462.0,0,0.0,0.0,,0.0,1,9.5,4.07,SPY220930C00427000,427.0,normalDay
2022-07-22,9115.0,-6053.0,0.0,100,395.09,462.0,0,0.0,0.0,,0.0,1,9.5,3.12,SPY220930C00427000,427.0,normalDay
2022-07-25,9115.0,-6000.0,0.0,100,395.57,462.0,0,0.0,0.0,,0.0,1,9.5,3.07,SPY220930C00427000,427.0,normalDay
2022-07-26,9115.0,-6401.0,0.0,100,390.89,462.0,0,0.0,0.0,,0.0,1,9.5,2.4,SPY220930C00427000,427.0,normalDay
2022-07-27,9115.0,-5523.0,0.0,100,401.04,462.0,0,0.0,0.0,,0.0,1,9.5,3.77,SPY220930C00427000,427.0,normalDay
2022-07-28,9115.0,-5171.0,0.0,100,406.07,462.0,0,0.0,0.0,,0.0,1,9.5,5.28,SPY220930C00427000,427.0,normalDay
2022-07-29,9115.0,-4720.0,0.0,100,411.99,462.0,0,0.0,0.0,,0.0,1,9.5,6.69,SPY220930C00427000,427.0,normalDay
2022-08-01,9115.0,-4819.0,0.0,100,410.77,462.0,0,0.0,0.0,,0.0,1,9.5,6.46,SPY220930C00427000,427.0,normalDay
2022-08-02,9115.0,-5007.0,0.0,100,408.06,462.0,0,0.0,0.0,,0.0,1,9.5,5.63,SPY220930C00427000,427.0,normalDay
2022-08-03,9115.0,-4533.0,0.0,100,414.45,462.0,0,0.0,0.0,,0.0,1,9.5,7.28,SPY220930C00427000,427.0,normalDay
2022-08-04,9115.0,-4551.0,0.0,100,414.17,462.0,0,0.0,0.0,,0.0,1,9.5,7.18,SPY220930C00427000,427.0,normalDay
2022-08-05,9115.0,-4536.0,0.0,100,413.47,462.0,0,0.0,0.0,,0.0,1,9.5,6.33,SPY220930C00427000,427.0,normalDay
2022-08-08,9115.0,-4566.0,0.0,100,412.99,462.0,0,0.0,0.0,,0.0,1,9.5,6.15,SPY220930C00427000,427.0,normalDay
2022-08-09,9115.0,-4672.0,0.0,100,411.35,462.0,0,0.0,0.0,,0.0,1,9.5,5.57,SPY220930C00427000,427.0,normalDay
2022-08-10,9115.0,-4061.0,0.0,100,419.99,462.0,0,0.0,0.0,,0.0,1,9.5,8.1,SPY220930C00427000,427.0,normalDay
2022-08-11,9115.0,-4092.0,0.0,100,419.99,462.0,0,0.0,0.0,,0.0,1,9.5,8.41,SPY220930C00427000,427.0,normalDay
2022-08-12,9115.0,-3688.0,0.0,100,427.1,462.0,0,0.0,0.0,,0.0,1,9.5,11.48,SPY220930C00427000,427.0,normalDay
2022-08-15,9115.0,-3607.0,0.0,100,428.86,462.0,0,0.0,0.0,,0.0,1,9.5,12.43,SPY220930C00427000,427.0,normalDay
2022-08-16,9115.0,-3537.0,0.0,100,429.7,462.0,0,0.0,0.0,,0.0,1,9.5,12.57,SPY220930C00427000,427.0,normalDay
2022-08-17,9115.0,-3704.0,0.0,100,426.65,462.0,0,0.0,0.0,,0.0,1,9.5,11.19,SPY220930C00427000,427.0,normalDay
2022-08-18,9115.0,-3578.0,0.0,100,427.89,462.0,0,0.0,0.0,,0.0,1,9.5,11.17,SPY220930C00427000,427.0,normalDay
2022-08-19,9115.0,-3866.0,0.0,100,422.14,462.0,0,0.0,0.0,,0.0,1,9.5,8.3,SPY220930C00427000,427.0,normalDay
2022-08-22,9115.0,-4426.0,0.0,100,413.35,462.0,0,0.0,0.0,,0.0,1,9.5,5.11,SPY220930C00427000,427.0,normalDay
2022-08-23,9115.0,-4461.0,0.0,100,412.35,462.0,0,0.0,0.0,,0.0,1,9.5,4.46,SPY220930C00427000,427.0,normalDay
2022-08-24,9115.0,-4331.0,0.0,100,413.67,462.0,0,0.0,0.0,,0.0,1,9.5,4.48,SPY220930C00427000,427.0,normalDay
2022-08-25,9115.0,-3907.0,0.0,100,419.51,462.0,0,0.0,0.0,,0.0,1,9.5,6.08,SPY220930C00427000,427.0,normalDay
2022-08-26,9115.0,-4961.0,0.0,100,405.31,462.0,0,0.0,0.0,,0.0,1,9.5,2.42,SPY220930C00427000,427.0,normalDay
2022-08-29,9115.0,-5172.0,0.0,100,402.63,462.0,0,0.0,0.0,,0.0,1,9.5,1.85,SPY220930C00427000,427.0,normalDay
2022-08-30,9115.0,-5543.0,0.0,100,398.21,462.0,0,0.0,0.0,,0.0,1,9.5,1.14,SPY220930C00427000,427.0,normalDay
2022-08-31,9115.0,-5808.0,0.0,100,395.18,462.0,0,0.0,0.0,,0.0,1,9.5,0.76,SPY220930C00427000,427.0,normalDay
2022-09-01,9115.0,-5683.0,0.0,100,396.42,462.0,0,0.0,0.0,,0.0,1,9.5,0.75,SPY220930C00427000,427.0,normalDay
2022-09-02,9115.0,-6075.0,0.0,100,392.24,462.0,0,0.0,0.0,,0.0,1,9.5,0.49,SPY220930C00427000,427.0,normalDay
2022-09-06,9115.0,-6213.0,0.0,100,390.76,462.0,0,0.0,0.0,,0.0,1,9.5,0.39,SPY220930C00427000,427.0,normalDay
2022-09-07,9115.0,-5535.0,0.0,100,397.78,462.0,0,0.0,0.0,,0.0,1,9.5,0.63,SPY220930C00427000,427.0,normalDay
2022-09-08,9115.0,-5287.0,0.0,100,400.38,462.0,0,0.0,0.0,,0.0,1,9.5,0.75,SPY220930C00427000,427.0,normalDay
2022-09-09,9115.0,-4702.0,0.0,100,406.6,462.0,0,0.0,0.0,,0.0,1,9.5,1.12,SPY220930C00427000,427.0,normalDay
2022-09-12,9115.0,-4354.0,0.0,100,410.97,462.0,0,0.0,0.0,,0.0,1,9.5,2.01,SPY220930C00427000,427.0,normalDay
2022-09-13,9115.0,-5972.0,0.0,100,393.1,462.0,0,0.0,0.0,,0.0,1,9.5,0.32,SPY220930C00427000,427.0,normalDay
2022-09-14,9115.0,-5815.0,0.0,100,394.6,462.0,0,0.0,0.0,,0.0,1,9.5,0.25,SPY220930C00427000,427.0,normalDay
2022-09-15,9115.0,-6252.0,0.0,100,390.12,462.0,0,0.0,0.0,,0.0,1,9.5,0.14,SPY220930C00427000,427.0,normalDay
2022-09-16,9115.0,-6702.0,0.0,100,385.56,462.0,0,0.0,0.0,,0.0,1,9.5,0.08,SPY220930C00427000,427.0,normalDay
2022-09-19,9115.0,-6402.0,0.0,100,388.55,462.0,0,0.0,0.0,,0.0,1,9.5,0.07,SPY220930C00427000,427.0,normalDay
2022-09-20,9115.0,-6845.0,0.0,100,384.09,462.0,0,0.0,0.0,,0.0,1,9.5,0.04,SPY220930C00427000,427.0,normalDay
2022-09-21,9115.0,-7513.0,0.0,100,377.39,462.0,0,0.0,0.0,,0.0,1,9.5,0.02,SPY220930C00427000,427.0,normalDay
2022-09-22,9115.0,-7829.0,0.0,100,374.22,462.0,0,0.0,0.0,,0.0,1,9.5,0.01,SPY220930C00427000,427.0,normalDay
2022-09-23,9115.0,-8456.0,0.0,100,367.95,462.0,0,0.0,0.0,,0.0,1,9.5,0.01,SPY220930C00427000,427.0,normalDay
2022-09-26,9115.0,-8820.0,0.0,100,364.31,462.0,0,0.0,0.0,,0.0,1,9.5,0.01,SPY220930C00427000,427.0,normalDay
2022-09-27,9115.0,-8913.0,0.0,100,363.38,462.0,0,0.0,0.0,,0.0,1,9.5,0.01,SPY220930C00427000,427.0,normalDay
2022-09-28,9115.0,-8198.0,0.0,100,370.53,462.0,0,0.0,0.0,,0.0,1,9.5,0.01,SPY220930C00427000,427.0,normalDay
2022-09-29,9115.0,-8972.0,0.0,100,362.79,462.0,0,0.0,0.0,,0.0,1,9.5,0.01,SPY220930C00427000,427.0,normalDay
2022-09-30,10065.0,-10482.0,950.0,100,357.18,462.0,0,0.0,0.0,,0.0,1,9.5,0.0,SPY220930C00427000,427.0,expirationDay
2022-10-03,10065.0,-9546.0,0.0,100,366.61,462.0,0,0.0,0.0,,0.0,1,4.68,4.75,SPY230120C00410000,410.0,normalDay
2022-10-04,10065.0,-8687.0,0.0,100,377.97,462.0,0,0.0,0.0,,0.0,1,4.68,7.52,SPY230120C00410000,410.0,normalDay
2022-10-05,10065.0,-8750.0,0.0,100,377.09,462.0,0,0.0,0.0,,0.0,1,4.68,7.27,SPY230120C00410000,410.0,normalDay
2022-10-06,10065.0,-9045.0,0.0,100,373.2,462.0,0,0.0,0.0,,0.0,1,4.68,6.33,SPY230120C00410000,410.0,normalDay
2022-10-07,10065.0,-9840.0,0.0,100,362.79,462.0,0,0.0,0.0,,0.0,1,4.68,3.87,SPY230120C00410000,410.0,normalDay
2022-10-10,10065.0,-10103.0,0.0,100,360.02,462.0,0,0.0,0.0,,0.0,1,4.68,3.73,SPY230120C00410000,410.0,normalDay
2022-10-11,10065.0,-10307.0,0.0,100,357.74,462.0,0,0.0,0.0,,0.0,1,4.68,3.49,SPY230120C00410000,410.0,normalDay
2022-10-12,10065.0,-10410.0,0.0,100,356.56,462.0,0,0.0,0.0,,0.0,1,4.68,3.34,SPY230120C00410000,410.0,normalDay
2022-10-13,10065.0,-9634.0,0.0,100,365.97,462.0,0,0.0,0.0,,0.0,1,4.68,4.99,SPY230120C00410000,410.0,normalDay
2022-10-14,10065.0,-10306.0,0.0,100,357.63,462.0,0,0.0,0.0,,0.0,1,4.68,3.37,SPY230120C00410000,410.0,normalDay
2022-10-17,10065.0,-9555.0,0.0,100,366.82,462.0,0,0.0,0.0,,0.0,1,4.68,5.05,SPY230120C00410000,410.0,normalDay
2022-10-18,10065.0,-9215.0,0.0,100,371.13,462.0,0,0.0,0.0,,0.0,1,4.68,5.96,SPY230120C00410000,410.0,normalDay
2022-10-19,10065.0,-9380.0,0.0,100,368.5,462.0,0,0.0,0.0,,0.0,1,4.68,4.98,SPY230120C00410000,410.0,normalDay
2022-10-20,10065.0,-9609.0,0.0,100,365.41,462.0,0,0.0,0.0,,0.0,1,4.68,4.18,SPY230120C00410000,410.0,normalDay
2022-10-21,10065.0,-8939.0,0.0,100,374.29,462.0,0,0.0,0.0,,0.0,1,4.68,6.36,SPY230120C00410000,410.0,normalDay
2022-10-24,10065.0,-8602.0,0.0,100,378.87,462.0,0,0.0,0.0,,0.0,1,4.68,7.57,SPY230120C00410000,410.0,normalDay
2022-10-25,10065.0,-8088.0,0.0,100,384.92,462.0,0,0.0,0.0,,0.0,1,4.68,8.48,SPY230120C00410000,410.0,normalDay
2022-10-26,10065.0,-8305.0,0.0,100,382.02,462.0,0,0.0,0.0,,0.0,1,4.68,7.75,SPY230120C00410000,410.0,normalDay
2022-10-27,10065.0,-8291.0,0.0,100,379.98,462.0,0,0.0,0.0,,0.0,1,4.68,5.57,SPY230120C00410000,410.0,normalDay
2022-10-28,10065.0,-7763.0,0.0,100,389.02,462.0,0,0.0,0.0,,0.0,1,4.68,9.33,SPY230120C00410000,410.0,normalDay
2022-10-31,10065.0,-7898.0,0.0,100,386.21,462.0,0,0.0,0.0,,0.0,1,4.68,7.87,SPY230120C00410000,410.0,normalDay
2022-11-01,10065.0,-7987.0,0.0,100,384.52,462.0,0,0.0,0.0,,0.0,1,4.68,7.07,SPY230120C00410000,410.0,normalDay
2022-11-02,10065.0,-8688.0,0.0,100,374.87,462.0,0,0.0,0.0,,0.0,1,4.68,4.43,SPY230120C00410000,410.0,normalDay
2022-11-03,10065.0,-8980.0,0.0,100,371.01,462.0,0,0.0,0.0,,0.0,1,4.68,3.49,SPY230120C00410000,410.0,normalDay
2022-11-04,10065.0,-8539.0,0.0,100,376.35,462.0,0,0.0,0.0,,0.0,1,4.68,4.42,SPY230120C00410000,410.0,normalDay
2022-11-07,10065.0,-8238.0,0.0,100,379.95,462.0,0,0.0,0.0,,0.0,1,4.68,5.01,SPY230120C00410000,410.0,normalDay
2022-11-08,10065.0,-8088.0,0.0,100,382.0,462.0,0,0.0,0.0,,0.0,1,4.68,5.56,SPY230120C00410000,410.0,normalDay
2022-11-09,10065.0,-8702.0,0.0,100,374.13,462.0,0,0.0,0.0,,0.0,1,4.68,3.83,SPY230120C00410000,410.0,normalDay
2022-11-10,10065.0,-7230.0,0.0,100,394.69,462.0,0,0.0,0.0,,0.0,1,4.68,9.67,SPY230120C00410000,410.0,normalDay
2022-11-11,10065.0,-6904.0,0.0,100,398.51,462.0,0,0.0,0.0,,0.0,1,4.68,10.23,SPY230120C00410000,410.0,normalDay
2022-11-14,10065.0,-7105.0,0.0,100,395.12,462.0,0,0.0,0.0,,0.0,1,4.68,8.85,SPY230120C00410000,410.0,normalDay
2022-11-15,10065.0,-6885.0,0.0,100,398.49,462.0,0,0.0,0.0,,0.0,1,4.68,10.02,SPY230120C00410000,410.0,normalDay
2022-11-16,10065.0,-7037.0,0.0,100,395.45,462.0,0,0.0,0.0,,0.0,1,4.68,8.5,SPY230120C00410000,410.0,normalDay
2022-11-17,10065.0,-7089.0,0.0,100,394.24,462.0,0,0.0,0.0,,0.0,1,4.68,7.81,SPY230120C00410000,410.0,normalDay
2022-11-18,10065.0,-6923.0,0.0,100,396.03,462.0,0,0.0,0.0,,0.0,1,4.68,7.94,SPY230120C00410000,410.0,normalDay
2022-11-21,10065.0,-6961.0,0.0,100,394.59,462.0,0,0.0,0.0,,0.0,1,4.68,6.88,SPY230120C00410000,410.0,normalDay
2022-11-22,10065.0,-6580.0,0.0,100,399.9,462.0,0,0.0,0.0,,0.0,1,4.68,8.38,SPY230120C00410000,410.0,normalDay
2022-11-23,10065.0,-6395.0,0.0,100,402.42,462.0,0,0.0,0.0,,0.0,1,4.68,9.05,SPY230120C00410000,410.0,normalDay
2022-11-25,10065.0,-6378.0,0.0,100,402.33,462.0,0,0.0,0.0,,0.0,1,4.68,8.79,SPY230120C00410000,410.0,normalDay
2022-11-28,10065.0,-6780.0,0.0,100,395.91,462.0,0,0.0,0.0,,0.0,1,4.68,6.39,SPY230120C00410000,410.0,normalDay
2022-11-29,10065.0,-6791.0,0.0,100,395.23,462.0,0,0.0,0.0,,0.0,1,4.68,5.82,SPY230120C00410000,410.0,normalDay
2022-11-30,10065.0,-6080.0,0.0,100,407.68,462.0,0,0.0,0.0,,0.0,1,4.68,11.16,SPY230120C00410000,410.0,normalDay
2022-12-01,10065.0,-6025.0,0.0,100,407.38,462.0,0,0.0,0.0,,0.0,1,4.68,10.31,SPY230120C00410000,410.0,normalDay
2022-12-02,10065.0,-5992.0,0.0,100,406.91,462.0,0,0.0,0.0,,0.0,1,4.68,9.51,SPY230120C00410000,410.0,normalDay
2022-12-05,10065.0,-6416.0,0.0,100,399.59,462.0,0,0.0,0.0,,0.0,1,4.68,6.43,SPY230120C00410000,410.0,normalDay
2022-12-06,10065.0,-6820.0,0.0,100,393.83,462.0,0,0.0,0.0,,0.0,1,4.68,4.71,SPY230120C00410000,410.0,normalDay
2022-12-07,10065.0,-6869.0,0.0,100,393.16,462.0,0,0.0,0.0,,0.0,1,4.68,4.53,SPY230120C00410000,410.0,normalDay
2022-12-08,10065.0,-6628.0,0.0,100,396.24,462.0,0,0.0,0.0,,0.0,1,4.68,5.2,SPY230120C00410000,410.0,normalDay
2022-12-09,10065.0,-6834.0,0.0,100,393.28,462.0,0,0.0,0.0,,0.0,1,4.68,4.3,SPY230120C00410000,410.0,normalDay
2022-12-12,10065.0,-6476.0,0.0,100,398.95,462.0,0,0.0,0.0,,0.0,1,4.68,6.39,SPY230120C00410000,410.0,normalDay
2022-12-13,10065.0,-6213.0,0.0,100,401.97,462.0,0,0.0,0.0,,0.0,1,4.68,6.78,SPY230120C00410000,410.0,normalDay
2022-12-14,10065.0,-6309.0,0.0,100,399.4,462.0,0,0.0,0.0,,0.0,1,4.68,5.17,SPY230120C00410000,410.0,normalDay
2022-12-15,10065.0,-6991.0,0.0,100,389.63,462.0,0,0.0,0.0,,0.0,1,4.68,2.22,SPY230120C00410000,410.0,normalDay
2022-12-16,10065.0,-7535.0,0.0,100,383.27,462.0,0,0.0,0.0,,0.0,1,4.68,1.3,SPY230120C00410000,410.0,normalDay
2022-12-19,10065.0,-7816.0,0.0,100,380.02,462.0,0,0.0,0.0,,0.0,1,4.68,0.86,SPY230120C00410000,410.0,normalDay
2022-12-20,10065.0,-7757.0,0.0,100,380.54,462.0,0,0.0,0.0,,0.0,1,4.68,0.79,SPY230120C00410000,410.0,normalDay
2022-12-21,10065.0,-7228.0,0.0,100,386.23,462.0,0,0.0,0.0,,0.0,1,4.68,1.19,SPY230120C00410000,410.0,normalDay
2022-12-22,10065.0,-7736.0,0.0,100,380.72,462.0,0,0.0,0.0,,0.0,1,4.68,0.76,SPY230120C00410000,410.0,normalDay
2022-12-23,10065.0,-7513.0,0.0,100,382.91,462.0,0,0.0,0.0,,0.0,1,4.68,0.72,SPY230120C00410000,410.0,normalDay
2022-12-27,10065.0,-7651.0,0.0,100,381.4,462.0,0,0.0,0.0,,0.0,1,4.68,0.59,SPY230120C00410000,410.0,normalDay
2022-12-28,10065.0,-8100.0,0.0,100,376.66,462.0,0,0.0,0.0,,0.0,1,4.68,0.34,SPY230120C00410000,410.0,normalDay
2022-12-29,10065.0,-7443.0,0.0,100,383.44,462.0,0,0.0,0.0,,0.0,1,4.68,0.55,SPY230120C00410000,410.0,normalDay
2022-12-30,10065.0,-7531.0,0.0,100,382.43,462.0,0,0.0,0.0,,0.0,1,4.68,0.42,SPY230120C00410000,410.0,normalDay
2023-01-03,10065.0,-7675.0,0.0,100,380.82,462.0,0,0.0,0.0,,0.0,1,4.68,0.25,SPY230120C00410000,410.0,normalDay
2023-01-04,10065.0,-7387.0,0.0,100,383.76,462.0,0,0.0,0.0,,0.0,1,4.68,0.31,SPY230120C00410000,410.0,normalDay
2023-01-05,10065.0,-7810.0,0.0,100,379.38,462.0,0,0.0,0.0,,0.0,1,4.68,0.16,SPY230120C00410000,410.0,normalDay
2023-01-06,10065.0,-6958.0,0.0,100,388.08,462.0,0,0.0,0.0,,0.0,1,4.68,0.34,SPY230120C00410000,410.0,normalDay
2023-01-09,10065.0,-6978.0,0.0,100,387.86,462.0,0,0.0,0.0,,0.0,1,4.68,0.32,SPY230120C00410000,410.0,normalDay
2023-01-10,10065.0,-6709.0,0.0,100,390.58,462.0,0,0.0,0.0,,0.0,1,4.68,0.35,SPY230120C00410000,410.0,normalDay
2023-01-11,10065.0,-6268.0,0.0,100,395.52,462.0,0,0.0,0.0,,0.0,1,4.68,0.88,SPY230120C00410000,410.0,normalDay
2023-01-12,10065.0,-6065.0,0.0,100,396.96,462.0,0,0.0,0.0,,0.0,1,4.68,0.29,SPY230120C00410000,410.0,normalDay
2023-01-13,10065.0,-5897.0,0.0,100,398.5,462.0,0,0.0,0.0,,0.0,1,4.68,0.15,SPY230120C00410000,410.0,normalDay
2023-01-17,10065.0,-5961.0,0.0,100,397.77,462.0,0,0.0,0.0,,0.0,1,4.68,0.06,SPY230120C00410000,410.0,normalDay
2023-01-18,10065.0,-6585.0,0.0,100,391.49,462.0,0,0.0,0.0,,0.0,1,4.68,0.02,SPY230120C00410000,410.0,normalDay
2023-01-19,10065.0,-6869.0,0.0,100,388.64,462.0,0,0.0,0.0,,0.0,1,4.68,0.01,SPY230120C00410000,410.0,normalDay
2023-01-20,10533.0,-6612.0,468.0,100,395.88,462.0,0,0.0,0.0,,0.0,1,4.68,0.0,SPY230120C00410000,410.0,expirationDay
2023-01-23,10533.0,-6147.0,0.0,100,400.63,462.0,0,0.0,0.0,,0.0,1,19.53,19.63,SPY230519C00400000,400.0,normalDay
2023-01-24,10533.0,-6195.0,0.0,100,400.2,462.0,0,0.0,0.0,,0.0,1,19.53,19.68,SPY230519C00400000,400.0,normalDay
2023-01-25,10533.0,-6139.0,0.0,100,400.35,462.0,0,0.0,0.0,,0.0,1,19.53,19.27,SPY230519C00400000,400.0,normalDay
2023-01-26,10533.0,-5940.0,0.0,100,404.75,462.0,0,0.0,0.0,,0.0,1,19.53,21.68,SPY230519C00400000,400.0,normalDay
2023-01-27,10533.0,-5877.0,0.0,100,405.68,462.0,0,0.0,0.0,,0.0,1,19.53,21.98,SPY230519C00400000,400.0,normalDay
2023-01-30,10533.0,-6113.0,0.0,100,400.59,462.0,0,0.0,0.0,,0.0,1,19.53,19.25,SPY230519C00400000,400.0,normalDay
2023-01-31,10533.0,-5837.0,0.0,100,406.48,462.0,0,0.0,0.0,,0.0,1,19.53,22.38,SPY230519C00400000,400.0,normalDay
2023-02-01,10533.0,-5752.0,0.0,100,410.8,462.0,0,0.0,0.0,,0.0,1,19.53,25.85,SPY230519C00400000,400.0,normalDay
2023-02-02,10533.0,-5461.0,0.0,100,416.78,462.0,0,0.0,0.0,,0.0,1,19.53,28.92,SPY230519C00400000,400.0,normalDay
2023-02-03,10533.0,-5645.0,0.0,100,412.35,462.0,0,0.0,0.0,,0.0,1,19.53,26.33,SPY230519C00400000,400.0,normalDay
2023-02-06,10533.0,-5725.0,0.0,100,409.83,462.0,0,0.0,0.0,,0.0,1,19.53,24.61,SPY230519C00400000,400.0,normalDay
2023-02-07,10533.0,-5497.0,0.0,100,415.19,462.0,0,0.0,0.0,,0.0,1,19.53,27.69,SPY230519C00400000,400.0,normalDay
2023-02-08,10533.0,-5714.0,0.0,100,410.65,462.0,0,0.0,0.0,,0.0,1,19.53,25.32,SPY230519C00400000,400.0,normalDay
2023-02-09,10533.0,-5852.0,0.0,100,407.09,462.0,0,0.0,0.0,,0.0,1,19.53,23.14,SPY230519C00400000,400.0,normalDay
2023-02-10,10533.0,-5790.0,0.0,100,408.04,462.0,0,0.0,0.0,,0.0,1,19.53,23.47,SPY230519C00400000,400.0,normalDay
2023-02-13,10533.0,-5610.0,0.0,100,412.83,462.0,0,0.0,0.0,,0.0,1,19.53,26.46,SPY230519C00400000,400.0,normalDay
2023-02-14,10533.0,-5513.0,0.0,100,412.64,462.0,0,0.0,0.0,,0.0,1,19.53,25.3,SPY230519C00400000,400.0,normalDay
2023-02-15,10533.0,-5469.0,0.0,100,413.98,462.0,0,0.0,0.0,,0.0,1,19.53,26.2,SPY230519C00400000,400.0,normalDay
2023-02-16,10533.0,-5667.0,0.0,100,408.28,462.0,0,0.0,0.0,,0.0,1,19.53,22.48,SPY230519C00400000,400.0,normalDay
2023-02-17,10533.0,-5682.0,0.0,100,407.26,462.0,0,0.0,0.0,,0.0,1,19.53,21.61,SPY230519C00400000,400.0,normalDay
2023-02-21,10533.0,-6026.0,0.0,100,399.09,462.0,0,0.0,0.0,,0.0,1,19.53,16.88,SPY230519C00400000,400.0,normalDay
2023-02-22,10533.0,-6001.0,0.0,100,398.54,462.0,0,0.0,0.0,,0.0,1,19.53,16.08,SPY230519C00400000,400.0,normalDay
2023-02-23,10533.0,-5828.0,0.0,100,400.66,462.0,0,0.0,0.0,,0.0,1,19.53,16.47,SPY230519C00400000,400.0,normalDay
2023-02-24,10533.0,-6029.0,0.0,100,396.38,462.0,0,0.0,0.0,,0.0,1,19.53,14.2,SPY230519C00400000,400.0,normalDay
2023-02-27,10533.0,-5932.0,0.0,100,397.73,462.0,0,0.0,0.0,,0.0,1,19.53,14.58,SPY230519C00400000,400.0,normalDay
2023-02-28,10533.0,-5934.0,0.0,100,396.26,462.0,0,0.0,0.0,,0.0,1,19.53,13.13,SPY230519C00400000,400.0,normalDay
2023-03-01,10533.0,-6019.0,0.0,100,394.74,462.0,0,0.0,0.0,,0.0,1,19.53,12.46,SPY230519C00400000,400.0,normalDay
2023-03-02,10533.0,-5832.0,0.0,100,397.81,462.0,0,0.0,0.0,,0.0,1,19.53,13.66,SPY230519C00400000,400.0,normalDay
2023-03-03,10533.0,-5550.0,0.0,100,404.19,462.0,0,0.0,0.0,,0.0,1,19.53,17.22,SPY230519C00400000,400.0,normalDay
2023-03-06,10533.0,-5515.0,0.0,100,404.47,462.0,0,0.0,0.0,,0.0,1,19.53,17.15,SPY230519C00400000,400.0,normalDay
2023-03-07,10533.0,-5762.0,0.0,100,398.27,462.0,0,0.0,0.0,,0.0,1,19.53,13.42,SPY230519C00400000,400.0,normalDay
2023-03-08,10533.0,-5690.0,0.0,100,398.92,462.0,0,0.0,0.0,,0.0,1,19.53,13.35,SPY230519C00400000,400.0,normalDay
2023-03-09,10533.0,-6121.0,0.0,100,391.56,462.0,0,0.0,0.0,,0.0,1,19.53,10.3,SPY230519C00400000,400.0,normalDay
2023-03-10,10533.0,-6471.0,0.0,100,385.91,462.0,0,0.0,0.0,,0.0,1,19.53,8.15,SPY230519C00400000,400.0,normalDay
2023-03-13,10533.0,-6554.0,0.0,100,385.36,462.0,0,0.0,0.0,,0.0,1,19.53,8.43,SPY230519C00400000,400.0,normalDay
2023-03-14,10533.0,-6073.0,0.0,100,391.73,462.0,0,0.0,0.0,,0.0,1,19.53,9.99,SPY230519C00400000,400.0,normalDay
2023-03-15,10533.0,-6260.0,0.0,100,389.28,462.0,0,0.0,0.0,,0.0,1,19.53,9.41,SPY230519C00400000,400.0,normalDay
2023-03-16,10533.0,-5821.0,0.0,100,396.11,462.0,0,0.0,0.0,,0.0,1,19.53,11.85,SPY230519C00400000,400.0,normalDay
2023-03-17,10533.0,-6323.0,0.0,100,389.99,462.0,0,0.0,0.0,,0.0,1,19.53,10.75,SPY230519C00400000,400.0,normalDay
2023-03-20,10533.0,-6031.0,0.0,100,393.74,462.0,0,0.0,0.0,,0.0,1,19.53,11.58,SPY230519C00400000,400.0,normalDay
2023-03-21,10533.0,-5720.0,0.0,100,398.91,462.0,0,0.0,0.0,,0.0,1,19.53,13.64,SPY230519C00400000,400.0,normalDay
2023-03-22,10533.0,-6036.0,0.0,100,392.11,462.0,0,0.0,0.0,,0.0,1,19.53,10.0,SPY230519C00400000,400.0,normalDay
2023-03-23,10533.0,-5988.0,0.0,100,393.17,462.0,0,0.0,0.0,,0.0,1,19.53,10.58,SPY230519C00400000,400.0,normalDay
2023-03-24,10533.0,-5823.0,0.0,100,395.75,462.0,0,0.0,0.0,,0.0,1,19.53,11.51,SPY230519C00400000,400.0,normalDay
2023-03-27,10533.0,-5718.0,0.0,100,396.49,462.0,0,0.0,0.0,,0.0,1,19.53,11.2,SPY230519C00400000,400.0,normalDay
2023-03-28,10533.0,-5736.0,0.0,100,395.6,462.0,0,0.0,0.0,,0.0,1,19.53,10.49,SPY230519C00400000,400.0,normalDay
2023-03-29,10533.0,-5427.0,0.0,100,401.35,462.0,0,0.0,0.0,,0.0,1,19.53,13.15,SPY230519C00400000,400.0,normalDay
2023-03-30,10533.0,-5322.0,0.0,100,403.7,462.0,0,0.0,0.0,,0.0,1,19.53,14.45,SPY230519C00400000,400.0,normalDay
2023-03-31,10533.0,-5161.0,0.0,100,409.39,462.0,0,0.0,0.0,,0.0,1,19.53,18.53,SPY230519C00400000,400.0,normalDay
2023-04-03,10533.0,-5059.0,0.0,100,410.95,462.0,0,0.0,0.0,,0.0,1,19.53,19.07,SPY230519C00400000,400.0,normalDay
2023-04-04,10533.0,-5116.0,0.0,100,408.67,462.0,0,0.0,0.0,,0.0,1,19.53,17.36,SPY230519C00400000,400.0,normalDay
2023-04-05,10533.0,-5121.0,0.0,100,407.6,462.0,0,0.0,0.0,,0.0,1,19.53,16.34,SPY230519C00400000,400.0,normalDay
2023-04-06,10533.0,-5040.0,0.0,100,409.19,462.0,0,0.0,0.0,,0.0,1,19.53,17.12,SPY230519C00400000,400.0,normalDay
2023-04-10,10533.0,-5026.0,0.0,100,409.61,462.0,0,0.0,0.0,,0.0,1,19.53,17.4,SPY230519C00400000,400.0,normalDay
2023-04-11,10533.0,-4997.0,0.0,100,409.72,462.0,0,0.0,0.0,,0.0,1,19.53,17.22,SPY230519C00400000,400.0,normalDay
2023-04-12,10533.0,-5002.0,0.0,100,408.05,462.0,0,0.0,0.0,,0.0,1,19.53,15.6,SPY230519C00400000,400.0,normalDay
2023-04-13,10533.0,-4815.0,0.0,100,413.47,462.0,0,0.0,0.0,,0.0,1,19.53,19.15,SPY230519C00400000,400.0,normalDay
2023-04-14,10533.0,-4815.0,0.0,100,412.46,462.0,0,0.0,0.0,,0.0,1,19.53,18.14,SPY230519C00400000,400.0,normalDay
2023-04-17,10533.0,-4742.0,0.0,100,413.94,462.0,0,0.0,0.0,,0.0,1,19.53,18.89,SPY230519C00400000,400.0,normalDay
2023-04-18,10533.0,-4703.0,0.0,100,414.21,462.0,0,0.0,0.0,,0.0,1,19.53,18.77,SPY230519C00400000,400.0,normalDay
2023-04-19,10533.0,-4692.0,0.0,100,414.14,462.0,0,0.0,0.0,,0.0,1,19.53,18.59,SPY230519C00400000,400.0,normalDay
2023-04-20,10533.0,-4758.0,0.0,100,411.88,462.0,0,0.0,0.0,,0.0,1,19.53,16.99,SPY230519C00400000,400.0,normalDay
2023-04-21,10533.0,-4690.0,0.0,100,412.2,462.0,0,0.0,0.0,,0.0,1,19.53,16.63,SPY230519C00400000,400.0,normalDay
2023-04-24,10533.0,-4655.0,0.0,100,412.63,462.0,0,0.0,0.0,,0.0,1,19.53,16.71,SPY230519C00400000,400.0,normalDay
2023-04-25,10533.0,-4934.0,0.0,100,406.08,462.0,0,0.0,0.0,,0.0,1,19.53,12.95,SPY230519C00400000,400.0,normalDay
2023-04-26,10533.0,-4890.0,0.0,100,404.36,462.0,0,0.0,0.0,,0.0,1,19.53,10.79,SPY230519C00400000,400.0,normalDay
2023-04-27,10533.0,-4677.0,0.0,100,412.41,462.0,0,0.0,0.0,,0.0,1,19.53,16.71,SPY230519C00400000,400.0,normalDay
2023-04-28,10533.0,-4529.0,0.0,100,415.93,462.0,0,0.0,0.0,,0.0,1,19.53,18.75,SPY230519C00400000,400.0,normalDay
2023-05-01,10533.0,-4502.0,0.0,100,415.51,462.0,0,0.0,0.0,,0.0,1,19.53,18.06,SPY230519C00400000,400.0,normalDay
2023-05-02,10533.0,-4595.0,0.0,100,410.84,462.0,0,0.0,0.0,,0.0,1,19.53,14.32,SPY230519C00400000,400.0,normalDay
2023-05-03,10533.0,-4686.0,0.0,100,408.02,462.0,0,0.0,0.0,,0.0,1,19.53,12.41,SPY230519C00400000,400.0,normalDay
2023-05-04,10533.0,-4700.0,0.0,100,405.13,462.0,0,0.0,0.0,,0.0,1,19.53,9.66,SPY230519C00400000,400.0,normalDay
2023-05-05,10533.0,-4449.0,0.0,100,412.63,462.0,0,0.0,0.0,,0.0,1,19.53,14.65,SPY230519C00400000,400.0,normalDay
2023-05-08,10533.0,-4420.0,0.0,100,412.74,462.0,0,0.0,0.0,,0.0,1,19.53,14.47,SPY230519C00400000,400.0,normalDay
2023-05-09,10533.0,-4469.0,0.0,100,410.93,462.0,0,0.0,0.0,,0.0,1,19.53,13.15,SPY230519C00400000,400.0,normalDay
2023-05-10,10533.0,-4405.0,0.0,100,412.85,462.0,0,0.0,0.0,,0.0,1,19.53,14.43,SPY230519C00400000,400.0,normalDay
2023-05-11,10533.0,-4356.0,0.0,100,412.13,462.0,0,0.0,0.0,,0.0,1,19.53,13.22,SPY230519C00400000,400.0,normalDay
2023-05-12,10533.0,-4309.0,0.0,100,411.59,462.0,0,0.0,0.0,,0.0,1,19.53,12.21,SPY230519C00400000,400.0,normalDay
2023-05-15,10533.0,-4309.0,0.0,100,413.01,462.0,0,0.0,0.0,,0.0,1,19.53,13.63,SPY230519C00400000,400.0,normalDay
2023-05-16,10533.0,-4328.0,0.0,100,410.25,462.0,0,0.0,0.0,,0.0,1,19.53,11.06,SPY230519C00400000,400.0,normalDay
2023-05-17,10533.0,-4268.0,0.0,100,415.23,462.0,0,0.0,0.0,,0.0,1,19.53,15.44,SPY230519C00400000,400.0,normalDay
2023-05-18,10533.0,-4265.0,0.0,100,419.23,462.0,0,0.0,0.0,,0.0,1,19.53,19.41,SPY230519C00400000,400.0,normalDay
2023-05-19,6286.0,-4265.0,-4247.0,0,418.62,0.0,0,0.0,0.0,,0.0,1,19.53,0.0,SPY230519C00400000,400.0,expirationDay
2023-05-22,6286.0,-9.0,0.0,0,418.79,0.0,1,11.63,11.72,SPY230929P00410000,410.0,0,0.0,0.0,,0.0,normalDay
2023-05-23,6286.0,-187.0,0.0,0,414.09,0.0,1,11.63,13.5,SPY230929P00410000,410.0,0,0.0,0.0,,0.0,normalDay
2023-05-24,6286.0,-310.0,0.0,0,411.09,0.0,1,11.63,14.73,SPY230929P00410000,410.0,0,0.0,0.0,,0.0,normalDay
2023-05-25,6286.0,-160.0,0.0,0,414.65,0.0,1,11.63,13.23,SPY230929P00410000,410.0,0,0.0,0.0,,0.0,normalDay
2023-05-26,6286.0,45.0,0.0,0,420.02,0.0,1,11.63,11.18,SPY230929P00410000,410.0,0,0.0,0.0,,0.0,normalDay
2023-05-30,6286.0,88.0,0.0,0,420.18,0.0,1,11.63,10.75,SPY230929P00410000,410.0,0,0.0,0.0,,0.0,normalDay
2023-05-31,6286.0,24.0,0.0,0,417.85,0.0,1,11.63,11.39,SPY230929P00410000,410.0,0,0.0,0.0,,0.0,normalDay
2023-06-01,6286.0,208.0,0.0,0,421.82,0.0,1,11.63,9.55,SPY230929P00410000,410.0,0,0.0,0.0,,0.0,normalDay
2023-06-02,6286.0,387.0,0.0,0,427.92,0.0,1,11.63,7.76,SPY230929P00410000,410.0,0,0.0,0.0,,0.0,normalDay
2023-06-05,6286.0,390.0,0.0,0,427.1,0.0,1,11.63,7.73,SPY230929P00410000,410.0,0,0.0,0.0,,0.0,normalDay
2023-06-06,6286.0,463.0,0.0,0,428.03,0.0,1,11.63,7.0,SPY230929P00410000,410.0,0,0.0,0.0,,0.0,normalDay
2023-06-07,6286.0,441.0,0.0,0,426.55,0.0,1,11.63,7.22,SPY230929P00410000,410.0,0,0.0,0.0,,0.0,normalDay
2023-06-08,6286.0,511.0,0.0,0,429.13,0.0,1,11.63,6.52,SPY230929P00410000,410.0,0,0.0,0.0,,0.0,normalDay
2023-06-09,6286.0,531.0,0.0,0,429.9,0.0,1,11.63,6.32,SPY230929P00410000,410.0,0,0.0,0.0,,0.0,normalDay
2023-06-12,6286.0,581.0,0.0,0,433.8,0.0,1,11.63,5.82,SPY230929P00410000,410.0,0,0.0,0.0,,0.0,normalDay
2023-06-13,6286.0,629.0,0.0,0,436.66,0.0,1,11.63,5.34,SPY230929P00410000,410.0,0,0.0,0.0,,0.0,normalDay
2023-06-14,6286.0,660.0,0.0,0,437.18,0.0,1,11.63,5.03,SPY230929P00410000,410.0,0,0.0,0.0,,0.0,normalDay
2023-06-15,6286.0,702.0,0.0,0,442.6,0.0,1,11.63,4.61,SPY230929P00410000,410.0,0,0.0,0.0,,0.0,normalDay
2023-06-16,6286.0,716.0,0.0,0,439.46,0.0,1,11.63,4.47,SPY230929P00410000,410.0,0,0.0,0.0,,0.0,normalDay
2023-06-20,6286.0,661.0,0.0,0,437.18,0.0,1,11.63,5.02,SPY230929P00410000,410.0,0,0.0,0.0,,0.0,normalDay
2023-06-21,6286.0,655.0,0.0,0,434.94,0.0,1,11.63,5.08,SPY230929P00410000,410.0,0,0.0,0.0,,0.0,normalDay
2023-06-22,6286.0,694.0,0.0,0,436.51,0.0,1,11.63,4.69,SPY230929P00410000,410.0,0,0.0,0.0,,0.0,normalDay
2023-06-23,6286.0,643.0,0.0,0,433.21,0.0,1,11.63,5.2,SPY230929P00410000,410.0,0,0.0,0.0,,0.0,normalDay
2023-06-26,6286.0,627.0,0.0,0,431.44,0.0,1,11.63,5.36,SPY230929P00410000,410.0,0,0.0,0.0,,0.0,normalDay
2023-06-27,6286.0,727.0,0.0,0,436.17,0.0,1,11.63,4.36,SPY230929P00410000,410.0,0,0.0,0.0,,0.0,normalDay
2023-06-28,6286.0,768.0,0.0,0,436.39,0.0,1,11.63,3.95,SPY230929P00410000,410.0,0,0.0,0.0,,0.0,normalDay
2023-06-29,6286.0,774.0,0.0,0,438.11,0.0,1,11.63,3.89,SPY230929P00410000,410.0,0,0.0,0.0,,0.0,normalDay
2023-06-30,6286.0,836.0,0.0,0,443.28,0.0,1,11.63,3.27,SPY230929P00410000,410.0,0,0.0,0.0,,0.0,normalDay
2023-07-03,6286.0,844.0,0.0,0,443.79,0.0,1,11.63,3.19,SPY230929P00410000,410.0,0,0.0,0.0,,0.0,normalDay
2023-07-05,6286.0,831.0,0.0,0,443.13,0.0,1,11.63,3.32,SPY230929P00410000,410.0,0,0.0,0.0,,0.0,normalDay
2023-07-06,6286.0,761.0,0.0,0,439.66,0.0,1,11.63,4.02,SPY230929P00410000,410.0,0,0.0,0.0,,0.0,normalDay
2023-07-07,6286.0,770.0,0.0,0,438.55,0.0,1,11.63,3.93,SPY230929P00410000,410.0,0,0.0,0.0,,0.0,normalDay
2023-07-10,6286.0,791.0,0.0,0,439.66,0.0,1,11.63,3.72,SPY230929P00410000,410.0,0,0.0,0.0,,0.0,normalDay
2023-07-11,6286.0,832.0,0.0,0,442.46,0.0,1,11.63,3.31,SPY230929P00410000,410.0,0,0.0,0.0,,0.0,normalDay
2023-07-12,6286.0,901.0,0.0,0,446.02,0.0,1,11.63,2.62,SPY230929P00410000,410.0,0,0.0,0.0,,0.0,normalDay
2023-07-13,6286.0,924.0,0.0,0,449.56,0.0,1,11.63,2.39,SPY230929P00410000,410.0,0,0.0,0.0,,0.0,normalDay
2023-07-14,6286.0,930.0,0.0,0,449.28,0.0,1,11.63,2.33,SPY230929P00410000,410.0,0,0.0,0.0,,0.0,normalDay
2023-07-17,6286.0,945.0,0.0,0,450.84,0.0,1,11.63,2.18,SPY230929P00410000,410.0,0,0.0,0.0,,0.0,normalDay
2023-07-18,6286.0,977.0,0.0,0,454.19,0.0,1,11.63,1.86,SPY230929P00410000,410.0,0,0.0,0.0,,0.0,normalDay
2023-07-19,6286.0,971.0,0.0,0,455.2,0.0,1,11.63,1.92,SPY230929P00410000,410.0,0,0.0,0.0,,0.0,normalDay
2023-07-20,6286.0,957.0,0.0,0,452.18,0.0,1,11.63,2.06,SPY230929P00410000,410.0,0,0.0,0.0,,0.0,normalDay
2023-07-21,6286.0,966.0,0.0,0,452.18,0.0,1,11.63,1.97,SPY230929P00410000,410.0,0,0.0,0.0,,0.0,normalDay
2023-07-24,6286.0,987.0,0.0,0,454.2,0.0,1,11.63,1.76,SPY230929P00410000,410.0,0,0.0,0.0,,0.0,normalDay
2023-07-25,6286.0,995.0,0.0,0,455.44,0.0,1,11.63,1.68,SPY230929P00410000,410.0,0,0.0,0.0,,0.0,normalDay
2023-07-26,6286.0,1013.0,0.0,0,455.51,0.0,1,11.63,1.5,SPY230929P00410000,410.0,0,0.0,0.0,,0.0,normalDay
2023-07-27,6286.0,974.0,0.0,0,452.49,0.0,1,11.63,1.89,SPY230929P00410000,410.0,0,0.0,0.0,,0.0,normalDay
2023-07-28,6286.0,1020.0,0.0,0,456.92,0.0,1,11.63,1.43,SPY230929P00410000,410.0,0,0.0,0.0,,0.0,normalDay
2023-07-31,6286.0,1032.0,0.0,0,457.79,0.0,1,11.63,1.31,SPY230929P00410000,410.0,0,0.0,0.0,,0.0,normalDay
2023-08-01,6286.0,1024.0,0.0,0,456.48,0.0,1,11.63,1.39,SPY230929P00410000,410.0,0,0.0,0.0,,0.0,normalDay
2023-08-02,6286.0,948.0,0.0,0,450.13,0.0,1,11.63,2.15,SPY230929P00410000,410.0,0,0.0,0.0,,0.0,normalDay
2023-08-03,6286.0,955.0,0.0,0,448.84,0.0,1,11.63,2.08,SPY230929P00410000,410.0,0,0.0,0.0,,0.0,normalDay
2023-08-04,6286.0,906.0,0.0,0,446.81,0.0,1,11.63,2.57,SPY230929P00410000,410.0,0,0.0,0.0,,0.0,normalDay
2023-08-07,6286.0,978.0,0.0,0,450.71,0.0,1,11.63,1.85,SPY230929P00410000,410.0,0,0.0,0.0,,0.0,normalDay
2023-08-08,6286.0,961.0,0.0,0,448.75,0.0,1,11.63,2.02,SPY230929P00410000,410.0,0,0.0,0.0,,0.0,normalDay
2023-08-09,6286.0,951.0,0.0,0,445.75,0.0,1,11.63,2.12,SPY230929P00410000,410.0,0,0.0,0.0,,0.0,normalDay
2023-08-10,6286.0,953.0,0.0,0,445.91,0.0,1,11.63,2.1,SPY230929P00410000,410.0,0,0.0,0.0,,0.0,normalDay
2023-08-11,6286.0,977.0,0.0,0,445.65,0.0,1,11.63,1.86,SPY230929P00410000,410.0,0,0.0,0.0,,0.0,normalDay
2023-08-14,6286.0,1012.0,0.0,0,448.11,0.0,1,11.63,1.51,SPY230929P00410000,410.0,0,0.0,0.0,,0.0,normalDay
2023-08-15,6286.0,953.0,0.0,0,442.89,0.0,1,11.63,2.1,SPY230929P00410000,410.0,0,0.0,0.0,,0.0,normalDay
2023-08-16,6286.0,920.0,0.0,0,439.64,0.0,1,11.63,2.43,SPY230929P00410000,410.0,0,0.0,0.0,,0.0,normalDay
2023-08-17,6286.0,861.0,0.0,0,436.29,0.0,1,11.63,3.02,SPY230929P00410000,410.0,0,0.0,0.0,,0.0,normalDay
2023-08-18,6286.0,901.0,0.0,0,436.5,0.0,1,11.63,2.62,SPY230929P00410000,410.0,0,0.0,0.0,,0.0,normalDay
2023-08-21,6286.0,955.0,0.0,0,439.34,0.0,1,11.63,2.08,SPY230929P00410000,410.0,0,0.0,0.0,,0.0,normalDay
2023-08-22,6286.0,959.0,0.0,0,438.15,0.0,1,11.63,2.04,SPY230929P00410000,410.0,0,0.0,0.0,,0.0,normalDay
2023-08-23,6286.0,1018.0,0.0,0,443.03,0.0,1,11.63,1.45,SPY230929P00410000,410.0,0,0.0,0.0,,0.0,normalDay
2023-08-24,6286.0,952.0,0.0,0,436.89,0.0,1,11.63,2.11,SPY230929P00410000,410.0,0,0.0,0.0,,0.0,normalDay
2023-08-25,6286.0,1016.0,0.0,0,439.97,0.0,1,11.63,1.47,SPY230929P00410000,410.0,0,0.0,0.0,,0.0,normalDay
2023-08-28,6286.0,1061.0,0.0,0,442.76,0.0,1,11.63,1.02,SPY230929P00410000,410.0,0,0.0,0.0,,0.0,normalDay
2023-08-29,6286.0,1099.0,0.0,0,449.16,0.0,1,11.63,0.64,SPY230929P00410000,410.0,0,0.0,0.0,,0.0,normalDay
2023-08-30,6286.0,1112.0,0.0,0,451.01,0.0,1,11.63,0.51,SPY230929P00410000,410.0,0,0.0,0.0,,0.0,normalDay
2023-08-31,6286.0,1118.0,0.0,0,450.35,0.0,1,11.63,0.45,SPY230929P00410000,410.0,0,0.0,0.0,,0.0,normalDay
2023-09-01,6286.0,1123.0,0.0,0,451.19,0.0,1,11.63,0.4,SPY230929P00410000,410.0,0,0.0,0.0,,0.0,normalDay
2023-09-05,6286.0,1121.0,0.0,0,449.24,0.0,1,11.63,0.42,SPY230929P00410000,410.0,0,0.0,0.0,,0.0,normalDay
2023-09-06,6286.0,1114.0,0.0,0,446.22,0.0,1,11.63,0.49,SPY230929P00410000,410.0,0,0.0,0.0,,0.0,normalDay
2023-09-07,6286.0,1116.0,0.0,0,444.85,0.0,1,11.63,0.47,SPY230929P00410000,410.0,0,0.0,0.0,,0.0,normalDay
2023-09-08,6286.0,1126.0,0.0,0,445.52,0.0,1,11.63,0.37,SPY230929P00410000,410.0,0,0.0,0.0,,0.0,normalDay
2023-09-11,6286.0,1137.0,0.0,0,448.45,0.0,1,11.63,0.26,SPY230929P00410000,410.0,0,0.0,0.0,,0.0,normalDay
2023-09-12,6286.0,1134.0,0.0,0,445.99,0.0,1,11.63,0.29,SPY230929P00410000,410.0,0,0.0,0.0,,0.0,normalDay
2023-09-13,6286.0,1143.0,0.0,0,446.51,0.0,1,11.63,0.2,SPY230929P00410000,410.0,0,0.0,0.0,,0.0,normalDay
2023-09-14,6286.0,1147.0,0.0,0,450.36,0.0,1,11.63,0.16,SPY230929P00410000,410.0,0,0.0,0.0,,0.0,normalDay
2023-09-15,6286.0,1142.0,0.0,0,443.37,0.0,1,11.63,0.21,SPY230929P00410000,410.0,0,0.0,0.0,,0.0,normalDay
2023-09-18,6286.0,1148.0,0.0,0,443.63,0.0,1,11.63,0.15,SPY230929P00410000,410.0,0,0.0,0.0,,0.0,normalDay
2023-09-19,6286.0,1147.0,0.0,0,442.71,0.0,1,11.63,0.16,SPY230929P00410000,410.0,0,0.0,0.0,,0.0,normalDay
2023-09-20,6286.0,1144.0,0.0,0,438.64,0.0,1,11.63,0.19,SPY230929P00410000,410.0,0,0.0,0.0,,0.0,normalDay
2023-09-21,6286.0,1112.0,0.0,0,431.39,0.0,1,11.63,0.51,SPY230929P00410000,410.0,0,0.0,0.0,,0.0,normalDay
2023-09-22,6286.0,1123.0,0.0,0,430.42,0.0,1,11.63,0.4,SPY230929P00410000,410.0,0,0.0,0.0,,0.0,normalDay
2023-09-25,6286.0,1145.0,0.0,0,432.23,0.0,1,11.63,0.18,SPY230929P00410000,410.0,0,0.0,0.0,,0.0,normalDay
2023-09-26,6286.0,1137.0,0.0,0,425.88,0.0,1,11.63,0.26,SPY230929P00410000,410.0,0,0.0,0.0,,0.0,normalDay
2023-09-27,6286.0,1150.0,0.0,0,426.05,0.0,1,11.63,0.13,SPY230929P00410000,410.0,0,0.0,0.0,,0.0,normalDay
2023-09-28,6286.0,1158.0,0.0,0,428.52,0.0,1,11.63,0.05,SPY230929P00410000,410.0,0,0.0,0.0,,0.0,normalDay
2023-09-29,7449.0,0.0,1163.0,0,427.48,0.0,1,11.63,0.0,SPY230929P00410000,410.0,0,0.0,0.0,,0.0,expirationDay
2023-10-02,7449.0,-7.0,0.0,0,427.31,0.0,1,15.13,15.2,SPY240216P00430000,430.0,0,0.0,0.0,,0.0,normalDay
2023-10-03,7449.0,-341.0,0.0,0,421.59,0.0,1,15.13,18.54,SPY240216P00430000,430.0,0,0.0,0.0,,0.0,normalDay
2023-10-04,7449.0,-185.0,0.0,0,424.66,0.0,1,15.13,16.98,SPY240216P00430000,430.0,0,0.0,0.0,,0.0,normalDay
2023-10-05,7449.0,-197.0,0.0,0,424.5,0.0,1,15.13,17.1,SPY240216P00430000,430.0,0,0.0,0.0,,0.0,normalDay
2023-10-06,7449.0,81.0,0.0,0,429.54,0.0,1,15.13,14.32,SPY240216P00430000,430.0,0,0.0,0.0,,0.0,normalDay
2023-10-09,7449.0,185.0,0.0,0,432.29,0.0,1,15.13,13.28,SPY240216P00430000,430.0,0,0.0,0.0,,0.0,normalDay
2023-10-10,7449.0,294.0,0.0,0,434.54,0.0,1,15.13,12.19,SPY240216P00430000,430.0,0,0.0,0.0,,0.0,normalDay
2023-10-11,7449.0,408.0,0.0,0,436.32,0.0,1,15.13,11.05,SPY240216P00430000,430.0,0,0.0,0.0,,0.0,normalDay
2023-10-12,7449.0,298.0,0.0,0,433.66,0.0,1,15.13,12.15,SPY240216P00430000,430.0,0,0.0,0.0,,0.0,normalDay
2023-10-13,7449.0,92.0,0.0,0,431.5,0.0,1,15.13,14.21,SPY240216P00430000,430.0,0,0.0,0.0,,0.0,normalDay
2023-10-16,7449.0,365.0,0.0,0,436.04,0.0,1,15.13,11.48,SPY240216P00430000,430.0,0,0.0,0.0,,0.0,normalDay
2023-10-17,7449.0,334.0,0.0,0,436.02,0.0,1,15.13,11.79,SPY240216P00430000,430.0,0,0.0,0.0,,0.0,normalDay
2023-10-18,7449.0,94.0,0.0,0,430.21,0.0,1,15.13,14.19,SPY240216P00430000,430.0,0,0.0,0.0,,0.0,normalDay
2023-10-19,7449.0,-188.0,0.0,0,426.43,0.0,1,15.13,17.01,SPY240216P00430000,430.0,0,0.0,0.0,,0.0,normalDay
2023-10-20,7449.0,-385.0,0.0,0,421.19,0.0,1,15.13,18.98,SPY240216P00430000,430.0,0,0.0,0.0,,0.0,normalDay
2023-10-23,7449.0,-321.0,0.0,0,420.46,0.0,1,15.13,18.34,SPY240216P00430000,430.0,0,0.0,0.0,,0.0,normalDay
2023-10-24,7449.0,-136.0,0.0,0,423.63,0.0,1,15.13,16.49,SPY240216P00430000,430.0,0,0.0,0.0,,0.0,normalDay
2023-10-25,7449.0,-495.0,0.0,0,417.55,0.0,1,15.13,20.08,SPY240216P00430000,430.0,0,0.0,0.0,,0.0,normalDay
2023-10-26,7449.0,-790.0,0.0,0,412.55,0.0,1,15.13,23.03,SPY240216P00430000,430.0,0,0.0,0.0,,0.0,normalDay
2023-10-27,7449.0,-1002.0,0.0,0,410.68,0.0,1,15.13,25.15,SPY240216P00430000,430.0,0,0.0,0.0,,0.0,normalDay
2023-10-30,7449.0,-590.0,0.0,0,415.59,0.0,1,15.13,21.03,SPY240216P00430000,430.0,0,0.0,0.0,,0.0,normalDay
2023-10-31,7449.0,-411.0,0.0,0,418.2,0.0,1,15.13,19.24,SPY240216P00430000,430.0,0,0.0,0.0,,0.0,normalDay
2023-11-01,7449.0,-68.0,0.0,0,422.66,0.0,1,15.13,15.81,SPY240216P00430000,430.0,0,0.0,0.0,,0.0,normalDay
2023-11-02,7449.0,326.0,0.0,0,430.76,0.0,1,15.13,11.87,SPY240216P00430000,430.0,0,0.0,0.0,,0.0,normalDay
2023-11-03,7449.0,518.0,0.0,0,434.69,0.0,1,15.13,9.95,SPY240216P00430000,430.0,0,0.0,0.0,,0.0,normalDay
2023-11-06,7449.0,569.0,0.0,0,435.69,0.0,1,15.13,9.44,SPY240216P00430000,430.0,0,0.0,0.0,,0.0,normalDay
2023-11-07,7449.0,623.0,0.0,0,436.93,0.0,1,15.13,8.9,SPY240216P00430000,430.0,0,0.0,0.0,,0.0,normalDay
2023-11-08,7449.0,656.0,0.0,0,437.25,0.0,1,15.13,8.57,SPY240216P00430000,430.0,0,0.0,0.0,,0.0,normalDay
2023-11-09,7449.0,527.0,0.0,0,433.84,0.0,1,15.13,9.86,SPY240216P00430000,430.0,0,0.0,0.0,,0.0,normalDay
2023-11-10,7449.0,785.0,0.0,0,440.61,0.0,1,15.13,7.28,SPY240216P00430000,430.0,0,0.0,0.0,,0.0,normalDay
2023-11-13,7449.0,776.0,0.0,0,440.19,0.0,1,15.13,7.37,SPY240216P00430000,430.0,0,0.0,0.0,,0.0,normalDay
2023-11-14,7449.0,990.0,0.0,0,448.73,0.0,1,15.13,5.23,SPY240216P00430000,430.0,0,0.0,0.0,,0.0,normalDay
2023-11-15,7449.0,998.0,0.0,0,449.68,0.0,1,15.13,5.15,SPY240216P00430000,430.0,0,0.0,0.0,,0.0,normalDay
2023-11-16,7449.0,1029.0,0.0,0,450.23,0.0,1,15.13,4.84,SPY240216P00430000,430.0,0,0.0,0.0,,0.0,normalDay
2023-11-17,7449.0,1054.0,0.0,0,450.79,0.0,1,15.13,4.59,SPY240216P00430000,430.0,0,0.0,0.0,,0.0,normalDay
2023-11-20,7449.0,1120.0,0.0,0,454.26,0.0,1,15.13,3.93,SPY240216P00430000,430.0,0,0.0,0.0,,0.0,normalDay
2023-11-21,7449.0,1115.0,0.0,0,453.27,0.0,1,15.13,3.98,SPY240216P00430000,430.0,0,0.0,0.0,,0.0,normalDay
2023-11-22,7449.0,1150.0,0.0,0,455.02,0.0,1,15.13,3.63,SPY240216P00430000,430.0,0,0.0,0.0,,0.0,normalDay
2023-11-24,7449.0,1175.0,0.0,0,455.3,0.0,1,15.13,3.38,SPY240216P00430000,430.0,0,0.0,0.0,,0.0,normalDay
2023-11-27,7449.0,1171.0,0.0,0,454.48,0.0,1,15.13,3.42,SPY240216P00430000,430.0,0,0.0,0.0,,0.0,normalDay
2023-11-28,7449.0,1184.0,0.0,0,454.93,0.0,1,15.13,3.29,SPY240216P00430000,430.0,0,0.0,0.0,,0.0,normalDay
2023-11-29,7449.0,1174.0,0.0,0,454.61,0.0,1,15.13,3.39,SPY240216P00430000,430.0,0,0.0,0.0,,0.0,normalDay
2023-11-30,7449.0,1189.0,0.0,0,456.4,0.0,1,15.13,3.24,SPY240216P00430000,430.0,0,0.0,0.0,,0.0,normalDay
