date,totalCapital,unrializedPnL,rializedPnL,stocksOwned,stocksPriceToday,stocksPriceBoughtAt,putOwned,putOwnedSoldAt,putPriceToday,putOwnedContract,putOwnedStrike,callOwned,callOwnedSoldAt,callPriceToday,callOwnedContract,callOwnedStrike,trackType
2018-11-01,0.0,-8.0,0.0,0,273.51,0.0,1,4.36,4.44,SPY181119P00274000,274.0,0,0.0,0.0,,0.0,normalDay
2018-11-02,0.0,-62.0,0.0,0,271.89,0.0,1,4.36,4.98,SPY181119P00274000,274.0,0,0.0,0.0,,0.0,normalDay
2018-11-05,0.0,49.0,0.0,0,273.39,0.0,1,4.36,3.87,SPY181119P00274000,274.0,0,0.0,0.0,,0.0,normalDay
2018-11-06,0.0,132.0,0.0,0,275.12,0.0,1,4.36,3.04,SPY181119P00274000,274.0,0,0.0,0.0,,0.0,normalDay
2018-11-07,0.0,353.0,0.0,0,281.01,0.0,1,4.36,0.83,SPY181119P00274000,274.0,0,0.0,0.0,,0.0,normalDay
2018-11-08,0.0,354.0,0.0,0,280.5,0.0,1,4.36,0.82,SPY181119P00274000,274.0,0,0.0,0.0,,0.0,normalDay
2018-11-09,0.0,305.0,0.0,0,277.76,0.0,1,4.36,1.31,SPY181119P00274000,274.0,0,0.0,0.0,,0.0,normalDay
2018-11-12,0.0,104.0,0.0,0,272.57,0.0,1,4.36,3.32,SPY181119P00274000,274.0,0,0.0,0.0,,0.0,normalDay
2018-11-13,0.0,84.0,0.0,0,272.06,0.0,1,4.36,3.52,SPY181119P00274000,274.0,0,0.0,0.0,,0.0,normalDay
2018-11-14,0.0,-84.0,0.0,0,270.2,0.0,1,4.36,5.2,SPY181119P00274000,274.0,0,0.0,0.0,,0.0,normalDay
2018-11-15,0.0,203.0,0.0,0,273.02,0.0,1,4.36,2.33,SPY181119P00274000,274.0,0,0.0,0.0,,0.0,normalDay
2018-11-16,0.0,315.0,0.0,0,273.73,0.0,1,4.36,1.21,SPY181119P00274000,274.0,0,0.0,0.0,,0.0,normalDay
2018-11-19,436.0,-490.0,436.0,100,269.1,274.0,1,4.36,0.0,SPY181119P00274000,274.0,0,0.0,0.0,,0.0,expirationDay
2018-11-20,436.0,-992.0,0.0,100,264.12,274.0,0,0.0,0.0,,0.0,1,0.61,0.65,SPY190215C00292000,292.0,normalDay
2018-11-21,436.0,-897.0,0.0,100,265.02,274.0,0,0.0,0.0,,0.0,1,0.61,0.6,SPY190215C00292000,292.0,normalDay
2018-11-23,436.0,-1065.0,0.0,100,263.25,274.0,0,0.0,0.0,,0.0,1,0.61,0.51,SPY190215C00292000,292.0,normalDay
2018-11-26,436.0,-651.0,0.0,100,267.5,274.0,0,0.0,0.0,,0.0,1,0.61,0.62,SPY190215C00292000,292.0,normalDay
2018-11-27,436.0,-567.0,0.0,100,268.4,274.0,0,0.0,0.0,,0.0,1,0.61,0.68,SPY190215C00292000,292.0,normalDay
2018-11-28,436.0,-28.0,0.0,100,274.58,274.0,0,0.0,0.0,,0.0,1,0.61,1.47,SPY190215C00292000,292.0,normalDay
2018-11-29,436.0,-82.0,0.0,100,273.98,274.0,0,0.0,0.0,,0.0,1,0.61,1.41,SPY190215C00292000,292.0,normalDay
2018-11-30,436.0,61.0,0.0,100,275.65,274.0,0,0.0,0.0,,0.0,1,0.61,1.65,SPY190215C00292000,292.0,normalDay
2018-12-03,436.0,407.0,0.0,100,279.3,274.0,0,0.0,0.0,,0.0,1,0.61,1.84,SPY190215C00292000,292.0,normalDay
2018-12-04,436.0,-392.0,0.0,100,270.25,274.0,0,0.0,0.0,,0.0,1,0.61,0.78,SPY190215C00292000,292.0,normalDay
2018-12-06,436.0,-428.0,0.0,100,269.84,274.0,0,0.0,0.0,,0.0,1,0.61,0.73,SPY190215C00292000,292.0,normalDay
2018-12-07,436.0,-1025.0,0.0,100,263.57,274.0,0,0.0,0.0,,0.0,1,0.61,0.43,SPY190215C00292000,292.0,normalDay
2018-12-10,436.0,-973.0,0.0,100,264.07,274.0,0,0.0,0.0,,0.0,1,0.61,0.41,SPY190215C00292000,292.0,normalDay
2018-12-11,436.0,-963.0,0.0,100,264.13,274.0,0,0.0,0.0,,0.0,1,0.61,0.37,SPY190215C00292000,292.0,normalDay
2018-12-12,436.0,-834.0,0.0,100,265.46,274.0,0,0.0,0.0,,0.0,1,0.61,0.41,SPY190215C00292000,292.0,normalDay
2018-12-13,436.0,-841.0,0.0,100,265.37,274.0,0,0.0,0.0,,0.0,1,0.61,0.39,SPY190215C00292000,292.0,normalDay
2018-12-14,436.0,-1315.0,0.0,100,260.47,274.0,0,0.0,0.0,,0.0,1,0.61,0.23,SPY190215C00292000,292.0,normalDay
2018-12-17,436.0,-1817.0,0.0,100,255.36,274.0,0,0.0,0.0,,0.0,1,0.61,0.14,SPY190215C00292000,292.0,normalDay
2018-12-18,436.0,-1846.0,0.0,100,255.08,274.0,0,0.0,0.0,,0.0,1,0.61,0.15,SPY190215C00292000,292.0,normalDay
2018-12-19,436.0,-2223.0,0.0,100,251.26,274.0,0,0.0,0.0,,0.0,1,0.61,0.1,SPY190215C00292000,292.0,normalDay
2018-12-20,436.0,-2631.0,0.0,100,247.17,274.0,0,0.0,0.0,,0.0,1,0.61,0.09,SPY190215C00292000,292.0,normalDay
2018-12-21,436.0,-3275.0,0.0,100,240.7,274.0,0,0.0,0.0,,0.0,1,0.61,0.06,SPY190215C00292000,292.0,normalDay
2018-12-24,436.0,-3909.0,0.0,100,234.34,274.0,0,0.0,0.0,,0.0,1,0.61,0.04,SPY190215C00292000,292.0,normalDay
2018-12-26,436.0,-2729.0,0.0,100,246.18,274.0,0,0.0,0.0,,0.0,1,0.61,0.08,SPY190215C00292000,292.0,normalDay
2018-12-27,436.0,-2542.0,0.0,100,248.07,274.0,0,0.0,0.0,,0.0,1,0.61,0.1,SPY190215C00292000,292.0,normalDay
2018-12-28,436.0,-2572.0,0.0,100,247.75,274.0,0,0.0,0.0,,0.0,1,0.61,0.08,SPY190215C00292000,292.0,normalDay
2018-12-31,436.0,-2353.0,0.0,100,249.92,274.0,0,0.0,0.0,,0.0,1,0.61,0.06,SPY190215C00292000,292.0,normalDay
2019-01-02,436.0,-2325.0,0.0,100,250.18,274.0,0,0.0,0.0,,0.0,1,0.61,0.04,SPY190215C00292000,292.0,normalDay
2019-01-03,436.0,-2920.0,0.0,100,244.21,274.0,0,0.0,0.0,,0.0,1,0.61,0.02,SPY190215C00292000,292.0,normalDay
2019-01-04,436.0,-2103.0,0.0,100,252.39,274.0,0,0.0,0.0,,0.0,1,0.61,0.03,SPY190215C00292000,292.0,normalDay
2019-01-07,436.0,-1904.0,0.0,100,254.38,274.0,0,0.0,0.0,,0.0,1,0.61,0.03,SPY190215C00292000,292.0,normalDay
2019-01-08,436.0,-1665.0,0.0,100,256.77,274.0,0,0.0,0.0,,0.0,1,0.61,0.03,SPY190215C00292000,292.0,normalDay
2019-01-09,436.0,-1546.0,0.0,100,257.97,274.0,0,0.0,0.0,,0.0,1,0.61,0.04,SPY190215C00292000,292.0,normalDay
2019-01-10,436.0,-1455.0,0.0,100,258.88,274.0,0,0.0,0.0,,0.0,1,0.61,0.04,SPY190215C00292000,292.0,normalDay
2019-01-11,436.0,-1444.0,0.0,100,258.98,274.0,0,0.0,0.0,,0.0,1,0.61,0.03,SPY190215C00292000,292.0,normalDay
2019-01-14,436.0,-1602.0,0.0,100,257.4,274.0,0,0.0,0.0,,0.0,1,0.61,0.03,SPY190215C00292000,292.0,normalDay
2019-01-15,436.0,-1308.0,0.0,100,260.35,274.0,0,0.0,0.0,,0.0,1,0.61,0.04,SPY190215C00292000,292.0,normalDay
2019-01-16,436.0,-1245.0,0.0,100,260.98,274.0,0,0.0,0.0,,0.0,1,0.61,0.04,SPY190215C00292000,292.0,normalDay
2019-01-17,436.0,-1047.0,0.0,100,262.96,274.0,0,0.0,0.0,,0.0,1,0.61,0.04,SPY190215C00292000,292.0,normalDay
2019-01-18,436.0,-699.0,0.0,100,266.46,274.0,0,0.0,0.0,,0.0,1,0.61,0.06,SPY190215C00292000,292.0,normalDay
2019-01-22,436.0,-1056.0,0.0,100,262.86,274.0,0,0.0,0.0,,0.0,1,0.61,0.03,SPY190215C00292000,292.0,normalDay
2019-01-23,436.0,-1000.0,0.0,100,263.41,274.0,0,0.0,0.0,,0.0,1,0.61,0.02,SPY190215C00292000,292.0,normalDay
2019-01-24,436.0,-986.0,0.0,100,263.55,274.0,0,0.0,0.0,,0.0,1,0.61,0.02,SPY190215C00292000,292.0,normalDay
2019-01-25,436.0,-763.0,0.0,100,265.78,274.0,0,0.0,0.0,,0.0,1,0.61,0.02,SPY190215C00292000,292.0,normalDay
2019-01-28,436.0,-965.0,0.0,100,263.76,274.0,0,0.0,0.0,,0.0,1,0.61,0.02,SPY190215C00292000,292.0,normalDay
2019-01-29,436.0,-1000.0,0.0,100,263.41,274.0,0,0.0,0.0,,0.0,1,0.61,0.02,SPY190215C00292000,292.0,normalDay
2019-01-30,436.0,-583.0,0.0,100,267.58,274.0,0,0.0,0.0,,0.0,1,0.61,0.02,SPY190215C00292000,292.0,normalDay
2019-01-31,436.0,-349.0,0.0,100,269.93,274.0,0,0.0,0.0,,0.0,1,0.61,0.03,SPY190215C00292000,292.0,normalDay
2019-02-01,436.0,-335.0,0.0,100,270.06,274.0,0,0.0,0.0,,0.0,1,0.61,0.02,SPY190215C00292000,292.0,normalDay
2019-02-04,436.0,-145.0,0.0,100,271.96,274.0,0,0.0,0.0,,0.0,1,0.61,0.02,SPY190215C00292000,292.0,normalDay
2019-02-05,436.0,-31.0,0.0,100,273.1,274.0,0,0.0,0.0,,0.0,1,0.61,0.02,SPY190215C00292000,292.0,normalDay
2019-02-06,436.0,-66.0,0.0,100,272.74,274.0,0,0.0,0.0,,0.0,1,0.61,0.01,SPY190215C00292000,292.0,normalDay
2019-02-07,436.0,-326.0,0.0,100,270.14,274.0,0,0.0,0.0,,0.0,1,0.61,0.01,SPY190215C00292000,292.0,normalDay
2019-02-08,436.0,-293.0,0.0,100,270.47,274.0,0,0.0,0.0,,0.0,1,0.61,0.01,SPY190215C00292000,292.0,normalDay
2019-02-11,436.0,-278.0,0.0,100,270.62,274.0,0,0.0,0.0,,0.0,1,0.61,0.01,SPY190215C00292000,292.0,normalDay
2019-02-12,436.0,70.0,0.0,100,274.1,274.0,0,0.0,0.0,,0.0,1,0.61,0.01,SPY190215C00292000,292.0,normalDay
2019-02-13,436.0,159.0,0.0,100,274.99,274.0,0,0.0,0.0,,0.0,1,0.61,0.01,SPY190215C00292000,292.0,normalDay
2019-02-14,436.0,98.0,0.0,100,274.38,274.0,0,0.0,0.0,,0.0,1,0.61,0.01,SPY190215C00292000,292.0,normalDay
2019-02-15,497.0,337.0,61.0,100,277.37,274.0,0,0.0,0.0,,0.0,1,0.61,0.0,SPY190215C00292000,292.0,expirationDay
2019-02-19,497.0,379.0,0.0,100,277.85,274.0,0,0.0,0.0,,0.0,1,1.91,1.97,SPY190517C00290000,290.0,normalDay
2019-02-20,497.0,440.0,0.0,100,278.41,274.0,0,0.0,0.0,,0.0,1,1.91,1.92,SPY190517C00290000,290.0,normalDay
2019-02-21,497.0,372.0,0.0,100,277.42,274.0,0,0.0,0.0,,0.0,1,1.91,1.61,SPY190517C00290000,290.0,normalDay
2019-02-22,497.0,520.0,0.0,100,279.14,274.0,0,0.0,0.0,,0.0,1,1.91,1.85,SPY190517C00290000,290.0,normalDay
2019-02-25,497.0,541.0,0.0,100,279.52,274.0,0,0.0,0.0,,0.0,1,1.91,2.02,SPY190517C00290000,290.0,normalDay
2019-02-26,497.0,529.0,0.0,100,279.32,274.0,0,0.0,0.0,,0.0,1,1.91,1.94,SPY190517C00290000,290.0,normalDay
2019-02-27,497.0,526.0,0.0,100,279.2,274.0,0,0.0,0.0,,0.0,1,1.91,1.85,SPY190517C00290000,290.0,normalDay
2019-02-28,497.0,502.0,0.0,100,278.68,274.0,0,0.0,0.0,,0.0,1,1.91,1.57,SPY190517C00290000,290.0,normalDay
2019-03-01,497.0,656.0,0.0,100,280.42,274.0,0,0.0,0.0,,0.0,1,1.91,1.77,SPY190517C00290000,290.0,normalDay
2019-03-04,497.0,585.0,0.0,100,279.4,274.0,0,0.0,0.0,,0.0,1,1.91,1.46,SPY190517C00290000,290.0,normalDay
2019-03-05,497.0,553.0,0.0,100,279.02,274.0,0,0.0,0.0,,0.0,1,1.91,1.4,SPY190517C00290000,290.0,normalDay
2019-03-06,497.0,413.0,0.0,100,277.33,274.0,0,0.0,0.0,,0.0,1,1.91,1.11,SPY190517C00290000,290.0,normalDay
2019-03-07,497.0,210.0,0.0,100,275.01,274.0,0,0.0,0.0,,0.0,1,1.91,0.82,SPY190517C00290000,290.0,normalDay
2019-03-08,497.0,163.0,0.0,100,274.46,274.0,0,0.0,0.0,,0.0,1,1.91,0.74,SPY190517C00290000,290.0,normalDay
2019-03-11,497.0,526.0,0.0,100,278.44,274.0,0,0.0,0.0,,0.0,1,1.91,1.09,SPY190517C00290000,290.0,normalDay
2019-03-12,497.0,627.0,0.0,100,279.49,274.0,0,0.0,0.0,,0.0,1,1.91,1.13,SPY190517C00290000,290.0,normalDay
2019-03-13,497.0,762.0,0.0,100,281.34,274.0,0,0.0,0.0,,0.0,1,1.91,1.63,SPY190517C00290000,290.0,normalDay
2019-03-14,497.0,756.0,0.0,100,281.16,274.0,0,0.0,0.0,,0.0,1,1.91,1.51,SPY190517C00290000,290.0,normalDay
2019-03-15,497.0,742.0,0.0,100,281.31,274.0,0,0.0,0.0,,0.0,1,1.91,1.8,SPY190517C00290000,290.0,normalDay
2019-03-18,497.0,799.0,0.0,100,282.33,274.0,0,0.0,0.0,,0.0,1,1.91,2.25,SPY190517C00290000,290.0,normalDay
2019-03-19,497.0,807.0,0.0,100,282.4,274.0,0,0.0,0.0,,0.0,1,1.91,2.24,SPY190517C00290000,290.0,normalDay
2019-03-20,497.0,747.0,0.0,100,281.55,274.0,0,0.0,0.0,,0.0,1,1.91,1.99,SPY190517C00290000,290.0,normalDay
2019-03-21,497.0,948.0,0.0,100,284.73,274.0,0,0.0,0.0,,0.0,1,1.91,3.16,SPY190517C00290000,290.0,normalDay
2019-03-22,497.0,516.0,0.0,100,279.25,274.0,0,0.0,0.0,,0.0,1,1.91,2.0,SPY190517C00290000,290.0,normalDay
2019-03-25,497.0,520.0,0.0,100,279.04,274.0,0,0.0,0.0,,0.0,1,1.91,1.75,SPY190517C00290000,290.0,normalDay
2019-03-26,497.0,714.0,0.0,100,281.12,274.0,0,0.0,0.0,,0.0,1,1.91,1.89,SPY190517C00290000,290.0,normalDay
2019-03-27,497.0,598.0,0.0,100,279.65,274.0,0,0.0,0.0,,0.0,1,1.91,1.58,SPY190517C00290000,290.0,normalDay
2019-03-28,497.0,697.0,0.0,100,280.71,274.0,0,0.0,0.0,,0.0,1,1.91,1.65,SPY190517C00290000,290.0,normalDay
2019-03-29,497.0,835.0,0.0,100,282.48,274.0,0,0.0,0.0,,0.0,1,1.91,2.04,SPY190517C00290000,290.0,normalDay
2019-04-01,497.0,1075.0,0.0,100,285.83,274.0,0,0.0,0.0,,0.0,1,1.91,2.99,SPY190517C00290000,290.0,normalDay
2019-04-02,497.0,1100.0,0.0,100,285.97,274.0,0,0.0,0.0,,0.0,1,1.91,2.88,SPY190517C00290000,290.0,normalDay
2019-04-03,497.0,1102.0,0.0,100,286.42,274.0,0,0.0,0.0,,0.0,1,1.91,3.31,SPY190517C00290000,290.0,normalDay
2019-04-04,497.0,1164.0,0.0,100,287.18,274.0,0,0.0,0.0,,0.0,1,1.91,3.45,SPY190517C00290000,290.0,normalDay
2019-04-05,497.0,1261.0,0.0,100,288.57,274.0,0,0.0,0.0,,0.0,1,1.91,3.87,SPY190517C00290000,290.0,normalDay
2019-04-08,497.0,1284.0,0.0,100,288.79,274.0,0,0.0,0.0,,0.0,1,1.91,3.86,SPY190517C00290000,290.0,normalDay
2019-04-09,497.0,1203.0,0.0,100,287.31,274.0,0,0.0,0.0,,0.0,1,1.91,3.19,SPY190517C00290000,290.0,normalDay
2019-04-10,497.0,1267.0,0.0,100,288.29,274.0,0,0.0,0.0,,0.0,1,1.91,3.53,SPY190517C00290000,290.0,normalDay
2019-04-11,497.0,1289.0,0.0,100,288.21,274.0,0,0.0,0.0,,0.0,1,1.91,3.23,SPY190517C00290000,290.0,normalDay
2019-04-12,497.0,1395.0,0.0,100,290.16,274.0,0,0.0,0.0,,0.0,1,1.91,4.12,SPY190517C00290000,290.0,normalDay
2019-04-15,497.0,1400.0,0.0,100,289.97,274.0,0,0.0,0.0,,0.0,1,1.91,3.88,SPY190517C00290000,290.0,normalDay
2019-04-16,497.0,1423.0,0.0,100,290.16,274.0,0,0.0,0.0,,0.0,1,1.91,3.84,SPY190517C00290000,290.0,normalDay
2019-04-17,497.0,1401.0,0.0,100,289.45,274.0,0,0.0,0.0,,0.0,1,1.91,3.35,SPY190517C00290000,290.0,normalDay
2019-04-18,497.0,1429.0,0.0,100,290.02,274.0,0,0.0,0.0,,0.0,1,1.91,3.64,SPY190517C00290000,290.0,normalDay
2019-04-22,497.0,1456.0,0.0,100,290.27,274.0,0,0.0,0.0,,0.0,1,1.91,3.62,SPY190517C00290000,290.0,normalDay
2019-04-23,497.0,1547.0,0.0,100,292.88,274.0,0,0.0,0.0,,0.0,1,1.91,5.32,SPY190517C00290000,290.0,normalDay
2019-04-24,497.0,1512.0,0.0,100,292.23,274.0,0,0.0,0.0,,0.0,1,1.91,5.02,SPY190517C00290000,290.0,normalDay
2019-04-25,497.0,1532.0,0.0,100,292.05,274.0,0,0.0,0.0,,0.0,1,1.91,4.64,SPY190517C00290000,290.0,normalDay
2019-04-26,497.0,1584.0,0.0,100,293.41,274.0,0,0.0,0.0,,0.0,1,1.91,5.48,SPY190517C00290000,290.0,normalDay
2019-04-29,497.0,1615.0,0.0,100,293.87,274.0,0,0.0,0.0,,0.0,1,1.91,5.63,SPY190517C00290000,290.0,normalDay
2019-04-30,497.0,1598.0,0.0,100,294.02,274.0,0,0.0,0.0,,0.0,1,1.91,5.95,SPY190517C00290000,290.0,normalDay
2019-05-01,497.0,1541.0,0.0,100,291.81,274.0,0,0.0,0.0,,0.0,1,1.91,4.31,SPY190517C00290000,290.0,normalDay
2019-05-02,497.0,1543.0,0.0,100,291.18,274.0,0,0.0,0.0,,0.0,1,1.91,3.66,SPY190517C00290000,290.0,normalDay
2019-05-03,497.0,1653.0,0.0,100,294.03,274.0,0,0.0,0.0,,0.0,1,1.91,5.41,SPY190517C00290000,290.0,normalDay
2019-05-06,497.0,1596.0,0.0,100,292.82,274.0,0,0.0,0.0,,0.0,1,1.91,4.77,SPY190517C00290000,290.0,normalDay
2019-05-07,497.0,1291.0,0.0,100,287.93,274.0,0,0.0,0.0,,0.0,1,1.91,2.93,SPY190517C00290000,290.0,normalDay
2019-05-08,497.0,1276.0,0.0,100,287.53,274.0,0,0.0,0.0,,0.0,1,1.91,2.68,SPY190517C00290000,290.0,normalDay
2019-05-09,497.0,1246.0,0.0,100,286.66,274.0,0,0.0,0.0,,0.0,1,1.91,2.11,SPY190517C00290000,290.0,normalDay
2019-05-10,497.0,1446.0,0.0,100,288.1,274.0,0,0.0,0.0,,0.0,1,1.91,1.55,SPY190517C00290000,290.0,normalDay
2019-05-13,497.0,862.0,0.0,100,280.86,274.0,0,0.0,0.0,,0.0,1,1.91,0.15,SPY190517C00290000,290.0,normalDay
2019-05-14,497.0,1120.0,0.0,100,283.4,274.0,0,0.0,0.0,,0.0,1,1.91,0.11,SPY190517C00290000,290.0,normalDay
2019-05-15,497.0,1288.0,0.0,100,285.06,274.0,0,0.0,0.0,,0.0,1,1.91,0.09,SPY190517C00290000,290.0,normalDay
2019-05-16,497.0,1545.0,0.0,100,287.7,274.0,0,0.0,0.0,,0.0,1,1.91,0.16,SPY190517C00290000,290.0,normalDay
2019-05-17,688.0,1184.0,191.0,100,285.84,274.0,0,0.0,0.0,,0.0,1,1.91,0.0,SPY190517C00290000,290.0,expirationDay
2019-05-20,688.0,991.0,0.0,100,283.95,274.0,0,0.0,0.0,,0.0,1,0.18,0.22,SPY190719C00306000,306.0,normalDay
2019-05-21,688.0,1245.0,0.0,100,286.51,274.0,0,0.0,0.0,,0.0,1,0.18,0.24,SPY190719C00306000,306.0,normalDay
2019-05-22,688.0,1162.0,0.0,100,285.63,274.0,0,0.0,0.0,,0.0,1,0.18,0.19,SPY190719C00306000,306.0,normalDay
2019-05-23,688.0,817.0,0.0,100,282.14,274.0,0,0.0,0.0,,0.0,1,0.18,0.15,SPY190719C00306000,306.0,normalDay
2019-05-24,688.0,883.0,0.0,100,282.78,274.0,0,0.0,0.0,,0.0,1,0.18,0.13,SPY190719C00306000,306.0,normalDay
2019-05-28,688.0,623.0,0.0,100,280.15,274.0,0,0.0,0.0,,0.0,1,0.18,0.1,SPY190719C00306000,306.0,normalDay
2019-05-29,688.0,437.0,0.0,100,278.27,274.0,0,0.0,0.0,,0.0,1,0.18,0.08,SPY190719C00306000,306.0,normalDay
2019-05-30,688.0,513.0,0.0,100,279.03,274.0,0,0.0,0.0,,0.0,1,0.18,0.08,SPY190719C00306000,306.0,normalDay
2019-05-31,688.0,140.0,0.0,100,275.27,274.0,0,0.0,0.0,,0.0,1,0.18,0.05,SPY190719C00306000,306.0,normalDay
2019-06-03,688.0,70.0,0.0,100,274.57,274.0,0,0.0,0.0,,0.0,1,0.18,0.05,SPY190719C00306000,306.0,normalDay
2019-06-04,688.0,663.0,0.0,100,280.53,274.0,0,0.0,0.0,,0.0,1,0.18,0.08,SPY190719C00306000,306.0,normalDay
2019-06-05,688.0,903.0,0.0,100,282.96,274.0,0,0.0,0.0,,0.0,1,0.18,0.11,SPY190719C00306000,306.0,normalDay
2019-06-06,688.0,1083.0,0.0,100,284.8,274.0,0,0.0,0.0,,0.0,1,0.18,0.15,SPY190719C00306000,306.0,normalDay
2019-06-07,688.0,1357.0,0.0,100,287.65,274.0,0,0.0,0.0,,0.0,1,0.18,0.26,SPY190719C00306000,306.0,normalDay
2019-06-10,688.0,1485.0,0.0,100,288.97,274.0,0,0.0,0.0,,0.0,1,0.18,0.3,SPY190719C00306000,306.0,normalDay
2019-06-11,688.0,1484.0,0.0,100,288.9,274.0,0,0.0,0.0,,0.0,1,0.18,0.24,SPY190719C00306000,306.0,normalDay
2019-06-12,688.0,1440.0,0.0,100,288.39,274.0,0,0.0,0.0,,0.0,1,0.18,0.17,SPY190719C00306000,306.0,normalDay
2019-06-13,688.0,1555.0,0.0,100,289.58,274.0,0,0.0,0.0,,0.0,1,0.18,0.21,SPY190719C00306000,306.0,normalDay
2019-06-14,688.0,1528.0,0.0,100,289.26,274.0,0,0.0,0.0,,0.0,1,0.18,0.16,SPY190719C00306000,306.0,normalDay
2019-06-17,688.0,1541.0,0.0,100,289.37,274.0,0,0.0,0.0,,0.0,1,0.18,0.14,SPY190719C00306000,306.0,normalDay
2019-06-18,688.0,1831.0,0.0,100,292.4,274.0,0,0.0,0.0,,0.0,1,0.18,0.27,SPY190719C00306000,306.0,normalDay
2019-06-19,688.0,1898.0,0.0,100,293.06,274.0,0,0.0,0.0,,0.0,1,0.18,0.26,SPY190719C00306000,306.0,normalDay
2019-06-20,688.0,2143.0,0.0,100,295.86,274.0,0,0.0,0.0,,0.0,1,0.18,0.61,SPY190719C00306000,306.0,normalDay
2019-06-21,688.0,1965.0,0.0,100,294.0,274.0,0,0.0,0.0,,0.0,1,0.18,0.53,SPY190719C00306000,306.0,normalDay
2019-06-24,688.0,1943.0,0.0,100,293.64,274.0,0,0.0,0.0,,0.0,1,0.18,0.39,SPY190719C00306000,306.0,normalDay
2019-06-25,688.0,1677.0,0.0,100,290.76,274.0,0,0.0,0.0,,0.0,1,0.18,0.17,SPY190719C00306000,306.0,normalDay
2019-06-26,688.0,1652.0,0.0,100,290.47,274.0,0,0.0,0.0,,0.0,1,0.18,0.13,SPY190719C00306000,306.0,normalDay
2019-06-27,688.0,1753.0,0.0,100,291.5,274.0,0,0.0,0.0,,0.0,1,0.18,0.15,SPY190719C00306000,306.0,normalDay
2019-06-28,688.0,1895.0,0.0,100,293.0,274.0,0,0.0,0.0,,0.0,1,0.18,0.23,SPY190719C00306000,306.0,normalDay
2019-07-01,688.0,2169.0,0.0,100,295.66,274.0,0,0.0,0.0,,0.0,1,0.18,0.15,SPY190719C00306000,306.0,normalDay
2019-07-02,688.0,2251.0,0.0,100,296.43,274.0,0,0.0,0.0,,0.0,1,0.18,0.1,SPY190719C00306000,306.0,normalDay
2019-07-03,688.0,2474.0,0.0,100,298.8,274.0,0,0.0,0.0,,0.0,1,0.18,0.24,SPY190719C00306000,306.0,normalDay
2019-07-05,688.0,2453.0,0.0,100,298.46,274.0,0,0.0,0.0,,0.0,1,0.18,0.11,SPY190719C00306000,306.0,normalDay
2019-07-08,688.0,2295.0,0.0,100,296.82,274.0,0,0.0,0.0,,0.0,1,0.18,0.05,SPY190719C00306000,306.0,normalDay
2019-07-09,688.0,2332.0,0.0,100,297.19,274.0,0,0.0,0.0,,0.0,1,0.18,0.05,SPY190719C00306000,306.0,normalDay
2019-07-10,688.0,2473.0,0.0,100,298.61,274.0,0,0.0,0.0,,0.0,1,0.18,0.06,SPY190719C00306000,306.0,normalDay
2019-07-11,688.0,2544.0,0.0,100,299.31,274.0,0,0.0,0.0,,0.0,1,0.18,0.05,SPY190719C00306000,306.0,normalDay
2019-07-12,688.0,2675.0,0.0,100,300.65,274.0,0,0.0,0.0,,0.0,1,0.18,0.08,SPY190719C00306000,306.0,normalDay
2019-07-15,688.0,2690.0,0.0,100,300.75,274.0,0,0.0,0.0,,0.0,1,0.18,0.03,SPY190719C00306000,306.0,normalDay
2019-07-16,688.0,2594.0,0.0,100,299.78,274.0,0,0.0,0.0,,0.0,1,0.18,0.02,SPY190719C00306000,306.0,normalDay
2019-07-17,688.0,2391.0,0.0,100,297.74,274.0,0,0.0,0.0,,0.0,1,0.18,0.01,SPY190719C00306000,306.0,normalDay
2019-07-18,688.0,2500.0,0.0,100,298.83,274.0,0,0.0,0.0,,0.0,1,0.18,0.01,SPY190719C00306000,306.0,normalDay
2019-07-19,706.0,2317.0,18.0,100,297.17,274.0,0,0.0,0.0,,0.0,1,0.18,0.0,SPY190719C00306000,306.0,expirationDay
2019-07-22,706.0,2386.0,0.0,100,297.9,274.0,0,0.0,0.0,,0.0,1,1.19,1.23,SPY190930C00310000,310.0,normalDay
2019-07-23,706.0,2563.0,0.0,100,300.03,274.0,0,0.0,0.0,,0.0,1,1.19,1.59,SPY190930C00310000,310.0,normalDay
2019-07-24,706.0,2671.0,0.0,100,301.44,274.0,0,0.0,0.0,,0.0,1,1.19,1.92,SPY190930C00310000,310.0,normalDay
2019-07-25,706.0,2560.0,0.0,100,300.0,274.0,0,0.0,0.0,,0.0,1,1.19,1.59,SPY190930C00310000,310.0,normalDay
2019-07-26,706.0,2723.0,0.0,100,302.01,274.0,0,0.0,0.0,,0.0,1,1.19,1.97,SPY190930C00310000,310.0,normalDay
2019-07-29,706.0,2684.0,0.0,100,301.46,274.0,0,0.0,0.0,,0.0,1,1.19,1.81,SPY190930C00310000,310.0,normalDay
2019-07-30,706.0,2622.0,0.0,100,300.72,274.0,0,0.0,0.0,,0.0,1,1.19,1.69,SPY190930C00310000,310.0,normalDay
2019-07-31,706.0,2348.0,0.0,100,297.43,274.0,0,0.0,0.0,,0.0,1,1.19,1.14,SPY190930C00310000,310.0,normalDay
2019-08-01,706.0,2113.0,0.0,100,294.84,274.0,0,0.0,0.0,,0.0,1,1.19,0.9,SPY190930C00310000,310.0,normalDay
2019-08-02,706.0,1924.0,0.0,100,292.62,274.0,0,0.0,0.0,,0.0,1,1.19,0.57,SPY190930C00310000,310.0,normalDay
2019-08-05,706.0,1076.0,0.0,100,283.82,274.0,0,0.0,0.0,,0.0,1,1.19,0.25,SPY190930C00310000,310.0,normalDay
2019-08-06,706.0,1473.0,0.0,100,287.8,274.0,0,0.0,0.0,,0.0,1,1.19,0.26,SPY190930C00310000,310.0,normalDay
2019-08-07,706.0,1493.0,0.0,100,287.97,274.0,0,0.0,0.0,,0.0,1,1.19,0.23,SPY190930C00310000,310.0,normalDay
2019-08-08,706.0,2038.0,0.0,100,293.62,274.0,0,0.0,0.0,,0.0,1,1.19,0.43,SPY190930C00310000,310.0,normalDay
2019-08-09,706.0,1845.0,0.0,100,291.62,274.0,0,0.0,0.0,,0.0,1,1.19,0.36,SPY190930C00310000,310.0,normalDay
2019-08-12,706.0,1500.0,0.0,100,288.07,274.0,0,0.0,0.0,,0.0,1,1.19,0.26,SPY190930C00310000,310.0,normalDay
2019-08-13,706.0,1940.0,0.0,100,292.55,274.0,0,0.0,0.0,,0.0,1,1.19,0.34,SPY190930C00310000,310.0,normalDay
2019-08-14,706.0,1091.0,0.0,100,283.9,274.0,0,0.0,0.0,,0.0,1,1.19,0.18,SPY190930C00310000,310.0,normalDay
2019-08-15,706.0,1166.0,0.0,100,284.65,274.0,0,0.0,0.0,,0.0,1,1.19,0.18,SPY190930C00310000,310.0,normalDay
2019-08-16,706.0,1584.0,0.0,100,288.85,274.0,0,0.0,0.0,,0.0,1,1.19,0.2,SPY190930C00310000,310.0,normalDay
2019-08-19,706.0,1930.0,0.0,100,292.33,274.0,0,0.0,0.0,,0.0,1,1.19,0.22,SPY190930C00310000,310.0,normalDay
2019-08-20,706.0,1713.0,0.0,100,290.09,274.0,0,0.0,0.0,,0.0,1,1.19,0.15,SPY190930C00310000,310.0,normalDay
2019-08-21,706.0,1946.0,0.0,100,292.45,274.0,0,0.0,0.0,,0.0,1,1.19,0.18,SPY190930C00310000,310.0,normalDay
2019-08-22,706.0,1940.0,0.0,100,292.36,274.0,0,0.0,0.0,,0.0,1,1.19,0.15,SPY190930C00310000,310.0,normalDay
2019-08-23,706.0,1196.0,0.0,100,284.85,274.0,0,0.0,0.0,,0.0,1,1.19,0.08,SPY190930C00310000,310.0,normalDay
2019-08-26,706.0,1510.0,0.0,100,288.0,274.0,0,0.0,0.0,,0.0,1,1.19,0.09,SPY190930C00310000,310.0,normalDay
2019-08-27,706.0,1398.0,0.0,100,286.87,274.0,0,0.0,0.0,,0.0,1,1.19,0.08,SPY190930C00310000,310.0,normalDay
2019-08-28,706.0,1598.0,0.0,100,288.89,274.0,0,0.0,0.0,,0.0,1,1.19,0.1,SPY190930C00310000,310.0,normalDay
2019-08-29,706.0,1964.0,0.0,100,292.58,274.0,0,0.0,0.0,,0.0,1,1.19,0.13,SPY190930C00310000,310.0,normalDay
2019-08-30,706.0,1953.0,0.0,100,292.45,274.0,0,0.0,0.0,,0.0,1,1.19,0.11,SPY190930C00310000,310.0,normalDay
2019-09-03,706.0,1788.0,0.0,100,290.74,274.0,0,0.0,0.0,,0.0,1,1.19,0.05,SPY190930C00310000,310.0,normalDay
2019-09-04,706.0,2117.0,0.0,100,294.04,274.0,0,0.0,0.0,,0.0,1,1.19,0.06,SPY190930C00310000,310.0,normalDay
2019-09-05,706.0,2486.0,0.0,100,297.82,274.0,0,0.0,0.0,,0.0,1,1.19,0.15,SPY190930C00310000,310.0,normalDay
2019-09-06,706.0,2512.0,0.0,100,298.05,274.0,0,0.0,0.0,,0.0,1,1.19,0.12,SPY190930C00310000,310.0,normalDay
2019-09-09,706.0,2530.0,0.0,100,298.2,274.0,0,0.0,0.0,,0.0,1,1.19,0.09,SPY190930C00310000,310.0,normalDay
2019-09-10,706.0,2524.0,0.0,100,298.13,274.0,0,0.0,0.0,,0.0,1,1.19,0.08,SPY190930C00310000,310.0,normalDay
2019-09-11,706.0,2732.0,0.0,100,300.25,274.0,0,0.0,0.0,,0.0,1,1.19,0.12,SPY190930C00310000,310.0,normalDay
2019-09-12,706.0,2831.0,0.0,100,301.29,274.0,0,0.0,0.0,,0.0,1,1.19,0.17,SPY190930C00310000,310.0,normalDay
2019-09-13,706.0,2816.0,0.0,100,301.09,274.0,0,0.0,0.0,,0.0,1,1.19,0.12,SPY190930C00310000,310.0,normalDay
2019-09-16,706.0,2728.0,0.0,100,300.16,274.0,0,0.0,0.0,,0.0,1,1.19,0.07,SPY190930C00310000,310.0,normalDay
2019-09-17,706.0,2803.0,0.0,100,300.92,274.0,0,0.0,0.0,,0.0,1,1.19,0.08,SPY190930C00310000,310.0,normalDay
2019-09-18,706.0,2822.0,0.0,100,301.1,274.0,0,0.0,0.0,,0.0,1,1.19,0.07,SPY190930C00310000,310.0,normalDay
2019-09-19,706.0,2822.0,0.0,100,301.08,274.0,0,0.0,0.0,,0.0,1,1.19,0.05,SPY190930C00310000,310.0,normalDay
2019-09-20,706.0,2545.0,0.0,100,298.28,274.0,0,0.0,0.0,,0.0,1,1.19,0.02,SPY190930C00310000,310.0,normalDay
2019-09-23,706.0,2539.0,0.0,100,298.21,274.0,0,0.0,0.0,,0.0,1,1.19,0.01,SPY190930C00310000,310.0,normalDay
2019-09-24,706.0,2305.0,0.0,100,295.87,274.0,0,0.0,0.0,,0.0,1,1.19,0.01,SPY190930C00310000,310.0,normalDay
2019-09-25,706.0,2480.0,0.0,100,297.62,274.0,0,0.0,0.0,,0.0,1,1.19,0.01,SPY190930C00310000,310.0,normalDay
2019-09-26,706.0,2418.0,0.0,100,297.0,274.0,0,0.0,0.0,,0.0,1,1.19,0.01,SPY190930C00310000,310.0,normalDay
2019-09-27,706.0,2258.0,0.0,100,295.4,274.0,0,0.0,0.0,,0.0,1,1.19,0.01,SPY190930C00310000,310.0,normalDay
2019-09-30,825.0,2277.0,119.0,100,296.77,274.0,0,0.0,0.0,,0.0,1,1.19,0.0,SPY190930C00310000,310.0,expirationDay
2019-10-01,825.0,1920.0,0.0,100,293.24,274.0,0,0.0,0.0,,0.0,1,2.3,2.34,SPY191220C00308000,308.0,normalDay
2019-10-02,825.0,1495.0,0.0,100,288.06,274.0,0,0.0,0.0,,0.0,1,2.3,1.41,SPY191220C00308000,308.0,normalDay
2019-10-03,825.0,1706.0,0.0,100,290.42,274.0,0,0.0,0.0,,0.0,1,2.3,1.66,SPY191220C00308000,308.0,normalDay
2019-10-04,825.0,2043.0,0.0,100,294.35,274.0,0,0.0,0.0,,0.0,1,2.3,2.22,SPY191220C00308000,308.0,normalDay
2019-10-07,825.0,1957.0,0.0,100,293.08,274.0,0,0.0,0.0,,0.0,1,2.3,1.81,SPY191220C00308000,308.0,normalDay
2019-10-08,825.0,1563.0,0.0,100,288.53,274.0,0,0.0,0.0,,0.0,1,2.3,1.2,SPY191220C00308000,308.0,normalDay
2019-10-09,825.0,1810.0,0.0,100,291.27,274.0,0,0.0,0.0,,0.0,1,2.3,1.47,SPY191220C00308000,308.0,normalDay
2019-10-10,825.0,1976.0,0.0,100,293.24,274.0,0,0.0,0.0,,0.0,1,2.3,1.78,SPY191220C00308000,308.0,normalDay
2019-10-11,825.0,2233.0,0.0,100,296.28,274.0,0,0.0,0.0,,0.0,1,2.3,2.25,SPY191220C00308000,308.0,normalDay
2019-10-14,825.0,2244.0,0.0,100,295.95,274.0,0,0.0,0.0,,0.0,1,2.3,1.81,SPY191220C00308000,308.0,normalDay
2019-10-15,825.0,2464.0,0.0,100,298.88,274.0,0,0.0,0.0,,0.0,1,2.3,2.54,SPY191220C00308000,308.0,normalDay
2019-10-16,825.0,2437.0,0.0,100,298.4,274.0,0,0.0,0.0,,0.0,1,2.3,2.33,SPY191220C00308000,308.0,normalDay
2019-10-17,825.0,2506.0,0.0,100,299.28,274.0,0,0.0,0.0,,0.0,1,2.3,2.52,SPY191220C00308000,308.0,normalDay
2019-10-18,825.0,2404.0,0.0,100,297.97,274.0,0,0.0,0.0,,0.0,1,2.3,2.23,SPY191220C00308000,308.0,normalDay
2019-10-21,825.0,2570.0,0.0,100,299.99,274.0,0,0.0,0.0,,0.0,1,2.3,2.59,SPY191220C00308000,308.0,normalDay
2019-10-22,825.0,2505.0,0.0,100,299.01,274.0,0,0.0,0.0,,0.0,1,2.3,2.26,SPY191220C00308000,308.0,normalDay
2019-10-23,825.0,2571.0,0.0,100,299.88,274.0,0,0.0,0.0,,0.0,1,2.3,2.47,SPY191220C00308000,308.0,normalDay
2019-10-24,825.0,2626.0,0.0,100,300.37,274.0,0,0.0,0.0,,0.0,1,2.3,2.41,SPY191220C00308000,308.0,normalDay
2019-10-25,825.0,2725.0,0.0,100,301.6,274.0,0,0.0,0.0,,0.0,1,2.3,2.65,SPY191220C00308000,308.0,normalDay
2019-10-28,825.0,2826.0,0.0,100,303.3,274.0,0,0.0,0.0,,0.0,1,2.3,3.34,SPY191220C00308000,308.0,normalDay
2019-10-29,825.0,2827.0,0.0,100,303.21,274.0,0,0.0,0.0,,0.0,1,2.3,3.24,SPY191220C00308000,308.0,normalDay
2019-10-30,825.0,2886.0,0.0,100,304.14,274.0,0,0.0,0.0,,0.0,1,2.3,3.58,SPY191220C00308000,308.0,normalDay
2019-10-31,825.0,2856.0,0.0,100,303.33,274.0,0,0.0,0.0,,0.0,1,2.3,3.07,SPY191220C00308000,308.0,normalDay
2019-11-01,825.0,3024.0,0.0,100,306.14,274.0,0,0.0,0.0,,0.0,1,2.3,4.2,SPY191220C00308000,308.0,normalDay
2019-11-04,825.0,3087.0,0.0,100,307.37,274.0,0,0.0,0.0,,0.0,1,2.3,4.8,SPY191220C00308000,308.0,normalDay
2019-11-05,825.0,3065.0,0.0,100,307.03,274.0,0,0.0,0.0,,0.0,1,2.3,4.68,SPY191220C00308000,308.0,normalDay
2019-11-06,825.0,3072.0,0.0,100,307.1,274.0,0,0.0,0.0,,0.0,1,2.3,4.68,SPY191220C00308000,308.0,normalDay
2019-11-07,825.0,3123.0,0.0,100,308.18,274.0,0,0.0,0.0,,0.0,1,2.3,5.25,SPY191220C00308000,308.0,normalDay
2019-11-08,825.0,3169.0,0.0,100,308.94,274.0,0,0.0,0.0,,0.0,1,2.3,5.55,SPY191220C00308000,308.0,normalDay
2019-11-11,825.0,3147.0,0.0,100,308.35,274.0,0,0.0,0.0,,0.0,1,2.3,5.18,SPY191220C00308000,308.0,normalDay
2019-11-12,825.0,3205.0,0.0,100,309.0,274.0,0,0.0,0.0,,0.0,1,2.3,5.25,SPY191220C00308000,308.0,normalDay
2019-11-13,825.0,3196.0,0.0,100,309.1,274.0,0,0.0,0.0,,0.0,1,2.3,5.44,SPY191220C00308000,308.0,normalDay
2019-11-14,825.0,3223.0,0.0,100,309.55,274.0,0,0.0,0.0,,0.0,1,2.3,5.62,SPY191220C00308000,308.0,normalDay
2019-11-15,825.0,3332.0,0.0,100,311.79,274.0,0,0.0,0.0,,0.0,1,2.3,6.77,SPY191220C00308000,308.0,normalDay
2019-11-18,825.0,3340.0,0.0,100,312.02,274.0,0,0.0,0.0,,0.0,1,2.3,6.92,SPY191220C00308000,308.0,normalDay
2019-11-19,825.0,3350.0,0.0,100,311.93,274.0,0,0.0,0.0,,0.0,1,2.3,6.73,SPY191220C00308000,308.0,normalDay
2019-11-20,825.0,3322.0,0.0,100,310.77,274.0,0,0.0,0.0,,0.0,1,2.3,5.85,SPY191220C00308000,308.0,normalDay
2019-11-21,825.0,3294.0,0.0,100,310.27,274.0,0,0.0,0.0,,0.0,1,2.3,5.63,SPY191220C00308000,308.0,normalDay
2019-11-22,825.0,3339.0,0.0,100,310.96,274.0,0,0.0,0.0,,0.0,1,2.3,5.87,SPY191220C00308000,308.0,normalDay
2019-11-25,825.0,3451.0,0.0,100,313.37,274.0,0,0.0,0.0,,0.0,1,2.3,7.16,SPY191220C00308000,308.0,normalDay
2019-11-26,825.0,3452.0,0.0,100,314.08,274.0,0,0.0,0.0,,0.0,1,2.3,7.86,SPY191220C00308000,308.0,normalDay
2019-11-27,825.0,3486.0,0.0,100,315.48,274.0,0,0.0,0.0,,0.0,1,2.3,8.92,SPY191220C00308000,308.0,normalDay
2019-11-29,825.0,3445.0,0.0,100,314.31,274.0,0,0.0,0.0,,0.0,1,2.3,8.16,SPY191220C00308000,308.0,normalDay
2019-12-02,825.0,3381.0,0.0,100,311.64,274.0,0,0.0,0.0,,0.0,1,2.3,6.13,SPY191220C00308000,308.0,normalDay
2019-12-03,825.0,3302.0,0.0,100,309.55,274.0,0,0.0,0.0,,0.0,1,2.3,4.83,SPY191220C00308000,308.0,normalDay
2019-12-04,825.0,3408.0,0.0,100,311.46,274.0,0,0.0,0.0,,0.0,1,2.3,5.68,SPY191220C00308000,308.0,normalDay
2019-12-05,825.0,3421.0,0.0,100,312.02,274.0,0,0.0,0.0,,0.0,1,2.3,6.11,SPY191220C00308000,308.0,normalDay
2019-12-06,825.0,3516.0,0.0,100,314.87,274.0,0,0.0,0.0,,0.0,1,2.3,8.01,SPY191220C00308000,308.0,normalDay
2019-12-09,825.0,3499.0,0.0,100,313.88,274.0,0,0.0,0.0,,0.0,1,2.3,7.19,SPY191220C00308000,308.0,normalDay
2019-12-10,825.0,3472.0,0.0,100,313.53,274.0,0,0.0,0.0,,0.0,1,2.3,7.11,SPY191220C00308000,308.0,normalDay
2019-12-11,825.0,3508.0,0.0,100,314.42,274.0,0,0.0,0.0,,0.0,1,2.3,7.64,SPY191220C00308000,308.0,normalDay
2019-12-12,825.0,3580.0,0.0,100,317.13,274.0,0,0.0,0.0,,0.0,1,2.3,9.63,SPY191220C00308000,308.0,normalDay
2019-12-13,825.0,3592.0,0.0,100,317.32,274.0,0,0.0,0.0,,0.0,1,2.3,9.7,SPY191220C00308000,308.0,normalDay
2019-12-16,825.0,3580.0,0.0,100,319.5,274.0,0,0.0,0.0,,0.0,1,2.3,12.0,SPY191220C00308000,308.0,normalDay
2019-12-17,825.0,3609.0,0.0,100,319.57,274.0,0,0.0,0.0,,0.0,1,2.3,11.78,SPY191220C00308000,308.0,normalDay
2019-12-18,825.0,3588.0,0.0,100,319.59,274.0,0,0.0,0.0,,0.0,1,2.3,12.01,SPY191220C00308000,308.0,normalDay
2019-12-19,825.0,3595.0,0.0,100,320.9,274.0,0,0.0,0.0,,0.0,1,2.3,13.25,SPY191220C00308000,308.0,normalDay
2019-12-20,4455.0,3595.0,3630.0,0,320.73,0.0,0,0.0,0.0,,0.0,1,2.3,0.0,SPY191220C00308000,308.0,expirationDay
2019-12-23,4455.0,-4.0,0.0,0,321.22,0.0,1,1.04,1.08,SPY200110P00315000,315.0,0,0.0,0.0,,0.0,normalDay
2019-12-24,4455.0,2.0,0.0,0,321.23,0.0,1,1.04,1.02,SPY200110P00315000,315.0,0,0.0,0.0,,0.0,normalDay
2019-12-26,4455.0,32.0,0.0,0,322.94,0.0,1,1.04,0.72,SPY200110P00315000,315.0,0,0.0,0.0,,0.0,normalDay
2019-12-27,4455.0,25.0,0.0,0,322.86,0.0,1,1.04,0.79,SPY200110P00315000,315.0,0,0.0,0.0,,0.0,normalDay
2019-12-30,4455.0,3.0,0.0,0,321.08,0.0,1,1.04,1.01,SPY200110P00315000,315.0,0,0.0,0.0,,0.0,normalDay
2019-12-31,4455.0,34.0,0.0,0,321.86,0.0,1,1.04,0.7,SPY200110P00315000,315.0,0,0.0,0.0,,0.0,normalDay
2020-01-02,4455.0,83.0,0.0,0,324.87,0.0,1,1.04,0.21,SPY200110P00315000,315.0,0,0.0,0.0,,0.0,normalDay
2020-01-03,4455.0,61.0,0.0,0,322.41,0.0,1,1.04,0.43,SPY200110P00315000,315.0,0,0.0,0.0,,0.0,normalDay
2020-01-06,4455.0,92.0,0.0,0,323.64,0.0,1,1.04,0.12,SPY200110P00315000,315.0,0,0.0,0.0,,0.0,normalDay
2020-01-07,4455.0,92.0,0.0,0,322.73,0.0,1,1.04,0.12,SPY200110P00315000,315.0,0,0.0,0.0,,0.0,normalDay
2020-01-08,4455.0,95.0,0.0,0,324.45,0.0,1,1.04,0.09,SPY200110P00315000,315.0,0,0.0,0.0,,0.0,normalDay
2020-01-09,4455.0,102.0,0.0,0,326.65,0.0,1,1.04,0.02,SPY200110P00315000,315.0,0,0.0,0.0,,0.0,normalDay
2020-01-10,4559.0,0.0,104.0,0,325.71,0.0,1,1.04,0.0,SPY200110P00315000,315.0,0,0.0,0.0,,0.0,expirationDay
2020-01-13,4559.0,-3.0,0.0,0,327.95,0.0,1,1.16,1.19,SPY200131P00322000,322.0,0,0.0,0.0,,0.0,normalDay
2020-01-14,4559.0,-1.0,0.0,0,327.45,0.0,1,1.16,1.17,SPY200131P00322000,322.0,0,0.0,0.0,,0.0,normalDay
2020-01-15,4559.0,22.0,0.0,0,328.19,0.0,1,1.16,0.94,SPY200131P00322000,322.0,0,0.0,0.0,,0.0,normalDay
2020-01-16,4559.0,55.0,0.0,0,330.92,0.0,1,1.16,0.61,SPY200131P00322000,322.0,0,0.0,0.0,,0.0,normalDay
2020-01-17,4559.0,73.0,0.0,0,331.95,0.0,1,1.16,0.43,SPY200131P00322000,322.0,0,0.0,0.0,,0.0,normalDay
2020-01-21,4559.0,71.0,0.0,0,331.3,0.0,1,1.16,0.45,SPY200131P00322000,322.0,0,0.0,0.0,,0.0,normalDay
2020-01-22,4559.0,81.0,0.0,0,331.34,0.0,1,1.16,0.35,SPY200131P00322000,322.0,0,0.0,0.0,,0.0,normalDay
2020-01-23,4559.0,89.0,0.0,0,331.72,0.0,1,1.16,0.27,SPY200131P00322000,322.0,0,0.0,0.0,,0.0,normalDay
2020-01-24,4559.0,43.0,0.0,0,328.77,0.0,1,1.16,0.73,SPY200131P00322000,322.0,0,0.0,0.0,,0.0,normalDay
2020-01-27,4559.0,-114.0,0.0,0,323.5,0.0,1,1.16,2.3,SPY200131P00322000,322.0,0,0.0,0.0,,0.0,normalDay
2020-01-28,4559.0,43.0,0.0,0,326.89,0.0,1,1.16,0.73,SPY200131P00322000,322.0,0,0.0,0.0,,0.0,normalDay
2020-01-29,4559.0,72.0,0.0,0,326.62,0.0,1,1.16,0.44,SPY200131P00322000,322.0,0,0.0,0.0,,0.0,normalDay
2020-01-30,4559.0,108.0,0.0,0,327.68,0.0,1,1.16,0.08,SPY200131P00322000,322.0,0,0.0,0.0,,0.0,normalDay
2020-01-31,4675.0,-27.0,116.0,100,321.73,322.0,1,1.16,0.0,SPY200131P00322000,322.0,0,0.0,0.0,,0.0,expirationDay
2020-02-03,4675.0,209.0,0.0,100,324.12,322.0,0,0.0,0.0,,0.0,1,1.45,1.48,SPY200417C00340000,340.0,normalDay
2020-02-04,4675.0,596.0,0.0,100,329.06,322.0,0,0.0,0.0,,0.0,1,1.45,2.55,SPY200417C00340000,340.0,normalDay
2020-02-05,4675.0,859.0,0.0,100,332.86,322.0,0,0.0,0.0,,0.0,1,1.45,3.72,SPY200417C00340000,340.0,normalDay
2020-02-06,4675.0,961.0,0.0,100,333.98,322.0,0,0.0,0.0,,0.0,1,1.45,3.82,SPY200417C00340000,340.0,normalDay
2020-02-07,4675.0,837.0,0.0,100,332.2,322.0,0,0.0,0.0,,0.0,1,1.45,3.28,SPY200417C00340000,340.0,normalDay
2020-02-10,4675.0,997.0,0.0,100,334.68,322.0,0,0.0,0.0,,0.0,1,1.45,4.16,SPY200417C00340000,340.0,normalDay
2020-02-11,4675.0,1035.0,0.0,100,335.26,322.0,0,0.0,0.0,,0.0,1,1.45,4.36,SPY200417C00340000,340.0,normalDay
2020-02-12,4675.0,1185.0,0.0,100,337.42,322.0,0,0.0,0.0,,0.0,1,1.45,5.02,SPY200417C00340000,340.0,normalDay
2020-02-13,4675.0,1149.0,0.0,100,337.06,322.0,0,0.0,0.0,,0.0,1,1.45,5.02,SPY200417C00340000,340.0,normalDay
2020-02-14,4675.0,1201.0,0.0,100,337.6,322.0,0,0.0,0.0,,0.0,1,1.45,5.04,SPY200417C00340000,340.0,normalDay
2020-02-18,4675.0,1165.0,0.0,100,336.73,322.0,0,0.0,0.0,,0.0,1,1.45,4.53,SPY200417C00340000,340.0,normalDay
2020-02-19,4675.0,1250.0,0.0,100,338.34,322.0,0,0.0,0.0,,0.0,1,1.45,5.29,SPY200417C00340000,340.0,normalDay
2020-02-20,4675.0,1171.0,0.0,100,336.95,322.0,0,0.0,0.0,,0.0,1,1.45,4.69,SPY200417C00340000,340.0,normalDay
2020-02-21,4675.0,936.0,0.0,100,333.48,322.0,0,0.0,0.0,,0.0,1,1.45,3.57,SPY200417C00340000,340.0,normalDay
2020-02-24,4675.0,59.0,0.0,100,322.42,322.0,0,0.0,0.0,,0.0,1,1.45,1.28,SPY200417C00340000,340.0,normalDay
2020-02-25,4675.0,-847.0,0.0,100,312.65,322.0,0,0.0,0.0,,0.0,1,1.45,0.57,SPY200417C00340000,340.0,normalDay
2020-02-26,4675.0,-949.0,0.0,100,311.5,322.0,0,0.0,0.0,,0.0,1,1.45,0.44,SPY200417C00340000,340.0,normalDay
2020-02-27,4675.0,-2329.0,0.0,100,297.51,322.0,0,0.0,0.0,,0.0,1,1.45,0.25,SPY200417C00340000,340.0,normalDay
2020-02-28,4675.0,-2459.0,0.0,100,296.26,322.0,0,0.0,0.0,,0.0,1,1.45,0.3,SPY200417C00340000,340.0,normalDay
2020-03-02,4675.0,-1184.0,0.0,100,309.09,322.0,0,0.0,0.0,,0.0,1,1.45,0.38,SPY200417C00340000,340.0,normalDay
2020-03-03,4675.0,-2060.0,0.0,100,300.24,322.0,0,0.0,0.0,,0.0,1,1.45,0.29,SPY200417C00340000,340.0,normalDay
2020-03-04,4675.0,-842.0,0.0,100,312.86,322.0,0,0.0,0.0,,0.0,1,1.45,0.73,SPY200417C00340000,340.0,normalDay
2020-03-05,4675.0,-1851.0,0.0,100,302.46,322.0,0,0.0,0.0,,0.0,1,1.45,0.42,SPY200417C00340000,340.0,normalDay
2020-03-06,4675.0,-2340.0,0.0,100,297.46,322.0,0,0.0,0.0,,0.0,1,1.45,0.31,SPY200417C00340000,340.0,normalDay
2020-03-09,4675.0,-4654.0,0.0,100,274.23,322.0,0,0.0,0.0,,0.0,1,1.45,0.22,SPY200417C00340000,340.0,normalDay
2020-03-10,4675.0,-3233.0,0.0,100,288.42,322.0,0,0.0,0.0,,0.0,1,1.45,0.2,SPY200417C00340000,340.0,normalDay
2020-03-11,4675.0,-4633.0,0.0,100,274.36,322.0,0,0.0,0.0,,0.0,1,1.45,0.14,SPY200417C00340000,340.0,normalDay
2020-03-12,4675.0,-7254.0,0.0,100,248.11,322.0,0,0.0,0.0,,0.0,1,1.45,0.1,SPY200417C00340000,340.0,normalDay
2020-03-13,4675.0,-5135.0,0.0,100,269.32,322.0,0,0.0,0.0,,0.0,1,1.45,0.12,SPY200417C00340000,340.0,normalDay
2020-03-16,4675.0,-8080.0,0.0,100,239.85,322.0,0,0.0,0.0,,0.0,1,1.45,0.1,SPY200417C00340000,340.0,normalDay
2020-03-17,4675.0,-6787.0,0.0,100,252.8,322.0,0,0.0,0.0,,0.0,1,1.45,0.12,SPY200417C00340000,340.0,normalDay
2020-03-18,4675.0,-8063.0,0.0,100,240.0,322.0,0,0.0,0.0,,0.0,1,1.45,0.08,SPY200417C00340000,340.0,normalDay
2020-03-19,4675.0,-8010.0,0.0,100,240.51,322.0,0,0.0,0.0,,0.0,1,1.45,0.06,SPY200417C00340000,340.0,normalDay
2020-03-20,4675.0,-9180.0,0.0,100,228.8,322.0,0,0.0,0.0,,0.0,1,1.45,0.05,SPY200417C00340000,340.0,normalDay
2020-03-23,4675.0,-9764.0,0.0,100,222.95,322.0,0,0.0,0.0,,0.0,1,1.45,0.04,SPY200417C00340000,340.0,normalDay
2020-03-24,4675.0,-7748.0,0.0,100,243.15,322.0,0,0.0,0.0,,0.0,1,1.45,0.08,SPY200417C00340000,340.0,normalDay
2020-03-25,4675.0,-7384.0,0.0,100,246.79,322.0,0,0.0,0.0,,0.0,1,1.45,0.08,SPY200417C00340000,340.0,normalDay
2020-03-26,4675.0,-5942.0,0.0,100,261.2,322.0,0,0.0,0.0,,0.0,1,1.45,0.07,SPY200417C00340000,340.0,normalDay
2020-03-27,4675.0,-6718.0,0.0,100,253.42,322.0,0,0.0,0.0,,0.0,1,1.45,0.05,SPY200417C00340000,340.0,normalDay
2020-03-30,4675.0,-5895.0,0.0,100,261.65,322.0,0,0.0,0.0,,0.0,1,1.45,0.05,SPY200417C00340000,340.0,normalDay
2020-03-31,4675.0,-6282.0,0.0,100,257.75,322.0,0,0.0,0.0,,0.0,1,1.45,0.02,SPY200417C00340000,340.0,normalDay
2020-04-01,4675.0,-7442.0,0.0,100,246.15,322.0,0,0.0,0.0,,0.0,1,1.45,0.02,SPY200417C00340000,340.0,normalDay
2020-04-02,4675.0,-6873.0,0.0,100,251.83,322.0,0,0.0,0.0,,0.0,1,1.45,0.01,SPY200417C00340000,340.0,normalDay
2020-04-03,4675.0,-7237.0,0.0,100,248.19,322.0,0,0.0,0.0,,0.0,1,1.45,0.01,SPY200417C00340000,340.0,normalDay
2020-04-06,4675.0,-5570.0,0.0,100,264.86,322.0,0,0.0,0.0,,0.0,1,1.45,0.01,SPY200417C00340000,340.0,normalDay
2020-04-07,4675.0,-5543.0,0.0,100,265.13,322.0,0,0.0,0.0,,0.0,1,1.45,0.01,SPY200417C00340000,340.0,normalDay
2020-04-08,4675.0,-4653.0,0.0,100,274.03,322.0,0,0.0,0.0,,0.0,1,1.45,0.01,SPY200417C00340000,340.0,normalDay
2020-04-09,4675.0,-4236.0,0.0,100,278.2,322.0,0,0.0,0.0,,0.0,1,1.45,0.01,SPY200417C00340000,340.0,normalDay
2020-04-13,4675.0,-4490.0,0.0,100,275.66,322.0,0,0.0,0.0,,0.0,1,1.45,0.01,SPY200417C00340000,340.0,normalDay
2020-04-14,4675.0,-3677.0,0.0,100,283.79,322.0,0,0.0,0.0,,0.0,1,1.45,0.01,SPY200417C00340000,340.0,normalDay
2020-04-15,4675.0,-4280.0,0.0,100,277.76,322.0,0,0.0,0.0,,0.0,1,1.45,0.01,SPY200417C00340000,340.0,normalDay
2020-04-16,4675.0,-4146.0,0.0,100,279.1,322.0,0,0.0,0.0,,0.0,1,1.45,0.01,SPY200417C00340000,340.0,normalDay
2020-04-17,4820.0,-3536.0,145.0,100,286.64,322.0,0,0.0,0.0,,0.0,1,1.45,0.0,SPY200417C00340000,340.0,expirationDay
2020-04-20,4820.0,-4046.0,0.0,100,281.59,322.0,0,0.0,0.0,,0.0,1,0.61,0.66,SPY200630C00332000,332.0,normalDay
2020-04-21,4820.0,-4878.0,0.0,100,273.04,322.0,0,0.0,0.0,,0.0,1,0.61,0.43,SPY200630C00332000,332.0,normalDay
2020-04-22,4820.0,-4272.0,0.0,100,279.1,322.0,0,0.0,0.0,,0.0,1,0.61,0.43,SPY200630C00332000,332.0,normalDay
2020-04-23,4820.0,-4273.0,0.0,100,279.08,322.0,0,0.0,0.0,,0.0,1,0.61,0.42,SPY200630C00332000,332.0,normalDay
2020-04-24,4820.0,-3891.0,0.0,100,282.97,322.0,0,0.0,0.0,,0.0,1,0.61,0.49,SPY200630C00332000,332.0,normalDay
2020-04-27,4820.0,-3484.0,0.0,100,287.05,322.0,0,0.0,0.0,,0.0,1,0.61,0.5,SPY200630C00332000,332.0,normalDay
2020-04-28,4820.0,-3604.0,0.0,100,285.73,322.0,0,0.0,0.0,,0.0,1,0.61,0.38,SPY200630C00332000,332.0,normalDay
2020-04-29,4820.0,-2879.0,0.0,100,293.21,322.0,0,0.0,0.0,,0.0,1,0.61,0.61,SPY200630C00332000,332.0,normalDay
2020-04-30,4820.0,-3141.0,0.0,100,290.48,322.0,0,0.0,0.0,,0.0,1,0.61,0.5,SPY200630C00332000,332.0,normalDay
2020-05-01,4820.0,-3889.0,0.0,100,282.79,322.0,0,0.0,0.0,,0.0,1,0.61,0.29,SPY200630C00332000,332.0,normalDay
2020-05-04,4820.0,-3810.0,0.0,100,283.57,322.0,0,0.0,0.0,,0.0,1,0.61,0.28,SPY200630C00332000,332.0,normalDay
2020-05-05,4820.0,-3550.0,0.0,100,286.19,322.0,0,0.0,0.0,,0.0,1,0.61,0.3,SPY200630C00332000,332.0,normalDay
2020-05-06,4820.0,-3737.0,0.0,100,284.25,322.0,0,0.0,0.0,,0.0,1,0.61,0.23,SPY200630C00332000,332.0,normalDay
2020-05-07,4820.0,-3399.0,0.0,100,287.68,322.0,0,0.0,0.0,,0.0,1,0.61,0.28,SPY200630C00332000,332.0,normalDay
2020-05-08,4820.0,-2928.0,0.0,100,292.44,322.0,0,0.0,0.0,,0.0,1,0.61,0.33,SPY200630C00332000,332.0,normalDay
2020-05-11,4820.0,-2913.0,0.0,100,292.5,322.0,0,0.0,0.0,,0.0,1,0.61,0.24,SPY200630C00332000,332.0,normalDay
2020-05-12,4820.0,-3489.0,0.0,100,286.67,322.0,0,0.0,0.0,,0.0,1,0.61,0.17,SPY200630C00332000,332.0,normalDay
2020-05-13,4820.0,-3992.0,0.0,100,281.6,322.0,0,0.0,0.0,,0.0,1,0.61,0.13,SPY200630C00332000,332.0,normalDay
2020-05-14,4820.0,-3656.0,0.0,100,284.97,322.0,0,0.0,0.0,,0.0,1,0.61,0.14,SPY200630C00332000,332.0,normalDay
2020-05-15,4820.0,-3524.0,0.0,100,286.28,322.0,0,0.0,0.0,,0.0,1,0.61,0.13,SPY200630C00332000,332.0,normalDay
2020-05-18,4820.0,-2667.0,0.0,100,295.0,322.0,0,0.0,0.0,,0.0,1,0.61,0.28,SPY200630C00332000,332.0,normalDay
2020-05-19,4820.0,-2962.0,0.0,100,291.97,322.0,0,0.0,0.0,,0.0,1,0.61,0.2,SPY200630C00332000,332.0,normalDay
2020-05-20,4820.0,-2474.0,0.0,100,296.93,322.0,0,0.0,0.0,,0.0,1,0.61,0.28,SPY200630C00332000,332.0,normalDay
2020-05-21,4820.0,-2675.0,0.0,100,294.88,322.0,0,0.0,0.0,,0.0,1,0.61,0.24,SPY200630C00332000,332.0,normalDay
2020-05-22,4820.0,-2617.0,0.0,100,295.44,322.0,0,0.0,0.0,,0.0,1,0.61,0.22,SPY200630C00332000,332.0,normalDay
2020-05-26,4820.0,-2255.0,0.0,100,299.08,322.0,0,0.0,0.0,,0.0,1,0.61,0.24,SPY200630C00332000,332.0,normalDay
2020-05-27,4820.0,-1815.0,0.0,100,303.53,322.0,0,0.0,0.0,,0.0,1,0.61,0.29,SPY200630C00332000,332.0,normalDay
2020-05-28,4820.0,-1873.0,0.0,100,302.97,322.0,0,0.0,0.0,,0.0,1,0.61,0.31,SPY200630C00332000,332.0,normalDay
2020-05-29,4820.0,-1739.0,0.0,100,304.32,322.0,0,0.0,0.0,,0.0,1,0.61,0.32,SPY200630C00332000,332.0,normalDay
2020-06-01,4820.0,-1611.0,0.0,100,305.55,322.0,0,0.0,0.0,,0.0,1,0.61,0.27,SPY200630C00332000,332.0,normalDay
2020-06-02,4820.0,-1360.0,0.0,100,308.08,322.0,0,0.0,0.0,,0.0,1,0.61,0.29,SPY200630C00332000,332.0,normalDay
2020-06-03,4820.0,-976.0,0.0,100,312.18,322.0,0,0.0,0.0,,0.0,1,0.61,0.55,SPY200630C00332000,332.0,normalDay
2020-06-04,4820.0,-1048.0,0.0,100,311.36,322.0,0,0.0,0.0,,0.0,1,0.61,0.45,SPY200630C00332000,332.0,normalDay
2020-06-05,4820.0,-341.0,0.0,100,319.34,322.0,0,0.0,0.0,,0.0,1,0.61,1.36,SPY200630C00332000,332.0,normalDay
2020-06-08,4820.0,-39.0,0.0,100,323.2,322.0,0,0.0,0.0,,0.0,1,0.61,2.2,SPY200630C00332000,332.0,normalDay
2020-06-09,4820.0,-262.0,0.0,100,320.79,322.0,0,0.0,0.0,,0.0,1,0.61,2.02,SPY200630C00332000,332.0,normalDay
2020-06-10,4820.0,-365.0,0.0,100,319.0,322.0,0,0.0,0.0,,0.0,1,0.61,1.26,SPY200630C00332000,332.0,normalDay
2020-06-11,4820.0,-2110.0,0.0,100,300.61,322.0,0,0.0,0.0,,0.0,1,0.61,0.32,SPY200630C00332000,332.0,normalDay
2020-06-12,4820.0,-1746.0,0.0,100,304.21,322.0,0,0.0,0.0,,0.0,1,0.61,0.28,SPY200630C00332000,332.0,normalDay
2020-06-15,4820.0,-1472.0,0.0,100,307.05,322.0,0,0.0,0.0,,0.0,1,0.61,0.38,SPY200630C00332000,332.0,normalDay
2020-06-16,4820.0,-913.0,0.0,100,312.96,322.0,0,0.0,0.0,,0.0,1,0.61,0.7,SPY200630C00332000,332.0,normalDay
2020-06-17,4820.0,-1019.0,0.0,100,311.66,322.0,0,0.0,0.0,,0.0,1,0.61,0.46,SPY200630C00332000,332.0,normalDay
2020-06-18,4820.0,-988.0,0.0,100,311.78,322.0,0,0.0,0.0,,0.0,1,0.61,0.27,SPY200630C00332000,332.0,normalDay
2020-06-19,4820.0,-1285.0,0.0,100,308.64,322.0,0,0.0,0.0,,0.0,1,0.61,0.1,SPY200630C00332000,332.0,normalDay
2020-06-22,4820.0,-1084.0,0.0,100,310.62,322.0,0,0.0,0.0,,0.0,1,0.61,0.07,SPY200630C00332000,332.0,normalDay
2020-06-23,4820.0,-941.0,0.0,100,312.05,322.0,0,0.0,0.0,,0.0,1,0.61,0.07,SPY200630C00332000,332.0,normalDay
2020-06-24,4820.0,-1732.0,0.0,100,304.09,322.0,0,0.0,0.0,,0.0,1,0.61,0.02,SPY200630C00332000,332.0,normalDay
2020-06-25,4820.0,-1405.0,0.0,100,307.35,322.0,0,0.0,0.0,,0.0,1,0.61,0.01,SPY200630C00332000,332.0,normalDay
2020-06-26,4820.0,-2135.0,0.0,100,300.05,322.0,0,0.0,0.0,,0.0,1,0.61,0.01,SPY200630C00332000,332.0,normalDay
2020-06-29,4820.0,-1694.0,0.0,100,304.46,322.0,0,0.0,0.0,,0.0,1,0.61,0.01,SPY200630C00332000,332.0,normalDay
2020-06-30,4881.0,-1364.0,61.0,100,308.36,322.0,0,0.0,0.0,,0.0,1,0.61,0.0,SPY200630C00332000,332.0,expirationDay
2020-07-01,4881.0,-1154.0,0.0,100,310.52,322.0,0,0.0,0.0,,0.0,1,2.73,2.79,SPY200918C00337000,337.0,normalDay
2020-07-02,4881.0,-1007.0,0.0,100,312.23,322.0,0,0.0,0.0,,0.0,1,2.73,3.03,SPY200918C00337000,337.0,normalDay
2020-07-06,4881.0,-634.0,0.0,100,317.05,322.0,0,0.0,0.0,,0.0,1,2.73,4.12,SPY200918C00337000,337.0,normalDay
2020-07-07,4881.0,-884.0,0.0,100,313.78,322.0,0,0.0,0.0,,0.0,1,2.73,3.35,SPY200918C00337000,337.0,normalDay
2020-07-08,4881.0,-677.0,0.0,100,316.18,322.0,0,0.0,0.0,,0.0,1,2.73,3.68,SPY200918C00337000,337.0,normalDay
2020-07-09,4881.0,-813.0,0.0,100,314.38,322.0,0,0.0,0.0,,0.0,1,2.73,3.24,SPY200918C00337000,337.0,normalDay
2020-07-10,4881.0,-560.0,0.0,100,317.59,322.0,0,0.0,0.0,,0.0,1,2.73,3.92,SPY200918C00337000,337.0,normalDay
2020-07-13,4881.0,-809.0,0.0,100,314.84,322.0,0,0.0,0.0,,0.0,1,2.73,3.66,SPY200918C00337000,337.0,normalDay
2020-07-14,4881.0,-460.0,0.0,100,318.92,322.0,0,0.0,0.0,,0.0,1,2.73,4.25,SPY200918C00337000,337.0,normalDay
2020-07-15,4881.0,-260.0,0.0,100,321.85,322.0,0,0.0,0.0,,0.0,1,2.73,5.18,SPY200918C00337000,337.0,normalDay
2020-07-16,4881.0,-272.0,0.0,100,320.79,322.0,0,0.0,0.0,,0.0,1,2.73,4.24,SPY200918C00337000,337.0,normalDay
2020-07-17,4881.0,-197.0,0.0,100,321.72,322.0,0,0.0,0.0,,0.0,1,2.73,4.42,SPY200918C00337000,337.0,normalDay
2020-07-20,4881.0,39.0,0.0,100,324.32,322.0,0,0.0,0.0,,0.0,1,2.73,4.66,SPY200918C00337000,337.0,normalDay
2020-07-21,4881.0,87.0,0.0,100,325.01,322.0,0,0.0,0.0,,0.0,1,2.73,4.87,SPY200918C00337000,337.0,normalDay
2020-07-22,4881.0,246.0,0.0,100,326.86,322.0,0,0.0,0.0,,0.0,1,2.73,5.13,SPY200918C00337000,337.0,normalDay
2020-07-23,4881.0,-11.0,0.0,100,322.96,322.0,0,0.0,0.0,,0.0,1,2.73,3.8,SPY200918C00337000,337.0,normalDay
2020-07-24,4881.0,-166.0,0.0,100,320.88,322.0,0,0.0,0.0,,0.0,1,2.73,3.27,SPY200918C00337000,337.0,normalDay
2020-07-27,4881.0,47.0,0.0,100,323.22,322.0,0,0.0,0.0,,0.0,1,2.73,3.48,SPY200918C00337000,337.0,normalDay
2020-07-28,4881.0,-96.0,0.0,100,321.17,322.0,0,0.0,0.0,,0.0,1,2.73,2.86,SPY200918C00337000,337.0,normalDay
2020-07-29,4881.0,201.0,0.0,100,325.12,322.0,0,0.0,0.0,,0.0,1,2.73,3.84,SPY200918C00337000,337.0,normalDay
2020-07-30,4881.0,89.0,0.0,100,323.96,322.0,0,0.0,0.0,,0.0,1,2.73,3.8,SPY200918C00337000,337.0,normalDay
2020-07-31,4881.0,289.0,0.0,100,326.52,322.0,0,0.0,0.0,,0.0,1,2.73,4.36,SPY200918C00337000,337.0,normalDay
2020-08-03,4881.0,458.0,0.0,100,328.79,322.0,0,0.0,0.0,,0.0,1,2.73,4.94,SPY200918C00337000,337.0,normalDay
2020-08-04,4881.0,560.0,0.0,100,330.06,322.0,0,0.0,0.0,,0.0,1,2.73,5.19,SPY200918C00337000,337.0,normalDay
2020-08-05,4881.0,702.0,0.0,100,332.11,322.0,0,0.0,0.0,,0.0,1,2.73,5.82,SPY200918C00337000,337.0,normalDay
2020-08-06,4881.0,824.0,0.0,100,334.33,322.0,0,0.0,0.0,,0.0,1,2.73,6.82,SPY200918C00337000,337.0,normalDay
2020-08-07,4881.0,856.0,0.0,100,334.57,322.0,0,0.0,0.0,,0.0,1,2.73,6.74,SPY200918C00337000,337.0,normalDay
2020-08-10,4881.0,949.0,0.0,100,335.57,322.0,0,0.0,0.0,,0.0,1,2.73,6.81,SPY200918C00337000,337.0,normalDay
2020-08-11,4881.0,759.0,0.0,100,332.8,322.0,0,0.0,0.0,,0.0,1,2.73,5.94,SPY200918C00337000,337.0,normalDay
2020-08-12,4881.0,1045.0,0.0,100,337.44,322.0,0,0.0,0.0,,0.0,1,2.73,7.72,SPY200918C00337000,337.0,normalDay
2020-08-13,4881.0,1030.0,0.0,100,336.83,322.0,0,0.0,0.0,,0.0,1,2.73,7.26,SPY200918C00337000,337.0,normalDay
2020-08-14,4881.0,1052.0,0.0,100,336.84,322.0,0,0.0,0.0,,0.0,1,2.73,7.05,SPY200918C00337000,337.0,normalDay
2020-08-17,4881.0,1145.0,0.0,100,337.91,322.0,0,0.0,0.0,,0.0,1,2.73,7.19,SPY200918C00337000,337.0,normalDay
2020-08-18,4881.0,1177.0,0.0,100,338.64,322.0,0,0.0,0.0,,0.0,1,2.73,7.6,SPY200918C00337000,337.0,normalDay
2020-08-19,4881.0,1115.0,0.0,100,337.23,322.0,0,0.0,0.0,,0.0,1,2.73,6.81,SPY200918C00337000,337.0,normalDay
2020-08-20,4881.0,1191.0,0.0,100,338.28,322.0,0,0.0,0.0,,0.0,1,2.73,7.1,SPY200918C00337000,337.0,normalDay
2020-08-21,4881.0,1241.0,0.0,100,339.48,322.0,0,0.0,0.0,,0.0,1,2.73,7.8,SPY200918C00337000,337.0,normalDay
2020-08-24,4881.0,1390.0,0.0,100,342.92,322.0,0,0.0,0.0,,0.0,1,2.73,9.75,SPY200918C00337000,337.0,normalDay
2020-08-25,4881.0,1418.0,0.0,100,344.12,322.0,0,0.0,0.0,,0.0,1,2.73,10.67,SPY200918C00337000,337.0,normalDay
2020-08-26,4881.0,1462.0,0.0,100,347.57,322.0,0,0.0,0.0,,0.0,1,2.73,13.68,SPY200918C00337000,337.0,normalDay
2020-08-27,4881.0,1450.0,0.0,100,348.33,322.0,0,0.0,0.0,,0.0,1,2.73,14.56,SPY200918C00337000,337.0,normalDay
2020-08-28,4881.0,1564.0,0.0,100,350.58,322.0,0,0.0,0.0,,0.0,1,2.73,15.67,SPY200918C00337000,337.0,normalDay
2020-08-31,4881.0,1468.0,0.0,100,349.31,322.0,0,0.0,0.0,,0.0,1,2.73,15.36,SPY200918C00337000,337.0,normalDay
2020-09-01,4881.0,1583.0,0.0,100,352.6,322.0,0,0.0,0.0,,0.0,1,2.73,17.5,SPY200918C00337000,337.0,normalDay
2020-09-02,4881.0,1595.0,0.0,100,357.7,322.0,0,0.0,0.0,,0.0,1,2.73,22.48,SPY200918C00337000,337.0,normalDay
2020-09-03,4881.0,1256.0,0.0,100,345.39,322.0,0,0.0,0.0,,0.0,1,2.73,13.56,SPY200918C00337000,337.0,normalDay
2020-09-04,4881.0,1313.0,0.0,100,342.57,322.0,0,0.0,0.0,,0.0,1,2.73,10.17,SPY200918C00337000,337.0,normalDay
2020-09-08,4881.0,942.0,0.0,100,333.21,322.0,0,0.0,0.0,,0.0,1,2.73,4.52,SPY200918C00337000,337.0,normalDay
2020-09-09,4881.0,1351.0,0.0,100,339.79,322.0,0,0.0,0.0,,0.0,1,2.73,7.01,SPY200918C00337000,337.0,normalDay
2020-09-10,4881.0,1083.0,0.0,100,333.89,322.0,0,0.0,0.0,,0.0,1,2.73,3.79,SPY200918C00337000,337.0,normalDay
2020-09-11,4881.0,1210.0,0.0,100,334.06,322.0,0,0.0,0.0,,0.0,1,2.73,2.69,SPY200918C00337000,337.0,normalDay
2020-09-14,4881.0,1490.0,0.0,100,338.46,322.0,0,0.0,0.0,,0.0,1,2.73,4.29,SPY200918C00337000,337.0,normalDay
2020-09-15,4881.0,1592.0,0.0,100,340.17,322.0,0,0.0,0.0,,0.0,1,2.73,4.98,SPY200918C00337000,337.0,normalDay
2020-09-16,4881.0,1645.0,0.0,100,338.82,322.0,0,0.0,0.0,,0.0,1,2.73,3.1,SPY200918C00337000,337.0,normalDay
2020-09-17,4881.0,1553.0,0.0,100,335.84,322.0,0,0.0,0.0,,0.0,1,2.73,1.04,SPY200918C00337000,337.0,normalDay
2020-09-18,5154.0,865.0,273.0,100,330.65,322.0,0,0.0,0.0,,0.0,1,2.73,0.0,SPY200918C00337000,337.0,expirationDay
2020-09-21,5154.0,493.0,0.0,100,326.97,322.0,0,0.0,0.0,,0.0,1,0.69,0.73,SPY201120C00374000,374.0,normalDay
2020-09-22,5154.0,817.0,0.0,100,330.3,322.0,0,0.0,0.0,,0.0,1,0.69,0.82,SPY201120C00374000,374.0,normalDay
2020-09-23,5154.0,81.0,0.0,100,322.64,322.0,0,0.0,0.0,,0.0,1,0.69,0.52,SPY201120C00374000,374.0,normalDay
2020-09-24,5154.0,165.0,0.0,100,323.5,322.0,0,0.0,0.0,,0.0,1,0.69,0.54,SPY201120C00374000,374.0,normalDay
2020-09-25,5154.0,675.0,0.0,100,328.73,322.0,0,0.0,0.0,,0.0,1,0.69,0.67,SPY201120C00374000,374.0,normalDay
2020-09-28,5154.0,1187.0,0.0,100,334.19,322.0,0,0.0,0.0,,0.0,1,0.69,1.01,SPY201120C00374000,374.0,normalDay
2020-09-29,5154.0,1022.0,0.0,100,332.37,322.0,0,0.0,0.0,,0.0,1,0.69,0.84,SPY201120C00374000,374.0,normalDay
2020-09-30,5154.0,1268.0,0.0,100,334.89,322.0,0,0.0,0.0,,0.0,1,0.69,0.9,SPY201120C00374000,374.0,normalDay
2020-10-01,5154.0,1455.0,0.0,100,337.04,322.0,0,0.0,0.0,,0.0,1,0.69,1.18,SPY201120C00374000,374.0,normalDay
2020-10-02,5154.0,1165.0,0.0,100,333.84,322.0,0,0.0,0.0,,0.0,1,0.69,0.88,SPY201120C00374000,374.0,normalDay
2020-10-05,5154.0,1734.0,0.0,100,339.76,322.0,0,0.0,0.0,,0.0,1,0.69,1.11,SPY201120C00374000,374.0,normalDay
2020-10-06,5154.0,1291.0,0.0,100,334.93,322.0,0,0.0,0.0,,0.0,1,0.69,0.71,SPY201120C00374000,374.0,normalDay
2020-10-07,5154.0,1849.0,0.0,100,340.76,322.0,0,0.0,0.0,,0.0,1,0.69,0.96,SPY201120C00374000,374.0,normalDay
2020-10-08,5154.0,2153.0,0.0,100,343.78,322.0,0,0.0,0.0,,0.0,1,0.69,0.94,SPY201120C00374000,374.0,normalDay
2020-10-09,5154.0,2450.0,0.0,100,346.85,322.0,0,0.0,0.0,,0.0,1,0.69,1.04,SPY201120C00374000,374.0,normalDay
2020-10-12,5154.0,2953.0,0.0,100,352.43,322.0,0,0.0,0.0,,0.0,1,0.69,1.59,SPY201120C00374000,374.0,normalDay
2020-10-13,5154.0,2755.0,0.0,100,350.13,322.0,0,0.0,0.0,,0.0,1,0.69,1.27,SPY201120C00374000,374.0,normalDay
2020-10-14,5154.0,2569.0,0.0,100,347.93,322.0,0,0.0,0.0,,0.0,1,0.69,0.93,SPY201120C00374000,374.0,normalDay
2020-10-15,5154.0,2524.0,0.0,100,347.5,322.0,0,0.0,0.0,,0.0,1,0.69,0.95,SPY201120C00374000,374.0,normalDay
2020-10-16,5154.0,2512.0,0.0,100,347.29,322.0,0,0.0,0.0,,0.0,1,0.69,0.86,SPY201120C00374000,374.0,normalDay
2020-10-19,5154.0,2016.0,0.0,100,342.01,322.0,0,0.0,0.0,,0.0,1,0.69,0.54,SPY201120C00374000,374.0,normalDay
2020-10-20,5154.0,2148.0,0.0,100,343.38,322.0,0,0.0,0.0,,0.0,1,0.69,0.59,SPY201120C00374000,374.0,normalDay
2020-10-21,5154.0,2094.0,0.0,100,342.73,322.0,0,0.0,0.0,,0.0,1,0.69,0.48,SPY201120C00374000,374.0,normalDay
2020-10-22,5154.0,2284.0,0.0,100,344.61,322.0,0,0.0,0.0,,0.0,1,0.69,0.46,SPY201120C00374000,374.0,normalDay
2020-10-23,5154.0,2407.0,0.0,100,345.78,322.0,0,0.0,0.0,,0.0,1,0.69,0.4,SPY201120C00374000,374.0,normalDay
2020-10-26,5154.0,1774.0,0.0,100,339.39,322.0,0,0.0,0.0,,0.0,1,0.69,0.34,SPY201120C00374000,374.0,normalDay
2020-10-27,5154.0,1665.0,0.0,100,338.22,322.0,0,0.0,0.0,,0.0,1,0.69,0.26,SPY201120C00374000,374.0,normalDay
2020-10-28,5154.0,524.0,0.0,100,326.66,322.0,0,0.0,0.0,,0.0,1,0.69,0.11,SPY201120C00374000,374.0,normalDay
2020-10-29,5154.0,856.0,0.0,100,329.98,322.0,0,0.0,0.0,,0.0,1,0.69,0.11,SPY201120C00374000,374.0,normalDay
2020-10-30,5154.0,509.0,0.0,100,326.54,322.0,0,0.0,0.0,,0.0,1,0.69,0.14,SPY201120C00374000,374.0,normalDay
2020-11-02,5154.0,873.0,0.0,100,330.2,322.0,0,0.0,0.0,,0.0,1,0.69,0.16,SPY201120C00374000,374.0,normalDay
2020-11-03,5154.0,1446.0,0.0,100,336.03,322.0,0,0.0,0.0,,0.0,1,0.69,0.26,SPY201120C00374000,374.0,normalDay
2020-11-04,5154.0,2209.0,0.0,100,343.54,322.0,0,0.0,0.0,,0.0,1,0.69,0.14,SPY201120C00374000,374.0,normalDay
2020-11-05,5154.0,2863.0,0.0,100,350.24,322.0,0,0.0,0.0,,0.0,1,0.69,0.3,SPY201120C00374000,374.0,normalDay
2020-11-06,5154.0,2870.0,0.0,100,350.16,322.0,0,0.0,0.0,,0.0,1,0.69,0.15,SPY201120C00374000,374.0,normalDay
2020-11-09,5154.0,3284.0,0.0,100,354.56,322.0,0,0.0,0.0,,0.0,1,0.69,0.41,SPY201120C00374000,374.0,normalDay
2020-11-10,5154.0,3252.0,0.0,100,354.04,322.0,0,0.0,0.0,,0.0,1,0.69,0.21,SPY201120C00374000,374.0,normalDay
2020-11-11,5154.0,3517.0,0.0,100,356.67,322.0,0,0.0,0.0,,0.0,1,0.69,0.19,SPY201120C00374000,374.0,normalDay
2020-11-12,5154.0,3184.0,0.0,100,353.21,322.0,0,0.0,0.0,,0.0,1,0.69,0.06,SPY201120C00374000,374.0,normalDay
2020-11-13,5154.0,3664.0,0.0,100,358.1,322.0,0,0.0,0.0,,0.0,1,0.69,0.15,SPY201120C00374000,374.0,normalDay
2020-11-16,5154.0,4116.0,0.0,100,362.57,322.0,0,0.0,0.0,,0.0,1,0.69,0.1,SPY201120C00374000,374.0,normalDay
2020-11-17,5154.0,3928.0,0.0,100,360.62,322.0,0,0.0,0.0,,0.0,1,0.69,0.03,SPY201120C00374000,374.0,normalDay
2020-11-18,5154.0,3496.0,0.0,100,356.28,322.0,0,0.0,0.0,,0.0,1,0.69,0.01,SPY201120C00374000,374.0,normalDay
2020-11-19,5154.0,3646.0,0.0,100,357.78,322.0,0,0.0,0.0,,0.0,1,0.69,0.01,SPY201120C00374000,374.0,normalDay
2020-11-20,5223.0,3333.0,69.0,100,355.33,322.0,0,0.0,0.0,,0.0,1,0.69,0.0,SPY201120C00374000,374.0,expirationDay
2020-11-23,5223.0,3543.0,0.0,100,357.46,322.0,0,0.0,0.0,,0.0,1,0.28,0.31,SPY210115C00400000,400.0,normalDay
2020-11-24,5223.0,4099.0,0.0,100,363.22,322.0,0,0.0,0.0,,0.0,1,0.28,0.51,SPY210115C00400000,400.0,normalDay
2020-11-25,5223.0,4051.0,0.0,100,362.66,322.0,0,0.0,0.0,,0.0,1,0.28,0.43,SPY210115C00400000,400.0,normalDay
2020-11-27,5223.0,4153.0,0.0,100,363.67,322.0,0,0.0,0.0,,0.0,1,0.28,0.42,SPY210115C00400000,400.0,normalDay
2020-11-30,5223.0,4004.0,0.0,100,362.06,322.0,0,0.0,0.0,,0.0,1,0.28,0.3,SPY210115C00400000,400.0,normalDay
2020-12-01,5223.0,4383.0,0.0,100,366.02,322.0,0,0.0,0.0,,0.0,1,0.28,0.47,SPY210115C00400000,400.0,normalDay
2020-12-02,5223.0,4460.0,0.0,100,366.79,322.0,0,0.0,0.0,,0.0,1,0.28,0.47,SPY210115C00400000,400.0,normalDay
2020-12-03,5223.0,4454.0,0.0,100,366.69,322.0,0,0.0,0.0,,0.0,1,0.28,0.43,SPY210115C00400000,400.0,normalDay
2020-12-04,5223.0,4766.0,0.0,100,369.85,322.0,0,0.0,0.0,,0.0,1,0.28,0.47,SPY210115C00400000,400.0,normalDay
2020-12-07,5223.0,4703.0,0.0,100,369.09,322.0,0,0.0,0.0,,0.0,1,0.28,0.34,SPY210115C00400000,400.0,normalDay
2020-12-08,5223.0,4812.0,0.0,100,370.17,322.0,0,0.0,0.0,,0.0,1,0.28,0.33,SPY210115C00400000,400.0,normalDay
2020-12-09,5223.0,4490.0,0.0,100,366.85,322.0,0,0.0,0.0,,0.0,1,0.28,0.23,SPY210115C00400000,400.0,normalDay
2020-12-10,5223.0,4480.0,0.0,100,366.73,322.0,0,0.0,0.0,,0.0,1,0.28,0.21,SPY210115C00400000,400.0,normalDay
2020-12-11,5223.0,4438.0,0.0,100,366.3,322.0,0,0.0,0.0,,0.0,1,0.28,0.2,SPY210115C00400000,400.0,normalDay
2020-12-14,5223.0,4278.0,0.0,100,364.66,322.0,0,0.0,0.0,,0.0,1,0.28,0.16,SPY210115C00400000,400.0,normalDay
2020-12-15,5223.0,4767.0,0.0,100,369.59,322.0,0,0.0,0.0,,0.0,1,0.28,0.2,SPY210115C00400000,400.0,normalDay
2020-12-16,5223.0,4823.0,0.0,100,370.17,322.0,0,0.0,0.0,,0.0,1,0.28,0.22,SPY210115C00400000,400.0,normalDay
2020-12-17,5223.0,5028.0,0.0,100,372.24,322.0,0,0.0,0.0,,0.0,1,0.28,0.24,SPY210115C00400000,400.0,normalDay
2020-12-18,5223.0,4727.0,0.0,100,369.18,322.0,0,0.0,0.0,,0.0,1,0.28,0.19,SPY210115C00400000,400.0,normalDay
2020-12-21,5223.0,4595.0,0.0,100,367.86,322.0,0,0.0,0.0,,0.0,1,0.28,0.19,SPY210115C00400000,400.0,normalDay
2020-12-22,5223.0,4539.0,0.0,100,367.24,322.0,0,0.0,0.0,,0.0,1,0.28,0.13,SPY210115C00400000,400.0,normalDay
2020-12-23,5223.0,4574.0,0.0,100,367.57,322.0,0,0.0,0.0,,0.0,1,0.28,0.11,SPY210115C00400000,400.0,normalDay
2020-12-24,5223.0,4719.0,0.0,100,369.0,322.0,0,0.0,0.0,,0.0,1,0.28,0.09,SPY210115C00400000,400.0,normalDay
2020-12-28,5223.0,5034.0,0.0,100,372.17,322.0,0,0.0,0.0,,0.0,1,0.28,0.11,SPY210115C00400000,400.0,normalDay
2020-12-29,5223.0,4962.0,0.0,100,371.46,322.0,0,0.0,0.0,,0.0,1,0.28,0.12,SPY210115C00400000,400.0,normalDay
2020-12-30,5223.0,5017.0,0.0,100,371.99,322.0,0,0.0,0.0,,0.0,1,0.28,0.1,SPY210115C00400000,400.0,normalDay
2020-12-31,5223.0,5206.0,0.0,100,373.88,322.0,0,0.0,0.0,,0.0,1,0.28,0.1,SPY210115C00400000,400.0,normalDay
2021-01-04,5223.0,4702.0,0.0,100,368.79,322.0,0,0.0,0.0,,0.0,1,0.28,0.05,SPY210115C00400000,400.0,normalDay
2021-01-05,5223.0,4957.0,0.0,100,371.33,322.0,0,0.0,0.0,,0.0,1,0.28,0.04,SPY210115C00400000,400.0,normalDay
2021-01-06,5223.0,5179.0,0.0,100,373.55,322.0,0,0.0,0.0,,0.0,1,0.28,0.04,SPY210115C00400000,400.0,normalDay
2021-01-07,5223.0,5733.0,0.0,100,379.1,322.0,0,0.0,0.0,,0.0,1,0.28,0.05,SPY210115C00400000,400.0,normalDay
2021-01-08,5223.0,5949.0,0.0,100,381.26,322.0,0,0.0,0.0,,0.0,1,0.28,0.05,SPY210115C00400000,400.0,normalDay
2021-01-11,5223.0,5694.0,0.0,100,378.69,322.0,0,0.0,0.0,,0.0,1,0.28,0.03,SPY210115C00400000,400.0,normalDay
2021-01-12,5223.0,5704.0,0.0,100,378.77,322.0,0,0.0,0.0,,0.0,1,0.28,0.01,SPY210115C00400000,400.0,normalDay
2021-01-13,5223.0,5806.0,0.0,100,379.79,322.0,0,0.0,0.0,,0.0,1,0.28,0.01,SPY210115C00400000,400.0,normalDay
2021-01-14,5223.0,5673.0,0.0,100,378.46,322.0,0,0.0,0.0,,0.0,1,0.28,0.01,SPY210115C00400000,400.0,normalDay
2021-01-15,5251.0,5370.0,28.0,100,375.7,322.0,0,0.0,0.0,,0.0,1,0.28,0.0,SPY210115C00400000,400.0,expirationDay
2021-01-19,5251.0,5659.0,0.0,100,378.65,322.0,0,0.0,0.0,,0.0,1,6.64,6.7,SPY210416C00393000,393.0,normalDay
2021-01-20,5251.0,5985.0,0.0,100,383.89,322.0,0,0.0,0.0,,0.0,1,6.64,8.68,SPY210416C00393000,393.0,normalDay
2021-01-21,5251.0,6009.0,0.0,100,384.24,322.0,0,0.0,0.0,,0.0,1,6.64,8.79,SPY210416C00393000,393.0,normalDay
2021-01-22,5251.0,5931.0,0.0,100,382.88,322.0,0,0.0,0.0,,0.0,1,6.64,8.21,SPY210416C00393000,393.0,normalDay
2021-01-25,5251.0,5987.0,0.0,100,384.39,322.0,0,0.0,0.0,,0.0,1,6.64,9.16,SPY210416C00393000,393.0,normalDay
2021-01-26,5251.0,5923.0,0.0,100,383.79,322.0,0,0.0,0.0,,0.0,1,6.64,9.2,SPY210416C00393000,393.0,normalDay
2021-01-27,5251.0,5176.0,0.0,100,374.41,322.0,0,0.0,0.0,,0.0,1,6.64,7.29,SPY210416C00393000,393.0,normalDay
2021-01-28,5251.0,5448.0,0.0,100,377.63,322.0,0,0.0,0.0,,0.0,1,6.64,7.79,SPY210416C00393000,393.0,normalDay
2021-01-29,5251.0,4925.0,0.0,100,370.07,322.0,0,0.0,0.0,,0.0,1,6.64,5.46,SPY210416C00393000,393.0,normalDay
2021-02-01,5251.0,5422.0,0.0,100,376.23,322.0,0,0.0,0.0,,0.0,1,6.64,6.65,SPY210416C00393000,393.0,normalDay
2021-02-02,5251.0,5805.0,0.0,100,381.55,322.0,0,0.0,0.0,,0.0,1,6.64,8.14,SPY210416C00393000,393.0,normalDay
2021-02-03,5251.0,5894.0,0.0,100,381.85,322.0,0,0.0,0.0,,0.0,1,6.64,7.55,SPY210416C00393000,393.0,normalDay
2021-02-04,5251.0,6204.0,0.0,100,386.19,322.0,0,0.0,0.0,,0.0,1,6.64,8.79,SPY210416C00393000,393.0,normalDay
2021-02-05,5251.0,6300.0,0.0,100,387.71,322.0,0,0.0,0.0,,0.0,1,6.64,9.35,SPY210416C00393000,393.0,normalDay
2021-02-08,5251.0,6462.0,0.0,100,390.51,322.0,0,0.0,0.0,,0.0,1,6.64,10.53,SPY210416C00393000,393.0,normalDay
2021-02-09,5251.0,6427.0,0.0,100,390.25,322.0,0,0.0,0.0,,0.0,1,6.64,10.62,SPY210416C00393000,393.0,normalDay
2021-02-10,5251.0,6420.0,0.0,100,390.08,322.0,0,0.0,0.0,,0.0,1,6.64,10.52,SPY210416C00393000,393.0,normalDay
2021-02-11,5251.0,6501.0,0.0,100,390.71,322.0,0,0.0,0.0,,0.0,1,6.64,10.34,SPY210416C00393000,393.0,normalDay
2021-02-12,5251.0,6604.0,0.0,100,392.64,322.0,0,0.0,0.0,,0.0,1,6.64,11.24,SPY210416C00393000,393.0,normalDay
2021-02-16,5251.0,6632.0,0.0,100,392.3,322.0,0,0.0,0.0,,0.0,1,6.64,10.62,SPY210416C00393000,393.0,normalDay
2021-02-17,5251.0,6670.0,0.0,100,392.39,322.0,0,0.0,0.0,,0.0,1,6.64,10.33,SPY210416C00393000,393.0,normalDay
2021-02-18,5251.0,6576.0,0.0,100,390.72,322.0,0,0.0,0.0,,0.0,1,6.64,9.6,SPY210416C00393000,393.0,normalDay
2021-02-19,5251.0,6597.0,0.0,100,390.03,322.0,0,0.0,0.0,,0.0,1,6.64,8.7,SPY210416C00393000,393.0,normalDay
2021-02-22,5251.0,6420.0,0.0,100,387.03,322.0,0,0.0,0.0,,0.0,1,6.64,7.47,SPY210416C00393000,393.0,normalDay
2021-02-23,5251.0,6485.0,0.0,100,387.5,322.0,0,0.0,0.0,,0.0,1,6.64,7.29,SPY210416C00393000,393.0,normalDay
2021-02-24,5251.0,6731.0,0.0,100,391.77,322.0,0,0.0,0.0,,0.0,1,6.64,9.1,SPY210416C00393000,393.0,normalDay
2021-02-25,5251.0,6030.0,0.0,100,382.33,322.0,0,0.0,0.0,,0.0,1,6.64,6.67,SPY210416C00393000,393.0,normalDay
2021-02-26,5251.0,5999.0,0.0,100,380.36,322.0,0,0.0,0.0,,0.0,1,6.64,5.01,SPY210416C00393000,393.0,normalDay
2021-03-01,5251.0,6680.0,0.0,100,389.58,322.0,0,0.0,0.0,,0.0,1,6.64,7.42,SPY210416C00393000,393.0,normalDay
2021-03-02,5251.0,6491.0,0.0,100,386.54,322.0,0,0.0,0.0,,0.0,1,6.64,6.27,SPY210416C00393000,393.0,normalDay
2021-03-03,5251.0,6146.0,0.0,100,381.42,322.0,0,0.0,0.0,,0.0,1,6.64,4.6,SPY210416C00393000,393.0,normalDay
2021-03-04,5251.0,5798.0,0.0,100,376.7,322.0,0,0.0,0.0,,0.0,1,6.64,3.36,SPY210416C00393000,393.0,normalDay
2021-03-05,5251.0,6352.0,0.0,100,383.63,322.0,0,0.0,0.0,,0.0,1,6.64,4.75,SPY210416C00393000,393.0,normalDay
2021-03-08,5251.0,6215.0,0.0,100,381.72,322.0,0,0.0,0.0,,0.0,1,6.64,4.21,SPY210416C00393000,393.0,normalDay
2021-03-09,5251.0,6596.0,0.0,100,387.17,322.0,0,0.0,0.0,,0.0,1,6.64,5.85,SPY210416C00393000,393.0,normalDay
2021-03-10,5251.0,6752.0,0.0,100,389.58,322.0,0,0.0,0.0,,0.0,1,6.64,6.7,SPY210416C00393000,393.0,normalDay
2021-03-11,5251.0,7003.0,0.0,100,393.53,322.0,0,0.0,0.0,,0.0,1,6.64,8.14,SPY210416C00393000,393.0,normalDay
2021-03-12,5251.0,7048.0,0.0,100,394.06,322.0,0,0.0,0.0,,0.0,1,6.64,8.22,SPY210416C00393000,393.0,normalDay
2021-03-15,5251.0,7212.0,0.0,100,396.41,322.0,0,0.0,0.0,,0.0,1,6.64,8.93,SPY210416C00393000,393.0,normalDay
2021-03-16,5251.0,7210.0,0.0,100,395.91,322.0,0,0.0,0.0,,0.0,1,6.64,8.45,SPY210416C00393000,393.0,normalDay
2021-03-17,5251.0,7324.0,0.0,100,397.26,322.0,0,0.0,0.0,,0.0,1,6.64,8.66,SPY210416C00393000,393.0,normalDay
2021-03-18,5251.0,6997.0,0.0,100,391.48,322.0,0,0.0,0.0,,0.0,1,6.64,6.15,SPY210416C00393000,393.0,normalDay
2021-03-19,5251.0,6907.0,0.0,100,389.48,322.0,0,0.0,0.0,,0.0,1,6.64,5.05,SPY210416C00393000,393.0,normalDay
2021-03-22,5251.0,7142.0,0.0,100,392.59,322.0,0,0.0,0.0,,0.0,1,6.64,5.81,SPY210416C00393000,393.0,normalDay
2021-03-23,5251.0,6962.0,0.0,100,389.5,322.0,0,0.0,0.0,,0.0,1,6.64,4.52,SPY210416C00393000,393.0,normalDay
2021-03-24,5251.0,6861.0,0.0,100,387.52,322.0,0,0.0,0.0,,0.0,1,6.64,3.55,SPY210416C00393000,393.0,normalDay
2021-03-25,5251.0,7027.0,0.0,100,389.7,322.0,0,0.0,0.0,,0.0,1,6.64,4.07,SPY210416C00393000,393.0,normalDay
2021-03-26,5251.0,7344.0,0.0,100,395.98,322.0,0,0.0,0.0,,0.0,1,6.64,7.18,SPY210416C00393000,393.0,normalDay
2021-03-29,5251.0,7319.0,0.0,100,395.78,322.0,0,0.0,0.0,,0.0,1,6.64,7.23,SPY210416C00393000,393.0,normalDay
2021-03-30,5251.0,7344.0,0.0,100,394.73,322.0,0,0.0,0.0,,0.0,1,6.64,5.93,SPY210416C00393000,393.0,normalDay
2021-03-31,5251.0,7421.0,0.0,100,396.33,322.0,0,0.0,0.0,,0.0,1,6.64,6.76,SPY210416C00393000,393.0,normalDay
2021-04-01,5251.0,7551.0,0.0,100,400.61,322.0,0,0.0,0.0,,0.0,1,6.64,9.74,SPY210416C00393000,393.0,normalDay
2021-04-05,5251.0,7667.0,0.0,100,406.36,322.0,0,0.0,0.0,,0.0,1,6.64,14.33,SPY210416C00393000,393.0,normalDay
2021-04-06,5251.0,7676.0,0.0,100,406.12,322.0,0,0.0,0.0,,0.0,1,6.64,14.0,SPY210416C00393000,393.0,normalDay
2021-04-07,5251.0,7671.0,0.0,100,406.59,322.0,0,0.0,0.0,,0.0,1,6.64,14.52,SPY210416C00393000,393.0,normalDay
2021-04-08,5251.0,7693.0,0.0,100,408.52,322.0,0,0.0,0.0,,0.0,1,6.64,16.23,SPY210416C00393000,393.0,normalDay
2021-04-09,5251.0,7794.0,0.0,100,411.49,322.0,0,0.0,0.0,,0.0,1,6.64,18.19,SPY210416C00393000,393.0,normalDay
2021-04-12,5251.0,7764.0,0.0,100,411.64,322.0,0,0.0,0.0,,0.0,1,6.64,18.64,SPY210416C00393000,393.0,normalDay
2021-04-13,5251.0,7764.0,0.0,100,412.86,322.0,0,0.0,0.0,,0.0,1,6.64,19.86,SPY210416C00393000,393.0,normalDay
2021-04-14,5251.0,7723.0,0.0,100,411.45,322.0,0,0.0,0.0,,0.0,1,6.64,18.86,SPY210416C00393000,393.0,normalDay
2021-04-15,5251.0,7763.0,0.0,100,415.87,322.0,0,0.0,0.0,,0.0,1,6.64,22.88,SPY210416C00393000,393.0,normalDay
2021-04-16,13015.0,7763.0,7764.0,0,417.26,0.0,0,0.0,0.0,,0.0,1,6.64,0.0,SPY210416C00393000,393.0,expirationDay
2021-04-19,13015.0,-4.0,0.0,0,415.21,0.0,1,1.77,1.81,SPY210507P00401000,401.0,0,0.0,0.0,,0.0,normalDay
2021-04-20,13015.0,-79.0,0.0,0,412.17,0.0,1,1.77,2.56,SPY210507P00401000,401.0,0,0.0,0.0,,0.0,normalDay
2021-04-21,13015.0,33.0,0.0,0,416.07,0.0,1,1.77,1.44,SPY210507P00401000,401.0,0,0.0,0.0,,0.0,normalDay
2021-04-22,13015.0,-43.0,0.0,0,412.27,0.0,1,1.77,2.2,SPY210507P00401000,401.0,0,0.0,0.0,,0.0,normalDay
2021-04-23,13015.0,75.0,0.0,0,416.74,0.0,1,1.77,1.02,SPY210507P00401000,401.0,0,0.0,0.0,,0.0,normalDay
2021-04-26,13015.0,110.0,0.0,0,417.61,0.0,1,1.77,0.67,SPY210507P00401000,401.0,0,0.0,0.0,,0.0,normalDay
2021-04-27,13015.0,118.0,0.0,0,417.52,0.0,1,1.77,0.59,SPY210507P00401000,401.0,0,0.0,0.0,,0.0,normalDay
2021-04-28,13015.0,139.0,0.0,0,417.4,0.0,1,1.77,0.38,SPY210507P00401000,401.0,0,0.0,0.0,,0.0,normalDay
2021-04-29,13015.0,151.0,0.0,0,420.06,0.0,1,1.77,0.26,SPY210507P00401000,401.0,0,0.0,0.0,,0.0,normalDay
2021-04-30,13015.0,147.0,0.0,0,417.3,0.0,1,1.77,0.3,SPY210507P00401000,401.0,0,0.0,0.0,,0.0,normalDay
2021-05-03,13015.0,164.0,0.0,0,418.2,0.0,1,1.77,0.13,SPY210507P00401000,401.0,0,0.0,0.0,,0.0,normalDay
2021-05-04,13015.0,161.0,0.0,0,415.62,0.0,1,1.77,0.16,SPY210507P00401000,401.0,0,0.0,0.0,,0.0,normalDay
2021-05-05,13015.0,167.0,0.0,0,415.75,0.0,1,1.77,0.1,SPY210507P00401000,401.0,0,0.0,0.0,,0.0,normalDay
2021-05-06,13015.0,173.0,0.0,0,419.07,0.0,1,1.77,0.04,SPY210507P00401000,401.0,0,0.0,0.0,,0.0,normalDay
2021-05-07,13192.0,0.0,177.0,0,422.12,0.0,1,1.77,0.0,SPY210507P00401000,401.0,0,0.0,0.0,,0.0,expirationDay
2021-05-10,13192.0,-4.0,0.0,0,417.94,0.0,1,5.17,5.21,SPY210528P00416000,416.0,0,0.0,0.0,,0.0,normalDay
2021-05-11,13192.0,-193.0,0.0,0,414.21,0.0,1,5.17,7.1,SPY210528P00416000,416.0,0,0.0,0.0,,0.0,normalDay
2021-05-12,13192.0,-808.0,0.0,0,405.41,0.0,1,5.17,13.25,SPY210528P00416000,416.0,0,0.0,0.0,,0.0,normalDay
2021-05-13,13192.0,-403.0,0.0,0,410.28,0.0,1,5.17,9.2,SPY210528P00416000,416.0,0,0.0,0.0,,0.0,normalDay
2021-05-14,13192.0,85.0,0.0,0,416.58,0.0,1,5.17,4.32,SPY210528P00416000,416.0,0,0.0,0.0,,0.0,normalDay
2021-05-17,13192.0,65.0,0.0,0,415.52,0.0,1,5.17,4.52,SPY210528P00416000,416.0,0,0.0,0.0,,0.0,normalDay
2021-05-18,13192.0,-139.0,0.0,0,411.94,0.0,1,5.17,6.56,SPY210528P00416000,416.0,0,0.0,0.0,,0.0,normalDay
2021-05-19,13192.0,-206.0,0.0,0,410.86,0.0,1,5.17,7.23,SPY210528P00416000,416.0,0,0.0,0.0,,0.0,normalDay
2021-05-20,13192.0,101.0,0.0,0,415.28,0.0,1,5.17,4.16,SPY210528P00416000,416.0,0,0.0,0.0,,0.0,normalDay
2021-05-21,13192.0,155.0,0.0,0,414.94,0.0,1,5.17,3.62,SPY210528P00416000,416.0,0,0.0,0.0,,0.0,normalDay
2021-05-24,13192.0,401.0,0.0,0,419.17,0.0,1,5.17,1.16,SPY210528P00416000,416.0,0,0.0,0.0,,0.0,normalDay
2021-05-25,13192.0,381.0,0.0,0,418.24,0.0,1,5.17,1.36,SPY210528P00416000,416.0,0,0.0,0.0,,0.0,normalDay
2021-05-26,13192.0,450.0,0.0,0,419.07,0.0,1,5.17,0.67,SPY210528P00416000,416.0,0,0.0,0.0,,0.0,normalDay
2021-05-27,13192.0,502.0,0.0,0,419.29,0.0,1,5.17,0.15,SPY210528P00416000,416.0,0,0.0,0.0,,0.0,normalDay
2021-05-28,13709.0,0.0,517.0,0,420.04,0.0,1,5.17,0.0,SPY210528P00416000,416.0,0,0.0,0.0,,0.0,expirationDay
2021-06-01,13709.0,-3.0,0.0,0,419.67,0.0,1,3.68,3.71,SPY210618P00415000,415.0,0,0.0,0.0,,0.0,normalDay
2021-06-02,13709.0,55.0,0.0,0,420.33,0.0,1,3.68,3.13,SPY210618P00415000,415.0,0,0.0,0.0,,0.0,normalDay
2021-06-03,13709.0,1.0,0.0,0,418.77,0.0,1,3.68,3.67,SPY210618P00415000,415.0,0,0.0,0.0,,0.0,normalDay
2021-06-04,13709.0,157.0,0.0,0,422.6,0.0,1,3.68,2.11,SPY210618P00415000,415.0,0,0.0,0.0,,0.0,normalDay
2021-06-07,13709.0,201.0,0.0,0,422.19,0.0,1,3.68,1.67,SPY210618P00415000,415.0,0,0.0,0.0,,0.0,normalDay
2021-06-08,13709.0,189.0,0.0,0,422.28,0.0,1,3.68,1.79,SPY210618P00415000,415.0,0,0.0,0.0,,0.0,normalDay
2021-06-09,13709.0,165.0,0.0,0,421.65,0.0,1,3.68,2.03,SPY210618P00415000,415.0,0,0.0,0.0,,0.0,normalDay
2021-06-10,13709.0,270.0,0.0,0,423.61,0.0,1,3.68,0.98,SPY210618P00415000,415.0,0,0.0,0.0,,0.0,normalDay
2021-06-11,13709.0,297.0,0.0,0,424.31,0.0,1,3.68,0.71,SPY210618P00415000,415.0,0,0.0,0.0,,0.0,normalDay
2021-06-14,13709.0,317.0,0.0,0,425.26,0.0,1,3.68,0.51,SPY210618P00415000,415.0,0,0.0,0.0,,0.0,normalDay
2021-06-15,13709.0,305.0,0.0,0,424.48,0.0,1,3.68,0.63,SPY210618P00415000,415.0,0,0.0,0.0,,0.0,normalDay
2021-06-16,13709.0,280.0,0.0,0,422.11,0.0,1,3.68,0.88,SPY210618P00415000,415.0,0,0.0,0.0,,0.0,normalDay
2021-06-17,13709.0,336.0,0.0,0,421.97,0.0,1,3.68,0.32,SPY210618P00415000,415.0,0,0.0,0.0,,0.0,normalDay
2021-06-18,14077.0,-8.0,368.0,100,414.92,415.0,1,3.68,0.0,SPY210618P00415000,415.0,0,0.0,0.0,,0.0,expirationDay
2021-06-21,14077.0,583.0,0.0,100,420.86,415.0,0,0.0,0.0,,0.0,1,4.42,4.45,SPY210820C00431000,431.0,normalDay
2021-06-22,14077.0,787.0,0.0,100,423.11,415.0,0,0.0,0.0,,0.0,1,4.42,4.66,SPY210820C00431000,431.0,normalDay
2021-06-23,14077.0,772.0,0.0,100,422.6,415.0,0,0.0,0.0,,0.0,1,4.42,4.3,SPY210820C00431000,431.0,normalDay
2021-06-24,14077.0,934.0,0.0,100,425.1,415.0,0,0.0,0.0,,0.0,1,4.42,5.18,SPY210820C00431000,431.0,normalDay
2021-06-25,14077.0,1044.0,0.0,100,426.61,415.0,0,0.0,0.0,,0.0,1,4.42,5.59,SPY210820C00431000,431.0,normalDay
2021-06-28,14077.0,1109.0,0.0,100,427.47,415.0,0,0.0,0.0,,0.0,1,4.42,5.8,SPY210820C00431000,431.0,normalDay
2021-06-29,14077.0,1101.0,0.0,100,427.7,415.0,0,0.0,0.0,,0.0,1,4.42,6.11,SPY210820C00431000,431.0,normalDay
2021-06-30,14077.0,1110.0,0.0,100,428.06,415.0,0,0.0,0.0,,0.0,1,4.42,6.38,SPY210820C00431000,431.0,normalDay
2021-07-01,14077.0,1253.0,0.0,100,430.43,415.0,0,0.0,0.0,,0.0,1,4.42,7.32,SPY210820C00431000,431.0,normalDay
2021-07-02,14077.0,1396.0,0.0,100,433.72,415.0,0,0.0,0.0,,0.0,1,4.42,9.18,SPY210820C00431000,431.0,normalDay
2021-07-06,14077.0,1364.0,0.0,100,432.93,415.0,0,0.0,0.0,,0.0,1,4.42,8.71,SPY210820C00431000,431.0,normalDay
2021-07-07,14077.0,1399.0,0.0,100,434.46,415.0,0,0.0,0.0,,0.0,1,4.42,9.89,SPY210820C00431000,431.0,normalDay
2021-07-08,14077.0,1213.0,0.0,100,430.92,415.0,0,0.0,0.0,,0.0,1,4.42,8.21,SPY210820C00431000,431.0,normalDay
2021-07-09,14077.0,1454.0,0.0,100,435.52,415.0,0,0.0,0.0,,0.0,1,4.42,10.4,SPY210820C00431000,431.0,normalDay
2021-07-12,14077.0,1508.0,0.0,100,437.08,415.0,0,0.0,0.0,,0.0,1,4.42,11.42,SPY210820C00431000,431.0,normalDay
2021-07-13,14077.0,1444.0,0.0,100,435.59,415.0,0,0.0,0.0,,0.0,1,4.42,10.57,SPY210820C00431000,431.0,normalDay
2021-07-14,14077.0,1476.0,0.0,100,436.24,415.0,0,0.0,0.0,,0.0,1,4.42,10.9,SPY210820C00431000,431.0,normalDay
2021-07-15,14077.0,1462.0,0.0,100,434.75,415.0,0,0.0,0.0,,0.0,1,4.42,9.55,SPY210820C00431000,431.0,normalDay
2021-07-16,14077.0,1295.0,0.0,100,431.34,415.0,0,0.0,0.0,,0.0,1,4.42,7.81,SPY210820C00431000,431.0,normalDay
2021-07-19,14077.0,942.0,0.0,100,424.97,415.0,0,0.0,0.0,,0.0,1,4.42,4.97,SPY210820C00431000,431.0,normalDay
2021-07-20,14077.0,1293.0,0.0,100,431.06,415.0,0,0.0,0.0,,0.0,1,4.42,7.55,SPY210820C00431000,431.0,normalDay
2021-07-21,14077.0,1470.0,0.0,100,434.55,415.0,0,0.0,0.0,,0.0,1,4.42,9.27,SPY210820C00431000,431.0,normalDay
2021-07-22,14077.0,1503.0,0.0,100,435.46,415.0,0,0.0,0.0,,0.0,1,4.42,9.85,SPY210820C00431000,431.0,normalDay
2021-07-23,14077.0,1682.0,0.0,100,439.94,415.0,0,0.0,0.0,,0.0,1,4.42,12.54,SPY210820C00431000,431.0,normalDay
2021-07-26,14077.0,1719.0,0.0,100,441.02,415.0,0,0.0,0.0,,0.0,1,4.42,13.25,SPY210820C00431000,431.0,normalDay
2021-07-27,14077.0,1683.0,0.0,100,439.01,415.0,0,0.0,0.0,,0.0,1,4.42,11.6,SPY210820C00431000,431.0,normalDay
2021-07-28,14077.0,1694.0,0.0,100,438.83,415.0,0,0.0,0.0,,0.0,1,4.42,11.31,SPY210820C00431000,431.0,normalDay
2021-07-29,14077.0,1774.0,0.0,100,440.65,415.0,0,0.0,0.0,,0.0,1,4.42,12.33,SPY210820C00431000,431.0,normalDay
2021-07-30,14077.0,1660.0,0.0,100,438.51,415.0,0,0.0,0.0,,0.0,1,4.42,11.33,SPY210820C00431000,431.0,normalDay
2021-08-02,14077.0,1677.0,0.0,100,437.59,415.0,0,0.0,0.0,,0.0,1,4.42,10.24,SPY210820C00431000,431.0,normalDay
2021-08-03,14077.0,1850.0,0.0,100,441.15,415.0,0,0.0,0.0,,0.0,1,4.42,12.07,SPY210820C00431000,431.0,normalDay
2021-08-04,14077.0,1779.0,0.0,100,438.98,415.0,0,0.0,0.0,,0.0,1,4.42,10.61,SPY210820C00431000,431.0,normalDay
2021-08-05,14077.0,1882.0,0.0,100,441.76,415.0,0,0.0,0.0,,0.0,1,4.42,12.36,SPY210820C00431000,431.0,normalDay
2021-08-06,14077.0,1925.0,0.0,100,442.49,415.0,0,0.0,0.0,,0.0,1,4.42,12.66,SPY210820C00431000,431.0,normalDay
2021-08-09,14077.0,1915.0,0.0,100,442.13,415.0,0,0.0,0.0,,0.0,1,4.42,12.4,SPY210820C00431000,431.0,normalDay
2021-08-10,14077.0,1975.0,0.0,100,442.68,415.0,0,0.0,0.0,,0.0,1,4.42,12.35,SPY210820C00431000,431.0,normalDay
2021-08-11,14077.0,1992.0,0.0,100,443.78,415.0,0,0.0,0.0,,0.0,1,4.42,13.28,SPY210820C00431000,431.0,normalDay
2021-08-12,14077.0,2010.0,0.0,100,445.11,415.0,0,0.0,0.0,,0.0,1,4.42,14.43,SPY210820C00431000,431.0,normalDay
2021-08-13,14077.0,2016.0,0.0,100,445.92,415.0,0,0.0,0.0,,0.0,1,4.42,15.18,SPY210820C00431000,431.0,normalDay
2021-08-16,14077.0,2010.0,0.0,100,446.97,415.0,0,0.0,0.0,,0.0,1,4.42,16.29,SPY210820C00431000,431.0,normalDay
2021-08-17,14077.0,2062.0,0.0,100,444.04,415.0,0,0.0,0.0,,0.0,1,4.42,12.84,SPY210820C00431000,431.0,normalDay
2021-08-18,14077.0,1953.0,0.0,100,439.18,415.0,0,0.0,0.0,,0.0,1,4.42,9.07,SPY210820C00431000,431.0,normalDay
2021-08-19,14077.0,2002.0,0.0,100,439.86,415.0,0,0.0,0.0,,0.0,1,4.42,9.26,SPY210820C00431000,431.0,normalDay
2021-08-20,16119.0,2002.0,2042.0,0,443.36,0.0,0,0.0,0.0,,0.0,1,4.42,0.0,SPY210820C00431000,431.0,expirationDay
2021-08-23,16119.0,-4.0,0.0,0,447.26,0.0,1,2.54,2.58,SPY210910P00441000,441.0,0,0.0,0.0,,0.0,normalDay
2021-08-24,16119.0,18.0,0.0,0,447.97,0.0,1,2.54,2.36,SPY210910P00441000,441.0,0,0.0,0.0,,0.0,normalDay
2021-08-25,16119.0,63.0,0.0,0,448.91,0.0,1,2.54,1.91,SPY210910P00441000,441.0,0,0.0,0.0,,0.0,normalDay
2021-08-26,16119.0,-38.0,0.0,0,446.26,0.0,1,2.54,2.92,SPY210910P00441000,441.0,0,0.0,0.0,,0.0,normalDay
2021-08-27,16119.0,123.0,0.0,0,450.25,0.0,1,2.54,1.31,SPY210910P00441000,441.0,0,0.0,0.0,,0.0,normalDay
2021-08-30,16119.0,176.0,0.0,0,452.23,0.0,1,2.54,0.78,SPY210910P00441000,441.0,0,0.0,0.0,,0.0,normalDay
2021-08-31,16119.0,174.0,0.0,0,451.56,0.0,1,2.54,0.8,SPY210910P00441000,441.0,0,0.0,0.0,,0.0,normalDay
2021-09-01,16119.0,193.0,0.0,0,451.8,0.0,1,2.54,0.61,SPY210910P00441000,441.0,0,0.0,0.0,,0.0,normalDay
2021-09-02,16119.0,201.0,0.0,0,453.19,0.0,1,2.54,0.53,SPY210910P00441000,441.0,0,0.0,0.0,,0.0,normalDay
2021-09-03,16119.0,224.0,0.0,0,453.08,0.0,1,2.54,0.3,SPY210910P00441000,441.0,0,0.0,0.0,,0.0,normalDay
2021-09-07,16119.0,229.0,0.0,0,451.46,0.0,1,2.54,0.25,SPY210910P00441000,441.0,0,0.0,0.0,,0.0,normalDay
2021-09-08,16119.0,241.0,0.0,0,450.91,0.0,1,2.54,0.13,SPY210910P00441000,441.0,0,0.0,0.0,,0.0,normalDay
2021-09-09,16119.0,244.0,0.0,0,448.98,0.0,1,2.54,0.1,SPY210910P00441000,441.0,0,0.0,0.0,,0.0,normalDay
2021-09-10,16373.0,0.0,254.0,0,445.44,0.0,1,2.54,0.0,SPY210910P00441000,441.0,0,0.0,0.0,,0.0,expirationDay
2021-09-13,16373.0,-21.0,0.0,0,446.58,0.0,1,6.02,6.23,SPY211001P00447000,447.0,0,0.0,0.0,,0.0,normalDay
2021-09-14,16373.0,-143.0,0.0,0,444.17,0.0,1,6.02,7.45,SPY211001P00447000,447.0,0,0.0,0.0,,0.0,normalDay
2021-09-15,16373.0,109.0,0.0,0,447.88,0.0,1,6.02,4.93,SPY211001P00447000,447.0,0,0.0,0.0,,0.0,normalDay
2021-09-16,16373.0,65.0,0.0,0,447.17,0.0,1,6.02,5.37,SPY211001P00447000,447.0,0,0.0,0.0,,0.0,normalDay
2021-09-17,16373.0,-230.0,0.0,0,441.4,0.0,1,6.02,8.32,SPY211001P00447000,447.0,0,0.0,0.0,,0.0,normalDay
2021-09-20,16373.0,-799.0,0.0,0,434.04,0.0,1,6.02,14.01,SPY211001P00447000,447.0,0,0.0,0.0,,0.0,normalDay
2021-09-21,16373.0,-820.0,0.0,0,433.63,0.0,1,6.02,14.22,SPY211001P00447000,447.0,0,0.0,0.0,,0.0,normalDay
2021-09-22,16373.0,-376.0,0.0,0,437.86,0.0,1,6.02,9.78,SPY211001P00447000,447.0,0,0.0,0.0,,0.0,normalDay
2021-09-23,16373.0,47.0,0.0,0,443.18,0.0,1,6.02,5.55,SPY211001P00447000,447.0,0,0.0,0.0,,0.0,normalDay
2021-09-24,16373.0,152.0,0.0,0,443.91,0.0,1,6.02,4.5,SPY211001P00447000,447.0,0,0.0,0.0,,0.0,normalDay
2021-09-27,16373.0,81.0,0.0,0,442.64,0.0,1,6.02,5.21,SPY211001P00447000,447.0,0,0.0,0.0,,0.0,normalDay
2021-09-28,16373.0,-691.0,0.0,0,433.72,0.0,1,6.02,12.93,SPY211001P00447000,447.0,0,0.0,0.0,,0.0,normalDay
2021-09-29,16373.0,-619.0,0.0,0,434.45,0.0,1,6.02,12.21,SPY211001P00447000,447.0,0,0.0,0.0,,0.0,normalDay
2021-09-30,16373.0,-1128.0,0.0,0,429.14,0.0,1,6.02,17.3,SPY211001P00447000,447.0,0,0.0,0.0,,0.0,normalDay
2021-10-01,16975.0,-1276.0,602.0,100,434.24,447.0,1,6.02,0.0,SPY211001P00447000,447.0,0,0.0,0.0,,0.0,expirationDay
2021-10-04,16975.0,-1839.0,0.0,100,428.64,447.0,0,0.0,0.0,,0.0,1,0.74,0.77,SPY211217C00470000,470.0,normalDay
2021-10-05,16975.0,-1407.0,0.0,100,433.1,447.0,0,0.0,0.0,,0.0,1,0.74,0.91,SPY211217C00470000,470.0,normalDay
2021-10-06,16975.0,-1237.0,0.0,100,434.9,447.0,0,0.0,0.0,,0.0,1,0.74,1.01,SPY211217C00470000,470.0,normalDay
2021-10-07,16975.0,-889.0,0.0,100,438.66,447.0,0,0.0,0.0,,0.0,1,0.74,1.29,SPY211217C00470000,470.0,normalDay
2021-10-08,16975.0,-942.0,0.0,100,437.86,447.0,0,0.0,0.0,,0.0,1,0.74,1.02,SPY211217C00470000,470.0,normalDay
2021-10-11,16975.0,-1233.0,0.0,100,434.69,447.0,0,0.0,0.0,,0.0,1,0.74,0.76,SPY211217C00470000,470.0,normalDay
2021-10-12,16975.0,-1326.0,0.0,100,433.62,447.0,0,0.0,0.0,,0.0,1,0.74,0.62,SPY211217C00470000,470.0,normalDay
2021-10-13,16975.0,-1180.0,0.0,100,435.18,447.0,0,0.0,0.0,,0.0,1,0.74,0.72,SPY211217C00470000,470.0,normalDay
2021-10-14,16975.0,-493.0,0.0,100,442.5,447.0,0,0.0,0.0,,0.0,1,0.74,1.17,SPY211217C00470000,470.0,normalDay
2021-10-15,16975.0,-186.0,0.0,100,445.87,447.0,0,0.0,0.0,,0.0,1,0.74,1.47,SPY211217C00470000,470.0,normalDay
2021-10-18,16975.0,-65.0,0.0,100,447.19,447.0,0,0.0,0.0,,0.0,1,0.74,1.58,SPY211217C00470000,470.0,normalDay
2021-10-19,16975.0,233.0,0.0,100,450.64,447.0,0,0.0,0.0,,0.0,1,0.74,2.05,SPY211217C00470000,470.0,normalDay
2021-10-20,16975.0,399.0,0.0,100,452.41,447.0,0,0.0,0.0,,0.0,1,0.74,2.16,SPY211217C00470000,470.0,normalDay
2021-10-21,16975.0,507.0,0.0,100,453.59,447.0,0,0.0,0.0,,0.0,1,0.74,2.26,SPY211217C00470000,470.0,normalDay
2021-10-22,16975.0,478.0,0.0,100,453.12,447.0,0,0.0,0.0,,0.0,1,0.74,2.08,SPY211217C00470000,470.0,normalDay
2021-10-25,16975.0,694.0,0.0,100,455.55,447.0,0,0.0,0.0,,0.0,1,0.74,2.35,SPY211217C00470000,470.0,normalDay
2021-10-26,16975.0,699.0,0.0,100,455.96,447.0,0,0.0,0.0,,0.0,1,0.74,2.71,SPY211217C00470000,470.0,normalDay
2021-10-27,16975.0,529.0,0.0,100,453.94,447.0,0,0.0,0.0,,0.0,1,0.74,2.39,SPY211217C00470000,470.0,normalDay
2021-10-28,16975.0,880.0,0.0,100,458.32,447.0,0,0.0,0.0,,0.0,1,0.74,3.26,SPY211217C00470000,470.0,normalDay
2021-10-29,16975.0,943.0,0.0,100,459.25,447.0,0,0.0,0.0,,0.0,1,0.74,3.56,SPY211217C00470000,470.0,normalDay
2021-11-01,16975.0,1016.0,0.0,100,460.04,447.0,0,0.0,0.0,,0.0,1,0.74,3.62,SPY211217C00470000,470.0,normalDay
2021-11-02,16975.0,1163.0,0.0,100,461.9,447.0,0,0.0,0.0,,0.0,1,0.74,4.01,SPY211217C00470000,470.0,normalDay
2021-11-03,16975.0,1346.0,0.0,100,464.72,447.0,0,0.0,0.0,,0.0,1,0.74,5.0,SPY211217C00470000,470.0,normalDay
2021-11-04,16975.0,1470.0,0.0,100,466.91,447.0,0,0.0,0.0,,0.0,1,0.74,5.95,SPY211217C00470000,470.0,normalDay
2021-11-05,16975.0,1514.0,0.0,100,468.53,447.0,0,0.0,0.0,,0.0,1,0.74,7.13,SPY211217C00470000,470.0,normalDay
2021-11-08,16975.0,1545.0,0.0,100,468.93,447.0,0,0.0,0.0,,0.0,1,0.74,7.22,SPY211217C00470000,470.0,normalDay
2021-11-09,16975.0,1468.0,0.0,100,467.38,447.0,0,0.0,0.0,,0.0,1,0.74,6.44,SPY211217C00470000,470.0,normalDay
2021-11-10,16975.0,1253.0,0.0,100,463.62,447.0,0,0.0,0.0,,0.0,1,0.74,4.83,SPY211217C00470000,470.0,normalDay
2021-11-11,16975.0,1290.0,0.0,100,463.77,447.0,0,0.0,0.0,,0.0,1,0.74,4.61,SPY211217C00470000,470.0,normalDay
2021-11-12,16975.0,1508.0,0.0,100,467.27,447.0,0,0.0,0.0,,0.0,1,0.74,5.93,SPY211217C00470000,470.0,normalDay
2021-11-15,16975.0,1564.0,0.0,100,467.43,447.0,0,0.0,0.0,,0.0,1,0.74,5.53,SPY211217C00470000,470.0,normalDay
2021-11-16,16975.0,1657.0,0.0,100,469.28,447.0,0,0.0,0.0,,0.0,1,0.74,6.45,SPY211217C00470000,470.0,normalDay
2021-11-17,16975.0,1618.0,0.0,100,468.14,447.0,0,0.0,0.0,,0.0,1,0.74,5.7,SPY211217C00470000,470.0,normalDay
2021-11-18,16975.0,1681.0,0.0,100,469.73,447.0,0,0.0,0.0,,0.0,1,0.74,6.66,SPY211217C00470000,470.0,normalDay
2021-11-19,16975.0,1659.0,0.0,100,468.89,447.0,0,0.0,0.0,,0.0,1,0.74,6.04,SPY211217C00470000,470.0,normalDay
2021-11-22,16975.0,1596.0,0.0,100,467.57,447.0,0,0.0,0.0,,0.0,1,0.74,5.35,SPY211217C00470000,470.0,normalDay
2021-11-23,16975.0,1656.0,0.0,100,468.19,447.0,0,0.0,0.0,,0.0,1,0.74,5.37,SPY211217C00470000,470.0,normalDay
2021-11-24,16975.0,1728.0,0.0,100,469.44,447.0,0,0.0,0.0,,0.0,1,0.74,5.9,SPY211217C00470000,470.0,normalDay
2021-11-26,16975.0,955.0,0.0,100,458.97,447.0,0,0.0,0.0,,0.0,1,0.74,3.16,SPY211217C00470000,470.0,normalDay
2021-11-29,16975.0,1448.0,0.0,100,464.6,447.0,0,0.0,0.0,,0.0,1,0.74,3.86,SPY211217C00470000,470.0,normalDay
2021-11-30,16975.0,725.0,0.0,100,455.56,447.0,0,0.0,0.0,,0.0,1,0.74,2.05,SPY211217C00470000,470.0,normalDay
2021-12-01,16975.0,305.0,0.0,100,450.5,447.0,0,0.0,0.0,,0.0,1,0.74,1.19,SPY211217C00470000,470.0,normalDay
2021-12-02,16975.0,932.0,0.0,100,457.4,447.0,0,0.0,0.0,,0.0,1,0.74,1.82,SPY211217C00470000,470.0,normalDay
2021-12-03,16975.0,619.0,0.0,100,453.42,447.0,0,0.0,0.0,,0.0,1,0.74,0.97,SPY211217C00470000,470.0,normalDay
2021-12-06,16975.0,1124.0,0.0,100,458.79,447.0,0,0.0,0.0,,0.0,1,0.74,1.29,SPY211217C00470000,470.0,normalDay
2021-12-07,16975.0,1815.0,0.0,100,468.28,447.0,0,0.0,0.0,,0.0,1,0.74,3.87,SPY211217C00470000,470.0,normalDay
2021-12-08,16975.0,1959.0,0.0,100,469.52,447.0,0,0.0,0.0,,0.0,1,0.74,3.67,SPY211217C00470000,470.0,normalDay
2021-12-09,16975.0,1776.0,0.0,100,466.35,447.0,0,0.0,0.0,,0.0,1,0.74,2.33,SPY211217C00470000,470.0,normalDay
2021-12-10,16975.0,2093.0,0.0,100,470.74,447.0,0,0.0,0.0,,0.0,1,0.74,3.55,SPY211217C00470000,470.0,normalDay
2021-12-13,16975.0,1880.0,0.0,100,466.57,447.0,0,0.0,0.0,,0.0,1,0.74,1.51,SPY211217C00470000,470.0,normalDay
2021-12-14,16975.0,1647.0,0.0,100,463.36,447.0,0,0.0,0.0,,0.0,1,0.74,0.63,SPY211217C00470000,470.0,normalDay
2021-12-15,16975.0,2195.0,0.0,100,470.6,447.0,0,0.0,0.0,,0.0,1,0.74,2.39,SPY211217C00470000,470.0,normalDay
2021-12-16,16975.0,1974.0,0.0,100,466.45,447.0,0,0.0,0.0,,0.0,1,0.74,0.45,SPY211217C00470000,470.0,normalDay
2021-12-17,17049.0,1287.0,74.0,100,459.87,447.0,0,0.0,0.0,,0.0,1,0.74,0.0,SPY211217C00470000,470.0,expirationDay
2021-12-20,17049.0,794.0,0.0,100,454.98,447.0,0,0.0,0.0,,0.0,1,1.45,1.49,SPY220218C00489000,489.0,normalDay
2021-12-21,17049.0,1516.0,0.0,100,463.06,447.0,0,0.0,0.0,,0.0,1,1.45,2.35,SPY220218C00489000,489.0,normalDay
2021-12-22,17049.0,1940.0,0.0,100,467.69,447.0,0,0.0,0.0,,0.0,1,1.45,2.74,SPY220218C00489000,489.0,normalDay
2021-12-23,17049.0,2183.0,0.0,100,470.6,447.0,0,0.0,0.0,,0.0,1,1.45,3.22,SPY220218C00489000,489.0,normalDay
2021-12-27,17049.0,2696.0,0.0,100,477.26,447.0,0,0.0,0.0,,0.0,1,1.45,4.75,SPY220218C00489000,489.0,normalDay
2021-12-28,17049.0,2684.0,0.0,100,476.87,447.0,0,0.0,0.0,,0.0,1,1.45,4.48,SPY220218C00489000,489.0,normalDay
2021-12-29,17049.0,2775.0,0.0,100,477.48,447.0,0,0.0,0.0,,0.0,1,1.45,4.18,SPY220218C00489000,489.0,normalDay
2021-12-30,17049.0,2704.0,0.0,100,476.16,447.0,0,0.0,0.0,,0.0,1,1.45,3.57,SPY220218C00489000,489.0,normalDay
2021-12-31,17049.0,2627.0,0.0,100,474.96,447.0,0,0.0,0.0,,0.0,1,1.45,3.14,SPY220218C00489000,489.0,normalDay
2022-01-03,17049.0,2869.0,0.0,100,477.71,447.0,0,0.0,0.0,,0.0,1,1.45,3.47,SPY220218C00489000,489.0,normalDay
2022-01-04,17049.0,2860.0,0.0,100,477.55,447.0,0,0.0,0.0,,0.0,1,1.45,3.4,SPY220218C00489000,489.0,normalDay
2022-01-05,17049.0,2117.0,0.0,100,468.38,447.0,0,0.0,0.0,,0.0,1,1.45,1.66,SPY220218C00489000,489.0,normalDay
2022-01-06,17049.0,2093.0,0.0,100,467.94,447.0,0,0.0,0.0,,0.0,1,1.45,1.46,SPY220218C00489000,489.0,normalDay
2022-01-07,17049.0,1953.0,0.0,100,466.09,447.0,0,0.0,0.0,,0.0,1,1.45,1.01,SPY220218C00489000,489.0,normalDay
2022-01-10,17049.0,1918.0,0.0,100,465.51,447.0,0,0.0,0.0,,0.0,1,1.45,0.78,SPY220218C00489000,489.0,normalDay
2022-01-11,17049.0,2294.0,0.0,100,469.75,447.0,0,0.0,0.0,,0.0,1,1.45,1.26,SPY220218C00489000,489.0,normalDay
2022-01-12,17049.0,2407.0,0.0,100,471.02,447.0,0,0.0,0.0,,0.0,1,1.45,1.4,SPY220218C00489000,489.0,normalDay
2022-01-13,17049.0,1826.0,0.0,100,464.53,447.0,0,0.0,0.0,,0.0,1,1.45,0.72,SPY220218C00489000,489.0,normalDay
2022-01-14,17049.0,1853.0,0.0,100,464.72,447.0,0,0.0,0.0,,0.0,1,1.45,0.64,SPY220218C00489000,489.0,normalDay
2022-01-18,17049.0,1065.0,0.0,100,456.49,447.0,0,0.0,0.0,,0.0,1,1.45,0.29,SPY220218C00489000,489.0,normalDay
2022-01-19,17049.0,601.0,0.0,100,451.75,447.0,0,0.0,0.0,,0.0,1,1.45,0.19,SPY220218C00489000,489.0,normalDay
2022-01-20,17049.0,104.0,0.0,100,446.75,447.0,0,0.0,0.0,,0.0,1,1.45,0.16,SPY220218C00489000,489.0,normalDay
2022-01-21,17049.0,-769.0,0.0,100,437.98,447.0,0,0.0,0.0,,0.0,1,1.45,0.12,SPY220218C00489000,489.0,normalDay
2022-01-24,17049.0,-587.0,0.0,100,439.84,447.0,0,0.0,0.0,,0.0,1,1.45,0.16,SPY220218C00489000,489.0,normalDay
2022-01-25,17049.0,-1119.0,0.0,100,434.47,447.0,0,0.0,0.0,,0.0,1,1.45,0.11,SPY220218C00489000,489.0,normalDay
2022-01-26,17049.0,-1232.0,0.0,100,433.38,447.0,0,0.0,0.0,,0.0,1,1.45,0.15,SPY220218C00489000,489.0,normalDay
2022-01-27,17049.0,-1441.0,0.0,100,431.24,447.0,0,0.0,0.0,,0.0,1,1.45,0.1,SPY220218C00489000,489.0,normalDay
2022-01-28,17049.0,-376.0,0.0,100,441.95,447.0,0,0.0,0.0,,0.0,1,1.45,0.16,SPY220218C00489000,489.0,normalDay
2022-01-31,17049.0,424.0,0.0,100,449.91,447.0,0,0.0,0.0,,0.0,1,1.45,0.12,SPY220218C00489000,489.0,normalDay
2022-02-01,17049.0,732.0,0.0,100,452.95,447.0,0,0.0,0.0,,0.0,1,1.45,0.08,SPY220218C00489000,489.0,normalDay
2022-02-02,17049.0,1174.0,0.0,100,457.35,447.0,0,0.0,0.0,,0.0,1,1.45,0.06,SPY220218C00489000,489.0,normalDay
2022-02-03,17049.0,100.0,0.0,100,446.6,447.0,0,0.0,0.0,,0.0,1,1.45,0.05,SPY220218C00489000,489.0,normalDay
2022-02-04,17049.0,313.0,0.0,100,448.7,447.0,0,0.0,0.0,,0.0,1,1.45,0.02,SPY220218C00489000,489.0,normalDay
2022-02-07,17049.0,170.0,0.0,100,447.26,447.0,0,0.0,0.0,,0.0,1,1.45,0.01,SPY220218C00489000,489.0,normalDay
2022-02-08,17049.0,537.0,0.0,100,450.94,447.0,0,0.0,0.0,,0.0,1,1.45,0.02,SPY220218C00489000,489.0,normalDay
2022-02-09,17049.0,1197.0,0.0,100,457.54,447.0,0,0.0,0.0,,0.0,1,1.45,0.02,SPY220218C00489000,489.0,normalDay
2022-02-10,17049.0,375.0,0.0,100,449.32,447.0,0,0.0,0.0,,0.0,1,1.45,0.02,SPY220218C00489000,489.0,normalDay
2022-02-11,17049.0,-511.0,0.0,100,440.46,447.0,0,0.0,0.0,,0.0,1,1.45,0.02,SPY220218C00489000,489.0,normalDay
2022-02-14,17049.0,-654.0,0.0,100,439.02,447.0,0,0.0,0.0,,0.0,1,1.45,0.01,SPY220218C00489000,489.0,normalDay
2022-02-15,17049.0,54.0,0.0,100,446.1,447.0,0,0.0,0.0,,0.0,1,1.45,0.01,SPY220218C00489000,489.0,normalDay
2022-02-16,17049.0,104.0,0.0,100,446.6,447.0,0,0.0,0.0,,0.0,1,1.45,0.01,SPY220218C00489000,489.0,normalDay
2022-02-17,17049.0,-850.0,0.0,100,437.06,447.0,0,0.0,0.0,,0.0,1,1.45,0.01,SPY220218C00489000,489.0,normalDay
2022-02-18,17194.0,-1277.0,145.0,100,434.23,447.0,0,0.0,0.0,,0.0,1,1.45,0.0,SPY220218C00489000,489.0,expirationDay
2022-02-22,17194.0,-1749.0,0.0,100,429.57,447.0,0,0.0,0.0,,0.0,1,1.69,1.75,SPY220520C00478000,478.0,normalDay
2022-02-23,17194.0,-2460.0,0.0,100,421.95,447.0,0,0.0,0.0,,0.0,1,1.69,1.24,SPY220520C00478000,478.0,normalDay
2022-02-24,17194.0,-1853.0,0.0,100,428.3,447.0,0,0.0,0.0,,0.0,1,1.69,1.52,SPY220520C00478000,478.0,normalDay
2022-02-25,17194.0,-1000.0,0.0,100,437.75,447.0,0,0.0,0.0,,0.0,1,1.69,2.44,SPY220520C00478000,478.0,normalDay
2022-02-28,17194.0,-1119.0,0.0,100,436.63,447.0,0,0.0,0.0,,0.0,1,1.69,2.51,SPY220520C00478000,478.0,normalDay
2022-03-01,17194.0,-1752.0,0.0,100,429.98,447.0,0,0.0,0.0,,0.0,1,1.69,2.19,SPY220520C00478000,478.0,normalDay
2022-03-02,17194.0,-1007.0,0.0,100,437.89,447.0,0,0.0,0.0,,0.0,1,1.69,2.65,SPY220520C00478000,478.0,normalDay
2022-03-03,17194.0,-1189.0,0.0,100,435.71,447.0,0,0.0,0.0,,0.0,1,1.69,2.29,SPY220520C00478000,478.0,normalDay
2022-03-04,17194.0,-1505.0,0.0,100,432.17,447.0,0,0.0,0.0,,0.0,1,1.69,1.91,SPY220520C00478000,478.0,normalDay
2022-03-07,17194.0,-2699.0,0.0,100,419.43,447.0,0,0.0,0.0,,0.0,1,1.69,1.11,SPY220520C00478000,478.0,normalDay
2022-03-08,17194.0,-2995.0,0.0,100,416.25,447.0,0,0.0,0.0,,0.0,1,1.69,0.89,SPY220520C00478000,478.0,normalDay
2022-03-09,17194.0,-1942.0,0.0,100,427.41,447.0,0,0.0,0.0,,0.0,1,1.69,1.52,SPY220520C00478000,478.0,normalDay
2022-03-10,17194.0,-2096.0,0.0,100,425.48,447.0,0,0.0,0.0,,0.0,1,1.69,1.13,SPY220520C00478000,478.0,normalDay
2022-03-11,17194.0,-2609.0,0.0,100,420.07,447.0,0,0.0,0.0,,0.0,1,1.69,0.85,SPY220520C00478000,478.0,normalDay
2022-03-14,17194.0,-2902.0,0.0,100,417.0,447.0,0,0.0,0.0,,0.0,1,1.69,0.71,SPY220520C00478000,478.0,normalDay
2022-03-15,17194.0,-2015.0,0.0,100,426.17,447.0,0,0.0,0.0,,0.0,1,1.69,1.01,SPY220520C00478000,478.0,normalDay
2022-03-16,17194.0,-1104.0,0.0,100,435.62,447.0,0,0.0,0.0,,0.0,1,1.69,1.35,SPY220520C00478000,478.0,normalDay
2022-03-17,17194.0,-583.0,0.0,100,441.07,447.0,0,0.0,0.0,,0.0,1,1.69,1.59,SPY220520C00478000,478.0,normalDay
2022-03-18,17194.0,-274.0,0.0,100,444.52,447.0,0,0.0,0.0,,0.0,1,1.69,1.95,SPY220520C00478000,478.0,normalDay
2022-03-21,17194.0,-256.0,0.0,100,444.39,447.0,0,0.0,0.0,,0.0,1,1.69,1.64,SPY220520C00478000,478.0,normalDay
2022-03-22,17194.0,202.0,0.0,100,449.59,447.0,0,0.0,0.0,,0.0,1,1.69,2.26,SPY220520C00478000,478.0,normalDay
2022-03-23,17194.0,-292.0,0.0,100,443.8,447.0,0,0.0,0.0,,0.0,1,1.69,1.41,SPY220520C00478000,478.0,normalDay
2022-03-24,17194.0,308.0,0.0,100,450.49,447.0,0,0.0,0.0,,0.0,1,1.69,2.1,SPY220520C00478000,478.0,normalDay
2022-03-25,17194.0,518.0,0.0,100,452.69,447.0,0,0.0,0.0,,0.0,1,1.69,2.2,SPY220520C00478000,478.0,normalDay
2022-03-28,17194.0,818.0,0.0,100,455.91,447.0,0,0.0,0.0,,0.0,1,1.69,2.42,SPY220520C00478000,478.0,normalDay
2022-03-29,17194.0,1262.0,0.0,100,461.55,447.0,0,0.0,0.0,,0.0,1,1.69,3.62,SPY220520C00478000,478.0,normalDay
2022-03-30,17194.0,1029.0,0.0,100,458.7,447.0,0,0.0,0.0,,0.0,1,1.69,3.1,SPY220520C00478000,478.0,normalDay
2022-03-31,17194.0,449.0,0.0,100,451.64,447.0,0,0.0,0.0,,0.0,1,1.69,1.84,SPY220520C00478000,478.0,normalDay
2022-04-01,17194.0,614.0,0.0,100,452.92,447.0,0,0.0,0.0,,0.0,1,1.69,1.47,SPY220520C00478000,478.0,normalDay
2022-04-04,17194.0,978.0,0.0,100,456.8,447.0,0,0.0,0.0,,0.0,1,1.69,1.71,SPY220520C00478000,478.0,normalDay
2022-04-05,17194.0,460.0,0.0,100,451.03,447.0,0,0.0,0.0,,0.0,1,1.69,1.12,SPY220520C00478000,478.0,normalDay
2022-04-06,17194.0,58.0,0.0,100,446.52,447.0,0,0.0,0.0,,0.0,1,1.69,0.63,SPY220520C00478000,478.0,normalDay
2022-04-07,17194.0,270.0,0.0,100,448.77,447.0,0,0.0,0.0,,0.0,1,1.69,0.76,SPY220520C00478000,478.0,normalDay
2022-04-08,17194.0,167.0,0.0,100,447.57,447.0,0,0.0,0.0,,0.0,1,1.69,0.59,SPY220520C00478000,478.0,normalDay
2022-04-11,17194.0,-568.0,0.0,100,439.92,447.0,0,0.0,0.0,,0.0,1,1.69,0.29,SPY220520C00478000,478.0,normalDay
2022-04-12,17194.0,-725.0,0.0,100,438.29,447.0,0,0.0,0.0,,0.0,1,1.69,0.23,SPY220520C00478000,478.0,normalDay
2022-04-13,17194.0,-230.0,0.0,100,443.31,447.0,0,0.0,0.0,,0.0,1,1.69,0.3,SPY220520C00478000,478.0,normalDay
2022-04-14,17194.0,-769.0,0.0,100,437.79,447.0,0,0.0,0.0,,0.0,1,1.69,0.17,SPY220520C00478000,478.0,normalDay
2022-04-18,17194.0,-748.0,0.0,100,437.97,447.0,0,0.0,0.0,,0.0,1,1.69,0.14,SPY220520C00478000,478.0,normalDay
2022-04-19,17194.0,-45.0,0.0,100,445.04,447.0,0,0.0,0.0,,0.0,1,1.69,0.18,SPY220520C00478000,478.0,normalDay
2022-04-20,17194.0,-78.0,0.0,100,444.71,447.0,0,0.0,0.0,,0.0,1,1.69,0.18,SPY220520C00478000,478.0,normalDay
2022-04-21,17194.0,-734.0,0.0,100,438.06,447.0,0,0.0,0.0,,0.0,1,1.69,0.09,SPY220520C00478000,478.0,normalDay
2022-04-22,17194.0,-1931.0,0.0,100,426.04,447.0,0,0.0,0.0,,0.0,1,1.69,0.04,SPY220520C00478000,478.0,normalDay
2022-04-25,17194.0,-1683.0,0.0,100,428.51,447.0,0,0.0,0.0,,0.0,1,1.69,0.03,SPY220520C00478000,478.0,normalDay
2022-04-26,17194.0,-2924.0,0.0,100,416.1,447.0,0,0.0,0.0,,0.0,1,1.69,0.03,SPY220520C00478000,478.0,normalDay
2022-04-27,17194.0,-2806.0,0.0,100,417.27,447.0,0,0.0,0.0,,0.0,1,1.69,0.02,SPY220520C00478000,478.0,normalDay
2022-04-28,17194.0,-1754.0,0.0,100,427.81,447.0,0,0.0,0.0,,0.0,1,1.69,0.04,SPY220520C00478000,478.0,normalDay
2022-04-29,17194.0,-3334.0,0.0,100,412.0,447.0,0,0.0,0.0,,0.0,1,1.69,0.03,SPY220520C00478000,478.0,normalDay
2022-05-02,17194.0,-3086.0,0.0,100,414.48,447.0,0,0.0,0.0,,0.0,1,1.69,0.03,SPY220520C00478000,478.0,normalDay
2022-05-03,17194.0,-2895.0,0.0,100,416.38,447.0,0,0.0,0.0,,0.0,1,1.69,0.02,SPY220520C00478000,478.0,normalDay
2022-05-04,17194.0,-1628.0,0.0,100,429.06,447.0,0,0.0,0.0,,0.0,1,1.69,0.03,SPY220520C00478000,478.0,normalDay
2022-05-05,17194.0,-3152.0,0.0,100,413.81,447.0,0,0.0,0.0,,0.0,1,1.69,0.02,SPY220520C00478000,478.0,normalDay
2022-05-06,17194.0,-3399.0,0.0,100,411.34,447.0,0,0.0,0.0,,0.0,1,1.69,0.02,SPY220520C00478000,478.0,normalDay
2022-05-09,17194.0,-4716.0,0.0,100,398.17,447.0,0,0.0,0.0,,0.0,1,1.69,0.02,SPY220520C00478000,478.0,normalDay
2022-05-10,17194.0,-4623.0,0.0,100,399.09,447.0,0,0.0,0.0,,0.0,1,1.69,0.01,SPY220520C00478000,478.0,normalDay
2022-05-11,17194.0,-5257.0,0.0,100,392.75,447.0,0,0.0,0.0,,0.0,1,1.69,0.01,SPY220520C00478000,478.0,normalDay
2022-05-12,17194.0,-5298.0,0.0,100,392.34,447.0,0,0.0,0.0,,0.0,1,1.69,0.01,SPY220520C00478000,478.0,normalDay
2022-05-13,17194.0,-4360.0,0.0,100,401.72,447.0,0,0.0,0.0,,0.0,1,1.69,0.01,SPY220520C00478000,478.0,normalDay
2022-05-16,17194.0,-4523.0,0.0,100,400.09,447.0,0,0.0,0.0,,0.0,1,1.69,0.01,SPY220520C00478000,478.0,normalDay
2022-05-17,17194.0,-3700.0,0.0,100,408.32,447.0,0,0.0,0.0,,0.0,1,1.69,0.01,SPY220520C00478000,478.0,normalDay
2022-05-18,17194.0,-5346.0,0.0,100,391.86,447.0,0,0.0,0.0,,0.0,1,1.69,0.01,SPY220520C00478000,478.0,normalDay
2022-05-19,17194.0,-5586.0,0.0,100,389.46,447.0,0,0.0,0.0,,0.0,1,1.69,0.01,SPY220520C00478000,478.0,normalDay
2022-05-20,17363.0,-5737.0,169.0,100,389.63,447.0,0,0.0,0.0,,0.0,1,1.69,0.0,SPY220520C00478000,478.0,expirationDay
2022-05-23,17363.0,-5011.0,0.0,100,396.92,447.0,0,0.0,0.0,,0.0,1,0.36,0.39,SPY220715C00457000,457.0,normalDay
2022-05-24,17363.0,-5310.0,0.0,100,393.89,447.0,0,0.0,0.0,,0.0,1,0.36,0.35,SPY220715C00457000,457.0,normalDay
2022-05-25,17363.0,-4965.0,0.0,100,397.37,447.0,0,0.0,0.0,,0.0,1,0.36,0.38,SPY220715C00457000,457.0,normalDay
2022-05-26,17363.0,-4190.0,0.0,100,405.31,447.0,0,0.0,0.0,,0.0,1,0.36,0.57,SPY220715C00457000,457.0,normalDay
2022-05-27,17363.0,-3235.0,0.0,100,415.26,447.0,0,0.0,0.0,,0.0,1,0.36,0.97,SPY220715C00457000,457.0,normalDay
2022-05-31,17363.0,-3428.0,0.0,100,412.93,447.0,0,0.0,0.0,,0.0,1,0.36,0.57,SPY220715C00457000,457.0,normalDay
2022-06-01,17363.0,-3741.0,0.0,100,409.59,447.0,0,0.0,0.0,,0.0,1,0.36,0.36,SPY220715C00457000,457.0,normalDay
2022-06-02,17363.0,-2986.0,0.0,100,417.39,447.0,0,0.0,0.0,,0.0,1,0.36,0.61,SPY220715C00457000,457.0,normalDay
2022-06-03,17363.0,-3642.0,0.0,100,410.54,447.0,0,0.0,0.0,,0.0,1,0.36,0.32,SPY220715C00457000,457.0,normalDay
2022-06-06,17363.0,-3516.0,0.0,100,411.79,447.0,0,0.0,0.0,,0.0,1,0.36,0.31,SPY220715C00457000,457.0,normalDay
2022-06-07,17363.0,-3123.0,0.0,100,415.74,447.0,0,0.0,0.0,,0.0,1,0.36,0.33,SPY220715C00457000,457.0,normalDay
2022-06-08,17363.0,-3564.0,0.0,100,411.22,447.0,0,0.0,0.0,,0.0,1,0.36,0.22,SPY220715C00457000,457.0,normalDay
2022-06-09,17363.0,-4534.0,0.0,100,401.44,447.0,0,0.0,0.0,,0.0,1,0.36,0.14,SPY220715C00457000,457.0,normalDay
2022-06-10,17363.0,-5692.0,0.0,100,389.8,447.0,0,0.0,0.0,,0.0,1,0.36,0.08,SPY220715C00457000,457.0,normalDay
2022-06-13,17363.0,-7170.0,0.0,100,375.0,447.0,0,0.0,0.0,,0.0,1,0.36,0.06,SPY220715C00457000,457.0,normalDay
2022-06-14,17363.0,-7283.0,0.0,100,373.87,447.0,0,0.0,0.0,,0.0,1,0.36,0.06,SPY220715C00457000,457.0,normalDay
2022-06-15,17363.0,-6749.0,0.0,100,379.2,447.0,0,0.0,0.0,,0.0,1,0.36,0.05,SPY220715C00457000,457.0,normalDay
2022-06-16,17363.0,-8003.0,0.0,100,366.65,447.0,0,0.0,0.0,,0.0,1,0.36,0.04,SPY220715C00457000,457.0,normalDay
2022-06-17,17363.0,-8083.0,0.0,100,365.86,447.0,0,0.0,0.0,,0.0,1,0.36,0.05,SPY220715C00457000,457.0,normalDay
2022-06-21,17363.0,-7161.0,0.0,100,375.07,447.0,0,0.0,0.0,,0.0,1,0.36,0.04,SPY220715C00457000,457.0,normalDay
2022-06-22,17363.0,-7229.0,0.0,100,374.39,447.0,0,0.0,0.0,,0.0,1,0.36,0.04,SPY220715C00457000,457.0,normalDay
2022-06-23,17363.0,-6861.0,0.0,100,378.06,447.0,0,0.0,0.0,,0.0,1,0.36,0.03,SPY220715C00457000,457.0,normalDay
2022-06-24,17363.0,-5660.0,0.0,100,390.08,447.0,0,0.0,0.0,,0.0,1,0.36,0.04,SPY220715C00457000,457.0,normalDay
2022-06-27,17363.0,-5808.0,0.0,100,388.59,447.0,0,0.0,0.0,,0.0,1,0.36,0.03,SPY220715C00457000,457.0,normalDay
2022-06-28,17363.0,-6601.0,0.0,100,380.65,447.0,0,0.0,0.0,,0.0,1,0.36,0.02,SPY220715C00457000,457.0,normalDay
2022-06-29,17363.0,-6632.0,0.0,100,380.34,447.0,0,0.0,0.0,,0.0,1,0.36,0.02,SPY220715C00457000,457.0,normalDay
2022-06-30,17363.0,-6940.0,0.0,100,377.25,447.0,0,0.0,0.0,,0.0,1,0.36,0.01,SPY220715C00457000,457.0,normalDay
2022-07-01,17363.0,-6541.0,0.0,100,381.24,447.0,0,0.0,0.0,,0.0,1,0.36,0.01,SPY220715C00457000,457.0,normalDay
2022-07-05,17363.0,-6469.0,0.0,100,381.96,447.0,0,0.0,0.0,,0.0,1,0.36,0.01,SPY220715C00457000,457.0,normalDay
2022-07-06,17363.0,-6340.0,0.0,100,383.25,447.0,0,0.0,0.0,,0.0,1,0.36,0.01,SPY220715C00457000,457.0,normalDay
2022-07-07,17363.0,-5766.0,0.0,100,388.99,447.0,0,0.0,0.0,,0.0,1,0.36,0.01,SPY220715C00457000,457.0,normalDay
2022-07-08,17363.0,-5798.0,0.0,100,388.67,447.0,0,0.0,0.0,,0.0,1,0.36,0.01,SPY220715C00457000,457.0,normalDay
2022-07-11,17363.0,-6242.0,0.0,100,384.23,447.0,0,0.0,0.0,,0.0,1,0.36,0.01,SPY220715C00457000,457.0,normalDay
2022-07-12,17363.0,-6582.0,0.0,100,380.83,447.0,0,0.0,0.0,,0.0,1,0.36,0.01,SPY220715C00457000,457.0,normalDay
2022-07-13,17363.0,-6782.0,0.0,100,378.83,447.0,0,0.0,0.0,,0.0,1,0.36,0.01,SPY220715C00457000,457.0,normalDay
2022-07-14,17363.0,-6874.0,0.0,100,377.91,447.0,0,0.0,0.0,,0.0,1,0.36,0.01,SPY220715C00457000,457.0,normalDay
2022-07-15,17399.0,-6187.0,36.0,100,385.13,447.0,0,0.0,0.0,,0.0,1,0.36,0.0,SPY220715C00457000,457.0,expirationDay
2022-07-18,17399.0,-6511.0,0.0,100,381.95,447.0,0,0.0,0.0,,0.0,1,5.79,5.85,SPY220930C00405000,405.0,normalDay
2022-07-19,17399.0,-5887.0,0.0,100,392.27,447.0,0,0.0,0.0,,0.0,1,5.79,9.93,SPY220930C00405000,405.0,normalDay
2022-07-20,17399.0,-5723.0,0.0,100,394.77,447.0,0,0.0,0.0,,0.0,1,5.79,10.79,SPY220930C00405000,405.0,normalDay
2022-07-21,17399.0,-5440.0,0.0,100,398.79,447.0,0,0.0,0.0,,0.0,1,5.79,11.98,SPY220930C00405000,405.0,normalDay
2022-07-22,17399.0,-5603.0,0.0,100,395.09,447.0,0,0.0,0.0,,0.0,1,5.79,9.91,SPY220930C00405000,405.0,normalDay
2022-07-25,17399.0,-5580.0,0.0,100,395.57,447.0,0,0.0,0.0,,0.0,1,5.79,10.16,SPY220930C00405000,405.0,normalDay
2022-07-26,17399.0,-5882.0,0.0,100,390.89,447.0,0,0.0,0.0,,0.0,1,5.79,8.5,SPY220930C00405000,405.0,normalDay
2022-07-27,17399.0,-5213.0,0.0,100,401.04,447.0,0,0.0,0.0,,0.0,1,5.79,11.96,SPY220930C00405000,405.0,normalDay
2022-07-28,17399.0,-5044.0,0.0,100,406.07,447.0,0,0.0,0.0,,0.0,1,5.79,15.3,SPY220930C00405000,405.0,normalDay
2022-07-29,17399.0,-4734.0,0.0,100,411.99,447.0,0,0.0,0.0,,0.0,1,5.79,18.12,SPY220930C00405000,405.0,normalDay
2022-08-01,17399.0,-4818.0,0.0,100,410.77,447.0,0,0.0,0.0,,0.0,1,5.79,17.74,SPY220930C00405000,405.0,normalDay
2022-08-02,17399.0,-4939.0,0.0,100,408.06,447.0,0,0.0,0.0,,0.0,1,5.79,16.24,SPY220930C00405000,405.0,normalDay
2022-08-03,17399.0,-4619.0,0.0,100,414.45,447.0,0,0.0,0.0,,0.0,1,5.79,19.43,SPY220930C00405000,405.0,normalDay
2022-08-04,17399.0,-4642.0,0.0,100,414.17,447.0,0,0.0,0.0,,0.0,1,5.79,19.38,SPY220930C00405000,405.0,normalDay
2022-08-05,17399.0,-4594.0,0.0,100,413.47,447.0,0,0.0,0.0,,0.0,1,5.79,18.2,SPY220930C00405000,405.0,normalDay
2022-08-08,17399.0,-4624.0,0.0,100,412.99,447.0,0,0.0,0.0,,0.0,1,5.79,18.02,SPY220930C00405000,405.0,normalDay
2022-08-09,17399.0,-4686.0,0.0,100,411.35,447.0,0,0.0,0.0,,0.0,1,5.79,17.0,SPY220930C00405000,405.0,normalDay
2022-08-10,17399.0,-4305.0,0.0,100,419.99,447.0,0,0.0,0.0,,0.0,1,5.79,21.83,SPY220930C00405000,405.0,normalDay
2022-08-11,17399.0,-4385.0,0.0,100,419.99,447.0,0,0.0,0.0,,0.0,1,5.79,22.63,SPY220930C00405000,405.0,normalDay
2022-08-12,17399.0,-4133.0,0.0,100,427.1,447.0,0,0.0,0.0,,0.0,1,5.79,27.22,SPY220930C00405000,405.0,normalDay
2022-08-15,17399.0,-4090.0,0.0,100,428.86,447.0,0,0.0,0.0,,0.0,1,5.79,28.55,SPY220930C00405000,405.0,normalDay
2022-08-16,17399.0,-4047.0,0.0,100,429.7,447.0,0,0.0,0.0,,0.0,1,5.79,28.96,SPY220930C00405000,405.0,normalDay
2022-08-17,17399.0,-4161.0,0.0,100,426.65,447.0,0,0.0,0.0,,0.0,1,5.79,27.05,SPY220930C00405000,405.0,normalDay
2022-08-18,17399.0,-4046.0,0.0,100,427.89,447.0,0,0.0,0.0,,0.0,1,5.79,27.14,SPY220930C00405000,405.0,normalDay
2022-08-19,17399.0,-4193.0,0.0,100,422.14,447.0,0,0.0,0.0,,0.0,1,5.79,22.86,SPY220930C00405000,405.0,normalDay
2022-08-22,17399.0,-4491.0,0.0,100,413.35,447.0,0,0.0,0.0,,0.0,1,5.79,17.05,SPY220930C00405000,405.0,normalDay
2022-08-23,17399.0,-4467.0,0.0,100,412.35,447.0,0,0.0,0.0,,0.0,1,5.79,15.81,SPY220930C00405000,405.0,normalDay
2022-08-24,17399.0,-4380.0,0.0,100,413.67,447.0,0,0.0,0.0,,0.0,1,5.79,16.26,SPY220930C00405000,405.0,normalDay
2022-08-25,17399.0,-4127.0,0.0,100,419.51,447.0,0,0.0,0.0,,0.0,1,5.79,19.57,SPY220930C00405000,405.0,normalDay
2022-08-26,17399.0,-4704.0,0.0,100,405.31,447.0,0,0.0,0.0,,0.0,1,5.79,11.14,SPY220930C00405000,405.0,normalDay
2022-08-29,17399.0,-4812.0,0.0,100,402.63,447.0,0,0.0,0.0,,0.0,1,5.79,9.54,SPY220930C00405000,405.0,normalDay
2022-08-30,17399.0,-5020.0,0.0,100,398.21,447.0,0,0.0,0.0,,0.0,1,5.79,7.2,SPY220930C00405000,405.0,normalDay
2022-08-31,17399.0,-5162.0,0.0,100,395.18,447.0,0,0.0,0.0,,0.0,1,5.79,5.59,SPY220930C00405000,405.0,normalDay
2022-09-01,17399.0,-5037.0,0.0,100,396.42,447.0,0,0.0,0.0,,0.0,1,5.79,5.58,SPY220930C00405000,405.0,normalDay
2022-09-02,17399.0,-5307.0,0.0,100,392.24,447.0,0,0.0,0.0,,0.0,1,5.79,4.1,SPY220930C00405000,405.0,normalDay
2022-09-06,17399.0,-5368.0,0.0,100,390.76,447.0,0,0.0,0.0,,0.0,1,5.79,3.23,SPY220930C00405000,405.0,normalDay
2022-09-07,17399.0,-4839.0,0.0,100,397.78,447.0,0,0.0,0.0,,0.0,1,5.79,4.96,SPY220930C00405000,405.0,normalDay
2022-09-08,17399.0,-4668.0,0.0,100,400.38,447.0,0,0.0,0.0,,0.0,1,5.79,5.85,SPY220930C00405000,405.0,normalDay
2022-09-09,17399.0,-4273.0,0.0,100,406.6,447.0,0,0.0,0.0,,0.0,1,5.79,8.12,SPY220930C00405000,405.0,normalDay
2022-09-12,17399.0,-4132.0,0.0,100,410.97,447.0,0,0.0,0.0,,0.0,1,5.79,11.08,SPY220930C00405000,405.0,normalDay
2022-09-13,17399.0,-5131.0,0.0,100,393.1,447.0,0,0.0,0.0,,0.0,1,5.79,3.2,SPY220930C00405000,405.0,normalDay
2022-09-14,17399.0,-4963.0,0.0,100,394.6,447.0,0,0.0,0.0,,0.0,1,5.79,3.02,SPY220930C00405000,405.0,normalDay
2022-09-15,17399.0,-5299.0,0.0,100,390.12,447.0,0,0.0,0.0,,0.0,1,5.79,1.9,SPY220930C00405000,405.0,normalDay
2022-09-16,17399.0,-5679.0,0.0,100,385.56,447.0,0,0.0,0.0,,0.0,1,5.79,1.14,SPY220930C00405000,405.0,normalDay
2022-09-19,17399.0,-5395.0,0.0,100,388.55,447.0,0,0.0,0.0,,0.0,1,5.79,1.29,SPY220930C00405000,405.0,normalDay
2022-09-20,17399.0,-5791.0,0.0,100,384.09,447.0,0,0.0,0.0,,0.0,1,5.79,0.79,SPY220930C00405000,405.0,normalDay
2022-09-21,17399.0,-6407.0,0.0,100,377.39,447.0,0,0.0,0.0,,0.0,1,5.79,0.25,SPY220930C00405000,405.0,normalDay
2022-09-22,17399.0,-6705.0,0.0,100,374.22,447.0,0,0.0,0.0,,0.0,1,5.79,0.06,SPY220930C00405000,405.0,normalDay
2022-09-23,17399.0,-7328.0,0.0,100,367.95,447.0,0,0.0,0.0,,0.0,1,5.79,0.02,SPY220930C00405000,405.0,normalDay
2022-09-26,17399.0,-7692.0,0.0,100,364.31,447.0,0,0.0,0.0,,0.0,1,5.79,0.02,SPY220930C00405000,405.0,normalDay
2022-09-27,17399.0,-7784.0,0.0,100,363.38,447.0,0,0.0,0.0,,0.0,1,5.79,0.01,SPY220930C00405000,405.0,normalDay
2022-09-28,17399.0,-7069.0,0.0,100,370.53,447.0,0,0.0,0.0,,0.0,1,5.79,0.01,SPY220930C00405000,405.0,normalDay
2022-09-29,17399.0,-7843.0,0.0,100,362.79,447.0,0,0.0,0.0,,0.0,1,5.79,0.01,SPY220930C00405000,405.0,normalDay
2022-09-30,17978.0,-8982.0,579.0,100,357.18,447.0,0,0.0,0.0,,0.0,1,5.79,0.0,SPY220930C00405000,405.0,expirationDay
2022-10-03,17978.0,-8042.0,0.0,100,366.61,447.0,0,0.0,0.0,,0.0,1,0.34,0.37,SPY221216C00448000,448.0,normalDay
2022-10-04,17978.0,-6938.0,0.0,100,377.97,447.0,0,0.0,0.0,,0.0,1,0.34,0.69,SPY221216C00448000,448.0,normalDay
2022-10-05,17978.0,-7012.0,0.0,100,377.09,447.0,0,0.0,0.0,,0.0,1,0.34,0.55,SPY221216C00448000,448.0,normalDay
2022-10-06,17978.0,-7391.0,0.0,100,373.2,447.0,0,0.0,0.0,,0.0,1,0.34,0.45,SPY221216C00448000,448.0,normalDay
2022-10-07,17978.0,-8414.0,0.0,100,362.79,447.0,0,0.0,0.0,,0.0,1,0.34,0.27,SPY221216C00448000,448.0,normalDay
2022-10-10,17978.0,-8691.0,0.0,100,360.02,447.0,0,0.0,0.0,,0.0,1,0.34,0.27,SPY221216C00448000,448.0,normalDay
2022-10-11,17978.0,-8917.0,0.0,100,357.74,447.0,0,0.0,0.0,,0.0,1,0.34,0.25,SPY221216C00448000,448.0,normalDay
2022-10-12,17978.0,-9035.0,0.0,100,356.56,447.0,0,0.0,0.0,,0.0,1,0.34,0.25,SPY221216C00448000,448.0,normalDay
2022-10-13,17978.0,-8109.0,0.0,100,365.97,447.0,0,0.0,0.0,,0.0,1,0.34,0.4,SPY221216C00448000,448.0,normalDay
2022-10-14,17978.0,-8928.0,0.0,100,357.63,447.0,0,0.0,0.0,,0.0,1,0.34,0.25,SPY221216C00448000,448.0,normalDay
2022-10-17,17978.0,-8020.0,0.0,100,366.82,447.0,0,0.0,0.0,,0.0,1,0.34,0.36,SPY221216C00448000,448.0,normalDay
2022-10-18,17978.0,-7598.0,0.0,100,371.13,447.0,0,0.0,0.0,,0.0,1,0.34,0.45,SPY221216C00448000,448.0,normalDay
2022-10-19,17978.0,-7851.0,0.0,100,368.5,447.0,0,0.0,0.0,,0.0,1,0.34,0.35,SPY221216C00448000,448.0,normalDay
2022-10-20,17978.0,-8149.0,0.0,100,365.41,447.0,0,0.0,0.0,,0.0,1,0.34,0.24,SPY221216C00448000,448.0,normalDay
2022-10-21,17978.0,-7284.0,0.0,100,374.29,447.0,0,0.0,0.0,,0.0,1,0.34,0.47,SPY221216C00448000,448.0,normalDay
2022-10-24,17978.0,-6836.0,0.0,100,378.87,447.0,0,0.0,0.0,,0.0,1,0.34,0.57,SPY221216C00448000,448.0,normalDay
2022-10-25,17978.0,-6234.0,0.0,100,384.92,447.0,0,0.0,0.0,,0.0,1,0.34,0.6,SPY221216C00448000,448.0,normalDay
2022-10-26,17978.0,-6508.0,0.0,100,382.02,447.0,0,0.0,0.0,,0.0,1,0.34,0.44,SPY221216C00448000,448.0,normalDay
2022-10-27,17978.0,-6693.0,0.0,100,379.98,447.0,0,0.0,0.0,,0.0,1,0.34,0.25,SPY221216C00448000,448.0,normalDay
2022-10-28,17978.0,-5819.0,0.0,100,389.02,447.0,0,0.0,0.0,,0.0,1,0.34,0.55,SPY221216C00448000,448.0,normalDay
2022-10-31,17978.0,-6082.0,0.0,100,386.21,447.0,0,0.0,0.0,,0.0,1,0.34,0.37,SPY221216C00448000,448.0,normalDay
2022-11-01,17978.0,-6243.0,0.0,100,384.52,447.0,0,0.0,0.0,,0.0,1,0.34,0.29,SPY221216C00448000,448.0,normalDay
2022-11-02,17978.0,-7192.0,0.0,100,374.87,447.0,0,0.0,0.0,,0.0,1,0.34,0.13,SPY221216C00448000,448.0,normalDay
2022-11-03,17978.0,-7576.0,0.0,100,371.01,447.0,0,0.0,0.0,,0.0,1,0.34,0.11,SPY221216C00448000,448.0,normalDay
2022-11-04,17978.0,-7042.0,0.0,100,376.35,447.0,0,0.0,0.0,,0.0,1,0.34,0.11,SPY221216C00448000,448.0,normalDay
2022-11-07,17978.0,-6683.0,0.0,100,379.95,447.0,0,0.0,0.0,,0.0,1,0.34,0.12,SPY221216C00448000,448.0,normalDay
2022-11-08,17978.0,-6479.0,0.0,100,382.0,447.0,0,0.0,0.0,,0.0,1,0.34,0.13,SPY221216C00448000,448.0,normalDay
2022-11-09,17978.0,-7261.0,0.0,100,374.13,447.0,0,0.0,0.0,,0.0,1,0.34,0.08,SPY221216C00448000,448.0,normalDay
2022-11-10,17978.0,-5229.0,0.0,100,394.69,447.0,0,0.0,0.0,,0.0,1,0.34,0.32,SPY221216C00448000,448.0,normalDay
2022-11-11,17978.0,-4845.0,0.0,100,398.51,447.0,0,0.0,0.0,,0.0,1,0.34,0.3,SPY221216C00448000,448.0,normalDay
2022-11-14,17978.0,-5173.0,0.0,100,395.12,447.0,0,0.0,0.0,,0.0,1,0.34,0.19,SPY221216C00448000,448.0,normalDay
2022-11-15,17978.0,-4841.0,0.0,100,398.49,447.0,0,0.0,0.0,,0.0,1,0.34,0.24,SPY221216C00448000,448.0,normalDay
2022-11-16,17978.0,-5137.0,0.0,100,395.45,447.0,0,0.0,0.0,,0.0,1,0.34,0.16,SPY221216C00448000,448.0,normalDay
2022-11-17,17978.0,-5255.0,0.0,100,394.24,447.0,0,0.0,0.0,,0.0,1,0.34,0.13,SPY221216C00448000,448.0,normalDay
2022-11-18,17978.0,-5074.0,0.0,100,396.03,447.0,0,0.0,0.0,,0.0,1,0.34,0.11,SPY221216C00448000,448.0,normalDay
2022-11-21,17978.0,-5215.0,0.0,100,394.59,447.0,0,0.0,0.0,,0.0,1,0.34,0.08,SPY221216C00448000,448.0,normalDay
2022-11-22,17978.0,-4685.0,0.0,100,399.9,447.0,0,0.0,0.0,,0.0,1,0.34,0.09,SPY221216C00448000,448.0,normalDay
2022-11-23,17978.0,-4430.0,0.0,100,402.42,447.0,0,0.0,0.0,,0.0,1,0.34,0.06,SPY221216C00448000,448.0,normalDay
2022-11-25,17978.0,-4439.0,0.0,100,402.33,447.0,0,0.0,0.0,,0.0,1,0.34,0.06,SPY221216C00448000,448.0,normalDay
2022-11-28,17978.0,-5079.0,0.0,100,395.91,447.0,0,0.0,0.0,,0.0,1,0.34,0.04,SPY221216C00448000,448.0,normalDay
2022-11-29,17978.0,-5145.0,0.0,100,395.23,447.0,0,0.0,0.0,,0.0,1,0.34,0.02,SPY221216C00448000,448.0,normalDay
2022-11-30,17978.0,-3907.0,0.0,100,407.68,447.0,0,0.0,0.0,,0.0,1,0.34,0.09,SPY221216C00448000,448.0,normalDay
2022-12-01,17978.0,-3935.0,0.0,100,407.38,447.0,0,0.0,0.0,,0.0,1,0.34,0.07,SPY221216C00448000,448.0,normalDay
2022-12-02,17978.0,-3979.0,0.0,100,406.91,447.0,0,0.0,0.0,,0.0,1,0.34,0.04,SPY221216C00448000,448.0,normalDay
2022-12-05,17978.0,-4709.0,0.0,100,399.59,447.0,0,0.0,0.0,,0.0,1,0.34,0.02,SPY221216C00448000,448.0,normalDay
2022-12-06,17978.0,-5285.0,0.0,100,393.83,447.0,0,0.0,0.0,,0.0,1,0.34,0.02,SPY221216C00448000,448.0,normalDay
2022-12-07,17978.0,-5352.0,0.0,100,393.16,447.0,0,0.0,0.0,,0.0,1,0.34,0.02,SPY221216C00448000,448.0,normalDay
2022-12-08,17978.0,-5044.0,0.0,100,396.24,447.0,0,0.0,0.0,,0.0,1,0.34,0.02,SPY221216C00448000,448.0,normalDay
2022-12-09,17978.0,-5340.0,0.0,100,393.28,447.0,0,0.0,0.0,,0.0,1,0.34,0.02,SPY221216C00448000,448.0,normalDay
2022-12-12,17978.0,-4773.0,0.0,100,398.95,447.0,0,0.0,0.0,,0.0,1,0.34,0.02,SPY221216C00448000,448.0,normalDay
2022-12-13,17978.0,-4470.0,0.0,100,401.97,447.0,0,0.0,0.0,,0.0,1,0.34,0.01,SPY221216C00448000,448.0,normalDay
2022-12-14,17978.0,-4727.0,0.0,100,399.4,447.0,0,0.0,0.0,,0.0,1,0.34,0.01,SPY221216C00448000,448.0,normalDay
2022-12-15,17978.0,-5704.0,0.0,100,389.63,447.0,0,0.0,0.0,,0.0,1,0.34,0.01,SPY221216C00448000,448.0,normalDay
2022-12-16,18012.0,-6373.0,34.0,100,383.27,447.0,0,0.0,0.0,,0.0,1,0.34,0.0,SPY221216C00448000,448.0,expirationDay
2022-12-19,18012.0,-6701.0,0.0,100,380.02,447.0,0,0.0,0.0,,0.0,1,0.86,0.89,SPY230217C00427000,427.0,normalDay
2022-12-20,18012.0,-6646.0,0.0,100,380.54,447.0,0,0.0,0.0,,0.0,1,0.86,0.86,SPY230217C00427000,427.0,normalDay
2022-12-21,18012.0,-6104.0,0.0,100,386.23,447.0,0,0.0,0.0,,0.0,1,0.86,1.13,SPY230217C00427000,427.0,normalDay
2022-12-22,18012.0,-6628.0,0.0,100,380.72,447.0,0,0.0,0.0,,0.0,1,0.86,0.86,SPY230217C00427000,427.0,normalDay
2022-12-23,18012.0,-6407.0,0.0,100,382.91,447.0,0,0.0,0.0,,0.0,1,0.86,0.84,SPY230217C00427000,427.0,normalDay
2022-12-27,18012.0,-6548.0,0.0,100,381.4,447.0,0,0.0,0.0,,0.0,1,0.86,0.74,SPY230217C00427000,427.0,normalDay
2022-12-28,18012.0,-6999.0,0.0,100,376.66,447.0,0,0.0,0.0,,0.0,1,0.86,0.51,SPY230217C00427000,427.0,normalDay
2022-12-29,18012.0,-6344.0,0.0,100,383.44,447.0,0,0.0,0.0,,0.0,1,0.86,0.74,SPY230217C00427000,427.0,normalDay
2022-12-30,18012.0,-6437.0,0.0,100,382.43,447.0,0,0.0,0.0,,0.0,1,0.86,0.66,SPY230217C00427000,427.0,normalDay
2023-01-03,18012.0,-6581.0,0.0,100,380.82,447.0,0,0.0,0.0,,0.0,1,0.86,0.49,SPY230217C00427000,427.0,normalDay
2023-01-04,18012.0,-6292.0,0.0,100,383.76,447.0,0,0.0,0.0,,0.0,1,0.86,0.54,SPY230217C00427000,427.0,normalDay
2023-01-05,18012.0,-6712.0,0.0,100,379.38,447.0,0,0.0,0.0,,0.0,1,0.86,0.36,SPY230217C00427000,427.0,normalDay
2023-01-06,18012.0,-5869.0,0.0,100,388.08,447.0,0,0.0,0.0,,0.0,1,0.86,0.63,SPY230217C00427000,427.0,normalDay
2023-01-09,18012.0,-5888.0,0.0,100,387.86,447.0,0,0.0,0.0,,0.0,1,0.86,0.6,SPY230217C00427000,427.0,normalDay
2023-01-10,18012.0,-5617.0,0.0,100,390.58,447.0,0,0.0,0.0,,0.0,1,0.86,0.61,SPY230217C00427000,427.0,normalDay
2023-01-11,18012.0,-5168.0,0.0,100,395.52,447.0,0,0.0,0.0,,0.0,1,0.86,1.06,SPY230217C00427000,427.0,normalDay
2023-01-12,18012.0,-4998.0,0.0,100,396.96,447.0,0,0.0,0.0,,0.0,1,0.86,0.8,SPY230217C00427000,427.0,normalDay
2023-01-13,18012.0,-4832.0,0.0,100,398.5,447.0,0,0.0,0.0,,0.0,1,0.86,0.68,SPY230217C00427000,427.0,normalDay
2023-01-17,18012.0,-4890.0,0.0,100,397.77,447.0,0,0.0,0.0,,0.0,1,0.86,0.53,SPY230217C00427000,427.0,normalDay
2023-01-18,18012.0,-5490.0,0.0,100,391.49,447.0,0,0.0,0.0,,0.0,1,0.86,0.25,SPY230217C00427000,427.0,normalDay
2023-01-19,18012.0,-5766.0,0.0,100,388.64,447.0,0,0.0,0.0,,0.0,1,0.86,0.16,SPY230217C00427000,427.0,normalDay
2023-01-20,18012.0,-5058.0,0.0,100,395.88,447.0,0,0.0,0.0,,0.0,1,0.86,0.32,SPY230217C00427000,427.0,normalDay
2023-01-23,18012.0,-4605.0,0.0,100,400.63,447.0,0,0.0,0.0,,0.0,1,0.86,0.54,SPY230217C00427000,427.0,normalDay
2023-01-24,18012.0,-4646.0,0.0,100,400.2,447.0,0,0.0,0.0,,0.0,1,0.86,0.52,SPY230217C00427000,427.0,normalDay
2023-01-25,18012.0,-4619.0,0.0,100,400.35,447.0,0,0.0,0.0,,0.0,1,0.86,0.4,SPY230217C00427000,427.0,normalDay
2023-01-26,18012.0,-4203.0,0.0,100,404.75,447.0,0,0.0,0.0,,0.0,1,0.86,0.64,SPY230217C00427000,427.0,normalDay
2023-01-27,18012.0,-4111.0,0.0,100,405.68,447.0,0,0.0,0.0,,0.0,1,0.86,0.65,SPY230217C00427000,427.0,normalDay
2023-01-30,18012.0,-4592.0,0.0,100,400.59,447.0,0,0.0,0.0,,0.0,1,0.86,0.37,SPY230217C00427000,427.0,normalDay
2023-01-31,18012.0,-4028.0,0.0,100,406.48,447.0,0,0.0,0.0,,0.0,1,0.86,0.62,SPY230217C00427000,427.0,normalDay
2023-02-01,18012.0,-3634.0,0.0,100,410.8,447.0,0,0.0,0.0,,0.0,1,0.86,1.0,SPY230217C00427000,427.0,normalDay
2023-02-02,18012.0,-3121.0,0.0,100,416.78,447.0,0,0.0,0.0,,0.0,1,0.86,1.85,SPY230217C00427000,427.0,normalDay
2023-02-03,18012.0,-3483.0,0.0,100,412.35,447.0,0,0.0,0.0,,0.0,1,0.86,1.04,SPY230217C00427000,427.0,normalDay
2023-02-06,18012.0,-3694.0,0.0,100,409.83,447.0,0,0.0,0.0,,0.0,1,0.86,0.63,SPY230217C00427000,427.0,normalDay
2023-02-07,18012.0,-3198.0,0.0,100,415.19,447.0,0,0.0,0.0,,0.0,1,0.86,1.03,SPY230217C00427000,427.0,normalDay
2023-02-08,18012.0,-3600.0,0.0,100,410.65,447.0,0,0.0,0.0,,0.0,1,0.86,0.51,SPY230217C00427000,427.0,normalDay
2023-02-09,18012.0,-3934.0,0.0,100,407.09,447.0,0,0.0,0.0,,0.0,1,0.86,0.29,SPY230217C00427000,427.0,normalDay
2023-02-10,18012.0,-3829.0,0.0,100,408.04,447.0,0,0.0,0.0,,0.0,1,0.86,0.19,SPY230217C00427000,427.0,normalDay
2023-02-13,18012.0,-3368.0,0.0,100,412.83,447.0,0,0.0,0.0,,0.0,1,0.86,0.37,SPY230217C00427000,427.0,normalDay
2023-02-14,18012.0,-3355.0,0.0,100,412.64,447.0,0,0.0,0.0,,0.0,1,0.86,0.05,SPY230217C00427000,427.0,normalDay
2023-02-15,18012.0,-3218.0,0.0,100,413.98,447.0,0,0.0,0.0,,0.0,1,0.86,0.02,SPY230217C00427000,427.0,normalDay
2023-02-16,18012.0,-3787.0,0.0,100,408.28,447.0,0,0.0,0.0,,0.0,1,0.86,0.01,SPY230217C00427000,427.0,normalDay
2023-02-17,18098.0,-3974.0,86.0,100,407.26,447.0,0,0.0,0.0,,0.0,1,0.86,0.0,SPY230217C00427000,427.0,expirationDay
2023-02-21,18098.0,-4796.0,0.0,100,399.09,447.0,0,0.0,0.0,,0.0,1,3.66,3.71,SPY230519C00430000,430.0,normalDay
2023-02-22,18098.0,-4808.0,0.0,100,398.54,447.0,0,0.0,0.0,,0.0,1,3.66,3.28,SPY230519C00430000,430.0,normalDay
2023-02-23,18098.0,-4602.0,0.0,100,400.66,447.0,0,0.0,0.0,,0.0,1,3.66,3.34,SPY230519C00430000,430.0,normalDay
2023-02-24,18098.0,-4966.0,0.0,100,396.38,447.0,0,0.0,0.0,,0.0,1,3.66,2.7,SPY230519C00430000,430.0,normalDay
2023-02-27,18098.0,-4828.0,0.0,100,397.73,447.0,0,0.0,0.0,,0.0,1,3.66,2.67,SPY230519C00430000,430.0,normalDay
2023-02-28,18098.0,-4926.0,0.0,100,396.26,447.0,0,0.0,0.0,,0.0,1,3.66,2.18,SPY230519C00430000,430.0,normalDay
2023-03-01,18098.0,-5065.0,0.0,100,394.74,447.0,0,0.0,0.0,,0.0,1,3.66,2.05,SPY230519C00430000,430.0,normalDay
2023-03-02,18098.0,-4786.0,0.0,100,397.81,447.0,0,0.0,0.0,,0.0,1,3.66,2.33,SPY230519C00430000,430.0,normalDay
2023-03-03,18098.0,-4268.0,0.0,100,404.19,447.0,0,0.0,0.0,,0.0,1,3.66,3.53,SPY230519C00430000,430.0,normalDay
2023-03-06,18098.0,-4231.0,0.0,100,404.47,447.0,0,0.0,0.0,,0.0,1,3.66,3.44,SPY230519C00430000,430.0,normalDay
2023-03-07,18098.0,-4732.0,0.0,100,398.27,447.0,0,0.0,0.0,,0.0,1,3.66,2.25,SPY230519C00430000,430.0,normalDay
2023-03-08,18098.0,-4658.0,0.0,100,398.92,447.0,0,0.0,0.0,,0.0,1,3.66,2.16,SPY230519C00430000,430.0,normalDay
2023-03-09,18098.0,-5330.0,0.0,100,391.56,447.0,0,0.0,0.0,,0.0,1,3.66,1.52,SPY230519C00430000,430.0,normalDay
2023-03-10,18098.0,-5837.0,0.0,100,385.91,447.0,0,0.0,0.0,,0.0,1,3.66,0.94,SPY230519C00430000,430.0,normalDay
2023-03-13,18098.0,-5897.0,0.0,100,385.36,447.0,0,0.0,0.0,,0.0,1,3.66,0.99,SPY230519C00430000,430.0,normalDay
2023-03-14,18098.0,-5276.0,0.0,100,391.73,447.0,0,0.0,0.0,,0.0,1,3.66,1.15,SPY230519C00430000,430.0,normalDay
2023-03-15,18098.0,-5510.0,0.0,100,389.28,447.0,0,0.0,0.0,,0.0,1,3.66,1.04,SPY230519C00430000,430.0,normalDay
2023-03-16,18098.0,-4877.0,0.0,100,396.11,447.0,0,0.0,0.0,,0.0,1,3.66,1.54,SPY230519C00430000,430.0,normalDay
2023-03-17,18098.0,-5467.0,0.0,100,389.99,447.0,0,0.0,0.0,,0.0,1,3.66,1.32,SPY230519C00430000,430.0,normalDay
2023-03-20,18098.0,-5100.0,0.0,100,393.74,447.0,0,0.0,0.0,,0.0,1,3.66,1.4,SPY230519C00430000,430.0,normalDay
2023-03-21,18098.0,-4633.0,0.0,100,398.91,447.0,0,0.0,0.0,,0.0,1,3.66,1.9,SPY230519C00430000,430.0,normalDay
2023-03-22,18098.0,-5227.0,0.0,100,392.11,447.0,0,0.0,0.0,,0.0,1,3.66,1.04,SPY230519C00430000,430.0,normalDay
2023-03-23,18098.0,-5129.0,0.0,100,393.17,447.0,0,0.0,0.0,,0.0,1,3.66,1.12,SPY230519C00430000,430.0,normalDay
2023-03-24,18098.0,-4882.0,0.0,100,395.75,447.0,0,0.0,0.0,,0.0,1,3.66,1.23,SPY230519C00430000,430.0,normalDay
2023-03-27,18098.0,-4790.0,0.0,100,396.49,447.0,0,0.0,0.0,,0.0,1,3.66,1.05,SPY230519C00430000,430.0,normalDay
2023-03-28,18098.0,-4866.0,0.0,100,395.6,447.0,0,0.0,0.0,,0.0,1,3.66,0.92,SPY230519C00430000,430.0,normalDay
2023-03-29,18098.0,-4337.0,0.0,100,401.35,447.0,0,0.0,0.0,,0.0,1,3.66,1.38,SPY230519C00430000,430.0,normalDay
2023-03-30,18098.0,-4127.0,0.0,100,403.7,447.0,0,0.0,0.0,,0.0,1,3.66,1.63,SPY230519C00430000,430.0,normalDay
2023-03-31,18098.0,-3666.0,0.0,100,409.39,447.0,0,0.0,0.0,,0.0,1,3.66,2.71,SPY230519C00430000,430.0,normalDay
2023-04-03,18098.0,-3513.0,0.0,100,410.95,447.0,0,0.0,0.0,,0.0,1,3.66,2.74,SPY230519C00430000,430.0,normalDay
2023-04-04,18098.0,-3680.0,0.0,100,408.67,447.0,0,0.0,0.0,,0.0,1,3.66,2.13,SPY230519C00430000,430.0,normalDay
2023-04-05,18098.0,-3753.0,0.0,100,407.6,447.0,0,0.0,0.0,,0.0,1,3.66,1.79,SPY230519C00430000,430.0,normalDay
2023-04-06,18098.0,-3603.0,0.0,100,409.19,447.0,0,0.0,0.0,,0.0,1,3.66,1.88,SPY230519C00430000,430.0,normalDay
2023-04-10,18098.0,-3556.0,0.0,100,409.61,447.0,0,0.0,0.0,,0.0,1,3.66,1.83,SPY230519C00430000,430.0,normalDay
2023-04-11,18098.0,-3538.0,0.0,100,409.72,447.0,0,0.0,0.0,,0.0,1,3.66,1.76,SPY230519C00430000,430.0,normalDay
2023-04-12,18098.0,-3648.0,0.0,100,408.05,447.0,0,0.0,0.0,,0.0,1,3.66,1.19,SPY230519C00430000,430.0,normalDay
2023-04-13,18098.0,-3187.0,0.0,100,413.47,447.0,0,0.0,0.0,,0.0,1,3.66,2.0,SPY230519C00430000,430.0,normalDay
2023-04-14,18098.0,-3243.0,0.0,100,412.46,447.0,0,0.0,0.0,,0.0,1,3.66,1.55,SPY230519C00430000,430.0,normalDay
2023-04-17,18098.0,-3095.0,0.0,100,413.94,447.0,0,0.0,0.0,,0.0,1,3.66,1.55,SPY230519C00430000,430.0,normalDay
2023-04-18,18098.0,-3046.0,0.0,100,414.21,447.0,0,0.0,0.0,,0.0,1,3.66,1.33,SPY230519C00430000,430.0,normalDay
2023-04-19,18098.0,-3035.0,0.0,100,414.14,447.0,0,0.0,0.0,,0.0,1,3.66,1.15,SPY230519C00430000,430.0,normalDay
2023-04-20,18098.0,-3224.0,0.0,100,411.88,447.0,0,0.0,0.0,,0.0,1,3.66,0.78,SPY230519C00430000,430.0,normalDay
2023-04-21,18098.0,-3180.0,0.0,100,412.2,447.0,0,0.0,0.0,,0.0,1,3.66,0.66,SPY230519C00430000,430.0,normalDay
2023-04-24,18098.0,-3129.0,0.0,100,412.63,447.0,0,0.0,0.0,,0.0,1,3.66,0.58,SPY230519C00430000,430.0,normalDay
2023-04-25,18098.0,-3752.0,0.0,100,406.08,447.0,0,0.0,0.0,,0.0,1,3.66,0.26,SPY230519C00430000,430.0,normalDay
2023-04-26,18098.0,-3912.0,0.0,100,404.36,447.0,0,0.0,0.0,,0.0,1,3.66,0.14,SPY230519C00430000,430.0,normalDay
2023-04-27,18098.0,-3145.0,0.0,100,412.41,447.0,0,0.0,0.0,,0.0,1,3.66,0.52,SPY230519C00430000,430.0,normalDay
2023-04-28,18098.0,-2809.0,0.0,100,415.93,447.0,0,0.0,0.0,,0.0,1,3.66,0.68,SPY230519C00430000,430.0,normalDay
2023-05-01,18098.0,-2834.0,0.0,100,415.51,447.0,0,0.0,0.0,,0.0,1,3.66,0.51,SPY230519C00430000,430.0,normalDay
2023-05-02,18098.0,-3271.0,0.0,100,410.84,447.0,0,0.0,0.0,,0.0,1,3.66,0.21,SPY230519C00430000,430.0,normalDay
2023-05-03,18098.0,-3546.0,0.0,100,408.02,447.0,0,0.0,0.0,,0.0,1,3.66,0.14,SPY230519C00430000,430.0,normalDay
2023-05-04,18098.0,-3829.0,0.0,100,405.13,447.0,0,0.0,0.0,,0.0,1,3.66,0.08,SPY230519C00430000,430.0,normalDay
2023-05-05,18098.0,-3082.0,0.0,100,412.63,447.0,0,0.0,0.0,,0.0,1,3.66,0.11,SPY230519C00430000,430.0,normalDay
2023-05-08,18098.0,-3067.0,0.0,100,412.74,447.0,0,0.0,0.0,,0.0,1,3.66,0.07,SPY230519C00430000,430.0,normalDay
2023-05-09,18098.0,-3246.0,0.0,100,410.93,447.0,0,0.0,0.0,,0.0,1,3.66,0.05,SPY230519C00430000,430.0,normalDay
2023-05-10,18098.0,-3054.0,0.0,100,412.85,447.0,0,0.0,0.0,,0.0,1,3.66,0.05,SPY230519C00430000,430.0,normalDay
2023-05-11,18098.0,-3124.0,0.0,100,412.13,447.0,0,0.0,0.0,,0.0,1,3.66,0.03,SPY230519C00430000,430.0,normalDay
2023-05-12,18098.0,-3177.0,0.0,100,411.59,447.0,0,0.0,0.0,,0.0,1,3.66,0.02,SPY230519C00430000,430.0,normalDay
2023-05-15,18098.0,-3034.0,0.0,100,413.01,447.0,0,0.0,0.0,,0.0,1,3.66,0.01,SPY230519C00430000,430.0,normalDay
2023-05-16,18098.0,-3311.0,0.0,100,410.25,447.0,0,0.0,0.0,,0.0,1,3.66,0.02,SPY230519C00430000,430.0,normalDay
2023-05-17,18098.0,-2812.0,0.0,100,415.23,447.0,0,0.0,0.0,,0.0,1,3.66,0.01,SPY230519C00430000,430.0,normalDay
2023-05-18,18098.0,-2413.0,0.0,100,419.23,447.0,0,0.0,0.0,,0.0,1,3.66,0.02,SPY230519C00430000,430.0,normalDay
2023-05-19,18464.0,-2838.0,366.0,100,418.62,447.0,0,0.0,0.0,,0.0,1,3.66,0.0,SPY230519C00430000,430.0,expirationDay
2023-05-22,18464.0,-2825.0,0.0,100,418.79,447.0,0,0.0,0.0,,0.0,1,4.72,4.76,SPY230721C00430000,430.0,normalDay
2023-05-23,18464.0,-3140.0,0.0,100,414.09,447.0,0,0.0,0.0,,0.0,1,4.72,3.21,SPY230721C00430000,430.0,normalDay
2023-05-24,18464.0,-3378.0,0.0,100,411.09,447.0,0,0.0,0.0,,0.0,1,4.72,2.59,SPY230721C00430000,430.0,normalDay
2023-05-25,18464.0,-3084.0,0.0,100,414.65,447.0,0,0.0,0.0,,0.0,1,4.72,3.21,SPY230721C00430000,430.0,normalDay
2023-05-26,18464.0,-2725.0,0.0,100,420.02,447.0,0,0.0,0.0,,0.0,1,4.72,4.99,SPY230721C00430000,430.0,normalDay
2023-05-30,18464.0,-2673.0,0.0,100,420.18,447.0,0,0.0,0.0,,0.0,1,4.72,4.63,SPY230721C00430000,430.0,normalDay
2023-05-31,18464.0,-2787.0,0.0,100,417.85,447.0,0,0.0,0.0,,0.0,1,4.72,3.44,SPY230721C00430000,430.0,normalDay
2023-06-01,18464.0,-2497.0,0.0,100,421.82,447.0,0,0.0,0.0,,0.0,1,4.72,4.51,SPY230721C00430000,430.0,normalDay
2023-06-02,18464.0,-2156.0,0.0,100,427.92,447.0,0,0.0,0.0,,0.0,1,4.72,7.2,SPY230721C00430000,430.0,normalDay
2023-06-05,18464.0,-2171.0,0.0,100,427.1,447.0,0,0.0,0.0,,0.0,1,4.72,6.53,SPY230721C00430000,430.0,normalDay
2023-06-06,18464.0,-2089.0,0.0,100,428.03,447.0,0,0.0,0.0,,0.0,1,4.72,6.64,SPY230721C00430000,430.0,normalDay
2023-06-07,18464.0,-2128.0,0.0,100,426.55,447.0,0,0.0,0.0,,0.0,1,4.72,5.55,SPY230721C00430000,430.0,normalDay
2023-06-08,18464.0,-1965.0,0.0,100,429.13,447.0,0,0.0,0.0,,0.0,1,4.72,6.5,SPY230721C00430000,430.0,normalDay
2023-06-09,18464.0,-1956.0,0.0,100,429.9,447.0,0,0.0,0.0,,0.0,1,4.72,7.18,SPY230721C00430000,430.0,normalDay
2023-06-12,18464.0,-1813.0,0.0,100,433.8,447.0,0,0.0,0.0,,0.0,1,4.72,9.65,SPY230721C00430000,430.0,normalDay
2023-06-13,18464.0,-1725.0,0.0,100,436.66,447.0,0,0.0,0.0,,0.0,1,4.72,11.63,SPY230721C00430000,430.0,normalDay
2023-06-14,18464.0,-1705.0,0.0,100,437.18,447.0,0,0.0,0.0,,0.0,1,4.72,11.95,SPY230721C00430000,430.0,normalDay
2023-06-15,18464.0,-1532.0,0.0,100,442.6,447.0,0,0.0,0.0,,0.0,1,4.72,15.64,SPY230721C00430000,430.0,normalDay
2023-06-16,18464.0,-1768.0,0.0,100,439.46,447.0,0,0.0,0.0,,0.0,1,4.72,14.86,SPY230721C00430000,430.0,normalDay
2023-06-20,18464.0,-1721.0,0.0,100,437.18,447.0,0,0.0,0.0,,0.0,1,4.72,12.11,SPY230721C00430000,430.0,normalDay
2023-06-21,18464.0,-1778.0,0.0,100,434.94,447.0,0,0.0,0.0,,0.0,1,4.72,10.44,SPY230721C00430000,430.0,normalDay
2023-06-22,18464.0,-1680.0,0.0,100,436.51,447.0,0,0.0,0.0,,0.0,1,4.72,11.03,SPY230721C00430000,430.0,normalDay
2023-06-23,18464.0,-1763.0,0.0,100,433.21,447.0,0,0.0,0.0,,0.0,1,4.72,8.56,SPY230721C00430000,430.0,normalDay
2023-06-26,18464.0,-1804.0,0.0,100,431.44,447.0,0,0.0,0.0,,0.0,1,4.72,7.2,SPY230721C00430000,430.0,normalDay
2023-06-27,18464.0,-1612.0,0.0,100,436.17,447.0,0,0.0,0.0,,0.0,1,4.72,10.01,SPY230721C00430000,430.0,normalDay
2023-06-28,18464.0,-1640.0,0.0,100,436.39,447.0,0,0.0,0.0,,0.0,1,4.72,10.51,SPY230721C00430000,430.0,normalDay
2023-06-29,18464.0,-1557.0,0.0,100,438.11,447.0,0,0.0,0.0,,0.0,1,4.72,11.4,SPY230721C00430000,430.0,normalDay
2023-06-30,18464.0,-1488.0,0.0,100,443.28,447.0,0,0.0,0.0,,0.0,1,4.72,15.88,SPY230721C00430000,430.0,normalDay
2023-07-03,18464.0,-1461.0,0.0,100,443.79,447.0,0,0.0,0.0,,0.0,1,4.72,16.12,SPY230721C00430000,430.0,normalDay
2023-07-05,18464.0,-1428.0,0.0,100,443.13,447.0,0,0.0,0.0,,0.0,1,4.72,15.13,SPY230721C00430000,430.0,normalDay
2023-07-06,18464.0,-1478.0,0.0,100,439.66,447.0,0,0.0,0.0,,0.0,1,4.72,12.16,SPY230721C00430000,430.0,normalDay
2023-07-07,18464.0,-1477.0,0.0,100,438.55,447.0,0,0.0,0.0,,0.0,1,4.72,11.04,SPY230721C00430000,430.0,normalDay
2023-07-10,18464.0,-1424.0,0.0,100,439.66,447.0,0,0.0,0.0,,0.0,1,4.72,11.62,SPY230721C00430000,430.0,normalDay
2023-07-11,18464.0,-1354.0,0.0,100,442.46,447.0,0,0.0,0.0,,0.0,1,4.72,13.72,SPY230721C00430000,430.0,normalDay
2023-07-12,18464.0,-1353.0,0.0,100,446.02,447.0,0,0.0,0.0,,0.0,1,4.72,17.27,SPY230721C00430000,430.0,normalDay
2023-07-13,18464.0,-1288.0,0.0,100,449.56,447.0,0,0.0,0.0,,0.0,1,4.72,20.16,SPY230721C00430000,430.0,normalDay
2023-07-14,18464.0,-1257.0,0.0,100,449.28,447.0,0,0.0,0.0,,0.0,1,4.72,19.57,SPY230721C00430000,430.0,normalDay
2023-07-17,18464.0,-1237.0,0.0,100,450.84,447.0,0,0.0,0.0,,0.0,1,4.72,20.93,SPY230721C00430000,430.0,normalDay
2023-07-18,18464.0,-1255.0,0.0,100,454.19,447.0,0,0.0,0.0,,0.0,1,4.72,24.46,SPY230721C00430000,430.0,normalDay
2023-07-19,18464.0,-1252.0,0.0,100,455.2,447.0,0,0.0,0.0,,0.0,1,4.72,25.44,SPY230721C00430000,430.0,normalDay
2023-07-20,18464.0,-1277.0,0.0,100,452.18,447.0,0,0.0,0.0,,0.0,1,4.72,22.67,SPY230721C00430000,430.0,normalDay
2023-07-21,17236.0,-1277.0,-1228.0,0,452.18,0.0,0,0.0,0.0,,0.0,1,4.72,0.0,SPY230721C00430000,430.0,expirationDay
2023-07-24,17236.0,-3.0,0.0,0,454.2,0.0,1,1.28,1.31,SPY230811P00443000,443.0,0,0.0,0.0,,0.0,normalDay
2023-07-25,17236.0,15.0,0.0,0,455.44,0.0,1,1.28,1.13,SPY230811P00443000,443.0,0,0.0,0.0,,0.0,normalDay
2023-07-26,17236.0,45.0,0.0,0,455.51,0.0,1,1.28,0.83,SPY230811P00443000,443.0,0,0.0,0.0,,0.0,normalDay
2023-07-27,17236.0,-10.0,0.0,0,452.49,0.0,1,1.28,1.38,SPY230811P00443000,443.0,0,0.0,0.0,,0.0,normalDay
2023-07-28,17236.0,70.0,0.0,0,456.92,0.0,1,1.28,0.58,SPY230811P00443000,443.0,0,0.0,0.0,,0.0,normalDay
2023-07-31,17236.0,84.0,0.0,0,457.79,0.0,1,1.28,0.44,SPY230811P00443000,443.0,0,0.0,0.0,,0.0,normalDay
2023-08-01,17236.0,80.0,0.0,0,456.48,0.0,1,1.28,0.48,SPY230811P00443000,443.0,0,0.0,0.0,,0.0,normalDay
2023-08-02,17236.0,-15.0,0.0,0,450.13,0.0,1,1.28,1.43,SPY230811P00443000,443.0,0,0.0,0.0,,0.0,normalDay
2023-08-03,17236.0,1.0,0.0,0,448.84,0.0,1,1.28,1.27,SPY230811P00443000,443.0,0,0.0,0.0,,0.0,normalDay
2023-08-04,17236.0,-63.0,0.0,0,446.81,0.0,1,1.28,1.91,SPY230811P00443000,443.0,0,0.0,0.0,,0.0,normalDay
2023-08-07,17236.0,73.0,0.0,0,450.71,0.0,1,1.28,0.55,SPY230811P00443000,443.0,0,0.0,0.0,,0.0,normalDay
2023-08-08,17236.0,61.0,0.0,0,448.75,0.0,1,1.28,0.67,SPY230811P00443000,443.0,0,0.0,0.0,,0.0,normalDay
2023-08-09,17236.0,13.0,0.0,0,445.75,0.0,1,1.28,1.15,SPY230811P00443000,443.0,0,0.0,0.0,,0.0,normalDay
2023-08-10,17236.0,66.0,0.0,0,445.91,0.0,1,1.28,0.62,SPY230811P00443000,443.0,0,0.0,0.0,,0.0,normalDay
2023-08-11,17364.0,0.0,128.0,0,445.65,0.0,1,1.28,0.0,SPY230811P00443000,443.0,0,0.0,0.0,,0.0,expirationDay
2023-08-14,17364.0,-3.0,0.0,0,448.11,0.0,1,5.86,5.89,SPY230901P00451000,451.0,0,0.0,0.0,,0.0,normalDay
2023-08-15,17364.0,-363.0,0.0,0,442.89,0.0,1,5.86,9.49,SPY230901P00451000,451.0,0,0.0,0.0,,0.0,normalDay
2023-08-16,17364.0,-585.0,0.0,0,439.64,0.0,1,5.86,11.71,SPY230901P00451000,451.0,0,0.0,0.0,,0.0,normalDay
2023-08-17,17364.0,-915.0,0.0,0,436.29,0.0,1,5.86,15.01,SPY230901P00451000,451.0,0,0.0,0.0,,0.0,normalDay
2023-08-18,17364.0,-877.0,0.0,0,436.5,0.0,1,5.86,14.63,SPY230901P00451000,451.0,0,0.0,0.0,,0.0,normalDay
2023-08-21,17364.0,-638.0,0.0,0,439.34,0.0,1,5.86,12.24,SPY230901P00451000,451.0,0,0.0,0.0,,0.0,normalDay
2023-08-22,17364.0,-714.0,0.0,0,438.15,0.0,1,5.86,13.0,SPY230901P00451000,451.0,0,0.0,0.0,,0.0,normalDay
2023-08-23,17364.0,-268.0,0.0,0,443.03,0.0,1,5.86,8.54,SPY230901P00451000,451.0,0,0.0,0.0,,0.0,normalDay
2023-08-24,17364.0,-840.0,0.0,0,436.89,0.0,1,5.86,14.26,SPY230901P00451000,451.0,0,0.0,0.0,,0.0,normalDay
2023-08-25,17364.0,-529.0,0.0,0,439.97,0.0,1,5.86,11.15,SPY230901P00451000,451.0,0,0.0,0.0,,0.0,normalDay
2023-08-28,17364.0,-245.0,0.0,0,442.76,0.0,1,5.86,8.31,SPY230901P00451000,451.0,0,0.0,0.0,,0.0,normalDay
2023-08-29,17364.0,284.0,0.0,0,449.16,0.0,1,5.86,3.02,SPY230901P00451000,451.0,0,0.0,0.0,,0.0,normalDay
2023-08-30,17364.0,416.0,0.0,0,451.01,0.0,1,5.86,1.7,SPY230901P00451000,451.0,0,0.0,0.0,,0.0,normalDay
2023-08-31,17364.0,441.0,0.0,0,450.35,0.0,1,5.86,1.45,SPY230901P00451000,451.0,0,0.0,0.0,,0.0,normalDay
2023-09-01,17950.0,0.0,586.0,0,451.19,0.0,1,5.86,0.0,SPY230901P00451000,451.0,0,0.0,0.0,,0.0,expirationDay
2023-09-05,17950.0,-4.0,0.0,0,449.24,0.0,1,2.57,2.61,SPY230922P00443000,443.0,0,0.0,0.0,,0.0,normalDay
2023-09-06,17950.0,-102.0,0.0,0,446.22,0.0,1,2.57,3.59,SPY230922P00443000,443.0,0,0.0,0.0,,0.0,normalDay
2023-09-07,17950.0,-143.0,0.0,0,444.85,0.0,1,2.57,4.0,SPY230922P00443000,443.0,0,0.0,0.0,,0.0,normalDay
2023-09-08,17950.0,-60.0,0.0,0,445.52,0.0,1,2.57,3.17,SPY230922P00443000,443.0,0,0.0,0.0,,0.0,normalDay
2023-09-11,17950.0,55.0,0.0,0,448.45,0.0,1,2.57,2.02,SPY230922P00443000,443.0,0,0.0,0.0,,0.0,normalDay
2023-09-12,17950.0,-21.0,0.0,0,445.99,0.0,1,2.57,2.78,SPY230922P00443000,443.0,0,0.0,0.0,,0.0,normalDay
2023-09-13,17950.0,51.0,0.0,0,446.51,0.0,1,2.57,2.06,SPY230922P00443000,443.0,0,0.0,0.0,,0.0,normalDay
2023-09-14,17950.0,177.0,0.0,0,450.36,0.0,1,2.57,0.8,SPY230922P00443000,443.0,0,0.0,0.0,,0.0,normalDay
2023-09-15,17950.0,21.0,0.0,0,443.37,0.0,1,2.57,2.36,SPY230922P00443000,443.0,0,0.0,0.0,,0.0,normalDay
2023-09-18,17950.0,56.0,0.0,0,443.63,0.0,1,2.57,2.01,SPY230922P00443000,443.0,0,0.0,0.0,,0.0,normalDay
2023-09-19,17950.0,30.0,0.0,0,442.71,0.0,1,2.57,2.27,SPY230922P00443000,443.0,0,0.0,0.0,,0.0,normalDay
2023-09-20,17950.0,-234.0,0.0,0,438.64,0.0,1,2.57,4.91,SPY230922P00443000,443.0,0,0.0,0.0,,0.0,normalDay
2023-09-21,17950.0,-924.0,0.0,0,431.39,0.0,1,2.57,11.81,SPY230922P00443000,443.0,0,0.0,0.0,,0.0,normalDay
2023-09-22,18207.0,-1258.0,257.0,100,430.42,443.0,1,2.57,0.0,SPY230922P00443000,443.0,0,0.0,0.0,,0.0,expirationDay
2023-09-25,18207.0,-1081.0,0.0,100,432.23,443.0,0,0.0,0.0,,0.0,1,0.94,0.98,SPY231215C00471000,471.0,normalDay
2023-09-26,18207.0,-1690.0,0.0,100,425.88,443.0,0,0.0,0.0,,0.0,1,0.94,0.72,SPY231215C00471000,471.0,normalDay
2023-09-27,18207.0,-1668.0,0.0,100,426.05,443.0,0,0.0,0.0,,0.0,1,0.94,0.67,SPY231215C00471000,471.0,normalDay
2023-09-28,18207.0,-1429.0,0.0,100,428.52,443.0,0,0.0,0.0,,0.0,1,0.94,0.75,SPY231215C00471000,471.0,normalDay
2023-09-29,18207.0,-1525.0,0.0,100,427.48,443.0,0,0.0,0.0,,0.0,1,0.94,0.67,SPY231215C00471000,471.0,normalDay
2023-10-02,18207.0,-1536.0,0.0,100,427.31,443.0,0,0.0,0.0,,0.0,1,0.94,0.61,SPY231215C00471000,471.0,normalDay
2023-10-03,18207.0,-2096.0,0.0,100,421.59,443.0,0,0.0,0.0,,0.0,1,0.94,0.49,SPY231215C00471000,471.0,normalDay
2023-10-04,18207.0,-1794.0,0.0,100,424.66,443.0,0,0.0,0.0,,0.0,1,0.94,0.54,SPY231215C00471000,471.0,normalDay
2023-10-05,18207.0,-1805.0,0.0,100,424.5,443.0,0,0.0,0.0,,0.0,1,0.94,0.49,SPY231215C00471000,471.0,normalDay
2023-10-06,18207.0,-1326.0,0.0,100,429.54,443.0,0,0.0,0.0,,0.0,1,0.94,0.74,SPY231215C00471000,471.0,normalDay
2023-10-09,18207.0,-1063.0,0.0,100,432.29,443.0,0,0.0,0.0,,0.0,1,0.94,0.86,SPY231215C00471000,471.0,normalDay
2023-10-10,18207.0,-847.0,0.0,100,434.54,443.0,0,0.0,0.0,,0.0,1,0.94,0.95,SPY231215C00471000,471.0,normalDay
2023-10-11,18207.0,-672.0,0.0,100,436.32,443.0,0,0.0,0.0,,0.0,1,0.94,0.98,SPY231215C00471000,471.0,normalDay
2023-10-12,18207.0,-906.0,0.0,100,433.66,443.0,0,0.0,0.0,,0.0,1,0.94,0.66,SPY231215C00471000,471.0,normalDay
2023-10-13,18207.0,-1118.0,0.0,100,431.5,443.0,0,0.0,0.0,,0.0,1,0.94,0.62,SPY231215C00471000,471.0,normalDay
2023-10-16,18207.0,-676.0,0.0,100,436.04,443.0,0,0.0,0.0,,0.0,1,0.94,0.74,SPY231215C00471000,471.0,normalDay
2023-10-17,18207.0,-678.0,0.0,100,436.02,443.0,0,0.0,0.0,,0.0,1,0.94,0.74,SPY231215C00471000,471.0,normalDay
2023-10-18,18207.0,-1235.0,0.0,100,430.21,443.0,0,0.0,0.0,,0.0,1,0.94,0.5,SPY231215C00471000,471.0,normalDay
2023-10-19,18207.0,-1592.0,0.0,100,426.43,443.0,0,0.0,0.0,,0.0,1,0.94,0.29,SPY231215C00471000,471.0,normalDay
2023-10-20,18207.0,-2109.0,0.0,100,421.19,443.0,0,0.0,0.0,,0.0,1,0.94,0.22,SPY231215C00471000,471.0,normalDay
2023-10-23,18207.0,-2178.0,0.0,100,420.46,443.0,0,0.0,0.0,,0.0,1,0.94,0.18,SPY231215C00471000,471.0,normalDay
2023-10-24,18207.0,-1863.0,0.0,100,423.63,443.0,0,0.0,0.0,,0.0,1,0.94,0.2,SPY231215C00471000,471.0,normalDay
2023-10-25,18207.0,-2465.0,0.0,100,417.55,443.0,0,0.0,0.0,,0.0,1,0.94,0.14,SPY231215C00471000,471.0,normalDay
2023-10-26,18207.0,-2961.0,0.0,100,412.55,443.0,0,0.0,0.0,,0.0,1,0.94,0.1,SPY231215C00471000,471.0,normalDay
2023-10-27,18207.0,-3147.0,0.0,100,410.68,443.0,0,0.0,0.0,,0.0,1,0.94,0.09,SPY231215C00471000,471.0,normalDay
2023-10-30,18207.0,-2657.0,0.0,100,415.59,443.0,0,0.0,0.0,,0.0,1,0.94,0.1,SPY231215C00471000,471.0,normalDay
2023-10-31,18207.0,-2395.0,0.0,100,418.2,443.0,0,0.0,0.0,,0.0,1,0.94,0.09,SPY231215C00471000,471.0,normalDay
2023-11-01,18207.0,-1951.0,0.0,100,422.66,443.0,0,0.0,0.0,,0.0,1,0.94,0.11,SPY231215C00471000,471.0,normalDay
2023-11-02,18207.0,-1147.0,0.0,100,430.76,443.0,0,0.0,0.0,,0.0,1,0.94,0.17,SPY231215C00471000,471.0,normalDay
2023-11-03,18207.0,-759.0,0.0,100,434.69,443.0,0,0.0,0.0,,0.0,1,0.94,0.22,SPY231215C00471000,471.0,normalDay
2023-11-06,18207.0,-652.0,0.0,100,435.69,443.0,0,0.0,0.0,,0.0,1,0.94,0.15,SPY231215C00471000,471.0,normalDay
2023-11-07,18207.0,-528.0,0.0,100,436.93,443.0,0,0.0,0.0,,0.0,1,0.94,0.15,SPY231215C00471000,471.0,normalDay
2023-11-08,18207.0,-493.0,0.0,100,437.25,443.0,0,0.0,0.0,,0.0,1,0.94,0.12,SPY231215C00471000,471.0,normalDay
2023-11-09,18207.0,-830.0,0.0,100,433.84,443.0,0,0.0,0.0,,0.0,1,0.94,0.08,SPY231215C00471000,471.0,normalDay
2023-11-10,18207.0,-163.0,0.0,100,440.61,443.0,0,0.0,0.0,,0.0,1,0.94,0.18,SPY231215C00471000,471.0,normalDay
2023-11-13,18207.0,-201.0,0.0,100,440.19,443.0,0,0.0,0.0,,0.0,1,0.94,0.14,SPY231215C00471000,471.0,normalDay
2023-11-14,18207.0,606.0,0.0,100,448.73,443.0,0,0.0,0.0,,0.0,1,0.94,0.61,SPY231215C00471000,471.0,normalDay
2023-11-15,18207.0,710.0,0.0,100,449.68,443.0,0,0.0,0.0,,0.0,1,0.94,0.52,SPY231215C00471000,471.0,normalDay
2023-11-16,18207.0,767.0,0.0,100,450.23,443.0,0,0.0,0.0,,0.0,1,0.94,0.5,SPY231215C00471000,471.0,normalDay
2023-11-17,18207.0,828.0,0.0,100,450.79,443.0,0,0.0,0.0,,0.0,1,0.94,0.45,SPY231215C00471000,471.0,normalDay
2023-11-20,18207.0,1155.0,0.0,100,454.26,443.0,0,0.0,0.0,,0.0,1,0.94,0.65,SPY231215C00471000,471.0,normalDay
2023-11-21,18207.0,1072.0,0.0,100,453.27,443.0,0,0.0,0.0,,0.0,1,0.94,0.49,SPY231215C00471000,471.0,normalDay
2023-11-22,18207.0,1248.0,0.0,100,455.02,443.0,0,0.0,0.0,,0.0,1,0.94,0.48,SPY231215C00471000,471.0,normalDay
2023-11-24,18207.0,1285.0,0.0,100,455.3,443.0,0,0.0,0.0,,0.0,1,0.94,0.39,SPY231215C00471000,471.0,normalDay
2023-11-27,18207.0,1213.0,0.0,100,454.48,443.0,0,0.0,0.0,,0.0,1,0.94,0.29,SPY231215C00471000,471.0,normalDay
2023-11-28,18207.0,1259.0,0.0,100,454.93,443.0,0,0.0,0.0,,0.0,1,0.94,0.28,SPY231215C00471000,471.0,normalDay
2023-11-29,18207.0,1226.0,0.0,100,454.61,443.0,0,0.0,0.0,,0.0,1,0.94,0.29,SPY231215C00471000,471.0,normalDay
2023-11-30,18207.0,1402.0,0.0,100,456.4,443.0,0,0.0,0.0,,0.0,1,0.94,0.32,SPY231215C00471000,471.0,normalDay
