date,totalCapital,unrializedPnL,rializedPnL,stocksOwned,stocksPriceToday,stocksPriceBoughtAt,putOwned,putOwnedSoldAt,putPriceToday,putOwnedContract,putOwnedStrike,callOwned,callOwnedSoldAt,callPriceToday,callOwnedContract,callOwnedStrike,trackType
2018-11-01,0.0,-4.0,0.0,0,273.51,0.0,1,0.11,0.15,SPY181112P00246000,246.0,0,0.0,0.0,,0.0,normalDay
2018-11-02,0.0,0.0,0.0,0,271.89,0.0,1,0.11,0.11,SPY181112P00246000,246.0,0,0.0,0.0,,0.0,normalDay
2018-11-05,0.0,4.0,0.0,0,273.39,0.0,1,0.11,0.07,SPY181112P00246000,246.0,0,0.0,0.0,,0.0,normalDay
2018-11-06,0.0,4.0,0.0,0,275.12,0.0,1,0.11,0.07,SPY181112P00246000,246.0,0,0.0,0.0,,0.0,normalDay
2018-11-07,0.0,9.0,0.0,0,281.01,0.0,1,0.11,0.02,SPY181112P00246000,246.0,0,0.0,0.0,,0.0,normalDay
2018-11-08,0.0,10.0,0.0,0,280.5,0.0,1,0.11,0.01,SPY181112P00246000,246.0,0,0.0,0.0,,0.0,normalDay
2018-11-09,0.0,10.0,0.0,0,277.76,0.0,1,0.11,0.01,SPY181112P00246000,246.0,0,0.0,0.0,,0.0,normalDay
2018-11-12,11.0,0.0,11.0,0,272.57,0.0,1,0.11,0.0,SPY181112P00246000,246.0,0,0.0,0.0,,0.0,expirationDay
2018-11-13,11.0,-4.0,0.0,0,272.06,0.0,1,0.24,0.28,SPY181123P00253000,253.0,0,0.0,0.0,,0.0,normalDay
2018-11-14,11.0,-9.0,0.0,0,270.2,0.0,1,0.24,0.33,SPY181123P00253000,253.0,0,0.0,0.0,,0.0,normalDay
2018-11-15,11.0,7.0,0.0,0,273.02,0.0,1,0.24,0.17,SPY181123P00253000,253.0,0,0.0,0.0,,0.0,normalDay
2018-11-16,11.0,18.0,0.0,0,273.73,0.0,1,0.24,0.06,SPY181123P00253000,253.0,0,0.0,0.0,,0.0,normalDay
2018-11-19,11.0,17.0,0.0,0,269.1,0.0,1,0.24,0.07,SPY181123P00253000,253.0,0,0.0,0.0,,0.0,normalDay
2018-11-20,11.0,9.0,0.0,0,264.12,0.0,1,0.24,0.15,SPY181123P00253000,253.0,0,0.0,0.0,,0.0,normalDay
2018-11-21,11.0,21.0,0.0,0,265.02,0.0,1,0.24,0.03,SPY181123P00253000,253.0,0,0.0,0.0,,0.0,normalDay
2018-11-23,35.0,0.0,24.0,0,263.25,0.0,1,0.24,0.0,SPY181123P00253000,253.0,0,0.0,0.0,,0.0,expirationDay
2018-11-26,35.0,-4.0,0.0,0,267.5,0.0,1,0.26,0.3,SPY181207P00251000,251.0,0,0.0,0.0,,0.0,normalDay
2018-11-27,35.0,-2.0,0.0,0,268.4,0.0,1,0.26,0.28,SPY181207P00251000,251.0,0,0.0,0.0,,0.0,normalDay
2018-11-28,35.0,13.0,0.0,0,274.58,0.0,1,0.26,0.13,SPY181207P00251000,251.0,0,0.0,0.0,,0.0,normalDay
2018-11-29,35.0,12.0,0.0,0,273.98,0.0,1,0.26,0.14,SPY181207P00251000,251.0,0,0.0,0.0,,0.0,normalDay
2018-11-30,35.0,19.0,0.0,0,275.65,0.0,1,0.26,0.07,SPY181207P00251000,251.0,0,0.0,0.0,,0.0,normalDay
2018-12-03,35.0,24.0,0.0,0,279.3,0.0,1,0.26,0.02,SPY181207P00251000,251.0,0,0.0,0.0,,0.0,normalDay
2018-12-04,35.0,15.0,0.0,0,270.25,0.0,1,0.26,0.11,SPY181207P00251000,251.0,0,0.0,0.0,,0.0,normalDay
2018-12-06,35.0,24.0,0.0,0,269.84,0.0,1,0.26,0.02,SPY181207P00251000,251.0,0,0.0,0.0,,0.0,normalDay
2018-12-07,61.0,0.0,26.0,0,263.57,0.0,1,0.26,0.0,SPY181207P00251000,251.0,0,0.0,0.0,,0.0,expirationDay
2018-12-10,61.0,-5.0,0.0,0,264.07,0.0,1,1.02,1.07,SPY181221P00251000,251.0,0,0.0,0.0,,0.0,normalDay
2018-12-11,61.0,15.0,0.0,0,264.13,0.0,1,1.02,0.87,SPY181221P00251000,251.0,0,0.0,0.0,,0.0,normalDay
2018-12-12,61.0,41.0,0.0,0,265.46,0.0,1,1.02,0.61,SPY181221P00251000,251.0,0,0.0,0.0,,0.0,normalDay
2018-12-13,61.0,63.0,0.0,0,265.37,0.0,1,1.02,0.39,SPY181221P00251000,251.0,0,0.0,0.0,,0.0,normalDay
2018-12-14,61.0,21.0,0.0,0,260.47,0.0,1,1.02,0.81,SPY181221P00251000,251.0,0,0.0,0.0,,0.0,normalDay
2018-12-17,61.0,-100.0,0.0,0,255.36,0.0,1,1.02,2.02,SPY181221P00251000,251.0,0,0.0,0.0,,0.0,normalDay
2018-12-18,61.0,-120.0,0.0,0,255.08,0.0,1,1.02,2.22,SPY181221P00251000,251.0,0,0.0,0.0,,0.0,normalDay
2018-12-19,61.0,-184.0,0.0,0,251.26,0.0,1,1.02,2.86,SPY181221P00251000,251.0,0,0.0,0.0,,0.0,normalDay
2018-12-20,61.0,-392.0,0.0,0,247.17,0.0,1,1.02,4.94,SPY181221P00251000,251.0,0,0.0,0.0,,0.0,normalDay
2018-12-21,163.0,-1030.0,102.0,100,240.7,251.0,1,1.02,0.0,SPY181221P00251000,251.0,0,0.0,0.0,,0.0,expirationDay
2018-12-24,163.0,-1676.0,0.0,100,234.34,251.0,0,0.0,0.0,,0.0,1,0.46,0.56,SPY190628C00294000,294.0,normalDay
2018-12-26,163.0,-542.0,0.0,100,246.18,251.0,0,0.0,0.0,,0.0,1,0.46,1.06,SPY190628C00294000,294.0,normalDay
2018-12-27,163.0,-381.0,0.0,100,248.07,251.0,0,0.0,0.0,,0.0,1,0.46,1.34,SPY190628C00294000,294.0,normalDay
2018-12-28,163.0,-397.0,0.0,100,247.75,251.0,0,0.0,0.0,,0.0,1,0.46,1.18,SPY190628C00294000,294.0,normalDay
2018-12-31,163.0,-174.0,0.0,100,249.92,251.0,0,0.0,0.0,,0.0,1,0.46,1.12,SPY190628C00294000,294.0,normalDay
2019-01-02,163.0,-131.0,0.0,100,250.18,251.0,0,0.0,0.0,,0.0,1,0.46,0.95,SPY190628C00294000,294.0,normalDay
2019-01-03,163.0,-691.0,0.0,100,244.21,251.0,0,0.0,0.0,,0.0,1,0.46,0.58,SPY190628C00294000,294.0,normalDay
2019-01-04,163.0,90.0,0.0,100,252.39,251.0,0,0.0,0.0,,0.0,1,0.46,0.95,SPY190628C00294000,294.0,normalDay
2019-01-07,163.0,285.0,0.0,100,254.38,251.0,0,0.0,0.0,,0.0,1,0.46,0.99,SPY190628C00294000,294.0,normalDay
2019-01-08,163.0,512.0,0.0,100,256.77,251.0,0,0.0,0.0,,0.0,1,0.46,1.11,SPY190628C00294000,294.0,normalDay
2019-01-09,163.0,636.0,0.0,100,257.97,251.0,0,0.0,0.0,,0.0,1,0.46,1.07,SPY190628C00294000,294.0,normalDay
2019-01-10,163.0,721.0,0.0,100,258.88,251.0,0,0.0,0.0,,0.0,1,0.46,1.13,SPY190628C00294000,294.0,normalDay
2019-01-11,163.0,752.0,0.0,100,258.98,251.0,0,0.0,0.0,,0.0,1,0.46,0.92,SPY190628C00294000,294.0,normalDay
2019-01-14,163.0,615.0,0.0,100,257.4,251.0,0,0.0,0.0,,0.0,1,0.46,0.71,SPY190628C00294000,294.0,normalDay
2019-01-15,163.0,906.0,0.0,100,260.35,251.0,0,0.0,0.0,,0.0,1,0.46,0.75,SPY190628C00294000,294.0,normalDay
2019-01-16,163.0,963.0,0.0,100,260.98,251.0,0,0.0,0.0,,0.0,1,0.46,0.81,SPY190628C00294000,294.0,normalDay
2019-01-17,163.0,1144.0,0.0,100,262.96,251.0,0,0.0,0.0,,0.0,1,0.46,0.98,SPY190628C00294000,294.0,normalDay
2019-01-18,163.0,1452.0,0.0,100,266.46,251.0,0,0.0,0.0,,0.0,1,0.46,1.4,SPY190628C00294000,294.0,normalDay
2019-01-22,163.0,1117.0,0.0,100,262.86,251.0,0,0.0,0.0,,0.0,1,0.46,1.15,SPY190628C00294000,294.0,normalDay
2019-01-23,163.0,1178.0,0.0,100,263.41,251.0,0,0.0,0.0,,0.0,1,0.46,1.09,SPY190628C00294000,294.0,normalDay
2019-01-24,163.0,1205.0,0.0,100,263.55,251.0,0,0.0,0.0,,0.0,1,0.46,0.96,SPY190628C00294000,294.0,normalDay
2019-01-25,163.0,1402.0,0.0,100,265.78,251.0,0,0.0,0.0,,0.0,1,0.46,1.22,SPY190628C00294000,294.0,normalDay
2019-01-28,163.0,1223.0,0.0,100,263.76,251.0,0,0.0,0.0,,0.0,1,0.46,0.99,SPY190628C00294000,294.0,normalDay
2019-01-29,163.0,1192.0,0.0,100,263.41,251.0,0,0.0,0.0,,0.0,1,0.46,0.95,SPY190628C00294000,294.0,normalDay
2019-01-30,163.0,1570.0,0.0,100,267.58,251.0,0,0.0,0.0,,0.0,1,0.46,1.34,SPY190628C00294000,294.0,normalDay
2019-01-31,163.0,1773.0,0.0,100,269.93,251.0,0,0.0,0.0,,0.0,1,0.46,1.66,SPY190628C00294000,294.0,normalDay
2019-02-01,163.0,1795.0,0.0,100,270.06,251.0,0,0.0,0.0,,0.0,1,0.46,1.57,SPY190628C00294000,294.0,normalDay
2019-02-04,163.0,1969.0,0.0,100,271.96,251.0,0,0.0,0.0,,0.0,1,0.46,1.73,SPY190628C00294000,294.0,normalDay
2019-02-05,163.0,2071.0,0.0,100,273.1,251.0,0,0.0,0.0,,0.0,1,0.46,1.85,SPY190628C00294000,294.0,normalDay
2019-02-06,163.0,2050.0,0.0,100,272.74,251.0,0,0.0,0.0,,0.0,1,0.46,1.7,SPY190628C00294000,294.0,normalDay
2019-02-07,163.0,1827.0,0.0,100,270.14,251.0,0,0.0,0.0,,0.0,1,0.46,1.33,SPY190628C00294000,294.0,normalDay
2019-02-08,163.0,1864.0,0.0,100,270.47,251.0,0,0.0,0.0,,0.0,1,0.46,1.29,SPY190628C00294000,294.0,normalDay
2019-02-11,163.0,1881.0,0.0,100,270.62,251.0,0,0.0,0.0,,0.0,1,0.46,1.27,SPY190628C00294000,294.0,normalDay
2019-02-12,163.0,2169.0,0.0,100,274.1,251.0,0,0.0,0.0,,0.0,1,0.46,1.87,SPY190628C00294000,294.0,normalDay
2019-02-13,163.0,2246.0,0.0,100,274.99,251.0,0,0.0,0.0,,0.0,1,0.46,1.99,SPY190628C00294000,294.0,normalDay
2019-02-14,163.0,2193.0,0.0,100,274.38,251.0,0,0.0,0.0,,0.0,1,0.46,1.91,SPY190628C00294000,294.0,normalDay
2019-02-15,163.0,2445.0,0.0,100,277.37,251.0,0,0.0,0.0,,0.0,1,0.46,2.38,SPY190628C00294000,294.0,normalDay
2019-02-19,163.0,2508.0,0.0,100,277.85,251.0,0,0.0,0.0,,0.0,1,0.46,2.23,SPY190628C00294000,294.0,normalDay
2019-02-20,163.0,2569.0,0.0,100,278.41,251.0,0,0.0,0.0,,0.0,1,0.46,2.18,SPY190628C00294000,294.0,normalDay
2019-02-21,163.0,2500.0,0.0,100,277.42,251.0,0,0.0,0.0,,0.0,1,0.46,1.88,SPY190628C00294000,294.0,normalDay
2019-02-22,163.0,2648.0,0.0,100,279.14,251.0,0,0.0,0.0,,0.0,1,0.46,2.12,SPY190628C00294000,294.0,normalDay
2019-02-25,163.0,2671.0,0.0,100,279.52,251.0,0,0.0,0.0,,0.0,1,0.46,2.27,SPY190628C00294000,294.0,normalDay
2019-02-26,163.0,2659.0,0.0,100,279.32,251.0,0,0.0,0.0,,0.0,1,0.46,2.19,SPY190628C00294000,294.0,normalDay
2019-02-27,163.0,2655.0,0.0,100,279.2,251.0,0,0.0,0.0,,0.0,1,0.46,2.11,SPY190628C00294000,294.0,normalDay
2019-02-28,163.0,2627.0,0.0,100,278.68,251.0,0,0.0,0.0,,0.0,1,0.46,1.87,SPY190628C00294000,294.0,normalDay
2019-03-01,163.0,2784.0,0.0,100,280.42,251.0,0,0.0,0.0,,0.0,1,0.46,2.04,SPY190628C00294000,294.0,normalDay
2019-03-04,163.0,2709.0,0.0,100,279.4,251.0,0,0.0,0.0,,0.0,1,0.46,1.77,SPY190628C00294000,294.0,normalDay
2019-03-05,163.0,2678.0,0.0,100,279.02,251.0,0,0.0,0.0,,0.0,1,0.46,1.7,SPY190628C00294000,294.0,normalDay
2019-03-06,163.0,2535.0,0.0,100,277.33,251.0,0,0.0,0.0,,0.0,1,0.46,1.44,SPY190628C00294000,294.0,normalDay
2019-03-07,163.0,2330.0,0.0,100,275.01,251.0,0,0.0,0.0,,0.0,1,0.46,1.17,SPY190628C00294000,294.0,normalDay
2019-03-08,163.0,2283.0,0.0,100,274.46,251.0,0,0.0,0.0,,0.0,1,0.46,1.09,SPY190628C00294000,294.0,normalDay
2019-03-11,163.0,2643.0,0.0,100,278.44,251.0,0,0.0,0.0,,0.0,1,0.46,1.47,SPY190628C00294000,294.0,normalDay
2019-03-12,163.0,2744.0,0.0,100,279.49,251.0,0,0.0,0.0,,0.0,1,0.46,1.51,SPY190628C00294000,294.0,normalDay
2019-03-13,163.0,2882.0,0.0,100,281.34,251.0,0,0.0,0.0,,0.0,1,0.46,1.98,SPY190628C00294000,294.0,normalDay
2019-03-14,163.0,2875.0,0.0,100,281.16,251.0,0,0.0,0.0,,0.0,1,0.46,1.87,SPY190628C00294000,294.0,normalDay
2019-03-15,163.0,2864.0,0.0,100,281.31,251.0,0,0.0,0.0,,0.0,1,0.46,2.13,SPY190628C00294000,294.0,normalDay
2019-03-18,163.0,2919.0,0.0,100,282.33,251.0,0,0.0,0.0,,0.0,1,0.46,2.6,SPY190628C00294000,294.0,normalDay
2019-03-19,163.0,2927.0,0.0,100,282.4,251.0,0,0.0,0.0,,0.0,1,0.46,2.59,SPY190628C00294000,294.0,normalDay
2019-03-20,163.0,2867.0,0.0,100,281.55,251.0,0,0.0,0.0,,0.0,1,0.46,2.34,SPY190628C00294000,294.0,normalDay
2019-03-21,163.0,3078.0,0.0,100,284.73,251.0,0,0.0,0.0,,0.0,1,0.46,3.41,SPY190628C00294000,294.0,normalDay
2019-03-22,163.0,2634.0,0.0,100,279.25,251.0,0,0.0,0.0,,0.0,1,0.46,2.37,SPY190628C00294000,294.0,normalDay
2019-03-25,163.0,2635.0,0.0,100,279.04,251.0,0,0.0,0.0,,0.0,1,0.46,2.15,SPY190628C00294000,294.0,normalDay
2019-03-26,163.0,2829.0,0.0,100,281.12,251.0,0,0.0,0.0,,0.0,1,0.46,2.29,SPY190628C00294000,294.0,normalDay
2019-03-27,163.0,2708.0,0.0,100,279.65,251.0,0,0.0,0.0,,0.0,1,0.46,2.03,SPY190628C00294000,294.0,normalDay
2019-03-28,163.0,2809.0,0.0,100,280.71,251.0,0,0.0,0.0,,0.0,1,0.46,2.08,SPY190628C00294000,294.0,normalDay
2019-03-29,163.0,2949.0,0.0,100,282.48,251.0,0,0.0,0.0,,0.0,1,0.46,2.45,SPY190628C00294000,294.0,normalDay
2019-04-01,163.0,3196.0,0.0,100,285.83,251.0,0,0.0,0.0,,0.0,1,0.46,3.33,SPY190628C00294000,294.0,normalDay
2019-04-02,163.0,3214.0,0.0,100,285.97,251.0,0,0.0,0.0,,0.0,1,0.46,3.29,SPY190628C00294000,294.0,normalDay
2019-04-03,163.0,3226.0,0.0,100,286.42,251.0,0,0.0,0.0,,0.0,1,0.46,3.62,SPY190628C00294000,294.0,normalDay
2019-04-04,163.0,3289.0,0.0,100,287.18,251.0,0,0.0,0.0,,0.0,1,0.46,3.75,SPY190628C00294000,294.0,normalDay
2019-04-05,163.0,3391.0,0.0,100,288.57,251.0,0,0.0,0.0,,0.0,1,0.46,4.12,SPY190628C00294000,294.0,normalDay
2019-04-08,163.0,3412.0,0.0,100,288.79,251.0,0,0.0,0.0,,0.0,1,0.46,4.13,SPY190628C00294000,294.0,normalDay
2019-04-09,163.0,3320.0,0.0,100,287.31,251.0,0,0.0,0.0,,0.0,1,0.46,3.57,SPY190628C00294000,294.0,normalDay
2019-04-10,163.0,3389.0,0.0,100,288.29,251.0,0,0.0,0.0,,0.0,1,0.46,3.86,SPY190628C00294000,294.0,normalDay
2019-04-11,163.0,3403.0,0.0,100,288.21,251.0,0,0.0,0.0,,0.0,1,0.46,3.64,SPY190628C00294000,294.0,normalDay
2019-04-12,163.0,3528.0,0.0,100,290.16,251.0,0,0.0,0.0,,0.0,1,0.46,4.34,SPY190628C00294000,294.0,normalDay
2019-04-15,163.0,3536.0,0.0,100,289.97,251.0,0,0.0,0.0,,0.0,1,0.46,4.07,SPY190628C00294000,294.0,normalDay
2019-04-16,163.0,3561.0,0.0,100,290.16,251.0,0,0.0,0.0,,0.0,1,0.46,4.01,SPY190628C00294000,294.0,normalDay
2019-04-17,163.0,3525.0,0.0,100,289.45,251.0,0,0.0,0.0,,0.0,1,0.46,3.66,SPY190628C00294000,294.0,normalDay
2019-04-18,163.0,3557.0,0.0,100,290.02,251.0,0,0.0,0.0,,0.0,1,0.46,3.91,SPY190628C00294000,294.0,normalDay
2019-04-22,163.0,3587.0,0.0,100,290.27,251.0,0,0.0,0.0,,0.0,1,0.46,3.86,SPY190628C00294000,294.0,normalDay
2019-04-23,163.0,3723.0,0.0,100,292.88,251.0,0,0.0,0.0,,0.0,1,0.46,5.11,SPY190628C00294000,294.0,normalDay
2019-04-24,163.0,3678.0,0.0,100,292.23,251.0,0,0.0,0.0,,0.0,1,0.46,4.91,SPY190628C00294000,294.0,normalDay
2019-04-25,163.0,3681.0,0.0,100,292.05,251.0,0,0.0,0.0,,0.0,1,0.46,4.7,SPY190628C00294000,294.0,normalDay
2019-04-26,163.0,3752.0,0.0,100,293.41,251.0,0,0.0,0.0,,0.0,1,0.46,5.35,SPY190628C00294000,294.0,normalDay
2019-04-29,163.0,3781.0,0.0,100,293.87,251.0,0,0.0,0.0,,0.0,1,0.46,5.52,SPY190628C00294000,294.0,normalDay
2019-04-30,163.0,3770.0,0.0,100,294.02,251.0,0,0.0,0.0,,0.0,1,0.46,5.78,SPY190628C00294000,294.0,normalDay
2019-05-01,163.0,3669.0,0.0,100,291.81,251.0,0,0.0,0.0,,0.0,1,0.46,4.58,SPY190628C00294000,294.0,normalDay
2019-05-02,163.0,3653.0,0.0,100,291.18,251.0,0,0.0,0.0,,0.0,1,0.46,4.11,SPY190628C00294000,294.0,normalDay
2019-05-03,163.0,3804.0,0.0,100,294.03,251.0,0,0.0,0.0,,0.0,1,0.46,5.45,SPY190628C00294000,294.0,normalDay
2019-05-06,163.0,3718.0,0.0,100,292.82,251.0,0,0.0,0.0,,0.0,1,0.46,5.1,SPY190628C00294000,294.0,normalDay
2019-05-07,163.0,3345.0,0.0,100,287.93,251.0,0,0.0,0.0,,0.0,1,0.46,3.94,SPY190628C00294000,294.0,normalDay
2019-05-08,163.0,3347.0,0.0,100,287.53,251.0,0,0.0,0.0,,0.0,1,0.46,3.52,SPY190628C00294000,294.0,normalDay
2019-05-09,163.0,3312.0,0.0,100,286.66,251.0,0,0.0,0.0,,0.0,1,0.46,3.0,SPY190628C00294000,294.0,normalDay
2019-05-10,163.0,3491.0,0.0,100,288.1,251.0,0,0.0,0.0,,0.0,1,0.46,2.65,SPY190628C00294000,294.0,normalDay
2019-05-13,163.0,2922.0,0.0,100,280.86,251.0,0,0.0,0.0,,0.0,1,0.46,1.1,SPY190628C00294000,294.0,normalDay
2019-05-14,163.0,3153.0,0.0,100,283.4,251.0,0,0.0,0.0,,0.0,1,0.46,1.33,SPY190628C00294000,294.0,normalDay
2019-05-15,163.0,3295.0,0.0,100,285.06,251.0,0,0.0,0.0,,0.0,1,0.46,1.57,SPY190628C00294000,294.0,normalDay
2019-05-16,163.0,3507.0,0.0,100,287.7,251.0,0,0.0,0.0,,0.0,1,0.46,2.09,SPY190628C00294000,294.0,normalDay
2019-05-17,163.0,3379.0,0.0,100,285.84,251.0,0,0.0,0.0,,0.0,1,0.46,1.51,SPY190628C00294000,294.0,normalDay
2019-05-20,163.0,3236.0,0.0,100,283.95,251.0,0,0.0,0.0,,0.0,1,0.46,1.05,SPY190628C00294000,294.0,normalDay
2019-05-21,163.0,3461.0,0.0,100,286.51,251.0,0,0.0,0.0,,0.0,1,0.46,1.36,SPY190628C00294000,294.0,normalDay
2019-05-22,163.0,3406.0,0.0,100,285.63,251.0,0,0.0,0.0,,0.0,1,0.46,1.03,SPY190628C00294000,294.0,normalDay
2019-05-23,163.0,3099.0,0.0,100,282.14,251.0,0,0.0,0.0,,0.0,1,0.46,0.61,SPY190628C00294000,294.0,normalDay
2019-05-24,163.0,3164.0,0.0,100,282.78,251.0,0,0.0,0.0,,0.0,1,0.46,0.6,SPY190628C00294000,294.0,normalDay
2019-05-28,163.0,2927.0,0.0,100,280.15,251.0,0,0.0,0.0,,0.0,1,0.46,0.34,SPY190628C00294000,294.0,normalDay
2019-05-29,163.0,2750.0,0.0,100,278.27,251.0,0,0.0,0.0,,0.0,1,0.46,0.23,SPY190628C00294000,294.0,normalDay
2019-05-30,163.0,2828.0,0.0,100,279.03,251.0,0,0.0,0.0,,0.0,1,0.46,0.21,SPY190628C00294000,294.0,normalDay
2019-05-31,163.0,2463.0,0.0,100,275.27,251.0,0,0.0,0.0,,0.0,1,0.46,0.1,SPY190628C00294000,294.0,normalDay
2019-06-03,163.0,2394.0,0.0,100,274.57,251.0,0,0.0,0.0,,0.0,1,0.46,0.09,SPY190628C00294000,294.0,normalDay
2019-06-04,163.0,2980.0,0.0,100,280.53,251.0,0,0.0,0.0,,0.0,1,0.46,0.19,SPY190628C00294000,294.0,normalDay
2019-06-05,163.0,3210.0,0.0,100,282.96,251.0,0,0.0,0.0,,0.0,1,0.46,0.32,SPY190628C00294000,294.0,normalDay
2019-06-06,163.0,3377.0,0.0,100,284.8,251.0,0,0.0,0.0,,0.0,1,0.46,0.49,SPY190628C00294000,294.0,normalDay
2019-06-07,163.0,3611.0,0.0,100,287.65,251.0,0,0.0,0.0,,0.0,1,0.46,1.0,SPY190628C00294000,294.0,normalDay
2019-06-10,163.0,3726.0,0.0,100,288.97,251.0,0,0.0,0.0,,0.0,1,0.46,1.17,SPY190628C00294000,294.0,normalDay
2019-06-11,163.0,3732.0,0.0,100,288.9,251.0,0,0.0,0.0,,0.0,1,0.46,1.04,SPY190628C00294000,294.0,normalDay
2019-06-12,163.0,3711.0,0.0,100,288.39,251.0,0,0.0,0.0,,0.0,1,0.46,0.74,SPY190628C00294000,294.0,normalDay
2019-06-13,163.0,3804.0,0.0,100,289.58,251.0,0,0.0,0.0,,0.0,1,0.46,1.0,SPY190628C00294000,294.0,normalDay
2019-06-14,163.0,3798.0,0.0,100,289.26,251.0,0,0.0,0.0,,0.0,1,0.46,0.74,SPY190628C00294000,294.0,normalDay
2019-06-17,163.0,3826.0,0.0,100,289.37,251.0,0,0.0,0.0,,0.0,1,0.46,0.57,SPY190628C00294000,294.0,normalDay
2019-06-18,163.0,4048.0,0.0,100,292.4,251.0,0,0.0,0.0,,0.0,1,0.46,1.38,SPY190628C00294000,294.0,normalDay
2019-06-19,163.0,4118.0,0.0,100,293.06,251.0,0,0.0,0.0,,0.0,1,0.46,1.34,SPY190628C00294000,294.0,normalDay
2019-06-20,163.0,4279.0,0.0,100,295.86,251.0,0,0.0,0.0,,0.0,1,0.46,2.53,SPY190628C00294000,294.0,normalDay
2019-06-21,163.0,4135.0,0.0,100,294.0,251.0,0,0.0,0.0,,0.0,1,0.46,2.11,SPY190628C00294000,294.0,normalDay
2019-06-24,163.0,4155.0,0.0,100,293.64,251.0,0,0.0,0.0,,0.0,1,0.46,1.55,SPY190628C00294000,294.0,normalDay
2019-06-25,163.0,3987.0,0.0,100,290.76,251.0,0,0.0,0.0,,0.0,1,0.46,0.35,SPY190628C00294000,294.0,normalDay
2019-06-26,163.0,3979.0,0.0,100,290.47,251.0,0,0.0,0.0,,0.0,1,0.46,0.14,SPY190628C00294000,294.0,normalDay
2019-06-27,163.0,4084.0,0.0,100,291.5,251.0,0,0.0,0.0,,0.0,1,0.46,0.12,SPY190628C00294000,294.0,normalDay
2019-06-28,209.0,4200.0,46.0,100,293.0,251.0,0,0.0,0.0,,0.0,1,0.46,0.0,SPY190628C00294000,294.0,expirationDay
2019-07-01,209.0,4453.0,0.0,100,295.66,251.0,0,0.0,0.0,,0.0,1,9.14,9.27,SPY200117C00301000,301.0,normalDay
2019-07-02,209.0,4522.0,0.0,100,296.43,251.0,0,0.0,0.0,,0.0,1,9.14,9.35,SPY200117C00301000,301.0,normalDay
2019-07-03,209.0,4624.0,0.0,100,298.8,251.0,0,0.0,0.0,,0.0,1,9.14,10.7,SPY200117C00301000,301.0,normalDay
2019-07-05,209.0,4638.0,0.0,100,298.46,251.0,0,0.0,0.0,,0.0,1,9.14,10.22,SPY200117C00301000,301.0,normalDay
2019-07-08,209.0,4523.0,0.0,100,296.82,251.0,0,0.0,0.0,,0.0,1,9.14,9.73,SPY200117C00301000,301.0,normalDay
2019-07-09,209.0,4541.0,0.0,100,297.19,251.0,0,0.0,0.0,,0.0,1,9.14,9.92,SPY200117C00301000,301.0,normalDay
2019-07-10,209.0,4611.0,0.0,100,298.61,251.0,0,0.0,0.0,,0.0,1,9.14,10.64,SPY200117C00301000,301.0,normalDay
2019-07-11,209.0,4651.0,0.0,100,299.31,251.0,0,0.0,0.0,,0.0,1,9.14,10.94,SPY200117C00301000,301.0,normalDay
2019-07-12,209.0,4712.0,0.0,100,300.65,251.0,0,0.0,0.0,,0.0,1,9.14,11.67,SPY200117C00301000,301.0,normalDay
2019-07-15,209.0,4716.0,0.0,100,300.75,251.0,0,0.0,0.0,,0.0,1,9.14,11.73,SPY200117C00301000,301.0,normalDay
2019-07-16,209.0,4668.0,0.0,100,299.78,251.0,0,0.0,0.0,,0.0,1,9.14,11.24,SPY200117C00301000,301.0,normalDay
2019-07-17,209.0,4565.0,0.0,100,297.74,251.0,0,0.0,0.0,,0.0,1,9.14,10.23,SPY200117C00301000,301.0,normalDay
2019-07-18,209.0,4618.0,0.0,100,298.83,251.0,0,0.0,0.0,,0.0,1,9.14,10.79,SPY200117C00301000,301.0,normalDay
2019-07-19,209.0,4540.0,0.0,100,297.17,251.0,0,0.0,0.0,,0.0,1,9.14,9.91,SPY200117C00301000,301.0,normalDay
2019-07-22,209.0,4603.0,0.0,100,297.9,251.0,0,0.0,0.0,,0.0,1,9.14,10.01,SPY200117C00301000,301.0,normalDay
2019-07-23,209.0,4722.0,0.0,100,300.03,251.0,0,0.0,0.0,,0.0,1,9.14,10.95,SPY200117C00301000,301.0,normalDay
2019-07-24,209.0,4790.0,0.0,100,301.44,251.0,0,0.0,0.0,,0.0,1,9.14,11.68,SPY200117C00301000,301.0,normalDay
2019-07-25,209.0,4717.0,0.0,100,300.0,251.0,0,0.0,0.0,,0.0,1,9.14,10.97,SPY200117C00301000,301.0,normalDay
2019-07-26,209.0,4824.0,0.0,100,302.01,251.0,0,0.0,0.0,,0.0,1,9.14,11.91,SPY200117C00301000,301.0,normalDay
2019-07-29,209.0,4790.0,0.0,100,301.46,251.0,0,0.0,0.0,,0.0,1,9.14,11.7,SPY200117C00301000,301.0,normalDay
2019-07-30,209.0,4749.0,0.0,100,300.72,251.0,0,0.0,0.0,,0.0,1,9.14,11.37,SPY200117C00301000,301.0,normalDay
2019-07-31,209.0,4567.0,0.0,100,297.43,251.0,0,0.0,0.0,,0.0,1,9.14,9.9,SPY200117C00301000,301.0,normalDay
2019-08-01,209.0,4396.0,0.0,100,294.84,251.0,0,0.0,0.0,,0.0,1,9.14,9.02,SPY200117C00301000,301.0,normalDay
2019-08-02,209.0,4298.0,0.0,100,292.62,251.0,0,0.0,0.0,,0.0,1,9.14,7.78,SPY200117C00301000,301.0,normalDay
2019-08-05,209.0,3706.0,0.0,100,283.82,251.0,0,0.0,0.0,,0.0,1,9.14,4.9,SPY200117C00301000,301.0,normalDay
2019-08-06,209.0,4013.0,0.0,100,287.8,251.0,0,0.0,0.0,,0.0,1,9.14,5.81,SPY200117C00301000,301.0,normalDay
2019-08-07,209.0,4032.0,0.0,100,287.97,251.0,0,0.0,0.0,,0.0,1,9.14,5.79,SPY200117C00301000,301.0,normalDay
2019-08-08,209.0,4408.0,0.0,100,293.62,251.0,0,0.0,0.0,,0.0,1,9.14,7.68,SPY200117C00301000,301.0,normalDay
2019-08-09,209.0,4269.0,0.0,100,291.62,251.0,0,0.0,0.0,,0.0,1,9.14,7.07,SPY200117C00301000,301.0,normalDay
2019-08-12,209.0,4027.0,0.0,100,288.07,251.0,0,0.0,0.0,,0.0,1,9.14,5.94,SPY200117C00301000,301.0,normalDay
2019-08-13,209.0,4329.0,0.0,100,292.55,251.0,0,0.0,0.0,,0.0,1,9.14,7.4,SPY200117C00301000,301.0,normalDay
2019-08-14,209.0,3710.0,0.0,100,283.9,251.0,0,0.0,0.0,,0.0,1,9.14,4.94,SPY200117C00301000,301.0,normalDay
2019-08-15,209.0,3775.0,0.0,100,284.65,251.0,0,0.0,0.0,,0.0,1,9.14,5.04,SPY200117C00301000,301.0,normalDay
2019-08-16,209.0,4086.0,0.0,100,288.85,251.0,0,0.0,0.0,,0.0,1,9.14,6.13,SPY200117C00301000,301.0,normalDay
2019-08-19,209.0,4348.0,0.0,100,292.33,251.0,0,0.0,0.0,,0.0,1,9.14,6.99,SPY200117C00301000,301.0,normalDay
2019-08-20,209.0,4214.0,0.0,100,290.09,251.0,0,0.0,0.0,,0.0,1,9.14,6.09,SPY200117C00301000,301.0,normalDay
2019-08-21,209.0,4365.0,0.0,100,292.45,251.0,0,0.0,0.0,,0.0,1,9.14,6.94,SPY200117C00301000,301.0,normalDay
2019-08-22,209.0,4370.0,0.0,100,292.36,251.0,0,0.0,0.0,,0.0,1,9.14,6.8,SPY200117C00301000,301.0,normalDay
2019-08-23,209.0,3813.0,0.0,100,284.85,251.0,0,0.0,0.0,,0.0,1,9.14,4.86,SPY200117C00301000,301.0,normalDay
2019-08-26,209.0,4057.0,0.0,100,288.0,251.0,0,0.0,0.0,,0.0,1,9.14,5.57,SPY200117C00301000,301.0,normalDay
2019-08-27,209.0,3980.0,0.0,100,286.87,251.0,0,0.0,0.0,,0.0,1,9.14,5.21,SPY200117C00301000,301.0,normalDay
2019-08-28,209.0,4115.0,0.0,100,288.89,251.0,0,0.0,0.0,,0.0,1,9.14,5.88,SPY200117C00301000,301.0,normalDay
2019-08-29,209.0,4370.0,0.0,100,292.58,251.0,0,0.0,0.0,,0.0,1,9.14,7.02,SPY200117C00301000,301.0,normalDay
2019-08-30,209.0,4353.0,0.0,100,292.45,251.0,0,0.0,0.0,,0.0,1,9.14,7.06,SPY200117C00301000,301.0,normalDay
2019-09-03,209.0,4258.0,0.0,100,290.74,251.0,0,0.0,0.0,,0.0,1,9.14,6.3,SPY200117C00301000,301.0,normalDay
2019-09-04,209.0,4487.0,0.0,100,294.04,251.0,0,0.0,0.0,,0.0,1,9.14,7.31,SPY200117C00301000,301.0,normalDay
2019-09-05,209.0,4722.0,0.0,100,297.82,251.0,0,0.0,0.0,,0.0,1,9.14,8.74,SPY200117C00301000,301.0,normalDay
2019-09-06,209.0,4738.0,0.0,100,298.05,251.0,0,0.0,0.0,,0.0,1,9.14,8.81,SPY200117C00301000,301.0,normalDay
2019-09-09,209.0,4772.0,0.0,100,298.2,251.0,0,0.0,0.0,,0.0,1,9.14,8.62,SPY200117C00301000,301.0,normalDay
2019-09-10,209.0,4772.0,0.0,100,298.13,251.0,0,0.0,0.0,,0.0,1,9.14,8.55,SPY200117C00301000,301.0,normalDay
2019-09-11,209.0,4863.0,0.0,100,300.25,251.0,0,0.0,0.0,,0.0,1,9.14,9.76,SPY200117C00301000,301.0,normalDay
2019-09-12,209.0,4919.0,0.0,100,301.29,251.0,0,0.0,0.0,,0.0,1,9.14,10.24,SPY200117C00301000,301.0,normalDay
2019-09-13,209.0,4927.0,0.0,100,301.09,251.0,0,0.0,0.0,,0.0,1,9.14,9.96,SPY200117C00301000,301.0,normalDay
2019-09-16,209.0,4867.0,0.0,100,300.16,251.0,0,0.0,0.0,,0.0,1,9.14,9.63,SPY200117C00301000,301.0,normalDay
2019-09-17,209.0,4905.0,0.0,100,300.92,251.0,0,0.0,0.0,,0.0,1,9.14,10.01,SPY200117C00301000,301.0,normalDay
2019-09-18,209.0,4916.0,0.0,100,301.1,251.0,0,0.0,0.0,,0.0,1,9.14,10.08,SPY200117C00301000,301.0,normalDay
2019-09-19,209.0,4943.0,0.0,100,301.08,251.0,0,0.0,0.0,,0.0,1,9.14,9.79,SPY200117C00301000,301.0,normalDay
2019-09-20,209.0,4721.0,0.0,100,298.28,251.0,0,0.0,0.0,,0.0,1,9.14,9.21,SPY200117C00301000,301.0,normalDay
2019-09-23,209.0,4731.0,0.0,100,298.21,251.0,0,0.0,0.0,,0.0,1,9.14,9.04,SPY200117C00301000,301.0,normalDay
2019-09-24,209.0,4582.0,0.0,100,295.87,251.0,0,0.0,0.0,,0.0,1,9.14,8.19,SPY200117C00301000,301.0,normalDay
2019-09-25,209.0,4711.0,0.0,100,297.62,251.0,0,0.0,0.0,,0.0,1,9.14,8.65,SPY200117C00301000,301.0,normalDay
2019-09-26,209.0,4677.0,0.0,100,297.0,251.0,0,0.0,0.0,,0.0,1,9.14,8.37,SPY200117C00301000,301.0,normalDay
2019-09-27,209.0,4586.0,0.0,100,295.4,251.0,0,0.0,0.0,,0.0,1,9.14,7.68,SPY200117C00301000,301.0,normalDay
2019-09-30,209.0,4681.0,0.0,100,296.77,251.0,0,0.0,0.0,,0.0,1,9.14,8.1,SPY200117C00301000,301.0,normalDay
2019-10-01,209.0,4492.0,0.0,100,293.24,251.0,0,0.0,0.0,,0.0,1,9.14,6.46,SPY200117C00301000,301.0,normalDay
2019-10-02,209.0,4171.0,0.0,100,288.06,251.0,0,0.0,0.0,,0.0,1,9.14,4.49,SPY200117C00301000,301.0,normalDay
2019-10-03,209.0,4335.0,0.0,100,290.42,251.0,0,0.0,0.0,,0.0,1,9.14,5.21,SPY200117C00301000,301.0,normalDay
2019-10-04,209.0,4608.0,0.0,100,294.35,251.0,0,0.0,0.0,,0.0,1,9.14,6.41,SPY200117C00301000,301.0,normalDay
2019-10-07,209.0,4553.0,0.0,100,293.08,251.0,0,0.0,0.0,,0.0,1,9.14,5.69,SPY200117C00301000,301.0,normalDay
2019-10-08,209.0,4235.0,0.0,100,288.53,251.0,0,0.0,0.0,,0.0,1,9.14,4.32,SPY200117C00301000,301.0,normalDay
2019-10-09,209.0,4444.0,0.0,100,291.27,251.0,0,0.0,0.0,,0.0,1,9.14,4.97,SPY200117C00301000,301.0,normalDay
2019-10-10,209.0,4563.0,0.0,100,293.24,251.0,0,0.0,0.0,,0.0,1,9.14,5.75,SPY200117C00301000,301.0,normalDay
2019-10-11,209.0,4767.0,0.0,100,296.28,251.0,0,0.0,0.0,,0.0,1,9.14,6.75,SPY200117C00301000,301.0,normalDay
2019-10-14,209.0,4808.0,0.0,100,295.95,251.0,0,0.0,0.0,,0.0,1,9.14,6.01,SPY200117C00301000,301.0,normalDay
2019-10-15,209.0,4971.0,0.0,100,298.88,251.0,0,0.0,0.0,,0.0,1,9.14,7.31,SPY200117C00301000,301.0,normalDay
2019-10-16,209.0,4959.0,0.0,100,298.4,251.0,0,0.0,0.0,,0.0,1,9.14,6.95,SPY200117C00301000,301.0,normalDay
2019-10-17,209.0,5016.0,0.0,100,299.28,251.0,0,0.0,0.0,,0.0,1,9.14,7.26,SPY200117C00301000,301.0,normalDay
2019-10-18,209.0,4939.0,0.0,100,297.97,251.0,0,0.0,0.0,,0.0,1,9.14,6.72,SPY200117C00301000,301.0,normalDay
2019-10-21,209.0,5068.0,0.0,100,299.99,251.0,0,0.0,0.0,,0.0,1,9.14,7.45,SPY200117C00301000,301.0,normalDay
2019-10-22,209.0,5031.0,0.0,100,299.01,251.0,0,0.0,0.0,,0.0,1,9.14,6.84,SPY200117C00301000,301.0,normalDay
2019-10-23,209.0,5072.0,0.0,100,299.88,251.0,0,0.0,0.0,,0.0,1,9.14,7.3,SPY200117C00301000,301.0,normalDay
2019-10-24,209.0,5127.0,0.0,100,300.37,251.0,0,0.0,0.0,,0.0,1,9.14,7.24,SPY200117C00301000,301.0,normalDay
2019-10-25,209.0,5199.0,0.0,100,301.6,251.0,0,0.0,0.0,,0.0,1,9.14,7.75,SPY200117C00301000,301.0,normalDay
2019-10-28,209.0,5266.0,0.0,100,303.3,251.0,0,0.0,0.0,,0.0,1,9.14,8.78,SPY200117C00301000,301.0,normalDay
2019-10-29,209.0,5267.0,0.0,100,303.21,251.0,0,0.0,0.0,,0.0,1,9.14,8.68,SPY200117C00301000,301.0,normalDay
2019-10-30,209.0,5299.0,0.0,100,304.14,251.0,0,0.0,0.0,,0.0,1,9.14,9.29,SPY200117C00301000,301.0,normalDay
2019-10-31,209.0,5287.0,0.0,100,303.33,251.0,0,0.0,0.0,,0.0,1,9.14,8.6,SPY200117C00301000,301.0,normalDay
2019-11-01,209.0,5404.0,0.0,100,306.14,251.0,0,0.0,0.0,,0.0,1,9.14,10.24,SPY200117C00301000,301.0,normalDay
2019-11-04,209.0,5447.0,0.0,100,307.37,251.0,0,0.0,0.0,,0.0,1,9.14,11.04,SPY200117C00301000,301.0,normalDay
2019-11-05,209.0,5429.0,0.0,100,307.03,251.0,0,0.0,0.0,,0.0,1,9.14,10.88,SPY200117C00301000,301.0,normalDay
2019-11-06,209.0,5425.0,0.0,100,307.1,251.0,0,0.0,0.0,,0.0,1,9.14,10.99,SPY200117C00301000,301.0,normalDay
2019-11-07,209.0,5464.0,0.0,100,308.18,251.0,0,0.0,0.0,,0.0,1,9.14,11.68,SPY200117C00301000,301.0,normalDay
2019-11-08,209.0,5498.0,0.0,100,308.94,251.0,0,0.0,0.0,,0.0,1,9.14,12.1,SPY200117C00301000,301.0,normalDay
2019-11-11,209.0,5484.0,0.0,100,308.35,251.0,0,0.0,0.0,,0.0,1,9.14,11.65,SPY200117C00301000,301.0,normalDay
2019-11-12,209.0,5534.0,0.0,100,309.0,251.0,0,0.0,0.0,,0.0,1,9.14,11.8,SPY200117C00301000,301.0,normalDay
2019-11-13,209.0,5519.0,0.0,100,309.1,251.0,0,0.0,0.0,,0.0,1,9.14,12.05,SPY200117C00301000,301.0,normalDay
2019-11-14,209.0,5538.0,0.0,100,309.55,251.0,0,0.0,0.0,,0.0,1,9.14,12.31,SPY200117C00301000,301.0,normalDay
2019-11-15,209.0,5622.0,0.0,100,311.79,251.0,0,0.0,0.0,,0.0,1,9.14,13.71,SPY200117C00301000,301.0,normalDay
2019-11-18,209.0,5631.0,0.0,100,312.02,251.0,0,0.0,0.0,,0.0,1,9.14,13.85,SPY200117C00301000,301.0,normalDay
2019-11-19,209.0,5636.0,0.0,100,311.93,251.0,0,0.0,0.0,,0.0,1,9.14,13.71,SPY200117C00301000,301.0,normalDay
2019-11-20,209.0,5610.0,0.0,100,310.77,251.0,0,0.0,0.0,,0.0,1,9.14,12.81,SPY200117C00301000,301.0,normalDay
2019-11-21,209.0,5587.0,0.0,100,310.27,251.0,0,0.0,0.0,,0.0,1,9.14,12.54,SPY200117C00301000,301.0,normalDay
2019-11-22,209.0,5617.0,0.0,100,310.96,251.0,0,0.0,0.0,,0.0,1,9.14,12.93,SPY200117C00301000,301.0,normalDay
2019-11-25,209.0,5718.0,0.0,100,313.37,251.0,0,0.0,0.0,,0.0,1,9.14,14.33,SPY200117C00301000,301.0,normalDay
2019-11-26,209.0,5714.0,0.0,100,314.08,251.0,0,0.0,0.0,,0.0,1,9.14,15.08,SPY200117C00301000,301.0,normalDay
2019-11-27,209.0,5743.0,0.0,100,315.48,251.0,0,0.0,0.0,,0.0,1,9.14,16.19,SPY200117C00301000,301.0,normalDay
2019-11-29,209.0,5699.0,0.0,100,314.31,251.0,0,0.0,0.0,,0.0,1,9.14,15.46,SPY200117C00301000,301.0,normalDay
2019-12-02,209.0,5650.0,0.0,100,311.64,251.0,0,0.0,0.0,,0.0,1,9.14,13.28,SPY200117C00301000,301.0,normalDay
2019-12-03,209.0,5588.0,0.0,100,309.55,251.0,0,0.0,0.0,,0.0,1,9.14,11.81,SPY200117C00301000,301.0,normalDay
2019-12-04,209.0,5677.0,0.0,100,311.46,251.0,0,0.0,0.0,,0.0,1,9.14,12.83,SPY200117C00301000,301.0,normalDay
2019-12-05,209.0,5682.0,0.0,100,312.02,251.0,0,0.0,0.0,,0.0,1,9.14,13.34,SPY200117C00301000,301.0,normalDay
2019-12-06,209.0,5758.0,0.0,100,314.87,251.0,0,0.0,0.0,,0.0,1,9.14,15.43,SPY200117C00301000,301.0,normalDay
2019-12-09,209.0,5741.0,0.0,100,313.88,251.0,0,0.0,0.0,,0.0,1,9.14,14.61,SPY200117C00301000,301.0,normalDay
2019-12-10,209.0,5706.0,0.0,100,313.53,251.0,0,0.0,0.0,,0.0,1,9.14,14.61,SPY200117C00301000,301.0,normalDay
2019-12-11,209.0,5742.0,0.0,100,314.42,251.0,0,0.0,0.0,,0.0,1,9.14,15.14,SPY200117C00301000,301.0,normalDay
2019-12-12,209.0,5823.0,0.0,100,317.13,251.0,0,0.0,0.0,,0.0,1,9.14,17.04,SPY200117C00301000,301.0,normalDay
2019-12-13,209.0,5843.0,0.0,100,317.32,251.0,0,0.0,0.0,,0.0,1,9.14,17.03,SPY200117C00301000,301.0,normalDay
2019-12-16,209.0,5852.0,0.0,100,319.5,251.0,0,0.0,0.0,,0.0,1,9.14,19.12,SPY200117C00301000,301.0,normalDay
2019-12-17,209.0,5888.0,0.0,100,319.57,251.0,0,0.0,0.0,,0.0,1,9.14,18.83,SPY200117C00301000,301.0,normalDay
2019-12-18,209.0,5884.0,0.0,100,319.59,251.0,0,0.0,0.0,,0.0,1,9.14,18.89,SPY200117C00301000,301.0,normalDay
2019-12-19,209.0,5898.0,0.0,100,320.9,251.0,0,0.0,0.0,,0.0,1,9.14,20.06,SPY200117C00301000,301.0,normalDay
2019-12-20,209.0,5744.0,0.0,100,320.73,251.0,0,0.0,0.0,,0.0,1,9.14,21.43,SPY200117C00301000,301.0,normalDay
2019-12-23,209.0,5796.0,0.0,100,321.22,251.0,0,0.0,0.0,,0.0,1,9.14,21.4,SPY200117C00301000,301.0,normalDay
2019-12-24,209.0,5791.0,0.0,100,321.23,251.0,0,0.0,0.0,,0.0,1,9.14,21.46,SPY200117C00301000,301.0,normalDay
2019-12-26,209.0,5814.0,0.0,100,322.94,251.0,0,0.0,0.0,,0.0,1,9.14,22.94,SPY200117C00301000,301.0,normalDay
2019-12-27,209.0,5841.0,0.0,100,322.86,251.0,0,0.0,0.0,,0.0,1,9.14,22.59,SPY200117C00301000,301.0,normalDay
2019-12-30,209.0,5808.0,0.0,100,321.08,251.0,0,0.0,0.0,,0.0,1,9.14,21.14,SPY200117C00301000,301.0,normalDay
2019-12-31,209.0,5803.0,0.0,100,321.86,251.0,0,0.0,0.0,,0.0,1,9.14,21.97,SPY200117C00301000,301.0,normalDay
2020-01-02,209.0,5865.0,0.0,100,324.87,251.0,0,0.0,0.0,,0.0,1,9.14,24.36,SPY200117C00301000,301.0,normalDay
2020-01-03,209.0,5835.0,0.0,100,322.41,251.0,0,0.0,0.0,,0.0,1,9.14,22.2,SPY200117C00301000,301.0,normalDay
2020-01-06,209.0,5857.0,0.0,100,323.64,251.0,0,0.0,0.0,,0.0,1,9.14,23.21,SPY200117C00301000,301.0,normalDay
2020-01-07,209.0,5891.0,0.0,100,322.73,251.0,0,0.0,0.0,,0.0,1,9.14,21.96,SPY200117C00301000,301.0,normalDay
2020-01-08,209.0,5852.0,0.0,100,324.45,251.0,0,0.0,0.0,,0.0,1,9.14,24.07,SPY200117C00301000,301.0,normalDay
2020-01-09,209.0,5882.0,0.0,100,326.65,251.0,0,0.0,0.0,,0.0,1,9.14,25.97,SPY200117C00301000,301.0,normalDay
2020-01-10,209.0,5902.0,0.0,100,325.71,251.0,0,0.0,0.0,,0.0,1,9.14,24.83,SPY200117C00301000,301.0,normalDay
2020-01-13,209.0,5892.0,0.0,100,327.95,251.0,0,0.0,0.0,,0.0,1,9.14,27.17,SPY200117C00301000,301.0,normalDay
2020-01-14,209.0,5873.0,0.0,100,327.45,251.0,0,0.0,0.0,,0.0,1,9.14,26.86,SPY200117C00301000,301.0,normalDay
2020-01-15,209.0,5891.0,0.0,100,328.19,251.0,0,0.0,0.0,,0.0,1,9.14,27.42,SPY200117C00301000,301.0,normalDay
2020-01-16,209.0,5919.0,0.0,100,330.92,251.0,0,0.0,0.0,,0.0,1,9.14,29.87,SPY200117C00301000,301.0,normalDay
2020-01-17,6123.0,5919.0,5914.0,0,331.95,0.0,0,0.0,0.0,,0.0,1,9.14,0.0,SPY200117C00301000,301.0,expirationDay
2020-01-21,6123.0,-3.0,0.0,0,331.3,0.0,1,0.08,0.11,SPY200131P00310500,310.5,0,0.0,0.0,,0.0,normalDay
2020-01-22,6123.0,1.0,0.0,0,331.34,0.0,1,0.08,0.07,SPY200131P00310500,310.5,0,0.0,0.0,,0.0,normalDay
2020-01-23,6123.0,1.0,0.0,0,331.72,0.0,1,0.08,0.07,SPY200131P00310500,310.5,0,0.0,0.0,,0.0,normalDay
2020-01-24,6123.0,-5.0,0.0,0,328.77,0.0,1,0.08,0.13,SPY200131P00310500,310.5,0,0.0,0.0,,0.0,normalDay
2020-01-27,6123.0,-33.0,0.0,0,323.5,0.0,1,0.08,0.41,SPY200131P00310500,310.5,0,0.0,0.0,,0.0,normalDay
2020-01-28,6123.0,0.0,0.0,0,326.89,0.0,1,0.08,0.08,SPY200131P00310500,310.5,0,0.0,0.0,,0.0,normalDay
2020-01-29,6123.0,5.0,0.0,0,326.62,0.0,1,0.08,0.03,SPY200131P00310500,310.5,0,0.0,0.0,,0.0,normalDay
2020-01-30,6123.0,7.0,0.0,0,327.68,0.0,1,0.08,0.01,SPY200131P00310500,310.5,0,0.0,0.0,,0.0,normalDay
2020-01-31,6131.0,0.0,8.0,0,321.73,0.0,1,0.08,0.0,SPY200131P00310500,310.5,0,0.0,0.0,,0.0,expirationDay
2020-02-03,6131.0,-4.0,0.0,0,324.12,0.0,1,1.32,1.36,SPY200214P00314000,314.0,0,0.0,0.0,,0.0,normalDay
2020-02-04,6131.0,89.0,0.0,0,329.06,0.0,1,1.32,0.43,SPY200214P00314000,314.0,0,0.0,0.0,,0.0,normalDay
2020-02-05,6131.0,115.0,0.0,0,332.86,0.0,1,1.32,0.17,SPY200214P00314000,314.0,0,0.0,0.0,,0.0,normalDay
2020-02-06,6131.0,119.0,0.0,0,333.98,0.0,1,1.32,0.13,SPY200214P00314000,314.0,0,0.0,0.0,,0.0,normalDay
2020-02-07,6131.0,121.0,0.0,0,332.2,0.0,1,1.32,0.11,SPY200214P00314000,314.0,0,0.0,0.0,,0.0,normalDay
2020-02-10,6131.0,129.0,0.0,0,334.68,0.0,1,1.32,0.03,SPY200214P00314000,314.0,0,0.0,0.0,,0.0,normalDay
2020-02-11,6131.0,130.0,0.0,0,335.26,0.0,1,1.32,0.02,SPY200214P00314000,314.0,0,0.0,0.0,,0.0,normalDay
2020-02-12,6131.0,131.0,0.0,0,337.42,0.0,1,1.32,0.01,SPY200214P00314000,314.0,0,0.0,0.0,,0.0,normalDay
2020-02-13,6131.0,131.0,0.0,0,337.06,0.0,1,1.32,0.01,SPY200214P00314000,314.0,0,0.0,0.0,,0.0,normalDay
2020-02-14,6263.0,0.0,132.0,0,337.6,0.0,1,1.32,0.0,SPY200214P00314000,314.0,0,0.0,0.0,,0.0,expirationDay
2020-02-18,6263.0,-3.0,0.0,0,336.73,0.0,1,0.09,0.12,SPY200228P00312000,312.0,0,0.0,0.0,,0.0,normalDay
2020-02-19,6263.0,1.0,0.0,0,338.34,0.0,1,0.09,0.08,SPY200228P00312000,312.0,0,0.0,0.0,,0.0,normalDay
2020-02-20,6263.0,0.0,0.0,0,336.95,0.0,1,0.09,0.09,SPY200228P00312000,312.0,0,0.0,0.0,,0.0,normalDay
2020-02-21,6263.0,1.0,0.0,0,333.48,0.0,1,0.09,0.08,SPY200228P00312000,312.0,0,0.0,0.0,,0.0,normalDay
2020-02-24,6263.0,-162.0,0.0,0,322.42,0.0,1,0.09,1.71,SPY200228P00312000,312.0,0,0.0,0.0,,0.0,normalDay
2020-02-25,6263.0,-372.0,0.0,0,312.65,0.0,1,0.09,3.81,SPY200228P00312000,312.0,0,0.0,0.0,,0.0,normalDay
2020-02-26,6263.0,-367.0,0.0,0,311.5,0.0,1,0.09,3.76,SPY200228P00312000,312.0,0,0.0,0.0,,0.0,normalDay
2020-02-27,6263.0,-1486.0,0.0,0,297.51,0.0,1,0.09,14.95,SPY200228P00312000,312.0,0,0.0,0.0,,0.0,normalDay
2020-02-28,6272.0,-1574.0,9.0,100,296.26,312.0,1,0.09,0.0,SPY200228P00312000,312.0,0,0.0,0.0,,0.0,expirationDay
2020-03-02,6272.0,-372.0,0.0,100,309.09,312.0,0,0.0,0.0,,0.0,1,0.35,1.16,SPY201016C00363000,363.0,normalDay
2020-03-03,6272.0,-1239.0,0.0,100,300.24,312.0,0,0.0,0.0,,0.0,1,0.35,0.98,SPY201016C00363000,363.0,normalDay
2020-03-04,6272.0,-3.0,0.0,100,312.86,312.0,0,0.0,0.0,,0.0,1,0.35,1.24,SPY201016C00363000,363.0,normalDay
2020-03-05,6272.0,-1050.0,0.0,100,302.46,312.0,0,0.0,0.0,,0.0,1,0.35,1.31,SPY201016C00363000,363.0,normalDay
2020-03-06,6272.0,-1563.0,0.0,100,297.46,312.0,0,0.0,0.0,,0.0,1,0.35,1.44,SPY201016C00363000,363.0,normalDay
2020-03-09,6272.0,-3841.0,0.0,100,274.23,312.0,0,0.0,0.0,,0.0,1,0.35,0.99,SPY201016C00363000,363.0,normalDay
2020-03-10,6272.0,-2436.0,0.0,100,288.42,312.0,0,0.0,0.0,,0.0,1,0.35,1.13,SPY201016C00363000,363.0,normalDay
2020-03-11,6272.0,-3805.0,0.0,100,274.36,312.0,0,0.0,0.0,,0.0,1,0.35,0.76,SPY201016C00363000,363.0,normalDay
2020-03-12,6272.0,-6478.0,0.0,100,248.11,312.0,0,0.0,0.0,,0.0,1,0.35,1.24,SPY201016C00363000,363.0,normalDay
2020-03-13,6272.0,-4432.0,0.0,100,269.32,312.0,0,0.0,0.0,,0.0,1,0.35,1.99,SPY201016C00363000,363.0,normalDay
2020-03-16,6272.0,-7245.0,0.0,100,239.85,312.0,0,0.0,0.0,,0.0,1,0.35,0.65,SPY201016C00363000,363.0,normalDay
2020-03-17,6272.0,-5942.0,0.0,100,252.8,312.0,0,0.0,0.0,,0.0,1,0.35,0.57,SPY201016C00363000,363.0,normalDay
2020-03-18,6272.0,-7225.0,0.0,100,240.0,312.0,0,0.0,0.0,,0.0,1,0.35,0.6,SPY201016C00363000,363.0,normalDay
2020-03-19,6272.0,-7170.0,0.0,100,240.51,312.0,0,0.0,0.0,,0.0,1,0.35,0.56,SPY201016C00363000,363.0,normalDay
2020-03-20,6272.0,-8312.0,0.0,100,228.8,312.0,0,0.0,0.0,,0.0,1,0.35,0.27,SPY201016C00363000,363.0,normalDay
2020-03-23,6272.0,-8906.0,0.0,100,222.95,312.0,0,0.0,0.0,,0.0,1,0.35,0.36,SPY201016C00363000,363.0,normalDay
2020-03-24,6272.0,-6910.0,0.0,100,243.15,312.0,0,0.0,0.0,,0.0,1,0.35,0.6,SPY201016C00363000,363.0,normalDay
2020-03-25,6272.0,-6567.0,0.0,100,246.79,312.0,0,0.0,0.0,,0.0,1,0.35,0.81,SPY201016C00363000,363.0,normalDay
2020-03-26,6272.0,-5118.0,0.0,100,261.2,312.0,0,0.0,0.0,,0.0,1,0.35,0.73,SPY201016C00363000,363.0,normalDay
2020-03-27,6272.0,-5863.0,0.0,100,253.42,312.0,0,0.0,0.0,,0.0,1,0.35,0.4,SPY201016C00363000,363.0,normalDay
2020-03-30,6272.0,-5039.0,0.0,100,261.65,312.0,0,0.0,0.0,,0.0,1,0.35,0.39,SPY201016C00363000,363.0,normalDay
2020-03-31,6272.0,-5419.0,0.0,100,257.75,312.0,0,0.0,0.0,,0.0,1,0.35,0.29,SPY201016C00363000,363.0,normalDay
2020-04-01,6272.0,-6574.0,0.0,100,246.15,312.0,0,0.0,0.0,,0.0,1,0.35,0.24,SPY201016C00363000,363.0,normalDay
2020-04-02,6272.0,-6015.0,0.0,100,251.83,312.0,0,0.0,0.0,,0.0,1,0.35,0.33,SPY201016C00363000,363.0,normalDay
2020-04-03,6272.0,-6375.0,0.0,100,248.19,312.0,0,0.0,0.0,,0.0,1,0.35,0.29,SPY201016C00363000,363.0,normalDay
2020-04-06,6272.0,-4729.0,0.0,100,264.86,312.0,0,0.0,0.0,,0.0,1,0.35,0.5,SPY201016C00363000,363.0,normalDay
2020-04-07,6272.0,-4693.0,0.0,100,265.13,312.0,0,0.0,0.0,,0.0,1,0.35,0.41,SPY201016C00363000,363.0,normalDay
2020-04-08,6272.0,-3821.0,0.0,100,274.03,312.0,0,0.0,0.0,,0.0,1,0.35,0.59,SPY201016C00363000,363.0,normalDay
2020-04-09,6272.0,-3410.0,0.0,100,278.2,312.0,0,0.0,0.0,,0.0,1,0.35,0.65,SPY201016C00363000,363.0,normalDay
2020-04-13,6272.0,-3651.0,0.0,100,275.66,312.0,0,0.0,0.0,,0.0,1,0.35,0.52,SPY201016C00363000,363.0,normalDay
2020-04-14,6272.0,-2852.0,0.0,100,283.79,312.0,0,0.0,0.0,,0.0,1,0.35,0.66,SPY201016C00363000,363.0,normalDay
2020-04-15,6272.0,-3435.0,0.0,100,277.76,312.0,0,0.0,0.0,,0.0,1,0.35,0.46,SPY201016C00363000,363.0,normalDay
2020-04-16,6272.0,-3311.0,0.0,100,279.1,312.0,0,0.0,0.0,,0.0,1,0.35,0.56,SPY201016C00363000,363.0,normalDay
2020-04-17,6272.0,-2575.0,0.0,100,286.64,312.0,0,0.0,0.0,,0.0,1,0.35,0.74,SPY201016C00363000,363.0,normalDay
2020-04-20,6272.0,-3068.0,0.0,100,281.59,312.0,0,0.0,0.0,,0.0,1,0.35,0.62,SPY201016C00363000,363.0,normalDay
2020-04-21,6272.0,-3905.0,0.0,100,273.04,312.0,0,0.0,0.0,,0.0,1,0.35,0.44,SPY201016C00363000,363.0,normalDay
2020-04-22,6272.0,-3307.0,0.0,100,279.1,312.0,0,0.0,0.0,,0.0,1,0.35,0.52,SPY201016C00363000,363.0,normalDay
2020-04-23,6272.0,-3312.0,0.0,100,279.08,312.0,0,0.0,0.0,,0.0,1,0.35,0.55,SPY201016C00363000,363.0,normalDay
2020-04-24,6272.0,-2925.0,0.0,100,282.97,312.0,0,0.0,0.0,,0.0,1,0.35,0.57,SPY201016C00363000,363.0,normalDay
2020-04-27,6272.0,-2518.0,0.0,100,287.05,312.0,0,0.0,0.0,,0.0,1,0.35,0.58,SPY201016C00363000,363.0,normalDay
2020-04-28,6272.0,-2640.0,0.0,100,285.73,312.0,0,0.0,0.0,,0.0,1,0.35,0.48,SPY201016C00363000,363.0,normalDay
2020-04-29,6272.0,-1905.0,0.0,100,293.21,312.0,0,0.0,0.0,,0.0,1,0.35,0.61,SPY201016C00363000,363.0,normalDay
2020-04-30,6272.0,-2174.0,0.0,100,290.48,312.0,0,0.0,0.0,,0.0,1,0.35,0.57,SPY201016C00363000,363.0,normalDay
2020-05-01,6272.0,-2928.0,0.0,100,282.79,312.0,0,0.0,0.0,,0.0,1,0.35,0.42,SPY201016C00363000,363.0,normalDay
2020-05-04,6272.0,-2849.0,0.0,100,283.57,312.0,0,0.0,0.0,,0.0,1,0.35,0.41,SPY201016C00363000,363.0,normalDay
2020-05-05,6272.0,-2585.0,0.0,100,286.19,312.0,0,0.0,0.0,,0.0,1,0.35,0.39,SPY201016C00363000,363.0,normalDay
2020-05-06,6272.0,-2773.0,0.0,100,284.25,312.0,0,0.0,0.0,,0.0,1,0.35,0.33,SPY201016C00363000,363.0,normalDay
2020-05-07,6272.0,-2435.0,0.0,100,287.68,312.0,0,0.0,0.0,,0.0,1,0.35,0.38,SPY201016C00363000,363.0,normalDay
2020-05-08,6272.0,-1961.0,0.0,100,292.44,312.0,0,0.0,0.0,,0.0,1,0.35,0.4,SPY201016C00363000,363.0,normalDay
2020-05-11,6272.0,-1947.0,0.0,100,292.5,312.0,0,0.0,0.0,,0.0,1,0.35,0.32,SPY201016C00363000,363.0,normalDay
2020-05-12,6272.0,-2528.0,0.0,100,286.67,312.0,0,0.0,0.0,,0.0,1,0.35,0.3,SPY201016C00363000,363.0,normalDay
2020-05-13,6272.0,-3027.0,0.0,100,281.6,312.0,0,0.0,0.0,,0.0,1,0.35,0.22,SPY201016C00363000,363.0,normalDay
2020-05-14,6272.0,-2695.0,0.0,100,284.97,312.0,0,0.0,0.0,,0.0,1,0.35,0.27,SPY201016C00363000,363.0,normalDay
2020-05-15,6272.0,-2563.0,0.0,100,286.28,312.0,0,0.0,0.0,,0.0,1,0.35,0.26,SPY201016C00363000,363.0,normalDay
2020-05-18,6272.0,-1704.0,0.0,100,295.0,312.0,0,0.0,0.0,,0.0,1,0.35,0.39,SPY201016C00363000,363.0,normalDay
2020-05-19,6272.0,-1998.0,0.0,100,291.97,312.0,0,0.0,0.0,,0.0,1,0.35,0.3,SPY201016C00363000,363.0,normalDay
2020-05-20,6272.0,-1515.0,0.0,100,296.93,312.0,0,0.0,0.0,,0.0,1,0.35,0.43,SPY201016C00363000,363.0,normalDay
2020-05-21,6272.0,-1717.0,0.0,100,294.88,312.0,0,0.0,0.0,,0.0,1,0.35,0.4,SPY201016C00363000,363.0,normalDay
2020-05-22,6272.0,-1662.0,0.0,100,295.44,312.0,0,0.0,0.0,,0.0,1,0.35,0.41,SPY201016C00363000,363.0,normalDay
2020-05-26,6272.0,-1297.0,0.0,100,299.08,312.0,0,0.0,0.0,,0.0,1,0.35,0.4,SPY201016C00363000,363.0,normalDay
2020-05-27,6272.0,-860.0,0.0,100,303.53,312.0,0,0.0,0.0,,0.0,1,0.35,0.48,SPY201016C00363000,363.0,normalDay
2020-05-28,6272.0,-918.0,0.0,100,302.97,312.0,0,0.0,0.0,,0.0,1,0.35,0.5,SPY201016C00363000,363.0,normalDay
2020-05-29,6272.0,-794.0,0.0,100,304.32,312.0,0,0.0,0.0,,0.0,1,0.35,0.61,SPY201016C00363000,363.0,normalDay
2020-06-01,6272.0,-668.0,0.0,100,305.55,312.0,0,0.0,0.0,,0.0,1,0.35,0.58,SPY201016C00363000,363.0,normalDay
2020-06-02,6272.0,-424.0,0.0,100,308.08,312.0,0,0.0,0.0,,0.0,1,0.35,0.67,SPY201016C00363000,363.0,normalDay
2020-06-03,6272.0,-36.0,0.0,100,312.18,312.0,0,0.0,0.0,,0.0,1,0.35,0.89,SPY201016C00363000,363.0,normalDay
2020-06-04,6272.0,-105.0,0.0,100,311.36,312.0,0,0.0,0.0,,0.0,1,0.35,0.76,SPY201016C00363000,363.0,normalDay
2020-06-05,6272.0,650.0,0.0,100,319.34,312.0,0,0.0,0.0,,0.0,1,0.35,1.19,SPY201016C00363000,363.0,normalDay
2020-06-08,6272.0,990.0,0.0,100,323.2,312.0,0,0.0,0.0,,0.0,1,0.35,1.65,SPY201016C00363000,363.0,normalDay
2020-06-09,6272.0,742.0,0.0,100,320.79,312.0,0,0.0,0.0,,0.0,1,0.35,1.72,SPY201016C00363000,363.0,normalDay
2020-06-10,6272.0,591.0,0.0,100,319.0,312.0,0,0.0,0.0,,0.0,1,0.35,1.44,SPY201016C00363000,363.0,normalDay
2020-06-11,6272.0,-1205.0,0.0,100,300.61,312.0,0,0.0,0.0,,0.0,1,0.35,1.01,SPY201016C00363000,363.0,normalDay
2020-06-12,6272.0,-835.0,0.0,100,304.21,312.0,0,0.0,0.0,,0.0,1,0.35,0.91,SPY201016C00363000,363.0,normalDay
2020-06-15,6272.0,-566.0,0.0,100,307.05,312.0,0,0.0,0.0,,0.0,1,0.35,1.06,SPY201016C00363000,363.0,normalDay
2020-06-16,6272.0,-15.0,0.0,100,312.96,312.0,0,0.0,0.0,,0.0,1,0.35,1.46,SPY201016C00363000,363.0,normalDay
2020-06-17,6272.0,-137.0,0.0,100,311.66,312.0,0,0.0,0.0,,0.0,1,0.35,1.38,SPY201016C00363000,363.0,normalDay
2020-06-18,6272.0,-117.0,0.0,100,311.78,312.0,0,0.0,0.0,,0.0,1,0.35,1.3,SPY201016C00363000,363.0,normalDay
2020-06-19,6272.0,-417.0,0.0,100,308.64,312.0,0,0.0,0.0,,0.0,1,0.35,1.16,SPY201016C00363000,363.0,normalDay
2020-06-22,6272.0,-220.0,0.0,100,310.62,312.0,0,0.0,0.0,,0.0,1,0.35,1.17,SPY201016C00363000,363.0,normalDay
2020-06-23,6272.0,-76.0,0.0,100,312.05,312.0,0,0.0,0.0,,0.0,1,0.35,1.16,SPY201016C00363000,363.0,normalDay
2020-06-24,6272.0,-840.0,0.0,100,304.09,312.0,0,0.0,0.0,,0.0,1,0.35,0.84,SPY201016C00363000,363.0,normalDay
2020-06-25,6272.0,-523.0,0.0,100,307.35,312.0,0,0.0,0.0,,0.0,1,0.35,0.93,SPY201016C00363000,363.0,normalDay
2020-06-26,6272.0,-1229.0,0.0,100,300.05,312.0,0,0.0,0.0,,0.0,1,0.35,0.69,SPY201016C00363000,363.0,normalDay
2020-06-29,6272.0,-787.0,0.0,100,304.46,312.0,0,0.0,0.0,,0.0,1,0.35,0.68,SPY201016C00363000,363.0,normalDay
2020-06-30,6272.0,-403.0,0.0,100,308.36,312.0,0,0.0,0.0,,0.0,1,0.35,0.74,SPY201016C00363000,363.0,normalDay
2020-07-01,6272.0,-195.0,0.0,100,310.52,312.0,0,0.0,0.0,,0.0,1,0.35,0.82,SPY201016C00363000,363.0,normalDay
2020-07-02,6272.0,-28.0,0.0,100,312.23,312.0,0,0.0,0.0,,0.0,1,0.35,0.86,SPY201016C00363000,363.0,normalDay
2020-07-06,6272.0,426.0,0.0,100,317.05,312.0,0,0.0,0.0,,0.0,1,0.35,1.14,SPY201016C00363000,363.0,normalDay
2020-07-07,6272.0,122.0,0.0,100,313.78,312.0,0,0.0,0.0,,0.0,1,0.35,0.91,SPY201016C00363000,363.0,normalDay
2020-07-08,6272.0,357.0,0.0,100,316.18,312.0,0,0.0,0.0,,0.0,1,0.35,0.96,SPY201016C00363000,363.0,normalDay
2020-07-09,6272.0,188.0,0.0,100,314.38,312.0,0,0.0,0.0,,0.0,1,0.35,0.85,SPY201016C00363000,363.0,normalDay
2020-07-10,6272.0,493.0,0.0,100,317.59,312.0,0,0.0,0.0,,0.0,1,0.35,1.01,SPY201016C00363000,363.0,normalDay
2020-07-13,6272.0,220.0,0.0,100,314.84,312.0,0,0.0,0.0,,0.0,1,0.35,0.99,SPY201016C00363000,363.0,normalDay
2020-07-14,6272.0,612.0,0.0,100,318.92,312.0,0,0.0,0.0,,0.0,1,0.35,1.15,SPY201016C00363000,363.0,normalDay
2020-07-15,6272.0,880.0,0.0,100,321.85,312.0,0,0.0,0.0,,0.0,1,0.35,1.4,SPY201016C00363000,363.0,normalDay
2020-07-16,6272.0,796.0,0.0,100,320.79,312.0,0,0.0,0.0,,0.0,1,0.35,1.18,SPY201016C00363000,363.0,normalDay
2020-07-17,6272.0,885.0,0.0,100,321.72,312.0,0,0.0,0.0,,0.0,1,0.35,1.22,SPY201016C00363000,363.0,normalDay
2020-07-20,6272.0,1142.0,0.0,100,324.32,312.0,0,0.0,0.0,,0.0,1,0.35,1.25,SPY201016C00363000,363.0,normalDay
2020-07-21,6272.0,1213.0,0.0,100,325.01,312.0,0,0.0,0.0,,0.0,1,0.35,1.23,SPY201016C00363000,363.0,normalDay
2020-07-22,6272.0,1396.0,0.0,100,326.86,312.0,0,0.0,0.0,,0.0,1,0.35,1.25,SPY201016C00363000,363.0,normalDay
2020-07-23,6272.0,1042.0,0.0,100,322.96,312.0,0,0.0,0.0,,0.0,1,0.35,0.89,SPY201016C00363000,363.0,normalDay
2020-07-24,6272.0,841.0,0.0,100,320.88,312.0,0,0.0,0.0,,0.0,1,0.35,0.82,SPY201016C00363000,363.0,normalDay
2020-07-27,6272.0,1071.0,0.0,100,323.22,312.0,0,0.0,0.0,,0.0,1,0.35,0.86,SPY201016C00363000,363.0,normalDay
2020-07-28,6272.0,880.0,0.0,100,321.17,312.0,0,0.0,0.0,,0.0,1,0.35,0.72,SPY201016C00363000,363.0,normalDay
2020-07-29,6272.0,1255.0,0.0,100,325.12,312.0,0,0.0,0.0,,0.0,1,0.35,0.92,SPY201016C00363000,363.0,normalDay
2020-07-30,6272.0,1141.0,0.0,100,323.96,312.0,0,0.0,0.0,,0.0,1,0.35,0.9,SPY201016C00363000,363.0,normalDay
2020-07-31,6272.0,1389.0,0.0,100,326.52,312.0,0,0.0,0.0,,0.0,1,0.35,0.98,SPY201016C00363000,363.0,normalDay
2020-08-03,6272.0,1607.0,0.0,100,328.79,312.0,0,0.0,0.0,,0.0,1,0.35,1.07,SPY201016C00363000,363.0,normalDay
2020-08-04,6272.0,1732.0,0.0,100,330.06,312.0,0,0.0,0.0,,0.0,1,0.35,1.09,SPY201016C00363000,363.0,normalDay
2020-08-05,6272.0,1925.0,0.0,100,332.11,312.0,0,0.0,0.0,,0.0,1,0.35,1.21,SPY201016C00363000,363.0,normalDay
2020-08-06,6272.0,2127.0,0.0,100,334.33,312.0,0,0.0,0.0,,0.0,1,0.35,1.41,SPY201016C00363000,363.0,normalDay
2020-08-07,6272.0,2158.0,0.0,100,334.57,312.0,0,0.0,0.0,,0.0,1,0.35,1.34,SPY201016C00363000,363.0,normalDay
2020-08-10,6272.0,2262.0,0.0,100,335.57,312.0,0,0.0,0.0,,0.0,1,0.35,1.3,SPY201016C00363000,363.0,normalDay
2020-08-11,6272.0,2005.0,0.0,100,332.8,312.0,0,0.0,0.0,,0.0,1,0.35,1.1,SPY201016C00363000,363.0,normalDay
2020-08-12,6272.0,2434.0,0.0,100,337.44,312.0,0,0.0,0.0,,0.0,1,0.35,1.45,SPY201016C00363000,363.0,normalDay
2020-08-13,6272.0,2385.0,0.0,100,336.83,312.0,0,0.0,0.0,,0.0,1,0.35,1.33,SPY201016C00363000,363.0,normalDay
2020-08-14,6272.0,2401.0,0.0,100,336.84,312.0,0,0.0,0.0,,0.0,1,0.35,1.18,SPY201016C00363000,363.0,normalDay
2020-08-17,6272.0,2510.0,0.0,100,337.91,312.0,0,0.0,0.0,,0.0,1,0.35,1.16,SPY201016C00363000,363.0,normalDay
2020-08-18,6272.0,2580.0,0.0,100,338.64,312.0,0,0.0,0.0,,0.0,1,0.35,1.19,SPY201016C00363000,363.0,normalDay
2020-08-19,6272.0,2455.0,0.0,100,337.23,312.0,0,0.0,0.0,,0.0,1,0.35,1.03,SPY201016C00363000,363.0,normalDay
2020-08-20,6272.0,2559.0,0.0,100,338.28,312.0,0,0.0,0.0,,0.0,1,0.35,1.04,SPY201016C00363000,363.0,normalDay
2020-08-21,6272.0,2670.0,0.0,100,339.48,312.0,0,0.0,0.0,,0.0,1,0.35,1.13,SPY201016C00363000,363.0,normalDay
2020-08-24,6272.0,2985.0,0.0,100,342.92,312.0,0,0.0,0.0,,0.0,1,0.35,1.42,SPY201016C00363000,363.0,normalDay
2020-08-25,6272.0,3089.0,0.0,100,344.12,312.0,0,0.0,0.0,,0.0,1,0.35,1.58,SPY201016C00363000,363.0,normalDay
2020-08-26,6272.0,3339.0,0.0,100,347.57,312.0,0,0.0,0.0,,0.0,1,0.35,2.53,SPY201016C00363000,363.0,normalDay
2020-08-27,6272.0,3371.0,0.0,100,348.33,312.0,0,0.0,0.0,,0.0,1,0.35,2.97,SPY201016C00363000,363.0,normalDay
2020-08-28,6272.0,3566.0,0.0,100,350.58,312.0,0,0.0,0.0,,0.0,1,0.35,3.27,SPY201016C00363000,363.0,normalDay
2020-08-31,6272.0,3412.0,0.0,100,349.31,312.0,0,0.0,0.0,,0.0,1,0.35,3.54,SPY201016C00363000,363.0,normalDay
2020-09-01,6272.0,3656.0,0.0,100,352.6,312.0,0,0.0,0.0,,0.0,1,0.35,4.39,SPY201016C00363000,363.0,normalDay
2020-09-02,6272.0,3907.0,0.0,100,357.7,312.0,0,0.0,0.0,,0.0,1,0.35,6.98,SPY201016C00363000,363.0,normalDay
2020-09-03,6272.0,3003.0,0.0,100,345.39,312.0,0,0.0,0.0,,0.0,1,0.35,3.71,SPY201016C00363000,363.0,normalDay
2020-09-04,6272.0,2880.0,0.0,100,342.57,312.0,0,0.0,0.0,,0.0,1,0.35,2.12,SPY201016C00363000,363.0,normalDay
2020-09-08,6272.0,2063.0,0.0,100,333.21,312.0,0,0.0,0.0,,0.0,1,0.35,0.93,SPY201016C00363000,363.0,normalDay
2020-09-09,6272.0,2668.0,0.0,100,339.79,312.0,0,0.0,0.0,,0.0,1,0.35,1.46,SPY201016C00363000,363.0,normalDay
2020-09-10,6272.0,2136.0,0.0,100,333.89,312.0,0,0.0,0.0,,0.0,1,0.35,0.88,SPY201016C00363000,363.0,normalDay
2020-09-11,6272.0,2182.0,0.0,100,334.06,312.0,0,0.0,0.0,,0.0,1,0.35,0.59,SPY201016C00363000,363.0,normalDay
2020-09-14,6272.0,2602.0,0.0,100,338.46,312.0,0,0.0,0.0,,0.0,1,0.35,0.79,SPY201016C00363000,363.0,normalDay
2020-09-15,6272.0,2766.0,0.0,100,340.17,312.0,0,0.0,0.0,,0.0,1,0.35,0.86,SPY201016C00363000,363.0,normalDay
2020-09-16,6272.0,2655.0,0.0,100,338.82,312.0,0,0.0,0.0,,0.0,1,0.35,0.62,SPY201016C00363000,363.0,normalDay
2020-09-17,6272.0,2374.0,0.0,100,335.84,312.0,0,0.0,0.0,,0.0,1,0.35,0.45,SPY201016C00363000,363.0,normalDay
2020-09-18,6272.0,1871.0,0.0,100,330.65,312.0,0,0.0,0.0,,0.0,1,0.35,0.29,SPY201016C00363000,363.0,normalDay
2020-09-21,6272.0,1512.0,0.0,100,326.97,312.0,0,0.0,0.0,,0.0,1,0.35,0.2,SPY201016C00363000,363.0,normalDay
2020-09-22,6272.0,1845.0,0.0,100,330.3,312.0,0,0.0,0.0,,0.0,1,0.35,0.2,SPY201016C00363000,363.0,normalDay
2020-09-23,6272.0,1088.0,0.0,100,322.64,312.0,0,0.0,0.0,,0.0,1,0.35,0.11,SPY201016C00363000,363.0,normalDay
2020-09-24,6272.0,1173.0,0.0,100,323.5,312.0,0,0.0,0.0,,0.0,1,0.35,0.12,SPY201016C00363000,363.0,normalDay
2020-09-25,6272.0,1697.0,0.0,100,328.73,312.0,0,0.0,0.0,,0.0,1,0.35,0.11,SPY201016C00363000,363.0,normalDay
2020-09-28,6272.0,2235.0,0.0,100,334.19,312.0,0,0.0,0.0,,0.0,1,0.35,0.19,SPY201016C00363000,363.0,normalDay
2020-09-29,6272.0,2054.0,0.0,100,332.37,312.0,0,0.0,0.0,,0.0,1,0.35,0.18,SPY201016C00363000,363.0,normalDay
2020-09-30,6272.0,2304.0,0.0,100,334.89,312.0,0,0.0,0.0,,0.0,1,0.35,0.2,SPY201016C00363000,363.0,normalDay
2020-10-01,6272.0,2510.0,0.0,100,337.04,312.0,0,0.0,0.0,,0.0,1,0.35,0.29,SPY201016C00363000,363.0,normalDay
2020-10-02,6272.0,2206.0,0.0,100,333.84,312.0,0,0.0,0.0,,0.0,1,0.35,0.13,SPY201016C00363000,363.0,normalDay
2020-10-05,6272.0,2798.0,0.0,100,339.76,312.0,0,0.0,0.0,,0.0,1,0.35,0.13,SPY201016C00363000,363.0,normalDay
2020-10-06,6272.0,2323.0,0.0,100,334.93,312.0,0,0.0,0.0,,0.0,1,0.35,0.05,SPY201016C00363000,363.0,normalDay
2020-10-07,6272.0,2903.0,0.0,100,340.76,312.0,0,0.0,0.0,,0.0,1,0.35,0.08,SPY201016C00363000,363.0,normalDay
2020-10-08,6272.0,3207.0,0.0,100,343.78,312.0,0,0.0,0.0,,0.0,1,0.35,0.06,SPY201016C00363000,363.0,normalDay
2020-10-09,6272.0,3516.0,0.0,100,346.85,312.0,0,0.0,0.0,,0.0,1,0.35,0.04,SPY201016C00363000,363.0,normalDay
2020-10-12,6272.0,4060.0,0.0,100,352.43,312.0,0,0.0,0.0,,0.0,1,0.35,0.18,SPY201016C00363000,363.0,normalDay
2020-10-13,6272.0,3843.0,0.0,100,350.13,312.0,0,0.0,0.0,,0.0,1,0.35,0.05,SPY201016C00363000,363.0,normalDay
2020-10-14,6272.0,3627.0,0.0,100,347.93,312.0,0,0.0,0.0,,0.0,1,0.35,0.01,SPY201016C00363000,363.0,normalDay
2020-10-15,6272.0,3584.0,0.0,100,347.5,312.0,0,0.0,0.0,,0.0,1,0.35,0.01,SPY201016C00363000,363.0,normalDay
2020-10-16,6307.0,3529.0,35.0,100,347.29,312.0,0,0.0,0.0,,0.0,1,0.35,0.0,SPY201016C00363000,363.0,expirationDay
2020-10-19,6307.0,2964.0,0.0,100,342.01,312.0,0,0.0,0.0,,0.0,1,13.35,13.72,SPY210521C00362000,362.0,normalDay
2020-10-20,6307.0,3087.0,0.0,100,343.38,312.0,0,0.0,0.0,,0.0,1,13.35,13.86,SPY210521C00362000,362.0,normalDay
2020-10-21,6307.0,3055.0,0.0,100,342.73,312.0,0,0.0,0.0,,0.0,1,13.35,13.53,SPY210521C00362000,362.0,normalDay
2020-10-22,6307.0,3212.0,0.0,100,344.61,312.0,0,0.0,0.0,,0.0,1,13.35,13.84,SPY210521C00362000,362.0,normalDay
2020-10-23,6307.0,3320.0,0.0,100,345.78,312.0,0,0.0,0.0,,0.0,1,13.35,13.93,SPY210521C00362000,362.0,normalDay
2020-10-26,6307.0,2844.0,0.0,100,339.39,312.0,0,0.0,0.0,,0.0,1,13.35,12.3,SPY210521C00362000,362.0,normalDay
2020-10-27,6307.0,2787.0,0.0,100,338.22,312.0,0,0.0,0.0,,0.0,1,13.35,11.7,SPY210521C00362000,362.0,normalDay
2020-10-28,6307.0,1915.0,0.0,100,326.66,312.0,0,0.0,0.0,,0.0,1,13.35,8.86,SPY210521C00362000,362.0,normalDay
2020-10-29,6307.0,2183.0,0.0,100,329.98,312.0,0,0.0,0.0,,0.0,1,13.35,9.5,SPY210521C00362000,362.0,normalDay
2020-10-30,6307.0,1958.0,0.0,100,326.54,312.0,0,0.0,0.0,,0.0,1,13.35,8.31,SPY210521C00362000,362.0,normalDay
2020-11-02,6307.0,2290.0,0.0,100,330.2,312.0,0,0.0,0.0,,0.0,1,13.35,8.65,SPY210521C00362000,362.0,normalDay
2020-11-03,6307.0,2742.0,0.0,100,336.03,312.0,0,0.0,0.0,,0.0,1,13.35,9.96,SPY210521C00362000,362.0,normalDay
2020-11-04,6307.0,3262.0,0.0,100,343.54,312.0,0,0.0,0.0,,0.0,1,13.35,12.27,SPY210521C00362000,362.0,normalDay
2020-11-05,6307.0,3581.0,0.0,100,350.24,312.0,0,0.0,0.0,,0.0,1,13.35,15.78,SPY210521C00362000,362.0,normalDay
2020-11-06,6307.0,3647.0,0.0,100,350.16,312.0,0,0.0,0.0,,0.0,1,13.35,15.04,SPY210521C00362000,362.0,normalDay
2020-11-09,6307.0,3867.0,0.0,100,354.56,312.0,0,0.0,0.0,,0.0,1,13.35,17.24,SPY210521C00362000,362.0,normalDay
2020-11-10,6307.0,3906.0,0.0,100,354.04,312.0,0,0.0,0.0,,0.0,1,13.35,16.33,SPY210521C00362000,362.0,normalDay
2020-11-11,6307.0,4057.0,0.0,100,356.67,312.0,0,0.0,0.0,,0.0,1,13.35,17.45,SPY210521C00362000,362.0,normalDay
2020-11-12,6307.0,3853.0,0.0,100,353.21,312.0,0,0.0,0.0,,0.0,1,13.35,16.03,SPY210521C00362000,362.0,normalDay
2020-11-13,6307.0,4139.0,0.0,100,358.1,312.0,0,0.0,0.0,,0.0,1,13.35,18.06,SPY210521C00362000,362.0,normalDay
2020-11-16,6307.0,4332.0,0.0,100,362.57,312.0,0,0.0,0.0,,0.0,1,13.35,20.6,SPY210521C00362000,362.0,normalDay
2020-11-17,6307.0,4245.0,0.0,100,360.62,312.0,0,0.0,0.0,,0.0,1,13.35,19.52,SPY210521C00362000,362.0,normalDay
2020-11-18,6307.0,4036.0,0.0,100,356.28,312.0,0,0.0,0.0,,0.0,1,13.35,17.27,SPY210521C00362000,362.0,normalDay
2020-11-19,6307.0,4145.0,0.0,100,357.78,312.0,0,0.0,0.0,,0.0,1,13.35,17.68,SPY210521C00362000,362.0,normalDay
2020-11-20,6307.0,4044.0,0.0,100,355.33,312.0,0,0.0,0.0,,0.0,1,13.35,16.24,SPY210521C00362000,362.0,normalDay
2020-11-23,6307.0,4178.0,0.0,100,357.46,312.0,0,0.0,0.0,,0.0,1,13.35,17.03,SPY210521C00362000,362.0,normalDay
2020-11-24,6307.0,4430.0,0.0,100,363.22,312.0,0,0.0,0.0,,0.0,1,13.35,20.27,SPY210521C00362000,362.0,normalDay
2020-11-25,6307.0,4449.0,0.0,100,362.66,312.0,0,0.0,0.0,,0.0,1,13.35,19.52,SPY210521C00362000,362.0,normalDay
2020-11-27,6307.0,4409.0,0.0,100,363.67,312.0,0,0.0,0.0,,0.0,1,13.35,20.93,SPY210521C00362000,362.0,normalDay
2020-11-30,6307.0,4412.0,0.0,100,362.06,312.0,0,0.0,0.0,,0.0,1,13.35,19.29,SPY210521C00362000,362.0,normalDay
2020-12-01,6307.0,4576.0,0.0,100,366.02,312.0,0,0.0,0.0,,0.0,1,13.35,21.61,SPY210521C00362000,362.0,normalDay
2020-12-02,6307.0,4594.0,0.0,100,366.79,312.0,0,0.0,0.0,,0.0,1,13.35,22.2,SPY210521C00362000,362.0,normalDay
2020-12-03,6307.0,4619.0,0.0,100,366.69,312.0,0,0.0,0.0,,0.0,1,13.35,21.85,SPY210521C00362000,362.0,normalDay
2020-12-04,6307.0,4767.0,0.0,100,369.85,312.0,0,0.0,0.0,,0.0,1,13.35,23.53,SPY210521C00362000,362.0,normalDay
2020-12-07,6307.0,4722.0,0.0,100,369.09,312.0,0,0.0,0.0,,0.0,1,13.35,23.22,SPY210521C00362000,362.0,normalDay
2020-12-08,6307.0,4780.0,0.0,100,370.17,312.0,0,0.0,0.0,,0.0,1,13.35,23.72,SPY210521C00362000,362.0,normalDay
2020-12-09,6307.0,4640.0,0.0,100,366.85,312.0,0,0.0,0.0,,0.0,1,13.35,21.8,SPY210521C00362000,362.0,normalDay
2020-12-10,6307.0,4633.0,0.0,100,366.73,312.0,0,0.0,0.0,,0.0,1,13.35,21.75,SPY210521C00362000,362.0,normalDay
2020-12-11,6307.0,4579.0,0.0,100,366.3,312.0,0,0.0,0.0,,0.0,1,13.35,21.86,SPY210521C00362000,362.0,normalDay
2020-12-14,6307.0,4472.0,0.0,100,364.66,312.0,0,0.0,0.0,,0.0,1,13.35,21.29,SPY210521C00362000,362.0,normalDay
2020-12-15,6307.0,4743.0,0.0,100,369.59,312.0,0,0.0,0.0,,0.0,1,13.35,23.51,SPY210521C00362000,362.0,normalDay
2020-12-16,6307.0,4786.0,0.0,100,370.17,312.0,0,0.0,0.0,,0.0,1,13.35,23.66,SPY210521C00362000,362.0,normalDay
2020-12-17,6307.0,4858.0,0.0,100,372.24,312.0,0,0.0,0.0,,0.0,1,13.35,25.01,SPY210521C00362000,362.0,normalDay
2020-12-18,6307.0,4603.0,0.0,100,369.18,312.0,0,0.0,0.0,,0.0,1,13.35,24.5,SPY210521C00362000,362.0,normalDay
2020-12-21,6307.0,4553.0,0.0,100,367.86,312.0,0,0.0,0.0,,0.0,1,13.35,23.68,SPY210521C00362000,362.0,normalDay
2020-12-22,6307.0,4565.0,0.0,100,367.24,312.0,0,0.0,0.0,,0.0,1,13.35,22.94,SPY210521C00362000,362.0,normalDay
2020-12-23,6307.0,4647.0,0.0,100,367.57,312.0,0,0.0,0.0,,0.0,1,13.35,22.45,SPY210521C00362000,362.0,normalDay
2020-12-24,6307.0,4736.0,0.0,100,369.0,312.0,0,0.0,0.0,,0.0,1,13.35,22.99,SPY210521C00362000,362.0,normalDay
2020-12-28,6307.0,4838.0,0.0,100,372.17,312.0,0,0.0,0.0,,0.0,1,13.35,25.14,SPY210521C00362000,362.0,normalDay
2020-12-29,6307.0,4757.0,0.0,100,371.46,312.0,0,0.0,0.0,,0.0,1,13.35,25.24,SPY210521C00362000,362.0,normalDay
2020-12-30,6307.0,4830.0,0.0,100,371.99,312.0,0,0.0,0.0,,0.0,1,13.35,25.04,SPY210521C00362000,362.0,normalDay
2020-12-31,6307.0,4856.0,0.0,100,373.88,312.0,0,0.0,0.0,,0.0,1,13.35,26.67,SPY210521C00362000,362.0,normalDay
2021-01-04,6307.0,4615.0,0.0,100,368.79,312.0,0,0.0,0.0,,0.0,1,13.35,23.99,SPY210521C00362000,362.0,normalDay
2021-01-05,6307.0,4769.0,0.0,100,371.33,312.0,0,0.0,0.0,,0.0,1,13.35,24.99,SPY210521C00362000,362.0,normalDay
2021-01-06,6307.0,4826.0,0.0,100,373.55,312.0,0,0.0,0.0,,0.0,1,13.35,26.64,SPY210521C00362000,362.0,normalDay
2021-01-07,6307.0,5092.0,0.0,100,379.1,312.0,0,0.0,0.0,,0.0,1,13.35,29.53,SPY210521C00362000,362.0,normalDay
2021-01-08,6307.0,5125.0,0.0,100,381.26,312.0,0,0.0,0.0,,0.0,1,13.35,31.36,SPY210521C00362000,362.0,normalDay
2021-01-11,6307.0,4986.0,0.0,100,378.69,312.0,0,0.0,0.0,,0.0,1,13.35,30.18,SPY210521C00362000,362.0,normalDay
2021-01-12,6307.0,5061.0,0.0,100,378.77,312.0,0,0.0,0.0,,0.0,1,13.35,29.51,SPY210521C00362000,362.0,normalDay
2021-01-13,6307.0,5088.0,0.0,100,379.79,312.0,0,0.0,0.0,,0.0,1,13.35,30.26,SPY210521C00362000,362.0,normalDay
2021-01-14,6307.0,5029.0,0.0,100,378.46,312.0,0,0.0,0.0,,0.0,1,13.35,29.52,SPY210521C00362000,362.0,normalDay
2021-01-15,6307.0,4991.0,0.0,100,375.7,312.0,0,0.0,0.0,,0.0,1,13.35,27.14,SPY210521C00362000,362.0,normalDay
2021-01-19,6307.0,5065.0,0.0,100,378.65,312.0,0,0.0,0.0,,0.0,1,13.35,29.35,SPY210521C00362000,362.0,normalDay
2021-01-20,6307.0,5241.0,0.0,100,383.89,312.0,0,0.0,0.0,,0.0,1,13.35,32.83,SPY210521C00362000,362.0,normalDay
2021-01-21,6307.0,5258.0,0.0,100,384.24,312.0,0,0.0,0.0,,0.0,1,13.35,33.01,SPY210521C00362000,362.0,normalDay
2021-01-22,6307.0,5213.0,0.0,100,382.88,312.0,0,0.0,0.0,,0.0,1,13.35,32.1,SPY210521C00362000,362.0,normalDay
2021-01-25,6307.0,5220.0,0.0,100,384.39,312.0,0,0.0,0.0,,0.0,1,13.35,33.54,SPY210521C00362000,362.0,normalDay
2021-01-26,6307.0,5141.0,0.0,100,383.79,312.0,0,0.0,0.0,,0.0,1,13.35,33.73,SPY210521C00362000,362.0,normalDay
2021-01-27,6307.0,4679.0,0.0,100,374.41,312.0,0,0.0,0.0,,0.0,1,13.35,28.97,SPY210521C00362000,362.0,normalDay
2021-01-28,6307.0,4832.0,0.0,100,377.63,312.0,0,0.0,0.0,,0.0,1,13.35,30.66,SPY210521C00362000,362.0,normalDay
2021-01-29,6307.0,4542.0,0.0,100,370.07,312.0,0,0.0,0.0,,0.0,1,13.35,26.0,SPY210521C00362000,362.0,normalDay
2021-02-01,6307.0,4868.0,0.0,100,376.23,312.0,0,0.0,0.0,,0.0,1,13.35,28.9,SPY210521C00362000,362.0,normalDay
2021-02-02,6307.0,5072.0,0.0,100,381.55,312.0,0,0.0,0.0,,0.0,1,13.35,32.18,SPY210521C00362000,362.0,normalDay
2021-02-03,6307.0,5156.0,0.0,100,381.85,312.0,0,0.0,0.0,,0.0,1,13.35,31.64,SPY210521C00362000,362.0,normalDay
2021-02-04,6307.0,5368.0,0.0,100,386.19,312.0,0,0.0,0.0,,0.0,1,13.35,33.86,SPY210521C00362000,362.0,normalDay
2021-02-05,6307.0,5405.0,0.0,100,387.71,312.0,0,0.0,0.0,,0.0,1,13.35,35.01,SPY210521C00362000,362.0,normalDay
2021-02-08,6307.0,5496.0,0.0,100,390.51,312.0,0,0.0,0.0,,0.0,1,13.35,36.9,SPY210521C00362000,362.0,normalDay
2021-02-09,6307.0,5446.0,0.0,100,390.25,312.0,0,0.0,0.0,,0.0,1,13.35,37.14,SPY210521C00362000,362.0,normalDay
2021-02-10,6307.0,5442.0,0.0,100,390.08,312.0,0,0.0,0.0,,0.0,1,13.35,37.01,SPY210521C00362000,362.0,normalDay
2021-02-11,6307.0,5512.0,0.0,100,390.71,312.0,0,0.0,0.0,,0.0,1,13.35,36.94,SPY210521C00362000,362.0,normalDay
2021-02-12,6307.0,5557.0,0.0,100,392.64,312.0,0,0.0,0.0,,0.0,1,13.35,38.42,SPY210521C00362000,362.0,normalDay
2021-02-16,6307.0,5580.0,0.0,100,392.3,312.0,0,0.0,0.0,,0.0,1,13.35,37.85,SPY210521C00362000,362.0,normalDay
2021-02-17,6307.0,5608.0,0.0,100,392.39,312.0,0,0.0,0.0,,0.0,1,13.35,37.66,SPY210521C00362000,362.0,normalDay
2021-02-18,6307.0,5547.0,0.0,100,390.72,312.0,0,0.0,0.0,,0.0,1,13.35,36.6,SPY210521C00362000,362.0,normalDay
2021-02-19,6307.0,5584.0,0.0,100,390.03,312.0,0,0.0,0.0,,0.0,1,13.35,35.54,SPY210521C00362000,362.0,normalDay
2021-02-22,6307.0,5487.0,0.0,100,387.03,312.0,0,0.0,0.0,,0.0,1,13.35,33.51,SPY210521C00362000,362.0,normalDay
2021-02-23,6307.0,5549.0,0.0,100,387.5,312.0,0,0.0,0.0,,0.0,1,13.35,33.36,SPY210521C00362000,362.0,normalDay
2021-02-24,6307.0,5666.0,0.0,100,391.77,312.0,0,0.0,0.0,,0.0,1,13.35,36.46,SPY210521C00362000,362.0,normalDay
2021-02-25,6307.0,5214.0,0.0,100,382.33,312.0,0,0.0,0.0,,0.0,1,13.35,31.54,SPY210521C00362000,362.0,normalDay
2021-02-26,6307.0,5292.0,0.0,100,380.36,312.0,0,0.0,0.0,,0.0,1,13.35,28.79,SPY210521C00362000,362.0,normalDay
2021-03-01,6307.0,5676.0,0.0,100,389.58,312.0,0,0.0,0.0,,0.0,1,13.35,34.17,SPY210521C00362000,362.0,normalDay
2021-03-02,6307.0,5597.0,0.0,100,386.54,312.0,0,0.0,0.0,,0.0,1,13.35,31.92,SPY210521C00362000,362.0,normalDay
2021-03-03,6307.0,5436.0,0.0,100,381.42,312.0,0,0.0,0.0,,0.0,1,13.35,28.41,SPY210521C00362000,362.0,normalDay
2021-03-04,6307.0,5255.0,0.0,100,376.7,312.0,0,0.0,0.0,,0.0,1,13.35,25.5,SPY210521C00362000,362.0,normalDay
2021-03-05,6307.0,5557.0,0.0,100,383.63,312.0,0,0.0,0.0,,0.0,1,13.35,29.41,SPY210521C00362000,362.0,normalDay
2021-03-08,6307.0,5486.0,0.0,100,381.72,312.0,0,0.0,0.0,,0.0,1,13.35,28.21,SPY210521C00362000,362.0,normalDay
2021-03-09,6307.0,5674.0,0.0,100,387.17,312.0,0,0.0,0.0,,0.0,1,13.35,31.78,SPY210521C00362000,362.0,normalDay
2021-03-10,6307.0,5718.0,0.0,100,389.58,312.0,0,0.0,0.0,,0.0,1,13.35,33.75,SPY210521C00362000,362.0,normalDay
2021-03-11,6307.0,5873.0,0.0,100,393.53,312.0,0,0.0,0.0,,0.0,1,13.35,36.15,SPY210521C00362000,362.0,normalDay
2021-03-12,6307.0,5878.0,0.0,100,394.06,312.0,0,0.0,0.0,,0.0,1,13.35,36.63,SPY210521C00362000,362.0,normalDay
2021-03-15,6307.0,5963.0,0.0,100,396.41,312.0,0,0.0,0.0,,0.0,1,13.35,38.13,SPY210521C00362000,362.0,normalDay
2021-03-16,6307.0,5967.0,0.0,100,395.91,312.0,0,0.0,0.0,,0.0,1,13.35,37.59,SPY210521C00362000,362.0,normalDay
2021-03-17,6307.0,6049.0,0.0,100,397.26,312.0,0,0.0,0.0,,0.0,1,13.35,38.12,SPY210521C00362000,362.0,normalDay
2021-03-18,6307.0,5859.0,0.0,100,391.48,312.0,0,0.0,0.0,,0.0,1,13.35,34.24,SPY210521C00362000,362.0,normalDay
2021-03-19,6307.0,5812.0,0.0,100,389.48,312.0,0,0.0,0.0,,0.0,1,13.35,32.71,SPY210521C00362000,362.0,normalDay
2021-03-22,6307.0,5926.0,0.0,100,392.59,312.0,0,0.0,0.0,,0.0,1,13.35,34.68,SPY210521C00362000,362.0,normalDay
2021-03-23,6307.0,5847.0,0.0,100,389.5,312.0,0,0.0,0.0,,0.0,1,13.35,32.38,SPY210521C00362000,362.0,normalDay
2021-03-24,6307.0,5822.0,0.0,100,387.52,312.0,0,0.0,0.0,,0.0,1,13.35,30.65,SPY210521C00362000,362.0,normalDay
2021-03-25,6307.0,5901.0,0.0,100,389.7,312.0,0,0.0,0.0,,0.0,1,13.35,32.04,SPY210521C00362000,362.0,normalDay
2021-03-26,6307.0,6027.0,0.0,100,395.98,312.0,0,0.0,0.0,,0.0,1,13.35,37.06,SPY210521C00362000,362.0,normalDay
2021-03-29,6307.0,6008.0,0.0,100,395.78,312.0,0,0.0,0.0,,0.0,1,13.35,37.05,SPY210521C00362000,362.0,normalDay
2021-03-30,6307.0,6052.0,0.0,100,394.73,312.0,0,0.0,0.0,,0.0,1,13.35,35.56,SPY210521C00362000,362.0,normalDay
2021-03-31,6307.0,6065.0,0.0,100,396.33,312.0,0,0.0,0.0,,0.0,1,13.35,37.03,SPY210521C00362000,362.0,normalDay
2021-04-01,6307.0,6106.0,0.0,100,400.61,312.0,0,0.0,0.0,,0.0,1,13.35,40.9,SPY210521C00362000,362.0,normalDay
2021-04-05,6307.0,6179.0,0.0,100,406.36,312.0,0,0.0,0.0,,0.0,1,13.35,45.92,SPY210521C00362000,362.0,normalDay
2021-04-06,6307.0,6178.0,0.0,100,406.12,312.0,0,0.0,0.0,,0.0,1,13.35,45.69,SPY210521C00362000,362.0,normalDay
2021-04-07,6307.0,6166.0,0.0,100,406.59,312.0,0,0.0,0.0,,0.0,1,13.35,46.28,SPY210521C00362000,362.0,normalDay
2021-04-08,6307.0,6182.0,0.0,100,408.52,312.0,0,0.0,0.0,,0.0,1,13.35,48.05,SPY210521C00362000,362.0,normalDay
2021-04-09,6307.0,6262.0,0.0,100,411.49,312.0,0,0.0,0.0,,0.0,1,13.35,50.22,SPY210521C00362000,362.0,normalDay
2021-04-12,6307.0,6244.0,0.0,100,411.64,312.0,0,0.0,0.0,,0.0,1,13.35,50.55,SPY210521C00362000,362.0,normalDay
2021-04-13,6307.0,6253.0,0.0,100,412.86,312.0,0,0.0,0.0,,0.0,1,13.35,51.68,SPY210521C00362000,362.0,normalDay
2021-04-14,6307.0,6207.0,0.0,100,411.45,312.0,0,0.0,0.0,,0.0,1,13.35,50.73,SPY210521C00362000,362.0,normalDay
2021-04-15,6307.0,6248.0,0.0,100,415.87,312.0,0,0.0,0.0,,0.0,1,13.35,54.74,SPY210521C00362000,362.0,normalDay
2021-04-16,6307.0,6275.0,0.0,100,417.26,312.0,0,0.0,0.0,,0.0,1,13.35,55.86,SPY210521C00362000,362.0,normalDay
2021-04-19,6307.0,6263.0,0.0,100,415.21,312.0,0,0.0,0.0,,0.0,1,13.35,53.93,SPY210521C00362000,362.0,normalDay
2021-04-20,6307.0,6277.0,0.0,100,412.17,312.0,0,0.0,0.0,,0.0,1,13.35,50.75,SPY210521C00362000,362.0,normalDay
2021-04-21,6307.0,6310.0,0.0,100,416.07,312.0,0,0.0,0.0,,0.0,1,13.35,54.32,SPY210521C00362000,362.0,normalDay
2021-04-22,6307.0,6281.0,0.0,100,412.27,312.0,0,0.0,0.0,,0.0,1,13.35,50.81,SPY210521C00362000,362.0,normalDay
2021-04-23,6307.0,6290.0,0.0,100,416.74,312.0,0,0.0,0.0,,0.0,1,13.35,55.19,SPY210521C00362000,362.0,normalDay
2021-04-26,6307.0,6276.0,0.0,100,417.61,312.0,0,0.0,0.0,,0.0,1,13.35,56.2,SPY210521C00362000,362.0,normalDay
2021-04-27,6307.0,6282.0,0.0,100,417.52,312.0,0,0.0,0.0,,0.0,1,13.35,56.05,SPY210521C00362000,362.0,normalDay
2021-04-28,6307.0,6254.0,0.0,100,417.4,312.0,0,0.0,0.0,,0.0,1,13.35,56.21,SPY210521C00362000,362.0,normalDay
2021-04-29,6307.0,6302.0,0.0,100,420.06,312.0,0,0.0,0.0,,0.0,1,13.35,58.39,SPY210521C00362000,362.0,normalDay
2021-04-30,6307.0,6262.0,0.0,100,417.3,312.0,0,0.0,0.0,,0.0,1,13.35,56.03,SPY210521C00362000,362.0,normalDay
2021-05-03,6307.0,6292.0,0.0,100,418.2,312.0,0,0.0,0.0,,0.0,1,13.35,56.63,SPY210521C00362000,362.0,normalDay
2021-05-04,6307.0,6301.0,0.0,100,415.62,312.0,0,0.0,0.0,,0.0,1,13.35,53.96,SPY210521C00362000,362.0,normalDay
2021-05-05,6307.0,6307.0,0.0,100,415.75,312.0,0,0.0,0.0,,0.0,1,13.35,54.03,SPY210521C00362000,362.0,normalDay
2021-05-06,6307.0,6298.0,0.0,100,419.07,312.0,0,0.0,0.0,,0.0,1,13.35,57.44,SPY210521C00362000,362.0,normalDay
2021-05-07,6307.0,6300.0,0.0,100,422.12,312.0,0,0.0,0.0,,0.0,1,13.35,60.47,SPY210521C00362000,362.0,normalDay
2021-05-10,6307.0,6335.0,0.0,100,417.94,312.0,0,0.0,0.0,,0.0,1,13.35,55.94,SPY210521C00362000,362.0,normalDay
2021-05-11,6307.0,6314.0,0.0,100,414.21,312.0,0,0.0,0.0,,0.0,1,13.35,52.42,SPY210521C00362000,362.0,normalDay
2021-05-12,6307.0,6254.0,0.0,100,405.41,312.0,0,0.0,0.0,,0.0,1,13.35,44.22,SPY210521C00362000,362.0,normalDay
2021-05-13,6307.0,6331.0,0.0,100,410.28,312.0,0,0.0,0.0,,0.0,1,13.35,48.32,SPY210521C00362000,362.0,normalDay
2021-05-14,6307.0,6269.0,0.0,100,416.58,312.0,0,0.0,0.0,,0.0,1,13.35,55.24,SPY210521C00362000,362.0,normalDay
2021-05-17,6307.0,6297.0,0.0,100,415.52,312.0,0,0.0,0.0,,0.0,1,13.35,53.9,SPY210521C00362000,362.0,normalDay
2021-05-18,6307.0,6322.0,0.0,100,411.94,312.0,0,0.0,0.0,,0.0,1,13.35,50.07,SPY210521C00362000,362.0,normalDay
2021-05-19,6307.0,6321.0,0.0,100,410.86,312.0,0,0.0,0.0,,0.0,1,13.35,49.0,SPY210521C00362000,362.0,normalDay
2021-05-20,6307.0,6352.0,0.0,100,415.28,312.0,0,0.0,0.0,,0.0,1,13.35,53.11,SPY210521C00362000,362.0,normalDay
2021-05-21,12642.0,6352.0,6335.0,0,414.94,0.0,0,0.0,0.0,,0.0,1,13.35,0.0,SPY210521C00362000,362.0,expirationDay
2021-05-24,12642.0,-3.0,0.0,0,419.17,0.0,1,0.57,0.6,SPY210604P00400000,400.0,0,0.0,0.0,,0.0,normalDay
2021-05-25,12642.0,-8.0,0.0,0,418.24,0.0,1,0.57,0.65,SPY210604P00400000,400.0,0,0.0,0.0,,0.0,normalDay
2021-05-26,12642.0,18.0,0.0,0,419.07,0.0,1,0.57,0.39,SPY210604P00400000,400.0,0,0.0,0.0,,0.0,normalDay
2021-05-27,12642.0,32.0,0.0,0,419.29,0.0,1,0.57,0.25,SPY210604P00400000,400.0,0,0.0,0.0,,0.0,normalDay
2021-05-28,12642.0,41.0,0.0,0,420.04,0.0,1,0.57,0.16,SPY210604P00400000,400.0,0,0.0,0.0,,0.0,normalDay
2021-06-01,12642.0,50.0,0.0,0,419.67,0.0,1,0.57,0.07,SPY210604P00400000,400.0,0,0.0,0.0,,0.0,normalDay
2021-06-02,12642.0,54.0,0.0,0,420.33,0.0,1,0.57,0.03,SPY210604P00400000,400.0,0,0.0,0.0,,0.0,normalDay
2021-06-03,12642.0,54.0,0.0,0,418.77,0.0,1,0.57,0.03,SPY210604P00400000,400.0,0,0.0,0.0,,0.0,normalDay
2021-06-04,12699.0,0.0,57.0,0,422.6,0.0,1,0.57,0.0,SPY210604P00400000,400.0,0,0.0,0.0,,0.0,expirationDay
2021-06-07,12699.0,-3.0,0.0,0,422.19,0.0,1,0.4,0.43,SPY210618P00399000,399.0,0,0.0,0.0,,0.0,normalDay
2021-06-08,12699.0,-11.0,0.0,0,422.28,0.0,1,0.4,0.51,SPY210618P00399000,399.0,0,0.0,0.0,,0.0,normalDay
2021-06-09,12699.0,-19.0,0.0,0,421.65,0.0,1,0.4,0.59,SPY210618P00399000,399.0,0,0.0,0.0,,0.0,normalDay
2021-06-10,12699.0,12.0,0.0,0,423.61,0.0,1,0.4,0.28,SPY210618P00399000,399.0,0,0.0,0.0,,0.0,normalDay
2021-06-11,12699.0,18.0,0.0,0,424.31,0.0,1,0.4,0.22,SPY210618P00399000,399.0,0,0.0,0.0,,0.0,normalDay
2021-06-14,12699.0,27.0,0.0,0,425.26,0.0,1,0.4,0.13,SPY210618P00399000,399.0,0,0.0,0.0,,0.0,normalDay
2021-06-15,12699.0,24.0,0.0,0,424.48,0.0,1,0.4,0.16,SPY210618P00399000,399.0,0,0.0,0.0,,0.0,normalDay
2021-06-16,12699.0,19.0,0.0,0,422.11,0.0,1,0.4,0.21,SPY210618P00399000,399.0,0,0.0,0.0,,0.0,normalDay
2021-06-17,12699.0,31.0,0.0,0,421.97,0.0,1,0.4,0.09,SPY210618P00399000,399.0,0,0.0,0.0,,0.0,normalDay
2021-06-18,12739.0,0.0,40.0,0,414.92,0.0,1,0.4,0.0,SPY210618P00399000,399.0,0,0.0,0.0,,0.0,expirationDay
2021-06-21,12739.0,-3.0,0.0,0,420.86,0.0,1,1.48,1.51,SPY210702P00411000,411.0,0,0.0,0.0,,0.0,normalDay
2021-06-22,12739.0,58.0,0.0,0,423.11,0.0,1,1.48,0.9,SPY210702P00411000,411.0,0,0.0,0.0,,0.0,normalDay
2021-06-23,12739.0,78.0,0.0,0,422.6,0.0,1,1.48,0.7,SPY210702P00411000,411.0,0,0.0,0.0,,0.0,normalDay
2021-06-24,12739.0,108.0,0.0,0,425.1,0.0,1,1.48,0.4,SPY210702P00411000,411.0,0,0.0,0.0,,0.0,normalDay
2021-06-25,12739.0,125.0,0.0,0,426.61,0.0,1,1.48,0.23,SPY210702P00411000,411.0,0,0.0,0.0,,0.0,normalDay
2021-06-28,12739.0,138.0,0.0,0,427.47,0.0,1,1.48,0.1,SPY210702P00411000,411.0,0,0.0,0.0,,0.0,normalDay
2021-06-29,12739.0,141.0,0.0,0,427.7,0.0,1,1.48,0.07,SPY210702P00411000,411.0,0,0.0,0.0,,0.0,normalDay
2021-06-30,12739.0,143.0,0.0,0,428.06,0.0,1,1.48,0.05,SPY210702P00411000,411.0,0,0.0,0.0,,0.0,normalDay
2021-07-01,12739.0,146.0,0.0,0,430.43,0.0,1,1.48,0.02,SPY210702P00411000,411.0,0,0.0,0.0,,0.0,normalDay
2021-07-02,12887.0,0.0,148.0,0,433.72,0.0,1,1.48,0.0,SPY210702P00411000,411.0,0,0.0,0.0,,0.0,expirationDay
2021-07-06,12887.0,-3.0,0.0,0,432.93,0.0,1,0.34,0.37,SPY210716P00408000,408.0,0,0.0,0.0,,0.0,normalDay
2021-07-07,12887.0,9.0,0.0,0,434.46,0.0,1,0.34,0.25,SPY210716P00408000,408.0,0,0.0,0.0,,0.0,normalDay
2021-07-08,12887.0,-20.0,0.0,0,430.92,0.0,1,0.34,0.54,SPY210716P00408000,408.0,0,0.0,0.0,,0.0,normalDay
2021-07-09,12887.0,19.0,0.0,0,435.52,0.0,1,0.34,0.15,SPY210716P00408000,408.0,0,0.0,0.0,,0.0,normalDay
2021-07-12,12887.0,27.0,0.0,0,437.08,0.0,1,0.34,0.07,SPY210716P00408000,408.0,0,0.0,0.0,,0.0,normalDay
2021-07-13,12887.0,25.0,0.0,0,435.59,0.0,1,0.34,0.09,SPY210716P00408000,408.0,0,0.0,0.0,,0.0,normalDay
2021-07-14,12887.0,31.0,0.0,0,436.24,0.0,1,0.34,0.03,SPY210716P00408000,408.0,0,0.0,0.0,,0.0,normalDay
2021-07-15,12887.0,32.0,0.0,0,434.75,0.0,1,0.34,0.02,SPY210716P00408000,408.0,0,0.0,0.0,,0.0,normalDay
2021-07-16,12921.0,0.0,34.0,0,431.34,0.0,1,0.34,0.0,SPY210716P00408000,408.0,0,0.0,0.0,,0.0,expirationDay
2021-07-19,12921.0,-4.0,0.0,0,424.97,0.0,1,1.98,2.02,SPY210730P00410000,410.0,0,0.0,0.0,,0.0,normalDay
2021-07-20,12921.0,111.0,0.0,0,431.06,0.0,1,1.98,0.87,SPY210730P00410000,410.0,0,0.0,0.0,,0.0,normalDay
2021-07-21,12921.0,168.0,0.0,0,434.55,0.0,1,1.98,0.3,SPY210730P00410000,410.0,0,0.0,0.0,,0.0,normalDay
2021-07-22,12921.0,177.0,0.0,0,435.46,0.0,1,1.98,0.21,SPY210730P00410000,410.0,0,0.0,0.0,,0.0,normalDay
2021-07-23,12921.0,190.0,0.0,0,439.94,0.0,1,1.98,0.08,SPY210730P00410000,410.0,0,0.0,0.0,,0.0,normalDay
2021-07-26,12921.0,194.0,0.0,0,441.02,0.0,1,1.98,0.04,SPY210730P00410000,410.0,0,0.0,0.0,,0.0,normalDay
2021-07-27,12921.0,190.0,0.0,0,439.01,0.0,1,1.98,0.08,SPY210730P00410000,410.0,0,0.0,0.0,,0.0,normalDay
2021-07-28,12921.0,195.0,0.0,0,438.83,0.0,1,1.98,0.03,SPY210730P00410000,410.0,0,0.0,0.0,,0.0,normalDay
2021-07-29,12921.0,197.0,0.0,0,440.65,0.0,1,1.98,0.01,SPY210730P00410000,410.0,0,0.0,0.0,,0.0,normalDay
2021-07-30,13119.0,0.0,198.0,0,438.51,0.0,1,1.98,0.0,SPY210730P00410000,410.0,0,0.0,0.0,,0.0,expirationDay
2021-08-02,13119.0,-3.0,0.0,0,437.59,0.0,1,0.96,0.99,SPY210813P00420000,420.0,0,0.0,0.0,,0.0,normalDay
2021-08-03,13119.0,52.0,0.0,0,441.15,0.0,1,0.96,0.44,SPY210813P00420000,420.0,0,0.0,0.0,,0.0,normalDay
2021-08-04,13119.0,54.0,0.0,0,438.98,0.0,1,0.96,0.42,SPY210813P00420000,420.0,0,0.0,0.0,,0.0,normalDay
2021-08-05,13119.0,70.0,0.0,0,441.76,0.0,1,0.96,0.26,SPY210813P00420000,420.0,0,0.0,0.0,,0.0,normalDay
2021-08-06,13119.0,87.0,0.0,0,442.49,0.0,1,0.96,0.09,SPY210813P00420000,420.0,0,0.0,0.0,,0.0,normalDay
2021-08-09,13119.0,90.0,0.0,0,442.13,0.0,1,0.96,0.06,SPY210813P00420000,420.0,0,0.0,0.0,,0.0,normalDay
2021-08-10,13119.0,90.0,0.0,0,442.68,0.0,1,0.96,0.06,SPY210813P00420000,420.0,0,0.0,0.0,,0.0,normalDay
2021-08-11,13119.0,92.0,0.0,0,443.78,0.0,1,0.96,0.04,SPY210813P00420000,420.0,0,0.0,0.0,,0.0,normalDay
2021-08-12,13119.0,94.0,0.0,0,445.11,0.0,1,0.96,0.02,SPY210813P00420000,420.0,0,0.0,0.0,,0.0,normalDay
2021-08-13,13215.0,0.0,96.0,0,445.92,0.0,1,0.96,0.0,SPY210813P00420000,420.0,0,0.0,0.0,,0.0,expirationDay
2021-08-16,13215.0,-3.0,0.0,0,446.97,0.0,1,0.44,0.47,SPY210827P00425000,425.0,0,0.0,0.0,,0.0,normalDay
2021-08-17,13215.0,-40.0,0.0,0,444.04,0.0,1,0.44,0.84,SPY210827P00425000,425.0,0,0.0,0.0,,0.0,normalDay
2021-08-18,13215.0,-135.0,0.0,0,439.18,0.0,1,0.44,1.79,SPY210827P00425000,425.0,0,0.0,0.0,,0.0,normalDay
2021-08-19,13215.0,-99.0,0.0,0,439.86,0.0,1,0.44,1.43,SPY210827P00425000,425.0,0,0.0,0.0,,0.0,normalDay
2021-08-20,13215.0,9.0,0.0,0,443.36,0.0,1,0.44,0.35,SPY210827P00425000,425.0,0,0.0,0.0,,0.0,normalDay
2021-08-23,13215.0,35.0,0.0,0,447.26,0.0,1,0.44,0.09,SPY210827P00425000,425.0,0,0.0,0.0,,0.0,normalDay
2021-08-24,13215.0,37.0,0.0,0,447.97,0.0,1,0.44,0.07,SPY210827P00425000,425.0,0,0.0,0.0,,0.0,normalDay
2021-08-25,13215.0,40.0,0.0,0,448.91,0.0,1,0.44,0.04,SPY210827P00425000,425.0,0,0.0,0.0,,0.0,normalDay
2021-08-26,13215.0,39.0,0.0,0,446.26,0.0,1,0.44,0.05,SPY210827P00425000,425.0,0,0.0,0.0,,0.0,normalDay
2021-08-27,13259.0,0.0,44.0,0,450.25,0.0,1,0.44,0.0,SPY210827P00425000,425.0,0,0.0,0.0,,0.0,expirationDay
2021-08-30,13259.0,-3.0,0.0,0,452.23,0.0,1,0.33,0.36,SPY210910P00430000,430.0,0,0.0,0.0,,0.0,normalDay
2021-08-31,13259.0,-5.0,0.0,0,451.56,0.0,1,0.33,0.38,SPY210910P00430000,430.0,0,0.0,0.0,,0.0,normalDay
2021-09-01,13259.0,7.0,0.0,0,451.8,0.0,1,0.33,0.26,SPY210910P00430000,430.0,0,0.0,0.0,,0.0,normalDay
2021-09-02,13259.0,8.0,0.0,0,453.19,0.0,1,0.33,0.25,SPY210910P00430000,430.0,0,0.0,0.0,,0.0,normalDay
2021-09-03,13259.0,18.0,0.0,0,453.08,0.0,1,0.33,0.15,SPY210910P00430000,430.0,0,0.0,0.0,,0.0,normalDay
2021-09-07,13259.0,25.0,0.0,0,451.46,0.0,1,0.33,0.08,SPY210910P00430000,430.0,0,0.0,0.0,,0.0,normalDay
2021-09-08,13259.0,27.0,0.0,0,450.91,0.0,1,0.33,0.06,SPY210910P00430000,430.0,0,0.0,0.0,,0.0,normalDay
2021-09-09,13259.0,30.0,0.0,0,448.98,0.0,1,0.33,0.03,SPY210910P00430000,430.0,0,0.0,0.0,,0.0,normalDay
2021-09-10,13292.0,0.0,33.0,0,445.44,0.0,1,0.33,0.0,SPY210910P00430000,430.0,0,0.0,0.0,,0.0,expirationDay
2021-09-13,13292.0,-4.0,0.0,0,446.58,0.0,1,1.84,1.88,SPY210924P00432000,432.0,0,0.0,0.0,,0.0,normalDay
2021-09-14,13292.0,-19.0,0.0,0,444.17,0.0,1,1.84,2.03,SPY210924P00432000,432.0,0,0.0,0.0,,0.0,normalDay
2021-09-15,13292.0,88.0,0.0,0,447.88,0.0,1,1.84,0.96,SPY210924P00432000,432.0,0,0.0,0.0,,0.0,normalDay
2021-09-16,13292.0,89.0,0.0,0,447.17,0.0,1,1.84,0.95,SPY210924P00432000,432.0,0,0.0,0.0,,0.0,normalDay
2021-09-17,13292.0,27.0,0.0,0,441.4,0.0,1,1.84,1.57,SPY210924P00432000,432.0,0,0.0,0.0,,0.0,normalDay
2021-09-20,13292.0,-185.0,0.0,0,434.04,0.0,1,1.84,3.69,SPY210924P00432000,432.0,0,0.0,0.0,,0.0,normalDay
2021-09-21,13292.0,-126.0,0.0,0,433.63,0.0,1,1.84,3.1,SPY210924P00432000,432.0,0,0.0,0.0,,0.0,normalDay
2021-09-22,13292.0,104.0,0.0,0,437.86,0.0,1,1.84,0.8,SPY210924P00432000,432.0,0,0.0,0.0,,0.0,normalDay
2021-09-23,13292.0,177.0,0.0,0,443.18,0.0,1,1.84,0.07,SPY210924P00432000,432.0,0,0.0,0.0,,0.0,normalDay
2021-09-24,13476.0,0.0,184.0,0,443.91,0.0,1,1.84,0.0,SPY210924P00432000,432.0,0,0.0,0.0,,0.0,expirationDay
2021-09-27,13476.0,-3.0,0.0,0,442.64,0.0,1,0.86,0.89,SPY211008P00422000,422.0,0,0.0,0.0,,0.0,normalDay
2021-09-28,13476.0,-177.0,0.0,0,433.72,0.0,1,0.86,2.63,SPY211008P00422000,422.0,0,0.0,0.0,,0.0,normalDay
2021-09-29,13476.0,-112.0,0.0,0,434.45,0.0,1,0.86,1.98,SPY211008P00422000,422.0,0,0.0,0.0,,0.0,normalDay
2021-09-30,13476.0,-202.0,0.0,0,429.14,0.0,1,0.86,2.88,SPY211008P00422000,422.0,0,0.0,0.0,,0.0,normalDay
2021-10-01,13476.0,-23.0,0.0,0,434.24,0.0,1,0.86,1.09,SPY211008P00422000,422.0,0,0.0,0.0,,0.0,normalDay
2021-10-04,13476.0,-106.0,0.0,0,428.64,0.0,1,0.86,1.92,SPY211008P00422000,422.0,0,0.0,0.0,,0.0,normalDay
2021-10-05,13476.0,30.0,0.0,0,433.1,0.0,1,0.86,0.56,SPY211008P00422000,422.0,0,0.0,0.0,,0.0,normalDay
2021-10-06,13476.0,61.0,0.0,0,434.9,0.0,1,0.86,0.25,SPY211008P00422000,422.0,0,0.0,0.0,,0.0,normalDay
2021-10-07,13476.0,83.0,0.0,0,438.66,0.0,1,0.86,0.03,SPY211008P00422000,422.0,0,0.0,0.0,,0.0,normalDay
2021-10-08,13562.0,0.0,86.0,0,437.86,0.0,1,0.86,0.0,SPY211008P00422000,422.0,0,0.0,0.0,,0.0,expirationDay
2021-10-11,13562.0,-3.0,0.0,0,434.69,0.0,1,1.2,1.23,SPY211022P00415000,415.0,0,0.0,0.0,,0.0,normalDay
2021-10-12,13562.0,5.0,0.0,0,433.62,0.0,1,1.2,1.15,SPY211022P00415000,415.0,0,0.0,0.0,,0.0,normalDay
2021-10-13,13562.0,63.0,0.0,0,435.18,0.0,1,1.2,0.57,SPY211022P00415000,415.0,0,0.0,0.0,,0.0,normalDay
2021-10-14,13562.0,98.0,0.0,0,442.5,0.0,1,1.2,0.22,SPY211022P00415000,415.0,0,0.0,0.0,,0.0,normalDay
2021-10-15,13562.0,108.0,0.0,0,445.87,0.0,1,1.2,0.12,SPY211022P00415000,415.0,0,0.0,0.0,,0.0,normalDay
2021-10-18,13562.0,116.0,0.0,0,447.19,0.0,1,1.2,0.04,SPY211022P00415000,415.0,0,0.0,0.0,,0.0,normalDay
2021-10-19,13562.0,117.0,0.0,0,450.64,0.0,1,1.2,0.03,SPY211022P00415000,415.0,0,0.0,0.0,,0.0,normalDay
2021-10-20,13562.0,118.0,0.0,0,452.41,0.0,1,1.2,0.02,SPY211022P00415000,415.0,0,0.0,0.0,,0.0,normalDay
2021-10-21,13562.0,119.0,0.0,0,453.59,0.0,1,1.2,0.01,SPY211022P00415000,415.0,0,0.0,0.0,,0.0,normalDay
2021-10-22,13682.0,0.0,120.0,0,453.12,0.0,1,1.2,0.0,SPY211022P00415000,415.0,0,0.0,0.0,,0.0,expirationDay
2021-10-25,13682.0,-3.0,0.0,0,455.55,0.0,1,0.08,0.11,SPY211105P00405000,405.0,0,0.0,0.0,,0.0,normalDay
2021-10-26,13682.0,-4.0,0.0,0,455.96,0.0,1,0.08,0.12,SPY211105P00405000,405.0,0,0.0,0.0,,0.0,normalDay
2021-10-27,13682.0,-3.0,0.0,0,453.94,0.0,1,0.08,0.11,SPY211105P00405000,405.0,0,0.0,0.0,,0.0,normalDay
2021-10-28,13682.0,0.0,0.0,0,458.32,0.0,1,0.08,0.08,SPY211105P00405000,405.0,0,0.0,0.0,,0.0,normalDay
2021-10-29,13682.0,3.0,0.0,0,459.25,0.0,1,0.08,0.05,SPY211105P00405000,405.0,0,0.0,0.0,,0.0,normalDay
2021-11-01,13682.0,5.0,0.0,0,460.04,0.0,1,0.08,0.03,SPY211105P00405000,405.0,0,0.0,0.0,,0.0,normalDay
2021-11-02,13682.0,6.0,0.0,0,461.9,0.0,1,0.08,0.02,SPY211105P00405000,405.0,0,0.0,0.0,,0.0,normalDay
2021-11-03,13682.0,7.0,0.0,0,464.72,0.0,1,0.08,0.01,SPY211105P00405000,405.0,0,0.0,0.0,,0.0,normalDay
2021-11-04,13682.0,7.0,0.0,0,466.91,0.0,1,0.08,0.01,SPY211105P00405000,405.0,0,0.0,0.0,,0.0,normalDay
2021-11-05,13690.0,0.0,8.0,0,468.53,0.0,1,0.08,0.0,SPY211105P00405000,405.0,0,0.0,0.0,,0.0,expirationDay
2021-11-08,13690.0,-3.0,0.0,0,468.93,0.0,1,0.15,0.18,SPY211119P00414000,414.0,0,0.0,0.0,,0.0,normalDay
2021-11-09,13690.0,-1.0,0.0,0,467.38,0.0,1,0.15,0.16,SPY211119P00414000,414.0,0,0.0,0.0,,0.0,normalDay
2021-11-10,13690.0,-1.0,0.0,0,463.62,0.0,1,0.15,0.16,SPY211119P00414000,414.0,0,0.0,0.0,,0.0,normalDay
2021-11-11,13690.0,5.0,0.0,0,463.77,0.0,1,0.15,0.1,SPY211119P00414000,414.0,0,0.0,0.0,,0.0,normalDay
2021-11-12,13690.0,10.0,0.0,0,467.27,0.0,1,0.15,0.05,SPY211119P00414000,414.0,0,0.0,0.0,,0.0,normalDay
2021-11-15,13690.0,13.0,0.0,0,467.43,0.0,1,0.15,0.02,SPY211119P00414000,414.0,0,0.0,0.0,,0.0,normalDay
2021-11-16,13690.0,13.0,0.0,0,469.28,0.0,1,0.15,0.02,SPY211119P00414000,414.0,0,0.0,0.0,,0.0,normalDay
2021-11-17,13690.0,14.0,0.0,0,468.14,0.0,1,0.15,0.01,SPY211119P00414000,414.0,0,0.0,0.0,,0.0,normalDay
2021-11-18,13690.0,14.0,0.0,0,469.73,0.0,1,0.15,0.01,SPY211119P00414000,414.0,0,0.0,0.0,,0.0,normalDay
2021-11-19,13705.0,0.0,15.0,0,468.89,0.0,1,0.15,0.0,SPY211119P00414000,414.0,0,0.0,0.0,,0.0,expirationDay
2021-11-22,13705.0,-4.0,0.0,0,467.57,0.0,1,0.71,0.75,SPY211203P00445000,445.0,0,0.0,0.0,,0.0,normalDay
2021-11-23,13705.0,5.0,0.0,0,468.19,0.0,1,0.71,0.66,SPY211203P00445000,445.0,0,0.0,0.0,,0.0,normalDay
2021-11-24,13705.0,28.0,0.0,0,469.44,0.0,1,0.71,0.43,SPY211203P00445000,445.0,0,0.0,0.0,,0.0,normalDay
2021-11-26,13705.0,-257.0,0.0,0,458.97,0.0,1,0.71,3.28,SPY211203P00445000,445.0,0,0.0,0.0,,0.0,normalDay
2021-11-29,13705.0,30.0,0.0,0,464.6,0.0,1,0.71,0.41,SPY211203P00445000,445.0,0,0.0,0.0,,0.0,normalDay
2021-11-30,13705.0,-42.0,0.0,0,455.56,0.0,1,0.71,1.13,SPY211203P00445000,445.0,0,0.0,0.0,,0.0,normalDay
2021-12-01,13705.0,-186.0,0.0,0,450.5,0.0,1,0.71,2.57,SPY211203P00445000,445.0,0,0.0,0.0,,0.0,normalDay
2021-12-02,13705.0,49.0,0.0,0,457.4,0.0,1,0.71,0.22,SPY211203P00445000,445.0,0,0.0,0.0,,0.0,normalDay
2021-12-03,13776.0,0.0,71.0,0,453.42,0.0,1,0.71,0.0,SPY211203P00445000,445.0,0,0.0,0.0,,0.0,expirationDay
2021-12-06,13776.0,-3.0,0.0,0,458.79,0.0,1,2.94,2.97,SPY211217P00440000,440.0,0,0.0,0.0,,0.0,normalDay
2021-12-07,13776.0,196.0,0.0,0,468.28,0.0,1,2.94,0.98,SPY211217P00440000,440.0,0,0.0,0.0,,0.0,normalDay
2021-12-08,13776.0,248.0,0.0,0,469.52,0.0,1,2.94,0.46,SPY211217P00440000,440.0,0,0.0,0.0,,0.0,normalDay
2021-12-09,13776.0,218.0,0.0,0,466.35,0.0,1,2.94,0.76,SPY211217P00440000,440.0,0,0.0,0.0,,0.0,normalDay
2021-12-10,13776.0,272.0,0.0,0,470.74,0.0,1,2.94,0.22,SPY211217P00440000,440.0,0,0.0,0.0,,0.0,normalDay
2021-12-13,13776.0,278.0,0.0,0,466.57,0.0,1,2.94,0.16,SPY211217P00440000,440.0,0,0.0,0.0,,0.0,normalDay
2021-12-14,13776.0,274.0,0.0,0,463.36,0.0,1,2.94,0.2,SPY211217P00440000,440.0,0,0.0,0.0,,0.0,normalDay
2021-12-15,13776.0,287.0,0.0,0,470.6,0.0,1,2.94,0.07,SPY211217P00440000,440.0,0,0.0,0.0,,0.0,normalDay
2021-12-16,13776.0,289.0,0.0,0,466.45,0.0,1,2.94,0.05,SPY211217P00440000,440.0,0,0.0,0.0,,0.0,normalDay
2021-12-17,14070.0,0.0,294.0,0,459.87,0.0,1,2.94,0.0,SPY211217P00440000,440.0,0,0.0,0.0,,0.0,expirationDay
2021-12-20,14070.0,-4.0,0.0,0,454.98,0.0,1,1.82,1.86,SPY211231P00438000,438.0,0,0.0,0.0,,0.0,normalDay
2021-12-21,14070.0,114.0,0.0,0,463.06,0.0,1,1.82,0.68,SPY211231P00438000,438.0,0,0.0,0.0,,0.0,normalDay
2021-12-22,14070.0,163.0,0.0,0,467.69,0.0,1,1.82,0.19,SPY211231P00438000,438.0,0,0.0,0.0,,0.0,normalDay
2021-12-23,14070.0,171.0,0.0,0,470.6,0.0,1,1.82,0.11,SPY211231P00438000,438.0,0,0.0,0.0,,0.0,normalDay
2021-12-27,14070.0,178.0,0.0,0,477.26,0.0,1,1.82,0.04,SPY211231P00438000,438.0,0,0.0,0.0,,0.0,normalDay
2021-12-28,14070.0,179.0,0.0,0,476.87,0.0,1,1.82,0.03,SPY211231P00438000,438.0,0,0.0,0.0,,0.0,normalDay
2021-12-29,14070.0,180.0,0.0,0,477.48,0.0,1,1.82,0.02,SPY211231P00438000,438.0,0,0.0,0.0,,0.0,normalDay
2021-12-30,14070.0,180.0,0.0,0,476.16,0.0,1,1.82,0.02,SPY211231P00438000,438.0,0,0.0,0.0,,0.0,normalDay
2021-12-31,14252.0,0.0,182.0,0,474.96,0.0,1,1.82,0.0,SPY211231P00438000,438.0,0,0.0,0.0,,0.0,expirationDay
2022-01-03,14252.0,-3.0,0.0,0,477.71,0.0,1,0.19,0.22,SPY220114P00442000,442.0,0,0.0,0.0,,0.0,normalDay
2022-01-04,14252.0,-1.0,0.0,0,477.55,0.0,1,0.19,0.2,SPY220114P00442000,442.0,0,0.0,0.0,,0.0,normalDay
2022-01-05,14252.0,-40.0,0.0,0,468.38,0.0,1,0.19,0.59,SPY220114P00442000,442.0,0,0.0,0.0,,0.0,normalDay
2022-01-06,14252.0,-19.0,0.0,0,467.94,0.0,1,0.19,0.38,SPY220114P00442000,442.0,0,0.0,0.0,,0.0,normalDay
2022-01-07,14252.0,2.0,0.0,0,466.09,0.0,1,0.19,0.17,SPY220114P00442000,442.0,0,0.0,0.0,,0.0,normalDay
2022-01-10,14252.0,1.0,0.0,0,465.51,0.0,1,0.19,0.18,SPY220114P00442000,442.0,0,0.0,0.0,,0.0,normalDay
2022-01-11,14252.0,12.0,0.0,0,469.75,0.0,1,0.19,0.07,SPY220114P00442000,442.0,0,0.0,0.0,,0.0,normalDay
2022-01-12,14252.0,17.0,0.0,0,471.02,0.0,1,0.19,0.02,SPY220114P00442000,442.0,0,0.0,0.0,,0.0,normalDay
2022-01-13,14252.0,15.0,0.0,0,464.53,0.0,1,0.19,0.04,SPY220114P00442000,442.0,0,0.0,0.0,,0.0,normalDay
2022-01-14,14271.0,0.0,19.0,0,464.72,0.0,1,0.19,0.0,SPY220114P00442000,442.0,0,0.0,0.0,,0.0,expirationDay
2022-01-18,14271.0,-3.0,0.0,0,456.49,0.0,1,2.6,2.63,SPY220128P00442000,442.0,0,0.0,0.0,,0.0,normalDay
2022-01-19,14271.0,-45.0,0.0,0,451.75,0.0,1,2.6,3.05,SPY220128P00442000,442.0,0,0.0,0.0,,0.0,normalDay
2022-01-20,14271.0,-211.0,0.0,0,446.75,0.0,1,2.6,4.71,SPY220128P00442000,442.0,0,0.0,0.0,,0.0,normalDay
2022-01-21,14271.0,-623.0,0.0,0,437.98,0.0,1,2.6,8.83,SPY220128P00442000,442.0,0,0.0,0.0,,0.0,normalDay
2022-01-24,14271.0,-587.0,0.0,0,439.84,0.0,1,2.6,8.47,SPY220128P00442000,442.0,0,0.0,0.0,,0.0,normalDay
2022-01-25,14271.0,-896.0,0.0,0,434.47,0.0,1,2.6,11.56,SPY220128P00442000,442.0,0,0.0,0.0,,0.0,normalDay
2022-01-26,14271.0,-815.0,0.0,0,433.38,0.0,1,2.6,10.75,SPY220128P00442000,442.0,0,0.0,0.0,,0.0,normalDay
2022-01-27,14271.0,-812.0,0.0,0,431.24,0.0,1,2.6,10.72,SPY220128P00442000,442.0,0,0.0,0.0,,0.0,normalDay
2022-01-28,14531.0,-5.0,260.0,100,441.95,442.0,1,2.6,0.0,SPY220128P00442000,442.0,0,0.0,0.0,,0.0,expirationDay
2022-01-31,14531.0,767.0,0.0,100,449.91,442.0,0,0.0,0.0,,0.0,1,6.67,6.91,SPY220916C00497000,497.0,normalDay
2022-02-01,14531.0,1045.0,0.0,100,452.95,442.0,0,0.0,0.0,,0.0,1,6.67,7.17,SPY220916C00497000,497.0,normalDay
2022-02-02,14531.0,1411.0,0.0,100,457.35,442.0,0,0.0,0.0,,0.0,1,6.67,7.91,SPY220916C00497000,497.0,normalDay
2022-02-03,14531.0,418.0,0.0,100,446.6,442.0,0,0.0,0.0,,0.0,1,6.67,7.09,SPY220916C00497000,497.0,normalDay
2022-02-04,14531.0,681.0,0.0,100,448.7,442.0,0,0.0,0.0,,0.0,1,6.67,6.56,SPY220916C00497000,497.0,normalDay
2022-02-07,14531.0,560.0,0.0,100,447.26,442.0,0,0.0,0.0,,0.0,1,6.67,6.33,SPY220916C00497000,497.0,normalDay
2022-02-08,14531.0,884.0,0.0,100,450.94,442.0,0,0.0,0.0,,0.0,1,6.67,6.77,SPY220916C00497000,497.0,normalDay
2022-02-09,14531.0,1399.0,0.0,100,457.54,442.0,0,0.0,0.0,,0.0,1,6.67,8.22,SPY220916C00497000,497.0,normalDay
2022-02-10,14531.0,750.0,0.0,100,449.32,442.0,0,0.0,0.0,,0.0,1,6.67,6.49,SPY220916C00497000,497.0,normalDay
2022-02-11,14531.0,7.0,0.0,100,440.46,442.0,0,0.0,0.0,,0.0,1,6.67,5.06,SPY220916C00497000,497.0,normalDay
2022-02-14,14531.0,-105.0,0.0,100,439.02,442.0,0,0.0,0.0,,0.0,1,6.67,4.74,SPY220916C00497000,497.0,normalDay
2022-02-15,14531.0,526.0,0.0,100,446.1,442.0,0,0.0,0.0,,0.0,1,6.67,5.51,SPY220916C00497000,497.0,normalDay
2022-02-16,14531.0,604.0,0.0,100,446.6,442.0,0,0.0,0.0,,0.0,1,6.67,5.23,SPY220916C00497000,497.0,normalDay
2022-02-17,14531.0,-228.0,0.0,100,437.06,442.0,0,0.0,0.0,,0.0,1,6.67,4.01,SPY220916C00497000,497.0,normalDay
2022-02-18,14531.0,-472.0,0.0,100,434.23,442.0,0,0.0,0.0,,0.0,1,6.67,3.62,SPY220916C00497000,497.0,normalDay
2022-02-22,14531.0,-900.0,0.0,100,429.57,442.0,0,0.0,0.0,,0.0,1,6.67,3.24,SPY220916C00497000,497.0,normalDay
2022-02-23,14531.0,-1578.0,0.0,100,421.95,442.0,0,0.0,0.0,,0.0,1,6.67,2.4,SPY220916C00497000,497.0,normalDay
2022-02-24,14531.0,-994.0,0.0,100,428.3,442.0,0,0.0,0.0,,0.0,1,6.67,2.91,SPY220916C00497000,497.0,normalDay
2022-02-25,14531.0,-166.0,0.0,100,437.75,442.0,0,0.0,0.0,,0.0,1,6.67,4.08,SPY220916C00497000,497.0,normalDay
2022-02-28,14531.0,-277.0,0.0,100,436.63,442.0,0,0.0,0.0,,0.0,1,6.67,4.07,SPY220916C00497000,497.0,normalDay
2022-03-01,14531.0,-908.0,0.0,100,429.98,442.0,0,0.0,0.0,,0.0,1,6.67,3.73,SPY220916C00497000,497.0,normalDay
2022-03-02,14531.0,-172.0,0.0,100,437.89,442.0,0,0.0,0.0,,0.0,1,6.67,4.28,SPY220916C00497000,497.0,normalDay
2022-03-03,14531.0,-356.0,0.0,100,435.71,442.0,0,0.0,0.0,,0.0,1,6.67,3.94,SPY220916C00497000,497.0,normalDay
2022-03-04,14531.0,-664.0,0.0,100,432.17,442.0,0,0.0,0.0,,0.0,1,6.67,3.48,SPY220916C00497000,497.0,normalDay
2022-03-07,14531.0,-1846.0,0.0,100,419.43,442.0,0,0.0,0.0,,0.0,1,6.67,2.56,SPY220916C00497000,497.0,normalDay
2022-03-08,14531.0,-2123.0,0.0,100,416.25,442.0,0,0.0,0.0,,0.0,1,6.67,2.15,SPY220916C00497000,497.0,normalDay
2022-03-09,14531.0,-1194.0,0.0,100,427.41,442.0,0,0.0,0.0,,0.0,1,6.67,4.02,SPY220916C00497000,497.0,normalDay
2022-03-10,14531.0,-1260.0,0.0,100,425.48,442.0,0,0.0,0.0,,0.0,1,6.67,2.75,SPY220916C00497000,497.0,normalDay
2022-03-11,14531.0,-1745.0,0.0,100,420.07,442.0,0,0.0,0.0,,0.0,1,6.67,2.19,SPY220916C00497000,497.0,normalDay
2022-03-14,14531.0,-2035.0,0.0,100,417.0,442.0,0,0.0,0.0,,0.0,1,6.67,2.02,SPY220916C00497000,497.0,normalDay
2022-03-15,14531.0,-1191.0,0.0,100,426.17,442.0,0,0.0,0.0,,0.0,1,6.67,2.75,SPY220916C00497000,497.0,normalDay
2022-03-16,14531.0,-297.0,0.0,100,435.62,442.0,0,0.0,0.0,,0.0,1,6.67,3.26,SPY220916C00497000,497.0,normalDay
2022-03-17,14531.0,211.0,0.0,100,441.07,442.0,0,0.0,0.0,,0.0,1,6.67,3.63,SPY220916C00497000,497.0,normalDay
2022-03-18,14531.0,505.0,0.0,100,444.52,442.0,0,0.0,0.0,,0.0,1,6.67,4.14,SPY220916C00497000,497.0,normalDay
2022-03-21,14531.0,512.0,0.0,100,444.39,442.0,0,0.0,0.0,,0.0,1,6.67,3.94,SPY220916C00497000,497.0,normalDay
2022-03-22,14531.0,949.0,0.0,100,449.59,442.0,0,0.0,0.0,,0.0,1,6.67,4.77,SPY220916C00497000,497.0,normalDay
2022-03-23,14531.0,476.0,0.0,100,443.8,442.0,0,0.0,0.0,,0.0,1,6.67,3.71,SPY220916C00497000,497.0,normalDay
2022-03-24,14531.0,1038.0,0.0,100,450.49,442.0,0,0.0,0.0,,0.0,1,6.67,4.78,SPY220916C00497000,497.0,normalDay
2022-03-25,14531.0,1226.0,0.0,100,452.69,442.0,0,0.0,0.0,,0.0,1,6.67,5.1,SPY220916C00497000,497.0,normalDay
2022-03-28,14531.0,1492.0,0.0,100,455.91,442.0,0,0.0,0.0,,0.0,1,6.67,5.66,SPY220916C00497000,497.0,normalDay
2022-03-29,14531.0,1937.0,0.0,100,461.55,442.0,0,0.0,0.0,,0.0,1,6.67,6.85,SPY220916C00497000,497.0,normalDay
2022-03-30,14531.0,1699.0,0.0,100,458.7,442.0,0,0.0,0.0,,0.0,1,6.67,6.38,SPY220916C00497000,497.0,normalDay
2022-03-31,14531.0,1041.0,0.0,100,451.64,442.0,0,0.0,0.0,,0.0,1,6.67,5.9,SPY220916C00497000,497.0,normalDay
2022-04-01,14531.0,1295.0,0.0,100,452.92,442.0,0,0.0,0.0,,0.0,1,6.67,4.64,SPY220916C00497000,497.0,normalDay
2022-04-04,14531.0,1626.0,0.0,100,456.8,442.0,0,0.0,0.0,,0.0,1,6.67,5.21,SPY220916C00497000,497.0,normalDay
2022-04-05,14531.0,1104.0,0.0,100,451.03,442.0,0,0.0,0.0,,0.0,1,6.67,4.66,SPY220916C00497000,497.0,normalDay
2022-04-06,14531.0,764.0,0.0,100,446.52,442.0,0,0.0,0.0,,0.0,1,6.67,3.55,SPY220916C00497000,497.0,normalDay
2022-04-07,14531.0,957.0,0.0,100,448.77,442.0,0,0.0,0.0,,0.0,1,6.67,3.87,SPY220916C00497000,497.0,normalDay
2022-04-08,14531.0,865.0,0.0,100,447.57,442.0,0,0.0,0.0,,0.0,1,6.67,3.59,SPY220916C00497000,497.0,normalDay
2022-04-11,14531.0,193.0,0.0,100,439.92,442.0,0,0.0,0.0,,0.0,1,6.67,2.66,SPY220916C00497000,497.0,normalDay
2022-04-12,14531.0,47.0,0.0,100,438.29,442.0,0,0.0,0.0,,0.0,1,6.67,2.49,SPY220916C00497000,497.0,normalDay
2022-04-13,14531.0,522.0,0.0,100,443.31,442.0,0,0.0,0.0,,0.0,1,6.67,2.76,SPY220916C00497000,497.0,normalDay
2022-04-14,14531.0,22.0,0.0,100,437.79,442.0,0,0.0,0.0,,0.0,1,6.67,2.24,SPY220916C00497000,497.0,normalDay
2022-04-18,14531.0,44.0,0.0,100,437.97,442.0,0,0.0,0.0,,0.0,1,6.67,2.2,SPY220916C00497000,497.0,normalDay
2022-04-19,14531.0,709.0,0.0,100,445.04,442.0,0,0.0,0.0,,0.0,1,6.67,2.62,SPY220916C00497000,497.0,normalDay
2022-04-20,14531.0,661.0,0.0,100,444.71,442.0,0,0.0,0.0,,0.0,1,6.67,2.77,SPY220916C00497000,497.0,normalDay
2022-04-21,14531.0,77.0,0.0,100,438.06,442.0,0,0.0,0.0,,0.0,1,6.67,1.96,SPY220916C00497000,497.0,normalDay
2022-04-22,14531.0,-1055.0,0.0,100,426.04,442.0,0,0.0,0.0,,0.0,1,6.67,1.26,SPY220916C00497000,497.0,normalDay
2022-04-25,14531.0,-818.0,0.0,100,428.51,442.0,0,0.0,0.0,,0.0,1,6.67,1.36,SPY220916C00497000,497.0,normalDay
2022-04-26,14531.0,-2010.0,0.0,100,416.1,442.0,0,0.0,0.0,,0.0,1,6.67,0.87,SPY220916C00497000,497.0,normalDay
2022-04-27,14531.0,-1905.0,0.0,100,417.27,442.0,0,0.0,0.0,,0.0,1,6.67,0.99,SPY220916C00497000,497.0,normalDay
2022-04-28,14531.0,-888.0,0.0,100,427.81,442.0,0,0.0,0.0,,0.0,1,6.67,1.36,SPY220916C00497000,497.0,normalDay
2022-04-29,14531.0,-2413.0,0.0,100,412.0,442.0,0,0.0,0.0,,0.0,1,6.67,0.8,SPY220916C00497000,497.0,normalDay
2022-05-02,14531.0,-2169.0,0.0,100,414.48,442.0,0,0.0,0.0,,0.0,1,6.67,0.84,SPY220916C00497000,497.0,normalDay
2022-05-03,14531.0,-1967.0,0.0,100,416.38,442.0,0,0.0,0.0,,0.0,1,6.67,0.72,SPY220916C00497000,497.0,normalDay
2022-05-04,14531.0,-735.0,0.0,100,429.06,442.0,0,0.0,0.0,,0.0,1,6.67,1.08,SPY220916C00497000,497.0,normalDay
2022-05-05,14531.0,-2219.0,0.0,100,413.81,442.0,0,0.0,0.0,,0.0,1,6.67,0.67,SPY220916C00497000,497.0,normalDay
2022-05-06,14531.0,-2456.0,0.0,100,411.34,442.0,0,0.0,0.0,,0.0,1,6.67,0.57,SPY220916C00497000,497.0,normalDay
2022-05-09,14531.0,-3755.0,0.0,100,398.17,442.0,0,0.0,0.0,,0.0,1,6.67,0.39,SPY220916C00497000,497.0,normalDay
2022-05-10,14531.0,-3658.0,0.0,100,399.09,442.0,0,0.0,0.0,,0.0,1,6.67,0.34,SPY220916C00497000,497.0,normalDay
2022-05-11,14531.0,-4287.0,0.0,100,392.75,442.0,0,0.0,0.0,,0.0,1,6.67,0.29,SPY220916C00497000,497.0,normalDay
2022-05-12,14531.0,-4326.0,0.0,100,392.34,442.0,0,0.0,0.0,,0.0,1,6.67,0.27,SPY220916C00497000,497.0,normalDay
2022-05-13,14531.0,-3385.0,0.0,100,401.72,442.0,0,0.0,0.0,,0.0,1,6.67,0.24,SPY220916C00497000,497.0,normalDay
2022-05-16,14531.0,-3544.0,0.0,100,400.09,442.0,0,0.0,0.0,,0.0,1,6.67,0.2,SPY220916C00497000,497.0,normalDay
2022-05-17,14531.0,-2729.0,0.0,100,408.32,442.0,0,0.0,0.0,,0.0,1,6.67,0.28,SPY220916C00497000,497.0,normalDay
2022-05-18,14531.0,-4361.0,0.0,100,391.86,442.0,0,0.0,0.0,,0.0,1,6.67,0.14,SPY220916C00497000,497.0,normalDay
2022-05-19,14531.0,-4600.0,0.0,100,389.46,442.0,0,0.0,0.0,,0.0,1,6.67,0.13,SPY220916C00497000,497.0,normalDay
2022-05-20,14531.0,-4586.0,0.0,100,389.63,442.0,0,0.0,0.0,,0.0,1,6.67,0.16,SPY220916C00497000,497.0,normalDay
2022-05-23,14531.0,-3867.0,0.0,100,396.92,442.0,0,0.0,0.0,,0.0,1,6.67,0.26,SPY220916C00497000,497.0,normalDay
2022-05-24,14531.0,-4169.0,0.0,100,393.89,442.0,0,0.0,0.0,,0.0,1,6.67,0.25,SPY220916C00497000,497.0,normalDay
2022-05-25,14531.0,-3824.0,0.0,100,397.37,442.0,0,0.0,0.0,,0.0,1,6.67,0.28,SPY220916C00497000,497.0,normalDay
2022-05-26,14531.0,-3040.0,0.0,100,405.31,442.0,0,0.0,0.0,,0.0,1,6.67,0.38,SPY220916C00497000,497.0,normalDay
2022-05-27,14531.0,-2058.0,0.0,100,415.26,442.0,0,0.0,0.0,,0.0,1,6.67,0.51,SPY220916C00497000,497.0,normalDay
2022-05-31,14531.0,-2278.0,0.0,100,412.93,442.0,0,0.0,0.0,,0.0,1,6.67,0.38,SPY220916C00497000,497.0,normalDay
2022-06-01,14531.0,-2603.0,0.0,100,409.59,442.0,0,0.0,0.0,,0.0,1,6.67,0.29,SPY220916C00497000,497.0,normalDay
2022-06-02,14531.0,-1834.0,0.0,100,417.39,442.0,0,0.0,0.0,,0.0,1,6.67,0.4,SPY220916C00497000,497.0,normalDay
2022-06-03,14531.0,-2509.0,0.0,100,410.54,442.0,0,0.0,0.0,,0.0,1,6.67,0.3,SPY220916C00497000,497.0,normalDay
2022-06-06,14531.0,-2381.0,0.0,100,411.79,442.0,0,0.0,0.0,,0.0,1,6.67,0.27,SPY220916C00497000,497.0,normalDay
2022-06-07,14531.0,-1989.0,0.0,100,415.74,442.0,0,0.0,0.0,,0.0,1,6.67,0.3,SPY220916C00497000,497.0,normalDay
2022-06-08,14531.0,-2436.0,0.0,100,411.22,442.0,0,0.0,0.0,,0.0,1,6.67,0.25,SPY220916C00497000,497.0,normalDay
2022-06-09,14531.0,-3408.0,0.0,100,401.44,442.0,0,0.0,0.0,,0.0,1,6.67,0.19,SPY220916C00497000,497.0,normalDay
2022-06-10,14531.0,-4565.0,0.0,100,389.8,442.0,0,0.0,0.0,,0.0,1,6.67,0.12,SPY220916C00497000,497.0,normalDay
2022-06-13,14531.0,-6043.0,0.0,100,375.0,442.0,0,0.0,0.0,,0.0,1,6.67,0.1,SPY220916C00497000,497.0,normalDay
2022-06-14,14531.0,-6155.0,0.0,100,373.87,442.0,0,0.0,0.0,,0.0,1,6.67,0.09,SPY220916C00497000,497.0,normalDay
2022-06-15,14531.0,-5621.0,0.0,100,379.2,442.0,0,0.0,0.0,,0.0,1,6.67,0.08,SPY220916C00497000,497.0,normalDay
2022-06-16,14531.0,-6876.0,0.0,100,366.65,442.0,0,0.0,0.0,,0.0,1,6.67,0.08,SPY220916C00497000,497.0,normalDay
2022-06-17,14531.0,-6955.0,0.0,100,365.86,442.0,0,0.0,0.0,,0.0,1,6.67,0.08,SPY220916C00497000,497.0,normalDay
2022-06-21,14531.0,-6034.0,0.0,100,375.07,442.0,0,0.0,0.0,,0.0,1,6.67,0.08,SPY220916C00497000,497.0,normalDay
2022-06-22,14531.0,-6102.0,0.0,100,374.39,442.0,0,0.0,0.0,,0.0,1,6.67,0.08,SPY220916C00497000,497.0,normalDay
2022-06-23,14531.0,-5735.0,0.0,100,378.06,442.0,0,0.0,0.0,,0.0,1,6.67,0.08,SPY220916C00497000,497.0,normalDay
2022-06-24,14531.0,-4536.0,0.0,100,390.08,442.0,0,0.0,0.0,,0.0,1,6.67,0.11,SPY220916C00497000,497.0,normalDay
2022-06-27,14531.0,-4684.0,0.0,100,388.59,442.0,0,0.0,0.0,,0.0,1,6.67,0.1,SPY220916C00497000,497.0,normalDay
2022-06-28,14531.0,-5475.0,0.0,100,380.65,442.0,0,0.0,0.0,,0.0,1,6.67,0.07,SPY220916C00497000,497.0,normalDay
2022-06-29,14531.0,-5506.0,0.0,100,380.34,442.0,0,0.0,0.0,,0.0,1,6.67,0.07,SPY220916C00497000,497.0,normalDay
2022-06-30,14531.0,-5814.0,0.0,100,377.25,442.0,0,0.0,0.0,,0.0,1,6.67,0.06,SPY220916C00497000,497.0,normalDay
2022-07-01,14531.0,-5414.0,0.0,100,381.24,442.0,0,0.0,0.0,,0.0,1,6.67,0.05,SPY220916C00497000,497.0,normalDay
2022-07-05,14531.0,-5342.0,0.0,100,381.96,442.0,0,0.0,0.0,,0.0,1,6.67,0.05,SPY220916C00497000,497.0,normalDay
2022-07-06,14531.0,-5212.0,0.0,100,383.25,442.0,0,0.0,0.0,,0.0,1,6.67,0.04,SPY220916C00497000,497.0,normalDay
2022-07-07,14531.0,-4639.0,0.0,100,388.99,442.0,0,0.0,0.0,,0.0,1,6.67,0.05,SPY220916C00497000,497.0,normalDay
2022-07-08,14531.0,-4671.0,0.0,100,388.67,442.0,0,0.0,0.0,,0.0,1,6.67,0.05,SPY220916C00497000,497.0,normalDay
2022-07-11,14531.0,-5114.0,0.0,100,384.23,442.0,0,0.0,0.0,,0.0,1,6.67,0.04,SPY220916C00497000,497.0,normalDay
2022-07-12,14531.0,-5453.0,0.0,100,380.83,442.0,0,0.0,0.0,,0.0,1,6.67,0.03,SPY220916C00497000,497.0,normalDay
2022-07-13,14531.0,-5653.0,0.0,100,378.83,442.0,0,0.0,0.0,,0.0,1,6.67,0.03,SPY220916C00497000,497.0,normalDay
2022-07-14,14531.0,-5745.0,0.0,100,377.91,442.0,0,0.0,0.0,,0.0,1,6.67,0.03,SPY220916C00497000,497.0,normalDay
2022-07-15,14531.0,-5024.0,0.0,100,385.13,442.0,0,0.0,0.0,,0.0,1,6.67,0.04,SPY220916C00497000,497.0,normalDay
2022-07-18,14531.0,-5341.0,0.0,100,381.95,442.0,0,0.0,0.0,,0.0,1,6.67,0.03,SPY220916C00497000,497.0,normalDay
2022-07-19,14531.0,-4311.0,0.0,100,392.27,442.0,0,0.0,0.0,,0.0,1,6.67,0.05,SPY220916C00497000,497.0,normalDay
2022-07-20,14531.0,-4061.0,0.0,100,394.77,442.0,0,0.0,0.0,,0.0,1,6.67,0.05,SPY220916C00497000,497.0,normalDay
2022-07-21,14531.0,-3659.0,0.0,100,398.79,442.0,0,0.0,0.0,,0.0,1,6.67,0.05,SPY220916C00497000,497.0,normalDay
2022-07-22,14531.0,-4028.0,0.0,100,395.09,442.0,0,0.0,0.0,,0.0,1,6.67,0.04,SPY220916C00497000,497.0,normalDay
2022-07-25,14531.0,-3979.0,0.0,100,395.57,442.0,0,0.0,0.0,,0.0,1,6.67,0.03,SPY220916C00497000,497.0,normalDay
2022-07-26,14531.0,-4446.0,0.0,100,390.89,442.0,0,0.0,0.0,,0.0,1,6.67,0.02,SPY220916C00497000,497.0,normalDay
2022-07-27,14531.0,-3432.0,0.0,100,401.04,442.0,0,0.0,0.0,,0.0,1,6.67,0.03,SPY220916C00497000,497.0,normalDay
2022-07-28,14531.0,-2929.0,0.0,100,406.07,442.0,0,0.0,0.0,,0.0,1,6.67,0.03,SPY220916C00497000,497.0,normalDay
2022-07-29,14531.0,-2337.0,0.0,100,411.99,442.0,0,0.0,0.0,,0.0,1,6.67,0.03,SPY220916C00497000,497.0,normalDay
2022-08-01,14531.0,-2459.0,0.0,100,410.77,442.0,0,0.0,0.0,,0.0,1,6.67,0.03,SPY220916C00497000,497.0,normalDay
2022-08-02,14531.0,-2729.0,0.0,100,408.06,442.0,0,0.0,0.0,,0.0,1,6.67,0.02,SPY220916C00497000,497.0,normalDay
2022-08-03,14531.0,-2090.0,0.0,100,414.45,442.0,0,0.0,0.0,,0.0,1,6.67,0.02,SPY220916C00497000,497.0,normalDay
2022-08-04,14531.0,-2118.0,0.0,100,414.17,442.0,0,0.0,0.0,,0.0,1,6.67,0.02,SPY220916C00497000,497.0,normalDay
2022-08-05,14531.0,-2187.0,0.0,100,413.47,442.0,0,0.0,0.0,,0.0,1,6.67,0.01,SPY220916C00497000,497.0,normalDay
2022-08-08,14531.0,-2235.0,0.0,100,412.99,442.0,0,0.0,0.0,,0.0,1,6.67,0.01,SPY220916C00497000,497.0,normalDay
2022-08-09,14531.0,-2399.0,0.0,100,411.35,442.0,0,0.0,0.0,,0.0,1,6.67,0.01,SPY220916C00497000,497.0,normalDay
2022-08-10,14531.0,-1536.0,0.0,100,419.99,442.0,0,0.0,0.0,,0.0,1,6.67,0.02,SPY220916C00497000,497.0,normalDay
2022-08-11,14531.0,-1536.0,0.0,100,419.99,442.0,0,0.0,0.0,,0.0,1,6.67,0.02,SPY220916C00497000,497.0,normalDay
2022-08-12,14531.0,-825.0,0.0,100,427.1,442.0,0,0.0,0.0,,0.0,1,6.67,0.02,SPY220916C00497000,497.0,normalDay
2022-08-15,14531.0,-649.0,0.0,100,428.86,442.0,0,0.0,0.0,,0.0,1,6.67,0.02,SPY220916C00497000,497.0,normalDay
2022-08-16,14531.0,-565.0,0.0,100,429.7,442.0,0,0.0,0.0,,0.0,1,6.67,0.02,SPY220916C00497000,497.0,normalDay
2022-08-17,14531.0,-870.0,0.0,100,426.65,442.0,0,0.0,0.0,,0.0,1,6.67,0.02,SPY220916C00497000,497.0,normalDay
2022-08-18,14531.0,-745.0,0.0,100,427.89,442.0,0,0.0,0.0,,0.0,1,6.67,0.01,SPY220916C00497000,497.0,normalDay
2022-08-19,14531.0,-1320.0,0.0,100,422.14,442.0,0,0.0,0.0,,0.0,1,6.67,0.01,SPY220916C00497000,497.0,normalDay
2022-08-22,14531.0,-2199.0,0.0,100,413.35,442.0,0,0.0,0.0,,0.0,1,6.67,0.01,SPY220916C00497000,497.0,normalDay
2022-08-23,14531.0,-2299.0,0.0,100,412.35,442.0,0,0.0,0.0,,0.0,1,6.67,0.01,SPY220916C00497000,497.0,normalDay
2022-08-24,14531.0,-2167.0,0.0,100,413.67,442.0,0,0.0,0.0,,0.0,1,6.67,0.01,SPY220916C00497000,497.0,normalDay
2022-08-25,14531.0,-1583.0,0.0,100,419.51,442.0,0,0.0,0.0,,0.0,1,6.67,0.01,SPY220916C00497000,497.0,normalDay
2022-08-26,14531.0,-3003.0,0.0,100,405.31,442.0,0,0.0,0.0,,0.0,1,6.67,0.01,SPY220916C00497000,497.0,normalDay
2022-08-29,14531.0,-3271.0,0.0,100,402.63,442.0,0,0.0,0.0,,0.0,1,6.67,0.01,SPY220916C00497000,497.0,normalDay
2022-08-30,14531.0,-3713.0,0.0,100,398.21,442.0,0,0.0,0.0,,0.0,1,6.67,0.01,SPY220916C00497000,497.0,normalDay
2022-08-31,14531.0,-4016.0,0.0,100,395.18,442.0,0,0.0,0.0,,0.0,1,6.67,0.01,SPY220916C00497000,497.0,normalDay
2022-09-01,14531.0,-3892.0,0.0,100,396.42,442.0,0,0.0,0.0,,0.0,1,6.67,0.01,SPY220916C00497000,497.0,normalDay
2022-09-02,14531.0,-4310.0,0.0,100,392.24,442.0,0,0.0,0.0,,0.0,1,6.67,0.01,SPY220916C00497000,497.0,normalDay
2022-09-06,14531.0,-4458.0,0.0,100,390.76,442.0,0,0.0,0.0,,0.0,1,6.67,0.01,SPY220916C00497000,497.0,normalDay
2022-09-07,14531.0,-3756.0,0.0,100,397.78,442.0,0,0.0,0.0,,0.0,1,6.67,0.01,SPY220916C00497000,497.0,normalDay
2022-09-08,14531.0,-3496.0,0.0,100,400.38,442.0,0,0.0,0.0,,0.0,1,6.67,0.01,SPY220916C00497000,497.0,normalDay
2022-09-09,14531.0,-2874.0,0.0,100,406.6,442.0,0,0.0,0.0,,0.0,1,6.67,0.01,SPY220916C00497000,497.0,normalDay
2022-09-12,14531.0,-2437.0,0.0,100,410.97,442.0,0,0.0,0.0,,0.0,1,6.67,0.01,SPY220916C00497000,497.0,normalDay
2022-09-13,14531.0,-4224.0,0.0,100,393.1,442.0,0,0.0,0.0,,0.0,1,6.67,0.01,SPY220916C00497000,497.0,normalDay
2022-09-14,14531.0,-4074.0,0.0,100,394.6,442.0,0,0.0,0.0,,0.0,1,6.67,0.01,SPY220916C00497000,497.0,normalDay
2022-09-15,14531.0,-4522.0,0.0,100,390.12,442.0,0,0.0,0.0,,0.0,1,6.67,0.01,SPY220916C00497000,497.0,normalDay
2022-09-16,15198.0,-5644.0,667.0,100,385.56,442.0,0,0.0,0.0,,0.0,1,6.67,0.0,SPY220916C00497000,497.0,expirationDay
2022-09-19,15198.0,-5370.0,0.0,100,388.55,442.0,0,0.0,0.0,,0.0,1,11.69,11.94,SPY230331C00427000,427.0,normalDay
2022-09-20,15198.0,-5692.0,0.0,100,384.09,442.0,0,0.0,0.0,,0.0,1,11.69,10.7,SPY230331C00427000,427.0,normalDay
2022-09-21,15198.0,-6147.0,0.0,100,377.39,442.0,0,0.0,0.0,,0.0,1,11.69,8.55,SPY230331C00427000,427.0,normalDay
2022-09-22,15198.0,-6358.0,0.0,100,374.22,442.0,0,0.0,0.0,,0.0,1,11.69,7.49,SPY230331C00427000,427.0,normalDay
2022-09-23,15198.0,-6861.0,0.0,100,367.95,442.0,0,0.0,0.0,,0.0,1,11.69,6.25,SPY230331C00427000,427.0,normalDay
2022-09-26,15198.0,-7164.0,0.0,100,364.31,442.0,0,0.0,0.0,,0.0,1,11.69,5.64,SPY230331C00427000,427.0,normalDay
2022-09-27,15198.0,-7229.0,0.0,100,363.38,442.0,0,0.0,0.0,,0.0,1,11.69,5.36,SPY230331C00427000,427.0,normalDay
2022-09-28,15198.0,-6639.0,0.0,100,370.53,442.0,0,0.0,0.0,,0.0,1,11.69,6.61,SPY230331C00427000,427.0,normalDay
2022-09-29,15198.0,-7246.0,0.0,100,362.79,442.0,0,0.0,0.0,,0.0,1,11.69,4.94,SPY230331C00427000,427.0,normalDay
2022-09-30,15198.0,-7707.0,0.0,100,357.18,442.0,0,0.0,0.0,,0.0,1,11.69,3.94,SPY230331C00427000,427.0,normalDay
2022-10-03,15198.0,-6902.0,0.0,100,366.61,442.0,0,0.0,0.0,,0.0,1,11.69,5.32,SPY230331C00427000,427.0,normalDay
2022-10-04,15198.0,-6028.0,0.0,100,377.97,442.0,0,0.0,0.0,,0.0,1,11.69,7.94,SPY230331C00427000,427.0,normalDay
2022-10-05,15198.0,-6103.0,0.0,100,377.09,442.0,0,0.0,0.0,,0.0,1,11.69,7.81,SPY230331C00427000,427.0,normalDay
2022-10-06,15198.0,-6405.0,0.0,100,373.2,442.0,0,0.0,0.0,,0.0,1,11.69,6.94,SPY230331C00427000,427.0,normalDay
2022-10-07,15198.0,-7212.0,0.0,100,362.79,442.0,0,0.0,0.0,,0.0,1,11.69,4.6,SPY230331C00427000,427.0,normalDay
2022-10-10,15198.0,-7480.0,0.0,100,360.02,442.0,0,0.0,0.0,,0.0,1,11.69,4.51,SPY230331C00427000,427.0,normalDay
2022-10-11,15198.0,-7690.0,0.0,100,357.74,442.0,0,0.0,0.0,,0.0,1,11.69,4.33,SPY230331C00427000,427.0,normalDay
2022-10-12,15198.0,-7794.0,0.0,100,356.56,442.0,0,0.0,0.0,,0.0,1,11.69,4.19,SPY230331C00427000,427.0,normalDay
2022-10-13,15198.0,-7023.0,0.0,100,365.97,442.0,0,0.0,0.0,,0.0,1,11.69,5.89,SPY230331C00427000,427.0,normalDay
2022-10-14,15198.0,-7696.0,0.0,100,357.63,442.0,0,0.0,0.0,,0.0,1,11.69,4.28,SPY230331C00427000,427.0,normalDay
2022-10-17,15198.0,-6955.0,0.0,100,366.82,442.0,0,0.0,0.0,,0.0,1,11.69,6.06,SPY230331C00427000,427.0,normalDay
2022-10-18,15198.0,-6623.0,0.0,100,371.13,442.0,0,0.0,0.0,,0.0,1,11.69,7.05,SPY230331C00427000,427.0,normalDay
2022-10-19,15198.0,-6795.0,0.0,100,368.5,442.0,0,0.0,0.0,,0.0,1,11.69,6.14,SPY230331C00427000,427.0,normalDay
2022-10-20,15198.0,-7030.0,0.0,100,365.41,442.0,0,0.0,0.0,,0.0,1,11.69,5.4,SPY230331C00427000,427.0,normalDay
2022-10-21,15198.0,-6359.0,0.0,100,374.29,442.0,0,0.0,0.0,,0.0,1,11.69,7.57,SPY230331C00427000,427.0,normalDay
2022-10-24,15198.0,-6013.0,0.0,100,378.87,442.0,0,0.0,0.0,,0.0,1,11.69,8.69,SPY230331C00427000,427.0,normalDay
2022-10-25,15198.0,-5499.0,0.0,100,384.92,442.0,0,0.0,0.0,,0.0,1,11.69,9.6,SPY230331C00427000,427.0,normalDay
2022-10-26,15198.0,-5728.0,0.0,100,382.02,442.0,0,0.0,0.0,,0.0,1,11.69,8.99,SPY230331C00427000,427.0,normalDay
2022-10-27,15198.0,-5736.0,0.0,100,379.98,442.0,0,0.0,0.0,,0.0,1,11.69,7.03,SPY230331C00427000,427.0,normalDay
2022-10-28,15198.0,-5150.0,0.0,100,389.02,442.0,0,0.0,0.0,,0.0,1,11.69,10.21,SPY230331C00427000,427.0,normalDay
2022-10-31,15198.0,-5303.0,0.0,100,386.21,442.0,0,0.0,0.0,,0.0,1,11.69,8.93,SPY230331C00427000,427.0,normalDay
2022-11-01,15198.0,-5392.0,0.0,100,384.52,442.0,0,0.0,0.0,,0.0,1,11.69,8.13,SPY230331C00427000,427.0,normalDay
2022-11-02,15198.0,-6129.0,0.0,100,374.87,442.0,0,0.0,0.0,,0.0,1,11.69,5.85,SPY230331C00427000,427.0,normalDay
2022-11-03,15198.0,-6401.0,0.0,100,371.01,442.0,0,0.0,0.0,,0.0,1,11.69,4.71,SPY230331C00427000,427.0,normalDay
2022-11-04,15198.0,-5962.0,0.0,100,376.35,442.0,0,0.0,0.0,,0.0,1,11.69,5.66,SPY230331C00427000,427.0,normalDay
2022-11-07,15198.0,-5667.0,0.0,100,379.95,442.0,0,0.0,0.0,,0.0,1,11.69,6.31,SPY230331C00427000,427.0,normalDay
2022-11-08,15198.0,-5519.0,0.0,100,382.0,442.0,0,0.0,0.0,,0.0,1,11.69,6.88,SPY230331C00427000,427.0,normalDay
2022-11-09,15198.0,-6137.0,0.0,100,374.13,442.0,0,0.0,0.0,,0.0,1,11.69,5.19,SPY230331C00427000,427.0,normalDay
2022-11-10,15198.0,-4625.0,0.0,100,394.69,442.0,0,0.0,0.0,,0.0,1,11.69,10.63,SPY230331C00427000,427.0,normalDay
2022-11-11,15198.0,-4297.0,0.0,100,398.51,442.0,0,0.0,0.0,,0.0,1,11.69,11.17,SPY230331C00427000,427.0,normalDay
2022-11-14,15198.0,-4512.0,0.0,100,395.12,442.0,0,0.0,0.0,,0.0,1,11.69,9.93,SPY230331C00427000,427.0,normalDay
2022-11-15,15198.0,-4273.0,0.0,100,398.49,442.0,0,0.0,0.0,,0.0,1,11.69,10.91,SPY230331C00427000,427.0,normalDay
2022-11-16,15198.0,-4441.0,0.0,100,395.45,442.0,0,0.0,0.0,,0.0,1,11.69,9.55,SPY230331C00427000,427.0,normalDay
2022-11-17,15198.0,-4507.0,0.0,100,394.24,442.0,0,0.0,0.0,,0.0,1,11.69,9.0,SPY230331C00427000,427.0,normalDay
2022-11-18,15198.0,-4344.0,0.0,100,396.03,442.0,0,0.0,0.0,,0.0,1,11.69,9.16,SPY230331C00427000,427.0,normalDay
2022-11-21,15198.0,-4400.0,0.0,100,394.59,442.0,0,0.0,0.0,,0.0,1,11.69,8.28,SPY230331C00427000,427.0,normalDay
2022-11-22,15198.0,-3996.0,0.0,100,399.9,442.0,0,0.0,0.0,,0.0,1,11.69,9.55,SPY230331C00427000,427.0,normalDay
2022-11-23,15198.0,-3794.0,0.0,100,402.42,442.0,0,0.0,0.0,,0.0,1,11.69,10.05,SPY230331C00427000,427.0,normalDay
2022-11-25,15198.0,-3791.0,0.0,100,402.33,442.0,0,0.0,0.0,,0.0,1,11.69,9.93,SPY230331C00427000,427.0,normalDay
2022-11-28,15198.0,-4229.0,0.0,100,395.91,442.0,0,0.0,0.0,,0.0,1,11.69,7.89,SPY230331C00427000,427.0,normalDay
2022-11-29,15198.0,-4251.0,0.0,100,395.23,442.0,0,0.0,0.0,,0.0,1,11.69,7.43,SPY230331C00427000,427.0,normalDay
2022-11-30,15198.0,-3441.0,0.0,100,407.68,442.0,0,0.0,0.0,,0.0,1,11.69,11.78,SPY230331C00427000,427.0,normalDay
2022-12-01,15198.0,-3404.0,0.0,100,407.38,442.0,0,0.0,0.0,,0.0,1,11.69,11.11,SPY230331C00427000,427.0,normalDay
2022-12-02,15198.0,-3385.0,0.0,100,406.91,442.0,0,0.0,0.0,,0.0,1,11.69,10.45,SPY230331C00427000,427.0,normalDay
2022-12-05,15198.0,-3858.0,0.0,100,399.59,442.0,0,0.0,0.0,,0.0,1,11.69,7.86,SPY230331C00427000,427.0,normalDay
2022-12-06,15198.0,-4281.0,0.0,100,393.83,442.0,0,0.0,0.0,,0.0,1,11.69,6.33,SPY230331C00427000,427.0,normalDay
2022-12-07,15198.0,-4337.0,0.0,100,393.16,442.0,0,0.0,0.0,,0.0,1,11.69,6.22,SPY230331C00427000,427.0,normalDay
2022-12-08,15198.0,-4089.0,0.0,100,396.24,442.0,0,0.0,0.0,,0.0,1,11.69,6.82,SPY230331C00427000,427.0,normalDay
2022-12-09,15198.0,-4314.0,0.0,100,393.28,442.0,0,0.0,0.0,,0.0,1,11.69,6.11,SPY230331C00427000,427.0,normalDay
2022-12-12,15198.0,-3923.0,0.0,100,398.95,442.0,0,0.0,0.0,,0.0,1,11.69,7.87,SPY230331C00427000,427.0,normalDay
2022-12-13,15198.0,-3670.0,0.0,100,401.97,442.0,0,0.0,0.0,,0.0,1,11.69,8.36,SPY230331C00427000,427.0,normalDay
2022-12-14,15198.0,-3838.0,0.0,100,399.4,442.0,0,0.0,0.0,,0.0,1,11.69,7.47,SPY230331C00427000,427.0,normalDay
2022-12-15,15198.0,-4520.0,0.0,100,389.63,442.0,0,0.0,0.0,,0.0,1,11.69,4.52,SPY230331C00427000,427.0,normalDay
2022-12-16,15198.0,-5048.0,0.0,100,383.27,442.0,0,0.0,0.0,,0.0,1,11.69,3.44,SPY230331C00427000,427.0,normalDay
2022-12-19,15198.0,-5302.0,0.0,100,380.02,442.0,0,0.0,0.0,,0.0,1,11.69,2.73,SPY230331C00427000,427.0,normalDay
2022-12-20,15198.0,-5243.0,0.0,100,380.54,442.0,0,0.0,0.0,,0.0,1,11.69,2.66,SPY230331C00427000,427.0,normalDay
2022-12-21,15198.0,-4733.0,0.0,100,386.23,442.0,0,0.0,0.0,,0.0,1,11.69,3.25,SPY230331C00427000,427.0,normalDay
2022-12-22,15198.0,-5224.0,0.0,100,380.72,442.0,0,0.0,0.0,,0.0,1,11.69,2.65,SPY230331C00427000,427.0,normalDay
2022-12-23,15198.0,-5009.0,0.0,100,382.91,442.0,0,0.0,0.0,,0.0,1,11.69,2.69,SPY230331C00427000,427.0,normalDay
2022-12-27,15198.0,-5136.0,0.0,100,381.4,442.0,0,0.0,0.0,,0.0,1,11.69,2.45,SPY230331C00427000,427.0,normalDay
2022-12-28,15198.0,-5546.0,0.0,100,376.66,442.0,0,0.0,0.0,,0.0,1,11.69,1.81,SPY230331C00427000,427.0,normalDay
2022-12-29,15198.0,-4938.0,0.0,100,383.44,442.0,0,0.0,0.0,,0.0,1,11.69,2.51,SPY230331C00427000,427.0,normalDay
2022-12-30,15198.0,-5031.0,0.0,100,382.43,442.0,0,0.0,0.0,,0.0,1,11.69,2.43,SPY230331C00427000,427.0,normalDay
2023-01-03,15198.0,-5145.0,0.0,100,380.82,442.0,0,0.0,0.0,,0.0,1,11.69,1.96,SPY230331C00427000,427.0,normalDay
2023-01-04,15198.0,-4872.0,0.0,100,383.76,442.0,0,0.0,0.0,,0.0,1,11.69,2.17,SPY230331C00427000,427.0,normalDay
2023-01-05,15198.0,-5248.0,0.0,100,379.38,442.0,0,0.0,0.0,,0.0,1,11.69,1.55,SPY230331C00427000,427.0,normalDay
2023-01-06,15198.0,-4467.0,0.0,100,388.08,442.0,0,0.0,0.0,,0.0,1,11.69,2.44,SPY230331C00427000,427.0,normalDay
2023-01-09,15198.0,-4480.0,0.0,100,387.86,442.0,0,0.0,0.0,,0.0,1,11.69,2.35,SPY230331C00427000,427.0,normalDay
2023-01-10,15198.0,-4217.0,0.0,100,390.58,442.0,0,0.0,0.0,,0.0,1,11.69,2.44,SPY230331C00427000,427.0,normalDay
2023-01-11,15198.0,-3822.0,0.0,100,395.52,442.0,0,0.0,0.0,,0.0,1,11.69,3.43,SPY230331C00427000,427.0,normalDay
2023-01-12,15198.0,-3644.0,0.0,100,396.96,442.0,0,0.0,0.0,,0.0,1,11.69,3.09,SPY230331C00427000,427.0,normalDay
2023-01-13,15198.0,-3467.0,0.0,100,398.5,442.0,0,0.0,0.0,,0.0,1,11.69,2.86,SPY230331C00427000,427.0,normalDay
2023-01-17,15198.0,-3511.0,0.0,100,397.77,442.0,0,0.0,0.0,,0.0,1,11.69,2.57,SPY230331C00427000,427.0,normalDay
2023-01-18,15198.0,-4049.0,0.0,100,391.49,442.0,0,0.0,0.0,,0.0,1,11.69,1.67,SPY230331C00427000,427.0,normalDay
2023-01-19,15198.0,-4289.0,0.0,100,388.64,442.0,0,0.0,0.0,,0.0,1,11.69,1.22,SPY230331C00427000,427.0,normalDay
2023-01-20,15198.0,-3641.0,0.0,100,395.88,442.0,0,0.0,0.0,,0.0,1,11.69,1.98,SPY230331C00427000,427.0,normalDay
2023-01-23,15198.0,-3246.0,0.0,100,400.63,442.0,0,0.0,0.0,,0.0,1,11.69,2.78,SPY230331C00427000,427.0,normalDay
2023-01-24,15198.0,-3284.0,0.0,100,400.2,442.0,0,0.0,0.0,,0.0,1,11.69,2.73,SPY230331C00427000,427.0,normalDay
2023-01-25,15198.0,-3243.0,0.0,100,400.35,442.0,0,0.0,0.0,,0.0,1,11.69,2.47,SPY230331C00427000,427.0,normalDay
2023-01-26,15198.0,-2879.0,0.0,100,404.75,442.0,0,0.0,0.0,,0.0,1,11.69,3.23,SPY230331C00427000,427.0,normalDay
2023-01-27,15198.0,-2798.0,0.0,100,405.68,442.0,0,0.0,0.0,,0.0,1,11.69,3.35,SPY230331C00427000,427.0,normalDay
2023-01-30,15198.0,-3223.0,0.0,100,400.59,442.0,0,0.0,0.0,,0.0,1,11.69,2.51,SPY230331C00427000,427.0,normalDay
2023-01-31,15198.0,-2719.0,0.0,100,406.48,442.0,0,0.0,0.0,,0.0,1,11.69,3.36,SPY230331C00427000,427.0,normalDay
2023-02-01,15198.0,-2411.0,0.0,100,410.8,442.0,0,0.0,0.0,,0.0,1,11.69,4.6,SPY230331C00427000,427.0,normalDay
2023-02-02,15198.0,-1999.0,0.0,100,416.78,442.0,0,0.0,0.0,,0.0,1,11.69,6.46,SPY230331C00427000,427.0,normalDay
2023-02-03,15198.0,-2286.0,0.0,100,412.35,442.0,0,0.0,0.0,,0.0,1,11.69,4.9,SPY230331C00427000,427.0,normalDay
2023-02-06,15198.0,-2465.0,0.0,100,409.83,442.0,0,0.0,0.0,,0.0,1,11.69,4.17,SPY230331C00427000,427.0,normalDay
2023-02-07,15198.0,-2058.0,0.0,100,415.19,442.0,0,0.0,0.0,,0.0,1,11.69,5.46,SPY230331C00427000,427.0,normalDay
2023-02-08,15198.0,-2409.0,0.0,100,410.65,442.0,0,0.0,0.0,,0.0,1,11.69,4.43,SPY230331C00427000,427.0,normalDay
2023-02-09,15198.0,-2678.0,0.0,100,407.09,442.0,0,0.0,0.0,,0.0,1,11.69,3.56,SPY230331C00427000,427.0,normalDay
2023-02-10,15198.0,-2590.0,0.0,100,408.04,442.0,0,0.0,0.0,,0.0,1,11.69,3.63,SPY230331C00427000,427.0,normalDay
2023-02-13,15198.0,-2231.0,0.0,100,412.83,442.0,0,0.0,0.0,,0.0,1,11.69,4.83,SPY230331C00427000,427.0,normalDay
2023-02-14,15198.0,-2154.0,0.0,100,412.64,442.0,0,0.0,0.0,,0.0,1,11.69,3.87,SPY230331C00427000,427.0,normalDay
2023-02-15,15198.0,-2046.0,0.0,100,413.98,442.0,0,0.0,0.0,,0.0,1,11.69,4.13,SPY230331C00427000,427.0,normalDay
2023-02-16,15198.0,-2460.0,0.0,100,408.28,442.0,0,0.0,0.0,,0.0,1,11.69,2.57,SPY230331C00427000,427.0,normalDay
2023-02-17,15198.0,-2523.0,0.0,100,407.26,442.0,0,0.0,0.0,,0.0,1,11.69,2.18,SPY230331C00427000,427.0,normalDay
2023-02-21,15198.0,-3225.0,0.0,100,399.09,442.0,0,0.0,0.0,,0.0,1,11.69,1.03,SPY230331C00427000,427.0,normalDay
2023-02-22,15198.0,-3254.0,0.0,100,398.54,442.0,0,0.0,0.0,,0.0,1,11.69,0.77,SPY230331C00427000,427.0,normalDay
2023-02-23,15198.0,-3046.0,0.0,100,400.66,442.0,0,0.0,0.0,,0.0,1,11.69,0.81,SPY230331C00427000,427.0,normalDay
2023-02-24,15198.0,-3444.0,0.0,100,396.38,442.0,0,0.0,0.0,,0.0,1,11.69,0.51,SPY230331C00427000,427.0,normalDay
2023-02-27,15198.0,-3306.0,0.0,100,397.73,442.0,0,0.0,0.0,,0.0,1,11.69,0.48,SPY230331C00427000,427.0,normalDay
2023-02-28,15198.0,-3438.0,0.0,100,396.26,442.0,0,0.0,0.0,,0.0,1,11.69,0.33,SPY230331C00427000,427.0,normalDay
2023-03-01,15198.0,-3584.0,0.0,100,394.74,442.0,0,0.0,0.0,,0.0,1,11.69,0.27,SPY230331C00427000,427.0,normalDay
2023-03-02,15198.0,-3283.0,0.0,100,397.81,442.0,0,0.0,0.0,,0.0,1,11.69,0.33,SPY230331C00427000,427.0,normalDay
2023-03-03,15198.0,-2683.0,0.0,100,404.19,442.0,0,0.0,0.0,,0.0,1,11.69,0.71,SPY230331C00427000,427.0,normalDay
2023-03-06,15198.0,-2651.0,0.0,100,404.47,442.0,0,0.0,0.0,,0.0,1,11.69,0.67,SPY230331C00427000,427.0,normalDay
2023-03-07,15198.0,-3234.0,0.0,100,398.27,442.0,0,0.0,0.0,,0.0,1,11.69,0.3,SPY230331C00427000,427.0,normalDay
2023-03-08,15198.0,-3165.0,0.0,100,398.92,442.0,0,0.0,0.0,,0.0,1,11.69,0.26,SPY230331C00427000,427.0,normalDay
2023-03-09,15198.0,-3890.0,0.0,100,391.56,442.0,0,0.0,0.0,,0.0,1,11.69,0.15,SPY230331C00427000,427.0,normalDay
2023-03-10,15198.0,-4447.0,0.0,100,385.91,442.0,0,0.0,0.0,,0.0,1,11.69,0.07,SPY230331C00427000,427.0,normalDay
2023-03-13,15198.0,-4503.0,0.0,100,385.36,442.0,0,0.0,0.0,,0.0,1,11.69,0.08,SPY230331C00427000,427.0,normalDay
2023-03-14,15198.0,-3864.0,0.0,100,391.73,442.0,0,0.0,0.0,,0.0,1,11.69,0.06,SPY230331C00427000,427.0,normalDay
2023-03-15,15198.0,-4108.0,0.0,100,389.28,442.0,0,0.0,0.0,,0.0,1,11.69,0.05,SPY230331C00427000,427.0,normalDay
2023-03-16,15198.0,-3429.0,0.0,100,396.11,442.0,0,0.0,0.0,,0.0,1,11.69,0.09,SPY230331C00427000,427.0,normalDay
2023-03-17,15198.0,-4036.0,0.0,100,389.99,442.0,0,0.0,0.0,,0.0,1,11.69,0.04,SPY230331C00427000,427.0,normalDay
2023-03-20,15198.0,-3661.0,0.0,100,393.74,442.0,0,0.0,0.0,,0.0,1,11.69,0.04,SPY230331C00427000,427.0,normalDay
2023-03-21,15198.0,-3148.0,0.0,100,398.91,442.0,0,0.0,0.0,,0.0,1,11.69,0.08,SPY230331C00427000,427.0,normalDay
2023-03-22,15198.0,-3822.0,0.0,100,392.11,442.0,0,0.0,0.0,,0.0,1,11.69,0.02,SPY230331C00427000,427.0,normalDay
2023-03-23,15198.0,-3716.0,0.0,100,393.17,442.0,0,0.0,0.0,,0.0,1,11.69,0.02,SPY230331C00427000,427.0,normalDay
2023-03-24,15198.0,-3457.0,0.0,100,395.75,442.0,0,0.0,0.0,,0.0,1,11.69,0.01,SPY230331C00427000,427.0,normalDay
2023-03-27,15198.0,-3383.0,0.0,100,396.49,442.0,0,0.0,0.0,,0.0,1,11.69,0.01,SPY230331C00427000,427.0,normalDay
2023-03-28,15198.0,-3472.0,0.0,100,395.6,442.0,0,0.0,0.0,,0.0,1,11.69,0.01,SPY230331C00427000,427.0,normalDay
2023-03-29,15198.0,-2897.0,0.0,100,401.35,442.0,0,0.0,0.0,,0.0,1,11.69,0.01,SPY230331C00427000,427.0,normalDay
2023-03-30,15198.0,-2662.0,0.0,100,403.7,442.0,0,0.0,0.0,,0.0,1,11.69,0.01,SPY230331C00427000,427.0,normalDay
2023-03-31,16367.0,-3261.0,1169.0,100,409.39,442.0,0,0.0,0.0,,0.0,1,11.69,0.0,SPY230331C00427000,427.0,expirationDay
2023-04-03,16367.0,-3174.0,0.0,100,410.95,442.0,0,0.0,0.0,,0.0,1,24.04,24.73,SPY231020C00415000,415.0,normalDay
2023-04-04,16367.0,-3258.0,0.0,100,408.67,442.0,0,0.0,0.0,,0.0,1,24.04,23.29,SPY231020C00415000,415.0,normalDay
2023-04-05,16367.0,-3291.0,0.0,100,407.6,442.0,0,0.0,0.0,,0.0,1,24.04,22.55,SPY231020C00415000,415.0,normalDay
2023-04-06,16367.0,-3184.0,0.0,100,409.19,442.0,0,0.0,0.0,,0.0,1,24.04,23.07,SPY231020C00415000,415.0,normalDay
2023-04-10,16367.0,-3197.0,0.0,100,409.61,442.0,0,0.0,0.0,,0.0,1,24.04,23.62,SPY231020C00415000,415.0,normalDay
2023-04-11,16367.0,-3189.0,0.0,100,409.72,442.0,0,0.0,0.0,,0.0,1,24.04,23.65,SPY231020C00415000,415.0,normalDay
2023-04-12,16367.0,-3176.0,0.0,100,408.05,442.0,0,0.0,0.0,,0.0,1,24.04,21.85,SPY231020C00415000,415.0,normalDay
2023-04-13,16367.0,-2950.0,0.0,100,413.47,442.0,0,0.0,0.0,,0.0,1,24.04,25.01,SPY231020C00415000,415.0,normalDay
2023-04-14,16367.0,-2979.0,0.0,100,412.46,442.0,0,0.0,0.0,,0.0,1,24.04,24.29,SPY231020C00415000,415.0,normalDay
2023-04-17,16367.0,-2869.0,0.0,100,413.94,442.0,0,0.0,0.0,,0.0,1,24.04,24.67,SPY231020C00415000,415.0,normalDay
2023-04-18,16367.0,-2822.0,0.0,100,414.21,442.0,0,0.0,0.0,,0.0,1,24.04,24.47,SPY231020C00415000,415.0,normalDay
2023-04-19,16367.0,-2820.0,0.0,100,414.14,442.0,0,0.0,0.0,,0.0,1,24.04,24.38,SPY231020C00415000,415.0,normalDay
2023-04-20,16367.0,-2927.0,0.0,100,411.88,442.0,0,0.0,0.0,,0.0,1,24.04,23.19,SPY231020C00415000,415.0,normalDay
2023-04-21,16367.0,-2886.0,0.0,100,412.2,442.0,0,0.0,0.0,,0.0,1,24.04,23.1,SPY231020C00415000,415.0,normalDay
2023-04-24,16367.0,-2865.0,0.0,100,412.63,442.0,0,0.0,0.0,,0.0,1,24.04,23.32,SPY231020C00415000,415.0,normalDay
2023-04-25,16367.0,-3215.0,0.0,100,406.08,442.0,0,0.0,0.0,,0.0,1,24.04,20.27,SPY231020C00415000,415.0,normalDay
2023-04-26,16367.0,-3212.0,0.0,100,404.36,442.0,0,0.0,0.0,,0.0,1,24.04,18.52,SPY231020C00415000,415.0,normalDay
2023-04-27,16367.0,-2897.0,0.0,100,412.41,442.0,0,0.0,0.0,,0.0,1,24.04,23.42,SPY231020C00415000,415.0,normalDay
2023-04-28,16367.0,-2668.0,0.0,100,415.93,442.0,0,0.0,0.0,,0.0,1,24.04,24.65,SPY231020C00415000,415.0,normalDay
2023-05-01,16367.0,-2670.0,0.0,100,415.51,442.0,0,0.0,0.0,,0.0,1,24.04,24.25,SPY231020C00415000,415.0,normalDay
2023-05-02,16367.0,-2854.0,0.0,100,410.84,442.0,0,0.0,0.0,,0.0,1,24.04,21.42,SPY231020C00415000,415.0,normalDay
2023-05-03,16367.0,-3019.0,0.0,100,408.02,442.0,0,0.0,0.0,,0.0,1,24.04,20.25,SPY231020C00415000,415.0,normalDay
2023-05-04,16367.0,-3122.0,0.0,100,405.13,442.0,0,0.0,0.0,,0.0,1,24.04,18.39,SPY231020C00415000,415.0,normalDay
2023-05-05,16367.0,-2734.0,0.0,100,412.63,442.0,0,0.0,0.0,,0.0,1,24.04,22.01,SPY231020C00415000,415.0,normalDay
2023-05-08,16367.0,-2707.0,0.0,100,412.74,442.0,0,0.0,0.0,,0.0,1,24.04,21.85,SPY231020C00415000,415.0,normalDay
2023-05-09,16367.0,-2816.0,0.0,100,410.93,442.0,0,0.0,0.0,,0.0,1,24.04,21.13,SPY231020C00415000,415.0,normalDay
2023-05-10,16367.0,-2692.0,0.0,100,412.85,442.0,0,0.0,0.0,,0.0,1,24.04,21.81,SPY231020C00415000,415.0,normalDay
2023-05-11,16367.0,-2660.0,0.0,100,412.13,442.0,0,0.0,0.0,,0.0,1,24.04,20.77,SPY231020C00415000,415.0,normalDay
2023-05-12,16367.0,-2663.0,0.0,100,411.59,442.0,0,0.0,0.0,,0.0,1,24.04,20.26,SPY231020C00415000,415.0,normalDay
2023-05-15,16367.0,-2577.0,0.0,100,413.01,442.0,0,0.0,0.0,,0.0,1,24.04,20.82,SPY231020C00415000,415.0,normalDay
2023-05-16,16367.0,-2707.0,0.0,100,410.25,442.0,0,0.0,0.0,,0.0,1,24.04,19.36,SPY231020C00415000,415.0,normalDay
2023-05-17,16367.0,-2453.0,0.0,100,415.23,442.0,0,0.0,0.0,,0.0,1,24.04,21.8,SPY231020C00415000,415.0,normalDay
2023-05-18,16367.0,-2275.0,0.0,100,419.23,442.0,0,0.0,0.0,,0.0,1,24.04,24.02,SPY231020C00415000,415.0,normalDay
2023-05-19,16367.0,-2308.0,0.0,100,418.62,442.0,0,0.0,0.0,,0.0,1,24.04,23.74,SPY231020C00415000,415.0,normalDay
2023-05-22,16367.0,-2321.0,0.0,100,418.79,442.0,0,0.0,0.0,,0.0,1,24.04,24.04,SPY231020C00415000,415.0,normalDay
2023-05-23,16367.0,-2493.0,0.0,100,414.09,442.0,0,0.0,0.0,,0.0,1,24.04,21.06,SPY231020C00415000,415.0,normalDay
2023-05-24,16367.0,-2633.0,0.0,100,411.09,442.0,0,0.0,0.0,,0.0,1,24.04,19.46,SPY231020C00415000,415.0,normalDay
2023-05-25,16367.0,-2443.0,0.0,100,414.65,442.0,0,0.0,0.0,,0.0,1,24.04,21.12,SPY231020C00415000,415.0,normalDay
2023-05-26,16367.0,-2251.0,0.0,100,420.02,442.0,0,0.0,0.0,,0.0,1,24.04,24.57,SPY231020C00415000,415.0,normalDay
2023-05-30,16367.0,-2195.0,0.0,100,420.18,442.0,0,0.0,0.0,,0.0,1,24.04,24.17,SPY231020C00415000,415.0,normalDay
2023-05-31,16367.0,-2235.0,0.0,100,417.85,442.0,0,0.0,0.0,,0.0,1,24.04,22.24,SPY231020C00415000,415.0,normalDay
2023-06-01,16367.0,-2056.0,0.0,100,421.82,442.0,0,0.0,0.0,,0.0,1,24.04,24.42,SPY231020C00415000,415.0,normalDay
2023-06-02,16367.0,-1840.0,0.0,100,427.92,442.0,0,0.0,0.0,,0.0,1,24.04,28.36,SPY231020C00415000,415.0,normalDay
2023-06-05,16367.0,-1826.0,0.0,100,427.1,442.0,0,0.0,0.0,,0.0,1,24.04,27.4,SPY231020C00415000,415.0,normalDay
2023-06-06,16367.0,-1765.0,0.0,100,428.03,442.0,0,0.0,0.0,,0.0,1,24.04,27.72,SPY231020C00415000,415.0,normalDay
2023-06-07,16367.0,-1767.0,0.0,100,426.55,442.0,0,0.0,0.0,,0.0,1,24.04,26.26,SPY231020C00415000,415.0,normalDay
2023-06-08,16367.0,-1640.0,0.0,100,429.13,442.0,0,0.0,0.0,,0.0,1,24.04,27.57,SPY231020C00415000,415.0,normalDay
2023-06-09,16367.0,-1658.0,0.0,100,429.9,442.0,0,0.0,0.0,,0.0,1,24.04,28.52,SPY231020C00415000,415.0,normalDay
2023-06-12,16367.0,-1540.0,0.0,100,433.8,442.0,0,0.0,0.0,,0.0,1,24.04,31.24,SPY231020C00415000,415.0,normalDay
2023-06-13,16367.0,-1501.0,0.0,100,436.66,442.0,0,0.0,0.0,,0.0,1,24.04,33.71,SPY231020C00415000,415.0,normalDay
2023-06-14,16367.0,-1492.0,0.0,100,437.18,442.0,0,0.0,0.0,,0.0,1,24.04,34.14,SPY231020C00415000,415.0,normalDay
2023-06-15,16367.0,-1336.0,0.0,100,442.6,442.0,0,0.0,0.0,,0.0,1,24.04,38.0,SPY231020C00415000,415.0,normalDay
2023-06-16,16367.0,-1582.0,0.0,100,439.46,442.0,0,0.0,0.0,,0.0,1,24.04,37.32,SPY231020C00415000,415.0,normalDay
2023-06-20,16367.0,-1552.0,0.0,100,437.18,442.0,0,0.0,0.0,,0.0,1,24.04,34.74,SPY231020C00415000,415.0,normalDay
2023-06-21,16367.0,-1607.0,0.0,100,434.94,442.0,0,0.0,0.0,,0.0,1,24.04,33.05,SPY231020C00415000,415.0,normalDay
2023-06-22,16367.0,-1517.0,0.0,100,436.51,442.0,0,0.0,0.0,,0.0,1,24.04,33.72,SPY231020C00415000,415.0,normalDay
2023-06-23,16367.0,-1596.0,0.0,100,433.21,442.0,0,0.0,0.0,,0.0,1,24.04,31.21,SPY231020C00415000,415.0,normalDay
2023-06-26,16367.0,-1626.0,0.0,100,431.44,442.0,0,0.0,0.0,,0.0,1,24.04,29.74,SPY231020C00415000,415.0,normalDay
2023-06-27,16367.0,-1456.0,0.0,100,436.17,442.0,0,0.0,0.0,,0.0,1,24.04,32.77,SPY231020C00415000,415.0,normalDay
2023-06-28,16367.0,-1468.0,0.0,100,436.39,442.0,0,0.0,0.0,,0.0,1,24.04,33.11,SPY231020C00415000,415.0,normalDay
2023-06-29,16367.0,-1407.0,0.0,100,438.11,442.0,0,0.0,0.0,,0.0,1,24.04,34.22,SPY231020C00415000,415.0,normalDay
2023-06-30,16367.0,-1330.0,0.0,100,443.28,442.0,0,0.0,0.0,,0.0,1,24.04,38.62,SPY231020C00415000,415.0,normalDay
2023-07-03,16367.0,-1393.0,0.0,100,443.79,442.0,0,0.0,0.0,,0.0,1,24.04,39.76,SPY231020C00415000,415.0,normalDay
2023-07-05,16367.0,-1312.0,0.0,100,443.13,442.0,0,0.0,0.0,,0.0,1,24.04,38.29,SPY231020C00415000,415.0,normalDay
2023-07-06,16367.0,-1393.0,0.0,100,439.66,442.0,0,0.0,0.0,,0.0,1,24.04,35.63,SPY231020C00415000,415.0,normalDay
2023-07-07,16367.0,-1413.0,0.0,100,438.55,442.0,0,0.0,0.0,,0.0,1,24.04,34.72,SPY231020C00415000,415.0,normalDay
2023-07-10,16367.0,-1356.0,0.0,100,439.66,442.0,0,0.0,0.0,,0.0,1,24.04,35.26,SPY231020C00415000,415.0,normalDay
2023-07-11,16367.0,-1262.0,0.0,100,442.46,442.0,0,0.0,0.0,,0.0,1,24.04,37.12,SPY231020C00415000,415.0,normalDay
2023-07-12,16367.0,-1202.0,0.0,100,446.02,442.0,0,0.0,0.0,,0.0,1,24.04,40.08,SPY231020C00415000,415.0,normalDay
2023-07-13,16367.0,-1132.0,0.0,100,449.56,442.0,0,0.0,0.0,,0.0,1,24.04,42.92,SPY231020C00415000,415.0,normalDay
2023-07-14,16367.0,-1101.0,0.0,100,449.28,442.0,0,0.0,0.0,,0.0,1,24.04,42.33,SPY231020C00415000,415.0,normalDay
2023-07-17,16367.0,-1065.0,0.0,100,450.84,442.0,0,0.0,0.0,,0.0,1,24.04,43.53,SPY231020C00415000,415.0,normalDay
2023-07-18,16367.0,-1041.0,0.0,100,454.19,442.0,0,0.0,0.0,,0.0,1,24.04,46.64,SPY231020C00415000,415.0,normalDay
2023-07-19,16367.0,-1051.0,0.0,100,455.2,442.0,0,0.0,0.0,,0.0,1,24.04,47.75,SPY231020C00415000,415.0,normalDay
2023-07-20,16367.0,-1098.0,0.0,100,452.18,442.0,0,0.0,0.0,,0.0,1,24.04,45.2,SPY231020C00415000,415.0,normalDay
2023-07-21,16367.0,-1050.0,0.0,100,452.18,442.0,0,0.0,0.0,,0.0,1,24.04,44.72,SPY231020C00415000,415.0,normalDay
2023-07-24,16367.0,-1032.0,0.0,100,454.2,442.0,0,0.0,0.0,,0.0,1,24.04,46.56,SPY231020C00415000,415.0,normalDay
2023-07-25,16367.0,-1061.0,0.0,100,455.44,442.0,0,0.0,0.0,,0.0,1,24.04,48.09,SPY231020C00415000,415.0,normalDay
2023-07-26,16367.0,-1058.0,0.0,100,455.51,442.0,0,0.0,0.0,,0.0,1,24.04,48.13,SPY231020C00415000,415.0,normalDay
2023-07-27,16367.0,-1055.0,0.0,100,452.49,442.0,0,0.0,0.0,,0.0,1,24.04,45.08,SPY231020C00415000,415.0,normalDay
2023-07-28,16367.0,-945.0,0.0,100,456.92,442.0,0,0.0,0.0,,0.0,1,24.04,48.41,SPY231020C00415000,415.0,normalDay
2023-07-31,16367.0,-928.0,0.0,100,457.79,442.0,0,0.0,0.0,,0.0,1,24.04,49.11,SPY231020C00415000,415.0,normalDay
2023-08-01,16367.0,-910.0,0.0,100,456.48,442.0,0,0.0,0.0,,0.0,1,24.04,47.62,SPY231020C00415000,415.0,normalDay
2023-08-02,16367.0,-1040.0,0.0,100,450.13,442.0,0,0.0,0.0,,0.0,1,24.04,42.57,SPY231020C00415000,415.0,normalDay
2023-08-03,16367.0,-1147.0,0.0,100,448.84,442.0,0,0.0,0.0,,0.0,1,24.04,42.35,SPY231020C00415000,415.0,normalDay
2023-08-04,16367.0,-1057.0,0.0,100,446.81,442.0,0,0.0,0.0,,0.0,1,24.04,39.42,SPY231020C00415000,415.0,normalDay
2023-08-07,16367.0,-971.0,0.0,100,450.71,442.0,0,0.0,0.0,,0.0,1,24.04,42.46,SPY231020C00415000,415.0,normalDay
2023-08-08,16367.0,-970.0,0.0,100,448.75,442.0,0,0.0,0.0,,0.0,1,24.04,40.49,SPY231020C00415000,415.0,normalDay
2023-08-09,16367.0,-1038.0,0.0,100,445.75,442.0,0,0.0,0.0,,0.0,1,24.04,38.17,SPY231020C00415000,415.0,normalDay
2023-08-10,16367.0,-967.0,0.0,100,445.91,442.0,0,0.0,0.0,,0.0,1,24.04,37.62,SPY231020C00415000,415.0,normalDay
2023-08-11,16367.0,-954.0,0.0,100,445.65,442.0,0,0.0,0.0,,0.0,1,24.04,37.23,SPY231020C00415000,415.0,normalDay
2023-08-14,16367.0,-886.0,0.0,100,448.11,442.0,0,0.0,0.0,,0.0,1,24.04,39.01,SPY231020C00415000,415.0,normalDay
2023-08-15,16367.0,-959.0,0.0,100,442.89,442.0,0,0.0,0.0,,0.0,1,24.04,34.52,SPY231020C00415000,415.0,normalDay
2023-08-16,16367.0,-1028.0,0.0,100,439.64,442.0,0,0.0,0.0,,0.0,1,24.04,31.96,SPY231020C00415000,415.0,normalDay
2023-08-17,16367.0,-1069.0,0.0,100,436.29,442.0,0,0.0,0.0,,0.0,1,24.04,29.02,SPY231020C00415000,415.0,normalDay
2023-08-18,16367.0,-1025.0,0.0,100,436.5,442.0,0,0.0,0.0,,0.0,1,24.04,28.79,SPY231020C00415000,415.0,normalDay
2023-08-21,16367.0,-905.0,0.0,100,439.34,442.0,0,0.0,0.0,,0.0,1,24.04,30.43,SPY231020C00415000,415.0,normalDay
2023-08-22,16367.0,-932.0,0.0,100,438.15,442.0,0,0.0,0.0,,0.0,1,24.04,29.51,SPY231020C00415000,415.0,normalDay
2023-08-23,16367.0,-860.0,0.0,100,443.03,442.0,0,0.0,0.0,,0.0,1,24.04,33.67,SPY231020C00415000,415.0,normalDay
2023-08-24,16367.0,-925.0,0.0,100,436.89,442.0,0,0.0,0.0,,0.0,1,24.04,28.18,SPY231020C00415000,415.0,normalDay
2023-08-25,16367.0,-844.0,0.0,100,439.97,442.0,0,0.0,0.0,,0.0,1,24.04,30.45,SPY231020C00415000,415.0,normalDay
2023-08-28,16367.0,-767.0,0.0,100,442.76,442.0,0,0.0,0.0,,0.0,1,24.04,32.47,SPY231020C00415000,415.0,normalDay
2023-08-29,16367.0,-679.0,0.0,100,449.16,442.0,0,0.0,0.0,,0.0,1,24.04,37.99,SPY231020C00415000,415.0,normalDay
2023-08-30,16367.0,-637.0,0.0,100,451.01,442.0,0,0.0,0.0,,0.0,1,24.04,39.42,SPY231020C00415000,415.0,normalDay
2023-08-31,16367.0,-648.0,0.0,100,450.35,442.0,0,0.0,0.0,,0.0,1,24.04,38.87,SPY231020C00415000,415.0,normalDay
2023-09-01,16367.0,-557.0,0.0,100,451.19,442.0,0,0.0,0.0,,0.0,1,24.04,38.8,SPY231020C00415000,415.0,normalDay
2023-09-05,16367.0,-588.0,0.0,100,449.24,442.0,0,0.0,0.0,,0.0,1,24.04,37.16,SPY231020C00415000,415.0,normalDay
2023-09-06,16367.0,-596.0,0.0,100,446.22,442.0,0,0.0,0.0,,0.0,1,24.04,34.22,SPY231020C00415000,415.0,normalDay
2023-09-07,16367.0,-593.0,0.0,100,444.85,442.0,0,0.0,0.0,,0.0,1,24.04,32.82,SPY231020C00415000,415.0,normalDay
2023-09-08,16367.0,-596.0,0.0,100,445.52,442.0,0,0.0,0.0,,0.0,1,24.04,33.52,SPY231020C00415000,415.0,normalDay
2023-09-11,16367.0,-518.0,0.0,100,448.45,442.0,0,0.0,0.0,,0.0,1,24.04,35.67,SPY231020C00415000,415.0,normalDay
2023-09-12,16367.0,-559.0,0.0,100,445.99,442.0,0,0.0,0.0,,0.0,1,24.04,33.62,SPY231020C00415000,415.0,normalDay
2023-09-13,16367.0,-540.0,0.0,100,446.51,442.0,0,0.0,0.0,,0.0,1,24.04,33.95,SPY231020C00415000,415.0,normalDay
2023-09-14,16367.0,-491.0,0.0,100,450.36,442.0,0,0.0,0.0,,0.0,1,24.04,37.31,SPY231020C00415000,415.0,normalDay
2023-09-15,16367.0,-650.0,0.0,100,443.37,442.0,0,0.0,0.0,,0.0,1,24.04,31.91,SPY231020C00415000,415.0,normalDay
2023-09-18,16367.0,-633.0,0.0,100,443.63,442.0,0,0.0,0.0,,0.0,1,24.04,32.0,SPY231020C00415000,415.0,normalDay
2023-09-19,16367.0,-611.0,0.0,100,442.71,442.0,0,0.0,0.0,,0.0,1,24.04,30.86,SPY231020C00415000,415.0,normalDay
2023-09-20,16367.0,-592.0,0.0,100,438.64,442.0,0,0.0,0.0,,0.0,1,24.04,26.6,SPY231020C00415000,415.0,normalDay
2023-09-21,16367.0,-721.0,0.0,100,431.39,442.0,0,0.0,0.0,,0.0,1,24.04,20.64,SPY231020C00415000,415.0,normalDay
2023-09-22,16367.0,-728.0,0.0,100,430.42,442.0,0,0.0,0.0,,0.0,1,24.04,19.74,SPY231020C00415000,415.0,normalDay
2023-09-25,16367.0,-662.0,0.0,100,432.23,442.0,0,0.0,0.0,,0.0,1,24.04,20.89,SPY231020C00415000,415.0,normalDay
2023-09-26,16367.0,-825.0,0.0,100,425.88,442.0,0,0.0,0.0,,0.0,1,24.04,16.17,SPY231020C00415000,415.0,normalDay
2023-09-27,16367.0,-778.0,0.0,100,426.05,442.0,0,0.0,0.0,,0.0,1,24.04,15.87,SPY231020C00415000,415.0,normalDay
2023-09-28,16367.0,-645.0,0.0,100,428.52,442.0,0,0.0,0.0,,0.0,1,24.04,17.01,SPY231020C00415000,415.0,normalDay
2023-09-29,16367.0,-685.0,0.0,100,427.48,442.0,0,0.0,0.0,,0.0,1,24.04,16.37,SPY231020C00415000,415.0,normalDay
2023-10-02,16367.0,-647.0,0.0,100,427.31,442.0,0,0.0,0.0,,0.0,1,24.04,15.82,SPY231020C00415000,415.0,normalDay
2023-10-03,16367.0,-810.0,0.0,100,421.59,442.0,0,0.0,0.0,,0.0,1,24.04,11.73,SPY231020C00415000,415.0,normalDay
2023-10-04,16367.0,-643.0,0.0,100,424.66,442.0,0,0.0,0.0,,0.0,1,24.04,13.13,SPY231020C00415000,415.0,normalDay
2023-10-05,16367.0,-603.0,0.0,100,424.5,442.0,0,0.0,0.0,,0.0,1,24.04,12.57,SPY231020C00415000,415.0,normalDay
2023-10-06,16367.0,-530.0,0.0,100,429.54,442.0,0,0.0,0.0,,0.0,1,24.04,16.88,SPY231020C00415000,415.0,normalDay
2023-10-09,16367.0,-479.0,0.0,100,432.29,442.0,0,0.0,0.0,,0.0,1,24.04,19.12,SPY231020C00415000,415.0,normalDay
2023-10-10,16367.0,-423.0,0.0,100,434.54,442.0,0,0.0,0.0,,0.0,1,24.04,20.81,SPY231020C00415000,415.0,normalDay
2023-10-11,16367.0,-458.0,0.0,100,436.32,442.0,0,0.0,0.0,,0.0,1,24.04,22.94,SPY231020C00415000,415.0,normalDay
2023-10-12,16367.0,-409.0,0.0,100,433.66,442.0,0,0.0,0.0,,0.0,1,24.04,19.79,SPY231020C00415000,415.0,normalDay
2023-10-13,16367.0,-350.0,0.0,100,431.5,442.0,0,0.0,0.0,,0.0,1,24.04,17.04,SPY231020C00415000,415.0,normalDay
2023-10-16,16367.0,-362.0,0.0,100,436.04,442.0,0,0.0,0.0,,0.0,1,24.04,21.7,SPY231020C00415000,415.0,normalDay
2023-10-17,16367.0,-311.0,0.0,100,436.02,442.0,0,0.0,0.0,,0.0,1,24.04,21.17,SPY231020C00415000,415.0,normalDay
2023-10-18,16367.0,-383.0,0.0,100,430.21,442.0,0,0.0,0.0,,0.0,1,24.04,16.08,SPY231020C00415000,415.0,normalDay
2023-10-19,16367.0,-247.0,0.0,100,426.43,442.0,0,0.0,0.0,,0.0,1,24.04,10.94,SPY231020C00415000,415.0,normalDay
2023-10-20,16071.0,-247.0,-296.0,0,421.19,0.0,0,0.0,0.0,,0.0,1,24.04,0.0,SPY231020C00415000,415.0,expirationDay
2023-10-23,16071.0,-3.0,0.0,0,420.46,0.0,1,1.79,1.82,SPY231103P00409000,409.0,0,0.0,0.0,,0.0,normalDay
2023-10-24,16071.0,72.0,0.0,0,423.63,0.0,1,1.79,1.07,SPY231103P00409000,409.0,0,0.0,0.0,,0.0,normalDay
2023-10-25,16071.0,-25.0,0.0,0,417.55,0.0,1,1.79,2.04,SPY231103P00409000,409.0,0,0.0,0.0,,0.0,normalDay
2023-10-26,16071.0,-132.0,0.0,0,412.55,0.0,1,1.79,3.11,SPY231103P00409000,409.0,0,0.0,0.0,,0.0,normalDay
2023-10-27,16071.0,-195.0,0.0,0,410.68,0.0,1,1.79,3.74,SPY231103P00409000,409.0,0,0.0,0.0,,0.0,normalDay
2023-10-30,16071.0,31.0,0.0,0,415.59,0.0,1,1.79,1.48,SPY231103P00409000,409.0,0,0.0,0.0,,0.0,normalDay
2023-10-31,16071.0,116.0,0.0,0,418.2,0.0,1,1.79,0.63,SPY231103P00409000,409.0,0,0.0,0.0,,0.0,normalDay
2023-11-01,16071.0,171.0,0.0,0,422.66,0.0,1,1.79,0.08,SPY231103P00409000,409.0,0,0.0,0.0,,0.0,normalDay
2023-11-02,16071.0,176.0,0.0,0,430.76,0.0,1,1.79,0.03,SPY231103P00409000,409.0,0,0.0,0.0,,0.0,normalDay
2023-11-03,16250.0,0.0,179.0,0,434.69,0.0,1,1.79,0.0,SPY231103P00409000,409.0,0,0.0,0.0,,0.0,expirationDay
2023-11-06,16250.0,-3.0,0.0,0,435.69,0.0,1,0.09,0.12,SPY231117P00392000,392.0,0,0.0,0.0,,0.0,normalDay
2023-11-07,16250.0,-2.0,0.0,0,436.93,0.0,1,0.09,0.11,SPY231117P00392000,392.0,0,0.0,0.0,,0.0,normalDay
2023-11-08,16250.0,0.0,0.0,0,437.25,0.0,1,0.09,0.09,SPY231117P00392000,392.0,0,0.0,0.0,,0.0,normalDay
2023-11-09,16250.0,-1.0,0.0,0,433.84,0.0,1,0.09,0.1,SPY231117P00392000,392.0,0,0.0,0.0,,0.0,normalDay
2023-11-10,16250.0,3.0,0.0,0,440.61,0.0,1,0.09,0.06,SPY231117P00392000,392.0,0,0.0,0.0,,0.0,normalDay
2023-11-13,16250.0,5.0,0.0,0,440.19,0.0,1,0.09,0.04,SPY231117P00392000,392.0,0,0.0,0.0,,0.0,normalDay
2023-11-14,16250.0,5.0,0.0,0,448.73,0.0,1,0.09,0.04,SPY231117P00392000,392.0,0,0.0,0.0,,0.0,normalDay
2023-11-15,16250.0,7.0,0.0,0,449.68,0.0,1,0.09,0.02,SPY231117P00392000,392.0,0,0.0,0.0,,0.0,normalDay
2023-11-16,16250.0,8.0,0.0,0,450.23,0.0,1,0.09,0.01,SPY231117P00392000,392.0,0,0.0,0.0,,0.0,normalDay
2023-11-17,16259.0,0.0,9.0,0,450.79,0.0,1,0.09,0.0,SPY231117P00392000,392.0,0,0.0,0.0,,0.0,expirationDay
2023-11-20,16259.0,-3.0,0.0,0,454.26,0.0,1,0.01,0.04,SPY231201P00380000,380.0,0,0.0,0.0,,0.0,normalDay
2023-11-21,16259.0,-3.0,0.0,0,453.27,0.0,1,0.01,0.04,SPY231201P00380000,380.0,0,0.0,0.0,,0.0,normalDay
2023-11-22,16259.0,-2.0,0.0,0,455.02,0.0,1,0.01,0.03,SPY231201P00380000,380.0,0,0.0,0.0,,0.0,normalDay
2023-11-24,16259.0,-1.0,0.0,0,455.3,0.0,1,0.01,0.02,SPY231201P00380000,380.0,0,0.0,0.0,,0.0,normalDay
2023-11-27,16259.0,-1.0,0.0,0,454.48,0.0,1,0.01,0.02,SPY231201P00380000,380.0,0,0.0,0.0,,0.0,normalDay
2023-11-28,16259.0,0.0,0.0,0,454.93,0.0,1,0.01,0.01,SPY231201P00380000,380.0,0,0.0,0.0,,0.0,normalDay
2023-11-29,16259.0,0.0,0.0,0,454.61,0.0,1,0.01,0.01,SPY231201P00380000,380.0,0,0.0,0.0,,0.0,normalDay
2023-11-30,16259.0,0.0,0.0,0,456.4,0.0,1,0.01,0.01,SPY231201P00380000,380.0,0,0.0,0.0,,0.0,normalDay
