date,totalCapital,unrializedPnL,rializedPnL,stocksOwned,stocksPriceToday,stocksPriceBoughtAt,putOwned,putOwnedSoldAt,putPriceToday,putOwnedContract,putOwnedStrike,callOwned,callOwnedSoldAt,callPriceToday,callOwnedContract,callOwnedStrike,trackType
2018-11-01,0.0,-5.0,0.0,0,273.51,0.0,1,3.02,3.07,SPY181221P00259000,259.0,0,0.0,0.0,,0.0,normalDay
2018-11-02,0.0,-28.0,0.0,0,271.89,0.0,1,3.02,3.3,SPY181221P00259000,259.0,0,0.0,0.0,,0.0,normalDay
2018-11-05,0.0,15.0,0.0,0,273.39,0.0,1,3.02,2.87,SPY181221P00259000,259.0,0,0.0,0.0,,0.0,normalDay
2018-11-06,0.0,54.0,0.0,0,275.12,0.0,1,3.02,2.48,SPY181221P00259000,259.0,0,0.0,0.0,,0.0,normalDay
2018-11-07,0.0,175.0,0.0,0,281.01,0.0,1,3.02,1.27,SPY181221P00259000,259.0,0,0.0,0.0,,0.0,normalDay
2018-11-08,0.0,172.0,0.0,0,280.5,0.0,1,3.02,1.3,SPY181221P00259000,259.0,0,0.0,0.0,,0.0,normalDay
2018-11-09,0.0,133.0,0.0,0,277.76,0.0,1,3.02,1.69,SPY181221P00259000,259.0,0,0.0,0.0,,0.0,normalDay
2018-11-12,0.0,33.0,0.0,0,272.57,0.0,1,3.02,2.69,SPY181221P00259000,259.0,0,0.0,0.0,,0.0,normalDay
2018-11-13,0.0,26.0,0.0,0,272.06,0.0,1,3.02,2.76,SPY181221P00259000,259.0,0,0.0,0.0,,0.0,normalDay
2018-11-14,0.0,-29.0,0.0,0,270.2,0.0,1,3.02,3.31,SPY181221P00259000,259.0,0,0.0,0.0,,0.0,normalDay
2018-11-15,0.0,62.0,0.0,0,273.02,0.0,1,3.02,2.4,SPY181221P00259000,259.0,0,0.0,0.0,,0.0,normalDay
2018-11-16,0.0,115.0,0.0,0,273.73,0.0,1,3.02,1.87,SPY181221P00259000,259.0,0,0.0,0.0,,0.0,normalDay
2018-11-19,0.0,16.0,0.0,0,269.1,0.0,1,3.02,2.86,SPY181221P00259000,259.0,0,0.0,0.0,,0.0,normalDay
2018-11-20,0.0,-167.0,0.0,0,264.12,0.0,1,3.02,4.69,SPY181221P00259000,259.0,0,0.0,0.0,,0.0,normalDay
2018-11-21,0.0,-85.0,0.0,0,265.02,0.0,1,3.02,3.87,SPY181221P00259000,259.0,0,0.0,0.0,,0.0,normalDay
2018-11-23,0.0,-153.0,0.0,0,263.25,0.0,1,3.02,4.55,SPY181221P00259000,259.0,0,0.0,0.0,,0.0,normalDay
2018-11-26,0.0,67.0,0.0,0,267.5,0.0,1,3.02,2.35,SPY181221P00259000,259.0,0,0.0,0.0,,0.0,normalDay
2018-11-27,0.0,74.0,0.0,0,268.4,0.0,1,3.02,2.28,SPY181221P00259000,259.0,0,0.0,0.0,,0.0,normalDay
2018-11-28,0.0,183.0,0.0,0,274.58,0.0,1,3.02,1.19,SPY181221P00259000,259.0,0,0.0,0.0,,0.0,normalDay
2018-11-29,0.0,172.0,0.0,0,273.98,0.0,1,3.02,1.3,SPY181221P00259000,259.0,0,0.0,0.0,,0.0,normalDay
2018-11-30,0.0,201.0,0.0,0,275.65,0.0,1,3.02,1.01,SPY181221P00259000,259.0,0,0.0,0.0,,0.0,normalDay
2018-12-03,0.0,258.0,0.0,0,279.3,0.0,1,3.02,0.44,SPY181221P00259000,259.0,0,0.0,0.0,,0.0,normalDay
2018-12-04,0.0,118.0,0.0,0,270.25,0.0,1,3.02,1.84,SPY181221P00259000,259.0,0,0.0,0.0,,0.0,normalDay
2018-12-06,0.0,123.0,0.0,0,269.84,0.0,1,3.02,1.79,SPY181221P00259000,259.0,0,0.0,0.0,,0.0,normalDay
2018-12-07,0.0,-70.0,0.0,0,263.57,0.0,1,3.02,3.72,SPY181221P00259000,259.0,0,0.0,0.0,,0.0,normalDay
2018-12-10,0.0,40.0,0.0,0,264.07,0.0,1,3.02,2.62,SPY181221P00259000,259.0,0,0.0,0.0,,0.0,normalDay
2018-12-11,0.0,68.0,0.0,0,264.13,0.0,1,3.02,2.34,SPY181221P00259000,259.0,0,0.0,0.0,,0.0,normalDay
2018-12-12,0.0,113.0,0.0,0,265.46,0.0,1,3.02,1.89,SPY181221P00259000,259.0,0,0.0,0.0,,0.0,normalDay
2018-12-13,0.0,156.0,0.0,0,265.37,0.0,1,3.02,1.46,SPY181221P00259000,259.0,0,0.0,0.0,,0.0,normalDay
2018-12-14,0.0,4.0,0.0,0,260.47,0.0,1,3.02,2.98,SPY181221P00259000,259.0,0,0.0,0.0,,0.0,normalDay
2018-12-17,0.0,-308.0,0.0,0,255.36,0.0,1,3.02,6.1,SPY181221P00259000,259.0,0,0.0,0.0,,0.0,normalDay
2018-12-18,0.0,-387.0,0.0,0,255.08,0.0,1,3.02,6.89,SPY181221P00259000,259.0,0,0.0,0.0,,0.0,normalDay
2018-12-19,0.0,-619.0,0.0,0,251.26,0.0,1,3.02,9.21,SPY181221P00259000,259.0,0,0.0,0.0,,0.0,normalDay
2018-12-20,0.0,-962.0,0.0,0,247.17,0.0,1,3.02,12.64,SPY181221P00259000,259.0,0,0.0,0.0,,0.0,normalDay
2018-12-21,302.0,-1830.0,302.0,100,240.7,259.0,1,3.02,0.0,SPY181221P00259000,259.0,0,0.0,0.0,,0.0,expirationDay
2018-12-24,302.0,-2466.0,0.0,100,234.34,259.0,0,0.0,0.0,,0.0,0,0.0,0.0,,0.0,bidTooLow
2018-12-26,302.0,-1282.0,0.0,100,246.18,259.0,0,0.0,0.0,,0.0,0,0.0,0.0,,0.0,bidTooLow
2018-12-27,302.0,-1099.0,0.0,100,248.07,259.0,0,0.0,0.0,,0.0,1,0.27,0.33,SPY190128C00275000,275.0,normalDay
2018-12-28,302.0,-1118.0,0.0,100,247.75,259.0,0,0.0,0.0,,0.0,1,0.27,0.2,SPY190128C00275000,275.0,normalDay
2018-12-31,302.0,-895.0,0.0,100,249.92,259.0,0,0.0,0.0,,0.0,1,0.27,0.14,SPY190128C00275000,275.0,normalDay
2019-01-02,302.0,-861.0,0.0,100,250.18,259.0,0,0.0,0.0,,0.0,1,0.27,0.06,SPY190128C00275000,275.0,normalDay
2019-01-03,302.0,-1455.0,0.0,100,244.21,259.0,0,0.0,0.0,,0.0,1,0.27,0.03,SPY190128C00275000,275.0,normalDay
2019-01-04,302.0,-640.0,0.0,100,252.39,259.0,0,0.0,0.0,,0.0,1,0.27,0.06,SPY190128C00275000,275.0,normalDay
2019-01-07,302.0,-441.0,0.0,100,254.38,259.0,0,0.0,0.0,,0.0,1,0.27,0.06,SPY190128C00275000,275.0,normalDay
2019-01-08,302.0,-203.0,0.0,100,256.77,259.0,0,0.0,0.0,,0.0,1,0.27,0.07,SPY190128C00275000,275.0,normalDay
2019-01-09,302.0,-84.0,0.0,100,257.97,259.0,0,0.0,0.0,,0.0,1,0.27,0.08,SPY190128C00275000,275.0,normalDay
2019-01-10,302.0,7.0,0.0,100,258.88,259.0,0,0.0,0.0,,0.0,1,0.27,0.08,SPY190128C00275000,275.0,normalDay
2019-01-11,302.0,20.0,0.0,100,258.98,259.0,0,0.0,0.0,,0.0,1,0.27,0.05,SPY190128C00275000,275.0,normalDay
2019-01-14,302.0,-137.0,0.0,100,257.4,259.0,0,0.0,0.0,,0.0,1,0.27,0.04,SPY190128C00275000,275.0,normalDay
2019-01-15,302.0,157.0,0.0,100,260.35,259.0,0,0.0,0.0,,0.0,1,0.27,0.05,SPY190128C00275000,275.0,normalDay
2019-01-16,302.0,219.0,0.0,100,260.98,259.0,0,0.0,0.0,,0.0,1,0.27,0.06,SPY190128C00275000,275.0,normalDay
2019-01-17,302.0,416.0,0.0,100,262.96,259.0,0,0.0,0.0,,0.0,1,0.27,0.07,SPY190128C00275000,275.0,normalDay
2019-01-18,302.0,756.0,0.0,100,266.46,259.0,0,0.0,0.0,,0.0,1,0.27,0.17,SPY190128C00275000,275.0,normalDay
2019-01-22,302.0,410.0,0.0,100,262.86,259.0,0,0.0,0.0,,0.0,1,0.27,0.03,SPY190128C00275000,275.0,normalDay
2019-01-23,302.0,467.0,0.0,100,263.41,259.0,0,0.0,0.0,,0.0,1,0.27,0.01,SPY190128C00275000,275.0,normalDay
2019-01-24,302.0,481.0,0.0,100,263.55,259.0,0,0.0,0.0,,0.0,1,0.27,0.01,SPY190128C00275000,275.0,normalDay
2019-01-25,302.0,704.0,0.0,100,265.78,259.0,0,0.0,0.0,,0.0,1,0.27,0.01,SPY190128C00275000,275.0,normalDay
2019-01-28,329.0,476.0,27.0,100,263.76,259.0,0,0.0,0.0,,0.0,1,0.27,0.0,SPY190128C00275000,275.0,expirationDay
2019-01-29,329.0,438.0,0.0,100,263.41,259.0,0,0.0,0.0,,0.0,1,0.07,0.1,SPY190301C00285000,285.0,normalDay
2019-01-30,329.0,848.0,0.0,100,267.58,259.0,0,0.0,0.0,,0.0,1,0.07,0.17,SPY190301C00285000,285.0,normalDay
2019-01-31,329.0,1074.0,0.0,100,269.93,259.0,0,0.0,0.0,,0.0,1,0.07,0.26,SPY190301C00285000,285.0,normalDay
2019-02-01,329.0,1094.0,0.0,100,270.06,259.0,0,0.0,0.0,,0.0,1,0.07,0.19,SPY190301C00285000,285.0,normalDay
2019-02-04,329.0,1281.0,0.0,100,271.96,259.0,0,0.0,0.0,,0.0,1,0.07,0.22,SPY190301C00285000,285.0,normalDay
2019-02-05,329.0,1389.0,0.0,100,273.1,259.0,0,0.0,0.0,,0.0,1,0.07,0.28,SPY190301C00285000,285.0,normalDay
2019-02-06,329.0,1362.0,0.0,100,272.74,259.0,0,0.0,0.0,,0.0,1,0.07,0.19,SPY190301C00285000,285.0,normalDay
2019-02-07,329.0,1114.0,0.0,100,270.14,259.0,0,0.0,0.0,,0.0,1,0.07,0.07,SPY190301C00285000,285.0,normalDay
2019-02-08,329.0,1149.0,0.0,100,270.47,259.0,0,0.0,0.0,,0.0,1,0.07,0.05,SPY190301C00285000,285.0,normalDay
2019-02-11,329.0,1164.0,0.0,100,270.62,259.0,0,0.0,0.0,,0.0,1,0.07,0.05,SPY190301C00285000,285.0,normalDay
2019-02-12,329.0,1501.0,0.0,100,274.1,259.0,0,0.0,0.0,,0.0,1,0.07,0.16,SPY190301C00285000,285.0,normalDay
2019-02-13,329.0,1589.0,0.0,100,274.99,259.0,0,0.0,0.0,,0.0,1,0.07,0.17,SPY190301C00285000,285.0,normalDay
2019-02-14,329.0,1532.0,0.0,100,274.38,259.0,0,0.0,0.0,,0.0,1,0.07,0.13,SPY190301C00285000,285.0,normalDay
2019-02-15,329.0,1823.0,0.0,100,277.37,259.0,0,0.0,0.0,,0.0,1,0.07,0.21,SPY190301C00285000,285.0,normalDay
2019-02-19,329.0,1879.0,0.0,100,277.85,259.0,0,0.0,0.0,,0.0,1,0.07,0.13,SPY190301C00285000,285.0,normalDay
2019-02-20,329.0,1935.0,0.0,100,278.41,259.0,0,0.0,0.0,,0.0,1,0.07,0.13,SPY190301C00285000,285.0,normalDay
2019-02-21,329.0,1843.0,0.0,100,277.42,259.0,0,0.0,0.0,,0.0,1,0.07,0.06,SPY190301C00285000,285.0,normalDay
2019-02-22,329.0,2015.0,0.0,100,279.14,259.0,0,0.0,0.0,,0.0,1,0.07,0.06,SPY190301C00285000,285.0,normalDay
2019-02-25,329.0,2050.0,0.0,100,279.52,259.0,0,0.0,0.0,,0.0,1,0.07,0.09,SPY190301C00285000,285.0,normalDay
2019-02-26,329.0,2035.0,0.0,100,279.32,259.0,0,0.0,0.0,,0.0,1,0.07,0.04,SPY190301C00285000,285.0,normalDay
2019-02-27,329.0,2026.0,0.0,100,279.2,259.0,0,0.0,0.0,,0.0,1,0.07,0.01,SPY190301C00285000,285.0,normalDay
2019-02-28,329.0,1974.0,0.0,100,278.68,259.0,0,0.0,0.0,,0.0,1,0.07,0.01,SPY190301C00285000,285.0,normalDay
2019-03-01,336.0,2142.0,7.0,100,280.42,259.0,0,0.0,0.0,,0.0,1,0.07,0.0,SPY190301C00285000,285.0,expirationDay
2019-03-04,336.0,2037.0,0.0,100,279.4,259.0,0,0.0,0.0,,0.0,1,0.13,0.16,SPY190405C00291000,291.0,normalDay
2019-03-05,336.0,1999.0,0.0,100,279.02,259.0,0,0.0,0.0,,0.0,1,0.13,0.16,SPY190405C00291000,291.0,normalDay
2019-03-06,336.0,1835.0,0.0,100,277.33,259.0,0,0.0,0.0,,0.0,1,0.13,0.11,SPY190405C00291000,291.0,normalDay
2019-03-07,336.0,1607.0,0.0,100,275.01,259.0,0,0.0,0.0,,0.0,1,0.13,0.07,SPY190405C00291000,291.0,normalDay
2019-03-08,336.0,1554.0,0.0,100,274.46,259.0,0,0.0,0.0,,0.0,1,0.13,0.05,SPY190405C00291000,291.0,normalDay
2019-03-11,336.0,1949.0,0.0,100,278.44,259.0,0,0.0,0.0,,0.0,1,0.13,0.08,SPY190405C00291000,291.0,normalDay
2019-03-12,336.0,2053.0,0.0,100,279.49,259.0,0,0.0,0.0,,0.0,1,0.13,0.09,SPY190405C00291000,291.0,normalDay
2019-03-13,336.0,2229.0,0.0,100,281.34,259.0,0,0.0,0.0,,0.0,1,0.13,0.18,SPY190405C00291000,291.0,normalDay
2019-03-14,336.0,2214.0,0.0,100,281.16,259.0,0,0.0,0.0,,0.0,1,0.13,0.15,SPY190405C00291000,291.0,normalDay
2019-03-15,336.0,2226.0,0.0,100,281.31,259.0,0,0.0,0.0,,0.0,1,0.13,0.18,SPY190405C00291000,291.0,normalDay
2019-03-18,336.0,2321.0,0.0,100,282.33,259.0,0,0.0,0.0,,0.0,1,0.13,0.25,SPY190405C00291000,291.0,normalDay
2019-03-19,336.0,2329.0,0.0,100,282.4,259.0,0,0.0,0.0,,0.0,1,0.13,0.24,SPY190405C00291000,291.0,normalDay
2019-03-20,336.0,2252.0,0.0,100,281.55,259.0,0,0.0,0.0,,0.0,1,0.13,0.16,SPY190405C00291000,291.0,normalDay
2019-03-21,336.0,2538.0,0.0,100,284.73,259.0,0,0.0,0.0,,0.0,1,0.13,0.48,SPY190405C00291000,291.0,normalDay
2019-03-22,336.0,2025.0,0.0,100,279.25,259.0,0,0.0,0.0,,0.0,1,0.13,0.13,SPY190405C00291000,291.0,normalDay
2019-03-25,336.0,2012.0,0.0,100,279.04,259.0,0,0.0,0.0,,0.0,1,0.13,0.05,SPY190405C00291000,291.0,normalDay
2019-03-26,336.0,2220.0,0.0,100,281.12,259.0,0,0.0,0.0,,0.0,1,0.13,0.05,SPY190405C00291000,291.0,normalDay
2019-03-27,336.0,2075.0,0.0,100,279.65,259.0,0,0.0,0.0,,0.0,1,0.13,0.03,SPY190405C00291000,291.0,normalDay
2019-03-28,336.0,2181.0,0.0,100,280.71,259.0,0,0.0,0.0,,0.0,1,0.13,0.03,SPY190405C00291000,291.0,normalDay
2019-03-29,336.0,2358.0,0.0,100,282.48,259.0,0,0.0,0.0,,0.0,1,0.13,0.03,SPY190405C00291000,291.0,normalDay
2019-04-01,336.0,2691.0,0.0,100,285.83,259.0,0,0.0,0.0,,0.0,1,0.13,0.05,SPY190405C00291000,291.0,normalDay
2019-04-02,336.0,2706.0,0.0,100,285.97,259.0,0,0.0,0.0,,0.0,1,0.13,0.04,SPY190405C00291000,291.0,normalDay
2019-04-03,336.0,2749.0,0.0,100,286.42,259.0,0,0.0,0.0,,0.0,1,0.13,0.06,SPY190405C00291000,291.0,normalDay
2019-04-04,336.0,2828.0,0.0,100,287.18,259.0,0,0.0,0.0,,0.0,1,0.13,0.03,SPY190405C00291000,291.0,normalDay
2019-04-05,349.0,2957.0,13.0,100,288.57,259.0,0,0.0,0.0,,0.0,1,0.13,0.0,SPY190405C00291000,291.0,expirationDay
2019-04-08,349.0,2975.0,0.0,100,288.79,259.0,0,0.0,0.0,,0.0,1,0.65,0.69,SPY190510C00297000,297.0,normalDay
2019-04-09,349.0,2848.0,0.0,100,287.31,259.0,0,0.0,0.0,,0.0,1,0.65,0.48,SPY190510C00297000,297.0,normalDay
2019-04-10,349.0,2941.0,0.0,100,288.29,259.0,0,0.0,0.0,,0.0,1,0.65,0.53,SPY190510C00297000,297.0,normalDay
2019-04-11,349.0,2943.0,0.0,100,288.21,259.0,0,0.0,0.0,,0.0,1,0.65,0.43,SPY190510C00297000,297.0,normalDay
2019-04-12,349.0,3116.0,0.0,100,290.16,259.0,0,0.0,0.0,,0.0,1,0.65,0.65,SPY190510C00297000,297.0,normalDay
2019-04-15,349.0,3111.0,0.0,100,289.97,259.0,0,0.0,0.0,,0.0,1,0.65,0.51,SPY190510C00297000,297.0,normalDay
2019-04-16,349.0,3131.0,0.0,100,290.16,259.0,0,0.0,0.0,,0.0,1,0.65,0.5,SPY190510C00297000,297.0,normalDay
2019-04-17,349.0,3072.0,0.0,100,289.45,259.0,0,0.0,0.0,,0.0,1,0.65,0.38,SPY190510C00297000,297.0,normalDay
2019-04-18,349.0,3125.0,0.0,100,290.02,259.0,0,0.0,0.0,,0.0,1,0.65,0.42,SPY190510C00297000,297.0,normalDay
2019-04-22,349.0,3155.0,0.0,100,290.27,259.0,0,0.0,0.0,,0.0,1,0.65,0.37,SPY190510C00297000,297.0,normalDay
2019-04-23,349.0,3365.0,0.0,100,292.88,259.0,0,0.0,0.0,,0.0,1,0.65,0.88,SPY190510C00297000,297.0,normalDay
2019-04-24,349.0,3310.0,0.0,100,292.23,259.0,0,0.0,0.0,,0.0,1,0.65,0.78,SPY190510C00297000,297.0,normalDay
2019-04-25,349.0,3310.0,0.0,100,292.05,259.0,0,0.0,0.0,,0.0,1,0.65,0.6,SPY190510C00297000,297.0,normalDay
2019-04-26,349.0,3426.0,0.0,100,293.41,259.0,0,0.0,0.0,,0.0,1,0.65,0.8,SPY190510C00297000,297.0,normalDay
2019-04-29,349.0,3476.0,0.0,100,293.87,259.0,0,0.0,0.0,,0.0,1,0.65,0.76,SPY190510C00297000,297.0,normalDay
2019-04-30,349.0,3488.0,0.0,100,294.02,259.0,0,0.0,0.0,,0.0,1,0.65,0.79,SPY190510C00297000,297.0,normalDay
2019-05-01,349.0,3310.0,0.0,100,291.81,259.0,0,0.0,0.0,,0.0,1,0.65,0.36,SPY190510C00297000,297.0,normalDay
2019-05-02,349.0,3270.0,0.0,100,291.18,259.0,0,0.0,0.0,,0.0,1,0.65,0.13,SPY190510C00297000,297.0,normalDay
2019-05-03,349.0,3530.0,0.0,100,294.03,259.0,0,0.0,0.0,,0.0,1,0.65,0.38,SPY190510C00297000,297.0,normalDay
2019-05-06,349.0,3426.0,0.0,100,292.82,259.0,0,0.0,0.0,,0.0,1,0.65,0.21,SPY190510C00297000,297.0,normalDay
2019-05-07,349.0,2952.0,0.0,100,287.93,259.0,0,0.0,0.0,,0.0,1,0.65,0.06,SPY190510C00297000,297.0,normalDay
2019-05-08,349.0,2915.0,0.0,100,287.53,259.0,0,0.0,0.0,,0.0,1,0.65,0.03,SPY190510C00297000,297.0,normalDay
2019-05-09,349.0,2830.0,0.0,100,286.66,259.0,0,0.0,0.0,,0.0,1,0.65,0.01,SPY190510C00297000,297.0,normalDay
2019-05-10,414.0,2910.0,65.0,100,288.1,259.0,0,0.0,0.0,,0.0,1,0.65,0.0,SPY190510C00297000,297.0,expirationDay
2019-05-13,414.0,2183.0,0.0,100,280.86,259.0,0,0.0,0.0,,0.0,1,0.01,0.04,SPY190614C00305000,305.0,normalDay
2019-05-14,414.0,2437.0,0.0,100,283.4,259.0,0,0.0,0.0,,0.0,1,0.01,0.04,SPY190614C00305000,305.0,normalDay
2019-05-15,414.0,2601.0,0.0,100,285.06,259.0,0,0.0,0.0,,0.0,1,0.01,0.06,SPY190614C00305000,305.0,normalDay
2019-05-16,414.0,2863.0,0.0,100,287.7,259.0,0,0.0,0.0,,0.0,1,0.01,0.08,SPY190614C00305000,305.0,normalDay
2019-05-17,414.0,2679.0,0.0,100,285.84,259.0,0,0.0,0.0,,0.0,1,0.01,0.06,SPY190614C00305000,305.0,normalDay
2019-05-20,414.0,2492.0,0.0,100,283.95,259.0,0,0.0,0.0,,0.0,1,0.01,0.04,SPY190614C00305000,305.0,normalDay
2019-05-21,414.0,2748.0,0.0,100,286.51,259.0,0,0.0,0.0,,0.0,1,0.01,0.04,SPY190614C00305000,305.0,normalDay
2019-05-22,414.0,2661.0,0.0,100,285.63,259.0,0,0.0,0.0,,0.0,1,0.01,0.03,SPY190614C00305000,305.0,normalDay
2019-05-23,414.0,2312.0,0.0,100,282.14,259.0,0,0.0,0.0,,0.0,1,0.01,0.03,SPY190614C00305000,305.0,normalDay
2019-05-24,414.0,2376.0,0.0,100,282.78,259.0,0,0.0,0.0,,0.0,1,0.01,0.03,SPY190614C00305000,305.0,normalDay
2019-05-28,414.0,2114.0,0.0,100,280.15,259.0,0,0.0,0.0,,0.0,1,0.01,0.02,SPY190614C00305000,305.0,normalDay
2019-05-29,414.0,1927.0,0.0,100,278.27,259.0,0,0.0,0.0,,0.0,1,0.01,0.01,SPY190614C00305000,305.0,normalDay
2019-05-30,414.0,2003.0,0.0,100,279.03,259.0,0,0.0,0.0,,0.0,1,0.01,0.01,SPY190614C00305000,305.0,normalDay
2019-05-31,414.0,1627.0,0.0,100,275.27,259.0,0,0.0,0.0,,0.0,1,0.01,0.01,SPY190614C00305000,305.0,normalDay
2019-06-03,414.0,1557.0,0.0,100,274.57,259.0,0,0.0,0.0,,0.0,1,0.01,0.01,SPY190614C00305000,305.0,normalDay
2019-06-04,414.0,2153.0,0.0,100,280.53,259.0,0,0.0,0.0,,0.0,1,0.01,0.01,SPY190614C00305000,305.0,normalDay
2019-06-05,414.0,2395.0,0.0,100,282.96,259.0,0,0.0,0.0,,0.0,1,0.01,0.02,SPY190614C00305000,305.0,normalDay
2019-06-06,414.0,2579.0,0.0,100,284.8,259.0,0,0.0,0.0,,0.0,1,0.01,0.02,SPY190614C00305000,305.0,normalDay
2019-06-07,414.0,2864.0,0.0,100,287.65,259.0,0,0.0,0.0,,0.0,1,0.01,0.02,SPY190614C00305000,305.0,normalDay
2019-06-10,414.0,2997.0,0.0,100,288.97,259.0,0,0.0,0.0,,0.0,1,0.01,0.01,SPY190614C00305000,305.0,normalDay
2019-06-11,414.0,2990.0,0.0,100,288.9,259.0,0,0.0,0.0,,0.0,1,0.01,0.01,SPY190614C00305000,305.0,normalDay
2019-06-12,414.0,2939.0,0.0,100,288.39,259.0,0,0.0,0.0,,0.0,1,0.01,0.01,SPY190614C00305000,305.0,normalDay
2019-06-13,414.0,3058.0,0.0,100,289.58,259.0,0,0.0,0.0,,0.0,1,0.01,0.01,SPY190614C00305000,305.0,normalDay
2019-06-14,415.0,3026.0,1.0,100,289.26,259.0,0,0.0,0.0,,0.0,1,0.01,0.0,SPY190614C00305000,305.0,expirationDay
2019-06-17,415.0,3034.0,0.0,100,289.37,259.0,0,0.0,0.0,,0.0,1,0.14,0.17,SPY190719C00305000,305.0,normalDay
2019-06-18,415.0,3320.0,0.0,100,292.4,259.0,0,0.0,0.0,,0.0,1,0.14,0.34,SPY190719C00305000,305.0,normalDay
2019-06-19,415.0,3387.0,0.0,100,293.06,259.0,0,0.0,0.0,,0.0,1,0.14,0.33,SPY190719C00305000,305.0,normalDay
2019-06-20,415.0,3627.0,0.0,100,295.86,259.0,0,0.0,0.0,,0.0,1,0.14,0.73,SPY190719C00305000,305.0,normalDay
2019-06-21,415.0,3447.0,0.0,100,294.0,259.0,0,0.0,0.0,,0.0,1,0.14,0.67,SPY190719C00305000,305.0,normalDay
2019-06-24,415.0,3428.0,0.0,100,293.64,259.0,0,0.0,0.0,,0.0,1,0.14,0.5,SPY190719C00305000,305.0,normalDay
2019-06-25,415.0,3168.0,0.0,100,290.76,259.0,0,0.0,0.0,,0.0,1,0.14,0.22,SPY190719C00305000,305.0,normalDay
2019-06-26,415.0,3144.0,0.0,100,290.47,259.0,0,0.0,0.0,,0.0,1,0.14,0.17,SPY190719C00305000,305.0,normalDay
2019-06-27,415.0,3244.0,0.0,100,291.5,259.0,0,0.0,0.0,,0.0,1,0.14,0.2,SPY190719C00305000,305.0,normalDay
2019-06-28,415.0,3384.0,0.0,100,293.0,259.0,0,0.0,0.0,,0.0,1,0.14,0.3,SPY190719C00305000,305.0,normalDay
2019-07-01,415.0,3660.0,0.0,100,295.66,259.0,0,0.0,0.0,,0.0,1,0.14,0.2,SPY190719C00305000,305.0,normalDay
2019-07-02,415.0,3744.0,0.0,100,296.43,259.0,0,0.0,0.0,,0.0,1,0.14,0.13,SPY190719C00305000,305.0,normalDay
2019-07-03,415.0,3960.0,0.0,100,298.8,259.0,0,0.0,0.0,,0.0,1,0.14,0.34,SPY190719C00305000,305.0,normalDay
2019-07-05,415.0,3942.0,0.0,100,298.46,259.0,0,0.0,0.0,,0.0,1,0.14,0.18,SPY190719C00305000,305.0,normalDay
2019-07-08,415.0,3789.0,0.0,100,296.82,259.0,0,0.0,0.0,,0.0,1,0.14,0.07,SPY190719C00305000,305.0,normalDay
2019-07-09,415.0,3826.0,0.0,100,297.19,259.0,0,0.0,0.0,,0.0,1,0.14,0.07,SPY190719C00305000,305.0,normalDay
2019-07-10,415.0,3965.0,0.0,100,298.61,259.0,0,0.0,0.0,,0.0,1,0.14,0.1,SPY190719C00305000,305.0,normalDay
2019-07-11,415.0,4037.0,0.0,100,299.31,259.0,0,0.0,0.0,,0.0,1,0.14,0.08,SPY190719C00305000,305.0,normalDay
2019-07-12,415.0,4165.0,0.0,100,300.65,259.0,0,0.0,0.0,,0.0,1,0.14,0.14,SPY190719C00305000,305.0,normalDay
2019-07-15,415.0,4183.0,0.0,100,300.75,259.0,0,0.0,0.0,,0.0,1,0.14,0.06,SPY190719C00305000,305.0,normalDay
2019-07-16,415.0,4090.0,0.0,100,299.78,259.0,0,0.0,0.0,,0.0,1,0.14,0.02,SPY190719C00305000,305.0,normalDay
2019-07-17,415.0,3886.0,0.0,100,297.74,259.0,0,0.0,0.0,,0.0,1,0.14,0.02,SPY190719C00305000,305.0,normalDay
2019-07-18,415.0,3996.0,0.0,100,298.83,259.0,0,0.0,0.0,,0.0,1,0.14,0.01,SPY190719C00305000,305.0,normalDay
2019-07-19,429.0,3817.0,14.0,100,297.17,259.0,0,0.0,0.0,,0.0,1,0.14,0.0,SPY190719C00305000,305.0,expirationDay
2019-07-22,429.0,3887.0,0.0,100,297.9,259.0,0,0.0,0.0,,0.0,1,0.14,0.17,SPY190823C00311000,311.0,normalDay
2019-07-23,429.0,4091.0,0.0,100,300.03,259.0,0,0.0,0.0,,0.0,1,0.14,0.26,SPY190823C00311000,311.0,normalDay
2019-07-24,429.0,4222.0,0.0,100,301.44,259.0,0,0.0,0.0,,0.0,1,0.14,0.36,SPY190823C00311000,311.0,normalDay
2019-07-25,429.0,4092.0,0.0,100,300.0,259.0,0,0.0,0.0,,0.0,1,0.14,0.22,SPY190823C00311000,311.0,normalDay
2019-07-26,429.0,4283.0,0.0,100,302.01,259.0,0,0.0,0.0,,0.0,1,0.14,0.32,SPY190823C00311000,311.0,normalDay
2019-07-29,429.0,4235.0,0.0,100,301.46,259.0,0,0.0,0.0,,0.0,1,0.14,0.25,SPY190823C00311000,311.0,normalDay
2019-07-30,429.0,4161.0,0.0,100,300.72,259.0,0,0.0,0.0,,0.0,1,0.14,0.25,SPY190823C00311000,311.0,normalDay
2019-07-31,429.0,3848.0,0.0,100,297.43,259.0,0,0.0,0.0,,0.0,1,0.14,0.09,SPY190823C00311000,311.0,normalDay
2019-08-01,429.0,3593.0,0.0,100,294.84,259.0,0,0.0,0.0,,0.0,1,0.14,0.05,SPY190823C00311000,311.0,normalDay
2019-08-02,429.0,3373.0,0.0,100,292.62,259.0,0,0.0,0.0,,0.0,1,0.14,0.03,SPY190823C00311000,311.0,normalDay
2019-08-05,429.0,2494.0,0.0,100,283.82,259.0,0,0.0,0.0,,0.0,1,0.14,0.02,SPY190823C00311000,311.0,normalDay
2019-08-06,429.0,2892.0,0.0,100,287.8,259.0,0,0.0,0.0,,0.0,1,0.14,0.02,SPY190823C00311000,311.0,normalDay
2019-08-07,429.0,2909.0,0.0,100,287.97,259.0,0,0.0,0.0,,0.0,1,0.14,0.02,SPY190823C00311000,311.0,normalDay
2019-08-08,429.0,3474.0,0.0,100,293.62,259.0,0,0.0,0.0,,0.0,1,0.14,0.02,SPY190823C00311000,311.0,normalDay
2019-08-09,429.0,3274.0,0.0,100,291.62,259.0,0,0.0,0.0,,0.0,1,0.14,0.02,SPY190823C00311000,311.0,normalDay
2019-08-12,429.0,2920.0,0.0,100,288.07,259.0,0,0.0,0.0,,0.0,1,0.14,0.01,SPY190823C00311000,311.0,normalDay
2019-08-13,429.0,3368.0,0.0,100,292.55,259.0,0,0.0,0.0,,0.0,1,0.14,0.01,SPY190823C00311000,311.0,normalDay
2019-08-14,429.0,2503.0,0.0,100,283.9,259.0,0,0.0,0.0,,0.0,1,0.14,0.01,SPY190823C00311000,311.0,normalDay
2019-08-15,429.0,2578.0,0.0,100,284.65,259.0,0,0.0,0.0,,0.0,1,0.14,0.01,SPY190823C00311000,311.0,normalDay
2019-08-16,429.0,2998.0,0.0,100,288.85,259.0,0,0.0,0.0,,0.0,1,0.14,0.01,SPY190823C00311000,311.0,normalDay
2019-08-19,429.0,3346.0,0.0,100,292.33,259.0,0,0.0,0.0,,0.0,1,0.14,0.01,SPY190823C00311000,311.0,normalDay
2019-08-20,429.0,3122.0,0.0,100,290.09,259.0,0,0.0,0.0,,0.0,1,0.14,0.01,SPY190823C00311000,311.0,normalDay
2019-08-21,429.0,3358.0,0.0,100,292.45,259.0,0,0.0,0.0,,0.0,1,0.14,0.01,SPY190823C00311000,311.0,normalDay
2019-08-22,429.0,3349.0,0.0,100,292.36,259.0,0,0.0,0.0,,0.0,1,0.14,0.01,SPY190823C00311000,311.0,normalDay
2019-08-23,443.0,2585.0,14.0,100,284.85,259.0,0,0.0,0.0,,0.0,1,0.14,0.0,SPY190823C00311000,311.0,expirationDay
2019-08-26,443.0,2897.0,0.0,100,288.0,259.0,0,0.0,0.0,,0.0,1,0.05,0.08,SPY190927C00310000,310.0,normalDay
2019-08-27,443.0,2785.0,0.0,100,286.87,259.0,0,0.0,0.0,,0.0,1,0.05,0.07,SPY190927C00310000,310.0,normalDay
2019-08-28,443.0,2985.0,0.0,100,288.89,259.0,0,0.0,0.0,,0.0,1,0.05,0.09,SPY190927C00310000,310.0,normalDay
2019-08-29,443.0,3351.0,0.0,100,292.58,259.0,0,0.0,0.0,,0.0,1,0.05,0.12,SPY190927C00310000,310.0,normalDay
2019-08-30,443.0,3340.0,0.0,100,292.45,259.0,0,0.0,0.0,,0.0,1,0.05,0.1,SPY190927C00310000,310.0,normalDay
2019-09-03,443.0,3175.0,0.0,100,290.74,259.0,0,0.0,0.0,,0.0,1,0.05,0.04,SPY190927C00310000,310.0,normalDay
2019-09-04,443.0,3504.0,0.0,100,294.04,259.0,0,0.0,0.0,,0.0,1,0.05,0.05,SPY190927C00310000,310.0,normalDay
2019-09-05,443.0,3874.0,0.0,100,297.82,259.0,0,0.0,0.0,,0.0,1,0.05,0.13,SPY190927C00310000,310.0,normalDay
2019-09-06,443.0,3899.0,0.0,100,298.05,259.0,0,0.0,0.0,,0.0,1,0.05,0.11,SPY190927C00310000,310.0,normalDay
2019-09-09,443.0,3917.0,0.0,100,298.2,259.0,0,0.0,0.0,,0.0,1,0.05,0.08,SPY190927C00310000,310.0,normalDay
2019-09-10,443.0,3911.0,0.0,100,298.13,259.0,0,0.0,0.0,,0.0,1,0.05,0.07,SPY190927C00310000,310.0,normalDay
2019-09-11,443.0,4120.0,0.0,100,300.25,259.0,0,0.0,0.0,,0.0,1,0.05,0.1,SPY190927C00310000,310.0,normalDay
2019-09-12,443.0,4219.0,0.0,100,301.29,259.0,0,0.0,0.0,,0.0,1,0.05,0.15,SPY190927C00310000,310.0,normalDay
2019-09-13,443.0,4205.0,0.0,100,301.09,259.0,0,0.0,0.0,,0.0,1,0.05,0.09,SPY190927C00310000,310.0,normalDay
2019-09-16,443.0,4116.0,0.0,100,300.16,259.0,0,0.0,0.0,,0.0,1,0.05,0.05,SPY190927C00310000,310.0,normalDay
2019-09-17,443.0,4191.0,0.0,100,300.92,259.0,0,0.0,0.0,,0.0,1,0.05,0.06,SPY190927C00310000,310.0,normalDay
2019-09-18,443.0,4210.0,0.0,100,301.1,259.0,0,0.0,0.0,,0.0,1,0.05,0.05,SPY190927C00310000,310.0,normalDay
2019-09-19,443.0,4209.0,0.0,100,301.08,259.0,0,0.0,0.0,,0.0,1,0.05,0.04,SPY190927C00310000,310.0,normalDay
2019-09-20,443.0,3931.0,0.0,100,298.28,259.0,0,0.0,0.0,,0.0,1,0.05,0.02,SPY190927C00310000,310.0,normalDay
2019-09-23,443.0,3925.0,0.0,100,298.21,259.0,0,0.0,0.0,,0.0,1,0.05,0.01,SPY190927C00310000,310.0,normalDay
2019-09-24,443.0,3691.0,0.0,100,295.87,259.0,0,0.0,0.0,,0.0,1,0.05,0.01,SPY190927C00310000,310.0,normalDay
2019-09-25,443.0,3866.0,0.0,100,297.62,259.0,0,0.0,0.0,,0.0,1,0.05,0.01,SPY190927C00310000,310.0,normalDay
2019-09-26,443.0,3804.0,0.0,100,297.0,259.0,0,0.0,0.0,,0.0,1,0.05,0.01,SPY190927C00310000,310.0,normalDay
2019-09-27,448.0,3640.0,5.0,100,295.4,259.0,0,0.0,0.0,,0.0,1,0.05,0.0,SPY190927C00310000,310.0,expirationDay
2019-09-30,448.0,3773.0,0.0,100,296.77,259.0,0,0.0,0.0,,0.0,1,0.3,0.34,SPY191101C00310000,310.0,normalDay
2019-10-01,448.0,3438.0,0.0,100,293.24,259.0,0,0.0,0.0,,0.0,1,0.3,0.16,SPY191101C00310000,310.0,normalDay
2019-10-02,448.0,2926.0,0.0,100,288.06,259.0,0,0.0,0.0,,0.0,1,0.3,0.1,SPY191101C00310000,310.0,normalDay
2019-10-03,448.0,3162.0,0.0,100,290.42,259.0,0,0.0,0.0,,0.0,1,0.3,0.1,SPY191101C00310000,310.0,normalDay
2019-10-04,448.0,3553.0,0.0,100,294.35,259.0,0,0.0,0.0,,0.0,1,0.3,0.12,SPY191101C00310000,310.0,normalDay
2019-10-07,448.0,3429.0,0.0,100,293.08,259.0,0,0.0,0.0,,0.0,1,0.3,0.09,SPY191101C00310000,310.0,normalDay
2019-10-08,448.0,2977.0,0.0,100,288.53,259.0,0,0.0,0.0,,0.0,1,0.3,0.06,SPY191101C00310000,310.0,normalDay
2019-10-09,448.0,3251.0,0.0,100,291.27,259.0,0,0.0,0.0,,0.0,1,0.3,0.06,SPY191101C00310000,310.0,normalDay
2019-10-10,448.0,3445.0,0.0,100,293.24,259.0,0,0.0,0.0,,0.0,1,0.3,0.09,SPY191101C00310000,310.0,normalDay
2019-10-11,448.0,3745.0,0.0,100,296.28,259.0,0,0.0,0.0,,0.0,1,0.3,0.13,SPY191101C00310000,310.0,normalDay
2019-10-14,448.0,3719.0,0.0,100,295.95,259.0,0,0.0,0.0,,0.0,1,0.3,0.06,SPY191101C00310000,310.0,normalDay
2019-10-15,448.0,4006.0,0.0,100,298.88,259.0,0,0.0,0.0,,0.0,1,0.3,0.12,SPY191101C00310000,310.0,normalDay
2019-10-16,448.0,3962.0,0.0,100,298.4,259.0,0,0.0,0.0,,0.0,1,0.3,0.08,SPY191101C00310000,310.0,normalDay
2019-10-17,448.0,4050.0,0.0,100,299.28,259.0,0,0.0,0.0,,0.0,1,0.3,0.08,SPY191101C00310000,310.0,normalDay
2019-10-18,448.0,3923.0,0.0,100,297.97,259.0,0,0.0,0.0,,0.0,1,0.3,0.04,SPY191101C00310000,310.0,normalDay
2019-10-21,448.0,4123.0,0.0,100,299.99,259.0,0,0.0,0.0,,0.0,1,0.3,0.06,SPY191101C00310000,310.0,normalDay
2019-10-22,448.0,4027.0,0.0,100,299.01,259.0,0,0.0,0.0,,0.0,1,0.3,0.04,SPY191101C00310000,310.0,normalDay
2019-10-23,448.0,4116.0,0.0,100,299.88,259.0,0,0.0,0.0,,0.0,1,0.3,0.02,SPY191101C00310000,310.0,normalDay
2019-10-24,448.0,4165.0,0.0,100,300.37,259.0,0,0.0,0.0,,0.0,1,0.3,0.02,SPY191101C00310000,310.0,normalDay
2019-10-25,448.0,4288.0,0.0,100,301.6,259.0,0,0.0,0.0,,0.0,1,0.3,0.02,SPY191101C00310000,310.0,normalDay
2019-10-28,448.0,4456.0,0.0,100,303.3,259.0,0,0.0,0.0,,0.0,1,0.3,0.04,SPY191101C00310000,310.0,normalDay
2019-10-29,448.0,4449.0,0.0,100,303.21,259.0,0,0.0,0.0,,0.0,1,0.3,0.02,SPY191101C00310000,310.0,normalDay
2019-10-30,448.0,4542.0,0.0,100,304.14,259.0,0,0.0,0.0,,0.0,1,0.3,0.02,SPY191101C00310000,310.0,normalDay
2019-10-31,448.0,4462.0,0.0,100,303.33,259.0,0,0.0,0.0,,0.0,1,0.3,0.01,SPY191101C00310000,310.0,normalDay
2019-11-01,478.0,4714.0,30.0,100,306.14,259.0,0,0.0,0.0,,0.0,1,0.3,0.0,SPY191101C00310000,310.0,expirationDay
2019-11-04,478.0,4834.0,0.0,100,307.37,259.0,0,0.0,0.0,,0.0,1,0.28,0.31,SPY191206C00320000,320.0,normalDay
2019-11-05,478.0,4803.0,0.0,100,307.03,259.0,0,0.0,0.0,,0.0,1,0.28,0.28,SPY191206C00320000,320.0,normalDay
2019-11-06,478.0,4815.0,0.0,100,307.1,259.0,0,0.0,0.0,,0.0,1,0.28,0.23,SPY191206C00320000,320.0,normalDay
2019-11-07,478.0,4918.0,0.0,100,308.18,259.0,0,0.0,0.0,,0.0,1,0.28,0.28,SPY191206C00320000,320.0,normalDay
2019-11-08,478.0,4996.0,0.0,100,308.94,259.0,0,0.0,0.0,,0.0,1,0.28,0.26,SPY191206C00320000,320.0,normalDay
2019-11-11,478.0,4943.0,0.0,100,308.35,259.0,0,0.0,0.0,,0.0,1,0.28,0.2,SPY191206C00320000,320.0,normalDay
2019-11-12,478.0,5009.0,0.0,100,309.0,259.0,0,0.0,0.0,,0.0,1,0.28,0.19,SPY191206C00320000,320.0,normalDay
2019-11-13,478.0,5020.0,0.0,100,309.1,259.0,0,0.0,0.0,,0.0,1,0.28,0.18,SPY191206C00320000,320.0,normalDay
2019-11-14,478.0,5067.0,0.0,100,309.55,259.0,0,0.0,0.0,,0.0,1,0.28,0.16,SPY191206C00320000,320.0,normalDay
2019-11-15,478.0,5284.0,0.0,100,311.79,259.0,0,0.0,0.0,,0.0,1,0.28,0.23,SPY191206C00320000,320.0,normalDay
2019-11-18,478.0,5309.0,0.0,100,312.02,259.0,0,0.0,0.0,,0.0,1,0.28,0.21,SPY191206C00320000,320.0,normalDay
2019-11-19,478.0,5304.0,0.0,100,311.93,259.0,0,0.0,0.0,,0.0,1,0.28,0.17,SPY191206C00320000,320.0,normalDay
2019-11-20,478.0,5197.0,0.0,100,310.77,259.0,0,0.0,0.0,,0.0,1,0.28,0.08,SPY191206C00320000,320.0,normalDay
2019-11-21,478.0,5147.0,0.0,100,310.27,259.0,0,0.0,0.0,,0.0,1,0.28,0.08,SPY191206C00320000,320.0,normalDay
2019-11-22,478.0,5218.0,0.0,100,310.96,259.0,0,0.0,0.0,,0.0,1,0.28,0.06,SPY191206C00320000,320.0,normalDay
2019-11-25,478.0,5456.0,0.0,100,313.37,259.0,0,0.0,0.0,,0.0,1,0.28,0.09,SPY191206C00320000,320.0,normalDay
2019-11-26,478.0,5525.0,0.0,100,314.08,259.0,0,0.0,0.0,,0.0,1,0.28,0.11,SPY191206C00320000,320.0,normalDay
2019-11-27,478.0,5653.0,0.0,100,315.48,259.0,0,0.0,0.0,,0.0,1,0.28,0.23,SPY191206C00320000,320.0,normalDay
2019-11-29,478.0,5551.0,0.0,100,314.31,259.0,0,0.0,0.0,,0.0,1,0.28,0.08,SPY191206C00320000,320.0,normalDay
2019-12-02,478.0,5289.0,0.0,100,311.64,259.0,0,0.0,0.0,,0.0,1,0.28,0.03,SPY191206C00320000,320.0,normalDay
2019-12-03,478.0,5082.0,0.0,100,309.55,259.0,0,0.0,0.0,,0.0,1,0.28,0.01,SPY191206C00320000,320.0,normalDay
2019-12-04,478.0,5273.0,0.0,100,311.46,259.0,0,0.0,0.0,,0.0,1,0.28,0.01,SPY191206C00320000,320.0,normalDay
2019-12-05,478.0,5329.0,0.0,100,312.02,259.0,0,0.0,0.0,,0.0,1,0.28,0.01,SPY191206C00320000,320.0,normalDay
2019-12-06,506.0,5587.0,28.0,100,314.87,259.0,0,0.0,0.0,,0.0,1,0.28,0.0,SPY191206C00320000,320.0,expirationDay
2019-12-09,506.0,5484.0,0.0,100,313.88,259.0,0,0.0,0.0,,0.0,1,0.94,0.98,SPY200110C00321000,321.0,normalDay
2019-12-10,506.0,5457.0,0.0,100,313.53,259.0,0,0.0,0.0,,0.0,1,0.94,0.9,SPY200110C00321000,321.0,normalDay
2019-12-11,506.0,5538.0,0.0,100,314.42,259.0,0,0.0,0.0,,0.0,1,0.94,0.98,SPY200110C00321000,321.0,normalDay
2019-12-12,506.0,5759.0,0.0,100,317.13,259.0,0,0.0,0.0,,0.0,1,0.94,1.48,SPY200110C00321000,321.0,normalDay
2019-12-13,506.0,5815.0,0.0,100,317.32,259.0,0,0.0,0.0,,0.0,1,0.94,1.11,SPY200110C00321000,321.0,normalDay
2019-12-16,506.0,5962.0,0.0,100,319.5,259.0,0,0.0,0.0,,0.0,1,0.94,1.82,SPY200110C00321000,321.0,normalDay
2019-12-17,506.0,5979.0,0.0,100,319.57,259.0,0,0.0,0.0,,0.0,1,0.94,1.72,SPY200110C00321000,321.0,normalDay
2019-12-18,506.0,5975.0,0.0,100,319.59,259.0,0,0.0,0.0,,0.0,1,0.94,1.78,SPY200110C00321000,321.0,normalDay
2019-12-19,506.0,6062.0,0.0,100,320.9,259.0,0,0.0,0.0,,0.0,1,0.94,2.22,SPY200110C00321000,321.0,normalDay
2019-12-20,506.0,5959.0,0.0,100,320.73,259.0,0,0.0,0.0,,0.0,1,0.94,3.08,SPY200110C00321000,321.0,normalDay
2019-12-23,506.0,6020.0,0.0,100,321.22,259.0,0,0.0,0.0,,0.0,1,0.94,2.96,SPY200110C00321000,321.0,normalDay
2019-12-24,506.0,6029.0,0.0,100,321.23,259.0,0,0.0,0.0,,0.0,1,0.94,2.88,SPY200110C00321000,321.0,normalDay
2019-12-26,506.0,6097.0,0.0,100,322.94,259.0,0,0.0,0.0,,0.0,1,0.94,3.91,SPY200110C00321000,321.0,normalDay
2019-12-27,506.0,6102.0,0.0,100,322.86,259.0,0,0.0,0.0,,0.0,1,0.94,3.78,SPY200110C00321000,321.0,normalDay
2019-12-30,506.0,6016.0,0.0,100,321.08,259.0,0,0.0,0.0,,0.0,1,0.94,2.86,SPY200110C00321000,321.0,normalDay
2019-12-31,506.0,6066.0,0.0,100,321.86,259.0,0,0.0,0.0,,0.0,1,0.94,3.14,SPY200110C00321000,321.0,normalDay
2020-01-02,506.0,6216.0,0.0,100,324.87,259.0,0,0.0,0.0,,0.0,1,0.94,4.65,SPY200110C00321000,321.0,normalDay
2020-01-03,506.0,6120.0,0.0,100,322.41,259.0,0,0.0,0.0,,0.0,1,0.94,3.15,SPY200110C00321000,321.0,normalDay
2020-01-06,506.0,6202.0,0.0,100,323.64,259.0,0,0.0,0.0,,0.0,1,0.94,3.56,SPY200110C00321000,321.0,normalDay
2020-01-07,506.0,6222.0,0.0,100,322.73,259.0,0,0.0,0.0,,0.0,1,0.94,2.45,SPY200110C00321000,321.0,normalDay
2020-01-08,506.0,6226.0,0.0,100,324.45,259.0,0,0.0,0.0,,0.0,1,0.94,4.13,SPY200110C00321000,321.0,normalDay
2020-01-09,506.0,6279.0,0.0,100,326.65,259.0,0,0.0,0.0,,0.0,1,0.94,5.8,SPY200110C00321000,321.0,normalDay
2020-01-10,6800.0,6279.0,6294.0,0,325.71,0.0,0,0.0,0.0,,0.0,1,0.94,0.0,SPY200110C00321000,321.0,expirationDay
2020-01-13,6800.0,-3.0,0.0,0,327.95,0.0,1,2.06,2.09,SPY200228P00316000,316.0,0,0.0,0.0,,0.0,normalDay
2020-01-14,6800.0,-3.0,0.0,0,327.45,0.0,1,2.06,2.09,SPY200228P00316000,316.0,0,0.0,0.0,,0.0,normalDay
2020-01-15,6800.0,14.0,0.0,0,328.19,0.0,1,2.06,1.92,SPY200228P00316000,316.0,0,0.0,0.0,,0.0,normalDay
2020-01-16,6800.0,50.0,0.0,0,330.92,0.0,1,2.06,1.56,SPY200228P00316000,316.0,0,0.0,0.0,,0.0,normalDay
2020-01-17,6800.0,67.0,0.0,0,331.95,0.0,1,2.06,1.39,SPY200228P00316000,316.0,0,0.0,0.0,,0.0,normalDay
2020-01-21,6800.0,59.0,0.0,0,331.3,0.0,1,2.06,1.47,SPY200228P00316000,316.0,0,0.0,0.0,,0.0,normalDay
2020-01-22,6800.0,60.0,0.0,0,331.34,0.0,1,2.06,1.46,SPY200228P00316000,316.0,0,0.0,0.0,,0.0,normalDay
2020-01-23,6800.0,63.0,0.0,0,331.72,0.0,1,2.06,1.43,SPY200228P00316000,316.0,0,0.0,0.0,,0.0,normalDay
2020-01-24,6800.0,-2.0,0.0,0,328.77,0.0,1,2.06,2.08,SPY200228P00316000,316.0,0,0.0,0.0,,0.0,normalDay
2020-01-27,6800.0,-180.0,0.0,0,323.5,0.0,1,2.06,3.86,SPY200228P00316000,316.0,0,0.0,0.0,,0.0,normalDay
2020-01-28,6800.0,-42.0,0.0,0,326.89,0.0,1,2.06,2.48,SPY200228P00316000,316.0,0,0.0,0.0,,0.0,normalDay
2020-01-29,6800.0,-44.0,0.0,0,326.62,0.0,1,2.06,2.5,SPY200228P00316000,316.0,0,0.0,0.0,,0.0,normalDay
2020-01-30,6800.0,18.0,0.0,0,327.68,0.0,1,2.06,1.88,SPY200228P00316000,316.0,0,0.0,0.0,,0.0,normalDay
2020-01-31,6800.0,-175.0,0.0,0,321.73,0.0,1,2.06,3.81,SPY200228P00316000,316.0,0,0.0,0.0,,0.0,normalDay
2020-02-03,6800.0,-89.0,0.0,0,324.12,0.0,1,2.06,2.95,SPY200228P00316000,316.0,0,0.0,0.0,,0.0,normalDay
2020-02-04,6800.0,65.0,0.0,0,329.06,0.0,1,2.06,1.41,SPY200228P00316000,316.0,0,0.0,0.0,,0.0,normalDay
2020-02-05,6800.0,124.0,0.0,0,332.86,0.0,1,2.06,0.82,SPY200228P00316000,316.0,0,0.0,0.0,,0.0,normalDay
2020-02-06,6800.0,131.0,0.0,0,333.98,0.0,1,2.06,0.75,SPY200228P00316000,316.0,0,0.0,0.0,,0.0,normalDay
2020-02-07,6800.0,118.0,0.0,0,332.2,0.0,1,2.06,0.88,SPY200228P00316000,316.0,0,0.0,0.0,,0.0,normalDay
2020-02-10,6800.0,154.0,0.0,0,334.68,0.0,1,2.06,0.52,SPY200228P00316000,316.0,0,0.0,0.0,,0.0,normalDay
2020-02-11,6800.0,157.0,0.0,0,335.26,0.0,1,2.06,0.49,SPY200228P00316000,316.0,0,0.0,0.0,,0.0,normalDay
2020-02-12,6800.0,178.0,0.0,0,337.42,0.0,1,2.06,0.28,SPY200228P00316000,316.0,0,0.0,0.0,,0.0,normalDay
2020-02-13,6800.0,177.0,0.0,0,337.06,0.0,1,2.06,0.29,SPY200228P00316000,316.0,0,0.0,0.0,,0.0,normalDay
2020-02-14,6800.0,186.0,0.0,0,337.6,0.0,1,2.06,0.2,SPY200228P00316000,316.0,0,0.0,0.0,,0.0,normalDay
2020-02-18,6800.0,190.0,0.0,0,336.73,0.0,1,2.06,0.16,SPY200228P00316000,316.0,0,0.0,0.0,,0.0,normalDay
2020-02-19,6800.0,195.0,0.0,0,338.34,0.0,1,2.06,0.11,SPY200228P00316000,316.0,0,0.0,0.0,,0.0,normalDay
2020-02-20,6800.0,195.0,0.0,0,336.95,0.0,1,2.06,0.11,SPY200228P00316000,316.0,0,0.0,0.0,,0.0,normalDay
2020-02-21,6800.0,194.0,0.0,0,333.48,0.0,1,2.06,0.12,SPY200228P00316000,316.0,0,0.0,0.0,,0.0,normalDay
2020-02-24,6800.0,-36.0,0.0,0,322.42,0.0,1,2.06,2.42,SPY200228P00316000,316.0,0,0.0,0.0,,0.0,normalDay
2020-02-25,6800.0,-356.0,0.0,0,312.65,0.0,1,2.06,5.62,SPY200228P00316000,316.0,0,0.0,0.0,,0.0,normalDay
2020-02-26,6800.0,-406.0,0.0,0,311.5,0.0,1,2.06,6.12,SPY200228P00316000,316.0,0,0.0,0.0,,0.0,normalDay
2020-02-27,6800.0,-1689.0,0.0,0,297.51,0.0,1,2.06,18.95,SPY200228P00316000,316.0,0,0.0,0.0,,0.0,normalDay
2020-02-28,7006.0,-1974.0,206.0,100,296.26,316.0,1,2.06,0.0,SPY200228P00316000,316.0,0,0.0,0.0,,0.0,expirationDay
2020-03-02,7006.0,-691.0,0.0,100,309.09,316.0,0,0.0,0.0,,0.0,0,0.0,0.0,,0.0,bidTooLow
2020-03-03,7006.0,-1576.0,0.0,100,300.24,316.0,0,0.0,0.0,,0.0,0,0.0,0.0,,0.0,bidTooLow
2020-03-04,7006.0,-314.0,0.0,100,312.86,316.0,0,0.0,0.0,,0.0,0,0.0,0.0,,0.0,bidTooLow
2020-03-05,7006.0,-1368.0,0.0,100,302.46,316.0,0,0.0,0.0,,0.0,1,0.2,0.34,SPY200406C00340000,340.0,normalDay
2020-03-06,7006.0,-1849.0,0.0,100,297.46,316.0,0,0.0,0.0,,0.0,1,0.2,0.15,SPY200406C00340000,340.0,normalDay
2020-03-09,7006.0,-4170.0,0.0,100,274.23,316.0,0,0.0,0.0,,0.0,1,0.2,0.13,SPY200406C00340000,340.0,normalDay
2020-03-10,7006.0,-2748.0,0.0,100,288.42,316.0,0,0.0,0.0,,0.0,1,0.2,0.1,SPY200406C00340000,340.0,normalDay
2020-03-11,7006.0,-4151.0,0.0,100,274.36,316.0,0,0.0,0.0,,0.0,1,0.2,0.07,SPY200406C00340000,340.0,normalDay
2020-03-12,7006.0,-6774.0,0.0,100,248.11,316.0,0,0.0,0.0,,0.0,1,0.2,0.05,SPY200406C00340000,340.0,normalDay
2020-03-13,7006.0,-4658.0,0.0,100,269.32,316.0,0,0.0,0.0,,0.0,1,0.2,0.1,SPY200406C00340000,340.0,normalDay
2020-03-16,7006.0,-7602.0,0.0,100,239.85,316.0,0,0.0,0.0,,0.0,1,0.2,0.07,SPY200406C00340000,340.0,normalDay
2020-03-17,7006.0,-6304.0,0.0,100,252.8,316.0,0,0.0,0.0,,0.0,1,0.2,0.04,SPY200406C00340000,340.0,normalDay
2020-03-18,7006.0,-7584.0,0.0,100,240.0,316.0,0,0.0,0.0,,0.0,1,0.2,0.04,SPY200406C00340000,340.0,normalDay
2020-03-19,7006.0,-7533.0,0.0,100,240.51,316.0,0,0.0,0.0,,0.0,1,0.2,0.04,SPY200406C00340000,340.0,normalDay
2020-03-20,7006.0,-8702.0,0.0,100,228.8,316.0,0,0.0,0.0,,0.0,1,0.2,0.02,SPY200406C00340000,340.0,normalDay
2020-03-23,7006.0,-9287.0,0.0,100,222.95,316.0,0,0.0,0.0,,0.0,1,0.2,0.02,SPY200406C00340000,340.0,normalDay
2020-03-24,7006.0,-7269.0,0.0,100,243.15,316.0,0,0.0,0.0,,0.0,1,0.2,0.04,SPY200406C00340000,340.0,normalDay
2020-03-25,7006.0,-6903.0,0.0,100,246.79,316.0,0,0.0,0.0,,0.0,1,0.2,0.02,SPY200406C00340000,340.0,normalDay
2020-03-26,7006.0,-5462.0,0.0,100,261.2,316.0,0,0.0,0.0,,0.0,1,0.2,0.02,SPY200406C00340000,340.0,normalDay
2020-03-27,7006.0,-6240.0,0.0,100,253.42,316.0,0,0.0,0.0,,0.0,1,0.2,0.02,SPY200406C00340000,340.0,normalDay
2020-03-30,7006.0,-5416.0,0.0,100,261.65,316.0,0,0.0,0.0,,0.0,1,0.2,0.01,SPY200406C00340000,340.0,normalDay
2020-03-31,7006.0,-5806.0,0.0,100,257.75,316.0,0,0.0,0.0,,0.0,1,0.2,0.01,SPY200406C00340000,340.0,normalDay
2020-04-01,7006.0,-6966.0,0.0,100,246.15,316.0,0,0.0,0.0,,0.0,1,0.2,0.01,SPY200406C00340000,340.0,normalDay
2020-04-02,7006.0,-6398.0,0.0,100,251.83,316.0,0,0.0,0.0,,0.0,1,0.2,0.01,SPY200406C00340000,340.0,normalDay
2020-04-03,7006.0,-6762.0,0.0,100,248.19,316.0,0,0.0,0.0,,0.0,1,0.2,0.01,SPY200406C00340000,340.0,normalDay
2020-04-06,7026.0,-5114.0,20.0,100,264.86,316.0,0,0.0,0.0,,0.0,1,0.2,0.0,SPY200406C00340000,340.0,expirationDay
2020-04-07,7026.0,-5090.0,0.0,100,265.13,316.0,0,0.0,0.0,,0.0,1,0.24,0.27,SPY200508C00310000,310.0,normalDay
2020-04-08,7026.0,-4225.0,0.0,100,274.03,316.0,0,0.0,0.0,,0.0,1,0.24,0.52,SPY200508C00310000,310.0,normalDay
2020-04-09,7026.0,-3834.0,0.0,100,278.2,316.0,0,0.0,0.0,,0.0,1,0.24,0.78,SPY200508C00310000,310.0,normalDay
2020-04-13,7026.0,-4054.0,0.0,100,275.66,316.0,0,0.0,0.0,,0.0,1,0.24,0.44,SPY200508C00310000,310.0,normalDay
2020-04-14,7026.0,-3290.0,0.0,100,283.79,316.0,0,0.0,0.0,,0.0,1,0.24,0.93,SPY200508C00310000,310.0,normalDay
2020-04-15,7026.0,-3843.0,0.0,100,277.76,316.0,0,0.0,0.0,,0.0,1,0.24,0.43,SPY200508C00310000,310.0,normalDay
2020-04-16,7026.0,-3705.0,0.0,100,279.1,316.0,0,0.0,0.0,,0.0,1,0.24,0.39,SPY200508C00310000,310.0,normalDay
2020-04-17,7026.0,-2996.0,0.0,100,286.64,316.0,0,0.0,0.0,,0.0,1,0.24,0.84,SPY200508C00310000,310.0,normalDay
2020-04-20,7026.0,-3459.0,0.0,100,281.59,316.0,0,0.0,0.0,,0.0,1,0.24,0.42,SPY200508C00310000,310.0,normalDay
2020-04-21,7026.0,-4290.0,0.0,100,273.04,316.0,0,0.0,0.0,,0.0,1,0.24,0.18,SPY200508C00310000,310.0,normalDay
2020-04-22,7026.0,-3682.0,0.0,100,279.1,316.0,0,0.0,0.0,,0.0,1,0.24,0.16,SPY200508C00310000,310.0,normalDay
2020-04-23,7026.0,-3681.0,0.0,100,279.08,316.0,0,0.0,0.0,,0.0,1,0.24,0.13,SPY200508C00310000,310.0,normalDay
2020-04-24,7026.0,-3291.0,0.0,100,282.97,316.0,0,0.0,0.0,,0.0,1,0.24,0.12,SPY200508C00310000,310.0,normalDay
2020-04-27,7026.0,-2884.0,0.0,100,287.05,316.0,0,0.0,0.0,,0.0,1,0.24,0.13,SPY200508C00310000,310.0,normalDay
2020-04-28,7026.0,-3012.0,0.0,100,285.73,316.0,0,0.0,0.0,,0.0,1,0.24,0.09,SPY200508C00310000,310.0,normalDay
2020-04-29,7026.0,-2281.0,0.0,100,293.21,316.0,0,0.0,0.0,,0.0,1,0.24,0.26,SPY200508C00310000,310.0,normalDay
2020-04-30,7026.0,-2541.0,0.0,100,290.48,316.0,0,0.0,0.0,,0.0,1,0.24,0.13,SPY200508C00310000,310.0,normalDay
2020-05-01,7026.0,-3299.0,0.0,100,282.79,316.0,0,0.0,0.0,,0.0,1,0.24,0.02,SPY200508C00310000,310.0,normalDay
2020-05-04,7026.0,-3220.0,0.0,100,283.57,316.0,0,0.0,0.0,,0.0,1,0.24,0.01,SPY200508C00310000,310.0,normalDay
2020-05-05,7026.0,-2958.0,0.0,100,286.19,316.0,0,0.0,0.0,,0.0,1,0.24,0.01,SPY200508C00310000,310.0,normalDay
2020-05-06,7026.0,-3152.0,0.0,100,284.25,316.0,0,0.0,0.0,,0.0,1,0.24,0.01,SPY200508C00310000,310.0,normalDay
2020-05-07,7026.0,-2809.0,0.0,100,287.68,316.0,0,0.0,0.0,,0.0,1,0.24,0.01,SPY200508C00310000,310.0,normalDay
2020-05-08,7050.0,-2356.0,24.0,100,292.44,316.0,0,0.0,0.0,,0.0,1,0.24,0.0,SPY200508C00310000,310.0,expirationDay
2020-05-11,7050.0,-2355.0,0.0,100,292.5,316.0,0,0.0,0.0,,0.0,1,1.46,1.51,SPY200612C00308000,308.0,normalDay
2020-05-12,7050.0,-2882.0,0.0,100,286.67,316.0,0,0.0,0.0,,0.0,1,1.46,0.95,SPY200612C00308000,308.0,normalDay
2020-05-13,7050.0,-3355.0,0.0,100,281.6,316.0,0,0.0,0.0,,0.0,1,1.46,0.61,SPY200612C00308000,308.0,normalDay
2020-05-14,7050.0,-3028.0,0.0,100,284.97,316.0,0,0.0,0.0,,0.0,1,1.46,0.71,SPY200612C00308000,308.0,normalDay
2020-05-15,7050.0,-2884.0,0.0,100,286.28,316.0,0,0.0,0.0,,0.0,1,1.46,0.58,SPY200612C00308000,308.0,normalDay
2020-05-18,7050.0,-2143.0,0.0,100,295.0,316.0,0,0.0,0.0,,0.0,1,1.46,1.89,SPY200612C00308000,308.0,normalDay
2020-05-19,7050.0,-2395.0,0.0,100,291.97,316.0,0,0.0,0.0,,0.0,1,1.46,1.38,SPY200612C00308000,308.0,normalDay
2020-05-20,7050.0,-1985.0,0.0,100,296.93,316.0,0,0.0,0.0,,0.0,1,1.46,2.24,SPY200612C00308000,308.0,normalDay
2020-05-21,7050.0,-2124.0,0.0,100,294.88,316.0,0,0.0,0.0,,0.0,1,1.46,1.58,SPY200612C00308000,308.0,normalDay
2020-05-22,7050.0,-2056.0,0.0,100,295.44,316.0,0,0.0,0.0,,0.0,1,1.46,1.46,SPY200612C00308000,308.0,normalDay
2020-05-26,7050.0,-1746.0,0.0,100,299.08,316.0,0,0.0,0.0,,0.0,1,1.46,2.0,SPY200612C00308000,308.0,normalDay
2020-05-27,7050.0,-1443.0,0.0,100,303.53,316.0,0,0.0,0.0,,0.0,1,1.46,3.42,SPY200612C00308000,308.0,normalDay
2020-05-28,7050.0,-1512.0,0.0,100,302.97,316.0,0,0.0,0.0,,0.0,1,1.46,3.55,SPY200612C00308000,308.0,normalDay
2020-05-29,7050.0,-1400.0,0.0,100,304.32,316.0,0,0.0,0.0,,0.0,1,1.46,3.78,SPY200612C00308000,308.0,normalDay
2020-06-01,7050.0,-1266.0,0.0,100,305.55,316.0,0,0.0,0.0,,0.0,1,1.46,3.67,SPY200612C00308000,308.0,normalDay
2020-06-02,7050.0,-1085.0,0.0,100,308.08,316.0,0,0.0,0.0,,0.0,1,1.46,4.39,SPY200612C00308000,308.0,normalDay
2020-06-03,7050.0,-916.0,0.0,100,312.18,316.0,0,0.0,0.0,,0.0,1,1.46,6.8,SPY200612C00308000,308.0,normalDay
2020-06-04,7050.0,-914.0,0.0,100,311.36,316.0,0,0.0,0.0,,0.0,1,1.46,5.96,SPY200612C00308000,308.0,normalDay
2020-06-05,7050.0,-709.0,0.0,100,319.34,316.0,0,0.0,0.0,,0.0,1,1.46,11.89,SPY200612C00308000,308.0,normalDay
2020-06-08,7050.0,-632.0,0.0,100,323.2,316.0,0,0.0,0.0,,0.0,1,1.46,14.98,SPY200612C00308000,308.0,normalDay
2020-06-09,7050.0,-748.0,0.0,100,320.79,316.0,0,0.0,0.0,,0.0,1,1.46,13.73,SPY200612C00308000,308.0,normalDay
2020-06-10,7050.0,-635.0,0.0,100,319.0,316.0,0,0.0,0.0,,0.0,1,1.46,10.81,SPY200612C00308000,308.0,normalDay
2020-06-11,7050.0,-1455.0,0.0,100,300.61,316.0,0,0.0,0.0,,0.0,1,1.46,0.62,SPY200612C00308000,308.0,normalDay
2020-06-12,7196.0,-1179.0,146.0,100,304.21,316.0,0,0.0,0.0,,0.0,1,1.46,0.0,SPY200612C00308000,308.0,expirationDay
2020-06-15,7196.0,-898.0,0.0,100,307.05,316.0,0,0.0,0.0,,0.0,1,0.26,0.29,SPY200717C00347000,347.0,normalDay
2020-06-16,7196.0,-325.0,0.0,100,312.96,316.0,0,0.0,0.0,,0.0,1,0.26,0.47,SPY200717C00347000,347.0,normalDay
2020-06-17,7196.0,-444.0,0.0,100,311.66,316.0,0,0.0,0.0,,0.0,1,0.26,0.36,SPY200717C00347000,347.0,normalDay
2020-06-18,7196.0,-425.0,0.0,100,311.78,316.0,0,0.0,0.0,,0.0,1,0.26,0.29,SPY200717C00347000,347.0,normalDay
2020-06-19,7196.0,-728.0,0.0,100,308.64,316.0,0,0.0,0.0,,0.0,1,0.26,0.18,SPY200717C00347000,347.0,normalDay
2020-06-22,7196.0,-528.0,0.0,100,310.62,316.0,0,0.0,0.0,,0.0,1,0.26,0.16,SPY200717C00347000,347.0,normalDay
2020-06-23,7196.0,-386.0,0.0,100,312.05,316.0,0,0.0,0.0,,0.0,1,0.26,0.17,SPY200717C00347000,347.0,normalDay
2020-06-24,7196.0,-1175.0,0.0,100,304.09,316.0,0,0.0,0.0,,0.0,1,0.26,0.1,SPY200717C00347000,347.0,normalDay
2020-06-25,7196.0,-850.0,0.0,100,307.35,316.0,0,0.0,0.0,,0.0,1,0.26,0.11,SPY200717C00347000,347.0,normalDay
2020-06-26,7196.0,-1575.0,0.0,100,300.05,316.0,0,0.0,0.0,,0.0,1,0.26,0.06,SPY200717C00347000,347.0,normalDay
2020-06-29,7196.0,-1134.0,0.0,100,304.46,316.0,0,0.0,0.0,,0.0,1,0.26,0.06,SPY200717C00347000,347.0,normalDay
2020-06-30,7196.0,-745.0,0.0,100,308.36,316.0,0,0.0,0.0,,0.0,1,0.26,0.07,SPY200717C00347000,347.0,normalDay
2020-07-01,7196.0,-528.0,0.0,100,310.52,316.0,0,0.0,0.0,,0.0,1,0.26,0.06,SPY200717C00347000,347.0,normalDay
2020-07-02,7196.0,-355.0,0.0,100,312.23,316.0,0,0.0,0.0,,0.0,1,0.26,0.04,SPY200717C00347000,347.0,normalDay
2020-07-06,7196.0,127.0,0.0,100,317.05,316.0,0,0.0,0.0,,0.0,1,0.26,0.04,SPY200717C00347000,347.0,normalDay
2020-07-07,7196.0,-199.0,0.0,100,313.78,316.0,0,0.0,0.0,,0.0,1,0.26,0.03,SPY200717C00347000,347.0,normalDay
2020-07-08,7196.0,43.0,0.0,100,316.18,316.0,0,0.0,0.0,,0.0,1,0.26,0.01,SPY200717C00347000,347.0,normalDay
2020-07-09,7196.0,-137.0,0.0,100,314.38,316.0,0,0.0,0.0,,0.0,1,0.26,0.01,SPY200717C00347000,347.0,normalDay
2020-07-10,7196.0,184.0,0.0,100,317.59,316.0,0,0.0,0.0,,0.0,1,0.26,0.01,SPY200717C00347000,347.0,normalDay
2020-07-13,7196.0,-91.0,0.0,100,314.84,316.0,0,0.0,0.0,,0.0,1,0.26,0.01,SPY200717C00347000,347.0,normalDay
2020-07-14,7196.0,317.0,0.0,100,318.92,316.0,0,0.0,0.0,,0.0,1,0.26,0.01,SPY200717C00347000,347.0,normalDay
2020-07-15,7196.0,610.0,0.0,100,321.85,316.0,0,0.0,0.0,,0.0,1,0.26,0.01,SPY200717C00347000,347.0,normalDay
2020-07-16,7196.0,504.0,0.0,100,320.79,316.0,0,0.0,0.0,,0.0,1,0.26,0.01,SPY200717C00347000,347.0,normalDay
2020-07-17,7222.0,572.0,26.0,100,321.72,316.0,0,0.0,0.0,,0.0,1,0.26,0.0,SPY200717C00347000,347.0,expirationDay
2020-07-20,7222.0,829.0,0.0,100,324.32,316.0,0,0.0,0.0,,0.0,1,1.21,1.24,SPY200821C00342000,342.0,normalDay
2020-07-21,7222.0,890.0,0.0,100,325.01,316.0,0,0.0,0.0,,0.0,1,1.21,1.32,SPY200821C00342000,342.0,normalDay
2020-07-22,7222.0,1075.0,0.0,100,326.86,316.0,0,0.0,0.0,,0.0,1,1.21,1.32,SPY200821C00342000,342.0,normalDay
2020-07-23,7222.0,743.0,0.0,100,322.96,316.0,0,0.0,0.0,,0.0,1,1.21,0.74,SPY200821C00342000,342.0,normalDay
2020-07-24,7222.0,556.0,0.0,100,320.88,316.0,0,0.0,0.0,,0.0,1,1.21,0.53,SPY200821C00342000,342.0,normalDay
2020-07-27,7222.0,791.0,0.0,100,323.22,316.0,0,0.0,0.0,,0.0,1,1.21,0.52,SPY200821C00342000,342.0,normalDay
2020-07-28,7222.0,601.0,0.0,100,321.17,316.0,0,0.0,0.0,,0.0,1,1.21,0.37,SPY200821C00342000,342.0,normalDay
2020-07-29,7222.0,975.0,0.0,100,325.12,316.0,0,0.0,0.0,,0.0,1,1.21,0.58,SPY200821C00342000,342.0,normalDay
2020-07-30,7222.0,865.0,0.0,100,323.96,316.0,0,0.0,0.0,,0.0,1,1.21,0.52,SPY200821C00342000,342.0,normalDay
2020-07-31,7222.0,1115.0,0.0,100,326.52,316.0,0,0.0,0.0,,0.0,1,1.21,0.58,SPY200821C00342000,342.0,normalDay
2020-08-03,7222.0,1329.0,0.0,100,328.79,316.0,0,0.0,0.0,,0.0,1,1.21,0.71,SPY200821C00342000,342.0,normalDay
2020-08-04,7222.0,1450.0,0.0,100,330.06,316.0,0,0.0,0.0,,0.0,1,1.21,0.77,SPY200821C00342000,342.0,normalDay
2020-08-05,7222.0,1641.0,0.0,100,332.11,316.0,0,0.0,0.0,,0.0,1,1.21,0.91,SPY200821C00342000,342.0,normalDay
2020-08-06,7222.0,1826.0,0.0,100,334.33,316.0,0,0.0,0.0,,0.0,1,1.21,1.28,SPY200821C00342000,342.0,normalDay
2020-08-07,7222.0,1866.0,0.0,100,334.57,316.0,0,0.0,0.0,,0.0,1,1.21,1.12,SPY200821C00342000,342.0,normalDay
2020-08-10,7222.0,1980.0,0.0,100,335.57,316.0,0,0.0,0.0,,0.0,1,1.21,0.98,SPY200821C00342000,342.0,normalDay
2020-08-11,7222.0,1732.0,0.0,100,332.8,316.0,0,0.0,0.0,,0.0,1,1.21,0.69,SPY200821C00342000,342.0,normalDay
2020-08-12,7222.0,2137.0,0.0,100,337.44,316.0,0,0.0,0.0,,0.0,1,1.21,1.28,SPY200821C00342000,342.0,normalDay
2020-08-13,7222.0,2119.0,0.0,100,336.83,316.0,0,0.0,0.0,,0.0,1,1.21,0.85,SPY200821C00342000,342.0,normalDay
2020-08-14,7222.0,2147.0,0.0,100,336.84,316.0,0,0.0,0.0,,0.0,1,1.21,0.58,SPY200821C00342000,342.0,normalDay
2020-08-17,7222.0,2266.0,0.0,100,337.91,316.0,0,0.0,0.0,,0.0,1,1.21,0.46,SPY200821C00342000,342.0,normalDay
2020-08-18,7222.0,2339.0,0.0,100,338.64,316.0,0,0.0,0.0,,0.0,1,1.21,0.46,SPY200821C00342000,342.0,normalDay
2020-08-19,7222.0,2228.0,0.0,100,337.23,316.0,0,0.0,0.0,,0.0,1,1.21,0.16,SPY200821C00342000,342.0,normalDay
2020-08-20,7222.0,2343.0,0.0,100,338.28,316.0,0,0.0,0.0,,0.0,1,1.21,0.06,SPY200821C00342000,342.0,normalDay
2020-08-21,7343.0,2348.0,121.0,100,339.48,316.0,0,0.0,0.0,,0.0,1,1.21,0.0,SPY200821C00342000,342.0,expirationDay
2020-08-24,7343.0,2688.0,0.0,100,342.92,316.0,0,0.0,0.0,,0.0,1,0.76,0.8,SPY200925C00359000,359.0,normalDay
2020-08-25,7343.0,2795.0,0.0,100,344.12,316.0,0,0.0,0.0,,0.0,1,0.76,0.93,SPY200925C00359000,359.0,normalDay
2020-08-26,7343.0,3053.0,0.0,100,347.57,316.0,0,0.0,0.0,,0.0,1,0.76,1.8,SPY200925C00359000,359.0,normalDay
2020-08-27,7343.0,3088.0,0.0,100,348.33,316.0,0,0.0,0.0,,0.0,1,0.76,2.21,SPY200925C00359000,359.0,normalDay
2020-08-28,7343.0,3287.0,0.0,100,350.58,316.0,0,0.0,0.0,,0.0,1,0.76,2.47,SPY200925C00359000,359.0,normalDay
2020-08-31,7343.0,3154.0,0.0,100,349.31,316.0,0,0.0,0.0,,0.0,1,0.76,2.53,SPY200925C00359000,359.0,normalDay
2020-09-01,7343.0,3408.0,0.0,100,352.6,316.0,0,0.0,0.0,,0.0,1,0.76,3.28,SPY200925C00359000,359.0,normalDay
2020-09-02,7343.0,3657.0,0.0,100,357.7,316.0,0,0.0,0.0,,0.0,1,0.76,5.89,SPY200925C00359000,359.0,normalDay
2020-09-03,7343.0,2779.0,0.0,100,345.39,316.0,0,0.0,0.0,,0.0,1,0.76,2.36,SPY200925C00359000,359.0,normalDay
2020-09-04,7343.0,2621.0,0.0,100,342.57,316.0,0,0.0,0.0,,0.0,1,0.76,1.12,SPY200925C00359000,359.0,normalDay
2020-09-08,7343.0,1761.0,0.0,100,333.21,316.0,0,0.0,0.0,,0.0,1,0.76,0.36,SPY200925C00359000,359.0,normalDay
2020-09-09,7343.0,2394.0,0.0,100,339.79,316.0,0,0.0,0.0,,0.0,1,0.76,0.61,SPY200925C00359000,359.0,normalDay
2020-09-10,7343.0,1836.0,0.0,100,333.89,316.0,0,0.0,0.0,,0.0,1,0.76,0.29,SPY200925C00359000,359.0,normalDay
2020-09-11,7343.0,1867.0,0.0,100,334.06,316.0,0,0.0,0.0,,0.0,1,0.76,0.15,SPY200925C00359000,359.0,normalDay
2020-09-14,7343.0,2308.0,0.0,100,338.46,316.0,0,0.0,0.0,,0.0,1,0.76,0.14,SPY200925C00359000,359.0,normalDay
2020-09-15,7343.0,2477.0,0.0,100,340.17,316.0,0,0.0,0.0,,0.0,1,0.76,0.16,SPY200925C00359000,359.0,normalDay
2020-09-16,7343.0,2350.0,0.0,100,338.82,316.0,0,0.0,0.0,,0.0,1,0.76,0.08,SPY200925C00359000,359.0,normalDay
2020-09-17,7343.0,2054.0,0.0,100,335.84,316.0,0,0.0,0.0,,0.0,1,0.76,0.06,SPY200925C00359000,359.0,normalDay
2020-09-18,7343.0,1539.0,0.0,100,330.65,316.0,0,0.0,0.0,,0.0,1,0.76,0.02,SPY200925C00359000,359.0,normalDay
2020-09-21,7343.0,1172.0,0.0,100,326.97,316.0,0,0.0,0.0,,0.0,1,0.76,0.01,SPY200925C00359000,359.0,normalDay
2020-09-22,7343.0,1505.0,0.0,100,330.3,316.0,0,0.0,0.0,,0.0,1,0.76,0.01,SPY200925C00359000,359.0,normalDay
2020-09-23,7343.0,739.0,0.0,100,322.64,316.0,0,0.0,0.0,,0.0,1,0.76,0.01,SPY200925C00359000,359.0,normalDay
2020-09-24,7343.0,825.0,0.0,100,323.5,316.0,0,0.0,0.0,,0.0,1,0.76,0.01,SPY200925C00359000,359.0,normalDay
2020-09-25,7419.0,1273.0,76.0,100,328.73,316.0,0,0.0,0.0,,0.0,1,0.76,0.0,SPY200925C00359000,359.0,expirationDay
2020-09-28,7419.0,1815.0,0.0,100,334.19,316.0,0,0.0,0.0,,0.0,1,0.14,0.18,SPY201030C00380000,380.0,normalDay
2020-09-29,7419.0,1635.0,0.0,100,332.37,316.0,0,0.0,0.0,,0.0,1,0.14,0.16,SPY201030C00380000,380.0,normalDay
2020-09-30,7419.0,1885.0,0.0,100,334.89,316.0,0,0.0,0.0,,0.0,1,0.14,0.18,SPY201030C00380000,380.0,normalDay
2020-10-01,7419.0,2098.0,0.0,100,337.04,316.0,0,0.0,0.0,,0.0,1,0.14,0.2,SPY201030C00380000,380.0,normalDay
2020-10-02,7419.0,1785.0,0.0,100,333.84,316.0,0,0.0,0.0,,0.0,1,0.14,0.13,SPY201030C00380000,380.0,normalDay
2020-10-05,7419.0,2378.0,0.0,100,339.76,316.0,0,0.0,0.0,,0.0,1,0.14,0.12,SPY201030C00380000,380.0,normalDay
2020-10-06,7419.0,1900.0,0.0,100,334.93,316.0,0,0.0,0.0,,0.0,1,0.14,0.07,SPY201030C00380000,380.0,normalDay
2020-10-07,7419.0,2482.0,0.0,100,340.76,316.0,0,0.0,0.0,,0.0,1,0.14,0.08,SPY201030C00380000,380.0,normalDay
2020-10-08,7419.0,2784.0,0.0,100,343.78,316.0,0,0.0,0.0,,0.0,1,0.14,0.08,SPY201030C00380000,380.0,normalDay
2020-10-09,7419.0,3091.0,0.0,100,346.85,316.0,0,0.0,0.0,,0.0,1,0.14,0.08,SPY201030C00380000,380.0,normalDay
2020-10-12,7419.0,3644.0,0.0,100,352.43,316.0,0,0.0,0.0,,0.0,1,0.14,0.13,SPY201030C00380000,380.0,normalDay
2020-10-13,7419.0,3418.0,0.0,100,350.13,316.0,0,0.0,0.0,,0.0,1,0.14,0.09,SPY201030C00380000,380.0,normalDay
2020-10-14,7419.0,3201.0,0.0,100,347.93,316.0,0,0.0,0.0,,0.0,1,0.14,0.06,SPY201030C00380000,380.0,normalDay
2020-10-15,7419.0,3158.0,0.0,100,347.5,316.0,0,0.0,0.0,,0.0,1,0.14,0.06,SPY201030C00380000,380.0,normalDay
2020-10-16,7419.0,3139.0,0.0,100,347.29,316.0,0,0.0,0.0,,0.0,1,0.14,0.04,SPY201030C00380000,380.0,normalDay
2020-10-19,7419.0,2613.0,0.0,100,342.01,316.0,0,0.0,0.0,,0.0,1,0.14,0.02,SPY201030C00380000,380.0,normalDay
2020-10-20,7419.0,2749.0,0.0,100,343.38,316.0,0,0.0,0.0,,0.0,1,0.14,0.03,SPY201030C00380000,380.0,normalDay
2020-10-21,7419.0,2685.0,0.0,100,342.73,316.0,0,0.0,0.0,,0.0,1,0.14,0.02,SPY201030C00380000,380.0,normalDay
2020-10-22,7419.0,2874.0,0.0,100,344.61,316.0,0,0.0,0.0,,0.0,1,0.14,0.01,SPY201030C00380000,380.0,normalDay
2020-10-23,7419.0,2991.0,0.0,100,345.78,316.0,0,0.0,0.0,,0.0,1,0.14,0.01,SPY201030C00380000,380.0,normalDay
2020-10-26,7419.0,2352.0,0.0,100,339.39,316.0,0,0.0,0.0,,0.0,1,0.14,0.01,SPY201030C00380000,380.0,normalDay
2020-10-27,7419.0,2235.0,0.0,100,338.22,316.0,0,0.0,0.0,,0.0,1,0.14,0.01,SPY201030C00380000,380.0,normalDay
2020-10-28,7419.0,1079.0,0.0,100,326.66,316.0,0,0.0,0.0,,0.0,1,0.14,0.01,SPY201030C00380000,380.0,normalDay
2020-10-29,7419.0,1411.0,0.0,100,329.98,316.0,0,0.0,0.0,,0.0,1,0.14,0.01,SPY201030C00380000,380.0,normalDay
2020-10-30,7433.0,1054.0,14.0,100,326.54,316.0,0,0.0,0.0,,0.0,1,0.14,0.0,SPY201030C00380000,380.0,expirationDay
2020-11-02,7433.0,1416.0,0.0,100,330.2,316.0,0,0.0,0.0,,0.0,1,0.27,0.31,SPY201204C00375000,375.0,normalDay
2020-11-03,7433.0,1983.0,0.0,100,336.03,316.0,0,0.0,0.0,,0.0,1,0.27,0.47,SPY201204C00375000,375.0,normalDay
2020-11-04,7433.0,2736.0,0.0,100,343.54,316.0,0,0.0,0.0,,0.0,1,0.27,0.45,SPY201204C00375000,375.0,normalDay
2020-11-05,7433.0,3357.0,0.0,100,350.24,316.0,0,0.0,0.0,,0.0,1,0.27,0.94,SPY201204C00375000,375.0,normalDay
2020-11-06,7433.0,3385.0,0.0,100,350.16,316.0,0,0.0,0.0,,0.0,1,0.27,0.58,SPY201204C00375000,375.0,normalDay
2020-11-09,7433.0,3766.0,0.0,100,354.56,316.0,0,0.0,0.0,,0.0,1,0.27,1.17,SPY201204C00375000,375.0,normalDay
2020-11-10,7433.0,3750.0,0.0,100,354.04,316.0,0,0.0,0.0,,0.0,1,0.27,0.81,SPY201204C00375000,375.0,normalDay
2020-11-11,7433.0,4007.0,0.0,100,356.67,316.0,0,0.0,0.0,,0.0,1,0.27,0.87,SPY201204C00375000,375.0,normalDay
2020-11-12,7433.0,3700.0,0.0,100,353.21,316.0,0,0.0,0.0,,0.0,1,0.27,0.48,SPY201204C00375000,375.0,normalDay
2020-11-13,7433.0,4159.0,0.0,100,358.1,316.0,0,0.0,0.0,,0.0,1,0.27,0.78,SPY201204C00375000,375.0,normalDay
2020-11-16,7433.0,4578.0,0.0,100,362.57,316.0,0,0.0,0.0,,0.0,1,0.27,1.06,SPY201204C00375000,375.0,normalDay
2020-11-17,7433.0,4415.0,0.0,100,360.62,316.0,0,0.0,0.0,,0.0,1,0.27,0.74,SPY201204C00375000,375.0,normalDay
2020-11-18,7433.0,4022.0,0.0,100,356.28,316.0,0,0.0,0.0,,0.0,1,0.27,0.33,SPY201204C00375000,375.0,normalDay
2020-11-19,7433.0,4175.0,0.0,100,357.78,316.0,0,0.0,0.0,,0.0,1,0.27,0.3,SPY201204C00375000,375.0,normalDay
2020-11-20,7433.0,3936.0,0.0,100,355.33,316.0,0,0.0,0.0,,0.0,1,0.27,0.24,SPY201204C00375000,375.0,normalDay
2020-11-23,7433.0,4157.0,0.0,100,357.46,316.0,0,0.0,0.0,,0.0,1,0.27,0.16,SPY201204C00375000,375.0,normalDay
2020-11-24,7433.0,4706.0,0.0,100,363.22,316.0,0,0.0,0.0,,0.0,1,0.27,0.43,SPY201204C00375000,375.0,normalDay
2020-11-25,7433.0,4668.0,0.0,100,362.66,316.0,0,0.0,0.0,,0.0,1,0.27,0.25,SPY201204C00375000,375.0,normalDay
2020-11-27,7433.0,4772.0,0.0,100,363.67,316.0,0,0.0,0.0,,0.0,1,0.27,0.22,SPY201204C00375000,375.0,normalDay
2020-11-30,7433.0,4625.0,0.0,100,362.06,316.0,0,0.0,0.0,,0.0,1,0.27,0.08,SPY201204C00375000,375.0,normalDay
2020-12-01,7433.0,5016.0,0.0,100,366.02,316.0,0,0.0,0.0,,0.0,1,0.27,0.13,SPY201204C00375000,375.0,normalDay
2020-12-02,7433.0,5098.0,0.0,100,366.79,316.0,0,0.0,0.0,,0.0,1,0.27,0.08,SPY201204C00375000,375.0,normalDay
2020-12-03,7433.0,5094.0,0.0,100,366.69,316.0,0,0.0,0.0,,0.0,1,0.27,0.02,SPY201204C00375000,375.0,normalDay
2020-12-04,7460.0,5385.0,27.0,100,369.85,316.0,0,0.0,0.0,,0.0,1,0.27,0.0,SPY201204C00375000,375.0,expirationDay
2020-12-07,7460.0,5303.0,0.0,100,369.09,316.0,0,0.0,0.0,,0.0,1,1.34,1.4,SPY210108C00384000,384.0,normalDay
2020-12-08,7460.0,5408.0,0.0,100,370.17,316.0,0,0.0,0.0,,0.0,1,1.34,1.43,SPY210108C00384000,384.0,normalDay
2020-12-09,7460.0,5122.0,0.0,100,366.85,316.0,0,0.0,0.0,,0.0,1,1.34,0.97,SPY210108C00384000,384.0,normalDay
2020-12-10,7460.0,5121.0,0.0,100,366.73,316.0,0,0.0,0.0,,0.0,1,1.34,0.86,SPY210108C00384000,384.0,normalDay
2020-12-11,7460.0,5090.0,0.0,100,366.3,316.0,0,0.0,0.0,,0.0,1,1.34,0.74,SPY210108C00384000,384.0,normalDay
2020-12-14,7460.0,4940.0,0.0,100,364.66,316.0,0,0.0,0.0,,0.0,1,1.34,0.6,SPY210108C00384000,384.0,normalDay
2020-12-15,7460.0,5408.0,0.0,100,369.59,316.0,0,0.0,0.0,,0.0,1,1.34,0.85,SPY210108C00384000,384.0,normalDay
2020-12-16,7460.0,5462.0,0.0,100,370.17,316.0,0,0.0,0.0,,0.0,1,1.34,0.89,SPY210108C00384000,384.0,normalDay
2020-12-17,7460.0,5647.0,0.0,100,372.24,316.0,0,0.0,0.0,,0.0,1,1.34,1.11,SPY210108C00384000,384.0,normalDay
2020-12-18,7460.0,5371.0,0.0,100,369.18,316.0,0,0.0,0.0,,0.0,1,1.34,0.81,SPY210108C00384000,384.0,normalDay
2020-12-21,7460.0,5252.0,0.0,100,367.86,316.0,0,0.0,0.0,,0.0,1,1.34,0.68,SPY210108C00384000,384.0,normalDay
2020-12-22,7460.0,5214.0,0.0,100,367.24,316.0,0,0.0,0.0,,0.0,1,1.34,0.44,SPY210108C00384000,384.0,normalDay
2020-12-23,7460.0,5259.0,0.0,100,367.57,316.0,0,0.0,0.0,,0.0,1,1.34,0.32,SPY210108C00384000,384.0,normalDay
2020-12-24,7460.0,5406.0,0.0,100,369.0,316.0,0,0.0,0.0,,0.0,1,1.34,0.28,SPY210108C00384000,384.0,normalDay
2020-12-28,7460.0,5708.0,0.0,100,372.17,316.0,0,0.0,0.0,,0.0,1,1.34,0.43,SPY210108C00384000,384.0,normalDay
2020-12-29,7460.0,5644.0,0.0,100,371.46,316.0,0,0.0,0.0,,0.0,1,1.34,0.36,SPY210108C00384000,384.0,normalDay
2020-12-30,7460.0,5704.0,0.0,100,371.99,316.0,0,0.0,0.0,,0.0,1,1.34,0.29,SPY210108C00384000,384.0,normalDay
2020-12-31,7460.0,5886.0,0.0,100,373.88,316.0,0,0.0,0.0,,0.0,1,1.34,0.36,SPY210108C00384000,384.0,normalDay
2021-01-04,7460.0,5401.0,0.0,100,368.79,316.0,0,0.0,0.0,,0.0,1,1.34,0.12,SPY210108C00384000,384.0,normalDay
2021-01-05,7460.0,5659.0,0.0,100,371.33,316.0,0,0.0,0.0,,0.0,1,1.34,0.08,SPY210108C00384000,384.0,normalDay
2021-01-06,7460.0,5884.0,0.0,100,373.55,316.0,0,0.0,0.0,,0.0,1,1.34,0.05,SPY210108C00384000,384.0,normalDay
2021-01-07,7460.0,6438.0,0.0,100,379.1,316.0,0,0.0,0.0,,0.0,1,1.34,0.06,SPY210108C00384000,384.0,normalDay
2021-01-08,7594.0,6526.0,134.0,100,381.26,316.0,0,0.0,0.0,,0.0,1,1.34,0.0,SPY210108C00384000,384.0,expirationDay
2021-01-11,7594.0,6264.0,0.0,100,378.69,316.0,0,0.0,0.0,,0.0,1,3.22,3.27,SPY210212C00390000,390.0,normalDay
2021-01-12,7594.0,6321.0,0.0,100,378.77,316.0,0,0.0,0.0,,0.0,1,3.22,2.78,SPY210212C00390000,390.0,normalDay
2021-01-13,7594.0,6427.0,0.0,100,379.79,316.0,0,0.0,0.0,,0.0,1,3.22,2.74,SPY210212C00390000,390.0,normalDay
2021-01-14,7594.0,6324.0,0.0,100,378.46,316.0,0,0.0,0.0,,0.0,1,3.22,2.44,SPY210212C00390000,390.0,normalDay
2021-01-15,7594.0,6148.0,0.0,100,375.7,316.0,0,0.0,0.0,,0.0,1,3.22,1.44,SPY210212C00390000,390.0,normalDay
2021-01-19,7594.0,6400.0,0.0,100,378.65,316.0,0,0.0,0.0,,0.0,1,3.22,1.87,SPY210212C00390000,390.0,normalDay
2021-01-20,7594.0,6784.0,0.0,100,383.89,316.0,0,0.0,0.0,,0.0,1,3.22,3.27,SPY210212C00390000,390.0,normalDay
2021-01-21,7594.0,6827.0,0.0,100,384.24,316.0,0,0.0,0.0,,0.0,1,3.22,3.19,SPY210212C00390000,390.0,normalDay
2021-01-22,7594.0,6760.0,0.0,100,382.88,316.0,0,0.0,0.0,,0.0,1,3.22,2.5,SPY210212C00390000,390.0,normalDay
2021-01-25,7594.0,6866.0,0.0,100,384.39,316.0,0,0.0,0.0,,0.0,1,3.22,2.95,SPY210212C00390000,390.0,normalDay
2021-01-26,7594.0,6815.0,0.0,100,383.79,316.0,0,0.0,0.0,,0.0,1,3.22,2.86,SPY210212C00390000,390.0,normalDay
2021-01-27,7594.0,6022.0,0.0,100,374.41,316.0,0,0.0,0.0,,0.0,1,3.22,1.41,SPY210212C00390000,390.0,normalDay
2021-01-28,7594.0,6345.0,0.0,100,377.63,316.0,0,0.0,0.0,,0.0,1,3.22,1.4,SPY210212C00390000,390.0,normalDay
2021-01-29,7594.0,5687.0,0.0,100,370.07,316.0,0,0.0,0.0,,0.0,1,3.22,0.42,SPY210212C00390000,390.0,normalDay
2021-02-01,7594.0,6286.0,0.0,100,376.23,316.0,0,0.0,0.0,,0.0,1,3.22,0.59,SPY210212C00390000,390.0,normalDay
2021-02-02,7594.0,6759.0,0.0,100,381.55,316.0,0,0.0,0.0,,0.0,1,3.22,1.18,SPY210212C00390000,390.0,normalDay
2021-02-03,7594.0,6828.0,0.0,100,381.85,316.0,0,0.0,0.0,,0.0,1,3.22,0.79,SPY210212C00390000,390.0,normalDay
2021-02-04,7594.0,7198.0,0.0,100,386.19,316.0,0,0.0,0.0,,0.0,1,3.22,1.43,SPY210212C00390000,390.0,normalDay
2021-02-05,7594.0,7329.0,0.0,100,387.71,316.0,0,0.0,0.0,,0.0,1,3.22,1.64,SPY210212C00390000,390.0,normalDay
2021-02-08,7594.0,7520.0,0.0,100,390.51,316.0,0,0.0,0.0,,0.0,1,3.22,2.53,SPY210212C00390000,390.0,normalDay
2021-02-09,7594.0,7511.0,0.0,100,390.25,316.0,0,0.0,0.0,,0.0,1,3.22,2.36,SPY210212C00390000,390.0,normalDay
2021-02-10,7594.0,7522.0,0.0,100,390.08,316.0,0,0.0,0.0,,0.0,1,3.22,2.08,SPY210212C00390000,390.0,normalDay
2021-02-11,7594.0,7643.0,0.0,100,390.71,316.0,0,0.0,0.0,,0.0,1,3.22,1.5,SPY210212C00390000,390.0,normalDay
2021-02-12,15316.0,7643.0,7722.0,0,392.64,0.0,0,0.0,0.0,,0.0,1,3.22,0.0,SPY210212C00390000,390.0,expirationDay
2021-02-16,15316.0,-7.0,0.0,0,392.3,0.0,1,4.56,4.63,SPY210401P00370000,370.0,0,0.0,0.0,,0.0,normalDay
2021-02-17,15316.0,15.0,0.0,0,392.39,0.0,1,4.56,4.41,SPY210401P00370000,370.0,0,0.0,0.0,,0.0,normalDay
2021-02-18,15316.0,-27.0,0.0,0,390.72,0.0,1,4.56,4.83,SPY210401P00370000,370.0,0,0.0,0.0,,0.0,normalDay
2021-02-19,15316.0,-15.0,0.0,0,390.03,0.0,1,4.56,4.71,SPY210401P00370000,370.0,0,0.0,0.0,,0.0,normalDay
2021-02-22,15316.0,-74.0,0.0,0,387.03,0.0,1,4.56,5.3,SPY210401P00370000,370.0,0,0.0,0.0,,0.0,normalDay
2021-02-23,15316.0,-40.0,0.0,0,387.5,0.0,1,4.56,4.96,SPY210401P00370000,370.0,0,0.0,0.0,,0.0,normalDay
2021-02-24,15316.0,91.0,0.0,0,391.77,0.0,1,4.56,3.65,SPY210401P00370000,370.0,0,0.0,0.0,,0.0,normalDay
2021-02-25,15316.0,-255.0,0.0,0,382.33,0.0,1,4.56,7.11,SPY210401P00370000,370.0,0,0.0,0.0,,0.0,normalDay
2021-02-26,15316.0,-274.0,0.0,0,380.36,0.0,1,4.56,7.3,SPY210401P00370000,370.0,0,0.0,0.0,,0.0,normalDay
2021-03-01,15316.0,70.0,0.0,0,389.58,0.0,1,4.56,3.86,SPY210401P00370000,370.0,0,0.0,0.0,,0.0,normalDay
2021-03-02,15316.0,-3.0,0.0,0,386.54,0.0,1,4.56,4.59,SPY210401P00370000,370.0,0,0.0,0.0,,0.0,normalDay
2021-03-03,15316.0,-153.0,0.0,0,381.42,0.0,1,4.56,6.09,SPY210401P00370000,370.0,0,0.0,0.0,,0.0,normalDay
2021-03-04,15316.0,-327.0,0.0,0,376.7,0.0,1,4.56,7.83,SPY210401P00370000,370.0,0,0.0,0.0,,0.0,normalDay
2021-03-05,15316.0,-30.0,0.0,0,383.63,0.0,1,4.56,4.86,SPY210401P00370000,370.0,0,0.0,0.0,,0.0,normalDay
2021-03-08,15316.0,-67.0,0.0,0,381.72,0.0,1,4.56,5.23,SPY210401P00370000,370.0,0,0.0,0.0,,0.0,normalDay
2021-03-09,15316.0,95.0,0.0,0,387.17,0.0,1,4.56,3.61,SPY210401P00370000,370.0,0,0.0,0.0,,0.0,normalDay
2021-03-10,15316.0,189.0,0.0,0,389.58,0.0,1,4.56,2.67,SPY210401P00370000,370.0,0,0.0,0.0,,0.0,normalDay
2021-03-11,15316.0,256.0,0.0,0,393.53,0.0,1,4.56,2.0,SPY210401P00370000,370.0,0,0.0,0.0,,0.0,normalDay
2021-03-12,15316.0,310.0,0.0,0,394.06,0.0,1,4.56,1.46,SPY210401P00370000,370.0,0,0.0,0.0,,0.0,normalDay
2021-03-15,15316.0,355.0,0.0,0,396.41,0.0,1,4.56,1.01,SPY210401P00370000,370.0,0,0.0,0.0,,0.0,normalDay
2021-03-16,15316.0,356.0,0.0,0,395.91,0.0,1,4.56,1.0,SPY210401P00370000,370.0,0,0.0,0.0,,0.0,normalDay
2021-03-17,15316.0,384.0,0.0,0,397.26,0.0,1,4.56,0.72,SPY210401P00370000,370.0,0,0.0,0.0,,0.0,normalDay
2021-03-18,15316.0,339.0,0.0,0,391.48,0.0,1,4.56,1.17,SPY210401P00370000,370.0,0,0.0,0.0,,0.0,normalDay
2021-03-19,15316.0,347.0,0.0,0,389.48,0.0,1,4.56,1.09,SPY210401P00370000,370.0,0,0.0,0.0,,0.0,normalDay
2021-03-22,15316.0,412.0,0.0,0,392.59,0.0,1,4.56,0.44,SPY210401P00370000,370.0,0,0.0,0.0,,0.0,normalDay
2021-03-23,15316.0,391.0,0.0,0,389.5,0.0,1,4.56,0.65,SPY210401P00370000,370.0,0,0.0,0.0,,0.0,normalDay
2021-03-24,15316.0,385.0,0.0,0,387.52,0.0,1,4.56,0.71,SPY210401P00370000,370.0,0,0.0,0.0,,0.0,normalDay
2021-03-25,15316.0,421.0,0.0,0,389.7,0.0,1,4.56,0.35,SPY210401P00370000,370.0,0,0.0,0.0,,0.0,normalDay
2021-03-26,15316.0,442.0,0.0,0,395.98,0.0,1,4.56,0.14,SPY210401P00370000,370.0,0,0.0,0.0,,0.0,normalDay
2021-03-29,15316.0,448.0,0.0,0,395.78,0.0,1,4.56,0.08,SPY210401P00370000,370.0,0,0.0,0.0,,0.0,normalDay
2021-03-30,15316.0,453.0,0.0,0,394.73,0.0,1,4.56,0.03,SPY210401P00370000,370.0,0,0.0,0.0,,0.0,normalDay
2021-03-31,15316.0,455.0,0.0,0,396.33,0.0,1,4.56,0.01,SPY210401P00370000,370.0,0,0.0,0.0,,0.0,normalDay
2021-04-01,15772.0,0.0,456.0,0,400.61,0.0,1,4.56,0.0,SPY210401P00370000,370.0,0,0.0,0.0,,0.0,expirationDay
2021-04-05,15772.0,-4.0,0.0,0,406.36,0.0,1,2.77,2.81,SPY210521P00381000,381.0,0,0.0,0.0,,0.0,normalDay
2021-04-06,15772.0,-8.0,0.0,0,406.12,0.0,1,2.77,2.85,SPY210521P00381000,381.0,0,0.0,0.0,,0.0,normalDay
2021-04-07,15772.0,24.0,0.0,0,406.59,0.0,1,2.77,2.53,SPY210521P00381000,381.0,0,0.0,0.0,,0.0,normalDay
2021-04-08,15772.0,48.0,0.0,0,408.52,0.0,1,2.77,2.29,SPY210521P00381000,381.0,0,0.0,0.0,,0.0,normalDay
2021-04-09,15772.0,72.0,0.0,0,411.49,0.0,1,2.77,2.05,SPY210521P00381000,381.0,0,0.0,0.0,,0.0,normalDay
2021-04-12,15772.0,92.0,0.0,0,411.64,0.0,1,2.77,1.85,SPY210521P00381000,381.0,0,0.0,0.0,,0.0,normalDay
2021-04-13,15772.0,115.0,0.0,0,412.86,0.0,1,2.77,1.62,SPY210521P00381000,381.0,0,0.0,0.0,,0.0,normalDay
2021-04-14,15772.0,106.0,0.0,0,411.45,0.0,1,2.77,1.71,SPY210521P00381000,381.0,0,0.0,0.0,,0.0,normalDay
2021-04-15,15772.0,144.0,0.0,0,415.87,0.0,1,2.77,1.33,SPY210521P00381000,381.0,0,0.0,0.0,,0.0,normalDay
2021-04-16,15772.0,156.0,0.0,0,417.26,0.0,1,2.77,1.21,SPY210521P00381000,381.0,0,0.0,0.0,,0.0,normalDay
2021-04-19,15772.0,144.0,0.0,0,415.21,0.0,1,2.77,1.33,SPY210521P00381000,381.0,0,0.0,0.0,,0.0,normalDay
2021-04-20,15772.0,103.0,0.0,0,412.17,0.0,1,2.77,1.74,SPY210521P00381000,381.0,0,0.0,0.0,,0.0,normalDay
2021-04-21,15772.0,160.0,0.0,0,416.07,0.0,1,2.77,1.17,SPY210521P00381000,381.0,0,0.0,0.0,,0.0,normalDay
2021-04-22,15772.0,120.0,0.0,0,412.27,0.0,1,2.77,1.57,SPY210521P00381000,381.0,0,0.0,0.0,,0.0,normalDay
2021-04-23,15772.0,180.0,0.0,0,416.74,0.0,1,2.77,0.97,SPY210521P00381000,381.0,0,0.0,0.0,,0.0,normalDay
2021-04-26,15772.0,197.0,0.0,0,417.61,0.0,1,2.77,0.8,SPY210521P00381000,381.0,0,0.0,0.0,,0.0,normalDay
2021-04-27,15772.0,202.0,0.0,0,417.52,0.0,1,2.77,0.75,SPY210521P00381000,381.0,0,0.0,0.0,,0.0,normalDay
2021-04-28,15772.0,214.0,0.0,0,417.4,0.0,1,2.77,0.63,SPY210521P00381000,381.0,0,0.0,0.0,,0.0,normalDay
2021-04-29,15772.0,219.0,0.0,0,420.06,0.0,1,2.77,0.58,SPY210521P00381000,381.0,0,0.0,0.0,,0.0,normalDay
2021-04-30,15772.0,205.0,0.0,0,417.3,0.0,1,2.77,0.72,SPY210521P00381000,381.0,0,0.0,0.0,,0.0,normalDay
2021-05-03,15772.0,220.0,0.0,0,418.2,0.0,1,2.77,0.57,SPY210521P00381000,381.0,0,0.0,0.0,,0.0,normalDay
2021-05-04,15772.0,209.0,0.0,0,415.62,0.0,1,2.77,0.68,SPY210521P00381000,381.0,0,0.0,0.0,,0.0,normalDay
2021-05-05,15772.0,213.0,0.0,0,415.75,0.0,1,2.77,0.64,SPY210521P00381000,381.0,0,0.0,0.0,,0.0,normalDay
2021-05-06,15772.0,232.0,0.0,0,419.07,0.0,1,2.77,0.45,SPY210521P00381000,381.0,0,0.0,0.0,,0.0,normalDay
2021-05-07,15772.0,246.0,0.0,0,422.12,0.0,1,2.77,0.31,SPY210521P00381000,381.0,0,0.0,0.0,,0.0,normalDay
2021-05-10,15772.0,233.0,0.0,0,417.94,0.0,1,2.77,0.44,SPY210521P00381000,381.0,0,0.0,0.0,,0.0,normalDay
2021-05-11,15772.0,224.0,0.0,0,414.21,0.0,1,2.77,0.53,SPY210521P00381000,381.0,0,0.0,0.0,,0.0,normalDay
2021-05-12,15772.0,133.0,0.0,0,405.41,0.0,1,2.77,1.44,SPY210521P00381000,381.0,0,0.0,0.0,,0.0,normalDay
2021-05-13,15772.0,220.0,0.0,0,410.28,0.0,1,2.77,0.57,SPY210521P00381000,381.0,0,0.0,0.0,,0.0,normalDay
2021-05-14,15772.0,261.0,0.0,0,416.58,0.0,1,2.77,0.16,SPY210521P00381000,381.0,0,0.0,0.0,,0.0,normalDay
2021-05-17,15772.0,269.0,0.0,0,415.52,0.0,1,2.77,0.08,SPY210521P00381000,381.0,0,0.0,0.0,,0.0,normalDay
2021-05-18,15772.0,268.0,0.0,0,411.94,0.0,1,2.77,0.09,SPY210521P00381000,381.0,0,0.0,0.0,,0.0,normalDay
2021-05-19,15772.0,270.0,0.0,0,410.86,0.0,1,2.77,0.07,SPY210521P00381000,381.0,0,0.0,0.0,,0.0,normalDay
2021-05-20,15772.0,276.0,0.0,0,415.28,0.0,1,2.77,0.01,SPY210521P00381000,381.0,0,0.0,0.0,,0.0,normalDay
2021-05-21,16049.0,0.0,277.0,0,414.94,0.0,1,2.77,0.0,SPY210521P00381000,381.0,0,0.0,0.0,,0.0,expirationDay
2021-05-24,16049.0,-5.0,0.0,0,419.17,0.0,1,6.43,6.48,SPY210716P00407000,407.0,0,0.0,0.0,,0.0,normalDay
2021-05-25,16049.0,-27.0,0.0,0,418.24,0.0,1,6.43,6.7,SPY210716P00407000,407.0,0,0.0,0.0,,0.0,normalDay
2021-05-26,16049.0,58.0,0.0,0,419.07,0.0,1,6.43,5.85,SPY210716P00407000,407.0,0,0.0,0.0,,0.0,normalDay
2021-05-27,16049.0,130.0,0.0,0,419.29,0.0,1,6.43,5.13,SPY210716P00407000,407.0,0,0.0,0.0,,0.0,normalDay
2021-05-28,16049.0,148.0,0.0,0,420.04,0.0,1,6.43,4.95,SPY210716P00407000,407.0,0,0.0,0.0,,0.0,normalDay
2021-06-01,16049.0,133.0,0.0,0,419.67,0.0,1,6.43,5.1,SPY210716P00407000,407.0,0,0.0,0.0,,0.0,normalDay
2021-06-02,16049.0,173.0,0.0,0,420.33,0.0,1,6.43,4.7,SPY210716P00407000,407.0,0,0.0,0.0,,0.0,normalDay
2021-06-03,16049.0,123.0,0.0,0,418.77,0.0,1,6.43,5.2,SPY210716P00407000,407.0,0,0.0,0.0,,0.0,normalDay
2021-06-04,16049.0,252.0,0.0,0,422.6,0.0,1,6.43,3.91,SPY210716P00407000,407.0,0,0.0,0.0,,0.0,normalDay
2021-06-07,16049.0,289.0,0.0,0,422.19,0.0,1,6.43,3.54,SPY210716P00407000,407.0,0,0.0,0.0,,0.0,normalDay
2021-06-08,16049.0,281.0,0.0,0,422.28,0.0,1,6.43,3.62,SPY210716P00407000,407.0,0,0.0,0.0,,0.0,normalDay
2021-06-09,16049.0,252.0,0.0,0,421.65,0.0,1,6.43,3.91,SPY210716P00407000,407.0,0,0.0,0.0,,0.0,normalDay
2021-06-10,16049.0,351.0,0.0,0,423.61,0.0,1,6.43,2.92,SPY210716P00407000,407.0,0,0.0,0.0,,0.0,normalDay
2021-06-11,16049.0,378.0,0.0,0,424.31,0.0,1,6.43,2.65,SPY210716P00407000,407.0,0,0.0,0.0,,0.0,normalDay
2021-06-14,16049.0,398.0,0.0,0,425.26,0.0,1,6.43,2.45,SPY210716P00407000,407.0,0,0.0,0.0,,0.0,normalDay
2021-06-15,16049.0,380.0,0.0,0,424.48,0.0,1,6.43,2.63,SPY210716P00407000,407.0,0,0.0,0.0,,0.0,normalDay
2021-06-16,16049.0,327.0,0.0,0,422.11,0.0,1,6.43,3.16,SPY210716P00407000,407.0,0,0.0,0.0,,0.0,normalDay
2021-06-17,16049.0,352.0,0.0,0,421.97,0.0,1,6.43,2.91,SPY210716P00407000,407.0,0,0.0,0.0,,0.0,normalDay
2021-06-18,16049.0,145.0,0.0,0,414.92,0.0,1,6.43,4.98,SPY210716P00407000,407.0,0,0.0,0.0,,0.0,normalDay
2021-06-21,16049.0,385.0,0.0,0,420.86,0.0,1,6.43,2.58,SPY210716P00407000,407.0,0,0.0,0.0,,0.0,normalDay
2021-06-22,16049.0,449.0,0.0,0,423.11,0.0,1,6.43,1.94,SPY210716P00407000,407.0,0,0.0,0.0,,0.0,normalDay
2021-06-23,16049.0,463.0,0.0,0,422.6,0.0,1,6.43,1.8,SPY210716P00407000,407.0,0,0.0,0.0,,0.0,normalDay
2021-06-24,16049.0,505.0,0.0,0,425.1,0.0,1,6.43,1.38,SPY210716P00407000,407.0,0,0.0,0.0,,0.0,normalDay
2021-06-25,16049.0,536.0,0.0,0,426.61,0.0,1,6.43,1.07,SPY210716P00407000,407.0,0,0.0,0.0,,0.0,normalDay
2021-06-28,16049.0,556.0,0.0,0,427.47,0.0,1,6.43,0.87,SPY210716P00407000,407.0,0,0.0,0.0,,0.0,normalDay
2021-06-29,16049.0,558.0,0.0,0,427.7,0.0,1,6.43,0.85,SPY210716P00407000,407.0,0,0.0,0.0,,0.0,normalDay
2021-06-30,16049.0,574.0,0.0,0,428.06,0.0,1,6.43,0.69,SPY210716P00407000,407.0,0,0.0,0.0,,0.0,normalDay
2021-07-01,16049.0,586.0,0.0,0,430.43,0.0,1,6.43,0.57,SPY210716P00407000,407.0,0,0.0,0.0,,0.0,normalDay
2021-07-02,16049.0,605.0,0.0,0,433.72,0.0,1,6.43,0.38,SPY210716P00407000,407.0,0,0.0,0.0,,0.0,normalDay
2021-07-06,16049.0,608.0,0.0,0,432.93,0.0,1,6.43,0.35,SPY210716P00407000,407.0,0,0.0,0.0,,0.0,normalDay
2021-07-07,16049.0,619.0,0.0,0,434.46,0.0,1,6.43,0.24,SPY210716P00407000,407.0,0,0.0,0.0,,0.0,normalDay
2021-07-08,16049.0,593.0,0.0,0,430.92,0.0,1,6.43,0.5,SPY210716P00407000,407.0,0,0.0,0.0,,0.0,normalDay
2021-07-09,16049.0,628.0,0.0,0,435.52,0.0,1,6.43,0.15,SPY210716P00407000,407.0,0,0.0,0.0,,0.0,normalDay
2021-07-12,16049.0,637.0,0.0,0,437.08,0.0,1,6.43,0.06,SPY210716P00407000,407.0,0,0.0,0.0,,0.0,normalDay
2021-07-13,16049.0,635.0,0.0,0,435.59,0.0,1,6.43,0.08,SPY210716P00407000,407.0,0,0.0,0.0,,0.0,normalDay
2021-07-14,16049.0,640.0,0.0,0,436.24,0.0,1,6.43,0.03,SPY210716P00407000,407.0,0,0.0,0.0,,0.0,normalDay
2021-07-15,16049.0,641.0,0.0,0,434.75,0.0,1,6.43,0.02,SPY210716P00407000,407.0,0,0.0,0.0,,0.0,normalDay
2021-07-16,16692.0,0.0,643.0,0,431.34,0.0,1,6.43,0.0,SPY210716P00407000,407.0,0,0.0,0.0,,0.0,expirationDay
2021-07-19,16692.0,-6.0,0.0,0,424.97,0.0,1,7.67,7.73,SPY210827P00418000,418.0,0,0.0,0.0,,0.0,normalDay
2021-07-20,16692.0,232.0,0.0,0,431.06,0.0,1,7.67,5.35,SPY210827P00418000,418.0,0,0.0,0.0,,0.0,normalDay
2021-07-21,16692.0,370.0,0.0,0,434.55,0.0,1,7.67,3.97,SPY210827P00418000,418.0,0,0.0,0.0,,0.0,normalDay
2021-07-22,16692.0,394.0,0.0,0,435.46,0.0,1,7.67,3.73,SPY210827P00418000,418.0,0,0.0,0.0,,0.0,normalDay
2021-07-23,16692.0,475.0,0.0,0,439.94,0.0,1,7.67,2.92,SPY210827P00418000,418.0,0,0.0,0.0,,0.0,normalDay
2021-07-26,16692.0,512.0,0.0,0,441.02,0.0,1,7.67,2.55,SPY210827P00418000,418.0,0,0.0,0.0,,0.0,normalDay
2021-07-27,16692.0,446.0,0.0,0,439.01,0.0,1,7.67,3.21,SPY210827P00418000,418.0,0,0.0,0.0,,0.0,normalDay
2021-07-28,16692.0,486.0,0.0,0,438.83,0.0,1,7.67,2.81,SPY210827P00418000,418.0,0,0.0,0.0,,0.0,normalDay
2021-07-29,16692.0,541.0,0.0,0,440.65,0.0,1,7.67,2.26,SPY210827P00418000,418.0,0,0.0,0.0,,0.0,normalDay
2021-07-30,16692.0,520.0,0.0,0,438.51,0.0,1,7.67,2.47,SPY210827P00418000,418.0,0,0.0,0.0,,0.0,normalDay
2021-08-02,16692.0,501.0,0.0,0,437.59,0.0,1,7.67,2.66,SPY210827P00418000,418.0,0,0.0,0.0,,0.0,normalDay
2021-08-03,16692.0,585.0,0.0,0,441.15,0.0,1,7.67,1.82,SPY210827P00418000,418.0,0,0.0,0.0,,0.0,normalDay
2021-08-04,16692.0,578.0,0.0,0,438.98,0.0,1,7.67,1.89,SPY210827P00418000,418.0,0,0.0,0.0,,0.0,normalDay
2021-08-05,16692.0,621.0,0.0,0,441.76,0.0,1,7.67,1.46,SPY210827P00418000,418.0,0,0.0,0.0,,0.0,normalDay
2021-08-06,16692.0,658.0,0.0,0,442.49,0.0,1,7.67,1.09,SPY210827P00418000,418.0,0,0.0,0.0,,0.0,normalDay
2021-08-09,16692.0,669.0,0.0,0,442.13,0.0,1,7.67,0.98,SPY210827P00418000,418.0,0,0.0,0.0,,0.0,normalDay
2021-08-10,16692.0,672.0,0.0,0,442.68,0.0,1,7.67,0.95,SPY210827P00418000,418.0,0,0.0,0.0,,0.0,normalDay
2021-08-11,16692.0,700.0,0.0,0,443.78,0.0,1,7.67,0.67,SPY210827P00418000,418.0,0,0.0,0.0,,0.0,normalDay
2021-08-12,16692.0,717.0,0.0,0,445.11,0.0,1,7.67,0.5,SPY210827P00418000,418.0,0,0.0,0.0,,0.0,normalDay
2021-08-13,16692.0,727.0,0.0,0,445.92,0.0,1,7.67,0.4,SPY210827P00418000,418.0,0,0.0,0.0,,0.0,normalDay
2021-08-16,16692.0,735.0,0.0,0,446.97,0.0,1,7.67,0.32,SPY210827P00418000,418.0,0,0.0,0.0,,0.0,normalDay
2021-08-17,16692.0,712.0,0.0,0,444.04,0.0,1,7.67,0.55,SPY210827P00418000,418.0,0,0.0,0.0,,0.0,normalDay
2021-08-18,16692.0,649.0,0.0,0,439.18,0.0,1,7.67,1.18,SPY210827P00418000,418.0,0,0.0,0.0,,0.0,normalDay
2021-08-19,16692.0,675.0,0.0,0,439.86,0.0,1,7.67,0.92,SPY210827P00418000,418.0,0,0.0,0.0,,0.0,normalDay
2021-08-20,16692.0,748.0,0.0,0,443.36,0.0,1,7.67,0.19,SPY210827P00418000,418.0,0,0.0,0.0,,0.0,normalDay
2021-08-23,16692.0,760.0,0.0,0,447.26,0.0,1,7.67,0.07,SPY210827P00418000,418.0,0,0.0,0.0,,0.0,normalDay
2021-08-24,16692.0,762.0,0.0,0,447.97,0.0,1,7.67,0.05,SPY210827P00418000,418.0,0,0.0,0.0,,0.0,normalDay
2021-08-25,16692.0,764.0,0.0,0,448.91,0.0,1,7.67,0.03,SPY210827P00418000,418.0,0,0.0,0.0,,0.0,normalDay
2021-08-26,16692.0,763.0,0.0,0,446.26,0.0,1,7.67,0.04,SPY210827P00418000,418.0,0,0.0,0.0,,0.0,normalDay
2021-08-27,17459.0,0.0,767.0,0,450.25,0.0,1,7.67,0.0,SPY210827P00418000,418.0,0,0.0,0.0,,0.0,expirationDay
2021-08-30,17459.0,-4.0,0.0,0,452.23,0.0,1,4.56,4.6,SPY211015P00436000,436.0,0,0.0,0.0,,0.0,normalDay
2021-08-31,17459.0,-2.0,0.0,0,451.56,0.0,1,4.56,4.58,SPY211015P00436000,436.0,0,0.0,0.0,,0.0,normalDay
2021-09-01,17459.0,26.0,0.0,0,451.8,0.0,1,4.56,4.3,SPY211015P00436000,436.0,0,0.0,0.0,,0.0,normalDay
2021-09-02,17459.0,53.0,0.0,0,453.19,0.0,1,4.56,4.03,SPY211015P00436000,436.0,0,0.0,0.0,,0.0,normalDay
2021-09-03,17459.0,55.0,0.0,0,453.08,0.0,1,4.56,4.01,SPY211015P00436000,436.0,0,0.0,0.0,,0.0,normalDay
2021-09-07,17459.0,16.0,0.0,0,451.46,0.0,1,4.56,4.4,SPY211015P00436000,436.0,0,0.0,0.0,,0.0,normalDay
2021-09-08,17459.0,17.0,0.0,0,450.91,0.0,1,4.56,4.39,SPY211015P00436000,436.0,0,0.0,0.0,,0.0,normalDay
2021-09-09,17459.0,-49.0,0.0,0,448.98,0.0,1,4.56,5.05,SPY211015P00436000,436.0,0,0.0,0.0,,0.0,normalDay
2021-09-10,17459.0,-155.0,0.0,0,445.44,0.0,1,4.56,6.11,SPY211015P00436000,436.0,0,0.0,0.0,,0.0,normalDay
2021-09-13,17459.0,-51.0,0.0,0,446.58,0.0,1,4.56,5.07,SPY211015P00436000,436.0,0,0.0,0.0,,0.0,normalDay
2021-09-14,17459.0,-116.0,0.0,0,444.17,0.0,1,4.56,5.72,SPY211015P00436000,436.0,0,0.0,0.0,,0.0,normalDay
2021-09-15,17459.0,34.0,0.0,0,447.88,0.0,1,4.56,4.22,SPY211015P00436000,436.0,0,0.0,0.0,,0.0,normalDay
2021-09-16,17459.0,9.0,0.0,0,447.17,0.0,1,4.56,4.47,SPY211015P00436000,436.0,0,0.0,0.0,,0.0,normalDay
2021-09-17,17459.0,-152.0,0.0,0,441.4,0.0,1,4.56,6.08,SPY211015P00436000,436.0,0,0.0,0.0,,0.0,normalDay
2021-09-20,17459.0,-527.0,0.0,0,434.04,0.0,1,4.56,9.83,SPY211015P00436000,436.0,0,0.0,0.0,,0.0,normalDay
2021-09-21,17459.0,-507.0,0.0,0,433.63,0.0,1,4.56,9.63,SPY211015P00436000,436.0,0,0.0,0.0,,0.0,normalDay
2021-09-22,17459.0,-195.0,0.0,0,437.86,0.0,1,4.56,6.51,SPY211015P00436000,436.0,0,0.0,0.0,,0.0,normalDay
2021-09-23,17459.0,49.0,0.0,0,443.18,0.0,1,4.56,4.07,SPY211015P00436000,436.0,0,0.0,0.0,,0.0,normalDay
2021-09-24,17459.0,108.0,0.0,0,443.91,0.0,1,4.56,3.48,SPY211015P00436000,436.0,0,0.0,0.0,,0.0,normalDay
2021-09-27,17459.0,87.0,0.0,0,442.64,0.0,1,4.56,3.69,SPY211015P00436000,436.0,0,0.0,0.0,,0.0,normalDay
2021-09-28,17459.0,-331.0,0.0,0,433.72,0.0,1,4.56,7.87,SPY211015P00436000,436.0,0,0.0,0.0,,0.0,normalDay
2021-09-29,17459.0,-261.0,0.0,0,434.45,0.0,1,4.56,7.17,SPY211015P00436000,436.0,0,0.0,0.0,,0.0,normalDay
2021-09-30,17459.0,-527.0,0.0,0,429.14,0.0,1,4.56,9.83,SPY211015P00436000,436.0,0,0.0,0.0,,0.0,normalDay
2021-10-01,17459.0,-194.0,0.0,0,434.24,0.0,1,4.56,6.5,SPY211015P00436000,436.0,0,0.0,0.0,,0.0,normalDay
2021-10-04,17459.0,-512.0,0.0,0,428.64,0.0,1,4.56,9.68,SPY211015P00436000,436.0,0,0.0,0.0,,0.0,normalDay
2021-10-05,17459.0,-191.0,0.0,0,433.1,0.0,1,4.56,6.47,SPY211015P00436000,436.0,0,0.0,0.0,,0.0,normalDay
2021-10-06,17459.0,-86.0,0.0,0,434.9,0.0,1,4.56,5.42,SPY211015P00436000,436.0,0,0.0,0.0,,0.0,normalDay
2021-10-07,17459.0,142.0,0.0,0,438.66,0.0,1,4.56,3.14,SPY211015P00436000,436.0,0,0.0,0.0,,0.0,normalDay
2021-10-08,17459.0,145.0,0.0,0,437.86,0.0,1,4.56,3.11,SPY211015P00436000,436.0,0,0.0,0.0,,0.0,normalDay
2021-10-11,17459.0,34.0,0.0,0,434.69,0.0,1,4.56,4.22,SPY211015P00436000,436.0,0,0.0,0.0,,0.0,normalDay
2021-10-12,17459.0,-16.0,0.0,0,433.62,0.0,1,4.56,4.72,SPY211015P00436000,436.0,0,0.0,0.0,,0.0,normalDay
2021-10-13,17459.0,208.0,0.0,0,435.18,0.0,1,4.56,2.48,SPY211015P00436000,436.0,0,0.0,0.0,,0.0,normalDay
2021-10-14,17459.0,440.0,0.0,0,442.5,0.0,1,4.56,0.16,SPY211015P00436000,436.0,0,0.0,0.0,,0.0,normalDay
2021-10-15,17915.0,0.0,456.0,0,445.87,0.0,1,4.56,0.0,SPY211015P00436000,436.0,0,0.0,0.0,,0.0,expirationDay
2021-10-18,17915.0,-4.0,0.0,0,447.19,0.0,1,2.96,3.0,SPY211126P00425000,425.0,0,0.0,0.0,,0.0,normalDay
2021-10-19,17915.0,58.0,0.0,0,450.64,0.0,1,2.96,2.38,SPY211126P00425000,425.0,0,0.0,0.0,,0.0,normalDay
2021-10-20,17915.0,78.0,0.0,0,452.41,0.0,1,2.96,2.18,SPY211126P00425000,425.0,0,0.0,0.0,,0.0,normalDay
2021-10-21,17915.0,106.0,0.0,0,453.59,0.0,1,2.96,1.9,SPY211126P00425000,425.0,0,0.0,0.0,,0.0,normalDay
2021-10-22,17915.0,95.0,0.0,0,453.12,0.0,1,2.96,2.01,SPY211126P00425000,425.0,0,0.0,0.0,,0.0,normalDay
2021-10-25,17915.0,137.0,0.0,0,455.55,0.0,1,2.96,1.59,SPY211126P00425000,425.0,0,0.0,0.0,,0.0,normalDay
2021-10-26,17915.0,135.0,0.0,0,455.96,0.0,1,2.96,1.61,SPY211126P00425000,425.0,0,0.0,0.0,,0.0,normalDay
2021-10-27,17915.0,103.0,0.0,0,453.94,0.0,1,2.96,1.93,SPY211126P00425000,425.0,0,0.0,0.0,,0.0,normalDay
2021-10-28,17915.0,151.0,0.0,0,458.32,0.0,1,2.96,1.45,SPY211126P00425000,425.0,0,0.0,0.0,,0.0,normalDay
2021-10-29,17915.0,170.0,0.0,0,459.25,0.0,1,2.96,1.26,SPY211126P00425000,425.0,0,0.0,0.0,,0.0,normalDay
2021-11-01,17915.0,195.0,0.0,0,460.04,0.0,1,2.96,1.01,SPY211126P00425000,425.0,0,0.0,0.0,,0.0,normalDay
2021-11-02,17915.0,212.0,0.0,0,461.9,0.0,1,2.96,0.84,SPY211126P00425000,425.0,0,0.0,0.0,,0.0,normalDay
2021-11-03,17915.0,238.0,0.0,0,464.72,0.0,1,2.96,0.58,SPY211126P00425000,425.0,0,0.0,0.0,,0.0,normalDay
2021-11-04,17915.0,241.0,0.0,0,466.91,0.0,1,2.96,0.55,SPY211126P00425000,425.0,0,0.0,0.0,,0.0,normalDay
2021-11-05,17915.0,241.0,0.0,0,468.53,0.0,1,2.96,0.55,SPY211126P00425000,425.0,0,0.0,0.0,,0.0,normalDay
2021-11-08,17915.0,246.0,0.0,0,468.93,0.0,1,2.96,0.5,SPY211126P00425000,425.0,0,0.0,0.0,,0.0,normalDay
2021-11-09,17915.0,246.0,0.0,0,467.38,0.0,1,2.96,0.5,SPY211126P00425000,425.0,0,0.0,0.0,,0.0,normalDay
2021-11-10,17915.0,240.0,0.0,0,463.62,0.0,1,2.96,0.56,SPY211126P00425000,425.0,0,0.0,0.0,,0.0,normalDay
2021-11-11,17915.0,258.0,0.0,0,463.77,0.0,1,2.96,0.38,SPY211126P00425000,425.0,0,0.0,0.0,,0.0,normalDay
2021-11-12,17915.0,274.0,0.0,0,467.27,0.0,1,2.96,0.22,SPY211126P00425000,425.0,0,0.0,0.0,,0.0,normalDay
2021-11-15,17915.0,283.0,0.0,0,467.43,0.0,1,2.96,0.13,SPY211126P00425000,425.0,0,0.0,0.0,,0.0,normalDay
2021-11-16,17915.0,285.0,0.0,0,469.28,0.0,1,2.96,0.11,SPY211126P00425000,425.0,0,0.0,0.0,,0.0,normalDay
2021-11-17,17915.0,287.0,0.0,0,468.14,0.0,1,2.96,0.09,SPY211126P00425000,425.0,0,0.0,0.0,,0.0,normalDay
2021-11-18,17915.0,289.0,0.0,0,469.73,0.0,1,2.96,0.07,SPY211126P00425000,425.0,0,0.0,0.0,,0.0,normalDay
2021-11-19,17915.0,290.0,0.0,0,468.89,0.0,1,2.96,0.06,SPY211126P00425000,425.0,0,0.0,0.0,,0.0,normalDay
2021-11-22,17915.0,291.0,0.0,0,467.57,0.0,1,2.96,0.05,SPY211126P00425000,425.0,0,0.0,0.0,,0.0,normalDay
2021-11-23,17915.0,293.0,0.0,0,468.19,0.0,1,2.96,0.03,SPY211126P00425000,425.0,0,0.0,0.0,,0.0,normalDay
2021-11-24,17915.0,294.0,0.0,0,469.44,0.0,1,2.96,0.02,SPY211126P00425000,425.0,0,0.0,0.0,,0.0,normalDay
2021-11-26,18211.0,0.0,296.0,0,458.97,0.0,1,2.96,0.0,SPY211126P00425000,425.0,0,0.0,0.0,,0.0,expirationDay
2021-11-29,18211.0,-6.0,0.0,0,464.6,0.0,1,10.76,10.82,SPY220121P00459000,459.0,0,0.0,0.0,,0.0,normalDay
2021-11-30,18211.0,-430.0,0.0,0,455.56,0.0,1,10.76,15.06,SPY220121P00459000,459.0,0,0.0,0.0,,0.0,normalDay
2021-12-01,18211.0,-929.0,0.0,0,450.5,0.0,1,10.76,20.05,SPY220121P00459000,459.0,0,0.0,0.0,,0.0,normalDay
2021-12-02,18211.0,-436.0,0.0,0,457.4,0.0,1,10.76,15.12,SPY220121P00459000,459.0,0,0.0,0.0,,0.0,normalDay
2021-12-03,18211.0,-678.0,0.0,0,453.42,0.0,1,10.76,17.54,SPY220121P00459000,459.0,0,0.0,0.0,,0.0,normalDay
2021-12-06,18211.0,-312.0,0.0,0,458.79,0.0,1,10.76,13.88,SPY220121P00459000,459.0,0,0.0,0.0,,0.0,normalDay
2021-12-07,18211.0,223.0,0.0,0,468.28,0.0,1,10.76,8.53,SPY220121P00459000,459.0,0,0.0,0.0,,0.0,normalDay
2021-12-08,18211.0,332.0,0.0,0,469.52,0.0,1,10.76,7.44,SPY220121P00459000,459.0,0,0.0,0.0,,0.0,normalDay
2021-12-09,18211.0,212.0,0.0,0,466.35,0.0,1,10.76,8.64,SPY220121P00459000,459.0,0,0.0,0.0,,0.0,normalDay
2021-12-10,18211.0,436.0,0.0,0,470.74,0.0,1,10.76,6.4,SPY220121P00459000,459.0,0,0.0,0.0,,0.0,normalDay
2021-12-13,18211.0,285.0,0.0,0,466.57,0.0,1,10.76,7.91,SPY220121P00459000,459.0,0,0.0,0.0,,0.0,normalDay
2021-12-14,18211.0,134.0,0.0,0,463.36,0.0,1,10.76,9.42,SPY220121P00459000,459.0,0,0.0,0.0,,0.0,normalDay
2021-12-15,18211.0,476.0,0.0,0,470.6,0.0,1,10.76,6.0,SPY220121P00459000,459.0,0,0.0,0.0,,0.0,normalDay
2021-12-16,18211.0,341.0,0.0,0,466.45,0.0,1,10.76,7.35,SPY220121P00459000,459.0,0,0.0,0.0,,0.0,normalDay
2021-12-17,18211.0,128.0,0.0,0,459.87,0.0,1,10.76,9.48,SPY220121P00459000,459.0,0,0.0,0.0,,0.0,normalDay
2021-12-20,18211.0,-92.0,0.0,0,454.98,0.0,1,10.76,11.68,SPY220121P00459000,459.0,0,0.0,0.0,,0.0,normalDay
2021-12-21,18211.0,295.0,0.0,0,463.06,0.0,1,10.76,7.81,SPY220121P00459000,459.0,0,0.0,0.0,,0.0,normalDay
2021-12-22,18211.0,544.0,0.0,0,467.69,0.0,1,10.76,5.32,SPY220121P00459000,459.0,0,0.0,0.0,,0.0,normalDay
2021-12-23,18211.0,667.0,0.0,0,470.6,0.0,1,10.76,4.09,SPY220121P00459000,459.0,0,0.0,0.0,,0.0,normalDay
2021-12-27,18211.0,835.0,0.0,0,477.26,0.0,1,10.76,2.41,SPY220121P00459000,459.0,0,0.0,0.0,,0.0,normalDay
2021-12-28,18211.0,854.0,0.0,0,476.87,0.0,1,10.76,2.22,SPY220121P00459000,459.0,0,0.0,0.0,,0.0,normalDay
2021-12-29,18211.0,889.0,0.0,0,477.48,0.0,1,10.76,1.87,SPY220121P00459000,459.0,0,0.0,0.0,,0.0,normalDay
2021-12-30,18211.0,866.0,0.0,0,476.16,0.0,1,10.76,2.1,SPY220121P00459000,459.0,0,0.0,0.0,,0.0,normalDay
2021-12-31,18211.0,873.0,0.0,0,474.96,0.0,1,10.76,2.03,SPY220121P00459000,459.0,0,0.0,0.0,,0.0,normalDay
2022-01-03,18211.0,945.0,0.0,0,477.71,0.0,1,10.76,1.31,SPY220121P00459000,459.0,0,0.0,0.0,,0.0,normalDay
2022-01-04,18211.0,945.0,0.0,0,477.55,0.0,1,10.76,1.31,SPY220121P00459000,459.0,0,0.0,0.0,,0.0,normalDay
2022-01-05,18211.0,735.0,0.0,0,468.38,0.0,1,10.76,3.41,SPY220121P00459000,459.0,0,0.0,0.0,,0.0,normalDay
2022-01-06,18211.0,756.0,0.0,0,467.94,0.0,1,10.76,3.2,SPY220121P00459000,459.0,0,0.0,0.0,,0.0,normalDay
2022-01-07,18211.0,786.0,0.0,0,466.09,0.0,1,10.76,2.9,SPY220121P00459000,459.0,0,0.0,0.0,,0.0,normalDay
2022-01-10,18211.0,776.0,0.0,0,465.51,0.0,1,10.76,3.0,SPY220121P00459000,459.0,0,0.0,0.0,,0.0,normalDay
2022-01-11,18211.0,896.0,0.0,0,469.75,0.0,1,10.76,1.8,SPY220121P00459000,459.0,0,0.0,0.0,,0.0,normalDay
2022-01-12,18211.0,964.0,0.0,0,471.02,0.0,1,10.76,1.12,SPY220121P00459000,459.0,0,0.0,0.0,,0.0,normalDay
2022-01-13,18211.0,785.0,0.0,0,464.53,0.0,1,10.76,2.91,SPY220121P00459000,459.0,0,0.0,0.0,,0.0,normalDay
2022-01-14,18211.0,867.0,0.0,0,464.72,0.0,1,10.76,2.09,SPY220121P00459000,459.0,0,0.0,0.0,,0.0,normalDay
2022-01-18,18211.0,536.0,0.0,0,456.49,0.0,1,10.76,5.4,SPY220121P00459000,459.0,0,0.0,0.0,,0.0,normalDay
2022-01-19,18211.0,309.0,0.0,0,451.75,0.0,1,10.76,7.67,SPY220121P00459000,459.0,0,0.0,0.0,,0.0,normalDay
2022-01-20,18211.0,-216.0,0.0,0,446.75,0.0,1,10.76,12.92,SPY220121P00459000,459.0,0,0.0,0.0,,0.0,normalDay
2022-01-21,19287.0,-2102.0,1076.0,100,437.98,459.0,1,10.76,0.0,SPY220121P00459000,459.0,0,0.0,0.0,,0.0,expirationDay
2022-01-24,19287.0,-1916.0,0.0,100,439.84,459.0,0,0.0,0.0,,0.0,0,0.0,0.0,,0.0,bidTooLow
2022-01-25,19287.0,-2453.0,0.0,100,434.47,459.0,0,0.0,0.0,,0.0,0,0.0,0.0,,0.0,bidTooLow
2022-01-26,19287.0,-2562.0,0.0,100,433.38,459.0,0,0.0,0.0,,0.0,0,0.0,0.0,,0.0,bidTooLow
2022-01-27,19287.0,-2776.0,0.0,100,431.24,459.0,0,0.0,0.0,,0.0,0,0.0,0.0,,0.0,bidTooLow
2022-01-28,19287.0,-1705.0,0.0,100,441.95,459.0,0,0.0,0.0,,0.0,0,0.0,0.0,,0.0,bidTooLow
2022-01-31,19287.0,-909.0,0.0,100,449.91,459.0,0,0.0,0.0,,0.0,0,0.0,0.0,,0.0,bidTooLow
2022-02-01,19287.0,-605.0,0.0,100,452.95,459.0,0,0.0,0.0,,0.0,0,0.0,0.0,,0.0,bidTooLow
2022-02-02,19287.0,-165.0,0.0,100,457.35,459.0,0,0.0,0.0,,0.0,0,0.0,0.0,,0.0,bidTooLow
2022-02-03,19287.0,-1240.0,0.0,100,446.6,459.0,0,0.0,0.0,,0.0,0,0.0,0.0,,0.0,bidTooLow
2022-02-04,19287.0,-1030.0,0.0,100,448.7,459.0,0,0.0,0.0,,0.0,0,0.0,0.0,,0.0,bidTooLow
2022-02-07,19287.0,-1177.0,0.0,100,447.26,459.0,0,0.0,0.0,,0.0,1,0.01,0.04,SPY220311C00505000,505.0,normalDay
2022-02-08,19287.0,-809.0,0.0,100,450.94,459.0,0,0.0,0.0,,0.0,1,0.01,0.04,SPY220311C00505000,505.0,normalDay
2022-02-09,19287.0,-151.0,0.0,100,457.54,459.0,0,0.0,0.0,,0.0,1,0.01,0.06,SPY220311C00505000,505.0,normalDay
2022-02-10,19287.0,-971.0,0.0,100,449.32,459.0,0,0.0,0.0,,0.0,1,0.01,0.04,SPY220311C00505000,505.0,normalDay
2022-02-11,19287.0,-1857.0,0.0,100,440.46,459.0,0,0.0,0.0,,0.0,1,0.01,0.04,SPY220311C00505000,505.0,normalDay
2022-02-14,19287.0,-2000.0,0.0,100,439.02,459.0,0,0.0,0.0,,0.0,1,0.01,0.03,SPY220311C00505000,505.0,normalDay
2022-02-15,19287.0,-1293.0,0.0,100,446.1,459.0,0,0.0,0.0,,0.0,1,0.01,0.04,SPY220311C00505000,505.0,normalDay
2022-02-16,19287.0,-1241.0,0.0,100,446.6,459.0,0,0.0,0.0,,0.0,1,0.01,0.02,SPY220311C00505000,505.0,normalDay
2022-02-17,19287.0,-2195.0,0.0,100,437.06,459.0,0,0.0,0.0,,0.0,1,0.01,0.02,SPY220311C00505000,505.0,normalDay
2022-02-18,19287.0,-2478.0,0.0,100,434.23,459.0,0,0.0,0.0,,0.0,1,0.01,0.02,SPY220311C00505000,505.0,normalDay
2022-02-22,19287.0,-2944.0,0.0,100,429.57,459.0,0,0.0,0.0,,0.0,1,0.01,0.02,SPY220311C00505000,505.0,normalDay
2022-02-23,19287.0,-3706.0,0.0,100,421.95,459.0,0,0.0,0.0,,0.0,1,0.01,0.02,SPY220311C00505000,505.0,normalDay
2022-02-24,19287.0,-3071.0,0.0,100,428.3,459.0,0,0.0,0.0,,0.0,1,0.01,0.02,SPY220311C00505000,505.0,normalDay
2022-02-25,19287.0,-2126.0,0.0,100,437.75,459.0,0,0.0,0.0,,0.0,1,0.01,0.02,SPY220311C00505000,505.0,normalDay
2022-02-28,19287.0,-2237.0,0.0,100,436.63,459.0,0,0.0,0.0,,0.0,1,0.01,0.01,SPY220311C00505000,505.0,normalDay
2022-03-01,19287.0,-2902.0,0.0,100,429.98,459.0,0,0.0,0.0,,0.0,1,0.01,0.01,SPY220311C00505000,505.0,normalDay
2022-03-02,19287.0,-2111.0,0.0,100,437.89,459.0,0,0.0,0.0,,0.0,1,0.01,0.01,SPY220311C00505000,505.0,normalDay
2022-03-03,19287.0,-2329.0,0.0,100,435.71,459.0,0,0.0,0.0,,0.0,1,0.01,0.01,SPY220311C00505000,505.0,normalDay
2022-03-04,19287.0,-2683.0,0.0,100,432.17,459.0,0,0.0,0.0,,0.0,1,0.01,0.01,SPY220311C00505000,505.0,normalDay
2022-03-07,19287.0,-3957.0,0.0,100,419.43,459.0,0,0.0,0.0,,0.0,1,0.01,0.01,SPY220311C00505000,505.0,normalDay
2022-03-08,19287.0,-4275.0,0.0,100,416.25,459.0,0,0.0,0.0,,0.0,1,0.01,0.01,SPY220311C00505000,505.0,normalDay
2022-03-09,19287.0,-3159.0,0.0,100,427.41,459.0,0,0.0,0.0,,0.0,1,0.01,0.01,SPY220311C00505000,505.0,normalDay
2022-03-10,19287.0,-3352.0,0.0,100,425.48,459.0,0,0.0,0.0,,0.0,1,0.01,0.01,SPY220311C00505000,505.0,normalDay
2022-03-11,19288.0,-3893.0,1.0,100,420.07,459.0,0,0.0,0.0,,0.0,1,0.01,0.0,SPY220311C00505000,505.0,expirationDay
2022-03-14,19288.0,-4203.0,0.0,100,417.0,459.0,0,0.0,0.0,,0.0,1,0.19,0.22,SPY220414C00470000,470.0,normalDay
2022-03-15,19288.0,-3298.0,0.0,100,426.17,459.0,0,0.0,0.0,,0.0,1,0.19,0.34,SPY220414C00470000,470.0,normalDay
2022-03-16,19288.0,-2372.0,0.0,100,435.62,459.0,0,0.0,0.0,,0.0,1,0.19,0.53,SPY220414C00470000,470.0,normalDay
2022-03-17,19288.0,-1842.0,0.0,100,441.07,459.0,0,0.0,0.0,,0.0,1,0.19,0.68,SPY220414C00470000,470.0,normalDay
2022-03-18,19288.0,-1519.0,0.0,100,444.52,459.0,0,0.0,0.0,,0.0,1,0.19,0.9,SPY220414C00470000,470.0,normalDay
2022-03-21,19288.0,-1508.0,0.0,100,444.39,459.0,0,0.0,0.0,,0.0,1,0.19,0.66,SPY220414C00470000,470.0,normalDay
2022-03-22,19288.0,-1022.0,0.0,100,449.59,459.0,0,0.0,0.0,,0.0,1,0.19,1.0,SPY220414C00470000,470.0,normalDay
2022-03-23,19288.0,-1546.0,0.0,100,443.8,459.0,0,0.0,0.0,,0.0,1,0.19,0.45,SPY220414C00470000,470.0,normalDay
2022-03-24,19288.0,-911.0,0.0,100,450.49,459.0,0,0.0,0.0,,0.0,1,0.19,0.79,SPY220414C00470000,470.0,normalDay
2022-03-25,19288.0,-691.0,0.0,100,452.69,459.0,0,0.0,0.0,,0.0,1,0.19,0.79,SPY220414C00470000,470.0,normalDay
2022-03-28,19288.0,-378.0,0.0,100,455.91,459.0,0,0.0,0.0,,0.0,1,0.19,0.88,SPY220414C00470000,470.0,normalDay
2022-03-29,19288.0,79.0,0.0,100,461.55,459.0,0,0.0,0.0,,0.0,1,0.19,1.95,SPY220414C00470000,470.0,normalDay
2022-03-30,19288.0,-149.0,0.0,100,458.7,459.0,0,0.0,0.0,,0.0,1,0.19,1.38,SPY220414C00470000,470.0,normalDay
2022-03-31,19288.0,-764.0,0.0,100,451.64,459.0,0,0.0,0.0,,0.0,1,0.19,0.47,SPY220414C00470000,470.0,normalDay
2022-04-01,19288.0,-613.0,0.0,100,452.92,459.0,0,0.0,0.0,,0.0,1,0.19,0.24,SPY220414C00470000,470.0,normalDay
2022-04-04,19288.0,-231.0,0.0,100,456.8,459.0,0,0.0,0.0,,0.0,1,0.19,0.3,SPY220414C00470000,470.0,normalDay
2022-04-05,19288.0,-790.0,0.0,100,451.03,459.0,0,0.0,0.0,,0.0,1,0.19,0.12,SPY220414C00470000,470.0,normalDay
2022-04-06,19288.0,-1233.0,0.0,100,446.52,459.0,0,0.0,0.0,,0.0,1,0.19,0.04,SPY220414C00470000,470.0,normalDay
2022-04-07,19288.0,-1008.0,0.0,100,448.77,459.0,0,0.0,0.0,,0.0,1,0.19,0.04,SPY220414C00470000,470.0,normalDay
2022-04-08,19288.0,-1126.0,0.0,100,447.57,459.0,0,0.0,0.0,,0.0,1,0.19,0.02,SPY220414C00470000,470.0,normalDay
2022-04-11,19288.0,-1890.0,0.0,100,439.92,459.0,0,0.0,0.0,,0.0,1,0.19,0.01,SPY220414C00470000,470.0,normalDay
2022-04-12,19288.0,-2053.0,0.0,100,438.29,459.0,0,0.0,0.0,,0.0,1,0.19,0.01,SPY220414C00470000,470.0,normalDay
2022-04-13,19288.0,-1551.0,0.0,100,443.31,459.0,0,0.0,0.0,,0.0,1,0.19,0.01,SPY220414C00470000,470.0,normalDay
2022-04-14,19307.0,-2121.0,19.0,100,437.79,459.0,0,0.0,0.0,,0.0,1,0.19,0.0,SPY220414C00470000,470.0,expirationDay
2022-04-18,19307.0,-2106.0,0.0,100,437.97,459.0,0,0.0,0.0,,0.0,1,0.09,0.12,SPY220520C00479000,479.0,normalDay
2022-04-19,19307.0,-1403.0,0.0,100,445.04,459.0,0,0.0,0.0,,0.0,1,0.09,0.16,SPY220520C00479000,479.0,normalDay
2022-04-20,19307.0,-1436.0,0.0,100,444.71,459.0,0,0.0,0.0,,0.0,1,0.09,0.16,SPY220520C00479000,479.0,normalDay
2022-04-21,19307.0,-2093.0,0.0,100,438.06,459.0,0,0.0,0.0,,0.0,1,0.09,0.08,SPY220520C00479000,479.0,normalDay
2022-04-22,19307.0,-3290.0,0.0,100,426.04,459.0,0,0.0,0.0,,0.0,1,0.09,0.03,SPY220520C00479000,479.0,normalDay
2022-04-25,19307.0,-3043.0,0.0,100,428.51,459.0,0,0.0,0.0,,0.0,1,0.09,0.03,SPY220520C00479000,479.0,normalDay
2022-04-26,19307.0,-4284.0,0.0,100,416.1,459.0,0,0.0,0.0,,0.0,1,0.09,0.03,SPY220520C00479000,479.0,normalDay
2022-04-27,19307.0,-4166.0,0.0,100,417.27,459.0,0,0.0,0.0,,0.0,1,0.09,0.02,SPY220520C00479000,479.0,normalDay
2022-04-28,19307.0,-3113.0,0.0,100,427.81,459.0,0,0.0,0.0,,0.0,1,0.09,0.03,SPY220520C00479000,479.0,normalDay
2022-04-29,19307.0,-4694.0,0.0,100,412.0,459.0,0,0.0,0.0,,0.0,1,0.09,0.03,SPY220520C00479000,479.0,normalDay
2022-05-02,19307.0,-4446.0,0.0,100,414.48,459.0,0,0.0,0.0,,0.0,1,0.09,0.03,SPY220520C00479000,479.0,normalDay
2022-05-03,19307.0,-4255.0,0.0,100,416.38,459.0,0,0.0,0.0,,0.0,1,0.09,0.02,SPY220520C00479000,479.0,normalDay
2022-05-04,19307.0,-2988.0,0.0,100,429.06,459.0,0,0.0,0.0,,0.0,1,0.09,0.03,SPY220520C00479000,479.0,normalDay
2022-05-05,19307.0,-4512.0,0.0,100,413.81,459.0,0,0.0,0.0,,0.0,1,0.09,0.02,SPY220520C00479000,479.0,normalDay
2022-05-06,19307.0,-4759.0,0.0,100,411.34,459.0,0,0.0,0.0,,0.0,1,0.09,0.02,SPY220520C00479000,479.0,normalDay
2022-05-09,19307.0,-6076.0,0.0,100,398.17,459.0,0,0.0,0.0,,0.0,1,0.09,0.02,SPY220520C00479000,479.0,normalDay
2022-05-10,19307.0,-5983.0,0.0,100,399.09,459.0,0,0.0,0.0,,0.0,1,0.09,0.01,SPY220520C00479000,479.0,normalDay
2022-05-11,19307.0,-6617.0,0.0,100,392.75,459.0,0,0.0,0.0,,0.0,1,0.09,0.01,SPY220520C00479000,479.0,normalDay
2022-05-12,19307.0,-6658.0,0.0,100,392.34,459.0,0,0.0,0.0,,0.0,1,0.09,0.01,SPY220520C00479000,479.0,normalDay
2022-05-13,19307.0,-5720.0,0.0,100,401.72,459.0,0,0.0,0.0,,0.0,1,0.09,0.01,SPY220520C00479000,479.0,normalDay
2022-05-16,19307.0,-5883.0,0.0,100,400.09,459.0,0,0.0,0.0,,0.0,1,0.09,0.01,SPY220520C00479000,479.0,normalDay
2022-05-17,19307.0,-5060.0,0.0,100,408.32,459.0,0,0.0,0.0,,0.0,1,0.09,0.01,SPY220520C00479000,479.0,normalDay
2022-05-18,19307.0,-6706.0,0.0,100,391.86,459.0,0,0.0,0.0,,0.0,1,0.09,0.01,SPY220520C00479000,479.0,normalDay
2022-05-19,19307.0,-6946.0,0.0,100,389.46,459.0,0,0.0,0.0,,0.0,1,0.09,0.01,SPY220520C00479000,479.0,normalDay
2022-05-20,19316.0,-6937.0,9.0,100,389.63,459.0,0,0.0,0.0,,0.0,1,0.09,0.0,SPY220520C00479000,479.0,expirationDay
2022-05-23,19316.0,-6211.0,0.0,100,396.92,459.0,0,0.0,0.0,,0.0,1,0.06,0.09,SPY220624C00460000,460.0,normalDay
2022-05-24,19316.0,-6514.0,0.0,100,393.89,459.0,0,0.0,0.0,,0.0,1,0.06,0.09,SPY220624C00460000,460.0,normalDay
2022-05-25,19316.0,-6166.0,0.0,100,397.37,459.0,0,0.0,0.0,,0.0,1,0.06,0.09,SPY220624C00460000,460.0,normalDay
2022-05-26,19316.0,-5375.0,0.0,100,405.31,459.0,0,0.0,0.0,,0.0,1,0.06,0.12,SPY220624C00460000,460.0,normalDay
2022-05-27,19316.0,-4388.0,0.0,100,415.26,459.0,0,0.0,0.0,,0.0,1,0.06,0.2,SPY220624C00460000,460.0,normalDay
2022-05-31,19316.0,-4611.0,0.0,100,412.93,459.0,0,0.0,0.0,,0.0,1,0.06,0.1,SPY220624C00460000,460.0,normalDay
2022-06-01,19316.0,-4942.0,0.0,100,409.59,459.0,0,0.0,0.0,,0.0,1,0.06,0.07,SPY220624C00460000,460.0,normalDay
2022-06-02,19316.0,-4164.0,0.0,100,417.39,459.0,0,0.0,0.0,,0.0,1,0.06,0.09,SPY220624C00460000,460.0,normalDay
2022-06-03,19316.0,-4845.0,0.0,100,410.54,459.0,0,0.0,0.0,,0.0,1,0.06,0.05,SPY220624C00460000,460.0,normalDay
2022-06-06,19316.0,-4720.0,0.0,100,411.79,459.0,0,0.0,0.0,,0.0,1,0.06,0.05,SPY220624C00460000,460.0,normalDay
2022-06-07,19316.0,-4324.0,0.0,100,415.74,459.0,0,0.0,0.0,,0.0,1,0.06,0.04,SPY220624C00460000,460.0,normalDay
2022-06-08,19316.0,-4775.0,0.0,100,411.22,459.0,0,0.0,0.0,,0.0,1,0.06,0.03,SPY220624C00460000,460.0,normalDay
2022-06-09,19316.0,-5753.0,0.0,100,401.44,459.0,0,0.0,0.0,,0.0,1,0.06,0.03,SPY220624C00460000,460.0,normalDay
2022-06-10,19316.0,-6916.0,0.0,100,389.8,459.0,0,0.0,0.0,,0.0,1,0.06,0.02,SPY220624C00460000,460.0,normalDay
2022-06-13,19316.0,-8396.0,0.0,100,375.0,459.0,0,0.0,0.0,,0.0,1,0.06,0.02,SPY220624C00460000,460.0,normalDay
2022-06-14,19316.0,-8509.0,0.0,100,373.87,459.0,0,0.0,0.0,,0.0,1,0.06,0.02,SPY220624C00460000,460.0,normalDay
2022-06-15,19316.0,-7976.0,0.0,100,379.2,459.0,0,0.0,0.0,,0.0,1,0.06,0.02,SPY220624C00460000,460.0,normalDay
2022-06-16,19316.0,-9230.0,0.0,100,366.65,459.0,0,0.0,0.0,,0.0,1,0.06,0.01,SPY220624C00460000,460.0,normalDay
2022-06-17,19316.0,-9309.0,0.0,100,365.86,459.0,0,0.0,0.0,,0.0,1,0.06,0.01,SPY220624C00460000,460.0,normalDay
2022-06-21,19316.0,-8388.0,0.0,100,375.07,459.0,0,0.0,0.0,,0.0,1,0.06,0.01,SPY220624C00460000,460.0,normalDay
2022-06-22,19316.0,-8456.0,0.0,100,374.39,459.0,0,0.0,0.0,,0.0,1,0.06,0.01,SPY220624C00460000,460.0,normalDay
2022-06-23,19316.0,-8089.0,0.0,100,378.06,459.0,0,0.0,0.0,,0.0,1,0.06,0.01,SPY220624C00460000,460.0,normalDay
2022-06-24,19322.0,-6892.0,6.0,100,390.08,459.0,0,0.0,0.0,,0.0,1,0.06,0.0,SPY220624C00460000,460.0,expirationDay
2022-06-27,19322.0,-7041.0,0.0,100,388.59,459.0,0,0.0,0.0,,0.0,0,0.0,0.0,,0.0,bidTooLow
2022-06-28,19322.0,-7835.0,0.0,100,380.65,459.0,0,0.0,0.0,,0.0,0,0.0,0.0,,0.0,bidTooLow
2022-06-29,19322.0,-7866.0,0.0,100,380.34,459.0,0,0.0,0.0,,0.0,0,0.0,0.0,,0.0,bidTooLow
2022-06-30,19322.0,-8179.0,0.0,100,377.25,459.0,0,0.0,0.0,,0.0,1,0.01,0.05,SPY220801C00450000,450.0,normalDay
2022-07-01,19322.0,-7779.0,0.0,100,381.24,459.0,0,0.0,0.0,,0.0,1,0.01,0.04,SPY220801C00450000,450.0,normalDay
2022-07-05,19322.0,-7706.0,0.0,100,381.96,459.0,0,0.0,0.0,,0.0,1,0.01,0.03,SPY220801C00450000,450.0,normalDay
2022-07-06,19322.0,-7577.0,0.0,100,383.25,459.0,0,0.0,0.0,,0.0,1,0.01,0.03,SPY220801C00450000,450.0,normalDay
2022-07-07,19322.0,-7003.0,0.0,100,388.99,459.0,0,0.0,0.0,,0.0,1,0.01,0.03,SPY220801C00450000,450.0,normalDay
2022-07-08,19322.0,-7035.0,0.0,100,388.67,459.0,0,0.0,0.0,,0.0,1,0.01,0.03,SPY220801C00450000,450.0,normalDay
2022-07-11,19322.0,-7478.0,0.0,100,384.23,459.0,0,0.0,0.0,,0.0,1,0.01,0.02,SPY220801C00450000,450.0,normalDay
2022-07-12,19322.0,-7818.0,0.0,100,380.83,459.0,0,0.0,0.0,,0.0,1,0.01,0.02,SPY220801C00450000,450.0,normalDay
2022-07-13,19322.0,-8018.0,0.0,100,378.83,459.0,0,0.0,0.0,,0.0,1,0.01,0.02,SPY220801C00450000,450.0,normalDay
2022-07-14,19322.0,-8109.0,0.0,100,377.91,459.0,0,0.0,0.0,,0.0,1,0.01,0.01,SPY220801C00450000,450.0,normalDay
2022-07-15,19322.0,-7387.0,0.0,100,385.13,459.0,0,0.0,0.0,,0.0,1,0.01,0.01,SPY220801C00450000,450.0,normalDay
2022-07-18,19322.0,-7705.0,0.0,100,381.95,459.0,0,0.0,0.0,,0.0,1,0.01,0.01,SPY220801C00450000,450.0,normalDay
2022-07-19,19322.0,-6674.0,0.0,100,392.27,459.0,0,0.0,0.0,,0.0,1,0.01,0.02,SPY220801C00450000,450.0,normalDay
2022-07-20,19322.0,-6423.0,0.0,100,394.77,459.0,0,0.0,0.0,,0.0,1,0.01,0.01,SPY220801C00450000,450.0,normalDay
2022-07-21,19322.0,-6021.0,0.0,100,398.79,459.0,0,0.0,0.0,,0.0,1,0.01,0.01,SPY220801C00450000,450.0,normalDay
2022-07-22,19322.0,-6391.0,0.0,100,395.09,459.0,0,0.0,0.0,,0.0,1,0.01,0.01,SPY220801C00450000,450.0,normalDay
2022-07-25,19322.0,-6343.0,0.0,100,395.57,459.0,0,0.0,0.0,,0.0,1,0.01,0.01,SPY220801C00450000,450.0,normalDay
2022-07-26,19322.0,-6811.0,0.0,100,390.89,459.0,0,0.0,0.0,,0.0,1,0.01,0.01,SPY220801C00450000,450.0,normalDay
2022-07-27,19322.0,-5796.0,0.0,100,401.04,459.0,0,0.0,0.0,,0.0,1,0.01,0.01,SPY220801C00450000,450.0,normalDay
2022-07-28,19322.0,-5293.0,0.0,100,406.07,459.0,0,0.0,0.0,,0.0,1,0.01,0.01,SPY220801C00450000,450.0,normalDay
2022-07-29,19322.0,-4701.0,0.0,100,411.99,459.0,0,0.0,0.0,,0.0,1,0.01,0.01,SPY220801C00450000,450.0,normalDay
2022-08-01,19323.0,-4823.0,1.0,100,410.77,459.0,0,0.0,0.0,,0.0,1,0.01,0.0,SPY220801C00450000,450.0,expirationDay
2022-08-02,19323.0,-5097.0,0.0,100,408.06,459.0,0,0.0,0.0,,0.0,1,0.64,0.67,SPY220902C00440000,440.0,normalDay
2022-08-03,19323.0,-4498.0,0.0,100,414.45,459.0,0,0.0,0.0,,0.0,1,0.64,1.07,SPY220902C00440000,440.0,normalDay
2022-08-04,19323.0,-4514.0,0.0,100,414.17,459.0,0,0.0,0.0,,0.0,1,0.64,0.95,SPY220902C00440000,440.0,normalDay
2022-08-05,19323.0,-4551.0,0.0,100,413.47,459.0,0,0.0,0.0,,0.0,1,0.64,0.62,SPY220902C00440000,440.0,normalDay
2022-08-08,19323.0,-4590.0,0.0,100,412.99,459.0,0,0.0,0.0,,0.0,1,0.64,0.53,SPY220902C00440000,440.0,normalDay
2022-08-09,19323.0,-4746.0,0.0,100,411.35,459.0,0,0.0,0.0,,0.0,1,0.64,0.45,SPY220902C00440000,440.0,normalDay
2022-08-10,19323.0,-3935.0,0.0,100,419.99,459.0,0,0.0,0.0,,0.0,1,0.64,0.98,SPY220902C00440000,440.0,normalDay
2022-08-11,19323.0,-3938.0,0.0,100,419.99,459.0,0,0.0,0.0,,0.0,1,0.64,1.01,SPY220902C00440000,440.0,normalDay
2022-08-12,19323.0,-3322.0,0.0,100,427.1,459.0,0,0.0,0.0,,0.0,1,0.64,1.96,SPY220902C00440000,440.0,normalDay
2022-08-15,19323.0,-3178.0,0.0,100,428.86,459.0,0,0.0,0.0,,0.0,1,0.64,2.28,SPY220902C00440000,440.0,normalDay
2022-08-16,19323.0,-3090.0,0.0,100,429.7,459.0,0,0.0,0.0,,0.0,1,0.64,2.24,SPY220902C00440000,440.0,normalDay
2022-08-17,19323.0,-3329.0,0.0,100,426.65,459.0,0,0.0,0.0,,0.0,1,0.64,1.58,SPY220902C00440000,440.0,normalDay
2022-08-18,19323.0,-3188.0,0.0,100,427.89,459.0,0,0.0,0.0,,0.0,1,0.64,1.41,SPY220902C00440000,440.0,normalDay
2022-08-19,19323.0,-3671.0,0.0,100,422.14,459.0,0,0.0,0.0,,0.0,1,0.64,0.49,SPY220902C00440000,440.0,normalDay
2022-08-22,19323.0,-4513.0,0.0,100,413.35,459.0,0,0.0,0.0,,0.0,1,0.64,0.12,SPY220902C00440000,440.0,normalDay
2022-08-23,19323.0,-4610.0,0.0,100,412.35,459.0,0,0.0,0.0,,0.0,1,0.64,0.09,SPY220902C00440000,440.0,normalDay
2022-08-24,19323.0,-4474.0,0.0,100,413.67,459.0,0,0.0,0.0,,0.0,1,0.64,0.05,SPY220902C00440000,440.0,normalDay
2022-08-25,19323.0,-3896.0,0.0,100,419.51,459.0,0,0.0,0.0,,0.0,1,0.64,0.11,SPY220902C00440000,440.0,normalDay
2022-08-26,19323.0,-5307.0,0.0,100,405.31,459.0,0,0.0,0.0,,0.0,1,0.64,0.02,SPY220902C00440000,440.0,normalDay
2022-08-29,19323.0,-5574.0,0.0,100,402.63,459.0,0,0.0,0.0,,0.0,1,0.64,0.01,SPY220902C00440000,440.0,normalDay
2022-08-30,19323.0,-6016.0,0.0,100,398.21,459.0,0,0.0,0.0,,0.0,1,0.64,0.01,SPY220902C00440000,440.0,normalDay
2022-08-31,19323.0,-6319.0,0.0,100,395.18,459.0,0,0.0,0.0,,0.0,1,0.64,0.01,SPY220902C00440000,440.0,normalDay
2022-09-01,19323.0,-6195.0,0.0,100,396.42,459.0,0,0.0,0.0,,0.0,1,0.64,0.01,SPY220902C00440000,440.0,normalDay
2022-09-02,19387.0,-6676.0,64.0,100,392.24,459.0,0,0.0,0.0,,0.0,1,0.64,0.0,SPY220902C00440000,440.0,expirationDay
2022-09-06,19387.0,-6824.0,0.0,100,390.76,459.0,0,0.0,0.0,,0.0,0,0.0,0.0,,0.0,bidTooLow
2022-09-07,19387.0,-6122.0,0.0,100,397.78,459.0,0,0.0,0.0,,0.0,0,0.0,0.0,,0.0,bidTooLow
2022-09-08,19387.0,-5865.0,0.0,100,400.38,459.0,0,0.0,0.0,,0.0,1,0.1,0.13,SPY221010C00450000,450.0,normalDay
2022-09-09,19387.0,-5247.0,0.0,100,406.6,459.0,0,0.0,0.0,,0.0,1,0.1,0.17,SPY221010C00450000,450.0,normalDay
2022-09-12,19387.0,-4824.0,0.0,100,410.97,459.0,0,0.0,0.0,,0.0,1,0.1,0.31,SPY221010C00450000,450.0,normalDay
2022-09-13,19387.0,-6585.0,0.0,100,393.1,459.0,0,0.0,0.0,,0.0,1,0.1,0.05,SPY221010C00450000,450.0,normalDay
2022-09-14,19387.0,-6435.0,0.0,100,394.6,459.0,0,0.0,0.0,,0.0,1,0.1,0.05,SPY221010C00450000,450.0,normalDay
2022-09-15,19387.0,-6881.0,0.0,100,390.12,459.0,0,0.0,0.0,,0.0,1,0.1,0.03,SPY221010C00450000,450.0,normalDay
2022-09-16,19387.0,-7337.0,0.0,100,385.56,459.0,0,0.0,0.0,,0.0,1,0.1,0.03,SPY221010C00450000,450.0,normalDay
2022-09-19,19387.0,-7038.0,0.0,100,388.55,459.0,0,0.0,0.0,,0.0,1,0.1,0.03,SPY221010C00450000,450.0,normalDay
2022-09-20,19387.0,-7483.0,0.0,100,384.09,459.0,0,0.0,0.0,,0.0,1,0.1,0.02,SPY221010C00450000,450.0,normalDay
2022-09-21,19387.0,-8153.0,0.0,100,377.39,459.0,0,0.0,0.0,,0.0,1,0.1,0.02,SPY221010C00450000,450.0,normalDay
2022-09-22,19387.0,-8469.0,0.0,100,374.22,459.0,0,0.0,0.0,,0.0,1,0.1,0.01,SPY221010C00450000,450.0,normalDay
2022-09-23,19387.0,-9096.0,0.0,100,367.95,459.0,0,0.0,0.0,,0.0,1,0.1,0.01,SPY221010C00450000,450.0,normalDay
2022-09-26,19387.0,-9460.0,0.0,100,364.31,459.0,0,0.0,0.0,,0.0,1,0.1,0.01,SPY221010C00450000,450.0,normalDay
2022-09-27,19387.0,-9553.0,0.0,100,363.38,459.0,0,0.0,0.0,,0.0,1,0.1,0.01,SPY221010C00450000,450.0,normalDay
2022-09-28,19387.0,-8838.0,0.0,100,370.53,459.0,0,0.0,0.0,,0.0,1,0.1,0.01,SPY221010C00450000,450.0,normalDay
2022-09-29,19387.0,-9612.0,0.0,100,362.79,459.0,0,0.0,0.0,,0.0,1,0.1,0.01,SPY221010C00450000,450.0,normalDay
2022-09-30,19387.0,-10173.0,0.0,100,357.18,459.0,0,0.0,0.0,,0.0,1,0.1,0.01,SPY221010C00450000,450.0,normalDay
2022-10-03,19387.0,-9230.0,0.0,100,366.61,459.0,0,0.0,0.0,,0.0,1,0.1,0.01,SPY221010C00450000,450.0,normalDay
2022-10-04,19387.0,-8094.0,0.0,100,377.97,459.0,0,0.0,0.0,,0.0,1,0.1,0.01,SPY221010C00450000,450.0,normalDay
2022-10-05,19387.0,-8182.0,0.0,100,377.09,459.0,0,0.0,0.0,,0.0,1,0.1,0.01,SPY221010C00450000,450.0,normalDay
2022-10-06,19387.0,-8571.0,0.0,100,373.2,459.0,0,0.0,0.0,,0.0,1,0.1,0.01,SPY221010C00450000,450.0,normalDay
2022-10-07,19387.0,-9612.0,0.0,100,362.79,459.0,0,0.0,0.0,,0.0,1,0.1,0.01,SPY221010C00450000,450.0,normalDay
2022-10-10,19397.0,-9898.0,10.0,100,360.02,459.0,0,0.0,0.0,,0.0,1,0.1,0.0,SPY221010C00450000,450.0,expirationDay
2022-10-11,19397.0,-10129.0,0.0,100,357.74,459.0,0,0.0,0.0,,0.0,1,0.14,0.17,SPY221111C00425000,425.0,normalDay
2022-10-12,19397.0,-10246.0,0.0,100,356.56,459.0,0,0.0,0.0,,0.0,1,0.14,0.16,SPY221111C00425000,425.0,normalDay
2022-10-13,19397.0,-9320.0,0.0,100,365.97,459.0,0,0.0,0.0,,0.0,1,0.14,0.31,SPY221111C00425000,425.0,normalDay
2022-10-14,19397.0,-10137.0,0.0,100,357.63,459.0,0,0.0,0.0,,0.0,1,0.14,0.14,SPY221111C00425000,425.0,normalDay
2022-10-17,19397.0,-9225.0,0.0,100,366.82,459.0,0,0.0,0.0,,0.0,1,0.14,0.21,SPY221111C00425000,425.0,normalDay
2022-10-18,19397.0,-8802.0,0.0,100,371.13,459.0,0,0.0,0.0,,0.0,1,0.14,0.29,SPY221111C00425000,425.0,normalDay
2022-10-19,19397.0,-9057.0,0.0,100,368.5,459.0,0,0.0,0.0,,0.0,1,0.14,0.21,SPY221111C00425000,425.0,normalDay
2022-10-20,19397.0,-9357.0,0.0,100,365.41,459.0,0,0.0,0.0,,0.0,1,0.14,0.12,SPY221111C00425000,425.0,normalDay
2022-10-21,19397.0,-8486.0,0.0,100,374.29,459.0,0,0.0,0.0,,0.0,1,0.14,0.29,SPY221111C00425000,425.0,normalDay
2022-10-24,19397.0,-8035.0,0.0,100,378.87,459.0,0,0.0,0.0,,0.0,1,0.14,0.36,SPY221111C00425000,425.0,normalDay
2022-10-25,19397.0,-7431.0,0.0,100,384.92,459.0,0,0.0,0.0,,0.0,1,0.14,0.37,SPY221111C00425000,425.0,normalDay
2022-10-26,19397.0,-7707.0,0.0,100,382.02,459.0,0,0.0,0.0,,0.0,1,0.14,0.23,SPY221111C00425000,425.0,normalDay
2022-10-27,19397.0,-7899.0,0.0,100,379.98,459.0,0,0.0,0.0,,0.0,1,0.14,0.11,SPY221111C00425000,425.0,normalDay
2022-10-28,19397.0,-7013.0,0.0,100,389.02,459.0,0,0.0,0.0,,0.0,1,0.14,0.29,SPY221111C00425000,425.0,normalDay
2022-10-31,19397.0,-7280.0,0.0,100,386.21,459.0,0,0.0,0.0,,0.0,1,0.14,0.15,SPY221111C00425000,425.0,normalDay
2022-11-01,19397.0,-7445.0,0.0,100,384.52,459.0,0,0.0,0.0,,0.0,1,0.14,0.11,SPY221111C00425000,425.0,normalDay
2022-11-02,19397.0,-8402.0,0.0,100,374.87,459.0,0,0.0,0.0,,0.0,1,0.14,0.03,SPY221111C00425000,425.0,normalDay
2022-11-03,19397.0,-8788.0,0.0,100,371.01,459.0,0,0.0,0.0,,0.0,1,0.14,0.03,SPY221111C00425000,425.0,normalDay
2022-11-04,19397.0,-8253.0,0.0,100,376.35,459.0,0,0.0,0.0,,0.0,1,0.14,0.02,SPY221111C00425000,425.0,normalDay
2022-11-07,19397.0,-7892.0,0.0,100,379.95,459.0,0,0.0,0.0,,0.0,1,0.14,0.01,SPY221111C00425000,425.0,normalDay
2022-11-08,19397.0,-7687.0,0.0,100,382.0,459.0,0,0.0,0.0,,0.0,1,0.14,0.01,SPY221111C00425000,425.0,normalDay
2022-11-09,19397.0,-8474.0,0.0,100,374.13,459.0,0,0.0,0.0,,0.0,1,0.14,0.01,SPY221111C00425000,425.0,normalDay
2022-11-10,19397.0,-6418.0,0.0,100,394.69,459.0,0,0.0,0.0,,0.0,1,0.14,0.01,SPY221111C00425000,425.0,normalDay
2022-11-11,19411.0,-6049.0,14.0,100,398.51,459.0,0,0.0,0.0,,0.0,1,0.14,0.0,SPY221111C00425000,425.0,expirationDay
2022-11-14,19411.0,-6391.0,0.0,100,395.12,459.0,0,0.0,0.0,,0.0,1,1.97,2.0,SPY221216C00421000,421.0,normalDay
2022-11-15,19411.0,-6102.0,0.0,100,398.49,459.0,0,0.0,0.0,,0.0,1,1.97,2.48,SPY221216C00421000,421.0,normalDay
2022-11-16,19411.0,-6333.0,0.0,100,395.45,459.0,0,0.0,0.0,,0.0,1,1.97,1.75,SPY221216C00421000,421.0,normalDay
2022-11-17,19411.0,-6421.0,0.0,100,394.24,459.0,0,0.0,0.0,,0.0,1,1.97,1.42,SPY221216C00421000,421.0,normalDay
2022-11-18,19411.0,-6233.0,0.0,100,396.03,459.0,0,0.0,0.0,,0.0,1,1.97,1.33,SPY221216C00421000,421.0,normalDay
2022-11-21,19411.0,-6333.0,0.0,100,394.59,459.0,0,0.0,0.0,,0.0,1,1.97,0.89,SPY221216C00421000,421.0,normalDay
2022-11-22,19411.0,-5839.0,0.0,100,399.9,459.0,0,0.0,0.0,,0.0,1,1.97,1.26,SPY221216C00421000,421.0,normalDay
2022-11-23,19411.0,-5592.0,0.0,100,402.42,459.0,0,0.0,0.0,,0.0,1,1.97,1.31,SPY221216C00421000,421.0,normalDay
2022-11-25,19411.0,-5581.0,0.0,100,402.33,459.0,0,0.0,0.0,,0.0,1,1.97,1.11,SPY221216C00421000,421.0,normalDay
2022-11-28,19411.0,-6164.0,0.0,100,395.91,459.0,0,0.0,0.0,,0.0,1,1.97,0.52,SPY221216C00421000,421.0,normalDay
2022-11-29,19411.0,-6223.0,0.0,100,395.23,459.0,0,0.0,0.0,,0.0,1,1.97,0.43,SPY221216C00421000,421.0,normalDay
2022-11-30,19411.0,-5157.0,0.0,100,407.68,459.0,0,0.0,0.0,,0.0,1,1.97,2.22,SPY221216C00421000,421.0,normalDay
2022-12-01,19411.0,-5148.0,0.0,100,407.38,459.0,0,0.0,0.0,,0.0,1,1.97,1.83,SPY221216C00421000,421.0,normalDay
2022-12-02,19411.0,-5145.0,0.0,100,406.91,459.0,0,0.0,0.0,,0.0,1,1.97,1.33,SPY221216C00421000,421.0,normalDay
2022-12-05,19411.0,-5790.0,0.0,100,399.59,459.0,0,0.0,0.0,,0.0,1,1.97,0.46,SPY221216C00421000,421.0,normalDay
2022-12-06,19411.0,-6347.0,0.0,100,393.83,459.0,0,0.0,0.0,,0.0,1,1.97,0.27,SPY221216C00421000,421.0,normalDay
2022-12-07,19411.0,-6407.0,0.0,100,393.16,459.0,0,0.0,0.0,,0.0,1,1.97,0.2,SPY221216C00421000,421.0,normalDay
2022-12-08,19411.0,-6104.0,0.0,100,396.24,459.0,0,0.0,0.0,,0.0,1,1.97,0.25,SPY221216C00421000,421.0,normalDay
2022-12-09,19411.0,-6387.0,0.0,100,393.28,459.0,0,0.0,0.0,,0.0,1,1.97,0.12,SPY221216C00421000,421.0,normalDay
2022-12-12,19411.0,-5859.0,0.0,100,398.95,459.0,0,0.0,0.0,,0.0,1,1.97,0.51,SPY221216C00421000,421.0,normalDay
2022-12-13,19411.0,-5528.0,0.0,100,401.97,459.0,0,0.0,0.0,,0.0,1,1.97,0.22,SPY221216C00421000,421.0,normalDay
2022-12-14,19411.0,-5765.0,0.0,100,399.4,459.0,0,0.0,0.0,,0.0,1,1.97,0.02,SPY221216C00421000,421.0,normalDay
2022-12-15,19411.0,-6741.0,0.0,100,389.63,459.0,0,0.0,0.0,,0.0,1,1.97,0.01,SPY221216C00421000,421.0,normalDay
2022-12-16,19608.0,-7573.0,197.0,100,383.27,459.0,0,0.0,0.0,,0.0,1,1.97,0.0,SPY221216C00421000,421.0,expirationDay
2022-12-19,19608.0,-7901.0,0.0,100,380.02,459.0,0,0.0,0.0,,0.0,1,0.11,0.14,SPY230120C00430000,430.0,normalDay
2022-12-20,19608.0,-7848.0,0.0,100,380.54,459.0,0,0.0,0.0,,0.0,1,0.11,0.13,SPY230120C00430000,430.0,normalDay
2022-12-21,19608.0,-7282.0,0.0,100,386.23,459.0,0,0.0,0.0,,0.0,1,0.11,0.16,SPY230120C00430000,430.0,normalDay
2022-12-22,19608.0,-7828.0,0.0,100,380.72,459.0,0,0.0,0.0,,0.0,1,0.11,0.11,SPY230120C00430000,430.0,normalDay
2022-12-23,19608.0,-7606.0,0.0,100,382.91,459.0,0,0.0,0.0,,0.0,1,0.11,0.08,SPY230120C00430000,430.0,normalDay
2022-12-27,19608.0,-7757.0,0.0,100,381.4,459.0,0,0.0,0.0,,0.0,1,0.11,0.08,SPY230120C00430000,430.0,normalDay
2022-12-28,19608.0,-8229.0,0.0,100,376.66,459.0,0,0.0,0.0,,0.0,1,0.11,0.06,SPY230120C00430000,430.0,normalDay
2022-12-29,19608.0,-7552.0,0.0,100,383.44,459.0,0,0.0,0.0,,0.0,1,0.11,0.07,SPY230120C00430000,430.0,normalDay
2022-12-30,19608.0,-7651.0,0.0,100,382.43,459.0,0,0.0,0.0,,0.0,1,0.11,0.05,SPY230120C00430000,430.0,normalDay
2023-01-03,19608.0,-7810.0,0.0,100,380.82,459.0,0,0.0,0.0,,0.0,1,0.11,0.03,SPY230120C00430000,430.0,normalDay
2023-01-04,19608.0,-7517.0,0.0,100,383.76,459.0,0,0.0,0.0,,0.0,1,0.11,0.04,SPY230120C00430000,430.0,normalDay
2023-01-05,19608.0,-7954.0,0.0,100,379.38,459.0,0,0.0,0.0,,0.0,1,0.11,0.03,SPY230120C00430000,430.0,normalDay
2023-01-06,19608.0,-7084.0,0.0,100,388.08,459.0,0,0.0,0.0,,0.0,1,0.11,0.03,SPY230120C00430000,430.0,normalDay
2023-01-09,19608.0,-7106.0,0.0,100,387.86,459.0,0,0.0,0.0,,0.0,1,0.11,0.03,SPY230120C00430000,430.0,normalDay
2023-01-10,19608.0,-6834.0,0.0,100,390.58,459.0,0,0.0,0.0,,0.0,1,0.11,0.03,SPY230120C00430000,430.0,normalDay
2023-01-11,19608.0,-6341.0,0.0,100,395.52,459.0,0,0.0,0.0,,0.0,1,0.11,0.04,SPY230120C00430000,430.0,normalDay
2023-01-12,19608.0,-6195.0,0.0,100,396.96,459.0,0,0.0,0.0,,0.0,1,0.11,0.02,SPY230120C00430000,430.0,normalDay
2023-01-13,19608.0,-6040.0,0.0,100,398.5,459.0,0,0.0,0.0,,0.0,1,0.11,0.01,SPY230120C00430000,430.0,normalDay
2023-01-17,19608.0,-6113.0,0.0,100,397.77,459.0,0,0.0,0.0,,0.0,1,0.11,0.01,SPY230120C00430000,430.0,normalDay
2023-01-18,19608.0,-6741.0,0.0,100,391.49,459.0,0,0.0,0.0,,0.0,1,0.11,0.01,SPY230120C00430000,430.0,normalDay
2023-01-19,19608.0,-7026.0,0.0,100,388.64,459.0,0,0.0,0.0,,0.0,1,0.11,0.01,SPY230120C00430000,430.0,normalDay
2023-01-20,19619.0,-6312.0,11.0,100,395.88,459.0,0,0.0,0.0,,0.0,1,0.11,0.0,SPY230120C00430000,430.0,expirationDay
2023-01-23,19619.0,-5840.0,0.0,100,400.63,459.0,0,0.0,0.0,,0.0,1,1.67,1.7,SPY230224C00420000,420.0,normalDay
2023-01-24,19619.0,-5880.0,0.0,100,400.2,459.0,0,0.0,0.0,,0.0,1,1.67,1.67,SPY230224C00420000,420.0,normalDay
2023-01-25,19619.0,-5836.0,0.0,100,400.35,459.0,0,0.0,0.0,,0.0,1,1.67,1.38,SPY230224C00420000,420.0,normalDay
2023-01-26,19619.0,-5468.0,0.0,100,404.75,459.0,0,0.0,0.0,,0.0,1,1.67,2.1,SPY230224C00420000,420.0,normalDay
2023-01-27,19619.0,-5384.0,0.0,100,405.68,459.0,0,0.0,0.0,,0.0,1,1.67,2.19,SPY230224C00420000,420.0,normalDay
2023-01-30,19619.0,-5812.0,0.0,100,400.59,459.0,0,0.0,0.0,,0.0,1,1.67,1.38,SPY230224C00420000,420.0,normalDay
2023-01-31,19619.0,-5305.0,0.0,100,406.48,459.0,0,0.0,0.0,,0.0,1,1.67,2.2,SPY230224C00420000,420.0,normalDay
2023-02-01,19619.0,-4988.0,0.0,100,410.8,459.0,0,0.0,0.0,,0.0,1,1.67,3.35,SPY230224C00420000,420.0,normalDay
2023-02-02,19619.0,-4553.0,0.0,100,416.78,459.0,0,0.0,0.0,,0.0,1,1.67,4.98,SPY230224C00420000,420.0,normalDay
2023-02-03,19619.0,-4845.0,0.0,100,412.35,459.0,0,0.0,0.0,,0.0,1,1.67,3.47,SPY230224C00420000,420.0,normalDay
2023-02-06,19619.0,-5006.0,0.0,100,409.83,459.0,0,0.0,0.0,,0.0,1,1.67,2.56,SPY230224C00420000,420.0,normalDay
2023-02-07,19619.0,-4595.0,0.0,100,415.19,459.0,0,0.0,0.0,,0.0,1,1.67,3.81,SPY230224C00420000,420.0,normalDay
2023-02-08,19619.0,-4927.0,0.0,100,410.65,459.0,0,0.0,0.0,,0.0,1,1.67,2.59,SPY230224C00420000,420.0,normalDay
2023-02-09,19619.0,-5201.0,0.0,100,407.09,459.0,0,0.0,0.0,,0.0,1,1.67,1.77,SPY230224C00420000,420.0,normalDay
2023-02-10,19619.0,-5088.0,0.0,100,408.04,459.0,0,0.0,0.0,,0.0,1,1.67,1.59,SPY230224C00420000,420.0,normalDay
2023-02-13,19619.0,-4722.0,0.0,100,412.83,459.0,0,0.0,0.0,,0.0,1,1.67,2.72,SPY230224C00420000,420.0,normalDay
2023-02-14,19619.0,-4616.0,0.0,100,412.64,459.0,0,0.0,0.0,,0.0,1,1.67,1.47,SPY230224C00420000,420.0,normalDay
2023-02-15,19619.0,-4489.0,0.0,100,413.98,459.0,0,0.0,0.0,,0.0,1,1.67,1.54,SPY230224C00420000,420.0,normalDay
2023-02-16,19619.0,-4951.0,0.0,100,408.28,459.0,0,0.0,0.0,,0.0,1,1.67,0.46,SPY230224C00420000,420.0,normalDay
2023-02-17,19619.0,-5023.0,0.0,100,407.26,459.0,0,0.0,0.0,,0.0,1,1.67,0.16,SPY230224C00420000,420.0,normalDay
2023-02-21,19619.0,-5827.0,0.0,100,399.09,459.0,0,0.0,0.0,,0.0,1,1.67,0.03,SPY230224C00420000,420.0,normalDay
2023-02-22,19619.0,-5880.0,0.0,100,398.54,459.0,0,0.0,0.0,,0.0,1,1.67,0.01,SPY230224C00420000,420.0,normalDay
2023-02-23,19619.0,-5668.0,0.0,100,400.66,459.0,0,0.0,0.0,,0.0,1,1.67,0.01,SPY230224C00420000,420.0,normalDay
2023-02-24,19786.0,-6262.0,167.0,100,396.38,459.0,0,0.0,0.0,,0.0,1,1.67,0.0,SPY230224C00420000,420.0,expirationDay
2023-02-27,19786.0,-6130.0,0.0,100,397.73,459.0,0,0.0,0.0,,0.0,1,0.14,0.17,SPY230331C00435000,435.0,normalDay
2023-02-28,19786.0,-6272.0,0.0,100,396.26,459.0,0,0.0,0.0,,0.0,1,0.14,0.12,SPY230331C00435000,435.0,normalDay
2023-03-01,19786.0,-6421.0,0.0,100,394.74,459.0,0,0.0,0.0,,0.0,1,0.14,0.09,SPY230331C00435000,435.0,normalDay
2023-03-02,19786.0,-6115.0,0.0,100,397.81,459.0,0,0.0,0.0,,0.0,1,0.14,0.1,SPY230331C00435000,435.0,normalDay
2023-03-03,19786.0,-5490.0,0.0,100,404.19,459.0,0,0.0,0.0,,0.0,1,0.14,0.23,SPY230331C00435000,435.0,normalDay
2023-03-06,19786.0,-5460.0,0.0,100,404.47,459.0,0,0.0,0.0,,0.0,1,0.14,0.21,SPY230331C00435000,435.0,normalDay
2023-03-07,19786.0,-6069.0,0.0,100,398.27,459.0,0,0.0,0.0,,0.0,1,0.14,0.1,SPY230331C00435000,435.0,normalDay
2023-03-08,19786.0,-6003.0,0.0,100,398.92,459.0,0,0.0,0.0,,0.0,1,0.14,0.09,SPY230331C00435000,435.0,normalDay
2023-03-09,19786.0,-6736.0,0.0,100,391.56,459.0,0,0.0,0.0,,0.0,1,0.14,0.06,SPY230331C00435000,435.0,normalDay
2023-03-10,19786.0,-7298.0,0.0,100,385.91,459.0,0,0.0,0.0,,0.0,1,0.14,0.03,SPY230331C00435000,435.0,normalDay
2023-03-13,19786.0,-7354.0,0.0,100,385.36,459.0,0,0.0,0.0,,0.0,1,0.14,0.04,SPY230331C00435000,435.0,normalDay
2023-03-14,19786.0,-6716.0,0.0,100,391.73,459.0,0,0.0,0.0,,0.0,1,0.14,0.03,SPY230331C00435000,435.0,normalDay
2023-03-15,19786.0,-6961.0,0.0,100,389.28,459.0,0,0.0,0.0,,0.0,1,0.14,0.03,SPY230331C00435000,435.0,normalDay
2023-03-16,19786.0,-6280.0,0.0,100,396.11,459.0,0,0.0,0.0,,0.0,1,0.14,0.05,SPY230331C00435000,435.0,normalDay
2023-03-17,19786.0,-6889.0,0.0,100,389.99,459.0,0,0.0,0.0,,0.0,1,0.14,0.02,SPY230331C00435000,435.0,normalDay
2023-03-20,19786.0,-6514.0,0.0,100,393.74,459.0,0,0.0,0.0,,0.0,1,0.14,0.02,SPY230331C00435000,435.0,normalDay
2023-03-21,19786.0,-5998.0,0.0,100,398.91,459.0,0,0.0,0.0,,0.0,1,0.14,0.03,SPY230331C00435000,435.0,normalDay
2023-03-22,19786.0,-6676.0,0.0,100,392.11,459.0,0,0.0,0.0,,0.0,1,0.14,0.01,SPY230331C00435000,435.0,normalDay
2023-03-23,19786.0,-6571.0,0.0,100,393.17,459.0,0,0.0,0.0,,0.0,1,0.14,0.02,SPY230331C00435000,435.0,normalDay
2023-03-24,19786.0,-6312.0,0.0,100,395.75,459.0,0,0.0,0.0,,0.0,1,0.14,0.01,SPY230331C00435000,435.0,normalDay
2023-03-27,19786.0,-6238.0,0.0,100,396.49,459.0,0,0.0,0.0,,0.0,1,0.14,0.01,SPY230331C00435000,435.0,normalDay
2023-03-28,19786.0,-6327.0,0.0,100,395.6,459.0,0,0.0,0.0,,0.0,1,0.14,0.01,SPY230331C00435000,435.0,normalDay
2023-03-29,19786.0,-5752.0,0.0,100,401.35,459.0,0,0.0,0.0,,0.0,1,0.14,0.01,SPY230331C00435000,435.0,normalDay
2023-03-30,19786.0,-5517.0,0.0,100,403.7,459.0,0,0.0,0.0,,0.0,1,0.14,0.01,SPY230331C00435000,435.0,normalDay
2023-03-31,19800.0,-4961.0,14.0,100,409.39,459.0,0,0.0,0.0,,0.0,1,0.14,0.0,SPY230331C00435000,435.0,expirationDay
2023-04-03,19800.0,-4809.0,0.0,100,410.95,459.0,0,0.0,0.0,,0.0,1,2.48,2.52,SPY230505C00426000,426.0,normalDay
2023-04-04,19800.0,-4973.0,0.0,100,408.67,459.0,0,0.0,0.0,,0.0,1,2.48,1.88,SPY230505C00426000,426.0,normalDay
2023-04-05,19800.0,-5042.0,0.0,100,407.6,459.0,0,0.0,0.0,,0.0,1,2.48,1.5,SPY230505C00426000,426.0,normalDay
2023-04-06,19800.0,-4889.0,0.0,100,409.19,459.0,0,0.0,0.0,,0.0,1,2.48,1.56,SPY230505C00426000,426.0,normalDay
2023-04-10,19800.0,-4838.0,0.0,100,409.61,459.0,0,0.0,0.0,,0.0,1,2.48,1.47,SPY230505C00426000,426.0,normalDay
2023-04-11,19800.0,-4822.0,0.0,100,409.72,459.0,0,0.0,0.0,,0.0,1,2.48,1.42,SPY230505C00426000,426.0,normalDay
2023-04-12,19800.0,-4932.0,0.0,100,408.05,459.0,0,0.0,0.0,,0.0,1,2.48,0.85,SPY230505C00426000,426.0,normalDay
2023-04-13,19800.0,-4469.0,0.0,100,413.47,459.0,0,0.0,0.0,,0.0,1,2.48,1.64,SPY230505C00426000,426.0,normalDay
2023-04-14,19800.0,-4525.0,0.0,100,412.46,459.0,0,0.0,0.0,,0.0,1,2.48,1.19,SPY230505C00426000,426.0,normalDay
2023-04-17,19800.0,-4384.0,0.0,100,413.94,459.0,0,0.0,0.0,,0.0,1,2.48,1.26,SPY230505C00426000,426.0,normalDay
2023-04-18,19800.0,-4342.0,0.0,100,414.21,459.0,0,0.0,0.0,,0.0,1,2.48,1.11,SPY230505C00426000,426.0,normalDay
2023-04-19,19800.0,-4331.0,0.0,100,414.14,459.0,0,0.0,0.0,,0.0,1,2.48,0.93,SPY230505C00426000,426.0,normalDay
2023-04-20,19800.0,-4520.0,0.0,100,411.88,459.0,0,0.0,0.0,,0.0,1,2.48,0.56,SPY230505C00426000,426.0,normalDay
2023-04-21,19800.0,-4474.0,0.0,100,412.2,459.0,0,0.0,0.0,,0.0,1,2.48,0.42,SPY230505C00426000,426.0,normalDay
2023-04-24,19800.0,-4424.0,0.0,100,412.63,459.0,0,0.0,0.0,,0.0,1,2.48,0.35,SPY230505C00426000,426.0,normalDay
2023-04-25,19800.0,-5056.0,0.0,100,406.08,459.0,0,0.0,0.0,,0.0,1,2.48,0.12,SPY230505C00426000,426.0,normalDay
2023-04-26,19800.0,-5221.0,0.0,100,404.36,459.0,0,0.0,0.0,,0.0,1,2.48,0.05,SPY230505C00426000,426.0,normalDay
2023-04-27,19800.0,-4436.0,0.0,100,412.41,459.0,0,0.0,0.0,,0.0,1,2.48,0.25,SPY230505C00426000,426.0,normalDay
2023-04-28,19800.0,-4092.0,0.0,100,415.93,459.0,0,0.0,0.0,,0.0,1,2.48,0.33,SPY230505C00426000,426.0,normalDay
2023-05-01,19800.0,-4116.0,0.0,100,415.51,459.0,0,0.0,0.0,,0.0,1,2.48,0.15,SPY230505C00426000,426.0,normalDay
2023-05-02,19800.0,-4572.0,0.0,100,410.84,459.0,0,0.0,0.0,,0.0,1,2.48,0.04,SPY230505C00426000,426.0,normalDay
2023-05-03,19800.0,-4852.0,0.0,100,408.02,459.0,0,0.0,0.0,,0.0,1,2.48,0.02,SPY230505C00426000,426.0,normalDay
2023-05-04,19800.0,-5140.0,0.0,100,405.13,459.0,0,0.0,0.0,,0.0,1,2.48,0.01,SPY230505C00426000,426.0,normalDay
2023-05-05,20048.0,-4637.0,248.0,100,412.63,459.0,0,0.0,0.0,,0.0,1,2.48,0.0,SPY230505C00426000,426.0,expirationDay
2023-05-08,20048.0,-4630.0,0.0,100,412.74,459.0,0,0.0,0.0,,0.0,1,1.7,1.74,SPY230609C00426000,426.0,normalDay
2023-05-09,20048.0,-4783.0,0.0,100,410.93,459.0,0,0.0,0.0,,0.0,1,1.7,1.46,SPY230609C00426000,426.0,normalDay
2023-05-10,20048.0,-4604.0,0.0,100,412.85,459.0,0,0.0,0.0,,0.0,1,1.7,1.59,SPY230609C00426000,426.0,normalDay
2023-05-11,20048.0,-4635.0,0.0,100,412.13,459.0,0,0.0,0.0,,0.0,1,1.7,1.18,SPY230609C00426000,426.0,normalDay
2023-05-12,20048.0,-4659.0,0.0,100,411.59,459.0,0,0.0,0.0,,0.0,1,1.7,0.88,SPY230609C00426000,426.0,normalDay
2023-05-15,20048.0,-4524.0,0.0,100,413.01,459.0,0,0.0,0.0,,0.0,1,1.7,0.95,SPY230609C00426000,426.0,normalDay
2023-05-16,20048.0,-4767.0,0.0,100,410.25,459.0,0,0.0,0.0,,0.0,1,1.7,0.62,SPY230609C00426000,426.0,normalDay
2023-05-17,20048.0,-4341.0,0.0,100,415.23,459.0,0,0.0,0.0,,0.0,1,1.7,1.34,SPY230609C00426000,426.0,normalDay
2023-05-18,20048.0,-4044.0,0.0,100,419.23,459.0,0,0.0,0.0,,0.0,1,1.7,2.37,SPY230609C00426000,426.0,normalDay
2023-05-19,20048.0,-4088.0,0.0,100,418.62,459.0,0,0.0,0.0,,0.0,1,1.7,2.2,SPY230609C00426000,426.0,normalDay
2023-05-22,20048.0,-4065.0,0.0,100,418.79,459.0,0,0.0,0.0,,0.0,1,1.7,2.14,SPY230609C00426000,426.0,normalDay
2023-05-23,20048.0,-4421.0,0.0,100,414.09,459.0,0,0.0,0.0,,0.0,1,1.7,1.0,SPY230609C00426000,426.0,normalDay
2023-05-24,20048.0,-4686.0,0.0,100,411.09,459.0,0,0.0,0.0,,0.0,1,1.7,0.65,SPY230609C00426000,426.0,normalDay
2023-05-25,20048.0,-4361.0,0.0,100,414.65,459.0,0,0.0,0.0,,0.0,1,1.7,0.96,SPY230609C00426000,426.0,normalDay
2023-05-26,20048.0,-3937.0,0.0,100,420.02,459.0,0,0.0,0.0,,0.0,1,1.7,2.09,SPY230609C00426000,426.0,normalDay
2023-05-30,20048.0,-3874.0,0.0,100,420.18,459.0,0,0.0,0.0,,0.0,1,1.7,1.62,SPY230609C00426000,426.0,normalDay
2023-05-31,20048.0,-4013.0,0.0,100,417.85,459.0,0,0.0,0.0,,0.0,1,1.7,0.68,SPY230609C00426000,426.0,normalDay
2023-06-01,20048.0,-3674.0,0.0,100,421.82,459.0,0,0.0,0.0,,0.0,1,1.7,1.26,SPY230609C00426000,426.0,normalDay
2023-06-02,20048.0,-3326.0,0.0,100,427.92,459.0,0,0.0,0.0,,0.0,1,1.7,3.88,SPY230609C00426000,426.0,normalDay
2023-06-05,20048.0,-3316.0,0.0,100,427.1,459.0,0,0.0,0.0,,0.0,1,1.7,2.96,SPY230609C00426000,426.0,normalDay
2023-06-06,20048.0,-3271.0,0.0,100,428.03,459.0,0,0.0,0.0,,0.0,1,1.7,3.44,SPY230609C00426000,426.0,normalDay
2023-06-07,20048.0,-3267.0,0.0,100,426.55,459.0,0,0.0,0.0,,0.0,1,1.7,1.92,SPY230609C00426000,426.0,normalDay
2023-06-08,20048.0,-3147.0,0.0,100,429.13,459.0,0,0.0,0.0,,0.0,1,1.7,3.3,SPY230609C00426000,426.0,normalDay
2023-06-09,16918.0,-3147.0,-3130.0,0,429.9,0.0,0,0.0,0.0,,0.0,1,1.7,0.0,SPY230609C00426000,426.0,expirationDay
2023-06-12,16918.0,-4.0,0.0,0,433.8,0.0,1,1.79,1.83,SPY230728P00405000,405.0,0,0.0,0.0,,0.0,normalDay
2023-06-13,16918.0,27.0,0.0,0,436.66,0.0,1,1.79,1.52,SPY230728P00405000,405.0,0,0.0,0.0,,0.0,normalDay
2023-06-14,16918.0,53.0,0.0,0,437.18,0.0,1,1.79,1.26,SPY230728P00405000,405.0,0,0.0,0.0,,0.0,normalDay
2023-06-15,16918.0,66.0,0.0,0,442.6,0.0,1,1.79,1.13,SPY230728P00405000,405.0,0,0.0,0.0,,0.0,normalDay
2023-06-16,16918.0,82.0,0.0,0,439.46,0.0,1,1.79,0.97,SPY230728P00405000,405.0,0,0.0,0.0,,0.0,normalDay
2023-06-20,16918.0,76.0,0.0,0,437.18,0.0,1,1.79,1.03,SPY230728P00405000,405.0,0,0.0,0.0,,0.0,normalDay
2023-06-21,16918.0,77.0,0.0,0,434.94,0.0,1,1.79,1.02,SPY230728P00405000,405.0,0,0.0,0.0,,0.0,normalDay
2023-06-22,16918.0,94.0,0.0,0,436.51,0.0,1,1.79,0.85,SPY230728P00405000,405.0,0,0.0,0.0,,0.0,normalDay
2023-06-23,16918.0,74.0,0.0,0,433.21,0.0,1,1.79,1.05,SPY230728P00405000,405.0,0,0.0,0.0,,0.0,normalDay
2023-06-26,16918.0,68.0,0.0,0,431.44,0.0,1,1.79,1.11,SPY230728P00405000,405.0,0,0.0,0.0,,0.0,normalDay
2023-06-27,16918.0,103.0,0.0,0,436.17,0.0,1,1.79,0.76,SPY230728P00405000,405.0,0,0.0,0.0,,0.0,normalDay
2023-06-28,16918.0,116.0,0.0,0,436.39,0.0,1,1.79,0.63,SPY230728P00405000,405.0,0,0.0,0.0,,0.0,normalDay
2023-06-29,16918.0,122.0,0.0,0,438.11,0.0,1,1.79,0.57,SPY230728P00405000,405.0,0,0.0,0.0,,0.0,normalDay
2023-06-30,16918.0,137.0,0.0,0,443.28,0.0,1,1.79,0.42,SPY230728P00405000,405.0,0,0.0,0.0,,0.0,normalDay
2023-07-03,16918.0,143.0,0.0,0,443.79,0.0,1,1.79,0.36,SPY230728P00405000,405.0,0,0.0,0.0,,0.0,normalDay
2023-07-05,16918.0,142.0,0.0,0,443.13,0.0,1,1.79,0.37,SPY230728P00405000,405.0,0,0.0,0.0,,0.0,normalDay
2023-07-06,16918.0,129.0,0.0,0,439.66,0.0,1,1.79,0.5,SPY230728P00405000,405.0,0,0.0,0.0,,0.0,normalDay
2023-07-07,16918.0,137.0,0.0,0,438.55,0.0,1,1.79,0.42,SPY230728P00405000,405.0,0,0.0,0.0,,0.0,normalDay
2023-07-10,16918.0,145.0,0.0,0,439.66,0.0,1,1.79,0.34,SPY230728P00405000,405.0,0,0.0,0.0,,0.0,normalDay
2023-07-11,16918.0,152.0,0.0,0,442.46,0.0,1,1.79,0.27,SPY230728P00405000,405.0,0,0.0,0.0,,0.0,normalDay
2023-07-12,16918.0,162.0,0.0,0,446.02,0.0,1,1.79,0.17,SPY230728P00405000,405.0,0,0.0,0.0,,0.0,normalDay
2023-07-13,16918.0,162.0,0.0,0,449.56,0.0,1,1.79,0.17,SPY230728P00405000,405.0,0,0.0,0.0,,0.0,normalDay
2023-07-14,16918.0,165.0,0.0,0,449.28,0.0,1,1.79,0.14,SPY230728P00405000,405.0,0,0.0,0.0,,0.0,normalDay
2023-07-17,16918.0,169.0,0.0,0,450.84,0.0,1,1.79,0.1,SPY230728P00405000,405.0,0,0.0,0.0,,0.0,normalDay
2023-07-18,16918.0,170.0,0.0,0,454.19,0.0,1,1.79,0.09,SPY230728P00405000,405.0,0,0.0,0.0,,0.0,normalDay
2023-07-19,16918.0,172.0,0.0,0,455.2,0.0,1,1.79,0.07,SPY230728P00405000,405.0,0,0.0,0.0,,0.0,normalDay
2023-07-20,16918.0,172.0,0.0,0,452.18,0.0,1,1.79,0.07,SPY230728P00405000,405.0,0,0.0,0.0,,0.0,normalDay
2023-07-21,16918.0,175.0,0.0,0,452.18,0.0,1,1.79,0.04,SPY230728P00405000,405.0,0,0.0,0.0,,0.0,normalDay
2023-07-24,16918.0,177.0,0.0,0,454.2,0.0,1,1.79,0.02,SPY230728P00405000,405.0,0,0.0,0.0,,0.0,normalDay
2023-07-25,16918.0,177.0,0.0,0,455.44,0.0,1,1.79,0.02,SPY230728P00405000,405.0,0,0.0,0.0,,0.0,normalDay
2023-07-26,16918.0,177.0,0.0,0,455.51,0.0,1,1.79,0.02,SPY230728P00405000,405.0,0,0.0,0.0,,0.0,normalDay
2023-07-27,16918.0,177.0,0.0,0,452.49,0.0,1,1.79,0.02,SPY230728P00405000,405.0,0,0.0,0.0,,0.0,normalDay
2023-07-28,17097.0,0.0,179.0,0,456.92,0.0,1,1.79,0.0,SPY230728P00405000,405.0,0,0.0,0.0,,0.0,expirationDay
2023-07-31,17097.0,-3.0,0.0,0,457.79,0.0,1,2.05,2.08,SPY230915P00435000,435.0,0,0.0,0.0,,0.0,normalDay
2023-08-01,17097.0,-21.0,0.0,0,456.48,0.0,1,2.05,2.26,SPY230915P00435000,435.0,0,0.0,0.0,,0.0,normalDay
2023-08-02,17097.0,-171.0,0.0,0,450.13,0.0,1,2.05,3.76,SPY230915P00435000,435.0,0,0.0,0.0,,0.0,normalDay
2023-08-03,17097.0,-163.0,0.0,0,448.84,0.0,1,2.05,3.68,SPY230915P00435000,435.0,0,0.0,0.0,,0.0,normalDay
2023-08-04,17097.0,-253.0,0.0,0,446.81,0.0,1,2.05,4.58,SPY230915P00435000,435.0,0,0.0,0.0,,0.0,normalDay
2023-08-07,17097.0,-115.0,0.0,0,450.71,0.0,1,2.05,3.2,SPY230915P00435000,435.0,0,0.0,0.0,,0.0,normalDay
2023-08-08,17097.0,-159.0,0.0,0,448.75,0.0,1,2.05,3.64,SPY230915P00435000,435.0,0,0.0,0.0,,0.0,normalDay
2023-08-09,17097.0,-200.0,0.0,0,445.75,0.0,1,2.05,4.05,SPY230915P00435000,435.0,0,0.0,0.0,,0.0,normalDay
2023-08-10,17097.0,-198.0,0.0,0,445.91,0.0,1,2.05,4.03,SPY230915P00435000,435.0,0,0.0,0.0,,0.0,normalDay
2023-08-11,17097.0,-161.0,0.0,0,445.65,0.0,1,2.05,3.66,SPY230915P00435000,435.0,0,0.0,0.0,,0.0,normalDay
2023-08-14,17097.0,-83.0,0.0,0,448.11,0.0,1,2.05,2.88,SPY230915P00435000,435.0,0,0.0,0.0,,0.0,normalDay
2023-08-15,17097.0,-239.0,0.0,0,442.89,0.0,1,2.05,4.44,SPY230915P00435000,435.0,0,0.0,0.0,,0.0,normalDay
2023-08-16,17097.0,-330.0,0.0,0,439.64,0.0,1,2.05,5.35,SPY230915P00435000,435.0,0,0.0,0.0,,0.0,normalDay
2023-08-17,17097.0,-487.0,0.0,0,436.29,0.0,1,2.05,6.92,SPY230915P00435000,435.0,0,0.0,0.0,,0.0,normalDay
2023-08-18,17097.0,-431.0,0.0,0,436.5,0.0,1,2.05,6.36,SPY230915P00435000,435.0,0,0.0,0.0,,0.0,normalDay
2023-08-21,17097.0,-298.0,0.0,0,439.34,0.0,1,2.05,5.03,SPY230915P00435000,435.0,0,0.0,0.0,,0.0,normalDay
2023-08-22,17097.0,-311.0,0.0,0,438.15,0.0,1,2.05,5.16,SPY230915P00435000,435.0,0,0.0,0.0,,0.0,normalDay
2023-08-23,17097.0,-126.0,0.0,0,443.03,0.0,1,2.05,3.31,SPY230915P00435000,435.0,0,0.0,0.0,,0.0,normalDay
2023-08-24,17097.0,-340.0,0.0,0,436.89,0.0,1,2.05,5.45,SPY230915P00435000,435.0,0,0.0,0.0,,0.0,normalDay
2023-08-25,17097.0,-168.0,0.0,0,439.97,0.0,1,2.05,3.73,SPY230915P00435000,435.0,0,0.0,0.0,,0.0,normalDay
2023-08-28,17097.0,-41.0,0.0,0,442.76,0.0,1,2.05,2.46,SPY230915P00435000,435.0,0,0.0,0.0,,0.0,normalDay
2023-08-29,17097.0,87.0,0.0,0,449.16,0.0,1,2.05,1.18,SPY230915P00435000,435.0,0,0.0,0.0,,0.0,normalDay
2023-08-30,17097.0,124.0,0.0,0,451.01,0.0,1,2.05,0.81,SPY230915P00435000,435.0,0,0.0,0.0,,0.0,normalDay
2023-08-31,17097.0,138.0,0.0,0,450.35,0.0,1,2.05,0.67,SPY230915P00435000,435.0,0,0.0,0.0,,0.0,normalDay
2023-09-01,17097.0,152.0,0.0,0,451.19,0.0,1,2.05,0.53,SPY230915P00435000,435.0,0,0.0,0.0,,0.0,normalDay
2023-09-05,17097.0,146.0,0.0,0,449.24,0.0,1,2.05,0.59,SPY230915P00435000,435.0,0,0.0,0.0,,0.0,normalDay
2023-09-06,17097.0,124.0,0.0,0,446.22,0.0,1,2.05,0.81,SPY230915P00435000,435.0,0,0.0,0.0,,0.0,normalDay
2023-09-07,17097.0,125.0,0.0,0,444.85,0.0,1,2.05,0.8,SPY230915P00435000,435.0,0,0.0,0.0,,0.0,normalDay
2023-09-08,17097.0,161.0,0.0,0,445.52,0.0,1,2.05,0.44,SPY230915P00435000,435.0,0,0.0,0.0,,0.0,normalDay
2023-09-11,17097.0,188.0,0.0,0,448.45,0.0,1,2.05,0.17,SPY230915P00435000,435.0,0,0.0,0.0,,0.0,normalDay
2023-09-12,17097.0,179.0,0.0,0,445.99,0.0,1,2.05,0.26,SPY230915P00435000,435.0,0,0.0,0.0,,0.0,normalDay
2023-09-13,17097.0,197.0,0.0,0,446.51,0.0,1,2.05,0.08,SPY230915P00435000,435.0,0,0.0,0.0,,0.0,normalDay
2023-09-14,17097.0,201.0,0.0,0,450.36,0.0,1,2.05,0.04,SPY230915P00435000,435.0,0,0.0,0.0,,0.0,normalDay
2023-09-15,17302.0,0.0,205.0,0,443.37,0.0,1,2.05,0.0,SPY230915P00435000,435.0,0,0.0,0.0,,0.0,expirationDay
2023-09-18,17302.0,-4.0,0.0,0,443.63,0.0,1,3.56,3.6,SPY231027P00435000,435.0,0,0.0,0.0,,0.0,normalDay
2023-09-19,17302.0,-21.0,0.0,0,442.71,0.0,1,3.56,3.77,SPY231027P00435000,435.0,0,0.0,0.0,,0.0,normalDay
2023-09-20,17302.0,-176.0,0.0,0,438.64,0.0,1,3.56,5.32,SPY231027P00435000,435.0,0,0.0,0.0,,0.0,normalDay
2023-09-21,17302.0,-531.0,0.0,0,431.39,0.0,1,3.56,8.87,SPY231027P00435000,435.0,0,0.0,0.0,,0.0,normalDay
2023-09-22,17302.0,-556.0,0.0,0,430.42,0.0,1,3.56,9.12,SPY231027P00435000,435.0,0,0.0,0.0,,0.0,normalDay
2023-09-25,17302.0,-439.0,0.0,0,432.23,0.0,1,3.56,7.95,SPY231027P00435000,435.0,0,0.0,0.0,,0.0,normalDay
2023-09-26,17302.0,-824.0,0.0,0,425.88,0.0,1,3.56,11.8,SPY231027P00435000,435.0,0,0.0,0.0,,0.0,normalDay
2023-09-27,17302.0,-784.0,0.0,0,426.05,0.0,1,3.56,11.4,SPY231027P00435000,435.0,0,0.0,0.0,,0.0,normalDay
2023-09-28,17302.0,-638.0,0.0,0,428.52,0.0,1,3.56,9.94,SPY231027P00435000,435.0,0,0.0,0.0,,0.0,normalDay
2023-09-29,17302.0,-676.0,0.0,0,427.48,0.0,1,3.56,10.32,SPY231027P00435000,435.0,0,0.0,0.0,,0.0,normalDay
2023-10-02,17302.0,-660.0,0.0,0,427.31,0.0,1,3.56,10.16,SPY231027P00435000,435.0,0,0.0,0.0,,0.0,normalDay
2023-10-03,17302.0,-1083.0,0.0,0,421.59,0.0,1,3.56,14.39,SPY231027P00435000,435.0,0,0.0,0.0,,0.0,normalDay
2023-10-04,17302.0,-863.0,0.0,0,424.66,0.0,1,3.56,12.19,SPY231027P00435000,435.0,0,0.0,0.0,,0.0,normalDay
2023-10-05,17302.0,-883.0,0.0,0,424.5,0.0,1,3.56,12.39,SPY231027P00435000,435.0,0,0.0,0.0,,0.0,normalDay
2023-10-06,17302.0,-468.0,0.0,0,429.54,0.0,1,3.56,8.24,SPY231027P00435000,435.0,0,0.0,0.0,,0.0,normalDay
2023-10-09,17302.0,-300.0,0.0,0,432.29,0.0,1,3.56,6.56,SPY231027P00435000,435.0,0,0.0,0.0,,0.0,normalDay
2023-10-10,17302.0,-167.0,0.0,0,434.54,0.0,1,3.56,5.23,SPY231027P00435000,435.0,0,0.0,0.0,,0.0,normalDay
2023-10-11,17302.0,-22.0,0.0,0,436.32,0.0,1,3.56,3.78,SPY231027P00435000,435.0,0,0.0,0.0,,0.0,normalDay
2023-10-12,17302.0,-149.0,0.0,0,433.66,0.0,1,3.56,5.05,SPY231027P00435000,435.0,0,0.0,0.0,,0.0,normalDay
2023-10-13,17302.0,-331.0,0.0,0,431.5,0.0,1,3.56,6.87,SPY231027P00435000,435.0,0,0.0,0.0,,0.0,normalDay
2023-10-16,17302.0,-15.0,0.0,0,436.04,0.0,1,3.56,3.71,SPY231027P00435000,435.0,0,0.0,0.0,,0.0,normalDay
2023-10-17,17302.0,-30.0,0.0,0,436.02,0.0,1,3.56,3.86,SPY231027P00435000,435.0,0,0.0,0.0,,0.0,normalDay
2023-10-18,17302.0,-291.0,0.0,0,430.21,0.0,1,3.56,6.47,SPY231027P00435000,435.0,0,0.0,0.0,,0.0,normalDay
2023-10-19,17302.0,-667.0,0.0,0,426.43,0.0,1,3.56,10.23,SPY231027P00435000,435.0,0,0.0,0.0,,0.0,normalDay
2023-10-20,17302.0,-1029.0,0.0,0,421.19,0.0,1,3.56,13.85,SPY231027P00435000,435.0,0,0.0,0.0,,0.0,normalDay
2023-10-23,17302.0,-1030.0,0.0,0,420.46,0.0,1,3.56,13.86,SPY231027P00435000,435.0,0,0.0,0.0,,0.0,normalDay
2023-10-24,17302.0,-763.0,0.0,0,423.63,0.0,1,3.56,11.19,SPY231027P00435000,435.0,0,0.0,0.0,,0.0,normalDay
2023-10-25,17302.0,-1377.0,0.0,0,417.55,0.0,1,3.56,17.33,SPY231027P00435000,435.0,0,0.0,0.0,,0.0,normalDay
2023-10-26,17302.0,-1869.0,0.0,0,412.55,0.0,1,3.56,22.25,SPY231027P00435000,435.0,0,0.0,0.0,,0.0,normalDay
2023-10-27,17658.0,-2432.0,356.0,100,410.68,435.0,1,3.56,0.0,SPY231027P00435000,435.0,0,0.0,0.0,,0.0,expirationDay
2023-10-30,17658.0,-1944.0,0.0,100,415.59,435.0,0,0.0,0.0,,0.0,1,0.04,0.07,SPY231201C00462000,462.0,normalDay
2023-10-31,17658.0,-1682.0,0.0,100,418.2,435.0,0,0.0,0.0,,0.0,1,0.04,0.06,SPY231201C00462000,462.0,normalDay
2023-11-01,17658.0,-1238.0,0.0,100,422.66,435.0,0,0.0,0.0,,0.0,1,0.04,0.08,SPY231201C00462000,462.0,normalDay
2023-11-02,17658.0,-435.0,0.0,100,430.76,435.0,0,0.0,0.0,,0.0,1,0.04,0.15,SPY231201C00462000,462.0,normalDay
2023-11-03,17658.0,-47.0,0.0,100,434.69,435.0,0,0.0,0.0,,0.0,1,0.04,0.2,SPY231201C00462000,462.0,normalDay
2023-11-06,17658.0,60.0,0.0,100,435.69,435.0,0,0.0,0.0,,0.0,1,0.04,0.13,SPY231201C00462000,462.0,normalDay
2023-11-07,17658.0,183.0,0.0,100,436.93,435.0,0,0.0,0.0,,0.0,1,0.04,0.14,SPY231201C00462000,462.0,normalDay
2023-11-08,17658.0,218.0,0.0,100,437.25,435.0,0,0.0,0.0,,0.0,1,0.04,0.11,SPY231201C00462000,462.0,normalDay
2023-11-09,17658.0,-118.0,0.0,100,433.84,435.0,0,0.0,0.0,,0.0,1,0.04,0.06,SPY231201C00462000,462.0,normalDay
2023-11-10,17658.0,549.0,0.0,100,440.61,435.0,0,0.0,0.0,,0.0,1,0.04,0.16,SPY231201C00462000,462.0,normalDay
2023-11-13,17658.0,511.0,0.0,100,440.19,435.0,0,0.0,0.0,,0.0,1,0.04,0.12,SPY231201C00462000,462.0,normalDay
2023-11-14,17658.0,1306.0,0.0,100,448.73,435.0,0,0.0,0.0,,0.0,1,0.04,0.71,SPY231201C00462000,462.0,normalDay
2023-11-15,17658.0,1415.0,0.0,100,449.68,435.0,0,0.0,0.0,,0.0,1,0.04,0.57,SPY231201C00462000,462.0,normalDay
2023-11-16,17658.0,1475.0,0.0,100,450.23,435.0,0,0.0,0.0,,0.0,1,0.04,0.52,SPY231201C00462000,462.0,normalDay
2023-11-17,17658.0,1541.0,0.0,100,450.79,435.0,0,0.0,0.0,,0.0,1,0.04,0.42,SPY231201C00462000,462.0,normalDay
2023-11-20,17658.0,1861.0,0.0,100,454.26,435.0,0,0.0,0.0,,0.0,1,0.04,0.69,SPY231201C00462000,462.0,normalDay
2023-11-21,17658.0,1785.0,0.0,100,453.27,435.0,0,0.0,0.0,,0.0,1,0.04,0.46,SPY231201C00462000,462.0,normalDay
2023-11-22,17658.0,1965.0,0.0,100,455.02,435.0,0,0.0,0.0,,0.0,1,0.04,0.41,SPY231201C00462000,462.0,normalDay
2023-11-24,17658.0,2011.0,0.0,100,455.3,435.0,0,0.0,0.0,,0.0,1,0.04,0.23,SPY231201C00462000,462.0,normalDay
2023-11-27,17658.0,1941.0,0.0,100,454.48,435.0,0,0.0,0.0,,0.0,1,0.04,0.11,SPY231201C00462000,462.0,normalDay
2023-11-28,17658.0,1987.0,0.0,100,454.93,435.0,0,0.0,0.0,,0.0,1,0.04,0.1,SPY231201C00462000,462.0,normalDay
2023-11-29,17658.0,1957.0,0.0,100,454.61,435.0,0,0.0,0.0,,0.0,1,0.04,0.08,SPY231201C00462000,462.0,normalDay
2023-11-30,17658.0,2140.0,0.0,100,456.4,435.0,0,0.0,0.0,,0.0,1,0.04,0.04,SPY231201C00462000,462.0,normalDay
