date,totalCapital,unrializedPnL,rializedPnL,stocksOwned,stocksPriceToday,stocksPriceBoughtAt,putOwned,putOwnedSoldAt,putPriceToday,putOwnedContract,putOwnedStrike,callOwned,callOwnedSoldAt,callPriceToday,callOwnedContract,callOwnedStrike,trackType
2018-11-01,0.0,-6.0,0.0,0,273.51,0.0,1,1.13,1.19,SPY181203P00254000,254.0,0,0.0,0.0,,0.0,normalDay
2018-11-02,0.0,-11.0,0.0,0,271.89,0.0,1,1.13,1.24,SPY181203P00254000,254.0,0,0.0,0.0,,0.0,normalDay
2018-11-05,0.0,12.0,0.0,0,273.39,0.0,1,1.13,1.01,SPY181203P00254000,254.0,0,0.0,0.0,,0.0,normalDay
2018-11-06,0.0,24.0,0.0,0,275.12,0.0,1,1.13,0.89,SPY181203P00254000,254.0,0,0.0,0.0,,0.0,normalDay
2018-11-07,0.0,79.0,0.0,0,281.01,0.0,1,1.13,0.34,SPY181203P00254000,254.0,0,0.0,0.0,,0.0,normalDay
2018-11-08,0.0,76.0,0.0,0,280.5,0.0,1,1.13,0.37,SPY181203P00254000,254.0,0,0.0,0.0,,0.0,normalDay
2018-11-09,0.0,68.0,0.0,0,277.76,0.0,1,1.13,0.45,SPY181203P00254000,254.0,0,0.0,0.0,,0.0,normalDay
2018-11-12,0.0,26.0,0.0,0,272.57,0.0,1,1.13,0.87,SPY181203P00254000,254.0,0,0.0,0.0,,0.0,normalDay
2018-11-13,0.0,30.0,0.0,0,272.06,0.0,1,1.13,0.83,SPY181203P00254000,254.0,0,0.0,0.0,,0.0,normalDay
2018-11-14,0.0,10.0,0.0,0,270.2,0.0,1,1.13,1.03,SPY181203P00254000,254.0,0,0.0,0.0,,0.0,normalDay
2018-11-15,0.0,54.0,0.0,0,273.02,0.0,1,1.13,0.59,SPY181203P00254000,254.0,0,0.0,0.0,,0.0,normalDay
2018-11-16,0.0,77.0,0.0,0,273.73,0.0,1,1.13,0.36,SPY181203P00254000,254.0,0,0.0,0.0,,0.0,normalDay
2018-11-19,0.0,52.0,0.0,0,269.1,0.0,1,1.13,0.61,SPY181203P00254000,254.0,0,0.0,0.0,,0.0,normalDay
2018-11-20,0.0,-18.0,0.0,0,264.12,0.0,1,1.13,1.31,SPY181203P00254000,254.0,0,0.0,0.0,,0.0,normalDay
2018-11-21,0.0,38.0,0.0,0,265.02,0.0,1,1.13,0.75,SPY181203P00254000,254.0,0,0.0,0.0,,0.0,normalDay
2018-11-23,0.0,25.0,0.0,0,263.25,0.0,1,1.13,0.88,SPY181203P00254000,254.0,0,0.0,0.0,,0.0,normalDay
2018-11-26,0.0,96.0,0.0,0,267.5,0.0,1,1.13,0.17,SPY181203P00254000,254.0,0,0.0,0.0,,0.0,normalDay
2018-11-27,0.0,99.0,0.0,0,268.4,0.0,1,1.13,0.14,SPY181203P00254000,254.0,0,0.0,0.0,,0.0,normalDay
2018-11-28,0.0,107.0,0.0,0,274.58,0.0,1,1.13,0.06,SPY181203P00254000,254.0,0,0.0,0.0,,0.0,normalDay
2018-11-29,0.0,108.0,0.0,0,273.98,0.0,1,1.13,0.05,SPY181203P00254000,254.0,0,0.0,0.0,,0.0,normalDay
2018-11-30,0.0,111.0,0.0,0,275.65,0.0,1,1.13,0.02,SPY181203P00254000,254.0,0,0.0,0.0,,0.0,normalDay
2018-12-03,113.0,0.0,113.0,0,279.3,0.0,1,1.13,0.0,SPY181203P00254000,254.0,0,0.0,0.0,,0.0,expirationDay
2018-12-04,113.0,-8.0,0.0,0,270.25,0.0,1,2.11,2.19,SPY190104P00257000,257.0,0,0.0,0.0,,0.0,normalDay
2018-12-06,113.0,-11.0,0.0,0,269.84,0.0,1,2.11,2.22,SPY190104P00257000,257.0,0,0.0,0.0,,0.0,normalDay
2018-12-07,113.0,-196.0,0.0,0,263.57,0.0,1,2.11,4.07,SPY190104P00257000,257.0,0,0.0,0.0,,0.0,normalDay
2018-12-10,113.0,-113.0,0.0,0,264.07,0.0,1,2.11,3.24,SPY190104P00257000,257.0,0,0.0,0.0,,0.0,normalDay
2018-12-11,113.0,-90.0,0.0,0,264.13,0.0,1,2.11,3.01,SPY190104P00257000,257.0,0,0.0,0.0,,0.0,normalDay
2018-12-12,113.0,-47.0,0.0,0,265.46,0.0,1,2.11,2.58,SPY190104P00257000,257.0,0,0.0,0.0,,0.0,normalDay
2018-12-13,113.0,-13.0,0.0,0,265.37,0.0,1,2.11,2.24,SPY190104P00257000,257.0,0,0.0,0.0,,0.0,normalDay
2018-12-14,113.0,-155.0,0.0,0,260.47,0.0,1,2.11,3.66,SPY190104P00257000,257.0,0,0.0,0.0,,0.0,normalDay
2018-12-17,113.0,-409.0,0.0,0,255.36,0.0,1,2.11,6.2,SPY190104P00257000,257.0,0,0.0,0.0,,0.0,normalDay
2018-12-18,113.0,-478.0,0.0,0,255.08,0.0,1,2.11,6.89,SPY190104P00257000,257.0,0,0.0,0.0,,0.0,normalDay
2018-12-19,113.0,-651.0,0.0,0,251.26,0.0,1,2.11,8.62,SPY190104P00257000,257.0,0,0.0,0.0,,0.0,normalDay
2018-12-20,113.0,-940.0,0.0,0,247.17,0.0,1,2.11,11.51,SPY190104P00257000,257.0,0,0.0,0.0,,0.0,normalDay
2018-12-21,113.0,-1520.0,0.0,0,240.7,0.0,1,2.11,17.31,SPY190104P00257000,257.0,0,0.0,0.0,,0.0,normalDay
2018-12-24,113.0,-2270.0,0.0,0,234.34,0.0,1,2.11,24.81,SPY190104P00257000,257.0,0,0.0,0.0,,0.0,normalDay
2018-12-26,113.0,-944.0,0.0,0,246.18,0.0,1,2.11,11.55,SPY190104P00257000,257.0,0,0.0,0.0,,0.0,normalDay
2018-12-27,113.0,-756.0,0.0,0,248.07,0.0,1,2.11,9.67,SPY190104P00257000,257.0,0,0.0,0.0,,0.0,normalDay
2018-12-28,113.0,-786.0,0.0,0,247.75,0.0,1,2.11,9.97,SPY190104P00257000,257.0,0,0.0,0.0,,0.0,normalDay
2018-12-31,113.0,-553.0,0.0,0,249.92,0.0,1,2.11,7.64,SPY190104P00257000,257.0,0,0.0,0.0,,0.0,normalDay
2019-01-02,113.0,-471.0,0.0,0,250.18,0.0,1,2.11,6.82,SPY190104P00257000,257.0,0,0.0,0.0,,0.0,normalDay
2019-01-03,113.0,-1096.0,0.0,0,244.21,0.0,1,2.11,13.07,SPY190104P00257000,257.0,0,0.0,0.0,,0.0,normalDay
2019-01-04,324.0,-461.0,211.0,100,252.39,257.0,1,2.11,0.0,SPY190104P00257000,257.0,0,0.0,0.0,,0.0,expirationDay
2019-01-07,324.0,-273.0,0.0,100,254.38,257.0,0,0.0,0.0,,0.0,1,12.51,12.62,SPY190628C00257000,257.0,normalDay
2019-01-08,324.0,-149.0,0.0,100,256.77,257.0,0,0.0,0.0,,0.0,1,12.51,13.77,SPY190628C00257000,257.0,normalDay
2019-01-09,324.0,-79.0,0.0,100,257.97,257.0,0,0.0,0.0,,0.0,1,12.51,14.27,SPY190628C00257000,257.0,normalDay
2019-01-10,324.0,-44.0,0.0,100,258.88,257.0,0,0.0,0.0,,0.0,1,12.51,14.83,SPY190628C00257000,257.0,normalDay
2019-01-11,324.0,9.0,0.0,100,258.98,257.0,0,0.0,0.0,,0.0,1,12.51,14.4,SPY190628C00257000,257.0,normalDay
2019-01-14,324.0,-31.0,0.0,100,257.4,257.0,0,0.0,0.0,,0.0,1,12.51,13.22,SPY190628C00257000,257.0,normalDay
2019-01-15,324.0,130.0,0.0,100,260.35,257.0,0,0.0,0.0,,0.0,1,12.51,14.56,SPY190628C00257000,257.0,normalDay
2019-01-16,324.0,156.0,0.0,100,260.98,257.0,0,0.0,0.0,,0.0,1,12.51,14.93,SPY190628C00257000,257.0,normalDay
2019-01-17,324.0,215.0,0.0,100,262.96,257.0,0,0.0,0.0,,0.0,1,12.51,16.32,SPY190628C00257000,257.0,normalDay
2019-01-18,324.0,344.0,0.0,100,266.46,257.0,0,0.0,0.0,,0.0,1,12.51,18.53,SPY190628C00257000,257.0,normalDay
2019-01-22,324.0,174.0,0.0,100,262.86,257.0,0,0.0,0.0,,0.0,1,12.51,16.63,SPY190628C00257000,257.0,normalDay
2019-01-23,324.0,231.0,0.0,100,263.41,257.0,0,0.0,0.0,,0.0,1,12.51,16.61,SPY190628C00257000,257.0,normalDay
2019-01-24,324.0,301.0,0.0,100,263.55,257.0,0,0.0,0.0,,0.0,1,12.51,16.05,SPY190628C00257000,257.0,normalDay
2019-01-25,324.0,342.0,0.0,100,265.78,257.0,0,0.0,0.0,,0.0,1,12.51,17.87,SPY190628C00257000,257.0,normalDay
2019-01-28,324.0,277.0,0.0,100,263.76,257.0,0,0.0,0.0,,0.0,1,12.51,16.5,SPY190628C00257000,257.0,normalDay
2019-01-29,324.0,278.0,0.0,100,263.41,257.0,0,0.0,0.0,,0.0,1,12.51,16.14,SPY190628C00257000,257.0,normalDay
2019-01-30,324.0,432.0,0.0,100,267.58,257.0,0,0.0,0.0,,0.0,1,12.51,18.77,SPY190628C00257000,257.0,normalDay
2019-01-31,324.0,488.0,0.0,100,269.93,257.0,0,0.0,0.0,,0.0,1,12.51,20.56,SPY190628C00257000,257.0,normalDay
2019-02-01,324.0,530.0,0.0,100,270.06,257.0,0,0.0,0.0,,0.0,1,12.51,20.27,SPY190628C00257000,257.0,normalDay
2019-02-04,324.0,609.0,0.0,100,271.96,257.0,0,0.0,0.0,,0.0,1,12.51,21.38,SPY190628C00257000,257.0,normalDay
2019-02-05,324.0,656.0,0.0,100,273.1,257.0,0,0.0,0.0,,0.0,1,12.51,22.05,SPY190628C00257000,257.0,normalDay
2019-02-06,324.0,645.0,0.0,100,272.74,257.0,0,0.0,0.0,,0.0,1,12.51,21.8,SPY190628C00257000,257.0,normalDay
2019-02-07,324.0,566.0,0.0,100,270.14,257.0,0,0.0,0.0,,0.0,1,12.51,19.99,SPY190628C00257000,257.0,normalDay
2019-02-08,324.0,598.0,0.0,100,270.47,257.0,0,0.0,0.0,,0.0,1,12.51,20.0,SPY190628C00257000,257.0,normalDay
2019-02-11,324.0,616.0,0.0,100,270.62,257.0,0,0.0,0.0,,0.0,1,12.51,19.97,SPY190628C00257000,257.0,normalDay
2019-02-12,324.0,687.0,0.0,100,274.1,257.0,0,0.0,0.0,,0.0,1,12.51,22.74,SPY190628C00257000,257.0,normalDay
2019-02-13,324.0,720.0,0.0,100,274.99,257.0,0,0.0,0.0,,0.0,1,12.51,23.3,SPY190628C00257000,257.0,normalDay
2019-02-14,324.0,702.0,0.0,100,274.38,257.0,0,0.0,0.0,,0.0,1,12.51,22.87,SPY190628C00257000,257.0,normalDay
2019-02-15,324.0,764.0,0.0,100,277.37,257.0,0,0.0,0.0,,0.0,1,12.51,25.24,SPY190628C00257000,257.0,normalDay
2019-02-19,324.0,816.0,0.0,100,277.85,257.0,0,0.0,0.0,,0.0,1,12.51,25.2,SPY190628C00257000,257.0,normalDay
2019-02-20,324.0,826.0,0.0,100,278.41,257.0,0,0.0,0.0,,0.0,1,12.51,25.66,SPY190628C00257000,257.0,normalDay
2019-02-21,324.0,803.0,0.0,100,277.42,257.0,0,0.0,0.0,,0.0,1,12.51,24.9,SPY190628C00257000,257.0,normalDay
2019-02-22,324.0,853.0,0.0,100,279.14,257.0,0,0.0,0.0,,0.0,1,12.51,26.12,SPY190628C00257000,257.0,normalDay
2019-02-25,324.0,842.0,0.0,100,279.52,257.0,0,0.0,0.0,,0.0,1,12.51,26.61,SPY190628C00257000,257.0,normalDay
2019-02-26,324.0,848.0,0.0,100,279.32,257.0,0,0.0,0.0,,0.0,1,12.51,26.35,SPY190628C00257000,257.0,normalDay
2019-02-27,324.0,843.0,0.0,100,279.2,257.0,0,0.0,0.0,,0.0,1,12.51,26.28,SPY190628C00257000,257.0,normalDay
2019-02-28,324.0,848.0,0.0,100,278.68,257.0,0,0.0,0.0,,0.0,1,12.51,25.71,SPY190628C00257000,257.0,normalDay
2019-03-01,324.0,884.0,0.0,100,280.42,257.0,0,0.0,0.0,,0.0,1,12.51,27.09,SPY190628C00257000,257.0,normalDay
2019-03-04,324.0,883.0,0.0,100,279.4,257.0,0,0.0,0.0,,0.0,1,12.51,26.08,SPY190628C00257000,257.0,normalDay
2019-03-05,324.0,875.0,0.0,100,279.02,257.0,0,0.0,0.0,,0.0,1,12.51,25.78,SPY190628C00257000,257.0,normalDay
2019-03-06,324.0,836.0,0.0,100,277.33,257.0,0,0.0,0.0,,0.0,1,12.51,24.48,SPY190628C00257000,257.0,normalDay
2019-03-07,324.0,774.0,0.0,100,275.01,257.0,0,0.0,0.0,,0.0,1,12.51,22.78,SPY190628C00257000,257.0,normalDay
2019-03-08,324.0,770.0,0.0,100,274.46,257.0,0,0.0,0.0,,0.0,1,12.51,22.27,SPY190628C00257000,257.0,normalDay
2019-03-11,324.0,906.0,0.0,100,278.44,257.0,0,0.0,0.0,,0.0,1,12.51,24.89,SPY190628C00257000,257.0,normalDay
2019-03-12,324.0,946.0,0.0,100,279.49,257.0,0,0.0,0.0,,0.0,1,12.51,25.54,SPY190628C00257000,257.0,normalDay
2019-03-13,324.0,950.0,0.0,100,281.34,257.0,0,0.0,0.0,,0.0,1,12.51,27.35,SPY190628C00257000,257.0,normalDay
2019-03-14,324.0,979.0,0.0,100,281.16,257.0,0,0.0,0.0,,0.0,1,12.51,26.88,SPY190628C00257000,257.0,normalDay
2019-03-15,324.0,880.0,0.0,100,281.31,257.0,0,0.0,0.0,,0.0,1,12.51,28.02,SPY190628C00257000,257.0,normalDay
2019-03-18,324.0,876.0,0.0,100,282.33,257.0,0,0.0,0.0,,0.0,1,12.51,29.08,SPY190628C00257000,257.0,normalDay
2019-03-19,324.0,905.0,0.0,100,282.4,257.0,0,0.0,0.0,,0.0,1,12.51,28.86,SPY190628C00257000,257.0,normalDay
2019-03-20,324.0,896.0,0.0,100,281.55,257.0,0,0.0,0.0,,0.0,1,12.51,28.1,SPY190628C00257000,257.0,normalDay
2019-03-21,324.0,917.0,0.0,100,284.73,257.0,0,0.0,0.0,,0.0,1,12.51,31.07,SPY190628C00257000,257.0,normalDay
2019-03-22,324.0,750.0,0.0,100,279.25,257.0,0,0.0,0.0,,0.0,1,12.51,27.26,SPY190628C00257000,257.0,normalDay
2019-03-25,324.0,803.0,0.0,100,279.04,257.0,0,0.0,0.0,,0.0,1,12.51,26.52,SPY190628C00257000,257.0,normalDay
2019-03-26,324.0,883.0,0.0,100,281.12,257.0,0,0.0,0.0,,0.0,1,12.51,27.8,SPY190628C00257000,257.0,normalDay
2019-03-27,324.0,838.0,0.0,100,279.65,257.0,0,0.0,0.0,,0.0,1,12.51,26.78,SPY190628C00257000,257.0,normalDay
2019-03-28,324.0,870.0,0.0,100,280.71,257.0,0,0.0,0.0,,0.0,1,12.51,27.52,SPY190628C00257000,257.0,normalDay
2019-03-29,324.0,878.0,0.0,100,282.48,257.0,0,0.0,0.0,,0.0,1,12.51,29.21,SPY190628C00257000,257.0,normalDay
2019-04-01,324.0,971.0,0.0,100,285.83,257.0,0,0.0,0.0,,0.0,1,12.51,31.63,SPY190628C00257000,257.0,normalDay
2019-04-02,324.0,985.0,0.0,100,285.97,257.0,0,0.0,0.0,,0.0,1,12.51,31.63,SPY190628C00257000,257.0,normalDay
2019-04-03,324.0,951.0,0.0,100,286.42,257.0,0,0.0,0.0,,0.0,1,12.51,32.42,SPY190628C00257000,257.0,normalDay
2019-04-04,324.0,976.0,0.0,100,287.18,257.0,0,0.0,0.0,,0.0,1,12.51,32.93,SPY190628C00257000,257.0,normalDay
2019-04-05,324.0,999.0,0.0,100,288.57,257.0,0,0.0,0.0,,0.0,1,12.51,34.09,SPY190628C00257000,257.0,normalDay
2019-04-08,324.0,1000.0,0.0,100,288.79,257.0,0,0.0,0.0,,0.0,1,12.51,34.3,SPY190628C00257000,257.0,normalDay
2019-04-09,324.0,1000.0,0.0,100,287.31,257.0,0,0.0,0.0,,0.0,1,12.51,32.82,SPY190628C00257000,257.0,normalDay
2019-04-10,324.0,992.0,0.0,100,288.29,257.0,0,0.0,0.0,,0.0,1,12.51,33.88,SPY190628C00257000,257.0,normalDay
2019-04-11,324.0,1022.0,0.0,100,288.21,257.0,0,0.0,0.0,,0.0,1,12.51,33.5,SPY190628C00257000,257.0,normalDay
2019-04-12,324.0,1033.0,0.0,100,290.16,257.0,0,0.0,0.0,,0.0,1,12.51,35.34,SPY190628C00257000,257.0,normalDay
2019-04-15,324.0,1037.0,0.0,100,289.97,257.0,0,0.0,0.0,,0.0,1,12.51,35.11,SPY190628C00257000,257.0,normalDay
2019-04-16,324.0,1050.0,0.0,100,290.16,257.0,0,0.0,0.0,,0.0,1,12.51,35.17,SPY190628C00257000,257.0,normalDay
2019-04-17,324.0,1063.0,0.0,100,289.45,257.0,0,0.0,0.0,,0.0,1,12.51,34.33,SPY190628C00257000,257.0,normalDay
2019-04-18,324.0,1046.0,0.0,100,290.02,257.0,0,0.0,0.0,,0.0,1,12.51,35.07,SPY190628C00257000,257.0,normalDay
2019-04-22,324.0,1042.0,0.0,100,290.27,257.0,0,0.0,0.0,,0.0,1,12.51,35.36,SPY190628C00257000,257.0,normalDay
2019-04-23,324.0,1064.0,0.0,100,292.88,257.0,0,0.0,0.0,,0.0,1,12.51,37.75,SPY190628C00257000,257.0,normalDay
2019-04-24,324.0,1054.0,0.0,100,292.23,257.0,0,0.0,0.0,,0.0,1,12.51,37.2,SPY190628C00257000,257.0,normalDay
2019-04-25,324.0,1073.0,0.0,100,292.05,257.0,0,0.0,0.0,,0.0,1,12.51,36.83,SPY190628C00257000,257.0,normalDay
2019-04-26,324.0,1082.0,0.0,100,293.41,257.0,0,0.0,0.0,,0.0,1,12.51,38.1,SPY190628C00257000,257.0,normalDay
2019-04-29,324.0,1093.0,0.0,100,293.87,257.0,0,0.0,0.0,,0.0,1,12.51,38.45,SPY190628C00257000,257.0,normalDay
2019-04-30,324.0,1073.0,0.0,100,294.02,257.0,0,0.0,0.0,,0.0,1,12.51,38.8,SPY190628C00257000,257.0,normalDay
2019-05-01,324.0,1079.0,0.0,100,291.81,257.0,0,0.0,0.0,,0.0,1,12.51,36.53,SPY190628C00257000,257.0,normalDay
2019-05-02,324.0,1089.0,0.0,100,291.18,257.0,0,0.0,0.0,,0.0,1,12.51,35.8,SPY190628C00257000,257.0,normalDay
2019-05-03,324.0,1104.0,0.0,100,294.03,257.0,0,0.0,0.0,,0.0,1,12.51,38.5,SPY190628C00257000,257.0,normalDay
2019-05-06,324.0,1096.0,0.0,100,292.82,257.0,0,0.0,0.0,,0.0,1,12.51,37.37,SPY190628C00257000,257.0,normalDay
2019-05-07,324.0,990.0,0.0,100,287.93,257.0,0,0.0,0.0,,0.0,1,12.51,33.54,SPY190628C00257000,257.0,normalDay
2019-05-08,324.0,991.0,0.0,100,287.53,257.0,0,0.0,0.0,,0.0,1,12.51,33.13,SPY190628C00257000,257.0,normalDay
2019-05-09,324.0,1014.0,0.0,100,286.66,257.0,0,0.0,0.0,,0.0,1,12.51,32.03,SPY190628C00257000,257.0,normalDay
2019-05-10,324.0,1101.0,0.0,100,288.1,257.0,0,0.0,0.0,,0.0,1,12.51,32.6,SPY190628C00257000,257.0,normalDay
2019-05-13,324.0,1023.0,0.0,100,280.86,257.0,0,0.0,0.0,,0.0,1,12.51,26.14,SPY190628C00257000,257.0,normalDay
2019-05-14,324.0,1066.0,0.0,100,283.4,257.0,0,0.0,0.0,,0.0,1,12.51,28.25,SPY190628C00257000,257.0,normalDay
2019-05-15,324.0,1079.0,0.0,100,285.06,257.0,0,0.0,0.0,,0.0,1,12.51,29.78,SPY190628C00257000,257.0,normalDay
2019-05-16,324.0,1127.0,0.0,100,287.7,257.0,0,0.0,0.0,,0.0,1,12.51,31.94,SPY190628C00257000,257.0,normalDay
2019-05-17,324.0,1101.0,0.0,100,285.84,257.0,0,0.0,0.0,,0.0,1,12.51,30.34,SPY190628C00257000,257.0,normalDay
2019-05-20,324.0,1095.0,0.0,100,283.95,257.0,0,0.0,0.0,,0.0,1,12.51,28.51,SPY190628C00257000,257.0,normalDay
2019-05-21,324.0,1143.0,0.0,100,286.51,257.0,0,0.0,0.0,,0.0,1,12.51,30.59,SPY190628C00257000,257.0,normalDay
2019-05-22,324.0,1142.0,0.0,100,285.63,257.0,0,0.0,0.0,,0.0,1,12.51,29.72,SPY190628C00257000,257.0,normalDay
2019-05-23,324.0,1141.0,0.0,100,282.14,257.0,0,0.0,0.0,,0.0,1,12.51,26.24,SPY190628C00257000,257.0,normalDay
2019-05-24,324.0,1126.0,0.0,100,282.78,257.0,0,0.0,0.0,,0.0,1,12.51,27.03,SPY190628C00257000,257.0,normalDay
2019-05-28,324.0,1108.0,0.0,100,280.15,257.0,0,0.0,0.0,,0.0,1,12.51,24.58,SPY190628C00257000,257.0,normalDay
2019-05-29,324.0,1136.0,0.0,100,278.27,257.0,0,0.0,0.0,,0.0,1,12.51,22.42,SPY190628C00257000,257.0,normalDay
2019-05-30,324.0,1152.0,0.0,100,279.03,257.0,0,0.0,0.0,,0.0,1,12.51,23.02,SPY190628C00257000,257.0,normalDay
2019-05-31,324.0,1125.0,0.0,100,275.27,257.0,0,0.0,0.0,,0.0,1,12.51,19.53,SPY190628C00257000,257.0,normalDay
2019-06-03,324.0,1101.0,0.0,100,274.57,257.0,0,0.0,0.0,,0.0,1,12.51,19.07,SPY190628C00257000,257.0,normalDay
2019-06-04,324.0,1182.0,0.0,100,280.53,257.0,0,0.0,0.0,,0.0,1,12.51,24.22,SPY190628C00257000,257.0,normalDay
2019-06-05,324.0,1201.0,0.0,100,282.96,257.0,0,0.0,0.0,,0.0,1,12.51,26.46,SPY190628C00257000,257.0,normalDay
2019-06-06,324.0,1208.0,0.0,100,284.8,257.0,0,0.0,0.0,,0.0,1,12.51,28.23,SPY190628C00257000,257.0,normalDay
2019-06-07,324.0,1218.0,0.0,100,287.65,257.0,0,0.0,0.0,,0.0,1,12.51,30.98,SPY190628C00257000,257.0,normalDay
2019-06-10,324.0,1216.0,0.0,100,288.97,257.0,0,0.0,0.0,,0.0,1,12.51,32.32,SPY190628C00257000,257.0,normalDay
2019-06-11,324.0,1228.0,0.0,100,288.9,257.0,0,0.0,0.0,,0.0,1,12.51,32.13,SPY190628C00257000,257.0,normalDay
2019-06-12,324.0,1219.0,0.0,100,288.39,257.0,0,0.0,0.0,,0.0,1,12.51,31.71,SPY190628C00257000,257.0,normalDay
2019-06-13,324.0,1219.0,0.0,100,289.58,257.0,0,0.0,0.0,,0.0,1,12.51,32.9,SPY190628C00257000,257.0,normalDay
2019-06-14,324.0,1206.0,0.0,100,289.26,257.0,0,0.0,0.0,,0.0,1,12.51,32.71,SPY190628C00257000,257.0,normalDay
2019-06-17,324.0,1216.0,0.0,100,289.37,257.0,0,0.0,0.0,,0.0,1,12.51,32.72,SPY190628C00257000,257.0,normalDay
2019-06-18,324.0,1229.0,0.0,100,292.4,257.0,0,0.0,0.0,,0.0,1,12.51,35.62,SPY190628C00257000,257.0,normalDay
2019-06-19,324.0,1218.0,0.0,100,293.06,257.0,0,0.0,0.0,,0.0,1,12.51,36.39,SPY190628C00257000,257.0,normalDay
2019-06-20,324.0,1229.0,0.0,100,295.86,257.0,0,0.0,0.0,,0.0,1,12.51,39.08,SPY190628C00257000,257.0,normalDay
2019-06-21,324.0,1215.0,0.0,100,294.0,257.0,0,0.0,0.0,,0.0,1,12.51,37.36,SPY190628C00257000,257.0,normalDay
2019-06-24,324.0,1221.0,0.0,100,293.64,257.0,0,0.0,0.0,,0.0,1,12.51,36.94,SPY190628C00257000,257.0,normalDay
2019-06-25,324.0,1221.0,0.0,100,290.76,257.0,0,0.0,0.0,,0.0,1,12.51,34.06,SPY190628C00257000,257.0,normalDay
2019-06-26,324.0,1246.0,0.0,100,290.47,257.0,0,0.0,0.0,,0.0,1,12.51,33.52,SPY190628C00257000,257.0,normalDay
2019-06-27,324.0,1206.0,0.0,100,291.5,257.0,0,0.0,0.0,,0.0,1,12.51,34.95,SPY190628C00257000,257.0,normalDay
2019-06-28,1575.0,1206.0,1251.0,0,293.0,0.0,0,0.0,0.0,,0.0,1,12.51,0.0,SPY190628C00257000,257.0,expirationDay
2019-07-01,1575.0,-3.0,0.0,0,295.66,0.0,1,0.84,0.87,SPY190802P00278000,278.0,0,0.0,0.0,,0.0,normalDay
2019-07-02,1575.0,18.0,0.0,0,296.43,0.0,1,0.84,0.66,SPY190802P00278000,278.0,0,0.0,0.0,,0.0,normalDay
2019-07-03,1575.0,36.0,0.0,0,298.8,0.0,1,0.84,0.48,SPY190802P00278000,278.0,0,0.0,0.0,,0.0,normalDay
2019-07-05,1575.0,32.0,0.0,0,298.46,0.0,1,0.84,0.52,SPY190802P00278000,278.0,0,0.0,0.0,,0.0,normalDay
2019-07-08,1575.0,26.0,0.0,0,296.82,0.0,1,0.84,0.58,SPY190802P00278000,278.0,0,0.0,0.0,,0.0,normalDay
2019-07-09,1575.0,27.0,0.0,0,297.19,0.0,1,0.84,0.57,SPY190802P00278000,278.0,0,0.0,0.0,,0.0,normalDay
2019-07-10,1575.0,47.0,0.0,0,298.61,0.0,1,0.84,0.37,SPY190802P00278000,278.0,0,0.0,0.0,,0.0,normalDay
2019-07-11,1575.0,49.0,0.0,0,299.31,0.0,1,0.84,0.35,SPY190802P00278000,278.0,0,0.0,0.0,,0.0,normalDay
2019-07-12,1575.0,58.0,0.0,0,300.65,0.0,1,0.84,0.26,SPY190802P00278000,278.0,0,0.0,0.0,,0.0,normalDay
2019-07-15,1575.0,58.0,0.0,0,300.75,0.0,1,0.84,0.26,SPY190802P00278000,278.0,0,0.0,0.0,,0.0,normalDay
2019-07-16,1575.0,56.0,0.0,0,299.78,0.0,1,0.84,0.28,SPY190802P00278000,278.0,0,0.0,0.0,,0.0,normalDay
2019-07-17,1575.0,48.0,0.0,0,297.74,0.0,1,0.84,0.36,SPY190802P00278000,278.0,0,0.0,0.0,,0.0,normalDay
2019-07-18,1575.0,57.0,0.0,0,298.83,0.0,1,0.84,0.27,SPY190802P00278000,278.0,0,0.0,0.0,,0.0,normalDay
2019-07-19,1575.0,55.0,0.0,0,297.17,0.0,1,0.84,0.29,SPY190802P00278000,278.0,0,0.0,0.0,,0.0,normalDay
2019-07-22,1575.0,69.0,0.0,0,297.9,0.0,1,0.84,0.15,SPY190802P00278000,278.0,0,0.0,0.0,,0.0,normalDay
2019-07-23,1575.0,75.0,0.0,0,300.03,0.0,1,0.84,0.09,SPY190802P00278000,278.0,0,0.0,0.0,,0.0,normalDay
2019-07-24,1575.0,79.0,0.0,0,301.44,0.0,1,0.84,0.05,SPY190802P00278000,278.0,0,0.0,0.0,,0.0,normalDay
2019-07-25,1575.0,79.0,0.0,0,300.0,0.0,1,0.84,0.05,SPY190802P00278000,278.0,0,0.0,0.0,,0.0,normalDay
2019-07-26,1575.0,81.0,0.0,0,302.01,0.0,1,0.84,0.03,SPY190802P00278000,278.0,0,0.0,0.0,,0.0,normalDay
2019-07-29,1575.0,81.0,0.0,0,301.46,0.0,1,0.84,0.03,SPY190802P00278000,278.0,0,0.0,0.0,,0.0,normalDay
2019-07-30,1575.0,81.0,0.0,0,300.72,0.0,1,0.84,0.03,SPY190802P00278000,278.0,0,0.0,0.0,,0.0,normalDay
2019-07-31,1575.0,74.0,0.0,0,297.43,0.0,1,0.84,0.1,SPY190802P00278000,278.0,0,0.0,0.0,,0.0,normalDay
2019-08-01,1575.0,81.0,0.0,0,294.84,0.0,1,0.84,0.03,SPY190802P00278000,278.0,0,0.0,0.0,,0.0,normalDay
2019-08-02,1659.0,0.0,84.0,0,292.62,0.0,1,0.84,0.0,SPY190802P00278000,278.0,0,0.0,0.0,,0.0,expirationDay
2019-08-05,1659.0,-16.0,0.0,0,283.82,0.0,1,8.1,8.26,SPY190906P00286000,286.0,0,0.0,0.0,,0.0,normalDay
2019-08-06,1659.0,289.0,0.0,0,287.8,0.0,1,8.1,5.21,SPY190906P00286000,286.0,0,0.0,0.0,,0.0,normalDay
2019-08-07,1659.0,312.0,0.0,0,287.97,0.0,1,8.1,4.98,SPY190906P00286000,286.0,0,0.0,0.0,,0.0,normalDay
2019-08-08,1659.0,545.0,0.0,0,293.62,0.0,1,8.1,2.65,SPY190906P00286000,286.0,0,0.0,0.0,,0.0,normalDay
2019-08-09,1659.0,485.0,0.0,0,291.62,0.0,1,8.1,3.25,SPY190906P00286000,286.0,0,0.0,0.0,,0.0,normalDay
2019-08-12,1659.0,313.0,0.0,0,288.07,0.0,1,8.1,4.97,SPY190906P00286000,286.0,0,0.0,0.0,,0.0,normalDay
2019-08-13,1659.0,538.0,0.0,0,292.55,0.0,1,8.1,2.72,SPY190906P00286000,286.0,0,0.0,0.0,,0.0,normalDay
2019-08-14,1659.0,145.0,0.0,0,283.9,0.0,1,8.1,6.65,SPY190906P00286000,286.0,0,0.0,0.0,,0.0,normalDay
2019-08-15,1659.0,216.0,0.0,0,284.65,0.0,1,8.1,5.94,SPY190906P00286000,286.0,0,0.0,0.0,,0.0,normalDay
2019-08-16,1659.0,446.0,0.0,0,288.85,0.0,1,8.1,3.64,SPY190906P00286000,286.0,0,0.0,0.0,,0.0,normalDay
2019-08-19,1659.0,607.0,0.0,0,292.33,0.0,1,8.1,2.03,SPY190906P00286000,286.0,0,0.0,0.0,,0.0,normalDay
2019-08-20,1659.0,540.0,0.0,0,290.09,0.0,1,8.1,2.7,SPY190906P00286000,286.0,0,0.0,0.0,,0.0,normalDay
2019-08-21,1659.0,656.0,0.0,0,292.45,0.0,1,8.1,1.54,SPY190906P00286000,286.0,0,0.0,0.0,,0.0,normalDay
2019-08-22,1659.0,639.0,0.0,0,292.36,0.0,1,8.1,1.71,SPY190906P00286000,286.0,0,0.0,0.0,,0.0,normalDay
2019-08-23,1659.0,365.0,0.0,0,284.85,0.0,1,8.1,4.45,SPY190906P00286000,286.0,0,0.0,0.0,,0.0,normalDay
2019-08-26,1659.0,528.0,0.0,0,288.0,0.0,1,8.1,2.82,SPY190906P00286000,286.0,0,0.0,0.0,,0.0,normalDay
2019-08-27,1659.0,474.0,0.0,0,286.87,0.0,1,8.1,3.36,SPY190906P00286000,286.0,0,0.0,0.0,,0.0,normalDay
2019-08-28,1659.0,594.0,0.0,0,288.89,0.0,1,8.1,2.16,SPY190906P00286000,286.0,0,0.0,0.0,,0.0,normalDay
2019-08-29,1659.0,709.0,0.0,0,292.58,0.0,1,8.1,1.01,SPY190906P00286000,286.0,0,0.0,0.0,,0.0,normalDay
2019-08-30,1659.0,708.0,0.0,0,292.45,0.0,1,8.1,1.02,SPY190906P00286000,286.0,0,0.0,0.0,,0.0,normalDay
2019-09-03,1659.0,730.0,0.0,0,290.74,0.0,1,8.1,0.8,SPY190906P00286000,286.0,0,0.0,0.0,,0.0,normalDay
2019-09-04,1659.0,800.0,0.0,0,294.04,0.0,1,8.1,0.1,SPY190906P00286000,286.0,0,0.0,0.0,,0.0,normalDay
2019-09-05,1659.0,808.0,0.0,0,297.82,0.0,1,8.1,0.02,SPY190906P00286000,286.0,0,0.0,0.0,,0.0,normalDay
2019-09-06,2469.0,0.0,810.0,0,298.05,0.0,1,8.1,0.0,SPY190906P00286000,286.0,0,0.0,0.0,,0.0,expirationDay
2019-09-09,2469.0,-4.0,0.0,0,298.2,0.0,1,1.07,1.11,SPY191011P00278000,278.0,0,0.0,0.0,,0.0,normalDay
2019-09-10,2469.0,2.0,0.0,0,298.13,0.0,1,1.07,1.05,SPY191011P00278000,278.0,0,0.0,0.0,,0.0,normalDay
2019-09-11,2469.0,29.0,0.0,0,300.25,0.0,1,1.07,0.78,SPY191011P00278000,278.0,0,0.0,0.0,,0.0,normalDay
2019-09-12,2469.0,43.0,0.0,0,301.29,0.0,1,1.07,0.64,SPY191011P00278000,278.0,0,0.0,0.0,,0.0,normalDay
2019-09-13,2469.0,51.0,0.0,0,301.09,0.0,1,1.07,0.56,SPY191011P00278000,278.0,0,0.0,0.0,,0.0,normalDay
2019-09-16,2469.0,49.0,0.0,0,300.16,0.0,1,1.07,0.58,SPY191011P00278000,278.0,0,0.0,0.0,,0.0,normalDay
2019-09-17,2469.0,57.0,0.0,0,300.92,0.0,1,1.07,0.5,SPY191011P00278000,278.0,0,0.0,0.0,,0.0,normalDay
2019-09-18,2469.0,65.0,0.0,0,301.1,0.0,1,1.07,0.42,SPY191011P00278000,278.0,0,0.0,0.0,,0.0,normalDay
2019-09-19,2469.0,66.0,0.0,0,301.08,0.0,1,1.07,0.41,SPY191011P00278000,278.0,0,0.0,0.0,,0.0,normalDay
2019-09-20,2469.0,54.0,0.0,0,298.28,0.0,1,1.07,0.53,SPY191011P00278000,278.0,0,0.0,0.0,,0.0,normalDay
2019-09-23,2469.0,68.0,0.0,0,298.21,0.0,1,1.07,0.39,SPY191011P00278000,278.0,0,0.0,0.0,,0.0,normalDay
2019-09-24,2469.0,42.0,0.0,0,295.87,0.0,1,1.07,0.65,SPY191011P00278000,278.0,0,0.0,0.0,,0.0,normalDay
2019-09-25,2469.0,64.0,0.0,0,297.62,0.0,1,1.07,0.43,SPY191011P00278000,278.0,0,0.0,0.0,,0.0,normalDay
2019-09-26,2469.0,69.0,0.0,0,297.0,0.0,1,1.07,0.38,SPY191011P00278000,278.0,0,0.0,0.0,,0.0,normalDay
2019-09-27,2469.0,60.0,0.0,0,295.4,0.0,1,1.07,0.47,SPY191011P00278000,278.0,0,0.0,0.0,,0.0,normalDay
2019-09-30,2469.0,83.0,0.0,0,296.77,0.0,1,1.07,0.24,SPY191011P00278000,278.0,0,0.0,0.0,,0.0,normalDay
2019-10-01,2469.0,58.0,0.0,0,293.24,0.0,1,1.07,0.49,SPY191011P00278000,278.0,0,0.0,0.0,,0.0,normalDay
2019-10-02,2469.0,-4.0,0.0,0,288.06,0.0,1,1.07,1.11,SPY191011P00278000,278.0,0,0.0,0.0,,0.0,normalDay
2019-10-03,2469.0,53.0,0.0,0,290.42,0.0,1,1.07,0.54,SPY191011P00278000,278.0,0,0.0,0.0,,0.0,normalDay
2019-10-04,2469.0,95.0,0.0,0,294.35,0.0,1,1.07,0.12,SPY191011P00278000,278.0,0,0.0,0.0,,0.0,normalDay
2019-10-07,2469.0,100.0,0.0,0,293.08,0.0,1,1.07,0.07,SPY191011P00278000,278.0,0,0.0,0.0,,0.0,normalDay
2019-10-08,2469.0,88.0,0.0,0,288.53,0.0,1,1.07,0.19,SPY191011P00278000,278.0,0,0.0,0.0,,0.0,normalDay
2019-10-09,2469.0,103.0,0.0,0,291.27,0.0,1,1.07,0.04,SPY191011P00278000,278.0,0,0.0,0.0,,0.0,normalDay
2019-10-10,2469.0,105.0,0.0,0,293.24,0.0,1,1.07,0.02,SPY191011P00278000,278.0,0,0.0,0.0,,0.0,normalDay
2019-10-11,2576.0,0.0,107.0,0,296.28,0.0,1,1.07,0.0,SPY191011P00278000,278.0,0,0.0,0.0,,0.0,expirationDay
2019-10-14,2576.0,-3.0,0.0,0,295.95,0.0,1,1.66,1.69,SPY191115P00284000,284.0,0,0.0,0.0,,0.0,normalDay
2019-10-15,2576.0,61.0,0.0,0,298.88,0.0,1,1.66,1.05,SPY191115P00284000,284.0,0,0.0,0.0,,0.0,normalDay
2019-10-16,2576.0,61.0,0.0,0,298.4,0.0,1,1.66,1.05,SPY191115P00284000,284.0,0,0.0,0.0,,0.0,normalDay
2019-10-17,2576.0,71.0,0.0,0,299.28,0.0,1,1.66,0.95,SPY191115P00284000,284.0,0,0.0,0.0,,0.0,normalDay
2019-10-18,2576.0,60.0,0.0,0,297.97,0.0,1,1.66,1.06,SPY191115P00284000,284.0,0,0.0,0.0,,0.0,normalDay
2019-10-21,2576.0,95.0,0.0,0,299.99,0.0,1,1.66,0.71,SPY191115P00284000,284.0,0,0.0,0.0,,0.0,normalDay
2019-10-22,2576.0,87.0,0.0,0,299.01,0.0,1,1.66,0.79,SPY191115P00284000,284.0,0,0.0,0.0,,0.0,normalDay
2019-10-23,2576.0,105.0,0.0,0,299.88,0.0,1,1.66,0.61,SPY191115P00284000,284.0,0,0.0,0.0,,0.0,normalDay
2019-10-24,2576.0,115.0,0.0,0,300.37,0.0,1,1.66,0.51,SPY191115P00284000,284.0,0,0.0,0.0,,0.0,normalDay
2019-10-25,2576.0,132.0,0.0,0,301.6,0.0,1,1.66,0.34,SPY191115P00284000,284.0,0,0.0,0.0,,0.0,normalDay
2019-10-28,2576.0,140.0,0.0,0,303.3,0.0,1,1.66,0.26,SPY191115P00284000,284.0,0,0.0,0.0,,0.0,normalDay
2019-10-29,2576.0,142.0,0.0,0,303.21,0.0,1,1.66,0.24,SPY191115P00284000,284.0,0,0.0,0.0,,0.0,normalDay
2019-10-30,2576.0,149.0,0.0,0,304.14,0.0,1,1.66,0.17,SPY191115P00284000,284.0,0,0.0,0.0,,0.0,normalDay
2019-10-31,2576.0,143.0,0.0,0,303.33,0.0,1,1.66,0.23,SPY191115P00284000,284.0,0,0.0,0.0,,0.0,normalDay
2019-11-01,2576.0,156.0,0.0,0,306.14,0.0,1,1.66,0.1,SPY191115P00284000,284.0,0,0.0,0.0,,0.0,normalDay
2019-11-04,2576.0,157.0,0.0,0,307.37,0.0,1,1.66,0.09,SPY191115P00284000,284.0,0,0.0,0.0,,0.0,normalDay
2019-11-05,2576.0,159.0,0.0,0,307.03,0.0,1,1.66,0.07,SPY191115P00284000,284.0,0,0.0,0.0,,0.0,normalDay
2019-11-06,2576.0,162.0,0.0,0,307.1,0.0,1,1.66,0.04,SPY191115P00284000,284.0,0,0.0,0.0,,0.0,normalDay
2019-11-07,2576.0,163.0,0.0,0,308.18,0.0,1,1.66,0.03,SPY191115P00284000,284.0,0,0.0,0.0,,0.0,normalDay
2019-11-08,2576.0,164.0,0.0,0,308.94,0.0,1,1.66,0.02,SPY191115P00284000,284.0,0,0.0,0.0,,0.0,normalDay
2019-11-11,2576.0,164.0,0.0,0,308.35,0.0,1,1.66,0.02,SPY191115P00284000,284.0,0,0.0,0.0,,0.0,normalDay
2019-11-12,2576.0,164.0,0.0,0,309.0,0.0,1,1.66,0.02,SPY191115P00284000,284.0,0,0.0,0.0,,0.0,normalDay
2019-11-13,2576.0,165.0,0.0,0,309.1,0.0,1,1.66,0.01,SPY191115P00284000,284.0,0,0.0,0.0,,0.0,normalDay
2019-11-14,2576.0,165.0,0.0,0,309.55,0.0,1,1.66,0.01,SPY191115P00284000,284.0,0,0.0,0.0,,0.0,normalDay
2019-11-15,2742.0,0.0,166.0,0,311.79,0.0,1,1.66,0.0,SPY191115P00284000,284.0,0,0.0,0.0,,0.0,expirationDay
2019-11-18,2742.0,-3.0,0.0,0,312.02,0.0,1,0.9,0.93,SPY191220P00294000,294.0,0,0.0,0.0,,0.0,normalDay
2019-11-19,2742.0,-8.0,0.0,0,311.93,0.0,1,0.9,0.98,SPY191220P00294000,294.0,0,0.0,0.0,,0.0,normalDay
2019-11-20,2742.0,-15.0,0.0,0,310.77,0.0,1,0.9,1.05,SPY191220P00294000,294.0,0,0.0,0.0,,0.0,normalDay
2019-11-21,2742.0,-17.0,0.0,0,310.27,0.0,1,0.9,1.07,SPY191220P00294000,294.0,0,0.0,0.0,,0.0,normalDay
2019-11-22,2742.0,4.0,0.0,0,310.96,0.0,1,0.9,0.86,SPY191220P00294000,294.0,0,0.0,0.0,,0.0,normalDay
2019-11-25,2742.0,34.0,0.0,0,313.37,0.0,1,0.9,0.56,SPY191220P00294000,294.0,0,0.0,0.0,,0.0,normalDay
2019-11-26,2742.0,44.0,0.0,0,314.08,0.0,1,0.9,0.46,SPY191220P00294000,294.0,0,0.0,0.0,,0.0,normalDay
2019-11-27,2742.0,51.0,0.0,0,315.48,0.0,1,0.9,0.39,SPY191220P00294000,294.0,0,0.0,0.0,,0.0,normalDay
2019-11-29,2742.0,40.0,0.0,0,314.31,0.0,1,0.9,0.5,SPY191220P00294000,294.0,0,0.0,0.0,,0.0,normalDay
2019-12-02,2742.0,12.0,0.0,0,311.64,0.0,1,0.9,0.78,SPY191220P00294000,294.0,0,0.0,0.0,,0.0,normalDay
2019-12-03,2742.0,-14.0,0.0,0,309.55,0.0,1,0.9,1.04,SPY191220P00294000,294.0,0,0.0,0.0,,0.0,normalDay
2019-12-04,2742.0,21.0,0.0,0,311.46,0.0,1,0.9,0.69,SPY191220P00294000,294.0,0,0.0,0.0,,0.0,normalDay
2019-12-05,2742.0,38.0,0.0,0,312.02,0.0,1,0.9,0.52,SPY191220P00294000,294.0,0,0.0,0.0,,0.0,normalDay
2019-12-06,2742.0,59.0,0.0,0,314.87,0.0,1,0.9,0.31,SPY191220P00294000,294.0,0,0.0,0.0,,0.0,normalDay
2019-12-09,2742.0,44.0,0.0,0,313.88,0.0,1,0.9,0.46,SPY191220P00294000,294.0,0,0.0,0.0,,0.0,normalDay
2019-12-10,2742.0,54.0,0.0,0,313.53,0.0,1,0.9,0.36,SPY191220P00294000,294.0,0,0.0,0.0,,0.0,normalDay
2019-12-11,2742.0,64.0,0.0,0,314.42,0.0,1,0.9,0.26,SPY191220P00294000,294.0,0,0.0,0.0,,0.0,normalDay
2019-12-12,2742.0,73.0,0.0,0,317.13,0.0,1,0.9,0.17,SPY191220P00294000,294.0,0,0.0,0.0,,0.0,normalDay
2019-12-13,2742.0,77.0,0.0,0,317.32,0.0,1,0.9,0.13,SPY191220P00294000,294.0,0,0.0,0.0,,0.0,normalDay
2019-12-16,2742.0,83.0,0.0,0,319.5,0.0,1,0.9,0.07,SPY191220P00294000,294.0,0,0.0,0.0,,0.0,normalDay
2019-12-17,2742.0,86.0,0.0,0,319.57,0.0,1,0.9,0.04,SPY191220P00294000,294.0,0,0.0,0.0,,0.0,normalDay
2019-12-18,2742.0,87.0,0.0,0,319.59,0.0,1,0.9,0.03,SPY191220P00294000,294.0,0,0.0,0.0,,0.0,normalDay
2019-12-19,2742.0,88.0,0.0,0,320.9,0.0,1,0.9,0.02,SPY191220P00294000,294.0,0,0.0,0.0,,0.0,normalDay
2019-12-20,2832.0,0.0,90.0,0,320.73,0.0,1,0.9,0.0,SPY191220P00294000,294.0,0,0.0,0.0,,0.0,expirationDay
2019-12-23,2832.0,-4.0,0.0,0,321.22,0.0,1,0.96,1.0,SPY200124P00305000,305.0,0,0.0,0.0,,0.0,normalDay
2019-12-24,2832.0,0.0,0.0,0,321.23,0.0,1,0.96,0.96,SPY200124P00305000,305.0,0,0.0,0.0,,0.0,normalDay
2019-12-26,2832.0,19.0,0.0,0,322.94,0.0,1,0.96,0.77,SPY200124P00305000,305.0,0,0.0,0.0,,0.0,normalDay
2019-12-27,2832.0,11.0,0.0,0,322.86,0.0,1,0.96,0.85,SPY200124P00305000,305.0,0,0.0,0.0,,0.0,normalDay
2019-12-30,2832.0,-5.0,0.0,0,321.08,0.0,1,0.96,1.01,SPY200124P00305000,305.0,0,0.0,0.0,,0.0,normalDay
2019-12-31,2832.0,19.0,0.0,0,321.86,0.0,1,0.96,0.77,SPY200124P00305000,305.0,0,0.0,0.0,,0.0,normalDay
2020-01-02,2832.0,56.0,0.0,0,324.87,0.0,1,0.96,0.4,SPY200124P00305000,305.0,0,0.0,0.0,,0.0,normalDay
2020-01-03,2832.0,32.0,0.0,0,322.41,0.0,1,0.96,0.64,SPY200124P00305000,305.0,0,0.0,0.0,,0.0,normalDay
2020-01-06,2832.0,58.0,0.0,0,323.64,0.0,1,0.96,0.38,SPY200124P00305000,305.0,0,0.0,0.0,,0.0,normalDay
2020-01-07,2832.0,56.0,0.0,0,322.73,0.0,1,0.96,0.4,SPY200124P00305000,305.0,0,0.0,0.0,,0.0,normalDay
2020-01-08,2832.0,65.0,0.0,0,324.45,0.0,1,0.96,0.31,SPY200124P00305000,305.0,0,0.0,0.0,,0.0,normalDay
2020-01-09,2832.0,78.0,0.0,0,326.65,0.0,1,0.96,0.18,SPY200124P00305000,305.0,0,0.0,0.0,,0.0,normalDay
2020-01-10,2832.0,82.0,0.0,0,325.71,0.0,1,0.96,0.14,SPY200124P00305000,305.0,0,0.0,0.0,,0.0,normalDay
2020-01-13,2832.0,90.0,0.0,0,327.95,0.0,1,0.96,0.06,SPY200124P00305000,305.0,0,0.0,0.0,,0.0,normalDay
2020-01-14,2832.0,90.0,0.0,0,327.45,0.0,1,0.96,0.06,SPY200124P00305000,305.0,0,0.0,0.0,,0.0,normalDay
2020-01-15,2832.0,91.0,0.0,0,328.19,0.0,1,0.96,0.05,SPY200124P00305000,305.0,0,0.0,0.0,,0.0,normalDay
2020-01-16,2832.0,92.0,0.0,0,330.92,0.0,1,0.96,0.04,SPY200124P00305000,305.0,0,0.0,0.0,,0.0,normalDay
2020-01-17,2832.0,94.0,0.0,0,331.95,0.0,1,0.96,0.02,SPY200124P00305000,305.0,0,0.0,0.0,,0.0,normalDay
2020-01-21,2832.0,95.0,0.0,0,331.3,0.0,1,0.96,0.01,SPY200124P00305000,305.0,0,0.0,0.0,,0.0,normalDay
2020-01-22,2832.0,95.0,0.0,0,331.34,0.0,1,0.96,0.01,SPY200124P00305000,305.0,0,0.0,0.0,,0.0,normalDay
2020-01-23,2832.0,95.0,0.0,0,331.72,0.0,1,0.96,0.01,SPY200124P00305000,305.0,0,0.0,0.0,,0.0,normalDay
2020-01-24,2928.0,0.0,96.0,0,328.77,0.0,1,0.96,0.0,SPY200124P00305000,305.0,0,0.0,0.0,,0.0,expirationDay
2020-01-27,2928.0,-5.0,0.0,0,323.5,0.0,1,3.81,3.86,SPY200228P00316000,316.0,0,0.0,0.0,,0.0,normalDay
2020-01-28,2928.0,133.0,0.0,0,326.89,0.0,1,3.81,2.48,SPY200228P00316000,316.0,0,0.0,0.0,,0.0,normalDay
2020-01-29,2928.0,131.0,0.0,0,326.62,0.0,1,3.81,2.5,SPY200228P00316000,316.0,0,0.0,0.0,,0.0,normalDay
2020-01-30,2928.0,193.0,0.0,0,327.68,0.0,1,3.81,1.88,SPY200228P00316000,316.0,0,0.0,0.0,,0.0,normalDay
2020-01-31,2928.0,0.0,0.0,0,321.73,0.0,1,3.81,3.81,SPY200228P00316000,316.0,0,0.0,0.0,,0.0,normalDay
2020-02-03,2928.0,86.0,0.0,0,324.12,0.0,1,3.81,2.95,SPY200228P00316000,316.0,0,0.0,0.0,,0.0,normalDay
2020-02-04,2928.0,240.0,0.0,0,329.06,0.0,1,3.81,1.41,SPY200228P00316000,316.0,0,0.0,0.0,,0.0,normalDay
2020-02-05,2928.0,299.0,0.0,0,332.86,0.0,1,3.81,0.82,SPY200228P00316000,316.0,0,0.0,0.0,,0.0,normalDay
2020-02-06,2928.0,306.0,0.0,0,333.98,0.0,1,3.81,0.75,SPY200228P00316000,316.0,0,0.0,0.0,,0.0,normalDay
2020-02-07,2928.0,293.0,0.0,0,332.2,0.0,1,3.81,0.88,SPY200228P00316000,316.0,0,0.0,0.0,,0.0,normalDay
2020-02-10,2928.0,329.0,0.0,0,334.68,0.0,1,3.81,0.52,SPY200228P00316000,316.0,0,0.0,0.0,,0.0,normalDay
2020-02-11,2928.0,332.0,0.0,0,335.26,0.0,1,3.81,0.49,SPY200228P00316000,316.0,0,0.0,0.0,,0.0,normalDay
2020-02-12,2928.0,353.0,0.0,0,337.42,0.0,1,3.81,0.28,SPY200228P00316000,316.0,0,0.0,0.0,,0.0,normalDay
2020-02-13,2928.0,352.0,0.0,0,337.06,0.0,1,3.81,0.29,SPY200228P00316000,316.0,0,0.0,0.0,,0.0,normalDay
2020-02-14,2928.0,361.0,0.0,0,337.6,0.0,1,3.81,0.2,SPY200228P00316000,316.0,0,0.0,0.0,,0.0,normalDay
2020-02-18,2928.0,365.0,0.0,0,336.73,0.0,1,3.81,0.16,SPY200228P00316000,316.0,0,0.0,0.0,,0.0,normalDay
2020-02-19,2928.0,370.0,0.0,0,338.34,0.0,1,3.81,0.11,SPY200228P00316000,316.0,0,0.0,0.0,,0.0,normalDay
2020-02-20,2928.0,370.0,0.0,0,336.95,0.0,1,3.81,0.11,SPY200228P00316000,316.0,0,0.0,0.0,,0.0,normalDay
2020-02-21,2928.0,369.0,0.0,0,333.48,0.0,1,3.81,0.12,SPY200228P00316000,316.0,0,0.0,0.0,,0.0,normalDay
2020-02-24,2928.0,139.0,0.0,0,322.42,0.0,1,3.81,2.42,SPY200228P00316000,316.0,0,0.0,0.0,,0.0,normalDay
2020-02-25,2928.0,-181.0,0.0,0,312.65,0.0,1,3.81,5.62,SPY200228P00316000,316.0,0,0.0,0.0,,0.0,normalDay
2020-02-26,2928.0,-231.0,0.0,0,311.5,0.0,1,3.81,6.12,SPY200228P00316000,316.0,0,0.0,0.0,,0.0,normalDay
2020-02-27,2928.0,-1514.0,0.0,0,297.51,0.0,1,3.81,18.95,SPY200228P00316000,316.0,0,0.0,0.0,,0.0,normalDay
2020-02-28,3309.0,-1974.0,381.0,100,296.26,316.0,1,3.81,0.0,SPY200228P00316000,316.0,0,0.0,0.0,,0.0,expirationDay
2020-03-02,3309.0,-821.0,0.0,100,309.09,316.0,0,0.0,0.0,,0.0,1,6.34,7.64,SPY201016C00332000,332.0,normalDay
2020-03-03,3309.0,-1462.0,0.0,100,300.24,316.0,0,0.0,0.0,,0.0,1,6.34,5.2,SPY201016C00332000,332.0,normalDay
2020-03-04,3309.0,-531.0,0.0,100,312.86,316.0,0,0.0,0.0,,0.0,1,6.34,8.51,SPY201016C00332000,332.0,normalDay
2020-03-05,3309.0,-1371.0,0.0,100,302.46,316.0,0,0.0,0.0,,0.0,1,6.34,6.51,SPY201016C00332000,332.0,normalDay
2020-03-06,3309.0,-1867.0,0.0,100,297.46,316.0,0,0.0,0.0,,0.0,1,6.34,6.47,SPY201016C00332000,332.0,normalDay
2020-03-09,3309.0,-3840.0,0.0,100,274.23,316.0,0,0.0,0.0,,0.0,1,6.34,2.97,SPY201016C00332000,332.0,normalDay
2020-03-10,3309.0,-2581.0,0.0,100,288.42,316.0,0,0.0,0.0,,0.0,1,6.34,4.57,SPY201016C00332000,332.0,normalDay
2020-03-11,3309.0,-3836.0,0.0,100,274.36,316.0,0,0.0,0.0,,0.0,1,6.34,3.06,SPY201016C00332000,332.0,normalDay
2020-03-12,3309.0,-6393.0,0.0,100,248.11,316.0,0,0.0,0.0,,0.0,1,6.34,2.38,SPY201016C00332000,332.0,normalDay
2020-03-13,3309.0,-4317.0,0.0,100,269.32,316.0,0,0.0,0.0,,0.0,1,6.34,2.83,SPY201016C00332000,332.0,normalDay
2020-03-16,3309.0,-7177.0,0.0,100,239.85,316.0,0,0.0,0.0,,0.0,1,6.34,1.96,SPY201016C00332000,332.0,normalDay
2020-03-17,3309.0,-5857.0,0.0,100,252.8,316.0,0,0.0,0.0,,0.0,1,6.34,1.71,SPY201016C00332000,332.0,normalDay
2020-03-18,3309.0,-7120.0,0.0,100,240.0,316.0,0,0.0,0.0,,0.0,1,6.34,1.54,SPY201016C00332000,332.0,normalDay
2020-03-19,3309.0,-7027.0,0.0,100,240.51,316.0,0,0.0,0.0,,0.0,1,6.34,1.12,SPY201016C00332000,332.0,normalDay
2020-03-20,3309.0,-8140.0,0.0,100,228.8,316.0,0,0.0,0.0,,0.0,1,6.34,0.54,SPY201016C00332000,332.0,normalDay
2020-03-23,3309.0,-8724.0,0.0,100,222.95,316.0,0,0.0,0.0,,0.0,1,6.34,0.53,SPY201016C00332000,332.0,normalDay
2020-03-24,3309.0,-6786.0,0.0,100,243.15,316.0,0,0.0,0.0,,0.0,1,6.34,1.35,SPY201016C00332000,332.0,normalDay
2020-03-25,3309.0,-6477.0,0.0,100,246.79,316.0,0,0.0,0.0,,0.0,1,6.34,1.9,SPY201016C00332000,332.0,normalDay
2020-03-26,3309.0,-5067.0,0.0,100,261.2,316.0,0,0.0,0.0,,0.0,1,6.34,2.21,SPY201016C00332000,332.0,normalDay
2020-03-27,3309.0,-5765.0,0.0,100,253.42,316.0,0,0.0,0.0,,0.0,1,6.34,1.41,SPY201016C00332000,332.0,normalDay
2020-03-30,3309.0,-4963.0,0.0,100,261.65,316.0,0,0.0,0.0,,0.0,1,6.34,1.62,SPY201016C00332000,332.0,normalDay
2020-03-31,3309.0,-5297.0,0.0,100,257.75,316.0,0,0.0,0.0,,0.0,1,6.34,1.06,SPY201016C00332000,332.0,normalDay
2020-04-01,3309.0,-6425.0,0.0,100,246.15,316.0,0,0.0,0.0,,0.0,1,6.34,0.74,SPY201016C00332000,332.0,normalDay
2020-04-02,3309.0,-5887.0,0.0,100,251.83,316.0,0,0.0,0.0,,0.0,1,6.34,1.04,SPY201016C00332000,332.0,normalDay
2020-04-03,3309.0,-6228.0,0.0,100,248.19,316.0,0,0.0,0.0,,0.0,1,6.34,0.81,SPY201016C00332000,332.0,normalDay
2020-04-06,3309.0,-4663.0,0.0,100,264.86,316.0,0,0.0,0.0,,0.0,1,6.34,1.83,SPY201016C00332000,332.0,normalDay
2020-04-07,3309.0,-4607.0,0.0,100,265.13,316.0,0,0.0,0.0,,0.0,1,6.34,1.54,SPY201016C00332000,332.0,normalDay
2020-04-08,3309.0,-3823.0,0.0,100,274.03,316.0,0,0.0,0.0,,0.0,1,6.34,2.6,SPY201016C00332000,332.0,normalDay
2020-04-09,3309.0,-3477.0,0.0,100,278.2,316.0,0,0.0,0.0,,0.0,1,6.34,3.31,SPY201016C00332000,332.0,normalDay
2020-04-13,3309.0,-3664.0,0.0,100,275.66,316.0,0,0.0,0.0,,0.0,1,6.34,2.64,SPY201016C00332000,332.0,normalDay
2020-04-14,3309.0,-2942.0,0.0,100,283.79,316.0,0,0.0,0.0,,0.0,1,6.34,3.55,SPY201016C00332000,332.0,normalDay
2020-04-15,3309.0,-3464.0,0.0,100,277.76,316.0,0,0.0,0.0,,0.0,1,6.34,2.74,SPY201016C00332000,332.0,normalDay
2020-04-16,3309.0,-3362.0,0.0,100,279.1,316.0,0,0.0,0.0,,0.0,1,6.34,3.06,SPY201016C00332000,332.0,normalDay
2020-04-17,3309.0,-2738.0,0.0,100,286.64,316.0,0,0.0,0.0,,0.0,1,6.34,4.36,SPY201016C00332000,332.0,normalDay
2020-04-20,3309.0,-3185.0,0.0,100,281.59,316.0,0,0.0,0.0,,0.0,1,6.34,3.78,SPY201016C00332000,332.0,normalDay
2020-04-21,3309.0,-3934.0,0.0,100,273.04,316.0,0,0.0,0.0,,0.0,1,6.34,2.72,SPY201016C00332000,332.0,normalDay
2020-04-22,3309.0,-3383.0,0.0,100,279.1,316.0,0,0.0,0.0,,0.0,1,6.34,3.27,SPY201016C00332000,332.0,normalDay
2020-04-23,3309.0,-3380.0,0.0,100,279.08,316.0,0,0.0,0.0,,0.0,1,6.34,3.22,SPY201016C00332000,332.0,normalDay
2020-04-24,3309.0,-3007.0,0.0,100,282.97,316.0,0,0.0,0.0,,0.0,1,6.34,3.38,SPY201016C00332000,332.0,normalDay
2020-04-27,3309.0,-2614.0,0.0,100,287.05,316.0,0,0.0,0.0,,0.0,1,6.34,3.53,SPY201016C00332000,332.0,normalDay
2020-04-28,3309.0,-2706.0,0.0,100,285.73,316.0,0,0.0,0.0,,0.0,1,6.34,3.13,SPY201016C00332000,332.0,normalDay
2020-04-29,3309.0,-2068.0,0.0,100,293.21,316.0,0,0.0,0.0,,0.0,1,6.34,4.23,SPY201016C00332000,332.0,normalDay
2020-04-30,3309.0,-2279.0,0.0,100,290.48,316.0,0,0.0,0.0,,0.0,1,6.34,3.61,SPY201016C00332000,332.0,normalDay
2020-05-01,3309.0,-2951.0,0.0,100,282.79,316.0,0,0.0,0.0,,0.0,1,6.34,2.64,SPY201016C00332000,332.0,normalDay
2020-05-04,3309.0,-2860.0,0.0,100,283.57,316.0,0,0.0,0.0,,0.0,1,6.34,2.51,SPY201016C00332000,332.0,normalDay
2020-05-05,3309.0,-2628.0,0.0,100,286.19,316.0,0,0.0,0.0,,0.0,1,6.34,2.81,SPY201016C00332000,332.0,normalDay
2020-05-06,3309.0,-2786.0,0.0,100,284.25,316.0,0,0.0,0.0,,0.0,1,6.34,2.45,SPY201016C00332000,332.0,normalDay
2020-05-07,3309.0,-2480.0,0.0,100,287.68,316.0,0,0.0,0.0,,0.0,1,6.34,2.82,SPY201016C00332000,332.0,normalDay
2020-05-08,3309.0,-2038.0,0.0,100,292.44,316.0,0,0.0,0.0,,0.0,1,6.34,3.16,SPY201016C00332000,332.0,normalDay
2020-05-11,3309.0,-1983.0,0.0,100,292.5,316.0,0,0.0,0.0,,0.0,1,6.34,2.67,SPY201016C00332000,332.0,normalDay
2020-05-12,3309.0,-2497.0,0.0,100,286.67,316.0,0,0.0,0.0,,0.0,1,6.34,1.98,SPY201016C00332000,332.0,normalDay
2020-05-13,3309.0,-2972.0,0.0,100,281.6,316.0,0,0.0,0.0,,0.0,1,6.34,1.66,SPY201016C00332000,332.0,normalDay
2020-05-14,3309.0,-2647.0,0.0,100,284.97,316.0,0,0.0,0.0,,0.0,1,6.34,1.78,SPY201016C00332000,332.0,normalDay
2020-05-15,3309.0,-2505.0,0.0,100,286.28,316.0,0,0.0,0.0,,0.0,1,6.34,1.67,SPY201016C00332000,332.0,normalDay
2020-05-18,3309.0,-1750.0,0.0,100,295.0,316.0,0,0.0,0.0,,0.0,1,6.34,2.84,SPY201016C00332000,332.0,normalDay
2020-05-19,3309.0,-2012.0,0.0,100,291.97,316.0,0,0.0,0.0,,0.0,1,6.34,2.43,SPY201016C00332000,332.0,normalDay
2020-05-20,3309.0,-1581.0,0.0,100,296.93,316.0,0,0.0,0.0,,0.0,1,6.34,3.08,SPY201016C00332000,332.0,normalDay
2020-05-21,3309.0,-1760.0,0.0,100,294.88,316.0,0,0.0,0.0,,0.0,1,6.34,2.82,SPY201016C00332000,332.0,normalDay
2020-05-22,3309.0,-1712.0,0.0,100,295.44,316.0,0,0.0,0.0,,0.0,1,6.34,2.9,SPY201016C00332000,332.0,normalDay
2020-05-26,3309.0,-1388.0,0.0,100,299.08,316.0,0,0.0,0.0,,0.0,1,6.34,3.3,SPY201016C00332000,332.0,normalDay
2020-05-27,3309.0,-1018.0,0.0,100,303.53,316.0,0,0.0,0.0,,0.0,1,6.34,4.05,SPY201016C00332000,332.0,normalDay
2020-05-28,3309.0,-1100.0,0.0,100,302.97,316.0,0,0.0,0.0,,0.0,1,6.34,4.31,SPY201016C00332000,332.0,normalDay
2020-05-29,3309.0,-997.0,0.0,100,304.32,316.0,0,0.0,0.0,,0.0,1,6.34,4.63,SPY201016C00332000,332.0,normalDay
2020-06-01,3309.0,-881.0,0.0,100,305.55,316.0,0,0.0,0.0,,0.0,1,6.34,4.7,SPY201016C00332000,332.0,normalDay
2020-06-02,3309.0,-673.0,0.0,100,308.08,316.0,0,0.0,0.0,,0.0,1,6.34,5.15,SPY201016C00332000,332.0,normalDay
2020-06-03,3309.0,-401.0,0.0,100,312.18,316.0,0,0.0,0.0,,0.0,1,6.34,6.53,SPY201016C00332000,332.0,normalDay
2020-06-04,3309.0,-436.0,0.0,100,311.36,316.0,0,0.0,0.0,,0.0,1,6.34,6.06,SPY201016C00332000,332.0,normalDay
2020-06-05,3309.0,110.0,0.0,100,319.34,316.0,0,0.0,0.0,,0.0,1,6.34,8.58,SPY201016C00332000,332.0,normalDay
2020-06-08,3309.0,300.0,0.0,100,323.2,316.0,0,0.0,0.0,,0.0,1,6.34,10.54,SPY201016C00332000,332.0,normalDay
2020-06-09,3309.0,52.0,0.0,100,320.79,316.0,0,0.0,0.0,,0.0,1,6.34,10.61,SPY201016C00332000,332.0,normalDay
2020-06-10,3309.0,8.0,0.0,100,319.0,316.0,0,0.0,0.0,,0.0,1,6.34,9.26,SPY201016C00332000,332.0,normalDay
2020-06-11,3309.0,-1520.0,0.0,100,300.61,316.0,0,0.0,0.0,,0.0,1,6.34,6.15,SPY201016C00332000,332.0,normalDay
2020-06-12,3309.0,-1139.0,0.0,100,304.21,316.0,0,0.0,0.0,,0.0,1,6.34,5.94,SPY201016C00332000,332.0,normalDay
2020-06-15,3309.0,-924.0,0.0,100,307.05,316.0,0,0.0,0.0,,0.0,1,6.34,6.63,SPY201016C00332000,332.0,normalDay
2020-06-16,3309.0,-539.0,0.0,100,312.96,316.0,0,0.0,0.0,,0.0,1,6.34,8.69,SPY201016C00332000,332.0,normalDay
2020-06-17,3309.0,-628.0,0.0,100,311.66,316.0,0,0.0,0.0,,0.0,1,6.34,8.28,SPY201016C00332000,332.0,normalDay
2020-06-18,3309.0,-588.0,0.0,100,311.78,316.0,0,0.0,0.0,,0.0,1,6.34,8.0,SPY201016C00332000,332.0,normalDay
2020-06-19,3309.0,-813.0,0.0,100,308.64,316.0,0,0.0,0.0,,0.0,1,6.34,7.11,SPY201016C00332000,332.0,normalDay
2020-06-22,3309.0,-643.0,0.0,100,310.62,316.0,0,0.0,0.0,,0.0,1,6.34,7.39,SPY201016C00332000,332.0,normalDay
2020-06-23,3309.0,-517.0,0.0,100,312.05,316.0,0,0.0,0.0,,0.0,1,6.34,7.56,SPY201016C00332000,332.0,normalDay
2020-06-24,3309.0,-1107.0,0.0,100,304.09,316.0,0,0.0,0.0,,0.0,1,6.34,5.5,SPY201016C00332000,332.0,normalDay
2020-06-25,3309.0,-823.0,0.0,100,307.35,316.0,0,0.0,0.0,,0.0,1,6.34,5.92,SPY201016C00332000,332.0,normalDay
2020-06-26,3309.0,-1396.0,0.0,100,300.05,316.0,0,0.0,0.0,,0.0,1,6.34,4.35,SPY201016C00332000,332.0,normalDay
2020-06-29,3309.0,-974.0,0.0,100,304.46,316.0,0,0.0,0.0,,0.0,1,6.34,4.54,SPY201016C00332000,332.0,normalDay
2020-06-30,3309.0,-638.0,0.0,100,308.36,316.0,0,0.0,0.0,,0.0,1,6.34,5.08,SPY201016C00332000,332.0,normalDay
2020-07-01,3309.0,-468.0,0.0,100,310.52,316.0,0,0.0,0.0,,0.0,1,6.34,5.54,SPY201016C00332000,332.0,normalDay
2020-07-02,3309.0,-349.0,0.0,100,312.23,316.0,0,0.0,0.0,,0.0,1,6.34,6.06,SPY201016C00332000,332.0,normalDay
2020-07-06,3309.0,-29.0,0.0,100,317.05,316.0,0,0.0,0.0,,0.0,1,6.34,7.68,SPY201016C00332000,332.0,normalDay
2020-07-07,3309.0,-249.0,0.0,100,313.78,316.0,0,0.0,0.0,,0.0,1,6.34,6.61,SPY201016C00332000,332.0,normalDay
2020-07-08,3309.0,-70.0,0.0,100,316.18,316.0,0,0.0,0.0,,0.0,1,6.34,7.22,SPY201016C00332000,332.0,normalDay
2020-07-09,3309.0,-196.0,0.0,100,314.38,316.0,0,0.0,0.0,,0.0,1,6.34,6.68,SPY201016C00332000,332.0,normalDay
2020-07-10,3309.0,22.0,0.0,100,317.59,316.0,0,0.0,0.0,,0.0,1,6.34,7.71,SPY201016C00332000,332.0,normalDay
2020-07-13,3309.0,-229.0,0.0,100,314.84,316.0,0,0.0,0.0,,0.0,1,6.34,7.47,SPY201016C00332000,332.0,normalDay
2020-07-14,3309.0,95.0,0.0,100,318.92,316.0,0,0.0,0.0,,0.0,1,6.34,8.31,SPY201016C00332000,332.0,normalDay
2020-07-15,3309.0,258.0,0.0,100,321.85,316.0,0,0.0,0.0,,0.0,1,6.34,9.61,SPY201016C00332000,332.0,normalDay
2020-07-16,3309.0,270.0,0.0,100,320.79,316.0,0,0.0,0.0,,0.0,1,6.34,8.43,SPY201016C00332000,332.0,normalDay
2020-07-17,3309.0,328.0,0.0,100,321.72,316.0,0,0.0,0.0,,0.0,1,6.34,8.78,SPY201016C00332000,332.0,normalDay
2020-07-20,3309.0,544.0,0.0,100,324.32,316.0,0,0.0,0.0,,0.0,1,6.34,9.22,SPY201016C00332000,332.0,normalDay
2020-07-21,3309.0,576.0,0.0,100,325.01,316.0,0,0.0,0.0,,0.0,1,6.34,9.59,SPY201016C00332000,332.0,normalDay
2020-07-22,3309.0,713.0,0.0,100,326.86,316.0,0,0.0,0.0,,0.0,1,6.34,10.07,SPY201016C00332000,332.0,normalDay
2020-07-23,3309.0,507.0,0.0,100,322.96,316.0,0,0.0,0.0,,0.0,1,6.34,8.23,SPY201016C00332000,332.0,normalDay
2020-07-24,3309.0,368.0,0.0,100,320.88,316.0,0,0.0,0.0,,0.0,1,6.34,7.54,SPY201016C00332000,332.0,normalDay
2020-07-27,3309.0,549.0,0.0,100,323.22,316.0,0,0.0,0.0,,0.0,1,6.34,8.07,SPY201016C00332000,332.0,normalDay
2020-07-28,3309.0,431.0,0.0,100,321.17,316.0,0,0.0,0.0,,0.0,1,6.34,7.2,SPY201016C00332000,332.0,normalDay
2020-07-29,3309.0,678.0,0.0,100,325.12,316.0,0,0.0,0.0,,0.0,1,6.34,8.68,SPY201016C00332000,332.0,normalDay
2020-07-30,3309.0,566.0,0.0,100,323.96,316.0,0,0.0,0.0,,0.0,1,6.34,8.64,SPY201016C00332000,332.0,normalDay
2020-07-31,3309.0,724.0,0.0,100,326.52,316.0,0,0.0,0.0,,0.0,1,6.34,9.62,SPY201016C00332000,332.0,normalDay
2020-08-03,3309.0,871.0,0.0,100,328.79,316.0,0,0.0,0.0,,0.0,1,6.34,10.42,SPY201016C00332000,332.0,normalDay
2020-08-04,3309.0,967.0,0.0,100,330.06,316.0,0,0.0,0.0,,0.0,1,6.34,10.73,SPY201016C00332000,332.0,normalDay
2020-08-05,3309.0,1089.0,0.0,100,332.11,316.0,0,0.0,0.0,,0.0,1,6.34,11.56,SPY201016C00332000,332.0,normalDay
2020-08-06,3309.0,1186.0,0.0,100,334.33,316.0,0,0.0,0.0,,0.0,1,6.34,12.81,SPY201016C00332000,332.0,normalDay
2020-08-07,3309.0,1218.0,0.0,100,334.57,316.0,0,0.0,0.0,,0.0,1,6.34,12.73,SPY201016C00332000,332.0,normalDay
2020-08-10,3309.0,1298.0,0.0,100,335.57,316.0,0,0.0,0.0,,0.0,1,6.34,12.93,SPY201016C00332000,332.0,normalDay
2020-08-11,3309.0,1130.0,0.0,100,332.8,316.0,0,0.0,0.0,,0.0,1,6.34,11.84,SPY201016C00332000,332.0,normalDay
2020-08-12,3309.0,1376.0,0.0,100,337.44,316.0,0,0.0,0.0,,0.0,1,6.34,14.02,SPY201016C00332000,332.0,normalDay
2020-08-13,3309.0,1365.0,0.0,100,336.83,316.0,0,0.0,0.0,,0.0,1,6.34,13.52,SPY201016C00332000,332.0,normalDay
2020-08-14,3309.0,1381.0,0.0,100,336.84,316.0,0,0.0,0.0,,0.0,1,6.34,13.37,SPY201016C00332000,332.0,normalDay
2020-08-17,3309.0,1472.0,0.0,100,337.91,316.0,0,0.0,0.0,,0.0,1,6.34,13.53,SPY201016C00332000,332.0,normalDay
2020-08-18,3309.0,1501.0,0.0,100,338.64,316.0,0,0.0,0.0,,0.0,1,6.34,13.97,SPY201016C00332000,332.0,normalDay
2020-08-19,3309.0,1444.0,0.0,100,337.23,316.0,0,0.0,0.0,,0.0,1,6.34,13.13,SPY201016C00332000,332.0,normalDay
2020-08-20,3309.0,1512.0,0.0,100,338.28,316.0,0,0.0,0.0,,0.0,1,6.34,13.5,SPY201016C00332000,332.0,normalDay
2020-08-21,3309.0,1548.0,0.0,100,339.48,316.0,0,0.0,0.0,,0.0,1,6.34,14.34,SPY201016C00332000,332.0,normalDay
2020-08-24,3309.0,1680.0,0.0,100,342.92,316.0,0,0.0,0.0,,0.0,1,6.34,16.46,SPY201016C00332000,332.0,normalDay
2020-08-25,3309.0,1706.0,0.0,100,344.12,316.0,0,0.0,0.0,,0.0,1,6.34,17.4,SPY201016C00332000,332.0,normalDay
2020-08-26,3309.0,1745.0,0.0,100,347.57,316.0,0,0.0,0.0,,0.0,1,6.34,20.46,SPY201016C00332000,332.0,normalDay
2020-08-27,3309.0,1723.0,0.0,100,348.33,316.0,0,0.0,0.0,,0.0,1,6.34,21.44,SPY201016C00332000,332.0,normalDay
2020-08-28,3309.0,1842.0,0.0,100,350.58,316.0,0,0.0,0.0,,0.0,1,6.34,22.5,SPY201016C00332000,332.0,normalDay
2020-08-31,3309.0,1717.0,0.0,100,349.31,316.0,0,0.0,0.0,,0.0,1,6.34,22.48,SPY201016C00332000,332.0,normalDay
2020-09-01,3309.0,1827.0,0.0,100,352.6,316.0,0,0.0,0.0,,0.0,1,6.34,24.67,SPY201016C00332000,332.0,normalDay
2020-09-02,3309.0,1886.0,0.0,100,357.7,316.0,0,0.0,0.0,,0.0,1,6.34,29.18,SPY201016C00332000,332.0,normalDay
2020-09-03,3309.0,1442.0,0.0,100,345.39,316.0,0,0.0,0.0,,0.0,1,6.34,21.31,SPY201016C00332000,332.0,normalDay
2020-09-04,3309.0,1547.0,0.0,100,342.57,316.0,0,0.0,0.0,,0.0,1,6.34,17.44,SPY201016C00332000,332.0,normalDay
2020-09-08,3309.0,1238.0,0.0,100,333.21,316.0,0,0.0,0.0,,0.0,1,6.34,11.17,SPY201016C00332000,332.0,normalDay
2020-09-09,3309.0,1578.0,0.0,100,339.79,316.0,0,0.0,0.0,,0.0,1,6.34,14.35,SPY201016C00332000,332.0,normalDay
2020-09-10,3309.0,1333.0,0.0,100,333.89,316.0,0,0.0,0.0,,0.0,1,6.34,10.9,SPY201016C00332000,332.0,normalDay
2020-09-11,3309.0,1475.0,0.0,100,334.06,316.0,0,0.0,0.0,,0.0,1,6.34,9.65,SPY201016C00332000,332.0,normalDay
2020-09-14,3309.0,1655.0,0.0,100,338.46,316.0,0,0.0,0.0,,0.0,1,6.34,12.25,SPY201016C00332000,332.0,normalDay
2020-09-15,3309.0,1718.0,0.0,100,340.17,316.0,0,0.0,0.0,,0.0,1,6.34,13.33,SPY201016C00332000,332.0,normalDay
2020-09-16,3309.0,1717.0,0.0,100,338.82,316.0,0,0.0,0.0,,0.0,1,6.34,11.99,SPY201016C00332000,332.0,normalDay
2020-09-17,3309.0,1606.0,0.0,100,335.84,316.0,0,0.0,0.0,,0.0,1,6.34,10.12,SPY201016C00332000,332.0,normalDay
2020-09-18,3309.0,1362.0,0.0,100,330.65,316.0,0,0.0,0.0,,0.0,1,6.34,7.37,SPY201016C00332000,332.0,normalDay
2020-09-21,3309.0,1161.0,0.0,100,326.97,316.0,0,0.0,0.0,,0.0,1,6.34,5.7,SPY201016C00332000,332.0,normalDay
2020-09-22,3309.0,1398.0,0.0,100,330.3,316.0,0,0.0,0.0,,0.0,1,6.34,6.66,SPY201016C00332000,332.0,normalDay
2020-09-23,3309.0,938.0,0.0,100,322.64,316.0,0,0.0,0.0,,0.0,1,6.34,3.6,SPY201016C00332000,332.0,normalDay
2020-09-24,3309.0,1010.0,0.0,100,323.5,316.0,0,0.0,0.0,,0.0,1,6.34,3.74,SPY201016C00332000,332.0,normalDay
2020-09-25,3309.0,1384.0,0.0,100,328.73,316.0,0,0.0,0.0,,0.0,1,6.34,5.23,SPY201016C00332000,332.0,normalDay
2020-09-28,3309.0,1646.0,0.0,100,334.19,316.0,0,0.0,0.0,,0.0,1,6.34,8.07,SPY201016C00332000,332.0,normalDay
2020-09-29,3309.0,1529.0,0.0,100,332.37,316.0,0,0.0,0.0,,0.0,1,6.34,7.42,SPY201016C00332000,332.0,normalDay
2020-09-30,3309.0,1764.0,0.0,100,334.89,316.0,0,0.0,0.0,,0.0,1,6.34,7.59,SPY201016C00332000,332.0,normalDay
2020-10-01,3309.0,1780.0,0.0,100,337.04,316.0,0,0.0,0.0,,0.0,1,6.34,9.58,SPY201016C00332000,332.0,normalDay
2020-10-02,3309.0,1690.0,0.0,100,333.84,316.0,0,0.0,0.0,,0.0,1,6.34,7.28,SPY201016C00332000,332.0,normalDay
2020-10-05,3309.0,1984.0,0.0,100,339.76,316.0,0,0.0,0.0,,0.0,1,6.34,10.26,SPY201016C00332000,332.0,normalDay
2020-10-06,3309.0,1806.0,0.0,100,334.93,316.0,0,0.0,0.0,,0.0,1,6.34,7.21,SPY201016C00332000,332.0,normalDay
2020-10-07,3309.0,2060.0,0.0,100,340.76,316.0,0,0.0,0.0,,0.0,1,6.34,10.5,SPY201016C00332000,332.0,normalDay
2020-10-08,3309.0,2159.0,0.0,100,343.78,316.0,0,0.0,0.0,,0.0,1,6.34,12.53,SPY201016C00332000,332.0,normalDay
2020-10-09,3309.0,2188.0,0.0,100,346.85,316.0,0,0.0,0.0,,0.0,1,6.34,15.31,SPY201016C00332000,332.0,normalDay
2020-10-12,3309.0,2211.0,0.0,100,352.43,316.0,0,0.0,0.0,,0.0,1,6.34,20.66,SPY201016C00332000,332.0,normalDay
2020-10-13,3309.0,2213.0,0.0,100,350.13,316.0,0,0.0,0.0,,0.0,1,6.34,18.34,SPY201016C00332000,332.0,normalDay
2020-10-14,3309.0,2208.0,0.0,100,347.93,316.0,0,0.0,0.0,,0.0,1,6.34,16.19,SPY201016C00332000,332.0,normalDay
2020-10-15,3309.0,2223.0,0.0,100,347.5,316.0,0,0.0,0.0,,0.0,1,6.34,15.61,SPY201016C00332000,332.0,normalDay
2020-10-16,5543.0,2223.0,2234.0,0,347.29,0.0,0,0.0,0.0,,0.0,1,6.34,0.0,SPY201016C00332000,332.0,expirationDay
2020-10-19,5543.0,-4.0,0.0,0,342.01,0.0,1,3.04,3.08,SPY201120P00312000,312.0,0,0.0,0.0,,0.0,normalDay
2020-10-20,5543.0,8.0,0.0,0,343.38,0.0,1,3.04,2.96,SPY201120P00312000,312.0,0,0.0,0.0,,0.0,normalDay
2020-10-21,5543.0,41.0,0.0,0,342.73,0.0,1,3.04,2.63,SPY201120P00312000,312.0,0,0.0,0.0,,0.0,normalDay
2020-10-22,5543.0,71.0,0.0,0,344.61,0.0,1,3.04,2.33,SPY201120P00312000,312.0,0,0.0,0.0,,0.0,normalDay
2020-10-23,5543.0,95.0,0.0,0,345.78,0.0,1,3.04,2.09,SPY201120P00312000,312.0,0,0.0,0.0,,0.0,normalDay
2020-10-26,5543.0,-31.0,0.0,0,339.39,0.0,1,3.04,3.35,SPY201120P00312000,312.0,0,0.0,0.0,,0.0,normalDay
2020-10-27,5543.0,-52.0,0.0,0,338.22,0.0,1,3.04,3.56,SPY201120P00312000,312.0,0,0.0,0.0,,0.0,normalDay
2020-10-28,5543.0,-438.0,0.0,0,326.66,0.0,1,3.04,7.42,SPY201120P00312000,312.0,0,0.0,0.0,,0.0,normalDay
2020-10-29,5543.0,-230.0,0.0,0,329.98,0.0,1,3.04,5.34,SPY201120P00312000,312.0,0,0.0,0.0,,0.0,normalDay
2020-10-30,5543.0,-321.0,0.0,0,326.54,0.0,1,3.04,6.25,SPY201120P00312000,312.0,0,0.0,0.0,,0.0,normalDay
2020-11-02,5543.0,-163.0,0.0,0,330.2,0.0,1,3.04,4.67,SPY201120P00312000,312.0,0,0.0,0.0,,0.0,normalDay
2020-11-03,5543.0,-34.0,0.0,0,336.03,0.0,1,3.04,3.38,SPY201120P00312000,312.0,0,0.0,0.0,,0.0,normalDay
2020-11-04,5543.0,166.0,0.0,0,343.54,0.0,1,3.04,1.38,SPY201120P00312000,312.0,0,0.0,0.0,,0.0,normalDay
2020-11-05,5543.0,223.0,0.0,0,350.24,0.0,1,3.04,0.81,SPY201120P00312000,312.0,0,0.0,0.0,,0.0,normalDay
2020-11-06,5543.0,261.0,0.0,0,350.16,0.0,1,3.04,0.43,SPY201120P00312000,312.0,0,0.0,0.0,,0.0,normalDay
2020-11-09,5543.0,272.0,0.0,0,354.56,0.0,1,3.04,0.32,SPY201120P00312000,312.0,0,0.0,0.0,,0.0,normalDay
2020-11-10,5543.0,281.0,0.0,0,354.04,0.0,1,3.04,0.23,SPY201120P00312000,312.0,0,0.0,0.0,,0.0,normalDay
2020-11-11,5543.0,289.0,0.0,0,356.67,0.0,1,3.04,0.15,SPY201120P00312000,312.0,0,0.0,0.0,,0.0,normalDay
2020-11-12,5543.0,281.0,0.0,0,353.21,0.0,1,3.04,0.23,SPY201120P00312000,312.0,0,0.0,0.0,,0.0,normalDay
2020-11-13,5543.0,294.0,0.0,0,358.1,0.0,1,3.04,0.1,SPY201120P00312000,312.0,0,0.0,0.0,,0.0,normalDay
2020-11-16,5543.0,300.0,0.0,0,362.57,0.0,1,3.04,0.04,SPY201120P00312000,312.0,0,0.0,0.0,,0.0,normalDay
2020-11-17,5543.0,302.0,0.0,0,360.62,0.0,1,3.04,0.02,SPY201120P00312000,312.0,0,0.0,0.0,,0.0,normalDay
2020-11-18,5543.0,302.0,0.0,0,356.28,0.0,1,3.04,0.02,SPY201120P00312000,312.0,0,0.0,0.0,,0.0,normalDay
2020-11-19,5543.0,303.0,0.0,0,357.78,0.0,1,3.04,0.01,SPY201120P00312000,312.0,0,0.0,0.0,,0.0,normalDay
2020-11-20,5847.0,0.0,304.0,0,355.33,0.0,1,3.04,0.0,SPY201120P00312000,312.0,0,0.0,0.0,,0.0,expirationDay
2020-11-23,5847.0,-4.0,0.0,0,357.46,0.0,1,0.91,0.95,SPY201224P00310000,310.0,0,0.0,0.0,,0.0,normalDay
2020-11-24,5847.0,24.0,0.0,0,363.22,0.0,1,0.91,0.67,SPY201224P00310000,310.0,0,0.0,0.0,,0.0,normalDay
2020-11-25,5847.0,29.0,0.0,0,362.66,0.0,1,0.91,0.62,SPY201224P00310000,310.0,0,0.0,0.0,,0.0,normalDay
2020-11-27,5847.0,40.0,0.0,0,363.67,0.0,1,0.91,0.51,SPY201224P00310000,310.0,0,0.0,0.0,,0.0,normalDay
2020-11-30,5847.0,49.0,0.0,0,362.06,0.0,1,0.91,0.42,SPY201224P00310000,310.0,0,0.0,0.0,,0.0,normalDay
2020-12-01,5847.0,53.0,0.0,0,366.02,0.0,1,0.91,0.38,SPY201224P00310000,310.0,0,0.0,0.0,,0.0,normalDay
2020-12-02,5847.0,53.0,0.0,0,366.79,0.0,1,0.91,0.38,SPY201224P00310000,310.0,0,0.0,0.0,,0.0,normalDay
2020-12-03,5847.0,54.0,0.0,0,366.69,0.0,1,0.91,0.37,SPY201224P00310000,310.0,0,0.0,0.0,,0.0,normalDay
2020-12-04,5847.0,65.0,0.0,0,369.85,0.0,1,0.91,0.26,SPY201224P00310000,310.0,0,0.0,0.0,,0.0,normalDay
2020-12-07,5847.0,71.0,0.0,0,369.09,0.0,1,0.91,0.2,SPY201224P00310000,310.0,0,0.0,0.0,,0.0,normalDay
2020-12-08,5847.0,75.0,0.0,0,370.17,0.0,1,0.91,0.16,SPY201224P00310000,310.0,0,0.0,0.0,,0.0,normalDay
2020-12-09,5847.0,70.0,0.0,0,366.85,0.0,1,0.91,0.21,SPY201224P00310000,310.0,0,0.0,0.0,,0.0,normalDay
2020-12-10,5847.0,72.0,0.0,0,366.73,0.0,1,0.91,0.19,SPY201224P00310000,310.0,0,0.0,0.0,,0.0,normalDay
2020-12-11,5847.0,70.0,0.0,0,366.3,0.0,1,0.91,0.21,SPY201224P00310000,310.0,0,0.0,0.0,,0.0,normalDay
2020-12-14,5847.0,67.0,0.0,0,364.66,0.0,1,0.91,0.24,SPY201224P00310000,310.0,0,0.0,0.0,,0.0,normalDay
2020-12-15,5847.0,78.0,0.0,0,369.59,0.0,1,0.91,0.13,SPY201224P00310000,310.0,0,0.0,0.0,,0.0,normalDay
2020-12-16,5847.0,81.0,0.0,0,370.17,0.0,1,0.91,0.1,SPY201224P00310000,310.0,0,0.0,0.0,,0.0,normalDay
2020-12-17,5847.0,84.0,0.0,0,372.24,0.0,1,0.91,0.07,SPY201224P00310000,310.0,0,0.0,0.0,,0.0,normalDay
2020-12-18,5847.0,88.0,0.0,0,369.18,0.0,1,0.91,0.03,SPY201224P00310000,310.0,0,0.0,0.0,,0.0,normalDay
2020-12-21,5847.0,89.0,0.0,0,367.86,0.0,1,0.91,0.02,SPY201224P00310000,310.0,0,0.0,0.0,,0.0,normalDay
2020-12-22,5847.0,90.0,0.0,0,367.24,0.0,1,0.91,0.01,SPY201224P00310000,310.0,0,0.0,0.0,,0.0,normalDay
2020-12-23,5847.0,90.0,0.0,0,367.57,0.0,1,0.91,0.01,SPY201224P00310000,310.0,0,0.0,0.0,,0.0,normalDay
2020-12-24,5938.0,0.0,91.0,0,369.0,0.0,1,0.91,0.0,SPY201224P00310000,310.0,0,0.0,0.0,,0.0,expirationDay
2020-12-28,5938.0,-6.0,0.0,0,372.17,0.0,1,4.29,4.35,SPY210129P00361000,361.0,0,0.0,0.0,,0.0,normalDay
2020-12-29,5938.0,-58.0,0.0,0,371.46,0.0,1,4.29,4.87,SPY210129P00361000,361.0,0,0.0,0.0,,0.0,normalDay
2020-12-30,5938.0,-22.0,0.0,0,371.99,0.0,1,4.29,4.51,SPY210129P00361000,361.0,0,0.0,0.0,,0.0,normalDay
2020-12-31,5938.0,37.0,0.0,0,373.88,0.0,1,4.29,3.92,SPY210129P00361000,361.0,0,0.0,0.0,,0.0,normalDay
2021-01-04,5938.0,-131.0,0.0,0,368.79,0.0,1,4.29,5.6,SPY210129P00361000,361.0,0,0.0,0.0,,0.0,normalDay
2021-01-05,5938.0,-28.0,0.0,0,371.33,0.0,1,4.29,4.57,SPY210129P00361000,361.0,0,0.0,0.0,,0.0,normalDay
2021-01-06,5938.0,18.0,0.0,0,373.55,0.0,1,4.29,4.11,SPY210129P00361000,361.0,0,0.0,0.0,,0.0,normalDay
2021-01-07,5938.0,194.0,0.0,0,379.1,0.0,1,4.29,2.35,SPY210129P00361000,361.0,0,0.0,0.0,,0.0,normalDay
2021-01-08,5938.0,239.0,0.0,0,381.26,0.0,1,4.29,1.9,SPY210129P00361000,361.0,0,0.0,0.0,,0.0,normalDay
2021-01-11,5938.0,194.0,0.0,0,378.69,0.0,1,4.29,2.35,SPY210129P00361000,361.0,0,0.0,0.0,,0.0,normalDay
2021-01-12,5938.0,219.0,0.0,0,378.77,0.0,1,4.29,2.1,SPY210129P00361000,361.0,0,0.0,0.0,,0.0,normalDay
2021-01-13,5938.0,269.0,0.0,0,379.79,0.0,1,4.29,1.6,SPY210129P00361000,361.0,0,0.0,0.0,,0.0,normalDay
2021-01-14,5938.0,243.0,0.0,0,378.46,0.0,1,4.29,1.86,SPY210129P00361000,361.0,0,0.0,0.0,,0.0,normalDay
2021-01-15,5938.0,207.0,0.0,0,375.7,0.0,1,4.29,2.22,SPY210129P00361000,361.0,0,0.0,0.0,,0.0,normalDay
2021-01-19,5938.0,315.0,0.0,0,378.65,0.0,1,4.29,1.14,SPY210129P00361000,361.0,0,0.0,0.0,,0.0,normalDay
2021-01-20,5938.0,380.0,0.0,0,383.89,0.0,1,4.29,0.49,SPY210129P00361000,361.0,0,0.0,0.0,,0.0,normalDay
2021-01-21,5938.0,395.0,0.0,0,384.24,0.0,1,4.29,0.34,SPY210129P00361000,361.0,0,0.0,0.0,,0.0,normalDay
2021-01-22,5938.0,402.0,0.0,0,382.88,0.0,1,4.29,0.27,SPY210129P00361000,361.0,0,0.0,0.0,,0.0,normalDay
2021-01-25,5938.0,414.0,0.0,0,384.39,0.0,1,4.29,0.15,SPY210129P00361000,361.0,0,0.0,0.0,,0.0,normalDay
2021-01-26,5938.0,419.0,0.0,0,383.79,0.0,1,4.29,0.1,SPY210129P00361000,361.0,0,0.0,0.0,,0.0,normalDay
2021-01-27,5938.0,332.0,0.0,0,374.41,0.0,1,4.29,0.97,SPY210129P00361000,361.0,0,0.0,0.0,,0.0,normalDay
2021-01-28,5938.0,421.0,0.0,0,377.63,0.0,1,4.29,0.08,SPY210129P00361000,361.0,0,0.0,0.0,,0.0,normalDay
2021-01-29,6367.0,0.0,429.0,0,370.07,0.0,1,4.29,0.0,SPY210129P00361000,361.0,0,0.0,0.0,,0.0,expirationDay
2021-02-01,6367.0,-8.0,0.0,0,376.23,0.0,1,7.08,7.16,SPY210305P00364000,364.0,0,0.0,0.0,,0.0,normalDay
2021-02-02,6367.0,268.0,0.0,0,381.55,0.0,1,7.08,4.4,SPY210305P00364000,364.0,0,0.0,0.0,,0.0,normalDay
2021-02-03,6367.0,342.0,0.0,0,381.85,0.0,1,7.08,3.66,SPY210305P00364000,364.0,0,0.0,0.0,,0.0,normalDay
2021-02-04,6367.0,439.0,0.0,0,386.19,0.0,1,7.08,2.69,SPY210305P00364000,364.0,0,0.0,0.0,,0.0,normalDay
2021-02-05,6367.0,483.0,0.0,0,387.71,0.0,1,7.08,2.25,SPY210305P00364000,364.0,0,0.0,0.0,,0.0,normalDay
2021-02-08,6367.0,529.0,0.0,0,390.51,0.0,1,7.08,1.79,SPY210305P00364000,364.0,0,0.0,0.0,,0.0,normalDay
2021-02-09,6367.0,536.0,0.0,0,390.25,0.0,1,7.08,1.72,SPY210305P00364000,364.0,0,0.0,0.0,,0.0,normalDay
2021-02-10,6367.0,532.0,0.0,0,390.08,0.0,1,7.08,1.76,SPY210305P00364000,364.0,0,0.0,0.0,,0.0,normalDay
2021-02-11,6367.0,556.0,0.0,0,390.71,0.0,1,7.08,1.52,SPY210305P00364000,364.0,0,0.0,0.0,,0.0,normalDay
2021-02-12,6367.0,603.0,0.0,0,392.64,0.0,1,7.08,1.05,SPY210305P00364000,364.0,0,0.0,0.0,,0.0,normalDay
2021-02-16,6367.0,606.0,0.0,0,392.3,0.0,1,7.08,1.02,SPY210305P00364000,364.0,0,0.0,0.0,,0.0,normalDay
2021-02-17,6367.0,621.0,0.0,0,392.39,0.0,1,7.08,0.87,SPY210305P00364000,364.0,0,0.0,0.0,,0.0,normalDay
2021-02-18,6367.0,609.0,0.0,0,390.72,0.0,1,7.08,0.99,SPY210305P00364000,364.0,0,0.0,0.0,,0.0,normalDay
2021-02-19,6367.0,623.0,0.0,0,390.03,0.0,1,7.08,0.85,SPY210305P00364000,364.0,0,0.0,0.0,,0.0,normalDay
2021-02-22,6367.0,619.0,0.0,0,387.03,0.0,1,7.08,0.89,SPY210305P00364000,364.0,0,0.0,0.0,,0.0,normalDay
2021-02-23,6367.0,632.0,0.0,0,387.5,0.0,1,7.08,0.76,SPY210305P00364000,364.0,0,0.0,0.0,,0.0,normalDay
2021-02-24,6367.0,673.0,0.0,0,391.77,0.0,1,7.08,0.35,SPY210305P00364000,364.0,0,0.0,0.0,,0.0,normalDay
2021-02-25,6367.0,523.0,0.0,0,382.33,0.0,1,7.08,1.85,SPY210305P00364000,364.0,0,0.0,0.0,,0.0,normalDay
2021-02-26,6367.0,561.0,0.0,0,380.36,0.0,1,7.08,1.47,SPY210305P00364000,364.0,0,0.0,0.0,,0.0,normalDay
2021-03-01,6367.0,684.0,0.0,0,389.58,0.0,1,7.08,0.24,SPY210305P00364000,364.0,0,0.0,0.0,,0.0,normalDay
2021-03-02,6367.0,688.0,0.0,0,386.54,0.0,1,7.08,0.2,SPY210305P00364000,364.0,0,0.0,0.0,,0.0,normalDay
2021-03-03,6367.0,687.0,0.0,0,381.42,0.0,1,7.08,0.21,SPY210305P00364000,364.0,0,0.0,0.0,,0.0,normalDay
2021-03-04,6367.0,689.0,0.0,0,376.7,0.0,1,7.08,0.19,SPY210305P00364000,364.0,0,0.0,0.0,,0.0,normalDay
2021-03-05,7075.0,0.0,708.0,0,383.63,0.0,1,7.08,0.0,SPY210305P00364000,364.0,0,0.0,0.0,,0.0,expirationDay
2021-03-08,7075.0,-9.0,0.0,0,381.72,0.0,1,6.67,6.76,SPY210409P00372500,372.5,0,0.0,0.0,,0.0,normalDay
2021-03-09,7075.0,175.0,0.0,0,387.17,0.0,1,6.67,4.92,SPY210409P00372500,372.5,0,0.0,0.0,,0.0,normalDay
2021-03-10,7075.0,281.0,0.0,0,389.58,0.0,1,6.67,3.86,SPY210409P00372500,372.5,0,0.0,0.0,,0.0,normalDay
2021-03-11,7075.0,361.0,0.0,0,393.53,0.0,1,6.67,3.06,SPY210409P00372500,372.5,0,0.0,0.0,,0.0,normalDay
2021-03-12,7075.0,424.0,0.0,0,394.06,0.0,1,6.67,2.43,SPY210409P00372500,372.5,0,0.0,0.0,,0.0,normalDay
2021-03-15,7075.0,487.0,0.0,0,396.41,0.0,1,6.67,1.8,SPY210409P00372500,372.5,0,0.0,0.0,,0.0,normalDay
2021-03-16,7075.0,487.0,0.0,0,395.91,0.0,1,6.67,1.8,SPY210409P00372500,372.5,0,0.0,0.0,,0.0,normalDay
2021-03-17,7075.0,521.0,0.0,0,397.26,0.0,1,6.67,1.46,SPY210409P00372500,372.5,0,0.0,0.0,,0.0,normalDay
2021-03-18,7075.0,450.0,0.0,0,391.48,0.0,1,6.67,2.17,SPY210409P00372500,372.5,0,0.0,0.0,,0.0,normalDay
2021-03-19,7075.0,448.0,0.0,0,389.48,0.0,1,6.67,2.19,SPY210409P00372500,372.5,0,0.0,0.0,,0.0,normalDay
2021-03-22,7075.0,550.0,0.0,0,392.59,0.0,1,6.67,1.17,SPY210409P00372500,372.5,0,0.0,0.0,,0.0,normalDay
2021-03-23,7075.0,501.0,0.0,0,389.5,0.0,1,6.67,1.66,SPY210409P00372500,372.5,0,0.0,0.0,,0.0,normalDay
2021-03-24,7075.0,479.0,0.0,0,387.52,0.0,1,6.67,1.88,SPY210409P00372500,372.5,0,0.0,0.0,,0.0,normalDay
2021-03-25,7075.0,539.0,0.0,0,389.7,0.0,1,6.67,1.28,SPY210409P00372500,372.5,0,0.0,0.0,,0.0,normalDay
2021-03-26,7075.0,596.0,0.0,0,395.98,0.0,1,6.67,0.71,SPY210409P00372500,372.5,0,0.0,0.0,,0.0,normalDay
2021-03-29,7075.0,597.0,0.0,0,395.78,0.0,1,6.67,0.7,SPY210409P00372500,372.5,0,0.0,0.0,,0.0,normalDay
2021-03-30,7075.0,614.0,0.0,0,394.73,0.0,1,6.67,0.53,SPY210409P00372500,372.5,0,0.0,0.0,,0.0,normalDay
2021-03-31,7075.0,639.0,0.0,0,396.33,0.0,1,6.67,0.28,SPY210409P00372500,372.5,0,0.0,0.0,,0.0,normalDay
2021-04-01,7075.0,661.0,0.0,0,400.61,0.0,1,6.67,0.06,SPY210409P00372500,372.5,0,0.0,0.0,,0.0,normalDay
2021-04-05,7075.0,662.0,0.0,0,406.36,0.0,1,6.67,0.05,SPY210409P00372500,372.5,0,0.0,0.0,,0.0,normalDay
2021-04-06,7075.0,663.0,0.0,0,406.12,0.0,1,6.67,0.04,SPY210409P00372500,372.5,0,0.0,0.0,,0.0,normalDay
2021-04-07,7075.0,665.0,0.0,0,406.59,0.0,1,6.67,0.02,SPY210409P00372500,372.5,0,0.0,0.0,,0.0,normalDay
2021-04-08,7075.0,666.0,0.0,0,408.52,0.0,1,6.67,0.01,SPY210409P00372500,372.5,0,0.0,0.0,,0.0,normalDay
2021-04-09,7742.0,0.0,667.0,0,411.49,0.0,1,6.67,0.0,SPY210409P00372500,372.5,0,0.0,0.0,,0.0,expirationDay
2021-04-12,7742.0,-4.0,0.0,0,411.64,0.0,1,1.02,1.06,SPY210514P00375000,375.0,0,0.0,0.0,,0.0,normalDay
2021-04-13,7742.0,13.0,0.0,0,412.86,0.0,1,1.02,0.89,SPY210514P00375000,375.0,0,0.0,0.0,,0.0,normalDay
2021-04-14,7742.0,6.0,0.0,0,411.45,0.0,1,1.02,0.96,SPY210514P00375000,375.0,0,0.0,0.0,,0.0,normalDay
2021-04-15,7742.0,28.0,0.0,0,415.87,0.0,1,1.02,0.74,SPY210514P00375000,375.0,0,0.0,0.0,,0.0,normalDay
2021-04-16,7742.0,36.0,0.0,0,417.26,0.0,1,1.02,0.66,SPY210514P00375000,375.0,0,0.0,0.0,,0.0,normalDay
2021-04-19,7742.0,33.0,0.0,0,415.21,0.0,1,1.02,0.69,SPY210514P00375000,375.0,0,0.0,0.0,,0.0,normalDay
2021-04-20,7742.0,11.0,0.0,0,412.17,0.0,1,1.02,0.91,SPY210514P00375000,375.0,0,0.0,0.0,,0.0,normalDay
2021-04-21,7742.0,46.0,0.0,0,416.07,0.0,1,1.02,0.56,SPY210514P00375000,375.0,0,0.0,0.0,,0.0,normalDay
2021-04-22,7742.0,24.0,0.0,0,412.27,0.0,1,1.02,0.78,SPY210514P00375000,375.0,0,0.0,0.0,,0.0,normalDay
2021-04-23,7742.0,59.0,0.0,0,416.74,0.0,1,1.02,0.43,SPY210514P00375000,375.0,0,0.0,0.0,,0.0,normalDay
2021-04-26,7742.0,70.0,0.0,0,417.61,0.0,1,1.02,0.32,SPY210514P00375000,375.0,0,0.0,0.0,,0.0,normalDay
2021-04-27,7742.0,74.0,0.0,0,417.52,0.0,1,1.02,0.28,SPY210514P00375000,375.0,0,0.0,0.0,,0.0,normalDay
2021-04-28,7742.0,81.0,0.0,0,417.4,0.0,1,1.02,0.21,SPY210514P00375000,375.0,0,0.0,0.0,,0.0,normalDay
2021-04-29,7742.0,82.0,0.0,0,420.06,0.0,1,1.02,0.2,SPY210514P00375000,375.0,0,0.0,0.0,,0.0,normalDay
2021-04-30,7742.0,76.0,0.0,0,417.3,0.0,1,1.02,0.26,SPY210514P00375000,375.0,0,0.0,0.0,,0.0,normalDay
2021-05-03,7742.0,83.0,0.0,0,418.2,0.0,1,1.02,0.19,SPY210514P00375000,375.0,0,0.0,0.0,,0.0,normalDay
2021-05-04,7742.0,82.0,0.0,0,415.62,0.0,1,1.02,0.2,SPY210514P00375000,375.0,0,0.0,0.0,,0.0,normalDay
2021-05-05,7742.0,84.0,0.0,0,415.75,0.0,1,1.02,0.18,SPY210514P00375000,375.0,0,0.0,0.0,,0.0,normalDay
2021-05-06,7742.0,90.0,0.0,0,419.07,0.0,1,1.02,0.12,SPY210514P00375000,375.0,0,0.0,0.0,,0.0,normalDay
2021-05-07,7742.0,93.0,0.0,0,422.12,0.0,1,1.02,0.09,SPY210514P00375000,375.0,0,0.0,0.0,,0.0,normalDay
2021-05-10,7742.0,92.0,0.0,0,417.94,0.0,1,1.02,0.1,SPY210514P00375000,375.0,0,0.0,0.0,,0.0,normalDay
2021-05-11,7742.0,93.0,0.0,0,414.21,0.0,1,1.02,0.09,SPY210514P00375000,375.0,0,0.0,0.0,,0.0,normalDay
2021-05-12,7742.0,77.0,0.0,0,405.41,0.0,1,1.02,0.25,SPY210514P00375000,375.0,0,0.0,0.0,,0.0,normalDay
2021-05-13,7742.0,100.0,0.0,0,410.28,0.0,1,1.02,0.02,SPY210514P00375000,375.0,0,0.0,0.0,,0.0,normalDay
2021-05-14,7844.0,0.0,102.0,0,416.58,0.0,1,1.02,0.0,SPY210514P00375000,375.0,0,0.0,0.0,,0.0,expirationDay
2021-05-17,7844.0,-4.0,0.0,0,415.52,0.0,1,5.12,5.16,SPY210618P00405000,405.0,0,0.0,0.0,,0.0,normalDay
2021-05-18,7844.0,-139.0,0.0,0,411.94,0.0,1,5.12,6.51,SPY210618P00405000,405.0,0,0.0,0.0,,0.0,normalDay
2021-05-19,7844.0,-171.0,0.0,0,410.86,0.0,1,5.12,6.83,SPY210618P00405000,405.0,0,0.0,0.0,,0.0,normalDay
2021-05-20,7844.0,6.0,0.0,0,415.28,0.0,1,5.12,5.06,SPY210618P00405000,405.0,0,0.0,0.0,,0.0,normalDay
2021-05-21,7844.0,41.0,0.0,0,414.94,0.0,1,5.12,4.71,SPY210618P00405000,405.0,0,0.0,0.0,,0.0,normalDay
2021-05-24,7844.0,211.0,0.0,0,419.17,0.0,1,5.12,3.01,SPY210618P00405000,405.0,0,0.0,0.0,,0.0,normalDay
2021-05-25,7844.0,194.0,0.0,0,418.24,0.0,1,5.12,3.18,SPY210618P00405000,405.0,0,0.0,0.0,,0.0,normalDay
2021-05-26,7844.0,258.0,0.0,0,419.07,0.0,1,5.12,2.54,SPY210618P00405000,405.0,0,0.0,0.0,,0.0,normalDay
2021-05-27,7844.0,300.0,0.0,0,419.29,0.0,1,5.12,2.12,SPY210618P00405000,405.0,0,0.0,0.0,,0.0,normalDay
2021-05-28,7844.0,320.0,0.0,0,420.04,0.0,1,5.12,1.92,SPY210618P00405000,405.0,0,0.0,0.0,,0.0,normalDay
2021-06-01,7844.0,322.0,0.0,0,419.67,0.0,1,5.12,1.9,SPY210618P00405000,405.0,0,0.0,0.0,,0.0,normalDay
2021-06-02,7844.0,360.0,0.0,0,420.33,0.0,1,5.12,1.52,SPY210618P00405000,405.0,0,0.0,0.0,,0.0,normalDay
2021-06-03,7844.0,339.0,0.0,0,418.77,0.0,1,5.12,1.73,SPY210618P00405000,405.0,0,0.0,0.0,,0.0,normalDay
2021-06-04,7844.0,418.0,0.0,0,422.6,0.0,1,5.12,0.94,SPY210618P00405000,405.0,0,0.0,0.0,,0.0,normalDay
2021-06-07,7844.0,445.0,0.0,0,422.19,0.0,1,5.12,0.67,SPY210618P00405000,405.0,0,0.0,0.0,,0.0,normalDay
2021-06-08,7844.0,435.0,0.0,0,422.28,0.0,1,5.12,0.77,SPY210618P00405000,405.0,0,0.0,0.0,,0.0,normalDay
2021-06-09,7844.0,423.0,0.0,0,421.65,0.0,1,5.12,0.89,SPY210618P00405000,405.0,0,0.0,0.0,,0.0,normalDay
2021-06-10,7844.0,471.0,0.0,0,423.61,0.0,1,5.12,0.41,SPY210618P00405000,405.0,0,0.0,0.0,,0.0,normalDay
2021-06-11,7844.0,481.0,0.0,0,424.31,0.0,1,5.12,0.31,SPY210618P00405000,405.0,0,0.0,0.0,,0.0,normalDay
2021-06-14,7844.0,493.0,0.0,0,425.26,0.0,1,5.12,0.19,SPY210618P00405000,405.0,0,0.0,0.0,,0.0,normalDay
2021-06-15,7844.0,489.0,0.0,0,424.48,0.0,1,5.12,0.23,SPY210618P00405000,405.0,0,0.0,0.0,,0.0,normalDay
2021-06-16,7844.0,482.0,0.0,0,422.11,0.0,1,5.12,0.3,SPY210618P00405000,405.0,0,0.0,0.0,,0.0,normalDay
2021-06-17,7844.0,500.0,0.0,0,421.97,0.0,1,5.12,0.12,SPY210618P00405000,405.0,0,0.0,0.0,,0.0,normalDay
2021-06-18,8356.0,0.0,512.0,0,414.92,0.0,1,5.12,0.0,SPY210618P00405000,405.0,0,0.0,0.0,,0.0,expirationDay
2021-06-21,8356.0,-4.0,0.0,0,420.86,0.0,1,4.5,4.54,SPY210723P00414000,414.0,0,0.0,0.0,,0.0,normalDay
2021-06-22,8356.0,83.0,0.0,0,423.11,0.0,1,4.5,3.67,SPY210723P00414000,414.0,0,0.0,0.0,,0.0,normalDay
2021-06-23,8356.0,98.0,0.0,0,422.6,0.0,1,4.5,3.52,SPY210723P00414000,414.0,0,0.0,0.0,,0.0,normalDay
2021-06-24,8356.0,163.0,0.0,0,425.1,0.0,1,4.5,2.87,SPY210723P00414000,414.0,0,0.0,0.0,,0.0,normalDay
2021-06-25,8356.0,218.0,0.0,0,426.61,0.0,1,4.5,2.32,SPY210723P00414000,414.0,0,0.0,0.0,,0.0,normalDay
2021-06-28,8356.0,246.0,0.0,0,427.47,0.0,1,4.5,2.04,SPY210723P00414000,414.0,0,0.0,0.0,,0.0,normalDay
2021-06-29,8356.0,256.0,0.0,0,427.7,0.0,1,4.5,1.94,SPY210723P00414000,414.0,0,0.0,0.0,,0.0,normalDay
2021-06-30,8356.0,278.0,0.0,0,428.06,0.0,1,4.5,1.72,SPY210723P00414000,414.0,0,0.0,0.0,,0.0,normalDay
2021-07-01,8356.0,303.0,0.0,0,430.43,0.0,1,4.5,1.47,SPY210723P00414000,414.0,0,0.0,0.0,,0.0,normalDay
2021-07-02,8356.0,344.0,0.0,0,433.72,0.0,1,4.5,1.06,SPY210723P00414000,414.0,0,0.0,0.0,,0.0,normalDay
2021-07-06,8356.0,341.0,0.0,0,432.93,0.0,1,4.5,1.09,SPY210723P00414000,414.0,0,0.0,0.0,,0.0,normalDay
2021-07-07,8356.0,364.0,0.0,0,434.46,0.0,1,4.5,0.86,SPY210723P00414000,414.0,0,0.0,0.0,,0.0,normalDay
2021-07-08,8356.0,289.0,0.0,0,430.92,0.0,1,4.5,1.61,SPY210723P00414000,414.0,0,0.0,0.0,,0.0,normalDay
2021-07-09,8356.0,384.0,0.0,0,435.52,0.0,1,4.5,0.66,SPY210723P00414000,414.0,0,0.0,0.0,,0.0,normalDay
2021-07-12,8356.0,408.0,0.0,0,437.08,0.0,1,4.5,0.42,SPY210723P00414000,414.0,0,0.0,0.0,,0.0,normalDay
2021-07-13,8356.0,399.0,0.0,0,435.59,0.0,1,4.5,0.51,SPY210723P00414000,414.0,0,0.0,0.0,,0.0,normalDay
2021-07-14,8356.0,421.0,0.0,0,436.24,0.0,1,4.5,0.29,SPY210723P00414000,414.0,0,0.0,0.0,,0.0,normalDay
2021-07-15,8356.0,417.0,0.0,0,434.75,0.0,1,4.5,0.33,SPY210723P00414000,414.0,0,0.0,0.0,,0.0,normalDay
2021-07-16,8356.0,409.0,0.0,0,431.34,0.0,1,4.5,0.41,SPY210723P00414000,414.0,0,0.0,0.0,,0.0,normalDay
2021-07-19,8356.0,352.0,0.0,0,424.97,0.0,1,4.5,0.98,SPY210723P00414000,414.0,0,0.0,0.0,,0.0,normalDay
2021-07-20,8356.0,433.0,0.0,0,431.06,0.0,1,4.5,0.17,SPY210723P00414000,414.0,0,0.0,0.0,,0.0,normalDay
2021-07-21,8356.0,447.0,0.0,0,434.55,0.0,1,4.5,0.03,SPY210723P00414000,414.0,0,0.0,0.0,,0.0,normalDay
2021-07-22,8356.0,448.0,0.0,0,435.46,0.0,1,4.5,0.02,SPY210723P00414000,414.0,0,0.0,0.0,,0.0,normalDay
2021-07-23,8806.0,0.0,450.0,0,439.94,0.0,1,4.5,0.0,SPY210723P00414000,414.0,0,0.0,0.0,,0.0,expirationDay
2021-07-26,8806.0,-4.0,0.0,0,441.02,0.0,1,2.83,2.87,SPY210827P00421000,421.0,0,0.0,0.0,,0.0,normalDay
2021-07-27,8806.0,-76.0,0.0,0,439.01,0.0,1,2.83,3.59,SPY210827P00421000,421.0,0,0.0,0.0,,0.0,normalDay
2021-07-28,8806.0,-34.0,0.0,0,438.83,0.0,1,2.83,3.17,SPY210827P00421000,421.0,0,0.0,0.0,,0.0,normalDay
2021-07-29,8806.0,27.0,0.0,0,440.65,0.0,1,2.83,2.56,SPY210827P00421000,421.0,0,0.0,0.0,,0.0,normalDay
2021-07-30,8806.0,4.0,0.0,0,438.51,0.0,1,2.83,2.79,SPY210827P00421000,421.0,0,0.0,0.0,,0.0,normalDay
2021-08-02,8806.0,-19.0,0.0,0,437.59,0.0,1,2.83,3.02,SPY210827P00421000,421.0,0,0.0,0.0,,0.0,normalDay
2021-08-03,8806.0,74.0,0.0,0,441.15,0.0,1,2.83,2.09,SPY210827P00421000,421.0,0,0.0,0.0,,0.0,normalDay
2021-08-04,8806.0,65.0,0.0,0,438.98,0.0,1,2.83,2.18,SPY210827P00421000,421.0,0,0.0,0.0,,0.0,normalDay
2021-08-05,8806.0,115.0,0.0,0,441.76,0.0,1,2.83,1.68,SPY210827P00421000,421.0,0,0.0,0.0,,0.0,normalDay
2021-08-06,8806.0,155.0,0.0,0,442.49,0.0,1,2.83,1.28,SPY210827P00421000,421.0,0,0.0,0.0,,0.0,normalDay
2021-08-09,8806.0,168.0,0.0,0,442.13,0.0,1,2.83,1.15,SPY210827P00421000,421.0,0,0.0,0.0,,0.0,normalDay
2021-08-10,8806.0,171.0,0.0,0,442.68,0.0,1,2.83,1.12,SPY210827P00421000,421.0,0,0.0,0.0,,0.0,normalDay
2021-08-11,8806.0,203.0,0.0,0,443.78,0.0,1,2.83,0.8,SPY210827P00421000,421.0,0,0.0,0.0,,0.0,normalDay
2021-08-12,8806.0,223.0,0.0,0,445.11,0.0,1,2.83,0.6,SPY210827P00421000,421.0,0,0.0,0.0,,0.0,normalDay
2021-08-13,8806.0,236.0,0.0,0,445.92,0.0,1,2.83,0.47,SPY210827P00421000,421.0,0,0.0,0.0,,0.0,normalDay
2021-08-16,8806.0,246.0,0.0,0,446.97,0.0,1,2.83,0.37,SPY210827P00421000,421.0,0,0.0,0.0,,0.0,normalDay
2021-08-17,8806.0,217.0,0.0,0,444.04,0.0,1,2.83,0.66,SPY210827P00421000,421.0,0,0.0,0.0,,0.0,normalDay
2021-08-18,8806.0,142.0,0.0,0,439.18,0.0,1,2.83,1.41,SPY210827P00421000,421.0,0,0.0,0.0,,0.0,normalDay
2021-08-19,8806.0,172.0,0.0,0,439.86,0.0,1,2.83,1.11,SPY210827P00421000,421.0,0,0.0,0.0,,0.0,normalDay
2021-08-20,8806.0,259.0,0.0,0,443.36,0.0,1,2.83,0.24,SPY210827P00421000,421.0,0,0.0,0.0,,0.0,normalDay
2021-08-23,8806.0,275.0,0.0,0,447.26,0.0,1,2.83,0.08,SPY210827P00421000,421.0,0,0.0,0.0,,0.0,normalDay
2021-08-24,8806.0,277.0,0.0,0,447.97,0.0,1,2.83,0.06,SPY210827P00421000,421.0,0,0.0,0.0,,0.0,normalDay
2021-08-25,8806.0,279.0,0.0,0,448.91,0.0,1,2.83,0.04,SPY210827P00421000,421.0,0,0.0,0.0,,0.0,normalDay
2021-08-26,8806.0,279.0,0.0,0,446.26,0.0,1,2.83,0.04,SPY210827P00421000,421.0,0,0.0,0.0,,0.0,normalDay
2021-08-27,9089.0,0.0,283.0,0,450.25,0.0,1,2.83,0.0,SPY210827P00421000,421.0,0,0.0,0.0,,0.0,expirationDay
2021-08-30,9089.0,-3.0,0.0,0,452.23,0.0,1,2.72,2.75,SPY211001P00433000,433.0,0,0.0,0.0,,0.0,normalDay
2021-08-31,9089.0,-3.0,0.0,0,451.56,0.0,1,2.72,2.75,SPY211001P00433000,433.0,0,0.0,0.0,,0.0,normalDay
2021-09-01,9089.0,20.0,0.0,0,451.8,0.0,1,2.72,2.52,SPY211001P00433000,433.0,0,0.0,0.0,,0.0,normalDay
2021-09-02,9089.0,37.0,0.0,0,453.19,0.0,1,2.72,2.35,SPY211001P00433000,433.0,0,0.0,0.0,,0.0,normalDay
2021-09-03,9089.0,44.0,0.0,0,453.08,0.0,1,2.72,2.28,SPY211001P00433000,433.0,0,0.0,0.0,,0.0,normalDay
2021-09-07,9089.0,23.0,0.0,0,451.46,0.0,1,2.72,2.49,SPY211001P00433000,433.0,0,0.0,0.0,,0.0,normalDay
2021-09-08,9089.0,28.0,0.0,0,450.91,0.0,1,2.72,2.44,SPY211001P00433000,433.0,0,0.0,0.0,,0.0,normalDay
2021-09-09,9089.0,-19.0,0.0,0,448.98,0.0,1,2.72,2.91,SPY211001P00433000,433.0,0,0.0,0.0,,0.0,normalDay
2021-09-10,9089.0,-113.0,0.0,0,445.44,0.0,1,2.72,3.85,SPY211001P00433000,433.0,0,0.0,0.0,,0.0,normalDay
2021-09-13,9089.0,-18.0,0.0,0,446.58,0.0,1,2.72,2.9,SPY211001P00433000,433.0,0,0.0,0.0,,0.0,normalDay
2021-09-14,9089.0,-54.0,0.0,0,444.17,0.0,1,2.72,3.26,SPY211001P00433000,433.0,0,0.0,0.0,,0.0,normalDay
2021-09-15,9089.0,72.0,0.0,0,447.88,0.0,1,2.72,2.0,SPY211001P00433000,433.0,0,0.0,0.0,,0.0,normalDay
2021-09-16,9089.0,65.0,0.0,0,447.17,0.0,1,2.72,2.07,SPY211001P00433000,433.0,0,0.0,0.0,,0.0,normalDay
2021-09-17,9089.0,-41.0,0.0,0,441.4,0.0,1,2.72,3.13,SPY211001P00433000,433.0,0,0.0,0.0,,0.0,normalDay
2021-09-20,9089.0,-346.0,0.0,0,434.04,0.0,1,2.72,6.18,SPY211001P00433000,433.0,0,0.0,0.0,,0.0,normalDay
2021-09-21,9089.0,-310.0,0.0,0,433.63,0.0,1,2.72,5.82,SPY211001P00433000,433.0,0,0.0,0.0,,0.0,normalDay
2021-09-22,9089.0,-27.0,0.0,0,437.86,0.0,1,2.72,2.99,SPY211001P00433000,433.0,0,0.0,0.0,,0.0,normalDay
2021-09-23,9089.0,144.0,0.0,0,443.18,0.0,1,2.72,1.28,SPY211001P00433000,433.0,0,0.0,0.0,,0.0,normalDay
2021-09-24,9089.0,190.0,0.0,0,443.91,0.0,1,2.72,0.82,SPY211001P00433000,433.0,0,0.0,0.0,,0.0,normalDay
2021-09-27,9089.0,211.0,0.0,0,442.64,0.0,1,2.72,0.61,SPY211001P00433000,433.0,0,0.0,0.0,,0.0,normalDay
2021-09-28,9089.0,-47.0,0.0,0,433.72,0.0,1,2.72,3.19,SPY211001P00433000,433.0,0,0.0,0.0,,0.0,normalDay
2021-09-29,9089.0,64.0,0.0,0,434.45,0.0,1,2.72,2.08,SPY211001P00433000,433.0,0,0.0,0.0,,0.0,normalDay
2021-09-30,9089.0,-128.0,0.0,0,429.14,0.0,1,2.72,4.0,SPY211001P00433000,433.0,0,0.0,0.0,,0.0,normalDay
2021-10-01,9361.0,0.0,272.0,0,434.24,0.0,1,2.72,0.0,SPY211001P00433000,433.0,0,0.0,0.0,,0.0,expirationDay
2021-10-04,9361.0,-8.0,0.0,0,428.64,0.0,1,6.89,6.97,SPY211105P00419000,419.0,0,0.0,0.0,,0.0,normalDay
2021-10-05,9361.0,164.0,0.0,0,433.1,0.0,1,6.89,5.25,SPY211105P00419000,419.0,0,0.0,0.0,,0.0,normalDay
2021-10-06,9361.0,218.0,0.0,0,434.9,0.0,1,6.89,4.71,SPY211105P00419000,419.0,0,0.0,0.0,,0.0,normalDay
2021-10-07,9361.0,353.0,0.0,0,438.66,0.0,1,6.89,3.36,SPY211105P00419000,419.0,0,0.0,0.0,,0.0,normalDay
2021-10-08,9361.0,361.0,0.0,0,437.86,0.0,1,6.89,3.28,SPY211105P00419000,419.0,0,0.0,0.0,,0.0,normalDay
2021-10-11,9361.0,313.0,0.0,0,434.69,0.0,1,6.89,3.76,SPY211105P00419000,419.0,0,0.0,0.0,,0.0,normalDay
2021-10-12,9361.0,305.0,0.0,0,433.62,0.0,1,6.89,3.84,SPY211105P00419000,419.0,0,0.0,0.0,,0.0,normalDay
2021-10-13,9361.0,410.0,0.0,0,435.18,0.0,1,6.89,2.79,SPY211105P00419000,419.0,0,0.0,0.0,,0.0,normalDay
2021-10-14,9361.0,546.0,0.0,0,442.5,0.0,1,6.89,1.43,SPY211105P00419000,419.0,0,0.0,0.0,,0.0,normalDay
2021-10-15,9361.0,586.0,0.0,0,445.87,0.0,1,6.89,1.03,SPY211105P00419000,419.0,0,0.0,0.0,,0.0,normalDay
2021-10-18,9361.0,613.0,0.0,0,447.19,0.0,1,6.89,0.76,SPY211105P00419000,419.0,0,0.0,0.0,,0.0,normalDay
2021-10-19,9361.0,637.0,0.0,0,450.64,0.0,1,6.89,0.52,SPY211105P00419000,419.0,0,0.0,0.0,,0.0,normalDay
2021-10-20,9361.0,646.0,0.0,0,452.41,0.0,1,6.89,0.43,SPY211105P00419000,419.0,0,0.0,0.0,,0.0,normalDay
2021-10-21,9361.0,658.0,0.0,0,453.59,0.0,1,6.89,0.31,SPY211105P00419000,419.0,0,0.0,0.0,,0.0,normalDay
2021-10-22,9361.0,659.0,0.0,0,453.12,0.0,1,6.89,0.3,SPY211105P00419000,419.0,0,0.0,0.0,,0.0,normalDay
2021-10-25,9361.0,670.0,0.0,0,455.55,0.0,1,6.89,0.19,SPY211105P00419000,419.0,0,0.0,0.0,,0.0,normalDay
2021-10-26,9361.0,668.0,0.0,0,455.96,0.0,1,6.89,0.21,SPY211105P00419000,419.0,0,0.0,0.0,,0.0,normalDay
2021-10-27,9361.0,668.0,0.0,0,453.94,0.0,1,6.89,0.21,SPY211105P00419000,419.0,0,0.0,0.0,,0.0,normalDay
2021-10-28,9361.0,676.0,0.0,0,458.32,0.0,1,6.89,0.13,SPY211105P00419000,419.0,0,0.0,0.0,,0.0,normalDay
2021-10-29,9361.0,682.0,0.0,0,459.25,0.0,1,6.89,0.07,SPY211105P00419000,419.0,0,0.0,0.0,,0.0,normalDay
2021-11-01,9361.0,685.0,0.0,0,460.04,0.0,1,6.89,0.04,SPY211105P00419000,419.0,0,0.0,0.0,,0.0,normalDay
2021-11-02,9361.0,686.0,0.0,0,461.9,0.0,1,6.89,0.03,SPY211105P00419000,419.0,0,0.0,0.0,,0.0,normalDay
2021-11-03,9361.0,687.0,0.0,0,464.72,0.0,1,6.89,0.02,SPY211105P00419000,419.0,0,0.0,0.0,,0.0,normalDay
2021-11-04,9361.0,688.0,0.0,0,466.91,0.0,1,6.89,0.01,SPY211105P00419000,419.0,0,0.0,0.0,,0.0,normalDay
2021-11-05,10050.0,0.0,689.0,0,468.53,0.0,1,6.89,0.0,SPY211105P00419000,419.0,0,0.0,0.0,,0.0,expirationDay
2021-11-08,10050.0,-3.0,0.0,0,468.93,0.0,1,1.23,1.26,SPY211210P00424000,424.0,0,0.0,0.0,,0.0,normalDay
2021-11-09,10050.0,-10.0,0.0,0,467.38,0.0,1,1.23,1.33,SPY211210P00424000,424.0,0,0.0,0.0,,0.0,normalDay
2021-11-10,10050.0,-36.0,0.0,0,463.62,0.0,1,1.23,1.59,SPY211210P00424000,424.0,0,0.0,0.0,,0.0,normalDay
2021-11-11,10050.0,-1.0,0.0,0,463.77,0.0,1,1.23,1.24,SPY211210P00424000,424.0,0,0.0,0.0,,0.0,normalDay
2021-11-12,10050.0,37.0,0.0,0,467.27,0.0,1,1.23,0.86,SPY211210P00424000,424.0,0,0.0,0.0,,0.0,normalDay
2021-11-15,10050.0,51.0,0.0,0,467.43,0.0,1,1.23,0.72,SPY211210P00424000,424.0,0,0.0,0.0,,0.0,normalDay
2021-11-16,10050.0,62.0,0.0,0,469.28,0.0,1,1.23,0.61,SPY211210P00424000,424.0,0,0.0,0.0,,0.0,normalDay
2021-11-17,10050.0,57.0,0.0,0,468.14,0.0,1,1.23,0.66,SPY211210P00424000,424.0,0,0.0,0.0,,0.0,normalDay
2021-11-18,10050.0,61.0,0.0,0,469.73,0.0,1,1.23,0.62,SPY211210P00424000,424.0,0,0.0,0.0,,0.0,normalDay
2021-11-19,10050.0,56.0,0.0,0,468.89,0.0,1,1.23,0.67,SPY211210P00424000,424.0,0,0.0,0.0,,0.0,normalDay
2021-11-22,10050.0,56.0,0.0,0,467.57,0.0,1,1.23,0.67,SPY211210P00424000,424.0,0,0.0,0.0,,0.0,normalDay
2021-11-23,10050.0,59.0,0.0,0,468.19,0.0,1,1.23,0.64,SPY211210P00424000,424.0,0,0.0,0.0,,0.0,normalDay
2021-11-24,10050.0,73.0,0.0,0,469.44,0.0,1,1.23,0.5,SPY211210P00424000,424.0,0,0.0,0.0,,0.0,normalDay
2021-11-26,10050.0,-133.0,0.0,0,458.97,0.0,1,1.23,2.56,SPY211210P00424000,424.0,0,0.0,0.0,,0.0,normalDay
2021-11-29,10050.0,61.0,0.0,0,464.6,0.0,1,1.23,0.62,SPY211210P00424000,424.0,0,0.0,0.0,,0.0,normalDay
2021-11-30,10050.0,-5.0,0.0,0,455.56,0.0,1,1.23,1.28,SPY211210P00424000,424.0,0,0.0,0.0,,0.0,normalDay
2021-12-01,10050.0,-97.0,0.0,0,450.5,0.0,1,1.23,2.2,SPY211210P00424000,424.0,0,0.0,0.0,,0.0,normalDay
2021-12-02,10050.0,32.0,0.0,0,457.4,0.0,1,1.23,0.91,SPY211210P00424000,424.0,0,0.0,0.0,,0.0,normalDay
2021-12-03,10050.0,-3.0,0.0,0,453.42,0.0,1,1.23,1.26,SPY211210P00424000,424.0,0,0.0,0.0,,0.0,normalDay
2021-12-06,10050.0,97.0,0.0,0,458.79,0.0,1,1.23,0.26,SPY211210P00424000,424.0,0,0.0,0.0,,0.0,normalDay
2021-12-07,10050.0,116.0,0.0,0,468.28,0.0,1,1.23,0.07,SPY211210P00424000,424.0,0,0.0,0.0,,0.0,normalDay
2021-12-08,10050.0,121.0,0.0,0,469.52,0.0,1,1.23,0.02,SPY211210P00424000,424.0,0,0.0,0.0,,0.0,normalDay
2021-12-09,10050.0,121.0,0.0,0,466.35,0.0,1,1.23,0.02,SPY211210P00424000,424.0,0,0.0,0.0,,0.0,normalDay
2021-12-10,10173.0,0.0,123.0,0,470.74,0.0,1,1.23,0.0,SPY211210P00424000,424.0,0,0.0,0.0,,0.0,expirationDay
2021-12-13,10173.0,-5.0,0.0,0,466.57,0.0,1,4.24,4.29,SPY220114P00446000,446.0,0,0.0,0.0,,0.0,normalDay
2021-12-14,10173.0,-99.0,0.0,0,463.36,0.0,1,4.24,5.23,SPY220114P00446000,446.0,0,0.0,0.0,,0.0,normalDay
2021-12-15,10173.0,117.0,0.0,0,470.6,0.0,1,4.24,3.07,SPY220114P00446000,446.0,0,0.0,0.0,,0.0,normalDay
2021-12-16,10173.0,36.0,0.0,0,466.45,0.0,1,4.24,3.88,SPY220114P00446000,446.0,0,0.0,0.0,,0.0,normalDay
2021-12-17,10173.0,-90.0,0.0,0,459.87,0.0,1,4.24,5.14,SPY220114P00446000,446.0,0,0.0,0.0,,0.0,normalDay
2021-12-20,10173.0,-217.0,0.0,0,454.98,0.0,1,4.24,6.41,SPY220114P00446000,446.0,0,0.0,0.0,,0.0,normalDay
2021-12-21,10173.0,37.0,0.0,0,463.06,0.0,1,4.24,3.87,SPY220114P00446000,446.0,0,0.0,0.0,,0.0,normalDay
2021-12-22,10173.0,191.0,0.0,0,467.69,0.0,1,4.24,2.33,SPY220114P00446000,446.0,0,0.0,0.0,,0.0,normalDay
2021-12-23,10173.0,257.0,0.0,0,470.6,0.0,1,4.24,1.67,SPY220114P00446000,446.0,0,0.0,0.0,,0.0,normalDay
2021-12-27,10173.0,339.0,0.0,0,477.26,0.0,1,4.24,0.85,SPY220114P00446000,446.0,0,0.0,0.0,,0.0,normalDay
2021-12-28,10173.0,345.0,0.0,0,476.87,0.0,1,4.24,0.79,SPY220114P00446000,446.0,0,0.0,0.0,,0.0,normalDay
2021-12-29,10173.0,368.0,0.0,0,477.48,0.0,1,4.24,0.56,SPY220114P00446000,446.0,0,0.0,0.0,,0.0,normalDay
2021-12-30,10173.0,361.0,0.0,0,476.16,0.0,1,4.24,0.63,SPY220114P00446000,446.0,0,0.0,0.0,,0.0,normalDay
2021-12-31,10173.0,372.0,0.0,0,474.96,0.0,1,4.24,0.52,SPY220114P00446000,446.0,0,0.0,0.0,,0.0,normalDay
2022-01-03,10173.0,398.0,0.0,0,477.71,0.0,1,4.24,0.26,SPY220114P00446000,446.0,0,0.0,0.0,,0.0,normalDay
2022-01-04,10173.0,400.0,0.0,0,477.55,0.0,1,4.24,0.24,SPY220114P00446000,446.0,0,0.0,0.0,,0.0,normalDay
2022-01-05,10173.0,347.0,0.0,0,468.38,0.0,1,4.24,0.77,SPY220114P00446000,446.0,0,0.0,0.0,,0.0,normalDay
2022-01-06,10173.0,371.0,0.0,0,467.94,0.0,1,4.24,0.53,SPY220114P00446000,446.0,0,0.0,0.0,,0.0,normalDay
2022-01-07,10173.0,398.0,0.0,0,466.09,0.0,1,4.24,0.26,SPY220114P00446000,446.0,0,0.0,0.0,,0.0,normalDay
2022-01-10,10173.0,396.0,0.0,0,465.51,0.0,1,4.24,0.28,SPY220114P00446000,446.0,0,0.0,0.0,,0.0,normalDay
2022-01-11,10173.0,414.0,0.0,0,469.75,0.0,1,4.24,0.1,SPY220114P00446000,446.0,0,0.0,0.0,,0.0,normalDay
2022-01-12,10173.0,421.0,0.0,0,471.02,0.0,1,4.24,0.03,SPY220114P00446000,446.0,0,0.0,0.0,,0.0,normalDay
2022-01-13,10173.0,420.0,0.0,0,464.53,0.0,1,4.24,0.04,SPY220114P00446000,446.0,0,0.0,0.0,,0.0,normalDay
2022-01-14,10597.0,0.0,424.0,0,464.72,0.0,1,4.24,0.0,SPY220114P00446000,446.0,0,0.0,0.0,,0.0,expirationDay
2022-01-18,10597.0,-4.0,0.0,0,456.49,0.0,1,8.03,8.07,SPY220218P00449000,449.0,0,0.0,0.0,,0.0,normalDay
2022-01-19,10597.0,-143.0,0.0,0,451.75,0.0,1,8.03,9.46,SPY220218P00449000,449.0,0,0.0,0.0,,0.0,normalDay
2022-01-20,10597.0,-407.0,0.0,0,446.75,0.0,1,8.03,12.1,SPY220218P00449000,449.0,0,0.0,0.0,,0.0,normalDay
2022-01-21,10597.0,-927.0,0.0,0,437.98,0.0,1,8.03,17.3,SPY220218P00449000,449.0,0,0.0,0.0,,0.0,normalDay
2022-01-24,10597.0,-883.0,0.0,0,439.84,0.0,1,8.03,16.86,SPY220218P00449000,449.0,0,0.0,0.0,,0.0,normalDay
2022-01-25,10597.0,-1258.0,0.0,0,434.47,0.0,1,8.03,20.61,SPY220218P00449000,449.0,0,0.0,0.0,,0.0,normalDay
2022-01-26,10597.0,-1247.0,0.0,0,433.38,0.0,1,8.03,20.5,SPY220218P00449000,449.0,0,0.0,0.0,,0.0,normalDay
2022-01-27,10597.0,-1280.0,0.0,0,431.24,0.0,1,8.03,20.83,SPY220218P00449000,449.0,0,0.0,0.0,,0.0,normalDay
2022-01-28,10597.0,-549.0,0.0,0,441.95,0.0,1,8.03,13.52,SPY220218P00449000,449.0,0,0.0,0.0,,0.0,normalDay
2022-01-31,10597.0,-51.0,0.0,0,449.91,0.0,1,8.03,8.54,SPY220218P00449000,449.0,0,0.0,0.0,,0.0,normalDay
2022-02-01,10597.0,235.0,0.0,0,452.95,0.0,1,8.03,5.68,SPY220218P00449000,449.0,0,0.0,0.0,,0.0,normalDay
2022-02-02,10597.0,327.0,0.0,0,457.35,0.0,1,8.03,4.76,SPY220218P00449000,449.0,0,0.0,0.0,,0.0,normalDay
2022-02-03,10597.0,56.0,0.0,0,446.6,0.0,1,8.03,7.47,SPY220218P00449000,449.0,0,0.0,0.0,,0.0,normalDay
2022-02-04,10597.0,43.0,0.0,0,448.7,0.0,1,8.03,7.6,SPY220218P00449000,449.0,0,0.0,0.0,,0.0,normalDay
2022-02-07,10597.0,125.0,0.0,0,447.26,0.0,1,8.03,6.78,SPY220218P00449000,449.0,0,0.0,0.0,,0.0,normalDay
2022-02-08,10597.0,346.0,0.0,0,450.94,0.0,1,8.03,4.57,SPY220218P00449000,449.0,0,0.0,0.0,,0.0,normalDay
2022-02-09,10597.0,568.0,0.0,0,457.54,0.0,1,8.03,2.35,SPY220218P00449000,449.0,0,0.0,0.0,,0.0,normalDay
2022-02-10,10597.0,219.0,0.0,0,449.32,0.0,1,8.03,5.84,SPY220218P00449000,449.0,0,0.0,0.0,,0.0,normalDay
2022-02-11,10597.0,-279.0,0.0,0,440.46,0.0,1,8.03,10.82,SPY220218P00449000,449.0,0,0.0,0.0,,0.0,normalDay
2022-02-14,10597.0,-312.0,0.0,0,439.02,0.0,1,8.03,11.15,SPY220218P00449000,449.0,0,0.0,0.0,,0.0,normalDay
2022-02-15,10597.0,198.0,0.0,0,446.1,0.0,1,8.03,6.05,SPY220218P00449000,449.0,0,0.0,0.0,,0.0,normalDay
2022-02-16,10597.0,365.0,0.0,0,446.6,0.0,1,8.03,4.38,SPY220218P00449000,449.0,0,0.0,0.0,,0.0,normalDay
2022-02-17,10597.0,-416.0,0.0,0,437.06,0.0,1,8.03,12.19,SPY220218P00449000,449.0,0,0.0,0.0,,0.0,normalDay
2022-02-18,11400.0,-1477.0,803.0,100,434.23,449.0,1,8.03,0.0,SPY220218P00449000,449.0,0,0.0,0.0,,0.0,expirationDay
2022-02-22,11400.0,-2047.0,0.0,100,429.57,449.0,0,0.0,0.0,,0.0,1,19.6,20.64,SPY220930C00447000,447.0,normalDay
2022-02-23,11400.0,-2446.0,0.0,100,421.95,449.0,0,0.0,0.0,,0.0,1,19.6,17.01,SPY220930C00447000,447.0,normalDay
2022-02-24,11400.0,-1972.0,0.0,100,428.3,449.0,0,0.0,0.0,,0.0,1,19.6,18.62,SPY220930C00447000,447.0,normalDay
2022-02-25,11400.0,-1516.0,0.0,100,437.75,449.0,0,0.0,0.0,,0.0,1,19.6,23.51,SPY220930C00447000,447.0,normalDay
2022-02-28,11400.0,-1609.0,0.0,100,436.63,449.0,0,0.0,0.0,,0.0,1,19.6,23.32,SPY220930C00447000,447.0,normalDay
2022-03-01,11400.0,-2116.0,0.0,100,429.98,449.0,0,0.0,0.0,,0.0,1,19.6,21.74,SPY220930C00447000,447.0,normalDay
2022-03-02,11400.0,-1610.0,0.0,100,437.89,449.0,0,0.0,0.0,,0.0,1,19.6,24.59,SPY220930C00447000,447.0,normalDay
2022-03-03,11400.0,-1760.0,0.0,100,435.71,449.0,0,0.0,0.0,,0.0,1,19.6,23.91,SPY220930C00447000,447.0,normalDay
2022-03-04,11400.0,-1943.0,0.0,100,432.17,449.0,0,0.0,0.0,,0.0,1,19.6,22.2,SPY220930C00447000,447.0,normalDay
2022-03-07,11400.0,-2722.0,0.0,100,419.43,449.0,0,0.0,0.0,,0.0,1,19.6,17.25,SPY220930C00447000,447.0,normalDay
2022-03-08,11400.0,-2881.0,0.0,100,416.25,449.0,0,0.0,0.0,,0.0,1,19.6,15.66,SPY220930C00447000,447.0,normalDay
2022-03-09,11400.0,-2310.0,0.0,100,427.41,449.0,0,0.0,0.0,,0.0,1,19.6,21.11,SPY220930C00447000,447.0,normalDay
2022-03-10,11400.0,-2247.0,0.0,100,425.48,449.0,0,0.0,0.0,,0.0,1,19.6,18.55,SPY220930C00447000,447.0,normalDay
2022-03-11,11400.0,-2580.0,0.0,100,420.07,449.0,0,0.0,0.0,,0.0,1,19.6,16.47,SPY220930C00447000,447.0,normalDay
2022-03-14,11400.0,-2799.0,0.0,100,417.0,449.0,0,0.0,0.0,,0.0,1,19.6,15.59,SPY220930C00447000,447.0,normalDay
2022-03-15,11400.0,-2189.0,0.0,100,426.17,449.0,0,0.0,0.0,,0.0,1,19.6,18.66,SPY220930C00447000,447.0,normalDay
2022-03-16,11400.0,-1555.0,0.0,100,435.62,449.0,0,0.0,0.0,,0.0,1,19.6,21.77,SPY220930C00447000,447.0,normalDay
2022-03-17,11400.0,-1222.0,0.0,100,441.07,449.0,0,0.0,0.0,,0.0,1,19.6,23.89,SPY220930C00447000,447.0,normalDay
2022-03-18,11400.0,-1136.0,0.0,100,444.52,449.0,0,0.0,0.0,,0.0,1,19.6,26.48,SPY220930C00447000,447.0,normalDay
2022-03-21,11400.0,-1112.0,0.0,100,444.39,449.0,0,0.0,0.0,,0.0,1,19.6,26.11,SPY220930C00447000,447.0,normalDay
2022-03-22,11400.0,-850.0,0.0,100,449.59,449.0,0,0.0,0.0,,0.0,1,19.6,28.69,SPY220930C00447000,447.0,normalDay
2022-03-23,11400.0,-1095.0,0.0,100,443.8,449.0,0,0.0,0.0,,0.0,1,19.6,25.35,SPY220930C00447000,447.0,normalDay
2022-03-24,11400.0,-799.0,0.0,100,450.49,449.0,0,0.0,0.0,,0.0,1,19.6,29.08,SPY220930C00447000,447.0,normalDay
2022-03-25,11400.0,-694.0,0.0,100,452.69,449.0,0,0.0,0.0,,0.0,1,19.6,30.23,SPY220930C00447000,447.0,normalDay
2022-03-28,11400.0,-570.0,0.0,100,455.91,449.0,0,0.0,0.0,,0.0,1,19.6,32.21,SPY220930C00447000,447.0,normalDay
2022-03-29,11400.0,-305.0,0.0,100,461.55,449.0,0,0.0,0.0,,0.0,1,19.6,35.2,SPY220930C00447000,447.0,normalDay
2022-03-30,11400.0,-474.0,0.0,100,458.7,449.0,0,0.0,0.0,,0.0,1,19.6,34.04,SPY220930C00447000,447.0,normalDay
2022-03-31,11400.0,-763.0,0.0,100,451.64,449.0,0,0.0,0.0,,0.0,1,19.6,29.87,SPY220930C00447000,447.0,normalDay
2022-04-01,11400.0,-610.0,0.0,100,452.92,449.0,0,0.0,0.0,,0.0,1,19.6,29.62,SPY220930C00447000,447.0,normalDay
2022-04-04,11400.0,-449.0,0.0,100,456.8,449.0,0,0.0,0.0,,0.0,1,19.6,31.89,SPY220930C00447000,447.0,normalDay
2022-04-05,11400.0,-761.0,0.0,100,451.03,449.0,0,0.0,0.0,,0.0,1,19.6,29.24,SPY220930C00447000,447.0,normalDay
2022-04-06,11400.0,-904.0,0.0,100,446.52,449.0,0,0.0,0.0,,0.0,1,19.6,26.16,SPY220930C00447000,447.0,normalDay
2022-04-07,11400.0,-796.0,0.0,100,448.77,449.0,0,0.0,0.0,,0.0,1,19.6,27.33,SPY220930C00447000,447.0,normalDay
2022-04-08,11400.0,-826.0,0.0,100,447.57,449.0,0,0.0,0.0,,0.0,1,19.6,26.43,SPY220930C00447000,447.0,normalDay
2022-04-11,11400.0,-1178.0,0.0,100,439.92,449.0,0,0.0,0.0,,0.0,1,19.6,22.3,SPY220930C00447000,447.0,normalDay
2022-04-12,11400.0,-1261.0,0.0,100,438.29,449.0,0,0.0,0.0,,0.0,1,19.6,21.5,SPY220930C00447000,447.0,normalDay
2022-04-13,11400.0,-930.0,0.0,100,443.31,449.0,0,0.0,0.0,,0.0,1,19.6,23.21,SPY220930C00447000,447.0,normalDay
2022-04-14,11400.0,-1214.0,0.0,100,437.79,449.0,0,0.0,0.0,,0.0,1,19.6,20.53,SPY220930C00447000,447.0,normalDay
2022-04-18,11400.0,-1226.0,0.0,100,437.97,449.0,0,0.0,0.0,,0.0,1,19.6,20.83,SPY220930C00447000,447.0,normalDay
2022-04-19,11400.0,-721.0,0.0,100,445.04,449.0,0,0.0,0.0,,0.0,1,19.6,22.85,SPY220930C00447000,447.0,normalDay
2022-04-20,11400.0,-849.0,0.0,100,444.71,449.0,0,0.0,0.0,,0.0,1,19.6,23.8,SPY220930C00447000,447.0,normalDay
2022-04-21,11400.0,-1134.0,0.0,100,438.06,449.0,0,0.0,0.0,,0.0,1,19.6,20.0,SPY220930C00447000,447.0,normalDay
2022-04-22,11400.0,-1847.0,0.0,100,426.04,449.0,0,0.0,0.0,,0.0,1,19.6,15.11,SPY220930C00447000,447.0,normalDay
2022-04-25,11400.0,-1705.0,0.0,100,428.51,449.0,0,0.0,0.0,,0.0,1,19.6,16.16,SPY220930C00447000,447.0,normalDay
2022-04-26,11400.0,-2500.0,0.0,100,416.1,449.0,0,0.0,0.0,,0.0,1,19.6,11.7,SPY220930C00447000,447.0,normalDay
2022-04-27,11400.0,-2461.0,0.0,100,417.27,449.0,0,0.0,0.0,,0.0,1,19.6,12.48,SPY220930C00447000,447.0,normalDay
2022-04-28,11400.0,-1686.0,0.0,100,427.81,449.0,0,0.0,0.0,,0.0,1,19.6,15.27,SPY220930C00447000,447.0,normalDay
2022-04-29,11400.0,-2791.0,0.0,100,412.0,449.0,0,0.0,0.0,,0.0,1,19.6,10.51,SPY220930C00447000,447.0,normalDay
2022-05-02,11400.0,-2575.0,0.0,100,414.48,449.0,0,0.0,0.0,,0.0,1,19.6,10.83,SPY220930C00447000,447.0,normalDay
2022-05-03,11400.0,-2380.0,0.0,100,416.38,449.0,0,0.0,0.0,,0.0,1,19.6,10.78,SPY220930C00447000,447.0,normalDay
2022-05-04,11400.0,-1504.0,0.0,100,429.06,449.0,0,0.0,0.0,,0.0,1,19.6,14.7,SPY220930C00447000,447.0,normalDay
2022-05-05,11400.0,-2586.0,0.0,100,413.81,449.0,0,0.0,0.0,,0.0,1,19.6,10.27,SPY220930C00447000,447.0,normalDay
2022-05-06,11400.0,-2704.0,0.0,100,411.34,449.0,0,0.0,0.0,,0.0,1,19.6,8.98,SPY220930C00447000,447.0,normalDay
2022-05-09,11400.0,-3767.0,0.0,100,398.17,449.0,0,0.0,0.0,,0.0,1,19.6,6.44,SPY220930C00447000,447.0,normalDay
2022-05-10,11400.0,-3639.0,0.0,100,399.09,449.0,0,0.0,0.0,,0.0,1,19.6,6.08,SPY220930C00447000,447.0,normalDay
2022-05-11,11400.0,-4162.0,0.0,100,392.75,449.0,0,0.0,0.0,,0.0,1,19.6,4.97,SPY220930C00447000,447.0,normalDay
2022-05-12,11400.0,-4141.0,0.0,100,392.34,449.0,0,0.0,0.0,,0.0,1,19.6,4.35,SPY220930C00447000,447.0,normalDay
2022-05-13,11400.0,-3307.0,0.0,100,401.72,449.0,0,0.0,0.0,,0.0,1,19.6,5.39,SPY220930C00447000,447.0,normalDay
2022-05-16,11400.0,-3423.0,0.0,100,400.09,449.0,0,0.0,0.0,,0.0,1,19.6,4.92,SPY220930C00447000,447.0,normalDay
2022-05-17,11400.0,-2775.0,0.0,100,408.32,449.0,0,0.0,0.0,,0.0,1,19.6,6.67,SPY220930C00447000,447.0,normalDay
2022-05-18,11400.0,-4098.0,0.0,100,391.86,449.0,0,0.0,0.0,,0.0,1,19.6,3.44,SPY220930C00447000,447.0,normalDay
2022-05-19,11400.0,-4275.0,0.0,100,389.46,449.0,0,0.0,0.0,,0.0,1,19.6,2.81,SPY220930C00447000,447.0,normalDay
2022-05-20,11400.0,-4266.0,0.0,100,389.63,449.0,0,0.0,0.0,,0.0,1,19.6,2.89,SPY220930C00447000,447.0,normalDay
2022-05-23,11400.0,-3672.0,0.0,100,396.92,449.0,0,0.0,0.0,,0.0,1,19.6,4.24,SPY220930C00447000,447.0,normalDay
2022-05-24,11400.0,-3933.0,0.0,100,393.89,449.0,0,0.0,0.0,,0.0,1,19.6,3.82,SPY220930C00447000,447.0,normalDay
2022-05-25,11400.0,-3617.0,0.0,100,397.37,449.0,0,0.0,0.0,,0.0,1,19.6,4.14,SPY220930C00447000,447.0,normalDay
2022-05-26,11400.0,-2971.0,0.0,100,405.31,449.0,0,0.0,0.0,,0.0,1,19.6,5.62,SPY220930C00447000,447.0,normalDay
2022-05-27,11400.0,-2224.0,0.0,100,415.26,449.0,0,0.0,0.0,,0.0,1,19.6,8.1,SPY220930C00447000,447.0,normalDay
2022-05-31,11400.0,-2328.0,0.0,100,412.93,449.0,0,0.0,0.0,,0.0,1,19.6,6.81,SPY220930C00447000,447.0,normalDay
2022-06-01,11400.0,-2549.0,0.0,100,409.59,449.0,0,0.0,0.0,,0.0,1,19.6,5.68,SPY220930C00447000,447.0,normalDay
2022-06-02,11400.0,-1974.0,0.0,100,417.39,449.0,0,0.0,0.0,,0.0,1,19.6,7.73,SPY220930C00447000,447.0,normalDay
2022-06-03,11400.0,-2463.0,0.0,100,410.54,449.0,0,0.0,0.0,,0.0,1,19.6,5.77,SPY220930C00447000,447.0,normalDay
2022-06-06,11400.0,-2341.0,0.0,100,411.79,449.0,0,0.0,0.0,,0.0,1,19.6,5.8,SPY220930C00447000,447.0,normalDay
2022-06-07,11400.0,-2025.0,0.0,100,415.74,449.0,0,0.0,0.0,,0.0,1,19.6,6.59,SPY220930C00447000,447.0,normalDay
2022-06-08,11400.0,-2355.0,0.0,100,411.22,449.0,0,0.0,0.0,,0.0,1,19.6,5.37,SPY220930C00447000,447.0,normalDay
2022-06-09,11400.0,-3155.0,0.0,100,401.44,449.0,0,0.0,0.0,,0.0,1,19.6,3.59,SPY220930C00447000,447.0,normalDay
2022-06-10,11400.0,-4180.0,0.0,100,389.8,449.0,0,0.0,0.0,,0.0,1,19.6,2.2,SPY220930C00447000,447.0,normalDay
2022-06-13,11400.0,-5563.0,0.0,100,375.0,449.0,0,0.0,0.0,,0.0,1,19.6,1.23,SPY220930C00447000,447.0,normalDay
2022-06-14,11400.0,-5651.0,0.0,100,373.87,449.0,0,0.0,0.0,,0.0,1,19.6,0.98,SPY220930C00447000,447.0,normalDay
2022-06-15,11400.0,-5136.0,0.0,100,379.2,449.0,0,0.0,0.0,,0.0,1,19.6,1.16,SPY220930C00447000,447.0,normalDay
2022-06-16,11400.0,-6351.0,0.0,100,366.65,449.0,0,0.0,0.0,,0.0,1,19.6,0.76,SPY220930C00447000,447.0,normalDay
2022-06-17,11400.0,-6426.0,0.0,100,365.86,449.0,0,0.0,0.0,,0.0,1,19.6,0.72,SPY220930C00447000,447.0,normalDay
2022-06-21,11400.0,-5529.0,0.0,100,375.07,449.0,0,0.0,0.0,,0.0,1,19.6,0.96,SPY220930C00447000,447.0,normalDay
2022-06-22,11400.0,-5592.0,0.0,100,374.39,449.0,0,0.0,0.0,,0.0,1,19.6,0.91,SPY220930C00447000,447.0,normalDay
2022-06-23,11400.0,-5230.0,0.0,100,378.06,449.0,0,0.0,0.0,,0.0,1,19.6,0.96,SPY220930C00447000,447.0,normalDay
2022-06-24,11400.0,-4102.0,0.0,100,390.08,449.0,0,0.0,0.0,,0.0,1,19.6,1.7,SPY220930C00447000,447.0,normalDay
2022-06-27,11400.0,-4231.0,0.0,100,388.59,449.0,0,0.0,0.0,,0.0,1,19.6,1.5,SPY220930C00447000,447.0,normalDay
2022-06-28,11400.0,-4968.0,0.0,100,380.65,449.0,0,0.0,0.0,,0.0,1,19.6,0.93,SPY220930C00447000,447.0,normalDay
2022-06-29,11400.0,-4997.0,0.0,100,380.34,449.0,0,0.0,0.0,,0.0,1,19.6,0.91,SPY220930C00447000,447.0,normalDay
2022-06-30,11400.0,-5287.0,0.0,100,377.25,449.0,0,0.0,0.0,,0.0,1,19.6,0.72,SPY220930C00447000,447.0,normalDay
2022-07-01,11400.0,-4889.0,0.0,100,381.24,449.0,0,0.0,0.0,,0.0,1,19.6,0.73,SPY220930C00447000,447.0,normalDay
2022-07-05,11400.0,-4811.0,0.0,100,381.96,449.0,0,0.0,0.0,,0.0,1,19.6,0.67,SPY220930C00447000,447.0,normalDay
2022-07-06,11400.0,-4688.0,0.0,100,383.25,449.0,0,0.0,0.0,,0.0,1,19.6,0.73,SPY220930C00447000,447.0,normalDay
2022-07-07,11400.0,-4136.0,0.0,100,388.99,449.0,0,0.0,0.0,,0.0,1,19.6,0.95,SPY220930C00447000,447.0,normalDay
2022-07-08,11400.0,-4162.0,0.0,100,388.67,449.0,0,0.0,0.0,,0.0,1,19.6,0.89,SPY220930C00447000,447.0,normalDay
2022-07-11,11400.0,-4582.0,0.0,100,384.23,449.0,0,0.0,0.0,,0.0,1,19.6,0.65,SPY220930C00447000,447.0,normalDay
2022-07-12,11400.0,-4905.0,0.0,100,380.83,449.0,0,0.0,0.0,,0.0,1,19.6,0.48,SPY220930C00447000,447.0,normalDay
2022-07-13,11400.0,-5099.0,0.0,100,378.83,449.0,0,0.0,0.0,,0.0,1,19.6,0.42,SPY220930C00447000,447.0,normalDay
2022-07-14,11400.0,-5190.0,0.0,100,377.91,449.0,0,0.0,0.0,,0.0,1,19.6,0.41,SPY220930C00447000,447.0,normalDay
2022-07-15,11400.0,-4480.0,0.0,100,385.13,449.0,0,0.0,0.0,,0.0,1,19.6,0.53,SPY220930C00447000,447.0,normalDay
2022-07-18,11400.0,-4790.0,0.0,100,381.95,449.0,0,0.0,0.0,,0.0,1,19.6,0.45,SPY220930C00447000,447.0,normalDay
2022-07-19,11400.0,-3809.0,0.0,100,392.27,449.0,0,0.0,0.0,,0.0,1,19.6,0.96,SPY220930C00447000,447.0,normalDay
2022-07-20,11400.0,-3573.0,0.0,100,394.77,449.0,0,0.0,0.0,,0.0,1,19.6,1.1,SPY220930C00447000,447.0,normalDay
2022-07-21,11400.0,-3188.0,0.0,100,398.79,449.0,0,0.0,0.0,,0.0,1,19.6,1.27,SPY220930C00447000,447.0,normalDay
2022-07-22,11400.0,-3521.0,0.0,100,395.09,449.0,0,0.0,0.0,,0.0,1,19.6,0.9,SPY220930C00447000,447.0,normalDay
2022-07-25,11400.0,-3465.0,0.0,100,395.57,449.0,0,0.0,0.0,,0.0,1,19.6,0.82,SPY220930C00447000,447.0,normalDay
2022-07-26,11400.0,-3912.0,0.0,100,390.89,449.0,0,0.0,0.0,,0.0,1,19.6,0.61,SPY220930C00447000,447.0,normalDay
2022-07-27,11400.0,-2937.0,0.0,100,401.04,449.0,0,0.0,0.0,,0.0,1,19.6,1.01,SPY220930C00447000,447.0,normalDay
2022-07-28,11400.0,-2480.0,0.0,100,406.07,449.0,0,0.0,0.0,,0.0,1,19.6,1.47,SPY220930C00447000,447.0,normalDay
2022-07-29,11400.0,-1931.0,0.0,100,411.99,449.0,0,0.0,0.0,,0.0,1,19.6,1.9,SPY220930C00447000,447.0,normalDay
2022-08-01,11400.0,-2039.0,0.0,100,410.77,449.0,0,0.0,0.0,,0.0,1,19.6,1.76,SPY220930C00447000,447.0,normalDay
2022-08-02,11400.0,-2275.0,0.0,100,408.06,449.0,0,0.0,0.0,,0.0,1,19.6,1.41,SPY220930C00447000,447.0,normalDay
2022-08-03,11400.0,-1694.0,0.0,100,414.45,449.0,0,0.0,0.0,,0.0,1,19.6,1.99,SPY220930C00447000,447.0,normalDay
2022-08-04,11400.0,-1714.0,0.0,100,414.17,449.0,0,0.0,0.0,,0.0,1,19.6,1.91,SPY220930C00447000,447.0,normalDay
2022-08-05,11400.0,-1744.0,0.0,100,413.47,449.0,0,0.0,0.0,,0.0,1,19.6,1.51,SPY220930C00447000,447.0,normalDay
2022-08-08,11400.0,-1781.0,0.0,100,412.99,449.0,0,0.0,0.0,,0.0,1,19.6,1.4,SPY220930C00447000,447.0,normalDay
2022-08-09,11400.0,-1925.0,0.0,100,411.35,449.0,0,0.0,0.0,,0.0,1,19.6,1.2,SPY220930C00447000,447.0,normalDay
2022-08-10,11400.0,-1145.0,0.0,100,419.99,449.0,0,0.0,0.0,,0.0,1,19.6,2.04,SPY220930C00447000,447.0,normalDay
2022-08-11,11400.0,-1148.0,0.0,100,419.99,449.0,0,0.0,0.0,,0.0,1,19.6,2.07,SPY220930C00447000,447.0,normalDay
2022-08-12,11400.0,-563.0,0.0,100,427.1,449.0,0,0.0,0.0,,0.0,1,19.6,3.33,SPY220930C00447000,447.0,normalDay
2022-08-15,11400.0,-417.0,0.0,100,428.86,449.0,0,0.0,0.0,,0.0,1,19.6,3.63,SPY220930C00447000,447.0,normalDay
2022-08-16,11400.0,-329.0,0.0,100,429.7,449.0,0,0.0,0.0,,0.0,1,19.6,3.59,SPY220930C00447000,447.0,normalDay
2022-08-17,11400.0,-565.0,0.0,100,426.65,449.0,0,0.0,0.0,,0.0,1,19.6,2.9,SPY220930C00447000,447.0,normalDay
2022-08-18,11400.0,-428.0,0.0,100,427.89,449.0,0,0.0,0.0,,0.0,1,19.6,2.77,SPY220930C00447000,447.0,normalDay
2022-08-19,11400.0,-893.0,0.0,100,422.14,449.0,0,0.0,0.0,,0.0,1,19.6,1.67,SPY220930C00447000,447.0,normalDay
2022-08-22,11400.0,-1687.0,0.0,100,413.35,449.0,0,0.0,0.0,,0.0,1,19.6,0.82,SPY220930C00447000,447.0,normalDay
2022-08-23,11400.0,-1771.0,0.0,100,412.35,449.0,0,0.0,0.0,,0.0,1,19.6,0.66,SPY220930C00447000,447.0,normalDay
2022-08-24,11400.0,-1635.0,0.0,100,413.67,449.0,0,0.0,0.0,,0.0,1,19.6,0.62,SPY220930C00447000,447.0,normalDay
2022-08-25,11400.0,-1085.0,0.0,100,419.51,449.0,0,0.0,0.0,,0.0,1,19.6,0.96,SPY220930C00447000,447.0,normalDay
2022-08-26,11400.0,-2438.0,0.0,100,405.31,449.0,0,0.0,0.0,,0.0,1,19.6,0.29,SPY220930C00447000,447.0,normalDay
2022-08-29,11400.0,-2699.0,0.0,100,402.63,449.0,0,0.0,0.0,,0.0,1,19.6,0.22,SPY220930C00447000,447.0,normalDay
2022-08-30,11400.0,-3131.0,0.0,100,398.21,449.0,0,0.0,0.0,,0.0,1,19.6,0.12,SPY220930C00447000,447.0,normalDay
2022-08-31,11400.0,-3432.0,0.0,100,395.18,449.0,0,0.0,0.0,,0.0,1,19.6,0.1,SPY220930C00447000,447.0,normalDay
2022-09-01,11400.0,-3308.0,0.0,100,396.42,449.0,0,0.0,0.0,,0.0,1,19.6,0.1,SPY220930C00447000,447.0,normalDay
2022-09-02,11400.0,-3722.0,0.0,100,392.24,449.0,0,0.0,0.0,,0.0,1,19.6,0.06,SPY220930C00447000,447.0,normalDay
2022-09-06,11400.0,-3870.0,0.0,100,390.76,449.0,0,0.0,0.0,,0.0,1,19.6,0.06,SPY220930C00447000,447.0,normalDay
2022-09-07,11400.0,-3171.0,0.0,100,397.78,449.0,0,0.0,0.0,,0.0,1,19.6,0.09,SPY220930C00447000,447.0,normalDay
2022-09-08,11400.0,-2910.0,0.0,100,400.38,449.0,0,0.0,0.0,,0.0,1,19.6,0.08,SPY220930C00447000,447.0,normalDay
2022-09-09,11400.0,-2290.0,0.0,100,406.6,449.0,0,0.0,0.0,,0.0,1,19.6,0.1,SPY220930C00447000,447.0,normalDay
2022-09-12,11400.0,-1863.0,0.0,100,410.97,449.0,0,0.0,0.0,,0.0,1,19.6,0.2,SPY220930C00447000,447.0,normalDay
2022-09-13,11400.0,-3633.0,0.0,100,393.1,449.0,0,0.0,0.0,,0.0,1,19.6,0.03,SPY220930C00447000,447.0,normalDay
2022-09-14,11400.0,-3483.0,0.0,100,394.6,449.0,0,0.0,0.0,,0.0,1,19.6,0.03,SPY220930C00447000,447.0,normalDay
2022-09-15,11400.0,-3930.0,0.0,100,390.12,449.0,0,0.0,0.0,,0.0,1,19.6,0.02,SPY220930C00447000,447.0,normalDay
2022-09-16,11400.0,-4386.0,0.0,100,385.56,449.0,0,0.0,0.0,,0.0,1,19.6,0.02,SPY220930C00447000,447.0,normalDay
2022-09-19,11400.0,-4087.0,0.0,100,388.55,449.0,0,0.0,0.0,,0.0,1,19.6,0.02,SPY220930C00447000,447.0,normalDay
2022-09-20,11400.0,-4532.0,0.0,100,384.09,449.0,0,0.0,0.0,,0.0,1,19.6,0.01,SPY220930C00447000,447.0,normalDay
2022-09-21,11400.0,-5202.0,0.0,100,377.39,449.0,0,0.0,0.0,,0.0,1,19.6,0.01,SPY220930C00447000,447.0,normalDay
2022-09-22,11400.0,-5519.0,0.0,100,374.22,449.0,0,0.0,0.0,,0.0,1,19.6,0.01,SPY220930C00447000,447.0,normalDay
2022-09-23,11400.0,-6146.0,0.0,100,367.95,449.0,0,0.0,0.0,,0.0,1,19.6,0.01,SPY220930C00447000,447.0,normalDay
2022-09-26,11400.0,-6510.0,0.0,100,364.31,449.0,0,0.0,0.0,,0.0,1,19.6,0.01,SPY220930C00447000,447.0,normalDay
2022-09-27,11400.0,-6603.0,0.0,100,363.38,449.0,0,0.0,0.0,,0.0,1,19.6,0.01,SPY220930C00447000,447.0,normalDay
2022-09-28,11400.0,-5888.0,0.0,100,370.53,449.0,0,0.0,0.0,,0.0,1,19.6,0.01,SPY220930C00447000,447.0,normalDay
2022-09-29,11400.0,-6662.0,0.0,100,362.79,449.0,0,0.0,0.0,,0.0,1,19.6,0.01,SPY220930C00447000,447.0,normalDay
2022-09-30,13360.0,-9182.0,1960.0,100,357.18,449.0,0,0.0,0.0,,0.0,1,19.6,0.0,SPY220930C00447000,447.0,expirationDay
2022-10-03,13360.0,-8271.0,0.0,100,366.61,449.0,0,0.0,0.0,,0.0,1,17.08,17.4,SPY230331C00389000,389.0,normalDay
2022-10-04,13360.0,-7681.0,0.0,100,377.97,449.0,0,0.0,0.0,,0.0,1,17.08,22.86,SPY230331C00389000,389.0,normalDay
2022-10-05,13360.0,-7741.0,0.0,100,377.09,449.0,0,0.0,0.0,,0.0,1,17.08,22.58,SPY230331C00389000,389.0,normalDay
2022-10-06,13360.0,-7943.0,0.0,100,373.2,449.0,0,0.0,0.0,,0.0,1,17.08,20.71,SPY230331C00389000,389.0,normalDay
2022-10-07,13360.0,-8467.0,0.0,100,362.79,449.0,0,0.0,0.0,,0.0,1,17.08,15.54,SPY230331C00389000,389.0,normalDay
2022-10-10,13360.0,-8680.0,0.0,100,360.02,449.0,0,0.0,0.0,,0.0,1,17.08,14.9,SPY230331C00389000,389.0,normalDay
2022-10-11,13360.0,-8832.0,0.0,100,357.74,449.0,0,0.0,0.0,,0.0,1,17.08,14.14,SPY230331C00389000,389.0,normalDay
2022-10-12,13360.0,-8893.0,0.0,100,356.56,449.0,0,0.0,0.0,,0.0,1,17.08,13.57,SPY230331C00389000,389.0,normalDay
2022-10-13,13360.0,-8345.0,0.0,100,365.97,449.0,0,0.0,0.0,,0.0,1,17.08,17.5,SPY230331C00389000,389.0,normalDay
2022-10-14,13360.0,-8805.0,0.0,100,357.63,449.0,0,0.0,0.0,,0.0,1,17.08,13.76,SPY230331C00389000,389.0,normalDay
2022-10-17,13360.0,-8284.0,0.0,100,366.82,449.0,0,0.0,0.0,,0.0,1,17.08,17.74,SPY230331C00389000,389.0,normalDay
2022-10-18,13360.0,-8062.0,0.0,100,371.13,449.0,0,0.0,0.0,,0.0,1,17.08,19.83,SPY230331C00389000,389.0,normalDay
2022-10-19,13360.0,-8146.0,0.0,100,368.5,449.0,0,0.0,0.0,,0.0,1,17.08,18.04,SPY230331C00389000,389.0,normalDay
2022-10-20,13360.0,-8317.0,0.0,100,365.41,449.0,0,0.0,0.0,,0.0,1,17.08,16.66,SPY230331C00389000,389.0,normalDay
2022-10-21,13360.0,-7857.0,0.0,100,374.29,449.0,0,0.0,0.0,,0.0,1,17.08,20.94,SPY230331C00389000,389.0,normalDay
2022-10-24,13360.0,-7630.0,0.0,100,378.87,449.0,0,0.0,0.0,,0.0,1,17.08,23.25,SPY230331C00389000,389.0,normalDay
2022-10-25,13360.0,-7223.0,0.0,100,384.92,449.0,0,0.0,0.0,,0.0,1,17.08,25.23,SPY230331C00389000,389.0,normalDay
2022-10-26,13360.0,-7433.0,0.0,100,382.02,449.0,0,0.0,0.0,,0.0,1,17.08,24.43,SPY230331C00389000,389.0,normalDay
2022-10-27,13360.0,-7269.0,0.0,100,379.98,449.0,0,0.0,0.0,,0.0,1,17.08,20.75,SPY230331C00389000,389.0,normalDay
2022-10-28,13360.0,-7015.0,0.0,100,389.02,449.0,0,0.0,0.0,,0.0,1,17.08,27.25,SPY230331C00389000,389.0,normalDay
2022-10-31,13360.0,-7093.0,0.0,100,386.21,449.0,0,0.0,0.0,,0.0,1,17.08,25.22,SPY230331C00389000,389.0,normalDay
2022-11-01,13360.0,-7110.0,0.0,100,384.52,449.0,0,0.0,0.0,,0.0,1,17.08,23.7,SPY230331C00389000,389.0,normalDay
2022-11-02,13360.0,-7580.0,0.0,100,374.87,449.0,0,0.0,0.0,,0.0,1,17.08,18.75,SPY230331C00389000,389.0,normalDay
2022-11-03,13360.0,-7725.0,0.0,100,371.01,449.0,0,0.0,0.0,,0.0,1,17.08,16.34,SPY230331C00389000,389.0,normalDay
2022-11-04,13360.0,-7432.0,0.0,100,376.35,449.0,0,0.0,0.0,,0.0,1,17.08,18.75,SPY230331C00389000,389.0,normalDay
2022-11-07,13360.0,-7214.0,0.0,100,379.95,449.0,0,0.0,0.0,,0.0,1,17.08,20.17,SPY230331C00389000,389.0,normalDay
2022-11-08,13360.0,-7118.0,0.0,100,382.0,449.0,0,0.0,0.0,,0.0,1,17.08,21.26,SPY230331C00389000,389.0,normalDay
2022-11-09,13360.0,-7541.0,0.0,100,374.13,449.0,0,0.0,0.0,,0.0,1,17.08,17.62,SPY230331C00389000,389.0,normalDay
2022-11-10,13360.0,-6624.0,0.0,100,394.69,449.0,0,0.0,0.0,,0.0,1,17.08,29.01,SPY230331C00389000,389.0,normalDay
2022-11-11,13360.0,-6405.0,0.0,100,398.51,449.0,0,0.0,0.0,,0.0,1,17.08,30.64,SPY230331C00389000,389.0,normalDay
2022-11-14,13360.0,-6552.0,0.0,100,395.12,449.0,0,0.0,0.0,,0.0,1,17.08,28.72,SPY230331C00389000,389.0,normalDay
2022-11-15,13360.0,-6426.0,0.0,100,398.49,449.0,0,0.0,0.0,,0.0,1,17.08,30.83,SPY230331C00389000,389.0,normalDay
2022-11-16,13360.0,-6505.0,0.0,100,395.45,449.0,0,0.0,0.0,,0.0,1,17.08,28.58,SPY230331C00389000,389.0,normalDay
2022-11-17,13360.0,-6507.0,0.0,100,394.24,449.0,0,0.0,0.0,,0.0,1,17.08,27.39,SPY230331C00389000,389.0,normalDay
2022-11-18,13360.0,-6401.0,0.0,100,396.03,449.0,0,0.0,0.0,,0.0,1,17.08,28.12,SPY230331C00389000,389.0,normalDay
2022-11-21,13360.0,-6407.0,0.0,100,394.59,449.0,0,0.0,0.0,,0.0,1,17.08,26.74,SPY230331C00389000,389.0,normalDay
2022-11-22,13360.0,-6159.0,0.0,100,399.9,449.0,0,0.0,0.0,,0.0,1,17.08,29.57,SPY230331C00389000,389.0,normalDay
2022-11-23,13360.0,-6050.0,0.0,100,402.42,449.0,0,0.0,0.0,,0.0,1,17.08,31.0,SPY230331C00389000,389.0,normalDay
2022-11-25,13360.0,-6228.0,0.0,100,402.33,449.0,0,0.0,0.0,,0.0,1,17.08,32.69,SPY230331C00389000,389.0,normalDay
2022-11-28,13360.0,-6301.0,0.0,100,395.91,449.0,0,0.0,0.0,,0.0,1,17.08,27.0,SPY230331C00389000,389.0,normalDay
2022-11-29,13360.0,-6281.0,0.0,100,395.23,449.0,0,0.0,0.0,,0.0,1,17.08,26.12,SPY230331C00389000,389.0,normalDay
2022-11-30,13360.0,-6002.0,0.0,100,407.68,449.0,0,0.0,0.0,,0.0,1,17.08,35.78,SPY230331C00389000,389.0,normalDay
2022-12-01,13360.0,-5808.0,0.0,100,407.38,449.0,0,0.0,0.0,,0.0,1,17.08,33.54,SPY230331C00389000,389.0,normalDay
2022-12-02,13360.0,-5757.0,0.0,100,406.91,449.0,0,0.0,0.0,,0.0,1,17.08,32.56,SPY230331C00389000,389.0,normalDay
2022-12-05,13360.0,-6035.0,0.0,100,399.59,449.0,0,0.0,0.0,,0.0,1,17.08,28.02,SPY230331C00389000,389.0,normalDay
2022-12-06,13360.0,-6249.0,0.0,100,393.83,449.0,0,0.0,0.0,,0.0,1,17.08,24.4,SPY230331C00389000,389.0,normalDay
2022-12-07,13360.0,-6286.0,0.0,100,393.16,449.0,0,0.0,0.0,,0.0,1,17.08,24.1,SPY230331C00389000,389.0,normalDay
2022-12-08,13360.0,-6144.0,0.0,100,396.24,449.0,0,0.0,0.0,,0.0,1,17.08,25.76,SPY230331C00389000,389.0,normalDay
2022-12-09,13360.0,-6271.0,0.0,100,393.28,449.0,0,0.0,0.0,,0.0,1,17.08,24.07,SPY230331C00389000,389.0,normalDay
2022-12-12,13360.0,-6043.0,0.0,100,398.95,449.0,0,0.0,0.0,,0.0,1,17.08,27.46,SPY230331C00389000,389.0,normalDay
2022-12-13,13360.0,-5908.0,0.0,100,401.97,449.0,0,0.0,0.0,,0.0,1,17.08,29.13,SPY230331C00389000,389.0,normalDay
2022-12-14,13360.0,-5982.0,0.0,100,399.4,449.0,0,0.0,0.0,,0.0,1,17.08,27.3,SPY230331C00389000,389.0,normalDay
2022-12-15,13360.0,-6310.0,0.0,100,389.63,449.0,0,0.0,0.0,,0.0,1,17.08,20.81,SPY230331C00389000,389.0,normalDay
2022-12-16,13360.0,-6636.0,0.0,100,383.27,449.0,0,0.0,0.0,,0.0,1,17.08,17.71,SPY230331C00389000,389.0,normalDay
2022-12-19,13360.0,-6727.0,0.0,100,380.02,449.0,0,0.0,0.0,,0.0,1,17.08,15.37,SPY230331C00389000,389.0,normalDay
2022-12-20,13360.0,-6674.0,0.0,100,380.54,449.0,0,0.0,0.0,,0.0,1,17.08,15.36,SPY230331C00389000,389.0,normalDay
2022-12-21,13360.0,-6375.0,0.0,100,386.23,449.0,0,0.0,0.0,,0.0,1,17.08,18.06,SPY230331C00389000,389.0,normalDay
2022-12-22,13360.0,-6649.0,0.0,100,380.72,449.0,0,0.0,0.0,,0.0,1,17.08,15.29,SPY230331C00389000,389.0,normalDay
2022-12-23,13360.0,-6504.0,0.0,100,382.91,449.0,0,0.0,0.0,,0.0,1,17.08,16.03,SPY230331C00389000,389.0,normalDay
2022-12-27,13360.0,-6565.0,0.0,100,381.4,449.0,0,0.0,0.0,,0.0,1,17.08,15.13,SPY230331C00389000,389.0,normalDay
2022-12-28,13360.0,-6793.0,0.0,100,376.66,449.0,0,0.0,0.0,,0.0,1,17.08,12.67,SPY230331C00389000,389.0,normalDay
2022-12-29,13360.0,-6428.0,0.0,100,383.44,449.0,0,0.0,0.0,,0.0,1,17.08,15.8,SPY230331C00389000,389.0,normalDay
2022-12-30,13360.0,-6482.0,0.0,100,382.43,449.0,0,0.0,0.0,,0.0,1,17.08,15.33,SPY230331C00389000,389.0,normalDay
2023-01-03,13360.0,-6465.0,0.0,100,380.82,449.0,0,0.0,0.0,,0.0,1,17.08,13.55,SPY230331C00389000,389.0,normalDay
2023-01-04,13360.0,-6298.0,0.0,100,383.76,449.0,0,0.0,0.0,,0.0,1,17.08,14.82,SPY230331C00389000,389.0,normalDay
2023-01-05,13360.0,-6490.0,0.0,100,379.38,449.0,0,0.0,0.0,,0.0,1,17.08,12.36,SPY230331C00389000,389.0,normalDay
2023-01-06,13360.0,-6028.0,0.0,100,388.08,449.0,0,0.0,0.0,,0.0,1,17.08,16.44,SPY230331C00389000,389.0,normalDay
2023-01-09,13360.0,-6032.0,0.0,100,387.86,449.0,0,0.0,0.0,,0.0,1,17.08,16.26,SPY230331C00389000,389.0,normalDay
2023-01-10,13360.0,-5871.0,0.0,100,390.58,449.0,0,0.0,0.0,,0.0,1,17.08,17.37,SPY230331C00389000,389.0,normalDay
2023-01-11,13360.0,-5693.0,0.0,100,395.52,449.0,0,0.0,0.0,,0.0,1,17.08,20.53,SPY230331C00389000,389.0,normalDay
2023-01-12,13360.0,-5546.0,0.0,100,396.96,449.0,0,0.0,0.0,,0.0,1,17.08,20.5,SPY230331C00389000,389.0,normalDay
2023-01-13,13360.0,-5421.0,0.0,100,398.5,449.0,0,0.0,0.0,,0.0,1,17.08,20.79,SPY230331C00389000,389.0,normalDay
2023-01-17,13360.0,-5440.0,0.0,100,397.77,449.0,0,0.0,0.0,,0.0,1,17.08,20.25,SPY230331C00389000,389.0,normalDay
2023-01-18,13360.0,-5667.0,0.0,100,391.49,449.0,0,0.0,0.0,,0.0,1,17.08,16.24,SPY230331C00389000,389.0,normalDay
2023-01-19,13360.0,-5769.0,0.0,100,388.64,449.0,0,0.0,0.0,,0.0,1,17.08,14.41,SPY230331C00389000,389.0,normalDay
2023-01-20,13360.0,-5449.0,0.0,100,395.88,449.0,0,0.0,0.0,,0.0,1,17.08,18.45,SPY230331C00389000,389.0,normalDay
2023-01-23,13360.0,-5274.0,0.0,100,400.63,449.0,0,0.0,0.0,,0.0,1,17.08,21.45,SPY230331C00389000,389.0,normalDay
2023-01-24,13360.0,-5345.0,0.0,100,400.2,449.0,0,0.0,0.0,,0.0,1,17.08,21.73,SPY230331C00389000,389.0,normalDay
2023-01-25,13360.0,-5279.0,0.0,100,400.35,449.0,0,0.0,0.0,,0.0,1,17.08,21.22,SPY230331C00389000,389.0,normalDay
2023-01-26,13360.0,-5128.0,0.0,100,404.75,449.0,0,0.0,0.0,,0.0,1,17.08,24.11,SPY230331C00389000,389.0,normalDay
2023-01-27,13360.0,-5069.0,0.0,100,405.68,449.0,0,0.0,0.0,,0.0,1,17.08,24.45,SPY230331C00389000,389.0,normalDay
2023-01-30,13360.0,-5264.0,0.0,100,400.59,449.0,0,0.0,0.0,,0.0,1,17.08,21.31,SPY230331C00389000,389.0,normalDay
2023-01-31,13360.0,-5036.0,0.0,100,406.48,449.0,0,0.0,0.0,,0.0,1,17.08,24.92,SPY230331C00389000,389.0,normalDay
2023-02-01,13360.0,-5003.0,0.0,100,410.8,449.0,0,0.0,0.0,,0.0,1,17.08,28.91,SPY230331C00389000,389.0,normalDay
2023-02-02,13360.0,-4763.0,0.0,100,416.78,449.0,0,0.0,0.0,,0.0,1,17.08,32.49,SPY230331C00389000,389.0,normalDay
2023-02-03,13360.0,-4892.0,0.0,100,412.35,449.0,0,0.0,0.0,,0.0,1,17.08,29.35,SPY230331C00389000,389.0,normalDay
2023-02-06,13360.0,-4945.0,0.0,100,409.83,449.0,0,0.0,0.0,,0.0,1,17.08,27.36,SPY230331C00389000,389.0,normalDay
2023-02-07,13360.0,-4761.0,0.0,100,415.19,449.0,0,0.0,0.0,,0.0,1,17.08,30.88,SPY230331C00389000,389.0,normalDay
2023-02-08,13360.0,-4932.0,0.0,100,410.65,449.0,0,0.0,0.0,,0.0,1,17.08,28.05,SPY230331C00389000,389.0,normalDay
2023-02-09,13360.0,-5024.0,0.0,100,407.09,449.0,0,0.0,0.0,,0.0,1,17.08,25.41,SPY230331C00389000,389.0,normalDay
2023-02-10,13360.0,-4948.0,0.0,100,408.04,449.0,0,0.0,0.0,,0.0,1,17.08,25.6,SPY230331C00389000,389.0,normalDay
2023-02-13,13360.0,-4835.0,0.0,100,412.83,449.0,0,0.0,0.0,,0.0,1,17.08,29.26,SPY230331C00389000,389.0,normalDay
2023-02-14,13360.0,-4725.0,0.0,100,412.64,449.0,0,0.0,0.0,,0.0,1,17.08,27.97,SPY230331C00389000,389.0,normalDay
2023-02-15,13360.0,-4736.0,0.0,100,413.98,449.0,0,0.0,0.0,,0.0,1,17.08,29.42,SPY230331C00389000,389.0,normalDay
2023-02-16,13360.0,-4831.0,0.0,100,408.28,449.0,0,0.0,0.0,,0.0,1,17.08,24.67,SPY230331C00389000,389.0,normalDay
2023-02-17,13360.0,-4824.0,0.0,100,407.26,449.0,0,0.0,0.0,,0.0,1,17.08,23.58,SPY230331C00389000,389.0,normalDay
2023-02-21,13360.0,-5060.0,0.0,100,399.09,449.0,0,0.0,0.0,,0.0,1,17.08,17.77,SPY230331C00389000,389.0,normalDay
2023-02-22,13360.0,-5032.0,0.0,100,398.54,449.0,0,0.0,0.0,,0.0,1,17.08,16.94,SPY230331C00389000,389.0,normalDay
2023-02-23,13360.0,-4886.0,0.0,100,400.66,449.0,0,0.0,0.0,,0.0,1,17.08,17.6,SPY230331C00389000,389.0,normalDay
2023-02-24,13360.0,-5004.0,0.0,100,396.38,449.0,0,0.0,0.0,,0.0,1,17.08,14.5,SPY230331C00389000,389.0,normalDay
2023-02-27,13360.0,-4923.0,0.0,100,397.73,449.0,0,0.0,0.0,,0.0,1,17.08,15.04,SPY230331C00389000,389.0,normalDay
2023-02-28,13360.0,-4906.0,0.0,100,396.26,449.0,0,0.0,0.0,,0.0,1,17.08,13.4,SPY230331C00389000,389.0,normalDay
2023-03-01,13360.0,-4963.0,0.0,100,394.74,449.0,0,0.0,0.0,,0.0,1,17.08,12.45,SPY230331C00389000,389.0,normalDay
2023-03-02,13360.0,-4816.0,0.0,100,397.81,449.0,0,0.0,0.0,,0.0,1,17.08,14.05,SPY230331C00389000,389.0,normalDay
2023-03-03,13360.0,-4654.0,0.0,100,404.19,449.0,0,0.0,0.0,,0.0,1,17.08,18.81,SPY230331C00389000,389.0,normalDay
2023-03-06,13360.0,-4586.0,0.0,100,404.47,449.0,0,0.0,0.0,,0.0,1,17.08,18.41,SPY230331C00389000,389.0,normalDay
2023-03-07,13360.0,-4738.0,0.0,100,398.27,449.0,0,0.0,0.0,,0.0,1,17.08,13.73,SPY230331C00389000,389.0,normalDay
2023-03-08,13360.0,-4679.0,0.0,100,398.92,449.0,0,0.0,0.0,,0.0,1,17.08,13.79,SPY230331C00389000,389.0,normalDay
2023-03-09,13360.0,-4984.0,0.0,100,391.56,449.0,0,0.0,0.0,,0.0,1,17.08,9.48,SPY230331C00389000,389.0,normalDay
2023-03-10,13360.0,-5270.0,0.0,100,385.91,449.0,0,0.0,0.0,,0.0,1,17.08,6.69,SPY230331C00389000,389.0,normalDay
2023-03-13,13360.0,-5352.0,0.0,100,385.36,449.0,0,0.0,0.0,,0.0,1,17.08,6.96,SPY230331C00389000,389.0,normalDay
2023-03-14,13360.0,-4875.0,0.0,100,391.73,449.0,0,0.0,0.0,,0.0,1,17.08,8.56,SPY230331C00389000,389.0,normalDay
2023-03-15,13360.0,-5034.0,0.0,100,389.28,449.0,0,0.0,0.0,,0.0,1,17.08,7.7,SPY230331C00389000,389.0,normalDay
2023-03-16,13360.0,-4659.0,0.0,100,396.11,449.0,0,0.0,0.0,,0.0,1,17.08,10.78,SPY230331C00389000,389.0,normalDay
2023-03-17,13360.0,-5063.0,0.0,100,389.99,449.0,0,0.0,0.0,,0.0,1,17.08,8.7,SPY230331C00389000,389.0,normalDay
2023-03-20,13360.0,-4807.0,0.0,100,393.74,449.0,0,0.0,0.0,,0.0,1,17.08,9.89,SPY230331C00389000,389.0,normalDay
2023-03-21,13360.0,-4600.0,0.0,100,398.91,449.0,0,0.0,0.0,,0.0,1,17.08,12.99,SPY230331C00389000,389.0,normalDay
2023-03-22,13360.0,-4753.0,0.0,100,392.11,449.0,0,0.0,0.0,,0.0,1,17.08,7.72,SPY230331C00389000,389.0,normalDay
2023-03-23,13360.0,-4685.0,0.0,100,393.17,449.0,0,0.0,0.0,,0.0,1,17.08,8.1,SPY230331C00389000,389.0,normalDay
2023-03-24,13360.0,-4543.0,0.0,100,395.75,449.0,0,0.0,0.0,,0.0,1,17.08,9.26,SPY230331C00389000,389.0,normalDay
2023-03-27,13360.0,-4453.0,0.0,100,396.49,449.0,0,0.0,0.0,,0.0,1,17.08,9.1,SPY230331C00389000,389.0,normalDay
2023-03-28,13360.0,-4444.0,0.0,100,395.6,449.0,0,0.0,0.0,,0.0,1,17.08,8.12,SPY230331C00389000,389.0,normalDay
2023-03-29,13360.0,-4327.0,0.0,100,401.35,449.0,0,0.0,0.0,,0.0,1,17.08,12.7,SPY230331C00389000,389.0,normalDay
2023-03-30,13360.0,-4315.0,0.0,100,403.7,449.0,0,0.0,0.0,,0.0,1,17.08,14.93,SPY230331C00389000,389.0,normalDay
2023-03-31,9068.0,-4315.0,-4292.0,0,409.39,0.0,0,0.0,0.0,,0.0,1,17.08,0.0,SPY230331C00389000,389.0,expirationDay
2023-04-03,9068.0,-3.0,0.0,0,410.95,0.0,1,1.11,1.14,SPY230505P00376000,376.0,0,0.0,0.0,,0.0,normalDay
2023-04-04,9068.0,-13.0,0.0,0,408.67,0.0,1,1.11,1.24,SPY230505P00376000,376.0,0,0.0,0.0,,0.0,normalDay
2023-04-05,9068.0,-14.0,0.0,0,407.6,0.0,1,1.11,1.25,SPY230505P00376000,376.0,0,0.0,0.0,,0.0,normalDay
2023-04-06,9068.0,13.0,0.0,0,409.19,0.0,1,1.11,0.98,SPY230505P00376000,376.0,0,0.0,0.0,,0.0,normalDay
2023-04-10,9068.0,30.0,0.0,0,409.61,0.0,1,1.11,0.81,SPY230505P00376000,376.0,0,0.0,0.0,,0.0,normalDay
2023-04-11,9068.0,34.0,0.0,0,409.72,0.0,1,1.11,0.77,SPY230505P00376000,376.0,0,0.0,0.0,,0.0,normalDay
2023-04-12,9068.0,31.0,0.0,0,408.05,0.0,1,1.11,0.8,SPY230505P00376000,376.0,0,0.0,0.0,,0.0,normalDay
2023-04-13,9068.0,67.0,0.0,0,413.47,0.0,1,1.11,0.44,SPY230505P00376000,376.0,0,0.0,0.0,,0.0,normalDay
2023-04-14,9068.0,75.0,0.0,0,412.46,0.0,1,1.11,0.36,SPY230505P00376000,376.0,0,0.0,0.0,,0.0,normalDay
2023-04-17,9068.0,83.0,0.0,0,413.94,0.0,1,1.11,0.28,SPY230505P00376000,376.0,0,0.0,0.0,,0.0,normalDay
2023-04-18,9068.0,83.0,0.0,0,414.21,0.0,1,1.11,0.28,SPY230505P00376000,376.0,0,0.0,0.0,,0.0,normalDay
2023-04-19,9068.0,88.0,0.0,0,414.14,0.0,1,1.11,0.23,SPY230505P00376000,376.0,0,0.0,0.0,,0.0,normalDay
2023-04-20,9068.0,85.0,0.0,0,411.88,0.0,1,1.11,0.26,SPY230505P00376000,376.0,0,0.0,0.0,,0.0,normalDay
2023-04-21,9068.0,89.0,0.0,0,412.2,0.0,1,1.11,0.22,SPY230505P00376000,376.0,0,0.0,0.0,,0.0,normalDay
2023-04-24,9068.0,98.0,0.0,0,412.63,0.0,1,1.11,0.13,SPY230505P00376000,376.0,0,0.0,0.0,,0.0,normalDay
2023-04-25,9068.0,89.0,0.0,0,406.08,0.0,1,1.11,0.22,SPY230505P00376000,376.0,0,0.0,0.0,,0.0,normalDay
2023-04-26,9068.0,91.0,0.0,0,404.36,0.0,1,1.11,0.2,SPY230505P00376000,376.0,0,0.0,0.0,,0.0,normalDay
2023-04-27,9068.0,104.0,0.0,0,412.41,0.0,1,1.11,0.07,SPY230505P00376000,376.0,0,0.0,0.0,,0.0,normalDay
2023-04-28,9068.0,106.0,0.0,0,415.93,0.0,1,1.11,0.05,SPY230505P00376000,376.0,0,0.0,0.0,,0.0,normalDay
2023-05-01,9068.0,108.0,0.0,0,415.51,0.0,1,1.11,0.03,SPY230505P00376000,376.0,0,0.0,0.0,,0.0,normalDay
2023-05-02,9068.0,108.0,0.0,0,410.84,0.0,1,1.11,0.03,SPY230505P00376000,376.0,0,0.0,0.0,,0.0,normalDay
2023-05-03,9068.0,108.0,0.0,0,408.02,0.0,1,1.11,0.03,SPY230505P00376000,376.0,0,0.0,0.0,,0.0,normalDay
2023-05-04,9068.0,109.0,0.0,0,405.13,0.0,1,1.11,0.02,SPY230505P00376000,376.0,0,0.0,0.0,,0.0,normalDay
2023-05-05,9179.0,0.0,111.0,0,412.63,0.0,1,1.11,0.0,SPY230505P00376000,376.0,0,0.0,0.0,,0.0,expirationDay
2023-05-08,9179.0,-4.0,0.0,0,412.74,0.0,1,3.52,3.56,SPY230609P00401000,401.0,0,0.0,0.0,,0.0,normalDay
2023-05-09,9179.0,-44.0,0.0,0,410.93,0.0,1,3.52,3.96,SPY230609P00401000,401.0,0,0.0,0.0,,0.0,normalDay
2023-05-10,9179.0,38.0,0.0,0,412.85,0.0,1,3.52,3.14,SPY230609P00401000,401.0,0,0.0,0.0,,0.0,normalDay
2023-05-11,9179.0,33.0,0.0,0,412.13,0.0,1,3.52,3.19,SPY230609P00401000,401.0,0,0.0,0.0,,0.0,normalDay
2023-05-12,9179.0,33.0,0.0,0,411.59,0.0,1,3.52,3.19,SPY230609P00401000,401.0,0,0.0,0.0,,0.0,normalDay
2023-05-15,9179.0,99.0,0.0,0,413.01,0.0,1,3.52,2.53,SPY230609P00401000,401.0,0,0.0,0.0,,0.0,normalDay
2023-05-16,9179.0,36.0,0.0,0,410.25,0.0,1,3.52,3.16,SPY230609P00401000,401.0,0,0.0,0.0,,0.0,normalDay
2023-05-17,9179.0,158.0,0.0,0,415.23,0.0,1,3.52,1.94,SPY230609P00401000,401.0,0,0.0,0.0,,0.0,normalDay
2023-05-18,9179.0,228.0,0.0,0,419.23,0.0,1,3.52,1.24,SPY230609P00401000,401.0,0,0.0,0.0,,0.0,normalDay
2023-05-19,9179.0,216.0,0.0,0,418.62,0.0,1,3.52,1.36,SPY230609P00401000,401.0,0,0.0,0.0,,0.0,normalDay
2023-05-22,9179.0,227.0,0.0,0,418.79,0.0,1,3.52,1.25,SPY230609P00401000,401.0,0,0.0,0.0,,0.0,normalDay
2023-05-23,9179.0,155.0,0.0,0,414.09,0.0,1,3.52,1.97,SPY230609P00401000,401.0,0,0.0,0.0,,0.0,normalDay
2023-05-24,9179.0,83.0,0.0,0,411.09,0.0,1,3.52,2.69,SPY230609P00401000,401.0,0,0.0,0.0,,0.0,normalDay
2023-05-25,9179.0,175.0,0.0,0,414.65,0.0,1,3.52,1.77,SPY230609P00401000,401.0,0,0.0,0.0,,0.0,normalDay
2023-05-26,9179.0,254.0,0.0,0,420.02,0.0,1,3.52,0.98,SPY230609P00401000,401.0,0,0.0,0.0,,0.0,normalDay
2023-05-30,9179.0,304.0,0.0,0,420.18,0.0,1,3.52,0.48,SPY230609P00401000,401.0,0,0.0,0.0,,0.0,normalDay
2023-05-31,9179.0,303.0,0.0,0,417.85,0.0,1,3.52,0.49,SPY230609P00401000,401.0,0,0.0,0.0,,0.0,normalDay
2023-06-01,9179.0,333.0,0.0,0,421.82,0.0,1,3.52,0.19,SPY230609P00401000,401.0,0,0.0,0.0,,0.0,normalDay
2023-06-02,9179.0,345.0,0.0,0,427.92,0.0,1,3.52,0.07,SPY230609P00401000,401.0,0,0.0,0.0,,0.0,normalDay
2023-06-05,9179.0,348.0,0.0,0,427.1,0.0,1,3.52,0.04,SPY230609P00401000,401.0,0,0.0,0.0,,0.0,normalDay
2023-06-06,9179.0,349.0,0.0,0,428.03,0.0,1,3.52,0.03,SPY230609P00401000,401.0,0,0.0,0.0,,0.0,normalDay
2023-06-07,9179.0,349.0,0.0,0,426.55,0.0,1,3.52,0.03,SPY230609P00401000,401.0,0,0.0,0.0,,0.0,normalDay
2023-06-08,9179.0,350.0,0.0,0,429.13,0.0,1,3.52,0.02,SPY230609P00401000,401.0,0,0.0,0.0,,0.0,normalDay
2023-06-09,9531.0,0.0,352.0,0,429.9,0.0,1,3.52,0.0,SPY230609P00401000,401.0,0,0.0,0.0,,0.0,expirationDay
2023-06-12,9531.0,-3.0,0.0,0,433.8,0.0,1,0.85,0.88,SPY230714P00400000,400.0,0,0.0,0.0,,0.0,normalDay
2023-06-13,9531.0,15.0,0.0,0,436.66,0.0,1,0.85,0.7,SPY230714P00400000,400.0,0,0.0,0.0,,0.0,normalDay
2023-06-14,9531.0,31.0,0.0,0,437.18,0.0,1,0.85,0.54,SPY230714P00400000,400.0,0,0.0,0.0,,0.0,normalDay
2023-06-15,9531.0,37.0,0.0,0,442.6,0.0,1,0.85,0.48,SPY230714P00400000,400.0,0,0.0,0.0,,0.0,normalDay
2023-06-16,9531.0,49.0,0.0,0,439.46,0.0,1,0.85,0.36,SPY230714P00400000,400.0,0,0.0,0.0,,0.0,normalDay
2023-06-20,9531.0,53.0,0.0,0,437.18,0.0,1,0.85,0.32,SPY230714P00400000,400.0,0,0.0,0.0,,0.0,normalDay
2023-06-21,9531.0,55.0,0.0,0,434.94,0.0,1,0.85,0.3,SPY230714P00400000,400.0,0,0.0,0.0,,0.0,normalDay
2023-06-22,9531.0,62.0,0.0,0,436.51,0.0,1,0.85,0.23,SPY230714P00400000,400.0,0,0.0,0.0,,0.0,normalDay
2023-06-23,9531.0,54.0,0.0,0,433.21,0.0,1,0.85,0.31,SPY230714P00400000,400.0,0,0.0,0.0,,0.0,normalDay
2023-06-26,9531.0,52.0,0.0,0,431.44,0.0,1,0.85,0.33,SPY230714P00400000,400.0,0,0.0,0.0,,0.0,normalDay
2023-06-27,9531.0,64.0,0.0,0,436.17,0.0,1,0.85,0.21,SPY230714P00400000,400.0,0,0.0,0.0,,0.0,normalDay
2023-06-28,9531.0,69.0,0.0,0,436.39,0.0,1,0.85,0.16,SPY230714P00400000,400.0,0,0.0,0.0,,0.0,normalDay
2023-06-29,9531.0,71.0,0.0,0,438.11,0.0,1,0.85,0.14,SPY230714P00400000,400.0,0,0.0,0.0,,0.0,normalDay
2023-06-30,9531.0,72.0,0.0,0,443.28,0.0,1,0.85,0.13,SPY230714P00400000,400.0,0,0.0,0.0,,0.0,normalDay
2023-07-03,9531.0,75.0,0.0,0,443.79,0.0,1,0.85,0.1,SPY230714P00400000,400.0,0,0.0,0.0,,0.0,normalDay
2023-07-05,9531.0,77.0,0.0,0,443.13,0.0,1,0.85,0.08,SPY230714P00400000,400.0,0,0.0,0.0,,0.0,normalDay
2023-07-06,9531.0,76.0,0.0,0,439.66,0.0,1,0.85,0.09,SPY230714P00400000,400.0,0,0.0,0.0,,0.0,normalDay
2023-07-07,9531.0,80.0,0.0,0,438.55,0.0,1,0.85,0.05,SPY230714P00400000,400.0,0,0.0,0.0,,0.0,normalDay
2023-07-10,9531.0,82.0,0.0,0,439.66,0.0,1,0.85,0.03,SPY230714P00400000,400.0,0,0.0,0.0,,0.0,normalDay
2023-07-11,9531.0,82.0,0.0,0,442.46,0.0,1,0.85,0.03,SPY230714P00400000,400.0,0,0.0,0.0,,0.0,normalDay
2023-07-12,9531.0,83.0,0.0,0,446.02,0.0,1,0.85,0.02,SPY230714P00400000,400.0,0,0.0,0.0,,0.0,normalDay
2023-07-13,9531.0,84.0,0.0,0,449.56,0.0,1,0.85,0.01,SPY230714P00400000,400.0,0,0.0,0.0,,0.0,normalDay
2023-07-14,9616.0,0.0,85.0,0,449.28,0.0,1,0.85,0.0,SPY230714P00400000,400.0,0,0.0,0.0,,0.0,expirationDay
2023-07-17,9616.0,-3.0,0.0,0,450.84,0.0,1,0.89,0.92,SPY230818P00424000,424.0,0,0.0,0.0,,0.0,normalDay
2023-07-18,9616.0,20.0,0.0,0,454.19,0.0,1,0.89,0.69,SPY230818P00424000,424.0,0,0.0,0.0,,0.0,normalDay
2023-07-19,9616.0,17.0,0.0,0,455.2,0.0,1,0.89,0.72,SPY230818P00424000,424.0,0,0.0,0.0,,0.0,normalDay
2023-07-20,9616.0,8.0,0.0,0,452.18,0.0,1,0.89,0.81,SPY230818P00424000,424.0,0,0.0,0.0,,0.0,normalDay
2023-07-21,9616.0,16.0,0.0,0,452.18,0.0,1,0.89,0.73,SPY230818P00424000,424.0,0,0.0,0.0,,0.0,normalDay
2023-07-24,9616.0,30.0,0.0,0,454.2,0.0,1,0.89,0.59,SPY230818P00424000,424.0,0,0.0,0.0,,0.0,normalDay
2023-07-25,9616.0,38.0,0.0,0,455.44,0.0,1,0.89,0.51,SPY230818P00424000,424.0,0,0.0,0.0,,0.0,normalDay
2023-07-26,9616.0,49.0,0.0,0,455.51,0.0,1,0.89,0.4,SPY230818P00424000,424.0,0,0.0,0.0,,0.0,normalDay
2023-07-27,9616.0,28.0,0.0,0,452.49,0.0,1,0.89,0.61,SPY230818P00424000,424.0,0,0.0,0.0,,0.0,normalDay
2023-07-28,9616.0,58.0,0.0,0,456.92,0.0,1,0.89,0.31,SPY230818P00424000,424.0,0,0.0,0.0,,0.0,normalDay
2023-07-31,9616.0,63.0,0.0,0,457.79,0.0,1,0.89,0.26,SPY230818P00424000,424.0,0,0.0,0.0,,0.0,normalDay
2023-08-01,9616.0,62.0,0.0,0,456.48,0.0,1,0.89,0.27,SPY230818P00424000,424.0,0,0.0,0.0,,0.0,normalDay
2023-08-02,9616.0,32.0,0.0,0,450.13,0.0,1,0.89,0.57,SPY230818P00424000,424.0,0,0.0,0.0,,0.0,normalDay
2023-08-03,9616.0,38.0,0.0,0,448.84,0.0,1,0.89,0.51,SPY230818P00424000,424.0,0,0.0,0.0,,0.0,normalDay
2023-08-04,9616.0,19.0,0.0,0,446.81,0.0,1,0.89,0.7,SPY230818P00424000,424.0,0,0.0,0.0,,0.0,normalDay
2023-08-07,9616.0,59.0,0.0,0,450.71,0.0,1,0.89,0.3,SPY230818P00424000,424.0,0,0.0,0.0,,0.0,normalDay
2023-08-08,9616.0,60.0,0.0,0,448.75,0.0,1,0.89,0.29,SPY230818P00424000,424.0,0,0.0,0.0,,0.0,normalDay
2023-08-09,9616.0,60.0,0.0,0,445.75,0.0,1,0.89,0.29,SPY230818P00424000,424.0,0,0.0,0.0,,0.0,normalDay
2023-08-10,9616.0,63.0,0.0,0,445.91,0.0,1,0.89,0.26,SPY230818P00424000,424.0,0,0.0,0.0,,0.0,normalDay
2023-08-11,9616.0,76.0,0.0,0,445.65,0.0,1,0.89,0.13,SPY230818P00424000,424.0,0,0.0,0.0,,0.0,normalDay
2023-08-14,9616.0,83.0,0.0,0,448.11,0.0,1,0.89,0.06,SPY230818P00424000,424.0,0,0.0,0.0,,0.0,normalDay
2023-08-15,9616.0,80.0,0.0,0,442.89,0.0,1,0.89,0.09,SPY230818P00424000,424.0,0,0.0,0.0,,0.0,normalDay
2023-08-16,9616.0,83.0,0.0,0,439.64,0.0,1,0.89,0.06,SPY230818P00424000,424.0,0,0.0,0.0,,0.0,normalDay
2023-08-17,9616.0,83.0,0.0,0,436.29,0.0,1,0.89,0.06,SPY230818P00424000,424.0,0,0.0,0.0,,0.0,normalDay
2023-08-18,9705.0,0.0,89.0,0,436.5,0.0,1,0.89,0.0,SPY230818P00424000,424.0,0,0.0,0.0,,0.0,expirationDay
2023-08-21,9705.0,-3.0,0.0,0,439.34,0.0,1,4.09,4.12,SPY230922P00428000,428.0,0,0.0,0.0,,0.0,normalDay
2023-08-22,9705.0,-6.0,0.0,0,438.15,0.0,1,4.09,4.15,SPY230922P00428000,428.0,0,0.0,0.0,,0.0,normalDay
2023-08-23,9705.0,127.0,0.0,0,443.03,0.0,1,4.09,2.82,SPY230922P00428000,428.0,0,0.0,0.0,,0.0,normalDay
2023-08-24,9705.0,-29.0,0.0,0,436.89,0.0,1,4.09,4.38,SPY230922P00428000,428.0,0,0.0,0.0,,0.0,normalDay
2023-08-25,9705.0,101.0,0.0,0,439.97,0.0,1,4.09,3.08,SPY230922P00428000,428.0,0,0.0,0.0,,0.0,normalDay
2023-08-28,9705.0,195.0,0.0,0,442.76,0.0,1,4.09,2.14,SPY230922P00428000,428.0,0,0.0,0.0,,0.0,normalDay
2023-08-29,9705.0,291.0,0.0,0,449.16,0.0,1,4.09,1.18,SPY230922P00428000,428.0,0,0.0,0.0,,0.0,normalDay
2023-08-30,9705.0,320.0,0.0,0,451.01,0.0,1,4.09,0.89,SPY230922P00428000,428.0,0,0.0,0.0,,0.0,normalDay
2023-08-31,9705.0,332.0,0.0,0,450.35,0.0,1,4.09,0.77,SPY230922P00428000,428.0,0,0.0,0.0,,0.0,normalDay
2023-09-01,9705.0,343.0,0.0,0,451.19,0.0,1,4.09,0.66,SPY230922P00428000,428.0,0,0.0,0.0,,0.0,normalDay
2023-09-05,9705.0,337.0,0.0,0,449.24,0.0,1,4.09,0.72,SPY230922P00428000,428.0,0,0.0,0.0,,0.0,normalDay
2023-09-06,9705.0,317.0,0.0,0,446.22,0.0,1,4.09,0.92,SPY230922P00428000,428.0,0,0.0,0.0,,0.0,normalDay
2023-09-07,9705.0,316.0,0.0,0,444.85,0.0,1,4.09,0.93,SPY230922P00428000,428.0,0,0.0,0.0,,0.0,normalDay
2023-09-08,9705.0,346.0,0.0,0,445.52,0.0,1,4.09,0.63,SPY230922P00428000,428.0,0,0.0,0.0,,0.0,normalDay
2023-09-11,9705.0,373.0,0.0,0,448.45,0.0,1,4.09,0.36,SPY230922P00428000,428.0,0,0.0,0.0,,0.0,normalDay
2023-09-12,9705.0,364.0,0.0,0,445.99,0.0,1,4.09,0.45,SPY230922P00428000,428.0,0,0.0,0.0,,0.0,normalDay
2023-09-13,9705.0,386.0,0.0,0,446.51,0.0,1,4.09,0.23,SPY230922P00428000,428.0,0,0.0,0.0,,0.0,normalDay
2023-09-14,9705.0,396.0,0.0,0,450.36,0.0,1,4.09,0.13,SPY230922P00428000,428.0,0,0.0,0.0,,0.0,normalDay
2023-09-15,9705.0,392.0,0.0,0,443.37,0.0,1,4.09,0.17,SPY230922P00428000,428.0,0,0.0,0.0,,0.0,normalDay
2023-09-18,9705.0,400.0,0.0,0,443.63,0.0,1,4.09,0.09,SPY230922P00428000,428.0,0,0.0,0.0,,0.0,normalDay
2023-09-19,9705.0,399.0,0.0,0,442.71,0.0,1,4.09,0.1,SPY230922P00428000,428.0,0,0.0,0.0,,0.0,normalDay
2023-09-20,9705.0,400.0,0.0,0,438.64,0.0,1,4.09,0.09,SPY230922P00428000,428.0,0,0.0,0.0,,0.0,normalDay
2023-09-21,9705.0,353.0,0.0,0,431.39,0.0,1,4.09,0.56,SPY230922P00428000,428.0,0,0.0,0.0,,0.0,normalDay
2023-09-22,10114.0,0.0,409.0,0,430.42,0.0,1,4.09,0.0,SPY230922P00428000,428.0,0,0.0,0.0,,0.0,expirationDay
2023-09-25,10114.0,-4.0,0.0,0,432.23,0.0,1,4.43,4.47,SPY231027P00425000,425.0,0,0.0,0.0,,0.0,normalDay
2023-09-26,10114.0,-257.0,0.0,0,425.88,0.0,1,4.43,7.0,SPY231027P00425000,425.0,0,0.0,0.0,,0.0,normalDay
2023-09-27,10114.0,-213.0,0.0,0,426.05,0.0,1,4.43,6.56,SPY231027P00425000,425.0,0,0.0,0.0,,0.0,normalDay
2023-09-28,10114.0,-108.0,0.0,0,428.52,0.0,1,4.43,5.51,SPY231027P00425000,425.0,0,0.0,0.0,,0.0,normalDay
2023-09-29,10114.0,-129.0,0.0,0,427.48,0.0,1,4.43,5.72,SPY231027P00425000,425.0,0,0.0,0.0,,0.0,normalDay
2023-10-02,10114.0,-103.0,0.0,0,427.31,0.0,1,4.43,5.46,SPY231027P00425000,425.0,0,0.0,0.0,,0.0,normalDay
2023-10-03,10114.0,-392.0,0.0,0,421.59,0.0,1,4.43,8.35,SPY231027P00425000,425.0,0,0.0,0.0,,0.0,normalDay
2023-10-04,10114.0,-222.0,0.0,0,424.66,0.0,1,4.43,6.65,SPY231027P00425000,425.0,0,0.0,0.0,,0.0,normalDay
2023-10-05,10114.0,-223.0,0.0,0,424.5,0.0,1,4.43,6.66,SPY231027P00425000,425.0,0,0.0,0.0,,0.0,normalDay
2023-10-06,10114.0,45.0,0.0,0,429.54,0.0,1,4.43,3.98,SPY231027P00425000,425.0,0,0.0,0.0,,0.0,normalDay
2023-10-09,10114.0,141.0,0.0,0,432.29,0.0,1,4.43,3.02,SPY231027P00425000,425.0,0,0.0,0.0,,0.0,normalDay
2023-10-10,10114.0,218.0,0.0,0,434.54,0.0,1,4.43,2.25,SPY231027P00425000,425.0,0,0.0,0.0,,0.0,normalDay
2023-10-11,10114.0,291.0,0.0,0,436.32,0.0,1,4.43,1.52,SPY231027P00425000,425.0,0,0.0,0.0,,0.0,normalDay
2023-10-12,10114.0,239.0,0.0,0,433.66,0.0,1,4.43,2.04,SPY231027P00425000,425.0,0,0.0,0.0,,0.0,normalDay
2023-10-13,10114.0,135.0,0.0,0,431.5,0.0,1,4.43,3.08,SPY231027P00425000,425.0,0,0.0,0.0,,0.0,normalDay
2023-10-16,10114.0,307.0,0.0,0,436.04,0.0,1,4.43,1.36,SPY231027P00425000,425.0,0,0.0,0.0,,0.0,normalDay
2023-10-17,10114.0,304.0,0.0,0,436.02,0.0,1,4.43,1.39,SPY231027P00425000,425.0,0,0.0,0.0,,0.0,normalDay
2023-10-18,10114.0,199.0,0.0,0,430.21,0.0,1,4.43,2.44,SPY231027P00425000,425.0,0,0.0,0.0,,0.0,normalDay
2023-10-19,10114.0,-1.0,0.0,0,426.43,0.0,1,4.43,4.44,SPY231027P00425000,425.0,0,0.0,0.0,,0.0,normalDay
2023-10-20,10114.0,-164.0,0.0,0,421.19,0.0,1,4.43,6.07,SPY231027P00425000,425.0,0,0.0,0.0,,0.0,normalDay
2023-10-23,10114.0,-97.0,0.0,0,420.46,0.0,1,4.43,5.4,SPY231027P00425000,425.0,0,0.0,0.0,,0.0,normalDay
2023-10-24,10114.0,123.0,0.0,0,423.63,0.0,1,4.43,3.2,SPY231027P00425000,425.0,0,0.0,0.0,,0.0,normalDay
2023-10-25,10114.0,-296.0,0.0,0,417.55,0.0,1,4.43,7.39,SPY231027P00425000,425.0,0,0.0,0.0,,0.0,normalDay
2023-10-26,10114.0,-782.0,0.0,0,412.55,0.0,1,4.43,12.25,SPY231027P00425000,425.0,0,0.0,0.0,,0.0,normalDay
2023-10-27,10557.0,-1432.0,443.0,100,410.68,425.0,1,4.43,0.0,SPY231027P00425000,425.0,0,0.0,0.0,,0.0,expirationDay
2023-10-30,10557.0,-967.0,0.0,100,415.59,425.0,0,0.0,0.0,,0.0,1,14.6,14.86,SPY240328C00429000,429.0,normalDay
2023-10-31,10557.0,-745.0,0.0,100,418.2,425.0,0,0.0,0.0,,0.0,1,14.6,15.25,SPY240328C00429000,429.0,normalDay
2023-11-01,10557.0,-515.0,0.0,100,422.66,425.0,0,0.0,0.0,,0.0,1,14.6,17.41,SPY240328C00429000,429.0,normalDay
2023-11-02,10557.0,-161.0,0.0,100,430.76,425.0,0,0.0,0.0,,0.0,1,14.6,21.97,SPY240328C00429000,429.0,normalDay
2023-11-03,10557.0,-33.0,0.0,100,434.69,425.0,0,0.0,0.0,,0.0,1,14.6,24.62,SPY240328C00429000,429.0,normalDay
2023-11-06,10557.0,84.0,0.0,100,435.69,425.0,0,0.0,0.0,,0.0,1,14.6,24.45,SPY240328C00429000,429.0,normalDay
2023-11-07,10557.0,110.0,0.0,100,436.93,425.0,0,0.0,0.0,,0.0,1,14.6,25.43,SPY240328C00429000,429.0,normalDay
2023-11-08,10557.0,164.0,0.0,100,437.25,425.0,0,0.0,0.0,,0.0,1,14.6,25.21,SPY240328C00429000,429.0,normalDay
2023-11-09,10557.0,16.0,0.0,100,433.84,425.0,0,0.0,0.0,,0.0,1,14.6,23.28,SPY240328C00429000,429.0,normalDay
2023-11-10,10557.0,252.0,0.0,100,440.61,425.0,0,0.0,0.0,,0.0,1,14.6,27.69,SPY240328C00429000,429.0,normalDay
2023-11-13,10557.0,264.0,0.0,100,440.19,425.0,0,0.0,0.0,,0.0,1,14.6,27.15,SPY240328C00429000,429.0,normalDay
2023-11-14,10557.0,460.0,0.0,100,448.73,425.0,0,0.0,0.0,,0.0,1,14.6,33.73,SPY240328C00429000,429.0,normalDay
2023-11-15,10557.0,551.0,0.0,100,449.68,425.0,0,0.0,0.0,,0.0,1,14.6,33.77,SPY240328C00429000,429.0,normalDay
2023-11-16,10557.0,556.0,0.0,100,450.23,425.0,0,0.0,0.0,,0.0,1,14.6,34.27,SPY240328C00429000,429.0,normalDay
2023-11-17,10557.0,600.0,0.0,100,450.79,425.0,0,0.0,0.0,,0.0,1,14.6,34.39,SPY240328C00429000,429.0,normalDay
2023-11-20,10557.0,677.0,0.0,100,454.26,425.0,0,0.0,0.0,,0.0,1,14.6,37.09,SPY240328C00429000,429.0,normalDay
2023-11-21,10557.0,714.0,0.0,100,453.27,425.0,0,0.0,0.0,,0.0,1,14.6,35.73,SPY240328C00429000,429.0,normalDay
2023-11-22,10557.0,676.0,0.0,100,455.02,425.0,0,0.0,0.0,,0.0,1,14.6,37.86,SPY240328C00429000,429.0,normalDay
2023-11-24,10557.0,697.0,0.0,100,455.3,425.0,0,0.0,0.0,,0.0,1,14.6,37.93,SPY240328C00429000,429.0,normalDay
2023-11-27,10557.0,691.0,0.0,100,454.48,425.0,0,0.0,0.0,,0.0,1,14.6,37.17,SPY240328C00429000,429.0,normalDay
2023-11-28,10557.0,714.0,0.0,100,454.93,425.0,0,0.0,0.0,,0.0,1,14.6,37.39,SPY240328C00429000,429.0,normalDay
2023-11-29,10557.0,731.0,0.0,100,454.61,425.0,0,0.0,0.0,,0.0,1,14.6,36.9,SPY240328C00429000,429.0,normalDay
2023-11-30,10557.0,758.0,0.0,100,456.4,425.0,0,0.0,0.0,,0.0,1,14.6,38.42,SPY240328C00429000,429.0,normalDay
