date,totalCapital,unrializedPnL,rializedPnL,stocksOwned,stocksPriceToday,stocksPriceBoughtAt,putOwned,putOwnedSoldAt,putPriceToday,putOwnedContract,putOwnedStrike,callOwned,callOwnedSoldAt,callPriceToday,callOwnedContract,callOwnedStrike,trackType
2018-11-01,0.0,0.0,0.0,0,273.51,0.0,0,0.0,0.0,,0.0,0,0.0,0.0,,0.0,bidTooLow
2018-11-02,0.0,0.0,0.0,0,271.89,0.0,0,0.0,0.0,,0.0,0,0.0,0.0,,0.0,bidTooLow
2018-11-05,0.0,0.0,0.0,0,273.39,0.0,0,0.0,0.0,,0.0,0,0.0,0.0,,0.0,bidTooLow
2018-11-06,0.0,-3.0,0.0,0,275.12,0.0,1,0.03,0.06,SPY181109P00252500,252.5,0,0.0,0.0,,0.0,normalDay
2018-11-07,0.0,1.0,0.0,0,281.01,0.0,1,0.03,0.02,SPY181109P00252500,252.5,0,0.0,0.0,,0.0,normalDay
2018-11-08,0.0,2.0,0.0,0,280.5,0.0,1,0.03,0.01,SPY181109P00252500,252.5,0,0.0,0.0,,0.0,normalDay
2018-11-09,3.0,0.0,3.0,0,277.76,0.0,1,0.03,0.0,SPY181109P00252500,252.5,0,0.0,0.0,,0.0,expirationDay
2018-11-12,3.0,0.0,0.0,0,272.57,0.0,0,0.0,0.0,,0.0,0,0.0,0.0,,0.0,bidTooLow
2018-11-13,3.0,-3.0,0.0,0,272.06,0.0,1,0.03,0.06,SPY181116P00252000,252.0,0,0.0,0.0,,0.0,normalDay
2018-11-14,3.0,-1.0,0.0,0,270.2,0.0,1,0.03,0.04,SPY181116P00252000,252.0,0,0.0,0.0,,0.0,normalDay
2018-11-15,3.0,2.0,0.0,0,273.02,0.0,1,0.03,0.01,SPY181116P00252000,252.0,0,0.0,0.0,,0.0,normalDay
2018-11-16,6.0,0.0,3.0,0,273.73,0.0,1,0.03,0.0,SPY181116P00252000,252.0,0,0.0,0.0,,0.0,expirationDay
2018-11-19,6.0,0.0,0.0,0,269.1,0.0,0,0.0,0.0,,0.0,0,0.0,0.0,,0.0,bidTooLow
2018-11-20,6.0,-3.0,0.0,0,264.12,0.0,1,0.07,0.1,SPY181123P00251000,251.0,0,0.0,0.0,,0.0,normalDay
2018-11-21,6.0,5.0,0.0,0,265.02,0.0,1,0.07,0.02,SPY181123P00251000,251.0,0,0.0,0.0,,0.0,normalDay
2018-11-23,13.0,0.0,7.0,0,263.25,0.0,1,0.07,0.0,SPY181123P00251000,251.0,0,0.0,0.0,,0.0,expirationDay
2018-11-26,13.0,0.0,0.0,0,267.5,0.0,0,0.0,0.0,,0.0,0,0.0,0.0,,0.0,bidTooLow
2018-11-27,13.0,0.0,0.0,0,268.4,0.0,0,0.0,0.0,,0.0,0,0.0,0.0,,0.0,bidTooLow
2018-11-28,13.0,0.0,0.0,0,274.58,0.0,0,0.0,0.0,,0.0,0,0.0,0.0,,0.0,bidTooLow
2018-11-29,13.0,0.0,0.0,0,273.98,0.0,0,0.0,0.0,,0.0,0,0.0,0.0,,0.0,bidTooLow
2018-11-30,13.0,0.0,0.0,0,275.65,0.0,0,0.0,0.0,,0.0,0,0.0,0.0,,0.0,bidTooLow
2018-12-03,13.0,0.0,0.0,0,279.3,0.0,0,0.0,0.0,,0.0,0,0.0,0.0,,0.0,bidTooLow
2018-12-04,13.0,-3.0,0.0,0,270.25,0.0,1,0.07,0.1,SPY181207P00250000,250.0,0,0.0,0.0,,0.0,normalDay
2018-12-06,13.0,6.0,0.0,0,269.84,0.0,1,0.07,0.01,SPY181207P00250000,250.0,0,0.0,0.0,,0.0,normalDay
2018-12-07,20.0,0.0,7.0,0,263.57,0.0,1,0.07,0.0,SPY181207P00250000,250.0,0,0.0,0.0,,0.0,expirationDay
2018-12-10,20.0,-3.0,0.0,0,264.07,0.0,1,0.09,0.12,SPY181212P00250000,250.0,0,0.0,0.0,,0.0,normalDay
2018-12-11,20.0,7.0,0.0,0,264.13,0.0,1,0.09,0.02,SPY181212P00250000,250.0,0,0.0,0.0,,0.0,normalDay
2018-12-12,29.0,0.0,9.0,0,265.46,0.0,1,0.09,0.0,SPY181212P00250000,250.0,0,0.0,0.0,,0.0,expirationDay
2018-12-13,29.0,0.0,0.0,0,265.37,0.0,0,0.0,0.0,,0.0,0,0.0,0.0,,0.0,bidTooLow
2018-12-14,29.0,-3.0,0.0,0,260.47,0.0,1,0.01,0.04,SPY181217P00246500,246.5,0,0.0,0.0,,0.0,normalDay
2018-12-17,30.0,0.0,1.0,0,255.36,0.0,1,0.01,0.0,SPY181217P00246500,246.5,0,0.0,0.0,,0.0,expirationDay
2018-12-18,30.0,-3.0,0.0,0,255.08,0.0,1,0.32,0.35,SPY181221P00240000,240.0,0,0.0,0.0,,0.0,normalDay
2018-12-19,30.0,-1.0,0.0,0,251.26,0.0,1,0.32,0.33,SPY181221P00240000,240.0,0,0.0,0.0,,0.0,normalDay
2018-12-20,30.0,-1.0,0.0,0,247.17,0.0,1,0.32,0.33,SPY181221P00240000,240.0,0,0.0,0.0,,0.0,normalDay
2018-12-21,62.0,0.0,32.0,0,240.7,0.0,1,0.32,0.0,SPY181221P00240000,240.0,0,0.0,0.0,,0.0,expirationDay
2018-12-24,62.0,-3.0,0.0,0,234.34,0.0,1,0.06,0.09,SPY181226P00215000,215.0,0,0.0,0.0,,0.0,normalDay
2018-12-26,68.0,0.0,6.0,0,246.18,0.0,1,0.06,0.0,SPY181226P00215000,215.0,0,0.0,0.0,,0.0,expirationDay
2018-12-27,68.0,0.0,0.0,0,248.07,0.0,0,0.0,0.0,,0.0,0,0.0,0.0,,0.0,bidTooLow
2018-12-28,68.0,0.0,0.0,0,247.75,0.0,0,0.0,0.0,,0.0,0,0.0,0.0,,0.0,bidTooLow
2018-12-31,68.0,0.0,0.0,0,249.92,0.0,0,0.0,0.0,,0.0,0,0.0,0.0,,0.0,bidTooLow
2019-01-02,68.0,0.0,0.0,0,250.18,0.0,0,0.0,0.0,,0.0,0,0.0,0.0,,0.0,bidTooLow
2019-01-03,68.0,0.0,0.0,0,244.21,0.0,0,0.0,0.0,,0.0,0,0.0,0.0,,0.0,bidTooLow
2019-01-04,68.0,0.0,0.0,0,252.39,0.0,0,0.0,0.0,,0.0,0,0.0,0.0,,0.0,bidTooLow
2019-01-07,68.0,0.0,0.0,0,254.38,0.0,0,0.0,0.0,,0.0,0,0.0,0.0,,0.0,bidTooLow
2019-01-08,68.0,0.0,0.0,0,256.77,0.0,0,0.0,0.0,,0.0,0,0.0,0.0,,0.0,bidTooLow
2019-01-09,68.0,0.0,0.0,0,257.97,0.0,0,0.0,0.0,,0.0,0,0.0,0.0,,0.0,bidTooLow
2019-01-10,68.0,0.0,0.0,0,258.88,0.0,0,0.0,0.0,,0.0,0,0.0,0.0,,0.0,bidTooLow
2019-01-11,68.0,0.0,0.0,0,258.98,0.0,0,0.0,0.0,,0.0,0,0.0,0.0,,0.0,bidTooLow
2019-01-14,68.0,0.0,0.0,0,257.4,0.0,0,0.0,0.0,,0.0,0,0.0,0.0,,0.0,bidTooLow
2019-01-15,68.0,0.0,0.0,0,260.35,0.0,0,0.0,0.0,,0.0,0,0.0,0.0,,0.0,bidTooLow
2019-01-16,68.0,0.0,0.0,0,260.98,0.0,0,0.0,0.0,,0.0,0,0.0,0.0,,0.0,bidTooLow
2019-01-17,68.0,0.0,0.0,0,262.96,0.0,0,0.0,0.0,,0.0,0,0.0,0.0,,0.0,bidTooLow
2019-01-18,68.0,0.0,0.0,0,266.46,0.0,0,0.0,0.0,,0.0,0,0.0,0.0,,0.0,bidTooLow
2019-01-22,68.0,0.0,0.0,0,262.86,0.0,0,0.0,0.0,,0.0,0,0.0,0.0,,0.0,bidTooLow
2019-01-23,68.0,0.0,0.0,0,263.41,0.0,0,0.0,0.0,,0.0,0,0.0,0.0,,0.0,bidTooLow
2019-01-24,68.0,0.0,0.0,0,263.55,0.0,0,0.0,0.0,,0.0,0,0.0,0.0,,0.0,bidTooLow
2019-01-25,68.0,0.0,0.0,0,265.78,0.0,0,0.0,0.0,,0.0,0,0.0,0.0,,0.0,bidTooLow
2019-01-28,68.0,0.0,0.0,0,263.76,0.0,0,0.0,0.0,,0.0,0,0.0,0.0,,0.0,bidTooLow
2019-01-29,68.0,0.0,0.0,0,263.41,0.0,0,0.0,0.0,,0.0,0,0.0,0.0,,0.0,bidTooLow
2019-01-30,68.0,0.0,0.0,0,267.58,0.0,0,0.0,0.0,,0.0,0,0.0,0.0,,0.0,bidTooLow
2019-01-31,68.0,0.0,0.0,0,269.93,0.0,0,0.0,0.0,,0.0,0,0.0,0.0,,0.0,bidTooLow
2019-02-01,68.0,0.0,0.0,0,270.06,0.0,0,0.0,0.0,,0.0,0,0.0,0.0,,0.0,bidTooLow
2019-02-04,68.0,0.0,0.0,0,271.96,0.0,0,0.0,0.0,,0.0,0,0.0,0.0,,0.0,bidTooLow
2019-02-05,68.0,0.0,0.0,0,273.1,0.0,0,0.0,0.0,,0.0,0,0.0,0.0,,0.0,bidTooLow
2019-02-06,68.0,0.0,0.0,0,272.74,0.0,0,0.0,0.0,,0.0,0,0.0,0.0,,0.0,bidTooLow
2019-02-07,68.0,0.0,0.0,0,270.14,0.0,0,0.0,0.0,,0.0,0,0.0,0.0,,0.0,bidTooLow
2019-02-08,68.0,0.0,0.0,0,270.47,0.0,0,0.0,0.0,,0.0,0,0.0,0.0,,0.0,bidTooLow
2019-02-11,68.0,0.0,0.0,0,270.62,0.0,0,0.0,0.0,,0.0,0,0.0,0.0,,0.0,bidTooLow
2019-02-12,68.0,0.0,0.0,0,274.1,0.0,0,0.0,0.0,,0.0,0,0.0,0.0,,0.0,bidTooLow
2019-02-13,68.0,0.0,0.0,0,274.99,0.0,0,0.0,0.0,,0.0,0,0.0,0.0,,0.0,bidTooLow
2019-02-14,68.0,0.0,0.0,0,274.38,0.0,0,0.0,0.0,,0.0,0,0.0,0.0,,0.0,bidTooLow
2019-02-15,68.0,0.0,0.0,0,277.37,0.0,0,0.0,0.0,,0.0,0,0.0,0.0,,0.0,bidTooLow
2019-02-19,68.0,0.0,0.0,0,277.85,0.0,0,0.0,0.0,,0.0,0,0.0,0.0,,0.0,bidTooLow
2019-02-20,68.0,0.0,0.0,0,278.41,0.0,0,0.0,0.0,,0.0,0,0.0,0.0,,0.0,bidTooLow
2019-02-21,68.0,0.0,0.0,0,277.42,0.0,0,0.0,0.0,,0.0,0,0.0,0.0,,0.0,bidTooLow
2019-02-22,68.0,0.0,0.0,0,279.14,0.0,0,0.0,0.0,,0.0,0,0.0,0.0,,0.0,bidTooLow
2019-02-25,68.0,0.0,0.0,0,279.52,0.0,0,0.0,0.0,,0.0,0,0.0,0.0,,0.0,bidTooLow
2019-02-26,68.0,0.0,0.0,0,279.32,0.0,0,0.0,0.0,,0.0,0,0.0,0.0,,0.0,bidTooLow
2019-02-27,68.0,0.0,0.0,0,279.2,0.0,0,0.0,0.0,,0.0,0,0.0,0.0,,0.0,bidTooLow
2019-02-28,68.0,0.0,0.0,0,278.68,0.0,0,0.0,0.0,,0.0,0,0.0,0.0,,0.0,bidTooLow
2019-03-01,68.0,0.0,0.0,0,280.42,0.0,0,0.0,0.0,,0.0,0,0.0,0.0,,0.0,bidTooLow
2019-03-04,68.0,0.0,0.0,0,279.4,0.0,0,0.0,0.0,,0.0,0,0.0,0.0,,0.0,bidTooLow
2019-03-05,68.0,0.0,0.0,0,279.02,0.0,0,0.0,0.0,,0.0,0,0.0,0.0,,0.0,bidTooLow
2019-03-06,68.0,0.0,0.0,0,277.33,0.0,0,0.0,0.0,,0.0,0,0.0,0.0,,0.0,bidTooLow
2019-03-07,68.0,0.0,0.0,0,275.01,0.0,0,0.0,0.0,,0.0,0,0.0,0.0,,0.0,bidTooLow
2019-03-08,68.0,0.0,0.0,0,274.46,0.0,0,0.0,0.0,,0.0,0,0.0,0.0,,0.0,bidTooLow
2019-03-11,68.0,0.0,0.0,0,278.44,0.0,0,0.0,0.0,,0.0,0,0.0,0.0,,0.0,bidTooLow
2019-03-12,68.0,-3.0,0.0,0,279.49,0.0,1,0.04,0.07,SPY190315P00269000,269.0,0,0.0,0.0,,0.0,normalDay
2019-03-13,68.0,1.0,0.0,0,281.34,0.0,1,0.04,0.03,SPY190315P00269000,269.0,0,0.0,0.0,,0.0,normalDay
2019-03-14,68.0,1.0,0.0,0,281.16,0.0,1,0.04,0.03,SPY190315P00269000,269.0,0,0.0,0.0,,0.0,normalDay
2019-03-15,72.0,0.0,4.0,0,281.31,0.0,1,0.04,0.0,SPY190315P00269000,269.0,0,0.0,0.0,,0.0,expirationDay
2019-03-18,72.0,0.0,0.0,0,282.33,0.0,0,0.0,0.0,,0.0,0,0.0,0.0,,0.0,bidTooLow
2019-03-19,72.0,-3.0,0.0,0,282.4,0.0,1,0.01,0.04,SPY190322P00270000,270.0,0,0.0,0.0,,0.0,normalDay
2019-03-20,72.0,-1.0,0.0,0,281.55,0.0,1,0.01,0.02,SPY190322P00270000,270.0,0,0.0,0.0,,0.0,normalDay
2019-03-21,72.0,0.0,0.0,0,284.73,0.0,1,0.01,0.01,SPY190322P00270000,270.0,0,0.0,0.0,,0.0,normalDay
2019-03-22,73.0,0.0,1.0,0,279.25,0.0,1,0.01,0.0,SPY190322P00270000,270.0,0,0.0,0.0,,0.0,expirationDay
2019-03-25,73.0,-3.0,0.0,0,279.04,0.0,1,0.01,0.04,SPY190327P00269000,269.0,0,0.0,0.0,,0.0,normalDay
2019-03-26,73.0,0.0,0.0,0,281.12,0.0,1,0.01,0.01,SPY190327P00269000,269.0,0,0.0,0.0,,0.0,normalDay
2019-03-27,74.0,0.0,1.0,0,279.65,0.0,1,0.01,0.0,SPY190327P00269000,269.0,0,0.0,0.0,,0.0,expirationDay
2019-03-28,74.0,0.0,0.0,0,280.71,0.0,0,0.0,0.0,,0.0,0,0.0,0.0,,0.0,bidTooLow
2019-03-29,74.0,0.0,0.0,0,282.48,0.0,0,0.0,0.0,,0.0,0,0.0,0.0,,0.0,bidTooLow
2019-04-01,74.0,0.0,0.0,0,285.83,0.0,0,0.0,0.0,,0.0,0,0.0,0.0,,0.0,bidTooLow
2019-04-02,74.0,0.0,0.0,0,285.97,0.0,0,0.0,0.0,,0.0,0,0.0,0.0,,0.0,bidTooLow
2019-04-03,74.0,0.0,0.0,0,286.42,0.0,0,0.0,0.0,,0.0,0,0.0,0.0,,0.0,bidTooLow
2019-04-04,74.0,0.0,0.0,0,287.18,0.0,0,0.0,0.0,,0.0,0,0.0,0.0,,0.0,bidTooLow
2019-04-05,74.0,0.0,0.0,0,288.57,0.0,0,0.0,0.0,,0.0,0,0.0,0.0,,0.0,bidTooLow
2019-04-08,74.0,0.0,0.0,0,288.79,0.0,0,0.0,0.0,,0.0,0,0.0,0.0,,0.0,bidTooLow
2019-04-09,74.0,0.0,0.0,0,287.31,0.0,0,0.0,0.0,,0.0,0,0.0,0.0,,0.0,bidTooLow
2019-04-10,74.0,0.0,0.0,0,288.29,0.0,0,0.0,0.0,,0.0,0,0.0,0.0,,0.0,bidTooLow
2019-04-11,74.0,0.0,0.0,0,288.21,0.0,0,0.0,0.0,,0.0,0,0.0,0.0,,0.0,bidTooLow
2019-04-12,74.0,0.0,0.0,0,290.16,0.0,0,0.0,0.0,,0.0,0,0.0,0.0,,0.0,bidTooLow
2019-04-15,74.0,0.0,0.0,0,289.97,0.0,0,0.0,0.0,,0.0,0,0.0,0.0,,0.0,bidTooLow
2019-04-16,74.0,0.0,0.0,0,290.16,0.0,0,0.0,0.0,,0.0,0,0.0,0.0,,0.0,bidTooLow
2019-04-17,74.0,0.0,0.0,0,289.45,0.0,0,0.0,0.0,,0.0,0,0.0,0.0,,0.0,bidTooLow
2019-04-18,74.0,0.0,0.0,0,290.02,0.0,0,0.0,0.0,,0.0,0,0.0,0.0,,0.0,bidTooLow
2019-04-22,74.0,0.0,0.0,0,290.27,0.0,0,0.0,0.0,,0.0,0,0.0,0.0,,0.0,bidTooLow
2019-04-23,74.0,0.0,0.0,0,292.88,0.0,0,0.0,0.0,,0.0,0,0.0,0.0,,0.0,bidTooLow
2019-04-24,74.0,0.0,0.0,0,292.23,0.0,0,0.0,0.0,,0.0,0,0.0,0.0,,0.0,bidTooLow
2019-04-25,74.0,0.0,0.0,0,292.05,0.0,0,0.0,0.0,,0.0,0,0.0,0.0,,0.0,bidTooLow
2019-04-26,74.0,0.0,0.0,0,293.41,0.0,0,0.0,0.0,,0.0,0,0.0,0.0,,0.0,bidTooLow
2019-04-29,74.0,0.0,0.0,0,293.87,0.0,0,0.0,0.0,,0.0,0,0.0,0.0,,0.0,bidTooLow
2019-04-30,74.0,-3.0,0.0,0,294.02,0.0,1,0.02,0.05,SPY190503P00279500,279.5,0,0.0,0.0,,0.0,normalDay
2019-05-01,74.0,-5.0,0.0,0,291.81,0.0,1,0.02,0.07,SPY190503P00279500,279.5,0,0.0,0.0,,0.0,normalDay
2019-05-02,74.0,0.0,0.0,0,291.18,0.0,1,0.02,0.02,SPY190503P00279500,279.5,0,0.0,0.0,,0.0,normalDay
2019-05-03,76.0,0.0,2.0,0,294.03,0.0,1,0.02,0.0,SPY190503P00279500,279.5,0,0.0,0.0,,0.0,expirationDay
2019-05-06,76.0,-3.0,0.0,0,292.82,0.0,1,0.02,0.05,SPY190508P00282000,282.0,0,0.0,0.0,,0.0,normalDay
2019-05-07,76.0,-13.0,0.0,0,287.93,0.0,1,0.02,0.15,SPY190508P00282000,282.0,0,0.0,0.0,,0.0,normalDay
2019-05-08,78.0,0.0,2.0,0,287.53,0.0,1,0.02,0.0,SPY190508P00282000,282.0,0,0.0,0.0,,0.0,expirationDay
2019-05-09,78.0,-3.0,0.0,0,286.66,0.0,1,0.52,0.55,SPY190510P00281000,281.0,0,0.0,0.0,,0.0,normalDay
2019-05-10,130.0,0.0,52.0,0,288.1,0.0,1,0.52,0.0,SPY190510P00281000,281.0,0,0.0,0.0,,0.0,expirationDay
2019-05-13,130.0,-5.0,0.0,0,280.86,0.0,1,0.76,0.81,SPY190515P00276500,276.5,0,0.0,0.0,,0.0,normalDay
2019-05-14,130.0,70.0,0.0,0,283.4,0.0,1,0.76,0.06,SPY190515P00276500,276.5,0,0.0,0.0,,0.0,normalDay
2019-05-15,206.0,0.0,76.0,0,285.06,0.0,1,0.76,0.0,SPY190515P00276500,276.5,0,0.0,0.0,,0.0,expirationDay
2019-05-16,206.0,0.0,0.0,0,287.7,0.0,0,0.0,0.0,,0.0,0,0.0,0.0,,0.0,bidTooLow
2019-05-17,206.0,0.0,0.0,0,285.84,0.0,0,0.0,0.0,,0.0,0,0.0,0.0,,0.0,bidTooLow
2019-05-20,206.0,0.0,0.0,0,283.95,0.0,0,0.0,0.0,,0.0,0,0.0,0.0,,0.0,bidTooLow
2019-05-21,206.0,0.0,0.0,0,286.51,0.0,0,0.0,0.0,,0.0,0,0.0,0.0,,0.0,bidTooLow
2019-05-22,206.0,0.0,0.0,0,285.63,0.0,0,0.0,0.0,,0.0,0,0.0,0.0,,0.0,bidTooLow
2019-05-23,206.0,0.0,0.0,0,282.14,0.0,0,0.0,0.0,,0.0,0,0.0,0.0,,0.0,bidTooLow
2019-05-24,206.0,0.0,0.0,0,282.78,0.0,0,0.0,0.0,,0.0,0,0.0,0.0,,0.0,bidTooLow
2019-05-28,206.0,-3.0,0.0,0,280.15,0.0,1,0.06,0.09,SPY190531P00269000,269.0,0,0.0,0.0,,0.0,normalDay
2019-05-29,206.0,-1.0,0.0,0,278.27,0.0,1,0.06,0.07,SPY190531P00269000,269.0,0,0.0,0.0,,0.0,normalDay
2019-05-30,206.0,4.0,0.0,0,279.03,0.0,1,0.06,0.02,SPY190531P00269000,269.0,0,0.0,0.0,,0.0,normalDay
2019-05-31,212.0,0.0,6.0,0,275.27,0.0,1,0.06,0.0,SPY190531P00269000,269.0,0,0.0,0.0,,0.0,expirationDay
2019-06-03,212.0,-3.0,0.0,0,274.57,0.0,1,0.01,0.04,SPY190605P00264000,264.0,0,0.0,0.0,,0.0,normalDay
2019-06-04,212.0,0.0,0.0,0,280.53,0.0,1,0.01,0.01,SPY190605P00264000,264.0,0,0.0,0.0,,0.0,normalDay
2019-06-05,213.0,0.0,1.0,0,282.96,0.0,1,0.01,0.0,SPY190605P00264000,264.0,0,0.0,0.0,,0.0,expirationDay
2019-06-06,213.0,0.0,0.0,0,284.8,0.0,0,0.0,0.0,,0.0,0,0.0,0.0,,0.0,bidTooLow
2019-06-07,213.0,0.0,0.0,0,287.65,0.0,0,0.0,0.0,,0.0,0,0.0,0.0,,0.0,bidTooLow
2019-06-10,213.0,0.0,0.0,0,288.97,0.0,0,0.0,0.0,,0.0,0,0.0,0.0,,0.0,bidTooLow
2019-06-11,213.0,0.0,0.0,0,288.9,0.0,0,0.0,0.0,,0.0,0,0.0,0.0,,0.0,bidTooLow
2019-06-12,213.0,0.0,0.0,0,288.39,0.0,0,0.0,0.0,,0.0,0,0.0,0.0,,0.0,bidTooLow
2019-06-13,213.0,0.0,0.0,0,289.58,0.0,0,0.0,0.0,,0.0,0,0.0,0.0,,0.0,bidTooLow
2019-06-14,213.0,0.0,0.0,0,289.26,0.0,0,0.0,0.0,,0.0,0,0.0,0.0,,0.0,bidTooLow
2019-06-17,213.0,0.0,0.0,0,289.37,0.0,0,0.0,0.0,,0.0,0,0.0,0.0,,0.0,bidTooLow
2019-06-18,213.0,0.0,0.0,0,292.4,0.0,0,0.0,0.0,,0.0,0,0.0,0.0,,0.0,bidTooLow
2019-06-19,213.0,0.0,0.0,0,293.06,0.0,0,0.0,0.0,,0.0,0,0.0,0.0,,0.0,bidTooLow
2019-06-20,213.0,0.0,0.0,0,295.86,0.0,0,0.0,0.0,,0.0,0,0.0,0.0,,0.0,bidTooLow
2019-06-21,213.0,0.0,0.0,0,294.0,0.0,0,0.0,0.0,,0.0,0,0.0,0.0,,0.0,bidTooLow
2019-06-24,213.0,0.0,0.0,0,293.64,0.0,0,0.0,0.0,,0.0,0,0.0,0.0,,0.0,bidTooLow
2019-06-25,213.0,0.0,0.0,0,290.76,0.0,0,0.0,0.0,,0.0,0,0.0,0.0,,0.0,bidTooLow
2019-06-26,213.0,0.0,0.0,0,290.47,0.0,0,0.0,0.0,,0.0,0,0.0,0.0,,0.0,bidTooLow
2019-06-27,213.0,0.0,0.0,0,291.5,0.0,0,0.0,0.0,,0.0,0,0.0,0.0,,0.0,bidTooLow
2019-06-28,213.0,0.0,0.0,0,293.0,0.0,0,0.0,0.0,,0.0,0,0.0,0.0,,0.0,bidTooLow
2019-07-01,213.0,0.0,0.0,0,295.66,0.0,0,0.0,0.0,,0.0,0,0.0,0.0,,0.0,bidTooLow
2019-07-02,213.0,0.0,0.0,0,296.43,0.0,0,0.0,0.0,,0.0,0,0.0,0.0,,0.0,bidTooLow
2019-07-03,213.0,0.0,0.0,0,298.8,0.0,0,0.0,0.0,,0.0,0,0.0,0.0,,0.0,bidTooLow
2019-07-05,213.0,0.0,0.0,0,298.46,0.0,0,0.0,0.0,,0.0,0,0.0,0.0,,0.0,bidTooLow
2019-07-08,213.0,0.0,0.0,0,296.82,0.0,0,0.0,0.0,,0.0,0,0.0,0.0,,0.0,bidTooLow
2019-07-09,213.0,0.0,0.0,0,297.19,0.0,0,0.0,0.0,,0.0,0,0.0,0.0,,0.0,bidTooLow
2019-07-10,213.0,0.0,0.0,0,298.61,0.0,0,0.0,0.0,,0.0,0,0.0,0.0,,0.0,bidTooLow
2019-07-11,213.0,0.0,0.0,0,299.31,0.0,0,0.0,0.0,,0.0,0,0.0,0.0,,0.0,bidTooLow
2019-07-12,213.0,0.0,0.0,0,300.65,0.0,0,0.0,0.0,,0.0,0,0.0,0.0,,0.0,bidTooLow
2019-07-15,213.0,0.0,0.0,0,300.75,0.0,0,0.0,0.0,,0.0,0,0.0,0.0,,0.0,bidTooLow
2019-07-16,213.0,0.0,0.0,0,299.78,0.0,0,0.0,0.0,,0.0,0,0.0,0.0,,0.0,bidTooLow
2019-07-17,213.0,0.0,0.0,0,297.74,0.0,0,0.0,0.0,,0.0,0,0.0,0.0,,0.0,bidTooLow
2019-07-18,213.0,0.0,0.0,0,298.83,0.0,0,0.0,0.0,,0.0,0,0.0,0.0,,0.0,bidTooLow
2019-07-19,213.0,0.0,0.0,0,297.17,0.0,0,0.0,0.0,,0.0,0,0.0,0.0,,0.0,bidTooLow
2019-07-22,213.0,0.0,0.0,0,297.9,0.0,0,0.0,0.0,,0.0,0,0.0,0.0,,0.0,bidTooLow
2019-07-23,213.0,0.0,0.0,0,300.03,0.0,0,0.0,0.0,,0.0,0,0.0,0.0,,0.0,bidTooLow
2019-07-24,213.0,0.0,0.0,0,301.44,0.0,0,0.0,0.0,,0.0,0,0.0,0.0,,0.0,bidTooLow
2019-07-25,213.0,0.0,0.0,0,300.0,0.0,0,0.0,0.0,,0.0,0,0.0,0.0,,0.0,bidTooLow
2019-07-26,213.0,0.0,0.0,0,302.01,0.0,0,0.0,0.0,,0.0,0,0.0,0.0,,0.0,bidTooLow
2019-07-29,213.0,0.0,0.0,0,301.46,0.0,0,0.0,0.0,,0.0,0,0.0,0.0,,0.0,bidTooLow
2019-07-30,213.0,-3.0,0.0,0,300.72,0.0,1,0.14,0.17,SPY190802P00292000,292.0,0,0.0,0.0,,0.0,normalDay
2019-07-31,213.0,-42.0,0.0,0,297.43,0.0,1,0.14,0.56,SPY190802P00292000,292.0,0,0.0,0.0,,0.0,normalDay
2019-08-01,213.0,-29.0,0.0,0,294.84,0.0,1,0.14,0.43,SPY190802P00292000,292.0,0,0.0,0.0,,0.0,normalDay
2019-08-02,227.0,0.0,14.0,0,292.62,0.0,1,0.14,0.0,SPY190802P00292000,292.0,0,0.0,0.0,,0.0,expirationDay
2019-08-05,227.0,-5.0,0.0,0,283.82,0.0,1,2.1,2.15,SPY190807P00281000,281.0,0,0.0,0.0,,0.0,normalDay
2019-08-06,227.0,190.0,0.0,0,287.8,0.0,1,2.1,0.2,SPY190807P00281000,281.0,0,0.0,0.0,,0.0,normalDay
2019-08-07,437.0,0.0,210.0,0,287.97,0.0,1,2.1,0.0,SPY190807P00281000,281.0,0,0.0,0.0,,0.0,expirationDay
2019-08-08,437.0,0.0,0.0,0,293.62,0.0,0,0.0,0.0,,0.0,0,0.0,0.0,,0.0,bidTooLow
2019-08-09,437.0,0.0,0.0,0,291.62,0.0,0,0.0,0.0,,0.0,0,0.0,0.0,,0.0,bidTooLow
2019-08-12,437.0,-3.0,0.0,0,288.07,0.0,1,0.03,0.06,SPY190814P00272000,272.0,0,0.0,0.0,,0.0,normalDay
2019-08-13,437.0,2.0,0.0,0,292.55,0.0,1,0.03,0.01,SPY190814P00272000,272.0,0,0.0,0.0,,0.0,normalDay
2019-08-14,440.0,0.0,3.0,0,283.9,0.0,1,0.03,0.0,SPY190814P00272000,272.0,0,0.0,0.0,,0.0,expirationDay
2019-08-15,440.0,0.0,0.0,0,284.65,0.0,0,0.0,0.0,,0.0,0,0.0,0.0,,0.0,bidTooLow
2019-08-16,440.0,0.0,0.0,0,288.85,0.0,0,0.0,0.0,,0.0,0,0.0,0.0,,0.0,bidTooLow
2019-08-19,440.0,0.0,0.0,0,292.33,0.0,0,0.0,0.0,,0.0,0,0.0,0.0,,0.0,bidTooLow
2019-08-20,440.0,0.0,0.0,0,290.09,0.0,0,0.0,0.0,,0.0,0,0.0,0.0,,0.0,bidTooLow
2019-08-21,440.0,0.0,0.0,0,292.45,0.0,0,0.0,0.0,,0.0,0,0.0,0.0,,0.0,bidTooLow
2019-08-22,440.0,0.0,0.0,0,292.36,0.0,0,0.0,0.0,,0.0,0,0.0,0.0,,0.0,bidTooLow
2019-08-23,440.0,-3.0,0.0,0,284.85,0.0,1,0.04,0.07,SPY190826P00269000,269.0,0,0.0,0.0,,0.0,normalDay
2019-08-26,444.0,0.0,4.0,0,288.0,0.0,1,0.04,0.0,SPY190826P00269000,269.0,0,0.0,0.0,,0.0,expirationDay
2019-08-27,444.0,-3.0,0.0,0,286.87,0.0,1,0.07,0.1,SPY190830P00273000,273.0,0,0.0,0.0,,0.0,normalDay
2019-08-28,444.0,3.0,0.0,0,288.89,0.0,1,0.07,0.04,SPY190830P00273000,273.0,0,0.0,0.0,,0.0,normalDay
2019-08-29,444.0,6.0,0.0,0,292.58,0.0,1,0.07,0.01,SPY190830P00273000,273.0,0,0.0,0.0,,0.0,normalDay
2019-08-30,451.0,0.0,7.0,0,292.45,0.0,1,0.07,0.0,SPY190830P00273000,273.0,0,0.0,0.0,,0.0,expirationDay
2019-09-03,451.0,-3.0,0.0,0,290.74,0.0,1,0.06,0.09,SPY190906P00276500,276.5,0,0.0,0.0,,0.0,normalDay
2019-09-04,451.0,4.0,0.0,0,294.04,0.0,1,0.06,0.02,SPY190906P00276500,276.5,0,0.0,0.0,,0.0,normalDay
2019-09-05,451.0,5.0,0.0,0,297.82,0.0,1,0.06,0.01,SPY190906P00276500,276.5,0,0.0,0.0,,0.0,normalDay
2019-09-06,457.0,0.0,6.0,0,298.05,0.0,1,0.06,0.0,SPY190906P00276500,276.5,0,0.0,0.0,,0.0,expirationDay
2019-09-09,457.0,0.0,0.0,0,298.2,0.0,0,0.0,0.0,,0.0,0,0.0,0.0,,0.0,bidTooLow
2019-09-10,457.0,0.0,0.0,0,298.13,0.0,0,0.0,0.0,,0.0,0,0.0,0.0,,0.0,bidTooLow
2019-09-11,457.0,0.0,0.0,0,300.25,0.0,0,0.0,0.0,,0.0,0,0.0,0.0,,0.0,bidTooLow
2019-09-12,457.0,0.0,0.0,0,301.29,0.0,0,0.0,0.0,,0.0,0,0.0,0.0,,0.0,bidTooLow
2019-09-13,457.0,0.0,0.0,0,301.09,0.0,0,0.0,0.0,,0.0,0,0.0,0.0,,0.0,bidTooLow
2019-09-16,457.0,0.0,0.0,0,300.16,0.0,0,0.0,0.0,,0.0,0,0.0,0.0,,0.0,bidTooLow
2019-09-17,457.0,-3.0,0.0,0,300.92,0.0,1,0.01,0.04,SPY190920P00272000,272.0,0,0.0,0.0,,0.0,normalDay
2019-09-18,457.0,-2.0,0.0,0,301.1,0.0,1,0.01,0.03,SPY190920P00272000,272.0,0,0.0,0.0,,0.0,normalDay
2019-09-19,457.0,-1.0,0.0,0,301.08,0.0,1,0.01,0.02,SPY190920P00272000,272.0,0,0.0,0.0,,0.0,normalDay
2019-09-20,458.0,0.0,1.0,0,298.28,0.0,1,0.01,0.0,SPY190920P00272000,272.0,0,0.0,0.0,,0.0,expirationDay
2019-09-23,458.0,0.0,0.0,0,298.21,0.0,0,0.0,0.0,,0.0,0,0.0,0.0,,0.0,bidTooLow
2019-09-24,458.0,-3.0,0.0,0,295.87,0.0,1,0.04,0.07,SPY190927P00278000,278.0,0,0.0,0.0,,0.0,normalDay
2019-09-25,458.0,1.0,0.0,0,297.62,0.0,1,0.04,0.03,SPY190927P00278000,278.0,0,0.0,0.0,,0.0,normalDay
2019-09-26,458.0,3.0,0.0,0,297.0,0.0,1,0.04,0.01,SPY190927P00278000,278.0,0,0.0,0.0,,0.0,normalDay
2019-09-27,462.0,0.0,4.0,0,295.4,0.0,1,0.04,0.0,SPY190927P00278000,278.0,0,0.0,0.0,,0.0,expirationDay
2019-09-30,462.0,-3.0,0.0,0,296.77,0.0,1,0.01,0.04,SPY191002P00286000,286.0,0,0.0,0.0,,0.0,normalDay
2019-10-01,462.0,-3.0,0.0,0,293.24,0.0,1,0.01,0.04,SPY191002P00286000,286.0,0,0.0,0.0,,0.0,normalDay
2019-10-02,463.0,0.0,1.0,0,288.06,0.0,1,0.01,0.0,SPY191002P00286000,286.0,0,0.0,0.0,,0.0,expirationDay
2019-10-03,463.0,-3.0,0.0,0,290.42,0.0,1,0.02,0.05,SPY191004P00282000,282.0,0,0.0,0.0,,0.0,normalDay
2019-10-04,465.0,0.0,2.0,0,294.35,0.0,1,0.02,0.0,SPY191004P00282000,282.0,0,0.0,0.0,,0.0,expirationDay
2019-10-07,465.0,0.0,0.0,0,293.08,0.0,0,0.0,0.0,,0.0,0,0.0,0.0,,0.0,bidTooLow
2019-10-08,465.0,-3.0,0.0,0,288.53,0.0,1,0.16,0.19,SPY191011P00278000,278.0,0,0.0,0.0,,0.0,normalDay
2019-10-09,465.0,12.0,0.0,0,291.27,0.0,1,0.16,0.04,SPY191011P00278000,278.0,0,0.0,0.0,,0.0,normalDay
2019-10-10,465.0,14.0,0.0,0,293.24,0.0,1,0.16,0.02,SPY191011P00278000,278.0,0,0.0,0.0,,0.0,normalDay
2019-10-11,481.0,0.0,16.0,0,296.28,0.0,1,0.16,0.0,SPY191011P00278000,278.0,0,0.0,0.0,,0.0,expirationDay
2019-10-14,481.0,0.0,0.0,0,295.95,0.0,0,0.0,0.0,,0.0,0,0.0,0.0,,0.0,bidTooLow
2019-10-15,481.0,0.0,0.0,0,298.88,0.0,0,0.0,0.0,,0.0,0,0.0,0.0,,0.0,bidTooLow
2019-10-16,481.0,0.0,0.0,0,298.4,0.0,0,0.0,0.0,,0.0,0,0.0,0.0,,0.0,bidTooLow
2019-10-17,481.0,0.0,0.0,0,299.28,0.0,0,0.0,0.0,,0.0,0,0.0,0.0,,0.0,bidTooLow
2019-10-18,481.0,0.0,0.0,0,297.97,0.0,0,0.0,0.0,,0.0,0,0.0,0.0,,0.0,bidTooLow
2019-10-21,481.0,0.0,0.0,0,299.99,0.0,0,0.0,0.0,,0.0,0,0.0,0.0,,0.0,bidTooLow
2019-10-22,481.0,0.0,0.0,0,299.01,0.0,0,0.0,0.0,,0.0,0,0.0,0.0,,0.0,bidTooLow
2019-10-23,481.0,0.0,0.0,0,299.88,0.0,0,0.0,0.0,,0.0,0,0.0,0.0,,0.0,bidTooLow
2019-10-24,481.0,0.0,0.0,0,300.37,0.0,0,0.0,0.0,,0.0,0,0.0,0.0,,0.0,bidTooLow
2019-10-25,481.0,0.0,0.0,0,301.6,0.0,0,0.0,0.0,,0.0,0,0.0,0.0,,0.0,bidTooLow
2019-10-28,481.0,0.0,0.0,0,303.3,0.0,0,0.0,0.0,,0.0,0,0.0,0.0,,0.0,bidTooLow
2019-10-29,481.0,0.0,0.0,0,303.21,0.0,0,0.0,0.0,,0.0,0,0.0,0.0,,0.0,bidTooLow
2019-10-30,481.0,0.0,0.0,0,304.14,0.0,0,0.0,0.0,,0.0,0,0.0,0.0,,0.0,bidTooLow
2019-10-31,481.0,0.0,0.0,0,303.33,0.0,0,0.0,0.0,,0.0,0,0.0,0.0,,0.0,bidTooLow
2019-11-01,481.0,0.0,0.0,0,306.14,0.0,0,0.0,0.0,,0.0,0,0.0,0.0,,0.0,bidTooLow
2019-11-04,481.0,0.0,0.0,0,307.37,0.0,0,0.0,0.0,,0.0,0,0.0,0.0,,0.0,bidTooLow
2019-11-05,481.0,0.0,0.0,0,307.03,0.0,0,0.0,0.0,,0.0,0,0.0,0.0,,0.0,bidTooLow
2019-11-06,481.0,0.0,0.0,0,307.1,0.0,0,0.0,0.0,,0.0,0,0.0,0.0,,0.0,bidTooLow
2019-11-07,481.0,0.0,0.0,0,308.18,0.0,0,0.0,0.0,,0.0,0,0.0,0.0,,0.0,bidTooLow
2019-11-08,481.0,0.0,0.0,0,308.94,0.0,0,0.0,0.0,,0.0,0,0.0,0.0,,0.0,bidTooLow
2019-11-11,481.0,0.0,0.0,0,308.35,0.0,0,0.0,0.0,,0.0,0,0.0,0.0,,0.0,bidTooLow
2019-11-12,481.0,0.0,0.0,0,309.0,0.0,0,0.0,0.0,,0.0,0,0.0,0.0,,0.0,bidTooLow
2019-11-13,481.0,0.0,0.0,0,309.1,0.0,0,0.0,0.0,,0.0,0,0.0,0.0,,0.0,bidTooLow
2019-11-14,481.0,0.0,0.0,0,309.55,0.0,0,0.0,0.0,,0.0,0,0.0,0.0,,0.0,bidTooLow
2019-11-15,481.0,0.0,0.0,0,311.79,0.0,0,0.0,0.0,,0.0,0,0.0,0.0,,0.0,bidTooLow
2019-11-18,481.0,0.0,0.0,0,312.02,0.0,0,0.0,0.0,,0.0,0,0.0,0.0,,0.0,bidTooLow
2019-11-19,481.0,0.0,0.0,0,311.93,0.0,0,0.0,0.0,,0.0,0,0.0,0.0,,0.0,bidTooLow
2019-11-20,481.0,0.0,0.0,0,310.77,0.0,0,0.0,0.0,,0.0,0,0.0,0.0,,0.0,bidTooLow
2019-11-21,481.0,0.0,0.0,0,310.27,0.0,0,0.0,0.0,,0.0,0,0.0,0.0,,0.0,bidTooLow
2019-11-22,481.0,0.0,0.0,0,310.96,0.0,0,0.0,0.0,,0.0,0,0.0,0.0,,0.0,bidTooLow
2019-11-25,481.0,0.0,0.0,0,313.37,0.0,0,0.0,0.0,,0.0,0,0.0,0.0,,0.0,bidTooLow
2019-11-26,481.0,0.0,0.0,0,314.08,0.0,0,0.0,0.0,,0.0,0,0.0,0.0,,0.0,bidTooLow
2019-11-27,481.0,0.0,0.0,0,315.48,0.0,0,0.0,0.0,,0.0,0,0.0,0.0,,0.0,bidTooLow
2019-11-29,481.0,0.0,0.0,0,314.31,0.0,0,0.0,0.0,,0.0,0,0.0,0.0,,0.0,bidTooLow
2019-12-02,481.0,-3.0,0.0,0,311.64,0.0,1,0.02,0.05,SPY191204P00300000,300.0,0,0.0,0.0,,0.0,normalDay
2019-12-03,481.0,-1.0,0.0,0,309.55,0.0,1,0.02,0.03,SPY191204P00300000,300.0,0,0.0,0.0,,0.0,normalDay
2019-12-04,483.0,0.0,2.0,0,311.46,0.0,1,0.02,0.0,SPY191204P00300000,300.0,0,0.0,0.0,,0.0,expirationDay
2019-12-05,483.0,0.0,0.0,0,312.02,0.0,0,0.0,0.0,,0.0,0,0.0,0.0,,0.0,bidTooLow
2019-12-06,483.0,0.0,0.0,0,314.87,0.0,0,0.0,0.0,,0.0,0,0.0,0.0,,0.0,bidTooLow
2019-12-09,483.0,-3.0,0.0,0,313.88,0.0,1,0.05,0.08,SPY191211P00303000,303.0,0,0.0,0.0,,0.0,normalDay
2019-12-10,483.0,2.0,0.0,0,313.53,0.0,1,0.05,0.03,SPY191211P00303000,303.0,0,0.0,0.0,,0.0,normalDay
2019-12-11,488.0,0.0,5.0,0,314.42,0.0,1,0.05,0.0,SPY191211P00303000,303.0,0,0.0,0.0,,0.0,expirationDay
2019-12-12,488.0,0.0,0.0,0,317.13,0.0,0,0.0,0.0,,0.0,0,0.0,0.0,,0.0,bidTooLow
2019-12-13,488.0,-3.0,0.0,0,317.32,0.0,1,0.01,0.04,SPY191216P00304000,304.0,0,0.0,0.0,,0.0,normalDay
2019-12-16,489.0,0.0,1.0,0,319.5,0.0,1,0.01,0.0,SPY191216P00304000,304.0,0,0.0,0.0,,0.0,expirationDay
2019-12-17,489.0,-3.0,0.0,0,319.57,0.0,1,0.02,0.05,SPY191220P00301500,301.5,0,0.0,0.0,,0.0,normalDay
2019-12-18,489.0,-2.0,0.0,0,319.59,0.0,1,0.02,0.04,SPY191220P00301500,301.5,0,0.0,0.0,,0.0,normalDay
2019-12-19,489.0,-1.0,0.0,0,320.9,0.0,1,0.02,0.03,SPY191220P00301500,301.5,0,0.0,0.0,,0.0,normalDay
2019-12-20,491.0,0.0,2.0,0,320.73,0.0,1,0.02,0.0,SPY191220P00301500,301.5,0,0.0,0.0,,0.0,expirationDay
2019-12-23,491.0,0.0,0.0,0,321.22,0.0,0,0.0,0.0,,0.0,0,0.0,0.0,,0.0,bidTooLow
2019-12-24,491.0,0.0,0.0,0,321.23,0.0,0,0.0,0.0,,0.0,0,0.0,0.0,,0.0,bidTooLow
2019-12-26,491.0,0.0,0.0,0,322.94,0.0,0,0.0,0.0,,0.0,0,0.0,0.0,,0.0,bidTooLow
2019-12-27,491.0,0.0,0.0,0,322.86,0.0,0,0.0,0.0,,0.0,0,0.0,0.0,,0.0,bidTooLow
2019-12-30,491.0,0.0,0.0,0,321.08,0.0,0,0.0,0.0,,0.0,0,0.0,0.0,,0.0,bidTooLow
2019-12-31,491.0,-3.0,0.0,0,321.86,0.0,1,0.03,0.06,SPY200103P00300000,300.0,0,0.0,0.0,,0.0,normalDay
2020-01-02,491.0,2.0,0.0,0,324.87,0.0,1,0.03,0.01,SPY200103P00300000,300.0,0,0.0,0.0,,0.0,normalDay
2020-01-03,494.0,0.0,3.0,0,322.41,0.0,1,0.03,0.0,SPY200103P00300000,300.0,0,0.0,0.0,,0.0,expirationDay
2020-01-06,494.0,0.0,0.0,0,323.64,0.0,0,0.0,0.0,,0.0,0,0.0,0.0,,0.0,bidTooLow
2020-01-07,494.0,0.0,0.0,0,322.73,0.0,0,0.0,0.0,,0.0,0,0.0,0.0,,0.0,bidTooLow
2020-01-08,494.0,-3.0,0.0,0,324.45,0.0,1,0.01,0.04,SPY200110P00307500,307.5,0,0.0,0.0,,0.0,normalDay
2020-01-09,494.0,0.0,0.0,0,326.65,0.0,1,0.01,0.01,SPY200110P00307500,307.5,0,0.0,0.0,,0.0,normalDay
2020-01-10,495.0,0.0,1.0,0,325.71,0.0,1,0.01,0.0,SPY200110P00307500,307.5,0,0.0,0.0,,0.0,expirationDay
2020-01-13,495.0,0.0,0.0,0,327.95,0.0,0,0.0,0.0,,0.0,0,0.0,0.0,,0.0,bidTooLow
2020-01-14,495.0,0.0,0.0,0,327.45,0.0,0,0.0,0.0,,0.0,0,0.0,0.0,,0.0,bidTooLow
2020-01-15,495.0,0.0,0.0,0,328.19,0.0,0,0.0,0.0,,0.0,0,0.0,0.0,,0.0,bidTooLow
2020-01-16,495.0,0.0,0.0,0,330.92,0.0,0,0.0,0.0,,0.0,0,0.0,0.0,,0.0,bidTooLow
2020-01-17,495.0,0.0,0.0,0,331.95,0.0,0,0.0,0.0,,0.0,0,0.0,0.0,,0.0,bidTooLow
2020-01-21,495.0,0.0,0.0,0,331.3,0.0,0,0.0,0.0,,0.0,0,0.0,0.0,,0.0,bidTooLow
2020-01-22,495.0,0.0,0.0,0,331.34,0.0,0,0.0,0.0,,0.0,0,0.0,0.0,,0.0,bidTooLow
2020-01-23,495.0,0.0,0.0,0,331.72,0.0,0,0.0,0.0,,0.0,0,0.0,0.0,,0.0,bidTooLow
2020-01-24,495.0,0.0,0.0,0,328.77,0.0,0,0.0,0.0,,0.0,0,0.0,0.0,,0.0,bidTooLow
2020-01-27,495.0,-3.0,0.0,0,323.5,0.0,1,0.17,0.2,SPY200129P00311000,311.0,0,0.0,0.0,,0.0,normalDay
2020-01-28,495.0,15.0,0.0,0,326.89,0.0,1,0.17,0.02,SPY200129P00311000,311.0,0,0.0,0.0,,0.0,normalDay
2020-01-29,512.0,0.0,17.0,0,326.62,0.0,1,0.17,0.0,SPY200129P00311000,311.0,0,0.0,0.0,,0.0,expirationDay
2020-01-30,512.0,0.0,0.0,0,327.68,0.0,0,0.0,0.0,,0.0,0,0.0,0.0,,0.0,bidTooLow
2020-01-31,512.0,-3.0,0.0,0,321.73,0.0,1,0.3,0.33,SPY200203P00313000,313.0,0,0.0,0.0,,0.0,normalDay
2020-02-03,542.0,0.0,30.0,0,324.12,0.0,1,0.3,0.0,SPY200203P00313000,313.0,0,0.0,0.0,,0.0,expirationDay
2020-02-04,542.0,-3.0,0.0,0,329.06,0.0,1,0.04,0.07,SPY200207P00314000,314.0,0,0.0,0.0,,0.0,normalDay
2020-02-05,542.0,2.0,0.0,0,332.86,0.0,1,0.04,0.02,SPY200207P00314000,314.0,0,0.0,0.0,,0.0,normalDay
2020-02-06,542.0,3.0,0.0,0,333.98,0.0,1,0.04,0.01,SPY200207P00314000,314.0,0,0.0,0.0,,0.0,normalDay
2020-02-07,546.0,0.0,4.0,0,332.2,0.0,1,0.04,0.0,SPY200207P00314000,314.0,0,0.0,0.0,,0.0,expirationDay
2020-02-10,546.0,0.0,0.0,0,334.68,0.0,0,0.0,0.0,,0.0,0,0.0,0.0,,0.0,bidTooLow
2020-02-11,546.0,0.0,0.0,0,335.26,0.0,0,0.0,0.0,,0.0,0,0.0,0.0,,0.0,bidTooLow
2020-02-12,546.0,0.0,0.0,0,337.42,0.0,0,0.0,0.0,,0.0,0,0.0,0.0,,0.0,bidTooLow
2020-02-13,546.0,0.0,0.0,0,337.06,0.0,0,0.0,0.0,,0.0,0,0.0,0.0,,0.0,bidTooLow
2020-02-14,546.0,0.0,0.0,0,337.6,0.0,0,0.0,0.0,,0.0,0,0.0,0.0,,0.0,bidTooLow
2020-02-18,546.0,0.0,0.0,0,336.73,0.0,0,0.0,0.0,,0.0,0,0.0,0.0,,0.0,bidTooLow
2020-02-19,546.0,0.0,0.0,0,338.34,0.0,0,0.0,0.0,,0.0,0,0.0,0.0,,0.0,bidTooLow
2020-02-20,546.0,0.0,0.0,0,336.95,0.0,0,0.0,0.0,,0.0,0,0.0,0.0,,0.0,bidTooLow
2020-02-21,546.0,0.0,0.0,0,333.48,0.0,0,0.0,0.0,,0.0,0,0.0,0.0,,0.0,bidTooLow
2020-02-24,546.0,-3.0,0.0,0,322.42,0.0,1,0.66,0.69,SPY200226P00307000,307.0,0,0.0,0.0,,0.0,normalDay
2020-02-25,546.0,-17.0,0.0,0,312.65,0.0,1,0.66,0.83,SPY200226P00307000,307.0,0,0.0,0.0,,0.0,normalDay
2020-02-26,612.0,0.0,66.0,0,311.5,0.0,1,0.66,0.0,SPY200226P00307000,307.0,0,0.0,0.0,,0.0,expirationDay
2020-02-27,612.0,-7.0,0.0,0,297.51,0.0,1,0.68,0.75,SPY200228P00282000,282.0,0,0.0,0.0,,0.0,normalDay
2020-02-28,680.0,0.0,68.0,0,296.26,0.0,1,0.68,0.0,SPY200228P00282000,282.0,0,0.0,0.0,,0.0,expirationDay
2020-03-02,680.0,-4.0,0.0,0,309.09,0.0,1,0.02,0.06,SPY200304P00268000,268.0,0,0.0,0.0,,0.0,normalDay
2020-03-03,680.0,0.0,0.0,0,300.24,0.0,1,0.02,0.02,SPY200304P00268000,268.0,0,0.0,0.0,,0.0,normalDay
2020-03-04,682.0,0.0,2.0,0,312.86,0.0,1,0.02,0.0,SPY200304P00268000,268.0,0,0.0,0.0,,0.0,expirationDay
2020-03-05,682.0,0.0,0.0,0,302.46,0.0,0,0.0,0.0,,0.0,0,0.0,0.0,,0.0,bidTooLow
2020-03-06,682.0,-3.0,0.0,0,297.46,0.0,1,0.01,0.04,SPY200309P00250000,250.0,0,0.0,0.0,,0.0,normalDay
2020-03-09,683.0,0.0,1.0,0,274.23,0.0,1,0.01,0.0,SPY200309P00250000,250.0,0,0.0,0.0,,0.0,expirationDay
2020-03-10,683.0,-3.0,0.0,0,288.42,0.0,1,0.05,0.08,SPY200313P00230000,230.0,0,0.0,0.0,,0.0,normalDay
2020-03-11,683.0,-18.0,0.0,0,274.36,0.0,1,0.05,0.23,SPY200313P00230000,230.0,0,0.0,0.0,,0.0,normalDay
2020-03-12,683.0,-199.0,0.0,0,248.11,0.0,1,0.05,2.04,SPY200313P00230000,230.0,0,0.0,0.0,,0.0,normalDay
2020-03-13,688.0,0.0,5.0,0,269.32,0.0,1,0.05,0.0,SPY200313P00230000,230.0,0,0.0,0.0,,0.0,expirationDay
2020-03-16,688.0,-4.0,0.0,0,239.85,0.0,1,0.18,0.22,SPY200318P00180000,180.0,0,0.0,0.0,,0.0,normalDay
2020-03-17,688.0,17.0,0.0,0,252.8,0.0,1,0.18,0.01,SPY200318P00180000,180.0,0,0.0,0.0,,0.0,normalDay
2020-03-18,706.0,0.0,18.0,0,240.0,0.0,1,0.18,0.0,SPY200318P00180000,180.0,0,0.0,0.0,,0.0,expirationDay
2020-03-19,706.0,0.0,0.0,0,240.51,0.0,0,0.0,0.0,,0.0,0,0.0,0.0,,0.0,bidTooLow
2020-03-20,706.0,0.0,0.0,0,228.8,0.0,0,0.0,0.0,,0.0,0,0.0,0.0,,0.0,bidTooLow
2020-03-23,706.0,0.0,0.0,0,222.95,0.0,0,0.0,0.0,,0.0,0,0.0,0.0,,0.0,bidTooLow
2020-03-24,706.0,0.0,0.0,0,243.15,0.0,0,0.0,0.0,,0.0,0,0.0,0.0,,0.0,bidTooLow
2020-03-25,706.0,0.0,0.0,0,246.79,0.0,0,0.0,0.0,,0.0,0,0.0,0.0,,0.0,bidTooLow
2020-03-26,706.0,0.0,0.0,0,261.2,0.0,0,0.0,0.0,,0.0,0,0.0,0.0,,0.0,bidTooLow
2020-03-27,706.0,0.0,0.0,0,253.42,0.0,0,0.0,0.0,,0.0,0,0.0,0.0,,0.0,bidTooLow
2020-03-30,706.0,0.0,0.0,0,261.65,0.0,0,0.0,0.0,,0.0,0,0.0,0.0,,0.0,bidTooLow
2020-03-31,706.0,0.0,0.0,0,257.75,0.0,0,0.0,0.0,,0.0,0,0.0,0.0,,0.0,bidTooLow
2020-04-01,706.0,0.0,0.0,0,246.15,0.0,0,0.0,0.0,,0.0,0,0.0,0.0,,0.0,bidTooLow
2020-04-02,706.0,0.0,0.0,0,251.83,0.0,0,0.0,0.0,,0.0,0,0.0,0.0,,0.0,bidTooLow
2020-04-03,706.0,0.0,0.0,0,248.19,0.0,0,0.0,0.0,,0.0,0,0.0,0.0,,0.0,bidTooLow
2020-04-06,706.0,0.0,0.0,0,264.86,0.0,0,0.0,0.0,,0.0,0,0.0,0.0,,0.0,bidTooLow
2020-04-07,706.0,0.0,0.0,0,265.13,0.0,0,0.0,0.0,,0.0,0,0.0,0.0,,0.0,bidTooLow
2020-04-08,706.0,0.0,0.0,0,274.03,0.0,0,0.0,0.0,,0.0,0,0.0,0.0,,0.0,bidTooLow
2020-04-09,706.0,0.0,0.0,0,278.2,0.0,0,0.0,0.0,,0.0,0,0.0,0.0,,0.0,bidTooLow
2020-04-13,706.0,0.0,0.0,0,275.66,0.0,0,0.0,0.0,,0.0,0,0.0,0.0,,0.0,bidTooLow
2020-04-14,706.0,0.0,0.0,0,283.79,0.0,0,0.0,0.0,,0.0,0,0.0,0.0,,0.0,bidTooLow
2020-04-15,706.0,0.0,0.0,0,277.76,0.0,0,0.0,0.0,,0.0,0,0.0,0.0,,0.0,bidTooLow
2020-04-16,706.0,0.0,0.0,0,279.1,0.0,0,0.0,0.0,,0.0,0,0.0,0.0,,0.0,bidTooLow
2020-04-17,706.0,0.0,0.0,0,286.64,0.0,0,0.0,0.0,,0.0,0,0.0,0.0,,0.0,bidTooLow
2020-04-20,706.0,0.0,0.0,0,281.59,0.0,0,0.0,0.0,,0.0,0,0.0,0.0,,0.0,bidTooLow
2020-04-21,706.0,0.0,0.0,0,273.04,0.0,0,0.0,0.0,,0.0,0,0.0,0.0,,0.0,bidTooLow
2020-04-22,706.0,0.0,0.0,0,279.1,0.0,0,0.0,0.0,,0.0,0,0.0,0.0,,0.0,bidTooLow
2020-04-23,706.0,0.0,0.0,0,279.08,0.0,0,0.0,0.0,,0.0,0,0.0,0.0,,0.0,bidTooLow
2020-04-24,706.0,0.0,0.0,0,282.97,0.0,0,0.0,0.0,,0.0,0,0.0,0.0,,0.0,bidTooLow
2020-04-27,706.0,0.0,0.0,0,287.05,0.0,0,0.0,0.0,,0.0,0,0.0,0.0,,0.0,bidTooLow
2020-04-28,706.0,0.0,0.0,0,285.73,0.0,0,0.0,0.0,,0.0,0,0.0,0.0,,0.0,bidTooLow
2020-04-29,706.0,0.0,0.0,0,293.21,0.0,0,0.0,0.0,,0.0,0,0.0,0.0,,0.0,bidTooLow
2020-04-30,706.0,0.0,0.0,0,290.48,0.0,0,0.0,0.0,,0.0,0,0.0,0.0,,0.0,bidTooLow
2020-05-01,706.0,0.0,0.0,0,282.79,0.0,0,0.0,0.0,,0.0,0,0.0,0.0,,0.0,bidTooLow
2020-05-04,706.0,0.0,0.0,0,283.57,0.0,0,0.0,0.0,,0.0,0,0.0,0.0,,0.0,bidTooLow
2020-05-05,706.0,-3.0,0.0,0,286.19,0.0,1,0.01,0.04,SPY200508P00253000,253.0,0,0.0,0.0,,0.0,normalDay
2020-05-06,706.0,-1.0,0.0,0,284.25,0.0,1,0.01,0.02,SPY200508P00253000,253.0,0,0.0,0.0,,0.0,normalDay
2020-05-07,706.0,0.0,0.0,0,287.68,0.0,1,0.01,0.01,SPY200508P00253000,253.0,0,0.0,0.0,,0.0,normalDay
2020-05-08,707.0,0.0,1.0,0,292.44,0.0,1,0.01,0.0,SPY200508P00253000,253.0,0,0.0,0.0,,0.0,expirationDay
2020-05-11,707.0,0.0,0.0,0,292.5,0.0,0,0.0,0.0,,0.0,0,0.0,0.0,,0.0,bidTooLow
2020-05-12,707.0,-3.0,0.0,0,286.67,0.0,1,0.09,0.12,SPY200515P00262000,262.0,0,0.0,0.0,,0.0,normalDay
2020-05-13,707.0,1.0,0.0,0,281.6,0.0,1,0.09,0.08,SPY200515P00262000,262.0,0,0.0,0.0,,0.0,normalDay
2020-05-14,707.0,8.0,0.0,0,284.97,0.0,1,0.09,0.01,SPY200515P00262000,262.0,0,0.0,0.0,,0.0,normalDay
2020-05-15,716.0,0.0,9.0,0,286.28,0.0,1,0.09,0.0,SPY200515P00262000,262.0,0,0.0,0.0,,0.0,expirationDay
2020-05-18,716.0,0.0,0.0,0,295.0,0.0,0,0.0,0.0,,0.0,0,0.0,0.0,,0.0,bidTooLow
2020-05-19,716.0,-3.0,0.0,0,291.97,0.0,1,0.02,0.05,SPY200522P00267000,267.0,0,0.0,0.0,,0.0,normalDay
2020-05-20,716.0,0.0,0.0,0,296.93,0.0,1,0.02,0.02,SPY200522P00267000,267.0,0,0.0,0.0,,0.0,normalDay
2020-05-21,716.0,1.0,0.0,0,294.88,0.0,1,0.02,0.01,SPY200522P00267000,267.0,0,0.0,0.0,,0.0,normalDay
2020-05-22,718.0,0.0,2.0,0,295.44,0.0,1,0.02,0.0,SPY200522P00267000,267.0,0,0.0,0.0,,0.0,expirationDay
2020-05-26,718.0,0.0,0.0,0,299.08,0.0,0,0.0,0.0,,0.0,0,0.0,0.0,,0.0,bidTooLow
2020-05-27,718.0,0.0,0.0,0,303.53,0.0,0,0.0,0.0,,0.0,0,0.0,0.0,,0.0,bidTooLow
2020-05-28,718.0,0.0,0.0,0,302.97,0.0,0,0.0,0.0,,0.0,0,0.0,0.0,,0.0,bidTooLow
2020-05-29,718.0,0.0,0.0,0,304.32,0.0,0,0.0,0.0,,0.0,0,0.0,0.0,,0.0,bidTooLow
2020-06-01,718.0,0.0,0.0,0,305.55,0.0,0,0.0,0.0,,0.0,0,0.0,0.0,,0.0,bidTooLow
2020-06-02,718.0,0.0,0.0,0,308.08,0.0,0,0.0,0.0,,0.0,0,0.0,0.0,,0.0,bidTooLow
2020-06-03,718.0,0.0,0.0,0,312.18,0.0,0,0.0,0.0,,0.0,0,0.0,0.0,,0.0,bidTooLow
2020-06-04,718.0,0.0,0.0,0,311.36,0.0,0,0.0,0.0,,0.0,0,0.0,0.0,,0.0,bidTooLow
2020-06-05,718.0,0.0,0.0,0,319.34,0.0,0,0.0,0.0,,0.0,0,0.0,0.0,,0.0,bidTooLow
2020-06-08,718.0,0.0,0.0,0,323.2,0.0,0,0.0,0.0,,0.0,0,0.0,0.0,,0.0,bidTooLow
2020-06-09,718.0,0.0,0.0,0,320.79,0.0,0,0.0,0.0,,0.0,0,0.0,0.0,,0.0,bidTooLow
2020-06-10,718.0,0.0,0.0,0,319.0,0.0,0,0.0,0.0,,0.0,0,0.0,0.0,,0.0,bidTooLow
2020-06-11,718.0,0.0,0.0,0,300.61,0.0,0,0.0,0.0,,0.0,0,0.0,0.0,,0.0,bidTooLow
2020-06-12,718.0,0.0,0.0,0,304.21,0.0,0,0.0,0.0,,0.0,0,0.0,0.0,,0.0,bidTooLow
2020-06-15,718.0,-3.0,0.0,0,307.05,0.0,1,0.01,0.04,SPY200617P00266000,266.0,0,0.0,0.0,,0.0,normalDay
2020-06-16,718.0,0.0,0.0,0,312.96,0.0,1,0.01,0.01,SPY200617P00266000,266.0,0,0.0,0.0,,0.0,normalDay
2020-06-17,719.0,0.0,1.0,0,311.66,0.0,1,0.01,0.0,SPY200617P00266000,266.0,0,0.0,0.0,,0.0,expirationDay
2020-06-18,719.0,0.0,0.0,0,311.78,0.0,0,0.0,0.0,,0.0,0,0.0,0.0,,0.0,bidTooLow
2020-06-19,719.0,0.0,0.0,0,308.64,0.0,0,0.0,0.0,,0.0,0,0.0,0.0,,0.0,bidTooLow
2020-06-22,719.0,0.0,0.0,0,310.62,0.0,0,0.0,0.0,,0.0,0,0.0,0.0,,0.0,bidTooLow
2020-06-23,719.0,-3.0,0.0,0,312.05,0.0,1,0.02,0.05,SPY200626P00283000,283.0,0,0.0,0.0,,0.0,normalDay
2020-06-24,719.0,-6.0,0.0,0,304.09,0.0,1,0.02,0.08,SPY200626P00283000,283.0,0,0.0,0.0,,0.0,normalDay
2020-06-25,719.0,0.0,0.0,0,307.35,0.0,1,0.02,0.02,SPY200626P00283000,283.0,0,0.0,0.0,,0.0,normalDay
2020-06-26,721.0,0.0,2.0,0,300.05,0.0,1,0.02,0.0,SPY200626P00283000,283.0,0,0.0,0.0,,0.0,expirationDay
2020-06-29,721.0,-3.0,0.0,0,304.46,0.0,1,0.13,0.16,SPY200702P00283000,283.0,0,0.0,0.0,,0.0,normalDay
2020-06-30,721.0,6.0,0.0,0,308.36,0.0,1,0.13,0.07,SPY200702P00283000,283.0,0,0.0,0.0,,0.0,normalDay
2020-07-01,721.0,11.0,0.0,0,310.52,0.0,1,0.13,0.02,SPY200702P00283000,283.0,0,0.0,0.0,,0.0,normalDay
2020-07-02,734.0,0.0,13.0,0,312.23,0.0,1,0.13,0.0,SPY200702P00283000,283.0,0,0.0,0.0,,0.0,expirationDay
2020-07-06,734.0,0.0,0.0,0,317.05,0.0,0,0.0,0.0,,0.0,0,0.0,0.0,,0.0,bidTooLow
2020-07-07,734.0,-3.0,0.0,0,313.78,0.0,1,0.01,0.04,SPY200710P00286000,286.0,0,0.0,0.0,,0.0,normalDay
2020-07-08,734.0,-1.0,0.0,0,316.18,0.0,1,0.01,0.02,SPY200710P00286000,286.0,0,0.0,0.0,,0.0,normalDay
2020-07-09,734.0,0.0,0.0,0,314.38,0.0,1,0.01,0.01,SPY200710P00286000,286.0,0,0.0,0.0,,0.0,normalDay
2020-07-10,735.0,0.0,1.0,0,317.59,0.0,1,0.01,0.0,SPY200710P00286000,286.0,0,0.0,0.0,,0.0,expirationDay
2020-07-13,735.0,-3.0,0.0,0,314.84,0.0,1,0.04,0.07,SPY200715P00291000,291.0,0,0.0,0.0,,0.0,normalDay
2020-07-14,735.0,2.0,0.0,0,318.92,0.0,1,0.04,0.02,SPY200715P00291000,291.0,0,0.0,0.0,,0.0,normalDay
2020-07-15,739.0,0.0,4.0,0,321.85,0.0,1,0.04,0.0,SPY200715P00291000,291.0,0,0.0,0.0,,0.0,expirationDay
2020-07-16,739.0,0.0,0.0,0,320.79,0.0,0,0.0,0.0,,0.0,0,0.0,0.0,,0.0,bidTooLow
2020-07-17,739.0,0.0,0.0,0,321.72,0.0,0,0.0,0.0,,0.0,0,0.0,0.0,,0.0,bidTooLow
2020-07-20,739.0,0.0,0.0,0,324.32,0.0,0,0.0,0.0,,0.0,0,0.0,0.0,,0.0,bidTooLow
2020-07-21,739.0,0.0,0.0,0,325.01,0.0,0,0.0,0.0,,0.0,0,0.0,0.0,,0.0,bidTooLow
2020-07-22,739.0,0.0,0.0,0,326.86,0.0,0,0.0,0.0,,0.0,0,0.0,0.0,,0.0,bidTooLow
2020-07-23,739.0,0.0,0.0,0,322.96,0.0,0,0.0,0.0,,0.0,0,0.0,0.0,,0.0,bidTooLow
2020-07-24,739.0,0.0,0.0,0,320.88,0.0,0,0.0,0.0,,0.0,0,0.0,0.0,,0.0,bidTooLow
2020-07-27,739.0,0.0,0.0,0,323.22,0.0,0,0.0,0.0,,0.0,0,0.0,0.0,,0.0,bidTooLow
2020-07-28,739.0,-3.0,0.0,0,321.17,0.0,1,0.03,0.06,SPY200731P00297000,297.0,0,0.0,0.0,,0.0,normalDay
2020-07-29,739.0,0.0,0.0,0,325.12,0.0,1,0.03,0.03,SPY200731P00297000,297.0,0,0.0,0.0,,0.0,normalDay
2020-07-30,739.0,1.0,0.0,0,323.96,0.0,1,0.03,0.02,SPY200731P00297000,297.0,0,0.0,0.0,,0.0,normalDay
2020-07-31,742.0,0.0,3.0,0,326.52,0.0,1,0.03,0.0,SPY200731P00297000,297.0,0,0.0,0.0,,0.0,expirationDay
2020-08-03,742.0,0.0,0.0,0,328.79,0.0,0,0.0,0.0,,0.0,0,0.0,0.0,,0.0,bidTooLow
2020-08-04,742.0,-3.0,0.0,0,330.06,0.0,1,0.01,0.04,SPY200807P00304000,304.0,0,0.0,0.0,,0.0,normalDay
2020-08-05,742.0,-1.0,0.0,0,332.11,0.0,1,0.01,0.02,SPY200807P00304000,304.0,0,0.0,0.0,,0.0,normalDay
2020-08-06,742.0,-1.0,0.0,0,334.33,0.0,1,0.01,0.02,SPY200807P00304000,304.0,0,0.0,0.0,,0.0,normalDay
2020-08-07,743.0,0.0,1.0,0,334.57,0.0,1,0.01,0.0,SPY200807P00304000,304.0,0,0.0,0.0,,0.0,expirationDay
2020-08-10,743.0,0.0,0.0,0,335.57,0.0,0,0.0,0.0,,0.0,0,0.0,0.0,,0.0,bidTooLow
2020-08-11,743.0,-3.0,0.0,0,332.8,0.0,1,0.04,0.07,SPY200814P00305000,305.0,0,0.0,0.0,,0.0,normalDay
2020-08-12,743.0,2.0,0.0,0,337.44,0.0,1,0.04,0.02,SPY200814P00305000,305.0,0,0.0,0.0,,0.0,normalDay
2020-08-13,743.0,3.0,0.0,0,336.83,0.0,1,0.04,0.01,SPY200814P00305000,305.0,0,0.0,0.0,,0.0,normalDay
2020-08-14,747.0,0.0,4.0,0,336.84,0.0,1,0.04,0.0,SPY200814P00305000,305.0,0,0.0,0.0,,0.0,expirationDay
2020-08-17,747.0,0.0,0.0,0,337.91,0.0,0,0.0,0.0,,0.0,0,0.0,0.0,,0.0,bidTooLow
2020-08-18,747.0,-3.0,0.0,0,338.64,0.0,1,0.01,0.04,SPY200821P00304000,304.0,0,0.0,0.0,,0.0,normalDay
2020-08-19,747.0,-4.0,0.0,0,337.23,0.0,1,0.01,0.05,SPY200821P00304000,304.0,0,0.0,0.0,,0.0,normalDay
2020-08-20,747.0,-1.0,0.0,0,338.28,0.0,1,0.01,0.02,SPY200821P00304000,304.0,0,0.0,0.0,,0.0,normalDay
2020-08-21,748.0,0.0,1.0,0,339.48,0.0,1,0.01,0.0,SPY200821P00304000,304.0,0,0.0,0.0,,0.0,expirationDay
2020-08-24,748.0,0.0,0.0,0,342.92,0.0,0,0.0,0.0,,0.0,0,0.0,0.0,,0.0,bidTooLow
2020-08-25,748.0,0.0,0.0,0,344.12,0.0,0,0.0,0.0,,0.0,0,0.0,0.0,,0.0,bidTooLow
2020-08-26,748.0,-3.0,0.0,0,347.57,0.0,1,0.01,0.04,SPY200828P00311000,311.0,0,0.0,0.0,,0.0,normalDay
2020-08-27,748.0,0.0,0.0,0,348.33,0.0,1,0.01,0.01,SPY200828P00311000,311.0,0,0.0,0.0,,0.0,normalDay
2020-08-28,749.0,0.0,1.0,0,350.58,0.0,1,0.01,0.0,SPY200828P00311000,311.0,0,0.0,0.0,,0.0,expirationDay
2020-08-31,749.0,0.0,0.0,0,349.31,0.0,0,0.0,0.0,,0.0,0,0.0,0.0,,0.0,bidTooLow
2020-09-01,749.0,0.0,0.0,0,352.6,0.0,0,0.0,0.0,,0.0,0,0.0,0.0,,0.0,bidTooLow
2020-09-02,749.0,0.0,0.0,0,357.7,0.0,0,0.0,0.0,,0.0,0,0.0,0.0,,0.0,bidTooLow
2020-09-03,749.0,-3.0,0.0,0,345.39,0.0,1,0.02,0.05,SPY200904P00313000,313.0,0,0.0,0.0,,0.0,normalDay
2020-09-04,751.0,0.0,2.0,0,342.57,0.0,1,0.02,0.0,SPY200904P00313000,313.0,0,0.0,0.0,,0.0,expirationDay
2020-09-08,751.0,-3.0,0.0,0,333.21,0.0,1,0.35,0.38,SPY200911P00313000,313.0,0,0.0,0.0,,0.0,normalDay
2020-09-09,751.0,24.0,0.0,0,339.79,0.0,1,0.35,0.11,SPY200911P00313000,313.0,0,0.0,0.0,,0.0,normalDay
2020-09-10,751.0,30.0,0.0,0,333.89,0.0,1,0.35,0.05,SPY200911P00313000,313.0,0,0.0,0.0,,0.0,normalDay
2020-09-11,786.0,0.0,35.0,0,334.06,0.0,1,0.35,0.0,SPY200911P00313000,313.0,0,0.0,0.0,,0.0,expirationDay
2020-09-14,786.0,-3.0,0.0,0,338.46,0.0,1,0.04,0.07,SPY200916P00314000,314.0,0,0.0,0.0,,0.0,normalDay
2020-09-15,786.0,2.0,0.0,0,340.17,0.0,1,0.04,0.02,SPY200916P00314000,314.0,0,0.0,0.0,,0.0,normalDay
2020-09-16,790.0,0.0,4.0,0,338.82,0.0,1,0.04,0.0,SPY200916P00314000,314.0,0,0.0,0.0,,0.0,expirationDay
2020-09-17,790.0,-3.0,0.0,0,335.84,0.0,1,0.06,0.09,SPY200918P00314000,314.0,0,0.0,0.0,,0.0,normalDay
2020-09-18,796.0,0.0,6.0,0,330.65,0.0,1,0.06,0.0,SPY200918P00314000,314.0,0,0.0,0.0,,0.0,expirationDay
2020-09-21,796.0,-3.0,0.0,0,326.97,0.0,1,0.03,0.06,SPY200923P00307000,307.0,0,0.0,0.0,,0.0,normalDay
2020-09-22,796.0,2.0,0.0,0,330.3,0.0,1,0.03,0.01,SPY200923P00307000,307.0,0,0.0,0.0,,0.0,normalDay
2020-09-23,799.0,0.0,3.0,0,322.64,0.0,1,0.03,0.0,SPY200923P00307000,307.0,0,0.0,0.0,,0.0,expirationDay
2020-09-24,799.0,0.0,0.0,0,323.5,0.0,0,0.0,0.0,,0.0,0,0.0,0.0,,0.0,bidTooLow
2020-09-25,799.0,0.0,0.0,0,328.73,0.0,0,0.0,0.0,,0.0,0,0.0,0.0,,0.0,bidTooLow
2020-09-28,799.0,0.0,0.0,0,334.19,0.0,0,0.0,0.0,,0.0,0,0.0,0.0,,0.0,bidTooLow
2020-09-29,799.0,0.0,0.0,0,332.37,0.0,0,0.0,0.0,,0.0,0,0.0,0.0,,0.0,bidTooLow
2020-09-30,799.0,0.0,0.0,0,334.89,0.0,0,0.0,0.0,,0.0,0,0.0,0.0,,0.0,bidTooLow
2020-10-01,799.0,0.0,0.0,0,337.04,0.0,0,0.0,0.0,,0.0,0,0.0,0.0,,0.0,bidTooLow
2020-10-02,799.0,0.0,0.0,0,333.84,0.0,0,0.0,0.0,,0.0,0,0.0,0.0,,0.0,bidTooLow
2020-10-05,799.0,0.0,0.0,0,339.76,0.0,0,0.0,0.0,,0.0,0,0.0,0.0,,0.0,bidTooLow
2020-10-06,799.0,-3.0,0.0,0,334.93,0.0,1,0.04,0.07,SPY201009P00311000,311.0,0,0.0,0.0,,0.0,normalDay
2020-10-07,799.0,2.0,0.0,0,340.76,0.0,1,0.04,0.02,SPY201009P00311000,311.0,0,0.0,0.0,,0.0,normalDay
2020-10-08,799.0,3.0,0.0,0,343.78,0.0,1,0.04,0.01,SPY201009P00311000,311.0,0,0.0,0.0,,0.0,normalDay
2020-10-09,803.0,0.0,4.0,0,346.85,0.0,1,0.04,0.0,SPY201009P00311000,311.0,0,0.0,0.0,,0.0,expirationDay
2020-10-12,803.0,0.0,0.0,0,352.43,0.0,0,0.0,0.0,,0.0,0,0.0,0.0,,0.0,bidTooLow
2020-10-13,803.0,0.0,0.0,0,350.13,0.0,0,0.0,0.0,,0.0,0,0.0,0.0,,0.0,bidTooLow
2020-10-14,803.0,0.0,0.0,0,347.93,0.0,0,0.0,0.0,,0.0,0,0.0,0.0,,0.0,bidTooLow
2020-10-15,803.0,0.0,0.0,0,347.5,0.0,0,0.0,0.0,,0.0,0,0.0,0.0,,0.0,bidTooLow
2020-10-16,803.0,0.0,0.0,0,347.29,0.0,0,0.0,0.0,,0.0,0,0.0,0.0,,0.0,bidTooLow
2020-10-19,803.0,0.0,0.0,0,342.01,0.0,0,0.0,0.0,,0.0,0,0.0,0.0,,0.0,bidTooLow
2020-10-20,803.0,0.0,0.0,0,343.38,0.0,0,0.0,0.0,,0.0,0,0.0,0.0,,0.0,bidTooLow
2020-10-21,803.0,0.0,0.0,0,342.73,0.0,0,0.0,0.0,,0.0,0,0.0,0.0,,0.0,bidTooLow
2020-10-22,803.0,0.0,0.0,0,344.61,0.0,0,0.0,0.0,,0.0,0,0.0,0.0,,0.0,bidTooLow
2020-10-23,803.0,0.0,0.0,0,345.78,0.0,0,0.0,0.0,,0.0,0,0.0,0.0,,0.0,bidTooLow
2020-10-26,803.0,-3.0,0.0,0,339.39,0.0,1,0.08,0.11,SPY201028P00320000,320.0,0,0.0,0.0,,0.0,normalDay
2020-10-27,803.0,5.0,0.0,0,338.22,0.0,1,0.08,0.03,SPY201028P00320000,320.0,0,0.0,0.0,,0.0,normalDay
2020-10-28,811.0,0.0,8.0,0,326.66,0.0,1,0.08,0.0,SPY201028P00320000,320.0,0,0.0,0.0,,0.0,expirationDay
2020-10-29,811.0,-3.0,0.0,0,329.98,0.0,1,0.05,0.08,SPY201030P00313000,313.0,0,0.0,0.0,,0.0,normalDay
2020-10-30,816.0,0.0,5.0,0,326.54,0.0,1,0.05,0.0,SPY201030P00313000,313.0,0,0.0,0.0,,0.0,expirationDay
2020-11-02,816.0,-5.0,0.0,0,330.2,0.0,1,0.62,0.67,SPY201104P00308000,308.0,0,0.0,0.0,,0.0,normalDay
2020-11-03,816.0,38.0,0.0,0,336.03,0.0,1,0.62,0.24,SPY201104P00308000,308.0,0,0.0,0.0,,0.0,normalDay
2020-11-04,878.0,0.0,62.0,0,343.54,0.0,1,0.62,0.0,SPY201104P00308000,308.0,0,0.0,0.0,,0.0,expirationDay
2020-11-05,878.0,0.0,0.0,0,350.24,0.0,0,0.0,0.0,,0.0,0,0.0,0.0,,0.0,bidTooLow
2020-11-06,878.0,0.0,0.0,0,350.16,0.0,0,0.0,0.0,,0.0,0,0.0,0.0,,0.0,bidTooLow
2020-11-09,878.0,0.0,0.0,0,354.56,0.0,0,0.0,0.0,,0.0,0,0.0,0.0,,0.0,bidTooLow
2020-11-10,878.0,0.0,0.0,0,354.04,0.0,0,0.0,0.0,,0.0,0,0.0,0.0,,0.0,bidTooLow
2020-11-11,878.0,0.0,0.0,0,356.67,0.0,0,0.0,0.0,,0.0,0,0.0,0.0,,0.0,bidTooLow
2020-11-12,878.0,0.0,0.0,0,353.21,0.0,0,0.0,0.0,,0.0,0,0.0,0.0,,0.0,bidTooLow
2020-11-13,878.0,0.0,0.0,0,358.1,0.0,0,0.0,0.0,,0.0,0,0.0,0.0,,0.0,bidTooLow
2020-11-16,878.0,0.0,0.0,0,362.57,0.0,0,0.0,0.0,,0.0,0,0.0,0.0,,0.0,bidTooLow
2020-11-17,878.0,0.0,0.0,0,360.62,0.0,0,0.0,0.0,,0.0,0,0.0,0.0,,0.0,bidTooLow
2020-11-18,878.0,0.0,0.0,0,356.28,0.0,0,0.0,0.0,,0.0,0,0.0,0.0,,0.0,bidTooLow
2020-11-19,878.0,0.0,0.0,0,357.78,0.0,0,0.0,0.0,,0.0,0,0.0,0.0,,0.0,bidTooLow
2020-11-20,878.0,0.0,0.0,0,355.33,0.0,0,0.0,0.0,,0.0,0,0.0,0.0,,0.0,bidTooLow
2020-11-23,878.0,0.0,0.0,0,357.46,0.0,0,0.0,0.0,,0.0,0,0.0,0.0,,0.0,bidTooLow
2020-11-24,878.0,0.0,0.0,0,363.22,0.0,0,0.0,0.0,,0.0,0,0.0,0.0,,0.0,bidTooLow
2020-11-25,878.0,0.0,0.0,0,362.66,0.0,0,0.0,0.0,,0.0,0,0.0,0.0,,0.0,bidTooLow
2020-11-27,878.0,0.0,0.0,0,363.67,0.0,0,0.0,0.0,,0.0,0,0.0,0.0,,0.0,bidTooLow
2020-11-30,878.0,0.0,0.0,0,362.06,0.0,0,0.0,0.0,,0.0,0,0.0,0.0,,0.0,bidTooLow
2020-12-01,878.0,0.0,0.0,0,366.02,0.0,0,0.0,0.0,,0.0,0,0.0,0.0,,0.0,bidTooLow
2020-12-02,878.0,0.0,0.0,0,366.79,0.0,0,0.0,0.0,,0.0,0,0.0,0.0,,0.0,bidTooLow
2020-12-03,878.0,0.0,0.0,0,366.69,0.0,0,0.0,0.0,,0.0,0,0.0,0.0,,0.0,bidTooLow
2020-12-04,878.0,0.0,0.0,0,369.85,0.0,0,0.0,0.0,,0.0,0,0.0,0.0,,0.0,bidTooLow
2020-12-07,878.0,0.0,0.0,0,369.09,0.0,0,0.0,0.0,,0.0,0,0.0,0.0,,0.0,bidTooLow
2020-12-08,878.0,0.0,0.0,0,370.17,0.0,0,0.0,0.0,,0.0,0,0.0,0.0,,0.0,bidTooLow
2020-12-09,878.0,-3.0,0.0,0,366.85,0.0,1,0.02,0.05,SPY201211P00340000,340.0,0,0.0,0.0,,0.0,normalDay
2020-12-10,878.0,0.0,0.0,0,366.73,0.0,1,0.02,0.02,SPY201211P00340000,340.0,0,0.0,0.0,,0.0,normalDay
2020-12-11,880.0,0.0,2.0,0,366.3,0.0,1,0.02,0.0,SPY201211P00340000,340.0,0,0.0,0.0,,0.0,expirationDay
2020-12-14,880.0,-4.0,0.0,0,364.66,0.0,1,0.18,0.22,SPY201216P00345000,345.0,0,0.0,0.0,,0.0,normalDay
2020-12-15,880.0,13.0,0.0,0,369.59,0.0,1,0.18,0.05,SPY201216P00345000,345.0,0,0.0,0.0,,0.0,normalDay
2020-12-16,898.0,0.0,18.0,0,370.17,0.0,1,0.18,0.0,SPY201216P00345000,345.0,0,0.0,0.0,,0.0,expirationDay
2020-12-17,898.0,-3.0,0.0,0,372.24,0.0,1,0.04,0.07,SPY201218P00346000,346.0,0,0.0,0.0,,0.0,normalDay
2020-12-18,902.0,0.0,4.0,0,369.18,0.0,1,0.04,0.0,SPY201218P00346000,346.0,0,0.0,0.0,,0.0,expirationDay
2020-12-21,902.0,-3.0,0.0,0,367.86,0.0,1,0.14,0.17,SPY201224P00351000,351.0,0,0.0,0.0,,0.0,normalDay
2020-12-22,902.0,9.0,0.0,0,367.24,0.0,1,0.14,0.05,SPY201224P00351000,351.0,0,0.0,0.0,,0.0,normalDay
2020-12-23,902.0,12.0,0.0,0,367.57,0.0,1,0.14,0.02,SPY201224P00351000,351.0,0,0.0,0.0,,0.0,normalDay
2020-12-24,916.0,0.0,14.0,0,369.0,0.0,1,0.14,0.0,SPY201224P00351000,351.0,0,0.0,0.0,,0.0,expirationDay
2020-12-28,916.0,-3.0,0.0,0,372.17,0.0,1,0.07,0.1,SPY201231P00357000,357.0,0,0.0,0.0,,0.0,normalDay
2020-12-29,916.0,-3.0,0.0,0,371.46,0.0,1,0.07,0.1,SPY201231P00357000,357.0,0,0.0,0.0,,0.0,normalDay
2020-12-30,916.0,2.0,0.0,0,371.99,0.0,1,0.07,0.05,SPY201231P00357000,357.0,0,0.0,0.0,,0.0,normalDay
2020-12-31,923.0,0.0,7.0,0,373.88,0.0,1,0.07,0.0,SPY201231P00357000,357.0,0,0.0,0.0,,0.0,expirationDay
2021-01-04,923.0,-3.0,0.0,0,368.79,0.0,1,0.66,0.69,SPY210106P00359000,359.0,0,0.0,0.0,,0.0,normalDay
2021-01-05,923.0,48.0,0.0,0,371.33,0.0,1,0.66,0.18,SPY210106P00359000,359.0,0,0.0,0.0,,0.0,normalDay
2021-01-06,989.0,0.0,66.0,0,373.55,0.0,1,0.66,0.0,SPY210106P00359000,359.0,0,0.0,0.0,,0.0,expirationDay
2021-01-07,989.0,0.0,0.0,0,379.1,0.0,0,0.0,0.0,,0.0,0,0.0,0.0,,0.0,bidTooLow
2021-01-08,989.0,0.0,0.0,0,381.26,0.0,0,0.0,0.0,,0.0,0,0.0,0.0,,0.0,bidTooLow
2021-01-11,989.0,-3.0,0.0,0,378.69,0.0,1,0.03,0.06,SPY210113P00353000,353.0,0,0.0,0.0,,0.0,normalDay
2021-01-12,989.0,1.0,0.0,0,378.77,0.0,1,0.03,0.02,SPY210113P00353000,353.0,0,0.0,0.0,,0.0,normalDay
2021-01-13,992.0,0.0,3.0,0,379.79,0.0,1,0.03,0.0,SPY210113P00353000,353.0,0,0.0,0.0,,0.0,expirationDay
2021-01-14,992.0,-3.0,0.0,0,378.46,0.0,1,0.02,0.05,SPY210115P00353000,353.0,0,0.0,0.0,,0.0,normalDay
2021-01-15,994.0,0.0,2.0,0,375.7,0.0,1,0.02,0.0,SPY210115P00353000,353.0,0,0.0,0.0,,0.0,expirationDay
2021-01-19,994.0,-3.0,0.0,0,378.65,0.0,1,0.06,0.09,SPY210122P00353000,353.0,0,0.0,0.0,,0.0,normalDay
2021-01-20,994.0,2.0,0.0,0,383.89,0.0,1,0.06,0.04,SPY210122P00353000,353.0,0,0.0,0.0,,0.0,normalDay
2021-01-21,994.0,4.0,0.0,0,384.24,0.0,1,0.06,0.02,SPY210122P00353000,353.0,0,0.0,0.0,,0.0,normalDay
2021-01-22,1000.0,0.0,6.0,0,382.88,0.0,1,0.06,0.0,SPY210122P00353000,353.0,0,0.0,0.0,,0.0,expirationDay
2021-01-25,1000.0,-3.0,0.0,0,384.39,0.0,1,0.01,0.04,SPY210127P00355000,355.0,0,0.0,0.0,,0.0,normalDay
2021-01-26,1000.0,0.0,0.0,0,383.79,0.0,1,0.01,0.01,SPY210127P00355000,355.0,0,0.0,0.0,,0.0,normalDay
2021-01-27,1001.0,0.0,1.0,0,374.41,0.0,1,0.01,0.0,SPY210127P00355000,355.0,0,0.0,0.0,,0.0,expirationDay
2021-01-28,1001.0,-3.0,0.0,0,377.63,0.0,1,0.03,0.06,SPY210129P00358000,358.0,0,0.0,0.0,,0.0,normalDay
2021-01-29,1004.0,0.0,3.0,0,370.07,0.0,1,0.03,0.0,SPY210129P00358000,358.0,0,0.0,0.0,,0.0,expirationDay
2021-02-01,1004.0,-3.0,0.0,0,376.23,0.0,1,0.2,0.23,SPY210203P00358000,358.0,0,0.0,0.0,,0.0,normalDay
2021-02-02,1004.0,18.0,0.0,0,381.55,0.0,1,0.2,0.02,SPY210203P00358000,358.0,0,0.0,0.0,,0.0,normalDay
2021-02-03,1024.0,0.0,20.0,0,381.85,0.0,1,0.2,0.0,SPY210203P00358000,358.0,0,0.0,0.0,,0.0,expirationDay
2021-02-04,1024.0,0.0,0.0,0,386.19,0.0,0,0.0,0.0,,0.0,0,0.0,0.0,,0.0,bidTooLow
2021-02-05,1024.0,0.0,0.0,0,387.71,0.0,0,0.0,0.0,,0.0,0,0.0,0.0,,0.0,bidTooLow
2021-02-08,1024.0,0.0,0.0,0,390.51,0.0,0,0.0,0.0,,0.0,0,0.0,0.0,,0.0,bidTooLow
2021-02-09,1024.0,-3.0,0.0,0,390.25,0.0,1,0.01,0.04,SPY210212P00359000,359.0,0,0.0,0.0,,0.0,normalDay
2021-02-10,1024.0,-3.0,0.0,0,390.08,0.0,1,0.01,0.04,SPY210212P00359000,359.0,0,0.0,0.0,,0.0,normalDay
2021-02-11,1024.0,0.0,0.0,0,390.71,0.0,1,0.01,0.01,SPY210212P00359000,359.0,0,0.0,0.0,,0.0,normalDay
2021-02-12,1025.0,0.0,1.0,0,392.64,0.0,1,0.01,0.0,SPY210212P00359000,359.0,0,0.0,0.0,,0.0,expirationDay
2021-02-16,1025.0,-3.0,0.0,0,392.3,0.0,1,0.05,0.08,SPY210219P00357000,357.0,0,0.0,0.0,,0.0,normalDay
2021-02-17,1025.0,1.0,0.0,0,392.39,0.0,1,0.05,0.04,SPY210219P00357000,357.0,0,0.0,0.0,,0.0,normalDay
2021-02-18,1025.0,3.0,0.0,0,390.72,0.0,1,0.05,0.02,SPY210219P00357000,357.0,0,0.0,0.0,,0.0,normalDay
2021-02-19,1030.0,0.0,5.0,0,390.03,0.0,1,0.05,0.0,SPY210219P00357000,357.0,0,0.0,0.0,,0.0,expirationDay
2021-02-22,1030.0,0.0,0.0,0,387.03,0.0,0,0.0,0.0,,0.0,0,0.0,0.0,,0.0,bidTooLow
2021-02-23,1030.0,-3.0,0.0,0,387.5,0.0,1,0.02,0.05,SPY210226P00357000,357.0,0,0.0,0.0,,0.0,normalDay
2021-02-24,1030.0,0.0,0.0,0,391.77,0.0,1,0.02,0.02,SPY210226P00357000,357.0,0,0.0,0.0,,0.0,normalDay
2021-02-25,1030.0,-3.0,0.0,0,382.33,0.0,1,0.02,0.05,SPY210226P00357000,357.0,0,0.0,0.0,,0.0,normalDay
2021-02-26,1032.0,0.0,2.0,0,380.36,0.0,1,0.02,0.0,SPY210226P00357000,357.0,0,0.0,0.0,,0.0,expirationDay
2021-03-01,1032.0,-3.0,0.0,0,389.58,0.0,1,0.07,0.1,SPY210303P00367000,367.0,0,0.0,0.0,,0.0,normalDay
2021-03-02,1032.0,2.0,0.0,0,386.54,0.0,1,0.07,0.05,SPY210303P00367000,367.0,0,0.0,0.0,,0.0,normalDay
2021-03-03,1039.0,0.0,7.0,0,381.42,0.0,1,0.07,0.0,SPY210303P00367000,367.0,0,0.0,0.0,,0.0,expirationDay
2021-03-04,1039.0,-3.0,0.0,0,376.7,0.0,1,0.52,0.55,SPY210305P00369000,369.0,0,0.0,0.0,,0.0,normalDay
2021-03-05,1091.0,0.0,52.0,0,383.63,0.0,1,0.52,0.0,SPY210305P00369000,369.0,0,0.0,0.0,,0.0,expirationDay
2021-03-08,1091.0,-4.0,0.0,0,381.72,0.0,1,0.28,0.32,SPY210310P00367000,367.0,0,0.0,0.0,,0.0,normalDay
2021-03-09,1091.0,25.0,0.0,0,387.17,0.0,1,0.28,0.03,SPY210310P00367000,367.0,0,0.0,0.0,,0.0,normalDay
2021-03-10,1119.0,0.0,28.0,0,389.58,0.0,1,0.28,0.0,SPY210310P00367000,367.0,0,0.0,0.0,,0.0,expirationDay
2021-03-11,1119.0,0.0,0.0,0,393.53,0.0,0,0.0,0.0,,0.0,0,0.0,0.0,,0.0,bidTooLow
2021-03-12,1119.0,0.0,0.0,0,394.06,0.0,0,0.0,0.0,,0.0,0,0.0,0.0,,0.0,bidTooLow
2021-03-15,1119.0,0.0,0.0,0,396.41,0.0,0,0.0,0.0,,0.0,0,0.0,0.0,,0.0,bidTooLow
2021-03-16,1119.0,-3.0,0.0,0,395.91,0.0,1,0.05,0.08,SPY210319P00364000,364.0,0,0.0,0.0,,0.0,normalDay
2021-03-17,1119.0,2.0,0.0,0,397.26,0.0,1,0.05,0.03,SPY210319P00364000,364.0,0,0.0,0.0,,0.0,normalDay
2021-03-18,1119.0,-2.0,0.0,0,391.48,0.0,1,0.05,0.07,SPY210319P00364000,364.0,0,0.0,0.0,,0.0,normalDay
2021-03-19,1124.0,0.0,5.0,0,389.48,0.0,1,0.05,0.0,SPY210319P00364000,364.0,0,0.0,0.0,,0.0,expirationDay
2021-03-22,1124.0,0.0,0.0,0,392.59,0.0,0,0.0,0.0,,0.0,0,0.0,0.0,,0.0,bidTooLow
2021-03-23,1124.0,-3.0,0.0,0,389.5,0.0,1,0.03,0.06,SPY210326P00363000,363.0,0,0.0,0.0,,0.0,normalDay
2021-03-24,1124.0,-2.0,0.0,0,387.52,0.0,1,0.03,0.05,SPY210326P00363000,363.0,0,0.0,0.0,,0.0,normalDay
2021-03-25,1124.0,2.0,0.0,0,389.7,0.0,1,0.03,0.01,SPY210326P00363000,363.0,0,0.0,0.0,,0.0,normalDay
2021-03-26,1127.0,0.0,3.0,0,395.98,0.0,1,0.03,0.0,SPY210326P00363000,363.0,0,0.0,0.0,,0.0,expirationDay
2021-03-29,1127.0,-3.0,0.0,0,395.78,0.0,1,0.03,0.06,SPY210401P00365000,365.0,0,0.0,0.0,,0.0,normalDay
2021-03-30,1127.0,0.0,0.0,0,394.73,0.0,1,0.03,0.03,SPY210401P00365000,365.0,0,0.0,0.0,,0.0,normalDay
2021-03-31,1127.0,2.0,0.0,0,396.33,0.0,1,0.03,0.01,SPY210401P00365000,365.0,0,0.0,0.0,,0.0,normalDay
2021-04-01,1130.0,0.0,3.0,0,400.61,0.0,1,0.03,0.0,SPY210401P00365000,365.0,0,0.0,0.0,,0.0,expirationDay
2021-04-05,1130.0,0.0,0.0,0,406.36,0.0,0,0.0,0.0,,0.0,0,0.0,0.0,,0.0,bidTooLow
2021-04-06,1130.0,-3.0,0.0,0,406.12,0.0,1,0.01,0.04,SPY210409P00371000,371.0,0,0.0,0.0,,0.0,normalDay
2021-04-07,1130.0,-1.0,0.0,0,406.59,0.0,1,0.01,0.02,SPY210409P00371000,371.0,0,0.0,0.0,,0.0,normalDay
2021-04-08,1130.0,0.0,0.0,0,408.52,0.0,1,0.01,0.01,SPY210409P00371000,371.0,0,0.0,0.0,,0.0,normalDay
2021-04-09,1131.0,0.0,1.0,0,411.49,0.0,1,0.01,0.0,SPY210409P00371000,371.0,0,0.0,0.0,,0.0,expirationDay
2021-04-12,1131.0,0.0,0.0,0,411.64,0.0,0,0.0,0.0,,0.0,0,0.0,0.0,,0.0,bidTooLow
2021-04-13,1131.0,0.0,0.0,0,412.86,0.0,0,0.0,0.0,,0.0,0,0.0,0.0,,0.0,bidTooLow
2021-04-14,1131.0,0.0,0.0,0,411.45,0.0,0,0.0,0.0,,0.0,0,0.0,0.0,,0.0,bidTooLow
2021-04-15,1131.0,0.0,0.0,0,415.87,0.0,0,0.0,0.0,,0.0,0,0.0,0.0,,0.0,bidTooLow
2021-04-16,1131.0,0.0,0.0,0,417.26,0.0,0,0.0,0.0,,0.0,0,0.0,0.0,,0.0,bidTooLow
2021-04-19,1131.0,0.0,0.0,0,415.21,0.0,0,0.0,0.0,,0.0,0,0.0,0.0,,0.0,bidTooLow
2021-04-20,1131.0,0.0,0.0,0,412.17,0.0,0,0.0,0.0,,0.0,0,0.0,0.0,,0.0,bidTooLow
2021-04-21,1131.0,0.0,0.0,0,416.07,0.0,0,0.0,0.0,,0.0,0,0.0,0.0,,0.0,bidTooLow
2021-04-22,1131.0,0.0,0.0,0,412.27,0.0,0,0.0,0.0,,0.0,0,0.0,0.0,,0.0,bidTooLow
2021-04-23,1131.0,0.0,0.0,0,416.74,0.0,0,0.0,0.0,,0.0,0,0.0,0.0,,0.0,bidTooLow
2021-04-26,1131.0,0.0,0.0,0,417.61,0.0,0,0.0,0.0,,0.0,0,0.0,0.0,,0.0,bidTooLow
2021-04-27,1131.0,0.0,0.0,0,417.52,0.0,0,0.0,0.0,,0.0,0,0.0,0.0,,0.0,bidTooLow
2021-04-28,1131.0,0.0,0.0,0,417.4,0.0,0,0.0,0.0,,0.0,0,0.0,0.0,,0.0,bidTooLow
2021-04-29,1131.0,0.0,0.0,0,420.06,0.0,0,0.0,0.0,,0.0,0,0.0,0.0,,0.0,bidTooLow
2021-04-30,1131.0,-3.0,0.0,0,417.3,0.0,1,0.01,0.04,SPY210503P00395000,395.0,0,0.0,0.0,,0.0,normalDay
2021-05-03,1132.0,0.0,1.0,0,418.2,0.0,1,0.01,0.0,SPY210503P00395000,395.0,0,0.0,0.0,,0.0,expirationDay
2021-05-04,1132.0,-3.0,0.0,0,415.62,0.0,1,0.1,0.13,SPY210507P00399000,399.0,0,0.0,0.0,,0.0,normalDay
2021-05-05,1132.0,1.0,0.0,0,415.75,0.0,1,0.1,0.09,SPY210507P00399000,399.0,0,0.0,0.0,,0.0,normalDay
2021-05-06,1132.0,7.0,0.0,0,419.07,0.0,1,0.1,0.03,SPY210507P00399000,399.0,0,0.0,0.0,,0.0,normalDay
2021-05-07,1142.0,0.0,10.0,0,422.12,0.0,1,0.1,0.0,SPY210507P00399000,399.0,0,0.0,0.0,,0.0,expirationDay
2021-05-10,1142.0,-3.0,0.0,0,417.94,0.0,1,0.19,0.22,SPY210512P00405000,405.0,0,0.0,0.0,,0.0,normalDay
2021-05-11,1142.0,-2.0,0.0,0,414.21,0.0,1,0.19,0.21,SPY210512P00405000,405.0,0,0.0,0.0,,0.0,normalDay
2021-05-12,1161.0,0.0,19.0,0,405.41,0.0,1,0.19,0.0,SPY210512P00405000,405.0,0,0.0,0.0,,0.0,expirationDay
2021-05-13,1161.0,-3.0,0.0,0,410.28,0.0,1,0.1,0.13,SPY210514P00400000,400.0,0,0.0,0.0,,0.0,normalDay
2021-05-14,1171.0,0.0,10.0,0,416.58,0.0,1,0.1,0.0,SPY210514P00400000,400.0,0,0.0,0.0,,0.0,expirationDay
2021-05-17,1171.0,-3.0,0.0,0,415.52,0.0,1,0.11,0.14,SPY210519P00400000,400.0,0,0.0,0.0,,0.0,normalDay
2021-05-18,1171.0,5.0,0.0,0,411.94,0.0,1,0.11,0.06,SPY210519P00400000,400.0,0,0.0,0.0,,0.0,normalDay
2021-05-19,1182.0,0.0,11.0,0,410.86,0.0,1,0.11,0.0,SPY210519P00400000,400.0,0,0.0,0.0,,0.0,expirationDay
2021-05-20,1182.0,0.0,0.0,0,415.28,0.0,0,0.0,0.0,,0.0,0,0.0,0.0,,0.0,bidTooLow
2021-05-21,1182.0,-3.0,0.0,0,414.94,0.0,1,0.03,0.06,SPY210524P00399000,399.0,0,0.0,0.0,,0.0,normalDay
2021-05-24,1185.0,0.0,3.0,0,419.17,0.0,1,0.03,0.0,SPY210524P00399000,399.0,0,0.0,0.0,,0.0,expirationDay
2021-05-25,1185.0,-3.0,0.0,0,418.24,0.0,1,0.08,0.11,SPY210528P00399000,399.0,0,0.0,0.0,,0.0,normalDay
2021-05-26,1185.0,3.0,0.0,0,419.07,0.0,1,0.08,0.05,SPY210528P00399000,399.0,0,0.0,0.0,,0.0,normalDay
2021-05-27,1185.0,6.0,0.0,0,419.29,0.0,1,0.08,0.02,SPY210528P00399000,399.0,0,0.0,0.0,,0.0,normalDay
2021-05-28,1193.0,0.0,8.0,0,420.04,0.0,1,0.08,0.0,SPY210528P00399000,399.0,0,0.0,0.0,,0.0,expirationDay
2021-06-01,1193.0,-3.0,0.0,0,419.67,0.0,1,0.04,0.07,SPY210604P00399000,399.0,0,0.0,0.0,,0.0,normalDay
2021-06-02,1193.0,1.0,0.0,0,420.33,0.0,1,0.04,0.03,SPY210604P00399000,399.0,0,0.0,0.0,,0.0,normalDay
2021-06-03,1193.0,1.0,0.0,0,418.77,0.0,1,0.04,0.03,SPY210604P00399000,399.0,0,0.0,0.0,,0.0,normalDay
2021-06-04,1197.0,0.0,4.0,0,422.6,0.0,1,0.04,0.0,SPY210604P00399000,399.0,0,0.0,0.0,,0.0,expirationDay
2021-06-07,1197.0,0.0,0.0,0,422.19,0.0,0,0.0,0.0,,0.0,0,0.0,0.0,,0.0,bidTooLow
2021-06-08,1197.0,-3.0,0.0,0,422.28,0.0,1,0.04,0.07,SPY210611P00397500,397.5,0,0.0,0.0,,0.0,normalDay
2021-06-09,1197.0,-4.0,0.0,0,421.65,0.0,1,0.04,0.08,SPY210611P00397500,397.5,0,0.0,0.0,,0.0,normalDay
2021-06-10,1197.0,3.0,0.0,0,423.61,0.0,1,0.04,0.01,SPY210611P00397500,397.5,0,0.0,0.0,,0.0,normalDay
2021-06-11,1201.0,0.0,4.0,0,424.31,0.0,1,0.04,0.0,SPY210611P00397500,397.5,0,0.0,0.0,,0.0,expirationDay
2021-06-14,1201.0,-3.0,0.0,0,425.26,0.0,1,0.02,0.05,SPY210616P00402000,402.0,0,0.0,0.0,,0.0,normalDay
2021-06-15,1201.0,-3.0,0.0,0,424.48,0.0,1,0.02,0.05,SPY210616P00402000,402.0,0,0.0,0.0,,0.0,normalDay
2021-06-16,1203.0,0.0,2.0,0,422.11,0.0,1,0.02,0.0,SPY210616P00402000,402.0,0,0.0,0.0,,0.0,expirationDay
2021-06-17,1203.0,-3.0,0.0,0,421.97,0.0,1,0.13,0.16,SPY210618P00409000,409.0,0,0.0,0.0,,0.0,normalDay
2021-06-18,1216.0,0.0,13.0,0,414.92,0.0,1,0.13,0.0,SPY210618P00409000,409.0,0,0.0,0.0,,0.0,expirationDay
2021-06-21,1216.0,-3.0,0.0,0,420.86,0.0,1,0.16,0.19,SPY210623P00410000,410.0,0,0.0,0.0,,0.0,normalDay
2021-06-22,1216.0,12.0,0.0,0,423.11,0.0,1,0.16,0.04,SPY210623P00410000,410.0,0,0.0,0.0,,0.0,normalDay
2021-06-23,1232.0,0.0,16.0,0,422.6,0.0,1,0.16,0.0,SPY210623P00410000,410.0,0,0.0,0.0,,0.0,expirationDay
2021-06-24,1232.0,0.0,0.0,0,425.1,0.0,0,0.0,0.0,,0.0,0,0.0,0.0,,0.0,bidTooLow
2021-06-25,1232.0,-3.0,0.0,0,426.61,0.0,1,0.02,0.05,SPY210628P00411000,411.0,0,0.0,0.0,,0.0,normalDay
2021-06-28,1234.0,0.0,2.0,0,427.47,0.0,1,0.02,0.0,SPY210628P00411000,411.0,0,0.0,0.0,,0.0,expirationDay
2021-06-29,1234.0,-3.0,0.0,0,427.7,0.0,1,0.04,0.07,SPY210702P00410000,410.0,0,0.0,0.0,,0.0,normalDay
2021-06-30,1234.0,0.0,0.0,0,428.06,0.0,1,0.04,0.04,SPY210702P00410000,410.0,0,0.0,0.0,,0.0,normalDay
2021-07-01,1234.0,2.0,0.0,0,430.43,0.0,1,0.04,0.02,SPY210702P00410000,410.0,0,0.0,0.0,,0.0,normalDay
2021-07-02,1238.0,0.0,4.0,0,433.72,0.0,1,0.04,0.0,SPY210702P00410000,410.0,0,0.0,0.0,,0.0,expirationDay
2021-07-06,1238.0,0.0,0.0,0,432.93,0.0,0,0.0,0.0,,0.0,0,0.0,0.0,,0.0,bidTooLow
2021-07-07,1238.0,0.0,0.0,0,434.46,0.0,0,0.0,0.0,,0.0,0,0.0,0.0,,0.0,bidTooLow
2021-07-08,1238.0,0.0,0.0,0,430.92,0.0,0,0.0,0.0,,0.0,0,0.0,0.0,,0.0,bidTooLow
2021-07-09,1238.0,0.0,0.0,0,435.52,0.0,0,0.0,0.0,,0.0,0,0.0,0.0,,0.0,bidTooLow
2021-07-12,1238.0,0.0,0.0,0,437.08,0.0,0,0.0,0.0,,0.0,0,0.0,0.0,,0.0,bidTooLow
2021-07-13,1238.0,-3.0,0.0,0,435.59,0.0,1,0.03,0.06,SPY210716P00402000,402.0,0,0.0,0.0,,0.0,normalDay
2021-07-14,1238.0,0.0,0.0,0,436.24,0.0,1,0.03,0.03,SPY210716P00402000,402.0,0,0.0,0.0,,0.0,normalDay
2021-07-15,1238.0,1.0,0.0,0,434.75,0.0,1,0.03,0.02,SPY210716P00402000,402.0,0,0.0,0.0,,0.0,normalDay
2021-07-16,1241.0,0.0,3.0,0,431.34,0.0,1,0.03,0.0,SPY210716P00402000,402.0,0,0.0,0.0,,0.0,expirationDay
2021-07-19,1241.0,-3.0,0.0,0,424.97,0.0,1,0.18,0.21,SPY210721P00408000,408.0,0,0.0,0.0,,0.0,normalDay
2021-07-20,1241.0,16.0,0.0,0,431.06,0.0,1,0.18,0.02,SPY210721P00408000,408.0,0,0.0,0.0,,0.0,normalDay
2021-07-21,1259.0,0.0,18.0,0,434.55,0.0,1,0.18,0.0,SPY210721P00408000,408.0,0,0.0,0.0,,0.0,expirationDay
2021-07-22,1259.0,0.0,0.0,0,435.46,0.0,0,0.0,0.0,,0.0,0,0.0,0.0,,0.0,bidTooLow
2021-07-23,1259.0,0.0,0.0,0,439.94,0.0,0,0.0,0.0,,0.0,0,0.0,0.0,,0.0,bidTooLow
2021-07-26,1259.0,0.0,0.0,0,441.02,0.0,0,0.0,0.0,,0.0,0,0.0,0.0,,0.0,bidTooLow
2021-07-27,1259.0,-3.0,0.0,0,439.01,0.0,1,0.08,0.11,SPY210730P00416000,416.0,0,0.0,0.0,,0.0,normalDay
2021-07-28,1259.0,4.0,0.0,0,438.83,0.0,1,0.08,0.04,SPY210730P00416000,416.0,0,0.0,0.0,,0.0,normalDay
2021-07-29,1259.0,6.0,0.0,0,440.65,0.0,1,0.08,0.02,SPY210730P00416000,416.0,0,0.0,0.0,,0.0,normalDay
2021-07-30,1267.0,0.0,8.0,0,438.51,0.0,1,0.08,0.0,SPY210730P00416000,416.0,0,0.0,0.0,,0.0,expirationDay
2021-08-02,1267.0,-3.0,0.0,0,437.59,0.0,1,0.01,0.04,SPY210804P00419000,419.0,0,0.0,0.0,,0.0,normalDay
2021-08-03,1267.0,0.0,0.0,0,441.15,0.0,1,0.01,0.01,SPY210804P00419000,419.0,0,0.0,0.0,,0.0,normalDay
2021-08-04,1268.0,0.0,1.0,0,438.98,0.0,1,0.01,0.0,SPY210804P00419000,419.0,0,0.0,0.0,,0.0,expirationDay
2021-08-05,1268.0,0.0,0.0,0,441.76,0.0,0,0.0,0.0,,0.0,0,0.0,0.0,,0.0,bidTooLow
2021-08-06,1268.0,0.0,0.0,0,442.49,0.0,0,0.0,0.0,,0.0,0,0.0,0.0,,0.0,bidTooLow
2021-08-09,1268.0,0.0,0.0,0,442.13,0.0,0,0.0,0.0,,0.0,0,0.0,0.0,,0.0,bidTooLow
2021-08-10,1268.0,-3.0,0.0,0,442.68,0.0,1,0.02,0.05,SPY210813P00418000,418.0,0,0.0,0.0,,0.0,normalDay
2021-08-11,1268.0,-1.0,0.0,0,443.78,0.0,1,0.02,0.03,SPY210813P00418000,418.0,0,0.0,0.0,,0.0,normalDay
2021-08-12,1268.0,0.0,0.0,0,445.11,0.0,1,0.02,0.02,SPY210813P00418000,418.0,0,0.0,0.0,,0.0,normalDay
2021-08-13,1270.0,0.0,2.0,0,445.92,0.0,1,0.02,0.0,SPY210813P00418000,418.0,0,0.0,0.0,,0.0,expirationDay
2021-08-16,1270.0,-3.0,0.0,0,446.97,0.0,1,0.01,0.04,SPY210818P00424000,424.0,0,0.0,0.0,,0.0,normalDay
2021-08-17,1270.0,-2.0,0.0,0,444.04,0.0,1,0.01,0.03,SPY210818P00424000,424.0,0,0.0,0.0,,0.0,normalDay
2021-08-18,1271.0,0.0,1.0,0,439.18,0.0,1,0.01,0.0,SPY210818P00424000,424.0,0,0.0,0.0,,0.0,expirationDay
2021-08-19,1271.0,-3.0,0.0,0,439.86,0.0,1,0.15,0.18,SPY210820P00430000,430.0,0,0.0,0.0,,0.0,normalDay
2021-08-20,1286.0,0.0,15.0,0,443.36,0.0,1,0.15,0.0,SPY210820P00430000,430.0,0,0.0,0.0,,0.0,expirationDay
2021-08-23,1286.0,-3.0,0.0,0,447.26,0.0,1,0.02,0.05,SPY210825P00429000,429.0,0,0.0,0.0,,0.0,normalDay
2021-08-24,1286.0,-1.0,0.0,0,447.97,0.0,1,0.02,0.03,SPY210825P00429000,429.0,0,0.0,0.0,,0.0,normalDay
2021-08-25,1288.0,0.0,2.0,0,448.91,0.0,1,0.02,0.0,SPY210825P00429000,429.0,0,0.0,0.0,,0.0,expirationDay
2021-08-26,1288.0,-3.0,0.0,0,446.26,0.0,1,0.03,0.06,SPY210827P00429000,429.0,0,0.0,0.0,,0.0,normalDay
2021-08-27,1291.0,0.0,3.0,0,450.25,0.0,1,0.03,0.0,SPY210827P00429000,429.0,0,0.0,0.0,,0.0,expirationDay
2021-08-30,1291.0,0.0,0.0,0,452.23,0.0,0,0.0,0.0,,0.0,0,0.0,0.0,,0.0,bidTooLow
2021-08-31,1291.0,-3.0,0.0,0,451.56,0.0,1,0.04,0.07,SPY210903P00428000,428.0,0,0.0,0.0,,0.0,normalDay
2021-09-01,1291.0,0.0,0.0,0,451.8,0.0,1,0.04,0.04,SPY210903P00428000,428.0,0,0.0,0.0,,0.0,normalDay
2021-09-02,1291.0,2.0,0.0,0,453.19,0.0,1,0.04,0.02,SPY210903P00428000,428.0,0,0.0,0.0,,0.0,normalDay
2021-09-03,1295.0,0.0,4.0,0,453.08,0.0,1,0.04,0.0,SPY210903P00428000,428.0,0,0.0,0.0,,0.0,expirationDay
2021-09-07,1295.0,-3.0,0.0,0,451.46,0.0,1,0.05,0.08,SPY210910P00429000,429.0,0,0.0,0.0,,0.0,normalDay
2021-09-08,1295.0,0.0,0.0,0,450.91,0.0,1,0.05,0.05,SPY210910P00429000,429.0,0,0.0,0.0,,0.0,normalDay
2021-09-09,1295.0,2.0,0.0,0,448.98,0.0,1,0.05,0.03,SPY210910P00429000,429.0,0,0.0,0.0,,0.0,normalDay
2021-09-10,1300.0,0.0,5.0,0,445.44,0.0,1,0.05,0.0,SPY210910P00429000,429.0,0,0.0,0.0,,0.0,expirationDay
2021-09-13,1300.0,-3.0,0.0,0,446.58,0.0,1,0.19,0.22,SPY210915P00430000,430.0,0,0.0,0.0,,0.0,normalDay
2021-09-14,1300.0,12.0,0.0,0,444.17,0.0,1,0.19,0.07,SPY210915P00430000,430.0,0,0.0,0.0,,0.0,normalDay
2021-09-15,1319.0,0.0,19.0,0,447.88,0.0,1,0.19,0.0,SPY210915P00430000,430.0,0,0.0,0.0,,0.0,expirationDay
2021-09-16,1319.0,-3.0,0.0,0,447.17,0.0,1,0.07,0.1,SPY210917P00433000,433.0,0,0.0,0.0,,0.0,normalDay
2021-09-17,1326.0,0.0,7.0,0,441.4,0.0,1,0.07,0.0,SPY210917P00433000,433.0,0,0.0,0.0,,0.0,expirationDay
2021-09-20,1326.0,-3.0,0.0,0,434.04,0.0,1,1.62,1.65,SPY210922P00429000,429.0,0,0.0,0.0,,0.0,normalDay
2021-09-21,1326.0,78.0,0.0,0,433.63,0.0,1,1.62,0.84,SPY210922P00429000,429.0,0,0.0,0.0,,0.0,normalDay
2021-09-22,1488.0,0.0,162.0,0,437.86,0.0,1,1.62,0.0,SPY210922P00429000,429.0,0,0.0,0.0,,0.0,expirationDay
2021-09-23,1488.0,0.0,0.0,0,443.18,0.0,0,0.0,0.0,,0.0,0,0.0,0.0,,0.0,bidTooLow
2021-09-24,1488.0,-3.0,0.0,0,443.91,0.0,1,0.03,0.06,SPY210927P00421000,421.0,0,0.0,0.0,,0.0,normalDay
2021-09-27,1491.0,0.0,3.0,0,442.64,0.0,1,0.03,0.0,SPY210927P00421000,421.0,0,0.0,0.0,,0.0,expirationDay
2021-09-28,1491.0,-3.0,0.0,0,433.72,0.0,1,0.51,0.54,SPY211001P00418000,418.0,0,0.0,0.0,,0.0,normalDay
2021-09-29,1491.0,33.0,0.0,0,434.45,0.0,1,0.51,0.18,SPY211001P00418000,418.0,0,0.0,0.0,,0.0,normalDay
2021-09-30,1491.0,39.0,0.0,0,429.14,0.0,1,0.51,0.12,SPY211001P00418000,418.0,0,0.0,0.0,,0.0,normalDay
2021-10-01,1542.0,0.0,51.0,0,434.24,0.0,1,0.51,0.0,SPY211001P00418000,418.0,0,0.0,0.0,,0.0,expirationDay
2021-10-04,1542.0,-3.0,0.0,0,428.64,0.0,1,0.09,0.12,SPY211006P00410000,410.0,0,0.0,0.0,,0.0,normalDay
2021-10-05,1542.0,7.0,0.0,0,433.1,0.0,1,0.09,0.02,SPY211006P00410000,410.0,0,0.0,0.0,,0.0,normalDay
2021-10-06,1551.0,0.0,9.0,0,434.9,0.0,1,0.09,0.0,SPY211006P00410000,410.0,0,0.0,0.0,,0.0,expirationDay
2021-10-07,1551.0,0.0,0.0,0,438.66,0.0,0,0.0,0.0,,0.0,0,0.0,0.0,,0.0,bidTooLow
2021-10-08,1551.0,-3.0,0.0,0,437.86,0.0,1,0.01,0.04,SPY211011P00413000,413.0,0,0.0,0.0,,0.0,normalDay
2021-10-11,1552.0,0.0,1.0,0,434.69,0.0,1,0.01,0.0,SPY211011P00413000,413.0,0,0.0,0.0,,0.0,expirationDay
2021-10-12,1552.0,-3.0,0.0,0,433.62,0.0,1,0.16,0.19,SPY211015P00414000,414.0,0,0.0,0.0,,0.0,normalDay
2021-10-13,1552.0,9.0,0.0,0,435.18,0.0,1,0.16,0.07,SPY211015P00414000,414.0,0,0.0,0.0,,0.0,normalDay
2021-10-14,1552.0,12.0,0.0,0,442.5,0.0,1,0.16,0.04,SPY211015P00414000,414.0,0,0.0,0.0,,0.0,normalDay
2021-10-15,1568.0,0.0,16.0,0,445.87,0.0,1,0.16,0.0,SPY211015P00414000,414.0,0,0.0,0.0,,0.0,expirationDay
2021-10-18,1568.0,0.0,0.0,0,447.19,0.0,0,0.0,0.0,,0.0,0,0.0,0.0,,0.0,bidTooLow
2021-10-19,1568.0,0.0,0.0,0,450.64,0.0,0,0.0,0.0,,0.0,0,0.0,0.0,,0.0,bidTooLow
2021-10-20,1568.0,0.0,0.0,0,452.41,0.0,0,0.0,0.0,,0.0,0,0.0,0.0,,0.0,bidTooLow
2021-10-21,1568.0,0.0,0.0,0,453.59,0.0,0,0.0,0.0,,0.0,0,0.0,0.0,,0.0,bidTooLow
2021-10-22,1568.0,0.0,0.0,0,453.12,0.0,0,0.0,0.0,,0.0,0,0.0,0.0,,0.0,bidTooLow
2021-10-25,1568.0,0.0,0.0,0,455.55,0.0,0,0.0,0.0,,0.0,0,0.0,0.0,,0.0,bidTooLow
2021-10-26,1568.0,0.0,0.0,0,455.96,0.0,0,0.0,0.0,,0.0,0,0.0,0.0,,0.0,bidTooLow
2021-10-27,1568.0,0.0,0.0,0,453.94,0.0,0,0.0,0.0,,0.0,0,0.0,0.0,,0.0,bidTooLow
2021-10-28,1568.0,0.0,0.0,0,458.32,0.0,0,0.0,0.0,,0.0,0,0.0,0.0,,0.0,bidTooLow
2021-10-29,1568.0,0.0,0.0,0,459.25,0.0,0,0.0,0.0,,0.0,0,0.0,0.0,,0.0,bidTooLow
2021-11-01,1568.0,0.0,0.0,0,460.04,0.0,0,0.0,0.0,,0.0,0,0.0,0.0,,0.0,bidTooLow
2021-11-02,1568.0,0.0,0.0,0,461.9,0.0,0,0.0,0.0,,0.0,0,0.0,0.0,,0.0,bidTooLow
2021-11-03,1568.0,0.0,0.0,0,464.72,0.0,0,0.0,0.0,,0.0,0,0.0,0.0,,0.0,bidTooLow
2021-11-04,1568.0,0.0,0.0,0,466.91,0.0,0,0.0,0.0,,0.0,0,0.0,0.0,,0.0,bidTooLow
2021-11-05,1568.0,0.0,0.0,0,468.53,0.0,0,0.0,0.0,,0.0,0,0.0,0.0,,0.0,bidTooLow
2021-11-08,1568.0,0.0,0.0,0,468.93,0.0,0,0.0,0.0,,0.0,0,0.0,0.0,,0.0,bidTooLow
2021-11-09,1568.0,0.0,0.0,0,467.38,0.0,0,0.0,0.0,,0.0,0,0.0,0.0,,0.0,bidTooLow
2021-11-10,1568.0,0.0,0.0,0,463.62,0.0,0,0.0,0.0,,0.0,0,0.0,0.0,,0.0,bidTooLow
2021-11-11,1568.0,0.0,0.0,0,463.77,0.0,0,0.0,0.0,,0.0,0,0.0,0.0,,0.0,bidTooLow
2021-11-12,1568.0,0.0,0.0,0,467.27,0.0,0,0.0,0.0,,0.0,0,0.0,0.0,,0.0,bidTooLow
2021-11-15,1568.0,0.0,0.0,0,467.43,0.0,0,0.0,0.0,,0.0,0,0.0,0.0,,0.0,bidTooLow
2021-11-16,1568.0,-3.0,0.0,0,469.28,0.0,1,0.02,0.05,SPY211119P00436000,436.0,0,0.0,0.0,,0.0,normalDay
2021-11-17,1568.0,-1.0,0.0,0,468.14,0.0,1,0.02,0.03,SPY211119P00436000,436.0,0,0.0,0.0,,0.0,normalDay
2021-11-18,1568.0,0.0,0.0,0,469.73,0.0,1,0.02,0.02,SPY211119P00436000,436.0,0,0.0,0.0,,0.0,normalDay
2021-11-19,1570.0,0.0,2.0,0,468.89,0.0,1,0.02,0.0,SPY211119P00436000,436.0,0,0.0,0.0,,0.0,expirationDay
2021-11-22,1570.0,-4.0,0.0,0,467.57,0.0,1,0.03,0.07,SPY211124P00444000,444.0,0,0.0,0.0,,0.0,normalDay
2021-11-23,1570.0,1.0,0.0,0,468.19,0.0,1,0.03,0.02,SPY211124P00444000,444.0,0,0.0,0.0,,0.0,normalDay
2021-11-24,1573.0,0.0,3.0,0,469.44,0.0,1,0.03,0.0,SPY211124P00444000,444.0,0,0.0,0.0,,0.0,expirationDay
2021-11-26,1573.0,-14.0,0.0,0,458.97,0.0,1,1.63,1.77,SPY211129P00451000,451.0,0,0.0,0.0,,0.0,normalDay
2021-11-29,1736.0,0.0,163.0,0,464.6,0.0,1,1.63,0.0,SPY211129P00451000,451.0,0,0.0,0.0,,0.0,expirationDay
2021-11-30,1736.0,-8.0,0.0,0,455.56,0.0,1,1.8,1.88,SPY211203P00450000,450.0,0,0.0,0.0,,0.0,normalDay
2021-12-01,1736.0,-247.0,0.0,0,450.5,0.0,1,1.8,4.27,SPY211203P00450000,450.0,0,0.0,0.0,,0.0,normalDay
2021-12-02,1736.0,121.0,0.0,0,457.4,0.0,1,1.8,0.59,SPY211203P00450000,450.0,0,0.0,0.0,,0.0,normalDay
2021-12-03,1916.0,0.0,180.0,0,453.42,0.0,1,1.8,0.0,SPY211203P00450000,450.0,0,0.0,0.0,,0.0,expirationDay
2021-12-06,1916.0,-3.0,0.0,0,458.79,0.0,1,0.16,0.19,SPY211208P00438000,438.0,0,0.0,0.0,,0.0,normalDay
2021-12-07,1916.0,13.0,0.0,0,468.28,0.0,1,0.16,0.03,SPY211208P00438000,438.0,0,0.0,0.0,,0.0,normalDay
2021-12-08,1932.0,0.0,16.0,0,469.52,0.0,1,0.16,0.0,SPY211208P00438000,438.0,0,0.0,0.0,,0.0,expirationDay
2021-12-09,1932.0,0.0,0.0,0,466.35,0.0,0,0.0,0.0,,0.0,0,0.0,0.0,,0.0,bidTooLow
2021-12-10,1932.0,0.0,0.0,0,470.74,0.0,0,0.0,0.0,,0.0,0,0.0,0.0,,0.0,bidTooLow
2021-12-13,1932.0,-3.0,0.0,0,466.57,0.0,1,0.01,0.04,SPY211215P00438000,438.0,0,0.0,0.0,,0.0,normalDay
2021-12-14,1932.0,-1.0,0.0,0,463.36,0.0,1,0.01,0.02,SPY211215P00438000,438.0,0,0.0,0.0,,0.0,normalDay
2021-12-15,1933.0,0.0,1.0,0,470.6,0.0,1,0.01,0.0,SPY211215P00438000,438.0,0,0.0,0.0,,0.0,expirationDay
2021-12-16,1933.0,-3.0,0.0,0,466.45,0.0,1,0.01,0.04,SPY211217P00438000,438.0,0,0.0,0.0,,0.0,normalDay
2021-12-17,1934.0,0.0,1.0,0,459.87,0.0,1,0.01,0.0,SPY211217P00438000,438.0,0,0.0,0.0,,0.0,expirationDay
2021-12-20,1934.0,-3.0,0.0,0,454.98,0.0,1,0.15,0.18,SPY211223P00436000,436.0,0,0.0,0.0,,0.0,normalDay
2021-12-21,1934.0,12.0,0.0,0,463.06,0.0,1,0.15,0.03,SPY211223P00436000,436.0,0,0.0,0.0,,0.0,normalDay
2021-12-22,1934.0,14.0,0.0,0,467.69,0.0,1,0.15,0.01,SPY211223P00436000,436.0,0,0.0,0.0,,0.0,normalDay
2021-12-23,1949.0,0.0,15.0,0,470.6,0.0,1,0.15,0.0,SPY211223P00436000,436.0,0,0.0,0.0,,0.0,expirationDay
2021-12-27,1949.0,0.0,0.0,0,477.26,0.0,0,0.0,0.0,,0.0,0,0.0,0.0,,0.0,bidTooLow
2021-12-28,1949.0,0.0,0.0,0,476.87,0.0,0,0.0,0.0,,0.0,0,0.0,0.0,,0.0,bidTooLow
2021-12-29,1949.0,0.0,0.0,0,477.48,0.0,0,0.0,0.0,,0.0,0,0.0,0.0,,0.0,bidTooLow
2021-12-30,1949.0,0.0,0.0,0,476.16,0.0,0,0.0,0.0,,0.0,0,0.0,0.0,,0.0,bidTooLow
2021-12-31,1949.0,0.0,0.0,0,474.96,0.0,0,0.0,0.0,,0.0,0,0.0,0.0,,0.0,bidTooLow
2022-01-03,1949.0,0.0,0.0,0,477.71,0.0,0,0.0,0.0,,0.0,0,0.0,0.0,,0.0,bidTooLow
2022-01-04,1949.0,0.0,0.0,0,477.55,0.0,0,0.0,0.0,,0.0,0,0.0,0.0,,0.0,bidTooLow
2022-01-05,1949.0,-3.0,0.0,0,468.38,0.0,1,0.02,0.05,SPY220107P00442000,442.0,0,0.0,0.0,,0.0,normalDay
2022-01-06,1949.0,0.0,0.0,0,467.94,0.0,1,0.02,0.02,SPY220107P00442000,442.0,0,0.0,0.0,,0.0,normalDay
2022-01-07,1951.0,0.0,2.0,0,466.09,0.0,1,0.02,0.0,SPY220107P00442000,442.0,0,0.0,0.0,,0.0,expirationDay
2022-01-10,1951.0,-3.0,0.0,0,465.51,0.0,1,0.02,0.05,SPY220112P00441000,441.0,0,0.0,0.0,,0.0,normalDay
2022-01-11,1951.0,1.0,0.0,0,469.75,0.0,1,0.02,0.01,SPY220112P00441000,441.0,0,0.0,0.0,,0.0,normalDay
2022-01-12,1953.0,0.0,2.0,0,471.02,0.0,1,0.02,0.0,SPY220112P00441000,441.0,0,0.0,0.0,,0.0,expirationDay
2022-01-13,1953.0,-3.0,0.0,0,464.53,0.0,1,0.01,0.04,SPY220114P00442000,442.0,0,0.0,0.0,,0.0,normalDay
2022-01-14,1954.0,0.0,1.0,0,464.72,0.0,1,0.01,0.0,SPY220114P00442000,442.0,0,0.0,0.0,,0.0,expirationDay
2022-01-18,1954.0,-3.0,0.0,0,456.49,0.0,1,0.5,0.53,SPY220121P00440000,440.0,0,0.0,0.0,,0.0,normalDay
2022-01-19,1954.0,8.0,0.0,0,451.75,0.0,1,0.5,0.42,SPY220121P00440000,440.0,0,0.0,0.0,,0.0,normalDay
2022-01-20,1954.0,-28.0,0.0,0,446.75,0.0,1,0.5,0.78,SPY220121P00440000,440.0,0,0.0,0.0,,0.0,normalDay
2022-01-21,2004.0,-202.0,50.0,100,437.98,440.0,1,0.5,0.0,SPY220121P00440000,440.0,0,0.0,0.0,,0.0,expirationDay
2022-01-24,2004.0,-20.0,0.0,100,439.84,440.0,0,0.0,0.0,,0.0,1,0.26,0.3,SPY220414C00515000,515.0,normalDay
2022-01-25,2004.0,-548.0,0.0,100,434.47,440.0,0,0.0,0.0,,0.0,1,0.26,0.21,SPY220414C00515000,515.0,normalDay
2022-01-26,2004.0,-660.0,0.0,100,433.38,440.0,0,0.0,0.0,,0.0,1,0.26,0.24,SPY220414C00515000,515.0,normalDay
2022-01-27,2004.0,-869.0,0.0,100,431.24,440.0,0,0.0,0.0,,0.0,1,0.26,0.19,SPY220414C00515000,515.0,normalDay
2022-01-28,2004.0,194.0,0.0,100,441.95,440.0,0,0.0,0.0,,0.0,1,0.26,0.27,SPY220414C00515000,515.0,normalDay
2022-01-31,2004.0,989.0,0.0,100,449.91,440.0,0,0.0,0.0,,0.0,1,0.26,0.28,SPY220414C00515000,515.0,normalDay
2022-02-01,2004.0,1296.0,0.0,100,452.95,440.0,0,0.0,0.0,,0.0,1,0.26,0.25,SPY220414C00515000,515.0,normalDay
2022-02-02,2004.0,1735.0,0.0,100,457.35,440.0,0,0.0,0.0,,0.0,1,0.26,0.26,SPY220414C00515000,515.0,normalDay
2022-02-03,2004.0,665.0,0.0,100,446.6,440.0,0,0.0,0.0,,0.0,1,0.26,0.21,SPY220414C00515000,515.0,normalDay
2022-02-04,2004.0,881.0,0.0,100,448.7,440.0,0,0.0,0.0,,0.0,1,0.26,0.15,SPY220414C00515000,515.0,normalDay
2022-02-07,2004.0,738.0,0.0,100,447.26,440.0,0,0.0,0.0,,0.0,1,0.26,0.14,SPY220414C00515000,515.0,normalDay
2022-02-08,2004.0,1105.0,0.0,100,450.94,440.0,0,0.0,0.0,,0.0,1,0.26,0.15,SPY220414C00515000,515.0,normalDay
2022-02-09,2004.0,1760.0,0.0,100,457.54,440.0,0,0.0,0.0,,0.0,1,0.26,0.2,SPY220414C00515000,515.0,normalDay
2022-02-10,2004.0,945.0,0.0,100,449.32,440.0,0,0.0,0.0,,0.0,1,0.26,0.13,SPY220414C00515000,515.0,normalDay
2022-02-11,2004.0,59.0,0.0,100,440.46,440.0,0,0.0,0.0,,0.0,1,0.26,0.13,SPY220414C00515000,515.0,normalDay
2022-02-14,2004.0,-83.0,0.0,100,439.02,440.0,0,0.0,0.0,,0.0,1,0.26,0.11,SPY220414C00515000,515.0,normalDay
2022-02-15,2004.0,625.0,0.0,100,446.1,440.0,0,0.0,0.0,,0.0,1,0.26,0.11,SPY220414C00515000,515.0,normalDay
2022-02-16,2004.0,678.0,0.0,100,446.6,440.0,0,0.0,0.0,,0.0,1,0.26,0.08,SPY220414C00515000,515.0,normalDay
2022-02-17,2004.0,-274.0,0.0,100,437.06,440.0,0,0.0,0.0,,0.0,1,0.26,0.06,SPY220414C00515000,515.0,normalDay
2022-02-18,2004.0,-556.0,0.0,100,434.23,440.0,0,0.0,0.0,,0.0,1,0.26,0.05,SPY220414C00515000,515.0,normalDay
2022-02-22,2004.0,-1021.0,0.0,100,429.57,440.0,0,0.0,0.0,,0.0,1,0.26,0.04,SPY220414C00515000,515.0,normalDay
2022-02-23,2004.0,-1783.0,0.0,100,421.95,440.0,0,0.0,0.0,,0.0,1,0.26,0.04,SPY220414C00515000,515.0,normalDay
2022-02-24,2004.0,-1150.0,0.0,100,428.3,440.0,0,0.0,0.0,,0.0,1,0.26,0.06,SPY220414C00515000,515.0,normalDay
2022-02-25,2004.0,-205.0,0.0,100,437.75,440.0,0,0.0,0.0,,0.0,1,0.26,0.06,SPY220414C00515000,515.0,normalDay
2022-02-28,2004.0,-316.0,0.0,100,436.63,440.0,0,0.0,0.0,,0.0,1,0.26,0.05,SPY220414C00515000,515.0,normalDay
2022-03-01,2004.0,-980.0,0.0,100,429.98,440.0,0,0.0,0.0,,0.0,1,0.26,0.04,SPY220414C00515000,515.0,normalDay
2022-03-02,2004.0,-190.0,0.0,100,437.89,440.0,0,0.0,0.0,,0.0,1,0.26,0.05,SPY220414C00515000,515.0,normalDay
2022-03-03,2004.0,-407.0,0.0,100,435.71,440.0,0,0.0,0.0,,0.0,1,0.26,0.04,SPY220414C00515000,515.0,normalDay
2022-03-04,2004.0,-761.0,0.0,100,432.17,440.0,0,0.0,0.0,,0.0,1,0.26,0.04,SPY220414C00515000,515.0,normalDay
2022-03-07,2004.0,-2033.0,0.0,100,419.43,440.0,0,0.0,0.0,,0.0,1,0.26,0.02,SPY220414C00515000,515.0,normalDay
2022-03-08,2004.0,-2351.0,0.0,100,416.25,440.0,0,0.0,0.0,,0.0,1,0.26,0.02,SPY220414C00515000,515.0,normalDay
2022-03-09,2004.0,-1236.0,0.0,100,427.41,440.0,0,0.0,0.0,,0.0,1,0.26,0.03,SPY220414C00515000,515.0,normalDay
2022-03-10,2004.0,-1428.0,0.0,100,425.48,440.0,0,0.0,0.0,,0.0,1,0.26,0.02,SPY220414C00515000,515.0,normalDay
2022-03-11,2004.0,-1969.0,0.0,100,420.07,440.0,0,0.0,0.0,,0.0,1,0.26,0.02,SPY220414C00515000,515.0,normalDay
2022-03-14,2004.0,-2276.0,0.0,100,417.0,440.0,0,0.0,0.0,,0.0,1,0.26,0.02,SPY220414C00515000,515.0,normalDay
2022-03-15,2004.0,-1359.0,0.0,100,426.17,440.0,0,0.0,0.0,,0.0,1,0.26,0.02,SPY220414C00515000,515.0,normalDay
2022-03-16,2004.0,-414.0,0.0,100,435.62,440.0,0,0.0,0.0,,0.0,1,0.26,0.02,SPY220414C00515000,515.0,normalDay
2022-03-17,2004.0,131.0,0.0,100,441.07,440.0,0,0.0,0.0,,0.0,1,0.26,0.02,SPY220414C00515000,515.0,normalDay
2022-03-18,2004.0,476.0,0.0,100,444.52,440.0,0,0.0,0.0,,0.0,1,0.26,0.02,SPY220414C00515000,515.0,normalDay
2022-03-21,2004.0,463.0,0.0,100,444.39,440.0,0,0.0,0.0,,0.0,1,0.26,0.02,SPY220414C00515000,515.0,normalDay
2022-03-22,2004.0,983.0,0.0,100,449.59,440.0,0,0.0,0.0,,0.0,1,0.26,0.02,SPY220414C00515000,515.0,normalDay
2022-03-23,2004.0,405.0,0.0,100,443.8,440.0,0,0.0,0.0,,0.0,1,0.26,0.01,SPY220414C00515000,515.0,normalDay
2022-03-24,2004.0,1074.0,0.0,100,450.49,440.0,0,0.0,0.0,,0.0,1,0.26,0.01,SPY220414C00515000,515.0,normalDay
2022-03-25,2004.0,1294.0,0.0,100,452.69,440.0,0,0.0,0.0,,0.0,1,0.26,0.01,SPY220414C00515000,515.0,normalDay
2022-03-28,2004.0,1616.0,0.0,100,455.91,440.0,0,0.0,0.0,,0.0,1,0.26,0.01,SPY220414C00515000,515.0,normalDay
2022-03-29,2004.0,2179.0,0.0,100,461.55,440.0,0,0.0,0.0,,0.0,1,0.26,0.02,SPY220414C00515000,515.0,normalDay
2022-03-30,2004.0,1895.0,0.0,100,458.7,440.0,0,0.0,0.0,,0.0,1,0.26,0.01,SPY220414C00515000,515.0,normalDay
2022-03-31,2004.0,1189.0,0.0,100,451.64,440.0,0,0.0,0.0,,0.0,1,0.26,0.01,SPY220414C00515000,515.0,normalDay
2022-04-01,2004.0,1317.0,0.0,100,452.92,440.0,0,0.0,0.0,,0.0,1,0.26,0.01,SPY220414C00515000,515.0,normalDay
2022-04-04,2004.0,1705.0,0.0,100,456.8,440.0,0,0.0,0.0,,0.0,1,0.26,0.01,SPY220414C00515000,515.0,normalDay
2022-04-05,2004.0,1128.0,0.0,100,451.03,440.0,0,0.0,0.0,,0.0,1,0.26,0.01,SPY220414C00515000,515.0,normalDay
2022-04-06,2004.0,677.0,0.0,100,446.52,440.0,0,0.0,0.0,,0.0,1,0.26,0.01,SPY220414C00515000,515.0,normalDay
2022-04-07,2004.0,902.0,0.0,100,448.77,440.0,0,0.0,0.0,,0.0,1,0.26,0.01,SPY220414C00515000,515.0,normalDay
2022-04-08,2004.0,782.0,0.0,100,447.57,440.0,0,0.0,0.0,,0.0,1,0.26,0.01,SPY220414C00515000,515.0,normalDay
2022-04-11,2004.0,17.0,0.0,100,439.92,440.0,0,0.0,0.0,,0.0,1,0.26,0.01,SPY220414C00515000,515.0,normalDay
2022-04-12,2004.0,-146.0,0.0,100,438.29,440.0,0,0.0,0.0,,0.0,1,0.26,0.01,SPY220414C00515000,515.0,normalDay
2022-04-13,2004.0,356.0,0.0,100,443.31,440.0,0,0.0,0.0,,0.0,1,0.26,0.01,SPY220414C00515000,515.0,normalDay
2022-04-14,2030.0,-221.0,26.0,100,437.79,440.0,0,0.0,0.0,,0.0,1,0.26,0.0,SPY220414C00515000,515.0,expirationDay
2022-04-18,2030.0,-208.0,0.0,100,437.97,440.0,0,0.0,0.0,,0.0,1,1.23,1.28,SPY220630C00477000,477.0,normalDay
2022-04-19,2030.0,458.0,0.0,100,445.04,440.0,0,0.0,0.0,,0.0,1,1.23,1.69,SPY220630C00477000,477.0,normalDay
2022-04-20,2030.0,408.0,0.0,100,444.71,440.0,0,0.0,0.0,,0.0,1,1.23,1.86,SPY220630C00477000,477.0,normalDay
2022-04-21,2030.0,-183.0,0.0,100,438.06,440.0,0,0.0,0.0,,0.0,1,1.23,1.12,SPY220630C00477000,477.0,normalDay
2022-04-22,2030.0,-1330.0,0.0,100,426.04,440.0,0,0.0,0.0,,0.0,1,1.23,0.57,SPY220630C00477000,477.0,normalDay
2022-04-25,2030.0,-1083.0,0.0,100,428.51,440.0,0,0.0,0.0,,0.0,1,1.23,0.57,SPY220630C00477000,477.0,normalDay
2022-04-26,2030.0,-2299.0,0.0,100,416.1,440.0,0,0.0,0.0,,0.0,1,1.23,0.32,SPY220630C00477000,477.0,normalDay
2022-04-27,2030.0,-2184.0,0.0,100,417.27,440.0,0,0.0,0.0,,0.0,1,1.23,0.34,SPY220630C00477000,477.0,normalDay
2022-04-28,2030.0,-1154.0,0.0,100,427.81,440.0,0,0.0,0.0,,0.0,1,1.23,0.58,SPY220630C00477000,477.0,normalDay
2022-04-29,2030.0,-2708.0,0.0,100,412.0,440.0,0,0.0,0.0,,0.0,1,1.23,0.31,SPY220630C00477000,477.0,normalDay
2022-05-02,2030.0,-2463.0,0.0,100,414.48,440.0,0,0.0,0.0,,0.0,1,1.23,0.34,SPY220630C00477000,477.0,normalDay
2022-05-03,2030.0,-2265.0,0.0,100,416.38,440.0,0,0.0,0.0,,0.0,1,1.23,0.26,SPY220630C00477000,477.0,normalDay
2022-05-04,2030.0,-1016.0,0.0,100,429.06,440.0,0,0.0,0.0,,0.0,1,1.23,0.45,SPY220630C00477000,477.0,normalDay
2022-05-05,2030.0,-2520.0,0.0,100,413.81,440.0,0,0.0,0.0,,0.0,1,1.23,0.24,SPY220630C00477000,477.0,normalDay
2022-05-06,2030.0,-2760.0,0.0,100,411.34,440.0,0,0.0,0.0,,0.0,1,1.23,0.17,SPY220630C00477000,477.0,normalDay
2022-05-09,2030.0,-4074.0,0.0,100,398.17,440.0,0,0.0,0.0,,0.0,1,1.23,0.14,SPY220630C00477000,477.0,normalDay
2022-05-10,2030.0,-3978.0,0.0,100,399.09,440.0,0,0.0,0.0,,0.0,1,1.23,0.1,SPY220630C00477000,477.0,normalDay
2022-05-11,2030.0,-4610.0,0.0,100,392.75,440.0,0,0.0,0.0,,0.0,1,1.23,0.08,SPY220630C00477000,477.0,normalDay
2022-05-12,2030.0,-4651.0,0.0,100,392.34,440.0,0,0.0,0.0,,0.0,1,1.23,0.08,SPY220630C00477000,477.0,normalDay
2022-05-13,2030.0,-3712.0,0.0,100,401.72,440.0,0,0.0,0.0,,0.0,1,1.23,0.07,SPY220630C00477000,477.0,normalDay
2022-05-16,2030.0,-3873.0,0.0,100,400.09,440.0,0,0.0,0.0,,0.0,1,1.23,0.05,SPY220630C00477000,477.0,normalDay
2022-05-17,2030.0,-3050.0,0.0,100,408.32,440.0,0,0.0,0.0,,0.0,1,1.23,0.05,SPY220630C00477000,477.0,normalDay
2022-05-18,2030.0,-4695.0,0.0,100,391.86,440.0,0,0.0,0.0,,0.0,1,1.23,0.04,SPY220630C00477000,477.0,normalDay
2022-05-19,2030.0,-4935.0,0.0,100,389.46,440.0,0,0.0,0.0,,0.0,1,1.23,0.04,SPY220630C00477000,477.0,normalDay
2022-05-20,2030.0,-4918.0,0.0,100,389.63,440.0,0,0.0,0.0,,0.0,1,1.23,0.04,SPY220630C00477000,477.0,normalDay
2022-05-23,2030.0,-4190.0,0.0,100,396.92,440.0,0,0.0,0.0,,0.0,1,1.23,0.05,SPY220630C00477000,477.0,normalDay
2022-05-24,2030.0,-4493.0,0.0,100,393.89,440.0,0,0.0,0.0,,0.0,1,1.23,0.05,SPY220630C00477000,477.0,normalDay
2022-05-25,2030.0,-4145.0,0.0,100,397.37,440.0,0,0.0,0.0,,0.0,1,1.23,0.05,SPY220630C00477000,477.0,normalDay
2022-05-26,2030.0,-3353.0,0.0,100,405.31,440.0,0,0.0,0.0,,0.0,1,1.23,0.07,SPY220630C00477000,477.0,normalDay
2022-05-27,2030.0,-2360.0,0.0,100,415.26,440.0,0,0.0,0.0,,0.0,1,1.23,0.09,SPY220630C00477000,477.0,normalDay
2022-05-31,2030.0,-2590.0,0.0,100,412.93,440.0,0,0.0,0.0,,0.0,1,1.23,0.06,SPY220630C00477000,477.0,normalDay
2022-06-01,2030.0,-2922.0,0.0,100,409.59,440.0,0,0.0,0.0,,0.0,1,1.23,0.04,SPY220630C00477000,477.0,normalDay
2022-06-02,2030.0,-2143.0,0.0,100,417.39,440.0,0,0.0,0.0,,0.0,1,1.23,0.05,SPY220630C00477000,477.0,normalDay
2022-06-03,2030.0,-2827.0,0.0,100,410.54,440.0,0,0.0,0.0,,0.0,1,1.23,0.04,SPY220630C00477000,477.0,normalDay
2022-06-06,2030.0,-2701.0,0.0,100,411.79,440.0,0,0.0,0.0,,0.0,1,1.23,0.03,SPY220630C00477000,477.0,normalDay
2022-06-07,2030.0,-2306.0,0.0,100,415.74,440.0,0,0.0,0.0,,0.0,1,1.23,0.03,SPY220630C00477000,477.0,normalDay
2022-06-08,2030.0,-2758.0,0.0,100,411.22,440.0,0,0.0,0.0,,0.0,1,1.23,0.03,SPY220630C00477000,477.0,normalDay
2022-06-09,2030.0,-3735.0,0.0,100,401.44,440.0,0,0.0,0.0,,0.0,1,1.23,0.02,SPY220630C00477000,477.0,normalDay
2022-06-10,2030.0,-4899.0,0.0,100,389.8,440.0,0,0.0,0.0,,0.0,1,1.23,0.02,SPY220630C00477000,477.0,normalDay
2022-06-13,2030.0,-6379.0,0.0,100,375.0,440.0,0,0.0,0.0,,0.0,1,1.23,0.02,SPY220630C00477000,477.0,normalDay
2022-06-14,2030.0,-6492.0,0.0,100,373.87,440.0,0,0.0,0.0,,0.0,1,1.23,0.02,SPY220630C00477000,477.0,normalDay
2022-06-15,2030.0,-5959.0,0.0,100,379.2,440.0,0,0.0,0.0,,0.0,1,1.23,0.02,SPY220630C00477000,477.0,normalDay
2022-06-16,2030.0,-7214.0,0.0,100,366.65,440.0,0,0.0,0.0,,0.0,1,1.23,0.02,SPY220630C00477000,477.0,normalDay
2022-06-17,2030.0,-7292.0,0.0,100,365.86,440.0,0,0.0,0.0,,0.0,1,1.23,0.01,SPY220630C00477000,477.0,normalDay
2022-06-21,2030.0,-6371.0,0.0,100,375.07,440.0,0,0.0,0.0,,0.0,1,1.23,0.01,SPY220630C00477000,477.0,normalDay
2022-06-22,2030.0,-6439.0,0.0,100,374.39,440.0,0,0.0,0.0,,0.0,1,1.23,0.01,SPY220630C00477000,477.0,normalDay
2022-06-23,2030.0,-6072.0,0.0,100,378.06,440.0,0,0.0,0.0,,0.0,1,1.23,0.01,SPY220630C00477000,477.0,normalDay
2022-06-24,2030.0,-4870.0,0.0,100,390.08,440.0,0,0.0,0.0,,0.0,1,1.23,0.01,SPY220630C00477000,477.0,normalDay
2022-06-27,2030.0,-5019.0,0.0,100,388.59,440.0,0,0.0,0.0,,0.0,1,1.23,0.01,SPY220630C00477000,477.0,normalDay
2022-06-28,2030.0,-5813.0,0.0,100,380.65,440.0,0,0.0,0.0,,0.0,1,1.23,0.01,SPY220630C00477000,477.0,normalDay
2022-06-29,2030.0,-5844.0,0.0,100,380.34,440.0,0,0.0,0.0,,0.0,1,1.23,0.01,SPY220630C00477000,477.0,normalDay
2022-06-30,2153.0,-6275.0,123.0,100,377.25,440.0,0,0.0,0.0,,0.0,1,1.23,0.0,SPY220630C00477000,477.0,expirationDay
2022-07-01,2153.0,-5879.0,0.0,100,381.24,440.0,0,0.0,0.0,,0.0,1,0.39,0.42,SPY220916C00450000,450.0,normalDay
2022-07-05,2153.0,-5803.0,0.0,100,381.96,440.0,0,0.0,0.0,,0.0,1,0.39,0.38,SPY220916C00450000,450.0,normalDay
2022-07-06,2153.0,-5676.0,0.0,100,383.25,440.0,0,0.0,0.0,,0.0,1,0.39,0.4,SPY220916C00450000,450.0,normalDay
2022-07-07,2153.0,-5114.0,0.0,100,388.99,440.0,0,0.0,0.0,,0.0,1,0.39,0.52,SPY220916C00450000,450.0,normalDay
2022-07-08,2153.0,-5142.0,0.0,100,388.67,440.0,0,0.0,0.0,,0.0,1,0.39,0.48,SPY220916C00450000,450.0,normalDay
2022-07-11,2153.0,-5572.0,0.0,100,384.23,440.0,0,0.0,0.0,,0.0,1,0.39,0.34,SPY220916C00450000,450.0,normalDay
2022-07-12,2153.0,-5902.0,0.0,100,380.83,440.0,0,0.0,0.0,,0.0,1,0.39,0.24,SPY220916C00450000,450.0,normalDay
2022-07-13,2153.0,-6100.0,0.0,100,378.83,440.0,0,0.0,0.0,,0.0,1,0.39,0.22,SPY220916C00450000,450.0,normalDay
2022-07-14,2153.0,-6190.0,0.0,100,377.91,440.0,0,0.0,0.0,,0.0,1,0.39,0.2,SPY220916C00450000,450.0,normalDay
2022-07-15,2153.0,-5475.0,0.0,100,385.13,440.0,0,0.0,0.0,,0.0,1,0.39,0.27,SPY220916C00450000,450.0,normalDay
2022-07-18,2153.0,-5789.0,0.0,100,381.95,440.0,0,0.0,0.0,,0.0,1,0.39,0.23,SPY220916C00450000,450.0,normalDay
2022-07-19,2153.0,-4783.0,0.0,100,392.27,440.0,0,0.0,0.0,,0.0,1,0.39,0.49,SPY220916C00450000,450.0,normalDay
2022-07-20,2153.0,-4541.0,0.0,100,394.77,440.0,0,0.0,0.0,,0.0,1,0.39,0.57,SPY220916C00450000,450.0,normalDay
2022-07-21,2153.0,-4146.0,0.0,100,398.79,440.0,0,0.0,0.0,,0.0,1,0.39,0.64,SPY220916C00450000,450.0,normalDay
2022-07-22,2153.0,-4495.0,0.0,100,395.09,440.0,0,0.0,0.0,,0.0,1,0.39,0.43,SPY220916C00450000,450.0,normalDay
2022-07-25,2153.0,-4439.0,0.0,100,395.57,440.0,0,0.0,0.0,,0.0,1,0.39,0.35,SPY220916C00450000,450.0,normalDay
2022-07-26,2153.0,-4897.0,0.0,100,390.89,440.0,0,0.0,0.0,,0.0,1,0.39,0.25,SPY220916C00450000,450.0,normalDay
2022-07-27,2153.0,-3901.0,0.0,100,401.04,440.0,0,0.0,0.0,,0.0,1,0.39,0.44,SPY220916C00450000,450.0,normalDay
2022-07-28,2153.0,-3421.0,0.0,100,406.07,440.0,0,0.0,0.0,,0.0,1,0.39,0.67,SPY220916C00450000,450.0,normalDay
2022-07-29,2153.0,-2847.0,0.0,100,411.99,440.0,0,0.0,0.0,,0.0,1,0.39,0.85,SPY220916C00450000,450.0,normalDay
2022-08-01,2153.0,-2956.0,0.0,100,410.77,440.0,0,0.0,0.0,,0.0,1,0.39,0.72,SPY220916C00450000,450.0,normalDay
2022-08-02,2153.0,-3208.0,0.0,100,408.06,440.0,0,0.0,0.0,,0.0,1,0.39,0.53,SPY220916C00450000,450.0,normalDay
2022-08-03,2153.0,-2597.0,0.0,100,414.45,440.0,0,0.0,0.0,,0.0,1,0.39,0.81,SPY220916C00450000,450.0,normalDay
2022-08-04,2153.0,-2617.0,0.0,100,414.17,440.0,0,0.0,0.0,,0.0,1,0.39,0.73,SPY220916C00450000,450.0,normalDay
2022-08-05,2153.0,-2664.0,0.0,100,413.47,440.0,0,0.0,0.0,,0.0,1,0.39,0.5,SPY220916C00450000,450.0,normalDay
2022-08-08,2153.0,-2707.0,0.0,100,412.99,440.0,0,0.0,0.0,,0.0,1,0.39,0.45,SPY220916C00450000,450.0,normalDay
2022-08-09,2153.0,-2863.0,0.0,100,411.35,440.0,0,0.0,0.0,,0.0,1,0.39,0.37,SPY220916C00450000,450.0,normalDay
2022-08-10,2153.0,-2039.0,0.0,100,419.99,440.0,0,0.0,0.0,,0.0,1,0.39,0.77,SPY220916C00450000,450.0,normalDay
2022-08-11,2153.0,-2037.0,0.0,100,419.99,440.0,0,0.0,0.0,,0.0,1,0.39,0.75,SPY220916C00450000,450.0,normalDay
2022-08-12,2153.0,-1390.0,0.0,100,427.1,440.0,0,0.0,0.0,,0.0,1,0.39,1.39,SPY220916C00450000,450.0,normalDay
2022-08-15,2153.0,-1230.0,0.0,100,428.86,440.0,0,0.0,0.0,,0.0,1,0.39,1.55,SPY220916C00450000,450.0,normalDay
2022-08-16,2153.0,-1140.0,0.0,100,429.7,440.0,0,0.0,0.0,,0.0,1,0.39,1.49,SPY220916C00450000,450.0,normalDay
2022-08-17,2153.0,-1402.0,0.0,100,426.65,440.0,0,0.0,0.0,,0.0,1,0.39,1.06,SPY220916C00450000,450.0,normalDay
2022-08-18,2153.0,-1268.0,0.0,100,427.89,440.0,0,0.0,0.0,,0.0,1,0.39,0.96,SPY220916C00450000,450.0,normalDay
2022-08-19,2153.0,-1790.0,0.0,100,422.14,440.0,0,0.0,0.0,,0.0,1,0.39,0.43,SPY220916C00450000,450.0,normalDay
2022-08-22,2153.0,-2642.0,0.0,100,413.35,440.0,0,0.0,0.0,,0.0,1,0.39,0.16,SPY220916C00450000,450.0,normalDay
2022-08-23,2153.0,-2739.0,0.0,100,412.35,440.0,0,0.0,0.0,,0.0,1,0.39,0.13,SPY220916C00450000,450.0,normalDay
2022-08-24,2153.0,-2605.0,0.0,100,413.67,440.0,0,0.0,0.0,,0.0,1,0.39,0.11,SPY220916C00450000,450.0,normalDay
2022-08-25,2153.0,-2028.0,0.0,100,419.51,440.0,0,0.0,0.0,,0.0,1,0.39,0.18,SPY220916C00450000,450.0,normalDay
2022-08-26,2153.0,-3435.0,0.0,100,405.31,440.0,0,0.0,0.0,,0.0,1,0.39,0.05,SPY220916C00450000,450.0,normalDay
2022-08-29,2153.0,-3702.0,0.0,100,402.63,440.0,0,0.0,0.0,,0.0,1,0.39,0.04,SPY220916C00450000,450.0,normalDay
2022-08-30,2153.0,-4143.0,0.0,100,398.21,440.0,0,0.0,0.0,,0.0,1,0.39,0.03,SPY220916C00450000,450.0,normalDay
2022-08-31,2153.0,-4445.0,0.0,100,395.18,440.0,0,0.0,0.0,,0.0,1,0.39,0.02,SPY220916C00450000,450.0,normalDay
2022-09-01,2153.0,-4321.0,0.0,100,396.42,440.0,0,0.0,0.0,,0.0,1,0.39,0.02,SPY220916C00450000,450.0,normalDay
2022-09-02,2153.0,-4739.0,0.0,100,392.24,440.0,0,0.0,0.0,,0.0,1,0.39,0.02,SPY220916C00450000,450.0,normalDay
2022-09-06,2153.0,-4886.0,0.0,100,390.76,440.0,0,0.0,0.0,,0.0,1,0.39,0.01,SPY220916C00450000,450.0,normalDay
2022-09-07,2153.0,-4185.0,0.0,100,397.78,440.0,0,0.0,0.0,,0.0,1,0.39,0.02,SPY220916C00450000,450.0,normalDay
2022-09-08,2153.0,-3924.0,0.0,100,400.38,440.0,0,0.0,0.0,,0.0,1,0.39,0.01,SPY220916C00450000,450.0,normalDay
2022-09-09,2153.0,-3302.0,0.0,100,406.6,440.0,0,0.0,0.0,,0.0,1,0.39,0.01,SPY220916C00450000,450.0,normalDay
2022-09-12,2153.0,-2865.0,0.0,100,410.97,440.0,0,0.0,0.0,,0.0,1,0.39,0.01,SPY220916C00450000,450.0,normalDay
2022-09-13,2153.0,-4652.0,0.0,100,393.1,440.0,0,0.0,0.0,,0.0,1,0.39,0.01,SPY220916C00450000,450.0,normalDay
2022-09-14,2153.0,-4502.0,0.0,100,394.6,440.0,0,0.0,0.0,,0.0,1,0.39,0.01,SPY220916C00450000,450.0,normalDay
2022-09-15,2153.0,-4950.0,0.0,100,390.12,440.0,0,0.0,0.0,,0.0,1,0.39,0.01,SPY220916C00450000,450.0,normalDay
2022-09-16,2192.0,-5444.0,39.0,100,385.56,440.0,0,0.0,0.0,,0.0,1,0.39,0.0,SPY220916C00450000,450.0,expirationDay
2022-09-19,2192.0,-5149.0,0.0,100,388.55,440.0,0,0.0,0.0,,0.0,1,0.91,0.95,SPY221118C00440000,440.0,normalDay
2022-09-20,2192.0,-5573.0,0.0,100,384.09,440.0,0,0.0,0.0,,0.0,1,0.91,0.73,SPY221118C00440000,440.0,normalDay
2022-09-21,2192.0,-6218.0,0.0,100,377.39,440.0,0,0.0,0.0,,0.0,1,0.91,0.48,SPY221118C00440000,440.0,normalDay
2022-09-22,2192.0,-6525.0,0.0,100,374.22,440.0,0,0.0,0.0,,0.0,1,0.91,0.38,SPY221118C00440000,440.0,normalDay
2022-09-23,2192.0,-7141.0,0.0,100,367.95,440.0,0,0.0,0.0,,0.0,1,0.91,0.27,SPY221118C00440000,440.0,normalDay
2022-09-26,2192.0,-7501.0,0.0,100,364.31,440.0,0,0.0,0.0,,0.0,1,0.91,0.23,SPY221118C00440000,440.0,normalDay
2022-09-27,2192.0,-7590.0,0.0,100,363.38,440.0,0,0.0,0.0,,0.0,1,0.91,0.19,SPY221118C00440000,440.0,normalDay
2022-09-28,2192.0,-6886.0,0.0,100,370.53,440.0,0,0.0,0.0,,0.0,1,0.91,0.3,SPY221118C00440000,440.0,normalDay
2022-09-29,2192.0,-7646.0,0.0,100,362.79,440.0,0,0.0,0.0,,0.0,1,0.91,0.16,SPY221118C00440000,440.0,normalDay
2022-09-30,2192.0,-8203.0,0.0,100,357.18,440.0,0,0.0,0.0,,0.0,1,0.91,0.12,SPY221118C00440000,440.0,normalDay
2022-10-03,2192.0,-7266.0,0.0,100,366.61,440.0,0,0.0,0.0,,0.0,1,0.91,0.18,SPY221118C00440000,440.0,normalDay
2022-10-04,2192.0,-6152.0,0.0,100,377.97,440.0,0,0.0,0.0,,0.0,1,0.91,0.4,SPY221118C00440000,440.0,normalDay
2022-10-05,2192.0,-6229.0,0.0,100,377.09,440.0,0,0.0,0.0,,0.0,1,0.91,0.29,SPY221118C00440000,440.0,normalDay
2022-10-06,2192.0,-6612.0,0.0,100,373.2,440.0,0,0.0,0.0,,0.0,1,0.91,0.23,SPY221118C00440000,440.0,normalDay
2022-10-07,2192.0,-7642.0,0.0,100,362.79,440.0,0,0.0,0.0,,0.0,1,0.91,0.12,SPY221118C00440000,440.0,normalDay
2022-10-10,2192.0,-7919.0,0.0,100,360.02,440.0,0,0.0,0.0,,0.0,1,0.91,0.12,SPY221118C00440000,440.0,normalDay
2022-10-11,2192.0,-8146.0,0.0,100,357.74,440.0,0,0.0,0.0,,0.0,1,0.91,0.11,SPY221118C00440000,440.0,normalDay
2022-10-12,2192.0,-8263.0,0.0,100,356.56,440.0,0,0.0,0.0,,0.0,1,0.91,0.1,SPY221118C00440000,440.0,normalDay
2022-10-13,2192.0,-7330.0,0.0,100,365.97,440.0,0,0.0,0.0,,0.0,1,0.91,0.18,SPY221118C00440000,440.0,normalDay
2022-10-14,2192.0,-8157.0,0.0,100,357.63,440.0,0,0.0,0.0,,0.0,1,0.91,0.11,SPY221118C00440000,440.0,normalDay
2022-10-17,2192.0,-7240.0,0.0,100,366.82,440.0,0,0.0,0.0,,0.0,1,0.91,0.13,SPY221118C00440000,440.0,normalDay
2022-10-18,2192.0,-6814.0,0.0,100,371.13,440.0,0,0.0,0.0,,0.0,1,0.91,0.18,SPY221118C00440000,440.0,normalDay
2022-10-19,2192.0,-7073.0,0.0,100,368.5,440.0,0,0.0,0.0,,0.0,1,0.91,0.14,SPY221118C00440000,440.0,normalDay
2022-10-20,2192.0,-7376.0,0.0,100,365.41,440.0,0,0.0,0.0,,0.0,1,0.91,0.08,SPY221118C00440000,440.0,normalDay
2022-10-21,2192.0,-6497.0,0.0,100,374.29,440.0,0,0.0,0.0,,0.0,1,0.91,0.17,SPY221118C00440000,440.0,normalDay
2022-10-24,2192.0,-6043.0,0.0,100,378.87,440.0,0,0.0,0.0,,0.0,1,0.91,0.21,SPY221118C00440000,440.0,normalDay
2022-10-25,2192.0,-5436.0,0.0,100,384.92,440.0,0,0.0,0.0,,0.0,1,0.91,0.19,SPY221118C00440000,440.0,normalDay
2022-10-26,2192.0,-5719.0,0.0,100,382.02,440.0,0,0.0,0.0,,0.0,1,0.91,0.12,SPY221118C00440000,440.0,normalDay
2022-10-27,2192.0,-5918.0,0.0,100,379.98,440.0,0,0.0,0.0,,0.0,1,0.91,0.07,SPY221118C00440000,440.0,normalDay
2022-10-28,2192.0,-5022.0,0.0,100,389.02,440.0,0,0.0,0.0,,0.0,1,0.91,0.15,SPY221118C00440000,440.0,normalDay
2022-10-31,2192.0,-5298.0,0.0,100,386.21,440.0,0,0.0,0.0,,0.0,1,0.91,0.1,SPY221118C00440000,440.0,normalDay
2022-11-01,2192.0,-5464.0,0.0,100,384.52,440.0,0,0.0,0.0,,0.0,1,0.91,0.07,SPY221118C00440000,440.0,normalDay
2022-11-02,2192.0,-6425.0,0.0,100,374.87,440.0,0,0.0,0.0,,0.0,1,0.91,0.03,SPY221118C00440000,440.0,normalDay
2022-11-03,2192.0,-6811.0,0.0,100,371.01,440.0,0,0.0,0.0,,0.0,1,0.91,0.03,SPY221118C00440000,440.0,normalDay
2022-11-04,2192.0,-6276.0,0.0,100,376.35,440.0,0,0.0,0.0,,0.0,1,0.91,0.02,SPY221118C00440000,440.0,normalDay
2022-11-07,2192.0,-5916.0,0.0,100,379.95,440.0,0,0.0,0.0,,0.0,1,0.91,0.02,SPY221118C00440000,440.0,normalDay
2022-11-08,2192.0,-5711.0,0.0,100,382.0,440.0,0,0.0,0.0,,0.0,1,0.91,0.02,SPY221118C00440000,440.0,normalDay
2022-11-09,2192.0,-6497.0,0.0,100,374.13,440.0,0,0.0,0.0,,0.0,1,0.91,0.01,SPY221118C00440000,440.0,normalDay
2022-11-10,2192.0,-4443.0,0.0,100,394.69,440.0,0,0.0,0.0,,0.0,1,0.91,0.03,SPY221118C00440000,440.0,normalDay
2022-11-11,2192.0,-4060.0,0.0,100,398.51,440.0,0,0.0,0.0,,0.0,1,0.91,0.02,SPY221118C00440000,440.0,normalDay
2022-11-14,2192.0,-4398.0,0.0,100,395.12,440.0,0,0.0,0.0,,0.0,1,0.91,0.01,SPY221118C00440000,440.0,normalDay
2022-11-15,2192.0,-4061.0,0.0,100,398.49,440.0,0,0.0,0.0,,0.0,1,0.91,0.01,SPY221118C00440000,440.0,normalDay
2022-11-16,2192.0,-4365.0,0.0,100,395.45,440.0,0,0.0,0.0,,0.0,1,0.91,0.01,SPY221118C00440000,440.0,normalDay
2022-11-17,2192.0,-4486.0,0.0,100,394.24,440.0,0,0.0,0.0,,0.0,1,0.91,0.01,SPY221118C00440000,440.0,normalDay
2022-11-18,2283.0,-4397.0,91.0,100,396.03,440.0,0,0.0,0.0,,0.0,1,0.91,0.0,SPY221118C00440000,440.0,expirationDay
2022-11-21,2283.0,-4551.0,0.0,100,394.59,440.0,0,0.0,0.0,,0.0,1,2.97,3.07,SPY230120C00423000,423.0,normalDay
2022-11-22,2283.0,-4097.0,0.0,100,399.9,440.0,0,0.0,0.0,,0.0,1,2.97,3.84,SPY230120C00423000,423.0,normalDay
2022-11-23,2283.0,-3871.0,0.0,100,402.42,440.0,0,0.0,0.0,,0.0,1,2.97,4.1,SPY230120C00423000,423.0,normalDay
2022-11-25,2283.0,-3860.0,0.0,100,402.33,440.0,0,0.0,0.0,,0.0,1,2.97,3.9,SPY230120C00423000,423.0,normalDay
2022-11-28,2283.0,-4369.0,0.0,100,395.91,440.0,0,0.0,0.0,,0.0,1,2.97,2.57,SPY230120C00423000,423.0,normalDay
2022-11-29,2283.0,-4406.0,0.0,100,395.23,440.0,0,0.0,0.0,,0.0,1,2.97,2.26,SPY230120C00423000,423.0,normalDay
2022-11-30,2283.0,-3466.0,0.0,100,407.68,440.0,0,0.0,0.0,,0.0,1,2.97,5.31,SPY230120C00423000,423.0,normalDay
2022-12-01,2283.0,-3441.0,0.0,100,407.38,440.0,0,0.0,0.0,,0.0,1,2.97,4.76,SPY230120C00423000,423.0,normalDay
2022-12-02,2283.0,-3428.0,0.0,100,406.91,440.0,0,0.0,0.0,,0.0,1,2.97,4.16,SPY230120C00423000,423.0,normalDay
2022-12-05,2283.0,-3986.0,0.0,100,399.59,440.0,0,0.0,0.0,,0.0,1,2.97,2.42,SPY230120C00423000,423.0,normalDay
2022-12-06,2283.0,-4486.0,0.0,100,393.83,440.0,0,0.0,0.0,,0.0,1,2.97,1.66,SPY230120C00423000,423.0,normalDay
2022-12-07,2283.0,-4544.0,0.0,100,393.16,440.0,0,0.0,0.0,,0.0,1,2.97,1.57,SPY230120C00423000,423.0,normalDay
2022-12-08,2283.0,-4265.0,0.0,100,396.24,440.0,0,0.0,0.0,,0.0,1,2.97,1.86,SPY230120C00423000,423.0,normalDay
2022-12-09,2283.0,-4523.0,0.0,100,393.28,440.0,0,0.0,0.0,,0.0,1,2.97,1.48,SPY230120C00423000,423.0,normalDay
2022-12-12,2283.0,-4069.0,0.0,100,398.95,440.0,0,0.0,0.0,,0.0,1,2.97,2.61,SPY230120C00423000,423.0,normalDay
2022-12-13,2283.0,-3771.0,0.0,100,401.97,440.0,0,0.0,0.0,,0.0,1,2.97,2.65,SPY230120C00423000,423.0,normalDay
2022-12-14,2283.0,-3931.0,0.0,100,399.4,440.0,0,0.0,0.0,,0.0,1,2.97,1.68,SPY230120C00423000,423.0,normalDay
2022-12-15,2283.0,-4802.0,0.0,100,389.63,440.0,0,0.0,0.0,,0.0,1,2.97,0.62,SPY230120C00423000,423.0,normalDay
2022-12-16,2283.0,-5411.0,0.0,100,383.27,440.0,0,0.0,0.0,,0.0,1,2.97,0.35,SPY230120C00423000,423.0,normalDay
2022-12-19,2283.0,-5725.0,0.0,100,380.02,440.0,0,0.0,0.0,,0.0,1,2.97,0.24,SPY230120C00423000,423.0,normalDay
2022-12-20,2283.0,-5671.0,0.0,100,380.54,440.0,0,0.0,0.0,,0.0,1,2.97,0.22,SPY230120C00423000,423.0,normalDay
2022-12-21,2283.0,-5110.0,0.0,100,386.23,440.0,0,0.0,0.0,,0.0,1,2.97,0.3,SPY230120C00423000,423.0,normalDay
2022-12-22,2283.0,-5651.0,0.0,100,380.72,440.0,0,0.0,0.0,,0.0,1,2.97,0.2,SPY230120C00423000,423.0,normalDay
2022-12-23,2283.0,-5428.0,0.0,100,382.91,440.0,0,0.0,0.0,,0.0,1,2.97,0.16,SPY230120C00423000,423.0,normalDay
2022-12-27,2283.0,-5577.0,0.0,100,381.4,440.0,0,0.0,0.0,,0.0,1,2.97,0.14,SPY230120C00423000,423.0,normalDay
2022-12-28,2283.0,-6046.0,0.0,100,376.66,440.0,0,0.0,0.0,,0.0,1,2.97,0.09,SPY230120C00423000,423.0,normalDay
2022-12-29,2283.0,-5371.0,0.0,100,383.44,440.0,0,0.0,0.0,,0.0,1,2.97,0.12,SPY230120C00423000,423.0,normalDay
2022-12-30,2283.0,-5469.0,0.0,100,382.43,440.0,0,0.0,0.0,,0.0,1,2.97,0.09,SPY230120C00423000,423.0,normalDay
2023-01-03,2283.0,-5627.0,0.0,100,380.82,440.0,0,0.0,0.0,,0.0,1,2.97,0.06,SPY230120C00423000,423.0,normalDay
2023-01-04,2283.0,-5333.0,0.0,100,383.76,440.0,0,0.0,0.0,,0.0,1,2.97,0.06,SPY230120C00423000,423.0,normalDay
2023-01-05,2283.0,-5769.0,0.0,100,379.38,440.0,0,0.0,0.0,,0.0,1,2.97,0.04,SPY230120C00423000,423.0,normalDay
2023-01-06,2283.0,-4901.0,0.0,100,388.08,440.0,0,0.0,0.0,,0.0,1,2.97,0.06,SPY230120C00423000,423.0,normalDay
2023-01-09,2283.0,-4922.0,0.0,100,387.86,440.0,0,0.0,0.0,,0.0,1,2.97,0.05,SPY230120C00423000,423.0,normalDay
2023-01-10,2283.0,-4650.0,0.0,100,390.58,440.0,0,0.0,0.0,,0.0,1,2.97,0.05,SPY230120C00423000,423.0,normalDay
2023-01-11,2283.0,-4161.0,0.0,100,395.52,440.0,0,0.0,0.0,,0.0,1,2.97,0.1,SPY230120C00423000,423.0,normalDay
2023-01-12,2283.0,-4010.0,0.0,100,396.96,440.0,0,0.0,0.0,,0.0,1,2.97,0.03,SPY230120C00423000,423.0,normalDay
2023-01-13,2283.0,-3855.0,0.0,100,398.5,440.0,0,0.0,0.0,,0.0,1,2.97,0.02,SPY230120C00423000,423.0,normalDay
2023-01-17,2283.0,-3928.0,0.0,100,397.77,440.0,0,0.0,0.0,,0.0,1,2.97,0.02,SPY230120C00423000,423.0,normalDay
2023-01-18,2283.0,-4555.0,0.0,100,391.49,440.0,0,0.0,0.0,,0.0,1,2.97,0.01,SPY230120C00423000,423.0,normalDay
2023-01-19,2283.0,-4840.0,0.0,100,388.64,440.0,0,0.0,0.0,,0.0,1,2.97,0.01,SPY230120C00423000,423.0,normalDay
2023-01-20,2580.0,-4412.0,297.0,100,395.88,440.0,0,0.0,0.0,,0.0,1,2.97,0.0,SPY230120C00423000,423.0,expirationDay
2023-01-23,2580.0,-3943.0,0.0,100,400.63,440.0,0,0.0,0.0,,0.0,1,5.18,5.24,SPY230331C00418000,418.0,normalDay
2023-01-24,2580.0,-3983.0,0.0,100,400.2,440.0,0,0.0,0.0,,0.0,1,5.18,5.21,SPY230331C00418000,418.0,normalDay
2023-01-25,2580.0,-3924.0,0.0,100,400.35,440.0,0,0.0,0.0,,0.0,1,5.18,4.77,SPY230331C00418000,418.0,normalDay
2023-01-26,2580.0,-3612.0,0.0,100,404.75,440.0,0,0.0,0.0,,0.0,1,5.18,6.05,SPY230331C00418000,418.0,normalDay
2023-01-27,2580.0,-3544.0,0.0,100,405.68,440.0,0,0.0,0.0,,0.0,1,5.18,6.3,SPY230331C00418000,418.0,normalDay
2023-01-30,2580.0,-3912.0,0.0,100,400.59,440.0,0,0.0,0.0,,0.0,1,5.18,4.89,SPY230331C00418000,418.0,normalDay
2023-01-31,2580.0,-3473.0,0.0,100,406.48,440.0,0,0.0,0.0,,0.0,1,5.18,6.39,SPY230331C00418000,418.0,normalDay
2023-02-01,2580.0,-3238.0,0.0,100,410.8,440.0,0,0.0,0.0,,0.0,1,5.18,8.36,SPY230331C00418000,418.0,normalDay
2023-02-02,2580.0,-2883.0,0.0,100,416.78,440.0,0,0.0,0.0,,0.0,1,5.18,10.79,SPY230331C00418000,418.0,normalDay
2023-02-03,2580.0,-3116.0,0.0,100,412.35,440.0,0,0.0,0.0,,0.0,1,5.18,8.69,SPY230331C00418000,418.0,normalDay
2023-02-06,2580.0,-3263.0,0.0,100,409.83,440.0,0,0.0,0.0,,0.0,1,5.18,7.64,SPY230331C00418000,418.0,normalDay
2023-02-07,2580.0,-2921.0,0.0,100,415.19,440.0,0,0.0,0.0,,0.0,1,5.18,9.58,SPY230331C00418000,418.0,normalDay
2023-02-08,2580.0,-3221.0,0.0,100,410.65,440.0,0,0.0,0.0,,0.0,1,5.18,8.04,SPY230331C00418000,418.0,normalDay
2023-02-09,2580.0,-3446.0,0.0,100,407.09,440.0,0,0.0,0.0,,0.0,1,5.18,6.73,SPY230331C00418000,418.0,normalDay
2023-02-10,2580.0,-3364.0,0.0,100,408.04,440.0,0,0.0,0.0,,0.0,1,5.18,6.86,SPY230331C00418000,418.0,normalDay
2023-02-13,2580.0,-3070.0,0.0,100,412.83,440.0,0,0.0,0.0,,0.0,1,5.18,8.71,SPY230331C00418000,418.0,normalDay
2023-02-14,2580.0,-2968.0,0.0,100,412.64,440.0,0,0.0,0.0,,0.0,1,5.18,7.5,SPY230331C00418000,418.0,normalDay
2023-02-15,2580.0,-2889.0,0.0,100,413.98,440.0,0,0.0,0.0,,0.0,1,5.18,8.05,SPY230331C00418000,418.0,normalDay
2023-02-16,2580.0,-3209.0,0.0,100,408.28,440.0,0,0.0,0.0,,0.0,1,5.18,5.55,SPY230331C00418000,418.0,normalDay
2023-02-17,2580.0,-3252.0,0.0,100,407.26,440.0,0,0.0,0.0,,0.0,1,5.18,4.96,SPY230331C00418000,418.0,normalDay
2023-02-21,2580.0,-3844.0,0.0,100,399.09,440.0,0,0.0,0.0,,0.0,1,5.18,2.71,SPY230331C00418000,418.0,normalDay
2023-02-22,2580.0,-3851.0,0.0,100,398.54,440.0,0,0.0,0.0,,0.0,1,5.18,2.23,SPY230331C00418000,418.0,normalDay
2023-02-23,2580.0,-3647.0,0.0,100,400.66,440.0,0,0.0,0.0,,0.0,1,5.18,2.31,SPY230331C00418000,418.0,normalDay
2023-02-24,2580.0,-3997.0,0.0,100,396.38,440.0,0,0.0,0.0,,0.0,1,5.18,1.53,SPY230331C00418000,418.0,normalDay
2023-02-27,2580.0,-3860.0,0.0,100,397.73,440.0,0,0.0,0.0,,0.0,1,5.18,1.51,SPY230331C00418000,418.0,normalDay
2023-02-28,2580.0,-3966.0,0.0,100,396.26,440.0,0,0.0,0.0,,0.0,1,5.18,1.1,SPY230331C00418000,418.0,normalDay
2023-03-01,2580.0,-4103.0,0.0,100,394.74,440.0,0,0.0,0.0,,0.0,1,5.18,0.95,SPY230331C00418000,418.0,normalDay
2023-03-02,2580.0,-3817.0,0.0,100,397.81,440.0,0,0.0,0.0,,0.0,1,5.18,1.16,SPY230331C00418000,418.0,normalDay
2023-03-03,2580.0,-3281.0,0.0,100,404.19,440.0,0,0.0,0.0,,0.0,1,5.18,2.18,SPY230331C00418000,418.0,normalDay
2023-03-06,2580.0,-3246.0,0.0,100,404.47,440.0,0,0.0,0.0,,0.0,1,5.18,2.11,SPY230331C00418000,418.0,normalDay
2023-03-07,2580.0,-3758.0,0.0,100,398.27,440.0,0,0.0,0.0,,0.0,1,5.18,1.03,SPY230331C00418000,418.0,normalDay
2023-03-08,2580.0,-3684.0,0.0,100,398.92,440.0,0,0.0,0.0,,0.0,1,5.18,0.94,SPY230331C00418000,418.0,normalDay
2023-03-09,2580.0,-4374.0,0.0,100,391.56,440.0,0,0.0,0.0,,0.0,1,5.18,0.48,SPY230331C00418000,418.0,normalDay
2023-03-10,2580.0,-4911.0,0.0,100,385.91,440.0,0,0.0,0.0,,0.0,1,5.18,0.2,SPY230331C00418000,418.0,normalDay
2023-03-13,2580.0,-4968.0,0.0,100,385.36,440.0,0,0.0,0.0,,0.0,1,5.18,0.22,SPY230331C00418000,418.0,normalDay
2023-03-14,2580.0,-4329.0,0.0,100,391.73,440.0,0,0.0,0.0,,0.0,1,5.18,0.2,SPY230331C00418000,418.0,normalDay
2023-03-15,2580.0,-4568.0,0.0,100,389.28,440.0,0,0.0,0.0,,0.0,1,5.18,0.14,SPY230331C00418000,418.0,normalDay
2023-03-16,2580.0,-3900.0,0.0,100,396.11,440.0,0,0.0,0.0,,0.0,1,5.18,0.29,SPY230331C00418000,418.0,normalDay
2023-03-17,2580.0,-4497.0,0.0,100,389.99,440.0,0,0.0,0.0,,0.0,1,5.18,0.14,SPY230331C00418000,418.0,normalDay
2023-03-20,2580.0,-4122.0,0.0,100,393.74,440.0,0,0.0,0.0,,0.0,1,5.18,0.14,SPY230331C00418000,418.0,normalDay
2023-03-21,2580.0,-3624.0,0.0,100,398.91,440.0,0,0.0,0.0,,0.0,1,5.18,0.33,SPY230331C00418000,418.0,normalDay
2023-03-22,2580.0,-4276.0,0.0,100,392.11,440.0,0,0.0,0.0,,0.0,1,5.18,0.05,SPY230331C00418000,418.0,normalDay
2023-03-23,2580.0,-4169.0,0.0,100,393.17,440.0,0,0.0,0.0,,0.0,1,5.18,0.04,SPY230331C00418000,418.0,normalDay
2023-03-24,2580.0,-3910.0,0.0,100,395.75,440.0,0,0.0,0.0,,0.0,1,5.18,0.03,SPY230331C00418000,418.0,normalDay
2023-03-27,2580.0,-3835.0,0.0,100,396.49,440.0,0,0.0,0.0,,0.0,1,5.18,0.02,SPY230331C00418000,418.0,normalDay
2023-03-28,2580.0,-3923.0,0.0,100,395.6,440.0,0,0.0,0.0,,0.0,1,5.18,0.01,SPY230331C00418000,418.0,normalDay
2023-03-29,2580.0,-3348.0,0.0,100,401.35,440.0,0,0.0,0.0,,0.0,1,5.18,0.01,SPY230331C00418000,418.0,normalDay
2023-03-30,2580.0,-3113.0,0.0,100,403.7,440.0,0,0.0,0.0,,0.0,1,5.18,0.01,SPY230331C00418000,418.0,normalDay
2023-03-31,3098.0,-3061.0,518.0,100,409.39,440.0,0,0.0,0.0,,0.0,1,5.18,0.0,SPY230331C00418000,418.0,expirationDay
2023-04-03,3098.0,-2910.0,0.0,100,410.95,440.0,0,0.0,0.0,,0.0,1,7.66,7.71,SPY230616C00424000,424.0,normalDay
2023-04-04,3098.0,-3040.0,0.0,100,408.67,440.0,0,0.0,0.0,,0.0,1,7.66,6.73,SPY230616C00424000,424.0,normalDay
2023-04-05,3098.0,-3091.0,0.0,100,407.6,440.0,0,0.0,0.0,,0.0,1,7.66,6.17,SPY230616C00424000,424.0,normalDay
2023-04-06,3098.0,-2961.0,0.0,100,409.19,440.0,0,0.0,0.0,,0.0,1,7.66,6.46,SPY230616C00424000,424.0,normalDay
2023-04-10,3098.0,-2929.0,0.0,100,409.61,440.0,0,0.0,0.0,,0.0,1,7.66,6.56,SPY230616C00424000,424.0,normalDay
2023-04-11,3098.0,-2900.0,0.0,100,409.72,440.0,0,0.0,0.0,,0.0,1,7.66,6.38,SPY230616C00424000,424.0,normalDay
2023-04-12,3098.0,-2959.0,0.0,100,408.05,440.0,0,0.0,0.0,,0.0,1,7.66,5.3,SPY230616C00424000,424.0,normalDay
2023-04-13,3098.0,-2609.0,0.0,100,413.47,440.0,0,0.0,0.0,,0.0,1,7.66,7.22,SPY230616C00424000,424.0,normalDay
2023-04-14,3098.0,-2633.0,0.0,100,412.46,440.0,0,0.0,0.0,,0.0,1,7.66,6.45,SPY230616C00424000,424.0,normalDay
2023-04-17,3098.0,-2492.0,0.0,100,413.94,440.0,0,0.0,0.0,,0.0,1,7.66,6.52,SPY230616C00424000,424.0,normalDay
2023-04-18,3098.0,-2432.0,0.0,100,414.21,440.0,0,0.0,0.0,,0.0,1,7.66,6.19,SPY230616C00424000,424.0,normalDay
2023-04-19,3098.0,-2412.0,0.0,100,414.14,440.0,0,0.0,0.0,,0.0,1,7.66,5.92,SPY230616C00424000,424.0,normalDay
2023-04-20,3098.0,-2550.0,0.0,100,411.88,440.0,0,0.0,0.0,,0.0,1,7.66,5.04,SPY230616C00424000,424.0,normalDay
2023-04-21,3098.0,-2493.0,0.0,100,412.2,440.0,0,0.0,0.0,,0.0,1,7.66,4.79,SPY230616C00424000,424.0,normalDay
2023-04-24,3098.0,-2443.0,0.0,100,412.63,440.0,0,0.0,0.0,,0.0,1,7.66,4.72,SPY230616C00424000,424.0,normalDay
2023-04-25,3098.0,-2950.0,0.0,100,406.08,440.0,0,0.0,0.0,,0.0,1,7.66,3.24,SPY230616C00424000,424.0,normalDay
2023-04-26,3098.0,-3031.0,0.0,100,404.36,440.0,0,0.0,0.0,,0.0,1,7.66,2.33,SPY230616C00424000,424.0,normalDay
2023-04-27,3098.0,-2454.0,0.0,100,412.41,440.0,0,0.0,0.0,,0.0,1,7.66,4.61,SPY230616C00424000,424.0,normalDay
2023-04-28,3098.0,-2179.0,0.0,100,415.93,440.0,0,0.0,0.0,,0.0,1,7.66,5.38,SPY230616C00424000,424.0,normalDay
2023-05-01,3098.0,-2181.0,0.0,100,415.51,440.0,0,0.0,0.0,,0.0,1,7.66,4.98,SPY230616C00424000,424.0,normalDay
2023-05-02,3098.0,-2494.0,0.0,100,410.84,440.0,0,0.0,0.0,,0.0,1,7.66,3.44,SPY230616C00424000,424.0,normalDay
2023-05-03,3098.0,-2711.0,0.0,100,408.02,440.0,0,0.0,0.0,,0.0,1,7.66,2.79,SPY230616C00424000,424.0,normalDay
2023-05-04,3098.0,-2923.0,0.0,100,405.13,440.0,0,0.0,0.0,,0.0,1,7.66,2.02,SPY230616C00424000,424.0,normalDay
2023-05-05,3098.0,-2313.0,0.0,100,412.63,440.0,0,0.0,0.0,,0.0,1,7.66,3.42,SPY230616C00424000,424.0,normalDay
2023-05-08,3098.0,-2281.0,0.0,100,412.74,440.0,0,0.0,0.0,,0.0,1,7.66,3.21,SPY230616C00424000,424.0,normalDay
2023-05-09,3098.0,-2420.0,0.0,100,410.93,440.0,0,0.0,0.0,,0.0,1,7.66,2.79,SPY230616C00424000,424.0,normalDay
2023-05-10,3098.0,-2254.0,0.0,100,412.85,440.0,0,0.0,0.0,,0.0,1,7.66,3.05,SPY230616C00424000,424.0,normalDay
2023-05-11,3098.0,-2268.0,0.0,100,412.13,440.0,0,0.0,0.0,,0.0,1,7.66,2.47,SPY230616C00424000,424.0,normalDay
2023-05-12,3098.0,-2279.0,0.0,100,411.59,440.0,0,0.0,0.0,,0.0,1,7.66,2.04,SPY230616C00424000,424.0,normalDay
2023-05-15,3098.0,-2152.0,0.0,100,413.01,440.0,0,0.0,0.0,,0.0,1,7.66,2.19,SPY230616C00424000,424.0,normalDay
2023-05-16,3098.0,-2370.0,0.0,100,410.25,440.0,0,0.0,0.0,,0.0,1,7.66,1.61,SPY230616C00424000,424.0,normalDay
2023-05-17,3098.0,-1985.0,0.0,100,415.23,440.0,0,0.0,0.0,,0.0,1,7.66,2.74,SPY230616C00424000,424.0,normalDay
2023-05-18,3098.0,-1732.0,0.0,100,419.23,440.0,0,0.0,0.0,,0.0,1,7.66,4.21,SPY230616C00424000,424.0,normalDay
2023-05-19,3098.0,-1770.0,0.0,100,418.62,440.0,0,0.0,0.0,,0.0,1,7.66,3.98,SPY230616C00424000,424.0,normalDay
2023-05-22,3098.0,-1753.0,0.0,100,418.79,440.0,0,0.0,0.0,,0.0,1,7.66,3.98,SPY230616C00424000,424.0,normalDay
2023-05-23,3098.0,-2054.0,0.0,100,414.09,440.0,0,0.0,0.0,,0.0,1,7.66,2.29,SPY230616C00424000,424.0,normalDay
2023-05-24,3098.0,-2292.0,0.0,100,411.09,440.0,0,0.0,0.0,,0.0,1,7.66,1.67,SPY230616C00424000,424.0,normalDay
2023-05-25,3098.0,-1996.0,0.0,100,414.65,440.0,0,0.0,0.0,,0.0,1,7.66,2.27,SPY230616C00424000,424.0,normalDay
2023-05-26,3098.0,-1643.0,0.0,100,420.02,440.0,0,0.0,0.0,,0.0,1,7.66,4.11,SPY230616C00424000,424.0,normalDay
2023-05-30,3098.0,-1583.0,0.0,100,420.18,440.0,0,0.0,0.0,,0.0,1,7.66,3.67,SPY230616C00424000,424.0,normalDay
2023-05-31,3098.0,-1678.0,0.0,100,417.85,440.0,0,0.0,0.0,,0.0,1,7.66,2.29,SPY230616C00424000,424.0,normalDay
2023-06-01,3098.0,-1401.0,0.0,100,421.82,440.0,0,0.0,0.0,,0.0,1,7.66,3.49,SPY230616C00424000,424.0,normalDay
2023-06-02,3098.0,-1131.0,0.0,100,427.92,440.0,0,0.0,0.0,,0.0,1,7.66,6.89,SPY230616C00424000,424.0,normalDay
2023-06-05,3098.0,-1124.0,0.0,100,427.1,440.0,0,0.0,0.0,,0.0,1,7.66,6.0,SPY230616C00424000,424.0,normalDay
2023-06-06,3098.0,-1086.0,0.0,100,428.03,440.0,0,0.0,0.0,,0.0,1,7.66,6.55,SPY230616C00424000,424.0,normalDay
2023-06-07,3098.0,-1093.0,0.0,100,426.55,440.0,0,0.0,0.0,,0.0,1,7.66,5.14,SPY230616C00424000,424.0,normalDay
2023-06-08,3098.0,-980.0,0.0,100,429.13,440.0,0,0.0,0.0,,0.0,1,7.66,6.59,SPY230616C00424000,424.0,normalDay
2023-06-09,3098.0,-990.0,0.0,100,429.9,440.0,0,0.0,0.0,,0.0,1,7.66,7.46,SPY230616C00424000,424.0,normalDay
2023-06-12,3098.0,-884.0,0.0,100,433.8,440.0,0,0.0,0.0,,0.0,1,7.66,10.3,SPY230616C00424000,424.0,normalDay
2023-06-13,3098.0,-880.0,0.0,100,436.66,440.0,0,0.0,0.0,,0.0,1,7.66,13.12,SPY230616C00424000,424.0,normalDay
2023-06-14,3098.0,-897.0,0.0,100,437.18,440.0,0,0.0,0.0,,0.0,1,7.66,13.81,SPY230616C00424000,424.0,normalDay
2023-06-15,3098.0,-797.0,0.0,100,442.6,440.0,0,0.0,0.0,,0.0,1,7.66,18.23,SPY230616C00424000,424.0,normalDay
2023-06-16,2264.0,-797.0,-834.0,0,439.46,0.0,0,0.0,0.0,,0.0,1,7.66,0.0,SPY230616C00424000,424.0,expirationDay
2023-06-20,2264.0,0.0,0.0,0,437.18,0.0,0,0.0,0.0,,0.0,0,0.0,0.0,,0.0,bidTooLow
2023-06-21,2264.0,0.0,0.0,0,434.94,0.0,0,0.0,0.0,,0.0,0,0.0,0.0,,0.0,bidTooLow
2023-06-22,2264.0,0.0,0.0,0,436.51,0.0,0,0.0,0.0,,0.0,0,0.0,0.0,,0.0,bidTooLow
2023-06-23,2264.0,0.0,0.0,0,433.21,0.0,0,0.0,0.0,,0.0,0,0.0,0.0,,0.0,bidTooLow
2023-06-26,2264.0,-3.0,0.0,0,431.44,0.0,1,0.01,0.04,SPY230629P00400000,400.0,0,0.0,0.0,,0.0,normalDay
2023-06-27,2264.0,-1.0,0.0,0,436.17,0.0,1,0.01,0.02,SPY230629P00400000,400.0,0,0.0,0.0,,0.0,normalDay
2023-06-28,2264.0,0.0,0.0,0,436.39,0.0,1,0.01,0.01,SPY230629P00400000,400.0,0,0.0,0.0,,0.0,normalDay
2023-06-29,2265.0,0.0,1.0,0,438.11,0.0,1,0.01,0.0,SPY230629P00400000,400.0,0,0.0,0.0,,0.0,expirationDay
2023-06-30,2265.0,0.0,0.0,0,443.28,0.0,0,0.0,0.0,,0.0,0,0.0,0.0,,0.0,bidTooLow
2023-07-03,2265.0,0.0,0.0,0,443.79,0.0,0,0.0,0.0,,0.0,0,0.0,0.0,,0.0,bidTooLow
2023-07-05,2265.0,0.0,0.0,0,443.13,0.0,0,0.0,0.0,,0.0,0,0.0,0.0,,0.0,bidTooLow
2023-07-06,2265.0,0.0,0.0,0,439.66,0.0,0,0.0,0.0,,0.0,0,0.0,0.0,,0.0,bidTooLow
2023-07-07,2265.0,0.0,0.0,0,438.55,0.0,0,0.0,0.0,,0.0,0,0.0,0.0,,0.0,bidTooLow
2023-07-10,2265.0,-3.0,0.0,0,439.66,0.0,1,0.01,0.04,SPY230713P00421000,421.0,0,0.0,0.0,,0.0,normalDay
2023-07-11,2265.0,-3.0,0.0,0,442.46,0.0,1,0.01,0.04,SPY230713P00421000,421.0,0,0.0,0.0,,0.0,normalDay
2023-07-12,2265.0,-1.0,0.0,0,446.02,0.0,1,0.01,0.02,SPY230713P00421000,421.0,0,0.0,0.0,,0.0,normalDay
2023-07-13,2266.0,0.0,1.0,0,449.56,0.0,1,0.01,0.0,SPY230713P00421000,421.0,0,0.0,0.0,,0.0,expirationDay
2023-07-14,2266.0,0.0,0.0,0,449.28,0.0,0,0.0,0.0,,0.0,0,0.0,0.0,,0.0,bidTooLow
2023-07-17,2266.0,0.0,0.0,0,450.84,0.0,0,0.0,0.0,,0.0,0,0.0,0.0,,0.0,bidTooLow
2023-07-18,2266.0,-3.0,0.0,0,454.19,0.0,1,0.01,0.04,SPY230721P00414000,414.0,0,0.0,0.0,,0.0,normalDay
2023-07-19,2266.0,-2.0,0.0,0,455.2,0.0,1,0.01,0.03,SPY230721P00414000,414.0,0,0.0,0.0,,0.0,normalDay
2023-07-20,2266.0,-1.0,0.0,0,452.18,0.0,1,0.01,0.02,SPY230721P00414000,414.0,0,0.0,0.0,,0.0,normalDay
2023-07-21,2267.0,0.0,1.0,0,452.18,0.0,1,0.01,0.0,SPY230721P00414000,414.0,0,0.0,0.0,,0.0,expirationDay
2023-07-24,2267.0,0.0,0.0,0,454.2,0.0,0,0.0,0.0,,0.0,0,0.0,0.0,,0.0,bidTooLow
2023-07-25,2267.0,0.0,0.0,0,455.44,0.0,0,0.0,0.0,,0.0,0,0.0,0.0,,0.0,bidTooLow
2023-07-26,2267.0,0.0,0.0,0,455.51,0.0,0,0.0,0.0,,0.0,0,0.0,0.0,,0.0,bidTooLow
2023-07-27,2267.0,0.0,0.0,0,452.49,0.0,0,0.0,0.0,,0.0,0,0.0,0.0,,0.0,bidTooLow
2023-07-28,2267.0,0.0,0.0,0,456.92,0.0,0,0.0,0.0,,0.0,0,0.0,0.0,,0.0,bidTooLow
2023-07-31,2267.0,0.0,0.0,0,457.79,0.0,0,0.0,0.0,,0.0,0,0.0,0.0,,0.0,bidTooLow
2023-08-01,2267.0,0.0,0.0,0,456.48,0.0,0,0.0,0.0,,0.0,0,0.0,0.0,,0.0,bidTooLow
2023-08-02,2267.0,-3.0,0.0,0,450.13,0.0,1,0.02,0.05,SPY230804P00424000,424.0,0,0.0,0.0,,0.0,normalDay
2023-08-03,2267.0,0.0,0.0,0,448.84,0.0,1,0.02,0.02,SPY230804P00424000,424.0,0,0.0,0.0,,0.0,normalDay
2023-08-04,2269.0,0.0,2.0,0,446.81,0.0,1,0.02,0.0,SPY230804P00424000,424.0,0,0.0,0.0,,0.0,expirationDay
2023-08-07,2269.0,-3.0,0.0,0,450.71,0.0,1,0.06,0.09,SPY230810P00435000,435.0,0,0.0,0.0,,0.0,normalDay
2023-08-08,2269.0,0.0,0.0,0,448.75,0.0,1,0.06,0.06,SPY230810P00435000,435.0,0,0.0,0.0,,0.0,normalDay
2023-08-09,2269.0,1.0,0.0,0,445.75,0.0,1,0.06,0.05,SPY230810P00435000,435.0,0,0.0,0.0,,0.0,normalDay
2023-08-10,2275.0,0.0,6.0,0,445.91,0.0,1,0.06,0.0,SPY230810P00435000,435.0,0,0.0,0.0,,0.0,expirationDay
2023-08-11,2275.0,-3.0,0.0,0,445.65,0.0,1,0.01,0.04,SPY230814P00435000,435.0,0,0.0,0.0,,0.0,normalDay
2023-08-14,2276.0,0.0,1.0,0,448.11,0.0,1,0.01,0.0,SPY230814P00435000,435.0,0,0.0,0.0,,0.0,expirationDay
2023-08-15,2276.0,-3.0,0.0,0,442.89,0.0,1,0.21,0.24,SPY230818P00432000,432.0,0,0.0,0.0,,0.0,normalDay
2023-08-16,2276.0,-4.0,0.0,0,439.64,0.0,1,0.21,0.25,SPY230818P00432000,432.0,0,0.0,0.0,,0.0,normalDay
2023-08-17,2276.0,-9.0,0.0,0,436.29,0.0,1,0.21,0.3,SPY230818P00432000,432.0,0,0.0,0.0,,0.0,normalDay
2023-08-18,2297.0,0.0,21.0,0,436.5,0.0,1,0.21,0.0,SPY230818P00432000,432.0,0,0.0,0.0,,0.0,expirationDay
2023-08-21,2297.0,-3.0,0.0,0,439.34,0.0,1,0.05,0.08,SPY230824P00419000,419.0,0,0.0,0.0,,0.0,normalDay
2023-08-22,2297.0,1.0,0.0,0,438.15,0.0,1,0.05,0.04,SPY230824P00419000,419.0,0,0.0,0.0,,0.0,normalDay
2023-08-23,2297.0,2.0,0.0,0,443.03,0.0,1,0.05,0.03,SPY230824P00419000,419.0,0,0.0,0.0,,0.0,normalDay
2023-08-24,2302.0,0.0,5.0,0,436.89,0.0,1,0.05,0.0,SPY230824P00419000,419.0,0,0.0,0.0,,0.0,expirationDay
2023-08-25,2302.0,0.0,0.0,0,439.97,0.0,0,0.0,0.0,,0.0,0,0.0,0.0,,0.0,bidTooLow
2023-08-28,2302.0,0.0,0.0,0,442.76,0.0,0,0.0,0.0,,0.0,0,0.0,0.0,,0.0,bidTooLow
2023-08-29,2302.0,-3.0,0.0,0,449.16,0.0,1,0.02,0.05,SPY230901P00423000,423.0,0,0.0,0.0,,0.0,normalDay
2023-08-30,2302.0,-2.0,0.0,0,451.01,0.0,1,0.02,0.04,SPY230901P00423000,423.0,0,0.0,0.0,,0.0,normalDay
2023-08-31,2302.0,0.0,0.0,0,450.35,0.0,1,0.02,0.02,SPY230901P00423000,423.0,0,0.0,0.0,,0.0,normalDay
2023-09-01,2304.0,0.0,2.0,0,451.19,0.0,1,0.02,0.0,SPY230901P00423000,423.0,0,0.0,0.0,,0.0,expirationDay
2023-09-05,2304.0,0.0,0.0,0,449.24,0.0,0,0.0,0.0,,0.0,0,0.0,0.0,,0.0,bidTooLow
2023-09-06,2304.0,0.0,0.0,0,446.22,0.0,0,0.0,0.0,,0.0,0,0.0,0.0,,0.0,bidTooLow
2023-09-07,2304.0,0.0,0.0,0,444.85,0.0,0,0.0,0.0,,0.0,0,0.0,0.0,,0.0,bidTooLow
2023-09-08,2304.0,0.0,0.0,0,445.52,0.0,0,0.0,0.0,,0.0,0,0.0,0.0,,0.0,bidTooLow
2023-09-11,2304.0,-3.0,0.0,0,448.45,0.0,1,0.02,0.05,SPY230914P00422000,422.0,0,0.0,0.0,,0.0,normalDay
2023-09-12,2304.0,-2.0,0.0,0,445.99,0.0,1,0.02,0.04,SPY230914P00422000,422.0,0,0.0,0.0,,0.0,normalDay
2023-09-13,2304.0,0.0,0.0,0,446.51,0.0,1,0.02,0.02,SPY230914P00422000,422.0,0,0.0,0.0,,0.0,normalDay
2023-09-14,2306.0,0.0,2.0,0,450.36,0.0,1,0.02,0.0,SPY230914P00422000,422.0,0,0.0,0.0,,0.0,expirationDay
2023-09-15,2306.0,0.0,0.0,0,443.37,0.0,0,0.0,0.0,,0.0,0,0.0,0.0,,0.0,bidTooLow
2023-09-18,2306.0,-3.0,0.0,0,443.63,0.0,1,0.01,0.04,SPY230921P00426000,426.0,0,0.0,0.0,,0.0,normalDay
2023-09-19,2306.0,-3.0,0.0,0,442.71,0.0,1,0.01,0.04,SPY230921P00426000,426.0,0,0.0,0.0,,0.0,normalDay
2023-09-20,2306.0,-3.0,0.0,0,438.64,0.0,1,0.01,0.04,SPY230921P00426000,426.0,0,0.0,0.0,,0.0,normalDay
2023-09-21,2307.0,0.0,1.0,0,431.39,0.0,1,0.01,0.0,SPY230921P00426000,426.0,0,0.0,0.0,,0.0,expirationDay
2023-09-22,2307.0,-3.0,0.0,0,430.42,0.0,1,0.07,0.1,SPY230925P00419000,419.0,0,0.0,0.0,,0.0,normalDay
2023-09-25,2314.0,0.0,7.0,0,432.23,0.0,1,0.07,0.0,SPY230925P00419000,419.0,0,0.0,0.0,,0.0,expirationDay
2023-09-26,2314.0,-3.0,0.0,0,425.88,0.0,1,0.26,0.29,SPY230929P00411000,411.0,0,0.0,0.0,,0.0,normalDay
2023-09-27,2314.0,12.0,0.0,0,426.05,0.0,1,0.26,0.14,SPY230929P00411000,411.0,0,0.0,0.0,,0.0,normalDay
2023-09-28,2314.0,20.0,0.0,0,428.52,0.0,1,0.26,0.06,SPY230929P00411000,411.0,0,0.0,0.0,,0.0,normalDay
2023-09-29,2340.0,0.0,26.0,0,427.48,0.0,1,0.26,0.0,SPY230929P00411000,411.0,0,0.0,0.0,,0.0,expirationDay
2023-10-02,2340.0,0.0,0.0,0,427.31,0.0,0,0.0,0.0,,0.0,0,0.0,0.0,,0.0,bidTooLow
2023-10-03,2340.0,-3.0,0.0,0,421.59,0.0,1,0.06,0.09,SPY231006P00397000,397.0,0,0.0,0.0,,0.0,normalDay
2023-10-04,2340.0,3.0,0.0,0,424.66,0.0,1,0.06,0.03,SPY231006P00397000,397.0,0,0.0,0.0,,0.0,normalDay
2023-10-05,2340.0,3.0,0.0,0,424.5,0.0,1,0.06,0.03,SPY231006P00397000,397.0,0,0.0,0.0,,0.0,normalDay
2023-10-06,2346.0,0.0,6.0,0,429.54,0.0,1,0.06,0.0,SPY231006P00397000,397.0,0,0.0,0.0,,0.0,expirationDay
2023-10-09,2346.0,-3.0,0.0,0,432.29,0.0,1,0.03,0.06,SPY231012P00396000,396.0,0,0.0,0.0,,0.0,normalDay
2023-10-10,2346.0,-2.0,0.0,0,434.54,0.0,1,0.03,0.05,SPY231012P00396000,396.0,0,0.0,0.0,,0.0,normalDay
2023-10-11,2346.0,1.0,0.0,0,436.32,0.0,1,0.03,0.02,SPY231012P00396000,396.0,0,0.0,0.0,,0.0,normalDay
2023-10-12,2349.0,0.0,3.0,0,433.66,0.0,1,0.03,0.0,SPY231012P00396000,396.0,0,0.0,0.0,,0.0,expirationDay
2023-10-13,2349.0,-3.0,0.0,0,431.5,0.0,1,0.02,0.05,SPY231016P00406000,406.0,0,0.0,0.0,,0.0,normalDay
2023-10-16,2351.0,0.0,2.0,0,436.04,0.0,1,0.02,0.0,SPY231016P00406000,406.0,0,0.0,0.0,,0.0,expirationDay
2023-10-17,2351.0,-3.0,0.0,0,436.02,0.0,1,0.06,0.09,SPY231020P00410000,410.0,0,0.0,0.0,,0.0,normalDay
2023-10-18,2351.0,-1.0,0.0,0,430.21,0.0,1,0.06,0.07,SPY231020P00410000,410.0,0,0.0,0.0,,0.0,normalDay
2023-10-19,2351.0,1.0,0.0,0,426.43,0.0,1,0.06,0.05,SPY231020P00410000,410.0,0,0.0,0.0,,0.0,normalDay
2023-10-20,2357.0,0.0,6.0,0,421.19,0.0,1,0.06,0.0,SPY231020P00410000,410.0,0,0.0,0.0,,0.0,expirationDay
2023-10-23,2357.0,-3.0,0.0,0,420.46,0.0,1,0.16,0.19,SPY231026P00407000,407.0,0,0.0,0.0,,0.0,normalDay
2023-10-24,2357.0,10.0,0.0,0,423.63,0.0,1,0.16,0.06,SPY231026P00407000,407.0,0,0.0,0.0,,0.0,normalDay
2023-10-25,2357.0,10.0,0.0,0,417.55,0.0,1,0.16,0.06,SPY231026P00407000,407.0,0,0.0,0.0,,0.0,normalDay
2023-10-26,2373.0,0.0,16.0,0,412.55,0.0,1,0.16,0.0,SPY231026P00407000,407.0,0,0.0,0.0,,0.0,expirationDay
2023-10-27,2373.0,-3.0,0.0,0,410.68,0.0,1,0.01,0.04,SPY231030P00394000,394.0,0,0.0,0.0,,0.0,normalDay
2023-10-30,2374.0,0.0,1.0,0,415.59,0.0,1,0.01,0.0,SPY231030P00394000,394.0,0,0.0,0.0,,0.0,expirationDay
2023-10-31,2374.0,-3.0,0.0,0,418.2,0.0,1,0.02,0.05,SPY231103P00391000,391.0,0,0.0,0.0,,0.0,normalDay
2023-11-01,2374.0,-1.0,0.0,0,422.66,0.0,1,0.02,0.03,SPY231103P00391000,391.0,0,0.0,0.0,,0.0,normalDay
2023-11-02,2374.0,0.0,0.0,0,430.76,0.0,1,0.02,0.02,SPY231103P00391000,391.0,0,0.0,0.0,,0.0,normalDay
2023-11-03,2376.0,0.0,2.0,0,434.69,0.0,1,0.02,0.0,SPY231103P00391000,391.0,0,0.0,0.0,,0.0,expirationDay
2023-11-06,2376.0,0.0,0.0,0,435.69,0.0,0,0.0,0.0,,0.0,0,0.0,0.0,,0.0,bidTooLow
2023-11-07,2376.0,0.0,0.0,0,436.93,0.0,0,0.0,0.0,,0.0,0,0.0,0.0,,0.0,bidTooLow
2023-11-08,2376.0,0.0,0.0,0,437.25,0.0,0,0.0,0.0,,0.0,0,0.0,0.0,,0.0,bidTooLow
2023-11-09,2376.0,0.0,0.0,0,433.84,0.0,0,0.0,0.0,,0.0,0,0.0,0.0,,0.0,bidTooLow
2023-11-10,2376.0,0.0,0.0,0,440.61,0.0,0,0.0,0.0,,0.0,0,0.0,0.0,,0.0,bidTooLow
2023-11-13,2376.0,0.0,0.0,0,440.19,0.0,0,0.0,0.0,,0.0,0,0.0,0.0,,0.0,bidTooLow
2023-11-14,2376.0,0.0,0.0,0,448.73,0.0,0,0.0,0.0,,0.0,0,0.0,0.0,,0.0,bidTooLow
2023-11-15,2376.0,0.0,0.0,0,449.68,0.0,0,0.0,0.0,,0.0,0,0.0,0.0,,0.0,bidTooLow
2023-11-16,2376.0,0.0,0.0,0,450.23,0.0,0,0.0,0.0,,0.0,0,0.0,0.0,,0.0,bidTooLow
2023-11-17,2376.0,0.0,0.0,0,450.79,0.0,0,0.0,0.0,,0.0,0,0.0,0.0,,0.0,bidTooLow
2023-11-20,2376.0,0.0,0.0,0,454.26,0.0,0,0.0,0.0,,0.0,0,0.0,0.0,,0.0,bidTooLow
2023-11-21,2376.0,0.0,0.0,0,453.27,0.0,0,0.0,0.0,,0.0,0,0.0,0.0,,0.0,bidTooLow
2023-11-22,2376.0,0.0,0.0,0,455.02,0.0,0,0.0,0.0,,0.0,0,0.0,0.0,,0.0,bidTooLow
2023-11-24,2376.0,0.0,0.0,0,455.3,0.0,0,0.0,0.0,,0.0,0,0.0,0.0,,0.0,bidTooLow
2023-11-27,2376.0,0.0,0.0,0,454.48,0.0,0,0.0,0.0,,0.0,0,0.0,0.0,,0.0,bidTooLow
2023-11-28,2376.0,0.0,0.0,0,454.93,0.0,0,0.0,0.0,,0.0,0,0.0,0.0,,0.0,bidTooLow
2023-11-29,2376.0,0.0,0.0,0,454.61,0.0,0,0.0,0.0,,0.0,0,0.0,0.0,,0.0,bidTooLow
2023-11-30,2376.0,0.0,0.0,0,456.4,0.0,0,0.0,0.0,,0.0,0,0.0,0.0,,0.0,bidTooLow
