date,totalCapital,unrializedPnL,rializedPnL,stocksOwned,stocksPriceToday,stocksPriceBoughtAt,putOwned,putOwnedSoldAt,putPriceToday,putOwnedContract,putOwnedStrike,callOwned,callOwnedSoldAt,callPriceToday,callOwnedContract,callOwnedStrike,trackType
2018-11-01,0.0,-8.0,0.0,0,273.51,0.0,1,2.08,2.16,SPY181112P00269500,269.5,0,0.0,0.0,,0.0,normalDay
2018-11-02,0.0,-26.0,0.0,0,271.89,0.0,1,2.08,2.34,SPY181112P00269500,269.5,0,0.0,0.0,,0.0,normalDay
2018-11-05,0.0,52.0,0.0,0,273.39,0.0,1,2.08,1.56,SPY181112P00269500,269.5,0,0.0,0.0,,0.0,normalDay
2018-11-06,0.0,96.0,0.0,0,275.12,0.0,1,2.08,1.12,SPY181112P00269500,269.5,0,0.0,0.0,,0.0,normalDay
2018-11-07,0.0,198.0,0.0,0,281.01,0.0,1,2.08,0.1,SPY181112P00269500,269.5,0,0.0,0.0,,0.0,normalDay
2018-11-08,0.0,201.0,0.0,0,280.5,0.0,1,2.08,0.07,SPY181112P00269500,269.5,0,0.0,0.0,,0.0,normalDay
2018-11-09,0.0,204.0,0.0,0,277.76,0.0,1,2.08,0.04,SPY181112P00269500,269.5,0,0.0,0.0,,0.0,normalDay
2018-11-12,208.0,0.0,208.0,0,272.57,0.0,1,2.08,0.0,SPY181112P00269500,269.5,0,0.0,0.0,,0.0,expirationDay
2018-11-13,208.0,-4.0,0.0,0,272.06,0.0,1,2.05,2.09,SPY181123P00269000,269.0,0,0.0,0.0,,0.0,normalDay
2018-11-14,208.0,-90.0,0.0,0,270.2,0.0,1,2.05,2.95,SPY181123P00269000,269.0,0,0.0,0.0,,0.0,normalDay
2018-11-15,208.0,64.0,0.0,0,273.02,0.0,1,2.05,1.41,SPY181123P00269000,269.0,0,0.0,0.0,,0.0,normalDay
2018-11-16,208.0,127.0,0.0,0,273.73,0.0,1,2.05,0.78,SPY181123P00269000,269.0,0,0.0,0.0,,0.0,normalDay
2018-11-19,208.0,9.0,0.0,0,269.1,0.0,1,2.05,1.96,SPY181123P00269000,269.0,0,0.0,0.0,,0.0,normalDay
2018-11-20,208.0,-351.0,0.0,0,264.12,0.0,1,2.05,5.56,SPY181123P00269000,269.0,0,0.0,0.0,,0.0,normalDay
2018-11-21,208.0,-233.0,0.0,0,265.02,0.0,1,2.05,4.38,SPY181123P00269000,269.0,0,0.0,0.0,,0.0,normalDay
2018-11-23,413.0,-575.0,205.0,100,263.25,269.0,1,2.05,0.0,SPY181123P00269000,269.0,0,0.0,0.0,,0.0,expirationDay
2018-11-26,413.0,-150.0,0.0,100,267.5,269.0,0,0.0,0.0,,0.0,0,0.0,0.0,,0.0,bidTooLow
2018-11-27,413.0,-60.0,0.0,100,268.4,269.0,0,0.0,0.0,,0.0,0,0.0,0.0,,0.0,bidTooLow
2018-11-28,413.0,554.0,0.0,100,274.58,269.0,0,0.0,0.0,,0.0,1,0.07,0.11,SPY181217C00295000,295.0,normalDay
2018-11-29,413.0,496.0,0.0,100,273.98,269.0,0,0.0,0.0,,0.0,1,0.07,0.09,SPY181217C00295000,295.0,normalDay
2018-11-30,413.0,664.0,0.0,100,275.65,269.0,0,0.0,0.0,,0.0,1,0.07,0.08,SPY181217C00295000,295.0,normalDay
2018-12-03,413.0,1032.0,0.0,100,279.3,269.0,0,0.0,0.0,,0.0,1,0.07,0.05,SPY181217C00295000,295.0,normalDay
2018-12-04,413.0,130.0,0.0,100,270.25,269.0,0,0.0,0.0,,0.0,1,0.07,0.02,SPY181217C00295000,295.0,normalDay
2018-12-06,413.0,89.0,0.0,100,269.84,269.0,0,0.0,0.0,,0.0,1,0.07,0.02,SPY181217C00295000,295.0,normalDay
2018-12-07,413.0,-537.0,0.0,100,263.57,269.0,0,0.0,0.0,,0.0,1,0.07,0.01,SPY181217C00295000,295.0,normalDay
2018-12-10,413.0,-487.0,0.0,100,264.07,269.0,0,0.0,0.0,,0.0,1,0.07,0.01,SPY181217C00295000,295.0,normalDay
2018-12-11,413.0,-481.0,0.0,100,264.13,269.0,0,0.0,0.0,,0.0,1,0.07,0.01,SPY181217C00295000,295.0,normalDay
2018-12-12,413.0,-348.0,0.0,100,265.46,269.0,0,0.0,0.0,,0.0,1,0.07,0.01,SPY181217C00295000,295.0,normalDay
2018-12-13,413.0,-357.0,0.0,100,265.37,269.0,0,0.0,0.0,,0.0,1,0.07,0.01,SPY181217C00295000,295.0,normalDay
2018-12-14,413.0,-847.0,0.0,100,260.47,269.0,0,0.0,0.0,,0.0,1,0.07,0.01,SPY181217C00295000,295.0,normalDay
2018-12-17,420.0,-1364.0,7.0,100,255.36,269.0,0,0.0,0.0,,0.0,1,0.07,0.0,SPY181217C00295000,295.0,expirationDay
2018-12-18,420.0,-1392.0,0.0,100,255.08,269.0,0,0.0,0.0,,0.0,0,0.0,0.0,,0.0,bidTooLow
2018-12-19,420.0,-1774.0,0.0,100,251.26,269.0,0,0.0,0.0,,0.0,0,0.0,0.0,,0.0,bidTooLow
2018-12-20,420.0,-2183.0,0.0,100,247.17,269.0,0,0.0,0.0,,0.0,0,0.0,0.0,,0.0,bidTooLow
2018-12-21,420.0,-2830.0,0.0,100,240.7,269.0,0,0.0,0.0,,0.0,0,0.0,0.0,,0.0,bidTooLow
2018-12-24,420.0,-3466.0,0.0,100,234.34,269.0,0,0.0,0.0,,0.0,0,0.0,0.0,,0.0,bidTooLow
2018-12-26,420.0,-2282.0,0.0,100,246.18,269.0,0,0.0,0.0,,0.0,0,0.0,0.0,,0.0,bidTooLow
2018-12-27,420.0,-2093.0,0.0,100,248.07,269.0,0,0.0,0.0,,0.0,0,0.0,0.0,,0.0,bidTooLow
2018-12-28,420.0,-2125.0,0.0,100,247.75,269.0,0,0.0,0.0,,0.0,0,0.0,0.0,,0.0,bidTooLow
2018-12-31,420.0,-1908.0,0.0,100,249.92,269.0,0,0.0,0.0,,0.0,0,0.0,0.0,,0.0,bidTooLow
2019-01-02,420.0,-1882.0,0.0,100,250.18,269.0,0,0.0,0.0,,0.0,0,0.0,0.0,,0.0,bidTooLow
2019-01-03,420.0,-2479.0,0.0,100,244.21,269.0,0,0.0,0.0,,0.0,0,0.0,0.0,,0.0,bidTooLow
2019-01-04,420.0,-1661.0,0.0,100,252.39,269.0,0,0.0,0.0,,0.0,0,0.0,0.0,,0.0,bidTooLow
2019-01-07,420.0,-1462.0,0.0,100,254.38,269.0,0,0.0,0.0,,0.0,0,0.0,0.0,,0.0,bidTooLow
2019-01-08,420.0,-1223.0,0.0,100,256.77,269.0,0,0.0,0.0,,0.0,0,0.0,0.0,,0.0,bidTooLow
2019-01-09,420.0,-1106.0,0.0,100,257.97,269.0,0,0.0,0.0,,0.0,1,0.05,0.08,SPY190128C00275000,275.0,normalDay
2019-01-10,420.0,-1015.0,0.0,100,258.88,269.0,0,0.0,0.0,,0.0,1,0.05,0.08,SPY190128C00275000,275.0,normalDay
2019-01-11,420.0,-1002.0,0.0,100,258.98,269.0,0,0.0,0.0,,0.0,1,0.05,0.05,SPY190128C00275000,275.0,normalDay
2019-01-14,420.0,-1159.0,0.0,100,257.4,269.0,0,0.0,0.0,,0.0,1,0.05,0.04,SPY190128C00275000,275.0,normalDay
2019-01-15,420.0,-865.0,0.0,100,260.35,269.0,0,0.0,0.0,,0.0,1,0.05,0.05,SPY190128C00275000,275.0,normalDay
2019-01-16,420.0,-803.0,0.0,100,260.98,269.0,0,0.0,0.0,,0.0,1,0.05,0.06,SPY190128C00275000,275.0,normalDay
2019-01-17,420.0,-606.0,0.0,100,262.96,269.0,0,0.0,0.0,,0.0,1,0.05,0.07,SPY190128C00275000,275.0,normalDay
2019-01-18,420.0,-266.0,0.0,100,266.46,269.0,0,0.0,0.0,,0.0,1,0.05,0.17,SPY190128C00275000,275.0,normalDay
2019-01-22,420.0,-612.0,0.0,100,262.86,269.0,0,0.0,0.0,,0.0,1,0.05,0.03,SPY190128C00275000,275.0,normalDay
2019-01-23,420.0,-555.0,0.0,100,263.41,269.0,0,0.0,0.0,,0.0,1,0.05,0.01,SPY190128C00275000,275.0,normalDay
2019-01-24,420.0,-541.0,0.0,100,263.55,269.0,0,0.0,0.0,,0.0,1,0.05,0.01,SPY190128C00275000,275.0,normalDay
2019-01-25,420.0,-318.0,0.0,100,265.78,269.0,0,0.0,0.0,,0.0,1,0.05,0.01,SPY190128C00275000,275.0,normalDay
2019-01-28,425.0,-524.0,5.0,100,263.76,269.0,0,0.0,0.0,,0.0,1,0.05,0.0,SPY190128C00275000,275.0,expirationDay
2019-01-29,425.0,-559.0,0.0,100,263.41,269.0,0,0.0,0.0,,0.0,0,0.0,0.0,,0.0,bidTooLow
2019-01-30,425.0,-145.0,0.0,100,267.58,269.0,0,0.0,0.0,,0.0,1,0.01,0.04,SPY190215C00288000,288.0,normalDay
2019-01-31,425.0,90.0,0.0,100,269.93,269.0,0,0.0,0.0,,0.0,1,0.01,0.04,SPY190215C00288000,288.0,normalDay
2019-02-01,425.0,104.0,0.0,100,270.06,269.0,0,0.0,0.0,,0.0,1,0.01,0.03,SPY190215C00288000,288.0,normalDay
2019-02-04,425.0,294.0,0.0,100,271.96,269.0,0,0.0,0.0,,0.0,1,0.01,0.03,SPY190215C00288000,288.0,normalDay
2019-02-05,425.0,408.0,0.0,100,273.1,269.0,0,0.0,0.0,,0.0,1,0.01,0.03,SPY190215C00288000,288.0,normalDay
2019-02-06,425.0,373.0,0.0,100,272.74,269.0,0,0.0,0.0,,0.0,1,0.01,0.02,SPY190215C00288000,288.0,normalDay
2019-02-07,425.0,114.0,0.0,100,270.14,269.0,0,0.0,0.0,,0.0,1,0.01,0.01,SPY190215C00288000,288.0,normalDay
2019-02-08,425.0,147.0,0.0,100,270.47,269.0,0,0.0,0.0,,0.0,1,0.01,0.01,SPY190215C00288000,288.0,normalDay
2019-02-11,425.0,162.0,0.0,100,270.62,269.0,0,0.0,0.0,,0.0,1,0.01,0.01,SPY190215C00288000,288.0,normalDay
2019-02-12,425.0,510.0,0.0,100,274.1,269.0,0,0.0,0.0,,0.0,1,0.01,0.01,SPY190215C00288000,288.0,normalDay
2019-02-13,425.0,599.0,0.0,100,274.99,269.0,0,0.0,0.0,,0.0,1,0.01,0.01,SPY190215C00288000,288.0,normalDay
2019-02-14,425.0,538.0,0.0,100,274.38,269.0,0,0.0,0.0,,0.0,1,0.01,0.01,SPY190215C00288000,288.0,normalDay
2019-02-15,426.0,837.0,1.0,100,277.37,269.0,0,0.0,0.0,,0.0,1,0.01,0.0,SPY190215C00288000,288.0,expirationDay
2019-02-19,426.0,885.0,0.0,100,277.85,269.0,0,0.0,0.0,,0.0,0,0.0,0.0,,0.0,bidTooLow
2019-02-20,426.0,941.0,0.0,100,278.41,269.0,0,0.0,0.0,,0.0,0,0.0,0.0,,0.0,bidTooLow
2019-02-21,426.0,842.0,0.0,100,277.42,269.0,0,0.0,0.0,,0.0,0,0.0,0.0,,0.0,bidTooLow
2019-02-22,426.0,1014.0,0.0,100,279.14,269.0,0,0.0,0.0,,0.0,0,0.0,0.0,,0.0,bidTooLow
2019-02-25,426.0,1052.0,0.0,100,279.52,269.0,0,0.0,0.0,,0.0,0,0.0,0.0,,0.0,bidTooLow
2019-02-26,426.0,1032.0,0.0,100,279.32,269.0,0,0.0,0.0,,0.0,0,0.0,0.0,,0.0,bidTooLow
2019-02-27,426.0,1017.0,0.0,100,279.2,269.0,0,0.0,0.0,,0.0,1,0.01,0.04,SPY190318C00293000,293.0,normalDay
2019-02-28,426.0,966.0,0.0,100,278.68,269.0,0,0.0,0.0,,0.0,1,0.01,0.03,SPY190318C00293000,293.0,normalDay
2019-03-01,426.0,1140.0,0.0,100,280.42,269.0,0,0.0,0.0,,0.0,1,0.01,0.03,SPY190318C00293000,293.0,normalDay
2019-03-04,426.0,1039.0,0.0,100,279.4,269.0,0,0.0,0.0,,0.0,1,0.01,0.02,SPY190318C00293000,293.0,normalDay
2019-03-05,426.0,1001.0,0.0,100,279.02,269.0,0,0.0,0.0,,0.0,1,0.01,0.02,SPY190318C00293000,293.0,normalDay
2019-03-06,426.0,833.0,0.0,100,277.33,269.0,0,0.0,0.0,,0.0,1,0.01,0.01,SPY190318C00293000,293.0,normalDay
2019-03-07,426.0,601.0,0.0,100,275.01,269.0,0,0.0,0.0,,0.0,1,0.01,0.01,SPY190318C00293000,293.0,normalDay
2019-03-08,426.0,546.0,0.0,100,274.46,269.0,0,0.0,0.0,,0.0,1,0.01,0.01,SPY190318C00293000,293.0,normalDay
2019-03-11,426.0,944.0,0.0,100,278.44,269.0,0,0.0,0.0,,0.0,1,0.01,0.01,SPY190318C00293000,293.0,normalDay
2019-03-12,426.0,1049.0,0.0,100,279.49,269.0,0,0.0,0.0,,0.0,1,0.01,0.01,SPY190318C00293000,293.0,normalDay
2019-03-13,426.0,1234.0,0.0,100,281.34,269.0,0,0.0,0.0,,0.0,1,0.01,0.01,SPY190318C00293000,293.0,normalDay
2019-03-14,426.0,1216.0,0.0,100,281.16,269.0,0,0.0,0.0,,0.0,1,0.01,0.01,SPY190318C00293000,293.0,normalDay
2019-03-15,426.0,1231.0,0.0,100,281.31,269.0,0,0.0,0.0,,0.0,1,0.01,0.01,SPY190318C00293000,293.0,normalDay
2019-03-18,427.0,1333.0,1.0,100,282.33,269.0,0,0.0,0.0,,0.0,1,0.01,0.0,SPY190318C00293000,293.0,expirationDay
2019-03-19,427.0,1337.0,0.0,100,282.4,269.0,0,0.0,0.0,,0.0,1,0.46,0.49,SPY190405C00289000,289.0,normalDay
2019-03-20,427.0,1267.0,0.0,100,281.55,269.0,0,0.0,0.0,,0.0,1,0.46,0.34,SPY190405C00289000,289.0,normalDay
2019-03-21,427.0,1525.0,0.0,100,284.73,269.0,0,0.0,0.0,,0.0,1,0.46,0.94,SPY190405C00289000,289.0,normalDay
2019-03-22,427.0,1042.0,0.0,100,279.25,269.0,0,0.0,0.0,,0.0,1,0.46,0.29,SPY190405C00289000,289.0,normalDay
2019-03-25,427.0,1037.0,0.0,100,279.04,269.0,0,0.0,0.0,,0.0,1,0.46,0.13,SPY190405C00289000,289.0,normalDay
2019-03-26,427.0,1246.0,0.0,100,281.12,269.0,0,0.0,0.0,,0.0,1,0.46,0.12,SPY190405C00289000,289.0,normalDay
2019-03-27,427.0,1105.0,0.0,100,279.65,269.0,0,0.0,0.0,,0.0,1,0.46,0.06,SPY190405C00289000,289.0,normalDay
2019-03-28,427.0,1211.0,0.0,100,280.71,269.0,0,0.0,0.0,,0.0,1,0.46,0.06,SPY190405C00289000,289.0,normalDay
2019-03-29,427.0,1387.0,0.0,100,282.48,269.0,0,0.0,0.0,,0.0,1,0.46,0.07,SPY190405C00289000,289.0,normalDay
2019-04-01,427.0,1707.0,0.0,100,285.83,269.0,0,0.0,0.0,,0.0,1,0.46,0.22,SPY190405C00289000,289.0,normalDay
2019-04-02,427.0,1726.0,0.0,100,285.97,269.0,0,0.0,0.0,,0.0,1,0.46,0.17,SPY190405C00289000,289.0,normalDay
2019-04-03,427.0,1762.0,0.0,100,286.42,269.0,0,0.0,0.0,,0.0,1,0.46,0.26,SPY190405C00289000,289.0,normalDay
2019-04-04,427.0,1845.0,0.0,100,287.18,269.0,0,0.0,0.0,,0.0,1,0.46,0.19,SPY190405C00289000,289.0,normalDay
2019-04-05,473.0,1957.0,46.0,100,288.57,269.0,0,0.0,0.0,,0.0,1,0.46,0.0,SPY190405C00289000,289.0,expirationDay
2019-04-08,473.0,1976.0,0.0,100,288.79,269.0,0,0.0,0.0,,0.0,1,0.11,0.14,SPY190426C00298000,298.0,normalDay
2019-04-09,473.0,1835.0,0.0,100,287.31,269.0,0,0.0,0.0,,0.0,1,0.11,0.07,SPY190426C00298000,298.0,normalDay
2019-04-10,473.0,1932.0,0.0,100,288.29,269.0,0,0.0,0.0,,0.0,1,0.11,0.08,SPY190426C00298000,298.0,normalDay
2019-04-11,473.0,1926.0,0.0,100,288.21,269.0,0,0.0,0.0,,0.0,1,0.11,0.06,SPY190426C00298000,298.0,normalDay
2019-04-12,473.0,2118.0,0.0,100,290.16,269.0,0,0.0,0.0,,0.0,1,0.11,0.09,SPY190426C00298000,298.0,normalDay
2019-04-15,473.0,2103.0,0.0,100,289.97,269.0,0,0.0,0.0,,0.0,1,0.11,0.05,SPY190426C00298000,298.0,normalDay
2019-04-16,473.0,2122.0,0.0,100,290.16,269.0,0,0.0,0.0,,0.0,1,0.11,0.05,SPY190426C00298000,298.0,normalDay
2019-04-17,473.0,2052.0,0.0,100,289.45,269.0,0,0.0,0.0,,0.0,1,0.11,0.04,SPY190426C00298000,298.0,normalDay
2019-04-18,473.0,2111.0,0.0,100,290.02,269.0,0,0.0,0.0,,0.0,1,0.11,0.02,SPY190426C00298000,298.0,normalDay
2019-04-22,473.0,2136.0,0.0,100,290.27,269.0,0,0.0,0.0,,0.0,1,0.11,0.02,SPY190426C00298000,298.0,normalDay
2019-04-23,473.0,2396.0,0.0,100,292.88,269.0,0,0.0,0.0,,0.0,1,0.11,0.03,SPY190426C00298000,298.0,normalDay
2019-04-24,473.0,2332.0,0.0,100,292.23,269.0,0,0.0,0.0,,0.0,1,0.11,0.02,SPY190426C00298000,298.0,normalDay
2019-04-25,473.0,2315.0,0.0,100,292.05,269.0,0,0.0,0.0,,0.0,1,0.11,0.01,SPY190426C00298000,298.0,normalDay
2019-04-26,484.0,2441.0,11.0,100,293.41,269.0,0,0.0,0.0,,0.0,1,0.11,0.0,SPY190426C00298000,298.0,expirationDay
2019-04-29,484.0,2484.0,0.0,100,293.87,269.0,0,0.0,0.0,,0.0,1,0.31,0.34,SPY190517C00301000,301.0,normalDay
2019-04-30,484.0,2499.0,0.0,100,294.02,269.0,0,0.0,0.0,,0.0,1,0.31,0.34,SPY190517C00301000,301.0,normalDay
2019-05-01,484.0,2294.0,0.0,100,291.81,269.0,0,0.0,0.0,,0.0,1,0.31,0.18,SPY190517C00301000,301.0,normalDay
2019-05-02,484.0,2241.0,0.0,100,291.18,269.0,0,0.0,0.0,,0.0,1,0.31,0.08,SPY190517C00301000,301.0,normalDay
2019-05-03,484.0,2514.0,0.0,100,294.03,269.0,0,0.0,0.0,,0.0,1,0.31,0.2,SPY190517C00301000,301.0,normalDay
2019-05-06,484.0,2402.0,0.0,100,292.82,269.0,0,0.0,0.0,,0.0,1,0.31,0.11,SPY190517C00301000,301.0,normalDay
2019-05-07,484.0,1918.0,0.0,100,287.93,269.0,0,0.0,0.0,,0.0,1,0.31,0.06,SPY190517C00301000,301.0,normalDay
2019-05-08,484.0,1879.0,0.0,100,287.53,269.0,0,0.0,0.0,,0.0,1,0.31,0.05,SPY190517C00301000,301.0,normalDay
2019-05-09,484.0,1794.0,0.0,100,286.66,269.0,0,0.0,0.0,,0.0,1,0.31,0.03,SPY190517C00301000,301.0,normalDay
2019-05-10,484.0,1939.0,0.0,100,288.1,269.0,0,0.0,0.0,,0.0,1,0.31,0.02,SPY190517C00301000,301.0,normalDay
2019-05-13,484.0,1216.0,0.0,100,280.86,269.0,0,0.0,0.0,,0.0,1,0.31,0.01,SPY190517C00301000,301.0,normalDay
2019-05-14,484.0,1470.0,0.0,100,283.4,269.0,0,0.0,0.0,,0.0,1,0.31,0.01,SPY190517C00301000,301.0,normalDay
2019-05-15,484.0,1636.0,0.0,100,285.06,269.0,0,0.0,0.0,,0.0,1,0.31,0.01,SPY190517C00301000,301.0,normalDay
2019-05-16,484.0,1900.0,0.0,100,287.7,269.0,0,0.0,0.0,,0.0,1,0.31,0.01,SPY190517C00301000,301.0,normalDay
2019-05-17,515.0,1684.0,31.0,100,285.84,269.0,0,0.0,0.0,,0.0,1,0.31,0.0,SPY190517C00301000,301.0,expirationDay
2019-05-20,515.0,1495.0,0.0,100,283.95,269.0,0,0.0,0.0,,0.0,0,0.0,0.0,,0.0,bidTooLow
2019-05-21,515.0,1751.0,0.0,100,286.51,269.0,0,0.0,0.0,,0.0,0,0.0,0.0,,0.0,bidTooLow
2019-05-22,515.0,1663.0,0.0,100,285.63,269.0,0,0.0,0.0,,0.0,0,0.0,0.0,,0.0,bidTooLow
2019-05-23,515.0,1314.0,0.0,100,282.14,269.0,0,0.0,0.0,,0.0,0,0.0,0.0,,0.0,bidTooLow
2019-05-24,515.0,1378.0,0.0,100,282.78,269.0,0,0.0,0.0,,0.0,0,0.0,0.0,,0.0,bidTooLow
2019-05-28,515.0,1115.0,0.0,100,280.15,269.0,0,0.0,0.0,,0.0,0,0.0,0.0,,0.0,bidTooLow
2019-05-29,515.0,927.0,0.0,100,278.27,269.0,0,0.0,0.0,,0.0,0,0.0,0.0,,0.0,bidTooLow
2019-05-30,515.0,1003.0,0.0,100,279.03,269.0,0,0.0,0.0,,0.0,0,0.0,0.0,,0.0,bidTooLow
2019-05-31,515.0,627.0,0.0,100,275.27,269.0,0,0.0,0.0,,0.0,0,0.0,0.0,,0.0,bidTooLow
2019-06-03,515.0,557.0,0.0,100,274.57,269.0,0,0.0,0.0,,0.0,0,0.0,0.0,,0.0,bidTooLow
2019-06-04,515.0,1153.0,0.0,100,280.53,269.0,0,0.0,0.0,,0.0,0,0.0,0.0,,0.0,bidTooLow
2019-06-05,515.0,1393.0,0.0,100,282.96,269.0,0,0.0,0.0,,0.0,1,0.02,0.05,SPY190624C00302000,302.0,normalDay
2019-06-06,515.0,1575.0,0.0,100,284.8,269.0,0,0.0,0.0,,0.0,1,0.02,0.07,SPY190624C00302000,302.0,normalDay
2019-06-07,515.0,1856.0,0.0,100,287.65,269.0,0,0.0,0.0,,0.0,1,0.02,0.11,SPY190624C00302000,302.0,normalDay
2019-06-10,515.0,1990.0,0.0,100,288.97,269.0,0,0.0,0.0,,0.0,1,0.02,0.09,SPY190624C00302000,302.0,normalDay
2019-06-11,515.0,1985.0,0.0,100,288.9,269.0,0,0.0,0.0,,0.0,1,0.02,0.07,SPY190624C00302000,302.0,normalDay
2019-06-12,515.0,1937.0,0.0,100,288.39,269.0,0,0.0,0.0,,0.0,1,0.02,0.04,SPY190624C00302000,302.0,normalDay
2019-06-13,515.0,2056.0,0.0,100,289.58,269.0,0,0.0,0.0,,0.0,1,0.02,0.04,SPY190624C00302000,302.0,normalDay
2019-06-14,515.0,2026.0,0.0,100,289.26,269.0,0,0.0,0.0,,0.0,1,0.02,0.02,SPY190624C00302000,302.0,normalDay
2019-06-17,515.0,2037.0,0.0,100,289.37,269.0,0,0.0,0.0,,0.0,1,0.02,0.02,SPY190624C00302000,302.0,normalDay
2019-06-18,515.0,2339.0,0.0,100,292.4,269.0,0,0.0,0.0,,0.0,1,0.02,0.03,SPY190624C00302000,302.0,normalDay
2019-06-19,515.0,2406.0,0.0,100,293.06,269.0,0,0.0,0.0,,0.0,1,0.02,0.02,SPY190624C00302000,302.0,normalDay
2019-06-20,515.0,2682.0,0.0,100,295.86,269.0,0,0.0,0.0,,0.0,1,0.02,0.06,SPY190624C00302000,302.0,normalDay
2019-06-21,515.0,2501.0,0.0,100,294.0,269.0,0,0.0,0.0,,0.0,1,0.02,0.01,SPY190624C00302000,302.0,normalDay
2019-06-24,517.0,2464.0,2.0,100,293.64,269.0,0,0.0,0.0,,0.0,1,0.02,0.0,SPY190624C00302000,302.0,expirationDay
2019-06-25,517.0,2176.0,0.0,100,290.76,269.0,0,0.0,0.0,,0.0,0,0.0,0.0,,0.0,bidTooLow
2019-06-26,517.0,2144.0,0.0,100,290.47,269.0,0,0.0,0.0,,0.0,1,0.01,0.04,SPY190715C00311000,311.0,normalDay
2019-06-27,517.0,2247.0,0.0,100,291.5,269.0,0,0.0,0.0,,0.0,1,0.01,0.04,SPY190715C00311000,311.0,normalDay
2019-06-28,517.0,2396.0,0.0,100,293.0,269.0,0,0.0,0.0,,0.0,1,0.01,0.05,SPY190715C00311000,311.0,normalDay
2019-07-01,517.0,2663.0,0.0,100,295.66,269.0,0,0.0,0.0,,0.0,1,0.01,0.04,SPY190715C00311000,311.0,normalDay
2019-07-02,517.0,2742.0,0.0,100,296.43,269.0,0,0.0,0.0,,0.0,1,0.01,0.02,SPY190715C00311000,311.0,normalDay
2019-07-03,517.0,2978.0,0.0,100,298.8,269.0,0,0.0,0.0,,0.0,1,0.01,0.03,SPY190715C00311000,311.0,normalDay
2019-07-05,517.0,2945.0,0.0,100,298.46,269.0,0,0.0,0.0,,0.0,1,0.01,0.02,SPY190715C00311000,311.0,normalDay
2019-07-08,517.0,2782.0,0.0,100,296.82,269.0,0,0.0,0.0,,0.0,1,0.01,0.01,SPY190715C00311000,311.0,normalDay
2019-07-09,517.0,2819.0,0.0,100,297.19,269.0,0,0.0,0.0,,0.0,1,0.01,0.01,SPY190715C00311000,311.0,normalDay
2019-07-10,517.0,2961.0,0.0,100,298.61,269.0,0,0.0,0.0,,0.0,1,0.01,0.01,SPY190715C00311000,311.0,normalDay
2019-07-11,517.0,3031.0,0.0,100,299.31,269.0,0,0.0,0.0,,0.0,1,0.01,0.01,SPY190715C00311000,311.0,normalDay
2019-07-12,517.0,3165.0,0.0,100,300.65,269.0,0,0.0,0.0,,0.0,1,0.01,0.01,SPY190715C00311000,311.0,normalDay
2019-07-15,518.0,3175.0,1.0,100,300.75,269.0,0,0.0,0.0,,0.0,1,0.01,0.0,SPY190715C00311000,311.0,expirationDay
2019-07-16,518.0,3075.0,0.0,100,299.78,269.0,0,0.0,0.0,,0.0,1,0.02,0.05,SPY190802C00312000,312.0,normalDay
2019-07-17,518.0,2874.0,0.0,100,297.74,269.0,0,0.0,0.0,,0.0,1,0.02,0.02,SPY190802C00312000,312.0,normalDay
2019-07-18,518.0,2981.0,0.0,100,298.83,269.0,0,0.0,0.0,,0.0,1,0.02,0.04,SPY190802C00312000,312.0,normalDay
2019-07-19,518.0,2817.0,0.0,100,297.17,269.0,0,0.0,0.0,,0.0,1,0.02,0.02,SPY190802C00312000,312.0,normalDay
2019-07-22,518.0,2891.0,0.0,100,297.9,269.0,0,0.0,0.0,,0.0,1,0.02,0.01,SPY190802C00312000,312.0,normalDay
2019-07-23,518.0,3103.0,0.0,100,300.03,269.0,0,0.0,0.0,,0.0,1,0.02,0.02,SPY190802C00312000,312.0,normalDay
2019-07-24,518.0,3243.0,0.0,100,301.44,269.0,0,0.0,0.0,,0.0,1,0.02,0.03,SPY190802C00312000,312.0,normalDay
2019-07-25,518.0,3100.0,0.0,100,300.0,269.0,0,0.0,0.0,,0.0,1,0.02,0.02,SPY190802C00312000,312.0,normalDay
2019-07-26,518.0,3302.0,0.0,100,302.01,269.0,0,0.0,0.0,,0.0,1,0.02,0.01,SPY190802C00312000,312.0,normalDay
2019-07-29,518.0,3247.0,0.0,100,301.46,269.0,0,0.0,0.0,,0.0,1,0.02,0.01,SPY190802C00312000,312.0,normalDay
2019-07-30,518.0,3173.0,0.0,100,300.72,269.0,0,0.0,0.0,,0.0,1,0.02,0.01,SPY190802C00312000,312.0,normalDay
2019-07-31,518.0,2844.0,0.0,100,297.43,269.0,0,0.0,0.0,,0.0,1,0.02,0.01,SPY190802C00312000,312.0,normalDay
2019-08-01,518.0,2585.0,0.0,100,294.84,269.0,0,0.0,0.0,,0.0,1,0.02,0.01,SPY190802C00312000,312.0,normalDay
2019-08-02,520.0,2362.0,2.0,100,292.62,269.0,0,0.0,0.0,,0.0,1,0.02,0.0,SPY190802C00312000,312.0,expirationDay
2019-08-05,520.0,1482.0,0.0,100,283.82,269.0,0,0.0,0.0,,0.0,0,0.0,0.0,,0.0,bidTooLow
2019-08-06,520.0,1880.0,0.0,100,287.8,269.0,0,0.0,0.0,,0.0,0,0.0,0.0,,0.0,bidTooLow
2019-08-07,520.0,1897.0,0.0,100,287.97,269.0,0,0.0,0.0,,0.0,0,0.0,0.0,,0.0,bidTooLow
2019-08-08,520.0,2462.0,0.0,100,293.62,269.0,0,0.0,0.0,,0.0,0,0.0,0.0,,0.0,bidTooLow
2019-08-09,520.0,2262.0,0.0,100,291.62,269.0,0,0.0,0.0,,0.0,0,0.0,0.0,,0.0,bidTooLow
2019-08-12,520.0,1907.0,0.0,100,288.07,269.0,0,0.0,0.0,,0.0,0,0.0,0.0,,0.0,bidTooLow
2019-08-13,520.0,2355.0,0.0,100,292.55,269.0,0,0.0,0.0,,0.0,0,0.0,0.0,,0.0,bidTooLow
2019-08-14,520.0,1490.0,0.0,100,283.9,269.0,0,0.0,0.0,,0.0,0,0.0,0.0,,0.0,bidTooLow
2019-08-15,520.0,1565.0,0.0,100,284.65,269.0,0,0.0,0.0,,0.0,0,0.0,0.0,,0.0,bidTooLow
2019-08-16,520.0,1985.0,0.0,100,288.85,269.0,0,0.0,0.0,,0.0,0,0.0,0.0,,0.0,bidTooLow
2019-08-19,520.0,2333.0,0.0,100,292.33,269.0,0,0.0,0.0,,0.0,0,0.0,0.0,,0.0,bidTooLow
2019-08-20,520.0,2109.0,0.0,100,290.09,269.0,0,0.0,0.0,,0.0,0,0.0,0.0,,0.0,bidTooLow
2019-08-21,520.0,2345.0,0.0,100,292.45,269.0,0,0.0,0.0,,0.0,0,0.0,0.0,,0.0,bidTooLow
2019-08-22,520.0,2336.0,0.0,100,292.36,269.0,0,0.0,0.0,,0.0,0,0.0,0.0,,0.0,bidTooLow
2019-08-23,520.0,1585.0,0.0,100,284.85,269.0,0,0.0,0.0,,0.0,0,0.0,0.0,,0.0,bidTooLow
2019-08-26,520.0,1900.0,0.0,100,288.0,269.0,0,0.0,0.0,,0.0,0,0.0,0.0,,0.0,bidTooLow
2019-08-27,520.0,1787.0,0.0,100,286.87,269.0,0,0.0,0.0,,0.0,0,0.0,0.0,,0.0,bidTooLow
2019-08-28,520.0,1986.0,0.0,100,288.89,269.0,0,0.0,0.0,,0.0,1,0.04,0.07,SPY190916C00306000,306.0,normalDay
2019-08-29,520.0,2352.0,0.0,100,292.58,269.0,0,0.0,0.0,,0.0,1,0.04,0.1,SPY190916C00306000,306.0,normalDay
2019-08-30,520.0,2340.0,0.0,100,292.45,269.0,0,0.0,0.0,,0.0,1,0.04,0.09,SPY190916C00306000,306.0,normalDay
2019-09-03,520.0,2175.0,0.0,100,290.74,269.0,0,0.0,0.0,,0.0,1,0.04,0.03,SPY190916C00306000,306.0,normalDay
2019-09-04,520.0,2505.0,0.0,100,294.04,269.0,0,0.0,0.0,,0.0,1,0.04,0.03,SPY190916C00306000,306.0,normalDay
2019-09-05,520.0,2874.0,0.0,100,297.82,269.0,0,0.0,0.0,,0.0,1,0.04,0.12,SPY190916C00306000,306.0,normalDay
2019-09-06,520.0,2902.0,0.0,100,298.05,269.0,0,0.0,0.0,,0.0,1,0.04,0.07,SPY190916C00306000,306.0,normalDay
2019-09-09,520.0,2920.0,0.0,100,298.2,269.0,0,0.0,0.0,,0.0,1,0.04,0.04,SPY190916C00306000,306.0,normalDay
2019-09-10,520.0,2914.0,0.0,100,298.13,269.0,0,0.0,0.0,,0.0,1,0.04,0.03,SPY190916C00306000,306.0,normalDay
2019-09-11,520.0,3124.0,0.0,100,300.25,269.0,0,0.0,0.0,,0.0,1,0.04,0.05,SPY190916C00306000,306.0,normalDay
2019-09-12,520.0,3227.0,0.0,100,301.29,269.0,0,0.0,0.0,,0.0,1,0.04,0.06,SPY190916C00306000,306.0,normalDay
2019-09-13,520.0,3212.0,0.0,100,301.09,269.0,0,0.0,0.0,,0.0,1,0.04,0.01,SPY190916C00306000,306.0,normalDay
2019-09-16,524.0,3116.0,4.0,100,300.16,269.0,0,0.0,0.0,,0.0,1,0.04,0.0,SPY190916C00306000,306.0,expirationDay
2019-09-17,524.0,3192.0,0.0,100,300.92,269.0,0,0.0,0.0,,0.0,0,0.0,0.0,,0.0,bidTooLow
2019-09-18,524.0,3210.0,0.0,100,301.1,269.0,0,0.0,0.0,,0.0,0,0.0,0.0,,0.0,bidTooLow
2019-09-19,524.0,3208.0,0.0,100,301.08,269.0,0,0.0,0.0,,0.0,0,0.0,0.0,,0.0,bidTooLow
2019-09-20,524.0,2928.0,0.0,100,298.28,269.0,0,0.0,0.0,,0.0,0,0.0,0.0,,0.0,bidTooLow
2019-09-23,524.0,2921.0,0.0,100,298.21,269.0,0,0.0,0.0,,0.0,0,0.0,0.0,,0.0,bidTooLow
2019-09-24,524.0,2687.0,0.0,100,295.87,269.0,0,0.0,0.0,,0.0,0,0.0,0.0,,0.0,bidTooLow
2019-09-25,524.0,2862.0,0.0,100,297.62,269.0,0,0.0,0.0,,0.0,0,0.0,0.0,,0.0,bidTooLow
2019-09-26,524.0,2800.0,0.0,100,297.0,269.0,0,0.0,0.0,,0.0,0,0.0,0.0,,0.0,bidTooLow
2019-09-27,524.0,2637.0,0.0,100,295.4,269.0,0,0.0,0.0,,0.0,1,0.01,0.04,SPY191016C00312000,312.0,normalDay
2019-09-30,524.0,2775.0,0.0,100,296.77,269.0,0,0.0,0.0,,0.0,1,0.01,0.03,SPY191016C00312000,312.0,normalDay
2019-10-01,524.0,2423.0,0.0,100,293.24,269.0,0,0.0,0.0,,0.0,1,0.01,0.02,SPY191016C00312000,312.0,normalDay
2019-10-02,524.0,1905.0,0.0,100,288.06,269.0,0,0.0,0.0,,0.0,1,0.01,0.02,SPY191016C00312000,312.0,normalDay
2019-10-03,524.0,2142.0,0.0,100,290.42,269.0,0,0.0,0.0,,0.0,1,0.01,0.01,SPY191016C00312000,312.0,normalDay
2019-10-04,524.0,2535.0,0.0,100,294.35,269.0,0,0.0,0.0,,0.0,1,0.01,0.01,SPY191016C00312000,312.0,normalDay
2019-10-07,524.0,2408.0,0.0,100,293.08,269.0,0,0.0,0.0,,0.0,1,0.01,0.01,SPY191016C00312000,312.0,normalDay
2019-10-08,524.0,1953.0,0.0,100,288.53,269.0,0,0.0,0.0,,0.0,1,0.01,0.01,SPY191016C00312000,312.0,normalDay
2019-10-09,524.0,2227.0,0.0,100,291.27,269.0,0,0.0,0.0,,0.0,1,0.01,0.01,SPY191016C00312000,312.0,normalDay
2019-10-10,524.0,2424.0,0.0,100,293.24,269.0,0,0.0,0.0,,0.0,1,0.01,0.01,SPY191016C00312000,312.0,normalDay
2019-10-11,524.0,2728.0,0.0,100,296.28,269.0,0,0.0,0.0,,0.0,1,0.01,0.01,SPY191016C00312000,312.0,normalDay
2019-10-14,524.0,2695.0,0.0,100,295.95,269.0,0,0.0,0.0,,0.0,1,0.01,0.01,SPY191016C00312000,312.0,normalDay
2019-10-15,524.0,2988.0,0.0,100,298.88,269.0,0,0.0,0.0,,0.0,1,0.01,0.01,SPY191016C00312000,312.0,normalDay
2019-10-16,525.0,2940.0,1.0,100,298.4,269.0,0,0.0,0.0,,0.0,1,0.01,0.0,SPY191016C00312000,312.0,expirationDay
2019-10-17,525.0,3025.0,0.0,100,299.28,269.0,0,0.0,0.0,,0.0,1,0.04,0.07,SPY191104C00311000,311.0,normalDay
2019-10-18,525.0,2897.0,0.0,100,297.97,269.0,0,0.0,0.0,,0.0,1,0.04,0.04,SPY191104C00311000,311.0,normalDay
2019-10-21,525.0,3097.0,0.0,100,299.99,269.0,0,0.0,0.0,,0.0,1,0.04,0.06,SPY191104C00311000,311.0,normalDay
2019-10-22,525.0,3001.0,0.0,100,299.01,269.0,0,0.0,0.0,,0.0,1,0.04,0.04,SPY191104C00311000,311.0,normalDay
2019-10-23,525.0,3090.0,0.0,100,299.88,269.0,0,0.0,0.0,,0.0,1,0.04,0.02,SPY191104C00311000,311.0,normalDay
2019-10-24,525.0,3139.0,0.0,100,300.37,269.0,0,0.0,0.0,,0.0,1,0.04,0.02,SPY191104C00311000,311.0,normalDay
2019-10-25,525.0,3261.0,0.0,100,301.6,269.0,0,0.0,0.0,,0.0,1,0.04,0.03,SPY191104C00311000,311.0,normalDay
2019-10-28,525.0,3430.0,0.0,100,303.3,269.0,0,0.0,0.0,,0.0,1,0.04,0.04,SPY191104C00311000,311.0,normalDay
2019-10-29,525.0,3422.0,0.0,100,303.21,269.0,0,0.0,0.0,,0.0,1,0.04,0.03,SPY191104C00311000,311.0,normalDay
2019-10-30,525.0,3516.0,0.0,100,304.14,269.0,0,0.0,0.0,,0.0,1,0.04,0.02,SPY191104C00311000,311.0,normalDay
2019-10-31,525.0,3436.0,0.0,100,303.33,269.0,0,0.0,0.0,,0.0,1,0.04,0.01,SPY191104C00311000,311.0,normalDay
2019-11-01,525.0,3717.0,0.0,100,306.14,269.0,0,0.0,0.0,,0.0,1,0.04,0.01,SPY191104C00311000,311.0,normalDay
2019-11-04,529.0,3837.0,4.0,100,307.37,269.0,0,0.0,0.0,,0.0,1,0.04,0.0,SPY191104C00311000,311.0,expirationDay
2019-11-05,529.0,3800.0,0.0,100,307.03,269.0,0,0.0,0.0,,0.0,1,0.04,0.07,SPY191122C00321000,321.0,normalDay
2019-11-06,529.0,3810.0,0.0,100,307.1,269.0,0,0.0,0.0,,0.0,1,0.04,0.04,SPY191122C00321000,321.0,normalDay
2019-11-07,529.0,3918.0,0.0,100,308.18,269.0,0,0.0,0.0,,0.0,1,0.04,0.04,SPY191122C00321000,321.0,normalDay
2019-11-08,529.0,3995.0,0.0,100,308.94,269.0,0,0.0,0.0,,0.0,1,0.04,0.03,SPY191122C00321000,321.0,normalDay
2019-11-11,529.0,3937.0,0.0,100,308.35,269.0,0,0.0,0.0,,0.0,1,0.04,0.02,SPY191122C00321000,321.0,normalDay
2019-11-12,529.0,4002.0,0.0,100,309.0,269.0,0,0.0,0.0,,0.0,1,0.04,0.02,SPY191122C00321000,321.0,normalDay
2019-11-13,529.0,4012.0,0.0,100,309.1,269.0,0,0.0,0.0,,0.0,1,0.04,0.02,SPY191122C00321000,321.0,normalDay
2019-11-14,529.0,4058.0,0.0,100,309.55,269.0,0,0.0,0.0,,0.0,1,0.04,0.01,SPY191122C00321000,321.0,normalDay
2019-11-15,529.0,4282.0,0.0,100,311.79,269.0,0,0.0,0.0,,0.0,1,0.04,0.01,SPY191122C00321000,321.0,normalDay
2019-11-18,529.0,4304.0,0.0,100,312.02,269.0,0,0.0,0.0,,0.0,1,0.04,0.02,SPY191122C00321000,321.0,normalDay
2019-11-19,529.0,4296.0,0.0,100,311.93,269.0,0,0.0,0.0,,0.0,1,0.04,0.01,SPY191122C00321000,321.0,normalDay
2019-11-20,529.0,4180.0,0.0,100,310.77,269.0,0,0.0,0.0,,0.0,1,0.04,0.01,SPY191122C00321000,321.0,normalDay
2019-11-21,529.0,4130.0,0.0,100,310.27,269.0,0,0.0,0.0,,0.0,1,0.04,0.01,SPY191122C00321000,321.0,normalDay
2019-11-22,533.0,4196.0,4.0,100,310.96,269.0,0,0.0,0.0,,0.0,1,0.04,0.0,SPY191122C00321000,321.0,expirationDay
2019-11-25,533.0,4434.0,0.0,100,313.37,269.0,0,0.0,0.0,,0.0,1,0.1,0.13,SPY191213C00322500,322.5,normalDay
2019-11-26,533.0,4503.0,0.0,100,314.08,269.0,0,0.0,0.0,,0.0,1,0.1,0.15,SPY191213C00322500,322.5,normalDay
2019-11-27,533.0,4630.0,0.0,100,315.48,269.0,0,0.0,0.0,,0.0,1,0.1,0.28,SPY191213C00322500,322.5,normalDay
2019-11-29,533.0,4526.0,0.0,100,314.31,269.0,0,0.0,0.0,,0.0,1,0.1,0.15,SPY191213C00322500,322.5,normalDay
2019-12-02,533.0,4269.0,0.0,100,311.64,269.0,0,0.0,0.0,,0.0,1,0.1,0.05,SPY191213C00322500,322.5,normalDay
2019-12-03,533.0,4062.0,0.0,100,309.55,269.0,0,0.0,0.0,,0.0,1,0.1,0.03,SPY191213C00322500,322.5,normalDay
2019-12-04,533.0,4253.0,0.0,100,311.46,269.0,0,0.0,0.0,,0.0,1,0.1,0.03,SPY191213C00322500,322.5,normalDay
2019-12-05,533.0,4310.0,0.0,100,312.02,269.0,0,0.0,0.0,,0.0,1,0.1,0.02,SPY191213C00322500,322.5,normalDay
2019-12-06,533.0,4594.0,0.0,100,314.87,269.0,0,0.0,0.0,,0.0,1,0.1,0.03,SPY191213C00322500,322.5,normalDay
2019-12-09,533.0,4497.0,0.0,100,313.88,269.0,0,0.0,0.0,,0.0,1,0.1,0.01,SPY191213C00322500,322.5,normalDay
2019-12-10,533.0,4462.0,0.0,100,313.53,269.0,0,0.0,0.0,,0.0,1,0.1,0.01,SPY191213C00322500,322.5,normalDay
2019-12-11,533.0,4551.0,0.0,100,314.42,269.0,0,0.0,0.0,,0.0,1,0.1,0.01,SPY191213C00322500,322.5,normalDay
2019-12-12,533.0,4820.0,0.0,100,317.13,269.0,0,0.0,0.0,,0.0,1,0.1,0.03,SPY191213C00322500,322.5,normalDay
2019-12-13,543.0,4832.0,10.0,100,317.32,269.0,0,0.0,0.0,,0.0,1,0.1,0.0,SPY191213C00322500,322.5,expirationDay
2019-12-16,543.0,5047.0,0.0,100,319.5,269.0,0,0.0,0.0,,0.0,1,0.27,0.3,SPY200103C00326000,326.0,normalDay
2019-12-17,543.0,5060.0,0.0,100,319.57,269.0,0,0.0,0.0,,0.0,1,0.27,0.24,SPY200103C00326000,326.0,normalDay
2019-12-18,543.0,5066.0,0.0,100,319.59,269.0,0,0.0,0.0,,0.0,1,0.27,0.2,SPY200103C00326000,326.0,normalDay
2019-12-19,543.0,5195.0,0.0,100,320.9,269.0,0,0.0,0.0,,0.0,1,0.27,0.22,SPY200103C00326000,326.0,normalDay
2019-12-20,543.0,5158.0,0.0,100,320.73,269.0,0,0.0,0.0,,0.0,1,0.27,0.42,SPY200103C00326000,326.0,normalDay
2019-12-23,543.0,5219.0,0.0,100,321.22,269.0,0,0.0,0.0,,0.0,1,0.27,0.3,SPY200103C00326000,326.0,normalDay
2019-12-24,543.0,5227.0,0.0,100,321.23,269.0,0,0.0,0.0,,0.0,1,0.27,0.23,SPY200103C00326000,326.0,normalDay
2019-12-26,543.0,5384.0,0.0,100,322.94,269.0,0,0.0,0.0,,0.0,1,0.27,0.37,SPY200103C00326000,326.0,normalDay
2019-12-27,543.0,5379.0,0.0,100,322.86,269.0,0,0.0,0.0,,0.0,1,0.27,0.34,SPY200103C00326000,326.0,normalDay
2019-12-30,543.0,5223.0,0.0,100,321.08,269.0,0,0.0,0.0,,0.0,1,0.27,0.12,SPY200103C00326000,326.0,normalDay
2019-12-31,543.0,5303.0,0.0,100,321.86,269.0,0,0.0,0.0,,0.0,1,0.27,0.1,SPY200103C00326000,326.0,normalDay
2020-01-02,543.0,5594.0,0.0,100,324.87,269.0,0,0.0,0.0,,0.0,1,0.27,0.2,SPY200103C00326000,326.0,normalDay
2020-01-03,570.0,5341.0,27.0,100,322.41,269.0,0,0.0,0.0,,0.0,1,0.27,0.0,SPY200103C00326000,326.0,expirationDay
2020-01-06,570.0,5461.0,0.0,100,323.64,269.0,0,0.0,0.0,,0.0,1,0.01,0.04,SPY200124C00336000,336.0,normalDay
2020-01-07,570.0,5371.0,0.0,100,322.73,269.0,0,0.0,0.0,,0.0,1,0.01,0.03,SPY200124C00336000,336.0,normalDay
2020-01-08,570.0,5540.0,0.0,100,324.45,269.0,0,0.0,0.0,,0.0,1,0.01,0.06,SPY200124C00336000,336.0,normalDay
2020-01-09,570.0,5759.0,0.0,100,326.65,269.0,0,0.0,0.0,,0.0,1,0.01,0.07,SPY200124C00336000,336.0,normalDay
2020-01-10,570.0,5669.0,0.0,100,325.71,269.0,0,0.0,0.0,,0.0,1,0.01,0.03,SPY200124C00336000,336.0,normalDay
2020-01-13,570.0,5891.0,0.0,100,327.95,269.0,0,0.0,0.0,,0.0,1,0.01,0.05,SPY200124C00336000,336.0,normalDay
2020-01-14,570.0,5842.0,0.0,100,327.45,269.0,0,0.0,0.0,,0.0,1,0.01,0.04,SPY200124C00336000,336.0,normalDay
2020-01-15,570.0,5917.0,0.0,100,328.19,269.0,0,0.0,0.0,,0.0,1,0.01,0.03,SPY200124C00336000,336.0,normalDay
2020-01-16,570.0,6181.0,0.0,100,330.92,269.0,0,0.0,0.0,,0.0,1,0.01,0.12,SPY200124C00336000,336.0,normalDay
2020-01-17,570.0,6283.0,0.0,100,331.95,269.0,0,0.0,0.0,,0.0,1,0.01,0.13,SPY200124C00336000,336.0,normalDay
2020-01-21,570.0,6226.0,0.0,100,331.3,269.0,0,0.0,0.0,,0.0,1,0.01,0.05,SPY200124C00336000,336.0,normalDay
2020-01-22,570.0,6233.0,0.0,100,331.34,269.0,0,0.0,0.0,,0.0,1,0.01,0.02,SPY200124C00336000,336.0,normalDay
2020-01-23,570.0,6272.0,0.0,100,331.72,269.0,0,0.0,0.0,,0.0,1,0.01,0.01,SPY200124C00336000,336.0,normalDay
2020-01-24,571.0,5977.0,1.0,100,328.77,269.0,0,0.0,0.0,,0.0,1,0.01,0.0,SPY200124C00336000,336.0,expirationDay
2020-01-27,571.0,5450.0,0.0,100,323.5,269.0,0,0.0,0.0,,0.0,0,0.0,0.0,,0.0,bidTooLow
2020-01-28,571.0,5786.0,0.0,100,326.89,269.0,0,0.0,0.0,,0.0,1,0.01,0.04,SPY200214C00344000,344.0,normalDay
2020-01-29,571.0,5760.0,0.0,100,326.62,269.0,0,0.0,0.0,,0.0,1,0.01,0.03,SPY200214C00344000,344.0,normalDay
2020-01-30,571.0,5866.0,0.0,100,327.68,269.0,0,0.0,0.0,,0.0,1,0.01,0.03,SPY200214C00344000,344.0,normalDay
2020-01-31,571.0,5272.0,0.0,100,321.73,269.0,0,0.0,0.0,,0.0,1,0.01,0.02,SPY200214C00344000,344.0,normalDay
2020-02-03,571.0,5512.0,0.0,100,324.12,269.0,0,0.0,0.0,,0.0,1,0.01,0.01,SPY200214C00344000,344.0,normalDay
2020-02-04,571.0,6004.0,0.0,100,329.06,269.0,0,0.0,0.0,,0.0,1,0.01,0.03,SPY200214C00344000,344.0,normalDay
2020-02-05,571.0,6383.0,0.0,100,332.86,269.0,0,0.0,0.0,,0.0,1,0.01,0.04,SPY200214C00344000,344.0,normalDay
2020-02-06,571.0,6495.0,0.0,100,333.98,269.0,0,0.0,0.0,,0.0,1,0.01,0.04,SPY200214C00344000,344.0,normalDay
2020-02-07,571.0,6319.0,0.0,100,332.2,269.0,0,0.0,0.0,,0.0,1,0.01,0.02,SPY200214C00344000,344.0,normalDay
2020-02-10,571.0,6568.0,0.0,100,334.68,269.0,0,0.0,0.0,,0.0,1,0.01,0.01,SPY200214C00344000,344.0,normalDay
2020-02-11,571.0,6625.0,0.0,100,335.26,269.0,0,0.0,0.0,,0.0,1,0.01,0.02,SPY200214C00344000,344.0,normalDay
2020-02-12,571.0,6842.0,0.0,100,337.42,269.0,0,0.0,0.0,,0.0,1,0.01,0.01,SPY200214C00344000,344.0,normalDay
2020-02-13,571.0,6806.0,0.0,100,337.06,269.0,0,0.0,0.0,,0.0,1,0.01,0.01,SPY200214C00344000,344.0,normalDay
2020-02-14,572.0,6860.0,1.0,100,337.6,269.0,0,0.0,0.0,,0.0,1,0.01,0.0,SPY200214C00344000,344.0,expirationDay
2020-02-18,572.0,6773.0,0.0,100,336.73,269.0,0,0.0,0.0,,0.0,0,0.0,0.0,,0.0,bidTooLow
2020-02-19,572.0,6934.0,0.0,100,338.34,269.0,0,0.0,0.0,,0.0,0,0.0,0.0,,0.0,bidTooLow
2020-02-20,572.0,6795.0,0.0,100,336.95,269.0,0,0.0,0.0,,0.0,0,0.0,0.0,,0.0,bidTooLow
2020-02-21,572.0,6448.0,0.0,100,333.48,269.0,0,0.0,0.0,,0.0,0,0.0,0.0,,0.0,bidTooLow
2020-02-24,572.0,5342.0,0.0,100,322.42,269.0,0,0.0,0.0,,0.0,0,0.0,0.0,,0.0,bidTooLow
2020-02-25,572.0,4365.0,0.0,100,312.65,269.0,0,0.0,0.0,,0.0,0,0.0,0.0,,0.0,bidTooLow
2020-02-26,572.0,4250.0,0.0,100,311.5,269.0,0,0.0,0.0,,0.0,0,0.0,0.0,,0.0,bidTooLow
2020-02-27,572.0,2851.0,0.0,100,297.51,269.0,0,0.0,0.0,,0.0,0,0.0,0.0,,0.0,bidTooLow
2020-02-28,572.0,2726.0,0.0,100,296.26,269.0,0,0.0,0.0,,0.0,0,0.0,0.0,,0.0,bidTooLow
2020-03-02,572.0,4009.0,0.0,100,309.09,269.0,0,0.0,0.0,,0.0,0,0.0,0.0,,0.0,bidTooLow
2020-03-03,572.0,3124.0,0.0,100,300.24,269.0,0,0.0,0.0,,0.0,0,0.0,0.0,,0.0,bidTooLow
2020-03-04,572.0,4386.0,0.0,100,312.86,269.0,0,0.0,0.0,,0.0,0,0.0,0.0,,0.0,bidTooLow
2020-03-05,572.0,3346.0,0.0,100,302.46,269.0,0,0.0,0.0,,0.0,0,0.0,0.0,,0.0,bidTooLow
2020-03-06,572.0,2846.0,0.0,100,297.46,269.0,0,0.0,0.0,,0.0,0,0.0,0.0,,0.0,bidTooLow
2020-03-09,572.0,523.0,0.0,100,274.23,269.0,0,0.0,0.0,,0.0,0,0.0,0.0,,0.0,bidTooLow
2020-03-10,572.0,1942.0,0.0,100,288.42,269.0,0,0.0,0.0,,0.0,0,0.0,0.0,,0.0,bidTooLow
2020-03-11,572.0,536.0,0.0,100,274.36,269.0,0,0.0,0.0,,0.0,0,0.0,0.0,,0.0,bidTooLow
2020-03-12,572.0,-2089.0,0.0,100,248.11,269.0,0,0.0,0.0,,0.0,0,0.0,0.0,,0.0,bidTooLow
2020-03-13,572.0,32.0,0.0,100,269.32,269.0,0,0.0,0.0,,0.0,0,0.0,0.0,,0.0,bidTooLow
2020-03-16,572.0,-2915.0,0.0,100,239.85,269.0,0,0.0,0.0,,0.0,0,0.0,0.0,,0.0,bidTooLow
2020-03-17,572.0,-1620.0,0.0,100,252.8,269.0,0,0.0,0.0,,0.0,0,0.0,0.0,,0.0,bidTooLow
2020-03-18,572.0,-2900.0,0.0,100,240.0,269.0,0,0.0,0.0,,0.0,0,0.0,0.0,,0.0,bidTooLow
2020-03-19,572.0,-2852.0,0.0,100,240.51,269.0,0,0.0,0.0,,0.0,1,0.01,0.04,SPY200406C00340000,340.0,normalDay
2020-03-20,572.0,-4021.0,0.0,100,228.8,269.0,0,0.0,0.0,,0.0,1,0.01,0.02,SPY200406C00340000,340.0,normalDay
2020-03-23,572.0,-4606.0,0.0,100,222.95,269.0,0,0.0,0.0,,0.0,1,0.01,0.02,SPY200406C00340000,340.0,normalDay
2020-03-24,572.0,-2588.0,0.0,100,243.15,269.0,0,0.0,0.0,,0.0,1,0.01,0.04,SPY200406C00340000,340.0,normalDay
2020-03-25,572.0,-2222.0,0.0,100,246.79,269.0,0,0.0,0.0,,0.0,1,0.01,0.02,SPY200406C00340000,340.0,normalDay
2020-03-26,572.0,-781.0,0.0,100,261.2,269.0,0,0.0,0.0,,0.0,1,0.01,0.02,SPY200406C00340000,340.0,normalDay
2020-03-27,572.0,-1559.0,0.0,100,253.42,269.0,0,0.0,0.0,,0.0,1,0.01,0.02,SPY200406C00340000,340.0,normalDay
2020-03-30,572.0,-735.0,0.0,100,261.65,269.0,0,0.0,0.0,,0.0,1,0.01,0.01,SPY200406C00340000,340.0,normalDay
2020-03-31,572.0,-1125.0,0.0,100,257.75,269.0,0,0.0,0.0,,0.0,1,0.01,0.01,SPY200406C00340000,340.0,normalDay
2020-04-01,572.0,-2285.0,0.0,100,246.15,269.0,0,0.0,0.0,,0.0,1,0.01,0.01,SPY200406C00340000,340.0,normalDay
2020-04-02,572.0,-1717.0,0.0,100,251.83,269.0,0,0.0,0.0,,0.0,1,0.01,0.01,SPY200406C00340000,340.0,normalDay
2020-04-03,572.0,-2081.0,0.0,100,248.19,269.0,0,0.0,0.0,,0.0,1,0.01,0.01,SPY200406C00340000,340.0,normalDay
2020-04-06,573.0,-414.0,1.0,100,264.86,269.0,0,0.0,0.0,,0.0,1,0.01,0.0,SPY200406C00340000,340.0,expirationDay
2020-04-07,573.0,-390.0,0.0,100,265.13,269.0,0,0.0,0.0,,0.0,1,0.06,0.09,SPY200424C00315000,315.0,normalDay
2020-04-08,573.0,498.0,0.0,100,274.03,269.0,0,0.0,0.0,,0.0,1,0.06,0.11,SPY200424C00315000,315.0,normalDay
2020-04-09,573.0,911.0,0.0,100,278.2,269.0,0,0.0,0.0,,0.0,1,0.06,0.15,SPY200424C00315000,315.0,normalDay
2020-04-13,573.0,666.0,0.0,100,275.66,269.0,0,0.0,0.0,,0.0,1,0.06,0.06,SPY200424C00315000,315.0,normalDay
2020-04-14,573.0,1473.0,0.0,100,283.79,269.0,0,0.0,0.0,,0.0,1,0.06,0.12,SPY200424C00315000,315.0,normalDay
2020-04-15,573.0,876.0,0.0,100,277.76,269.0,0,0.0,0.0,,0.0,1,0.06,0.06,SPY200424C00315000,315.0,normalDay
2020-04-16,573.0,1012.0,0.0,100,279.1,269.0,0,0.0,0.0,,0.0,1,0.06,0.04,SPY200424C00315000,315.0,normalDay
2020-04-17,573.0,1766.0,0.0,100,286.64,269.0,0,0.0,0.0,,0.0,1,0.06,0.04,SPY200424C00315000,315.0,normalDay
2020-04-20,573.0,1263.0,0.0,100,281.59,269.0,0,0.0,0.0,,0.0,1,0.06,0.02,SPY200424C00315000,315.0,normalDay
2020-04-21,573.0,409.0,0.0,100,273.04,269.0,0,0.0,0.0,,0.0,1,0.06,0.01,SPY200424C00315000,315.0,normalDay
2020-04-22,573.0,1015.0,0.0,100,279.1,269.0,0,0.0,0.0,,0.0,1,0.06,0.01,SPY200424C00315000,315.0,normalDay
2020-04-23,573.0,1013.0,0.0,100,279.08,269.0,0,0.0,0.0,,0.0,1,0.06,0.01,SPY200424C00315000,315.0,normalDay
2020-04-24,579.0,1397.0,6.0,100,282.97,269.0,0,0.0,0.0,,0.0,1,0.06,0.0,SPY200424C00315000,315.0,expirationDay
2020-04-27,579.0,1802.0,0.0,100,287.05,269.0,0,0.0,0.0,,0.0,1,0.01,0.04,SPY200515C00333000,333.0,normalDay
2020-04-28,579.0,1670.0,0.0,100,285.73,269.0,0,0.0,0.0,,0.0,1,0.01,0.04,SPY200515C00333000,333.0,normalDay
2020-04-29,579.0,2417.0,0.0,100,293.21,269.0,0,0.0,0.0,,0.0,1,0.01,0.05,SPY200515C00333000,333.0,normalDay
2020-04-30,579.0,2144.0,0.0,100,290.48,269.0,0,0.0,0.0,,0.0,1,0.01,0.05,SPY200515C00333000,333.0,normalDay
2020-05-01,579.0,1379.0,0.0,100,282.79,269.0,0,0.0,0.0,,0.0,1,0.01,0.01,SPY200515C00333000,333.0,normalDay
2020-05-04,579.0,1457.0,0.0,100,283.57,269.0,0,0.0,0.0,,0.0,1,0.01,0.01,SPY200515C00333000,333.0,normalDay
2020-05-05,579.0,1719.0,0.0,100,286.19,269.0,0,0.0,0.0,,0.0,1,0.01,0.01,SPY200515C00333000,333.0,normalDay
2020-05-06,579.0,1525.0,0.0,100,284.25,269.0,0,0.0,0.0,,0.0,1,0.01,0.01,SPY200515C00333000,333.0,normalDay
2020-05-07,579.0,1868.0,0.0,100,287.68,269.0,0,0.0,0.0,,0.0,1,0.01,0.01,SPY200515C00333000,333.0,normalDay
2020-05-08,579.0,2344.0,0.0,100,292.44,269.0,0,0.0,0.0,,0.0,1,0.01,0.01,SPY200515C00333000,333.0,normalDay
2020-05-11,579.0,2350.0,0.0,100,292.5,269.0,0,0.0,0.0,,0.0,1,0.01,0.01,SPY200515C00333000,333.0,normalDay
2020-05-12,579.0,1767.0,0.0,100,286.67,269.0,0,0.0,0.0,,0.0,1,0.01,0.01,SPY200515C00333000,333.0,normalDay
2020-05-13,579.0,1260.0,0.0,100,281.6,269.0,0,0.0,0.0,,0.0,1,0.01,0.01,SPY200515C00333000,333.0,normalDay
2020-05-14,579.0,1597.0,0.0,100,284.97,269.0,0,0.0,0.0,,0.0,1,0.01,0.01,SPY200515C00333000,333.0,normalDay
2020-05-15,580.0,1728.0,1.0,100,286.28,269.0,0,0.0,0.0,,0.0,1,0.01,0.0,SPY200515C00333000,333.0,expirationDay
2020-05-18,580.0,2596.0,0.0,100,295.0,269.0,0,0.0,0.0,,0.0,1,0.59,0.63,SPY200605C00312000,312.0,normalDay
2020-05-19,580.0,2315.0,0.0,100,291.97,269.0,0,0.0,0.0,,0.0,1,0.59,0.41,SPY200605C00312000,312.0,normalDay
2020-05-20,580.0,2782.0,0.0,100,296.93,269.0,0,0.0,0.0,,0.0,1,0.59,0.7,SPY200605C00312000,312.0,normalDay
2020-05-21,580.0,2605.0,0.0,100,294.88,269.0,0,0.0,0.0,,0.0,1,0.59,0.42,SPY200605C00312000,312.0,normalDay
2020-05-22,580.0,2673.0,0.0,100,295.44,269.0,0,0.0,0.0,,0.0,1,0.59,0.3,SPY200605C00312000,312.0,normalDay
2020-05-26,580.0,3023.0,0.0,100,299.08,269.0,0,0.0,0.0,,0.0,1,0.59,0.44,SPY200605C00312000,312.0,normalDay
2020-05-27,580.0,3424.0,0.0,100,303.53,269.0,0,0.0,0.0,,0.0,1,0.59,0.88,SPY200605C00312000,312.0,normalDay
2020-05-28,580.0,3372.0,0.0,100,302.97,269.0,0,0.0,0.0,,0.0,1,0.59,0.84,SPY200605C00312000,312.0,normalDay
2020-05-29,580.0,3506.0,0.0,100,304.32,269.0,0,0.0,0.0,,0.0,1,0.59,0.85,SPY200605C00312000,312.0,normalDay
2020-06-01,580.0,3647.0,0.0,100,305.55,269.0,0,0.0,0.0,,0.0,1,0.59,0.67,SPY200605C00312000,312.0,normalDay
2020-06-02,580.0,3889.0,0.0,100,308.08,269.0,0,0.0,0.0,,0.0,1,0.59,0.78,SPY200605C00312000,312.0,normalDay
2020-06-03,580.0,4163.0,0.0,100,312.18,269.0,0,0.0,0.0,,0.0,1,0.59,2.14,SPY200605C00312000,312.0,normalDay
2020-06-04,580.0,4177.0,0.0,100,311.36,269.0,0,0.0,0.0,,0.0,1,0.59,1.18,SPY200605C00312000,312.0,normalDay
2020-06-05,4939.0,4177.0,4359.0,0,319.34,0.0,0,0.0,0.0,,0.0,1,0.59,0.0,SPY200605C00312000,312.0,expirationDay
2020-06-08,4939.0,-3.0,0.0,0,323.2,0.0,1,0.36,0.39,SPY200619P00291000,291.0,0,0.0,0.0,,0.0,normalDay
2020-06-09,4939.0,-10.0,0.0,0,320.79,0.0,1,0.36,0.46,SPY200619P00291000,291.0,0,0.0,0.0,,0.0,normalDay
2020-06-10,4939.0,-11.0,0.0,0,319.0,0.0,1,0.36,0.47,SPY200619P00291000,291.0,0,0.0,0.0,,0.0,normalDay
2020-06-11,4939.0,-373.0,0.0,0,300.61,0.0,1,0.36,4.09,SPY200619P00291000,291.0,0,0.0,0.0,,0.0,normalDay
2020-06-12,4939.0,-195.0,0.0,0,304.21,0.0,1,0.36,2.31,SPY200619P00291000,291.0,0,0.0,0.0,,0.0,normalDay
2020-06-15,4939.0,-59.0,0.0,0,307.05,0.0,1,0.36,0.95,SPY200619P00291000,291.0,0,0.0,0.0,,0.0,normalDay
2020-06-16,4939.0,6.0,0.0,0,312.96,0.0,1,0.36,0.3,SPY200619P00291000,291.0,0,0.0,0.0,,0.0,normalDay
2020-06-17,4939.0,26.0,0.0,0,311.66,0.0,1,0.36,0.1,SPY200619P00291000,291.0,0,0.0,0.0,,0.0,normalDay
2020-06-18,4939.0,30.0,0.0,0,311.78,0.0,1,0.36,0.06,SPY200619P00291000,291.0,0,0.0,0.0,,0.0,normalDay
2020-06-19,4975.0,0.0,36.0,0,308.64,0.0,1,0.36,0.0,SPY200619P00291000,291.0,0,0.0,0.0,,0.0,expirationDay
2020-06-22,4975.0,-6.0,0.0,0,310.62,0.0,1,3.5,3.56,SPY200702P00304000,304.0,0,0.0,0.0,,0.0,normalDay
2020-06-23,4975.0,56.0,0.0,0,312.05,0.0,1,3.5,2.94,SPY200702P00304000,304.0,0,0.0,0.0,,0.0,normalDay
2020-06-24,4975.0,-193.0,0.0,0,304.09,0.0,1,3.5,5.43,SPY200702P00304000,304.0,0,0.0,0.0,,0.0,normalDay
2020-06-25,4975.0,9.0,0.0,0,307.35,0.0,1,3.5,3.41,SPY200702P00304000,304.0,0,0.0,0.0,,0.0,normalDay
2020-06-26,4975.0,-247.0,0.0,0,300.05,0.0,1,3.5,5.97,SPY200702P00304000,304.0,0,0.0,0.0,,0.0,normalDay
2020-06-29,4975.0,41.0,0.0,0,304.46,0.0,1,3.5,3.09,SPY200702P00304000,304.0,0,0.0,0.0,,0.0,normalDay
2020-06-30,4975.0,225.0,0.0,0,308.36,0.0,1,3.5,1.25,SPY200702P00304000,304.0,0,0.0,0.0,,0.0,normalDay
2020-07-01,4975.0,317.0,0.0,0,310.52,0.0,1,3.5,0.33,SPY200702P00304000,304.0,0,0.0,0.0,,0.0,normalDay
2020-07-02,5325.0,0.0,350.0,0,312.23,0.0,1,3.5,0.0,SPY200702P00304000,304.0,0,0.0,0.0,,0.0,expirationDay
2020-07-06,5325.0,-3.0,0.0,0,317.05,0.0,1,1.81,1.84,SPY200717P00305000,305.0,0,0.0,0.0,,0.0,normalDay
2020-07-07,5325.0,-63.0,0.0,0,313.78,0.0,1,1.81,2.44,SPY200717P00305000,305.0,0,0.0,0.0,,0.0,normalDay
2020-07-08,5325.0,35.0,0.0,0,316.18,0.0,1,1.81,1.46,SPY200717P00305000,305.0,0,0.0,0.0,,0.0,normalDay
2020-07-09,5325.0,7.0,0.0,0,314.38,0.0,1,1.81,1.74,SPY200717P00305000,305.0,0,0.0,0.0,,0.0,normalDay
2020-07-10,5325.0,112.0,0.0,0,317.59,0.0,1,1.81,0.69,SPY200717P00305000,305.0,0,0.0,0.0,,0.0,normalDay
2020-07-13,5325.0,55.0,0.0,0,314.84,0.0,1,1.81,1.26,SPY200717P00305000,305.0,0,0.0,0.0,,0.0,normalDay
2020-07-14,5325.0,138.0,0.0,0,318.92,0.0,1,1.81,0.43,SPY200717P00305000,305.0,0,0.0,0.0,,0.0,normalDay
2020-07-15,5325.0,174.0,0.0,0,321.85,0.0,1,1.81,0.07,SPY200717P00305000,305.0,0,0.0,0.0,,0.0,normalDay
2020-07-16,5325.0,176.0,0.0,0,320.79,0.0,1,1.81,0.05,SPY200717P00305000,305.0,0,0.0,0.0,,0.0,normalDay
2020-07-17,5506.0,0.0,181.0,0,321.72,0.0,1,1.81,0.0,SPY200717P00305000,305.0,0,0.0,0.0,,0.0,expirationDay
2020-07-20,5506.0,-4.0,0.0,0,324.32,0.0,1,0.96,1.0,SPY200731P00308000,308.0,0,0.0,0.0,,0.0,normalDay
2020-07-21,5506.0,7.0,0.0,0,325.01,0.0,1,0.96,0.89,SPY200731P00308000,308.0,0,0.0,0.0,,0.0,normalDay
2020-07-22,5506.0,38.0,0.0,0,326.86,0.0,1,0.96,0.58,SPY200731P00308000,308.0,0,0.0,0.0,,0.0,normalDay
2020-07-23,5506.0,0.0,0.0,0,322.96,0.0,1,0.96,0.96,SPY200731P00308000,308.0,0,0.0,0.0,,0.0,normalDay
2020-07-24,5506.0,32.0,0.0,0,320.88,0.0,1,0.96,0.64,SPY200731P00308000,308.0,0,0.0,0.0,,0.0,normalDay
2020-07-27,5506.0,75.0,0.0,0,323.22,0.0,1,0.96,0.21,SPY200731P00308000,308.0,0,0.0,0.0,,0.0,normalDay
2020-07-28,5506.0,71.0,0.0,0,321.17,0.0,1,0.96,0.25,SPY200731P00308000,308.0,0,0.0,0.0,,0.0,normalDay
2020-07-29,5506.0,90.0,0.0,0,325.12,0.0,1,0.96,0.06,SPY200731P00308000,308.0,0,0.0,0.0,,0.0,normalDay
2020-07-30,5506.0,91.0,0.0,0,323.96,0.0,1,0.96,0.05,SPY200731P00308000,308.0,0,0.0,0.0,,0.0,normalDay
2020-07-31,5602.0,0.0,96.0,0,326.52,0.0,1,0.96,0.0,SPY200731P00308000,308.0,0,0.0,0.0,,0.0,expirationDay
2020-08-03,5602.0,-3.0,0.0,0,328.79,0.0,1,1.48,1.51,SPY200814P00318000,318.0,0,0.0,0.0,,0.0,normalDay
2020-08-04,5602.0,33.0,0.0,0,330.06,0.0,1,1.48,1.15,SPY200814P00318000,318.0,0,0.0,0.0,,0.0,normalDay
2020-08-05,5602.0,79.0,0.0,0,332.11,0.0,1,1.48,0.69,SPY200814P00318000,318.0,0,0.0,0.0,,0.0,normalDay
2020-08-06,5602.0,99.0,0.0,0,334.33,0.0,1,1.48,0.49,SPY200814P00318000,318.0,0,0.0,0.0,,0.0,normalDay
2020-08-07,5602.0,120.0,0.0,0,334.57,0.0,1,1.48,0.28,SPY200814P00318000,318.0,0,0.0,0.0,,0.0,normalDay
2020-08-10,5602.0,136.0,0.0,0,335.57,0.0,1,1.48,0.12,SPY200814P00318000,318.0,0,0.0,0.0,,0.0,normalDay
2020-08-11,5602.0,123.0,0.0,0,332.8,0.0,1,1.48,0.25,SPY200814P00318000,318.0,0,0.0,0.0,,0.0,normalDay
2020-08-12,5602.0,144.0,0.0,0,337.44,0.0,1,1.48,0.04,SPY200814P00318000,318.0,0,0.0,0.0,,0.0,normalDay
2020-08-13,5602.0,145.0,0.0,0,336.83,0.0,1,1.48,0.03,SPY200814P00318000,318.0,0,0.0,0.0,,0.0,normalDay
2020-08-14,5750.0,0.0,148.0,0,336.84,0.0,1,1.48,0.0,SPY200814P00318000,318.0,0,0.0,0.0,,0.0,expirationDay
2020-08-17,5750.0,-4.0,0.0,0,337.91,0.0,1,0.89,0.93,SPY200828P00325000,325.0,0,0.0,0.0,,0.0,normalDay
2020-08-18,5750.0,11.0,0.0,0,338.64,0.0,1,0.89,0.78,SPY200828P00325000,325.0,0,0.0,0.0,,0.0,normalDay
2020-08-19,5750.0,-3.0,0.0,0,337.23,0.0,1,0.89,0.92,SPY200828P00325000,325.0,0,0.0,0.0,,0.0,normalDay
2020-08-20,5750.0,25.0,0.0,0,338.28,0.0,1,0.89,0.64,SPY200828P00325000,325.0,0,0.0,0.0,,0.0,normalDay
2020-08-21,5750.0,54.0,0.0,0,339.48,0.0,1,0.89,0.35,SPY200828P00325000,325.0,0,0.0,0.0,,0.0,normalDay
2020-08-24,5750.0,77.0,0.0,0,342.92,0.0,1,0.89,0.12,SPY200828P00325000,325.0,0,0.0,0.0,,0.0,normalDay
2020-08-25,5750.0,83.0,0.0,0,344.12,0.0,1,0.89,0.06,SPY200828P00325000,325.0,0,0.0,0.0,,0.0,normalDay
2020-08-26,5750.0,82.0,0.0,0,347.57,0.0,1,0.89,0.07,SPY200828P00325000,325.0,0,0.0,0.0,,0.0,normalDay
2020-08-27,5750.0,86.0,0.0,0,348.33,0.0,1,0.89,0.03,SPY200828P00325000,325.0,0,0.0,0.0,,0.0,normalDay
2020-08-28,5839.0,0.0,89.0,0,350.58,0.0,1,0.89,0.0,SPY200828P00325000,325.0,0,0.0,0.0,,0.0,expirationDay
2020-08-31,5839.0,-3.0,0.0,0,349.31,0.0,1,1.01,1.04,SPY200911P00334000,334.0,0,0.0,0.0,,0.0,normalDay
2020-09-01,5839.0,36.0,0.0,0,352.6,0.0,1,1.01,0.65,SPY200911P00334000,334.0,0,0.0,0.0,,0.0,normalDay
2020-09-02,5839.0,61.0,0.0,0,357.7,0.0,1,1.01,0.4,SPY200911P00334000,334.0,0,0.0,0.0,,0.0,normalDay
2020-09-03,5839.0,-85.0,0.0,0,345.39,0.0,1,1.01,1.86,SPY200911P00334000,334.0,0,0.0,0.0,,0.0,normalDay
2020-09-04,5839.0,-128.0,0.0,0,342.57,0.0,1,1.01,2.29,SPY200911P00334000,334.0,0,0.0,0.0,,0.0,normalDay
2020-09-08,5839.0,-344.0,0.0,0,333.21,0.0,1,1.01,4.45,SPY200911P00334000,334.0,0,0.0,0.0,,0.0,normalDay
2020-09-09,5839.0,-39.0,0.0,0,339.79,0.0,1,1.01,1.4,SPY200911P00334000,334.0,0,0.0,0.0,,0.0,normalDay
2020-09-10,5839.0,-122.0,0.0,0,333.89,0.0,1,1.01,2.23,SPY200911P00334000,334.0,0,0.0,0.0,,0.0,normalDay
2020-09-11,5940.0,0.0,101.0,0,334.06,0.0,1,1.01,0.0,SPY200911P00334000,334.0,0,0.0,0.0,,0.0,expirationDay
2020-09-14,5940.0,-6.0,0.0,0,338.46,0.0,1,4.96,5.02,SPY200925P00337000,337.0,0,0.0,0.0,,0.0,normalDay
2020-09-15,5940.0,101.0,0.0,0,340.17,0.0,1,4.96,3.95,SPY200925P00337000,337.0,0,0.0,0.0,,0.0,normalDay
2020-09-16,5940.0,66.0,0.0,0,338.82,0.0,1,4.96,4.3,SPY200925P00337000,337.0,0,0.0,0.0,,0.0,normalDay
2020-09-17,5940.0,-50.0,0.0,0,335.84,0.0,1,4.96,5.46,SPY200925P00337000,337.0,0,0.0,0.0,,0.0,normalDay
2020-09-18,5940.0,-268.0,0.0,0,330.65,0.0,1,4.96,7.64,SPY200925P00337000,337.0,0,0.0,0.0,,0.0,normalDay
2020-09-21,5940.0,-508.0,0.0,0,326.97,0.0,1,4.96,10.04,SPY200925P00337000,337.0,0,0.0,0.0,,0.0,normalDay
2020-09-22,5940.0,-242.0,0.0,0,330.3,0.0,1,4.96,7.38,SPY200925P00337000,337.0,0,0.0,0.0,,0.0,normalDay
2020-09-23,5940.0,-936.0,0.0,0,322.64,0.0,1,4.96,14.32,SPY200925P00337000,337.0,0,0.0,0.0,,0.0,normalDay
2020-09-24,5940.0,-839.0,0.0,0,323.5,0.0,1,4.96,13.35,SPY200925P00337000,337.0,0,0.0,0.0,,0.0,normalDay
2020-09-25,6436.0,-827.0,496.0,100,328.73,337.0,1,4.96,0.0,SPY200925P00337000,337.0,0,0.0,0.0,,0.0,expirationDay
2020-09-28,6436.0,-284.0,0.0,100,334.19,337.0,0,0.0,0.0,,0.0,1,0.02,0.05,SPY201016C00381000,381.0,normalDay
2020-09-29,6436.0,-465.0,0.0,100,332.37,337.0,0,0.0,0.0,,0.0,1,0.02,0.04,SPY201016C00381000,381.0,normalDay
2020-09-30,6436.0,-214.0,0.0,100,334.89,337.0,0,0.0,0.0,,0.0,1,0.02,0.05,SPY201016C00381000,381.0,normalDay
2020-10-01,6436.0,0.0,0.0,100,337.04,337.0,0,0.0,0.0,,0.0,1,0.02,0.06,SPY201016C00381000,381.0,normalDay
2020-10-02,6436.0,-317.0,0.0,100,333.84,337.0,0,0.0,0.0,,0.0,1,0.02,0.03,SPY201016C00381000,381.0,normalDay
2020-10-05,6436.0,276.0,0.0,100,339.76,337.0,0,0.0,0.0,,0.0,1,0.02,0.02,SPY201016C00381000,381.0,normalDay
2020-10-06,6436.0,-206.0,0.0,100,334.93,337.0,0,0.0,0.0,,0.0,1,0.02,0.01,SPY201016C00381000,381.0,normalDay
2020-10-07,6436.0,376.0,0.0,100,340.76,337.0,0,0.0,0.0,,0.0,1,0.02,0.02,SPY201016C00381000,381.0,normalDay
2020-10-08,6436.0,679.0,0.0,100,343.78,337.0,0,0.0,0.0,,0.0,1,0.02,0.01,SPY201016C00381000,381.0,normalDay
2020-10-09,6436.0,986.0,0.0,100,346.85,337.0,0,0.0,0.0,,0.0,1,0.02,0.01,SPY201016C00381000,381.0,normalDay
2020-10-12,6436.0,1544.0,0.0,100,352.43,337.0,0,0.0,0.0,,0.0,1,0.02,0.01,SPY201016C00381000,381.0,normalDay
2020-10-13,6436.0,1314.0,0.0,100,350.13,337.0,0,0.0,0.0,,0.0,1,0.02,0.01,SPY201016C00381000,381.0,normalDay
2020-10-14,6436.0,1094.0,0.0,100,347.93,337.0,0,0.0,0.0,,0.0,1,0.02,0.01,SPY201016C00381000,381.0,normalDay
2020-10-15,6436.0,1051.0,0.0,100,347.5,337.0,0,0.0,0.0,,0.0,1,0.02,0.01,SPY201016C00381000,381.0,normalDay
2020-10-16,6438.0,1029.0,2.0,100,347.29,337.0,0,0.0,0.0,,0.0,1,0.02,0.0,SPY201016C00381000,381.0,expirationDay
2020-10-19,6438.0,497.0,0.0,100,342.01,337.0,0,0.0,0.0,,0.0,1,0.09,0.13,SPY201106C00380000,380.0,normalDay
2020-10-20,6438.0,634.0,0.0,100,343.38,337.0,0,0.0,0.0,,0.0,1,0.09,0.13,SPY201106C00380000,380.0,normalDay
2020-10-21,6438.0,573.0,0.0,100,342.73,337.0,0,0.0,0.0,,0.0,1,0.09,0.09,SPY201106C00380000,380.0,normalDay
2020-10-22,6438.0,762.0,0.0,100,344.61,337.0,0,0.0,0.0,,0.0,1,0.09,0.08,SPY201106C00380000,380.0,normalDay
2020-10-23,6438.0,882.0,0.0,100,345.78,337.0,0,0.0,0.0,,0.0,1,0.09,0.05,SPY201106C00380000,380.0,normalDay
2020-10-26,6438.0,243.0,0.0,100,339.39,337.0,0,0.0,0.0,,0.0,1,0.09,0.05,SPY201106C00380000,380.0,normalDay
2020-10-27,6438.0,129.0,0.0,100,338.22,337.0,0,0.0,0.0,,0.0,1,0.09,0.02,SPY201106C00380000,380.0,normalDay
2020-10-28,6438.0,-1027.0,0.0,100,326.66,337.0,0,0.0,0.0,,0.0,1,0.09,0.02,SPY201106C00380000,380.0,normalDay
2020-10-29,6438.0,-696.0,0.0,100,329.98,337.0,0,0.0,0.0,,0.0,1,0.09,0.03,SPY201106C00380000,380.0,normalDay
2020-10-30,6438.0,-1039.0,0.0,100,326.54,337.0,0,0.0,0.0,,0.0,1,0.09,0.02,SPY201106C00380000,380.0,normalDay
2020-11-02,6438.0,-674.0,0.0,100,330.2,337.0,0,0.0,0.0,,0.0,1,0.09,0.03,SPY201106C00380000,380.0,normalDay
2020-11-03,6438.0,-90.0,0.0,100,336.03,337.0,0,0.0,0.0,,0.0,1,0.09,0.02,SPY201106C00380000,380.0,normalDay
2020-11-04,6438.0,662.0,0.0,100,343.54,337.0,0,0.0,0.0,,0.0,1,0.09,0.01,SPY201106C00380000,380.0,normalDay
2020-11-05,6438.0,1332.0,0.0,100,350.24,337.0,0,0.0,0.0,,0.0,1,0.09,0.01,SPY201106C00380000,380.0,normalDay
2020-11-06,6447.0,1316.0,9.0,100,350.16,337.0,0,0.0,0.0,,0.0,1,0.09,0.0,SPY201106C00380000,380.0,expirationDay
2020-11-09,6447.0,1752.0,0.0,100,354.56,337.0,0,0.0,0.0,,0.0,1,0.25,0.29,SPY201127C00381000,381.0,normalDay
2020-11-10,6447.0,1712.0,0.0,100,354.04,337.0,0,0.0,0.0,,0.0,1,0.25,0.17,SPY201127C00381000,381.0,normalDay
2020-11-11,6447.0,1976.0,0.0,100,356.67,337.0,0,0.0,0.0,,0.0,1,0.25,0.16,SPY201127C00381000,381.0,normalDay
2020-11-12,6447.0,1639.0,0.0,100,353.21,337.0,0,0.0,0.0,,0.0,1,0.25,0.07,SPY201127C00381000,381.0,normalDay
2020-11-13,6447.0,2122.0,0.0,100,358.1,337.0,0,0.0,0.0,,0.0,1,0.25,0.13,SPY201127C00381000,381.0,normalDay
2020-11-16,6447.0,2571.0,0.0,100,362.57,337.0,0,0.0,0.0,,0.0,1,0.25,0.11,SPY201127C00381000,381.0,normalDay
2020-11-17,6447.0,2381.0,0.0,100,360.62,337.0,0,0.0,0.0,,0.0,1,0.25,0.06,SPY201127C00381000,381.0,normalDay
2020-11-18,6447.0,1950.0,0.0,100,356.28,337.0,0,0.0,0.0,,0.0,1,0.25,0.03,SPY201127C00381000,381.0,normalDay
2020-11-19,6447.0,2101.0,0.0,100,357.78,337.0,0,0.0,0.0,,0.0,1,0.25,0.02,SPY201127C00381000,381.0,normalDay
2020-11-20,6447.0,1856.0,0.0,100,355.33,337.0,0,0.0,0.0,,0.0,1,0.25,0.02,SPY201127C00381000,381.0,normalDay
2020-11-23,6447.0,2070.0,0.0,100,357.46,337.0,0,0.0,0.0,,0.0,1,0.25,0.01,SPY201127C00381000,381.0,normalDay
2020-11-24,6447.0,2645.0,0.0,100,363.22,337.0,0,0.0,0.0,,0.0,1,0.25,0.02,SPY201127C00381000,381.0,normalDay
2020-11-25,6447.0,2590.0,0.0,100,362.66,337.0,0,0.0,0.0,,0.0,1,0.25,0.01,SPY201127C00381000,381.0,normalDay
2020-11-27,6472.0,2667.0,25.0,100,363.67,337.0,0,0.0,0.0,,0.0,1,0.25,0.0,SPY201127C00381000,381.0,expirationDay
2020-11-30,6472.0,2503.0,0.0,100,362.06,337.0,0,0.0,0.0,,0.0,1,0.03,0.06,SPY201218C00397000,397.0,normalDay
2020-12-01,6472.0,2896.0,0.0,100,366.02,337.0,0,0.0,0.0,,0.0,1,0.03,0.09,SPY201218C00397000,397.0,normalDay
2020-12-02,6472.0,2972.0,0.0,100,366.79,337.0,0,0.0,0.0,,0.0,1,0.03,0.1,SPY201218C00397000,397.0,normalDay
2020-12-03,6472.0,2964.0,0.0,100,366.69,337.0,0,0.0,0.0,,0.0,1,0.03,0.08,SPY201218C00397000,397.0,normalDay
2020-12-04,6472.0,3280.0,0.0,100,369.85,337.0,0,0.0,0.0,,0.0,1,0.03,0.08,SPY201218C00397000,397.0,normalDay
2020-12-07,6472.0,3208.0,0.0,100,369.09,337.0,0,0.0,0.0,,0.0,1,0.03,0.04,SPY201218C00397000,397.0,normalDay
2020-12-08,6472.0,3316.0,0.0,100,370.17,337.0,0,0.0,0.0,,0.0,1,0.03,0.04,SPY201218C00397000,397.0,normalDay
2020-12-09,6472.0,2985.0,0.0,100,366.85,337.0,0,0.0,0.0,,0.0,1,0.03,0.03,SPY201218C00397000,397.0,normalDay
2020-12-10,6472.0,2974.0,0.0,100,366.73,337.0,0,0.0,0.0,,0.0,1,0.03,0.02,SPY201218C00397000,397.0,normalDay
2020-12-11,6472.0,2931.0,0.0,100,366.3,337.0,0,0.0,0.0,,0.0,1,0.03,0.02,SPY201218C00397000,397.0,normalDay
2020-12-14,6472.0,2768.0,0.0,100,364.66,337.0,0,0.0,0.0,,0.0,1,0.03,0.01,SPY201218C00397000,397.0,normalDay
2020-12-15,6472.0,3261.0,0.0,100,369.59,337.0,0,0.0,0.0,,0.0,1,0.03,0.01,SPY201218C00397000,397.0,normalDay
2020-12-16,6472.0,3319.0,0.0,100,370.17,337.0,0,0.0,0.0,,0.0,1,0.03,0.01,SPY201218C00397000,397.0,normalDay
2020-12-17,6472.0,3526.0,0.0,100,372.24,337.0,0,0.0,0.0,,0.0,1,0.03,0.01,SPY201218C00397000,397.0,normalDay
2020-12-18,6475.0,3218.0,3.0,100,369.18,337.0,0,0.0,0.0,,0.0,1,0.03,0.0,SPY201218C00397000,397.0,expirationDay
2020-12-21,6475.0,3081.0,0.0,100,367.86,337.0,0,0.0,0.0,,0.0,1,0.75,0.8,SPY210108C00383000,383.0,normalDay
2020-12-22,6475.0,3047.0,0.0,100,367.24,337.0,0,0.0,0.0,,0.0,1,0.75,0.52,SPY210108C00383000,383.0,normalDay
2020-12-23,6475.0,3094.0,0.0,100,367.57,337.0,0,0.0,0.0,,0.0,1,0.75,0.38,SPY210108C00383000,383.0,normalDay
2020-12-24,6475.0,3241.0,0.0,100,369.0,337.0,0,0.0,0.0,,0.0,1,0.75,0.34,SPY210108C00383000,383.0,normalDay
2020-12-28,6475.0,3539.0,0.0,100,372.17,337.0,0,0.0,0.0,,0.0,1,0.75,0.53,SPY210108C00383000,383.0,normalDay
2020-12-29,6475.0,3476.0,0.0,100,371.46,337.0,0,0.0,0.0,,0.0,1,0.75,0.45,SPY210108C00383000,383.0,normalDay
2020-12-30,6475.0,3537.0,0.0,100,371.99,337.0,0,0.0,0.0,,0.0,1,0.75,0.37,SPY210108C00383000,383.0,normalDay
2020-12-31,6475.0,3716.0,0.0,100,373.88,337.0,0,0.0,0.0,,0.0,1,0.75,0.47,SPY210108C00383000,383.0,normalDay
2021-01-04,6475.0,3239.0,0.0,100,368.79,337.0,0,0.0,0.0,,0.0,1,0.75,0.15,SPY210108C00383000,383.0,normalDay
2021-01-05,6475.0,3497.0,0.0,100,371.33,337.0,0,0.0,0.0,,0.0,1,0.75,0.11,SPY210108C00383000,383.0,normalDay
2021-01-06,6475.0,3721.0,0.0,100,373.55,337.0,0,0.0,0.0,,0.0,1,0.75,0.09,SPY210108C00383000,383.0,normalDay
2021-01-07,6475.0,4273.0,0.0,100,379.1,337.0,0,0.0,0.0,,0.0,1,0.75,0.12,SPY210108C00383000,383.0,normalDay
2021-01-08,6550.0,4426.0,75.0,100,381.26,337.0,0,0.0,0.0,,0.0,1,0.75,0.0,SPY210108C00383000,383.0,expirationDay
2021-01-11,6550.0,4165.0,0.0,100,378.69,337.0,0,0.0,0.0,,0.0,1,1.04,1.08,SPY210129C00392000,392.0,normalDay
2021-01-12,6550.0,4201.0,0.0,100,378.77,337.0,0,0.0,0.0,,0.0,1,1.04,0.8,SPY210129C00392000,392.0,normalDay
2021-01-13,6550.0,4308.0,0.0,100,379.79,337.0,0,0.0,0.0,,0.0,1,1.04,0.75,SPY210129C00392000,392.0,normalDay
2021-01-14,6550.0,4191.0,0.0,100,378.46,337.0,0,0.0,0.0,,0.0,1,1.04,0.59,SPY210129C00392000,392.0,normalDay
2021-01-15,6550.0,3953.0,0.0,100,375.7,337.0,0,0.0,0.0,,0.0,1,1.04,0.21,SPY210129C00392000,392.0,normalDay
2021-01-19,6550.0,4245.0,0.0,100,378.65,337.0,0,0.0,0.0,,0.0,1,1.04,0.24,SPY210129C00392000,392.0,normalDay
2021-01-20,6550.0,4728.0,0.0,100,383.89,337.0,0,0.0,0.0,,0.0,1,1.04,0.65,SPY210129C00392000,392.0,normalDay
2021-01-21,6550.0,4782.0,0.0,100,384.24,337.0,0,0.0,0.0,,0.0,1,1.04,0.46,SPY210129C00392000,392.0,normalDay
2021-01-22,6550.0,4673.0,0.0,100,382.88,337.0,0,0.0,0.0,,0.0,1,1.04,0.19,SPY210129C00392000,392.0,normalDay
2021-01-25,6550.0,4821.0,0.0,100,384.39,337.0,0,0.0,0.0,,0.0,1,1.04,0.22,SPY210129C00392000,392.0,normalDay
2021-01-26,6550.0,4768.0,0.0,100,383.79,337.0,0,0.0,0.0,,0.0,1,1.04,0.15,SPY210129C00392000,392.0,normalDay
2021-01-27,6550.0,3838.0,0.0,100,374.41,337.0,0,0.0,0.0,,0.0,1,1.04,0.07,SPY210129C00392000,392.0,normalDay
2021-01-28,6550.0,4166.0,0.0,100,377.63,337.0,0,0.0,0.0,,0.0,1,1.04,0.01,SPY210129C00392000,392.0,normalDay
2021-01-29,6654.0,3307.0,104.0,100,370.07,337.0,0,0.0,0.0,,0.0,1,1.04,0.0,SPY210129C00392000,392.0,expirationDay
2021-02-01,6654.0,3920.0,0.0,100,376.23,337.0,0,0.0,0.0,,0.0,1,0.21,0.24,SPY210219C00401000,401.0,normalDay
2021-02-02,6654.0,4440.0,0.0,100,381.55,337.0,0,0.0,0.0,,0.0,1,0.21,0.36,SPY210219C00401000,401.0,normalDay
2021-02-03,6654.0,4482.0,0.0,100,381.85,337.0,0,0.0,0.0,,0.0,1,0.21,0.24,SPY210219C00401000,401.0,normalDay
2021-02-04,6654.0,4905.0,0.0,100,386.19,337.0,0,0.0,0.0,,0.0,1,0.21,0.35,SPY210219C00401000,401.0,normalDay
2021-02-05,6654.0,5056.0,0.0,100,387.71,337.0,0,0.0,0.0,,0.0,1,0.21,0.36,SPY210219C00401000,401.0,normalDay
2021-02-08,6654.0,5323.0,0.0,100,390.51,337.0,0,0.0,0.0,,0.0,1,0.21,0.49,SPY210219C00401000,401.0,normalDay
2021-02-09,6654.0,5303.0,0.0,100,390.25,337.0,0,0.0,0.0,,0.0,1,0.21,0.43,SPY210219C00401000,401.0,normalDay
2021-02-10,6654.0,5293.0,0.0,100,390.08,337.0,0,0.0,0.0,,0.0,1,0.21,0.36,SPY210219C00401000,401.0,normalDay
2021-02-11,6654.0,5368.0,0.0,100,390.71,337.0,0,0.0,0.0,,0.0,1,0.21,0.24,SPY210219C00401000,401.0,normalDay
2021-02-12,6654.0,5555.0,0.0,100,392.64,337.0,0,0.0,0.0,,0.0,1,0.21,0.3,SPY210219C00401000,401.0,normalDay
2021-02-16,6654.0,5542.0,0.0,100,392.3,337.0,0,0.0,0.0,,0.0,1,0.21,0.09,SPY210219C00401000,401.0,normalDay
2021-02-17,6654.0,5555.0,0.0,100,392.39,337.0,0,0.0,0.0,,0.0,1,0.21,0.05,SPY210219C00401000,401.0,normalDay
2021-02-18,6654.0,5391.0,0.0,100,390.72,337.0,0,0.0,0.0,,0.0,1,0.21,0.02,SPY210219C00401000,401.0,normalDay
2021-02-19,6675.0,5303.0,21.0,100,390.03,337.0,0,0.0,0.0,,0.0,1,0.21,0.0,SPY210219C00401000,401.0,expirationDay
2021-02-22,6675.0,5000.0,0.0,100,387.03,337.0,0,0.0,0.0,,0.0,1,0.02,0.05,SPY210312C00417000,417.0,normalDay
2021-02-23,6675.0,5046.0,0.0,100,387.5,337.0,0,0.0,0.0,,0.0,1,0.02,0.06,SPY210312C00417000,417.0,normalDay
2021-02-24,6675.0,5470.0,0.0,100,391.77,337.0,0,0.0,0.0,,0.0,1,0.02,0.09,SPY210312C00417000,417.0,normalDay
2021-02-25,6675.0,4530.0,0.0,100,382.33,337.0,0,0.0,0.0,,0.0,1,0.02,0.05,SPY210312C00417000,417.0,normalDay
2021-02-26,6675.0,4334.0,0.0,100,380.36,337.0,0,0.0,0.0,,0.0,1,0.02,0.04,SPY210312C00417000,417.0,normalDay
2021-03-01,6675.0,5256.0,0.0,100,389.58,337.0,0,0.0,0.0,,0.0,1,0.02,0.04,SPY210312C00417000,417.0,normalDay
2021-03-02,6675.0,4954.0,0.0,100,386.54,337.0,0,0.0,0.0,,0.0,1,0.02,0.02,SPY210312C00417000,417.0,normalDay
2021-03-03,6675.0,4442.0,0.0,100,381.42,337.0,0,0.0,0.0,,0.0,1,0.02,0.02,SPY210312C00417000,417.0,normalDay
2021-03-04,6675.0,3971.0,0.0,100,376.7,337.0,0,0.0,0.0,,0.0,1,0.02,0.01,SPY210312C00417000,417.0,normalDay
2021-03-05,6675.0,4664.0,0.0,100,383.63,337.0,0,0.0,0.0,,0.0,1,0.02,0.01,SPY210312C00417000,417.0,normalDay
2021-03-08,6675.0,4473.0,0.0,100,381.72,337.0,0,0.0,0.0,,0.0,1,0.02,0.01,SPY210312C00417000,417.0,normalDay
2021-03-09,6675.0,5018.0,0.0,100,387.17,337.0,0,0.0,0.0,,0.0,1,0.02,0.01,SPY210312C00417000,417.0,normalDay
2021-03-10,6675.0,5259.0,0.0,100,389.58,337.0,0,0.0,0.0,,0.0,1,0.02,0.01,SPY210312C00417000,417.0,normalDay
2021-03-11,6675.0,5654.0,0.0,100,393.53,337.0,0,0.0,0.0,,0.0,1,0.02,0.01,SPY210312C00417000,417.0,normalDay
2021-03-12,6677.0,5706.0,2.0,100,394.06,337.0,0,0.0,0.0,,0.0,1,0.02,0.0,SPY210312C00417000,417.0,expirationDay
2021-03-15,6677.0,5937.0,0.0,100,396.41,337.0,0,0.0,0.0,,0.0,1,0.28,0.32,SPY210401C00413000,413.0,normalDay
2021-03-16,6677.0,5896.0,0.0,100,395.91,337.0,0,0.0,0.0,,0.0,1,0.28,0.23,SPY210401C00413000,413.0,normalDay
2021-03-17,6677.0,6028.0,0.0,100,397.26,337.0,0,0.0,0.0,,0.0,1,0.28,0.26,SPY210401C00413000,413.0,normalDay
2021-03-18,6677.0,5466.0,0.0,100,391.48,337.0,0,0.0,0.0,,0.0,1,0.28,0.1,SPY210401C00413000,413.0,normalDay
2021-03-19,6677.0,5271.0,0.0,100,389.48,337.0,0,0.0,0.0,,0.0,1,0.28,0.05,SPY210401C00413000,413.0,normalDay
2021-03-22,6677.0,5584.0,0.0,100,392.59,337.0,0,0.0,0.0,,0.0,1,0.28,0.03,SPY210401C00413000,413.0,normalDay
2021-03-23,6677.0,5276.0,0.0,100,389.5,337.0,0,0.0,0.0,,0.0,1,0.28,0.02,SPY210401C00413000,413.0,normalDay
2021-03-24,6677.0,5079.0,0.0,100,387.52,337.0,0,0.0,0.0,,0.0,1,0.28,0.01,SPY210401C00413000,413.0,normalDay
2021-03-25,6677.0,5296.0,0.0,100,389.7,337.0,0,0.0,0.0,,0.0,1,0.28,0.02,SPY210401C00413000,413.0,normalDay
2021-03-26,6677.0,5924.0,0.0,100,395.98,337.0,0,0.0,0.0,,0.0,1,0.28,0.02,SPY210401C00413000,413.0,normalDay
2021-03-29,6677.0,5904.0,0.0,100,395.78,337.0,0,0.0,0.0,,0.0,1,0.28,0.02,SPY210401C00413000,413.0,normalDay
2021-03-30,6677.0,5800.0,0.0,100,394.73,337.0,0,0.0,0.0,,0.0,1,0.28,0.01,SPY210401C00413000,413.0,normalDay
2021-03-31,6677.0,5960.0,0.0,100,396.33,337.0,0,0.0,0.0,,0.0,1,0.28,0.01,SPY210401C00413000,413.0,normalDay
2021-04-01,6705.0,6361.0,28.0,100,400.61,337.0,0,0.0,0.0,,0.0,1,0.28,0.0,SPY210401C00413000,413.0,expirationDay
2021-04-05,6705.0,6933.0,0.0,100,406.36,337.0,0,0.0,0.0,,0.0,1,0.76,0.79,SPY210423C00419000,419.0,normalDay
2021-04-06,6705.0,6925.0,0.0,100,406.12,337.0,0,0.0,0.0,,0.0,1,0.76,0.63,SPY210423C00419000,419.0,normalDay
2021-04-07,6705.0,6980.0,0.0,100,406.59,337.0,0,0.0,0.0,,0.0,1,0.76,0.55,SPY210423C00419000,419.0,normalDay
2021-04-08,6705.0,7162.0,0.0,100,408.52,337.0,0,0.0,0.0,,0.0,1,0.76,0.66,SPY210423C00419000,419.0,normalDay
2021-04-09,6705.0,7434.0,0.0,100,411.49,337.0,0,0.0,0.0,,0.0,1,0.76,0.91,SPY210423C00419000,419.0,normalDay
2021-04-12,6705.0,7457.0,0.0,100,411.64,337.0,0,0.0,0.0,,0.0,1,0.76,0.83,SPY210423C00419000,419.0,normalDay
2021-04-13,6705.0,7571.0,0.0,100,412.86,337.0,0,0.0,0.0,,0.0,1,0.76,0.91,SPY210423C00419000,419.0,normalDay
2021-04-14,6705.0,7465.0,0.0,100,411.45,337.0,0,0.0,0.0,,0.0,1,0.76,0.56,SPY210423C00419000,419.0,normalDay
2021-04-15,6705.0,7822.0,0.0,100,415.87,337.0,0,0.0,0.0,,0.0,1,0.76,1.41,SPY210423C00419000,419.0,normalDay
2021-04-16,6705.0,7958.0,0.0,100,417.26,337.0,0,0.0,0.0,,0.0,1,0.76,1.44,SPY210423C00419000,419.0,normalDay
2021-04-19,6705.0,7826.0,0.0,100,415.21,337.0,0,0.0,0.0,,0.0,1,0.76,0.71,SPY210423C00419000,419.0,normalDay
2021-04-20,6705.0,7576.0,0.0,100,412.17,337.0,0,0.0,0.0,,0.0,1,0.76,0.17,SPY210423C00419000,419.0,normalDay
2021-04-21,6705.0,7949.0,0.0,100,416.07,337.0,0,0.0,0.0,,0.0,1,0.76,0.34,SPY210423C00419000,419.0,normalDay
2021-04-22,6705.0,7599.0,0.0,100,412.27,337.0,0,0.0,0.0,,0.0,1,0.76,0.04,SPY210423C00419000,419.0,normalDay
2021-04-23,6781.0,7974.0,76.0,100,416.74,337.0,0,0.0,0.0,,0.0,1,0.76,0.0,SPY210423C00419000,419.0,expirationDay
2021-04-26,6781.0,8058.0,0.0,100,417.61,337.0,0,0.0,0.0,,0.0,1,0.02,0.05,SPY210514C00444000,444.0,normalDay
2021-04-27,6781.0,8050.0,0.0,100,417.52,337.0,0,0.0,0.0,,0.0,1,0.02,0.04,SPY210514C00444000,444.0,normalDay
2021-04-28,6781.0,8040.0,0.0,100,417.4,337.0,0,0.0,0.0,,0.0,1,0.02,0.02,SPY210514C00444000,444.0,normalDay
2021-04-29,6781.0,8304.0,0.0,100,420.06,337.0,0,0.0,0.0,,0.0,1,0.02,0.04,SPY210514C00444000,444.0,normalDay
2021-04-30,6781.0,8030.0,0.0,100,417.3,337.0,0,0.0,0.0,,0.0,1,0.02,0.02,SPY210514C00444000,444.0,normalDay
2021-05-03,6781.0,8121.0,0.0,100,418.2,337.0,0,0.0,0.0,,0.0,1,0.02,0.01,SPY210514C00444000,444.0,normalDay
2021-05-04,6781.0,7863.0,0.0,100,415.62,337.0,0,0.0,0.0,,0.0,1,0.02,0.01,SPY210514C00444000,444.0,normalDay
2021-05-05,6781.0,7876.0,0.0,100,415.75,337.0,0,0.0,0.0,,0.0,1,0.02,0.01,SPY210514C00444000,444.0,normalDay
2021-05-06,6781.0,8208.0,0.0,100,419.07,337.0,0,0.0,0.0,,0.0,1,0.02,0.01,SPY210514C00444000,444.0,normalDay
2021-05-07,6781.0,8513.0,0.0,100,422.12,337.0,0,0.0,0.0,,0.0,1,0.02,0.01,SPY210514C00444000,444.0,normalDay
2021-05-10,6781.0,8095.0,0.0,100,417.94,337.0,0,0.0,0.0,,0.0,1,0.02,0.01,SPY210514C00444000,444.0,normalDay
2021-05-11,6781.0,7722.0,0.0,100,414.21,337.0,0,0.0,0.0,,0.0,1,0.02,0.01,SPY210514C00444000,444.0,normalDay
2021-05-12,6781.0,6842.0,0.0,100,405.41,337.0,0,0.0,0.0,,0.0,1,0.02,0.01,SPY210514C00444000,444.0,normalDay
2021-05-13,6781.0,7329.0,0.0,100,410.28,337.0,0,0.0,0.0,,0.0,1,0.02,0.01,SPY210514C00444000,444.0,normalDay
2021-05-14,6783.0,7958.0,2.0,100,416.58,337.0,0,0.0,0.0,,0.0,1,0.02,0.0,SPY210514C00444000,444.0,expirationDay
2021-05-17,6783.0,7849.0,0.0,100,415.52,337.0,0,0.0,0.0,,0.0,1,0.14,0.17,SPY210604C00434000,434.0,normalDay
2021-05-18,6783.0,7499.0,0.0,100,411.94,337.0,0,0.0,0.0,,0.0,1,0.14,0.09,SPY210604C00434000,434.0,normalDay
2021-05-19,6783.0,7393.0,0.0,100,410.86,337.0,0,0.0,0.0,,0.0,1,0.14,0.07,SPY210604C00434000,434.0,normalDay
2021-05-20,6783.0,7831.0,0.0,100,415.28,337.0,0,0.0,0.0,,0.0,1,0.14,0.11,SPY210604C00434000,434.0,normalDay
2021-05-21,6783.0,7803.0,0.0,100,414.94,337.0,0,0.0,0.0,,0.0,1,0.14,0.05,SPY210604C00434000,434.0,normalDay
2021-05-24,6783.0,8224.0,0.0,100,419.17,337.0,0,0.0,0.0,,0.0,1,0.14,0.07,SPY210604C00434000,434.0,normalDay
2021-05-25,6783.0,8133.0,0.0,100,418.24,337.0,0,0.0,0.0,,0.0,1,0.14,0.05,SPY210604C00434000,434.0,normalDay
2021-05-26,6783.0,8218.0,0.0,100,419.07,337.0,0,0.0,0.0,,0.0,1,0.14,0.03,SPY210604C00434000,434.0,normalDay
2021-05-27,6783.0,8240.0,0.0,100,419.29,337.0,0,0.0,0.0,,0.0,1,0.14,0.03,SPY210604C00434000,434.0,normalDay
2021-05-28,6783.0,8315.0,0.0,100,420.04,337.0,0,0.0,0.0,,0.0,1,0.14,0.03,SPY210604C00434000,434.0,normalDay
2021-06-01,6783.0,8279.0,0.0,100,419.67,337.0,0,0.0,0.0,,0.0,1,0.14,0.02,SPY210604C00434000,434.0,normalDay
2021-06-02,6783.0,8346.0,0.0,100,420.33,337.0,0,0.0,0.0,,0.0,1,0.14,0.01,SPY210604C00434000,434.0,normalDay
2021-06-03,6783.0,8190.0,0.0,100,418.77,337.0,0,0.0,0.0,,0.0,1,0.14,0.01,SPY210604C00434000,434.0,normalDay
2021-06-04,6797.0,8560.0,14.0,100,422.6,337.0,0,0.0,0.0,,0.0,1,0.14,0.0,SPY210604C00434000,434.0,expirationDay
2021-06-07,6797.0,8516.0,0.0,100,422.19,337.0,0,0.0,0.0,,0.0,1,0.12,0.15,SPY210625C00437500,437.5,normalDay
2021-06-08,6797.0,8523.0,0.0,100,422.28,337.0,0,0.0,0.0,,0.0,1,0.12,0.17,SPY210625C00437500,437.5,normalDay
2021-06-09,6797.0,8459.0,0.0,100,421.65,337.0,0,0.0,0.0,,0.0,1,0.12,0.18,SPY210625C00437500,437.5,normalDay
2021-06-10,6797.0,8658.0,0.0,100,423.61,337.0,0,0.0,0.0,,0.0,1,0.12,0.15,SPY210625C00437500,437.5,normalDay
2021-06-11,6797.0,8732.0,0.0,100,424.31,337.0,0,0.0,0.0,,0.0,1,0.12,0.11,SPY210625C00437500,437.5,normalDay
2021-06-14,6797.0,8827.0,0.0,100,425.26,337.0,0,0.0,0.0,,0.0,1,0.12,0.11,SPY210625C00437500,437.5,normalDay
2021-06-15,6797.0,8752.0,0.0,100,424.48,337.0,0,0.0,0.0,,0.0,1,0.12,0.08,SPY210625C00437500,437.5,normalDay
2021-06-16,6797.0,8519.0,0.0,100,422.11,337.0,0,0.0,0.0,,0.0,1,0.12,0.04,SPY210625C00437500,437.5,normalDay
2021-06-17,6797.0,8506.0,0.0,100,421.97,337.0,0,0.0,0.0,,0.0,1,0.12,0.03,SPY210625C00437500,437.5,normalDay
2021-06-18,6797.0,7802.0,0.0,100,414.92,337.0,0,0.0,0.0,,0.0,1,0.12,0.02,SPY210625C00437500,437.5,normalDay
2021-06-21,6797.0,8397.0,0.0,100,420.86,337.0,0,0.0,0.0,,0.0,1,0.12,0.01,SPY210625C00437500,437.5,normalDay
2021-06-22,6797.0,8621.0,0.0,100,423.11,337.0,0,0.0,0.0,,0.0,1,0.12,0.02,SPY210625C00437500,437.5,normalDay
2021-06-23,6797.0,8571.0,0.0,100,422.6,337.0,0,0.0,0.0,,0.0,1,0.12,0.01,SPY210625C00437500,437.5,normalDay
2021-06-24,6797.0,8821.0,0.0,100,425.1,337.0,0,0.0,0.0,,0.0,1,0.12,0.01,SPY210625C00437500,437.5,normalDay
2021-06-25,6809.0,8961.0,12.0,100,426.61,337.0,0,0.0,0.0,,0.0,1,0.12,0.0,SPY210625C00437500,437.5,expirationDay
2021-06-28,6809.0,9044.0,0.0,100,427.47,337.0,0,0.0,0.0,,0.0,1,0.53,0.56,SPY210716C00436000,436.0,normalDay
2021-06-29,6809.0,9063.0,0.0,100,427.7,337.0,0,0.0,0.0,,0.0,1,0.53,0.6,SPY210716C00436000,436.0,normalDay
2021-06-30,6809.0,9099.0,0.0,100,428.06,337.0,0,0.0,0.0,,0.0,1,0.53,0.6,SPY210716C00436000,436.0,normalDay
2021-07-01,6809.0,9303.0,0.0,100,430.43,337.0,0,0.0,0.0,,0.0,1,0.53,0.93,SPY210716C00436000,436.0,normalDay
2021-07-02,6809.0,9543.0,0.0,100,433.72,337.0,0,0.0,0.0,,0.0,1,0.53,1.82,SPY210716C00436000,436.0,normalDay
2021-07-06,6809.0,9511.0,0.0,100,432.93,337.0,0,0.0,0.0,,0.0,1,0.53,1.35,SPY210716C00436000,436.0,normalDay
2021-07-07,6809.0,9612.0,0.0,100,434.46,337.0,0,0.0,0.0,,0.0,1,0.53,1.87,SPY210716C00436000,436.0,normalDay
2021-07-08,6809.0,9344.0,0.0,100,430.92,337.0,0,0.0,0.0,,0.0,1,0.53,1.01,SPY210716C00436000,436.0,normalDay
2021-07-09,6809.0,9692.0,0.0,100,435.52,337.0,0,0.0,0.0,,0.0,1,0.53,2.13,SPY210716C00436000,436.0,normalDay
2021-07-12,6809.0,9790.0,0.0,100,437.08,337.0,0,0.0,0.0,,0.0,1,0.53,2.71,SPY210716C00436000,436.0,normalDay
2021-07-13,6809.0,9740.0,0.0,100,435.59,337.0,0,0.0,0.0,,0.0,1,0.53,1.72,SPY210716C00436000,436.0,normalDay
2021-07-14,6809.0,9811.0,0.0,100,436.24,337.0,0,0.0,0.0,,0.0,1,0.53,1.66,SPY210716C00436000,436.0,normalDay
2021-07-15,6809.0,9782.0,0.0,100,434.75,337.0,0,0.0,0.0,,0.0,1,0.53,0.46,SPY210716C00436000,436.0,normalDay
2021-07-16,6862.0,9434.0,53.0,100,431.34,337.0,0,0.0,0.0,,0.0,1,0.53,0.0,SPY210716C00436000,436.0,expirationDay
2021-07-19,6862.0,8797.0,0.0,100,424.97,337.0,0,0.0,0.0,,0.0,0,0.0,0.0,,0.0,bidTooLow
2021-07-20,6862.0,9403.0,0.0,100,431.06,337.0,0,0.0,0.0,,0.0,1,0.05,0.08,SPY210806C00452000,452.0,normalDay
2021-07-21,6862.0,9749.0,0.0,100,434.55,337.0,0,0.0,0.0,,0.0,1,0.05,0.11,SPY210806C00452000,452.0,normalDay
2021-07-22,6862.0,9841.0,0.0,100,435.46,337.0,0,0.0,0.0,,0.0,1,0.05,0.1,SPY210806C00452000,452.0,normalDay
2021-07-23,6862.0,10278.0,0.0,100,439.94,337.0,0,0.0,0.0,,0.0,1,0.05,0.21,SPY210806C00452000,452.0,normalDay
2021-07-26,6862.0,10388.0,0.0,100,441.02,337.0,0,0.0,0.0,,0.0,1,0.05,0.19,SPY210806C00452000,452.0,normalDay
2021-07-27,6862.0,10194.0,0.0,100,439.01,337.0,0,0.0,0.0,,0.0,1,0.05,0.12,SPY210806C00452000,452.0,normalDay
2021-07-28,6862.0,10181.0,0.0,100,438.83,337.0,0,0.0,0.0,,0.0,1,0.05,0.07,SPY210806C00452000,452.0,normalDay
2021-07-29,6862.0,10364.0,0.0,100,440.65,337.0,0,0.0,0.0,,0.0,1,0.05,0.06,SPY210806C00452000,452.0,normalDay
2021-07-30,6862.0,10153.0,0.0,100,438.51,337.0,0,0.0,0.0,,0.0,1,0.05,0.03,SPY210806C00452000,452.0,normalDay
2021-08-02,6862.0,10062.0,0.0,100,437.59,337.0,0,0.0,0.0,,0.0,1,0.05,0.02,SPY210806C00452000,452.0,normalDay
2021-08-03,6862.0,10418.0,0.0,100,441.15,337.0,0,0.0,0.0,,0.0,1,0.05,0.02,SPY210806C00452000,452.0,normalDay
2021-08-04,6862.0,10202.0,0.0,100,438.98,337.0,0,0.0,0.0,,0.0,1,0.05,0.01,SPY210806C00452000,452.0,normalDay
2021-08-05,6862.0,10480.0,0.0,100,441.76,337.0,0,0.0,0.0,,0.0,1,0.05,0.01,SPY210806C00452000,452.0,normalDay
2021-08-06,6867.0,10549.0,5.0,100,442.49,337.0,0,0.0,0.0,,0.0,1,0.05,0.0,SPY210806C00452000,452.0,expirationDay
2021-08-09,6867.0,10510.0,0.0,100,442.13,337.0,0,0.0,0.0,,0.0,1,0.11,0.14,SPY210827C00459000,459.0,normalDay
2021-08-10,6867.0,10567.0,0.0,100,442.68,337.0,0,0.0,0.0,,0.0,1,0.11,0.12,SPY210827C00459000,459.0,normalDay
2021-08-11,6867.0,10677.0,0.0,100,443.78,337.0,0,0.0,0.0,,0.0,1,0.11,0.12,SPY210827C00459000,459.0,normalDay
2021-08-12,6867.0,10811.0,0.0,100,445.11,337.0,0,0.0,0.0,,0.0,1,0.11,0.11,SPY210827C00459000,459.0,normalDay
2021-08-13,6867.0,10893.0,0.0,100,445.92,337.0,0,0.0,0.0,,0.0,1,0.11,0.1,SPY210827C00459000,459.0,normalDay
2021-08-16,6867.0,10998.0,0.0,100,446.97,337.0,0,0.0,0.0,,0.0,1,0.11,0.1,SPY210827C00459000,459.0,normalDay
2021-08-17,6867.0,10709.0,0.0,100,444.04,337.0,0,0.0,0.0,,0.0,1,0.11,0.06,SPY210827C00459000,459.0,normalDay
2021-08-18,6867.0,10224.0,0.0,100,439.18,337.0,0,0.0,0.0,,0.0,1,0.11,0.05,SPY210827C00459000,459.0,normalDay
2021-08-19,6867.0,10294.0,0.0,100,439.86,337.0,0,0.0,0.0,,0.0,1,0.11,0.03,SPY210827C00459000,459.0,normalDay
2021-08-20,6867.0,10645.0,0.0,100,443.36,337.0,0,0.0,0.0,,0.0,1,0.11,0.02,SPY210827C00459000,459.0,normalDay
2021-08-23,6867.0,11034.0,0.0,100,447.26,337.0,0,0.0,0.0,,0.0,1,0.11,0.03,SPY210827C00459000,459.0,normalDay
2021-08-24,6867.0,11106.0,0.0,100,447.97,337.0,0,0.0,0.0,,0.0,1,0.11,0.02,SPY210827C00459000,459.0,normalDay
2021-08-25,6867.0,11201.0,0.0,100,448.91,337.0,0,0.0,0.0,,0.0,1,0.11,0.01,SPY210827C00459000,459.0,normalDay
2021-08-26,6867.0,10936.0,0.0,100,446.26,337.0,0,0.0,0.0,,0.0,1,0.11,0.01,SPY210827C00459000,459.0,normalDay
2021-08-27,6878.0,11325.0,11.0,100,450.25,337.0,0,0.0,0.0,,0.0,1,0.11,0.0,SPY210827C00459000,459.0,expirationDay
2021-08-30,6878.0,11520.0,0.0,100,452.23,337.0,0,0.0,0.0,,0.0,1,0.4,0.43,SPY210917C00462000,462.0,normalDay
2021-08-31,6878.0,11459.0,0.0,100,451.56,337.0,0,0.0,0.0,,0.0,1,0.4,0.37,SPY210917C00462000,462.0,normalDay
2021-09-01,6878.0,11488.0,0.0,100,451.8,337.0,0,0.0,0.0,,0.0,1,0.4,0.32,SPY210917C00462000,462.0,normalDay
2021-09-02,6878.0,11610.0,0.0,100,453.19,337.0,0,0.0,0.0,,0.0,1,0.4,0.49,SPY210917C00462000,462.0,normalDay
2021-09-03,6878.0,11619.0,0.0,100,453.08,337.0,0,0.0,0.0,,0.0,1,0.4,0.29,SPY210917C00462000,462.0,normalDay
2021-09-07,6878.0,11470.0,0.0,100,451.46,337.0,0,0.0,0.0,,0.0,1,0.4,0.16,SPY210917C00462000,462.0,normalDay
2021-09-08,6878.0,11421.0,0.0,100,450.91,337.0,0,0.0,0.0,,0.0,1,0.4,0.1,SPY210917C00462000,462.0,normalDay
2021-09-09,6878.0,11232.0,0.0,100,448.98,337.0,0,0.0,0.0,,0.0,1,0.4,0.06,SPY210917C00462000,462.0,normalDay
2021-09-10,6878.0,10880.0,0.0,100,445.44,337.0,0,0.0,0.0,,0.0,1,0.4,0.04,SPY210917C00462000,462.0,normalDay
2021-09-13,6878.0,10996.0,0.0,100,446.58,337.0,0,0.0,0.0,,0.0,1,0.4,0.02,SPY210917C00462000,462.0,normalDay
2021-09-14,6878.0,10755.0,0.0,100,444.17,337.0,0,0.0,0.0,,0.0,1,0.4,0.02,SPY210917C00462000,462.0,normalDay
2021-09-15,6878.0,11127.0,0.0,100,447.88,337.0,0,0.0,0.0,,0.0,1,0.4,0.01,SPY210917C00462000,462.0,normalDay
2021-09-16,6878.0,11056.0,0.0,100,447.17,337.0,0,0.0,0.0,,0.0,1,0.4,0.01,SPY210917C00462000,462.0,normalDay
2021-09-17,6918.0,10440.0,40.0,100,441.4,337.0,0,0.0,0.0,,0.0,1,0.4,0.0,SPY210917C00462000,462.0,expirationDay
2021-09-20,6918.0,9701.0,0.0,100,434.04,337.0,0,0.0,0.0,,0.0,1,0.01,0.04,SPY211008C00470000,470.0,normalDay
2021-09-21,6918.0,9661.0,0.0,100,433.63,337.0,0,0.0,0.0,,0.0,1,0.01,0.03,SPY211008C00470000,470.0,normalDay
2021-09-22,6918.0,10083.0,0.0,100,437.86,337.0,0,0.0,0.0,,0.0,1,0.01,0.04,SPY211008C00470000,470.0,normalDay
2021-09-23,6918.0,10613.0,0.0,100,443.18,337.0,0,0.0,0.0,,0.0,1,0.01,0.06,SPY211008C00470000,470.0,normalDay
2021-09-24,6918.0,10688.0,0.0,100,443.91,337.0,0,0.0,0.0,,0.0,1,0.01,0.04,SPY211008C00470000,470.0,normalDay
2021-09-27,6918.0,10562.0,0.0,100,442.64,337.0,0,0.0,0.0,,0.0,1,0.01,0.03,SPY211008C00470000,470.0,normalDay
2021-09-28,6918.0,9671.0,0.0,100,433.72,337.0,0,0.0,0.0,,0.0,1,0.01,0.02,SPY211008C00470000,470.0,normalDay
2021-09-29,6918.0,9744.0,0.0,100,434.45,337.0,0,0.0,0.0,,0.0,1,0.01,0.02,SPY211008C00470000,470.0,normalDay
2021-09-30,6918.0,9213.0,0.0,100,429.14,337.0,0,0.0,0.0,,0.0,1,0.01,0.02,SPY211008C00470000,470.0,normalDay
2021-10-01,6918.0,9723.0,0.0,100,434.24,337.0,0,0.0,0.0,,0.0,1,0.01,0.02,SPY211008C00470000,470.0,normalDay
2021-10-04,6918.0,9164.0,0.0,100,428.64,337.0,0,0.0,0.0,,0.0,1,0.01,0.01,SPY211008C00470000,470.0,normalDay
2021-10-05,6918.0,9610.0,0.0,100,433.1,337.0,0,0.0,0.0,,0.0,1,0.01,0.01,SPY211008C00470000,470.0,normalDay
2021-10-06,6918.0,9790.0,0.0,100,434.9,337.0,0,0.0,0.0,,0.0,1,0.01,0.01,SPY211008C00470000,470.0,normalDay
2021-10-07,6918.0,10166.0,0.0,100,438.66,337.0,0,0.0,0.0,,0.0,1,0.01,0.01,SPY211008C00470000,470.0,normalDay
2021-10-08,6919.0,10086.0,1.0,100,437.86,337.0,0,0.0,0.0,,0.0,1,0.01,0.0,SPY211008C00470000,470.0,expirationDay
2021-10-11,6919.0,9769.0,0.0,100,434.69,337.0,0,0.0,0.0,,0.0,0,0.0,0.0,,0.0,bidTooLow
2021-10-12,6919.0,9659.0,0.0,100,433.62,337.0,0,0.0,0.0,,0.0,1,0.01,0.04,SPY211029C00464000,464.0,normalDay
2021-10-13,6919.0,9815.0,0.0,100,435.18,337.0,0,0.0,0.0,,0.0,1,0.01,0.04,SPY211029C00464000,464.0,normalDay
2021-10-14,6919.0,10543.0,0.0,100,442.5,337.0,0,0.0,0.0,,0.0,1,0.01,0.08,SPY211029C00464000,464.0,normalDay
2021-10-15,6919.0,10879.0,0.0,100,445.87,337.0,0,0.0,0.0,,0.0,1,0.01,0.09,SPY211029C00464000,464.0,normalDay
2021-10-18,6919.0,11012.0,0.0,100,447.19,337.0,0,0.0,0.0,,0.0,1,0.01,0.08,SPY211029C00464000,464.0,normalDay
2021-10-19,6919.0,11352.0,0.0,100,450.64,337.0,0,0.0,0.0,,0.0,1,0.01,0.13,SPY211029C00464000,464.0,normalDay
2021-10-20,6919.0,11529.0,0.0,100,452.41,337.0,0,0.0,0.0,,0.0,1,0.01,0.13,SPY211029C00464000,464.0,normalDay
2021-10-21,6919.0,11651.0,0.0,100,453.59,337.0,0,0.0,0.0,,0.0,1,0.01,0.09,SPY211029C00464000,464.0,normalDay
2021-10-22,6919.0,11609.0,0.0,100,453.12,337.0,0,0.0,0.0,,0.0,1,0.01,0.04,SPY211029C00464000,464.0,normalDay
2021-10-25,6919.0,11850.0,0.0,100,455.55,337.0,0,0.0,0.0,,0.0,1,0.01,0.06,SPY211029C00464000,464.0,normalDay
2021-10-26,6919.0,11890.0,0.0,100,455.96,337.0,0,0.0,0.0,,0.0,1,0.01,0.07,SPY211029C00464000,464.0,normalDay
2021-10-27,6919.0,11693.0,0.0,100,453.94,337.0,0,0.0,0.0,,0.0,1,0.01,0.02,SPY211029C00464000,464.0,normalDay
2021-10-28,6919.0,12130.0,0.0,100,458.32,337.0,0,0.0,0.0,,0.0,1,0.01,0.03,SPY211029C00464000,464.0,normalDay
2021-10-29,6920.0,12225.0,1.0,100,459.25,337.0,0,0.0,0.0,,0.0,1,0.01,0.0,SPY211029C00464000,464.0,expirationDay
2021-11-01,6920.0,12304.0,0.0,100,460.04,337.0,0,0.0,0.0,,0.0,0,0.0,0.0,,0.0,bidTooLow
2021-11-02,6920.0,12490.0,0.0,100,461.9,337.0,0,0.0,0.0,,0.0,0,0.0,0.0,,0.0,bidTooLow
2021-11-03,6920.0,12772.0,0.0,100,464.72,337.0,0,0.0,0.0,,0.0,0,0.0,0.0,,0.0,bidTooLow
2021-11-04,6920.0,12991.0,0.0,100,466.91,337.0,0,0.0,0.0,,0.0,0,0.0,0.0,,0.0,bidTooLow
2021-11-05,6920.0,13150.0,0.0,100,468.53,337.0,0,0.0,0.0,,0.0,1,0.01,0.04,SPY211124C00502000,502.0,normalDay
2021-11-08,6920.0,13191.0,0.0,100,468.93,337.0,0,0.0,0.0,,0.0,1,0.01,0.03,SPY211124C00502000,502.0,normalDay
2021-11-09,6920.0,13037.0,0.0,100,467.38,337.0,0,0.0,0.0,,0.0,1,0.01,0.02,SPY211124C00502000,502.0,normalDay
2021-11-10,6920.0,12662.0,0.0,100,463.62,337.0,0,0.0,0.0,,0.0,1,0.01,0.01,SPY211124C00502000,502.0,normalDay
2021-11-11,6920.0,12677.0,0.0,100,463.77,337.0,0,0.0,0.0,,0.0,1,0.01,0.01,SPY211124C00502000,502.0,normalDay
2021-11-12,6920.0,13026.0,0.0,100,467.27,337.0,0,0.0,0.0,,0.0,1,0.01,0.02,SPY211124C00502000,502.0,normalDay
2021-11-15,6920.0,13043.0,0.0,100,467.43,337.0,0,0.0,0.0,,0.0,1,0.01,0.01,SPY211124C00502000,502.0,normalDay
2021-11-16,6920.0,13228.0,0.0,100,469.28,337.0,0,0.0,0.0,,0.0,1,0.01,0.01,SPY211124C00502000,502.0,normalDay
2021-11-17,6920.0,13114.0,0.0,100,468.14,337.0,0,0.0,0.0,,0.0,1,0.01,0.01,SPY211124C00502000,502.0,normalDay
2021-11-18,6920.0,13273.0,0.0,100,469.73,337.0,0,0.0,0.0,,0.0,1,0.01,0.01,SPY211124C00502000,502.0,normalDay
2021-11-19,6920.0,13189.0,0.0,100,468.89,337.0,0,0.0,0.0,,0.0,1,0.01,0.01,SPY211124C00502000,502.0,normalDay
2021-11-22,6920.0,13057.0,0.0,100,467.57,337.0,0,0.0,0.0,,0.0,1,0.01,0.01,SPY211124C00502000,502.0,normalDay
2021-11-23,6920.0,13119.0,0.0,100,468.19,337.0,0,0.0,0.0,,0.0,1,0.01,0.01,SPY211124C00502000,502.0,normalDay
2021-11-24,6921.0,13244.0,1.0,100,469.44,337.0,0,0.0,0.0,,0.0,1,0.01,0.0,SPY211124C00502000,502.0,expirationDay
2021-11-26,6921.0,12183.0,0.0,100,458.97,337.0,0,0.0,0.0,,0.0,1,0.29,0.43,SPY211215C00482000,482.0,normalDay
2021-11-29,6921.0,12750.0,0.0,100,464.6,337.0,0,0.0,0.0,,0.0,1,0.29,0.39,SPY211215C00482000,482.0,normalDay
2021-11-30,6921.0,11864.0,0.0,100,455.56,337.0,0,0.0,0.0,,0.0,1,0.29,0.21,SPY211215C00482000,482.0,normalDay
2021-12-01,6921.0,11366.0,0.0,100,450.5,337.0,0,0.0,0.0,,0.0,1,0.29,0.13,SPY211215C00482000,482.0,normalDay
2021-12-02,6921.0,12051.0,0.0,100,457.4,337.0,0,0.0,0.0,,0.0,1,0.29,0.18,SPY211215C00482000,482.0,normalDay
2021-12-03,6921.0,11662.0,0.0,100,453.42,337.0,0,0.0,0.0,,0.0,1,0.29,0.09,SPY211215C00482000,482.0,normalDay
2021-12-06,6921.0,12200.0,0.0,100,458.79,337.0,0,0.0,0.0,,0.0,1,0.29,0.08,SPY211215C00482000,482.0,normalDay
2021-12-07,6921.0,13134.0,0.0,100,468.28,337.0,0,0.0,0.0,,0.0,1,0.29,0.23,SPY211215C00482000,482.0,normalDay
2021-12-08,6921.0,13265.0,0.0,100,469.52,337.0,0,0.0,0.0,,0.0,1,0.29,0.16,SPY211215C00482000,482.0,normalDay
2021-12-09,6921.0,12956.0,0.0,100,466.35,337.0,0,0.0,0.0,,0.0,1,0.29,0.08,SPY211215C00482000,482.0,normalDay
2021-12-10,6921.0,13396.0,0.0,100,470.74,337.0,0,0.0,0.0,,0.0,1,0.29,0.07,SPY211215C00482000,482.0,normalDay
2021-12-13,6921.0,12984.0,0.0,100,466.57,337.0,0,0.0,0.0,,0.0,1,0.29,0.02,SPY211215C00482000,482.0,normalDay
2021-12-14,6921.0,12664.0,0.0,100,463.36,337.0,0,0.0,0.0,,0.0,1,0.29,0.01,SPY211215C00482000,482.0,normalDay
2021-12-15,6950.0,13360.0,29.0,100,470.6,337.0,0,0.0,0.0,,0.0,1,0.29,0.0,SPY211215C00482000,482.0,expirationDay
2021-12-16,6950.0,12941.0,0.0,100,466.45,337.0,0,0.0,0.0,,0.0,1,0.04,0.08,SPY220103C00494000,494.0,normalDay
2021-12-17,6950.0,12287.0,0.0,100,459.87,337.0,0,0.0,0.0,,0.0,1,0.04,0.04,SPY220103C00494000,494.0,normalDay
2021-12-20,6950.0,11800.0,0.0,100,454.98,337.0,0,0.0,0.0,,0.0,1,0.04,0.02,SPY220103C00494000,494.0,normalDay
2021-12-21,6950.0,12607.0,0.0,100,463.06,337.0,0,0.0,0.0,,0.0,1,0.04,0.03,SPY220103C00494000,494.0,normalDay
2021-12-22,6950.0,13070.0,0.0,100,467.69,337.0,0,0.0,0.0,,0.0,1,0.04,0.03,SPY220103C00494000,494.0,normalDay
2021-12-23,6950.0,13360.0,0.0,100,470.6,337.0,0,0.0,0.0,,0.0,1,0.04,0.04,SPY220103C00494000,494.0,normalDay
2021-12-27,6950.0,14027.0,0.0,100,477.26,337.0,0,0.0,0.0,,0.0,1,0.04,0.03,SPY220103C00494000,494.0,normalDay
2021-12-28,6950.0,13987.0,0.0,100,476.87,337.0,0,0.0,0.0,,0.0,1,0.04,0.04,SPY220103C00494000,494.0,normalDay
2021-12-29,6950.0,14050.0,0.0,100,477.48,337.0,0,0.0,0.0,,0.0,1,0.04,0.02,SPY220103C00494000,494.0,normalDay
2021-12-30,6950.0,13918.0,0.0,100,476.16,337.0,0,0.0,0.0,,0.0,1,0.04,0.02,SPY220103C00494000,494.0,normalDay
2021-12-31,6950.0,13799.0,0.0,100,474.96,337.0,0,0.0,0.0,,0.0,1,0.04,0.01,SPY220103C00494000,494.0,normalDay
2022-01-03,6954.0,14071.0,4.0,100,477.71,337.0,0,0.0,0.0,,0.0,1,0.04,0.0,SPY220103C00494000,494.0,expirationDay
2022-01-04,6954.0,14052.0,0.0,100,477.55,337.0,0,0.0,0.0,,0.0,1,0.04,0.07,SPY220121C00501000,501.0,normalDay
2022-01-05,6954.0,13139.0,0.0,100,468.38,337.0,0,0.0,0.0,,0.0,1,0.04,0.03,SPY220121C00501000,501.0,normalDay
2022-01-06,6954.0,13095.0,0.0,100,467.94,337.0,0,0.0,0.0,,0.0,1,0.04,0.03,SPY220121C00501000,501.0,normalDay
2022-01-07,6954.0,12910.0,0.0,100,466.09,337.0,0,0.0,0.0,,0.0,1,0.04,0.03,SPY220121C00501000,501.0,normalDay
2022-01-10,6954.0,12853.0,0.0,100,465.51,337.0,0,0.0,0.0,,0.0,1,0.04,0.02,SPY220121C00501000,501.0,normalDay
2022-01-11,6954.0,13277.0,0.0,100,469.75,337.0,0,0.0,0.0,,0.0,1,0.04,0.02,SPY220121C00501000,501.0,normalDay
2022-01-12,6954.0,13403.0,0.0,100,471.02,337.0,0,0.0,0.0,,0.0,1,0.04,0.03,SPY220121C00501000,501.0,normalDay
2022-01-13,6954.0,12755.0,0.0,100,464.53,337.0,0,0.0,0.0,,0.0,1,0.04,0.02,SPY220121C00501000,501.0,normalDay
2022-01-14,6954.0,12775.0,0.0,100,464.72,337.0,0,0.0,0.0,,0.0,1,0.04,0.01,SPY220121C00501000,501.0,normalDay
2022-01-18,6954.0,11952.0,0.0,100,456.49,337.0,0,0.0,0.0,,0.0,1,0.04,0.01,SPY220121C00501000,501.0,normalDay
2022-01-19,6954.0,11478.0,0.0,100,451.75,337.0,0,0.0,0.0,,0.0,1,0.04,0.01,SPY220121C00501000,501.0,normalDay
2022-01-20,6954.0,10978.0,0.0,100,446.75,337.0,0,0.0,0.0,,0.0,1,0.04,0.01,SPY220121C00501000,501.0,normalDay
2022-01-21,6958.0,10098.0,4.0,100,437.98,337.0,0,0.0,0.0,,0.0,1,0.04,0.0,SPY220121C00501000,501.0,expirationDay
2022-01-24,6958.0,10284.0,0.0,100,439.84,337.0,0,0.0,0.0,,0.0,0,0.0,0.0,,0.0,bidTooLow
2022-01-25,6958.0,9747.0,0.0,100,434.47,337.0,0,0.0,0.0,,0.0,0,0.0,0.0,,0.0,bidTooLow
2022-01-26,6958.0,9638.0,0.0,100,433.38,337.0,0,0.0,0.0,,0.0,0,0.0,0.0,,0.0,bidTooLow
2022-01-27,6958.0,9424.0,0.0,100,431.24,337.0,0,0.0,0.0,,0.0,0,0.0,0.0,,0.0,bidTooLow
2022-01-28,6958.0,10495.0,0.0,100,441.95,337.0,0,0.0,0.0,,0.0,0,0.0,0.0,,0.0,bidTooLow
2022-01-31,6958.0,11291.0,0.0,100,449.91,337.0,0,0.0,0.0,,0.0,0,0.0,0.0,,0.0,bidTooLow
2022-02-01,6958.0,11595.0,0.0,100,452.95,337.0,0,0.0,0.0,,0.0,0,0.0,0.0,,0.0,bidTooLow
2022-02-02,6958.0,12035.0,0.0,100,457.35,337.0,0,0.0,0.0,,0.0,0,0.0,0.0,,0.0,bidTooLow
2022-02-03,6958.0,10960.0,0.0,100,446.6,337.0,0,0.0,0.0,,0.0,0,0.0,0.0,,0.0,bidTooLow
2022-02-04,6958.0,11170.0,0.0,100,448.7,337.0,0,0.0,0.0,,0.0,0,0.0,0.0,,0.0,bidTooLow
2022-02-07,6958.0,11026.0,0.0,100,447.26,337.0,0,0.0,0.0,,0.0,0,0.0,0.0,,0.0,bidTooLow
2022-02-08,6958.0,11394.0,0.0,100,450.94,337.0,0,0.0,0.0,,0.0,0,0.0,0.0,,0.0,bidTooLow
2022-02-09,6958.0,12054.0,0.0,100,457.54,337.0,0,0.0,0.0,,0.0,0,0.0,0.0,,0.0,bidTooLow
2022-02-10,6958.0,11232.0,0.0,100,449.32,337.0,0,0.0,0.0,,0.0,0,0.0,0.0,,0.0,bidTooLow
2022-02-11,6958.0,10346.0,0.0,100,440.46,337.0,0,0.0,0.0,,0.0,0,0.0,0.0,,0.0,bidTooLow
2022-02-14,6958.0,10199.0,0.0,100,439.02,337.0,0,0.0,0.0,,0.0,1,0.04,0.07,SPY220304C00484000,484.0,normalDay
2022-02-15,6958.0,10908.0,0.0,100,446.1,337.0,0,0.0,0.0,,0.0,1,0.04,0.06,SPY220304C00484000,484.0,normalDay
2022-02-16,6958.0,10960.0,0.0,100,446.6,337.0,0,0.0,0.0,,0.0,1,0.04,0.04,SPY220304C00484000,484.0,normalDay
2022-02-17,6958.0,10008.0,0.0,100,437.06,337.0,0,0.0,0.0,,0.0,1,0.04,0.02,SPY220304C00484000,484.0,normalDay
2022-02-18,6958.0,9725.0,0.0,100,434.23,337.0,0,0.0,0.0,,0.0,1,0.04,0.02,SPY220304C00484000,484.0,normalDay
2022-02-22,6958.0,9259.0,0.0,100,429.57,337.0,0,0.0,0.0,,0.0,1,0.04,0.02,SPY220304C00484000,484.0,normalDay
2022-02-23,6958.0,8497.0,0.0,100,421.95,337.0,0,0.0,0.0,,0.0,1,0.04,0.02,SPY220304C00484000,484.0,normalDay
2022-02-24,6958.0,9132.0,0.0,100,428.3,337.0,0,0.0,0.0,,0.0,1,0.04,0.02,SPY220304C00484000,484.0,normalDay
2022-02-25,6958.0,10077.0,0.0,100,437.75,337.0,0,0.0,0.0,,0.0,1,0.04,0.02,SPY220304C00484000,484.0,normalDay
2022-02-28,6958.0,9966.0,0.0,100,436.63,337.0,0,0.0,0.0,,0.0,1,0.04,0.01,SPY220304C00484000,484.0,normalDay
2022-03-01,6958.0,9301.0,0.0,100,429.98,337.0,0,0.0,0.0,,0.0,1,0.04,0.01,SPY220304C00484000,484.0,normalDay
2022-03-02,6958.0,10092.0,0.0,100,437.89,337.0,0,0.0,0.0,,0.0,1,0.04,0.01,SPY220304C00484000,484.0,normalDay
2022-03-03,6958.0,9874.0,0.0,100,435.71,337.0,0,0.0,0.0,,0.0,1,0.04,0.01,SPY220304C00484000,484.0,normalDay
2022-03-04,6962.0,9517.0,4.0,100,432.17,337.0,0,0.0,0.0,,0.0,1,0.04,0.0,SPY220304C00484000,484.0,expirationDay
2022-03-07,6962.0,8243.0,0.0,100,419.43,337.0,0,0.0,0.0,,0.0,0,0.0,0.0,,0.0,bidTooLow
2022-03-08,6962.0,7925.0,0.0,100,416.25,337.0,0,0.0,0.0,,0.0,0,0.0,0.0,,0.0,bidTooLow
2022-03-09,6962.0,9041.0,0.0,100,427.41,337.0,0,0.0,0.0,,0.0,0,0.0,0.0,,0.0,bidTooLow
2022-03-10,6962.0,8848.0,0.0,100,425.48,337.0,0,0.0,0.0,,0.0,0,0.0,0.0,,0.0,bidTooLow
2022-03-11,6962.0,8304.0,0.0,100,420.07,337.0,0,0.0,0.0,,0.0,1,0.01,0.04,SPY220330C00475000,475.0,normalDay
2022-03-14,6962.0,7998.0,0.0,100,417.0,337.0,0,0.0,0.0,,0.0,1,0.01,0.03,SPY220330C00475000,475.0,normalDay
2022-03-15,6962.0,8915.0,0.0,100,426.17,337.0,0,0.0,0.0,,0.0,1,0.01,0.03,SPY220330C00475000,475.0,normalDay
2022-03-16,6962.0,9859.0,0.0,100,435.62,337.0,0,0.0,0.0,,0.0,1,0.01,0.04,SPY220330C00475000,475.0,normalDay
2022-03-17,6962.0,10402.0,0.0,100,441.07,337.0,0,0.0,0.0,,0.0,1,0.01,0.06,SPY220330C00475000,475.0,normalDay
2022-03-18,6962.0,10748.0,0.0,100,444.52,337.0,0,0.0,0.0,,0.0,1,0.01,0.05,SPY220330C00475000,475.0,normalDay
2022-03-21,6962.0,10737.0,0.0,100,444.39,337.0,0,0.0,0.0,,0.0,1,0.01,0.03,SPY220330C00475000,475.0,normalDay
2022-03-22,6962.0,11257.0,0.0,100,449.59,337.0,0,0.0,0.0,,0.0,1,0.01,0.03,SPY220330C00475000,475.0,normalDay
2022-03-23,6962.0,10680.0,0.0,100,443.8,337.0,0,0.0,0.0,,0.0,1,0.01,0.01,SPY220330C00475000,475.0,normalDay
2022-03-24,6962.0,11349.0,0.0,100,450.49,337.0,0,0.0,0.0,,0.0,1,0.01,0.01,SPY220330C00475000,475.0,normalDay
2022-03-25,6962.0,11569.0,0.0,100,452.69,337.0,0,0.0,0.0,,0.0,1,0.01,0.01,SPY220330C00475000,475.0,normalDay
2022-03-28,6962.0,11891.0,0.0,100,455.91,337.0,0,0.0,0.0,,0.0,1,0.01,0.01,SPY220330C00475000,475.0,normalDay
2022-03-29,6962.0,12455.0,0.0,100,461.55,337.0,0,0.0,0.0,,0.0,1,0.01,0.01,SPY220330C00475000,475.0,normalDay
2022-03-30,6963.0,12170.0,1.0,100,458.7,337.0,0,0.0,0.0,,0.0,1,0.01,0.0,SPY220330C00475000,475.0,expirationDay
2022-03-31,6963.0,11464.0,0.0,100,451.64,337.0,0,0.0,0.0,,0.0,0,0.0,0.0,,0.0,bidTooLow
2022-04-01,6963.0,11592.0,0.0,100,452.92,337.0,0,0.0,0.0,,0.0,0,0.0,0.0,,0.0,bidTooLow
2022-04-04,6963.0,11980.0,0.0,100,456.8,337.0,0,0.0,0.0,,0.0,0,0.0,0.0,,0.0,bidTooLow
2022-04-05,6963.0,11403.0,0.0,100,451.03,337.0,0,0.0,0.0,,0.0,0,0.0,0.0,,0.0,bidTooLow
2022-04-06,6963.0,10952.0,0.0,100,446.52,337.0,0,0.0,0.0,,0.0,0,0.0,0.0,,0.0,bidTooLow
2022-04-07,6963.0,11177.0,0.0,100,448.77,337.0,0,0.0,0.0,,0.0,0,0.0,0.0,,0.0,bidTooLow
2022-04-08,6963.0,11057.0,0.0,100,447.57,337.0,0,0.0,0.0,,0.0,0,0.0,0.0,,0.0,bidTooLow
2022-04-11,6963.0,10292.0,0.0,100,439.92,337.0,0,0.0,0.0,,0.0,0,0.0,0.0,,0.0,bidTooLow
2022-04-12,6963.0,10129.0,0.0,100,438.29,337.0,0,0.0,0.0,,0.0,0,0.0,0.0,,0.0,bidTooLow
2022-04-13,6963.0,10631.0,0.0,100,443.31,337.0,0,0.0,0.0,,0.0,0,0.0,0.0,,0.0,bidTooLow
2022-04-14,6963.0,10079.0,0.0,100,437.79,337.0,0,0.0,0.0,,0.0,0,0.0,0.0,,0.0,bidTooLow
2022-04-18,6963.0,10097.0,0.0,100,437.97,337.0,0,0.0,0.0,,0.0,0,0.0,0.0,,0.0,bidTooLow
2022-04-19,6963.0,10804.0,0.0,100,445.04,337.0,0,0.0,0.0,,0.0,0,0.0,0.0,,0.0,bidTooLow
2022-04-20,6963.0,10771.0,0.0,100,444.71,337.0,0,0.0,0.0,,0.0,0,0.0,0.0,,0.0,bidTooLow
2022-04-21,6963.0,10106.0,0.0,100,438.06,337.0,0,0.0,0.0,,0.0,0,0.0,0.0,,0.0,bidTooLow
2022-04-22,6963.0,8904.0,0.0,100,426.04,337.0,0,0.0,0.0,,0.0,0,0.0,0.0,,0.0,bidTooLow
2022-04-25,6963.0,9151.0,0.0,100,428.51,337.0,0,0.0,0.0,,0.0,0,0.0,0.0,,0.0,bidTooLow
2022-04-26,6963.0,7910.0,0.0,100,416.1,337.0,0,0.0,0.0,,0.0,0,0.0,0.0,,0.0,bidTooLow
2022-04-27,6963.0,8027.0,0.0,100,417.27,337.0,0,0.0,0.0,,0.0,0,0.0,0.0,,0.0,bidTooLow
2022-04-28,6963.0,9081.0,0.0,100,427.81,337.0,0,0.0,0.0,,0.0,0,0.0,0.0,,0.0,bidTooLow
2022-04-29,6963.0,7500.0,0.0,100,412.0,337.0,0,0.0,0.0,,0.0,0,0.0,0.0,,0.0,bidTooLow
2022-05-02,6963.0,7748.0,0.0,100,414.48,337.0,0,0.0,0.0,,0.0,0,0.0,0.0,,0.0,bidTooLow
2022-05-03,6963.0,7938.0,0.0,100,416.38,337.0,0,0.0,0.0,,0.0,0,0.0,0.0,,0.0,bidTooLow
2022-05-04,6963.0,9206.0,0.0,100,429.06,337.0,0,0.0,0.0,,0.0,0,0.0,0.0,,0.0,bidTooLow
2022-05-05,6963.0,7681.0,0.0,100,413.81,337.0,0,0.0,0.0,,0.0,0,0.0,0.0,,0.0,bidTooLow
2022-05-06,6963.0,7434.0,0.0,100,411.34,337.0,0,0.0,0.0,,0.0,0,0.0,0.0,,0.0,bidTooLow
2022-05-09,6963.0,6117.0,0.0,100,398.17,337.0,0,0.0,0.0,,0.0,0,0.0,0.0,,0.0,bidTooLow
2022-05-10,6963.0,6209.0,0.0,100,399.09,337.0,0,0.0,0.0,,0.0,0,0.0,0.0,,0.0,bidTooLow
2022-05-11,6963.0,5575.0,0.0,100,392.75,337.0,0,0.0,0.0,,0.0,0,0.0,0.0,,0.0,bidTooLow
2022-05-12,6963.0,5534.0,0.0,100,392.34,337.0,0,0.0,0.0,,0.0,0,0.0,0.0,,0.0,bidTooLow
2022-05-13,6963.0,6472.0,0.0,100,401.72,337.0,0,0.0,0.0,,0.0,0,0.0,0.0,,0.0,bidTooLow
2022-05-16,6963.0,6309.0,0.0,100,400.09,337.0,0,0.0,0.0,,0.0,0,0.0,0.0,,0.0,bidTooLow
2022-05-17,6963.0,7132.0,0.0,100,408.32,337.0,0,0.0,0.0,,0.0,0,0.0,0.0,,0.0,bidTooLow
2022-05-18,6963.0,5486.0,0.0,100,391.86,337.0,0,0.0,0.0,,0.0,0,0.0,0.0,,0.0,bidTooLow
2022-05-19,6963.0,5246.0,0.0,100,389.46,337.0,0,0.0,0.0,,0.0,0,0.0,0.0,,0.0,bidTooLow
2022-05-20,6963.0,5263.0,0.0,100,389.63,337.0,0,0.0,0.0,,0.0,0,0.0,0.0,,0.0,bidTooLow
2022-05-23,6963.0,5992.0,0.0,100,396.92,337.0,0,0.0,0.0,,0.0,0,0.0,0.0,,0.0,bidTooLow
2022-05-24,6963.0,5689.0,0.0,100,393.89,337.0,0,0.0,0.0,,0.0,0,0.0,0.0,,0.0,bidTooLow
2022-05-25,6963.0,6037.0,0.0,100,397.37,337.0,0,0.0,0.0,,0.0,0,0.0,0.0,,0.0,bidTooLow
2022-05-26,6963.0,6828.0,0.0,100,405.31,337.0,0,0.0,0.0,,0.0,1,0.03,0.06,SPY220613C00454000,454.0,normalDay
2022-05-27,6963.0,7819.0,0.0,100,415.26,337.0,0,0.0,0.0,,0.0,1,0.03,0.1,SPY220613C00454000,454.0,normalDay
2022-05-31,6963.0,7591.0,0.0,100,412.93,337.0,0,0.0,0.0,,0.0,1,0.03,0.05,SPY220613C00454000,454.0,normalDay
2022-06-01,6963.0,7259.0,0.0,100,409.59,337.0,0,0.0,0.0,,0.0,1,0.03,0.03,SPY220613C00454000,454.0,normalDay
2022-06-02,6963.0,8039.0,0.0,100,417.39,337.0,0,0.0,0.0,,0.0,1,0.03,0.03,SPY220613C00454000,454.0,normalDay
2022-06-03,6963.0,7355.0,0.0,100,410.54,337.0,0,0.0,0.0,,0.0,1,0.03,0.02,SPY220613C00454000,454.0,normalDay
2022-06-06,6963.0,7480.0,0.0,100,411.79,337.0,0,0.0,0.0,,0.0,1,0.03,0.02,SPY220613C00454000,454.0,normalDay
2022-06-07,6963.0,7876.0,0.0,100,415.74,337.0,0,0.0,0.0,,0.0,1,0.03,0.01,SPY220613C00454000,454.0,normalDay
2022-06-08,6963.0,7424.0,0.0,100,411.22,337.0,0,0.0,0.0,,0.0,1,0.03,0.01,SPY220613C00454000,454.0,normalDay
2022-06-09,6963.0,6446.0,0.0,100,401.44,337.0,0,0.0,0.0,,0.0,1,0.03,0.01,SPY220613C00454000,454.0,normalDay
2022-06-10,6963.0,5282.0,0.0,100,389.8,337.0,0,0.0,0.0,,0.0,1,0.03,0.01,SPY220613C00454000,454.0,normalDay
2022-06-13,6966.0,3800.0,3.0,100,375.0,337.0,0,0.0,0.0,,0.0,1,0.03,0.0,SPY220613C00454000,454.0,expirationDay
2022-06-14,6966.0,3687.0,0.0,100,373.87,337.0,0,0.0,0.0,,0.0,0,0.0,0.0,,0.0,bidTooLow
2022-06-15,6966.0,4220.0,0.0,100,379.2,337.0,0,0.0,0.0,,0.0,0,0.0,0.0,,0.0,bidTooLow
2022-06-16,6966.0,2965.0,0.0,100,366.65,337.0,0,0.0,0.0,,0.0,0,0.0,0.0,,0.0,bidTooLow
2022-06-17,6966.0,2886.0,0.0,100,365.86,337.0,0,0.0,0.0,,0.0,0,0.0,0.0,,0.0,bidTooLow
2022-06-21,6966.0,3807.0,0.0,100,375.07,337.0,0,0.0,0.0,,0.0,0,0.0,0.0,,0.0,bidTooLow
2022-06-22,6966.0,3739.0,0.0,100,374.39,337.0,0,0.0,0.0,,0.0,0,0.0,0.0,,0.0,bidTooLow
2022-06-23,6966.0,4106.0,0.0,100,378.06,337.0,0,0.0,0.0,,0.0,0,0.0,0.0,,0.0,bidTooLow
2022-06-24,6966.0,5308.0,0.0,100,390.08,337.0,0,0.0,0.0,,0.0,0,0.0,0.0,,0.0,bidTooLow
2022-06-27,6966.0,5159.0,0.0,100,388.59,337.0,0,0.0,0.0,,0.0,0,0.0,0.0,,0.0,bidTooLow
2022-06-28,6966.0,4365.0,0.0,100,380.65,337.0,0,0.0,0.0,,0.0,0,0.0,0.0,,0.0,bidTooLow
2022-06-29,6966.0,4334.0,0.0,100,380.34,337.0,0,0.0,0.0,,0.0,0,0.0,0.0,,0.0,bidTooLow
2022-06-30,6966.0,4025.0,0.0,100,377.25,337.0,0,0.0,0.0,,0.0,0,0.0,0.0,,0.0,bidTooLow
2022-07-01,6966.0,4424.0,0.0,100,381.24,337.0,0,0.0,0.0,,0.0,0,0.0,0.0,,0.0,bidTooLow
2022-07-05,6966.0,4496.0,0.0,100,381.96,337.0,0,0.0,0.0,,0.0,0,0.0,0.0,,0.0,bidTooLow
2022-07-06,6966.0,4625.0,0.0,100,383.25,337.0,0,0.0,0.0,,0.0,0,0.0,0.0,,0.0,bidTooLow
2022-07-07,6966.0,5199.0,0.0,100,388.99,337.0,0,0.0,0.0,,0.0,0,0.0,0.0,,0.0,bidTooLow
2022-07-08,6966.0,5164.0,0.0,100,388.67,337.0,0,0.0,0.0,,0.0,1,0.15,0.18,SPY220727C00422000,422.0,normalDay
2022-07-11,6966.0,4730.0,0.0,100,384.23,337.0,0,0.0,0.0,,0.0,1,0.15,0.08,SPY220727C00422000,422.0,normalDay
2022-07-12,6966.0,4392.0,0.0,100,380.83,337.0,0,0.0,0.0,,0.0,1,0.15,0.06,SPY220727C00422000,422.0,normalDay
2022-07-13,6966.0,4194.0,0.0,100,378.83,337.0,0,0.0,0.0,,0.0,1,0.15,0.04,SPY220727C00422000,422.0,normalDay
2022-07-14,6966.0,4103.0,0.0,100,377.91,337.0,0,0.0,0.0,,0.0,1,0.15,0.03,SPY220727C00422000,422.0,normalDay
2022-07-15,6966.0,4825.0,0.0,100,385.13,337.0,0,0.0,0.0,,0.0,1,0.15,0.03,SPY220727C00422000,422.0,normalDay
2022-07-18,6966.0,4508.0,0.0,100,381.95,337.0,0,0.0,0.0,,0.0,1,0.15,0.02,SPY220727C00422000,422.0,normalDay
2022-07-19,6966.0,5537.0,0.0,100,392.27,337.0,0,0.0,0.0,,0.0,1,0.15,0.05,SPY220727C00422000,422.0,normalDay
2022-07-20,6966.0,5786.0,0.0,100,394.77,337.0,0,0.0,0.0,,0.0,1,0.15,0.06,SPY220727C00422000,422.0,normalDay
2022-07-21,6966.0,6189.0,0.0,100,398.79,337.0,0,0.0,0.0,,0.0,1,0.15,0.05,SPY220727C00422000,422.0,normalDay
2022-07-22,6966.0,5822.0,0.0,100,395.09,337.0,0,0.0,0.0,,0.0,1,0.15,0.02,SPY220727C00422000,422.0,normalDay
2022-07-25,6966.0,5871.0,0.0,100,395.57,337.0,0,0.0,0.0,,0.0,1,0.15,0.01,SPY220727C00422000,422.0,normalDay
2022-07-26,6966.0,5403.0,0.0,100,390.89,337.0,0,0.0,0.0,,0.0,1,0.15,0.01,SPY220727C00422000,422.0,normalDay
2022-07-27,6981.0,6404.0,15.0,100,401.04,337.0,0,0.0,0.0,,0.0,1,0.15,0.0,SPY220727C00422000,422.0,expirationDay
2022-07-28,6981.0,6903.0,0.0,100,406.07,337.0,0,0.0,0.0,,0.0,1,0.64,0.68,SPY220815C00428000,428.0,normalDay
2022-07-29,6981.0,7458.0,0.0,100,411.99,337.0,0,0.0,0.0,,0.0,1,0.64,1.05,SPY220815C00428000,428.0,normalDay
2022-08-01,6981.0,7365.0,0.0,100,410.77,337.0,0,0.0,0.0,,0.0,1,0.64,0.76,SPY220815C00428000,428.0,normalDay
2022-08-02,6981.0,7125.0,0.0,100,408.06,337.0,0,0.0,0.0,,0.0,1,0.64,0.45,SPY220815C00428000,428.0,normalDay
2022-08-03,6981.0,7724.0,0.0,100,414.45,337.0,0,0.0,0.0,,0.0,1,0.64,0.85,SPY220815C00428000,428.0,normalDay
2022-08-04,6981.0,7710.0,0.0,100,414.17,337.0,0,0.0,0.0,,0.0,1,0.64,0.71,SPY220815C00428000,428.0,normalDay
2022-08-05,6981.0,7677.0,0.0,100,413.47,337.0,0,0.0,0.0,,0.0,1,0.64,0.34,SPY220815C00428000,428.0,normalDay
2022-08-08,6981.0,7640.0,0.0,100,412.99,337.0,0,0.0,0.0,,0.0,1,0.64,0.23,SPY220815C00428000,428.0,normalDay
2022-08-09,6981.0,7483.0,0.0,100,411.35,337.0,0,0.0,0.0,,0.0,1,0.64,0.16,SPY220815C00428000,428.0,normalDay
2022-08-10,6981.0,8321.0,0.0,100,419.99,337.0,0,0.0,0.0,,0.0,1,0.64,0.42,SPY220815C00428000,428.0,normalDay
2022-08-11,6981.0,8334.0,0.0,100,419.99,337.0,0,0.0,0.0,,0.0,1,0.64,0.29,SPY220815C00428000,428.0,normalDay
2022-08-12,6981.0,8966.0,0.0,100,427.1,337.0,0,0.0,0.0,,0.0,1,0.64,1.08,SPY220815C00428000,428.0,normalDay
2022-08-15,16145.0,8966.0,9164.0,0,428.86,0.0,0,0.0,0.0,,0.0,1,0.64,0.0,SPY220815C00428000,428.0,expirationDay
2022-08-16,16145.0,-3.0,0.0,0,429.7,0.0,1,0.26,0.29,SPY220826P00401000,401.0,0,0.0,0.0,,0.0,normalDay
2022-08-17,16145.0,1.0,0.0,0,426.65,0.0,1,0.26,0.25,SPY220826P00401000,401.0,0,0.0,0.0,,0.0,normalDay
2022-08-18,16145.0,11.0,0.0,0,427.89,0.0,1,0.26,0.15,SPY220826P00401000,401.0,0,0.0,0.0,,0.0,normalDay
2022-08-19,16145.0,7.0,0.0,0,422.14,0.0,1,0.26,0.19,SPY220826P00401000,401.0,0,0.0,0.0,,0.0,normalDay
2022-08-22,16145.0,-40.0,0.0,0,413.35,0.0,1,0.26,0.66,SPY220826P00401000,401.0,0,0.0,0.0,,0.0,normalDay
2022-08-23,16145.0,-37.0,0.0,0,412.35,0.0,1,0.26,0.63,SPY220826P00401000,401.0,0,0.0,0.0,,0.0,normalDay
2022-08-24,16145.0,7.0,0.0,0,413.67,0.0,1,0.26,0.19,SPY220826P00401000,401.0,0,0.0,0.0,,0.0,normalDay
2022-08-25,16145.0,21.0,0.0,0,419.51,0.0,1,0.26,0.05,SPY220826P00401000,401.0,0,0.0,0.0,,0.0,normalDay
2022-08-26,16171.0,0.0,26.0,0,405.31,0.0,1,0.26,0.0,SPY220826P00401000,401.0,0,0.0,0.0,,0.0,expirationDay
2022-08-29,16171.0,-5.0,0.0,0,402.63,0.0,1,10.87,10.92,SPY220909P00411000,411.0,0,0.0,0.0,,0.0,normalDay
2022-08-30,16171.0,-311.0,0.0,0,398.21,0.0,1,10.87,13.98,SPY220909P00411000,411.0,0,0.0,0.0,,0.0,normalDay
2022-08-31,16171.0,-536.0,0.0,0,395.18,0.0,1,10.87,16.23,SPY220909P00411000,411.0,0,0.0,0.0,,0.0,normalDay
2022-09-01,16171.0,-429.0,0.0,0,396.42,0.0,1,10.87,15.16,SPY220909P00411000,411.0,0,0.0,0.0,,0.0,normalDay
2022-09-02,16171.0,-764.0,0.0,0,392.24,0.0,1,10.87,18.51,SPY220909P00411000,411.0,0,0.0,0.0,,0.0,normalDay
2022-09-06,16171.0,-994.0,0.0,0,390.76,0.0,1,10.87,20.81,SPY220909P00411000,411.0,0,0.0,0.0,,0.0,normalDay
2022-09-07,16171.0,-281.0,0.0,0,397.78,0.0,1,10.87,13.68,SPY220909P00411000,411.0,0,0.0,0.0,,0.0,normalDay
2022-09-08,16171.0,53.0,0.0,0,400.38,0.0,1,10.87,10.34,SPY220909P00411000,411.0,0,0.0,0.0,,0.0,normalDay
2022-09-09,17258.0,-440.0,1087.0,100,406.6,411.0,1,10.87,0.0,SPY220909P00411000,411.0,0,0.0,0.0,,0.0,expirationDay
2022-09-12,17258.0,-3.0,0.0,100,410.97,411.0,0,0.0,0.0,,0.0,0,0.0,0.0,,0.0,bidTooLow
2022-09-13,17258.0,-1790.0,0.0,100,393.1,411.0,0,0.0,0.0,,0.0,0,0.0,0.0,,0.0,bidTooLow
2022-09-14,17258.0,-1640.0,0.0,100,394.6,411.0,0,0.0,0.0,,0.0,0,0.0,0.0,,0.0,bidTooLow
2022-09-15,17258.0,-2088.0,0.0,100,390.12,411.0,0,0.0,0.0,,0.0,0,0.0,0.0,,0.0,bidTooLow
2022-09-16,17258.0,-2544.0,0.0,100,385.56,411.0,0,0.0,0.0,,0.0,0,0.0,0.0,,0.0,bidTooLow
2022-09-19,17258.0,-2245.0,0.0,100,388.55,411.0,0,0.0,0.0,,0.0,0,0.0,0.0,,0.0,bidTooLow
2022-09-20,17258.0,-2691.0,0.0,100,384.09,411.0,0,0.0,0.0,,0.0,0,0.0,0.0,,0.0,bidTooLow
2022-09-21,17258.0,-3361.0,0.0,100,377.39,411.0,0,0.0,0.0,,0.0,0,0.0,0.0,,0.0,bidTooLow
2022-09-22,17258.0,-3678.0,0.0,100,374.22,411.0,0,0.0,0.0,,0.0,0,0.0,0.0,,0.0,bidTooLow
2022-09-23,17258.0,-4305.0,0.0,100,367.95,411.0,0,0.0,0.0,,0.0,0,0.0,0.0,,0.0,bidTooLow
2022-09-26,17258.0,-4669.0,0.0,100,364.31,411.0,0,0.0,0.0,,0.0,0,0.0,0.0,,0.0,bidTooLow
2022-09-27,17258.0,-4762.0,0.0,100,363.38,411.0,0,0.0,0.0,,0.0,0,0.0,0.0,,0.0,bidTooLow
2022-09-28,17258.0,-4047.0,0.0,100,370.53,411.0,0,0.0,0.0,,0.0,0,0.0,0.0,,0.0,bidTooLow
2022-09-29,17258.0,-4821.0,0.0,100,362.79,411.0,0,0.0,0.0,,0.0,0,0.0,0.0,,0.0,bidTooLow
2022-09-30,17258.0,-5382.0,0.0,100,357.18,411.0,0,0.0,0.0,,0.0,0,0.0,0.0,,0.0,bidTooLow
2022-10-03,17258.0,-4439.0,0.0,100,366.61,411.0,0,0.0,0.0,,0.0,0,0.0,0.0,,0.0,bidTooLow
2022-10-04,17258.0,-3303.0,0.0,100,377.97,411.0,0,0.0,0.0,,0.0,0,0.0,0.0,,0.0,bidTooLow
2022-10-05,17258.0,-3391.0,0.0,100,377.09,411.0,0,0.0,0.0,,0.0,0,0.0,0.0,,0.0,bidTooLow
2022-10-06,17258.0,-3780.0,0.0,100,373.2,411.0,0,0.0,0.0,,0.0,0,0.0,0.0,,0.0,bidTooLow
2022-10-07,17258.0,-4821.0,0.0,100,362.79,411.0,0,0.0,0.0,,0.0,0,0.0,0.0,,0.0,bidTooLow
2022-10-10,17258.0,-5098.0,0.0,100,360.02,411.0,0,0.0,0.0,,0.0,0,0.0,0.0,,0.0,bidTooLow
2022-10-11,17258.0,-5329.0,0.0,100,357.74,411.0,0,0.0,0.0,,0.0,1,0.01,0.04,SPY221028C00427000,427.0,normalDay
2022-10-12,17258.0,-5447.0,0.0,100,356.56,411.0,0,0.0,0.0,,0.0,1,0.01,0.04,SPY221028C00427000,427.0,normalDay
2022-10-13,17258.0,-4508.0,0.0,100,365.97,411.0,0,0.0,0.0,,0.0,1,0.01,0.06,SPY221028C00427000,427.0,normalDay
2022-10-14,17258.0,-5339.0,0.0,100,357.63,411.0,0,0.0,0.0,,0.0,1,0.01,0.03,SPY221028C00427000,427.0,normalDay
2022-10-17,17258.0,-4420.0,0.0,100,366.82,411.0,0,0.0,0.0,,0.0,1,0.01,0.03,SPY221028C00427000,427.0,normalDay
2022-10-18,17258.0,-3990.0,0.0,100,371.13,411.0,0,0.0,0.0,,0.0,1,0.01,0.04,SPY221028C00427000,427.0,normalDay
2022-10-19,17258.0,-4251.0,0.0,100,368.5,411.0,0,0.0,0.0,,0.0,1,0.01,0.02,SPY221028C00427000,427.0,normalDay
2022-10-20,17258.0,-4559.0,0.0,100,365.41,411.0,0,0.0,0.0,,0.0,1,0.01,0.01,SPY221028C00427000,427.0,normalDay
2022-10-21,17258.0,-3672.0,0.0,100,374.29,411.0,0,0.0,0.0,,0.0,1,0.01,0.02,SPY221028C00427000,427.0,normalDay
2022-10-24,17258.0,-3214.0,0.0,100,378.87,411.0,0,0.0,0.0,,0.0,1,0.01,0.02,SPY221028C00427000,427.0,normalDay
2022-10-25,17258.0,-2608.0,0.0,100,384.92,411.0,0,0.0,0.0,,0.0,1,0.01,0.01,SPY221028C00427000,427.0,normalDay
2022-10-26,17258.0,-2898.0,0.0,100,382.02,411.0,0,0.0,0.0,,0.0,1,0.01,0.01,SPY221028C00427000,427.0,normalDay
2022-10-27,17258.0,-3102.0,0.0,100,379.98,411.0,0,0.0,0.0,,0.0,1,0.01,0.01,SPY221028C00427000,427.0,normalDay
2022-10-28,17259.0,-2198.0,1.0,100,389.02,411.0,0,0.0,0.0,,0.0,1,0.01,0.0,SPY221028C00427000,427.0,expirationDay
2022-10-31,17259.0,-2482.0,0.0,100,386.21,411.0,0,0.0,0.0,,0.0,1,0.56,0.59,SPY221118C00420000,420.0,normalDay
2022-11-01,17259.0,-2635.0,0.0,100,384.52,411.0,0,0.0,0.0,,0.0,1,0.56,0.43,SPY221118C00420000,420.0,normalDay
2022-11-02,17259.0,-3570.0,0.0,100,374.87,411.0,0,0.0,0.0,,0.0,1,0.56,0.13,SPY221118C00420000,420.0,normalDay
2022-11-03,17259.0,-3951.0,0.0,100,371.01,411.0,0,0.0,0.0,,0.0,1,0.56,0.08,SPY221118C00420000,420.0,normalDay
2022-11-04,17259.0,-3416.0,0.0,100,376.35,411.0,0,0.0,0.0,,0.0,1,0.56,0.07,SPY221118C00420000,420.0,normalDay
2022-11-07,17259.0,-3056.0,0.0,100,379.95,411.0,0,0.0,0.0,,0.0,1,0.56,0.07,SPY221118C00420000,420.0,normalDay
2022-11-08,17259.0,-2852.0,0.0,100,382.0,411.0,0,0.0,0.0,,0.0,1,0.56,0.08,SPY221118C00420000,420.0,normalDay
2022-11-09,17259.0,-3634.0,0.0,100,374.13,411.0,0,0.0,0.0,,0.0,1,0.56,0.03,SPY221118C00420000,420.0,normalDay
2022-11-10,17259.0,-1597.0,0.0,100,394.69,411.0,0,0.0,0.0,,0.0,1,0.56,0.22,SPY221118C00420000,420.0,normalDay
2022-11-11,17259.0,-1208.0,0.0,100,398.51,411.0,0,0.0,0.0,,0.0,1,0.56,0.15,SPY221118C00420000,420.0,normalDay
2022-11-14,17259.0,-1536.0,0.0,100,395.12,411.0,0,0.0,0.0,,0.0,1,0.56,0.04,SPY221118C00420000,420.0,normalDay
2022-11-15,17259.0,-1200.0,0.0,100,398.49,411.0,0,0.0,0.0,,0.0,1,0.56,0.05,SPY221118C00420000,420.0,normalDay
2022-11-16,17259.0,-1501.0,0.0,100,395.45,411.0,0,0.0,0.0,,0.0,1,0.56,0.02,SPY221118C00420000,420.0,normalDay
2022-11-17,17259.0,-1621.0,0.0,100,394.24,411.0,0,0.0,0.0,,0.0,1,0.56,0.01,SPY221118C00420000,420.0,normalDay
2022-11-18,17315.0,-1497.0,56.0,100,396.03,411.0,0,0.0,0.0,,0.0,1,0.56,0.0,SPY221118C00420000,420.0,expirationDay
2022-11-21,17315.0,-1644.0,0.0,100,394.59,411.0,0,0.0,0.0,,0.0,1,0.07,0.1,SPY221209C00430000,430.0,normalDay
2022-11-22,17315.0,-1115.0,0.0,100,399.9,411.0,0,0.0,0.0,,0.0,1,0.07,0.12,SPY221209C00430000,430.0,normalDay
2022-11-23,17315.0,-859.0,0.0,100,402.42,411.0,0,0.0,0.0,,0.0,1,0.07,0.08,SPY221209C00430000,430.0,normalDay
2022-11-25,17315.0,-866.0,0.0,100,402.33,411.0,0,0.0,0.0,,0.0,1,0.07,0.06,SPY221209C00430000,430.0,normalDay
2022-11-28,17315.0,-1505.0,0.0,100,395.91,411.0,0,0.0,0.0,,0.0,1,0.07,0.03,SPY221209C00430000,430.0,normalDay
2022-11-29,17315.0,-1572.0,0.0,100,395.23,411.0,0,0.0,0.0,,0.0,1,0.07,0.02,SPY221209C00430000,430.0,normalDay
2022-11-30,17315.0,-336.0,0.0,100,407.68,411.0,0,0.0,0.0,,0.0,1,0.07,0.11,SPY221209C00430000,430.0,normalDay
2022-12-01,17315.0,-361.0,0.0,100,407.38,411.0,0,0.0,0.0,,0.0,1,0.07,0.06,SPY221209C00430000,430.0,normalDay
2022-12-02,17315.0,-404.0,0.0,100,406.91,411.0,0,0.0,0.0,,0.0,1,0.07,0.02,SPY221209C00430000,430.0,normalDay
2022-12-05,17315.0,-1135.0,0.0,100,399.59,411.0,0,0.0,0.0,,0.0,1,0.07,0.01,SPY221209C00430000,430.0,normalDay
2022-12-06,17315.0,-1711.0,0.0,100,393.83,411.0,0,0.0,0.0,,0.0,1,0.07,0.01,SPY221209C00430000,430.0,normalDay
2022-12-07,17315.0,-1778.0,0.0,100,393.16,411.0,0,0.0,0.0,,0.0,1,0.07,0.01,SPY221209C00430000,430.0,normalDay
2022-12-08,17315.0,-1470.0,0.0,100,396.24,411.0,0,0.0,0.0,,0.0,1,0.07,0.01,SPY221209C00430000,430.0,normalDay
2022-12-09,17322.0,-1772.0,7.0,100,393.28,411.0,0,0.0,0.0,,0.0,1,0.07,0.0,SPY221209C00430000,430.0,expirationDay
2022-12-12,17322.0,-1209.0,0.0,100,398.95,411.0,0,0.0,0.0,,0.0,1,0.9,0.94,SPY221230C00422000,422.0,normalDay
2022-12-13,17322.0,-892.0,0.0,100,401.97,411.0,0,0.0,0.0,,0.0,1,0.9,0.79,SPY221230C00422000,422.0,normalDay
2022-12-14,17322.0,-1098.0,0.0,100,399.4,411.0,0,0.0,0.0,,0.0,1,0.9,0.28,SPY221230C00422000,422.0,normalDay
2022-12-15,17322.0,-2056.0,0.0,100,389.63,411.0,0,0.0,0.0,,0.0,1,0.9,0.09,SPY221230C00422000,422.0,normalDay
2022-12-16,17322.0,-2688.0,0.0,100,383.27,411.0,0,0.0,0.0,,0.0,1,0.9,0.05,SPY221230C00422000,422.0,normalDay
2022-12-19,17322.0,-3011.0,0.0,100,380.02,411.0,0,0.0,0.0,,0.0,1,0.9,0.03,SPY221230C00422000,422.0,normalDay
2022-12-20,17322.0,-2958.0,0.0,100,380.54,411.0,0,0.0,0.0,,0.0,1,0.9,0.02,SPY221230C00422000,422.0,normalDay
2022-12-21,17322.0,-2389.0,0.0,100,386.23,411.0,0,0.0,0.0,,0.0,1,0.9,0.02,SPY221230C00422000,422.0,normalDay
2022-12-22,17322.0,-2940.0,0.0,100,380.72,411.0,0,0.0,0.0,,0.0,1,0.9,0.02,SPY221230C00422000,422.0,normalDay
2022-12-23,17322.0,-2720.0,0.0,100,382.91,411.0,0,0.0,0.0,,0.0,1,0.9,0.01,SPY221230C00422000,422.0,normalDay
2022-12-27,17322.0,-2871.0,0.0,100,381.4,411.0,0,0.0,0.0,,0.0,1,0.9,0.01,SPY221230C00422000,422.0,normalDay
2022-12-28,17322.0,-3345.0,0.0,100,376.66,411.0,0,0.0,0.0,,0.0,1,0.9,0.01,SPY221230C00422000,422.0,normalDay
2022-12-29,17322.0,-2667.0,0.0,100,383.44,411.0,0,0.0,0.0,,0.0,1,0.9,0.01,SPY221230C00422000,422.0,normalDay
2022-12-30,17412.0,-2857.0,90.0,100,382.43,411.0,0,0.0,0.0,,0.0,1,0.9,0.0,SPY221230C00422000,422.0,expirationDay
2023-01-03,17412.0,-3021.0,0.0,100,380.82,411.0,0,0.0,0.0,,0.0,1,0.02,0.05,SPY230120C00426000,426.0,normalDay
2023-01-04,17412.0,-2727.0,0.0,100,383.76,411.0,0,0.0,0.0,,0.0,1,0.02,0.05,SPY230120C00426000,426.0,normalDay
2023-01-05,17412.0,-3163.0,0.0,100,379.38,411.0,0,0.0,0.0,,0.0,1,0.02,0.03,SPY230120C00426000,426.0,normalDay
2023-01-06,17412.0,-2295.0,0.0,100,388.08,411.0,0,0.0,0.0,,0.0,1,0.02,0.05,SPY230120C00426000,426.0,normalDay
2023-01-09,17412.0,-2316.0,0.0,100,387.86,411.0,0,0.0,0.0,,0.0,1,0.02,0.04,SPY230120C00426000,426.0,normalDay
2023-01-10,17412.0,-2043.0,0.0,100,390.58,411.0,0,0.0,0.0,,0.0,1,0.02,0.03,SPY230120C00426000,426.0,normalDay
2023-01-11,17412.0,-1553.0,0.0,100,395.52,411.0,0,0.0,0.0,,0.0,1,0.02,0.07,SPY230120C00426000,426.0,normalDay
2023-01-12,17412.0,-1404.0,0.0,100,396.96,411.0,0,0.0,0.0,,0.0,1,0.02,0.02,SPY230120C00426000,426.0,normalDay
2023-01-13,17412.0,-1250.0,0.0,100,398.5,411.0,0,0.0,0.0,,0.0,1,0.02,0.02,SPY230120C00426000,426.0,normalDay
2023-01-17,17412.0,-1322.0,0.0,100,397.77,411.0,0,0.0,0.0,,0.0,1,0.02,0.01,SPY230120C00426000,426.0,normalDay
2023-01-18,17412.0,-1950.0,0.0,100,391.49,411.0,0,0.0,0.0,,0.0,1,0.02,0.01,SPY230120C00426000,426.0,normalDay
2023-01-19,17412.0,-2235.0,0.0,100,388.64,411.0,0,0.0,0.0,,0.0,1,0.02,0.01,SPY230120C00426000,426.0,normalDay
2023-01-20,17414.0,-1512.0,2.0,100,395.88,411.0,0,0.0,0.0,,0.0,1,0.02,0.0,SPY230120C00426000,426.0,expirationDay
2023-01-23,17414.0,-1040.0,0.0,100,400.63,411.0,0,0.0,0.0,,0.0,1,0.36,0.39,SPY230210C00424000,424.0,normalDay
2023-01-24,17414.0,-1083.0,0.0,100,400.2,411.0,0,0.0,0.0,,0.0,1,0.36,0.39,SPY230210C00424000,424.0,normalDay
2023-01-25,17414.0,-1058.0,0.0,100,400.35,411.0,0,0.0,0.0,,0.0,1,0.36,0.29,SPY230210C00424000,424.0,normalDay
2023-01-26,17414.0,-636.0,0.0,100,404.75,411.0,0,0.0,0.0,,0.0,1,0.36,0.47,SPY230210C00424000,424.0,normalDay
2023-01-27,17414.0,-542.0,0.0,100,405.68,411.0,0,0.0,0.0,,0.0,1,0.36,0.46,SPY230210C00424000,424.0,normalDay
2023-01-30,17414.0,-1028.0,0.0,100,400.59,411.0,0,0.0,0.0,,0.0,1,0.36,0.23,SPY230210C00424000,424.0,normalDay
2023-01-31,17414.0,-460.0,0.0,100,406.48,411.0,0,0.0,0.0,,0.0,1,0.36,0.44,SPY230210C00424000,424.0,normalDay
2023-02-01,17414.0,-53.0,0.0,100,410.8,411.0,0,0.0,0.0,,0.0,1,0.36,0.69,SPY230210C00424000,424.0,normalDay
2023-02-02,17414.0,484.0,0.0,100,416.78,411.0,0,0.0,0.0,,0.0,1,0.36,1.3,SPY230210C00424000,424.0,normalDay
2023-02-03,17414.0,129.0,0.0,100,412.35,411.0,0,0.0,0.0,,0.0,1,0.36,0.42,SPY230210C00424000,424.0,normalDay
2023-02-06,17414.0,-97.0,0.0,100,409.83,411.0,0,0.0,0.0,,0.0,1,0.36,0.16,SPY230210C00424000,424.0,normalDay
2023-02-07,17414.0,430.0,0.0,100,415.19,411.0,0,0.0,0.0,,0.0,1,0.36,0.25,SPY230210C00424000,424.0,normalDay
2023-02-08,17414.0,-3.0,0.0,100,410.65,411.0,0,0.0,0.0,,0.0,1,0.36,0.04,SPY230210C00424000,424.0,normalDay
2023-02-09,17414.0,-356.0,0.0,100,407.09,411.0,0,0.0,0.0,,0.0,1,0.36,0.01,SPY230210C00424000,424.0,normalDay
2023-02-10,17450.0,-296.0,36.0,100,408.04,411.0,0,0.0,0.0,,0.0,1,0.36,0.0,SPY230210C00424000,424.0,expirationDay
2023-02-13,17450.0,180.0,0.0,100,412.83,411.0,0,0.0,0.0,,0.0,1,0.12,0.15,SPY230303C00442000,442.0,normalDay
2023-02-14,17450.0,170.0,0.0,100,412.64,411.0,0,0.0,0.0,,0.0,1,0.12,0.06,SPY230303C00442000,442.0,normalDay
2023-02-15,17450.0,305.0,0.0,100,413.98,411.0,0,0.0,0.0,,0.0,1,0.12,0.05,SPY230303C00442000,442.0,normalDay
2023-02-16,17450.0,-262.0,0.0,100,408.28,411.0,0,0.0,0.0,,0.0,1,0.12,0.02,SPY230303C00442000,442.0,normalDay
2023-02-17,17450.0,-364.0,0.0,100,407.26,411.0,0,0.0,0.0,,0.0,1,0.12,0.02,SPY230303C00442000,442.0,normalDay
2023-02-21,17450.0,-1180.0,0.0,100,399.09,411.0,0,0.0,0.0,,0.0,1,0.12,0.01,SPY230303C00442000,442.0,normalDay
2023-02-22,17450.0,-1235.0,0.0,100,398.54,411.0,0,0.0,0.0,,0.0,1,0.12,0.01,SPY230303C00442000,442.0,normalDay
2023-02-23,17450.0,-1023.0,0.0,100,400.66,411.0,0,0.0,0.0,,0.0,1,0.12,0.01,SPY230303C00442000,442.0,normalDay
2023-02-24,17450.0,-1451.0,0.0,100,396.38,411.0,0,0.0,0.0,,0.0,1,0.12,0.01,SPY230303C00442000,442.0,normalDay
2023-02-27,17450.0,-1316.0,0.0,100,397.73,411.0,0,0.0,0.0,,0.0,1,0.12,0.01,SPY230303C00442000,442.0,normalDay
2023-02-28,17450.0,-1463.0,0.0,100,396.26,411.0,0,0.0,0.0,,0.0,1,0.12,0.01,SPY230303C00442000,442.0,normalDay
2023-03-01,17450.0,-1615.0,0.0,100,394.74,411.0,0,0.0,0.0,,0.0,1,0.12,0.01,SPY230303C00442000,442.0,normalDay
2023-03-02,17450.0,-1308.0,0.0,100,397.81,411.0,0,0.0,0.0,,0.0,1,0.12,0.01,SPY230303C00442000,442.0,normalDay
2023-03-03,17462.0,-681.0,12.0,100,404.19,411.0,0,0.0,0.0,,0.0,1,0.12,0.0,SPY230303C00442000,442.0,expirationDay
2023-03-06,17462.0,-656.0,0.0,100,404.47,411.0,0,0.0,0.0,,0.0,1,0.07,0.1,SPY230324C00436000,436.0,normalDay
2023-03-07,17462.0,-1270.0,0.0,100,398.27,411.0,0,0.0,0.0,,0.0,1,0.07,0.04,SPY230324C00436000,436.0,normalDay
2023-03-08,17462.0,-1205.0,0.0,100,398.92,411.0,0,0.0,0.0,,0.0,1,0.07,0.04,SPY230324C00436000,436.0,normalDay
2023-03-09,17462.0,-1940.0,0.0,100,391.56,411.0,0,0.0,0.0,,0.0,1,0.07,0.03,SPY230324C00436000,436.0,normalDay
2023-03-10,17462.0,-2504.0,0.0,100,385.91,411.0,0,0.0,0.0,,0.0,1,0.07,0.02,SPY230324C00436000,436.0,normalDay
2023-03-13,17462.0,-2559.0,0.0,100,385.36,411.0,0,0.0,0.0,,0.0,1,0.07,0.02,SPY230324C00436000,436.0,normalDay
2023-03-14,17462.0,-1921.0,0.0,100,391.73,411.0,0,0.0,0.0,,0.0,1,0.07,0.01,SPY230324C00436000,436.0,normalDay
2023-03-15,17462.0,-2166.0,0.0,100,389.28,411.0,0,0.0,0.0,,0.0,1,0.07,0.01,SPY230324C00436000,436.0,normalDay
2023-03-16,17462.0,-1484.0,0.0,100,396.11,411.0,0,0.0,0.0,,0.0,1,0.07,0.02,SPY230324C00436000,436.0,normalDay
2023-03-17,17462.0,-2095.0,0.0,100,389.99,411.0,0,0.0,0.0,,0.0,1,0.07,0.01,SPY230324C00436000,436.0,normalDay
2023-03-20,17462.0,-1720.0,0.0,100,393.74,411.0,0,0.0,0.0,,0.0,1,0.07,0.01,SPY230324C00436000,436.0,normalDay
2023-03-21,17462.0,-1203.0,0.0,100,398.91,411.0,0,0.0,0.0,,0.0,1,0.07,0.01,SPY230324C00436000,436.0,normalDay
2023-03-22,17462.0,-1883.0,0.0,100,392.11,411.0,0,0.0,0.0,,0.0,1,0.07,0.01,SPY230324C00436000,436.0,normalDay
2023-03-23,17462.0,-1777.0,0.0,100,393.17,411.0,0,0.0,0.0,,0.0,1,0.07,0.01,SPY230324C00436000,436.0,normalDay
2023-03-24,17469.0,-1525.0,7.0,100,395.75,411.0,0,0.0,0.0,,0.0,1,0.07,0.0,SPY230324C00436000,436.0,expirationDay
2023-03-27,17469.0,-1454.0,0.0,100,396.49,411.0,0,0.0,0.0,,0.0,1,0.31,0.34,SPY230414C00419000,419.0,normalDay
2023-03-28,17469.0,-1534.0,0.0,100,395.6,411.0,0,0.0,0.0,,0.0,1,0.31,0.25,SPY230414C00419000,419.0,normalDay
2023-03-29,17469.0,-984.0,0.0,100,401.35,411.0,0,0.0,0.0,,0.0,1,0.31,0.5,SPY230414C00419000,419.0,normalDay
2023-03-30,17469.0,-762.0,0.0,100,403.7,411.0,0,0.0,0.0,,0.0,1,0.31,0.63,SPY230414C00419000,419.0,normalDay
2023-03-31,17469.0,-291.0,0.0,100,409.39,411.0,0,0.0,0.0,,0.0,1,0.31,1.61,SPY230414C00419000,419.0,normalDay
2023-04-03,17469.0,-132.0,0.0,100,410.95,411.0,0,0.0,0.0,,0.0,1,0.31,1.58,SPY230414C00419000,419.0,normalDay
2023-04-04,17469.0,-294.0,0.0,100,408.67,411.0,0,0.0,0.0,,0.0,1,0.31,0.92,SPY230414C00419000,419.0,normalDay
2023-04-05,17469.0,-364.0,0.0,100,407.6,411.0,0,0.0,0.0,,0.0,1,0.31,0.55,SPY230414C00419000,419.0,normalDay
2023-04-06,17469.0,-202.0,0.0,100,409.19,411.0,0,0.0,0.0,,0.0,1,0.31,0.52,SPY230414C00419000,419.0,normalDay
2023-04-10,17469.0,-138.0,0.0,100,409.61,411.0,0,0.0,0.0,,0.0,1,0.31,0.3,SPY230414C00419000,419.0,normalDay
2023-04-11,17469.0,-124.0,0.0,100,409.72,411.0,0,0.0,0.0,,0.0,1,0.31,0.27,SPY230414C00419000,419.0,normalDay
2023-04-12,17469.0,-267.0,0.0,100,408.05,411.0,0,0.0,0.0,,0.0,1,0.31,0.03,SPY230414C00419000,419.0,normalDay
2023-04-13,17469.0,271.0,0.0,100,413.47,411.0,0,0.0,0.0,,0.0,1,0.31,0.07,SPY230414C00419000,419.0,normalDay
2023-04-14,17500.0,146.0,31.0,100,412.46,411.0,0,0.0,0.0,,0.0,1,0.31,0.0,SPY230414C00419000,419.0,expirationDay
2023-04-17,17500.0,291.0,0.0,100,413.94,411.0,0,0.0,0.0,,0.0,1,0.07,0.1,SPY230505C00440000,440.0,normalDay
2023-04-18,17500.0,320.0,0.0,100,414.21,411.0,0,0.0,0.0,,0.0,1,0.07,0.08,SPY230505C00440000,440.0,normalDay
2023-04-19,17500.0,316.0,0.0,100,414.14,411.0,0,0.0,0.0,,0.0,1,0.07,0.05,SPY230505C00440000,440.0,normalDay
2023-04-20,17500.0,91.0,0.0,100,411.88,411.0,0,0.0,0.0,,0.0,1,0.07,0.04,SPY230505C00440000,440.0,normalDay
2023-04-21,17500.0,124.0,0.0,100,412.2,411.0,0,0.0,0.0,,0.0,1,0.07,0.03,SPY230505C00440000,440.0,normalDay
2023-04-24,17500.0,168.0,0.0,100,412.63,411.0,0,0.0,0.0,,0.0,1,0.07,0.02,SPY230505C00440000,440.0,normalDay
2023-04-25,17500.0,-487.0,0.0,100,406.08,411.0,0,0.0,0.0,,0.0,1,0.07,0.02,SPY230505C00440000,440.0,normalDay
2023-04-26,17500.0,-658.0,0.0,100,404.36,411.0,0,0.0,0.0,,0.0,1,0.07,0.01,SPY230505C00440000,440.0,normalDay
2023-04-27,17500.0,146.0,0.0,100,412.41,411.0,0,0.0,0.0,,0.0,1,0.07,0.02,SPY230505C00440000,440.0,normalDay
2023-04-28,17500.0,498.0,0.0,100,415.93,411.0,0,0.0,0.0,,0.0,1,0.07,0.02,SPY230505C00440000,440.0,normalDay
2023-05-01,17500.0,457.0,0.0,100,415.51,411.0,0,0.0,0.0,,0.0,1,0.07,0.01,SPY230505C00440000,440.0,normalDay
2023-05-02,17500.0,-10.0,0.0,100,410.84,411.0,0,0.0,0.0,,0.0,1,0.07,0.01,SPY230505C00440000,440.0,normalDay
2023-05-03,17500.0,-292.0,0.0,100,408.02,411.0,0,0.0,0.0,,0.0,1,0.07,0.01,SPY230505C00440000,440.0,normalDay
2023-05-04,17500.0,-581.0,0.0,100,405.13,411.0,0,0.0,0.0,,0.0,1,0.07,0.01,SPY230505C00440000,440.0,normalDay
2023-05-05,17507.0,163.0,7.0,100,412.63,411.0,0,0.0,0.0,,0.0,1,0.07,0.0,SPY230505C00440000,440.0,expirationDay
2023-05-08,17507.0,171.0,0.0,100,412.74,411.0,0,0.0,0.0,,0.0,1,0.38,0.41,SPY230526C00427000,427.0,normalDay
2023-05-09,17507.0,-1.0,0.0,100,410.93,411.0,0,0.0,0.0,,0.0,1,0.38,0.32,SPY230526C00427000,427.0,normalDay
2023-05-10,17507.0,188.0,0.0,100,412.85,411.0,0,0.0,0.0,,0.0,1,0.38,0.35,SPY230526C00427000,427.0,normalDay
2023-05-11,17507.0,130.0,0.0,100,412.13,411.0,0,0.0,0.0,,0.0,1,0.38,0.21,SPY230526C00427000,427.0,normalDay
2023-05-12,17507.0,87.0,0.0,100,411.59,411.0,0,0.0,0.0,,0.0,1,0.38,0.1,SPY230526C00427000,427.0,normalDay
2023-05-15,17507.0,228.0,0.0,100,413.01,411.0,0,0.0,0.0,,0.0,1,0.38,0.11,SPY230526C00427000,427.0,normalDay
2023-05-16,17507.0,-45.0,0.0,100,410.25,411.0,0,0.0,0.0,,0.0,1,0.38,0.08,SPY230526C00427000,427.0,normalDay
2023-05-17,17507.0,441.0,0.0,100,415.23,411.0,0,0.0,0.0,,0.0,1,0.38,0.2,SPY230526C00427000,427.0,normalDay
2023-05-18,17507.0,811.0,0.0,100,419.23,411.0,0,0.0,0.0,,0.0,1,0.38,0.5,SPY230526C00427000,427.0,normalDay
2023-05-19,17507.0,764.0,0.0,100,418.62,411.0,0,0.0,0.0,,0.0,1,0.38,0.36,SPY230526C00427000,427.0,normalDay
2023-05-22,17507.0,795.0,0.0,100,418.79,411.0,0,0.0,0.0,,0.0,1,0.38,0.22,SPY230526C00427000,427.0,normalDay
2023-05-23,17507.0,343.0,0.0,100,414.09,411.0,0,0.0,0.0,,0.0,1,0.38,0.04,SPY230526C00427000,427.0,normalDay
2023-05-24,17507.0,45.0,0.0,100,411.09,411.0,0,0.0,0.0,,0.0,1,0.38,0.02,SPY230526C00427000,427.0,normalDay
2023-05-25,17507.0,402.0,0.0,100,414.65,411.0,0,0.0,0.0,,0.0,1,0.38,0.01,SPY230526C00427000,427.0,normalDay
2023-05-26,17545.0,902.0,38.0,100,420.02,411.0,0,0.0,0.0,,0.0,1,0.38,0.0,SPY230526C00427000,427.0,expirationDay
2023-05-30,17545.0,915.0,0.0,100,420.18,411.0,0,0.0,0.0,,0.0,1,0.82,0.85,SPY230616C00433000,433.0,normalDay
2023-05-31,17545.0,728.0,0.0,100,417.85,411.0,0,0.0,0.0,,0.0,1,0.82,0.39,SPY230616C00433000,433.0,normalDay
2023-06-01,17545.0,1099.0,0.0,100,421.82,411.0,0,0.0,0.0,,0.0,1,0.82,0.65,SPY230616C00433000,433.0,normalDay
2023-06-02,17545.0,1574.0,0.0,100,427.92,411.0,0,0.0,0.0,,0.0,1,0.82,2.0,SPY230616C00433000,433.0,normalDay
2023-06-05,17545.0,1540.0,0.0,100,427.1,411.0,0,0.0,0.0,,0.0,1,0.82,1.52,SPY230616C00433000,433.0,normalDay
2023-06-06,17545.0,1626.0,0.0,100,428.03,411.0,0,0.0,0.0,,0.0,1,0.82,1.59,SPY230616C00433000,433.0,normalDay
2023-06-07,17545.0,1546.0,0.0,100,426.55,411.0,0,0.0,0.0,,0.0,1,0.82,0.91,SPY230616C00433000,433.0,normalDay
2023-06-08,17545.0,1763.0,0.0,100,429.13,411.0,0,0.0,0.0,,0.0,1,0.82,1.32,SPY230616C00433000,433.0,normalDay
2023-06-09,17545.0,1810.0,0.0,100,429.9,411.0,0,0.0,0.0,,0.0,1,0.82,1.62,SPY230616C00433000,433.0,normalDay
2023-06-12,17545.0,2030.0,0.0,100,433.8,411.0,0,0.0,0.0,,0.0,1,0.82,3.32,SPY230616C00433000,433.0,normalDay
2023-06-13,17545.0,2165.0,0.0,100,436.66,411.0,0,0.0,0.0,,0.0,1,0.82,4.83,SPY230616C00433000,433.0,normalDay
2023-06-14,17545.0,2197.0,0.0,100,437.18,411.0,0,0.0,0.0,,0.0,1,0.82,5.03,SPY230616C00433000,433.0,normalDay
2023-06-15,17545.0,2320.0,0.0,100,442.6,411.0,0,0.0,0.0,,0.0,1,0.82,9.22,SPY230616C00433000,433.0,normalDay
2023-06-16,19827.0,2320.0,2282.0,0,439.46,0.0,0,0.0,0.0,,0.0,1,0.82,0.0,SPY230616C00433000,433.0,expirationDay
2023-06-20,19827.0,-3.0,0.0,0,437.18,0.0,1,0.2,0.23,SPY230630P00419000,419.0,0,0.0,0.0,,0.0,normalDay
2023-06-21,19827.0,-1.0,0.0,0,434.94,0.0,1,0.2,0.21,SPY230630P00419000,419.0,0,0.0,0.0,,0.0,normalDay
2023-06-22,19827.0,9.0,0.0,0,436.51,0.0,1,0.2,0.11,SPY230630P00419000,419.0,0,0.0,0.0,,0.0,normalDay
2023-06-23,19827.0,4.0,0.0,0,433.21,0.0,1,0.2,0.16,SPY230630P00419000,419.0,0,0.0,0.0,,0.0,normalDay
2023-06-26,19827.0,6.0,0.0,0,431.44,0.0,1,0.2,0.14,SPY230630P00419000,419.0,0,0.0,0.0,,0.0,normalDay
2023-06-27,19827.0,12.0,0.0,0,436.17,0.0,1,0.2,0.08,SPY230630P00419000,419.0,0,0.0,0.0,,0.0,normalDay
2023-06-28,19827.0,16.0,0.0,0,436.39,0.0,1,0.2,0.04,SPY230630P00419000,419.0,0,0.0,0.0,,0.0,normalDay
2023-06-29,19827.0,17.0,0.0,0,438.11,0.0,1,0.2,0.03,SPY230630P00419000,419.0,0,0.0,0.0,,0.0,normalDay
2023-06-30,19847.0,0.0,20.0,0,443.28,0.0,1,0.2,0.0,SPY230630P00419000,419.0,0,0.0,0.0,,0.0,expirationDay
2023-07-03,19847.0,-4.0,0.0,0,443.79,0.0,1,0.42,0.46,SPY230714P00431000,431.0,0,0.0,0.0,,0.0,normalDay
2023-07-05,19847.0,0.0,0.0,0,443.13,0.0,1,0.42,0.42,SPY230714P00431000,431.0,0,0.0,0.0,,0.0,normalDay
2023-07-06,19847.0,-34.0,0.0,0,439.66,0.0,1,0.42,0.76,SPY230714P00431000,431.0,0,0.0,0.0,,0.0,normalDay
2023-07-07,19847.0,-10.0,0.0,0,438.55,0.0,1,0.42,0.52,SPY230714P00431000,431.0,0,0.0,0.0,,0.0,normalDay
2023-07-10,19847.0,11.0,0.0,0,439.66,0.0,1,0.42,0.31,SPY230714P00431000,431.0,0,0.0,0.0,,0.0,normalDay
2023-07-11,19847.0,23.0,0.0,0,442.46,0.0,1,0.42,0.19,SPY230714P00431000,431.0,0,0.0,0.0,,0.0,normalDay
2023-07-12,19847.0,37.0,0.0,0,446.02,0.0,1,0.42,0.05,SPY230714P00431000,431.0,0,0.0,0.0,,0.0,normalDay
2023-07-13,19847.0,38.0,0.0,0,449.56,0.0,1,0.42,0.04,SPY230714P00431000,431.0,0,0.0,0.0,,0.0,normalDay
2023-07-14,19889.0,0.0,42.0,0,449.28,0.0,1,0.42,0.0,SPY230714P00431000,431.0,0,0.0,0.0,,0.0,expirationDay
2023-07-17,19889.0,-3.0,0.0,0,450.84,0.0,1,0.43,0.46,SPY230728P00436000,436.0,0,0.0,0.0,,0.0,normalDay
2023-07-18,19889.0,15.0,0.0,0,454.19,0.0,1,0.43,0.28,SPY230728P00436000,436.0,0,0.0,0.0,,0.0,normalDay
2023-07-19,19889.0,19.0,0.0,0,455.2,0.0,1,0.43,0.24,SPY230728P00436000,436.0,0,0.0,0.0,,0.0,normalDay
2023-07-20,19889.0,15.0,0.0,0,452.18,0.0,1,0.43,0.28,SPY230728P00436000,436.0,0,0.0,0.0,,0.0,normalDay
2023-07-21,19889.0,29.0,0.0,0,452.18,0.0,1,0.43,0.14,SPY230728P00436000,436.0,0,0.0,0.0,,0.0,normalDay
2023-07-24,19889.0,36.0,0.0,0,454.2,0.0,1,0.43,0.07,SPY230728P00436000,436.0,0,0.0,0.0,,0.0,normalDay
2023-07-25,19889.0,37.0,0.0,0,455.44,0.0,1,0.43,0.06,SPY230728P00436000,436.0,0,0.0,0.0,,0.0,normalDay
2023-07-26,19889.0,40.0,0.0,0,455.51,0.0,1,0.43,0.03,SPY230728P00436000,436.0,0,0.0,0.0,,0.0,normalDay
2023-07-27,19889.0,38.0,0.0,0,452.49,0.0,1,0.43,0.05,SPY230728P00436000,436.0,0,0.0,0.0,,0.0,normalDay
2023-07-28,19932.0,0.0,43.0,0,456.92,0.0,1,0.43,0.0,SPY230728P00436000,436.0,0,0.0,0.0,,0.0,expirationDay
2023-07-31,19932.0,-3.0,0.0,0,457.79,0.0,1,0.46,0.49,SPY230811P00444000,444.0,0,0.0,0.0,,0.0,normalDay
2023-08-01,19932.0,-8.0,0.0,0,456.48,0.0,1,0.46,0.54,SPY230811P00444000,444.0,0,0.0,0.0,,0.0,normalDay
2023-08-02,19932.0,-116.0,0.0,0,450.13,0.0,1,0.46,1.62,SPY230811P00444000,444.0,0,0.0,0.0,,0.0,normalDay
2023-08-03,19932.0,-100.0,0.0,0,448.84,0.0,1,0.46,1.46,SPY230811P00444000,444.0,0,0.0,0.0,,0.0,normalDay
2023-08-04,19932.0,-174.0,0.0,0,446.81,0.0,1,0.46,2.2,SPY230811P00444000,444.0,0,0.0,0.0,,0.0,normalDay
2023-08-07,19932.0,-21.0,0.0,0,450.71,0.0,1,0.46,0.67,SPY230811P00444000,444.0,0,0.0,0.0,,0.0,normalDay
2023-08-08,19932.0,-38.0,0.0,0,448.75,0.0,1,0.46,0.84,SPY230811P00444000,444.0,0,0.0,0.0,,0.0,normalDay
2023-08-09,19932.0,-99.0,0.0,0,445.75,0.0,1,0.46,1.45,SPY230811P00444000,444.0,0,0.0,0.0,,0.0,normalDay
2023-08-10,19932.0,-41.0,0.0,0,445.91,0.0,1,0.46,0.87,SPY230811P00444000,444.0,0,0.0,0.0,,0.0,normalDay
2023-08-11,19978.0,0.0,46.0,0,445.65,0.0,1,0.46,0.0,SPY230811P00444000,444.0,0,0.0,0.0,,0.0,expirationDay
2023-08-14,19978.0,-3.0,0.0,0,448.11,0.0,1,3.65,3.68,SPY230825P00448000,448.0,0,0.0,0.0,,0.0,normalDay
2023-08-15,19978.0,-314.0,0.0,0,442.89,0.0,1,3.65,6.79,SPY230825P00448000,448.0,0,0.0,0.0,,0.0,normalDay
2023-08-16,19978.0,-519.0,0.0,0,439.64,0.0,1,3.65,8.84,SPY230825P00448000,448.0,0,0.0,0.0,,0.0,normalDay
2023-08-17,19978.0,-838.0,0.0,0,436.29,0.0,1,3.65,12.03,SPY230825P00448000,448.0,0,0.0,0.0,,0.0,normalDay
2023-08-18,19978.0,-792.0,0.0,0,436.5,0.0,1,3.65,11.57,SPY230825P00448000,448.0,0,0.0,0.0,,0.0,normalDay
2023-08-21,19978.0,-554.0,0.0,0,439.34,0.0,1,3.65,9.19,SPY230825P00448000,448.0,0,0.0,0.0,,0.0,normalDay
2023-08-22,19978.0,-633.0,0.0,0,438.15,0.0,1,3.65,9.98,SPY230825P00448000,448.0,0,0.0,0.0,,0.0,normalDay
2023-08-23,19978.0,-177.0,0.0,0,443.03,0.0,1,3.65,5.42,SPY230825P00448000,448.0,0,0.0,0.0,,0.0,normalDay
2023-08-24,19978.0,-762.0,0.0,0,436.89,0.0,1,3.65,11.27,SPY230825P00448000,448.0,0,0.0,0.0,,0.0,normalDay
2023-08-25,20343.0,-803.0,365.0,100,439.97,448.0,1,3.65,0.0,SPY230825P00448000,448.0,0,0.0,0.0,,0.0,expirationDay
2023-08-28,20343.0,-527.0,0.0,100,442.76,448.0,0,0.0,0.0,,0.0,1,0.02,0.05,SPY230915C00471000,471.0,normalDay
2023-08-29,20343.0,105.0,0.0,100,449.16,448.0,0,0.0,0.0,,0.0,1,0.02,0.13,SPY230915C00471000,471.0,normalDay
2023-08-30,20343.0,289.0,0.0,100,451.01,448.0,0,0.0,0.0,,0.0,1,0.02,0.14,SPY230915C00471000,471.0,normalDay
2023-08-31,20343.0,228.0,0.0,100,450.35,448.0,0,0.0,0.0,,0.0,1,0.02,0.09,SPY230915C00471000,471.0,normalDay
2023-09-01,20343.0,316.0,0.0,100,451.19,448.0,0,0.0,0.0,,0.0,1,0.02,0.05,SPY230915C00471000,471.0,normalDay
2023-09-05,20343.0,123.0,0.0,100,449.24,448.0,0,0.0,0.0,,0.0,1,0.02,0.03,SPY230915C00471000,471.0,normalDay
2023-09-06,20343.0,-178.0,0.0,100,446.22,448.0,0,0.0,0.0,,0.0,1,0.02,0.02,SPY230915C00471000,471.0,normalDay
2023-09-07,20343.0,-315.0,0.0,100,444.85,448.0,0,0.0,0.0,,0.0,1,0.02,0.02,SPY230915C00471000,471.0,normalDay
2023-09-08,20343.0,-247.0,0.0,100,445.52,448.0,0,0.0,0.0,,0.0,1,0.02,0.01,SPY230915C00471000,471.0,normalDay
2023-09-11,20343.0,46.0,0.0,100,448.45,448.0,0,0.0,0.0,,0.0,1,0.02,0.01,SPY230915C00471000,471.0,normalDay
2023-09-12,20343.0,-200.0,0.0,100,445.99,448.0,0,0.0,0.0,,0.0,1,0.02,0.01,SPY230915C00471000,471.0,normalDay
2023-09-13,20343.0,-148.0,0.0,100,446.51,448.0,0,0.0,0.0,,0.0,1,0.02,0.01,SPY230915C00471000,471.0,normalDay
2023-09-14,20343.0,237.0,0.0,100,450.36,448.0,0,0.0,0.0,,0.0,1,0.02,0.01,SPY230915C00471000,471.0,normalDay
2023-09-15,20345.0,-463.0,2.0,100,443.37,448.0,0,0.0,0.0,,0.0,1,0.02,0.0,SPY230915C00471000,471.0,expirationDay
2023-09-18,20345.0,-440.0,0.0,100,443.63,448.0,0,0.0,0.0,,0.0,1,0.04,0.07,SPY231006C00466000,466.0,normalDay
2023-09-19,20345.0,-531.0,0.0,100,442.71,448.0,0,0.0,0.0,,0.0,1,0.04,0.06,SPY231006C00466000,466.0,normalDay
2023-09-20,20345.0,-936.0,0.0,100,438.64,448.0,0,0.0,0.0,,0.0,1,0.04,0.04,SPY231006C00466000,466.0,normalDay
2023-09-21,20345.0,-1659.0,0.0,100,431.39,448.0,0,0.0,0.0,,0.0,1,0.04,0.02,SPY231006C00466000,466.0,normalDay
2023-09-22,20345.0,-1756.0,0.0,100,430.42,448.0,0,0.0,0.0,,0.0,1,0.04,0.02,SPY231006C00466000,466.0,normalDay
2023-09-25,20345.0,-1574.0,0.0,100,432.23,448.0,0,0.0,0.0,,0.0,1,0.04,0.01,SPY231006C00466000,466.0,normalDay
2023-09-26,20345.0,-2210.0,0.0,100,425.88,448.0,0,0.0,0.0,,0.0,1,0.04,0.02,SPY231006C00466000,466.0,normalDay
2023-09-27,20345.0,-2192.0,0.0,100,426.05,448.0,0,0.0,0.0,,0.0,1,0.04,0.01,SPY231006C00466000,466.0,normalDay
2023-09-28,20345.0,-1945.0,0.0,100,428.52,448.0,0,0.0,0.0,,0.0,1,0.04,0.01,SPY231006C00466000,466.0,normalDay
2023-09-29,20345.0,-2049.0,0.0,100,427.48,448.0,0,0.0,0.0,,0.0,1,0.04,0.01,SPY231006C00466000,466.0,normalDay
2023-10-02,20345.0,-2066.0,0.0,100,427.31,448.0,0,0.0,0.0,,0.0,1,0.04,0.01,SPY231006C00466000,466.0,normalDay
2023-10-03,20345.0,-2638.0,0.0,100,421.59,448.0,0,0.0,0.0,,0.0,1,0.04,0.01,SPY231006C00466000,466.0,normalDay
2023-10-04,20345.0,-2331.0,0.0,100,424.66,448.0,0,0.0,0.0,,0.0,1,0.04,0.01,SPY231006C00466000,466.0,normalDay
2023-10-05,20345.0,-2347.0,0.0,100,424.5,448.0,0,0.0,0.0,,0.0,1,0.04,0.01,SPY231006C00466000,466.0,normalDay
2023-10-06,20349.0,-1846.0,4.0,100,429.54,448.0,0,0.0,0.0,,0.0,1,0.04,0.0,SPY231006C00466000,466.0,expirationDay
2023-10-09,20349.0,-1571.0,0.0,100,432.29,448.0,0,0.0,0.0,,0.0,0,0.0,0.0,,0.0,bidTooLow
2023-10-10,20349.0,-1346.0,0.0,100,434.54,448.0,0,0.0,0.0,,0.0,0,0.0,0.0,,0.0,bidTooLow
2023-10-11,20349.0,-1168.0,0.0,100,436.32,448.0,0,0.0,0.0,,0.0,0,0.0,0.0,,0.0,bidTooLow
2023-10-12,20349.0,-1437.0,0.0,100,433.66,448.0,0,0.0,0.0,,0.0,1,0.01,0.04,SPY231027C00463000,463.0,normalDay
2023-10-13,20349.0,-1652.0,0.0,100,431.5,448.0,0,0.0,0.0,,0.0,1,0.01,0.03,SPY231027C00463000,463.0,normalDay
2023-10-16,20349.0,-1198.0,0.0,100,436.04,448.0,0,0.0,0.0,,0.0,1,0.01,0.03,SPY231027C00463000,463.0,normalDay
2023-10-17,20349.0,-1200.0,0.0,100,436.02,448.0,0,0.0,0.0,,0.0,1,0.01,0.03,SPY231027C00463000,463.0,normalDay
2023-10-18,20349.0,-1780.0,0.0,100,430.21,448.0,0,0.0,0.0,,0.0,1,0.01,0.02,SPY231027C00463000,463.0,normalDay
2023-10-19,20349.0,-2158.0,0.0,100,426.43,448.0,0,0.0,0.0,,0.0,1,0.01,0.02,SPY231027C00463000,463.0,normalDay
2023-10-20,20349.0,-2681.0,0.0,100,421.19,448.0,0,0.0,0.0,,0.0,1,0.01,0.01,SPY231027C00463000,463.0,normalDay
2023-10-23,20349.0,-2754.0,0.0,100,420.46,448.0,0,0.0,0.0,,0.0,1,0.01,0.01,SPY231027C00463000,463.0,normalDay
2023-10-24,20349.0,-2437.0,0.0,100,423.63,448.0,0,0.0,0.0,,0.0,1,0.01,0.01,SPY231027C00463000,463.0,normalDay
2023-10-25,20349.0,-3045.0,0.0,100,417.55,448.0,0,0.0,0.0,,0.0,1,0.01,0.01,SPY231027C00463000,463.0,normalDay
2023-10-26,20349.0,-3545.0,0.0,100,412.55,448.0,0,0.0,0.0,,0.0,1,0.01,0.01,SPY231027C00463000,463.0,normalDay
2023-10-27,20350.0,-3732.0,1.0,100,410.68,448.0,0,0.0,0.0,,0.0,1,0.01,0.0,SPY231027C00463000,463.0,expirationDay
2023-10-30,20350.0,-3241.0,0.0,100,415.59,448.0,0,0.0,0.0,,0.0,0,0.0,0.0,,0.0,bidTooLow
2023-10-31,20350.0,-2980.0,0.0,100,418.2,448.0,0,0.0,0.0,,0.0,0,0.0,0.0,,0.0,bidTooLow
2023-11-01,20350.0,-2534.0,0.0,100,422.66,448.0,0,0.0,0.0,,0.0,0,0.0,0.0,,0.0,bidTooLow
2023-11-02,20350.0,-1724.0,0.0,100,430.76,448.0,0,0.0,0.0,,0.0,0,0.0,0.0,,0.0,bidTooLow
2023-11-03,20350.0,-1331.0,0.0,100,434.69,448.0,0,0.0,0.0,,0.0,0,0.0,0.0,,0.0,bidTooLow
2023-11-06,20350.0,-1231.0,0.0,100,435.69,448.0,0,0.0,0.0,,0.0,0,0.0,0.0,,0.0,bidTooLow
2023-11-07,20350.0,-1107.0,0.0,100,436.93,448.0,0,0.0,0.0,,0.0,0,0.0,0.0,,0.0,bidTooLow
2023-11-08,20350.0,-1075.0,0.0,100,437.25,448.0,0,0.0,0.0,,0.0,0,0.0,0.0,,0.0,bidTooLow
2023-11-09,20350.0,-1416.0,0.0,100,433.84,448.0,0,0.0,0.0,,0.0,0,0.0,0.0,,0.0,bidTooLow
2023-11-10,20350.0,-739.0,0.0,100,440.61,448.0,0,0.0,0.0,,0.0,0,0.0,0.0,,0.0,bidTooLow
2023-11-13,20350.0,-781.0,0.0,100,440.19,448.0,0,0.0,0.0,,0.0,0,0.0,0.0,,0.0,bidTooLow
2023-11-14,20350.0,70.0,0.0,100,448.73,448.0,0,0.0,0.0,,0.0,1,0.02,0.05,SPY231201C00478000,478.0,normalDay
2023-11-15,20350.0,166.0,0.0,100,449.68,448.0,0,0.0,0.0,,0.0,1,0.02,0.04,SPY231201C00478000,478.0,normalDay
2023-11-16,20350.0,222.0,0.0,100,450.23,448.0,0,0.0,0.0,,0.0,1,0.02,0.03,SPY231201C00478000,478.0,normalDay
2023-11-17,20350.0,278.0,0.0,100,450.79,448.0,0,0.0,0.0,,0.0,1,0.02,0.03,SPY231201C00478000,478.0,normalDay
2023-11-20,20350.0,625.0,0.0,100,454.26,448.0,0,0.0,0.0,,0.0,1,0.02,0.03,SPY231201C00478000,478.0,normalDay
2023-11-21,20350.0,526.0,0.0,100,453.27,448.0,0,0.0,0.0,,0.0,1,0.02,0.03,SPY231201C00478000,478.0,normalDay
2023-11-22,20350.0,702.0,0.0,100,455.02,448.0,0,0.0,0.0,,0.0,1,0.02,0.02,SPY231201C00478000,478.0,normalDay
2023-11-24,20350.0,731.0,0.0,100,455.3,448.0,0,0.0,0.0,,0.0,1,0.02,0.01,SPY231201C00478000,478.0,normalDay
2023-11-27,20350.0,649.0,0.0,100,454.48,448.0,0,0.0,0.0,,0.0,1,0.02,0.01,SPY231201C00478000,478.0,normalDay
2023-11-28,20350.0,694.0,0.0,100,454.93,448.0,0,0.0,0.0,,0.0,1,0.02,0.01,SPY231201C00478000,478.0,normalDay
2023-11-29,20350.0,662.0,0.0,100,454.61,448.0,0,0.0,0.0,,0.0,1,0.02,0.01,SPY231201C00478000,478.0,normalDay
2023-11-30,20350.0,841.0,0.0,100,456.4,448.0,0,0.0,0.0,,0.0,1,0.02,0.01,SPY231201C00478000,478.0,normalDay
