date,totalCapital,unrializedPnL,rializedPnL,stocksOwned,stocksPriceToday,stocksPriceBoughtAt,putOwned,putOwnedSoldAt,putPriceToday,putOwnedContract,putOwnedStrike,callOwned,callOwnedSoldAt,callPriceToday,callOwnedContract,callOwnedStrike,trackType
2018-11-01,0.0,-5.0,0.0,0,273.51,0.0,1,2.68,2.73,SPY181221P00257000,257.0,0,0.0,0.0,,0.0,normalDay
2018-11-02,0.0,-24.0,0.0,0,271.89,0.0,1,2.68,2.92,SPY181221P00257000,257.0,0,0.0,0.0,,0.0,normalDay
2018-11-05,0.0,14.0,0.0,0,273.39,0.0,1,2.68,2.54,SPY181221P00257000,257.0,0,0.0,0.0,,0.0,normalDay
2018-11-06,0.0,49.0,0.0,0,275.12,0.0,1,2.68,2.19,SPY181221P00257000,257.0,0,0.0,0.0,,0.0,normalDay
2018-11-07,0.0,157.0,0.0,0,281.01,0.0,1,2.68,1.11,SPY181221P00257000,257.0,0,0.0,0.0,,0.0,normalDay
2018-11-08,0.0,153.0,0.0,0,280.5,0.0,1,2.68,1.15,SPY181221P00257000,257.0,0,0.0,0.0,,0.0,normalDay
2018-11-09,0.0,119.0,0.0,0,277.76,0.0,1,2.68,1.49,SPY181221P00257000,257.0,0,0.0,0.0,,0.0,normalDay
2018-11-12,0.0,32.0,0.0,0,272.57,0.0,1,2.68,2.36,SPY181221P00257000,257.0,0,0.0,0.0,,0.0,normalDay
2018-11-13,0.0,26.0,0.0,0,272.06,0.0,1,2.68,2.42,SPY181221P00257000,257.0,0,0.0,0.0,,0.0,normalDay
2018-11-14,0.0,-21.0,0.0,0,270.2,0.0,1,2.68,2.89,SPY181221P00257000,257.0,0,0.0,0.0,,0.0,normalDay
2018-11-15,0.0,60.0,0.0,0,273.02,0.0,1,2.68,2.08,SPY181221P00257000,257.0,0,0.0,0.0,,0.0,normalDay
2018-11-16,0.0,107.0,0.0,0,273.73,0.0,1,2.68,1.61,SPY181221P00257000,257.0,0,0.0,0.0,,0.0,normalDay
2018-11-19,0.0,22.0,0.0,0,269.1,0.0,1,2.68,2.46,SPY181221P00257000,257.0,0,0.0,0.0,,0.0,normalDay
2018-11-20,0.0,-139.0,0.0,0,264.12,0.0,1,2.68,4.07,SPY181221P00257000,257.0,0,0.0,0.0,,0.0,normalDay
2018-11-21,0.0,-64.0,0.0,0,265.02,0.0,1,2.68,3.32,SPY181221P00257000,257.0,0,0.0,0.0,,0.0,normalDay
2018-11-23,0.0,-121.0,0.0,0,263.25,0.0,1,2.68,3.89,SPY181221P00257000,257.0,0,0.0,0.0,,0.0,normalDay
2018-11-26,0.0,73.0,0.0,0,267.5,0.0,1,2.68,1.95,SPY181221P00257000,257.0,0,0.0,0.0,,0.0,normalDay
2018-11-27,0.0,80.0,0.0,0,268.4,0.0,1,2.68,1.88,SPY181221P00257000,257.0,0,0.0,0.0,,0.0,normalDay
2018-11-28,0.0,170.0,0.0,0,274.58,0.0,1,2.68,0.98,SPY181221P00257000,257.0,0,0.0,0.0,,0.0,normalDay
2018-11-29,0.0,160.0,0.0,0,273.98,0.0,1,2.68,1.08,SPY181221P00257000,257.0,0,0.0,0.0,,0.0,normalDay
2018-11-30,0.0,185.0,0.0,0,275.65,0.0,1,2.68,0.83,SPY181221P00257000,257.0,0,0.0,0.0,,0.0,normalDay
2018-12-03,0.0,232.0,0.0,0,279.3,0.0,1,2.68,0.36,SPY181221P00257000,257.0,0,0.0,0.0,,0.0,normalDay
2018-12-04,0.0,117.0,0.0,0,270.25,0.0,1,2.68,1.51,SPY181221P00257000,257.0,0,0.0,0.0,,0.0,normalDay
2018-12-06,0.0,121.0,0.0,0,269.84,0.0,1,2.68,1.47,SPY181221P00257000,257.0,0,0.0,0.0,,0.0,normalDay
2018-12-07,0.0,-42.0,0.0,0,263.57,0.0,1,2.68,3.1,SPY181221P00257000,257.0,0,0.0,0.0,,0.0,normalDay
2018-12-10,0.0,59.0,0.0,0,264.07,0.0,1,2.68,2.09,SPY181221P00257000,257.0,0,0.0,0.0,,0.0,normalDay
2018-12-11,0.0,85.0,0.0,0,264.13,0.0,1,2.68,1.83,SPY181221P00257000,257.0,0,0.0,0.0,,0.0,normalDay
2018-12-12,0.0,125.0,0.0,0,265.46,0.0,1,2.68,1.43,SPY181221P00257000,257.0,0,0.0,0.0,,0.0,normalDay
2018-12-13,0.0,162.0,0.0,0,265.37,0.0,1,2.68,1.06,SPY181221P00257000,257.0,0,0.0,0.0,,0.0,normalDay
2018-12-14,0.0,47.0,0.0,0,260.47,0.0,1,2.68,2.21,SPY181221P00257000,257.0,0,0.0,0.0,,0.0,normalDay
2018-12-17,0.0,-209.0,0.0,0,255.36,0.0,1,2.68,4.77,SPY181221P00257000,257.0,0,0.0,0.0,,0.0,normalDay
2018-12-18,0.0,-275.0,0.0,0,255.08,0.0,1,2.68,5.43,SPY181221P00257000,257.0,0,0.0,0.0,,0.0,normalDay
2018-12-19,0.0,-467.0,0.0,0,251.26,0.0,1,2.68,7.35,SPY181221P00257000,257.0,0,0.0,0.0,,0.0,normalDay
2018-12-20,0.0,-796.0,0.0,0,247.17,0.0,1,2.68,10.64,SPY181221P00257000,257.0,0,0.0,0.0,,0.0,normalDay
2018-12-21,268.0,-1630.0,268.0,100,240.7,257.0,1,2.68,0.0,SPY181221P00257000,257.0,0,0.0,0.0,,0.0,expirationDay
2018-12-24,268.0,-2266.0,0.0,100,234.34,257.0,0,0.0,0.0,,0.0,0,0.0,0.0,,0.0,bidTooLow
2018-12-26,268.0,-1082.0,0.0,100,246.18,257.0,0,0.0,0.0,,0.0,0,0.0,0.0,,0.0,bidTooLow
2018-12-27,268.0,-893.0,0.0,100,248.07,257.0,0,0.0,0.0,,0.0,0,0.0,0.0,,0.0,bidTooLow
2018-12-28,268.0,-925.0,0.0,100,247.75,257.0,0,0.0,0.0,,0.0,0,0.0,0.0,,0.0,bidTooLow
2018-12-31,268.0,-708.0,0.0,100,249.92,257.0,0,0.0,0.0,,0.0,0,0.0,0.0,,0.0,bidTooLow
2019-01-02,268.0,-682.0,0.0,100,250.18,257.0,0,0.0,0.0,,0.0,0,0.0,0.0,,0.0,bidTooLow
2019-01-03,268.0,-1279.0,0.0,100,244.21,257.0,0,0.0,0.0,,0.0,0,0.0,0.0,,0.0,bidTooLow
2019-01-04,268.0,-461.0,0.0,100,252.39,257.0,0,0.0,0.0,,0.0,0,0.0,0.0,,0.0,bidTooLow
2019-01-07,268.0,-262.0,0.0,100,254.38,257.0,0,0.0,0.0,,0.0,0,0.0,0.0,,0.0,bidTooLow
2019-01-08,268.0,-23.0,0.0,100,256.77,257.0,0,0.0,0.0,,0.0,0,0.0,0.0,,0.0,bidTooLow
2019-01-09,268.0,97.0,0.0,100,257.97,257.0,0,0.0,0.0,,0.0,0,0.0,0.0,,0.0,bidTooLow
2019-01-10,268.0,188.0,0.0,100,258.88,257.0,0,0.0,0.0,,0.0,0,0.0,0.0,,0.0,bidTooLow
2019-01-11,268.0,198.0,0.0,100,258.98,257.0,0,0.0,0.0,,0.0,0,0.0,0.0,,0.0,bidTooLow
2019-01-14,268.0,37.0,0.0,100,257.4,257.0,0,0.0,0.0,,0.0,1,0.01,0.04,SPY190125C00273000,273.0,normalDay
2019-01-15,268.0,330.0,0.0,100,260.35,257.0,0,0.0,0.0,,0.0,1,0.01,0.06,SPY190125C00273000,273.0,normalDay
2019-01-16,268.0,392.0,0.0,100,260.98,257.0,0,0.0,0.0,,0.0,1,0.01,0.07,SPY190125C00273000,273.0,normalDay
2019-01-17,268.0,588.0,0.0,100,262.96,257.0,0,0.0,0.0,,0.0,1,0.01,0.09,SPY190125C00273000,273.0,normalDay
2019-01-18,268.0,923.0,0.0,100,266.46,257.0,0,0.0,0.0,,0.0,1,0.01,0.24,SPY190125C00273000,273.0,normalDay
2019-01-22,268.0,584.0,0.0,100,262.86,257.0,0,0.0,0.0,,0.0,1,0.01,0.03,SPY190125C00273000,273.0,normalDay
2019-01-23,268.0,641.0,0.0,100,263.41,257.0,0,0.0,0.0,,0.0,1,0.01,0.01,SPY190125C00273000,273.0,normalDay
2019-01-24,268.0,655.0,0.0,100,263.55,257.0,0,0.0,0.0,,0.0,1,0.01,0.01,SPY190125C00273000,273.0,normalDay
2019-01-25,269.0,878.0,1.0,100,265.78,257.0,0,0.0,0.0,,0.0,1,0.01,0.0,SPY190125C00273000,273.0,expirationDay
2019-01-28,269.0,673.0,0.0,100,263.76,257.0,0,0.0,0.0,,0.0,1,0.02,0.05,SPY190208C00278000,278.0,normalDay
2019-01-29,269.0,638.0,0.0,100,263.41,257.0,0,0.0,0.0,,0.0,1,0.02,0.05,SPY190208C00278000,278.0,normalDay
2019-01-30,269.0,1049.0,0.0,100,267.58,257.0,0,0.0,0.0,,0.0,1,0.02,0.11,SPY190208C00278000,278.0,normalDay
2019-01-31,269.0,1276.0,0.0,100,269.93,257.0,0,0.0,0.0,,0.0,1,0.02,0.19,SPY190208C00278000,278.0,normalDay
2019-02-01,269.0,1300.0,0.0,100,270.06,257.0,0,0.0,0.0,,0.0,1,0.02,0.08,SPY190208C00278000,278.0,normalDay
2019-02-04,269.0,1492.0,0.0,100,271.96,257.0,0,0.0,0.0,,0.0,1,0.02,0.06,SPY190208C00278000,278.0,normalDay
2019-02-05,269.0,1603.0,0.0,100,273.1,257.0,0,0.0,0.0,,0.0,1,0.02,0.09,SPY190208C00278000,278.0,normalDay
2019-02-06,269.0,1574.0,0.0,100,272.74,257.0,0,0.0,0.0,,0.0,1,0.02,0.02,SPY190208C00278000,278.0,normalDay
2019-02-07,269.0,1315.0,0.0,100,270.14,257.0,0,0.0,0.0,,0.0,1,0.02,0.01,SPY190208C00278000,278.0,normalDay
2019-02-08,271.0,1347.0,2.0,100,270.47,257.0,0,0.0,0.0,,0.0,1,0.02,0.0,SPY190208C00278000,278.0,expirationDay
2019-02-11,271.0,1359.0,0.0,100,270.62,257.0,0,0.0,0.0,,0.0,1,0.02,0.05,SPY190222C00281000,281.0,normalDay
2019-02-12,271.0,1692.0,0.0,100,274.1,257.0,0,0.0,0.0,,0.0,1,0.02,0.2,SPY190222C00281000,281.0,normalDay
2019-02-13,271.0,1779.0,0.0,100,274.99,257.0,0,0.0,0.0,,0.0,1,0.02,0.22,SPY190222C00281000,281.0,normalDay
2019-02-14,271.0,1725.0,0.0,100,274.38,257.0,0,0.0,0.0,,0.0,1,0.02,0.15,SPY190222C00281000,281.0,normalDay
2019-02-15,271.0,2004.0,0.0,100,277.37,257.0,0,0.0,0.0,,0.0,1,0.02,0.35,SPY190222C00281000,281.0,normalDay
2019-02-19,271.0,2071.0,0.0,100,277.85,257.0,0,0.0,0.0,,0.0,1,0.02,0.16,SPY190222C00281000,281.0,normalDay
2019-02-20,271.0,2127.0,0.0,100,278.41,257.0,0,0.0,0.0,,0.0,1,0.02,0.16,SPY190222C00281000,281.0,normalDay
2019-02-21,271.0,2041.0,0.0,100,277.42,257.0,0,0.0,0.0,,0.0,1,0.02,0.03,SPY190222C00281000,281.0,normalDay
2019-02-22,273.0,2214.0,2.0,100,279.14,257.0,0,0.0,0.0,,0.0,1,0.02,0.0,SPY190222C00281000,281.0,expirationDay
2019-02-25,273.0,2249.0,0.0,100,279.52,257.0,0,0.0,0.0,,0.0,1,0.08,0.11,SPY190308C00288000,288.0,normalDay
2019-02-26,273.0,2233.0,0.0,100,279.32,257.0,0,0.0,0.0,,0.0,1,0.08,0.07,SPY190308C00288000,288.0,normalDay
2019-02-27,273.0,2223.0,0.0,100,279.2,257.0,0,0.0,0.0,,0.0,1,0.08,0.05,SPY190308C00288000,288.0,normalDay
2019-02-28,273.0,2174.0,0.0,100,278.68,257.0,0,0.0,0.0,,0.0,1,0.08,0.02,SPY190308C00288000,288.0,normalDay
2019-03-01,273.0,2348.0,0.0,100,280.42,257.0,0,0.0,0.0,,0.0,1,0.08,0.02,SPY190308C00288000,288.0,normalDay
2019-03-04,273.0,2247.0,0.0,100,279.4,257.0,0,0.0,0.0,,0.0,1,0.08,0.01,SPY190308C00288000,288.0,normalDay
2019-03-05,273.0,2209.0,0.0,100,279.02,257.0,0,0.0,0.0,,0.0,1,0.08,0.01,SPY190308C00288000,288.0,normalDay
2019-03-06,273.0,2040.0,0.0,100,277.33,257.0,0,0.0,0.0,,0.0,1,0.08,0.01,SPY190308C00288000,288.0,normalDay
2019-03-07,273.0,1808.0,0.0,100,275.01,257.0,0,0.0,0.0,,0.0,1,0.08,0.01,SPY190308C00288000,288.0,normalDay
2019-03-08,281.0,1746.0,8.0,100,274.46,257.0,0,0.0,0.0,,0.0,1,0.08,0.0,SPY190308C00288000,288.0,expirationDay
2019-03-11,281.0,2141.0,0.0,100,278.44,257.0,0,0.0,0.0,,0.0,1,0.09,0.12,SPY190322C00285000,285.0,normalDay
2019-03-12,281.0,2245.0,0.0,100,279.49,257.0,0,0.0,0.0,,0.0,1,0.09,0.13,SPY190322C00285000,285.0,normalDay
2019-03-13,281.0,2407.0,0.0,100,281.34,257.0,0,0.0,0.0,,0.0,1,0.09,0.36,SPY190322C00285000,285.0,normalDay
2019-03-14,281.0,2404.0,0.0,100,281.16,257.0,0,0.0,0.0,,0.0,1,0.09,0.21,SPY190322C00285000,285.0,normalDay
2019-03-15,281.0,2412.0,0.0,100,281.31,257.0,0,0.0,0.0,,0.0,1,0.09,0.28,SPY190322C00285000,285.0,normalDay
2019-03-18,281.0,2501.0,0.0,100,282.33,257.0,0,0.0,0.0,,0.0,1,0.09,0.41,SPY190322C00285000,285.0,normalDay
2019-03-19,281.0,2513.0,0.0,100,282.4,257.0,0,0.0,0.0,,0.0,1,0.09,0.36,SPY190322C00285000,285.0,normalDay
2019-03-20,281.0,2454.0,0.0,100,281.55,257.0,0,0.0,0.0,,0.0,1,0.09,0.1,SPY190322C00285000,285.0,normalDay
2019-03-21,281.0,2728.0,0.0,100,284.73,257.0,0,0.0,0.0,,0.0,1,0.09,0.54,SPY190322C00285000,285.0,normalDay
2019-03-22,290.0,2225.0,9.0,100,279.25,257.0,0,0.0,0.0,,0.0,1,0.09,0.0,SPY190322C00285000,285.0,expirationDay
2019-03-25,290.0,2201.0,0.0,100,279.04,257.0,0,0.0,0.0,,0.0,1,0.22,0.25,SPY190405C00287500,287.5,normalDay
2019-03-26,290.0,2409.0,0.0,100,281.12,257.0,0,0.0,0.0,,0.0,1,0.22,0.25,SPY190405C00287500,287.5,normalDay
2019-03-27,290.0,2274.0,0.0,100,279.65,257.0,0,0.0,0.0,,0.0,1,0.22,0.13,SPY190405C00287500,287.5,normalDay
2019-03-28,290.0,2380.0,0.0,100,280.71,257.0,0,0.0,0.0,,0.0,1,0.22,0.13,SPY190405C00287500,287.5,normalDay
2019-03-29,290.0,2551.0,0.0,100,282.48,257.0,0,0.0,0.0,,0.0,1,0.22,0.19,SPY190405C00287500,287.5,normalDay
2019-04-01,290.0,2848.0,0.0,100,285.83,257.0,0,0.0,0.0,,0.0,1,0.22,0.57,SPY190405C00287500,287.5,normalDay
2019-04-02,290.0,2872.0,0.0,100,285.97,257.0,0,0.0,0.0,,0.0,1,0.22,0.47,SPY190405C00287500,287.5,normalDay
2019-04-03,290.0,2899.0,0.0,100,286.42,257.0,0,0.0,0.0,,0.0,1,0.22,0.65,SPY190405C00287500,287.5,normalDay
2019-04-04,290.0,2973.0,0.0,100,287.18,257.0,0,0.0,0.0,,0.0,1,0.22,0.67,SPY190405C00287500,287.5,normalDay
2019-04-05,3362.0,2973.0,3072.0,0,288.57,0.0,0,0.0,0.0,,0.0,1,0.22,0.0,SPY190405C00287500,287.5,expirationDay
2019-04-08,3362.0,-4.0,0.0,0,288.79,0.0,1,1.41,1.45,SPY190524P00275000,275.0,0,0.0,0.0,,0.0,normalDay
2019-04-09,3362.0,-43.0,0.0,0,287.31,0.0,1,1.41,1.84,SPY190524P00275000,275.0,0,0.0,0.0,,0.0,normalDay
2019-04-10,3362.0,-4.0,0.0,0,288.29,0.0,1,1.41,1.45,SPY190524P00275000,275.0,0,0.0,0.0,,0.0,normalDay
2019-04-11,3362.0,0.0,0.0,0,288.21,0.0,1,1.41,1.41,SPY190524P00275000,275.0,0,0.0,0.0,,0.0,normalDay
2019-04-12,3362.0,41.0,0.0,0,290.16,0.0,1,1.41,1.0,SPY190524P00275000,275.0,0,0.0,0.0,,0.0,normalDay
2019-04-15,3362.0,45.0,0.0,0,289.97,0.0,1,1.41,0.96,SPY190524P00275000,275.0,0,0.0,0.0,,0.0,normalDay
2019-04-16,3362.0,49.0,0.0,0,290.16,0.0,1,1.41,0.92,SPY190524P00275000,275.0,0,0.0,0.0,,0.0,normalDay
2019-04-17,3362.0,41.0,0.0,0,289.45,0.0,1,1.41,1.0,SPY190524P00275000,275.0,0,0.0,0.0,,0.0,normalDay
2019-04-18,3362.0,54.0,0.0,0,290.02,0.0,1,1.41,0.87,SPY190524P00275000,275.0,0,0.0,0.0,,0.0,normalDay
2019-04-22,3362.0,67.0,0.0,0,290.27,0.0,1,1.41,0.74,SPY190524P00275000,275.0,0,0.0,0.0,,0.0,normalDay
2019-04-23,3362.0,81.0,0.0,0,292.88,0.0,1,1.41,0.6,SPY190524P00275000,275.0,0,0.0,0.0,,0.0,normalDay
2019-04-24,3362.0,72.0,0.0,0,292.23,0.0,1,1.41,0.69,SPY190524P00275000,275.0,0,0.0,0.0,,0.0,normalDay
2019-04-25,3362.0,72.0,0.0,0,292.05,0.0,1,1.41,0.69,SPY190524P00275000,275.0,0,0.0,0.0,,0.0,normalDay
2019-04-26,3362.0,85.0,0.0,0,293.41,0.0,1,1.41,0.56,SPY190524P00275000,275.0,0,0.0,0.0,,0.0,normalDay
2019-04-29,3362.0,90.0,0.0,0,293.87,0.0,1,1.41,0.51,SPY190524P00275000,275.0,0,0.0,0.0,,0.0,normalDay
2019-04-30,3362.0,92.0,0.0,0,294.02,0.0,1,1.41,0.49,SPY190524P00275000,275.0,0,0.0,0.0,,0.0,normalDay
2019-05-01,3362.0,70.0,0.0,0,291.81,0.0,1,1.41,0.71,SPY190524P00275000,275.0,0,0.0,0.0,,0.0,normalDay
2019-05-02,3362.0,72.0,0.0,0,291.18,0.0,1,1.41,0.69,SPY190524P00275000,275.0,0,0.0,0.0,,0.0,normalDay
2019-05-03,3362.0,104.0,0.0,0,294.03,0.0,1,1.41,0.37,SPY190524P00275000,275.0,0,0.0,0.0,,0.0,normalDay
2019-05-06,3362.0,82.0,0.0,0,292.82,0.0,1,1.41,0.59,SPY190524P00275000,275.0,0,0.0,0.0,,0.0,normalDay
2019-05-07,3362.0,-9.0,0.0,0,287.93,0.0,1,1.41,1.5,SPY190524P00275000,275.0,0,0.0,0.0,,0.0,normalDay
2019-05-08,3362.0,-4.0,0.0,0,287.53,0.0,1,1.41,1.45,SPY190524P00275000,275.0,0,0.0,0.0,,0.0,normalDay
2019-05-09,3362.0,1.0,0.0,0,286.66,0.0,1,1.41,1.4,SPY190524P00275000,275.0,0,0.0,0.0,,0.0,normalDay
2019-05-10,3362.0,72.0,0.0,0,288.1,0.0,1,1.41,0.69,SPY190524P00275000,275.0,0,0.0,0.0,,0.0,normalDay
2019-05-13,3362.0,-82.0,0.0,0,280.86,0.0,1,1.41,2.23,SPY190524P00275000,275.0,0,0.0,0.0,,0.0,normalDay
2019-05-14,3362.0,28.0,0.0,0,283.4,0.0,1,1.41,1.13,SPY190524P00275000,275.0,0,0.0,0.0,,0.0,normalDay
2019-05-15,3362.0,88.0,0.0,0,285.06,0.0,1,1.41,0.53,SPY190524P00275000,275.0,0,0.0,0.0,,0.0,normalDay
2019-05-16,3362.0,117.0,0.0,0,287.7,0.0,1,1.41,0.24,SPY190524P00275000,275.0,0,0.0,0.0,,0.0,normalDay
2019-05-17,3362.0,105.0,0.0,0,285.84,0.0,1,1.41,0.36,SPY190524P00275000,275.0,0,0.0,0.0,,0.0,normalDay
2019-05-20,3362.0,121.0,0.0,0,283.95,0.0,1,1.41,0.2,SPY190524P00275000,275.0,0,0.0,0.0,,0.0,normalDay
2019-05-21,3362.0,137.0,0.0,0,286.51,0.0,1,1.41,0.04,SPY190524P00275000,275.0,0,0.0,0.0,,0.0,normalDay
2019-05-22,3362.0,138.0,0.0,0,285.63,0.0,1,1.41,0.03,SPY190524P00275000,275.0,0,0.0,0.0,,0.0,normalDay
2019-05-23,3362.0,134.0,0.0,0,282.14,0.0,1,1.41,0.07,SPY190524P00275000,275.0,0,0.0,0.0,,0.0,normalDay
2019-05-24,3503.0,0.0,141.0,0,282.78,0.0,1,1.41,0.0,SPY190524P00275000,275.0,0,0.0,0.0,,0.0,expirationDay
2019-05-28,3503.0,-6.0,0.0,0,280.15,0.0,1,5.18,5.24,SPY190719P00276000,276.0,0,0.0,0.0,,0.0,normalDay
2019-05-29,3503.0,-83.0,0.0,0,278.27,0.0,1,5.18,6.01,SPY190719P00276000,276.0,0,0.0,0.0,,0.0,normalDay
2019-05-30,3503.0,-42.0,0.0,0,279.03,0.0,1,5.18,5.6,SPY190719P00276000,276.0,0,0.0,0.0,,0.0,normalDay
2019-05-31,3503.0,-221.0,0.0,0,275.27,0.0,1,5.18,7.39,SPY190719P00276000,276.0,0,0.0,0.0,,0.0,normalDay
2019-06-03,3503.0,-219.0,0.0,0,274.57,0.0,1,5.18,7.37,SPY190719P00276000,276.0,0,0.0,0.0,,0.0,normalDay
2019-06-04,3503.0,53.0,0.0,0,280.53,0.0,1,5.18,4.65,SPY190719P00276000,276.0,0,0.0,0.0,,0.0,normalDay
2019-06-05,3503.0,159.0,0.0,0,282.96,0.0,1,5.18,3.59,SPY190719P00276000,276.0,0,0.0,0.0,,0.0,normalDay
2019-06-06,3503.0,218.0,0.0,0,284.8,0.0,1,5.18,3.0,SPY190719P00276000,276.0,0,0.0,0.0,,0.0,normalDay
2019-06-07,3503.0,268.0,0.0,0,287.65,0.0,1,5.18,2.5,SPY190719P00276000,276.0,0,0.0,0.0,,0.0,normalDay
2019-06-10,3503.0,311.0,0.0,0,288.97,0.0,1,5.18,2.07,SPY190719P00276000,276.0,0,0.0,0.0,,0.0,normalDay
2019-06-11,3503.0,308.0,0.0,0,288.9,0.0,1,5.18,2.1,SPY190719P00276000,276.0,0,0.0,0.0,,0.0,normalDay
2019-06-12,3503.0,308.0,0.0,0,288.39,0.0,1,5.18,2.1,SPY190719P00276000,276.0,0,0.0,0.0,,0.0,normalDay
2019-06-13,3503.0,333.0,0.0,0,289.58,0.0,1,5.18,1.85,SPY190719P00276000,276.0,0,0.0,0.0,,0.0,normalDay
2019-06-14,3503.0,347.0,0.0,0,289.26,0.0,1,5.18,1.71,SPY190719P00276000,276.0,0,0.0,0.0,,0.0,normalDay
2019-06-17,3503.0,362.0,0.0,0,289.37,0.0,1,5.18,1.56,SPY190719P00276000,276.0,0,0.0,0.0,,0.0,normalDay
2019-06-18,3503.0,402.0,0.0,0,292.4,0.0,1,5.18,1.16,SPY190719P00276000,276.0,0,0.0,0.0,,0.0,normalDay
2019-06-19,3503.0,426.0,0.0,0,293.06,0.0,1,5.18,0.92,SPY190719P00276000,276.0,0,0.0,0.0,,0.0,normalDay
2019-06-20,3503.0,446.0,0.0,0,295.86,0.0,1,5.18,0.72,SPY190719P00276000,276.0,0,0.0,0.0,,0.0,normalDay
2019-06-21,3503.0,440.0,0.0,0,294.0,0.0,1,5.18,0.78,SPY190719P00276000,276.0,0,0.0,0.0,,0.0,normalDay
2019-06-24,3503.0,450.0,0.0,0,293.64,0.0,1,5.18,0.68,SPY190719P00276000,276.0,0,0.0,0.0,,0.0,normalDay
2019-06-25,3503.0,418.0,0.0,0,290.76,0.0,1,5.18,1.0,SPY190719P00276000,276.0,0,0.0,0.0,,0.0,normalDay
2019-06-26,3503.0,419.0,0.0,0,290.47,0.0,1,5.18,0.99,SPY190719P00276000,276.0,0,0.0,0.0,,0.0,normalDay
2019-06-27,3503.0,442.0,0.0,0,291.5,0.0,1,5.18,0.76,SPY190719P00276000,276.0,0,0.0,0.0,,0.0,normalDay
2019-06-28,3503.0,459.0,0.0,0,293.0,0.0,1,5.18,0.59,SPY190719P00276000,276.0,0,0.0,0.0,,0.0,normalDay
2019-07-01,3503.0,491.0,0.0,0,295.66,0.0,1,5.18,0.27,SPY190719P00276000,276.0,0,0.0,0.0,,0.0,normalDay
2019-07-02,3503.0,501.0,0.0,0,296.43,0.0,1,5.18,0.17,SPY190719P00276000,276.0,0,0.0,0.0,,0.0,normalDay
2019-07-03,3503.0,507.0,0.0,0,298.8,0.0,1,5.18,0.11,SPY190719P00276000,276.0,0,0.0,0.0,,0.0,normalDay
2019-07-05,3503.0,505.0,0.0,0,298.46,0.0,1,5.18,0.13,SPY190719P00276000,276.0,0,0.0,0.0,,0.0,normalDay
2019-07-08,3503.0,509.0,0.0,0,296.82,0.0,1,5.18,0.09,SPY190719P00276000,276.0,0,0.0,0.0,,0.0,normalDay
2019-07-09,3503.0,511.0,0.0,0,297.19,0.0,1,5.18,0.07,SPY190719P00276000,276.0,0,0.0,0.0,,0.0,normalDay
2019-07-10,3503.0,513.0,0.0,0,298.61,0.0,1,5.18,0.05,SPY190719P00276000,276.0,0,0.0,0.0,,0.0,normalDay
2019-07-11,3503.0,513.0,0.0,0,299.31,0.0,1,5.18,0.05,SPY190719P00276000,276.0,0,0.0,0.0,,0.0,normalDay
2019-07-12,3503.0,515.0,0.0,0,300.65,0.0,1,5.18,0.03,SPY190719P00276000,276.0,0,0.0,0.0,,0.0,normalDay
2019-07-15,3503.0,515.0,0.0,0,300.75,0.0,1,5.18,0.03,SPY190719P00276000,276.0,0,0.0,0.0,,0.0,normalDay
2019-07-16,3503.0,516.0,0.0,0,299.78,0.0,1,5.18,0.02,SPY190719P00276000,276.0,0,0.0,0.0,,0.0,normalDay
2019-07-17,3503.0,516.0,0.0,0,297.74,0.0,1,5.18,0.02,SPY190719P00276000,276.0,0,0.0,0.0,,0.0,normalDay
2019-07-18,3503.0,517.0,0.0,0,298.83,0.0,1,5.18,0.01,SPY190719P00276000,276.0,0,0.0,0.0,,0.0,normalDay
2019-07-19,4021.0,0.0,518.0,0,297.17,0.0,1,5.18,0.0,SPY190719P00276000,276.0,0,0.0,0.0,,0.0,expirationDay
2019-07-22,4021.0,-5.0,0.0,0,297.9,0.0,1,2.01,2.06,SPY190830P00289000,289.0,0,0.0,0.0,,0.0,normalDay
2019-07-23,4021.0,49.0,0.0,0,300.03,0.0,1,2.01,1.52,SPY190830P00289000,289.0,0,0.0,0.0,,0.0,normalDay
2019-07-24,4021.0,78.0,0.0,0,301.44,0.0,1,2.01,1.23,SPY190830P00289000,289.0,0,0.0,0.0,,0.0,normalDay
2019-07-25,4021.0,52.0,0.0,0,300.0,0.0,1,2.01,1.49,SPY190830P00289000,289.0,0,0.0,0.0,,0.0,normalDay
2019-07-26,4021.0,89.0,0.0,0,302.01,0.0,1,2.01,1.12,SPY190830P00289000,289.0,0,0.0,0.0,,0.0,normalDay
2019-07-29,4021.0,88.0,0.0,0,301.46,0.0,1,2.01,1.13,SPY190830P00289000,289.0,0,0.0,0.0,,0.0,normalDay
2019-07-30,4021.0,62.0,0.0,0,300.72,0.0,1,2.01,1.39,SPY190830P00289000,289.0,0,0.0,0.0,,0.0,normalDay
2019-07-31,4021.0,-21.0,0.0,0,297.43,0.0,1,2.01,2.22,SPY190830P00289000,289.0,0,0.0,0.0,,0.0,normalDay
2019-08-01,4021.0,-116.0,0.0,0,294.84,0.0,1,2.01,3.17,SPY190830P00289000,289.0,0,0.0,0.0,,0.0,normalDay
2019-08-02,4021.0,-177.0,0.0,0,292.62,0.0,1,2.01,3.78,SPY190830P00289000,289.0,0,0.0,0.0,,0.0,normalDay
2019-08-05,4021.0,-720.0,0.0,0,283.82,0.0,1,2.01,9.21,SPY190830P00289000,289.0,0,0.0,0.0,,0.0,normalDay
2019-08-06,4021.0,-375.0,0.0,0,287.8,0.0,1,2.01,5.76,SPY190830P00289000,289.0,0,0.0,0.0,,0.0,normalDay
2019-08-07,4021.0,-347.0,0.0,0,287.97,0.0,1,2.01,5.48,SPY190830P00289000,289.0,0,0.0,0.0,,0.0,normalDay
2019-08-08,4021.0,-79.0,0.0,0,293.62,0.0,1,2.01,2.8,SPY190830P00289000,289.0,0,0.0,0.0,,0.0,normalDay
2019-08-09,4021.0,-148.0,0.0,0,291.62,0.0,1,2.01,3.49,SPY190830P00289000,289.0,0,0.0,0.0,,0.0,normalDay
2019-08-12,4021.0,-341.0,0.0,0,288.07,0.0,1,2.01,5.42,SPY190830P00289000,289.0,0,0.0,0.0,,0.0,normalDay
2019-08-13,4021.0,-87.0,0.0,0,292.55,0.0,1,2.01,2.88,SPY190830P00289000,289.0,0,0.0,0.0,,0.0,normalDay
2019-08-14,4021.0,-548.0,0.0,0,283.9,0.0,1,2.01,7.49,SPY190830P00289000,289.0,0,0.0,0.0,,0.0,normalDay
2019-08-15,4021.0,-466.0,0.0,0,284.65,0.0,1,2.01,6.67,SPY190830P00289000,289.0,0,0.0,0.0,,0.0,normalDay
2019-08-16,4021.0,-194.0,0.0,0,288.85,0.0,1,2.01,3.95,SPY190830P00289000,289.0,0,0.0,0.0,,0.0,normalDay
2019-08-19,4021.0,-5.0,0.0,0,292.33,0.0,1,2.01,2.06,SPY190830P00289000,289.0,0,0.0,0.0,,0.0,normalDay
2019-08-20,4021.0,-91.0,0.0,0,290.09,0.0,1,2.01,2.92,SPY190830P00289000,289.0,0,0.0,0.0,,0.0,normalDay
2019-08-21,4021.0,46.0,0.0,0,292.45,0.0,1,2.01,1.55,SPY190830P00289000,289.0,0,0.0,0.0,,0.0,normalDay
2019-08-22,4021.0,37.0,0.0,0,292.36,0.0,1,2.01,1.64,SPY190830P00289000,289.0,0,0.0,0.0,,0.0,normalDay
2019-08-23,4021.0,-310.0,0.0,0,284.85,0.0,1,2.01,5.11,SPY190830P00289000,289.0,0,0.0,0.0,,0.0,normalDay
2019-08-26,4021.0,-82.0,0.0,0,288.0,0.0,1,2.01,2.83,SPY190830P00289000,289.0,0,0.0,0.0,,0.0,normalDay
2019-08-27,4021.0,-138.0,0.0,0,286.87,0.0,1,2.01,3.39,SPY190830P00289000,289.0,0,0.0,0.0,,0.0,normalDay
2019-08-28,4021.0,26.0,0.0,0,288.89,0.0,1,2.01,1.75,SPY190830P00289000,289.0,0,0.0,0.0,,0.0,normalDay
2019-08-29,4021.0,173.0,0.0,0,292.58,0.0,1,2.01,0.28,SPY190830P00289000,289.0,0,0.0,0.0,,0.0,normalDay
2019-08-30,4222.0,0.0,201.0,0,292.45,0.0,1,2.01,0.0,SPY190830P00289000,289.0,0,0.0,0.0,,0.0,expirationDay
2019-09-03,4222.0,-4.0,0.0,0,290.74,0.0,1,4.74,4.78,SPY191018P00282000,282.0,0,0.0,0.0,,0.0,normalDay
2019-09-04,4222.0,138.0,0.0,0,294.04,0.0,1,4.74,3.36,SPY191018P00282000,282.0,0,0.0,0.0,,0.0,normalDay
2019-09-05,4222.0,230.0,0.0,0,297.82,0.0,1,4.74,2.44,SPY191018P00282000,282.0,0,0.0,0.0,,0.0,normalDay
2019-09-06,4222.0,272.0,0.0,0,298.05,0.0,1,4.74,2.02,SPY191018P00282000,282.0,0,0.0,0.0,,0.0,normalDay
2019-09-09,4222.0,284.0,0.0,0,298.2,0.0,1,4.74,1.9,SPY191018P00282000,282.0,0,0.0,0.0,,0.0,normalDay
2019-09-10,4222.0,291.0,0.0,0,298.13,0.0,1,4.74,1.83,SPY191018P00282000,282.0,0,0.0,0.0,,0.0,normalDay
2019-09-11,4222.0,333.0,0.0,0,300.25,0.0,1,4.74,1.41,SPY191018P00282000,282.0,0,0.0,0.0,,0.0,normalDay
2019-09-12,4222.0,356.0,0.0,0,301.29,0.0,1,4.74,1.18,SPY191018P00282000,282.0,0,0.0,0.0,,0.0,normalDay
2019-09-13,4222.0,366.0,0.0,0,301.09,0.0,1,4.74,1.08,SPY191018P00282000,282.0,0,0.0,0.0,,0.0,normalDay
2019-09-16,4222.0,360.0,0.0,0,300.16,0.0,1,4.74,1.14,SPY191018P00282000,282.0,0,0.0,0.0,,0.0,normalDay
2019-09-17,4222.0,374.0,0.0,0,300.92,0.0,1,4.74,1.0,SPY191018P00282000,282.0,0,0.0,0.0,,0.0,normalDay
2019-09-18,4222.0,389.0,0.0,0,301.1,0.0,1,4.74,0.85,SPY191018P00282000,282.0,0,0.0,0.0,,0.0,normalDay
2019-09-19,4222.0,390.0,0.0,0,301.08,0.0,1,4.74,0.84,SPY191018P00282000,282.0,0,0.0,0.0,,0.0,normalDay
2019-09-20,4222.0,364.0,0.0,0,298.28,0.0,1,4.74,1.1,SPY191018P00282000,282.0,0,0.0,0.0,,0.0,normalDay
2019-09-23,4222.0,385.0,0.0,0,298.21,0.0,1,4.74,0.89,SPY191018P00282000,282.0,0,0.0,0.0,,0.0,normalDay
2019-09-24,4222.0,339.0,0.0,0,295.87,0.0,1,4.74,1.35,SPY191018P00282000,282.0,0,0.0,0.0,,0.0,normalDay
2019-09-25,4222.0,373.0,0.0,0,297.62,0.0,1,4.74,1.01,SPY191018P00282000,282.0,0,0.0,0.0,,0.0,normalDay
2019-09-26,4222.0,379.0,0.0,0,297.0,0.0,1,4.74,0.95,SPY191018P00282000,282.0,0,0.0,0.0,,0.0,normalDay
2019-09-27,4222.0,349.0,0.0,0,295.4,0.0,1,4.74,1.25,SPY191018P00282000,282.0,0,0.0,0.0,,0.0,normalDay
2019-09-30,4222.0,392.0,0.0,0,296.77,0.0,1,4.74,0.82,SPY191018P00282000,282.0,0,0.0,0.0,,0.0,normalDay
2019-10-01,4222.0,327.0,0.0,0,293.24,0.0,1,4.74,1.47,SPY191018P00282000,282.0,0,0.0,0.0,,0.0,normalDay
2019-10-02,4222.0,187.0,0.0,0,288.06,0.0,1,4.74,2.87,SPY191018P00282000,282.0,0,0.0,0.0,,0.0,normalDay
2019-10-03,4222.0,288.0,0.0,0,290.42,0.0,1,4.74,1.86,SPY191018P00282000,282.0,0,0.0,0.0,,0.0,normalDay
2019-10-04,4222.0,390.0,0.0,0,294.35,0.0,1,4.74,0.84,SPY191018P00282000,282.0,0,0.0,0.0,,0.0,normalDay
2019-10-07,4222.0,387.0,0.0,0,293.08,0.0,1,4.74,0.87,SPY191018P00282000,282.0,0,0.0,0.0,,0.0,normalDay
2019-10-08,4222.0,300.0,0.0,0,288.53,0.0,1,4.74,1.74,SPY191018P00282000,282.0,0,0.0,0.0,,0.0,normalDay
2019-10-09,4222.0,381.0,0.0,0,291.27,0.0,1,4.74,0.93,SPY191018P00282000,282.0,0,0.0,0.0,,0.0,normalDay
2019-10-10,4222.0,425.0,0.0,0,293.24,0.0,1,4.74,0.49,SPY191018P00282000,282.0,0,0.0,0.0,,0.0,normalDay
2019-10-11,4222.0,456.0,0.0,0,296.28,0.0,1,4.74,0.18,SPY191018P00282000,282.0,0,0.0,0.0,,0.0,normalDay
2019-10-14,4222.0,467.0,0.0,0,295.95,0.0,1,4.74,0.07,SPY191018P00282000,282.0,0,0.0,0.0,,0.0,normalDay
2019-10-15,4222.0,470.0,0.0,0,298.88,0.0,1,4.74,0.04,SPY191018P00282000,282.0,0,0.0,0.0,,0.0,normalDay
2019-10-16,4222.0,472.0,0.0,0,298.4,0.0,1,4.74,0.02,SPY191018P00282000,282.0,0,0.0,0.0,,0.0,normalDay
2019-10-17,4222.0,473.0,0.0,0,299.28,0.0,1,4.74,0.01,SPY191018P00282000,282.0,0,0.0,0.0,,0.0,normalDay
2019-10-18,4696.0,0.0,474.0,0,297.97,0.0,1,4.74,0.0,SPY191018P00282000,282.0,0,0.0,0.0,,0.0,expirationDay
2019-10-21,4696.0,-4.0,0.0,0,299.99,0.0,1,1.48,1.52,SPY191129P00286000,286.0,0,0.0,0.0,,0.0,normalDay
2019-10-22,4696.0,-22.0,0.0,0,299.01,0.0,1,1.48,1.7,SPY191129P00286000,286.0,0,0.0,0.0,,0.0,normalDay
2019-10-23,4696.0,5.0,0.0,0,299.88,0.0,1,1.48,1.43,SPY191129P00286000,286.0,0,0.0,0.0,,0.0,normalDay
2019-10-24,4696.0,17.0,0.0,0,300.37,0.0,1,1.48,1.31,SPY191129P00286000,286.0,0,0.0,0.0,,0.0,normalDay
2019-10-25,4696.0,49.0,0.0,0,301.6,0.0,1,1.48,0.99,SPY191129P00286000,286.0,0,0.0,0.0,,0.0,normalDay
2019-10-28,4696.0,65.0,0.0,0,303.3,0.0,1,1.48,0.83,SPY191129P00286000,286.0,0,0.0,0.0,,0.0,normalDay
2019-10-29,4696.0,66.0,0.0,0,303.21,0.0,1,1.48,0.82,SPY191129P00286000,286.0,0,0.0,0.0,,0.0,normalDay
2019-10-30,4696.0,87.0,0.0,0,304.14,0.0,1,1.48,0.61,SPY191129P00286000,286.0,0,0.0,0.0,,0.0,normalDay
2019-10-31,4696.0,71.0,0.0,0,303.33,0.0,1,1.48,0.77,SPY191129P00286000,286.0,0,0.0,0.0,,0.0,normalDay
2019-11-01,4696.0,102.0,0.0,0,306.14,0.0,1,1.48,0.46,SPY191129P00286000,286.0,0,0.0,0.0,,0.0,normalDay
2019-11-04,4696.0,109.0,0.0,0,307.37,0.0,1,1.48,0.39,SPY191129P00286000,286.0,0,0.0,0.0,,0.0,normalDay
2019-11-05,4696.0,109.0,0.0,0,307.03,0.0,1,1.48,0.39,SPY191129P00286000,286.0,0,0.0,0.0,,0.0,normalDay
2019-11-06,4696.0,118.0,0.0,0,307.1,0.0,1,1.48,0.3,SPY191129P00286000,286.0,0,0.0,0.0,,0.0,normalDay
2019-11-07,4696.0,122.0,0.0,0,308.18,0.0,1,1.48,0.26,SPY191129P00286000,286.0,0,0.0,0.0,,0.0,normalDay
2019-11-08,4696.0,132.0,0.0,0,308.94,0.0,1,1.48,0.16,SPY191129P00286000,286.0,0,0.0,0.0,,0.0,normalDay
2019-11-11,4696.0,134.0,0.0,0,308.35,0.0,1,1.48,0.14,SPY191129P00286000,286.0,0,0.0,0.0,,0.0,normalDay
2019-11-12,4696.0,135.0,0.0,0,309.0,0.0,1,1.48,0.13,SPY191129P00286000,286.0,0,0.0,0.0,,0.0,normalDay
2019-11-13,4696.0,135.0,0.0,0,309.1,0.0,1,1.48,0.13,SPY191129P00286000,286.0,0,0.0,0.0,,0.0,normalDay
2019-11-14,4696.0,135.0,0.0,0,309.55,0.0,1,1.48,0.13,SPY191129P00286000,286.0,0,0.0,0.0,,0.0,normalDay
2019-11-15,4696.0,142.0,0.0,0,311.79,0.0,1,1.48,0.06,SPY191129P00286000,286.0,0,0.0,0.0,,0.0,normalDay
2019-11-18,4696.0,143.0,0.0,0,312.02,0.0,1,1.48,0.05,SPY191129P00286000,286.0,0,0.0,0.0,,0.0,normalDay
2019-11-19,4696.0,143.0,0.0,0,311.93,0.0,1,1.48,0.05,SPY191129P00286000,286.0,0,0.0,0.0,,0.0,normalDay
2019-11-20,4696.0,142.0,0.0,0,310.77,0.0,1,1.48,0.06,SPY191129P00286000,286.0,0,0.0,0.0,,0.0,normalDay
2019-11-21,4696.0,143.0,0.0,0,310.27,0.0,1,1.48,0.05,SPY191129P00286000,286.0,0,0.0,0.0,,0.0,normalDay
2019-11-22,4696.0,145.0,0.0,0,310.96,0.0,1,1.48,0.03,SPY191129P00286000,286.0,0,0.0,0.0,,0.0,normalDay
2019-11-25,4696.0,146.0,0.0,0,313.37,0.0,1,1.48,0.02,SPY191129P00286000,286.0,0,0.0,0.0,,0.0,normalDay
2019-11-26,4696.0,147.0,0.0,0,314.08,0.0,1,1.48,0.01,SPY191129P00286000,286.0,0,0.0,0.0,,0.0,normalDay
2019-11-27,4696.0,147.0,0.0,0,315.48,0.0,1,1.48,0.01,SPY191129P00286000,286.0,0,0.0,0.0,,0.0,normalDay
2019-11-29,4844.0,0.0,148.0,0,314.31,0.0,1,1.48,0.0,SPY191129P00286000,286.0,0,0.0,0.0,,0.0,expirationDay
2019-12-02,4844.0,-4.0,0.0,0,311.64,0.0,1,3.89,3.93,SPY200117P00304000,304.0,0,0.0,0.0,,0.0,normalDay
2019-12-03,4844.0,-97.0,0.0,0,309.55,0.0,1,3.89,4.86,SPY200117P00304000,304.0,0,0.0,0.0,,0.0,normalDay
2019-12-04,4844.0,-16.0,0.0,0,311.46,0.0,1,3.89,4.05,SPY200117P00304000,304.0,0,0.0,0.0,,0.0,normalDay
2019-12-05,4844.0,27.0,0.0,0,312.02,0.0,1,3.89,3.62,SPY200117P00304000,304.0,0,0.0,0.0,,0.0,normalDay
2019-12-06,4844.0,120.0,0.0,0,314.87,0.0,1,3.89,2.69,SPY200117P00304000,304.0,0,0.0,0.0,,0.0,normalDay
2019-12-09,4844.0,74.0,0.0,0,313.88,0.0,1,3.89,3.15,SPY200117P00304000,304.0,0,0.0,0.0,,0.0,normalDay
2019-12-10,4844.0,89.0,0.0,0,313.53,0.0,1,3.89,3.0,SPY200117P00304000,304.0,0,0.0,0.0,,0.0,normalDay
2019-12-11,4844.0,127.0,0.0,0,314.42,0.0,1,3.89,2.62,SPY200117P00304000,304.0,0,0.0,0.0,,0.0,normalDay
2019-12-12,4844.0,198.0,0.0,0,317.13,0.0,1,3.89,1.91,SPY200117P00304000,304.0,0,0.0,0.0,,0.0,normalDay
2019-12-13,4844.0,244.0,0.0,0,317.32,0.0,1,3.89,1.45,SPY200117P00304000,304.0,0,0.0,0.0,,0.0,normalDay
2019-12-16,4844.0,292.0,0.0,0,319.5,0.0,1,3.89,0.97,SPY200117P00304000,304.0,0,0.0,0.0,,0.0,normalDay
2019-12-17,4844.0,291.0,0.0,0,319.57,0.0,1,3.89,0.98,SPY200117P00304000,304.0,0,0.0,0.0,,0.0,normalDay
2019-12-18,4844.0,292.0,0.0,0,319.59,0.0,1,3.89,0.97,SPY200117P00304000,304.0,0,0.0,0.0,,0.0,normalDay
2019-12-19,4844.0,306.0,0.0,0,320.9,0.0,1,3.89,0.83,SPY200117P00304000,304.0,0,0.0,0.0,,0.0,normalDay
2019-12-20,4844.0,314.0,0.0,0,320.73,0.0,1,3.89,0.75,SPY200117P00304000,304.0,0,0.0,0.0,,0.0,normalDay
2019-12-23,4844.0,318.0,0.0,0,321.22,0.0,1,3.89,0.71,SPY200117P00304000,304.0,0,0.0,0.0,,0.0,normalDay
2019-12-24,4844.0,322.0,0.0,0,321.23,0.0,1,3.89,0.67,SPY200117P00304000,304.0,0,0.0,0.0,,0.0,normalDay
2019-12-26,4844.0,339.0,0.0,0,322.94,0.0,1,3.89,0.5,SPY200117P00304000,304.0,0,0.0,0.0,,0.0,normalDay
2019-12-27,4844.0,336.0,0.0,0,322.86,0.0,1,3.89,0.53,SPY200117P00304000,304.0,0,0.0,0.0,,0.0,normalDay
2019-12-30,4844.0,326.0,0.0,0,321.08,0.0,1,3.89,0.63,SPY200117P00304000,304.0,0,0.0,0.0,,0.0,normalDay
2019-12-31,4844.0,343.0,0.0,0,321.86,0.0,1,3.89,0.46,SPY200117P00304000,304.0,0,0.0,0.0,,0.0,normalDay
2020-01-02,4844.0,369.0,0.0,0,324.87,0.0,1,3.89,0.2,SPY200117P00304000,304.0,0,0.0,0.0,,0.0,normalDay
2020-01-03,4844.0,356.0,0.0,0,322.41,0.0,1,3.89,0.33,SPY200117P00304000,304.0,0,0.0,0.0,,0.0,normalDay
2020-01-06,4844.0,373.0,0.0,0,323.64,0.0,1,3.89,0.16,SPY200117P00304000,304.0,0,0.0,0.0,,0.0,normalDay
2020-01-07,4844.0,374.0,0.0,0,322.73,0.0,1,3.89,0.15,SPY200117P00304000,304.0,0,0.0,0.0,,0.0,normalDay
2020-01-08,4844.0,377.0,0.0,0,324.45,0.0,1,3.89,0.12,SPY200117P00304000,304.0,0,0.0,0.0,,0.0,normalDay
2020-01-09,4844.0,382.0,0.0,0,326.65,0.0,1,3.89,0.07,SPY200117P00304000,304.0,0,0.0,0.0,,0.0,normalDay
2020-01-10,4844.0,385.0,0.0,0,325.71,0.0,1,3.89,0.04,SPY200117P00304000,304.0,0,0.0,0.0,,0.0,normalDay
2020-01-13,4844.0,387.0,0.0,0,327.95,0.0,1,3.89,0.02,SPY200117P00304000,304.0,0,0.0,0.0,,0.0,normalDay
2020-01-14,4844.0,387.0,0.0,0,327.45,0.0,1,3.89,0.02,SPY200117P00304000,304.0,0,0.0,0.0,,0.0,normalDay
2020-01-15,4844.0,387.0,0.0,0,328.19,0.0,1,3.89,0.02,SPY200117P00304000,304.0,0,0.0,0.0,,0.0,normalDay
2020-01-16,4844.0,388.0,0.0,0,330.92,0.0,1,3.89,0.01,SPY200117P00304000,304.0,0,0.0,0.0,,0.0,normalDay
2020-01-17,5233.0,0.0,389.0,0,331.95,0.0,1,3.89,0.0,SPY200117P00304000,304.0,0,0.0,0.0,,0.0,expirationDay
2020-01-21,5233.0,-3.0,0.0,0,331.3,0.0,1,1.44,1.47,SPY200228P00316000,316.0,0,0.0,0.0,,0.0,normalDay
2020-01-22,5233.0,-2.0,0.0,0,331.34,0.0,1,1.44,1.46,SPY200228P00316000,316.0,0,0.0,0.0,,0.0,normalDay
2020-01-23,5233.0,1.0,0.0,0,331.72,0.0,1,1.44,1.43,SPY200228P00316000,316.0,0,0.0,0.0,,0.0,normalDay
2020-01-24,5233.0,-64.0,0.0,0,328.77,0.0,1,1.44,2.08,SPY200228P00316000,316.0,0,0.0,0.0,,0.0,normalDay
2020-01-27,5233.0,-242.0,0.0,0,323.5,0.0,1,1.44,3.86,SPY200228P00316000,316.0,0,0.0,0.0,,0.0,normalDay
2020-01-28,5233.0,-104.0,0.0,0,326.89,0.0,1,1.44,2.48,SPY200228P00316000,316.0,0,0.0,0.0,,0.0,normalDay
2020-01-29,5233.0,-106.0,0.0,0,326.62,0.0,1,1.44,2.5,SPY200228P00316000,316.0,0,0.0,0.0,,0.0,normalDay
2020-01-30,5233.0,-44.0,0.0,0,327.68,0.0,1,1.44,1.88,SPY200228P00316000,316.0,0,0.0,0.0,,0.0,normalDay
2020-01-31,5233.0,-237.0,0.0,0,321.73,0.0,1,1.44,3.81,SPY200228P00316000,316.0,0,0.0,0.0,,0.0,normalDay
2020-02-03,5233.0,-151.0,0.0,0,324.12,0.0,1,1.44,2.95,SPY200228P00316000,316.0,0,0.0,0.0,,0.0,normalDay
2020-02-04,5233.0,3.0,0.0,0,329.06,0.0,1,1.44,1.41,SPY200228P00316000,316.0,0,0.0,0.0,,0.0,normalDay
2020-02-05,5233.0,62.0,0.0,0,332.86,0.0,1,1.44,0.82,SPY200228P00316000,316.0,0,0.0,0.0,,0.0,normalDay
2020-02-06,5233.0,69.0,0.0,0,333.98,0.0,1,1.44,0.75,SPY200228P00316000,316.0,0,0.0,0.0,,0.0,normalDay
2020-02-07,5233.0,56.0,0.0,0,332.2,0.0,1,1.44,0.88,SPY200228P00316000,316.0,0,0.0,0.0,,0.0,normalDay
2020-02-10,5233.0,92.0,0.0,0,334.68,0.0,1,1.44,0.52,SPY200228P00316000,316.0,0,0.0,0.0,,0.0,normalDay
2020-02-11,5233.0,95.0,0.0,0,335.26,0.0,1,1.44,0.49,SPY200228P00316000,316.0,0,0.0,0.0,,0.0,normalDay
2020-02-12,5233.0,116.0,0.0,0,337.42,0.0,1,1.44,0.28,SPY200228P00316000,316.0,0,0.0,0.0,,0.0,normalDay
2020-02-13,5233.0,115.0,0.0,0,337.06,0.0,1,1.44,0.29,SPY200228P00316000,316.0,0,0.0,0.0,,0.0,normalDay
2020-02-14,5233.0,124.0,0.0,0,337.6,0.0,1,1.44,0.2,SPY200228P00316000,316.0,0,0.0,0.0,,0.0,normalDay
2020-02-18,5233.0,128.0,0.0,0,336.73,0.0,1,1.44,0.16,SPY200228P00316000,316.0,0,0.0,0.0,,0.0,normalDay
2020-02-19,5233.0,133.0,0.0,0,338.34,0.0,1,1.44,0.11,SPY200228P00316000,316.0,0,0.0,0.0,,0.0,normalDay
2020-02-20,5233.0,133.0,0.0,0,336.95,0.0,1,1.44,0.11,SPY200228P00316000,316.0,0,0.0,0.0,,0.0,normalDay
2020-02-21,5233.0,132.0,0.0,0,333.48,0.0,1,1.44,0.12,SPY200228P00316000,316.0,0,0.0,0.0,,0.0,normalDay
2020-02-24,5233.0,-98.0,0.0,0,322.42,0.0,1,1.44,2.42,SPY200228P00316000,316.0,0,0.0,0.0,,0.0,normalDay
2020-02-25,5233.0,-418.0,0.0,0,312.65,0.0,1,1.44,5.62,SPY200228P00316000,316.0,0,0.0,0.0,,0.0,normalDay
2020-02-26,5233.0,-468.0,0.0,0,311.5,0.0,1,1.44,6.12,SPY200228P00316000,316.0,0,0.0,0.0,,0.0,normalDay
2020-02-27,5233.0,-1751.0,0.0,0,297.51,0.0,1,1.44,18.95,SPY200228P00316000,316.0,0,0.0,0.0,,0.0,normalDay
2020-02-28,5377.0,-1974.0,144.0,100,296.26,316.0,1,1.44,0.0,SPY200228P00316000,316.0,0,0.0,0.0,,0.0,expirationDay
2020-03-02,5377.0,-691.0,0.0,100,309.09,316.0,0,0.0,0.0,,0.0,0,0.0,0.0,,0.0,bidTooLow
2020-03-03,5377.0,-1576.0,0.0,100,300.24,316.0,0,0.0,0.0,,0.0,0,0.0,0.0,,0.0,bidTooLow
2020-03-04,5377.0,-314.0,0.0,100,312.86,316.0,0,0.0,0.0,,0.0,0,0.0,0.0,,0.0,bidTooLow
2020-03-05,5377.0,-1354.0,0.0,100,302.46,316.0,0,0.0,0.0,,0.0,0,0.0,0.0,,0.0,bidTooLow
2020-03-06,5377.0,-1854.0,0.0,100,297.46,316.0,0,0.0,0.0,,0.0,0,0.0,0.0,,0.0,bidTooLow
2020-03-09,5377.0,-4177.0,0.0,100,274.23,316.0,0,0.0,0.0,,0.0,0,0.0,0.0,,0.0,bidTooLow
2020-03-10,5377.0,-2758.0,0.0,100,288.42,316.0,0,0.0,0.0,,0.0,0,0.0,0.0,,0.0,bidTooLow
2020-03-11,5377.0,-4164.0,0.0,100,274.36,316.0,0,0.0,0.0,,0.0,0,0.0,0.0,,0.0,bidTooLow
2020-03-12,5377.0,-6789.0,0.0,100,248.11,316.0,0,0.0,0.0,,0.0,0,0.0,0.0,,0.0,bidTooLow
2020-03-13,5377.0,-4668.0,0.0,100,269.32,316.0,0,0.0,0.0,,0.0,0,0.0,0.0,,0.0,bidTooLow
2020-03-16,5377.0,-7615.0,0.0,100,239.85,316.0,0,0.0,0.0,,0.0,0,0.0,0.0,,0.0,bidTooLow
2020-03-17,5377.0,-6320.0,0.0,100,252.8,316.0,0,0.0,0.0,,0.0,0,0.0,0.0,,0.0,bidTooLow
2020-03-18,5377.0,-7600.0,0.0,100,240.0,316.0,0,0.0,0.0,,0.0,0,0.0,0.0,,0.0,bidTooLow
2020-03-19,5377.0,-7549.0,0.0,100,240.51,316.0,0,0.0,0.0,,0.0,0,0.0,0.0,,0.0,bidTooLow
2020-03-20,5377.0,-8720.0,0.0,100,228.8,316.0,0,0.0,0.0,,0.0,0,0.0,0.0,,0.0,bidTooLow
2020-03-23,5377.0,-9305.0,0.0,100,222.95,316.0,0,0.0,0.0,,0.0,0,0.0,0.0,,0.0,bidTooLow
2020-03-24,5377.0,-7285.0,0.0,100,243.15,316.0,0,0.0,0.0,,0.0,0,0.0,0.0,,0.0,bidTooLow
2020-03-25,5377.0,-6921.0,0.0,100,246.79,316.0,0,0.0,0.0,,0.0,0,0.0,0.0,,0.0,bidTooLow
2020-03-26,5377.0,-5480.0,0.0,100,261.2,316.0,0,0.0,0.0,,0.0,0,0.0,0.0,,0.0,bidTooLow
2020-03-27,5377.0,-6258.0,0.0,100,253.42,316.0,0,0.0,0.0,,0.0,0,0.0,0.0,,0.0,bidTooLow
2020-03-30,5377.0,-5435.0,0.0,100,261.65,316.0,0,0.0,0.0,,0.0,0,0.0,0.0,,0.0,bidTooLow
2020-03-31,5377.0,-5825.0,0.0,100,257.75,316.0,0,0.0,0.0,,0.0,0,0.0,0.0,,0.0,bidTooLow
2020-04-01,5377.0,-6985.0,0.0,100,246.15,316.0,0,0.0,0.0,,0.0,0,0.0,0.0,,0.0,bidTooLow
2020-04-02,5377.0,-6417.0,0.0,100,251.83,316.0,0,0.0,0.0,,0.0,0,0.0,0.0,,0.0,bidTooLow
2020-04-03,5377.0,-6781.0,0.0,100,248.19,316.0,0,0.0,0.0,,0.0,0,0.0,0.0,,0.0,bidTooLow
2020-04-06,5377.0,-5117.0,0.0,100,264.86,316.0,0,0.0,0.0,,0.0,1,0.1,0.13,SPY200417C00301000,301.0,normalDay
2020-04-07,5377.0,-5089.0,0.0,100,265.13,316.0,0,0.0,0.0,,0.0,1,0.1,0.12,SPY200417C00301000,301.0,normalDay
2020-04-08,5377.0,-4204.0,0.0,100,274.03,316.0,0,0.0,0.0,,0.0,1,0.1,0.17,SPY200417C00301000,301.0,normalDay
2020-04-09,5377.0,-3797.0,0.0,100,278.2,316.0,0,0.0,0.0,,0.0,1,0.1,0.27,SPY200417C00301000,301.0,normalDay
2020-04-13,5377.0,-4030.0,0.0,100,275.66,316.0,0,0.0,0.0,,0.0,1,0.1,0.06,SPY200417C00301000,301.0,normalDay
2020-04-14,5377.0,-3224.0,0.0,100,283.79,316.0,0,0.0,0.0,,0.0,1,0.1,0.13,SPY200417C00301000,301.0,normalDay
2020-04-15,5377.0,-3816.0,0.0,100,277.76,316.0,0,0.0,0.0,,0.0,1,0.1,0.02,SPY200417C00301000,301.0,normalDay
2020-04-16,5377.0,-3681.0,0.0,100,279.1,316.0,0,0.0,0.0,,0.0,1,0.1,0.01,SPY200417C00301000,301.0,normalDay
2020-04-17,5387.0,-2936.0,10.0,100,286.64,316.0,0,0.0,0.0,,0.0,1,0.1,0.0,SPY200417C00301000,301.0,expirationDay
2020-04-20,5387.0,-3444.0,0.0,100,281.59,316.0,0,0.0,0.0,,0.0,1,0.05,0.08,SPY200501C00315000,315.0,normalDay
2020-04-21,5387.0,-4295.0,0.0,100,273.04,316.0,0,0.0,0.0,,0.0,1,0.05,0.04,SPY200501C00315000,315.0,normalDay
2020-04-22,5387.0,-3688.0,0.0,100,279.1,316.0,0,0.0,0.0,,0.0,1,0.05,0.03,SPY200501C00315000,315.0,normalDay
2020-04-23,5387.0,-3690.0,0.0,100,279.08,316.0,0,0.0,0.0,,0.0,1,0.05,0.03,SPY200501C00315000,315.0,normalDay
2020-04-24,5387.0,-3300.0,0.0,100,282.97,316.0,0,0.0,0.0,,0.0,1,0.05,0.02,SPY200501C00315000,315.0,normalDay
2020-04-27,5387.0,-2891.0,0.0,100,287.05,316.0,0,0.0,0.0,,0.0,1,0.05,0.01,SPY200501C00315000,315.0,normalDay
2020-04-28,5387.0,-3024.0,0.0,100,285.73,316.0,0,0.0,0.0,,0.0,1,0.05,0.02,SPY200501C00315000,315.0,normalDay
2020-04-29,5387.0,-2276.0,0.0,100,293.21,316.0,0,0.0,0.0,,0.0,1,0.05,0.02,SPY200501C00315000,315.0,normalDay
2020-04-30,5387.0,-2548.0,0.0,100,290.48,316.0,0,0.0,0.0,,0.0,1,0.05,0.01,SPY200501C00315000,315.0,normalDay
2020-05-01,5392.0,-3321.0,5.0,100,282.79,316.0,0,0.0,0.0,,0.0,1,0.05,0.0,SPY200501C00315000,315.0,expirationDay
2020-05-04,5392.0,-3246.0,0.0,100,283.57,316.0,0,0.0,0.0,,0.0,1,0.19,0.22,SPY200515C00304000,304.0,normalDay
2020-05-05,5392.0,-2985.0,0.0,100,286.19,316.0,0,0.0,0.0,,0.0,1,0.19,0.23,SPY200515C00304000,304.0,normalDay
2020-05-06,5392.0,-3169.0,0.0,100,284.25,316.0,0,0.0,0.0,,0.0,1,0.19,0.13,SPY200515C00304000,304.0,normalDay
2020-05-07,5392.0,-2828.0,0.0,100,287.68,316.0,0,0.0,0.0,,0.0,1,0.19,0.15,SPY200515C00304000,304.0,normalDay
2020-05-08,5392.0,-2364.0,0.0,100,292.44,316.0,0,0.0,0.0,,0.0,1,0.19,0.27,SPY200515C00304000,304.0,normalDay
2020-05-11,5392.0,-2344.0,0.0,100,292.5,316.0,0,0.0,0.0,,0.0,1,0.19,0.13,SPY200515C00304000,304.0,normalDay
2020-05-12,5392.0,-2919.0,0.0,100,286.67,316.0,0,0.0,0.0,,0.0,1,0.19,0.05,SPY200515C00304000,304.0,normalDay
2020-05-13,5392.0,-3423.0,0.0,100,281.6,316.0,0,0.0,0.0,,0.0,1,0.19,0.02,SPY200515C00304000,304.0,normalDay
2020-05-14,5392.0,-3085.0,0.0,100,284.97,316.0,0,0.0,0.0,,0.0,1,0.19,0.01,SPY200515C00304000,304.0,normalDay
2020-05-15,5411.0,-2972.0,19.0,100,286.28,316.0,0,0.0,0.0,,0.0,1,0.19,0.0,SPY200515C00304000,304.0,expirationDay
2020-05-18,5411.0,-2104.0,0.0,100,295.0,316.0,0,0.0,0.0,,0.0,1,1.44,1.48,SPY200529C00303000,303.0,normalDay
2020-05-19,5411.0,-2351.0,0.0,100,291.97,316.0,0,0.0,0.0,,0.0,1,1.44,0.92,SPY200529C00303000,303.0,normalDay
2020-05-20,5411.0,-1930.0,0.0,100,296.93,316.0,0,0.0,0.0,,0.0,1,1.44,1.67,SPY200529C00303000,303.0,normalDay
2020-05-21,5411.0,-2054.0,0.0,100,294.88,316.0,0,0.0,0.0,,0.0,1,1.44,0.86,SPY200529C00303000,303.0,normalDay
2020-05-22,5411.0,-1972.0,0.0,100,295.44,316.0,0,0.0,0.0,,0.0,1,1.44,0.6,SPY200529C00303000,303.0,normalDay
2020-05-26,5411.0,-1644.0,0.0,100,299.08,316.0,0,0.0,0.0,,0.0,1,1.44,0.96,SPY200529C00303000,303.0,normalDay
2020-05-27,5411.0,-1360.0,0.0,100,303.53,316.0,0,0.0,0.0,,0.0,1,1.44,2.57,SPY200529C00303000,303.0,normalDay
2020-05-28,5411.0,-1375.0,0.0,100,302.97,316.0,0,0.0,0.0,,0.0,1,1.44,2.16,SPY200529C00303000,303.0,normalDay
2020-05-29,4255.0,-1375.0,-1156.0,0,304.32,0.0,0,0.0,0.0,,0.0,1,1.44,0.0,SPY200529C00303000,303.0,expirationDay
2020-06-01,4255.0,-4.0,0.0,0,305.55,0.0,1,3.52,3.56,SPY200717P00274000,274.0,0,0.0,0.0,,0.0,normalDay
2020-06-02,4255.0,62.0,0.0,0,308.08,0.0,1,3.52,2.9,SPY200717P00274000,274.0,0,0.0,0.0,,0.0,normalDay
2020-06-03,4255.0,132.0,0.0,0,312.18,0.0,1,3.52,2.2,SPY200717P00274000,274.0,0,0.0,0.0,,0.0,normalDay
2020-06-04,4255.0,134.0,0.0,0,311.36,0.0,1,3.52,2.18,SPY200717P00274000,274.0,0,0.0,0.0,,0.0,normalDay
2020-06-05,4255.0,207.0,0.0,0,319.34,0.0,1,3.52,1.45,SPY200717P00274000,274.0,0,0.0,0.0,,0.0,normalDay
2020-06-08,4255.0,221.0,0.0,0,323.2,0.0,1,3.52,1.31,SPY200717P00274000,274.0,0,0.0,0.0,,0.0,normalDay
2020-06-09,4255.0,196.0,0.0,0,320.79,0.0,1,3.52,1.56,SPY200717P00274000,274.0,0,0.0,0.0,,0.0,normalDay
2020-06-10,4255.0,180.0,0.0,0,319.0,0.0,1,3.52,1.72,SPY200717P00274000,274.0,0,0.0,0.0,,0.0,normalDay
2020-06-11,4255.0,-225.0,0.0,0,300.61,0.0,1,3.52,5.77,SPY200717P00274000,274.0,0,0.0,0.0,,0.0,normalDay
2020-06-12,4255.0,-79.0,0.0,0,304.21,0.0,1,3.52,4.31,SPY200717P00274000,274.0,0,0.0,0.0,,0.0,normalDay
2020-06-15,4255.0,27.0,0.0,0,307.05,0.0,1,3.52,3.25,SPY200717P00274000,274.0,0,0.0,0.0,,0.0,normalDay
2020-06-16,4255.0,96.0,0.0,0,312.96,0.0,1,3.52,2.56,SPY200717P00274000,274.0,0,0.0,0.0,,0.0,normalDay
2020-06-17,4255.0,108.0,0.0,0,311.66,0.0,1,3.52,2.44,SPY200717P00274000,274.0,0,0.0,0.0,,0.0,normalDay
2020-06-18,4255.0,135.0,0.0,0,311.78,0.0,1,3.52,2.17,SPY200717P00274000,274.0,0,0.0,0.0,,0.0,normalDay
2020-06-19,4255.0,94.0,0.0,0,308.64,0.0,1,3.52,2.58,SPY200717P00274000,274.0,0,0.0,0.0,,0.0,normalDay
2020-06-22,4255.0,191.0,0.0,0,310.62,0.0,1,3.52,1.61,SPY200717P00274000,274.0,0,0.0,0.0,,0.0,normalDay
2020-06-23,4255.0,208.0,0.0,0,312.05,0.0,1,3.52,1.44,SPY200717P00274000,274.0,0,0.0,0.0,,0.0,normalDay
2020-06-24,4255.0,144.0,0.0,0,304.09,0.0,1,3.52,2.08,SPY200717P00274000,274.0,0,0.0,0.0,,0.0,normalDay
2020-06-25,4255.0,209.0,0.0,0,307.35,0.0,1,3.52,1.43,SPY200717P00274000,274.0,0,0.0,0.0,,0.0,normalDay
2020-06-26,4255.0,132.0,0.0,0,300.05,0.0,1,3.52,2.2,SPY200717P00274000,274.0,0,0.0,0.0,,0.0,normalDay
2020-06-29,4255.0,225.0,0.0,0,304.46,0.0,1,3.52,1.27,SPY200717P00274000,274.0,0,0.0,0.0,,0.0,normalDay
2020-06-30,4255.0,267.0,0.0,0,308.36,0.0,1,3.52,0.85,SPY200717P00274000,274.0,0,0.0,0.0,,0.0,normalDay
2020-07-01,4255.0,297.0,0.0,0,310.52,0.0,1,3.52,0.55,SPY200717P00274000,274.0,0,0.0,0.0,,0.0,normalDay
2020-07-02,4255.0,311.0,0.0,0,312.23,0.0,1,3.52,0.41,SPY200717P00274000,274.0,0,0.0,0.0,,0.0,normalDay
2020-07-06,4255.0,330.0,0.0,0,317.05,0.0,1,3.52,0.22,SPY200717P00274000,274.0,0,0.0,0.0,,0.0,normalDay
2020-07-07,4255.0,328.0,0.0,0,313.78,0.0,1,3.52,0.24,SPY200717P00274000,274.0,0,0.0,0.0,,0.0,normalDay
2020-07-08,4255.0,339.0,0.0,0,316.18,0.0,1,3.52,0.13,SPY200717P00274000,274.0,0,0.0,0.0,,0.0,normalDay
2020-07-09,4255.0,339.0,0.0,0,314.38,0.0,1,3.52,0.13,SPY200717P00274000,274.0,0,0.0,0.0,,0.0,normalDay
2020-07-10,4255.0,347.0,0.0,0,317.59,0.0,1,3.52,0.05,SPY200717P00274000,274.0,0,0.0,0.0,,0.0,normalDay
2020-07-13,4255.0,345.0,0.0,0,314.84,0.0,1,3.52,0.07,SPY200717P00274000,274.0,0,0.0,0.0,,0.0,normalDay
2020-07-14,4255.0,349.0,0.0,0,318.92,0.0,1,3.52,0.03,SPY200717P00274000,274.0,0,0.0,0.0,,0.0,normalDay
2020-07-15,4255.0,351.0,0.0,0,321.85,0.0,1,3.52,0.01,SPY200717P00274000,274.0,0,0.0,0.0,,0.0,normalDay
2020-07-16,4255.0,351.0,0.0,0,320.79,0.0,1,3.52,0.01,SPY200717P00274000,274.0,0,0.0,0.0,,0.0,normalDay
2020-07-17,4607.0,0.0,352.0,0,321.72,0.0,1,3.52,0.0,SPY200717P00274000,274.0,0,0.0,0.0,,0.0,expirationDay
2020-07-20,4607.0,-5.0,0.0,0,324.32,0.0,1,2.69,2.74,SPY200828P00297000,297.0,0,0.0,0.0,,0.0,normalDay
2020-07-21,4607.0,-2.0,0.0,0,325.01,0.0,1,2.69,2.71,SPY200828P00297000,297.0,0,0.0,0.0,,0.0,normalDay
2020-07-22,4607.0,30.0,0.0,0,326.86,0.0,1,2.69,2.39,SPY200828P00297000,297.0,0,0.0,0.0,,0.0,normalDay
2020-07-23,4607.0,-43.0,0.0,0,322.96,0.0,1,2.69,3.12,SPY200828P00297000,297.0,0,0.0,0.0,,0.0,normalDay
2020-07-24,4607.0,-32.0,0.0,0,320.88,0.0,1,2.69,3.01,SPY200828P00297000,297.0,0,0.0,0.0,,0.0,normalDay
2020-07-27,4607.0,37.0,0.0,0,323.22,0.0,1,2.69,2.32,SPY200828P00297000,297.0,0,0.0,0.0,,0.0,normalDay
2020-07-28,4607.0,12.0,0.0,0,321.17,0.0,1,2.69,2.57,SPY200828P00297000,297.0,0,0.0,0.0,,0.0,normalDay
2020-07-29,4607.0,85.0,0.0,0,325.12,0.0,1,2.69,1.84,SPY200828P00297000,297.0,0,0.0,0.0,,0.0,normalDay
2020-07-30,4607.0,72.0,0.0,0,323.96,0.0,1,2.69,1.97,SPY200828P00297000,297.0,0,0.0,0.0,,0.0,normalDay
2020-07-31,4607.0,122.0,0.0,0,326.52,0.0,1,2.69,1.47,SPY200828P00297000,297.0,0,0.0,0.0,,0.0,normalDay
2020-08-03,4607.0,153.0,0.0,0,328.79,0.0,1,2.69,1.16,SPY200828P00297000,297.0,0,0.0,0.0,,0.0,normalDay
2020-08-04,4607.0,173.0,0.0,0,330.06,0.0,1,2.69,0.96,SPY200828P00297000,297.0,0,0.0,0.0,,0.0,normalDay
2020-08-05,4607.0,193.0,0.0,0,332.11,0.0,1,2.69,0.76,SPY200828P00297000,297.0,0,0.0,0.0,,0.0,normalDay
2020-08-06,4607.0,203.0,0.0,0,334.33,0.0,1,2.69,0.66,SPY200828P00297000,297.0,0,0.0,0.0,,0.0,normalDay
2020-08-07,4607.0,213.0,0.0,0,334.57,0.0,1,2.69,0.56,SPY200828P00297000,297.0,0,0.0,0.0,,0.0,normalDay
2020-08-10,4607.0,225.0,0.0,0,335.57,0.0,1,2.69,0.44,SPY200828P00297000,297.0,0,0.0,0.0,,0.0,normalDay
2020-08-11,4607.0,205.0,0.0,0,332.8,0.0,1,2.69,0.64,SPY200828P00297000,297.0,0,0.0,0.0,,0.0,normalDay
2020-08-12,4607.0,235.0,0.0,0,337.44,0.0,1,2.69,0.34,SPY200828P00297000,297.0,0,0.0,0.0,,0.0,normalDay
2020-08-13,4607.0,237.0,0.0,0,336.83,0.0,1,2.69,0.32,SPY200828P00297000,297.0,0,0.0,0.0,,0.0,normalDay
2020-08-14,4607.0,246.0,0.0,0,336.84,0.0,1,2.69,0.23,SPY200828P00297000,297.0,0,0.0,0.0,,0.0,normalDay
2020-08-17,4607.0,256.0,0.0,0,337.91,0.0,1,2.69,0.13,SPY200828P00297000,297.0,0,0.0,0.0,,0.0,normalDay
2020-08-18,4607.0,257.0,0.0,0,338.64,0.0,1,2.69,0.12,SPY200828P00297000,297.0,0,0.0,0.0,,0.0,normalDay
2020-08-19,4607.0,255.0,0.0,0,337.23,0.0,1,2.69,0.14,SPY200828P00297000,297.0,0,0.0,0.0,,0.0,normalDay
2020-08-20,4607.0,258.0,0.0,0,338.28,0.0,1,2.69,0.11,SPY200828P00297000,297.0,0,0.0,0.0,,0.0,normalDay
2020-08-21,4607.0,263.0,0.0,0,339.48,0.0,1,2.69,0.06,SPY200828P00297000,297.0,0,0.0,0.0,,0.0,normalDay
2020-08-24,4607.0,266.0,0.0,0,342.92,0.0,1,2.69,0.03,SPY200828P00297000,297.0,0,0.0,0.0,,0.0,normalDay
2020-08-25,4607.0,267.0,0.0,0,344.12,0.0,1,2.69,0.02,SPY200828P00297000,297.0,0,0.0,0.0,,0.0,normalDay
2020-08-26,4607.0,267.0,0.0,0,347.57,0.0,1,2.69,0.02,SPY200828P00297000,297.0,0,0.0,0.0,,0.0,normalDay
2020-08-27,4607.0,268.0,0.0,0,348.33,0.0,1,2.69,0.01,SPY200828P00297000,297.0,0,0.0,0.0,,0.0,normalDay
2020-08-28,4876.0,0.0,269.0,0,350.58,0.0,1,2.69,0.0,SPY200828P00297000,297.0,0,0.0,0.0,,0.0,expirationDay
2020-08-31,4876.0,-6.0,0.0,0,349.31,0.0,1,4.41,4.47,SPY201016P00324000,324.0,0,0.0,0.0,,0.0,normalDay
2020-09-01,4876.0,34.0,0.0,0,352.6,0.0,1,4.41,4.07,SPY201016P00324000,324.0,0,0.0,0.0,,0.0,normalDay
2020-09-02,4876.0,101.0,0.0,0,357.7,0.0,1,4.41,3.4,SPY201016P00324000,324.0,0,0.0,0.0,,0.0,normalDay
2020-09-03,4876.0,-195.0,0.0,0,345.39,0.0,1,4.41,6.36,SPY201016P00324000,324.0,0,0.0,0.0,,0.0,normalDay
2020-09-04,4876.0,-189.0,0.0,0,342.57,0.0,1,4.41,6.3,SPY201016P00324000,324.0,0,0.0,0.0,,0.0,normalDay
2020-09-08,4876.0,-377.0,0.0,0,333.21,0.0,1,4.41,8.18,SPY201016P00324000,324.0,0,0.0,0.0,,0.0,normalDay
2020-09-09,4876.0,-147.0,0.0,0,339.79,0.0,1,4.41,5.88,SPY201016P00324000,324.0,0,0.0,0.0,,0.0,normalDay
2020-09-10,4876.0,-286.0,0.0,0,333.89,0.0,1,4.41,7.27,SPY201016P00324000,324.0,0,0.0,0.0,,0.0,normalDay
2020-09-11,4876.0,-237.0,0.0,0,334.06,0.0,1,4.41,6.78,SPY201016P00324000,324.0,0,0.0,0.0,,0.0,normalDay
2020-09-14,4876.0,-26.0,0.0,0,338.46,0.0,1,4.41,4.67,SPY201016P00324000,324.0,0,0.0,0.0,,0.0,normalDay
2020-09-15,4876.0,25.0,0.0,0,340.17,0.0,1,4.41,4.16,SPY201016P00324000,324.0,0,0.0,0.0,,0.0,normalDay
2020-09-16,4876.0,-5.0,0.0,0,338.82,0.0,1,4.41,4.46,SPY201016P00324000,324.0,0,0.0,0.0,,0.0,normalDay
2020-09-17,4876.0,-50.0,0.0,0,335.84,0.0,1,4.41,4.91,SPY201016P00324000,324.0,0,0.0,0.0,,0.0,normalDay
2020-09-18,4876.0,-128.0,0.0,0,330.65,0.0,1,4.41,5.69,SPY201016P00324000,324.0,0,0.0,0.0,,0.0,normalDay
2020-09-21,4876.0,-242.0,0.0,0,326.97,0.0,1,4.41,6.83,SPY201016P00324000,324.0,0,0.0,0.0,,0.0,normalDay
2020-09-22,4876.0,-117.0,0.0,0,330.3,0.0,1,4.41,5.58,SPY201016P00324000,324.0,0,0.0,0.0,,0.0,normalDay
2020-09-23,4876.0,-424.0,0.0,0,322.64,0.0,1,4.41,8.65,SPY201016P00324000,324.0,0,0.0,0.0,,0.0,normalDay
2020-09-24,4876.0,-345.0,0.0,0,323.5,0.0,1,4.41,7.86,SPY201016P00324000,324.0,0,0.0,0.0,,0.0,normalDay
2020-09-25,4876.0,-94.0,0.0,0,328.73,0.0,1,4.41,5.35,SPY201016P00324000,324.0,0,0.0,0.0,,0.0,normalDay
2020-09-28,4876.0,96.0,0.0,0,334.19,0.0,1,4.41,3.45,SPY201016P00324000,324.0,0,0.0,0.0,,0.0,normalDay
2020-09-29,4876.0,64.0,0.0,0,332.37,0.0,1,4.41,3.77,SPY201016P00324000,324.0,0,0.0,0.0,,0.0,normalDay
2020-09-30,4876.0,97.0,0.0,0,334.89,0.0,1,4.41,3.44,SPY201016P00324000,324.0,0,0.0,0.0,,0.0,normalDay
2020-10-01,4876.0,185.0,0.0,0,337.04,0.0,1,4.41,2.56,SPY201016P00324000,324.0,0,0.0,0.0,,0.0,normalDay
2020-10-02,4876.0,137.0,0.0,0,333.84,0.0,1,4.41,3.04,SPY201016P00324000,324.0,0,0.0,0.0,,0.0,normalDay
2020-10-05,4876.0,306.0,0.0,0,339.76,0.0,1,4.41,1.35,SPY201016P00324000,324.0,0,0.0,0.0,,0.0,normalDay
2020-10-06,4876.0,234.0,0.0,0,334.93,0.0,1,4.41,2.07,SPY201016P00324000,324.0,0,0.0,0.0,,0.0,normalDay
2020-10-07,4876.0,361.0,0.0,0,340.76,0.0,1,4.41,0.8,SPY201016P00324000,324.0,0,0.0,0.0,,0.0,normalDay
2020-10-08,4876.0,405.0,0.0,0,343.78,0.0,1,4.41,0.36,SPY201016P00324000,324.0,0,0.0,0.0,,0.0,normalDay
2020-10-09,4876.0,426.0,0.0,0,346.85,0.0,1,4.41,0.15,SPY201016P00324000,324.0,0,0.0,0.0,,0.0,normalDay
2020-10-12,4876.0,433.0,0.0,0,352.43,0.0,1,4.41,0.08,SPY201016P00324000,324.0,0,0.0,0.0,,0.0,normalDay
2020-10-13,4876.0,436.0,0.0,0,350.13,0.0,1,4.41,0.05,SPY201016P00324000,324.0,0,0.0,0.0,,0.0,normalDay
2020-10-14,4876.0,436.0,0.0,0,347.93,0.0,1,4.41,0.05,SPY201016P00324000,324.0,0,0.0,0.0,,0.0,normalDay
2020-10-15,4876.0,439.0,0.0,0,347.5,0.0,1,4.41,0.02,SPY201016P00324000,324.0,0,0.0,0.0,,0.0,normalDay
2020-10-16,5317.0,0.0,441.0,0,347.29,0.0,1,4.41,0.0,SPY201016P00324000,324.0,0,0.0,0.0,,0.0,expirationDay
2020-10-19,5317.0,-7.0,0.0,0,342.01,0.0,1,4.54,4.61,SPY201127P00317500,317.5,0,0.0,0.0,,0.0,normalDay
2020-10-20,5317.0,7.0,0.0,0,343.38,0.0,1,4.54,4.47,SPY201127P00317500,317.5,0,0.0,0.0,,0.0,normalDay
2020-10-21,5317.0,47.0,0.0,0,342.73,0.0,1,4.54,4.07,SPY201127P00317500,317.5,0,0.0,0.0,,0.0,normalDay
2020-10-22,5317.0,87.0,0.0,0,344.61,0.0,1,4.54,3.67,SPY201127P00317500,317.5,0,0.0,0.0,,0.0,normalDay
2020-10-23,5317.0,118.0,0.0,0,345.78,0.0,1,4.54,3.36,SPY201127P00317500,317.5,0,0.0,0.0,,0.0,normalDay
2020-10-26,5317.0,-55.0,0.0,0,339.39,0.0,1,4.54,5.09,SPY201127P00317500,317.5,0,0.0,0.0,,0.0,normalDay
2020-10-27,5317.0,-79.0,0.0,0,338.22,0.0,1,4.54,5.33,SPY201127P00317500,317.5,0,0.0,0.0,,0.0,normalDay
2020-10-28,5317.0,-554.0,0.0,0,326.66,0.0,1,4.54,10.08,SPY201127P00317500,317.5,0,0.0,0.0,,0.0,normalDay
2020-10-29,5317.0,-315.0,0.0,0,329.98,0.0,1,4.54,7.69,SPY201127P00317500,317.5,0,0.0,0.0,,0.0,normalDay
2020-10-30,5317.0,-415.0,0.0,0,326.54,0.0,1,4.54,8.69,SPY201127P00317500,317.5,0,0.0,0.0,,0.0,normalDay
2020-11-02,5317.0,-234.0,0.0,0,330.2,0.0,1,4.54,6.88,SPY201127P00317500,317.5,0,0.0,0.0,,0.0,normalDay
2020-11-03,5317.0,-72.0,0.0,0,336.03,0.0,1,4.54,5.26,SPY201127P00317500,317.5,0,0.0,0.0,,0.0,normalDay
2020-11-04,5317.0,195.0,0.0,0,343.54,0.0,1,4.54,2.59,SPY201127P00317500,317.5,0,0.0,0.0,,0.0,normalDay
2020-11-05,5317.0,291.0,0.0,0,350.24,0.0,1,4.54,1.63,SPY201127P00317500,317.5,0,0.0,0.0,,0.0,normalDay
2020-11-06,5317.0,346.0,0.0,0,350.16,0.0,1,4.54,1.08,SPY201127P00317500,317.5,0,0.0,0.0,,0.0,normalDay
2020-11-09,5317.0,379.0,0.0,0,354.56,0.0,1,4.54,0.75,SPY201127P00317500,317.5,0,0.0,0.0,,0.0,normalDay
2020-11-10,5317.0,391.0,0.0,0,354.04,0.0,1,4.54,0.63,SPY201127P00317500,317.5,0,0.0,0.0,,0.0,normalDay
2020-11-11,5317.0,412.0,0.0,0,356.67,0.0,1,4.54,0.42,SPY201127P00317500,317.5,0,0.0,0.0,,0.0,normalDay
2020-11-12,5317.0,395.0,0.0,0,353.21,0.0,1,4.54,0.59,SPY201127P00317500,317.5,0,0.0,0.0,,0.0,normalDay
2020-11-13,5317.0,423.0,0.0,0,358.1,0.0,1,4.54,0.31,SPY201127P00317500,317.5,0,0.0,0.0,,0.0,normalDay
2020-11-16,5317.0,440.0,0.0,0,362.57,0.0,1,4.54,0.14,SPY201127P00317500,317.5,0,0.0,0.0,,0.0,normalDay
2020-11-17,5317.0,444.0,0.0,0,360.62,0.0,1,4.54,0.1,SPY201127P00317500,317.5,0,0.0,0.0,,0.0,normalDay
2020-11-18,5317.0,442.0,0.0,0,356.28,0.0,1,4.54,0.12,SPY201127P00317500,317.5,0,0.0,0.0,,0.0,normalDay
2020-11-19,5317.0,444.0,0.0,0,357.78,0.0,1,4.54,0.1,SPY201127P00317500,317.5,0,0.0,0.0,,0.0,normalDay
2020-11-20,5317.0,448.0,0.0,0,355.33,0.0,1,4.54,0.06,SPY201127P00317500,317.5,0,0.0,0.0,,0.0,normalDay
2020-11-23,5317.0,452.0,0.0,0,357.46,0.0,1,4.54,0.02,SPY201127P00317500,317.5,0,0.0,0.0,,0.0,normalDay
2020-11-24,5317.0,453.0,0.0,0,363.22,0.0,1,4.54,0.01,SPY201127P00317500,317.5,0,0.0,0.0,,0.0,normalDay
2020-11-25,5317.0,453.0,0.0,0,362.66,0.0,1,4.54,0.01,SPY201127P00317500,317.5,0,0.0,0.0,,0.0,normalDay
2020-11-27,5771.0,0.0,454.0,0,363.67,0.0,1,4.54,0.0,SPY201127P00317500,317.5,0,0.0,0.0,,0.0,expirationDay
2020-11-30,5771.0,-4.0,0.0,0,362.06,0.0,1,2.9,2.94,SPY210115P00332000,332.0,0,0.0,0.0,,0.0,normalDay
2020-12-01,5771.0,27.0,0.0,0,366.02,0.0,1,2.9,2.63,SPY210115P00332000,332.0,0,0.0,0.0,,0.0,normalDay
2020-12-02,5771.0,40.0,0.0,0,366.79,0.0,1,2.9,2.5,SPY210115P00332000,332.0,0,0.0,0.0,,0.0,normalDay
2020-12-03,5771.0,38.0,0.0,0,366.69,0.0,1,2.9,2.52,SPY210115P00332000,332.0,0,0.0,0.0,,0.0,normalDay
2020-12-04,5771.0,88.0,0.0,0,369.85,0.0,1,2.9,2.02,SPY210115P00332000,332.0,0,0.0,0.0,,0.0,normalDay
2020-12-07,5771.0,94.0,0.0,0,369.09,0.0,1,2.9,1.96,SPY210115P00332000,332.0,0,0.0,0.0,,0.0,normalDay
2020-12-08,5771.0,131.0,0.0,0,370.17,0.0,1,2.9,1.59,SPY210115P00332000,332.0,0,0.0,0.0,,0.0,normalDay
2020-12-09,5771.0,88.0,0.0,0,366.85,0.0,1,2.9,2.02,SPY210115P00332000,332.0,0,0.0,0.0,,0.0,normalDay
2020-12-10,5771.0,95.0,0.0,0,366.73,0.0,1,2.9,1.95,SPY210115P00332000,332.0,0,0.0,0.0,,0.0,normalDay
2020-12-11,5771.0,80.0,0.0,0,366.3,0.0,1,2.9,2.1,SPY210115P00332000,332.0,0,0.0,0.0,,0.0,normalDay
2020-12-14,5771.0,64.0,0.0,0,364.66,0.0,1,2.9,2.26,SPY210115P00332000,332.0,0,0.0,0.0,,0.0,normalDay
2020-12-15,5771.0,125.0,0.0,0,369.59,0.0,1,2.9,1.65,SPY210115P00332000,332.0,0,0.0,0.0,,0.0,normalDay
2020-12-16,5771.0,148.0,0.0,0,370.17,0.0,1,2.9,1.42,SPY210115P00332000,332.0,0,0.0,0.0,,0.0,normalDay
2020-12-17,5771.0,175.0,0.0,0,372.24,0.0,1,2.9,1.15,SPY210115P00332000,332.0,0,0.0,0.0,,0.0,normalDay
2020-12-18,5771.0,181.0,0.0,0,369.18,0.0,1,2.9,1.09,SPY210115P00332000,332.0,0,0.0,0.0,,0.0,normalDay
2020-12-21,5771.0,139.0,0.0,0,367.86,0.0,1,2.9,1.51,SPY210115P00332000,332.0,0,0.0,0.0,,0.0,normalDay
2020-12-22,5771.0,155.0,0.0,0,367.24,0.0,1,2.9,1.35,SPY210115P00332000,332.0,0,0.0,0.0,,0.0,normalDay
2020-12-23,5771.0,174.0,0.0,0,367.57,0.0,1,2.9,1.16,SPY210115P00332000,332.0,0,0.0,0.0,,0.0,normalDay
2020-12-24,5771.0,205.0,0.0,0,369.0,0.0,1,2.9,0.85,SPY210115P00332000,332.0,0,0.0,0.0,,0.0,normalDay
2020-12-28,5771.0,234.0,0.0,0,372.17,0.0,1,2.9,0.56,SPY210115P00332000,332.0,0,0.0,0.0,,0.0,normalDay
2020-12-29,5771.0,228.0,0.0,0,371.46,0.0,1,2.9,0.62,SPY210115P00332000,332.0,0,0.0,0.0,,0.0,normalDay
2020-12-30,5771.0,236.0,0.0,0,371.99,0.0,1,2.9,0.54,SPY210115P00332000,332.0,0,0.0,0.0,,0.0,normalDay
2020-12-31,5771.0,246.0,0.0,0,373.88,0.0,1,2.9,0.44,SPY210115P00332000,332.0,0,0.0,0.0,,0.0,normalDay
2021-01-04,5771.0,231.0,0.0,0,368.79,0.0,1,2.9,0.59,SPY210115P00332000,332.0,0,0.0,0.0,,0.0,normalDay
2021-01-05,5771.0,251.0,0.0,0,371.33,0.0,1,2.9,0.39,SPY210115P00332000,332.0,0,0.0,0.0,,0.0,normalDay
2021-01-06,5771.0,250.0,0.0,0,373.55,0.0,1,2.9,0.4,SPY210115P00332000,332.0,0,0.0,0.0,,0.0,normalDay
2021-01-07,5771.0,273.0,0.0,0,379.1,0.0,1,2.9,0.17,SPY210115P00332000,332.0,0,0.0,0.0,,0.0,normalDay
2021-01-08,5771.0,282.0,0.0,0,381.26,0.0,1,2.9,0.08,SPY210115P00332000,332.0,0,0.0,0.0,,0.0,normalDay
2021-01-11,5771.0,283.0,0.0,0,378.69,0.0,1,2.9,0.07,SPY210115P00332000,332.0,0,0.0,0.0,,0.0,normalDay
2021-01-12,5771.0,286.0,0.0,0,378.77,0.0,1,2.9,0.04,SPY210115P00332000,332.0,0,0.0,0.0,,0.0,normalDay
2021-01-13,5771.0,287.0,0.0,0,379.79,0.0,1,2.9,0.03,SPY210115P00332000,332.0,0,0.0,0.0,,0.0,normalDay
2021-01-14,5771.0,289.0,0.0,0,378.46,0.0,1,2.9,0.01,SPY210115P00332000,332.0,0,0.0,0.0,,0.0,normalDay
2021-01-15,6061.0,0.0,290.0,0,375.7,0.0,1,2.9,0.0,SPY210115P00332000,332.0,0,0.0,0.0,,0.0,expirationDay
2021-01-19,6061.0,-6.0,0.0,0,378.65,0.0,1,4.8,4.86,SPY210226P00362000,362.0,0,0.0,0.0,,0.0,normalDay
2021-01-20,6061.0,126.0,0.0,0,383.89,0.0,1,4.8,3.54,SPY210226P00362000,362.0,0,0.0,0.0,,0.0,normalDay
2021-01-21,6061.0,147.0,0.0,0,384.24,0.0,1,4.8,3.33,SPY210226P00362000,362.0,0,0.0,0.0,,0.0,normalDay
2021-01-22,6061.0,129.0,0.0,0,382.88,0.0,1,4.8,3.51,SPY210226P00362000,362.0,0,0.0,0.0,,0.0,normalDay
2021-01-25,6061.0,149.0,0.0,0,384.39,0.0,1,4.8,3.31,SPY210226P00362000,362.0,0,0.0,0.0,,0.0,normalDay
2021-01-26,6061.0,163.0,0.0,0,383.79,0.0,1,4.8,3.17,SPY210226P00362000,362.0,0,0.0,0.0,,0.0,normalDay
2021-01-27,6061.0,-280.0,0.0,0,374.41,0.0,1,4.8,7.6,SPY210226P00362000,362.0,0,0.0,0.0,,0.0,normalDay
2021-01-28,6061.0,-83.0,0.0,0,377.63,0.0,1,4.8,5.63,SPY210226P00362000,362.0,0,0.0,0.0,,0.0,normalDay
2021-01-29,6061.0,-415.0,0.0,0,370.07,0.0,1,4.8,8.95,SPY210226P00362000,362.0,0,0.0,0.0,,0.0,normalDay
2021-02-01,6061.0,-75.0,0.0,0,376.23,0.0,1,4.8,5.55,SPY210226P00362000,362.0,0,0.0,0.0,,0.0,normalDay
2021-02-02,6061.0,169.0,0.0,0,381.55,0.0,1,4.8,3.11,SPY210226P00362000,362.0,0,0.0,0.0,,0.0,normalDay
2021-02-03,6061.0,233.0,0.0,0,381.85,0.0,1,4.8,2.47,SPY210226P00362000,362.0,0,0.0,0.0,,0.0,normalDay
2021-02-04,6061.0,312.0,0.0,0,386.19,0.0,1,4.8,1.68,SPY210226P00362000,362.0,0,0.0,0.0,,0.0,normalDay
2021-02-05,6061.0,351.0,0.0,0,387.71,0.0,1,4.8,1.29,SPY210226P00362000,362.0,0,0.0,0.0,,0.0,normalDay
2021-02-08,6061.0,386.0,0.0,0,390.51,0.0,1,4.8,0.94,SPY210226P00362000,362.0,0,0.0,0.0,,0.0,normalDay
2021-02-09,6061.0,392.0,0.0,0,390.25,0.0,1,4.8,0.88,SPY210226P00362000,362.0,0,0.0,0.0,,0.0,normalDay
2021-02-10,6061.0,388.0,0.0,0,390.08,0.0,1,4.8,0.92,SPY210226P00362000,362.0,0,0.0,0.0,,0.0,normalDay
2021-02-11,6061.0,407.0,0.0,0,390.71,0.0,1,4.8,0.73,SPY210226P00362000,362.0,0,0.0,0.0,,0.0,normalDay
2021-02-12,6061.0,439.0,0.0,0,392.64,0.0,1,4.8,0.41,SPY210226P00362000,362.0,0,0.0,0.0,,0.0,normalDay
2021-02-16,6061.0,441.0,0.0,0,392.3,0.0,1,4.8,0.39,SPY210226P00362000,362.0,0,0.0,0.0,,0.0,normalDay
2021-02-17,6061.0,451.0,0.0,0,392.39,0.0,1,4.8,0.29,SPY210226P00362000,362.0,0,0.0,0.0,,0.0,normalDay
2021-02-18,6061.0,449.0,0.0,0,390.72,0.0,1,4.8,0.31,SPY210226P00362000,362.0,0,0.0,0.0,,0.0,normalDay
2021-02-19,6061.0,465.0,0.0,0,390.03,0.0,1,4.8,0.15,SPY210226P00362000,362.0,0,0.0,0.0,,0.0,normalDay
2021-02-22,6061.0,467.0,0.0,0,387.03,0.0,1,4.8,0.13,SPY210226P00362000,362.0,0,0.0,0.0,,0.0,normalDay
2021-02-23,6061.0,473.0,0.0,0,387.5,0.0,1,4.8,0.07,SPY210226P00362000,362.0,0,0.0,0.0,,0.0,normalDay
2021-02-24,6061.0,477.0,0.0,0,391.77,0.0,1,4.8,0.03,SPY210226P00362000,362.0,0,0.0,0.0,,0.0,normalDay
2021-02-25,6061.0,472.0,0.0,0,382.33,0.0,1,4.8,0.08,SPY210226P00362000,362.0,0,0.0,0.0,,0.0,normalDay
2021-02-26,6541.0,0.0,480.0,0,380.36,0.0,1,4.8,0.0,SPY210226P00362000,362.0,0,0.0,0.0,,0.0,expirationDay
2021-03-01,6541.0,-5.0,0.0,0,389.58,0.0,1,6.56,6.61,SPY210416P00376000,376.0,0,0.0,0.0,,0.0,normalDay
2021-03-02,6541.0,-110.0,0.0,0,386.54,0.0,1,6.56,7.66,SPY210416P00376000,376.0,0,0.0,0.0,,0.0,normalDay
2021-03-03,6541.0,-307.0,0.0,0,381.42,0.0,1,6.56,9.63,SPY210416P00376000,376.0,0,0.0,0.0,,0.0,normalDay
2021-03-04,6541.0,-514.0,0.0,0,376.7,0.0,1,6.56,11.7,SPY210416P00376000,376.0,0,0.0,0.0,,0.0,normalDay
2021-03-05,6541.0,-159.0,0.0,0,383.63,0.0,1,6.56,8.15,SPY210416P00376000,376.0,0,0.0,0.0,,0.0,normalDay
2021-03-08,6541.0,-207.0,0.0,0,381.72,0.0,1,6.56,8.63,SPY210416P00376000,376.0,0,0.0,0.0,,0.0,normalDay
2021-03-09,6541.0,0.0,0.0,0,387.17,0.0,1,6.56,6.56,SPY210416P00376000,376.0,0,0.0,0.0,,0.0,normalDay
2021-03-10,6541.0,124.0,0.0,0,389.58,0.0,1,6.56,5.32,SPY210416P00376000,376.0,0,0.0,0.0,,0.0,normalDay
2021-03-11,6541.0,220.0,0.0,0,393.53,0.0,1,6.56,4.36,SPY210416P00376000,376.0,0,0.0,0.0,,0.0,normalDay
2021-03-12,6541.0,286.0,0.0,0,394.06,0.0,1,6.56,3.7,SPY210416P00376000,376.0,0,0.0,0.0,,0.0,normalDay
2021-03-15,6541.0,369.0,0.0,0,396.41,0.0,1,6.56,2.87,SPY210416P00376000,376.0,0,0.0,0.0,,0.0,normalDay
2021-03-16,6541.0,367.0,0.0,0,395.91,0.0,1,6.56,2.89,SPY210416P00376000,376.0,0,0.0,0.0,,0.0,normalDay
2021-03-17,6541.0,413.0,0.0,0,397.26,0.0,1,6.56,2.43,SPY210416P00376000,376.0,0,0.0,0.0,,0.0,normalDay
2021-03-18,6541.0,310.0,0.0,0,391.48,0.0,1,6.56,3.46,SPY210416P00376000,376.0,0,0.0,0.0,,0.0,normalDay
2021-03-19,6541.0,299.0,0.0,0,389.48,0.0,1,6.56,3.57,SPY210416P00376000,376.0,0,0.0,0.0,,0.0,normalDay
2021-03-22,6541.0,437.0,0.0,0,392.59,0.0,1,6.56,2.19,SPY210416P00376000,376.0,0,0.0,0.0,,0.0,normalDay
2021-03-23,6541.0,364.0,0.0,0,389.5,0.0,1,6.56,2.92,SPY210416P00376000,376.0,0,0.0,0.0,,0.0,normalDay
2021-03-24,6541.0,324.0,0.0,0,387.52,0.0,1,6.56,3.32,SPY210416P00376000,376.0,0,0.0,0.0,,0.0,normalDay
2021-03-25,6541.0,406.0,0.0,0,389.7,0.0,1,6.56,2.5,SPY210416P00376000,376.0,0,0.0,0.0,,0.0,normalDay
2021-03-26,6541.0,500.0,0.0,0,395.98,0.0,1,6.56,1.56,SPY210416P00376000,376.0,0,0.0,0.0,,0.0,normalDay
2021-03-29,6541.0,488.0,0.0,0,395.78,0.0,1,6.56,1.68,SPY210416P00376000,376.0,0,0.0,0.0,,0.0,normalDay
2021-03-30,6541.0,509.0,0.0,0,394.73,0.0,1,6.56,1.47,SPY210416P00376000,376.0,0,0.0,0.0,,0.0,normalDay
2021-03-31,6541.0,547.0,0.0,0,396.33,0.0,1,6.56,1.09,SPY210416P00376000,376.0,0,0.0,0.0,,0.0,normalDay
2021-04-01,6541.0,603.0,0.0,0,400.61,0.0,1,6.56,0.53,SPY210416P00376000,376.0,0,0.0,0.0,,0.0,normalDay
2021-04-05,6541.0,627.0,0.0,0,406.36,0.0,1,6.56,0.29,SPY210416P00376000,376.0,0,0.0,0.0,,0.0,normalDay
2021-04-06,6541.0,630.0,0.0,0,406.12,0.0,1,6.56,0.26,SPY210416P00376000,376.0,0,0.0,0.0,,0.0,normalDay
2021-04-07,6541.0,640.0,0.0,0,406.59,0.0,1,6.56,0.16,SPY210416P00376000,376.0,0,0.0,0.0,,0.0,normalDay
2021-04-08,6541.0,644.0,0.0,0,408.52,0.0,1,6.56,0.12,SPY210416P00376000,376.0,0,0.0,0.0,,0.0,normalDay
2021-04-09,6541.0,650.0,0.0,0,411.49,0.0,1,6.56,0.06,SPY210416P00376000,376.0,0,0.0,0.0,,0.0,normalDay
2021-04-12,6541.0,653.0,0.0,0,411.64,0.0,1,6.56,0.03,SPY210416P00376000,376.0,0,0.0,0.0,,0.0,normalDay
2021-04-13,6541.0,654.0,0.0,0,412.86,0.0,1,6.56,0.02,SPY210416P00376000,376.0,0,0.0,0.0,,0.0,normalDay
2021-04-14,6541.0,654.0,0.0,0,411.45,0.0,1,6.56,0.02,SPY210416P00376000,376.0,0,0.0,0.0,,0.0,normalDay
2021-04-15,6541.0,655.0,0.0,0,415.87,0.0,1,6.56,0.01,SPY210416P00376000,376.0,0,0.0,0.0,,0.0,normalDay
2021-04-16,7197.0,0.0,656.0,0,417.26,0.0,1,6.56,0.0,SPY210416P00376000,376.0,0,0.0,0.0,,0.0,expirationDay
2021-04-19,7197.0,-5.0,0.0,0,415.21,0.0,1,1.58,1.63,SPY210528P00378000,378.0,0,0.0,0.0,,0.0,normalDay
2021-04-20,7197.0,-49.0,0.0,0,412.17,0.0,1,1.58,2.07,SPY210528P00378000,378.0,0,0.0,0.0,,0.0,normalDay
2021-04-21,7197.0,11.0,0.0,0,416.07,0.0,1,1.58,1.47,SPY210528P00378000,378.0,0,0.0,0.0,,0.0,normalDay
2021-04-22,7197.0,-33.0,0.0,0,412.27,0.0,1,1.58,1.91,SPY210528P00378000,378.0,0,0.0,0.0,,0.0,normalDay
2021-04-23,7197.0,30.0,0.0,0,416.74,0.0,1,1.58,1.28,SPY210528P00378000,378.0,0,0.0,0.0,,0.0,normalDay
2021-04-26,7197.0,47.0,0.0,0,417.61,0.0,1,1.58,1.11,SPY210528P00378000,378.0,0,0.0,0.0,,0.0,normalDay
2021-04-27,7197.0,53.0,0.0,0,417.52,0.0,1,1.58,1.05,SPY210528P00378000,378.0,0,0.0,0.0,,0.0,normalDay
2021-04-28,7197.0,65.0,0.0,0,417.4,0.0,1,1.58,0.93,SPY210528P00378000,378.0,0,0.0,0.0,,0.0,normalDay
2021-04-29,7197.0,71.0,0.0,0,420.06,0.0,1,1.58,0.87,SPY210528P00378000,378.0,0,0.0,0.0,,0.0,normalDay
2021-04-30,7197.0,53.0,0.0,0,417.3,0.0,1,1.58,1.05,SPY210528P00378000,378.0,0,0.0,0.0,,0.0,normalDay
2021-05-03,7197.0,71.0,0.0,0,418.2,0.0,1,1.58,0.87,SPY210528P00378000,378.0,0,0.0,0.0,,0.0,normalDay
2021-05-04,7197.0,53.0,0.0,0,415.62,0.0,1,1.58,1.05,SPY210528P00378000,378.0,0,0.0,0.0,,0.0,normalDay
2021-05-05,7197.0,59.0,0.0,0,415.75,0.0,1,1.58,0.99,SPY210528P00378000,378.0,0,0.0,0.0,,0.0,normalDay
2021-05-06,7197.0,85.0,0.0,0,419.07,0.0,1,1.58,0.73,SPY210528P00378000,378.0,0,0.0,0.0,,0.0,normalDay
2021-05-07,7197.0,107.0,0.0,0,422.12,0.0,1,1.58,0.51,SPY210528P00378000,378.0,0,0.0,0.0,,0.0,normalDay
2021-05-10,7197.0,83.0,0.0,0,417.94,0.0,1,1.58,0.75,SPY210528P00378000,378.0,0,0.0,0.0,,0.0,normalDay
2021-05-11,7197.0,62.0,0.0,0,414.21,0.0,1,1.58,0.96,SPY210528P00378000,378.0,0,0.0,0.0,,0.0,normalDay
2021-05-12,7197.0,-76.0,0.0,0,405.41,0.0,1,1.58,2.34,SPY210528P00378000,378.0,0,0.0,0.0,,0.0,normalDay
2021-05-13,7197.0,44.0,0.0,0,410.28,0.0,1,1.58,1.14,SPY210528P00378000,378.0,0,0.0,0.0,,0.0,normalDay
2021-05-14,7197.0,115.0,0.0,0,416.58,0.0,1,1.58,0.43,SPY210528P00378000,378.0,0,0.0,0.0,,0.0,normalDay
2021-05-17,7197.0,127.0,0.0,0,415.52,0.0,1,1.58,0.31,SPY210528P00378000,378.0,0,0.0,0.0,,0.0,normalDay
2021-05-18,7197.0,113.0,0.0,0,411.94,0.0,1,1.58,0.45,SPY210528P00378000,378.0,0,0.0,0.0,,0.0,normalDay
2021-05-19,7197.0,118.0,0.0,0,410.86,0.0,1,1.58,0.4,SPY210528P00378000,378.0,0,0.0,0.0,,0.0,normalDay
2021-05-20,7197.0,139.0,0.0,0,415.28,0.0,1,1.58,0.19,SPY210528P00378000,378.0,0,0.0,0.0,,0.0,normalDay
2021-05-21,7197.0,149.0,0.0,0,414.94,0.0,1,1.58,0.09,SPY210528P00378000,378.0,0,0.0,0.0,,0.0,normalDay
2021-05-24,7197.0,154.0,0.0,0,419.17,0.0,1,1.58,0.04,SPY210528P00378000,378.0,0,0.0,0.0,,0.0,normalDay
2021-05-25,7197.0,154.0,0.0,0,418.24,0.0,1,1.58,0.04,SPY210528P00378000,378.0,0,0.0,0.0,,0.0,normalDay
2021-05-26,7197.0,156.0,0.0,0,419.07,0.0,1,1.58,0.02,SPY210528P00378000,378.0,0,0.0,0.0,,0.0,normalDay
2021-05-27,7197.0,157.0,0.0,0,419.29,0.0,1,1.58,0.01,SPY210528P00378000,378.0,0,0.0,0.0,,0.0,normalDay
2021-05-28,7355.0,0.0,158.0,0,420.04,0.0,1,1.58,0.0,SPY210528P00378000,378.0,0,0.0,0.0,,0.0,expirationDay
2021-06-01,7355.0,-5.0,0.0,0,419.67,0.0,1,4.86,4.91,SPY210716P00406000,406.0,0,0.0,0.0,,0.0,normalDay
2021-06-02,7355.0,35.0,0.0,0,420.33,0.0,1,4.86,4.51,SPY210716P00406000,406.0,0,0.0,0.0,,0.0,normalDay
2021-06-03,7355.0,-14.0,0.0,0,418.77,0.0,1,4.86,5.0,SPY210716P00406000,406.0,0,0.0,0.0,,0.0,normalDay
2021-06-04,7355.0,110.0,0.0,0,422.6,0.0,1,4.86,3.76,SPY210716P00406000,406.0,0,0.0,0.0,,0.0,normalDay
2021-06-07,7355.0,147.0,0.0,0,422.19,0.0,1,4.86,3.39,SPY210716P00406000,406.0,0,0.0,0.0,,0.0,normalDay
2021-06-08,7355.0,139.0,0.0,0,422.28,0.0,1,4.86,3.47,SPY210716P00406000,406.0,0,0.0,0.0,,0.0,normalDay
2021-06-09,7355.0,110.0,0.0,0,421.65,0.0,1,4.86,3.76,SPY210716P00406000,406.0,0,0.0,0.0,,0.0,normalDay
2021-06-10,7355.0,206.0,0.0,0,423.61,0.0,1,4.86,2.8,SPY210716P00406000,406.0,0,0.0,0.0,,0.0,normalDay
2021-06-11,7355.0,232.0,0.0,0,424.31,0.0,1,4.86,2.54,SPY210716P00406000,406.0,0,0.0,0.0,,0.0,normalDay
2021-06-14,7355.0,251.0,0.0,0,425.26,0.0,1,4.86,2.35,SPY210716P00406000,406.0,0,0.0,0.0,,0.0,normalDay
2021-06-15,7355.0,234.0,0.0,0,424.48,0.0,1,4.86,2.52,SPY210716P00406000,406.0,0,0.0,0.0,,0.0,normalDay
2021-06-16,7355.0,183.0,0.0,0,422.11,0.0,1,4.86,3.03,SPY210716P00406000,406.0,0,0.0,0.0,,0.0,normalDay
2021-06-17,7355.0,208.0,0.0,0,421.97,0.0,1,4.86,2.78,SPY210716P00406000,406.0,0,0.0,0.0,,0.0,normalDay
2021-06-18,7355.0,10.0,0.0,0,414.92,0.0,1,4.86,4.76,SPY210716P00406000,406.0,0,0.0,0.0,,0.0,normalDay
2021-06-21,7355.0,241.0,0.0,0,420.86,0.0,1,4.86,2.45,SPY210716P00406000,406.0,0,0.0,0.0,,0.0,normalDay
2021-06-22,7355.0,302.0,0.0,0,423.11,0.0,1,4.86,1.84,SPY210716P00406000,406.0,0,0.0,0.0,,0.0,normalDay
2021-06-23,7355.0,316.0,0.0,0,422.6,0.0,1,4.86,1.7,SPY210716P00406000,406.0,0,0.0,0.0,,0.0,normalDay
2021-06-24,7355.0,356.0,0.0,0,425.1,0.0,1,4.86,1.3,SPY210716P00406000,406.0,0,0.0,0.0,,0.0,normalDay
2021-06-25,7355.0,385.0,0.0,0,426.61,0.0,1,4.86,1.01,SPY210716P00406000,406.0,0,0.0,0.0,,0.0,normalDay
2021-06-28,7355.0,403.0,0.0,0,427.47,0.0,1,4.86,0.83,SPY210716P00406000,406.0,0,0.0,0.0,,0.0,normalDay
2021-06-29,7355.0,406.0,0.0,0,427.7,0.0,1,4.86,0.8,SPY210716P00406000,406.0,0,0.0,0.0,,0.0,normalDay
2021-06-30,7355.0,421.0,0.0,0,428.06,0.0,1,4.86,0.65,SPY210716P00406000,406.0,0,0.0,0.0,,0.0,normalDay
2021-07-01,7355.0,432.0,0.0,0,430.43,0.0,1,4.86,0.54,SPY210716P00406000,406.0,0,0.0,0.0,,0.0,normalDay
2021-07-02,7355.0,450.0,0.0,0,433.72,0.0,1,4.86,0.36,SPY210716P00406000,406.0,0,0.0,0.0,,0.0,normalDay
2021-07-06,7355.0,453.0,0.0,0,432.93,0.0,1,4.86,0.33,SPY210716P00406000,406.0,0,0.0,0.0,,0.0,normalDay
2021-07-07,7355.0,463.0,0.0,0,434.46,0.0,1,4.86,0.23,SPY210716P00406000,406.0,0,0.0,0.0,,0.0,normalDay
2021-07-08,7355.0,439.0,0.0,0,430.92,0.0,1,4.86,0.47,SPY210716P00406000,406.0,0,0.0,0.0,,0.0,normalDay
2021-07-09,7355.0,472.0,0.0,0,435.52,0.0,1,4.86,0.14,SPY210716P00406000,406.0,0,0.0,0.0,,0.0,normalDay
2021-07-12,7355.0,480.0,0.0,0,437.08,0.0,1,4.86,0.06,SPY210716P00406000,406.0,0,0.0,0.0,,0.0,normalDay
2021-07-13,7355.0,478.0,0.0,0,435.59,0.0,1,4.86,0.08,SPY210716P00406000,406.0,0,0.0,0.0,,0.0,normalDay
2021-07-14,7355.0,483.0,0.0,0,436.24,0.0,1,4.86,0.03,SPY210716P00406000,406.0,0,0.0,0.0,,0.0,normalDay
2021-07-15,7355.0,484.0,0.0,0,434.75,0.0,1,4.86,0.02,SPY210716P00406000,406.0,0,0.0,0.0,,0.0,normalDay
2021-07-16,7841.0,0.0,486.0,0,431.34,0.0,1,4.86,0.0,SPY210716P00406000,406.0,0,0.0,0.0,,0.0,expirationDay
2021-07-19,7841.0,-6.0,0.0,0,424.97,0.0,1,7.42,7.48,SPY210827P00417000,417.0,0,0.0,0.0,,0.0,normalDay
2021-07-20,7841.0,224.0,0.0,0,431.06,0.0,1,7.42,5.18,SPY210827P00417000,417.0,0,0.0,0.0,,0.0,normalDay
2021-07-21,7841.0,360.0,0.0,0,434.55,0.0,1,7.42,3.82,SPY210827P00417000,417.0,0,0.0,0.0,,0.0,normalDay
2021-07-22,7841.0,382.0,0.0,0,435.46,0.0,1,7.42,3.6,SPY210827P00417000,417.0,0,0.0,0.0,,0.0,normalDay
2021-07-23,7841.0,461.0,0.0,0,439.94,0.0,1,7.42,2.81,SPY210827P00417000,417.0,0,0.0,0.0,,0.0,normalDay
2021-07-26,7841.0,496.0,0.0,0,441.02,0.0,1,7.42,2.46,SPY210827P00417000,417.0,0,0.0,0.0,,0.0,normalDay
2021-07-27,7841.0,433.0,0.0,0,439.01,0.0,1,7.42,3.09,SPY210827P00417000,417.0,0,0.0,0.0,,0.0,normalDay
2021-07-28,7841.0,472.0,0.0,0,438.83,0.0,1,7.42,2.7,SPY210827P00417000,417.0,0,0.0,0.0,,0.0,normalDay
2021-07-29,7841.0,525.0,0.0,0,440.65,0.0,1,7.42,2.17,SPY210827P00417000,417.0,0,0.0,0.0,,0.0,normalDay
2021-07-30,7841.0,505.0,0.0,0,438.51,0.0,1,7.42,2.37,SPY210827P00417000,417.0,0,0.0,0.0,,0.0,normalDay
2021-08-02,7841.0,487.0,0.0,0,437.59,0.0,1,7.42,2.55,SPY210827P00417000,417.0,0,0.0,0.0,,0.0,normalDay
2021-08-03,7841.0,568.0,0.0,0,441.15,0.0,1,7.42,1.74,SPY210827P00417000,417.0,0,0.0,0.0,,0.0,normalDay
2021-08-04,7841.0,562.0,0.0,0,438.98,0.0,1,7.42,1.8,SPY210827P00417000,417.0,0,0.0,0.0,,0.0,normalDay
2021-08-05,7841.0,603.0,0.0,0,441.76,0.0,1,7.42,1.39,SPY210827P00417000,417.0,0,0.0,0.0,,0.0,normalDay
2021-08-06,7841.0,638.0,0.0,0,442.49,0.0,1,7.42,1.04,SPY210827P00417000,417.0,0,0.0,0.0,,0.0,normalDay
2021-08-09,7841.0,649.0,0.0,0,442.13,0.0,1,7.42,0.93,SPY210827P00417000,417.0,0,0.0,0.0,,0.0,normalDay
2021-08-10,7841.0,652.0,0.0,0,442.68,0.0,1,7.42,0.9,SPY210827P00417000,417.0,0,0.0,0.0,,0.0,normalDay
2021-08-11,7841.0,679.0,0.0,0,443.78,0.0,1,7.42,0.63,SPY210827P00417000,417.0,0,0.0,0.0,,0.0,normalDay
2021-08-12,7841.0,695.0,0.0,0,445.11,0.0,1,7.42,0.47,SPY210827P00417000,417.0,0,0.0,0.0,,0.0,normalDay
2021-08-13,7841.0,704.0,0.0,0,445.92,0.0,1,7.42,0.38,SPY210827P00417000,417.0,0,0.0,0.0,,0.0,normalDay
2021-08-16,7841.0,711.0,0.0,0,446.97,0.0,1,7.42,0.31,SPY210827P00417000,417.0,0,0.0,0.0,,0.0,normalDay
2021-08-17,7841.0,690.0,0.0,0,444.04,0.0,1,7.42,0.52,SPY210827P00417000,417.0,0,0.0,0.0,,0.0,normalDay
2021-08-18,7841.0,631.0,0.0,0,439.18,0.0,1,7.42,1.11,SPY210827P00417000,417.0,0,0.0,0.0,,0.0,normalDay
2021-08-19,7841.0,655.0,0.0,0,439.86,0.0,1,7.42,0.87,SPY210827P00417000,417.0,0,0.0,0.0,,0.0,normalDay
2021-08-20,7841.0,724.0,0.0,0,443.36,0.0,1,7.42,0.18,SPY210827P00417000,417.0,0,0.0,0.0,,0.0,normalDay
2021-08-23,7841.0,735.0,0.0,0,447.26,0.0,1,7.42,0.07,SPY210827P00417000,417.0,0,0.0,0.0,,0.0,normalDay
2021-08-24,7841.0,737.0,0.0,0,447.97,0.0,1,7.42,0.05,SPY210827P00417000,417.0,0,0.0,0.0,,0.0,normalDay
2021-08-25,7841.0,739.0,0.0,0,448.91,0.0,1,7.42,0.03,SPY210827P00417000,417.0,0,0.0,0.0,,0.0,normalDay
2021-08-26,7841.0,738.0,0.0,0,446.26,0.0,1,7.42,0.04,SPY210827P00417000,417.0,0,0.0,0.0,,0.0,normalDay
2021-08-27,8583.0,0.0,742.0,0,450.25,0.0,1,7.42,0.0,SPY210827P00417000,417.0,0,0.0,0.0,,0.0,expirationDay
2021-08-30,8583.0,-4.0,0.0,0,452.23,0.0,1,4.41,4.45,SPY211015P00435000,435.0,0,0.0,0.0,,0.0,normalDay
2021-08-31,8583.0,-2.0,0.0,0,451.56,0.0,1,4.41,4.43,SPY211015P00435000,435.0,0,0.0,0.0,,0.0,normalDay
2021-09-01,8583.0,26.0,0.0,0,451.8,0.0,1,4.41,4.15,SPY211015P00435000,435.0,0,0.0,0.0,,0.0,normalDay
2021-09-02,8583.0,52.0,0.0,0,453.19,0.0,1,4.41,3.89,SPY211015P00435000,435.0,0,0.0,0.0,,0.0,normalDay
2021-09-03,8583.0,54.0,0.0,0,453.08,0.0,1,4.41,3.87,SPY211015P00435000,435.0,0,0.0,0.0,,0.0,normalDay
2021-09-07,8583.0,16.0,0.0,0,451.46,0.0,1,4.41,4.25,SPY211015P00435000,435.0,0,0.0,0.0,,0.0,normalDay
2021-09-08,8583.0,17.0,0.0,0,450.91,0.0,1,4.41,4.24,SPY211015P00435000,435.0,0,0.0,0.0,,0.0,normalDay
2021-09-09,8583.0,-46.0,0.0,0,448.98,0.0,1,4.41,4.87,SPY211015P00435000,435.0,0,0.0,0.0,,0.0,normalDay
2021-09-10,8583.0,-148.0,0.0,0,445.44,0.0,1,4.41,5.89,SPY211015P00435000,435.0,0,0.0,0.0,,0.0,normalDay
2021-09-13,8583.0,-47.0,0.0,0,446.58,0.0,1,4.41,4.88,SPY211015P00435000,435.0,0,0.0,0.0,,0.0,normalDay
2021-09-14,8583.0,-109.0,0.0,0,444.17,0.0,1,4.41,5.5,SPY211015P00435000,435.0,0,0.0,0.0,,0.0,normalDay
2021-09-15,8583.0,35.0,0.0,0,447.88,0.0,1,4.41,4.06,SPY211015P00435000,435.0,0,0.0,0.0,,0.0,normalDay
2021-09-16,8583.0,13.0,0.0,0,447.17,0.0,1,4.41,4.28,SPY211015P00435000,435.0,0,0.0,0.0,,0.0,normalDay
2021-09-17,8583.0,-154.0,0.0,0,441.4,0.0,1,4.41,5.95,SPY211015P00435000,435.0,0,0.0,0.0,,0.0,normalDay
2021-09-20,8583.0,-506.0,0.0,0,434.04,0.0,1,4.41,9.47,SPY211015P00435000,435.0,0,0.0,0.0,,0.0,normalDay
2021-09-21,8583.0,-483.0,0.0,0,433.63,0.0,1,4.41,9.24,SPY211015P00435000,435.0,0,0.0,0.0,,0.0,normalDay
2021-09-22,8583.0,-180.0,0.0,0,437.86,0.0,1,4.41,6.21,SPY211015P00435000,435.0,0,0.0,0.0,,0.0,normalDay
2021-09-23,8583.0,54.0,0.0,0,443.18,0.0,1,4.41,3.87,SPY211015P00435000,435.0,0,0.0,0.0,,0.0,normalDay
2021-09-24,8583.0,111.0,0.0,0,443.91,0.0,1,4.41,3.3,SPY211015P00435000,435.0,0,0.0,0.0,,0.0,normalDay
2021-09-27,8583.0,92.0,0.0,0,442.64,0.0,1,4.41,3.49,SPY211015P00435000,435.0,0,0.0,0.0,,0.0,normalDay
2021-09-28,8583.0,-308.0,0.0,0,433.72,0.0,1,4.41,7.49,SPY211015P00435000,435.0,0,0.0,0.0,,0.0,normalDay
2021-09-29,8583.0,-239.0,0.0,0,434.45,0.0,1,4.41,6.8,SPY211015P00435000,435.0,0,0.0,0.0,,0.0,normalDay
2021-09-30,8583.0,-495.0,0.0,0,429.14,0.0,1,4.41,9.36,SPY211015P00435000,435.0,0,0.0,0.0,,0.0,normalDay
2021-10-01,8583.0,-170.0,0.0,0,434.24,0.0,1,4.41,6.11,SPY211015P00435000,435.0,0,0.0,0.0,,0.0,normalDay
2021-10-04,8583.0,-464.0,0.0,0,428.64,0.0,1,4.41,9.05,SPY211015P00435000,435.0,0,0.0,0.0,,0.0,normalDay
2021-10-05,8583.0,-160.0,0.0,0,433.1,0.0,1,4.41,6.01,SPY211015P00435000,435.0,0,0.0,0.0,,0.0,normalDay
2021-10-06,8583.0,-58.0,0.0,0,434.9,0.0,1,4.41,4.99,SPY211015P00435000,435.0,0,0.0,0.0,,0.0,normalDay
2021-10-07,8583.0,155.0,0.0,0,438.66,0.0,1,4.41,2.86,SPY211015P00435000,435.0,0,0.0,0.0,,0.0,normalDay
2021-10-08,8583.0,161.0,0.0,0,437.86,0.0,1,4.41,2.8,SPY211015P00435000,435.0,0,0.0,0.0,,0.0,normalDay
2021-10-11,8583.0,63.0,0.0,0,434.69,0.0,1,4.41,3.78,SPY211015P00435000,435.0,0,0.0,0.0,,0.0,normalDay
2021-10-12,8583.0,30.0,0.0,0,433.62,0.0,1,4.41,4.11,SPY211015P00435000,435.0,0,0.0,0.0,,0.0,normalDay
2021-10-13,8583.0,239.0,0.0,0,435.18,0.0,1,4.41,2.02,SPY211015P00435000,435.0,0,0.0,0.0,,0.0,normalDay
2021-10-14,8583.0,428.0,0.0,0,442.5,0.0,1,4.41,0.13,SPY211015P00435000,435.0,0,0.0,0.0,,0.0,normalDay
2021-10-15,9024.0,0.0,441.0,0,445.87,0.0,1,4.41,0.0,SPY211015P00435000,435.0,0,0.0,0.0,,0.0,expirationDay
2021-10-18,9024.0,-4.0,0.0,0,447.19,0.0,1,2.85,2.89,SPY211126P00424000,424.0,0,0.0,0.0,,0.0,normalDay
2021-10-19,9024.0,56.0,0.0,0,450.64,0.0,1,2.85,2.29,SPY211126P00424000,424.0,0,0.0,0.0,,0.0,normalDay
2021-10-20,9024.0,75.0,0.0,0,452.41,0.0,1,2.85,2.1,SPY211126P00424000,424.0,0,0.0,0.0,,0.0,normalDay
2021-10-21,9024.0,102.0,0.0,0,453.59,0.0,1,2.85,1.83,SPY211126P00424000,424.0,0,0.0,0.0,,0.0,normalDay
2021-10-22,9024.0,91.0,0.0,0,453.12,0.0,1,2.85,1.94,SPY211126P00424000,424.0,0,0.0,0.0,,0.0,normalDay
2021-10-25,9024.0,132.0,0.0,0,455.55,0.0,1,2.85,1.53,SPY211126P00424000,424.0,0,0.0,0.0,,0.0,normalDay
2021-10-26,9024.0,130.0,0.0,0,455.96,0.0,1,2.85,1.55,SPY211126P00424000,424.0,0,0.0,0.0,,0.0,normalDay
2021-10-27,9024.0,99.0,0.0,0,453.94,0.0,1,2.85,1.86,SPY211126P00424000,424.0,0,0.0,0.0,,0.0,normalDay
2021-10-28,9024.0,146.0,0.0,0,458.32,0.0,1,2.85,1.39,SPY211126P00424000,424.0,0,0.0,0.0,,0.0,normalDay
2021-10-29,9024.0,164.0,0.0,0,459.25,0.0,1,2.85,1.21,SPY211126P00424000,424.0,0,0.0,0.0,,0.0,normalDay
2021-11-01,9024.0,189.0,0.0,0,460.04,0.0,1,2.85,0.96,SPY211126P00424000,424.0,0,0.0,0.0,,0.0,normalDay
2021-11-02,9024.0,204.0,0.0,0,461.9,0.0,1,2.85,0.81,SPY211126P00424000,424.0,0,0.0,0.0,,0.0,normalDay
2021-11-03,9024.0,230.0,0.0,0,464.72,0.0,1,2.85,0.55,SPY211126P00424000,424.0,0,0.0,0.0,,0.0,normalDay
2021-11-04,9024.0,232.0,0.0,0,466.91,0.0,1,2.85,0.53,SPY211126P00424000,424.0,0,0.0,0.0,,0.0,normalDay
2021-11-05,9024.0,232.0,0.0,0,468.53,0.0,1,2.85,0.53,SPY211126P00424000,424.0,0,0.0,0.0,,0.0,normalDay
2021-11-08,9024.0,236.0,0.0,0,468.93,0.0,1,2.85,0.49,SPY211126P00424000,424.0,0,0.0,0.0,,0.0,normalDay
2021-11-09,9024.0,236.0,0.0,0,467.38,0.0,1,2.85,0.49,SPY211126P00424000,424.0,0,0.0,0.0,,0.0,normalDay
2021-11-10,9024.0,231.0,0.0,0,463.62,0.0,1,2.85,0.54,SPY211126P00424000,424.0,0,0.0,0.0,,0.0,normalDay
2021-11-11,9024.0,249.0,0.0,0,463.77,0.0,1,2.85,0.36,SPY211126P00424000,424.0,0,0.0,0.0,,0.0,normalDay
2021-11-12,9024.0,264.0,0.0,0,467.27,0.0,1,2.85,0.21,SPY211126P00424000,424.0,0,0.0,0.0,,0.0,normalDay
2021-11-15,9024.0,272.0,0.0,0,467.43,0.0,1,2.85,0.13,SPY211126P00424000,424.0,0,0.0,0.0,,0.0,normalDay
2021-11-16,9024.0,274.0,0.0,0,469.28,0.0,1,2.85,0.11,SPY211126P00424000,424.0,0,0.0,0.0,,0.0,normalDay
2021-11-17,9024.0,277.0,0.0,0,468.14,0.0,1,2.85,0.08,SPY211126P00424000,424.0,0,0.0,0.0,,0.0,normalDay
2021-11-18,9024.0,278.0,0.0,0,469.73,0.0,1,2.85,0.07,SPY211126P00424000,424.0,0,0.0,0.0,,0.0,normalDay
2021-11-19,9024.0,279.0,0.0,0,468.89,0.0,1,2.85,0.06,SPY211126P00424000,424.0,0,0.0,0.0,,0.0,normalDay
2021-11-22,9024.0,281.0,0.0,0,467.57,0.0,1,2.85,0.04,SPY211126P00424000,424.0,0,0.0,0.0,,0.0,normalDay
2021-11-23,9024.0,283.0,0.0,0,468.19,0.0,1,2.85,0.02,SPY211126P00424000,424.0,0,0.0,0.0,,0.0,normalDay
2021-11-24,9024.0,284.0,0.0,0,469.44,0.0,1,2.85,0.01,SPY211126P00424000,424.0,0,0.0,0.0,,0.0,normalDay
2021-11-26,9309.0,0.0,285.0,0,458.97,0.0,1,2.85,0.0,SPY211126P00424000,424.0,0,0.0,0.0,,0.0,expirationDay
2021-11-29,9309.0,-5.0,0.0,0,464.6,0.0,1,10.47,10.52,SPY220121P00458000,458.0,0,0.0,0.0,,0.0,normalDay
2021-11-30,9309.0,-421.0,0.0,0,455.56,0.0,1,10.47,14.68,SPY220121P00458000,458.0,0,0.0,0.0,,0.0,normalDay
2021-12-01,9309.0,-915.0,0.0,0,450.5,0.0,1,10.47,19.62,SPY220121P00458000,458.0,0,0.0,0.0,,0.0,normalDay
2021-12-02,9309.0,-427.0,0.0,0,457.4,0.0,1,10.47,14.74,SPY220121P00458000,458.0,0,0.0,0.0,,0.0,normalDay
2021-12-03,9309.0,-666.0,0.0,0,453.42,0.0,1,10.47,17.13,SPY220121P00458000,458.0,0,0.0,0.0,,0.0,normalDay
2021-12-06,9309.0,-299.0,0.0,0,458.79,0.0,1,10.47,13.46,SPY220121P00458000,458.0,0,0.0,0.0,,0.0,normalDay
2021-12-07,9309.0,219.0,0.0,0,468.28,0.0,1,10.47,8.28,SPY220121P00458000,458.0,0,0.0,0.0,,0.0,normalDay
2021-12-08,9309.0,327.0,0.0,0,469.52,0.0,1,10.47,7.2,SPY220121P00458000,458.0,0,0.0,0.0,,0.0,normalDay
2021-12-09,9309.0,210.0,0.0,0,466.35,0.0,1,10.47,8.37,SPY220121P00458000,458.0,0,0.0,0.0,,0.0,normalDay
2021-12-10,9309.0,428.0,0.0,0,470.74,0.0,1,10.47,6.19,SPY220121P00458000,458.0,0,0.0,0.0,,0.0,normalDay
2021-12-13,9309.0,284.0,0.0,0,466.57,0.0,1,10.47,7.63,SPY220121P00458000,458.0,0,0.0,0.0,,0.0,normalDay
2021-12-14,9309.0,136.0,0.0,0,463.36,0.0,1,10.47,9.11,SPY220121P00458000,458.0,0,0.0,0.0,,0.0,normalDay
2021-12-15,9309.0,469.0,0.0,0,470.6,0.0,1,10.47,5.78,SPY220121P00458000,458.0,0,0.0,0.0,,0.0,normalDay
2021-12-16,9309.0,338.0,0.0,0,466.45,0.0,1,10.47,7.09,SPY220121P00458000,458.0,0,0.0,0.0,,0.0,normalDay
2021-12-17,9309.0,132.0,0.0,0,459.87,0.0,1,10.47,9.15,SPY220121P00458000,458.0,0,0.0,0.0,,0.0,normalDay
2021-12-20,9309.0,-80.0,0.0,0,454.98,0.0,1,10.47,11.27,SPY220121P00458000,458.0,0,0.0,0.0,,0.0,normalDay
2021-12-21,9309.0,295.0,0.0,0,463.06,0.0,1,10.47,7.52,SPY220121P00458000,458.0,0,0.0,0.0,,0.0,normalDay
2021-12-22,9309.0,537.0,0.0,0,467.69,0.0,1,10.47,5.1,SPY220121P00458000,458.0,0,0.0,0.0,,0.0,normalDay
2021-12-23,9309.0,656.0,0.0,0,470.6,0.0,1,10.47,3.91,SPY220121P00458000,458.0,0,0.0,0.0,,0.0,normalDay
2021-12-27,9309.0,816.0,0.0,0,477.26,0.0,1,10.47,2.31,SPY220121P00458000,458.0,0,0.0,0.0,,0.0,normalDay
2021-12-28,9309.0,834.0,0.0,0,476.87,0.0,1,10.47,2.13,SPY220121P00458000,458.0,0,0.0,0.0,,0.0,normalDay
2021-12-29,9309.0,869.0,0.0,0,477.48,0.0,1,10.47,1.78,SPY220121P00458000,458.0,0,0.0,0.0,,0.0,normalDay
2021-12-30,9309.0,847.0,0.0,0,476.16,0.0,1,10.47,2.0,SPY220121P00458000,458.0,0,0.0,0.0,,0.0,normalDay
2021-12-31,9309.0,855.0,0.0,0,474.96,0.0,1,10.47,1.92,SPY220121P00458000,458.0,0,0.0,0.0,,0.0,normalDay
2022-01-03,9309.0,923.0,0.0,0,477.71,0.0,1,10.47,1.24,SPY220121P00458000,458.0,0,0.0,0.0,,0.0,normalDay
2022-01-04,9309.0,924.0,0.0,0,477.55,0.0,1,10.47,1.23,SPY220121P00458000,458.0,0,0.0,0.0,,0.0,normalDay
2022-01-05,9309.0,726.0,0.0,0,468.38,0.0,1,10.47,3.21,SPY220121P00458000,458.0,0,0.0,0.0,,0.0,normalDay
2022-01-06,9309.0,747.0,0.0,0,467.94,0.0,1,10.47,3.0,SPY220121P00458000,458.0,0,0.0,0.0,,0.0,normalDay
2022-01-07,9309.0,778.0,0.0,0,466.09,0.0,1,10.47,2.69,SPY220121P00458000,458.0,0,0.0,0.0,,0.0,normalDay
2022-01-10,9309.0,768.0,0.0,0,465.51,0.0,1,10.47,2.79,SPY220121P00458000,458.0,0,0.0,0.0,,0.0,normalDay
2022-01-11,9309.0,881.0,0.0,0,469.75,0.0,1,10.47,1.66,SPY220121P00458000,458.0,0,0.0,0.0,,0.0,normalDay
2022-01-12,9309.0,946.0,0.0,0,471.02,0.0,1,10.47,1.01,SPY220121P00458000,458.0,0,0.0,0.0,,0.0,normalDay
2022-01-13,9309.0,781.0,0.0,0,464.53,0.0,1,10.47,2.66,SPY220121P00458000,458.0,0,0.0,0.0,,0.0,normalDay
2022-01-14,9309.0,860.0,0.0,0,464.72,0.0,1,10.47,1.87,SPY220121P00458000,458.0,0,0.0,0.0,,0.0,normalDay
2022-01-18,9309.0,558.0,0.0,0,456.49,0.0,1,10.47,4.89,SPY220121P00458000,458.0,0,0.0,0.0,,0.0,normalDay
2022-01-19,9309.0,359.0,0.0,0,451.75,0.0,1,10.47,6.88,SPY220121P00458000,458.0,0,0.0,0.0,,0.0,normalDay
2022-01-20,9309.0,-128.0,0.0,0,446.75,0.0,1,10.47,11.75,SPY220121P00458000,458.0,0,0.0,0.0,,0.0,normalDay
2022-01-21,10356.0,-2002.0,1047.0,100,437.98,458.0,1,10.47,0.0,SPY220121P00458000,458.0,0,0.0,0.0,,0.0,expirationDay
2022-01-24,10356.0,-1816.0,0.0,100,439.84,458.0,0,0.0,0.0,,0.0,0,0.0,0.0,,0.0,bidTooLow
2022-01-25,10356.0,-2353.0,0.0,100,434.47,458.0,0,0.0,0.0,,0.0,0,0.0,0.0,,0.0,bidTooLow
2022-01-26,10356.0,-2462.0,0.0,100,433.38,458.0,0,0.0,0.0,,0.0,0,0.0,0.0,,0.0,bidTooLow
2022-01-27,10356.0,-2676.0,0.0,100,431.24,458.0,0,0.0,0.0,,0.0,0,0.0,0.0,,0.0,bidTooLow
2022-01-28,10356.0,-1605.0,0.0,100,441.95,458.0,0,0.0,0.0,,0.0,0,0.0,0.0,,0.0,bidTooLow
2022-01-31,10356.0,-809.0,0.0,100,449.91,458.0,0,0.0,0.0,,0.0,0,0.0,0.0,,0.0,bidTooLow
2022-02-01,10356.0,-505.0,0.0,100,452.95,458.0,0,0.0,0.0,,0.0,0,0.0,0.0,,0.0,bidTooLow
2022-02-02,10356.0,-65.0,0.0,100,457.35,458.0,0,0.0,0.0,,0.0,0,0.0,0.0,,0.0,bidTooLow
2022-02-03,10356.0,-1140.0,0.0,100,446.6,458.0,0,0.0,0.0,,0.0,0,0.0,0.0,,0.0,bidTooLow
2022-02-04,10356.0,-930.0,0.0,100,448.7,458.0,0,0.0,0.0,,0.0,0,0.0,0.0,,0.0,bidTooLow
2022-02-07,10356.0,-1074.0,0.0,100,447.26,458.0,0,0.0,0.0,,0.0,0,0.0,0.0,,0.0,bidTooLow
2022-02-08,10356.0,-706.0,0.0,100,450.94,458.0,0,0.0,0.0,,0.0,0,0.0,0.0,,0.0,bidTooLow
2022-02-09,10356.0,-49.0,0.0,100,457.54,458.0,0,0.0,0.0,,0.0,1,0.02,0.05,SPY220218C00484000,484.0,normalDay
2022-02-10,10356.0,-868.0,0.0,100,449.32,458.0,0,0.0,0.0,,0.0,1,0.02,0.02,SPY220218C00484000,484.0,normalDay
2022-02-11,10356.0,-1754.0,0.0,100,440.46,458.0,0,0.0,0.0,,0.0,1,0.02,0.02,SPY220218C00484000,484.0,normalDay
2022-02-14,10356.0,-1898.0,0.0,100,439.02,458.0,0,0.0,0.0,,0.0,1,0.02,0.02,SPY220218C00484000,484.0,normalDay
2022-02-15,10356.0,-1189.0,0.0,100,446.1,458.0,0,0.0,0.0,,0.0,1,0.02,0.01,SPY220218C00484000,484.0,normalDay
2022-02-16,10356.0,-1139.0,0.0,100,446.6,458.0,0,0.0,0.0,,0.0,1,0.02,0.01,SPY220218C00484000,484.0,normalDay
2022-02-17,10356.0,-2093.0,0.0,100,437.06,458.0,0,0.0,0.0,,0.0,1,0.02,0.01,SPY220218C00484000,484.0,normalDay
2022-02-18,10358.0,-2377.0,2.0,100,434.23,458.0,0,0.0,0.0,,0.0,1,0.02,0.0,SPY220218C00484000,484.0,expirationDay
2022-02-22,10358.0,-2846.0,0.0,100,429.57,458.0,0,0.0,0.0,,0.0,1,0.01,0.04,SPY220304C00471000,471.0,normalDay
2022-02-23,10358.0,-3607.0,0.0,100,421.95,458.0,0,0.0,0.0,,0.0,1,0.01,0.03,SPY220304C00471000,471.0,normalDay
2022-02-24,10358.0,-2973.0,0.0,100,428.3,458.0,0,0.0,0.0,,0.0,1,0.01,0.04,SPY220304C00471000,471.0,normalDay
2022-02-25,10358.0,-2028.0,0.0,100,437.75,458.0,0,0.0,0.0,,0.0,1,0.01,0.04,SPY220304C00471000,471.0,normalDay
2022-02-28,10358.0,-2138.0,0.0,100,436.63,458.0,0,0.0,0.0,,0.0,1,0.01,0.02,SPY220304C00471000,471.0,normalDay
2022-03-01,10358.0,-2802.0,0.0,100,429.98,458.0,0,0.0,0.0,,0.0,1,0.01,0.01,SPY220304C00471000,471.0,normalDay
2022-03-02,10358.0,-2011.0,0.0,100,437.89,458.0,0,0.0,0.0,,0.0,1,0.01,0.01,SPY220304C00471000,471.0,normalDay
2022-03-03,10358.0,-2229.0,0.0,100,435.71,458.0,0,0.0,0.0,,0.0,1,0.01,0.01,SPY220304C00471000,471.0,normalDay
2022-03-04,10359.0,-2583.0,1.0,100,432.17,458.0,0,0.0,0.0,,0.0,1,0.01,0.0,SPY220304C00471000,471.0,expirationDay
2022-03-07,10359.0,-3860.0,0.0,100,419.43,458.0,0,0.0,0.0,,0.0,1,0.01,0.04,SPY220318C00469000,469.0,normalDay
2022-03-08,10359.0,-4178.0,0.0,100,416.25,458.0,0,0.0,0.0,,0.0,1,0.01,0.04,SPY220318C00469000,469.0,normalDay
2022-03-09,10359.0,-3063.0,0.0,100,427.41,458.0,0,0.0,0.0,,0.0,1,0.01,0.05,SPY220318C00469000,469.0,normalDay
2022-03-10,10359.0,-3254.0,0.0,100,425.48,458.0,0,0.0,0.0,,0.0,1,0.01,0.03,SPY220318C00469000,469.0,normalDay
2022-03-11,10359.0,-3794.0,0.0,100,420.07,458.0,0,0.0,0.0,,0.0,1,0.01,0.02,SPY220318C00469000,469.0,normalDay
2022-03-14,10359.0,-4101.0,0.0,100,417.0,458.0,0,0.0,0.0,,0.0,1,0.01,0.02,SPY220318C00469000,469.0,normalDay
2022-03-15,10359.0,-3183.0,0.0,100,426.17,458.0,0,0.0,0.0,,0.0,1,0.01,0.01,SPY220318C00469000,469.0,normalDay
2022-03-16,10359.0,-2238.0,0.0,100,435.62,458.0,0,0.0,0.0,,0.0,1,0.01,0.01,SPY220318C00469000,469.0,normalDay
2022-03-17,10359.0,-1693.0,0.0,100,441.07,458.0,0,0.0,0.0,,0.0,1,0.01,0.01,SPY220318C00469000,469.0,normalDay
2022-03-18,10360.0,-1348.0,1.0,100,444.52,458.0,0,0.0,0.0,,0.0,1,0.01,0.0,SPY220318C00469000,469.0,expirationDay
2022-03-21,10360.0,-1365.0,0.0,100,444.39,458.0,0,0.0,0.0,,0.0,1,1.17,1.21,SPY220401C00458000,458.0,normalDay
2022-03-22,10360.0,-925.0,0.0,100,449.59,458.0,0,0.0,0.0,,0.0,1,1.17,2.01,SPY220401C00458000,458.0,normalDay
2022-03-23,10360.0,-1379.0,0.0,100,443.8,458.0,0,0.0,0.0,,0.0,1,1.17,0.76,SPY220401C00458000,458.0,normalDay
2022-03-24,10360.0,-790.0,0.0,100,450.49,458.0,0,0.0,0.0,,0.0,1,1.17,1.56,SPY220401C00458000,458.0,normalDay
2022-03-25,10360.0,-573.0,0.0,100,452.69,458.0,0,0.0,0.0,,0.0,1,1.17,1.59,SPY220401C00458000,458.0,normalDay
2022-03-28,10360.0,-299.0,0.0,100,455.91,458.0,0,0.0,0.0,,0.0,1,1.17,2.07,SPY220401C00458000,458.0,normalDay
2022-03-29,10360.0,-12.0,0.0,100,461.55,458.0,0,0.0,0.0,,0.0,1,1.17,4.84,SPY220401C00458000,458.0,normalDay
2022-03-30,10360.0,-108.0,0.0,100,458.7,458.0,0,0.0,0.0,,0.0,1,1.17,2.95,SPY220401C00458000,458.0,normalDay
2022-03-31,10360.0,-550.0,0.0,100,451.64,458.0,0,0.0,0.0,,0.0,1,1.17,0.31,SPY220401C00458000,458.0,normalDay
2022-04-01,10477.0,-508.0,117.0,100,452.92,458.0,0,0.0,0.0,,0.0,1,1.17,0.0,SPY220401C00458000,458.0,expirationDay
2022-04-04,10477.0,-120.0,0.0,100,456.8,458.0,0,0.0,0.0,,0.0,0,0.0,0.0,,0.0,bidTooLow
2022-04-05,10477.0,-697.0,0.0,100,451.03,458.0,0,0.0,0.0,,0.0,0,0.0,0.0,,0.0,bidTooLow
2022-04-06,10477.0,-1148.0,0.0,100,446.52,458.0,0,0.0,0.0,,0.0,0,0.0,0.0,,0.0,bidTooLow
2022-04-07,10477.0,-923.0,0.0,100,448.77,458.0,0,0.0,0.0,,0.0,0,0.0,0.0,,0.0,bidTooLow
2022-04-08,10477.0,-1043.0,0.0,100,447.57,458.0,0,0.0,0.0,,0.0,0,0.0,0.0,,0.0,bidTooLow
2022-04-11,10477.0,-1808.0,0.0,100,439.92,458.0,0,0.0,0.0,,0.0,0,0.0,0.0,,0.0,bidTooLow
2022-04-12,10477.0,-1971.0,0.0,100,438.29,458.0,0,0.0,0.0,,0.0,0,0.0,0.0,,0.0,bidTooLow
2022-04-13,10477.0,-1469.0,0.0,100,443.31,458.0,0,0.0,0.0,,0.0,0,0.0,0.0,,0.0,bidTooLow
2022-04-14,10477.0,-2021.0,0.0,100,437.79,458.0,0,0.0,0.0,,0.0,0,0.0,0.0,,0.0,bidTooLow
2022-04-18,10477.0,-2003.0,0.0,100,437.97,458.0,0,0.0,0.0,,0.0,0,0.0,0.0,,0.0,bidTooLow
2022-04-19,10477.0,-1296.0,0.0,100,445.04,458.0,0,0.0,0.0,,0.0,0,0.0,0.0,,0.0,bidTooLow
2022-04-20,10477.0,-1329.0,0.0,100,444.71,458.0,0,0.0,0.0,,0.0,0,0.0,0.0,,0.0,bidTooLow
2022-04-21,10477.0,-1994.0,0.0,100,438.06,458.0,0,0.0,0.0,,0.0,0,0.0,0.0,,0.0,bidTooLow
2022-04-22,10477.0,-3196.0,0.0,100,426.04,458.0,0,0.0,0.0,,0.0,0,0.0,0.0,,0.0,bidTooLow
2022-04-25,10477.0,-2949.0,0.0,100,428.51,458.0,0,0.0,0.0,,0.0,0,0.0,0.0,,0.0,bidTooLow
2022-04-26,10477.0,-4190.0,0.0,100,416.1,458.0,0,0.0,0.0,,0.0,0,0.0,0.0,,0.0,bidTooLow
2022-04-27,10477.0,-4073.0,0.0,100,417.27,458.0,0,0.0,0.0,,0.0,0,0.0,0.0,,0.0,bidTooLow
2022-04-28,10477.0,-3019.0,0.0,100,427.81,458.0,0,0.0,0.0,,0.0,0,0.0,0.0,,0.0,bidTooLow
2022-04-29,10477.0,-4600.0,0.0,100,412.0,458.0,0,0.0,0.0,,0.0,0,0.0,0.0,,0.0,bidTooLow
2022-05-02,10477.0,-4352.0,0.0,100,414.48,458.0,0,0.0,0.0,,0.0,0,0.0,0.0,,0.0,bidTooLow
2022-05-03,10477.0,-4162.0,0.0,100,416.38,458.0,0,0.0,0.0,,0.0,0,0.0,0.0,,0.0,bidTooLow
2022-05-04,10477.0,-2894.0,0.0,100,429.06,458.0,0,0.0,0.0,,0.0,0,0.0,0.0,,0.0,bidTooLow
2022-05-05,10477.0,-4419.0,0.0,100,413.81,458.0,0,0.0,0.0,,0.0,0,0.0,0.0,,0.0,bidTooLow
2022-05-06,10477.0,-4666.0,0.0,100,411.34,458.0,0,0.0,0.0,,0.0,0,0.0,0.0,,0.0,bidTooLow
2022-05-09,10477.0,-5983.0,0.0,100,398.17,458.0,0,0.0,0.0,,0.0,0,0.0,0.0,,0.0,bidTooLow
2022-05-10,10477.0,-5891.0,0.0,100,399.09,458.0,0,0.0,0.0,,0.0,0,0.0,0.0,,0.0,bidTooLow
2022-05-11,10477.0,-6525.0,0.0,100,392.75,458.0,0,0.0,0.0,,0.0,0,0.0,0.0,,0.0,bidTooLow
2022-05-12,10477.0,-6566.0,0.0,100,392.34,458.0,0,0.0,0.0,,0.0,0,0.0,0.0,,0.0,bidTooLow
2022-05-13,10477.0,-5628.0,0.0,100,401.72,458.0,0,0.0,0.0,,0.0,0,0.0,0.0,,0.0,bidTooLow
2022-05-16,10477.0,-5791.0,0.0,100,400.09,458.0,0,0.0,0.0,,0.0,0,0.0,0.0,,0.0,bidTooLow
2022-05-17,10477.0,-4968.0,0.0,100,408.32,458.0,0,0.0,0.0,,0.0,0,0.0,0.0,,0.0,bidTooLow
2022-05-18,10477.0,-6614.0,0.0,100,391.86,458.0,0,0.0,0.0,,0.0,0,0.0,0.0,,0.0,bidTooLow
2022-05-19,10477.0,-6854.0,0.0,100,389.46,458.0,0,0.0,0.0,,0.0,0,0.0,0.0,,0.0,bidTooLow
2022-05-20,10477.0,-6837.0,0.0,100,389.63,458.0,0,0.0,0.0,,0.0,0,0.0,0.0,,0.0,bidTooLow
2022-05-23,10477.0,-6108.0,0.0,100,396.92,458.0,0,0.0,0.0,,0.0,0,0.0,0.0,,0.0,bidTooLow
2022-05-24,10477.0,-6411.0,0.0,100,393.89,458.0,0,0.0,0.0,,0.0,0,0.0,0.0,,0.0,bidTooLow
2022-05-25,10477.0,-6063.0,0.0,100,397.37,458.0,0,0.0,0.0,,0.0,0,0.0,0.0,,0.0,bidTooLow
2022-05-26,10477.0,-5272.0,0.0,100,405.31,458.0,0,0.0,0.0,,0.0,1,0.04,0.07,SPY220606C00437000,437.0,normalDay
2022-05-27,10477.0,-4288.0,0.0,100,415.26,458.0,0,0.0,0.0,,0.0,1,0.04,0.18,SPY220606C00437000,437.0,normalDay
2022-05-31,10477.0,-4508.0,0.0,100,412.93,458.0,0,0.0,0.0,,0.0,1,0.04,0.05,SPY220606C00437000,437.0,normalDay
2022-06-01,10477.0,-4839.0,0.0,100,409.59,458.0,0,0.0,0.0,,0.0,1,0.04,0.02,SPY220606C00437000,437.0,normalDay
2022-06-02,10477.0,-4059.0,0.0,100,417.39,458.0,0,0.0,0.0,,0.0,1,0.04,0.02,SPY220606C00437000,437.0,normalDay
2022-06-03,10477.0,-4743.0,0.0,100,410.54,458.0,0,0.0,0.0,,0.0,1,0.04,0.01,SPY220606C00437000,437.0,normalDay
2022-06-06,10481.0,-4621.0,4.0,100,411.79,458.0,0,0.0,0.0,,0.0,1,0.04,0.0,SPY220606C00437000,437.0,expirationDay
2022-06-07,10481.0,-4229.0,0.0,100,415.74,458.0,0,0.0,0.0,,0.0,1,0.62,0.65,SPY220617C00433000,433.0,normalDay
2022-06-08,10481.0,-4642.0,0.0,100,411.22,458.0,0,0.0,0.0,,0.0,1,0.62,0.26,SPY220617C00433000,433.0,normalDay
2022-06-09,10481.0,-5605.0,0.0,100,401.44,458.0,0,0.0,0.0,,0.0,1,0.62,0.11,SPY220617C00433000,433.0,normalDay
2022-06-10,10481.0,-6761.0,0.0,100,389.8,458.0,0,0.0,0.0,,0.0,1,0.62,0.03,SPY220617C00433000,433.0,normalDay
2022-06-13,10481.0,-8240.0,0.0,100,375.0,458.0,0,0.0,0.0,,0.0,1,0.62,0.02,SPY220617C00433000,433.0,normalDay
2022-06-14,10481.0,-8353.0,0.0,100,373.87,458.0,0,0.0,0.0,,0.0,1,0.62,0.02,SPY220617C00433000,433.0,normalDay
2022-06-15,10481.0,-7819.0,0.0,100,379.2,458.0,0,0.0,0.0,,0.0,1,0.62,0.01,SPY220617C00433000,433.0,normalDay
2022-06-16,10481.0,-9074.0,0.0,100,366.65,458.0,0,0.0,0.0,,0.0,1,0.62,0.01,SPY220617C00433000,433.0,normalDay
2022-06-17,10543.0,-9214.0,62.0,100,365.86,458.0,0,0.0,0.0,,0.0,1,0.62,0.0,SPY220617C00433000,433.0,expirationDay
2022-06-21,10543.0,-8293.0,0.0,100,375.07,458.0,0,0.0,0.0,,0.0,0,0.0,0.0,,0.0,bidTooLow
2022-06-22,10543.0,-8361.0,0.0,100,374.39,458.0,0,0.0,0.0,,0.0,0,0.0,0.0,,0.0,bidTooLow
2022-06-23,10543.0,-7994.0,0.0,100,378.06,458.0,0,0.0,0.0,,0.0,0,0.0,0.0,,0.0,bidTooLow
2022-06-24,10543.0,-6792.0,0.0,100,390.08,458.0,0,0.0,0.0,,0.0,0,0.0,0.0,,0.0,bidTooLow
2022-06-27,10543.0,-6941.0,0.0,100,388.59,458.0,0,0.0,0.0,,0.0,0,0.0,0.0,,0.0,bidTooLow
2022-06-28,10543.0,-7735.0,0.0,100,380.65,458.0,0,0.0,0.0,,0.0,0,0.0,0.0,,0.0,bidTooLow
2022-06-29,10543.0,-7766.0,0.0,100,380.34,458.0,0,0.0,0.0,,0.0,0,0.0,0.0,,0.0,bidTooLow
2022-06-30,10543.0,-8075.0,0.0,100,377.25,458.0,0,0.0,0.0,,0.0,0,0.0,0.0,,0.0,bidTooLow
2022-07-01,10543.0,-7676.0,0.0,100,381.24,458.0,0,0.0,0.0,,0.0,0,0.0,0.0,,0.0,bidTooLow
2022-07-05,10543.0,-7604.0,0.0,100,381.96,458.0,0,0.0,0.0,,0.0,0,0.0,0.0,,0.0,bidTooLow
2022-07-06,10543.0,-7475.0,0.0,100,383.25,458.0,0,0.0,0.0,,0.0,0,0.0,0.0,,0.0,bidTooLow
2022-07-07,10543.0,-6904.0,0.0,100,388.99,458.0,0,0.0,0.0,,0.0,1,0.07,0.1,SPY220718C00416000,416.0,normalDay
2022-07-08,10543.0,-6930.0,0.0,100,388.67,458.0,0,0.0,0.0,,0.0,1,0.07,0.04,SPY220718C00416000,416.0,normalDay
2022-07-11,10543.0,-7372.0,0.0,100,384.23,458.0,0,0.0,0.0,,0.0,1,0.07,0.02,SPY220718C00416000,416.0,normalDay
2022-07-12,10543.0,-7712.0,0.0,100,380.83,458.0,0,0.0,0.0,,0.0,1,0.07,0.02,SPY220718C00416000,416.0,normalDay
2022-07-13,10543.0,-7911.0,0.0,100,378.83,458.0,0,0.0,0.0,,0.0,1,0.07,0.01,SPY220718C00416000,416.0,normalDay
2022-07-14,10543.0,-8003.0,0.0,100,377.91,458.0,0,0.0,0.0,,0.0,1,0.07,0.01,SPY220718C00416000,416.0,normalDay
2022-07-15,10543.0,-7281.0,0.0,100,385.13,458.0,0,0.0,0.0,,0.0,1,0.07,0.01,SPY220718C00416000,416.0,normalDay
2022-07-18,10550.0,-7605.0,7.0,100,381.95,458.0,0,0.0,0.0,,0.0,1,0.07,0.0,SPY220718C00416000,416.0,expirationDay
2022-07-19,10550.0,-6577.0,0.0,100,392.27,458.0,0,0.0,0.0,,0.0,1,3.54,3.58,SPY220729C00399000,399.0,normalDay
2022-07-20,10550.0,-6384.0,0.0,100,394.77,458.0,0,0.0,0.0,,0.0,1,3.54,4.15,SPY220729C00399000,399.0,normalDay
2022-07-21,10550.0,-6072.0,0.0,100,398.79,458.0,0,0.0,0.0,,0.0,1,3.54,5.05,SPY220729C00399000,399.0,normalDay
2022-07-22,10550.0,-6220.0,0.0,100,395.09,458.0,0,0.0,0.0,,0.0,1,3.54,2.83,SPY220729C00399000,399.0,normalDay
2022-07-25,10550.0,-6180.0,0.0,100,395.57,458.0,0,0.0,0.0,,0.0,1,3.54,2.91,SPY220729C00399000,399.0,normalDay
2022-07-26,10550.0,-6500.0,0.0,100,390.89,458.0,0,0.0,0.0,,0.0,1,3.54,1.43,SPY220729C00399000,399.0,normalDay
2022-07-27,10550.0,-5730.0,0.0,100,401.04,458.0,0,0.0,0.0,,0.0,1,3.54,3.88,SPY220729C00399000,399.0,normalDay
2022-07-28,10550.0,-5693.0,0.0,100,406.07,458.0,0,0.0,0.0,,0.0,1,3.54,8.54,SPY220729C00399000,399.0,normalDay
2022-07-29,5004.0,-5693.0,-5546.0,0,411.99,0.0,0,0.0,0.0,,0.0,1,3.54,0.0,SPY220729C00399000,399.0,expirationDay
2022-08-01,5004.0,-3.0,0.0,0,410.77,0.0,1,2.37,2.4,SPY220916P00366000,366.0,0,0.0,0.0,,0.0,normalDay
2022-08-02,5004.0,-54.0,0.0,0,408.06,0.0,1,2.37,2.91,SPY220916P00366000,366.0,0,0.0,0.0,,0.0,normalDay
2022-08-03,5004.0,50.0,0.0,0,414.45,0.0,1,2.37,1.87,SPY220916P00366000,366.0,0,0.0,0.0,,0.0,normalDay
2022-08-04,5004.0,61.0,0.0,0,414.17,0.0,1,2.37,1.76,SPY220916P00366000,366.0,0,0.0,0.0,,0.0,normalDay
2022-08-05,5004.0,65.0,0.0,0,413.47,0.0,1,2.37,1.72,SPY220916P00366000,366.0,0,0.0,0.0,,0.0,normalDay
2022-08-08,5004.0,75.0,0.0,0,412.99,0.0,1,2.37,1.62,SPY220916P00366000,366.0,0,0.0,0.0,,0.0,normalDay
2022-08-09,5004.0,66.0,0.0,0,411.35,0.0,1,2.37,1.71,SPY220916P00366000,366.0,0,0.0,0.0,,0.0,normalDay
2022-08-10,5004.0,138.0,0.0,0,419.99,0.0,1,2.37,0.99,SPY220916P00366000,366.0,0,0.0,0.0,,0.0,normalDay
2022-08-11,5004.0,140.0,0.0,0,419.99,0.0,1,2.37,0.97,SPY220916P00366000,366.0,0,0.0,0.0,,0.0,normalDay
2022-08-12,5004.0,167.0,0.0,0,427.1,0.0,1,2.37,0.7,SPY220916P00366000,366.0,0,0.0,0.0,,0.0,normalDay
2022-08-15,5004.0,182.0,0.0,0,428.86,0.0,1,2.37,0.55,SPY220916P00366000,366.0,0,0.0,0.0,,0.0,normalDay
2022-08-16,5004.0,187.0,0.0,0,429.7,0.0,1,2.37,0.5,SPY220916P00366000,366.0,0,0.0,0.0,,0.0,normalDay
2022-08-17,5004.0,185.0,0.0,0,426.65,0.0,1,2.37,0.52,SPY220916P00366000,366.0,0,0.0,0.0,,0.0,normalDay
2022-08-18,5004.0,194.0,0.0,0,427.89,0.0,1,2.37,0.43,SPY220916P00366000,366.0,0,0.0,0.0,,0.0,normalDay
2022-08-19,5004.0,180.0,0.0,0,422.14,0.0,1,2.37,0.57,SPY220916P00366000,366.0,0,0.0,0.0,,0.0,normalDay
2022-08-22,5004.0,142.0,0.0,0,413.35,0.0,1,2.37,0.95,SPY220916P00366000,366.0,0,0.0,0.0,,0.0,normalDay
2022-08-23,5004.0,140.0,0.0,0,412.35,0.0,1,2.37,0.97,SPY220916P00366000,366.0,0,0.0,0.0,,0.0,normalDay
2022-08-24,5004.0,167.0,0.0,0,413.67,0.0,1,2.37,0.7,SPY220916P00366000,366.0,0,0.0,0.0,,0.0,normalDay
2022-08-25,5004.0,192.0,0.0,0,419.51,0.0,1,2.37,0.45,SPY220916P00366000,366.0,0,0.0,0.0,,0.0,normalDay
2022-08-26,5004.0,112.0,0.0,0,405.31,0.0,1,2.37,1.25,SPY220916P00366000,366.0,0,0.0,0.0,,0.0,normalDay
2022-08-29,5004.0,116.0,0.0,0,402.63,0.0,1,2.37,1.21,SPY220916P00366000,366.0,0,0.0,0.0,,0.0,normalDay
2022-08-30,5004.0,102.0,0.0,0,398.21,0.0,1,2.37,1.35,SPY220916P00366000,366.0,0,0.0,0.0,,0.0,normalDay
2022-08-31,5004.0,104.0,0.0,0,395.18,0.0,1,2.37,1.33,SPY220916P00366000,366.0,0,0.0,0.0,,0.0,normalDay
2022-09-01,5004.0,126.0,0.0,0,396.42,0.0,1,2.37,1.11,SPY220916P00366000,366.0,0,0.0,0.0,,0.0,normalDay
2022-09-02,5004.0,117.0,0.0,0,392.24,0.0,1,2.37,1.2,SPY220916P00366000,366.0,0,0.0,0.0,,0.0,normalDay
2022-09-06,5004.0,124.0,0.0,0,390.76,0.0,1,2.37,1.13,SPY220916P00366000,366.0,0,0.0,0.0,,0.0,normalDay
2022-09-07,5004.0,195.0,0.0,0,397.78,0.0,1,2.37,0.42,SPY220916P00366000,366.0,0,0.0,0.0,,0.0,normalDay
2022-09-08,5004.0,216.0,0.0,0,400.38,0.0,1,2.37,0.21,SPY220916P00366000,366.0,0,0.0,0.0,,0.0,normalDay
2022-09-09,5004.0,225.0,0.0,0,406.6,0.0,1,2.37,0.12,SPY220916P00366000,366.0,0,0.0,0.0,,0.0,normalDay
2022-09-12,5004.0,231.0,0.0,0,410.97,0.0,1,2.37,0.06,SPY220916P00366000,366.0,0,0.0,0.0,,0.0,normalDay
2022-09-13,5004.0,209.0,0.0,0,393.1,0.0,1,2.37,0.28,SPY220916P00366000,366.0,0,0.0,0.0,,0.0,normalDay
2022-09-14,5004.0,228.0,0.0,0,394.6,0.0,1,2.37,0.09,SPY220916P00366000,366.0,0,0.0,0.0,,0.0,normalDay
2022-09-15,5004.0,233.0,0.0,0,390.12,0.0,1,2.37,0.04,SPY220916P00366000,366.0,0,0.0,0.0,,0.0,normalDay
2022-09-16,5241.0,0.0,237.0,0,385.56,0.0,1,2.37,0.0,SPY220916P00366000,366.0,0,0.0,0.0,,0.0,expirationDay
2022-09-19,5241.0,-6.0,0.0,0,388.55,0.0,1,7.14,7.2,SPY221028P00376000,376.0,0,0.0,0.0,,0.0,normalDay
2022-09-20,5241.0,-162.0,0.0,0,384.09,0.0,1,7.14,8.76,SPY221028P00376000,376.0,0,0.0,0.0,,0.0,normalDay
2022-09-21,5241.0,-437.0,0.0,0,377.39,0.0,1,7.14,11.51,SPY221028P00376000,376.0,0,0.0,0.0,,0.0,normalDay
2022-09-22,5241.0,-505.0,0.0,0,374.22,0.0,1,7.14,12.19,SPY221028P00376000,376.0,0,0.0,0.0,,0.0,normalDay
2022-09-23,5241.0,-905.0,0.0,0,367.95,0.0,1,7.14,16.19,SPY221028P00376000,376.0,0,0.0,0.0,,0.0,normalDay
2022-09-26,5241.0,-1159.0,0.0,0,364.31,0.0,1,7.14,18.73,SPY221028P00376000,376.0,0,0.0,0.0,,0.0,normalDay
2022-09-27,5241.0,-1160.0,0.0,0,363.38,0.0,1,7.14,18.74,SPY221028P00376000,376.0,0,0.0,0.0,,0.0,normalDay
2022-09-28,5241.0,-672.0,0.0,0,370.53,0.0,1,7.14,13.86,SPY221028P00376000,376.0,0,0.0,0.0,,0.0,normalDay
2022-09-29,5241.0,-1106.0,0.0,0,362.79,0.0,1,7.14,18.2,SPY221028P00376000,376.0,0,0.0,0.0,,0.0,normalDay
2022-09-30,5241.0,-1392.0,0.0,0,357.18,0.0,1,7.14,21.06,SPY221028P00376000,376.0,0,0.0,0.0,,0.0,normalDay
2022-10-03,5241.0,-750.0,0.0,0,366.61,0.0,1,7.14,14.64,SPY221028P00376000,376.0,0,0.0,0.0,,0.0,normalDay
2022-10-04,5241.0,-181.0,0.0,0,377.97,0.0,1,7.14,8.95,SPY221028P00376000,376.0,0,0.0,0.0,,0.0,normalDay
2022-10-05,5241.0,-164.0,0.0,0,377.09,0.0,1,7.14,8.78,SPY221028P00376000,376.0,0,0.0,0.0,,0.0,normalDay
2022-10-06,5241.0,-385.0,0.0,0,373.2,0.0,1,7.14,10.99,SPY221028P00376000,376.0,0,0.0,0.0,,0.0,normalDay
2022-10-07,5241.0,-1006.0,0.0,0,362.79,0.0,1,7.14,17.2,SPY221028P00376000,376.0,0,0.0,0.0,,0.0,normalDay
2022-10-10,5241.0,-1147.0,0.0,0,360.02,0.0,1,7.14,18.61,SPY221028P00376000,376.0,0,0.0,0.0,,0.0,normalDay
2022-10-11,5241.0,-1337.0,0.0,0,357.74,0.0,1,7.14,20.51,SPY221028P00376000,376.0,0,0.0,0.0,,0.0,normalDay
2022-10-12,5241.0,-1432.0,0.0,0,356.56,0.0,1,7.14,21.46,SPY221028P00376000,376.0,0,0.0,0.0,,0.0,normalDay
2022-10-13,5241.0,-698.0,0.0,0,365.97,0.0,1,7.14,14.12,SPY221028P00376000,376.0,0,0.0,0.0,,0.0,normalDay
2022-10-14,5241.0,-1257.0,0.0,0,357.63,0.0,1,7.14,19.71,SPY221028P00376000,376.0,0,0.0,0.0,,0.0,normalDay
2022-10-17,5241.0,-504.0,0.0,0,366.82,0.0,1,7.14,12.18,SPY221028P00376000,376.0,0,0.0,0.0,,0.0,normalDay
2022-10-18,5241.0,-162.0,0.0,0,371.13,0.0,1,7.14,8.76,SPY221028P00376000,376.0,0,0.0,0.0,,0.0,normalDay
2022-10-19,5241.0,-364.0,0.0,0,368.5,0.0,1,7.14,10.78,SPY221028P00376000,376.0,0,0.0,0.0,,0.0,normalDay
2022-10-20,5241.0,-490.0,0.0,0,365.41,0.0,1,7.14,12.04,SPY221028P00376000,376.0,0,0.0,0.0,,0.0,normalDay
2022-10-21,5241.0,84.0,0.0,0,374.29,0.0,1,7.14,6.3,SPY221028P00376000,376.0,0,0.0,0.0,,0.0,normalDay
2022-10-24,5241.0,347.0,0.0,0,378.87,0.0,1,7.14,3.67,SPY221028P00376000,376.0,0,0.0,0.0,,0.0,normalDay
2022-10-25,5241.0,568.0,0.0,0,384.92,0.0,1,7.14,1.46,SPY221028P00376000,376.0,0,0.0,0.0,,0.0,normalDay
2022-10-26,5241.0,627.0,0.0,0,382.02,0.0,1,7.14,0.87,SPY221028P00376000,376.0,0,0.0,0.0,,0.0,normalDay
2022-10-27,5241.0,477.0,0.0,0,379.98,0.0,1,7.14,2.37,SPY221028P00376000,376.0,0,0.0,0.0,,0.0,normalDay
2022-10-28,5955.0,0.0,714.0,0,389.02,0.0,1,7.14,0.0,SPY221028P00376000,376.0,0,0.0,0.0,,0.0,expirationDay
2022-10-31,5955.0,-4.0,0.0,0,386.21,0.0,1,2.91,2.95,SPY221216P00347000,347.0,0,0.0,0.0,,0.0,normalDay
2022-11-01,5955.0,-13.0,0.0,0,384.52,0.0,1,2.91,3.04,SPY221216P00347000,347.0,0,0.0,0.0,,0.0,normalDay
2022-11-02,5955.0,-148.0,0.0,0,374.87,0.0,1,2.91,4.39,SPY221216P00347000,347.0,0,0.0,0.0,,0.0,normalDay
2022-11-03,5955.0,-181.0,0.0,0,371.01,0.0,1,2.91,4.72,SPY221216P00347000,347.0,0,0.0,0.0,,0.0,normalDay
2022-11-04,5955.0,-66.0,0.0,0,376.35,0.0,1,2.91,3.57,SPY221216P00347000,347.0,0,0.0,0.0,,0.0,normalDay
2022-11-07,5955.0,20.0,0.0,0,379.95,0.0,1,2.91,2.71,SPY221216P00347000,347.0,0,0.0,0.0,,0.0,normalDay
2022-11-08,5955.0,5.0,0.0,0,382.0,0.0,1,2.91,2.86,SPY221216P00347000,347.0,0,0.0,0.0,,0.0,normalDay
2022-11-09,5955.0,-89.0,0.0,0,374.13,0.0,1,2.91,3.8,SPY221216P00347000,347.0,0,0.0,0.0,,0.0,normalDay
2022-11-10,5955.0,168.0,0.0,0,394.69,0.0,1,2.91,1.23,SPY221216P00347000,347.0,0,0.0,0.0,,0.0,normalDay
2022-11-11,5955.0,190.0,0.0,0,398.51,0.0,1,2.91,1.01,SPY221216P00347000,347.0,0,0.0,0.0,,0.0,normalDay
2022-11-14,5955.0,185.0,0.0,0,395.12,0.0,1,2.91,1.06,SPY221216P00347000,347.0,0,0.0,0.0,,0.0,normalDay
2022-11-15,5955.0,196.0,0.0,0,398.49,0.0,1,2.91,0.95,SPY221216P00347000,347.0,0,0.0,0.0,,0.0,normalDay
2022-11-16,5955.0,195.0,0.0,0,395.45,0.0,1,2.91,0.96,SPY221216P00347000,347.0,0,0.0,0.0,,0.0,normalDay
2022-11-17,5955.0,204.0,0.0,0,394.24,0.0,1,2.91,0.87,SPY221216P00347000,347.0,0,0.0,0.0,,0.0,normalDay
2022-11-18,5955.0,222.0,0.0,0,396.03,0.0,1,2.91,0.69,SPY221216P00347000,347.0,0,0.0,0.0,,0.0,normalDay
2022-11-21,5955.0,238.0,0.0,0,394.59,0.0,1,2.91,0.53,SPY221216P00347000,347.0,0,0.0,0.0,,0.0,normalDay
2022-11-22,5955.0,255.0,0.0,0,399.9,0.0,1,2.91,0.36,SPY221216P00347000,347.0,0,0.0,0.0,,0.0,normalDay
2022-11-23,5955.0,263.0,0.0,0,402.42,0.0,1,2.91,0.28,SPY221216P00347000,347.0,0,0.0,0.0,,0.0,normalDay
2022-11-25,5955.0,263.0,0.0,0,402.33,0.0,1,2.91,0.28,SPY221216P00347000,347.0,0,0.0,0.0,,0.0,normalDay
2022-11-28,5955.0,258.0,0.0,0,395.91,0.0,1,2.91,0.33,SPY221216P00347000,347.0,0,0.0,0.0,,0.0,normalDay
2022-11-29,5955.0,261.0,0.0,0,395.23,0.0,1,2.91,0.3,SPY221216P00347000,347.0,0,0.0,0.0,,0.0,normalDay
2022-11-30,5955.0,275.0,0.0,0,407.68,0.0,1,2.91,0.16,SPY221216P00347000,347.0,0,0.0,0.0,,0.0,normalDay
2022-12-01,5955.0,279.0,0.0,0,407.38,0.0,1,2.91,0.12,SPY221216P00347000,347.0,0,0.0,0.0,,0.0,normalDay
2022-12-02,5955.0,280.0,0.0,0,406.91,0.0,1,2.91,0.11,SPY221216P00347000,347.0,0,0.0,0.0,,0.0,normalDay
2022-12-05,5955.0,278.0,0.0,0,399.59,0.0,1,2.91,0.13,SPY221216P00347000,347.0,0,0.0,0.0,,0.0,normalDay
2022-12-06,5955.0,270.0,0.0,0,393.83,0.0,1,2.91,0.21,SPY221216P00347000,347.0,0,0.0,0.0,,0.0,normalDay
2022-12-07,5955.0,273.0,0.0,0,393.16,0.0,1,2.91,0.18,SPY221216P00347000,347.0,0,0.0,0.0,,0.0,normalDay
2022-12-08,5955.0,278.0,0.0,0,396.24,0.0,1,2.91,0.13,SPY221216P00347000,347.0,0,0.0,0.0,,0.0,normalDay
2022-12-09,5955.0,279.0,0.0,0,393.28,0.0,1,2.91,0.12,SPY221216P00347000,347.0,0,0.0,0.0,,0.0,normalDay
2022-12-12,5955.0,283.0,0.0,0,398.95,0.0,1,2.91,0.08,SPY221216P00347000,347.0,0,0.0,0.0,,0.0,normalDay
2022-12-13,5955.0,286.0,0.0,0,401.97,0.0,1,2.91,0.05,SPY221216P00347000,347.0,0,0.0,0.0,,0.0,normalDay
2022-12-14,5955.0,288.0,0.0,0,399.4,0.0,1,2.91,0.03,SPY221216P00347000,347.0,0,0.0,0.0,,0.0,normalDay
2022-12-15,5955.0,289.0,0.0,0,389.63,0.0,1,2.91,0.02,SPY221216P00347000,347.0,0,0.0,0.0,,0.0,normalDay
2022-12-16,6246.0,0.0,291.0,0,383.27,0.0,1,2.91,0.0,SPY221216P00347000,347.0,0,0.0,0.0,,0.0,expirationDay
2022-12-19,6246.0,-5.0,0.0,0,380.02,0.0,1,9.27,9.32,SPY230127P00379000,379.0,0,0.0,0.0,,0.0,normalDay
2022-12-20,6246.0,74.0,0.0,0,380.54,0.0,1,9.27,8.53,SPY230127P00379000,379.0,0,0.0,0.0,,0.0,normalDay
2022-12-21,6246.0,328.0,0.0,0,386.23,0.0,1,9.27,5.99,SPY230127P00379000,379.0,0,0.0,0.0,,0.0,normalDay
2022-12-22,6246.0,78.0,0.0,0,380.72,0.0,1,9.27,8.49,SPY230127P00379000,379.0,0,0.0,0.0,,0.0,normalDay
2022-12-23,6246.0,196.0,0.0,0,382.91,0.0,1,9.27,7.31,SPY230127P00379000,379.0,0,0.0,0.0,,0.0,normalDay
2022-12-27,6246.0,172.0,0.0,0,381.4,0.0,1,9.27,7.55,SPY230127P00379000,379.0,0,0.0,0.0,,0.0,normalDay
2022-12-28,6246.0,-39.0,0.0,0,376.66,0.0,1,9.27,9.66,SPY230127P00379000,379.0,0,0.0,0.0,,0.0,normalDay
2022-12-29,6246.0,273.0,0.0,0,383.44,0.0,1,9.27,6.54,SPY230127P00379000,379.0,0,0.0,0.0,,0.0,normalDay
2022-12-30,6246.0,264.0,0.0,0,382.43,0.0,1,9.27,6.63,SPY230127P00379000,379.0,0,0.0,0.0,,0.0,normalDay
2023-01-03,6246.0,201.0,0.0,0,380.82,0.0,1,9.27,7.26,SPY230127P00379000,379.0,0,0.0,0.0,,0.0,normalDay
2023-01-04,6246.0,384.0,0.0,0,383.76,0.0,1,9.27,5.43,SPY230127P00379000,379.0,0,0.0,0.0,,0.0,normalDay
2023-01-05,6246.0,203.0,0.0,0,379.38,0.0,1,9.27,7.24,SPY230127P00379000,379.0,0,0.0,0.0,,0.0,normalDay
2023-01-06,6246.0,570.0,0.0,0,388.08,0.0,1,9.27,3.57,SPY230127P00379000,379.0,0,0.0,0.0,,0.0,normalDay
2023-01-09,6246.0,572.0,0.0,0,387.86,0.0,1,9.27,3.55,SPY230127P00379000,379.0,0,0.0,0.0,,0.0,normalDay
2023-01-10,6246.0,687.0,0.0,0,390.58,0.0,1,9.27,2.4,SPY230127P00379000,379.0,0,0.0,0.0,,0.0,normalDay
2023-01-11,6246.0,762.0,0.0,0,395.52,0.0,1,9.27,1.65,SPY230127P00379000,379.0,0,0.0,0.0,,0.0,normalDay
2023-01-12,6246.0,852.0,0.0,0,396.96,0.0,1,9.27,0.75,SPY230127P00379000,379.0,0,0.0,0.0,,0.0,normalDay
2023-01-13,6246.0,876.0,0.0,0,398.5,0.0,1,9.27,0.51,SPY230127P00379000,379.0,0,0.0,0.0,,0.0,normalDay
2023-01-17,6246.0,890.0,0.0,0,397.77,0.0,1,9.27,0.37,SPY230127P00379000,379.0,0,0.0,0.0,,0.0,normalDay
2023-01-18,6246.0,853.0,0.0,0,391.49,0.0,1,9.27,0.74,SPY230127P00379000,379.0,0,0.0,0.0,,0.0,normalDay
2023-01-19,6246.0,834.0,0.0,0,388.64,0.0,1,9.27,0.93,SPY230127P00379000,379.0,0,0.0,0.0,,0.0,normalDay
2023-01-20,6246.0,904.0,0.0,0,395.88,0.0,1,9.27,0.23,SPY230127P00379000,379.0,0,0.0,0.0,,0.0,normalDay
2023-01-23,6246.0,918.0,0.0,0,400.63,0.0,1,9.27,0.09,SPY230127P00379000,379.0,0,0.0,0.0,,0.0,normalDay
2023-01-24,6246.0,921.0,0.0,0,400.2,0.0,1,9.27,0.06,SPY230127P00379000,379.0,0,0.0,0.0,,0.0,normalDay
2023-01-25,6246.0,922.0,0.0,0,400.35,0.0,1,9.27,0.05,SPY230127P00379000,379.0,0,0.0,0.0,,0.0,normalDay
2023-01-26,6246.0,925.0,0.0,0,404.75,0.0,1,9.27,0.02,SPY230127P00379000,379.0,0,0.0,0.0,,0.0,normalDay
2023-01-27,7173.0,0.0,927.0,0,405.68,0.0,1,9.27,0.0,SPY230127P00379000,379.0,0,0.0,0.0,,0.0,expirationDay
2023-01-30,7173.0,-4.0,0.0,0,400.59,0.0,1,3.08,3.12,SPY230317P00374000,374.0,0,0.0,0.0,,0.0,normalDay
2023-01-31,7173.0,72.0,0.0,0,406.48,0.0,1,3.08,2.36,SPY230317P00374000,374.0,0,0.0,0.0,,0.0,normalDay
2023-02-01,7173.0,144.0,0.0,0,410.8,0.0,1,3.08,1.64,SPY230317P00374000,374.0,0,0.0,0.0,,0.0,normalDay
2023-02-02,7173.0,147.0,0.0,0,416.78,0.0,1,3.08,1.61,SPY230317P00374000,374.0,0,0.0,0.0,,0.0,normalDay
2023-02-03,7173.0,145.0,0.0,0,412.35,0.0,1,3.08,1.63,SPY230317P00374000,374.0,0,0.0,0.0,,0.0,normalDay
2023-02-06,7173.0,129.0,0.0,0,409.83,0.0,1,3.08,1.79,SPY230317P00374000,374.0,0,0.0,0.0,,0.0,normalDay
2023-02-07,7173.0,179.0,0.0,0,415.19,0.0,1,3.08,1.29,SPY230317P00374000,374.0,0,0.0,0.0,,0.0,normalDay
2023-02-08,7173.0,143.0,0.0,0,410.65,0.0,1,3.08,1.65,SPY230317P00374000,374.0,0,0.0,0.0,,0.0,normalDay
2023-02-09,7173.0,105.0,0.0,0,407.09,0.0,1,3.08,2.03,SPY230317P00374000,374.0,0,0.0,0.0,,0.0,normalDay
2023-02-10,7173.0,123.0,0.0,0,408.04,0.0,1,3.08,1.85,SPY230317P00374000,374.0,0,0.0,0.0,,0.0,normalDay
2023-02-13,7173.0,184.0,0.0,0,412.83,0.0,1,3.08,1.24,SPY230317P00374000,374.0,0,0.0,0.0,,0.0,normalDay
2023-02-14,7173.0,209.0,0.0,0,412.64,0.0,1,3.08,0.99,SPY230317P00374000,374.0,0,0.0,0.0,,0.0,normalDay
2023-02-15,7173.0,229.0,0.0,0,413.98,0.0,1,3.08,0.79,SPY230317P00374000,374.0,0,0.0,0.0,,0.0,normalDay
2023-02-16,7173.0,174.0,0.0,0,408.28,0.0,1,3.08,1.34,SPY230317P00374000,374.0,0,0.0,0.0,,0.0,normalDay
2023-02-17,7173.0,185.0,0.0,0,407.26,0.0,1,3.08,1.23,SPY230317P00374000,374.0,0,0.0,0.0,,0.0,normalDay
2023-02-21,7173.0,110.0,0.0,0,399.09,0.0,1,3.08,1.98,SPY230317P00374000,374.0,0,0.0,0.0,,0.0,normalDay
2023-02-22,7173.0,126.0,0.0,0,398.54,0.0,1,3.08,1.82,SPY230317P00374000,374.0,0,0.0,0.0,,0.0,normalDay
2023-02-23,7173.0,173.0,0.0,0,400.66,0.0,1,3.08,1.35,SPY230317P00374000,374.0,0,0.0,0.0,,0.0,normalDay
2023-02-24,7173.0,136.0,0.0,0,396.38,0.0,1,3.08,1.72,SPY230317P00374000,374.0,0,0.0,0.0,,0.0,normalDay
2023-02-27,7173.0,197.0,0.0,0,397.73,0.0,1,3.08,1.11,SPY230317P00374000,374.0,0,0.0,0.0,,0.0,normalDay
2023-02-28,7173.0,191.0,0.0,0,396.26,0.0,1,3.08,1.17,SPY230317P00374000,374.0,0,0.0,0.0,,0.0,normalDay
2023-03-01,7173.0,192.0,0.0,0,394.74,0.0,1,3.08,1.16,SPY230317P00374000,374.0,0,0.0,0.0,,0.0,normalDay
2023-03-02,7173.0,240.0,0.0,0,397.81,0.0,1,3.08,0.68,SPY230317P00374000,374.0,0,0.0,0.0,,0.0,normalDay
2023-03-03,7173.0,275.0,0.0,0,404.19,0.0,1,3.08,0.33,SPY230317P00374000,374.0,0,0.0,0.0,,0.0,normalDay
2023-03-06,7173.0,282.0,0.0,0,404.47,0.0,1,3.08,0.26,SPY230317P00374000,374.0,0,0.0,0.0,,0.0,normalDay
2023-03-07,7173.0,260.0,0.0,0,398.27,0.0,1,3.08,0.48,SPY230317P00374000,374.0,0,0.0,0.0,,0.0,normalDay
2023-03-08,7173.0,272.0,0.0,0,398.92,0.0,1,3.08,0.36,SPY230317P00374000,374.0,0,0.0,0.0,,0.0,normalDay
2023-03-09,7173.0,187.0,0.0,0,391.56,0.0,1,3.08,1.21,SPY230317P00374000,374.0,0,0.0,0.0,,0.0,normalDay
2023-03-10,7173.0,110.0,0.0,0,385.91,0.0,1,3.08,1.98,SPY230317P00374000,374.0,0,0.0,0.0,,0.0,normalDay
2023-03-13,7173.0,111.0,0.0,0,385.36,0.0,1,3.08,1.97,SPY230317P00374000,374.0,0,0.0,0.0,,0.0,normalDay
2023-03-14,7173.0,270.0,0.0,0,391.73,0.0,1,3.08,0.38,SPY230317P00374000,374.0,0,0.0,0.0,,0.0,normalDay
2023-03-15,7173.0,264.0,0.0,0,389.28,0.0,1,3.08,0.44,SPY230317P00374000,374.0,0,0.0,0.0,,0.0,normalDay
2023-03-16,7173.0,304.0,0.0,0,396.11,0.0,1,3.08,0.04,SPY230317P00374000,374.0,0,0.0,0.0,,0.0,normalDay
2023-03-17,7481.0,0.0,308.0,0,389.99,0.0,1,3.08,0.0,SPY230317P00374000,374.0,0,0.0,0.0,,0.0,expirationDay
2023-03-20,7481.0,-8.0,0.0,0,393.74,0.0,1,6.34,6.42,SPY230428P00382000,382.0,0,0.0,0.0,,0.0,normalDay
2023-03-21,7481.0,206.0,0.0,0,398.91,0.0,1,6.34,4.28,SPY230428P00382000,382.0,0,0.0,0.0,,0.0,normalDay
2023-03-22,7481.0,25.0,0.0,0,392.11,0.0,1,6.34,6.09,SPY230428P00382000,382.0,0,0.0,0.0,,0.0,normalDay
2023-03-23,7481.0,40.0,0.0,0,393.17,0.0,1,6.34,5.94,SPY230428P00382000,382.0,0,0.0,0.0,,0.0,normalDay
2023-03-24,7481.0,142.0,0.0,0,395.75,0.0,1,6.34,4.92,SPY230428P00382000,382.0,0,0.0,0.0,,0.0,normalDay
2023-03-27,7481.0,242.0,0.0,0,396.49,0.0,1,6.34,3.92,SPY230428P00382000,382.0,0,0.0,0.0,,0.0,normalDay
2023-03-28,7481.0,268.0,0.0,0,395.6,0.0,1,6.34,3.66,SPY230428P00382000,382.0,0,0.0,0.0,,0.0,normalDay
2023-03-29,7481.0,383.0,0.0,0,401.35,0.0,1,6.34,2.51,SPY230428P00382000,382.0,0,0.0,0.0,,0.0,normalDay
2023-03-30,7481.0,427.0,0.0,0,403.7,0.0,1,6.34,2.07,SPY230428P00382000,382.0,0,0.0,0.0,,0.0,normalDay
2023-03-31,7481.0,497.0,0.0,0,409.39,0.0,1,6.34,1.37,SPY230428P00382000,382.0,0,0.0,0.0,,0.0,normalDay
2023-04-03,7481.0,538.0,0.0,0,410.95,0.0,1,6.34,0.96,SPY230428P00382000,382.0,0,0.0,0.0,,0.0,normalDay
2023-04-04,7481.0,529.0,0.0,0,408.67,0.0,1,6.34,1.05,SPY230428P00382000,382.0,0,0.0,0.0,,0.0,normalDay
2023-04-05,7481.0,532.0,0.0,0,407.6,0.0,1,6.34,1.02,SPY230428P00382000,382.0,0,0.0,0.0,,0.0,normalDay
2023-04-06,7481.0,558.0,0.0,0,409.19,0.0,1,6.34,0.76,SPY230428P00382000,382.0,0,0.0,0.0,,0.0,normalDay
2023-04-10,7481.0,576.0,0.0,0,409.61,0.0,1,6.34,0.58,SPY230428P00382000,382.0,0,0.0,0.0,,0.0,normalDay
2023-04-11,7481.0,580.0,0.0,0,409.72,0.0,1,6.34,0.54,SPY230428P00382000,382.0,0,0.0,0.0,,0.0,normalDay
2023-04-12,7481.0,579.0,0.0,0,408.05,0.0,1,6.34,0.55,SPY230428P00382000,382.0,0,0.0,0.0,,0.0,normalDay
2023-04-13,7481.0,608.0,0.0,0,413.47,0.0,1,6.34,0.26,SPY230428P00382000,382.0,0,0.0,0.0,,0.0,normalDay
2023-04-14,7481.0,615.0,0.0,0,412.46,0.0,1,6.34,0.19,SPY230428P00382000,382.0,0,0.0,0.0,,0.0,normalDay
2023-04-17,7481.0,620.0,0.0,0,413.94,0.0,1,6.34,0.14,SPY230428P00382000,382.0,0,0.0,0.0,,0.0,normalDay
2023-04-18,7481.0,621.0,0.0,0,414.21,0.0,1,6.34,0.13,SPY230428P00382000,382.0,0,0.0,0.0,,0.0,normalDay
2023-04-19,7481.0,625.0,0.0,0,414.14,0.0,1,6.34,0.09,SPY230428P00382000,382.0,0,0.0,0.0,,0.0,normalDay
2023-04-20,7481.0,625.0,0.0,0,411.88,0.0,1,6.34,0.09,SPY230428P00382000,382.0,0,0.0,0.0,,0.0,normalDay
2023-04-21,7481.0,628.0,0.0,0,412.2,0.0,1,6.34,0.06,SPY230428P00382000,382.0,0,0.0,0.0,,0.0,normalDay
2023-04-24,7481.0,631.0,0.0,0,412.63,0.0,1,6.34,0.03,SPY230428P00382000,382.0,0,0.0,0.0,,0.0,normalDay
2023-04-25,7481.0,629.0,0.0,0,406.08,0.0,1,6.34,0.05,SPY230428P00382000,382.0,0,0.0,0.0,,0.0,normalDay
2023-04-26,7481.0,631.0,0.0,0,404.36,0.0,1,6.34,0.03,SPY230428P00382000,382.0,0,0.0,0.0,,0.0,normalDay
2023-04-27,7481.0,632.0,0.0,0,412.41,0.0,1,6.34,0.02,SPY230428P00382000,382.0,0,0.0,0.0,,0.0,normalDay
2023-04-28,8115.0,0.0,634.0,0,415.93,0.0,1,6.34,0.0,SPY230428P00382000,382.0,0,0.0,0.0,,0.0,expirationDay
2023-05-01,8115.0,-3.0,0.0,0,415.51,0.0,1,4.58,4.61,SPY230616P00403000,403.0,0,0.0,0.0,,0.0,normalDay
2023-05-02,8115.0,-175.0,0.0,0,410.84,0.0,1,4.58,6.33,SPY230616P00403000,403.0,0,0.0,0.0,,0.0,normalDay
2023-05-03,8115.0,-255.0,0.0,0,408.02,0.0,1,4.58,7.13,SPY230616P00403000,403.0,0,0.0,0.0,,0.0,normalDay
2023-05-04,8115.0,-443.0,0.0,0,405.13,0.0,1,4.58,9.01,SPY230616P00403000,403.0,0,0.0,0.0,,0.0,normalDay
2023-05-05,8115.0,-106.0,0.0,0,412.63,0.0,1,4.58,5.64,SPY230616P00403000,403.0,0,0.0,0.0,,0.0,normalDay
2023-05-08,8115.0,-61.0,0.0,0,412.74,0.0,1,4.58,5.19,SPY230616P00403000,403.0,0,0.0,0.0,,0.0,normalDay
2023-05-09,8115.0,-111.0,0.0,0,410.93,0.0,1,4.58,5.69,SPY230616P00403000,403.0,0,0.0,0.0,,0.0,normalDay
2023-05-10,8115.0,-20.0,0.0,0,412.85,0.0,1,4.58,4.78,SPY230616P00403000,403.0,0,0.0,0.0,,0.0,normalDay
2023-05-11,8115.0,-26.0,0.0,0,412.13,0.0,1,4.58,4.84,SPY230616P00403000,403.0,0,0.0,0.0,,0.0,normalDay
2023-05-12,8115.0,-34.0,0.0,0,411.59,0.0,1,4.58,4.92,SPY230616P00403000,403.0,0,0.0,0.0,,0.0,normalDay
2023-05-15,8115.0,48.0,0.0,0,413.01,0.0,1,4.58,4.1,SPY230616P00403000,403.0,0,0.0,0.0,,0.0,normalDay
2023-05-16,8115.0,-33.0,0.0,0,410.25,0.0,1,4.58,4.91,SPY230616P00403000,403.0,0,0.0,0.0,,0.0,normalDay
2023-05-17,8115.0,120.0,0.0,0,415.23,0.0,1,4.58,3.38,SPY230616P00403000,403.0,0,0.0,0.0,,0.0,normalDay
2023-05-18,8115.0,221.0,0.0,0,419.23,0.0,1,4.58,2.37,SPY230616P00403000,403.0,0,0.0,0.0,,0.0,normalDay
2023-05-19,8115.0,194.0,0.0,0,418.62,0.0,1,4.58,2.64,SPY230616P00403000,403.0,0,0.0,0.0,,0.0,normalDay
2023-05-22,8115.0,207.0,0.0,0,418.79,0.0,1,4.58,2.51,SPY230616P00403000,403.0,0,0.0,0.0,,0.0,normalDay
2023-05-23,8115.0,97.0,0.0,0,414.09,0.0,1,4.58,3.61,SPY230616P00403000,403.0,0,0.0,0.0,,0.0,normalDay
2023-05-24,8115.0,-1.0,0.0,0,411.09,0.0,1,4.58,4.59,SPY230616P00403000,403.0,0,0.0,0.0,,0.0,normalDay
2023-05-25,8115.0,117.0,0.0,0,414.65,0.0,1,4.58,3.41,SPY230616P00403000,403.0,0,0.0,0.0,,0.0,normalDay
2023-05-26,8115.0,248.0,0.0,0,420.02,0.0,1,4.58,2.1,SPY230616P00403000,403.0,0,0.0,0.0,,0.0,normalDay
2023-05-30,8115.0,301.0,0.0,0,420.18,0.0,1,4.58,1.57,SPY230616P00403000,403.0,0,0.0,0.0,,0.0,normalDay
2023-05-31,8115.0,286.0,0.0,0,417.85,0.0,1,4.58,1.72,SPY230616P00403000,403.0,0,0.0,0.0,,0.0,normalDay
2023-06-01,8115.0,372.0,0.0,0,421.82,0.0,1,4.58,0.86,SPY230616P00403000,403.0,0,0.0,0.0,,0.0,normalDay
2023-06-02,8115.0,420.0,0.0,0,427.92,0.0,1,4.58,0.38,SPY230616P00403000,403.0,0,0.0,0.0,,0.0,normalDay
2023-06-05,8115.0,427.0,0.0,0,427.1,0.0,1,4.58,0.31,SPY230616P00403000,403.0,0,0.0,0.0,,0.0,normalDay
2023-06-06,8115.0,433.0,0.0,0,428.03,0.0,1,4.58,0.25,SPY230616P00403000,403.0,0,0.0,0.0,,0.0,normalDay
2023-06-07,8115.0,434.0,0.0,0,426.55,0.0,1,4.58,0.24,SPY230616P00403000,403.0,0,0.0,0.0,,0.0,normalDay
2023-06-08,8115.0,440.0,0.0,0,429.13,0.0,1,4.58,0.18,SPY230616P00403000,403.0,0,0.0,0.0,,0.0,normalDay
2023-06-09,8115.0,445.0,0.0,0,429.9,0.0,1,4.58,0.13,SPY230616P00403000,403.0,0,0.0,0.0,,0.0,normalDay
2023-06-12,8115.0,447.0,0.0,0,433.8,0.0,1,4.58,0.11,SPY230616P00403000,403.0,0,0.0,0.0,,0.0,normalDay
2023-06-13,8115.0,450.0,0.0,0,436.66,0.0,1,4.58,0.08,SPY230616P00403000,403.0,0,0.0,0.0,,0.0,normalDay
2023-06-14,8115.0,454.0,0.0,0,437.18,0.0,1,4.58,0.04,SPY230616P00403000,403.0,0,0.0,0.0,,0.0,normalDay
2023-06-15,8115.0,455.0,0.0,0,442.6,0.0,1,4.58,0.03,SPY230616P00403000,403.0,0,0.0,0.0,,0.0,normalDay
2023-06-16,8573.0,0.0,458.0,0,439.46,0.0,1,4.58,0.0,SPY230616P00403000,403.0,0,0.0,0.0,,0.0,expirationDay
2023-06-20,8573.0,-3.0,0.0,0,437.18,0.0,1,0.95,0.98,SPY230728P00404000,404.0,0,0.0,0.0,,0.0,normalDay
2023-06-21,8573.0,-2.0,0.0,0,434.94,0.0,1,0.95,0.97,SPY230728P00404000,404.0,0,0.0,0.0,,0.0,normalDay
2023-06-22,8573.0,14.0,0.0,0,436.51,0.0,1,0.95,0.81,SPY230728P00404000,404.0,0,0.0,0.0,,0.0,normalDay
2023-06-23,8573.0,-5.0,0.0,0,433.21,0.0,1,0.95,1.0,SPY230728P00404000,404.0,0,0.0,0.0,,0.0,normalDay
2023-06-26,8573.0,-11.0,0.0,0,431.44,0.0,1,0.95,1.06,SPY230728P00404000,404.0,0,0.0,0.0,,0.0,normalDay
2023-06-27,8573.0,23.0,0.0,0,436.17,0.0,1,0.95,0.72,SPY230728P00404000,404.0,0,0.0,0.0,,0.0,normalDay
2023-06-28,8573.0,35.0,0.0,0,436.39,0.0,1,0.95,0.6,SPY230728P00404000,404.0,0,0.0,0.0,,0.0,normalDay
2023-06-29,8573.0,41.0,0.0,0,438.11,0.0,1,0.95,0.54,SPY230728P00404000,404.0,0,0.0,0.0,,0.0,normalDay
2023-06-30,8573.0,55.0,0.0,0,443.28,0.0,1,0.95,0.4,SPY230728P00404000,404.0,0,0.0,0.0,,0.0,normalDay
2023-07-03,8573.0,61.0,0.0,0,443.79,0.0,1,0.95,0.34,SPY230728P00404000,404.0,0,0.0,0.0,,0.0,normalDay
2023-07-05,8573.0,60.0,0.0,0,443.13,0.0,1,0.95,0.35,SPY230728P00404000,404.0,0,0.0,0.0,,0.0,normalDay
2023-07-06,8573.0,47.0,0.0,0,439.66,0.0,1,0.95,0.48,SPY230728P00404000,404.0,0,0.0,0.0,,0.0,normalDay
2023-07-07,8573.0,55.0,0.0,0,438.55,0.0,1,0.95,0.4,SPY230728P00404000,404.0,0,0.0,0.0,,0.0,normalDay
2023-07-10,8573.0,63.0,0.0,0,439.66,0.0,1,0.95,0.32,SPY230728P00404000,404.0,0,0.0,0.0,,0.0,normalDay
2023-07-11,8573.0,69.0,0.0,0,442.46,0.0,1,0.95,0.26,SPY230728P00404000,404.0,0,0.0,0.0,,0.0,normalDay
2023-07-12,8573.0,78.0,0.0,0,446.02,0.0,1,0.95,0.17,SPY230728P00404000,404.0,0,0.0,0.0,,0.0,normalDay
2023-07-13,8573.0,78.0,0.0,0,449.56,0.0,1,0.95,0.17,SPY230728P00404000,404.0,0,0.0,0.0,,0.0,normalDay
2023-07-14,8573.0,81.0,0.0,0,449.28,0.0,1,0.95,0.14,SPY230728P00404000,404.0,0,0.0,0.0,,0.0,normalDay
2023-07-17,8573.0,85.0,0.0,0,450.84,0.0,1,0.95,0.1,SPY230728P00404000,404.0,0,0.0,0.0,,0.0,normalDay
2023-07-18,8573.0,87.0,0.0,0,454.19,0.0,1,0.95,0.08,SPY230728P00404000,404.0,0,0.0,0.0,,0.0,normalDay
2023-07-19,8573.0,88.0,0.0,0,455.2,0.0,1,0.95,0.07,SPY230728P00404000,404.0,0,0.0,0.0,,0.0,normalDay
2023-07-20,8573.0,88.0,0.0,0,452.18,0.0,1,0.95,0.07,SPY230728P00404000,404.0,0,0.0,0.0,,0.0,normalDay
2023-07-21,8573.0,91.0,0.0,0,452.18,0.0,1,0.95,0.04,SPY230728P00404000,404.0,0,0.0,0.0,,0.0,normalDay
2023-07-24,8573.0,93.0,0.0,0,454.2,0.0,1,0.95,0.02,SPY230728P00404000,404.0,0,0.0,0.0,,0.0,normalDay
2023-07-25,8573.0,93.0,0.0,0,455.44,0.0,1,0.95,0.02,SPY230728P00404000,404.0,0,0.0,0.0,,0.0,normalDay
2023-07-26,8573.0,93.0,0.0,0,455.51,0.0,1,0.95,0.02,SPY230728P00404000,404.0,0,0.0,0.0,,0.0,normalDay
2023-07-27,8573.0,93.0,0.0,0,452.49,0.0,1,0.95,0.02,SPY230728P00404000,404.0,0,0.0,0.0,,0.0,normalDay
2023-07-28,8668.0,0.0,95.0,0,456.92,0.0,1,0.95,0.0,SPY230728P00404000,404.0,0,0.0,0.0,,0.0,expirationDay
2023-07-31,8668.0,-3.0,0.0,0,457.79,0.0,1,1.96,1.99,SPY230915P00434000,434.0,0,0.0,0.0,,0.0,normalDay
2023-08-01,8668.0,-20.0,0.0,0,456.48,0.0,1,1.96,2.16,SPY230915P00434000,434.0,0,0.0,0.0,,0.0,normalDay
2023-08-02,8668.0,-164.0,0.0,0,450.13,0.0,1,1.96,3.6,SPY230915P00434000,434.0,0,0.0,0.0,,0.0,normalDay
2023-08-03,8668.0,-156.0,0.0,0,448.84,0.0,1,1.96,3.52,SPY230915P00434000,434.0,0,0.0,0.0,,0.0,normalDay
2023-08-04,8668.0,-243.0,0.0,0,446.81,0.0,1,1.96,4.39,SPY230915P00434000,434.0,0,0.0,0.0,,0.0,normalDay
2023-08-07,8668.0,-110.0,0.0,0,450.71,0.0,1,1.96,3.06,SPY230915P00434000,434.0,0,0.0,0.0,,0.0,normalDay
2023-08-08,8668.0,-151.0,0.0,0,448.75,0.0,1,1.96,3.47,SPY230915P00434000,434.0,0,0.0,0.0,,0.0,normalDay
2023-08-09,8668.0,-190.0,0.0,0,445.75,0.0,1,1.96,3.86,SPY230915P00434000,434.0,0,0.0,0.0,,0.0,normalDay
2023-08-10,8668.0,-187.0,0.0,0,445.91,0.0,1,1.96,3.83,SPY230915P00434000,434.0,0,0.0,0.0,,0.0,normalDay
2023-08-11,8668.0,-150.0,0.0,0,445.65,0.0,1,1.96,3.46,SPY230915P00434000,434.0,0,0.0,0.0,,0.0,normalDay
2023-08-14,8668.0,-76.0,0.0,0,448.11,0.0,1,1.96,2.72,SPY230915P00434000,434.0,0,0.0,0.0,,0.0,normalDay
2023-08-15,8668.0,-224.0,0.0,0,442.89,0.0,1,1.96,4.2,SPY230915P00434000,434.0,0,0.0,0.0,,0.0,normalDay
2023-08-16,8668.0,-310.0,0.0,0,439.64,0.0,1,1.96,5.06,SPY230915P00434000,434.0,0,0.0,0.0,,0.0,normalDay
2023-08-17,8668.0,-459.0,0.0,0,436.29,0.0,1,1.96,6.55,SPY230915P00434000,434.0,0,0.0,0.0,,0.0,normalDay
2023-08-18,8668.0,-404.0,0.0,0,436.5,0.0,1,1.96,6.0,SPY230915P00434000,434.0,0,0.0,0.0,,0.0,normalDay
2023-08-21,8668.0,-276.0,0.0,0,439.34,0.0,1,1.96,4.72,SPY230915P00434000,434.0,0,0.0,0.0,,0.0,normalDay
2023-08-22,8668.0,-287.0,0.0,0,438.15,0.0,1,1.96,4.83,SPY230915P00434000,434.0,0,0.0,0.0,,0.0,normalDay
2023-08-23,8668.0,-112.0,0.0,0,443.03,0.0,1,1.96,3.08,SPY230915P00434000,434.0,0,0.0,0.0,,0.0,normalDay
2023-08-24,8668.0,-313.0,0.0,0,436.89,0.0,1,1.96,5.09,SPY230915P00434000,434.0,0,0.0,0.0,,0.0,normalDay
2023-08-25,8668.0,-150.0,0.0,0,439.97,0.0,1,1.96,3.46,SPY230915P00434000,434.0,0,0.0,0.0,,0.0,normalDay
2023-08-28,8668.0,-29.0,0.0,0,442.76,0.0,1,1.96,2.25,SPY230915P00434000,434.0,0,0.0,0.0,,0.0,normalDay
2023-08-29,8668.0,88.0,0.0,0,449.16,0.0,1,1.96,1.08,SPY230915P00434000,434.0,0,0.0,0.0,,0.0,normalDay
2023-08-30,8668.0,121.0,0.0,0,451.01,0.0,1,1.96,0.75,SPY230915P00434000,434.0,0,0.0,0.0,,0.0,normalDay
2023-08-31,8668.0,135.0,0.0,0,450.35,0.0,1,1.96,0.61,SPY230915P00434000,434.0,0,0.0,0.0,,0.0,normalDay
2023-09-01,8668.0,148.0,0.0,0,451.19,0.0,1,1.96,0.48,SPY230915P00434000,434.0,0,0.0,0.0,,0.0,normalDay
2023-09-05,8668.0,143.0,0.0,0,449.24,0.0,1,1.96,0.53,SPY230915P00434000,434.0,0,0.0,0.0,,0.0,normalDay
2023-09-06,8668.0,124.0,0.0,0,446.22,0.0,1,1.96,0.72,SPY230915P00434000,434.0,0,0.0,0.0,,0.0,normalDay
2023-09-07,8668.0,127.0,0.0,0,444.85,0.0,1,1.96,0.69,SPY230915P00434000,434.0,0,0.0,0.0,,0.0,normalDay
2023-09-08,8668.0,159.0,0.0,0,445.52,0.0,1,1.96,0.37,SPY230915P00434000,434.0,0,0.0,0.0,,0.0,normalDay
2023-09-11,8668.0,181.0,0.0,0,448.45,0.0,1,1.96,0.15,SPY230915P00434000,434.0,0,0.0,0.0,,0.0,normalDay
2023-09-12,8668.0,175.0,0.0,0,445.99,0.0,1,1.96,0.21,SPY230915P00434000,434.0,0,0.0,0.0,,0.0,normalDay
2023-09-13,8668.0,189.0,0.0,0,446.51,0.0,1,1.96,0.07,SPY230915P00434000,434.0,0,0.0,0.0,,0.0,normalDay
2023-09-14,8668.0,192.0,0.0,0,450.36,0.0,1,1.96,0.04,SPY230915P00434000,434.0,0,0.0,0.0,,0.0,normalDay
2023-09-15,8864.0,0.0,196.0,0,443.37,0.0,1,1.96,0.0,SPY230915P00434000,434.0,0,0.0,0.0,,0.0,expirationDay
2023-09-18,8864.0,-4.0,0.0,0,443.63,0.0,1,3.36,3.4,SPY231027P00434000,434.0,0,0.0,0.0,,0.0,normalDay
2023-09-19,8864.0,-19.0,0.0,0,442.71,0.0,1,3.36,3.55,SPY231027P00434000,434.0,0,0.0,0.0,,0.0,normalDay
2023-09-20,8864.0,-165.0,0.0,0,438.64,0.0,1,3.36,5.01,SPY231027P00434000,434.0,0,0.0,0.0,,0.0,normalDay
2023-09-21,8864.0,-505.0,0.0,0,431.39,0.0,1,3.36,8.41,SPY231027P00434000,434.0,0,0.0,0.0,,0.0,normalDay
2023-09-22,8864.0,-528.0,0.0,0,430.42,0.0,1,3.36,8.64,SPY231027P00434000,434.0,0,0.0,0.0,,0.0,normalDay
2023-09-25,8864.0,-415.0,0.0,0,432.23,0.0,1,3.36,7.51,SPY231027P00434000,434.0,0,0.0,0.0,,0.0,normalDay
2023-09-26,8864.0,-784.0,0.0,0,425.88,0.0,1,3.36,11.2,SPY231027P00434000,434.0,0,0.0,0.0,,0.0,normalDay
2023-09-27,8864.0,-744.0,0.0,0,426.05,0.0,1,3.36,10.8,SPY231027P00434000,434.0,0,0.0,0.0,,0.0,normalDay
2023-09-28,8864.0,-603.0,0.0,0,428.52,0.0,1,3.36,9.39,SPY231027P00434000,434.0,0,0.0,0.0,,0.0,normalDay
2023-09-29,8864.0,-637.0,0.0,0,427.48,0.0,1,3.36,9.73,SPY231027P00434000,434.0,0,0.0,0.0,,0.0,normalDay
2023-10-02,8864.0,-622.0,0.0,0,427.31,0.0,1,3.36,9.58,SPY231027P00434000,434.0,0,0.0,0.0,,0.0,normalDay
2023-10-03,8864.0,-1033.0,0.0,0,421.59,0.0,1,3.36,13.69,SPY231027P00434000,434.0,0,0.0,0.0,,0.0,normalDay
2023-10-04,8864.0,-815.0,0.0,0,424.66,0.0,1,3.36,11.51,SPY231027P00434000,434.0,0,0.0,0.0,,0.0,normalDay
2023-10-05,8864.0,-833.0,0.0,0,424.5,0.0,1,3.36,11.69,SPY231027P00434000,434.0,0,0.0,0.0,,0.0,normalDay
2023-10-06,8864.0,-433.0,0.0,0,429.54,0.0,1,3.36,7.69,SPY231027P00434000,434.0,0,0.0,0.0,,0.0,normalDay
2023-10-09,8864.0,-273.0,0.0,0,432.29,0.0,1,3.36,6.09,SPY231027P00434000,434.0,0,0.0,0.0,,0.0,normalDay
2023-10-10,8864.0,-146.0,0.0,0,434.54,0.0,1,3.36,4.82,SPY231027P00434000,434.0,0,0.0,0.0,,0.0,normalDay
2023-10-11,8864.0,-9.0,0.0,0,436.32,0.0,1,3.36,3.45,SPY231027P00434000,434.0,0,0.0,0.0,,0.0,normalDay
2023-10-12,8864.0,-126.0,0.0,0,433.66,0.0,1,3.36,4.62,SPY231027P00434000,434.0,0,0.0,0.0,,0.0,normalDay
2023-10-13,8864.0,-299.0,0.0,0,431.5,0.0,1,3.36,6.35,SPY231027P00434000,434.0,0,0.0,0.0,,0.0,normalDay
2023-10-16,8864.0,0.0,0.0,0,436.04,0.0,1,3.36,3.36,SPY231027P00434000,434.0,0,0.0,0.0,,0.0,normalDay
2023-10-17,8864.0,-14.0,0.0,0,436.02,0.0,1,3.36,3.5,SPY231027P00434000,434.0,0,0.0,0.0,,0.0,normalDay
2023-10-18,8864.0,-254.0,0.0,0,430.21,0.0,1,3.36,5.9,SPY231027P00434000,434.0,0,0.0,0.0,,0.0,normalDay
2023-10-19,8864.0,-612.0,0.0,0,426.43,0.0,1,3.36,9.48,SPY231027P00434000,434.0,0,0.0,0.0,,0.0,normalDay
2023-10-20,8864.0,-956.0,0.0,0,421.19,0.0,1,3.36,12.92,SPY231027P00434000,434.0,0,0.0,0.0,,0.0,normalDay
2023-10-23,8864.0,-949.0,0.0,0,420.46,0.0,1,3.36,12.85,SPY231027P00434000,434.0,0,0.0,0.0,,0.0,normalDay
2023-10-24,8864.0,-683.0,0.0,0,423.63,0.0,1,3.36,10.19,SPY231027P00434000,434.0,0,0.0,0.0,,0.0,normalDay
2023-10-25,8864.0,-1297.0,0.0,0,417.55,0.0,1,3.36,16.33,SPY231027P00434000,434.0,0,0.0,0.0,,0.0,normalDay
2023-10-26,8864.0,-1789.0,0.0,0,412.55,0.0,1,3.36,21.25,SPY231027P00434000,434.0,0,0.0,0.0,,0.0,normalDay
2023-10-27,9200.0,-2332.0,336.0,100,410.68,434.0,1,3.36,0.0,SPY231027P00434000,434.0,0,0.0,0.0,,0.0,expirationDay
2023-10-30,9200.0,-1841.0,0.0,100,415.59,434.0,0,0.0,0.0,,0.0,0,0.0,0.0,,0.0,bidTooLow
2023-10-31,9200.0,-1580.0,0.0,100,418.2,434.0,0,0.0,0.0,,0.0,0,0.0,0.0,,0.0,bidTooLow
2023-11-01,9200.0,-1134.0,0.0,100,422.66,434.0,0,0.0,0.0,,0.0,0,0.0,0.0,,0.0,bidTooLow
2023-11-02,9200.0,-327.0,0.0,100,430.76,434.0,0,0.0,0.0,,0.0,1,0.01,0.04,SPY231113C00452000,452.0,normalDay
2023-11-03,9200.0,64.0,0.0,100,434.69,434.0,0,0.0,0.0,,0.0,1,0.01,0.06,SPY231113C00452000,452.0,normalDay
2023-11-06,9200.0,168.0,0.0,100,435.69,434.0,0,0.0,0.0,,0.0,1,0.01,0.02,SPY231113C00452000,452.0,normalDay
2023-11-07,9200.0,291.0,0.0,100,436.93,434.0,0,0.0,0.0,,0.0,1,0.01,0.03,SPY231113C00452000,452.0,normalDay
2023-11-08,9200.0,324.0,0.0,100,437.25,434.0,0,0.0,0.0,,0.0,1,0.01,0.02,SPY231113C00452000,452.0,normalDay
2023-11-09,9200.0,-16.0,0.0,100,433.84,434.0,0,0.0,0.0,,0.0,1,0.01,0.01,SPY231113C00452000,452.0,normalDay
2023-11-10,9200.0,661.0,0.0,100,440.61,434.0,0,0.0,0.0,,0.0,1,0.01,0.01,SPY231113C00452000,452.0,normalDay
2023-11-13,9201.0,619.0,1.0,100,440.19,434.0,0,0.0,0.0,,0.0,1,0.01,0.0,SPY231113C00452000,452.0,expirationDay
2023-11-14,9201.0,1470.0,0.0,100,448.73,434.0,0,0.0,0.0,,0.0,1,0.22,0.25,SPY231124C00462000,462.0,normalDay
2023-11-15,9201.0,1575.0,0.0,100,449.68,434.0,0,0.0,0.0,,0.0,1,0.22,0.15,SPY231124C00462000,462.0,normalDay
2023-11-16,9201.0,1634.0,0.0,100,450.23,434.0,0,0.0,0.0,,0.0,1,0.22,0.11,SPY231124C00462000,462.0,normalDay
2023-11-17,9201.0,1696.0,0.0,100,450.79,434.0,0,0.0,0.0,,0.0,1,0.22,0.05,SPY231124C00462000,462.0,normalDay
2023-11-20,9201.0,2039.0,0.0,100,454.26,434.0,0,0.0,0.0,,0.0,1,0.22,0.09,SPY231124C00462000,462.0,normalDay
2023-11-21,9201.0,1944.0,0.0,100,453.27,434.0,0,0.0,0.0,,0.0,1,0.22,0.05,SPY231124C00462000,462.0,normalDay
2023-11-22,9201.0,2123.0,0.0,100,455.02,434.0,0,0.0,0.0,,0.0,1,0.22,0.01,SPY231124C00462000,462.0,normalDay
2023-11-24,9223.0,2130.0,22.0,100,455.3,434.0,0,0.0,0.0,,0.0,1,0.22,0.0,SPY231124C00462000,462.0,expirationDay
2023-11-27,9223.0,2048.0,0.0,100,454.48,434.0,0,0.0,0.0,,0.0,0,0.0,0.0,,0.0,bidTooLow
2023-11-28,9223.0,2093.0,0.0,100,454.93,434.0,0,0.0,0.0,,0.0,0,0.0,0.0,,0.0,bidTooLow
2023-11-29,9223.0,2061.0,0.0,100,454.61,434.0,0,0.0,0.0,,0.0,0,0.0,0.0,,0.0,bidTooLow
2023-11-30,9223.0,2237.0,0.0,100,456.4,434.0,0,0.0,0.0,,0.0,1,0.01,0.04,SPY231211C00475000,475.0,normalDay
