date,totalCapital,unrializedPnL,rializedPnL,stocksOwned,stocksPriceToday,stocksPriceBoughtAt,putOwned,putOwnedSoldAt,putPriceToday,putOwnedContract,putOwnedStrike,callOwned,callOwnedSoldAt,callPriceToday,callOwnedContract,callOwnedStrike,trackType
2018-11-01,0.0,-6.0,0.0,0,273.51,0.0,1,1.32,1.38,SPY181203P00256000,256.0,0,0.0,0.0,,0.0,normalDay
2018-11-02,0.0,-13.0,0.0,0,271.89,0.0,1,1.32,1.45,SPY181203P00256000,256.0,0,0.0,0.0,,0.0,normalDay
2018-11-05,0.0,14.0,0.0,0,273.39,0.0,1,1.32,1.18,SPY181203P00256000,256.0,0,0.0,0.0,,0.0,normalDay
2018-11-06,0.0,29.0,0.0,0,275.12,0.0,1,1.32,1.03,SPY181203P00256000,256.0,0,0.0,0.0,,0.0,normalDay
2018-11-07,0.0,93.0,0.0,0,281.01,0.0,1,1.32,0.39,SPY181203P00256000,256.0,0,0.0,0.0,,0.0,normalDay
2018-11-08,0.0,90.0,0.0,0,280.5,0.0,1,1.32,0.42,SPY181203P00256000,256.0,0,0.0,0.0,,0.0,normalDay
2018-11-09,0.0,79.0,0.0,0,277.76,0.0,1,1.32,0.53,SPY181203P00256000,256.0,0,0.0,0.0,,0.0,normalDay
2018-11-12,0.0,30.0,0.0,0,272.57,0.0,1,1.32,1.02,SPY181203P00256000,256.0,0,0.0,0.0,,0.0,normalDay
2018-11-13,0.0,34.0,0.0,0,272.06,0.0,1,1.32,0.98,SPY181203P00256000,256.0,0,0.0,0.0,,0.0,normalDay
2018-11-14,0.0,9.0,0.0,0,270.2,0.0,1,1.32,1.23,SPY181203P00256000,256.0,0,0.0,0.0,,0.0,normalDay
2018-11-15,0.0,61.0,0.0,0,273.02,0.0,1,1.32,0.71,SPY181203P00256000,256.0,0,0.0,0.0,,0.0,normalDay
2018-11-16,0.0,87.0,0.0,0,273.73,0.0,1,1.32,0.45,SPY181203P00256000,256.0,0,0.0,0.0,,0.0,normalDay
2018-11-19,0.0,55.0,0.0,0,269.1,0.0,1,1.32,0.77,SPY181203P00256000,256.0,0,0.0,0.0,,0.0,normalDay
2018-11-20,0.0,-33.0,0.0,0,264.12,0.0,1,1.32,1.65,SPY181203P00256000,256.0,0,0.0,0.0,,0.0,normalDay
2018-11-21,0.0,33.0,0.0,0,265.02,0.0,1,1.32,0.99,SPY181203P00256000,256.0,0,0.0,0.0,,0.0,normalDay
2018-11-23,0.0,12.0,0.0,0,263.25,0.0,1,1.32,1.2,SPY181203P00256000,256.0,0,0.0,0.0,,0.0,normalDay
2018-11-26,0.0,108.0,0.0,0,267.5,0.0,1,1.32,0.24,SPY181203P00256000,256.0,0,0.0,0.0,,0.0,normalDay
2018-11-27,0.0,111.0,0.0,0,268.4,0.0,1,1.32,0.21,SPY181203P00256000,256.0,0,0.0,0.0,,0.0,normalDay
2018-11-28,0.0,124.0,0.0,0,274.58,0.0,1,1.32,0.08,SPY181203P00256000,256.0,0,0.0,0.0,,0.0,normalDay
2018-11-29,0.0,126.0,0.0,0,273.98,0.0,1,1.32,0.06,SPY181203P00256000,256.0,0,0.0,0.0,,0.0,normalDay
2018-11-30,0.0,129.0,0.0,0,275.65,0.0,1,1.32,0.03,SPY181203P00256000,256.0,0,0.0,0.0,,0.0,normalDay
2018-12-03,132.0,0.0,132.0,0,279.3,0.0,1,1.32,0.0,SPY181203P00256000,256.0,0,0.0,0.0,,0.0,expirationDay
2018-12-04,132.0,-9.0,0.0,0,270.25,0.0,1,2.28,2.37,SPY190104P00258000,258.0,0,0.0,0.0,,0.0,normalDay
2018-12-06,132.0,-12.0,0.0,0,269.84,0.0,1,2.28,2.4,SPY190104P00258000,258.0,0,0.0,0.0,,0.0,normalDay
2018-12-07,132.0,-210.0,0.0,0,263.57,0.0,1,2.28,4.38,SPY190104P00258000,258.0,0,0.0,0.0,,0.0,normalDay
2018-12-10,132.0,-123.0,0.0,0,264.07,0.0,1,2.28,3.51,SPY190104P00258000,258.0,0,0.0,0.0,,0.0,normalDay
2018-12-11,132.0,-100.0,0.0,0,264.13,0.0,1,2.28,3.28,SPY190104P00258000,258.0,0,0.0,0.0,,0.0,normalDay
2018-12-12,132.0,-55.0,0.0,0,265.46,0.0,1,2.28,2.83,SPY190104P00258000,258.0,0,0.0,0.0,,0.0,normalDay
2018-12-13,132.0,-21.0,0.0,0,265.37,0.0,1,2.28,2.49,SPY190104P00258000,258.0,0,0.0,0.0,,0.0,normalDay
2018-12-14,132.0,-176.0,0.0,0,260.47,0.0,1,2.28,4.04,SPY190104P00258000,258.0,0,0.0,0.0,,0.0,normalDay
2018-12-17,132.0,-449.0,0.0,0,255.36,0.0,1,2.28,6.77,SPY190104P00258000,258.0,0,0.0,0.0,,0.0,normalDay
2018-12-18,132.0,-520.0,0.0,0,255.08,0.0,1,2.28,7.48,SPY190104P00258000,258.0,0,0.0,0.0,,0.0,normalDay
2018-12-19,132.0,-708.0,0.0,0,251.26,0.0,1,2.28,9.36,SPY190104P00258000,258.0,0,0.0,0.0,,0.0,normalDay
2018-12-20,132.0,-1005.0,0.0,0,247.17,0.0,1,2.28,12.33,SPY190104P00258000,258.0,0,0.0,0.0,,0.0,normalDay
2018-12-21,132.0,-1595.0,0.0,0,240.7,0.0,1,2.28,18.23,SPY190104P00258000,258.0,0,0.0,0.0,,0.0,normalDay
2018-12-24,132.0,-2372.0,0.0,0,234.34,0.0,1,2.28,26.0,SPY190104P00258000,258.0,0,0.0,0.0,,0.0,normalDay
2018-12-26,132.0,-1011.0,0.0,0,246.18,0.0,1,2.28,12.39,SPY190104P00258000,258.0,0,0.0,0.0,,0.0,normalDay
2018-12-27,132.0,-816.0,0.0,0,248.07,0.0,1,2.28,10.44,SPY190104P00258000,258.0,0,0.0,0.0,,0.0,normalDay
2018-12-28,132.0,-855.0,0.0,0,247.75,0.0,1,2.28,10.83,SPY190104P00258000,258.0,0,0.0,0.0,,0.0,normalDay
2018-12-31,132.0,-630.0,0.0,0,249.92,0.0,1,2.28,8.58,SPY190104P00258000,258.0,0,0.0,0.0,,0.0,normalDay
2019-01-02,132.0,-562.0,0.0,0,250.18,0.0,1,2.28,7.9,SPY190104P00258000,258.0,0,0.0,0.0,,0.0,normalDay
2019-01-03,132.0,-1179.0,0.0,0,244.21,0.0,1,2.28,14.07,SPY190104P00258000,258.0,0,0.0,0.0,,0.0,normalDay
2019-01-04,360.0,-561.0,228.0,100,252.39,258.0,1,2.28,0.0,SPY190104P00258000,258.0,0,0.0,0.0,,0.0,expirationDay
2019-01-07,360.0,-367.0,0.0,100,254.38,258.0,0,0.0,0.0,,0.0,1,0.4,0.45,SPY190418C00290000,290.0,normalDay
2019-01-08,360.0,-131.0,0.0,100,256.77,258.0,0,0.0,0.0,,0.0,1,0.4,0.48,SPY190418C00290000,290.0,normalDay
2019-01-09,360.0,-7.0,0.0,100,257.97,258.0,0,0.0,0.0,,0.0,1,0.4,0.44,SPY190418C00290000,290.0,normalDay
2019-01-10,360.0,81.0,0.0,100,258.88,258.0,0,0.0,0.0,,0.0,1,0.4,0.47,SPY190418C00290000,290.0,normalDay
2019-01-11,360.0,103.0,0.0,100,258.98,258.0,0,0.0,0.0,,0.0,1,0.4,0.35,SPY190418C00290000,290.0,normalDay
2019-01-14,360.0,-46.0,0.0,100,257.4,258.0,0,0.0,0.0,,0.0,1,0.4,0.26,SPY190418C00290000,290.0,normalDay
2019-01-15,360.0,245.0,0.0,100,260.35,258.0,0,0.0,0.0,,0.0,1,0.4,0.3,SPY190418C00290000,290.0,normalDay
2019-01-16,360.0,304.0,0.0,100,260.98,258.0,0,0.0,0.0,,0.0,1,0.4,0.34,SPY190418C00290000,290.0,normalDay
2019-01-17,360.0,496.0,0.0,100,262.96,258.0,0,0.0,0.0,,0.0,1,0.4,0.4,SPY190418C00290000,290.0,normalDay
2019-01-18,360.0,816.0,0.0,100,266.46,258.0,0,0.0,0.0,,0.0,1,0.4,0.7,SPY190418C00290000,290.0,normalDay
2019-01-22,360.0,476.0,0.0,100,262.86,258.0,0,0.0,0.0,,0.0,1,0.4,0.5,SPY190418C00290000,290.0,normalDay
2019-01-23,360.0,536.0,0.0,100,263.41,258.0,0,0.0,0.0,,0.0,1,0.4,0.45,SPY190418C00290000,290.0,normalDay
2019-01-24,360.0,557.0,0.0,100,263.55,258.0,0,0.0,0.0,,0.0,1,0.4,0.38,SPY190418C00290000,290.0,normalDay
2019-01-25,360.0,768.0,0.0,100,265.78,258.0,0,0.0,0.0,,0.0,1,0.4,0.5,SPY190418C00290000,290.0,normalDay
2019-01-28,360.0,578.0,0.0,100,263.76,258.0,0,0.0,0.0,,0.0,1,0.4,0.38,SPY190418C00290000,290.0,normalDay
2019-01-29,360.0,544.0,0.0,100,263.41,258.0,0,0.0,0.0,,0.0,1,0.4,0.37,SPY190418C00290000,290.0,normalDay
2019-01-30,360.0,943.0,0.0,100,267.58,258.0,0,0.0,0.0,,0.0,1,0.4,0.55,SPY190418C00290000,290.0,normalDay
2019-01-31,360.0,1159.0,0.0,100,269.93,258.0,0,0.0,0.0,,0.0,1,0.4,0.74,SPY190418C00290000,290.0,normalDay
2019-02-01,360.0,1181.0,0.0,100,270.06,258.0,0,0.0,0.0,,0.0,1,0.4,0.65,SPY190418C00290000,290.0,normalDay
2019-02-04,360.0,1363.0,0.0,100,271.96,258.0,0,0.0,0.0,,0.0,1,0.4,0.73,SPY190418C00290000,290.0,normalDay
2019-02-05,360.0,1468.0,0.0,100,273.1,258.0,0,0.0,0.0,,0.0,1,0.4,0.82,SPY190418C00290000,290.0,normalDay
2019-02-06,360.0,1443.0,0.0,100,272.74,258.0,0,0.0,0.0,,0.0,1,0.4,0.71,SPY190418C00290000,290.0,normalDay
2019-02-07,360.0,1207.0,0.0,100,270.14,258.0,0,0.0,0.0,,0.0,1,0.4,0.47,SPY190418C00290000,290.0,normalDay
2019-02-08,360.0,1246.0,0.0,100,270.47,258.0,0,0.0,0.0,,0.0,1,0.4,0.41,SPY190418C00290000,290.0,normalDay
2019-02-11,360.0,1263.0,0.0,100,270.62,258.0,0,0.0,0.0,,0.0,1,0.4,0.39,SPY190418C00290000,290.0,normalDay
2019-02-12,360.0,1575.0,0.0,100,274.1,258.0,0,0.0,0.0,,0.0,1,0.4,0.75,SPY190418C00290000,290.0,normalDay
2019-02-13,360.0,1657.0,0.0,100,274.99,258.0,0,0.0,0.0,,0.0,1,0.4,0.82,SPY190418C00290000,290.0,normalDay
2019-02-14,360.0,1603.0,0.0,100,274.38,258.0,0,0.0,0.0,,0.0,1,0.4,0.75,SPY190418C00290000,290.0,normalDay
2019-02-15,360.0,1874.0,0.0,100,277.37,258.0,0,0.0,0.0,,0.0,1,0.4,1.03,SPY190418C00290000,290.0,normalDay
2019-02-19,360.0,1934.0,0.0,100,277.85,258.0,0,0.0,0.0,,0.0,1,0.4,0.91,SPY190418C00290000,290.0,normalDay
2019-02-20,360.0,1993.0,0.0,100,278.41,258.0,0,0.0,0.0,,0.0,1,0.4,0.88,SPY190418C00290000,290.0,normalDay
2019-02-21,360.0,1915.0,0.0,100,277.42,258.0,0,0.0,0.0,,0.0,1,0.4,0.67,SPY190418C00290000,290.0,normalDay
2019-02-22,360.0,2071.0,0.0,100,279.14,258.0,0,0.0,0.0,,0.0,1,0.4,0.83,SPY190418C00290000,290.0,normalDay
2019-02-25,360.0,2098.0,0.0,100,279.52,258.0,0,0.0,0.0,,0.0,1,0.4,0.94,SPY190418C00290000,290.0,normalDay
2019-02-26,360.0,2088.0,0.0,100,279.32,258.0,0,0.0,0.0,,0.0,1,0.4,0.84,SPY190418C00290000,290.0,normalDay
2019-02-27,360.0,2085.0,0.0,100,279.2,258.0,0,0.0,0.0,,0.0,1,0.4,0.75,SPY190418C00290000,290.0,normalDay
2019-02-28,360.0,2049.0,0.0,100,278.68,258.0,0,0.0,0.0,,0.0,1,0.4,0.59,SPY190418C00290000,290.0,normalDay
2019-03-01,360.0,2215.0,0.0,100,280.42,258.0,0,0.0,0.0,,0.0,1,0.4,0.67,SPY190418C00290000,290.0,normalDay
2019-03-04,360.0,2132.0,0.0,100,279.4,258.0,0,0.0,0.0,,0.0,1,0.4,0.48,SPY190418C00290000,290.0,normalDay
2019-03-05,360.0,2095.0,0.0,100,279.02,258.0,0,0.0,0.0,,0.0,1,0.4,0.47,SPY190418C00290000,290.0,normalDay
2019-03-06,360.0,1940.0,0.0,100,277.33,258.0,0,0.0,0.0,,0.0,1,0.4,0.33,SPY190418C00290000,290.0,normalDay
2019-03-07,360.0,1719.0,0.0,100,275.01,258.0,0,0.0,0.0,,0.0,1,0.4,0.22,SPY190418C00290000,290.0,normalDay
2019-03-08,360.0,1669.0,0.0,100,274.46,258.0,0,0.0,0.0,,0.0,1,0.4,0.17,SPY190418C00290000,290.0,normalDay
2019-03-11,360.0,2056.0,0.0,100,278.44,258.0,0,0.0,0.0,,0.0,1,0.4,0.28,SPY190418C00290000,290.0,normalDay
2019-03-12,360.0,2160.0,0.0,100,279.49,258.0,0,0.0,0.0,,0.0,1,0.4,0.29,SPY190418C00290000,290.0,normalDay
2019-03-13,360.0,2319.0,0.0,100,281.34,258.0,0,0.0,0.0,,0.0,1,0.4,0.55,SPY190418C00290000,290.0,normalDay
2019-03-14,360.0,2307.0,0.0,100,281.16,258.0,0,0.0,0.0,,0.0,1,0.4,0.49,SPY190418C00290000,290.0,normalDay
2019-03-15,360.0,2309.0,0.0,100,281.31,258.0,0,0.0,0.0,,0.0,1,0.4,0.62,SPY190418C00290000,290.0,normalDay
2019-03-18,360.0,2388.0,0.0,100,282.33,258.0,0,0.0,0.0,,0.0,1,0.4,0.85,SPY190418C00290000,290.0,normalDay
2019-03-19,360.0,2393.0,0.0,100,282.4,258.0,0,0.0,0.0,,0.0,1,0.4,0.87,SPY190418C00290000,290.0,normalDay
2019-03-20,360.0,2324.0,0.0,100,281.55,258.0,0,0.0,0.0,,0.0,1,0.4,0.71,SPY190418C00290000,290.0,normalDay
2019-03-21,360.0,2564.0,0.0,100,284.73,258.0,0,0.0,0.0,,0.0,1,0.4,1.49,SPY190418C00290000,290.0,normalDay
2019-03-22,360.0,2095.0,0.0,100,279.25,258.0,0,0.0,0.0,,0.0,1,0.4,0.7,SPY190418C00290000,290.0,normalDay
2019-03-25,360.0,2096.0,0.0,100,279.04,258.0,0,0.0,0.0,,0.0,1,0.4,0.48,SPY190418C00290000,290.0,normalDay
2019-03-26,360.0,2304.0,0.0,100,281.12,258.0,0,0.0,0.0,,0.0,1,0.4,0.48,SPY190418C00290000,290.0,normalDay
2019-03-27,360.0,2173.0,0.0,100,279.65,258.0,0,0.0,0.0,,0.0,1,0.4,0.32,SPY190418C00290000,290.0,normalDay
2019-03-28,360.0,2279.0,0.0,100,280.71,258.0,0,0.0,0.0,,0.0,1,0.4,0.32,SPY190418C00290000,290.0,normalDay
2019-03-29,360.0,2442.0,0.0,100,282.48,258.0,0,0.0,0.0,,0.0,1,0.4,0.46,SPY190418C00290000,290.0,normalDay
2019-04-01,360.0,2732.0,0.0,100,285.83,258.0,0,0.0,0.0,,0.0,1,0.4,0.91,SPY190418C00290000,290.0,normalDay
2019-04-02,360.0,2756.0,0.0,100,285.97,258.0,0,0.0,0.0,,0.0,1,0.4,0.81,SPY190418C00290000,290.0,normalDay
2019-04-03,360.0,2772.0,0.0,100,286.42,258.0,0,0.0,0.0,,0.0,1,0.4,1.1,SPY190418C00290000,290.0,normalDay
2019-04-04,360.0,2841.0,0.0,100,287.18,258.0,0,0.0,0.0,,0.0,1,0.4,1.17,SPY190418C00290000,290.0,normalDay
2019-04-05,360.0,2958.0,0.0,100,288.57,258.0,0,0.0,0.0,,0.0,1,0.4,1.39,SPY190418C00290000,290.0,normalDay
2019-04-08,360.0,2987.0,0.0,100,288.79,258.0,0,0.0,0.0,,0.0,1,0.4,1.32,SPY190418C00290000,290.0,normalDay
2019-04-09,360.0,2898.0,0.0,100,287.31,258.0,0,0.0,0.0,,0.0,1,0.4,0.73,SPY190418C00290000,290.0,normalDay
2019-04-10,360.0,2978.0,0.0,100,288.29,258.0,0,0.0,0.0,,0.0,1,0.4,0.91,SPY190418C00290000,290.0,normalDay
2019-04-11,360.0,2995.0,0.0,100,288.21,258.0,0,0.0,0.0,,0.0,1,0.4,0.66,SPY190418C00290000,290.0,normalDay
2019-04-12,360.0,3116.0,0.0,100,290.16,258.0,0,0.0,0.0,,0.0,1,0.4,1.4,SPY190418C00290000,290.0,normalDay
2019-04-15,360.0,3130.0,0.0,100,289.97,258.0,0,0.0,0.0,,0.0,1,0.4,1.07,SPY190418C00290000,290.0,normalDay
2019-04-16,360.0,3164.0,0.0,100,290.16,258.0,0,0.0,0.0,,0.0,1,0.4,0.92,SPY190418C00290000,290.0,normalDay
2019-04-17,360.0,3154.0,0.0,100,289.45,258.0,0,0.0,0.0,,0.0,1,0.4,0.31,SPY190418C00290000,290.0,normalDay
2019-04-18,3600.0,3154.0,3240.0,0,290.02,0.0,0,0.0,0.0,,0.0,1,0.4,0.0,SPY190418C00290000,290.0,expirationDay
2019-04-22,3600.0,-3.0,0.0,0,290.27,0.0,1,0.78,0.81,SPY190524P00276000,276.0,0,0.0,0.0,,0.0,normalDay
2019-04-23,3600.0,14.0,0.0,0,292.88,0.0,1,0.78,0.64,SPY190524P00276000,276.0,0,0.0,0.0,,0.0,normalDay
2019-04-24,3600.0,4.0,0.0,0,292.23,0.0,1,0.78,0.74,SPY190524P00276000,276.0,0,0.0,0.0,,0.0,normalDay
2019-04-25,3600.0,3.0,0.0,0,292.05,0.0,1,0.78,0.75,SPY190524P00276000,276.0,0,0.0,0.0,,0.0,normalDay
2019-04-26,3600.0,18.0,0.0,0,293.41,0.0,1,0.78,0.6,SPY190524P00276000,276.0,0,0.0,0.0,,0.0,normalDay
2019-04-29,3600.0,24.0,0.0,0,293.87,0.0,1,0.78,0.54,SPY190524P00276000,276.0,0,0.0,0.0,,0.0,normalDay
2019-04-30,3600.0,26.0,0.0,0,294.02,0.0,1,0.78,0.52,SPY190524P00276000,276.0,0,0.0,0.0,,0.0,normalDay
2019-05-01,3600.0,2.0,0.0,0,291.81,0.0,1,0.78,0.76,SPY190524P00276000,276.0,0,0.0,0.0,,0.0,normalDay
2019-05-02,3600.0,3.0,0.0,0,291.18,0.0,1,0.78,0.75,SPY190524P00276000,276.0,0,0.0,0.0,,0.0,normalDay
2019-05-03,3600.0,37.0,0.0,0,294.03,0.0,1,0.78,0.41,SPY190524P00276000,276.0,0,0.0,0.0,,0.0,normalDay
2019-05-06,3600.0,14.0,0.0,0,292.82,0.0,1,0.78,0.64,SPY190524P00276000,276.0,0,0.0,0.0,,0.0,normalDay
2019-05-07,3600.0,-85.0,0.0,0,287.93,0.0,1,0.78,1.63,SPY190524P00276000,276.0,0,0.0,0.0,,0.0,normalDay
2019-05-08,3600.0,-80.0,0.0,0,287.53,0.0,1,0.78,1.58,SPY190524P00276000,276.0,0,0.0,0.0,,0.0,normalDay
2019-05-09,3600.0,-76.0,0.0,0,286.66,0.0,1,0.78,1.54,SPY190524P00276000,276.0,0,0.0,0.0,,0.0,normalDay
2019-05-10,3600.0,-1.0,0.0,0,288.1,0.0,1,0.78,0.79,SPY190524P00276000,276.0,0,0.0,0.0,,0.0,normalDay
2019-05-13,3600.0,-170.0,0.0,0,280.86,0.0,1,0.78,2.48,SPY190524P00276000,276.0,0,0.0,0.0,,0.0,normalDay
2019-05-14,3600.0,-52.0,0.0,0,283.4,0.0,1,0.78,1.3,SPY190524P00276000,276.0,0,0.0,0.0,,0.0,normalDay
2019-05-15,3600.0,16.0,0.0,0,285.06,0.0,1,0.78,0.62,SPY190524P00276000,276.0,0,0.0,0.0,,0.0,normalDay
2019-05-16,3600.0,49.0,0.0,0,287.7,0.0,1,0.78,0.29,SPY190524P00276000,276.0,0,0.0,0.0,,0.0,normalDay
2019-05-17,3600.0,35.0,0.0,0,285.84,0.0,1,0.78,0.43,SPY190524P00276000,276.0,0,0.0,0.0,,0.0,normalDay
2019-05-20,3600.0,51.0,0.0,0,283.95,0.0,1,0.78,0.27,SPY190524P00276000,276.0,0,0.0,0.0,,0.0,normalDay
2019-05-21,3600.0,72.0,0.0,0,286.51,0.0,1,0.78,0.06,SPY190524P00276000,276.0,0,0.0,0.0,,0.0,normalDay
2019-05-22,3600.0,75.0,0.0,0,285.63,0.0,1,0.78,0.03,SPY190524P00276000,276.0,0,0.0,0.0,,0.0,normalDay
2019-05-23,3600.0,68.0,0.0,0,282.14,0.0,1,0.78,0.1,SPY190524P00276000,276.0,0,0.0,0.0,,0.0,normalDay
2019-05-24,3678.0,0.0,78.0,0,282.78,0.0,1,0.78,0.0,SPY190524P00276000,276.0,0,0.0,0.0,,0.0,expirationDay
2019-05-28,3678.0,-6.0,0.0,0,280.15,0.0,1,3.91,3.97,SPY190628P00276000,276.0,0,0.0,0.0,,0.0,normalDay
2019-05-29,3678.0,-80.0,0.0,0,278.27,0.0,1,3.91,4.71,SPY190628P00276000,276.0,0,0.0,0.0,,0.0,normalDay
2019-05-30,3678.0,-33.0,0.0,0,279.03,0.0,1,3.91,4.24,SPY190628P00276000,276.0,0,0.0,0.0,,0.0,normalDay
2019-05-31,3678.0,-213.0,0.0,0,275.27,0.0,1,3.91,6.04,SPY190628P00276000,276.0,0,0.0,0.0,,0.0,normalDay
2019-06-03,3678.0,-210.0,0.0,0,274.57,0.0,1,3.91,6.01,SPY190628P00276000,276.0,0,0.0,0.0,,0.0,normalDay
2019-06-04,3678.0,70.0,0.0,0,280.53,0.0,1,3.91,3.21,SPY190628P00276000,276.0,0,0.0,0.0,,0.0,normalDay
2019-06-05,3678.0,173.0,0.0,0,282.96,0.0,1,3.91,2.18,SPY190628P00276000,276.0,0,0.0,0.0,,0.0,normalDay
2019-06-06,3678.0,220.0,0.0,0,284.8,0.0,1,3.91,1.71,SPY190628P00276000,276.0,0,0.0,0.0,,0.0,normalDay
2019-06-07,3678.0,262.0,0.0,0,287.65,0.0,1,3.91,1.29,SPY190628P00276000,276.0,0,0.0,0.0,,0.0,normalDay
2019-06-10,3678.0,300.0,0.0,0,288.97,0.0,1,3.91,0.91,SPY190628P00276000,276.0,0,0.0,0.0,,0.0,normalDay
2019-06-11,3678.0,303.0,0.0,0,288.9,0.0,1,3.91,0.88,SPY190628P00276000,276.0,0,0.0,0.0,,0.0,normalDay
2019-06-12,3678.0,306.0,0.0,0,288.39,0.0,1,3.91,0.85,SPY190628P00276000,276.0,0,0.0,0.0,,0.0,normalDay
2019-06-13,3678.0,325.0,0.0,0,289.58,0.0,1,3.91,0.66,SPY190628P00276000,276.0,0,0.0,0.0,,0.0,normalDay
2019-06-14,3678.0,340.0,0.0,0,289.26,0.0,1,3.91,0.51,SPY190628P00276000,276.0,0,0.0,0.0,,0.0,normalDay
2019-06-17,3678.0,348.0,0.0,0,289.37,0.0,1,3.91,0.43,SPY190628P00276000,276.0,0,0.0,0.0,,0.0,normalDay
2019-06-18,3678.0,368.0,0.0,0,292.4,0.0,1,3.91,0.23,SPY190628P00276000,276.0,0,0.0,0.0,,0.0,normalDay
2019-06-19,3678.0,377.0,0.0,0,293.06,0.0,1,3.91,0.14,SPY190628P00276000,276.0,0,0.0,0.0,,0.0,normalDay
2019-06-20,3678.0,380.0,0.0,0,295.86,0.0,1,3.91,0.11,SPY190628P00276000,276.0,0,0.0,0.0,,0.0,normalDay
2019-06-21,3678.0,382.0,0.0,0,294.0,0.0,1,3.91,0.09,SPY190628P00276000,276.0,0,0.0,0.0,,0.0,normalDay
2019-06-24,3678.0,387.0,0.0,0,293.64,0.0,1,3.91,0.04,SPY190628P00276000,276.0,0,0.0,0.0,,0.0,normalDay
2019-06-25,3678.0,387.0,0.0,0,290.76,0.0,1,3.91,0.04,SPY190628P00276000,276.0,0,0.0,0.0,,0.0,normalDay
2019-06-26,3678.0,389.0,0.0,0,290.47,0.0,1,3.91,0.02,SPY190628P00276000,276.0,0,0.0,0.0,,0.0,normalDay
2019-06-27,3678.0,390.0,0.0,0,291.5,0.0,1,3.91,0.01,SPY190628P00276000,276.0,0,0.0,0.0,,0.0,normalDay
2019-06-28,4069.0,0.0,391.0,0,293.0,0.0,1,3.91,0.0,SPY190628P00276000,276.0,0,0.0,0.0,,0.0,expirationDay
2019-07-01,4069.0,-3.0,0.0,0,295.66,0.0,1,0.91,0.94,SPY190802P00279000,279.0,0,0.0,0.0,,0.0,normalDay
2019-07-02,4069.0,20.0,0.0,0,296.43,0.0,1,0.91,0.71,SPY190802P00279000,279.0,0,0.0,0.0,,0.0,normalDay
2019-07-03,4069.0,40.0,0.0,0,298.8,0.0,1,0.91,0.51,SPY190802P00279000,279.0,0,0.0,0.0,,0.0,normalDay
2019-07-05,4069.0,35.0,0.0,0,298.46,0.0,1,0.91,0.56,SPY190802P00279000,279.0,0,0.0,0.0,,0.0,normalDay
2019-07-08,4069.0,28.0,0.0,0,296.82,0.0,1,0.91,0.63,SPY190802P00279000,279.0,0,0.0,0.0,,0.0,normalDay
2019-07-09,4069.0,29.0,0.0,0,297.19,0.0,1,0.91,0.62,SPY190802P00279000,279.0,0,0.0,0.0,,0.0,normalDay
2019-07-10,4069.0,51.0,0.0,0,298.61,0.0,1,0.91,0.4,SPY190802P00279000,279.0,0,0.0,0.0,,0.0,normalDay
2019-07-11,4069.0,53.0,0.0,0,299.31,0.0,1,0.91,0.38,SPY190802P00279000,279.0,0,0.0,0.0,,0.0,normalDay
2019-07-12,4069.0,63.0,0.0,0,300.65,0.0,1,0.91,0.28,SPY190802P00279000,279.0,0,0.0,0.0,,0.0,normalDay
2019-07-15,4069.0,63.0,0.0,0,300.75,0.0,1,0.91,0.28,SPY190802P00279000,279.0,0,0.0,0.0,,0.0,normalDay
2019-07-16,4069.0,61.0,0.0,0,299.78,0.0,1,0.91,0.3,SPY190802P00279000,279.0,0,0.0,0.0,,0.0,normalDay
2019-07-17,4069.0,52.0,0.0,0,297.74,0.0,1,0.91,0.39,SPY190802P00279000,279.0,0,0.0,0.0,,0.0,normalDay
2019-07-18,4069.0,62.0,0.0,0,298.83,0.0,1,0.91,0.29,SPY190802P00279000,279.0,0,0.0,0.0,,0.0,normalDay
2019-07-19,4069.0,59.0,0.0,0,297.17,0.0,1,0.91,0.32,SPY190802P00279000,279.0,0,0.0,0.0,,0.0,normalDay
2019-07-22,4069.0,74.0,0.0,0,297.9,0.0,1,0.91,0.17,SPY190802P00279000,279.0,0,0.0,0.0,,0.0,normalDay
2019-07-23,4069.0,82.0,0.0,0,300.03,0.0,1,0.91,0.09,SPY190802P00279000,279.0,0,0.0,0.0,,0.0,normalDay
2019-07-24,4069.0,85.0,0.0,0,301.44,0.0,1,0.91,0.06,SPY190802P00279000,279.0,0,0.0,0.0,,0.0,normalDay
2019-07-25,4069.0,86.0,0.0,0,300.0,0.0,1,0.91,0.05,SPY190802P00279000,279.0,0,0.0,0.0,,0.0,normalDay
2019-07-26,4069.0,88.0,0.0,0,302.01,0.0,1,0.91,0.03,SPY190802P00279000,279.0,0,0.0,0.0,,0.0,normalDay
2019-07-29,4069.0,88.0,0.0,0,301.46,0.0,1,0.91,0.03,SPY190802P00279000,279.0,0,0.0,0.0,,0.0,normalDay
2019-07-30,4069.0,88.0,0.0,0,300.72,0.0,1,0.91,0.03,SPY190802P00279000,279.0,0,0.0,0.0,,0.0,normalDay
2019-07-31,4069.0,80.0,0.0,0,297.43,0.0,1,0.91,0.11,SPY190802P00279000,279.0,0,0.0,0.0,,0.0,normalDay
2019-08-01,4069.0,87.0,0.0,0,294.84,0.0,1,0.91,0.04,SPY190802P00279000,279.0,0,0.0,0.0,,0.0,normalDay
2019-08-02,4160.0,0.0,91.0,0,292.62,0.0,1,0.91,0.0,SPY190802P00279000,279.0,0,0.0,0.0,,0.0,expirationDay
2019-08-05,4160.0,-18.0,0.0,0,283.82,0.0,1,8.52,8.7,SPY190906P00287000,287.0,0,0.0,0.0,,0.0,normalDay
2019-08-06,4160.0,298.0,0.0,0,287.8,0.0,1,8.52,5.54,SPY190906P00287000,287.0,0,0.0,0.0,,0.0,normalDay
2019-08-07,4160.0,321.0,0.0,0,287.97,0.0,1,8.52,5.31,SPY190906P00287000,287.0,0,0.0,0.0,,0.0,normalDay
2019-08-08,4160.0,567.0,0.0,0,293.62,0.0,1,8.52,2.85,SPY190906P00287000,287.0,0,0.0,0.0,,0.0,normalDay
2019-08-09,4160.0,503.0,0.0,0,291.62,0.0,1,8.52,3.49,SPY190906P00287000,287.0,0,0.0,0.0,,0.0,normalDay
2019-08-12,4160.0,323.0,0.0,0,288.07,0.0,1,8.52,5.29,SPY190906P00287000,287.0,0,0.0,0.0,,0.0,normalDay
2019-08-13,4160.0,558.0,0.0,0,292.55,0.0,1,8.52,2.94,SPY190906P00287000,287.0,0,0.0,0.0,,0.0,normalDay
2019-08-14,4160.0,143.0,0.0,0,283.9,0.0,1,8.52,7.09,SPY190906P00287000,287.0,0,0.0,0.0,,0.0,normalDay
2019-08-15,4160.0,215.0,0.0,0,284.65,0.0,1,8.52,6.37,SPY190906P00287000,287.0,0,0.0,0.0,,0.0,normalDay
2019-08-16,4160.0,457.0,0.0,0,288.85,0.0,1,8.52,3.95,SPY190906P00287000,287.0,0,0.0,0.0,,0.0,normalDay
2019-08-19,4160.0,628.0,0.0,0,292.33,0.0,1,8.52,2.24,SPY190906P00287000,287.0,0,0.0,0.0,,0.0,normalDay
2019-08-20,4160.0,554.0,0.0,0,290.09,0.0,1,8.52,2.98,SPY190906P00287000,287.0,0,0.0,0.0,,0.0,normalDay
2019-08-21,4160.0,679.0,0.0,0,292.45,0.0,1,8.52,1.73,SPY190906P00287000,287.0,0,0.0,0.0,,0.0,normalDay
2019-08-22,4160.0,660.0,0.0,0,292.36,0.0,1,8.52,1.92,SPY190906P00287000,287.0,0,0.0,0.0,,0.0,normalDay
2019-08-23,4160.0,363.0,0.0,0,284.85,0.0,1,8.52,4.89,SPY190906P00287000,287.0,0,0.0,0.0,,0.0,normalDay
2019-08-26,4160.0,538.0,0.0,0,288.0,0.0,1,8.52,3.14,SPY190906P00287000,287.0,0,0.0,0.0,,0.0,normalDay
2019-08-27,4160.0,478.0,0.0,0,286.87,0.0,1,8.52,3.74,SPY190906P00287000,287.0,0,0.0,0.0,,0.0,normalDay
2019-08-28,4160.0,606.0,0.0,0,288.89,0.0,1,8.52,2.46,SPY190906P00287000,287.0,0,0.0,0.0,,0.0,normalDay
2019-08-29,4160.0,736.0,0.0,0,292.58,0.0,1,8.52,1.16,SPY190906P00287000,287.0,0,0.0,0.0,,0.0,normalDay
2019-08-30,4160.0,732.0,0.0,0,292.45,0.0,1,8.52,1.2,SPY190906P00287000,287.0,0,0.0,0.0,,0.0,normalDay
2019-09-03,4160.0,752.0,0.0,0,290.74,0.0,1,8.52,1.0,SPY190906P00287000,287.0,0,0.0,0.0,,0.0,normalDay
2019-09-04,4160.0,838.0,0.0,0,294.04,0.0,1,8.52,0.14,SPY190906P00287000,287.0,0,0.0,0.0,,0.0,normalDay
2019-09-05,4160.0,849.0,0.0,0,297.82,0.0,1,8.52,0.03,SPY190906P00287000,287.0,0,0.0,0.0,,0.0,normalDay
2019-09-06,5012.0,0.0,852.0,0,298.05,0.0,1,8.52,0.0,SPY190906P00287000,287.0,0,0.0,0.0,,0.0,expirationDay
2019-09-09,5012.0,-4.0,0.0,0,298.2,0.0,1,1.15,1.19,SPY191011P00279000,279.0,0,0.0,0.0,,0.0,normalDay
2019-09-10,5012.0,2.0,0.0,0,298.13,0.0,1,1.15,1.13,SPY191011P00279000,279.0,0,0.0,0.0,,0.0,normalDay
2019-09-11,5012.0,31.0,0.0,0,300.25,0.0,1,1.15,0.84,SPY191011P00279000,279.0,0,0.0,0.0,,0.0,normalDay
2019-09-12,5012.0,46.0,0.0,0,301.29,0.0,1,1.15,0.69,SPY191011P00279000,279.0,0,0.0,0.0,,0.0,normalDay
2019-09-13,5012.0,55.0,0.0,0,301.09,0.0,1,1.15,0.6,SPY191011P00279000,279.0,0,0.0,0.0,,0.0,normalDay
2019-09-16,5012.0,52.0,0.0,0,300.16,0.0,1,1.15,0.63,SPY191011P00279000,279.0,0,0.0,0.0,,0.0,normalDay
2019-09-17,5012.0,61.0,0.0,0,300.92,0.0,1,1.15,0.54,SPY191011P00279000,279.0,0,0.0,0.0,,0.0,normalDay
2019-09-18,5012.0,69.0,0.0,0,301.1,0.0,1,1.15,0.46,SPY191011P00279000,279.0,0,0.0,0.0,,0.0,normalDay
2019-09-19,5012.0,71.0,0.0,0,301.08,0.0,1,1.15,0.44,SPY191011P00279000,279.0,0,0.0,0.0,,0.0,normalDay
2019-09-20,5012.0,57.0,0.0,0,298.28,0.0,1,1.15,0.58,SPY191011P00279000,279.0,0,0.0,0.0,,0.0,normalDay
2019-09-23,5012.0,72.0,0.0,0,298.21,0.0,1,1.15,0.43,SPY191011P00279000,279.0,0,0.0,0.0,,0.0,normalDay
2019-09-24,5012.0,44.0,0.0,0,295.87,0.0,1,1.15,0.71,SPY191011P00279000,279.0,0,0.0,0.0,,0.0,normalDay
2019-09-25,5012.0,67.0,0.0,0,297.62,0.0,1,1.15,0.48,SPY191011P00279000,279.0,0,0.0,0.0,,0.0,normalDay
2019-09-26,5012.0,73.0,0.0,0,297.0,0.0,1,1.15,0.42,SPY191011P00279000,279.0,0,0.0,0.0,,0.0,normalDay
2019-09-27,5012.0,62.0,0.0,0,295.4,0.0,1,1.15,0.53,SPY191011P00279000,279.0,0,0.0,0.0,,0.0,normalDay
2019-09-30,5012.0,88.0,0.0,0,296.77,0.0,1,1.15,0.27,SPY191011P00279000,279.0,0,0.0,0.0,,0.0,normalDay
2019-10-01,5012.0,59.0,0.0,0,293.24,0.0,1,1.15,0.56,SPY191011P00279000,279.0,0,0.0,0.0,,0.0,normalDay
2019-10-02,5012.0,-12.0,0.0,0,288.06,0.0,1,1.15,1.27,SPY191011P00279000,279.0,0,0.0,0.0,,0.0,normalDay
2019-10-03,5012.0,52.0,0.0,0,290.42,0.0,1,1.15,0.63,SPY191011P00279000,279.0,0,0.0,0.0,,0.0,normalDay
2019-10-04,5012.0,101.0,0.0,0,294.35,0.0,1,1.15,0.14,SPY191011P00279000,279.0,0,0.0,0.0,,0.0,normalDay
2019-10-07,5012.0,106.0,0.0,0,293.08,0.0,1,1.15,0.09,SPY191011P00279000,279.0,0,0.0,0.0,,0.0,normalDay
2019-10-08,5012.0,90.0,0.0,0,288.53,0.0,1,1.15,0.25,SPY191011P00279000,279.0,0,0.0,0.0,,0.0,normalDay
2019-10-09,5012.0,110.0,0.0,0,291.27,0.0,1,1.15,0.05,SPY191011P00279000,279.0,0,0.0,0.0,,0.0,normalDay
2019-10-10,5012.0,113.0,0.0,0,293.24,0.0,1,1.15,0.02,SPY191011P00279000,279.0,0,0.0,0.0,,0.0,normalDay
2019-10-11,5127.0,0.0,115.0,0,296.28,0.0,1,1.15,0.0,SPY191011P00279000,279.0,0,0.0,0.0,,0.0,expirationDay
2019-10-14,5127.0,-3.0,0.0,0,295.95,0.0,1,1.81,1.84,SPY191115P00285000,285.0,0,0.0,0.0,,0.0,normalDay
2019-10-15,5127.0,66.0,0.0,0,298.88,0.0,1,1.81,1.15,SPY191115P00285000,285.0,0,0.0,0.0,,0.0,normalDay
2019-10-16,5127.0,66.0,0.0,0,298.4,0.0,1,1.81,1.15,SPY191115P00285000,285.0,0,0.0,0.0,,0.0,normalDay
2019-10-17,5127.0,77.0,0.0,0,299.28,0.0,1,1.81,1.04,SPY191115P00285000,285.0,0,0.0,0.0,,0.0,normalDay
2019-10-18,5127.0,64.0,0.0,0,297.97,0.0,1,1.81,1.17,SPY191115P00285000,285.0,0,0.0,0.0,,0.0,normalDay
2019-10-21,5127.0,103.0,0.0,0,299.99,0.0,1,1.81,0.78,SPY191115P00285000,285.0,0,0.0,0.0,,0.0,normalDay
2019-10-22,5127.0,94.0,0.0,0,299.01,0.0,1,1.81,0.87,SPY191115P00285000,285.0,0,0.0,0.0,,0.0,normalDay
2019-10-23,5127.0,114.0,0.0,0,299.88,0.0,1,1.81,0.67,SPY191115P00285000,285.0,0,0.0,0.0,,0.0,normalDay
2019-10-24,5127.0,124.0,0.0,0,300.37,0.0,1,1.81,0.57,SPY191115P00285000,285.0,0,0.0,0.0,,0.0,normalDay
2019-10-25,5127.0,143.0,0.0,0,301.6,0.0,1,1.81,0.38,SPY191115P00285000,285.0,0,0.0,0.0,,0.0,normalDay
2019-10-28,5127.0,152.0,0.0,0,303.3,0.0,1,1.81,0.29,SPY191115P00285000,285.0,0,0.0,0.0,,0.0,normalDay
2019-10-29,5127.0,155.0,0.0,0,303.21,0.0,1,1.81,0.26,SPY191115P00285000,285.0,0,0.0,0.0,,0.0,normalDay
2019-10-30,5127.0,162.0,0.0,0,304.14,0.0,1,1.81,0.19,SPY191115P00285000,285.0,0,0.0,0.0,,0.0,normalDay
2019-10-31,5127.0,156.0,0.0,0,303.33,0.0,1,1.81,0.25,SPY191115P00285000,285.0,0,0.0,0.0,,0.0,normalDay
2019-11-01,5127.0,170.0,0.0,0,306.14,0.0,1,1.81,0.11,SPY191115P00285000,285.0,0,0.0,0.0,,0.0,normalDay
2019-11-04,5127.0,172.0,0.0,0,307.37,0.0,1,1.81,0.09,SPY191115P00285000,285.0,0,0.0,0.0,,0.0,normalDay
2019-11-05,5127.0,174.0,0.0,0,307.03,0.0,1,1.81,0.07,SPY191115P00285000,285.0,0,0.0,0.0,,0.0,normalDay
2019-11-06,5127.0,176.0,0.0,0,307.1,0.0,1,1.81,0.05,SPY191115P00285000,285.0,0,0.0,0.0,,0.0,normalDay
2019-11-07,5127.0,178.0,0.0,0,308.18,0.0,1,1.81,0.03,SPY191115P00285000,285.0,0,0.0,0.0,,0.0,normalDay
2019-11-08,5127.0,179.0,0.0,0,308.94,0.0,1,1.81,0.02,SPY191115P00285000,285.0,0,0.0,0.0,,0.0,normalDay
2019-11-11,5127.0,179.0,0.0,0,308.35,0.0,1,1.81,0.02,SPY191115P00285000,285.0,0,0.0,0.0,,0.0,normalDay
2019-11-12,5127.0,179.0,0.0,0,309.0,0.0,1,1.81,0.02,SPY191115P00285000,285.0,0,0.0,0.0,,0.0,normalDay
2019-11-13,5127.0,180.0,0.0,0,309.1,0.0,1,1.81,0.01,SPY191115P00285000,285.0,0,0.0,0.0,,0.0,normalDay
2019-11-14,5127.0,180.0,0.0,0,309.55,0.0,1,1.81,0.01,SPY191115P00285000,285.0,0,0.0,0.0,,0.0,normalDay
2019-11-15,5308.0,0.0,181.0,0,311.79,0.0,1,1.81,0.0,SPY191115P00285000,285.0,0,0.0,0.0,,0.0,expirationDay
2019-11-18,5308.0,-3.0,0.0,0,312.02,0.0,1,0.97,1.0,SPY191220P00295000,295.0,0,0.0,0.0,,0.0,normalDay
2019-11-19,5308.0,-9.0,0.0,0,311.93,0.0,1,0.97,1.06,SPY191220P00295000,295.0,0,0.0,0.0,,0.0,normalDay
2019-11-20,5308.0,-17.0,0.0,0,310.77,0.0,1,0.97,1.14,SPY191220P00295000,295.0,0,0.0,0.0,,0.0,normalDay
2019-11-21,5308.0,-19.0,0.0,0,310.27,0.0,1,0.97,1.16,SPY191220P00295000,295.0,0,0.0,0.0,,0.0,normalDay
2019-11-22,5308.0,3.0,0.0,0,310.96,0.0,1,0.97,0.94,SPY191220P00295000,295.0,0,0.0,0.0,,0.0,normalDay
2019-11-25,5308.0,37.0,0.0,0,313.37,0.0,1,0.97,0.6,SPY191220P00295000,295.0,0,0.0,0.0,,0.0,normalDay
2019-11-26,5308.0,46.0,0.0,0,314.08,0.0,1,0.97,0.51,SPY191220P00295000,295.0,0,0.0,0.0,,0.0,normalDay
2019-11-27,5308.0,55.0,0.0,0,315.48,0.0,1,0.97,0.42,SPY191220P00295000,295.0,0,0.0,0.0,,0.0,normalDay
2019-11-29,5308.0,43.0,0.0,0,314.31,0.0,1,0.97,0.54,SPY191220P00295000,295.0,0,0.0,0.0,,0.0,normalDay
2019-12-02,5308.0,11.0,0.0,0,311.64,0.0,1,0.97,0.86,SPY191220P00295000,295.0,0,0.0,0.0,,0.0,normalDay
2019-12-03,5308.0,-17.0,0.0,0,309.55,0.0,1,0.97,1.14,SPY191220P00295000,295.0,0,0.0,0.0,,0.0,normalDay
2019-12-04,5308.0,20.0,0.0,0,311.46,0.0,1,0.97,0.77,SPY191220P00295000,295.0,0,0.0,0.0,,0.0,normalDay
2019-12-05,5308.0,39.0,0.0,0,312.02,0.0,1,0.97,0.58,SPY191220P00295000,295.0,0,0.0,0.0,,0.0,normalDay
2019-12-06,5308.0,63.0,0.0,0,314.87,0.0,1,0.97,0.34,SPY191220P00295000,295.0,0,0.0,0.0,,0.0,normalDay
2019-12-09,5308.0,48.0,0.0,0,313.88,0.0,1,0.97,0.49,SPY191220P00295000,295.0,0,0.0,0.0,,0.0,normalDay
2019-12-10,5308.0,58.0,0.0,0,313.53,0.0,1,0.97,0.39,SPY191220P00295000,295.0,0,0.0,0.0,,0.0,normalDay
2019-12-11,5308.0,69.0,0.0,0,314.42,0.0,1,0.97,0.28,SPY191220P00295000,295.0,0,0.0,0.0,,0.0,normalDay
2019-12-12,5308.0,78.0,0.0,0,317.13,0.0,1,0.97,0.19,SPY191220P00295000,295.0,0,0.0,0.0,,0.0,normalDay
2019-12-13,5308.0,83.0,0.0,0,317.32,0.0,1,0.97,0.14,SPY191220P00295000,295.0,0,0.0,0.0,,0.0,normalDay
2019-12-16,5308.0,90.0,0.0,0,319.5,0.0,1,0.97,0.07,SPY191220P00295000,295.0,0,0.0,0.0,,0.0,normalDay
2019-12-17,5308.0,93.0,0.0,0,319.57,0.0,1,0.97,0.04,SPY191220P00295000,295.0,0,0.0,0.0,,0.0,normalDay
2019-12-18,5308.0,95.0,0.0,0,319.59,0.0,1,0.97,0.02,SPY191220P00295000,295.0,0,0.0,0.0,,0.0,normalDay
2019-12-19,5308.0,95.0,0.0,0,320.9,0.0,1,0.97,0.02,SPY191220P00295000,295.0,0,0.0,0.0,,0.0,normalDay
2019-12-20,5405.0,0.0,97.0,0,320.73,0.0,1,0.97,0.0,SPY191220P00295000,295.0,0,0.0,0.0,,0.0,expirationDay
2019-12-23,5405.0,-3.0,0.0,0,321.22,0.0,1,1.03,1.06,SPY200124P00306000,306.0,0,0.0,0.0,,0.0,normalDay
2019-12-24,5405.0,0.0,0.0,0,321.23,0.0,1,1.03,1.03,SPY200124P00306000,306.0,0,0.0,0.0,,0.0,normalDay
2019-12-26,5405.0,20.0,0.0,0,322.94,0.0,1,1.03,0.83,SPY200124P00306000,306.0,0,0.0,0.0,,0.0,normalDay
2019-12-27,5405.0,12.0,0.0,0,322.86,0.0,1,1.03,0.91,SPY200124P00306000,306.0,0,0.0,0.0,,0.0,normalDay
2019-12-30,5405.0,-6.0,0.0,0,321.08,0.0,1,1.03,1.09,SPY200124P00306000,306.0,0,0.0,0.0,,0.0,normalDay
2019-12-31,5405.0,20.0,0.0,0,321.86,0.0,1,1.03,0.83,SPY200124P00306000,306.0,0,0.0,0.0,,0.0,normalDay
2020-01-02,5405.0,59.0,0.0,0,324.87,0.0,1,1.03,0.44,SPY200124P00306000,306.0,0,0.0,0.0,,0.0,normalDay
2020-01-03,5405.0,33.0,0.0,0,322.41,0.0,1,1.03,0.7,SPY200124P00306000,306.0,0,0.0,0.0,,0.0,normalDay
2020-01-06,5405.0,61.0,0.0,0,323.64,0.0,1,1.03,0.42,SPY200124P00306000,306.0,0,0.0,0.0,,0.0,normalDay
2020-01-07,5405.0,58.0,0.0,0,322.73,0.0,1,1.03,0.45,SPY200124P00306000,306.0,0,0.0,0.0,,0.0,normalDay
2020-01-08,5405.0,69.0,0.0,0,324.45,0.0,1,1.03,0.34,SPY200124P00306000,306.0,0,0.0,0.0,,0.0,normalDay
2020-01-09,5405.0,82.0,0.0,0,326.65,0.0,1,1.03,0.21,SPY200124P00306000,306.0,0,0.0,0.0,,0.0,normalDay
2020-01-10,5405.0,87.0,0.0,0,325.71,0.0,1,1.03,0.16,SPY200124P00306000,306.0,0,0.0,0.0,,0.0,normalDay
2020-01-13,5405.0,96.0,0.0,0,327.95,0.0,1,1.03,0.07,SPY200124P00306000,306.0,0,0.0,0.0,,0.0,normalDay
2020-01-14,5405.0,96.0,0.0,0,327.45,0.0,1,1.03,0.07,SPY200124P00306000,306.0,0,0.0,0.0,,0.0,normalDay
2020-01-15,5405.0,98.0,0.0,0,328.19,0.0,1,1.03,0.05,SPY200124P00306000,306.0,0,0.0,0.0,,0.0,normalDay
2020-01-16,5405.0,99.0,0.0,0,330.92,0.0,1,1.03,0.04,SPY200124P00306000,306.0,0,0.0,0.0,,0.0,normalDay
2020-01-17,5405.0,101.0,0.0,0,331.95,0.0,1,1.03,0.02,SPY200124P00306000,306.0,0,0.0,0.0,,0.0,normalDay
2020-01-21,5405.0,102.0,0.0,0,331.3,0.0,1,1.03,0.01,SPY200124P00306000,306.0,0,0.0,0.0,,0.0,normalDay
2020-01-22,5405.0,102.0,0.0,0,331.34,0.0,1,1.03,0.01,SPY200124P00306000,306.0,0,0.0,0.0,,0.0,normalDay
2020-01-23,5405.0,102.0,0.0,0,331.72,0.0,1,1.03,0.01,SPY200124P00306000,306.0,0,0.0,0.0,,0.0,normalDay
2020-01-24,5508.0,0.0,103.0,0,328.77,0.0,1,1.03,0.0,SPY200124P00306000,306.0,0,0.0,0.0,,0.0,expirationDay
2020-01-27,5508.0,-5.0,0.0,0,323.5,0.0,1,4.05,4.1,SPY200228P00317000,317.0,0,0.0,0.0,,0.0,normalDay
2020-01-28,5508.0,140.0,0.0,0,326.89,0.0,1,4.05,2.65,SPY200228P00317000,317.0,0,0.0,0.0,,0.0,normalDay
2020-01-29,5508.0,137.0,0.0,0,326.62,0.0,1,4.05,2.68,SPY200228P00317000,317.0,0,0.0,0.0,,0.0,normalDay
2020-01-30,5508.0,202.0,0.0,0,327.68,0.0,1,4.05,2.03,SPY200228P00317000,317.0,0,0.0,0.0,,0.0,normalDay
2020-01-31,5508.0,-2.0,0.0,0,321.73,0.0,1,4.05,4.07,SPY200228P00317000,317.0,0,0.0,0.0,,0.0,normalDay
2020-02-03,5508.0,87.0,0.0,0,324.12,0.0,1,4.05,3.18,SPY200228P00317000,317.0,0,0.0,0.0,,0.0,normalDay
2020-02-04,5508.0,251.0,0.0,0,329.06,0.0,1,4.05,1.54,SPY200228P00317000,317.0,0,0.0,0.0,,0.0,normalDay
2020-02-05,5508.0,315.0,0.0,0,332.86,0.0,1,4.05,0.9,SPY200228P00317000,317.0,0,0.0,0.0,,0.0,normalDay
2020-02-06,5508.0,324.0,0.0,0,333.98,0.0,1,4.05,0.81,SPY200228P00317000,317.0,0,0.0,0.0,,0.0,normalDay
2020-02-07,5508.0,309.0,0.0,0,332.2,0.0,1,4.05,0.96,SPY200228P00317000,317.0,0,0.0,0.0,,0.0,normalDay
2020-02-10,5508.0,347.0,0.0,0,334.68,0.0,1,4.05,0.58,SPY200228P00317000,317.0,0,0.0,0.0,,0.0,normalDay
2020-02-11,5508.0,351.0,0.0,0,335.26,0.0,1,4.05,0.54,SPY200228P00317000,317.0,0,0.0,0.0,,0.0,normalDay
2020-02-12,5508.0,375.0,0.0,0,337.42,0.0,1,4.05,0.3,SPY200228P00317000,317.0,0,0.0,0.0,,0.0,normalDay
2020-02-13,5508.0,374.0,0.0,0,337.06,0.0,1,4.05,0.31,SPY200228P00317000,317.0,0,0.0,0.0,,0.0,normalDay
2020-02-14,5508.0,383.0,0.0,0,337.6,0.0,1,4.05,0.22,SPY200228P00317000,317.0,0,0.0,0.0,,0.0,normalDay
2020-02-18,5508.0,387.0,0.0,0,336.73,0.0,1,4.05,0.18,SPY200228P00317000,317.0,0,0.0,0.0,,0.0,normalDay
2020-02-19,5508.0,394.0,0.0,0,338.34,0.0,1,4.05,0.11,SPY200228P00317000,317.0,0,0.0,0.0,,0.0,normalDay
2020-02-20,5508.0,393.0,0.0,0,336.95,0.0,1,4.05,0.12,SPY200228P00317000,317.0,0,0.0,0.0,,0.0,normalDay
2020-02-21,5508.0,391.0,0.0,0,333.48,0.0,1,4.05,0.14,SPY200228P00317000,317.0,0,0.0,0.0,,0.0,normalDay
2020-02-24,5508.0,140.0,0.0,0,322.42,0.0,1,4.05,2.65,SPY200228P00317000,317.0,0,0.0,0.0,,0.0,normalDay
2020-02-25,5508.0,-213.0,0.0,0,312.65,0.0,1,4.05,6.18,SPY200228P00317000,317.0,0,0.0,0.0,,0.0,normalDay
2020-02-26,5508.0,-281.0,0.0,0,311.5,0.0,1,4.05,6.86,SPY200228P00317000,317.0,0,0.0,0.0,,0.0,normalDay
2020-02-27,5508.0,-1576.0,0.0,0,297.51,0.0,1,4.05,19.81,SPY200228P00317000,317.0,0,0.0,0.0,,0.0,normalDay
2020-02-28,5913.0,-2074.0,405.0,100,296.26,317.0,1,4.05,0.0,SPY200228P00317000,317.0,0,0.0,0.0,,0.0,expirationDay
2020-03-02,5913.0,-799.0,0.0,100,309.09,317.0,0,0.0,0.0,,0.0,1,0.02,0.1,SPY200717C00385000,385.0,normalDay
2020-03-03,5913.0,-1689.0,0.0,100,300.24,317.0,0,0.0,0.0,,0.0,1,0.02,0.15,SPY200717C00385000,385.0,normalDay
2020-03-04,5913.0,-429.0,0.0,100,312.86,317.0,0,0.0,0.0,,0.0,1,0.02,0.17,SPY200717C00385000,385.0,normalDay
2020-03-05,5913.0,-1472.0,0.0,100,302.46,317.0,0,0.0,0.0,,0.0,1,0.02,0.2,SPY200717C00385000,385.0,normalDay
2020-03-06,5913.0,-1967.0,0.0,100,297.46,317.0,0,0.0,0.0,,0.0,1,0.02,0.15,SPY200717C00385000,385.0,normalDay
2020-03-09,5913.0,-4290.0,0.0,100,274.23,317.0,0,0.0,0.0,,0.0,1,0.02,0.15,SPY200717C00385000,385.0,normalDay
2020-03-10,5913.0,-2869.0,0.0,100,288.42,317.0,0,0.0,0.0,,0.0,1,0.02,0.13,SPY200717C00385000,385.0,normalDay
2020-03-11,5913.0,-4278.0,0.0,100,274.36,317.0,0,0.0,0.0,,0.0,1,0.02,0.16,SPY200717C00385000,385.0,normalDay
2020-03-12,5913.0,-6902.0,0.0,100,248.11,317.0,0,0.0,0.0,,0.0,1,0.02,0.15,SPY200717C00385000,385.0,normalDay
2020-03-13,5913.0,-4943.0,0.0,100,269.32,317.0,0,0.0,0.0,,0.0,1,0.02,1.77,SPY200717C00385000,385.0,normalDay
2020-03-16,5913.0,-7730.0,0.0,100,239.85,317.0,0,0.0,0.0,,0.0,1,0.02,0.17,SPY200717C00385000,385.0,normalDay
2020-03-17,5913.0,-6429.0,0.0,100,252.8,317.0,0,0.0,0.0,,0.0,1,0.02,0.11,SPY200717C00385000,385.0,normalDay
2020-03-18,5913.0,-7709.0,0.0,100,240.0,317.0,0,0.0,0.0,,0.0,1,0.02,0.11,SPY200717C00385000,385.0,normalDay
2020-03-19,5913.0,-7657.0,0.0,100,240.51,317.0,0,0.0,0.0,,0.0,1,0.02,0.1,SPY200717C00385000,385.0,normalDay
2020-03-20,5913.0,-8828.0,0.0,100,228.8,317.0,0,0.0,0.0,,0.0,1,0.02,0.1,SPY200717C00385000,385.0,normalDay
2020-03-23,5913.0,-9413.0,0.0,100,222.95,317.0,0,0.0,0.0,,0.0,1,0.02,0.1,SPY200717C00385000,385.0,normalDay
2020-03-24,5913.0,-7390.0,0.0,100,243.15,317.0,0,0.0,0.0,,0.0,1,0.02,0.07,SPY200717C00385000,385.0,normalDay
2020-03-25,5913.0,-7032.0,0.0,100,246.79,317.0,0,0.0,0.0,,0.0,1,0.02,0.13,SPY200717C00385000,385.0,normalDay
2020-03-26,5913.0,-5589.0,0.0,100,261.2,317.0,0,0.0,0.0,,0.0,1,0.02,0.11,SPY200717C00385000,385.0,normalDay
2020-03-27,5913.0,-6365.0,0.0,100,253.42,317.0,0,0.0,0.0,,0.0,1,0.02,0.09,SPY200717C00385000,385.0,normalDay
2020-03-30,5913.0,-5543.0,0.0,100,261.65,317.0,0,0.0,0.0,,0.0,1,0.02,0.1,SPY200717C00385000,385.0,normalDay
2020-03-31,5913.0,-5929.0,0.0,100,257.75,317.0,0,0.0,0.0,,0.0,1,0.02,0.06,SPY200717C00385000,385.0,normalDay
2020-04-01,5913.0,-7089.0,0.0,100,246.15,317.0,0,0.0,0.0,,0.0,1,0.02,0.06,SPY200717C00385000,385.0,normalDay
2020-04-02,5913.0,-6522.0,0.0,100,251.83,317.0,0,0.0,0.0,,0.0,1,0.02,0.07,SPY200717C00385000,385.0,normalDay
2020-04-03,5913.0,-6885.0,0.0,100,248.19,317.0,0,0.0,0.0,,0.0,1,0.02,0.06,SPY200717C00385000,385.0,normalDay
2020-04-06,5913.0,-5220.0,0.0,100,264.86,317.0,0,0.0,0.0,,0.0,1,0.02,0.08,SPY200717C00385000,385.0,normalDay
2020-04-07,5913.0,-5193.0,0.0,100,265.13,317.0,0,0.0,0.0,,0.0,1,0.02,0.08,SPY200717C00385000,385.0,normalDay
2020-04-08,5913.0,-4304.0,0.0,100,274.03,317.0,0,0.0,0.0,,0.0,1,0.02,0.09,SPY200717C00385000,385.0,normalDay
2020-04-09,5913.0,-3888.0,0.0,100,278.2,317.0,0,0.0,0.0,,0.0,1,0.02,0.1,SPY200717C00385000,385.0,normalDay
2020-04-13,5913.0,-4141.0,0.0,100,275.66,317.0,0,0.0,0.0,,0.0,1,0.02,0.09,SPY200717C00385000,385.0,normalDay
2020-04-14,5913.0,-3328.0,0.0,100,283.79,317.0,0,0.0,0.0,,0.0,1,0.02,0.09,SPY200717C00385000,385.0,normalDay
2020-04-15,5913.0,-3930.0,0.0,100,277.76,317.0,0,0.0,0.0,,0.0,1,0.02,0.08,SPY200717C00385000,385.0,normalDay
2020-04-16,5913.0,-3795.0,0.0,100,279.1,317.0,0,0.0,0.0,,0.0,1,0.02,0.07,SPY200717C00385000,385.0,normalDay
2020-04-17,5913.0,-3043.0,0.0,100,286.64,317.0,0,0.0,0.0,,0.0,1,0.02,0.09,SPY200717C00385000,385.0,normalDay
2020-04-20,5913.0,-3546.0,0.0,100,281.59,317.0,0,0.0,0.0,,0.0,1,0.02,0.07,SPY200717C00385000,385.0,normalDay
2020-04-21,5913.0,-4400.0,0.0,100,273.04,317.0,0,0.0,0.0,,0.0,1,0.02,0.06,SPY200717C00385000,385.0,normalDay
2020-04-22,5913.0,-3794.0,0.0,100,279.1,317.0,0,0.0,0.0,,0.0,1,0.02,0.06,SPY200717C00385000,385.0,normalDay
2020-04-23,5913.0,-3796.0,0.0,100,279.08,317.0,0,0.0,0.0,,0.0,1,0.02,0.06,SPY200717C00385000,385.0,normalDay
2020-04-24,5913.0,-3407.0,0.0,100,282.97,317.0,0,0.0,0.0,,0.0,1,0.02,0.06,SPY200717C00385000,385.0,normalDay
2020-04-27,5913.0,-2999.0,0.0,100,287.05,317.0,0,0.0,0.0,,0.0,1,0.02,0.06,SPY200717C00385000,385.0,normalDay
2020-04-28,5913.0,-3130.0,0.0,100,285.73,317.0,0,0.0,0.0,,0.0,1,0.02,0.05,SPY200717C00385000,385.0,normalDay
2020-04-29,5913.0,-2382.0,0.0,100,293.21,317.0,0,0.0,0.0,,0.0,1,0.02,0.05,SPY200717C00385000,385.0,normalDay
2020-04-30,5913.0,-2655.0,0.0,100,290.48,317.0,0,0.0,0.0,,0.0,1,0.02,0.05,SPY200717C00385000,385.0,normalDay
2020-05-01,5913.0,-3424.0,0.0,100,282.79,317.0,0,0.0,0.0,,0.0,1,0.02,0.05,SPY200717C00385000,385.0,normalDay
2020-05-04,5913.0,-3345.0,0.0,100,283.57,317.0,0,0.0,0.0,,0.0,1,0.02,0.04,SPY200717C00385000,385.0,normalDay
2020-05-05,5913.0,-3083.0,0.0,100,286.19,317.0,0,0.0,0.0,,0.0,1,0.02,0.04,SPY200717C00385000,385.0,normalDay
2020-05-06,5913.0,-3277.0,0.0,100,284.25,317.0,0,0.0,0.0,,0.0,1,0.02,0.04,SPY200717C00385000,385.0,normalDay
2020-05-07,5913.0,-2934.0,0.0,100,287.68,317.0,0,0.0,0.0,,0.0,1,0.02,0.04,SPY200717C00385000,385.0,normalDay
2020-05-08,5913.0,-2457.0,0.0,100,292.44,317.0,0,0.0,0.0,,0.0,1,0.02,0.03,SPY200717C00385000,385.0,normalDay
2020-05-11,5913.0,-2451.0,0.0,100,292.5,317.0,0,0.0,0.0,,0.0,1,0.02,0.03,SPY200717C00385000,385.0,normalDay
2020-05-12,5913.0,-3034.0,0.0,100,286.67,317.0,0,0.0,0.0,,0.0,1,0.02,0.03,SPY200717C00385000,385.0,normalDay
2020-05-13,5913.0,-3541.0,0.0,100,281.6,317.0,0,0.0,0.0,,0.0,1,0.02,0.03,SPY200717C00385000,385.0,normalDay
2020-05-14,5913.0,-3203.0,0.0,100,284.97,317.0,0,0.0,0.0,,0.0,1,0.02,0.02,SPY200717C00385000,385.0,normalDay
2020-05-15,5913.0,-3072.0,0.0,100,286.28,317.0,0,0.0,0.0,,0.0,1,0.02,0.02,SPY200717C00385000,385.0,normalDay
2020-05-18,5913.0,-2201.0,0.0,100,295.0,317.0,0,0.0,0.0,,0.0,1,0.02,0.03,SPY200717C00385000,385.0,normalDay
2020-05-19,5913.0,-2504.0,0.0,100,291.97,317.0,0,0.0,0.0,,0.0,1,0.02,0.03,SPY200717C00385000,385.0,normalDay
2020-05-20,5913.0,-2008.0,0.0,100,296.93,317.0,0,0.0,0.0,,0.0,1,0.02,0.03,SPY200717C00385000,385.0,normalDay
2020-05-21,5913.0,-2213.0,0.0,100,294.88,317.0,0,0.0,0.0,,0.0,1,0.02,0.03,SPY200717C00385000,385.0,normalDay
2020-05-22,5913.0,-2156.0,0.0,100,295.44,317.0,0,0.0,0.0,,0.0,1,0.02,0.02,SPY200717C00385000,385.0,normalDay
2020-05-26,5913.0,-1793.0,0.0,100,299.08,317.0,0,0.0,0.0,,0.0,1,0.02,0.03,SPY200717C00385000,385.0,normalDay
2020-05-27,5913.0,-1348.0,0.0,100,303.53,317.0,0,0.0,0.0,,0.0,1,0.02,0.03,SPY200717C00385000,385.0,normalDay
2020-05-28,5913.0,-1404.0,0.0,100,302.97,317.0,0,0.0,0.0,,0.0,1,0.02,0.03,SPY200717C00385000,385.0,normalDay
2020-05-29,5913.0,-1269.0,0.0,100,304.32,317.0,0,0.0,0.0,,0.0,1,0.02,0.03,SPY200717C00385000,385.0,normalDay
2020-06-01,5913.0,-1146.0,0.0,100,305.55,317.0,0,0.0,0.0,,0.0,1,0.02,0.03,SPY200717C00385000,385.0,normalDay
2020-06-02,5913.0,-893.0,0.0,100,308.08,317.0,0,0.0,0.0,,0.0,1,0.02,0.03,SPY200717C00385000,385.0,normalDay
2020-06-03,5913.0,-483.0,0.0,100,312.18,317.0,0,0.0,0.0,,0.0,1,0.02,0.03,SPY200717C00385000,385.0,normalDay
2020-06-04,5913.0,-564.0,0.0,100,311.36,317.0,0,0.0,0.0,,0.0,1,0.02,0.02,SPY200717C00385000,385.0,normalDay
2020-06-05,5913.0,231.0,0.0,100,319.34,317.0,0,0.0,0.0,,0.0,1,0.02,0.05,SPY200717C00385000,385.0,normalDay
2020-06-08,5913.0,615.0,0.0,100,323.2,317.0,0,0.0,0.0,,0.0,1,0.02,0.07,SPY200717C00385000,385.0,normalDay
2020-06-09,5913.0,375.0,0.0,100,320.79,317.0,0,0.0,0.0,,0.0,1,0.02,0.06,SPY200717C00385000,385.0,normalDay
2020-06-10,5913.0,196.0,0.0,100,319.0,317.0,0,0.0,0.0,,0.0,1,0.02,0.06,SPY200717C00385000,385.0,normalDay
2020-06-11,5913.0,-1642.0,0.0,100,300.61,317.0,0,0.0,0.0,,0.0,1,0.02,0.05,SPY200717C00385000,385.0,normalDay
2020-06-12,5913.0,-1281.0,0.0,100,304.21,317.0,0,0.0,0.0,,0.0,1,0.02,0.04,SPY200717C00385000,385.0,normalDay
2020-06-15,5913.0,-997.0,0.0,100,307.05,317.0,0,0.0,0.0,,0.0,1,0.02,0.04,SPY200717C00385000,385.0,normalDay
2020-06-16,5913.0,-407.0,0.0,100,312.96,317.0,0,0.0,0.0,,0.0,1,0.02,0.05,SPY200717C00385000,385.0,normalDay
2020-06-17,5913.0,-536.0,0.0,100,311.66,317.0,0,0.0,0.0,,0.0,1,0.02,0.04,SPY200717C00385000,385.0,normalDay
2020-06-18,5913.0,-523.0,0.0,100,311.78,317.0,0,0.0,0.0,,0.0,1,0.02,0.03,SPY200717C00385000,385.0,normalDay
2020-06-19,5913.0,-836.0,0.0,100,308.64,317.0,0,0.0,0.0,,0.0,1,0.02,0.02,SPY200717C00385000,385.0,normalDay
2020-06-22,5913.0,-638.0,0.0,100,310.62,317.0,0,0.0,0.0,,0.0,1,0.02,0.02,SPY200717C00385000,385.0,normalDay
2020-06-23,5913.0,-495.0,0.0,100,312.05,317.0,0,0.0,0.0,,0.0,1,0.02,0.02,SPY200717C00385000,385.0,normalDay
2020-06-24,5913.0,-1290.0,0.0,100,304.09,317.0,0,0.0,0.0,,0.0,1,0.02,0.01,SPY200717C00385000,385.0,normalDay
2020-06-25,5913.0,-964.0,0.0,100,307.35,317.0,0,0.0,0.0,,0.0,1,0.02,0.01,SPY200717C00385000,385.0,normalDay
2020-06-26,5913.0,-1694.0,0.0,100,300.05,317.0,0,0.0,0.0,,0.0,1,0.02,0.01,SPY200717C00385000,385.0,normalDay
2020-06-29,5913.0,-1253.0,0.0,100,304.46,317.0,0,0.0,0.0,,0.0,1,0.02,0.01,SPY200717C00385000,385.0,normalDay
2020-06-30,5913.0,-863.0,0.0,100,308.36,317.0,0,0.0,0.0,,0.0,1,0.02,0.01,SPY200717C00385000,385.0,normalDay
2020-07-01,5913.0,-647.0,0.0,100,310.52,317.0,0,0.0,0.0,,0.0,1,0.02,0.01,SPY200717C00385000,385.0,normalDay
2020-07-02,5913.0,-476.0,0.0,100,312.23,317.0,0,0.0,0.0,,0.0,1,0.02,0.01,SPY200717C00385000,385.0,normalDay
2020-07-06,5913.0,6.0,0.0,100,317.05,317.0,0,0.0,0.0,,0.0,1,0.02,0.01,SPY200717C00385000,385.0,normalDay
2020-07-07,5913.0,-321.0,0.0,100,313.78,317.0,0,0.0,0.0,,0.0,1,0.02,0.01,SPY200717C00385000,385.0,normalDay
2020-07-08,5913.0,-81.0,0.0,100,316.18,317.0,0,0.0,0.0,,0.0,1,0.02,0.01,SPY200717C00385000,385.0,normalDay
2020-07-09,5913.0,-261.0,0.0,100,314.38,317.0,0,0.0,0.0,,0.0,1,0.02,0.01,SPY200717C00385000,385.0,normalDay
2020-07-10,5913.0,60.0,0.0,100,317.59,317.0,0,0.0,0.0,,0.0,1,0.02,0.01,SPY200717C00385000,385.0,normalDay
2020-07-13,5913.0,-215.0,0.0,100,314.84,317.0,0,0.0,0.0,,0.0,1,0.02,0.01,SPY200717C00385000,385.0,normalDay
2020-07-14,5913.0,193.0,0.0,100,318.92,317.0,0,0.0,0.0,,0.0,1,0.02,0.01,SPY200717C00385000,385.0,normalDay
2020-07-15,5913.0,486.0,0.0,100,321.85,317.0,0,0.0,0.0,,0.0,1,0.02,0.01,SPY200717C00385000,385.0,normalDay
2020-07-16,5913.0,380.0,0.0,100,320.79,317.0,0,0.0,0.0,,0.0,1,0.02,0.01,SPY200717C00385000,385.0,normalDay
2020-07-17,5915.0,472.0,2.0,100,321.72,317.0,0,0.0,0.0,,0.0,1,0.02,0.0,SPY200717C00385000,385.0,expirationDay
2020-07-20,5915.0,722.0,0.0,100,324.32,317.0,0,0.0,0.0,,0.0,1,8.08,8.18,SPY201120C00342000,342.0,normalDay
2020-07-21,5915.0,761.0,0.0,100,325.01,317.0,0,0.0,0.0,,0.0,1,8.08,8.48,SPY201120C00342000,342.0,normalDay
2020-07-22,5915.0,907.0,0.0,100,326.86,317.0,0,0.0,0.0,,0.0,1,8.08,8.87,SPY201120C00342000,342.0,normalDay
2020-07-23,5915.0,668.0,0.0,100,322.96,317.0,0,0.0,0.0,,0.0,1,8.08,7.36,SPY201120C00342000,342.0,normalDay
2020-07-24,5915.0,509.0,0.0,100,320.88,317.0,0,0.0,0.0,,0.0,1,8.08,6.87,SPY201120C00342000,342.0,normalDay
2020-07-27,5915.0,696.0,0.0,100,323.22,317.0,0,0.0,0.0,,0.0,1,8.08,7.34,SPY201120C00342000,342.0,normalDay
2020-07-28,5915.0,561.0,0.0,100,321.17,317.0,0,0.0,0.0,,0.0,1,8.08,6.64,SPY201120C00342000,342.0,normalDay
2020-07-29,5915.0,829.0,0.0,100,325.12,317.0,0,0.0,0.0,,0.0,1,8.08,7.91,SPY201120C00342000,342.0,normalDay
2020-07-30,5915.0,714.0,0.0,100,323.96,317.0,0,0.0,0.0,,0.0,1,8.08,7.9,SPY201120C00342000,342.0,normalDay
2020-07-31,5915.0,889.0,0.0,100,326.52,317.0,0,0.0,0.0,,0.0,1,8.08,8.71,SPY201120C00342000,342.0,normalDay
2020-08-03,5915.0,1045.0,0.0,100,328.79,317.0,0,0.0,0.0,,0.0,1,8.08,9.42,SPY201120C00342000,342.0,normalDay
2020-08-04,5915.0,1155.0,0.0,100,330.06,317.0,0,0.0,0.0,,0.0,1,8.08,9.59,SPY201120C00342000,342.0,normalDay
2020-08-05,5915.0,1289.0,0.0,100,332.11,317.0,0,0.0,0.0,,0.0,1,8.08,10.3,SPY201120C00342000,342.0,normalDay
2020-08-06,5915.0,1407.0,0.0,100,334.33,317.0,0,0.0,0.0,,0.0,1,8.08,11.34,SPY201120C00342000,342.0,normalDay
2020-08-07,5915.0,1431.0,0.0,100,334.57,317.0,0,0.0,0.0,,0.0,1,8.08,11.34,SPY201120C00342000,342.0,normalDay
2020-08-10,5915.0,1516.0,0.0,100,335.57,317.0,0,0.0,0.0,,0.0,1,8.08,11.49,SPY201120C00342000,342.0,normalDay
2020-08-11,5915.0,1318.0,0.0,100,332.8,317.0,0,0.0,0.0,,0.0,1,8.08,10.7,SPY201120C00342000,342.0,normalDay
2020-08-12,5915.0,1612.0,0.0,100,337.44,317.0,0,0.0,0.0,,0.0,1,8.08,12.4,SPY201120C00342000,342.0,normalDay
2020-08-13,5915.0,1587.0,0.0,100,336.83,317.0,0,0.0,0.0,,0.0,1,8.08,12.04,SPY201120C00342000,342.0,normalDay
2020-08-14,5915.0,1597.0,0.0,100,336.84,317.0,0,0.0,0.0,,0.0,1,8.08,11.95,SPY201120C00342000,342.0,normalDay
2020-08-17,5915.0,1704.0,0.0,100,337.91,317.0,0,0.0,0.0,,0.0,1,8.08,11.95,SPY201120C00342000,342.0,normalDay
2020-08-18,5915.0,1756.0,0.0,100,338.64,317.0,0,0.0,0.0,,0.0,1,8.08,12.16,SPY201120C00342000,342.0,normalDay
2020-08-19,5915.0,1675.0,0.0,100,337.23,317.0,0,0.0,0.0,,0.0,1,8.08,11.56,SPY201120C00342000,342.0,normalDay
2020-08-20,5915.0,1753.0,0.0,100,338.28,317.0,0,0.0,0.0,,0.0,1,8.08,11.83,SPY201120C00342000,342.0,normalDay
2020-08-21,5915.0,1811.0,0.0,100,339.48,317.0,0,0.0,0.0,,0.0,1,8.08,12.45,SPY201120C00342000,342.0,normalDay
2020-08-24,5915.0,1973.0,0.0,100,342.92,317.0,0,0.0,0.0,,0.0,1,8.08,14.27,SPY201120C00342000,342.0,normalDay
2020-08-25,5915.0,2012.0,0.0,100,344.12,317.0,0,0.0,0.0,,0.0,1,8.08,15.08,SPY201120C00342000,342.0,normalDay
2020-08-26,5915.0,2087.0,0.0,100,347.57,317.0,0,0.0,0.0,,0.0,1,8.08,17.78,SPY201120C00342000,342.0,normalDay
2020-08-27,5915.0,2064.0,0.0,100,348.33,317.0,0,0.0,0.0,,0.0,1,8.08,18.77,SPY201120C00342000,342.0,normalDay
2020-08-28,5915.0,2194.0,0.0,100,350.58,317.0,0,0.0,0.0,,0.0,1,8.08,19.72,SPY201120C00342000,342.0,normalDay
2020-08-31,5915.0,2020.0,0.0,100,349.31,317.0,0,0.0,0.0,,0.0,1,8.08,20.19,SPY201120C00342000,342.0,normalDay
2020-09-01,5915.0,2148.0,0.0,100,352.6,317.0,0,0.0,0.0,,0.0,1,8.08,22.2,SPY201120C00342000,342.0,normalDay
2020-09-02,5915.0,2223.0,0.0,100,357.7,317.0,0,0.0,0.0,,0.0,1,8.08,26.55,SPY201120C00342000,342.0,normalDay
2020-09-03,5915.0,1624.0,0.0,100,345.39,317.0,0,0.0,0.0,,0.0,1,8.08,20.23,SPY201120C00342000,342.0,normalDay
2020-09-04,5915.0,1701.0,0.0,100,342.57,317.0,0,0.0,0.0,,0.0,1,8.08,16.64,SPY201120C00342000,342.0,normalDay
2020-09-08,5915.0,1315.0,0.0,100,333.21,317.0,0,0.0,0.0,,0.0,1,8.08,11.14,SPY201120C00342000,342.0,normalDay
2020-09-09,5915.0,1723.0,0.0,100,339.79,317.0,0,0.0,0.0,,0.0,1,8.08,13.64,SPY201120C00342000,342.0,normalDay
2020-09-10,5915.0,1409.0,0.0,100,333.89,317.0,0,0.0,0.0,,0.0,1,8.08,10.88,SPY201120C00342000,342.0,normalDay
2020-09-11,5915.0,1548.0,0.0,100,334.06,317.0,0,0.0,0.0,,0.0,1,8.08,9.66,SPY201120C00342000,342.0,normalDay
2020-09-14,5915.0,1779.0,0.0,100,338.46,317.0,0,0.0,0.0,,0.0,1,8.08,11.75,SPY201120C00342000,342.0,normalDay
2020-09-15,5915.0,1865.0,0.0,100,340.17,317.0,0,0.0,0.0,,0.0,1,8.08,12.6,SPY201120C00342000,342.0,normalDay
2020-09-16,5915.0,1839.0,0.0,100,338.82,317.0,0,0.0,0.0,,0.0,1,8.08,11.51,SPY201120C00342000,342.0,normalDay
2020-09-17,5915.0,1682.0,0.0,100,335.84,317.0,0,0.0,0.0,,0.0,1,8.08,10.1,SPY201120C00342000,342.0,normalDay
2020-09-18,5915.0,1383.0,0.0,100,330.65,317.0,0,0.0,0.0,,0.0,1,8.08,7.9,SPY201120C00342000,342.0,normalDay
2020-09-21,5915.0,1130.0,0.0,100,326.97,317.0,0,0.0,0.0,,0.0,1,8.08,6.75,SPY201120C00342000,342.0,normalDay
2020-09-22,5915.0,1361.0,0.0,100,330.3,317.0,0,0.0,0.0,,0.0,1,8.08,7.77,SPY201120C00342000,342.0,normalDay
2020-09-23,5915.0,841.0,0.0,100,322.64,317.0,0,0.0,0.0,,0.0,1,8.08,5.31,SPY201120C00342000,342.0,normalDay
2020-09-24,5915.0,921.0,0.0,100,323.5,317.0,0,0.0,0.0,,0.0,1,8.08,5.37,SPY201120C00342000,342.0,normalDay
2020-09-25,5915.0,1301.0,0.0,100,328.73,317.0,0,0.0,0.0,,0.0,1,8.08,6.8,SPY201120C00342000,342.0,normalDay
2020-09-28,5915.0,1601.0,0.0,100,334.19,317.0,0,0.0,0.0,,0.0,1,8.08,9.26,SPY201120C00342000,342.0,normalDay
2020-09-29,5915.0,1494.0,0.0,100,332.37,317.0,0,0.0,0.0,,0.0,1,8.08,8.51,SPY201120C00342000,342.0,normalDay
2020-09-30,5915.0,1726.0,0.0,100,334.89,317.0,0,0.0,0.0,,0.0,1,8.08,8.71,SPY201120C00342000,342.0,normalDay
2020-10-01,5915.0,1768.0,0.0,100,337.04,317.0,0,0.0,0.0,,0.0,1,8.08,10.44,SPY201120C00342000,342.0,normalDay
2020-10-02,5915.0,1600.0,0.0,100,333.84,317.0,0,0.0,0.0,,0.0,1,8.08,8.92,SPY201120C00342000,342.0,normalDay
2020-10-05,5915.0,1966.0,0.0,100,339.76,317.0,0,0.0,0.0,,0.0,1,8.08,11.18,SPY201120C00342000,342.0,normalDay
2020-10-06,5915.0,1719.0,0.0,100,334.93,317.0,0,0.0,0.0,,0.0,1,8.08,8.82,SPY201120C00342000,342.0,normalDay
2020-10-07,5915.0,2074.0,0.0,100,340.76,317.0,0,0.0,0.0,,0.0,1,8.08,11.1,SPY201120C00342000,342.0,normalDay
2020-10-08,5915.0,2272.0,0.0,100,343.78,317.0,0,0.0,0.0,,0.0,1,8.08,12.14,SPY201120C00342000,342.0,normalDay
2020-10-09,5915.0,2449.0,0.0,100,346.85,317.0,0,0.0,0.0,,0.0,1,8.08,13.44,SPY201120C00342000,342.0,normalDay
2020-10-12,5915.0,2633.0,0.0,100,352.43,317.0,0,0.0,0.0,,0.0,1,8.08,17.18,SPY201120C00342000,342.0,normalDay
2020-10-13,5915.0,2551.0,0.0,100,350.13,317.0,0,0.0,0.0,,0.0,1,8.08,15.7,SPY201120C00342000,342.0,normalDay
2020-10-14,5915.0,2495.0,0.0,100,347.93,317.0,0,0.0,0.0,,0.0,1,8.08,14.06,SPY201120C00342000,342.0,normalDay
2020-10-15,5915.0,2474.0,0.0,100,347.5,317.0,0,0.0,0.0,,0.0,1,8.08,13.84,SPY201120C00342000,342.0,normalDay
2020-10-16,5915.0,2513.0,0.0,100,347.29,317.0,0,0.0,0.0,,0.0,1,8.08,13.24,SPY201120C00342000,342.0,normalDay
2020-10-19,5915.0,2245.0,0.0,100,342.01,317.0,0,0.0,0.0,,0.0,1,8.08,10.64,SPY201120C00342000,342.0,normalDay
2020-10-20,5915.0,2342.0,0.0,100,343.38,317.0,0,0.0,0.0,,0.0,1,8.08,11.04,SPY201120C00342000,342.0,normalDay
2020-10-21,5915.0,2303.0,0.0,100,342.73,317.0,0,0.0,0.0,,0.0,1,8.08,10.78,SPY201120C00342000,342.0,normalDay
2020-10-22,5915.0,2447.0,0.0,100,344.61,317.0,0,0.0,0.0,,0.0,1,8.08,11.22,SPY201120C00342000,342.0,normalDay
2020-10-23,5915.0,2543.0,0.0,100,345.78,317.0,0,0.0,0.0,,0.0,1,8.08,11.43,SPY201120C00342000,342.0,normalDay
2020-10-26,5915.0,2142.0,0.0,100,339.39,317.0,0,0.0,0.0,,0.0,1,8.08,9.05,SPY201120C00342000,342.0,normalDay
2020-10-27,5915.0,2098.0,0.0,100,338.22,317.0,0,0.0,0.0,,0.0,1,8.08,8.32,SPY201120C00342000,342.0,normalDay
2020-10-28,5915.0,1295.0,0.0,100,326.66,317.0,0,0.0,0.0,,0.0,1,8.08,4.79,SPY201120C00342000,342.0,normalDay
2020-10-29,5915.0,1586.0,0.0,100,329.98,317.0,0,0.0,0.0,,0.0,1,8.08,5.2,SPY201120C00342000,342.0,normalDay
2020-10-30,5915.0,1379.0,0.0,100,326.54,317.0,0,0.0,0.0,,0.0,1,8.08,3.83,SPY201120C00342000,342.0,normalDay
2020-11-02,5915.0,1700.0,0.0,100,330.2,317.0,0,0.0,0.0,,0.0,1,8.08,4.28,SPY201120C00342000,342.0,normalDay
2020-11-03,5915.0,2124.0,0.0,100,336.03,317.0,0,0.0,0.0,,0.0,1,8.08,5.87,SPY201120C00342000,342.0,normalDay
2020-11-04,5915.0,2596.0,0.0,100,343.54,317.0,0,0.0,0.0,,0.0,1,8.08,8.66,SPY201120C00342000,342.0,normalDay
2020-11-05,5915.0,2867.0,0.0,100,350.24,317.0,0,0.0,0.0,,0.0,1,8.08,12.65,SPY201120C00342000,342.0,normalDay
2020-11-06,5915.0,2962.0,0.0,100,350.16,317.0,0,0.0,0.0,,0.0,1,8.08,11.62,SPY201120C00342000,342.0,normalDay
2020-11-09,5915.0,3002.0,0.0,100,354.56,317.0,0,0.0,0.0,,0.0,1,8.08,15.62,SPY201120C00342000,342.0,normalDay
2020-11-10,5915.0,3078.0,0.0,100,354.04,317.0,0,0.0,0.0,,0.0,1,8.08,14.34,SPY201120C00342000,342.0,normalDay
2020-11-11,5915.0,3156.0,0.0,100,356.67,317.0,0,0.0,0.0,,0.0,1,8.08,16.19,SPY201120C00342000,342.0,normalDay
2020-11-12,5915.0,3105.0,0.0,100,353.21,317.0,0,0.0,0.0,,0.0,1,8.08,13.24,SPY201120C00342000,342.0,normalDay
2020-11-13,5915.0,3234.0,0.0,100,358.1,317.0,0,0.0,0.0,,0.0,1,8.08,16.84,SPY201120C00342000,342.0,normalDay
2020-11-16,5915.0,3303.0,0.0,100,362.57,317.0,0,0.0,0.0,,0.0,1,8.08,20.62,SPY201120C00342000,342.0,normalDay
2020-11-17,5915.0,3285.0,0.0,100,360.62,317.0,0,0.0,0.0,,0.0,1,8.08,18.85,SPY201120C00342000,342.0,normalDay
2020-11-18,5915.0,3269.0,0.0,100,356.28,317.0,0,0.0,0.0,,0.0,1,8.08,14.67,SPY201120C00342000,342.0,normalDay
2020-11-19,5915.0,3285.0,0.0,100,357.78,317.0,0,0.0,0.0,,0.0,1,8.08,16.01,SPY201120C00342000,342.0,normalDay
2020-11-20,9223.0,3285.0,3308.0,0,355.33,0.0,0,0.0,0.0,,0.0,1,8.08,0.0,SPY201120C00342000,342.0,expirationDay
2020-11-23,9223.0,-4.0,0.0,0,357.46,0.0,1,1.14,1.18,SPY201224P00315000,315.0,0,0.0,0.0,,0.0,normalDay
2020-11-24,9223.0,32.0,0.0,0,363.22,0.0,1,1.14,0.82,SPY201224P00315000,315.0,0,0.0,0.0,,0.0,normalDay
2020-11-25,9223.0,38.0,0.0,0,362.66,0.0,1,1.14,0.76,SPY201224P00315000,315.0,0,0.0,0.0,,0.0,normalDay
2020-11-27,9223.0,52.0,0.0,0,363.67,0.0,1,1.14,0.62,SPY201224P00315000,315.0,0,0.0,0.0,,0.0,normalDay
2020-11-30,9223.0,63.0,0.0,0,362.06,0.0,1,1.14,0.51,SPY201224P00315000,315.0,0,0.0,0.0,,0.0,normalDay
2020-12-01,9223.0,68.0,0.0,0,366.02,0.0,1,1.14,0.46,SPY201224P00315000,315.0,0,0.0,0.0,,0.0,normalDay
2020-12-02,9223.0,69.0,0.0,0,366.79,0.0,1,1.14,0.45,SPY201224P00315000,315.0,0,0.0,0.0,,0.0,normalDay
2020-12-03,9223.0,70.0,0.0,0,366.69,0.0,1,1.14,0.44,SPY201224P00315000,315.0,0,0.0,0.0,,0.0,normalDay
2020-12-04,9223.0,84.0,0.0,0,369.85,0.0,1,1.14,0.3,SPY201224P00315000,315.0,0,0.0,0.0,,0.0,normalDay
2020-12-07,9223.0,90.0,0.0,0,369.09,0.0,1,1.14,0.24,SPY201224P00315000,315.0,0,0.0,0.0,,0.0,normalDay
2020-12-08,9223.0,95.0,0.0,0,370.17,0.0,1,1.14,0.19,SPY201224P00315000,315.0,0,0.0,0.0,,0.0,normalDay
2020-12-09,9223.0,90.0,0.0,0,366.85,0.0,1,1.14,0.24,SPY201224P00315000,315.0,0,0.0,0.0,,0.0,normalDay
2020-12-10,9223.0,92.0,0.0,0,366.73,0.0,1,1.14,0.22,SPY201224P00315000,315.0,0,0.0,0.0,,0.0,normalDay
2020-12-11,9223.0,90.0,0.0,0,366.3,0.0,1,1.14,0.24,SPY201224P00315000,315.0,0,0.0,0.0,,0.0,normalDay
2020-12-14,9223.0,87.0,0.0,0,364.66,0.0,1,1.14,0.27,SPY201224P00315000,315.0,0,0.0,0.0,,0.0,normalDay
2020-12-15,9223.0,98.0,0.0,0,369.59,0.0,1,1.14,0.16,SPY201224P00315000,315.0,0,0.0,0.0,,0.0,normalDay
2020-12-16,9223.0,103.0,0.0,0,370.17,0.0,1,1.14,0.11,SPY201224P00315000,315.0,0,0.0,0.0,,0.0,normalDay
2020-12-17,9223.0,105.0,0.0,0,372.24,0.0,1,1.14,0.09,SPY201224P00315000,315.0,0,0.0,0.0,,0.0,normalDay
2020-12-18,9223.0,111.0,0.0,0,369.18,0.0,1,1.14,0.03,SPY201224P00315000,315.0,0,0.0,0.0,,0.0,normalDay
2020-12-21,9223.0,112.0,0.0,0,367.86,0.0,1,1.14,0.02,SPY201224P00315000,315.0,0,0.0,0.0,,0.0,normalDay
2020-12-22,9223.0,113.0,0.0,0,367.24,0.0,1,1.14,0.01,SPY201224P00315000,315.0,0,0.0,0.0,,0.0,normalDay
2020-12-23,9223.0,113.0,0.0,0,367.57,0.0,1,1.14,0.01,SPY201224P00315000,315.0,0,0.0,0.0,,0.0,normalDay
2020-12-24,9337.0,0.0,114.0,0,369.0,0.0,1,1.14,0.0,SPY201224P00315000,315.0,0,0.0,0.0,,0.0,expirationDay
2020-12-28,9337.0,-6.0,0.0,0,372.17,0.0,1,4.29,4.35,SPY210129P00361000,361.0,0,0.0,0.0,,0.0,normalDay
2020-12-29,9337.0,-58.0,0.0,0,371.46,0.0,1,4.29,4.87,SPY210129P00361000,361.0,0,0.0,0.0,,0.0,normalDay
2020-12-30,9337.0,-22.0,0.0,0,371.99,0.0,1,4.29,4.51,SPY210129P00361000,361.0,0,0.0,0.0,,0.0,normalDay
2020-12-31,9337.0,37.0,0.0,0,373.88,0.0,1,4.29,3.92,SPY210129P00361000,361.0,0,0.0,0.0,,0.0,normalDay
2021-01-04,9337.0,-131.0,0.0,0,368.79,0.0,1,4.29,5.6,SPY210129P00361000,361.0,0,0.0,0.0,,0.0,normalDay
2021-01-05,9337.0,-28.0,0.0,0,371.33,0.0,1,4.29,4.57,SPY210129P00361000,361.0,0,0.0,0.0,,0.0,normalDay
2021-01-06,9337.0,18.0,0.0,0,373.55,0.0,1,4.29,4.11,SPY210129P00361000,361.0,0,0.0,0.0,,0.0,normalDay
2021-01-07,9337.0,194.0,0.0,0,379.1,0.0,1,4.29,2.35,SPY210129P00361000,361.0,0,0.0,0.0,,0.0,normalDay
2021-01-08,9337.0,239.0,0.0,0,381.26,0.0,1,4.29,1.9,SPY210129P00361000,361.0,0,0.0,0.0,,0.0,normalDay
2021-01-11,9337.0,194.0,0.0,0,378.69,0.0,1,4.29,2.35,SPY210129P00361000,361.0,0,0.0,0.0,,0.0,normalDay
2021-01-12,9337.0,219.0,0.0,0,378.77,0.0,1,4.29,2.1,SPY210129P00361000,361.0,0,0.0,0.0,,0.0,normalDay
2021-01-13,9337.0,269.0,0.0,0,379.79,0.0,1,4.29,1.6,SPY210129P00361000,361.0,0,0.0,0.0,,0.0,normalDay
2021-01-14,9337.0,243.0,0.0,0,378.46,0.0,1,4.29,1.86,SPY210129P00361000,361.0,0,0.0,0.0,,0.0,normalDay
2021-01-15,9337.0,207.0,0.0,0,375.7,0.0,1,4.29,2.22,SPY210129P00361000,361.0,0,0.0,0.0,,0.0,normalDay
2021-01-19,9337.0,315.0,0.0,0,378.65,0.0,1,4.29,1.14,SPY210129P00361000,361.0,0,0.0,0.0,,0.0,normalDay
2021-01-20,9337.0,380.0,0.0,0,383.89,0.0,1,4.29,0.49,SPY210129P00361000,361.0,0,0.0,0.0,,0.0,normalDay
2021-01-21,9337.0,395.0,0.0,0,384.24,0.0,1,4.29,0.34,SPY210129P00361000,361.0,0,0.0,0.0,,0.0,normalDay
2021-01-22,9337.0,402.0,0.0,0,382.88,0.0,1,4.29,0.27,SPY210129P00361000,361.0,0,0.0,0.0,,0.0,normalDay
2021-01-25,9337.0,414.0,0.0,0,384.39,0.0,1,4.29,0.15,SPY210129P00361000,361.0,0,0.0,0.0,,0.0,normalDay
2021-01-26,9337.0,419.0,0.0,0,383.79,0.0,1,4.29,0.1,SPY210129P00361000,361.0,0,0.0,0.0,,0.0,normalDay
2021-01-27,9337.0,332.0,0.0,0,374.41,0.0,1,4.29,0.97,SPY210129P00361000,361.0,0,0.0,0.0,,0.0,normalDay
2021-01-28,9337.0,421.0,0.0,0,377.63,0.0,1,4.29,0.08,SPY210129P00361000,361.0,0,0.0,0.0,,0.0,normalDay
2021-01-29,9766.0,0.0,429.0,0,370.07,0.0,1,4.29,0.0,SPY210129P00361000,361.0,0,0.0,0.0,,0.0,expirationDay
2021-02-01,9766.0,-8.0,0.0,0,376.23,0.0,1,7.32,7.4,SPY210305P00365000,365.0,0,0.0,0.0,,0.0,normalDay
2021-02-02,9766.0,277.0,0.0,0,381.55,0.0,1,7.32,4.55,SPY210305P00365000,365.0,0,0.0,0.0,,0.0,normalDay
2021-02-03,9766.0,351.0,0.0,0,381.85,0.0,1,7.32,3.81,SPY210305P00365000,365.0,0,0.0,0.0,,0.0,normalDay
2021-02-04,9766.0,451.0,0.0,0,386.19,0.0,1,7.32,2.81,SPY210305P00365000,365.0,0,0.0,0.0,,0.0,normalDay
2021-02-05,9766.0,497.0,0.0,0,387.71,0.0,1,7.32,2.35,SPY210305P00365000,365.0,0,0.0,0.0,,0.0,normalDay
2021-02-08,9766.0,545.0,0.0,0,390.51,0.0,1,7.32,1.87,SPY210305P00365000,365.0,0,0.0,0.0,,0.0,normalDay
2021-02-09,9766.0,552.0,0.0,0,390.25,0.0,1,7.32,1.8,SPY210305P00365000,365.0,0,0.0,0.0,,0.0,normalDay
2021-02-10,9766.0,547.0,0.0,0,390.08,0.0,1,7.32,1.85,SPY210305P00365000,365.0,0,0.0,0.0,,0.0,normalDay
2021-02-11,9766.0,572.0,0.0,0,390.71,0.0,1,7.32,1.6,SPY210305P00365000,365.0,0,0.0,0.0,,0.0,normalDay
2021-02-12,9766.0,621.0,0.0,0,392.64,0.0,1,7.32,1.11,SPY210305P00365000,365.0,0,0.0,0.0,,0.0,normalDay
2021-02-16,9766.0,624.0,0.0,0,392.3,0.0,1,7.32,1.08,SPY210305P00365000,365.0,0,0.0,0.0,,0.0,normalDay
2021-02-17,9766.0,640.0,0.0,0,392.39,0.0,1,7.32,0.92,SPY210305P00365000,365.0,0,0.0,0.0,,0.0,normalDay
2021-02-18,9766.0,627.0,0.0,0,390.72,0.0,1,7.32,1.05,SPY210305P00365000,365.0,0,0.0,0.0,,0.0,normalDay
2021-02-19,9766.0,642.0,0.0,0,390.03,0.0,1,7.32,0.9,SPY210305P00365000,365.0,0,0.0,0.0,,0.0,normalDay
2021-02-22,9766.0,637.0,0.0,0,387.03,0.0,1,7.32,0.95,SPY210305P00365000,365.0,0,0.0,0.0,,0.0,normalDay
2021-02-23,9766.0,650.0,0.0,0,387.5,0.0,1,7.32,0.82,SPY210305P00365000,365.0,0,0.0,0.0,,0.0,normalDay
2021-02-24,9766.0,694.0,0.0,0,391.77,0.0,1,7.32,0.38,SPY210305P00365000,365.0,0,0.0,0.0,,0.0,normalDay
2021-02-25,9766.0,536.0,0.0,0,382.33,0.0,1,7.32,1.96,SPY210305P00365000,365.0,0,0.0,0.0,,0.0,normalDay
2021-02-26,9766.0,572.0,0.0,0,380.36,0.0,1,7.32,1.6,SPY210305P00365000,365.0,0,0.0,0.0,,0.0,normalDay
2021-03-01,9766.0,706.0,0.0,0,389.58,0.0,1,7.32,0.26,SPY210305P00365000,365.0,0,0.0,0.0,,0.0,normalDay
2021-03-02,9766.0,710.0,0.0,0,386.54,0.0,1,7.32,0.22,SPY210305P00365000,365.0,0,0.0,0.0,,0.0,normalDay
2021-03-03,9766.0,707.0,0.0,0,381.42,0.0,1,7.32,0.25,SPY210305P00365000,365.0,0,0.0,0.0,,0.0,normalDay
2021-03-04,9766.0,709.0,0.0,0,376.7,0.0,1,7.32,0.23,SPY210305P00365000,365.0,0,0.0,0.0,,0.0,normalDay
2021-03-05,10498.0,0.0,732.0,0,383.63,0.0,1,7.32,0.0,SPY210305P00365000,365.0,0,0.0,0.0,,0.0,expirationDay
2021-03-08,10498.0,-9.0,0.0,0,381.72,0.0,1,7.34,7.43,SPY210409P00375000,375.0,0,0.0,0.0,,0.0,normalDay
2021-03-09,10498.0,190.0,0.0,0,387.17,0.0,1,7.34,5.44,SPY210409P00375000,375.0,0,0.0,0.0,,0.0,normalDay
2021-03-10,10498.0,307.0,0.0,0,389.58,0.0,1,7.34,4.27,SPY210409P00375000,375.0,0,0.0,0.0,,0.0,normalDay
2021-03-11,10498.0,395.0,0.0,0,393.53,0.0,1,7.34,3.39,SPY210409P00375000,375.0,0,0.0,0.0,,0.0,normalDay
2021-03-12,10498.0,461.0,0.0,0,394.06,0.0,1,7.34,2.73,SPY210409P00375000,375.0,0,0.0,0.0,,0.0,normalDay
2021-03-15,10498.0,532.0,0.0,0,396.41,0.0,1,7.34,2.02,SPY210409P00375000,375.0,0,0.0,0.0,,0.0,normalDay
2021-03-16,10498.0,531.0,0.0,0,395.91,0.0,1,7.34,2.03,SPY210409P00375000,375.0,0,0.0,0.0,,0.0,normalDay
2021-03-17,10498.0,568.0,0.0,0,397.26,0.0,1,7.34,1.66,SPY210409P00375000,375.0,0,0.0,0.0,,0.0,normalDay
2021-03-18,10498.0,488.0,0.0,0,391.48,0.0,1,7.34,2.46,SPY210409P00375000,375.0,0,0.0,0.0,,0.0,normalDay
2021-03-19,10498.0,484.0,0.0,0,389.48,0.0,1,7.34,2.5,SPY210409P00375000,375.0,0,0.0,0.0,,0.0,normalDay
2021-03-22,10498.0,598.0,0.0,0,392.59,0.0,1,7.34,1.36,SPY210409P00375000,375.0,0,0.0,0.0,,0.0,normalDay
2021-03-23,10498.0,541.0,0.0,0,389.5,0.0,1,7.34,1.93,SPY210409P00375000,375.0,0,0.0,0.0,,0.0,normalDay
2021-03-24,10498.0,514.0,0.0,0,387.52,0.0,1,7.34,2.2,SPY210409P00375000,375.0,0,0.0,0.0,,0.0,normalDay
2021-03-25,10498.0,583.0,0.0,0,389.7,0.0,1,7.34,1.51,SPY210409P00375000,375.0,0,0.0,0.0,,0.0,normalDay
2021-03-26,10498.0,651.0,0.0,0,395.98,0.0,1,7.34,0.83,SPY210409P00375000,375.0,0,0.0,0.0,,0.0,normalDay
2021-03-29,10498.0,651.0,0.0,0,395.78,0.0,1,7.34,0.83,SPY210409P00375000,375.0,0,0.0,0.0,,0.0,normalDay
2021-03-30,10498.0,669.0,0.0,0,394.73,0.0,1,7.34,0.65,SPY210409P00375000,375.0,0,0.0,0.0,,0.0,normalDay
2021-03-31,10498.0,700.0,0.0,0,396.33,0.0,1,7.34,0.34,SPY210409P00375000,375.0,0,0.0,0.0,,0.0,normalDay
2021-04-01,10498.0,726.0,0.0,0,400.61,0.0,1,7.34,0.08,SPY210409P00375000,375.0,0,0.0,0.0,,0.0,normalDay
2021-04-05,10498.0,729.0,0.0,0,406.36,0.0,1,7.34,0.05,SPY210409P00375000,375.0,0,0.0,0.0,,0.0,normalDay
2021-04-06,10498.0,730.0,0.0,0,406.12,0.0,1,7.34,0.04,SPY210409P00375000,375.0,0,0.0,0.0,,0.0,normalDay
2021-04-07,10498.0,732.0,0.0,0,406.59,0.0,1,7.34,0.02,SPY210409P00375000,375.0,0,0.0,0.0,,0.0,normalDay
2021-04-08,10498.0,733.0,0.0,0,408.52,0.0,1,7.34,0.01,SPY210409P00375000,375.0,0,0.0,0.0,,0.0,normalDay
2021-04-09,11232.0,0.0,734.0,0,411.49,0.0,1,7.34,0.0,SPY210409P00375000,375.0,0,0.0,0.0,,0.0,expirationDay
2021-04-12,11232.0,-4.0,0.0,0,411.64,0.0,1,1.14,1.18,SPY210514P00377500,377.5,0,0.0,0.0,,0.0,normalDay
2021-04-13,11232.0,14.0,0.0,0,412.86,0.0,1,1.14,1.0,SPY210514P00377500,377.5,0,0.0,0.0,,0.0,normalDay
2021-04-14,11232.0,6.0,0.0,0,411.45,0.0,1,1.14,1.08,SPY210514P00377500,377.5,0,0.0,0.0,,0.0,normalDay
2021-04-15,11232.0,32.0,0.0,0,415.87,0.0,1,1.14,0.82,SPY210514P00377500,377.5,0,0.0,0.0,,0.0,normalDay
2021-04-16,11232.0,41.0,0.0,0,417.26,0.0,1,1.14,0.73,SPY210514P00377500,377.5,0,0.0,0.0,,0.0,normalDay
2021-04-19,11232.0,37.0,0.0,0,415.21,0.0,1,1.14,0.77,SPY210514P00377500,377.5,0,0.0,0.0,,0.0,normalDay
2021-04-20,11232.0,12.0,0.0,0,412.17,0.0,1,1.14,1.02,SPY210514P00377500,377.5,0,0.0,0.0,,0.0,normalDay
2021-04-21,11232.0,51.0,0.0,0,416.07,0.0,1,1.14,0.63,SPY210514P00377500,377.5,0,0.0,0.0,,0.0,normalDay
2021-04-22,11232.0,26.0,0.0,0,412.27,0.0,1,1.14,0.88,SPY210514P00377500,377.5,0,0.0,0.0,,0.0,normalDay
2021-04-23,11232.0,66.0,0.0,0,416.74,0.0,1,1.14,0.48,SPY210514P00377500,377.5,0,0.0,0.0,,0.0,normalDay
2021-04-26,11232.0,78.0,0.0,0,417.61,0.0,1,1.14,0.36,SPY210514P00377500,377.5,0,0.0,0.0,,0.0,normalDay
2021-04-27,11232.0,82.0,0.0,0,417.52,0.0,1,1.14,0.32,SPY210514P00377500,377.5,0,0.0,0.0,,0.0,normalDay
2021-04-28,11232.0,90.0,0.0,0,417.4,0.0,1,1.14,0.24,SPY210514P00377500,377.5,0,0.0,0.0,,0.0,normalDay
2021-04-29,11232.0,92.0,0.0,0,420.06,0.0,1,1.14,0.22,SPY210514P00377500,377.5,0,0.0,0.0,,0.0,normalDay
2021-04-30,11232.0,86.0,0.0,0,417.3,0.0,1,1.14,0.28,SPY210514P00377500,377.5,0,0.0,0.0,,0.0,normalDay
2021-05-03,11232.0,93.0,0.0,0,418.2,0.0,1,1.14,0.21,SPY210514P00377500,377.5,0,0.0,0.0,,0.0,normalDay
2021-05-04,11232.0,92.0,0.0,0,415.62,0.0,1,1.14,0.22,SPY210514P00377500,377.5,0,0.0,0.0,,0.0,normalDay
2021-05-05,11232.0,94.0,0.0,0,415.75,0.0,1,1.14,0.2,SPY210514P00377500,377.5,0,0.0,0.0,,0.0,normalDay
2021-05-06,11232.0,101.0,0.0,0,419.07,0.0,1,1.14,0.13,SPY210514P00377500,377.5,0,0.0,0.0,,0.0,normalDay
2021-05-07,11232.0,104.0,0.0,0,422.12,0.0,1,1.14,0.1,SPY210514P00377500,377.5,0,0.0,0.0,,0.0,normalDay
2021-05-10,11232.0,103.0,0.0,0,417.94,0.0,1,1.14,0.11,SPY210514P00377500,377.5,0,0.0,0.0,,0.0,normalDay
2021-05-11,11232.0,104.0,0.0,0,414.21,0.0,1,1.14,0.1,SPY210514P00377500,377.5,0,0.0,0.0,,0.0,normalDay
2021-05-12,11232.0,87.0,0.0,0,405.41,0.0,1,1.14,0.27,SPY210514P00377500,377.5,0,0.0,0.0,,0.0,normalDay
2021-05-13,11232.0,112.0,0.0,0,410.28,0.0,1,1.14,0.02,SPY210514P00377500,377.5,0,0.0,0.0,,0.0,normalDay
2021-05-14,11346.0,0.0,114.0,0,416.58,0.0,1,1.14,0.0,SPY210514P00377500,377.5,0,0.0,0.0,,0.0,expirationDay
2021-05-17,11346.0,-4.0,0.0,0,415.52,0.0,1,5.34,5.38,SPY210618P00406000,406.0,0,0.0,0.0,,0.0,normalDay
2021-05-18,11346.0,-145.0,0.0,0,411.94,0.0,1,5.34,6.79,SPY210618P00406000,406.0,0,0.0,0.0,,0.0,normalDay
2021-05-19,11346.0,-179.0,0.0,0,410.86,0.0,1,5.34,7.13,SPY210618P00406000,406.0,0,0.0,0.0,,0.0,normalDay
2021-05-20,11346.0,6.0,0.0,0,415.28,0.0,1,5.34,5.28,SPY210618P00406000,406.0,0,0.0,0.0,,0.0,normalDay
2021-05-21,11346.0,42.0,0.0,0,414.94,0.0,1,5.34,4.92,SPY210618P00406000,406.0,0,0.0,0.0,,0.0,normalDay
2021-05-24,11346.0,218.0,0.0,0,419.17,0.0,1,5.34,3.16,SPY210618P00406000,406.0,0,0.0,0.0,,0.0,normalDay
2021-05-25,11346.0,200.0,0.0,0,418.24,0.0,1,5.34,3.34,SPY210618P00406000,406.0,0,0.0,0.0,,0.0,normalDay
2021-05-26,11346.0,266.0,0.0,0,419.07,0.0,1,5.34,2.68,SPY210618P00406000,406.0,0,0.0,0.0,,0.0,normalDay
2021-05-27,11346.0,310.0,0.0,0,419.29,0.0,1,5.34,2.24,SPY210618P00406000,406.0,0,0.0,0.0,,0.0,normalDay
2021-05-28,11346.0,331.0,0.0,0,420.04,0.0,1,5.34,2.03,SPY210618P00406000,406.0,0,0.0,0.0,,0.0,normalDay
2021-06-01,11346.0,333.0,0.0,0,419.67,0.0,1,5.34,2.01,SPY210618P00406000,406.0,0,0.0,0.0,,0.0,normalDay
2021-06-02,11346.0,372.0,0.0,0,420.33,0.0,1,5.34,1.62,SPY210618P00406000,406.0,0,0.0,0.0,,0.0,normalDay
2021-06-03,11346.0,348.0,0.0,0,418.77,0.0,1,5.34,1.86,SPY210618P00406000,406.0,0,0.0,0.0,,0.0,normalDay
2021-06-04,11346.0,433.0,0.0,0,422.6,0.0,1,5.34,1.01,SPY210618P00406000,406.0,0,0.0,0.0,,0.0,normalDay
2021-06-07,11346.0,462.0,0.0,0,422.19,0.0,1,5.34,0.72,SPY210618P00406000,406.0,0,0.0,0.0,,0.0,normalDay
2021-06-08,11346.0,451.0,0.0,0,422.28,0.0,1,5.34,0.83,SPY210618P00406000,406.0,0,0.0,0.0,,0.0,normalDay
2021-06-09,11346.0,438.0,0.0,0,421.65,0.0,1,5.34,0.96,SPY210618P00406000,406.0,0,0.0,0.0,,0.0,normalDay
2021-06-10,11346.0,490.0,0.0,0,423.61,0.0,1,5.34,0.44,SPY210618P00406000,406.0,0,0.0,0.0,,0.0,normalDay
2021-06-11,11346.0,501.0,0.0,0,424.31,0.0,1,5.34,0.33,SPY210618P00406000,406.0,0,0.0,0.0,,0.0,normalDay
2021-06-14,11346.0,514.0,0.0,0,425.26,0.0,1,5.34,0.2,SPY210618P00406000,406.0,0,0.0,0.0,,0.0,normalDay
2021-06-15,11346.0,510.0,0.0,0,424.48,0.0,1,5.34,0.24,SPY210618P00406000,406.0,0,0.0,0.0,,0.0,normalDay
2021-06-16,11346.0,501.0,0.0,0,422.11,0.0,1,5.34,0.33,SPY210618P00406000,406.0,0,0.0,0.0,,0.0,normalDay
2021-06-17,11346.0,521.0,0.0,0,421.97,0.0,1,5.34,0.13,SPY210618P00406000,406.0,0,0.0,0.0,,0.0,normalDay
2021-06-18,11880.0,0.0,534.0,0,414.92,0.0,1,5.34,0.0,SPY210618P00406000,406.0,0,0.0,0.0,,0.0,expirationDay
2021-06-21,11880.0,-4.0,0.0,0,420.86,0.0,1,4.5,4.54,SPY210723P00414000,414.0,0,0.0,0.0,,0.0,normalDay
2021-06-22,11880.0,83.0,0.0,0,423.11,0.0,1,4.5,3.67,SPY210723P00414000,414.0,0,0.0,0.0,,0.0,normalDay
2021-06-23,11880.0,98.0,0.0,0,422.6,0.0,1,4.5,3.52,SPY210723P00414000,414.0,0,0.0,0.0,,0.0,normalDay
2021-06-24,11880.0,163.0,0.0,0,425.1,0.0,1,4.5,2.87,SPY210723P00414000,414.0,0,0.0,0.0,,0.0,normalDay
2021-06-25,11880.0,218.0,0.0,0,426.61,0.0,1,4.5,2.32,SPY210723P00414000,414.0,0,0.0,0.0,,0.0,normalDay
2021-06-28,11880.0,246.0,0.0,0,427.47,0.0,1,4.5,2.04,SPY210723P00414000,414.0,0,0.0,0.0,,0.0,normalDay
2021-06-29,11880.0,256.0,0.0,0,427.7,0.0,1,4.5,1.94,SPY210723P00414000,414.0,0,0.0,0.0,,0.0,normalDay
2021-06-30,11880.0,278.0,0.0,0,428.06,0.0,1,4.5,1.72,SPY210723P00414000,414.0,0,0.0,0.0,,0.0,normalDay
2021-07-01,11880.0,303.0,0.0,0,430.43,0.0,1,4.5,1.47,SPY210723P00414000,414.0,0,0.0,0.0,,0.0,normalDay
2021-07-02,11880.0,344.0,0.0,0,433.72,0.0,1,4.5,1.06,SPY210723P00414000,414.0,0,0.0,0.0,,0.0,normalDay
2021-07-06,11880.0,341.0,0.0,0,432.93,0.0,1,4.5,1.09,SPY210723P00414000,414.0,0,0.0,0.0,,0.0,normalDay
2021-07-07,11880.0,364.0,0.0,0,434.46,0.0,1,4.5,0.86,SPY210723P00414000,414.0,0,0.0,0.0,,0.0,normalDay
2021-07-08,11880.0,289.0,0.0,0,430.92,0.0,1,4.5,1.61,SPY210723P00414000,414.0,0,0.0,0.0,,0.0,normalDay
2021-07-09,11880.0,384.0,0.0,0,435.52,0.0,1,4.5,0.66,SPY210723P00414000,414.0,0,0.0,0.0,,0.0,normalDay
2021-07-12,11880.0,408.0,0.0,0,437.08,0.0,1,4.5,0.42,SPY210723P00414000,414.0,0,0.0,0.0,,0.0,normalDay
2021-07-13,11880.0,399.0,0.0,0,435.59,0.0,1,4.5,0.51,SPY210723P00414000,414.0,0,0.0,0.0,,0.0,normalDay
2021-07-14,11880.0,421.0,0.0,0,436.24,0.0,1,4.5,0.29,SPY210723P00414000,414.0,0,0.0,0.0,,0.0,normalDay
2021-07-15,11880.0,417.0,0.0,0,434.75,0.0,1,4.5,0.33,SPY210723P00414000,414.0,0,0.0,0.0,,0.0,normalDay
2021-07-16,11880.0,409.0,0.0,0,431.34,0.0,1,4.5,0.41,SPY210723P00414000,414.0,0,0.0,0.0,,0.0,normalDay
2021-07-19,11880.0,352.0,0.0,0,424.97,0.0,1,4.5,0.98,SPY210723P00414000,414.0,0,0.0,0.0,,0.0,normalDay
2021-07-20,11880.0,433.0,0.0,0,431.06,0.0,1,4.5,0.17,SPY210723P00414000,414.0,0,0.0,0.0,,0.0,normalDay
2021-07-21,11880.0,447.0,0.0,0,434.55,0.0,1,4.5,0.03,SPY210723P00414000,414.0,0,0.0,0.0,,0.0,normalDay
2021-07-22,11880.0,448.0,0.0,0,435.46,0.0,1,4.5,0.02,SPY210723P00414000,414.0,0,0.0,0.0,,0.0,normalDay
2021-07-23,12330.0,0.0,450.0,0,439.94,0.0,1,4.5,0.0,SPY210723P00414000,414.0,0,0.0,0.0,,0.0,expirationDay
2021-07-26,12330.0,-4.0,0.0,0,441.02,0.0,1,2.94,2.98,SPY210827P00422000,422.0,0,0.0,0.0,,0.0,normalDay
2021-07-27,12330.0,-79.0,0.0,0,439.01,0.0,1,2.94,3.73,SPY210827P00422000,422.0,0,0.0,0.0,,0.0,normalDay
2021-07-28,12330.0,-36.0,0.0,0,438.83,0.0,1,2.94,3.3,SPY210827P00422000,422.0,0,0.0,0.0,,0.0,normalDay
2021-07-29,12330.0,27.0,0.0,0,440.65,0.0,1,2.94,2.67,SPY210827P00422000,422.0,0,0.0,0.0,,0.0,normalDay
2021-07-30,12330.0,3.0,0.0,0,438.51,0.0,1,2.94,2.91,SPY210827P00422000,422.0,0,0.0,0.0,,0.0,normalDay
2021-08-02,12330.0,-21.0,0.0,0,437.59,0.0,1,2.94,3.15,SPY210827P00422000,422.0,0,0.0,0.0,,0.0,normalDay
2021-08-03,12330.0,76.0,0.0,0,441.15,0.0,1,2.94,2.18,SPY210827P00422000,422.0,0,0.0,0.0,,0.0,normalDay
2021-08-04,12330.0,65.0,0.0,0,438.98,0.0,1,2.94,2.29,SPY210827P00422000,422.0,0,0.0,0.0,,0.0,normalDay
2021-08-05,12330.0,117.0,0.0,0,441.76,0.0,1,2.94,1.77,SPY210827P00422000,422.0,0,0.0,0.0,,0.0,normalDay
2021-08-06,12330.0,160.0,0.0,0,442.49,0.0,1,2.94,1.34,SPY210827P00422000,422.0,0,0.0,0.0,,0.0,normalDay
2021-08-09,12330.0,173.0,0.0,0,442.13,0.0,1,2.94,1.21,SPY210827P00422000,422.0,0,0.0,0.0,,0.0,normalDay
2021-08-10,12330.0,176.0,0.0,0,442.68,0.0,1,2.94,1.18,SPY210827P00422000,422.0,0,0.0,0.0,,0.0,normalDay
2021-08-11,12330.0,209.0,0.0,0,443.78,0.0,1,2.94,0.85,SPY210827P00422000,422.0,0,0.0,0.0,,0.0,normalDay
2021-08-12,12330.0,231.0,0.0,0,445.11,0.0,1,2.94,0.63,SPY210827P00422000,422.0,0,0.0,0.0,,0.0,normalDay
2021-08-13,12330.0,245.0,0.0,0,445.92,0.0,1,2.94,0.49,SPY210827P00422000,422.0,0,0.0,0.0,,0.0,normalDay
2021-08-16,12330.0,255.0,0.0,0,446.97,0.0,1,2.94,0.39,SPY210827P00422000,422.0,0,0.0,0.0,,0.0,normalDay
2021-08-17,12330.0,224.0,0.0,0,444.04,0.0,1,2.94,0.7,SPY210827P00422000,422.0,0,0.0,0.0,,0.0,normalDay
2021-08-18,12330.0,145.0,0.0,0,439.18,0.0,1,2.94,1.49,SPY210827P00422000,422.0,0,0.0,0.0,,0.0,normalDay
2021-08-19,12330.0,176.0,0.0,0,439.86,0.0,1,2.94,1.18,SPY210827P00422000,422.0,0,0.0,0.0,,0.0,normalDay
2021-08-20,12330.0,268.0,0.0,0,443.36,0.0,1,2.94,0.26,SPY210827P00422000,422.0,0,0.0,0.0,,0.0,normalDay
2021-08-23,12330.0,285.0,0.0,0,447.26,0.0,1,2.94,0.09,SPY210827P00422000,422.0,0,0.0,0.0,,0.0,normalDay
2021-08-24,12330.0,288.0,0.0,0,447.97,0.0,1,2.94,0.06,SPY210827P00422000,422.0,0,0.0,0.0,,0.0,normalDay
2021-08-25,12330.0,290.0,0.0,0,448.91,0.0,1,2.94,0.04,SPY210827P00422000,422.0,0,0.0,0.0,,0.0,normalDay
2021-08-26,12330.0,289.0,0.0,0,446.26,0.0,1,2.94,0.05,SPY210827P00422000,422.0,0,0.0,0.0,,0.0,normalDay
2021-08-27,12624.0,0.0,294.0,0,450.25,0.0,1,2.94,0.0,SPY210827P00422000,422.0,0,0.0,0.0,,0.0,expirationDay
2021-08-30,12624.0,-4.0,0.0,0,452.23,0.0,1,2.93,2.97,SPY211001P00435000,435.0,0,0.0,0.0,,0.0,normalDay
2021-08-31,12624.0,-3.0,0.0,0,451.56,0.0,1,2.93,2.96,SPY211001P00435000,435.0,0,0.0,0.0,,0.0,normalDay
2021-09-01,12624.0,20.0,0.0,0,451.8,0.0,1,2.93,2.73,SPY211001P00435000,435.0,0,0.0,0.0,,0.0,normalDay
2021-09-02,12624.0,39.0,0.0,0,453.19,0.0,1,2.93,2.54,SPY211001P00435000,435.0,0,0.0,0.0,,0.0,normalDay
2021-09-03,12624.0,47.0,0.0,0,453.08,0.0,1,2.93,2.46,SPY211001P00435000,435.0,0,0.0,0.0,,0.0,normalDay
2021-09-07,12624.0,23.0,0.0,0,451.46,0.0,1,2.93,2.7,SPY211001P00435000,435.0,0,0.0,0.0,,0.0,normalDay
2021-09-08,12624.0,28.0,0.0,0,450.91,0.0,1,2.93,2.65,SPY211001P00435000,435.0,0,0.0,0.0,,0.0,normalDay
2021-09-09,12624.0,-25.0,0.0,0,448.98,0.0,1,2.93,3.18,SPY211001P00435000,435.0,0,0.0,0.0,,0.0,normalDay
2021-09-10,12624.0,-126.0,0.0,0,445.44,0.0,1,2.93,4.19,SPY211001P00435000,435.0,0,0.0,0.0,,0.0,normalDay
2021-09-13,12624.0,-25.0,0.0,0,446.58,0.0,1,2.93,3.18,SPY211001P00435000,435.0,0,0.0,0.0,,0.0,normalDay
2021-09-14,12624.0,-69.0,0.0,0,444.17,0.0,1,2.93,3.62,SPY211001P00435000,435.0,0,0.0,0.0,,0.0,normalDay
2021-09-15,12624.0,69.0,0.0,0,447.88,0.0,1,2.93,2.24,SPY211001P00435000,435.0,0,0.0,0.0,,0.0,normalDay
2021-09-16,12624.0,60.0,0.0,0,447.17,0.0,1,2.93,2.33,SPY211001P00435000,435.0,0,0.0,0.0,,0.0,normalDay
2021-09-17,12624.0,-66.0,0.0,0,441.4,0.0,1,2.93,3.59,SPY211001P00435000,435.0,0,0.0,0.0,,0.0,normalDay
2021-09-20,12624.0,-397.0,0.0,0,434.04,0.0,1,2.93,6.9,SPY211001P00435000,435.0,0,0.0,0.0,,0.0,normalDay
2021-09-21,12624.0,-365.0,0.0,0,433.63,0.0,1,2.93,6.58,SPY211001P00435000,435.0,0,0.0,0.0,,0.0,normalDay
2021-09-22,12624.0,-57.0,0.0,0,437.86,0.0,1,2.93,3.5,SPY211001P00435000,435.0,0,0.0,0.0,,0.0,normalDay
2021-09-23,12624.0,140.0,0.0,0,443.18,0.0,1,2.93,1.53,SPY211001P00435000,435.0,0,0.0,0.0,,0.0,normalDay
2021-09-24,12624.0,193.0,0.0,0,443.91,0.0,1,2.93,1.0,SPY211001P00435000,435.0,0,0.0,0.0,,0.0,normalDay
2021-09-27,12624.0,214.0,0.0,0,442.64,0.0,1,2.93,0.79,SPY211001P00435000,435.0,0,0.0,0.0,,0.0,normalDay
2021-09-28,12624.0,-106.0,0.0,0,433.72,0.0,1,2.93,3.99,SPY211001P00435000,435.0,0,0.0,0.0,,0.0,normalDay
2021-09-29,12624.0,14.0,0.0,0,434.45,0.0,1,2.93,2.79,SPY211001P00435000,435.0,0,0.0,0.0,,0.0,normalDay
2021-09-30,12624.0,-258.0,0.0,0,429.14,0.0,1,2.93,5.51,SPY211001P00435000,435.0,0,0.0,0.0,,0.0,normalDay
2021-10-01,12917.0,-76.0,293.0,100,434.24,435.0,1,2.93,0.0,SPY211001P00435000,435.0,0,0.0,0.0,,0.0,expirationDay
2021-10-04,12917.0,-643.0,0.0,100,428.64,435.0,0,0.0,0.0,,0.0,1,2.43,2.5,SPY220218C00473000,473.0,normalDay
2021-10-05,12917.0,-234.0,0.0,100,433.1,435.0,0,0.0,0.0,,0.0,1,2.43,2.87,SPY220218C00473000,473.0,normalDay
2021-10-06,12917.0,-82.0,0.0,100,434.9,435.0,0,0.0,0.0,,0.0,1,2.43,3.15,SPY220218C00473000,473.0,normalDay
2021-10-07,12917.0,238.0,0.0,100,438.66,435.0,0,0.0,0.0,,0.0,1,2.43,3.71,SPY220218C00473000,473.0,normalDay
2021-10-08,12917.0,205.0,0.0,100,437.86,435.0,0,0.0,0.0,,0.0,1,2.43,3.24,SPY220218C00473000,473.0,normalDay
2021-10-11,12917.0,-51.0,0.0,100,434.69,435.0,0,0.0,0.0,,0.0,1,2.43,2.63,SPY220218C00473000,473.0,normalDay
2021-10-12,12917.0,-119.0,0.0,100,433.62,435.0,0,0.0,0.0,,0.0,1,2.43,2.24,SPY220218C00473000,473.0,normalDay
2021-10-13,12917.0,18.0,0.0,100,435.18,435.0,0,0.0,0.0,,0.0,1,2.43,2.43,SPY220218C00473000,473.0,normalDay
2021-10-14,12917.0,638.0,0.0,100,442.5,435.0,0,0.0,0.0,,0.0,1,2.43,3.55,SPY220218C00473000,473.0,normalDay
2021-10-15,12917.0,907.0,0.0,100,445.87,435.0,0,0.0,0.0,,0.0,1,2.43,4.23,SPY220218C00473000,473.0,normalDay
2021-10-18,12917.0,1009.0,0.0,100,447.19,435.0,0,0.0,0.0,,0.0,1,2.43,4.53,SPY220218C00473000,473.0,normalDay
2021-10-19,12917.0,1269.0,0.0,100,450.64,435.0,0,0.0,0.0,,0.0,1,2.43,5.38,SPY220218C00473000,473.0,normalDay
2021-10-20,12917.0,1423.0,0.0,100,452.41,435.0,0,0.0,0.0,,0.0,1,2.43,5.61,SPY220218C00473000,473.0,normalDay
2021-10-21,12917.0,1511.0,0.0,100,453.59,435.0,0,0.0,0.0,,0.0,1,2.43,5.91,SPY220218C00473000,473.0,normalDay
2021-10-22,12917.0,1476.0,0.0,100,453.12,435.0,0,0.0,0.0,,0.0,1,2.43,5.79,SPY220218C00473000,473.0,normalDay
2021-10-25,12917.0,1679.0,0.0,100,455.55,435.0,0,0.0,0.0,,0.0,1,2.43,6.19,SPY220218C00473000,473.0,normalDay
2021-10-26,12917.0,1669.0,0.0,100,455.96,435.0,0,0.0,0.0,,0.0,1,2.43,6.7,SPY220218C00473000,473.0,normalDay
2021-10-27,12917.0,1499.0,0.0,100,453.94,435.0,0,0.0,0.0,,0.0,1,2.43,6.38,SPY220218C00473000,473.0,normalDay
2021-10-28,12917.0,1819.0,0.0,100,458.32,435.0,0,0.0,0.0,,0.0,1,2.43,7.56,SPY220218C00473000,473.0,normalDay
2021-10-29,12917.0,1865.0,0.0,100,459.25,435.0,0,0.0,0.0,,0.0,1,2.43,8.03,SPY220218C00473000,473.0,normalDay
2021-11-01,12917.0,1931.0,0.0,100,460.04,435.0,0,0.0,0.0,,0.0,1,2.43,8.16,SPY220218C00473000,473.0,normalDay
2021-11-02,12917.0,2065.0,0.0,100,461.9,435.0,0,0.0,0.0,,0.0,1,2.43,8.68,SPY220218C00473000,473.0,normalDay
2021-11-03,12917.0,2238.0,0.0,100,464.72,435.0,0,0.0,0.0,,0.0,1,2.43,9.77,SPY220218C00473000,473.0,normalDay
2021-11-04,12917.0,2346.0,0.0,100,466.91,435.0,0,0.0,0.0,,0.0,1,2.43,10.88,SPY220218C00473000,473.0,normalDay
2021-11-05,12917.0,2380.0,0.0,100,468.53,435.0,0,0.0,0.0,,0.0,1,2.43,12.16,SPY220218C00473000,473.0,normalDay
2021-11-08,12917.0,2404.0,0.0,100,468.93,435.0,0,0.0,0.0,,0.0,1,2.43,12.32,SPY220218C00473000,473.0,normalDay
2021-11-09,12917.0,2327.0,0.0,100,467.38,435.0,0,0.0,0.0,,0.0,1,2.43,11.54,SPY220218C00473000,473.0,normalDay
2021-11-10,12917.0,2112.0,0.0,100,463.62,435.0,0,0.0,0.0,,0.0,1,2.43,9.93,SPY220218C00473000,473.0,normalDay
2021-11-11,12917.0,2147.0,0.0,100,463.77,435.0,0,0.0,0.0,,0.0,1,2.43,9.73,SPY220218C00473000,473.0,normalDay
2021-11-12,12917.0,2355.0,0.0,100,467.27,435.0,0,0.0,0.0,,0.0,1,2.43,11.15,SPY220218C00473000,473.0,normalDay
2021-11-15,12917.0,2403.0,0.0,100,467.43,435.0,0,0.0,0.0,,0.0,1,2.43,10.83,SPY220218C00473000,473.0,normalDay
2021-11-16,12917.0,2486.0,0.0,100,469.28,435.0,0,0.0,0.0,,0.0,1,2.43,11.85,SPY220218C00473000,473.0,normalDay
2021-11-17,12917.0,2417.0,0.0,100,468.14,435.0,0,0.0,0.0,,0.0,1,2.43,11.4,SPY220218C00473000,473.0,normalDay
2021-11-18,12917.0,2474.0,0.0,100,469.73,435.0,0,0.0,0.0,,0.0,1,2.43,12.42,SPY220218C00473000,473.0,normalDay
2021-11-19,12917.0,2437.0,0.0,100,468.89,435.0,0,0.0,0.0,,0.0,1,2.43,11.95,SPY220218C00473000,473.0,normalDay
2021-11-22,12917.0,2361.0,0.0,100,467.57,435.0,0,0.0,0.0,,0.0,1,2.43,11.39,SPY220218C00473000,473.0,normalDay
2021-11-23,12917.0,2425.0,0.0,100,468.19,435.0,0,0.0,0.0,,0.0,1,2.43,11.37,SPY220218C00473000,473.0,normalDay
2021-11-24,12917.0,2493.0,0.0,100,469.44,435.0,0,0.0,0.0,,0.0,1,2.43,11.94,SPY220218C00473000,473.0,normalDay
2021-11-26,12917.0,1600.0,0.0,100,458.97,435.0,0,0.0,0.0,,0.0,1,2.43,10.4,SPY220218C00473000,473.0,normalDay
2021-11-29,12917.0,2179.0,0.0,100,464.6,435.0,0,0.0,0.0,,0.0,1,2.43,10.24,SPY220218C00473000,473.0,normalDay
2021-11-30,12917.0,1477.0,0.0,100,455.56,435.0,0,0.0,0.0,,0.0,1,2.43,8.22,SPY220218C00473000,473.0,normalDay
2021-12-01,12917.0,1111.0,0.0,100,450.5,435.0,0,0.0,0.0,,0.0,1,2.43,6.82,SPY220218C00473000,473.0,normalDay
2021-12-02,12917.0,1647.0,0.0,100,457.4,435.0,0,0.0,0.0,,0.0,1,2.43,8.36,SPY220218C00473000,473.0,normalDay
2021-12-03,12917.0,1330.0,0.0,100,453.42,435.0,0,0.0,0.0,,0.0,1,2.43,7.55,SPY220218C00473000,473.0,normalDay
2021-12-06,12917.0,1782.0,0.0,100,458.79,435.0,0,0.0,0.0,,0.0,1,2.43,8.4,SPY220218C00473000,473.0,normalDay
2021-12-07,12917.0,2427.0,0.0,100,468.28,435.0,0,0.0,0.0,,0.0,1,2.43,11.44,SPY220218C00473000,473.0,normalDay
2021-12-08,12917.0,2573.0,0.0,100,469.52,435.0,0,0.0,0.0,,0.0,1,2.43,11.22,SPY220218C00473000,473.0,normalDay
2021-12-09,12917.0,2398.0,0.0,100,466.35,435.0,0,0.0,0.0,,0.0,1,2.43,9.8,SPY220218C00473000,473.0,normalDay
2021-12-10,12917.0,2702.0,0.0,100,470.74,435.0,0,0.0,0.0,,0.0,1,2.43,11.15,SPY220218C00473000,473.0,normalDay
2021-12-13,12917.0,2465.0,0.0,100,466.57,435.0,0,0.0,0.0,,0.0,1,2.43,9.35,SPY220218C00473000,473.0,normalDay
2021-12-14,12917.0,2254.0,0.0,100,463.36,435.0,0,0.0,0.0,,0.0,1,2.43,8.25,SPY220218C00473000,473.0,normalDay
2021-12-15,12917.0,2705.0,0.0,100,470.6,435.0,0,0.0,0.0,,0.0,1,2.43,10.98,SPY220218C00473000,473.0,normalDay
2021-12-16,12917.0,2463.0,0.0,100,466.45,435.0,0,0.0,0.0,,0.0,1,2.43,9.25,SPY220218C00473000,473.0,normalDay
2021-12-17,12917.0,1992.0,0.0,100,459.87,435.0,0,0.0,0.0,,0.0,1,2.43,7.38,SPY220218C00473000,473.0,normalDay
2021-12-20,12917.0,1695.0,0.0,100,454.98,435.0,0,0.0,0.0,,0.0,1,2.43,5.46,SPY220218C00473000,473.0,normalDay
2021-12-21,12917.0,2261.0,0.0,100,463.06,435.0,0,0.0,0.0,,0.0,1,2.43,7.88,SPY220218C00473000,473.0,normalDay
2021-12-22,12917.0,2593.0,0.0,100,467.69,435.0,0,0.0,0.0,,0.0,1,2.43,9.19,SPY220218C00473000,473.0,normalDay
2021-12-23,12917.0,2753.0,0.0,100,470.6,435.0,0,0.0,0.0,,0.0,1,2.43,10.5,SPY220218C00473000,473.0,normalDay
2021-12-27,12917.0,3078.0,0.0,100,477.26,435.0,0,0.0,0.0,,0.0,1,2.43,13.91,SPY220218C00473000,473.0,normalDay
2021-12-28,12917.0,3073.0,0.0,100,476.87,435.0,0,0.0,0.0,,0.0,1,2.43,13.57,SPY220218C00473000,473.0,normalDay
2021-12-29,12917.0,3154.0,0.0,100,477.48,435.0,0,0.0,0.0,,0.0,1,2.43,13.37,SPY220218C00473000,473.0,normalDay
2021-12-30,12917.0,3141.0,0.0,100,476.16,435.0,0,0.0,0.0,,0.0,1,2.43,12.18,SPY220218C00473000,473.0,normalDay
2021-12-31,12917.0,3100.0,0.0,100,474.96,435.0,0,0.0,0.0,,0.0,1,2.43,11.39,SPY220218C00473000,473.0,normalDay
2022-01-03,12917.0,3259.0,0.0,100,477.71,435.0,0,0.0,0.0,,0.0,1,2.43,12.55,SPY220218C00473000,473.0,normalDay
2022-01-04,12917.0,3263.0,0.0,100,477.55,435.0,0,0.0,0.0,,0.0,1,2.43,12.35,SPY220218C00473000,473.0,normalDay
2022-01-05,12917.0,2781.0,0.0,100,468.38,435.0,0,0.0,0.0,,0.0,1,2.43,8.0,SPY220218C00473000,473.0,normalDay
2022-01-06,12917.0,2778.0,0.0,100,467.94,435.0,0,0.0,0.0,,0.0,1,2.43,7.59,SPY220218C00473000,473.0,normalDay
2022-01-07,12917.0,2726.0,0.0,100,466.09,435.0,0,0.0,0.0,,0.0,1,2.43,6.26,SPY220218C00473000,473.0,normalDay
2022-01-10,12917.0,2753.0,0.0,100,465.51,435.0,0,0.0,0.0,,0.0,1,2.43,5.41,SPY220218C00473000,473.0,normalDay
2022-01-11,12917.0,2997.0,0.0,100,469.75,435.0,0,0.0,0.0,,0.0,1,2.43,7.21,SPY220218C00473000,473.0,normalDay
2022-01-12,12917.0,3064.0,0.0,100,471.02,435.0,0,0.0,0.0,,0.0,1,2.43,7.81,SPY220218C00473000,473.0,normalDay
2022-01-13,12917.0,2679.0,0.0,100,464.53,435.0,0,0.0,0.0,,0.0,1,2.43,5.17,SPY220218C00473000,473.0,normalDay
2022-01-14,12917.0,2724.0,0.0,100,464.72,435.0,0,0.0,0.0,,0.0,1,2.43,4.91,SPY220218C00473000,473.0,normalDay
2022-01-18,12917.0,2122.0,0.0,100,456.49,435.0,0,0.0,0.0,,0.0,1,2.43,2.7,SPY220218C00473000,473.0,normalDay
2022-01-19,12917.0,1748.0,0.0,100,451.75,435.0,0,0.0,0.0,,0.0,1,2.43,1.7,SPY220218C00473000,473.0,normalDay
2022-01-20,12917.0,1321.0,0.0,100,446.75,435.0,0,0.0,0.0,,0.0,1,2.43,0.97,SPY220218C00473000,473.0,normalDay
2022-01-21,12917.0,484.0,0.0,100,437.98,435.0,0,0.0,0.0,,0.0,1,2.43,0.57,SPY220218C00473000,473.0,normalDay
2022-01-24,12917.0,656.0,0.0,100,439.84,435.0,0,0.0,0.0,,0.0,1,2.43,0.71,SPY220218C00473000,473.0,normalDay
2022-01-25,12917.0,151.0,0.0,100,434.47,435.0,0,0.0,0.0,,0.0,1,2.43,0.39,SPY220218C00473000,473.0,normalDay
2022-01-26,12917.0,35.0,0.0,100,433.38,435.0,0,0.0,0.0,,0.0,1,2.43,0.46,SPY220218C00473000,473.0,normalDay
2022-01-27,12917.0,-165.0,0.0,100,431.24,435.0,0,0.0,0.0,,0.0,1,2.43,0.32,SPY220218C00473000,473.0,normalDay
2022-01-28,12917.0,875.0,0.0,100,441.95,435.0,0,0.0,0.0,,0.0,1,2.43,0.63,SPY220218C00473000,473.0,normalDay
2022-01-31,12917.0,1657.0,0.0,100,449.91,435.0,0,0.0,0.0,,0.0,1,2.43,0.77,SPY220218C00473000,473.0,normalDay
2022-02-01,12917.0,1970.0,0.0,100,452.95,435.0,0,0.0,0.0,,0.0,1,2.43,0.68,SPY220218C00473000,473.0,normalDay
2022-02-02,12917.0,2408.0,0.0,100,457.35,435.0,0,0.0,0.0,,0.0,1,2.43,0.7,SPY220218C00473000,473.0,normalDay
2022-02-03,12917.0,1357.0,0.0,100,446.6,435.0,0,0.0,0.0,,0.0,1,2.43,0.46,SPY220218C00473000,473.0,normalDay
2022-02-04,12917.0,1593.0,0.0,100,448.7,435.0,0,0.0,0.0,,0.0,1,2.43,0.2,SPY220218C00473000,473.0,normalDay
2022-02-07,12917.0,1457.0,0.0,100,447.26,435.0,0,0.0,0.0,,0.0,1,2.43,0.12,SPY220218C00473000,473.0,normalDay
2022-02-08,12917.0,1824.0,0.0,100,450.94,435.0,0,0.0,0.0,,0.0,1,2.43,0.13,SPY220218C00473000,473.0,normalDay
2022-02-09,12917.0,2458.0,0.0,100,457.54,435.0,0,0.0,0.0,,0.0,1,2.43,0.39,SPY220218C00473000,473.0,normalDay
2022-02-10,12917.0,1663.0,0.0,100,449.32,435.0,0,0.0,0.0,,0.0,1,2.43,0.12,SPY220218C00473000,473.0,normalDay
2022-02-11,12917.0,786.0,0.0,100,440.46,435.0,0,0.0,0.0,,0.0,1,2.43,0.03,SPY220218C00473000,473.0,normalDay
2022-02-14,12917.0,643.0,0.0,100,439.02,435.0,0,0.0,0.0,,0.0,1,2.43,0.02,SPY220218C00473000,473.0,normalDay
2022-02-15,12917.0,1351.0,0.0,100,446.1,435.0,0,0.0,0.0,,0.0,1,2.43,0.02,SPY220218C00473000,473.0,normalDay
2022-02-16,12917.0,1402.0,0.0,100,446.6,435.0,0,0.0,0.0,,0.0,1,2.43,0.01,SPY220218C00473000,473.0,normalDay
2022-02-17,12917.0,448.0,0.0,100,437.06,435.0,0,0.0,0.0,,0.0,1,2.43,0.01,SPY220218C00473000,473.0,normalDay
2022-02-18,13160.0,-77.0,243.0,100,434.23,435.0,0,0.0,0.0,,0.0,1,2.43,0.0,SPY220218C00473000,473.0,expirationDay
2022-02-22,13160.0,-608.0,0.0,100,429.57,435.0,0,0.0,0.0,,0.0,1,2.35,3.0,SPY220630C00481000,481.0,normalDay
2022-02-23,13160.0,-1272.0,0.0,100,421.95,435.0,0,0.0,0.0,,0.0,1,2.35,2.02,SPY220630C00481000,481.0,normalDay
2022-02-24,13160.0,-694.0,0.0,100,428.3,435.0,0,0.0,0.0,,0.0,1,2.35,2.59,SPY220630C00481000,481.0,normalDay
2022-02-25,13160.0,132.0,0.0,100,437.75,435.0,0,0.0,0.0,,0.0,1,2.35,3.78,SPY220630C00481000,481.0,normalDay
2022-02-28,13160.0,8.0,0.0,100,436.63,435.0,0,0.0,0.0,,0.0,1,2.35,3.9,SPY220630C00481000,481.0,normalDay
2022-03-01,13160.0,-611.0,0.0,100,429.98,435.0,0,0.0,0.0,,0.0,1,2.35,3.44,SPY220630C00481000,481.0,normalDay
2022-03-02,13160.0,113.0,0.0,100,437.89,435.0,0,0.0,0.0,,0.0,1,2.35,4.11,SPY220630C00481000,481.0,normalDay
2022-03-03,13160.0,-63.0,0.0,100,435.71,435.0,0,0.0,0.0,,0.0,1,2.35,3.69,SPY220630C00481000,481.0,normalDay
2022-03-04,13160.0,-369.0,0.0,100,432.17,435.0,0,0.0,0.0,,0.0,1,2.35,3.21,SPY220630C00481000,481.0,normalDay
2022-03-07,13160.0,-1535.0,0.0,100,419.43,435.0,0,0.0,0.0,,0.0,1,2.35,2.13,SPY220630C00481000,481.0,normalDay
2022-03-08,13160.0,-1807.0,0.0,100,416.25,435.0,0,0.0,0.0,,0.0,1,2.35,1.67,SPY220630C00481000,481.0,normalDay
2022-03-09,13160.0,-806.0,0.0,100,427.41,435.0,0,0.0,0.0,,0.0,1,2.35,2.82,SPY220630C00481000,481.0,normalDay
2022-03-10,13160.0,-929.0,0.0,100,425.48,435.0,0,0.0,0.0,,0.0,1,2.35,2.12,SPY220630C00481000,481.0,normalDay
2022-03-11,13160.0,-1418.0,0.0,100,420.07,435.0,0,0.0,0.0,,0.0,1,2.35,1.6,SPY220630C00481000,481.0,normalDay
2022-03-14,13160.0,-1708.0,0.0,100,417.0,435.0,0,0.0,0.0,,0.0,1,2.35,1.43,SPY220630C00481000,481.0,normalDay
2022-03-15,13160.0,-847.0,0.0,100,426.17,435.0,0,0.0,0.0,,0.0,1,2.35,1.99,SPY220630C00481000,481.0,normalDay
2022-03-16,13160.0,45.0,0.0,100,435.62,435.0,0,0.0,0.0,,0.0,1,2.35,2.52,SPY220630C00481000,481.0,normalDay
2022-03-17,13160.0,559.0,0.0,100,441.07,435.0,0,0.0,0.0,,0.0,1,2.35,2.83,SPY220630C00481000,481.0,normalDay
2022-03-18,13160.0,856.0,0.0,100,444.52,435.0,0,0.0,0.0,,0.0,1,2.35,3.31,SPY220630C00481000,481.0,normalDay
2022-03-21,13160.0,870.0,0.0,100,444.39,435.0,0,0.0,0.0,,0.0,1,2.35,3.04,SPY220630C00481000,481.0,normalDay
2022-03-22,13160.0,1300.0,0.0,100,449.59,435.0,0,0.0,0.0,,0.0,1,2.35,3.94,SPY220630C00481000,481.0,normalDay
2022-03-23,13160.0,839.0,0.0,100,443.8,435.0,0,0.0,0.0,,0.0,1,2.35,2.76,SPY220630C00481000,481.0,normalDay
2022-03-24,13160.0,1404.0,0.0,100,450.49,435.0,0,0.0,0.0,,0.0,1,2.35,3.8,SPY220630C00481000,481.0,normalDay
2022-03-25,13160.0,1595.0,0.0,100,452.69,435.0,0,0.0,0.0,,0.0,1,2.35,4.09,SPY220630C00481000,481.0,normalDay
2022-03-28,13160.0,1868.0,0.0,100,455.91,435.0,0,0.0,0.0,,0.0,1,2.35,4.58,SPY220630C00481000,481.0,normalDay
2022-03-29,13160.0,2300.0,0.0,100,461.55,435.0,0,0.0,0.0,,0.0,1,2.35,5.9,SPY220630C00481000,481.0,normalDay
2022-03-30,13160.0,2069.0,0.0,100,458.7,435.0,0,0.0,0.0,,0.0,1,2.35,5.36,SPY220630C00481000,481.0,normalDay
2022-03-31,13160.0,1515.0,0.0,100,451.64,435.0,0,0.0,0.0,,0.0,1,2.35,3.84,SPY220630C00481000,481.0,normalDay
2022-04-01,13160.0,1683.0,0.0,100,452.92,435.0,0,0.0,0.0,,0.0,1,2.35,3.44,SPY220630C00481000,481.0,normalDay
2022-04-04,13160.0,2025.0,0.0,100,456.8,435.0,0,0.0,0.0,,0.0,1,2.35,3.9,SPY220630C00481000,481.0,normalDay
2022-04-05,13160.0,1534.0,0.0,100,451.03,435.0,0,0.0,0.0,,0.0,1,2.35,3.04,SPY220630C00481000,481.0,normalDay
2022-04-06,13160.0,1165.0,0.0,100,446.52,435.0,0,0.0,0.0,,0.0,1,2.35,2.22,SPY220630C00481000,481.0,normalDay
2022-04-07,13160.0,1363.0,0.0,100,448.77,435.0,0,0.0,0.0,,0.0,1,2.35,2.49,SPY220630C00481000,481.0,normalDay
2022-04-08,13160.0,1275.0,0.0,100,447.57,435.0,0,0.0,0.0,,0.0,1,2.35,2.17,SPY220630C00481000,481.0,normalDay
2022-04-11,13160.0,590.0,0.0,100,439.92,435.0,0,0.0,0.0,,0.0,1,2.35,1.37,SPY220630C00481000,481.0,normalDay
2022-04-12,13160.0,441.0,0.0,100,438.29,435.0,0,0.0,0.0,,0.0,1,2.35,1.23,SPY220630C00481000,481.0,normalDay
2022-04-13,13160.0,923.0,0.0,100,443.31,435.0,0,0.0,0.0,,0.0,1,2.35,1.43,SPY220630C00481000,481.0,normalDay
2022-04-14,13160.0,412.0,0.0,100,437.79,435.0,0,0.0,0.0,,0.0,1,2.35,1.02,SPY220630C00481000,481.0,normalDay
2022-04-18,13160.0,440.0,0.0,100,437.97,435.0,0,0.0,0.0,,0.0,1,2.35,0.92,SPY220630C00481000,481.0,normalDay
2022-04-19,13160.0,1117.0,0.0,100,445.04,435.0,0,0.0,0.0,,0.0,1,2.35,1.22,SPY220630C00481000,481.0,normalDay
2022-04-20,13160.0,1074.0,0.0,100,444.71,435.0,0,0.0,0.0,,0.0,1,2.35,1.32,SPY220630C00481000,481.0,normalDay
2022-04-21,13160.0,461.0,0.0,100,438.06,435.0,0,0.0,0.0,,0.0,1,2.35,0.8,SPY220630C00481000,481.0,normalDay
2022-04-22,13160.0,-703.0,0.0,100,426.04,435.0,0,0.0,0.0,,0.0,1,2.35,0.42,SPY220630C00481000,481.0,normalDay
2022-04-25,13160.0,-454.0,0.0,100,428.51,435.0,0,0.0,0.0,,0.0,1,2.35,0.4,SPY220630C00481000,481.0,normalDay
2022-04-26,13160.0,-1678.0,0.0,100,416.1,435.0,0,0.0,0.0,,0.0,1,2.35,0.23,SPY220630C00481000,481.0,normalDay
2022-04-27,13160.0,-1562.0,0.0,100,417.27,435.0,0,0.0,0.0,,0.0,1,2.35,0.24,SPY220630C00481000,481.0,normalDay
2022-04-28,13160.0,-525.0,0.0,100,427.81,435.0,0,0.0,0.0,,0.0,1,2.35,0.41,SPY220630C00481000,481.0,normalDay
2022-04-29,13160.0,-2087.0,0.0,100,412.0,435.0,0,0.0,0.0,,0.0,1,2.35,0.22,SPY220630C00481000,481.0,normalDay
2022-05-02,13160.0,-1842.0,0.0,100,414.48,435.0,0,0.0,0.0,,0.0,1,2.35,0.25,SPY220630C00481000,481.0,normalDay
2022-05-03,13160.0,-1645.0,0.0,100,416.38,435.0,0,0.0,0.0,,0.0,1,2.35,0.18,SPY220630C00481000,481.0,normalDay
2022-05-04,13160.0,-389.0,0.0,100,429.06,435.0,0,0.0,0.0,,0.0,1,2.35,0.3,SPY220630C00481000,481.0,normalDay
2022-05-05,13160.0,-1901.0,0.0,100,413.81,435.0,0,0.0,0.0,,0.0,1,2.35,0.17,SPY220630C00481000,481.0,normalDay
2022-05-06,13160.0,-2143.0,0.0,100,411.34,435.0,0,0.0,0.0,,0.0,1,2.35,0.12,SPY220630C00481000,481.0,normalDay
2022-05-09,13160.0,-3459.0,0.0,100,398.17,435.0,0,0.0,0.0,,0.0,1,2.35,0.11,SPY220630C00481000,481.0,normalDay
2022-05-10,13160.0,-3363.0,0.0,100,399.09,435.0,0,0.0,0.0,,0.0,1,2.35,0.07,SPY220630C00481000,481.0,normalDay
2022-05-11,13160.0,-3996.0,0.0,100,392.75,435.0,0,0.0,0.0,,0.0,1,2.35,0.06,SPY220630C00481000,481.0,normalDay
2022-05-12,13160.0,-4037.0,0.0,100,392.34,435.0,0,0.0,0.0,,0.0,1,2.35,0.06,SPY220630C00481000,481.0,normalDay
2022-05-13,13160.0,-3098.0,0.0,100,401.72,435.0,0,0.0,0.0,,0.0,1,2.35,0.05,SPY220630C00481000,481.0,normalDay
2022-05-16,13160.0,-3260.0,0.0,100,400.09,435.0,0,0.0,0.0,,0.0,1,2.35,0.04,SPY220630C00481000,481.0,normalDay
2022-05-17,13160.0,-2437.0,0.0,100,408.32,435.0,0,0.0,0.0,,0.0,1,2.35,0.04,SPY220630C00481000,481.0,normalDay
2022-05-18,13160.0,-4082.0,0.0,100,391.86,435.0,0,0.0,0.0,,0.0,1,2.35,0.03,SPY220630C00481000,481.0,normalDay
2022-05-19,13160.0,-4322.0,0.0,100,389.46,435.0,0,0.0,0.0,,0.0,1,2.35,0.03,SPY220630C00481000,481.0,normalDay
2022-05-20,13160.0,-4305.0,0.0,100,389.63,435.0,0,0.0,0.0,,0.0,1,2.35,0.03,SPY220630C00481000,481.0,normalDay
2022-05-23,13160.0,-3577.0,0.0,100,396.92,435.0,0,0.0,0.0,,0.0,1,2.35,0.04,SPY220630C00481000,481.0,normalDay
2022-05-24,13160.0,-3880.0,0.0,100,393.89,435.0,0,0.0,0.0,,0.0,1,2.35,0.04,SPY220630C00481000,481.0,normalDay
2022-05-25,13160.0,-3532.0,0.0,100,397.37,435.0,0,0.0,0.0,,0.0,1,2.35,0.04,SPY220630C00481000,481.0,normalDay
2022-05-26,13160.0,-2739.0,0.0,100,405.31,435.0,0,0.0,0.0,,0.0,1,2.35,0.05,SPY220630C00481000,481.0,normalDay
2022-05-27,13160.0,-1747.0,0.0,100,415.26,435.0,0,0.0,0.0,,0.0,1,2.35,0.08,SPY220630C00481000,481.0,normalDay
2022-05-31,13160.0,-1977.0,0.0,100,412.93,435.0,0,0.0,0.0,,0.0,1,2.35,0.05,SPY220630C00481000,481.0,normalDay
2022-06-01,13160.0,-2310.0,0.0,100,409.59,435.0,0,0.0,0.0,,0.0,1,2.35,0.04,SPY220630C00481000,481.0,normalDay
2022-06-02,13160.0,-1530.0,0.0,100,417.39,435.0,0,0.0,0.0,,0.0,1,2.35,0.04,SPY220630C00481000,481.0,normalDay
2022-06-03,13160.0,-2214.0,0.0,100,410.54,435.0,0,0.0,0.0,,0.0,1,2.35,0.03,SPY220630C00481000,481.0,normalDay
2022-06-06,13160.0,-2089.0,0.0,100,411.79,435.0,0,0.0,0.0,,0.0,1,2.35,0.03,SPY220630C00481000,481.0,normalDay
2022-06-07,13160.0,-1694.0,0.0,100,415.74,435.0,0,0.0,0.0,,0.0,1,2.35,0.03,SPY220630C00481000,481.0,normalDay
2022-06-08,13160.0,-2146.0,0.0,100,411.22,435.0,0,0.0,0.0,,0.0,1,2.35,0.03,SPY220630C00481000,481.0,normalDay
2022-06-09,13160.0,-3123.0,0.0,100,401.44,435.0,0,0.0,0.0,,0.0,1,2.35,0.02,SPY220630C00481000,481.0,normalDay
2022-06-10,13160.0,-4287.0,0.0,100,389.8,435.0,0,0.0,0.0,,0.0,1,2.35,0.02,SPY220630C00481000,481.0,normalDay
2022-06-13,13160.0,-5767.0,0.0,100,375.0,435.0,0,0.0,0.0,,0.0,1,2.35,0.02,SPY220630C00481000,481.0,normalDay
2022-06-14,13160.0,-5880.0,0.0,100,373.87,435.0,0,0.0,0.0,,0.0,1,2.35,0.02,SPY220630C00481000,481.0,normalDay
2022-06-15,13160.0,-5347.0,0.0,100,379.2,435.0,0,0.0,0.0,,0.0,1,2.35,0.02,SPY220630C00481000,481.0,normalDay
2022-06-16,13160.0,-6601.0,0.0,100,366.65,435.0,0,0.0,0.0,,0.0,1,2.35,0.01,SPY220630C00481000,481.0,normalDay
2022-06-17,13160.0,-6680.0,0.0,100,365.86,435.0,0,0.0,0.0,,0.0,1,2.35,0.01,SPY220630C00481000,481.0,normalDay
2022-06-21,13160.0,-5759.0,0.0,100,375.07,435.0,0,0.0,0.0,,0.0,1,2.35,0.01,SPY220630C00481000,481.0,normalDay
2022-06-22,13160.0,-5827.0,0.0,100,374.39,435.0,0,0.0,0.0,,0.0,1,2.35,0.01,SPY220630C00481000,481.0,normalDay
2022-06-23,13160.0,-5460.0,0.0,100,378.06,435.0,0,0.0,0.0,,0.0,1,2.35,0.01,SPY220630C00481000,481.0,normalDay
2022-06-24,13160.0,-4258.0,0.0,100,390.08,435.0,0,0.0,0.0,,0.0,1,2.35,0.01,SPY220630C00481000,481.0,normalDay
2022-06-27,13160.0,-4407.0,0.0,100,388.59,435.0,0,0.0,0.0,,0.0,1,2.35,0.01,SPY220630C00481000,481.0,normalDay
2022-06-28,13160.0,-5201.0,0.0,100,380.65,435.0,0,0.0,0.0,,0.0,1,2.35,0.01,SPY220630C00481000,481.0,normalDay
2022-06-29,13160.0,-5232.0,0.0,100,380.34,435.0,0,0.0,0.0,,0.0,1,2.35,0.01,SPY220630C00481000,481.0,normalDay
2022-06-30,13395.0,-5775.0,235.0,100,377.25,435.0,0,0.0,0.0,,0.0,1,2.35,0.0,SPY220630C00481000,481.0,expirationDay
2022-07-01,13395.0,-5381.0,0.0,100,381.24,435.0,0,0.0,0.0,,0.0,1,1.42,1.47,SPY221118C00455000,455.0,normalDay
2022-07-05,13395.0,-5300.0,0.0,100,381.96,435.0,0,0.0,0.0,,0.0,1,1.42,1.38,SPY221118C00455000,455.0,normalDay
2022-07-06,13395.0,-5183.0,0.0,100,383.25,435.0,0,0.0,0.0,,0.0,1,1.42,1.5,SPY221118C00455000,455.0,normalDay
2022-07-07,13395.0,-4647.0,0.0,100,388.99,435.0,0,0.0,0.0,,0.0,1,1.42,1.88,SPY221118C00455000,455.0,normalDay
2022-07-08,13395.0,-4672.0,0.0,100,388.67,435.0,0,0.0,0.0,,0.0,1,1.42,1.81,SPY221118C00455000,455.0,normalDay
2022-07-11,13395.0,-5080.0,0.0,100,384.23,435.0,0,0.0,0.0,,0.0,1,1.42,1.45,SPY221118C00455000,455.0,normalDay
2022-07-12,13395.0,-5388.0,0.0,100,380.83,435.0,0,0.0,0.0,,0.0,1,1.42,1.13,SPY221118C00455000,455.0,normalDay
2022-07-13,13395.0,-5577.0,0.0,100,378.83,435.0,0,0.0,0.0,,0.0,1,1.42,1.02,SPY221118C00455000,455.0,normalDay
2022-07-14,13395.0,-5668.0,0.0,100,377.91,435.0,0,0.0,0.0,,0.0,1,1.42,1.01,SPY221118C00455000,455.0,normalDay
2022-07-15,13395.0,-4971.0,0.0,100,385.13,435.0,0,0.0,0.0,,0.0,1,1.42,1.26,SPY221118C00455000,455.0,normalDay
2022-07-18,13395.0,-5275.0,0.0,100,381.95,435.0,0,0.0,0.0,,0.0,1,1.42,1.12,SPY221118C00455000,455.0,normalDay
2022-07-19,13395.0,-4334.0,0.0,100,392.27,435.0,0,0.0,0.0,,0.0,1,1.42,2.03,SPY221118C00455000,455.0,normalDay
2022-07-20,13395.0,-4109.0,0.0,100,394.77,435.0,0,0.0,0.0,,0.0,1,1.42,2.28,SPY221118C00455000,455.0,normalDay
2022-07-21,13395.0,-3737.0,0.0,100,398.79,435.0,0,0.0,0.0,,0.0,1,1.42,2.58,SPY221118C00455000,455.0,normalDay
2022-07-22,13395.0,-4055.0,0.0,100,395.09,435.0,0,0.0,0.0,,0.0,1,1.42,2.06,SPY221118C00455000,455.0,normalDay
2022-07-25,13395.0,-4002.0,0.0,100,395.57,435.0,0,0.0,0.0,,0.0,1,1.42,2.01,SPY221118C00455000,455.0,normalDay
2022-07-26,13395.0,-4432.0,0.0,100,390.89,435.0,0,0.0,0.0,,0.0,1,1.42,1.63,SPY221118C00455000,455.0,normalDay
2022-07-27,13395.0,-3490.0,0.0,100,401.04,435.0,0,0.0,0.0,,0.0,1,1.42,2.36,SPY221118C00455000,455.0,normalDay
2022-07-28,13395.0,-3058.0,0.0,100,406.07,435.0,0,0.0,0.0,,0.0,1,1.42,3.07,SPY221118C00455000,455.0,normalDay
2022-07-29,13395.0,-2533.0,0.0,100,411.99,435.0,0,0.0,0.0,,0.0,1,1.42,3.74,SPY221118C00455000,455.0,normalDay
2022-08-01,13395.0,-2642.0,0.0,100,410.77,435.0,0,0.0,0.0,,0.0,1,1.42,3.61,SPY221118C00455000,455.0,normalDay
2022-08-02,13395.0,-2872.0,0.0,100,408.06,435.0,0,0.0,0.0,,0.0,1,1.42,3.2,SPY221118C00455000,455.0,normalDay
2022-08-03,13395.0,-2308.0,0.0,100,414.45,435.0,0,0.0,0.0,,0.0,1,1.42,3.95,SPY221118C00455000,455.0,normalDay
2022-08-04,13395.0,-2339.0,0.0,100,414.17,435.0,0,0.0,0.0,,0.0,1,1.42,3.98,SPY221118C00455000,455.0,normalDay
2022-08-05,13395.0,-2363.0,0.0,100,413.47,435.0,0,0.0,0.0,,0.0,1,1.42,3.52,SPY221118C00455000,455.0,normalDay
2022-08-08,13395.0,-2406.0,0.0,100,412.99,435.0,0,0.0,0.0,,0.0,1,1.42,3.47,SPY221118C00455000,455.0,normalDay
2022-08-09,13395.0,-2534.0,0.0,100,411.35,435.0,0,0.0,0.0,,0.0,1,1.42,3.11,SPY221118C00455000,455.0,normalDay
2022-08-10,13395.0,-1786.0,0.0,100,419.99,435.0,0,0.0,0.0,,0.0,1,1.42,4.27,SPY221118C00455000,455.0,normalDay
2022-08-11,13395.0,-1791.0,0.0,100,419.99,435.0,0,0.0,0.0,,0.0,1,1.42,4.32,SPY221118C00455000,455.0,normalDay
2022-08-12,13395.0,-1234.0,0.0,100,427.1,435.0,0,0.0,0.0,,0.0,1,1.42,5.86,SPY221118C00455000,455.0,normalDay
2022-08-15,13395.0,-1089.0,0.0,100,428.86,435.0,0,0.0,0.0,,0.0,1,1.42,6.17,SPY221118C00455000,455.0,normalDay
2022-08-16,13395.0,-1016.0,0.0,100,429.7,435.0,0,0.0,0.0,,0.0,1,1.42,6.28,SPY221118C00455000,455.0,normalDay
2022-08-17,13395.0,-1246.0,0.0,100,426.65,435.0,0,0.0,0.0,,0.0,1,1.42,5.53,SPY221118C00455000,455.0,normalDay
2022-08-18,13395.0,-1118.0,0.0,100,427.89,435.0,0,0.0,0.0,,0.0,1,1.42,5.49,SPY221118C00455000,455.0,normalDay
2022-08-19,13395.0,-1556.0,0.0,100,422.14,435.0,0,0.0,0.0,,0.0,1,1.42,4.12,SPY221118C00455000,455.0,normalDay
2022-08-22,13395.0,-2296.0,0.0,100,413.35,435.0,0,0.0,0.0,,0.0,1,1.42,2.73,SPY221118C00455000,455.0,normalDay
2022-08-23,13395.0,-2368.0,0.0,100,412.35,435.0,0,0.0,0.0,,0.0,1,1.42,2.45,SPY221118C00455000,455.0,normalDay
2022-08-24,13395.0,-2227.0,0.0,100,413.67,435.0,0,0.0,0.0,,0.0,1,1.42,2.36,SPY221118C00455000,455.0,normalDay
2022-08-25,13395.0,-1713.0,0.0,100,419.51,435.0,0,0.0,0.0,,0.0,1,1.42,3.06,SPY221118C00455000,455.0,normalDay
2022-08-26,13395.0,-2975.0,0.0,100,405.31,435.0,0,0.0,0.0,,0.0,1,1.42,1.48,SPY221118C00455000,455.0,normalDay
2022-08-29,13395.0,-3217.0,0.0,100,402.63,435.0,0,0.0,0.0,,0.0,1,1.42,1.22,SPY221118C00455000,455.0,normalDay
2022-08-30,13395.0,-3625.0,0.0,100,398.21,435.0,0,0.0,0.0,,0.0,1,1.42,0.88,SPY221118C00455000,455.0,normalDay
2022-08-31,13395.0,-3908.0,0.0,100,395.18,435.0,0,0.0,0.0,,0.0,1,1.42,0.68,SPY221118C00455000,455.0,normalDay
2022-09-01,13395.0,-3787.0,0.0,100,396.42,435.0,0,0.0,0.0,,0.0,1,1.42,0.71,SPY221118C00455000,455.0,normalDay
2022-09-02,13395.0,-4189.0,0.0,100,392.24,435.0,0,0.0,0.0,,0.0,1,1.42,0.55,SPY221118C00455000,455.0,normalDay
2022-09-06,13395.0,-4333.0,0.0,100,390.76,435.0,0,0.0,0.0,,0.0,1,1.42,0.51,SPY221118C00455000,455.0,normalDay
2022-09-07,13395.0,-3650.0,0.0,100,397.78,435.0,0,0.0,0.0,,0.0,1,1.42,0.7,SPY221118C00455000,455.0,normalDay
2022-09-08,13395.0,-3399.0,0.0,100,400.38,435.0,0,0.0,0.0,,0.0,1,1.42,0.79,SPY221118C00455000,455.0,normalDay
2022-09-09,13395.0,-2805.0,0.0,100,406.6,435.0,0,0.0,0.0,,0.0,1,1.42,1.07,SPY221118C00455000,455.0,normalDay
2022-09-12,13395.0,-2418.0,0.0,100,410.97,435.0,0,0.0,0.0,,0.0,1,1.42,1.57,SPY221118C00455000,455.0,normalDay
2022-09-13,13395.0,-4104.0,0.0,100,393.1,435.0,0,0.0,0.0,,0.0,1,1.42,0.56,SPY221118C00455000,455.0,normalDay
2022-09-14,13395.0,-3952.0,0.0,100,394.6,435.0,0,0.0,0.0,,0.0,1,1.42,0.54,SPY221118C00455000,455.0,normalDay
2022-09-15,13395.0,-4384.0,0.0,100,390.12,435.0,0,0.0,0.0,,0.0,1,1.42,0.38,SPY221118C00455000,455.0,normalDay
2022-09-16,13395.0,-4833.0,0.0,100,385.56,435.0,0,0.0,0.0,,0.0,1,1.42,0.31,SPY221118C00455000,455.0,normalDay
2022-09-19,13395.0,-4536.0,0.0,100,388.55,435.0,0,0.0,0.0,,0.0,1,1.42,0.33,SPY221118C00455000,455.0,normalDay
2022-09-20,13395.0,-4974.0,0.0,100,384.09,435.0,0,0.0,0.0,,0.0,1,1.42,0.25,SPY221118C00455000,455.0,normalDay
2022-09-21,13395.0,-5637.0,0.0,100,377.39,435.0,0,0.0,0.0,,0.0,1,1.42,0.18,SPY221118C00455000,455.0,normalDay
2022-09-22,13395.0,-5950.0,0.0,100,374.22,435.0,0,0.0,0.0,,0.0,1,1.42,0.14,SPY221118C00455000,455.0,normalDay
2022-09-23,13395.0,-6574.0,0.0,100,367.95,435.0,0,0.0,0.0,,0.0,1,1.42,0.11,SPY221118C00455000,455.0,normalDay
2022-09-26,13395.0,-6936.0,0.0,100,364.31,435.0,0,0.0,0.0,,0.0,1,1.42,0.09,SPY221118C00455000,455.0,normalDay
2022-09-27,13395.0,-7028.0,0.0,100,363.38,435.0,0,0.0,0.0,,0.0,1,1.42,0.08,SPY221118C00455000,455.0,normalDay
2022-09-28,13395.0,-6317.0,0.0,100,370.53,435.0,0,0.0,0.0,,0.0,1,1.42,0.12,SPY221118C00455000,455.0,normalDay
2022-09-29,13395.0,-7086.0,0.0,100,362.79,435.0,0,0.0,0.0,,0.0,1,1.42,0.07,SPY221118C00455000,455.0,normalDay
2022-09-30,13395.0,-7646.0,0.0,100,357.18,435.0,0,0.0,0.0,,0.0,1,1.42,0.06,SPY221118C00455000,455.0,normalDay
2022-10-03,13395.0,-6705.0,0.0,100,366.61,435.0,0,0.0,0.0,,0.0,1,1.42,0.08,SPY221118C00455000,455.0,normalDay
2022-10-04,13395.0,-5579.0,0.0,100,377.97,435.0,0,0.0,0.0,,0.0,1,1.42,0.18,SPY221118C00455000,455.0,normalDay
2022-10-05,13395.0,-5661.0,0.0,100,377.09,435.0,0,0.0,0.0,,0.0,1,1.42,0.12,SPY221118C00455000,455.0,normalDay
2022-10-06,13395.0,-6047.0,0.0,100,373.2,435.0,0,0.0,0.0,,0.0,1,1.42,0.09,SPY221118C00455000,455.0,normalDay
2022-10-07,13395.0,-7085.0,0.0,100,362.79,435.0,0,0.0,0.0,,0.0,1,1.42,0.06,SPY221118C00455000,455.0,normalDay
2022-10-10,13395.0,-7361.0,0.0,100,360.02,435.0,0,0.0,0.0,,0.0,1,1.42,0.05,SPY221118C00455000,455.0,normalDay
2022-10-11,13395.0,-7589.0,0.0,100,357.74,435.0,0,0.0,0.0,,0.0,1,1.42,0.05,SPY221118C00455000,455.0,normalDay
2022-10-12,13395.0,-7707.0,0.0,100,356.56,435.0,0,0.0,0.0,,0.0,1,1.42,0.05,SPY221118C00455000,455.0,normalDay
2022-10-13,13395.0,-6770.0,0.0,100,365.97,435.0,0,0.0,0.0,,0.0,1,1.42,0.09,SPY221118C00455000,455.0,normalDay
2022-10-14,13395.0,-7600.0,0.0,100,357.63,435.0,0,0.0,0.0,,0.0,1,1.42,0.05,SPY221118C00455000,455.0,normalDay
2022-10-17,13395.0,-6683.0,0.0,100,366.82,435.0,0,0.0,0.0,,0.0,1,1.42,0.07,SPY221118C00455000,455.0,normalDay
2022-10-18,13395.0,-6254.0,0.0,100,371.13,435.0,0,0.0,0.0,,0.0,1,1.42,0.09,SPY221118C00455000,455.0,normalDay
2022-10-19,13395.0,-6514.0,0.0,100,368.5,435.0,0,0.0,0.0,,0.0,1,1.42,0.06,SPY221118C00455000,455.0,normalDay
2022-10-20,13395.0,-6821.0,0.0,100,365.41,435.0,0,0.0,0.0,,0.0,1,1.42,0.04,SPY221118C00455000,455.0,normalDay
2022-10-21,13395.0,-5936.0,0.0,100,374.29,435.0,0,0.0,0.0,,0.0,1,1.42,0.07,SPY221118C00455000,455.0,normalDay
2022-10-24,13395.0,-5479.0,0.0,100,378.87,435.0,0,0.0,0.0,,0.0,1,1.42,0.08,SPY221118C00455000,455.0,normalDay
2022-10-25,13395.0,-4872.0,0.0,100,384.92,435.0,0,0.0,0.0,,0.0,1,1.42,0.06,SPY221118C00455000,455.0,normalDay
2022-10-26,13395.0,-5160.0,0.0,100,382.02,435.0,0,0.0,0.0,,0.0,1,1.42,0.04,SPY221118C00455000,455.0,normalDay
2022-10-27,13395.0,-5363.0,0.0,100,379.98,435.0,0,0.0,0.0,,0.0,1,1.42,0.03,SPY221118C00455000,455.0,normalDay
2022-10-28,13395.0,-4461.0,0.0,100,389.02,435.0,0,0.0,0.0,,0.0,1,1.42,0.05,SPY221118C00455000,455.0,normalDay
2022-10-31,13395.0,-4740.0,0.0,100,386.21,435.0,0,0.0,0.0,,0.0,1,1.42,0.03,SPY221118C00455000,455.0,normalDay
2022-11-01,13395.0,-4909.0,0.0,100,384.52,435.0,0,0.0,0.0,,0.0,1,1.42,0.03,SPY221118C00455000,455.0,normalDay
2022-11-02,13395.0,-5873.0,0.0,100,374.87,435.0,0,0.0,0.0,,0.0,1,1.42,0.02,SPY221118C00455000,455.0,normalDay
2022-11-03,13395.0,-6259.0,0.0,100,371.01,435.0,0,0.0,0.0,,0.0,1,1.42,0.02,SPY221118C00455000,455.0,normalDay
2022-11-04,13395.0,-5724.0,0.0,100,376.35,435.0,0,0.0,0.0,,0.0,1,1.42,0.01,SPY221118C00455000,455.0,normalDay
2022-11-07,13395.0,-5364.0,0.0,100,379.95,435.0,0,0.0,0.0,,0.0,1,1.42,0.01,SPY221118C00455000,455.0,normalDay
2022-11-08,13395.0,-5159.0,0.0,100,382.0,435.0,0,0.0,0.0,,0.0,1,1.42,0.01,SPY221118C00455000,455.0,normalDay
2022-11-09,13395.0,-5946.0,0.0,100,374.13,435.0,0,0.0,0.0,,0.0,1,1.42,0.01,SPY221118C00455000,455.0,normalDay
2022-11-10,13395.0,-3891.0,0.0,100,394.69,435.0,0,0.0,0.0,,0.0,1,1.42,0.02,SPY221118C00455000,455.0,normalDay
2022-11-11,13395.0,-3508.0,0.0,100,398.51,435.0,0,0.0,0.0,,0.0,1,1.42,0.01,SPY221118C00455000,455.0,normalDay
2022-11-14,13395.0,-3847.0,0.0,100,395.12,435.0,0,0.0,0.0,,0.0,1,1.42,0.01,SPY221118C00455000,455.0,normalDay
2022-11-15,13395.0,-3510.0,0.0,100,398.49,435.0,0,0.0,0.0,,0.0,1,1.42,0.01,SPY221118C00455000,455.0,normalDay
2022-11-16,13395.0,-3814.0,0.0,100,395.45,435.0,0,0.0,0.0,,0.0,1,1.42,0.01,SPY221118C00455000,455.0,normalDay
2022-11-17,13395.0,-3935.0,0.0,100,394.24,435.0,0,0.0,0.0,,0.0,1,1.42,0.01,SPY221118C00455000,455.0,normalDay
2022-11-18,13537.0,-3897.0,142.0,100,396.03,435.0,0,0.0,0.0,,0.0,1,1.42,0.0,SPY221118C00455000,455.0,expirationDay
2022-11-21,13537.0,-4060.0,0.0,100,394.59,435.0,0,0.0,0.0,,0.0,1,8.42,8.61,SPY230331C00426000,426.0,normalDay
2022-11-22,13537.0,-3660.0,0.0,100,399.9,435.0,0,0.0,0.0,,0.0,1,8.42,9.92,SPY230331C00426000,426.0,normalDay
2022-11-23,13537.0,-3460.0,0.0,100,402.42,435.0,0,0.0,0.0,,0.0,1,8.42,10.44,SPY230331C00426000,426.0,normalDay
2022-11-25,13537.0,-3458.0,0.0,100,402.33,435.0,0,0.0,0.0,,0.0,1,8.42,10.33,SPY230331C00426000,426.0,normalDay
2022-11-28,13537.0,-3889.0,0.0,100,395.91,435.0,0,0.0,0.0,,0.0,1,8.42,8.22,SPY230331C00426000,426.0,normalDay
2022-11-29,13537.0,-3911.0,0.0,100,395.23,435.0,0,0.0,0.0,,0.0,1,8.42,7.76,SPY230331C00426000,426.0,normalDay
2022-11-30,13537.0,-3112.0,0.0,100,407.68,435.0,0,0.0,0.0,,0.0,1,8.42,12.22,SPY230331C00426000,426.0,normalDay
2022-12-01,13537.0,-3074.0,0.0,100,407.38,435.0,0,0.0,0.0,,0.0,1,8.42,11.54,SPY230331C00426000,426.0,normalDay
2022-12-02,13537.0,-3053.0,0.0,100,406.91,435.0,0,0.0,0.0,,0.0,1,8.42,10.86,SPY230331C00426000,426.0,normalDay
2022-12-05,13537.0,-3519.0,0.0,100,399.59,435.0,0,0.0,0.0,,0.0,1,8.42,8.2,SPY230331C00426000,426.0,normalDay
2022-12-06,13537.0,-3938.0,0.0,100,393.83,435.0,0,0.0,0.0,,0.0,1,8.42,6.63,SPY230331C00426000,426.0,normalDay
2022-12-07,13537.0,-3993.0,0.0,100,393.16,435.0,0,0.0,0.0,,0.0,1,8.42,6.51,SPY230331C00426000,426.0,normalDay
2022-12-08,13537.0,-3748.0,0.0,100,396.24,435.0,0,0.0,0.0,,0.0,1,8.42,7.14,SPY230331C00426000,426.0,normalDay
2022-12-09,13537.0,-3969.0,0.0,100,393.28,435.0,0,0.0,0.0,,0.0,1,8.42,6.39,SPY230331C00426000,426.0,normalDay
2022-12-12,13537.0,-3585.0,0.0,100,398.95,435.0,0,0.0,0.0,,0.0,1,8.42,8.22,SPY230331C00426000,426.0,normalDay
2022-12-13,13537.0,-3330.0,0.0,100,401.97,435.0,0,0.0,0.0,,0.0,1,8.42,8.69,SPY230331C00426000,426.0,normalDay
2022-12-14,13537.0,-3498.0,0.0,100,399.4,435.0,0,0.0,0.0,,0.0,1,8.42,7.8,SPY230331C00426000,426.0,normalDay
2022-12-15,13537.0,-4171.0,0.0,100,389.63,435.0,0,0.0,0.0,,0.0,1,8.42,4.76,SPY230331C00426000,426.0,normalDay
2022-12-16,13537.0,-4695.0,0.0,100,383.27,435.0,0,0.0,0.0,,0.0,1,8.42,3.64,SPY230331C00426000,426.0,normalDay
2022-12-19,13537.0,-4945.0,0.0,100,380.02,435.0,0,0.0,0.0,,0.0,1,8.42,2.89,SPY230331C00426000,426.0,normalDay
2022-12-20,13537.0,-4885.0,0.0,100,380.54,435.0,0,0.0,0.0,,0.0,1,8.42,2.81,SPY230331C00426000,426.0,normalDay
2022-12-21,13537.0,-4379.0,0.0,100,386.23,435.0,0,0.0,0.0,,0.0,1,8.42,3.44,SPY230331C00426000,426.0,normalDay
2022-12-22,13537.0,-4866.0,0.0,100,380.72,435.0,0,0.0,0.0,,0.0,1,8.42,2.8,SPY230331C00426000,426.0,normalDay
2022-12-23,13537.0,-4652.0,0.0,100,382.91,435.0,0,0.0,0.0,,0.0,1,8.42,2.85,SPY230331C00426000,426.0,normalDay
2022-12-27,13537.0,-4778.0,0.0,100,381.4,435.0,0,0.0,0.0,,0.0,1,8.42,2.6,SPY230331C00426000,426.0,normalDay
2022-12-28,13537.0,-5184.0,0.0,100,376.66,435.0,0,0.0,0.0,,0.0,1,8.42,1.92,SPY230331C00426000,426.0,normalDay
2022-12-29,13537.0,-4581.0,0.0,100,383.44,435.0,0,0.0,0.0,,0.0,1,8.42,2.67,SPY230331C00426000,426.0,normalDay
2022-12-30,13537.0,-4673.0,0.0,100,382.43,435.0,0,0.0,0.0,,0.0,1,8.42,2.58,SPY230331C00426000,426.0,normalDay
2023-01-03,13537.0,-4785.0,0.0,100,380.82,435.0,0,0.0,0.0,,0.0,1,8.42,2.09,SPY230331C00426000,426.0,normalDay
2023-01-04,13537.0,-4513.0,0.0,100,383.76,435.0,0,0.0,0.0,,0.0,1,8.42,2.31,SPY230331C00426000,426.0,normalDay
2023-01-05,13537.0,-4885.0,0.0,100,379.38,435.0,0,0.0,0.0,,0.0,1,8.42,1.65,SPY230331C00426000,426.0,normalDay
2023-01-06,13537.0,-4110.0,0.0,100,388.08,435.0,0,0.0,0.0,,0.0,1,8.42,2.6,SPY230331C00426000,426.0,normalDay
2023-01-09,13537.0,-4122.0,0.0,100,387.86,435.0,0,0.0,0.0,,0.0,1,8.42,2.5,SPY230331C00426000,426.0,normalDay
2023-01-10,13537.0,-3860.0,0.0,100,390.58,435.0,0,0.0,0.0,,0.0,1,8.42,2.6,SPY230331C00426000,426.0,normalDay
2023-01-11,13537.0,-3471.0,0.0,100,395.52,435.0,0,0.0,0.0,,0.0,1,8.42,3.65,SPY230331C00426000,426.0,normalDay
2023-01-12,13537.0,-3292.0,0.0,100,396.96,435.0,0,0.0,0.0,,0.0,1,8.42,3.3,SPY230331C00426000,426.0,normalDay
2023-01-13,13537.0,-3115.0,0.0,100,398.5,435.0,0,0.0,0.0,,0.0,1,8.42,3.07,SPY230331C00426000,426.0,normalDay
2023-01-17,13537.0,-3158.0,0.0,100,397.77,435.0,0,0.0,0.0,,0.0,1,8.42,2.77,SPY230331C00426000,426.0,normalDay
2023-01-18,13537.0,-3690.0,0.0,100,391.49,435.0,0,0.0,0.0,,0.0,1,8.42,1.81,SPY230331C00426000,426.0,normalDay
2023-01-19,13537.0,-3926.0,0.0,100,388.64,435.0,0,0.0,0.0,,0.0,1,8.42,1.32,SPY230331C00426000,426.0,normalDay
2023-01-20,13537.0,-3285.0,0.0,100,395.88,435.0,0,0.0,0.0,,0.0,1,8.42,2.15,SPY230331C00426000,426.0,normalDay
2023-01-23,13537.0,-2895.0,0.0,100,400.63,435.0,0,0.0,0.0,,0.0,1,8.42,3.0,SPY230331C00426000,426.0,normalDay
2023-01-24,13537.0,-2932.0,0.0,100,400.2,435.0,0,0.0,0.0,,0.0,1,8.42,2.94,SPY230331C00426000,426.0,normalDay
2023-01-25,13537.0,-2890.0,0.0,100,400.35,435.0,0,0.0,0.0,,0.0,1,8.42,2.67,SPY230331C00426000,426.0,normalDay
2023-01-26,13537.0,-2531.0,0.0,100,404.75,435.0,0,0.0,0.0,,0.0,1,8.42,3.48,SPY230331C00426000,426.0,normalDay
2023-01-27,13537.0,-2451.0,0.0,100,405.68,435.0,0,0.0,0.0,,0.0,1,8.42,3.61,SPY230331C00426000,426.0,normalDay
2023-01-30,13537.0,-2870.0,0.0,100,400.59,435.0,0,0.0,0.0,,0.0,1,8.42,2.71,SPY230331C00426000,426.0,normalDay
2023-01-31,13537.0,-2373.0,0.0,100,406.48,435.0,0,0.0,0.0,,0.0,1,8.42,3.63,SPY230331C00426000,426.0,normalDay
2023-02-01,13537.0,-2073.0,0.0,100,410.8,435.0,0,0.0,0.0,,0.0,1,8.42,4.95,SPY230331C00426000,426.0,normalDay
2023-02-02,13537.0,-1667.0,0.0,100,416.78,435.0,0,0.0,0.0,,0.0,1,8.42,6.87,SPY230331C00426000,426.0,normalDay
2023-02-03,13537.0,-1948.0,0.0,100,412.35,435.0,0,0.0,0.0,,0.0,1,8.42,5.25,SPY230331C00426000,426.0,normalDay
2023-02-06,13537.0,-2124.0,0.0,100,409.83,435.0,0,0.0,0.0,,0.0,1,8.42,4.49,SPY230331C00426000,426.0,normalDay
2023-02-07,13537.0,-1723.0,0.0,100,415.19,435.0,0,0.0,0.0,,0.0,1,8.42,5.84,SPY230331C00426000,426.0,normalDay
2023-02-08,13537.0,-2069.0,0.0,100,410.65,435.0,0,0.0,0.0,,0.0,1,8.42,4.76,SPY230331C00426000,426.0,normalDay
2023-02-09,13537.0,-2334.0,0.0,100,407.09,435.0,0,0.0,0.0,,0.0,1,8.42,3.85,SPY230331C00426000,426.0,normalDay
2023-02-10,13537.0,-2247.0,0.0,100,408.04,435.0,0,0.0,0.0,,0.0,1,8.42,3.93,SPY230331C00426000,426.0,normalDay
2023-02-13,13537.0,-1895.0,0.0,100,412.83,435.0,0,0.0,0.0,,0.0,1,8.42,5.2,SPY230331C00426000,426.0,normalDay
2023-02-14,13537.0,-1814.0,0.0,100,412.64,435.0,0,0.0,0.0,,0.0,1,8.42,4.2,SPY230331C00426000,426.0,normalDay
2023-02-15,13537.0,-1709.0,0.0,100,413.98,435.0,0,0.0,0.0,,0.0,1,8.42,4.49,SPY230331C00426000,426.0,normalDay
2023-02-16,13537.0,-2113.0,0.0,100,408.28,435.0,0,0.0,0.0,,0.0,1,8.42,2.83,SPY230331C00426000,426.0,normalDay
2023-02-17,13537.0,-2173.0,0.0,100,407.26,435.0,0,0.0,0.0,,0.0,1,8.42,2.41,SPY230331C00426000,426.0,normalDay
2023-02-21,13537.0,-2865.0,0.0,100,399.09,435.0,0,0.0,0.0,,0.0,1,8.42,1.16,SPY230331C00426000,426.0,normalDay
2023-02-22,13537.0,-2891.0,0.0,100,398.54,435.0,0,0.0,0.0,,0.0,1,8.42,0.87,SPY230331C00426000,426.0,normalDay
2023-02-23,13537.0,-2684.0,0.0,100,400.66,435.0,0,0.0,0.0,,0.0,1,8.42,0.92,SPY230331C00426000,426.0,normalDay
2023-02-24,13537.0,-3078.0,0.0,100,396.38,435.0,0,0.0,0.0,,0.0,1,8.42,0.58,SPY230331C00426000,426.0,normalDay
2023-02-27,13537.0,-2940.0,0.0,100,397.73,435.0,0,0.0,0.0,,0.0,1,8.42,0.55,SPY230331C00426000,426.0,normalDay
2023-02-28,13537.0,-3069.0,0.0,100,396.26,435.0,0,0.0,0.0,,0.0,1,8.42,0.37,SPY230331C00426000,426.0,normalDay
2023-03-01,13537.0,-3215.0,0.0,100,394.74,435.0,0,0.0,0.0,,0.0,1,8.42,0.31,SPY230331C00426000,426.0,normalDay
2023-03-02,13537.0,-2915.0,0.0,100,397.81,435.0,0,0.0,0.0,,0.0,1,8.42,0.38,SPY230331C00426000,426.0,normalDay
2023-03-03,13537.0,-2320.0,0.0,100,404.19,435.0,0,0.0,0.0,,0.0,1,8.42,0.81,SPY230331C00426000,426.0,normalDay
2023-03-06,13537.0,-2288.0,0.0,100,404.47,435.0,0,0.0,0.0,,0.0,1,8.42,0.77,SPY230331C00426000,426.0,normalDay
2023-03-07,13537.0,-2866.0,0.0,100,398.27,435.0,0,0.0,0.0,,0.0,1,8.42,0.35,SPY230331C00426000,426.0,normalDay
2023-03-08,13537.0,-2797.0,0.0,100,398.92,435.0,0,0.0,0.0,,0.0,1,8.42,0.31,SPY230331C00426000,426.0,normalDay
2023-03-09,13537.0,-3519.0,0.0,100,391.56,435.0,0,0.0,0.0,,0.0,1,8.42,0.17,SPY230331C00426000,426.0,normalDay
2023-03-10,13537.0,-4075.0,0.0,100,385.91,435.0,0,0.0,0.0,,0.0,1,8.42,0.08,SPY230331C00426000,426.0,normalDay
2023-03-13,13537.0,-4131.0,0.0,100,385.36,435.0,0,0.0,0.0,,0.0,1,8.42,0.09,SPY230331C00426000,426.0,normalDay
2023-03-14,13537.0,-3491.0,0.0,100,391.73,435.0,0,0.0,0.0,,0.0,1,8.42,0.06,SPY230331C00426000,426.0,normalDay
2023-03-15,13537.0,-3735.0,0.0,100,389.28,435.0,0,0.0,0.0,,0.0,1,8.42,0.05,SPY230331C00426000,426.0,normalDay
2023-03-16,13537.0,-3057.0,0.0,100,396.11,435.0,0,0.0,0.0,,0.0,1,8.42,0.1,SPY230331C00426000,426.0,normalDay
2023-03-17,13537.0,-3664.0,0.0,100,389.99,435.0,0,0.0,0.0,,0.0,1,8.42,0.05,SPY230331C00426000,426.0,normalDay
2023-03-20,13537.0,-3289.0,0.0,100,393.74,435.0,0,0.0,0.0,,0.0,1,8.42,0.05,SPY230331C00426000,426.0,normalDay
2023-03-21,13537.0,-2776.0,0.0,100,398.91,435.0,0,0.0,0.0,,0.0,1,8.42,0.09,SPY230331C00426000,426.0,normalDay
2023-03-22,13537.0,-3449.0,0.0,100,392.11,435.0,0,0.0,0.0,,0.0,1,8.42,0.02,SPY230331C00426000,426.0,normalDay
2023-03-23,13537.0,-3344.0,0.0,100,393.17,435.0,0,0.0,0.0,,0.0,1,8.42,0.03,SPY230331C00426000,426.0,normalDay
2023-03-24,13537.0,-3084.0,0.0,100,395.75,435.0,0,0.0,0.0,,0.0,1,8.42,0.01,SPY230331C00426000,426.0,normalDay
2023-03-27,13537.0,-3010.0,0.0,100,396.49,435.0,0,0.0,0.0,,0.0,1,8.42,0.01,SPY230331C00426000,426.0,normalDay
2023-03-28,13537.0,-3099.0,0.0,100,395.6,435.0,0,0.0,0.0,,0.0,1,8.42,0.01,SPY230331C00426000,426.0,normalDay
2023-03-29,13537.0,-2524.0,0.0,100,401.35,435.0,0,0.0,0.0,,0.0,1,8.42,0.01,SPY230331C00426000,426.0,normalDay
2023-03-30,13537.0,-2289.0,0.0,100,403.7,435.0,0,0.0,0.0,,0.0,1,8.42,0.01,SPY230331C00426000,426.0,normalDay
2023-03-31,14379.0,-2561.0,842.0,100,409.39,435.0,0,0.0,0.0,,0.0,1,8.42,0.0,SPY230331C00426000,426.0,expirationDay
2023-04-03,14379.0,-2413.0,0.0,100,410.95,435.0,0,0.0,0.0,,0.0,1,12.76,12.84,SPY230818C00426000,426.0,normalDay
2023-04-04,14379.0,-2534.0,0.0,100,408.67,435.0,0,0.0,0.0,,0.0,1,12.76,11.77,SPY230818C00426000,426.0,normalDay
2023-04-05,14379.0,-2583.0,0.0,100,407.6,435.0,0,0.0,0.0,,0.0,1,12.76,11.19,SPY230818C00426000,426.0,normalDay
2023-04-06,14379.0,-2464.0,0.0,100,409.19,435.0,0,0.0,0.0,,0.0,1,12.76,11.59,SPY230818C00426000,426.0,normalDay
2023-04-10,14379.0,-2441.0,0.0,100,409.61,435.0,0,0.0,0.0,,0.0,1,12.76,11.78,SPY230818C00426000,426.0,normalDay
2023-04-11,14379.0,-2413.0,0.0,100,409.72,435.0,0,0.0,0.0,,0.0,1,12.76,11.61,SPY230818C00426000,426.0,normalDay
2023-04-12,14379.0,-2462.0,0.0,100,408.05,435.0,0,0.0,0.0,,0.0,1,12.76,10.43,SPY230818C00426000,426.0,normalDay
2023-04-13,14379.0,-2145.0,0.0,100,413.47,435.0,0,0.0,0.0,,0.0,1,12.76,12.68,SPY230818C00426000,426.0,normalDay
2023-04-14,14379.0,-2171.0,0.0,100,412.46,435.0,0,0.0,0.0,,0.0,1,12.76,11.93,SPY230818C00426000,426.0,normalDay
2023-04-17,14379.0,-2037.0,0.0,100,413.94,435.0,0,0.0,0.0,,0.0,1,12.76,12.07,SPY230818C00426000,426.0,normalDay
2023-04-18,14379.0,-1987.0,0.0,100,414.21,435.0,0,0.0,0.0,,0.0,1,12.76,11.84,SPY230818C00426000,426.0,normalDay
2023-04-19,14379.0,-1976.0,0.0,100,414.14,435.0,0,0.0,0.0,,0.0,1,12.76,11.66,SPY230818C00426000,426.0,normalDay
2023-04-20,14379.0,-2106.0,0.0,100,411.88,435.0,0,0.0,0.0,,0.0,1,12.76,10.7,SPY230818C00426000,426.0,normalDay
2023-04-21,14379.0,-2052.0,0.0,100,412.2,435.0,0,0.0,0.0,,0.0,1,12.76,10.48,SPY230818C00426000,426.0,normalDay
2023-04-24,14379.0,-2013.0,0.0,100,412.63,435.0,0,0.0,0.0,,0.0,1,12.76,10.52,SPY230818C00426000,426.0,normalDay
2023-04-25,14379.0,-2476.0,0.0,100,406.08,435.0,0,0.0,0.0,,0.0,1,12.76,8.6,SPY230818C00426000,426.0,normalDay
2023-04-26,14379.0,-2522.0,0.0,100,404.36,435.0,0,0.0,0.0,,0.0,1,12.76,7.34,SPY230818C00426000,426.0,normalDay
2023-04-27,14379.0,-2032.0,0.0,100,412.41,435.0,0,0.0,0.0,,0.0,1,12.76,10.49,SPY230818C00426000,426.0,normalDay
2023-04-28,14379.0,-1779.0,0.0,100,415.93,435.0,0,0.0,0.0,,0.0,1,12.76,11.48,SPY230818C00426000,426.0,normalDay
2023-05-01,14379.0,-1770.0,0.0,100,415.51,435.0,0,0.0,0.0,,0.0,1,12.76,10.97,SPY230818C00426000,426.0,normalDay
2023-05-02,14379.0,-2041.0,0.0,100,410.84,435.0,0,0.0,0.0,,0.0,1,12.76,9.01,SPY230818C00426000,426.0,normalDay
2023-05-03,14379.0,-2234.0,0.0,100,408.02,435.0,0,0.0,0.0,,0.0,1,12.76,8.12,SPY230818C00426000,426.0,normalDay
2023-05-04,14379.0,-2404.0,0.0,100,405.13,435.0,0,0.0,0.0,,0.0,1,12.76,6.93,SPY230818C00426000,426.0,normalDay
2023-05-05,14379.0,-1888.0,0.0,100,412.63,435.0,0,0.0,0.0,,0.0,1,12.76,9.27,SPY230818C00426000,426.0,normalDay
2023-05-08,14379.0,-1858.0,0.0,100,412.74,435.0,0,0.0,0.0,,0.0,1,12.76,9.08,SPY230818C00426000,426.0,normalDay
2023-05-09,14379.0,-1982.0,0.0,100,410.93,435.0,0,0.0,0.0,,0.0,1,12.76,8.51,SPY230818C00426000,426.0,normalDay
2023-05-10,14379.0,-1829.0,0.0,100,412.85,435.0,0,0.0,0.0,,0.0,1,12.76,8.9,SPY230818C00426000,426.0,normalDay
2023-05-11,14379.0,-1823.0,0.0,100,412.13,435.0,0,0.0,0.0,,0.0,1,12.76,8.12,SPY230818C00426000,426.0,normalDay
2023-05-12,14379.0,-1824.0,0.0,100,411.59,435.0,0,0.0,0.0,,0.0,1,12.76,7.59,SPY230818C00426000,426.0,normalDay
2023-05-15,14379.0,-1706.0,0.0,100,413.01,435.0,0,0.0,0.0,,0.0,1,12.76,7.83,SPY230818C00426000,426.0,normalDay
2023-05-16,14379.0,-1880.0,0.0,100,410.25,435.0,0,0.0,0.0,,0.0,1,12.76,6.81,SPY230818C00426000,426.0,normalDay
2023-05-17,14379.0,-1553.0,0.0,100,415.23,435.0,0,0.0,0.0,,0.0,1,12.76,8.52,SPY230818C00426000,426.0,normalDay
2023-05-18,14379.0,-1329.0,0.0,100,419.23,435.0,0,0.0,0.0,,0.0,1,12.76,10.28,SPY230818C00426000,426.0,normalDay
2023-05-19,14379.0,-1372.0,0.0,100,418.62,435.0,0,0.0,0.0,,0.0,1,12.76,10.1,SPY230818C00426000,426.0,normalDay
2023-05-22,14379.0,-1363.0,0.0,100,418.79,435.0,0,0.0,0.0,,0.0,1,12.76,10.18,SPY230818C00426000,426.0,normalDay
2023-05-23,14379.0,-1608.0,0.0,100,414.09,435.0,0,0.0,0.0,,0.0,1,12.76,7.93,SPY230818C00426000,426.0,normalDay
2023-05-24,14379.0,-1802.0,0.0,100,411.09,435.0,0,0.0,0.0,,0.0,1,12.76,6.87,SPY230818C00426000,426.0,normalDay
2023-05-25,14379.0,-1555.0,0.0,100,414.65,435.0,0,0.0,0.0,,0.0,1,12.76,7.96,SPY230818C00426000,426.0,normalDay
2023-05-26,14379.0,-1276.0,0.0,100,420.02,435.0,0,0.0,0.0,,0.0,1,12.76,10.54,SPY230818C00426000,426.0,normalDay
2023-05-30,14379.0,-1226.0,0.0,100,420.18,435.0,0,0.0,0.0,,0.0,1,12.76,10.2,SPY230818C00426000,426.0,normalDay
2023-05-31,14379.0,-1296.0,0.0,100,417.85,435.0,0,0.0,0.0,,0.0,1,12.76,8.57,SPY230818C00426000,426.0,normalDay
2023-06-01,14379.0,-1058.0,0.0,100,421.82,435.0,0,0.0,0.0,,0.0,1,12.76,10.16,SPY230818C00426000,426.0,normalDay
2023-06-02,14379.0,-779.0,0.0,100,427.92,435.0,0,0.0,0.0,,0.0,1,12.76,13.47,SPY230818C00426000,426.0,normalDay
2023-06-05,14379.0,-792.0,0.0,100,427.1,435.0,0,0.0,0.0,,0.0,1,12.76,12.78,SPY230818C00426000,426.0,normalDay
2023-06-06,14379.0,-728.0,0.0,100,428.03,435.0,0,0.0,0.0,,0.0,1,12.76,13.07,SPY230818C00426000,426.0,normalDay
2023-06-07,14379.0,-735.0,0.0,100,426.55,435.0,0,0.0,0.0,,0.0,1,12.76,11.66,SPY230818C00426000,426.0,normalDay
2023-06-08,14379.0,-605.0,0.0,100,429.13,435.0,0,0.0,0.0,,0.0,1,12.76,12.94,SPY230818C00426000,426.0,normalDay
2023-06-09,14379.0,-610.0,0.0,100,429.9,435.0,0,0.0,0.0,,0.0,1,12.76,13.76,SPY230818C00426000,426.0,normalDay
2023-06-12,14379.0,-483.0,0.0,100,433.8,435.0,0,0.0,0.0,,0.0,1,12.76,16.39,SPY230818C00426000,426.0,normalDay
2023-06-13,14379.0,-419.0,0.0,100,436.66,435.0,0,0.0,0.0,,0.0,1,12.76,18.61,SPY230818C00426000,426.0,normalDay
2023-06-14,14379.0,-390.0,0.0,100,437.18,435.0,0,0.0,0.0,,0.0,1,12.76,18.84,SPY230818C00426000,426.0,normalDay
2023-06-15,14379.0,-240.0,0.0,100,442.6,435.0,0,0.0,0.0,,0.0,1,12.76,22.76,SPY230818C00426000,426.0,normalDay
2023-06-16,14379.0,-481.0,0.0,100,439.46,435.0,0,0.0,0.0,,0.0,1,12.76,22.03,SPY230818C00426000,426.0,normalDay
2023-06-20,14379.0,-447.0,0.0,100,437.18,435.0,0,0.0,0.0,,0.0,1,12.76,19.41,SPY230818C00426000,426.0,normalDay
2023-06-21,14379.0,-501.0,0.0,100,434.94,435.0,0,0.0,0.0,,0.0,1,12.76,17.71,SPY230818C00426000,426.0,normalDay
2023-06-22,14379.0,-402.0,0.0,100,436.51,435.0,0,0.0,0.0,,0.0,1,12.76,18.29,SPY230818C00426000,426.0,normalDay
2023-06-23,14379.0,-478.0,0.0,100,433.21,435.0,0,0.0,0.0,,0.0,1,12.76,15.75,SPY230818C00426000,426.0,normalDay
2023-06-26,14379.0,-515.0,0.0,100,431.44,435.0,0,0.0,0.0,,0.0,1,12.76,14.35,SPY230818C00426000,426.0,normalDay
2023-06-27,14379.0,-336.0,0.0,100,436.17,435.0,0,0.0,0.0,,0.0,1,12.76,17.29,SPY230818C00426000,426.0,normalDay
2023-06-28,14379.0,-354.0,0.0,100,436.39,435.0,0,0.0,0.0,,0.0,1,12.76,17.69,SPY230818C00426000,426.0,normalDay
2023-06-29,14379.0,-279.0,0.0,100,438.11,435.0,0,0.0,0.0,,0.0,1,12.76,18.66,SPY230818C00426000,426.0,normalDay
2023-06-30,14379.0,-209.0,0.0,100,443.28,435.0,0,0.0,0.0,,0.0,1,12.76,23.13,SPY230818C00426000,426.0,normalDay
2023-07-03,14379.0,-210.0,0.0,100,443.79,435.0,0,0.0,0.0,,0.0,1,12.76,23.65,SPY230818C00426000,426.0,normalDay
2023-07-05,14379.0,-183.0,0.0,100,443.13,435.0,0,0.0,0.0,,0.0,1,12.76,22.72,SPY230818C00426000,426.0,normalDay
2023-07-06,14379.0,-256.0,0.0,100,439.66,435.0,0,0.0,0.0,,0.0,1,12.76,19.98,SPY230818C00426000,426.0,normalDay
2023-07-07,14379.0,-270.0,0.0,100,438.55,435.0,0,0.0,0.0,,0.0,1,12.76,19.01,SPY230818C00426000,426.0,normalDay
2023-07-10,14379.0,-210.0,0.0,100,439.66,435.0,0,0.0,0.0,,0.0,1,12.76,19.52,SPY230818C00426000,426.0,normalDay
2023-07-11,14379.0,-121.0,0.0,100,442.46,435.0,0,0.0,0.0,,0.0,1,12.76,21.43,SPY230818C00426000,426.0,normalDay
2023-07-12,14379.0,-63.0,0.0,100,446.02,435.0,0,0.0,0.0,,0.0,1,12.76,24.41,SPY230818C00426000,426.0,normalDay
2023-07-13,14379.0,2.0,0.0,100,449.56,435.0,0,0.0,0.0,,0.0,1,12.76,27.3,SPY230818C00426000,426.0,normalDay
2023-07-14,14379.0,39.0,0.0,100,449.28,435.0,0,0.0,0.0,,0.0,1,12.76,26.65,SPY230818C00426000,426.0,normalDay
2023-07-17,14379.0,78.0,0.0,100,450.84,435.0,0,0.0,0.0,,0.0,1,12.76,27.82,SPY230818C00426000,426.0,normalDay
2023-07-18,14379.0,86.0,0.0,100,454.19,435.0,0,0.0,0.0,,0.0,1,12.76,31.09,SPY230818C00426000,426.0,normalDay
2023-07-19,14379.0,82.0,0.0,100,455.2,435.0,0,0.0,0.0,,0.0,1,12.76,32.14,SPY230818C00426000,426.0,normalDay
2023-07-20,14379.0,43.0,0.0,100,452.18,435.0,0,0.0,0.0,,0.0,1,12.76,29.51,SPY230818C00426000,426.0,normalDay
2023-07-21,14379.0,87.0,0.0,100,452.18,435.0,0,0.0,0.0,,0.0,1,12.76,29.07,SPY230818C00426000,426.0,normalDay
2023-07-24,14379.0,96.0,0.0,100,454.2,435.0,0,0.0,0.0,,0.0,1,12.76,31.0,SPY230818C00426000,426.0,normalDay
2023-07-25,14379.0,74.0,0.0,100,455.44,435.0,0,0.0,0.0,,0.0,1,12.76,32.46,SPY230818C00426000,426.0,normalDay
2023-07-26,14379.0,90.0,0.0,100,455.51,435.0,0,0.0,0.0,,0.0,1,12.76,32.37,SPY230818C00426000,426.0,normalDay
2023-07-27,14379.0,107.0,0.0,100,452.49,435.0,0,0.0,0.0,,0.0,1,12.76,29.18,SPY230818C00426000,426.0,normalDay
2023-07-28,14379.0,195.0,0.0,100,456.92,435.0,0,0.0,0.0,,0.0,1,12.76,32.73,SPY230818C00426000,426.0,normalDay
2023-07-31,14379.0,201.0,0.0,100,457.79,435.0,0,0.0,0.0,,0.0,1,12.76,33.54,SPY230818C00426000,426.0,normalDay
2023-08-01,14379.0,224.0,0.0,100,456.48,435.0,0,0.0,0.0,,0.0,1,12.76,32.0,SPY230818C00426000,426.0,normalDay
2023-08-02,14379.0,172.0,0.0,100,450.13,435.0,0,0.0,0.0,,0.0,1,12.76,26.17,SPY230818C00426000,426.0,normalDay
2023-08-03,14379.0,85.0,0.0,100,448.84,435.0,0,0.0,0.0,,0.0,1,12.76,25.75,SPY230818C00426000,426.0,normalDay
2023-08-04,14379.0,199.0,0.0,100,446.81,435.0,0,0.0,0.0,,0.0,1,12.76,22.58,SPY230818C00426000,426.0,normalDay
2023-08-07,14379.0,238.0,0.0,100,450.71,435.0,0,0.0,0.0,,0.0,1,12.76,26.09,SPY230818C00426000,426.0,normalDay
2023-08-08,14379.0,268.0,0.0,100,448.75,435.0,0,0.0,0.0,,0.0,1,12.76,23.83,SPY230818C00426000,426.0,normalDay
2023-08-09,14379.0,216.0,0.0,100,445.75,435.0,0,0.0,0.0,,0.0,1,12.76,21.35,SPY230818C00426000,426.0,normalDay
2023-08-10,14379.0,293.0,0.0,100,445.91,435.0,0,0.0,0.0,,0.0,1,12.76,20.74,SPY230818C00426000,426.0,normalDay
2023-08-11,14379.0,289.0,0.0,100,445.65,435.0,0,0.0,0.0,,0.0,1,12.76,20.52,SPY230818C00426000,426.0,normalDay
2023-08-14,14379.0,318.0,0.0,100,448.11,435.0,0,0.0,0.0,,0.0,1,12.76,22.69,SPY230818C00426000,426.0,normalDay
2023-08-15,14379.0,335.0,0.0,100,442.89,435.0,0,0.0,0.0,,0.0,1,12.76,17.3,SPY230818C00426000,426.0,normalDay
2023-08-16,14379.0,308.0,0.0,100,439.64,435.0,0,0.0,0.0,,0.0,1,12.76,14.32,SPY230818C00426000,426.0,normalDay
2023-08-17,14379.0,366.0,0.0,100,436.29,435.0,0,0.0,0.0,,0.0,1,12.76,10.39,SPY230818C00426000,426.0,normalDay
2023-08-18,14755.0,366.0,376.0,0,436.5,0.0,0,0.0,0.0,,0.0,1,12.76,0.0,SPY230818C00426000,426.0,expirationDay
2023-08-21,14755.0,-4.0,0.0,0,439.34,0.0,1,4.55,4.59,SPY230922P00430000,430.0,0,0.0,0.0,,0.0,normalDay
2023-08-22,14755.0,-9.0,0.0,0,438.15,0.0,1,4.55,4.64,SPY230922P00430000,430.0,0,0.0,0.0,,0.0,normalDay
2023-08-23,14755.0,139.0,0.0,0,443.03,0.0,1,4.55,3.16,SPY230922P00430000,430.0,0,0.0,0.0,,0.0,normalDay
2023-08-24,14755.0,-35.0,0.0,0,436.89,0.0,1,4.55,4.9,SPY230922P00430000,430.0,0,0.0,0.0,,0.0,normalDay
2023-08-25,14755.0,107.0,0.0,0,439.97,0.0,1,4.55,3.48,SPY230922P00430000,430.0,0,0.0,0.0,,0.0,normalDay
2023-08-28,14755.0,210.0,0.0,0,442.76,0.0,1,4.55,2.45,SPY230922P00430000,430.0,0,0.0,0.0,,0.0,normalDay
2023-08-29,14755.0,320.0,0.0,0,449.16,0.0,1,4.55,1.35,SPY230922P00430000,430.0,0,0.0,0.0,,0.0,normalDay
2023-08-30,14755.0,353.0,0.0,0,451.01,0.0,1,4.55,1.02,SPY230922P00430000,430.0,0,0.0,0.0,,0.0,normalDay
2023-08-31,14755.0,367.0,0.0,0,450.35,0.0,1,4.55,0.88,SPY230922P00430000,430.0,0,0.0,0.0,,0.0,normalDay
2023-09-01,14755.0,379.0,0.0,0,451.19,0.0,1,4.55,0.76,SPY230922P00430000,430.0,0,0.0,0.0,,0.0,normalDay
2023-09-05,14755.0,372.0,0.0,0,449.24,0.0,1,4.55,0.83,SPY230922P00430000,430.0,0,0.0,0.0,,0.0,normalDay
2023-09-06,14755.0,346.0,0.0,0,446.22,0.0,1,4.55,1.09,SPY230922P00430000,430.0,0,0.0,0.0,,0.0,normalDay
2023-09-07,14755.0,344.0,0.0,0,444.85,0.0,1,4.55,1.11,SPY230922P00430000,430.0,0,0.0,0.0,,0.0,normalDay
2023-09-08,14755.0,378.0,0.0,0,445.52,0.0,1,4.55,0.77,SPY230922P00430000,430.0,0,0.0,0.0,,0.0,normalDay
2023-09-11,14755.0,411.0,0.0,0,448.45,0.0,1,4.55,0.44,SPY230922P00430000,430.0,0,0.0,0.0,,0.0,normalDay
2023-09-12,14755.0,400.0,0.0,0,445.99,0.0,1,4.55,0.55,SPY230922P00430000,430.0,0,0.0,0.0,,0.0,normalDay
2023-09-13,14755.0,425.0,0.0,0,446.51,0.0,1,4.55,0.3,SPY230922P00430000,430.0,0,0.0,0.0,,0.0,normalDay
2023-09-14,14755.0,439.0,0.0,0,450.36,0.0,1,4.55,0.16,SPY230922P00430000,430.0,0,0.0,0.0,,0.0,normalDay
2023-09-15,14755.0,433.0,0.0,0,443.37,0.0,1,4.55,0.22,SPY230922P00430000,430.0,0,0.0,0.0,,0.0,normalDay
2023-09-18,14755.0,443.0,0.0,0,443.63,0.0,1,4.55,0.12,SPY230922P00430000,430.0,0,0.0,0.0,,0.0,normalDay
2023-09-19,14755.0,443.0,0.0,0,442.71,0.0,1,4.55,0.12,SPY230922P00430000,430.0,0,0.0,0.0,,0.0,normalDay
2023-09-20,14755.0,441.0,0.0,0,438.64,0.0,1,4.55,0.14,SPY230922P00430000,430.0,0,0.0,0.0,,0.0,normalDay
2023-09-21,14755.0,349.0,0.0,0,431.39,0.0,1,4.55,1.06,SPY230922P00430000,430.0,0,0.0,0.0,,0.0,normalDay
2023-09-22,15210.0,0.0,455.0,0,430.42,0.0,1,4.55,0.0,SPY230922P00430000,430.0,0,0.0,0.0,,0.0,expirationDay
2023-09-25,15210.0,-5.0,0.0,0,432.23,0.0,1,4.98,5.03,SPY231027P00427000,427.0,0,0.0,0.0,,0.0,normalDay
2023-09-26,15210.0,-281.0,0.0,0,425.88,0.0,1,4.98,7.79,SPY231027P00427000,427.0,0,0.0,0.0,,0.0,normalDay
2023-09-27,15210.0,-237.0,0.0,0,426.05,0.0,1,4.98,7.35,SPY231027P00427000,427.0,0,0.0,0.0,,0.0,normalDay
2023-09-28,15210.0,-124.0,0.0,0,428.52,0.0,1,4.98,6.22,SPY231027P00427000,427.0,0,0.0,0.0,,0.0,normalDay
2023-09-29,15210.0,-148.0,0.0,0,427.48,0.0,1,4.98,6.46,SPY231027P00427000,427.0,0,0.0,0.0,,0.0,normalDay
2023-10-02,15210.0,-122.0,0.0,0,427.31,0.0,1,4.98,6.2,SPY231027P00427000,427.0,0,0.0,0.0,,0.0,normalDay
2023-10-03,15210.0,-438.0,0.0,0,421.59,0.0,1,4.98,9.36,SPY231027P00427000,427.0,0,0.0,0.0,,0.0,normalDay
2023-10-04,15210.0,-256.0,0.0,0,424.66,0.0,1,4.98,7.54,SPY231027P00427000,427.0,0,0.0,0.0,,0.0,normalDay
2023-10-05,15210.0,-260.0,0.0,0,424.5,0.0,1,4.98,7.58,SPY231027P00427000,427.0,0,0.0,0.0,,0.0,normalDay
2023-10-06,15210.0,35.0,0.0,0,429.54,0.0,1,4.98,4.63,SPY231027P00427000,427.0,0,0.0,0.0,,0.0,normalDay
2023-10-09,15210.0,144.0,0.0,0,432.29,0.0,1,4.98,3.54,SPY231027P00427000,427.0,0,0.0,0.0,,0.0,normalDay
2023-10-10,15210.0,231.0,0.0,0,434.54,0.0,1,4.98,2.67,SPY231027P00427000,427.0,0,0.0,0.0,,0.0,normalDay
2023-10-11,15210.0,316.0,0.0,0,436.32,0.0,1,4.98,1.82,SPY231027P00427000,427.0,0,0.0,0.0,,0.0,normalDay
2023-10-12,15210.0,253.0,0.0,0,433.66,0.0,1,4.98,2.45,SPY231027P00427000,427.0,0,0.0,0.0,,0.0,normalDay
2023-10-13,15210.0,135.0,0.0,0,431.5,0.0,1,4.98,3.63,SPY231027P00427000,427.0,0,0.0,0.0,,0.0,normalDay
2023-10-16,15210.0,332.0,0.0,0,436.04,0.0,1,4.98,1.66,SPY231027P00427000,427.0,0,0.0,0.0,,0.0,normalDay
2023-10-17,15210.0,327.0,0.0,0,436.02,0.0,1,4.98,1.71,SPY231027P00427000,427.0,0,0.0,0.0,,0.0,normalDay
2023-10-18,15210.0,198.0,0.0,0,430.21,0.0,1,4.98,3.0,SPY231027P00427000,427.0,0,0.0,0.0,,0.0,normalDay
2023-10-19,15210.0,-33.0,0.0,0,426.43,0.0,1,4.98,5.31,SPY231027P00427000,427.0,0,0.0,0.0,,0.0,normalDay
2023-10-20,15210.0,-235.0,0.0,0,421.19,0.0,1,4.98,7.33,SPY231027P00427000,427.0,0,0.0,0.0,,0.0,normalDay
2023-10-23,15210.0,-177.0,0.0,0,420.46,0.0,1,4.98,6.75,SPY231027P00427000,427.0,0,0.0,0.0,,0.0,normalDay
2023-10-24,15210.0,64.0,0.0,0,423.63,0.0,1,4.98,4.34,SPY231027P00427000,427.0,0,0.0,0.0,,0.0,normalDay
2023-10-25,15210.0,-434.0,0.0,0,417.55,0.0,1,4.98,9.32,SPY231027P00427000,427.0,0,0.0,0.0,,0.0,normalDay
2023-10-26,15210.0,-927.0,0.0,0,412.55,0.0,1,4.98,14.25,SPY231027P00427000,427.0,0,0.0,0.0,,0.0,normalDay
2023-10-27,15708.0,-1632.0,498.0,100,410.68,427.0,1,4.98,0.0,SPY231027P00427000,427.0,0,0.0,0.0,,0.0,expirationDay
2023-10-30,15708.0,-1148.0,0.0,100,415.59,427.0,0,0.0,0.0,,0.0,1,2.65,2.72,SPY240315C00461000,461.0,normalDay
2023-10-31,15708.0,-877.0,0.0,100,418.2,427.0,0,0.0,0.0,,0.0,1,2.65,2.62,SPY240315C00461000,461.0,normalDay
2023-11-01,15708.0,-499.0,0.0,100,422.66,427.0,0,0.0,0.0,,0.0,1,2.65,3.3,SPY240315C00461000,461.0,normalDay
2023-11-02,15708.0,159.0,0.0,100,430.76,427.0,0,0.0,0.0,,0.0,1,2.65,4.82,SPY240315C00461000,461.0,normalDay
2023-11-03,15708.0,455.0,0.0,100,434.69,427.0,0,0.0,0.0,,0.0,1,2.65,5.79,SPY240315C00461000,461.0,normalDay
2023-11-06,15708.0,573.0,0.0,100,435.69,427.0,0,0.0,0.0,,0.0,1,2.65,5.61,SPY240315C00461000,461.0,normalDay
2023-11-07,15708.0,652.0,0.0,100,436.93,427.0,0,0.0,0.0,,0.0,1,2.65,6.06,SPY240315C00461000,461.0,normalDay
2023-11-08,15708.0,702.0,0.0,100,437.25,427.0,0,0.0,0.0,,0.0,1,2.65,5.88,SPY240315C00461000,461.0,normalDay
2023-11-09,15708.0,448.0,0.0,100,433.84,427.0,0,0.0,0.0,,0.0,1,2.65,5.01,SPY240315C00461000,461.0,normalDay
2023-11-10,15708.0,930.0,0.0,100,440.61,427.0,0,0.0,0.0,,0.0,1,2.65,6.96,SPY240315C00461000,461.0,normalDay
2023-11-13,15708.0,912.0,0.0,100,440.19,427.0,0,0.0,0.0,,0.0,1,2.65,6.72,SPY240315C00461000,461.0,normalDay
2023-11-14,15708.0,1395.0,0.0,100,448.73,427.0,0,0.0,0.0,,0.0,1,2.65,10.43,SPY240315C00461000,461.0,normalDay
2023-11-15,15708.0,1486.0,0.0,100,449.68,427.0,0,0.0,0.0,,0.0,1,2.65,10.47,SPY240315C00461000,461.0,normalDay
2023-11-16,15708.0,1531.0,0.0,100,450.23,427.0,0,0.0,0.0,,0.0,1,2.65,10.57,SPY240315C00461000,461.0,normalDay
2023-11-17,15708.0,1583.0,0.0,100,450.79,427.0,0,0.0,0.0,,0.0,1,2.65,10.61,SPY240315C00461000,461.0,normalDay
2023-11-20,15708.0,1761.0,0.0,100,454.26,427.0,0,0.0,0.0,,0.0,1,2.65,12.3,SPY240315C00461000,461.0,normalDay
2023-11-21,15708.0,1760.0,0.0,100,453.27,427.0,0,0.0,0.0,,0.0,1,2.65,11.32,SPY240315C00461000,461.0,normalDay
2023-11-22,15708.0,1827.0,0.0,100,455.02,427.0,0,0.0,0.0,,0.0,1,2.65,12.4,SPY240315C00461000,461.0,normalDay
2023-11-24,15708.0,1879.0,0.0,100,455.3,427.0,0,0.0,0.0,,0.0,1,2.65,12.16,SPY240315C00461000,461.0,normalDay
2023-11-27,15708.0,1846.0,0.0,100,454.48,427.0,0,0.0,0.0,,0.0,1,2.65,11.67,SPY240315C00461000,461.0,normalDay
2023-11-28,15708.0,1878.0,0.0,100,454.93,427.0,0,0.0,0.0,,0.0,1,2.65,11.8,SPY240315C00461000,461.0,normalDay
2023-11-29,15708.0,1825.0,0.0,100,454.61,427.0,0,0.0,0.0,,0.0,1,2.65,12.01,SPY240315C00461000,461.0,normalDay
2023-11-30,15708.0,1962.0,0.0,100,456.4,427.0,0,0.0,0.0,,0.0,1,2.65,12.43,SPY240315C00461000,461.0,normalDay
