date,totalCapital,unrializedPnL,rializedPnL,stocksOwned,stocksPriceToday,stocksPriceBoughtAt,putOwned,putOwnedSoldAt,putPriceToday,putOwnedContract,putOwnedStrike,callOwned,callOwnedSoldAt,callPriceToday,callOwnedContract,callOwnedStrike,trackType
2018-11-01,0.0,-11.0,0.0,0,273.51,0.0,1,8.19,8.3,SPY190329P00263000,263.0,0,0.0,0.0,,0.0,normalDay
2018-11-02,0.0,-58.0,0.0,0,271.89,0.0,1,8.19,8.77,SPY190329P00263000,263.0,0,0.0,0.0,,0.0,normalDay
2018-11-05,0.0,11.0,0.0,0,273.39,0.0,1,8.19,8.08,SPY190329P00263000,263.0,0,0.0,0.0,,0.0,normalDay
2018-11-06,0.0,79.0,0.0,0,275.12,0.0,1,8.19,7.4,SPY190329P00263000,263.0,0,0.0,0.0,,0.0,normalDay
2018-11-07,0.0,276.0,0.0,0,281.01,0.0,1,8.19,5.43,SPY190329P00263000,263.0,0,0.0,0.0,,0.0,normalDay
2018-11-08,0.0,280.0,0.0,0,280.5,0.0,1,8.19,5.39,SPY190329P00263000,263.0,0,0.0,0.0,,0.0,normalDay
2018-11-09,0.0,188.0,0.0,0,277.76,0.0,1,8.19,6.31,SPY190329P00263000,263.0,0,0.0,0.0,,0.0,normalDay
2018-11-12,0.0,15.0,0.0,0,272.57,0.0,1,8.19,8.04,SPY190329P00263000,263.0,0,0.0,0.0,,0.0,normalDay
2018-11-13,0.0,-18.0,0.0,0,272.06,0.0,1,8.19,8.37,SPY190329P00263000,263.0,0,0.0,0.0,,0.0,normalDay
2018-11-14,0.0,-114.0,0.0,0,270.2,0.0,1,8.19,9.33,SPY190329P00263000,263.0,0,0.0,0.0,,0.0,normalDay
2018-11-15,0.0,4.0,0.0,0,273.02,0.0,1,8.19,8.15,SPY190329P00263000,263.0,0,0.0,0.0,,0.0,normalDay
2018-11-16,0.0,69.0,0.0,0,273.73,0.0,1,8.19,7.5,SPY190329P00263000,263.0,0,0.0,0.0,,0.0,normalDay
2018-11-19,0.0,-106.0,0.0,0,269.1,0.0,1,8.19,9.25,SPY190329P00263000,263.0,0,0.0,0.0,,0.0,normalDay
2018-11-20,0.0,-353.0,0.0,0,264.12,0.0,1,8.19,11.72,SPY190329P00263000,263.0,0,0.0,0.0,,0.0,normalDay
2018-11-21,0.0,-270.0,0.0,0,265.02,0.0,1,8.19,10.89,SPY190329P00263000,263.0,0,0.0,0.0,,0.0,normalDay
2018-11-23,0.0,-354.0,0.0,0,263.25,0.0,1,8.19,11.73,SPY190329P00263000,263.0,0,0.0,0.0,,0.0,normalDay
2018-11-26,0.0,-95.0,0.0,0,267.5,0.0,1,8.19,9.14,SPY190329P00263000,263.0,0,0.0,0.0,,0.0,normalDay
2018-11-27,0.0,-72.0,0.0,0,268.4,0.0,1,8.19,8.91,SPY190329P00263000,263.0,0,0.0,0.0,,0.0,normalDay
2018-11-28,0.0,127.0,0.0,0,274.58,0.0,1,8.19,6.92,SPY190329P00263000,263.0,0,0.0,0.0,,0.0,normalDay
2018-11-29,0.0,111.0,0.0,0,273.98,0.0,1,8.19,7.08,SPY190329P00263000,263.0,0,0.0,0.0,,0.0,normalDay
2018-11-30,0.0,179.0,0.0,0,275.65,0.0,1,8.19,6.4,SPY190329P00263000,263.0,0,0.0,0.0,,0.0,normalDay
2018-12-03,0.0,303.0,0.0,0,279.3,0.0,1,8.19,5.16,SPY190329P00263000,263.0,0,0.0,0.0,,0.0,normalDay
2018-12-04,0.0,-23.0,0.0,0,270.25,0.0,1,8.19,8.42,SPY190329P00263000,263.0,0,0.0,0.0,,0.0,normalDay
2018-12-06,0.0,-40.0,0.0,0,269.84,0.0,1,8.19,8.59,SPY190329P00263000,263.0,0,0.0,0.0,,0.0,normalDay
2018-12-07,0.0,-330.0,0.0,0,263.57,0.0,1,8.19,11.49,SPY190329P00263000,263.0,0,0.0,0.0,,0.0,normalDay
2018-12-10,0.0,-260.0,0.0,0,264.07,0.0,1,8.19,10.79,SPY190329P00263000,263.0,0,0.0,0.0,,0.0,normalDay
2018-12-11,0.0,-252.0,0.0,0,264.13,0.0,1,8.19,10.71,SPY190329P00263000,263.0,0,0.0,0.0,,0.0,normalDay
2018-12-12,0.0,-210.0,0.0,0,265.46,0.0,1,8.19,10.29,SPY190329P00263000,263.0,0,0.0,0.0,,0.0,normalDay
2018-12-13,0.0,-195.0,0.0,0,265.37,0.0,1,8.19,10.14,SPY190329P00263000,263.0,0,0.0,0.0,,0.0,normalDay
2018-12-14,0.0,-419.0,0.0,0,260.47,0.0,1,8.19,12.38,SPY190329P00263000,263.0,0,0.0,0.0,,0.0,normalDay
2018-12-17,0.0,-713.0,0.0,0,255.36,0.0,1,8.19,15.32,SPY190329P00263000,263.0,0,0.0,0.0,,0.0,normalDay
2018-12-18,0.0,-773.0,0.0,0,255.08,0.0,1,8.19,15.92,SPY190329P00263000,263.0,0,0.0,0.0,,0.0,normalDay
2018-12-19,0.0,-945.0,0.0,0,251.26,0.0,1,8.19,17.64,SPY190329P00263000,263.0,0,0.0,0.0,,0.0,normalDay
2018-12-20,0.0,-1223.0,0.0,0,247.17,0.0,1,8.19,20.42,SPY190329P00263000,263.0,0,0.0,0.0,,0.0,normalDay
2018-12-21,0.0,-1705.0,0.0,0,240.7,0.0,1,8.19,25.24,SPY190329P00263000,263.0,0,0.0,0.0,,0.0,normalDay
2018-12-24,0.0,-2381.0,0.0,0,234.34,0.0,1,8.19,32.0,SPY190329P00263000,263.0,0,0.0,0.0,,0.0,normalDay
2018-12-26,0.0,-1223.0,0.0,0,246.18,0.0,1,8.19,20.42,SPY190329P00263000,263.0,0,0.0,0.0,,0.0,normalDay
2018-12-27,0.0,-1099.0,0.0,0,248.07,0.0,1,8.19,19.18,SPY190329P00263000,263.0,0,0.0,0.0,,0.0,normalDay
2018-12-28,0.0,-1130.0,0.0,0,247.75,0.0,1,8.19,19.49,SPY190329P00263000,263.0,0,0.0,0.0,,0.0,normalDay
2018-12-31,0.0,-922.0,0.0,0,249.92,0.0,1,8.19,17.41,SPY190329P00263000,263.0,0,0.0,0.0,,0.0,normalDay
2019-01-02,0.0,-844.0,0.0,0,250.18,0.0,1,8.19,16.63,SPY190329P00263000,263.0,0,0.0,0.0,,0.0,normalDay
2019-01-03,0.0,-1333.0,0.0,0,244.21,0.0,1,8.19,21.52,SPY190329P00263000,263.0,0,0.0,0.0,,0.0,normalDay
2019-01-04,0.0,-685.0,0.0,0,252.39,0.0,1,8.19,15.04,SPY190329P00263000,263.0,0,0.0,0.0,,0.0,normalDay
2019-01-07,0.0,-548.0,0.0,0,254.38,0.0,1,8.19,13.67,SPY190329P00263000,263.0,0,0.0,0.0,,0.0,normalDay
2019-01-08,0.0,-392.0,0.0,0,256.77,0.0,1,8.19,12.11,SPY190329P00263000,263.0,0,0.0,0.0,,0.0,normalDay
2019-01-09,0.0,-298.0,0.0,0,257.97,0.0,1,8.19,11.17,SPY190329P00263000,263.0,0,0.0,0.0,,0.0,normalDay
2019-01-10,0.0,-230.0,0.0,0,258.88,0.0,1,8.19,10.49,SPY190329P00263000,263.0,0,0.0,0.0,,0.0,normalDay
2019-01-11,0.0,-186.0,0.0,0,258.98,0.0,1,8.19,10.05,SPY190329P00263000,263.0,0,0.0,0.0,,0.0,normalDay
2019-01-14,0.0,-243.0,0.0,0,257.4,0.0,1,8.19,10.62,SPY190329P00263000,263.0,0,0.0,0.0,,0.0,normalDay
2019-01-15,0.0,-59.0,0.0,0,260.35,0.0,1,8.19,8.78,SPY190329P00263000,263.0,0,0.0,0.0,,0.0,normalDay
2019-01-16,0.0,-22.0,0.0,0,260.98,0.0,1,8.19,8.41,SPY190329P00263000,263.0,0,0.0,0.0,,0.0,normalDay
2019-01-17,0.0,75.0,0.0,0,262.96,0.0,1,8.19,7.44,SPY190329P00263000,263.0,0,0.0,0.0,,0.0,normalDay
2019-01-18,0.0,208.0,0.0,0,266.46,0.0,1,8.19,6.11,SPY190329P00263000,263.0,0,0.0,0.0,,0.0,normalDay
2019-01-22,0.0,36.0,0.0,0,262.86,0.0,1,8.19,7.83,SPY190329P00263000,263.0,0,0.0,0.0,,0.0,normalDay
2019-01-23,0.0,56.0,0.0,0,263.41,0.0,1,8.19,7.63,SPY190329P00263000,263.0,0,0.0,0.0,,0.0,normalDay
2019-01-24,0.0,84.0,0.0,0,263.55,0.0,1,8.19,7.35,SPY190329P00263000,263.0,0,0.0,0.0,,0.0,normalDay
2019-01-25,0.0,218.0,0.0,0,265.78,0.0,1,8.19,6.01,SPY190329P00263000,263.0,0,0.0,0.0,,0.0,normalDay
2019-01-28,0.0,126.0,0.0,0,263.76,0.0,1,8.19,6.93,SPY190329P00263000,263.0,0,0.0,0.0,,0.0,normalDay
2019-01-29,0.0,109.0,0.0,0,263.41,0.0,1,8.19,7.1,SPY190329P00263000,263.0,0,0.0,0.0,,0.0,normalDay
2019-01-30,0.0,304.0,0.0,0,267.58,0.0,1,8.19,5.15,SPY190329P00263000,263.0,0,0.0,0.0,,0.0,normalDay
2019-01-31,0.0,428.0,0.0,0,269.93,0.0,1,8.19,3.91,SPY190329P00263000,263.0,0,0.0,0.0,,0.0,normalDay
2019-02-01,0.0,443.0,0.0,0,270.06,0.0,1,8.19,3.76,SPY190329P00263000,263.0,0,0.0,0.0,,0.0,normalDay
2019-02-04,0.0,514.0,0.0,0,271.96,0.0,1,8.19,3.05,SPY190329P00263000,263.0,0,0.0,0.0,,0.0,normalDay
2019-02-05,0.0,537.0,0.0,0,273.1,0.0,1,8.19,2.82,SPY190329P00263000,263.0,0,0.0,0.0,,0.0,normalDay
2019-02-06,0.0,542.0,0.0,0,272.74,0.0,1,8.19,2.77,SPY190329P00263000,263.0,0,0.0,0.0,,0.0,normalDay
2019-02-07,0.0,466.0,0.0,0,270.14,0.0,1,8.19,3.53,SPY190329P00263000,263.0,0,0.0,0.0,,0.0,normalDay
2019-02-08,0.0,485.0,0.0,0,270.47,0.0,1,8.19,3.34,SPY190329P00263000,263.0,0,0.0,0.0,,0.0,normalDay
2019-02-11,0.0,504.0,0.0,0,270.62,0.0,1,8.19,3.15,SPY190329P00263000,263.0,0,0.0,0.0,,0.0,normalDay
2019-02-12,0.0,599.0,0.0,0,274.1,0.0,1,8.19,2.2,SPY190329P00263000,263.0,0,0.0,0.0,,0.0,normalDay
2019-02-13,0.0,608.0,0.0,0,274.99,0.0,1,8.19,2.11,SPY190329P00263000,263.0,0,0.0,0.0,,0.0,normalDay
2019-02-14,0.0,591.0,0.0,0,274.38,0.0,1,8.19,2.28,SPY190329P00263000,263.0,0,0.0,0.0,,0.0,normalDay
2019-02-15,0.0,662.0,0.0,0,277.37,0.0,1,8.19,1.57,SPY190329P00263000,263.0,0,0.0,0.0,,0.0,normalDay
2019-02-19,0.0,680.0,0.0,0,277.85,0.0,1,8.19,1.39,SPY190329P00263000,263.0,0,0.0,0.0,,0.0,normalDay
2019-02-20,0.0,706.0,0.0,0,278.41,0.0,1,8.19,1.13,SPY190329P00263000,263.0,0,0.0,0.0,,0.0,normalDay
2019-02-21,0.0,694.0,0.0,0,277.42,0.0,1,8.19,1.25,SPY190329P00263000,263.0,0,0.0,0.0,,0.0,normalDay
2019-02-22,0.0,726.0,0.0,0,279.14,0.0,1,8.19,0.93,SPY190329P00263000,263.0,0,0.0,0.0,,0.0,normalDay
2019-02-25,0.0,725.0,0.0,0,279.52,0.0,1,8.19,0.94,SPY190329P00263000,263.0,0,0.0,0.0,,0.0,normalDay
2019-02-26,0.0,722.0,0.0,0,279.32,0.0,1,8.19,0.97,SPY190329P00263000,263.0,0,0.0,0.0,,0.0,normalDay
2019-02-27,0.0,727.0,0.0,0,279.2,0.0,1,8.19,0.92,SPY190329P00263000,263.0,0,0.0,0.0,,0.0,normalDay
2019-02-28,0.0,724.0,0.0,0,278.68,0.0,1,8.19,0.95,SPY190329P00263000,263.0,0,0.0,0.0,,0.0,normalDay
2019-03-01,0.0,754.0,0.0,0,280.42,0.0,1,8.19,0.65,SPY190329P00263000,263.0,0,0.0,0.0,,0.0,normalDay
2019-03-04,0.0,741.0,0.0,0,279.4,0.0,1,8.19,0.78,SPY190329P00263000,263.0,0,0.0,0.0,,0.0,normalDay
2019-03-05,0.0,741.0,0.0,0,279.02,0.0,1,8.19,0.78,SPY190329P00263000,263.0,0,0.0,0.0,,0.0,normalDay
2019-03-06,0.0,722.0,0.0,0,277.33,0.0,1,8.19,0.97,SPY190329P00263000,263.0,0,0.0,0.0,,0.0,normalDay
2019-03-07,0.0,693.0,0.0,0,275.01,0.0,1,8.19,1.26,SPY190329P00263000,263.0,0,0.0,0.0,,0.0,normalDay
2019-03-08,0.0,705.0,0.0,0,274.46,0.0,1,8.19,1.14,SPY190329P00263000,263.0,0,0.0,0.0,,0.0,normalDay
2019-03-11,0.0,770.0,0.0,0,278.44,0.0,1,8.19,0.49,SPY190329P00263000,263.0,0,0.0,0.0,,0.0,normalDay
2019-03-12,0.0,783.0,0.0,0,279.49,0.0,1,8.19,0.36,SPY190329P00263000,263.0,0,0.0,0.0,,0.0,normalDay
2019-03-13,0.0,796.0,0.0,0,281.34,0.0,1,8.19,0.23,SPY190329P00263000,263.0,0,0.0,0.0,,0.0,normalDay
2019-03-14,0.0,798.0,0.0,0,281.16,0.0,1,8.19,0.21,SPY190329P00263000,263.0,0,0.0,0.0,,0.0,normalDay
2019-03-15,0.0,806.0,0.0,0,281.31,0.0,1,8.19,0.13,SPY190329P00263000,263.0,0,0.0,0.0,,0.0,normalDay
2019-03-18,0.0,810.0,0.0,0,282.33,0.0,1,8.19,0.09,SPY190329P00263000,263.0,0,0.0,0.0,,0.0,normalDay
2019-03-19,0.0,809.0,0.0,0,282.4,0.0,1,8.19,0.1,SPY190329P00263000,263.0,0,0.0,0.0,,0.0,normalDay
2019-03-20,0.0,810.0,0.0,0,281.55,0.0,1,8.19,0.09,SPY190329P00263000,263.0,0,0.0,0.0,,0.0,normalDay
2019-03-21,0.0,815.0,0.0,0,284.73,0.0,1,8.19,0.04,SPY190329P00263000,263.0,0,0.0,0.0,,0.0,normalDay
2019-03-22,0.0,808.0,0.0,0,279.25,0.0,1,8.19,0.11,SPY190329P00263000,263.0,0,0.0,0.0,,0.0,normalDay
2019-03-25,0.0,814.0,0.0,0,279.04,0.0,1,8.19,0.05,SPY190329P00263000,263.0,0,0.0,0.0,,0.0,normalDay
2019-03-26,0.0,817.0,0.0,0,281.12,0.0,1,8.19,0.02,SPY190329P00263000,263.0,0,0.0,0.0,,0.0,normalDay
2019-03-27,0.0,817.0,0.0,0,279.65,0.0,1,8.19,0.02,SPY190329P00263000,263.0,0,0.0,0.0,,0.0,normalDay
2019-03-28,0.0,818.0,0.0,0,280.71,0.0,1,8.19,0.01,SPY190329P00263000,263.0,0,0.0,0.0,,0.0,normalDay
2019-03-29,819.0,0.0,819.0,0,282.48,0.0,1,8.19,0.0,SPY190329P00263000,263.0,0,0.0,0.0,,0.0,expirationDay
2019-04-01,819.0,-6.0,0.0,0,285.83,0.0,1,7.67,7.73,SPY190930P00276000,276.0,0,0.0,0.0,,0.0,normalDay
2019-04-02,819.0,1.0,0.0,0,285.97,0.0,1,7.67,7.66,SPY190930P00276000,276.0,0,0.0,0.0,,0.0,normalDay
2019-04-03,819.0,26.0,0.0,0,286.42,0.0,1,7.67,7.41,SPY190930P00276000,276.0,0,0.0,0.0,,0.0,normalDay
2019-04-04,819.0,46.0,0.0,0,287.18,0.0,1,7.67,7.21,SPY190930P00276000,276.0,0,0.0,0.0,,0.0,normalDay
2019-04-05,819.0,101.0,0.0,0,288.57,0.0,1,7.67,6.66,SPY190930P00276000,276.0,0,0.0,0.0,,0.0,normalDay
2019-04-08,819.0,110.0,0.0,0,288.79,0.0,1,7.67,6.57,SPY190930P00276000,276.0,0,0.0,0.0,,0.0,normalDay
2019-04-09,819.0,41.0,0.0,0,287.31,0.0,1,7.67,7.26,SPY190930P00276000,276.0,0,0.0,0.0,,0.0,normalDay
2019-04-10,819.0,99.0,0.0,0,288.29,0.0,1,7.67,6.68,SPY190930P00276000,276.0,0,0.0,0.0,,0.0,normalDay
2019-04-11,819.0,96.0,0.0,0,288.21,0.0,1,7.67,6.71,SPY190930P00276000,276.0,0,0.0,0.0,,0.0,normalDay
2019-04-12,819.0,171.0,0.0,0,290.16,0.0,1,7.67,5.96,SPY190930P00276000,276.0,0,0.0,0.0,,0.0,normalDay
2019-04-15,819.0,174.0,0.0,0,289.97,0.0,1,7.67,5.93,SPY190930P00276000,276.0,0,0.0,0.0,,0.0,normalDay
2019-04-16,819.0,179.0,0.0,0,290.16,0.0,1,7.67,5.88,SPY190930P00276000,276.0,0,0.0,0.0,,0.0,normalDay
2019-04-17,819.0,156.0,0.0,0,289.45,0.0,1,7.67,6.11,SPY190930P00276000,276.0,0,0.0,0.0,,0.0,normalDay
2019-04-18,819.0,177.0,0.0,0,290.02,0.0,1,7.67,5.9,SPY190930P00276000,276.0,0,0.0,0.0,,0.0,normalDay
2019-04-22,819.0,196.0,0.0,0,290.27,0.0,1,7.67,5.71,SPY190930P00276000,276.0,0,0.0,0.0,,0.0,normalDay
2019-04-23,819.0,256.0,0.0,0,292.88,0.0,1,7.67,5.11,SPY190930P00276000,276.0,0,0.0,0.0,,0.0,normalDay
2019-04-24,819.0,234.0,0.0,0,292.23,0.0,1,7.67,5.33,SPY190930P00276000,276.0,0,0.0,0.0,,0.0,normalDay
2019-04-25,819.0,221.0,0.0,0,292.05,0.0,1,7.67,5.46,SPY190930P00276000,276.0,0,0.0,0.0,,0.0,normalDay
2019-04-26,819.0,260.0,0.0,0,293.41,0.0,1,7.67,5.07,SPY190930P00276000,276.0,0,0.0,0.0,,0.0,normalDay
2019-04-29,819.0,266.0,0.0,0,293.87,0.0,1,7.67,5.01,SPY190930P00276000,276.0,0,0.0,0.0,,0.0,normalDay
2019-04-30,819.0,273.0,0.0,0,294.02,0.0,1,7.67,4.94,SPY190930P00276000,276.0,0,0.0,0.0,,0.0,normalDay
2019-05-01,819.0,198.0,0.0,0,291.81,0.0,1,7.67,5.69,SPY190930P00276000,276.0,0,0.0,0.0,,0.0,normalDay
2019-05-02,819.0,187.0,0.0,0,291.18,0.0,1,7.67,5.8,SPY190930P00276000,276.0,0,0.0,0.0,,0.0,normalDay
2019-05-03,819.0,275.0,0.0,0,294.03,0.0,1,7.67,4.92,SPY190930P00276000,276.0,0,0.0,0.0,,0.0,normalDay
2019-05-06,819.0,221.0,0.0,0,292.82,0.0,1,7.67,5.46,SPY190930P00276000,276.0,0,0.0,0.0,,0.0,normalDay
2019-05-07,819.0,15.0,0.0,0,287.93,0.0,1,7.67,7.52,SPY190930P00276000,276.0,0,0.0,0.0,,0.0,normalDay
2019-05-08,819.0,28.0,0.0,0,287.53,0.0,1,7.67,7.39,SPY190930P00276000,276.0,0,0.0,0.0,,0.0,normalDay
2019-05-09,819.0,19.0,0.0,0,286.66,0.0,1,7.67,7.48,SPY190930P00276000,276.0,0,0.0,0.0,,0.0,normalDay
2019-05-10,819.0,102.0,0.0,0,288.1,0.0,1,7.67,6.65,SPY190930P00276000,276.0,0,0.0,0.0,,0.0,normalDay
2019-05-13,819.0,-202.0,0.0,0,280.86,0.0,1,7.67,9.69,SPY190930P00276000,276.0,0,0.0,0.0,,0.0,normalDay
2019-05-14,819.0,-61.0,0.0,0,283.4,0.0,1,7.67,8.28,SPY190930P00276000,276.0,0,0.0,0.0,,0.0,normalDay
2019-05-15,819.0,30.0,0.0,0,285.06,0.0,1,7.67,7.37,SPY190930P00276000,276.0,0,0.0,0.0,,0.0,normalDay
2019-05-16,819.0,133.0,0.0,0,287.7,0.0,1,7.67,6.34,SPY190930P00276000,276.0,0,0.0,0.0,,0.0,normalDay
2019-05-17,819.0,72.0,0.0,0,285.84,0.0,1,7.67,6.95,SPY190930P00276000,276.0,0,0.0,0.0,,0.0,normalDay
2019-05-20,819.0,25.0,0.0,0,283.95,0.0,1,7.67,7.42,SPY190930P00276000,276.0,0,0.0,0.0,,0.0,normalDay
2019-05-21,819.0,128.0,0.0,0,286.51,0.0,1,7.67,6.39,SPY190930P00276000,276.0,0,0.0,0.0,,0.0,normalDay
2019-05-22,819.0,109.0,0.0,0,285.63,0.0,1,7.67,6.58,SPY190930P00276000,276.0,0,0.0,0.0,,0.0,normalDay
2019-05-23,819.0,-54.0,0.0,0,282.14,0.0,1,7.67,8.21,SPY190930P00276000,276.0,0,0.0,0.0,,0.0,normalDay
2019-05-24,819.0,-4.0,0.0,0,282.78,0.0,1,7.67,7.71,SPY190930P00276000,276.0,0,0.0,0.0,,0.0,normalDay
2019-05-28,819.0,-99.0,0.0,0,280.15,0.0,1,7.67,8.66,SPY190930P00276000,276.0,0,0.0,0.0,,0.0,normalDay
2019-05-29,819.0,-192.0,0.0,0,278.27,0.0,1,7.67,9.59,SPY190930P00276000,276.0,0,0.0,0.0,,0.0,normalDay
2019-05-30,819.0,-155.0,0.0,0,279.03,0.0,1,7.67,9.22,SPY190930P00276000,276.0,0,0.0,0.0,,0.0,normalDay
2019-05-31,819.0,-342.0,0.0,0,275.27,0.0,1,7.67,11.09,SPY190930P00276000,276.0,0,0.0,0.0,,0.0,normalDay
2019-06-03,819.0,-345.0,0.0,0,274.57,0.0,1,7.67,11.12,SPY190930P00276000,276.0,0,0.0,0.0,,0.0,normalDay
2019-06-04,819.0,-71.0,0.0,0,280.53,0.0,1,7.67,8.38,SPY190930P00276000,276.0,0,0.0,0.0,,0.0,normalDay
2019-06-05,819.0,30.0,0.0,0,282.96,0.0,1,7.67,7.37,SPY190930P00276000,276.0,0,0.0,0.0,,0.0,normalDay
2019-06-06,819.0,96.0,0.0,0,284.8,0.0,1,7.67,6.71,SPY190930P00276000,276.0,0,0.0,0.0,,0.0,normalDay
2019-06-07,819.0,162.0,0.0,0,287.65,0.0,1,7.67,6.05,SPY190930P00276000,276.0,0,0.0,0.0,,0.0,normalDay
2019-06-10,819.0,216.0,0.0,0,288.97,0.0,1,7.67,5.51,SPY190930P00276000,276.0,0,0.0,0.0,,0.0,normalDay
2019-06-11,819.0,204.0,0.0,0,288.9,0.0,1,7.67,5.63,SPY190930P00276000,276.0,0,0.0,0.0,,0.0,normalDay
2019-06-12,819.0,201.0,0.0,0,288.39,0.0,1,7.67,5.66,SPY190930P00276000,276.0,0,0.0,0.0,,0.0,normalDay
2019-06-13,819.0,238.0,0.0,0,289.58,0.0,1,7.67,5.29,SPY190930P00276000,276.0,0,0.0,0.0,,0.0,normalDay
2019-06-14,819.0,247.0,0.0,0,289.26,0.0,1,7.67,5.2,SPY190930P00276000,276.0,0,0.0,0.0,,0.0,normalDay
2019-06-17,819.0,256.0,0.0,0,289.37,0.0,1,7.67,5.11,SPY190930P00276000,276.0,0,0.0,0.0,,0.0,normalDay
2019-06-18,819.0,321.0,0.0,0,292.4,0.0,1,7.67,4.46,SPY190930P00276000,276.0,0,0.0,0.0,,0.0,normalDay
2019-06-19,819.0,359.0,0.0,0,293.06,0.0,1,7.67,4.08,SPY190930P00276000,276.0,0,0.0,0.0,,0.0,normalDay
2019-06-20,819.0,404.0,0.0,0,295.86,0.0,1,7.67,3.63,SPY190930P00276000,276.0,0,0.0,0.0,,0.0,normalDay
2019-06-21,819.0,385.0,0.0,0,294.0,0.0,1,7.67,3.82,SPY190930P00276000,276.0,0,0.0,0.0,,0.0,normalDay
2019-06-24,819.0,393.0,0.0,0,293.64,0.0,1,7.67,3.74,SPY190930P00276000,276.0,0,0.0,0.0,,0.0,normalDay
2019-06-25,819.0,322.0,0.0,0,290.76,0.0,1,7.67,4.45,SPY190930P00276000,276.0,0,0.0,0.0,,0.0,normalDay
2019-06-26,819.0,317.0,0.0,0,290.47,0.0,1,7.67,4.5,SPY190930P00276000,276.0,0,0.0,0.0,,0.0,normalDay
2019-06-27,819.0,360.0,0.0,0,291.5,0.0,1,7.67,4.07,SPY190930P00276000,276.0,0,0.0,0.0,,0.0,normalDay
2019-06-28,819.0,413.0,0.0,0,293.0,0.0,1,7.67,3.54,SPY190930P00276000,276.0,0,0.0,0.0,,0.0,normalDay
2019-07-01,819.0,482.0,0.0,0,295.66,0.0,1,7.67,2.85,SPY190930P00276000,276.0,0,0.0,0.0,,0.0,normalDay
2019-07-02,819.0,518.0,0.0,0,296.43,0.0,1,7.67,2.49,SPY190930P00276000,276.0,0,0.0,0.0,,0.0,normalDay
2019-07-03,819.0,555.0,0.0,0,298.8,0.0,1,7.67,2.12,SPY190930P00276000,276.0,0,0.0,0.0,,0.0,normalDay
2019-07-05,819.0,543.0,0.0,0,298.46,0.0,1,7.67,2.24,SPY190930P00276000,276.0,0,0.0,0.0,,0.0,normalDay
2019-07-08,819.0,525.0,0.0,0,296.82,0.0,1,7.67,2.42,SPY190930P00276000,276.0,0,0.0,0.0,,0.0,normalDay
2019-07-09,819.0,523.0,0.0,0,297.19,0.0,1,7.67,2.44,SPY190930P00276000,276.0,0,0.0,0.0,,0.0,normalDay
2019-07-10,819.0,557.0,0.0,0,298.61,0.0,1,7.67,2.1,SPY190930P00276000,276.0,0,0.0,0.0,,0.0,normalDay
2019-07-11,819.0,570.0,0.0,0,299.31,0.0,1,7.67,1.97,SPY190930P00276000,276.0,0,0.0,0.0,,0.0,normalDay
2019-07-12,819.0,591.0,0.0,0,300.65,0.0,1,7.67,1.76,SPY190930P00276000,276.0,0,0.0,0.0,,0.0,normalDay
2019-07-15,819.0,593.0,0.0,0,300.75,0.0,1,7.67,1.74,SPY190930P00276000,276.0,0,0.0,0.0,,0.0,normalDay
2019-07-16,819.0,585.0,0.0,0,299.78,0.0,1,7.67,1.82,SPY190930P00276000,276.0,0,0.0,0.0,,0.0,normalDay
2019-07-17,819.0,551.0,0.0,0,297.74,0.0,1,7.67,2.16,SPY190930P00276000,276.0,0,0.0,0.0,,0.0,normalDay
2019-07-18,819.0,573.0,0.0,0,298.83,0.0,1,7.67,1.94,SPY190930P00276000,276.0,0,0.0,0.0,,0.0,normalDay
2019-07-19,819.0,550.0,0.0,0,297.17,0.0,1,7.67,2.17,SPY190930P00276000,276.0,0,0.0,0.0,,0.0,normalDay
2019-07-22,819.0,579.0,0.0,0,297.9,0.0,1,7.67,1.88,SPY190930P00276000,276.0,0,0.0,0.0,,0.0,normalDay
2019-07-23,819.0,615.0,0.0,0,300.03,0.0,1,7.67,1.52,SPY190930P00276000,276.0,0,0.0,0.0,,0.0,normalDay
2019-07-24,819.0,637.0,0.0,0,301.44,0.0,1,7.67,1.3,SPY190930P00276000,276.0,0,0.0,0.0,,0.0,normalDay
2019-07-25,819.0,617.0,0.0,0,300.0,0.0,1,7.67,1.5,SPY190930P00276000,276.0,0,0.0,0.0,,0.0,normalDay
2019-07-26,819.0,642.0,0.0,0,302.01,0.0,1,7.67,1.25,SPY190930P00276000,276.0,0,0.0,0.0,,0.0,normalDay
2019-07-29,819.0,642.0,0.0,0,301.46,0.0,1,7.67,1.25,SPY190930P00276000,276.0,0,0.0,0.0,,0.0,normalDay
2019-07-30,819.0,621.0,0.0,0,300.72,0.0,1,7.67,1.46,SPY190930P00276000,276.0,0,0.0,0.0,,0.0,normalDay
2019-07-31,819.0,563.0,0.0,0,297.43,0.0,1,7.67,2.04,SPY190930P00276000,276.0,0,0.0,0.0,,0.0,normalDay
2019-08-01,819.0,496.0,0.0,0,294.84,0.0,1,7.67,2.71,SPY190930P00276000,276.0,0,0.0,0.0,,0.0,normalDay
2019-08-02,819.0,456.0,0.0,0,292.62,0.0,1,7.67,3.11,SPY190930P00276000,276.0,0,0.0,0.0,,0.0,normalDay
2019-08-05,819.0,100.0,0.0,0,283.82,0.0,1,7.67,6.67,SPY190930P00276000,276.0,0,0.0,0.0,,0.0,normalDay
2019-08-06,819.0,318.0,0.0,0,287.8,0.0,1,7.67,4.49,SPY190930P00276000,276.0,0,0.0,0.0,,0.0,normalDay
2019-08-07,819.0,329.0,0.0,0,287.97,0.0,1,7.67,4.38,SPY190930P00276000,276.0,0,0.0,0.0,,0.0,normalDay
2019-08-08,819.0,498.0,0.0,0,293.62,0.0,1,7.67,2.69,SPY190930P00276000,276.0,0,0.0,0.0,,0.0,normalDay
2019-08-09,819.0,452.0,0.0,0,291.62,0.0,1,7.67,3.15,SPY190930P00276000,276.0,0,0.0,0.0,,0.0,normalDay
2019-08-12,819.0,317.0,0.0,0,288.07,0.0,1,7.67,4.5,SPY190930P00276000,276.0,0,0.0,0.0,,0.0,normalDay
2019-08-13,819.0,484.0,0.0,0,292.55,0.0,1,7.67,2.83,SPY190930P00276000,276.0,0,0.0,0.0,,0.0,normalDay
2019-08-14,819.0,201.0,0.0,0,283.9,0.0,1,7.67,5.66,SPY190930P00276000,276.0,0,0.0,0.0,,0.0,normalDay
2019-08-15,819.0,250.0,0.0,0,284.65,0.0,1,7.67,5.17,SPY190930P00276000,276.0,0,0.0,0.0,,0.0,normalDay
2019-08-16,819.0,419.0,0.0,0,288.85,0.0,1,7.67,3.48,SPY190930P00276000,276.0,0,0.0,0.0,,0.0,normalDay
2019-08-19,819.0,541.0,0.0,0,292.33,0.0,1,7.67,2.26,SPY190930P00276000,276.0,0,0.0,0.0,,0.0,normalDay
2019-08-20,819.0,492.0,0.0,0,290.09,0.0,1,7.67,2.75,SPY190930P00276000,276.0,0,0.0,0.0,,0.0,normalDay
2019-08-21,819.0,581.0,0.0,0,292.45,0.0,1,7.67,1.86,SPY190930P00276000,276.0,0,0.0,0.0,,0.0,normalDay
2019-08-22,819.0,561.0,0.0,0,292.36,0.0,1,7.67,2.06,SPY190930P00276000,276.0,0,0.0,0.0,,0.0,normalDay
2019-08-23,819.0,375.0,0.0,0,284.85,0.0,1,7.67,3.92,SPY190930P00276000,276.0,0,0.0,0.0,,0.0,normalDay
2019-08-26,819.0,465.0,0.0,0,288.0,0.0,1,7.67,3.02,SPY190930P00276000,276.0,0,0.0,0.0,,0.0,normalDay
2019-08-27,819.0,418.0,0.0,0,286.87,0.0,1,7.67,3.49,SPY190930P00276000,276.0,0,0.0,0.0,,0.0,normalDay
2019-08-28,819.0,493.0,0.0,0,288.89,0.0,1,7.67,2.74,SPY190930P00276000,276.0,0,0.0,0.0,,0.0,normalDay
2019-08-29,819.0,578.0,0.0,0,292.58,0.0,1,7.67,1.89,SPY190930P00276000,276.0,0,0.0,0.0,,0.0,normalDay
2019-08-30,819.0,569.0,0.0,0,292.45,0.0,1,7.67,1.98,SPY190930P00276000,276.0,0,0.0,0.0,,0.0,normalDay
2019-09-03,819.0,556.0,0.0,0,290.74,0.0,1,7.67,2.11,SPY190930P00276000,276.0,0,0.0,0.0,,0.0,normalDay
2019-09-04,819.0,648.0,0.0,0,294.04,0.0,1,7.67,1.19,SPY190930P00276000,276.0,0,0.0,0.0,,0.0,normalDay
2019-09-05,819.0,691.0,0.0,0,297.82,0.0,1,7.67,0.76,SPY190930P00276000,276.0,0,0.0,0.0,,0.0,normalDay
2019-09-06,819.0,714.0,0.0,0,298.05,0.0,1,7.67,0.53,SPY190930P00276000,276.0,0,0.0,0.0,,0.0,normalDay
2019-09-09,819.0,721.0,0.0,0,298.2,0.0,1,7.67,0.46,SPY190930P00276000,276.0,0,0.0,0.0,,0.0,normalDay
2019-09-10,819.0,726.0,0.0,0,298.13,0.0,1,7.67,0.41,SPY190930P00276000,276.0,0,0.0,0.0,,0.0,normalDay
2019-09-11,819.0,739.0,0.0,0,300.25,0.0,1,7.67,0.28,SPY190930P00276000,276.0,0,0.0,0.0,,0.0,normalDay
2019-09-12,819.0,744.0,0.0,0,301.29,0.0,1,7.67,0.23,SPY190930P00276000,276.0,0,0.0,0.0,,0.0,normalDay
2019-09-13,819.0,747.0,0.0,0,301.09,0.0,1,7.67,0.2,SPY190930P00276000,276.0,0,0.0,0.0,,0.0,normalDay
2019-09-16,819.0,748.0,0.0,0,300.16,0.0,1,7.67,0.19,SPY190930P00276000,276.0,0,0.0,0.0,,0.0,normalDay
2019-09-17,819.0,750.0,0.0,0,300.92,0.0,1,7.67,0.17,SPY190930P00276000,276.0,0,0.0,0.0,,0.0,normalDay
2019-09-18,819.0,753.0,0.0,0,301.1,0.0,1,7.67,0.14,SPY190930P00276000,276.0,0,0.0,0.0,,0.0,normalDay
2019-09-19,819.0,755.0,0.0,0,301.08,0.0,1,7.67,0.12,SPY190930P00276000,276.0,0,0.0,0.0,,0.0,normalDay
2019-09-20,819.0,755.0,0.0,0,298.28,0.0,1,7.67,0.12,SPY190930P00276000,276.0,0,0.0,0.0,,0.0,normalDay
2019-09-23,819.0,762.0,0.0,0,298.21,0.0,1,7.67,0.05,SPY190930P00276000,276.0,0,0.0,0.0,,0.0,normalDay
2019-09-24,819.0,757.0,0.0,0,295.87,0.0,1,7.67,0.1,SPY190930P00276000,276.0,0,0.0,0.0,,0.0,normalDay
2019-09-25,819.0,762.0,0.0,0,297.62,0.0,1,7.67,0.05,SPY190930P00276000,276.0,0,0.0,0.0,,0.0,normalDay
2019-09-26,819.0,765.0,0.0,0,297.0,0.0,1,7.67,0.02,SPY190930P00276000,276.0,0,0.0,0.0,,0.0,normalDay
2019-09-27,819.0,764.0,0.0,0,295.4,0.0,1,7.67,0.03,SPY190930P00276000,276.0,0,0.0,0.0,,0.0,normalDay
2019-09-30,1586.0,0.0,767.0,0,296.77,0.0,1,7.67,0.0,SPY190930P00276000,276.0,0,0.0,0.0,,0.0,expirationDay
2019-10-01,1586.0,-10.0,0.0,0,293.24,0.0,1,14.28,14.38,SPY200331P00294000,294.0,0,0.0,0.0,,0.0,normalDay
2019-10-02,1586.0,-320.0,0.0,0,288.06,0.0,1,14.28,17.48,SPY200331P00294000,294.0,0,0.0,0.0,,0.0,normalDay
2019-10-03,1586.0,-160.0,0.0,0,290.42,0.0,1,14.28,15.88,SPY200331P00294000,294.0,0,0.0,0.0,,0.0,normalDay
2019-10-04,1586.0,68.0,0.0,0,294.35,0.0,1,14.28,13.6,SPY200331P00294000,294.0,0,0.0,0.0,,0.0,normalDay
2019-10-07,1586.0,20.0,0.0,0,293.08,0.0,1,14.28,14.08,SPY200331P00294000,294.0,0,0.0,0.0,,0.0,normalDay
2019-10-08,1586.0,-234.0,0.0,0,288.53,0.0,1,14.28,16.62,SPY200331P00294000,294.0,0,0.0,0.0,,0.0,normalDay
2019-10-09,1586.0,-85.0,0.0,0,291.27,0.0,1,14.28,15.13,SPY200331P00294000,294.0,0,0.0,0.0,,0.0,normalDay
2019-10-10,1586.0,45.0,0.0,0,293.24,0.0,1,14.28,13.83,SPY200331P00294000,294.0,0,0.0,0.0,,0.0,normalDay
2019-10-11,1586.0,222.0,0.0,0,296.28,0.0,1,14.28,12.06,SPY200331P00294000,294.0,0,0.0,0.0,,0.0,normalDay
2019-10-14,1586.0,236.0,0.0,0,295.95,0.0,1,14.28,11.92,SPY200331P00294000,294.0,0,0.0,0.0,,0.0,normalDay
2019-10-15,1586.0,375.0,0.0,0,298.88,0.0,1,14.28,10.53,SPY200331P00294000,294.0,0,0.0,0.0,,0.0,normalDay
2019-10-16,1586.0,369.0,0.0,0,298.4,0.0,1,14.28,10.59,SPY200331P00294000,294.0,0,0.0,0.0,,0.0,normalDay
2019-10-17,1586.0,394.0,0.0,0,299.28,0.0,1,14.28,10.34,SPY200331P00294000,294.0,0,0.0,0.0,,0.0,normalDay
2019-10-18,1586.0,351.0,0.0,0,297.97,0.0,1,14.28,10.77,SPY200331P00294000,294.0,0,0.0,0.0,,0.0,normalDay
2019-10-21,1586.0,447.0,0.0,0,299.99,0.0,1,14.28,9.81,SPY200331P00294000,294.0,0,0.0,0.0,,0.0,normalDay
2019-10-22,1586.0,405.0,0.0,0,299.01,0.0,1,14.28,10.23,SPY200331P00294000,294.0,0,0.0,0.0,,0.0,normalDay
2019-10-23,1586.0,453.0,0.0,0,299.88,0.0,1,14.28,9.75,SPY200331P00294000,294.0,0,0.0,0.0,,0.0,normalDay
2019-10-24,1586.0,466.0,0.0,0,300.37,0.0,1,14.28,9.62,SPY200331P00294000,294.0,0,0.0,0.0,,0.0,normalDay
2019-10-25,1586.0,534.0,0.0,0,301.6,0.0,1,14.28,8.94,SPY200331P00294000,294.0,0,0.0,0.0,,0.0,normalDay
2019-10-28,1586.0,586.0,0.0,0,303.3,0.0,1,14.28,8.42,SPY200331P00294000,294.0,0,0.0,0.0,,0.0,normalDay
2019-10-29,1586.0,575.0,0.0,0,303.21,0.0,1,14.28,8.53,SPY200331P00294000,294.0,0,0.0,0.0,,0.0,normalDay
2019-10-30,1586.0,626.0,0.0,0,304.14,0.0,1,14.28,8.02,SPY200331P00294000,294.0,0,0.0,0.0,,0.0,normalDay
2019-10-31,1586.0,578.0,0.0,0,303.33,0.0,1,14.28,8.5,SPY200331P00294000,294.0,0,0.0,0.0,,0.0,normalDay
2019-11-01,1586.0,673.0,0.0,0,306.14,0.0,1,14.28,7.55,SPY200331P00294000,294.0,0,0.0,0.0,,0.0,normalDay
2019-11-04,1586.0,709.0,0.0,0,307.37,0.0,1,14.28,7.19,SPY200331P00294000,294.0,0,0.0,0.0,,0.0,normalDay
2019-11-05,1586.0,691.0,0.0,0,307.03,0.0,1,14.28,7.37,SPY200331P00294000,294.0,0,0.0,0.0,,0.0,normalDay
2019-11-06,1586.0,698.0,0.0,0,307.1,0.0,1,14.28,7.3,SPY200331P00294000,294.0,0,0.0,0.0,,0.0,normalDay
2019-11-07,1586.0,720.0,0.0,0,308.18,0.0,1,14.28,7.08,SPY200331P00294000,294.0,0,0.0,0.0,,0.0,normalDay
2019-11-08,1586.0,755.0,0.0,0,308.94,0.0,1,14.28,6.73,SPY200331P00294000,294.0,0,0.0,0.0,,0.0,normalDay
2019-11-11,1586.0,749.0,0.0,0,308.35,0.0,1,14.28,6.79,SPY200331P00294000,294.0,0,0.0,0.0,,0.0,normalDay
2019-11-12,1586.0,758.0,0.0,0,309.0,0.0,1,14.28,6.7,SPY200331P00294000,294.0,0,0.0,0.0,,0.0,normalDay
2019-11-13,1586.0,763.0,0.0,0,309.1,0.0,1,14.28,6.65,SPY200331P00294000,294.0,0,0.0,0.0,,0.0,normalDay
2019-11-14,1586.0,777.0,0.0,0,309.55,0.0,1,14.28,6.51,SPY200331P00294000,294.0,0,0.0,0.0,,0.0,normalDay
2019-11-15,1586.0,849.0,0.0,0,311.79,0.0,1,14.28,5.79,SPY200331P00294000,294.0,0,0.0,0.0,,0.0,normalDay
2019-11-18,1586.0,862.0,0.0,0,312.02,0.0,1,14.28,5.66,SPY200331P00294000,294.0,0,0.0,0.0,,0.0,normalDay
2019-11-19,1586.0,848.0,0.0,0,311.93,0.0,1,14.28,5.8,SPY200331P00294000,294.0,0,0.0,0.0,,0.0,normalDay
2019-11-20,1586.0,812.0,0.0,0,310.77,0.0,1,14.28,6.16,SPY200331P00294000,294.0,0,0.0,0.0,,0.0,normalDay
2019-11-21,1586.0,799.0,0.0,0,310.27,0.0,1,14.28,6.29,SPY200331P00294000,294.0,0,0.0,0.0,,0.0,normalDay
2019-11-22,1586.0,834.0,0.0,0,310.96,0.0,1,14.28,5.94,SPY200331P00294000,294.0,0,0.0,0.0,,0.0,normalDay
2019-11-25,1586.0,910.0,0.0,0,313.37,0.0,1,14.28,5.18,SPY200331P00294000,294.0,0,0.0,0.0,,0.0,normalDay
2019-11-26,1586.0,941.0,0.0,0,314.08,0.0,1,14.28,4.87,SPY200331P00294000,294.0,0,0.0,0.0,,0.0,normalDay
2019-11-27,1586.0,964.0,0.0,0,315.48,0.0,1,14.28,4.64,SPY200331P00294000,294.0,0,0.0,0.0,,0.0,normalDay
2019-11-29,1586.0,927.0,0.0,0,314.31,0.0,1,14.28,5.01,SPY200331P00294000,294.0,0,0.0,0.0,,0.0,normalDay
2019-12-02,1586.0,835.0,0.0,0,311.64,0.0,1,14.28,5.93,SPY200331P00294000,294.0,0,0.0,0.0,,0.0,normalDay
2019-12-03,1586.0,753.0,0.0,0,309.55,0.0,1,14.28,6.75,SPY200331P00294000,294.0,0,0.0,0.0,,0.0,normalDay
2019-12-04,1586.0,819.0,0.0,0,311.46,0.0,1,14.28,6.09,SPY200331P00294000,294.0,0,0.0,0.0,,0.0,normalDay
2019-12-05,1586.0,856.0,0.0,0,312.02,0.0,1,14.28,5.72,SPY200331P00294000,294.0,0,0.0,0.0,,0.0,normalDay
2019-12-06,1586.0,936.0,0.0,0,314.87,0.0,1,14.28,4.92,SPY200331P00294000,294.0,0,0.0,0.0,,0.0,normalDay
2019-12-09,1586.0,891.0,0.0,0,313.88,0.0,1,14.28,5.37,SPY200331P00294000,294.0,0,0.0,0.0,,0.0,normalDay
2019-12-10,1586.0,904.0,0.0,0,313.53,0.0,1,14.28,5.24,SPY200331P00294000,294.0,0,0.0,0.0,,0.0,normalDay
2019-12-11,1586.0,937.0,0.0,0,314.42,0.0,1,14.28,4.91,SPY200331P00294000,294.0,0,0.0,0.0,,0.0,normalDay
2019-12-12,1586.0,1011.0,0.0,0,317.13,0.0,1,14.28,4.17,SPY200331P00294000,294.0,0,0.0,0.0,,0.0,normalDay
2019-12-13,1586.0,1054.0,0.0,0,317.32,0.0,1,14.28,3.74,SPY200331P00294000,294.0,0,0.0,0.0,,0.0,normalDay
2019-12-16,1586.0,1111.0,0.0,0,319.5,0.0,1,14.28,3.17,SPY200331P00294000,294.0,0,0.0,0.0,,0.0,normalDay
2019-12-17,1586.0,1109.0,0.0,0,319.57,0.0,1,14.28,3.19,SPY200331P00294000,294.0,0,0.0,0.0,,0.0,normalDay
2019-12-18,1586.0,1108.0,0.0,0,319.59,0.0,1,14.28,3.2,SPY200331P00294000,294.0,0,0.0,0.0,,0.0,normalDay
2019-12-19,1586.0,1133.0,0.0,0,320.9,0.0,1,14.28,2.95,SPY200331P00294000,294.0,0,0.0,0.0,,0.0,normalDay
2019-12-20,1586.0,1144.0,0.0,0,320.73,0.0,1,14.28,2.84,SPY200331P00294000,294.0,0,0.0,0.0,,0.0,normalDay
2019-12-23,1586.0,1146.0,0.0,0,321.22,0.0,1,14.28,2.82,SPY200331P00294000,294.0,0,0.0,0.0,,0.0,normalDay
2019-12-24,1586.0,1151.0,0.0,0,321.23,0.0,1,14.28,2.77,SPY200331P00294000,294.0,0,0.0,0.0,,0.0,normalDay
2019-12-26,1586.0,1178.0,0.0,0,322.94,0.0,1,14.28,2.5,SPY200331P00294000,294.0,0,0.0,0.0,,0.0,normalDay
2019-12-27,1586.0,1166.0,0.0,0,322.86,0.0,1,14.28,2.62,SPY200331P00294000,294.0,0,0.0,0.0,,0.0,normalDay
2019-12-30,1586.0,1136.0,0.0,0,321.08,0.0,1,14.28,2.92,SPY200331P00294000,294.0,0,0.0,0.0,,0.0,normalDay
2019-12-31,1586.0,1169.0,0.0,0,321.86,0.0,1,14.28,2.59,SPY200331P00294000,294.0,0,0.0,0.0,,0.0,normalDay
2020-01-02,1586.0,1220.0,0.0,0,324.87,0.0,1,14.28,2.08,SPY200331P00294000,294.0,0,0.0,0.0,,0.0,normalDay
2020-01-03,1586.0,1172.0,0.0,0,322.41,0.0,1,14.28,2.56,SPY200331P00294000,294.0,0,0.0,0.0,,0.0,normalDay
2020-01-06,1586.0,1202.0,0.0,0,323.64,0.0,1,14.28,2.26,SPY200331P00294000,294.0,0,0.0,0.0,,0.0,normalDay
2020-01-07,1586.0,1192.0,0.0,0,322.73,0.0,1,14.28,2.36,SPY200331P00294000,294.0,0,0.0,0.0,,0.0,normalDay
2020-01-08,1586.0,1224.0,0.0,0,324.45,0.0,1,14.28,2.04,SPY200331P00294000,294.0,0,0.0,0.0,,0.0,normalDay
2020-01-09,1586.0,1258.0,0.0,0,326.65,0.0,1,14.28,1.7,SPY200331P00294000,294.0,0,0.0,0.0,,0.0,normalDay
2020-01-10,1586.0,1251.0,0.0,0,325.71,0.0,1,14.28,1.77,SPY200331P00294000,294.0,0,0.0,0.0,,0.0,normalDay
2020-01-13,1586.0,1284.0,0.0,0,327.95,0.0,1,14.28,1.44,SPY200331P00294000,294.0,0,0.0,0.0,,0.0,normalDay
2020-01-14,1586.0,1286.0,0.0,0,327.45,0.0,1,14.28,1.42,SPY200331P00294000,294.0,0,0.0,0.0,,0.0,normalDay
2020-01-15,1586.0,1293.0,0.0,0,328.19,0.0,1,14.28,1.35,SPY200331P00294000,294.0,0,0.0,0.0,,0.0,normalDay
2020-01-16,1586.0,1312.0,0.0,0,330.92,0.0,1,14.28,1.16,SPY200331P00294000,294.0,0,0.0,0.0,,0.0,normalDay
2020-01-17,1586.0,1321.0,0.0,0,331.95,0.0,1,14.28,1.07,SPY200331P00294000,294.0,0,0.0,0.0,,0.0,normalDay
2020-01-21,1586.0,1319.0,0.0,0,331.3,0.0,1,14.28,1.09,SPY200331P00294000,294.0,0,0.0,0.0,,0.0,normalDay
2020-01-22,1586.0,1320.0,0.0,0,331.34,0.0,1,14.28,1.08,SPY200331P00294000,294.0,0,0.0,0.0,,0.0,normalDay
2020-01-23,1586.0,1322.0,0.0,0,331.72,0.0,1,14.28,1.06,SPY200331P00294000,294.0,0,0.0,0.0,,0.0,normalDay
2020-01-24,1586.0,1288.0,0.0,0,328.77,0.0,1,14.28,1.4,SPY200331P00294000,294.0,0,0.0,0.0,,0.0,normalDay
2020-01-27,1586.0,1189.0,0.0,0,323.5,0.0,1,14.28,2.39,SPY200331P00294000,294.0,0,0.0,0.0,,0.0,normalDay
2020-01-28,1586.0,1260.0,0.0,0,326.89,0.0,1,14.28,1.68,SPY200331P00294000,294.0,0,0.0,0.0,,0.0,normalDay
2020-01-29,1586.0,1261.0,0.0,0,326.62,0.0,1,14.28,1.67,SPY200331P00294000,294.0,0,0.0,0.0,,0.0,normalDay
2020-01-30,1586.0,1290.0,0.0,0,327.68,0.0,1,14.28,1.38,SPY200331P00294000,294.0,0,0.0,0.0,,0.0,normalDay
2020-01-31,1586.0,1193.0,0.0,0,321.73,0.0,1,14.28,2.35,SPY200331P00294000,294.0,0,0.0,0.0,,0.0,normalDay
2020-02-03,1586.0,1232.0,0.0,0,324.12,0.0,1,14.28,1.96,SPY200331P00294000,294.0,0,0.0,0.0,,0.0,normalDay
2020-02-04,1586.0,1309.0,0.0,0,329.06,0.0,1,14.28,1.19,SPY200331P00294000,294.0,0,0.0,0.0,,0.0,normalDay
2020-02-05,1586.0,1339.0,0.0,0,332.86,0.0,1,14.28,0.89,SPY200331P00294000,294.0,0,0.0,0.0,,0.0,normalDay
2020-02-06,1586.0,1343.0,0.0,0,333.98,0.0,1,14.28,0.85,SPY200331P00294000,294.0,0,0.0,0.0,,0.0,normalDay
2020-02-07,1586.0,1334.0,0.0,0,332.2,0.0,1,14.28,0.94,SPY200331P00294000,294.0,0,0.0,0.0,,0.0,normalDay
2020-02-10,1586.0,1353.0,0.0,0,334.68,0.0,1,14.28,0.75,SPY200331P00294000,294.0,0,0.0,0.0,,0.0,normalDay
2020-02-11,1586.0,1356.0,0.0,0,335.26,0.0,1,14.28,0.72,SPY200331P00294000,294.0,0,0.0,0.0,,0.0,normalDay
2020-02-12,1586.0,1372.0,0.0,0,337.42,0.0,1,14.28,0.56,SPY200331P00294000,294.0,0,0.0,0.0,,0.0,normalDay
2020-02-13,1586.0,1370.0,0.0,0,337.06,0.0,1,14.28,0.58,SPY200331P00294000,294.0,0,0.0,0.0,,0.0,normalDay
2020-02-14,1586.0,1377.0,0.0,0,337.6,0.0,1,14.28,0.51,SPY200331P00294000,294.0,0,0.0,0.0,,0.0,normalDay
2020-02-18,1586.0,1375.0,0.0,0,336.73,0.0,1,14.28,0.53,SPY200331P00294000,294.0,0,0.0,0.0,,0.0,normalDay
2020-02-19,1586.0,1383.0,0.0,0,338.34,0.0,1,14.28,0.45,SPY200331P00294000,294.0,0,0.0,0.0,,0.0,normalDay
2020-02-20,1586.0,1373.0,0.0,0,336.95,0.0,1,14.28,0.55,SPY200331P00294000,294.0,0,0.0,0.0,,0.0,normalDay
2020-02-21,1586.0,1354.0,0.0,0,333.48,0.0,1,14.28,0.74,SPY200331P00294000,294.0,0,0.0,0.0,,0.0,normalDay
2020-02-24,1586.0,1182.0,0.0,0,322.42,0.0,1,14.28,2.46,SPY200331P00294000,294.0,0,0.0,0.0,,0.0,normalDay
2020-02-25,1586.0,1029.0,0.0,0,312.65,0.0,1,14.28,3.99,SPY200331P00294000,294.0,0,0.0,0.0,,0.0,normalDay
2020-02-26,1586.0,1018.0,0.0,0,311.5,0.0,1,14.28,4.1,SPY200331P00294000,294.0,0,0.0,0.0,,0.0,normalDay
2020-02-27,1586.0,311.0,0.0,0,297.51,0.0,1,14.28,11.17,SPY200331P00294000,294.0,0,0.0,0.0,,0.0,normalDay
2020-02-28,1586.0,224.0,0.0,0,296.26,0.0,1,14.28,12.04,SPY200331P00294000,294.0,0,0.0,0.0,,0.0,normalDay
2020-03-02,1586.0,879.0,0.0,0,309.09,0.0,1,14.28,5.49,SPY200331P00294000,294.0,0,0.0,0.0,,0.0,normalDay
2020-03-03,1586.0,569.0,0.0,0,300.24,0.0,1,14.28,8.59,SPY200331P00294000,294.0,0,0.0,0.0,,0.0,normalDay
2020-03-04,1586.0,964.0,0.0,0,312.86,0.0,1,14.28,4.64,SPY200331P00294000,294.0,0,0.0,0.0,,0.0,normalDay
2020-03-05,1586.0,523.0,0.0,0,302.46,0.0,1,14.28,9.05,SPY200331P00294000,294.0,0,0.0,0.0,,0.0,normalDay
2020-03-06,1586.0,327.0,0.0,0,297.46,0.0,1,14.28,11.01,SPY200331P00294000,294.0,0,0.0,0.0,,0.0,normalDay
2020-03-09,1586.0,-1161.0,0.0,0,274.23,0.0,1,14.28,25.89,SPY200331P00294000,294.0,0,0.0,0.0,,0.0,normalDay
2020-03-10,1586.0,-107.0,0.0,0,288.42,0.0,1,14.28,15.35,SPY200331P00294000,294.0,0,0.0,0.0,,0.0,normalDay
2020-03-11,1586.0,-1096.0,0.0,0,274.36,0.0,1,14.28,25.24,SPY200331P00294000,294.0,0,0.0,0.0,,0.0,normalDay
2020-03-12,1586.0,-3381.0,0.0,0,248.11,0.0,1,14.28,48.09,SPY200331P00294000,294.0,0,0.0,0.0,,0.0,normalDay
2020-03-13,1586.0,-1389.0,0.0,0,269.32,0.0,1,14.28,28.17,SPY200331P00294000,294.0,0,0.0,0.0,,0.0,normalDay
2020-03-16,1586.0,-3849.0,0.0,0,239.85,0.0,1,14.28,52.77,SPY200331P00294000,294.0,0,0.0,0.0,,0.0,normalDay
2020-03-17,1586.0,-3023.0,0.0,0,252.8,0.0,1,14.28,44.51,SPY200331P00294000,294.0,0,0.0,0.0,,0.0,normalDay
2020-03-18,1586.0,-4235.0,0.0,0,240.0,0.0,1,14.28,56.63,SPY200331P00294000,294.0,0,0.0,0.0,,0.0,normalDay
2020-03-19,1586.0,-4189.0,0.0,0,240.51,0.0,1,14.28,56.17,SPY200331P00294000,294.0,0,0.0,0.0,,0.0,normalDay
2020-03-20,1586.0,-5121.0,0.0,0,228.8,0.0,1,14.28,65.49,SPY200331P00294000,294.0,0,0.0,0.0,,0.0,normalDay
2020-03-23,1586.0,-5914.0,0.0,0,222.95,0.0,1,14.28,73.42,SPY200331P00294000,294.0,0,0.0,0.0,,0.0,normalDay
2020-03-24,1586.0,-3780.0,0.0,0,243.15,0.0,1,14.28,52.08,SPY200331P00294000,294.0,0,0.0,0.0,,0.0,normalDay
2020-03-25,1586.0,-3296.0,0.0,0,246.79,0.0,1,14.28,47.24,SPY200331P00294000,294.0,0,0.0,0.0,,0.0,normalDay
2020-03-26,1586.0,-1948.0,0.0,0,261.2,0.0,1,14.28,33.76,SPY200331P00294000,294.0,0,0.0,0.0,,0.0,normalDay
2020-03-27,1586.0,-2695.0,0.0,0,253.42,0.0,1,14.28,41.23,SPY200331P00294000,294.0,0,0.0,0.0,,0.0,normalDay
2020-03-30,1586.0,-1911.0,0.0,0,261.65,0.0,1,14.28,33.39,SPY200331P00294000,294.0,0,0.0,0.0,,0.0,normalDay
2020-03-31,3014.0,-3625.0,1428.0,100,257.75,294.0,1,14.28,0.0,SPY200331P00294000,294.0,0,0.0,0.0,,0.0,expirationDay
2020-04-01,3014.0,-4785.0,0.0,100,246.15,294.0,0,0.0,0.0,,0.0,0,0.0,0.0,,0.0,bidTooLow
2020-04-02,3014.0,-4217.0,0.0,100,251.83,294.0,0,0.0,0.0,,0.0,0,0.0,0.0,,0.0,bidTooLow
2020-04-03,3014.0,-4581.0,0.0,100,248.19,294.0,0,0.0,0.0,,0.0,0,0.0,0.0,,0.0,bidTooLow
2020-04-06,3014.0,-2918.0,0.0,100,264.86,294.0,0,0.0,0.0,,0.0,1,0.07,0.11,SPY200417C00303000,303.0,normalDay
2020-04-07,3014.0,-2890.0,0.0,100,265.13,294.0,0,0.0,0.0,,0.0,1,0.07,0.1,SPY200417C00303000,303.0,normalDay
2020-04-08,3014.0,-2003.0,0.0,100,274.03,294.0,0,0.0,0.0,,0.0,1,0.07,0.13,SPY200417C00303000,303.0,normalDay
2020-04-09,3014.0,-1592.0,0.0,100,278.2,294.0,0,0.0,0.0,,0.0,1,0.07,0.19,SPY200417C00303000,303.0,normalDay
2020-04-13,3014.0,-1831.0,0.0,100,275.66,294.0,0,0.0,0.0,,0.0,1,0.07,0.04,SPY200417C00303000,303.0,normalDay
2020-04-14,3014.0,-1023.0,0.0,100,283.79,294.0,0,0.0,0.0,,0.0,1,0.07,0.09,SPY200417C00303000,303.0,normalDay
2020-04-15,3014.0,-1618.0,0.0,100,277.76,294.0,0,0.0,0.0,,0.0,1,0.07,0.01,SPY200417C00303000,303.0,normalDay
2020-04-16,3014.0,-1484.0,0.0,100,279.1,294.0,0,0.0,0.0,,0.0,1,0.07,0.01,SPY200417C00303000,303.0,normalDay
2020-04-17,3021.0,-736.0,7.0,100,286.64,294.0,0,0.0,0.0,,0.0,1,0.07,0.0,SPY200417C00303000,303.0,expirationDay
2020-04-20,3021.0,-1244.0,0.0,100,281.59,294.0,0,0.0,0.0,,0.0,1,0.02,0.05,SPY200501C00320000,320.0,normalDay
2020-04-21,3021.0,-2097.0,0.0,100,273.04,294.0,0,0.0,0.0,,0.0,1,0.02,0.03,SPY200501C00320000,320.0,normalDay
2020-04-22,3021.0,-1490.0,0.0,100,279.1,294.0,0,0.0,0.0,,0.0,1,0.02,0.02,SPY200501C00320000,320.0,normalDay
2020-04-23,3021.0,-1492.0,0.0,100,279.08,294.0,0,0.0,0.0,,0.0,1,0.02,0.02,SPY200501C00320000,320.0,normalDay
2020-04-24,3021.0,-1102.0,0.0,100,282.97,294.0,0,0.0,0.0,,0.0,1,0.02,0.01,SPY200501C00320000,320.0,normalDay
2020-04-27,3021.0,-694.0,0.0,100,287.05,294.0,0,0.0,0.0,,0.0,1,0.02,0.01,SPY200501C00320000,320.0,normalDay
2020-04-28,3021.0,-826.0,0.0,100,285.73,294.0,0,0.0,0.0,,0.0,1,0.02,0.01,SPY200501C00320000,320.0,normalDay
2020-04-29,3021.0,-78.0,0.0,100,293.21,294.0,0,0.0,0.0,,0.0,1,0.02,0.01,SPY200501C00320000,320.0,normalDay
2020-04-30,3021.0,-351.0,0.0,100,290.48,294.0,0,0.0,0.0,,0.0,1,0.02,0.01,SPY200501C00320000,320.0,normalDay
2020-05-01,3023.0,-1121.0,2.0,100,282.79,294.0,0,0.0,0.0,,0.0,1,0.02,0.0,SPY200501C00320000,320.0,expirationDay
2020-05-04,3023.0,-1046.0,0.0,100,283.57,294.0,0,0.0,0.0,,0.0,1,0.19,0.22,SPY200515C00304000,304.0,normalDay
2020-05-05,3023.0,-785.0,0.0,100,286.19,294.0,0,0.0,0.0,,0.0,1,0.19,0.23,SPY200515C00304000,304.0,normalDay
2020-05-06,3023.0,-969.0,0.0,100,284.25,294.0,0,0.0,0.0,,0.0,1,0.19,0.13,SPY200515C00304000,304.0,normalDay
2020-05-07,3023.0,-628.0,0.0,100,287.68,294.0,0,0.0,0.0,,0.0,1,0.19,0.15,SPY200515C00304000,304.0,normalDay
2020-05-08,3023.0,-164.0,0.0,100,292.44,294.0,0,0.0,0.0,,0.0,1,0.19,0.27,SPY200515C00304000,304.0,normalDay
2020-05-11,3023.0,-144.0,0.0,100,292.5,294.0,0,0.0,0.0,,0.0,1,0.19,0.13,SPY200515C00304000,304.0,normalDay
2020-05-12,3023.0,-719.0,0.0,100,286.67,294.0,0,0.0,0.0,,0.0,1,0.19,0.05,SPY200515C00304000,304.0,normalDay
2020-05-13,3023.0,-1223.0,0.0,100,281.6,294.0,0,0.0,0.0,,0.0,1,0.19,0.02,SPY200515C00304000,304.0,normalDay
2020-05-14,3023.0,-885.0,0.0,100,284.97,294.0,0,0.0,0.0,,0.0,1,0.19,0.01,SPY200515C00304000,304.0,normalDay
2020-05-15,3042.0,-772.0,19.0,100,286.28,294.0,0,0.0,0.0,,0.0,1,0.19,0.0,SPY200515C00304000,304.0,expirationDay
2020-05-18,3042.0,95.0,0.0,100,295.0,294.0,0,0.0,0.0,,0.0,1,1.19,1.24,SPY200529C00304000,304.0,normalDay
2020-05-19,3042.0,-160.0,0.0,100,291.97,294.0,0,0.0,0.0,,0.0,1,1.19,0.76,SPY200529C00304000,304.0,normalDay
2020-05-20,3042.0,275.0,0.0,100,296.93,294.0,0,0.0,0.0,,0.0,1,1.19,1.37,SPY200529C00304000,304.0,normalDay
2020-05-21,3042.0,139.0,0.0,100,294.88,294.0,0,0.0,0.0,,0.0,1,1.19,0.68,SPY200529C00304000,304.0,normalDay
2020-05-22,3042.0,219.0,0.0,100,295.44,294.0,0,0.0,0.0,,0.0,1,1.19,0.44,SPY200529C00304000,304.0,normalDay
2020-05-26,3042.0,557.0,0.0,100,299.08,294.0,0,0.0,0.0,,0.0,1,1.19,0.7,SPY200529C00304000,304.0,normalDay
2020-05-27,3042.0,871.0,0.0,100,303.53,294.0,0,0.0,0.0,,0.0,1,1.19,2.01,SPY200529C00304000,304.0,normalDay
2020-05-28,3042.0,861.0,0.0,100,302.97,294.0,0,0.0,0.0,,0.0,1,1.19,1.55,SPY200529C00304000,304.0,normalDay
2020-05-29,4161.0,861.0,1119.0,0,304.32,0.0,0,0.0,0.0,,0.0,1,1.19,0.0,SPY200529C00304000,304.0,expirationDay
2020-06-01,4161.0,-35.0,0.0,0,305.55,0.0,1,16.81,17.16,SPY210115P00280000,280.0,0,0.0,0.0,,0.0,normalDay
2020-06-02,4161.0,58.0,0.0,0,308.08,0.0,1,16.81,16.23,SPY210115P00280000,280.0,0,0.0,0.0,,0.0,normalDay
2020-06-03,4161.0,188.0,0.0,0,312.18,0.0,1,16.81,14.93,SPY210115P00280000,280.0,0,0.0,0.0,,0.0,normalDay
2020-06-04,4161.0,170.0,0.0,0,311.36,0.0,1,16.81,15.11,SPY210115P00280000,280.0,0,0.0,0.0,,0.0,normalDay
2020-06-05,4161.0,398.0,0.0,0,319.34,0.0,1,16.81,12.83,SPY210115P00280000,280.0,0,0.0,0.0,,0.0,normalDay
2020-06-08,4161.0,469.0,0.0,0,323.2,0.0,1,16.81,12.12,SPY210115P00280000,280.0,0,0.0,0.0,,0.0,normalDay
2020-06-09,4161.0,367.0,0.0,0,320.79,0.0,1,16.81,13.14,SPY210115P00280000,280.0,0,0.0,0.0,,0.0,normalDay
2020-06-10,4161.0,292.0,0.0,0,319.0,0.0,1,16.81,13.89,SPY210115P00280000,280.0,0,0.0,0.0,,0.0,normalDay
2020-06-11,4161.0,-519.0,0.0,0,300.61,0.0,1,16.81,22.0,SPY210115P00280000,280.0,0,0.0,0.0,,0.0,normalDay
2020-06-12,4161.0,-334.0,0.0,0,304.21,0.0,1,16.81,20.15,SPY210115P00280000,280.0,0,0.0,0.0,,0.0,normalDay
2020-06-15,4161.0,-170.0,0.0,0,307.05,0.0,1,16.81,18.51,SPY210115P00280000,280.0,0,0.0,0.0,,0.0,normalDay
2020-06-16,4161.0,-19.0,0.0,0,312.96,0.0,1,16.81,17.0,SPY210115P00280000,280.0,0,0.0,0.0,,0.0,normalDay
2020-06-17,4161.0,-39.0,0.0,0,311.66,0.0,1,16.81,17.2,SPY210115P00280000,280.0,0,0.0,0.0,,0.0,normalDay
2020-06-18,4161.0,-65.0,0.0,0,311.78,0.0,1,16.81,17.46,SPY210115P00280000,280.0,0,0.0,0.0,,0.0,normalDay
2020-06-19,4161.0,-186.0,0.0,0,308.64,0.0,1,16.81,18.67,SPY210115P00280000,280.0,0,0.0,0.0,,0.0,normalDay
2020-06-22,4161.0,21.0,0.0,0,310.62,0.0,1,16.81,16.6,SPY210115P00280000,280.0,0,0.0,0.0,,0.0,normalDay
2020-06-23,4161.0,91.0,0.0,0,312.05,0.0,1,16.81,15.9,SPY210115P00280000,280.0,0,0.0,0.0,,0.0,normalDay
2020-06-24,4161.0,-191.0,0.0,0,304.09,0.0,1,16.81,18.72,SPY210115P00280000,280.0,0,0.0,0.0,,0.0,normalDay
2020-06-25,4161.0,-17.0,0.0,0,307.35,0.0,1,16.81,16.98,SPY210115P00280000,280.0,0,0.0,0.0,,0.0,normalDay
2020-06-26,4161.0,-257.0,0.0,0,300.05,0.0,1,16.81,19.38,SPY210115P00280000,280.0,0,0.0,0.0,,0.0,normalDay
2020-06-29,4161.0,-58.0,0.0,0,304.46,0.0,1,16.81,17.39,SPY210115P00280000,280.0,0,0.0,0.0,,0.0,normalDay
2020-06-30,4161.0,83.0,0.0,0,308.36,0.0,1,16.81,15.98,SPY210115P00280000,280.0,0,0.0,0.0,,0.0,normalDay
2020-07-01,4161.0,179.0,0.0,0,310.52,0.0,1,16.81,15.02,SPY210115P00280000,280.0,0,0.0,0.0,,0.0,normalDay
2020-07-02,4161.0,261.0,0.0,0,312.23,0.0,1,16.81,14.2,SPY210115P00280000,280.0,0,0.0,0.0,,0.0,normalDay
2020-07-06,4161.0,372.0,0.0,0,317.05,0.0,1,16.81,13.09,SPY210115P00280000,280.0,0,0.0,0.0,,0.0,normalDay
2020-07-07,4161.0,281.0,0.0,0,313.78,0.0,1,16.81,14.0,SPY210115P00280000,280.0,0,0.0,0.0,,0.0,normalDay
2020-07-08,4161.0,351.0,0.0,0,316.18,0.0,1,16.81,13.3,SPY210115P00280000,280.0,0,0.0,0.0,,0.0,normalDay
2020-07-09,4161.0,266.0,0.0,0,314.38,0.0,1,16.81,14.15,SPY210115P00280000,280.0,0,0.0,0.0,,0.0,normalDay
2020-07-10,4161.0,384.0,0.0,0,317.59,0.0,1,16.81,12.97,SPY210115P00280000,280.0,0,0.0,0.0,,0.0,normalDay
2020-07-13,4161.0,182.0,0.0,0,314.84,0.0,1,16.81,14.99,SPY210115P00280000,280.0,0,0.0,0.0,,0.0,normalDay
2020-07-14,4161.0,359.0,0.0,0,318.92,0.0,1,16.81,13.22,SPY210115P00280000,280.0,0,0.0,0.0,,0.0,normalDay
2020-07-15,4161.0,459.0,0.0,0,321.85,0.0,1,16.81,12.22,SPY210115P00280000,280.0,0,0.0,0.0,,0.0,normalDay
2020-07-16,4161.0,429.0,0.0,0,320.79,0.0,1,16.81,12.52,SPY210115P00280000,280.0,0,0.0,0.0,,0.0,normalDay
2020-07-17,4161.0,532.0,0.0,0,321.72,0.0,1,16.81,11.49,SPY210115P00280000,280.0,0,0.0,0.0,,0.0,normalDay
2020-07-20,4161.0,649.0,0.0,0,324.32,0.0,1,16.81,10.32,SPY210115P00280000,280.0,0,0.0,0.0,,0.0,normalDay
2020-07-21,4161.0,650.0,0.0,0,325.01,0.0,1,16.81,10.31,SPY210115P00280000,280.0,0,0.0,0.0,,0.0,normalDay
2020-07-22,4161.0,690.0,0.0,0,326.86,0.0,1,16.81,9.91,SPY210115P00280000,280.0,0,0.0,0.0,,0.0,normalDay
2020-07-23,4161.0,581.0,0.0,0,322.96,0.0,1,16.81,11.0,SPY210115P00280000,280.0,0,0.0,0.0,,0.0,normalDay
2020-07-24,4161.0,550.0,0.0,0,320.88,0.0,1,16.81,11.31,SPY210115P00280000,280.0,0,0.0,0.0,,0.0,normalDay
2020-07-27,4161.0,636.0,0.0,0,323.22,0.0,1,16.81,10.45,SPY210115P00280000,280.0,0,0.0,0.0,,0.0,normalDay
2020-07-28,4161.0,574.0,0.0,0,321.17,0.0,1,16.81,11.07,SPY210115P00280000,280.0,0,0.0,0.0,,0.0,normalDay
2020-07-29,4161.0,675.0,0.0,0,325.12,0.0,1,16.81,10.06,SPY210115P00280000,280.0,0,0.0,0.0,,0.0,normalDay
2020-07-30,4161.0,628.0,0.0,0,323.96,0.0,1,16.81,10.53,SPY210115P00280000,280.0,0,0.0,0.0,,0.0,normalDay
2020-07-31,4161.0,696.0,0.0,0,326.52,0.0,1,16.81,9.85,SPY210115P00280000,280.0,0,0.0,0.0,,0.0,normalDay
2020-08-03,4161.0,746.0,0.0,0,328.79,0.0,1,16.81,9.35,SPY210115P00280000,280.0,0,0.0,0.0,,0.0,normalDay
2020-08-04,4161.0,800.0,0.0,0,330.06,0.0,1,16.81,8.81,SPY210115P00280000,280.0,0,0.0,0.0,,0.0,normalDay
2020-08-05,4161.0,847.0,0.0,0,332.11,0.0,1,16.81,8.34,SPY210115P00280000,280.0,0,0.0,0.0,,0.0,normalDay
2020-08-06,4161.0,887.0,0.0,0,334.33,0.0,1,16.81,7.94,SPY210115P00280000,280.0,0,0.0,0.0,,0.0,normalDay
2020-08-07,4161.0,886.0,0.0,0,334.57,0.0,1,16.81,7.95,SPY210115P00280000,280.0,0,0.0,0.0,,0.0,normalDay
2020-08-10,4161.0,914.0,0.0,0,335.57,0.0,1,16.81,7.67,SPY210115P00280000,280.0,0,0.0,0.0,,0.0,normalDay
2020-08-11,4161.0,828.0,0.0,0,332.8,0.0,1,16.81,8.53,SPY210115P00280000,280.0,0,0.0,0.0,,0.0,normalDay
2020-08-12,4161.0,941.0,0.0,0,337.44,0.0,1,16.81,7.4,SPY210115P00280000,280.0,0,0.0,0.0,,0.0,normalDay
2020-08-13,4161.0,932.0,0.0,0,336.83,0.0,1,16.81,7.49,SPY210115P00280000,280.0,0,0.0,0.0,,0.0,normalDay
2020-08-14,4161.0,931.0,0.0,0,336.84,0.0,1,16.81,7.5,SPY210115P00280000,280.0,0,0.0,0.0,,0.0,normalDay
2020-08-17,4161.0,983.0,0.0,0,337.91,0.0,1,16.81,6.98,SPY210115P00280000,280.0,0,0.0,0.0,,0.0,normalDay
2020-08-18,4161.0,1016.0,0.0,0,338.64,0.0,1,16.81,6.65,SPY210115P00280000,280.0,0,0.0,0.0,,0.0,normalDay
2020-08-19,4161.0,977.0,0.0,0,337.23,0.0,1,16.81,7.04,SPY210115P00280000,280.0,0,0.0,0.0,,0.0,normalDay
2020-08-20,4161.0,1001.0,0.0,0,338.28,0.0,1,16.81,6.8,SPY210115P00280000,280.0,0,0.0,0.0,,0.0,normalDay
2020-08-21,4161.0,1024.0,0.0,0,339.48,0.0,1,16.81,6.57,SPY210115P00280000,280.0,0,0.0,0.0,,0.0,normalDay
2020-08-24,4161.0,1071.0,0.0,0,342.92,0.0,1,16.81,6.1,SPY210115P00280000,280.0,0,0.0,0.0,,0.0,normalDay
2020-08-25,4161.0,1096.0,0.0,0,344.12,0.0,1,16.81,5.85,SPY210115P00280000,280.0,0,0.0,0.0,,0.0,normalDay
2020-08-26,4161.0,1105.0,0.0,0,347.57,0.0,1,16.81,5.76,SPY210115P00280000,280.0,0,0.0,0.0,,0.0,normalDay
2020-08-27,4161.0,1085.0,0.0,0,348.33,0.0,1,16.81,5.96,SPY210115P00280000,280.0,0,0.0,0.0,,0.0,normalDay
2020-08-28,4161.0,1123.0,0.0,0,350.58,0.0,1,16.81,5.58,SPY210115P00280000,280.0,0,0.0,0.0,,0.0,normalDay
2020-08-31,4161.0,1051.0,0.0,0,349.31,0.0,1,16.81,6.3,SPY210115P00280000,280.0,0,0.0,0.0,,0.0,normalDay
2020-09-01,4161.0,1069.0,0.0,0,352.6,0.0,1,16.81,6.12,SPY210115P00280000,280.0,0,0.0,0.0,,0.0,normalDay
2020-09-02,4161.0,1079.0,0.0,0,357.7,0.0,1,16.81,6.02,SPY210115P00280000,280.0,0,0.0,0.0,,0.0,normalDay
2020-09-03,4161.0,881.0,0.0,0,345.39,0.0,1,16.81,8.0,SPY210115P00280000,280.0,0,0.0,0.0,,0.0,normalDay
2020-09-04,4161.0,915.0,0.0,0,342.57,0.0,1,16.81,7.66,SPY210115P00280000,280.0,0,0.0,0.0,,0.0,normalDay
2020-09-08,4161.0,870.0,0.0,0,333.21,0.0,1,16.81,8.11,SPY210115P00280000,280.0,0,0.0,0.0,,0.0,normalDay
2020-09-09,4161.0,1020.0,0.0,0,339.79,0.0,1,16.81,6.61,SPY210115P00280000,280.0,0,0.0,0.0,,0.0,normalDay
2020-09-10,4161.0,939.0,0.0,0,333.89,0.0,1,16.81,7.42,SPY210115P00280000,280.0,0,0.0,0.0,,0.0,normalDay
2020-09-11,4161.0,993.0,0.0,0,334.06,0.0,1,16.81,6.88,SPY210115P00280000,280.0,0,0.0,0.0,,0.0,normalDay
2020-09-14,4161.0,1106.0,0.0,0,338.46,0.0,1,16.81,5.75,SPY210115P00280000,280.0,0,0.0,0.0,,0.0,normalDay
2020-09-15,4161.0,1125.0,0.0,0,340.17,0.0,1,16.81,5.56,SPY210115P00280000,280.0,0,0.0,0.0,,0.0,normalDay
2020-09-16,4161.0,1099.0,0.0,0,338.82,0.0,1,16.81,5.82,SPY210115P00280000,280.0,0,0.0,0.0,,0.0,normalDay
2020-09-17,4161.0,1072.0,0.0,0,335.84,0.0,1,16.81,6.09,SPY210115P00280000,280.0,0,0.0,0.0,,0.0,normalDay
2020-09-18,4161.0,1045.0,0.0,0,330.65,0.0,1,16.81,6.36,SPY210115P00280000,280.0,0,0.0,0.0,,0.0,normalDay
2020-09-21,4161.0,987.0,0.0,0,326.97,0.0,1,16.81,6.94,SPY210115P00280000,280.0,0,0.0,0.0,,0.0,normalDay
2020-09-22,4161.0,1015.0,0.0,0,330.3,0.0,1,16.81,6.66,SPY210115P00280000,280.0,0,0.0,0.0,,0.0,normalDay
2020-09-23,4161.0,859.0,0.0,0,322.64,0.0,1,16.81,8.22,SPY210115P00280000,280.0,0,0.0,0.0,,0.0,normalDay
2020-09-24,4161.0,901.0,0.0,0,323.5,0.0,1,16.81,7.8,SPY210115P00280000,280.0,0,0.0,0.0,,0.0,normalDay
2020-09-25,4161.0,1014.0,0.0,0,328.73,0.0,1,16.81,6.67,SPY210115P00280000,280.0,0,0.0,0.0,,0.0,normalDay
2020-09-28,4161.0,1107.0,0.0,0,334.19,0.0,1,16.81,5.74,SPY210115P00280000,280.0,0,0.0,0.0,,0.0,normalDay
2020-09-29,4161.0,1105.0,0.0,0,332.37,0.0,1,16.81,5.76,SPY210115P00280000,280.0,0,0.0,0.0,,0.0,normalDay
2020-09-30,4161.0,1104.0,0.0,0,334.89,0.0,1,16.81,5.77,SPY210115P00280000,280.0,0,0.0,0.0,,0.0,normalDay
2020-10-01,4161.0,1136.0,0.0,0,337.04,0.0,1,16.81,5.45,SPY210115P00280000,280.0,0,0.0,0.0,,0.0,normalDay
2020-10-02,4161.0,1084.0,0.0,0,333.84,0.0,1,16.81,5.97,SPY210115P00280000,280.0,0,0.0,0.0,,0.0,normalDay
2020-10-05,4161.0,1195.0,0.0,0,339.76,0.0,1,16.81,4.86,SPY210115P00280000,280.0,0,0.0,0.0,,0.0,normalDay
2020-10-06,4161.0,1136.0,0.0,0,334.93,0.0,1,16.81,5.45,SPY210115P00280000,280.0,0,0.0,0.0,,0.0,normalDay
2020-10-07,4161.0,1237.0,0.0,0,340.76,0.0,1,16.81,4.44,SPY210115P00280000,280.0,0,0.0,0.0,,0.0,normalDay
2020-10-08,4161.0,1307.0,0.0,0,343.78,0.0,1,16.81,3.74,SPY210115P00280000,280.0,0,0.0,0.0,,0.0,normalDay
2020-10-09,4161.0,1364.0,0.0,0,346.85,0.0,1,16.81,3.17,SPY210115P00280000,280.0,0,0.0,0.0,,0.0,normalDay
2020-10-12,4161.0,1402.0,0.0,0,352.43,0.0,1,16.81,2.79,SPY210115P00280000,280.0,0,0.0,0.0,,0.0,normalDay
2020-10-13,4161.0,1387.0,0.0,0,350.13,0.0,1,16.81,2.94,SPY210115P00280000,280.0,0,0.0,0.0,,0.0,normalDay
2020-10-14,4161.0,1382.0,0.0,0,347.93,0.0,1,16.81,2.99,SPY210115P00280000,280.0,0,0.0,0.0,,0.0,normalDay
2020-10-15,4161.0,1374.0,0.0,0,347.5,0.0,1,16.81,3.07,SPY210115P00280000,280.0,0,0.0,0.0,,0.0,normalDay
2020-10-16,4161.0,1361.0,0.0,0,347.29,0.0,1,16.81,3.2,SPY210115P00280000,280.0,0,0.0,0.0,,0.0,normalDay
2020-10-19,4161.0,1308.0,0.0,0,342.01,0.0,1,16.81,3.73,SPY210115P00280000,280.0,0,0.0,0.0,,0.0,normalDay
2020-10-20,4161.0,1318.0,0.0,0,343.38,0.0,1,16.81,3.63,SPY210115P00280000,280.0,0,0.0,0.0,,0.0,normalDay
2020-10-21,4161.0,1347.0,0.0,0,342.73,0.0,1,16.81,3.34,SPY210115P00280000,280.0,0,0.0,0.0,,0.0,normalDay
2020-10-22,4161.0,1365.0,0.0,0,344.61,0.0,1,16.81,3.16,SPY210115P00280000,280.0,0,0.0,0.0,,0.0,normalDay
2020-10-23,4161.0,1382.0,0.0,0,345.78,0.0,1,16.81,2.99,SPY210115P00280000,280.0,0,0.0,0.0,,0.0,normalDay
2020-10-26,4161.0,1275.0,0.0,0,339.39,0.0,1,16.81,4.06,SPY210115P00280000,280.0,0,0.0,0.0,,0.0,normalDay
2020-10-27,4161.0,1252.0,0.0,0,338.22,0.0,1,16.81,4.29,SPY210115P00280000,280.0,0,0.0,0.0,,0.0,normalDay
2020-10-28,4161.0,956.0,0.0,0,326.66,0.0,1,16.81,7.25,SPY210115P00280000,280.0,0,0.0,0.0,,0.0,normalDay
2020-10-29,4161.0,1115.0,0.0,0,329.98,0.0,1,16.81,5.66,SPY210115P00280000,280.0,0,0.0,0.0,,0.0,normalDay
2020-10-30,4161.0,1047.0,0.0,0,326.54,0.0,1,16.81,6.34,SPY210115P00280000,280.0,0,0.0,0.0,,0.0,normalDay
2020-11-02,4161.0,1152.0,0.0,0,330.2,0.0,1,16.81,5.29,SPY210115P00280000,280.0,0,0.0,0.0,,0.0,normalDay
2020-11-03,4161.0,1251.0,0.0,0,336.03,0.0,1,16.81,4.3,SPY210115P00280000,280.0,0,0.0,0.0,,0.0,normalDay
2020-11-04,4161.0,1396.0,0.0,0,343.54,0.0,1,16.81,2.85,SPY210115P00280000,280.0,0,0.0,0.0,,0.0,normalDay
2020-11-05,4161.0,1448.0,0.0,0,350.24,0.0,1,16.81,2.33,SPY210115P00280000,280.0,0,0.0,0.0,,0.0,normalDay
2020-11-06,4161.0,1491.0,0.0,0,350.16,0.0,1,16.81,1.9,SPY210115P00280000,280.0,0,0.0,0.0,,0.0,normalDay
2020-11-09,4161.0,1524.0,0.0,0,354.56,0.0,1,16.81,1.57,SPY210115P00280000,280.0,0,0.0,0.0,,0.0,normalDay
2020-11-10,4161.0,1534.0,0.0,0,354.04,0.0,1,16.81,1.47,SPY210115P00280000,280.0,0,0.0,0.0,,0.0,normalDay
2020-11-11,4161.0,1555.0,0.0,0,356.67,0.0,1,16.81,1.26,SPY210115P00280000,280.0,0,0.0,0.0,,0.0,normalDay
2020-11-12,4161.0,1521.0,0.0,0,353.21,0.0,1,16.81,1.6,SPY210115P00280000,280.0,0,0.0,0.0,,0.0,normalDay
2020-11-13,4161.0,1564.0,0.0,0,358.1,0.0,1,16.81,1.17,SPY210115P00280000,280.0,0,0.0,0.0,,0.0,normalDay
2020-11-16,4161.0,1587.0,0.0,0,362.57,0.0,1,16.81,0.94,SPY210115P00280000,280.0,0,0.0,0.0,,0.0,normalDay
2020-11-17,4161.0,1588.0,0.0,0,360.62,0.0,1,16.81,0.93,SPY210115P00280000,280.0,0,0.0,0.0,,0.0,normalDay
2020-11-18,4161.0,1571.0,0.0,0,356.28,0.0,1,16.81,1.1,SPY210115P00280000,280.0,0,0.0,0.0,,0.0,normalDay
2020-11-19,4161.0,1586.0,0.0,0,357.78,0.0,1,16.81,0.95,SPY210115P00280000,280.0,0,0.0,0.0,,0.0,normalDay
2020-11-20,4161.0,1581.0,0.0,0,355.33,0.0,1,16.81,1.0,SPY210115P00280000,280.0,0,0.0,0.0,,0.0,normalDay
2020-11-23,4161.0,1598.0,0.0,0,357.46,0.0,1,16.81,0.83,SPY210115P00280000,280.0,0,0.0,0.0,,0.0,normalDay
2020-11-24,4161.0,1616.0,0.0,0,363.22,0.0,1,16.81,0.65,SPY210115P00280000,280.0,0,0.0,0.0,,0.0,normalDay
2020-11-25,4161.0,1623.0,0.0,0,362.66,0.0,1,16.81,0.58,SPY210115P00280000,280.0,0,0.0,0.0,,0.0,normalDay
2020-11-27,4161.0,1630.0,0.0,0,363.67,0.0,1,16.81,0.51,SPY210115P00280000,280.0,0,0.0,0.0,,0.0,normalDay
2020-11-30,4161.0,1635.0,0.0,0,362.06,0.0,1,16.81,0.46,SPY210115P00280000,280.0,0,0.0,0.0,,0.0,normalDay
2020-12-01,4161.0,1636.0,0.0,0,366.02,0.0,1,16.81,0.45,SPY210115P00280000,280.0,0,0.0,0.0,,0.0,normalDay
2020-12-02,4161.0,1637.0,0.0,0,366.79,0.0,1,16.81,0.44,SPY210115P00280000,280.0,0,0.0,0.0,,0.0,normalDay
2020-12-03,4161.0,1636.0,0.0,0,366.69,0.0,1,16.81,0.45,SPY210115P00280000,280.0,0,0.0,0.0,,0.0,normalDay
2020-12-04,4161.0,1646.0,0.0,0,369.85,0.0,1,16.81,0.35,SPY210115P00280000,280.0,0,0.0,0.0,,0.0,normalDay
2020-12-07,4161.0,1649.0,0.0,0,369.09,0.0,1,16.81,0.32,SPY210115P00280000,280.0,0,0.0,0.0,,0.0,normalDay
2020-12-08,4161.0,1654.0,0.0,0,370.17,0.0,1,16.81,0.27,SPY210115P00280000,280.0,0,0.0,0.0,,0.0,normalDay
2020-12-09,4161.0,1649.0,0.0,0,366.85,0.0,1,16.81,0.32,SPY210115P00280000,280.0,0,0.0,0.0,,0.0,normalDay
2020-12-10,4161.0,1649.0,0.0,0,366.73,0.0,1,16.81,0.32,SPY210115P00280000,280.0,0,0.0,0.0,,0.0,normalDay
2020-12-11,4161.0,1643.0,0.0,0,366.3,0.0,1,16.81,0.38,SPY210115P00280000,280.0,0,0.0,0.0,,0.0,normalDay
2020-12-14,4161.0,1640.0,0.0,0,364.66,0.0,1,16.81,0.41,SPY210115P00280000,280.0,0,0.0,0.0,,0.0,normalDay
2020-12-15,4161.0,1651.0,0.0,0,369.59,0.0,1,16.81,0.3,SPY210115P00280000,280.0,0,0.0,0.0,,0.0,normalDay
2020-12-16,4161.0,1652.0,0.0,0,370.17,0.0,1,16.81,0.29,SPY210115P00280000,280.0,0,0.0,0.0,,0.0,normalDay
2020-12-17,4161.0,1656.0,0.0,0,372.24,0.0,1,16.81,0.25,SPY210115P00280000,280.0,0,0.0,0.0,,0.0,normalDay
2020-12-18,4161.0,1658.0,0.0,0,369.18,0.0,1,16.81,0.23,SPY210115P00280000,280.0,0,0.0,0.0,,0.0,normalDay
2020-12-21,4161.0,1650.0,0.0,0,367.86,0.0,1,16.81,0.31,SPY210115P00280000,280.0,0,0.0,0.0,,0.0,normalDay
2020-12-22,4161.0,1655.0,0.0,0,367.24,0.0,1,16.81,0.26,SPY210115P00280000,280.0,0,0.0,0.0,,0.0,normalDay
2020-12-23,4161.0,1659.0,0.0,0,367.57,0.0,1,16.81,0.22,SPY210115P00280000,280.0,0,0.0,0.0,,0.0,normalDay
2020-12-24,4161.0,1664.0,0.0,0,369.0,0.0,1,16.81,0.17,SPY210115P00280000,280.0,0,0.0,0.0,,0.0,normalDay
2020-12-28,4161.0,1670.0,0.0,0,372.17,0.0,1,16.81,0.11,SPY210115P00280000,280.0,0,0.0,0.0,,0.0,normalDay
2020-12-29,4161.0,1668.0,0.0,0,371.46,0.0,1,16.81,0.13,SPY210115P00280000,280.0,0,0.0,0.0,,0.0,normalDay
2020-12-30,4161.0,1670.0,0.0,0,371.99,0.0,1,16.81,0.11,SPY210115P00280000,280.0,0,0.0,0.0,,0.0,normalDay
2020-12-31,4161.0,1670.0,0.0,0,373.88,0.0,1,16.81,0.11,SPY210115P00280000,280.0,0,0.0,0.0,,0.0,normalDay
2021-01-04,4161.0,1671.0,0.0,0,368.79,0.0,1,16.81,0.1,SPY210115P00280000,280.0,0,0.0,0.0,,0.0,normalDay
2021-01-05,4161.0,1675.0,0.0,0,371.33,0.0,1,16.81,0.06,SPY210115P00280000,280.0,0,0.0,0.0,,0.0,normalDay
2021-01-06,4161.0,1672.0,0.0,0,373.55,0.0,1,16.81,0.09,SPY210115P00280000,280.0,0,0.0,0.0,,0.0,normalDay
2021-01-07,4161.0,1678.0,0.0,0,379.1,0.0,1,16.81,0.03,SPY210115P00280000,280.0,0,0.0,0.0,,0.0,normalDay
2021-01-08,4161.0,1679.0,0.0,0,381.26,0.0,1,16.81,0.02,SPY210115P00280000,280.0,0,0.0,0.0,,0.0,normalDay
2021-01-11,4161.0,1679.0,0.0,0,378.69,0.0,1,16.81,0.02,SPY210115P00280000,280.0,0,0.0,0.0,,0.0,normalDay
2021-01-12,4161.0,1680.0,0.0,0,378.77,0.0,1,16.81,0.01,SPY210115P00280000,280.0,0,0.0,0.0,,0.0,normalDay
2021-01-13,4161.0,1680.0,0.0,0,379.79,0.0,1,16.81,0.01,SPY210115P00280000,280.0,0,0.0,0.0,,0.0,normalDay
2021-01-14,4161.0,1680.0,0.0,0,378.46,0.0,1,16.81,0.01,SPY210115P00280000,280.0,0,0.0,0.0,,0.0,normalDay
2021-01-15,5842.0,0.0,1681.0,0,375.7,0.0,1,16.81,0.0,SPY210115P00280000,280.0,0,0.0,0.0,,0.0,expirationDay
2021-01-19,5842.0,-23.0,0.0,0,378.65,0.0,1,18.28,18.51,SPY210716P00365000,365.0,0,0.0,0.0,,0.0,normalDay
2021-01-20,5842.0,166.0,0.0,0,383.89,0.0,1,18.28,16.62,SPY210716P00365000,365.0,0,0.0,0.0,,0.0,normalDay
2021-01-21,5842.0,172.0,0.0,0,384.24,0.0,1,18.28,16.56,SPY210716P00365000,365.0,0,0.0,0.0,,0.0,normalDay
2021-01-22,5842.0,123.0,0.0,0,382.88,0.0,1,18.28,17.05,SPY210716P00365000,365.0,0,0.0,0.0,,0.0,normalDay
2021-01-25,5842.0,126.0,0.0,0,384.39,0.0,1,18.28,17.02,SPY210716P00365000,365.0,0,0.0,0.0,,0.0,normalDay
2021-01-26,5842.0,115.0,0.0,0,383.79,0.0,1,18.28,17.13,SPY210716P00365000,365.0,0,0.0,0.0,,0.0,normalDay
2021-01-27,5842.0,-569.0,0.0,0,374.41,0.0,1,18.28,23.97,SPY210716P00365000,365.0,0,0.0,0.0,,0.0,normalDay
2021-01-28,5842.0,-293.0,0.0,0,377.63,0.0,1,18.28,21.21,SPY210716P00365000,365.0,0,0.0,0.0,,0.0,normalDay
2021-01-29,5842.0,-687.0,0.0,0,370.07,0.0,1,18.28,25.15,SPY210716P00365000,365.0,0,0.0,0.0,,0.0,normalDay
2021-02-01,5842.0,-336.0,0.0,0,376.23,0.0,1,18.28,21.64,SPY210716P00365000,365.0,0,0.0,0.0,,0.0,normalDay
2021-02-02,5842.0,9.0,0.0,0,381.55,0.0,1,18.28,18.19,SPY210716P00365000,365.0,0,0.0,0.0,,0.0,normalDay
2021-02-03,5842.0,91.0,0.0,0,381.85,0.0,1,18.28,17.37,SPY210716P00365000,365.0,0,0.0,0.0,,0.0,normalDay
2021-02-04,5842.0,244.0,0.0,0,386.19,0.0,1,18.28,15.84,SPY210716P00365000,365.0,0,0.0,0.0,,0.0,normalDay
2021-02-05,5842.0,289.0,0.0,0,387.71,0.0,1,18.28,15.39,SPY210716P00365000,365.0,0,0.0,0.0,,0.0,normalDay
2021-02-08,5842.0,372.0,0.0,0,390.51,0.0,1,18.28,14.56,SPY210716P00365000,365.0,0,0.0,0.0,,0.0,normalDay
2021-02-09,5842.0,367.0,0.0,0,390.25,0.0,1,18.28,14.61,SPY210716P00365000,365.0,0,0.0,0.0,,0.0,normalDay
2021-02-10,5842.0,330.0,0.0,0,390.08,0.0,1,18.28,14.98,SPY210716P00365000,365.0,0,0.0,0.0,,0.0,normalDay
2021-02-11,5842.0,357.0,0.0,0,390.71,0.0,1,18.28,14.71,SPY210716P00365000,365.0,0,0.0,0.0,,0.0,normalDay
2021-02-12,5842.0,458.0,0.0,0,392.64,0.0,1,18.28,13.7,SPY210716P00365000,365.0,0,0.0,0.0,,0.0,normalDay
2021-02-16,5842.0,431.0,0.0,0,392.3,0.0,1,18.28,13.97,SPY210716P00365000,365.0,0,0.0,0.0,,0.0,normalDay
2021-02-17,5842.0,448.0,0.0,0,392.39,0.0,1,18.28,13.8,SPY210716P00365000,365.0,0,0.0,0.0,,0.0,normalDay
2021-02-18,5842.0,394.0,0.0,0,390.72,0.0,1,18.28,14.34,SPY210716P00365000,365.0,0,0.0,0.0,,0.0,normalDay
2021-02-19,5842.0,407.0,0.0,0,390.03,0.0,1,18.28,14.21,SPY210716P00365000,365.0,0,0.0,0.0,,0.0,normalDay
2021-02-22,5842.0,319.0,0.0,0,387.03,0.0,1,18.28,15.09,SPY210716P00365000,365.0,0,0.0,0.0,,0.0,normalDay
2021-02-23,5842.0,376.0,0.0,0,387.5,0.0,1,18.28,14.52,SPY210716P00365000,365.0,0,0.0,0.0,,0.0,normalDay
2021-02-24,5842.0,543.0,0.0,0,391.77,0.0,1,18.28,12.85,SPY210716P00365000,365.0,0,0.0,0.0,,0.0,normalDay
2021-02-25,5842.0,144.0,0.0,0,382.33,0.0,1,18.28,16.84,SPY210716P00365000,365.0,0,0.0,0.0,,0.0,normalDay
2021-02-26,5842.0,152.0,0.0,0,380.36,0.0,1,18.28,16.76,SPY210716P00365000,365.0,0,0.0,0.0,,0.0,normalDay
2021-03-01,5842.0,529.0,0.0,0,389.58,0.0,1,18.28,12.99,SPY210716P00365000,365.0,0,0.0,0.0,,0.0,normalDay
2021-03-02,5842.0,429.0,0.0,0,386.54,0.0,1,18.28,13.99,SPY210716P00365000,365.0,0,0.0,0.0,,0.0,normalDay
2021-03-03,5842.0,252.0,0.0,0,381.42,0.0,1,18.28,15.76,SPY210716P00365000,365.0,0,0.0,0.0,,0.0,normalDay
2021-03-04,5842.0,79.0,0.0,0,376.7,0.0,1,18.28,17.49,SPY210716P00365000,365.0,0,0.0,0.0,,0.0,normalDay
2021-03-05,5842.0,400.0,0.0,0,383.63,0.0,1,18.28,14.28,SPY210716P00365000,365.0,0,0.0,0.0,,0.0,normalDay
2021-03-08,5842.0,361.0,0.0,0,381.72,0.0,1,18.28,14.67,SPY210716P00365000,365.0,0,0.0,0.0,,0.0,normalDay
2021-03-09,5842.0,529.0,0.0,0,387.17,0.0,1,18.28,12.99,SPY210716P00365000,365.0,0,0.0,0.0,,0.0,normalDay
2021-03-10,5842.0,627.0,0.0,0,389.58,0.0,1,18.28,12.01,SPY210716P00365000,365.0,0,0.0,0.0,,0.0,normalDay
2021-03-11,5842.0,728.0,0.0,0,393.53,0.0,1,18.28,11.0,SPY210716P00365000,365.0,0,0.0,0.0,,0.0,normalDay
2021-03-12,5842.0,779.0,0.0,0,394.06,0.0,1,18.28,10.49,SPY210716P00365000,365.0,0,0.0,0.0,,0.0,normalDay
2021-03-15,5842.0,875.0,0.0,0,396.41,0.0,1,18.28,9.53,SPY210716P00365000,365.0,0,0.0,0.0,,0.0,normalDay
2021-03-16,5842.0,869.0,0.0,0,395.91,0.0,1,18.28,9.59,SPY210716P00365000,365.0,0,0.0,0.0,,0.0,normalDay
2021-03-17,5842.0,940.0,0.0,0,397.26,0.0,1,18.28,8.88,SPY210716P00365000,365.0,0,0.0,0.0,,0.0,normalDay
2021-03-18,5842.0,793.0,0.0,0,391.48,0.0,1,18.28,10.35,SPY210716P00365000,365.0,0,0.0,0.0,,0.0,normalDay
2021-03-19,5842.0,788.0,0.0,0,389.48,0.0,1,18.28,10.4,SPY210716P00365000,365.0,0,0.0,0.0,,0.0,normalDay
2021-03-22,5842.0,975.0,0.0,0,392.59,0.0,1,18.28,8.53,SPY210716P00365000,365.0,0,0.0,0.0,,0.0,normalDay
2021-03-23,5842.0,883.0,0.0,0,389.5,0.0,1,18.28,9.45,SPY210716P00365000,365.0,0,0.0,0.0,,0.0,normalDay
2021-03-24,5842.0,823.0,0.0,0,387.52,0.0,1,18.28,10.05,SPY210716P00365000,365.0,0,0.0,0.0,,0.0,normalDay
2021-03-25,5842.0,925.0,0.0,0,389.7,0.0,1,18.28,9.03,SPY210716P00365000,365.0,0,0.0,0.0,,0.0,normalDay
2021-03-26,5842.0,1074.0,0.0,0,395.98,0.0,1,18.28,7.54,SPY210716P00365000,365.0,0,0.0,0.0,,0.0,normalDay
2021-03-29,5842.0,1053.0,0.0,0,395.78,0.0,1,18.28,7.75,SPY210716P00365000,365.0,0,0.0,0.0,,0.0,normalDay
2021-03-30,5842.0,1074.0,0.0,0,394.73,0.0,1,18.28,7.54,SPY210716P00365000,365.0,0,0.0,0.0,,0.0,normalDay
2021-03-31,5842.0,1123.0,0.0,0,396.33,0.0,1,18.28,7.05,SPY210716P00365000,365.0,0,0.0,0.0,,0.0,normalDay
2021-04-01,5842.0,1242.0,0.0,0,400.61,0.0,1,18.28,5.86,SPY210716P00365000,365.0,0,0.0,0.0,,0.0,normalDay
2021-04-05,5842.0,1337.0,0.0,0,406.36,0.0,1,18.28,4.91,SPY210716P00365000,365.0,0,0.0,0.0,,0.0,normalDay
2021-04-06,5842.0,1327.0,0.0,0,406.12,0.0,1,18.28,5.01,SPY210716P00365000,365.0,0,0.0,0.0,,0.0,normalDay
2021-04-07,5842.0,1355.0,0.0,0,406.59,0.0,1,18.28,4.73,SPY210716P00365000,365.0,0,0.0,0.0,,0.0,normalDay
2021-04-08,5842.0,1375.0,0.0,0,408.52,0.0,1,18.28,4.53,SPY210716P00365000,365.0,0,0.0,0.0,,0.0,normalDay
2021-04-09,5842.0,1397.0,0.0,0,411.49,0.0,1,18.28,4.31,SPY210716P00365000,365.0,0,0.0,0.0,,0.0,normalDay
2021-04-12,5842.0,1411.0,0.0,0,411.64,0.0,1,18.28,4.17,SPY210716P00365000,365.0,0,0.0,0.0,,0.0,normalDay
2021-04-13,5842.0,1438.0,0.0,0,412.86,0.0,1,18.28,3.9,SPY210716P00365000,365.0,0,0.0,0.0,,0.0,normalDay
2021-04-14,5842.0,1419.0,0.0,0,411.45,0.0,1,18.28,4.09,SPY210716P00365000,365.0,0,0.0,0.0,,0.0,normalDay
2021-04-15,5842.0,1466.0,0.0,0,415.87,0.0,1,18.28,3.62,SPY210716P00365000,365.0,0,0.0,0.0,,0.0,normalDay
2021-04-16,5842.0,1484.0,0.0,0,417.26,0.0,1,18.28,3.44,SPY210716P00365000,365.0,0,0.0,0.0,,0.0,normalDay
2021-04-19,5842.0,1451.0,0.0,0,415.21,0.0,1,18.28,3.77,SPY210716P00365000,365.0,0,0.0,0.0,,0.0,normalDay
2021-04-20,5842.0,1393.0,0.0,0,412.17,0.0,1,18.28,4.35,SPY210716P00365000,365.0,0,0.0,0.0,,0.0,normalDay
2021-04-21,5842.0,1464.0,0.0,0,416.07,0.0,1,18.28,3.64,SPY210716P00365000,365.0,0,0.0,0.0,,0.0,normalDay
2021-04-22,5842.0,1394.0,0.0,0,412.27,0.0,1,18.28,4.34,SPY210716P00365000,365.0,0,0.0,0.0,,0.0,normalDay
2021-04-23,5842.0,1479.0,0.0,0,416.74,0.0,1,18.28,3.49,SPY210716P00365000,365.0,0,0.0,0.0,,0.0,normalDay
2021-04-26,5842.0,1499.0,0.0,0,417.61,0.0,1,18.28,3.29,SPY210716P00365000,365.0,0,0.0,0.0,,0.0,normalDay
2021-04-27,5842.0,1510.0,0.0,0,417.52,0.0,1,18.28,3.18,SPY210716P00365000,365.0,0,0.0,0.0,,0.0,normalDay
2021-04-28,5842.0,1528.0,0.0,0,417.4,0.0,1,18.28,3.0,SPY210716P00365000,365.0,0,0.0,0.0,,0.0,normalDay
2021-04-29,5842.0,1539.0,0.0,0,420.06,0.0,1,18.28,2.89,SPY210716P00365000,365.0,0,0.0,0.0,,0.0,normalDay
2021-04-30,5842.0,1506.0,0.0,0,417.3,0.0,1,18.28,3.22,SPY210716P00365000,365.0,0,0.0,0.0,,0.0,normalDay
2021-05-03,5842.0,1532.0,0.0,0,418.2,0.0,1,18.28,2.96,SPY210716P00365000,365.0,0,0.0,0.0,,0.0,normalDay
2021-05-04,5842.0,1491.0,0.0,0,415.62,0.0,1,18.28,3.37,SPY210716P00365000,365.0,0,0.0,0.0,,0.0,normalDay
2021-05-05,5842.0,1506.0,0.0,0,415.75,0.0,1,18.28,3.22,SPY210716P00365000,365.0,0,0.0,0.0,,0.0,normalDay
2021-05-06,5842.0,1549.0,0.0,0,419.07,0.0,1,18.28,2.79,SPY210716P00365000,365.0,0,0.0,0.0,,0.0,normalDay
2021-05-07,5842.0,1597.0,0.0,0,422.12,0.0,1,18.28,2.31,SPY210716P00365000,365.0,0,0.0,0.0,,0.0,normalDay
2021-05-10,5842.0,1541.0,0.0,0,417.94,0.0,1,18.28,2.87,SPY210716P00365000,365.0,0,0.0,0.0,,0.0,normalDay
2021-05-11,5842.0,1478.0,0.0,0,414.21,0.0,1,18.28,3.5,SPY210716P00365000,365.0,0,0.0,0.0,,0.0,normalDay
2021-05-12,5842.0,1250.0,0.0,0,405.41,0.0,1,18.28,5.78,SPY210716P00365000,365.0,0,0.0,0.0,,0.0,normalDay
2021-05-13,5842.0,1416.0,0.0,0,410.28,0.0,1,18.28,4.12,SPY210716P00365000,365.0,0,0.0,0.0,,0.0,normalDay
2021-05-14,5842.0,1569.0,0.0,0,416.58,0.0,1,18.28,2.59,SPY210716P00365000,365.0,0,0.0,0.0,,0.0,normalDay
2021-05-17,5842.0,1553.0,0.0,0,415.52,0.0,1,18.28,2.75,SPY210716P00365000,365.0,0,0.0,0.0,,0.0,normalDay
2021-05-18,5842.0,1505.0,0.0,0,411.94,0.0,1,18.28,3.23,SPY210716P00365000,365.0,0,0.0,0.0,,0.0,normalDay
2021-05-19,5842.0,1481.0,0.0,0,410.86,0.0,1,18.28,3.47,SPY210716P00365000,365.0,0,0.0,0.0,,0.0,normalDay
2021-05-20,5842.0,1550.0,0.0,0,415.28,0.0,1,18.28,2.78,SPY210716P00365000,365.0,0,0.0,0.0,,0.0,normalDay
2021-05-21,5842.0,1567.0,0.0,0,414.94,0.0,1,18.28,2.61,SPY210716P00365000,365.0,0,0.0,0.0,,0.0,normalDay
2021-05-24,5842.0,1637.0,0.0,0,419.17,0.0,1,18.28,1.91,SPY210716P00365000,365.0,0,0.0,0.0,,0.0,normalDay
2021-05-25,5842.0,1637.0,0.0,0,418.24,0.0,1,18.28,1.91,SPY210716P00365000,365.0,0,0.0,0.0,,0.0,normalDay
2021-05-26,5842.0,1676.0,0.0,0,419.07,0.0,1,18.28,1.52,SPY210716P00365000,365.0,0,0.0,0.0,,0.0,normalDay
2021-05-27,5842.0,1699.0,0.0,0,419.29,0.0,1,18.28,1.29,SPY210716P00365000,365.0,0,0.0,0.0,,0.0,normalDay
2021-05-28,5842.0,1700.0,0.0,0,420.04,0.0,1,18.28,1.28,SPY210716P00365000,365.0,0,0.0,0.0,,0.0,normalDay
2021-06-01,5842.0,1699.0,0.0,0,419.67,0.0,1,18.28,1.29,SPY210716P00365000,365.0,0,0.0,0.0,,0.0,normalDay
2021-06-02,5842.0,1711.0,0.0,0,420.33,0.0,1,18.28,1.17,SPY210716P00365000,365.0,0,0.0,0.0,,0.0,normalDay
2021-06-03,5842.0,1703.0,0.0,0,418.77,0.0,1,18.28,1.25,SPY210716P00365000,365.0,0,0.0,0.0,,0.0,normalDay
2021-06-04,5842.0,1736.0,0.0,0,422.6,0.0,1,18.28,0.92,SPY210716P00365000,365.0,0,0.0,0.0,,0.0,normalDay
2021-06-07,5842.0,1747.0,0.0,0,422.19,0.0,1,18.28,0.81,SPY210716P00365000,365.0,0,0.0,0.0,,0.0,normalDay
2021-06-08,5842.0,1743.0,0.0,0,422.28,0.0,1,18.28,0.85,SPY210716P00365000,365.0,0,0.0,0.0,,0.0,normalDay
2021-06-09,5842.0,1736.0,0.0,0,421.65,0.0,1,18.28,0.92,SPY210716P00365000,365.0,0,0.0,0.0,,0.0,normalDay
2021-06-10,5842.0,1758.0,0.0,0,423.61,0.0,1,18.28,0.7,SPY210716P00365000,365.0,0,0.0,0.0,,0.0,normalDay
2021-06-11,5842.0,1763.0,0.0,0,424.31,0.0,1,18.28,0.65,SPY210716P00365000,365.0,0,0.0,0.0,,0.0,normalDay
2021-06-14,5842.0,1770.0,0.0,0,425.26,0.0,1,18.28,0.58,SPY210716P00365000,365.0,0,0.0,0.0,,0.0,normalDay
2021-06-15,5842.0,1765.0,0.0,0,424.48,0.0,1,18.28,0.63,SPY210716P00365000,365.0,0,0.0,0.0,,0.0,normalDay
2021-06-16,5842.0,1757.0,0.0,0,422.11,0.0,1,18.28,0.71,SPY210716P00365000,365.0,0,0.0,0.0,,0.0,normalDay
2021-06-17,5842.0,1764.0,0.0,0,421.97,0.0,1,18.28,0.64,SPY210716P00365000,365.0,0,0.0,0.0,,0.0,normalDay
2021-06-18,5842.0,1729.0,0.0,0,414.92,0.0,1,18.28,0.99,SPY210716P00365000,365.0,0,0.0,0.0,,0.0,normalDay
2021-06-21,5842.0,1778.0,0.0,0,420.86,0.0,1,18.28,0.5,SPY210716P00365000,365.0,0,0.0,0.0,,0.0,normalDay
2021-06-22,5842.0,1788.0,0.0,0,423.11,0.0,1,18.28,0.4,SPY210716P00365000,365.0,0,0.0,0.0,,0.0,normalDay
2021-06-23,5842.0,1794.0,0.0,0,422.6,0.0,1,18.28,0.34,SPY210716P00365000,365.0,0,0.0,0.0,,0.0,normalDay
2021-06-24,5842.0,1799.0,0.0,0,425.1,0.0,1,18.28,0.29,SPY210716P00365000,365.0,0,0.0,0.0,,0.0,normalDay
2021-06-25,5842.0,1803.0,0.0,0,426.61,0.0,1,18.28,0.25,SPY210716P00365000,365.0,0,0.0,0.0,,0.0,normalDay
2021-06-28,5842.0,1810.0,0.0,0,427.47,0.0,1,18.28,0.18,SPY210716P00365000,365.0,0,0.0,0.0,,0.0,normalDay
2021-06-29,5842.0,1810.0,0.0,0,427.7,0.0,1,18.28,0.18,SPY210716P00365000,365.0,0,0.0,0.0,,0.0,normalDay
2021-06-30,5842.0,1813.0,0.0,0,428.06,0.0,1,18.28,0.15,SPY210716P00365000,365.0,0,0.0,0.0,,0.0,normalDay
2021-07-01,5842.0,1817.0,0.0,0,430.43,0.0,1,18.28,0.11,SPY210716P00365000,365.0,0,0.0,0.0,,0.0,normalDay
2021-07-02,5842.0,1820.0,0.0,0,433.72,0.0,1,18.28,0.08,SPY210716P00365000,365.0,0,0.0,0.0,,0.0,normalDay
2021-07-06,5842.0,1821.0,0.0,0,432.93,0.0,1,18.28,0.07,SPY210716P00365000,365.0,0,0.0,0.0,,0.0,normalDay
2021-07-07,5842.0,1823.0,0.0,0,434.46,0.0,1,18.28,0.05,SPY210716P00365000,365.0,0,0.0,0.0,,0.0,normalDay
2021-07-08,5842.0,1820.0,0.0,0,430.92,0.0,1,18.28,0.08,SPY210716P00365000,365.0,0,0.0,0.0,,0.0,normalDay
2021-07-09,5842.0,1825.0,0.0,0,435.52,0.0,1,18.28,0.03,SPY210716P00365000,365.0,0,0.0,0.0,,0.0,normalDay
2021-07-12,5842.0,1826.0,0.0,0,437.08,0.0,1,18.28,0.02,SPY210716P00365000,365.0,0,0.0,0.0,,0.0,normalDay
2021-07-13,5842.0,1826.0,0.0,0,435.59,0.0,1,18.28,0.02,SPY210716P00365000,365.0,0,0.0,0.0,,0.0,normalDay
2021-07-14,5842.0,1827.0,0.0,0,436.24,0.0,1,18.28,0.01,SPY210716P00365000,365.0,0,0.0,0.0,,0.0,normalDay
2021-07-15,5842.0,1827.0,0.0,0,434.75,0.0,1,18.28,0.01,SPY210716P00365000,365.0,0,0.0,0.0,,0.0,normalDay
2021-07-16,7670.0,0.0,1828.0,0,431.34,0.0,1,18.28,0.0,SPY210716P00365000,365.0,0,0.0,0.0,,0.0,expirationDay
2021-07-19,7670.0,-28.0,0.0,0,424.97,0.0,1,23.52,23.8,SPY220218P00421000,421.0,0,0.0,0.0,,0.0,normalDay
2021-07-20,7670.0,258.0,0.0,0,431.06,0.0,1,23.52,20.94,SPY220218P00421000,421.0,0,0.0,0.0,,0.0,normalDay
2021-07-21,7670.0,440.0,0.0,0,434.55,0.0,1,23.52,19.12,SPY220218P00421000,421.0,0,0.0,0.0,,0.0,normalDay
2021-07-22,7670.0,475.0,0.0,0,435.46,0.0,1,23.52,18.77,SPY220218P00421000,421.0,0,0.0,0.0,,0.0,normalDay
2021-07-23,7670.0,593.0,0.0,0,439.94,0.0,1,23.52,17.59,SPY220218P00421000,421.0,0,0.0,0.0,,0.0,normalDay
2021-07-26,7670.0,627.0,0.0,0,441.02,0.0,1,23.52,17.25,SPY220218P00421000,421.0,0,0.0,0.0,,0.0,normalDay
2021-07-27,7670.0,519.0,0.0,0,439.01,0.0,1,23.52,18.33,SPY220218P00421000,421.0,0,0.0,0.0,,0.0,normalDay
2021-07-28,7670.0,545.0,0.0,0,438.83,0.0,1,23.52,18.07,SPY220218P00421000,421.0,0,0.0,0.0,,0.0,normalDay
2021-07-29,7670.0,633.0,0.0,0,440.65,0.0,1,23.52,17.19,SPY220218P00421000,421.0,0,0.0,0.0,,0.0,normalDay
2021-07-30,7670.0,585.0,0.0,0,438.51,0.0,1,23.52,17.67,SPY220218P00421000,421.0,0,0.0,0.0,,0.0,normalDay
2021-08-02,7670.0,522.0,0.0,0,437.59,0.0,1,23.52,18.3,SPY220218P00421000,421.0,0,0.0,0.0,,0.0,normalDay
2021-08-03,7670.0,660.0,0.0,0,441.15,0.0,1,23.52,16.92,SPY220218P00421000,421.0,0,0.0,0.0,,0.0,normalDay
2021-08-04,7670.0,613.0,0.0,0,438.98,0.0,1,23.52,17.39,SPY220218P00421000,421.0,0,0.0,0.0,,0.0,normalDay
2021-08-05,7670.0,711.0,0.0,0,441.76,0.0,1,23.52,16.41,SPY220218P00421000,421.0,0,0.0,0.0,,0.0,normalDay
2021-08-06,7670.0,778.0,0.0,0,442.49,0.0,1,23.52,15.74,SPY220218P00421000,421.0,0,0.0,0.0,,0.0,normalDay
2021-08-09,7670.0,755.0,0.0,0,442.13,0.0,1,23.52,15.97,SPY220218P00421000,421.0,0,0.0,0.0,,0.0,normalDay
2021-08-10,7670.0,753.0,0.0,0,442.68,0.0,1,23.52,15.99,SPY220218P00421000,421.0,0,0.0,0.0,,0.0,normalDay
2021-08-11,7670.0,813.0,0.0,0,443.78,0.0,1,23.52,15.39,SPY220218P00421000,421.0,0,0.0,0.0,,0.0,normalDay
2021-08-12,7670.0,869.0,0.0,0,445.11,0.0,1,23.52,14.83,SPY220218P00421000,421.0,0,0.0,0.0,,0.0,normalDay
2021-08-13,7670.0,892.0,0.0,0,445.92,0.0,1,23.52,14.6,SPY220218P00421000,421.0,0,0.0,0.0,,0.0,normalDay
2021-08-16,7670.0,921.0,0.0,0,446.97,0.0,1,23.52,14.31,SPY220218P00421000,421.0,0,0.0,0.0,,0.0,normalDay
2021-08-17,7670.0,777.0,0.0,0,444.04,0.0,1,23.52,15.75,SPY220218P00421000,421.0,0,0.0,0.0,,0.0,normalDay
2021-08-18,7670.0,557.0,0.0,0,439.18,0.0,1,23.52,17.95,SPY220218P00421000,421.0,0,0.0,0.0,,0.0,normalDay
2021-08-19,7670.0,578.0,0.0,0,439.86,0.0,1,23.52,17.74,SPY220218P00421000,421.0,0,0.0,0.0,,0.0,normalDay
2021-08-20,7670.0,741.0,0.0,0,443.36,0.0,1,23.52,16.11,SPY220218P00421000,421.0,0,0.0,0.0,,0.0,normalDay
2021-08-23,7670.0,916.0,0.0,0,447.26,0.0,1,23.52,14.36,SPY220218P00421000,421.0,0,0.0,0.0,,0.0,normalDay
2021-08-24,7670.0,912.0,0.0,0,447.97,0.0,1,23.52,14.4,SPY220218P00421000,421.0,0,0.0,0.0,,0.0,normalDay
2021-08-25,7670.0,969.0,0.0,0,448.91,0.0,1,23.52,13.83,SPY220218P00421000,421.0,0,0.0,0.0,,0.0,normalDay
2021-08-26,7670.0,859.0,0.0,0,446.26,0.0,1,23.52,14.93,SPY220218P00421000,421.0,0,0.0,0.0,,0.0,normalDay
2021-08-27,7670.0,1015.0,0.0,0,450.25,0.0,1,23.52,13.37,SPY220218P00421000,421.0,0,0.0,0.0,,0.0,normalDay
2021-08-30,7670.0,1069.0,0.0,0,452.23,0.0,1,23.52,12.83,SPY220218P00421000,421.0,0,0.0,0.0,,0.0,normalDay
2021-08-31,7670.0,1061.0,0.0,0,451.56,0.0,1,23.52,12.91,SPY220218P00421000,421.0,0,0.0,0.0,,0.0,normalDay
2021-09-01,7670.0,1088.0,0.0,0,451.8,0.0,1,23.52,12.64,SPY220218P00421000,421.0,0,0.0,0.0,,0.0,normalDay
2021-09-02,7670.0,1122.0,0.0,0,453.19,0.0,1,23.52,12.3,SPY220218P00421000,421.0,0,0.0,0.0,,0.0,normalDay
2021-09-03,7670.0,1106.0,0.0,0,453.08,0.0,1,23.52,12.46,SPY220218P00421000,421.0,0,0.0,0.0,,0.0,normalDay
2021-09-07,7670.0,1039.0,0.0,0,451.46,0.0,1,23.52,13.13,SPY220218P00421000,421.0,0,0.0,0.0,,0.0,normalDay
2021-09-08,7670.0,1027.0,0.0,0,450.91,0.0,1,23.52,13.25,SPY220218P00421000,421.0,0,0.0,0.0,,0.0,normalDay
2021-09-09,7670.0,954.0,0.0,0,448.98,0.0,1,23.52,13.98,SPY220218P00421000,421.0,0,0.0,0.0,,0.0,normalDay
2021-09-10,7670.0,860.0,0.0,0,445.44,0.0,1,23.52,14.92,SPY220218P00421000,421.0,0,0.0,0.0,,0.0,normalDay
2021-09-13,7670.0,942.0,0.0,0,446.58,0.0,1,23.52,14.1,SPY220218P00421000,421.0,0,0.0,0.0,,0.0,normalDay
2021-09-14,7670.0,876.0,0.0,0,444.17,0.0,1,23.52,14.76,SPY220218P00421000,421.0,0,0.0,0.0,,0.0,normalDay
2021-09-15,7670.0,1009.0,0.0,0,447.88,0.0,1,23.52,13.43,SPY220218P00421000,421.0,0,0.0,0.0,,0.0,normalDay
2021-09-16,7670.0,981.0,0.0,0,447.17,0.0,1,23.52,13.71,SPY220218P00421000,421.0,0,0.0,0.0,,0.0,normalDay
2021-09-17,7670.0,826.0,0.0,0,441.4,0.0,1,23.52,15.26,SPY220218P00421000,421.0,0,0.0,0.0,,0.0,normalDay
2021-09-20,7670.0,487.0,0.0,0,434.04,0.0,1,23.52,18.65,SPY220218P00421000,421.0,0,0.0,0.0,,0.0,normalDay
2021-09-21,7670.0,518.0,0.0,0,433.63,0.0,1,23.52,18.34,SPY220218P00421000,421.0,0,0.0,0.0,,0.0,normalDay
2021-09-22,7670.0,767.0,0.0,0,437.86,0.0,1,23.52,15.85,SPY220218P00421000,421.0,0,0.0,0.0,,0.0,normalDay
2021-09-23,7670.0,988.0,0.0,0,443.18,0.0,1,23.52,13.64,SPY220218P00421000,421.0,0,0.0,0.0,,0.0,normalDay
2021-09-24,7670.0,1031.0,0.0,0,443.91,0.0,1,23.52,13.21,SPY220218P00421000,421.0,0,0.0,0.0,,0.0,normalDay
2021-09-27,7670.0,988.0,0.0,0,442.64,0.0,1,23.52,13.64,SPY220218P00421000,421.0,0,0.0,0.0,,0.0,normalDay
2021-09-28,7670.0,639.0,0.0,0,433.72,0.0,1,23.52,17.13,SPY220218P00421000,421.0,0,0.0,0.0,,0.0,normalDay
2021-09-29,7670.0,680.0,0.0,0,434.45,0.0,1,23.52,16.72,SPY220218P00421000,421.0,0,0.0,0.0,,0.0,normalDay
2021-09-30,7670.0,516.0,0.0,0,429.14,0.0,1,23.52,18.36,SPY220218P00421000,421.0,0,0.0,0.0,,0.0,normalDay
2021-10-01,7670.0,728.0,0.0,0,434.24,0.0,1,23.52,16.24,SPY220218P00421000,421.0,0,0.0,0.0,,0.0,normalDay
2021-10-04,7670.0,512.0,0.0,0,428.64,0.0,1,23.52,18.4,SPY220218P00421000,421.0,0,0.0,0.0,,0.0,normalDay
2021-10-05,7670.0,712.0,0.0,0,433.1,0.0,1,23.52,16.4,SPY220218P00421000,421.0,0,0.0,0.0,,0.0,normalDay
2021-10-06,7670.0,777.0,0.0,0,434.9,0.0,1,23.52,15.75,SPY220218P00421000,421.0,0,0.0,0.0,,0.0,normalDay
2021-10-07,7670.0,946.0,0.0,0,438.66,0.0,1,23.52,14.06,SPY220218P00421000,421.0,0,0.0,0.0,,0.0,normalDay
2021-10-08,7670.0,928.0,0.0,0,437.86,0.0,1,23.52,14.24,SPY220218P00421000,421.0,0,0.0,0.0,,0.0,normalDay
2021-10-11,7670.0,848.0,0.0,0,434.69,0.0,1,23.52,15.04,SPY220218P00421000,421.0,0,0.0,0.0,,0.0,normalDay
2021-10-12,7670.0,827.0,0.0,0,433.62,0.0,1,23.52,15.25,SPY220218P00421000,421.0,0,0.0,0.0,,0.0,normalDay
2021-10-13,7670.0,968.0,0.0,0,435.18,0.0,1,23.52,13.84,SPY220218P00421000,421.0,0,0.0,0.0,,0.0,normalDay
2021-10-14,7670.0,1217.0,0.0,0,442.5,0.0,1,23.52,11.35,SPY220218P00421000,421.0,0,0.0,0.0,,0.0,normalDay
2021-10-15,7670.0,1295.0,0.0,0,445.87,0.0,1,23.52,10.57,SPY220218P00421000,421.0,0,0.0,0.0,,0.0,normalDay
2021-10-18,7670.0,1334.0,0.0,0,447.19,0.0,1,23.52,10.18,SPY220218P00421000,421.0,0,0.0,0.0,,0.0,normalDay
2021-10-19,7670.0,1441.0,0.0,0,450.64,0.0,1,23.52,9.11,SPY220218P00421000,421.0,0,0.0,0.0,,0.0,normalDay
2021-10-20,7670.0,1468.0,0.0,0,452.41,0.0,1,23.52,8.84,SPY220218P00421000,421.0,0,0.0,0.0,,0.0,normalDay
2021-10-21,7670.0,1511.0,0.0,0,453.59,0.0,1,23.52,8.41,SPY220218P00421000,421.0,0,0.0,0.0,,0.0,normalDay
2021-10-22,7670.0,1471.0,0.0,0,453.12,0.0,1,23.52,8.81,SPY220218P00421000,421.0,0,0.0,0.0,,0.0,normalDay
2021-10-25,7670.0,1550.0,0.0,0,455.55,0.0,1,23.52,8.02,SPY220218P00421000,421.0,0,0.0,0.0,,0.0,normalDay
2021-10-26,7670.0,1559.0,0.0,0,455.96,0.0,1,23.52,7.93,SPY220218P00421000,421.0,0,0.0,0.0,,0.0,normalDay
2021-10-27,7670.0,1485.0,0.0,0,453.94,0.0,1,23.52,8.67,SPY220218P00421000,421.0,0,0.0,0.0,,0.0,normalDay
2021-10-28,7670.0,1574.0,0.0,0,458.32,0.0,1,23.52,7.78,SPY220218P00421000,421.0,0,0.0,0.0,,0.0,normalDay
2021-10-29,7670.0,1600.0,0.0,0,459.25,0.0,1,23.52,7.52,SPY220218P00421000,421.0,0,0.0,0.0,,0.0,normalDay
2021-11-01,7670.0,1627.0,0.0,0,460.04,0.0,1,23.52,7.25,SPY220218P00421000,421.0,0,0.0,0.0,,0.0,normalDay
2021-11-02,7670.0,1669.0,0.0,0,461.9,0.0,1,23.52,6.83,SPY220218P00421000,421.0,0,0.0,0.0,,0.0,normalDay
2021-11-03,7670.0,1742.0,0.0,0,464.72,0.0,1,23.52,6.1,SPY220218P00421000,421.0,0,0.0,0.0,,0.0,normalDay
2021-11-04,7670.0,1771.0,0.0,0,466.91,0.0,1,23.52,5.81,SPY220218P00421000,421.0,0,0.0,0.0,,0.0,normalDay
2021-11-05,7670.0,1761.0,0.0,0,468.53,0.0,1,23.52,5.91,SPY220218P00421000,421.0,0,0.0,0.0,,0.0,normalDay
2021-11-08,7670.0,1756.0,0.0,0,468.93,0.0,1,23.52,5.96,SPY220218P00421000,421.0,0,0.0,0.0,,0.0,normalDay
2021-11-09,7670.0,1732.0,0.0,0,467.38,0.0,1,23.52,6.2,SPY220218P00421000,421.0,0,0.0,0.0,,0.0,normalDay
2021-11-10,7670.0,1675.0,0.0,0,463.62,0.0,1,23.52,6.77,SPY220218P00421000,421.0,0,0.0,0.0,,0.0,normalDay
2021-11-11,7670.0,1725.0,0.0,0,463.77,0.0,1,23.52,6.27,SPY220218P00421000,421.0,0,0.0,0.0,,0.0,normalDay
2021-11-12,7670.0,1802.0,0.0,0,467.27,0.0,1,23.52,5.5,SPY220218P00421000,421.0,0,0.0,0.0,,0.0,normalDay
2021-11-15,7670.0,1814.0,0.0,0,467.43,0.0,1,23.52,5.38,SPY220218P00421000,421.0,0,0.0,0.0,,0.0,normalDay
2021-11-16,7670.0,1843.0,0.0,0,469.28,0.0,1,23.52,5.09,SPY220218P00421000,421.0,0,0.0,0.0,,0.0,normalDay
2021-11-17,7670.0,1803.0,0.0,0,468.14,0.0,1,23.52,5.49,SPY220218P00421000,421.0,0,0.0,0.0,,0.0,normalDay
2021-11-18,7670.0,1820.0,0.0,0,469.73,0.0,1,23.52,5.32,SPY220218P00421000,421.0,0,0.0,0.0,,0.0,normalDay
2021-11-19,7670.0,1807.0,0.0,0,468.89,0.0,1,23.52,5.45,SPY220218P00421000,421.0,0,0.0,0.0,,0.0,normalDay
2021-11-22,7670.0,1778.0,0.0,0,467.57,0.0,1,23.52,5.74,SPY220218P00421000,421.0,0,0.0,0.0,,0.0,normalDay
2021-11-23,7670.0,1799.0,0.0,0,468.19,0.0,1,23.52,5.53,SPY220218P00421000,421.0,0,0.0,0.0,,0.0,normalDay
2021-11-24,7670.0,1845.0,0.0,0,469.44,0.0,1,23.52,5.07,SPY220218P00421000,421.0,0,0.0,0.0,,0.0,normalDay
2021-11-26,7670.0,1274.0,0.0,0,458.97,0.0,1,23.52,10.78,SPY220218P00421000,421.0,0,0.0,0.0,,0.0,normalDay
2021-11-29,7670.0,1710.0,0.0,0,464.6,0.0,1,23.52,6.42,SPY220218P00421000,421.0,0,0.0,0.0,,0.0,normalDay
2021-11-30,7670.0,1482.0,0.0,0,455.56,0.0,1,23.52,8.7,SPY220218P00421000,421.0,0,0.0,0.0,,0.0,normalDay
2021-12-01,7670.0,1204.0,0.0,0,450.5,0.0,1,23.52,11.48,SPY220218P00421000,421.0,0,0.0,0.0,,0.0,normalDay
2021-12-02,7670.0,1441.0,0.0,0,457.4,0.0,1,23.52,9.11,SPY220218P00421000,421.0,0,0.0,0.0,,0.0,normalDay
2021-12-03,7670.0,1277.0,0.0,0,453.42,0.0,1,23.52,10.75,SPY220218P00421000,421.0,0,0.0,0.0,,0.0,normalDay
2021-12-06,7670.0,1512.0,0.0,0,458.79,0.0,1,23.52,8.4,SPY220218P00421000,421.0,0,0.0,0.0,,0.0,normalDay
2021-12-07,7670.0,1807.0,0.0,0,468.28,0.0,1,23.52,5.45,SPY220218P00421000,421.0,0,0.0,0.0,,0.0,normalDay
2021-12-08,7670.0,1890.0,0.0,0,469.52,0.0,1,23.52,4.62,SPY220218P00421000,421.0,0,0.0,0.0,,0.0,normalDay
2021-12-09,7670.0,1826.0,0.0,0,466.35,0.0,1,23.52,5.26,SPY220218P00421000,421.0,0,0.0,0.0,,0.0,normalDay
2021-12-10,7670.0,1931.0,0.0,0,470.74,0.0,1,23.52,4.21,SPY220218P00421000,421.0,0,0.0,0.0,,0.0,normalDay
2021-12-13,7670.0,1868.0,0.0,0,466.57,0.0,1,23.52,4.84,SPY220218P00421000,421.0,0,0.0,0.0,,0.0,normalDay
2021-12-14,7670.0,1804.0,0.0,0,463.36,0.0,1,23.52,5.48,SPY220218P00421000,421.0,0,0.0,0.0,,0.0,normalDay
2021-12-15,7670.0,1967.0,0.0,0,470.6,0.0,1,23.52,3.85,SPY220218P00421000,421.0,0,0.0,0.0,,0.0,normalDay
2021-12-16,7670.0,1897.0,0.0,0,466.45,0.0,1,23.52,4.55,SPY220218P00421000,421.0,0,0.0,0.0,,0.0,normalDay
2021-12-17,7670.0,1805.0,0.0,0,459.87,0.0,1,23.52,5.47,SPY220218P00421000,421.0,0,0.0,0.0,,0.0,normalDay
2021-12-20,7670.0,1733.0,0.0,0,454.98,0.0,1,23.52,6.19,SPY220218P00421000,421.0,0,0.0,0.0,,0.0,normalDay
2021-12-21,7670.0,1899.0,0.0,0,463.06,0.0,1,23.52,4.53,SPY220218P00421000,421.0,0,0.0,0.0,,0.0,normalDay
2021-12-22,7670.0,2011.0,0.0,0,467.69,0.0,1,23.52,3.41,SPY220218P00421000,421.0,0,0.0,0.0,,0.0,normalDay
2021-12-23,7670.0,2057.0,0.0,0,470.6,0.0,1,23.52,2.95,SPY220218P00421000,421.0,0,0.0,0.0,,0.0,normalDay
2021-12-27,7670.0,2136.0,0.0,0,477.26,0.0,1,23.52,2.16,SPY220218P00421000,421.0,0,0.0,0.0,,0.0,normalDay
2021-12-28,7670.0,2148.0,0.0,0,476.87,0.0,1,23.52,2.04,SPY220218P00421000,421.0,0,0.0,0.0,,0.0,normalDay
2021-12-29,7670.0,2175.0,0.0,0,477.48,0.0,1,23.52,1.77,SPY220218P00421000,421.0,0,0.0,0.0,,0.0,normalDay
2021-12-30,7670.0,2165.0,0.0,0,476.16,0.0,1,23.52,1.87,SPY220218P00421000,421.0,0,0.0,0.0,,0.0,normalDay
2021-12-31,7670.0,2175.0,0.0,0,474.96,0.0,1,23.52,1.77,SPY220218P00421000,421.0,0,0.0,0.0,,0.0,normalDay
2022-01-03,7670.0,2211.0,0.0,0,477.71,0.0,1,23.52,1.41,SPY220218P00421000,421.0,0,0.0,0.0,,0.0,normalDay
2022-01-04,7670.0,2210.0,0.0,0,477.55,0.0,1,23.52,1.42,SPY220218P00421000,421.0,0,0.0,0.0,,0.0,normalDay
2022-01-05,7670.0,2115.0,0.0,0,468.38,0.0,1,23.52,2.37,SPY220218P00421000,421.0,0,0.0,0.0,,0.0,normalDay
2022-01-06,7670.0,2126.0,0.0,0,467.94,0.0,1,23.52,2.26,SPY220218P00421000,421.0,0,0.0,0.0,,0.0,normalDay
2022-01-07,7670.0,2148.0,0.0,0,466.09,0.0,1,23.52,2.04,SPY220218P00421000,421.0,0,0.0,0.0,,0.0,normalDay
2022-01-10,7670.0,2152.0,0.0,0,465.51,0.0,1,23.52,2.0,SPY220218P00421000,421.0,0,0.0,0.0,,0.0,normalDay
2022-01-11,7670.0,2196.0,0.0,0,469.75,0.0,1,23.52,1.56,SPY220218P00421000,421.0,0,0.0,0.0,,0.0,normalDay
2022-01-12,7670.0,2221.0,0.0,0,471.02,0.0,1,23.52,1.31,SPY220218P00421000,421.0,0,0.0,0.0,,0.0,normalDay
2022-01-13,7670.0,2149.0,0.0,0,464.53,0.0,1,23.52,2.03,SPY220218P00421000,421.0,0,0.0,0.0,,0.0,normalDay
2022-01-14,7670.0,2183.0,0.0,0,464.72,0.0,1,23.52,1.69,SPY220218P00421000,421.0,0,0.0,0.0,,0.0,normalDay
2022-01-18,7670.0,2073.0,0.0,0,456.49,0.0,1,23.52,2.79,SPY220218P00421000,421.0,0,0.0,0.0,,0.0,normalDay
2022-01-19,7670.0,2028.0,0.0,0,451.75,0.0,1,23.52,3.24,SPY220218P00421000,421.0,0,0.0,0.0,,0.0,normalDay
2022-01-20,7670.0,1919.0,0.0,0,446.75,0.0,1,23.52,4.33,SPY220218P00421000,421.0,0,0.0,0.0,,0.0,normalDay
2022-01-21,7670.0,1682.0,0.0,0,437.98,0.0,1,23.52,6.7,SPY220218P00421000,421.0,0,0.0,0.0,,0.0,normalDay
2022-01-24,7670.0,1677.0,0.0,0,439.84,0.0,1,23.52,6.75,SPY220218P00421000,421.0,0,0.0,0.0,,0.0,normalDay
2022-01-25,7670.0,1508.0,0.0,0,434.47,0.0,1,23.52,8.44,SPY220218P00421000,421.0,0,0.0,0.0,,0.0,normalDay
2022-01-26,7670.0,1525.0,0.0,0,433.38,0.0,1,23.52,8.27,SPY220218P00421000,421.0,0,0.0,0.0,,0.0,normalDay
2022-01-27,7670.0,1562.0,0.0,0,431.24,0.0,1,23.52,7.9,SPY220218P00421000,421.0,0,0.0,0.0,,0.0,normalDay
2022-01-28,7670.0,1898.0,0.0,0,441.95,0.0,1,23.52,4.54,SPY220218P00421000,421.0,0,0.0,0.0,,0.0,normalDay
2022-01-31,7670.0,2109.0,0.0,0,449.91,0.0,1,23.52,2.43,SPY220218P00421000,421.0,0,0.0,0.0,,0.0,normalDay
2022-02-01,7670.0,2214.0,0.0,0,452.95,0.0,1,23.52,1.38,SPY220218P00421000,421.0,0,0.0,0.0,,0.0,normalDay
2022-02-02,7670.0,2246.0,0.0,0,457.35,0.0,1,23.52,1.06,SPY220218P00421000,421.0,0,0.0,0.0,,0.0,normalDay
2022-02-03,7670.0,2175.0,0.0,0,446.6,0.0,1,23.52,1.77,SPY220218P00421000,421.0,0,0.0,0.0,,0.0,normalDay
2022-02-04,7670.0,2208.0,0.0,0,448.7,0.0,1,23.52,1.44,SPY220218P00421000,421.0,0,0.0,0.0,,0.0,normalDay
2022-02-07,7670.0,2259.0,0.0,0,447.26,0.0,1,23.52,0.93,SPY220218P00421000,421.0,0,0.0,0.0,,0.0,normalDay
2022-02-08,7670.0,2297.0,0.0,0,450.94,0.0,1,23.52,0.55,SPY220218P00421000,421.0,0,0.0,0.0,,0.0,normalDay
2022-02-09,7670.0,2327.0,0.0,0,457.54,0.0,1,23.52,0.25,SPY220218P00421000,421.0,0,0.0,0.0,,0.0,normalDay
2022-02-10,7670.0,2280.0,0.0,0,449.32,0.0,1,23.52,0.72,SPY220218P00421000,421.0,0,0.0,0.0,,0.0,normalDay
2022-02-11,7670.0,2206.0,0.0,0,440.46,0.0,1,23.52,1.46,SPY220218P00421000,421.0,0,0.0,0.0,,0.0,normalDay
2022-02-14,7670.0,2263.0,0.0,0,439.02,0.0,1,23.52,0.89,SPY220218P00421000,421.0,0,0.0,0.0,,0.0,normalDay
2022-02-15,7670.0,2322.0,0.0,0,446.1,0.0,1,23.52,0.3,SPY220218P00421000,421.0,0,0.0,0.0,,0.0,normalDay
2022-02-16,7670.0,2344.0,0.0,0,446.6,0.0,1,23.52,0.08,SPY220218P00421000,421.0,0,0.0,0.0,,0.0,normalDay
2022-02-17,7670.0,2339.0,0.0,0,437.06,0.0,1,23.52,0.13,SPY220218P00421000,421.0,0,0.0,0.0,,0.0,normalDay
2022-02-18,10022.0,0.0,2352.0,0,434.23,0.0,1,23.52,0.0,SPY220218P00421000,421.0,0,0.0,0.0,,0.0,expirationDay
2022-02-22,10022.0,-115.0,0.0,0,429.57,0.0,1,29.42,30.57,SPY220930P00429000,429.0,0,0.0,0.0,,0.0,normalDay
2022-02-23,10022.0,-537.0,0.0,0,421.95,0.0,1,29.42,34.79,SPY220930P00429000,429.0,0,0.0,0.0,,0.0,normalDay
2022-02-24,10022.0,-271.0,0.0,0,428.3,0.0,1,29.42,32.13,SPY220930P00429000,429.0,0,0.0,0.0,,0.0,normalDay
2022-02-25,10022.0,209.0,0.0,0,437.75,0.0,1,29.42,27.33,SPY220930P00429000,429.0,0,0.0,0.0,,0.0,normalDay
2022-02-28,10022.0,114.0,0.0,0,436.63,0.0,1,29.42,28.28,SPY220930P00429000,429.0,0,0.0,0.0,,0.0,normalDay
2022-03-01,10022.0,-297.0,0.0,0,429.98,0.0,1,29.42,32.39,SPY220930P00429000,429.0,0,0.0,0.0,,0.0,normalDay
2022-03-02,10022.0,75.0,0.0,0,437.89,0.0,1,29.42,28.67,SPY220930P00429000,429.0,0,0.0,0.0,,0.0,normalDay
2022-03-03,10022.0,7.0,0.0,0,435.71,0.0,1,29.42,29.35,SPY220930P00429000,429.0,0,0.0,0.0,,0.0,normalDay
2022-03-04,10022.0,-226.0,0.0,0,432.17,0.0,1,29.42,31.68,SPY220930P00429000,429.0,0,0.0,0.0,,0.0,normalDay
2022-03-07,10022.0,-930.0,0.0,0,419.43,0.0,1,29.42,38.72,SPY220930P00429000,429.0,0,0.0,0.0,,0.0,normalDay
2022-03-08,10022.0,-1054.0,0.0,0,416.25,0.0,1,29.42,39.96,SPY220930P00429000,429.0,0,0.0,0.0,,0.0,normalDay
2022-03-09,10022.0,-459.0,0.0,0,427.41,0.0,1,29.42,34.01,SPY220930P00429000,429.0,0,0.0,0.0,,0.0,normalDay
2022-03-10,10022.0,-435.0,0.0,0,425.48,0.0,1,29.42,33.77,SPY220930P00429000,429.0,0,0.0,0.0,,0.0,normalDay
2022-03-11,10022.0,-716.0,0.0,0,420.07,0.0,1,29.42,36.58,SPY220930P00429000,429.0,0,0.0,0.0,,0.0,normalDay
2022-03-14,10022.0,-833.0,0.0,0,417.0,0.0,1,29.42,37.75,SPY220930P00429000,429.0,0,0.0,0.0,,0.0,normalDay
2022-03-15,10022.0,-409.0,0.0,0,426.17,0.0,1,29.42,33.51,SPY220930P00429000,429.0,0,0.0,0.0,,0.0,normalDay
2022-03-16,10022.0,143.0,0.0,0,435.62,0.0,1,29.42,27.99,SPY220930P00429000,429.0,0,0.0,0.0,,0.0,normalDay
2022-03-17,10022.0,390.0,0.0,0,441.07,0.0,1,29.42,25.52,SPY220930P00429000,429.0,0,0.0,0.0,,0.0,normalDay
2022-03-18,10022.0,674.0,0.0,0,444.52,0.0,1,29.42,22.68,SPY220930P00429000,429.0,0,0.0,0.0,,0.0,normalDay
2022-03-21,10022.0,698.0,0.0,0,444.39,0.0,1,29.42,22.44,SPY220930P00429000,429.0,0,0.0,0.0,,0.0,normalDay
2022-03-22,10022.0,905.0,0.0,0,449.59,0.0,1,29.42,20.37,SPY220930P00429000,429.0,0,0.0,0.0,,0.0,normalDay
2022-03-23,10022.0,701.0,0.0,0,443.8,0.0,1,29.42,22.41,SPY220930P00429000,429.0,0,0.0,0.0,,0.0,normalDay
2022-03-24,10022.0,943.0,0.0,0,450.49,0.0,1,29.42,19.99,SPY220930P00429000,429.0,0,0.0,0.0,,0.0,normalDay
2022-03-25,10022.0,1027.0,0.0,0,452.69,0.0,1,29.42,19.15,SPY220930P00429000,429.0,0,0.0,0.0,,0.0,normalDay
2022-03-28,10022.0,1164.0,0.0,0,455.91,0.0,1,29.42,17.78,SPY220930P00429000,429.0,0,0.0,0.0,,0.0,normalDay
2022-03-29,10022.0,1325.0,0.0,0,461.55,0.0,1,29.42,16.17,SPY220930P00429000,429.0,0,0.0,0.0,,0.0,normalDay
2022-03-30,10022.0,1250.0,0.0,0,458.7,0.0,1,29.42,16.92,SPY220930P00429000,429.0,0,0.0,0.0,,0.0,normalDay
2022-03-31,10022.0,1027.0,0.0,0,451.64,0.0,1,29.42,19.15,SPY220930P00429000,429.0,0,0.0,0.0,,0.0,normalDay
2022-04-01,10022.0,1099.0,0.0,0,452.92,0.0,1,29.42,18.43,SPY220930P00429000,429.0,0,0.0,0.0,,0.0,normalDay
2022-04-04,10022.0,1273.0,0.0,0,456.8,0.0,1,29.42,16.69,SPY220930P00429000,429.0,0,0.0,0.0,,0.0,normalDay
2022-04-05,10022.0,1013.0,0.0,0,451.03,0.0,1,29.42,19.29,SPY220930P00429000,429.0,0,0.0,0.0,,0.0,normalDay
2022-04-06,10022.0,881.0,0.0,0,446.52,0.0,1,29.42,20.61,SPY220930P00429000,429.0,0,0.0,0.0,,0.0,normalDay
2022-04-07,10022.0,961.0,0.0,0,448.77,0.0,1,29.42,19.81,SPY220930P00429000,429.0,0,0.0,0.0,,0.0,normalDay
2022-04-08,10022.0,948.0,0.0,0,447.57,0.0,1,29.42,19.94,SPY220930P00429000,429.0,0,0.0,0.0,,0.0,normalDay
2022-04-11,10022.0,651.0,0.0,0,439.92,0.0,1,29.42,22.91,SPY220930P00429000,429.0,0,0.0,0.0,,0.0,normalDay
2022-04-12,10022.0,595.0,0.0,0,438.29,0.0,1,29.42,23.47,SPY220930P00429000,429.0,0,0.0,0.0,,0.0,normalDay
2022-04-13,10022.0,854.0,0.0,0,443.31,0.0,1,29.42,20.88,SPY220930P00429000,429.0,0,0.0,0.0,,0.0,normalDay
2022-04-14,10022.0,645.0,0.0,0,437.79,0.0,1,29.42,22.97,SPY220930P00429000,429.0,0,0.0,0.0,,0.0,normalDay
2022-04-18,10022.0,747.0,0.0,0,437.97,0.0,1,29.42,21.95,SPY220930P00429000,429.0,0,0.0,0.0,,0.0,normalDay
2022-04-19,10022.0,918.0,0.0,0,445.04,0.0,1,29.42,20.24,SPY220930P00429000,429.0,0,0.0,0.0,,0.0,normalDay
2022-04-20,10022.0,1045.0,0.0,0,444.71,0.0,1,29.42,18.97,SPY220930P00429000,429.0,0,0.0,0.0,,0.0,normalDay
2022-04-21,10022.0,700.0,0.0,0,438.06,0.0,1,29.42,22.42,SPY220930P00429000,429.0,0,0.0,0.0,,0.0,normalDay
2022-04-22,10022.0,22.0,0.0,0,426.04,0.0,1,29.42,29.2,SPY220930P00429000,429.0,0,0.0,0.0,,0.0,normalDay
2022-04-25,10022.0,282.0,0.0,0,428.51,0.0,1,29.42,26.6,SPY220930P00429000,429.0,0,0.0,0.0,,0.0,normalDay
2022-04-26,10022.0,-562.0,0.0,0,416.1,0.0,1,29.42,35.04,SPY220930P00429000,429.0,0,0.0,0.0,,0.0,normalDay
2022-04-27,10022.0,-300.0,0.0,0,417.27,0.0,1,29.42,32.42,SPY220930P00429000,429.0,0,0.0,0.0,,0.0,normalDay
2022-04-28,10022.0,136.0,0.0,0,427.81,0.0,1,29.42,28.06,SPY220930P00429000,429.0,0,0.0,0.0,,0.0,normalDay
2022-04-29,10022.0,-566.0,0.0,0,412.0,0.0,1,29.42,35.08,SPY220930P00429000,429.0,0,0.0,0.0,,0.0,normalDay
2022-05-02,10022.0,-412.0,0.0,0,414.48,0.0,1,29.42,33.54,SPY220930P00429000,429.0,0,0.0,0.0,,0.0,normalDay
2022-05-03,10022.0,-195.0,0.0,0,416.38,0.0,1,29.42,31.37,SPY220930P00429000,429.0,0,0.0,0.0,,0.0,normalDay
2022-05-04,10022.0,445.0,0.0,0,429.06,0.0,1,29.42,24.97,SPY220930P00429000,429.0,0,0.0,0.0,,0.0,normalDay
2022-05-05,10022.0,-455.0,0.0,0,413.81,0.0,1,29.42,33.97,SPY220930P00429000,429.0,0,0.0,0.0,,0.0,normalDay
2022-05-06,10022.0,-635.0,0.0,0,411.34,0.0,1,29.42,35.77,SPY220930P00429000,429.0,0,0.0,0.0,,0.0,normalDay
2022-05-09,10022.0,-1337.0,0.0,0,398.17,0.0,1,29.42,42.79,SPY220930P00429000,429.0,0,0.0,0.0,,0.0,normalDay
2022-05-10,10022.0,-1280.0,0.0,0,399.09,0.0,1,29.42,42.22,SPY220930P00429000,429.0,0,0.0,0.0,,0.0,normalDay
2022-05-11,10022.0,-1678.0,0.0,0,392.75,0.0,1,29.42,46.2,SPY220930P00429000,429.0,0,0.0,0.0,,0.0,normalDay
2022-05-12,10022.0,-1701.0,0.0,0,392.34,0.0,1,29.42,46.43,SPY220930P00429000,429.0,0,0.0,0.0,,0.0,normalDay
2022-05-13,10022.0,-1051.0,0.0,0,401.72,0.0,1,29.42,39.93,SPY220930P00429000,429.0,0,0.0,0.0,,0.0,normalDay
2022-05-16,10022.0,-1083.0,0.0,0,400.09,0.0,1,29.42,40.25,SPY220930P00429000,429.0,0,0.0,0.0,,0.0,normalDay
2022-05-17,10022.0,-510.0,0.0,0,408.32,0.0,1,29.42,34.52,SPY220930P00429000,429.0,0,0.0,0.0,,0.0,normalDay
2022-05-18,10022.0,-1740.0,0.0,0,391.86,0.0,1,29.42,46.82,SPY220930P00429000,429.0,0,0.0,0.0,,0.0,normalDay
2022-05-19,10022.0,-1813.0,0.0,0,389.46,0.0,1,29.42,47.55,SPY220930P00429000,429.0,0,0.0,0.0,,0.0,normalDay
2022-05-20,10022.0,-1813.0,0.0,0,389.63,0.0,1,29.42,47.55,SPY220930P00429000,429.0,0,0.0,0.0,,0.0,normalDay
2022-05-23,10022.0,-1225.0,0.0,0,396.92,0.0,1,29.42,41.67,SPY220930P00429000,429.0,0,0.0,0.0,,0.0,normalDay
2022-05-24,10022.0,-1452.0,0.0,0,393.89,0.0,1,29.42,43.94,SPY220930P00429000,429.0,0,0.0,0.0,,0.0,normalDay
2022-05-25,10022.0,-1220.0,0.0,0,397.37,0.0,1,29.42,41.62,SPY220930P00429000,429.0,0,0.0,0.0,,0.0,normalDay
2022-05-26,10022.0,-725.0,0.0,0,405.31,0.0,1,29.42,36.67,SPY220930P00429000,429.0,0,0.0,0.0,,0.0,normalDay
2022-05-27,10022.0,-159.0,0.0,0,415.26,0.0,1,29.42,31.01,SPY220930P00429000,429.0,0,0.0,0.0,,0.0,normalDay
2022-05-31,10022.0,-169.0,0.0,0,412.93,0.0,1,29.42,31.11,SPY220930P00429000,429.0,0,0.0,0.0,,0.0,normalDay
2022-06-01,10022.0,-317.0,0.0,0,409.59,0.0,1,29.42,32.59,SPY220930P00429000,429.0,0,0.0,0.0,,0.0,normalDay
2022-06-02,10022.0,164.0,0.0,0,417.39,0.0,1,29.42,27.78,SPY220930P00429000,429.0,0,0.0,0.0,,0.0,normalDay
2022-06-03,10022.0,-221.0,0.0,0,410.54,0.0,1,29.42,31.63,SPY220930P00429000,429.0,0,0.0,0.0,,0.0,normalDay
2022-06-06,10022.0,-130.0,0.0,0,411.79,0.0,1,29.42,30.72,SPY220930P00429000,429.0,0,0.0,0.0,,0.0,normalDay
2022-06-07,10022.0,98.0,0.0,0,415.74,0.0,1,29.42,28.44,SPY220930P00429000,429.0,0,0.0,0.0,,0.0,normalDay
2022-06-08,10022.0,-119.0,0.0,0,411.22,0.0,1,29.42,30.61,SPY220930P00429000,429.0,0,0.0,0.0,,0.0,normalDay
2022-06-09,10022.0,-778.0,0.0,0,401.44,0.0,1,29.42,37.2,SPY220930P00429000,429.0,0,0.0,0.0,,0.0,normalDay
2022-06-10,10022.0,-1622.0,0.0,0,389.8,0.0,1,29.42,45.64,SPY220930P00429000,429.0,0,0.0,0.0,,0.0,normalDay
2022-06-13,10022.0,-2913.0,0.0,0,375.0,0.0,1,29.42,58.55,SPY220930P00429000,429.0,0,0.0,0.0,,0.0,normalDay
2022-06-14,10022.0,-3061.0,0.0,0,373.87,0.0,1,29.42,60.03,SPY220930P00429000,429.0,0,0.0,0.0,,0.0,normalDay
2022-06-15,10022.0,-2503.0,0.0,0,379.2,0.0,1,29.42,54.45,SPY220930P00429000,429.0,0,0.0,0.0,,0.0,normalDay
2022-06-16,10022.0,-3571.0,0.0,0,366.65,0.0,1,29.42,65.13,SPY220930P00429000,429.0,0,0.0,0.0,,0.0,normalDay
2022-06-17,10022.0,-3467.0,0.0,0,365.86,0.0,1,29.42,64.09,SPY220930P00429000,429.0,0,0.0,0.0,,0.0,normalDay
2022-06-21,10022.0,-2672.0,0.0,0,375.07,0.0,1,29.42,56.14,SPY220930P00429000,429.0,0,0.0,0.0,,0.0,normalDay
2022-06-22,10022.0,-2692.0,0.0,0,374.39,0.0,1,29.42,56.34,SPY220930P00429000,429.0,0,0.0,0.0,,0.0,normalDay
2022-06-23,10022.0,-2489.0,0.0,0,378.06,0.0,1,29.42,54.31,SPY220930P00429000,429.0,0,0.0,0.0,,0.0,normalDay
2022-06-24,10022.0,-1460.0,0.0,0,390.08,0.0,1,29.42,44.02,SPY220930P00429000,429.0,0,0.0,0.0,,0.0,normalDay
2022-06-27,10022.0,-1413.0,0.0,0,388.59,0.0,1,29.42,43.55,SPY220930P00429000,429.0,0,0.0,0.0,,0.0,normalDay
2022-06-28,10022.0,-2145.0,0.0,0,380.65,0.0,1,29.42,50.87,SPY220930P00429000,429.0,0,0.0,0.0,,0.0,normalDay
2022-06-29,10022.0,-2132.0,0.0,0,380.34,0.0,1,29.42,50.74,SPY220930P00429000,429.0,0,0.0,0.0,,0.0,normalDay
2022-06-30,10022.0,-2512.0,0.0,0,377.25,0.0,1,29.42,54.54,SPY220930P00429000,429.0,0,0.0,0.0,,0.0,normalDay
2022-07-01,10022.0,-2092.0,0.0,0,381.24,0.0,1,29.42,50.34,SPY220930P00429000,429.0,0,0.0,0.0,,0.0,normalDay
2022-07-05,10022.0,-2041.0,0.0,0,381.96,0.0,1,29.42,49.83,SPY220930P00429000,429.0,0,0.0,0.0,,0.0,normalDay
2022-07-06,10022.0,-1845.0,0.0,0,383.25,0.0,1,29.42,47.87,SPY220930P00429000,429.0,0,0.0,0.0,,0.0,normalDay
2022-07-07,10022.0,-1392.0,0.0,0,388.99,0.0,1,29.42,43.34,SPY220930P00429000,429.0,0,0.0,0.0,,0.0,normalDay
2022-07-08,10022.0,-1343.0,0.0,0,388.67,0.0,1,29.42,42.85,SPY220930P00429000,429.0,0,0.0,0.0,,0.0,normalDay
2022-07-11,10022.0,-1722.0,0.0,0,384.23,0.0,1,29.42,46.64,SPY220930P00429000,429.0,0,0.0,0.0,,0.0,normalDay
2022-07-12,10022.0,-2083.0,0.0,0,380.83,0.0,1,29.42,50.25,SPY220930P00429000,429.0,0,0.0,0.0,,0.0,normalDay
2022-07-13,10022.0,-2258.0,0.0,0,378.83,0.0,1,29.42,52.0,SPY220930P00429000,429.0,0,0.0,0.0,,0.0,normalDay
2022-07-14,10022.0,-2296.0,0.0,0,377.91,0.0,1,29.42,52.38,SPY220930P00429000,429.0,0,0.0,0.0,,0.0,normalDay
2022-07-15,10022.0,-1634.0,0.0,0,385.13,0.0,1,29.42,45.76,SPY220930P00429000,429.0,0,0.0,0.0,,0.0,normalDay
2022-07-18,10022.0,-1915.0,0.0,0,381.95,0.0,1,29.42,48.57,SPY220930P00429000,429.0,0,0.0,0.0,,0.0,normalDay
2022-07-19,10022.0,-988.0,0.0,0,392.27,0.0,1,29.42,39.3,SPY220930P00429000,429.0,0,0.0,0.0,,0.0,normalDay
2022-07-20,10022.0,-796.0,0.0,0,394.77,0.0,1,29.42,37.38,SPY220930P00429000,429.0,0,0.0,0.0,,0.0,normalDay
2022-07-21,10022.0,-501.0,0.0,0,398.79,0.0,1,29.42,34.43,SPY220930P00429000,429.0,0,0.0,0.0,,0.0,normalDay
2022-07-22,10022.0,-809.0,0.0,0,395.09,0.0,1,29.42,37.51,SPY220930P00429000,429.0,0,0.0,0.0,,0.0,normalDay
2022-07-25,10022.0,-668.0,0.0,0,395.57,0.0,1,29.42,36.1,SPY220930P00429000,429.0,0,0.0,0.0,,0.0,normalDay
2022-07-26,10022.0,-1041.0,0.0,0,390.89,0.0,1,29.42,39.83,SPY220930P00429000,429.0,0,0.0,0.0,,0.0,normalDay
2022-07-27,10022.0,-290.0,0.0,0,401.04,0.0,1,29.42,32.32,SPY220930P00429000,429.0,0,0.0,0.0,,0.0,normalDay
2022-07-28,10022.0,243.0,0.0,0,406.07,0.0,1,29.42,26.99,SPY220930P00429000,429.0,0,0.0,0.0,,0.0,normalDay
2022-07-29,10022.0,618.0,0.0,0,411.99,0.0,1,29.42,23.24,SPY220930P00429000,429.0,0,0.0,0.0,,0.0,normalDay
2022-08-01,10022.0,524.0,0.0,0,410.77,0.0,1,29.42,24.18,SPY220930P00429000,429.0,0,0.0,0.0,,0.0,normalDay
2022-08-02,10022.0,281.0,0.0,0,408.06,0.0,1,29.42,26.61,SPY220930P00429000,429.0,0,0.0,0.0,,0.0,normalDay
2022-08-03,10022.0,772.0,0.0,0,414.45,0.0,1,29.42,21.7,SPY220930P00429000,429.0,0,0.0,0.0,,0.0,normalDay
2022-08-04,10022.0,796.0,0.0,0,414.17,0.0,1,29.42,21.46,SPY220930P00429000,429.0,0,0.0,0.0,,0.0,normalDay
2022-08-05,10022.0,751.0,0.0,0,413.47,0.0,1,29.42,21.91,SPY220930P00429000,429.0,0,0.0,0.0,,0.0,normalDay
2022-08-08,10022.0,789.0,0.0,0,412.99,0.0,1,29.42,21.53,SPY220930P00429000,429.0,0,0.0,0.0,,0.0,normalDay
2022-08-09,10022.0,675.0,0.0,0,411.35,0.0,1,29.42,22.67,SPY220930P00429000,429.0,0,0.0,0.0,,0.0,normalDay
2022-08-10,10022.0,1263.0,0.0,0,419.99,0.0,1,29.42,16.79,SPY220930P00429000,429.0,0,0.0,0.0,,0.0,normalDay
2022-08-11,10022.0,1311.0,0.0,0,419.99,0.0,1,29.42,16.31,SPY220930P00429000,429.0,0,0.0,0.0,,0.0,normalDay
2022-08-12,10022.0,1656.0,0.0,0,427.1,0.0,1,29.42,12.86,SPY220930P00429000,429.0,0,0.0,0.0,,0.0,normalDay
2022-08-15,10022.0,1766.0,0.0,0,428.86,0.0,1,29.42,11.76,SPY220930P00429000,429.0,0,0.0,0.0,,0.0,normalDay
2022-08-16,10022.0,1816.0,0.0,0,429.7,0.0,1,29.42,11.26,SPY220930P00429000,429.0,0,0.0,0.0,,0.0,normalDay
2022-08-17,10022.0,1680.0,0.0,0,426.65,0.0,1,29.42,12.62,SPY220930P00429000,429.0,0,0.0,0.0,,0.0,normalDay
2022-08-18,10022.0,1770.0,0.0,0,427.89,0.0,1,29.42,11.72,SPY220930P00429000,429.0,0,0.0,0.0,,0.0,normalDay
2022-08-19,10022.0,1460.0,0.0,0,422.14,0.0,1,29.42,14.82,SPY220930P00429000,429.0,0,0.0,0.0,,0.0,normalDay
2022-08-22,10022.0,884.0,0.0,0,413.35,0.0,1,29.42,20.58,SPY220930P00429000,429.0,0,0.0,0.0,,0.0,normalDay
2022-08-23,10022.0,776.0,0.0,0,412.35,0.0,1,29.42,21.66,SPY220930P00429000,429.0,0,0.0,0.0,,0.0,normalDay
2022-08-24,10022.0,957.0,0.0,0,413.67,0.0,1,29.42,19.85,SPY220930P00429000,429.0,0,0.0,0.0,,0.0,normalDay
2022-08-25,10022.0,1342.0,0.0,0,419.51,0.0,1,29.42,16.0,SPY220930P00429000,429.0,0,0.0,0.0,,0.0,normalDay
2022-08-26,10022.0,227.0,0.0,0,405.31,0.0,1,29.42,27.15,SPY220930P00429000,429.0,0,0.0,0.0,,0.0,normalDay
2022-08-29,10022.0,46.0,0.0,0,402.63,0.0,1,29.42,28.96,SPY220930P00429000,429.0,0,0.0,0.0,,0.0,normalDay
2022-08-30,10022.0,-335.0,0.0,0,398.21,0.0,1,29.42,32.77,SPY220930P00429000,429.0,0,0.0,0.0,,0.0,normalDay
2022-08-31,10022.0,-595.0,0.0,0,395.18,0.0,1,29.42,35.37,SPY220930P00429000,429.0,0,0.0,0.0,,0.0,normalDay
2022-09-01,10022.0,-500.0,0.0,0,396.42,0.0,1,29.42,34.42,SPY220930P00429000,429.0,0,0.0,0.0,,0.0,normalDay
2022-09-02,10022.0,-858.0,0.0,0,392.24,0.0,1,29.42,38.0,SPY220930P00429000,429.0,0,0.0,0.0,,0.0,normalDay
2022-09-06,10022.0,-1102.0,0.0,0,390.76,0.0,1,29.42,40.44,SPY220930P00429000,429.0,0,0.0,0.0,,0.0,normalDay
2022-09-07,10022.0,-399.0,0.0,0,397.78,0.0,1,29.42,33.41,SPY220930P00429000,429.0,0,0.0,0.0,,0.0,normalDay
2022-09-08,10022.0,-76.0,0.0,0,400.38,0.0,1,29.42,30.18,SPY220930P00429000,429.0,0,0.0,0.0,,0.0,normalDay
2022-09-09,10022.0,433.0,0.0,0,406.6,0.0,1,29.42,25.09,SPY220930P00429000,429.0,0,0.0,0.0,,0.0,normalDay
2022-09-12,10022.0,858.0,0.0,0,410.97,0.0,1,29.42,20.84,SPY220930P00429000,429.0,0,0.0,0.0,,0.0,normalDay
2022-09-13,10022.0,-797.0,0.0,0,393.1,0.0,1,29.42,37.39,SPY220930P00429000,429.0,0,0.0,0.0,,0.0,normalDay
2022-09-14,10022.0,-666.0,0.0,0,394.6,0.0,1,29.42,36.08,SPY220930P00429000,429.0,0,0.0,0.0,,0.0,normalDay
2022-09-15,10022.0,-1027.0,0.0,0,390.12,0.0,1,29.42,39.69,SPY220930P00429000,429.0,0,0.0,0.0,,0.0,normalDay
2022-09-16,10022.0,-1382.0,0.0,0,385.56,0.0,1,29.42,43.24,SPY220930P00429000,429.0,0,0.0,0.0,,0.0,normalDay
2022-09-19,10022.0,-1133.0,0.0,0,388.55,0.0,1,29.42,40.75,SPY220930P00429000,429.0,0,0.0,0.0,,0.0,normalDay
2022-09-20,10022.0,-1501.0,0.0,0,384.09,0.0,1,29.42,44.43,SPY220930P00429000,429.0,0,0.0,0.0,,0.0,normalDay
2022-09-21,10022.0,-2232.0,0.0,0,377.39,0.0,1,29.42,51.74,SPY220930P00429000,429.0,0,0.0,0.0,,0.0,normalDay
2022-09-22,10022.0,-2506.0,0.0,0,374.22,0.0,1,29.42,54.48,SPY220930P00429000,429.0,0,0.0,0.0,,0.0,normalDay
2022-09-23,10022.0,-3211.0,0.0,0,367.95,0.0,1,29.42,61.53,SPY220930P00429000,429.0,0,0.0,0.0,,0.0,normalDay
2022-09-26,10022.0,-3602.0,0.0,0,364.31,0.0,1,29.42,65.44,SPY220930P00429000,429.0,0,0.0,0.0,,0.0,normalDay
2022-09-27,10022.0,-3638.0,0.0,0,363.38,0.0,1,29.42,65.8,SPY220930P00429000,429.0,0,0.0,0.0,,0.0,normalDay
2022-09-28,10022.0,-2925.0,0.0,0,370.53,0.0,1,29.42,58.67,SPY220930P00429000,429.0,0,0.0,0.0,,0.0,normalDay
2022-09-29,10022.0,-3677.0,0.0,0,362.79,0.0,1,29.42,66.19,SPY220930P00429000,429.0,0,0.0,0.0,,0.0,normalDay
2022-09-30,12964.0,-7182.0,2942.0,100,357.18,429.0,1,29.42,0.0,SPY220930P00429000,429.0,0,0.0,0.0,,0.0,expirationDay
2022-10-03,12964.0,-6239.0,0.0,100,366.61,429.0,0,0.0,0.0,,0.0,0,0.0,0.0,,0.0,bidTooLow
2022-10-04,12964.0,-5103.0,0.0,100,377.97,429.0,0,0.0,0.0,,0.0,0,0.0,0.0,,0.0,bidTooLow
2022-10-05,12964.0,-5191.0,0.0,100,377.09,429.0,0,0.0,0.0,,0.0,0,0.0,0.0,,0.0,bidTooLow
2022-10-06,12964.0,-5580.0,0.0,100,373.2,429.0,0,0.0,0.0,,0.0,0,0.0,0.0,,0.0,bidTooLow
2022-10-07,12964.0,-6621.0,0.0,100,362.79,429.0,0,0.0,0.0,,0.0,0,0.0,0.0,,0.0,bidTooLow
2022-10-10,12964.0,-6898.0,0.0,100,360.02,429.0,0,0.0,0.0,,0.0,0,0.0,0.0,,0.0,bidTooLow
2022-10-11,12964.0,-7129.0,0.0,100,357.74,429.0,0,0.0,0.0,,0.0,1,0.01,0.04,SPY221021C00410000,410.0,normalDay
2022-10-12,12964.0,-7247.0,0.0,100,356.56,429.0,0,0.0,0.0,,0.0,1,0.01,0.04,SPY221021C00410000,410.0,normalDay
2022-10-13,12964.0,-6308.0,0.0,100,365.97,429.0,0,0.0,0.0,,0.0,1,0.01,0.06,SPY221021C00410000,410.0,normalDay
2022-10-14,12964.0,-7138.0,0.0,100,357.63,429.0,0,0.0,0.0,,0.0,1,0.01,0.02,SPY221021C00410000,410.0,normalDay
2022-10-17,12964.0,-6219.0,0.0,100,366.82,429.0,0,0.0,0.0,,0.0,1,0.01,0.02,SPY221021C00410000,410.0,normalDay
2022-10-18,12964.0,-5788.0,0.0,100,371.13,429.0,0,0.0,0.0,,0.0,1,0.01,0.02,SPY221021C00410000,410.0,normalDay
2022-10-19,12964.0,-6050.0,0.0,100,368.5,429.0,0,0.0,0.0,,0.0,1,0.01,0.01,SPY221021C00410000,410.0,normalDay
2022-10-20,12964.0,-6359.0,0.0,100,365.41,429.0,0,0.0,0.0,,0.0,1,0.01,0.01,SPY221021C00410000,410.0,normalDay
2022-10-21,12965.0,-5471.0,1.0,100,374.29,429.0,0,0.0,0.0,,0.0,1,0.01,0.0,SPY221021C00410000,410.0,expirationDay
2022-10-24,12965.0,-5017.0,0.0,100,378.87,429.0,0,0.0,0.0,,0.0,1,3.69,3.73,SPY221104C00390000,390.0,normalDay
2022-10-25,12965.0,-4509.0,0.0,100,384.92,429.0,0,0.0,0.0,,0.0,1,3.69,4.7,SPY221104C00390000,390.0,normalDay
2022-10-26,12965.0,-4723.0,0.0,100,382.02,429.0,0,0.0,0.0,,0.0,1,3.69,3.94,SPY221104C00390000,390.0,normalDay
2022-10-27,12965.0,-4707.0,0.0,100,379.98,429.0,0,0.0,0.0,,0.0,1,3.69,1.74,SPY221104C00390000,390.0,normalDay
2022-10-28,12965.0,-4197.0,0.0,100,389.02,429.0,0,0.0,0.0,,0.0,1,3.69,5.68,SPY221104C00390000,390.0,normalDay
2022-10-31,12965.0,-4274.0,0.0,100,386.21,429.0,0,0.0,0.0,,0.0,1,3.69,3.64,SPY221104C00390000,390.0,normalDay
2022-11-01,12965.0,-4334.0,0.0,100,384.52,429.0,0,0.0,0.0,,0.0,1,3.69,2.55,SPY221104C00390000,390.0,normalDay
2022-11-02,12965.0,-5066.0,0.0,100,374.87,429.0,0,0.0,0.0,,0.0,1,3.69,0.22,SPY221104C00390000,390.0,normalDay
2022-11-03,12965.0,-5433.0,0.0,100,371.01,429.0,0,0.0,0.0,,0.0,1,3.69,0.03,SPY221104C00390000,390.0,normalDay
2022-11-04,13334.0,-5265.0,369.0,100,376.35,429.0,0,0.0,0.0,,0.0,1,3.69,0.0,SPY221104C00390000,390.0,expirationDay
2022-11-07,13334.0,-4908.0,0.0,100,379.95,429.0,0,0.0,0.0,,0.0,1,0.37,0.4,SPY221118C00406000,406.0,normalDay
2022-11-08,13334.0,-4714.0,0.0,100,382.0,429.0,0,0.0,0.0,,0.0,1,0.37,0.51,SPY221118C00406000,406.0,normalDay
2022-11-09,13334.0,-5465.0,0.0,100,374.13,429.0,0,0.0,0.0,,0.0,1,0.37,0.15,SPY221118C00406000,406.0,normalDay
2022-11-10,13334.0,-3571.0,0.0,100,394.69,429.0,0,0.0,0.0,,0.0,1,0.37,1.77,SPY221118C00406000,406.0,normalDay
2022-11-11,13334.0,-3180.0,0.0,100,398.51,429.0,0,0.0,0.0,,0.0,1,0.37,1.68,SPY221118C00406000,406.0,normalDay
2022-11-14,13334.0,-3423.0,0.0,100,395.12,429.0,0,0.0,0.0,,0.0,1,0.37,0.72,SPY221118C00406000,406.0,normalDay
2022-11-15,13334.0,-3121.0,0.0,100,398.49,429.0,0,0.0,0.0,,0.0,1,0.37,1.07,SPY221118C00406000,406.0,normalDay
2022-11-16,13334.0,-3341.0,0.0,100,395.45,429.0,0,0.0,0.0,,0.0,1,0.37,0.23,SPY221118C00406000,406.0,normalDay
2022-11-17,13334.0,-3443.0,0.0,100,394.24,429.0,0,0.0,0.0,,0.0,1,0.37,0.04,SPY221118C00406000,406.0,normalDay
2022-11-18,13371.0,-3297.0,37.0,100,396.03,429.0,0,0.0,0.0,,0.0,1,0.37,0.0,SPY221118C00406000,406.0,expirationDay
2022-11-21,13371.0,-3444.0,0.0,100,394.59,429.0,0,0.0,0.0,,0.0,1,0.2,0.23,SPY221202C00416000,416.0,normalDay
2022-11-22,13371.0,-2927.0,0.0,100,399.9,429.0,0,0.0,0.0,,0.0,1,0.2,0.37,SPY221202C00416000,416.0,normalDay
2022-11-23,13371.0,-2663.0,0.0,100,402.42,429.0,0,0.0,0.0,,0.0,1,0.2,0.25,SPY221202C00416000,416.0,normalDay
2022-11-25,13371.0,-2662.0,0.0,100,402.33,429.0,0,0.0,0.0,,0.0,1,0.2,0.15,SPY221202C00416000,416.0,normalDay
2022-11-28,13371.0,-3292.0,0.0,100,395.91,429.0,0,0.0,0.0,,0.0,1,0.2,0.03,SPY221202C00416000,416.0,normalDay
2022-11-29,13371.0,-3360.0,0.0,100,395.23,429.0,0,0.0,0.0,,0.0,1,0.2,0.03,SPY221202C00416000,416.0,normalDay
2022-11-30,13371.0,-2153.0,0.0,100,407.68,429.0,0,0.0,0.0,,0.0,1,0.2,0.41,SPY221202C00416000,416.0,normalDay
2022-12-01,13371.0,-2153.0,0.0,100,407.38,429.0,0,0.0,0.0,,0.0,1,0.2,0.11,SPY221202C00416000,416.0,normalDay
2022-12-02,13391.0,-2209.0,20.0,100,406.91,429.0,0,0.0,0.0,,0.0,1,0.2,0.0,SPY221202C00416000,416.0,expirationDay
2022-12-05,13391.0,-2944.0,0.0,100,399.59,429.0,0,0.0,0.0,,0.0,1,0.22,0.25,SPY221216C00425000,425.0,normalDay
2022-12-06,13391.0,-3511.0,0.0,100,393.83,429.0,0,0.0,0.0,,0.0,1,0.22,0.16,SPY221216C00425000,425.0,normalDay
2022-12-07,13391.0,-3574.0,0.0,100,393.16,429.0,0,0.0,0.0,,0.0,1,0.22,0.12,SPY221216C00425000,425.0,normalDay
2022-12-08,13391.0,-3268.0,0.0,100,396.24,429.0,0,0.0,0.0,,0.0,1,0.22,0.14,SPY221216C00425000,425.0,normalDay
2022-12-09,13391.0,-3557.0,0.0,100,393.28,429.0,0,0.0,0.0,,0.0,1,0.22,0.07,SPY221216C00425000,425.0,normalDay
2022-12-12,13391.0,-3013.0,0.0,100,398.95,429.0,0,0.0,0.0,,0.0,1,0.22,0.3,SPY221216C00425000,425.0,normalDay
2022-12-13,13391.0,-2691.0,0.0,100,401.97,429.0,0,0.0,0.0,,0.0,1,0.22,0.1,SPY221216C00425000,425.0,normalDay
2022-12-14,13391.0,-2939.0,0.0,100,399.4,429.0,0,0.0,0.0,,0.0,1,0.22,0.01,SPY221216C00425000,425.0,normalDay
2022-12-15,13391.0,-3916.0,0.0,100,389.63,429.0,0,0.0,0.0,,0.0,1,0.22,0.01,SPY221216C00425000,425.0,normalDay
2022-12-16,13413.0,-4573.0,22.0,100,383.27,429.0,0,0.0,0.0,,0.0,1,0.22,0.0,SPY221216C00425000,425.0,expirationDay
2022-12-19,13413.0,-4898.0,0.0,100,380.02,429.0,0,0.0,0.0,,0.0,0,0.0,0.0,,0.0,bidTooLow
2022-12-20,13413.0,-4846.0,0.0,100,380.54,429.0,0,0.0,0.0,,0.0,0,0.0,0.0,,0.0,bidTooLow
2022-12-21,13413.0,-4277.0,0.0,100,386.23,429.0,0,0.0,0.0,,0.0,0,0.0,0.0,,0.0,bidTooLow
2022-12-22,13413.0,-4828.0,0.0,100,380.72,429.0,0,0.0,0.0,,0.0,0,0.0,0.0,,0.0,bidTooLow
2022-12-23,13413.0,-4609.0,0.0,100,382.91,429.0,0,0.0,0.0,,0.0,0,0.0,0.0,,0.0,bidTooLow
2022-12-27,13413.0,-4760.0,0.0,100,381.4,429.0,0,0.0,0.0,,0.0,0,0.0,0.0,,0.0,bidTooLow
2022-12-28,13413.0,-5234.0,0.0,100,376.66,429.0,0,0.0,0.0,,0.0,0,0.0,0.0,,0.0,bidTooLow
2022-12-29,13413.0,-4556.0,0.0,100,383.44,429.0,0,0.0,0.0,,0.0,0,0.0,0.0,,0.0,bidTooLow
2022-12-30,13413.0,-4657.0,0.0,100,382.43,429.0,0,0.0,0.0,,0.0,0,0.0,0.0,,0.0,bidTooLow
2023-01-03,13413.0,-4821.0,0.0,100,380.82,429.0,0,0.0,0.0,,0.0,1,0.02,0.05,SPY230113C00415000,415.0,normalDay
2023-01-04,13413.0,-4527.0,0.0,100,383.76,429.0,0,0.0,0.0,,0.0,1,0.02,0.05,SPY230113C00415000,415.0,normalDay
2023-01-05,13413.0,-4963.0,0.0,100,379.38,429.0,0,0.0,0.0,,0.0,1,0.02,0.03,SPY230113C00415000,415.0,normalDay
2023-01-06,13413.0,-4094.0,0.0,100,388.08,429.0,0,0.0,0.0,,0.0,1,0.02,0.04,SPY230113C00415000,415.0,normalDay
2023-01-09,13413.0,-4115.0,0.0,100,387.86,429.0,0,0.0,0.0,,0.0,1,0.02,0.03,SPY230113C00415000,415.0,normalDay
2023-01-10,13413.0,-3843.0,0.0,100,390.58,429.0,0,0.0,0.0,,0.0,1,0.02,0.03,SPY230113C00415000,415.0,normalDay
2023-01-11,13413.0,-3352.0,0.0,100,395.52,429.0,0,0.0,0.0,,0.0,1,0.02,0.06,SPY230113C00415000,415.0,normalDay
2023-01-12,13413.0,-3203.0,0.0,100,396.96,429.0,0,0.0,0.0,,0.0,1,0.02,0.01,SPY230113C00415000,415.0,normalDay
2023-01-13,13415.0,-3050.0,2.0,100,398.5,429.0,0,0.0,0.0,,0.0,1,0.02,0.0,SPY230113C00415000,415.0,expirationDay
2023-01-17,13415.0,-3126.0,0.0,100,397.77,429.0,0,0.0,0.0,,0.0,1,0.72,0.75,SPY230127C00408000,408.0,normalDay
2023-01-18,13415.0,-3694.0,0.0,100,391.49,429.0,0,0.0,0.0,,0.0,1,0.72,0.15,SPY230127C00408000,408.0,normalDay
2023-01-19,13415.0,-3970.0,0.0,100,388.64,429.0,0,0.0,0.0,,0.0,1,0.72,0.06,SPY230127C00408000,408.0,normalDay
2023-01-20,13415.0,-3260.0,0.0,100,395.88,429.0,0,0.0,0.0,,0.0,1,0.72,0.2,SPY230127C00408000,408.0,normalDay
2023-01-23,13415.0,-2821.0,0.0,100,400.63,429.0,0,0.0,0.0,,0.0,1,0.72,0.56,SPY230127C00408000,408.0,normalDay
2023-01-24,13415.0,-2860.0,0.0,100,400.2,429.0,0,0.0,0.0,,0.0,1,0.72,0.52,SPY230127C00408000,408.0,normalDay
2023-01-25,13415.0,-2814.0,0.0,100,400.35,429.0,0,0.0,0.0,,0.0,1,0.72,0.21,SPY230127C00408000,408.0,normalDay
2023-01-26,13415.0,-2397.0,0.0,100,404.75,429.0,0,0.0,0.0,,0.0,1,0.72,0.44,SPY230127C00408000,408.0,normalDay
2023-01-27,13487.0,-2332.0,72.0,100,405.68,429.0,0,0.0,0.0,,0.0,1,0.72,0.0,SPY230127C00408000,408.0,expirationDay
2023-01-30,13487.0,-2844.0,0.0,100,400.59,429.0,0,0.0,0.0,,0.0,1,0.46,0.49,SPY230210C00420000,420.0,normalDay
2023-01-31,13487.0,-2296.0,0.0,100,406.48,429.0,0,0.0,0.0,,0.0,1,0.46,0.9,SPY230210C00420000,420.0,normalDay
2023-02-01,13487.0,-1920.0,0.0,100,410.8,429.0,0,0.0,0.0,,0.0,1,0.46,1.46,SPY230210C00420000,420.0,normalDay
2023-02-02,13487.0,-1422.0,0.0,100,416.78,429.0,0,0.0,0.0,,0.0,1,0.46,2.46,SPY230210C00420000,420.0,normalDay
2023-02-03,13487.0,-1723.0,0.0,100,412.35,429.0,0,0.0,0.0,,0.0,1,0.46,1.04,SPY230210C00420000,420.0,normalDay
2023-02-06,13487.0,-1918.0,0.0,100,409.83,429.0,0,0.0,0.0,,0.0,1,0.46,0.47,SPY230210C00420000,420.0,normalDay
2023-02-07,13487.0,-1415.0,0.0,100,415.19,429.0,0,0.0,0.0,,0.0,1,0.46,0.8,SPY230210C00420000,420.0,normalDay
2023-02-08,13487.0,-1806.0,0.0,100,410.65,429.0,0,0.0,0.0,,0.0,1,0.46,0.17,SPY230210C00420000,420.0,normalDay
2023-02-09,13487.0,-2147.0,0.0,100,407.09,429.0,0,0.0,0.0,,0.0,1,0.46,0.02,SPY230210C00420000,420.0,normalDay
2023-02-10,13533.0,-2096.0,46.0,100,408.04,429.0,0,0.0,0.0,,0.0,1,0.46,0.0,SPY230210C00420000,420.0,expirationDay
2023-02-13,13533.0,-1620.0,0.0,100,412.83,429.0,0,0.0,0.0,,0.0,1,0.52,0.55,SPY230224C00430000,430.0,normalDay
2023-02-14,13533.0,-1602.0,0.0,100,412.64,429.0,0,0.0,0.0,,0.0,1,0.52,0.18,SPY230224C00430000,430.0,normalDay
2023-02-15,13533.0,-1463.0,0.0,100,413.98,429.0,0,0.0,0.0,,0.0,1,0.52,0.13,SPY230224C00430000,430.0,normalDay
2023-02-16,13533.0,-2023.0,0.0,100,408.28,429.0,0,0.0,0.0,,0.0,1,0.52,0.03,SPY230224C00430000,430.0,normalDay
2023-02-17,13533.0,-2124.0,0.0,100,407.26,429.0,0,0.0,0.0,,0.0,1,0.52,0.02,SPY230224C00430000,430.0,normalDay
2023-02-21,13533.0,-2940.0,0.0,100,399.09,429.0,0,0.0,0.0,,0.0,1,0.52,0.01,SPY230224C00430000,430.0,normalDay
2023-02-22,13533.0,-2995.0,0.0,100,398.54,429.0,0,0.0,0.0,,0.0,1,0.52,0.01,SPY230224C00430000,430.0,normalDay
2023-02-23,13533.0,-2783.0,0.0,100,400.66,429.0,0,0.0,0.0,,0.0,1,0.52,0.01,SPY230224C00430000,430.0,normalDay
2023-02-24,13585.0,-3262.0,52.0,100,396.38,429.0,0,0.0,0.0,,0.0,1,0.52,0.0,SPY230224C00430000,430.0,expirationDay
2023-02-27,13585.0,-3127.0,0.0,100,397.73,429.0,0,0.0,0.0,,0.0,0,0.0,0.0,,0.0,bidTooLow
2023-02-28,13585.0,-3274.0,0.0,100,396.26,429.0,0,0.0,0.0,,0.0,0,0.0,0.0,,0.0,bidTooLow
2023-03-01,13585.0,-3426.0,0.0,100,394.74,429.0,0,0.0,0.0,,0.0,0,0.0,0.0,,0.0,bidTooLow
2023-03-02,13585.0,-3119.0,0.0,100,397.81,429.0,0,0.0,0.0,,0.0,0,0.0,0.0,,0.0,bidTooLow
2023-03-03,13585.0,-2484.0,0.0,100,404.19,429.0,0,0.0,0.0,,0.0,1,0.06,0.09,SPY230314C00428000,428.0,normalDay
2023-03-06,13585.0,-2453.0,0.0,100,404.47,429.0,0,0.0,0.0,,0.0,1,0.06,0.06,SPY230314C00428000,428.0,normalDay
2023-03-07,13585.0,-3069.0,0.0,100,398.27,429.0,0,0.0,0.0,,0.0,1,0.06,0.02,SPY230314C00428000,428.0,normalDay
2023-03-08,13585.0,-3004.0,0.0,100,398.92,429.0,0,0.0,0.0,,0.0,1,0.06,0.02,SPY230314C00428000,428.0,normalDay
2023-03-09,13585.0,-3739.0,0.0,100,391.56,429.0,0,0.0,0.0,,0.0,1,0.06,0.01,SPY230314C00428000,428.0,normalDay
2023-03-10,13585.0,-4304.0,0.0,100,385.91,429.0,0,0.0,0.0,,0.0,1,0.06,0.01,SPY230314C00428000,428.0,normalDay
2023-03-13,13585.0,-4359.0,0.0,100,385.36,429.0,0,0.0,0.0,,0.0,1,0.06,0.01,SPY230314C00428000,428.0,normalDay
2023-03-14,13591.0,-3727.0,6.0,100,391.73,429.0,0,0.0,0.0,,0.0,1,0.06,0.0,SPY230314C00428000,428.0,expirationDay
2023-03-15,13591.0,-3972.0,0.0,100,389.28,429.0,0,0.0,0.0,,0.0,0,0.0,0.0,,0.0,bidTooLow
2023-03-16,13591.0,-3292.0,0.0,100,396.11,429.0,0,0.0,0.0,,0.0,1,0.11,0.14,SPY230327C00418000,418.0,normalDay
2023-03-17,13591.0,-3895.0,0.0,100,389.99,429.0,0,0.0,0.0,,0.0,1,0.11,0.05,SPY230327C00418000,418.0,normalDay
2023-03-20,13591.0,-3521.0,0.0,100,393.74,429.0,0,0.0,0.0,,0.0,1,0.11,0.06,SPY230327C00418000,418.0,normalDay
2023-03-21,13591.0,-3008.0,0.0,100,398.91,429.0,0,0.0,0.0,,0.0,1,0.11,0.1,SPY230327C00418000,418.0,normalDay
2023-03-22,13591.0,-3679.0,0.0,100,392.11,429.0,0,0.0,0.0,,0.0,1,0.11,0.01,SPY230327C00418000,418.0,normalDay
2023-03-23,13591.0,-3573.0,0.0,100,393.17,429.0,0,0.0,0.0,,0.0,1,0.11,0.01,SPY230327C00418000,418.0,normalDay
2023-03-24,13591.0,-3315.0,0.0,100,395.75,429.0,0,0.0,0.0,,0.0,1,0.11,0.01,SPY230327C00418000,418.0,normalDay
2023-03-27,13602.0,-3251.0,11.0,100,396.49,429.0,0,0.0,0.0,,0.0,1,0.11,0.0,SPY230327C00418000,418.0,expirationDay
2023-03-28,13602.0,-3343.0,0.0,100,395.6,429.0,0,0.0,0.0,,0.0,1,0.16,0.19,SPY230406C00412000,412.0,normalDay
2023-03-29,13602.0,-2796.0,0.0,100,401.35,429.0,0,0.0,0.0,,0.0,1,0.16,0.47,SPY230406C00412000,412.0,normalDay
2023-03-30,13602.0,-2570.0,0.0,100,403.7,429.0,0,0.0,0.0,,0.0,1,0.16,0.56,SPY230406C00412000,412.0,normalDay
2023-03-31,13602.0,-2134.0,0.0,100,409.39,429.0,0,0.0,0.0,,0.0,1,0.16,1.89,SPY230406C00412000,412.0,normalDay
2023-04-03,13602.0,-1975.0,0.0,100,410.95,429.0,0,0.0,0.0,,0.0,1,0.16,1.86,SPY230406C00412000,412.0,normalDay
2023-04-04,13602.0,-2081.0,0.0,100,408.67,429.0,0,0.0,0.0,,0.0,1,0.16,0.64,SPY230406C00412000,412.0,normalDay
2023-04-05,13602.0,-2134.0,0.0,100,407.6,429.0,0,0.0,0.0,,0.0,1,0.16,0.1,SPY230406C00412000,412.0,normalDay
2023-04-06,13618.0,-1981.0,16.0,100,409.19,429.0,0,0.0,0.0,,0.0,1,0.16,0.0,SPY230406C00412000,412.0,expirationDay
2023-04-10,13618.0,-1942.0,0.0,100,409.61,429.0,0,0.0,0.0,,0.0,1,0.26,0.29,SPY230421C00425000,425.0,normalDay
2023-04-11,13618.0,-1931.0,0.0,100,409.72,429.0,0,0.0,0.0,,0.0,1,0.26,0.29,SPY230421C00425000,425.0,normalDay
2023-04-12,13618.0,-2077.0,0.0,100,408.05,429.0,0,0.0,0.0,,0.0,1,0.26,0.08,SPY230421C00425000,425.0,normalDay
2023-04-13,13618.0,-1551.0,0.0,100,413.47,429.0,0,0.0,0.0,,0.0,1,0.26,0.24,SPY230421C00425000,425.0,normalDay
2023-04-14,13618.0,-1635.0,0.0,100,412.46,429.0,0,0.0,0.0,,0.0,1,0.26,0.07,SPY230421C00425000,425.0,normalDay
2023-04-17,13618.0,-1486.0,0.0,100,413.94,429.0,0,0.0,0.0,,0.0,1,0.26,0.06,SPY230421C00425000,425.0,normalDay
2023-04-18,13618.0,-1457.0,0.0,100,414.21,429.0,0,0.0,0.0,,0.0,1,0.26,0.04,SPY230421C00425000,425.0,normalDay
2023-04-19,13618.0,-1463.0,0.0,100,414.14,429.0,0,0.0,0.0,,0.0,1,0.26,0.03,SPY230421C00425000,425.0,normalDay
2023-04-20,13618.0,-1687.0,0.0,100,411.88,429.0,0,0.0,0.0,,0.0,1,0.26,0.01,SPY230421C00425000,425.0,normalDay
2023-04-21,13644.0,-1680.0,26.0,100,412.2,429.0,0,0.0,0.0,,0.0,1,0.26,0.0,SPY230421C00425000,425.0,expirationDay
2023-04-24,13644.0,-1640.0,0.0,100,412.63,429.0,0,0.0,0.0,,0.0,1,0.24,0.27,SPY230505C00427000,427.0,normalDay
2023-04-25,13644.0,-2277.0,0.0,100,406.08,429.0,0,0.0,0.0,,0.0,1,0.24,0.09,SPY230505C00427000,427.0,normalDay
2023-04-26,13644.0,-2444.0,0.0,100,404.36,429.0,0,0.0,0.0,,0.0,1,0.24,0.04,SPY230505C00427000,427.0,normalDay
2023-04-27,13644.0,-1654.0,0.0,100,412.41,429.0,0,0.0,0.0,,0.0,1,0.24,0.19,SPY230505C00427000,427.0,normalDay
2023-04-28,13644.0,-1307.0,0.0,100,415.93,429.0,0,0.0,0.0,,0.0,1,0.24,0.24,SPY230505C00427000,427.0,normalDay
2023-05-01,13644.0,-1336.0,0.0,100,415.51,429.0,0,0.0,0.0,,0.0,1,0.24,0.11,SPY230505C00427000,427.0,normalDay
2023-05-02,13644.0,-1795.0,0.0,100,410.84,429.0,0,0.0,0.0,,0.0,1,0.24,0.03,SPY230505C00427000,427.0,normalDay
2023-05-03,13644.0,-2075.0,0.0,100,408.02,429.0,0,0.0,0.0,,0.0,1,0.24,0.01,SPY230505C00427000,427.0,normalDay
2023-05-04,13644.0,-2364.0,0.0,100,405.13,429.0,0,0.0,0.0,,0.0,1,0.24,0.01,SPY230505C00427000,427.0,normalDay
2023-05-05,13668.0,-1637.0,24.0,100,412.63,429.0,0,0.0,0.0,,0.0,1,0.24,0.0,SPY230505C00427000,427.0,expirationDay
2023-05-08,13668.0,-1629.0,0.0,100,412.74,429.0,0,0.0,0.0,,0.0,1,0.5,0.53,SPY230519C00422500,422.5,normalDay
2023-05-09,13668.0,-1796.0,0.0,100,410.93,429.0,0,0.0,0.0,,0.0,1,0.5,0.39,SPY230519C00422500,422.5,normalDay
2023-05-10,13668.0,-1601.0,0.0,100,412.85,429.0,0,0.0,0.0,,0.0,1,0.5,0.36,SPY230519C00422500,422.5,normalDay
2023-05-11,13668.0,-1654.0,0.0,100,412.13,429.0,0,0.0,0.0,,0.0,1,0.5,0.17,SPY230519C00422500,422.5,normalDay
2023-05-12,13668.0,-1696.0,0.0,100,411.59,429.0,0,0.0,0.0,,0.0,1,0.5,0.05,SPY230519C00422500,422.5,normalDay
2023-05-15,13668.0,-1555.0,0.0,100,413.01,429.0,0,0.0,0.0,,0.0,1,0.5,0.06,SPY230519C00422500,422.5,normalDay
2023-05-16,13668.0,-1829.0,0.0,100,410.25,429.0,0,0.0,0.0,,0.0,1,0.5,0.04,SPY230519C00422500,422.5,normalDay
2023-05-17,13668.0,-1335.0,0.0,100,415.23,429.0,0,0.0,0.0,,0.0,1,0.5,0.08,SPY230519C00422500,422.5,normalDay
2023-05-18,13668.0,-948.0,0.0,100,419.23,429.0,0,0.0,0.0,,0.0,1,0.5,0.21,SPY230519C00422500,422.5,normalDay
2023-05-19,13718.0,-1038.0,50.0,100,418.62,429.0,0,0.0,0.0,,0.0,1,0.5,0.0,SPY230519C00422500,422.5,expirationDay
2023-05-22,13718.0,-1024.0,0.0,100,418.79,429.0,0,0.0,0.0,,0.0,1,1.21,1.24,SPY230602C00426000,426.0,normalDay
2023-05-23,13718.0,-1414.0,0.0,100,414.09,429.0,0,0.0,0.0,,0.0,1,1.21,0.44,SPY230602C00426000,426.0,normalDay
2023-05-24,13718.0,-1693.0,0.0,100,411.09,429.0,0,0.0,0.0,,0.0,1,1.21,0.23,SPY230602C00426000,426.0,normalDay
2023-05-25,13718.0,-1350.0,0.0,100,414.65,429.0,0,0.0,0.0,,0.0,1,1.21,0.36,SPY230602C00426000,426.0,normalDay
2023-05-26,13718.0,-874.0,0.0,100,420.02,429.0,0,0.0,0.0,,0.0,1,1.21,0.97,SPY230602C00426000,426.0,normalDay
2023-05-30,13718.0,-816.0,0.0,100,420.18,429.0,0,0.0,0.0,,0.0,1,1.21,0.55,SPY230602C00426000,426.0,normalDay
2023-05-31,13718.0,-1004.0,0.0,100,417.85,429.0,0,0.0,0.0,,0.0,1,1.21,0.1,SPY230602C00426000,426.0,normalDay
2023-06-01,13718.0,-614.0,0.0,100,421.82,429.0,0,0.0,0.0,,0.0,1,1.21,0.17,SPY230602C00426000,426.0,normalDay
2023-06-02,13539.0,-614.0,-179.0,0,427.92,0.0,0,0.0,0.0,,0.0,1,1.21,0.0,SPY230602C00426000,426.0,expirationDay
2023-06-05,13539.0,-13.0,0.0,0,427.1,0.0,1,13.27,13.4,SPY240119P00410000,410.0,0,0.0,0.0,,0.0,normalDay
2023-06-06,13539.0,70.0,0.0,0,428.03,0.0,1,13.27,12.57,SPY240119P00410000,410.0,0,0.0,0.0,,0.0,normalDay
2023-06-07,13539.0,49.0,0.0,0,426.55,0.0,1,13.27,12.78,SPY240119P00410000,410.0,0,0.0,0.0,,0.0,normalDay
2023-06-08,13539.0,132.0,0.0,0,429.13,0.0,1,13.27,11.95,SPY240119P00410000,410.0,0,0.0,0.0,,0.0,normalDay
2023-06-09,13539.0,161.0,0.0,0,429.9,0.0,1,13.27,11.66,SPY240119P00410000,410.0,0,0.0,0.0,,0.0,normalDay
2023-06-12,13539.0,237.0,0.0,0,433.8,0.0,1,13.27,10.9,SPY240119P00410000,410.0,0,0.0,0.0,,0.0,normalDay
2023-06-13,13539.0,296.0,0.0,0,436.66,0.0,1,13.27,10.31,SPY240119P00410000,410.0,0,0.0,0.0,,0.0,normalDay
2023-06-14,13539.0,318.0,0.0,0,437.18,0.0,1,13.27,10.09,SPY240119P00410000,410.0,0,0.0,0.0,,0.0,normalDay
2023-06-15,13539.0,387.0,0.0,0,442.6,0.0,1,13.27,9.4,SPY240119P00410000,410.0,0,0.0,0.0,,0.0,normalDay
2023-06-16,13539.0,387.0,0.0,0,439.46,0.0,1,13.27,9.4,SPY240119P00410000,410.0,0,0.0,0.0,,0.0,normalDay
2023-06-20,13539.0,301.0,0.0,0,437.18,0.0,1,13.27,10.26,SPY240119P00410000,410.0,0,0.0,0.0,,0.0,normalDay
2023-06-21,13539.0,299.0,0.0,0,434.94,0.0,1,13.27,10.28,SPY240119P00410000,410.0,0,0.0,0.0,,0.0,normalDay
2023-06-22,13539.0,338.0,0.0,0,436.51,0.0,1,13.27,9.89,SPY240119P00410000,410.0,0,0.0,0.0,,0.0,normalDay
2023-06-23,13539.0,274.0,0.0,0,433.21,0.0,1,13.27,10.53,SPY240119P00410000,410.0,0,0.0,0.0,,0.0,normalDay
2023-06-26,13539.0,257.0,0.0,0,431.44,0.0,1,13.27,10.7,SPY240119P00410000,410.0,0,0.0,0.0,,0.0,normalDay
2023-06-27,13539.0,387.0,0.0,0,436.17,0.0,1,13.27,9.4,SPY240119P00410000,410.0,0,0.0,0.0,,0.0,normalDay
2023-06-28,13539.0,446.0,0.0,0,436.39,0.0,1,13.27,8.81,SPY240119P00410000,410.0,0,0.0,0.0,,0.0,normalDay
2023-06-29,13539.0,466.0,0.0,0,438.11,0.0,1,13.27,8.61,SPY240119P00410000,410.0,0,0.0,0.0,,0.0,normalDay
2023-06-30,13539.0,553.0,0.0,0,443.28,0.0,1,13.27,7.74,SPY240119P00410000,410.0,0,0.0,0.0,,0.0,normalDay
2023-07-03,13539.0,559.0,0.0,0,443.79,0.0,1,13.27,7.68,SPY240119P00410000,410.0,0,0.0,0.0,,0.0,normalDay
2023-07-05,13539.0,537.0,0.0,0,443.13,0.0,1,13.27,7.9,SPY240119P00410000,410.0,0,0.0,0.0,,0.0,normalDay
2023-07-06,13539.0,445.0,0.0,0,439.66,0.0,1,13.27,8.82,SPY240119P00410000,410.0,0,0.0,0.0,,0.0,normalDay
2023-07-07,13539.0,443.0,0.0,0,438.55,0.0,1,13.27,8.84,SPY240119P00410000,410.0,0,0.0,0.0,,0.0,normalDay
2023-07-10,13539.0,478.0,0.0,0,439.66,0.0,1,13.27,8.49,SPY240119P00410000,410.0,0,0.0,0.0,,0.0,normalDay
2023-07-11,13539.0,545.0,0.0,0,442.46,0.0,1,13.27,7.82,SPY240119P00410000,410.0,0,0.0,0.0,,0.0,normalDay
2023-07-12,13539.0,643.0,0.0,0,446.02,0.0,1,13.27,6.84,SPY240119P00410000,410.0,0,0.0,0.0,,0.0,normalDay
2023-07-13,13539.0,688.0,0.0,0,449.56,0.0,1,13.27,6.39,SPY240119P00410000,410.0,0,0.0,0.0,,0.0,normalDay
2023-07-14,13539.0,683.0,0.0,0,449.28,0.0,1,13.27,6.44,SPY240119P00410000,410.0,0,0.0,0.0,,0.0,normalDay
2023-07-17,13539.0,702.0,0.0,0,450.84,0.0,1,13.27,6.25,SPY240119P00410000,410.0,0,0.0,0.0,,0.0,normalDay
2023-07-18,13539.0,750.0,0.0,0,454.19,0.0,1,13.27,5.77,SPY240119P00410000,410.0,0,0.0,0.0,,0.0,normalDay
2023-07-19,13539.0,737.0,0.0,0,455.2,0.0,1,13.27,5.9,SPY240119P00410000,410.0,0,0.0,0.0,,0.0,normalDay
2023-07-20,13539.0,710.0,0.0,0,452.18,0.0,1,13.27,6.17,SPY240119P00410000,410.0,0,0.0,0.0,,0.0,normalDay
2023-07-21,13539.0,728.0,0.0,0,452.18,0.0,1,13.27,5.99,SPY240119P00410000,410.0,0,0.0,0.0,,0.0,normalDay
2023-07-24,13539.0,765.0,0.0,0,454.2,0.0,1,13.27,5.62,SPY240119P00410000,410.0,0,0.0,0.0,,0.0,normalDay
2023-07-25,13539.0,776.0,0.0,0,455.44,0.0,1,13.27,5.51,SPY240119P00410000,410.0,0,0.0,0.0,,0.0,normalDay
2023-07-26,13539.0,792.0,0.0,0,455.51,0.0,1,13.27,5.35,SPY240119P00410000,410.0,0,0.0,0.0,,0.0,normalDay
2023-07-27,13539.0,728.0,0.0,0,452.49,0.0,1,13.27,5.99,SPY240119P00410000,410.0,0,0.0,0.0,,0.0,normalDay
2023-07-28,13539.0,796.0,0.0,0,456.92,0.0,1,13.27,5.31,SPY240119P00410000,410.0,0,0.0,0.0,,0.0,normalDay
2023-07-31,13539.0,804.0,0.0,0,457.79,0.0,1,13.27,5.23,SPY240119P00410000,410.0,0,0.0,0.0,,0.0,normalDay
2023-08-01,13539.0,781.0,0.0,0,456.48,0.0,1,13.27,5.46,SPY240119P00410000,410.0,0,0.0,0.0,,0.0,normalDay
2023-08-02,13539.0,648.0,0.0,0,450.13,0.0,1,13.27,6.79,SPY240119P00410000,410.0,0,0.0,0.0,,0.0,normalDay
2023-08-03,13539.0,654.0,0.0,0,448.84,0.0,1,13.27,6.73,SPY240119P00410000,410.0,0,0.0,0.0,,0.0,normalDay
2023-08-04,13539.0,582.0,0.0,0,446.81,0.0,1,13.27,7.45,SPY240119P00410000,410.0,0,0.0,0.0,,0.0,normalDay
2023-08-07,13539.0,688.0,0.0,0,450.71,0.0,1,13.27,6.39,SPY240119P00410000,410.0,0,0.0,0.0,,0.0,normalDay
2023-08-08,13539.0,645.0,0.0,0,448.75,0.0,1,13.27,6.82,SPY240119P00410000,410.0,0,0.0,0.0,,0.0,normalDay
2023-08-09,13539.0,620.0,0.0,0,445.75,0.0,1,13.27,7.07,SPY240119P00410000,410.0,0,0.0,0.0,,0.0,normalDay
2023-08-10,13539.0,615.0,0.0,0,445.91,0.0,1,13.27,7.12,SPY240119P00410000,410.0,0,0.0,0.0,,0.0,normalDay
2023-08-11,13539.0,639.0,0.0,0,445.65,0.0,1,13.27,6.88,SPY240119P00410000,410.0,0,0.0,0.0,,0.0,normalDay
2023-08-14,13539.0,697.0,0.0,0,448.11,0.0,1,13.27,6.3,SPY240119P00410000,410.0,0,0.0,0.0,,0.0,normalDay
2023-08-15,13539.0,575.0,0.0,0,442.89,0.0,1,13.27,7.52,SPY240119P00410000,410.0,0,0.0,0.0,,0.0,normalDay
2023-08-16,13539.0,512.0,0.0,0,439.64,0.0,1,13.27,8.15,SPY240119P00410000,410.0,0,0.0,0.0,,0.0,normalDay
2023-08-17,13539.0,412.0,0.0,0,436.29,0.0,1,13.27,9.15,SPY240119P00410000,410.0,0,0.0,0.0,,0.0,normalDay
2023-08-18,13539.0,451.0,0.0,0,436.5,0.0,1,13.27,8.76,SPY240119P00410000,410.0,0,0.0,0.0,,0.0,normalDay
2023-08-21,13539.0,523.0,0.0,0,439.34,0.0,1,13.27,8.04,SPY240119P00410000,410.0,0,0.0,0.0,,0.0,normalDay
2023-08-22,13539.0,517.0,0.0,0,438.15,0.0,1,13.27,8.1,SPY240119P00410000,410.0,0,0.0,0.0,,0.0,normalDay
2023-08-23,13539.0,626.0,0.0,0,443.03,0.0,1,13.27,7.01,SPY240119P00410000,410.0,0,0.0,0.0,,0.0,normalDay
2023-08-24,13539.0,493.0,0.0,0,436.89,0.0,1,13.27,8.34,SPY240119P00410000,410.0,0,0.0,0.0,,0.0,normalDay
2023-08-25,13539.0,602.0,0.0,0,439.97,0.0,1,13.27,7.25,SPY240119P00410000,410.0,0,0.0,0.0,,0.0,normalDay
2023-08-28,13539.0,684.0,0.0,0,442.76,0.0,1,13.27,6.43,SPY240119P00410000,410.0,0,0.0,0.0,,0.0,normalDay
2023-08-29,13539.0,799.0,0.0,0,449.16,0.0,1,13.27,5.28,SPY240119P00410000,410.0,0,0.0,0.0,,0.0,normalDay
2023-08-30,13539.0,842.0,0.0,0,451.01,0.0,1,13.27,4.85,SPY240119P00410000,410.0,0,0.0,0.0,,0.0,normalDay
2023-08-31,13539.0,856.0,0.0,0,450.35,0.0,1,13.27,4.71,SPY240119P00410000,410.0,0,0.0,0.0,,0.0,normalDay
2023-09-01,13539.0,869.0,0.0,0,451.19,0.0,1,13.27,4.58,SPY240119P00410000,410.0,0,0.0,0.0,,0.0,normalDay
2023-09-05,13539.0,850.0,0.0,0,449.24,0.0,1,13.27,4.77,SPY240119P00410000,410.0,0,0.0,0.0,,0.0,normalDay
2023-09-06,13539.0,797.0,0.0,0,446.22,0.0,1,13.27,5.3,SPY240119P00410000,410.0,0,0.0,0.0,,0.0,normalDay
2023-09-07,13539.0,785.0,0.0,0,444.85,0.0,1,13.27,5.42,SPY240119P00410000,410.0,0,0.0,0.0,,0.0,normalDay
2023-09-08,13539.0,827.0,0.0,0,445.52,0.0,1,13.27,5.0,SPY240119P00410000,410.0,0,0.0,0.0,,0.0,normalDay
2023-09-11,13539.0,883.0,0.0,0,448.45,0.0,1,13.27,4.44,SPY240119P00410000,410.0,0,0.0,0.0,,0.0,normalDay
2023-09-12,13539.0,853.0,0.0,0,445.99,0.0,1,13.27,4.74,SPY240119P00410000,410.0,0,0.0,0.0,,0.0,normalDay
2023-09-13,13539.0,880.0,0.0,0,446.51,0.0,1,13.27,4.47,SPY240119P00410000,410.0,0,0.0,0.0,,0.0,normalDay
2023-09-14,13539.0,946.0,0.0,0,450.36,0.0,1,13.27,3.81,SPY240119P00410000,410.0,0,0.0,0.0,,0.0,normalDay
2023-09-15,13539.0,859.0,0.0,0,443.37,0.0,1,13.27,4.68,SPY240119P00410000,410.0,0,0.0,0.0,,0.0,normalDay
2023-09-18,13539.0,873.0,0.0,0,443.63,0.0,1,13.27,4.54,SPY240119P00410000,410.0,0,0.0,0.0,,0.0,normalDay
2023-09-19,13539.0,873.0,0.0,0,442.71,0.0,1,13.27,4.54,SPY240119P00410000,410.0,0,0.0,0.0,,0.0,normalDay
2023-09-20,13539.0,791.0,0.0,0,438.64,0.0,1,13.27,5.36,SPY240119P00410000,410.0,0,0.0,0.0,,0.0,normalDay
2023-09-21,13539.0,614.0,0.0,0,431.39,0.0,1,13.27,7.13,SPY240119P00410000,410.0,0,0.0,0.0,,0.0,normalDay
2023-09-22,13539.0,595.0,0.0,0,430.42,0.0,1,13.27,7.32,SPY240119P00410000,410.0,0,0.0,0.0,,0.0,normalDay
2023-09-25,13539.0,638.0,0.0,0,432.23,0.0,1,13.27,6.89,SPY240119P00410000,410.0,0,0.0,0.0,,0.0,normalDay
2023-09-26,13539.0,429.0,0.0,0,425.88,0.0,1,13.27,8.98,SPY240119P00410000,410.0,0,0.0,0.0,,0.0,normalDay
2023-09-27,13539.0,474.0,0.0,0,426.05,0.0,1,13.27,8.53,SPY240119P00410000,410.0,0,0.0,0.0,,0.0,normalDay
2023-09-28,13539.0,556.0,0.0,0,428.52,0.0,1,13.27,7.71,SPY240119P00410000,410.0,0,0.0,0.0,,0.0,normalDay
2023-09-29,13539.0,540.0,0.0,0,427.48,0.0,1,13.27,7.87,SPY240119P00410000,410.0,0,0.0,0.0,,0.0,normalDay
2023-10-02,13539.0,551.0,0.0,0,427.31,0.0,1,13.27,7.76,SPY240119P00410000,410.0,0,0.0,0.0,,0.0,normalDay
2023-10-03,13539.0,329.0,0.0,0,421.59,0.0,1,13.27,9.98,SPY240119P00410000,410.0,0,0.0,0.0,,0.0,normalDay
2023-10-04,13539.0,441.0,0.0,0,424.66,0.0,1,13.27,8.86,SPY240119P00410000,410.0,0,0.0,0.0,,0.0,normalDay
2023-10-05,13539.0,438.0,0.0,0,424.5,0.0,1,13.27,8.89,SPY240119P00410000,410.0,0,0.0,0.0,,0.0,normalDay
2023-10-06,13539.0,610.0,0.0,0,429.54,0.0,1,13.27,7.17,SPY240119P00410000,410.0,0,0.0,0.0,,0.0,normalDay
2023-10-09,13539.0,673.0,0.0,0,432.29,0.0,1,13.27,6.54,SPY240119P00410000,410.0,0,0.0,0.0,,0.0,normalDay
2023-10-10,13539.0,741.0,0.0,0,434.54,0.0,1,13.27,5.86,SPY240119P00410000,410.0,0,0.0,0.0,,0.0,normalDay
2023-10-11,13539.0,807.0,0.0,0,436.32,0.0,1,13.27,5.2,SPY240119P00410000,410.0,0,0.0,0.0,,0.0,normalDay
2023-10-12,13539.0,750.0,0.0,0,433.66,0.0,1,13.27,5.77,SPY240119P00410000,410.0,0,0.0,0.0,,0.0,normalDay
2023-10-13,13539.0,596.0,0.0,0,431.5,0.0,1,13.27,7.31,SPY240119P00410000,410.0,0,0.0,0.0,,0.0,normalDay
2023-10-16,13539.0,777.0,0.0,0,436.04,0.0,1,13.27,5.5,SPY240119P00410000,410.0,0,0.0,0.0,,0.0,normalDay
2023-10-17,13539.0,756.0,0.0,0,436.02,0.0,1,13.27,5.71,SPY240119P00410000,410.0,0,0.0,0.0,,0.0,normalDay
2023-10-18,13539.0,609.0,0.0,0,430.21,0.0,1,13.27,7.18,SPY240119P00410000,410.0,0,0.0,0.0,,0.0,normalDay
2023-10-19,13539.0,423.0,0.0,0,426.43,0.0,1,13.27,9.04,SPY240119P00410000,410.0,0,0.0,0.0,,0.0,normalDay
2023-10-20,13539.0,319.0,0.0,0,421.19,0.0,1,13.27,10.08,SPY240119P00410000,410.0,0,0.0,0.0,,0.0,normalDay
2023-10-23,13539.0,384.0,0.0,0,420.46,0.0,1,13.27,9.43,SPY240119P00410000,410.0,0,0.0,0.0,,0.0,normalDay
2023-10-24,13539.0,521.0,0.0,0,423.63,0.0,1,13.27,8.06,SPY240119P00410000,410.0,0,0.0,0.0,,0.0,normalDay
2023-10-25,13539.0,293.0,0.0,0,417.55,0.0,1,13.27,10.34,SPY240119P00410000,410.0,0,0.0,0.0,,0.0,normalDay
2023-10-26,13539.0,123.0,0.0,0,412.55,0.0,1,13.27,12.04,SPY240119P00410000,410.0,0,0.0,0.0,,0.0,normalDay
2023-10-27,13539.0,23.0,0.0,0,410.68,0.0,1,13.27,13.04,SPY240119P00410000,410.0,0,0.0,0.0,,0.0,normalDay
2023-10-30,13539.0,279.0,0.0,0,415.59,0.0,1,13.27,10.48,SPY240119P00410000,410.0,0,0.0,0.0,,0.0,normalDay
2023-10-31,13539.0,439.0,0.0,0,418.2,0.0,1,13.27,8.88,SPY240119P00410000,410.0,0,0.0,0.0,,0.0,normalDay
2023-11-01,13539.0,625.0,0.0,0,422.66,0.0,1,13.27,7.02,SPY240119P00410000,410.0,0,0.0,0.0,,0.0,normalDay
2023-11-02,13539.0,835.0,0.0,0,430.76,0.0,1,13.27,4.92,SPY240119P00410000,410.0,0,0.0,0.0,,0.0,normalDay
2023-11-03,13539.0,929.0,0.0,0,434.69,0.0,1,13.27,3.98,SPY240119P00410000,410.0,0,0.0,0.0,,0.0,normalDay
2023-11-06,13539.0,965.0,0.0,0,435.69,0.0,1,13.27,3.62,SPY240119P00410000,410.0,0,0.0,0.0,,0.0,normalDay
2023-11-07,13539.0,992.0,0.0,0,436.93,0.0,1,13.27,3.35,SPY240119P00410000,410.0,0,0.0,0.0,,0.0,normalDay
2023-11-08,13539.0,1019.0,0.0,0,437.25,0.0,1,13.27,3.08,SPY240119P00410000,410.0,0,0.0,0.0,,0.0,normalDay
2023-11-09,13539.0,957.0,0.0,0,433.84,0.0,1,13.27,3.7,SPY240119P00410000,410.0,0,0.0,0.0,,0.0,normalDay
2023-11-10,13539.0,1071.0,0.0,0,440.61,0.0,1,13.27,2.56,SPY240119P00410000,410.0,0,0.0,0.0,,0.0,normalDay
2023-11-13,13539.0,1075.0,0.0,0,440.19,0.0,1,13.27,2.52,SPY240119P00410000,410.0,0,0.0,0.0,,0.0,normalDay
2023-11-14,13539.0,1154.0,0.0,0,448.73,0.0,1,13.27,1.73,SPY240119P00410000,410.0,0,0.0,0.0,,0.0,normalDay
2023-11-15,13539.0,1161.0,0.0,0,449.68,0.0,1,13.27,1.66,SPY240119P00410000,410.0,0,0.0,0.0,,0.0,normalDay
2023-11-16,13539.0,1171.0,0.0,0,450.23,0.0,1,13.27,1.56,SPY240119P00410000,410.0,0,0.0,0.0,,0.0,normalDay
2023-11-17,13539.0,1183.0,0.0,0,450.79,0.0,1,13.27,1.44,SPY240119P00410000,410.0,0,0.0,0.0,,0.0,normalDay
2023-11-20,13539.0,1210.0,0.0,0,454.26,0.0,1,13.27,1.17,SPY240119P00410000,410.0,0,0.0,0.0,,0.0,normalDay
2023-11-21,13539.0,1212.0,0.0,0,453.27,0.0,1,13.27,1.15,SPY240119P00410000,410.0,0,0.0,0.0,,0.0,normalDay
2023-11-22,13539.0,1221.0,0.0,0,455.02,0.0,1,13.27,1.06,SPY240119P00410000,410.0,0,0.0,0.0,,0.0,normalDay
2023-11-24,13539.0,1234.0,0.0,0,455.3,0.0,1,13.27,0.93,SPY240119P00410000,410.0,0,0.0,0.0,,0.0,normalDay
2023-11-27,13539.0,1235.0,0.0,0,454.48,0.0,1,13.27,0.92,SPY240119P00410000,410.0,0,0.0,0.0,,0.0,normalDay
2023-11-28,13539.0,1240.0,0.0,0,454.93,0.0,1,13.27,0.87,SPY240119P00410000,410.0,0,0.0,0.0,,0.0,normalDay
2023-11-29,13539.0,1238.0,0.0,0,454.61,0.0,1,13.27,0.89,SPY240119P00410000,410.0,0,0.0,0.0,,0.0,normalDay
2023-11-30,13539.0,1245.0,0.0,0,456.4,0.0,1,13.27,0.82,SPY240119P00410000,410.0,0,0.0,0.0,,0.0,normalDay
