date,totalCapital,unrializedPnL,rializedPnL,stocksOwned,stocksPriceToday,stocksPriceBoughtAt,putOwned,putOwnedSoldAt,putPriceToday,putOwnedContract,putOwnedStrike,callOwned,callOwnedSoldAt,callPriceToday,callOwnedContract,callOwnedStrike,trackType
2018-11-01,0.0,-8.0,0.0,0,273.51,0.0,1,3.95,4.03,SPY181119P00273000,273.0,0,0.0,0.0,,0.0,normalDay
2018-11-02,0.0,-57.0,0.0,0,271.89,0.0,1,3.95,4.52,SPY181119P00273000,273.0,0,0.0,0.0,,0.0,normalDay
2018-11-05,0.0,47.0,0.0,0,273.39,0.0,1,3.95,3.48,SPY181119P00273000,273.0,0,0.0,0.0,,0.0,normalDay
2018-11-06,0.0,124.0,0.0,0,275.12,0.0,1,3.95,2.71,SPY181119P00273000,273.0,0,0.0,0.0,,0.0,normalDay
2018-11-07,0.0,323.0,0.0,0,281.01,0.0,1,3.95,0.72,SPY181119P00273000,273.0,0,0.0,0.0,,0.0,normalDay
2018-11-08,0.0,324.0,0.0,0,280.5,0.0,1,3.95,0.71,SPY181119P00273000,273.0,0,0.0,0.0,,0.0,normalDay
2018-11-09,0.0,284.0,0.0,0,277.76,0.0,1,3.95,1.11,SPY181119P00273000,273.0,0,0.0,0.0,,0.0,normalDay
2018-11-12,0.0,108.0,0.0,0,272.57,0.0,1,3.95,2.87,SPY181119P00273000,273.0,0,0.0,0.0,,0.0,normalDay
2018-11-13,0.0,96.0,0.0,0,272.06,0.0,1,3.95,2.99,SPY181119P00273000,273.0,0,0.0,0.0,,0.0,normalDay
2018-11-14,0.0,-41.0,0.0,0,270.2,0.0,1,3.95,4.36,SPY181119P00273000,273.0,0,0.0,0.0,,0.0,normalDay
2018-11-15,0.0,211.0,0.0,0,273.02,0.0,1,3.95,1.84,SPY181119P00273000,273.0,0,0.0,0.0,,0.0,normalDay
2018-11-16,0.0,313.0,0.0,0,273.73,0.0,1,3.95,0.82,SPY181119P00273000,273.0,0,0.0,0.0,,0.0,normalDay
2018-11-19,395.0,-390.0,395.0,100,269.1,273.0,1,3.95,0.0,SPY181119P00273000,273.0,0,0.0,0.0,,0.0,expirationDay
2018-11-20,395.0,-888.0,0.0,100,264.12,273.0,0,0.0,0.0,,0.0,0,0.0,0.0,,0.0,bidTooLow
2018-11-21,395.0,-798.0,0.0,100,265.02,273.0,0,0.0,0.0,,0.0,0,0.0,0.0,,0.0,bidTooLow
2018-11-23,395.0,-975.0,0.0,100,263.25,273.0,0,0.0,0.0,,0.0,0,0.0,0.0,,0.0,bidTooLow
2018-11-26,395.0,-550.0,0.0,100,267.5,273.0,0,0.0,0.0,,0.0,0,0.0,0.0,,0.0,bidTooLow
2018-11-27,395.0,-460.0,0.0,100,268.4,273.0,0,0.0,0.0,,0.0,0,0.0,0.0,,0.0,bidTooLow
2018-11-28,395.0,154.0,0.0,100,274.58,273.0,0,0.0,0.0,,0.0,1,0.18,0.22,SPY181203C00283000,283.0,normalDay
2018-11-29,395.0,100.0,0.0,100,273.98,273.0,0,0.0,0.0,,0.0,1,0.18,0.16,SPY181203C00283000,283.0,normalDay
2018-11-30,395.0,260.0,0.0,100,275.65,273.0,0,0.0,0.0,,0.0,1,0.18,0.23,SPY181203C00283000,283.0,normalDay
2018-12-03,413.0,630.0,18.0,100,279.3,273.0,0,0.0,0.0,,0.0,1,0.18,0.0,SPY181203C00283000,283.0,expirationDay
2018-12-04,413.0,-275.0,0.0,100,270.25,273.0,0,0.0,0.0,,0.0,0,0.0,0.0,,0.0,bidTooLow
2018-12-06,413.0,-319.0,0.0,100,269.84,273.0,0,0.0,0.0,,0.0,1,0.01,0.04,SPY181212C00284000,284.0,normalDay
2018-12-07,413.0,-943.0,0.0,100,263.57,273.0,0,0.0,0.0,,0.0,1,0.01,0.01,SPY181212C00284000,284.0,normalDay
2018-12-10,413.0,-893.0,0.0,100,264.07,273.0,0,0.0,0.0,,0.0,1,0.01,0.01,SPY181212C00284000,284.0,normalDay
2018-12-11,413.0,-887.0,0.0,100,264.13,273.0,0,0.0,0.0,,0.0,1,0.01,0.01,SPY181212C00284000,284.0,normalDay
2018-12-12,414.0,-754.0,1.0,100,265.46,273.0,0,0.0,0.0,,0.0,1,0.01,0.0,SPY181212C00284000,284.0,expirationDay
2018-12-13,414.0,-766.0,0.0,100,265.37,273.0,0,0.0,0.0,,0.0,1,0.01,0.04,SPY181219C00280000,280.0,normalDay
2018-12-14,414.0,-1254.0,0.0,100,260.47,273.0,0,0.0,0.0,,0.0,1,0.01,0.02,SPY181219C00280000,280.0,normalDay
2018-12-17,414.0,-1764.0,0.0,100,255.36,273.0,0,0.0,0.0,,0.0,1,0.01,0.01,SPY181219C00280000,280.0,normalDay
2018-12-18,414.0,-1792.0,0.0,100,255.08,273.0,0,0.0,0.0,,0.0,1,0.01,0.01,SPY181219C00280000,280.0,normalDay
2018-12-19,415.0,-2174.0,1.0,100,251.26,273.0,0,0.0,0.0,,0.0,1,0.01,0.0,SPY181219C00280000,280.0,expirationDay
2018-12-20,415.0,-2583.0,0.0,100,247.17,273.0,0,0.0,0.0,,0.0,0,0.0,0.0,,0.0,bidTooLow
2018-12-21,415.0,-3230.0,0.0,100,240.7,273.0,0,0.0,0.0,,0.0,0,0.0,0.0,,0.0,bidTooLow
2018-12-24,415.0,-3866.0,0.0,100,234.34,273.0,0,0.0,0.0,,0.0,0,0.0,0.0,,0.0,bidTooLow
2018-12-26,415.0,-2682.0,0.0,100,246.18,273.0,0,0.0,0.0,,0.0,0,0.0,0.0,,0.0,bidTooLow
2018-12-27,415.0,-2493.0,0.0,100,248.07,273.0,0,0.0,0.0,,0.0,0,0.0,0.0,,0.0,bidTooLow
2018-12-28,415.0,-2525.0,0.0,100,247.75,273.0,0,0.0,0.0,,0.0,0,0.0,0.0,,0.0,bidTooLow
2018-12-31,415.0,-2308.0,0.0,100,249.92,273.0,0,0.0,0.0,,0.0,0,0.0,0.0,,0.0,bidTooLow
2019-01-02,415.0,-2282.0,0.0,100,250.18,273.0,0,0.0,0.0,,0.0,0,0.0,0.0,,0.0,bidTooLow
2019-01-03,415.0,-2879.0,0.0,100,244.21,273.0,0,0.0,0.0,,0.0,0,0.0,0.0,,0.0,bidTooLow
2019-01-04,415.0,-2061.0,0.0,100,252.39,273.0,0,0.0,0.0,,0.0,0,0.0,0.0,,0.0,bidTooLow
2019-01-07,415.0,-1862.0,0.0,100,254.38,273.0,0,0.0,0.0,,0.0,0,0.0,0.0,,0.0,bidTooLow
2019-01-08,415.0,-1623.0,0.0,100,256.77,273.0,0,0.0,0.0,,0.0,0,0.0,0.0,,0.0,bidTooLow
2019-01-09,415.0,-1503.0,0.0,100,257.97,273.0,0,0.0,0.0,,0.0,0,0.0,0.0,,0.0,bidTooLow
2019-01-10,415.0,-1415.0,0.0,100,258.88,273.0,0,0.0,0.0,,0.0,1,0.02,0.05,SPY190116C00270000,270.0,normalDay
2019-01-11,415.0,-1402.0,0.0,100,258.98,273.0,0,0.0,0.0,,0.0,1,0.02,0.02,SPY190116C00270000,270.0,normalDay
2019-01-14,415.0,-1559.0,0.0,100,257.4,273.0,0,0.0,0.0,,0.0,1,0.02,0.01,SPY190116C00270000,270.0,normalDay
2019-01-15,415.0,-1264.0,0.0,100,260.35,273.0,0,0.0,0.0,,0.0,1,0.02,0.01,SPY190116C00270000,270.0,normalDay
2019-01-16,417.0,-1202.0,2.0,100,260.98,273.0,0,0.0,0.0,,0.0,1,0.02,0.0,SPY190116C00270000,270.0,expirationDay
2019-01-17,417.0,-1008.0,0.0,100,262.96,273.0,0,0.0,0.0,,0.0,1,0.14,0.18,SPY190123C00269000,269.0,normalDay
2019-01-18,417.0,-688.0,0.0,100,266.46,273.0,0,0.0,0.0,,0.0,1,0.14,0.48,SPY190123C00269000,269.0,normalDay
2019-01-22,417.0,-1002.0,0.0,100,262.86,273.0,0,0.0,0.0,,0.0,1,0.14,0.02,SPY190123C00269000,269.0,normalDay
2019-01-23,431.0,-959.0,14.0,100,263.41,273.0,0,0.0,0.0,,0.0,1,0.14,0.0,SPY190123C00269000,269.0,expirationDay
2019-01-24,431.0,-948.0,0.0,100,263.55,273.0,0,0.0,0.0,,0.0,1,0.06,0.09,SPY190130C00271000,271.0,normalDay
2019-01-25,431.0,-735.0,0.0,100,265.78,273.0,0,0.0,0.0,,0.0,1,0.06,0.19,SPY190130C00271000,271.0,normalDay
2019-01-28,431.0,-920.0,0.0,100,263.76,273.0,0,0.0,0.0,,0.0,1,0.06,0.02,SPY190130C00271000,271.0,normalDay
2019-01-29,431.0,-954.0,0.0,100,263.41,273.0,0,0.0,0.0,,0.0,1,0.06,0.01,SPY190130C00271000,271.0,normalDay
2019-01-30,437.0,-542.0,6.0,100,267.58,273.0,0,0.0,0.0,,0.0,1,0.06,0.0,SPY190130C00271000,271.0,expirationDay
2019-01-31,437.0,-311.0,0.0,100,269.93,273.0,0,0.0,0.0,,0.0,1,0.49,0.53,SPY190206C00274000,274.0,normalDay
2019-02-01,437.0,-268.0,0.0,100,270.06,273.0,0,0.0,0.0,,0.0,1,0.49,0.23,SPY190206C00274000,274.0,normalDay
2019-02-04,437.0,-78.0,0.0,100,271.96,273.0,0,0.0,0.0,,0.0,1,0.49,0.23,SPY190206C00274000,274.0,normalDay
2019-02-05,437.0,27.0,0.0,100,273.1,273.0,0,0.0,0.0,,0.0,1,0.49,0.32,SPY190206C00274000,274.0,normalDay
2019-02-06,486.0,-26.0,49.0,100,272.74,273.0,0,0.0,0.0,,0.0,1,0.49,0.0,SPY190206C00274000,274.0,expirationDay
2019-02-07,486.0,-290.0,0.0,100,270.14,273.0,0,0.0,0.0,,0.0,1,0.06,0.1,SPY190213C00276000,276.0,normalDay
2019-02-08,486.0,-252.0,0.0,100,270.47,273.0,0,0.0,0.0,,0.0,1,0.06,0.05,SPY190213C00276000,276.0,normalDay
2019-02-11,486.0,-234.0,0.0,100,270.62,273.0,0,0.0,0.0,,0.0,1,0.06,0.02,SPY190213C00276000,276.0,normalDay
2019-02-12,486.0,102.0,0.0,100,274.1,273.0,0,0.0,0.0,,0.0,1,0.06,0.14,SPY190213C00276000,276.0,normalDay
2019-02-13,492.0,199.0,6.0,100,274.99,273.0,0,0.0,0.0,,0.0,1,0.06,0.0,SPY190213C00276000,276.0,expirationDay
2019-02-14,492.0,135.0,0.0,100,274.38,273.0,0,0.0,0.0,,0.0,1,0.2,0.23,SPY190220C00278500,278.5,normalDay
2019-02-15,492.0,392.0,0.0,100,277.37,273.0,0,0.0,0.0,,0.0,1,0.2,0.65,SPY190220C00278500,278.5,normalDay
2019-02-19,492.0,478.0,0.0,100,277.85,273.0,0,0.0,0.0,,0.0,1,0.2,0.27,SPY190220C00278500,278.5,normalDay
2019-02-20,512.0,541.0,20.0,100,278.41,273.0,0,0.0,0.0,,0.0,1,0.2,0.0,SPY190220C00278500,278.5,expirationDay
2019-02-21,512.0,439.0,0.0,100,277.42,273.0,0,0.0,0.0,,0.0,1,0.14,0.17,SPY190227C00282000,282.0,normalDay
2019-02-22,512.0,606.0,0.0,100,279.14,273.0,0,0.0,0.0,,0.0,1,0.14,0.22,SPY190227C00282000,282.0,normalDay
2019-02-25,512.0,643.0,0.0,100,279.52,273.0,0,0.0,0.0,,0.0,1,0.14,0.23,SPY190227C00282000,282.0,normalDay
2019-02-26,512.0,642.0,0.0,100,279.32,273.0,0,0.0,0.0,,0.0,1,0.14,0.04,SPY190227C00282000,282.0,normalDay
2019-02-27,526.0,620.0,14.0,100,279.2,273.0,0,0.0,0.0,,0.0,1,0.14,0.0,SPY190227C00282000,282.0,expirationDay
2019-02-28,526.0,565.0,0.0,100,278.68,273.0,0,0.0,0.0,,0.0,1,0.09,0.12,SPY190306C00283000,283.0,normalDay
2019-03-01,526.0,728.0,0.0,100,280.42,273.0,0,0.0,0.0,,0.0,1,0.09,0.23,SPY190306C00283000,283.0,normalDay
2019-03-04,526.0,644.0,0.0,100,279.4,273.0,0,0.0,0.0,,0.0,1,0.09,0.05,SPY190306C00283000,283.0,normalDay
2019-03-05,526.0,609.0,0.0,100,279.02,273.0,0,0.0,0.0,,0.0,1,0.09,0.02,SPY190306C00283000,283.0,normalDay
2019-03-06,535.0,433.0,9.0,100,277.33,273.0,0,0.0,0.0,,0.0,1,0.09,0.0,SPY190306C00283000,283.0,expirationDay
2019-03-07,535.0,201.0,0.0,100,275.01,273.0,0,0.0,0.0,,0.0,0,0.0,0.0,,0.0,bidTooLow
2019-03-08,535.0,146.0,0.0,100,274.46,273.0,0,0.0,0.0,,0.0,0,0.0,0.0,,0.0,bidTooLow
2019-03-11,535.0,541.0,0.0,100,278.44,273.0,0,0.0,0.0,,0.0,1,0.08,0.11,SPY190315C00283000,283.0,normalDay
2019-03-12,535.0,648.0,0.0,100,279.49,273.0,0,0.0,0.0,,0.0,1,0.08,0.09,SPY190315C00283000,283.0,normalDay
2019-03-13,535.0,814.0,0.0,100,281.34,273.0,0,0.0,0.0,,0.0,1,0.08,0.28,SPY190315C00283000,283.0,normalDay
2019-03-14,535.0,818.0,0.0,100,281.16,273.0,0,0.0,0.0,,0.0,1,0.08,0.06,SPY190315C00283000,283.0,normalDay
2019-03-15,543.0,831.0,8.0,100,281.31,273.0,0,0.0,0.0,,0.0,1,0.08,0.0,SPY190315C00283000,283.0,expirationDay
2019-03-18,543.0,930.0,0.0,100,282.33,273.0,0,0.0,0.0,,0.0,1,0.9,0.93,SPY190322C00283500,283.5,normalDay
2019-03-19,543.0,948.0,0.0,100,282.4,273.0,0,0.0,0.0,,0.0,1,0.9,0.82,SPY190322C00283500,283.5,normalDay
2019-03-20,543.0,913.0,0.0,100,281.55,273.0,0,0.0,0.0,,0.0,1,0.9,0.32,SPY190322C00283500,283.5,normalDay
2019-03-21,543.0,1115.0,0.0,100,284.73,273.0,0,0.0,0.0,,0.0,1,0.9,1.48,SPY190322C00283500,283.5,normalDay
2019-03-22,633.0,625.0,90.0,100,279.25,273.0,0,0.0,0.0,,0.0,1,0.9,0.0,SPY190322C00283500,283.5,expirationDay
2019-03-25,633.0,601.0,0.0,100,279.04,273.0,0,0.0,0.0,,0.0,1,0.14,0.17,SPY190329C00285000,285.0,normalDay
2019-03-26,633.0,806.0,0.0,100,281.12,273.0,0,0.0,0.0,,0.0,1,0.14,0.2,SPY190329C00285000,285.0,normalDay
2019-03-27,633.0,674.0,0.0,100,279.65,273.0,0,0.0,0.0,,0.0,1,0.14,0.05,SPY190329C00285000,285.0,normalDay
2019-03-28,633.0,782.0,0.0,100,280.71,273.0,0,0.0,0.0,,0.0,1,0.14,0.03,SPY190329C00285000,285.0,normalDay
2019-03-29,647.0,948.0,14.0,100,282.48,273.0,0,0.0,0.0,,0.0,1,0.14,0.0,SPY190329C00285000,285.0,expirationDay
2019-04-01,647.0,1280.0,0.0,100,285.83,273.0,0,0.0,0.0,,0.0,1,0.72,0.75,SPY190405C00287000,287.0,normalDay
2019-04-02,647.0,1306.0,0.0,100,285.97,273.0,0,0.0,0.0,,0.0,1,0.72,0.63,SPY190405C00287000,287.0,normalDay
2019-04-03,647.0,1327.0,0.0,100,286.42,273.0,0,0.0,0.0,,0.0,1,0.72,0.87,SPY190405C00287000,287.0,normalDay
2019-04-04,647.0,1398.0,0.0,100,287.18,273.0,0,0.0,0.0,,0.0,1,0.72,0.92,SPY190405C00287000,287.0,normalDay
2019-04-05,2119.0,1398.0,1472.0,0,288.57,0.0,0,0.0,0.0,,0.0,1,0.72,0.0,SPY190405C00287000,287.0,expirationDay
2019-04-08,2119.0,-3.0,0.0,0,288.79,0.0,1,0.84,0.87,SPY190426P00282000,282.0,0,0.0,0.0,,0.0,normalDay
2019-04-09,2119.0,-41.0,0.0,0,287.31,0.0,1,0.84,1.25,SPY190426P00282000,282.0,0,0.0,0.0,,0.0,normalDay
2019-04-10,2119.0,4.0,0.0,0,288.29,0.0,1,0.84,0.8,SPY190426P00282000,282.0,0,0.0,0.0,,0.0,normalDay
2019-04-11,2119.0,8.0,0.0,0,288.21,0.0,1,0.84,0.76,SPY190426P00282000,282.0,0,0.0,0.0,,0.0,normalDay
2019-04-12,2119.0,43.0,0.0,0,290.16,0.0,1,0.84,0.41,SPY190426P00282000,282.0,0,0.0,0.0,,0.0,normalDay
2019-04-15,2119.0,49.0,0.0,0,289.97,0.0,1,0.84,0.35,SPY190426P00282000,282.0,0,0.0,0.0,,0.0,normalDay
2019-04-16,2119.0,54.0,0.0,0,290.16,0.0,1,0.84,0.3,SPY190426P00282000,282.0,0,0.0,0.0,,0.0,normalDay
2019-04-17,2119.0,52.0,0.0,0,289.45,0.0,1,0.84,0.32,SPY190426P00282000,282.0,0,0.0,0.0,,0.0,normalDay
2019-04-18,2119.0,69.0,0.0,0,290.02,0.0,1,0.84,0.15,SPY190426P00282000,282.0,0,0.0,0.0,,0.0,normalDay
2019-04-22,2119.0,78.0,0.0,0,290.27,0.0,1,0.84,0.06,SPY190426P00282000,282.0,0,0.0,0.0,,0.0,normalDay
2019-04-23,2119.0,81.0,0.0,0,292.88,0.0,1,0.84,0.03,SPY190426P00282000,282.0,0,0.0,0.0,,0.0,normalDay
2019-04-24,2119.0,81.0,0.0,0,292.23,0.0,1,0.84,0.03,SPY190426P00282000,282.0,0,0.0,0.0,,0.0,normalDay
2019-04-25,2119.0,82.0,0.0,0,292.05,0.0,1,0.84,0.02,SPY190426P00282000,282.0,0,0.0,0.0,,0.0,normalDay
2019-04-26,2203.0,0.0,84.0,0,293.41,0.0,1,0.84,0.0,SPY190426P00282000,282.0,0,0.0,0.0,,0.0,expirationDay
2019-04-29,2203.0,-3.0,0.0,0,293.87,0.0,1,1.23,1.26,SPY190517P00289000,289.0,0,0.0,0.0,,0.0,normalDay
2019-04-30,2203.0,7.0,0.0,0,294.02,0.0,1,1.23,1.16,SPY190517P00289000,289.0,0,0.0,0.0,,0.0,normalDay
2019-05-01,2203.0,-69.0,0.0,0,291.81,0.0,1,1.23,1.92,SPY190517P00289000,289.0,0,0.0,0.0,,0.0,normalDay
2019-05-02,2203.0,-77.0,0.0,0,291.18,0.0,1,1.23,2.0,SPY190517P00289000,289.0,0,0.0,0.0,,0.0,normalDay
2019-05-03,2203.0,30.0,0.0,0,294.03,0.0,1,1.23,0.93,SPY190517P00289000,289.0,0,0.0,0.0,,0.0,normalDay
2019-05-06,2203.0,-28.0,0.0,0,292.82,0.0,1,1.23,1.51,SPY190517P00289000,289.0,0,0.0,0.0,,0.0,normalDay
2019-05-07,2203.0,-271.0,0.0,0,287.93,0.0,1,1.23,3.94,SPY190517P00289000,289.0,0,0.0,0.0,,0.0,normalDay
2019-05-08,2203.0,-277.0,0.0,0,287.53,0.0,1,1.23,4.0,SPY190517P00289000,289.0,0,0.0,0.0,,0.0,normalDay
2019-05-09,2203.0,-319.0,0.0,0,286.66,0.0,1,1.23,4.42,SPY190517P00289000,289.0,0,0.0,0.0,,0.0,normalDay
2019-05-10,2203.0,-170.0,0.0,0,288.1,0.0,1,1.23,2.93,SPY190517P00289000,289.0,0,0.0,0.0,,0.0,normalDay
2019-05-13,2203.0,-722.0,0.0,0,280.86,0.0,1,1.23,8.45,SPY190517P00289000,289.0,0,0.0,0.0,,0.0,normalDay
2019-05-14,2203.0,-456.0,0.0,0,283.4,0.0,1,1.23,5.79,SPY190517P00289000,289.0,0,0.0,0.0,,0.0,normalDay
2019-05-15,2203.0,-273.0,0.0,0,285.06,0.0,1,1.23,3.96,SPY190517P00289000,289.0,0,0.0,0.0,,0.0,normalDay
2019-05-16,2203.0,-45.0,0.0,0,287.7,0.0,1,1.23,1.68,SPY190517P00289000,289.0,0,0.0,0.0,,0.0,normalDay
2019-05-17,2326.0,-316.0,123.0,100,285.84,289.0,1,1.23,0.0,SPY190517P00289000,289.0,0,0.0,0.0,,0.0,expirationDay
2019-05-20,2326.0,-505.0,0.0,100,283.95,289.0,0,0.0,0.0,,0.0,0,0.0,0.0,,0.0,bidTooLow
2019-05-21,2326.0,-249.0,0.0,100,286.51,289.0,0,0.0,0.0,,0.0,0,0.0,0.0,,0.0,bidTooLow
2019-05-22,2326.0,-337.0,0.0,100,285.63,289.0,0,0.0,0.0,,0.0,0,0.0,0.0,,0.0,bidTooLow
2019-05-23,2326.0,-686.0,0.0,100,282.14,289.0,0,0.0,0.0,,0.0,0,0.0,0.0,,0.0,bidTooLow
2019-05-24,2326.0,-622.0,0.0,100,282.78,289.0,0,0.0,0.0,,0.0,0,0.0,0.0,,0.0,bidTooLow
2019-05-28,2326.0,-885.0,0.0,100,280.15,289.0,0,0.0,0.0,,0.0,0,0.0,0.0,,0.0,bidTooLow
2019-05-29,2326.0,-1073.0,0.0,100,278.27,289.0,0,0.0,0.0,,0.0,0,0.0,0.0,,0.0,bidTooLow
2019-05-30,2326.0,-997.0,0.0,100,279.03,289.0,0,0.0,0.0,,0.0,0,0.0,0.0,,0.0,bidTooLow
2019-05-31,2326.0,-1373.0,0.0,100,275.27,289.0,0,0.0,0.0,,0.0,0,0.0,0.0,,0.0,bidTooLow
2019-06-03,2326.0,-1443.0,0.0,100,274.57,289.0,0,0.0,0.0,,0.0,0,0.0,0.0,,0.0,bidTooLow
2019-06-04,2326.0,-847.0,0.0,100,280.53,289.0,0,0.0,0.0,,0.0,0,0.0,0.0,,0.0,bidTooLow
2019-06-05,2326.0,-604.0,0.0,100,282.96,289.0,0,0.0,0.0,,0.0,0,0.0,0.0,,0.0,bidTooLow
2019-06-06,2326.0,-423.0,0.0,100,284.8,289.0,0,0.0,0.0,,0.0,1,0.07,0.1,SPY190612C00292000,292.0,normalDay
2019-06-07,2326.0,-154.0,0.0,100,287.65,289.0,0,0.0,0.0,,0.0,1,0.07,0.26,SPY190612C00292000,292.0,normalDay
2019-06-10,2326.0,-18.0,0.0,100,288.97,289.0,0,0.0,0.0,,0.0,1,0.07,0.22,SPY190612C00292000,292.0,normalDay
2019-06-11,2326.0,-10.0,0.0,100,288.9,289.0,0,0.0,0.0,,0.0,1,0.07,0.07,SPY190612C00292000,292.0,normalDay
2019-06-12,2333.0,-61.0,7.0,100,288.39,289.0,0,0.0,0.0,,0.0,1,0.07,0.0,SPY190612C00292000,292.0,expirationDay
2019-06-13,2333.0,55.0,0.0,100,289.58,289.0,0,0.0,0.0,,0.0,1,0.37,0.4,SPY190619C00294000,294.0,normalDay
2019-06-14,2333.0,45.0,0.0,100,289.26,289.0,0,0.0,0.0,,0.0,1,0.37,0.18,SPY190619C00294000,294.0,normalDay
2019-06-17,2333.0,64.0,0.0,100,289.37,289.0,0,0.0,0.0,,0.0,1,0.37,0.1,SPY190619C00294000,294.0,normalDay
2019-06-18,2333.0,320.0,0.0,100,292.4,289.0,0,0.0,0.0,,0.0,1,0.37,0.57,SPY190619C00294000,294.0,normalDay
2019-06-19,2370.0,406.0,37.0,100,293.06,289.0,0,0.0,0.0,,0.0,1,0.37,0.0,SPY190619C00294000,294.0,expirationDay
2019-06-20,2370.0,682.0,0.0,100,295.86,289.0,0,0.0,0.0,,0.0,1,0.29,0.33,SPY190626C00299000,299.0,normalDay
2019-06-21,2370.0,518.0,0.0,100,294.0,289.0,0,0.0,0.0,,0.0,1,0.29,0.11,SPY190626C00299000,299.0,normalDay
2019-06-24,2370.0,491.0,0.0,100,293.64,289.0,0,0.0,0.0,,0.0,1,0.29,0.02,SPY190626C00299000,299.0,normalDay
2019-06-25,2370.0,204.0,0.0,100,290.76,289.0,0,0.0,0.0,,0.0,1,0.29,0.01,SPY190626C00299000,299.0,normalDay
2019-06-26,2399.0,147.0,29.0,100,290.47,289.0,0,0.0,0.0,,0.0,1,0.29,0.0,SPY190626C00299000,299.0,expirationDay
2019-06-27,2399.0,247.0,0.0,100,291.5,289.0,0,0.0,0.0,,0.0,1,0.05,0.08,SPY190703C00301000,301.0,normalDay
2019-06-28,2399.0,393.0,0.0,100,293.0,289.0,0,0.0,0.0,,0.0,1,0.05,0.12,SPY190703C00301000,301.0,normalDay
2019-07-01,2399.0,669.0,0.0,100,295.66,289.0,0,0.0,0.0,,0.0,1,0.05,0.02,SPY190703C00301000,301.0,normalDay
2019-07-02,2399.0,747.0,0.0,100,296.43,289.0,0,0.0,0.0,,0.0,1,0.05,0.01,SPY190703C00301000,301.0,normalDay
2019-07-03,2404.0,980.0,5.0,100,298.8,289.0,0,0.0,0.0,,0.0,1,0.05,0.0,SPY190703C00301000,301.0,expirationDay
2019-07-05,2404.0,943.0,0.0,100,298.46,289.0,0,0.0,0.0,,0.0,1,0.39,0.42,SPY190710C00300000,300.0,normalDay
2019-07-08,2404.0,811.0,0.0,100,296.82,289.0,0,0.0,0.0,,0.0,1,0.39,0.1,SPY190710C00300000,300.0,normalDay
2019-07-09,2404.0,853.0,0.0,100,297.19,289.0,0,0.0,0.0,,0.0,1,0.39,0.05,SPY190710C00300000,300.0,normalDay
2019-07-10,2443.0,961.0,39.0,100,298.61,289.0,0,0.0,0.0,,0.0,1,0.39,0.0,SPY190710C00300000,300.0,expirationDay
2019-07-11,2443.0,1028.0,0.0,100,299.31,289.0,0,0.0,0.0,,0.0,1,0.25,0.28,SPY190717C00302000,302.0,normalDay
2019-07-12,2443.0,1146.0,0.0,100,300.65,289.0,0,0.0,0.0,,0.0,1,0.25,0.44,SPY190717C00302000,302.0,normalDay
2019-07-15,2443.0,1177.0,0.0,100,300.75,289.0,0,0.0,0.0,,0.0,1,0.25,0.23,SPY190717C00302000,302.0,normalDay
2019-07-16,2443.0,1099.0,0.0,100,299.78,289.0,0,0.0,0.0,,0.0,1,0.25,0.04,SPY190717C00302000,302.0,normalDay
2019-07-17,2468.0,874.0,25.0,100,297.74,289.0,0,0.0,0.0,,0.0,1,0.25,0.0,SPY190717C00302000,302.0,expirationDay
2019-07-18,2468.0,980.0,0.0,100,298.83,289.0,0,0.0,0.0,,0.0,1,0.04,0.07,SPY190724C00304000,304.0,normalDay
2019-07-19,2468.0,819.0,0.0,100,297.17,289.0,0,0.0,0.0,,0.0,1,0.04,0.02,SPY190724C00304000,304.0,normalDay
2019-07-22,2468.0,893.0,0.0,100,297.9,289.0,0,0.0,0.0,,0.0,1,0.04,0.01,SPY190724C00304000,304.0,normalDay
2019-07-23,2468.0,1106.0,0.0,100,300.03,289.0,0,0.0,0.0,,0.0,1,0.04,0.01,SPY190724C00304000,304.0,normalDay
2019-07-24,2472.0,1244.0,4.0,100,301.44,289.0,0,0.0,0.0,,0.0,1,0.04,0.0,SPY190724C00304000,304.0,expirationDay
2019-07-25,2472.0,1097.0,0.0,100,300.0,289.0,0,0.0,0.0,,0.0,1,0.23,0.26,SPY190731C00304000,304.0,normalDay
2019-07-26,2472.0,1271.0,0.0,100,302.01,289.0,0,0.0,0.0,,0.0,1,0.23,0.53,SPY190731C00304000,304.0,normalDay
2019-07-29,2472.0,1240.0,0.0,100,301.46,289.0,0,0.0,0.0,,0.0,1,0.23,0.29,SPY190731C00304000,304.0,normalDay
2019-07-30,2472.0,1184.0,0.0,100,300.72,289.0,0,0.0,0.0,,0.0,1,0.23,0.11,SPY190731C00304000,304.0,normalDay
2019-07-31,2495.0,843.0,23.0,100,297.43,289.0,0,0.0,0.0,,0.0,1,0.23,0.0,SPY190731C00304000,304.0,expirationDay
2019-08-01,2495.0,580.0,0.0,100,294.84,289.0,0,0.0,0.0,,0.0,1,0.05,0.09,SPY190807C00303000,303.0,normalDay
2019-08-02,2495.0,365.0,0.0,100,292.62,289.0,0,0.0,0.0,,0.0,1,0.05,0.02,SPY190807C00303000,303.0,normalDay
2019-08-05,2495.0,-514.0,0.0,100,283.82,289.0,0,0.0,0.0,,0.0,1,0.05,0.01,SPY190807C00303000,303.0,normalDay
2019-08-06,2495.0,-116.0,0.0,100,287.8,289.0,0,0.0,0.0,,0.0,1,0.05,0.01,SPY190807C00303000,303.0,normalDay
2019-08-07,2500.0,-103.0,5.0,100,287.97,289.0,0,0.0,0.0,,0.0,1,0.05,0.0,SPY190807C00303000,303.0,expirationDay
2019-08-08,2500.0,462.0,0.0,100,293.62,289.0,0,0.0,0.0,,0.0,0,0.0,0.0,,0.0,bidTooLow
2019-08-09,2500.0,262.0,0.0,100,291.62,289.0,0,0.0,0.0,,0.0,0,0.0,0.0,,0.0,bidTooLow
2019-08-12,2500.0,-93.0,0.0,100,288.07,289.0,0,0.0,0.0,,0.0,0,0.0,0.0,,0.0,bidTooLow
2019-08-13,2500.0,355.0,0.0,100,292.55,289.0,0,0.0,0.0,,0.0,0,0.0,0.0,,0.0,bidTooLow
2019-08-14,2500.0,-510.0,0.0,100,283.9,289.0,0,0.0,0.0,,0.0,0,0.0,0.0,,0.0,bidTooLow
2019-08-15,2500.0,-435.0,0.0,100,284.65,289.0,0,0.0,0.0,,0.0,0,0.0,0.0,,0.0,bidTooLow
2019-08-16,2500.0,-15.0,0.0,100,288.85,289.0,0,0.0,0.0,,0.0,0,0.0,0.0,,0.0,bidTooLow
2019-08-19,2500.0,333.0,0.0,100,292.33,289.0,0,0.0,0.0,,0.0,0,0.0,0.0,,0.0,bidTooLow
2019-08-20,2500.0,109.0,0.0,100,290.09,289.0,0,0.0,0.0,,0.0,0,0.0,0.0,,0.0,bidTooLow
2019-08-21,2500.0,345.0,0.0,100,292.45,289.0,0,0.0,0.0,,0.0,0,0.0,0.0,,0.0,bidTooLow
2019-08-22,2500.0,336.0,0.0,100,292.36,289.0,0,0.0,0.0,,0.0,0,0.0,0.0,,0.0,bidTooLow
2019-08-23,2500.0,-415.0,0.0,100,284.85,289.0,0,0.0,0.0,,0.0,0,0.0,0.0,,0.0,bidTooLow
2019-08-26,2500.0,-100.0,0.0,100,288.0,289.0,0,0.0,0.0,,0.0,0,0.0,0.0,,0.0,bidTooLow
2019-08-27,2500.0,-213.0,0.0,100,286.87,289.0,0,0.0,0.0,,0.0,0,0.0,0.0,,0.0,bidTooLow
2019-08-28,2500.0,-14.0,0.0,100,288.89,289.0,0,0.0,0.0,,0.0,1,0.07,0.1,SPY190903C00297000,297.0,normalDay
2019-08-29,2500.0,339.0,0.0,100,292.58,289.0,0,0.0,0.0,,0.0,1,0.07,0.26,SPY190903C00297000,297.0,normalDay
2019-08-30,2500.0,334.0,0.0,100,292.45,289.0,0,0.0,0.0,,0.0,1,0.07,0.18,SPY190903C00297000,297.0,normalDay
2019-09-03,2507.0,174.0,7.0,100,290.74,289.0,0,0.0,0.0,,0.0,1,0.07,0.0,SPY190903C00297000,297.0,expirationDay
2019-09-04,2507.0,501.0,0.0,100,294.04,289.0,0,0.0,0.0,,0.0,1,0.41,0.44,SPY190909C00297000,297.0,normalDay
2019-09-05,2507.0,765.0,0.0,100,297.82,289.0,0,0.0,0.0,,0.0,1,0.41,1.58,SPY190909C00297000,297.0,normalDay
2019-09-06,2507.0,788.0,0.0,100,298.05,289.0,0,0.0,0.0,,0.0,1,0.41,1.58,SPY190909C00297000,297.0,normalDay
2019-09-09,3348.0,788.0,841.0,0,298.2,0.0,0,0.0,0.0,,0.0,1,0.41,0.0,SPY190909C00297000,297.0,expirationDay
2019-09-10,3348.0,-4.0,0.0,0,298.13,0.0,1,1.38,1.42,SPY190927P00290000,290.0,0,0.0,0.0,,0.0,normalDay
2019-09-11,3348.0,43.0,0.0,0,300.25,0.0,1,1.38,0.95,SPY190927P00290000,290.0,0,0.0,0.0,,0.0,normalDay
2019-09-12,3348.0,65.0,0.0,0,301.29,0.0,1,1.38,0.73,SPY190927P00290000,290.0,0,0.0,0.0,,0.0,normalDay
2019-09-13,3348.0,74.0,0.0,0,301.09,0.0,1,1.38,0.64,SPY190927P00290000,290.0,0,0.0,0.0,,0.0,normalDay
2019-09-16,3348.0,69.0,0.0,0,300.16,0.0,1,1.38,0.69,SPY190927P00290000,290.0,0,0.0,0.0,,0.0,normalDay
2019-09-17,3348.0,80.0,0.0,0,300.92,0.0,1,1.38,0.58,SPY190927P00290000,290.0,0,0.0,0.0,,0.0,normalDay
2019-09-18,3348.0,93.0,0.0,0,301.1,0.0,1,1.38,0.45,SPY190927P00290000,290.0,0,0.0,0.0,,0.0,normalDay
2019-09-19,3348.0,103.0,0.0,0,301.08,0.0,1,1.38,0.35,SPY190927P00290000,290.0,0,0.0,0.0,,0.0,normalDay
2019-09-20,3348.0,94.0,0.0,0,298.28,0.0,1,1.38,0.44,SPY190927P00290000,290.0,0,0.0,0.0,,0.0,normalDay
2019-09-23,3348.0,122.0,0.0,0,298.21,0.0,1,1.38,0.16,SPY190927P00290000,290.0,0,0.0,0.0,,0.0,normalDay
2019-09-24,3348.0,97.0,0.0,0,295.87,0.0,1,1.38,0.41,SPY190927P00290000,290.0,0,0.0,0.0,,0.0,normalDay
2019-09-25,3348.0,126.0,0.0,0,297.62,0.0,1,1.38,0.12,SPY190927P00290000,290.0,0,0.0,0.0,,0.0,normalDay
2019-09-26,3348.0,135.0,0.0,0,297.0,0.0,1,1.38,0.03,SPY190927P00290000,290.0,0,0.0,0.0,,0.0,normalDay
2019-09-27,3486.0,0.0,138.0,0,295.4,0.0,1,1.38,0.0,SPY190927P00290000,290.0,0,0.0,0.0,,0.0,expirationDay
2019-09-30,3486.0,-5.0,0.0,0,296.77,0.0,1,3.67,3.72,SPY191018P00297500,297.5,0,0.0,0.0,,0.0,normalDay
2019-10-01,3486.0,-239.0,0.0,0,293.24,0.0,1,3.67,6.06,SPY191018P00297500,297.5,0,0.0,0.0,,0.0,normalDay
2019-10-02,3486.0,-683.0,0.0,0,288.06,0.0,1,3.67,10.5,SPY191018P00297500,297.5,0,0.0,0.0,,0.0,normalDay
2019-10-03,3486.0,-424.0,0.0,0,290.42,0.0,1,3.67,7.91,SPY191018P00297500,297.5,0,0.0,0.0,,0.0,normalDay
2019-10-04,3486.0,-119.0,0.0,0,294.35,0.0,1,3.67,4.86,SPY191018P00297500,297.5,0,0.0,0.0,,0.0,normalDay
2019-10-07,3486.0,-193.0,0.0,0,293.08,0.0,1,3.67,5.6,SPY191018P00297500,297.5,0,0.0,0.0,,0.0,normalDay
2019-10-08,3486.0,-556.0,0.0,0,288.53,0.0,1,3.67,9.23,SPY191018P00297500,297.5,0,0.0,0.0,,0.0,normalDay
2019-10-09,3486.0,-332.0,0.0,0,291.27,0.0,1,3.67,6.99,SPY191018P00297500,297.5,0,0.0,0.0,,0.0,normalDay
2019-10-10,3486.0,-149.0,0.0,0,293.24,0.0,1,3.67,5.16,SPY191018P00297500,297.5,0,0.0,0.0,,0.0,normalDay
2019-10-11,3486.0,87.0,0.0,0,296.28,0.0,1,3.67,2.8,SPY191018P00297500,297.5,0,0.0,0.0,,0.0,normalDay
2019-10-14,3486.0,127.0,0.0,0,295.95,0.0,1,3.67,2.4,SPY191018P00297500,297.5,0,0.0,0.0,,0.0,normalDay
2019-10-15,3486.0,287.0,0.0,0,298.88,0.0,1,3.67,0.8,SPY191018P00297500,297.5,0,0.0,0.0,,0.0,normalDay
2019-10-16,3486.0,301.0,0.0,0,298.4,0.0,1,3.67,0.66,SPY191018P00297500,297.5,0,0.0,0.0,,0.0,normalDay
2019-10-17,3486.0,345.0,0.0,0,299.28,0.0,1,3.67,0.22,SPY191018P00297500,297.5,0,0.0,0.0,,0.0,normalDay
2019-10-18,3853.0,0.0,367.0,0,297.97,0.0,1,3.67,0.0,SPY191018P00297500,297.5,0,0.0,0.0,,0.0,expirationDay
2019-10-21,3853.0,-4.0,0.0,0,299.99,0.0,1,1.35,1.39,SPY191108P00294000,294.0,0,0.0,0.0,,0.0,normalDay
2019-10-22,3853.0,-26.0,0.0,0,299.01,0.0,1,1.35,1.61,SPY191108P00294000,294.0,0,0.0,0.0,,0.0,normalDay
2019-10-23,3853.0,15.0,0.0,0,299.88,0.0,1,1.35,1.2,SPY191108P00294000,294.0,0,0.0,0.0,,0.0,normalDay
2019-10-24,3853.0,34.0,0.0,0,300.37,0.0,1,1.35,1.01,SPY191108P00294000,294.0,0,0.0,0.0,,0.0,normalDay
2019-10-25,3853.0,74.0,0.0,0,301.6,0.0,1,1.35,0.61,SPY191108P00294000,294.0,0,0.0,0.0,,0.0,normalDay
2019-10-28,3853.0,95.0,0.0,0,303.3,0.0,1,1.35,0.4,SPY191108P00294000,294.0,0,0.0,0.0,,0.0,normalDay
2019-10-29,3853.0,99.0,0.0,0,303.21,0.0,1,1.35,0.36,SPY191108P00294000,294.0,0,0.0,0.0,,0.0,normalDay
2019-10-30,3853.0,115.0,0.0,0,304.14,0.0,1,1.35,0.2,SPY191108P00294000,294.0,0,0.0,0.0,,0.0,normalDay
2019-10-31,3853.0,110.0,0.0,0,303.33,0.0,1,1.35,0.25,SPY191108P00294000,294.0,0,0.0,0.0,,0.0,normalDay
2019-11-01,3853.0,129.0,0.0,0,306.14,0.0,1,1.35,0.06,SPY191108P00294000,294.0,0,0.0,0.0,,0.0,normalDay
2019-11-04,3853.0,132.0,0.0,0,307.37,0.0,1,1.35,0.03,SPY191108P00294000,294.0,0,0.0,0.0,,0.0,normalDay
2019-11-05,3853.0,133.0,0.0,0,307.03,0.0,1,1.35,0.02,SPY191108P00294000,294.0,0,0.0,0.0,,0.0,normalDay
2019-11-06,3853.0,134.0,0.0,0,307.1,0.0,1,1.35,0.01,SPY191108P00294000,294.0,0,0.0,0.0,,0.0,normalDay
2019-11-07,3853.0,134.0,0.0,0,308.18,0.0,1,1.35,0.01,SPY191108P00294000,294.0,0,0.0,0.0,,0.0,normalDay
2019-11-08,3988.0,0.0,135.0,0,308.94,0.0,1,1.35,0.0,SPY191108P00294000,294.0,0,0.0,0.0,,0.0,expirationDay
2019-11-11,3988.0,-3.0,0.0,0,308.35,0.0,1,0.93,0.96,SPY191129P00302000,302.0,0,0.0,0.0,,0.0,normalDay
2019-11-12,3988.0,4.0,0.0,0,309.0,0.0,1,0.93,0.89,SPY191129P00302000,302.0,0,0.0,0.0,,0.0,normalDay
2019-11-13,3988.0,9.0,0.0,0,309.1,0.0,1,0.93,0.84,SPY191129P00302000,302.0,0,0.0,0.0,,0.0,normalDay
2019-11-14,3988.0,20.0,0.0,0,309.55,0.0,1,0.93,0.73,SPY191129P00302000,302.0,0,0.0,0.0,,0.0,normalDay
2019-11-15,3988.0,55.0,0.0,0,311.79,0.0,1,0.93,0.38,SPY191129P00302000,302.0,0,0.0,0.0,,0.0,normalDay
2019-11-18,3988.0,63.0,0.0,0,312.02,0.0,1,0.93,0.3,SPY191129P00302000,302.0,0,0.0,0.0,,0.0,normalDay
2019-11-19,3988.0,66.0,0.0,0,311.93,0.0,1,0.93,0.27,SPY191129P00302000,302.0,0,0.0,0.0,,0.0,normalDay
2019-11-20,3988.0,62.0,0.0,0,310.77,0.0,1,0.93,0.31,SPY191129P00302000,302.0,0,0.0,0.0,,0.0,normalDay
2019-11-21,3988.0,68.0,0.0,0,310.27,0.0,1,0.93,0.25,SPY191129P00302000,302.0,0,0.0,0.0,,0.0,normalDay
2019-11-22,3988.0,83.0,0.0,0,310.96,0.0,1,0.93,0.1,SPY191129P00302000,302.0,0,0.0,0.0,,0.0,normalDay
2019-11-25,3988.0,88.0,0.0,0,313.37,0.0,1,0.93,0.05,SPY191129P00302000,302.0,0,0.0,0.0,,0.0,normalDay
2019-11-26,3988.0,90.0,0.0,0,314.08,0.0,1,0.93,0.03,SPY191129P00302000,302.0,0,0.0,0.0,,0.0,normalDay
2019-11-27,3988.0,91.0,0.0,0,315.48,0.0,1,0.93,0.02,SPY191129P00302000,302.0,0,0.0,0.0,,0.0,normalDay
2019-11-29,4081.0,0.0,93.0,0,314.31,0.0,1,0.93,0.0,SPY191129P00302000,302.0,0,0.0,0.0,,0.0,expirationDay
2019-12-02,4081.0,-3.0,0.0,0,311.64,0.0,1,3.44,3.47,SPY191220P00310000,310.0,0,0.0,0.0,,0.0,normalDay
2019-12-03,4081.0,-124.0,0.0,0,309.55,0.0,1,3.44,4.68,SPY191220P00310000,310.0,0,0.0,0.0,,0.0,normalDay
2019-12-04,4081.0,-18.0,0.0,0,311.46,0.0,1,3.44,3.62,SPY191220P00310000,310.0,0,0.0,0.0,,0.0,normalDay
2019-12-05,4081.0,40.0,0.0,0,312.02,0.0,1,3.44,3.04,SPY191220P00310000,310.0,0,0.0,0.0,,0.0,normalDay
2019-12-06,4081.0,161.0,0.0,0,314.87,0.0,1,3.44,1.83,SPY191220P00310000,310.0,0,0.0,0.0,,0.0,normalDay
2019-12-09,4081.0,118.0,0.0,0,313.88,0.0,1,3.44,2.26,SPY191220P00310000,310.0,0,0.0,0.0,,0.0,normalDay
2019-12-10,4081.0,140.0,0.0,0,313.53,0.0,1,3.44,2.04,SPY191220P00310000,310.0,0,0.0,0.0,,0.0,normalDay
2019-12-11,4081.0,186.0,0.0,0,314.42,0.0,1,3.44,1.58,SPY191220P00310000,310.0,0,0.0,0.0,,0.0,normalDay
2019-12-12,4081.0,251.0,0.0,0,317.13,0.0,1,3.44,0.93,SPY191220P00310000,310.0,0,0.0,0.0,,0.0,normalDay
2019-12-13,4081.0,289.0,0.0,0,317.32,0.0,1,3.44,0.55,SPY191220P00310000,310.0,0,0.0,0.0,,0.0,normalDay
2019-12-16,4081.0,325.0,0.0,0,319.5,0.0,1,3.44,0.19,SPY191220P00310000,310.0,0,0.0,0.0,,0.0,normalDay
2019-12-17,4081.0,334.0,0.0,0,319.57,0.0,1,3.44,0.1,SPY191220P00310000,310.0,0,0.0,0.0,,0.0,normalDay
2019-12-18,4081.0,338.0,0.0,0,319.59,0.0,1,3.44,0.06,SPY191220P00310000,310.0,0,0.0,0.0,,0.0,normalDay
2019-12-19,4081.0,340.0,0.0,0,320.9,0.0,1,3.44,0.04,SPY191220P00310000,310.0,0,0.0,0.0,,0.0,normalDay
2019-12-20,4425.0,0.0,344.0,0,320.73,0.0,1,3.44,0.0,SPY191220P00310000,310.0,0,0.0,0.0,,0.0,expirationDay
2019-12-23,4425.0,-4.0,0.0,0,321.22,0.0,1,1.04,1.08,SPY200110P00315000,315.0,0,0.0,0.0,,0.0,normalDay
2019-12-24,4425.0,2.0,0.0,0,321.23,0.0,1,1.04,1.02,SPY200110P00315000,315.0,0,0.0,0.0,,0.0,normalDay
2019-12-26,4425.0,32.0,0.0,0,322.94,0.0,1,1.04,0.72,SPY200110P00315000,315.0,0,0.0,0.0,,0.0,normalDay
2019-12-27,4425.0,25.0,0.0,0,322.86,0.0,1,1.04,0.79,SPY200110P00315000,315.0,0,0.0,0.0,,0.0,normalDay
2019-12-30,4425.0,3.0,0.0,0,321.08,0.0,1,1.04,1.01,SPY200110P00315000,315.0,0,0.0,0.0,,0.0,normalDay
2019-12-31,4425.0,34.0,0.0,0,321.86,0.0,1,1.04,0.7,SPY200110P00315000,315.0,0,0.0,0.0,,0.0,normalDay
2020-01-02,4425.0,83.0,0.0,0,324.87,0.0,1,1.04,0.21,SPY200110P00315000,315.0,0,0.0,0.0,,0.0,normalDay
2020-01-03,4425.0,61.0,0.0,0,322.41,0.0,1,1.04,0.43,SPY200110P00315000,315.0,0,0.0,0.0,,0.0,normalDay
2020-01-06,4425.0,92.0,0.0,0,323.64,0.0,1,1.04,0.12,SPY200110P00315000,315.0,0,0.0,0.0,,0.0,normalDay
2020-01-07,4425.0,92.0,0.0,0,322.73,0.0,1,1.04,0.12,SPY200110P00315000,315.0,0,0.0,0.0,,0.0,normalDay
2020-01-08,4425.0,95.0,0.0,0,324.45,0.0,1,1.04,0.09,SPY200110P00315000,315.0,0,0.0,0.0,,0.0,normalDay
2020-01-09,4425.0,102.0,0.0,0,326.65,0.0,1,1.04,0.02,SPY200110P00315000,315.0,0,0.0,0.0,,0.0,normalDay
2020-01-10,4529.0,0.0,104.0,0,325.71,0.0,1,1.04,0.0,SPY200110P00315000,315.0,0,0.0,0.0,,0.0,expirationDay
2020-01-13,4529.0,-3.0,0.0,0,327.95,0.0,1,1.09,1.12,SPY200131P00321500,321.5,0,0.0,0.0,,0.0,normalDay
2020-01-14,4529.0,-1.0,0.0,0,327.45,0.0,1,1.09,1.1,SPY200131P00321500,321.5,0,0.0,0.0,,0.0,normalDay
2020-01-15,4529.0,21.0,0.0,0,328.19,0.0,1,1.09,0.88,SPY200131P00321500,321.5,0,0.0,0.0,,0.0,normalDay
2020-01-16,4529.0,52.0,0.0,0,330.92,0.0,1,1.09,0.57,SPY200131P00321500,321.5,0,0.0,0.0,,0.0,normalDay
2020-01-17,4529.0,68.0,0.0,0,331.95,0.0,1,1.09,0.41,SPY200131P00321500,321.5,0,0.0,0.0,,0.0,normalDay
2020-01-21,4529.0,68.0,0.0,0,331.3,0.0,1,1.09,0.41,SPY200131P00321500,321.5,0,0.0,0.0,,0.0,normalDay
2020-01-22,4529.0,77.0,0.0,0,331.34,0.0,1,1.09,0.32,SPY200131P00321500,321.5,0,0.0,0.0,,0.0,normalDay
2020-01-23,4529.0,84.0,0.0,0,331.72,0.0,1,1.09,0.25,SPY200131P00321500,321.5,0,0.0,0.0,,0.0,normalDay
2020-01-24,4529.0,42.0,0.0,0,328.77,0.0,1,1.09,0.67,SPY200131P00321500,321.5,0,0.0,0.0,,0.0,normalDay
2020-01-27,4529.0,-105.0,0.0,0,323.5,0.0,1,1.09,2.14,SPY200131P00321500,321.5,0,0.0,0.0,,0.0,normalDay
2020-01-28,4529.0,43.0,0.0,0,326.89,0.0,1,1.09,0.66,SPY200131P00321500,321.5,0,0.0,0.0,,0.0,normalDay
2020-01-29,4529.0,71.0,0.0,0,326.62,0.0,1,1.09,0.38,SPY200131P00321500,321.5,0,0.0,0.0,,0.0,normalDay
2020-01-30,4529.0,102.0,0.0,0,327.68,0.0,1,1.09,0.07,SPY200131P00321500,321.5,0,0.0,0.0,,0.0,normalDay
2020-01-31,4638.0,0.0,109.0,0,321.73,0.0,1,1.09,0.0,SPY200131P00321500,321.5,0,0.0,0.0,,0.0,expirationDay
2020-02-03,4638.0,-5.0,0.0,0,324.12,0.0,1,5.36,5.41,SPY200221P00326000,326.0,0,0.0,0.0,,0.0,normalDay
2020-02-04,4638.0,273.0,0.0,0,329.06,0.0,1,5.36,2.63,SPY200221P00326000,326.0,0,0.0,0.0,,0.0,normalDay
2020-02-05,4638.0,399.0,0.0,0,332.86,0.0,1,5.36,1.37,SPY200221P00326000,326.0,0,0.0,0.0,,0.0,normalDay
2020-02-06,4638.0,421.0,0.0,0,333.98,0.0,1,5.36,1.15,SPY200221P00326000,326.0,0,0.0,0.0,,0.0,normalDay
2020-02-07,4638.0,391.0,0.0,0,332.2,0.0,1,5.36,1.45,SPY200221P00326000,326.0,0,0.0,0.0,,0.0,normalDay
2020-02-10,4638.0,460.0,0.0,0,334.68,0.0,1,5.36,0.76,SPY200221P00326000,326.0,0,0.0,0.0,,0.0,normalDay
2020-02-11,4638.0,473.0,0.0,0,335.26,0.0,1,5.36,0.63,SPY200221P00326000,326.0,0,0.0,0.0,,0.0,normalDay
2020-02-12,4638.0,508.0,0.0,0,337.42,0.0,1,5.36,0.28,SPY200221P00326000,326.0,0,0.0,0.0,,0.0,normalDay
2020-02-13,4638.0,507.0,0.0,0,337.06,0.0,1,5.36,0.29,SPY200221P00326000,326.0,0,0.0,0.0,,0.0,normalDay
2020-02-14,4638.0,520.0,0.0,0,337.6,0.0,1,5.36,0.16,SPY200221P00326000,326.0,0,0.0,0.0,,0.0,normalDay
2020-02-18,4638.0,527.0,0.0,0,336.73,0.0,1,5.36,0.09,SPY200221P00326000,326.0,0,0.0,0.0,,0.0,normalDay
2020-02-19,4638.0,532.0,0.0,0,338.34,0.0,1,5.36,0.04,SPY200221P00326000,326.0,0,0.0,0.0,,0.0,normalDay
2020-02-20,4638.0,533.0,0.0,0,336.95,0.0,1,5.36,0.03,SPY200221P00326000,326.0,0,0.0,0.0,,0.0,normalDay
2020-02-21,5174.0,0.0,536.0,0,333.48,0.0,1,5.36,0.0,SPY200221P00326000,326.0,0,0.0,0.0,,0.0,expirationDay
2020-02-24,5174.0,-9.0,0.0,0,322.42,0.0,1,10.37,10.46,SPY200313P00330000,330.0,0,0.0,0.0,,0.0,normalDay
2020-02-25,5174.0,-728.0,0.0,0,312.65,0.0,1,10.37,17.65,SPY200313P00330000,330.0,0,0.0,0.0,,0.0,normalDay
2020-02-26,5174.0,-911.0,0.0,0,311.5,0.0,1,10.37,19.48,SPY200313P00330000,330.0,0,0.0,0.0,,0.0,normalDay
2020-02-27,5174.0,-2329.0,0.0,0,297.51,0.0,1,10.37,33.66,SPY200313P00330000,330.0,0,0.0,0.0,,0.0,normalDay
2020-02-28,5174.0,-2252.0,0.0,0,296.26,0.0,1,10.37,32.89,SPY200313P00330000,330.0,0,0.0,0.0,,0.0,normalDay
2020-03-02,5174.0,-1079.0,0.0,0,309.09,0.0,1,10.37,21.16,SPY200313P00330000,330.0,0,0.0,0.0,,0.0,normalDay
2020-03-03,5174.0,-1833.0,0.0,0,300.24,0.0,1,10.37,28.7,SPY200313P00330000,330.0,0,0.0,0.0,,0.0,normalDay
2020-03-04,5174.0,-807.0,0.0,0,312.86,0.0,1,10.37,18.44,SPY200313P00330000,330.0,0,0.0,0.0,,0.0,normalDay
2020-03-05,5174.0,-1785.0,0.0,0,302.46,0.0,1,10.37,28.22,SPY200313P00330000,330.0,0,0.0,0.0,,0.0,normalDay
2020-03-06,5174.0,-2298.0,0.0,0,297.46,0.0,1,10.37,33.35,SPY200313P00330000,330.0,0,0.0,0.0,,0.0,normalDay
2020-03-09,5174.0,-4620.0,0.0,0,274.23,0.0,1,10.37,56.57,SPY200313P00330000,330.0,0,0.0,0.0,,0.0,normalDay
2020-03-10,5174.0,-3198.0,0.0,0,288.42,0.0,1,10.37,42.35,SPY200313P00330000,330.0,0,0.0,0.0,,0.0,normalDay
2020-03-11,5174.0,-4604.0,0.0,0,274.36,0.0,1,10.37,56.41,SPY200313P00330000,330.0,0,0.0,0.0,,0.0,normalDay
2020-03-12,5174.0,-7148.0,0.0,0,248.11,0.0,1,10.37,81.85,SPY200313P00330000,330.0,0,0.0,0.0,,0.0,normalDay
2020-03-13,6211.0,-6068.0,1037.0,100,269.32,330.0,1,10.37,0.0,SPY200313P00330000,330.0,0,0.0,0.0,,0.0,expirationDay
2020-03-16,6211.0,-9015.0,0.0,100,239.85,330.0,0,0.0,0.0,,0.0,0,0.0,0.0,,0.0,bidTooLow
2020-03-17,6211.0,-7720.0,0.0,100,252.8,330.0,0,0.0,0.0,,0.0,0,0.0,0.0,,0.0,bidTooLow
2020-03-18,6211.0,-9000.0,0.0,100,240.0,330.0,0,0.0,0.0,,0.0,0,0.0,0.0,,0.0,bidTooLow
2020-03-19,6211.0,-8949.0,0.0,100,240.51,330.0,0,0.0,0.0,,0.0,0,0.0,0.0,,0.0,bidTooLow
2020-03-20,6211.0,-10120.0,0.0,100,228.8,330.0,0,0.0,0.0,,0.0,0,0.0,0.0,,0.0,bidTooLow
2020-03-23,6211.0,-10705.0,0.0,100,222.95,330.0,0,0.0,0.0,,0.0,0,0.0,0.0,,0.0,bidTooLow
2020-03-24,6211.0,-8685.0,0.0,100,243.15,330.0,0,0.0,0.0,,0.0,0,0.0,0.0,,0.0,bidTooLow
2020-03-25,6211.0,-8321.0,0.0,100,246.79,330.0,0,0.0,0.0,,0.0,0,0.0,0.0,,0.0,bidTooLow
2020-03-26,6211.0,-6880.0,0.0,100,261.2,330.0,0,0.0,0.0,,0.0,0,0.0,0.0,,0.0,bidTooLow
2020-03-27,6211.0,-7658.0,0.0,100,253.42,330.0,0,0.0,0.0,,0.0,0,0.0,0.0,,0.0,bidTooLow
2020-03-30,6211.0,-6835.0,0.0,100,261.65,330.0,0,0.0,0.0,,0.0,0,0.0,0.0,,0.0,bidTooLow
2020-03-31,6211.0,-7225.0,0.0,100,257.75,330.0,0,0.0,0.0,,0.0,0,0.0,0.0,,0.0,bidTooLow
2020-04-01,6211.0,-8385.0,0.0,100,246.15,330.0,0,0.0,0.0,,0.0,0,0.0,0.0,,0.0,bidTooLow
2020-04-02,6211.0,-7817.0,0.0,100,251.83,330.0,0,0.0,0.0,,0.0,0,0.0,0.0,,0.0,bidTooLow
2020-04-03,6211.0,-8181.0,0.0,100,248.19,330.0,0,0.0,0.0,,0.0,0,0.0,0.0,,0.0,bidTooLow
2020-04-06,6211.0,-6517.0,0.0,100,264.86,330.0,0,0.0,0.0,,0.0,1,0.05,0.08,SPY200409C00287500,287.5,normalDay
2020-04-07,6211.0,-6487.0,0.0,100,265.13,330.0,0,0.0,0.0,,0.0,1,0.05,0.05,SPY200409C00287500,287.5,normalDay
2020-04-08,6211.0,-5599.0,0.0,100,274.03,330.0,0,0.0,0.0,,0.0,1,0.05,0.07,SPY200409C00287500,287.5,normalDay
2020-04-09,6216.0,-5180.0,5.0,100,278.2,330.0,0,0.0,0.0,,0.0,1,0.05,0.0,SPY200409C00287500,287.5,expirationDay
2020-04-13,6216.0,-5438.0,0.0,100,275.66,330.0,0,0.0,0.0,,0.0,1,0.82,0.86,SPY200417C00287000,287.0,normalDay
2020-04-14,6216.0,-4794.0,0.0,100,283.79,330.0,0,0.0,0.0,,0.0,1,0.82,2.55,SPY200417C00287000,287.0,normalDay
2020-04-15,6216.0,-5197.0,0.0,100,277.76,330.0,0,0.0,0.0,,0.0,1,0.82,0.55,SPY200417C00287000,287.0,normalDay
2020-04-16,6216.0,-5032.0,0.0,100,279.1,330.0,0,0.0,0.0,,0.0,1,0.82,0.24,SPY200417C00287000,287.0,normalDay
2020-04-17,6298.0,-4336.0,82.0,100,286.64,330.0,0,0.0,0.0,,0.0,1,0.82,0.0,SPY200417C00287000,287.0,expirationDay
2020-04-20,6298.0,-4844.0,0.0,100,281.59,330.0,0,0.0,0.0,,0.0,1,0.06,0.09,SPY200424C00302000,302.0,normalDay
2020-04-21,6298.0,-5693.0,0.0,100,273.04,330.0,0,0.0,0.0,,0.0,1,0.06,0.03,SPY200424C00302000,302.0,normalDay
2020-04-22,6298.0,-5085.0,0.0,100,279.1,330.0,0,0.0,0.0,,0.0,1,0.06,0.01,SPY200424C00302000,302.0,normalDay
2020-04-23,6298.0,-5087.0,0.0,100,279.08,330.0,0,0.0,0.0,,0.0,1,0.06,0.01,SPY200424C00302000,302.0,normalDay
2020-04-24,6304.0,-4703.0,6.0,100,282.97,330.0,0,0.0,0.0,,0.0,1,0.06,0.0,SPY200424C00302000,302.0,expirationDay
2020-04-27,6304.0,-4298.0,0.0,100,287.05,330.0,0,0.0,0.0,,0.0,1,0.1,0.13,SPY200501C00301000,301.0,normalDay
2020-04-28,6304.0,-4425.0,0.0,100,285.73,330.0,0,0.0,0.0,,0.0,1,0.1,0.08,SPY200501C00301000,301.0,normalDay
2020-04-29,6304.0,-3698.0,0.0,100,293.21,330.0,0,0.0,0.0,,0.0,1,0.1,0.29,SPY200501C00301000,301.0,normalDay
2020-04-30,6304.0,-3947.0,0.0,100,290.48,330.0,0,0.0,0.0,,0.0,1,0.1,0.05,SPY200501C00301000,301.0,normalDay
2020-05-01,6314.0,-4721.0,10.0,100,282.79,330.0,0,0.0,0.0,,0.0,1,0.1,0.0,SPY200501C00301000,301.0,expirationDay
2020-05-04,6314.0,-4646.0,0.0,100,283.57,330.0,0,0.0,0.0,,0.0,1,0.1,0.13,SPY200508C00297000,297.0,normalDay
2020-05-05,6314.0,-4388.0,0.0,100,286.19,330.0,0,0.0,0.0,,0.0,1,0.1,0.17,SPY200508C00297000,297.0,normalDay
2020-05-06,6314.0,-4570.0,0.0,100,284.25,330.0,0,0.0,0.0,,0.0,1,0.1,0.05,SPY200508C00297000,297.0,normalDay
2020-05-07,6314.0,-4225.0,0.0,100,287.68,330.0,0,0.0,0.0,,0.0,1,0.1,0.03,SPY200508C00297000,297.0,normalDay
2020-05-08,6324.0,-3756.0,10.0,100,292.44,330.0,0,0.0,0.0,,0.0,1,0.1,0.0,SPY200508C00297000,297.0,expirationDay
2020-05-11,6324.0,-3753.0,0.0,100,292.5,330.0,0,0.0,0.0,,0.0,1,0.91,0.94,SPY200515C00297000,297.0,normalDay
2020-05-12,6324.0,-4265.0,0.0,100,286.67,330.0,0,0.0,0.0,,0.0,1,0.91,0.23,SPY200515C00297000,297.0,normalDay
2020-05-13,6324.0,-4753.0,0.0,100,281.6,330.0,0,0.0,0.0,,0.0,1,0.91,0.04,SPY200515C00297000,297.0,normalDay
2020-05-14,6324.0,-4414.0,0.0,100,284.97,330.0,0,0.0,0.0,,0.0,1,0.91,0.02,SPY200515C00297000,297.0,normalDay
2020-05-15,6415.0,-4372.0,91.0,100,286.28,330.0,0,0.0,0.0,,0.0,1,0.91,0.0,SPY200515C00297000,297.0,expirationDay
2020-05-18,6415.0,-3505.0,0.0,100,295.0,330.0,0,0.0,0.0,,0.0,1,1.72,1.77,SPY200522C00298000,298.0,normalDay
2020-05-19,6415.0,-3715.0,0.0,100,291.97,330.0,0,0.0,0.0,,0.0,1,1.72,0.84,SPY200522C00298000,298.0,normalDay
2020-05-20,6415.0,-3319.0,0.0,100,296.93,330.0,0,0.0,0.0,,0.0,1,1.72,1.84,SPY200522C00298000,298.0,normalDay
2020-05-21,6415.0,-3380.0,0.0,100,294.88,330.0,0,0.0,0.0,,0.0,1,1.72,0.4,SPY200522C00298000,298.0,normalDay
2020-05-22,6587.0,-3456.0,172.0,100,295.44,330.0,0,0.0,0.0,,0.0,1,1.72,0.0,SPY200522C00298000,298.0,expirationDay
2020-05-26,6587.0,-3097.0,0.0,100,299.08,330.0,0,0.0,0.0,,0.0,1,1.76,1.81,SPY200601C00302000,302.0,normalDay
2020-05-27,6587.0,-2854.0,0.0,100,303.53,330.0,0,0.0,0.0,,0.0,1,1.76,3.83,SPY200601C00302000,302.0,normalDay
2020-05-28,6587.0,-2905.0,0.0,100,302.97,330.0,0,0.0,0.0,,0.0,1,1.76,3.78,SPY200601C00302000,302.0,normalDay
2020-05-29,6587.0,-2786.0,0.0,100,304.32,330.0,0,0.0,0.0,,0.0,1,1.76,3.94,SPY200601C00302000,302.0,normalDay
2020-06-01,3963.0,-2786.0,-2624.0,0,305.55,0.0,0,0.0,0.0,,0.0,1,1.76,0.0,SPY200601C00302000,302.0,expirationDay
2020-06-02,3963.0,-4.0,0.0,0,308.08,0.0,1,2.21,2.25,SPY200619P00292000,292.0,0,0.0,0.0,,0.0,normalDay
2020-06-03,3963.0,83.0,0.0,0,312.18,0.0,1,2.21,1.38,SPY200619P00292000,292.0,0,0.0,0.0,,0.0,normalDay
2020-06-04,3963.0,86.0,0.0,0,311.36,0.0,1,2.21,1.35,SPY200619P00292000,292.0,0,0.0,0.0,,0.0,normalDay
2020-06-05,3963.0,163.0,0.0,0,319.34,0.0,1,2.21,0.58,SPY200619P00292000,292.0,0,0.0,0.0,,0.0,normalDay
2020-06-08,3963.0,179.0,0.0,0,323.2,0.0,1,2.21,0.42,SPY200619P00292000,292.0,0,0.0,0.0,,0.0,normalDay
2020-06-09,3963.0,172.0,0.0,0,320.79,0.0,1,2.21,0.49,SPY200619P00292000,292.0,0,0.0,0.0,,0.0,normalDay
2020-06-10,3963.0,170.0,0.0,0,319.0,0.0,1,2.21,0.51,SPY200619P00292000,292.0,0,0.0,0.0,,0.0,normalDay
2020-06-11,3963.0,-214.0,0.0,0,300.61,0.0,1,2.21,4.35,SPY200619P00292000,292.0,0,0.0,0.0,,0.0,normalDay
2020-06-12,3963.0,-29.0,0.0,0,304.21,0.0,1,2.21,2.5,SPY200619P00292000,292.0,0,0.0,0.0,,0.0,normalDay
2020-06-15,3963.0,115.0,0.0,0,307.05,0.0,1,2.21,1.06,SPY200619P00292000,292.0,0,0.0,0.0,,0.0,normalDay
2020-06-16,3963.0,187.0,0.0,0,312.96,0.0,1,2.21,0.34,SPY200619P00292000,292.0,0,0.0,0.0,,0.0,normalDay
2020-06-17,3963.0,209.0,0.0,0,311.66,0.0,1,2.21,0.12,SPY200619P00292000,292.0,0,0.0,0.0,,0.0,normalDay
2020-06-18,3963.0,215.0,0.0,0,311.78,0.0,1,2.21,0.06,SPY200619P00292000,292.0,0,0.0,0.0,,0.0,normalDay
2020-06-19,4184.0,0.0,221.0,0,308.64,0.0,1,2.21,0.0,SPY200619P00292000,292.0,0,0.0,0.0,,0.0,expirationDay
2020-06-22,4184.0,-6.0,0.0,0,310.62,0.0,1,6.26,6.32,SPY200710P00308000,308.0,0,0.0,0.0,,0.0,normalDay
2020-06-23,4184.0,60.0,0.0,0,312.05,0.0,1,6.26,5.66,SPY200710P00308000,308.0,0,0.0,0.0,,0.0,normalDay
2020-06-24,4184.0,-279.0,0.0,0,304.09,0.0,1,6.26,9.05,SPY200710P00308000,308.0,0,0.0,0.0,,0.0,normalDay
2020-06-25,4184.0,-50.0,0.0,0,307.35,0.0,1,6.26,6.76,SPY200710P00308000,308.0,0,0.0,0.0,,0.0,normalDay
2020-06-26,4184.0,-389.0,0.0,0,300.05,0.0,1,6.26,10.15,SPY200710P00308000,308.0,0,0.0,0.0,,0.0,normalDay
2020-06-29,4184.0,-87.0,0.0,0,304.46,0.0,1,6.26,7.13,SPY200710P00308000,308.0,0,0.0,0.0,,0.0,normalDay
2020-06-30,4184.0,133.0,0.0,0,308.36,0.0,1,6.26,4.93,SPY200710P00308000,308.0,0,0.0,0.0,,0.0,normalDay
2020-07-01,4184.0,288.0,0.0,0,310.52,0.0,1,6.26,3.38,SPY200710P00308000,308.0,0,0.0,0.0,,0.0,normalDay
2020-07-02,4184.0,421.0,0.0,0,312.23,0.0,1,6.26,2.05,SPY200710P00308000,308.0,0,0.0,0.0,,0.0,normalDay
2020-07-06,4184.0,549.0,0.0,0,317.05,0.0,1,6.26,0.77,SPY200710P00308000,308.0,0,0.0,0.0,,0.0,normalDay
2020-07-07,4184.0,514.0,0.0,0,313.78,0.0,1,6.26,1.12,SPY200710P00308000,308.0,0,0.0,0.0,,0.0,normalDay
2020-07-08,4184.0,596.0,0.0,0,316.18,0.0,1,6.26,0.3,SPY200710P00308000,308.0,0,0.0,0.0,,0.0,normalDay
2020-07-09,4184.0,602.0,0.0,0,314.38,0.0,1,6.26,0.24,SPY200710P00308000,308.0,0,0.0,0.0,,0.0,normalDay
2020-07-10,4810.0,0.0,626.0,0,317.59,0.0,1,6.26,0.0,SPY200710P00308000,308.0,0,0.0,0.0,,0.0,expirationDay
2020-07-13,4810.0,-6.0,0.0,0,314.84,0.0,1,5.6,5.66,SPY200731P00309000,309.0,0,0.0,0.0,,0.0,normalDay
2020-07-14,4810.0,170.0,0.0,0,318.92,0.0,1,5.6,3.9,SPY200731P00309000,309.0,0,0.0,0.0,,0.0,normalDay
2020-07-15,4810.0,289.0,0.0,0,321.85,0.0,1,5.6,2.71,SPY200731P00309000,309.0,0,0.0,0.0,,0.0,normalDay
2020-07-16,4810.0,265.0,0.0,0,320.79,0.0,1,5.6,2.95,SPY200731P00309000,309.0,0,0.0,0.0,,0.0,normalDay
2020-07-17,4810.0,377.0,0.0,0,321.72,0.0,1,5.6,1.83,SPY200731P00309000,309.0,0,0.0,0.0,,0.0,normalDay
2020-07-20,4810.0,450.0,0.0,0,324.32,0.0,1,5.6,1.1,SPY200731P00309000,309.0,0,0.0,0.0,,0.0,normalDay
2020-07-21,4810.0,463.0,0.0,0,325.01,0.0,1,5.6,0.97,SPY200731P00309000,309.0,0,0.0,0.0,,0.0,normalDay
2020-07-22,4810.0,496.0,0.0,0,326.86,0.0,1,5.6,0.64,SPY200731P00309000,309.0,0,0.0,0.0,,0.0,normalDay
2020-07-23,4810.0,453.0,0.0,0,322.96,0.0,1,5.6,1.07,SPY200731P00309000,309.0,0,0.0,0.0,,0.0,normalDay
2020-07-24,4810.0,486.0,0.0,0,320.88,0.0,1,5.6,0.74,SPY200731P00309000,309.0,0,0.0,0.0,,0.0,normalDay
2020-07-27,4810.0,535.0,0.0,0,323.22,0.0,1,5.6,0.25,SPY200731P00309000,309.0,0,0.0,0.0,,0.0,normalDay
2020-07-28,4810.0,530.0,0.0,0,321.17,0.0,1,5.6,0.3,SPY200731P00309000,309.0,0,0.0,0.0,,0.0,normalDay
2020-07-29,4810.0,553.0,0.0,0,325.12,0.0,1,5.6,0.07,SPY200731P00309000,309.0,0,0.0,0.0,,0.0,normalDay
2020-07-30,4810.0,554.0,0.0,0,323.96,0.0,1,5.6,0.06,SPY200731P00309000,309.0,0,0.0,0.0,,0.0,normalDay
2020-07-31,5370.0,0.0,560.0,0,326.52,0.0,1,5.6,0.0,SPY200731P00309000,309.0,0,0.0,0.0,,0.0,expirationDay
2020-08-03,5370.0,-3.0,0.0,0,328.79,0.0,1,3.01,3.04,SPY200821P00320000,320.0,0,0.0,0.0,,0.0,normalDay
2020-08-04,5370.0,49.0,0.0,0,330.06,0.0,1,3.01,2.52,SPY200821P00320000,320.0,0,0.0,0.0,,0.0,normalDay
2020-08-05,5370.0,119.0,0.0,0,332.11,0.0,1,3.01,1.82,SPY200821P00320000,320.0,0,0.0,0.0,,0.0,normalDay
2020-08-06,5370.0,167.0,0.0,0,334.33,0.0,1,3.01,1.34,SPY200821P00320000,320.0,0,0.0,0.0,,0.0,normalDay
2020-08-07,5370.0,183.0,0.0,0,334.57,0.0,1,3.01,1.18,SPY200821P00320000,320.0,0,0.0,0.0,,0.0,normalDay
2020-08-10,5370.0,215.0,0.0,0,335.57,0.0,1,3.01,0.86,SPY200821P00320000,320.0,0,0.0,0.0,,0.0,normalDay
2020-08-11,5370.0,162.0,0.0,0,332.8,0.0,1,3.01,1.39,SPY200821P00320000,320.0,0,0.0,0.0,,0.0,normalDay
2020-08-12,5370.0,249.0,0.0,0,337.44,0.0,1,3.01,0.52,SPY200821P00320000,320.0,0,0.0,0.0,,0.0,normalDay
2020-08-13,5370.0,257.0,0.0,0,336.83,0.0,1,3.01,0.44,SPY200821P00320000,320.0,0,0.0,0.0,,0.0,normalDay
2020-08-14,5370.0,276.0,0.0,0,336.84,0.0,1,3.01,0.25,SPY200821P00320000,320.0,0,0.0,0.0,,0.0,normalDay
2020-08-17,5370.0,291.0,0.0,0,337.91,0.0,1,3.01,0.1,SPY200821P00320000,320.0,0,0.0,0.0,,0.0,normalDay
2020-08-18,5370.0,293.0,0.0,0,338.64,0.0,1,3.01,0.08,SPY200821P00320000,320.0,0,0.0,0.0,,0.0,normalDay
2020-08-19,5370.0,291.0,0.0,0,337.23,0.0,1,3.01,0.1,SPY200821P00320000,320.0,0,0.0,0.0,,0.0,normalDay
2020-08-20,5370.0,298.0,0.0,0,338.28,0.0,1,3.01,0.03,SPY200821P00320000,320.0,0,0.0,0.0,,0.0,normalDay
2020-08-21,5671.0,0.0,301.0,0,339.48,0.0,1,3.01,0.0,SPY200821P00320000,320.0,0,0.0,0.0,,0.0,expirationDay
2020-08-24,5671.0,-4.0,0.0,0,342.92,0.0,1,2.07,2.11,SPY200911P00332000,332.0,0,0.0,0.0,,0.0,normalDay
2020-08-25,5671.0,34.0,0.0,0,344.12,0.0,1,2.07,1.73,SPY200911P00332000,332.0,0,0.0,0.0,,0.0,normalDay
2020-08-26,5671.0,61.0,0.0,0,347.57,0.0,1,2.07,1.46,SPY200911P00332000,332.0,0,0.0,0.0,,0.0,normalDay
2020-08-27,5671.0,72.0,0.0,0,348.33,0.0,1,2.07,1.35,SPY200911P00332000,332.0,0,0.0,0.0,,0.0,normalDay
2020-08-28,5671.0,131.0,0.0,0,350.58,0.0,1,2.07,0.76,SPY200911P00332000,332.0,0,0.0,0.0,,0.0,normalDay
2020-08-31,5671.0,116.0,0.0,0,349.31,0.0,1,2.07,0.91,SPY200911P00332000,332.0,0,0.0,0.0,,0.0,normalDay
2020-09-01,5671.0,151.0,0.0,0,352.6,0.0,1,2.07,0.56,SPY200911P00332000,332.0,0,0.0,0.0,,0.0,normalDay
2020-09-02,5671.0,172.0,0.0,0,357.7,0.0,1,2.07,0.35,SPY200911P00332000,332.0,0,0.0,0.0,,0.0,normalDay
2020-09-03,5671.0,46.0,0.0,0,345.39,0.0,1,2.07,1.61,SPY200911P00332000,332.0,0,0.0,0.0,,0.0,normalDay
2020-09-04,5671.0,14.0,0.0,0,342.57,0.0,1,2.07,1.93,SPY200911P00332000,332.0,0,0.0,0.0,,0.0,normalDay
2020-09-08,5671.0,-153.0,0.0,0,333.21,0.0,1,2.07,3.6,SPY200911P00332000,332.0,0,0.0,0.0,,0.0,normalDay
2020-09-09,5671.0,104.0,0.0,0,339.79,0.0,1,2.07,1.03,SPY200911P00332000,332.0,0,0.0,0.0,,0.0,normalDay
2020-09-10,5671.0,59.0,0.0,0,333.89,0.0,1,2.07,1.48,SPY200911P00332000,332.0,0,0.0,0.0,,0.0,normalDay
2020-09-11,5878.0,0.0,207.0,0,334.06,0.0,1,2.07,0.0,SPY200911P00332000,332.0,0,0.0,0.0,,0.0,expirationDay
2020-09-14,5878.0,-11.0,0.0,0,338.46,0.0,1,8.29,8.4,SPY201002P00341000,341.0,0,0.0,0.0,,0.0,normalDay
2020-09-15,5878.0,107.0,0.0,0,340.17,0.0,1,8.29,7.22,SPY201002P00341000,341.0,0,0.0,0.0,,0.0,normalDay
2020-09-16,5878.0,37.0,0.0,0,338.82,0.0,1,8.29,7.92,SPY201002P00341000,341.0,0,0.0,0.0,,0.0,normalDay
2020-09-17,5878.0,-104.0,0.0,0,335.84,0.0,1,8.29,9.33,SPY201002P00341000,341.0,0,0.0,0.0,,0.0,normalDay
2020-09-18,5878.0,-366.0,0.0,0,330.65,0.0,1,8.29,11.95,SPY201002P00341000,341.0,0,0.0,0.0,,0.0,normalDay
2020-09-21,5878.0,-615.0,0.0,0,326.97,0.0,1,8.29,14.44,SPY201002P00341000,341.0,0,0.0,0.0,,0.0,normalDay
2020-09-22,5878.0,-366.0,0.0,0,330.3,0.0,1,8.29,11.95,SPY201002P00341000,341.0,0,0.0,0.0,,0.0,normalDay
2020-09-23,5878.0,-1026.0,0.0,0,322.64,0.0,1,8.29,18.55,SPY201002P00341000,341.0,0,0.0,0.0,,0.0,normalDay
2020-09-24,5878.0,-916.0,0.0,0,323.5,0.0,1,8.29,17.45,SPY201002P00341000,341.0,0,0.0,0.0,,0.0,normalDay
2020-09-25,5878.0,-442.0,0.0,0,328.73,0.0,1,8.29,12.71,SPY201002P00341000,341.0,0,0.0,0.0,,0.0,normalDay
2020-09-28,5878.0,59.0,0.0,0,334.19,0.0,1,8.29,7.7,SPY201002P00341000,341.0,0,0.0,0.0,,0.0,normalDay
2020-09-29,5878.0,-32.0,0.0,0,332.37,0.0,1,8.29,8.61,SPY201002P00341000,341.0,0,0.0,0.0,,0.0,normalDay
2020-09-30,5878.0,52.0,0.0,0,334.89,0.0,1,8.29,7.77,SPY201002P00341000,341.0,0,0.0,0.0,,0.0,normalDay
2020-10-01,5878.0,382.0,0.0,0,337.04,0.0,1,8.29,4.47,SPY201002P00341000,341.0,0,0.0,0.0,,0.0,normalDay
2020-10-02,6707.0,-716.0,829.0,100,333.84,341.0,1,8.29,0.0,SPY201002P00341000,341.0,0,0.0,0.0,,0.0,expirationDay
2020-10-05,6707.0,-127.0,0.0,100,339.76,341.0,0,0.0,0.0,,0.0,1,0.99,1.02,SPY201009C00345000,345.0,normalDay
2020-10-06,6707.0,-533.0,0.0,100,334.93,341.0,0,0.0,0.0,,0.0,1,0.99,0.25,SPY201009C00345000,345.0,normalDay
2020-10-07,6707.0,19.0,0.0,100,340.76,341.0,0,0.0,0.0,,0.0,1,0.99,0.56,SPY201009C00345000,345.0,normalDay
2020-10-08,6707.0,310.0,0.0,100,343.78,341.0,0,0.0,0.0,,0.0,1,0.99,0.67,SPY201009C00345000,345.0,normalDay
2020-10-09,7206.0,310.0,499.0,0,346.85,0.0,0,0.0,0.0,,0.0,1,0.99,0.0,SPY201009C00345000,345.0,expirationDay
2020-10-12,7206.0,-4.0,0.0,0,352.43,0.0,1,1.41,1.45,SPY201030P00333000,333.0,0,0.0,0.0,,0.0,normalDay
2020-10-13,7206.0,-30.0,0.0,0,350.13,0.0,1,1.41,1.71,SPY201030P00333000,333.0,0,0.0,0.0,,0.0,normalDay
2020-10-14,7206.0,-51.0,0.0,0,347.93,0.0,1,1.41,1.92,SPY201030P00333000,333.0,0,0.0,0.0,,0.0,normalDay
2020-10-15,7206.0,-41.0,0.0,0,347.5,0.0,1,1.41,1.82,SPY201030P00333000,333.0,0,0.0,0.0,,0.0,normalDay
2020-10-16,7206.0,-36.0,0.0,0,347.29,0.0,1,1.41,1.77,SPY201030P00333000,333.0,0,0.0,0.0,,0.0,normalDay
2020-10-19,7206.0,-101.0,0.0,0,342.01,0.0,1,1.41,2.42,SPY201030P00333000,333.0,0,0.0,0.0,,0.0,normalDay
2020-10-20,7206.0,-71.0,0.0,0,343.38,0.0,1,1.41,2.12,SPY201030P00333000,333.0,0,0.0,0.0,,0.0,normalDay
2020-10-21,7206.0,-23.0,0.0,0,342.73,0.0,1,1.41,1.64,SPY201030P00333000,333.0,0,0.0,0.0,,0.0,normalDay
2020-10-22,7206.0,28.0,0.0,0,344.61,0.0,1,1.41,1.13,SPY201030P00333000,333.0,0,0.0,0.0,,0.0,normalDay
2020-10-23,7206.0,76.0,0.0,0,345.78,0.0,1,1.41,0.65,SPY201030P00333000,333.0,0,0.0,0.0,,0.0,normalDay
2020-10-26,7206.0,-31.0,0.0,0,339.39,0.0,1,1.41,1.72,SPY201030P00333000,333.0,0,0.0,0.0,,0.0,normalDay
2020-10-27,7206.0,7.0,0.0,0,338.22,0.0,1,1.41,1.34,SPY201030P00333000,333.0,0,0.0,0.0,,0.0,normalDay
2020-10-28,7206.0,-629.0,0.0,0,326.66,0.0,1,1.41,7.7,SPY201030P00333000,333.0,0,0.0,0.0,,0.0,normalDay
2020-10-29,7206.0,-218.0,0.0,0,329.98,0.0,1,1.41,3.59,SPY201030P00333000,333.0,0,0.0,0.0,,0.0,normalDay
2020-10-30,7347.0,-646.0,141.0,100,326.54,333.0,1,1.41,0.0,SPY201030P00333000,333.0,0,0.0,0.0,,0.0,expirationDay
2020-11-02,7347.0,-283.0,0.0,100,330.2,333.0,0,0.0,0.0,,0.0,1,0.04,0.07,SPY201106C00359000,359.0,normalDay
2020-11-03,7347.0,282.0,0.0,100,336.03,333.0,0,0.0,0.0,,0.0,1,0.04,0.25,SPY201106C00359000,359.0,normalDay
2020-11-04,7347.0,1052.0,0.0,100,343.54,333.0,0,0.0,0.0,,0.0,1,0.04,0.06,SPY201106C00359000,359.0,normalDay
2020-11-05,7347.0,1718.0,0.0,100,350.24,333.0,0,0.0,0.0,,0.0,1,0.04,0.1,SPY201106C00359000,359.0,normalDay
2020-11-06,7351.0,1716.0,4.0,100,350.16,333.0,0,0.0,0.0,,0.0,1,0.04,0.0,SPY201106C00359000,359.0,expirationDay
2020-11-09,7351.0,2151.0,0.0,100,354.56,333.0,0,0.0,0.0,,0.0,1,1.53,1.58,SPY201113C00361000,361.0,normalDay
2020-11-10,7351.0,2186.0,0.0,100,354.04,333.0,0,0.0,0.0,,0.0,1,1.53,0.71,SPY201113C00361000,361.0,normalDay
2020-11-11,7351.0,2456.0,0.0,100,356.67,333.0,0,0.0,0.0,,0.0,1,1.53,0.64,SPY201113C00361000,361.0,normalDay
2020-11-12,7351.0,2168.0,0.0,100,353.21,333.0,0,0.0,0.0,,0.0,1,1.53,0.06,SPY201113C00361000,361.0,normalDay
2020-11-13,7504.0,2510.0,153.0,100,358.1,333.0,0,0.0,0.0,,0.0,1,1.53,0.0,SPY201113C00361000,361.0,expirationDay
2020-11-16,7504.0,2954.0,0.0,100,362.57,333.0,0,0.0,0.0,,0.0,1,0.46,0.49,SPY201120C00369000,369.0,normalDay
2020-11-17,7504.0,2790.0,0.0,100,360.62,333.0,0,0.0,0.0,,0.0,1,0.46,0.18,SPY201120C00369000,369.0,normalDay
2020-11-18,7504.0,2371.0,0.0,100,356.28,333.0,0,0.0,0.0,,0.0,1,0.46,0.03,SPY201120C00369000,369.0,normalDay
2020-11-19,7504.0,2523.0,0.0,100,357.78,333.0,0,0.0,0.0,,0.0,1,0.46,0.01,SPY201120C00369000,369.0,normalDay
2020-11-20,7550.0,2233.0,46.0,100,355.33,333.0,0,0.0,0.0,,0.0,1,0.46,0.0,SPY201120C00369000,369.0,expirationDay
2020-11-23,7550.0,2446.0,0.0,100,357.46,333.0,0,0.0,0.0,,0.0,0,0.0,0.0,,0.0,bidTooLow
2020-11-24,7550.0,3019.0,0.0,100,363.22,333.0,0,0.0,0.0,,0.0,1,0.02,0.05,SPY201130C00378000,378.0,normalDay
2020-11-25,7550.0,2966.0,0.0,100,362.66,333.0,0,0.0,0.0,,0.0,1,0.02,0.02,SPY201130C00378000,378.0,normalDay
2020-11-27,7550.0,3068.0,0.0,100,363.67,333.0,0,0.0,0.0,,0.0,1,0.02,0.01,SPY201130C00378000,378.0,normalDay
2020-11-30,7552.0,2906.0,2.0,100,362.06,333.0,0,0.0,0.0,,0.0,1,0.02,0.0,SPY201130C00378000,378.0,expirationDay
2020-12-01,7552.0,3298.0,0.0,100,366.02,333.0,0,0.0,0.0,,0.0,1,0.47,0.51,SPY201207C00373000,373.0,normalDay
2020-12-02,7552.0,3383.0,0.0,100,366.79,333.0,0,0.0,0.0,,0.0,1,0.47,0.43,SPY201207C00373000,373.0,normalDay
2020-12-03,7552.0,3396.0,0.0,100,366.69,333.0,0,0.0,0.0,,0.0,1,0.47,0.2,SPY201207C00373000,373.0,normalDay
2020-12-04,7552.0,3711.0,0.0,100,369.85,333.0,0,0.0,0.0,,0.0,1,0.47,0.21,SPY201207C00373000,373.0,normalDay
2020-12-07,7599.0,3609.0,47.0,100,369.09,333.0,0,0.0,0.0,,0.0,1,0.47,0.0,SPY201207C00373000,373.0,expirationDay
2020-12-08,7599.0,3714.0,0.0,100,370.17,333.0,0,0.0,0.0,,0.0,1,0.74,0.77,SPY201214C00374000,374.0,normalDay
2020-12-09,7599.0,3436.0,0.0,100,366.85,333.0,0,0.0,0.0,,0.0,1,0.74,0.23,SPY201214C00374000,374.0,normalDay
2020-12-10,7599.0,3434.0,0.0,100,366.73,333.0,0,0.0,0.0,,0.0,1,0.74,0.13,SPY201214C00374000,374.0,normalDay
2020-12-11,7599.0,3400.0,0.0,100,366.3,333.0,0,0.0,0.0,,0.0,1,0.74,0.04,SPY201214C00374000,374.0,normalDay
2020-12-14,7673.0,3166.0,74.0,100,364.66,333.0,0,0.0,0.0,,0.0,1,0.74,0.0,SPY201214C00374000,374.0,expirationDay
2020-12-15,7673.0,3656.0,0.0,100,369.59,333.0,0,0.0,0.0,,0.0,1,0.44,0.47,SPY201221C00375000,375.0,normalDay
2020-12-16,7673.0,3720.0,0.0,100,370.17,333.0,0,0.0,0.0,,0.0,1,0.44,0.41,SPY201221C00375000,375.0,normalDay
2020-12-17,7673.0,3920.0,0.0,100,372.24,333.0,0,0.0,0.0,,0.0,1,0.44,0.48,SPY201221C00375000,375.0,normalDay
2020-12-18,7673.0,3646.0,0.0,100,369.18,333.0,0,0.0,0.0,,0.0,1,0.44,0.16,SPY201221C00375000,375.0,normalDay
2020-12-21,7717.0,3486.0,44.0,100,367.86,333.0,0,0.0,0.0,,0.0,1,0.44,0.0,SPY201221C00375000,375.0,expirationDay
2020-12-22,7717.0,3421.0,0.0,100,367.24,333.0,0,0.0,0.0,,0.0,1,0.32,0.35,SPY201228C00373000,373.0,normalDay
2020-12-23,7717.0,3473.0,0.0,100,367.57,333.0,0,0.0,0.0,,0.0,1,0.32,0.16,SPY201228C00373000,373.0,normalDay
2020-12-24,7717.0,3620.0,0.0,100,369.0,333.0,0,0.0,0.0,,0.0,1,0.32,0.12,SPY201228C00373000,373.0,normalDay
2020-12-28,7749.0,3917.0,32.0,100,372.17,333.0,0,0.0,0.0,,0.0,1,0.32,0.0,SPY201228C00373000,373.0,expirationDay
2020-12-29,7749.0,3842.0,0.0,100,371.46,333.0,0,0.0,0.0,,0.0,1,1.5,1.54,SPY210104C00373000,373.0,normalDay
2020-12-30,7749.0,3928.0,0.0,100,371.99,333.0,0,0.0,0.0,,0.0,1,1.5,1.21,SPY210104C00373000,373.0,normalDay
2020-12-31,7749.0,3988.0,0.0,100,373.88,333.0,0,0.0,0.0,,0.0,1,1.5,2.5,SPY210104C00373000,373.0,normalDay
2021-01-04,7899.0,3579.0,150.0,100,368.79,333.0,0,0.0,0.0,,0.0,1,1.5,0.0,SPY210104C00373000,373.0,expirationDay
2021-01-05,7899.0,3829.0,0.0,100,371.33,333.0,0,0.0,0.0,,0.0,1,1.86,1.9,SPY210111C00375000,375.0,normalDay
2021-01-06,7899.0,3985.0,0.0,100,373.55,333.0,0,0.0,0.0,,0.0,1,1.86,2.56,SPY210111C00375000,375.0,normalDay
2021-01-07,7899.0,4318.0,0.0,100,379.1,333.0,0,0.0,0.0,,0.0,1,1.86,4.78,SPY210111C00375000,375.0,normalDay
2021-01-08,7899.0,4331.0,0.0,100,381.26,333.0,0,0.0,0.0,,0.0,1,1.86,6.81,SPY210111C00375000,375.0,normalDay
2021-01-11,12285.0,4331.0,4386.0,0,378.69,0.0,0,0.0,0.0,,0.0,1,1.86,0.0,SPY210111C00375000,375.0,expirationDay
2021-01-12,12285.0,-5.0,0.0,0,378.77,0.0,1,3.63,3.68,SPY210129P00371000,371.0,0,0.0,0.0,,0.0,normalDay
2021-01-13,12285.0,74.0,0.0,0,379.79,0.0,1,3.63,2.89,SPY210129P00371000,371.0,0,0.0,0.0,,0.0,normalDay
2021-01-14,12285.0,31.0,0.0,0,378.46,0.0,1,3.63,3.32,SPY210129P00371000,371.0,0,0.0,0.0,,0.0,normalDay
2021-01-15,12285.0,-57.0,0.0,0,375.7,0.0,1,3.63,4.2,SPY210129P00371000,371.0,0,0.0,0.0,,0.0,normalDay
2021-01-19,12285.0,121.0,0.0,0,378.65,0.0,1,3.63,2.42,SPY210129P00371000,371.0,0,0.0,0.0,,0.0,normalDay
2021-01-20,12285.0,255.0,0.0,0,383.89,0.0,1,3.63,1.08,SPY210129P00371000,371.0,0,0.0,0.0,,0.0,normalDay
2021-01-21,12285.0,282.0,0.0,0,384.24,0.0,1,3.63,0.81,SPY210129P00371000,371.0,0,0.0,0.0,,0.0,normalDay
2021-01-22,12285.0,293.0,0.0,0,382.88,0.0,1,3.63,0.7,SPY210129P00371000,371.0,0,0.0,0.0,,0.0,normalDay
2021-01-25,12285.0,321.0,0.0,0,384.39,0.0,1,3.63,0.42,SPY210129P00371000,371.0,0,0.0,0.0,,0.0,normalDay
2021-01-26,12285.0,336.0,0.0,0,383.79,0.0,1,3.63,0.27,SPY210129P00371000,371.0,0,0.0,0.0,,0.0,normalDay
2021-01-27,12285.0,68.0,0.0,0,374.41,0.0,1,3.63,2.95,SPY210129P00371000,371.0,0,0.0,0.0,,0.0,normalDay
2021-01-28,12285.0,311.0,0.0,0,377.63,0.0,1,3.63,0.52,SPY210129P00371000,371.0,0,0.0,0.0,,0.0,normalDay
2021-01-29,12648.0,-93.0,363.0,100,370.07,371.0,1,3.63,0.0,SPY210129P00371000,371.0,0,0.0,0.0,,0.0,expirationDay
2021-02-01,12648.0,520.0,0.0,100,376.23,371.0,0,0.0,0.0,,0.0,1,0.12,0.15,SPY210205C00389000,389.0,normalDay
2021-02-02,12648.0,1035.0,0.0,100,381.55,371.0,0,0.0,0.0,,0.0,1,0.12,0.32,SPY210205C00389000,389.0,normalDay
2021-02-03,12648.0,1087.0,0.0,100,381.85,371.0,0,0.0,0.0,,0.0,1,0.12,0.1,SPY210205C00389000,389.0,normalDay
2021-02-04,12648.0,1510.0,0.0,100,386.19,371.0,0,0.0,0.0,,0.0,1,0.12,0.21,SPY210205C00389000,389.0,normalDay
2021-02-05,12660.0,1671.0,12.0,100,387.71,371.0,0,0.0,0.0,,0.0,1,0.12,0.0,SPY210205C00389000,389.0,expirationDay
2021-02-08,12660.0,1948.0,0.0,100,390.51,371.0,0,0.0,0.0,,0.0,1,1.48,1.51,SPY210212C00392000,392.0,normalDay
2021-02-09,12660.0,1943.0,0.0,100,390.25,371.0,0,0.0,0.0,,0.0,1,1.48,1.3,SPY210212C00392000,392.0,normalDay
2021-02-10,12660.0,1949.0,0.0,100,390.08,371.0,0,0.0,0.0,,0.0,1,1.48,1.07,SPY210212C00392000,392.0,normalDay
2021-02-11,12660.0,2069.0,0.0,100,390.71,371.0,0,0.0,0.0,,0.0,1,1.48,0.5,SPY210212C00392000,392.0,normalDay
2021-02-12,14908.0,2069.0,2248.0,0,392.64,0.0,0,0.0,0.0,,0.0,1,1.48,0.0,SPY210212C00392000,392.0,expirationDay
2021-02-16,14908.0,-5.0,0.0,0,392.3,0.0,1,2.68,2.73,SPY210305P00382000,382.0,0,0.0,0.0,,0.0,normalDay
2021-02-17,14908.0,27.0,0.0,0,392.39,0.0,1,2.68,2.41,SPY210305P00382000,382.0,0,0.0,0.0,,0.0,normalDay
2021-02-18,14908.0,-12.0,0.0,0,390.72,0.0,1,2.68,2.8,SPY210305P00382000,382.0,0,0.0,0.0,,0.0,normalDay
2021-02-19,14908.0,4.0,0.0,0,390.03,0.0,1,2.68,2.64,SPY210305P00382000,382.0,0,0.0,0.0,,0.0,normalDay
2021-02-22,14908.0,-49.0,0.0,0,387.03,0.0,1,2.68,3.17,SPY210305P00382000,382.0,0,0.0,0.0,,0.0,normalDay
2021-02-23,14908.0,-23.0,0.0,0,387.5,0.0,1,2.68,2.91,SPY210305P00382000,382.0,0,0.0,0.0,,0.0,normalDay
2021-02-24,14908.0,124.0,0.0,0,391.77,0.0,1,2.68,1.44,SPY210305P00382000,382.0,0,0.0,0.0,,0.0,normalDay
2021-02-25,14908.0,-283.0,0.0,0,382.33,0.0,1,2.68,5.51,SPY210305P00382000,382.0,0,0.0,0.0,,0.0,normalDay
2021-02-26,14908.0,-325.0,0.0,0,380.36,0.0,1,2.68,5.93,SPY210305P00382000,382.0,0,0.0,0.0,,0.0,normalDay
2021-03-01,14908.0,129.0,0.0,0,389.58,0.0,1,2.68,1.39,SPY210305P00382000,382.0,0,0.0,0.0,,0.0,normalDay
2021-03-02,14908.0,80.0,0.0,0,386.54,0.0,1,2.68,1.88,SPY210305P00382000,382.0,0,0.0,0.0,,0.0,normalDay
2021-03-03,14908.0,-90.0,0.0,0,381.42,0.0,1,2.68,3.58,SPY210305P00382000,382.0,0,0.0,0.0,,0.0,normalDay
2021-03-04,14908.0,-313.0,0.0,0,376.7,0.0,1,2.68,5.81,SPY210305P00382000,382.0,0,0.0,0.0,,0.0,normalDay
2021-03-05,15176.0,0.0,268.0,0,383.63,0.0,1,2.68,0.0,SPY210305P00382000,382.0,0,0.0,0.0,,0.0,expirationDay
2021-03-08,15176.0,-12.0,0.0,0,381.72,0.0,1,9.49,9.61,SPY210326P00386000,386.0,0,0.0,0.0,,0.0,normalDay
2021-03-09,15176.0,282.0,0.0,0,387.17,0.0,1,9.49,6.67,SPY210326P00386000,386.0,0,0.0,0.0,,0.0,normalDay
2021-03-10,15176.0,466.0,0.0,0,389.58,0.0,1,9.49,4.83,SPY210326P00386000,386.0,0,0.0,0.0,,0.0,normalDay
2021-03-11,15176.0,601.0,0.0,0,393.53,0.0,1,9.49,3.48,SPY210326P00386000,386.0,0,0.0,0.0,,0.0,normalDay
2021-03-12,15176.0,690.0,0.0,0,394.06,0.0,1,9.49,2.59,SPY210326P00386000,386.0,0,0.0,0.0,,0.0,normalDay
2021-03-15,15176.0,784.0,0.0,0,396.41,0.0,1,9.49,1.65,SPY210326P00386000,386.0,0,0.0,0.0,,0.0,normalDay
2021-03-16,15176.0,783.0,0.0,0,395.91,0.0,1,9.49,1.66,SPY210326P00386000,386.0,0,0.0,0.0,,0.0,normalDay
2021-03-17,15176.0,832.0,0.0,0,397.26,0.0,1,9.49,1.17,SPY210326P00386000,386.0,0,0.0,0.0,,0.0,normalDay
2021-03-18,15176.0,721.0,0.0,0,391.48,0.0,1,9.49,2.28,SPY210326P00386000,386.0,0,0.0,0.0,,0.0,normalDay
2021-03-19,15176.0,735.0,0.0,0,389.48,0.0,1,9.49,2.14,SPY210326P00386000,386.0,0,0.0,0.0,,0.0,normalDay
2021-03-22,15176.0,882.0,0.0,0,392.59,0.0,1,9.49,0.67,SPY210326P00386000,386.0,0,0.0,0.0,,0.0,normalDay
2021-03-23,15176.0,829.0,0.0,0,389.5,0.0,1,9.49,1.2,SPY210326P00386000,386.0,0,0.0,0.0,,0.0,normalDay
2021-03-24,15176.0,808.0,0.0,0,387.52,0.0,1,9.49,1.41,SPY210326P00386000,386.0,0,0.0,0.0,,0.0,normalDay
2021-03-25,15176.0,911.0,0.0,0,389.7,0.0,1,9.49,0.38,SPY210326P00386000,386.0,0,0.0,0.0,,0.0,normalDay
2021-03-26,16125.0,0.0,949.0,0,395.98,0.0,1,9.49,0.0,SPY210326P00386000,386.0,0,0.0,0.0,,0.0,expirationDay
2021-03-29,16125.0,-3.0,0.0,0,395.78,0.0,1,3.22,3.25,SPY210416P00388000,388.0,0,0.0,0.0,,0.0,normalDay
2021-03-30,16125.0,11.0,0.0,0,394.73,0.0,1,3.22,3.11,SPY210416P00388000,388.0,0,0.0,0.0,,0.0,normalDay
2021-03-31,16125.0,79.0,0.0,0,396.33,0.0,1,3.22,2.43,SPY210416P00388000,388.0,0,0.0,0.0,,0.0,normalDay
2021-04-01,16125.0,197.0,0.0,0,400.61,0.0,1,3.22,1.25,SPY210416P00388000,388.0,0,0.0,0.0,,0.0,normalDay
2021-04-05,16125.0,259.0,0.0,0,406.36,0.0,1,3.22,0.63,SPY210416P00388000,388.0,0,0.0,0.0,,0.0,normalDay
2021-04-06,16125.0,265.0,0.0,0,406.12,0.0,1,3.22,0.57,SPY210416P00388000,388.0,0,0.0,0.0,,0.0,normalDay
2021-04-07,16125.0,285.0,0.0,0,406.59,0.0,1,3.22,0.37,SPY210416P00388000,388.0,0,0.0,0.0,,0.0,normalDay
2021-04-08,16125.0,299.0,0.0,0,408.52,0.0,1,3.22,0.23,SPY210416P00388000,388.0,0,0.0,0.0,,0.0,normalDay
2021-04-09,16125.0,311.0,0.0,0,411.49,0.0,1,3.22,0.11,SPY210416P00388000,388.0,0,0.0,0.0,,0.0,normalDay
2021-04-12,16125.0,318.0,0.0,0,411.64,0.0,1,3.22,0.04,SPY210416P00388000,388.0,0,0.0,0.0,,0.0,normalDay
2021-04-13,16125.0,318.0,0.0,0,412.86,0.0,1,3.22,0.04,SPY210416P00388000,388.0,0,0.0,0.0,,0.0,normalDay
2021-04-14,16125.0,318.0,0.0,0,411.45,0.0,1,3.22,0.04,SPY210416P00388000,388.0,0,0.0,0.0,,0.0,normalDay
2021-04-15,16125.0,320.0,0.0,0,415.87,0.0,1,3.22,0.02,SPY210416P00388000,388.0,0,0.0,0.0,,0.0,normalDay
2021-04-16,16447.0,0.0,322.0,0,417.26,0.0,1,3.22,0.0,SPY210416P00388000,388.0,0,0.0,0.0,,0.0,expirationDay
2021-04-19,16447.0,-4.0,0.0,0,415.21,0.0,1,1.65,1.69,SPY210507P00400000,400.0,0,0.0,0.0,,0.0,normalDay
2021-04-20,16447.0,-74.0,0.0,0,412.17,0.0,1,1.65,2.39,SPY210507P00400000,400.0,0,0.0,0.0,,0.0,normalDay
2021-04-21,16447.0,31.0,0.0,0,416.07,0.0,1,1.65,1.34,SPY210507P00400000,400.0,0,0.0,0.0,,0.0,normalDay
2021-04-22,16447.0,-39.0,0.0,0,412.27,0.0,1,1.65,2.04,SPY210507P00400000,400.0,0,0.0,0.0,,0.0,normalDay
2021-04-23,16447.0,72.0,0.0,0,416.74,0.0,1,1.65,0.93,SPY210507P00400000,400.0,0,0.0,0.0,,0.0,normalDay
2021-04-26,16447.0,104.0,0.0,0,417.61,0.0,1,1.65,0.61,SPY210507P00400000,400.0,0,0.0,0.0,,0.0,normalDay
2021-04-27,16447.0,111.0,0.0,0,417.52,0.0,1,1.65,0.54,SPY210507P00400000,400.0,0,0.0,0.0,,0.0,normalDay
2021-04-28,16447.0,131.0,0.0,0,417.4,0.0,1,1.65,0.34,SPY210507P00400000,400.0,0,0.0,0.0,,0.0,normalDay
2021-04-29,16447.0,141.0,0.0,0,420.06,0.0,1,1.65,0.24,SPY210507P00400000,400.0,0,0.0,0.0,,0.0,normalDay
2021-04-30,16447.0,138.0,0.0,0,417.3,0.0,1,1.65,0.27,SPY210507P00400000,400.0,0,0.0,0.0,,0.0,normalDay
2021-05-03,16447.0,153.0,0.0,0,418.2,0.0,1,1.65,0.12,SPY210507P00400000,400.0,0,0.0,0.0,,0.0,normalDay
2021-05-04,16447.0,151.0,0.0,0,415.62,0.0,1,1.65,0.14,SPY210507P00400000,400.0,0,0.0,0.0,,0.0,normalDay
2021-05-05,16447.0,156.0,0.0,0,415.75,0.0,1,1.65,0.09,SPY210507P00400000,400.0,0,0.0,0.0,,0.0,normalDay
2021-05-06,16447.0,162.0,0.0,0,419.07,0.0,1,1.65,0.03,SPY210507P00400000,400.0,0,0.0,0.0,,0.0,normalDay
2021-05-07,16612.0,0.0,165.0,0,422.12,0.0,1,1.65,0.0,SPY210507P00400000,400.0,0,0.0,0.0,,0.0,expirationDay
2021-05-10,16612.0,-4.0,0.0,0,417.94,0.0,1,5.17,5.21,SPY210528P00416000,416.0,0,0.0,0.0,,0.0,normalDay
2021-05-11,16612.0,-193.0,0.0,0,414.21,0.0,1,5.17,7.1,SPY210528P00416000,416.0,0,0.0,0.0,,0.0,normalDay
2021-05-12,16612.0,-808.0,0.0,0,405.41,0.0,1,5.17,13.25,SPY210528P00416000,416.0,0,0.0,0.0,,0.0,normalDay
2021-05-13,16612.0,-403.0,0.0,0,410.28,0.0,1,5.17,9.2,SPY210528P00416000,416.0,0,0.0,0.0,,0.0,normalDay
2021-05-14,16612.0,85.0,0.0,0,416.58,0.0,1,5.17,4.32,SPY210528P00416000,416.0,0,0.0,0.0,,0.0,normalDay
2021-05-17,16612.0,65.0,0.0,0,415.52,0.0,1,5.17,4.52,SPY210528P00416000,416.0,0,0.0,0.0,,0.0,normalDay
2021-05-18,16612.0,-139.0,0.0,0,411.94,0.0,1,5.17,6.56,SPY210528P00416000,416.0,0,0.0,0.0,,0.0,normalDay
2021-05-19,16612.0,-206.0,0.0,0,410.86,0.0,1,5.17,7.23,SPY210528P00416000,416.0,0,0.0,0.0,,0.0,normalDay
2021-05-20,16612.0,101.0,0.0,0,415.28,0.0,1,5.17,4.16,SPY210528P00416000,416.0,0,0.0,0.0,,0.0,normalDay
2021-05-21,16612.0,155.0,0.0,0,414.94,0.0,1,5.17,3.62,SPY210528P00416000,416.0,0,0.0,0.0,,0.0,normalDay
2021-05-24,16612.0,401.0,0.0,0,419.17,0.0,1,5.17,1.16,SPY210528P00416000,416.0,0,0.0,0.0,,0.0,normalDay
2021-05-25,16612.0,381.0,0.0,0,418.24,0.0,1,5.17,1.36,SPY210528P00416000,416.0,0,0.0,0.0,,0.0,normalDay
2021-05-26,16612.0,450.0,0.0,0,419.07,0.0,1,5.17,0.67,SPY210528P00416000,416.0,0,0.0,0.0,,0.0,normalDay
2021-05-27,16612.0,502.0,0.0,0,419.29,0.0,1,5.17,0.15,SPY210528P00416000,416.0,0,0.0,0.0,,0.0,normalDay
2021-05-28,17129.0,0.0,517.0,0,420.04,0.0,1,5.17,0.0,SPY210528P00416000,416.0,0,0.0,0.0,,0.0,expirationDay
2021-06-01,17129.0,-3.0,0.0,0,419.67,0.0,1,3.68,3.71,SPY210618P00415000,415.0,0,0.0,0.0,,0.0,normalDay
2021-06-02,17129.0,55.0,0.0,0,420.33,0.0,1,3.68,3.13,SPY210618P00415000,415.0,0,0.0,0.0,,0.0,normalDay
2021-06-03,17129.0,1.0,0.0,0,418.77,0.0,1,3.68,3.67,SPY210618P00415000,415.0,0,0.0,0.0,,0.0,normalDay
2021-06-04,17129.0,157.0,0.0,0,422.6,0.0,1,3.68,2.11,SPY210618P00415000,415.0,0,0.0,0.0,,0.0,normalDay
2021-06-07,17129.0,201.0,0.0,0,422.19,0.0,1,3.68,1.67,SPY210618P00415000,415.0,0,0.0,0.0,,0.0,normalDay
2021-06-08,17129.0,189.0,0.0,0,422.28,0.0,1,3.68,1.79,SPY210618P00415000,415.0,0,0.0,0.0,,0.0,normalDay
2021-06-09,17129.0,165.0,0.0,0,421.65,0.0,1,3.68,2.03,SPY210618P00415000,415.0,0,0.0,0.0,,0.0,normalDay
2021-06-10,17129.0,270.0,0.0,0,423.61,0.0,1,3.68,0.98,SPY210618P00415000,415.0,0,0.0,0.0,,0.0,normalDay
2021-06-11,17129.0,297.0,0.0,0,424.31,0.0,1,3.68,0.71,SPY210618P00415000,415.0,0,0.0,0.0,,0.0,normalDay
2021-06-14,17129.0,317.0,0.0,0,425.26,0.0,1,3.68,0.51,SPY210618P00415000,415.0,0,0.0,0.0,,0.0,normalDay
2021-06-15,17129.0,305.0,0.0,0,424.48,0.0,1,3.68,0.63,SPY210618P00415000,415.0,0,0.0,0.0,,0.0,normalDay
2021-06-16,17129.0,280.0,0.0,0,422.11,0.0,1,3.68,0.88,SPY210618P00415000,415.0,0,0.0,0.0,,0.0,normalDay
2021-06-17,17129.0,336.0,0.0,0,421.97,0.0,1,3.68,0.32,SPY210618P00415000,415.0,0,0.0,0.0,,0.0,normalDay
2021-06-18,17497.0,-8.0,368.0,100,414.92,415.0,1,3.68,0.0,SPY210618P00415000,415.0,0,0.0,0.0,,0.0,expirationDay
2021-06-21,17497.0,583.0,0.0,100,420.86,415.0,0,0.0,0.0,,0.0,1,0.16,0.19,SPY210625C00427000,427.0,normalDay
2021-06-22,17497.0,798.0,0.0,100,423.11,415.0,0,0.0,0.0,,0.0,1,0.16,0.29,SPY210625C00427000,427.0,normalDay
2021-06-23,17497.0,764.0,0.0,100,422.6,415.0,0,0.0,0.0,,0.0,1,0.16,0.12,SPY210625C00427000,427.0,normalDay
2021-06-24,17497.0,1006.0,0.0,100,425.1,415.0,0,0.0,0.0,,0.0,1,0.16,0.2,SPY210625C00427000,427.0,normalDay
2021-06-25,17513.0,1161.0,16.0,100,426.61,415.0,0,0.0,0.0,,0.0,1,0.16,0.0,SPY210625C00427000,427.0,expirationDay
2021-06-28,17513.0,1244.0,0.0,100,427.47,415.0,0,0.0,0.0,,0.0,1,0.81,0.84,SPY210702C00429000,429.0,normalDay
2021-06-29,17513.0,1265.0,0.0,100,427.7,415.0,0,0.0,0.0,,0.0,1,0.81,0.86,SPY210702C00429000,429.0,normalDay
2021-06-30,17513.0,1290.0,0.0,100,428.06,415.0,0,0.0,0.0,,0.0,1,0.81,0.97,SPY210702C00429000,429.0,normalDay
2021-07-01,17513.0,1436.0,0.0,100,430.43,415.0,0,0.0,0.0,,0.0,1,0.81,1.88,SPY210702C00429000,429.0,normalDay
2021-07-02,18994.0,1436.0,1481.0,0,433.72,0.0,0,0.0,0.0,,0.0,1,0.81,0.0,SPY210702C00429000,429.0,expirationDay
2021-07-06,18994.0,-3.0,0.0,0,432.93,0.0,1,1.96,1.99,SPY210723P00424000,424.0,0,0.0,0.0,,0.0,normalDay
2021-07-07,18994.0,36.0,0.0,0,434.46,0.0,1,1.96,1.6,SPY210723P00424000,424.0,0,0.0,0.0,,0.0,normalDay
2021-07-08,18994.0,-95.0,0.0,0,430.92,0.0,1,1.96,2.91,SPY210723P00424000,424.0,0,0.0,0.0,,0.0,normalDay
2021-07-09,18994.0,69.0,0.0,0,435.52,0.0,1,1.96,1.27,SPY210723P00424000,424.0,0,0.0,0.0,,0.0,normalDay
2021-07-12,18994.0,111.0,0.0,0,437.08,0.0,1,1.96,0.85,SPY210723P00424000,424.0,0,0.0,0.0,,0.0,normalDay
2021-07-13,18994.0,85.0,0.0,0,435.59,0.0,1,1.96,1.11,SPY210723P00424000,424.0,0,0.0,0.0,,0.0,normalDay
2021-07-14,18994.0,128.0,0.0,0,436.24,0.0,1,1.96,0.68,SPY210723P00424000,424.0,0,0.0,0.0,,0.0,normalDay
2021-07-15,18994.0,111.0,0.0,0,434.75,0.0,1,1.96,0.85,SPY210723P00424000,424.0,0,0.0,0.0,,0.0,normalDay
2021-07-16,18994.0,67.0,0.0,0,431.34,0.0,1,1.96,1.29,SPY210723P00424000,424.0,0,0.0,0.0,,0.0,normalDay
2021-07-19,18994.0,-125.0,0.0,0,424.97,0.0,1,1.96,3.21,SPY210723P00424000,424.0,0,0.0,0.0,,0.0,normalDay
2021-07-20,18994.0,120.0,0.0,0,431.06,0.0,1,1.96,0.76,SPY210723P00424000,424.0,0,0.0,0.0,,0.0,normalDay
2021-07-21,18994.0,188.0,0.0,0,434.55,0.0,1,1.96,0.08,SPY210723P00424000,424.0,0,0.0,0.0,,0.0,normalDay
2021-07-22,18994.0,193.0,0.0,0,435.46,0.0,1,1.96,0.03,SPY210723P00424000,424.0,0,0.0,0.0,,0.0,normalDay
2021-07-23,19190.0,0.0,196.0,0,439.94,0.0,1,1.96,0.0,SPY210723P00424000,424.0,0,0.0,0.0,,0.0,expirationDay
2021-07-26,19190.0,-4.0,0.0,0,441.02,0.0,1,2.35,2.39,SPY210813P00432000,432.0,0,0.0,0.0,,0.0,normalDay
2021-07-27,19190.0,-98.0,0.0,0,439.01,0.0,1,2.35,3.33,SPY210813P00432000,432.0,0,0.0,0.0,,0.0,normalDay
2021-07-28,19190.0,-47.0,0.0,0,438.83,0.0,1,2.35,2.82,SPY210813P00432000,432.0,0,0.0,0.0,,0.0,normalDay
2021-07-29,19190.0,35.0,0.0,0,440.65,0.0,1,2.35,2.0,SPY210813P00432000,432.0,0,0.0,0.0,,0.0,normalDay
2021-07-30,19190.0,9.0,0.0,0,438.51,0.0,1,2.35,2.26,SPY210813P00432000,432.0,0,0.0,0.0,,0.0,normalDay
2021-08-02,19190.0,-7.0,0.0,0,437.59,0.0,1,2.35,2.42,SPY210813P00432000,432.0,0,0.0,0.0,,0.0,normalDay
2021-08-03,19190.0,114.0,0.0,0,441.15,0.0,1,2.35,1.21,SPY210813P00432000,432.0,0,0.0,0.0,,0.0,normalDay
2021-08-04,19190.0,102.0,0.0,0,438.98,0.0,1,2.35,1.33,SPY210813P00432000,432.0,0,0.0,0.0,,0.0,normalDay
2021-08-05,19190.0,156.0,0.0,0,441.76,0.0,1,2.35,0.79,SPY210813P00432000,432.0,0,0.0,0.0,,0.0,normalDay
2021-08-06,19190.0,204.0,0.0,0,442.49,0.0,1,2.35,0.31,SPY210813P00432000,432.0,0,0.0,0.0,,0.0,normalDay
2021-08-09,19190.0,213.0,0.0,0,442.13,0.0,1,2.35,0.22,SPY210813P00432000,432.0,0,0.0,0.0,,0.0,normalDay
2021-08-10,19190.0,216.0,0.0,0,442.68,0.0,1,2.35,0.19,SPY210813P00432000,432.0,0,0.0,0.0,,0.0,normalDay
2021-08-11,19190.0,227.0,0.0,0,443.78,0.0,1,2.35,0.08,SPY210813P00432000,432.0,0,0.0,0.0,,0.0,normalDay
2021-08-12,19190.0,230.0,0.0,0,445.11,0.0,1,2.35,0.05,SPY210813P00432000,432.0,0,0.0,0.0,,0.0,normalDay
2021-08-13,19425.0,0.0,235.0,0,445.92,0.0,1,2.35,0.0,SPY210813P00432000,432.0,0,0.0,0.0,,0.0,expirationDay
2021-08-16,19425.0,-4.0,0.0,0,446.97,0.0,1,2.27,2.31,SPY210903P00439000,439.0,0,0.0,0.0,,0.0,normalDay
2021-08-17,19425.0,-129.0,0.0,0,444.04,0.0,1,2.27,3.56,SPY210903P00439000,439.0,0,0.0,0.0,,0.0,normalDay
2021-08-18,19425.0,-372.0,0.0,0,439.18,0.0,1,2.27,5.99,SPY210903P00439000,439.0,0,0.0,0.0,,0.0,normalDay
2021-08-19,19425.0,-313.0,0.0,0,439.86,0.0,1,2.27,5.4,SPY210903P00439000,439.0,0,0.0,0.0,,0.0,normalDay
2021-08-20,19425.0,-83.0,0.0,0,443.36,0.0,1,2.27,3.1,SPY210903P00439000,439.0,0,0.0,0.0,,0.0,normalDay
2021-08-23,19425.0,88.0,0.0,0,447.26,0.0,1,2.27,1.39,SPY210903P00439000,439.0,0,0.0,0.0,,0.0,normalDay
2021-08-24,19425.0,106.0,0.0,0,447.97,0.0,1,2.27,1.21,SPY210903P00439000,439.0,0,0.0,0.0,,0.0,normalDay
2021-08-25,19425.0,142.0,0.0,0,448.91,0.0,1,2.27,0.85,SPY210903P00439000,439.0,0,0.0,0.0,,0.0,normalDay
2021-08-26,19425.0,64.0,0.0,0,446.26,0.0,1,2.27,1.63,SPY210903P00439000,439.0,0,0.0,0.0,,0.0,normalDay
2021-08-27,19425.0,182.0,0.0,0,450.25,0.0,1,2.27,0.45,SPY210903P00439000,439.0,0,0.0,0.0,,0.0,normalDay
2021-08-30,19425.0,212.0,0.0,0,452.23,0.0,1,2.27,0.15,SPY210903P00439000,439.0,0,0.0,0.0,,0.0,normalDay
2021-08-31,19425.0,213.0,0.0,0,451.56,0.0,1,2.27,0.14,SPY210903P00439000,439.0,0,0.0,0.0,,0.0,normalDay
2021-09-01,19425.0,221.0,0.0,0,451.8,0.0,1,2.27,0.06,SPY210903P00439000,439.0,0,0.0,0.0,,0.0,normalDay
2021-09-02,19425.0,223.0,0.0,0,453.19,0.0,1,2.27,0.04,SPY210903P00439000,439.0,0,0.0,0.0,,0.0,normalDay
2021-09-03,19652.0,0.0,227.0,0,453.08,0.0,1,2.27,0.0,SPY210903P00439000,439.0,0,0.0,0.0,,0.0,expirationDay
2021-09-07,19652.0,-3.0,0.0,0,451.46,0.0,1,3.42,3.45,SPY210924P00446000,446.0,0,0.0,0.0,,0.0,normalDay
2021-09-08,19652.0,-2.0,0.0,0,450.91,0.0,1,3.42,3.44,SPY210924P00446000,446.0,0,0.0,0.0,,0.0,normalDay
2021-09-09,19652.0,-100.0,0.0,0,448.98,0.0,1,3.42,4.42,SPY210924P00446000,446.0,0,0.0,0.0,,0.0,normalDay
2021-09-10,19652.0,-269.0,0.0,0,445.44,0.0,1,3.42,6.11,SPY210924P00446000,446.0,0,0.0,0.0,,0.0,normalDay
2021-09-13,19652.0,-124.0,0.0,0,446.58,0.0,1,3.42,4.66,SPY210924P00446000,446.0,0,0.0,0.0,,0.0,normalDay
2021-09-14,19652.0,-236.0,0.0,0,444.17,0.0,1,3.42,5.78,SPY210924P00446000,446.0,0,0.0,0.0,,0.0,normalDay
2021-09-15,19652.0,14.0,0.0,0,447.88,0.0,1,3.42,3.28,SPY210924P00446000,446.0,0,0.0,0.0,,0.0,normalDay
2021-09-16,19652.0,-21.0,0.0,0,447.17,0.0,1,3.42,3.63,SPY210924P00446000,446.0,0,0.0,0.0,,0.0,normalDay
2021-09-17,19652.0,-293.0,0.0,0,441.4,0.0,1,3.42,6.35,SPY210924P00446000,446.0,0,0.0,0.0,,0.0,normalDay
2021-09-20,19652.0,-904.0,0.0,0,434.04,0.0,1,3.42,12.46,SPY210924P00446000,446.0,0,0.0,0.0,,0.0,normalDay
2021-09-21,19652.0,-933.0,0.0,0,433.63,0.0,1,3.42,12.75,SPY210924P00446000,446.0,0,0.0,0.0,,0.0,normalDay
2021-09-22,19652.0,-477.0,0.0,0,437.86,0.0,1,3.42,8.19,SPY210924P00446000,446.0,0,0.0,0.0,,0.0,normalDay
2021-09-23,19652.0,23.0,0.0,0,443.18,0.0,1,3.42,3.19,SPY210924P00446000,446.0,0,0.0,0.0,,0.0,normalDay
2021-09-24,19994.0,-209.0,342.0,100,443.91,446.0,1,3.42,0.0,SPY210924P00446000,446.0,0,0.0,0.0,,0.0,expirationDay
2021-09-27,19994.0,-336.0,0.0,100,442.64,446.0,0,0.0,0.0,,0.0,0,0.0,0.0,,0.0,bidTooLow
2021-09-28,19994.0,-1228.0,0.0,100,433.72,446.0,0,0.0,0.0,,0.0,0,0.0,0.0,,0.0,bidTooLow
2021-09-29,19994.0,-1155.0,0.0,100,434.45,446.0,0,0.0,0.0,,0.0,0,0.0,0.0,,0.0,bidTooLow
2021-09-30,19994.0,-1686.0,0.0,100,429.14,446.0,0,0.0,0.0,,0.0,0,0.0,0.0,,0.0,bidTooLow
2021-10-01,19994.0,-1176.0,0.0,100,434.24,446.0,0,0.0,0.0,,0.0,0,0.0,0.0,,0.0,bidTooLow
2021-10-04,19994.0,-1736.0,0.0,100,428.64,446.0,0,0.0,0.0,,0.0,0,0.0,0.0,,0.0,bidTooLow
2021-10-05,19994.0,-1290.0,0.0,100,433.1,446.0,0,0.0,0.0,,0.0,0,0.0,0.0,,0.0,bidTooLow
2021-10-06,19994.0,-1110.0,0.0,100,434.9,446.0,0,0.0,0.0,,0.0,0,0.0,0.0,,0.0,bidTooLow
2021-10-07,19994.0,-737.0,0.0,100,438.66,446.0,0,0.0,0.0,,0.0,1,0.05,0.08,SPY211013C00453000,453.0,normalDay
2021-10-08,19994.0,-811.0,0.0,100,437.86,446.0,0,0.0,0.0,,0.0,1,0.05,0.02,SPY211013C00453000,453.0,normalDay
2021-10-11,19994.0,-1128.0,0.0,100,434.69,446.0,0,0.0,0.0,,0.0,1,0.05,0.02,SPY211013C00453000,453.0,normalDay
2021-10-12,19994.0,-1234.0,0.0,100,433.62,446.0,0,0.0,0.0,,0.0,1,0.05,0.01,SPY211013C00453000,453.0,normalDay
2021-10-13,19999.0,-1082.0,5.0,100,435.18,446.0,0,0.0,0.0,,0.0,1,0.05,0.0,SPY211013C00453000,453.0,expirationDay
2021-10-14,19999.0,-353.0,0.0,100,442.5,446.0,0,0.0,0.0,,0.0,1,0.68,0.71,SPY211020C00447000,447.0,normalDay
2021-10-15,19999.0,-88.0,0.0,100,445.87,446.0,0,0.0,0.0,,0.0,1,0.68,1.43,SPY211020C00447000,447.0,normalDay
2021-10-18,19999.0,22.0,0.0,100,447.19,446.0,0,0.0,0.0,,0.0,1,0.68,1.65,SPY211020C00447000,447.0,normalDay
2021-10-19,19999.0,109.0,0.0,100,450.64,446.0,0,0.0,0.0,,0.0,1,0.68,4.23,SPY211020C00447000,447.0,normalDay
2021-10-20,20167.0,109.0,168.0,0,452.41,0.0,0,0.0,0.0,,0.0,1,0.68,0.0,SPY211020C00447000,447.0,expirationDay
2021-10-21,20167.0,-3.0,0.0,0,453.59,0.0,1,1.09,1.12,SPY211108P00437000,437.0,0,0.0,0.0,,0.0,normalDay
2021-10-22,20167.0,-5.0,0.0,0,453.12,0.0,1,1.09,1.14,SPY211108P00437000,437.0,0,0.0,0.0,,0.0,normalDay
2021-10-25,20167.0,36.0,0.0,0,455.55,0.0,1,1.09,0.73,SPY211108P00437000,437.0,0,0.0,0.0,,0.0,normalDay
2021-10-26,20167.0,36.0,0.0,0,455.96,0.0,1,1.09,0.73,SPY211108P00437000,437.0,0,0.0,0.0,,0.0,normalDay
2021-10-27,20167.0,20.0,0.0,0,453.94,0.0,1,1.09,0.89,SPY211108P00437000,437.0,0,0.0,0.0,,0.0,normalDay
2021-10-28,20167.0,61.0,0.0,0,458.32,0.0,1,1.09,0.48,SPY211108P00437000,437.0,0,0.0,0.0,,0.0,normalDay
2021-10-29,20167.0,78.0,0.0,0,459.25,0.0,1,1.09,0.31,SPY211108P00437000,437.0,0,0.0,0.0,,0.0,normalDay
2021-11-01,20167.0,92.0,0.0,0,460.04,0.0,1,1.09,0.17,SPY211108P00437000,437.0,0,0.0,0.0,,0.0,normalDay
2021-11-02,20167.0,96.0,0.0,0,461.9,0.0,1,1.09,0.13,SPY211108P00437000,437.0,0,0.0,0.0,,0.0,normalDay
2021-11-03,20167.0,104.0,0.0,0,464.72,0.0,1,1.09,0.05,SPY211108P00437000,437.0,0,0.0,0.0,,0.0,normalDay
2021-11-04,20167.0,105.0,0.0,0,466.91,0.0,1,1.09,0.04,SPY211108P00437000,437.0,0,0.0,0.0,,0.0,normalDay
2021-11-05,20167.0,107.0,0.0,0,468.53,0.0,1,1.09,0.02,SPY211108P00437000,437.0,0,0.0,0.0,,0.0,normalDay
2021-11-08,20276.0,0.0,109.0,0,468.93,0.0,1,1.09,0.0,SPY211108P00437000,437.0,0,0.0,0.0,,0.0,expirationDay
2021-11-09,20276.0,-4.0,0.0,0,467.38,0.0,1,1.9,1.94,SPY211126P00453000,453.0,0,0.0,0.0,,0.0,normalDay
2021-11-10,20276.0,-61.0,0.0,0,463.62,0.0,1,1.9,2.51,SPY211126P00453000,453.0,0,0.0,0.0,,0.0,normalDay
2021-11-11,20276.0,-5.0,0.0,0,463.77,0.0,1,1.9,1.95,SPY211126P00453000,453.0,0,0.0,0.0,,0.0,normalDay
2021-11-12,20276.0,94.0,0.0,0,467.27,0.0,1,1.9,0.96,SPY211126P00453000,453.0,0,0.0,0.0,,0.0,normalDay
2021-11-15,20276.0,122.0,0.0,0,467.43,0.0,1,1.9,0.68,SPY211126P00453000,453.0,0,0.0,0.0,,0.0,normalDay
2021-11-16,20276.0,142.0,0.0,0,469.28,0.0,1,1.9,0.48,SPY211126P00453000,453.0,0,0.0,0.0,,0.0,normalDay
2021-11-17,20276.0,149.0,0.0,0,468.14,0.0,1,1.9,0.41,SPY211126P00453000,453.0,0,0.0,0.0,,0.0,normalDay
2021-11-18,20276.0,158.0,0.0,0,469.73,0.0,1,1.9,0.32,SPY211126P00453000,453.0,0,0.0,0.0,,0.0,normalDay
2021-11-19,20276.0,167.0,0.0,0,468.89,0.0,1,1.9,0.23,SPY211126P00453000,453.0,0,0.0,0.0,,0.0,normalDay
2021-11-22,20276.0,171.0,0.0,0,467.57,0.0,1,1.9,0.19,SPY211126P00453000,453.0,0,0.0,0.0,,0.0,normalDay
2021-11-23,20276.0,178.0,0.0,0,468.19,0.0,1,1.9,0.12,SPY211126P00453000,453.0,0,0.0,0.0,,0.0,normalDay
2021-11-24,20276.0,186.0,0.0,0,469.44,0.0,1,1.9,0.04,SPY211126P00453000,453.0,0,0.0,0.0,,0.0,normalDay
2021-11-26,20466.0,0.0,190.0,0,458.97,0.0,1,1.9,0.0,SPY211126P00453000,453.0,0,0.0,0.0,,0.0,expirationDay
2021-11-29,20466.0,-4.0,0.0,0,464.6,0.0,1,7.9,7.94,SPY211217P00465000,465.0,0,0.0,0.0,,0.0,normalDay
2021-11-30,20466.0,-463.0,0.0,0,455.56,0.0,1,7.9,12.53,SPY211217P00465000,465.0,0,0.0,0.0,,0.0,normalDay
2021-12-01,20466.0,-1080.0,0.0,0,450.5,0.0,1,7.9,18.7,SPY211217P00465000,465.0,0,0.0,0.0,,0.0,normalDay
2021-12-02,20466.0,-491.0,0.0,0,457.4,0.0,1,7.9,12.81,SPY211217P00465000,465.0,0,0.0,0.0,,0.0,normalDay
2021-12-03,20466.0,-787.0,0.0,0,453.42,0.0,1,7.9,15.77,SPY211217P00465000,465.0,0,0.0,0.0,,0.0,normalDay
2021-12-06,20466.0,-284.0,0.0,0,458.79,0.0,1,7.9,10.74,SPY211217P00465000,465.0,0,0.0,0.0,,0.0,normalDay
2021-12-07,20466.0,330.0,0.0,0,468.28,0.0,1,7.9,4.6,SPY211217P00465000,465.0,0,0.0,0.0,,0.0,normalDay
2021-12-08,20466.0,451.0,0.0,0,469.52,0.0,1,7.9,3.39,SPY211217P00465000,465.0,0,0.0,0.0,,0.0,normalDay
2021-12-09,20466.0,309.0,0.0,0,466.35,0.0,1,7.9,4.81,SPY211217P00465000,465.0,0,0.0,0.0,,0.0,normalDay
2021-12-10,20466.0,571.0,0.0,0,470.74,0.0,1,7.9,2.19,SPY211217P00465000,465.0,0,0.0,0.0,,0.0,normalDay
2021-12-13,20466.0,425.0,0.0,0,466.57,0.0,1,7.9,3.65,SPY211217P00465000,465.0,0,0.0,0.0,,0.0,normalDay
2021-12-14,20466.0,265.0,0.0,0,463.36,0.0,1,7.9,5.25,SPY211217P00465000,465.0,0,0.0,0.0,,0.0,normalDay
2021-12-15,20466.0,684.0,0.0,0,470.6,0.0,1,7.9,1.06,SPY211217P00465000,465.0,0,0.0,0.0,,0.0,normalDay
2021-12-16,20466.0,592.0,0.0,0,466.45,0.0,1,7.9,1.98,SPY211217P00465000,465.0,0,0.0,0.0,,0.0,normalDay
2021-12-17,21256.0,-513.0,790.0,100,459.87,465.0,1,7.9,0.0,SPY211217P00465000,465.0,0,0.0,0.0,,0.0,expirationDay
2021-12-20,21256.0,-1002.0,0.0,100,454.98,465.0,0,0.0,0.0,,0.0,0,0.0,0.0,,0.0,bidTooLow
2021-12-21,21256.0,-197.0,0.0,100,463.06,465.0,0,0.0,0.0,,0.0,1,0.04,0.07,SPY211227C00477000,477.0,normalDay
2021-12-22,21256.0,268.0,0.0,100,467.69,465.0,0,0.0,0.0,,0.0,1,0.04,0.05,SPY211227C00477000,477.0,normalDay
2021-12-23,21256.0,557.0,0.0,100,470.6,465.0,0,0.0,0.0,,0.0,1,0.04,0.07,SPY211227C00477000,477.0,normalDay
2021-12-27,22460.0,557.0,1204.0,0,477.26,0.0,0,0.0,0.0,,0.0,1,0.04,0.0,SPY211227C00477000,477.0,expirationDay
2021-12-28,22460.0,-4.0,0.0,0,476.87,0.0,1,1.71,1.75,SPY220114P00462000,462.0,0,0.0,0.0,,0.0,normalDay
2021-12-29,22460.0,36.0,0.0,0,477.48,0.0,1,1.71,1.35,SPY220114P00462000,462.0,0,0.0,0.0,,0.0,normalDay
2021-12-30,22460.0,16.0,0.0,0,476.16,0.0,1,1.71,1.55,SPY220114P00462000,462.0,0,0.0,0.0,,0.0,normalDay
2021-12-31,22460.0,26.0,0.0,0,474.96,0.0,1,1.71,1.45,SPY220114P00462000,462.0,0,0.0,0.0,,0.0,normalDay
2022-01-03,22460.0,94.0,0.0,0,477.71,0.0,1,1.71,0.77,SPY220114P00462000,462.0,0,0.0,0.0,,0.0,normalDay
2022-01-04,22460.0,96.0,0.0,0,477.55,0.0,1,1.71,0.75,SPY220114P00462000,462.0,0,0.0,0.0,,0.0,normalDay
2022-01-05,22460.0,-96.0,0.0,0,468.38,0.0,1,1.71,2.67,SPY220114P00462000,462.0,0,0.0,0.0,,0.0,normalDay
2022-01-06,22460.0,-66.0,0.0,0,467.94,0.0,1,1.71,2.37,SPY220114P00462000,462.0,0,0.0,0.0,,0.0,normalDay
2022-01-07,22460.0,-34.0,0.0,0,466.09,0.0,1,1.71,2.05,SPY220114P00462000,462.0,0,0.0,0.0,,0.0,normalDay
2022-01-10,22460.0,-48.0,0.0,0,465.51,0.0,1,1.71,2.19,SPY220114P00462000,462.0,0,0.0,0.0,,0.0,normalDay
2022-01-11,22460.0,86.0,0.0,0,469.75,0.0,1,1.71,0.85,SPY220114P00462000,462.0,0,0.0,0.0,,0.0,normalDay
2022-01-12,22460.0,140.0,0.0,0,471.02,0.0,1,1.71,0.31,SPY220114P00462000,462.0,0,0.0,0.0,,0.0,normalDay
2022-01-13,22460.0,60.0,0.0,0,464.53,0.0,1,1.71,1.11,SPY220114P00462000,462.0,0,0.0,0.0,,0.0,normalDay
2022-01-14,22631.0,0.0,171.0,0,464.72,0.0,1,1.71,0.0,SPY220114P00462000,462.0,0,0.0,0.0,,0.0,expirationDay
2022-01-18,22631.0,-14.0,0.0,0,456.49,0.0,1,13.58,13.72,SPY220204P00467000,467.0,0,0.0,0.0,,0.0,normalDay
2022-01-19,22631.0,-301.0,0.0,0,451.75,0.0,1,13.58,16.59,SPY220204P00467000,467.0,0,0.0,0.0,,0.0,normalDay
2022-01-20,22631.0,-799.0,0.0,0,446.75,0.0,1,13.58,21.57,SPY220204P00467000,467.0,0,0.0,0.0,,0.0,normalDay
2022-01-21,22631.0,-1566.0,0.0,0,437.98,0.0,1,13.58,29.24,SPY220204P00467000,467.0,0,0.0,0.0,,0.0,normalDay
2022-01-24,22631.0,-1528.0,0.0,0,439.84,0.0,1,13.58,28.86,SPY220204P00467000,467.0,0,0.0,0.0,,0.0,normalDay
2022-01-25,22631.0,-2095.0,0.0,0,434.47,0.0,1,13.58,34.53,SPY220204P00467000,467.0,0,0.0,0.0,,0.0,normalDay
2022-01-26,22631.0,-2095.0,0.0,0,433.38,0.0,1,13.58,34.53,SPY220204P00467000,467.0,0,0.0,0.0,,0.0,normalDay
2022-01-27,22631.0,-2186.0,0.0,0,431.24,0.0,1,13.58,35.44,SPY220204P00467000,467.0,0,0.0,0.0,,0.0,normalDay
2022-01-28,22631.0,-1197.0,0.0,0,441.95,0.0,1,13.58,25.55,SPY220204P00467000,467.0,0,0.0,0.0,,0.0,normalDay
2022-01-31,22631.0,-482.0,0.0,0,449.91,0.0,1,13.58,18.4,SPY220204P00467000,467.0,0,0.0,0.0,,0.0,normalDay
2022-02-01,22631.0,-37.0,0.0,0,452.95,0.0,1,13.58,13.95,SPY220204P00467000,467.0,0,0.0,0.0,,0.0,normalDay
2022-02-02,22631.0,165.0,0.0,0,457.35,0.0,1,13.58,11.93,SPY220204P00467000,467.0,0,0.0,0.0,,0.0,normalDay
2022-02-03,22631.0,-373.0,0.0,0,446.6,0.0,1,13.58,17.31,SPY220204P00467000,467.0,0,0.0,0.0,,0.0,normalDay
2022-02-04,23989.0,-1830.0,1358.0,100,448.7,467.0,1,13.58,0.0,SPY220204P00467000,467.0,0,0.0,0.0,,0.0,expirationDay
2022-02-07,23989.0,-1974.0,0.0,100,447.26,467.0,0,0.0,0.0,,0.0,0,0.0,0.0,,0.0,bidTooLow
2022-02-08,23989.0,-1606.0,0.0,100,450.94,467.0,0,0.0,0.0,,0.0,0,0.0,0.0,,0.0,bidTooLow
2022-02-09,23989.0,-949.0,0.0,100,457.54,467.0,0,0.0,0.0,,0.0,1,0.04,0.07,SPY220214C00474000,474.0,normalDay
2022-02-10,23989.0,-1766.0,0.0,100,449.32,467.0,0,0.0,0.0,,0.0,1,0.04,0.02,SPY220214C00474000,474.0,normalDay
2022-02-11,23989.0,-2651.0,0.0,100,440.46,467.0,0,0.0,0.0,,0.0,1,0.04,0.01,SPY220214C00474000,474.0,normalDay
2022-02-14,23993.0,-2798.0,4.0,100,439.02,467.0,0,0.0,0.0,,0.0,1,0.04,0.0,SPY220214C00474000,474.0,expirationDay
2022-02-15,23993.0,-2093.0,0.0,100,446.1,467.0,0,0.0,0.0,,0.0,1,0.04,0.07,SPY220218C00463000,463.0,normalDay
2022-02-16,23993.0,-2039.0,0.0,100,446.6,467.0,0,0.0,0.0,,0.0,1,0.04,0.03,SPY220218C00463000,463.0,normalDay
2022-02-17,23993.0,-2991.0,0.0,100,437.06,467.0,0,0.0,0.0,,0.0,1,0.04,0.01,SPY220218C00463000,463.0,normalDay
2022-02-18,23997.0,-3277.0,4.0,100,434.23,467.0,0,0.0,0.0,,0.0,1,0.04,0.0,SPY220218C00463000,463.0,expirationDay
2022-02-22,23997.0,-3743.0,0.0,100,429.57,467.0,0,0.0,0.0,,0.0,0,0.0,0.0,,0.0,bidTooLow
2022-02-23,23997.0,-4505.0,0.0,100,421.95,467.0,0,0.0,0.0,,0.0,0,0.0,0.0,,0.0,bidTooLow
2022-02-24,23997.0,-3870.0,0.0,100,428.3,467.0,0,0.0,0.0,,0.0,0,0.0,0.0,,0.0,bidTooLow
2022-02-25,23997.0,-2925.0,0.0,100,437.75,467.0,0,0.0,0.0,,0.0,0,0.0,0.0,,0.0,bidTooLow
2022-02-28,23997.0,-3040.0,0.0,100,436.63,467.0,0,0.0,0.0,,0.0,1,0.01,0.04,SPY220304C00465000,465.0,normalDay
2022-03-01,23997.0,-3703.0,0.0,100,429.98,467.0,0,0.0,0.0,,0.0,1,0.01,0.02,SPY220304C00465000,465.0,normalDay
2022-03-02,23997.0,-2911.0,0.0,100,437.89,467.0,0,0.0,0.0,,0.0,1,0.01,0.01,SPY220304C00465000,465.0,normalDay
2022-03-03,23997.0,-3129.0,0.0,100,435.71,467.0,0,0.0,0.0,,0.0,1,0.01,0.01,SPY220304C00465000,465.0,normalDay
2022-03-04,23998.0,-3483.0,1.0,100,432.17,467.0,0,0.0,0.0,,0.0,1,0.01,0.0,SPY220304C00465000,465.0,expirationDay
2022-03-07,23998.0,-4757.0,0.0,100,419.43,467.0,0,0.0,0.0,,0.0,0,0.0,0.0,,0.0,bidTooLow
2022-03-08,23998.0,-5075.0,0.0,100,416.25,467.0,0,0.0,0.0,,0.0,0,0.0,0.0,,0.0,bidTooLow
2022-03-09,23998.0,-3959.0,0.0,100,427.41,467.0,0,0.0,0.0,,0.0,0,0.0,0.0,,0.0,bidTooLow
2022-03-10,23998.0,-4155.0,0.0,100,425.48,467.0,0,0.0,0.0,,0.0,1,0.02,0.05,SPY220316C00454000,454.0,normalDay
2022-03-11,23998.0,-4693.0,0.0,100,420.07,467.0,0,0.0,0.0,,0.0,1,0.02,0.02,SPY220316C00454000,454.0,normalDay
2022-03-14,23998.0,-4999.0,0.0,100,417.0,467.0,0,0.0,0.0,,0.0,1,0.02,0.01,SPY220316C00454000,454.0,normalDay
2022-03-15,23998.0,-4082.0,0.0,100,426.17,467.0,0,0.0,0.0,,0.0,1,0.02,0.01,SPY220316C00454000,454.0,normalDay
2022-03-16,24000.0,-3138.0,2.0,100,435.62,467.0,0,0.0,0.0,,0.0,1,0.02,0.0,SPY220316C00454000,454.0,expirationDay
2022-03-17,24000.0,-2597.0,0.0,100,441.07,467.0,0,0.0,0.0,,0.0,1,1.26,1.3,SPY220323C00447000,447.0,normalDay
2022-03-18,24000.0,-2395.0,0.0,100,444.52,467.0,0,0.0,0.0,,0.0,1,1.26,2.73,SPY220323C00447000,447.0,normalDay
2022-03-21,24000.0,-2297.0,0.0,100,444.39,467.0,0,0.0,0.0,,0.0,1,1.26,1.62,SPY220323C00447000,447.0,normalDay
2022-03-22,24000.0,-1977.0,0.0,100,449.59,467.0,0,0.0,0.0,,0.0,1,1.26,3.62,SPY220323C00447000,447.0,normalDay
2022-03-23,24126.0,-2320.0,126.0,100,443.8,467.0,0,0.0,0.0,,0.0,1,1.26,0.0,SPY220323C00447000,447.0,expirationDay
2022-03-24,24126.0,-1654.0,0.0,100,450.49,467.0,0,0.0,0.0,,0.0,1,0.88,0.91,SPY220330C00458000,458.0,normalDay
2022-03-25,24126.0,-1430.0,0.0,100,452.69,467.0,0,0.0,0.0,,0.0,1,0.88,0.87,SPY220330C00458000,458.0,normalDay
2022-03-28,24126.0,-1137.0,0.0,100,455.91,467.0,0,0.0,0.0,,0.0,1,0.88,1.16,SPY220330C00458000,458.0,normalDay
2022-03-29,24126.0,-831.0,0.0,100,461.55,467.0,0,0.0,0.0,,0.0,1,0.88,3.74,SPY220330C00458000,458.0,normalDay
2022-03-30,23314.0,-831.0,-812.0,0,458.7,0.0,0,0.0,0.0,,0.0,1,0.88,0.0,SPY220330C00458000,458.0,expirationDay
2022-03-31,23314.0,-6.0,0.0,0,451.64,0.0,1,1.86,1.92,SPY220418P00434000,434.0,0,0.0,0.0,,0.0,normalDay
2022-04-01,23314.0,58.0,0.0,0,452.92,0.0,1,1.86,1.28,SPY220418P00434000,434.0,0,0.0,0.0,,0.0,normalDay
2022-04-04,23314.0,129.0,0.0,0,456.8,0.0,1,1.86,0.57,SPY220418P00434000,434.0,0,0.0,0.0,,0.0,normalDay
2022-04-05,23314.0,65.0,0.0,0,451.03,0.0,1,1.86,1.21,SPY220418P00434000,434.0,0,0.0,0.0,,0.0,normalDay
2022-04-06,23314.0,7.0,0.0,0,446.52,0.0,1,1.86,1.79,SPY220418P00434000,434.0,0,0.0,0.0,,0.0,normalDay
2022-04-07,23314.0,58.0,0.0,0,448.77,0.0,1,1.86,1.28,SPY220418P00434000,434.0,0,0.0,0.0,,0.0,normalDay
2022-04-08,23314.0,85.0,0.0,0,447.57,0.0,1,1.86,1.01,SPY220418P00434000,434.0,0,0.0,0.0,,0.0,normalDay
2022-04-11,23314.0,-60.0,0.0,0,439.92,0.0,1,1.86,2.46,SPY220418P00434000,434.0,0,0.0,0.0,,0.0,normalDay
2022-04-12,23314.0,-38.0,0.0,0,438.29,0.0,1,1.86,2.24,SPY220418P00434000,434.0,0,0.0,0.0,,0.0,normalDay
2022-04-13,23314.0,130.0,0.0,0,443.31,0.0,1,1.86,0.56,SPY220418P00434000,434.0,0,0.0,0.0,,0.0,normalDay
2022-04-14,23314.0,89.0,0.0,0,437.79,0.0,1,1.86,0.97,SPY220418P00434000,434.0,0,0.0,0.0,,0.0,normalDay
2022-04-18,23500.0,0.0,186.0,0,437.97,0.0,1,1.86,0.0,SPY220418P00434000,434.0,0,0.0,0.0,,0.0,expirationDay
2022-04-19,23500.0,-8.0,0.0,0,445.04,0.0,1,8.41,8.49,SPY220506P00446000,446.0,0,0.0,0.0,,0.0,normalDay
2022-04-20,23500.0,156.0,0.0,0,444.71,0.0,1,8.41,6.85,SPY220506P00446000,446.0,0,0.0,0.0,,0.0,normalDay
2022-04-21,23500.0,-326.0,0.0,0,438.06,0.0,1,8.41,11.67,SPY220506P00446000,446.0,0,0.0,0.0,,0.0,normalDay
2022-04-22,23500.0,-1370.0,0.0,0,426.04,0.0,1,8.41,22.11,SPY220506P00446000,446.0,0,0.0,0.0,,0.0,normalDay
2022-04-25,23500.0,-1024.0,0.0,0,428.51,0.0,1,8.41,18.65,SPY220506P00446000,446.0,0,0.0,0.0,,0.0,normalDay
2022-04-26,23500.0,-2318.0,0.0,0,416.1,0.0,1,8.41,31.59,SPY220506P00446000,446.0,0,0.0,0.0,,0.0,normalDay
2022-04-27,23500.0,-1979.0,0.0,0,417.27,0.0,1,8.41,28.2,SPY220506P00446000,446.0,0,0.0,0.0,,0.0,normalDay
2022-04-28,23500.0,-1249.0,0.0,0,427.81,0.0,1,8.41,20.9,SPY220506P00446000,446.0,0,0.0,0.0,,0.0,normalDay
2022-04-29,23500.0,-2493.0,0.0,0,412.0,0.0,1,8.41,33.34,SPY220506P00446000,446.0,0,0.0,0.0,,0.0,normalDay
2022-05-02,23500.0,-2298.0,0.0,0,414.48,0.0,1,8.41,31.39,SPY220506P00446000,446.0,0,0.0,0.0,,0.0,normalDay
2022-05-03,23500.0,-2057.0,0.0,0,416.38,0.0,1,8.41,28.98,SPY220506P00446000,446.0,0,0.0,0.0,,0.0,normalDay
2022-05-04,23500.0,-905.0,0.0,0,429.06,0.0,1,8.41,17.46,SPY220506P00446000,446.0,0,0.0,0.0,,0.0,normalDay
2022-05-05,23500.0,-2392.0,0.0,0,413.81,0.0,1,8.41,32.33,SPY220506P00446000,446.0,0,0.0,0.0,,0.0,normalDay
2022-05-06,24341.0,-3466.0,841.0,100,411.34,446.0,1,8.41,0.0,SPY220506P00446000,446.0,0,0.0,0.0,,0.0,expirationDay
2022-05-09,24341.0,-4783.0,0.0,100,398.17,446.0,0,0.0,0.0,,0.0,0,0.0,0.0,,0.0,bidTooLow
2022-05-10,24341.0,-4691.0,0.0,100,399.09,446.0,0,0.0,0.0,,0.0,0,0.0,0.0,,0.0,bidTooLow
2022-05-11,24341.0,-5325.0,0.0,100,392.75,446.0,0,0.0,0.0,,0.0,0,0.0,0.0,,0.0,bidTooLow
2022-05-12,24341.0,-5366.0,0.0,100,392.34,446.0,0,0.0,0.0,,0.0,0,0.0,0.0,,0.0,bidTooLow
2022-05-13,24341.0,-4428.0,0.0,100,401.72,446.0,0,0.0,0.0,,0.0,0,0.0,0.0,,0.0,bidTooLow
2022-05-16,24341.0,-4591.0,0.0,100,400.09,446.0,0,0.0,0.0,,0.0,0,0.0,0.0,,0.0,bidTooLow
2022-05-17,24341.0,-3768.0,0.0,100,408.32,446.0,0,0.0,0.0,,0.0,0,0.0,0.0,,0.0,bidTooLow
2022-05-18,24341.0,-5414.0,0.0,100,391.86,446.0,0,0.0,0.0,,0.0,0,0.0,0.0,,0.0,bidTooLow
2022-05-19,24341.0,-5654.0,0.0,100,389.46,446.0,0,0.0,0.0,,0.0,0,0.0,0.0,,0.0,bidTooLow
2022-05-20,24341.0,-5637.0,0.0,100,389.63,446.0,0,0.0,0.0,,0.0,0,0.0,0.0,,0.0,bidTooLow
2022-05-23,24341.0,-4908.0,0.0,100,396.92,446.0,0,0.0,0.0,,0.0,0,0.0,0.0,,0.0,bidTooLow
2022-05-24,24341.0,-5211.0,0.0,100,393.89,446.0,0,0.0,0.0,,0.0,0,0.0,0.0,,0.0,bidTooLow
2022-05-25,24341.0,-4863.0,0.0,100,397.37,446.0,0,0.0,0.0,,0.0,0,0.0,0.0,,0.0,bidTooLow
2022-05-26,24341.0,-4072.0,0.0,100,405.31,446.0,0,0.0,0.0,,0.0,1,0.03,0.06,SPY220601C00427000,427.0,normalDay
2022-05-27,24341.0,-3095.0,0.0,100,415.26,446.0,0,0.0,0.0,,0.0,1,0.03,0.24,SPY220601C00427000,427.0,normalDay
2022-05-31,24341.0,-3307.0,0.0,100,412.93,446.0,0,0.0,0.0,,0.0,1,0.03,0.03,SPY220601C00427000,427.0,normalDay
2022-06-01,24344.0,-3641.0,3.0,100,409.59,446.0,0,0.0,0.0,,0.0,1,0.03,0.0,SPY220601C00427000,427.0,expirationDay
2022-06-02,24344.0,-2864.0,0.0,100,417.39,446.0,0,0.0,0.0,,0.0,1,1.96,1.99,SPY220608C00423000,423.0,normalDay
2022-06-03,24344.0,-3383.0,0.0,100,410.54,446.0,0,0.0,0.0,,0.0,1,1.96,0.33,SPY220608C00423000,423.0,normalDay
2022-06-06,24344.0,-3240.0,0.0,100,411.79,446.0,0,0.0,0.0,,0.0,1,1.96,0.15,SPY220608C00423000,423.0,normalDay
2022-06-07,24344.0,-2839.0,0.0,100,415.74,446.0,0,0.0,0.0,,0.0,1,1.96,0.09,SPY220608C00423000,423.0,normalDay
2022-06-08,24540.0,-3478.0,196.0,100,411.22,446.0,0,0.0,0.0,,0.0,1,1.96,0.0,SPY220608C00423000,423.0,expirationDay
2022-06-09,24540.0,-4459.0,0.0,100,401.44,446.0,0,0.0,0.0,,0.0,1,0.19,0.22,SPY220615C00425000,425.0,normalDay
2022-06-10,24540.0,-5605.0,0.0,100,389.8,446.0,0,0.0,0.0,,0.0,1,0.19,0.04,SPY220615C00425000,425.0,normalDay
2022-06-13,24540.0,-7083.0,0.0,100,375.0,446.0,0,0.0,0.0,,0.0,1,0.19,0.02,SPY220615C00425000,425.0,normalDay
2022-06-14,24540.0,-7195.0,0.0,100,373.87,446.0,0,0.0,0.0,,0.0,1,0.19,0.01,SPY220615C00425000,425.0,normalDay
2022-06-15,24559.0,-6680.0,19.0,100,379.2,446.0,0,0.0,0.0,,0.0,1,0.19,0.0,SPY220615C00425000,425.0,expirationDay
2022-06-16,24559.0,-7935.0,0.0,100,366.65,446.0,0,0.0,0.0,,0.0,0,0.0,0.0,,0.0,bidTooLow
2022-06-17,24559.0,-8014.0,0.0,100,365.86,446.0,0,0.0,0.0,,0.0,0,0.0,0.0,,0.0,bidTooLow
2022-06-21,24559.0,-7093.0,0.0,100,375.07,446.0,0,0.0,0.0,,0.0,0,0.0,0.0,,0.0,bidTooLow
2022-06-22,24559.0,-7161.0,0.0,100,374.39,446.0,0,0.0,0.0,,0.0,0,0.0,0.0,,0.0,bidTooLow
2022-06-23,24559.0,-6794.0,0.0,100,378.06,446.0,0,0.0,0.0,,0.0,0,0.0,0.0,,0.0,bidTooLow
2022-06-24,24559.0,-5592.0,0.0,100,390.08,446.0,0,0.0,0.0,,0.0,0,0.0,0.0,,0.0,bidTooLow
2022-06-27,24559.0,-5741.0,0.0,100,388.59,446.0,0,0.0,0.0,,0.0,0,0.0,0.0,,0.0,bidTooLow
2022-06-28,24559.0,-6535.0,0.0,100,380.65,446.0,0,0.0,0.0,,0.0,0,0.0,0.0,,0.0,bidTooLow
2022-06-29,24559.0,-6566.0,0.0,100,380.34,446.0,0,0.0,0.0,,0.0,0,0.0,0.0,,0.0,bidTooLow
2022-06-30,24559.0,-6875.0,0.0,100,377.25,446.0,0,0.0,0.0,,0.0,0,0.0,0.0,,0.0,bidTooLow
2022-07-01,24559.0,-6476.0,0.0,100,381.24,446.0,0,0.0,0.0,,0.0,0,0.0,0.0,,0.0,bidTooLow
2022-07-05,24559.0,-6404.0,0.0,100,381.96,446.0,0,0.0,0.0,,0.0,0,0.0,0.0,,0.0,bidTooLow
2022-07-06,24559.0,-6275.0,0.0,100,383.25,446.0,0,0.0,0.0,,0.0,0,0.0,0.0,,0.0,bidTooLow
2022-07-07,24559.0,-5704.0,0.0,100,388.99,446.0,0,0.0,0.0,,0.0,1,0.09,0.12,SPY220713C00408000,408.0,normalDay
2022-07-08,24559.0,-5728.0,0.0,100,388.67,446.0,0,0.0,0.0,,0.0,1,0.09,0.04,SPY220713C00408000,408.0,normalDay
2022-07-11,24559.0,-6169.0,0.0,100,384.23,446.0,0,0.0,0.0,,0.0,1,0.09,0.01,SPY220713C00408000,408.0,normalDay
2022-07-12,24559.0,-6509.0,0.0,100,380.83,446.0,0,0.0,0.0,,0.0,1,0.09,0.01,SPY220713C00408000,408.0,normalDay
2022-07-13,24568.0,-6717.0,9.0,100,378.83,446.0,0,0.0,0.0,,0.0,1,0.09,0.0,SPY220713C00408000,408.0,expirationDay
2022-07-14,24568.0,-6812.0,0.0,100,377.91,446.0,0,0.0,0.0,,0.0,1,0.15,0.18,SPY220720C00395000,395.0,normalDay
2022-07-15,24568.0,-6103.0,0.0,100,385.13,446.0,0,0.0,0.0,,0.0,1,0.15,0.31,SPY220720C00395000,395.0,normalDay
2022-07-18,24568.0,-6396.0,0.0,100,381.95,446.0,0,0.0,0.0,,0.0,1,0.15,0.06,SPY220720C00395000,395.0,normalDay
2022-07-19,24568.0,-5461.0,0.0,100,392.27,446.0,0,0.0,0.0,,0.0,1,0.15,1.03,SPY220720C00395000,395.0,normalDay
2022-07-20,24583.0,-5123.0,15.0,100,394.77,446.0,0,0.0,0.0,,0.0,1,0.15,0.0,SPY220720C00395000,395.0,expirationDay
2022-07-21,24583.0,-4724.0,0.0,100,398.79,446.0,0,0.0,0.0,,0.0,1,4.0,4.03,SPY220727C00399000,399.0,normalDay
2022-07-22,24583.0,-4881.0,0.0,100,395.09,446.0,0,0.0,0.0,,0.0,1,4.0,1.9,SPY220727C00399000,399.0,normalDay
2022-07-25,24583.0,-4827.0,0.0,100,395.57,446.0,0,0.0,0.0,,0.0,1,4.0,1.84,SPY220727C00399000,399.0,normalDay
2022-07-26,24583.0,-5154.0,0.0,100,390.89,446.0,0,0.0,0.0,,0.0,1,4.0,0.43,SPY220727C00399000,399.0,normalDay
2022-07-27,20283.0,-5154.0,-4300.0,0,401.04,0.0,0,0.0,0.0,,0.0,1,4.0,0.0,SPY220727C00399000,399.0,expirationDay
2022-07-28,20283.0,-5.0,0.0,0,406.07,0.0,1,1.43,1.48,SPY220815P00386000,386.0,0,0.0,0.0,,0.0,normalDay
2022-07-29,20283.0,65.0,0.0,0,411.99,0.0,1,1.43,0.78,SPY220815P00386000,386.0,0,0.0,0.0,,0.0,normalDay
2022-08-01,20283.0,57.0,0.0,0,410.77,0.0,1,1.43,0.86,SPY220815P00386000,386.0,0,0.0,0.0,,0.0,normalDay
2022-08-02,20283.0,28.0,0.0,0,408.06,0.0,1,1.43,1.15,SPY220815P00386000,386.0,0,0.0,0.0,,0.0,normalDay
2022-08-03,20283.0,103.0,0.0,0,414.45,0.0,1,1.43,0.4,SPY220815P00386000,386.0,0,0.0,0.0,,0.0,normalDay
2022-08-04,20283.0,117.0,0.0,0,414.17,0.0,1,1.43,0.26,SPY220815P00386000,386.0,0,0.0,0.0,,0.0,normalDay
2022-08-05,20283.0,121.0,0.0,0,413.47,0.0,1,1.43,0.22,SPY220815P00386000,386.0,0,0.0,0.0,,0.0,normalDay
2022-08-08,20283.0,134.0,0.0,0,412.99,0.0,1,1.43,0.09,SPY220815P00386000,386.0,0,0.0,0.0,,0.0,normalDay
2022-08-09,20283.0,134.0,0.0,0,411.35,0.0,1,1.43,0.09,SPY220815P00386000,386.0,0,0.0,0.0,,0.0,normalDay
2022-08-10,20283.0,140.0,0.0,0,419.99,0.0,1,1.43,0.03,SPY220815P00386000,386.0,0,0.0,0.0,,0.0,normalDay
2022-08-11,20283.0,141.0,0.0,0,419.99,0.0,1,1.43,0.02,SPY220815P00386000,386.0,0,0.0,0.0,,0.0,normalDay
2022-08-12,20283.0,142.0,0.0,0,427.1,0.0,1,1.43,0.01,SPY220815P00386000,386.0,0,0.0,0.0,,0.0,normalDay
2022-08-15,20426.0,0.0,143.0,0,428.86,0.0,1,1.43,0.0,SPY220815P00386000,386.0,0,0.0,0.0,,0.0,expirationDay
2022-08-16,20426.0,-4.0,0.0,0,429.7,0.0,1,1.17,1.21,SPY220902P00407000,407.0,0,0.0,0.0,,0.0,normalDay
2022-08-17,20426.0,-23.0,0.0,0,426.65,0.0,1,1.17,1.4,SPY220902P00407000,407.0,0,0.0,0.0,,0.0,normalDay
2022-08-18,20426.0,16.0,0.0,0,427.89,0.0,1,1.17,1.01,SPY220902P00407000,407.0,0,0.0,0.0,,0.0,normalDay
2022-08-19,20426.0,-47.0,0.0,0,422.14,0.0,1,1.17,1.64,SPY220902P00407000,407.0,0,0.0,0.0,,0.0,normalDay
2022-08-22,20426.0,-244.0,0.0,0,413.35,0.0,1,1.17,3.61,SPY220902P00407000,407.0,0,0.0,0.0,,0.0,normalDay
2022-08-23,20426.0,-274.0,0.0,0,412.35,0.0,1,1.17,3.91,SPY220902P00407000,407.0,0,0.0,0.0,,0.0,normalDay
2022-08-24,20426.0,-164.0,0.0,0,413.67,0.0,1,1.17,2.81,SPY220902P00407000,407.0,0,0.0,0.0,,0.0,normalDay
2022-08-25,20426.0,-23.0,0.0,0,419.51,0.0,1,1.17,1.4,SPY220902P00407000,407.0,0,0.0,0.0,,0.0,normalDay
2022-08-26,20426.0,-486.0,0.0,0,405.31,0.0,1,1.17,6.03,SPY220902P00407000,407.0,0,0.0,0.0,,0.0,normalDay
2022-08-29,20426.0,-551.0,0.0,0,402.63,0.0,1,1.17,6.68,SPY220902P00407000,407.0,0,0.0,0.0,,0.0,normalDay
2022-08-30,20426.0,-839.0,0.0,0,398.21,0.0,1,1.17,9.56,SPY220902P00407000,407.0,0,0.0,0.0,,0.0,normalDay
2022-08-31,20426.0,-1071.0,0.0,0,395.18,0.0,1,1.17,11.88,SPY220902P00407000,407.0,0,0.0,0.0,,0.0,normalDay
2022-09-01,20426.0,-960.0,0.0,0,396.42,0.0,1,1.17,10.77,SPY220902P00407000,407.0,0,0.0,0.0,,0.0,normalDay
2022-09-02,20543.0,-1476.0,117.0,100,392.24,407.0,1,1.17,0.0,SPY220902P00407000,407.0,0,0.0,0.0,,0.0,expirationDay
2022-09-06,20543.0,-1624.0,0.0,100,390.76,407.0,0,0.0,0.0,,0.0,0,0.0,0.0,,0.0,bidTooLow
2022-09-07,20543.0,-922.0,0.0,100,397.78,407.0,0,0.0,0.0,,0.0,0,0.0,0.0,,0.0,bidTooLow
2022-09-08,20543.0,-662.0,0.0,100,400.38,407.0,0,0.0,0.0,,0.0,0,0.0,0.0,,0.0,bidTooLow
2022-09-09,20543.0,-40.0,0.0,100,406.6,407.0,0,0.0,0.0,,0.0,0,0.0,0.0,,0.0,bidTooLow
2022-09-12,20543.0,397.0,0.0,100,410.97,407.0,0,0.0,0.0,,0.0,0,0.0,0.0,,0.0,bidTooLow
2022-09-13,20543.0,-1390.0,0.0,100,393.1,407.0,0,0.0,0.0,,0.0,0,0.0,0.0,,0.0,bidTooLow
2022-09-14,20543.0,-1240.0,0.0,100,394.6,407.0,0,0.0,0.0,,0.0,0,0.0,0.0,,0.0,bidTooLow
2022-09-15,20543.0,-1688.0,0.0,100,390.12,407.0,0,0.0,0.0,,0.0,0,0.0,0.0,,0.0,bidTooLow
2022-09-16,20543.0,-2144.0,0.0,100,385.56,407.0,0,0.0,0.0,,0.0,0,0.0,0.0,,0.0,bidTooLow
2022-09-19,20543.0,-1845.0,0.0,100,388.55,407.0,0,0.0,0.0,,0.0,0,0.0,0.0,,0.0,bidTooLow
2022-09-20,20543.0,-2291.0,0.0,100,384.09,407.0,0,0.0,0.0,,0.0,0,0.0,0.0,,0.0,bidTooLow
2022-09-21,20543.0,-2961.0,0.0,100,377.39,407.0,0,0.0,0.0,,0.0,0,0.0,0.0,,0.0,bidTooLow
2022-09-22,20543.0,-3278.0,0.0,100,374.22,407.0,0,0.0,0.0,,0.0,0,0.0,0.0,,0.0,bidTooLow
2022-09-23,20543.0,-3905.0,0.0,100,367.95,407.0,0,0.0,0.0,,0.0,0,0.0,0.0,,0.0,bidTooLow
2022-09-26,20543.0,-4269.0,0.0,100,364.31,407.0,0,0.0,0.0,,0.0,0,0.0,0.0,,0.0,bidTooLow
2022-09-27,20543.0,-4362.0,0.0,100,363.38,407.0,0,0.0,0.0,,0.0,0,0.0,0.0,,0.0,bidTooLow
2022-09-28,20543.0,-3647.0,0.0,100,370.53,407.0,0,0.0,0.0,,0.0,0,0.0,0.0,,0.0,bidTooLow
2022-09-29,20543.0,-4421.0,0.0,100,362.79,407.0,0,0.0,0.0,,0.0,0,0.0,0.0,,0.0,bidTooLow
2022-09-30,20543.0,-4982.0,0.0,100,357.18,407.0,0,0.0,0.0,,0.0,0,0.0,0.0,,0.0,bidTooLow
2022-10-03,20543.0,-4039.0,0.0,100,366.61,407.0,0,0.0,0.0,,0.0,0,0.0,0.0,,0.0,bidTooLow
2022-10-04,20543.0,-2903.0,0.0,100,377.97,407.0,0,0.0,0.0,,0.0,0,0.0,0.0,,0.0,bidTooLow
2022-10-05,20543.0,-2991.0,0.0,100,377.09,407.0,0,0.0,0.0,,0.0,0,0.0,0.0,,0.0,bidTooLow
2022-10-06,20543.0,-3380.0,0.0,100,373.2,407.0,0,0.0,0.0,,0.0,0,0.0,0.0,,0.0,bidTooLow
2022-10-07,20543.0,-4421.0,0.0,100,362.79,407.0,0,0.0,0.0,,0.0,0,0.0,0.0,,0.0,bidTooLow
2022-10-10,20543.0,-4698.0,0.0,100,360.02,407.0,0,0.0,0.0,,0.0,0,0.0,0.0,,0.0,bidTooLow
2022-10-11,20543.0,-4926.0,0.0,100,357.74,407.0,0,0.0,0.0,,0.0,0,0.0,0.0,,0.0,bidTooLow
2022-10-12,20543.0,-5044.0,0.0,100,356.56,407.0,0,0.0,0.0,,0.0,0,0.0,0.0,,0.0,bidTooLow
2022-10-13,20543.0,-4106.0,0.0,100,365.97,407.0,0,0.0,0.0,,0.0,1,0.14,0.17,SPY221019C00392000,392.0,normalDay
2022-10-14,20543.0,-4925.0,0.0,100,357.63,407.0,0,0.0,0.0,,0.0,1,0.14,0.02,SPY221019C00392000,392.0,normalDay
2022-10-17,20543.0,-4006.0,0.0,100,366.82,407.0,0,0.0,0.0,,0.0,1,0.14,0.02,SPY221019C00392000,392.0,normalDay
2022-10-18,20543.0,-3574.0,0.0,100,371.13,407.0,0,0.0,0.0,,0.0,1,0.14,0.01,SPY221019C00392000,392.0,normalDay
2022-10-19,20557.0,-3850.0,14.0,100,368.5,407.0,0,0.0,0.0,,0.0,1,0.14,0.0,SPY221019C00392000,392.0,expirationDay
2022-10-20,20557.0,-4162.0,0.0,100,365.41,407.0,0,0.0,0.0,,0.0,1,0.52,0.55,SPY221026C00380000,380.0,normalDay
2022-10-21,20557.0,-3420.0,0.0,100,374.29,407.0,0,0.0,0.0,,0.0,1,0.52,2.01,SPY221026C00380000,380.0,normalDay
2022-10-24,20557.0,-3047.0,0.0,100,378.87,407.0,0,0.0,0.0,,0.0,1,0.52,2.86,SPY221026C00380000,380.0,normalDay
2022-10-25,20557.0,-2600.0,0.0,100,384.92,407.0,0,0.0,0.0,,0.0,1,0.52,4.44,SPY221026C00380000,380.0,normalDay
2022-10-26,17909.0,-2600.0,-2648.0,0,382.02,0.0,0,0.0,0.0,,0.0,1,0.52,0.0,SPY221026C00380000,380.0,expirationDay
2022-10-27,17909.0,-6.0,0.0,0,379.98,0.0,1,5.28,5.34,SPY221114P00367000,367.0,0,0.0,0.0,,0.0,normalDay
2022-10-28,17909.0,324.0,0.0,0,389.02,0.0,1,5.28,2.04,SPY221114P00367000,367.0,0,0.0,0.0,,0.0,normalDay
2022-10-31,17909.0,331.0,0.0,0,386.21,0.0,1,5.28,1.97,SPY221114P00367000,367.0,0,0.0,0.0,,0.0,normalDay
2022-11-01,17909.0,314.0,0.0,0,384.52,0.0,1,5.28,2.14,SPY221114P00367000,367.0,0,0.0,0.0,,0.0,normalDay
2022-11-02,17909.0,132.0,0.0,0,374.87,0.0,1,5.28,3.96,SPY221114P00367000,367.0,0,0.0,0.0,,0.0,normalDay
2022-11-03,17909.0,49.0,0.0,0,371.01,0.0,1,5.28,4.79,SPY221114P00367000,367.0,0,0.0,0.0,,0.0,normalDay
2022-11-04,17909.0,255.0,0.0,0,376.35,0.0,1,5.28,2.73,SPY221114P00367000,367.0,0,0.0,0.0,,0.0,normalDay
2022-11-07,17909.0,394.0,0.0,0,379.95,0.0,1,5.28,1.34,SPY221114P00367000,367.0,0,0.0,0.0,,0.0,normalDay
2022-11-08,17909.0,416.0,0.0,0,382.0,0.0,1,5.28,1.12,SPY221114P00367000,367.0,0,0.0,0.0,,0.0,normalDay
2022-11-09,17909.0,309.0,0.0,0,374.13,0.0,1,5.28,2.19,SPY221114P00367000,367.0,0,0.0,0.0,,0.0,normalDay
2022-11-10,17909.0,521.0,0.0,0,394.69,0.0,1,5.28,0.07,SPY221114P00367000,367.0,0,0.0,0.0,,0.0,normalDay
2022-11-11,17909.0,525.0,0.0,0,398.51,0.0,1,5.28,0.03,SPY221114P00367000,367.0,0,0.0,0.0,,0.0,normalDay
2022-11-14,18437.0,0.0,528.0,0,395.12,0.0,1,5.28,0.0,SPY221114P00367000,367.0,0,0.0,0.0,,0.0,expirationDay
2022-11-15,18437.0,-3.0,0.0,0,398.49,0.0,1,1.64,1.67,SPY221202P00379000,379.0,0,0.0,0.0,,0.0,normalDay
2022-11-16,18437.0,-15.0,0.0,0,395.45,0.0,1,1.64,1.79,SPY221202P00379000,379.0,0,0.0,0.0,,0.0,normalDay
2022-11-17,18437.0,-15.0,0.0,0,394.24,0.0,1,1.64,1.79,SPY221202P00379000,379.0,0,0.0,0.0,,0.0,normalDay
2022-11-18,18437.0,40.0,0.0,0,396.03,0.0,1,1.64,1.24,SPY221202P00379000,379.0,0,0.0,0.0,,0.0,normalDay
2022-11-21,18437.0,73.0,0.0,0,394.59,0.0,1,1.64,0.91,SPY221202P00379000,379.0,0,0.0,0.0,,0.0,normalDay
2022-11-22,18437.0,119.0,0.0,0,399.9,0.0,1,1.64,0.45,SPY221202P00379000,379.0,0,0.0,0.0,,0.0,normalDay
2022-11-23,18437.0,141.0,0.0,0,402.42,0.0,1,1.64,0.23,SPY221202P00379000,379.0,0,0.0,0.0,,0.0,normalDay
2022-11-25,18437.0,147.0,0.0,0,402.33,0.0,1,1.64,0.17,SPY221202P00379000,379.0,0,0.0,0.0,,0.0,normalDay
2022-11-28,18437.0,145.0,0.0,0,395.91,0.0,1,1.64,0.19,SPY221202P00379000,379.0,0,0.0,0.0,,0.0,normalDay
2022-11-29,18437.0,148.0,0.0,0,395.23,0.0,1,1.64,0.16,SPY221202P00379000,379.0,0,0.0,0.0,,0.0,normalDay
2022-11-30,18437.0,159.0,0.0,0,407.68,0.0,1,1.64,0.05,SPY221202P00379000,379.0,0,0.0,0.0,,0.0,normalDay
2022-12-01,18437.0,162.0,0.0,0,407.38,0.0,1,1.64,0.02,SPY221202P00379000,379.0,0,0.0,0.0,,0.0,normalDay
2022-12-02,18601.0,0.0,164.0,0,406.91,0.0,1,1.64,0.0,SPY221202P00379000,379.0,0,0.0,0.0,,0.0,expirationDay
2022-12-05,18601.0,-5.0,0.0,0,399.59,0.0,1,5.06,5.11,SPY221223P00393000,393.0,0,0.0,0.0,,0.0,normalDay
2022-12-06,18601.0,-275.0,0.0,0,393.83,0.0,1,5.06,7.81,SPY221223P00393000,393.0,0,0.0,0.0,,0.0,normalDay
2022-12-07,18601.0,-309.0,0.0,0,393.16,0.0,1,5.06,8.15,SPY221223P00393000,393.0,0,0.0,0.0,,0.0,normalDay
2022-12-08,18601.0,-138.0,0.0,0,396.24,0.0,1,5.06,6.44,SPY221223P00393000,393.0,0,0.0,0.0,,0.0,normalDay
2022-12-09,18601.0,-247.0,0.0,0,393.28,0.0,1,5.06,7.53,SPY221223P00393000,393.0,0,0.0,0.0,,0.0,normalDay
2022-12-12,18601.0,-57.0,0.0,0,398.95,0.0,1,5.06,5.63,SPY221223P00393000,393.0,0,0.0,0.0,,0.0,normalDay
2022-12-13,18601.0,207.0,0.0,0,401.97,0.0,1,5.06,2.99,SPY221223P00393000,393.0,0,0.0,0.0,,0.0,normalDay
2022-12-14,18601.0,247.0,0.0,0,399.4,0.0,1,5.06,2.59,SPY221223P00393000,393.0,0,0.0,0.0,,0.0,normalDay
2022-12-15,18601.0,-226.0,0.0,0,389.63,0.0,1,5.06,7.32,SPY221223P00393000,393.0,0,0.0,0.0,,0.0,normalDay
2022-12-16,18601.0,-551.0,0.0,0,383.27,0.0,1,5.06,10.57,SPY221223P00393000,393.0,0,0.0,0.0,,0.0,normalDay
2022-12-19,18601.0,-831.0,0.0,0,380.02,0.0,1,5.06,13.37,SPY221223P00393000,393.0,0,0.0,0.0,,0.0,normalDay
2022-12-20,18601.0,-735.0,0.0,0,380.54,0.0,1,5.06,12.41,SPY221223P00393000,393.0,0,0.0,0.0,,0.0,normalDay
2022-12-21,18601.0,-194.0,0.0,0,386.23,0.0,1,5.06,7.0,SPY221223P00393000,393.0,0,0.0,0.0,,0.0,normalDay
2022-12-22,18601.0,-726.0,0.0,0,380.72,0.0,1,5.06,12.32,SPY221223P00393000,393.0,0,0.0,0.0,,0.0,normalDay
2022-12-23,19107.0,-1009.0,506.0,100,382.91,393.0,1,5.06,0.0,SPY221223P00393000,393.0,0,0.0,0.0,,0.0,expirationDay
2022-12-27,19107.0,-1160.0,0.0,100,381.4,393.0,0,0.0,0.0,,0.0,0,0.0,0.0,,0.0,bidTooLow
2022-12-28,19107.0,-1634.0,0.0,100,376.66,393.0,0,0.0,0.0,,0.0,0,0.0,0.0,,0.0,bidTooLow
2022-12-29,19107.0,-956.0,0.0,100,383.44,393.0,0,0.0,0.0,,0.0,0,0.0,0.0,,0.0,bidTooLow
2022-12-30,19107.0,-1057.0,0.0,100,382.43,393.0,0,0.0,0.0,,0.0,0,0.0,0.0,,0.0,bidTooLow
2023-01-03,19107.0,-1218.0,0.0,100,380.82,393.0,0,0.0,0.0,,0.0,0,0.0,0.0,,0.0,bidTooLow
2023-01-04,19107.0,-927.0,0.0,100,383.76,393.0,0,0.0,0.0,,0.0,1,0.01,0.04,SPY230110C00405000,405.0,normalDay
2023-01-05,19107.0,-1363.0,0.0,100,379.38,393.0,0,0.0,0.0,,0.0,1,0.01,0.02,SPY230110C00405000,405.0,normalDay
2023-01-06,19107.0,-493.0,0.0,100,388.08,393.0,0,0.0,0.0,,0.0,1,0.01,0.02,SPY230110C00405000,405.0,normalDay
2023-01-09,19107.0,-514.0,0.0,100,387.86,393.0,0,0.0,0.0,,0.0,1,0.01,0.01,SPY230110C00405000,405.0,normalDay
2023-01-10,19108.0,-242.0,1.0,100,390.58,393.0,0,0.0,0.0,,0.0,1,0.01,0.0,SPY230110C00405000,405.0,expirationDay
2023-01-11,19108.0,249.0,0.0,100,395.52,393.0,0,0.0,0.0,,0.0,1,2.39,2.42,SPY230117C00401000,401.0,normalDay
2023-01-12,19108.0,544.0,0.0,100,396.96,393.0,0,0.0,0.0,,0.0,1,2.39,0.91,SPY230117C00401000,401.0,normalDay
2023-01-13,19108.0,742.0,0.0,100,398.5,393.0,0,0.0,0.0,,0.0,1,2.39,0.47,SPY230117C00401000,401.0,normalDay
2023-01-17,19347.0,477.0,239.0,100,397.77,393.0,0,0.0,0.0,,0.0,1,2.39,0.0,SPY230117C00401000,401.0,expirationDay
2023-01-18,19347.0,-154.0,0.0,100,391.49,393.0,0,0.0,0.0,,0.0,1,0.23,0.26,SPY230124C00402000,402.0,normalDay
2023-01-19,19347.0,-420.0,0.0,100,388.64,393.0,0,0.0,0.0,,0.0,1,0.23,0.07,SPY230124C00402000,402.0,normalDay
2023-01-20,19347.0,278.0,0.0,100,395.88,393.0,0,0.0,0.0,,0.0,1,0.23,0.33,SPY230124C00402000,402.0,normalDay
2023-01-23,19347.0,695.0,0.0,100,400.63,393.0,0,0.0,0.0,,0.0,1,0.23,0.91,SPY230124C00402000,402.0,normalDay
2023-01-24,19370.0,720.0,23.0,100,400.2,393.0,0,0.0,0.0,,0.0,1,0.23,0.0,SPY230124C00402000,402.0,expirationDay
2023-01-25,19370.0,731.0,0.0,100,400.35,393.0,0,0.0,0.0,,0.0,1,0.6,0.64,SPY230131C00408000,408.0,normalDay
2023-01-26,19370.0,1099.0,0.0,100,404.75,393.0,0,0.0,0.0,,0.0,1,0.6,1.36,SPY230131C00408000,408.0,normalDay
2023-01-27,19370.0,1210.0,0.0,100,405.68,393.0,0,0.0,0.0,,0.0,1,0.6,1.18,SPY230131C00408000,408.0,normalDay
2023-01-30,19370.0,810.0,0.0,100,400.59,393.0,0,0.0,0.0,,0.0,1,0.6,0.09,SPY230131C00408000,408.0,normalDay
2023-01-31,19430.0,1348.0,60.0,100,406.48,393.0,0,0.0,0.0,,0.0,1,0.6,0.0,SPY230131C00408000,408.0,expirationDay
2023-02-01,19430.0,1775.0,0.0,100,410.8,393.0,0,0.0,0.0,,0.0,1,2.31,2.36,SPY230207C00415000,415.0,normalDay
2023-02-02,19430.0,2231.0,0.0,100,416.78,393.0,0,0.0,0.0,,0.0,1,2.31,3.78,SPY230207C00415000,415.0,normalDay
2023-02-03,19430.0,2017.0,0.0,100,412.35,393.0,0,0.0,0.0,,0.0,1,2.31,1.49,SPY230207C00415000,415.0,normalDay
2023-02-06,19430.0,1872.0,0.0,100,409.83,393.0,0,0.0,0.0,,0.0,1,2.31,0.42,SPY230207C00415000,415.0,normalDay
2023-02-07,21861.0,1872.0,2431.0,0,415.19,0.0,0,0.0,0.0,,0.0,1,2.31,0.0,SPY230207C00415000,415.0,expirationDay
2023-02-08,21861.0,-4.0,0.0,0,410.65,0.0,1,2.71,2.75,SPY230224P00401000,401.0,0,0.0,0.0,,0.0,normalDay
2023-02-09,21861.0,-122.0,0.0,0,407.09,0.0,1,2.71,3.93,SPY230224P00401000,401.0,0,0.0,0.0,,0.0,normalDay
2023-02-10,21861.0,-74.0,0.0,0,408.04,0.0,1,2.71,3.45,SPY230224P00401000,401.0,0,0.0,0.0,,0.0,normalDay
2023-02-13,21861.0,83.0,0.0,0,412.83,0.0,1,2.71,1.88,SPY230224P00401000,401.0,0,0.0,0.0,,0.0,normalDay
2023-02-14,21861.0,142.0,0.0,0,412.64,0.0,1,2.71,1.29,SPY230224P00401000,401.0,0,0.0,0.0,,0.0,normalDay
2023-02-15,21861.0,201.0,0.0,0,413.98,0.0,1,2.71,0.7,SPY230224P00401000,401.0,0,0.0,0.0,,0.0,normalDay
2023-02-16,21861.0,86.0,0.0,0,408.28,0.0,1,2.71,1.85,SPY230224P00401000,401.0,0,0.0,0.0,,0.0,normalDay
2023-02-17,21861.0,131.0,0.0,0,407.26,0.0,1,2.71,1.4,SPY230224P00401000,401.0,0,0.0,0.0,,0.0,normalDay
2023-02-21,21861.0,-124.0,0.0,0,399.09,0.0,1,2.71,3.95,SPY230224P00401000,401.0,0,0.0,0.0,,0.0,normalDay
2023-02-22,21861.0,-97.0,0.0,0,398.54,0.0,1,2.71,3.68,SPY230224P00401000,401.0,0,0.0,0.0,,0.0,normalDay
2023-02-23,21861.0,68.0,0.0,0,400.66,0.0,1,2.71,2.03,SPY230224P00401000,401.0,0,0.0,0.0,,0.0,normalDay
2023-02-24,22132.0,-462.0,271.0,100,396.38,401.0,1,2.71,0.0,SPY230224P00401000,401.0,0,0.0,0.0,,0.0,expirationDay
2023-02-27,22132.0,-327.0,0.0,100,397.73,401.0,0,0.0,0.0,,0.0,0,0.0,0.0,,0.0,bidTooLow
2023-02-28,22132.0,-474.0,0.0,100,396.26,401.0,0,0.0,0.0,,0.0,0,0.0,0.0,,0.0,bidTooLow
2023-03-01,22132.0,-626.0,0.0,100,394.74,401.0,0,0.0,0.0,,0.0,0,0.0,0.0,,0.0,bidTooLow
2023-03-02,22132.0,-319.0,0.0,100,397.81,401.0,0,0.0,0.0,,0.0,0,0.0,0.0,,0.0,bidTooLow
2023-03-03,22132.0,316.0,0.0,100,404.19,401.0,0,0.0,0.0,,0.0,1,0.02,0.05,SPY230309C00421000,421.0,normalDay
2023-03-06,22132.0,346.0,0.0,100,404.47,401.0,0,0.0,0.0,,0.0,1,0.02,0.03,SPY230309C00421000,421.0,normalDay
2023-03-07,22132.0,-272.0,0.0,100,398.27,401.0,0,0.0,0.0,,0.0,1,0.02,0.01,SPY230309C00421000,421.0,normalDay
2023-03-08,22132.0,-207.0,0.0,100,398.92,401.0,0,0.0,0.0,,0.0,1,0.02,0.01,SPY230309C00421000,421.0,normalDay
2023-03-09,22134.0,-944.0,2.0,100,391.56,401.0,0,0.0,0.0,,0.0,1,0.02,0.0,SPY230309C00421000,421.0,expirationDay
2023-03-10,22134.0,-1509.0,0.0,100,385.91,401.0,0,0.0,0.0,,0.0,0,0.0,0.0,,0.0,bidTooLow
2023-03-13,22134.0,-1564.0,0.0,100,385.36,401.0,0,0.0,0.0,,0.0,0,0.0,0.0,,0.0,bidTooLow
2023-03-14,22134.0,-927.0,0.0,100,391.73,401.0,0,0.0,0.0,,0.0,0,0.0,0.0,,0.0,bidTooLow
2023-03-15,22134.0,-1172.0,0.0,100,389.28,401.0,0,0.0,0.0,,0.0,0,0.0,0.0,,0.0,bidTooLow
2023-03-16,22134.0,-492.0,0.0,100,396.11,401.0,0,0.0,0.0,,0.0,1,0.13,0.16,SPY230322C00412000,412.0,normalDay
2023-03-17,22134.0,-1092.0,0.0,100,389.99,401.0,0,0.0,0.0,,0.0,1,0.13,0.04,SPY230322C00412000,412.0,normalDay
2023-03-20,22134.0,-716.0,0.0,100,393.74,401.0,0,0.0,0.0,,0.0,1,0.13,0.03,SPY230322C00412000,412.0,normalDay
2023-03-21,22134.0,-201.0,0.0,100,398.91,401.0,0,0.0,0.0,,0.0,1,0.13,0.05,SPY230322C00412000,412.0,normalDay
2023-03-22,22147.0,-889.0,13.0,100,392.11,401.0,0,0.0,0.0,,0.0,1,0.13,0.0,SPY230322C00412000,412.0,expirationDay
2023-03-23,22147.0,-786.0,0.0,100,393.17,401.0,0,0.0,0.0,,0.0,1,0.13,0.16,SPY230329C00407000,407.0,normalDay
2023-03-24,22147.0,-525.0,0.0,100,395.75,401.0,0,0.0,0.0,,0.0,1,0.13,0.13,SPY230329C00407000,407.0,normalDay
2023-03-27,22147.0,-442.0,0.0,100,396.49,401.0,0,0.0,0.0,,0.0,1,0.13,0.04,SPY230329C00407000,407.0,normalDay
2023-03-28,22147.0,-528.0,0.0,100,395.6,401.0,0,0.0,0.0,,0.0,1,0.13,0.01,SPY230329C00407000,407.0,normalDay
2023-03-29,22160.0,35.0,13.0,100,401.35,401.0,0,0.0,0.0,,0.0,1,0.13,0.0,SPY230329C00407000,407.0,expirationDay
2023-03-30,22160.0,267.0,0.0,100,403.7,401.0,0,0.0,0.0,,0.0,1,1.19,1.22,SPY230405C00408000,408.0,normalDay
2023-03-31,22160.0,600.0,0.0,100,409.39,401.0,0,0.0,0.0,,0.0,1,1.19,3.58,SPY230405C00408000,408.0,normalDay
2023-04-03,22160.0,721.0,0.0,100,410.95,401.0,0,0.0,0.0,,0.0,1,1.19,3.93,SPY230405C00408000,408.0,normalDay
2023-04-04,22160.0,699.0,0.0,100,408.67,401.0,0,0.0,0.0,,0.0,1,1.19,1.87,SPY230405C00408000,408.0,normalDay
2023-04-05,22279.0,660.0,119.0,100,407.6,401.0,0,0.0,0.0,,0.0,1,1.19,0.0,SPY230405C00408000,408.0,expirationDay
2023-04-06,22279.0,816.0,0.0,100,409.19,401.0,0,0.0,0.0,,0.0,1,0.65,0.68,SPY230412C00416000,416.0,normalDay
2023-04-10,22279.0,892.0,0.0,100,409.61,401.0,0,0.0,0.0,,0.0,1,0.65,0.34,SPY230412C00416000,416.0,normalDay
2023-04-11,22279.0,915.0,0.0,100,409.72,401.0,0,0.0,0.0,,0.0,1,0.65,0.22,SPY230412C00416000,416.0,normalDay
2023-04-12,22344.0,705.0,65.0,100,408.05,401.0,0,0.0,0.0,,0.0,1,0.65,0.0,SPY230412C00416000,416.0,expirationDay
2023-04-13,22344.0,1244.0,0.0,100,413.47,401.0,0,0.0,0.0,,0.0,1,0.47,0.5,SPY230419C00420000,420.0,normalDay
2023-04-14,22344.0,1178.0,0.0,100,412.46,401.0,0,0.0,0.0,,0.0,1,0.47,0.15,SPY230419C00420000,420.0,normalDay
2023-04-17,22344.0,1331.0,0.0,100,413.94,401.0,0,0.0,0.0,,0.0,1,0.47,0.1,SPY230419C00420000,420.0,normalDay
2023-04-18,22344.0,1365.0,0.0,100,414.21,401.0,0,0.0,0.0,,0.0,1,0.47,0.03,SPY230419C00420000,420.0,normalDay
2023-04-19,22391.0,1314.0,47.0,100,414.14,401.0,0,0.0,0.0,,0.0,1,0.47,0.0,SPY230419C00420000,420.0,expirationDay
2023-04-20,22391.0,1085.0,0.0,100,411.88,401.0,0,0.0,0.0,,0.0,1,0.04,0.07,SPY230426C00423000,423.0,normalDay
2023-04-21,22391.0,1121.0,0.0,100,412.2,401.0,0,0.0,0.0,,0.0,1,0.04,0.03,SPY230426C00423000,423.0,normalDay
2023-04-24,22391.0,1165.0,0.0,100,412.63,401.0,0,0.0,0.0,,0.0,1,0.04,0.02,SPY230426C00423000,423.0,normalDay
2023-04-25,22391.0,511.0,0.0,100,406.08,401.0,0,0.0,0.0,,0.0,1,0.04,0.01,SPY230426C00423000,423.0,normalDay
2023-04-26,22395.0,336.0,4.0,100,404.36,401.0,0,0.0,0.0,,0.0,1,0.04,0.0,SPY230426C00423000,423.0,expirationDay
2023-04-27,22395.0,1137.0,0.0,100,412.41,401.0,0,0.0,0.0,,0.0,1,1.5,1.54,SPY230503C00417000,417.0,normalDay
2023-04-28,22395.0,1417.0,0.0,100,415.93,401.0,0,0.0,0.0,,0.0,1,1.5,2.26,SPY230503C00417000,417.0,normalDay
2023-05-01,22395.0,1453.0,0.0,100,415.51,401.0,0,0.0,0.0,,0.0,1,1.5,1.48,SPY230503C00417000,417.0,normalDay
2023-05-02,22395.0,1110.0,0.0,100,410.84,401.0,0,0.0,0.0,,0.0,1,1.5,0.24,SPY230503C00417000,417.0,normalDay
2023-05-03,22545.0,702.0,150.0,100,408.02,401.0,0,0.0,0.0,,0.0,1,1.5,0.0,SPY230503C00417000,417.0,expirationDay
2023-05-04,22545.0,410.0,0.0,100,405.13,401.0,0,0.0,0.0,,0.0,1,0.1,0.13,SPY230510C00419000,419.0,normalDay
2023-05-05,22545.0,1143.0,0.0,100,412.63,401.0,0,0.0,0.0,,0.0,1,0.1,0.3,SPY230510C00419000,419.0,normalDay
2023-05-08,22545.0,1171.0,0.0,100,412.74,401.0,0,0.0,0.0,,0.0,1,0.1,0.13,SPY230510C00419000,419.0,normalDay
2023-05-09,22545.0,998.0,0.0,100,410.93,401.0,0,0.0,0.0,,0.0,1,0.1,0.05,SPY230510C00419000,419.0,normalDay
2023-05-10,22555.0,1185.0,10.0,100,412.85,401.0,0,0.0,0.0,,0.0,1,0.1,0.0,SPY230510C00419000,419.0,expirationDay
2023-05-11,22555.0,1110.0,0.0,100,412.13,401.0,0,0.0,0.0,,0.0,1,0.26,0.29,SPY230517C00419000,419.0,normalDay
2023-05-12,22555.0,1077.0,0.0,100,411.59,401.0,0,0.0,0.0,,0.0,1,0.26,0.08,SPY230517C00419000,419.0,normalDay
2023-05-15,22555.0,1219.0,0.0,100,413.01,401.0,0,0.0,0.0,,0.0,1,0.26,0.08,SPY230517C00419000,419.0,normalDay
2023-05-16,22555.0,949.0,0.0,100,410.25,401.0,0,0.0,0.0,,0.0,1,0.26,0.02,SPY230517C00419000,419.0,normalDay
2023-05-17,22581.0,1423.0,26.0,100,415.23,401.0,0,0.0,0.0,,0.0,1,0.26,0.0,SPY230517C00419000,419.0,expirationDay
2023-05-18,22581.0,1819.0,0.0,100,419.23,401.0,0,0.0,0.0,,0.0,1,2.14,2.18,SPY230524C00420000,420.0,normalDay
2023-05-19,22581.0,1818.0,0.0,100,418.62,401.0,0,0.0,0.0,,0.0,1,2.14,1.58,SPY230524C00420000,420.0,normalDay
2023-05-22,22581.0,1870.0,0.0,100,418.79,401.0,0,0.0,0.0,,0.0,1,2.14,1.23,SPY230524C00420000,420.0,normalDay
2023-05-23,22581.0,1517.0,0.0,100,414.09,401.0,0,0.0,0.0,,0.0,1,2.14,0.06,SPY230524C00420000,420.0,normalDay
2023-05-24,22795.0,1009.0,214.0,100,411.09,401.0,0,0.0,0.0,,0.0,1,2.14,0.0,SPY230524C00420000,420.0,expirationDay
2023-05-25,22795.0,1362.0,0.0,100,414.65,401.0,0,0.0,0.0,,0.0,1,0.66,0.69,SPY230531C00421000,421.0,normalDay
2023-05-26,22795.0,1766.0,0.0,100,420.02,401.0,0,0.0,0.0,,0.0,1,0.66,2.02,SPY230531C00421000,421.0,normalDay
2023-05-30,22795.0,1878.0,0.0,100,420.18,401.0,0,0.0,0.0,,0.0,1,0.66,1.06,SPY230531C00421000,421.0,normalDay
2023-05-31,22861.0,1685.0,66.0,100,417.85,401.0,0,0.0,0.0,,0.0,1,0.66,0.0,SPY230531C00421000,421.0,expirationDay
2023-06-01,22861.0,2079.0,0.0,100,421.82,401.0,0,0.0,0.0,,0.0,1,1.45,1.48,SPY230607C00424000,424.0,normalDay
2023-06-02,22861.0,2363.0,0.0,100,427.92,401.0,0,0.0,0.0,,0.0,1,1.45,4.74,SPY230607C00424000,424.0,normalDay
2023-06-05,22861.0,2384.0,0.0,100,427.1,401.0,0,0.0,0.0,,0.0,1,1.45,3.71,SPY230607C00424000,424.0,normalDay
2023-06-06,22861.0,2401.0,0.0,100,428.03,401.0,0,0.0,0.0,,0.0,1,1.45,4.47,SPY230607C00424000,424.0,normalDay
2023-06-07,25306.0,2401.0,2445.0,0,426.55,0.0,0,0.0,0.0,,0.0,1,1.45,0.0,SPY230607C00424000,424.0,expirationDay
2023-06-08,25306.0,-3.0,0.0,0,429.13,0.0,1,1.01,1.04,SPY230623P00417000,417.0,0,0.0,0.0,,0.0,normalDay
2023-06-09,25306.0,16.0,0.0,0,429.9,0.0,1,1.01,0.85,SPY230623P00417000,417.0,0,0.0,0.0,,0.0,normalDay
2023-06-12,25306.0,42.0,0.0,0,433.8,0.0,1,1.01,0.59,SPY230623P00417000,417.0,0,0.0,0.0,,0.0,normalDay
2023-06-13,25306.0,66.0,0.0,0,436.66,0.0,1,1.01,0.35,SPY230623P00417000,417.0,0,0.0,0.0,,0.0,normalDay
2023-06-14,25306.0,82.0,0.0,0,437.18,0.0,1,1.01,0.19,SPY230623P00417000,417.0,0,0.0,0.0,,0.0,normalDay
2023-06-15,25306.0,86.0,0.0,0,442.6,0.0,1,1.01,0.15,SPY230623P00417000,417.0,0,0.0,0.0,,0.0,normalDay
2023-06-16,25306.0,95.0,0.0,0,439.46,0.0,1,1.01,0.06,SPY230623P00417000,417.0,0,0.0,0.0,,0.0,normalDay
2023-06-20,25306.0,97.0,0.0,0,437.18,0.0,1,1.01,0.04,SPY230623P00417000,417.0,0,0.0,0.0,,0.0,normalDay
2023-06-21,25306.0,99.0,0.0,0,434.94,0.0,1,1.01,0.02,SPY230623P00417000,417.0,0,0.0,0.0,,0.0,normalDay
2023-06-22,25306.0,99.0,0.0,0,436.51,0.0,1,1.01,0.02,SPY230623P00417000,417.0,0,0.0,0.0,,0.0,normalDay
2023-06-23,25407.0,0.0,101.0,0,433.21,0.0,1,1.01,0.0,SPY230623P00417000,417.0,0,0.0,0.0,,0.0,expirationDay
2023-06-26,25407.0,-3.0,0.0,0,431.44,0.0,1,2.59,2.62,SPY230714P00428000,428.0,0,0.0,0.0,,0.0,normalDay
2023-06-27,25407.0,110.0,0.0,0,436.17,0.0,1,2.59,1.49,SPY230714P00428000,428.0,0,0.0,0.0,,0.0,normalDay
2023-06-28,25407.0,136.0,0.0,0,436.39,0.0,1,2.59,1.23,SPY230714P00428000,428.0,0,0.0,0.0,,0.0,normalDay
2023-06-29,25407.0,164.0,0.0,0,438.11,0.0,1,2.59,0.95,SPY230714P00428000,428.0,0,0.0,0.0,,0.0,normalDay
2023-06-30,25407.0,215.0,0.0,0,443.28,0.0,1,2.59,0.44,SPY230714P00428000,428.0,0,0.0,0.0,,0.0,normalDay
2023-07-03,25407.0,226.0,0.0,0,443.79,0.0,1,2.59,0.33,SPY230714P00428000,428.0,0,0.0,0.0,,0.0,normalDay
2023-07-05,25407.0,229.0,0.0,0,443.13,0.0,1,2.59,0.3,SPY230714P00428000,428.0,0,0.0,0.0,,0.0,normalDay
2023-07-06,25407.0,209.0,0.0,0,439.66,0.0,1,2.59,0.5,SPY230714P00428000,428.0,0,0.0,0.0,,0.0,normalDay
2023-07-07,25407.0,229.0,0.0,0,438.55,0.0,1,2.59,0.3,SPY230714P00428000,428.0,0,0.0,0.0,,0.0,normalDay
2023-07-10,25407.0,243.0,0.0,0,439.66,0.0,1,2.59,0.16,SPY230714P00428000,428.0,0,0.0,0.0,,0.0,normalDay
2023-07-11,25407.0,248.0,0.0,0,442.46,0.0,1,2.59,0.11,SPY230714P00428000,428.0,0,0.0,0.0,,0.0,normalDay
2023-07-12,25407.0,255.0,0.0,0,446.02,0.0,1,2.59,0.04,SPY230714P00428000,428.0,0,0.0,0.0,,0.0,normalDay
2023-07-13,25407.0,256.0,0.0,0,449.56,0.0,1,2.59,0.03,SPY230714P00428000,428.0,0,0.0,0.0,,0.0,normalDay
2023-07-14,25666.0,0.0,259.0,0,449.28,0.0,1,2.59,0.0,SPY230714P00428000,428.0,0,0.0,0.0,,0.0,expirationDay
2023-07-17,25666.0,-3.0,0.0,0,450.84,0.0,1,1.15,1.18,SPY230804P00439000,439.0,0,0.0,0.0,,0.0,normalDay
2023-07-18,25666.0,37.0,0.0,0,454.19,0.0,1,1.15,0.78,SPY230804P00439000,439.0,0,0.0,0.0,,0.0,normalDay
2023-07-19,25666.0,43.0,0.0,0,455.2,0.0,1,1.15,0.72,SPY230804P00439000,439.0,0,0.0,0.0,,0.0,normalDay
2023-07-20,25666.0,25.0,0.0,0,452.18,0.0,1,1.15,0.9,SPY230804P00439000,439.0,0,0.0,0.0,,0.0,normalDay
2023-07-21,25666.0,42.0,0.0,0,452.18,0.0,1,1.15,0.73,SPY230804P00439000,439.0,0,0.0,0.0,,0.0,normalDay
2023-07-24,25666.0,67.0,0.0,0,454.2,0.0,1,1.15,0.48,SPY230804P00439000,439.0,0,0.0,0.0,,0.0,normalDay
2023-07-25,25666.0,77.0,0.0,0,455.44,0.0,1,1.15,0.38,SPY230804P00439000,439.0,0,0.0,0.0,,0.0,normalDay
2023-07-26,25666.0,93.0,0.0,0,455.51,0.0,1,1.15,0.22,SPY230804P00439000,439.0,0,0.0,0.0,,0.0,normalDay
2023-07-27,25666.0,74.0,0.0,0,452.49,0.0,1,1.15,0.41,SPY230804P00439000,439.0,0,0.0,0.0,,0.0,normalDay
2023-07-28,25666.0,106.0,0.0,0,456.92,0.0,1,1.15,0.09,SPY230804P00439000,439.0,0,0.0,0.0,,0.0,normalDay
2023-07-31,25666.0,108.0,0.0,0,457.79,0.0,1,1.15,0.07,SPY230804P00439000,439.0,0,0.0,0.0,,0.0,normalDay
2023-08-01,25666.0,109.0,0.0,0,456.48,0.0,1,1.15,0.06,SPY230804P00439000,439.0,0,0.0,0.0,,0.0,normalDay
2023-08-02,25666.0,100.0,0.0,0,450.13,0.0,1,1.15,0.15,SPY230804P00439000,439.0,0,0.0,0.0,,0.0,normalDay
2023-08-03,25666.0,110.0,0.0,0,448.84,0.0,1,1.15,0.05,SPY230804P00439000,439.0,0,0.0,0.0,,0.0,normalDay
2023-08-04,25781.0,0.0,115.0,0,446.81,0.0,1,1.15,0.0,SPY230804P00439000,439.0,0,0.0,0.0,,0.0,expirationDay
2023-08-07,25781.0,-3.0,0.0,0,450.71,0.0,1,4.66,4.69,SPY230825P00451000,451.0,0,0.0,0.0,,0.0,normalDay
2023-08-08,25781.0,-104.0,0.0,0,448.75,0.0,1,4.66,5.7,SPY230825P00451000,451.0,0,0.0,0.0,,0.0,normalDay
2023-08-09,25781.0,-245.0,0.0,0,445.75,0.0,1,4.66,7.11,SPY230825P00451000,451.0,0,0.0,0.0,,0.0,normalDay
2023-08-10,25781.0,-260.0,0.0,0,445.91,0.0,1,4.66,7.26,SPY230825P00451000,451.0,0,0.0,0.0,,0.0,normalDay
2023-08-11,25781.0,-219.0,0.0,0,445.65,0.0,1,4.66,6.85,SPY230825P00451000,451.0,0,0.0,0.0,,0.0,normalDay
2023-08-14,25781.0,-44.0,0.0,0,448.11,0.0,1,4.66,5.1,SPY230825P00451000,451.0,0,0.0,0.0,,0.0,normalDay
2023-08-15,25781.0,-427.0,0.0,0,442.89,0.0,1,4.66,8.93,SPY230825P00451000,451.0,0,0.0,0.0,,0.0,normalDay
2023-08-16,25781.0,-668.0,0.0,0,439.64,0.0,1,4.66,11.34,SPY230825P00451000,451.0,0,0.0,0.0,,0.0,normalDay
2023-08-17,25781.0,-1021.0,0.0,0,436.29,0.0,1,4.66,14.87,SPY230825P00451000,451.0,0,0.0,0.0,,0.0,normalDay
2023-08-18,25781.0,-985.0,0.0,0,436.5,0.0,1,4.66,14.51,SPY230825P00451000,451.0,0,0.0,0.0,,0.0,normalDay
2023-08-21,25781.0,-742.0,0.0,0,439.34,0.0,1,4.66,12.08,SPY230825P00451000,451.0,0,0.0,0.0,,0.0,normalDay
2023-08-22,25781.0,-832.0,0.0,0,438.15,0.0,1,4.66,12.98,SPY230825P00451000,451.0,0,0.0,0.0,,0.0,normalDay
2023-08-23,25781.0,-341.0,0.0,0,443.03,0.0,1,4.66,8.07,SPY230825P00451000,451.0,0,0.0,0.0,,0.0,normalDay
2023-08-24,25781.0,-961.0,0.0,0,436.89,0.0,1,4.66,14.27,SPY230825P00451000,451.0,0,0.0,0.0,,0.0,normalDay
2023-08-25,26247.0,-1103.0,466.0,100,439.97,451.0,1,4.66,0.0,SPY230825P00451000,451.0,0,0.0,0.0,,0.0,expirationDay
2023-08-28,26247.0,-827.0,0.0,100,442.76,451.0,0,0.0,0.0,,0.0,1,0.01,0.04,SPY230901C00457000,457.0,normalDay
2023-08-29,26247.0,-204.0,0.0,100,449.16,451.0,0,0.0,0.0,,0.0,1,0.01,0.21,SPY230901C00457000,457.0,normalDay
2023-08-30,26247.0,-17.0,0.0,100,451.01,451.0,0,0.0,0.0,,0.0,1,0.01,0.19,SPY230901C00457000,457.0,normalDay
2023-08-31,26247.0,-68.0,0.0,100,450.35,451.0,0,0.0,0.0,,0.0,1,0.01,0.04,SPY230901C00457000,457.0,normalDay
2023-09-01,26248.0,19.0,1.0,100,451.19,451.0,0,0.0,0.0,,0.0,1,0.01,0.0,SPY230901C00457000,457.0,expirationDay
2023-09-05,26248.0,-179.0,0.0,100,449.24,451.0,0,0.0,0.0,,0.0,1,0.25,0.28,SPY230911C00456000,456.0,normalDay
2023-09-06,26248.0,-457.0,0.0,100,446.22,451.0,0,0.0,0.0,,0.0,1,0.25,0.04,SPY230911C00456000,456.0,normalDay
2023-09-07,26248.0,-592.0,0.0,100,444.85,451.0,0,0.0,0.0,,0.0,1,0.25,0.02,SPY230911C00456000,456.0,normalDay
2023-09-08,26248.0,-524.0,0.0,100,445.52,451.0,0,0.0,0.0,,0.0,1,0.25,0.01,SPY230911C00456000,456.0,normalDay
2023-09-11,26273.0,-255.0,25.0,100,448.45,451.0,0,0.0,0.0,,0.0,1,0.25,0.0,SPY230911C00456000,456.0,expirationDay
2023-09-12,26273.0,-504.0,0.0,100,445.99,451.0,0,0.0,0.0,,0.0,1,0.03,0.06,SPY230918C00456000,456.0,normalDay
2023-09-13,26273.0,-449.0,0.0,100,446.51,451.0,0,0.0,0.0,,0.0,1,0.03,0.03,SPY230918C00456000,456.0,normalDay
2023-09-14,26273.0,-67.0,0.0,100,450.36,451.0,0,0.0,0.0,,0.0,1,0.03,0.06,SPY230918C00456000,456.0,normalDay
2023-09-15,26273.0,-762.0,0.0,100,443.37,451.0,0,0.0,0.0,,0.0,1,0.03,0.02,SPY230918C00456000,456.0,normalDay
2023-09-18,26276.0,-737.0,3.0,100,443.63,451.0,0,0.0,0.0,,0.0,1,0.03,0.0,SPY230918C00456000,456.0,expirationDay
2023-09-19,26276.0,-832.0,0.0,100,442.71,451.0,0,0.0,0.0,,0.0,1,0.02,0.05,SPY230925C00455000,455.0,normalDay
2023-09-20,26276.0,-1236.0,0.0,100,438.64,451.0,0,0.0,0.0,,0.0,1,0.02,0.02,SPY230925C00455000,455.0,normalDay
2023-09-21,26276.0,-1960.0,0.0,100,431.39,451.0,0,0.0,0.0,,0.0,1,0.02,0.01,SPY230925C00455000,455.0,normalDay
2023-09-22,26276.0,-2057.0,0.0,100,430.42,451.0,0,0.0,0.0,,0.0,1,0.02,0.01,SPY230925C00455000,455.0,normalDay
2023-09-25,26278.0,-1877.0,2.0,100,432.23,451.0,0,0.0,0.0,,0.0,1,0.02,0.0,SPY230925C00455000,455.0,expirationDay
2023-09-26,26278.0,-2512.0,0.0,100,425.88,451.0,0,0.0,0.0,,0.0,0,0.0,0.0,,0.0,bidTooLow
2023-09-27,26278.0,-2495.0,0.0,100,426.05,451.0,0,0.0,0.0,,0.0,0,0.0,0.0,,0.0,bidTooLow
2023-09-28,26278.0,-2248.0,0.0,100,428.52,451.0,0,0.0,0.0,,0.0,0,0.0,0.0,,0.0,bidTooLow
2023-09-29,26278.0,-2352.0,0.0,100,427.48,451.0,0,0.0,0.0,,0.0,0,0.0,0.0,,0.0,bidTooLow
2023-10-02,26278.0,-2369.0,0.0,100,427.31,451.0,0,0.0,0.0,,0.0,0,0.0,0.0,,0.0,bidTooLow
2023-10-03,26278.0,-2941.0,0.0,100,421.59,451.0,0,0.0,0.0,,0.0,0,0.0,0.0,,0.0,bidTooLow
2023-10-04,26278.0,-2634.0,0.0,100,424.66,451.0,0,0.0,0.0,,0.0,0,0.0,0.0,,0.0,bidTooLow
2023-10-05,26278.0,-2650.0,0.0,100,424.5,451.0,0,0.0,0.0,,0.0,0,0.0,0.0,,0.0,bidTooLow
2023-10-06,26278.0,-2146.0,0.0,100,429.54,451.0,0,0.0,0.0,,0.0,0,0.0,0.0,,0.0,bidTooLow
2023-10-09,26278.0,-1871.0,0.0,100,432.29,451.0,0,0.0,0.0,,0.0,0,0.0,0.0,,0.0,bidTooLow
2023-10-10,26278.0,-1646.0,0.0,100,434.54,451.0,0,0.0,0.0,,0.0,0,0.0,0.0,,0.0,bidTooLow
2023-10-11,26278.0,-1471.0,0.0,100,436.32,451.0,0,0.0,0.0,,0.0,1,0.02,0.05,SPY231017C00450000,450.0,normalDay
2023-10-12,26278.0,-1734.0,0.0,100,433.66,451.0,0,0.0,0.0,,0.0,1,0.02,0.02,SPY231017C00450000,450.0,normalDay
2023-10-13,26278.0,-1949.0,0.0,100,431.5,451.0,0,0.0,0.0,,0.0,1,0.02,0.01,SPY231017C00450000,450.0,normalDay
2023-10-16,26278.0,-1495.0,0.0,100,436.04,451.0,0,0.0,0.0,,0.0,1,0.02,0.01,SPY231017C00450000,450.0,normalDay
2023-10-17,26280.0,-1498.0,2.0,100,436.02,451.0,0,0.0,0.0,,0.0,1,0.02,0.0,SPY231017C00450000,450.0,expirationDay
2023-10-18,26280.0,-2082.0,0.0,100,430.21,451.0,0,0.0,0.0,,0.0,1,0.45,0.48,SPY231024C00440000,440.0,normalDay
2023-10-19,26280.0,-2423.0,0.0,100,426.43,451.0,0,0.0,0.0,,0.0,1,0.45,0.11,SPY231024C00440000,440.0,normalDay
2023-10-20,26280.0,-2938.0,0.0,100,421.19,451.0,0,0.0,0.0,,0.0,1,0.45,0.02,SPY231024C00440000,440.0,normalDay
2023-10-23,26280.0,-3010.0,0.0,100,420.46,451.0,0,0.0,0.0,,0.0,1,0.45,0.01,SPY231024C00440000,440.0,normalDay
2023-10-24,26325.0,-2737.0,45.0,100,423.63,451.0,0,0.0,0.0,,0.0,1,0.45,0.0,SPY231024C00440000,440.0,expirationDay
2023-10-25,26325.0,-3345.0,0.0,100,417.55,451.0,0,0.0,0.0,,0.0,0,0.0,0.0,,0.0,bidTooLow
2023-10-26,26325.0,-3845.0,0.0,100,412.55,451.0,0,0.0,0.0,,0.0,0,0.0,0.0,,0.0,bidTooLow
2023-10-27,26325.0,-4032.0,0.0,100,410.68,451.0,0,0.0,0.0,,0.0,0,0.0,0.0,,0.0,bidTooLow
2023-10-30,26325.0,-3541.0,0.0,100,415.59,451.0,0,0.0,0.0,,0.0,0,0.0,0.0,,0.0,bidTooLow
2023-10-31,26325.0,-3280.0,0.0,100,418.2,451.0,0,0.0,0.0,,0.0,0,0.0,0.0,,0.0,bidTooLow
2023-11-01,26325.0,-2834.0,0.0,100,422.66,451.0,0,0.0,0.0,,0.0,0,0.0,0.0,,0.0,bidTooLow
2023-11-02,26325.0,-2027.0,0.0,100,430.76,451.0,0,0.0,0.0,,0.0,1,0.01,0.04,SPY231108C00445000,445.0,normalDay
2023-11-03,26325.0,-1636.0,0.0,100,434.69,451.0,0,0.0,0.0,,0.0,1,0.01,0.06,SPY231108C00445000,445.0,normalDay
2023-11-06,26325.0,-1532.0,0.0,100,435.69,451.0,0,0.0,0.0,,0.0,1,0.01,0.02,SPY231108C00445000,445.0,normalDay
2023-11-07,26325.0,-1408.0,0.0,100,436.93,451.0,0,0.0,0.0,,0.0,1,0.01,0.02,SPY231108C00445000,445.0,normalDay
2023-11-08,26326.0,-1375.0,1.0,100,437.25,451.0,0,0.0,0.0,,0.0,1,0.01,0.0,SPY231108C00445000,445.0,expirationDay
2023-11-09,26326.0,-1719.0,0.0,100,433.84,451.0,0,0.0,0.0,,0.0,1,0.03,0.06,SPY231115C00447000,447.0,normalDay
2023-11-10,26326.0,-1070.0,0.0,100,440.61,451.0,0,0.0,0.0,,0.0,1,0.03,0.34,SPY231115C00447000,447.0,normalDay
2023-11-13,26326.0,-1099.0,0.0,100,440.19,451.0,0,0.0,0.0,,0.0,1,0.03,0.21,SPY231115C00447000,447.0,normalDay
2023-11-14,26326.0,-491.0,0.0,100,448.73,451.0,0,0.0,0.0,,0.0,1,0.03,2.67,SPY231115C00447000,447.0,normalDay
2023-11-15,25929.0,-491.0,-397.0,0,449.68,0.0,0,0.0,0.0,,0.0,1,0.03,0.0,SPY231115C00447000,447.0,expirationDay
2023-11-16,25929.0,-3.0,0.0,0,450.23,0.0,1,0.27,0.3,SPY231201P00426000,426.0,0,0.0,0.0,,0.0,normalDay
2023-11-17,25929.0,5.0,0.0,0,450.79,0.0,1,0.27,0.22,SPY231201P00426000,426.0,0,0.0,0.0,,0.0,normalDay
2023-11-20,25929.0,15.0,0.0,0,454.26,0.0,1,0.27,0.12,SPY231201P00426000,426.0,0,0.0,0.0,,0.0,normalDay
2023-11-21,25929.0,16.0,0.0,0,453.27,0.0,1,0.27,0.11,SPY231201P00426000,426.0,0,0.0,0.0,,0.0,normalDay
2023-11-22,25929.0,20.0,0.0,0,455.02,0.0,1,0.27,0.07,SPY231201P00426000,426.0,0,0.0,0.0,,0.0,normalDay
2023-11-24,25929.0,23.0,0.0,0,455.3,0.0,1,0.27,0.04,SPY231201P00426000,426.0,0,0.0,0.0,,0.0,normalDay
2023-11-27,25929.0,24.0,0.0,0,454.48,0.0,1,0.27,0.03,SPY231201P00426000,426.0,0,0.0,0.0,,0.0,normalDay
2023-11-28,25929.0,24.0,0.0,0,454.93,0.0,1,0.27,0.03,SPY231201P00426000,426.0,0,0.0,0.0,,0.0,normalDay
2023-11-29,25929.0,25.0,0.0,0,454.61,0.0,1,0.27,0.02,SPY231201P00426000,426.0,0,0.0,0.0,,0.0,normalDay
2023-11-30,25929.0,26.0,0.0,0,456.4,0.0,1,0.27,0.01,SPY231201P00426000,426.0,0,0.0,0.0,,0.0,normalDay
