date,totalCapital,unrializedPnL,rializedPnL,stocksOwned,stocksPriceToday,stocksPriceBoughtAt,putOwned,putOwnedSoldAt,putPriceToday,putOwnedContract,putOwnedStrike,callOwned,callOwnedSoldAt,callPriceToday,callOwnedContract,callOwnedStrike,trackType
2018-11-01,0.0,-8.0,0.0,0,273.51,0.0,1,2.16,2.24,SPY181102P00275000,275.0,0,0.0,0.0,,0.0,normalDay
2018-11-02,216.0,-311.0,216.0,100,271.89,275.0,1,2.16,0.0,SPY181102P00275000,275.0,0,0.0,0.0,,0.0,expirationDay
2018-11-05,216.0,-164.0,0.0,100,273.39,275.0,0,0.0,0.0,,0.0,1,0.17,0.2,SPY181109C00281000,281.0,normalDay
2018-11-06,216.0,-21.0,0.0,100,275.12,275.0,0,0.0,0.0,,0.0,1,0.17,0.5,SPY181109C00281000,281.0,normalDay
2018-11-07,216.0,474.0,0.0,100,281.01,275.0,0,0.0,0.0,,0.0,1,0.17,1.44,SPY181109C00281000,281.0,normalDay
2018-11-08,216.0,497.0,0.0,100,280.5,275.0,0,0.0,0.0,,0.0,1,0.17,0.7,SPY181109C00281000,281.0,normalDay
2018-11-09,233.0,276.0,17.0,100,277.76,275.0,0,0.0,0.0,,0.0,1,0.17,0.0,SPY181109C00281000,281.0,expirationDay
2018-11-12,233.0,-246.0,0.0,100,272.57,275.0,0,0.0,0.0,,0.0,1,0.14,0.17,SPY181116C00280500,280.5,normalDay
2018-11-13,233.0,-288.0,0.0,100,272.06,275.0,0,0.0,0.0,,0.0,1,0.14,0.08,SPY181116C00280500,280.5,normalDay
2018-11-14,233.0,-469.0,0.0,100,270.2,275.0,0,0.0,0.0,,0.0,1,0.14,0.03,SPY181116C00280500,280.5,normalDay
2018-11-15,233.0,-188.0,0.0,100,273.02,275.0,0,0.0,0.0,,0.0,1,0.14,0.04,SPY181116C00280500,280.5,normalDay
2018-11-16,247.0,-127.0,14.0,100,273.73,275.0,0,0.0,0.0,,0.0,1,0.14,0.0,SPY181116C00280500,280.5,expirationDay
2018-11-19,247.0,-593.0,0.0,100,269.1,275.0,0,0.0,0.0,,0.0,1,0.04,0.07,SPY181123C00278000,278.0,normalDay
2018-11-20,247.0,-1085.0,0.0,100,264.12,275.0,0,0.0,0.0,,0.0,1,0.04,0.01,SPY181123C00278000,278.0,normalDay
2018-11-21,247.0,-995.0,0.0,100,265.02,275.0,0,0.0,0.0,,0.0,1,0.04,0.01,SPY181123C00278000,278.0,normalDay
2018-11-23,251.0,-1175.0,4.0,100,263.25,275.0,0,0.0,0.0,,0.0,1,0.04,0.0,SPY181123C00278000,278.0,expirationDay
2018-11-26,251.0,-750.0,0.0,100,267.5,275.0,0,0.0,0.0,,0.0,0,0.0,0.0,,0.0,bidTooLow
2018-11-27,251.0,-663.0,0.0,100,268.4,275.0,0,0.0,0.0,,0.0,1,0.09,0.12,SPY181203C00278000,278.0,normalDay
2018-11-28,251.0,-134.0,0.0,100,274.58,275.0,0,0.0,0.0,,0.0,1,0.09,1.01,SPY181203C00278000,278.0,normalDay
2018-11-29,251.0,-180.0,0.0,100,273.98,275.0,0,0.0,0.0,,0.0,1,0.09,0.87,SPY181203C00278000,278.0,normalDay
2018-11-30,251.0,-70.0,0.0,100,275.65,275.0,0,0.0,0.0,,0.0,1,0.09,1.44,SPY181203C00278000,278.0,normalDay
2018-12-03,560.0,-70.0,309.0,0,279.3,0.0,0,0.0,0.0,,0.0,1,0.09,0.0,SPY181203C00278000,278.0,expirationDay
2018-12-04,560.0,-21.0,0.0,0,270.25,0.0,1,3.37,3.58,SPY181207P00272500,272.5,0,0.0,0.0,,0.0,normalDay
2018-12-06,560.0,33.0,0.0,0,269.84,0.0,1,3.37,3.04,SPY181207P00272500,272.5,0,0.0,0.0,,0.0,normalDay
2018-12-07,897.0,-893.0,337.0,100,263.57,272.5,1,3.37,0.0,SPY181207P00272500,272.5,0,0.0,0.0,,0.0,expirationDay
2018-12-10,897.0,-846.0,0.0,100,264.07,272.5,0,0.0,0.0,,0.0,1,0.04,0.07,SPY181214C00277000,277.0,normalDay
2018-12-11,897.0,-838.0,0.0,100,264.13,272.5,0,0.0,0.0,,0.0,1,0.04,0.05,SPY181214C00277000,277.0,normalDay
2018-12-12,897.0,-703.0,0.0,100,265.46,272.5,0,0.0,0.0,,0.0,1,0.04,0.03,SPY181214C00277000,277.0,normalDay
2018-12-13,897.0,-710.0,0.0,100,265.37,272.5,0,0.0,0.0,,0.0,1,0.04,0.01,SPY181214C00277000,277.0,normalDay
2018-12-14,901.0,-1203.0,4.0,100,260.47,272.5,0,0.0,0.0,,0.0,1,0.04,0.0,SPY181214C00277000,277.0,expirationDay
2018-12-17,901.0,-1717.0,0.0,100,255.36,272.5,0,0.0,0.0,,0.0,1,0.01,0.04,SPY181221C00275000,275.0,normalDay
2018-12-18,901.0,-1744.0,0.0,100,255.08,272.5,0,0.0,0.0,,0.0,1,0.01,0.03,SPY181221C00275000,275.0,normalDay
2018-12-19,901.0,-2124.0,0.0,100,251.26,272.5,0,0.0,0.0,,0.0,1,0.01,0.01,SPY181221C00275000,275.0,normalDay
2018-12-20,901.0,-2533.0,0.0,100,247.17,272.5,0,0.0,0.0,,0.0,1,0.01,0.01,SPY181221C00275000,275.0,normalDay
2018-12-21,902.0,-3180.0,1.0,100,240.7,272.5,0,0.0,0.0,,0.0,1,0.01,0.0,SPY181221C00275000,275.0,expirationDay
2018-12-24,902.0,-3816.0,0.0,100,234.34,272.5,0,0.0,0.0,,0.0,0,0.0,0.0,,0.0,bidTooLow
2018-12-26,902.0,-2632.0,0.0,100,246.18,272.5,0,0.0,0.0,,0.0,0,0.0,0.0,,0.0,bidTooLow
2018-12-27,902.0,-2443.0,0.0,100,248.07,272.5,0,0.0,0.0,,0.0,0,0.0,0.0,,0.0,bidTooLow
2018-12-28,902.0,-2475.0,0.0,100,247.75,272.5,0,0.0,0.0,,0.0,0,0.0,0.0,,0.0,bidTooLow
2018-12-31,902.0,-2258.0,0.0,100,249.92,272.5,0,0.0,0.0,,0.0,0,0.0,0.0,,0.0,bidTooLow
2019-01-02,902.0,-2232.0,0.0,100,250.18,272.5,0,0.0,0.0,,0.0,0,0.0,0.0,,0.0,bidTooLow
2019-01-03,902.0,-2829.0,0.0,100,244.21,272.5,0,0.0,0.0,,0.0,0,0.0,0.0,,0.0,bidTooLow
2019-01-04,902.0,-2011.0,0.0,100,252.39,272.5,0,0.0,0.0,,0.0,0,0.0,0.0,,0.0,bidTooLow
2019-01-07,902.0,-1815.0,0.0,100,254.38,272.5,0,0.0,0.0,,0.0,1,0.08,0.11,SPY190111C00264000,264.0,normalDay
2019-01-08,902.0,-1578.0,0.0,100,256.77,272.5,0,0.0,0.0,,0.0,1,0.08,0.13,SPY190111C00264000,264.0,normalDay
2019-01-09,902.0,-1454.0,0.0,100,257.97,272.5,0,0.0,0.0,,0.0,1,0.08,0.09,SPY190111C00264000,264.0,normalDay
2019-01-10,902.0,-1357.0,0.0,100,258.88,272.5,0,0.0,0.0,,0.0,1,0.08,0.03,SPY190111C00264000,264.0,normalDay
2019-01-11,910.0,-1352.0,8.0,100,258.98,272.5,0,0.0,0.0,,0.0,1,0.08,0.0,SPY190111C00264000,264.0,expirationDay
2019-01-14,910.0,-1513.0,0.0,100,257.4,272.5,0,0.0,0.0,,0.0,1,0.7,0.73,SPY190118C00260000,260.0,normalDay
2019-01-15,910.0,-1315.0,0.0,100,260.35,272.5,0,0.0,0.0,,0.0,1,0.7,1.7,SPY190118C00260000,260.0,normalDay
2019-01-16,910.0,-1264.0,0.0,100,260.98,272.5,0,0.0,0.0,,0.0,1,0.7,1.82,SPY190118C00260000,260.0,normalDay
2019-01-17,910.0,-1198.0,0.0,100,262.96,272.5,0,0.0,0.0,,0.0,1,0.7,3.14,SPY190118C00260000,260.0,normalDay
2019-01-18,-270.0,-1198.0,-1180.0,0,266.46,0.0,0,0.0,0.0,,0.0,1,0.7,0.0,SPY190118C00260000,260.0,expirationDay
2019-01-22,-270.0,-3.0,0.0,0,262.86,0.0,1,0.12,0.15,SPY190125P00253500,253.5,0,0.0,0.0,,0.0,normalDay
2019-01-23,-270.0,9.0,0.0,0,263.41,0.0,1,0.12,0.03,SPY190125P00253500,253.5,0,0.0,0.0,,0.0,normalDay
2019-01-24,-270.0,10.0,0.0,0,263.55,0.0,1,0.12,0.02,SPY190125P00253500,253.5,0,0.0,0.0,,0.0,normalDay
2019-01-25,-258.0,0.0,12.0,0,265.78,0.0,1,0.12,0.0,SPY190125P00253500,253.5,0,0.0,0.0,,0.0,expirationDay
2019-01-28,-258.0,-4.0,0.0,0,263.76,0.0,1,0.15,0.19,SPY190130P00258000,258.0,0,0.0,0.0,,0.0,normalDay
2019-01-29,-258.0,4.0,0.0,0,263.41,0.0,1,0.15,0.11,SPY190130P00258000,258.0,0,0.0,0.0,,0.0,normalDay
2019-01-30,-243.0,0.0,15.0,0,267.58,0.0,1,0.15,0.0,SPY190130P00258000,258.0,0,0.0,0.0,,0.0,expirationDay
2019-01-31,-243.0,0.0,0.0,0,269.93,0.0,0,0.0,0.0,,0.0,0,0.0,0.0,,0.0,bidTooLow
2019-02-01,-243.0,0.0,0.0,0,270.06,0.0,0,0.0,0.0,,0.0,0,0.0,0.0,,0.0,bidTooLow
2019-02-04,-243.0,0.0,0.0,0,271.96,0.0,0,0.0,0.0,,0.0,0,0.0,0.0,,0.0,bidTooLow
2019-02-05,-243.0,-3.0,0.0,0,273.1,0.0,1,0.03,0.06,SPY190208P00264000,264.0,0,0.0,0.0,,0.0,normalDay
2019-02-06,-243.0,1.0,0.0,0,272.74,0.0,1,0.03,0.02,SPY190208P00264000,264.0,0,0.0,0.0,,0.0,normalDay
2019-02-07,-243.0,0.0,0.0,0,270.14,0.0,1,0.03,0.03,SPY190208P00264000,264.0,0,0.0,0.0,,0.0,normalDay
2019-02-08,-240.0,0.0,3.0,0,270.47,0.0,1,0.03,0.0,SPY190208P00264000,264.0,0,0.0,0.0,,0.0,expirationDay
2019-02-11,-240.0,-3.0,0.0,0,270.62,0.0,1,0.18,0.21,SPY190213P00266500,266.5,0,0.0,0.0,,0.0,normalDay
2019-02-12,-240.0,16.0,0.0,0,274.1,0.0,1,0.18,0.02,SPY190213P00266500,266.5,0,0.0,0.0,,0.0,normalDay
2019-02-13,-222.0,0.0,18.0,0,274.99,0.0,1,0.18,0.0,SPY190213P00266500,266.5,0,0.0,0.0,,0.0,expirationDay
2019-02-14,-222.0,-3.0,0.0,0,274.38,0.0,1,0.04,0.07,SPY190215P00268500,268.5,0,0.0,0.0,,0.0,normalDay
2019-02-15,-218.0,0.0,4.0,0,277.37,0.0,1,0.04,0.0,SPY190215P00268500,268.5,0,0.0,0.0,,0.0,expirationDay
2019-02-19,-218.0,-3.0,0.0,0,277.85,0.0,1,0.04,0.07,SPY190222P00270000,270.0,0,0.0,0.0,,0.0,normalDay
2019-02-20,-218.0,2.0,0.0,0,278.41,0.0,1,0.04,0.02,SPY190222P00270000,270.0,0,0.0,0.0,,0.0,normalDay
2019-02-21,-218.0,2.0,0.0,0,277.42,0.0,1,0.04,0.02,SPY190222P00270000,270.0,0,0.0,0.0,,0.0,normalDay
2019-02-22,-214.0,0.0,4.0,0,279.14,0.0,1,0.04,0.0,SPY190222P00270000,270.0,0,0.0,0.0,,0.0,expirationDay
2019-02-25,-214.0,-3.0,0.0,0,279.52,0.0,1,0.03,0.06,SPY190227P00273000,273.0,0,0.0,0.0,,0.0,normalDay
2019-02-26,-214.0,1.0,0.0,0,279.32,0.0,1,0.03,0.02,SPY190227P00273000,273.0,0,0.0,0.0,,0.0,normalDay
2019-02-27,-211.0,0.0,3.0,0,279.2,0.0,1,0.03,0.0,SPY190227P00273000,273.0,0,0.0,0.0,,0.0,expirationDay
2019-02-28,-211.0,-3.0,0.0,0,278.68,0.0,1,0.03,0.06,SPY190301P00275000,275.0,0,0.0,0.0,,0.0,normalDay
2019-03-01,-208.0,0.0,3.0,0,280.42,0.0,1,0.03,0.0,SPY190301P00275000,275.0,0,0.0,0.0,,0.0,expirationDay
2019-03-04,-208.0,-3.0,0.0,0,279.4,0.0,1,0.19,0.22,SPY190306P00276000,276.0,0,0.0,0.0,,0.0,normalDay
2019-03-05,-208.0,10.0,0.0,0,279.02,0.0,1,0.19,0.09,SPY190306P00276000,276.0,0,0.0,0.0,,0.0,normalDay
2019-03-06,-189.0,0.0,19.0,0,277.33,0.0,1,0.19,0.0,SPY190306P00276000,276.0,0,0.0,0.0,,0.0,expirationDay
2019-03-07,-189.0,-6.0,0.0,0,275.01,0.0,1,1.52,1.58,SPY190308P00276500,276.5,0,0.0,0.0,,0.0,normalDay
2019-03-08,-37.0,-204.0,152.0,100,274.46,276.5,1,1.52,0.0,SPY190308P00276500,276.5,0,0.0,0.0,,0.0,expirationDay
2019-03-11,-37.0,191.0,0.0,100,278.44,276.5,0,0.0,0.0,,0.0,1,0.44,0.47,SPY190315C00280500,280.5,normalDay
2019-03-12,-37.0,291.0,0.0,100,279.49,276.5,0,0.0,0.0,,0.0,1,0.44,0.52,SPY190315C00280500,280.5,normalDay
2019-03-13,-37.0,387.0,0.0,100,281.34,276.5,0,0.0,0.0,,0.0,1,0.44,1.41,SPY190315C00280500,280.5,normalDay
2019-03-14,-37.0,445.0,0.0,100,281.16,276.5,0,0.0,0.0,,0.0,1,0.44,0.65,SPY190315C00280500,280.5,normalDay
2019-03-15,407.0,445.0,444.0,0,281.31,0.0,0,0.0,0.0,,0.0,1,0.44,0.0,SPY190315C00280500,280.5,expirationDay
2019-03-18,407.0,-3.0,0.0,0,282.33,0.0,1,0.11,0.14,SPY190320P00279000,279.0,0,0.0,0.0,,0.0,normalDay
2019-03-19,407.0,-3.0,0.0,0,282.4,0.0,1,0.11,0.14,SPY190320P00279000,279.0,0,0.0,0.0,,0.0,normalDay
2019-03-20,418.0,0.0,11.0,0,281.55,0.0,1,0.11,0.0,SPY190320P00279000,279.0,0,0.0,0.0,,0.0,expirationDay
2019-03-21,418.0,-3.0,0.0,0,284.73,0.0,1,0.02,0.05,SPY190322P00279500,279.5,0,0.0,0.0,,0.0,normalDay
2019-03-22,420.0,-25.0,2.0,100,279.25,279.5,1,0.02,0.0,SPY190322P00279500,279.5,0,0.0,0.0,,0.0,expirationDay
2019-03-25,420.0,-50.0,0.0,100,279.04,279.5,0,0.0,0.0,,0.0,1,0.45,0.49,SPY190329C00283000,283.0,normalDay
2019-03-26,420.0,142.0,0.0,100,281.12,279.5,0,0.0,0.0,,0.0,1,0.45,0.65,SPY190329C00283000,283.0,normalDay
2019-03-27,420.0,36.0,0.0,100,279.65,279.5,0,0.0,0.0,,0.0,1,0.45,0.24,SPY190329C00283000,283.0,normalDay
2019-03-28,420.0,149.0,0.0,100,280.71,279.5,0,0.0,0.0,,0.0,1,0.45,0.17,SPY190329C00283000,283.0,normalDay
2019-03-29,465.0,298.0,45.0,100,282.48,279.5,0,0.0,0.0,,0.0,1,0.45,0.0,SPY190329C00283000,283.0,expirationDay
2019-04-01,465.0,628.0,0.0,100,285.83,279.5,0,0.0,0.0,,0.0,1,2.46,2.51,SPY190405C00284000,284.0,normalDay
2019-04-02,465.0,656.0,0.0,100,285.97,279.5,0,0.0,0.0,,0.0,1,2.46,2.37,SPY190405C00284000,284.0,normalDay
2019-04-03,465.0,640.0,0.0,100,286.42,279.5,0,0.0,0.0,,0.0,1,2.46,2.98,SPY190405C00284000,284.0,normalDay
2019-04-04,465.0,678.0,0.0,100,287.18,279.5,0,0.0,0.0,,0.0,1,2.46,3.36,SPY190405C00284000,284.0,normalDay
2019-04-05,1161.0,678.0,696.0,0,288.57,0.0,0,0.0,0.0,,0.0,1,2.46,0.0,SPY190405C00284000,284.0,expirationDay
2019-04-08,1161.0,0.0,0.0,0,288.79,0.0,0,0.0,0.0,,0.0,0,0.0,0.0,,0.0,bidTooLow
2019-04-09,1161.0,-3.0,0.0,0,287.31,0.0,1,0.24,0.27,SPY190412P00283500,283.5,0,0.0,0.0,,0.0,normalDay
2019-04-10,1161.0,18.0,0.0,0,288.29,0.0,1,0.24,0.06,SPY190412P00283500,283.5,0,0.0,0.0,,0.0,normalDay
2019-04-11,1161.0,21.0,0.0,0,288.21,0.0,1,0.24,0.03,SPY190412P00283500,283.5,0,0.0,0.0,,0.0,normalDay
2019-04-12,1185.0,0.0,24.0,0,290.16,0.0,1,0.24,0.0,SPY190412P00283500,283.5,0,0.0,0.0,,0.0,expirationDay
2019-04-15,1185.0,-3.0,0.0,0,289.97,0.0,1,0.09,0.12,SPY190418P00285000,285.0,0,0.0,0.0,,0.0,normalDay
2019-04-16,1185.0,1.0,0.0,0,290.16,0.0,1,0.09,0.08,SPY190418P00285000,285.0,0,0.0,0.0,,0.0,normalDay
2019-04-17,1185.0,4.0,0.0,0,289.45,0.0,1,0.09,0.05,SPY190418P00285000,285.0,0,0.0,0.0,,0.0,normalDay
2019-04-18,1194.0,0.0,9.0,0,290.02,0.0,1,0.09,0.0,SPY190418P00285000,285.0,0,0.0,0.0,,0.0,expirationDay
2019-04-22,1194.0,-3.0,0.0,0,290.27,0.0,1,0.06,0.09,SPY190424P00286500,286.5,0,0.0,0.0,,0.0,normalDay
2019-04-23,1194.0,4.0,0.0,0,292.88,0.0,1,0.06,0.02,SPY190424P00286500,286.5,0,0.0,0.0,,0.0,normalDay
2019-04-24,1200.0,0.0,6.0,0,292.23,0.0,1,0.06,0.0,SPY190424P00286500,286.5,0,0.0,0.0,,0.0,expirationDay
2019-04-25,1200.0,-3.0,0.0,0,292.05,0.0,1,0.06,0.09,SPY190426P00288500,288.5,0,0.0,0.0,,0.0,normalDay
2019-04-26,1206.0,0.0,6.0,0,293.41,0.0,1,0.06,0.0,SPY190426P00288500,288.5,0,0.0,0.0,,0.0,expirationDay
2019-04-29,1206.0,-3.0,0.0,0,293.87,0.0,1,0.11,0.14,SPY190501P00289500,289.5,0,0.0,0.0,,0.0,normalDay
2019-04-30,1206.0,5.0,0.0,0,294.02,0.0,1,0.11,0.06,SPY190501P00289500,289.5,0,0.0,0.0,,0.0,normalDay
2019-05-01,1217.0,0.0,11.0,0,291.81,0.0,1,0.11,0.0,SPY190501P00289500,289.5,0,0.0,0.0,,0.0,expirationDay
2019-05-02,1217.0,-3.0,0.0,0,291.18,0.0,1,0.57,0.6,SPY190503P00290500,290.5,0,0.0,0.0,,0.0,normalDay
2019-05-03,1274.0,0.0,57.0,0,294.03,0.0,1,0.57,0.0,SPY190503P00290500,290.5,0,0.0,0.0,,0.0,expirationDay
2019-05-06,1274.0,-3.0,0.0,0,292.82,0.0,1,0.6,0.63,SPY190508P00291000,291.0,0,0.0,0.0,,0.0,normalDay
2019-05-07,1274.0,-240.0,0.0,0,287.93,0.0,1,0.6,3.0,SPY190508P00291000,291.0,0,0.0,0.0,,0.0,normalDay
2019-05-08,1334.0,-347.0,60.0,100,287.53,291.0,1,0.6,0.0,SPY190508P00291000,291.0,0,0.0,0.0,,0.0,expirationDay
2019-05-09,1334.0,-438.0,0.0,100,286.66,291.0,0,0.0,0.0,,0.0,1,0.39,0.43,SPY190515C00294000,294.0,normalDay
2019-05-10,1334.0,-266.0,0.0,100,288.1,291.0,0,0.0,0.0,,0.0,1,0.39,0.15,SPY190515C00294000,294.0,normalDay
2019-05-13,1334.0,-977.0,0.0,100,280.86,291.0,0,0.0,0.0,,0.0,1,0.39,0.02,SPY190515C00294000,294.0,normalDay
2019-05-14,1334.0,-722.0,0.0,100,283.4,291.0,0,0.0,0.0,,0.0,1,0.39,0.01,SPY190515C00294000,294.0,normalDay
2019-05-15,1373.0,-594.0,39.0,100,285.06,291.0,0,0.0,0.0,,0.0,1,0.39,0.0,SPY190515C00294000,294.0,expirationDay
2019-05-16,1373.0,-333.0,0.0,100,287.7,291.0,0,0.0,0.0,,0.0,1,0.03,0.06,SPY190522C00295000,295.0,normalDay
2019-05-17,1373.0,-515.0,0.0,100,285.84,291.0,0,0.0,0.0,,0.0,1,0.03,0.02,SPY190522C00295000,295.0,normalDay
2019-05-20,1373.0,-703.0,0.0,100,283.95,291.0,0,0.0,0.0,,0.0,1,0.03,0.01,SPY190522C00295000,295.0,normalDay
2019-05-21,1373.0,-447.0,0.0,100,286.51,291.0,0,0.0,0.0,,0.0,1,0.03,0.01,SPY190522C00295000,295.0,normalDay
2019-05-22,1376.0,-537.0,3.0,100,285.63,291.0,0,0.0,0.0,,0.0,1,0.03,0.0,SPY190522C00295000,295.0,expirationDay
2019-05-23,1376.0,-886.0,0.0,100,282.14,291.0,0,0.0,0.0,,0.0,0,0.0,0.0,,0.0,bidTooLow
2019-05-24,1376.0,-822.0,0.0,100,282.78,291.0,0,0.0,0.0,,0.0,0,0.0,0.0,,0.0,bidTooLow
2019-05-28,1376.0,-1085.0,0.0,100,280.15,291.0,0,0.0,0.0,,0.0,0,0.0,0.0,,0.0,bidTooLow
2019-05-29,1376.0,-1273.0,0.0,100,278.27,291.0,0,0.0,0.0,,0.0,0,0.0,0.0,,0.0,bidTooLow
2019-05-30,1376.0,-1197.0,0.0,100,279.03,291.0,0,0.0,0.0,,0.0,0,0.0,0.0,,0.0,bidTooLow
2019-05-31,1376.0,-1573.0,0.0,100,275.27,291.0,0,0.0,0.0,,0.0,0,0.0,0.0,,0.0,bidTooLow
2019-06-03,1376.0,-1643.0,0.0,100,274.57,291.0,0,0.0,0.0,,0.0,0,0.0,0.0,,0.0,bidTooLow
2019-06-04,1376.0,-1050.0,0.0,100,280.53,291.0,0,0.0,0.0,,0.0,1,0.04,0.07,SPY190610C00288000,288.0,normalDay
2019-06-05,1376.0,-815.0,0.0,100,282.96,291.0,0,0.0,0.0,,0.0,1,0.04,0.15,SPY190610C00288000,288.0,normalDay
2019-06-06,1376.0,-646.0,0.0,100,284.8,291.0,0,0.0,0.0,,0.0,1,0.04,0.3,SPY190610C00288000,288.0,normalDay
2019-06-07,1376.0,-417.0,0.0,100,287.65,291.0,0,0.0,0.0,,0.0,1,0.04,0.86,SPY190610C00288000,288.0,normalDay
2019-06-10,1080.0,-417.0,-296.0,0,288.97,0.0,0,0.0,0.0,,0.0,1,0.04,0.0,SPY190610C00288000,288.0,expirationDay
2019-06-11,1080.0,-3.0,0.0,0,288.9,0.0,1,0.17,0.2,SPY190614P00283000,283.0,0,0.0,0.0,,0.0,normalDay
2019-06-12,1080.0,9.0,0.0,0,288.39,0.0,1,0.17,0.08,SPY190614P00283000,283.0,0,0.0,0.0,,0.0,normalDay
2019-06-13,1080.0,14.0,0.0,0,289.58,0.0,1,0.17,0.03,SPY190614P00283000,283.0,0,0.0,0.0,,0.0,normalDay
2019-06-14,1097.0,0.0,17.0,0,289.26,0.0,1,0.17,0.0,SPY190614P00283000,283.0,0,0.0,0.0,,0.0,expirationDay
2019-06-17,1097.0,-3.0,0.0,0,289.37,0.0,1,0.07,0.1,SPY190619P00284000,284.0,0,0.0,0.0,,0.0,normalDay
2019-06-18,1097.0,4.0,0.0,0,292.4,0.0,1,0.07,0.03,SPY190619P00284000,284.0,0,0.0,0.0,,0.0,normalDay
2019-06-19,1104.0,0.0,7.0,0,293.06,0.0,1,0.07,0.0,SPY190619P00284000,284.0,0,0.0,0.0,,0.0,expirationDay
2019-06-20,1104.0,-3.0,0.0,0,295.86,0.0,1,0.03,0.06,SPY190621P00285000,285.0,0,0.0,0.0,,0.0,normalDay
2019-06-21,1107.0,0.0,3.0,0,294.0,0.0,1,0.03,0.0,SPY190621P00285000,285.0,0,0.0,0.0,,0.0,expirationDay
2019-06-24,1107.0,-3.0,0.0,0,293.64,0.0,1,0.01,0.04,SPY190626P00286500,286.5,0,0.0,0.0,,0.0,normalDay
2019-06-25,1107.0,-6.0,0.0,0,290.76,0.0,1,0.01,0.07,SPY190626P00286500,286.5,0,0.0,0.0,,0.0,normalDay
2019-06-26,1108.0,0.0,1.0,0,290.47,0.0,1,0.01,0.0,SPY190626P00286500,286.5,0,0.0,0.0,,0.0,expirationDay
2019-06-27,1108.0,-3.0,0.0,0,291.5,0.0,1,0.07,0.1,SPY190628P00288000,288.0,0,0.0,0.0,,0.0,normalDay
2019-06-28,1115.0,0.0,7.0,0,293.0,0.0,1,0.07,0.0,SPY190628P00288000,288.0,0,0.0,0.0,,0.0,expirationDay
2019-07-01,1115.0,-3.0,0.0,0,295.66,0.0,1,0.02,0.05,SPY190703P00290000,290.0,0,0.0,0.0,,0.0,normalDay
2019-07-02,1115.0,0.0,0.0,0,296.43,0.0,1,0.02,0.02,SPY190703P00290000,290.0,0,0.0,0.0,,0.0,normalDay
2019-07-03,1117.0,0.0,2.0,0,298.8,0.0,1,0.02,0.0,SPY190703P00290000,290.0,0,0.0,0.0,,0.0,expirationDay
2019-07-05,1117.0,0.0,0.0,0,298.46,0.0,0,0.0,0.0,,0.0,0,0.0,0.0,,0.0,bidTooLow
2019-07-08,1117.0,-3.0,0.0,0,296.82,0.0,1,0.07,0.1,SPY190710P00293000,293.0,0,0.0,0.0,,0.0,normalDay
2019-07-09,1117.0,2.0,0.0,0,297.19,0.0,1,0.07,0.05,SPY190710P00293000,293.0,0,0.0,0.0,,0.0,normalDay
2019-07-10,1124.0,0.0,7.0,0,298.61,0.0,1,0.07,0.0,SPY190710P00293000,293.0,0,0.0,0.0,,0.0,expirationDay
2019-07-11,1124.0,-3.0,0.0,0,299.31,0.0,1,0.01,0.04,SPY190712P00294000,294.0,0,0.0,0.0,,0.0,normalDay
2019-07-12,1125.0,0.0,1.0,0,300.65,0.0,1,0.01,0.0,SPY190712P00294000,294.0,0,0.0,0.0,,0.0,expirationDay
2019-07-15,1125.0,-3.0,0.0,0,300.75,0.0,1,0.03,0.06,SPY190717P00295500,295.5,0,0.0,0.0,,0.0,normalDay
2019-07-16,1125.0,0.0,0.0,0,299.78,0.0,1,0.03,0.03,SPY190717P00295500,295.5,0,0.0,0.0,,0.0,normalDay
2019-07-17,1128.0,0.0,3.0,0,297.74,0.0,1,0.03,0.0,SPY190717P00295500,295.5,0,0.0,0.0,,0.0,expirationDay
2019-07-18,1128.0,-3.0,0.0,0,298.83,0.0,1,0.09,0.12,SPY190719P00296000,296.0,0,0.0,0.0,,0.0,normalDay
2019-07-19,1137.0,0.0,9.0,0,297.17,0.0,1,0.09,0.0,SPY190719P00296000,296.0,0,0.0,0.0,,0.0,expirationDay
2019-07-22,1137.0,-3.0,0.0,0,297.9,0.0,1,0.4,0.43,SPY190724P00296500,296.5,0,0.0,0.0,,0.0,normalDay
2019-07-23,1137.0,36.0,0.0,0,300.03,0.0,1,0.4,0.04,SPY190724P00296500,296.5,0,0.0,0.0,,0.0,normalDay
2019-07-24,1177.0,0.0,40.0,0,301.44,0.0,1,0.4,0.0,SPY190724P00296500,296.5,0,0.0,0.0,,0.0,expirationDay
2019-07-25,1177.0,-3.0,0.0,0,300.0,0.0,1,0.16,0.19,SPY190726P00298000,298.0,0,0.0,0.0,,0.0,normalDay
2019-07-26,1193.0,0.0,16.0,0,302.01,0.0,1,0.16,0.0,SPY190726P00298000,298.0,0,0.0,0.0,,0.0,expirationDay
2019-07-29,1193.0,-3.0,0.0,0,301.46,0.0,1,0.4,0.43,SPY190731P00299000,299.0,0,0.0,0.0,,0.0,normalDay
2019-07-30,1193.0,-22.0,0.0,0,300.72,0.0,1,0.4,0.62,SPY190731P00299000,299.0,0,0.0,0.0,,0.0,normalDay
2019-07-31,1233.0,-157.0,40.0,100,297.43,299.0,1,0.4,0.0,SPY190731P00299000,299.0,0,0.0,0.0,,0.0,expirationDay
2019-08-01,1233.0,-419.0,0.0,100,294.84,299.0,0,0.0,0.0,,0.0,1,0.25,0.28,SPY190807C00301000,301.0,normalDay
2019-08-02,1233.0,-616.0,0.0,100,292.62,299.0,0,0.0,0.0,,0.0,1,0.25,0.03,SPY190807C00301000,301.0,normalDay
2019-08-05,1233.0,-1494.0,0.0,100,283.82,299.0,0,0.0,0.0,,0.0,1,0.25,0.01,SPY190807C00301000,301.0,normalDay
2019-08-06,1233.0,-1096.0,0.0,100,287.8,299.0,0,0.0,0.0,,0.0,1,0.25,0.01,SPY190807C00301000,301.0,normalDay
2019-08-07,1258.0,-1103.0,25.0,100,287.97,299.0,0,0.0,0.0,,0.0,1,0.25,0.0,SPY190807C00301000,301.0,expirationDay
2019-08-08,1258.0,-538.0,0.0,100,293.62,299.0,0,0.0,0.0,,0.0,0,0.0,0.0,,0.0,bidTooLow
2019-08-09,1258.0,-738.0,0.0,100,291.62,299.0,0,0.0,0.0,,0.0,0,0.0,0.0,,0.0,bidTooLow
2019-08-12,1258.0,-1093.0,0.0,100,288.07,299.0,0,0.0,0.0,,0.0,0,0.0,0.0,,0.0,bidTooLow
2019-08-13,1258.0,-648.0,0.0,100,292.55,299.0,0,0.0,0.0,,0.0,1,0.01,0.04,SPY190819C00302000,302.0,normalDay
2019-08-14,1258.0,-1511.0,0.0,100,283.9,299.0,0,0.0,0.0,,0.0,1,0.01,0.02,SPY190819C00302000,302.0,normalDay
2019-08-15,1258.0,-1435.0,0.0,100,284.65,299.0,0,0.0,0.0,,0.0,1,0.01,0.01,SPY190819C00302000,302.0,normalDay
2019-08-16,1258.0,-1015.0,0.0,100,288.85,299.0,0,0.0,0.0,,0.0,1,0.01,0.01,SPY190819C00302000,302.0,normalDay
2019-08-19,1259.0,-667.0,1.0,100,292.33,299.0,0,0.0,0.0,,0.0,1,0.01,0.0,SPY190819C00302000,302.0,expirationDay
2019-08-20,1259.0,-891.0,0.0,100,290.09,299.0,0,0.0,0.0,,0.0,0,0.0,0.0,,0.0,bidTooLow
2019-08-21,1259.0,-658.0,0.0,100,292.45,299.0,0,0.0,0.0,,0.0,1,0.01,0.04,SPY190826C00300000,300.0,normalDay
2019-08-22,1259.0,-666.0,0.0,100,292.36,299.0,0,0.0,0.0,,0.0,1,0.01,0.03,SPY190826C00300000,300.0,normalDay
2019-08-23,1259.0,-1415.0,0.0,100,284.85,299.0,0,0.0,0.0,,0.0,1,0.01,0.01,SPY190826C00300000,300.0,normalDay
2019-08-26,1260.0,-1100.0,1.0,100,288.0,299.0,0,0.0,0.0,,0.0,1,0.01,0.0,SPY190826C00300000,300.0,expirationDay
2019-08-27,1260.0,-1216.0,0.0,100,286.87,299.0,0,0.0,0.0,,0.0,1,0.08,0.11,SPY190830C00294500,294.5,normalDay
2019-08-28,1260.0,-1014.0,0.0,100,288.89,299.0,0,0.0,0.0,,0.0,1,0.08,0.11,SPY190830C00294500,294.5,normalDay
2019-08-29,1260.0,-660.0,0.0,100,292.58,299.0,0,0.0,0.0,,0.0,1,0.08,0.26,SPY190830C00294500,294.5,normalDay
2019-08-30,1268.0,-655.0,8.0,100,292.45,299.0,0,0.0,0.0,,0.0,1,0.08,0.0,SPY190830C00294500,294.5,expirationDay
2019-09-03,1268.0,-829.0,0.0,100,290.74,299.0,0,0.0,0.0,,0.0,1,1.25,1.28,SPY190909C00293000,293.0,normalDay
2019-09-04,1268.0,-610.0,0.0,100,294.04,299.0,0,0.0,0.0,,0.0,1,1.25,2.39,SPY190909C00293000,293.0,normalDay
2019-09-05,1268.0,-476.0,0.0,100,297.82,299.0,0,0.0,0.0,,0.0,1,1.25,4.83,SPY190909C00293000,293.0,normalDay
2019-09-06,1268.0,-494.0,0.0,100,298.05,299.0,0,0.0,0.0,,0.0,1,1.25,5.24,SPY190909C00293000,293.0,normalDay
2019-09-09,793.0,-494.0,-475.0,0,298.2,0.0,0,0.0,0.0,,0.0,1,1.25,0.0,SPY190909C00293000,293.0,expirationDay
2019-09-10,793.0,-3.0,0.0,0,298.13,0.0,1,0.13,0.16,SPY190913P00291500,291.5,0,0.0,0.0,,0.0,normalDay
2019-09-11,793.0,9.0,0.0,0,300.25,0.0,1,0.13,0.04,SPY190913P00291500,291.5,0,0.0,0.0,,0.0,normalDay
2019-09-12,793.0,10.0,0.0,0,301.29,0.0,1,0.13,0.03,SPY190913P00291500,291.5,0,0.0,0.0,,0.0,normalDay
2019-09-13,806.0,0.0,13.0,0,301.09,0.0,1,0.13,0.0,SPY190913P00291500,291.5,0,0.0,0.0,,0.0,expirationDay
2019-09-16,806.0,-3.0,0.0,0,300.16,0.0,1,0.12,0.15,SPY190918P00294000,294.0,0,0.0,0.0,,0.0,normalDay
2019-09-17,806.0,6.0,0.0,0,300.92,0.0,1,0.12,0.06,SPY190918P00294000,294.0,0,0.0,0.0,,0.0,normalDay
2019-09-18,818.0,0.0,12.0,0,301.1,0.0,1,0.12,0.0,SPY190918P00294000,294.0,0,0.0,0.0,,0.0,expirationDay
2019-09-19,818.0,-3.0,0.0,0,301.08,0.0,1,0.1,0.13,SPY190920P00295500,295.5,0,0.0,0.0,,0.0,normalDay
2019-09-20,828.0,0.0,10.0,0,298.28,0.0,1,0.1,0.0,SPY190920P00295500,295.5,0,0.0,0.0,,0.0,expirationDay
2019-09-23,828.0,-3.0,0.0,0,298.21,0.0,1,0.28,0.31,SPY190925P00296000,296.0,0,0.0,0.0,,0.0,normalDay
2019-09-24,828.0,-70.0,0.0,0,295.87,0.0,1,0.28,0.98,SPY190925P00296000,296.0,0,0.0,0.0,,0.0,normalDay
2019-09-25,856.0,0.0,28.0,0,297.62,0.0,1,0.28,0.0,SPY190925P00296000,296.0,0,0.0,0.0,,0.0,expirationDay
2019-09-26,856.0,-4.0,0.0,0,297.0,0.0,1,1.0,1.04,SPY190927P00297500,297.5,0,0.0,0.0,,0.0,normalDay
2019-09-27,956.0,-210.0,100.0,100,295.4,297.5,1,1.0,0.0,SPY190927P00297500,297.5,0,0.0,0.0,,0.0,expirationDay
2019-09-30,956.0,-76.0,0.0,100,296.77,297.5,0,0.0,0.0,,0.0,1,0.1,0.13,SPY191004C00302000,302.0,normalDay
2019-10-01,956.0,-418.0,0.0,100,293.24,297.5,0,0.0,0.0,,0.0,1,0.1,0.02,SPY191004C00302000,302.0,normalDay
2019-10-02,956.0,-935.0,0.0,100,288.06,297.5,0,0.0,0.0,,0.0,1,0.1,0.01,SPY191004C00302000,302.0,normalDay
2019-10-03,956.0,-699.0,0.0,100,290.42,297.5,0,0.0,0.0,,0.0,1,0.1,0.01,SPY191004C00302000,302.0,normalDay
2019-10-04,966.0,-315.0,10.0,100,294.35,297.5,0,0.0,0.0,,0.0,1,0.1,0.0,SPY191004C00302000,302.0,expirationDay
2019-10-07,966.0,-445.0,0.0,100,293.08,297.5,0,0.0,0.0,,0.0,1,0.01,0.04,SPY191011C00302000,302.0,normalDay
2019-10-08,966.0,-897.0,0.0,100,288.53,297.5,0,0.0,0.0,,0.0,1,0.01,0.01,SPY191011C00302000,302.0,normalDay
2019-10-09,966.0,-623.0,0.0,100,291.27,297.5,0,0.0,0.0,,0.0,1,0.01,0.01,SPY191011C00302000,302.0,normalDay
2019-10-10,966.0,-426.0,0.0,100,293.24,297.5,0,0.0,0.0,,0.0,1,0.01,0.01,SPY191011C00302000,302.0,normalDay
2019-10-11,967.0,-122.0,1.0,100,296.28,297.5,0,0.0,0.0,,0.0,1,0.01,0.0,SPY191011C00302000,302.0,expirationDay
2019-10-14,967.0,-158.0,0.0,100,295.95,297.5,0,0.0,0.0,,0.0,1,0.21,0.24,SPY191018C00300000,300.0,normalDay
2019-10-15,967.0,77.0,0.0,100,298.88,297.5,0,0.0,0.0,,0.0,1,0.21,0.82,SPY191018C00300000,300.0,normalDay
2019-10-16,967.0,69.0,0.0,100,298.4,297.5,0,0.0,0.0,,0.0,1,0.21,0.42,SPY191018C00300000,300.0,normalDay
2019-10-17,967.0,166.0,0.0,100,299.28,297.5,0,0.0,0.0,,0.0,1,0.21,0.33,SPY191018C00300000,300.0,normalDay
2019-10-18,988.0,47.0,21.0,100,297.97,297.5,0,0.0,0.0,,0.0,1,0.21,0.0,SPY191018C00300000,300.0,expirationDay
2019-10-21,988.0,245.0,0.0,100,299.99,297.5,0,0.0,0.0,,0.0,1,1.7,1.74,SPY191025C00299500,299.5,normalDay
2019-10-22,988.0,220.0,0.0,100,299.01,297.5,0,0.0,0.0,,0.0,1,1.7,1.01,SPY191025C00299500,299.5,normalDay
2019-10-23,988.0,276.0,0.0,100,299.88,297.5,0,0.0,0.0,,0.0,1,1.7,1.32,SPY191025C00299500,299.5,normalDay
2019-10-24,988.0,347.0,0.0,100,300.37,297.5,0,0.0,0.0,,0.0,1,1.7,1.1,SPY191025C00299500,299.5,normalDay
2019-10-25,1358.0,347.0,370.0,0,301.6,0.0,0,0.0,0.0,,0.0,1,1.7,0.0,SPY191025C00299500,299.5,expirationDay
2019-10-28,1358.0,-3.0,0.0,0,303.3,0.0,1,0.02,0.05,SPY191030P00296000,296.0,0,0.0,0.0,,0.0,normalDay
2019-10-29,1358.0,-1.0,0.0,0,303.21,0.0,1,0.02,0.03,SPY191030P00296000,296.0,0,0.0,0.0,,0.0,normalDay
2019-10-30,1360.0,0.0,2.0,0,304.14,0.0,1,0.02,0.0,SPY191030P00296000,296.0,0,0.0,0.0,,0.0,expirationDay
2019-10-31,1360.0,-3.0,0.0,0,303.33,0.0,1,0.01,0.04,SPY191101P00298000,298.0,0,0.0,0.0,,0.0,normalDay
2019-11-01,1361.0,0.0,1.0,0,306.14,0.0,1,0.01,0.0,SPY191101P00298000,298.0,0,0.0,0.0,,0.0,expirationDay
2019-11-04,1361.0,0.0,0.0,0,307.37,0.0,0,0.0,0.0,,0.0,0,0.0,0.0,,0.0,bidTooLow
2019-11-05,1361.0,-3.0,0.0,0,307.03,0.0,1,0.05,0.08,SPY191108P00300500,300.5,0,0.0,0.0,,0.0,normalDay
2019-11-06,1361.0,2.0,0.0,0,307.1,0.0,1,0.05,0.03,SPY191108P00300500,300.5,0,0.0,0.0,,0.0,normalDay
2019-11-07,1361.0,3.0,0.0,0,308.18,0.0,1,0.05,0.02,SPY191108P00300500,300.5,0,0.0,0.0,,0.0,normalDay
2019-11-08,1366.0,0.0,5.0,0,308.94,0.0,1,0.05,0.0,SPY191108P00300500,300.5,0,0.0,0.0,,0.0,expirationDay
2019-11-11,1366.0,-3.0,0.0,0,308.35,0.0,1,0.01,0.04,SPY191113P00303000,303.0,0,0.0,0.0,,0.0,normalDay
2019-11-12,1366.0,-1.0,0.0,0,309.0,0.0,1,0.01,0.02,SPY191113P00303000,303.0,0,0.0,0.0,,0.0,normalDay
2019-11-13,1367.0,0.0,1.0,0,309.1,0.0,1,0.01,0.0,SPY191113P00303000,303.0,0,0.0,0.0,,0.0,expirationDay
2019-11-14,1367.0,-3.0,0.0,0,309.55,0.0,1,0.02,0.05,SPY191115P00304500,304.5,0,0.0,0.0,,0.0,normalDay
2019-11-15,1369.0,0.0,2.0,0,311.79,0.0,1,0.02,0.0,SPY191115P00304500,304.5,0,0.0,0.0,,0.0,expirationDay
2019-11-18,1369.0,-3.0,0.0,0,312.02,0.0,1,0.03,0.06,SPY191120P00306000,306.0,0,0.0,0.0,,0.0,normalDay
2019-11-19,1369.0,0.0,0.0,0,311.93,0.0,1,0.03,0.03,SPY191120P00306000,306.0,0,0.0,0.0,,0.0,normalDay
2019-11-20,1372.0,0.0,3.0,0,310.77,0.0,1,0.03,0.0,SPY191120P00306000,306.0,0,0.0,0.0,,0.0,expirationDay
2019-11-21,1372.0,-3.0,0.0,0,310.27,0.0,1,0.1,0.13,SPY191122P00307500,307.5,0,0.0,0.0,,0.0,normalDay
2019-11-22,1382.0,0.0,10.0,0,310.96,0.0,1,0.1,0.0,SPY191122P00307500,307.5,0,0.0,0.0,,0.0,expirationDay
2019-11-25,1382.0,-3.0,0.0,0,313.37,0.0,1,0.06,0.09,SPY191127P00308500,308.5,0,0.0,0.0,,0.0,normalDay
2019-11-26,1382.0,3.0,0.0,0,314.08,0.0,1,0.06,0.03,SPY191127P00308500,308.5,0,0.0,0.0,,0.0,normalDay
2019-11-27,1388.0,0.0,6.0,0,315.48,0.0,1,0.06,0.0,SPY191127P00308500,308.5,0,0.0,0.0,,0.0,expirationDay
2019-11-29,1388.0,-4.0,0.0,0,314.31,0.0,1,0.06,0.1,SPY191202P00310000,310.0,0,0.0,0.0,,0.0,normalDay
2019-12-02,1394.0,0.0,6.0,0,311.64,0.0,1,0.06,0.0,SPY191202P00310000,310.0,0,0.0,0.0,,0.0,expirationDay
2019-12-03,1394.0,-4.0,0.0,0,309.55,0.0,1,2.19,2.23,SPY191206P00310500,310.5,0,0.0,0.0,,0.0,normalDay
2019-12-04,1394.0,118.0,0.0,0,311.46,0.0,1,2.19,1.01,SPY191206P00310500,310.5,0,0.0,0.0,,0.0,normalDay
2019-12-05,1394.0,184.0,0.0,0,312.02,0.0,1,2.19,0.35,SPY191206P00310500,310.5,0,0.0,0.0,,0.0,normalDay
2019-12-06,1613.0,0.0,219.0,0,314.87,0.0,1,2.19,0.0,SPY191206P00310500,310.5,0,0.0,0.0,,0.0,expirationDay
2019-12-09,1613.0,-3.0,0.0,0,313.88,0.0,1,0.51,0.54,SPY191211P00311500,311.5,0,0.0,0.0,,0.0,normalDay
2019-12-10,1613.0,28.0,0.0,0,313.53,0.0,1,0.51,0.23,SPY191211P00311500,311.5,0,0.0,0.0,,0.0,normalDay
2019-12-11,1664.0,0.0,51.0,0,314.42,0.0,1,0.51,0.0,SPY191211P00311500,311.5,0,0.0,0.0,,0.0,expirationDay
2019-12-12,1664.0,-3.0,0.0,0,317.13,0.0,1,0.14,0.17,SPY191213P00312500,312.5,0,0.0,0.0,,0.0,normalDay
2019-12-13,1678.0,0.0,14.0,0,317.32,0.0,1,0.14,0.0,SPY191213P00312500,312.5,0,0.0,0.0,,0.0,expirationDay
2019-12-16,1678.0,-3.0,0.0,0,319.5,0.0,1,0.08,0.11,SPY191218P00313500,313.5,0,0.0,0.0,,0.0,normalDay
2019-12-17,1678.0,5.0,0.0,0,319.57,0.0,1,0.08,0.03,SPY191218P00313500,313.5,0,0.0,0.0,,0.0,normalDay
2019-12-18,1686.0,0.0,8.0,0,319.59,0.0,1,0.08,0.0,SPY191218P00313500,313.5,0,0.0,0.0,,0.0,expirationDay
2019-12-19,1686.0,-3.0,0.0,0,320.9,0.0,1,0.02,0.05,SPY191220P00314500,314.5,0,0.0,0.0,,0.0,normalDay
2019-12-20,1688.0,0.0,2.0,0,320.73,0.0,1,0.02,0.0,SPY191220P00314500,314.5,0,0.0,0.0,,0.0,expirationDay
2019-12-23,1688.0,0.0,0.0,0,321.22,0.0,0,0.0,0.0,,0.0,0,0.0,0.0,,0.0,bidTooLow
2019-12-24,1688.0,-3.0,0.0,0,321.23,0.0,1,0.02,0.05,SPY191227P00316000,316.0,0,0.0,0.0,,0.0,normalDay
2019-12-26,1688.0,0.0,0.0,0,322.94,0.0,1,0.02,0.02,SPY191227P00316000,316.0,0,0.0,0.0,,0.0,normalDay
2019-12-27,1690.0,0.0,2.0,0,322.86,0.0,1,0.02,0.0,SPY191227P00316000,316.0,0,0.0,0.0,,0.0,expirationDay
2019-12-30,1690.0,-3.0,0.0,0,321.08,0.0,1,0.07,0.1,SPY191231P00317000,317.0,0,0.0,0.0,,0.0,normalDay
2019-12-31,1697.0,0.0,7.0,0,321.86,0.0,1,0.07,0.0,SPY191231P00317000,317.0,0,0.0,0.0,,0.0,expirationDay
2020-01-02,1697.0,0.0,0.0,0,324.87,0.0,0,0.0,0.0,,0.0,0,0.0,0.0,,0.0,bidTooLow
2020-01-03,1697.0,-3.0,0.0,0,322.41,0.0,1,0.19,0.22,SPY200106P00319000,319.0,0,0.0,0.0,,0.0,normalDay
2020-01-06,1716.0,0.0,19.0,0,323.64,0.0,1,0.19,0.0,SPY200106P00319000,319.0,0,0.0,0.0,,0.0,expirationDay
2020-01-07,1716.0,-3.0,0.0,0,322.73,0.0,1,0.53,0.56,SPY200110P00320000,320.0,0,0.0,0.0,,0.0,normalDay
2020-01-08,1716.0,28.0,0.0,0,324.45,0.0,1,0.53,0.25,SPY200110P00320000,320.0,0,0.0,0.0,,0.0,normalDay
2020-01-09,1716.0,48.0,0.0,0,326.65,0.0,1,0.53,0.05,SPY200110P00320000,320.0,0,0.0,0.0,,0.0,normalDay
2020-01-10,1769.0,0.0,53.0,0,325.71,0.0,1,0.53,0.0,SPY200110P00320000,320.0,0,0.0,0.0,,0.0,expirationDay
2020-01-13,1769.0,-3.0,0.0,0,327.95,0.0,1,0.05,0.08,SPY200115P00322500,322.5,0,0.0,0.0,,0.0,normalDay
2020-01-14,1769.0,1.0,0.0,0,327.45,0.0,1,0.05,0.04,SPY200115P00322500,322.5,0,0.0,0.0,,0.0,normalDay
2020-01-15,1774.0,0.0,5.0,0,328.19,0.0,1,0.05,0.0,SPY200115P00322500,322.5,0,0.0,0.0,,0.0,expirationDay
2020-01-16,1774.0,-3.0,0.0,0,330.92,0.0,1,0.01,0.04,SPY200117P00324000,324.0,0,0.0,0.0,,0.0,normalDay
2020-01-17,1775.0,0.0,1.0,0,331.95,0.0,1,0.01,0.0,SPY200117P00324000,324.0,0,0.0,0.0,,0.0,expirationDay
2020-01-21,1775.0,-3.0,0.0,0,331.3,0.0,1,0.11,0.14,SPY200124P00325000,325.0,0,0.0,0.0,,0.0,normalDay
2020-01-22,1775.0,4.0,0.0,0,331.34,0.0,1,0.11,0.07,SPY200124P00325000,325.0,0,0.0,0.0,,0.0,normalDay
2020-01-23,1775.0,7.0,0.0,0,331.72,0.0,1,0.11,0.04,SPY200124P00325000,325.0,0,0.0,0.0,,0.0,normalDay
2020-01-24,1786.0,0.0,11.0,0,328.77,0.0,1,0.11,0.0,SPY200124P00325000,325.0,0,0.0,0.0,,0.0,expirationDay
2020-01-27,1786.0,-6.0,0.0,0,323.5,0.0,1,3.46,3.52,SPY200129P00326000,326.0,0,0.0,0.0,,0.0,normalDay
2020-01-28,1786.0,259.0,0.0,0,326.89,0.0,1,3.46,0.87,SPY200129P00326000,326.0,0,0.0,0.0,,0.0,normalDay
2020-01-29,2132.0,0.0,346.0,0,326.62,0.0,1,3.46,0.0,SPY200129P00326000,326.0,0,0.0,0.0,,0.0,expirationDay
2020-01-30,2132.0,-3.0,0.0,0,327.68,0.0,1,0.43,0.46,SPY200131P00327000,327.0,0,0.0,0.0,,0.0,normalDay
2020-01-31,2175.0,-527.0,43.0,100,321.73,327.0,1,0.43,0.0,SPY200131P00327000,327.0,0,0.0,0.0,,0.0,expirationDay
2020-02-03,2175.0,-291.0,0.0,100,324.12,327.0,0,0.0,0.0,,0.0,1,0.16,0.19,SPY200207C00331000,331.0,normalDay
2020-02-04,2175.0,119.0,0.0,100,329.06,327.0,0,0.0,0.0,,0.0,1,0.16,1.03,SPY200207C00331000,331.0,normalDay
2020-02-05,2175.0,328.0,0.0,100,332.86,327.0,0,0.0,0.0,,0.0,1,0.16,2.74,SPY200207C00331000,331.0,normalDay
2020-02-06,2175.0,413.0,0.0,100,333.98,327.0,0,0.0,0.0,,0.0,1,0.16,3.01,SPY200207C00331000,331.0,normalDay
2020-02-07,2591.0,413.0,416.0,0,332.2,0.0,0,0.0,0.0,,0.0,1,0.16,0.0,SPY200207C00331000,331.0,expirationDay
2020-02-10,2591.0,-3.0,0.0,0,334.68,0.0,1,0.12,0.15,SPY200212P00329000,329.0,0,0.0,0.0,,0.0,normalDay
2020-02-11,2591.0,7.0,0.0,0,335.26,0.0,1,0.12,0.05,SPY200212P00329000,329.0,0,0.0,0.0,,0.0,normalDay
2020-02-12,2603.0,0.0,12.0,0,337.42,0.0,1,0.12,0.0,SPY200212P00329000,329.0,0,0.0,0.0,,0.0,expirationDay
2020-02-13,2603.0,-3.0,0.0,0,337.06,0.0,1,0.02,0.05,SPY200214P00330000,330.0,0,0.0,0.0,,0.0,normalDay
2020-02-14,2605.0,0.0,2.0,0,337.6,0.0,1,0.02,0.0,SPY200214P00330000,330.0,0,0.0,0.0,,0.0,expirationDay
2020-02-18,2605.0,-3.0,0.0,0,336.73,0.0,1,0.26,0.29,SPY200221P00331000,331.0,0,0.0,0.0,,0.0,normalDay
2020-02-19,2605.0,18.0,0.0,0,338.34,0.0,1,0.26,0.08,SPY200221P00331000,331.0,0,0.0,0.0,,0.0,normalDay
2020-02-20,2605.0,19.0,0.0,0,336.95,0.0,1,0.26,0.07,SPY200221P00331000,331.0,0,0.0,0.0,,0.0,normalDay
2020-02-21,2631.0,0.0,26.0,0,333.48,0.0,1,0.26,0.0,SPY200221P00331000,331.0,0,0.0,0.0,,0.0,expirationDay
2020-02-24,2631.0,-40.0,0.0,0,322.42,0.0,1,8.97,9.37,SPY200226P00331000,331.0,0,0.0,0.0,,0.0,normalDay
2020-02-25,2631.0,-900.0,0.0,0,312.65,0.0,1,8.97,17.97,SPY200226P00331000,331.0,0,0.0,0.0,,0.0,normalDay
2020-02-26,3528.0,-1950.0,897.0,100,311.5,331.0,1,8.97,0.0,SPY200226P00331000,331.0,0,0.0,0.0,,0.0,expirationDay
2020-02-27,3528.0,-3349.0,0.0,100,297.51,331.0,0,0.0,0.0,,0.0,0,0.0,0.0,,0.0,bidTooLow
2020-02-28,3528.0,-3474.0,0.0,100,296.26,331.0,0,0.0,0.0,,0.0,0,0.0,0.0,,0.0,bidTooLow
2020-03-02,3528.0,-2191.0,0.0,100,309.09,331.0,0,0.0,0.0,,0.0,0,0.0,0.0,,0.0,bidTooLow
2020-03-03,3528.0,-3076.0,0.0,100,300.24,331.0,0,0.0,0.0,,0.0,0,0.0,0.0,,0.0,bidTooLow
2020-03-04,3528.0,-1814.0,0.0,100,312.86,331.0,0,0.0,0.0,,0.0,0,0.0,0.0,,0.0,bidTooLow
2020-03-05,3528.0,-2854.0,0.0,100,302.46,331.0,0,0.0,0.0,,0.0,0,0.0,0.0,,0.0,bidTooLow
2020-03-06,3528.0,-3354.0,0.0,100,297.46,331.0,0,0.0,0.0,,0.0,0,0.0,0.0,,0.0,bidTooLow
2020-03-09,3528.0,-5677.0,0.0,100,274.23,331.0,0,0.0,0.0,,0.0,0,0.0,0.0,,0.0,bidTooLow
2020-03-10,3528.0,-4258.0,0.0,100,288.42,331.0,0,0.0,0.0,,0.0,0,0.0,0.0,,0.0,bidTooLow
2020-03-11,3528.0,-5664.0,0.0,100,274.36,331.0,0,0.0,0.0,,0.0,0,0.0,0.0,,0.0,bidTooLow
2020-03-12,3528.0,-8289.0,0.0,100,248.11,331.0,0,0.0,0.0,,0.0,0,0.0,0.0,,0.0,bidTooLow
2020-03-13,3528.0,-6168.0,0.0,100,269.32,331.0,0,0.0,0.0,,0.0,0,0.0,0.0,,0.0,bidTooLow
2020-03-16,3528.0,-9115.0,0.0,100,239.85,331.0,0,0.0,0.0,,0.0,0,0.0,0.0,,0.0,bidTooLow
2020-03-17,3528.0,-7820.0,0.0,100,252.8,331.0,0,0.0,0.0,,0.0,0,0.0,0.0,,0.0,bidTooLow
2020-03-18,3528.0,-9100.0,0.0,100,240.0,331.0,0,0.0,0.0,,0.0,0,0.0,0.0,,0.0,bidTooLow
2020-03-19,3528.0,-9049.0,0.0,100,240.51,331.0,0,0.0,0.0,,0.0,0,0.0,0.0,,0.0,bidTooLow
2020-03-20,3528.0,-10220.0,0.0,100,228.8,331.0,0,0.0,0.0,,0.0,0,0.0,0.0,,0.0,bidTooLow
2020-03-23,3528.0,-10805.0,0.0,100,222.95,331.0,0,0.0,0.0,,0.0,0,0.0,0.0,,0.0,bidTooLow
2020-03-24,3528.0,-8785.0,0.0,100,243.15,331.0,0,0.0,0.0,,0.0,0,0.0,0.0,,0.0,bidTooLow
2020-03-25,3528.0,-8421.0,0.0,100,246.79,331.0,0,0.0,0.0,,0.0,0,0.0,0.0,,0.0,bidTooLow
2020-03-26,3528.0,-6985.0,0.0,100,261.2,331.0,0,0.0,0.0,,0.0,1,0.03,0.08,SPY200401C00305000,305.0,normalDay
2020-03-27,3528.0,-7758.0,0.0,100,253.42,331.0,0,0.0,0.0,,0.0,1,0.03,0.03,SPY200401C00305000,305.0,normalDay
2020-03-30,3528.0,-6934.0,0.0,100,261.65,331.0,0,0.0,0.0,,0.0,1,0.03,0.02,SPY200401C00305000,305.0,normalDay
2020-03-31,3528.0,-7323.0,0.0,100,257.75,331.0,0,0.0,0.0,,0.0,1,0.03,0.01,SPY200401C00305000,305.0,normalDay
2020-04-01,3531.0,-8485.0,3.0,100,246.15,331.0,0,0.0,0.0,,0.0,1,0.03,0.0,SPY200401C00305000,305.0,expirationDay
2020-04-02,3531.0,-7921.0,0.0,100,251.83,331.0,0,0.0,0.0,,0.0,1,0.08,0.12,SPY200408C00279000,279.0,normalDay
2020-04-03,3531.0,-8277.0,0.0,100,248.19,331.0,0,0.0,0.0,,0.0,1,0.08,0.04,SPY200408C00279000,279.0,normalDay
2020-04-06,3531.0,-6630.0,0.0,100,264.86,331.0,0,0.0,0.0,,0.0,1,0.08,0.24,SPY200408C00279000,279.0,normalDay
2020-04-07,3531.0,-6588.0,0.0,100,265.13,331.0,0,0.0,0.0,,0.0,1,0.08,0.09,SPY200408C00279000,279.0,normalDay
2020-04-08,3539.0,-5697.0,8.0,100,274.03,331.0,0,0.0,0.0,,0.0,1,0.08,0.0,SPY200408C00279000,279.0,expirationDay
2020-04-09,3539.0,-5295.0,0.0,100,278.2,331.0,0,0.0,0.0,,0.0,1,9.98,10.13,SPY200415C00271000,271.0,normalDay
2020-04-13,3539.0,-5179.0,0.0,100,275.66,331.0,0,0.0,0.0,,0.0,1,9.98,6.43,SPY200415C00271000,271.0,normalDay
2020-04-14,3539.0,-5047.0,0.0,100,283.79,331.0,0,0.0,0.0,,0.0,1,9.98,13.24,SPY200415C00271000,271.0,normalDay
2020-04-15,-1463.0,-5047.0,-5002.0,0,277.76,0.0,0,0.0,0.0,,0.0,1,9.98,0.0,SPY200415C00271000,271.0,expirationDay
2020-04-16,-1463.0,0.0,0.0,0,279.1,0.0,0,0.0,0.0,,0.0,0,0.0,0.0,,0.0,bidTooLow
2020-04-17,-1463.0,0.0,0.0,0,286.64,0.0,0,0.0,0.0,,0.0,0,0.0,0.0,,0.0,bidTooLow
2020-04-20,-1463.0,-3.0,0.0,0,281.59,0.0,1,0.12,0.15,SPY200422P00263000,263.0,0,0.0,0.0,,0.0,normalDay
2020-04-21,-1463.0,-14.0,0.0,0,273.04,0.0,1,0.12,0.26,SPY200422P00263000,263.0,0,0.0,0.0,,0.0,normalDay
2020-04-22,-1451.0,0.0,12.0,0,279.1,0.0,1,0.12,0.0,SPY200422P00263000,263.0,0,0.0,0.0,,0.0,expirationDay
2020-04-23,-1451.0,-3.0,0.0,0,279.08,0.0,1,0.11,0.14,SPY200424P00269000,269.0,0,0.0,0.0,,0.0,normalDay
2020-04-24,-1440.0,0.0,11.0,0,282.97,0.0,1,0.11,0.0,SPY200424P00269000,269.0,0,0.0,0.0,,0.0,expirationDay
2020-04-27,-1440.0,-3.0,0.0,0,287.05,0.0,1,0.04,0.07,SPY200429P00272000,272.0,0,0.0,0.0,,0.0,normalDay
2020-04-28,-1440.0,0.0,0.0,0,285.73,0.0,1,0.04,0.04,SPY200429P00272000,272.0,0,0.0,0.0,,0.0,normalDay
2020-04-29,-1436.0,0.0,4.0,0,293.21,0.0,1,0.04,0.0,SPY200429P00272000,272.0,0,0.0,0.0,,0.0,expirationDay
2020-04-30,-1436.0,-3.0,0.0,0,290.48,0.0,1,0.01,0.04,SPY200501P00277000,277.0,0,0.0,0.0,,0.0,normalDay
2020-05-01,-1435.0,0.0,1.0,0,282.79,0.0,1,0.01,0.0,SPY200501P00277000,277.0,0,0.0,0.0,,0.0,expirationDay
2020-05-04,-1435.0,-4.0,0.0,0,283.57,0.0,1,1.53,1.57,SPY200506P00280000,280.0,0,0.0,0.0,,0.0,normalDay
2020-05-05,-1435.0,121.0,0.0,0,286.19,0.0,1,1.53,0.32,SPY200506P00280000,280.0,0,0.0,0.0,,0.0,normalDay
2020-05-06,-1282.0,0.0,153.0,0,284.25,0.0,1,1.53,0.0,SPY200506P00280000,280.0,0,0.0,0.0,,0.0,expirationDay
2020-05-07,-1282.0,-3.0,0.0,0,287.68,0.0,1,0.45,0.48,SPY200508P00283000,283.0,0,0.0,0.0,,0.0,normalDay
2020-05-08,-1237.0,0.0,45.0,0,292.44,0.0,1,0.45,0.0,SPY200508P00283000,283.0,0,0.0,0.0,,0.0,expirationDay
2020-05-11,-1237.0,-3.0,0.0,0,292.5,0.0,1,0.24,0.27,SPY200513P00284000,284.0,0,0.0,0.0,,0.0,normalDay
2020-05-12,-1237.0,-85.0,0.0,0,286.67,0.0,1,0.24,1.09,SPY200513P00284000,284.0,0,0.0,0.0,,0.0,normalDay
2020-05-13,-1213.0,-240.0,24.0,100,281.6,284.0,1,0.24,0.0,SPY200513P00284000,284.0,0,0.0,0.0,,0.0,expirationDay
2020-05-14,-1213.0,92.0,0.0,100,284.97,284.0,0,0.0,0.0,,0.0,1,1.09,1.14,SPY200520C00292000,292.0,normalDay
2020-05-15,-1213.0,259.0,0.0,100,286.28,284.0,0,0.0,0.0,,0.0,1,1.09,0.78,SPY200520C00292000,292.0,normalDay
2020-05-18,-1213.0,799.0,0.0,100,295.0,284.0,0,0.0,0.0,,0.0,1,1.09,4.1,SPY200520C00292000,292.0,normalDay
2020-05-19,-1213.0,720.0,0.0,100,291.97,284.0,0,0.0,0.0,,0.0,1,1.09,1.86,SPY200520C00292000,292.0,normalDay
2020-05-20,-304.0,720.0,909.0,0,296.93,0.0,0,0.0,0.0,,0.0,1,1.09,0.0,SPY200520C00292000,292.0,expirationDay
2020-05-21,-304.0,-3.0,0.0,0,294.88,0.0,1,0.13,0.16,SPY200522P00288000,288.0,0,0.0,0.0,,0.0,normalDay
2020-05-22,-291.0,0.0,13.0,0,295.44,0.0,1,0.13,0.0,SPY200522P00288000,288.0,0,0.0,0.0,,0.0,expirationDay
2020-05-26,-291.0,-3.0,0.0,0,299.08,0.0,1,0.43,0.46,SPY200529P00290000,290.0,0,0.0,0.0,,0.0,normalDay
2020-05-27,-291.0,31.0,0.0,0,303.53,0.0,1,0.43,0.12,SPY200529P00290000,290.0,0,0.0,0.0,,0.0,normalDay
2020-05-28,-291.0,38.0,0.0,0,302.97,0.0,1,0.43,0.05,SPY200529P00290000,290.0,0,0.0,0.0,,0.0,normalDay
2020-05-29,-248.0,0.0,43.0,0,304.32,0.0,1,0.43,0.0,SPY200529P00290000,290.0,0,0.0,0.0,,0.0,expirationDay
2020-06-01,-248.0,-3.0,0.0,0,305.55,0.0,1,0.08,0.11,SPY200603P00293000,293.0,0,0.0,0.0,,0.0,normalDay
2020-06-02,-248.0,6.0,0.0,0,308.08,0.0,1,0.08,0.02,SPY200603P00293000,293.0,0,0.0,0.0,,0.0,normalDay
2020-06-03,-240.0,0.0,8.0,0,312.18,0.0,1,0.08,0.0,SPY200603P00293000,293.0,0,0.0,0.0,,0.0,expirationDay
2020-06-04,-240.0,0.0,0.0,0,311.36,0.0,0,0.0,0.0,,0.0,0,0.0,0.0,,0.0,bidTooLow
2020-06-05,-240.0,0.0,0.0,0,319.34,0.0,0,0.0,0.0,,0.0,0,0.0,0.0,,0.0,bidTooLow
2020-06-08,-240.0,0.0,0.0,0,323.2,0.0,0,0.0,0.0,,0.0,0,0.0,0.0,,0.0,bidTooLow
2020-06-09,-240.0,-3.0,0.0,0,320.79,0.0,1,0.08,0.11,SPY200612P00301000,301.0,0,0.0,0.0,,0.0,normalDay
2020-06-10,-240.0,1.0,0.0,0,319.0,0.0,1,0.08,0.07,SPY200612P00301000,301.0,0,0.0,0.0,,0.0,normalDay
2020-06-11,-240.0,-285.0,0.0,0,300.61,0.0,1,0.08,2.93,SPY200612P00301000,301.0,0,0.0,0.0,,0.0,normalDay
2020-06-12,-232.0,0.0,8.0,0,304.21,0.0,1,0.08,0.0,SPY200612P00301000,301.0,0,0.0,0.0,,0.0,expirationDay
2020-06-15,-232.0,-5.0,0.0,0,307.05,0.0,1,2.73,2.78,SPY200617P00306000,306.0,0,0.0,0.0,,0.0,normalDay
2020-06-16,-232.0,208.0,0.0,0,312.96,0.0,1,2.73,0.65,SPY200617P00306000,306.0,0,0.0,0.0,,0.0,normalDay
2020-06-17,41.0,0.0,273.0,0,311.66,0.0,1,2.73,0.0,SPY200617P00306000,306.0,0,0.0,0.0,,0.0,expirationDay
2020-06-18,41.0,-3.0,0.0,0,311.78,0.0,1,0.96,0.99,SPY200619P00308000,308.0,0,0.0,0.0,,0.0,normalDay
2020-06-19,137.0,0.0,96.0,0,308.64,0.0,1,0.96,0.0,SPY200619P00308000,308.0,0,0.0,0.0,,0.0,expirationDay
2020-06-22,137.0,-4.0,0.0,0,310.62,0.0,1,2.18,2.22,SPY200624P00310000,310.0,0,0.0,0.0,,0.0,normalDay
2020-06-23,137.0,108.0,0.0,0,312.05,0.0,1,2.18,1.1,SPY200624P00310000,310.0,0,0.0,0.0,,0.0,normalDay
2020-06-24,355.0,-591.0,218.0,100,304.09,310.0,1,2.18,0.0,SPY200624P00310000,310.0,0,0.0,0.0,,0.0,expirationDay
2020-06-25,355.0,-268.0,0.0,100,307.35,310.0,0,0.0,0.0,,0.0,1,0.41,0.44,SPY200701C00319000,319.0,normalDay
2020-06-26,355.0,-959.0,0.0,100,300.05,310.0,0,0.0,0.0,,0.0,1,0.41,0.05,SPY200701C00319000,319.0,normalDay
2020-06-29,355.0,-516.0,0.0,100,304.46,310.0,0,0.0,0.0,,0.0,1,0.41,0.03,SPY200701C00319000,319.0,normalDay
2020-06-30,355.0,-126.0,0.0,100,308.36,310.0,0,0.0,0.0,,0.0,1,0.41,0.03,SPY200701C00319000,319.0,normalDay
2020-07-01,396.0,52.0,41.0,100,310.52,310.0,0,0.0,0.0,,0.0,1,0.41,0.0,SPY200701C00319000,319.0,expirationDay
2020-07-02,396.0,220.0,0.0,100,312.23,310.0,0,0.0,0.0,,0.0,1,0.43,0.46,SPY200708C00319000,319.0,normalDay
2020-07-06,396.0,638.0,0.0,100,317.05,310.0,0,0.0,0.0,,0.0,1,0.43,1.1,SPY200708C00319000,319.0,normalDay
2020-07-07,396.0,407.0,0.0,100,313.78,310.0,0,0.0,0.0,,0.0,1,0.43,0.14,SPY200708C00319000,319.0,normalDay
2020-07-08,439.0,618.0,43.0,100,316.18,310.0,0,0.0,0.0,,0.0,1,0.43,0.0,SPY200708C00319000,319.0,expirationDay
2020-07-09,439.0,434.0,0.0,100,314.38,310.0,0,0.0,0.0,,0.0,1,2.48,2.52,SPY200715C00316000,316.0,normalDay
2020-07-10,439.0,634.0,0.0,100,317.59,310.0,0,0.0,0.0,,0.0,1,2.48,3.73,SPY200715C00316000,316.0,normalDay
2020-07-13,439.0,548.0,0.0,100,314.84,310.0,0,0.0,0.0,,0.0,1,2.48,1.84,SPY200715C00316000,316.0,normalDay
2020-07-14,439.0,796.0,0.0,100,318.92,310.0,0,0.0,0.0,,0.0,1,2.48,3.44,SPY200715C00316000,316.0,normalDay
2020-07-15,1287.0,796.0,848.0,0,321.85,0.0,0,0.0,0.0,,0.0,1,2.48,0.0,SPY200715C00316000,316.0,expirationDay
2020-07-16,1287.0,-3.0,0.0,0,320.79,0.0,1,0.17,0.2,SPY200717P00312000,312.0,0,0.0,0.0,,0.0,normalDay
2020-07-17,1304.0,0.0,17.0,0,321.72,0.0,1,0.17,0.0,SPY200717P00312000,312.0,0,0.0,0.0,,0.0,expirationDay
2020-07-20,1304.0,-3.0,0.0,0,324.32,0.0,1,0.08,0.11,SPY200722P00314000,314.0,0,0.0,0.0,,0.0,normalDay
2020-07-21,1304.0,5.0,0.0,0,325.01,0.0,1,0.08,0.03,SPY200722P00314000,314.0,0,0.0,0.0,,0.0,normalDay
2020-07-22,1312.0,0.0,8.0,0,326.86,0.0,1,0.08,0.0,SPY200722P00314000,314.0,0,0.0,0.0,,0.0,expirationDay
2020-07-23,1312.0,-3.0,0.0,0,322.96,0.0,1,0.24,0.27,SPY200724P00316000,316.0,0,0.0,0.0,,0.0,normalDay
2020-07-24,1336.0,0.0,24.0,0,320.88,0.0,1,0.24,0.0,SPY200724P00316000,316.0,0,0.0,0.0,,0.0,expirationDay
2020-07-27,1336.0,-3.0,0.0,0,323.22,0.0,1,0.4,0.43,SPY200729P00318000,318.0,0,0.0,0.0,,0.0,normalDay
2020-07-28,1336.0,-22.0,0.0,0,321.17,0.0,1,0.4,0.62,SPY200729P00318000,318.0,0,0.0,0.0,,0.0,normalDay
2020-07-29,1376.0,0.0,40.0,0,325.12,0.0,1,0.4,0.0,SPY200729P00318000,318.0,0,0.0,0.0,,0.0,expirationDay
2020-07-30,1376.0,-4.0,0.0,0,323.96,0.0,1,0.52,0.56,SPY200731P00320000,320.0,0,0.0,0.0,,0.0,normalDay
2020-07-31,1428.0,0.0,52.0,0,326.52,0.0,1,0.52,0.0,SPY200731P00320000,320.0,0,0.0,0.0,,0.0,expirationDay
2020-08-03,1428.0,-3.0,0.0,0,328.79,0.0,1,0.19,0.22,SPY200805P00321000,321.0,0,0.0,0.0,,0.0,normalDay
2020-08-04,1428.0,14.0,0.0,0,330.06,0.0,1,0.19,0.05,SPY200805P00321000,321.0,0,0.0,0.0,,0.0,normalDay
2020-08-05,1447.0,0.0,19.0,0,332.11,0.0,1,0.19,0.0,SPY200805P00321000,321.0,0,0.0,0.0,,0.0,expirationDay
2020-08-06,1447.0,-3.0,0.0,0,334.33,0.0,1,0.05,0.08,SPY200807P00324000,324.0,0,0.0,0.0,,0.0,normalDay
2020-08-07,1452.0,0.0,5.0,0,334.57,0.0,1,0.05,0.0,SPY200807P00324000,324.0,0,0.0,0.0,,0.0,expirationDay
2020-08-10,1452.0,-3.0,0.0,0,335.57,0.0,1,0.09,0.12,SPY200812P00326000,326.0,0,0.0,0.0,,0.0,normalDay
2020-08-11,1452.0,-18.0,0.0,0,332.8,0.0,1,0.09,0.27,SPY200812P00326000,326.0,0,0.0,0.0,,0.0,normalDay
2020-08-12,1461.0,0.0,9.0,0,337.44,0.0,1,0.09,0.0,SPY200812P00326000,326.0,0,0.0,0.0,,0.0,expirationDay
2020-08-13,1461.0,-3.0,0.0,0,336.83,0.0,1,0.04,0.07,SPY200814P00328000,328.0,0,0.0,0.0,,0.0,normalDay
2020-08-14,1465.0,0.0,4.0,0,336.84,0.0,1,0.04,0.0,SPY200814P00328000,328.0,0,0.0,0.0,,0.0,expirationDay
2020-08-17,1465.0,-3.0,0.0,0,337.91,0.0,1,0.09,0.12,SPY200819P00330000,330.0,0,0.0,0.0,,0.0,normalDay
2020-08-18,1465.0,3.0,0.0,0,338.64,0.0,1,0.09,0.06,SPY200819P00330000,330.0,0,0.0,0.0,,0.0,normalDay
2020-08-19,1474.0,0.0,9.0,0,337.23,0.0,1,0.09,0.0,SPY200819P00330000,330.0,0,0.0,0.0,,0.0,expirationDay
2020-08-20,1474.0,-3.0,0.0,0,338.28,0.0,1,0.1,0.13,SPY200821P00332000,332.0,0,0.0,0.0,,0.0,normalDay
2020-08-21,1484.0,0.0,10.0,0,339.48,0.0,1,0.1,0.0,SPY200821P00332000,332.0,0,0.0,0.0,,0.0,expirationDay
2020-08-24,1484.0,-3.0,0.0,0,342.92,0.0,1,0.1,0.13,SPY200826P00334000,334.0,0,0.0,0.0,,0.0,normalDay
2020-08-25,1484.0,7.0,0.0,0,344.12,0.0,1,0.1,0.03,SPY200826P00334000,334.0,0,0.0,0.0,,0.0,normalDay
2020-08-26,1494.0,0.0,10.0,0,347.57,0.0,1,0.1,0.0,SPY200826P00334000,334.0,0,0.0,0.0,,0.0,expirationDay
2020-08-27,1494.0,-3.0,0.0,0,348.33,0.0,1,0.04,0.07,SPY200828P00337000,337.0,0,0.0,0.0,,0.0,normalDay
2020-08-28,1498.0,0.0,4.0,0,350.58,0.0,1,0.04,0.0,SPY200828P00337000,337.0,0,0.0,0.0,,0.0,expirationDay
2020-08-31,1498.0,-3.0,0.0,0,349.31,0.0,1,0.16,0.19,SPY200902P00339000,339.0,0,0.0,0.0,,0.0,normalDay
2020-09-01,1498.0,13.0,0.0,0,352.6,0.0,1,0.16,0.03,SPY200902P00339000,339.0,0,0.0,0.0,,0.0,normalDay
2020-09-02,1514.0,0.0,16.0,0,357.7,0.0,1,0.16,0.0,SPY200902P00339000,339.0,0,0.0,0.0,,0.0,expirationDay
2020-09-03,1514.0,-6.0,0.0,0,345.39,0.0,1,0.93,0.99,SPY200904P00342000,342.0,0,0.0,0.0,,0.0,normalDay
2020-09-04,1607.0,0.0,93.0,0,342.57,0.0,1,0.93,0.0,SPY200904P00342000,342.0,0,0.0,0.0,,0.0,expirationDay
2020-09-08,1607.0,-16.0,0.0,0,333.21,0.0,1,9.37,9.53,SPY200911P00342000,342.0,0,0.0,0.0,,0.0,normalDay
2020-09-09,1607.0,499.0,0.0,0,339.79,0.0,1,9.37,4.38,SPY200911P00342000,342.0,0,0.0,0.0,,0.0,normalDay
2020-09-10,1607.0,123.0,0.0,0,333.89,0.0,1,9.37,8.14,SPY200911P00342000,342.0,0,0.0,0.0,,0.0,normalDay
2020-09-11,2544.0,-794.0,937.0,100,334.06,342.0,1,9.37,0.0,SPY200911P00342000,342.0,0,0.0,0.0,,0.0,expirationDay
2020-09-14,2544.0,-357.0,0.0,100,338.46,342.0,0,0.0,0.0,,0.0,1,0.08,0.11,SPY200918C00351000,351.0,normalDay
2020-09-15,2544.0,-186.0,0.0,100,340.17,342.0,0,0.0,0.0,,0.0,1,0.08,0.11,SPY200918C00351000,351.0,normalDay
2020-09-16,2544.0,-314.0,0.0,100,338.82,342.0,0,0.0,0.0,,0.0,1,0.08,0.04,SPY200918C00351000,351.0,normalDay
2020-09-17,2544.0,-609.0,0.0,100,335.84,342.0,0,0.0,0.0,,0.0,1,0.08,0.01,SPY200918C00351000,351.0,normalDay
2020-09-18,2552.0,-1135.0,8.0,100,330.65,342.0,0,0.0,0.0,,0.0,1,0.08,0.0,SPY200918C00351000,351.0,expirationDay
2020-09-21,2552.0,-1503.0,0.0,100,326.97,342.0,0,0.0,0.0,,0.0,0,0.0,0.0,,0.0,bidTooLow
2020-09-22,2552.0,-1170.0,0.0,100,330.3,342.0,0,0.0,0.0,,0.0,0,0.0,0.0,,0.0,bidTooLow
2020-09-23,2552.0,-1936.0,0.0,100,322.64,342.0,0,0.0,0.0,,0.0,0,0.0,0.0,,0.0,bidTooLow
2020-09-24,2552.0,-1850.0,0.0,100,323.5,342.0,0,0.0,0.0,,0.0,0,0.0,0.0,,0.0,bidTooLow
2020-09-25,2552.0,-1327.0,0.0,100,328.73,342.0,0,0.0,0.0,,0.0,0,0.0,0.0,,0.0,bidTooLow
2020-09-28,2552.0,-784.0,0.0,100,334.19,342.0,0,0.0,0.0,,0.0,1,0.09,0.12,SPY201002C00349000,349.0,normalDay
2020-09-29,2552.0,-962.0,0.0,100,332.37,342.0,0,0.0,0.0,,0.0,1,0.09,0.08,SPY201002C00349000,349.0,normalDay
2020-09-30,2552.0,-706.0,0.0,100,334.89,342.0,0,0.0,0.0,,0.0,1,0.09,0.04,SPY201002C00349000,349.0,normalDay
2020-10-01,2552.0,-489.0,0.0,100,337.04,342.0,0,0.0,0.0,,0.0,1,0.09,0.02,SPY201002C00349000,349.0,normalDay
2020-10-02,2561.0,-816.0,9.0,100,333.84,342.0,0,0.0,0.0,,0.0,1,0.09,0.0,SPY201002C00349000,349.0,expirationDay
2020-10-05,2561.0,-228.0,0.0,100,339.76,342.0,0,0.0,0.0,,0.0,1,2.88,2.92,SPY201009C00340000,340.0,normalDay
2020-10-06,2561.0,-533.0,0.0,100,334.93,342.0,0,0.0,0.0,,0.0,1,2.88,1.14,SPY201009C00340000,340.0,normalDay
2020-10-07,2561.0,-89.0,0.0,100,340.76,342.0,0,0.0,0.0,,0.0,1,2.88,2.53,SPY201009C00340000,340.0,normalDay
2020-10-08,2561.0,71.0,0.0,100,343.78,342.0,0,0.0,0.0,,0.0,1,2.88,3.95,SPY201009C00340000,340.0,normalDay
2020-10-09,2649.0,71.0,88.0,0,346.85,0.0,0,0.0,0.0,,0.0,1,2.88,0.0,SPY201009C00340000,340.0,expirationDay
2020-10-12,2649.0,-3.0,0.0,0,352.43,0.0,1,0.04,0.07,SPY201014P00335000,335.0,0,0.0,0.0,,0.0,normalDay
2020-10-13,2649.0,2.0,0.0,0,350.13,0.0,1,0.04,0.02,SPY201014P00335000,335.0,0,0.0,0.0,,0.0,normalDay
2020-10-14,2653.0,0.0,4.0,0,347.93,0.0,1,0.04,0.0,SPY201014P00335000,335.0,0,0.0,0.0,,0.0,expirationDay
2020-10-15,2653.0,-3.0,0.0,0,347.5,0.0,1,0.03,0.06,SPY201016P00337000,337.0,0,0.0,0.0,,0.0,normalDay
2020-10-16,2656.0,0.0,3.0,0,347.29,0.0,1,0.03,0.0,SPY201016P00337000,337.0,0,0.0,0.0,,0.0,expirationDay
2020-10-19,2656.0,-3.0,0.0,0,342.01,0.0,1,1.28,1.31,SPY201021P00339000,339.0,0,0.0,0.0,,0.0,normalDay
2020-10-20,2656.0,57.0,0.0,0,343.38,0.0,1,1.28,0.71,SPY201021P00339000,339.0,0,0.0,0.0,,0.0,normalDay
2020-10-21,2784.0,0.0,128.0,0,342.73,0.0,1,1.28,0.0,SPY201021P00339000,339.0,0,0.0,0.0,,0.0,expirationDay
2020-10-22,2784.0,-4.0,0.0,0,344.61,0.0,1,0.53,0.57,SPY201023P00341000,341.0,0,0.0,0.0,,0.0,normalDay
2020-10-23,2837.0,0.0,53.0,0,345.78,0.0,1,0.53,0.0,SPY201023P00341000,341.0,0,0.0,0.0,,0.0,expirationDay
2020-10-26,2837.0,-10.0,0.0,0,339.39,0.0,1,3.9,4.0,SPY201028P00342000,342.0,0,0.0,0.0,,0.0,normalDay
2020-10-27,2837.0,-17.0,0.0,0,338.22,0.0,1,3.9,4.07,SPY201028P00342000,342.0,0,0.0,0.0,,0.0,normalDay
2020-10-28,3227.0,-1534.0,390.0,100,326.66,342.0,1,3.9,0.0,SPY201028P00342000,342.0,0,0.0,0.0,,0.0,expirationDay
2020-10-29,3227.0,-1206.0,0.0,100,329.98,342.0,0,0.0,0.0,,0.0,1,0.31,0.35,SPY201104C00351000,351.0,normalDay
2020-10-30,3227.0,-1527.0,0.0,100,326.54,342.0,0,0.0,0.0,,0.0,1,0.31,0.12,SPY201104C00351000,351.0,normalDay
2020-11-02,3227.0,-1159.0,0.0,100,330.2,342.0,0,0.0,0.0,,0.0,1,0.31,0.1,SPY201104C00351000,351.0,normalDay
2020-11-03,3227.0,-591.0,0.0,100,336.03,342.0,0,0.0,0.0,,0.0,1,0.31,0.25,SPY201104C00351000,351.0,normalDay
2020-11-04,3258.0,154.0,31.0,100,343.54,342.0,0,0.0,0.0,,0.0,1,0.31,0.0,SPY201104C00351000,351.0,expirationDay
2020-11-05,3258.0,819.0,0.0,100,350.24,342.0,0,0.0,0.0,,0.0,1,3.41,3.46,SPY201111C00352000,352.0,normalDay
2020-11-06,3258.0,907.0,0.0,100,350.16,342.0,0,0.0,0.0,,0.0,1,3.41,2.5,SPY201111C00352000,352.0,normalDay
2020-11-09,3258.0,1090.0,0.0,100,354.56,342.0,0,0.0,0.0,,0.0,1,3.41,5.07,SPY201111C00352000,352.0,normalDay
2020-11-10,3258.0,1198.0,0.0,100,354.04,342.0,0,0.0,0.0,,0.0,1,3.41,3.47,SPY201111C00352000,352.0,normalDay
2020-11-11,4599.0,1198.0,1341.0,0,356.67,0.0,0,0.0,0.0,,0.0,1,3.41,0.0,SPY201111C00352000,352.0,expirationDay
2020-11-12,4599.0,-3.0,0.0,0,353.21,0.0,1,0.05,0.08,SPY201113P00343000,343.0,0,0.0,0.0,,0.0,normalDay
2020-11-13,4604.0,0.0,5.0,0,358.1,0.0,1,0.05,0.0,SPY201113P00343000,343.0,0,0.0,0.0,,0.0,expirationDay
2020-11-16,4604.0,-3.0,0.0,0,362.57,0.0,1,0.04,0.07,SPY201118P00344000,344.0,0,0.0,0.0,,0.0,normalDay
2020-11-17,4604.0,1.0,0.0,0,360.62,0.0,1,0.04,0.03,SPY201118P00344000,344.0,0,0.0,0.0,,0.0,normalDay
2020-11-18,4608.0,0.0,4.0,0,356.28,0.0,1,0.04,0.0,SPY201118P00344000,344.0,0,0.0,0.0,,0.0,expirationDay
2020-11-19,4608.0,-3.0,0.0,0,357.78,0.0,1,0.04,0.07,SPY201120P00347000,347.0,0,0.0,0.0,,0.0,normalDay
2020-11-20,4612.0,0.0,4.0,0,355.33,0.0,1,0.04,0.0,SPY201120P00347000,347.0,0,0.0,0.0,,0.0,expirationDay
2020-11-23,4612.0,-3.0,0.0,0,357.46,0.0,1,0.1,0.13,SPY201125P00348000,348.0,0,0.0,0.0,,0.0,normalDay
2020-11-24,4612.0,7.0,0.0,0,363.22,0.0,1,0.1,0.03,SPY201125P00348000,348.0,0,0.0,0.0,,0.0,normalDay
2020-11-25,4622.0,0.0,10.0,0,362.66,0.0,1,0.1,0.0,SPY201125P00348000,348.0,0,0.0,0.0,,0.0,expirationDay
2020-11-27,4622.0,-3.0,0.0,0,363.67,0.0,1,0.04,0.07,SPY201130P00353000,353.0,0,0.0,0.0,,0.0,normalDay
2020-11-30,4626.0,0.0,4.0,0,362.06,0.0,1,0.04,0.0,SPY201130P00353000,353.0,0,0.0,0.0,,0.0,expirationDay
2020-12-01,4626.0,-3.0,0.0,0,366.02,0.0,1,0.29,0.32,SPY201204P00356000,356.0,0,0.0,0.0,,0.0,normalDay
2020-12-02,4626.0,17.0,0.0,0,366.79,0.0,1,0.29,0.12,SPY201204P00356000,356.0,0,0.0,0.0,,0.0,normalDay
2020-12-03,4626.0,19.0,0.0,0,366.69,0.0,1,0.29,0.1,SPY201204P00356000,356.0,0,0.0,0.0,,0.0,normalDay
2020-12-04,4655.0,0.0,29.0,0,369.85,0.0,1,0.29,0.0,SPY201204P00356000,356.0,0,0.0,0.0,,0.0,expirationDay
2020-12-07,4655.0,-3.0,0.0,0,369.09,0.0,1,0.12,0.15,SPY201209P00361000,361.0,0,0.0,0.0,,0.0,normalDay
2020-12-08,4655.0,9.0,0.0,0,370.17,0.0,1,0.12,0.03,SPY201209P00361000,361.0,0,0.0,0.0,,0.0,normalDay
2020-12-09,4667.0,0.0,12.0,0,366.85,0.0,1,0.12,0.0,SPY201209P00361000,361.0,0,0.0,0.0,,0.0,expirationDay
2020-12-10,4667.0,-3.0,0.0,0,366.73,0.0,1,0.3,0.33,SPY201211P00363000,363.0,0,0.0,0.0,,0.0,normalDay
2020-12-11,4697.0,0.0,30.0,0,366.3,0.0,1,0.3,0.0,SPY201211P00363000,363.0,0,0.0,0.0,,0.0,expirationDay
2020-12-14,4697.0,-6.0,0.0,0,364.66,0.0,1,1.88,1.94,SPY201216P00364000,364.0,0,0.0,0.0,,0.0,normalDay
2020-12-15,4697.0,154.0,0.0,0,369.59,0.0,1,1.88,0.34,SPY201216P00364000,364.0,0,0.0,0.0,,0.0,normalDay
2020-12-16,4885.0,0.0,188.0,0,370.17,0.0,1,1.88,0.0,SPY201216P00364000,364.0,0,0.0,0.0,,0.0,expirationDay
2020-12-17,4885.0,-3.0,0.0,0,372.24,0.0,1,0.24,0.27,SPY201218P00365000,365.0,0,0.0,0.0,,0.0,normalDay
2020-12-18,4909.0,0.0,24.0,0,369.18,0.0,1,0.24,0.0,SPY201218P00365000,365.0,0,0.0,0.0,,0.0,expirationDay
2020-12-21,4909.0,-4.0,0.0,0,367.86,0.0,1,2.17,2.21,SPY201224P00367000,367.0,0,0.0,0.0,,0.0,normalDay
2020-12-22,4909.0,46.0,0.0,0,367.24,0.0,1,2.17,1.71,SPY201224P00367000,367.0,0,0.0,0.0,,0.0,normalDay
2020-12-23,4909.0,128.0,0.0,0,367.57,0.0,1,2.17,0.89,SPY201224P00367000,367.0,0,0.0,0.0,,0.0,normalDay
2020-12-24,5126.0,0.0,217.0,0,369.0,0.0,1,2.17,0.0,SPY201224P00367000,367.0,0,0.0,0.0,,0.0,expirationDay
2020-12-28,5126.0,-4.0,0.0,0,372.17,0.0,1,0.6,0.64,SPY201231P00368000,368.0,0,0.0,0.0,,0.0,normalDay
2020-12-29,5126.0,-7.0,0.0,0,371.46,0.0,1,0.6,0.67,SPY201231P00368000,368.0,0,0.0,0.0,,0.0,normalDay
2020-12-30,5126.0,35.0,0.0,0,371.99,0.0,1,0.6,0.25,SPY201231P00368000,368.0,0,0.0,0.0,,0.0,normalDay
2020-12-31,5186.0,0.0,60.0,0,373.88,0.0,1,0.6,0.0,SPY201231P00368000,368.0,0,0.0,0.0,,0.0,expirationDay
2021-01-04,5186.0,-4.0,0.0,0,368.79,0.0,1,2.86,2.9,SPY210106P00369000,369.0,0,0.0,0.0,,0.0,normalDay
2021-01-05,5186.0,161.0,0.0,0,371.33,0.0,1,2.86,1.25,SPY210106P00369000,369.0,0,0.0,0.0,,0.0,normalDay
2021-01-06,5472.0,0.0,286.0,0,373.55,0.0,1,2.86,0.0,SPY210106P00369000,369.0,0,0.0,0.0,,0.0,expirationDay
2021-01-07,5472.0,-3.0,0.0,0,379.1,0.0,1,0.07,0.1,SPY210108P00370000,370.0,0,0.0,0.0,,0.0,normalDay
2021-01-08,5479.0,0.0,7.0,0,381.26,0.0,1,0.07,0.0,SPY210108P00370000,370.0,0,0.0,0.0,,0.0,expirationDay
2021-01-11,5479.0,-3.0,0.0,0,378.69,0.0,1,0.38,0.41,SPY210113P00371000,371.0,0,0.0,0.0,,0.0,normalDay
2021-01-12,5479.0,27.0,0.0,0,378.77,0.0,1,0.38,0.11,SPY210113P00371000,371.0,0,0.0,0.0,,0.0,normalDay
2021-01-13,5517.0,0.0,38.0,0,379.79,0.0,1,0.38,0.0,SPY210113P00371000,371.0,0,0.0,0.0,,0.0,expirationDay
2021-01-14,5517.0,-3.0,0.0,0,378.46,0.0,1,0.23,0.26,SPY210115P00373000,373.0,0,0.0,0.0,,0.0,normalDay
2021-01-15,5540.0,0.0,23.0,0,375.7,0.0,1,0.23,0.0,SPY210115P00373000,373.0,0,0.0,0.0,,0.0,expirationDay
2021-01-19,5540.0,-3.0,0.0,0,378.65,0.0,1,1.17,1.2,SPY210122P00374000,374.0,0,0.0,0.0,,0.0,normalDay
2021-01-20,5540.0,98.0,0.0,0,383.89,0.0,1,1.17,0.19,SPY210122P00374000,374.0,0,0.0,0.0,,0.0,normalDay
2021-01-21,5540.0,113.0,0.0,0,384.24,0.0,1,1.17,0.04,SPY210122P00374000,374.0,0,0.0,0.0,,0.0,normalDay
2021-01-22,5657.0,0.0,117.0,0,382.88,0.0,1,1.17,0.0,SPY210122P00374000,374.0,0,0.0,0.0,,0.0,expirationDay
2021-01-25,5657.0,-3.0,0.0,0,384.39,0.0,1,0.33,0.36,SPY210127P00377000,377.0,0,0.0,0.0,,0.0,normalDay
2021-01-26,5657.0,18.0,0.0,0,383.79,0.0,1,0.33,0.15,SPY210127P00377000,377.0,0,0.0,0.0,,0.0,normalDay
2021-01-27,5690.0,-259.0,33.0,100,374.41,377.0,1,0.33,0.0,SPY210127P00377000,377.0,0,0.0,0.0,,0.0,expirationDay
2021-01-28,5690.0,59.0,0.0,100,377.63,377.0,0,0.0,0.0,,0.0,1,1.28,1.32,SPY210203C00384000,384.0,normalDay
2021-01-29,5690.0,-589.0,0.0,100,370.07,377.0,0,0.0,0.0,,0.0,1,1.28,0.24,SPY210203C00384000,384.0,normalDay
2021-02-01,5690.0,30.0,0.0,100,376.23,377.0,0,0.0,0.0,,0.0,1,1.28,0.21,SPY210203C00384000,384.0,normalDay
2021-02-02,5690.0,507.0,0.0,100,381.55,377.0,0,0.0,0.0,,0.0,1,1.28,0.76,SPY210203C00384000,384.0,normalDay
2021-02-03,5818.0,485.0,128.0,100,381.85,377.0,0,0.0,0.0,,0.0,1,1.28,0.0,SPY210203C00384000,384.0,expirationDay
2021-02-04,5818.0,915.0,0.0,100,386.19,377.0,0,0.0,0.0,,0.0,1,3.29,3.33,SPY210210C00385000,385.0,normalDay
2021-02-05,5818.0,1004.0,0.0,100,387.71,377.0,0,0.0,0.0,,0.0,1,3.29,3.96,SPY210210C00385000,385.0,normalDay
2021-02-08,5818.0,1098.0,0.0,100,390.51,377.0,0,0.0,0.0,,0.0,1,3.29,5.82,SPY210210C00385000,385.0,normalDay
2021-02-09,5818.0,1073.0,0.0,100,390.25,377.0,0,0.0,0.0,,0.0,1,3.29,5.81,SPY210210C00385000,385.0,normalDay
2021-02-10,6947.0,1073.0,1129.0,0,390.08,0.0,0,0.0,0.0,,0.0,1,3.29,0.0,SPY210210C00385000,385.0,expirationDay
2021-02-11,6947.0,-3.0,0.0,0,390.71,0.0,1,0.06,0.09,SPY210212P00382500,382.5,0,0.0,0.0,,0.0,normalDay
2021-02-12,6953.0,0.0,6.0,0,392.64,0.0,1,0.06,0.0,SPY210212P00382500,382.5,0,0.0,0.0,,0.0,expirationDay
2021-02-16,6953.0,-3.0,0.0,0,392.3,0.0,1,0.41,0.44,SPY210219P00384000,384.0,0,0.0,0.0,,0.0,normalDay
2021-02-17,6953.0,18.0,0.0,0,392.39,0.0,1,0.41,0.23,SPY210219P00384000,384.0,0,0.0,0.0,,0.0,normalDay
2021-02-18,6953.0,24.0,0.0,0,390.72,0.0,1,0.41,0.17,SPY210219P00384000,384.0,0,0.0,0.0,,0.0,normalDay
2021-02-19,6994.0,0.0,41.0,0,390.03,0.0,1,0.41,0.0,SPY210219P00384000,384.0,0,0.0,0.0,,0.0,expirationDay
2021-02-22,6994.0,-4.0,0.0,0,387.03,0.0,1,1.5,1.54,SPY210224P00386000,386.0,0,0.0,0.0,,0.0,normalDay
2021-02-23,6994.0,51.0,0.0,0,387.5,0.0,1,1.5,0.99,SPY210224P00386000,386.0,0,0.0,0.0,,0.0,normalDay
2021-02-24,7144.0,0.0,150.0,0,391.77,0.0,1,1.5,0.0,SPY210224P00386000,386.0,0,0.0,0.0,,0.0,expirationDay
2021-02-25,7144.0,-10.0,0.0,0,382.33,0.0,1,3.77,3.87,SPY210226P00386000,386.0,0,0.0,0.0,,0.0,normalDay
2021-02-26,7521.0,-564.0,377.0,100,380.36,386.0,1,3.77,0.0,SPY210226P00386000,386.0,0,0.0,0.0,,0.0,expirationDay
2021-03-01,7521.0,354.0,0.0,100,389.58,386.0,0,0.0,0.0,,0.0,1,1.1,1.14,SPY210305C00394000,394.0,normalDay
2021-03-02,7521.0,119.0,0.0,100,386.54,386.0,0,0.0,0.0,,0.0,1,1.1,0.45,SPY210305C00394000,394.0,normalDay
2021-03-03,7521.0,-359.0,0.0,100,381.42,386.0,0,0.0,0.0,,0.0,1,1.1,0.11,SPY210305C00394000,394.0,normalDay
2021-03-04,7521.0,-822.0,0.0,100,376.7,386.0,0,0.0,0.0,,0.0,1,1.1,0.02,SPY210305C00394000,394.0,normalDay
2021-03-05,7631.0,-237.0,110.0,100,383.63,386.0,0,0.0,0.0,,0.0,1,1.1,0.0,SPY210305C00394000,394.0,expirationDay
2021-03-08,7631.0,-431.0,0.0,100,381.72,386.0,0,0.0,0.0,,0.0,1,0.25,0.28,SPY210312C00394000,394.0,normalDay
2021-03-09,7631.0,83.0,0.0,100,387.17,386.0,0,0.0,0.0,,0.0,1,0.25,0.59,SPY210312C00394000,394.0,normalDay
2021-03-10,7631.0,318.0,0.0,100,389.58,386.0,0,0.0,0.0,,0.0,1,0.25,0.65,SPY210312C00394000,394.0,normalDay
2021-03-11,7631.0,675.0,0.0,100,393.53,386.0,0,0.0,0.0,,0.0,1,0.25,1.03,SPY210312C00394000,394.0,normalDay
2021-03-12,8456.0,675.0,825.0,0,394.06,0.0,0,0.0,0.0,,0.0,1,0.25,0.0,SPY210312C00394000,394.0,expirationDay
2021-03-15,8456.0,-3.0,0.0,0,396.41,0.0,1,0.22,0.25,SPY210317P00388000,388.0,0,0.0,0.0,,0.0,normalDay
2021-03-16,8456.0,8.0,0.0,0,395.91,0.0,1,0.22,0.14,SPY210317P00388000,388.0,0,0.0,0.0,,0.0,normalDay
2021-03-17,8478.0,0.0,22.0,0,397.26,0.0,1,0.22,0.0,SPY210317P00388000,388.0,0,0.0,0.0,,0.0,expirationDay
2021-03-18,8478.0,-3.0,0.0,0,391.48,0.0,1,0.82,0.85,SPY210319P00388000,388.0,0,0.0,0.0,,0.0,normalDay
2021-03-19,8560.0,0.0,82.0,0,389.48,0.0,1,0.82,0.0,SPY210319P00388000,388.0,0,0.0,0.0,,0.0,expirationDay
2021-03-22,8560.0,-3.0,0.0,0,392.59,0.0,1,0.38,0.41,SPY210324P00388000,388.0,0,0.0,0.0,,0.0,normalDay
2021-03-23,8560.0,-34.0,0.0,0,389.5,0.0,1,0.38,0.72,SPY210324P00388000,388.0,0,0.0,0.0,,0.0,normalDay
2021-03-24,8598.0,-48.0,38.0,100,387.52,388.0,1,0.38,0.0,SPY210324P00388000,388.0,0,0.0,0.0,,0.0,expirationDay
2021-03-25,8598.0,167.0,0.0,100,389.7,388.0,0,0.0,0.0,,0.0,1,0.51,0.54,SPY210331C00396000,396.0,normalDay
2021-03-26,8598.0,616.0,0.0,100,395.98,388.0,0,0.0,0.0,,0.0,1,0.51,2.33,SPY210331C00396000,396.0,normalDay
2021-03-29,8598.0,645.0,0.0,100,395.78,388.0,0,0.0,0.0,,0.0,1,0.51,1.84,SPY210331C00396000,396.0,normalDay
2021-03-30,8598.0,651.0,0.0,100,394.73,388.0,0,0.0,0.0,,0.0,1,0.51,0.73,SPY210331C00396000,396.0,normalDay
2021-03-31,9449.0,651.0,851.0,0,396.33,0.0,0,0.0,0.0,,0.0,1,0.51,0.0,SPY210331C00396000,396.0,expirationDay
2021-04-01,9449.0,0.0,0.0,0,400.61,0.0,0,0.0,0.0,,0.0,0,0.0,0.0,,0.0,bidTooLow
2021-04-05,9449.0,-3.0,0.0,0,406.36,0.0,1,0.04,0.07,SPY210407P00393000,393.0,0,0.0,0.0,,0.0,normalDay
2021-04-06,9449.0,0.0,0.0,0,406.12,0.0,1,0.04,0.04,SPY210407P00393000,393.0,0,0.0,0.0,,0.0,normalDay
2021-04-07,9453.0,0.0,4.0,0,406.59,0.0,1,0.04,0.0,SPY210407P00393000,393.0,0,0.0,0.0,,0.0,expirationDay
2021-04-08,9453.0,0.0,0.0,0,408.52,0.0,0,0.0,0.0,,0.0,0,0.0,0.0,,0.0,bidTooLow
2021-04-09,9453.0,-3.0,0.0,0,411.49,0.0,1,0.01,0.04,SPY210412P00397000,397.0,0,0.0,0.0,,0.0,normalDay
2021-04-12,9454.0,0.0,1.0,0,411.64,0.0,1,0.01,0.0,SPY210412P00397000,397.0,0,0.0,0.0,,0.0,expirationDay
2021-04-13,9454.0,-3.0,0.0,0,412.86,0.0,1,0.04,0.07,SPY210416P00399000,399.0,0,0.0,0.0,,0.0,normalDay
2021-04-14,9454.0,-4.0,0.0,0,411.45,0.0,1,0.04,0.08,SPY210416P00399000,399.0,0,0.0,0.0,,0.0,normalDay
2021-04-15,9454.0,1.0,0.0,0,415.87,0.0,1,0.04,0.03,SPY210416P00399000,399.0,0,0.0,0.0,,0.0,normalDay
2021-04-16,9458.0,0.0,4.0,0,417.26,0.0,1,0.04,0.0,SPY210416P00399000,399.0,0,0.0,0.0,,0.0,expirationDay
2021-04-19,9458.0,-3.0,0.0,0,415.21,0.0,1,0.02,0.05,SPY210421P00403000,403.0,0,0.0,0.0,,0.0,normalDay
2021-04-20,9458.0,-3.0,0.0,0,412.17,0.0,1,0.02,0.05,SPY210421P00403000,403.0,0,0.0,0.0,,0.0,normalDay
2021-04-21,9460.0,0.0,2.0,0,416.07,0.0,1,0.02,0.0,SPY210421P00403000,403.0,0,0.0,0.0,,0.0,expirationDay
2021-04-22,9460.0,-3.0,0.0,0,412.27,0.0,1,0.2,0.23,SPY210423P00407000,407.0,0,0.0,0.0,,0.0,normalDay
2021-04-23,9480.0,0.0,20.0,0,416.74,0.0,1,0.2,0.0,SPY210423P00407000,407.0,0,0.0,0.0,,0.0,expirationDay
2021-04-26,9480.0,-3.0,0.0,0,417.61,0.0,1,0.09,0.12,SPY210428P00409000,409.0,0,0.0,0.0,,0.0,normalDay
2021-04-27,9480.0,4.0,0.0,0,417.52,0.0,1,0.09,0.05,SPY210428P00409000,409.0,0,0.0,0.0,,0.0,normalDay
2021-04-28,9489.0,0.0,9.0,0,417.4,0.0,1,0.09,0.0,SPY210428P00409000,409.0,0,0.0,0.0,,0.0,expirationDay
2021-04-29,9489.0,-3.0,0.0,0,420.06,0.0,1,0.04,0.07,SPY210430P00412500,412.5,0,0.0,0.0,,0.0,normalDay
2021-04-30,9493.0,0.0,4.0,0,417.3,0.0,1,0.04,0.0,SPY210430P00412500,412.5,0,0.0,0.0,,0.0,expirationDay
2021-05-03,9493.0,-3.0,0.0,0,418.2,0.0,1,0.4,0.43,SPY210505P00414000,414.0,0,0.0,0.0,,0.0,normalDay
2021-05-04,9493.0,-34.0,0.0,0,415.62,0.0,1,0.4,0.74,SPY210505P00414000,414.0,0,0.0,0.0,,0.0,normalDay
2021-05-05,9533.0,0.0,40.0,0,415.75,0.0,1,0.4,0.0,SPY210505P00414000,414.0,0,0.0,0.0,,0.0,expirationDay
2021-05-06,9533.0,-3.0,0.0,0,419.07,0.0,1,0.35,0.38,SPY210507P00416000,416.0,0,0.0,0.0,,0.0,normalDay
2021-05-07,9568.0,0.0,35.0,0,422.12,0.0,1,0.35,0.0,SPY210507P00416000,416.0,0,0.0,0.0,,0.0,expirationDay
2021-05-10,9568.0,-3.0,0.0,0,417.94,0.0,1,1.44,1.47,SPY210512P00416000,416.0,0,0.0,0.0,,0.0,normalDay
2021-05-11,9568.0,-135.0,0.0,0,414.21,0.0,1,1.44,2.79,SPY210512P00416000,416.0,0,0.0,0.0,,0.0,normalDay
2021-05-12,9712.0,-1059.0,144.0,100,405.41,416.0,1,1.44,0.0,SPY210512P00416000,416.0,0,0.0,0.0,,0.0,expirationDay
2021-05-13,9712.0,-575.0,0.0,100,410.28,416.0,0,0.0,0.0,,0.0,1,0.23,0.26,SPY210519C00421000,421.0,normalDay
2021-05-14,9712.0,3.0,0.0,100,416.58,416.0,0,0.0,0.0,,0.0,1,0.23,0.78,SPY210519C00421000,421.0,normalDay
2021-05-17,9712.0,-46.0,0.0,100,415.52,416.0,0,0.0,0.0,,0.0,1,0.23,0.21,SPY210519C00421000,421.0,normalDay
2021-05-18,9712.0,-386.0,0.0,100,411.94,416.0,0,0.0,0.0,,0.0,1,0.23,0.03,SPY210519C00421000,421.0,normalDay
2021-05-19,9735.0,-514.0,23.0,100,410.86,416.0,0,0.0,0.0,,0.0,1,0.23,0.0,SPY210519C00421000,421.0,expirationDay
2021-05-20,9735.0,-75.0,0.0,100,415.28,416.0,0,0.0,0.0,,0.0,1,0.57,0.6,SPY210526C00421000,421.0,normalDay
2021-05-21,9735.0,-82.0,0.0,100,414.94,416.0,0,0.0,0.0,,0.0,1,0.57,0.33,SPY210526C00421000,421.0,normalDay
2021-05-24,9735.0,302.0,0.0,100,419.17,416.0,0,0.0,0.0,,0.0,1,0.57,0.72,SPY210526C00421000,421.0,normalDay
2021-05-25,9735.0,258.0,0.0,100,418.24,416.0,0,0.0,0.0,,0.0,1,0.57,0.23,SPY210526C00421000,421.0,normalDay
2021-05-26,9792.0,307.0,57.0,100,419.07,416.0,0,0.0,0.0,,0.0,1,0.57,0.0,SPY210526C00421000,421.0,expirationDay
2021-05-27,9792.0,326.0,0.0,100,419.29,416.0,0,0.0,0.0,,0.0,1,1.23,1.26,SPY210602C00421000,421.0,normalDay
2021-05-28,9792.0,426.0,0.0,100,420.04,416.0,0,0.0,0.0,,0.0,1,1.23,1.01,SPY210602C00421000,421.0,normalDay
2021-06-01,9792.0,441.0,0.0,100,419.67,416.0,0,0.0,0.0,,0.0,1,1.23,0.49,SPY210602C00421000,421.0,normalDay
2021-06-02,9915.0,433.0,123.0,100,420.33,416.0,0,0.0,0.0,,0.0,1,1.23,0.0,SPY210602C00421000,421.0,expirationDay
2021-06-03,9915.0,274.0,0.0,100,418.77,416.0,0,0.0,0.0,,0.0,1,0.91,0.94,SPY210609C00422000,422.0,normalDay
2021-06-04,9915.0,569.0,0.0,100,422.6,416.0,0,0.0,0.0,,0.0,1,0.91,1.82,SPY210609C00422000,422.0,normalDay
2021-06-07,9915.0,575.0,0.0,100,422.19,416.0,0,0.0,0.0,,0.0,1,0.91,1.35,SPY210609C00422000,422.0,normalDay
2021-06-08,9915.0,613.0,0.0,100,422.28,416.0,0,0.0,0.0,,0.0,1,0.91,1.06,SPY210609C00422000,422.0,normalDay
2021-06-09,10006.0,565.0,91.0,100,421.65,416.0,0,0.0,0.0,,0.0,1,0.91,0.0,SPY210609C00422000,422.0,expirationDay
2021-06-10,10006.0,757.0,0.0,100,423.61,416.0,0,0.0,0.0,,0.0,1,2.39,2.43,SPY210616C00423000,423.0,normalDay
2021-06-11,10006.0,823.0,0.0,100,424.31,416.0,0,0.0,0.0,,0.0,1,2.39,2.47,SPY210616C00423000,423.0,normalDay
2021-06-14,10006.0,862.0,0.0,100,425.26,416.0,0,0.0,0.0,,0.0,1,2.39,3.03,SPY210616C00423000,423.0,normalDay
2021-06-15,10006.0,859.0,0.0,100,424.48,416.0,0,0.0,0.0,,0.0,1,2.39,2.28,SPY210616C00423000,423.0,normalDay
2021-06-16,10245.0,611.0,239.0,100,422.11,416.0,0,0.0,0.0,,0.0,1,2.39,0.0,SPY210616C00423000,423.0,expirationDay
2021-06-17,10245.0,594.0,0.0,100,421.97,416.0,0,0.0,0.0,,0.0,1,0.9,0.93,SPY210623C00424000,424.0,normalDay
2021-06-18,10245.0,-36.0,0.0,100,414.92,416.0,0,0.0,0.0,,0.0,1,0.9,0.18,SPY210623C00424000,424.0,normalDay
2021-06-21,10245.0,544.0,0.0,100,420.86,416.0,0,0.0,0.0,,0.0,1,0.9,0.32,SPY210623C00424000,424.0,normalDay
2021-06-22,10245.0,759.0,0.0,100,423.11,416.0,0,0.0,0.0,,0.0,1,0.9,0.42,SPY210623C00424000,424.0,normalDay
2021-06-23,10335.0,660.0,90.0,100,422.6,416.0,0,0.0,0.0,,0.0,1,0.9,0.0,SPY210623C00424000,424.0,expirationDay
2021-06-24,10335.0,907.0,0.0,100,425.1,416.0,0,0.0,0.0,,0.0,1,1.9,1.93,SPY210630C00425000,425.0,normalDay
2021-06-25,10335.0,987.0,0.0,100,426.61,416.0,0,0.0,0.0,,0.0,1,1.9,2.64,SPY210630C00425000,425.0,normalDay
2021-06-28,10335.0,1052.0,0.0,100,427.47,416.0,0,0.0,0.0,,0.0,1,1.9,2.85,SPY210630C00425000,425.0,normalDay
2021-06-29,10335.0,1048.0,0.0,100,427.7,416.0,0,0.0,0.0,,0.0,1,1.9,3.12,SPY210630C00425000,425.0,normalDay
2021-06-30,11425.0,1048.0,1090.0,0,428.06,0.0,0,0.0,0.0,,0.0,1,1.9,0.0,SPY210630C00425000,425.0,expirationDay
2021-07-01,11425.0,-3.0,0.0,0,430.43,0.0,1,0.06,0.09,SPY210702P00424000,424.0,0,0.0,0.0,,0.0,normalDay
2021-07-02,11431.0,0.0,6.0,0,433.72,0.0,1,0.06,0.0,SPY210702P00424000,424.0,0,0.0,0.0,,0.0,expirationDay
2021-07-06,11431.0,-3.0,0.0,0,432.93,0.0,1,0.2,0.23,SPY210709P00425000,425.0,0,0.0,0.0,,0.0,normalDay
2021-07-07,11431.0,13.0,0.0,0,434.46,0.0,1,0.2,0.07,SPY210709P00425000,425.0,0,0.0,0.0,,0.0,normalDay
2021-07-08,11431.0,3.0,0.0,0,430.92,0.0,1,0.2,0.17,SPY210709P00425000,425.0,0,0.0,0.0,,0.0,normalDay
2021-07-09,11451.0,0.0,20.0,0,435.52,0.0,1,0.2,0.0,SPY210709P00425000,425.0,0,0.0,0.0,,0.0,expirationDay
2021-07-12,11451.0,-3.0,0.0,0,437.08,0.0,1,0.08,0.11,SPY210714P00427000,427.0,0,0.0,0.0,,0.0,normalDay
2021-07-13,11451.0,-1.0,0.0,0,435.59,0.0,1,0.08,0.09,SPY210714P00427000,427.0,0,0.0,0.0,,0.0,normalDay
2021-07-14,11459.0,0.0,8.0,0,436.24,0.0,1,0.08,0.0,SPY210714P00427000,427.0,0,0.0,0.0,,0.0,expirationDay
2021-07-15,11459.0,-3.0,0.0,0,434.75,0.0,1,0.15,0.18,SPY210716P00429000,429.0,0,0.0,0.0,,0.0,normalDay
2021-07-16,11474.0,0.0,15.0,0,431.34,0.0,1,0.15,0.0,SPY210716P00429000,429.0,0,0.0,0.0,,0.0,expirationDay
2021-07-19,11474.0,-17.0,0.0,0,424.97,0.0,1,5.51,5.68,SPY210721P00430000,430.0,0,0.0,0.0,,0.0,normalDay
2021-07-20,11474.0,452.0,0.0,0,431.06,0.0,1,5.51,0.99,SPY210721P00430000,430.0,0,0.0,0.0,,0.0,normalDay
2021-07-21,12025.0,0.0,551.0,0,434.55,0.0,1,5.51,0.0,SPY210721P00430000,430.0,0,0.0,0.0,,0.0,expirationDay
2021-07-22,12025.0,-3.0,0.0,0,435.46,0.0,1,0.17,0.2,SPY210723P00432000,432.0,0,0.0,0.0,,0.0,normalDay
2021-07-23,12042.0,0.0,17.0,0,439.94,0.0,1,0.17,0.0,SPY210723P00432000,432.0,0,0.0,0.0,,0.0,expirationDay
2021-07-26,12042.0,-3.0,0.0,0,441.02,0.0,1,0.13,0.16,SPY210728P00433000,433.0,0,0.0,0.0,,0.0,normalDay
2021-07-27,12042.0,-15.0,0.0,0,439.01,0.0,1,0.13,0.28,SPY210728P00433000,433.0,0,0.0,0.0,,0.0,normalDay
2021-07-28,12055.0,0.0,13.0,0,438.83,0.0,1,0.13,0.0,SPY210728P00433000,433.0,0,0.0,0.0,,0.0,expirationDay
2021-07-29,12055.0,-3.0,0.0,0,440.65,0.0,1,0.08,0.11,SPY210730P00435000,435.0,0,0.0,0.0,,0.0,normalDay
2021-07-30,12063.0,0.0,8.0,0,438.51,0.0,1,0.08,0.0,SPY210730P00435000,435.0,0,0.0,0.0,,0.0,expirationDay
2021-08-02,12063.0,-3.0,0.0,0,437.59,0.0,1,1.18,1.21,SPY210804P00436000,436.0,0,0.0,0.0,,0.0,normalDay
2021-08-03,12063.0,106.0,0.0,0,441.15,0.0,1,1.18,0.12,SPY210804P00436000,436.0,0,0.0,0.0,,0.0,normalDay
2021-08-04,12181.0,0.0,118.0,0,438.98,0.0,1,1.18,0.0,SPY210804P00436000,436.0,0,0.0,0.0,,0.0,expirationDay
2021-08-05,12181.0,-3.0,0.0,0,441.76,0.0,1,0.16,0.19,SPY210806P00437000,437.0,0,0.0,0.0,,0.0,normalDay
2021-08-06,12197.0,0.0,16.0,0,442.49,0.0,1,0.16,0.0,SPY210806P00437000,437.0,0,0.0,0.0,,0.0,expirationDay
2021-08-09,12197.0,-3.0,0.0,0,442.13,0.0,1,0.17,0.2,SPY210811P00437000,437.0,0,0.0,0.0,,0.0,normalDay
2021-08-10,12197.0,6.0,0.0,0,442.68,0.0,1,0.17,0.11,SPY210811P00437000,437.0,0,0.0,0.0,,0.0,normalDay
2021-08-11,12214.0,0.0,17.0,0,443.78,0.0,1,0.17,0.0,SPY210811P00437000,437.0,0,0.0,0.0,,0.0,expirationDay
2021-08-12,12214.0,-3.0,0.0,0,445.11,0.0,1,0.06,0.09,SPY210813P00439000,439.0,0,0.0,0.0,,0.0,normalDay
2021-08-13,12220.0,0.0,6.0,0,445.92,0.0,1,0.06,0.0,SPY210813P00439000,439.0,0,0.0,0.0,,0.0,expirationDay
2021-08-16,12220.0,-3.0,0.0,0,446.97,0.0,1,0.15,0.18,SPY210818P00440000,440.0,0,0.0,0.0,,0.0,normalDay
2021-08-17,12220.0,-20.0,0.0,0,444.04,0.0,1,0.15,0.35,SPY210818P00440000,440.0,0,0.0,0.0,,0.0,normalDay
2021-08-18,12235.0,-82.0,15.0,100,439.18,440.0,1,0.15,0.0,SPY210818P00440000,440.0,0,0.0,0.0,,0.0,expirationDay
2021-08-19,12235.0,-18.0,0.0,100,439.86,440.0,0,0.0,0.0,,0.0,1,0.89,0.93,SPY210825C00445000,445.0,normalDay
2021-08-20,12235.0,328.0,0.0,100,443.36,440.0,0,0.0,0.0,,0.0,1,0.89,0.97,SPY210825C00445000,445.0,normalDay
2021-08-23,12235.0,520.0,0.0,100,447.26,440.0,0,0.0,0.0,,0.0,1,0.89,2.95,SPY210825C00445000,445.0,normalDay
2021-08-24,12235.0,568.0,0.0,100,447.97,440.0,0,0.0,0.0,,0.0,1,0.89,3.18,SPY210825C00445000,445.0,normalDay
2021-08-25,12824.0,568.0,589.0,0,448.91,0.0,0,0.0,0.0,,0.0,1,0.89,0.0,SPY210825C00445000,445.0,expirationDay
2021-08-26,12824.0,-3.0,0.0,0,446.26,0.0,1,0.45,0.48,SPY210827P00443000,443.0,0,0.0,0.0,,0.0,normalDay
2021-08-27,12869.0,0.0,45.0,0,450.25,0.0,1,0.45,0.0,SPY210827P00443000,443.0,0,0.0,0.0,,0.0,expirationDay
2021-08-30,12869.0,-3.0,0.0,0,452.23,0.0,1,0.09,0.12,SPY210901P00445000,445.0,0,0.0,0.0,,0.0,normalDay
2021-08-31,12869.0,1.0,0.0,0,451.56,0.0,1,0.09,0.08,SPY210901P00445000,445.0,0,0.0,0.0,,0.0,normalDay
2021-09-01,12878.0,0.0,9.0,0,451.8,0.0,1,0.09,0.0,SPY210901P00445000,445.0,0,0.0,0.0,,0.0,expirationDay
2021-09-02,12878.0,-3.0,0.0,0,453.19,0.0,1,0.08,0.11,SPY210903P00446000,446.0,0,0.0,0.0,,0.0,normalDay
2021-09-03,12886.0,0.0,8.0,0,453.08,0.0,1,0.08,0.0,SPY210903P00446000,446.0,0,0.0,0.0,,0.0,expirationDay
2021-09-07,12886.0,-3.0,0.0,0,451.46,0.0,1,0.64,0.67,SPY210910P00447000,447.0,0,0.0,0.0,,0.0,normalDay
2021-09-08,12886.0,15.0,0.0,0,450.91,0.0,1,0.64,0.49,SPY210910P00447000,447.0,0,0.0,0.0,,0.0,normalDay
2021-09-09,12886.0,0.0,0.0,0,448.98,0.0,1,0.64,0.64,SPY210910P00447000,447.0,0,0.0,0.0,,0.0,normalDay
2021-09-10,12950.0,-156.0,64.0,100,445.44,447.0,1,0.64,0.0,SPY210910P00447000,447.0,0,0.0,0.0,,0.0,expirationDay
2021-09-13,12950.0,-45.0,0.0,100,446.58,447.0,0,0.0,0.0,,0.0,1,0.27,0.3,SPY210917C00453000,453.0,normalDay
2021-09-14,12950.0,-264.0,0.0,100,444.17,447.0,0,0.0,0.0,,0.0,1,0.27,0.08,SPY210917C00453000,453.0,normalDay
2021-09-15,12950.0,105.0,0.0,100,447.88,447.0,0,0.0,0.0,,0.0,1,0.27,0.1,SPY210917C00453000,453.0,normalDay
2021-09-16,12950.0,41.0,0.0,100,447.17,447.0,0,0.0,0.0,,0.0,1,0.27,0.03,SPY210917C00453000,453.0,normalDay
2021-09-17,12977.0,-560.0,27.0,100,441.4,447.0,0,0.0,0.0,,0.0,1,0.27,0.0,SPY210917C00453000,453.0,expirationDay
2021-09-20,12977.0,-1299.0,0.0,100,434.04,447.0,0,0.0,0.0,,0.0,1,0.03,0.06,SPY210924C00454000,454.0,normalDay
2021-09-21,12977.0,-1337.0,0.0,100,433.63,447.0,0,0.0,0.0,,0.0,1,0.03,0.03,SPY210924C00454000,454.0,normalDay
2021-09-22,12977.0,-913.0,0.0,100,437.86,447.0,0,0.0,0.0,,0.0,1,0.03,0.02,SPY210924C00454000,454.0,normalDay
2021-09-23,12977.0,-380.0,0.0,100,443.18,447.0,0,0.0,0.0,,0.0,1,0.03,0.01,SPY210924C00454000,454.0,normalDay
2021-09-24,12980.0,-309.0,3.0,100,443.91,447.0,0,0.0,0.0,,0.0,1,0.03,0.0,SPY210924C00454000,454.0,expirationDay
2021-09-27,12980.0,-439.0,0.0,100,442.64,447.0,0,0.0,0.0,,0.0,1,0.04,0.07,SPY211001C00454000,454.0,normalDay
2021-09-28,12980.0,-1327.0,0.0,100,433.72,447.0,0,0.0,0.0,,0.0,1,0.04,0.03,SPY211001C00454000,454.0,normalDay
2021-09-29,12980.0,-1253.0,0.0,100,434.45,447.0,0,0.0,0.0,,0.0,1,0.04,0.02,SPY211001C00454000,454.0,normalDay
2021-09-30,12980.0,-1783.0,0.0,100,429.14,447.0,0,0.0,0.0,,0.0,1,0.04,0.01,SPY211001C00454000,454.0,normalDay
2021-10-01,12984.0,-1276.0,4.0,100,434.24,447.0,0,0.0,0.0,,0.0,1,0.04,0.0,SPY211001C00454000,454.0,expirationDay
2021-10-04,12984.0,-1839.0,0.0,100,428.64,447.0,0,0.0,0.0,,0.0,1,0.02,0.05,SPY211008C00450000,450.0,normalDay
2021-10-05,12984.0,-1392.0,0.0,100,433.1,447.0,0,0.0,0.0,,0.0,1,0.02,0.04,SPY211008C00450000,450.0,normalDay
2021-10-06,12984.0,-1211.0,0.0,100,434.9,447.0,0,0.0,0.0,,0.0,1,0.02,0.03,SPY211008C00450000,450.0,normalDay
2021-10-07,12984.0,-834.0,0.0,100,438.66,447.0,0,0.0,0.0,,0.0,1,0.02,0.02,SPY211008C00450000,450.0,normalDay
2021-10-08,12986.0,-914.0,2.0,100,437.86,447.0,0,0.0,0.0,,0.0,1,0.02,0.0,SPY211008C00450000,450.0,expirationDay
2021-10-11,12986.0,-1234.0,0.0,100,434.69,447.0,0,0.0,0.0,,0.0,1,0.16,0.19,SPY211015C00445000,445.0,normalDay
2021-10-12,12986.0,-1329.0,0.0,100,433.62,447.0,0,0.0,0.0,,0.0,1,0.16,0.07,SPY211015C00445000,445.0,normalDay
2021-10-13,12986.0,-1171.0,0.0,100,435.18,447.0,0,0.0,0.0,,0.0,1,0.16,0.05,SPY211015C00445000,445.0,normalDay
2021-10-14,12986.0,-470.0,0.0,100,442.5,447.0,0,0.0,0.0,,0.0,1,0.16,0.36,SPY211015C00445000,445.0,normalDay
2021-10-15,12802.0,-470.0,-184.0,0,445.87,0.0,0,0.0,0.0,,0.0,1,0.16,0.0,SPY211015C00445000,445.0,expirationDay
2021-10-18,12802.0,-3.0,0.0,0,447.19,0.0,1,0.07,0.1,SPY211020P00437000,437.0,0,0.0,0.0,,0.0,normalDay
2021-10-19,12802.0,4.0,0.0,0,450.64,0.0,1,0.07,0.03,SPY211020P00437000,437.0,0,0.0,0.0,,0.0,normalDay
2021-10-20,12809.0,0.0,7.0,0,452.41,0.0,1,0.07,0.0,SPY211020P00437000,437.0,0,0.0,0.0,,0.0,expirationDay
2021-10-21,12809.0,0.0,0.0,0,453.59,0.0,0,0.0,0.0,,0.0,0,0.0,0.0,,0.0,bidTooLow
2021-10-22,12809.0,-3.0,0.0,0,453.12,0.0,1,0.01,0.04,SPY211025P00440000,440.0,0,0.0,0.0,,0.0,normalDay
2021-10-25,12810.0,0.0,1.0,0,455.55,0.0,1,0.01,0.0,SPY211025P00440000,440.0,0,0.0,0.0,,0.0,expirationDay
2021-10-26,12810.0,-3.0,0.0,0,455.96,0.0,1,0.11,0.14,SPY211029P00442000,442.0,0,0.0,0.0,,0.0,normalDay
2021-10-27,12810.0,1.0,0.0,0,453.94,0.0,1,0.11,0.1,SPY211029P00442000,442.0,0,0.0,0.0,,0.0,normalDay
2021-10-28,12810.0,8.0,0.0,0,458.32,0.0,1,0.11,0.03,SPY211029P00442000,442.0,0,0.0,0.0,,0.0,normalDay
2021-10-29,12821.0,0.0,11.0,0,459.25,0.0,1,0.11,0.0,SPY211029P00442000,442.0,0,0.0,0.0,,0.0,expirationDay
2021-11-01,12821.0,-3.0,0.0,0,460.04,0.0,1,0.04,0.07,SPY211103P00447000,447.0,0,0.0,0.0,,0.0,normalDay
2021-11-02,12821.0,1.0,0.0,0,461.9,0.0,1,0.04,0.03,SPY211103P00447000,447.0,0,0.0,0.0,,0.0,normalDay
2021-11-03,12825.0,0.0,4.0,0,464.72,0.0,1,0.04,0.0,SPY211103P00447000,447.0,0,0.0,0.0,,0.0,expirationDay
2021-11-04,12825.0,-3.0,0.0,0,466.91,0.0,1,0.01,0.04,SPY211105P00451000,451.0,0,0.0,0.0,,0.0,normalDay
2021-11-05,12826.0,0.0,1.0,0,468.53,0.0,1,0.01,0.0,SPY211105P00451000,451.0,0,0.0,0.0,,0.0,expirationDay
2021-11-08,12826.0,-3.0,0.0,0,468.93,0.0,1,0.03,0.06,SPY211110P00454000,454.0,0,0.0,0.0,,0.0,normalDay
2021-11-09,12826.0,-1.0,0.0,0,467.38,0.0,1,0.03,0.04,SPY211110P00454000,454.0,0,0.0,0.0,,0.0,normalDay
2021-11-10,12829.0,0.0,3.0,0,463.62,0.0,1,0.03,0.0,SPY211110P00454000,454.0,0,0.0,0.0,,0.0,expirationDay
2021-11-11,12829.0,-3.0,0.0,0,463.77,0.0,1,0.13,0.16,SPY211112P00459000,459.0,0,0.0,0.0,,0.0,normalDay
2021-11-12,12842.0,0.0,13.0,0,467.27,0.0,1,0.13,0.0,SPY211112P00459000,459.0,0,0.0,0.0,,0.0,expirationDay
2021-11-15,12842.0,-3.0,0.0,0,467.43,0.0,1,0.14,0.17,SPY211117P00461000,461.0,0,0.0,0.0,,0.0,normalDay
2021-11-16,12842.0,8.0,0.0,0,469.28,0.0,1,0.14,0.06,SPY211117P00461000,461.0,0,0.0,0.0,,0.0,normalDay
2021-11-17,12856.0,0.0,14.0,0,468.14,0.0,1,0.14,0.0,SPY211117P00461000,461.0,0,0.0,0.0,,0.0,expirationDay
2021-11-18,12856.0,-3.0,0.0,0,469.73,0.0,1,0.07,0.1,SPY211119P00463000,463.0,0,0.0,0.0,,0.0,normalDay
2021-11-19,12863.0,0.0,7.0,0,468.89,0.0,1,0.07,0.0,SPY211119P00463000,463.0,0,0.0,0.0,,0.0,expirationDay
2021-11-22,12863.0,-4.0,0.0,0,467.57,0.0,1,1.15,1.19,SPY211124P00465000,465.0,0,0.0,0.0,,0.0,normalDay
2021-11-23,12863.0,59.0,0.0,0,468.19,0.0,1,1.15,0.56,SPY211124P00465000,465.0,0,0.0,0.0,,0.0,normalDay
2021-11-24,12978.0,0.0,115.0,0,469.44,0.0,1,1.15,0.0,SPY211124P00465000,465.0,0,0.0,0.0,,0.0,expirationDay
2021-11-26,12978.0,-211.0,0.0,0,458.97,0.0,1,7.72,9.83,SPY211129P00466000,466.0,0,0.0,0.0,,0.0,normalDay
2021-11-29,13750.0,-140.0,772.0,100,464.6,466.0,1,7.72,0.0,SPY211129P00466000,466.0,0,0.0,0.0,,0.0,expirationDay
2021-11-30,13750.0,-1047.0,0.0,100,455.56,466.0,0,0.0,0.0,,0.0,1,0.25,0.28,SPY211206C00471000,471.0,normalDay
2021-12-01,13750.0,-1536.0,0.0,100,450.5,466.0,0,0.0,0.0,,0.0,1,0.25,0.11,SPY211206C00471000,471.0,normalDay
2021-12-02,13750.0,-844.0,0.0,100,457.4,466.0,0,0.0,0.0,,0.0,1,0.25,0.09,SPY211206C00471000,471.0,normalDay
2021-12-03,13750.0,-1235.0,0.0,100,453.42,466.0,0,0.0,0.0,,0.0,1,0.25,0.02,SPY211206C00471000,471.0,normalDay
2021-12-06,13775.0,-721.0,25.0,100,458.79,466.0,0,0.0,0.0,,0.0,1,0.25,0.0,SPY211206C00471000,471.0,expirationDay
2021-12-07,13775.0,225.0,0.0,100,468.28,466.0,0,0.0,0.0,,0.0,1,1.51,1.54,SPY211213C00472000,472.0,normalDay
2021-12-08,13775.0,376.0,0.0,100,469.52,466.0,0,0.0,0.0,,0.0,1,1.51,1.27,SPY211213C00472000,472.0,normalDay
2021-12-09,13775.0,145.0,0.0,100,466.35,466.0,0,0.0,0.0,,0.0,1,1.51,0.41,SPY211213C00472000,472.0,normalDay
2021-12-10,13775.0,544.0,0.0,100,470.74,466.0,0,0.0,0.0,,0.0,1,1.51,0.81,SPY211213C00472000,472.0,normalDay
2021-12-13,13926.0,57.0,151.0,100,466.57,466.0,0,0.0,0.0,,0.0,1,1.51,0.0,SPY211213C00472000,472.0,expirationDay
2021-12-14,13926.0,-267.0,0.0,100,463.36,466.0,0,0.0,0.0,,0.0,1,0.44,0.47,SPY211220C00472000,472.0,normalDay
2021-12-15,13926.0,340.0,0.0,100,470.6,466.0,0,0.0,0.0,,0.0,1,0.44,1.64,SPY211220C00472000,472.0,normalDay
2021-12-16,13926.0,33.0,0.0,100,466.45,466.0,0,0.0,0.0,,0.0,1,0.44,0.56,SPY211220C00472000,472.0,normalDay
2021-12-17,13926.0,-574.0,0.0,100,459.87,466.0,0,0.0,0.0,,0.0,1,0.44,0.05,SPY211220C00472000,472.0,normalDay
2021-12-20,13970.0,-1102.0,44.0,100,454.98,466.0,0,0.0,0.0,,0.0,1,0.44,0.0,SPY211220C00472000,472.0,expirationDay
2021-12-21,13970.0,-297.0,0.0,100,463.06,466.0,0,0.0,0.0,,0.0,1,0.39,0.42,SPY211227C00471000,471.0,normalDay
2021-12-22,13970.0,139.0,0.0,100,467.69,466.0,0,0.0,0.0,,0.0,1,0.39,0.69,SPY211227C00471000,471.0,normalDay
2021-12-23,13970.0,348.0,0.0,100,470.6,466.0,0,0.0,0.0,,0.0,1,0.39,1.51,SPY211227C00471000,471.0,normalDay
2021-12-27,14509.0,348.0,539.0,0,477.26,0.0,0,0.0,0.0,,0.0,1,0.39,0.0,SPY211227C00471000,471.0,expirationDay
2021-12-28,14509.0,-3.0,0.0,0,476.87,0.0,1,0.14,0.17,SPY211231P00464000,464.0,0,0.0,0.0,,0.0,normalDay
2021-12-29,14509.0,9.0,0.0,0,477.48,0.0,1,0.14,0.05,SPY211231P00464000,464.0,0,0.0,0.0,,0.0,normalDay
2021-12-30,14509.0,8.0,0.0,0,476.16,0.0,1,0.14,0.06,SPY211231P00464000,464.0,0,0.0,0.0,,0.0,normalDay
2021-12-31,14523.0,0.0,14.0,0,474.96,0.0,1,0.14,0.0,SPY211231P00464000,464.0,0,0.0,0.0,,0.0,expirationDay
2022-01-03,14523.0,-3.0,0.0,0,477.71,0.0,1,0.07,0.1,SPY220105P00469000,469.0,0,0.0,0.0,,0.0,normalDay
2022-01-04,14523.0,2.0,0.0,0,477.55,0.0,1,0.07,0.05,SPY220105P00469000,469.0,0,0.0,0.0,,0.0,normalDay
2022-01-05,14530.0,-62.0,7.0,100,468.38,469.0,1,0.07,0.0,SPY220105P00469000,469.0,0,0.0,0.0,,0.0,expirationDay
2022-01-06,14530.0,-109.0,0.0,100,467.94,469.0,0,0.0,0.0,,0.0,1,0.23,0.26,SPY220112C00478000,478.0,normalDay
2022-01-07,14530.0,-277.0,0.0,100,466.09,469.0,0,0.0,0.0,,0.0,1,0.23,0.09,SPY220112C00478000,478.0,normalDay
2022-01-10,14530.0,-329.0,0.0,100,465.51,469.0,0,0.0,0.0,,0.0,1,0.23,0.03,SPY220112C00478000,478.0,normalDay
2022-01-11,14530.0,95.0,0.0,100,469.75,469.0,0,0.0,0.0,,0.0,1,0.23,0.03,SPY220112C00478000,478.0,normalDay
2022-01-12,14553.0,202.0,23.0,100,471.02,469.0,0,0.0,0.0,,0.0,1,0.23,0.0,SPY220112C00478000,478.0,expirationDay
2022-01-13,14553.0,-450.0,0.0,100,464.53,469.0,0,0.0,0.0,,0.0,1,0.1,0.13,SPY220119C00478000,478.0,normalDay
2022-01-14,14553.0,-423.0,0.0,100,464.72,469.0,0,0.0,0.0,,0.0,1,0.1,0.05,SPY220119C00478000,478.0,normalDay
2022-01-18,14553.0,-1242.0,0.0,100,456.49,469.0,0,0.0,0.0,,0.0,1,0.1,0.01,SPY220119C00478000,478.0,normalDay
2022-01-19,14563.0,-1725.0,10.0,100,451.75,469.0,0,0.0,0.0,,0.0,1,0.1,0.0,SPY220119C00478000,478.0,expirationDay
2022-01-20,14563.0,-2225.0,0.0,100,446.75,469.0,0,0.0,0.0,,0.0,0,0.0,0.0,,0.0,bidTooLow
2022-01-21,14563.0,-3102.0,0.0,100,437.98,469.0,0,0.0,0.0,,0.0,0,0.0,0.0,,0.0,bidTooLow
2022-01-24,14563.0,-2916.0,0.0,100,439.84,469.0,0,0.0,0.0,,0.0,0,0.0,0.0,,0.0,bidTooLow
2022-01-25,14563.0,-3453.0,0.0,100,434.47,469.0,0,0.0,0.0,,0.0,0,0.0,0.0,,0.0,bidTooLow
2022-01-26,14563.0,-3562.0,0.0,100,433.38,469.0,0,0.0,0.0,,0.0,0,0.0,0.0,,0.0,bidTooLow
2022-01-27,14563.0,-3776.0,0.0,100,431.24,469.0,0,0.0,0.0,,0.0,0,0.0,0.0,,0.0,bidTooLow
2022-01-28,14563.0,-2705.0,0.0,100,441.95,469.0,0,0.0,0.0,,0.0,0,0.0,0.0,,0.0,bidTooLow
2022-01-31,14563.0,-1909.0,0.0,100,449.91,469.0,0,0.0,0.0,,0.0,0,0.0,0.0,,0.0,bidTooLow
2022-02-01,14563.0,-1608.0,0.0,100,452.95,469.0,0,0.0,0.0,,0.0,1,0.02,0.05,SPY220207C00473000,473.0,normalDay
2022-02-02,14563.0,-1167.0,0.0,100,457.35,469.0,0,0.0,0.0,,0.0,1,0.02,0.04,SPY220207C00473000,473.0,normalDay
2022-02-03,14563.0,-2240.0,0.0,100,446.6,469.0,0,0.0,0.0,,0.0,1,0.02,0.02,SPY220207C00473000,473.0,normalDay
2022-02-04,14563.0,-2029.0,0.0,100,448.7,469.0,0,0.0,0.0,,0.0,1,0.02,0.01,SPY220207C00473000,473.0,normalDay
2022-02-07,14565.0,-2174.0,2.0,100,447.26,469.0,0,0.0,0.0,,0.0,1,0.02,0.0,SPY220207C00473000,473.0,expirationDay
2022-02-08,14565.0,-1809.0,0.0,100,450.94,469.0,0,0.0,0.0,,0.0,1,0.17,0.2,SPY220214C00465000,465.0,normalDay
2022-02-09,14565.0,-1207.0,0.0,100,457.54,469.0,0,0.0,0.0,,0.0,1,0.17,0.78,SPY220214C00465000,465.0,normalDay
2022-02-10,14565.0,-1959.0,0.0,100,449.32,469.0,0,0.0,0.0,,0.0,1,0.17,0.08,SPY220214C00465000,465.0,normalDay
2022-02-11,14565.0,-2839.0,0.0,100,440.46,469.0,0,0.0,0.0,,0.0,1,0.17,0.02,SPY220214C00465000,465.0,normalDay
2022-02-14,14582.0,-2998.0,17.0,100,439.02,469.0,0,0.0,0.0,,0.0,1,0.17,0.0,SPY220214C00465000,465.0,expirationDay
2022-02-15,14582.0,-2293.0,0.0,100,446.1,469.0,0,0.0,0.0,,0.0,1,0.47,0.5,SPY220218C00455000,455.0,normalDay
2022-02-16,14582.0,-2218.0,0.0,100,446.6,469.0,0,0.0,0.0,,0.0,1,0.47,0.25,SPY220218C00455000,455.0,normalDay
2022-02-17,14582.0,-3149.0,0.0,100,437.06,469.0,0,0.0,0.0,,0.0,1,0.47,0.02,SPY220218C00455000,455.0,normalDay
2022-02-18,14629.0,-3477.0,47.0,100,434.23,469.0,0,0.0,0.0,,0.0,1,0.47,0.0,SPY220218C00455000,455.0,expirationDay
2022-02-22,14629.0,-3946.0,0.0,100,429.57,469.0,0,0.0,0.0,,0.0,1,0.03,0.06,SPY220228C00455000,455.0,normalDay
2022-02-23,14629.0,-4705.0,0.0,100,421.95,469.0,0,0.0,0.0,,0.0,1,0.03,0.03,SPY220228C00455000,455.0,normalDay
2022-02-24,14629.0,-4070.0,0.0,100,428.3,469.0,0,0.0,0.0,,0.0,1,0.03,0.03,SPY220228C00455000,455.0,normalDay
2022-02-25,14629.0,-3124.0,0.0,100,437.75,469.0,0,0.0,0.0,,0.0,1,0.03,0.02,SPY220228C00455000,455.0,normalDay
2022-02-28,14632.0,-3237.0,3.0,100,436.63,469.0,0,0.0,0.0,,0.0,1,0.03,0.0,SPY220228C00455000,455.0,expirationDay
2022-03-01,14632.0,-3905.0,0.0,100,429.98,469.0,0,0.0,0.0,,0.0,1,0.13,0.16,SPY220307C00455000,455.0,normalDay
2022-03-02,14632.0,-3113.0,0.0,100,437.89,469.0,0,0.0,0.0,,0.0,1,0.13,0.15,SPY220307C00455000,455.0,normalDay
2022-03-03,14632.0,-3321.0,0.0,100,435.71,469.0,0,0.0,0.0,,0.0,1,0.13,0.05,SPY220307C00455000,455.0,normalDay
2022-03-04,14632.0,-3671.0,0.0,100,432.17,469.0,0,0.0,0.0,,0.0,1,0.13,0.01,SPY220307C00455000,455.0,normalDay
2022-03-07,14645.0,-4957.0,13.0,100,419.43,469.0,0,0.0,0.0,,0.0,1,0.13,0.0,SPY220307C00455000,455.0,expirationDay
2022-03-08,14645.0,-5278.0,0.0,100,416.25,469.0,0,0.0,0.0,,0.0,1,0.03,0.06,SPY220314C00450000,450.0,normalDay
2022-03-09,14645.0,-4164.0,0.0,100,427.41,469.0,0,0.0,0.0,,0.0,1,0.03,0.08,SPY220314C00450000,450.0,normalDay
2022-03-10,14645.0,-4351.0,0.0,100,425.48,469.0,0,0.0,0.0,,0.0,1,0.03,0.02,SPY220314C00450000,450.0,normalDay
2022-03-11,14645.0,-4891.0,0.0,100,420.07,469.0,0,0.0,0.0,,0.0,1,0.03,0.01,SPY220314C00450000,450.0,normalDay
2022-03-14,14648.0,-5200.0,3.0,100,417.0,469.0,0,0.0,0.0,,0.0,1,0.03,0.0,SPY220314C00450000,450.0,expirationDay
2022-03-15,14648.0,-4287.0,0.0,100,426.17,469.0,0,0.0,0.0,,0.0,1,0.47,0.51,SPY220321C00442000,442.0,normalDay
2022-03-16,14648.0,-3410.0,0.0,100,435.62,469.0,0,0.0,0.0,,0.0,1,0.47,1.19,SPY220321C00442000,442.0,normalDay
2022-03-17,14648.0,-2942.0,0.0,100,441.07,469.0,0,0.0,0.0,,0.0,1,0.47,1.96,SPY220321C00442000,442.0,normalDay
2022-03-18,14648.0,-2824.0,0.0,100,444.52,469.0,0,0.0,0.0,,0.0,1,0.47,4.23,SPY220321C00442000,442.0,normalDay
2022-03-21,11995.0,-2824.0,-2653.0,0,444.39,0.0,0,0.0,0.0,,0.0,1,0.47,0.0,SPY220321C00442000,442.0,expirationDay
2022-03-22,11995.0,-3.0,0.0,0,449.59,0.0,1,0.26,0.29,SPY220325P00431000,431.0,0,0.0,0.0,,0.0,normalDay
2022-03-23,11995.0,0.0,0.0,0,443.8,0.0,1,0.26,0.26,SPY220325P00431000,431.0,0,0.0,0.0,,0.0,normalDay
2022-03-24,11995.0,23.0,0.0,0,450.49,0.0,1,0.26,0.03,SPY220325P00431000,431.0,0,0.0,0.0,,0.0,normalDay
2022-03-25,12021.0,0.0,26.0,0,452.69,0.0,1,0.26,0.0,SPY220325P00431000,431.0,0,0.0,0.0,,0.0,expirationDay
2022-03-28,12021.0,-3.0,0.0,0,455.91,0.0,1,0.06,0.09,SPY220331P00435000,435.0,0,0.0,0.0,,0.0,normalDay
2022-03-29,12021.0,2.0,0.0,0,461.55,0.0,1,0.06,0.04,SPY220331P00435000,435.0,0,0.0,0.0,,0.0,normalDay
2022-03-30,12021.0,3.0,0.0,0,458.7,0.0,1,0.06,0.03,SPY220331P00435000,435.0,0,0.0,0.0,,0.0,normalDay
2022-03-31,12027.0,0.0,6.0,0,451.64,0.0,1,0.06,0.0,SPY220331P00435000,435.0,0,0.0,0.0,,0.0,expirationDay
2022-04-01,12027.0,-3.0,0.0,0,452.92,0.0,1,0.03,0.06,SPY220404P00440000,440.0,0,0.0,0.0,,0.0,normalDay
2022-04-04,12030.0,0.0,3.0,0,456.8,0.0,1,0.03,0.0,SPY220404P00440000,440.0,0,0.0,0.0,,0.0,expirationDay
2022-04-05,12030.0,-3.0,0.0,0,451.03,0.0,1,0.56,0.59,SPY220408P00443000,443.0,0,0.0,0.0,,0.0,normalDay
2022-04-06,12030.0,-72.0,0.0,0,446.52,0.0,1,0.56,1.28,SPY220408P00443000,443.0,0,0.0,0.0,,0.0,normalDay
2022-04-07,12030.0,30.0,0.0,0,448.77,0.0,1,0.56,0.26,SPY220408P00443000,443.0,0,0.0,0.0,,0.0,normalDay
2022-04-08,12086.0,0.0,56.0,0,447.57,0.0,1,0.56,0.0,SPY220408P00443000,443.0,0,0.0,0.0,,0.0,expirationDay
2022-04-11,12086.0,-27.0,0.0,0,439.92,0.0,1,8.75,9.02,SPY220414P00448000,448.0,0,0.0,0.0,,0.0,normalDay
2022-04-12,12086.0,-127.0,0.0,0,438.29,0.0,1,8.75,10.02,SPY220414P00448000,448.0,0,0.0,0.0,,0.0,normalDay
2022-04-13,12086.0,343.0,0.0,0,443.31,0.0,1,8.75,5.32,SPY220414P00448000,448.0,0,0.0,0.0,,0.0,normalDay
2022-04-14,12961.0,-1021.0,875.0,100,437.79,448.0,1,8.75,0.0,SPY220414P00448000,448.0,0,0.0,0.0,,0.0,expirationDay
2022-04-18,12961.0,-1003.0,0.0,100,437.97,448.0,0,0.0,0.0,,0.0,0,0.0,0.0,,0.0,bidTooLow
2022-04-19,12961.0,-299.0,0.0,100,445.04,448.0,0,0.0,0.0,,0.0,1,0.09,0.12,SPY220425C00458000,458.0,normalDay
2022-04-20,12961.0,-332.0,0.0,100,444.71,448.0,0,0.0,0.0,,0.0,1,0.09,0.12,SPY220425C00458000,458.0,normalDay
2022-04-21,12961.0,-988.0,0.0,100,438.06,448.0,0,0.0,0.0,,0.0,1,0.09,0.03,SPY220425C00458000,458.0,normalDay
2022-04-22,12961.0,-2188.0,0.0,100,426.04,448.0,0,0.0,0.0,,0.0,1,0.09,0.01,SPY220425C00458000,458.0,normalDay
2022-04-25,12970.0,-1949.0,9.0,100,428.51,448.0,0,0.0,0.0,,0.0,1,0.09,0.0,SPY220425C00458000,458.0,expirationDay
2022-04-26,12970.0,-3190.0,0.0,100,416.1,448.0,0,0.0,0.0,,0.0,0,0.0,0.0,,0.0,bidTooLow
2022-04-27,12970.0,-3073.0,0.0,100,417.27,448.0,0,0.0,0.0,,0.0,0,0.0,0.0,,0.0,bidTooLow
2022-04-28,12970.0,-2022.0,0.0,100,427.81,448.0,0,0.0,0.0,,0.0,1,0.01,0.04,SPY220504C00455000,455.0,normalDay
2022-04-29,12970.0,-3601.0,0.0,100,412.0,448.0,0,0.0,0.0,,0.0,1,0.01,0.02,SPY220504C00455000,455.0,normalDay
2022-05-02,12970.0,-3352.0,0.0,100,414.48,448.0,0,0.0,0.0,,0.0,1,0.01,0.01,SPY220504C00455000,455.0,normalDay
2022-05-03,12970.0,-3162.0,0.0,100,416.38,448.0,0,0.0,0.0,,0.0,1,0.01,0.01,SPY220504C00455000,455.0,normalDay
2022-05-04,12971.0,-1894.0,1.0,100,429.06,448.0,0,0.0,0.0,,0.0,1,0.01,0.0,SPY220504C00455000,455.0,expirationDay
2022-05-05,12971.0,-3422.0,0.0,100,413.81,448.0,0,0.0,0.0,,0.0,1,0.04,0.07,SPY220511C00447000,447.0,normalDay
2022-05-06,12971.0,-3664.0,0.0,100,411.34,448.0,0,0.0,0.0,,0.0,1,0.04,0.02,SPY220511C00447000,447.0,normalDay
2022-05-09,12971.0,-4980.0,0.0,100,398.17,448.0,0,0.0,0.0,,0.0,1,0.04,0.01,SPY220511C00447000,447.0,normalDay
2022-05-10,12971.0,-4888.0,0.0,100,399.09,448.0,0,0.0,0.0,,0.0,1,0.04,0.01,SPY220511C00447000,447.0,normalDay
2022-05-11,12975.0,-5525.0,4.0,100,392.75,448.0,0,0.0,0.0,,0.0,1,0.04,0.0,SPY220511C00447000,447.0,expirationDay
2022-05-12,12975.0,-5566.0,0.0,100,392.34,448.0,0,0.0,0.0,,0.0,0,0.0,0.0,,0.0,bidTooLow
2022-05-13,12975.0,-4628.0,0.0,100,401.72,448.0,0,0.0,0.0,,0.0,0,0.0,0.0,,0.0,bidTooLow
2022-05-16,12975.0,-4791.0,0.0,100,400.09,448.0,0,0.0,0.0,,0.0,0,0.0,0.0,,0.0,bidTooLow
2022-05-17,12975.0,-3971.0,0.0,100,408.32,448.0,0,0.0,0.0,,0.0,1,0.01,0.04,SPY220523C00433000,433.0,normalDay
2022-05-18,12975.0,-5615.0,0.0,100,391.86,448.0,0,0.0,0.0,,0.0,1,0.01,0.02,SPY220523C00433000,433.0,normalDay
2022-05-19,12975.0,-5855.0,0.0,100,389.46,448.0,0,0.0,0.0,,0.0,1,0.01,0.02,SPY220523C00433000,433.0,normalDay
2022-05-20,12975.0,-5837.0,0.0,100,389.63,448.0,0,0.0,0.0,,0.0,1,0.01,0.01,SPY220523C00433000,433.0,normalDay
2022-05-23,12976.0,-5108.0,1.0,100,396.92,448.0,0,0.0,0.0,,0.0,1,0.01,0.0,SPY220523C00433000,433.0,expirationDay
2022-05-24,12976.0,-5414.0,0.0,100,393.89,448.0,0,0.0,0.0,,0.0,1,0.01,0.04,SPY220527C00421000,421.0,normalDay
2022-05-25,12976.0,-5064.0,0.0,100,397.37,448.0,0,0.0,0.0,,0.0,1,0.01,0.02,SPY220527C00421000,421.0,normalDay
2022-05-26,12976.0,-4269.0,0.0,100,405.31,448.0,0,0.0,0.0,,0.0,1,0.01,0.01,SPY220527C00421000,421.0,normalDay
2022-05-27,12977.0,-3274.0,1.0,100,415.26,448.0,0,0.0,0.0,,0.0,1,0.01,0.0,SPY220527C00421000,421.0,expirationDay
2022-05-31,12977.0,-3511.0,0.0,100,412.93,448.0,0,0.0,0.0,,0.0,1,2.76,2.8,SPY220606C00417000,417.0,normalDay
2022-06-01,12977.0,-3697.0,0.0,100,409.59,448.0,0,0.0,0.0,,0.0,1,2.76,1.32,SPY220606C00417000,417.0,normalDay
2022-06-02,12977.0,-3129.0,0.0,100,417.39,448.0,0,0.0,0.0,,0.0,1,2.76,3.44,SPY220606C00417000,417.0,normalDay
2022-06-03,12977.0,-3510.0,0.0,100,410.54,448.0,0,0.0,0.0,,0.0,1,2.76,0.4,SPY220606C00417000,417.0,normalDay
2022-06-06,13253.0,-3621.0,276.0,100,411.79,448.0,0,0.0,0.0,,0.0,1,2.76,0.0,SPY220606C00417000,417.0,expirationDay
2022-06-07,13253.0,-3230.0,0.0,100,415.74,448.0,0,0.0,0.0,,0.0,1,4.57,4.61,SPY220613C00415000,415.0,normalDay
2022-06-08,13253.0,-3452.0,0.0,100,411.22,448.0,0,0.0,0.0,,0.0,1,4.57,2.31,SPY220613C00415000,415.0,normalDay
2022-06-09,13253.0,-4243.0,0.0,100,401.44,448.0,0,0.0,0.0,,0.0,1,4.57,0.44,SPY220613C00415000,415.0,normalDay
2022-06-10,13253.0,-5365.0,0.0,100,389.8,448.0,0,0.0,0.0,,0.0,1,4.57,0.02,SPY220613C00415000,415.0,normalDay
2022-06-13,13710.0,-7300.0,457.0,100,375.0,448.0,0,0.0,0.0,,0.0,1,4.57,0.0,SPY220613C00415000,415.0,expirationDay
2022-06-14,13710.0,-7413.0,0.0,100,373.87,448.0,0,0.0,0.0,,0.0,0,0.0,0.0,,0.0,bidTooLow
2022-06-15,13710.0,-6880.0,0.0,100,379.2,448.0,0,0.0,0.0,,0.0,0,0.0,0.0,,0.0,bidTooLow
2022-06-16,13710.0,-8135.0,0.0,100,366.65,448.0,0,0.0,0.0,,0.0,0,0.0,0.0,,0.0,bidTooLow
2022-06-17,13710.0,-8214.0,0.0,100,365.86,448.0,0,0.0,0.0,,0.0,0,0.0,0.0,,0.0,bidTooLow
2022-06-21,13710.0,-7293.0,0.0,100,375.07,448.0,0,0.0,0.0,,0.0,0,0.0,0.0,,0.0,bidTooLow
2022-06-22,13710.0,-7361.0,0.0,100,374.39,448.0,0,0.0,0.0,,0.0,0,0.0,0.0,,0.0,bidTooLow
2022-06-23,13710.0,-6994.0,0.0,100,378.06,448.0,0,0.0,0.0,,0.0,0,0.0,0.0,,0.0,bidTooLow
2022-06-24,13710.0,-5795.0,0.0,100,390.08,448.0,0,0.0,0.0,,0.0,1,0.03,0.06,SPY220630C00418000,418.0,normalDay
2022-06-27,13710.0,-5942.0,0.0,100,388.59,448.0,0,0.0,0.0,,0.0,1,0.03,0.04,SPY220630C00418000,418.0,normalDay
2022-06-28,13710.0,-6733.0,0.0,100,380.65,448.0,0,0.0,0.0,,0.0,1,0.03,0.01,SPY220630C00418000,418.0,normalDay
2022-06-29,13710.0,-6764.0,0.0,100,380.34,448.0,0,0.0,0.0,,0.0,1,0.03,0.01,SPY220630C00418000,418.0,normalDay
2022-06-30,13713.0,-7075.0,3.0,100,377.25,448.0,0,0.0,0.0,,0.0,1,0.03,0.0,SPY220630C00418000,418.0,expirationDay
2022-07-01,13713.0,-6676.0,0.0,100,381.24,448.0,0,0.0,0.0,,0.0,0,0.0,0.0,,0.0,bidTooLow
2022-07-05,13713.0,-6607.0,0.0,100,381.96,448.0,0,0.0,0.0,,0.0,1,0.04,0.07,SPY220711C00404000,404.0,normalDay
2022-07-06,13713.0,-6476.0,0.0,100,383.25,448.0,0,0.0,0.0,,0.0,1,0.04,0.05,SPY220711C00404000,404.0,normalDay
2022-07-07,13713.0,-5902.0,0.0,100,388.99,448.0,0,0.0,0.0,,0.0,1,0.04,0.05,SPY220711C00404000,404.0,normalDay
2022-07-08,13713.0,-5930.0,0.0,100,388.67,448.0,0,0.0,0.0,,0.0,1,0.04,0.01,SPY220711C00404000,404.0,normalDay
2022-07-11,13717.0,-6377.0,4.0,100,384.23,448.0,0,0.0,0.0,,0.0,1,0.04,0.0,SPY220711C00404000,404.0,expirationDay
2022-07-12,13717.0,-6720.0,0.0,100,380.83,448.0,0,0.0,0.0,,0.0,1,1.58,1.61,SPY220718C00389000,389.0,normalDay
2022-07-13,13717.0,-6823.0,0.0,100,378.83,448.0,0,0.0,0.0,,0.0,1,1.58,0.64,SPY220718C00389000,389.0,normalDay
2022-07-14,13717.0,-6875.0,0.0,100,377.91,448.0,0,0.0,0.0,,0.0,1,1.58,0.24,SPY220718C00389000,389.0,normalDay
2022-07-15,13717.0,-6177.0,0.0,100,385.13,448.0,0,0.0,0.0,,0.0,1,1.58,0.48,SPY220718C00389000,389.0,normalDay
2022-07-18,13875.0,-6605.0,158.0,100,381.95,448.0,0,0.0,0.0,,0.0,1,1.58,0.0,SPY220718C00389000,389.0,expirationDay
2022-07-19,13875.0,-5579.0,0.0,100,392.27,448.0,0,0.0,0.0,,0.0,1,6.52,6.58,SPY220725C00389000,389.0,normalDay
2022-07-20,13875.0,-5437.0,0.0,100,394.77,448.0,0,0.0,0.0,,0.0,1,6.52,7.66,SPY220725C00389000,389.0,normalDay
2022-07-21,13875.0,-5279.0,0.0,100,398.79,448.0,0,0.0,0.0,,0.0,1,6.52,10.1,SPY220725C00389000,389.0,normalDay
2022-07-22,13875.0,-5252.0,0.0,100,395.09,448.0,0,0.0,0.0,,0.0,1,6.52,6.13,SPY220725C00389000,389.0,normalDay
2022-07-25,8627.0,-5252.0,-5248.0,0,395.57,0.0,0,0.0,0.0,,0.0,1,6.52,0.0,SPY220725C00389000,389.0,expirationDay
2022-07-26,8627.0,-5.0,0.0,0,390.89,0.0,1,2.16,2.21,SPY220729P00386000,386.0,0,0.0,0.0,,0.0,normalDay
2022-07-27,8627.0,185.0,0.0,0,401.04,0.0,1,2.16,0.31,SPY220729P00386000,386.0,0,0.0,0.0,,0.0,normalDay
2022-07-28,8627.0,211.0,0.0,0,406.07,0.0,1,2.16,0.05,SPY220729P00386000,386.0,0,0.0,0.0,,0.0,normalDay
2022-07-29,8843.0,0.0,216.0,0,411.99,0.0,1,2.16,0.0,SPY220729P00386000,386.0,0,0.0,0.0,,0.0,expirationDay
2022-08-01,8843.0,-3.0,0.0,0,410.77,0.0,1,0.02,0.05,SPY220803P00391000,391.0,0,0.0,0.0,,0.0,normalDay
2022-08-02,8843.0,-2.0,0.0,0,408.06,0.0,1,0.02,0.04,SPY220803P00391000,391.0,0,0.0,0.0,,0.0,normalDay
2022-08-03,8845.0,0.0,2.0,0,414.45,0.0,1,0.02,0.0,SPY220803P00391000,391.0,0,0.0,0.0,,0.0,expirationDay
2022-08-04,8845.0,0.0,0.0,0,414.17,0.0,0,0.0,0.0,,0.0,0,0.0,0.0,,0.0,bidTooLow
2022-08-05,8845.0,-3.0,0.0,0,413.47,0.0,1,0.01,0.04,SPY220808P00397000,397.0,0,0.0,0.0,,0.0,normalDay
2022-08-08,8846.0,0.0,1.0,0,412.99,0.0,1,0.01,0.0,SPY220808P00397000,397.0,0,0.0,0.0,,0.0,expirationDay
2022-08-09,8846.0,-3.0,0.0,0,411.35,0.0,1,0.5,0.53,SPY220812P00400000,400.0,0,0.0,0.0,,0.0,normalDay
2022-08-10,8846.0,45.0,0.0,0,419.99,0.0,1,0.5,0.05,SPY220812P00400000,400.0,0,0.0,0.0,,0.0,normalDay
2022-08-11,8846.0,48.0,0.0,0,419.99,0.0,1,0.5,0.02,SPY220812P00400000,400.0,0,0.0,0.0,,0.0,normalDay
2022-08-12,8896.0,0.0,50.0,0,427.1,0.0,1,0.5,0.0,SPY220812P00400000,400.0,0,0.0,0.0,,0.0,expirationDay
2022-08-15,8896.0,0.0,0.0,0,428.86,0.0,0,0.0,0.0,,0.0,0,0.0,0.0,,0.0,bidTooLow
2022-08-16,8896.0,-3.0,0.0,0,429.7,0.0,1,0.06,0.09,SPY220819P00410000,410.0,0,0.0,0.0,,0.0,normalDay
2022-08-17,8896.0,1.0,0.0,0,426.65,0.0,1,0.06,0.05,SPY220819P00410000,410.0,0,0.0,0.0,,0.0,normalDay
2022-08-18,8896.0,2.0,0.0,0,427.89,0.0,1,0.06,0.04,SPY220819P00410000,410.0,0,0.0,0.0,,0.0,normalDay
2022-08-19,8902.0,0.0,6.0,0,422.14,0.0,1,0.06,0.0,SPY220819P00410000,410.0,0,0.0,0.0,,0.0,expirationDay
2022-08-22,8902.0,-5.0,0.0,0,413.35,0.0,1,3.95,4.0,SPY220824P00416000,416.0,0,0.0,0.0,,0.0,normalDay
2022-08-23,8902.0,-44.0,0.0,0,412.35,0.0,1,3.95,4.39,SPY220824P00416000,416.0,0,0.0,0.0,,0.0,normalDay
2022-08-24,9297.0,-233.0,395.0,100,413.67,416.0,1,3.95,0.0,SPY220824P00416000,416.0,0,0.0,0.0,,0.0,expirationDay
2022-08-25,9297.0,347.0,0.0,100,419.51,416.0,0,0.0,0.0,,0.0,1,1.1,1.14,SPY220831C00427000,427.0,normalDay
2022-08-26,9297.0,-962.0,0.0,100,405.31,416.0,0,0.0,0.0,,0.0,1,1.1,0.03,SPY220831C00427000,427.0,normalDay
2022-08-29,9297.0,-1229.0,0.0,100,402.63,416.0,0,0.0,0.0,,0.0,1,1.1,0.02,SPY220831C00427000,427.0,normalDay
2022-08-30,9297.0,-1670.0,0.0,100,398.21,416.0,0,0.0,0.0,,0.0,1,1.1,0.01,SPY220831C00427000,427.0,normalDay
2022-08-31,9407.0,-2082.0,110.0,100,395.18,416.0,0,0.0,0.0,,0.0,1,1.1,0.0,SPY220831C00427000,427.0,expirationDay
2022-09-01,9407.0,-1958.0,0.0,100,396.42,416.0,0,0.0,0.0,,0.0,0,0.0,0.0,,0.0,bidTooLow
2022-09-02,9407.0,-2376.0,0.0,100,392.24,416.0,0,0.0,0.0,,0.0,0,0.0,0.0,,0.0,bidTooLow
2022-09-06,9407.0,-2524.0,0.0,100,390.76,416.0,0,0.0,0.0,,0.0,0,0.0,0.0,,0.0,bidTooLow
2022-09-07,9407.0,-1822.0,0.0,100,397.78,416.0,0,0.0,0.0,,0.0,0,0.0,0.0,,0.0,bidTooLow
2022-09-08,9407.0,-1562.0,0.0,100,400.38,416.0,0,0.0,0.0,,0.0,0,0.0,0.0,,0.0,bidTooLow
2022-09-09,9407.0,-943.0,0.0,100,406.6,416.0,0,0.0,0.0,,0.0,1,0.01,0.04,SPY220914C00428000,428.0,normalDay
2022-09-12,9407.0,-510.0,0.0,100,410.97,416.0,0,0.0,0.0,,0.0,1,0.01,0.08,SPY220914C00428000,428.0,normalDay
2022-09-13,9407.0,-2290.0,0.0,100,393.1,416.0,0,0.0,0.0,,0.0,1,0.01,0.01,SPY220914C00428000,428.0,normalDay
2022-09-14,9408.0,-2140.0,1.0,100,394.6,416.0,0,0.0,0.0,,0.0,1,0.01,0.0,SPY220914C00428000,428.0,expirationDay
2022-09-15,9408.0,-2591.0,0.0,100,390.12,416.0,0,0.0,0.0,,0.0,1,0.01,0.04,SPY220921C00419000,419.0,normalDay
2022-09-16,9408.0,-3045.0,0.0,100,385.56,416.0,0,0.0,0.0,,0.0,1,0.01,0.02,SPY220921C00419000,419.0,normalDay
2022-09-19,9408.0,-2745.0,0.0,100,388.55,416.0,0,0.0,0.0,,0.0,1,0.01,0.01,SPY220921C00419000,419.0,normalDay
2022-09-20,9408.0,-3191.0,0.0,100,384.09,416.0,0,0.0,0.0,,0.0,1,0.01,0.01,SPY220921C00419000,419.0,normalDay
2022-09-21,9409.0,-3861.0,1.0,100,377.39,416.0,0,0.0,0.0,,0.0,1,0.01,0.0,SPY220921C00419000,419.0,expirationDay
2022-09-22,9409.0,-4178.0,0.0,100,374.22,416.0,0,0.0,0.0,,0.0,0,0.0,0.0,,0.0,bidTooLow
2022-09-23,9409.0,-4805.0,0.0,100,367.95,416.0,0,0.0,0.0,,0.0,0,0.0,0.0,,0.0,bidTooLow
2022-09-26,9409.0,-5169.0,0.0,100,364.31,416.0,0,0.0,0.0,,0.0,0,0.0,0.0,,0.0,bidTooLow
2022-09-27,9409.0,-5262.0,0.0,100,363.38,416.0,0,0.0,0.0,,0.0,0,0.0,0.0,,0.0,bidTooLow
2022-09-28,9409.0,-4547.0,0.0,100,370.53,416.0,0,0.0,0.0,,0.0,0,0.0,0.0,,0.0,bidTooLow
2022-09-29,9409.0,-5321.0,0.0,100,362.79,416.0,0,0.0,0.0,,0.0,0,0.0,0.0,,0.0,bidTooLow
2022-09-30,9409.0,-5882.0,0.0,100,357.18,416.0,0,0.0,0.0,,0.0,0,0.0,0.0,,0.0,bidTooLow
2022-10-03,9409.0,-4939.0,0.0,100,366.61,416.0,0,0.0,0.0,,0.0,0,0.0,0.0,,0.0,bidTooLow
2022-10-04,9409.0,-3806.0,0.0,100,377.97,416.0,0,0.0,0.0,,0.0,1,0.06,0.09,SPY221010C00402000,402.0,normalDay
2022-10-05,9409.0,-3888.0,0.0,100,377.09,416.0,0,0.0,0.0,,0.0,1,0.06,0.03,SPY221010C00402000,402.0,normalDay
2022-10-06,9409.0,-4276.0,0.0,100,373.2,416.0,0,0.0,0.0,,0.0,1,0.06,0.02,SPY221010C00402000,402.0,normalDay
2022-10-07,9409.0,-5316.0,0.0,100,362.79,416.0,0,0.0,0.0,,0.0,1,0.06,0.01,SPY221010C00402000,402.0,normalDay
2022-10-10,9415.0,-5598.0,6.0,100,360.02,416.0,0,0.0,0.0,,0.0,1,0.06,0.0,SPY221010C00402000,402.0,expirationDay
2022-10-11,9415.0,-5829.0,0.0,100,357.74,416.0,0,0.0,0.0,,0.0,1,0.08,0.11,SPY221017C00388000,388.0,normalDay
2022-10-12,9415.0,-5942.0,0.0,100,356.56,416.0,0,0.0,0.0,,0.0,1,0.08,0.06,SPY221017C00388000,388.0,normalDay
2022-10-13,9415.0,-5003.0,0.0,100,365.97,416.0,0,0.0,0.0,,0.0,1,0.08,0.08,SPY221017C00388000,388.0,normalDay
2022-10-14,9415.0,-5830.0,0.0,100,357.63,416.0,0,0.0,0.0,,0.0,1,0.08,0.01,SPY221017C00388000,388.0,normalDay
2022-10-17,9423.0,-4918.0,8.0,100,366.82,416.0,0,0.0,0.0,,0.0,1,0.08,0.0,SPY221017C00388000,388.0,expirationDay
2022-10-18,9423.0,-4492.0,0.0,100,371.13,416.0,0,0.0,0.0,,0.0,1,3.28,3.33,SPY221024C00376000,376.0,normalDay
2022-10-19,9423.0,-4567.0,0.0,100,368.5,416.0,0,0.0,0.0,,0.0,1,3.28,1.45,SPY221024C00376000,376.0,normalDay
2022-10-20,9423.0,-4771.0,0.0,100,365.41,416.0,0,0.0,0.0,,0.0,1,3.28,0.4,SPY221024C00376000,376.0,normalDay
2022-10-21,9423.0,-4022.0,0.0,100,374.29,416.0,0,0.0,0.0,,0.0,1,3.28,1.79,SPY221024C00376000,376.0,normalDay
2022-10-24,5751.0,-4022.0,-3672.0,0,378.87,0.0,0,0.0,0.0,,0.0,1,3.28,0.0,SPY221024C00376000,376.0,expirationDay
2022-10-25,5751.0,-3.0,0.0,0,384.92,0.0,1,0.36,0.39,SPY221028P00368000,368.0,0,0.0,0.0,,0.0,normalDay
2022-10-26,5751.0,21.0,0.0,0,382.02,0.0,1,0.36,0.15,SPY221028P00368000,368.0,0,0.0,0.0,,0.0,normalDay
2022-10-27,5751.0,6.0,0.0,0,379.98,0.0,1,0.36,0.3,SPY221028P00368000,368.0,0,0.0,0.0,,0.0,normalDay
2022-10-28,5787.0,0.0,36.0,0,389.02,0.0,1,0.36,0.0,SPY221028P00368000,368.0,0,0.0,0.0,,0.0,expirationDay
2022-10-31,5787.0,-3.0,0.0,0,386.21,0.0,1,0.19,0.22,SPY221102P00372000,372.0,0,0.0,0.0,,0.0,normalDay
2022-11-01,5787.0,3.0,0.0,0,384.52,0.0,1,0.19,0.16,SPY221102P00372000,372.0,0,0.0,0.0,,0.0,normalDay
2022-11-02,5806.0,0.0,19.0,0,374.87,0.0,1,0.19,0.0,SPY221102P00372000,372.0,0,0.0,0.0,,0.0,expirationDay
2022-11-03,5806.0,-3.0,0.0,0,371.01,0.0,1,3.25,3.28,SPY221104P00372000,372.0,0,0.0,0.0,,0.0,normalDay
2022-11-04,6131.0,0.0,325.0,0,376.35,0.0,1,3.25,0.0,SPY221104P00372000,372.0,0,0.0,0.0,,0.0,expirationDay
2022-11-07,6131.0,-3.0,0.0,0,379.95,0.0,1,0.83,0.86,SPY221109P00374000,374.0,0,0.0,0.0,,0.0,normalDay
2022-11-08,6131.0,48.0,0.0,0,382.0,0.0,1,0.83,0.35,SPY221109P00374000,374.0,0,0.0,0.0,,0.0,normalDay
2022-11-09,6214.0,0.0,83.0,0,374.13,0.0,1,0.83,0.0,SPY221109P00374000,374.0,0,0.0,0.0,,0.0,expirationDay
2022-11-10,6214.0,-3.0,0.0,0,394.69,0.0,1,0.04,0.07,SPY221111P00377000,377.0,0,0.0,0.0,,0.0,normalDay
2022-11-11,6218.0,0.0,4.0,0,398.51,0.0,1,0.04,0.0,SPY221111P00377000,377.0,0,0.0,0.0,,0.0,expirationDay
2022-11-14,6218.0,-3.0,0.0,0,395.12,0.0,1,0.09,0.12,SPY221116P00381000,381.0,0,0.0,0.0,,0.0,normalDay
2022-11-15,6218.0,5.0,0.0,0,398.49,0.0,1,0.09,0.04,SPY221116P00381000,381.0,0,0.0,0.0,,0.0,normalDay
2022-11-16,6227.0,0.0,9.0,0,395.45,0.0,1,0.09,0.0,SPY221116P00381000,381.0,0,0.0,0.0,,0.0,expirationDay
2022-11-17,6227.0,-3.0,0.0,0,394.24,0.0,1,0.13,0.16,SPY221118P00385000,385.0,0,0.0,0.0,,0.0,normalDay
2022-11-18,6240.0,0.0,13.0,0,396.03,0.0,1,0.13,0.0,SPY221118P00385000,385.0,0,0.0,0.0,,0.0,expirationDay
2022-11-21,6240.0,-3.0,0.0,0,394.59,0.0,1,0.21,0.24,SPY221123P00387000,387.0,0,0.0,0.0,,0.0,normalDay
2022-11-22,6240.0,16.0,0.0,0,399.9,0.0,1,0.21,0.05,SPY221123P00387000,387.0,0,0.0,0.0,,0.0,normalDay
2022-11-23,6261.0,0.0,21.0,0,402.42,0.0,1,0.21,0.0,SPY221123P00387000,387.0,0,0.0,0.0,,0.0,expirationDay
2022-11-25,6261.0,-3.0,0.0,0,402.33,0.0,1,0.01,0.04,SPY221128P00389000,389.0,0,0.0,0.0,,0.0,normalDay
2022-11-28,6262.0,0.0,1.0,0,395.91,0.0,1,0.01,0.0,SPY221128P00389000,389.0,0,0.0,0.0,,0.0,expirationDay
2022-11-29,6262.0,-3.0,0.0,0,395.23,0.0,1,1.65,1.68,SPY221202P00390000,390.0,0,0.0,0.0,,0.0,normalDay
2022-11-30,6262.0,154.0,0.0,0,407.68,0.0,1,1.65,0.11,SPY221202P00390000,390.0,0,0.0,0.0,,0.0,normalDay
2022-12-01,6262.0,162.0,0.0,0,407.38,0.0,1,1.65,0.03,SPY221202P00390000,390.0,0,0.0,0.0,,0.0,normalDay
2022-12-02,6427.0,0.0,165.0,0,406.91,0.0,1,1.65,0.0,SPY221202P00390000,390.0,0,0.0,0.0,,0.0,expirationDay
2022-12-05,6427.0,-4.0,0.0,0,399.59,0.0,1,1.21,1.25,SPY221208P00396000,396.0,0,0.0,0.0,,0.0,normalDay
2022-12-06,6427.0,-231.0,0.0,0,393.83,0.0,1,1.21,3.52,SPY221208P00396000,396.0,0,0.0,0.0,,0.0,normalDay
2022-12-07,6427.0,-219.0,0.0,0,393.16,0.0,1,1.21,3.4,SPY221208P00396000,396.0,0,0.0,0.0,,0.0,normalDay
2022-12-08,6548.0,0.0,121.0,0,396.24,0.0,1,1.21,0.0,SPY221208P00396000,396.0,0,0.0,0.0,,0.0,expirationDay
2022-12-09,6548.0,-19.0,0.0,0,393.28,0.0,1,4.78,4.97,SPY221212P00398000,398.0,0,0.0,0.0,,0.0,normalDay
2022-12-12,7026.0,0.0,478.0,0,398.95,0.0,1,4.78,0.0,SPY221212P00398000,398.0,0,0.0,0.0,,0.0,expirationDay
2022-12-13,7026.0,-5.0,0.0,0,401.97,0.0,1,4.09,4.14,SPY221216P00399000,399.0,0,0.0,0.0,,0.0,normalDay
2022-12-14,7026.0,76.0,0.0,0,399.4,0.0,1,4.09,3.33,SPY221216P00399000,399.0,0,0.0,0.0,,0.0,normalDay
2022-12-15,7026.0,-712.0,0.0,0,389.63,0.0,1,4.09,11.21,SPY221216P00399000,399.0,0,0.0,0.0,,0.0,normalDay
2022-12-16,7435.0,-1573.0,409.0,100,383.27,399.0,1,4.09,0.0,SPY221216P00399000,399.0,0,0.0,0.0,,0.0,expirationDay
2022-12-19,7435.0,-1898.0,0.0,100,380.02,399.0,0,0.0,0.0,,0.0,0,0.0,0.0,,0.0,bidTooLow
2022-12-20,7435.0,-1846.0,0.0,100,380.54,399.0,0,0.0,0.0,,0.0,0,0.0,0.0,,0.0,bidTooLow
2022-12-21,7435.0,-1277.0,0.0,100,386.23,399.0,0,0.0,0.0,,0.0,0,0.0,0.0,,0.0,bidTooLow
2022-12-22,7435.0,-1828.0,0.0,100,380.72,399.0,0,0.0,0.0,,0.0,0,0.0,0.0,,0.0,bidTooLow
2022-12-23,7435.0,-1609.0,0.0,100,382.91,399.0,0,0.0,0.0,,0.0,0,0.0,0.0,,0.0,bidTooLow
2022-12-27,7435.0,-1760.0,0.0,100,381.4,399.0,0,0.0,0.0,,0.0,0,0.0,0.0,,0.0,bidTooLow
2022-12-28,7435.0,-2234.0,0.0,100,376.66,399.0,0,0.0,0.0,,0.0,0,0.0,0.0,,0.0,bidTooLow
2022-12-29,7435.0,-1556.0,0.0,100,383.44,399.0,0,0.0,0.0,,0.0,0,0.0,0.0,,0.0,bidTooLow
2022-12-30,7435.0,-1657.0,0.0,100,382.43,399.0,0,0.0,0.0,,0.0,0,0.0,0.0,,0.0,bidTooLow
2023-01-03,7435.0,-1821.0,0.0,100,380.82,399.0,0,0.0,0.0,,0.0,1,0.07,0.1,SPY230109C00399000,399.0,normalDay
2023-01-04,7435.0,-1526.0,0.0,100,383.76,399.0,0,0.0,0.0,,0.0,1,0.07,0.09,SPY230109C00399000,399.0,normalDay
2023-01-05,7435.0,-1957.0,0.0,100,379.38,399.0,0,0.0,0.0,,0.0,1,0.07,0.02,SPY230109C00399000,399.0,normalDay
2023-01-06,7435.0,-1087.0,0.0,100,388.08,399.0,0,0.0,0.0,,0.0,1,0.07,0.02,SPY230109C00399000,399.0,normalDay
2023-01-09,7442.0,-1114.0,7.0,100,387.86,399.0,0,0.0,0.0,,0.0,1,0.07,0.0,SPY230109C00399000,399.0,expirationDay
2023-01-10,7442.0,-845.0,0.0,100,390.58,399.0,0,0.0,0.0,,0.0,1,2.48,2.51,SPY230113C00395000,395.0,normalDay
2023-01-11,7442.0,-570.0,0.0,100,395.52,399.0,0,0.0,0.0,,0.0,1,2.48,4.7,SPY230113C00395000,395.0,normalDay
2023-01-12,7442.0,-254.0,0.0,100,396.96,399.0,0,0.0,0.0,,0.0,1,2.48,2.98,SPY230113C00395000,395.0,normalDay
2023-01-13,7290.0,-254.0,-152.0,0,398.5,0.0,0,0.0,0.0,,0.0,1,2.48,0.0,SPY230113C00395000,395.0,expirationDay
2023-01-17,7290.0,-3.0,0.0,0,397.77,0.0,1,0.18,0.21,SPY230120P00386000,386.0,0,0.0,0.0,,0.0,normalDay
2023-01-18,7290.0,-35.0,0.0,0,391.49,0.0,1,0.18,0.53,SPY230120P00386000,386.0,0,0.0,0.0,,0.0,normalDay
2023-01-19,7290.0,-42.0,0.0,0,388.64,0.0,1,0.18,0.6,SPY230120P00386000,386.0,0,0.0,0.0,,0.0,normalDay
2023-01-20,7308.0,0.0,18.0,0,395.88,0.0,1,0.18,0.0,SPY230120P00386000,386.0,0,0.0,0.0,,0.0,expirationDay
2023-01-23,7308.0,-3.0,0.0,0,400.63,0.0,1,0.18,0.21,SPY230126P00388000,388.0,0,0.0,0.0,,0.0,normalDay
2023-01-24,7308.0,8.0,0.0,0,400.2,0.0,1,0.18,0.1,SPY230126P00388000,388.0,0,0.0,0.0,,0.0,normalDay
2023-01-25,7308.0,11.0,0.0,0,400.35,0.0,1,0.18,0.07,SPY230126P00388000,388.0,0,0.0,0.0,,0.0,normalDay
2023-01-26,7326.0,0.0,18.0,0,404.75,0.0,1,0.18,0.0,SPY230126P00388000,388.0,0,0.0,0.0,,0.0,expirationDay
2023-01-27,7326.0,-3.0,0.0,0,405.68,0.0,1,0.02,0.05,SPY230130P00393000,393.0,0,0.0,0.0,,0.0,normalDay
2023-01-30,7328.0,0.0,2.0,0,400.59,0.0,1,0.02,0.0,SPY230130P00393000,393.0,0,0.0,0.0,,0.0,expirationDay
2023-01-31,7328.0,-3.0,0.0,0,406.48,0.0,1,0.85,0.88,SPY230203P00395000,395.0,0,0.0,0.0,,0.0,normalDay
2023-02-01,7328.0,70.0,0.0,0,410.8,0.0,1,0.85,0.15,SPY230203P00395000,395.0,0,0.0,0.0,,0.0,normalDay
2023-02-02,7328.0,80.0,0.0,0,416.78,0.0,1,0.85,0.05,SPY230203P00395000,395.0,0,0.0,0.0,,0.0,normalDay
2023-02-03,7413.0,0.0,85.0,0,412.35,0.0,1,0.85,0.0,SPY230203P00395000,395.0,0,0.0,0.0,,0.0,expirationDay
2023-02-06,7413.0,-3.0,0.0,0,409.83,0.0,1,0.47,0.5,SPY230209P00401000,401.0,0,0.0,0.0,,0.0,normalDay
2023-02-07,7413.0,40.0,0.0,0,415.19,0.0,1,0.47,0.07,SPY230209P00401000,401.0,0,0.0,0.0,,0.0,normalDay
2023-02-08,7413.0,42.0,0.0,0,410.65,0.0,1,0.47,0.05,SPY230209P00401000,401.0,0,0.0,0.0,,0.0,normalDay
2023-02-09,7460.0,0.0,47.0,0,407.09,0.0,1,0.47,0.0,SPY230209P00401000,401.0,0,0.0,0.0,,0.0,expirationDay
2023-02-10,7460.0,-3.0,0.0,0,408.04,0.0,1,0.53,0.56,SPY230213P00404000,404.0,0,0.0,0.0,,0.0,normalDay
2023-02-13,7513.0,0.0,53.0,0,412.83,0.0,1,0.53,0.0,SPY230213P00404000,404.0,0,0.0,0.0,,0.0,expirationDay
2023-02-14,7513.0,-3.0,0.0,0,412.64,0.0,1,0.98,1.01,SPY230217P00406000,406.0,0,0.0,0.0,,0.0,normalDay
2023-02-15,7513.0,67.0,0.0,0,413.98,0.0,1,0.98,0.31,SPY230217P00406000,406.0,0,0.0,0.0,,0.0,normalDay
2023-02-16,7513.0,-23.0,0.0,0,408.28,0.0,1,0.98,1.21,SPY230217P00406000,406.0,0,0.0,0.0,,0.0,normalDay
2023-02-17,7611.0,0.0,98.0,0,407.26,0.0,1,0.98,0.0,SPY230217P00406000,406.0,0,0.0,0.0,,0.0,expirationDay
2023-02-21,7611.0,-17.0,0.0,0,399.09,0.0,1,8.8,8.97,SPY230224P00408000,408.0,0,0.0,0.0,,0.0,normalDay
2023-02-22,7611.0,-52.0,0.0,0,398.54,0.0,1,8.8,9.32,SPY230224P00408000,408.0,0,0.0,0.0,,0.0,normalDay
2023-02-23,7611.0,119.0,0.0,0,400.66,0.0,1,8.8,7.61,SPY230224P00408000,408.0,0,0.0,0.0,,0.0,normalDay
2023-02-24,8491.0,-1162.0,880.0,100,396.38,408.0,1,8.8,0.0,SPY230224P00408000,408.0,0,0.0,0.0,,0.0,expirationDay
2023-02-27,8491.0,-1027.0,0.0,100,397.73,408.0,0,0.0,0.0,,0.0,0,0.0,0.0,,0.0,bidTooLow
2023-02-28,8491.0,-1174.0,0.0,100,396.26,408.0,0,0.0,0.0,,0.0,0,0.0,0.0,,0.0,bidTooLow
2023-03-01,8491.0,-1326.0,0.0,100,394.74,408.0,0,0.0,0.0,,0.0,0,0.0,0.0,,0.0,bidTooLow
2023-03-02,8491.0,-1022.0,0.0,100,397.81,408.0,0,0.0,0.0,,0.0,1,0.03,0.06,SPY230308C00415000,415.0,normalDay
2023-03-03,8491.0,-398.0,0.0,100,404.19,408.0,0,0.0,0.0,,0.0,1,0.03,0.2,SPY230308C00415000,415.0,normalDay
2023-03-06,8491.0,-359.0,0.0,100,404.47,408.0,0,0.0,0.0,,0.0,1,0.03,0.09,SPY230308C00415000,415.0,normalDay
2023-03-07,8491.0,-971.0,0.0,100,398.27,408.0,0,0.0,0.0,,0.0,1,0.03,0.01,SPY230308C00415000,415.0,normalDay
2023-03-08,8494.0,-908.0,3.0,100,398.92,408.0,0,0.0,0.0,,0.0,1,0.03,0.0,SPY230308C00415000,415.0,expirationDay
2023-03-09,8494.0,-1647.0,0.0,100,391.56,408.0,0,0.0,0.0,,0.0,1,0.15,0.18,SPY230315C00411000,411.0,normalDay
2023-03-10,8494.0,-2199.0,0.0,100,385.91,408.0,0,0.0,0.0,,0.0,1,0.15,0.05,SPY230315C00411000,411.0,normalDay
2023-03-13,8494.0,-2253.0,0.0,100,385.36,408.0,0,0.0,0.0,,0.0,1,0.15,0.04,SPY230315C00411000,411.0,normalDay
2023-03-14,8494.0,-1613.0,0.0,100,391.73,408.0,0,0.0,0.0,,0.0,1,0.15,0.01,SPY230315C00411000,411.0,normalDay
2023-03-15,8509.0,-1872.0,15.0,100,389.28,408.0,0,0.0,0.0,,0.0,1,0.15,0.0,SPY230315C00411000,411.0,expirationDay
2023-03-16,8509.0,-1192.0,0.0,100,396.11,408.0,0,0.0,0.0,,0.0,1,0.81,0.84,SPY230322C00405000,405.0,normalDay
2023-03-17,8509.0,-1751.0,0.0,100,389.99,408.0,0,0.0,0.0,,0.0,1,0.81,0.31,SPY230322C00405000,405.0,normalDay
2023-03-20,8509.0,-1369.0,0.0,100,393.74,408.0,0,0.0,0.0,,0.0,1,0.81,0.24,SPY230322C00405000,405.0,normalDay
2023-03-21,8509.0,-897.0,0.0,100,398.91,408.0,0,0.0,0.0,,0.0,1,0.81,0.69,SPY230322C00405000,405.0,normalDay
2023-03-22,8590.0,-1589.0,81.0,100,392.11,408.0,0,0.0,0.0,,0.0,1,0.81,0.0,SPY230322C00405000,405.0,expirationDay
2023-03-23,8590.0,-1486.0,0.0,100,393.17,408.0,0,0.0,0.0,,0.0,1,0.73,0.76,SPY230329C00402000,402.0,normalDay
2023-03-24,8590.0,-1234.0,0.0,100,395.75,408.0,0,0.0,0.0,,0.0,1,0.73,0.82,SPY230329C00402000,402.0,normalDay
2023-03-27,8590.0,-1120.0,0.0,100,396.49,408.0,0,0.0,0.0,,0.0,1,0.73,0.42,SPY230329C00402000,402.0,normalDay
2023-03-28,8590.0,-1173.0,0.0,100,395.6,408.0,0,0.0,0.0,,0.0,1,0.73,0.06,SPY230329C00402000,402.0,normalDay
2023-03-29,8663.0,-665.0,73.0,100,401.35,408.0,0,0.0,0.0,,0.0,1,0.73,0.0,SPY230329C00402000,402.0,expirationDay
2023-03-30,8663.0,-434.0,0.0,100,403.7,408.0,0,0.0,0.0,,0.0,1,3.6,3.64,SPY230405C00403000,403.0,normalDay
2023-03-31,8663.0,-252.0,0.0,100,409.39,408.0,0,0.0,0.0,,0.0,1,3.6,7.51,SPY230405C00403000,403.0,normalDay
2023-04-03,8663.0,-189.0,0.0,100,410.95,408.0,0,0.0,0.0,,0.0,1,3.6,8.44,SPY230405C00403000,403.0,normalDay
2023-04-04,8663.0,-184.0,0.0,100,408.67,408.0,0,0.0,0.0,,0.0,1,3.6,6.11,SPY230405C00403000,403.0,normalDay
2023-04-05,8523.0,-184.0,-140.0,0,407.6,0.0,0,0.0,0.0,,0.0,1,3.6,0.0,SPY230405C00403000,403.0,expirationDay
2023-04-06,8523.0,0.0,0.0,0,409.19,0.0,0,0.0,0.0,,0.0,0,0.0,0.0,,0.0,bidTooLow
2023-04-10,8523.0,-3.0,0.0,0,409.61,0.0,1,0.23,0.26,SPY230413P00399000,399.0,0,0.0,0.0,,0.0,normalDay
2023-04-11,8523.0,5.0,0.0,0,409.72,0.0,1,0.23,0.18,SPY230413P00399000,399.0,0,0.0,0.0,,0.0,normalDay
2023-04-12,8523.0,17.0,0.0,0,408.05,0.0,1,0.23,0.06,SPY230413P00399000,399.0,0,0.0,0.0,,0.0,normalDay
2023-04-13,8546.0,0.0,23.0,0,413.47,0.0,1,0.23,0.0,SPY230413P00399000,399.0,0,0.0,0.0,,0.0,expirationDay
2023-04-14,8546.0,0.0,0.0,0,412.46,0.0,0,0.0,0.0,,0.0,0,0.0,0.0,,0.0,bidTooLow
2023-04-17,8546.0,-3.0,0.0,0,413.94,0.0,1,0.13,0.16,SPY230420P00404000,404.0,0,0.0,0.0,,0.0,normalDay
2023-04-18,8546.0,2.0,0.0,0,414.21,0.0,1,0.13,0.11,SPY230420P00404000,404.0,0,0.0,0.0,,0.0,normalDay
2023-04-19,8546.0,9.0,0.0,0,414.14,0.0,1,0.13,0.04,SPY230420P00404000,404.0,0,0.0,0.0,,0.0,normalDay
2023-04-20,8559.0,0.0,13.0,0,411.88,0.0,1,0.13,0.0,SPY230420P00404000,404.0,0,0.0,0.0,,0.0,expirationDay
2023-04-21,8559.0,-3.0,0.0,0,412.2,0.0,1,0.22,0.25,SPY230424P00408000,408.0,0,0.0,0.0,,0.0,normalDay
2023-04-24,8581.0,0.0,22.0,0,412.63,0.0,1,0.22,0.0,SPY230424P00408000,408.0,0,0.0,0.0,,0.0,expirationDay
2023-04-25,8581.0,-7.0,0.0,0,406.08,0.0,1,3.31,3.38,SPY230428P00409000,409.0,0,0.0,0.0,,0.0,normalDay
2023-04-26,8581.0,-169.0,0.0,0,404.36,0.0,1,3.31,5.0,SPY230428P00409000,409.0,0,0.0,0.0,,0.0,normalDay
2023-04-27,8581.0,297.0,0.0,0,412.41,0.0,1,3.31,0.34,SPY230428P00409000,409.0,0,0.0,0.0,,0.0,normalDay
2023-04-28,8912.0,0.0,331.0,0,415.93,0.0,1,3.31,0.0,SPY230428P00409000,409.0,0,0.0,0.0,,0.0,expirationDay
2023-05-01,8912.0,-3.0,0.0,0,415.51,0.0,1,0.89,0.92,SPY230504P00411000,411.0,0,0.0,0.0,,0.0,normalDay
2023-05-02,8912.0,-165.0,0.0,0,410.84,0.0,1,0.89,2.54,SPY230504P00411000,411.0,0,0.0,0.0,,0.0,normalDay
2023-05-03,8912.0,-214.0,0.0,0,408.02,0.0,1,0.89,3.03,SPY230504P00411000,411.0,0,0.0,0.0,,0.0,normalDay
2023-05-04,9001.0,-587.0,89.0,100,405.13,411.0,1,0.89,0.0,SPY230504P00411000,411.0,0,0.0,0.0,,0.0,expirationDay
2023-05-05,9001.0,160.0,0.0,100,412.63,411.0,0,0.0,0.0,,0.0,1,1.23,1.26,SPY230511C00416000,416.0,normalDay
2023-05-08,9001.0,205.0,0.0,100,412.74,411.0,0,0.0,0.0,,0.0,1,1.23,0.92,SPY230511C00416000,416.0,normalDay
2023-05-09,9001.0,62.0,0.0,100,410.93,411.0,0,0.0,0.0,,0.0,1,1.23,0.54,SPY230511C00416000,416.0,normalDay
2023-05-10,9001.0,279.0,0.0,100,412.85,411.0,0,0.0,0.0,,0.0,1,1.23,0.29,SPY230511C00416000,416.0,normalDay
2023-05-11,9124.0,113.0,123.0,100,412.13,411.0,0,0.0,0.0,,0.0,1,1.23,0.0,SPY230511C00416000,416.0,expirationDay
2023-05-12,9124.0,56.0,0.0,100,411.59,411.0,0,0.0,0.0,,0.0,1,0.57,0.6,SPY230518C00416000,416.0,normalDay
2023-05-15,9124.0,186.0,0.0,100,413.01,411.0,0,0.0,0.0,,0.0,1,0.57,0.72,SPY230518C00416000,416.0,normalDay
2023-05-16,9124.0,-35.0,0.0,100,410.25,411.0,0,0.0,0.0,,0.0,1,0.57,0.17,SPY230518C00416000,416.0,normalDay
2023-05-17,9124.0,401.0,0.0,100,415.23,411.0,0,0.0,0.0,,0.0,1,0.57,0.79,SPY230518C00416000,416.0,normalDay
2023-05-18,9681.0,401.0,557.0,0,419.23,0.0,0,0.0,0.0,,0.0,1,0.57,0.0,SPY230518C00416000,416.0,expirationDay
2023-05-19,9681.0,-3.0,0.0,0,418.62,0.0,1,0.06,0.09,SPY230522P00412000,412.0,0,0.0,0.0,,0.0,normalDay
2023-05-22,9687.0,0.0,6.0,0,418.79,0.0,1,0.06,0.0,SPY230522P00412000,412.0,0,0.0,0.0,,0.0,expirationDay
2023-05-23,9687.0,-3.0,0.0,0,414.09,0.0,1,1.58,1.61,SPY230526P00412500,412.5,0,0.0,0.0,,0.0,normalDay
2023-05-24,9687.0,-109.0,0.0,0,411.09,0.0,1,1.58,2.67,SPY230526P00412500,412.5,0,0.0,0.0,,0.0,normalDay
2023-05-25,9687.0,86.0,0.0,0,414.65,0.0,1,1.58,0.72,SPY230526P00412500,412.5,0,0.0,0.0,,0.0,normalDay
2023-05-26,9845.0,0.0,158.0,0,420.02,0.0,1,1.58,0.0,SPY230526P00412500,412.5,0,0.0,0.0,,0.0,expirationDay
2023-05-30,9845.0,-3.0,0.0,0,420.18,0.0,1,0.58,0.61,SPY230602P00414000,414.0,0,0.0,0.0,,0.0,normalDay
2023-05-31,9845.0,-18.0,0.0,0,417.85,0.0,1,0.58,0.76,SPY230602P00414000,414.0,0,0.0,0.0,,0.0,normalDay
2023-06-01,9845.0,49.0,0.0,0,421.82,0.0,1,0.58,0.09,SPY230602P00414000,414.0,0,0.0,0.0,,0.0,normalDay
2023-06-02,9903.0,0.0,58.0,0,427.92,0.0,1,0.58,0.0,SPY230602P00414000,414.0,0,0.0,0.0,,0.0,expirationDay
2023-06-05,9903.0,-3.0,0.0,0,427.1,0.0,1,0.06,0.09,SPY230608P00417000,417.0,0,0.0,0.0,,0.0,normalDay
2023-06-06,9903.0,0.0,0.0,0,428.03,0.0,1,0.06,0.06,SPY230608P00417000,417.0,0,0.0,0.0,,0.0,normalDay
2023-06-07,9903.0,2.0,0.0,0,426.55,0.0,1,0.06,0.04,SPY230608P00417000,417.0,0,0.0,0.0,,0.0,normalDay
2023-06-08,9909.0,0.0,6.0,0,429.13,0.0,1,0.06,0.0,SPY230608P00417000,417.0,0,0.0,0.0,,0.0,expirationDay
2023-06-09,9909.0,-3.0,0.0,0,429.9,0.0,1,0.02,0.05,SPY230612P00420000,420.0,0,0.0,0.0,,0.0,normalDay
2023-06-12,9911.0,0.0,2.0,0,433.8,0.0,1,0.02,0.0,SPY230612P00420000,420.0,0,0.0,0.0,,0.0,expirationDay
2023-06-13,9911.0,-3.0,0.0,0,436.66,0.0,1,0.18,0.21,SPY230616P00422000,422.0,0,0.0,0.0,,0.0,normalDay
2023-06-14,9911.0,8.0,0.0,0,437.18,0.0,1,0.18,0.1,SPY230616P00422000,422.0,0,0.0,0.0,,0.0,normalDay
2023-06-15,9911.0,10.0,0.0,0,442.6,0.0,1,0.18,0.08,SPY230616P00422000,422.0,0,0.0,0.0,,0.0,normalDay
2023-06-16,9929.0,0.0,18.0,0,439.46,0.0,1,0.18,0.0,SPY230616P00422000,422.0,0,0.0,0.0,,0.0,expirationDay
2023-06-20,9929.0,-3.0,0.0,0,437.18,0.0,1,0.08,0.11,SPY230623P00427000,427.0,0,0.0,0.0,,0.0,normalDay
2023-06-21,9929.0,0.0,0.0,0,434.94,0.0,1,0.08,0.08,SPY230623P00427000,427.0,0,0.0,0.0,,0.0,normalDay
2023-06-22,9929.0,5.0,0.0,0,436.51,0.0,1,0.08,0.03,SPY230623P00427000,427.0,0,0.0,0.0,,0.0,normalDay
2023-06-23,9937.0,0.0,8.0,0,433.21,0.0,1,0.08,0.0,SPY230623P00427000,427.0,0,0.0,0.0,,0.0,expirationDay
2023-06-26,9937.0,-3.0,0.0,0,431.44,0.0,1,1.31,1.34,SPY230629P00431000,431.0,0,0.0,0.0,,0.0,normalDay
2023-06-27,9937.0,111.0,0.0,0,436.17,0.0,1,1.31,0.2,SPY230629P00431000,431.0,0,0.0,0.0,,0.0,normalDay
2023-06-28,9937.0,125.0,0.0,0,436.39,0.0,1,1.31,0.06,SPY230629P00431000,431.0,0,0.0,0.0,,0.0,normalDay
2023-06-29,10068.0,0.0,131.0,0,438.11,0.0,1,1.31,0.0,SPY230629P00431000,431.0,0,0.0,0.0,,0.0,expirationDay
2023-06-30,10068.0,-3.0,0.0,0,443.28,0.0,1,0.02,0.05,SPY230703P00434000,434.0,0,0.0,0.0,,0.0,normalDay
2023-07-03,10070.0,0.0,2.0,0,443.79,0.0,1,0.02,0.0,SPY230703P00434000,434.0,0,0.0,0.0,,0.0,expirationDay
2023-07-05,10070.0,-3.0,0.0,0,443.13,0.0,1,0.09,0.12,SPY230707P00436000,436.0,0,0.0,0.0,,0.0,normalDay
2023-07-06,10070.0,-20.0,0.0,0,439.66,0.0,1,0.09,0.29,SPY230707P00436000,436.0,0,0.0,0.0,,0.0,normalDay
2023-07-07,10079.0,0.0,9.0,0,438.55,0.0,1,0.09,0.0,SPY230707P00436000,436.0,0,0.0,0.0,,0.0,expirationDay
2023-07-10,10079.0,-3.0,0.0,0,439.66,0.0,1,1.25,1.28,SPY230713P00438000,438.0,0,0.0,0.0,,0.0,normalDay
2023-07-11,10079.0,62.0,0.0,0,442.46,0.0,1,1.25,0.63,SPY230713P00438000,438.0,0,0.0,0.0,,0.0,normalDay
2023-07-12,10079.0,119.0,0.0,0,446.02,0.0,1,1.25,0.06,SPY230713P00438000,438.0,0,0.0,0.0,,0.0,normalDay
2023-07-13,10204.0,0.0,125.0,0,449.56,0.0,1,1.25,0.0,SPY230713P00438000,438.0,0,0.0,0.0,,0.0,expirationDay
2023-07-14,10204.0,-3.0,0.0,0,449.28,0.0,1,0.02,0.05,SPY230717P00440000,440.0,0,0.0,0.0,,0.0,normalDay
2023-07-17,10206.0,0.0,2.0,0,450.84,0.0,1,0.02,0.0,SPY230717P00440000,440.0,0,0.0,0.0,,0.0,expirationDay
2023-07-18,10206.0,-3.0,0.0,0,454.19,0.0,1,0.06,0.09,SPY230721P00441000,441.0,0,0.0,0.0,,0.0,normalDay
2023-07-19,10206.0,0.0,0.0,0,455.2,0.0,1,0.06,0.06,SPY230721P00441000,441.0,0,0.0,0.0,,0.0,normalDay
2023-07-20,10206.0,1.0,0.0,0,452.18,0.0,1,0.06,0.05,SPY230721P00441000,441.0,0,0.0,0.0,,0.0,normalDay
2023-07-21,10212.0,0.0,6.0,0,452.18,0.0,1,0.06,0.0,SPY230721P00441000,441.0,0,0.0,0.0,,0.0,expirationDay
2023-07-24,10212.0,-3.0,0.0,0,454.2,0.0,1,0.17,0.2,SPY230727P00445000,445.0,0,0.0,0.0,,0.0,normalDay
2023-07-25,10212.0,7.0,0.0,0,455.44,0.0,1,0.17,0.1,SPY230727P00445000,445.0,0,0.0,0.0,,0.0,normalDay
2023-07-26,10212.0,13.0,0.0,0,455.51,0.0,1,0.17,0.04,SPY230727P00445000,445.0,0,0.0,0.0,,0.0,normalDay
2023-07-27,10229.0,0.0,17.0,0,452.49,0.0,1,0.17,0.0,SPY230727P00445000,445.0,0,0.0,0.0,,0.0,expirationDay
2023-07-28,10229.0,-3.0,0.0,0,456.92,0.0,1,0.01,0.04,SPY230731P00449000,449.0,0,0.0,0.0,,0.0,normalDay
2023-07-31,10230.0,0.0,1.0,0,457.79,0.0,1,0.01,0.0,SPY230731P00449000,449.0,0,0.0,0.0,,0.0,expirationDay
2023-08-01,10230.0,-3.0,0.0,0,456.48,0.0,1,0.34,0.37,SPY230804P00450000,450.0,0,0.0,0.0,,0.0,normalDay
2023-08-02,10230.0,-158.0,0.0,0,450.13,0.0,1,0.34,1.92,SPY230804P00450000,450.0,0,0.0,0.0,,0.0,normalDay
2023-08-03,10230.0,-135.0,0.0,0,448.84,0.0,1,0.34,1.69,SPY230804P00450000,450.0,0,0.0,0.0,,0.0,normalDay
2023-08-04,10264.0,-319.0,34.0,100,446.81,450.0,1,0.34,0.0,SPY230804P00450000,450.0,0,0.0,0.0,,0.0,expirationDay
2023-08-07,10264.0,68.0,0.0,100,450.71,450.0,0,0.0,0.0,,0.0,1,0.43,0.46,SPY230811C00457000,457.0,normalDay
2023-08-08,10264.0,-101.0,0.0,100,448.75,450.0,0,0.0,0.0,,0.0,1,0.43,0.19,SPY230811C00457000,457.0,normalDay
2023-08-09,10264.0,-390.0,0.0,100,445.75,450.0,0,0.0,0.0,,0.0,1,0.43,0.08,SPY230811C00457000,457.0,normalDay
2023-08-10,10264.0,-368.0,0.0,100,445.91,450.0,0,0.0,0.0,,0.0,1,0.43,0.02,SPY230811C00457000,457.0,normalDay
2023-08-11,10307.0,-435.0,43.0,100,445.65,450.0,0,0.0,0.0,,0.0,1,0.43,0.0,SPY230811C00457000,457.0,expirationDay
2023-08-14,10307.0,-192.0,0.0,100,448.11,450.0,0,0.0,0.0,,0.0,1,0.11,0.14,SPY230818C00457000,457.0,normalDay
2023-08-15,10307.0,-703.0,0.0,100,442.89,450.0,0,0.0,0.0,,0.0,1,0.11,0.03,SPY230818C00457000,457.0,normalDay
2023-08-16,10307.0,-1027.0,0.0,100,439.64,450.0,0,0.0,0.0,,0.0,1,0.11,0.02,SPY230818C00457000,457.0,normalDay
2023-08-17,10307.0,-1361.0,0.0,100,436.29,450.0,0,0.0,0.0,,0.0,1,0.11,0.01,SPY230818C00457000,457.0,normalDay
2023-08-18,10318.0,-1350.0,11.0,100,436.5,450.0,0,0.0,0.0,,0.0,1,0.11,0.0,SPY230818C00457000,457.0,expirationDay
2023-08-21,10318.0,-1066.0,0.0,100,439.34,450.0,0,0.0,0.0,,0.0,0,0.0,0.0,,0.0,bidTooLow
2023-08-22,10318.0,-1185.0,0.0,100,438.15,450.0,0,0.0,0.0,,0.0,0,0.0,0.0,,0.0,bidTooLow
2023-08-23,10318.0,-700.0,0.0,100,443.03,450.0,0,0.0,0.0,,0.0,1,0.11,0.14,SPY230829C00455000,455.0,normalDay
2023-08-24,10318.0,-1302.0,0.0,100,436.89,450.0,0,0.0,0.0,,0.0,1,0.11,0.02,SPY230829C00455000,455.0,normalDay
2023-08-25,10318.0,-994.0,0.0,100,439.97,450.0,0,0.0,0.0,,0.0,1,0.11,0.02,SPY230829C00455000,455.0,normalDay
2023-08-28,10318.0,-714.0,0.0,100,442.76,450.0,0,0.0,0.0,,0.0,1,0.11,0.01,SPY230829C00455000,455.0,normalDay
2023-08-29,10329.0,-84.0,11.0,100,449.16,450.0,0,0.0,0.0,,0.0,1,0.11,0.0,SPY230829C00455000,455.0,expirationDay
2023-08-30,10329.0,97.0,0.0,100,451.01,450.0,0,0.0,0.0,,0.0,1,2.98,3.02,SPY230905C00450000,450.0,normalDay
2023-08-31,10329.0,100.0,0.0,100,450.35,450.0,0,0.0,0.0,,0.0,1,2.98,2.33,SPY230905C00450000,450.0,normalDay
2023-09-01,10329.0,240.0,0.0,100,451.19,450.0,0,0.0,0.0,,0.0,1,2.98,1.77,SPY230905C00450000,450.0,normalDay
2023-09-05,10627.0,-76.0,298.0,100,449.24,450.0,0,0.0,0.0,,0.0,1,2.98,0.0,SPY230905C00450000,450.0,expirationDay
2023-09-06,10627.0,-381.0,0.0,100,446.22,450.0,0,0.0,0.0,,0.0,1,0.82,0.85,SPY230912C00450000,450.0,normalDay
2023-09-07,10627.0,-471.0,0.0,100,444.85,450.0,0,0.0,0.0,,0.0,1,0.82,0.38,SPY230912C00450000,450.0,normalDay
2023-09-08,10627.0,-391.0,0.0,100,445.52,450.0,0,0.0,0.0,,0.0,1,0.82,0.25,SPY230912C00450000,450.0,normalDay
2023-09-11,10627.0,-112.0,0.0,100,448.45,450.0,0,0.0,0.0,,0.0,1,0.82,0.39,SPY230912C00450000,450.0,normalDay
2023-09-12,10709.0,-401.0,82.0,100,445.99,450.0,0,0.0,0.0,,0.0,1,0.82,0.0,SPY230912C00450000,450.0,expirationDay
2023-09-13,10709.0,-352.0,0.0,100,446.51,450.0,0,0.0,0.0,,0.0,1,0.37,0.4,SPY230919C00451000,451.0,normalDay
2023-09-14,10709.0,-25.0,0.0,100,450.36,450.0,0,0.0,0.0,,0.0,1,0.37,0.98,SPY230919C00451000,451.0,normalDay
2023-09-15,10709.0,-629.0,0.0,100,443.37,450.0,0,0.0,0.0,,0.0,1,0.37,0.03,SPY230919C00451000,451.0,normalDay
2023-09-18,10709.0,-601.0,0.0,100,443.63,450.0,0,0.0,0.0,,0.0,1,0.37,0.01,SPY230919C00451000,451.0,normalDay
2023-09-19,10746.0,-729.0,37.0,100,442.71,450.0,0,0.0,0.0,,0.0,1,0.37,0.0,SPY230919C00451000,451.0,expirationDay
2023-09-20,10746.0,-1139.0,0.0,100,438.64,450.0,0,0.0,0.0,,0.0,1,0.04,0.07,SPY230926C00451000,451.0,normalDay
2023-09-21,10746.0,-1859.0,0.0,100,431.39,450.0,0,0.0,0.0,,0.0,1,0.04,0.02,SPY230926C00451000,451.0,normalDay
2023-09-22,10746.0,-1955.0,0.0,100,430.42,450.0,0,0.0,0.0,,0.0,1,0.04,0.01,SPY230926C00451000,451.0,normalDay
2023-09-25,10746.0,-1774.0,0.0,100,432.23,450.0,0,0.0,0.0,,0.0,1,0.04,0.01,SPY230926C00451000,451.0,normalDay
2023-09-26,10750.0,-2412.0,4.0,100,425.88,450.0,0,0.0,0.0,,0.0,1,0.04,0.0,SPY230926C00451000,451.0,expirationDay
2023-09-27,10750.0,-2395.0,0.0,100,426.05,450.0,0,0.0,0.0,,0.0,0,0.0,0.0,,0.0,bidTooLow
2023-09-28,10750.0,-2148.0,0.0,100,428.52,450.0,0,0.0,0.0,,0.0,0,0.0,0.0,,0.0,bidTooLow
2023-09-29,10750.0,-2252.0,0.0,100,427.48,450.0,0,0.0,0.0,,0.0,0,0.0,0.0,,0.0,bidTooLow
2023-10-02,10750.0,-2269.0,0.0,100,427.31,450.0,0,0.0,0.0,,0.0,0,0.0,0.0,,0.0,bidTooLow
2023-10-03,10750.0,-2841.0,0.0,100,421.59,450.0,0,0.0,0.0,,0.0,0,0.0,0.0,,0.0,bidTooLow
2023-10-04,10750.0,-2534.0,0.0,100,424.66,450.0,0,0.0,0.0,,0.0,0,0.0,0.0,,0.0,bidTooLow
2023-10-05,10750.0,-2550.0,0.0,100,424.5,450.0,0,0.0,0.0,,0.0,0,0.0,0.0,,0.0,bidTooLow
2023-10-06,10750.0,-2046.0,0.0,100,429.54,450.0,0,0.0,0.0,,0.0,0,0.0,0.0,,0.0,bidTooLow
2023-10-09,10750.0,-1774.0,0.0,100,432.29,450.0,0,0.0,0.0,,0.0,1,0.07,0.1,SPY231013C00445000,445.0,normalDay
2023-10-10,10750.0,-1552.0,0.0,100,434.54,450.0,0,0.0,0.0,,0.0,1,0.07,0.13,SPY231013C00445000,445.0,normalDay
2023-10-11,10750.0,-1369.0,0.0,100,436.32,450.0,0,0.0,0.0,,0.0,1,0.07,0.08,SPY231013C00445000,445.0,normalDay
2023-10-12,10750.0,-1628.0,0.0,100,433.66,450.0,0,0.0,0.0,,0.0,1,0.07,0.01,SPY231013C00445000,445.0,normalDay
2023-10-13,10757.0,-1850.0,7.0,100,431.5,450.0,0,0.0,0.0,,0.0,1,0.07,0.0,SPY231013C00445000,445.0,expirationDay
2023-10-16,10757.0,-1399.0,0.0,100,436.04,450.0,0,0.0,0.0,,0.0,1,2.1,2.13,SPY231020C00438000,438.0,normalDay
2023-10-17,10757.0,-1364.0,0.0,100,436.02,450.0,0,0.0,0.0,,0.0,1,2.1,1.76,SPY231020C00438000,438.0,normalDay
2023-10-18,10757.0,-1799.0,0.0,100,430.21,450.0,0,0.0,0.0,,0.0,1,2.1,0.3,SPY231020C00438000,438.0,normalDay
2023-10-19,10757.0,-2150.0,0.0,100,426.43,450.0,0,0.0,0.0,,0.0,1,2.1,0.03,SPY231020C00438000,438.0,normalDay
2023-10-20,10967.0,-2881.0,210.0,100,421.19,450.0,0,0.0,0.0,,0.0,1,2.1,0.0,SPY231020C00438000,438.0,expirationDay
2023-10-23,10967.0,-2957.0,0.0,100,420.46,450.0,0,0.0,0.0,,0.0,1,0.08,0.11,SPY231027C00435000,435.0,normalDay
2023-10-24,10967.0,-2639.0,0.0,100,423.63,450.0,0,0.0,0.0,,0.0,1,0.08,0.1,SPY231027C00435000,435.0,normalDay
2023-10-25,10967.0,-3239.0,0.0,100,417.55,450.0,0,0.0,0.0,,0.0,1,0.08,0.02,SPY231027C00435000,435.0,normalDay
2023-10-26,10967.0,-3738.0,0.0,100,412.55,450.0,0,0.0,0.0,,0.0,1,0.08,0.01,SPY231027C00435000,435.0,normalDay
2023-10-27,10975.0,-3932.0,8.0,100,410.68,450.0,0,0.0,0.0,,0.0,1,0.08,0.0,SPY231027C00435000,435.0,expirationDay
2023-10-30,10975.0,-3441.0,0.0,100,415.59,450.0,0,0.0,0.0,,0.0,0,0.0,0.0,,0.0,bidTooLow
2023-10-31,10975.0,-3180.0,0.0,100,418.2,450.0,0,0.0,0.0,,0.0,0,0.0,0.0,,0.0,bidTooLow
2023-11-01,10975.0,-2737.0,0.0,100,422.66,450.0,0,0.0,0.0,,0.0,1,0.04,0.07,SPY231107C00436000,436.0,normalDay
2023-11-02,10975.0,-1975.0,0.0,100,430.76,450.0,0,0.0,0.0,,0.0,1,0.04,0.55,SPY231107C00436000,436.0,normalDay
2023-11-03,10975.0,-1660.0,0.0,100,434.69,450.0,0,0.0,0.0,,0.0,1,0.04,1.33,SPY231107C00436000,436.0,normalDay
2023-11-06,10975.0,-1510.0,0.0,100,435.69,450.0,0,0.0,0.0,,0.0,1,0.04,0.83,SPY231107C00436000,436.0,normalDay
2023-11-07,9579.0,-1510.0,-1396.0,0,436.93,0.0,0,0.0,0.0,,0.0,1,0.04,0.0,SPY231107C00436000,436.0,expirationDay
2023-11-08,9579.0,-3.0,0.0,0,437.25,0.0,1,0.04,0.07,SPY231110P00427000,427.0,0,0.0,0.0,,0.0,normalDay
2023-11-09,9579.0,-3.0,0.0,0,433.84,0.0,1,0.04,0.07,SPY231110P00427000,427.0,0,0.0,0.0,,0.0,normalDay
2023-11-10,9583.0,0.0,4.0,0,440.61,0.0,1,0.04,0.0,SPY231110P00427000,427.0,0,0.0,0.0,,0.0,expirationDay
2023-11-13,9583.0,-3.0,0.0,0,440.19,0.0,1,0.08,0.11,SPY231116P00427000,427.0,0,0.0,0.0,,0.0,normalDay
2023-11-14,9583.0,2.0,0.0,0,448.73,0.0,1,0.08,0.06,SPY231116P00427000,427.0,0,0.0,0.0,,0.0,normalDay
2023-11-15,9583.0,5.0,0.0,0,449.68,0.0,1,0.08,0.03,SPY231116P00427000,427.0,0,0.0,0.0,,0.0,normalDay
2023-11-16,9591.0,0.0,8.0,0,450.23,0.0,1,0.08,0.0,SPY231116P00427000,427.0,0,0.0,0.0,,0.0,expirationDay
2023-11-17,9591.0,0.0,0.0,0,450.79,0.0,0,0.0,0.0,,0.0,0,0.0,0.0,,0.0,bidTooLow
2023-11-20,9591.0,0.0,0.0,0,454.26,0.0,0,0.0,0.0,,0.0,0,0.0,0.0,,0.0,bidTooLow
2023-11-21,9591.0,0.0,0.0,0,453.27,0.0,0,0.0,0.0,,0.0,0,0.0,0.0,,0.0,bidTooLow
2023-11-22,9591.0,0.0,0.0,0,455.02,0.0,0,0.0,0.0,,0.0,0,0.0,0.0,,0.0,bidTooLow
2023-11-24,9591.0,0.0,0.0,0,455.3,0.0,0,0.0,0.0,,0.0,0,0.0,0.0,,0.0,bidTooLow
2023-11-27,9591.0,-3.0,0.0,0,454.48,0.0,1,0.01,0.04,SPY231130P00441000,441.0,0,0.0,0.0,,0.0,normalDay
2023-11-28,9591.0,-2.0,0.0,0,454.93,0.0,1,0.01,0.03,SPY231130P00441000,441.0,0,0.0,0.0,,0.0,normalDay
2023-11-29,9591.0,-1.0,0.0,0,454.61,0.0,1,0.01,0.02,SPY231130P00441000,441.0,0,0.0,0.0,,0.0,normalDay
2023-11-30,9592.0,0.0,1.0,0,456.4,0.0,1,0.01,0.0,SPY231130P00441000,441.0,0,0.0,0.0,,0.0,expirationDay
