date,totalCapital,unrializedPnL,rializedPnL,stocksOwned,stocksPriceToday,stocksPriceBoughtAt,putOwned,putOwnedSoldAt,putPriceToday,putOwnedContract,putOwnedStrike,callOwned,callOwnedSoldAt,callPriceToday,callOwnedContract,callOwnedStrike,trackType
2018-11-01,0.0,-5.0,0.0,0,273.51,0.0,1,0.85,0.9,SPY181102P00272500,272.5,0,0.0,0.0,,0.0,normalDay
2018-11-02,85.0,-61.0,85.0,100,271.89,272.5,1,0.85,0.0,SPY181102P00272500,272.5,0,0.0,0.0,,0.0,expirationDay
2018-11-05,85.0,80.0,0.0,100,273.39,272.5,0,0.0,0.0,,0.0,1,2.3,2.39,SPY190315C00295000,295.0,normalDay
2018-11-06,85.0,226.0,0.0,100,275.12,272.5,0,0.0,0.0,,0.0,1,2.3,2.66,SPY190315C00295000,295.0,normalDay
2018-11-07,85.0,723.0,0.0,100,281.01,272.5,0,0.0,0.0,,0.0,1,2.3,3.58,SPY190315C00295000,295.0,normalDay
2018-11-08,85.0,713.0,0.0,100,280.5,272.5,0,0.0,0.0,,0.0,1,2.3,3.17,SPY190315C00295000,295.0,normalDay
2018-11-09,85.0,509.0,0.0,100,277.76,272.5,0,0.0,0.0,,0.0,1,2.3,2.47,SPY190315C00295000,295.0,normalDay
2018-11-12,85.0,74.0,0.0,100,272.57,272.5,0,0.0,0.0,,0.0,1,2.3,1.63,SPY190315C00295000,295.0,normalDay
2018-11-13,85.0,31.0,0.0,100,272.06,272.5,0,0.0,0.0,,0.0,1,2.3,1.55,SPY190315C00295000,295.0,normalDay
2018-11-14,85.0,-135.0,0.0,100,270.2,272.5,0,0.0,0.0,,0.0,1,2.3,1.35,SPY190315C00295000,295.0,normalDay
2018-11-15,85.0,97.0,0.0,100,273.02,272.5,0,0.0,0.0,,0.0,1,2.3,1.85,SPY190315C00295000,295.0,normalDay
2018-11-16,85.0,176.0,0.0,100,273.73,272.5,0,0.0,0.0,,0.0,1,2.3,1.77,SPY190315C00295000,295.0,normalDay
2018-11-19,85.0,-233.0,0.0,100,269.1,272.5,0,0.0,0.0,,0.0,1,2.3,1.23,SPY190315C00295000,295.0,normalDay
2018-11-20,85.0,-694.0,0.0,100,264.12,272.5,0,0.0,0.0,,0.0,1,2.3,0.86,SPY190315C00295000,295.0,normalDay
2018-11-21,85.0,-599.0,0.0,100,265.02,272.5,0,0.0,0.0,,0.0,1,2.3,0.81,SPY190315C00295000,295.0,normalDay
2018-11-23,85.0,-764.0,0.0,100,263.25,272.5,0,0.0,0.0,,0.0,1,2.3,0.69,SPY190315C00295000,295.0,normalDay
2018-11-26,85.0,-353.0,0.0,100,267.5,272.5,0,0.0,0.0,,0.0,1,2.3,0.83,SPY190315C00295000,295.0,normalDay
2018-11-27,85.0,-269.0,0.0,100,268.4,272.5,0,0.0,0.0,,0.0,1,2.3,0.89,SPY190315C00295000,295.0,normalDay
2018-11-28,85.0,266.0,0.0,100,274.58,272.5,0,0.0,0.0,,0.0,1,2.3,1.72,SPY190315C00295000,295.0,normalDay
2018-11-29,85.0,211.0,0.0,100,273.98,272.5,0,0.0,0.0,,0.0,1,2.3,1.67,SPY190315C00295000,295.0,normalDay
2018-11-30,85.0,355.0,0.0,100,275.65,272.5,0,0.0,0.0,,0.0,1,2.3,1.9,SPY190315C00295000,295.0,normalDay
2018-12-03,85.0,702.0,0.0,100,279.3,272.5,0,0.0,0.0,,0.0,1,2.3,2.08,SPY190315C00295000,295.0,normalDay
2018-12-04,85.0,-93.0,0.0,100,270.25,272.5,0,0.0,0.0,,0.0,1,2.3,0.98,SPY190315C00295000,295.0,normalDay
2018-12-06,85.0,-130.0,0.0,100,269.84,272.5,0,0.0,0.0,,0.0,1,2.3,0.94,SPY190315C00295000,295.0,normalDay
2018-12-07,85.0,-723.0,0.0,100,263.57,272.5,0,0.0,0.0,,0.0,1,2.3,0.6,SPY190315C00295000,295.0,normalDay
2018-12-10,85.0,-672.0,0.0,100,264.07,272.5,0,0.0,0.0,,0.0,1,2.3,0.59,SPY190315C00295000,295.0,normalDay
2018-12-11,85.0,-662.0,0.0,100,264.13,272.5,0,0.0,0.0,,0.0,1,2.3,0.55,SPY190315C00295000,295.0,normalDay
2018-12-12,85.0,-536.0,0.0,100,265.46,272.5,0,0.0,0.0,,0.0,1,2.3,0.62,SPY190315C00295000,295.0,normalDay
2018-12-13,85.0,-545.0,0.0,100,265.37,272.5,0,0.0,0.0,,0.0,1,2.3,0.62,SPY190315C00295000,295.0,normalDay
2018-12-14,85.0,-1015.0,0.0,100,260.47,272.5,0,0.0,0.0,,0.0,1,2.3,0.42,SPY190315C00295000,295.0,normalDay
2018-12-17,85.0,-1512.0,0.0,100,255.36,272.5,0,0.0,0.0,,0.0,1,2.3,0.28,SPY190315C00295000,295.0,normalDay
2018-12-18,85.0,-1541.0,0.0,100,255.08,272.5,0,0.0,0.0,,0.0,1,2.3,0.29,SPY190315C00295000,295.0,normalDay
2018-12-19,85.0,-1914.0,0.0,100,251.26,272.5,0,0.0,0.0,,0.0,1,2.3,0.2,SPY190315C00295000,295.0,normalDay
2018-12-20,85.0,-2322.0,0.0,100,247.17,272.5,0,0.0,0.0,,0.0,1,2.3,0.19,SPY190315C00295000,295.0,normalDay
2018-12-21,85.0,-2961.0,0.0,100,240.7,272.5,0,0.0,0.0,,0.0,1,2.3,0.11,SPY190315C00295000,295.0,normalDay
2018-12-24,85.0,-3597.0,0.0,100,234.34,272.5,0,0.0,0.0,,0.0,1,2.3,0.11,SPY190315C00295000,295.0,normalDay
2018-12-26,85.0,-2418.0,0.0,100,246.18,272.5,0,0.0,0.0,,0.0,1,2.3,0.16,SPY190315C00295000,295.0,normalDay
2018-12-27,85.0,-2234.0,0.0,100,248.07,272.5,0,0.0,0.0,,0.0,1,2.3,0.21,SPY190315C00295000,295.0,normalDay
2018-12-28,85.0,-2265.0,0.0,100,247.75,272.5,0,0.0,0.0,,0.0,1,2.3,0.2,SPY190315C00295000,295.0,normalDay
2018-12-31,85.0,-2044.0,0.0,100,249.92,272.5,0,0.0,0.0,,0.0,1,2.3,0.16,SPY190315C00295000,295.0,normalDay
2019-01-02,85.0,-2014.0,0.0,100,250.18,272.5,0,0.0,0.0,,0.0,1,2.3,0.12,SPY190315C00295000,295.0,normalDay
2019-01-03,85.0,-2604.0,0.0,100,244.21,272.5,0,0.0,0.0,,0.0,1,2.3,0.05,SPY190315C00295000,295.0,normalDay
2019-01-04,85.0,-1789.0,0.0,100,252.39,272.5,0,0.0,0.0,,0.0,1,2.3,0.08,SPY190315C00295000,295.0,normalDay
2019-01-07,85.0,-1590.0,0.0,100,254.38,272.5,0,0.0,0.0,,0.0,1,2.3,0.08,SPY190315C00295000,295.0,normalDay
2019-01-08,85.0,-1352.0,0.0,100,256.77,272.5,0,0.0,0.0,,0.0,1,2.3,0.09,SPY190315C00295000,295.0,normalDay
2019-01-09,85.0,-1231.0,0.0,100,257.97,272.5,0,0.0,0.0,,0.0,1,2.3,0.08,SPY190315C00295000,295.0,normalDay
2019-01-10,85.0,-1141.0,0.0,100,258.88,272.5,0,0.0,0.0,,0.0,1,2.3,0.09,SPY190315C00295000,295.0,normalDay
2019-01-11,85.0,-1128.0,0.0,100,258.98,272.5,0,0.0,0.0,,0.0,1,2.3,0.06,SPY190315C00295000,295.0,normalDay
2019-01-14,85.0,-1286.0,0.0,100,257.4,272.5,0,0.0,0.0,,0.0,1,2.3,0.06,SPY190315C00295000,295.0,normalDay
2019-01-15,85.0,-992.0,0.0,100,260.35,272.5,0,0.0,0.0,,0.0,1,2.3,0.07,SPY190315C00295000,295.0,normalDay
2019-01-16,85.0,-931.0,0.0,100,260.98,272.5,0,0.0,0.0,,0.0,1,2.3,0.09,SPY190315C00295000,295.0,normalDay
2019-01-17,85.0,-734.0,0.0,100,262.96,272.5,0,0.0,0.0,,0.0,1,2.3,0.1,SPY190315C00295000,295.0,normalDay
2019-01-18,85.0,-388.0,0.0,100,266.46,272.5,0,0.0,0.0,,0.0,1,2.3,0.14,SPY190315C00295000,295.0,normalDay
2019-01-22,85.0,-744.0,0.0,100,262.86,272.5,0,0.0,0.0,,0.0,1,2.3,0.1,SPY190315C00295000,295.0,normalDay
2019-01-23,85.0,-688.0,0.0,100,263.41,272.5,0,0.0,0.0,,0.0,1,2.3,0.09,SPY190315C00295000,295.0,normalDay
2019-01-24,85.0,-673.0,0.0,100,263.55,272.5,0,0.0,0.0,,0.0,1,2.3,0.08,SPY190315C00295000,295.0,normalDay
2019-01-25,85.0,-451.0,0.0,100,265.78,272.5,0,0.0,0.0,,0.0,1,2.3,0.09,SPY190315C00295000,295.0,normalDay
2019-01-28,85.0,-651.0,0.0,100,263.76,272.5,0,0.0,0.0,,0.0,1,2.3,0.07,SPY190315C00295000,295.0,normalDay
2019-01-29,85.0,-685.0,0.0,100,263.41,272.5,0,0.0,0.0,,0.0,1,2.3,0.06,SPY190315C00295000,295.0,normalDay
2019-01-30,85.0,-271.0,0.0,100,267.58,272.5,0,0.0,0.0,,0.0,1,2.3,0.09,SPY190315C00295000,295.0,normalDay
2019-01-31,85.0,-37.0,0.0,100,269.93,272.5,0,0.0,0.0,,0.0,1,2.3,0.1,SPY190315C00295000,295.0,normalDay
2019-02-01,85.0,-22.0,0.0,100,270.06,272.5,0,0.0,0.0,,0.0,1,2.3,0.08,SPY190315C00295000,295.0,normalDay
2019-02-04,85.0,166.0,0.0,100,271.96,272.5,0,0.0,0.0,,0.0,1,2.3,0.1,SPY190315C00295000,295.0,normalDay
2019-02-05,85.0,279.0,0.0,100,273.1,272.5,0,0.0,0.0,,0.0,1,2.3,0.11,SPY190315C00295000,295.0,normalDay
2019-02-06,85.0,247.0,0.0,100,272.74,272.5,0,0.0,0.0,,0.0,1,2.3,0.07,SPY190315C00295000,295.0,normalDay
2019-02-07,85.0,-10.0,0.0,100,270.14,272.5,0,0.0,0.0,,0.0,1,2.3,0.04,SPY190315C00295000,295.0,normalDay
2019-02-08,85.0,24.0,0.0,100,270.47,272.5,0,0.0,0.0,,0.0,1,2.3,0.03,SPY190315C00295000,295.0,normalDay
2019-02-11,85.0,38.0,0.0,100,270.62,272.5,0,0.0,0.0,,0.0,1,2.3,0.04,SPY190315C00295000,295.0,normalDay
2019-02-12,85.0,383.0,0.0,100,274.1,272.5,0,0.0,0.0,,0.0,1,2.3,0.07,SPY190315C00295000,295.0,normalDay
2019-02-13,85.0,472.0,0.0,100,274.99,272.5,0,0.0,0.0,,0.0,1,2.3,0.07,SPY190315C00295000,295.0,normalDay
2019-02-14,85.0,412.0,0.0,100,274.38,272.5,0,0.0,0.0,,0.0,1,2.3,0.06,SPY190315C00295000,295.0,normalDay
2019-02-15,85.0,711.0,0.0,100,277.37,272.5,0,0.0,0.0,,0.0,1,2.3,0.06,SPY190315C00295000,295.0,normalDay
2019-02-19,85.0,761.0,0.0,100,277.85,272.5,0,0.0,0.0,,0.0,1,2.3,0.04,SPY190315C00295000,295.0,normalDay
2019-02-20,85.0,817.0,0.0,100,278.41,272.5,0,0.0,0.0,,0.0,1,2.3,0.04,SPY190315C00295000,295.0,normalDay
2019-02-21,85.0,719.0,0.0,100,277.42,272.5,0,0.0,0.0,,0.0,1,2.3,0.03,SPY190315C00295000,295.0,normalDay
2019-02-22,85.0,890.0,0.0,100,279.14,272.5,0,0.0,0.0,,0.0,1,2.3,0.04,SPY190315C00295000,295.0,normalDay
2019-02-25,85.0,928.0,0.0,100,279.52,272.5,0,0.0,0.0,,0.0,1,2.3,0.04,SPY190315C00295000,295.0,normalDay
2019-02-26,85.0,909.0,0.0,100,279.32,272.5,0,0.0,0.0,,0.0,1,2.3,0.03,SPY190315C00295000,295.0,normalDay
2019-02-27,85.0,897.0,0.0,100,279.2,272.5,0,0.0,0.0,,0.0,1,2.3,0.03,SPY190315C00295000,295.0,normalDay
2019-02-28,85.0,846.0,0.0,100,278.68,272.5,0,0.0,0.0,,0.0,1,2.3,0.02,SPY190315C00295000,295.0,normalDay
2019-03-01,85.0,1020.0,0.0,100,280.42,272.5,0,0.0,0.0,,0.0,1,2.3,0.02,SPY190315C00295000,295.0,normalDay
2019-03-04,85.0,919.0,0.0,100,279.4,272.5,0,0.0,0.0,,0.0,1,2.3,0.01,SPY190315C00295000,295.0,normalDay
2019-03-05,85.0,881.0,0.0,100,279.02,272.5,0,0.0,0.0,,0.0,1,2.3,0.01,SPY190315C00295000,295.0,normalDay
2019-03-06,85.0,712.0,0.0,100,277.33,272.5,0,0.0,0.0,,0.0,1,2.3,0.01,SPY190315C00295000,295.0,normalDay
2019-03-07,85.0,480.0,0.0,100,275.01,272.5,0,0.0,0.0,,0.0,1,2.3,0.01,SPY190315C00295000,295.0,normalDay
2019-03-08,85.0,425.0,0.0,100,274.46,272.5,0,0.0,0.0,,0.0,1,2.3,0.01,SPY190315C00295000,295.0,normalDay
2019-03-11,85.0,823.0,0.0,100,278.44,272.5,0,0.0,0.0,,0.0,1,2.3,0.01,SPY190315C00295000,295.0,normalDay
2019-03-12,85.0,928.0,0.0,100,279.49,272.5,0,0.0,0.0,,0.0,1,2.3,0.01,SPY190315C00295000,295.0,normalDay
2019-03-13,85.0,1113.0,0.0,100,281.34,272.5,0,0.0,0.0,,0.0,1,2.3,0.01,SPY190315C00295000,295.0,normalDay
2019-03-14,85.0,1095.0,0.0,100,281.16,272.5,0,0.0,0.0,,0.0,1,2.3,0.01,SPY190315C00295000,295.0,normalDay
2019-03-15,315.0,881.0,230.0,100,281.31,272.5,0,0.0,0.0,,0.0,1,2.3,0.0,SPY190315C00295000,295.0,expirationDay
2019-03-18,315.0,978.0,0.0,100,282.33,272.5,0,0.0,0.0,,0.0,1,7.05,7.1,SPY190719C00286000,286.0,normalDay
2019-03-19,315.0,992.0,0.0,100,282.4,272.5,0,0.0,0.0,,0.0,1,7.05,7.03,SPY190719C00286000,286.0,normalDay
2019-03-20,315.0,951.0,0.0,100,281.55,272.5,0,0.0,0.0,,0.0,1,7.05,6.59,SPY190719C00286000,286.0,normalDay
2019-03-21,315.0,1093.0,0.0,100,284.73,272.5,0,0.0,0.0,,0.0,1,7.05,8.35,SPY190719C00286000,286.0,normalDay
2019-03-22,315.0,732.0,0.0,100,279.25,272.5,0,0.0,0.0,,0.0,1,7.05,6.48,SPY190719C00286000,286.0,normalDay
2019-03-25,315.0,749.0,0.0,100,279.04,272.5,0,0.0,0.0,,0.0,1,7.05,6.1,SPY190719C00286000,286.0,normalDay
2019-03-26,315.0,911.0,0.0,100,281.12,272.5,0,0.0,0.0,,0.0,1,7.05,6.56,SPY190719C00286000,286.0,normalDay
2019-03-27,315.0,816.0,0.0,100,279.65,272.5,0,0.0,0.0,,0.0,1,7.05,6.04,SPY190719C00286000,286.0,normalDay
2019-03-28,315.0,896.0,0.0,100,280.71,272.5,0,0.0,0.0,,0.0,1,7.05,6.3,SPY190719C00286000,286.0,normalDay
2019-03-29,315.0,994.0,0.0,100,282.48,272.5,0,0.0,0.0,,0.0,1,7.05,7.09,SPY190719C00286000,286.0,normalDay
2019-04-01,315.0,1186.0,0.0,100,285.83,272.5,0,0.0,0.0,,0.0,1,7.05,8.52,SPY190719C00286000,286.0,normalDay
2019-04-02,315.0,1206.0,0.0,100,285.97,272.5,0,0.0,0.0,,0.0,1,7.05,8.46,SPY190719C00286000,286.0,normalDay
2019-04-03,315.0,1197.0,0.0,100,286.42,272.5,0,0.0,0.0,,0.0,1,7.05,9.0,SPY190719C00286000,286.0,normalDay
2019-04-04,315.0,1247.0,0.0,100,287.18,272.5,0,0.0,0.0,,0.0,1,7.05,9.26,SPY190719C00286000,286.0,normalDay
2019-04-05,315.0,1324.0,0.0,100,288.57,272.5,0,0.0,0.0,,0.0,1,7.05,9.88,SPY190719C00286000,286.0,normalDay
2019-04-08,315.0,1340.0,0.0,100,288.79,272.5,0,0.0,0.0,,0.0,1,7.05,9.94,SPY190719C00286000,286.0,normalDay
2019-04-09,315.0,1278.0,0.0,100,287.31,272.5,0,0.0,0.0,,0.0,1,7.05,9.08,SPY190719C00286000,286.0,normalDay
2019-04-10,315.0,1321.0,0.0,100,288.29,272.5,0,0.0,0.0,,0.0,1,7.05,9.63,SPY190719C00286000,286.0,normalDay
2019-04-11,315.0,1343.0,0.0,100,288.21,272.5,0,0.0,0.0,,0.0,1,7.05,9.33,SPY190719C00286000,286.0,normalDay
2019-04-12,315.0,1428.0,0.0,100,290.16,272.5,0,0.0,0.0,,0.0,1,7.05,10.43,SPY190719C00286000,286.0,normalDay
2019-04-15,315.0,1436.0,0.0,100,289.97,272.5,0,0.0,0.0,,0.0,1,7.05,10.16,SPY190719C00286000,286.0,normalDay
2019-04-16,315.0,1460.0,0.0,100,290.16,272.5,0,0.0,0.0,,0.0,1,7.05,10.11,SPY190719C00286000,286.0,normalDay
2019-04-17,315.0,1442.0,0.0,100,289.45,272.5,0,0.0,0.0,,0.0,1,7.05,9.58,SPY190719C00286000,286.0,normalDay
2019-04-18,315.0,1457.0,0.0,100,290.02,272.5,0,0.0,0.0,,0.0,1,7.05,10.0,SPY190719C00286000,286.0,normalDay
2019-04-22,315.0,1475.0,0.0,100,290.27,272.5,0,0.0,0.0,,0.0,1,7.05,10.07,SPY190719C00286000,286.0,normalDay
2019-04-23,315.0,1563.0,0.0,100,292.88,272.5,0,0.0,0.0,,0.0,1,7.05,11.8,SPY190719C00286000,286.0,normalDay
2019-04-24,315.0,1529.0,0.0,100,292.23,272.5,0,0.0,0.0,,0.0,1,7.05,11.49,SPY190719C00286000,286.0,normalDay
2019-04-25,315.0,1538.0,0.0,100,292.05,272.5,0,0.0,0.0,,0.0,1,7.05,11.22,SPY190719C00286000,286.0,normalDay
2019-04-26,315.0,1580.0,0.0,100,293.41,272.5,0,0.0,0.0,,0.0,1,7.05,12.16,SPY190719C00286000,286.0,normalDay
2019-04-29,315.0,1605.0,0.0,100,293.87,272.5,0,0.0,0.0,,0.0,1,7.05,12.37,SPY190719C00286000,286.0,normalDay
2019-04-30,315.0,1588.0,0.0,100,294.02,272.5,0,0.0,0.0,,0.0,1,7.05,12.69,SPY190719C00286000,286.0,normalDay
2019-05-01,315.0,1530.0,0.0,100,291.81,272.5,0,0.0,0.0,,0.0,1,7.05,11.06,SPY190719C00286000,286.0,normalDay
2019-05-02,315.0,1525.0,0.0,100,291.18,272.5,0,0.0,0.0,,0.0,1,7.05,10.48,SPY190719C00286000,286.0,normalDay
2019-05-03,315.0,1625.0,0.0,100,294.03,272.5,0,0.0,0.0,,0.0,1,7.05,12.33,SPY190719C00286000,286.0,normalDay
2019-05-06,315.0,1558.0,0.0,100,292.82,272.5,0,0.0,0.0,,0.0,1,7.05,11.79,SPY190719C00286000,286.0,normalDay
2019-05-07,315.0,1268.0,0.0,100,287.93,272.5,0,0.0,0.0,,0.0,1,7.05,9.8,SPY190719C00286000,286.0,normalDay
2019-05-08,315.0,1271.0,0.0,100,287.53,272.5,0,0.0,0.0,,0.0,1,7.05,9.37,SPY190719C00286000,286.0,normalDay
2019-05-09,315.0,1260.0,0.0,100,286.66,272.5,0,0.0,0.0,,0.0,1,7.05,8.61,SPY190719C00286000,286.0,normalDay
2019-05-10,315.0,1424.0,0.0,100,288.1,272.5,0,0.0,0.0,,0.0,1,7.05,8.41,SPY190719C00286000,286.0,normalDay
2019-05-13,315.0,1023.0,0.0,100,280.86,272.5,0,0.0,0.0,,0.0,1,7.05,5.18,SPY190719C00286000,286.0,normalDay
2019-05-14,315.0,1196.0,0.0,100,283.4,272.5,0,0.0,0.0,,0.0,1,7.05,5.99,SPY190719C00286000,286.0,normalDay
2019-05-15,315.0,1302.0,0.0,100,285.06,272.5,0,0.0,0.0,,0.0,1,7.05,6.59,SPY190719C00286000,286.0,normalDay
2019-05-16,315.0,1459.0,0.0,100,287.7,272.5,0,0.0,0.0,,0.0,1,7.05,7.66,SPY190719C00286000,286.0,normalDay
2019-05-17,315.0,1370.0,0.0,100,285.84,272.5,0,0.0,0.0,,0.0,1,7.05,6.69,SPY190719C00286000,286.0,normalDay
2019-05-20,315.0,1286.0,0.0,100,283.95,272.5,0,0.0,0.0,,0.0,1,7.05,5.64,SPY190719C00286000,286.0,normalDay
2019-05-21,315.0,1452.0,0.0,100,286.51,272.5,0,0.0,0.0,,0.0,1,7.05,6.54,SPY190719C00286000,286.0,normalDay
2019-05-22,315.0,1432.0,0.0,100,285.63,272.5,0,0.0,0.0,,0.0,1,7.05,5.86,SPY190719C00286000,286.0,normalDay
2019-05-23,315.0,1232.0,0.0,100,282.14,272.5,0,0.0,0.0,,0.0,1,7.05,4.37,SPY190719C00286000,286.0,normalDay
2019-05-24,315.0,1274.0,0.0,100,282.78,272.5,0,0.0,0.0,,0.0,1,7.05,4.59,SPY190719C00286000,286.0,normalDay
2019-05-28,315.0,1118.0,0.0,100,280.15,272.5,0,0.0,0.0,,0.0,1,7.05,3.52,SPY190719C00286000,286.0,normalDay
2019-05-29,315.0,1010.0,0.0,100,278.27,272.5,0,0.0,0.0,,0.0,1,7.05,2.72,SPY190719C00286000,286.0,normalDay
2019-05-30,315.0,1077.0,0.0,100,279.03,272.5,0,0.0,0.0,,0.0,1,7.05,2.81,SPY190719C00286000,286.0,normalDay
2019-05-31,315.0,802.0,0.0,100,275.27,272.5,0,0.0,0.0,,0.0,1,7.05,1.8,SPY190719C00286000,286.0,normalDay
2019-06-03,315.0,755.0,0.0,100,274.57,272.5,0,0.0,0.0,,0.0,1,7.05,1.57,SPY190719C00286000,286.0,normalDay
2019-06-04,315.0,1207.0,0.0,100,280.53,272.5,0,0.0,0.0,,0.0,1,7.05,3.01,SPY190719C00286000,286.0,normalDay
2019-06-05,315.0,1376.0,0.0,100,282.96,272.5,0,0.0,0.0,,0.0,1,7.05,3.75,SPY190719C00286000,286.0,normalDay
2019-06-06,315.0,1492.0,0.0,100,284.8,272.5,0,0.0,0.0,,0.0,1,7.05,4.43,SPY190719C00286000,286.0,normalDay
2019-06-07,315.0,1613.0,0.0,100,287.65,272.5,0,0.0,0.0,,0.0,1,7.05,6.07,SPY190719C00286000,286.0,normalDay
2019-06-10,315.0,1677.0,0.0,100,288.97,272.5,0,0.0,0.0,,0.0,1,7.05,6.75,SPY190719C00286000,286.0,normalDay
2019-06-11,315.0,1682.0,0.0,100,288.9,272.5,0,0.0,0.0,,0.0,1,7.05,6.63,SPY190719C00286000,286.0,normalDay
2019-06-12,315.0,1669.0,0.0,100,288.39,272.5,0,0.0,0.0,,0.0,1,7.05,6.25,SPY190719C00286000,286.0,normalDay
2019-06-13,315.0,1716.0,0.0,100,289.58,272.5,0,0.0,0.0,,0.0,1,7.05,6.97,SPY190719C00286000,286.0,normalDay
2019-06-14,315.0,1716.0,0.0,100,289.26,272.5,0,0.0,0.0,,0.0,1,7.05,6.65,SPY190719C00286000,286.0,normalDay
2019-06-17,315.0,1747.0,0.0,100,289.37,272.5,0,0.0,0.0,,0.0,1,7.05,6.45,SPY190719C00286000,286.0,normalDay
2019-06-18,315.0,1857.0,0.0,100,292.4,272.5,0,0.0,0.0,,0.0,1,7.05,8.38,SPY190719C00286000,286.0,normalDay
2019-06-19,315.0,1889.0,0.0,100,293.06,272.5,0,0.0,0.0,,0.0,1,7.05,8.72,SPY190719C00286000,286.0,normalDay
2019-06-20,315.0,1947.0,0.0,100,295.86,272.5,0,0.0,0.0,,0.0,1,7.05,10.94,SPY190719C00286000,286.0,normalDay
2019-06-21,315.0,1801.0,0.0,100,294.0,272.5,0,0.0,0.0,,0.0,1,7.05,10.54,SPY190719C00286000,286.0,normalDay
2019-06-24,315.0,1812.0,0.0,100,293.64,272.5,0,0.0,0.0,,0.0,1,7.05,10.07,SPY190719C00286000,286.0,normalDay
2019-06-25,315.0,1736.0,0.0,100,290.76,272.5,0,0.0,0.0,,0.0,1,7.05,7.95,SPY190719C00286000,286.0,normalDay
2019-06-26,315.0,1755.0,0.0,100,290.47,272.5,0,0.0,0.0,,0.0,1,7.05,7.47,SPY190719C00286000,286.0,normalDay
2019-06-27,315.0,1771.0,0.0,100,291.5,272.5,0,0.0,0.0,,0.0,1,7.05,8.34,SPY190719C00286000,286.0,normalDay
2019-06-28,315.0,1785.0,0.0,100,293.0,272.5,0,0.0,0.0,,0.0,1,7.05,9.7,SPY190719C00286000,286.0,normalDay
2019-07-01,315.0,1942.0,0.0,100,295.66,272.5,0,0.0,0.0,,0.0,1,7.05,10.79,SPY190719C00286000,286.0,normalDay
2019-07-02,315.0,1962.0,0.0,100,296.43,272.5,0,0.0,0.0,,0.0,1,7.05,11.36,SPY190719C00286000,286.0,normalDay
2019-07-03,315.0,1977.0,0.0,100,298.8,272.5,0,0.0,0.0,,0.0,1,7.05,13.58,SPY190719C00286000,286.0,normalDay
2019-07-05,315.0,2034.0,0.0,100,298.46,272.5,0,0.0,0.0,,0.0,1,7.05,12.67,SPY190719C00286000,286.0,normalDay
2019-07-08,315.0,1989.0,0.0,100,296.82,272.5,0,0.0,0.0,,0.0,1,7.05,11.48,SPY190719C00286000,286.0,normalDay
2019-07-09,315.0,2012.0,0.0,100,297.19,272.5,0,0.0,0.0,,0.0,1,7.05,11.62,SPY190719C00286000,286.0,normalDay
2019-07-10,315.0,2013.0,0.0,100,298.61,272.5,0,0.0,0.0,,0.0,1,7.05,13.03,SPY190719C00286000,286.0,normalDay
2019-07-11,315.0,2020.0,0.0,100,299.31,272.5,0,0.0,0.0,,0.0,1,7.05,13.66,SPY190719C00286000,286.0,normalDay
2019-07-12,315.0,2037.0,0.0,100,300.65,272.5,0,0.0,0.0,,0.0,1,7.05,14.83,SPY190719C00286000,286.0,normalDay
2019-07-15,315.0,2042.0,0.0,100,300.75,272.5,0,0.0,0.0,,0.0,1,7.05,14.88,SPY190719C00286000,286.0,normalDay
2019-07-16,315.0,2027.0,0.0,100,299.78,272.5,0,0.0,0.0,,0.0,1,7.05,14.06,SPY190719C00286000,286.0,normalDay
2019-07-17,315.0,2033.0,0.0,100,297.74,272.5,0,0.0,0.0,,0.0,1,7.05,11.96,SPY190719C00286000,286.0,normalDay
2019-07-18,315.0,2039.0,0.0,100,298.83,272.5,0,0.0,0.0,,0.0,1,7.05,12.99,SPY190719C00286000,286.0,normalDay
2019-07-19,2370.0,2039.0,2055.0,0,297.17,0.0,0,0.0,0.0,,0.0,1,7.05,0.0,SPY190719C00286000,286.0,expirationDay
2019-07-22,2370.0,-3.0,0.0,0,297.9,0.0,1,0.23,0.26,SPY190724P00295500,295.5,0,0.0,0.0,,0.0,normalDay
2019-07-23,2370.0,20.0,0.0,0,300.03,0.0,1,0.23,0.03,SPY190724P00295500,295.5,0,0.0,0.0,,0.0,normalDay
2019-07-24,2393.0,0.0,23.0,0,301.44,0.0,1,0.23,0.0,SPY190724P00295500,295.5,0,0.0,0.0,,0.0,expirationDay
2019-07-25,2393.0,-3.0,0.0,0,300.0,0.0,1,0.06,0.09,SPY190726P00297000,297.0,0,0.0,0.0,,0.0,normalDay
2019-07-26,2399.0,0.0,6.0,0,302.01,0.0,1,0.06,0.0,SPY190726P00297000,297.0,0,0.0,0.0,,0.0,expirationDay
2019-07-29,2399.0,-3.0,0.0,0,301.46,0.0,1,0.25,0.28,SPY190731P00298000,298.0,0,0.0,0.0,,0.0,normalDay
2019-07-30,2399.0,-13.0,0.0,0,300.72,0.0,1,0.25,0.38,SPY190731P00298000,298.0,0,0.0,0.0,,0.0,normalDay
2019-07-31,2424.0,-57.0,25.0,100,297.43,298.0,1,0.25,0.0,SPY190731P00298000,298.0,0,0.0,0.0,,0.0,expirationDay
2019-08-01,2424.0,-330.0,0.0,100,294.84,298.0,0,0.0,0.0,,0.0,1,5.51,5.65,SPY191220C00306000,306.0,normalDay
2019-08-02,2424.0,-450.0,0.0,100,292.62,298.0,0,0.0,0.0,,0.0,1,5.51,4.63,SPY191220C00306000,306.0,normalDay
2019-08-05,2424.0,-1132.0,0.0,100,283.82,298.0,0,0.0,0.0,,0.0,1,5.51,2.65,SPY191220C00306000,306.0,normalDay
2019-08-06,2424.0,-786.0,0.0,100,287.8,298.0,0,0.0,0.0,,0.0,1,5.51,3.17,SPY191220C00306000,306.0,normalDay
2019-08-07,2424.0,-767.0,0.0,100,287.97,298.0,0,0.0,0.0,,0.0,1,5.51,3.15,SPY191220C00306000,306.0,normalDay
2019-08-08,2424.0,-339.0,0.0,100,293.62,298.0,0,0.0,0.0,,0.0,1,5.51,4.52,SPY191220C00306000,306.0,normalDay
2019-08-09,2424.0,-496.0,0.0,100,291.62,298.0,0,0.0,0.0,,0.0,1,5.51,4.09,SPY191220C00306000,306.0,normalDay
2019-08-12,2424.0,-776.0,0.0,100,288.07,298.0,0,0.0,0.0,,0.0,1,5.51,3.34,SPY191220C00306000,306.0,normalDay
2019-08-13,2424.0,-422.0,0.0,100,292.55,298.0,0,0.0,0.0,,0.0,1,5.51,4.28,SPY191220C00306000,306.0,normalDay
2019-08-14,2424.0,-1123.0,0.0,100,283.9,298.0,0,0.0,0.0,,0.0,1,5.51,2.64,SPY191220C00306000,306.0,normalDay
2019-08-15,2424.0,-1054.0,0.0,100,284.65,298.0,0,0.0,0.0,,0.0,1,5.51,2.7,SPY191220C00306000,306.0,normalDay
2019-08-16,2424.0,-701.0,0.0,100,288.85,298.0,0,0.0,0.0,,0.0,1,5.51,3.37,SPY191220C00306000,306.0,normalDay
2019-08-19,2424.0,-407.0,0.0,100,292.33,298.0,0,0.0,0.0,,0.0,1,5.51,3.91,SPY191220C00306000,306.0,normalDay
2019-08-20,2424.0,-566.0,0.0,100,290.09,298.0,0,0.0,0.0,,0.0,1,5.51,3.26,SPY191220C00306000,306.0,normalDay
2019-08-21,2424.0,-389.0,0.0,100,292.45,298.0,0,0.0,0.0,,0.0,1,5.51,3.85,SPY191220C00306000,306.0,normalDay
2019-08-22,2424.0,-385.0,0.0,100,292.36,298.0,0,0.0,0.0,,0.0,1,5.51,3.72,SPY191220C00306000,306.0,normalDay
2019-08-23,2424.0,-1005.0,0.0,100,284.85,298.0,0,0.0,0.0,,0.0,1,5.51,2.41,SPY191220C00306000,306.0,normalDay
2019-08-26,2424.0,-739.0,0.0,100,288.0,298.0,0,0.0,0.0,,0.0,1,5.51,2.9,SPY191220C00306000,306.0,normalDay
2019-08-27,2424.0,-831.0,0.0,100,286.87,298.0,0,0.0,0.0,,0.0,1,5.51,2.69,SPY191220C00306000,306.0,normalDay
2019-08-28,2424.0,-674.0,0.0,100,288.89,298.0,0,0.0,0.0,,0.0,1,5.51,3.14,SPY191220C00306000,306.0,normalDay
2019-08-29,2424.0,-383.0,0.0,100,292.58,298.0,0,0.0,0.0,,0.0,1,5.51,3.92,SPY191220C00306000,306.0,normalDay
2019-08-30,2424.0,-393.0,0.0,100,292.45,298.0,0,0.0,0.0,,0.0,1,5.51,3.89,SPY191220C00306000,306.0,normalDay
2019-09-03,2424.0,-511.0,0.0,100,290.74,298.0,0,0.0,0.0,,0.0,1,5.51,3.36,SPY191220C00306000,306.0,normalDay
2019-09-04,2424.0,-245.0,0.0,100,294.04,298.0,0,0.0,0.0,,0.0,1,5.51,4.0,SPY191220C00306000,306.0,normalDay
2019-09-05,2424.0,24.0,0.0,100,297.82,298.0,0,0.0,0.0,,0.0,1,5.51,5.09,SPY191220C00306000,306.0,normalDay
2019-09-06,2424.0,48.0,0.0,100,298.05,298.0,0,0.0,0.0,,0.0,1,5.51,5.08,SPY191220C00306000,306.0,normalDay
2019-09-09,2424.0,82.0,0.0,100,298.2,298.0,0,0.0,0.0,,0.0,1,5.51,4.89,SPY191220C00306000,306.0,normalDay
2019-09-10,2424.0,86.0,0.0,100,298.13,298.0,0,0.0,0.0,,0.0,1,5.51,4.78,SPY191220C00306000,306.0,normalDay
2019-09-11,2424.0,198.0,0.0,100,300.25,298.0,0,0.0,0.0,,0.0,1,5.51,5.78,SPY191220C00306000,306.0,normalDay
2019-09-12,2424.0,268.0,0.0,100,301.29,298.0,0,0.0,0.0,,0.0,1,5.51,6.12,SPY191220C00306000,306.0,normalDay
2019-09-13,2424.0,271.0,0.0,100,301.09,298.0,0,0.0,0.0,,0.0,1,5.51,5.89,SPY191220C00306000,306.0,normalDay
2019-09-16,2424.0,210.0,0.0,100,300.16,298.0,0,0.0,0.0,,0.0,1,5.51,5.57,SPY191220C00306000,306.0,normalDay
2019-09-17,2424.0,252.0,0.0,100,300.92,298.0,0,0.0,0.0,,0.0,1,5.51,5.91,SPY191220C00306000,306.0,normalDay
2019-09-18,2424.0,271.0,0.0,100,301.1,298.0,0,0.0,0.0,,0.0,1,5.51,5.9,SPY191220C00306000,306.0,normalDay
2019-09-19,2424.0,286.0,0.0,100,301.08,298.0,0,0.0,0.0,,0.0,1,5.51,5.73,SPY191220C00306000,306.0,normalDay
2019-09-20,2424.0,52.0,0.0,100,298.28,298.0,0,0.0,0.0,,0.0,1,5.51,5.27,SPY191220C00306000,306.0,normalDay
2019-09-23,2424.0,63.0,0.0,100,298.21,298.0,0,0.0,0.0,,0.0,1,5.51,5.09,SPY191220C00306000,306.0,normalDay
2019-09-24,2424.0,-106.0,0.0,100,295.87,298.0,0,0.0,0.0,,0.0,1,5.51,4.44,SPY191220C00306000,306.0,normalDay
2019-09-25,2424.0,39.0,0.0,100,297.62,298.0,0,0.0,0.0,,0.0,1,5.51,4.74,SPY191220C00306000,306.0,normalDay
2019-09-26,2424.0,2.0,0.0,100,297.0,298.0,0,0.0,0.0,,0.0,1,5.51,4.49,SPY191220C00306000,306.0,normalDay
2019-09-27,2424.0,-111.0,0.0,100,295.4,298.0,0,0.0,0.0,,0.0,1,5.51,4.02,SPY191220C00306000,306.0,normalDay
2019-09-30,2424.0,9.0,0.0,100,296.77,298.0,0,0.0,0.0,,0.0,1,5.51,4.19,SPY191220C00306000,306.0,normalDay
2019-10-01,2424.0,-230.0,0.0,100,293.24,298.0,0,0.0,0.0,,0.0,1,5.51,3.05,SPY191220C00306000,306.0,normalDay
2019-10-02,2424.0,-629.0,0.0,100,288.06,298.0,0,0.0,0.0,,0.0,1,5.51,1.86,SPY191220C00306000,306.0,normalDay
2019-10-03,2424.0,-428.0,0.0,100,290.42,298.0,0,0.0,0.0,,0.0,1,5.51,2.21,SPY191220C00306000,306.0,normalDay
2019-10-04,2424.0,-106.0,0.0,100,294.35,298.0,0,0.0,0.0,,0.0,1,5.51,2.92,SPY191220C00306000,306.0,normalDay
2019-10-07,2424.0,-183.0,0.0,100,293.08,298.0,0,0.0,0.0,,0.0,1,5.51,2.42,SPY191220C00306000,306.0,normalDay
2019-10-08,2424.0,-559.0,0.0,100,288.53,298.0,0,0.0,0.0,,0.0,1,5.51,1.63,SPY191220C00306000,306.0,normalDay
2019-10-09,2424.0,-320.0,0.0,100,291.27,298.0,0,0.0,0.0,,0.0,1,5.51,1.98,SPY191220C00306000,306.0,normalDay
2019-10-10,2424.0,-164.0,0.0,100,293.24,298.0,0,0.0,0.0,,0.0,1,5.51,2.39,SPY191220C00306000,306.0,normalDay
2019-10-11,2424.0,81.0,0.0,100,296.28,298.0,0,0.0,0.0,,0.0,1,5.51,2.98,SPY191220C00306000,306.0,normalDay
2019-10-14,2424.0,100.0,0.0,100,295.95,298.0,0,0.0,0.0,,0.0,1,5.51,2.46,SPY191220C00306000,306.0,normalDay
2019-10-15,2424.0,305.0,0.0,100,298.88,298.0,0,0.0,0.0,,0.0,1,5.51,3.34,SPY191220C00306000,306.0,normalDay
2019-10-16,2424.0,282.0,0.0,100,298.4,298.0,0,0.0,0.0,,0.0,1,5.51,3.09,SPY191220C00306000,306.0,normalDay
2019-10-17,2424.0,347.0,0.0,100,299.28,298.0,0,0.0,0.0,,0.0,1,5.51,3.32,SPY191220C00306000,306.0,normalDay
2019-10-18,2424.0,253.0,0.0,100,297.97,298.0,0,0.0,0.0,,0.0,1,5.51,2.95,SPY191220C00306000,306.0,normalDay
2019-10-21,2424.0,408.0,0.0,100,299.99,298.0,0,0.0,0.0,,0.0,1,5.51,3.42,SPY191220C00306000,306.0,normalDay
2019-10-22,2424.0,353.0,0.0,100,299.01,298.0,0,0.0,0.0,,0.0,1,5.51,2.99,SPY191220C00306000,306.0,normalDay
2019-10-23,2424.0,412.0,0.0,100,299.88,298.0,0,0.0,0.0,,0.0,1,5.51,3.27,SPY191220C00306000,306.0,normalDay
2019-10-24,2424.0,466.0,0.0,100,300.37,298.0,0,0.0,0.0,,0.0,1,5.51,3.22,SPY191220C00306000,306.0,normalDay
2019-10-25,2424.0,559.0,0.0,100,301.6,298.0,0,0.0,0.0,,0.0,1,5.51,3.52,SPY191220C00306000,306.0,normalDay
2019-10-28,2424.0,650.0,0.0,100,303.3,298.0,0,0.0,0.0,,0.0,1,5.51,4.31,SPY191220C00306000,306.0,normalDay
2019-10-29,2424.0,649.0,0.0,100,303.21,298.0,0,0.0,0.0,,0.0,1,5.51,4.23,SPY191220C00306000,306.0,normalDay
2019-10-30,2424.0,697.0,0.0,100,304.14,298.0,0,0.0,0.0,,0.0,1,5.51,4.68,SPY191220C00306000,306.0,normalDay
2019-10-31,2424.0,676.0,0.0,100,303.33,298.0,0,0.0,0.0,,0.0,1,5.51,4.08,SPY191220C00306000,306.0,normalDay
2019-11-01,2424.0,825.0,0.0,100,306.14,298.0,0,0.0,0.0,,0.0,1,5.51,5.4,SPY191220C00306000,306.0,normalDay
2019-11-04,2424.0,880.0,0.0,100,307.37,298.0,0,0.0,0.0,,0.0,1,5.51,6.08,SPY191220C00306000,306.0,normalDay
2019-11-05,2424.0,859.0,0.0,100,307.03,298.0,0,0.0,0.0,,0.0,1,5.51,5.95,SPY191220C00306000,306.0,normalDay
2019-11-06,2424.0,864.0,0.0,100,307.1,298.0,0,0.0,0.0,,0.0,1,5.51,5.97,SPY191220C00306000,306.0,normalDay
2019-11-07,2424.0,910.0,0.0,100,308.18,298.0,0,0.0,0.0,,0.0,1,5.51,6.59,SPY191220C00306000,306.0,normalDay
2019-11-08,2424.0,952.0,0.0,100,308.94,298.0,0,0.0,0.0,,0.0,1,5.51,6.93,SPY191220C00306000,306.0,normalDay
2019-11-11,2424.0,933.0,0.0,100,308.35,298.0,0,0.0,0.0,,0.0,1,5.51,6.53,SPY191220C00306000,306.0,normalDay
2019-11-12,2424.0,987.0,0.0,100,309.0,298.0,0,0.0,0.0,,0.0,1,5.51,6.64,SPY191220C00306000,306.0,normalDay
2019-11-13,2424.0,976.0,0.0,100,309.1,298.0,0,0.0,0.0,,0.0,1,5.51,6.85,SPY191220C00306000,306.0,normalDay
2019-11-14,2424.0,998.0,0.0,100,309.55,298.0,0,0.0,0.0,,0.0,1,5.51,7.08,SPY191220C00306000,306.0,normalDay
2019-11-15,2424.0,1094.0,0.0,100,311.79,298.0,0,0.0,0.0,,0.0,1,5.51,8.36,SPY191220C00306000,306.0,normalDay
2019-11-18,2424.0,1100.0,0.0,100,312.02,298.0,0,0.0,0.0,,0.0,1,5.51,8.53,SPY191220C00306000,306.0,normalDay
2019-11-19,2424.0,1110.0,0.0,100,311.93,298.0,0,0.0,0.0,,0.0,1,5.51,8.34,SPY191220C00306000,306.0,normalDay
2019-11-20,2424.0,1087.0,0.0,100,310.77,298.0,0,0.0,0.0,,0.0,1,5.51,7.41,SPY191220C00306000,306.0,normalDay
2019-11-21,2424.0,1063.0,0.0,100,310.27,298.0,0,0.0,0.0,,0.0,1,5.51,7.15,SPY191220C00306000,306.0,normalDay
2019-11-22,2424.0,1101.0,0.0,100,310.96,298.0,0,0.0,0.0,,0.0,1,5.51,7.46,SPY191220C00306000,306.0,normalDay
2019-11-25,2424.0,1202.0,0.0,100,313.37,298.0,0,0.0,0.0,,0.0,1,5.51,8.86,SPY191220C00306000,306.0,normalDay
2019-11-26,2424.0,1193.0,0.0,100,314.08,298.0,0,0.0,0.0,,0.0,1,5.51,9.66,SPY191220C00306000,306.0,normalDay
2019-11-27,2424.0,1224.0,0.0,100,315.48,298.0,0,0.0,0.0,,0.0,1,5.51,10.75,SPY191220C00306000,306.0,normalDay
2019-11-29,2424.0,1179.0,0.0,100,314.31,298.0,0,0.0,0.0,,0.0,1,5.51,10.03,SPY191220C00306000,306.0,normalDay
2019-12-02,2424.0,1141.0,0.0,100,311.64,298.0,0,0.0,0.0,,0.0,1,5.51,7.74,SPY191220C00306000,306.0,normalDay
2019-12-03,2424.0,1078.0,0.0,100,309.55,298.0,0,0.0,0.0,,0.0,1,5.51,6.28,SPY191220C00306000,306.0,normalDay
2019-12-04,2424.0,1172.0,0.0,100,311.46,298.0,0,0.0,0.0,,0.0,1,5.51,7.25,SPY191220C00306000,306.0,normalDay
2019-12-05,2424.0,1180.0,0.0,100,312.02,298.0,0,0.0,0.0,,0.0,1,5.51,7.73,SPY191220C00306000,306.0,normalDay
2019-12-06,2424.0,1259.0,0.0,100,314.87,298.0,0,0.0,0.0,,0.0,1,5.51,9.79,SPY191220C00306000,306.0,normalDay
2019-12-09,2424.0,1247.0,0.0,100,313.88,298.0,0,0.0,0.0,,0.0,1,5.51,8.92,SPY191220C00306000,306.0,normalDay
2019-12-10,2424.0,1218.0,0.0,100,313.53,298.0,0,0.0,0.0,,0.0,1,5.51,8.86,SPY191220C00306000,306.0,normalDay
2019-12-11,2424.0,1249.0,0.0,100,314.42,298.0,0,0.0,0.0,,0.0,1,5.51,9.44,SPY191220C00306000,306.0,normalDay
2019-12-12,2424.0,1312.0,0.0,100,317.13,298.0,0,0.0,0.0,,0.0,1,5.51,11.52,SPY191220C00306000,306.0,normalDay
2019-12-13,2424.0,1318.0,0.0,100,317.32,298.0,0,0.0,0.0,,0.0,1,5.51,11.65,SPY191220C00306000,306.0,normalDay
2019-12-16,2424.0,1302.0,0.0,100,319.5,298.0,0,0.0,0.0,,0.0,1,5.51,13.99,SPY191220C00306000,306.0,normalDay
2019-12-17,2424.0,1331.0,0.0,100,319.57,298.0,0,0.0,0.0,,0.0,1,5.51,13.77,SPY191220C00306000,306.0,normalDay
2019-12-18,2424.0,1310.0,0.0,100,319.59,298.0,0,0.0,0.0,,0.0,1,5.51,14.0,SPY191220C00306000,306.0,normalDay
2019-12-19,2424.0,1318.0,0.0,100,320.9,298.0,0,0.0,0.0,,0.0,1,5.51,15.23,SPY191220C00306000,306.0,normalDay
2019-12-20,3775.0,1318.0,1351.0,0,320.73,0.0,0,0.0,0.0,,0.0,1,5.51,0.0,SPY191220C00306000,306.0,expirationDay
2019-12-23,3775.0,0.0,0.0,0,321.22,0.0,0,0.0,0.0,,0.0,0,0.0,0.0,,0.0,bidTooLow
2019-12-24,3775.0,-3.0,0.0,0,321.23,0.0,1,0.01,0.04,SPY191227P00314500,314.5,0,0.0,0.0,,0.0,normalDay
2019-12-26,3775.0,0.0,0.0,0,322.94,0.0,1,0.01,0.01,SPY191227P00314500,314.5,0,0.0,0.0,,0.0,normalDay
2019-12-27,3776.0,0.0,1.0,0,322.86,0.0,1,0.01,0.0,SPY191227P00314500,314.5,0,0.0,0.0,,0.0,expirationDay
2019-12-30,3776.0,-3.0,0.0,0,321.08,0.0,1,0.04,0.07,SPY191231P00316000,316.0,0,0.0,0.0,,0.0,normalDay
2019-12-31,3780.0,0.0,4.0,0,321.86,0.0,1,0.04,0.0,SPY191231P00316000,316.0,0,0.0,0.0,,0.0,expirationDay
2020-01-02,3780.0,0.0,0.0,0,324.87,0.0,0,0.0,0.0,,0.0,0,0.0,0.0,,0.0,bidTooLow
2020-01-03,3780.0,-3.0,0.0,0,322.41,0.0,1,0.12,0.15,SPY200106P00318000,318.0,0,0.0,0.0,,0.0,normalDay
2020-01-06,3792.0,0.0,12.0,0,323.64,0.0,1,0.12,0.0,SPY200106P00318000,318.0,0,0.0,0.0,,0.0,expirationDay
2020-01-07,3792.0,-3.0,0.0,0,322.73,0.0,1,0.38,0.41,SPY200110P00319000,319.0,0,0.0,0.0,,0.0,normalDay
2020-01-08,3792.0,18.0,0.0,0,324.45,0.0,1,0.38,0.2,SPY200110P00319000,319.0,0,0.0,0.0,,0.0,normalDay
2020-01-09,3792.0,34.0,0.0,0,326.65,0.0,1,0.38,0.04,SPY200110P00319000,319.0,0,0.0,0.0,,0.0,normalDay
2020-01-10,3830.0,0.0,38.0,0,325.71,0.0,1,0.38,0.0,SPY200110P00319000,319.0,0,0.0,0.0,,0.0,expirationDay
2020-01-13,3830.0,-3.0,0.0,0,327.95,0.0,1,0.03,0.06,SPY200115P00321500,321.5,0,0.0,0.0,,0.0,normalDay
2020-01-14,3830.0,0.0,0.0,0,327.45,0.0,1,0.03,0.03,SPY200115P00321500,321.5,0,0.0,0.0,,0.0,normalDay
2020-01-15,3833.0,0.0,3.0,0,328.19,0.0,1,0.03,0.0,SPY200115P00321500,321.5,0,0.0,0.0,,0.0,expirationDay
2020-01-16,3833.0,0.0,0.0,0,330.92,0.0,0,0.0,0.0,,0.0,0,0.0,0.0,,0.0,bidTooLow
2020-01-17,3833.0,0.0,0.0,0,331.95,0.0,0,0.0,0.0,,0.0,0,0.0,0.0,,0.0,bidTooLow
2020-01-21,3833.0,-3.0,0.0,0,331.3,0.0,1,0.06,0.09,SPY200124P00323500,323.5,0,0.0,0.0,,0.0,normalDay
2020-01-22,3833.0,2.0,0.0,0,331.34,0.0,1,0.06,0.04,SPY200124P00323500,323.5,0,0.0,0.0,,0.0,normalDay
2020-01-23,3833.0,3.0,0.0,0,331.72,0.0,1,0.06,0.03,SPY200124P00323500,323.5,0,0.0,0.0,,0.0,normalDay
2020-01-24,3839.0,0.0,6.0,0,328.77,0.0,1,0.06,0.0,SPY200124P00323500,323.5,0,0.0,0.0,,0.0,expirationDay
2020-01-27,3839.0,-5.0,0.0,0,323.5,0.0,1,2.86,2.91,SPY200129P00325000,325.0,0,0.0,0.0,,0.0,normalDay
2020-01-28,3839.0,224.0,0.0,0,326.89,0.0,1,2.86,0.62,SPY200129P00325000,325.0,0,0.0,0.0,,0.0,normalDay
2020-01-29,4125.0,0.0,286.0,0,326.62,0.0,1,2.86,0.0,SPY200129P00325000,325.0,0,0.0,0.0,,0.0,expirationDay
2020-01-30,4125.0,-3.0,0.0,0,327.68,0.0,1,0.26,0.29,SPY200131P00326000,326.0,0,0.0,0.0,,0.0,normalDay
2020-01-31,4151.0,-427.0,26.0,100,321.73,326.0,1,0.26,0.0,SPY200131P00326000,326.0,0,0.0,0.0,,0.0,expirationDay
2020-02-03,4151.0,-195.0,0.0,100,324.12,326.0,0,0.0,0.0,,0.0,1,4.23,4.3,SPY200619C00339000,339.0,normalDay
2020-02-04,4151.0,135.0,0.0,100,329.06,326.0,0,0.0,0.0,,0.0,1,4.23,5.94,SPY200619C00339000,339.0,normalDay
2020-02-05,4151.0,353.0,0.0,100,332.86,326.0,0,0.0,0.0,,0.0,1,4.23,7.56,SPY200619C00339000,339.0,normalDay
2020-02-06,4151.0,442.0,0.0,100,333.98,326.0,0,0.0,0.0,,0.0,1,4.23,7.79,SPY200619C00339000,339.0,normalDay
2020-02-07,4151.0,327.0,0.0,100,332.2,326.0,0,0.0,0.0,,0.0,1,4.23,7.16,SPY200619C00339000,339.0,normalDay
2020-02-10,4151.0,460.0,0.0,100,334.68,326.0,0,0.0,0.0,,0.0,1,4.23,8.31,SPY200619C00339000,339.0,normalDay
2020-02-11,4151.0,485.0,0.0,100,335.26,326.0,0,0.0,0.0,,0.0,1,4.23,8.64,SPY200619C00339000,339.0,normalDay
2020-02-12,4151.0,617.0,0.0,100,337.42,326.0,0,0.0,0.0,,0.0,1,4.23,9.48,SPY200619C00339000,339.0,normalDay
2020-02-13,4151.0,583.0,0.0,100,337.06,326.0,0,0.0,0.0,,0.0,1,4.23,9.46,SPY200619C00339000,339.0,normalDay
2020-02-14,4151.0,627.0,0.0,100,337.6,326.0,0,0.0,0.0,,0.0,1,4.23,9.56,SPY200619C00339000,339.0,normalDay
2020-02-18,4151.0,588.0,0.0,100,336.73,326.0,0,0.0,0.0,,0.0,1,4.23,9.08,SPY200619C00339000,339.0,normalDay
2020-02-19,4151.0,657.0,0.0,100,338.34,326.0,0,0.0,0.0,,0.0,1,4.23,10.0,SPY200619C00339000,339.0,normalDay
2020-02-20,4151.0,587.0,0.0,100,336.95,326.0,0,0.0,0.0,,0.0,1,4.23,9.31,SPY200619C00339000,339.0,normalDay
2020-02-21,4151.0,373.0,0.0,100,333.48,326.0,0,0.0,0.0,,0.0,1,4.23,7.98,SPY200619C00339000,339.0,normalDay
2020-02-24,4151.0,-368.0,0.0,100,322.42,326.0,0,0.0,0.0,,0.0,1,4.23,4.33,SPY200619C00339000,339.0,normalDay
2020-02-25,4151.0,-1160.0,0.0,100,312.65,326.0,0,0.0,0.0,,0.0,1,4.23,2.48,SPY200619C00339000,339.0,normalDay
2020-02-26,4151.0,-1225.0,0.0,100,311.5,326.0,0,0.0,0.0,,0.0,1,4.23,1.98,SPY200619C00339000,339.0,normalDay
2020-02-27,4151.0,-2555.0,0.0,100,297.51,326.0,0,0.0,0.0,,0.0,1,4.23,1.29,SPY200619C00339000,339.0,normalDay
2020-02-28,4151.0,-2692.0,0.0,100,296.26,326.0,0,0.0,0.0,,0.0,1,4.23,1.41,SPY200619C00339000,339.0,normalDay
2020-03-02,4151.0,-1488.0,0.0,100,309.09,326.0,0,0.0,0.0,,0.0,1,4.23,2.2,SPY200619C00339000,339.0,normalDay
2020-03-03,4151.0,-2300.0,0.0,100,300.24,326.0,0,0.0,0.0,,0.0,1,4.23,1.47,SPY200619C00339000,339.0,normalDay
2020-03-04,4151.0,-1175.0,0.0,100,312.86,326.0,0,0.0,0.0,,0.0,1,4.23,2.84,SPY200619C00339000,339.0,normalDay
2020-03-05,4151.0,-2130.0,0.0,100,302.46,326.0,0,0.0,0.0,,0.0,1,4.23,1.99,SPY200619C00339000,339.0,normalDay
2020-03-06,4151.0,-2628.0,0.0,100,297.46,326.0,0,0.0,0.0,,0.0,1,4.23,1.97,SPY200619C00339000,339.0,normalDay
2020-03-09,4151.0,-4890.0,0.0,100,274.23,326.0,0,0.0,0.0,,0.0,1,4.23,1.36,SPY200619C00339000,339.0,normalDay
2020-03-10,4151.0,-3493.0,0.0,100,288.42,326.0,0,0.0,0.0,,0.0,1,4.23,1.58,SPY200619C00339000,339.0,normalDay
2020-03-11,4151.0,-4822.0,0.0,100,274.36,326.0,0,0.0,0.0,,0.0,1,4.23,0.81,SPY200619C00339000,339.0,normalDay
2020-03-12,4151.0,-7446.0,0.0,100,248.11,326.0,0,0.0,0.0,,0.0,1,4.23,0.8,SPY200619C00339000,339.0,normalDay
2020-03-13,4151.0,-5308.0,0.0,100,269.32,326.0,0,0.0,0.0,,0.0,1,4.23,0.63,SPY200619C00339000,339.0,normalDay
2020-03-16,4151.0,-8237.0,0.0,100,239.85,326.0,0,0.0,0.0,,0.0,1,4.23,0.45,SPY200619C00339000,339.0,normalDay
2020-03-17,4151.0,-6962.0,0.0,100,252.8,326.0,0,0.0,0.0,,0.0,1,4.23,0.65,SPY200619C00339000,339.0,normalDay
2020-03-18,4151.0,-8238.0,0.0,100,240.0,326.0,0,0.0,0.0,,0.0,1,4.23,0.61,SPY200619C00339000,339.0,normalDay
2020-03-19,4151.0,-8164.0,0.0,100,240.51,326.0,0,0.0,0.0,,0.0,1,4.23,0.38,SPY200619C00339000,339.0,normalDay
2020-03-20,4151.0,-9321.0,0.0,100,228.8,326.0,0,0.0,0.0,,0.0,1,4.23,0.24,SPY200619C00339000,339.0,normalDay
2020-03-23,4151.0,-9905.0,0.0,100,222.95,326.0,0,0.0,0.0,,0.0,1,4.23,0.23,SPY200619C00339000,339.0,normalDay
2020-03-24,4151.0,-7901.0,0.0,100,243.15,326.0,0,0.0,0.0,,0.0,1,4.23,0.39,SPY200619C00339000,339.0,normalDay
2020-03-25,4151.0,-7536.0,0.0,100,246.79,326.0,0,0.0,0.0,,0.0,1,4.23,0.38,SPY200619C00339000,339.0,normalDay
2020-03-26,4151.0,-6100.0,0.0,100,261.2,326.0,0,0.0,0.0,,0.0,1,4.23,0.43,SPY200619C00339000,339.0,normalDay
2020-03-27,4151.0,-6859.0,0.0,100,253.42,326.0,0,0.0,0.0,,0.0,1,4.23,0.24,SPY200619C00339000,339.0,normalDay
2020-03-30,4151.0,-6039.0,0.0,100,261.65,326.0,0,0.0,0.0,,0.0,1,4.23,0.27,SPY200619C00339000,339.0,normalDay
2020-03-31,4151.0,-6415.0,0.0,100,257.75,326.0,0,0.0,0.0,,0.0,1,4.23,0.13,SPY200619C00339000,339.0,normalDay
2020-04-01,4151.0,-7573.0,0.0,100,246.15,326.0,0,0.0,0.0,,0.0,1,4.23,0.11,SPY200619C00339000,339.0,normalDay
2020-04-02,4151.0,-7008.0,0.0,100,251.83,326.0,0,0.0,0.0,,0.0,1,4.23,0.14,SPY200619C00339000,339.0,normalDay
2020-04-03,4151.0,-7369.0,0.0,100,248.19,326.0,0,0.0,0.0,,0.0,1,4.23,0.11,SPY200619C00339000,339.0,normalDay
2020-04-06,4151.0,-5711.0,0.0,100,264.86,326.0,0,0.0,0.0,,0.0,1,4.23,0.2,SPY200619C00339000,339.0,normalDay
2020-04-07,4151.0,-5681.0,0.0,100,265.13,326.0,0,0.0,0.0,,0.0,1,4.23,0.17,SPY200619C00339000,339.0,normalDay
2020-04-08,4151.0,-4801.0,0.0,100,274.03,326.0,0,0.0,0.0,,0.0,1,4.23,0.27,SPY200619C00339000,339.0,normalDay
2020-04-09,4151.0,-4392.0,0.0,100,278.2,326.0,0,0.0,0.0,,0.0,1,4.23,0.35,SPY200619C00339000,339.0,normalDay
2020-04-13,4151.0,-4638.0,0.0,100,275.66,326.0,0,0.0,0.0,,0.0,1,4.23,0.27,SPY200619C00339000,339.0,normalDay
2020-04-14,4151.0,-3836.0,0.0,100,283.79,326.0,0,0.0,0.0,,0.0,1,4.23,0.38,SPY200619C00339000,339.0,normalDay
2020-04-15,4151.0,-4426.0,0.0,100,277.76,326.0,0,0.0,0.0,,0.0,1,4.23,0.25,SPY200619C00339000,339.0,normalDay
2020-04-16,4151.0,-4292.0,0.0,100,279.1,326.0,0,0.0,0.0,,0.0,1,4.23,0.25,SPY200619C00339000,339.0,normalDay
2020-04-17,4151.0,-3551.0,0.0,100,286.64,326.0,0,0.0,0.0,,0.0,1,4.23,0.38,SPY200619C00339000,339.0,normalDay
2020-04-20,4151.0,-4047.0,0.0,100,281.59,326.0,0,0.0,0.0,,0.0,1,4.23,0.29,SPY200619C00339000,339.0,normalDay
2020-04-21,4151.0,-4891.0,0.0,100,273.04,326.0,0,0.0,0.0,,0.0,1,4.23,0.18,SPY200619C00339000,339.0,normalDay
2020-04-22,4151.0,-4284.0,0.0,100,279.1,326.0,0,0.0,0.0,,0.0,1,4.23,0.17,SPY200619C00339000,339.0,normalDay
2020-04-23,4151.0,-4285.0,0.0,100,279.08,326.0,0,0.0,0.0,,0.0,1,4.23,0.16,SPY200619C00339000,339.0,normalDay
2020-04-24,4151.0,-3900.0,0.0,100,282.97,326.0,0,0.0,0.0,,0.0,1,4.23,0.2,SPY200619C00339000,339.0,normalDay
2020-04-27,4151.0,-3493.0,0.0,100,287.05,326.0,0,0.0,0.0,,0.0,1,4.23,0.21,SPY200619C00339000,339.0,normalDay
2020-04-28,4151.0,-3620.0,0.0,100,285.73,326.0,0,0.0,0.0,,0.0,1,4.23,0.16,SPY200619C00339000,339.0,normalDay
2020-04-29,4151.0,-2880.0,0.0,100,293.21,326.0,0,0.0,0.0,,0.0,1,4.23,0.24,SPY200619C00339000,339.0,normalDay
2020-04-30,4151.0,-3150.0,0.0,100,290.48,326.0,0,0.0,0.0,,0.0,1,4.23,0.21,SPY200619C00339000,339.0,normalDay
2020-05-01,4151.0,-3911.0,0.0,100,282.79,326.0,0,0.0,0.0,,0.0,1,4.23,0.13,SPY200619C00339000,339.0,normalDay
2020-05-04,4151.0,-3832.0,0.0,100,283.57,326.0,0,0.0,0.0,,0.0,1,4.23,0.12,SPY200619C00339000,339.0,normalDay
2020-05-05,4151.0,-3570.0,0.0,100,286.19,326.0,0,0.0,0.0,,0.0,1,4.23,0.12,SPY200619C00339000,339.0,normalDay
2020-05-06,4151.0,-3762.0,0.0,100,284.25,326.0,0,0.0,0.0,,0.0,1,4.23,0.1,SPY200619C00339000,339.0,normalDay
2020-05-07,4151.0,-3420.0,0.0,100,287.68,326.0,0,0.0,0.0,,0.0,1,4.23,0.11,SPY200619C00339000,339.0,normalDay
2020-05-08,4151.0,-2945.0,0.0,100,292.44,326.0,0,0.0,0.0,,0.0,1,4.23,0.12,SPY200619C00339000,339.0,normalDay
2020-05-11,4151.0,-2936.0,0.0,100,292.5,326.0,0,0.0,0.0,,0.0,1,4.23,0.09,SPY200619C00339000,339.0,normalDay
2020-05-12,4151.0,-3517.0,0.0,100,286.67,326.0,0,0.0,0.0,,0.0,1,4.23,0.07,SPY200619C00339000,339.0,normalDay
2020-05-13,4151.0,-4022.0,0.0,100,281.6,326.0,0,0.0,0.0,,0.0,1,4.23,0.05,SPY200619C00339000,339.0,normalDay
2020-05-14,4151.0,-3686.0,0.0,100,284.97,326.0,0,0.0,0.0,,0.0,1,4.23,0.06,SPY200619C00339000,339.0,normalDay
2020-05-15,4151.0,-3554.0,0.0,100,286.28,326.0,0,0.0,0.0,,0.0,1,4.23,0.05,SPY200619C00339000,339.0,normalDay
2020-05-18,4151.0,-2688.0,0.0,100,295.0,326.0,0,0.0,0.0,,0.0,1,4.23,0.11,SPY200619C00339000,339.0,normalDay
2020-05-19,4151.0,-2988.0,0.0,100,291.97,326.0,0,0.0,0.0,,0.0,1,4.23,0.08,SPY200619C00339000,339.0,normalDay
2020-05-20,4151.0,-2494.0,0.0,100,296.93,326.0,0,0.0,0.0,,0.0,1,4.23,0.1,SPY200619C00339000,339.0,normalDay
2020-05-21,4151.0,-2698.0,0.0,100,294.88,326.0,0,0.0,0.0,,0.0,1,4.23,0.09,SPY200619C00339000,339.0,normalDay
2020-05-22,4151.0,-2640.0,0.0,100,295.44,326.0,0,0.0,0.0,,0.0,1,4.23,0.07,SPY200619C00339000,339.0,normalDay
2020-05-26,4151.0,-2278.0,0.0,100,299.08,326.0,0,0.0,0.0,,0.0,1,4.23,0.09,SPY200619C00339000,339.0,normalDay
2020-05-27,4151.0,-1832.0,0.0,100,303.53,326.0,0,0.0,0.0,,0.0,1,4.23,0.08,SPY200619C00339000,339.0,normalDay
2020-05-28,4151.0,-1888.0,0.0,100,302.97,326.0,0,0.0,0.0,,0.0,1,4.23,0.08,SPY200619C00339000,339.0,normalDay
2020-05-29,4151.0,-1752.0,0.0,100,304.32,326.0,0,0.0,0.0,,0.0,1,4.23,0.07,SPY200619C00339000,339.0,normalDay
2020-06-01,4151.0,-1628.0,0.0,100,305.55,326.0,0,0.0,0.0,,0.0,1,4.23,0.06,SPY200619C00339000,339.0,normalDay
2020-06-02,4151.0,-1375.0,0.0,100,308.08,326.0,0,0.0,0.0,,0.0,1,4.23,0.06,SPY200619C00339000,339.0,normalDay
2020-06-03,4151.0,-970.0,0.0,100,312.18,326.0,0,0.0,0.0,,0.0,1,4.23,0.11,SPY200619C00339000,339.0,normalDay
2020-06-04,4151.0,-1048.0,0.0,100,311.36,326.0,0,0.0,0.0,,0.0,1,4.23,0.07,SPY200619C00339000,339.0,normalDay
2020-06-05,4151.0,-276.0,0.0,100,319.34,326.0,0,0.0,0.0,,0.0,1,4.23,0.33,SPY200619C00339000,339.0,normalDay
2020-06-08,4151.0,98.0,0.0,100,323.2,326.0,0,0.0,0.0,,0.0,1,4.23,0.45,SPY200619C00339000,339.0,normalDay
2020-06-09,4151.0,-132.0,0.0,100,320.79,326.0,0,0.0,0.0,,0.0,1,4.23,0.34,SPY200619C00339000,339.0,normalDay
2020-06-10,4151.0,-297.0,0.0,100,319.0,326.0,0,0.0,0.0,,0.0,1,4.23,0.2,SPY200619C00339000,339.0,normalDay
2020-06-11,4151.0,-2122.0,0.0,100,300.61,326.0,0,0.0,0.0,,0.0,1,4.23,0.06,SPY200619C00339000,339.0,normalDay
2020-06-12,4151.0,-1759.0,0.0,100,304.21,326.0,0,0.0,0.0,,0.0,1,4.23,0.03,SPY200619C00339000,339.0,normalDay
2020-06-15,4151.0,-1475.0,0.0,100,307.05,326.0,0,0.0,0.0,,0.0,1,4.23,0.03,SPY200619C00339000,339.0,normalDay
2020-06-16,4151.0,-884.0,0.0,100,312.96,326.0,0,0.0,0.0,,0.0,1,4.23,0.03,SPY200619C00339000,339.0,normalDay
2020-06-17,4151.0,-1013.0,0.0,100,311.66,326.0,0,0.0,0.0,,0.0,1,4.23,0.02,SPY200619C00339000,339.0,normalDay
2020-06-18,4151.0,-1000.0,0.0,100,311.78,326.0,0,0.0,0.0,,0.0,1,4.23,0.01,SPY200619C00339000,339.0,normalDay
2020-06-19,4574.0,-1736.0,423.0,100,308.64,326.0,0,0.0,0.0,,0.0,1,4.23,0.0,SPY200619C00339000,339.0,expirationDay
2020-06-22,4574.0,-1547.0,0.0,100,310.62,326.0,0,0.0,0.0,,0.0,1,6.17,6.26,SPY201016C00335000,335.0,normalDay
2020-06-23,4574.0,-1418.0,0.0,100,312.05,326.0,0,0.0,0.0,,0.0,1,6.17,6.4,SPY201016C00335000,335.0,normalDay
2020-06-24,4574.0,-2033.0,0.0,100,304.09,326.0,0,0.0,0.0,,0.0,1,6.17,4.59,SPY201016C00335000,335.0,normalDay
2020-06-25,4574.0,-1743.0,0.0,100,307.35,326.0,0,0.0,0.0,,0.0,1,6.17,4.95,SPY201016C00335000,335.0,normalDay
2020-06-26,4574.0,-2337.0,0.0,100,300.05,326.0,0,0.0,0.0,,0.0,1,6.17,3.59,SPY201016C00335000,335.0,normalDay
2020-06-29,4574.0,-1910.0,0.0,100,304.46,326.0,0,0.0,0.0,,0.0,1,6.17,3.73,SPY201016C00335000,335.0,normalDay
2020-06-30,4574.0,-1564.0,0.0,100,308.36,326.0,0,0.0,0.0,,0.0,1,6.17,4.17,SPY201016C00335000,335.0,normalDay
2020-07-01,4574.0,-1388.0,0.0,100,310.52,326.0,0,0.0,0.0,,0.0,1,6.17,4.57,SPY201016C00335000,335.0,normalDay
2020-07-02,4574.0,-1261.0,0.0,100,312.23,326.0,0,0.0,0.0,,0.0,1,6.17,5.01,SPY201016C00335000,335.0,normalDay
2020-07-06,4574.0,-924.0,0.0,100,317.05,326.0,0,0.0,0.0,,0.0,1,6.17,6.46,SPY201016C00335000,335.0,normalDay
2020-07-07,4574.0,-1154.0,0.0,100,313.78,326.0,0,0.0,0.0,,0.0,1,6.17,5.49,SPY201016C00335000,335.0,normalDay
2020-07-08,4574.0,-966.0,0.0,100,316.18,326.0,0,0.0,0.0,,0.0,1,6.17,6.01,SPY201016C00335000,335.0,normalDay
2020-07-09,4574.0,-1096.0,0.0,100,314.38,326.0,0,0.0,0.0,,0.0,1,6.17,5.51,SPY201016C00335000,335.0,normalDay
2020-07-10,4574.0,-867.0,0.0,100,317.59,326.0,0,0.0,0.0,,0.0,1,6.17,6.43,SPY201016C00335000,335.0,normalDay
2020-07-13,4574.0,-1124.0,0.0,100,314.84,326.0,0,0.0,0.0,,0.0,1,6.17,6.25,SPY201016C00335000,335.0,normalDay
2020-07-14,4574.0,-791.0,0.0,100,318.92,326.0,0,0.0,0.0,,0.0,1,6.17,7.0,SPY201016C00335000,335.0,normalDay
2020-07-15,4574.0,-615.0,0.0,100,321.85,326.0,0,0.0,0.0,,0.0,1,6.17,8.17,SPY201016C00335000,335.0,normalDay
2020-07-16,4574.0,-614.0,0.0,100,320.79,326.0,0,0.0,0.0,,0.0,1,6.17,7.1,SPY201016C00335000,335.0,normalDay
2020-07-17,4574.0,-550.0,0.0,100,321.72,326.0,0,0.0,0.0,,0.0,1,6.17,7.39,SPY201016C00335000,335.0,normalDay
2020-07-20,4574.0,-327.0,0.0,100,324.32,326.0,0,0.0,0.0,,0.0,1,6.17,7.76,SPY201016C00335000,335.0,normalDay
2020-07-21,4574.0,-290.0,0.0,100,325.01,326.0,0,0.0,0.0,,0.0,1,6.17,8.08,SPY201016C00335000,335.0,normalDay
2020-07-22,4574.0,-147.0,0.0,100,326.86,326.0,0,0.0,0.0,,0.0,1,6.17,8.5,SPY201016C00335000,335.0,normalDay
2020-07-23,4574.0,-371.0,0.0,100,322.96,326.0,0,0.0,0.0,,0.0,1,6.17,6.84,SPY201016C00335000,335.0,normalDay
2020-07-24,4574.0,-518.0,0.0,100,320.88,326.0,0,0.0,0.0,,0.0,1,6.17,6.23,SPY201016C00335000,335.0,normalDay
2020-07-27,4574.0,-329.0,0.0,100,323.22,326.0,0,0.0,0.0,,0.0,1,6.17,6.68,SPY201016C00335000,335.0,normalDay
2020-07-28,4574.0,-455.0,0.0,100,321.17,326.0,0,0.0,0.0,,0.0,1,6.17,5.89,SPY201016C00335000,335.0,normalDay
2020-07-29,4574.0,-192.0,0.0,100,325.12,326.0,0,0.0,0.0,,0.0,1,6.17,7.21,SPY201016C00335000,335.0,normalDay
2020-07-30,4574.0,-306.0,0.0,100,323.96,326.0,0,0.0,0.0,,0.0,1,6.17,7.19,SPY201016C00335000,335.0,normalDay
2020-07-31,4574.0,-135.0,0.0,100,326.52,326.0,0,0.0,0.0,,0.0,1,6.17,8.04,SPY201016C00335000,335.0,normalDay
2020-08-03,4574.0,19.0,0.0,100,328.79,326.0,0,0.0,0.0,,0.0,1,6.17,8.77,SPY201016C00335000,335.0,normalDay
2020-08-04,4574.0,119.0,0.0,100,330.06,326.0,0,0.0,0.0,,0.0,1,6.17,9.04,SPY201016C00335000,335.0,normalDay
2020-08-05,4574.0,251.0,0.0,100,332.11,326.0,0,0.0,0.0,,0.0,1,6.17,9.77,SPY201016C00335000,335.0,normalDay
2020-08-06,4574.0,359.0,0.0,100,334.33,326.0,0,0.0,0.0,,0.0,1,6.17,10.91,SPY201016C00335000,335.0,normalDay
2020-08-07,4574.0,391.0,0.0,100,334.57,326.0,0,0.0,0.0,,0.0,1,6.17,10.83,SPY201016C00335000,335.0,normalDay
2020-08-10,4574.0,475.0,0.0,100,335.57,326.0,0,0.0,0.0,,0.0,1,6.17,10.99,SPY201016C00335000,335.0,normalDay
2020-08-11,4574.0,295.0,0.0,100,332.8,326.0,0,0.0,0.0,,0.0,1,6.17,10.02,SPY201016C00335000,335.0,normalDay
2020-08-12,4574.0,561.0,0.0,100,337.44,326.0,0,0.0,0.0,,0.0,1,6.17,12.0,SPY201016C00335000,335.0,normalDay
2020-08-13,4574.0,546.0,0.0,100,336.83,326.0,0,0.0,0.0,,0.0,1,6.17,11.54,SPY201016C00335000,335.0,normalDay
2020-08-14,4574.0,564.0,0.0,100,336.84,326.0,0,0.0,0.0,,0.0,1,6.17,11.37,SPY201016C00335000,335.0,normalDay
2020-08-17,4574.0,660.0,0.0,100,337.91,326.0,0,0.0,0.0,,0.0,1,6.17,11.48,SPY201016C00335000,335.0,normalDay
2020-08-18,4574.0,695.0,0.0,100,338.64,326.0,0,0.0,0.0,,0.0,1,6.17,11.86,SPY201016C00335000,335.0,normalDay
2020-08-19,4574.0,631.0,0.0,100,337.23,326.0,0,0.0,0.0,,0.0,1,6.17,11.09,SPY201016C00335000,335.0,normalDay
2020-08-20,4574.0,704.0,0.0,100,338.28,326.0,0,0.0,0.0,,0.0,1,6.17,11.41,SPY201016C00335000,335.0,normalDay
2020-08-21,4574.0,747.0,0.0,100,339.48,326.0,0,0.0,0.0,,0.0,1,6.17,12.18,SPY201016C00335000,335.0,normalDay
2020-08-24,4574.0,890.0,0.0,100,342.92,326.0,0,0.0,0.0,,0.0,1,6.17,14.19,SPY201016C00335000,335.0,normalDay
2020-08-25,4574.0,922.0,0.0,100,344.12,326.0,0,0.0,0.0,,0.0,1,6.17,15.07,SPY201016C00335000,335.0,normalDay
2020-08-26,4574.0,968.0,0.0,100,347.57,326.0,0,0.0,0.0,,0.0,1,6.17,18.06,SPY201016C00335000,335.0,normalDay
2020-08-27,4574.0,949.0,0.0,100,348.33,326.0,0,0.0,0.0,,0.0,1,6.17,19.01,SPY201016C00335000,335.0,normalDay
2020-08-28,4574.0,1076.0,0.0,100,350.58,326.0,0,0.0,0.0,,0.0,1,6.17,19.99,SPY201016C00335000,335.0,normalDay
2020-08-31,4574.0,944.0,0.0,100,349.31,326.0,0,0.0,0.0,,0.0,1,6.17,20.04,SPY201016C00335000,335.0,normalDay
2020-09-01,4574.0,1063.0,0.0,100,352.6,326.0,0,0.0,0.0,,0.0,1,6.17,22.14,SPY201016C00335000,335.0,normalDay
2020-09-02,4574.0,1127.0,0.0,100,357.7,326.0,0,0.0,0.0,,0.0,1,6.17,26.6,SPY201016C00335000,335.0,normalDay
2020-09-03,4574.0,652.0,0.0,100,345.39,326.0,0,0.0,0.0,,0.0,1,6.17,19.04,SPY201016C00335000,335.0,normalDay
2020-09-04,4574.0,752.0,0.0,100,342.57,326.0,0,0.0,0.0,,0.0,1,6.17,15.22,SPY201016C00335000,335.0,normalDay
2020-09-08,4574.0,397.0,0.0,100,333.21,326.0,0,0.0,0.0,,0.0,1,6.17,9.41,SPY201016C00335000,335.0,normalDay
2020-09-09,4574.0,763.0,0.0,100,339.79,326.0,0,0.0,0.0,,0.0,1,6.17,12.33,SPY201016C00335000,335.0,normalDay
2020-09-10,4574.0,492.0,0.0,100,333.89,326.0,0,0.0,0.0,,0.0,1,6.17,9.14,SPY201016C00335000,335.0,normalDay
2020-09-11,4574.0,630.0,0.0,100,334.06,326.0,0,0.0,0.0,,0.0,1,6.17,7.93,SPY201016C00335000,335.0,normalDay
2020-09-14,4574.0,838.0,0.0,100,338.46,326.0,0,0.0,0.0,,0.0,1,6.17,10.25,SPY201016C00335000,335.0,normalDay
2020-09-15,4574.0,912.0,0.0,100,340.17,326.0,0,0.0,0.0,,0.0,1,6.17,11.22,SPY201016C00335000,335.0,normalDay
2020-09-16,4574.0,903.0,0.0,100,338.82,326.0,0,0.0,0.0,,0.0,1,6.17,9.96,SPY201016C00335000,335.0,normalDay
2020-09-17,4574.0,777.0,0.0,100,335.84,326.0,0,0.0,0.0,,0.0,1,6.17,8.24,SPY201016C00335000,335.0,normalDay
2020-09-18,4574.0,506.0,0.0,100,330.65,326.0,0,0.0,0.0,,0.0,1,6.17,5.76,SPY201016C00335000,335.0,normalDay
2020-09-21,4574.0,285.0,0.0,100,326.97,326.0,0,0.0,0.0,,0.0,1,6.17,4.29,SPY201016C00335000,335.0,normalDay
2020-09-22,4574.0,538.0,0.0,100,330.3,326.0,0,0.0,0.0,,0.0,1,6.17,5.09,SPY201016C00335000,335.0,normalDay
2020-09-23,4574.0,27.0,0.0,100,322.64,326.0,0,0.0,0.0,,0.0,1,6.17,2.54,SPY201016C00335000,335.0,normalDay
2020-09-24,4574.0,102.0,0.0,100,323.5,326.0,0,0.0,0.0,,0.0,1,6.17,2.65,SPY201016C00335000,335.0,normalDay
2020-09-25,4574.0,510.0,0.0,100,328.73,326.0,0,0.0,0.0,,0.0,1,6.17,3.8,SPY201016C00335000,335.0,normalDay
2020-09-28,4574.0,809.0,0.0,100,334.19,326.0,0,0.0,0.0,,0.0,1,6.17,6.27,SPY201016C00335000,335.0,normalDay
2020-09-29,4574.0,684.0,0.0,100,332.37,326.0,0,0.0,0.0,,0.0,1,6.17,5.7,SPY201016C00335000,335.0,normalDay
2020-09-30,4574.0,923.0,0.0,100,334.89,326.0,0,0.0,0.0,,0.0,1,6.17,5.83,SPY201016C00335000,335.0,normalDay
2020-10-01,4574.0,961.0,0.0,100,337.04,326.0,0,0.0,0.0,,0.0,1,6.17,7.6,SPY201016C00335000,335.0,normalDay
2020-10-02,4574.0,850.0,0.0,100,333.84,326.0,0,0.0,0.0,,0.0,1,6.17,5.51,SPY201016C00335000,335.0,normalDay
2020-10-05,4574.0,1187.0,0.0,100,339.76,326.0,0,0.0,0.0,,0.0,1,6.17,8.06,SPY201016C00335000,335.0,normalDay
2020-10-06,4574.0,978.0,0.0,100,334.93,326.0,0,0.0,0.0,,0.0,1,6.17,5.32,SPY201016C00335000,335.0,normalDay
2020-10-07,4574.0,1278.0,0.0,100,340.76,326.0,0,0.0,0.0,,0.0,1,6.17,8.15,SPY201016C00335000,335.0,normalDay
2020-10-08,4574.0,1404.0,0.0,100,343.78,326.0,0,0.0,0.0,,0.0,1,6.17,9.91,SPY201016C00335000,335.0,normalDay
2020-10-09,4574.0,1451.0,0.0,100,346.85,326.0,0,0.0,0.0,,0.0,1,6.17,12.51,SPY201016C00335000,335.0,normalDay
2020-10-12,4574.0,1490.0,0.0,100,352.43,326.0,0,0.0,0.0,,0.0,1,6.17,17.7,SPY201016C00335000,335.0,normalDay
2020-10-13,4574.0,1492.0,0.0,100,350.13,326.0,0,0.0,0.0,,0.0,1,6.17,15.38,SPY201016C00335000,335.0,normalDay
2020-10-14,4574.0,1500.0,0.0,100,347.93,326.0,0,0.0,0.0,,0.0,1,6.17,13.1,SPY201016C00335000,335.0,normalDay
2020-10-15,4574.0,1505.0,0.0,100,347.5,326.0,0,0.0,0.0,,0.0,1,6.17,12.62,SPY201016C00335000,335.0,normalDay
2020-10-16,6091.0,1505.0,1517.0,0,347.29,0.0,0,0.0,0.0,,0.0,1,6.17,0.0,SPY201016C00335000,335.0,expirationDay
2020-10-19,6091.0,-3.0,0.0,0,342.01,0.0,1,0.53,0.56,SPY201021P00335000,335.0,0,0.0,0.0,,0.0,normalDay
2020-10-20,6091.0,33.0,0.0,0,343.38,0.0,1,0.53,0.2,SPY201021P00335000,335.0,0,0.0,0.0,,0.0,normalDay
2020-10-21,6144.0,0.0,53.0,0,342.73,0.0,1,0.53,0.0,SPY201021P00335000,335.0,0,0.0,0.0,,0.0,expirationDay
2020-10-22,6144.0,-3.0,0.0,0,344.61,0.0,1,0.25,0.28,SPY201023P00339000,339.0,0,0.0,0.0,,0.0,normalDay
2020-10-23,6169.0,0.0,25.0,0,345.78,0.0,1,0.25,0.0,SPY201023P00339000,339.0,0,0.0,0.0,,0.0,expirationDay
2020-10-26,6169.0,-5.0,0.0,0,339.39,0.0,1,2.83,2.88,SPY201028P00340000,340.0,0,0.0,0.0,,0.0,normalDay
2020-10-27,6169.0,25.0,0.0,0,338.22,0.0,1,2.83,2.58,SPY201028P00340000,340.0,0,0.0,0.0,,0.0,normalDay
2020-10-28,6452.0,-1334.0,283.0,100,326.66,340.0,1,2.83,0.0,SPY201028P00340000,340.0,0,0.0,0.0,,0.0,expirationDay
2020-10-29,6452.0,-1023.0,0.0,100,329.98,340.0,0,0.0,0.0,,0.0,1,5.08,5.29,SPY210319C00367000,367.0,normalDay
2020-10-30,6452.0,-1290.0,0.0,100,326.54,340.0,0,0.0,0.0,,0.0,1,5.08,4.52,SPY210319C00367000,367.0,normalDay
2020-11-02,6452.0,-949.0,0.0,100,330.2,340.0,0,0.0,0.0,,0.0,1,5.08,4.77,SPY210319C00367000,367.0,normalDay
2020-11-03,6452.0,-465.0,0.0,100,336.03,340.0,0,0.0,0.0,,0.0,1,5.08,5.76,SPY210319C00367000,367.0,normalDay
2020-11-04,6452.0,120.0,0.0,100,343.54,340.0,0,0.0,0.0,,0.0,1,5.08,7.42,SPY210319C00367000,367.0,normalDay
2020-11-05,6452.0,512.0,0.0,100,350.24,340.0,0,0.0,0.0,,0.0,1,5.08,10.2,SPY210319C00367000,367.0,normalDay
2020-11-06,6452.0,576.0,0.0,100,350.16,340.0,0,0.0,0.0,,0.0,1,5.08,9.48,SPY210319C00367000,367.0,normalDay
2020-11-09,6452.0,836.0,0.0,100,354.56,340.0,0,0.0,0.0,,0.0,1,5.08,11.28,SPY210319C00367000,367.0,normalDay
2020-11-10,6452.0,870.0,0.0,100,354.04,340.0,0,0.0,0.0,,0.0,1,5.08,10.42,SPY210319C00367000,367.0,normalDay
2020-11-11,6452.0,1053.0,0.0,100,356.67,340.0,0,0.0,0.0,,0.0,1,5.08,11.22,SPY210319C00367000,367.0,normalDay
2020-11-12,6452.0,828.0,0.0,100,353.21,340.0,0,0.0,0.0,,0.0,1,5.08,10.01,SPY210319C00367000,367.0,normalDay
2020-11-13,6452.0,1149.0,0.0,100,358.1,340.0,0,0.0,0.0,,0.0,1,5.08,11.69,SPY210319C00367000,367.0,normalDay
2020-11-16,6452.0,1390.0,0.0,100,362.57,340.0,0,0.0,0.0,,0.0,1,5.08,13.75,SPY210319C00367000,367.0,normalDay
2020-11-17,6452.0,1297.0,0.0,100,360.62,340.0,0,0.0,0.0,,0.0,1,5.08,12.73,SPY210319C00367000,367.0,normalDay
2020-11-18,6452.0,1054.0,0.0,100,356.28,340.0,0,0.0,0.0,,0.0,1,5.08,10.82,SPY210319C00367000,367.0,normalDay
2020-11-19,6452.0,1168.0,0.0,100,357.78,340.0,0,0.0,0.0,,0.0,1,5.08,11.18,SPY210319C00367000,367.0,normalDay
2020-11-20,6452.0,1051.0,0.0,100,355.33,340.0,0,0.0,0.0,,0.0,1,5.08,9.9,SPY210319C00367000,367.0,normalDay
2020-11-23,6452.0,1217.0,0.0,100,357.46,340.0,0,0.0,0.0,,0.0,1,5.08,10.37,SPY210319C00367000,367.0,normalDay
2020-11-24,6452.0,1508.0,0.0,100,363.22,340.0,0,0.0,0.0,,0.0,1,5.08,13.22,SPY210319C00367000,367.0,normalDay
2020-11-25,6452.0,1531.0,0.0,100,362.66,340.0,0,0.0,0.0,,0.0,1,5.08,12.43,SPY210319C00367000,367.0,normalDay
2020-11-27,6452.0,1570.0,0.0,100,363.67,340.0,0,0.0,0.0,,0.0,1,5.08,13.05,SPY210319C00367000,367.0,normalDay
2020-11-30,6452.0,1489.0,0.0,100,362.06,340.0,0,0.0,0.0,,0.0,1,5.08,12.25,SPY210319C00367000,367.0,normalDay
2020-12-01,6452.0,1683.0,0.0,100,366.02,340.0,0,0.0,0.0,,0.0,1,5.08,14.27,SPY210319C00367000,367.0,normalDay
2020-12-02,6452.0,1705.0,0.0,100,366.79,340.0,0,0.0,0.0,,0.0,1,5.08,14.82,SPY210319C00367000,367.0,normalDay
2020-12-03,6452.0,1728.0,0.0,100,366.69,340.0,0,0.0,0.0,,0.0,1,5.08,14.49,SPY210319C00367000,367.0,normalDay
2020-12-04,6452.0,1892.0,0.0,100,369.85,340.0,0,0.0,0.0,,0.0,1,5.08,16.01,SPY210319C00367000,367.0,normalDay
2020-12-07,6452.0,1861.0,0.0,100,369.09,340.0,0,0.0,0.0,,0.0,1,5.08,15.56,SPY210319C00367000,367.0,normalDay
2020-12-08,6452.0,1922.0,0.0,100,370.17,340.0,0,0.0,0.0,,0.0,1,5.08,16.03,SPY210319C00367000,367.0,normalDay
2020-12-09,6452.0,1759.0,0.0,100,366.85,340.0,0,0.0,0.0,,0.0,1,5.08,14.34,SPY210319C00367000,367.0,normalDay
2020-12-10,6452.0,1757.0,0.0,100,366.73,340.0,0,0.0,0.0,,0.0,1,5.08,14.24,SPY210319C00367000,367.0,normalDay
2020-12-11,6452.0,1707.0,0.0,100,366.3,340.0,0,0.0,0.0,,0.0,1,5.08,14.31,SPY210319C00367000,367.0,normalDay
2020-12-14,6452.0,1596.0,0.0,100,364.66,340.0,0,0.0,0.0,,0.0,1,5.08,13.78,SPY210319C00367000,367.0,normalDay
2020-12-15,6452.0,1895.0,0.0,100,369.59,340.0,0,0.0,0.0,,0.0,1,5.08,15.72,SPY210319C00367000,367.0,normalDay
2020-12-16,6452.0,1935.0,0.0,100,370.17,340.0,0,0.0,0.0,,0.0,1,5.08,15.9,SPY210319C00367000,367.0,normalDay
2020-12-17,6452.0,2037.0,0.0,100,372.24,340.0,0,0.0,0.0,,0.0,1,5.08,16.95,SPY210319C00367000,367.0,normalDay
2020-12-18,6452.0,1774.0,0.0,100,369.18,340.0,0,0.0,0.0,,0.0,1,5.08,16.52,SPY210319C00367000,367.0,normalDay
2020-12-21,6452.0,1716.0,0.0,100,367.86,340.0,0,0.0,0.0,,0.0,1,5.08,15.78,SPY210319C00367000,367.0,normalDay
2020-12-22,6452.0,1734.0,0.0,100,367.24,340.0,0,0.0,0.0,,0.0,1,5.08,14.98,SPY210319C00367000,367.0,normalDay
2020-12-23,6452.0,1819.0,0.0,100,367.57,340.0,0,0.0,0.0,,0.0,1,5.08,14.46,SPY210319C00367000,367.0,normalDay
2020-12-24,6452.0,1923.0,0.0,100,369.0,340.0,0,0.0,0.0,,0.0,1,5.08,14.85,SPY210319C00367000,367.0,normalDay
2020-12-28,6452.0,2046.0,0.0,100,372.17,340.0,0,0.0,0.0,,0.0,1,5.08,16.79,SPY210319C00367000,367.0,normalDay
2020-12-29,6452.0,1966.0,0.0,100,371.46,340.0,0,0.0,0.0,,0.0,1,5.08,16.88,SPY210319C00367000,367.0,normalDay
2020-12-30,6452.0,2039.0,0.0,100,371.99,340.0,0,0.0,0.0,,0.0,1,5.08,16.68,SPY210319C00367000,367.0,normalDay
2020-12-31,6452.0,2075.0,0.0,100,373.88,340.0,0,0.0,0.0,,0.0,1,5.08,18.21,SPY210319C00367000,367.0,normalDay
2021-01-04,6452.0,1826.0,0.0,100,368.79,340.0,0,0.0,0.0,,0.0,1,5.08,15.61,SPY210319C00367000,367.0,normalDay
2021-01-05,6452.0,1990.0,0.0,100,371.33,340.0,0,0.0,0.0,,0.0,1,5.08,16.51,SPY210319C00367000,367.0,normalDay
2021-01-06,6452.0,2049.0,0.0,100,373.55,340.0,0,0.0,0.0,,0.0,1,5.08,18.14,SPY210319C00367000,367.0,normalDay
2021-01-07,6452.0,2331.0,0.0,100,379.1,340.0,0,0.0,0.0,,0.0,1,5.08,20.87,SPY210319C00367000,367.0,normalDay
2021-01-08,6452.0,2362.0,0.0,100,381.26,340.0,0,0.0,0.0,,0.0,1,5.08,22.72,SPY210319C00367000,367.0,normalDay
2021-01-11,6452.0,2232.0,0.0,100,378.69,340.0,0,0.0,0.0,,0.0,1,5.08,21.45,SPY210319C00367000,367.0,normalDay
2021-01-12,6452.0,2309.0,0.0,100,378.77,340.0,0,0.0,0.0,,0.0,1,5.08,20.76,SPY210319C00367000,367.0,normalDay
2021-01-13,6452.0,2356.0,0.0,100,379.79,340.0,0,0.0,0.0,,0.0,1,5.08,21.31,SPY210319C00367000,367.0,normalDay
2021-01-14,6452.0,2304.0,0.0,100,378.46,340.0,0,0.0,0.0,,0.0,1,5.08,20.5,SPY210319C00367000,367.0,normalDay
2021-01-15,6452.0,2267.0,0.0,100,375.7,340.0,0,0.0,0.0,,0.0,1,5.08,18.11,SPY210319C00367000,367.0,normalDay
2021-01-19,6452.0,2366.0,0.0,100,378.65,340.0,0,0.0,0.0,,0.0,1,5.08,20.07,SPY210319C00367000,367.0,normalDay
2021-01-20,6452.0,2536.0,0.0,100,383.89,340.0,0,0.0,0.0,,0.0,1,5.08,23.61,SPY210319C00367000,367.0,normalDay
2021-01-21,6452.0,2565.0,0.0,100,384.24,340.0,0,0.0,0.0,,0.0,1,5.08,23.67,SPY210319C00367000,367.0,normalDay
2021-01-22,6452.0,2527.0,0.0,100,382.88,340.0,0,0.0,0.0,,0.0,1,5.08,22.69,SPY210319C00367000,367.0,normalDay
2021-01-25,6452.0,2547.0,0.0,100,384.39,340.0,0,0.0,0.0,,0.0,1,5.08,24.0,SPY210319C00367000,367.0,normalDay
2021-01-26,6452.0,2489.0,0.0,100,383.79,340.0,0,0.0,0.0,,0.0,1,5.08,23.98,SPY210319C00367000,367.0,normalDay
2021-01-27,6452.0,2037.0,0.0,100,374.41,340.0,0,0.0,0.0,,0.0,1,5.08,19.12,SPY210319C00367000,367.0,normalDay
2021-01-28,6452.0,2197.0,0.0,100,377.63,340.0,0,0.0,0.0,,0.0,1,5.08,20.74,SPY210319C00367000,367.0,normalDay
2021-01-29,6452.0,1891.0,0.0,100,370.07,340.0,0,0.0,0.0,,0.0,1,5.08,16.24,SPY210319C00367000,367.0,normalDay
2021-02-01,6452.0,2263.0,0.0,100,376.23,340.0,0,0.0,0.0,,0.0,1,5.08,18.68,SPY210319C00367000,367.0,normalDay
2021-02-02,6452.0,2449.0,0.0,100,381.55,340.0,0,0.0,0.0,,0.0,1,5.08,22.14,SPY210319C00367000,367.0,normalDay
2021-02-03,6452.0,2546.0,0.0,100,381.85,340.0,0,0.0,0.0,,0.0,1,5.08,21.47,SPY210319C00367000,367.0,normalDay
2021-02-04,6452.0,2729.0,0.0,100,386.19,340.0,0,0.0,0.0,,0.0,1,5.08,23.98,SPY210319C00367000,367.0,normalDay
2021-02-05,6452.0,2772.0,0.0,100,387.71,340.0,0,0.0,0.0,,0.0,1,5.08,25.07,SPY210319C00367000,367.0,normalDay
2021-02-08,6452.0,2848.0,0.0,100,390.51,340.0,0,0.0,0.0,,0.0,1,5.08,27.11,SPY210319C00367000,367.0,normalDay
2021-02-09,6452.0,2813.0,0.0,100,390.25,340.0,0,0.0,0.0,,0.0,1,5.08,27.2,SPY210319C00367000,367.0,normalDay
2021-02-10,6452.0,2828.0,0.0,100,390.08,340.0,0,0.0,0.0,,0.0,1,5.08,26.88,SPY210319C00367000,367.0,normalDay
2021-02-11,6452.0,2898.0,0.0,100,390.71,340.0,0,0.0,0.0,,0.0,1,5.08,26.81,SPY210319C00367000,367.0,normalDay
2021-02-12,6452.0,2911.0,0.0,100,392.64,340.0,0,0.0,0.0,,0.0,1,5.08,28.61,SPY210319C00367000,367.0,normalDay
2021-02-16,6452.0,2948.0,0.0,100,392.3,340.0,0,0.0,0.0,,0.0,1,5.08,27.9,SPY210319C00367000,367.0,normalDay
2021-02-17,6452.0,2970.0,0.0,100,392.39,340.0,0,0.0,0.0,,0.0,1,5.08,27.77,SPY210319C00367000,367.0,normalDay
2021-02-18,6452.0,2934.0,0.0,100,390.72,340.0,0,0.0,0.0,,0.0,1,5.08,26.46,SPY210319C00367000,367.0,normalDay
2021-02-19,6452.0,2960.0,0.0,100,390.03,340.0,0,0.0,0.0,,0.0,1,5.08,25.51,SPY210319C00367000,367.0,normalDay
2021-02-22,6452.0,2898.0,0.0,100,387.03,340.0,0,0.0,0.0,,0.0,1,5.08,23.13,SPY210319C00367000,367.0,normalDay
2021-02-23,6452.0,2943.0,0.0,100,387.5,340.0,0,0.0,0.0,,0.0,1,5.08,23.15,SPY210319C00367000,367.0,normalDay
2021-02-24,6452.0,3016.0,0.0,100,391.77,340.0,0,0.0,0.0,,0.0,1,5.08,26.69,SPY210319C00367000,367.0,normalDay
2021-02-25,6452.0,2661.0,0.0,100,382.33,340.0,0,0.0,0.0,,0.0,1,5.08,20.8,SPY210319C00367000,367.0,normalDay
2021-02-26,6452.0,2711.0,0.0,100,380.36,340.0,0,0.0,0.0,,0.0,1,5.08,18.33,SPY210319C00367000,367.0,normalDay
2021-03-01,6452.0,3033.0,0.0,100,389.58,340.0,0,0.0,0.0,,0.0,1,5.08,24.33,SPY210319C00367000,367.0,normalDay
2021-03-02,6452.0,2988.0,0.0,100,386.54,340.0,0,0.0,0.0,,0.0,1,5.08,21.74,SPY210319C00367000,367.0,normalDay
2021-03-03,6452.0,2887.0,0.0,100,381.42,340.0,0,0.0,0.0,,0.0,1,5.08,17.63,SPY210319C00367000,367.0,normalDay
2021-03-04,6452.0,2737.0,0.0,100,376.7,340.0,0,0.0,0.0,,0.0,1,5.08,14.41,SPY210319C00367000,367.0,normalDay
2021-03-05,6452.0,2979.0,0.0,100,383.63,340.0,0,0.0,0.0,,0.0,1,5.08,18.92,SPY210319C00367000,367.0,normalDay
2021-03-08,6452.0,2940.0,0.0,100,381.72,340.0,0,0.0,0.0,,0.0,1,5.08,17.4,SPY210319C00367000,367.0,normalDay
2021-03-09,6452.0,3091.0,0.0,100,387.17,340.0,0,0.0,0.0,,0.0,1,5.08,21.34,SPY210319C00367000,367.0,normalDay
2021-03-10,6452.0,3097.0,0.0,100,389.58,340.0,0,0.0,0.0,,0.0,1,5.08,23.69,SPY210319C00367000,367.0,normalDay
2021-03-11,6452.0,3195.0,0.0,100,393.53,340.0,0,0.0,0.0,,0.0,1,5.08,26.66,SPY210319C00367000,367.0,normalDay
2021-03-12,6452.0,3166.0,0.0,100,394.06,340.0,0,0.0,0.0,,0.0,1,5.08,27.48,SPY210319C00367000,367.0,normalDay
2021-03-15,6452.0,3165.0,0.0,100,396.41,340.0,0,0.0,0.0,,0.0,1,5.08,29.84,SPY210319C00367000,367.0,normalDay
2021-03-16,6452.0,3172.0,0.0,100,395.91,340.0,0,0.0,0.0,,0.0,1,5.08,29.27,SPY210319C00367000,367.0,normalDay
2021-03-17,6452.0,3215.0,0.0,100,397.26,340.0,0,0.0,0.0,,0.0,1,5.08,30.19,SPY210319C00367000,367.0,normalDay
2021-03-18,6452.0,3105.0,0.0,100,391.48,340.0,0,0.0,0.0,,0.0,1,5.08,25.51,SPY210319C00367000,367.0,normalDay
2021-03-19,9660.0,3105.0,3208.0,0,389.48,0.0,0,0.0,0.0,,0.0,1,5.08,0.0,SPY210319C00367000,367.0,expirationDay
2021-03-22,9660.0,-3.0,0.0,0,392.59,0.0,1,0.22,0.25,SPY210324P00386000,386.0,0,0.0,0.0,,0.0,normalDay
2021-03-23,9660.0,-15.0,0.0,0,389.5,0.0,1,0.22,0.37,SPY210324P00386000,386.0,0,0.0,0.0,,0.0,normalDay
2021-03-24,9682.0,0.0,22.0,0,387.52,0.0,1,0.22,0.0,SPY210324P00386000,386.0,0,0.0,0.0,,0.0,expirationDay
2021-03-25,9682.0,-3.0,0.0,0,389.7,0.0,1,0.35,0.38,SPY210326P00386000,386.0,0,0.0,0.0,,0.0,normalDay
2021-03-26,9717.0,0.0,35.0,0,395.98,0.0,1,0.35,0.0,SPY210326P00386000,386.0,0,0.0,0.0,,0.0,expirationDay
2021-03-29,9717.0,-3.0,0.0,0,395.78,0.0,1,0.59,0.62,SPY210401P00387500,387.5,0,0.0,0.0,,0.0,normalDay
2021-03-30,9717.0,21.0,0.0,0,394.73,0.0,1,0.59,0.38,SPY210401P00387500,387.5,0,0.0,0.0,,0.0,normalDay
2021-03-31,9717.0,53.0,0.0,0,396.33,0.0,1,0.59,0.06,SPY210401P00387500,387.5,0,0.0,0.0,,0.0,normalDay
2021-04-01,9776.0,0.0,59.0,0,400.61,0.0,1,0.59,0.0,SPY210401P00387500,387.5,0,0.0,0.0,,0.0,expirationDay
2021-04-05,9776.0,-3.0,0.0,0,406.36,0.0,1,0.03,0.06,SPY210407P00391000,391.0,0,0.0,0.0,,0.0,normalDay
2021-04-06,9776.0,0.0,0.0,0,406.12,0.0,1,0.03,0.03,SPY210407P00391000,391.0,0,0.0,0.0,,0.0,normalDay
2021-04-07,9779.0,0.0,3.0,0,406.59,0.0,1,0.03,0.0,SPY210407P00391000,391.0,0,0.0,0.0,,0.0,expirationDay
2021-04-08,9779.0,0.0,0.0,0,408.52,0.0,0,0.0,0.0,,0.0,0,0.0,0.0,,0.0,bidTooLow
2021-04-09,9779.0,0.0,0.0,0,411.49,0.0,0,0.0,0.0,,0.0,0,0.0,0.0,,0.0,bidTooLow
2021-04-12,9779.0,-3.0,0.0,0,411.64,0.0,1,0.01,0.04,SPY210414P00395000,395.0,0,0.0,0.0,,0.0,normalDay
2021-04-13,9779.0,-1.0,0.0,0,412.86,0.0,1,0.01,0.02,SPY210414P00395000,395.0,0,0.0,0.0,,0.0,normalDay
2021-04-14,9780.0,0.0,1.0,0,411.45,0.0,1,0.01,0.0,SPY210414P00395000,395.0,0,0.0,0.0,,0.0,expirationDay
2021-04-15,9780.0,0.0,0.0,0,415.87,0.0,0,0.0,0.0,,0.0,0,0.0,0.0,,0.0,bidTooLow
2021-04-16,9780.0,0.0,0.0,0,417.26,0.0,0,0.0,0.0,,0.0,0,0.0,0.0,,0.0,bidTooLow
2021-04-19,9780.0,0.0,0.0,0,415.21,0.0,0,0.0,0.0,,0.0,0,0.0,0.0,,0.0,bidTooLow
2021-04-20,9780.0,-3.0,0.0,0,412.17,0.0,1,0.14,0.17,SPY210423P00400000,400.0,0,0.0,0.0,,0.0,normalDay
2021-04-21,9780.0,12.0,0.0,0,416.07,0.0,1,0.14,0.02,SPY210423P00400000,400.0,0,0.0,0.0,,0.0,normalDay
2021-04-22,9780.0,10.0,0.0,0,412.27,0.0,1,0.14,0.04,SPY210423P00400000,400.0,0,0.0,0.0,,0.0,normalDay
2021-04-23,9794.0,0.0,14.0,0,416.74,0.0,1,0.14,0.0,SPY210423P00400000,400.0,0,0.0,0.0,,0.0,expirationDay
2021-04-26,9794.0,-3.0,0.0,0,417.61,0.0,1,0.04,0.07,SPY210428P00406000,406.0,0,0.0,0.0,,0.0,normalDay
2021-04-27,9794.0,1.0,0.0,0,417.52,0.0,1,0.04,0.03,SPY210428P00406000,406.0,0,0.0,0.0,,0.0,normalDay
2021-04-28,9798.0,0.0,4.0,0,417.4,0.0,1,0.04,0.0,SPY210428P00406000,406.0,0,0.0,0.0,,0.0,expirationDay
2021-04-29,9798.0,-3.0,0.0,0,420.06,0.0,1,0.02,0.05,SPY210430P00411000,411.0,0,0.0,0.0,,0.0,normalDay
2021-04-30,9800.0,0.0,2.0,0,417.3,0.0,1,0.02,0.0,SPY210430P00411000,411.0,0,0.0,0.0,,0.0,expirationDay
2021-05-03,9800.0,-3.0,0.0,0,418.2,0.0,1,0.29,0.32,SPY210505P00413000,413.0,0,0.0,0.0,,0.0,normalDay
2021-05-04,9800.0,-22.0,0.0,0,415.62,0.0,1,0.29,0.51,SPY210505P00413000,413.0,0,0.0,0.0,,0.0,normalDay
2021-05-05,9829.0,0.0,29.0,0,415.75,0.0,1,0.29,0.0,SPY210505P00413000,413.0,0,0.0,0.0,,0.0,expirationDay
2021-05-06,9829.0,-3.0,0.0,0,419.07,0.0,1,0.24,0.27,SPY210507P00415000,415.0,0,0.0,0.0,,0.0,normalDay
2021-05-07,9853.0,0.0,24.0,0,422.12,0.0,1,0.24,0.0,SPY210507P00415000,415.0,0,0.0,0.0,,0.0,expirationDay
2021-05-10,9853.0,-3.0,0.0,0,417.94,0.0,1,1.17,1.2,SPY210512P00415000,415.0,0,0.0,0.0,,0.0,normalDay
2021-05-11,9853.0,-103.0,0.0,0,414.21,0.0,1,1.17,2.2,SPY210512P00415000,415.0,0,0.0,0.0,,0.0,normalDay
2021-05-12,9970.0,-959.0,117.0,100,405.41,415.0,1,1.17,0.0,SPY210512P00415000,415.0,0,0.0,0.0,,0.0,expirationDay
2021-05-13,9970.0,-479.0,0.0,100,410.28,415.0,0,0.0,0.0,,0.0,1,8.14,8.21,SPY210930C00430000,430.0,normalDay
2021-05-14,9970.0,1.0,0.0,100,416.58,415.0,0,0.0,0.0,,0.0,1,8.14,9.71,SPY210930C00430000,430.0,normalDay
2021-05-17,9970.0,-62.0,0.0,100,415.52,415.0,0,0.0,0.0,,0.0,1,8.14,9.28,SPY210930C00430000,430.0,normalDay
2021-05-18,9970.0,-316.0,0.0,100,411.94,415.0,0,0.0,0.0,,0.0,1,8.14,8.24,SPY210930C00430000,430.0,normalDay
2021-05-19,9970.0,-392.0,0.0,100,410.86,415.0,0,0.0,0.0,,0.0,1,8.14,7.92,SPY210930C00430000,430.0,normalDay
2021-05-20,9970.0,-81.0,0.0,100,415.28,415.0,0,0.0,0.0,,0.0,1,8.14,9.23,SPY210930C00430000,430.0,normalDay
2021-05-21,9970.0,-76.0,0.0,100,414.94,415.0,0,0.0,0.0,,0.0,1,8.14,8.84,SPY210930C00430000,430.0,normalDay
2021-05-24,9970.0,254.0,0.0,100,419.17,415.0,0,0.0,0.0,,0.0,1,8.14,9.77,SPY210930C00430000,430.0,normalDay
2021-05-25,9970.0,201.0,0.0,100,418.24,415.0,0,0.0,0.0,,0.0,1,8.14,9.37,SPY210930C00430000,430.0,normalDay
2021-05-26,9970.0,310.0,0.0,100,419.07,415.0,0,0.0,0.0,,0.0,1,8.14,9.11,SPY210930C00430000,430.0,normalDay
2021-05-27,9970.0,347.0,0.0,100,419.29,415.0,0,0.0,0.0,,0.0,1,8.14,8.96,SPY210930C00430000,430.0,normalDay
2021-05-28,9970.0,444.0,0.0,100,420.04,415.0,0,0.0,0.0,,0.0,1,8.14,8.74,SPY210930C00430000,430.0,normalDay
2021-06-01,9970.0,400.0,0.0,100,419.67,415.0,0,0.0,0.0,,0.0,1,8.14,8.81,SPY210930C00430000,430.0,normalDay
2021-06-02,9970.0,450.0,0.0,100,420.33,415.0,0,0.0,0.0,,0.0,1,8.14,8.97,SPY210930C00430000,430.0,normalDay
2021-06-03,9970.0,345.0,0.0,100,418.77,415.0,0,0.0,0.0,,0.0,1,8.14,8.46,SPY210930C00430000,430.0,normalDay
2021-06-04,9970.0,623.0,0.0,100,422.6,415.0,0,0.0,0.0,,0.0,1,8.14,9.51,SPY210930C00430000,430.0,normalDay
2021-06-07,9970.0,613.0,0.0,100,422.19,415.0,0,0.0,0.0,,0.0,1,8.14,9.2,SPY210930C00430000,430.0,normalDay
2021-06-08,9970.0,616.0,0.0,100,422.28,415.0,0,0.0,0.0,,0.0,1,8.14,9.26,SPY210930C00430000,430.0,normalDay
2021-06-09,9970.0,559.0,0.0,100,421.65,415.0,0,0.0,0.0,,0.0,1,8.14,9.2,SPY210930C00430000,430.0,normalDay
2021-06-10,9970.0,754.0,0.0,100,423.61,415.0,0,0.0,0.0,,0.0,1,8.14,9.21,SPY210930C00430000,430.0,normalDay
2021-06-11,9970.0,824.0,0.0,100,424.31,415.0,0,0.0,0.0,,0.0,1,8.14,9.21,SPY210930C00430000,430.0,normalDay
2021-06-14,9970.0,858.0,0.0,100,425.26,415.0,0,0.0,0.0,,0.0,1,8.14,9.82,SPY210930C00430000,430.0,normalDay
2021-06-15,9970.0,816.0,0.0,100,424.48,415.0,0,0.0,0.0,,0.0,1,8.14,9.46,SPY210930C00430000,430.0,normalDay
2021-06-16,9970.0,666.0,0.0,100,422.11,415.0,0,0.0,0.0,,0.0,1,8.14,8.59,SPY210930C00430000,430.0,normalDay
2021-06-17,9970.0,684.0,0.0,100,421.97,415.0,0,0.0,0.0,,0.0,1,8.14,8.27,SPY210930C00430000,430.0,normalDay
2021-06-18,9970.0,158.0,0.0,100,414.92,415.0,0,0.0,0.0,,0.0,1,8.14,6.48,SPY210930C00430000,430.0,normalDay
2021-06-21,9970.0,578.0,0.0,100,420.86,415.0,0,0.0,0.0,,0.0,1,8.14,8.22,SPY210930C00430000,430.0,normalDay
2021-06-22,9970.0,777.0,0.0,100,423.11,415.0,0,0.0,0.0,,0.0,1,8.14,8.48,SPY210930C00430000,430.0,normalDay
2021-06-23,9970.0,775.0,0.0,100,422.6,415.0,0,0.0,0.0,,0.0,1,8.14,7.99,SPY210930C00430000,430.0,normalDay
2021-06-24,9970.0,920.0,0.0,100,425.1,415.0,0,0.0,0.0,,0.0,1,8.14,9.04,SPY210930C00430000,430.0,normalDay
2021-06-25,9970.0,1010.0,0.0,100,426.61,415.0,0,0.0,0.0,,0.0,1,8.14,9.65,SPY210930C00430000,430.0,normalDay
2021-06-28,9970.0,1066.0,0.0,100,427.47,415.0,0,0.0,0.0,,0.0,1,8.14,9.95,SPY210930C00430000,430.0,normalDay
2021-06-29,9970.0,1044.0,0.0,100,427.7,415.0,0,0.0,0.0,,0.0,1,8.14,10.4,SPY210930C00430000,430.0,normalDay
2021-06-30,9970.0,1045.0,0.0,100,428.06,415.0,0,0.0,0.0,,0.0,1,8.14,10.75,SPY210930C00430000,430.0,normalDay
2021-07-01,9970.0,1175.0,0.0,100,430.43,415.0,0,0.0,0.0,,0.0,1,8.14,11.82,SPY210930C00430000,430.0,normalDay
2021-07-02,9970.0,1315.0,0.0,100,433.72,415.0,0,0.0,0.0,,0.0,1,8.14,13.71,SPY210930C00430000,430.0,normalDay
2021-07-06,9970.0,1277.0,0.0,100,432.93,415.0,0,0.0,0.0,,0.0,1,8.14,13.3,SPY210930C00430000,430.0,normalDay
2021-07-07,9970.0,1302.0,0.0,100,434.46,415.0,0,0.0,0.0,,0.0,1,8.14,14.58,SPY210930C00430000,430.0,normalDay
2021-07-08,9970.0,1125.0,0.0,100,430.92,415.0,0,0.0,0.0,,0.0,1,8.14,12.81,SPY210930C00430000,430.0,normalDay
2021-07-09,9970.0,1365.0,0.0,100,435.52,415.0,0,0.0,0.0,,0.0,1,8.14,15.01,SPY210930C00430000,430.0,normalDay
2021-07-12,9970.0,1409.0,0.0,100,437.08,415.0,0,0.0,0.0,,0.0,1,8.14,16.13,SPY210930C00430000,430.0,normalDay
2021-07-13,9970.0,1341.0,0.0,100,435.59,415.0,0,0.0,0.0,,0.0,1,8.14,15.32,SPY210930C00430000,430.0,normalDay
2021-07-14,9970.0,1368.0,0.0,100,436.24,415.0,0,0.0,0.0,,0.0,1,8.14,15.7,SPY210930C00430000,430.0,normalDay
2021-07-15,9970.0,1343.0,0.0,100,434.75,415.0,0,0.0,0.0,,0.0,1,8.14,14.46,SPY210930C00430000,430.0,normalDay
2021-07-16,9970.0,1172.0,0.0,100,431.34,415.0,0,0.0,0.0,,0.0,1,8.14,12.76,SPY210930C00430000,430.0,normalDay
2021-07-19,9970.0,819.0,0.0,100,424.97,415.0,0,0.0,0.0,,0.0,1,8.14,9.92,SPY210930C00430000,430.0,normalDay
2021-07-20,9970.0,1165.0,0.0,100,431.06,415.0,0,0.0,0.0,,0.0,1,8.14,12.55,SPY210930C00430000,430.0,normalDay
2021-07-21,9970.0,1341.0,0.0,100,434.55,415.0,0,0.0,0.0,,0.0,1,8.14,14.28,SPY210930C00430000,430.0,normalDay
2021-07-22,9970.0,1369.0,0.0,100,435.46,415.0,0,0.0,0.0,,0.0,1,8.14,14.91,SPY210930C00430000,430.0,normalDay
2021-07-23,9970.0,1546.0,0.0,100,439.94,415.0,0,0.0,0.0,,0.0,1,8.14,17.62,SPY210930C00430000,430.0,normalDay
2021-07-26,9970.0,1578.0,0.0,100,441.02,415.0,0,0.0,0.0,,0.0,1,8.14,18.38,SPY210930C00430000,430.0,normalDay
2021-07-27,9970.0,1530.0,0.0,100,439.01,415.0,0,0.0,0.0,,0.0,1,8.14,16.85,SPY210930C00430000,430.0,normalDay
2021-07-28,9970.0,1530.0,0.0,100,438.83,415.0,0,0.0,0.0,,0.0,1,8.14,16.67,SPY210930C00430000,430.0,normalDay
2021-07-29,9970.0,1616.0,0.0,100,440.65,415.0,0,0.0,0.0,,0.0,1,8.14,17.63,SPY210930C00430000,430.0,normalDay
2021-07-30,9970.0,1506.0,0.0,100,438.51,415.0,0,0.0,0.0,,0.0,1,8.14,16.59,SPY210930C00430000,430.0,normalDay
2021-08-02,9970.0,1488.0,0.0,100,437.59,415.0,0,0.0,0.0,,0.0,1,8.14,15.85,SPY210930C00430000,430.0,normalDay
2021-08-03,9970.0,1673.0,0.0,100,441.15,415.0,0,0.0,0.0,,0.0,1,8.14,17.56,SPY210930C00430000,430.0,normalDay
2021-08-04,9970.0,1592.0,0.0,100,438.98,415.0,0,0.0,0.0,,0.0,1,8.14,16.2,SPY210930C00430000,430.0,normalDay
2021-08-05,9970.0,1720.0,0.0,100,441.76,415.0,0,0.0,0.0,,0.0,1,8.14,17.7,SPY210930C00430000,430.0,normalDay
2021-08-06,9970.0,1769.0,0.0,100,442.49,415.0,0,0.0,0.0,,0.0,1,8.14,17.94,SPY210930C00430000,430.0,normalDay
2021-08-09,9970.0,1758.0,0.0,100,442.13,415.0,0,0.0,0.0,,0.0,1,8.14,17.69,SPY210930C00430000,430.0,normalDay
2021-08-10,9970.0,1817.0,0.0,100,442.68,415.0,0,0.0,0.0,,0.0,1,8.14,17.65,SPY210930C00430000,430.0,normalDay
2021-08-11,9970.0,1852.0,0.0,100,443.78,415.0,0,0.0,0.0,,0.0,1,8.14,18.4,SPY210930C00430000,430.0,normalDay
2021-08-12,9970.0,1903.0,0.0,100,445.11,415.0,0,0.0,0.0,,0.0,1,8.14,19.22,SPY210930C00430000,430.0,normalDay
2021-08-13,9970.0,1914.0,0.0,100,445.92,415.0,0,0.0,0.0,,0.0,1,8.14,19.92,SPY210930C00430000,430.0,normalDay
2021-08-16,9970.0,1926.0,0.0,100,446.97,415.0,0,0.0,0.0,,0.0,1,8.14,20.85,SPY210930C00430000,430.0,normalDay
2021-08-17,9970.0,1890.0,0.0,100,444.04,415.0,0,0.0,0.0,,0.0,1,8.14,18.28,SPY210930C00430000,430.0,normalDay
2021-08-18,9970.0,1657.0,0.0,100,439.18,415.0,0,0.0,0.0,,0.0,1,8.14,15.75,SPY210930C00430000,430.0,normalDay
2021-08-19,9970.0,1667.0,0.0,100,439.86,415.0,0,0.0,0.0,,0.0,1,8.14,16.33,SPY210930C00430000,430.0,normalDay
2021-08-20,9970.0,1866.0,0.0,100,443.36,415.0,0,0.0,0.0,,0.0,1,8.14,17.84,SPY210930C00430000,430.0,normalDay
2021-08-23,9970.0,1970.0,0.0,100,447.26,415.0,0,0.0,0.0,,0.0,1,8.14,20.7,SPY210930C00430000,430.0,normalDay
2021-08-24,9970.0,2023.0,0.0,100,447.97,415.0,0,0.0,0.0,,0.0,1,8.14,20.88,SPY210930C00430000,430.0,normalDay
2021-08-25,9970.0,2050.0,0.0,100,448.91,415.0,0,0.0,0.0,,0.0,1,8.14,21.55,SPY210930C00430000,430.0,normalDay
2021-08-26,9970.0,1960.0,0.0,100,446.26,415.0,0,0.0,0.0,,0.0,1,8.14,19.8,SPY210930C00430000,430.0,normalDay
2021-08-27,9970.0,2100.0,0.0,100,450.25,415.0,0,0.0,0.0,,0.0,1,8.14,22.39,SPY210930C00430000,430.0,normalDay
2021-08-30,9970.0,2147.0,0.0,100,452.23,415.0,0,0.0,0.0,,0.0,1,8.14,23.9,SPY210930C00430000,430.0,normalDay
2021-08-31,9970.0,2103.0,0.0,100,451.56,415.0,0,0.0,0.0,,0.0,1,8.14,23.67,SPY210930C00430000,430.0,normalDay
2021-09-01,9970.0,2142.0,0.0,100,451.8,415.0,0,0.0,0.0,,0.0,1,8.14,23.52,SPY210930C00430000,430.0,normalDay
2021-09-02,9970.0,2173.0,0.0,100,453.19,415.0,0,0.0,0.0,,0.0,1,8.14,24.6,SPY210930C00430000,430.0,normalDay
2021-09-03,9970.0,2198.0,0.0,100,453.08,415.0,0,0.0,0.0,,0.0,1,8.14,24.24,SPY210930C00430000,430.0,normalDay
2021-09-07,9970.0,2191.0,0.0,100,451.46,415.0,0,0.0,0.0,,0.0,1,8.14,22.69,SPY210930C00430000,430.0,normalDay
2021-09-08,9970.0,2200.0,0.0,100,450.91,415.0,0,0.0,0.0,,0.0,1,8.14,22.05,SPY210930C00430000,430.0,normalDay
2021-09-09,9970.0,2177.0,0.0,100,448.98,415.0,0,0.0,0.0,,0.0,1,8.14,20.35,SPY210930C00430000,430.0,normalDay
2021-09-10,9970.0,2044.0,0.0,100,445.44,415.0,0,0.0,0.0,,0.0,1,8.14,18.14,SPY210930C00430000,430.0,normalDay
2021-09-13,9970.0,2124.0,0.0,100,446.58,415.0,0,0.0,0.0,,0.0,1,8.14,18.48,SPY210930C00430000,430.0,normalDay
2021-09-14,9970.0,2149.0,0.0,100,444.17,415.0,0,0.0,0.0,,0.0,1,8.14,15.82,SPY210930C00430000,430.0,normalDay
2021-09-15,9970.0,2258.0,0.0,100,447.88,415.0,0,0.0,0.0,,0.0,1,8.14,18.44,SPY210930C00430000,430.0,normalDay
2021-09-16,9970.0,2314.0,0.0,100,447.17,415.0,0,0.0,0.0,,0.0,1,8.14,17.17,SPY210930C00430000,430.0,normalDay
2021-09-17,9970.0,2084.0,0.0,100,441.4,415.0,0,0.0,0.0,,0.0,1,8.14,13.7,SPY210930C00430000,430.0,normalDay
2021-09-20,9970.0,1820.0,0.0,100,434.04,415.0,0,0.0,0.0,,0.0,1,8.14,8.98,SPY210930C00430000,430.0,normalDay
2021-09-21,9970.0,1881.0,0.0,100,433.63,415.0,0,0.0,0.0,,0.0,1,8.14,7.96,SPY210930C00430000,430.0,normalDay
2021-09-22,9970.0,2095.0,0.0,100,437.86,415.0,0,0.0,0.0,,0.0,1,8.14,10.05,SPY210930C00430000,430.0,normalDay
2021-09-23,9970.0,2234.0,0.0,100,443.18,415.0,0,0.0,0.0,,0.0,1,8.14,13.98,SPY210930C00430000,430.0,normalDay
2021-09-24,9970.0,2260.0,0.0,100,443.91,415.0,0,0.0,0.0,,0.0,1,8.14,14.45,SPY210930C00430000,430.0,normalDay
2021-09-27,9970.0,2311.0,0.0,100,442.64,415.0,0,0.0,0.0,,0.0,1,8.14,12.67,SPY210930C00430000,430.0,normalDay
2021-09-28,9970.0,2081.0,0.0,100,433.72,415.0,0,0.0,0.0,,0.0,1,8.14,6.05,SPY210930C00430000,430.0,normalDay
2021-09-29,9970.0,2173.0,0.0,100,434.45,415.0,0,0.0,0.0,,0.0,1,8.14,5.86,SPY210930C00430000,430.0,normalDay
2021-09-30,10784.0,1414.0,814.0,100,429.14,415.0,0,0.0,0.0,,0.0,1,8.14,0.0,SPY210930C00430000,430.0,expirationDay
2021-10-01,10784.0,1918.0,0.0,100,434.24,415.0,0,0.0,0.0,,0.0,1,4.26,4.32,SPY220218C00468000,468.0,normalDay
2021-10-04,10784.0,1452.0,0.0,100,428.64,415.0,0,0.0,0.0,,0.0,1,4.26,3.38,SPY220218C00468000,468.0,normalDay
2021-10-05,10784.0,1845.0,0.0,100,433.1,415.0,0,0.0,0.0,,0.0,1,4.26,3.91,SPY220218C00468000,468.0,normalDay
2021-10-06,10784.0,1990.0,0.0,100,434.9,415.0,0,0.0,0.0,,0.0,1,4.26,4.26,SPY220218C00468000,468.0,normalDay
2021-10-07,10784.0,2293.0,0.0,100,438.66,415.0,0,0.0,0.0,,0.0,1,4.26,4.99,SPY220218C00468000,468.0,normalDay
2021-10-08,10784.0,2270.0,0.0,100,437.86,415.0,0,0.0,0.0,,0.0,1,4.26,4.42,SPY220218C00468000,468.0,normalDay
2021-10-11,10784.0,2033.0,0.0,100,434.69,415.0,0,0.0,0.0,,0.0,1,4.26,3.62,SPY220218C00468000,468.0,normalDay
2021-10-12,10784.0,1979.0,0.0,100,433.62,415.0,0,0.0,0.0,,0.0,1,4.26,3.09,SPY220218C00468000,468.0,normalDay
2021-10-13,10784.0,2111.0,0.0,100,435.18,415.0,0,0.0,0.0,,0.0,1,4.26,3.33,SPY220218C00468000,468.0,normalDay
2021-10-14,10784.0,2696.0,0.0,100,442.5,415.0,0,0.0,0.0,,0.0,1,4.26,4.8,SPY220218C00468000,468.0,normalDay
2021-10-15,10784.0,2943.0,0.0,100,445.87,415.0,0,0.0,0.0,,0.0,1,4.26,5.7,SPY220218C00468000,468.0,normalDay
2021-10-18,10784.0,3038.0,0.0,100,447.19,415.0,0,0.0,0.0,,0.0,1,4.26,6.07,SPY220218C00468000,468.0,normalDay
2021-10-19,10784.0,3273.0,0.0,100,450.64,415.0,0,0.0,0.0,,0.0,1,4.26,7.17,SPY220218C00468000,468.0,normalDay
2021-10-20,10784.0,3420.0,0.0,100,452.41,415.0,0,0.0,0.0,,0.0,1,4.26,7.47,SPY220218C00468000,468.0,normalDay
2021-10-21,10784.0,3498.0,0.0,100,453.59,415.0,0,0.0,0.0,,0.0,1,4.26,7.87,SPY220218C00468000,468.0,normalDay
2021-10-22,10784.0,3464.0,0.0,100,453.12,415.0,0,0.0,0.0,,0.0,1,4.26,7.74,SPY220218C00468000,468.0,normalDay
2021-10-25,10784.0,3654.0,0.0,100,455.55,415.0,0,0.0,0.0,,0.0,1,4.26,8.27,SPY220218C00468000,468.0,normalDay
2021-10-26,10784.0,3633.0,0.0,100,455.96,415.0,0,0.0,0.0,,0.0,1,4.26,8.89,SPY220218C00468000,468.0,normalDay
2021-10-27,10784.0,3474.0,0.0,100,453.94,415.0,0,0.0,0.0,,0.0,1,4.26,8.46,SPY220218C00468000,468.0,normalDay
2021-10-28,10784.0,3769.0,0.0,100,458.32,415.0,0,0.0,0.0,,0.0,1,4.26,9.89,SPY220218C00468000,468.0,normalDay
2021-10-29,10784.0,3805.0,0.0,100,459.25,415.0,0,0.0,0.0,,0.0,1,4.26,10.46,SPY220218C00468000,468.0,normalDay
2021-11-01,10784.0,3868.0,0.0,100,460.04,415.0,0,0.0,0.0,,0.0,1,4.26,10.62,SPY220218C00468000,468.0,normalDay
2021-11-02,10784.0,3992.0,0.0,100,461.9,415.0,0,0.0,0.0,,0.0,1,4.26,11.24,SPY220218C00468000,468.0,normalDay
2021-11-03,10784.0,4146.0,0.0,100,464.72,415.0,0,0.0,0.0,,0.0,1,4.26,12.52,SPY220218C00468000,468.0,normalDay
2021-11-04,10784.0,4243.0,0.0,100,466.91,415.0,0,0.0,0.0,,0.0,1,4.26,13.74,SPY220218C00468000,468.0,normalDay
2021-11-05,10784.0,4265.0,0.0,100,468.53,415.0,0,0.0,0.0,,0.0,1,4.26,15.14,SPY220218C00468000,468.0,normalDay
2021-11-08,10784.0,4283.0,0.0,100,468.93,415.0,0,0.0,0.0,,0.0,1,4.26,15.36,SPY220218C00468000,468.0,normalDay
2021-11-09,10784.0,4214.0,0.0,100,467.38,415.0,0,0.0,0.0,,0.0,1,4.26,14.5,SPY220218C00468000,468.0,normalDay
2021-11-10,10784.0,4021.0,0.0,100,463.62,415.0,0,0.0,0.0,,0.0,1,4.26,12.67,SPY220218C00468000,468.0,normalDay
2021-11-11,10784.0,4055.0,0.0,100,463.77,415.0,0,0.0,0.0,,0.0,1,4.26,12.48,SPY220218C00468000,468.0,normalDay
2021-11-12,10784.0,4244.0,0.0,100,467.27,415.0,0,0.0,0.0,,0.0,1,4.26,14.09,SPY220218C00468000,468.0,normalDay
2021-11-15,10784.0,4294.0,0.0,100,467.43,415.0,0,0.0,0.0,,0.0,1,4.26,13.75,SPY220218C00468000,468.0,normalDay
2021-11-16,10784.0,4365.0,0.0,100,469.28,415.0,0,0.0,0.0,,0.0,1,4.26,14.89,SPY220218C00468000,468.0,normalDay
2021-11-17,10784.0,4303.0,0.0,100,468.14,415.0,0,0.0,0.0,,0.0,1,4.26,14.37,SPY220218C00468000,468.0,normalDay
2021-11-18,10784.0,4350.0,0.0,100,469.73,415.0,0,0.0,0.0,,0.0,1,4.26,15.49,SPY220218C00468000,468.0,normalDay
2021-11-19,10784.0,4315.0,0.0,100,468.89,415.0,0,0.0,0.0,,0.0,1,4.26,15.0,SPY220218C00468000,468.0,normalDay
2021-11-22,10784.0,4248.0,0.0,100,467.57,415.0,0,0.0,0.0,,0.0,1,4.26,14.35,SPY220218C00468000,468.0,normalDay
2021-11-23,10784.0,4310.0,0.0,100,468.19,415.0,0,0.0,0.0,,0.0,1,4.26,14.35,SPY220218C00468000,468.0,normalDay
2021-11-24,10784.0,4367.0,0.0,100,469.44,415.0,0,0.0,0.0,,0.0,1,4.26,15.03,SPY220218C00468000,468.0,normalDay
2021-11-26,10784.0,3522.0,0.0,100,458.97,415.0,0,0.0,0.0,,0.0,1,4.26,13.01,SPY220218C00468000,468.0,normalDay
2021-11-29,10784.0,4075.0,0.0,100,464.6,415.0,0,0.0,0.0,,0.0,1,4.26,13.11,SPY220218C00468000,468.0,normalDay
2021-11-30,10784.0,3409.0,0.0,100,455.56,415.0,0,0.0,0.0,,0.0,1,4.26,10.73,SPY220218C00468000,468.0,normalDay
2021-12-01,10784.0,3079.0,0.0,100,450.5,415.0,0,0.0,0.0,,0.0,1,4.26,8.97,SPY220218C00468000,468.0,normalDay
2021-12-02,10784.0,3583.0,0.0,100,457.4,415.0,0,0.0,0.0,,0.0,1,4.26,10.83,SPY220218C00468000,468.0,normalDay
2021-12-03,10784.0,3284.0,0.0,100,453.42,415.0,0,0.0,0.0,,0.0,1,4.26,9.84,SPY220218C00468000,468.0,normalDay
2021-12-06,10784.0,3712.0,0.0,100,458.79,415.0,0,0.0,0.0,,0.0,1,4.26,10.93,SPY220218C00468000,468.0,normalDay
2021-12-07,10784.0,4306.0,0.0,100,468.28,415.0,0,0.0,0.0,,0.0,1,4.26,14.48,SPY220218C00468000,468.0,normalDay
2021-12-08,10784.0,4449.0,0.0,100,469.52,415.0,0,0.0,0.0,,0.0,1,4.26,14.29,SPY220218C00468000,468.0,normalDay
2021-12-09,10784.0,4292.0,0.0,100,466.35,415.0,0,0.0,0.0,,0.0,1,4.26,12.69,SPY220218C00468000,468.0,normalDay
2021-12-10,10784.0,4566.0,0.0,100,470.74,415.0,0,0.0,0.0,,0.0,1,4.26,14.34,SPY220218C00468000,468.0,normalDay
2021-12-13,10784.0,4360.0,0.0,100,466.57,415.0,0,0.0,0.0,,0.0,1,4.26,12.23,SPY220218C00468000,468.0,normalDay
2021-12-14,10784.0,4167.0,0.0,100,463.36,415.0,0,0.0,0.0,,0.0,1,4.26,10.95,SPY220218C00468000,468.0,normalDay
2021-12-15,10784.0,4571.0,0.0,100,470.6,415.0,0,0.0,0.0,,0.0,1,4.26,14.15,SPY220218C00468000,468.0,normalDay
2021-12-16,10784.0,4354.0,0.0,100,466.45,415.0,0,0.0,0.0,,0.0,1,4.26,12.17,SPY220218C00468000,468.0,normalDay
2021-12-17,10784.0,3914.0,0.0,100,459.87,415.0,0,0.0,0.0,,0.0,1,4.26,9.99,SPY220218C00468000,468.0,normalDay
2021-12-20,10784.0,3658.0,0.0,100,454.98,415.0,0,0.0,0.0,,0.0,1,4.26,7.66,SPY220218C00468000,468.0,normalDay
2021-12-21,10784.0,4172.0,0.0,100,463.06,415.0,0,0.0,0.0,,0.0,1,4.26,10.6,SPY220218C00468000,468.0,normalDay
2021-12-22,10784.0,4473.0,0.0,100,467.69,415.0,0,0.0,0.0,,0.0,1,4.26,12.22,SPY220218C00468000,468.0,normalDay
2021-12-23,10784.0,4606.0,0.0,100,470.6,415.0,0,0.0,0.0,,0.0,1,4.26,13.8,SPY220218C00468000,468.0,normalDay
2021-12-27,10784.0,4892.0,0.0,100,477.26,415.0,0,0.0,0.0,,0.0,1,4.26,17.6,SPY220218C00468000,468.0,normalDay
2021-12-28,10784.0,4883.0,0.0,100,476.87,415.0,0,0.0,0.0,,0.0,1,4.26,17.3,SPY220218C00468000,468.0,normalDay
2021-12-29,10784.0,4962.0,0.0,100,477.48,415.0,0,0.0,0.0,,0.0,1,4.26,17.12,SPY220218C00468000,468.0,normalDay
2021-12-30,10784.0,4953.0,0.0,100,476.16,415.0,0,0.0,0.0,,0.0,1,4.26,15.89,SPY220218C00468000,468.0,normalDay
2021-12-31,10784.0,4915.0,0.0,100,474.96,415.0,0,0.0,0.0,,0.0,1,4.26,15.07,SPY220218C00468000,468.0,normalDay
2022-01-03,10784.0,5070.0,0.0,100,477.71,415.0,0,0.0,0.0,,0.0,1,4.26,16.27,SPY220218C00468000,468.0,normalDay
2022-01-04,10784.0,5074.0,0.0,100,477.55,415.0,0,0.0,0.0,,0.0,1,4.26,16.07,SPY220218C00468000,468.0,normalDay
2022-01-05,10784.0,4653.0,0.0,100,468.38,415.0,0,0.0,0.0,,0.0,1,4.26,11.11,SPY220218C00468000,468.0,normalDay
2022-01-06,10784.0,4654.0,0.0,100,467.94,415.0,0,0.0,0.0,,0.0,1,4.26,10.66,SPY220218C00468000,468.0,normalDay
2022-01-07,10784.0,4618.0,0.0,100,466.09,415.0,0,0.0,0.0,,0.0,1,4.26,9.17,SPY220218C00468000,468.0,normalDay
2022-01-10,10784.0,4660.0,0.0,100,465.51,415.0,0,0.0,0.0,,0.0,1,4.26,8.17,SPY220218C00468000,468.0,normalDay
2022-01-11,10784.0,4865.0,0.0,100,469.75,415.0,0,0.0,0.0,,0.0,1,4.26,10.36,SPY220218C00468000,468.0,normalDay
2022-01-12,10784.0,4918.0,0.0,100,471.02,415.0,0,0.0,0.0,,0.0,1,4.26,11.1,SPY220218C00468000,468.0,normalDay
2022-01-13,10784.0,4596.0,0.0,100,464.53,415.0,0,0.0,0.0,,0.0,1,4.26,7.83,SPY220218C00468000,468.0,normalDay
2022-01-14,10784.0,4640.0,0.0,100,464.72,415.0,0,0.0,0.0,,0.0,1,4.26,7.58,SPY220218C00468000,468.0,normalDay
2022-01-18,10784.0,4122.0,0.0,100,456.49,415.0,0,0.0,0.0,,0.0,1,4.26,4.53,SPY220218C00468000,468.0,normalDay
2022-01-19,10784.0,3795.0,0.0,100,451.75,415.0,0,0.0,0.0,,0.0,1,4.26,3.06,SPY220218C00468000,468.0,normalDay
2022-01-20,10784.0,3418.0,0.0,100,446.75,415.0,0,0.0,0.0,,0.0,1,4.26,1.83,SPY220218C00468000,468.0,normalDay
2022-01-21,10784.0,2619.0,0.0,100,437.98,415.0,0,0.0,0.0,,0.0,1,4.26,1.05,SPY220218C00468000,468.0,normalDay
2022-01-24,10784.0,2790.0,0.0,100,439.84,415.0,0,0.0,0.0,,0.0,1,4.26,1.2,SPY220218C00468000,468.0,normalDay
2022-01-25,10784.0,2309.0,0.0,100,434.47,415.0,0,0.0,0.0,,0.0,1,4.26,0.64,SPY220218C00468000,468.0,normalDay
2022-01-26,10784.0,2194.0,0.0,100,433.38,415.0,0,0.0,0.0,,0.0,1,4.26,0.7,SPY220218C00468000,468.0,normalDay
2022-01-27,10784.0,2000.0,0.0,100,431.24,415.0,0,0.0,0.0,,0.0,1,4.26,0.5,SPY220218C00468000,468.0,normalDay
2022-01-28,10784.0,3016.0,0.0,100,441.95,415.0,0,0.0,0.0,,0.0,1,4.26,1.05,SPY220218C00468000,468.0,normalDay
2022-01-31,10784.0,3778.0,0.0,100,449.91,415.0,0,0.0,0.0,,0.0,1,4.26,1.39,SPY220218C00468000,468.0,normalDay
2022-02-01,10784.0,4083.0,0.0,100,452.95,415.0,0,0.0,0.0,,0.0,1,4.26,1.38,SPY220218C00468000,468.0,normalDay
2022-02-02,10784.0,4506.0,0.0,100,457.35,415.0,0,0.0,0.0,,0.0,1,4.26,1.55,SPY220218C00468000,468.0,normalDay
2022-02-03,10784.0,3486.0,0.0,100,446.6,415.0,0,0.0,0.0,,0.0,1,4.26,1.0,SPY220218C00468000,468.0,normalDay
2022-02-04,10784.0,3744.0,0.0,100,448.7,415.0,0,0.0,0.0,,0.0,1,4.26,0.52,SPY220218C00468000,468.0,normalDay
2022-02-07,10784.0,3621.0,0.0,100,447.26,415.0,0,0.0,0.0,,0.0,1,4.26,0.31,SPY220218C00468000,468.0,normalDay
2022-02-08,10784.0,3982.0,0.0,100,450.94,415.0,0,0.0,0.0,,0.0,1,4.26,0.38,SPY220218C00468000,468.0,normalDay
2022-02-09,10784.0,4578.0,0.0,100,457.54,415.0,0,0.0,0.0,,0.0,1,4.26,1.02,SPY220218C00468000,468.0,normalDay
2022-02-10,10784.0,3825.0,0.0,100,449.32,415.0,0,0.0,0.0,,0.0,1,4.26,0.33,SPY220218C00468000,468.0,normalDay
2022-02-11,10784.0,2966.0,0.0,100,440.46,415.0,0,0.0,0.0,,0.0,1,4.26,0.06,SPY220218C00468000,468.0,normalDay
2022-02-14,10784.0,2825.0,0.0,100,439.02,415.0,0,0.0,0.0,,0.0,1,4.26,0.03,SPY220218C00468000,468.0,normalDay
2022-02-15,10784.0,3533.0,0.0,100,446.1,415.0,0,0.0,0.0,,0.0,1,4.26,0.03,SPY220218C00468000,468.0,normalDay
2022-02-16,10784.0,3584.0,0.0,100,446.6,415.0,0,0.0,0.0,,0.0,1,4.26,0.02,SPY220218C00468000,468.0,normalDay
2022-02-17,10784.0,2631.0,0.0,100,437.06,415.0,0,0.0,0.0,,0.0,1,4.26,0.01,SPY220218C00468000,468.0,normalDay
2022-02-18,11210.0,1923.0,426.0,100,434.23,415.0,0,0.0,0.0,,0.0,1,4.26,0.0,SPY220218C00468000,468.0,expirationDay
2022-02-22,11210.0,1391.0,0.0,100,429.57,415.0,0,0.0,0.0,,0.0,1,3.34,4.0,SPY220630C00475000,475.0,normalDay
2022-02-23,11210.0,740.0,0.0,100,421.95,415.0,0,0.0,0.0,,0.0,1,3.34,2.89,SPY220630C00475000,475.0,normalDay
2022-02-24,11210.0,1320.0,0.0,100,428.3,415.0,0,0.0,0.0,,0.0,1,3.34,3.44,SPY220630C00475000,475.0,normalDay
2022-02-25,11210.0,2101.0,0.0,100,437.75,415.0,0,0.0,0.0,,0.0,1,3.34,5.08,SPY220630C00475000,475.0,normalDay
2022-02-28,11210.0,1977.0,0.0,100,436.63,415.0,0,0.0,0.0,,0.0,1,3.34,5.2,SPY220630C00475000,475.0,normalDay
2022-03-01,11210.0,1368.0,0.0,100,429.98,415.0,0,0.0,0.0,,0.0,1,3.34,4.64,SPY220630C00475000,475.0,normalDay
2022-03-02,11210.0,2069.0,0.0,100,437.89,415.0,0,0.0,0.0,,0.0,1,3.34,5.54,SPY220630C00475000,475.0,normalDay
2022-03-03,11210.0,1901.0,0.0,100,435.71,415.0,0,0.0,0.0,,0.0,1,3.34,5.04,SPY220630C00475000,475.0,normalDay
2022-03-04,11210.0,1610.0,0.0,100,432.17,415.0,0,0.0,0.0,,0.0,1,3.34,4.41,SPY220630C00475000,475.0,normalDay
2022-03-07,11210.0,489.0,0.0,100,419.43,415.0,0,0.0,0.0,,0.0,1,3.34,2.88,SPY220630C00475000,475.0,normalDay
2022-03-08,11210.0,226.0,0.0,100,416.25,415.0,0,0.0,0.0,,0.0,1,3.34,2.33,SPY220630C00475000,475.0,normalDay
2022-03-09,11210.0,1198.0,0.0,100,427.41,415.0,0,0.0,0.0,,0.0,1,3.34,3.77,SPY220630C00475000,475.0,normalDay
2022-03-10,11210.0,1092.0,0.0,100,425.48,415.0,0,0.0,0.0,,0.0,1,3.34,2.9,SPY220630C00475000,475.0,normalDay
2022-03-11,11210.0,620.0,0.0,100,420.07,415.0,0,0.0,0.0,,0.0,1,3.34,2.21,SPY220630C00475000,475.0,normalDay
2022-03-14,11210.0,335.0,0.0,100,417.0,415.0,0,0.0,0.0,,0.0,1,3.34,1.99,SPY220630C00475000,475.0,normalDay
2022-03-15,11210.0,1177.0,0.0,100,426.17,415.0,0,0.0,0.0,,0.0,1,3.34,2.74,SPY220630C00475000,475.0,normalDay
2022-03-16,11210.0,2045.0,0.0,100,435.62,415.0,0,0.0,0.0,,0.0,1,3.34,3.51,SPY220630C00475000,475.0,normalDay
2022-03-17,11210.0,2542.0,0.0,100,441.07,415.0,0,0.0,0.0,,0.0,1,3.34,3.99,SPY220630C00475000,475.0,normalDay
2022-03-18,11210.0,2813.0,0.0,100,444.52,415.0,0,0.0,0.0,,0.0,1,3.34,4.73,SPY220630C00475000,475.0,normalDay
2022-03-21,11210.0,2829.0,0.0,100,444.39,415.0,0,0.0,0.0,,0.0,1,3.34,4.44,SPY220630C00475000,475.0,normalDay
2022-03-22,11210.0,3231.0,0.0,100,449.59,415.0,0,0.0,0.0,,0.0,1,3.34,5.62,SPY220630C00475000,475.0,normalDay
2022-03-23,11210.0,2811.0,0.0,100,443.8,415.0,0,0.0,0.0,,0.0,1,3.34,4.03,SPY220630C00475000,475.0,normalDay
2022-03-24,11210.0,3335.0,0.0,100,450.49,415.0,0,0.0,0.0,,0.0,1,3.34,5.48,SPY220630C00475000,475.0,normalDay
2022-03-25,11210.0,3516.0,0.0,100,452.69,415.0,0,0.0,0.0,,0.0,1,3.34,5.87,SPY220630C00475000,475.0,normalDay
2022-03-28,11210.0,3764.0,0.0,100,455.91,415.0,0,0.0,0.0,,0.0,1,3.34,6.61,SPY220630C00475000,475.0,normalDay
2022-03-29,11210.0,4156.0,0.0,100,461.55,415.0,0,0.0,0.0,,0.0,1,3.34,8.33,SPY220630C00475000,475.0,normalDay
2022-03-30,11210.0,3940.0,0.0,100,458.7,415.0,0,0.0,0.0,,0.0,1,3.34,7.64,SPY220630C00475000,475.0,normalDay
2022-03-31,11210.0,3438.0,0.0,100,451.64,415.0,0,0.0,0.0,,0.0,1,3.34,5.6,SPY220630C00475000,475.0,normalDay
2022-04-01,11210.0,3614.0,0.0,100,452.92,415.0,0,0.0,0.0,,0.0,1,3.34,5.12,SPY220630C00475000,475.0,normalDay
2022-04-04,11210.0,3935.0,0.0,100,456.8,415.0,0,0.0,0.0,,0.0,1,3.34,5.79,SPY220630C00475000,475.0,normalDay
2022-04-05,11210.0,3476.0,0.0,100,451.03,415.0,0,0.0,0.0,,0.0,1,3.34,4.61,SPY220630C00475000,475.0,normalDay
2022-04-06,11210.0,3142.0,0.0,100,446.52,415.0,0,0.0,0.0,,0.0,1,3.34,3.44,SPY220630C00475000,475.0,normalDay
2022-04-07,11210.0,3325.0,0.0,100,448.77,415.0,0,0.0,0.0,,0.0,1,3.34,3.86,SPY220630C00475000,475.0,normalDay
2022-04-08,11210.0,3250.0,0.0,100,447.57,415.0,0,0.0,0.0,,0.0,1,3.34,3.41,SPY220630C00475000,475.0,normalDay
2022-04-11,11210.0,2609.0,0.0,100,439.92,415.0,0,0.0,0.0,,0.0,1,3.34,2.17,SPY220630C00475000,475.0,normalDay
2022-04-12,11210.0,2469.0,0.0,100,438.29,415.0,0,0.0,0.0,,0.0,1,3.34,1.94,SPY220630C00475000,475.0,normalDay
2022-04-13,11210.0,2940.0,0.0,100,443.31,415.0,0,0.0,0.0,,0.0,1,3.34,2.25,SPY220630C00475000,475.0,normalDay
2022-04-14,11210.0,2452.0,0.0,100,437.79,415.0,0,0.0,0.0,,0.0,1,3.34,1.61,SPY220630C00475000,475.0,normalDay
2022-04-18,11210.0,2481.0,0.0,100,437.97,415.0,0,0.0,0.0,,0.0,1,3.34,1.5,SPY220630C00475000,475.0,normalDay
2022-04-19,11210.0,3139.0,0.0,100,445.04,415.0,0,0.0,0.0,,0.0,1,3.34,1.99,SPY220630C00475000,475.0,normalDay
2022-04-20,11210.0,3086.0,0.0,100,444.71,415.0,0,0.0,0.0,,0.0,1,3.34,2.19,SPY220630C00475000,475.0,normalDay
2022-04-21,11210.0,2508.0,0.0,100,438.06,415.0,0,0.0,0.0,,0.0,1,3.34,1.32,SPY220630C00475000,475.0,normalDay
2022-04-22,11210.0,1371.0,0.0,100,426.04,415.0,0,0.0,0.0,,0.0,1,3.34,0.67,SPY220630C00475000,475.0,normalDay
2022-04-25,11210.0,1617.0,0.0,100,428.51,415.0,0,0.0,0.0,,0.0,1,3.34,0.68,SPY220630C00475000,475.0,normalDay
2022-04-26,11210.0,406.0,0.0,100,416.1,415.0,0,0.0,0.0,,0.0,1,3.34,0.38,SPY220630C00475000,475.0,normalDay
2022-04-27,11210.0,520.0,0.0,100,417.27,415.0,0,0.0,0.0,,0.0,1,3.34,0.41,SPY220630C00475000,475.0,normalDay
2022-04-28,11210.0,1545.0,0.0,100,427.81,415.0,0,0.0,0.0,,0.0,1,3.34,0.7,SPY220630C00475000,475.0,normalDay
2022-04-29,11210.0,-2.0,0.0,100,412.0,415.0,0,0.0,0.0,,0.0,1,3.34,0.36,SPY220630C00475000,475.0,normalDay
2022-05-02,11210.0,241.0,0.0,100,414.48,415.0,0,0.0,0.0,,0.0,1,3.34,0.41,SPY220630C00475000,475.0,normalDay
2022-05-03,11210.0,441.0,0.0,100,416.38,415.0,0,0.0,0.0,,0.0,1,3.34,0.31,SPY220630C00475000,475.0,normalDay
2022-05-04,11210.0,1685.0,0.0,100,429.06,415.0,0,0.0,0.0,,0.0,1,3.34,0.55,SPY220630C00475000,475.0,normalDay
2022-05-05,11210.0,186.0,0.0,100,413.81,415.0,0,0.0,0.0,,0.0,1,3.34,0.29,SPY220630C00475000,475.0,normalDay
2022-05-06,11210.0,-52.0,0.0,100,411.34,415.0,0,0.0,0.0,,0.0,1,3.34,0.2,SPY220630C00475000,475.0,normalDay
2022-05-09,11210.0,-1366.0,0.0,100,398.17,415.0,0,0.0,0.0,,0.0,1,3.34,0.17,SPY220630C00475000,475.0,normalDay
2022-05-10,11210.0,-1268.0,0.0,100,399.09,415.0,0,0.0,0.0,,0.0,1,3.34,0.11,SPY220630C00475000,475.0,normalDay
2022-05-11,11210.0,-1901.0,0.0,100,392.75,415.0,0,0.0,0.0,,0.0,1,3.34,0.1,SPY220630C00475000,475.0,normalDay
2022-05-12,11210.0,-1941.0,0.0,100,392.34,415.0,0,0.0,0.0,,0.0,1,3.34,0.09,SPY220630C00475000,475.0,normalDay
2022-05-13,11210.0,-1002.0,0.0,100,401.72,415.0,0,0.0,0.0,,0.0,1,3.34,0.08,SPY220630C00475000,475.0,normalDay
2022-05-16,11210.0,-1162.0,0.0,100,400.09,415.0,0,0.0,0.0,,0.0,1,3.34,0.05,SPY220630C00475000,475.0,normalDay
2022-05-17,11210.0,-340.0,0.0,100,408.32,415.0,0,0.0,0.0,,0.0,1,3.34,0.06,SPY220630C00475000,475.0,normalDay
2022-05-18,11210.0,-1984.0,0.0,100,391.86,415.0,0,0.0,0.0,,0.0,1,3.34,0.04,SPY220630C00475000,475.0,normalDay
2022-05-19,11210.0,-2224.0,0.0,100,389.46,415.0,0,0.0,0.0,,0.0,1,3.34,0.04,SPY220630C00475000,475.0,normalDay
2022-05-20,11210.0,-2207.0,0.0,100,389.63,415.0,0,0.0,0.0,,0.0,1,3.34,0.04,SPY220630C00475000,475.0,normalDay
2022-05-23,11210.0,-1479.0,0.0,100,396.92,415.0,0,0.0,0.0,,0.0,1,3.34,0.05,SPY220630C00475000,475.0,normalDay
2022-05-24,11210.0,-1783.0,0.0,100,393.89,415.0,0,0.0,0.0,,0.0,1,3.34,0.06,SPY220630C00475000,475.0,normalDay
2022-05-25,11210.0,-1435.0,0.0,100,397.37,415.0,0,0.0,0.0,,0.0,1,3.34,0.06,SPY220630C00475000,475.0,normalDay
2022-05-26,11210.0,-642.0,0.0,100,405.31,415.0,0,0.0,0.0,,0.0,1,3.34,0.07,SPY220630C00475000,475.0,normalDay
2022-05-27,11210.0,350.0,0.0,100,415.26,415.0,0,0.0,0.0,,0.0,1,3.34,0.1,SPY220630C00475000,475.0,normalDay
2022-05-31,11210.0,121.0,0.0,100,412.93,415.0,0,0.0,0.0,,0.0,1,3.34,0.06,SPY220630C00475000,475.0,normalDay
2022-06-01,11210.0,-211.0,0.0,100,409.59,415.0,0,0.0,0.0,,0.0,1,3.34,0.04,SPY220630C00475000,475.0,normalDay
2022-06-02,11210.0,567.0,0.0,100,417.39,415.0,0,0.0,0.0,,0.0,1,3.34,0.06,SPY220630C00475000,475.0,normalDay
2022-06-03,11210.0,-116.0,0.0,100,410.54,415.0,0,0.0,0.0,,0.0,1,3.34,0.04,SPY220630C00475000,475.0,normalDay
2022-06-06,11210.0,9.0,0.0,100,411.79,415.0,0,0.0,0.0,,0.0,1,3.34,0.04,SPY220630C00475000,475.0,normalDay
2022-06-07,11210.0,405.0,0.0,100,415.74,415.0,0,0.0,0.0,,0.0,1,3.34,0.03,SPY220630C00475000,475.0,normalDay
2022-06-08,11210.0,-47.0,0.0,100,411.22,415.0,0,0.0,0.0,,0.0,1,3.34,0.03,SPY220630C00475000,475.0,normalDay
2022-06-09,11210.0,-1024.0,0.0,100,401.44,415.0,0,0.0,0.0,,0.0,1,3.34,0.02,SPY220630C00475000,475.0,normalDay
2022-06-10,11210.0,-2188.0,0.0,100,389.8,415.0,0,0.0,0.0,,0.0,1,3.34,0.02,SPY220630C00475000,475.0,normalDay
2022-06-13,11210.0,-3668.0,0.0,100,375.0,415.0,0,0.0,0.0,,0.0,1,3.34,0.02,SPY220630C00475000,475.0,normalDay
2022-06-14,11210.0,-3781.0,0.0,100,373.87,415.0,0,0.0,0.0,,0.0,1,3.34,0.02,SPY220630C00475000,475.0,normalDay
2022-06-15,11210.0,-3248.0,0.0,100,379.2,415.0,0,0.0,0.0,,0.0,1,3.34,0.02,SPY220630C00475000,475.0,normalDay
2022-06-16,11210.0,-4502.0,0.0,100,366.65,415.0,0,0.0,0.0,,0.0,1,3.34,0.01,SPY220630C00475000,475.0,normalDay
2022-06-17,11210.0,-4581.0,0.0,100,365.86,415.0,0,0.0,0.0,,0.0,1,3.34,0.01,SPY220630C00475000,475.0,normalDay
2022-06-21,11210.0,-3660.0,0.0,100,375.07,415.0,0,0.0,0.0,,0.0,1,3.34,0.01,SPY220630C00475000,475.0,normalDay
2022-06-22,11210.0,-3728.0,0.0,100,374.39,415.0,0,0.0,0.0,,0.0,1,3.34,0.01,SPY220630C00475000,475.0,normalDay
2022-06-23,11210.0,-3361.0,0.0,100,378.06,415.0,0,0.0,0.0,,0.0,1,3.34,0.01,SPY220630C00475000,475.0,normalDay
2022-06-24,11210.0,-2159.0,0.0,100,390.08,415.0,0,0.0,0.0,,0.0,1,3.34,0.01,SPY220630C00475000,475.0,normalDay
2022-06-27,11210.0,-2308.0,0.0,100,388.59,415.0,0,0.0,0.0,,0.0,1,3.34,0.01,SPY220630C00475000,475.0,normalDay
2022-06-28,11210.0,-3102.0,0.0,100,380.65,415.0,0,0.0,0.0,,0.0,1,3.34,0.01,SPY220630C00475000,475.0,normalDay
2022-06-29,11210.0,-3133.0,0.0,100,380.34,415.0,0,0.0,0.0,,0.0,1,3.34,0.01,SPY220630C00475000,475.0,normalDay
2022-06-30,11544.0,-3775.0,334.0,100,377.25,415.0,0,0.0,0.0,,0.0,1,3.34,0.0,SPY220630C00475000,475.0,expirationDay
2022-07-01,11544.0,-3383.0,0.0,100,381.24,415.0,0,0.0,0.0,,0.0,1,2.28,2.35,SPY221118C00445000,445.0,normalDay
2022-07-05,11544.0,-3298.0,0.0,100,381.96,415.0,0,0.0,0.0,,0.0,1,2.28,2.22,SPY221118C00445000,445.0,normalDay
2022-07-06,11544.0,-3189.0,0.0,100,383.25,415.0,0,0.0,0.0,,0.0,1,2.28,2.42,SPY221118C00445000,445.0,normalDay
2022-07-07,11544.0,-2674.0,0.0,100,388.99,415.0,0,0.0,0.0,,0.0,1,2.28,3.01,SPY221118C00445000,445.0,normalDay
2022-07-08,11544.0,-2696.0,0.0,100,388.67,415.0,0,0.0,0.0,,0.0,1,2.28,2.91,SPY221118C00445000,445.0,normalDay
2022-07-11,11544.0,-3084.0,0.0,100,384.23,415.0,0,0.0,0.0,,0.0,1,2.28,2.35,SPY221118C00445000,445.0,normalDay
2022-07-12,11544.0,-3375.0,0.0,100,380.83,415.0,0,0.0,0.0,,0.0,1,2.28,1.86,SPY221118C00445000,445.0,normalDay
2022-07-13,11544.0,-3557.0,0.0,100,378.83,415.0,0,0.0,0.0,,0.0,1,2.28,1.68,SPY221118C00445000,445.0,normalDay
2022-07-14,11544.0,-3646.0,0.0,100,377.91,415.0,0,0.0,0.0,,0.0,1,2.28,1.65,SPY221118C00445000,445.0,normalDay
2022-07-15,11544.0,-2967.0,0.0,100,385.13,415.0,0,0.0,0.0,,0.0,1,2.28,2.08,SPY221118C00445000,445.0,normalDay
2022-07-18,11544.0,-3258.0,0.0,100,381.95,415.0,0,0.0,0.0,,0.0,1,2.28,1.81,SPY221118C00445000,445.0,normalDay
2022-07-19,11544.0,-2365.0,0.0,100,392.27,415.0,0,0.0,0.0,,0.0,1,2.28,3.2,SPY221118C00445000,445.0,normalDay
2022-07-20,11544.0,-2152.0,0.0,100,394.77,415.0,0,0.0,0.0,,0.0,1,2.28,3.57,SPY221118C00445000,445.0,normalDay
2022-07-21,11544.0,-1795.0,0.0,100,398.79,415.0,0,0.0,0.0,,0.0,1,2.28,4.02,SPY221118C00445000,445.0,normalDay
2022-07-22,11544.0,-2091.0,0.0,100,395.09,415.0,0,0.0,0.0,,0.0,1,2.28,3.28,SPY221118C00445000,445.0,normalDay
2022-07-25,11544.0,-2041.0,0.0,100,395.57,415.0,0,0.0,0.0,,0.0,1,2.28,3.26,SPY221118C00445000,445.0,normalDay
2022-07-26,11544.0,-2450.0,0.0,100,390.89,415.0,0,0.0,0.0,,0.0,1,2.28,2.67,SPY221118C00445000,445.0,normalDay
2022-07-27,11544.0,-1548.0,0.0,100,401.04,415.0,0,0.0,0.0,,0.0,1,2.28,3.8,SPY221118C00445000,445.0,normalDay
2022-07-28,11544.0,-1157.0,0.0,100,406.07,415.0,0,0.0,0.0,,0.0,1,2.28,4.92,SPY221118C00445000,445.0,normalDay
2022-07-29,11544.0,-666.0,0.0,100,411.99,415.0,0,0.0,0.0,,0.0,1,2.28,5.93,SPY221118C00445000,445.0,normalDay
2022-08-01,11544.0,-774.0,0.0,100,410.77,415.0,0,0.0,0.0,,0.0,1,2.28,5.79,SPY221118C00445000,445.0,normalDay
2022-08-02,11544.0,-987.0,0.0,100,408.06,415.0,0,0.0,0.0,,0.0,1,2.28,5.21,SPY221118C00445000,445.0,normalDay
2022-08-03,11544.0,-461.0,0.0,100,414.45,415.0,0,0.0,0.0,,0.0,1,2.28,6.34,SPY221118C00445000,445.0,normalDay
2022-08-04,11544.0,-493.0,0.0,100,414.17,415.0,0,0.0,0.0,,0.0,1,2.28,6.38,SPY221118C00445000,445.0,normalDay
2022-08-05,11544.0,-503.0,0.0,100,413.47,415.0,0,0.0,0.0,,0.0,1,2.28,5.78,SPY221118C00445000,445.0,normalDay
2022-08-08,11544.0,-546.0,0.0,100,412.99,415.0,0,0.0,0.0,,0.0,1,2.28,5.73,SPY221118C00445000,445.0,normalDay
2022-08-09,11544.0,-659.0,0.0,100,411.35,415.0,0,0.0,0.0,,0.0,1,2.28,5.22,SPY221118C00445000,445.0,normalDay
2022-08-10,11544.0,28.0,0.0,100,419.99,415.0,0,0.0,0.0,,0.0,1,2.28,6.99,SPY221118C00445000,445.0,normalDay
2022-08-11,11544.0,15.0,0.0,100,419.99,415.0,0,0.0,0.0,,0.0,1,2.28,7.12,SPY221118C00445000,445.0,normalDay
2022-08-12,11544.0,509.0,0.0,100,427.1,415.0,0,0.0,0.0,,0.0,1,2.28,9.29,SPY221118C00445000,445.0,normalDay
2022-08-15,11544.0,634.0,0.0,100,428.86,415.0,0,0.0,0.0,,0.0,1,2.28,9.8,SPY221118C00445000,445.0,normalDay
2022-08-16,11544.0,698.0,0.0,100,429.7,415.0,0,0.0,0.0,,0.0,1,2.28,10.0,SPY221118C00445000,445.0,normalDay
2022-08-17,11544.0,489.0,0.0,100,426.65,415.0,0,0.0,0.0,,0.0,1,2.28,9.04,SPY221118C00445000,445.0,normalDay
2022-08-18,11544.0,614.0,0.0,100,427.89,415.0,0,0.0,0.0,,0.0,1,2.28,9.03,SPY221118C00445000,445.0,normalDay
2022-08-19,11544.0,232.0,0.0,100,422.14,415.0,0,0.0,0.0,,0.0,1,2.28,7.1,SPY221118C00445000,445.0,normalDay
2022-08-22,11544.0,-430.0,0.0,100,413.35,415.0,0,0.0,0.0,,0.0,1,2.28,4.93,SPY221118C00445000,445.0,normalDay
2022-08-23,11544.0,-484.0,0.0,100,412.35,415.0,0,0.0,0.0,,0.0,1,2.28,4.47,SPY221118C00445000,445.0,normalDay
2022-08-24,11544.0,-344.0,0.0,100,413.67,415.0,0,0.0,0.0,,0.0,1,2.28,4.39,SPY221118C00445000,445.0,normalDay
2022-08-25,11544.0,125.0,0.0,100,419.51,415.0,0,0.0,0.0,,0.0,1,2.28,5.54,SPY221118C00445000,445.0,normalDay
2022-08-26,11544.0,-1028.0,0.0,100,405.31,415.0,0,0.0,0.0,,0.0,1,2.28,2.87,SPY221118C00445000,445.0,normalDay
2022-08-29,11544.0,-1248.0,0.0,100,402.63,415.0,0,0.0,0.0,,0.0,1,2.28,2.39,SPY221118C00445000,445.0,normalDay
2022-08-30,11544.0,-1627.0,0.0,100,398.21,415.0,0,0.0,0.0,,0.0,1,2.28,1.76,SPY221118C00445000,445.0,normalDay
2022-08-31,11544.0,-1889.0,0.0,100,395.18,415.0,0,0.0,0.0,,0.0,1,2.28,1.35,SPY221118C00445000,445.0,normalDay
2022-09-01,11544.0,-1770.0,0.0,100,396.42,415.0,0,0.0,0.0,,0.0,1,2.28,1.4,SPY221118C00445000,445.0,normalDay
2022-09-02,11544.0,-2157.0,0.0,100,392.24,415.0,0,0.0,0.0,,0.0,1,2.28,1.09,SPY221118C00445000,445.0,normalDay
2022-09-06,11544.0,-2295.0,0.0,100,390.76,415.0,0,0.0,0.0,,0.0,1,2.28,0.99,SPY221118C00445000,445.0,normalDay
2022-09-07,11544.0,-1632.0,0.0,100,397.78,415.0,0,0.0,0.0,,0.0,1,2.28,1.38,SPY221118C00445000,445.0,normalDay
2022-09-08,11544.0,-1391.0,0.0,100,400.38,415.0,0,0.0,0.0,,0.0,1,2.28,1.57,SPY221118C00445000,445.0,normalDay
2022-09-09,11544.0,-823.0,0.0,100,406.6,415.0,0,0.0,0.0,,0.0,1,2.28,2.11,SPY221118C00445000,445.0,normalDay
2022-09-12,11544.0,-474.0,0.0,100,410.97,415.0,0,0.0,0.0,,0.0,1,2.28,2.99,SPY221118C00445000,445.0,normalDay
2022-09-13,11544.0,-2073.0,0.0,100,393.1,415.0,0,0.0,0.0,,0.0,1,2.28,1.11,SPY221118C00445000,445.0,normalDay
2022-09-14,11544.0,-1918.0,0.0,100,394.6,415.0,0,0.0,0.0,,0.0,1,2.28,1.06,SPY221118C00445000,445.0,normalDay
2022-09-15,11544.0,-2336.0,0.0,100,390.12,415.0,0,0.0,0.0,,0.0,1,2.28,0.76,SPY221118C00445000,445.0,normalDay
2022-09-16,11544.0,-2778.0,0.0,100,385.56,415.0,0,0.0,0.0,,0.0,1,2.28,0.62,SPY221118C00445000,445.0,normalDay
2022-09-19,11544.0,-2484.0,0.0,100,388.55,415.0,0,0.0,0.0,,0.0,1,2.28,0.67,SPY221118C00445000,445.0,normalDay
2022-09-20,11544.0,-2914.0,0.0,100,384.09,415.0,0,0.0,0.0,,0.0,1,2.28,0.51,SPY221118C00445000,445.0,normalDay
2022-09-21,11544.0,-3568.0,0.0,100,377.39,415.0,0,0.0,0.0,,0.0,1,2.28,0.35,SPY221118C00445000,445.0,normalDay
2022-09-22,11544.0,-3877.0,0.0,100,374.22,415.0,0,0.0,0.0,,0.0,1,2.28,0.27,SPY221118C00445000,445.0,normalDay
2022-09-23,11544.0,-4497.0,0.0,100,367.95,415.0,0,0.0,0.0,,0.0,1,2.28,0.2,SPY221118C00445000,445.0,normalDay
2022-09-26,11544.0,-4858.0,0.0,100,364.31,415.0,0,0.0,0.0,,0.0,1,2.28,0.17,SPY221118C00445000,445.0,normalDay
2022-09-27,11544.0,-4948.0,0.0,100,363.38,415.0,0,0.0,0.0,,0.0,1,2.28,0.14,SPY221118C00445000,445.0,normalDay
2022-09-28,11544.0,-4241.0,0.0,100,370.53,415.0,0,0.0,0.0,,0.0,1,2.28,0.22,SPY221118C00445000,445.0,normalDay
2022-09-29,11544.0,-5005.0,0.0,100,362.79,415.0,0,0.0,0.0,,0.0,1,2.28,0.12,SPY221118C00445000,445.0,normalDay
2022-09-30,11544.0,-5563.0,0.0,100,357.18,415.0,0,0.0,0.0,,0.0,1,2.28,0.09,SPY221118C00445000,445.0,normalDay
2022-10-03,11544.0,-4625.0,0.0,100,366.61,415.0,0,0.0,0.0,,0.0,1,2.28,0.14,SPY221118C00445000,445.0,normalDay
2022-10-04,11544.0,-3505.0,0.0,100,377.97,415.0,0,0.0,0.0,,0.0,1,2.28,0.3,SPY221118C00445000,445.0,normalDay
2022-10-05,11544.0,-3584.0,0.0,100,377.09,415.0,0,0.0,0.0,,0.0,1,2.28,0.21,SPY221118C00445000,445.0,normalDay
2022-10-06,11544.0,-3969.0,0.0,100,373.2,415.0,0,0.0,0.0,,0.0,1,2.28,0.17,SPY221118C00445000,445.0,normalDay
2022-10-07,11544.0,-5002.0,0.0,100,362.79,415.0,0,0.0,0.0,,0.0,1,2.28,0.09,SPY221118C00445000,445.0,normalDay
2022-10-10,11544.0,-5279.0,0.0,100,360.02,415.0,0,0.0,0.0,,0.0,1,2.28,0.09,SPY221118C00445000,445.0,normalDay
2022-10-11,11544.0,-5506.0,0.0,100,357.74,415.0,0,0.0,0.0,,0.0,1,2.28,0.08,SPY221118C00445000,445.0,normalDay
2022-10-12,11544.0,-5624.0,0.0,100,356.56,415.0,0,0.0,0.0,,0.0,1,2.28,0.08,SPY221118C00445000,445.0,normalDay
2022-10-13,11544.0,-4689.0,0.0,100,365.97,415.0,0,0.0,0.0,,0.0,1,2.28,0.14,SPY221118C00445000,445.0,normalDay
2022-10-14,11544.0,-5517.0,0.0,100,357.63,415.0,0,0.0,0.0,,0.0,1,2.28,0.08,SPY221118C00445000,445.0,normalDay
2022-10-17,11544.0,-4600.0,0.0,100,366.82,415.0,0,0.0,0.0,,0.0,1,2.28,0.1,SPY221118C00445000,445.0,normalDay
2022-10-18,11544.0,-4173.0,0.0,100,371.13,415.0,0,0.0,0.0,,0.0,1,2.28,0.14,SPY221118C00445000,445.0,normalDay
2022-10-19,11544.0,-4433.0,0.0,100,368.5,415.0,0,0.0,0.0,,0.0,1,2.28,0.11,SPY221118C00445000,445.0,normalDay
2022-10-20,11544.0,-4737.0,0.0,100,365.41,415.0,0,0.0,0.0,,0.0,1,2.28,0.06,SPY221118C00445000,445.0,normalDay
2022-10-21,11544.0,-3856.0,0.0,100,374.29,415.0,0,0.0,0.0,,0.0,1,2.28,0.13,SPY221118C00445000,445.0,normalDay
2022-10-24,11544.0,-3399.0,0.0,100,378.87,415.0,0,0.0,0.0,,0.0,1,2.28,0.14,SPY221118C00445000,445.0,normalDay
2022-10-25,11544.0,-2793.0,0.0,100,384.92,415.0,0,0.0,0.0,,0.0,1,2.28,0.13,SPY221118C00445000,445.0,normalDay
2022-10-26,11544.0,-3078.0,0.0,100,382.02,415.0,0,0.0,0.0,,0.0,1,2.28,0.08,SPY221118C00445000,445.0,normalDay
2022-10-27,11544.0,-3279.0,0.0,100,379.98,415.0,0,0.0,0.0,,0.0,1,2.28,0.05,SPY221118C00445000,445.0,normalDay
2022-10-28,11544.0,-2380.0,0.0,100,389.02,415.0,0,0.0,0.0,,0.0,1,2.28,0.1,SPY221118C00445000,445.0,normalDay
2022-10-31,11544.0,-2657.0,0.0,100,386.21,415.0,0,0.0,0.0,,0.0,1,2.28,0.06,SPY221118C00445000,445.0,normalDay
2022-11-01,11544.0,-2825.0,0.0,100,384.52,415.0,0,0.0,0.0,,0.0,1,2.28,0.05,SPY221118C00445000,445.0,normalDay
2022-11-02,11544.0,-3787.0,0.0,100,374.87,415.0,0,0.0,0.0,,0.0,1,2.28,0.02,SPY221118C00445000,445.0,normalDay
2022-11-03,11544.0,-4173.0,0.0,100,371.01,415.0,0,0.0,0.0,,0.0,1,2.28,0.02,SPY221118C00445000,445.0,normalDay
2022-11-04,11544.0,-3639.0,0.0,100,376.35,415.0,0,0.0,0.0,,0.0,1,2.28,0.02,SPY221118C00445000,445.0,normalDay
2022-11-07,11544.0,-3279.0,0.0,100,379.95,415.0,0,0.0,0.0,,0.0,1,2.28,0.02,SPY221118C00445000,445.0,normalDay
2022-11-08,11544.0,-3074.0,0.0,100,382.0,415.0,0,0.0,0.0,,0.0,1,2.28,0.02,SPY221118C00445000,445.0,normalDay
2022-11-09,11544.0,-3860.0,0.0,100,374.13,415.0,0,0.0,0.0,,0.0,1,2.28,0.01,SPY221118C00445000,445.0,normalDay
2022-11-10,11544.0,-1805.0,0.0,100,394.69,415.0,0,0.0,0.0,,0.0,1,2.28,0.02,SPY221118C00445000,445.0,normalDay
2022-11-11,11544.0,-1423.0,0.0,100,398.51,415.0,0,0.0,0.0,,0.0,1,2.28,0.02,SPY221118C00445000,445.0,normalDay
2022-11-14,11544.0,-1761.0,0.0,100,395.12,415.0,0,0.0,0.0,,0.0,1,2.28,0.01,SPY221118C00445000,445.0,normalDay
2022-11-15,11544.0,-1424.0,0.0,100,398.49,415.0,0,0.0,0.0,,0.0,1,2.28,0.01,SPY221118C00445000,445.0,normalDay
2022-11-16,11544.0,-1728.0,0.0,100,395.45,415.0,0,0.0,0.0,,0.0,1,2.28,0.01,SPY221118C00445000,445.0,normalDay
2022-11-17,11544.0,-1849.0,0.0,100,394.24,415.0,0,0.0,0.0,,0.0,1,2.28,0.01,SPY221118C00445000,445.0,normalDay
2022-11-18,11772.0,-1897.0,228.0,100,396.03,415.0,0,0.0,0.0,,0.0,1,2.28,0.0,SPY221118C00445000,445.0,expirationDay
2022-11-21,11772.0,-2061.0,0.0,100,394.59,415.0,0,0.0,0.0,,0.0,1,10.94,11.14,SPY230331C00419000,419.0,normalDay
2022-11-22,11772.0,-1690.0,0.0,100,399.9,415.0,0,0.0,0.0,,0.0,1,10.94,12.74,SPY230331C00419000,419.0,normalDay
2022-11-23,11772.0,-1507.0,0.0,100,402.42,415.0,0,0.0,0.0,,0.0,1,10.94,13.43,SPY230331C00419000,419.0,normalDay
2022-11-25,11772.0,-1504.0,0.0,100,402.33,415.0,0,0.0,0.0,,0.0,1,10.94,13.31,SPY230331C00419000,419.0,normalDay
2022-11-28,11772.0,-1897.0,0.0,100,395.91,415.0,0,0.0,0.0,,0.0,1,10.94,10.82,SPY230331C00419000,419.0,normalDay
2022-11-29,11772.0,-1910.0,0.0,100,395.23,415.0,0,0.0,0.0,,0.0,1,10.94,10.27,SPY230331C00419000,419.0,normalDay
2022-11-30,11772.0,-1267.0,0.0,100,407.68,415.0,0,0.0,0.0,,0.0,1,10.94,16.29,SPY230331C00419000,419.0,normalDay
2022-12-01,11772.0,-1146.0,0.0,100,407.38,415.0,0,0.0,0.0,,0.0,1,10.94,14.78,SPY230331C00419000,419.0,normalDay
2022-12-02,11772.0,-1122.0,0.0,100,406.91,415.0,0,0.0,0.0,,0.0,1,10.94,14.07,SPY230331C00419000,419.0,normalDay
2022-12-05,11772.0,-1544.0,0.0,100,399.59,415.0,0,0.0,0.0,,0.0,1,10.94,10.97,SPY230331C00419000,419.0,normalDay
2022-12-06,11772.0,-1923.0,0.0,100,393.83,415.0,0,0.0,0.0,,0.0,1,10.94,9.0,SPY230331C00419000,419.0,normalDay
2022-12-07,11772.0,-1972.0,0.0,100,393.16,415.0,0,0.0,0.0,,0.0,1,10.94,8.82,SPY230331C00419000,419.0,normalDay
2022-12-08,11772.0,-1746.0,0.0,100,396.24,415.0,0,0.0,0.0,,0.0,1,10.94,9.64,SPY230331C00419000,419.0,normalDay
2022-12-09,11772.0,-1948.0,0.0,100,393.28,415.0,0,0.0,0.0,,0.0,1,10.94,8.7,SPY230331C00419000,419.0,normalDay
2022-12-12,11772.0,-1597.0,0.0,100,398.95,415.0,0,0.0,0.0,,0.0,1,10.94,10.86,SPY230331C00419000,419.0,normalDay
2022-12-13,11772.0,-1364.0,0.0,100,401.97,415.0,0,0.0,0.0,,0.0,1,10.94,11.55,SPY230331C00419000,419.0,normalDay
2022-12-14,11772.0,-1513.0,0.0,100,399.4,415.0,0,0.0,0.0,,0.0,1,10.94,10.47,SPY230331C00419000,419.0,normalDay
2022-12-15,11772.0,-2112.0,0.0,100,389.63,415.0,0,0.0,0.0,,0.0,1,10.94,6.69,SPY230331C00419000,419.0,normalDay
2022-12-16,11772.0,-2602.0,0.0,100,383.27,415.0,0,0.0,0.0,,0.0,1,10.94,5.23,SPY230331C00419000,419.0,normalDay
2022-12-19,11772.0,-2826.0,0.0,100,380.02,415.0,0,0.0,0.0,,0.0,1,10.94,4.22,SPY230331C00419000,419.0,normalDay
2022-12-20,11772.0,-2766.0,0.0,100,380.54,415.0,0,0.0,0.0,,0.0,1,10.94,4.14,SPY230331C00419000,419.0,normalDay
2022-12-21,11772.0,-2288.0,0.0,100,386.23,415.0,0,0.0,0.0,,0.0,1,10.94,5.05,SPY230331C00419000,419.0,normalDay
2022-12-22,11772.0,-2745.0,0.0,100,380.72,415.0,0,0.0,0.0,,0.0,1,10.94,4.11,SPY230331C00419000,419.0,normalDay
2022-12-23,11772.0,-2539.0,0.0,100,382.91,415.0,0,0.0,0.0,,0.0,1,10.94,4.24,SPY230331C00419000,419.0,normalDay
2022-12-27,11772.0,-2655.0,0.0,100,381.4,415.0,0,0.0,0.0,,0.0,1,10.94,3.89,SPY230331C00419000,419.0,normalDay
2022-12-28,11772.0,-3032.0,0.0,100,376.66,415.0,0,0.0,0.0,,0.0,1,10.94,2.92,SPY230331C00419000,419.0,normalDay
2022-12-29,11772.0,-2461.0,0.0,100,383.44,415.0,0,0.0,0.0,,0.0,1,10.94,3.99,SPY230331C00419000,419.0,normalDay
2022-12-30,11772.0,-2549.0,0.0,100,382.43,415.0,0,0.0,0.0,,0.0,1,10.94,3.86,SPY230331C00419000,419.0,normalDay
2023-01-03,11772.0,-2642.0,0.0,100,380.82,415.0,0,0.0,0.0,,0.0,1,10.94,3.18,SPY230331C00419000,419.0,normalDay
2023-01-04,11772.0,-2383.0,0.0,100,383.76,415.0,0,0.0,0.0,,0.0,1,10.94,3.53,SPY230331C00419000,419.0,normalDay
2023-01-05,11772.0,-2728.0,0.0,100,379.38,415.0,0,0.0,0.0,,0.0,1,10.94,2.6,SPY230331C00419000,419.0,normalDay
2023-01-06,11772.0,-1995.0,0.0,100,388.08,415.0,0,0.0,0.0,,0.0,1,10.94,3.97,SPY230331C00419000,419.0,normalDay
2023-01-09,11772.0,-2006.0,0.0,100,387.86,415.0,0,0.0,0.0,,0.0,1,10.94,3.86,SPY230331C00419000,419.0,normalDay
2023-01-10,11772.0,-1754.0,0.0,100,390.58,415.0,0,0.0,0.0,,0.0,1,10.94,4.06,SPY230331C00419000,419.0,normalDay
2023-01-11,11772.0,-1406.0,0.0,100,395.52,415.0,0,0.0,0.0,,0.0,1,10.94,5.52,SPY230331C00419000,419.0,normalDay
2023-01-12,11772.0,-1221.0,0.0,100,396.96,415.0,0,0.0,0.0,,0.0,1,10.94,5.11,SPY230331C00419000,419.0,normalDay
2023-01-13,11772.0,-1046.0,0.0,100,398.5,415.0,0,0.0,0.0,,0.0,1,10.94,4.9,SPY230331C00419000,419.0,normalDay
2023-01-17,11772.0,-1082.0,0.0,100,397.77,415.0,0,0.0,0.0,,0.0,1,10.94,4.53,SPY230331C00419000,419.0,normalDay
2023-01-18,11772.0,-1564.0,0.0,100,391.49,415.0,0,0.0,0.0,,0.0,1,10.94,3.07,SPY230331C00419000,419.0,normalDay
2023-01-19,11772.0,-1777.0,0.0,100,388.64,415.0,0,0.0,0.0,,0.0,1,10.94,2.35,SPY230331C00419000,419.0,normalDay
2023-01-20,11772.0,-1185.0,0.0,100,395.88,415.0,0,0.0,0.0,,0.0,1,10.94,3.67,SPY230331C00419000,419.0,normalDay
2023-01-23,11772.0,-834.0,0.0,100,400.63,415.0,0,0.0,0.0,,0.0,1,10.94,4.91,SPY230331C00419000,419.0,normalDay
2023-01-24,11772.0,-873.0,0.0,100,400.2,415.0,0,0.0,0.0,,0.0,1,10.94,4.87,SPY230331C00419000,419.0,normalDay
2023-01-25,11772.0,-817.0,0.0,100,400.35,415.0,0,0.0,0.0,,0.0,1,10.94,4.46,SPY230331C00419000,419.0,normalDay
2023-01-26,11772.0,-498.0,0.0,100,404.75,415.0,0,0.0,0.0,,0.0,1,10.94,5.67,SPY230331C00419000,419.0,normalDay
2023-01-27,11772.0,-429.0,0.0,100,405.68,415.0,0,0.0,0.0,,0.0,1,10.94,5.91,SPY230331C00419000,419.0,normalDay
2023-01-30,11772.0,-803.0,0.0,100,400.59,415.0,0,0.0,0.0,,0.0,1,10.94,4.56,SPY230331C00419000,419.0,normalDay
2023-01-31,11772.0,-357.0,0.0,100,406.48,415.0,0,0.0,0.0,,0.0,1,10.94,5.99,SPY230331C00419000,419.0,normalDay
2023-02-01,11772.0,-113.0,0.0,100,410.8,415.0,0,0.0,0.0,,0.0,1,10.94,7.87,SPY230331C00419000,419.0,normalDay
2023-02-02,11772.0,248.0,0.0,100,416.78,415.0,0,0.0,0.0,,0.0,1,10.94,10.24,SPY230331C00419000,419.0,normalDay
2023-02-03,11772.0,9.0,0.0,100,412.35,415.0,0,0.0,0.0,,0.0,1,10.94,8.2,SPY230331C00419000,419.0,normalDay
2023-02-06,11772.0,-141.0,0.0,100,409.83,415.0,0,0.0,0.0,,0.0,1,10.94,7.18,SPY230331C00419000,419.0,normalDay
2023-02-07,11772.0,208.0,0.0,100,415.19,415.0,0,0.0,0.0,,0.0,1,10.94,9.05,SPY230331C00419000,419.0,normalDay
2023-02-08,11772.0,-98.0,0.0,100,410.65,415.0,0,0.0,0.0,,0.0,1,10.94,7.57,SPY230331C00419000,419.0,normalDay
2023-02-09,11772.0,-328.0,0.0,100,407.09,415.0,0,0.0,0.0,,0.0,1,10.94,6.31,SPY230331C00419000,419.0,normalDay
2023-02-10,11772.0,-245.0,0.0,100,408.04,415.0,0,0.0,0.0,,0.0,1,10.94,6.43,SPY230331C00419000,419.0,normalDay
2023-02-13,11772.0,56.0,0.0,100,412.83,415.0,0,0.0,0.0,,0.0,1,10.94,8.21,SPY230331C00419000,419.0,normalDay
2023-02-14,11772.0,156.0,0.0,100,412.64,415.0,0,0.0,0.0,,0.0,1,10.94,7.02,SPY230331C00419000,419.0,normalDay
2023-02-15,11772.0,239.0,0.0,100,413.98,415.0,0,0.0,0.0,,0.0,1,10.94,7.53,SPY230331C00419000,419.0,normalDay
2023-02-16,11772.0,-92.0,0.0,100,408.28,415.0,0,0.0,0.0,,0.0,1,10.94,5.14,SPY230331C00419000,419.0,normalDay
2023-02-17,11772.0,-137.0,0.0,100,407.26,415.0,0,0.0,0.0,,0.0,1,10.94,4.57,SPY230331C00419000,419.0,normalDay
2023-02-21,11772.0,-743.0,0.0,100,399.09,415.0,0,0.0,0.0,,0.0,1,10.94,2.46,SPY230331C00419000,419.0,normalDay
2023-02-22,11772.0,-752.0,0.0,100,398.54,415.0,0,0.0,0.0,,0.0,1,10.94,2.0,SPY230331C00419000,419.0,normalDay
2023-02-23,11772.0,-548.0,0.0,100,400.66,415.0,0,0.0,0.0,,0.0,1,10.94,2.08,SPY230331C00419000,419.0,normalDay
2023-02-24,11772.0,-905.0,0.0,100,396.38,415.0,0,0.0,0.0,,0.0,1,10.94,1.37,SPY230331C00419000,419.0,normalDay
2023-02-27,11772.0,-767.0,0.0,100,397.73,415.0,0,0.0,0.0,,0.0,1,10.94,1.34,SPY230331C00419000,419.0,normalDay
2023-02-28,11772.0,-876.0,0.0,100,396.26,415.0,0,0.0,0.0,,0.0,1,10.94,0.96,SPY230331C00419000,419.0,normalDay
2023-03-01,11772.0,-1015.0,0.0,100,394.74,415.0,0,0.0,0.0,,0.0,1,10.94,0.83,SPY230331C00419000,419.0,normalDay
2023-03-02,11772.0,-727.0,0.0,100,397.81,415.0,0,0.0,0.0,,0.0,1,10.94,1.02,SPY230331C00419000,419.0,normalDay
2023-03-03,11772.0,-181.0,0.0,100,404.19,415.0,0,0.0,0.0,,0.0,1,10.94,1.94,SPY230331C00419000,419.0,normalDay
2023-03-06,11772.0,-147.0,0.0,100,404.47,415.0,0,0.0,0.0,,0.0,1,10.94,1.88,SPY230331C00419000,419.0,normalDay
2023-03-07,11772.0,-670.0,0.0,100,398.27,415.0,0,0.0,0.0,,0.0,1,10.94,0.91,SPY230331C00419000,419.0,normalDay
2023-03-08,11772.0,-596.0,0.0,100,398.92,415.0,0,0.0,0.0,,0.0,1,10.94,0.82,SPY230331C00419000,419.0,normalDay
2023-03-09,11772.0,-1292.0,0.0,100,391.56,415.0,0,0.0,0.0,,0.0,1,10.94,0.42,SPY230331C00419000,419.0,normalDay
2023-03-10,11772.0,-1832.0,0.0,100,385.91,415.0,0,0.0,0.0,,0.0,1,10.94,0.17,SPY230331C00419000,419.0,normalDay
2023-03-13,11772.0,-1889.0,0.0,100,385.36,415.0,0,0.0,0.0,,0.0,1,10.94,0.19,SPY230331C00419000,419.0,normalDay
2023-03-14,11772.0,-1250.0,0.0,100,391.73,415.0,0,0.0,0.0,,0.0,1,10.94,0.17,SPY230331C00419000,419.0,normalDay
2023-03-15,11772.0,-1490.0,0.0,100,389.28,415.0,0,0.0,0.0,,0.0,1,10.94,0.12,SPY230331C00419000,419.0,normalDay
2023-03-16,11772.0,-820.0,0.0,100,396.11,415.0,0,0.0,0.0,,0.0,1,10.94,0.25,SPY230331C00419000,419.0,normalDay
2023-03-17,11772.0,-1419.0,0.0,100,389.99,415.0,0,0.0,0.0,,0.0,1,10.94,0.12,SPY230331C00419000,419.0,normalDay
2023-03-20,11772.0,-1044.0,0.0,100,393.74,415.0,0,0.0,0.0,,0.0,1,10.94,0.12,SPY230331C00419000,419.0,normalDay
2023-03-21,11772.0,-543.0,0.0,100,398.91,415.0,0,0.0,0.0,,0.0,1,10.94,0.28,SPY230331C00419000,419.0,normalDay
2023-03-22,11772.0,-1199.0,0.0,100,392.11,415.0,0,0.0,0.0,,0.0,1,10.94,0.04,SPY230331C00419000,419.0,normalDay
2023-03-23,11772.0,-1093.0,0.0,100,393.17,415.0,0,0.0,0.0,,0.0,1,10.94,0.04,SPY230331C00419000,419.0,normalDay
2023-03-24,11772.0,-834.0,0.0,100,395.75,415.0,0,0.0,0.0,,0.0,1,10.94,0.03,SPY230331C00419000,419.0,normalDay
2023-03-27,11772.0,-759.0,0.0,100,396.49,415.0,0,0.0,0.0,,0.0,1,10.94,0.02,SPY230331C00419000,419.0,normalDay
2023-03-28,11772.0,-847.0,0.0,100,395.6,415.0,0,0.0,0.0,,0.0,1,10.94,0.01,SPY230331C00419000,419.0,normalDay
2023-03-29,11772.0,-272.0,0.0,100,401.35,415.0,0,0.0,0.0,,0.0,1,10.94,0.01,SPY230331C00419000,419.0,normalDay
2023-03-30,11772.0,-37.0,0.0,100,403.7,415.0,0,0.0,0.0,,0.0,1,10.94,0.01,SPY230331C00419000,419.0,normalDay
2023-03-31,12866.0,-561.0,1094.0,100,409.39,415.0,0,0.0,0.0,,0.0,1,10.94,0.0,SPY230331C00419000,419.0,expirationDay
2023-04-03,12866.0,-413.0,0.0,100,410.95,415.0,0,0.0,0.0,,0.0,1,15.43,15.51,SPY230818C00421000,421.0,normalDay
2023-04-04,12866.0,-525.0,0.0,100,408.67,415.0,0,0.0,0.0,,0.0,1,15.43,14.35,SPY230818C00421000,421.0,normalDay
2023-04-05,12866.0,-567.0,0.0,100,407.6,415.0,0,0.0,0.0,,0.0,1,15.43,13.7,SPY230818C00421000,421.0,normalDay
2023-04-06,12866.0,-455.0,0.0,100,409.19,415.0,0,0.0,0.0,,0.0,1,15.43,14.17,SPY230818C00421000,421.0,normalDay
2023-04-10,12866.0,-436.0,0.0,100,409.61,415.0,0,0.0,0.0,,0.0,1,15.43,14.4,SPY230818C00421000,421.0,normalDay
2023-04-11,12866.0,-407.0,0.0,100,409.72,415.0,0,0.0,0.0,,0.0,1,15.43,14.22,SPY230818C00421000,421.0,normalDay
2023-04-12,12866.0,-445.0,0.0,100,408.05,415.0,0,0.0,0.0,,0.0,1,15.43,12.93,SPY230818C00421000,421.0,normalDay
2023-04-13,12866.0,-155.0,0.0,100,413.47,415.0,0,0.0,0.0,,0.0,1,15.43,15.45,SPY230818C00421000,421.0,normalDay
2023-04-14,12866.0,-178.0,0.0,100,412.46,415.0,0,0.0,0.0,,0.0,1,15.43,14.67,SPY230818C00421000,421.0,normalDay
2023-04-17,12866.0,-50.0,0.0,100,413.94,415.0,0,0.0,0.0,,0.0,1,15.43,14.87,SPY230818C00421000,421.0,normalDay
2023-04-18,12866.0,-0.0,0.0,100,414.21,415.0,0,0.0,0.0,,0.0,1,15.43,14.64,SPY230818C00421000,421.0,normalDay
2023-04-19,12866.0,9.0,0.0,100,414.14,415.0,0,0.0,0.0,,0.0,1,15.43,14.48,SPY230818C00421000,421.0,normalDay
2023-04-20,12866.0,-115.0,0.0,100,411.88,415.0,0,0.0,0.0,,0.0,1,15.43,13.46,SPY230818C00421000,421.0,normalDay
2023-04-21,12866.0,-60.0,0.0,100,412.2,415.0,0,0.0,0.0,,0.0,1,15.43,13.23,SPY230818C00421000,421.0,normalDay
2023-04-24,12866.0,-23.0,0.0,100,412.63,415.0,0,0.0,0.0,,0.0,1,15.43,13.29,SPY230818C00421000,421.0,normalDay
2023-04-25,12866.0,-456.0,0.0,100,406.08,415.0,0,0.0,0.0,,0.0,1,15.43,11.07,SPY230818C00421000,421.0,normalDay
2023-04-26,12866.0,-484.0,0.0,100,404.36,415.0,0,0.0,0.0,,0.0,1,15.43,9.63,SPY230818C00421000,421.0,normalDay
2023-04-27,12866.0,-45.0,0.0,100,412.41,415.0,0,0.0,0.0,,0.0,1,15.43,13.29,SPY230818C00421000,421.0,normalDay
2023-04-28,12866.0,191.0,0.0,100,415.93,415.0,0,0.0,0.0,,0.0,1,15.43,14.45,SPY230818C00421000,421.0,normalDay
2023-05-01,12866.0,203.0,0.0,100,415.51,415.0,0,0.0,0.0,,0.0,1,15.43,13.91,SPY230818C00421000,421.0,normalDay
2023-05-02,12866.0,-42.0,0.0,100,410.84,415.0,0,0.0,0.0,,0.0,1,15.43,11.69,SPY230818C00421000,421.0,normalDay
2023-05-03,12866.0,-221.0,0.0,100,408.02,415.0,0,0.0,0.0,,0.0,1,15.43,10.66,SPY230818C00421000,421.0,normalDay
2023-05-04,12866.0,-369.0,0.0,100,405.13,415.0,0,0.0,0.0,,0.0,1,15.43,9.25,SPY230818C00421000,421.0,normalDay
2023-05-05,12866.0,104.0,0.0,100,412.63,415.0,0,0.0,0.0,,0.0,1,15.43,12.02,SPY230818C00421000,421.0,normalDay
2023-05-08,12866.0,132.0,0.0,100,412.74,415.0,0,0.0,0.0,,0.0,1,15.43,11.85,SPY230818C00421000,421.0,normalDay
2023-05-09,12866.0,17.0,0.0,100,410.93,415.0,0,0.0,0.0,,0.0,1,15.43,11.19,SPY230818C00421000,421.0,normalDay
2023-05-10,12866.0,160.0,0.0,100,412.85,415.0,0,0.0,0.0,,0.0,1,15.43,11.68,SPY230818C00421000,421.0,normalDay
2023-05-11,12866.0,175.0,0.0,100,412.13,415.0,0,0.0,0.0,,0.0,1,15.43,10.81,SPY230818C00421000,421.0,normalDay
2023-05-12,12866.0,181.0,0.0,100,411.59,415.0,0,0.0,0.0,,0.0,1,15.43,10.21,SPY230818C00421000,421.0,normalDay
2023-05-15,12866.0,288.0,0.0,100,413.01,415.0,0,0.0,0.0,,0.0,1,15.43,10.56,SPY230818C00421000,421.0,normalDay
2023-05-16,12866.0,134.0,0.0,100,410.25,415.0,0,0.0,0.0,,0.0,1,15.43,9.34,SPY230818C00421000,421.0,normalDay
2023-05-17,12866.0,430.0,0.0,100,415.23,415.0,0,0.0,0.0,,0.0,1,15.43,11.36,SPY230818C00421000,421.0,normalDay
2023-05-18,12866.0,629.0,0.0,100,419.23,415.0,0,0.0,0.0,,0.0,1,15.43,13.37,SPY230818C00421000,421.0,normalDay
2023-05-19,12866.0,591.0,0.0,100,418.62,415.0,0,0.0,0.0,,0.0,1,15.43,13.14,SPY230818C00421000,421.0,normalDay
2023-05-22,12866.0,595.0,0.0,100,418.79,415.0,0,0.0,0.0,,0.0,1,15.43,13.27,SPY230818C00421000,421.0,normalDay
2023-05-23,12866.0,382.0,0.0,100,414.09,415.0,0,0.0,0.0,,0.0,1,15.43,10.7,SPY230818C00421000,421.0,normalDay
2023-05-24,12866.0,208.0,0.0,100,411.09,415.0,0,0.0,0.0,,0.0,1,15.43,9.44,SPY230818C00421000,421.0,normalDay
2023-05-25,12866.0,432.0,0.0,100,414.65,415.0,0,0.0,0.0,,0.0,1,15.43,10.76,SPY230818C00421000,421.0,normalDay
2023-05-26,12866.0,677.0,0.0,100,420.02,415.0,0,0.0,0.0,,0.0,1,15.43,13.68,SPY230818C00421000,421.0,normalDay
2023-05-30,12866.0,727.0,0.0,100,420.18,415.0,0,0.0,0.0,,0.0,1,15.43,13.34,SPY230818C00421000,421.0,normalDay
2023-05-31,12866.0,676.0,0.0,100,417.85,415.0,0,0.0,0.0,,0.0,1,15.43,11.52,SPY230818C00421000,421.0,normalDay
2023-06-01,12866.0,887.0,0.0,100,421.82,415.0,0,0.0,0.0,,0.0,1,15.43,13.38,SPY230818C00421000,421.0,normalDay
2023-06-02,12866.0,1112.0,0.0,100,427.92,415.0,0,0.0,0.0,,0.0,1,15.43,17.23,SPY230818C00421000,421.0,normalDay
2023-06-05,12866.0,1115.0,0.0,100,427.1,415.0,0,0.0,0.0,,0.0,1,15.43,16.38,SPY230818C00421000,421.0,normalDay
2023-06-06,12866.0,1174.0,0.0,100,428.03,415.0,0,0.0,0.0,,0.0,1,15.43,16.72,SPY230818C00421000,421.0,normalDay
2023-06-07,12866.0,1172.0,0.0,100,426.55,415.0,0,0.0,0.0,,0.0,1,15.43,15.26,SPY230818C00421000,421.0,normalDay
2023-06-08,12866.0,1293.0,0.0,100,429.13,415.0,0,0.0,0.0,,0.0,1,15.43,16.63,SPY230818C00421000,421.0,normalDay
2023-06-09,12866.0,1278.0,0.0,100,429.9,415.0,0,0.0,0.0,,0.0,1,15.43,17.55,SPY230818C00421000,421.0,normalDay
2023-06-12,12866.0,1389.0,0.0,100,433.8,415.0,0,0.0,0.0,,0.0,1,15.43,20.34,SPY230818C00421000,421.0,normalDay
2023-06-13,12866.0,1440.0,0.0,100,436.66,415.0,0,0.0,0.0,,0.0,1,15.43,22.69,SPY230818C00421000,421.0,normalDay
2023-06-14,12866.0,1454.0,0.0,100,437.18,415.0,0,0.0,0.0,,0.0,1,15.43,23.07,SPY230818C00421000,421.0,normalDay
2023-06-15,12866.0,1601.0,0.0,100,442.6,415.0,0,0.0,0.0,,0.0,1,15.43,27.02,SPY230818C00421000,421.0,normalDay
2023-06-16,12866.0,1361.0,0.0,100,439.46,415.0,0,0.0,0.0,,0.0,1,15.43,26.28,SPY230818C00421000,421.0,normalDay
2023-06-20,12866.0,1411.0,0.0,100,437.18,415.0,0,0.0,0.0,,0.0,1,15.43,23.5,SPY230818C00421000,421.0,normalDay
2023-06-21,12866.0,1353.0,0.0,100,434.94,415.0,0,0.0,0.0,,0.0,1,15.43,21.84,SPY230818C00421000,421.0,normalDay
2023-06-22,12866.0,1450.0,0.0,100,436.51,415.0,0,0.0,0.0,,0.0,1,15.43,22.44,SPY230818C00421000,421.0,normalDay
2023-06-23,12866.0,1374.0,0.0,100,433.21,415.0,0,0.0,0.0,,0.0,1,15.43,19.9,SPY230818C00421000,421.0,normalDay
2023-06-26,12866.0,1344.0,0.0,100,431.44,415.0,0,0.0,0.0,,0.0,1,15.43,18.43,SPY230818C00421000,421.0,normalDay
2023-06-27,12866.0,1499.0,0.0,100,436.17,415.0,0,0.0,0.0,,0.0,1,15.43,21.61,SPY230818C00421000,421.0,normalDay
2023-06-28,12866.0,1467.0,0.0,100,436.39,415.0,0,0.0,0.0,,0.0,1,15.43,22.15,SPY230818C00421000,421.0,normalDay
2023-06-29,12866.0,1540.0,0.0,100,438.11,415.0,0,0.0,0.0,,0.0,1,15.43,23.14,SPY230818C00421000,421.0,normalDay
2023-06-30,12866.0,1607.0,0.0,100,443.28,415.0,0,0.0,0.0,,0.0,1,15.43,27.64,SPY230818C00421000,421.0,normalDay
2023-07-03,12866.0,1605.0,0.0,100,443.79,415.0,0,0.0,0.0,,0.0,1,15.43,28.17,SPY230818C00421000,421.0,normalDay
2023-07-05,12866.0,1637.0,0.0,100,443.13,415.0,0,0.0,0.0,,0.0,1,15.43,27.19,SPY230818C00421000,421.0,normalDay
2023-07-06,12866.0,1576.0,0.0,100,439.66,415.0,0,0.0,0.0,,0.0,1,15.43,24.33,SPY230818C00421000,421.0,normalDay
2023-07-07,12866.0,1565.0,0.0,100,438.55,415.0,0,0.0,0.0,,0.0,1,15.43,23.33,SPY230818C00421000,421.0,normalDay
2023-07-10,12866.0,1622.0,0.0,100,439.66,415.0,0,0.0,0.0,,0.0,1,15.43,23.87,SPY230818C00421000,421.0,normalDay
2023-07-11,12866.0,1700.0,0.0,100,442.46,415.0,0,0.0,0.0,,0.0,1,15.43,25.89,SPY230818C00421000,421.0,normalDay
2023-07-12,12866.0,1740.0,0.0,100,446.02,415.0,0,0.0,0.0,,0.0,1,15.43,29.05,SPY230818C00421000,421.0,normalDay
2023-07-13,12866.0,1797.0,0.0,100,449.56,415.0,0,0.0,0.0,,0.0,1,15.43,32.02,SPY230818C00421000,421.0,normalDay
2023-07-14,12866.0,1833.0,0.0,100,449.28,415.0,0,0.0,0.0,,0.0,1,15.43,31.38,SPY230818C00421000,421.0,normalDay
2023-07-17,12866.0,1869.0,0.0,100,450.84,415.0,0,0.0,0.0,,0.0,1,15.43,32.58,SPY230818C00421000,421.0,normalDay
2023-07-18,12866.0,1870.0,0.0,100,454.19,415.0,0,0.0,0.0,,0.0,1,15.43,35.92,SPY230818C00421000,421.0,normalDay
2023-07-19,12866.0,1863.0,0.0,100,455.2,415.0,0,0.0,0.0,,0.0,1,15.43,37.0,SPY230818C00421000,421.0,normalDay
2023-07-20,12866.0,1828.0,0.0,100,452.18,415.0,0,0.0,0.0,,0.0,1,15.43,34.33,SPY230818C00421000,421.0,normalDay
2023-07-21,12866.0,1872.0,0.0,100,452.18,415.0,0,0.0,0.0,,0.0,1,15.43,33.89,SPY230818C00421000,421.0,normalDay
2023-07-24,12866.0,1878.0,0.0,100,454.2,415.0,0,0.0,0.0,,0.0,1,15.43,35.85,SPY230818C00421000,421.0,normalDay
2023-07-25,12866.0,1854.0,0.0,100,455.44,415.0,0,0.0,0.0,,0.0,1,15.43,37.33,SPY230818C00421000,421.0,normalDay
2023-07-26,12866.0,1868.0,0.0,100,455.51,415.0,0,0.0,0.0,,0.0,1,15.43,37.26,SPY230818C00421000,421.0,normalDay
2023-07-27,12866.0,1890.0,0.0,100,452.49,415.0,0,0.0,0.0,,0.0,1,15.43,34.02,SPY230818C00421000,421.0,normalDay
2023-07-28,12866.0,1969.0,0.0,100,456.92,415.0,0,0.0,0.0,,0.0,1,15.43,37.66,SPY230818C00421000,421.0,normalDay
2023-07-31,12866.0,1973.0,0.0,100,457.79,415.0,0,0.0,0.0,,0.0,1,15.43,38.49,SPY230818C00421000,421.0,normalDay
2023-08-01,12866.0,1996.0,0.0,100,456.48,415.0,0,0.0,0.0,,0.0,1,15.43,36.95,SPY230818C00421000,421.0,normalDay
2023-08-02,12866.0,1956.0,0.0,100,450.13,415.0,0,0.0,0.0,,0.0,1,15.43,31.0,SPY230818C00421000,421.0,normalDay
2023-08-03,12866.0,1865.0,0.0,100,448.84,415.0,0,0.0,0.0,,0.0,1,15.43,30.62,SPY230818C00421000,421.0,normalDay
2023-08-04,12866.0,1986.0,0.0,100,446.81,415.0,0,0.0,0.0,,0.0,1,15.43,27.38,SPY230818C00421000,421.0,normalDay
2023-08-07,12866.0,2012.0,0.0,100,450.71,415.0,0,0.0,0.0,,0.0,1,15.43,31.02,SPY230818C00421000,421.0,normalDay
2023-08-08,12866.0,2045.0,0.0,100,448.75,415.0,0,0.0,0.0,,0.0,1,15.43,28.73,SPY230818C00421000,421.0,normalDay
2023-08-09,12866.0,1995.0,0.0,100,445.75,415.0,0,0.0,0.0,,0.0,1,15.43,26.23,SPY230818C00421000,421.0,normalDay
2023-08-10,12866.0,2070.0,0.0,100,445.91,415.0,0,0.0,0.0,,0.0,1,15.43,25.64,SPY230818C00421000,421.0,normalDay
2023-08-11,12866.0,2061.0,0.0,100,445.65,415.0,0,0.0,0.0,,0.0,1,15.43,25.47,SPY230818C00421000,421.0,normalDay
2023-08-14,12866.0,2086.0,0.0,100,448.11,415.0,0,0.0,0.0,,0.0,1,15.43,27.68,SPY230818C00421000,421.0,normalDay
2023-08-15,12866.0,2105.0,0.0,100,442.89,415.0,0,0.0,0.0,,0.0,1,15.43,22.27,SPY230818C00421000,421.0,normalDay
2023-08-16,12866.0,2077.0,0.0,100,439.64,415.0,0,0.0,0.0,,0.0,1,15.43,19.3,SPY230818C00421000,421.0,normalDay
2023-08-17,12866.0,2135.0,0.0,100,436.29,415.0,0,0.0,0.0,,0.0,1,15.43,15.37,SPY230818C00421000,421.0,normalDay
2023-08-18,15009.0,2135.0,2143.0,0,436.5,0.0,0,0.0,0.0,,0.0,1,15.43,0.0,SPY230818C00421000,421.0,expirationDay
2023-08-21,15009.0,-13.0,0.0,0,439.34,0.0,1,6.26,6.39,SPY230824P00445000,445.0,0,0.0,0.0,,0.0,normalDay
2023-08-22,15009.0,-75.0,0.0,0,438.15,0.0,1,6.26,7.01,SPY230824P00445000,445.0,0,0.0,0.0,,0.0,normalDay
2023-08-23,15009.0,365.0,0.0,0,443.03,0.0,1,6.26,2.61,SPY230824P00445000,445.0,0,0.0,0.0,,0.0,normalDay
2023-08-24,15635.0,-811.0,626.0,100,436.89,445.0,1,6.26,0.0,SPY230824P00445000,445.0,0,0.0,0.0,,0.0,expirationDay
2023-08-25,15635.0,-511.0,0.0,100,439.97,445.0,0,0.0,0.0,,0.0,1,4.07,4.15,SPY231229C00470000,470.0,normalDay
2023-08-28,15635.0,-282.0,0.0,100,442.76,445.0,0,0.0,0.0,,0.0,1,4.07,4.65,SPY231229C00470000,470.0,normalDay
2023-08-29,15635.0,173.0,0.0,100,449.16,445.0,0,0.0,0.0,,0.0,1,4.07,6.5,SPY231229C00470000,470.0,normalDay
2023-08-30,15635.0,313.0,0.0,100,451.01,445.0,0,0.0,0.0,,0.0,1,4.07,6.95,SPY231229C00470000,470.0,normalDay
2023-08-31,15635.0,286.0,0.0,100,450.35,445.0,0,0.0,0.0,,0.0,1,4.07,6.56,SPY231229C00470000,470.0,normalDay
2023-09-01,15635.0,384.0,0.0,100,451.19,445.0,0,0.0,0.0,,0.0,1,4.07,6.42,SPY231229C00470000,470.0,normalDay
2023-09-05,15635.0,268.0,0.0,100,449.24,445.0,0,0.0,0.0,,0.0,1,4.07,5.63,SPY231229C00470000,470.0,normalDay
2023-09-06,15635.0,64.0,0.0,100,446.22,445.0,0,0.0,0.0,,0.0,1,4.07,4.65,SPY231229C00470000,470.0,normalDay
2023-09-07,15635.0,-27.0,0.0,100,444.85,445.0,0,0.0,0.0,,0.0,1,4.07,4.19,SPY231229C00470000,470.0,normalDay
2023-09-08,15635.0,34.0,0.0,100,445.52,445.0,0,0.0,0.0,,0.0,1,4.07,4.25,SPY231229C00470000,470.0,normalDay
2023-09-11,15635.0,276.0,0.0,100,448.45,445.0,0,0.0,0.0,,0.0,1,4.07,4.76,SPY231229C00470000,470.0,normalDay
2023-09-12,15635.0,101.0,0.0,100,445.99,445.0,0,0.0,0.0,,0.0,1,4.07,4.05,SPY231229C00470000,470.0,normalDay
2023-09-13,15635.0,160.0,0.0,100,446.51,445.0,0,0.0,0.0,,0.0,1,4.07,3.98,SPY231229C00470000,470.0,normalDay
2023-09-14,15635.0,467.0,0.0,100,450.36,445.0,0,0.0,0.0,,0.0,1,4.07,4.76,SPY231229C00470000,470.0,normalDay
2023-09-15,15635.0,-88.0,0.0,100,443.37,445.0,0,0.0,0.0,,0.0,1,4.07,3.32,SPY231229C00470000,470.0,normalDay
2023-09-18,15635.0,-60.0,0.0,100,443.63,445.0,0,0.0,0.0,,0.0,1,4.07,3.3,SPY231229C00470000,470.0,normalDay
2023-09-19,15635.0,-126.0,0.0,100,442.71,445.0,0,0.0,0.0,,0.0,1,4.07,3.04,SPY231229C00470000,470.0,normalDay
2023-09-20,15635.0,-455.0,0.0,100,438.64,445.0,0,0.0,0.0,,0.0,1,4.07,2.26,SPY231229C00470000,470.0,normalDay
2023-09-21,15635.0,-1097.0,0.0,100,431.39,445.0,0,0.0,0.0,,0.0,1,4.07,1.43,SPY231229C00470000,470.0,normalDay
2023-09-22,15635.0,-1179.0,0.0,100,430.42,445.0,0,0.0,0.0,,0.0,1,4.07,1.28,SPY231229C00470000,470.0,normalDay
2023-09-25,15635.0,-1009.0,0.0,100,432.23,445.0,0,0.0,0.0,,0.0,1,4.07,1.39,SPY231229C00470000,470.0,normalDay
2023-09-26,15635.0,-1609.0,0.0,100,425.88,445.0,0,0.0,0.0,,0.0,1,4.07,1.04,SPY231229C00470000,470.0,normalDay
2023-09-27,15635.0,-1582.0,0.0,100,426.05,445.0,0,0.0,0.0,,0.0,1,4.07,0.94,SPY231229C00470000,470.0,normalDay
2023-09-28,15635.0,-1343.0,0.0,100,428.52,445.0,0,0.0,0.0,,0.0,1,4.07,1.02,SPY231229C00470000,470.0,normalDay
2023-09-29,15635.0,-1439.0,0.0,100,427.48,445.0,0,0.0,0.0,,0.0,1,4.07,0.94,SPY231229C00470000,470.0,normalDay
2023-10-02,15635.0,-1448.0,0.0,100,427.31,445.0,0,0.0,0.0,,0.0,1,4.07,0.86,SPY231229C00470000,470.0,normalDay
2023-10-03,15635.0,-2005.0,0.0,100,421.59,445.0,0,0.0,0.0,,0.0,1,4.07,0.71,SPY231229C00470000,470.0,normalDay
2023-10-04,15635.0,-1705.0,0.0,100,424.66,445.0,0,0.0,0.0,,0.0,1,4.07,0.78,SPY231229C00470000,470.0,normalDay
2023-10-05,15635.0,-1714.0,0.0,100,424.5,445.0,0,0.0,0.0,,0.0,1,4.07,0.71,SPY231229C00470000,470.0,normalDay
2023-10-06,15635.0,-1245.0,0.0,100,429.54,445.0,0,0.0,0.0,,0.0,1,4.07,1.06,SPY231229C00470000,470.0,normalDay
2023-10-09,15635.0,-989.0,0.0,100,432.29,445.0,0,0.0,0.0,,0.0,1,4.07,1.25,SPY231229C00470000,470.0,normalDay
2023-10-10,15635.0,-774.0,0.0,100,434.54,445.0,0,0.0,0.0,,0.0,1,4.07,1.35,SPY231229C00470000,470.0,normalDay
2023-10-11,15635.0,-603.0,0.0,100,436.32,445.0,0,0.0,0.0,,0.0,1,4.07,1.42,SPY231229C00470000,470.0,normalDay
2023-10-12,15635.0,-826.0,0.0,100,433.66,445.0,0,0.0,0.0,,0.0,1,4.07,0.99,SPY231229C00470000,470.0,normalDay
2023-10-13,15635.0,-1037.0,0.0,100,431.5,445.0,0,0.0,0.0,,0.0,1,4.07,0.94,SPY231229C00470000,470.0,normalDay
2023-10-16,15635.0,-602.0,0.0,100,436.04,445.0,0,0.0,0.0,,0.0,1,4.07,1.13,SPY231229C00470000,470.0,normalDay
2023-10-17,15635.0,-603.0,0.0,100,436.02,445.0,0,0.0,0.0,,0.0,1,4.07,1.12,SPY231229C00470000,470.0,normalDay
2023-10-18,15635.0,-1149.0,0.0,100,430.21,445.0,0,0.0,0.0,,0.0,1,4.07,0.77,SPY231229C00470000,470.0,normalDay
2023-10-19,15635.0,-1502.0,0.0,100,426.43,445.0,0,0.0,0.0,,0.0,1,4.07,0.52,SPY231229C00470000,470.0,normalDay
2023-10-20,15635.0,-2011.0,0.0,100,421.19,445.0,0,0.0,0.0,,0.0,1,4.07,0.37,SPY231229C00470000,470.0,normalDay
2023-10-23,15635.0,-2077.0,0.0,100,420.46,445.0,0,0.0,0.0,,0.0,1,4.07,0.3,SPY231229C00470000,470.0,normalDay
2023-10-24,15635.0,-1764.0,0.0,100,423.63,445.0,0,0.0,0.0,,0.0,1,4.07,0.34,SPY231229C00470000,470.0,normalDay
2023-10-25,15635.0,-2360.0,0.0,100,417.55,445.0,0,0.0,0.0,,0.0,1,4.07,0.22,SPY231229C00470000,470.0,normalDay
2023-10-26,15635.0,-2854.0,0.0,100,412.55,445.0,0,0.0,0.0,,0.0,1,4.07,0.16,SPY231229C00470000,470.0,normalDay
2023-10-27,15635.0,-3039.0,0.0,100,410.68,445.0,0,0.0,0.0,,0.0,1,4.07,0.14,SPY231229C00470000,470.0,normalDay
2023-10-30,15635.0,-2549.0,0.0,100,415.59,445.0,0,0.0,0.0,,0.0,1,4.07,0.15,SPY231229C00470000,470.0,normalDay
2023-10-31,15635.0,-2286.0,0.0,100,418.2,445.0,0,0.0,0.0,,0.0,1,4.07,0.13,SPY231229C00470000,470.0,normalDay
2023-11-01,15635.0,-1845.0,0.0,100,422.66,445.0,0,0.0,0.0,,0.0,1,4.07,0.18,SPY231229C00470000,470.0,normalDay
2023-11-02,15635.0,-1046.0,0.0,100,430.76,445.0,0,0.0,0.0,,0.0,1,4.07,0.29,SPY231229C00470000,470.0,normalDay
2023-11-03,15635.0,-662.0,0.0,100,434.69,445.0,0,0.0,0.0,,0.0,1,4.07,0.38,SPY231229C00470000,470.0,normalDay
2023-11-06,15635.0,-555.0,0.0,100,435.69,445.0,0,0.0,0.0,,0.0,1,4.07,0.31,SPY231229C00470000,470.0,normalDay
2023-11-07,15635.0,-432.0,0.0,100,436.93,445.0,0,0.0,0.0,,0.0,1,4.07,0.32,SPY231229C00470000,470.0,normalDay
2023-11-08,15635.0,-397.0,0.0,100,437.25,445.0,0,0.0,0.0,,0.0,1,4.07,0.29,SPY231229C00470000,470.0,normalDay
2023-11-09,15635.0,-730.0,0.0,100,433.84,445.0,0,0.0,0.0,,0.0,1,4.07,0.21,SPY231229C00470000,470.0,normalDay
2023-11-10,15635.0,-72.0,0.0,100,440.61,445.0,0,0.0,0.0,,0.0,1,4.07,0.4,SPY231229C00470000,470.0,normalDay
2023-11-13,15635.0,-109.0,0.0,100,440.19,445.0,0,0.0,0.0,,0.0,1,4.07,0.35,SPY231229C00470000,470.0,normalDay
2023-11-14,15635.0,664.0,0.0,100,448.73,445.0,0,0.0,0.0,,0.0,1,4.07,1.16,SPY231229C00470000,470.0,normalDay
2023-11-15,15635.0,770.0,0.0,100,449.68,445.0,0,0.0,0.0,,0.0,1,4.07,1.05,SPY231229C00470000,470.0,normalDay
2023-11-16,15635.0,828.0,0.0,100,450.23,445.0,0,0.0,0.0,,0.0,1,4.07,1.02,SPY231229C00470000,470.0,normalDay
2023-11-17,15635.0,889.0,0.0,100,450.79,445.0,0,0.0,0.0,,0.0,1,4.07,0.97,SPY231229C00470000,470.0,normalDay
2023-11-20,15635.0,1200.0,0.0,100,454.26,445.0,0,0.0,0.0,,0.0,1,4.07,1.33,SPY231229C00470000,470.0,normalDay
2023-11-21,15635.0,1129.0,0.0,100,453.27,445.0,0,0.0,0.0,,0.0,1,4.07,1.05,SPY231229C00470000,470.0,normalDay
2023-11-22,15635.0,1293.0,0.0,100,455.02,445.0,0,0.0,0.0,,0.0,1,4.07,1.16,SPY231229C00470000,470.0,normalDay
2023-11-24,15635.0,1338.0,0.0,100,455.3,445.0,0,0.0,0.0,,0.0,1,4.07,0.99,SPY231229C00470000,470.0,normalDay
2023-11-27,15635.0,1273.0,0.0,100,454.48,445.0,0,0.0,0.0,,0.0,1,4.07,0.82,SPY231229C00470000,470.0,normalDay
2023-11-28,15635.0,1319.0,0.0,100,454.93,445.0,0,0.0,0.0,,0.0,1,4.07,0.81,SPY231229C00470000,470.0,normalDay
2023-11-29,15635.0,1282.0,0.0,100,454.61,445.0,0,0.0,0.0,,0.0,1,4.07,0.86,SPY231229C00470000,470.0,normalDay
2023-11-30,15635.0,1454.0,0.0,100,456.4,445.0,0,0.0,0.0,,0.0,1,4.07,0.93,SPY231229C00470000,470.0,normalDay
