date,totalCapital,unrializedPnL,rializedPnL,stocksOwned,stocksPriceToday,stocksPriceBoughtAt,putOwned,putOwnedSoldAt,putPriceToday,putOwnedContract,putOwnedStrike,callOwned,callOwnedSoldAt,callPriceToday,callOwnedContract,callOwnedStrike,trackType
2018-11-01,0.0,-3.0,0.0,0,273.51,0.0,1,0.18,0.21,SPY181102P00268000,268.0,0,0.0,0.0,,0.0,normalDay
2018-11-02,18.0,0.0,18.0,0,271.89,0.0,1,0.18,0.0,SPY181102P00268000,268.0,0,0.0,0.0,,0.0,expirationDay
2018-11-05,18.0,-3.0,0.0,0,273.39,0.0,1,0.58,0.61,SPY181107P00268000,268.0,0,0.0,0.0,,0.0,normalDay
2018-11-06,18.0,28.0,0.0,0,275.12,0.0,1,0.58,0.3,SPY181107P00268000,268.0,0,0.0,0.0,,0.0,normalDay
2018-11-07,76.0,0.0,58.0,0,281.01,0.0,1,0.58,0.0,SPY181107P00268000,268.0,0,0.0,0.0,,0.0,expirationDay
2018-11-08,76.0,0.0,0.0,0,280.5,0.0,0,0.0,0.0,,0.0,0,0.0,0.0,,0.0,bidTooLow
2018-11-09,76.0,0.0,0.0,0,277.76,0.0,0,0.0,0.0,,0.0,0,0.0,0.0,,0.0,bidTooLow
2018-11-12,76.0,-4.0,0.0,0,272.57,0.0,1,0.63,0.67,SPY181114P00268500,268.5,0,0.0,0.0,,0.0,normalDay
2018-11-13,76.0,25.0,0.0,0,272.06,0.0,1,0.63,0.38,SPY181114P00268500,268.5,0,0.0,0.0,,0.0,normalDay
2018-11-14,139.0,0.0,63.0,0,270.2,0.0,1,0.63,0.0,SPY181114P00268500,268.5,0,0.0,0.0,,0.0,expirationDay
2018-11-15,139.0,-3.0,0.0,0,273.02,0.0,1,0.19,0.22,SPY181116P00268000,268.0,0,0.0,0.0,,0.0,normalDay
2018-11-16,158.0,0.0,19.0,0,273.73,0.0,1,0.19,0.0,SPY181116P00268000,268.0,0,0.0,0.0,,0.0,expirationDay
2018-11-19,158.0,-4.0,0.0,0,269.1,0.0,1,1.09,1.13,SPY181121P00267500,267.5,0,0.0,0.0,,0.0,normalDay
2018-11-20,158.0,-294.0,0.0,0,264.12,0.0,1,1.09,4.03,SPY181121P00267500,267.5,0,0.0,0.0,,0.0,normalDay
2018-11-21,267.0,-248.0,109.0,100,265.02,267.5,1,1.09,0.0,SPY181121P00267500,267.5,0,0.0,0.0,,0.0,expirationDay
2018-11-23,267.0,-425.0,0.0,100,263.25,267.5,0,0.0,0.0,,0.0,0,0.0,0.0,,0.0,bidTooLow
2018-11-26,267.0,0.0,0.0,100,267.5,267.5,0,0.0,0.0,,0.0,0,0.0,0.0,,0.0,bidTooLow
2018-11-27,267.0,90.0,0.0,100,268.4,267.5,0,0.0,0.0,,0.0,0,0.0,0.0,,0.0,bidTooLow
2018-11-28,267.0,705.0,0.0,100,274.58,267.5,0,0.0,0.0,,0.0,1,0.29,0.32,SPY181207C00286000,286.0,normalDay
2018-11-29,267.0,651.0,0.0,100,273.98,267.5,0,0.0,0.0,,0.0,1,0.29,0.26,SPY181207C00286000,286.0,normalDay
2018-11-30,267.0,814.0,0.0,100,275.65,267.5,0,0.0,0.0,,0.0,1,0.29,0.3,SPY181207C00286000,286.0,normalDay
2018-12-03,267.0,1200.0,0.0,100,279.3,267.5,0,0.0,0.0,,0.0,1,0.29,0.09,SPY181207C00286000,286.0,normalDay
2018-12-04,267.0,302.0,0.0,100,270.25,267.5,0,0.0,0.0,,0.0,1,0.29,0.02,SPY181207C00286000,286.0,normalDay
2018-12-06,267.0,262.0,0.0,100,269.84,267.5,0,0.0,0.0,,0.0,1,0.29,0.01,SPY181207C00286000,286.0,normalDay
2018-12-07,296.0,-393.0,29.0,100,263.57,267.5,0,0.0,0.0,,0.0,1,0.29,0.0,SPY181207C00286000,286.0,expirationDay
2018-12-10,296.0,-346.0,0.0,100,264.07,267.5,0,0.0,0.0,,0.0,1,0.01,0.04,SPY181219C00284000,284.0,normalDay
2018-12-11,296.0,-339.0,0.0,100,264.13,267.5,0,0.0,0.0,,0.0,1,0.01,0.03,SPY181219C00284000,284.0,normalDay
2018-12-12,296.0,-206.0,0.0,100,265.46,267.5,0,0.0,0.0,,0.0,1,0.01,0.03,SPY181219C00284000,284.0,normalDay
2018-12-13,296.0,-214.0,0.0,100,265.37,267.5,0,0.0,0.0,,0.0,1,0.01,0.02,SPY181219C00284000,284.0,normalDay
2018-12-14,296.0,-703.0,0.0,100,260.47,267.5,0,0.0,0.0,,0.0,1,0.01,0.01,SPY181219C00284000,284.0,normalDay
2018-12-17,296.0,-1214.0,0.0,100,255.36,267.5,0,0.0,0.0,,0.0,1,0.01,0.01,SPY181219C00284000,284.0,normalDay
2018-12-18,296.0,-1242.0,0.0,100,255.08,267.5,0,0.0,0.0,,0.0,1,0.01,0.01,SPY181219C00284000,284.0,normalDay
2018-12-19,297.0,-1624.0,1.0,100,251.26,267.5,0,0.0,0.0,,0.0,1,0.01,0.0,SPY181219C00284000,284.0,expirationDay
2018-12-20,297.0,-2033.0,0.0,100,247.17,267.5,0,0.0,0.0,,0.0,0,0.0,0.0,,0.0,bidTooLow
2018-12-21,297.0,-2680.0,0.0,100,240.7,267.5,0,0.0,0.0,,0.0,0,0.0,0.0,,0.0,bidTooLow
2018-12-24,297.0,-3316.0,0.0,100,234.34,267.5,0,0.0,0.0,,0.0,0,0.0,0.0,,0.0,bidTooLow
2018-12-26,297.0,-2132.0,0.0,100,246.18,267.5,0,0.0,0.0,,0.0,0,0.0,0.0,,0.0,bidTooLow
2018-12-27,297.0,-1943.0,0.0,100,248.07,267.5,0,0.0,0.0,,0.0,0,0.0,0.0,,0.0,bidTooLow
2018-12-28,297.0,-1975.0,0.0,100,247.75,267.5,0,0.0,0.0,,0.0,0,0.0,0.0,,0.0,bidTooLow
2018-12-31,297.0,-1758.0,0.0,100,249.92,267.5,0,0.0,0.0,,0.0,0,0.0,0.0,,0.0,bidTooLow
2019-01-02,297.0,-1732.0,0.0,100,250.18,267.5,0,0.0,0.0,,0.0,0,0.0,0.0,,0.0,bidTooLow
2019-01-03,297.0,-2329.0,0.0,100,244.21,267.5,0,0.0,0.0,,0.0,0,0.0,0.0,,0.0,bidTooLow
2019-01-04,297.0,-1511.0,0.0,100,252.39,267.5,0,0.0,0.0,,0.0,0,0.0,0.0,,0.0,bidTooLow
2019-01-07,297.0,-1312.0,0.0,100,254.38,267.5,0,0.0,0.0,,0.0,0,0.0,0.0,,0.0,bidTooLow
2019-01-08,297.0,-1073.0,0.0,100,256.77,267.5,0,0.0,0.0,,0.0,0,0.0,0.0,,0.0,bidTooLow
2019-01-09,297.0,-956.0,0.0,100,257.97,267.5,0,0.0,0.0,,0.0,1,0.01,0.04,SPY190118C00276000,276.0,normalDay
2019-01-10,297.0,-864.0,0.0,100,258.88,267.5,0,0.0,0.0,,0.0,1,0.01,0.03,SPY190118C00276000,276.0,normalDay
2019-01-11,297.0,-853.0,0.0,100,258.98,267.5,0,0.0,0.0,,0.0,1,0.01,0.02,SPY190118C00276000,276.0,normalDay
2019-01-14,297.0,-1011.0,0.0,100,257.4,267.5,0,0.0,0.0,,0.0,1,0.01,0.02,SPY190118C00276000,276.0,normalDay
2019-01-15,297.0,-715.0,0.0,100,260.35,267.5,0,0.0,0.0,,0.0,1,0.01,0.01,SPY190118C00276000,276.0,normalDay
2019-01-16,297.0,-653.0,0.0,100,260.98,267.5,0,0.0,0.0,,0.0,1,0.01,0.02,SPY190118C00276000,276.0,normalDay
2019-01-17,297.0,-454.0,0.0,100,262.96,267.5,0,0.0,0.0,,0.0,1,0.01,0.01,SPY190118C00276000,276.0,normalDay
2019-01-18,298.0,-104.0,1.0,100,266.46,267.5,0,0.0,0.0,,0.0,1,0.01,0.0,SPY190118C00276000,276.0,expirationDay
2019-01-22,298.0,-467.0,0.0,100,262.86,267.5,0,0.0,0.0,,0.0,1,0.01,0.04,SPY190130C00278000,278.0,normalDay
2019-01-23,298.0,-410.0,0.0,100,263.41,267.5,0,0.0,0.0,,0.0,1,0.01,0.02,SPY190130C00278000,278.0,normalDay
2019-01-24,298.0,-395.0,0.0,100,263.55,267.5,0,0.0,0.0,,0.0,1,0.01,0.01,SPY190130C00278000,278.0,normalDay
2019-01-25,298.0,-172.0,0.0,100,265.78,267.5,0,0.0,0.0,,0.0,1,0.01,0.01,SPY190130C00278000,278.0,normalDay
2019-01-28,298.0,-374.0,0.0,100,263.76,267.5,0,0.0,0.0,,0.0,1,0.01,0.01,SPY190130C00278000,278.0,normalDay
2019-01-29,298.0,-409.0,0.0,100,263.41,267.5,0,0.0,0.0,,0.0,1,0.01,0.01,SPY190130C00278000,278.0,normalDay
2019-01-30,299.0,8.0,1.0,100,267.58,267.5,0,0.0,0.0,,0.0,1,0.01,0.0,SPY190130C00278000,278.0,expirationDay
2019-01-31,299.0,240.0,0.0,100,269.93,267.5,0,0.0,0.0,,0.0,1,0.2,0.23,SPY190208C00277500,277.5,normalDay
2019-02-01,299.0,266.0,0.0,100,270.06,267.5,0,0.0,0.0,,0.0,1,0.2,0.1,SPY190208C00277500,277.5,normalDay
2019-02-04,299.0,458.0,0.0,100,271.96,267.5,0,0.0,0.0,,0.0,1,0.2,0.08,SPY190208C00277500,277.5,normalDay
2019-02-05,299.0,567.0,0.0,100,273.1,267.5,0,0.0,0.0,,0.0,1,0.2,0.13,SPY190208C00277500,277.5,normalDay
2019-02-06,299.0,541.0,0.0,100,272.74,267.5,0,0.0,0.0,,0.0,1,0.2,0.03,SPY190208C00277500,277.5,normalDay
2019-02-07,299.0,283.0,0.0,100,270.14,267.5,0,0.0,0.0,,0.0,1,0.2,0.01,SPY190208C00277500,277.5,normalDay
2019-02-08,319.0,297.0,20.0,100,270.47,267.5,0,0.0,0.0,,0.0,1,0.2,0.0,SPY190208C00277500,277.5,expirationDay
2019-02-11,319.0,309.0,0.0,100,270.62,267.5,0,0.0,0.0,,0.0,1,0.01,0.04,SPY190220C00280000,280.0,normalDay
2019-02-12,319.0,643.0,0.0,100,274.1,267.5,0,0.0,0.0,,0.0,1,0.01,0.18,SPY190220C00280000,280.0,normalDay
2019-02-13,319.0,731.0,0.0,100,274.99,267.5,0,0.0,0.0,,0.0,1,0.01,0.19,SPY190220C00280000,280.0,normalDay
2019-02-14,319.0,679.0,0.0,100,274.38,267.5,0,0.0,0.0,,0.0,1,0.01,0.1,SPY190220C00280000,280.0,normalDay
2019-02-15,319.0,963.0,0.0,100,277.37,267.5,0,0.0,0.0,,0.0,1,0.01,0.25,SPY190220C00280000,280.0,normalDay
2019-02-19,319.0,1032.0,0.0,100,277.85,267.5,0,0.0,0.0,,0.0,1,0.01,0.04,SPY190220C00280000,280.0,normalDay
2019-02-20,320.0,1091.0,1.0,100,278.41,267.5,0,0.0,0.0,,0.0,1,0.01,0.0,SPY190220C00280000,280.0,expirationDay
2019-02-21,320.0,989.0,0.0,100,277.42,267.5,0,0.0,0.0,,0.0,1,0.03,0.06,SPY190301C00285000,285.0,normalDay
2019-02-22,320.0,1161.0,0.0,100,279.14,267.5,0,0.0,0.0,,0.0,1,0.03,0.06,SPY190301C00285000,285.0,normalDay
2019-02-25,320.0,1196.0,0.0,100,279.52,267.5,0,0.0,0.0,,0.0,1,0.03,0.09,SPY190301C00285000,285.0,normalDay
2019-02-26,320.0,1181.0,0.0,100,279.32,267.5,0,0.0,0.0,,0.0,1,0.03,0.04,SPY190301C00285000,285.0,normalDay
2019-02-27,320.0,1172.0,0.0,100,279.2,267.5,0,0.0,0.0,,0.0,1,0.03,0.01,SPY190301C00285000,285.0,normalDay
2019-02-28,320.0,1120.0,0.0,100,278.68,267.5,0,0.0,0.0,,0.0,1,0.03,0.01,SPY190301C00285000,285.0,normalDay
2019-03-01,323.0,1292.0,3.0,100,280.42,267.5,0,0.0,0.0,,0.0,1,0.03,0.0,SPY190301C00285000,285.0,expirationDay
2019-03-04,323.0,1187.0,0.0,100,279.4,267.5,0,0.0,0.0,,0.0,1,0.07,0.1,SPY190313C00286000,286.0,normalDay
2019-03-05,323.0,1152.0,0.0,100,279.02,267.5,0,0.0,0.0,,0.0,1,0.07,0.07,SPY190313C00286000,286.0,normalDay
2019-03-06,323.0,986.0,0.0,100,277.33,267.5,0,0.0,0.0,,0.0,1,0.07,0.04,SPY190313C00286000,286.0,normalDay
2019-03-07,323.0,756.0,0.0,100,275.01,267.5,0,0.0,0.0,,0.0,1,0.07,0.02,SPY190313C00286000,286.0,normalDay
2019-03-08,323.0,702.0,0.0,100,274.46,267.5,0,0.0,0.0,,0.0,1,0.07,0.01,SPY190313C00286000,286.0,normalDay
2019-03-11,323.0,1100.0,0.0,100,278.44,267.5,0,0.0,0.0,,0.0,1,0.07,0.01,SPY190313C00286000,286.0,normalDay
2019-03-12,323.0,1205.0,0.0,100,279.49,267.5,0,0.0,0.0,,0.0,1,0.07,0.01,SPY190313C00286000,286.0,normalDay
2019-03-13,330.0,1384.0,7.0,100,281.34,267.5,0,0.0,0.0,,0.0,1,0.07,0.0,SPY190313C00286000,286.0,expirationDay
2019-03-14,330.0,1363.0,0.0,100,281.16,267.5,0,0.0,0.0,,0.0,1,0.32,0.35,SPY190322C00284000,284.0,normalDay
2019-03-15,330.0,1365.0,0.0,100,281.31,267.5,0,0.0,0.0,,0.0,1,0.32,0.48,SPY190322C00284000,284.0,normalDay
2019-03-18,330.0,1443.0,0.0,100,282.33,267.5,0,0.0,0.0,,0.0,1,0.32,0.72,SPY190322C00284000,284.0,normalDay
2019-03-19,330.0,1458.0,0.0,100,282.4,267.5,0,0.0,0.0,,0.0,1,0.32,0.64,SPY190322C00284000,284.0,normalDay
2019-03-20,330.0,1415.0,0.0,100,281.55,267.5,0,0.0,0.0,,0.0,1,0.32,0.22,SPY190322C00284000,284.0,normalDay
2019-03-21,330.0,1643.0,0.0,100,284.73,267.5,0,0.0,0.0,,0.0,1,0.32,1.12,SPY190322C00284000,284.0,normalDay
2019-03-22,362.0,1175.0,32.0,100,279.25,267.5,0,0.0,0.0,,0.0,1,0.32,0.0,SPY190322C00284000,284.0,expirationDay
2019-03-25,362.0,1151.0,0.0,100,279.04,267.5,0,0.0,0.0,,0.0,1,0.15,0.18,SPY190403C00287000,287.0,normalDay
2019-03-26,362.0,1359.0,0.0,100,281.12,267.5,0,0.0,0.0,,0.0,1,0.15,0.18,SPY190403C00287000,287.0,normalDay
2019-03-27,362.0,1222.0,0.0,100,279.65,267.5,0,0.0,0.0,,0.0,1,0.15,0.08,SPY190403C00287000,287.0,normalDay
2019-03-28,362.0,1328.0,0.0,100,280.71,267.5,0,0.0,0.0,,0.0,1,0.15,0.08,SPY190403C00287000,287.0,normalDay
2019-03-29,362.0,1502.0,0.0,100,282.48,267.5,0,0.0,0.0,,0.0,1,0.15,0.11,SPY190403C00287000,287.0,normalDay
2019-04-01,362.0,1811.0,0.0,100,285.83,267.5,0,0.0,0.0,,0.0,1,0.15,0.37,SPY190403C00287000,287.0,normalDay
2019-04-02,362.0,1845.0,0.0,100,285.97,267.5,0,0.0,0.0,,0.0,1,0.15,0.17,SPY190403C00287000,287.0,normalDay
2019-04-03,377.0,1892.0,15.0,100,286.42,267.5,0,0.0,0.0,,0.0,1,0.15,0.0,SPY190403C00287000,287.0,expirationDay
2019-04-04,377.0,1965.0,0.0,100,287.18,267.5,0,0.0,0.0,,0.0,1,0.39,0.42,SPY190412C00291000,291.0,normalDay
2019-04-05,377.0,2098.0,0.0,100,288.57,267.5,0,0.0,0.0,,0.0,1,0.39,0.48,SPY190412C00291000,291.0,normalDay
2019-04-08,377.0,2131.0,0.0,100,288.79,267.5,0,0.0,0.0,,0.0,1,0.39,0.37,SPY190412C00291000,291.0,normalDay
2019-04-09,377.0,2011.0,0.0,100,287.31,267.5,0,0.0,0.0,,0.0,1,0.39,0.09,SPY190412C00291000,291.0,normalDay
2019-04-10,377.0,2108.0,0.0,100,288.29,267.5,0,0.0,0.0,,0.0,1,0.39,0.1,SPY190412C00291000,291.0,normalDay
2019-04-11,377.0,2108.0,0.0,100,288.21,267.5,0,0.0,0.0,,0.0,1,0.39,0.02,SPY190412C00291000,291.0,normalDay
2019-04-12,416.0,2266.0,39.0,100,290.16,267.5,0,0.0,0.0,,0.0,1,0.39,0.0,SPY190412C00291000,291.0,expirationDay
2019-04-15,416.0,2244.0,0.0,100,289.97,267.5,0,0.0,0.0,,0.0,1,0.04,0.07,SPY190424C00296000,296.0,normalDay
2019-04-16,416.0,2263.0,0.0,100,290.16,267.5,0,0.0,0.0,,0.0,1,0.04,0.07,SPY190424C00296000,296.0,normalDay
2019-04-17,416.0,2195.0,0.0,100,289.45,267.5,0,0.0,0.0,,0.0,1,0.04,0.04,SPY190424C00296000,296.0,normalDay
2019-04-18,416.0,2254.0,0.0,100,290.02,267.5,0,0.0,0.0,,0.0,1,0.04,0.02,SPY190424C00296000,296.0,normalDay
2019-04-22,416.0,2280.0,0.0,100,290.27,267.5,0,0.0,0.0,,0.0,1,0.04,0.01,SPY190424C00296000,296.0,normalDay
2019-04-23,416.0,2540.0,0.0,100,292.88,267.5,0,0.0,0.0,,0.0,1,0.04,0.02,SPY190424C00296000,296.0,normalDay
2019-04-24,420.0,2473.0,4.0,100,292.23,267.5,0,0.0,0.0,,0.0,1,0.04,0.0,SPY190424C00296000,296.0,expirationDay
2019-04-25,420.0,2451.0,0.0,100,292.05,267.5,0,0.0,0.0,,0.0,1,0.19,0.23,SPY190503C00297000,297.0,normalDay
2019-04-26,420.0,2578.0,0.0,100,293.41,267.5,0,0.0,0.0,,0.0,1,0.19,0.32,SPY190503C00297000,297.0,normalDay
2019-04-29,420.0,2632.0,0.0,100,293.87,267.5,0,0.0,0.0,,0.0,1,0.19,0.24,SPY190503C00297000,297.0,normalDay
2019-04-30,420.0,2653.0,0.0,100,294.02,267.5,0,0.0,0.0,,0.0,1,0.19,0.18,SPY190503C00297000,297.0,normalDay
2019-05-01,420.0,2447.0,0.0,100,291.81,267.5,0,0.0,0.0,,0.0,1,0.19,0.03,SPY190503C00297000,297.0,normalDay
2019-05-02,420.0,2386.0,0.0,100,291.18,267.5,0,0.0,0.0,,0.0,1,0.19,0.01,SPY190503C00297000,297.0,normalDay
2019-05-03,439.0,2653.0,19.0,100,294.03,267.5,0,0.0,0.0,,0.0,1,0.19,0.0,SPY190503C00297000,297.0,expirationDay
2019-05-06,439.0,2528.0,0.0,100,292.82,267.5,0,0.0,0.0,,0.0,1,0.51,0.55,SPY190515C00297000,297.0,normalDay
2019-05-07,439.0,2072.0,0.0,100,287.93,267.5,0,0.0,0.0,,0.0,1,0.51,0.22,SPY190515C00297000,297.0,normalDay
2019-05-08,439.0,2041.0,0.0,100,287.53,267.5,0,0.0,0.0,,0.0,1,0.51,0.13,SPY190515C00297000,297.0,normalDay
2019-05-09,439.0,1957.0,0.0,100,286.66,267.5,0,0.0,0.0,,0.0,1,0.51,0.1,SPY190515C00297000,297.0,normalDay
2019-05-10,439.0,2108.0,0.0,100,288.1,267.5,0,0.0,0.0,,0.0,1,0.51,0.03,SPY190515C00297000,297.0,normalDay
2019-05-13,439.0,1386.0,0.0,100,280.86,267.5,0,0.0,0.0,,0.0,1,0.51,0.01,SPY190515C00297000,297.0,normalDay
2019-05-14,439.0,1640.0,0.0,100,283.4,267.5,0,0.0,0.0,,0.0,1,0.51,0.01,SPY190515C00297000,297.0,normalDay
2019-05-15,490.0,1756.0,51.0,100,285.06,267.5,0,0.0,0.0,,0.0,1,0.51,0.0,SPY190515C00297000,297.0,expirationDay
2019-05-16,490.0,2020.0,0.0,100,287.7,267.5,0,0.0,0.0,,0.0,0,0.0,0.0,,0.0,bidTooLow
2019-05-17,490.0,1834.0,0.0,100,285.84,267.5,0,0.0,0.0,,0.0,0,0.0,0.0,,0.0,bidTooLow
2019-05-20,490.0,1645.0,0.0,100,283.95,267.5,0,0.0,0.0,,0.0,0,0.0,0.0,,0.0,bidTooLow
2019-05-21,490.0,1901.0,0.0,100,286.51,267.5,0,0.0,0.0,,0.0,0,0.0,0.0,,0.0,bidTooLow
2019-05-22,490.0,1813.0,0.0,100,285.63,267.5,0,0.0,0.0,,0.0,0,0.0,0.0,,0.0,bidTooLow
2019-05-23,490.0,1464.0,0.0,100,282.14,267.5,0,0.0,0.0,,0.0,0,0.0,0.0,,0.0,bidTooLow
2019-05-24,490.0,1528.0,0.0,100,282.78,267.5,0,0.0,0.0,,0.0,0,0.0,0.0,,0.0,bidTooLow
2019-05-28,490.0,1265.0,0.0,100,280.15,267.5,0,0.0,0.0,,0.0,0,0.0,0.0,,0.0,bidTooLow
2019-05-29,490.0,1077.0,0.0,100,278.27,267.5,0,0.0,0.0,,0.0,0,0.0,0.0,,0.0,bidTooLow
2019-05-30,490.0,1153.0,0.0,100,279.03,267.5,0,0.0,0.0,,0.0,0,0.0,0.0,,0.0,bidTooLow
2019-05-31,490.0,777.0,0.0,100,275.27,267.5,0,0.0,0.0,,0.0,0,0.0,0.0,,0.0,bidTooLow
2019-06-03,490.0,707.0,0.0,100,274.57,267.5,0,0.0,0.0,,0.0,0,0.0,0.0,,0.0,bidTooLow
2019-06-04,490.0,1303.0,0.0,100,280.53,267.5,0,0.0,0.0,,0.0,0,0.0,0.0,,0.0,bidTooLow
2019-06-05,490.0,1543.0,0.0,100,282.96,267.5,0,0.0,0.0,,0.0,1,0.04,0.07,SPY190614C00294000,294.0,normalDay
2019-06-06,490.0,1723.0,0.0,100,284.8,267.5,0,0.0,0.0,,0.0,1,0.04,0.11,SPY190614C00294000,294.0,normalDay
2019-06-07,490.0,1995.0,0.0,100,287.65,267.5,0,0.0,0.0,,0.0,1,0.04,0.24,SPY190614C00294000,294.0,normalDay
2019-06-10,490.0,2129.0,0.0,100,288.97,267.5,0,0.0,0.0,,0.0,1,0.04,0.22,SPY190614C00294000,294.0,normalDay
2019-06-11,490.0,2132.0,0.0,100,288.9,267.5,0,0.0,0.0,,0.0,1,0.04,0.12,SPY190614C00294000,294.0,normalDay
2019-06-12,490.0,2090.0,0.0,100,288.39,267.5,0,0.0,0.0,,0.0,1,0.04,0.03,SPY190614C00294000,294.0,normalDay
2019-06-13,490.0,2209.0,0.0,100,289.58,267.5,0,0.0,0.0,,0.0,1,0.04,0.03,SPY190614C00294000,294.0,normalDay
2019-06-14,494.0,2176.0,4.0,100,289.26,267.5,0,0.0,0.0,,0.0,1,0.04,0.0,SPY190614C00294000,294.0,expirationDay
2019-06-17,494.0,2183.0,0.0,100,289.37,267.5,0,0.0,0.0,,0.0,1,0.03,0.07,SPY190626C00298000,298.0,normalDay
2019-06-18,494.0,2469.0,0.0,100,292.4,267.5,0,0.0,0.0,,0.0,1,0.03,0.24,SPY190626C00298000,298.0,normalDay
2019-06-19,494.0,2540.0,0.0,100,293.06,267.5,0,0.0,0.0,,0.0,1,0.03,0.19,SPY190626C00298000,298.0,normalDay
2019-06-20,494.0,2790.0,0.0,100,295.86,267.5,0,0.0,0.0,,0.0,1,0.03,0.49,SPY190626C00298000,298.0,normalDay
2019-06-21,494.0,2632.0,0.0,100,294.0,267.5,0,0.0,0.0,,0.0,1,0.03,0.21,SPY190626C00298000,298.0,normalDay
2019-06-24,494.0,2613.0,0.0,100,293.64,267.5,0,0.0,0.0,,0.0,1,0.03,0.04,SPY190626C00298000,298.0,normalDay
2019-06-25,494.0,2328.0,0.0,100,290.76,267.5,0,0.0,0.0,,0.0,1,0.03,0.01,SPY190626C00298000,298.0,normalDay
2019-06-26,497.0,2297.0,3.0,100,290.47,267.5,0,0.0,0.0,,0.0,1,0.03,0.0,SPY190626C00298000,298.0,expirationDay
2019-06-27,497.0,2397.0,0.0,100,291.5,267.5,0,0.0,0.0,,0.0,1,0.01,0.04,SPY190705C00305000,305.0,normalDay
2019-06-28,497.0,2547.0,0.0,100,293.0,267.5,0,0.0,0.0,,0.0,1,0.01,0.04,SPY190705C00305000,305.0,normalDay
2019-07-01,497.0,2815.0,0.0,100,295.66,267.5,0,0.0,0.0,,0.0,1,0.01,0.02,SPY190705C00305000,305.0,normalDay
2019-07-02,497.0,2893.0,0.0,100,296.43,267.5,0,0.0,0.0,,0.0,1,0.01,0.01,SPY190705C00305000,305.0,normalDay
2019-07-03,497.0,3129.0,0.0,100,298.8,267.5,0,0.0,0.0,,0.0,1,0.01,0.02,SPY190705C00305000,305.0,normalDay
2019-07-05,498.0,3096.0,1.0,100,298.46,267.5,0,0.0,0.0,,0.0,1,0.01,0.0,SPY190705C00305000,305.0,expirationDay
2019-07-08,498.0,2929.0,0.0,100,296.82,267.5,0,0.0,0.0,,0.0,1,0.15,0.18,SPY190717C00302000,302.0,normalDay
2019-07-09,498.0,2966.0,0.0,100,297.19,267.5,0,0.0,0.0,,0.0,1,0.15,0.18,SPY190717C00302000,302.0,normalDay
2019-07-10,498.0,3097.0,0.0,100,298.61,267.5,0,0.0,0.0,,0.0,1,0.15,0.29,SPY190717C00302000,302.0,normalDay
2019-07-11,498.0,3168.0,0.0,100,299.31,267.5,0,0.0,0.0,,0.0,1,0.15,0.28,SPY190717C00302000,302.0,normalDay
2019-07-12,498.0,3286.0,0.0,100,300.65,267.5,0,0.0,0.0,,0.0,1,0.15,0.44,SPY190717C00302000,302.0,normalDay
2019-07-15,498.0,3317.0,0.0,100,300.75,267.5,0,0.0,0.0,,0.0,1,0.15,0.23,SPY190717C00302000,302.0,normalDay
2019-07-16,498.0,3239.0,0.0,100,299.78,267.5,0,0.0,0.0,,0.0,1,0.15,0.04,SPY190717C00302000,302.0,normalDay
2019-07-17,513.0,3024.0,15.0,100,297.74,267.5,0,0.0,0.0,,0.0,1,0.15,0.0,SPY190717C00302000,302.0,expirationDay
2019-07-18,513.0,3130.0,0.0,100,298.83,267.5,0,0.0,0.0,,0.0,1,0.03,0.06,SPY190726C00306000,306.0,normalDay
2019-07-19,513.0,2968.0,0.0,100,297.17,267.5,0,0.0,0.0,,0.0,1,0.03,0.02,SPY190726C00306000,306.0,normalDay
2019-07-22,513.0,3042.0,0.0,100,297.9,267.5,0,0.0,0.0,,0.0,1,0.03,0.01,SPY190726C00306000,306.0,normalDay
2019-07-23,513.0,3254.0,0.0,100,300.03,267.5,0,0.0,0.0,,0.0,1,0.03,0.02,SPY190726C00306000,306.0,normalDay
2019-07-24,513.0,3395.0,0.0,100,301.44,267.5,0,0.0,0.0,,0.0,1,0.03,0.02,SPY190726C00306000,306.0,normalDay
2019-07-25,513.0,3252.0,0.0,100,300.0,267.5,0,0.0,0.0,,0.0,1,0.03,0.01,SPY190726C00306000,306.0,normalDay
2019-07-26,516.0,3451.0,3.0,100,302.01,267.5,0,0.0,0.0,,0.0,1,0.03,0.0,SPY190726C00306000,306.0,expirationDay
2019-07-29,516.0,3393.0,0.0,100,301.46,267.5,0,0.0,0.0,,0.0,1,0.91,0.94,SPY190807C00304000,304.0,normalDay
2019-07-30,516.0,3332.0,0.0,100,300.72,267.5,0,0.0,0.0,,0.0,1,0.91,0.81,SPY190807C00304000,304.0,normalDay
2019-07-31,516.0,3068.0,0.0,100,297.43,267.5,0,0.0,0.0,,0.0,1,0.91,0.16,SPY190807C00304000,304.0,normalDay
2019-08-01,516.0,2820.0,0.0,100,294.84,267.5,0,0.0,0.0,,0.0,1,0.91,0.05,SPY190807C00304000,304.0,normalDay
2019-08-02,516.0,2601.0,0.0,100,292.62,267.5,0,0.0,0.0,,0.0,1,0.91,0.02,SPY190807C00304000,304.0,normalDay
2019-08-05,516.0,1722.0,0.0,100,283.82,267.5,0,0.0,0.0,,0.0,1,0.91,0.01,SPY190807C00304000,304.0,normalDay
2019-08-06,516.0,2120.0,0.0,100,287.8,267.5,0,0.0,0.0,,0.0,1,0.91,0.01,SPY190807C00304000,304.0,normalDay
2019-08-07,607.0,2047.0,91.0,100,287.97,267.5,0,0.0,0.0,,0.0,1,0.91,0.0,SPY190807C00304000,304.0,expirationDay
2019-08-08,607.0,2612.0,0.0,100,293.62,267.5,0,0.0,0.0,,0.0,0,0.0,0.0,,0.0,bidTooLow
2019-08-09,607.0,2412.0,0.0,100,291.62,267.5,0,0.0,0.0,,0.0,0,0.0,0.0,,0.0,bidTooLow
2019-08-12,607.0,2057.0,0.0,100,288.07,267.5,0,0.0,0.0,,0.0,0,0.0,0.0,,0.0,bidTooLow
2019-08-13,607.0,2505.0,0.0,100,292.55,267.5,0,0.0,0.0,,0.0,0,0.0,0.0,,0.0,bidTooLow
2019-08-14,607.0,1640.0,0.0,100,283.9,267.5,0,0.0,0.0,,0.0,0,0.0,0.0,,0.0,bidTooLow
2019-08-15,607.0,1715.0,0.0,100,284.65,267.5,0,0.0,0.0,,0.0,0,0.0,0.0,,0.0,bidTooLow
2019-08-16,607.0,2135.0,0.0,100,288.85,267.5,0,0.0,0.0,,0.0,0,0.0,0.0,,0.0,bidTooLow
2019-08-19,607.0,2483.0,0.0,100,292.33,267.5,0,0.0,0.0,,0.0,0,0.0,0.0,,0.0,bidTooLow
2019-08-20,607.0,2259.0,0.0,100,290.09,267.5,0,0.0,0.0,,0.0,0,0.0,0.0,,0.0,bidTooLow
2019-08-21,607.0,2495.0,0.0,100,292.45,267.5,0,0.0,0.0,,0.0,0,0.0,0.0,,0.0,bidTooLow
2019-08-22,607.0,2486.0,0.0,100,292.36,267.5,0,0.0,0.0,,0.0,0,0.0,0.0,,0.0,bidTooLow
2019-08-23,607.0,1735.0,0.0,100,284.85,267.5,0,0.0,0.0,,0.0,0,0.0,0.0,,0.0,bidTooLow
2019-08-26,607.0,2050.0,0.0,100,288.0,267.5,0,0.0,0.0,,0.0,0,0.0,0.0,,0.0,bidTooLow
2019-08-27,607.0,1937.0,0.0,100,286.87,267.5,0,0.0,0.0,,0.0,0,0.0,0.0,,0.0,bidTooLow
2019-08-28,607.0,2136.0,0.0,100,288.89,267.5,0,0.0,0.0,,0.0,1,0.12,0.15,SPY190906C00299000,299.0,normalDay
2019-08-29,607.0,2489.0,0.0,100,292.58,267.5,0,0.0,0.0,,0.0,1,0.12,0.31,SPY190906C00299000,299.0,normalDay
2019-08-30,607.0,2477.0,0.0,100,292.45,267.5,0,0.0,0.0,,0.0,1,0.12,0.3,SPY190906C00299000,299.0,normalDay
2019-09-03,607.0,2333.0,0.0,100,290.74,267.5,0,0.0,0.0,,0.0,1,0.12,0.03,SPY190906C00299000,299.0,normalDay
2019-09-04,607.0,2661.0,0.0,100,294.04,267.5,0,0.0,0.0,,0.0,1,0.12,0.05,SPY190906C00299000,299.0,normalDay
2019-09-05,607.0,3012.0,0.0,100,297.82,267.5,0,0.0,0.0,,0.0,1,0.12,0.32,SPY190906C00299000,299.0,normalDay
2019-09-06,619.0,3055.0,12.0,100,298.05,267.5,0,0.0,0.0,,0.0,1,0.12,0.0,SPY190906C00299000,299.0,expirationDay
2019-09-09,619.0,3067.0,0.0,100,298.2,267.5,0,0.0,0.0,,0.0,1,0.36,0.39,SPY190918C00303000,303.0,normalDay
2019-09-10,619.0,3067.0,0.0,100,298.13,267.5,0,0.0,0.0,,0.0,1,0.36,0.32,SPY190918C00303000,303.0,normalDay
2019-09-11,619.0,3237.0,0.0,100,300.25,267.5,0,0.0,0.0,,0.0,1,0.36,0.74,SPY190918C00303000,303.0,normalDay
2019-09-12,619.0,3317.0,0.0,100,301.29,267.5,0,0.0,0.0,,0.0,1,0.36,0.98,SPY190918C00303000,303.0,normalDay
2019-09-13,619.0,3328.0,0.0,100,301.09,267.5,0,0.0,0.0,,0.0,1,0.36,0.67,SPY190918C00303000,303.0,normalDay
2019-09-16,619.0,3269.0,0.0,100,300.16,267.5,0,0.0,0.0,,0.0,1,0.36,0.33,SPY190918C00303000,303.0,normalDay
2019-09-17,619.0,3348.0,0.0,100,300.92,267.5,0,0.0,0.0,,0.0,1,0.36,0.3,SPY190918C00303000,303.0,normalDay
2019-09-18,655.0,3360.0,36.0,100,301.1,267.5,0,0.0,0.0,,0.0,1,0.36,0.0,SPY190918C00303000,303.0,expirationDay
2019-09-19,655.0,3358.0,0.0,100,301.08,267.5,0,0.0,0.0,,0.0,0,0.0,0.0,,0.0,bidTooLow
2019-09-20,655.0,3078.0,0.0,100,298.28,267.5,0,0.0,0.0,,0.0,0,0.0,0.0,,0.0,bidTooLow
2019-09-23,655.0,3071.0,0.0,100,298.21,267.5,0,0.0,0.0,,0.0,0,0.0,0.0,,0.0,bidTooLow
2019-09-24,655.0,2837.0,0.0,100,295.87,267.5,0,0.0,0.0,,0.0,0,0.0,0.0,,0.0,bidTooLow
2019-09-25,655.0,3012.0,0.0,100,297.62,267.5,0,0.0,0.0,,0.0,0,0.0,0.0,,0.0,bidTooLow
2019-09-26,655.0,2950.0,0.0,100,297.0,267.5,0,0.0,0.0,,0.0,0,0.0,0.0,,0.0,bidTooLow
2019-09-27,655.0,2790.0,0.0,100,295.4,267.5,0,0.0,0.0,,0.0,0,0.0,0.0,,0.0,bidTooLow
2019-09-30,655.0,2924.0,0.0,100,296.77,267.5,0,0.0,0.0,,0.0,1,0.02,0.05,SPY191009C00306000,306.0,normalDay
2019-10-01,655.0,2574.0,0.0,100,293.24,267.5,0,0.0,0.0,,0.0,1,0.02,0.02,SPY191009C00306000,306.0,normalDay
2019-10-02,655.0,2056.0,0.0,100,288.06,267.5,0,0.0,0.0,,0.0,1,0.02,0.02,SPY191009C00306000,306.0,normalDay
2019-10-03,655.0,2293.0,0.0,100,290.42,267.5,0,0.0,0.0,,0.0,1,0.02,0.01,SPY191009C00306000,306.0,normalDay
2019-10-04,655.0,2686.0,0.0,100,294.35,267.5,0,0.0,0.0,,0.0,1,0.02,0.01,SPY191009C00306000,306.0,normalDay
2019-10-07,655.0,2559.0,0.0,100,293.08,267.5,0,0.0,0.0,,0.0,1,0.02,0.01,SPY191009C00306000,306.0,normalDay
2019-10-08,655.0,2104.0,0.0,100,288.53,267.5,0,0.0,0.0,,0.0,1,0.02,0.01,SPY191009C00306000,306.0,normalDay
2019-10-09,657.0,2377.0,2.0,100,291.27,267.5,0,0.0,0.0,,0.0,1,0.02,0.0,SPY191009C00306000,306.0,expirationDay
2019-10-10,657.0,2574.0,0.0,100,293.24,267.5,0,0.0,0.0,,0.0,0,0.0,0.0,,0.0,bidTooLow
2019-10-11,657.0,2875.0,0.0,100,296.28,267.5,0,0.0,0.0,,0.0,1,0.02,0.05,SPY191018C00307000,307.0,normalDay
2019-10-14,657.0,2846.0,0.0,100,295.95,267.5,0,0.0,0.0,,0.0,1,0.02,0.01,SPY191018C00307000,307.0,normalDay
2019-10-15,657.0,3138.0,0.0,100,298.88,267.5,0,0.0,0.0,,0.0,1,0.02,0.02,SPY191018C00307000,307.0,normalDay
2019-10-16,657.0,3091.0,0.0,100,298.4,267.5,0,0.0,0.0,,0.0,1,0.02,0.01,SPY191018C00307000,307.0,normalDay
2019-10-17,657.0,3179.0,0.0,100,299.28,267.5,0,0.0,0.0,,0.0,1,0.02,0.01,SPY191018C00307000,307.0,normalDay
2019-10-18,659.0,3047.0,2.0,100,297.97,267.5,0,0.0,0.0,,0.0,1,0.02,0.0,SPY191018C00307000,307.0,expirationDay
2019-10-21,659.0,3246.0,0.0,100,299.99,267.5,0,0.0,0.0,,0.0,1,0.26,0.29,SPY191030C00305000,305.0,normalDay
2019-10-22,659.0,3160.0,0.0,100,299.01,267.5,0,0.0,0.0,,0.0,1,0.26,0.17,SPY191030C00305000,305.0,normalDay
2019-10-23,659.0,3249.0,0.0,100,299.88,267.5,0,0.0,0.0,,0.0,1,0.26,0.15,SPY191030C00305000,305.0,normalDay
2019-10-24,659.0,3302.0,0.0,100,300.37,267.5,0,0.0,0.0,,0.0,1,0.26,0.11,SPY191030C00305000,305.0,normalDay
2019-10-25,659.0,3420.0,0.0,100,301.6,267.5,0,0.0,0.0,,0.0,1,0.26,0.16,SPY191030C00305000,305.0,normalDay
2019-10-28,659.0,3574.0,0.0,100,303.3,267.5,0,0.0,0.0,,0.0,1,0.26,0.32,SPY191030C00305000,305.0,normalDay
2019-10-29,659.0,3579.0,0.0,100,303.21,267.5,0,0.0,0.0,,0.0,1,0.26,0.18,SPY191030C00305000,305.0,normalDay
2019-10-30,685.0,3664.0,26.0,100,304.14,267.5,0,0.0,0.0,,0.0,1,0.26,0.0,SPY191030C00305000,305.0,expirationDay
2019-10-31,685.0,3580.0,0.0,100,303.33,267.5,0,0.0,0.0,,0.0,1,0.02,0.05,SPY191108C00311000,311.0,normalDay
2019-11-01,685.0,3852.0,0.0,100,306.14,267.5,0,0.0,0.0,,0.0,1,0.02,0.14,SPY191108C00311000,311.0,normalDay
2019-11-04,685.0,3974.0,0.0,100,307.37,267.5,0,0.0,0.0,,0.0,1,0.02,0.15,SPY191108C00311000,311.0,normalDay
2019-11-05,685.0,3947.0,0.0,100,307.03,267.5,0,0.0,0.0,,0.0,1,0.02,0.08,SPY191108C00311000,311.0,normalDay
2019-11-06,685.0,3959.0,0.0,100,307.1,267.5,0,0.0,0.0,,0.0,1,0.02,0.03,SPY191108C00311000,311.0,normalDay
2019-11-07,685.0,4067.0,0.0,100,308.18,267.5,0,0.0,0.0,,0.0,1,0.02,0.03,SPY191108C00311000,311.0,normalDay
2019-11-08,687.0,4144.0,2.0,100,308.94,267.5,0,0.0,0.0,,0.0,1,0.02,0.0,SPY191108C00311000,311.0,expirationDay
2019-11-11,687.0,4082.0,0.0,100,308.35,267.5,0,0.0,0.0,,0.0,1,0.13,0.16,SPY191120C00314000,314.0,normalDay
2019-11-12,687.0,4148.0,0.0,100,309.0,267.5,0,0.0,0.0,,0.0,1,0.13,0.15,SPY191120C00314000,314.0,normalDay
2019-11-13,687.0,4161.0,0.0,100,309.1,267.5,0,0.0,0.0,,0.0,1,0.13,0.12,SPY191120C00314000,314.0,normalDay
2019-11-14,687.0,4208.0,0.0,100,309.55,267.5,0,0.0,0.0,,0.0,1,0.13,0.1,SPY191120C00314000,314.0,normalDay
2019-11-15,687.0,4417.0,0.0,100,311.79,267.5,0,0.0,0.0,,0.0,1,0.13,0.25,SPY191120C00314000,314.0,normalDay
2019-11-18,687.0,4450.0,0.0,100,312.02,267.5,0,0.0,0.0,,0.0,1,0.13,0.15,SPY191120C00314000,314.0,normalDay
2019-11-19,687.0,4452.0,0.0,100,311.93,267.5,0,0.0,0.0,,0.0,1,0.13,0.04,SPY191120C00314000,314.0,normalDay
2019-11-20,700.0,4327.0,13.0,100,310.77,267.5,0,0.0,0.0,,0.0,1,0.13,0.0,SPY191120C00314000,314.0,expirationDay
2019-11-21,700.0,4274.0,0.0,100,310.27,267.5,0,0.0,0.0,,0.0,1,0.01,0.04,SPY191129C00317000,317.0,normalDay
2019-11-22,700.0,4344.0,0.0,100,310.96,267.5,0,0.0,0.0,,0.0,1,0.01,0.03,SPY191129C00317000,317.0,normalDay
2019-11-25,700.0,4582.0,0.0,100,313.37,267.5,0,0.0,0.0,,0.0,1,0.01,0.06,SPY191129C00317000,317.0,normalDay
2019-11-26,700.0,4653.0,0.0,100,314.08,267.5,0,0.0,0.0,,0.0,1,0.01,0.06,SPY191129C00317000,317.0,normalDay
2019-11-27,700.0,4790.0,0.0,100,315.48,267.5,0,0.0,0.0,,0.0,1,0.01,0.09,SPY191129C00317000,317.0,normalDay
2019-11-29,701.0,4681.0,1.0,100,314.31,267.5,0,0.0,0.0,,0.0,1,0.01,0.0,SPY191129C00317000,317.0,expirationDay
2019-12-02,701.0,4411.0,0.0,100,311.64,267.5,0,0.0,0.0,,0.0,1,0.14,0.17,SPY191211C00318000,318.0,normalDay
2019-12-03,701.0,4212.0,0.0,100,309.55,267.5,0,0.0,0.0,,0.0,1,0.14,0.07,SPY191211C00318000,318.0,normalDay
2019-12-04,701.0,4402.0,0.0,100,311.46,267.5,0,0.0,0.0,,0.0,1,0.14,0.08,SPY191211C00318000,318.0,normalDay
2019-12-05,701.0,4459.0,0.0,100,312.02,267.5,0,0.0,0.0,,0.0,1,0.14,0.07,SPY191211C00318000,318.0,normalDay
2019-12-06,701.0,4733.0,0.0,100,314.87,267.5,0,0.0,0.0,,0.0,1,0.14,0.18,SPY191211C00318000,318.0,normalDay
2019-12-09,701.0,4648.0,0.0,100,313.88,267.5,0,0.0,0.0,,0.0,1,0.14,0.04,SPY191211C00318000,318.0,normalDay
2019-12-10,701.0,4616.0,0.0,100,313.53,267.5,0,0.0,0.0,,0.0,1,0.14,0.01,SPY191211C00318000,318.0,normalDay
2019-12-11,715.0,4692.0,14.0,100,314.42,267.5,0,0.0,0.0,,0.0,1,0.14,0.0,SPY191211C00318000,318.0,expirationDay
2019-12-12,715.0,4960.0,0.0,100,317.13,267.5,0,0.0,0.0,,0.0,1,1.31,1.34,SPY191220C00318500,318.5,normalDay
2019-12-13,715.0,5023.0,0.0,100,317.32,267.5,0,0.0,0.0,,0.0,1,1.31,0.9,SPY191220C00318500,318.5,normalDay
2019-12-16,715.0,5142.0,0.0,100,319.5,267.5,0,0.0,0.0,,0.0,1,1.31,1.89,SPY191220C00318500,318.5,normalDay
2019-12-17,715.0,5182.0,0.0,100,319.57,267.5,0,0.0,0.0,,0.0,1,1.31,1.56,SPY191220C00318500,318.5,normalDay
2019-12-18,715.0,5194.0,0.0,100,319.59,267.5,0,0.0,0.0,,0.0,1,1.31,1.46,SPY191220C00318500,318.5,normalDay
2019-12-19,715.0,5212.0,0.0,100,320.9,267.5,0,0.0,0.0,,0.0,1,1.31,2.59,SPY191220C00318500,318.5,normalDay
2019-12-20,5946.0,5212.0,5231.0,0,320.73,0.0,0,0.0,0.0,,0.0,1,1.31,0.0,SPY191220C00318500,318.5,expirationDay
2019-12-23,5946.0,0.0,0.0,0,321.22,0.0,0,0.0,0.0,,0.0,0,0.0,0.0,,0.0,bidTooLow
2019-12-24,5946.0,0.0,0.0,0,321.23,0.0,0,0.0,0.0,,0.0,0,0.0,0.0,,0.0,bidTooLow
2019-12-26,5946.0,0.0,0.0,0,322.94,0.0,0,0.0,0.0,,0.0,0,0.0,0.0,,0.0,bidTooLow
2019-12-27,5946.0,0.0,0.0,0,322.86,0.0,0,0.0,0.0,,0.0,0,0.0,0.0,,0.0,bidTooLow
2019-12-30,5946.0,0.0,0.0,0,321.08,0.0,0,0.0,0.0,,0.0,0,0.0,0.0,,0.0,bidTooLow
2019-12-31,5946.0,-3.0,0.0,0,321.86,0.0,1,0.1,0.13,SPY200103P00313500,313.5,0,0.0,0.0,,0.0,normalDay
2020-01-02,5946.0,8.0,0.0,0,324.87,0.0,1,0.1,0.02,SPY200103P00313500,313.5,0,0.0,0.0,,0.0,normalDay
2020-01-03,5956.0,0.0,10.0,0,322.41,0.0,1,0.1,0.0,SPY200103P00313500,313.5,0,0.0,0.0,,0.0,expirationDay
2020-01-06,5956.0,-3.0,0.0,0,323.64,0.0,1,0.02,0.05,SPY200108P00316000,316.0,0,0.0,0.0,,0.0,normalDay
2020-01-07,5956.0,0.0,0.0,0,322.73,0.0,1,0.02,0.02,SPY200108P00316000,316.0,0,0.0,0.0,,0.0,normalDay
2020-01-08,5958.0,0.0,2.0,0,324.45,0.0,1,0.02,0.0,SPY200108P00316000,316.0,0,0.0,0.0,,0.0,expirationDay
2020-01-09,5958.0,0.0,0.0,0,326.65,0.0,0,0.0,0.0,,0.0,0,0.0,0.0,,0.0,bidTooLow
2020-01-10,5958.0,-3.0,0.0,0,325.71,0.0,1,0.02,0.05,SPY200113P00319500,319.5,0,0.0,0.0,,0.0,normalDay
2020-01-13,5960.0,0.0,2.0,0,327.95,0.0,1,0.02,0.0,SPY200113P00319500,319.5,0,0.0,0.0,,0.0,expirationDay
2020-01-14,5960.0,-3.0,0.0,0,327.45,0.0,1,0.1,0.13,SPY200117P00320500,320.5,0,0.0,0.0,,0.0,normalDay
2020-01-15,5960.0,4.0,0.0,0,328.19,0.0,1,0.1,0.06,SPY200117P00320500,320.5,0,0.0,0.0,,0.0,normalDay
2020-01-16,5960.0,7.0,0.0,0,330.92,0.0,1,0.1,0.03,SPY200117P00320500,320.5,0,0.0,0.0,,0.0,normalDay
2020-01-17,5970.0,0.0,10.0,0,331.95,0.0,1,0.1,0.0,SPY200117P00320500,320.5,0,0.0,0.0,,0.0,expirationDay
2020-01-21,5970.0,-3.0,0.0,0,331.3,0.0,1,0.03,0.06,SPY200124P00321500,321.5,0,0.0,0.0,,0.0,normalDay
2020-01-22,5970.0,0.0,0.0,0,331.34,0.0,1,0.03,0.03,SPY200124P00321500,321.5,0,0.0,0.0,,0.0,normalDay
2020-01-23,5970.0,1.0,0.0,0,331.72,0.0,1,0.03,0.02,SPY200124P00321500,321.5,0,0.0,0.0,,0.0,normalDay
2020-01-24,5973.0,0.0,3.0,0,328.77,0.0,1,0.03,0.0,SPY200124P00321500,321.5,0,0.0,0.0,,0.0,expirationDay
2020-01-27,5973.0,-5.0,0.0,0,323.5,0.0,1,1.94,1.99,SPY200129P00323000,323.0,0,0.0,0.0,,0.0,normalDay
2020-01-28,5973.0,162.0,0.0,0,326.89,0.0,1,1.94,0.32,SPY200129P00323000,323.0,0,0.0,0.0,,0.0,normalDay
2020-01-29,6167.0,0.0,194.0,0,326.62,0.0,1,1.94,0.0,SPY200129P00323000,323.0,0,0.0,0.0,,0.0,expirationDay
2020-01-30,6167.0,-3.0,0.0,0,327.68,0.0,1,0.11,0.14,SPY200131P00324000,324.0,0,0.0,0.0,,0.0,normalDay
2020-01-31,6178.0,-227.0,11.0,100,321.73,324.0,1,0.11,0.0,SPY200131P00324000,324.0,0,0.0,0.0,,0.0,expirationDay
2020-02-03,6178.0,9.0,0.0,100,324.12,324.0,0,0.0,0.0,,0.0,1,0.03,0.06,SPY200212C00336000,336.0,normalDay
2020-02-04,6178.0,481.0,0.0,100,329.06,324.0,0,0.0,0.0,,0.0,1,0.03,0.28,SPY200212C00336000,336.0,normalDay
2020-02-05,6178.0,814.0,0.0,100,332.86,324.0,0,0.0,0.0,,0.0,1,0.03,0.75,SPY200212C00336000,336.0,normalDay
2020-02-06,6178.0,928.0,0.0,100,333.98,324.0,0,0.0,0.0,,0.0,1,0.03,0.73,SPY200212C00336000,336.0,normalDay
2020-02-07,6178.0,791.0,0.0,100,332.2,324.0,0,0.0,0.0,,0.0,1,0.03,0.32,SPY200212C00336000,336.0,normalDay
2020-02-10,6178.0,1007.0,0.0,100,334.68,324.0,0,0.0,0.0,,0.0,1,0.03,0.64,SPY200212C00336000,336.0,normalDay
2020-02-11,6178.0,1073.0,0.0,100,335.26,324.0,0,0.0,0.0,,0.0,1,0.03,0.56,SPY200212C00336000,336.0,normalDay
2020-02-12,7381.0,1073.0,1203.0,0,337.42,0.0,0,0.0,0.0,,0.0,1,0.03,0.0,SPY200212C00336000,336.0,expirationDay
2020-02-13,7381.0,0.0,0.0,0,337.06,0.0,0,0.0,0.0,,0.0,0,0.0,0.0,,0.0,bidTooLow
2020-02-14,7381.0,0.0,0.0,0,337.6,0.0,0,0.0,0.0,,0.0,0,0.0,0.0,,0.0,bidTooLow
2020-02-18,7381.0,-3.0,0.0,0,336.73,0.0,1,0.06,0.09,SPY200221P00326000,326.0,0,0.0,0.0,,0.0,normalDay
2020-02-19,7381.0,2.0,0.0,0,338.34,0.0,1,0.06,0.04,SPY200221P00326000,326.0,0,0.0,0.0,,0.0,normalDay
2020-02-20,7381.0,3.0,0.0,0,336.95,0.0,1,0.06,0.03,SPY200221P00326000,326.0,0,0.0,0.0,,0.0,normalDay
2020-02-21,7387.0,0.0,6.0,0,333.48,0.0,1,0.06,0.0,SPY200221P00326000,326.0,0,0.0,0.0,,0.0,expirationDay
2020-02-24,7387.0,-8.0,0.0,0,322.42,0.0,1,5.14,5.22,SPY200226P00326000,326.0,0,0.0,0.0,,0.0,normalDay
2020-02-25,7387.0,-783.0,0.0,0,312.65,0.0,1,5.14,12.97,SPY200226P00326000,326.0,0,0.0,0.0,,0.0,normalDay
2020-02-26,7901.0,-1450.0,514.0,100,311.5,326.0,1,5.14,0.0,SPY200226P00326000,326.0,0,0.0,0.0,,0.0,expirationDay
2020-02-27,7901.0,-2849.0,0.0,100,297.51,326.0,0,0.0,0.0,,0.0,0,0.0,0.0,,0.0,bidTooLow
2020-02-28,7901.0,-2974.0,0.0,100,296.26,326.0,0,0.0,0.0,,0.0,0,0.0,0.0,,0.0,bidTooLow
2020-03-02,7901.0,-1691.0,0.0,100,309.09,326.0,0,0.0,0.0,,0.0,0,0.0,0.0,,0.0,bidTooLow
2020-03-03,7901.0,-2576.0,0.0,100,300.24,326.0,0,0.0,0.0,,0.0,0,0.0,0.0,,0.0,bidTooLow
2020-03-04,7901.0,-1314.0,0.0,100,312.86,326.0,0,0.0,0.0,,0.0,0,0.0,0.0,,0.0,bidTooLow
2020-03-05,7901.0,-2354.0,0.0,100,302.46,326.0,0,0.0,0.0,,0.0,0,0.0,0.0,,0.0,bidTooLow
2020-03-06,7901.0,-2854.0,0.0,100,297.46,326.0,0,0.0,0.0,,0.0,0,0.0,0.0,,0.0,bidTooLow
2020-03-09,7901.0,-5177.0,0.0,100,274.23,326.0,0,0.0,0.0,,0.0,0,0.0,0.0,,0.0,bidTooLow
2020-03-10,7901.0,-3758.0,0.0,100,288.42,326.0,0,0.0,0.0,,0.0,0,0.0,0.0,,0.0,bidTooLow
2020-03-11,7901.0,-5164.0,0.0,100,274.36,326.0,0,0.0,0.0,,0.0,0,0.0,0.0,,0.0,bidTooLow
2020-03-12,7901.0,-7789.0,0.0,100,248.11,326.0,0,0.0,0.0,,0.0,0,0.0,0.0,,0.0,bidTooLow
2020-03-13,7901.0,-5668.0,0.0,100,269.32,326.0,0,0.0,0.0,,0.0,0,0.0,0.0,,0.0,bidTooLow
2020-03-16,7901.0,-8615.0,0.0,100,239.85,326.0,0,0.0,0.0,,0.0,0,0.0,0.0,,0.0,bidTooLow
2020-03-17,7901.0,-7320.0,0.0,100,252.8,326.0,0,0.0,0.0,,0.0,0,0.0,0.0,,0.0,bidTooLow
2020-03-18,7901.0,-8600.0,0.0,100,240.0,326.0,0,0.0,0.0,,0.0,0,0.0,0.0,,0.0,bidTooLow
2020-03-19,7901.0,-8549.0,0.0,100,240.51,326.0,0,0.0,0.0,,0.0,0,0.0,0.0,,0.0,bidTooLow
2020-03-20,7901.0,-9720.0,0.0,100,228.8,326.0,0,0.0,0.0,,0.0,0,0.0,0.0,,0.0,bidTooLow
2020-03-23,7901.0,-10305.0,0.0,100,222.95,326.0,0,0.0,0.0,,0.0,0,0.0,0.0,,0.0,bidTooLow
2020-03-24,7901.0,-8285.0,0.0,100,243.15,326.0,0,0.0,0.0,,0.0,0,0.0,0.0,,0.0,bidTooLow
2020-03-25,7901.0,-7921.0,0.0,100,246.79,326.0,0,0.0,0.0,,0.0,0,0.0,0.0,,0.0,bidTooLow
2020-03-26,7901.0,-6480.0,0.0,100,261.2,326.0,0,0.0,0.0,,0.0,0,0.0,0.0,,0.0,bidTooLow
2020-03-27,7901.0,-7258.0,0.0,100,253.42,326.0,0,0.0,0.0,,0.0,0,0.0,0.0,,0.0,bidTooLow
2020-03-30,7901.0,-6435.0,0.0,100,261.65,326.0,0,0.0,0.0,,0.0,0,0.0,0.0,,0.0,bidTooLow
2020-03-31,7901.0,-6825.0,0.0,100,257.75,326.0,0,0.0,0.0,,0.0,0,0.0,0.0,,0.0,bidTooLow
2020-04-01,7901.0,-7985.0,0.0,100,246.15,326.0,0,0.0,0.0,,0.0,0,0.0,0.0,,0.0,bidTooLow
2020-04-02,7901.0,-7417.0,0.0,100,251.83,326.0,0,0.0,0.0,,0.0,0,0.0,0.0,,0.0,bidTooLow
2020-04-03,7901.0,-7781.0,0.0,100,248.19,326.0,0,0.0,0.0,,0.0,0,0.0,0.0,,0.0,bidTooLow
2020-04-06,7901.0,-6118.0,0.0,100,264.86,326.0,0,0.0,0.0,,0.0,1,0.11,0.15,SPY200415C00295000,295.0,normalDay
2020-04-07,7901.0,-6090.0,0.0,100,265.13,326.0,0,0.0,0.0,,0.0,1,0.11,0.14,SPY200415C00295000,295.0,normalDay
2020-04-08,7901.0,-5207.0,0.0,100,274.03,326.0,0,0.0,0.0,,0.0,1,0.11,0.21,SPY200415C00295000,295.0,normalDay
2020-04-09,7901.0,-4806.0,0.0,100,278.2,326.0,0,0.0,0.0,,0.0,1,0.11,0.37,SPY200415C00295000,295.0,normalDay
2020-04-13,7901.0,-5027.0,0.0,100,275.66,326.0,0,0.0,0.0,,0.0,1,0.11,0.04,SPY200415C00295000,295.0,normalDay
2020-04-14,7901.0,-4215.0,0.0,100,283.79,326.0,0,0.0,0.0,,0.0,1,0.11,0.05,SPY200415C00295000,295.0,normalDay
2020-04-15,7912.0,-4824.0,11.0,100,277.76,326.0,0,0.0,0.0,,0.0,1,0.11,0.0,SPY200415C00295000,295.0,expirationDay
2020-04-16,7912.0,-4693.0,0.0,100,279.1,326.0,0,0.0,0.0,,0.0,1,0.05,0.08,SPY200424C00308000,308.0,normalDay
2020-04-17,7912.0,-3942.0,0.0,100,286.64,326.0,0,0.0,0.0,,0.0,1,0.05,0.11,SPY200424C00308000,308.0,normalDay
2020-04-20,7912.0,-4439.0,0.0,100,281.59,326.0,0,0.0,0.0,,0.0,1,0.05,0.03,SPY200424C00308000,308.0,normalDay
2020-04-21,7912.0,-5292.0,0.0,100,273.04,326.0,0,0.0,0.0,,0.0,1,0.05,0.01,SPY200424C00308000,308.0,normalDay
2020-04-22,7912.0,-4686.0,0.0,100,279.1,326.0,0,0.0,0.0,,0.0,1,0.05,0.01,SPY200424C00308000,308.0,normalDay
2020-04-23,7912.0,-4688.0,0.0,100,279.08,326.0,0,0.0,0.0,,0.0,1,0.05,0.01,SPY200424C00308000,308.0,normalDay
2020-04-24,7917.0,-4303.0,5.0,100,282.97,326.0,0,0.0,0.0,,0.0,1,0.05,0.0,SPY200424C00308000,308.0,expirationDay
2020-04-27,7917.0,-3899.0,0.0,100,287.05,326.0,0,0.0,0.0,,0.0,1,0.05,0.09,SPY200506C00309000,309.0,normalDay
2020-04-28,7917.0,-4028.0,0.0,100,285.73,326.0,0,0.0,0.0,,0.0,1,0.05,0.06,SPY200506C00309000,309.0,normalDay
2020-04-29,7917.0,-3290.0,0.0,100,293.21,326.0,0,0.0,0.0,,0.0,1,0.05,0.16,SPY200506C00309000,309.0,normalDay
2020-04-30,7917.0,-3555.0,0.0,100,290.48,326.0,0,0.0,0.0,,0.0,1,0.05,0.08,SPY200506C00309000,309.0,normalDay
2020-05-01,7917.0,-4318.0,0.0,100,282.79,326.0,0,0.0,0.0,,0.0,1,0.05,0.02,SPY200506C00309000,309.0,normalDay
2020-05-04,7917.0,-4239.0,0.0,100,283.57,326.0,0,0.0,0.0,,0.0,1,0.05,0.01,SPY200506C00309000,309.0,normalDay
2020-05-05,7917.0,-3977.0,0.0,100,286.19,326.0,0,0.0,0.0,,0.0,1,0.05,0.01,SPY200506C00309000,309.0,normalDay
2020-05-06,7922.0,-4175.0,5.0,100,284.25,326.0,0,0.0,0.0,,0.0,1,0.05,0.0,SPY200506C00309000,309.0,expirationDay
2020-05-07,7922.0,-3835.0,0.0,100,287.68,326.0,0,0.0,0.0,,0.0,1,0.67,0.7,SPY200515C00298000,298.0,normalDay
2020-05-08,7922.0,-3415.0,0.0,100,292.44,326.0,0,0.0,0.0,,0.0,1,0.67,1.26,SPY200515C00298000,298.0,normalDay
2020-05-11,7922.0,-3355.0,0.0,100,292.5,326.0,0,0.0,0.0,,0.0,1,0.67,0.72,SPY200515C00298000,298.0,normalDay
2020-05-12,7922.0,-3884.0,0.0,100,286.67,326.0,0,0.0,0.0,,0.0,1,0.67,0.18,SPY200515C00298000,298.0,normalDay
2020-05-13,7922.0,-4377.0,0.0,100,281.6,326.0,0,0.0,0.0,,0.0,1,0.67,0.04,SPY200515C00298000,298.0,normalDay
2020-05-14,7922.0,-4038.0,0.0,100,284.97,326.0,0,0.0,0.0,,0.0,1,0.67,0.02,SPY200515C00298000,298.0,normalDay
2020-05-15,7989.0,-3972.0,67.0,100,286.28,326.0,0,0.0,0.0,,0.0,1,0.67,0.0,SPY200515C00298000,298.0,expirationDay
2020-05-18,7989.0,-3105.0,0.0,100,295.0,326.0,0,0.0,0.0,,0.0,1,1.48,1.53,SPY200527C00301000,301.0,normalDay
2020-05-19,7989.0,-3346.0,0.0,100,291.97,326.0,0,0.0,0.0,,0.0,1,1.48,0.91,SPY200527C00301000,301.0,normalDay
2020-05-20,7989.0,-2931.0,0.0,100,296.93,326.0,0,0.0,0.0,,0.0,1,1.48,1.72,SPY200527C00301000,301.0,normalDay
2020-05-21,7989.0,-3040.0,0.0,100,294.88,326.0,0,0.0,0.0,,0.0,1,1.48,0.76,SPY200527C00301000,301.0,normalDay
2020-05-22,7989.0,-2957.0,0.0,100,295.44,326.0,0,0.0,0.0,,0.0,1,1.48,0.49,SPY200527C00301000,301.0,normalDay
2020-05-26,7989.0,-2612.0,0.0,100,299.08,326.0,0,0.0,0.0,,0.0,1,1.48,0.68,SPY200527C00301000,301.0,normalDay
2020-05-27,5637.0,-2612.0,-2352.0,0,303.53,0.0,0,0.0,0.0,,0.0,1,1.48,0.0,SPY200527C00301000,301.0,expirationDay
2020-05-28,5637.0,0.0,0.0,0,302.97,0.0,0,0.0,0.0,,0.0,0,0.0,0.0,,0.0,bidTooLow
2020-05-29,5637.0,0.0,0.0,0,304.32,0.0,0,0.0,0.0,,0.0,0,0.0,0.0,,0.0,bidTooLow
2020-06-01,5637.0,0.0,0.0,0,305.55,0.0,0,0.0,0.0,,0.0,0,0.0,0.0,,0.0,bidTooLow
2020-06-02,5637.0,-3.0,0.0,0,308.08,0.0,1,0.01,0.04,SPY200605P00286000,286.0,0,0.0,0.0,,0.0,normalDay
2020-06-03,5637.0,-2.0,0.0,0,312.18,0.0,1,0.01,0.03,SPY200605P00286000,286.0,0,0.0,0.0,,0.0,normalDay
2020-06-04,5637.0,0.0,0.0,0,311.36,0.0,1,0.01,0.01,SPY200605P00286000,286.0,0,0.0,0.0,,0.0,normalDay
2020-06-05,5638.0,0.0,1.0,0,319.34,0.0,1,0.01,0.0,SPY200605P00286000,286.0,0,0.0,0.0,,0.0,expirationDay
2020-06-08,5638.0,0.0,0.0,0,323.2,0.0,0,0.0,0.0,,0.0,0,0.0,0.0,,0.0,bidTooLow
2020-06-09,5638.0,-3.0,0.0,0,320.79,0.0,1,0.02,0.05,SPY200612P00289000,289.0,0,0.0,0.0,,0.0,normalDay
2020-06-10,5638.0,-1.0,0.0,0,319.0,0.0,1,0.02,0.03,SPY200612P00289000,289.0,0,0.0,0.0,,0.0,normalDay
2020-06-11,5638.0,-42.0,0.0,0,300.61,0.0,1,0.02,0.44,SPY200612P00289000,289.0,0,0.0,0.0,,0.0,normalDay
2020-06-12,5640.0,0.0,2.0,0,304.21,0.0,1,0.02,0.0,SPY200612P00289000,289.0,0,0.0,0.0,,0.0,expirationDay
2020-06-15,5640.0,-3.0,0.0,0,307.05,0.0,1,0.55,0.58,SPY200617P00296000,296.0,0,0.0,0.0,,0.0,normalDay
2020-06-16,5640.0,49.0,0.0,0,312.96,0.0,1,0.55,0.06,SPY200617P00296000,296.0,0,0.0,0.0,,0.0,normalDay
2020-06-17,5695.0,0.0,55.0,0,311.66,0.0,1,0.55,0.0,SPY200617P00296000,296.0,0,0.0,0.0,,0.0,expirationDay
2020-06-18,5695.0,-3.0,0.0,0,311.78,0.0,1,0.13,0.16,SPY200619P00300000,300.0,0,0.0,0.0,,0.0,normalDay
2020-06-19,5708.0,0.0,13.0,0,308.64,0.0,1,0.13,0.0,SPY200619P00300000,300.0,0,0.0,0.0,,0.0,expirationDay
2020-06-22,5708.0,-3.0,0.0,0,310.62,0.0,1,0.55,0.58,SPY200624P00303000,303.0,0,0.0,0.0,,0.0,normalDay
2020-06-23,5708.0,42.0,0.0,0,312.05,0.0,1,0.55,0.13,SPY200624P00303000,303.0,0,0.0,0.0,,0.0,normalDay
2020-06-24,5763.0,0.0,55.0,0,304.09,0.0,1,0.55,0.0,SPY200624P00303000,303.0,0,0.0,0.0,,0.0,expirationDay
2020-06-25,5763.0,-4.0,0.0,0,307.35,0.0,1,0.95,0.99,SPY200626P00305000,305.0,0,0.0,0.0,,0.0,normalDay
2020-06-26,5858.0,-495.0,95.0,100,300.05,305.0,1,0.95,0.0,SPY200626P00305000,305.0,0,0.0,0.0,,0.0,expirationDay
2020-06-29,5858.0,-57.0,0.0,100,304.46,305.0,0,0.0,0.0,,0.0,1,0.04,0.07,SPY200708C00329000,329.0,normalDay
2020-06-30,5858.0,330.0,0.0,100,308.36,305.0,0,0.0,0.0,,0.0,1,0.04,0.1,SPY200708C00329000,329.0,normalDay
2020-07-01,5858.0,550.0,0.0,100,310.52,305.0,0,0.0,0.0,,0.0,1,0.04,0.06,SPY200708C00329000,329.0,normalDay
2020-07-02,5858.0,725.0,0.0,100,312.23,305.0,0,0.0,0.0,,0.0,1,0.04,0.02,SPY200708C00329000,329.0,normalDay
2020-07-06,5858.0,1207.0,0.0,100,317.05,305.0,0,0.0,0.0,,0.0,1,0.04,0.02,SPY200708C00329000,329.0,normalDay
2020-07-07,5858.0,881.0,0.0,100,313.78,305.0,0,0.0,0.0,,0.0,1,0.04,0.01,SPY200708C00329000,329.0,normalDay
2020-07-08,5862.0,1118.0,4.0,100,316.18,305.0,0,0.0,0.0,,0.0,1,0.04,0.0,SPY200708C00329000,329.0,expirationDay
2020-07-09,5862.0,935.0,0.0,100,314.38,305.0,0,0.0,0.0,,0.0,1,0.75,0.78,SPY200717C00323000,323.0,normalDay
2020-07-10,5862.0,1212.0,0.0,100,317.59,305.0,0,0.0,0.0,,0.0,1,0.75,1.22,SPY200717C00323000,323.0,normalDay
2020-07-13,5862.0,993.0,0.0,100,314.84,305.0,0,0.0,0.0,,0.0,1,0.75,0.66,SPY200717C00323000,323.0,normalDay
2020-07-14,5862.0,1352.0,0.0,100,318.92,305.0,0,0.0,0.0,,0.0,1,0.75,1.15,SPY200717C00323000,323.0,normalDay
2020-07-15,5862.0,1592.0,0.0,100,321.85,305.0,0,0.0,0.0,,0.0,1,0.75,1.68,SPY200717C00323000,323.0,normalDay
2020-07-16,5862.0,1613.0,0.0,100,320.79,305.0,0,0.0,0.0,,0.0,1,0.75,0.41,SPY200717C00323000,323.0,normalDay
2020-07-17,5937.0,1672.0,75.0,100,321.72,305.0,0,0.0,0.0,,0.0,1,0.75,0.0,SPY200717C00323000,323.0,expirationDay
2020-07-20,5937.0,1928.0,0.0,100,324.32,305.0,0,0.0,0.0,,0.0,1,0.72,0.76,SPY200729C00333000,333.0,normalDay
2020-07-21,5937.0,1990.0,0.0,100,325.01,305.0,0,0.0,0.0,,0.0,1,0.72,0.83,SPY200729C00333000,333.0,normalDay
2020-07-22,5937.0,2184.0,0.0,100,326.86,305.0,0,0.0,0.0,,0.0,1,0.72,0.74,SPY200729C00333000,333.0,normalDay
2020-07-23,5937.0,1845.0,0.0,100,322.96,305.0,0,0.0,0.0,,0.0,1,0.72,0.23,SPY200729C00333000,333.0,normalDay
2020-07-24,5937.0,1655.0,0.0,100,320.88,305.0,0,0.0,0.0,,0.0,1,0.72,0.05,SPY200729C00333000,333.0,normalDay
2020-07-27,5937.0,1892.0,0.0,100,323.22,305.0,0,0.0,0.0,,0.0,1,0.72,0.02,SPY200729C00333000,333.0,normalDay
2020-07-28,5937.0,1688.0,0.0,100,321.17,305.0,0,0.0,0.0,,0.0,1,0.72,0.01,SPY200729C00333000,333.0,normalDay
2020-07-29,6009.0,2012.0,72.0,100,325.12,305.0,0,0.0,0.0,,0.0,1,0.72,0.0,SPY200729C00333000,333.0,expirationDay
2020-07-30,6009.0,1892.0,0.0,100,323.96,305.0,0,0.0,0.0,,0.0,1,0.58,0.62,SPY200807C00333000,333.0,normalDay
2020-07-31,6009.0,2148.0,0.0,100,326.52,305.0,0,0.0,0.0,,0.0,1,0.58,0.62,SPY200807C00333000,333.0,normalDay
2020-08-03,6009.0,2363.0,0.0,100,328.79,305.0,0,0.0,0.0,,0.0,1,0.58,0.74,SPY200807C00333000,333.0,normalDay
2020-08-04,6009.0,2485.0,0.0,100,330.06,305.0,0,0.0,0.0,,0.0,1,0.58,0.79,SPY200807C00333000,333.0,normalDay
2020-08-05,6009.0,2658.0,0.0,100,332.11,305.0,0,0.0,0.0,,0.0,1,0.58,1.11,SPY200807C00333000,333.0,normalDay
2020-08-06,6009.0,2768.0,0.0,100,334.33,305.0,0,0.0,0.0,,0.0,1,0.58,2.23,SPY200807C00333000,333.0,normalDay
2020-08-07,8867.0,2768.0,2858.0,0,334.57,0.0,0,0.0,0.0,,0.0,1,0.58,0.0,SPY200807C00333000,333.0,expirationDay
2020-08-10,8867.0,-3.0,0.0,0,335.57,0.0,1,0.03,0.06,SPY200812P00321000,321.0,0,0.0,0.0,,0.0,normalDay
2020-08-11,8867.0,-8.0,0.0,0,332.8,0.0,1,0.03,0.11,SPY200812P00321000,321.0,0,0.0,0.0,,0.0,normalDay
2020-08-12,8870.0,0.0,3.0,0,337.44,0.0,1,0.03,0.0,SPY200812P00321000,321.0,0,0.0,0.0,,0.0,expirationDay
2020-08-13,8870.0,-3.0,0.0,0,336.83,0.0,1,0.01,0.04,SPY200814P00323000,323.0,0,0.0,0.0,,0.0,normalDay
2020-08-14,8871.0,0.0,1.0,0,336.84,0.0,1,0.01,0.0,SPY200814P00323000,323.0,0,0.0,0.0,,0.0,expirationDay
2020-08-17,8871.0,-3.0,0.0,0,337.91,0.0,1,0.02,0.05,SPY200819P00324000,324.0,0,0.0,0.0,,0.0,normalDay
2020-08-18,8871.0,-1.0,0.0,0,338.64,0.0,1,0.02,0.03,SPY200819P00324000,324.0,0,0.0,0.0,,0.0,normalDay
2020-08-19,8873.0,0.0,2.0,0,337.23,0.0,1,0.02,0.0,SPY200819P00324000,324.0,0,0.0,0.0,,0.0,expirationDay
2020-08-20,8873.0,-3.0,0.0,0,338.28,0.0,1,0.02,0.05,SPY200821P00325000,325.0,0,0.0,0.0,,0.0,normalDay
2020-08-21,8875.0,0.0,2.0,0,339.48,0.0,1,0.02,0.0,SPY200821P00325000,325.0,0,0.0,0.0,,0.0,expirationDay
2020-08-24,8875.0,-3.0,0.0,0,342.92,0.0,1,0.04,0.07,SPY200826P00328000,328.0,0,0.0,0.0,,0.0,normalDay
2020-08-25,8875.0,2.0,0.0,0,344.12,0.0,1,0.04,0.02,SPY200826P00328000,328.0,0,0.0,0.0,,0.0,normalDay
2020-08-26,8879.0,0.0,4.0,0,347.57,0.0,1,0.04,0.0,SPY200826P00328000,328.0,0,0.0,0.0,,0.0,expirationDay
2020-08-27,8879.0,-3.0,0.0,0,348.33,0.0,1,0.01,0.04,SPY200828P00331000,331.0,0,0.0,0.0,,0.0,normalDay
2020-08-28,8880.0,0.0,1.0,0,350.58,0.0,1,0.01,0.0,SPY200828P00331000,331.0,0,0.0,0.0,,0.0,expirationDay
2020-08-31,8880.0,-3.0,0.0,0,349.31,0.0,1,0.06,0.09,SPY200902P00333000,333.0,0,0.0,0.0,,0.0,normalDay
2020-09-01,8880.0,4.0,0.0,0,352.6,0.0,1,0.06,0.02,SPY200902P00333000,333.0,0,0.0,0.0,,0.0,normalDay
2020-09-02,8886.0,0.0,6.0,0,357.7,0.0,1,0.06,0.0,SPY200902P00333000,333.0,0,0.0,0.0,,0.0,expirationDay
2020-09-03,8886.0,-5.0,0.0,0,345.39,0.0,1,0.21,0.26,SPY200904P00335000,335.0,0,0.0,0.0,,0.0,normalDay
2020-09-04,8907.0,0.0,21.0,0,342.57,0.0,1,0.21,0.0,SPY200904P00335000,335.0,0,0.0,0.0,,0.0,expirationDay
2020-09-08,8907.0,-8.0,0.0,0,333.21,0.0,1,5.39,5.47,SPY200911P00336000,336.0,0,0.0,0.0,,0.0,normalDay
2020-09-09,8907.0,350.0,0.0,0,339.79,0.0,1,5.39,1.89,SPY200911P00336000,336.0,0,0.0,0.0,,0.0,normalDay
2020-09-10,8907.0,213.0,0.0,0,333.89,0.0,1,5.39,3.26,SPY200911P00336000,336.0,0,0.0,0.0,,0.0,normalDay
2020-09-11,9446.0,-194.0,539.0,100,334.06,336.0,1,5.39,0.0,SPY200911P00336000,336.0,0,0.0,0.0,,0.0,expirationDay
2020-09-14,9446.0,243.0,0.0,100,338.46,336.0,0,0.0,0.0,,0.0,1,0.02,0.05,SPY200923C00362000,362.0,normalDay
2020-09-15,9446.0,414.0,0.0,100,340.17,336.0,0,0.0,0.0,,0.0,1,0.02,0.05,SPY200923C00362000,362.0,normalDay
2020-09-16,9446.0,281.0,0.0,100,338.82,336.0,0,0.0,0.0,,0.0,1,0.02,0.03,SPY200923C00362000,362.0,normalDay
2020-09-17,9446.0,-16.0,0.0,100,335.84,336.0,0,0.0,0.0,,0.0,1,0.02,0.02,SPY200923C00362000,362.0,normalDay
2020-09-18,9446.0,-534.0,0.0,100,330.65,336.0,0,0.0,0.0,,0.0,1,0.02,0.01,SPY200923C00362000,362.0,normalDay
2020-09-21,9446.0,-902.0,0.0,100,326.97,336.0,0,0.0,0.0,,0.0,1,0.02,0.01,SPY200923C00362000,362.0,normalDay
2020-09-22,9446.0,-569.0,0.0,100,330.3,336.0,0,0.0,0.0,,0.0,1,0.02,0.01,SPY200923C00362000,362.0,normalDay
2020-09-23,9448.0,-1336.0,2.0,100,322.64,336.0,0,0.0,0.0,,0.0,1,0.02,0.0,SPY200923C00362000,362.0,expirationDay
2020-09-24,9448.0,-1250.0,0.0,100,323.5,336.0,0,0.0,0.0,,0.0,0,0.0,0.0,,0.0,bidTooLow
2020-09-25,9448.0,-727.0,0.0,100,328.73,336.0,0,0.0,0.0,,0.0,0,0.0,0.0,,0.0,bidTooLow
2020-09-28,9448.0,-184.0,0.0,100,334.19,336.0,0,0.0,0.0,,0.0,1,0.01,0.04,SPY201007C00363000,363.0,normalDay
2020-09-29,9448.0,-365.0,0.0,100,332.37,336.0,0,0.0,0.0,,0.0,1,0.01,0.03,SPY201007C00363000,363.0,normalDay
2020-09-30,9448.0,-113.0,0.0,100,334.89,336.0,0,0.0,0.0,,0.0,1,0.01,0.03,SPY201007C00363000,363.0,normalDay
2020-10-01,9448.0,102.0,0.0,100,337.04,336.0,0,0.0,0.0,,0.0,1,0.01,0.03,SPY201007C00363000,363.0,normalDay
2020-10-02,9448.0,-216.0,0.0,100,333.84,336.0,0,0.0,0.0,,0.0,1,0.01,0.01,SPY201007C00363000,363.0,normalDay
2020-10-05,9448.0,376.0,0.0,100,339.76,336.0,0,0.0,0.0,,0.0,1,0.01,0.01,SPY201007C00363000,363.0,normalDay
2020-10-06,9448.0,-107.0,0.0,100,334.93,336.0,0,0.0,0.0,,0.0,1,0.01,0.01,SPY201007C00363000,363.0,normalDay
2020-10-07,9449.0,476.0,1.0,100,340.76,336.0,0,0.0,0.0,,0.0,1,0.01,0.0,SPY201007C00363000,363.0,expirationDay
2020-10-08,9449.0,775.0,0.0,100,343.78,336.0,0,0.0,0.0,,0.0,1,0.91,0.94,SPY201016C00351000,351.0,normalDay
2020-10-09,9449.0,1027.0,0.0,100,346.85,336.0,0,0.0,0.0,,0.0,1,0.91,1.49,SPY201016C00351000,351.0,normalDay
2020-10-12,9449.0,1362.0,0.0,100,352.43,336.0,0,0.0,0.0,,0.0,1,0.91,3.72,SPY201016C00351000,351.0,normalDay
2020-10-13,9449.0,1284.0,0.0,100,350.13,336.0,0,0.0,0.0,,0.0,1,0.91,2.2,SPY201016C00351000,351.0,normalDay
2020-10-14,9449.0,1193.0,0.0,100,347.93,336.0,0,0.0,0.0,,0.0,1,0.91,0.91,SPY201016C00351000,351.0,normalDay
2020-10-15,9449.0,1210.0,0.0,100,347.5,336.0,0,0.0,0.0,,0.0,1,0.91,0.31,SPY201016C00351000,351.0,normalDay
2020-10-16,9540.0,1129.0,91.0,100,347.29,336.0,0,0.0,0.0,,0.0,1,0.91,0.0,SPY201016C00351000,351.0,expirationDay
2020-10-19,9540.0,598.0,0.0,100,342.01,336.0,0,0.0,0.0,,0.0,1,0.07,0.1,SPY201028C00364000,364.0,normalDay
2020-10-20,9540.0,735.0,0.0,100,343.38,336.0,0,0.0,0.0,,0.0,1,0.07,0.1,SPY201028C00364000,364.0,normalDay
2020-10-21,9540.0,676.0,0.0,100,342.73,336.0,0,0.0,0.0,,0.0,1,0.07,0.04,SPY201028C00364000,364.0,normalDay
2020-10-22,9540.0,864.0,0.0,100,344.61,336.0,0,0.0,0.0,,0.0,1,0.07,0.04,SPY201028C00364000,364.0,normalDay
2020-10-23,9540.0,983.0,0.0,100,345.78,336.0,0,0.0,0.0,,0.0,1,0.07,0.02,SPY201028C00364000,364.0,normalDay
2020-10-26,9540.0,345.0,0.0,100,339.39,336.0,0,0.0,0.0,,0.0,1,0.07,0.01,SPY201028C00364000,364.0,normalDay
2020-10-27,9540.0,228.0,0.0,100,338.22,336.0,0,0.0,0.0,,0.0,1,0.07,0.01,SPY201028C00364000,364.0,normalDay
2020-10-28,9547.0,-934.0,7.0,100,326.66,336.0,0,0.0,0.0,,0.0,1,0.07,0.0,SPY201028C00364000,364.0,expirationDay
2020-10-29,9547.0,-605.0,0.0,100,329.98,336.0,0,0.0,0.0,,0.0,1,0.04,0.07,SPY201106C00361000,361.0,normalDay
2020-10-30,9547.0,-947.0,0.0,100,326.54,336.0,0,0.0,0.0,,0.0,1,0.04,0.05,SPY201106C00361000,361.0,normalDay
2020-11-02,9547.0,-582.0,0.0,100,330.2,336.0,0,0.0,0.0,,0.0,1,0.04,0.06,SPY201106C00361000,361.0,normalDay
2020-11-03,9547.0,-12.0,0.0,100,336.03,336.0,0,0.0,0.0,,0.0,1,0.04,0.19,SPY201106C00361000,361.0,normalDay
2020-11-04,9547.0,754.0,0.0,100,343.54,336.0,0,0.0,0.0,,0.0,1,0.04,0.04,SPY201106C00361000,361.0,normalDay
2020-11-05,9547.0,1424.0,0.0,100,350.24,336.0,0,0.0,0.0,,0.0,1,0.04,0.04,SPY201106C00361000,361.0,normalDay
2020-11-06,9551.0,1416.0,4.0,100,350.16,336.0,0,0.0,0.0,,0.0,1,0.04,0.0,SPY201106C00361000,361.0,expirationDay
2020-11-09,9551.0,1849.0,0.0,100,354.56,336.0,0,0.0,0.0,,0.0,1,1.07,1.14,SPY201118C00366000,366.0,normalDay
2020-11-10,9551.0,1853.0,0.0,100,354.04,336.0,0,0.0,0.0,,0.0,1,1.07,0.58,SPY201118C00366000,366.0,normalDay
2020-11-11,9551.0,2119.0,0.0,100,356.67,336.0,0,0.0,0.0,,0.0,1,1.07,0.55,SPY201118C00366000,366.0,normalDay
2020-11-12,9551.0,1812.0,0.0,100,353.21,336.0,0,0.0,0.0,,0.0,1,1.07,0.16,SPY201118C00366000,366.0,normalDay
2020-11-13,9551.0,2272.0,0.0,100,358.1,336.0,0,0.0,0.0,,0.0,1,1.07,0.45,SPY201118C00366000,366.0,normalDay
2020-11-16,9551.0,2709.0,0.0,100,362.57,336.0,0,0.0,0.0,,0.0,1,1.07,0.55,SPY201118C00366000,366.0,normalDay
2020-11-17,9551.0,2561.0,0.0,100,360.62,336.0,0,0.0,0.0,,0.0,1,1.07,0.08,SPY201118C00366000,366.0,normalDay
2020-11-18,9658.0,2028.0,107.0,100,356.28,336.0,0,0.0,0.0,,0.0,1,1.07,0.0,SPY201118C00366000,366.0,expirationDay
2020-11-19,9658.0,2178.0,0.0,100,357.78,336.0,0,0.0,0.0,,0.0,0,0.0,0.0,,0.0,bidTooLow
2020-11-20,9658.0,1933.0,0.0,100,355.33,336.0,0,0.0,0.0,,0.0,0,0.0,0.0,,0.0,bidTooLow
2020-11-23,9658.0,2146.0,0.0,100,357.46,336.0,0,0.0,0.0,,0.0,0,0.0,0.0,,0.0,bidTooLow
2020-11-24,9658.0,2719.0,0.0,100,363.22,336.0,0,0.0,0.0,,0.0,1,0.01,0.04,SPY201202C00385000,385.0,normalDay
2020-11-25,9658.0,2665.0,0.0,100,362.66,336.0,0,0.0,0.0,,0.0,1,0.01,0.02,SPY201202C00385000,385.0,normalDay
2020-11-27,9658.0,2767.0,0.0,100,363.67,336.0,0,0.0,0.0,,0.0,1,0.01,0.01,SPY201202C00385000,385.0,normalDay
2020-11-30,9658.0,2606.0,0.0,100,362.06,336.0,0,0.0,0.0,,0.0,1,0.01,0.01,SPY201202C00385000,385.0,normalDay
2020-12-01,9658.0,3002.0,0.0,100,366.02,336.0,0,0.0,0.0,,0.0,1,0.01,0.01,SPY201202C00385000,385.0,normalDay
2020-12-02,9659.0,3079.0,1.0,100,366.79,336.0,0,0.0,0.0,,0.0,1,0.01,0.0,SPY201202C00385000,385.0,expirationDay
2020-12-03,9659.0,3066.0,0.0,100,366.69,336.0,0,0.0,0.0,,0.0,1,0.72,0.75,SPY201211C00374000,374.0,normalDay
2020-12-04,9659.0,3355.0,0.0,100,369.85,336.0,0,0.0,0.0,,0.0,1,0.72,1.02,SPY201211C00374000,374.0,normalDay
2020-12-07,9659.0,3341.0,0.0,100,369.09,336.0,0,0.0,0.0,,0.0,1,0.72,0.4,SPY201211C00374000,374.0,normalDay
2020-12-08,9659.0,3444.0,0.0,100,370.17,336.0,0,0.0,0.0,,0.0,1,0.72,0.45,SPY201211C00374000,374.0,normalDay
2020-12-09,9659.0,3149.0,0.0,100,366.85,336.0,0,0.0,0.0,,0.0,1,0.72,0.08,SPY201211C00374000,374.0,normalDay
2020-12-10,9659.0,3141.0,0.0,100,366.73,336.0,0,0.0,0.0,,0.0,1,0.72,0.04,SPY201211C00374000,374.0,normalDay
2020-12-11,9731.0,3030.0,72.0,100,366.3,336.0,0,0.0,0.0,,0.0,1,0.72,0.0,SPY201211C00374000,374.0,expirationDay
2020-12-14,9731.0,2862.0,0.0,100,364.66,336.0,0,0.0,0.0,,0.0,1,0.21,0.25,SPY201223C00377000,377.0,normalDay
2020-12-15,9731.0,3339.0,0.0,100,369.59,336.0,0,0.0,0.0,,0.0,1,0.21,0.41,SPY201223C00377000,377.0,normalDay
2020-12-16,9731.0,3398.0,0.0,100,370.17,336.0,0,0.0,0.0,,0.0,1,0.21,0.4,SPY201223C00377000,377.0,normalDay
2020-12-17,9731.0,3595.0,0.0,100,372.24,336.0,0,0.0,0.0,,0.0,1,0.21,0.5,SPY201223C00377000,377.0,normalDay
2020-12-18,9731.0,3318.0,0.0,100,369.18,336.0,0,0.0,0.0,,0.0,1,0.21,0.21,SPY201223C00377000,377.0,normalDay
2020-12-21,9731.0,3200.0,0.0,100,367.86,336.0,0,0.0,0.0,,0.0,1,0.21,0.07,SPY201223C00377000,377.0,normalDay
2020-12-22,9731.0,3144.0,0.0,100,367.24,336.0,0,0.0,0.0,,0.0,1,0.21,0.01,SPY201223C00377000,377.0,normalDay
2020-12-23,9752.0,3157.0,21.0,100,367.57,336.0,0,0.0,0.0,,0.0,1,0.21,0.0,SPY201223C00377000,377.0,expirationDay
2020-12-24,9752.0,3297.0,0.0,100,369.0,336.0,0,0.0,0.0,,0.0,1,0.41,0.44,SPY201231C00375000,375.0,normalDay
2020-12-28,9752.0,3589.0,0.0,100,372.17,336.0,0,0.0,0.0,,0.0,1,0.41,0.69,SPY201231C00375000,375.0,normalDay
2020-12-29,9752.0,3552.0,0.0,100,371.46,336.0,0,0.0,0.0,,0.0,1,0.41,0.35,SPY201231C00375000,375.0,normalDay
2020-12-30,9752.0,3629.0,0.0,100,371.99,336.0,0,0.0,0.0,,0.0,1,0.41,0.11,SPY201231C00375000,375.0,normalDay
2020-12-31,9793.0,3788.0,41.0,100,373.88,336.0,0,0.0,0.0,,0.0,1,0.41,0.0,SPY201231C00375000,375.0,expirationDay
2021-01-04,9793.0,3274.0,0.0,100,368.79,336.0,0,0.0,0.0,,0.0,1,1.62,1.67,SPY210113C00376000,376.0,normalDay
2021-01-05,9793.0,3496.0,0.0,100,371.33,336.0,0,0.0,0.0,,0.0,1,1.62,1.99,SPY210113C00376000,376.0,normalDay
2021-01-06,9793.0,3647.0,0.0,100,373.55,336.0,0,0.0,0.0,,0.0,1,1.62,2.7,SPY210113C00376000,376.0,normalDay
2021-01-07,9793.0,4004.0,0.0,100,379.1,336.0,0,0.0,0.0,,0.0,1,1.62,4.68,SPY210113C00376000,376.0,normalDay
2021-01-08,9793.0,4035.0,0.0,100,381.26,336.0,0,0.0,0.0,,0.0,1,1.62,6.53,SPY210113C00376000,376.0,normalDay
2021-01-11,9793.0,4016.0,0.0,100,378.69,336.0,0,0.0,0.0,,0.0,1,1.62,4.15,SPY210113C00376000,376.0,normalDay
2021-01-12,9793.0,4118.0,0.0,100,378.77,336.0,0,0.0,0.0,,0.0,1,1.62,3.21,SPY210113C00376000,376.0,normalDay
2021-01-13,13955.0,4118.0,4162.0,0,379.79,0.0,0,0.0,0.0,,0.0,1,1.62,0.0,SPY210113C00376000,376.0,expirationDay
2021-01-14,13955.0,-3.0,0.0,0,378.46,0.0,1,0.09,0.12,SPY210115P00369000,369.0,0,0.0,0.0,,0.0,normalDay
2021-01-15,13964.0,0.0,9.0,0,375.7,0.0,1,0.09,0.0,SPY210115P00369000,369.0,0,0.0,0.0,,0.0,expirationDay
2021-01-19,13964.0,-3.0,0.0,0,378.65,0.0,1,0.53,0.56,SPY210122P00369000,369.0,0,0.0,0.0,,0.0,normalDay
2021-01-20,13964.0,44.0,0.0,0,383.89,0.0,1,0.53,0.09,SPY210122P00369000,369.0,0,0.0,0.0,,0.0,normalDay
2021-01-21,13964.0,50.0,0.0,0,384.24,0.0,1,0.53,0.03,SPY210122P00369000,369.0,0,0.0,0.0,,0.0,normalDay
2021-01-22,14017.0,0.0,53.0,0,382.88,0.0,1,0.53,0.0,SPY210122P00369000,369.0,0,0.0,0.0,,0.0,expirationDay
2021-01-25,14017.0,-3.0,0.0,0,384.39,0.0,1,0.12,0.15,SPY210127P00372000,372.0,0,0.0,0.0,,0.0,normalDay
2021-01-26,14017.0,6.0,0.0,0,383.79,0.0,1,0.12,0.06,SPY210127P00372000,372.0,0,0.0,0.0,,0.0,normalDay
2021-01-27,14029.0,0.0,12.0,0,374.41,0.0,1,0.12,0.0,SPY210127P00372000,372.0,0,0.0,0.0,,0.0,expirationDay
2021-01-28,14029.0,-5.0,0.0,0,377.63,0.0,1,0.74,0.79,SPY210129P00373000,373.0,0,0.0,0.0,,0.0,normalDay
2021-01-29,14103.0,-293.0,74.0,100,370.07,373.0,1,0.74,0.0,SPY210129P00373000,373.0,0,0.0,0.0,,0.0,expirationDay
2021-02-01,14103.0,319.0,0.0,100,376.23,373.0,0,0.0,0.0,,0.0,1,0.21,0.25,SPY210210C00392000,392.0,normalDay
2021-02-02,14103.0,830.0,0.0,100,381.55,373.0,0,0.0,0.0,,0.0,1,0.21,0.46,SPY210210C00392000,392.0,normalDay
2021-02-03,14103.0,884.0,0.0,100,381.85,373.0,0,0.0,0.0,,0.0,1,0.21,0.22,SPY210210C00392000,392.0,normalDay
2021-02-04,14103.0,1291.0,0.0,100,386.19,373.0,0,0.0,0.0,,0.0,1,0.21,0.49,SPY210210C00392000,392.0,normalDay
2021-02-05,14103.0,1442.0,0.0,100,387.71,373.0,0,0.0,0.0,,0.0,1,0.21,0.5,SPY210210C00392000,392.0,normalDay
2021-02-08,14103.0,1691.0,0.0,100,390.51,373.0,0,0.0,0.0,,0.0,1,0.21,0.81,SPY210210C00392000,392.0,normalDay
2021-02-09,14103.0,1700.0,0.0,100,390.25,373.0,0,0.0,0.0,,0.0,1,0.21,0.46,SPY210210C00392000,392.0,normalDay
2021-02-10,14124.0,1708.0,21.0,100,390.08,373.0,0,0.0,0.0,,0.0,1,0.21,0.0,SPY210210C00392000,392.0,expirationDay
2021-02-11,14124.0,1768.0,0.0,100,390.71,373.0,0,0.0,0.0,,0.0,1,0.29,0.32,SPY210219C00400000,400.0,normalDay
2021-02-12,14124.0,1954.0,0.0,100,392.64,373.0,0,0.0,0.0,,0.0,1,0.29,0.39,SPY210219C00400000,400.0,normalDay
2021-02-16,14124.0,1946.0,0.0,100,392.3,373.0,0,0.0,0.0,,0.0,1,0.29,0.13,SPY210219C00400000,400.0,normalDay
2021-02-17,14124.0,1961.0,0.0,100,392.39,373.0,0,0.0,0.0,,0.0,1,0.29,0.07,SPY210219C00400000,400.0,normalDay
2021-02-18,14124.0,1799.0,0.0,100,390.72,373.0,0,0.0,0.0,,0.0,1,0.29,0.02,SPY210219C00400000,400.0,normalDay
2021-02-19,14153.0,1703.0,29.0,100,390.03,373.0,0,0.0,0.0,,0.0,1,0.29,0.0,SPY210219C00400000,400.0,expirationDay
2021-02-22,14153.0,1400.0,0.0,100,387.03,373.0,0,0.0,0.0,,0.0,1,0.03,0.06,SPY210303C00405000,405.0,normalDay
2021-02-23,14153.0,1447.0,0.0,100,387.5,373.0,0,0.0,0.0,,0.0,1,0.03,0.06,SPY210303C00405000,405.0,normalDay
2021-02-24,14153.0,1871.0,0.0,100,391.77,373.0,0,0.0,0.0,,0.0,1,0.03,0.09,SPY210303C00405000,405.0,normalDay
2021-02-25,14153.0,932.0,0.0,100,382.33,373.0,0,0.0,0.0,,0.0,1,0.03,0.04,SPY210303C00405000,405.0,normalDay
2021-02-26,14153.0,737.0,0.0,100,380.36,373.0,0,0.0,0.0,,0.0,1,0.03,0.02,SPY210303C00405000,405.0,normalDay
2021-03-01,14153.0,1659.0,0.0,100,389.58,373.0,0,0.0,0.0,,0.0,1,0.03,0.02,SPY210303C00405000,405.0,normalDay
2021-03-02,14153.0,1356.0,0.0,100,386.54,373.0,0,0.0,0.0,,0.0,1,0.03,0.01,SPY210303C00405000,405.0,normalDay
2021-03-03,14156.0,842.0,3.0,100,381.42,373.0,0,0.0,0.0,,0.0,1,0.03,0.0,SPY210303C00405000,405.0,expirationDay
2021-03-04,14156.0,367.0,0.0,100,376.7,373.0,0,0.0,0.0,,0.0,1,0.04,0.07,SPY210312C00401000,401.0,normalDay
2021-03-05,14156.0,1059.0,0.0,100,383.63,373.0,0,0.0,0.0,,0.0,1,0.04,0.08,SPY210312C00401000,401.0,normalDay
2021-03-08,14156.0,871.0,0.0,100,381.72,373.0,0,0.0,0.0,,0.0,1,0.04,0.05,SPY210312C00401000,401.0,normalDay
2021-03-09,14156.0,1416.0,0.0,100,387.17,373.0,0,0.0,0.0,,0.0,1,0.04,0.05,SPY210312C00401000,401.0,normalDay
2021-03-10,14156.0,1658.0,0.0,100,389.58,373.0,0,0.0,0.0,,0.0,1,0.04,0.04,SPY210312C00401000,401.0,normalDay
2021-03-11,14156.0,2053.0,0.0,100,393.53,373.0,0,0.0,0.0,,0.0,1,0.04,0.04,SPY210312C00401000,401.0,normalDay
2021-03-12,14160.0,2106.0,4.0,100,394.06,373.0,0,0.0,0.0,,0.0,1,0.04,0.0,SPY210312C00401000,401.0,expirationDay
2021-03-15,14160.0,2337.0,0.0,100,396.41,373.0,0,0.0,0.0,,0.0,1,0.73,0.77,SPY210324C00403000,403.0,normalDay
2021-03-16,14160.0,2306.0,0.0,100,395.91,373.0,0,0.0,0.0,,0.0,1,0.73,0.58,SPY210324C00403000,403.0,normalDay
2021-03-17,14160.0,2442.0,0.0,100,397.26,373.0,0,0.0,0.0,,0.0,1,0.73,0.57,SPY210324C00403000,403.0,normalDay
2021-03-18,14160.0,1905.0,0.0,100,391.48,373.0,0,0.0,0.0,,0.0,1,0.73,0.16,SPY210324C00403000,403.0,normalDay
2021-03-19,14160.0,1715.0,0.0,100,389.48,373.0,0,0.0,0.0,,0.0,1,0.73,0.06,SPY210324C00403000,403.0,normalDay
2021-03-22,14160.0,2030.0,0.0,100,392.59,373.0,0,0.0,0.0,,0.0,1,0.73,0.02,SPY210324C00403000,403.0,normalDay
2021-03-23,14160.0,1722.0,0.0,100,389.5,373.0,0,0.0,0.0,,0.0,1,0.73,0.01,SPY210324C00403000,403.0,normalDay
2021-03-24,14233.0,1452.0,73.0,100,387.52,373.0,0,0.0,0.0,,0.0,1,0.73,0.0,SPY210324C00403000,403.0,expirationDay
2021-03-25,14233.0,1667.0,0.0,100,389.7,373.0,0,0.0,0.0,,0.0,1,0.02,0.05,SPY210401C00405000,405.0,normalDay
2021-03-26,14233.0,2283.0,0.0,100,395.98,373.0,0,0.0,0.0,,0.0,1,0.02,0.17,SPY210401C00405000,405.0,normalDay
2021-03-29,14233.0,2268.0,0.0,100,395.78,373.0,0,0.0,0.0,,0.0,1,0.02,0.12,SPY210401C00405000,405.0,normalDay
2021-03-30,14233.0,2172.0,0.0,100,394.73,373.0,0,0.0,0.0,,0.0,1,0.02,0.03,SPY210401C00405000,405.0,normalDay
2021-03-31,14233.0,2333.0,0.0,100,396.33,373.0,0,0.0,0.0,,0.0,1,0.02,0.02,SPY210401C00405000,405.0,normalDay
2021-04-01,14235.0,2761.0,2.0,100,400.61,373.0,0,0.0,0.0,,0.0,1,0.02,0.0,SPY210401C00405000,405.0,expirationDay
2021-04-05,14235.0,3331.0,0.0,100,406.36,373.0,0,0.0,0.0,,0.0,1,1.93,1.98,SPY210414C00409000,409.0,normalDay
2021-04-06,14235.0,3338.0,0.0,100,406.12,373.0,0,0.0,0.0,,0.0,1,1.93,1.67,SPY210414C00409000,409.0,normalDay
2021-04-07,14235.0,3394.0,0.0,100,406.59,373.0,0,0.0,0.0,,0.0,1,1.93,1.58,SPY210414C00409000,409.0,normalDay
2021-04-08,14235.0,3531.0,0.0,100,408.52,373.0,0,0.0,0.0,,0.0,1,1.93,2.14,SPY210414C00409000,409.0,normalDay
2021-04-09,14235.0,3723.0,0.0,100,411.49,373.0,0,0.0,0.0,,0.0,1,1.93,3.19,SPY210414C00409000,409.0,normalDay
2021-04-12,14235.0,3735.0,0.0,100,411.64,373.0,0,0.0,0.0,,0.0,1,1.93,3.22,SPY210414C00409000,409.0,normalDay
2021-04-13,14235.0,3783.0,0.0,100,412.86,373.0,0,0.0,0.0,,0.0,1,1.93,3.96,SPY210414C00409000,409.0,normalDay
2021-04-14,18028.0,3783.0,3793.0,0,411.45,0.0,0,0.0,0.0,,0.0,1,1.93,0.0,SPY210414C00409000,409.0,expirationDay
2021-04-15,18028.0,0.0,0.0,0,415.87,0.0,0,0.0,0.0,,0.0,0,0.0,0.0,,0.0,bidTooLow
2021-04-16,18028.0,0.0,0.0,0,417.26,0.0,0,0.0,0.0,,0.0,0,0.0,0.0,,0.0,bidTooLow
2021-04-19,18028.0,0.0,0.0,0,415.21,0.0,0,0.0,0.0,,0.0,0,0.0,0.0,,0.0,bidTooLow
2021-04-20,18028.0,-3.0,0.0,0,412.17,0.0,1,0.04,0.07,SPY210423P00395000,395.0,0,0.0,0.0,,0.0,normalDay
2021-04-21,18028.0,2.0,0.0,0,416.07,0.0,1,0.04,0.02,SPY210423P00395000,395.0,0,0.0,0.0,,0.0,normalDay
2021-04-22,18028.0,2.0,0.0,0,412.27,0.0,1,0.04,0.02,SPY210423P00395000,395.0,0,0.0,0.0,,0.0,normalDay
2021-04-23,18032.0,0.0,4.0,0,416.74,0.0,1,0.04,0.0,SPY210423P00395000,395.0,0,0.0,0.0,,0.0,expirationDay
2021-04-26,18032.0,-3.0,0.0,0,417.61,0.0,1,0.01,0.04,SPY210428P00402000,402.0,0,0.0,0.0,,0.0,normalDay
2021-04-27,18032.0,-1.0,0.0,0,417.52,0.0,1,0.01,0.02,SPY210428P00402000,402.0,0,0.0,0.0,,0.0,normalDay
2021-04-28,18033.0,0.0,1.0,0,417.4,0.0,1,0.01,0.0,SPY210428P00402000,402.0,0,0.0,0.0,,0.0,expirationDay
2021-04-29,18033.0,0.0,0.0,0,420.06,0.0,0,0.0,0.0,,0.0,0,0.0,0.0,,0.0,bidTooLow
2021-04-30,18033.0,-3.0,0.0,0,417.3,0.0,1,0.09,0.12,SPY210503P00409000,409.0,0,0.0,0.0,,0.0,normalDay
2021-05-03,18042.0,0.0,9.0,0,418.2,0.0,1,0.09,0.0,SPY210503P00409000,409.0,0,0.0,0.0,,0.0,expirationDay
2021-05-04,18042.0,-3.0,0.0,0,415.62,0.0,1,0.91,0.94,SPY210507P00411000,411.0,0,0.0,0.0,,0.0,normalDay
2021-05-05,18042.0,29.0,0.0,0,415.75,0.0,1,0.91,0.62,SPY210507P00411000,411.0,0,0.0,0.0,,0.0,normalDay
2021-05-06,18042.0,83.0,0.0,0,419.07,0.0,1,0.91,0.08,SPY210507P00411000,411.0,0,0.0,0.0,,0.0,normalDay
2021-05-07,18133.0,0.0,91.0,0,422.12,0.0,1,0.91,0.0,SPY210507P00411000,411.0,0,0.0,0.0,,0.0,expirationDay
2021-05-10,18133.0,-3.0,0.0,0,417.94,0.0,1,0.96,0.99,SPY210512P00414000,414.0,0,0.0,0.0,,0.0,normalDay
2021-05-11,18133.0,-76.0,0.0,0,414.21,0.0,1,0.96,1.72,SPY210512P00414000,414.0,0,0.0,0.0,,0.0,normalDay
2021-05-12,18229.0,-859.0,96.0,100,405.41,414.0,1,0.96,0.0,SPY210512P00414000,414.0,0,0.0,0.0,,0.0,expirationDay
2021-05-13,18229.0,-375.0,0.0,100,410.28,414.0,0,0.0,0.0,,0.0,1,0.07,0.1,SPY210521C00427000,427.0,normalDay
2021-05-14,18229.0,248.0,0.0,100,416.58,414.0,0,0.0,0.0,,0.0,1,0.07,0.17,SPY210521C00427000,427.0,normalDay
2021-05-17,18229.0,153.0,0.0,100,415.52,414.0,0,0.0,0.0,,0.0,1,0.07,0.06,SPY210521C00427000,427.0,normalDay
2021-05-18,18229.0,-202.0,0.0,100,411.94,414.0,0,0.0,0.0,,0.0,1,0.07,0.03,SPY210521C00427000,427.0,normalDay
2021-05-19,18229.0,-309.0,0.0,100,410.86,414.0,0,0.0,0.0,,0.0,1,0.07,0.02,SPY210521C00427000,427.0,normalDay
2021-05-20,18229.0,134.0,0.0,100,415.28,414.0,0,0.0,0.0,,0.0,1,0.07,0.01,SPY210521C00427000,427.0,normalDay
2021-05-21,18236.0,94.0,7.0,100,414.94,414.0,0,0.0,0.0,,0.0,1,0.07,0.0,SPY210521C00427000,427.0,expirationDay
2021-05-24,18236.0,514.0,0.0,100,419.17,414.0,0,0.0,0.0,,0.0,1,0.26,0.29,SPY210602C00427000,427.0,normalDay
2021-05-25,18236.0,433.0,0.0,100,418.24,414.0,0,0.0,0.0,,0.0,1,0.26,0.17,SPY210602C00427000,427.0,normalDay
2021-05-26,18236.0,524.0,0.0,100,419.07,414.0,0,0.0,0.0,,0.0,1,0.26,0.09,SPY210602C00427000,427.0,normalDay
2021-05-27,18236.0,547.0,0.0,100,419.29,414.0,0,0.0,0.0,,0.0,1,0.26,0.08,SPY210602C00427000,427.0,normalDay
2021-05-28,18236.0,624.0,0.0,100,420.04,414.0,0,0.0,0.0,,0.0,1,0.26,0.06,SPY210602C00427000,427.0,normalDay
2021-06-01,18236.0,591.0,0.0,100,419.67,414.0,0,0.0,0.0,,0.0,1,0.26,0.02,SPY210602C00427000,427.0,normalDay
2021-06-02,18262.0,633.0,26.0,100,420.33,414.0,0,0.0,0.0,,0.0,1,0.26,0.0,SPY210602C00427000,427.0,expirationDay
2021-06-03,18262.0,474.0,0.0,100,418.77,414.0,0,0.0,0.0,,0.0,1,0.11,0.14,SPY210611C00429000,429.0,normalDay
2021-06-04,18262.0,856.0,0.0,100,422.6,414.0,0,0.0,0.0,,0.0,1,0.11,0.15,SPY210611C00429000,429.0,normalDay
2021-06-07,18262.0,822.0,0.0,100,422.19,414.0,0,0.0,0.0,,0.0,1,0.11,0.08,SPY210611C00429000,429.0,normalDay
2021-06-08,18262.0,832.0,0.0,100,422.28,414.0,0,0.0,0.0,,0.0,1,0.11,0.07,SPY210611C00429000,429.0,normalDay
2021-06-09,18262.0,770.0,0.0,100,421.65,414.0,0,0.0,0.0,,0.0,1,0.11,0.06,SPY210611C00429000,429.0,normalDay
2021-06-10,18262.0,969.0,0.0,100,423.61,414.0,0,0.0,0.0,,0.0,1,0.11,0.03,SPY210611C00429000,429.0,normalDay
2021-06-11,18273.0,1031.0,11.0,100,424.31,414.0,0,0.0,0.0,,0.0,1,0.11,0.0,SPY210611C00429000,429.0,expirationDay
2021-06-14,18273.0,1123.0,0.0,100,425.26,414.0,0,0.0,0.0,,0.0,1,0.4,0.43,SPY210623C00431000,431.0,normalDay
2021-06-15,18273.0,1054.0,0.0,100,424.48,414.0,0,0.0,0.0,,0.0,1,0.4,0.34,SPY210623C00431000,431.0,normalDay
2021-06-16,18273.0,840.0,0.0,100,422.11,414.0,0,0.0,0.0,,0.0,1,0.4,0.11,SPY210623C00431000,431.0,normalDay
2021-06-17,18273.0,831.0,0.0,100,421.97,414.0,0,0.0,0.0,,0.0,1,0.4,0.06,SPY210623C00431000,431.0,normalDay
2021-06-18,18273.0,129.0,0.0,100,414.92,414.0,0,0.0,0.0,,0.0,1,0.4,0.03,SPY210623C00431000,431.0,normalDay
2021-06-21,18273.0,725.0,0.0,100,420.86,414.0,0,0.0,0.0,,0.0,1,0.4,0.01,SPY210623C00431000,431.0,normalDay
2021-06-22,18273.0,950.0,0.0,100,423.11,414.0,0,0.0,0.0,,0.0,1,0.4,0.01,SPY210623C00431000,431.0,normalDay
2021-06-23,18313.0,860.0,40.0,100,422.6,414.0,0,0.0,0.0,,0.0,1,0.4,0.0,SPY210623C00431000,431.0,expirationDay
2021-06-24,18313.0,1107.0,0.0,100,425.1,414.0,0,0.0,0.0,,0.0,1,0.72,0.75,SPY210702C00429000,429.0,normalDay
2021-06-25,18313.0,1244.0,0.0,100,426.61,414.0,0,0.0,0.0,,0.0,1,0.72,0.89,SPY210702C00429000,429.0,normalDay
2021-06-28,18313.0,1335.0,0.0,100,427.47,414.0,0,0.0,0.0,,0.0,1,0.72,0.84,SPY210702C00429000,429.0,normalDay
2021-06-29,18313.0,1356.0,0.0,100,427.7,414.0,0,0.0,0.0,,0.0,1,0.72,0.86,SPY210702C00429000,429.0,normalDay
2021-06-30,18313.0,1381.0,0.0,100,428.06,414.0,0,0.0,0.0,,0.0,1,0.72,0.97,SPY210702C00429000,429.0,normalDay
2021-07-01,18313.0,1527.0,0.0,100,430.43,414.0,0,0.0,0.0,,0.0,1,0.72,1.88,SPY210702C00429000,429.0,normalDay
2021-07-02,19885.0,1527.0,1572.0,0,433.72,0.0,0,0.0,0.0,,0.0,1,0.72,0.0,SPY210702C00429000,429.0,expirationDay
2021-07-06,19885.0,-3.0,0.0,0,432.93,0.0,1,0.07,0.1,SPY210709P00421000,421.0,0,0.0,0.0,,0.0,normalDay
2021-07-07,19885.0,3.0,0.0,0,434.46,0.0,1,0.07,0.04,SPY210709P00421000,421.0,0,0.0,0.0,,0.0,normalDay
2021-07-08,19885.0,2.0,0.0,0,430.92,0.0,1,0.07,0.05,SPY210709P00421000,421.0,0,0.0,0.0,,0.0,normalDay
2021-07-09,19892.0,0.0,7.0,0,435.52,0.0,1,0.07,0.0,SPY210709P00421000,421.0,0,0.0,0.0,,0.0,expirationDay
2021-07-12,19892.0,-3.0,0.0,0,437.08,0.0,1,0.03,0.06,SPY210714P00422000,422.0,0,0.0,0.0,,0.0,normalDay
2021-07-13,19892.0,-3.0,0.0,0,435.59,0.0,1,0.03,0.06,SPY210714P00422000,422.0,0,0.0,0.0,,0.0,normalDay
2021-07-14,19895.0,0.0,3.0,0,436.24,0.0,1,0.03,0.0,SPY210714P00422000,422.0,0,0.0,0.0,,0.0,expirationDay
2021-07-15,19895.0,-3.0,0.0,0,434.75,0.0,1,0.03,0.06,SPY210716P00423000,423.0,0,0.0,0.0,,0.0,normalDay
2021-07-16,19898.0,0.0,3.0,0,431.34,0.0,1,0.03,0.0,SPY210716P00423000,423.0,0,0.0,0.0,,0.0,expirationDay
2021-07-19,19898.0,-4.0,0.0,0,424.97,0.0,1,2.61,2.65,SPY210721P00425000,425.0,0,0.0,0.0,,0.0,normalDay
2021-07-20,19898.0,241.0,0.0,0,431.06,0.0,1,2.61,0.2,SPY210721P00425000,425.0,0,0.0,0.0,,0.0,normalDay
2021-07-21,20159.0,0.0,261.0,0,434.55,0.0,1,2.61,0.0,SPY210721P00425000,425.0,0,0.0,0.0,,0.0,expirationDay
2021-07-22,20159.0,-3.0,0.0,0,435.46,0.0,1,0.03,0.06,SPY210723P00428000,428.0,0,0.0,0.0,,0.0,normalDay
2021-07-23,20162.0,0.0,3.0,0,439.94,0.0,1,0.03,0.0,SPY210723P00428000,428.0,0,0.0,0.0,,0.0,expirationDay
2021-07-26,20162.0,-3.0,0.0,0,441.02,0.0,1,0.04,0.07,SPY210728P00429000,429.0,0,0.0,0.0,,0.0,normalDay
2021-07-27,20162.0,-4.0,0.0,0,439.01,0.0,1,0.04,0.08,SPY210728P00429000,429.0,0,0.0,0.0,,0.0,normalDay
2021-07-28,20166.0,0.0,4.0,0,438.83,0.0,1,0.04,0.0,SPY210728P00429000,429.0,0,0.0,0.0,,0.0,expirationDay
2021-07-29,20166.0,-3.0,0.0,0,440.65,0.0,1,0.01,0.04,SPY210730P00431000,431.0,0,0.0,0.0,,0.0,normalDay
2021-07-30,20167.0,0.0,1.0,0,438.51,0.0,1,0.01,0.0,SPY210730P00431000,431.0,0,0.0,0.0,,0.0,expirationDay
2021-08-02,20167.0,-3.0,0.0,0,437.59,0.0,1,0.45,0.48,SPY210804P00432000,432.0,0,0.0,0.0,,0.0,normalDay
2021-08-03,20167.0,41.0,0.0,0,441.15,0.0,1,0.45,0.04,SPY210804P00432000,432.0,0,0.0,0.0,,0.0,normalDay
2021-08-04,20212.0,0.0,45.0,0,438.98,0.0,1,0.45,0.0,SPY210804P00432000,432.0,0,0.0,0.0,,0.0,expirationDay
2021-08-05,20212.0,-3.0,0.0,0,441.76,0.0,1,0.02,0.05,SPY210806P00432500,432.5,0,0.0,0.0,,0.0,normalDay
2021-08-06,20214.0,0.0,2.0,0,442.49,0.0,1,0.02,0.0,SPY210806P00432500,432.5,0,0.0,0.0,,0.0,expirationDay
2021-08-09,20214.0,-3.0,0.0,0,442.13,0.0,1,0.05,0.08,SPY210811P00433000,433.0,0,0.0,0.0,,0.0,normalDay
2021-08-10,20214.0,1.0,0.0,0,442.68,0.0,1,0.05,0.04,SPY210811P00433000,433.0,0,0.0,0.0,,0.0,normalDay
2021-08-11,20219.0,0.0,5.0,0,443.78,0.0,1,0.05,0.0,SPY210811P00433000,433.0,0,0.0,0.0,,0.0,expirationDay
2021-08-12,20219.0,-3.0,0.0,0,445.11,0.0,1,0.03,0.06,SPY210813P00434000,434.0,0,0.0,0.0,,0.0,normalDay
2021-08-13,20222.0,0.0,3.0,0,445.92,0.0,1,0.03,0.0,SPY210813P00434000,434.0,0,0.0,0.0,,0.0,expirationDay
2021-08-16,20222.0,-3.0,0.0,0,446.97,0.0,1,0.07,0.1,SPY210818P00436000,436.0,0,0.0,0.0,,0.0,normalDay
2021-08-17,20222.0,-6.0,0.0,0,444.04,0.0,1,0.07,0.13,SPY210818P00436000,436.0,0,0.0,0.0,,0.0,normalDay
2021-08-18,20229.0,0.0,7.0,0,439.18,0.0,1,0.07,0.0,SPY210818P00436000,436.0,0,0.0,0.0,,0.0,expirationDay
2021-08-19,20229.0,-5.0,0.0,0,439.86,0.0,1,1.25,1.3,SPY210820P00439000,439.0,0,0.0,0.0,,0.0,normalDay
2021-08-20,20354.0,0.0,125.0,0,443.36,0.0,1,1.25,0.0,SPY210820P00439000,439.0,0,0.0,0.0,,0.0,expirationDay
2021-08-23,20354.0,-3.0,0.0,0,447.26,0.0,1,0.08,0.11,SPY210825P00439000,439.0,0,0.0,0.0,,0.0,normalDay
2021-08-24,20354.0,3.0,0.0,0,447.97,0.0,1,0.08,0.05,SPY210825P00439000,439.0,0,0.0,0.0,,0.0,normalDay
2021-08-25,20362.0,0.0,8.0,0,448.91,0.0,1,0.08,0.0,SPY210825P00439000,439.0,0,0.0,0.0,,0.0,expirationDay
2021-08-26,20362.0,-3.0,0.0,0,446.26,0.0,1,0.17,0.2,SPY210827P00440000,440.0,0,0.0,0.0,,0.0,normalDay
2021-08-27,20379.0,0.0,17.0,0,450.25,0.0,1,0.17,0.0,SPY210827P00440000,440.0,0,0.0,0.0,,0.0,expirationDay
2021-08-30,20379.0,-3.0,0.0,0,452.23,0.0,1,0.04,0.07,SPY210901P00441000,441.0,0,0.0,0.0,,0.0,normalDay
2021-08-31,20379.0,-1.0,0.0,0,451.56,0.0,1,0.04,0.05,SPY210901P00441000,441.0,0,0.0,0.0,,0.0,normalDay
2021-09-01,20383.0,0.0,4.0,0,451.8,0.0,1,0.04,0.0,SPY210901P00441000,441.0,0,0.0,0.0,,0.0,expirationDay
2021-09-02,20383.0,-3.0,0.0,0,453.19,0.0,1,0.02,0.05,SPY210903P00442000,442.0,0,0.0,0.0,,0.0,normalDay
2021-09-03,20385.0,0.0,2.0,0,453.08,0.0,1,0.02,0.0,SPY210903P00442000,442.0,0,0.0,0.0,,0.0,expirationDay
2021-09-07,20385.0,-3.0,0.0,0,451.46,0.0,1,0.3,0.33,SPY210910P00443000,443.0,0,0.0,0.0,,0.0,normalDay
2021-09-08,20385.0,11.0,0.0,0,450.91,0.0,1,0.3,0.19,SPY210910P00443000,443.0,0,0.0,0.0,,0.0,normalDay
2021-09-09,20385.0,13.0,0.0,0,448.98,0.0,1,0.3,0.17,SPY210910P00443000,443.0,0,0.0,0.0,,0.0,normalDay
2021-09-10,20415.0,0.0,30.0,0,445.44,0.0,1,0.3,0.0,SPY210910P00443000,443.0,0,0.0,0.0,,0.0,expirationDay
2021-09-13,20415.0,-3.0,0.0,0,446.58,0.0,1,1.15,1.18,SPY210915P00444000,444.0,0,0.0,0.0,,0.0,normalDay
2021-09-14,20415.0,-13.0,0.0,0,444.17,0.0,1,1.15,1.28,SPY210915P00444000,444.0,0,0.0,0.0,,0.0,normalDay
2021-09-15,20530.0,0.0,115.0,0,447.88,0.0,1,1.15,0.0,SPY210915P00444000,444.0,0,0.0,0.0,,0.0,expirationDay
2021-09-16,20530.0,-4.0,0.0,0,447.17,0.0,1,0.94,0.98,SPY210917P00445000,445.0,0,0.0,0.0,,0.0,normalDay
2021-09-17,20624.0,-360.0,94.0,100,441.4,445.0,1,0.94,0.0,SPY210917P00445000,445.0,0,0.0,0.0,,0.0,expirationDay
2021-09-20,20624.0,-1099.0,0.0,100,434.04,445.0,0,0.0,0.0,,0.0,1,0.01,0.04,SPY210929C00461000,461.0,normalDay
2021-09-21,20624.0,-1139.0,0.0,100,433.63,445.0,0,0.0,0.0,,0.0,1,0.01,0.03,SPY210929C00461000,461.0,normalDay
2021-09-22,20624.0,-716.0,0.0,100,437.86,445.0,0,0.0,0.0,,0.0,1,0.01,0.03,SPY210929C00461000,461.0,normalDay
2021-09-23,20624.0,-185.0,0.0,100,443.18,445.0,0,0.0,0.0,,0.0,1,0.01,0.04,SPY210929C00461000,461.0,normalDay
2021-09-24,20624.0,-110.0,0.0,100,443.91,445.0,0,0.0,0.0,,0.0,1,0.01,0.02,SPY210929C00461000,461.0,normalDay
2021-09-27,20624.0,-236.0,0.0,100,442.64,445.0,0,0.0,0.0,,0.0,1,0.01,0.01,SPY210929C00461000,461.0,normalDay
2021-09-28,20624.0,-1128.0,0.0,100,433.72,445.0,0,0.0,0.0,,0.0,1,0.01,0.01,SPY210929C00461000,461.0,normalDay
2021-09-29,20625.0,-1055.0,1.0,100,434.45,445.0,0,0.0,0.0,,0.0,1,0.01,0.0,SPY210929C00461000,461.0,expirationDay
2021-09-30,20625.0,-1586.0,0.0,100,429.14,445.0,0,0.0,0.0,,0.0,0,0.0,0.0,,0.0,bidTooLow
2021-10-01,20625.0,-1076.0,0.0,100,434.24,445.0,0,0.0,0.0,,0.0,0,0.0,0.0,,0.0,bidTooLow
2021-10-04,20625.0,-1636.0,0.0,100,428.64,445.0,0,0.0,0.0,,0.0,0,0.0,0.0,,0.0,bidTooLow
2021-10-05,20625.0,-1190.0,0.0,100,433.1,445.0,0,0.0,0.0,,0.0,0,0.0,0.0,,0.0,bidTooLow
2021-10-06,20625.0,-1013.0,0.0,100,434.9,445.0,0,0.0,0.0,,0.0,1,0.02,0.05,SPY211015C00458000,458.0,normalDay
2021-10-07,20625.0,-637.0,0.0,100,438.66,445.0,0,0.0,0.0,,0.0,1,0.02,0.05,SPY211015C00458000,458.0,normalDay
2021-10-08,20625.0,-714.0,0.0,100,437.86,445.0,0,0.0,0.0,,0.0,1,0.02,0.02,SPY211015C00458000,458.0,normalDay
2021-10-11,20625.0,-1031.0,0.0,100,434.69,445.0,0,0.0,0.0,,0.0,1,0.02,0.02,SPY211015C00458000,458.0,normalDay
2021-10-12,20625.0,-1138.0,0.0,100,433.62,445.0,0,0.0,0.0,,0.0,1,0.02,0.02,SPY211015C00458000,458.0,normalDay
2021-10-13,20625.0,-981.0,0.0,100,435.18,445.0,0,0.0,0.0,,0.0,1,0.02,0.01,SPY211015C00458000,458.0,normalDay
2021-10-14,20625.0,-249.0,0.0,100,442.5,445.0,0,0.0,0.0,,0.0,1,0.02,0.01,SPY211015C00458000,458.0,normalDay
2021-10-15,20627.0,87.0,2.0,100,445.87,445.0,0,0.0,0.0,,0.0,1,0.02,0.0,SPY211015C00458000,458.0,expirationDay
2021-10-18,20627.0,216.0,0.0,100,447.19,445.0,0,0.0,0.0,,0.0,1,0.67,0.7,SPY211027C00453000,453.0,normalDay
2021-10-19,20627.0,468.0,0.0,100,450.64,445.0,0,0.0,0.0,,0.0,1,0.67,1.63,SPY211027C00453000,453.0,normalDay
2021-10-20,20627.0,621.0,0.0,100,452.41,445.0,0,0.0,0.0,,0.0,1,0.67,1.87,SPY211027C00453000,453.0,normalDay
2021-10-21,20627.0,695.0,0.0,100,453.59,445.0,0,0.0,0.0,,0.0,1,0.67,2.31,SPY211027C00453000,453.0,normalDay
2021-10-22,20627.0,703.0,0.0,100,453.12,445.0,0,0.0,0.0,,0.0,1,0.67,1.76,SPY211027C00453000,453.0,normalDay
2021-10-25,20627.0,859.0,0.0,100,455.55,445.0,0,0.0,0.0,,0.0,1,0.67,2.63,SPY211027C00453000,453.0,normalDay
2021-10-26,20627.0,814.0,0.0,100,455.96,445.0,0,0.0,0.0,,0.0,1,0.67,3.49,SPY211027C00453000,453.0,normalDay
2021-10-27,21494.0,814.0,867.0,0,453.94,0.0,0,0.0,0.0,,0.0,1,0.67,0.0,SPY211027C00453000,453.0,expirationDay
2021-10-28,21494.0,0.0,0.0,0,458.32,0.0,0,0.0,0.0,,0.0,0,0.0,0.0,,0.0,bidTooLow
2021-10-29,21494.0,0.0,0.0,0,459.25,0.0,0,0.0,0.0,,0.0,0,0.0,0.0,,0.0,bidTooLow
2021-11-01,21494.0,0.0,0.0,0,460.04,0.0,0,0.0,0.0,,0.0,0,0.0,0.0,,0.0,bidTooLow
2021-11-02,21494.0,-3.0,0.0,0,461.9,0.0,1,0.04,0.07,SPY211105P00439000,439.0,0,0.0,0.0,,0.0,normalDay
2021-11-03,21494.0,1.0,0.0,0,464.72,0.0,1,0.04,0.03,SPY211105P00439000,439.0,0,0.0,0.0,,0.0,normalDay
2021-11-04,21494.0,2.0,0.0,0,466.91,0.0,1,0.04,0.02,SPY211105P00439000,439.0,0,0.0,0.0,,0.0,normalDay
2021-11-05,21498.0,0.0,4.0,0,468.53,0.0,1,0.04,0.0,SPY211105P00439000,439.0,0,0.0,0.0,,0.0,expirationDay
2021-11-08,21498.0,0.0,0.0,0,468.93,0.0,0,0.0,0.0,,0.0,0,0.0,0.0,,0.0,bidTooLow
2021-11-09,21498.0,-3.0,0.0,0,467.38,0.0,1,0.04,0.07,SPY211112P00447000,447.0,0,0.0,0.0,,0.0,normalDay
2021-11-10,21498.0,-4.0,0.0,0,463.62,0.0,1,0.04,0.08,SPY211112P00447000,447.0,0,0.0,0.0,,0.0,normalDay
2021-11-11,21498.0,2.0,0.0,0,463.77,0.0,1,0.04,0.02,SPY211112P00447000,447.0,0,0.0,0.0,,0.0,normalDay
2021-11-12,21502.0,0.0,4.0,0,467.27,0.0,1,0.04,0.0,SPY211112P00447000,447.0,0,0.0,0.0,,0.0,expirationDay
2021-11-15,21502.0,-3.0,0.0,0,467.43,0.0,1,0.03,0.06,SPY211117P00455000,455.0,0,0.0,0.0,,0.0,normalDay
2021-11-16,21502.0,-1.0,0.0,0,469.28,0.0,1,0.03,0.04,SPY211117P00455000,455.0,0,0.0,0.0,,0.0,normalDay
2021-11-17,21505.0,0.0,3.0,0,468.14,0.0,1,0.03,0.0,SPY211117P00455000,455.0,0,0.0,0.0,,0.0,expirationDay
2021-11-18,21505.0,-3.0,0.0,0,469.73,0.0,1,0.02,0.05,SPY211119P00457500,457.5,0,0.0,0.0,,0.0,normalDay
2021-11-19,21507.0,0.0,2.0,0,468.89,0.0,1,0.02,0.0,SPY211119P00457500,457.5,0,0.0,0.0,,0.0,expirationDay
2021-11-22,21507.0,-3.0,0.0,0,467.57,0.0,1,0.35,0.38,SPY211124P00460000,460.0,0,0.0,0.0,,0.0,normalDay
2021-11-23,21507.0,23.0,0.0,0,468.19,0.0,1,0.35,0.12,SPY211124P00460000,460.0,0,0.0,0.0,,0.0,normalDay
2021-11-24,21542.0,0.0,35.0,0,469.44,0.0,1,0.35,0.0,SPY211124P00460000,460.0,0,0.0,0.0,,0.0,expirationDay
2021-11-26,21542.0,-80.0,0.0,0,458.97,0.0,1,5.2,6.0,SPY211129P00462000,462.0,0,0.0,0.0,,0.0,normalDay
2021-11-29,22062.0,0.0,520.0,0,464.6,0.0,1,5.2,0.0,SPY211129P00462000,462.0,0,0.0,0.0,,0.0,expirationDay
2021-11-30,22062.0,-19.0,0.0,0,455.56,0.0,1,6.35,6.54,SPY211203P00462500,462.5,0,0.0,0.0,,0.0,normalDay
2021-12-01,22062.0,-617.0,0.0,0,450.5,0.0,1,6.35,12.52,SPY211203P00462500,462.5,0,0.0,0.0,,0.0,normalDay
2021-12-02,22062.0,61.0,0.0,0,457.4,0.0,1,6.35,5.74,SPY211203P00462500,462.5,0,0.0,0.0,,0.0,normalDay
2021-12-03,22697.0,-908.0,635.0,100,453.42,462.5,1,6.35,0.0,SPY211203P00462500,462.5,0,0.0,0.0,,0.0,expirationDay
2021-12-06,22697.0,-374.0,0.0,100,458.79,462.5,0,0.0,0.0,,0.0,1,0.05,0.08,SPY211215C00482000,482.0,normalDay
2021-12-07,22697.0,560.0,0.0,100,468.28,462.5,0,0.0,0.0,,0.0,1,0.05,0.23,SPY211215C00482000,482.0,normalDay
2021-12-08,22697.0,691.0,0.0,100,469.52,462.5,0,0.0,0.0,,0.0,1,0.05,0.16,SPY211215C00482000,482.0,normalDay
2021-12-09,22697.0,382.0,0.0,100,466.35,462.5,0,0.0,0.0,,0.0,1,0.05,0.08,SPY211215C00482000,482.0,normalDay
2021-12-10,22697.0,822.0,0.0,100,470.74,462.5,0,0.0,0.0,,0.0,1,0.05,0.07,SPY211215C00482000,482.0,normalDay
2021-12-13,22697.0,410.0,0.0,100,466.57,462.5,0,0.0,0.0,,0.0,1,0.05,0.02,SPY211215C00482000,482.0,normalDay
2021-12-14,22697.0,90.0,0.0,100,463.36,462.5,0,0.0,0.0,,0.0,1,0.05,0.01,SPY211215C00482000,482.0,normalDay
2021-12-15,22702.0,810.0,5.0,100,470.6,462.5,0,0.0,0.0,,0.0,1,0.05,0.0,SPY211215C00482000,482.0,expirationDay
2021-12-16,22702.0,392.0,0.0,100,466.45,462.5,0,0.0,0.0,,0.0,1,0.06,0.09,SPY211223C00482000,482.0,normalDay
2021-12-17,22702.0,-260.0,0.0,100,459.87,462.5,0,0.0,0.0,,0.0,1,0.06,0.03,SPY211223C00482000,482.0,normalDay
2021-12-20,22702.0,-747.0,0.0,100,454.98,462.5,0,0.0,0.0,,0.0,1,0.06,0.01,SPY211223C00482000,482.0,normalDay
2021-12-21,22702.0,61.0,0.0,100,463.06,462.5,0,0.0,0.0,,0.0,1,0.06,0.01,SPY211223C00482000,482.0,normalDay
2021-12-22,22702.0,524.0,0.0,100,467.69,462.5,0,0.0,0.0,,0.0,1,0.06,0.01,SPY211223C00482000,482.0,normalDay
2021-12-23,22708.0,810.0,6.0,100,470.6,462.5,0,0.0,0.0,,0.0,1,0.06,0.0,SPY211223C00482000,482.0,expirationDay
2021-12-27,22708.0,1473.0,0.0,100,477.26,462.5,0,0.0,0.0,,0.0,1,0.71,0.74,SPY220105C00484000,484.0,normalDay
2021-12-28,22708.0,1441.0,0.0,100,476.87,462.5,0,0.0,0.0,,0.0,1,0.71,0.67,SPY220105C00484000,484.0,normalDay
2021-12-29,22708.0,1521.0,0.0,100,477.48,462.5,0,0.0,0.0,,0.0,1,0.71,0.48,SPY220105C00484000,484.0,normalDay
2021-12-30,22708.0,1413.0,0.0,100,476.16,462.5,0,0.0,0.0,,0.0,1,0.71,0.24,SPY220105C00484000,484.0,normalDay
2021-12-31,22708.0,1309.0,0.0,100,474.96,462.5,0,0.0,0.0,,0.0,1,0.71,0.08,SPY220105C00484000,484.0,normalDay
2022-01-03,22708.0,1586.0,0.0,100,477.71,462.5,0,0.0,0.0,,0.0,1,0.71,0.06,SPY220105C00484000,484.0,normalDay
2022-01-04,22708.0,1573.0,0.0,100,477.55,462.5,0,0.0,0.0,,0.0,1,0.71,0.03,SPY220105C00484000,484.0,normalDay
2022-01-05,22779.0,588.0,71.0,100,468.38,462.5,0,0.0,0.0,,0.0,1,0.71,0.0,SPY220105C00484000,484.0,expirationDay
2022-01-06,22779.0,541.0,0.0,100,467.94,462.5,0,0.0,0.0,,0.0,1,0.01,0.04,SPY220114C00489000,489.0,normalDay
2022-01-07,22779.0,357.0,0.0,100,466.09,462.5,0,0.0,0.0,,0.0,1,0.01,0.03,SPY220114C00489000,489.0,normalDay
2022-01-10,22779.0,301.0,0.0,100,465.51,462.5,0,0.0,0.0,,0.0,1,0.01,0.01,SPY220114C00489000,489.0,normalDay
2022-01-11,22779.0,724.0,0.0,100,469.75,462.5,0,0.0,0.0,,0.0,1,0.01,0.02,SPY220114C00489000,489.0,normalDay
2022-01-12,22779.0,851.0,0.0,100,471.02,462.5,0,0.0,0.0,,0.0,1,0.01,0.02,SPY220114C00489000,489.0,normalDay
2022-01-13,22779.0,203.0,0.0,100,464.53,462.5,0,0.0,0.0,,0.0,1,0.01,0.01,SPY220114C00489000,489.0,normalDay
2022-01-14,22780.0,222.0,1.0,100,464.72,462.5,0,0.0,0.0,,0.0,1,0.01,0.0,SPY220114C00489000,489.0,expirationDay
2022-01-18,22780.0,-601.0,0.0,100,456.49,462.5,0,0.0,0.0,,0.0,0,0.0,0.0,,0.0,bidTooLow
2022-01-19,22780.0,-1075.0,0.0,100,451.75,462.5,0,0.0,0.0,,0.0,0,0.0,0.0,,0.0,bidTooLow
2022-01-20,22780.0,-1575.0,0.0,100,446.75,462.5,0,0.0,0.0,,0.0,0,0.0,0.0,,0.0,bidTooLow
2022-01-21,22780.0,-2452.0,0.0,100,437.98,462.5,0,0.0,0.0,,0.0,0,0.0,0.0,,0.0,bidTooLow
2022-01-24,22780.0,-2266.0,0.0,100,439.84,462.5,0,0.0,0.0,,0.0,0,0.0,0.0,,0.0,bidTooLow
2022-01-25,22780.0,-2803.0,0.0,100,434.47,462.5,0,0.0,0.0,,0.0,0,0.0,0.0,,0.0,bidTooLow
2022-01-26,22780.0,-2912.0,0.0,100,433.38,462.5,0,0.0,0.0,,0.0,0,0.0,0.0,,0.0,bidTooLow
2022-01-27,22780.0,-3126.0,0.0,100,431.24,462.5,0,0.0,0.0,,0.0,0,0.0,0.0,,0.0,bidTooLow
2022-01-28,22780.0,-2055.0,0.0,100,441.95,462.5,0,0.0,0.0,,0.0,0,0.0,0.0,,0.0,bidTooLow
2022-01-31,22780.0,-1259.0,0.0,100,449.91,462.5,0,0.0,0.0,,0.0,0,0.0,0.0,,0.0,bidTooLow
2022-02-01,22780.0,-955.0,0.0,100,452.95,462.5,0,0.0,0.0,,0.0,0,0.0,0.0,,0.0,bidTooLow
2022-02-02,22780.0,-515.0,0.0,100,457.35,462.5,0,0.0,0.0,,0.0,0,0.0,0.0,,0.0,bidTooLow
2022-02-03,22780.0,-1590.0,0.0,100,446.6,462.5,0,0.0,0.0,,0.0,0,0.0,0.0,,0.0,bidTooLow
2022-02-04,22780.0,-1380.0,0.0,100,448.7,462.5,0,0.0,0.0,,0.0,0,0.0,0.0,,0.0,bidTooLow
2022-02-07,22780.0,-1524.0,0.0,100,447.26,462.5,0,0.0,0.0,,0.0,0,0.0,0.0,,0.0,bidTooLow
2022-02-08,22780.0,-1156.0,0.0,100,450.94,462.5,0,0.0,0.0,,0.0,0,0.0,0.0,,0.0,bidTooLow
2022-02-09,22780.0,-499.0,0.0,100,457.54,462.5,0,0.0,0.0,,0.0,1,0.06,0.09,SPY220218C00481000,481.0,normalDay
2022-02-10,22780.0,-1315.0,0.0,100,449.32,462.5,0,0.0,0.0,,0.0,1,0.06,0.03,SPY220218C00481000,481.0,normalDay
2022-02-11,22780.0,-2200.0,0.0,100,440.46,462.5,0,0.0,0.0,,0.0,1,0.06,0.02,SPY220218C00481000,481.0,normalDay
2022-02-14,22780.0,-2343.0,0.0,100,439.02,462.5,0,0.0,0.0,,0.0,1,0.06,0.01,SPY220218C00481000,481.0,normalDay
2022-02-15,22780.0,-1635.0,0.0,100,446.1,462.5,0,0.0,0.0,,0.0,1,0.06,0.01,SPY220218C00481000,481.0,normalDay
2022-02-16,22780.0,-1585.0,0.0,100,446.6,462.5,0,0.0,0.0,,0.0,1,0.06,0.01,SPY220218C00481000,481.0,normalDay
2022-02-17,22780.0,-2539.0,0.0,100,437.06,462.5,0,0.0,0.0,,0.0,1,0.06,0.01,SPY220218C00481000,481.0,normalDay
2022-02-18,22786.0,-2827.0,6.0,100,434.23,462.5,0,0.0,0.0,,0.0,1,0.06,0.0,SPY220218C00481000,481.0,expirationDay
2022-02-22,22786.0,-3293.0,0.0,100,429.57,462.5,0,0.0,0.0,,0.0,0,0.0,0.0,,0.0,bidTooLow
2022-02-23,22786.0,-4055.0,0.0,100,421.95,462.5,0,0.0,0.0,,0.0,0,0.0,0.0,,0.0,bidTooLow
2022-02-24,22786.0,-3423.0,0.0,100,428.3,462.5,0,0.0,0.0,,0.0,1,0.01,0.04,SPY220304C00472000,472.0,normalDay
2022-02-25,22786.0,-2477.0,0.0,100,437.75,462.5,0,0.0,0.0,,0.0,1,0.01,0.03,SPY220304C00472000,472.0,normalDay
2022-02-28,22786.0,-2588.0,0.0,100,436.63,462.5,0,0.0,0.0,,0.0,1,0.01,0.02,SPY220304C00472000,472.0,normalDay
2022-03-01,22786.0,-3252.0,0.0,100,429.98,462.5,0,0.0,0.0,,0.0,1,0.01,0.01,SPY220304C00472000,472.0,normalDay
2022-03-02,22786.0,-2461.0,0.0,100,437.89,462.5,0,0.0,0.0,,0.0,1,0.01,0.01,SPY220304C00472000,472.0,normalDay
2022-03-03,22786.0,-2679.0,0.0,100,435.71,462.5,0,0.0,0.0,,0.0,1,0.01,0.01,SPY220304C00472000,472.0,normalDay
2022-03-04,22787.0,-3033.0,1.0,100,432.17,462.5,0,0.0,0.0,,0.0,1,0.01,0.0,SPY220304C00472000,472.0,expirationDay
2022-03-07,22787.0,-4307.0,0.0,100,419.43,462.5,0,0.0,0.0,,0.0,0,0.0,0.0,,0.0,bidTooLow
2022-03-08,22787.0,-4625.0,0.0,100,416.25,462.5,0,0.0,0.0,,0.0,0,0.0,0.0,,0.0,bidTooLow
2022-03-09,22787.0,-3512.0,0.0,100,427.41,462.5,0,0.0,0.0,,0.0,1,0.04,0.07,SPY220318C00465000,465.0,normalDay
2022-03-10,22787.0,-3702.0,0.0,100,425.48,462.5,0,0.0,0.0,,0.0,1,0.04,0.04,SPY220318C00465000,465.0,normalDay
2022-03-11,22787.0,-4242.0,0.0,100,420.07,462.5,0,0.0,0.0,,0.0,1,0.04,0.03,SPY220318C00465000,465.0,normalDay
2022-03-14,22787.0,-4548.0,0.0,100,417.0,462.5,0,0.0,0.0,,0.0,1,0.04,0.02,SPY220318C00465000,465.0,normalDay
2022-03-15,22787.0,-3630.0,0.0,100,426.17,462.5,0,0.0,0.0,,0.0,1,0.04,0.01,SPY220318C00465000,465.0,normalDay
2022-03-16,22787.0,-2686.0,0.0,100,435.62,462.5,0,0.0,0.0,,0.0,1,0.04,0.02,SPY220318C00465000,465.0,normalDay
2022-03-17,22787.0,-2140.0,0.0,100,441.07,462.5,0,0.0,0.0,,0.0,1,0.04,0.01,SPY220318C00465000,465.0,normalDay
2022-03-18,22791.0,-1798.0,4.0,100,444.52,462.5,0,0.0,0.0,,0.0,1,0.04,0.0,SPY220318C00465000,465.0,expirationDay
2022-03-21,22791.0,-1815.0,0.0,100,444.39,462.5,0,0.0,0.0,,0.0,1,1.12,1.16,SPY220330C00456000,456.0,normalDay
2022-03-22,22791.0,-1383.0,0.0,100,449.59,462.5,0,0.0,0.0,,0.0,1,1.12,2.04,SPY220330C00456000,456.0,normalDay
2022-03-23,22791.0,-1820.0,0.0,100,443.8,462.5,0,0.0,0.0,,0.0,1,1.12,0.62,SPY220330C00456000,456.0,normalDay
2022-03-24,22791.0,-1233.0,0.0,100,450.49,462.5,0,0.0,0.0,,0.0,1,1.12,1.44,SPY220330C00456000,456.0,normalDay
2022-03-25,22791.0,-1018.0,0.0,100,452.69,462.5,0,0.0,0.0,,0.0,1,1.12,1.49,SPY220330C00456000,456.0,normalDay
2022-03-28,22791.0,-758.0,0.0,100,455.91,462.5,0,0.0,0.0,,0.0,1,1.12,2.11,SPY220330C00456000,456.0,normalDay
2022-03-29,22791.0,-535.0,0.0,100,461.55,462.5,0,0.0,0.0,,0.0,1,1.12,5.52,SPY220330C00456000,456.0,normalDay
2022-03-30,22253.0,-535.0,-538.0,0,458.7,0.0,0,0.0,0.0,,0.0,1,1.12,0.0,SPY220330C00456000,456.0,expirationDay
2022-03-31,22253.0,0.0,0.0,0,451.64,0.0,0,0.0,0.0,,0.0,0,0.0,0.0,,0.0,bidTooLow
2022-04-01,22253.0,0.0,0.0,0,452.92,0.0,0,0.0,0.0,,0.0,0,0.0,0.0,,0.0,bidTooLow
2022-04-04,22253.0,0.0,0.0,0,456.8,0.0,0,0.0,0.0,,0.0,0,0.0,0.0,,0.0,bidTooLow
2022-04-05,22253.0,-3.0,0.0,0,451.03,0.0,1,0.06,0.09,SPY220408P00430000,430.0,0,0.0,0.0,,0.0,normalDay
2022-04-06,22253.0,-2.0,0.0,0,446.52,0.0,1,0.06,0.08,SPY220408P00430000,430.0,0,0.0,0.0,,0.0,normalDay
2022-04-07,22253.0,3.0,0.0,0,448.77,0.0,1,0.06,0.03,SPY220408P00430000,430.0,0,0.0,0.0,,0.0,normalDay
2022-04-08,22259.0,0.0,6.0,0,447.57,0.0,1,0.06,0.0,SPY220408P00430000,430.0,0,0.0,0.0,,0.0,expirationDay
2022-04-11,22259.0,-5.0,0.0,0,439.92,0.0,1,3.86,3.91,SPY220414P00440000,440.0,0,0.0,0.0,,0.0,normalDay
2022-04-12,22259.0,20.0,0.0,0,438.29,0.0,1,3.86,3.66,SPY220414P00440000,440.0,0,0.0,0.0,,0.0,normalDay
2022-04-13,22259.0,312.0,0.0,0,443.31,0.0,1,3.86,0.74,SPY220414P00440000,440.0,0,0.0,0.0,,0.0,normalDay
2022-04-14,22645.0,-221.0,386.0,100,437.79,440.0,1,3.86,0.0,SPY220414P00440000,440.0,0,0.0,0.0,,0.0,expirationDay
2022-04-18,22645.0,-203.0,0.0,100,437.97,440.0,0,0.0,0.0,,0.0,0,0.0,0.0,,0.0,bidTooLow
2022-04-19,22645.0,504.0,0.0,100,445.04,440.0,0,0.0,0.0,,0.0,0,0.0,0.0,,0.0,bidTooLow
2022-04-20,22645.0,471.0,0.0,100,444.71,440.0,0,0.0,0.0,,0.0,0,0.0,0.0,,0.0,bidTooLow
2022-04-21,22645.0,-194.0,0.0,100,438.06,440.0,0,0.0,0.0,,0.0,0,0.0,0.0,,0.0,bidTooLow
2022-04-22,22645.0,-1396.0,0.0,100,426.04,440.0,0,0.0,0.0,,0.0,0,0.0,0.0,,0.0,bidTooLow
2022-04-25,22645.0,-1149.0,0.0,100,428.51,440.0,0,0.0,0.0,,0.0,0,0.0,0.0,,0.0,bidTooLow
2022-04-26,22645.0,-2390.0,0.0,100,416.1,440.0,0,0.0,0.0,,0.0,0,0.0,0.0,,0.0,bidTooLow
2022-04-27,22645.0,-2273.0,0.0,100,417.27,440.0,0,0.0,0.0,,0.0,0,0.0,0.0,,0.0,bidTooLow
2022-04-28,22645.0,-1219.0,0.0,100,427.81,440.0,0,0.0,0.0,,0.0,0,0.0,0.0,,0.0,bidTooLow
2022-04-29,22645.0,-2800.0,0.0,100,412.0,440.0,0,0.0,0.0,,0.0,0,0.0,0.0,,0.0,bidTooLow
2022-05-02,22645.0,-2552.0,0.0,100,414.48,440.0,0,0.0,0.0,,0.0,0,0.0,0.0,,0.0,bidTooLow
2022-05-03,22645.0,-2362.0,0.0,100,416.38,440.0,0,0.0,0.0,,0.0,0,0.0,0.0,,0.0,bidTooLow
2022-05-04,22645.0,-1094.0,0.0,100,429.06,440.0,0,0.0,0.0,,0.0,0,0.0,0.0,,0.0,bidTooLow
2022-05-05,22645.0,-2619.0,0.0,100,413.81,440.0,0,0.0,0.0,,0.0,0,0.0,0.0,,0.0,bidTooLow
2022-05-06,22645.0,-2866.0,0.0,100,411.34,440.0,0,0.0,0.0,,0.0,0,0.0,0.0,,0.0,bidTooLow
2022-05-09,22645.0,-4183.0,0.0,100,398.17,440.0,0,0.0,0.0,,0.0,0,0.0,0.0,,0.0,bidTooLow
2022-05-10,22645.0,-4091.0,0.0,100,399.09,440.0,0,0.0,0.0,,0.0,0,0.0,0.0,,0.0,bidTooLow
2022-05-11,22645.0,-4725.0,0.0,100,392.75,440.0,0,0.0,0.0,,0.0,0,0.0,0.0,,0.0,bidTooLow
2022-05-12,22645.0,-4766.0,0.0,100,392.34,440.0,0,0.0,0.0,,0.0,0,0.0,0.0,,0.0,bidTooLow
2022-05-13,22645.0,-3828.0,0.0,100,401.72,440.0,0,0.0,0.0,,0.0,0,0.0,0.0,,0.0,bidTooLow
2022-05-16,22645.0,-3991.0,0.0,100,400.09,440.0,0,0.0,0.0,,0.0,0,0.0,0.0,,0.0,bidTooLow
2022-05-17,22645.0,-3168.0,0.0,100,408.32,440.0,0,0.0,0.0,,0.0,0,0.0,0.0,,0.0,bidTooLow
2022-05-18,22645.0,-4814.0,0.0,100,391.86,440.0,0,0.0,0.0,,0.0,0,0.0,0.0,,0.0,bidTooLow
2022-05-19,22645.0,-5054.0,0.0,100,389.46,440.0,0,0.0,0.0,,0.0,0,0.0,0.0,,0.0,bidTooLow
2022-05-20,22645.0,-5037.0,0.0,100,389.63,440.0,0,0.0,0.0,,0.0,0,0.0,0.0,,0.0,bidTooLow
2022-05-23,22645.0,-4308.0,0.0,100,396.92,440.0,0,0.0,0.0,,0.0,0,0.0,0.0,,0.0,bidTooLow
2022-05-24,22645.0,-4611.0,0.0,100,393.89,440.0,0,0.0,0.0,,0.0,0,0.0,0.0,,0.0,bidTooLow
2022-05-25,22645.0,-4263.0,0.0,100,397.37,440.0,0,0.0,0.0,,0.0,0,0.0,0.0,,0.0,bidTooLow
2022-05-26,22645.0,-3472.0,0.0,100,405.31,440.0,0,0.0,0.0,,0.0,1,0.03,0.06,SPY220603C00434000,434.0,normalDay
2022-05-27,22645.0,-2488.0,0.0,100,415.26,440.0,0,0.0,0.0,,0.0,1,0.03,0.17,SPY220603C00434000,434.0,normalDay
2022-05-31,22645.0,-2708.0,0.0,100,412.93,440.0,0,0.0,0.0,,0.0,1,0.03,0.04,SPY220603C00434000,434.0,normalDay
2022-06-01,22645.0,-3040.0,0.0,100,409.59,440.0,0,0.0,0.0,,0.0,1,0.03,0.02,SPY220603C00434000,434.0,normalDay
2022-06-02,22645.0,-2259.0,0.0,100,417.39,440.0,0,0.0,0.0,,0.0,1,0.03,0.01,SPY220603C00434000,434.0,normalDay
2022-06-03,22648.0,-2946.0,3.0,100,410.54,440.0,0,0.0,0.0,,0.0,1,0.03,0.0,SPY220603C00434000,434.0,expirationDay
2022-06-06,22648.0,-2825.0,0.0,100,411.79,440.0,0,0.0,0.0,,0.0,1,0.81,0.85,SPY220615C00428000,428.0,normalDay
2022-06-07,22648.0,-2459.0,0.0,100,415.74,440.0,0,0.0,0.0,,0.0,1,0.81,1.14,SPY220615C00428000,428.0,normalDay
2022-06-08,22648.0,-2841.0,0.0,100,411.22,440.0,0,0.0,0.0,,0.0,1,0.81,0.44,SPY220615C00428000,428.0,normalDay
2022-06-09,22648.0,-3788.0,0.0,100,401.44,440.0,0,0.0,0.0,,0.0,1,0.81,0.13,SPY220615C00428000,428.0,normalDay
2022-06-10,22648.0,-4942.0,0.0,100,389.8,440.0,0,0.0,0.0,,0.0,1,0.81,0.03,SPY220615C00428000,428.0,normalDay
2022-06-13,22648.0,-6421.0,0.0,100,375.0,440.0,0,0.0,0.0,,0.0,1,0.81,0.02,SPY220615C00428000,428.0,normalDay
2022-06-14,22648.0,-6533.0,0.0,100,373.87,440.0,0,0.0,0.0,,0.0,1,0.81,0.01,SPY220615C00428000,428.0,normalDay
2022-06-15,22729.0,-6080.0,81.0,100,379.2,440.0,0,0.0,0.0,,0.0,1,0.81,0.0,SPY220615C00428000,428.0,expirationDay
2022-06-16,22729.0,-7335.0,0.0,100,366.65,440.0,0,0.0,0.0,,0.0,0,0.0,0.0,,0.0,bidTooLow
2022-06-17,22729.0,-7414.0,0.0,100,365.86,440.0,0,0.0,0.0,,0.0,0,0.0,0.0,,0.0,bidTooLow
2022-06-21,22729.0,-6493.0,0.0,100,375.07,440.0,0,0.0,0.0,,0.0,0,0.0,0.0,,0.0,bidTooLow
2022-06-22,22729.0,-6561.0,0.0,100,374.39,440.0,0,0.0,0.0,,0.0,0,0.0,0.0,,0.0,bidTooLow
2022-06-23,22729.0,-6194.0,0.0,100,378.06,440.0,0,0.0,0.0,,0.0,0,0.0,0.0,,0.0,bidTooLow
2022-06-24,22729.0,-4992.0,0.0,100,390.08,440.0,0,0.0,0.0,,0.0,0,0.0,0.0,,0.0,bidTooLow
2022-06-27,22729.0,-5141.0,0.0,100,388.59,440.0,0,0.0,0.0,,0.0,0,0.0,0.0,,0.0,bidTooLow
2022-06-28,22729.0,-5935.0,0.0,100,380.65,440.0,0,0.0,0.0,,0.0,0,0.0,0.0,,0.0,bidTooLow
2022-06-29,22729.0,-5966.0,0.0,100,380.34,440.0,0,0.0,0.0,,0.0,0,0.0,0.0,,0.0,bidTooLow
2022-06-30,22729.0,-6275.0,0.0,100,377.25,440.0,0,0.0,0.0,,0.0,0,0.0,0.0,,0.0,bidTooLow
2022-07-01,22729.0,-5876.0,0.0,100,381.24,440.0,0,0.0,0.0,,0.0,0,0.0,0.0,,0.0,bidTooLow
2022-07-05,22729.0,-5804.0,0.0,100,381.96,440.0,0,0.0,0.0,,0.0,0,0.0,0.0,,0.0,bidTooLow
2022-07-06,22729.0,-5675.0,0.0,100,383.25,440.0,0,0.0,0.0,,0.0,0,0.0,0.0,,0.0,bidTooLow
2022-07-07,22729.0,-5104.0,0.0,100,388.99,440.0,0,0.0,0.0,,0.0,1,0.08,0.11,SPY220715C00413000,413.0,normalDay
2022-07-08,22729.0,-5129.0,0.0,100,388.67,440.0,0,0.0,0.0,,0.0,1,0.08,0.04,SPY220715C00413000,413.0,normalDay
2022-07-11,22729.0,-5571.0,0.0,100,384.23,440.0,0,0.0,0.0,,0.0,1,0.08,0.02,SPY220715C00413000,413.0,normalDay
2022-07-12,22729.0,-5911.0,0.0,100,380.83,440.0,0,0.0,0.0,,0.0,1,0.08,0.02,SPY220715C00413000,413.0,normalDay
2022-07-13,22729.0,-6110.0,0.0,100,378.83,440.0,0,0.0,0.0,,0.0,1,0.08,0.01,SPY220715C00413000,413.0,normalDay
2022-07-14,22729.0,-6202.0,0.0,100,377.91,440.0,0,0.0,0.0,,0.0,1,0.08,0.01,SPY220715C00413000,413.0,normalDay
2022-07-15,22737.0,-5487.0,8.0,100,385.13,440.0,0,0.0,0.0,,0.0,1,0.08,0.0,SPY220715C00413000,413.0,expirationDay
2022-07-18,22737.0,-5808.0,0.0,100,381.95,440.0,0,0.0,0.0,,0.0,1,0.64,0.67,SPY220727C00398000,398.0,normalDay
2022-07-19,22737.0,-5020.0,0.0,100,392.27,440.0,0,0.0,0.0,,0.0,1,0.64,3.11,SPY220727C00398000,398.0,normalDay
2022-07-20,22737.0,-4820.0,0.0,100,394.77,440.0,0,0.0,0.0,,0.0,1,0.64,3.61,SPY220727C00398000,398.0,normalDay
2022-07-21,22737.0,-4514.0,0.0,100,398.79,440.0,0,0.0,0.0,,0.0,1,0.64,4.57,SPY220727C00398000,398.0,normalDay
2022-07-22,22737.0,-4654.0,0.0,100,395.09,440.0,0,0.0,0.0,,0.0,1,0.64,2.27,SPY220727C00398000,398.0,normalDay
2022-07-25,22737.0,-4603.0,0.0,100,395.57,440.0,0,0.0,0.0,,0.0,1,0.64,2.24,SPY220727C00398000,398.0,normalDay
2022-07-26,22737.0,-4906.0,0.0,100,390.89,440.0,0,0.0,0.0,,0.0,1,0.64,0.59,SPY220727C00398000,398.0,normalDay
2022-07-27,18601.0,-4906.0,-4136.0,0,401.04,0.0,0,0.0,0.0,,0.0,1,0.64,0.0,SPY220727C00398000,398.0,expirationDay
2022-07-28,18601.0,0.0,0.0,0,406.07,0.0,0,0.0,0.0,,0.0,0,0.0,0.0,,0.0,bidTooLow
2022-07-29,18601.0,0.0,0.0,0,411.99,0.0,0,0.0,0.0,,0.0,0,0.0,0.0,,0.0,bidTooLow
2022-08-01,18601.0,0.0,0.0,0,410.77,0.0,0,0.0,0.0,,0.0,0,0.0,0.0,,0.0,bidTooLow
2022-08-02,18601.0,-3.0,0.0,0,408.06,0.0,1,0.05,0.08,SPY220805P00382000,382.0,0,0.0,0.0,,0.0,normalDay
2022-08-03,18601.0,2.0,0.0,0,414.45,0.0,1,0.05,0.03,SPY220805P00382000,382.0,0,0.0,0.0,,0.0,normalDay
2022-08-04,18601.0,4.0,0.0,0,414.17,0.0,1,0.05,0.01,SPY220805P00382000,382.0,0,0.0,0.0,,0.0,normalDay
2022-08-05,18606.0,0.0,5.0,0,413.47,0.0,1,0.05,0.0,SPY220805P00382000,382.0,0,0.0,0.0,,0.0,expirationDay
2022-08-08,18606.0,0.0,0.0,0,412.99,0.0,0,0.0,0.0,,0.0,0,0.0,0.0,,0.0,bidTooLow
2022-08-09,18606.0,-3.0,0.0,0,411.35,0.0,1,0.03,0.06,SPY220812P00387500,387.5,0,0.0,0.0,,0.0,normalDay
2022-08-10,18606.0,1.0,0.0,0,419.99,0.0,1,0.03,0.02,SPY220812P00387500,387.5,0,0.0,0.0,,0.0,normalDay
2022-08-11,18606.0,2.0,0.0,0,419.99,0.0,1,0.03,0.01,SPY220812P00387500,387.5,0,0.0,0.0,,0.0,normalDay
2022-08-12,18609.0,0.0,3.0,0,427.1,0.0,1,0.03,0.0,SPY220812P00387500,387.5,0,0.0,0.0,,0.0,expirationDay
2022-08-15,18609.0,0.0,0.0,0,428.86,0.0,0,0.0,0.0,,0.0,0,0.0,0.0,,0.0,bidTooLow
2022-08-16,18609.0,-3.0,0.0,0,429.7,0.0,1,0.01,0.04,SPY220819P00399000,399.0,0,0.0,0.0,,0.0,normalDay
2022-08-17,18609.0,-2.0,0.0,0,426.65,0.0,1,0.01,0.03,SPY220819P00399000,399.0,0,0.0,0.0,,0.0,normalDay
2022-08-18,18609.0,-1.0,0.0,0,427.89,0.0,1,0.01,0.02,SPY220819P00399000,399.0,0,0.0,0.0,,0.0,normalDay
2022-08-19,18610.0,0.0,1.0,0,422.14,0.0,1,0.01,0.0,SPY220819P00399000,399.0,0,0.0,0.0,,0.0,expirationDay
2022-08-22,18610.0,-3.0,0.0,0,413.35,0.0,1,0.5,0.53,SPY220824P00406000,406.0,0,0.0,0.0,,0.0,normalDay
2022-08-23,18610.0,23.0,0.0,0,412.35,0.0,1,0.5,0.27,SPY220824P00406000,406.0,0,0.0,0.0,,0.0,normalDay
2022-08-24,18660.0,0.0,50.0,0,413.67,0.0,1,0.5,0.0,SPY220824P00406000,406.0,0,0.0,0.0,,0.0,expirationDay
2022-08-25,18660.0,-3.0,0.0,0,419.51,0.0,1,0.39,0.42,SPY220826P00411000,411.0,0,0.0,0.0,,0.0,normalDay
2022-08-26,18699.0,-569.0,39.0,100,405.31,411.0,1,0.39,0.0,SPY220826P00411000,411.0,0,0.0,0.0,,0.0,expirationDay
2022-08-29,18699.0,-837.0,0.0,100,402.63,411.0,0,0.0,0.0,,0.0,0,0.0,0.0,,0.0,bidTooLow
2022-08-30,18699.0,-1279.0,0.0,100,398.21,411.0,0,0.0,0.0,,0.0,0,0.0,0.0,,0.0,bidTooLow
2022-08-31,18699.0,-1582.0,0.0,100,395.18,411.0,0,0.0,0.0,,0.0,0,0.0,0.0,,0.0,bidTooLow
2022-09-01,18699.0,-1458.0,0.0,100,396.42,411.0,0,0.0,0.0,,0.0,0,0.0,0.0,,0.0,bidTooLow
2022-09-02,18699.0,-1876.0,0.0,100,392.24,411.0,0,0.0,0.0,,0.0,0,0.0,0.0,,0.0,bidTooLow
2022-09-06,18699.0,-2024.0,0.0,100,390.76,411.0,0,0.0,0.0,,0.0,0,0.0,0.0,,0.0,bidTooLow
2022-09-07,18699.0,-1322.0,0.0,100,397.78,411.0,0,0.0,0.0,,0.0,0,0.0,0.0,,0.0,bidTooLow
2022-09-08,18699.0,-1062.0,0.0,100,400.38,411.0,0,0.0,0.0,,0.0,0,0.0,0.0,,0.0,bidTooLow
2022-09-09,18699.0,-440.0,0.0,100,406.6,411.0,0,0.0,0.0,,0.0,0,0.0,0.0,,0.0,bidTooLow
2022-09-12,18699.0,-6.0,0.0,100,410.97,411.0,0,0.0,0.0,,0.0,1,0.01,0.04,SPY220921C00447000,447.0,normalDay
2022-09-13,18699.0,-1790.0,0.0,100,393.1,411.0,0,0.0,0.0,,0.0,1,0.01,0.01,SPY220921C00447000,447.0,normalDay
2022-09-14,18699.0,-1640.0,0.0,100,394.6,411.0,0,0.0,0.0,,0.0,1,0.01,0.01,SPY220921C00447000,447.0,normalDay
2022-09-15,18699.0,-2088.0,0.0,100,390.12,411.0,0,0.0,0.0,,0.0,1,0.01,0.01,SPY220921C00447000,447.0,normalDay
2022-09-16,18699.0,-2544.0,0.0,100,385.56,411.0,0,0.0,0.0,,0.0,1,0.01,0.01,SPY220921C00447000,447.0,normalDay
2022-09-19,18699.0,-2245.0,0.0,100,388.55,411.0,0,0.0,0.0,,0.0,1,0.01,0.01,SPY220921C00447000,447.0,normalDay
2022-09-20,18699.0,-2691.0,0.0,100,384.09,411.0,0,0.0,0.0,,0.0,1,0.01,0.01,SPY220921C00447000,447.0,normalDay
2022-09-21,18700.0,-3361.0,1.0,100,377.39,411.0,0,0.0,0.0,,0.0,1,0.01,0.0,SPY220921C00447000,447.0,expirationDay
2022-09-22,18700.0,-3678.0,0.0,100,374.22,411.0,0,0.0,0.0,,0.0,0,0.0,0.0,,0.0,bidTooLow
2022-09-23,18700.0,-4305.0,0.0,100,367.95,411.0,0,0.0,0.0,,0.0,0,0.0,0.0,,0.0,bidTooLow
2022-09-26,18700.0,-4669.0,0.0,100,364.31,411.0,0,0.0,0.0,,0.0,0,0.0,0.0,,0.0,bidTooLow
2022-09-27,18700.0,-4762.0,0.0,100,363.38,411.0,0,0.0,0.0,,0.0,0,0.0,0.0,,0.0,bidTooLow
2022-09-28,18700.0,-4047.0,0.0,100,370.53,411.0,0,0.0,0.0,,0.0,0,0.0,0.0,,0.0,bidTooLow
2022-09-29,18700.0,-4821.0,0.0,100,362.79,411.0,0,0.0,0.0,,0.0,0,0.0,0.0,,0.0,bidTooLow
2022-09-30,18700.0,-5382.0,0.0,100,357.18,411.0,0,0.0,0.0,,0.0,0,0.0,0.0,,0.0,bidTooLow
2022-10-03,18700.0,-4439.0,0.0,100,366.61,411.0,0,0.0,0.0,,0.0,0,0.0,0.0,,0.0,bidTooLow
2022-10-04,18700.0,-3303.0,0.0,100,377.97,411.0,0,0.0,0.0,,0.0,0,0.0,0.0,,0.0,bidTooLow
2022-10-05,18700.0,-3391.0,0.0,100,377.09,411.0,0,0.0,0.0,,0.0,0,0.0,0.0,,0.0,bidTooLow
2022-10-06,18700.0,-3780.0,0.0,100,373.2,411.0,0,0.0,0.0,,0.0,0,0.0,0.0,,0.0,bidTooLow
2022-10-07,18700.0,-4821.0,0.0,100,362.79,411.0,0,0.0,0.0,,0.0,0,0.0,0.0,,0.0,bidTooLow
2022-10-10,18700.0,-5098.0,0.0,100,360.02,411.0,0,0.0,0.0,,0.0,0,0.0,0.0,,0.0,bidTooLow
2022-10-11,18700.0,-5326.0,0.0,100,357.74,411.0,0,0.0,0.0,,0.0,0,0.0,0.0,,0.0,bidTooLow
2022-10-12,18700.0,-5447.0,0.0,100,356.56,411.0,0,0.0,0.0,,0.0,1,0.03,0.06,SPY221021C00402000,402.0,normalDay
2022-10-13,18700.0,-4512.0,0.0,100,365.97,411.0,0,0.0,0.0,,0.0,1,0.03,0.12,SPY221021C00402000,402.0,normalDay
2022-10-14,18700.0,-5337.0,0.0,100,357.63,411.0,0,0.0,0.0,,0.0,1,0.03,0.03,SPY221021C00402000,402.0,normalDay
2022-10-17,18700.0,-4418.0,0.0,100,366.82,411.0,0,0.0,0.0,,0.0,1,0.03,0.03,SPY221021C00402000,402.0,normalDay
2022-10-18,18700.0,-3987.0,0.0,100,371.13,411.0,0,0.0,0.0,,0.0,1,0.03,0.03,SPY221021C00402000,402.0,normalDay
2022-10-19,18700.0,-4248.0,0.0,100,368.5,411.0,0,0.0,0.0,,0.0,1,0.03,0.01,SPY221021C00402000,402.0,normalDay
2022-10-20,18700.0,-4557.0,0.0,100,365.41,411.0,0,0.0,0.0,,0.0,1,0.03,0.01,SPY221021C00402000,402.0,normalDay
2022-10-21,18703.0,-3671.0,3.0,100,374.29,411.0,0,0.0,0.0,,0.0,1,0.03,0.0,SPY221021C00402000,402.0,expirationDay
2022-10-24,18703.0,-3217.0,0.0,100,378.87,411.0,0,0.0,0.0,,0.0,1,3.73,3.77,SPY221102C00387000,387.0,normalDay
2022-10-25,18703.0,-2716.0,0.0,100,384.92,411.0,0,0.0,0.0,,0.0,1,3.73,4.81,SPY221102C00387000,387.0,normalDay
2022-10-26,18703.0,-2924.0,0.0,100,382.02,411.0,0,0.0,0.0,,0.0,1,3.73,3.99,SPY221102C00387000,387.0,normalDay
2022-10-27,18703.0,-2882.0,0.0,100,379.98,411.0,0,0.0,0.0,,0.0,1,3.73,1.53,SPY221102C00387000,387.0,normalDay
2022-10-28,18703.0,-2428.0,0.0,100,389.02,411.0,0,0.0,0.0,,0.0,1,3.73,6.03,SPY221102C00387000,387.0,normalDay
2022-10-31,18703.0,-2457.0,0.0,100,386.21,411.0,0,0.0,0.0,,0.0,1,3.73,3.51,SPY221102C00387000,387.0,normalDay
2022-11-01,18703.0,-2462.0,0.0,100,384.52,411.0,0,0.0,0.0,,0.0,1,3.73,1.87,SPY221102C00387000,387.0,normalDay
2022-11-02,19076.0,-3613.0,373.0,100,374.87,411.0,0,0.0,0.0,,0.0,1,3.73,0.0,SPY221102C00387000,387.0,expirationDay
2022-11-03,19076.0,-4002.0,0.0,100,371.01,411.0,0,0.0,0.0,,0.0,1,0.13,0.16,SPY221111C00402000,402.0,normalDay
2022-11-04,19076.0,-3470.0,0.0,100,376.35,411.0,0,0.0,0.0,,0.0,1,0.13,0.18,SPY221111C00402000,402.0,normalDay
2022-11-07,19076.0,-3108.0,0.0,100,379.95,411.0,0,0.0,0.0,,0.0,1,0.13,0.16,SPY221111C00402000,402.0,normalDay
2022-11-08,19076.0,-2908.0,0.0,100,382.0,411.0,0,0.0,0.0,,0.0,1,0.13,0.21,SPY221111C00402000,402.0,normalDay
2022-11-09,19076.0,-3676.0,0.0,100,374.13,411.0,0,0.0,0.0,,0.0,1,0.13,0.02,SPY221111C00402000,402.0,normalDay
2022-11-10,19076.0,-1645.0,0.0,100,394.69,411.0,0,0.0,0.0,,0.0,1,0.13,0.27,SPY221111C00402000,402.0,normalDay
2022-11-11,19089.0,-1249.0,13.0,100,398.51,411.0,0,0.0,0.0,,0.0,1,0.13,0.0,SPY221111C00402000,402.0,expirationDay
2022-11-14,19089.0,-1591.0,0.0,100,395.12,411.0,0,0.0,0.0,,0.0,1,1.26,1.29,SPY221123C00407000,407.0,normalDay
2022-11-15,19089.0,-1307.0,0.0,100,398.49,411.0,0,0.0,0.0,,0.0,1,1.26,1.82,SPY221123C00407000,407.0,normalDay
2022-11-16,19089.0,-1503.0,0.0,100,395.45,411.0,0,0.0,0.0,,0.0,1,1.26,0.74,SPY221123C00407000,407.0,normalDay
2022-11-17,19089.0,-1591.0,0.0,100,394.24,411.0,0,0.0,0.0,,0.0,1,1.26,0.41,SPY221123C00407000,407.0,normalDay
2022-11-18,19089.0,-1397.0,0.0,100,396.03,411.0,0,0.0,0.0,,0.0,1,1.26,0.26,SPY221123C00407000,407.0,normalDay
2022-11-21,19089.0,-1519.0,0.0,100,394.59,411.0,0,0.0,0.0,,0.0,1,1.26,0.04,SPY221123C00407000,407.0,normalDay
2022-11-22,19089.0,-990.0,0.0,100,399.9,411.0,0,0.0,0.0,,0.0,1,1.26,0.06,SPY221123C00407000,407.0,normalDay
2022-11-23,19215.0,-858.0,126.0,100,402.42,411.0,0,0.0,0.0,,0.0,1,1.26,0.0,SPY221123C00407000,407.0,expirationDay
2022-11-25,19215.0,-871.0,0.0,100,402.33,411.0,0,0.0,0.0,,0.0,1,0.02,0.06,SPY221202C00419000,419.0,normalDay
2022-11-28,19215.0,-1509.0,0.0,100,395.91,411.0,0,0.0,0.0,,0.0,1,0.02,0.02,SPY221202C00419000,419.0,normalDay
2022-11-29,19215.0,-1577.0,0.0,100,395.23,411.0,0,0.0,0.0,,0.0,1,0.02,0.02,SPY221202C00419000,419.0,normalDay
2022-11-30,19215.0,-347.0,0.0,100,407.68,411.0,0,0.0,0.0,,0.0,1,0.02,0.17,SPY221202C00419000,419.0,normalDay
2022-12-01,19215.0,-364.0,0.0,100,407.38,411.0,0,0.0,0.0,,0.0,1,0.02,0.04,SPY221202C00419000,419.0,normalDay
2022-12-02,19217.0,-409.0,2.0,100,406.91,411.0,0,0.0,0.0,,0.0,1,0.02,0.0,SPY221202C00419000,419.0,expirationDay
2022-12-05,19217.0,-1144.0,0.0,100,399.59,411.0,0,0.0,0.0,,0.0,1,0.36,0.39,SPY221214C00421000,421.0,normalDay
2022-12-06,19217.0,-1701.0,0.0,100,393.83,411.0,0,0.0,0.0,,0.0,1,0.36,0.2,SPY221214C00421000,421.0,normalDay
2022-12-07,19217.0,-1761.0,0.0,100,393.16,411.0,0,0.0,0.0,,0.0,1,0.36,0.13,SPY221214C00421000,421.0,normalDay
2022-12-08,19217.0,-1457.0,0.0,100,396.24,411.0,0,0.0,0.0,,0.0,1,0.36,0.17,SPY221214C00421000,421.0,normalDay
2022-12-09,19217.0,-1744.0,0.0,100,393.28,411.0,0,0.0,0.0,,0.0,1,0.36,0.08,SPY221214C00421000,421.0,normalDay
2022-12-12,19217.0,-1198.0,0.0,100,398.95,411.0,0,0.0,0.0,,0.0,1,0.36,0.29,SPY221214C00421000,421.0,normalDay
2022-12-13,19217.0,-872.0,0.0,100,401.97,411.0,0,0.0,0.0,,0.0,1,0.36,0.05,SPY221214C00421000,421.0,normalDay
2022-12-14,19253.0,-1160.0,36.0,100,399.4,411.0,0,0.0,0.0,,0.0,1,0.36,0.0,SPY221214C00421000,421.0,expirationDay
2022-12-15,19253.0,-2140.0,0.0,100,389.63,411.0,0,0.0,0.0,,0.0,1,0.06,0.09,SPY221223C00413000,413.0,normalDay
2022-12-16,19253.0,-2770.0,0.0,100,383.27,411.0,0,0.0,0.0,,0.0,1,0.06,0.03,SPY221223C00413000,413.0,normalDay
2022-12-19,19253.0,-3094.0,0.0,100,380.02,411.0,0,0.0,0.0,,0.0,1,0.06,0.02,SPY221223C00413000,413.0,normalDay
2022-12-20,19253.0,-3041.0,0.0,100,380.54,411.0,0,0.0,0.0,,0.0,1,0.06,0.01,SPY221223C00413000,413.0,normalDay
2022-12-21,19253.0,-2472.0,0.0,100,386.23,411.0,0,0.0,0.0,,0.0,1,0.06,0.01,SPY221223C00413000,413.0,normalDay
2022-12-22,19253.0,-3023.0,0.0,100,380.72,411.0,0,0.0,0.0,,0.0,1,0.06,0.01,SPY221223C00413000,413.0,normalDay
2022-12-23,19259.0,-2809.0,6.0,100,382.91,411.0,0,0.0,0.0,,0.0,1,0.06,0.0,SPY221223C00413000,413.0,expirationDay
2022-12-27,19259.0,-2960.0,0.0,100,381.4,411.0,0,0.0,0.0,,0.0,0,0.0,0.0,,0.0,bidTooLow
2022-12-28,19259.0,-3434.0,0.0,100,376.66,411.0,0,0.0,0.0,,0.0,0,0.0,0.0,,0.0,bidTooLow
2022-12-29,19259.0,-2756.0,0.0,100,383.44,411.0,0,0.0,0.0,,0.0,0,0.0,0.0,,0.0,bidTooLow
2022-12-30,19259.0,-2857.0,0.0,100,382.43,411.0,0,0.0,0.0,,0.0,0,0.0,0.0,,0.0,bidTooLow
2023-01-03,19259.0,-3021.0,0.0,100,380.82,411.0,0,0.0,0.0,,0.0,1,0.03,0.06,SPY230112C00412000,412.0,normalDay
2023-01-04,19259.0,-2727.0,0.0,100,383.76,411.0,0,0.0,0.0,,0.0,1,0.03,0.06,SPY230112C00412000,412.0,normalDay
2023-01-05,19259.0,-3162.0,0.0,100,379.38,411.0,0,0.0,0.0,,0.0,1,0.03,0.03,SPY230112C00412000,412.0,normalDay
2023-01-06,19259.0,-2294.0,0.0,100,388.08,411.0,0,0.0,0.0,,0.0,1,0.03,0.05,SPY230112C00412000,412.0,normalDay
2023-01-09,19259.0,-2314.0,0.0,100,387.86,411.0,0,0.0,0.0,,0.0,1,0.03,0.03,SPY230112C00412000,412.0,normalDay
2023-01-10,19259.0,-2042.0,0.0,100,390.58,411.0,0,0.0,0.0,,0.0,1,0.03,0.03,SPY230112C00412000,412.0,normalDay
2023-01-11,19259.0,-1552.0,0.0,100,395.52,411.0,0,0.0,0.0,,0.0,1,0.03,0.07,SPY230112C00412000,412.0,normalDay
2023-01-12,19262.0,-1404.0,3.0,100,396.96,411.0,0,0.0,0.0,,0.0,1,0.03,0.0,SPY230112C00412000,412.0,expirationDay
2023-01-13,19262.0,-1253.0,0.0,100,398.5,411.0,0,0.0,0.0,,0.0,1,1.06,1.09,SPY230120C00403000,403.0,normalDay
2023-01-17,19262.0,-1283.0,0.0,100,397.77,411.0,0,0.0,0.0,,0.0,1,1.06,0.66,SPY230120C00403000,403.0,normalDay
2023-01-18,19262.0,-1851.0,0.0,100,391.49,411.0,0,0.0,0.0,,0.0,1,1.06,0.06,SPY230120C00403000,403.0,normalDay
2023-01-19,19262.0,-2132.0,0.0,100,388.64,411.0,0,0.0,0.0,,0.0,1,1.06,0.02,SPY230120C00403000,403.0,normalDay
2023-01-20,19368.0,-1512.0,106.0,100,395.88,411.0,0,0.0,0.0,,0.0,1,1.06,0.0,SPY230120C00403000,403.0,expirationDay
2023-01-23,19368.0,-1040.0,0.0,100,400.63,411.0,0,0.0,0.0,,0.0,1,1.22,1.25,SPY230201C00410000,410.0,normalDay
2023-01-24,19368.0,-1090.0,0.0,100,400.2,411.0,0,0.0,0.0,,0.0,1,1.22,1.32,SPY230201C00410000,410.0,normalDay
2023-01-25,19368.0,-1036.0,0.0,100,400.35,411.0,0,0.0,0.0,,0.0,1,1.22,0.93,SPY230201C00410000,410.0,normalDay
2023-01-26,19368.0,-677.0,0.0,100,404.75,411.0,0,0.0,0.0,,0.0,1,1.22,1.74,SPY230201C00410000,410.0,normalDay
2023-01-27,19368.0,-582.0,0.0,100,405.68,411.0,0,0.0,0.0,,0.0,1,1.22,1.72,SPY230201C00410000,410.0,normalDay
2023-01-30,19368.0,-978.0,0.0,100,400.59,411.0,0,0.0,0.0,,0.0,1,1.22,0.59,SPY230201C00410000,410.0,normalDay
2023-01-31,19368.0,-444.0,0.0,100,406.48,411.0,0,0.0,0.0,,0.0,1,1.22,1.14,SPY230201C00410000,410.0,normalDay
2023-02-01,19390.0,-444.0,22.0,0,410.8,0.0,0,0.0,0.0,,0.0,1,1.22,0.0,SPY230201C00410000,410.0,expirationDay
2023-02-02,19390.0,0.0,0.0,0,416.78,0.0,0,0.0,0.0,,0.0,0,0.0,0.0,,0.0,bidTooLow
2023-02-03,19390.0,0.0,0.0,0,412.35,0.0,0,0.0,0.0,,0.0,0,0.0,0.0,,0.0,bidTooLow
2023-02-06,19390.0,-3.0,0.0,0,409.83,0.0,1,0.04,0.07,SPY230209P00393000,393.0,0,0.0,0.0,,0.0,normalDay
2023-02-07,19390.0,1.0,0.0,0,415.19,0.0,1,0.04,0.03,SPY230209P00393000,393.0,0,0.0,0.0,,0.0,normalDay
2023-02-08,19390.0,2.0,0.0,0,410.65,0.0,1,0.04,0.02,SPY230209P00393000,393.0,0,0.0,0.0,,0.0,normalDay
2023-02-09,19394.0,0.0,4.0,0,407.09,0.0,1,0.04,0.0,SPY230209P00393000,393.0,0,0.0,0.0,,0.0,expirationDay
2023-02-10,19394.0,-3.0,0.0,0,408.04,0.0,1,0.03,0.06,SPY230213P00396000,396.0,0,0.0,0.0,,0.0,normalDay
2023-02-13,19397.0,0.0,3.0,0,412.83,0.0,1,0.03,0.0,SPY230213P00396000,396.0,0,0.0,0.0,,0.0,expirationDay
2023-02-14,19397.0,-3.0,0.0,0,412.64,0.0,1,0.22,0.25,SPY230217P00398000,398.0,0,0.0,0.0,,0.0,normalDay
2023-02-15,19397.0,14.0,0.0,0,413.98,0.0,1,0.22,0.08,SPY230217P00398000,398.0,0,0.0,0.0,,0.0,normalDay
2023-02-16,19397.0,-4.0,0.0,0,408.28,0.0,1,0.22,0.26,SPY230217P00398000,398.0,0,0.0,0.0,,0.0,normalDay
2023-02-17,19419.0,0.0,22.0,0,407.26,0.0,1,0.22,0.0,SPY230217P00398000,398.0,0,0.0,0.0,,0.0,expirationDay
2023-02-21,19419.0,-4.0,0.0,0,399.09,0.0,1,5.08,5.12,SPY230224P00403000,403.0,0,0.0,0.0,,0.0,normalDay
2023-02-22,19419.0,8.0,0.0,0,398.54,0.0,1,5.08,5.0,SPY230224P00403000,403.0,0,0.0,0.0,,0.0,normalDay
2023-02-23,19419.0,180.0,0.0,0,400.66,0.0,1,5.08,3.28,SPY230224P00403000,403.0,0,0.0,0.0,,0.0,normalDay
2023-02-24,19927.0,-662.0,508.0,100,396.38,403.0,1,5.08,0.0,SPY230224P00403000,403.0,0,0.0,0.0,,0.0,expirationDay
2023-02-27,19927.0,-527.0,0.0,100,397.73,403.0,0,0.0,0.0,,0.0,0,0.0,0.0,,0.0,bidTooLow
2023-02-28,19927.0,-674.0,0.0,100,396.26,403.0,0,0.0,0.0,,0.0,0,0.0,0.0,,0.0,bidTooLow
2023-03-01,19927.0,-826.0,0.0,100,394.74,403.0,0,0.0,0.0,,0.0,0,0.0,0.0,,0.0,bidTooLow
2023-03-02,19927.0,-519.0,0.0,100,397.81,403.0,0,0.0,0.0,,0.0,0,0.0,0.0,,0.0,bidTooLow
2023-03-03,19927.0,116.0,0.0,100,404.19,403.0,0,0.0,0.0,,0.0,1,0.01,0.04,SPY230310C00425000,425.0,normalDay
2023-03-06,19927.0,145.0,0.0,100,404.47,403.0,0,0.0,0.0,,0.0,1,0.01,0.03,SPY230310C00425000,425.0,normalDay
2023-03-07,19927.0,-473.0,0.0,100,398.27,403.0,0,0.0,0.0,,0.0,1,0.01,0.01,SPY230310C00425000,425.0,normalDay
2023-03-08,19927.0,-408.0,0.0,100,398.92,403.0,0,0.0,0.0,,0.0,1,0.01,0.01,SPY230310C00425000,425.0,normalDay
2023-03-09,19927.0,-1144.0,0.0,100,391.56,403.0,0,0.0,0.0,,0.0,1,0.01,0.01,SPY230310C00425000,425.0,normalDay
2023-03-10,19928.0,-1709.0,1.0,100,385.91,403.0,0,0.0,0.0,,0.0,1,0.01,0.0,SPY230310C00425000,425.0,expirationDay
2023-03-13,19928.0,-1767.0,0.0,100,385.36,403.0,0,0.0,0.0,,0.0,1,0.01,0.04,SPY230322C00424000,424.0,normalDay
2023-03-14,19928.0,-1128.0,0.0,100,391.73,403.0,0,0.0,0.0,,0.0,1,0.01,0.02,SPY230322C00424000,424.0,normalDay
2023-03-15,19928.0,-1373.0,0.0,100,389.28,403.0,0,0.0,0.0,,0.0,1,0.01,0.02,SPY230322C00424000,424.0,normalDay
2023-03-16,19928.0,-690.0,0.0,100,396.11,403.0,0,0.0,0.0,,0.0,1,0.01,0.02,SPY230322C00424000,424.0,normalDay
2023-03-17,19928.0,-1301.0,0.0,100,389.99,403.0,0,0.0,0.0,,0.0,1,0.01,0.01,SPY230322C00424000,424.0,normalDay
2023-03-20,19928.0,-926.0,0.0,100,393.74,403.0,0,0.0,0.0,,0.0,1,0.01,0.01,SPY230322C00424000,424.0,normalDay
2023-03-21,19928.0,-409.0,0.0,100,398.91,403.0,0,0.0,0.0,,0.0,1,0.01,0.01,SPY230322C00424000,424.0,normalDay
2023-03-22,19929.0,-1089.0,1.0,100,392.11,403.0,0,0.0,0.0,,0.0,1,0.01,0.0,SPY230322C00424000,424.0,expirationDay
2023-03-23,19929.0,-986.0,0.0,100,393.17,403.0,0,0.0,0.0,,0.0,1,0.16,0.19,SPY230331C00410000,410.0,normalDay
2023-03-24,19929.0,-724.0,0.0,100,395.75,403.0,0,0.0,0.0,,0.0,1,0.16,0.15,SPY230331C00410000,410.0,normalDay
2023-03-27,19929.0,-644.0,0.0,100,396.49,403.0,0,0.0,0.0,,0.0,1,0.16,0.09,SPY230331C00410000,410.0,normalDay
2023-03-28,19929.0,-729.0,0.0,100,395.6,403.0,0,0.0,0.0,,0.0,1,0.16,0.05,SPY230331C00410000,410.0,normalDay
2023-03-29,19929.0,-157.0,0.0,100,401.35,403.0,0,0.0,0.0,,0.0,1,0.16,0.08,SPY230331C00410000,410.0,normalDay
2023-03-30,19929.0,82.0,0.0,100,403.7,403.0,0,0.0,0.0,,0.0,1,0.16,0.04,SPY230331C00410000,410.0,normalDay
2023-03-31,19945.0,639.0,16.0,100,409.39,403.0,0,0.0,0.0,,0.0,1,0.16,0.0,SPY230331C00410000,410.0,expirationDay
2023-04-03,19945.0,791.0,0.0,100,410.95,403.0,0,0.0,0.0,,0.0,1,2.04,2.08,SPY230412C00416000,416.0,normalDay
2023-04-04,19945.0,650.0,0.0,100,408.67,403.0,0,0.0,0.0,,0.0,1,2.04,1.21,SPY230412C00416000,416.0,normalDay
2023-04-05,19945.0,595.0,0.0,100,407.6,403.0,0,0.0,0.0,,0.0,1,2.04,0.69,SPY230412C00416000,416.0,normalDay
2023-04-06,19945.0,755.0,0.0,100,409.19,403.0,0,0.0,0.0,,0.0,1,2.04,0.68,SPY230412C00416000,416.0,normalDay
2023-04-10,19945.0,831.0,0.0,100,409.61,403.0,0,0.0,0.0,,0.0,1,2.04,0.34,SPY230412C00416000,416.0,normalDay
2023-04-11,19945.0,854.0,0.0,100,409.72,403.0,0,0.0,0.0,,0.0,1,2.04,0.22,SPY230412C00416000,416.0,normalDay
2023-04-12,20149.0,505.0,204.0,100,408.05,403.0,0,0.0,0.0,,0.0,1,2.04,0.0,SPY230412C00416000,416.0,expirationDay
2023-04-13,20149.0,1044.0,0.0,100,413.47,403.0,0,0.0,0.0,,0.0,1,0.29,0.32,SPY230421C00424000,424.0,normalDay
2023-04-14,20149.0,965.0,0.0,100,412.46,403.0,0,0.0,0.0,,0.0,1,0.29,0.1,SPY230421C00424000,424.0,normalDay
2023-04-17,20149.0,1114.0,0.0,100,413.94,403.0,0,0.0,0.0,,0.0,1,0.29,0.09,SPY230421C00424000,424.0,normalDay
2023-04-18,20149.0,1144.0,0.0,100,414.21,403.0,0,0.0,0.0,,0.0,1,0.29,0.06,SPY230421C00424000,424.0,normalDay
2023-04-19,20149.0,1140.0,0.0,100,414.14,403.0,0,0.0,0.0,,0.0,1,0.29,0.03,SPY230421C00424000,424.0,normalDay
2023-04-20,20149.0,916.0,0.0,100,411.88,403.0,0,0.0,0.0,,0.0,1,0.29,0.01,SPY230421C00424000,424.0,normalDay
2023-04-21,20178.0,920.0,29.0,100,412.2,403.0,0,0.0,0.0,,0.0,1,0.29,0.0,SPY230421C00424000,424.0,expirationDay
2023-04-24,20178.0,960.0,0.0,100,412.63,403.0,0,0.0,0.0,,0.0,1,0.23,0.26,SPY230503C00425000,425.0,normalDay
2023-04-25,20178.0,323.0,0.0,100,406.08,403.0,0,0.0,0.0,,0.0,1,0.23,0.08,SPY230503C00425000,425.0,normalDay
2023-04-26,20178.0,156.0,0.0,100,404.36,403.0,0,0.0,0.0,,0.0,1,0.23,0.03,SPY230503C00425000,425.0,normalDay
2023-04-27,20178.0,948.0,0.0,100,412.41,403.0,0,0.0,0.0,,0.0,1,0.23,0.16,SPY230503C00425000,425.0,normalDay
2023-04-28,20178.0,1295.0,0.0,100,415.93,403.0,0,0.0,0.0,,0.0,1,0.23,0.21,SPY230503C00425000,425.0,normalDay
2023-05-01,20178.0,1268.0,0.0,100,415.51,403.0,0,0.0,0.0,,0.0,1,0.23,0.06,SPY230503C00425000,425.0,normalDay
2023-05-02,20178.0,806.0,0.0,100,410.84,403.0,0,0.0,0.0,,0.0,1,0.23,0.01,SPY230503C00425000,425.0,normalDay
2023-05-03,20201.0,502.0,23.0,100,408.02,403.0,0,0.0,0.0,,0.0,1,0.23,0.0,SPY230503C00425000,425.0,expirationDay
2023-05-04,20201.0,210.0,0.0,100,405.13,403.0,0,0.0,0.0,,0.0,1,0.12,0.15,SPY230512C00421000,421.0,normalDay
2023-05-05,20201.0,942.0,0.0,100,412.63,403.0,0,0.0,0.0,,0.0,1,0.12,0.33,SPY230512C00421000,421.0,normalDay
2023-05-08,20201.0,968.0,0.0,100,412.74,403.0,0,0.0,0.0,,0.0,1,0.12,0.18,SPY230512C00421000,421.0,normalDay
2023-05-09,20201.0,793.0,0.0,100,410.93,403.0,0,0.0,0.0,,0.0,1,0.12,0.12,SPY230512C00421000,421.0,normalDay
2023-05-10,20201.0,992.0,0.0,100,412.85,403.0,0,0.0,0.0,,0.0,1,0.12,0.05,SPY230512C00421000,421.0,normalDay
2023-05-11,20201.0,923.0,0.0,100,412.13,403.0,0,0.0,0.0,,0.0,1,0.12,0.02,SPY230512C00421000,421.0,normalDay
2023-05-12,20213.0,859.0,12.0,100,411.59,403.0,0,0.0,0.0,,0.0,1,0.12,0.0,SPY230512C00421000,421.0,expirationDay
2023-05-15,20213.0,998.0,0.0,100,413.01,403.0,0,0.0,0.0,,0.0,1,0.4,0.43,SPY230524C00421000,421.0,normalDay
2023-05-16,20213.0,744.0,0.0,100,410.25,403.0,0,0.0,0.0,,0.0,1,0.4,0.21,SPY230524C00421000,421.0,normalDay
2023-05-17,20213.0,1198.0,0.0,100,415.23,403.0,0,0.0,0.0,,0.0,1,0.4,0.65,SPY230524C00421000,421.0,normalDay
2023-05-18,20213.0,1493.0,0.0,100,419.23,403.0,0,0.0,0.0,,0.0,1,0.4,1.7,SPY230524C00421000,421.0,normalDay
2023-05-19,20213.0,1484.0,0.0,100,418.62,403.0,0,0.0,0.0,,0.0,1,0.4,1.18,SPY230524C00421000,421.0,normalDay
2023-05-22,20213.0,1535.0,0.0,100,418.79,403.0,0,0.0,0.0,,0.0,1,0.4,0.84,SPY230524C00421000,421.0,normalDay
2023-05-23,20213.0,1145.0,0.0,100,414.09,403.0,0,0.0,0.0,,0.0,1,0.4,0.04,SPY230524C00421000,421.0,normalDay
2023-05-24,20253.0,809.0,40.0,100,411.09,403.0,0,0.0,0.0,,0.0,1,0.4,0.0,SPY230524C00421000,421.0,expirationDay
2023-05-25,20253.0,1162.0,0.0,100,414.65,403.0,0,0.0,0.0,,0.0,1,0.76,0.79,SPY230602C00423000,423.0,normalDay
2023-05-26,20253.0,1576.0,0.0,100,420.02,403.0,0,0.0,0.0,,0.0,1,0.76,2.02,SPY230602C00423000,423.0,normalDay
2023-05-30,20253.0,1656.0,0.0,100,420.18,403.0,0,0.0,0.0,,0.0,1,0.76,1.38,SPY230602C00423000,423.0,normalDay
2023-05-31,20253.0,1523.0,0.0,100,417.85,403.0,0,0.0,0.0,,0.0,1,0.76,0.38,SPY230602C00423000,423.0,normalDay
2023-06-01,20253.0,1864.0,0.0,100,421.82,403.0,0,0.0,0.0,,0.0,1,0.76,0.94,SPY230602C00423000,423.0,normalDay
2023-06-02,22329.0,1864.0,2076.0,0,427.92,0.0,0,0.0,0.0,,0.0,1,0.76,0.0,SPY230602C00423000,423.0,expirationDay
2023-06-05,22329.0,-3.0,0.0,0,427.1,0.0,1,0.01,0.04,SPY230608P00411000,411.0,0,0.0,0.0,,0.0,normalDay
2023-06-06,22329.0,-2.0,0.0,0,428.03,0.0,1,0.01,0.03,SPY230608P00411000,411.0,0,0.0,0.0,,0.0,normalDay
2023-06-07,22329.0,-2.0,0.0,0,426.55,0.0,1,0.01,0.03,SPY230608P00411000,411.0,0,0.0,0.0,,0.0,normalDay
2023-06-08,22330.0,0.0,1.0,0,429.13,0.0,1,0.01,0.0,SPY230608P00411000,411.0,0,0.0,0.0,,0.0,expirationDay
2023-06-09,22330.0,-3.0,0.0,0,429.9,0.0,1,0.01,0.04,SPY230612P00413000,413.0,0,0.0,0.0,,0.0,normalDay
2023-06-12,22331.0,0.0,1.0,0,433.8,0.0,1,0.01,0.0,SPY230612P00413000,413.0,0,0.0,0.0,,0.0,expirationDay
2023-06-13,22331.0,-3.0,0.0,0,436.66,0.0,1,0.1,0.13,SPY230616P00415000,415.0,0,0.0,0.0,,0.0,normalDay
2023-06-14,22331.0,3.0,0.0,0,437.18,0.0,1,0.1,0.07,SPY230616P00415000,415.0,0,0.0,0.0,,0.0,normalDay
2023-06-15,22331.0,4.0,0.0,0,442.6,0.0,1,0.1,0.06,SPY230616P00415000,415.0,0,0.0,0.0,,0.0,normalDay
2023-06-16,22341.0,0.0,10.0,0,439.46,0.0,1,0.1,0.0,SPY230616P00415000,415.0,0,0.0,0.0,,0.0,expirationDay
2023-06-20,22341.0,-3.0,0.0,0,437.18,0.0,1,0.01,0.04,SPY230623P00417500,417.5,0,0.0,0.0,,0.0,normalDay
2023-06-21,22341.0,-1.0,0.0,0,434.94,0.0,1,0.01,0.02,SPY230623P00417500,417.5,0,0.0,0.0,,0.0,normalDay
2023-06-22,22341.0,-1.0,0.0,0,436.51,0.0,1,0.01,0.02,SPY230623P00417500,417.5,0,0.0,0.0,,0.0,normalDay
2023-06-23,22342.0,0.0,1.0,0,433.21,0.0,1,0.01,0.0,SPY230623P00417500,417.5,0,0.0,0.0,,0.0,expirationDay
2023-06-26,22342.0,-3.0,0.0,0,431.44,0.0,1,0.16,0.19,SPY230629P00424000,424.0,0,0.0,0.0,,0.0,normalDay
2023-06-27,22342.0,10.0,0.0,0,436.17,0.0,1,0.16,0.06,SPY230629P00424000,424.0,0,0.0,0.0,,0.0,normalDay
2023-06-28,22342.0,13.0,0.0,0,436.39,0.0,1,0.16,0.03,SPY230629P00424000,424.0,0,0.0,0.0,,0.0,normalDay
2023-06-29,22358.0,0.0,16.0,0,438.11,0.0,1,0.16,0.0,SPY230629P00424000,424.0,0,0.0,0.0,,0.0,expirationDay
2023-06-30,22358.0,-3.0,0.0,0,443.28,0.0,1,0.01,0.04,SPY230703P00429000,429.0,0,0.0,0.0,,0.0,normalDay
2023-07-03,22359.0,0.0,1.0,0,443.79,0.0,1,0.01,0.0,SPY230703P00429000,429.0,0,0.0,0.0,,0.0,expirationDay
2023-07-05,22359.0,-3.0,0.0,0,443.13,0.0,1,0.03,0.06,SPY230707P00431000,431.0,0,0.0,0.0,,0.0,normalDay
2023-07-06,22359.0,-3.0,0.0,0,439.66,0.0,1,0.03,0.06,SPY230707P00431000,431.0,0,0.0,0.0,,0.0,normalDay
2023-07-07,22362.0,0.0,3.0,0,438.55,0.0,1,0.03,0.0,SPY230707P00431000,431.0,0,0.0,0.0,,0.0,expirationDay
2023-07-10,22362.0,-3.0,0.0,0,439.66,0.0,1,0.4,0.43,SPY230713P00434000,434.0,0,0.0,0.0,,0.0,normalDay
2023-07-11,22362.0,18.0,0.0,0,442.46,0.0,1,0.4,0.22,SPY230713P00434000,434.0,0,0.0,0.0,,0.0,normalDay
2023-07-12,22362.0,36.0,0.0,0,446.02,0.0,1,0.4,0.04,SPY230713P00434000,434.0,0,0.0,0.0,,0.0,normalDay
2023-07-13,22402.0,0.0,40.0,0,449.56,0.0,1,0.4,0.0,SPY230713P00434000,434.0,0,0.0,0.0,,0.0,expirationDay
2023-07-14,22402.0,-3.0,0.0,0,449.28,0.0,1,0.01,0.04,SPY230717P00435000,435.0,0,0.0,0.0,,0.0,normalDay
2023-07-17,22403.0,0.0,1.0,0,450.84,0.0,1,0.01,0.0,SPY230717P00435000,435.0,0,0.0,0.0,,0.0,expirationDay
2023-07-18,22403.0,-3.0,0.0,0,454.19,0.0,1,0.03,0.06,SPY230721P00435000,435.0,0,0.0,0.0,,0.0,normalDay
2023-07-19,22403.0,-1.0,0.0,0,455.2,0.0,1,0.03,0.04,SPY230721P00435000,435.0,0,0.0,0.0,,0.0,normalDay
2023-07-20,22403.0,-1.0,0.0,0,452.18,0.0,1,0.03,0.04,SPY230721P00435000,435.0,0,0.0,0.0,,0.0,normalDay
2023-07-21,22406.0,0.0,3.0,0,452.18,0.0,1,0.03,0.0,SPY230721P00435000,435.0,0,0.0,0.0,,0.0,expirationDay
2023-07-24,22406.0,-3.0,0.0,0,454.2,0.0,1,0.03,0.06,SPY230727P00438000,438.0,0,0.0,0.0,,0.0,normalDay
2023-07-25,22406.0,-2.0,0.0,0,455.44,0.0,1,0.03,0.05,SPY230727P00438000,438.0,0,0.0,0.0,,0.0,normalDay
2023-07-26,22406.0,0.0,0.0,0,455.51,0.0,1,0.03,0.03,SPY230727P00438000,438.0,0,0.0,0.0,,0.0,normalDay
2023-07-27,22409.0,0.0,3.0,0,452.49,0.0,1,0.03,0.0,SPY230727P00438000,438.0,0,0.0,0.0,,0.0,expirationDay
2023-07-28,22409.0,0.0,0.0,0,456.92,0.0,0,0.0,0.0,,0.0,0,0.0,0.0,,0.0,bidTooLow
2023-07-31,22409.0,-3.0,0.0,0,457.79,0.0,1,0.03,0.06,SPY230803P00443000,443.0,0,0.0,0.0,,0.0,normalDay
2023-08-01,22409.0,-2.0,0.0,0,456.48,0.0,1,0.03,0.05,SPY230803P00443000,443.0,0,0.0,0.0,,0.0,normalDay
2023-08-02,22409.0,-11.0,0.0,0,450.13,0.0,1,0.03,0.14,SPY230803P00443000,443.0,0,0.0,0.0,,0.0,normalDay
2023-08-03,22412.0,0.0,3.0,0,448.84,0.0,1,0.03,0.0,SPY230803P00443000,443.0,0,0.0,0.0,,0.0,expirationDay
2023-08-04,22412.0,-3.0,0.0,0,446.81,0.0,1,1.12,1.15,SPY230807P00446000,446.0,0,0.0,0.0,,0.0,normalDay
2023-08-07,22524.0,0.0,112.0,0,450.71,0.0,1,1.12,0.0,SPY230807P00446000,446.0,0,0.0,0.0,,0.0,expirationDay
2023-08-08,22524.0,-3.0,0.0,0,448.75,0.0,1,2.36,2.39,SPY230811P00449000,449.0,0,0.0,0.0,,0.0,normalDay
2023-08-09,22524.0,-147.0,0.0,0,445.75,0.0,1,2.36,3.83,SPY230811P00449000,449.0,0,0.0,0.0,,0.0,normalDay
2023-08-10,22524.0,-121.0,0.0,0,445.91,0.0,1,2.36,3.57,SPY230811P00449000,449.0,0,0.0,0.0,,0.0,normalDay
2023-08-11,22760.0,-335.0,236.0,100,445.65,449.0,1,2.36,0.0,SPY230811P00449000,449.0,0,0.0,0.0,,0.0,expirationDay
2023-08-14,22760.0,-92.0,0.0,100,448.11,449.0,0,0.0,0.0,,0.0,1,0.06,0.09,SPY230823C00463000,463.0,normalDay
2023-08-15,22760.0,-609.0,0.0,100,442.89,449.0,0,0.0,0.0,,0.0,1,0.06,0.04,SPY230823C00463000,463.0,normalDay
2023-08-16,22760.0,-932.0,0.0,100,439.64,449.0,0,0.0,0.0,,0.0,1,0.06,0.02,SPY230823C00463000,463.0,normalDay
2023-08-17,22760.0,-1266.0,0.0,100,436.29,449.0,0,0.0,0.0,,0.0,1,0.06,0.01,SPY230823C00463000,463.0,normalDay
2023-08-18,22760.0,-1245.0,0.0,100,436.5,449.0,0,0.0,0.0,,0.0,1,0.06,0.01,SPY230823C00463000,463.0,normalDay
2023-08-21,22760.0,-961.0,0.0,100,439.34,449.0,0,0.0,0.0,,0.0,1,0.06,0.01,SPY230823C00463000,463.0,normalDay
2023-08-22,22760.0,-1080.0,0.0,100,438.15,449.0,0,0.0,0.0,,0.0,1,0.06,0.01,SPY230823C00463000,463.0,normalDay
2023-08-23,22766.0,-597.0,6.0,100,443.03,449.0,0,0.0,0.0,,0.0,1,0.06,0.0,SPY230823C00463000,463.0,expirationDay
2023-08-24,22766.0,-1211.0,0.0,100,436.89,449.0,0,0.0,0.0,,0.0,0,0.0,0.0,,0.0,bidTooLow
2023-08-25,22766.0,-903.0,0.0,100,439.97,449.0,0,0.0,0.0,,0.0,0,0.0,0.0,,0.0,bidTooLow
2023-08-28,22766.0,-627.0,0.0,100,442.76,449.0,0,0.0,0.0,,0.0,1,0.02,0.05,SPY230906C00460000,460.0,normalDay
2023-08-29,22766.0,-4.0,0.0,100,449.16,449.0,0,0.0,0.0,,0.0,1,0.02,0.22,SPY230906C00460000,460.0,normalDay
2023-08-30,22766.0,184.0,0.0,100,451.01,449.0,0,0.0,0.0,,0.0,1,0.02,0.19,SPY230906C00460000,460.0,normalDay
2023-08-31,22766.0,127.0,0.0,100,450.35,449.0,0,0.0,0.0,,0.0,1,0.02,0.1,SPY230906C00460000,460.0,normalDay
2023-09-01,22766.0,218.0,0.0,100,451.19,449.0,0,0.0,0.0,,0.0,1,0.02,0.03,SPY230906C00460000,460.0,normalDay
2023-09-05,22766.0,25.0,0.0,100,449.24,449.0,0,0.0,0.0,,0.0,1,0.02,0.01,SPY230906C00460000,460.0,normalDay
2023-09-06,22768.0,-278.0,2.0,100,446.22,449.0,0,0.0,0.0,,0.0,1,0.02,0.0,SPY230906C00460000,460.0,expirationDay
2023-09-07,22768.0,-418.0,0.0,100,444.85,449.0,0,0.0,0.0,,0.0,1,0.03,0.06,SPY230915C00459000,459.0,normalDay
2023-09-08,22768.0,-349.0,0.0,100,445.52,449.0,0,0.0,0.0,,0.0,1,0.03,0.04,SPY230915C00459000,459.0,normalDay
2023-09-11,22768.0,-57.0,0.0,100,448.45,449.0,0,0.0,0.0,,0.0,1,0.03,0.05,SPY230915C00459000,459.0,normalDay
2023-09-12,22768.0,-300.0,0.0,100,445.99,449.0,0,0.0,0.0,,0.0,1,0.03,0.02,SPY230915C00459000,459.0,normalDay
2023-09-13,22768.0,-248.0,0.0,100,446.51,449.0,0,0.0,0.0,,0.0,1,0.03,0.02,SPY230915C00459000,459.0,normalDay
2023-09-14,22768.0,137.0,0.0,100,450.36,449.0,0,0.0,0.0,,0.0,1,0.03,0.02,SPY230915C00459000,459.0,normalDay
2023-09-15,22771.0,-563.0,3.0,100,443.37,449.0,0,0.0,0.0,,0.0,1,0.03,0.0,SPY230915C00459000,459.0,expirationDay
2023-09-18,22771.0,-540.0,0.0,100,443.63,449.0,0,0.0,0.0,,0.0,1,0.03,0.06,SPY230927C00458000,458.0,normalDay
2023-09-19,22771.0,-631.0,0.0,100,442.71,449.0,0,0.0,0.0,,0.0,1,0.03,0.05,SPY230927C00458000,458.0,normalDay
2023-09-20,22771.0,-1035.0,0.0,100,438.64,449.0,0,0.0,0.0,,0.0,1,0.03,0.02,SPY230927C00458000,458.0,normalDay
2023-09-21,22771.0,-1759.0,0.0,100,431.39,449.0,0,0.0,0.0,,0.0,1,0.03,0.01,SPY230927C00458000,458.0,normalDay
2023-09-22,22771.0,-1856.0,0.0,100,430.42,449.0,0,0.0,0.0,,0.0,1,0.03,0.01,SPY230927C00458000,458.0,normalDay
2023-09-25,22771.0,-1675.0,0.0,100,432.23,449.0,0,0.0,0.0,,0.0,1,0.03,0.01,SPY230927C00458000,458.0,normalDay
2023-09-26,22771.0,-2310.0,0.0,100,425.88,449.0,0,0.0,0.0,,0.0,1,0.03,0.01,SPY230927C00458000,458.0,normalDay
2023-09-27,22774.0,-2295.0,3.0,100,426.05,449.0,0,0.0,0.0,,0.0,1,0.03,0.0,SPY230927C00458000,458.0,expirationDay
2023-09-28,22774.0,-2048.0,0.0,100,428.52,449.0,0,0.0,0.0,,0.0,0,0.0,0.0,,0.0,bidTooLow
2023-09-29,22774.0,-2152.0,0.0,100,427.48,449.0,0,0.0,0.0,,0.0,0,0.0,0.0,,0.0,bidTooLow
2023-10-02,22774.0,-2169.0,0.0,100,427.31,449.0,0,0.0,0.0,,0.0,0,0.0,0.0,,0.0,bidTooLow
2023-10-03,22774.0,-2741.0,0.0,100,421.59,449.0,0,0.0,0.0,,0.0,0,0.0,0.0,,0.0,bidTooLow
2023-10-04,22774.0,-2434.0,0.0,100,424.66,449.0,0,0.0,0.0,,0.0,0,0.0,0.0,,0.0,bidTooLow
2023-10-05,22774.0,-2450.0,0.0,100,424.5,449.0,0,0.0,0.0,,0.0,0,0.0,0.0,,0.0,bidTooLow
2023-10-06,22774.0,-1946.0,0.0,100,429.54,449.0,0,0.0,0.0,,0.0,0,0.0,0.0,,0.0,bidTooLow
2023-10-09,22774.0,-1671.0,0.0,100,432.29,449.0,0,0.0,0.0,,0.0,0,0.0,0.0,,0.0,bidTooLow
2023-10-10,22774.0,-1446.0,0.0,100,434.54,449.0,0,0.0,0.0,,0.0,0,0.0,0.0,,0.0,bidTooLow
2023-10-11,22774.0,-1271.0,0.0,100,436.32,449.0,0,0.0,0.0,,0.0,1,0.02,0.05,SPY231020C00455000,455.0,normalDay
2023-10-12,22774.0,-1535.0,0.0,100,433.66,449.0,0,0.0,0.0,,0.0,1,0.02,0.03,SPY231020C00455000,455.0,normalDay
2023-10-13,22774.0,-1750.0,0.0,100,431.5,449.0,0,0.0,0.0,,0.0,1,0.02,0.02,SPY231020C00455000,455.0,normalDay
2023-10-16,22774.0,-1296.0,0.0,100,436.04,449.0,0,0.0,0.0,,0.0,1,0.02,0.02,SPY231020C00455000,455.0,normalDay
2023-10-17,22774.0,-1298.0,0.0,100,436.02,449.0,0,0.0,0.0,,0.0,1,0.02,0.02,SPY231020C00455000,455.0,normalDay
2023-10-18,22774.0,-1878.0,0.0,100,430.21,449.0,0,0.0,0.0,,0.0,1,0.02,0.01,SPY231020C00455000,455.0,normalDay
2023-10-19,22774.0,-2256.0,0.0,100,426.43,449.0,0,0.0,0.0,,0.0,1,0.02,0.01,SPY231020C00455000,455.0,normalDay
2023-10-20,22776.0,-2781.0,2.0,100,421.19,449.0,0,0.0,0.0,,0.0,1,0.02,0.0,SPY231020C00455000,455.0,expirationDay
2023-10-23,22776.0,-2857.0,0.0,100,420.46,449.0,0,0.0,0.0,,0.0,1,0.04,0.07,SPY231101C00443000,443.0,normalDay
2023-10-24,22776.0,-2540.0,0.0,100,423.63,449.0,0,0.0,0.0,,0.0,1,0.04,0.07,SPY231101C00443000,443.0,normalDay
2023-10-25,22776.0,-3143.0,0.0,100,417.55,449.0,0,0.0,0.0,,0.0,1,0.04,0.02,SPY231101C00443000,443.0,normalDay
2023-10-26,22776.0,-3643.0,0.0,100,412.55,449.0,0,0.0,0.0,,0.0,1,0.04,0.02,SPY231101C00443000,443.0,normalDay
2023-10-27,22776.0,-3829.0,0.0,100,410.68,449.0,0,0.0,0.0,,0.0,1,0.04,0.01,SPY231101C00443000,443.0,normalDay
2023-10-30,22776.0,-3338.0,0.0,100,415.59,449.0,0,0.0,0.0,,0.0,1,0.04,0.01,SPY231101C00443000,443.0,normalDay
2023-10-31,22776.0,-3077.0,0.0,100,418.2,449.0,0,0.0,0.0,,0.0,1,0.04,0.01,SPY231101C00443000,443.0,normalDay
2023-11-01,22780.0,-2634.0,4.0,100,422.66,449.0,0,0.0,0.0,,0.0,1,0.04,0.0,SPY231101C00443000,443.0,expirationDay
2023-11-02,22780.0,-1827.0,0.0,100,430.76,449.0,0,0.0,0.0,,0.0,1,0.01,0.04,SPY231110C00450000,450.0,normalDay
2023-11-03,22780.0,-1435.0,0.0,100,434.69,449.0,0,0.0,0.0,,0.0,1,0.01,0.05,SPY231110C00450000,450.0,normalDay
2023-11-06,22780.0,-1333.0,0.0,100,435.69,449.0,0,0.0,0.0,,0.0,1,0.01,0.03,SPY231110C00450000,450.0,normalDay
2023-11-07,22780.0,-1209.0,0.0,100,436.93,449.0,0,0.0,0.0,,0.0,1,0.01,0.03,SPY231110C00450000,450.0,normalDay
2023-11-08,22780.0,-1175.0,0.0,100,437.25,449.0,0,0.0,0.0,,0.0,1,0.01,0.01,SPY231110C00450000,450.0,normalDay
2023-11-09,22780.0,-1516.0,0.0,100,433.84,449.0,0,0.0,0.0,,0.0,1,0.01,0.01,SPY231110C00450000,450.0,normalDay
2023-11-10,22781.0,-839.0,1.0,100,440.61,449.0,0,0.0,0.0,,0.0,1,0.01,0.0,SPY231110C00450000,450.0,expirationDay
2023-11-13,22781.0,-884.0,0.0,100,440.19,449.0,0,0.0,0.0,,0.0,1,0.1,0.13,SPY231122C00455000,455.0,normalDay
2023-11-14,22781.0,-123.0,0.0,100,448.73,449.0,0,0.0,0.0,,0.0,1,0.1,1.06,SPY231122C00455000,455.0,normalDay
2023-11-15,22781.0,-6.0,0.0,100,449.68,449.0,0,0.0,0.0,,0.0,1,0.1,0.84,SPY231122C00455000,455.0,normalDay
2023-11-16,22781.0,57.0,0.0,100,450.23,449.0,0,0.0,0.0,,0.0,1,0.1,0.76,SPY231122C00455000,455.0,normalDay
2023-11-17,22781.0,135.0,0.0,100,450.79,449.0,0,0.0,0.0,,0.0,1,0.1,0.54,SPY231122C00455000,455.0,normalDay
2023-11-20,22781.0,415.0,0.0,100,454.26,449.0,0,0.0,0.0,,0.0,1,0.1,1.21,SPY231122C00455000,455.0,normalDay
2023-11-21,22781.0,380.0,0.0,100,453.27,449.0,0,0.0,0.0,,0.0,1,0.1,0.57,SPY231122C00455000,455.0,normalDay
2023-11-22,23391.0,380.0,610.0,0,455.02,0.0,0,0.0,0.0,,0.0,1,0.1,0.0,SPY231122C00455000,455.0,expirationDay
2023-11-24,23391.0,0.0,0.0,0,455.3,0.0,0,0.0,0.0,,0.0,0,0.0,0.0,,0.0,bidTooLow
2023-11-27,23391.0,0.0,0.0,0,454.48,0.0,0,0.0,0.0,,0.0,0,0.0,0.0,,0.0,bidTooLow
2023-11-28,23391.0,0.0,0.0,0,454.93,0.0,0,0.0,0.0,,0.0,0,0.0,0.0,,0.0,bidTooLow
2023-11-29,23391.0,0.0,0.0,0,454.61,0.0,0,0.0,0.0,,0.0,0,0.0,0.0,,0.0,bidTooLow
2023-11-30,23391.0,0.0,0.0,0,456.4,0.0,0,0.0,0.0,,0.0,0,0.0,0.0,,0.0,bidTooLow
