date,totalCapital,unrializedPnL,rializedPnL,stocksOwned,stocksPriceToday,stocksPriceBoughtAt,putOwned,putOwnedSoldAt,putPriceToday,putOwnedContract,putOwnedStrike,callOwned,callOwnedSoldAt,callPriceToday,callOwnedContract,callOwnedStrike,trackType
2018-11-01,0.0,-3.0,0.0,0,273.51,0.0,1,0.18,0.21,SPY181102P00268000,268.0,0,0.0,0.0,,0.0,normalDay
2018-11-02,18.0,0.0,18.0,0,271.89,0.0,1,0.18,0.0,SPY181102P00268000,268.0,0,0.0,0.0,,0.0,expirationDay
2018-11-05,18.0,-3.0,0.0,0,273.39,0.0,1,0.58,0.61,SPY181107P00268000,268.0,0,0.0,0.0,,0.0,normalDay
2018-11-06,18.0,28.0,0.0,0,275.12,0.0,1,0.58,0.3,SPY181107P00268000,268.0,0,0.0,0.0,,0.0,normalDay
2018-11-07,76.0,0.0,58.0,0,281.01,0.0,1,0.58,0.0,SPY181107P00268000,268.0,0,0.0,0.0,,0.0,expirationDay
2018-11-08,76.0,0.0,0.0,0,280.5,0.0,0,0.0,0.0,,0.0,0,0.0,0.0,,0.0,bidTooLow
2018-11-09,76.0,0.0,0.0,0,277.76,0.0,0,0.0,0.0,,0.0,0,0.0,0.0,,0.0,bidTooLow
2018-11-12,76.0,-4.0,0.0,0,272.57,0.0,1,0.63,0.67,SPY181114P00268500,268.5,0,0.0,0.0,,0.0,normalDay
2018-11-13,76.0,25.0,0.0,0,272.06,0.0,1,0.63,0.38,SPY181114P00268500,268.5,0,0.0,0.0,,0.0,normalDay
2018-11-14,139.0,0.0,63.0,0,270.2,0.0,1,0.63,0.0,SPY181114P00268500,268.5,0,0.0,0.0,,0.0,expirationDay
2018-11-15,139.0,-3.0,0.0,0,273.02,0.0,1,0.19,0.22,SPY181116P00268000,268.0,0,0.0,0.0,,0.0,normalDay
2018-11-16,158.0,0.0,19.0,0,273.73,0.0,1,0.19,0.0,SPY181116P00268000,268.0,0,0.0,0.0,,0.0,expirationDay
2018-11-19,158.0,-4.0,0.0,0,269.1,0.0,1,1.09,1.13,SPY181121P00267500,267.5,0,0.0,0.0,,0.0,normalDay
2018-11-20,158.0,-294.0,0.0,0,264.12,0.0,1,1.09,4.03,SPY181121P00267500,267.5,0,0.0,0.0,,0.0,normalDay
2018-11-21,267.0,-248.0,109.0,100,265.02,267.5,1,1.09,0.0,SPY181121P00267500,267.5,0,0.0,0.0,,0.0,expirationDay
2018-11-23,267.0,-425.0,0.0,100,263.25,267.5,0,0.0,0.0,,0.0,0,0.0,0.0,,0.0,bidTooLow
2018-11-26,267.0,0.0,0.0,100,267.5,267.5,0,0.0,0.0,,0.0,0,0.0,0.0,,0.0,bidTooLow
2018-11-27,267.0,90.0,0.0,100,268.4,267.5,0,0.0,0.0,,0.0,0,0.0,0.0,,0.0,bidTooLow
2018-11-28,267.0,708.0,0.0,100,274.58,267.5,0,0.0,0.0,,0.0,0,0.0,0.0,,0.0,bidTooLow
2018-11-29,267.0,645.0,0.0,100,273.98,267.5,0,0.0,0.0,,0.0,1,0.06,0.09,SPY181203C00285000,285.0,normalDay
2018-11-30,267.0,812.0,0.0,100,275.65,267.5,0,0.0,0.0,,0.0,1,0.06,0.09,SPY181203C00285000,285.0,normalDay
2018-12-03,273.0,1180.0,6.0,100,279.3,267.5,0,0.0,0.0,,0.0,1,0.06,0.0,SPY181203C00285000,285.0,expirationDay
2018-12-04,273.0,275.0,0.0,100,270.25,267.5,0,0.0,0.0,,0.0,0,0.0,0.0,,0.0,bidTooLow
2018-12-06,273.0,234.0,0.0,100,269.84,267.5,0,0.0,0.0,,0.0,0,0.0,0.0,,0.0,bidTooLow
2018-12-07,273.0,-393.0,0.0,100,263.57,267.5,0,0.0,0.0,,0.0,0,0.0,0.0,,0.0,bidTooLow
2018-12-10,273.0,-343.0,0.0,100,264.07,267.5,0,0.0,0.0,,0.0,0,0.0,0.0,,0.0,bidTooLow
2018-12-11,273.0,-337.0,0.0,100,264.13,267.5,0,0.0,0.0,,0.0,0,0.0,0.0,,0.0,bidTooLow
2018-12-12,273.0,-204.0,0.0,100,265.46,267.5,0,0.0,0.0,,0.0,0,0.0,0.0,,0.0,bidTooLow
2018-12-13,273.0,-213.0,0.0,100,265.37,267.5,0,0.0,0.0,,0.0,0,0.0,0.0,,0.0,bidTooLow
2018-12-14,273.0,-703.0,0.0,100,260.47,267.5,0,0.0,0.0,,0.0,0,0.0,0.0,,0.0,bidTooLow
2018-12-17,273.0,-1214.0,0.0,100,255.36,267.5,0,0.0,0.0,,0.0,0,0.0,0.0,,0.0,bidTooLow
2018-12-18,273.0,-1242.0,0.0,100,255.08,267.5,0,0.0,0.0,,0.0,0,0.0,0.0,,0.0,bidTooLow
2018-12-19,273.0,-1624.0,0.0,100,251.26,267.5,0,0.0,0.0,,0.0,0,0.0,0.0,,0.0,bidTooLow
2018-12-20,273.0,-2033.0,0.0,100,247.17,267.5,0,0.0,0.0,,0.0,0,0.0,0.0,,0.0,bidTooLow
2018-12-21,273.0,-2680.0,0.0,100,240.7,267.5,0,0.0,0.0,,0.0,0,0.0,0.0,,0.0,bidTooLow
2018-12-24,273.0,-3316.0,0.0,100,234.34,267.5,0,0.0,0.0,,0.0,0,0.0,0.0,,0.0,bidTooLow
2018-12-26,273.0,-2132.0,0.0,100,246.18,267.5,0,0.0,0.0,,0.0,0,0.0,0.0,,0.0,bidTooLow
2018-12-27,273.0,-1943.0,0.0,100,248.07,267.5,0,0.0,0.0,,0.0,0,0.0,0.0,,0.0,bidTooLow
2018-12-28,273.0,-1975.0,0.0,100,247.75,267.5,0,0.0,0.0,,0.0,0,0.0,0.0,,0.0,bidTooLow
2018-12-31,273.0,-1758.0,0.0,100,249.92,267.5,0,0.0,0.0,,0.0,0,0.0,0.0,,0.0,bidTooLow
2019-01-02,273.0,-1732.0,0.0,100,250.18,267.5,0,0.0,0.0,,0.0,0,0.0,0.0,,0.0,bidTooLow
2019-01-03,273.0,-2329.0,0.0,100,244.21,267.5,0,0.0,0.0,,0.0,0,0.0,0.0,,0.0,bidTooLow
2019-01-04,273.0,-1511.0,0.0,100,252.39,267.5,0,0.0,0.0,,0.0,0,0.0,0.0,,0.0,bidTooLow
2019-01-07,273.0,-1312.0,0.0,100,254.38,267.5,0,0.0,0.0,,0.0,0,0.0,0.0,,0.0,bidTooLow
2019-01-08,273.0,-1073.0,0.0,100,256.77,267.5,0,0.0,0.0,,0.0,0,0.0,0.0,,0.0,bidTooLow
2019-01-09,273.0,-953.0,0.0,100,257.97,267.5,0,0.0,0.0,,0.0,0,0.0,0.0,,0.0,bidTooLow
2019-01-10,273.0,-862.0,0.0,100,258.88,267.5,0,0.0,0.0,,0.0,0,0.0,0.0,,0.0,bidTooLow
2019-01-11,273.0,-852.0,0.0,100,258.98,267.5,0,0.0,0.0,,0.0,0,0.0,0.0,,0.0,bidTooLow
2019-01-14,273.0,-1010.0,0.0,100,257.4,267.5,0,0.0,0.0,,0.0,0,0.0,0.0,,0.0,bidTooLow
2019-01-15,273.0,-718.0,0.0,100,260.35,267.5,0,0.0,0.0,,0.0,1,0.02,0.05,SPY190118C00269000,269.0,normalDay
2019-01-16,273.0,-655.0,0.0,100,260.98,267.5,0,0.0,0.0,,0.0,1,0.02,0.05,SPY190118C00269000,269.0,normalDay
2019-01-17,273.0,-457.0,0.0,100,262.96,267.5,0,0.0,0.0,,0.0,1,0.02,0.05,SPY190118C00269000,269.0,normalDay
2019-01-18,275.0,-104.0,2.0,100,266.46,267.5,0,0.0,0.0,,0.0,1,0.02,0.0,SPY190118C00269000,269.0,expirationDay
2019-01-22,275.0,-464.0,0.0,100,262.86,267.5,0,0.0,0.0,,0.0,0,0.0,0.0,,0.0,bidTooLow
2019-01-23,275.0,-409.0,0.0,100,263.41,267.5,0,0.0,0.0,,0.0,0,0.0,0.0,,0.0,bidTooLow
2019-01-24,275.0,-395.0,0.0,100,263.55,267.5,0,0.0,0.0,,0.0,0,0.0,0.0,,0.0,bidTooLow
2019-01-25,275.0,-172.0,0.0,100,265.78,267.5,0,0.0,0.0,,0.0,0,0.0,0.0,,0.0,bidTooLow
2019-01-28,275.0,-377.0,0.0,100,263.76,267.5,0,0.0,0.0,,0.0,1,0.01,0.04,SPY190201C00274000,274.0,normalDay
2019-01-29,275.0,-411.0,0.0,100,263.41,267.5,0,0.0,0.0,,0.0,1,0.01,0.03,SPY190201C00274000,274.0,normalDay
2019-01-30,275.0,3.0,0.0,100,267.58,267.5,0,0.0,0.0,,0.0,1,0.01,0.06,SPY190201C00274000,274.0,normalDay
2019-01-31,275.0,237.0,0.0,100,269.93,267.5,0,0.0,0.0,,0.0,1,0.01,0.07,SPY190201C00274000,274.0,normalDay
2019-02-01,276.0,256.0,1.0,100,270.06,267.5,0,0.0,0.0,,0.0,1,0.01,0.0,SPY190201C00274000,274.0,expirationDay
2019-02-04,276.0,443.0,0.0,100,271.96,267.5,0,0.0,0.0,,0.0,1,0.3,0.33,SPY190208C00275000,275.0,normalDay
2019-02-05,276.0,539.0,0.0,100,273.1,267.5,0,0.0,0.0,,0.0,1,0.3,0.51,SPY190208C00275000,275.0,normalDay
2019-02-06,276.0,533.0,0.0,100,272.74,267.5,0,0.0,0.0,,0.0,1,0.3,0.21,SPY190208C00275000,275.0,normalDay
2019-02-07,276.0,292.0,0.0,100,270.14,267.5,0,0.0,0.0,,0.0,1,0.3,0.02,SPY190208C00275000,275.0,normalDay
2019-02-08,306.0,297.0,30.0,100,270.47,267.5,0,0.0,0.0,,0.0,1,0.3,0.0,SPY190208C00275000,275.0,expirationDay
2019-02-11,306.0,309.0,0.0,100,270.62,267.5,0,0.0,0.0,,0.0,1,0.01,0.04,SPY190215C00278000,278.0,normalDay
2019-02-12,306.0,644.0,0.0,100,274.1,267.5,0,0.0,0.0,,0.0,1,0.01,0.17,SPY190215C00278000,278.0,normalDay
2019-02-13,306.0,732.0,0.0,100,274.99,267.5,0,0.0,0.0,,0.0,1,0.01,0.18,SPY190215C00278000,278.0,normalDay
2019-02-14,306.0,685.0,0.0,100,274.38,267.5,0,0.0,0.0,,0.0,1,0.01,0.04,SPY190215C00278000,278.0,normalDay
2019-02-15,307.0,987.0,1.0,100,277.37,267.5,0,0.0,0.0,,0.0,1,0.01,0.0,SPY190215C00278000,278.0,expirationDay
2019-02-19,307.0,1032.0,0.0,100,277.85,267.5,0,0.0,0.0,,0.0,1,0.01,0.04,SPY190222C00282500,282.5,normalDay
2019-02-20,307.0,1088.0,0.0,100,278.41,267.5,0,0.0,0.0,,0.0,1,0.01,0.04,SPY190222C00282500,282.5,normalDay
2019-02-21,307.0,992.0,0.0,100,277.42,267.5,0,0.0,0.0,,0.0,1,0.01,0.01,SPY190222C00282500,282.5,normalDay
2019-02-22,308.0,1164.0,1.0,100,279.14,267.5,0,0.0,0.0,,0.0,1,0.01,0.0,SPY190222C00282500,282.5,expirationDay
2019-02-25,308.0,1199.0,0.0,100,279.52,267.5,0,0.0,0.0,,0.0,1,0.06,0.09,SPY190301C00285000,285.0,normalDay
2019-02-26,308.0,1184.0,0.0,100,279.32,267.5,0,0.0,0.0,,0.0,1,0.06,0.04,SPY190301C00285000,285.0,normalDay
2019-02-27,308.0,1175.0,0.0,100,279.2,267.5,0,0.0,0.0,,0.0,1,0.06,0.01,SPY190301C00285000,285.0,normalDay
2019-02-28,308.0,1123.0,0.0,100,278.68,267.5,0,0.0,0.0,,0.0,1,0.06,0.01,SPY190301C00285000,285.0,normalDay
2019-03-01,314.0,1292.0,6.0,100,280.42,267.5,0,0.0,0.0,,0.0,1,0.06,0.0,SPY190301C00285000,285.0,expirationDay
2019-03-04,314.0,1187.0,0.0,100,279.4,267.5,0,0.0,0.0,,0.0,1,0.02,0.05,SPY190308C00285000,285.0,normalDay
2019-03-05,314.0,1151.0,0.0,100,279.02,267.5,0,0.0,0.0,,0.0,1,0.02,0.03,SPY190308C00285000,285.0,normalDay
2019-03-06,314.0,984.0,0.0,100,277.33,267.5,0,0.0,0.0,,0.0,1,0.02,0.01,SPY190308C00285000,285.0,normalDay
2019-03-07,314.0,752.0,0.0,100,275.01,267.5,0,0.0,0.0,,0.0,1,0.02,0.01,SPY190308C00285000,285.0,normalDay
2019-03-08,316.0,696.0,2.0,100,274.46,267.5,0,0.0,0.0,,0.0,1,0.02,0.0,SPY190308C00285000,285.0,expirationDay
2019-03-11,316.0,1091.0,0.0,100,278.44,267.5,0,0.0,0.0,,0.0,1,0.04,0.07,SPY190315C00284000,284.0,normalDay
2019-03-12,316.0,1198.0,0.0,100,279.49,267.5,0,0.0,0.0,,0.0,1,0.04,0.05,SPY190315C00284000,284.0,normalDay
2019-03-13,316.0,1374.0,0.0,100,281.34,267.5,0,0.0,0.0,,0.0,1,0.04,0.14,SPY190315C00284000,284.0,normalDay
2019-03-14,316.0,1367.0,0.0,100,281.16,267.5,0,0.0,0.0,,0.0,1,0.04,0.03,SPY190315C00284000,284.0,normalDay
2019-03-15,320.0,1381.0,4.0,100,281.31,267.5,0,0.0,0.0,,0.0,1,0.04,0.0,SPY190315C00284000,284.0,expirationDay
2019-03-18,320.0,1480.0,0.0,100,282.33,267.5,0,0.0,0.0,,0.0,1,0.69,0.72,SPY190322C00284000,284.0,normalDay
2019-03-19,320.0,1495.0,0.0,100,282.4,267.5,0,0.0,0.0,,0.0,1,0.69,0.64,SPY190322C00284000,284.0,normalDay
2019-03-20,320.0,1452.0,0.0,100,281.55,267.5,0,0.0,0.0,,0.0,1,0.69,0.22,SPY190322C00284000,284.0,normalDay
2019-03-21,320.0,1680.0,0.0,100,284.73,267.5,0,0.0,0.0,,0.0,1,0.69,1.12,SPY190322C00284000,284.0,normalDay
2019-03-22,389.0,1175.0,69.0,100,279.25,267.5,0,0.0,0.0,,0.0,1,0.69,0.0,SPY190322C00284000,284.0,expirationDay
2019-03-25,389.0,1151.0,0.0,100,279.04,267.5,0,0.0,0.0,,0.0,1,0.07,0.1,SPY190329C00286000,286.0,normalDay
2019-03-26,389.0,1359.0,0.0,100,281.12,267.5,0,0.0,0.0,,0.0,1,0.07,0.1,SPY190329C00286000,286.0,normalDay
2019-03-27,389.0,1219.0,0.0,100,279.65,267.5,0,0.0,0.0,,0.0,1,0.07,0.03,SPY190329C00286000,286.0,normalDay
2019-03-28,389.0,1326.0,0.0,100,280.71,267.5,0,0.0,0.0,,0.0,1,0.07,0.02,SPY190329C00286000,286.0,normalDay
2019-03-29,396.0,1498.0,7.0,100,282.48,267.5,0,0.0,0.0,,0.0,1,0.07,0.0,SPY190329C00286000,286.0,expirationDay
2019-04-01,396.0,1830.0,0.0,100,285.83,267.5,0,0.0,0.0,,0.0,1,0.54,0.57,SPY190405C00287500,287.5,normalDay
2019-04-02,396.0,1854.0,0.0,100,285.97,267.5,0,0.0,0.0,,0.0,1,0.54,0.47,SPY190405C00287500,287.5,normalDay
2019-04-03,396.0,1881.0,0.0,100,286.42,267.5,0,0.0,0.0,,0.0,1,0.54,0.65,SPY190405C00287500,287.5,normalDay
2019-04-04,396.0,1955.0,0.0,100,287.18,267.5,0,0.0,0.0,,0.0,1,0.54,0.67,SPY190405C00287500,287.5,normalDay
2019-04-05,2450.0,1955.0,2054.0,0,288.57,0.0,0,0.0,0.0,,0.0,1,0.54,0.0,SPY190405C00287500,287.5,expirationDay
2019-04-08,2450.0,0.0,0.0,0,288.79,0.0,0,0.0,0.0,,0.0,0,0.0,0.0,,0.0,bidTooLow
2019-04-09,2450.0,0.0,0.0,0,287.31,0.0,0,0.0,0.0,,0.0,0,0.0,0.0,,0.0,bidTooLow
2019-04-10,2450.0,0.0,0.0,0,288.29,0.0,0,0.0,0.0,,0.0,0,0.0,0.0,,0.0,bidTooLow
2019-04-11,2450.0,0.0,0.0,0,288.21,0.0,0,0.0,0.0,,0.0,0,0.0,0.0,,0.0,bidTooLow
2019-04-12,2450.0,0.0,0.0,0,290.16,0.0,0,0.0,0.0,,0.0,0,0.0,0.0,,0.0,bidTooLow
2019-04-15,2450.0,0.0,0.0,0,289.97,0.0,0,0.0,0.0,,0.0,0,0.0,0.0,,0.0,bidTooLow
2019-04-16,2450.0,-3.0,0.0,0,290.16,0.0,1,0.01,0.04,SPY190418P00281500,281.5,0,0.0,0.0,,0.0,normalDay
2019-04-17,2450.0,-2.0,0.0,0,289.45,0.0,1,0.01,0.03,SPY190418P00281500,281.5,0,0.0,0.0,,0.0,normalDay
2019-04-18,2451.0,0.0,1.0,0,290.02,0.0,1,0.01,0.0,SPY190418P00281500,281.5,0,0.0,0.0,,0.0,expirationDay
2019-04-22,2451.0,0.0,0.0,0,290.27,0.0,0,0.0,0.0,,0.0,0,0.0,0.0,,0.0,bidTooLow
2019-04-23,2451.0,0.0,0.0,0,292.88,0.0,0,0.0,0.0,,0.0,0,0.0,0.0,,0.0,bidTooLow
2019-04-24,2451.0,-3.0,0.0,0,292.23,0.0,1,0.01,0.04,SPY190426P00284000,284.0,0,0.0,0.0,,0.0,normalDay
2019-04-25,2451.0,-1.0,0.0,0,292.05,0.0,1,0.01,0.02,SPY190426P00284000,284.0,0,0.0,0.0,,0.0,normalDay
2019-04-26,2452.0,0.0,1.0,0,293.41,0.0,1,0.01,0.0,SPY190426P00284000,284.0,0,0.0,0.0,,0.0,expirationDay
2019-04-29,2452.0,-3.0,0.0,0,293.87,0.0,1,0.03,0.06,SPY190501P00287000,287.0,0,0.0,0.0,,0.0,normalDay
2019-04-30,2452.0,0.0,0.0,0,294.02,0.0,1,0.03,0.03,SPY190501P00287000,287.0,0,0.0,0.0,,0.0,normalDay
2019-05-01,2455.0,0.0,3.0,0,291.81,0.0,1,0.03,0.0,SPY190501P00287000,287.0,0,0.0,0.0,,0.0,expirationDay
2019-05-02,2455.0,-4.0,0.0,0,291.18,0.0,1,0.16,0.2,SPY190503P00288500,288.5,0,0.0,0.0,,0.0,normalDay
2019-05-03,2471.0,0.0,16.0,0,294.03,0.0,1,0.16,0.0,SPY190503P00288500,288.5,0,0.0,0.0,,0.0,expirationDay
2019-05-06,2471.0,-4.0,0.0,0,292.82,0.0,1,0.28,0.32,SPY190508P00289000,289.0,0,0.0,0.0,,0.0,normalDay
2019-05-07,2471.0,-146.0,0.0,0,287.93,0.0,1,0.28,1.74,SPY190508P00289000,289.0,0,0.0,0.0,,0.0,normalDay
2019-05-08,2499.0,-147.0,28.0,100,287.53,289.0,1,0.28,0.0,SPY190508P00289000,289.0,0,0.0,0.0,,0.0,expirationDay
2019-05-09,2499.0,-237.0,0.0,100,286.66,289.0,0,0.0,0.0,,0.0,1,0.02,0.05,SPY190513C00297000,297.0,normalDay
2019-05-10,2499.0,-89.0,0.0,100,288.1,289.0,0,0.0,0.0,,0.0,1,0.02,0.01,SPY190513C00297000,297.0,normalDay
2019-05-13,2501.0,-814.0,2.0,100,280.86,289.0,0,0.0,0.0,,0.0,1,0.02,0.0,SPY190513C00297000,297.0,expirationDay
2019-05-14,2501.0,-560.0,0.0,100,283.4,289.0,0,0.0,0.0,,0.0,0,0.0,0.0,,0.0,bidTooLow
2019-05-15,2501.0,-394.0,0.0,100,285.06,289.0,0,0.0,0.0,,0.0,0,0.0,0.0,,0.0,bidTooLow
2019-05-16,2501.0,-130.0,0.0,100,287.7,289.0,0,0.0,0.0,,0.0,0,0.0,0.0,,0.0,bidTooLow
2019-05-17,2501.0,-316.0,0.0,100,285.84,289.0,0,0.0,0.0,,0.0,0,0.0,0.0,,0.0,bidTooLow
2019-05-20,2501.0,-505.0,0.0,100,283.95,289.0,0,0.0,0.0,,0.0,0,0.0,0.0,,0.0,bidTooLow
2019-05-21,2501.0,-249.0,0.0,100,286.51,289.0,0,0.0,0.0,,0.0,0,0.0,0.0,,0.0,bidTooLow
2019-05-22,2501.0,-337.0,0.0,100,285.63,289.0,0,0.0,0.0,,0.0,0,0.0,0.0,,0.0,bidTooLow
2019-05-23,2501.0,-686.0,0.0,100,282.14,289.0,0,0.0,0.0,,0.0,0,0.0,0.0,,0.0,bidTooLow
2019-05-24,2501.0,-622.0,0.0,100,282.78,289.0,0,0.0,0.0,,0.0,0,0.0,0.0,,0.0,bidTooLow
2019-05-28,2501.0,-885.0,0.0,100,280.15,289.0,0,0.0,0.0,,0.0,0,0.0,0.0,,0.0,bidTooLow
2019-05-29,2501.0,-1073.0,0.0,100,278.27,289.0,0,0.0,0.0,,0.0,0,0.0,0.0,,0.0,bidTooLow
2019-05-30,2501.0,-997.0,0.0,100,279.03,289.0,0,0.0,0.0,,0.0,0,0.0,0.0,,0.0,bidTooLow
2019-05-31,2501.0,-1373.0,0.0,100,275.27,289.0,0,0.0,0.0,,0.0,0,0.0,0.0,,0.0,bidTooLow
2019-06-03,2501.0,-1443.0,0.0,100,274.57,289.0,0,0.0,0.0,,0.0,0,0.0,0.0,,0.0,bidTooLow
2019-06-04,2501.0,-847.0,0.0,100,280.53,289.0,0,0.0,0.0,,0.0,0,0.0,0.0,,0.0,bidTooLow
2019-06-05,2501.0,-604.0,0.0,100,282.96,289.0,0,0.0,0.0,,0.0,0,0.0,0.0,,0.0,bidTooLow
2019-06-06,2501.0,-420.0,0.0,100,284.8,289.0,0,0.0,0.0,,0.0,0,0.0,0.0,,0.0,bidTooLow
2019-06-07,2501.0,-135.0,0.0,100,287.65,289.0,0,0.0,0.0,,0.0,0,0.0,0.0,,0.0,bidTooLow
2019-06-10,2501.0,-6.0,0.0,100,288.97,289.0,0,0.0,0.0,,0.0,1,0.35,0.38,SPY190614C00293000,293.0,normalDay
2019-06-11,2501.0,3.0,0.0,100,288.9,289.0,0,0.0,0.0,,0.0,1,0.35,0.22,SPY190614C00293000,293.0,normalDay
2019-06-12,2501.0,-32.0,0.0,100,288.39,289.0,0,0.0,0.0,,0.0,1,0.35,0.06,SPY190614C00293000,293.0,normalDay
2019-06-13,2501.0,86.0,0.0,100,289.58,289.0,0,0.0,0.0,,0.0,1,0.35,0.07,SPY190614C00293000,293.0,normalDay
2019-06-14,2536.0,26.0,35.0,100,289.26,289.0,0,0.0,0.0,,0.0,1,0.35,0.0,SPY190614C00293000,293.0,expirationDay
2019-06-17,2536.0,34.0,0.0,100,289.37,289.0,0,0.0,0.0,,0.0,1,0.04,0.07,SPY190621C00296000,296.0,normalDay
2019-06-18,2536.0,309.0,0.0,100,292.4,289.0,0,0.0,0.0,,0.0,1,0.04,0.35,SPY190621C00296000,296.0,normalDay
2019-06-19,2536.0,391.0,0.0,100,293.06,289.0,0,0.0,0.0,,0.0,1,0.04,0.19,SPY190621C00296000,296.0,normalDay
2019-06-20,2536.0,654.0,0.0,100,295.86,289.0,0,0.0,0.0,,0.0,1,0.04,0.36,SPY190621C00296000,296.0,normalDay
2019-06-21,2540.0,500.0,4.0,100,294.0,289.0,0,0.0,0.0,,0.0,1,0.04,0.0,SPY190621C00296000,296.0,expirationDay
2019-06-24,2540.0,464.0,0.0,100,293.64,289.0,0,0.0,0.0,,0.0,0,0.0,0.0,,0.0,bidTooLow
2019-06-25,2540.0,176.0,0.0,100,290.76,289.0,0,0.0,0.0,,0.0,0,0.0,0.0,,0.0,bidTooLow
2019-06-26,2540.0,147.0,0.0,100,290.47,289.0,0,0.0,0.0,,0.0,0,0.0,0.0,,0.0,bidTooLow
2019-06-27,2540.0,250.0,0.0,100,291.5,289.0,0,0.0,0.0,,0.0,0,0.0,0.0,,0.0,bidTooLow
2019-06-28,2540.0,400.0,0.0,100,293.0,289.0,0,0.0,0.0,,0.0,0,0.0,0.0,,0.0,bidTooLow
2019-07-01,2540.0,663.0,0.0,100,295.66,289.0,0,0.0,0.0,,0.0,1,0.07,0.1,SPY190705C00300000,300.0,normalDay
2019-07-02,2540.0,742.0,0.0,100,296.43,289.0,0,0.0,0.0,,0.0,1,0.07,0.08,SPY190705C00300000,300.0,normalDay
2019-07-03,2540.0,954.0,0.0,100,298.8,289.0,0,0.0,0.0,,0.0,1,0.07,0.33,SPY190705C00300000,300.0,normalDay
2019-07-05,2547.0,946.0,7.0,100,298.46,289.0,0,0.0,0.0,,0.0,1,0.07,0.0,SPY190705C00300000,300.0,expirationDay
2019-07-08,2547.0,779.0,0.0,100,296.82,289.0,0,0.0,0.0,,0.0,1,0.1,0.13,SPY190712C00301000,301.0,normalDay
2019-07-09,2547.0,817.0,0.0,100,297.19,289.0,0,0.0,0.0,,0.0,1,0.1,0.12,SPY190712C00301000,301.0,normalDay
2019-07-10,2547.0,956.0,0.0,100,298.61,289.0,0,0.0,0.0,,0.0,1,0.1,0.15,SPY190712C00301000,301.0,normalDay
2019-07-11,2547.0,1033.0,0.0,100,299.31,289.0,0,0.0,0.0,,0.0,1,0.1,0.08,SPY190712C00301000,301.0,normalDay
2019-07-12,2557.0,1165.0,10.0,100,300.65,289.0,0,0.0,0.0,,0.0,1,0.1,0.0,SPY190712C00301000,301.0,expirationDay
2019-07-15,2557.0,1172.0,0.0,100,300.75,289.0,0,0.0,0.0,,0.0,1,0.1,0.13,SPY190719C00304000,304.0,normalDay
2019-07-16,2557.0,1084.0,0.0,100,299.78,289.0,0,0.0,0.0,,0.0,1,0.1,0.04,SPY190719C00304000,304.0,normalDay
2019-07-17,2557.0,882.0,0.0,100,297.74,289.0,0,0.0,0.0,,0.0,1,0.1,0.02,SPY190719C00304000,304.0,normalDay
2019-07-18,2557.0,992.0,0.0,100,298.83,289.0,0,0.0,0.0,,0.0,1,0.1,0.01,SPY190719C00304000,304.0,normalDay
2019-07-19,2567.0,817.0,10.0,100,297.17,289.0,0,0.0,0.0,,0.0,1,0.1,0.0,SPY190719C00304000,304.0,expirationDay
2019-07-22,2567.0,890.0,0.0,100,297.9,289.0,0,0.0,0.0,,0.0,0,0.0,0.0,,0.0,bidTooLow
2019-07-23,2567.0,1103.0,0.0,100,300.03,289.0,0,0.0,0.0,,0.0,0,0.0,0.0,,0.0,bidTooLow
2019-07-24,2567.0,1241.0,0.0,100,301.44,289.0,0,0.0,0.0,,0.0,1,0.01,0.04,SPY190726C00305000,305.0,normalDay
2019-07-25,2567.0,1100.0,0.0,100,300.0,289.0,0,0.0,0.0,,0.0,1,0.01,0.01,SPY190726C00305000,305.0,normalDay
2019-07-26,2568.0,1301.0,1.0,100,302.01,289.0,0,0.0,0.0,,0.0,1,0.01,0.0,SPY190726C00305000,305.0,expirationDay
2019-07-29,2568.0,1243.0,0.0,100,301.46,289.0,0,0.0,0.0,,0.0,1,0.62,0.65,SPY190802C00304000,304.0,normalDay
2019-07-30,2568.0,1180.0,0.0,100,300.72,289.0,0,0.0,0.0,,0.0,1,0.62,0.54,SPY190802C00304000,304.0,normalDay
2019-07-31,2568.0,900.0,0.0,100,297.43,289.0,0,0.0,0.0,,0.0,1,0.62,0.05,SPY190802C00304000,304.0,normalDay
2019-08-01,2568.0,644.0,0.0,100,294.84,289.0,0,0.0,0.0,,0.0,1,0.62,0.02,SPY190802C00304000,304.0,normalDay
2019-08-02,2630.0,362.0,62.0,100,292.62,289.0,0,0.0,0.0,,0.0,1,0.62,0.0,SPY190802C00304000,304.0,expirationDay
2019-08-05,2630.0,-518.0,0.0,100,283.82,289.0,0,0.0,0.0,,0.0,0,0.0,0.0,,0.0,bidTooLow
2019-08-06,2630.0,-120.0,0.0,100,287.8,289.0,0,0.0,0.0,,0.0,0,0.0,0.0,,0.0,bidTooLow
2019-08-07,2630.0,-103.0,0.0,100,287.97,289.0,0,0.0,0.0,,0.0,0,0.0,0.0,,0.0,bidTooLow
2019-08-08,2630.0,462.0,0.0,100,293.62,289.0,0,0.0,0.0,,0.0,0,0.0,0.0,,0.0,bidTooLow
2019-08-09,2630.0,262.0,0.0,100,291.62,289.0,0,0.0,0.0,,0.0,0,0.0,0.0,,0.0,bidTooLow
2019-08-12,2630.0,-93.0,0.0,100,288.07,289.0,0,0.0,0.0,,0.0,0,0.0,0.0,,0.0,bidTooLow
2019-08-13,2630.0,355.0,0.0,100,292.55,289.0,0,0.0,0.0,,0.0,0,0.0,0.0,,0.0,bidTooLow
2019-08-14,2630.0,-510.0,0.0,100,283.9,289.0,0,0.0,0.0,,0.0,0,0.0,0.0,,0.0,bidTooLow
2019-08-15,2630.0,-435.0,0.0,100,284.65,289.0,0,0.0,0.0,,0.0,0,0.0,0.0,,0.0,bidTooLow
2019-08-16,2630.0,-15.0,0.0,100,288.85,289.0,0,0.0,0.0,,0.0,0,0.0,0.0,,0.0,bidTooLow
2019-08-19,2630.0,333.0,0.0,100,292.33,289.0,0,0.0,0.0,,0.0,0,0.0,0.0,,0.0,bidTooLow
2019-08-20,2630.0,109.0,0.0,100,290.09,289.0,0,0.0,0.0,,0.0,0,0.0,0.0,,0.0,bidTooLow
2019-08-21,2630.0,345.0,0.0,100,292.45,289.0,0,0.0,0.0,,0.0,0,0.0,0.0,,0.0,bidTooLow
2019-08-22,2630.0,336.0,0.0,100,292.36,289.0,0,0.0,0.0,,0.0,0,0.0,0.0,,0.0,bidTooLow
2019-08-23,2630.0,-415.0,0.0,100,284.85,289.0,0,0.0,0.0,,0.0,0,0.0,0.0,,0.0,bidTooLow
2019-08-26,2630.0,-100.0,0.0,100,288.0,289.0,0,0.0,0.0,,0.0,0,0.0,0.0,,0.0,bidTooLow
2019-08-27,2630.0,-213.0,0.0,100,286.87,289.0,0,0.0,0.0,,0.0,0,0.0,0.0,,0.0,bidTooLow
2019-08-28,2630.0,-11.0,0.0,100,288.89,289.0,0,0.0,0.0,,0.0,0,0.0,0.0,,0.0,bidTooLow
2019-08-29,2630.0,358.0,0.0,100,292.58,289.0,0,0.0,0.0,,0.0,0,0.0,0.0,,0.0,bidTooLow
2019-08-30,2630.0,342.0,0.0,100,292.45,289.0,0,0.0,0.0,,0.0,1,0.06,0.09,SPY190903C00298000,298.0,normalDay
2019-09-03,2636.0,174.0,6.0,100,290.74,289.0,0,0.0,0.0,,0.0,1,0.06,0.0,SPY190903C00298000,298.0,expirationDay
2019-09-04,2636.0,501.0,0.0,100,294.04,289.0,0,0.0,0.0,,0.0,1,0.08,0.11,SPY190906C00298000,298.0,normalDay
2019-09-05,2636.0,824.0,0.0,100,297.82,289.0,0,0.0,0.0,,0.0,1,0.08,0.66,SPY190906C00298000,298.0,normalDay
2019-09-06,3544.0,824.0,908.0,0,298.05,0.0,0,0.0,0.0,,0.0,1,0.08,0.0,SPY190906C00298000,298.0,expirationDay
2019-09-09,3544.0,0.0,0.0,0,298.2,0.0,0,0.0,0.0,,0.0,0,0.0,0.0,,0.0,bidTooLow
2019-09-10,3544.0,0.0,0.0,0,298.13,0.0,0,0.0,0.0,,0.0,0,0.0,0.0,,0.0,bidTooLow
2019-09-11,3544.0,0.0,0.0,0,300.25,0.0,0,0.0,0.0,,0.0,0,0.0,0.0,,0.0,bidTooLow
2019-09-12,3544.0,0.0,0.0,0,301.29,0.0,0,0.0,0.0,,0.0,0,0.0,0.0,,0.0,bidTooLow
2019-09-13,3544.0,0.0,0.0,0,301.09,0.0,0,0.0,0.0,,0.0,0,0.0,0.0,,0.0,bidTooLow
2019-09-16,3544.0,-3.0,0.0,0,300.16,0.0,1,0.02,0.05,SPY190918P00289000,289.0,0,0.0,0.0,,0.0,normalDay
2019-09-17,3544.0,0.0,0.0,0,300.92,0.0,1,0.02,0.02,SPY190918P00289000,289.0,0,0.0,0.0,,0.0,normalDay
2019-09-18,3546.0,0.0,2.0,0,301.1,0.0,1,0.02,0.0,SPY190918P00289000,289.0,0,0.0,0.0,,0.0,expirationDay
2019-09-19,3546.0,-3.0,0.0,0,301.08,0.0,1,0.04,0.07,SPY190920P00290000,290.0,0,0.0,0.0,,0.0,normalDay
2019-09-20,3550.0,0.0,4.0,0,298.28,0.0,1,0.04,0.0,SPY190920P00290000,290.0,0,0.0,0.0,,0.0,expirationDay
2019-09-23,3550.0,-3.0,0.0,0,298.21,0.0,1,0.03,0.06,SPY190925P00291500,291.5,0,0.0,0.0,,0.0,normalDay
2019-09-24,3550.0,-12.0,0.0,0,295.87,0.0,1,0.03,0.15,SPY190925P00291500,291.5,0,0.0,0.0,,0.0,normalDay
2019-09-25,3553.0,0.0,3.0,0,297.62,0.0,1,0.03,0.0,SPY190925P00291500,291.5,0,0.0,0.0,,0.0,expirationDay
2019-09-26,3553.0,-3.0,0.0,0,297.0,0.0,1,0.19,0.22,SPY190927P00294500,294.5,0,0.0,0.0,,0.0,normalDay
2019-09-27,3572.0,0.0,19.0,0,295.4,0.0,1,0.19,0.0,SPY190927P00294500,294.5,0,0.0,0.0,,0.0,expirationDay
2019-09-30,3572.0,-4.0,0.0,0,296.77,0.0,1,0.58,0.62,SPY191002P00295500,295.5,0,0.0,0.0,,0.0,normalDay
2019-10-01,3572.0,-188.0,0.0,0,293.24,0.0,1,0.58,2.46,SPY191002P00295500,295.5,0,0.0,0.0,,0.0,normalDay
2019-10-02,3630.0,-744.0,58.0,100,288.06,295.5,1,0.58,0.0,SPY191002P00295500,295.5,0,0.0,0.0,,0.0,expirationDay
2019-10-03,3630.0,-508.0,0.0,100,290.42,295.5,0,0.0,0.0,,0.0,0,0.0,0.0,,0.0,bidTooLow
2019-10-04,3630.0,-115.0,0.0,100,294.35,295.5,0,0.0,0.0,,0.0,0,0.0,0.0,,0.0,bidTooLow
2019-10-07,3630.0,-242.0,0.0,100,293.08,295.5,0,0.0,0.0,,0.0,0,0.0,0.0,,0.0,bidTooLow
2019-10-08,3630.0,-697.0,0.0,100,288.53,295.5,0,0.0,0.0,,0.0,0,0.0,0.0,,0.0,bidTooLow
2019-10-09,3630.0,-423.0,0.0,100,291.27,295.5,0,0.0,0.0,,0.0,0,0.0,0.0,,0.0,bidTooLow
2019-10-10,3630.0,-226.0,0.0,100,293.24,295.5,0,0.0,0.0,,0.0,0,0.0,0.0,,0.0,bidTooLow
2019-10-11,3630.0,78.0,0.0,100,296.28,295.5,0,0.0,0.0,,0.0,0,0.0,0.0,,0.0,bidTooLow
2019-10-14,3630.0,45.0,0.0,100,295.95,295.5,0,0.0,0.0,,0.0,0,0.0,0.0,,0.0,bidTooLow
2019-10-15,3630.0,335.0,0.0,100,298.88,295.5,0,0.0,0.0,,0.0,1,0.03,0.06,SPY191018C00305000,305.0,normalDay
2019-10-16,3630.0,291.0,0.0,100,298.4,295.5,0,0.0,0.0,,0.0,1,0.03,0.02,SPY191018C00305000,305.0,normalDay
2019-10-17,3630.0,380.0,0.0,100,299.28,295.5,0,0.0,0.0,,0.0,1,0.03,0.01,SPY191018C00305000,305.0,normalDay
2019-10-18,3633.0,247.0,3.0,100,297.97,295.5,0,0.0,0.0,,0.0,1,0.03,0.0,SPY191018C00305000,305.0,expirationDay
2019-10-21,3633.0,446.0,0.0,100,299.99,295.5,0,0.0,0.0,,0.0,1,0.13,0.16,SPY191025C00304000,304.0,normalDay
2019-10-22,3633.0,358.0,0.0,100,299.01,295.5,0,0.0,0.0,,0.0,1,0.13,0.06,SPY191025C00304000,304.0,normalDay
2019-10-23,3633.0,447.0,0.0,100,299.88,295.5,0,0.0,0.0,,0.0,1,0.13,0.04,SPY191025C00304000,304.0,normalDay
2019-10-24,3633.0,498.0,0.0,100,300.37,295.5,0,0.0,0.0,,0.0,1,0.13,0.02,SPY191025C00304000,304.0,normalDay
2019-10-25,3646.0,610.0,13.0,100,301.6,295.5,0,0.0,0.0,,0.0,1,0.13,0.0,SPY191025C00304000,304.0,expirationDay
2019-10-28,3646.0,777.0,0.0,100,303.3,295.5,0,0.0,0.0,,0.0,1,0.12,0.15,SPY191101C00307500,307.5,normalDay
2019-10-29,3646.0,773.0,0.0,100,303.21,295.5,0,0.0,0.0,,0.0,1,0.12,0.1,SPY191101C00307500,307.5,normalDay
2019-10-30,3646.0,867.0,0.0,100,304.14,295.5,0,0.0,0.0,,0.0,1,0.12,0.09,SPY191101C00307500,307.5,normalDay
2019-10-31,3646.0,793.0,0.0,100,303.33,295.5,0,0.0,0.0,,0.0,1,0.12,0.02,SPY191101C00307500,307.5,normalDay
2019-11-01,3658.0,1064.0,12.0,100,306.14,295.5,0,0.0,0.0,,0.0,1,0.12,0.0,SPY191101C00307500,307.5,expirationDay
2019-11-04,3658.0,1184.0,0.0,100,307.37,295.5,0,0.0,0.0,,0.0,1,0.06,0.09,SPY191108C00312000,312.0,normalDay
2019-11-05,3658.0,1155.0,0.0,100,307.03,295.5,0,0.0,0.0,,0.0,1,0.06,0.04,SPY191108C00312000,312.0,normalDay
2019-11-06,3658.0,1164.0,0.0,100,307.1,295.5,0,0.0,0.0,,0.0,1,0.06,0.02,SPY191108C00312000,312.0,normalDay
2019-11-07,3658.0,1272.0,0.0,100,308.18,295.5,0,0.0,0.0,,0.0,1,0.06,0.02,SPY191108C00312000,312.0,normalDay
2019-11-08,3664.0,1344.0,6.0,100,308.94,295.5,0,0.0,0.0,,0.0,1,0.06,0.0,SPY191108C00312000,312.0,expirationDay
2019-11-11,3664.0,1282.0,0.0,100,308.35,295.5,0,0.0,0.0,,0.0,1,0.05,0.08,SPY191115C00313000,313.0,normalDay
2019-11-12,3664.0,1349.0,0.0,100,309.0,295.5,0,0.0,0.0,,0.0,1,0.05,0.06,SPY191115C00313000,313.0,normalDay
2019-11-13,3664.0,1362.0,0.0,100,309.1,295.5,0,0.0,0.0,,0.0,1,0.05,0.03,SPY191115C00313000,313.0,normalDay
2019-11-14,3664.0,1408.0,0.0,100,309.55,295.5,0,0.0,0.0,,0.0,1,0.05,0.02,SPY191115C00313000,313.0,normalDay
2019-11-15,3669.0,1629.0,5.0,100,311.79,295.5,0,0.0,0.0,,0.0,1,0.05,0.0,SPY191115C00313000,313.0,expirationDay
2019-11-18,3669.0,1649.0,0.0,100,312.02,295.5,0,0.0,0.0,,0.0,1,0.07,0.1,SPY191122C00316000,316.0,normalDay
2019-11-19,3669.0,1645.0,0.0,100,311.93,295.5,0,0.0,0.0,,0.0,1,0.07,0.05,SPY191122C00316000,316.0,normalDay
2019-11-20,3669.0,1533.0,0.0,100,310.77,295.5,0,0.0,0.0,,0.0,1,0.07,0.01,SPY191122C00316000,316.0,normalDay
2019-11-21,3669.0,1483.0,0.0,100,310.27,295.5,0,0.0,0.0,,0.0,1,0.07,0.01,SPY191122C00316000,316.0,normalDay
2019-11-22,3676.0,1546.0,7.0,100,310.96,295.5,0,0.0,0.0,,0.0,1,0.07,0.0,SPY191122C00316000,316.0,expirationDay
2019-11-25,3676.0,1784.0,0.0,100,313.37,295.5,0,0.0,0.0,,0.0,1,0.09,0.12,SPY191129C00316000,316.0,normalDay
2019-11-26,3676.0,1852.0,0.0,100,314.08,295.5,0,0.0,0.0,,0.0,1,0.09,0.15,SPY191129C00316000,316.0,normalDay
2019-11-27,3676.0,1978.0,0.0,100,315.48,295.5,0,0.0,0.0,,0.0,1,0.09,0.29,SPY191129C00316000,316.0,normalDay
2019-11-29,3685.0,1881.0,9.0,100,314.31,295.5,0,0.0,0.0,,0.0,1,0.09,0.0,SPY191129C00316000,316.0,expirationDay
2019-12-02,3685.0,1611.0,0.0,100,311.64,295.5,0,0.0,0.0,,0.0,1,0.05,0.08,SPY191206C00317000,317.0,normalDay
2019-12-03,3685.0,1408.0,0.0,100,309.55,295.5,0,0.0,0.0,,0.0,1,0.05,0.02,SPY191206C00317000,317.0,normalDay
2019-12-04,3685.0,1599.0,0.0,100,311.46,295.5,0,0.0,0.0,,0.0,1,0.05,0.02,SPY191206C00317000,317.0,normalDay
2019-12-05,3685.0,1656.0,0.0,100,312.02,295.5,0,0.0,0.0,,0.0,1,0.05,0.01,SPY191206C00317000,317.0,normalDay
2019-12-06,3690.0,1937.0,5.0,100,314.87,295.5,0,0.0,0.0,,0.0,1,0.05,0.0,SPY191206C00317000,317.0,expirationDay
2019-12-09,3690.0,1835.0,0.0,100,313.88,295.5,0,0.0,0.0,,0.0,1,0.34,0.37,SPY191213C00317000,317.0,normalDay
2019-12-10,3690.0,1808.0,0.0,100,313.53,295.5,0,0.0,0.0,,0.0,1,0.34,0.29,SPY191213C00317000,317.0,normalDay
2019-12-11,3690.0,1902.0,0.0,100,314.42,295.5,0,0.0,0.0,,0.0,1,0.34,0.24,SPY191213C00317000,317.0,normalDay
2019-12-12,3690.0,2098.0,0.0,100,317.13,295.5,0,0.0,0.0,,0.0,1,0.34,0.99,SPY191213C00317000,317.0,normalDay
2019-12-13,5874.0,2098.0,2184.0,0,317.32,0.0,0,0.0,0.0,,0.0,1,0.34,0.0,SPY191213C00317000,317.0,expirationDay
2019-12-16,5874.0,-3.0,0.0,0,319.5,0.0,1,0.05,0.08,SPY191218P00311000,311.0,0,0.0,0.0,,0.0,normalDay
2019-12-17,5874.0,3.0,0.0,0,319.57,0.0,1,0.05,0.02,SPY191218P00311000,311.0,0,0.0,0.0,,0.0,normalDay
2019-12-18,5879.0,0.0,5.0,0,319.59,0.0,1,0.05,0.0,SPY191218P00311000,311.0,0,0.0,0.0,,0.0,expirationDay
2019-12-19,5879.0,-3.0,0.0,0,320.9,0.0,1,0.01,0.04,SPY191220P00311500,311.5,0,0.0,0.0,,0.0,normalDay
2019-12-20,5880.0,0.0,1.0,0,320.73,0.0,1,0.01,0.0,SPY191220P00311500,311.5,0,0.0,0.0,,0.0,expirationDay
2019-12-23,5880.0,0.0,0.0,0,321.22,0.0,0,0.0,0.0,,0.0,0,0.0,0.0,,0.0,bidTooLow
2019-12-24,5880.0,0.0,0.0,0,321.23,0.0,0,0.0,0.0,,0.0,0,0.0,0.0,,0.0,bidTooLow
2019-12-26,5880.0,0.0,0.0,0,322.94,0.0,0,0.0,0.0,,0.0,0,0.0,0.0,,0.0,bidTooLow
2019-12-27,5880.0,0.0,0.0,0,322.86,0.0,0,0.0,0.0,,0.0,0,0.0,0.0,,0.0,bidTooLow
2019-12-30,5880.0,0.0,0.0,0,321.08,0.0,0,0.0,0.0,,0.0,0,0.0,0.0,,0.0,bidTooLow
2019-12-31,5880.0,0.0,0.0,0,321.86,0.0,0,0.0,0.0,,0.0,0,0.0,0.0,,0.0,bidTooLow
2020-01-02,5880.0,0.0,0.0,0,324.87,0.0,0,0.0,0.0,,0.0,0,0.0,0.0,,0.0,bidTooLow
2020-01-03,5880.0,0.0,0.0,0,322.41,0.0,0,0.0,0.0,,0.0,0,0.0,0.0,,0.0,bidTooLow
2020-01-06,5880.0,-3.0,0.0,0,323.64,0.0,1,0.02,0.05,SPY200108P00316000,316.0,0,0.0,0.0,,0.0,normalDay
2020-01-07,5880.0,0.0,0.0,0,322.73,0.0,1,0.02,0.02,SPY200108P00316000,316.0,0,0.0,0.0,,0.0,normalDay
2020-01-08,5882.0,0.0,2.0,0,324.45,0.0,1,0.02,0.0,SPY200108P00316000,316.0,0,0.0,0.0,,0.0,expirationDay
2020-01-09,5882.0,0.0,0.0,0,326.65,0.0,0,0.0,0.0,,0.0,0,0.0,0.0,,0.0,bidTooLow
2020-01-10,5882.0,0.0,0.0,0,325.71,0.0,0,0.0,0.0,,0.0,0,0.0,0.0,,0.0,bidTooLow
2020-01-13,5882.0,-3.0,0.0,0,327.95,0.0,1,0.01,0.04,SPY200115P00319500,319.5,0,0.0,0.0,,0.0,normalDay
2020-01-14,5882.0,-1.0,0.0,0,327.45,0.0,1,0.01,0.02,SPY200115P00319500,319.5,0,0.0,0.0,,0.0,normalDay
2020-01-15,5883.0,0.0,1.0,0,328.19,0.0,1,0.01,0.0,SPY200115P00319500,319.5,0,0.0,0.0,,0.0,expirationDay
2020-01-16,5883.0,0.0,0.0,0,330.92,0.0,0,0.0,0.0,,0.0,0,0.0,0.0,,0.0,bidTooLow
2020-01-17,5883.0,0.0,0.0,0,331.95,0.0,0,0.0,0.0,,0.0,0,0.0,0.0,,0.0,bidTooLow
2020-01-21,5883.0,0.0,0.0,0,331.3,0.0,0,0.0,0.0,,0.0,0,0.0,0.0,,0.0,bidTooLow
2020-01-22,5883.0,0.0,0.0,0,331.34,0.0,0,0.0,0.0,,0.0,0,0.0,0.0,,0.0,bidTooLow
2020-01-23,5883.0,0.0,0.0,0,331.72,0.0,0,0.0,0.0,,0.0,0,0.0,0.0,,0.0,bidTooLow
2020-01-24,5883.0,0.0,0.0,0,328.77,0.0,0,0.0,0.0,,0.0,0,0.0,0.0,,0.0,bidTooLow
2020-01-27,5883.0,-5.0,0.0,0,323.5,0.0,1,1.94,1.99,SPY200129P00323000,323.0,0,0.0,0.0,,0.0,normalDay
2020-01-28,5883.0,162.0,0.0,0,326.89,0.0,1,1.94,0.32,SPY200129P00323000,323.0,0,0.0,0.0,,0.0,normalDay
2020-01-29,6077.0,0.0,194.0,0,326.62,0.0,1,1.94,0.0,SPY200129P00323000,323.0,0,0.0,0.0,,0.0,expirationDay
2020-01-30,6077.0,-3.0,0.0,0,327.68,0.0,1,0.11,0.14,SPY200131P00324000,324.0,0,0.0,0.0,,0.0,normalDay
2020-01-31,6088.0,-227.0,11.0,100,321.73,324.0,1,0.11,0.0,SPY200131P00324000,324.0,0,0.0,0.0,,0.0,expirationDay
2020-02-03,6088.0,12.0,0.0,100,324.12,324.0,0,0.0,0.0,,0.0,0,0.0,0.0,,0.0,bidTooLow
2020-02-04,6088.0,503.0,0.0,100,329.06,324.0,0,0.0,0.0,,0.0,1,0.08,0.11,SPY200207C00335000,335.0,normalDay
2020-02-05,6088.0,853.0,0.0,100,332.86,324.0,0,0.0,0.0,,0.0,1,0.08,0.41,SPY200207C00335000,335.0,normalDay
2020-02-06,6088.0,974.0,0.0,100,333.98,324.0,0,0.0,0.0,,0.0,1,0.08,0.32,SPY200207C00335000,335.0,normalDay
2020-02-07,6096.0,820.0,8.0,100,332.2,324.0,0,0.0,0.0,,0.0,1,0.08,0.0,SPY200207C00335000,335.0,expirationDay
2020-02-10,6096.0,1065.0,0.0,100,334.68,324.0,0,0.0,0.0,,0.0,1,0.37,0.4,SPY200214C00338000,338.0,normalDay
2020-02-11,6096.0,1123.0,0.0,100,335.26,324.0,0,0.0,0.0,,0.0,1,0.37,0.4,SPY200214C00338000,338.0,normalDay
2020-02-12,6096.0,1304.0,0.0,100,337.42,324.0,0,0.0,0.0,,0.0,1,0.37,0.75,SPY200214C00338000,338.0,normalDay
2020-02-13,6096.0,1294.0,0.0,100,337.06,324.0,0,0.0,0.0,,0.0,1,0.37,0.49,SPY200214C00338000,338.0,normalDay
2020-02-14,6133.0,1360.0,37.0,100,337.6,324.0,0,0.0,0.0,,0.0,1,0.37,0.0,SPY200214C00338000,338.0,expirationDay
2020-02-18,6133.0,1273.0,0.0,100,336.73,324.0,0,0.0,0.0,,0.0,0,0.0,0.0,,0.0,bidTooLow
2020-02-19,6133.0,1434.0,0.0,100,338.34,324.0,0,0.0,0.0,,0.0,0,0.0,0.0,,0.0,bidTooLow
2020-02-20,6133.0,1295.0,0.0,100,336.95,324.0,0,0.0,0.0,,0.0,0,0.0,0.0,,0.0,bidTooLow
2020-02-21,6133.0,948.0,0.0,100,333.48,324.0,0,0.0,0.0,,0.0,0,0.0,0.0,,0.0,bidTooLow
2020-02-24,6133.0,-158.0,0.0,100,322.42,324.0,0,0.0,0.0,,0.0,0,0.0,0.0,,0.0,bidTooLow
2020-02-25,6133.0,-1135.0,0.0,100,312.65,324.0,0,0.0,0.0,,0.0,0,0.0,0.0,,0.0,bidTooLow
2020-02-26,6133.0,-1250.0,0.0,100,311.5,324.0,0,0.0,0.0,,0.0,0,0.0,0.0,,0.0,bidTooLow
2020-02-27,6133.0,-2649.0,0.0,100,297.51,324.0,0,0.0,0.0,,0.0,0,0.0,0.0,,0.0,bidTooLow
2020-02-28,6133.0,-2774.0,0.0,100,296.26,324.0,0,0.0,0.0,,0.0,0,0.0,0.0,,0.0,bidTooLow
2020-03-02,6133.0,-1491.0,0.0,100,309.09,324.0,0,0.0,0.0,,0.0,0,0.0,0.0,,0.0,bidTooLow
2020-03-03,6133.0,-2376.0,0.0,100,300.24,324.0,0,0.0,0.0,,0.0,0,0.0,0.0,,0.0,bidTooLow
2020-03-04,6133.0,-1114.0,0.0,100,312.86,324.0,0,0.0,0.0,,0.0,0,0.0,0.0,,0.0,bidTooLow
2020-03-05,6133.0,-2154.0,0.0,100,302.46,324.0,0,0.0,0.0,,0.0,0,0.0,0.0,,0.0,bidTooLow
2020-03-06,6133.0,-2654.0,0.0,100,297.46,324.0,0,0.0,0.0,,0.0,0,0.0,0.0,,0.0,bidTooLow
2020-03-09,6133.0,-4977.0,0.0,100,274.23,324.0,0,0.0,0.0,,0.0,0,0.0,0.0,,0.0,bidTooLow
2020-03-10,6133.0,-3558.0,0.0,100,288.42,324.0,0,0.0,0.0,,0.0,0,0.0,0.0,,0.0,bidTooLow
2020-03-11,6133.0,-4964.0,0.0,100,274.36,324.0,0,0.0,0.0,,0.0,0,0.0,0.0,,0.0,bidTooLow
2020-03-12,6133.0,-7589.0,0.0,100,248.11,324.0,0,0.0,0.0,,0.0,0,0.0,0.0,,0.0,bidTooLow
2020-03-13,6133.0,-5468.0,0.0,100,269.32,324.0,0,0.0,0.0,,0.0,0,0.0,0.0,,0.0,bidTooLow
2020-03-16,6133.0,-8415.0,0.0,100,239.85,324.0,0,0.0,0.0,,0.0,0,0.0,0.0,,0.0,bidTooLow
2020-03-17,6133.0,-7120.0,0.0,100,252.8,324.0,0,0.0,0.0,,0.0,0,0.0,0.0,,0.0,bidTooLow
2020-03-18,6133.0,-8400.0,0.0,100,240.0,324.0,0,0.0,0.0,,0.0,0,0.0,0.0,,0.0,bidTooLow
2020-03-19,6133.0,-8349.0,0.0,100,240.51,324.0,0,0.0,0.0,,0.0,0,0.0,0.0,,0.0,bidTooLow
2020-03-20,6133.0,-9520.0,0.0,100,228.8,324.0,0,0.0,0.0,,0.0,0,0.0,0.0,,0.0,bidTooLow
2020-03-23,6133.0,-10105.0,0.0,100,222.95,324.0,0,0.0,0.0,,0.0,0,0.0,0.0,,0.0,bidTooLow
2020-03-24,6133.0,-8085.0,0.0,100,243.15,324.0,0,0.0,0.0,,0.0,0,0.0,0.0,,0.0,bidTooLow
2020-03-25,6133.0,-7721.0,0.0,100,246.79,324.0,0,0.0,0.0,,0.0,0,0.0,0.0,,0.0,bidTooLow
2020-03-26,6133.0,-6280.0,0.0,100,261.2,324.0,0,0.0,0.0,,0.0,0,0.0,0.0,,0.0,bidTooLow
2020-03-27,6133.0,-7058.0,0.0,100,253.42,324.0,0,0.0,0.0,,0.0,0,0.0,0.0,,0.0,bidTooLow
2020-03-30,6133.0,-6235.0,0.0,100,261.65,324.0,0,0.0,0.0,,0.0,0,0.0,0.0,,0.0,bidTooLow
2020-03-31,6133.0,-6625.0,0.0,100,257.75,324.0,0,0.0,0.0,,0.0,0,0.0,0.0,,0.0,bidTooLow
2020-04-01,6133.0,-7785.0,0.0,100,246.15,324.0,0,0.0,0.0,,0.0,0,0.0,0.0,,0.0,bidTooLow
2020-04-02,6133.0,-7217.0,0.0,100,251.83,324.0,0,0.0,0.0,,0.0,0,0.0,0.0,,0.0,bidTooLow
2020-04-03,6133.0,-7581.0,0.0,100,248.19,324.0,0,0.0,0.0,,0.0,0,0.0,0.0,,0.0,bidTooLow
2020-04-06,6133.0,-5914.0,0.0,100,264.86,324.0,0,0.0,0.0,,0.0,0,0.0,0.0,,0.0,bidTooLow
2020-04-07,6133.0,-5890.0,0.0,100,265.13,324.0,0,0.0,0.0,,0.0,1,0.07,0.1,SPY200409C00285000,285.0,normalDay
2020-04-08,6133.0,-5006.0,0.0,100,274.03,324.0,0,0.0,0.0,,0.0,1,0.07,0.16,SPY200409C00285000,285.0,normalDay
2020-04-09,6140.0,-4580.0,7.0,100,278.2,324.0,0,0.0,0.0,,0.0,1,0.07,0.0,SPY200409C00285000,285.0,expirationDay
2020-04-13,6140.0,-4838.0,0.0,100,275.66,324.0,0,0.0,0.0,,0.0,1,0.35,0.39,SPY200417C00291000,291.0,normalDay
2020-04-14,6140.0,-4109.0,0.0,100,283.79,324.0,0,0.0,0.0,,0.0,1,0.35,1.23,SPY200417C00291000,291.0,normalDay
2020-04-15,6140.0,-4611.0,0.0,100,277.76,324.0,0,0.0,0.0,,0.0,1,0.35,0.22,SPY200417C00291000,291.0,normalDay
2020-04-16,6140.0,-4461.0,0.0,100,279.1,324.0,0,0.0,0.0,,0.0,1,0.35,0.06,SPY200417C00291000,291.0,normalDay
2020-04-17,6175.0,-3736.0,35.0,100,286.64,324.0,0,0.0,0.0,,0.0,1,0.35,0.0,SPY200417C00291000,291.0,expirationDay
2020-04-20,6175.0,-4241.0,0.0,100,281.59,324.0,0,0.0,0.0,,0.0,0,0.0,0.0,,0.0,bidTooLow
2020-04-21,6175.0,-5096.0,0.0,100,273.04,324.0,0,0.0,0.0,,0.0,0,0.0,0.0,,0.0,bidTooLow
2020-04-22,6175.0,-4490.0,0.0,100,279.1,324.0,0,0.0,0.0,,0.0,0,0.0,0.0,,0.0,bidTooLow
2020-04-23,6175.0,-4492.0,0.0,100,279.08,324.0,0,0.0,0.0,,0.0,0,0.0,0.0,,0.0,bidTooLow
2020-04-24,6175.0,-4103.0,0.0,100,282.97,324.0,0,0.0,0.0,,0.0,0,0.0,0.0,,0.0,bidTooLow
2020-04-27,6175.0,-3698.0,0.0,100,287.05,324.0,0,0.0,0.0,,0.0,1,0.03,0.06,SPY200501C00305000,305.0,normalDay
2020-04-28,6175.0,-3827.0,0.0,100,285.73,324.0,0,0.0,0.0,,0.0,1,0.03,0.03,SPY200501C00305000,305.0,normalDay
2020-04-29,6175.0,-3084.0,0.0,100,293.21,324.0,0,0.0,0.0,,0.0,1,0.03,0.08,SPY200501C00305000,305.0,normalDay
2020-04-30,6175.0,-3351.0,0.0,100,290.48,324.0,0,0.0,0.0,,0.0,1,0.03,0.02,SPY200501C00305000,305.0,normalDay
2020-05-01,6178.0,-4121.0,3.0,100,282.79,324.0,0,0.0,0.0,,0.0,1,0.03,0.0,SPY200501C00305000,305.0,expirationDay
2020-05-04,6178.0,-4046.0,0.0,100,283.57,324.0,0,0.0,0.0,,0.0,1,0.05,0.08,SPY200508C00299000,299.0,normalDay
2020-05-05,6178.0,-3785.0,0.0,100,286.19,324.0,0,0.0,0.0,,0.0,1,0.05,0.09,SPY200508C00299000,299.0,normalDay
2020-05-06,6178.0,-3973.0,0.0,100,284.25,324.0,0,0.0,0.0,,0.0,1,0.05,0.03,SPY200508C00299000,299.0,normalDay
2020-05-07,6178.0,-3628.0,0.0,100,287.68,324.0,0,0.0,0.0,,0.0,1,0.05,0.01,SPY200508C00299000,299.0,normalDay
2020-05-08,6183.0,-3156.0,5.0,100,292.44,324.0,0,0.0,0.0,,0.0,1,0.05,0.0,SPY200508C00299000,299.0,expirationDay
2020-05-11,6183.0,-3153.0,0.0,100,292.5,324.0,0,0.0,0.0,,0.0,1,0.69,0.72,SPY200515C00298000,298.0,normalDay
2020-05-12,6183.0,-3682.0,0.0,100,286.67,324.0,0,0.0,0.0,,0.0,1,0.69,0.18,SPY200515C00298000,298.0,normalDay
2020-05-13,6183.0,-4175.0,0.0,100,281.6,324.0,0,0.0,0.0,,0.0,1,0.69,0.04,SPY200515C00298000,298.0,normalDay
2020-05-14,6183.0,-3836.0,0.0,100,284.97,324.0,0,0.0,0.0,,0.0,1,0.69,0.02,SPY200515C00298000,298.0,normalDay
2020-05-15,6252.0,-3772.0,69.0,100,286.28,324.0,0,0.0,0.0,,0.0,1,0.69,0.0,SPY200515C00298000,298.0,expirationDay
2020-05-18,6252.0,-2904.0,0.0,100,295.0,324.0,0,0.0,0.0,,0.0,1,1.07,1.11,SPY200522C00300000,300.0,normalDay
2020-05-19,6252.0,-3145.0,0.0,100,291.97,324.0,0,0.0,0.0,,0.0,1,1.07,0.49,SPY200522C00300000,300.0,normalDay
2020-05-20,6252.0,-2703.0,0.0,100,296.93,324.0,0,0.0,0.0,,0.0,1,1.07,1.03,SPY200522C00300000,300.0,normalDay
2020-05-21,6252.0,-2821.0,0.0,100,294.88,324.0,0,0.0,0.0,,0.0,1,1.07,0.16,SPY200522C00300000,300.0,normalDay
2020-05-22,6359.0,-2856.0,107.0,100,295.44,324.0,0,0.0,0.0,,0.0,1,1.07,0.0,SPY200522C00300000,300.0,expirationDay
2020-05-26,6359.0,-2496.0,0.0,100,299.08,324.0,0,0.0,0.0,,0.0,1,0.92,0.96,SPY200529C00303000,303.0,normalDay
2020-05-27,6359.0,-2212.0,0.0,100,303.53,324.0,0,0.0,0.0,,0.0,1,0.92,2.57,SPY200529C00303000,303.0,normalDay
2020-05-28,6359.0,-2227.0,0.0,100,302.97,324.0,0,0.0,0.0,,0.0,1,0.92,2.16,SPY200529C00303000,303.0,normalDay
2020-05-29,4351.0,-2227.0,-2008.0,0,304.32,0.0,0,0.0,0.0,,0.0,1,0.92,0.0,SPY200529C00303000,303.0,expirationDay
2020-06-01,4351.0,0.0,0.0,0,305.55,0.0,0,0.0,0.0,,0.0,0,0.0,0.0,,0.0,bidTooLow
2020-06-02,4351.0,0.0,0.0,0,308.08,0.0,0,0.0,0.0,,0.0,0,0.0,0.0,,0.0,bidTooLow
2020-06-03,4351.0,0.0,0.0,0,312.18,0.0,0,0.0,0.0,,0.0,0,0.0,0.0,,0.0,bidTooLow
2020-06-04,4351.0,0.0,0.0,0,311.36,0.0,0,0.0,0.0,,0.0,0,0.0,0.0,,0.0,bidTooLow
2020-06-05,4351.0,0.0,0.0,0,319.34,0.0,0,0.0,0.0,,0.0,0,0.0,0.0,,0.0,bidTooLow
2020-06-08,4351.0,0.0,0.0,0,323.2,0.0,0,0.0,0.0,,0.0,0,0.0,0.0,,0.0,bidTooLow
2020-06-09,4351.0,0.0,0.0,0,320.79,0.0,0,0.0,0.0,,0.0,0,0.0,0.0,,0.0,bidTooLow
2020-06-10,4351.0,0.0,0.0,0,319.0,0.0,0,0.0,0.0,,0.0,0,0.0,0.0,,0.0,bidTooLow
2020-06-11,4351.0,-3.0,0.0,0,300.61,0.0,1,0.78,0.81,SPY200612P00293000,293.0,0,0.0,0.0,,0.0,normalDay
2020-06-12,4429.0,0.0,78.0,0,304.21,0.0,1,0.78,0.0,SPY200612P00293000,293.0,0,0.0,0.0,,0.0,expirationDay
2020-06-15,4429.0,-3.0,0.0,0,307.05,0.0,1,0.55,0.58,SPY200617P00296000,296.0,0,0.0,0.0,,0.0,normalDay
2020-06-16,4429.0,49.0,0.0,0,312.96,0.0,1,0.55,0.06,SPY200617P00296000,296.0,0,0.0,0.0,,0.0,normalDay
2020-06-17,4484.0,0.0,55.0,0,311.66,0.0,1,0.55,0.0,SPY200617P00296000,296.0,0,0.0,0.0,,0.0,expirationDay
2020-06-18,4484.0,-3.0,0.0,0,311.78,0.0,1,0.13,0.16,SPY200619P00300000,300.0,0,0.0,0.0,,0.0,normalDay
2020-06-19,4497.0,0.0,13.0,0,308.64,0.0,1,0.13,0.0,SPY200619P00300000,300.0,0,0.0,0.0,,0.0,expirationDay
2020-06-22,4497.0,-3.0,0.0,0,310.62,0.0,1,0.55,0.58,SPY200624P00303000,303.0,0,0.0,0.0,,0.0,normalDay
2020-06-23,4497.0,42.0,0.0,0,312.05,0.0,1,0.55,0.13,SPY200624P00303000,303.0,0,0.0,0.0,,0.0,normalDay
2020-06-24,4552.0,0.0,55.0,0,304.09,0.0,1,0.55,0.0,SPY200624P00303000,303.0,0,0.0,0.0,,0.0,expirationDay
2020-06-25,4552.0,-4.0,0.0,0,307.35,0.0,1,0.95,0.99,SPY200626P00305000,305.0,0,0.0,0.0,,0.0,normalDay
2020-06-26,4647.0,-495.0,95.0,100,300.05,305.0,1,0.95,0.0,SPY200626P00305000,305.0,0,0.0,0.0,,0.0,expirationDay
2020-06-29,4647.0,-54.0,0.0,100,304.46,305.0,0,0.0,0.0,,0.0,0,0.0,0.0,,0.0,bidTooLow
2020-06-30,4647.0,336.0,0.0,100,308.36,305.0,0,0.0,0.0,,0.0,0,0.0,0.0,,0.0,bidTooLow
2020-07-01,4647.0,552.0,0.0,100,310.52,305.0,0,0.0,0.0,,0.0,0,0.0,0.0,,0.0,bidTooLow
2020-07-02,4647.0,723.0,0.0,100,312.23,305.0,0,0.0,0.0,,0.0,0,0.0,0.0,,0.0,bidTooLow
2020-07-06,4647.0,1202.0,0.0,100,317.05,305.0,0,0.0,0.0,,0.0,1,0.18,0.21,SPY200710C00327000,327.0,normalDay
2020-07-07,4647.0,890.0,0.0,100,313.78,305.0,0,0.0,0.0,,0.0,1,0.18,0.06,SPY200710C00327000,327.0,normalDay
2020-07-08,4647.0,1133.0,0.0,100,316.18,305.0,0,0.0,0.0,,0.0,1,0.18,0.03,SPY200710C00327000,327.0,normalDay
2020-07-09,4647.0,955.0,0.0,100,314.38,305.0,0,0.0,0.0,,0.0,1,0.18,0.01,SPY200710C00327000,327.0,normalDay
2020-07-10,4665.0,1259.0,18.0,100,317.59,305.0,0,0.0,0.0,,0.0,1,0.18,0.0,SPY200710C00327000,327.0,expirationDay
2020-07-13,4665.0,981.0,0.0,100,314.84,305.0,0,0.0,0.0,,0.0,1,0.63,0.66,SPY200717C00323000,323.0,normalDay
2020-07-14,4665.0,1340.0,0.0,100,318.92,305.0,0,0.0,0.0,,0.0,1,0.63,1.15,SPY200717C00323000,323.0,normalDay
2020-07-15,4665.0,1580.0,0.0,100,321.85,305.0,0,0.0,0.0,,0.0,1,0.63,1.68,SPY200717C00323000,323.0,normalDay
2020-07-16,4665.0,1601.0,0.0,100,320.79,305.0,0,0.0,0.0,,0.0,1,0.63,0.41,SPY200717C00323000,323.0,normalDay
2020-07-17,4728.0,1672.0,63.0,100,321.72,305.0,0,0.0,0.0,,0.0,1,0.63,0.0,SPY200717C00323000,323.0,expirationDay
2020-07-20,4728.0,1929.0,0.0,100,324.32,305.0,0,0.0,0.0,,0.0,1,0.44,0.47,SPY200724C00331000,331.0,normalDay
2020-07-21,4728.0,2005.0,0.0,100,325.01,305.0,0,0.0,0.0,,0.0,1,0.44,0.4,SPY200724C00331000,331.0,normalDay
2020-07-22,4728.0,2196.0,0.0,100,326.86,305.0,0,0.0,0.0,,0.0,1,0.44,0.34,SPY200724C00331000,331.0,normalDay
2020-07-23,4728.0,1837.0,0.0,100,322.96,305.0,0,0.0,0.0,,0.0,1,0.44,0.03,SPY200724C00331000,331.0,normalDay
2020-07-24,4772.0,1588.0,44.0,100,320.88,305.0,0,0.0,0.0,,0.0,1,0.44,0.0,SPY200724C00331000,331.0,expirationDay
2020-07-27,4772.0,1819.0,0.0,100,323.22,305.0,0,0.0,0.0,,0.0,1,0.07,0.1,SPY200731C00333000,333.0,normalDay
2020-07-28,4772.0,1620.0,0.0,100,321.17,305.0,0,0.0,0.0,,0.0,1,0.07,0.04,SPY200731C00333000,333.0,normalDay
2020-07-29,4772.0,2014.0,0.0,100,325.12,305.0,0,0.0,0.0,,0.0,1,0.07,0.05,SPY200731C00333000,333.0,normalDay
2020-07-30,4772.0,1901.0,0.0,100,323.96,305.0,0,0.0,0.0,,0.0,1,0.07,0.02,SPY200731C00333000,333.0,normalDay
2020-07-31,4779.0,2152.0,7.0,100,326.52,305.0,0,0.0,0.0,,0.0,1,0.07,0.0,SPY200731C00333000,333.0,expirationDay
2020-08-03,4779.0,2375.0,0.0,100,328.79,305.0,0,0.0,0.0,,0.0,1,0.7,0.74,SPY200807C00333000,333.0,normalDay
2020-08-04,4779.0,2497.0,0.0,100,330.06,305.0,0,0.0,0.0,,0.0,1,0.7,0.79,SPY200807C00333000,333.0,normalDay
2020-08-05,4779.0,2670.0,0.0,100,332.11,305.0,0,0.0,0.0,,0.0,1,0.7,1.11,SPY200807C00333000,333.0,normalDay
2020-08-06,4779.0,2780.0,0.0,100,334.33,305.0,0,0.0,0.0,,0.0,1,0.7,2.23,SPY200807C00333000,333.0,normalDay
2020-08-07,7649.0,2780.0,2870.0,0,334.57,0.0,0,0.0,0.0,,0.0,1,0.7,0.0,SPY200807C00333000,333.0,expirationDay
2020-08-10,7649.0,-3.0,0.0,0,335.57,0.0,1,0.03,0.06,SPY200812P00321000,321.0,0,0.0,0.0,,0.0,normalDay
2020-08-11,7649.0,-8.0,0.0,0,332.8,0.0,1,0.03,0.11,SPY200812P00321000,321.0,0,0.0,0.0,,0.0,normalDay
2020-08-12,7652.0,0.0,3.0,0,337.44,0.0,1,0.03,0.0,SPY200812P00321000,321.0,0,0.0,0.0,,0.0,expirationDay
2020-08-13,7652.0,-3.0,0.0,0,336.83,0.0,1,0.01,0.04,SPY200814P00323000,323.0,0,0.0,0.0,,0.0,normalDay
2020-08-14,7653.0,0.0,1.0,0,336.84,0.0,1,0.01,0.0,SPY200814P00323000,323.0,0,0.0,0.0,,0.0,expirationDay
2020-08-17,7653.0,-3.0,0.0,0,337.91,0.0,1,0.02,0.05,SPY200819P00324000,324.0,0,0.0,0.0,,0.0,normalDay
2020-08-18,7653.0,-1.0,0.0,0,338.64,0.0,1,0.02,0.03,SPY200819P00324000,324.0,0,0.0,0.0,,0.0,normalDay
2020-08-19,7655.0,0.0,2.0,0,337.23,0.0,1,0.02,0.0,SPY200819P00324000,324.0,0,0.0,0.0,,0.0,expirationDay
2020-08-20,7655.0,-3.0,0.0,0,338.28,0.0,1,0.02,0.05,SPY200821P00325000,325.0,0,0.0,0.0,,0.0,normalDay
2020-08-21,7657.0,0.0,2.0,0,339.48,0.0,1,0.02,0.0,SPY200821P00325000,325.0,0,0.0,0.0,,0.0,expirationDay
2020-08-24,7657.0,-3.0,0.0,0,342.92,0.0,1,0.04,0.07,SPY200826P00328000,328.0,0,0.0,0.0,,0.0,normalDay
2020-08-25,7657.0,2.0,0.0,0,344.12,0.0,1,0.04,0.02,SPY200826P00328000,328.0,0,0.0,0.0,,0.0,normalDay
2020-08-26,7661.0,0.0,4.0,0,347.57,0.0,1,0.04,0.0,SPY200826P00328000,328.0,0,0.0,0.0,,0.0,expirationDay
2020-08-27,7661.0,-3.0,0.0,0,348.33,0.0,1,0.01,0.04,SPY200828P00331000,331.0,0,0.0,0.0,,0.0,normalDay
2020-08-28,7662.0,0.0,1.0,0,350.58,0.0,1,0.01,0.0,SPY200828P00331000,331.0,0,0.0,0.0,,0.0,expirationDay
2020-08-31,7662.0,-3.0,0.0,0,349.31,0.0,1,0.06,0.09,SPY200902P00333000,333.0,0,0.0,0.0,,0.0,normalDay
2020-09-01,7662.0,4.0,0.0,0,352.6,0.0,1,0.06,0.02,SPY200902P00333000,333.0,0,0.0,0.0,,0.0,normalDay
2020-09-02,7668.0,0.0,6.0,0,357.7,0.0,1,0.06,0.0,SPY200902P00333000,333.0,0,0.0,0.0,,0.0,expirationDay
2020-09-03,7668.0,-5.0,0.0,0,345.39,0.0,1,0.21,0.26,SPY200904P00335000,335.0,0,0.0,0.0,,0.0,normalDay
2020-09-04,7689.0,0.0,21.0,0,342.57,0.0,1,0.21,0.0,SPY200904P00335000,335.0,0,0.0,0.0,,0.0,expirationDay
2020-09-08,7689.0,-15.0,0.0,0,333.21,0.0,1,3.85,4.0,SPY200909P00336000,336.0,0,0.0,0.0,,0.0,normalDay
2020-09-09,8074.0,0.0,385.0,0,339.79,0.0,1,3.85,0.0,SPY200909P00336000,336.0,0,0.0,0.0,,0.0,expirationDay
2020-09-10,8074.0,-8.0,0.0,0,333.89,0.0,1,3.18,3.26,SPY200911P00336000,336.0,0,0.0,0.0,,0.0,normalDay
2020-09-11,8392.0,-194.0,318.0,100,334.06,336.0,1,3.18,0.0,SPY200911P00336000,336.0,0,0.0,0.0,,0.0,expirationDay
2020-09-14,8392.0,246.0,0.0,100,338.46,336.0,0,0.0,0.0,,0.0,0,0.0,0.0,,0.0,bidTooLow
2020-09-15,8392.0,417.0,0.0,100,340.17,336.0,0,0.0,0.0,,0.0,0,0.0,0.0,,0.0,bidTooLow
2020-09-16,8392.0,282.0,0.0,100,338.82,336.0,0,0.0,0.0,,0.0,0,0.0,0.0,,0.0,bidTooLow
2020-09-17,8392.0,-16.0,0.0,100,335.84,336.0,0,0.0,0.0,,0.0,0,0.0,0.0,,0.0,bidTooLow
2020-09-18,8392.0,-535.0,0.0,100,330.65,336.0,0,0.0,0.0,,0.0,0,0.0,0.0,,0.0,bidTooLow
2020-09-21,8392.0,-903.0,0.0,100,326.97,336.0,0,0.0,0.0,,0.0,0,0.0,0.0,,0.0,bidTooLow
2020-09-22,8392.0,-570.0,0.0,100,330.3,336.0,0,0.0,0.0,,0.0,0,0.0,0.0,,0.0,bidTooLow
2020-09-23,8392.0,-1336.0,0.0,100,322.64,336.0,0,0.0,0.0,,0.0,0,0.0,0.0,,0.0,bidTooLow
2020-09-24,8392.0,-1250.0,0.0,100,323.5,336.0,0,0.0,0.0,,0.0,0,0.0,0.0,,0.0,bidTooLow
2020-09-25,8392.0,-727.0,0.0,100,328.73,336.0,0,0.0,0.0,,0.0,0,0.0,0.0,,0.0,bidTooLow
2020-09-28,8392.0,-181.0,0.0,100,334.19,336.0,0,0.0,0.0,,0.0,0,0.0,0.0,,0.0,bidTooLow
2020-09-29,8392.0,-363.0,0.0,100,332.37,336.0,0,0.0,0.0,,0.0,0,0.0,0.0,,0.0,bidTooLow
2020-09-30,8392.0,-111.0,0.0,100,334.89,336.0,0,0.0,0.0,,0.0,0,0.0,0.0,,0.0,bidTooLow
2020-10-01,8392.0,101.0,0.0,100,337.04,336.0,0,0.0,0.0,,0.0,1,0.05,0.08,SPY201005C00350000,350.0,normalDay
2020-10-02,8392.0,-212.0,0.0,100,333.84,336.0,0,0.0,0.0,,0.0,1,0.05,0.01,SPY201005C00350000,350.0,normalDay
2020-10-05,8397.0,376.0,5.0,100,339.76,336.0,0,0.0,0.0,,0.0,1,0.05,0.0,SPY201005C00350000,350.0,expirationDay
2020-10-06,8397.0,-110.0,0.0,100,334.93,336.0,0,0.0,0.0,,0.0,1,0.1,0.13,SPY201009C00347000,347.0,normalDay
2020-10-07,8397.0,460.0,0.0,100,340.76,336.0,0,0.0,0.0,,0.0,1,0.1,0.26,SPY201009C00347000,347.0,normalDay
2020-10-08,8397.0,765.0,0.0,100,343.78,336.0,0,0.0,0.0,,0.0,1,0.1,0.23,SPY201009C00347000,347.0,normalDay
2020-10-09,8407.0,1085.0,10.0,100,346.85,336.0,0,0.0,0.0,,0.0,1,0.1,0.0,SPY201009C00347000,347.0,expirationDay
2020-10-12,8407.0,1640.0,0.0,100,352.43,336.0,0,0.0,0.0,,0.0,1,1.63,1.66,SPY201016C00355000,355.0,normalDay
2020-10-13,8407.0,1502.0,0.0,100,350.13,336.0,0,0.0,0.0,,0.0,1,1.63,0.74,SPY201016C00355000,355.0,normalDay
2020-10-14,8407.0,1338.0,0.0,100,347.93,336.0,0,0.0,0.0,,0.0,1,1.63,0.18,SPY201016C00355000,355.0,normalDay
2020-10-15,8407.0,1309.0,0.0,100,347.5,336.0,0,0.0,0.0,,0.0,1,1.63,0.04,SPY201016C00355000,355.0,normalDay
2020-10-16,8570.0,1129.0,163.0,100,347.29,336.0,0,0.0,0.0,,0.0,1,1.63,0.0,SPY201016C00355000,355.0,expirationDay
2020-10-19,8570.0,598.0,0.0,100,342.01,336.0,0,0.0,0.0,,0.0,1,0.01,0.04,SPY201023C00361000,361.0,normalDay
2020-10-20,8570.0,735.0,0.0,100,343.38,336.0,0,0.0,0.0,,0.0,1,0.01,0.04,SPY201023C00361000,361.0,normalDay
2020-10-21,8570.0,672.0,0.0,100,342.73,336.0,0,0.0,0.0,,0.0,1,0.01,0.02,SPY201023C00361000,361.0,normalDay
2020-10-22,8570.0,861.0,0.0,100,344.61,336.0,0,0.0,0.0,,0.0,1,0.01,0.01,SPY201023C00361000,361.0,normalDay
2020-10-23,8571.0,978.0,1.0,100,345.78,336.0,0,0.0,0.0,,0.0,1,0.01,0.0,SPY201023C00361000,361.0,expirationDay
2020-10-26,8571.0,336.0,0.0,100,339.39,336.0,0,0.0,0.0,,0.0,1,0.05,0.08,SPY201030C00357000,357.0,normalDay
2020-10-27,8571.0,225.0,0.0,100,338.22,336.0,0,0.0,0.0,,0.0,1,0.05,0.02,SPY201030C00357000,357.0,normalDay
2020-10-28,8571.0,-930.0,0.0,100,326.66,336.0,0,0.0,0.0,,0.0,1,0.05,0.01,SPY201030C00357000,357.0,normalDay
2020-10-29,8571.0,-598.0,0.0,100,329.98,336.0,0,0.0,0.0,,0.0,1,0.05,0.01,SPY201030C00357000,357.0,normalDay
2020-10-30,8576.0,-946.0,5.0,100,326.54,336.0,0,0.0,0.0,,0.0,1,0.05,0.0,SPY201030C00357000,357.0,expirationDay
2020-11-02,8576.0,-583.0,0.0,100,330.2,336.0,0,0.0,0.0,,0.0,1,0.03,0.06,SPY201106C00361000,361.0,normalDay
2020-11-03,8576.0,-13.0,0.0,100,336.03,336.0,0,0.0,0.0,,0.0,1,0.03,0.19,SPY201106C00361000,361.0,normalDay
2020-11-04,8576.0,753.0,0.0,100,343.54,336.0,0,0.0,0.0,,0.0,1,0.03,0.04,SPY201106C00361000,361.0,normalDay
2020-11-05,8576.0,1423.0,0.0,100,350.24,336.0,0,0.0,0.0,,0.0,1,0.03,0.04,SPY201106C00361000,361.0,normalDay
2020-11-06,8579.0,1416.0,3.0,100,350.16,336.0,0,0.0,0.0,,0.0,1,0.03,0.0,SPY201106C00361000,361.0,expirationDay
2020-11-09,8579.0,1851.0,0.0,100,354.56,336.0,0,0.0,0.0,,0.0,1,1.01,1.06,SPY201113C00363000,363.0,normalDay
2020-11-10,8579.0,1864.0,0.0,100,354.04,336.0,0,0.0,0.0,,0.0,1,1.01,0.41,SPY201113C00363000,363.0,normalDay
2020-11-11,8579.0,2138.0,0.0,100,356.67,336.0,0,0.0,0.0,,0.0,1,1.01,0.3,SPY201113C00363000,363.0,normalDay
2020-11-12,8579.0,1819.0,0.0,100,353.21,336.0,0,0.0,0.0,,0.0,1,1.01,0.03,SPY201113C00363000,363.0,normalDay
2020-11-13,8680.0,2210.0,101.0,100,358.1,336.0,0,0.0,0.0,,0.0,1,1.01,0.0,SPY201113C00363000,363.0,expirationDay
2020-11-16,8680.0,2654.0,0.0,100,362.57,336.0,0,0.0,0.0,,0.0,1,0.15,0.18,SPY201120C00372000,372.0,normalDay
2020-11-17,8680.0,2471.0,0.0,100,360.62,336.0,0,0.0,0.0,,0.0,1,0.15,0.06,SPY201120C00372000,372.0,normalDay
2020-11-18,8680.0,2041.0,0.0,100,356.28,336.0,0,0.0,0.0,,0.0,1,0.15,0.02,SPY201120C00372000,372.0,normalDay
2020-11-19,8680.0,2192.0,0.0,100,357.78,336.0,0,0.0,0.0,,0.0,1,0.15,0.01,SPY201120C00372000,372.0,normalDay
2020-11-20,8695.0,1933.0,15.0,100,355.33,336.0,0,0.0,0.0,,0.0,1,0.15,0.0,SPY201120C00372000,372.0,expirationDay
2020-11-23,8695.0,2146.0,0.0,100,357.46,336.0,0,0.0,0.0,,0.0,0,0.0,0.0,,0.0,bidTooLow
2020-11-24,8695.0,2722.0,0.0,100,363.22,336.0,0,0.0,0.0,,0.0,0,0.0,0.0,,0.0,bidTooLow
2020-11-25,8695.0,2666.0,0.0,100,362.66,336.0,0,0.0,0.0,,0.0,0,0.0,0.0,,0.0,bidTooLow
2020-11-27,8695.0,2767.0,0.0,100,363.67,336.0,0,0.0,0.0,,0.0,0,0.0,0.0,,0.0,bidTooLow
2020-11-30,8695.0,2603.0,0.0,100,362.06,336.0,0,0.0,0.0,,0.0,1,0.01,0.04,SPY201204C00378000,378.0,normalDay
2020-12-01,8695.0,2998.0,0.0,100,366.02,336.0,0,0.0,0.0,,0.0,1,0.01,0.05,SPY201204C00378000,378.0,normalDay
2020-12-02,8695.0,3077.0,0.0,100,366.79,336.0,0,0.0,0.0,,0.0,1,0.01,0.03,SPY201204C00378000,378.0,normalDay
2020-12-03,8695.0,3069.0,0.0,100,366.69,336.0,0,0.0,0.0,,0.0,1,0.01,0.01,SPY201204C00378000,378.0,normalDay
2020-12-04,8696.0,3385.0,1.0,100,369.85,336.0,0,0.0,0.0,,0.0,1,0.01,0.0,SPY201204C00378000,378.0,expirationDay
2020-12-07,8696.0,3306.0,0.0,100,369.09,336.0,0,0.0,0.0,,0.0,1,0.37,0.4,SPY201211C00374000,374.0,normalDay
2020-12-08,8696.0,3409.0,0.0,100,370.17,336.0,0,0.0,0.0,,0.0,1,0.37,0.45,SPY201211C00374000,374.0,normalDay
2020-12-09,8696.0,3114.0,0.0,100,366.85,336.0,0,0.0,0.0,,0.0,1,0.37,0.08,SPY201211C00374000,374.0,normalDay
2020-12-10,8696.0,3106.0,0.0,100,366.73,336.0,0,0.0,0.0,,0.0,1,0.37,0.04,SPY201211C00374000,374.0,normalDay
2020-12-11,8733.0,3030.0,37.0,100,366.3,336.0,0,0.0,0.0,,0.0,1,0.37,0.0,SPY201211C00374000,374.0,expirationDay
2020-12-14,8733.0,2863.0,0.0,100,364.66,336.0,0,0.0,0.0,,0.0,1,0.21,0.24,SPY201218C00375000,375.0,normalDay
2020-12-15,8733.0,3343.0,0.0,100,369.59,336.0,0,0.0,0.0,,0.0,1,0.21,0.37,SPY201218C00375000,375.0,normalDay
2020-12-16,8733.0,3405.0,0.0,100,370.17,336.0,0,0.0,0.0,,0.0,1,0.21,0.33,SPY201218C00375000,375.0,normalDay
2020-12-17,8733.0,3621.0,0.0,100,372.24,336.0,0,0.0,0.0,,0.0,1,0.21,0.24,SPY201218C00375000,375.0,normalDay
2020-12-18,8754.0,3318.0,21.0,100,369.18,336.0,0,0.0,0.0,,0.0,1,0.21,0.0,SPY201218C00375000,375.0,expirationDay
2020-12-21,8754.0,3183.0,0.0,100,367.86,336.0,0,0.0,0.0,,0.0,1,0.12,0.15,SPY201224C00376000,376.0,normalDay
2020-12-22,8754.0,3132.0,0.0,100,367.24,336.0,0,0.0,0.0,,0.0,1,0.12,0.04,SPY201224C00376000,376.0,normalDay
2020-12-23,8754.0,3168.0,0.0,100,367.57,336.0,0,0.0,0.0,,0.0,1,0.12,0.01,SPY201224C00376000,376.0,normalDay
2020-12-24,8766.0,3300.0,12.0,100,369.0,336.0,0,0.0,0.0,,0.0,1,0.12,0.0,SPY201224C00376000,376.0,expirationDay
2020-12-28,8766.0,3613.0,0.0,100,372.17,336.0,0,0.0,0.0,,0.0,1,0.96,1.0,SPY201231C00374000,374.0,normalDay
2020-12-29,8766.0,3586.0,0.0,100,371.46,336.0,0,0.0,0.0,,0.0,1,0.96,0.56,SPY201231C00374000,374.0,normalDay
2020-12-30,8766.0,3673.0,0.0,100,371.99,336.0,0,0.0,0.0,,0.0,1,0.96,0.22,SPY201231C00374000,374.0,normalDay
2020-12-31,8862.0,3788.0,96.0,100,373.88,336.0,0,0.0,0.0,,0.0,1,0.96,0.0,SPY201231C00374000,374.0,expirationDay
2021-01-04,8862.0,3275.0,0.0,100,368.79,336.0,0,0.0,0.0,,0.0,1,1.23,1.27,SPY210108C00375000,375.0,normalDay
2021-01-05,8862.0,3505.0,0.0,100,371.33,336.0,0,0.0,0.0,,0.0,1,1.23,1.51,SPY210108C00375000,375.0,normalDay
2021-01-06,8862.0,3678.0,0.0,100,373.55,336.0,0,0.0,0.0,,0.0,1,1.23,2.0,SPY210108C00375000,375.0,normalDay
2021-01-07,8862.0,4005.0,0.0,100,379.1,336.0,0,0.0,0.0,,0.0,1,1.23,4.28,SPY210108C00375000,375.0,normalDay
2021-01-08,12885.0,4005.0,4023.0,0,381.26,0.0,0,0.0,0.0,,0.0,1,1.23,0.0,SPY210108C00375000,375.0,expirationDay
2021-01-11,12885.0,-3.0,0.0,0,378.69,0.0,1,0.18,0.21,SPY210113P00367000,367.0,0,0.0,0.0,,0.0,normalDay
2021-01-12,12885.0,12.0,0.0,0,378.77,0.0,1,0.18,0.06,SPY210113P00367000,367.0,0,0.0,0.0,,0.0,normalDay
2021-01-13,12903.0,0.0,18.0,0,379.79,0.0,1,0.18,0.0,SPY210113P00367000,367.0,0,0.0,0.0,,0.0,expirationDay
2021-01-14,12903.0,-3.0,0.0,0,378.46,0.0,1,0.09,0.12,SPY210115P00369000,369.0,0,0.0,0.0,,0.0,normalDay
2021-01-15,12912.0,0.0,9.0,0,375.7,0.0,1,0.09,0.0,SPY210115P00369000,369.0,0,0.0,0.0,,0.0,expirationDay
2021-01-19,12912.0,-3.0,0.0,0,378.65,0.0,1,0.06,0.09,SPY210120P00369000,369.0,0,0.0,0.0,,0.0,normalDay
2021-01-20,12918.0,0.0,6.0,0,383.89,0.0,1,0.06,0.0,SPY210120P00369000,369.0,0,0.0,0.0,,0.0,expirationDay
2021-01-21,12918.0,0.0,0.0,0,384.24,0.0,0,0.0,0.0,,0.0,0,0.0,0.0,,0.0,bidTooLow
2021-01-22,12918.0,0.0,0.0,0,382.88,0.0,0,0.0,0.0,,0.0,0,0.0,0.0,,0.0,bidTooLow
2021-01-25,12918.0,-3.0,0.0,0,384.39,0.0,1,0.12,0.15,SPY210127P00372000,372.0,0,0.0,0.0,,0.0,normalDay
2021-01-26,12918.0,6.0,0.0,0,383.79,0.0,1,0.12,0.06,SPY210127P00372000,372.0,0,0.0,0.0,,0.0,normalDay
2021-01-27,12930.0,0.0,12.0,0,374.41,0.0,1,0.12,0.0,SPY210127P00372000,372.0,0,0.0,0.0,,0.0,expirationDay
2021-01-28,12930.0,-5.0,0.0,0,377.63,0.0,1,0.74,0.79,SPY210129P00373000,373.0,0,0.0,0.0,,0.0,normalDay
2021-01-29,13004.0,-293.0,74.0,100,370.07,373.0,1,0.74,0.0,SPY210129P00373000,373.0,0,0.0,0.0,,0.0,expirationDay
2021-02-01,13004.0,320.0,0.0,100,376.23,373.0,0,0.0,0.0,,0.0,1,0.09,0.12,SPY210205C00390000,390.0,normalDay
2021-02-02,13004.0,842.0,0.0,100,381.55,373.0,0,0.0,0.0,,0.0,1,0.09,0.22,SPY210205C00390000,390.0,normalDay
2021-02-03,13004.0,887.0,0.0,100,381.85,373.0,0,0.0,0.0,,0.0,1,0.09,0.07,SPY210205C00390000,390.0,normalDay
2021-02-04,13004.0,1317.0,0.0,100,386.19,373.0,0,0.0,0.0,,0.0,1,0.09,0.11,SPY210205C00390000,390.0,normalDay
2021-02-05,13013.0,1471.0,9.0,100,387.71,373.0,0,0.0,0.0,,0.0,1,0.09,0.0,SPY210205C00390000,390.0,expirationDay
2021-02-08,13013.0,1748.0,0.0,100,390.51,373.0,0,0.0,0.0,,0.0,1,1.1,1.13,SPY210212C00393000,393.0,normalDay
2021-02-09,13013.0,1744.0,0.0,100,390.25,373.0,0,0.0,0.0,,0.0,1,1.1,0.91,SPY210212C00393000,393.0,normalDay
2021-02-10,13013.0,1748.0,0.0,100,390.08,373.0,0,0.0,0.0,,0.0,1,1.1,0.7,SPY210212C00393000,393.0,normalDay
2021-02-11,13013.0,1856.0,0.0,100,390.71,373.0,0,0.0,0.0,,0.0,1,1.1,0.25,SPY210212C00393000,393.0,normalDay
2021-02-12,13123.0,1964.0,110.0,100,392.64,373.0,0,0.0,0.0,,0.0,1,1.1,0.0,SPY210212C00393000,393.0,expirationDay
2021-02-16,13123.0,1927.0,0.0,100,392.3,373.0,0,0.0,0.0,,0.0,1,0.1,0.13,SPY210219C00400000,400.0,normalDay
2021-02-17,13123.0,1942.0,0.0,100,392.39,373.0,0,0.0,0.0,,0.0,1,0.1,0.07,SPY210219C00400000,400.0,normalDay
2021-02-18,13123.0,1780.0,0.0,100,390.72,373.0,0,0.0,0.0,,0.0,1,0.1,0.02,SPY210219C00400000,400.0,normalDay
2021-02-19,13133.0,1703.0,10.0,100,390.03,373.0,0,0.0,0.0,,0.0,1,0.1,0.0,SPY210219C00400000,400.0,expirationDay
2021-02-22,13133.0,1403.0,0.0,100,387.03,373.0,0,0.0,0.0,,0.0,0,0.0,0.0,,0.0,bidTooLow
2021-02-23,13133.0,1450.0,0.0,100,387.5,373.0,0,0.0,0.0,,0.0,0,0.0,0.0,,0.0,bidTooLow
2021-02-24,13133.0,1877.0,0.0,100,391.77,373.0,0,0.0,0.0,,0.0,0,0.0,0.0,,0.0,bidTooLow
2021-02-25,13133.0,933.0,0.0,100,382.33,373.0,0,0.0,0.0,,0.0,0,0.0,0.0,,0.0,bidTooLow
2021-02-26,13133.0,736.0,0.0,100,380.36,373.0,0,0.0,0.0,,0.0,0,0.0,0.0,,0.0,bidTooLow
2021-03-01,13133.0,1655.0,0.0,100,389.58,373.0,0,0.0,0.0,,0.0,1,0.19,0.22,SPY210305C00400000,400.0,normalDay
2021-03-02,13133.0,1367.0,0.0,100,386.54,373.0,0,0.0,0.0,,0.0,1,0.19,0.06,SPY210305C00400000,400.0,normalDay
2021-03-03,13133.0,859.0,0.0,100,381.42,373.0,0,0.0,0.0,,0.0,1,0.19,0.02,SPY210305C00400000,400.0,normalDay
2021-03-04,13133.0,388.0,0.0,100,376.7,373.0,0,0.0,0.0,,0.0,1,0.19,0.01,SPY210305C00400000,400.0,normalDay
2021-03-05,13152.0,1063.0,19.0,100,383.63,373.0,0,0.0,0.0,,0.0,1,0.19,0.0,SPY210305C00400000,400.0,expirationDay
2021-03-08,13152.0,869.0,0.0,100,381.72,373.0,0,0.0,0.0,,0.0,1,0.03,0.06,SPY210312C00400000,400.0,normalDay
2021-03-09,13152.0,1413.0,0.0,100,387.17,373.0,0,0.0,0.0,,0.0,1,0.03,0.07,SPY210312C00400000,400.0,normalDay
2021-03-10,13152.0,1655.0,0.0,100,389.58,373.0,0,0.0,0.0,,0.0,1,0.03,0.06,SPY210312C00400000,400.0,normalDay
2021-03-11,13152.0,2051.0,0.0,100,393.53,373.0,0,0.0,0.0,,0.0,1,0.03,0.05,SPY210312C00400000,400.0,normalDay
2021-03-12,13155.0,2106.0,3.0,100,394.06,373.0,0,0.0,0.0,,0.0,1,0.03,0.0,SPY210312C00400000,400.0,expirationDay
2021-03-15,13155.0,2338.0,0.0,100,396.41,373.0,0,0.0,0.0,,0.0,1,0.72,0.75,SPY210319C00401000,401.0,normalDay
2021-03-16,13155.0,2315.0,0.0,100,395.91,373.0,0,0.0,0.0,,0.0,1,0.72,0.48,SPY210319C00401000,401.0,normalDay
2021-03-17,13155.0,2458.0,0.0,100,397.26,373.0,0,0.0,0.0,,0.0,1,0.72,0.4,SPY210319C00401000,401.0,normalDay
2021-03-18,13155.0,1915.0,0.0,100,391.48,373.0,0,0.0,0.0,,0.0,1,0.72,0.05,SPY210319C00401000,401.0,normalDay
2021-03-19,13227.0,1648.0,72.0,100,389.48,373.0,0,0.0,0.0,,0.0,1,0.72,0.0,SPY210319C00401000,401.0,expirationDay
2021-03-22,13227.0,1956.0,0.0,100,392.59,373.0,0,0.0,0.0,,0.0,1,0.03,0.06,SPY210326C00404000,404.0,normalDay
2021-03-23,13227.0,1651.0,0.0,100,389.5,373.0,0,0.0,0.0,,0.0,1,0.03,0.02,SPY210326C00404000,404.0,normalDay
2021-03-24,13227.0,1454.0,0.0,100,387.52,373.0,0,0.0,0.0,,0.0,1,0.03,0.01,SPY210326C00404000,404.0,normalDay
2021-03-25,13227.0,1672.0,0.0,100,389.7,373.0,0,0.0,0.0,,0.0,1,0.03,0.01,SPY210326C00404000,404.0,normalDay
2021-03-26,13230.0,2298.0,3.0,100,395.98,373.0,0,0.0,0.0,,0.0,1,0.03,0.0,SPY210326C00404000,404.0,expirationDay
2021-03-29,13230.0,2275.0,0.0,100,395.78,373.0,0,0.0,0.0,,0.0,1,0.09,0.12,SPY210401C00405000,405.0,normalDay
2021-03-30,13230.0,2179.0,0.0,100,394.73,373.0,0,0.0,0.0,,0.0,1,0.09,0.03,SPY210401C00405000,405.0,normalDay
2021-03-31,13230.0,2340.0,0.0,100,396.33,373.0,0,0.0,0.0,,0.0,1,0.09,0.02,SPY210401C00405000,405.0,normalDay
2021-04-01,13239.0,2761.0,9.0,100,400.61,373.0,0,0.0,0.0,,0.0,1,0.09,0.0,SPY210401C00405000,405.0,expirationDay
2021-04-05,13239.0,3333.0,0.0,100,406.36,373.0,0,0.0,0.0,,0.0,1,1.88,1.91,SPY210409C00407000,407.0,normalDay
2021-04-06,13239.0,3351.0,0.0,100,406.12,373.0,0,0.0,0.0,,0.0,1,1.88,1.49,SPY210409C00407000,407.0,normalDay
2021-04-07,13239.0,3406.0,0.0,100,406.59,373.0,0,0.0,0.0,,0.0,1,1.88,1.41,SPY210409C00407000,407.0,normalDay
2021-04-08,13239.0,3516.0,0.0,100,408.52,373.0,0,0.0,0.0,,0.0,1,1.88,2.24,SPY210409C00407000,407.0,normalDay
2021-04-09,16827.0,3516.0,3588.0,0,411.49,0.0,0,0.0,0.0,,0.0,1,1.88,0.0,SPY210409C00407000,407.0,expirationDay
2021-04-12,16827.0,0.0,0.0,0,411.64,0.0,0,0.0,0.0,,0.0,0,0.0,0.0,,0.0,bidTooLow
2021-04-13,16827.0,0.0,0.0,0,412.86,0.0,0,0.0,0.0,,0.0,0,0.0,0.0,,0.0,bidTooLow
2021-04-14,16827.0,-3.0,0.0,0,411.45,0.0,1,0.01,0.04,SPY210416P00391000,391.0,0,0.0,0.0,,0.0,normalDay
2021-04-15,16827.0,-1.0,0.0,0,415.87,0.0,1,0.01,0.02,SPY210416P00391000,391.0,0,0.0,0.0,,0.0,normalDay
2021-04-16,16828.0,0.0,1.0,0,417.26,0.0,1,0.01,0.0,SPY210416P00391000,391.0,0,0.0,0.0,,0.0,expirationDay
2021-04-19,16828.0,0.0,0.0,0,415.21,0.0,0,0.0,0.0,,0.0,0,0.0,0.0,,0.0,bidTooLow
2021-04-20,16828.0,0.0,0.0,0,412.17,0.0,0,0.0,0.0,,0.0,0,0.0,0.0,,0.0,bidTooLow
2021-04-21,16828.0,0.0,0.0,0,416.07,0.0,0,0.0,0.0,,0.0,0,0.0,0.0,,0.0,bidTooLow
2021-04-22,16828.0,0.0,0.0,0,412.27,0.0,0,0.0,0.0,,0.0,0,0.0,0.0,,0.0,bidTooLow
2021-04-23,16828.0,0.0,0.0,0,416.74,0.0,0,0.0,0.0,,0.0,0,0.0,0.0,,0.0,bidTooLow
2021-04-26,16828.0,-3.0,0.0,0,417.61,0.0,1,0.01,0.04,SPY210428P00402000,402.0,0,0.0,0.0,,0.0,normalDay
2021-04-27,16828.0,-1.0,0.0,0,417.52,0.0,1,0.01,0.02,SPY210428P00402000,402.0,0,0.0,0.0,,0.0,normalDay
2021-04-28,16829.0,0.0,1.0,0,417.4,0.0,1,0.01,0.0,SPY210428P00402000,402.0,0,0.0,0.0,,0.0,expirationDay
2021-04-29,16829.0,0.0,0.0,0,420.06,0.0,0,0.0,0.0,,0.0,0,0.0,0.0,,0.0,bidTooLow
2021-04-30,16829.0,0.0,0.0,0,417.3,0.0,0,0.0,0.0,,0.0,0,0.0,0.0,,0.0,bidTooLow
2021-05-03,16829.0,-3.0,0.0,0,418.2,0.0,1,0.12,0.15,SPY210505P00410000,410.0,0,0.0,0.0,,0.0,normalDay
2021-05-04,16829.0,-4.0,0.0,0,415.62,0.0,1,0.12,0.16,SPY210505P00410000,410.0,0,0.0,0.0,,0.0,normalDay
2021-05-05,16841.0,0.0,12.0,0,415.75,0.0,1,0.12,0.0,SPY210505P00410000,410.0,0,0.0,0.0,,0.0,expirationDay
2021-05-06,16841.0,-3.0,0.0,0,419.07,0.0,1,0.11,0.14,SPY210507P00413000,413.0,0,0.0,0.0,,0.0,normalDay
2021-05-07,16852.0,0.0,11.0,0,422.12,0.0,1,0.11,0.0,SPY210507P00413000,413.0,0,0.0,0.0,,0.0,expirationDay
2021-05-10,16852.0,-3.0,0.0,0,417.94,0.0,1,0.96,0.99,SPY210512P00414000,414.0,0,0.0,0.0,,0.0,normalDay
2021-05-11,16852.0,-76.0,0.0,0,414.21,0.0,1,0.96,1.72,SPY210512P00414000,414.0,0,0.0,0.0,,0.0,normalDay
2021-05-12,16948.0,-859.0,96.0,100,405.41,414.0,1,0.96,0.0,SPY210512P00414000,414.0,0,0.0,0.0,,0.0,expirationDay
2021-05-13,16948.0,-372.0,0.0,100,410.28,414.0,0,0.0,0.0,,0.0,0,0.0,0.0,,0.0,bidTooLow
2021-05-14,16948.0,258.0,0.0,100,416.58,414.0,0,0.0,0.0,,0.0,0,0.0,0.0,,0.0,bidTooLow
2021-05-17,16948.0,149.0,0.0,100,415.52,414.0,0,0.0,0.0,,0.0,1,0.08,0.11,SPY210521C00425000,425.0,normalDay
2021-05-18,16948.0,-202.0,0.0,100,411.94,414.0,0,0.0,0.0,,0.0,1,0.08,0.04,SPY210521C00425000,425.0,normalDay
2021-05-19,16948.0,-308.0,0.0,100,410.86,414.0,0,0.0,0.0,,0.0,1,0.08,0.02,SPY210521C00425000,425.0,normalDay
2021-05-20,16948.0,134.0,0.0,100,415.28,414.0,0,0.0,0.0,,0.0,1,0.08,0.02,SPY210521C00425000,425.0,normalDay
2021-05-21,16956.0,94.0,8.0,100,414.94,414.0,0,0.0,0.0,,0.0,1,0.08,0.0,SPY210521C00425000,425.0,expirationDay
2021-05-24,16956.0,514.0,0.0,100,419.17,414.0,0,0.0,0.0,,0.0,1,0.14,0.17,SPY210528C00426000,426.0,normalDay
2021-05-25,16956.0,430.0,0.0,100,418.24,414.0,0,0.0,0.0,,0.0,1,0.14,0.08,SPY210528C00426000,426.0,normalDay
2021-05-26,16956.0,518.0,0.0,100,419.07,414.0,0,0.0,0.0,,0.0,1,0.14,0.03,SPY210528C00426000,426.0,normalDay
2021-05-27,16956.0,541.0,0.0,100,419.29,414.0,0,0.0,0.0,,0.0,1,0.14,0.02,SPY210528C00426000,426.0,normalDay
2021-05-28,16970.0,604.0,14.0,100,420.04,414.0,0,0.0,0.0,,0.0,1,0.14,0.0,SPY210528C00426000,426.0,expirationDay
2021-06-01,16970.0,564.0,0.0,100,419.67,414.0,0,0.0,0.0,,0.0,1,0.06,0.09,SPY210604C00427000,427.0,normalDay
2021-06-02,16970.0,635.0,0.0,100,420.33,414.0,0,0.0,0.0,,0.0,1,0.06,0.04,SPY210604C00427000,427.0,normalDay
2021-06-03,16970.0,481.0,0.0,100,418.77,414.0,0,0.0,0.0,,0.0,1,0.06,0.02,SPY210604C00427000,427.0,normalDay
2021-06-04,16976.0,860.0,6.0,100,422.6,414.0,0,0.0,0.0,,0.0,1,0.06,0.0,SPY210604C00427000,427.0,expirationDay
2021-06-07,16976.0,816.0,0.0,100,422.19,414.0,0,0.0,0.0,,0.0,1,0.11,0.14,SPY210611C00428000,428.0,normalDay
2021-06-08,16976.0,827.0,0.0,100,422.28,414.0,0,0.0,0.0,,0.0,1,0.11,0.12,SPY210611C00428000,428.0,normalDay
2021-06-09,16976.0,766.0,0.0,100,421.65,414.0,0,0.0,0.0,,0.0,1,0.11,0.1,SPY210611C00428000,428.0,normalDay
2021-06-10,16976.0,968.0,0.0,100,423.61,414.0,0,0.0,0.0,,0.0,1,0.11,0.04,SPY210611C00428000,428.0,normalDay
2021-06-11,16987.0,1031.0,11.0,100,424.31,414.0,0,0.0,0.0,,0.0,1,0.11,0.0,SPY210611C00428000,428.0,expirationDay
2021-06-14,16987.0,1123.0,0.0,100,425.26,414.0,0,0.0,0.0,,0.0,1,0.52,0.55,SPY210618C00429000,429.0,normalDay
2021-06-15,16987.0,1063.0,0.0,100,424.48,414.0,0,0.0,0.0,,0.0,1,0.52,0.37,SPY210618C00429000,429.0,normalDay
2021-06-16,16987.0,853.0,0.0,100,422.11,414.0,0,0.0,0.0,,0.0,1,0.52,0.1,SPY210618C00429000,429.0,normalDay
2021-06-17,16987.0,847.0,0.0,100,421.97,414.0,0,0.0,0.0,,0.0,1,0.52,0.02,SPY210618C00429000,429.0,normalDay
2021-06-18,17039.0,92.0,52.0,100,414.92,414.0,0,0.0,0.0,,0.0,1,0.52,0.0,SPY210618C00429000,429.0,expirationDay
2021-06-21,17039.0,683.0,0.0,100,420.86,414.0,0,0.0,0.0,,0.0,1,0.12,0.15,SPY210625C00427500,427.5,normalDay
2021-06-22,17039.0,900.0,0.0,100,423.11,414.0,0,0.0,0.0,,0.0,1,0.12,0.23,SPY210625C00427500,427.5,normalDay
2021-06-23,17039.0,863.0,0.0,100,422.6,414.0,0,0.0,0.0,,0.0,1,0.12,0.09,SPY210625C00427500,427.5,normalDay
2021-06-24,17039.0,1109.0,0.0,100,425.1,414.0,0,0.0,0.0,,0.0,1,0.12,0.13,SPY210625C00427500,427.5,normalDay
2021-06-25,17051.0,1261.0,12.0,100,426.61,414.0,0,0.0,0.0,,0.0,1,0.12,0.0,SPY210625C00427500,427.5,expirationDay
2021-06-28,17051.0,1344.0,0.0,100,427.47,414.0,0,0.0,0.0,,0.0,1,0.49,0.52,SPY210702C00430000,430.0,normalDay
2021-06-29,17051.0,1368.0,0.0,100,427.7,414.0,0,0.0,0.0,,0.0,1,0.49,0.51,SPY210702C00430000,430.0,normalDay
2021-06-30,17051.0,1400.0,0.0,100,428.06,414.0,0,0.0,0.0,,0.0,1,0.49,0.55,SPY210702C00430000,430.0,normalDay
2021-07-01,17051.0,1577.0,0.0,100,430.43,414.0,0,0.0,0.0,,0.0,1,0.49,1.15,SPY210702C00430000,430.0,normalDay
2021-07-02,18700.0,1577.0,1649.0,0,433.72,0.0,0,0.0,0.0,,0.0,1,0.49,0.0,SPY210702C00430000,430.0,expirationDay
2021-07-06,18700.0,0.0,0.0,0,432.93,0.0,0,0.0,0.0,,0.0,0,0.0,0.0,,0.0,bidTooLow
2021-07-07,18700.0,-3.0,0.0,0,434.46,0.0,1,0.01,0.04,SPY210709P00421000,421.0,0,0.0,0.0,,0.0,normalDay
2021-07-08,18700.0,-4.0,0.0,0,430.92,0.0,1,0.01,0.05,SPY210709P00421000,421.0,0,0.0,0.0,,0.0,normalDay
2021-07-09,18701.0,0.0,1.0,0,435.52,0.0,1,0.01,0.0,SPY210709P00421000,421.0,0,0.0,0.0,,0.0,expirationDay
2021-07-12,18701.0,-3.0,0.0,0,437.08,0.0,1,0.03,0.06,SPY210714P00422000,422.0,0,0.0,0.0,,0.0,normalDay
2021-07-13,18701.0,-3.0,0.0,0,435.59,0.0,1,0.03,0.06,SPY210714P00422000,422.0,0,0.0,0.0,,0.0,normalDay
2021-07-14,18704.0,0.0,3.0,0,436.24,0.0,1,0.03,0.0,SPY210714P00422000,422.0,0,0.0,0.0,,0.0,expirationDay
2021-07-15,18704.0,-3.0,0.0,0,434.75,0.0,1,0.03,0.06,SPY210716P00423000,423.0,0,0.0,0.0,,0.0,normalDay
2021-07-16,18707.0,0.0,3.0,0,431.34,0.0,1,0.03,0.0,SPY210716P00423000,423.0,0,0.0,0.0,,0.0,expirationDay
2021-07-19,18707.0,-4.0,0.0,0,424.97,0.0,1,2.61,2.65,SPY210721P00425000,425.0,0,0.0,0.0,,0.0,normalDay
2021-07-20,18707.0,241.0,0.0,0,431.06,0.0,1,2.61,0.2,SPY210721P00425000,425.0,0,0.0,0.0,,0.0,normalDay
2021-07-21,18968.0,0.0,261.0,0,434.55,0.0,1,2.61,0.0,SPY210721P00425000,425.0,0,0.0,0.0,,0.0,expirationDay
2021-07-22,18968.0,-3.0,0.0,0,435.46,0.0,1,0.03,0.06,SPY210723P00428000,428.0,0,0.0,0.0,,0.0,normalDay
2021-07-23,18971.0,0.0,3.0,0,439.94,0.0,1,0.03,0.0,SPY210723P00428000,428.0,0,0.0,0.0,,0.0,expirationDay
2021-07-26,18971.0,-3.0,0.0,0,441.02,0.0,1,0.04,0.07,SPY210728P00429000,429.0,0,0.0,0.0,,0.0,normalDay
2021-07-27,18971.0,-4.0,0.0,0,439.01,0.0,1,0.04,0.08,SPY210728P00429000,429.0,0,0.0,0.0,,0.0,normalDay
2021-07-28,18975.0,0.0,4.0,0,438.83,0.0,1,0.04,0.0,SPY210728P00429000,429.0,0,0.0,0.0,,0.0,expirationDay
2021-07-29,18975.0,-3.0,0.0,0,440.65,0.0,1,0.01,0.04,SPY210730P00431000,431.0,0,0.0,0.0,,0.0,normalDay
2021-07-30,18976.0,0.0,1.0,0,438.51,0.0,1,0.01,0.0,SPY210730P00431000,431.0,0,0.0,0.0,,0.0,expirationDay
2021-08-02,18976.0,-3.0,0.0,0,437.59,0.0,1,0.45,0.48,SPY210804P00432000,432.0,0,0.0,0.0,,0.0,normalDay
2021-08-03,18976.0,41.0,0.0,0,441.15,0.0,1,0.45,0.04,SPY210804P00432000,432.0,0,0.0,0.0,,0.0,normalDay
2021-08-04,19021.0,0.0,45.0,0,438.98,0.0,1,0.45,0.0,SPY210804P00432000,432.0,0,0.0,0.0,,0.0,expirationDay
2021-08-05,19021.0,-3.0,0.0,0,441.76,0.0,1,0.02,0.05,SPY210806P00432500,432.5,0,0.0,0.0,,0.0,normalDay
2021-08-06,19023.0,0.0,2.0,0,442.49,0.0,1,0.02,0.0,SPY210806P00432500,432.5,0,0.0,0.0,,0.0,expirationDay
2021-08-09,19023.0,-3.0,0.0,0,442.13,0.0,1,0.05,0.08,SPY210811P00433000,433.0,0,0.0,0.0,,0.0,normalDay
2021-08-10,19023.0,1.0,0.0,0,442.68,0.0,1,0.05,0.04,SPY210811P00433000,433.0,0,0.0,0.0,,0.0,normalDay
2021-08-11,19028.0,0.0,5.0,0,443.78,0.0,1,0.05,0.0,SPY210811P00433000,433.0,0,0.0,0.0,,0.0,expirationDay
2021-08-12,19028.0,-3.0,0.0,0,445.11,0.0,1,0.03,0.06,SPY210813P00434000,434.0,0,0.0,0.0,,0.0,normalDay
2021-08-13,19031.0,0.0,3.0,0,445.92,0.0,1,0.03,0.0,SPY210813P00434000,434.0,0,0.0,0.0,,0.0,expirationDay
2021-08-16,19031.0,-3.0,0.0,0,446.97,0.0,1,0.07,0.1,SPY210818P00436000,436.0,0,0.0,0.0,,0.0,normalDay
2021-08-17,19031.0,-6.0,0.0,0,444.04,0.0,1,0.07,0.13,SPY210818P00436000,436.0,0,0.0,0.0,,0.0,normalDay
2021-08-18,19038.0,0.0,7.0,0,439.18,0.0,1,0.07,0.0,SPY210818P00436000,436.0,0,0.0,0.0,,0.0,expirationDay
2021-08-19,19038.0,-5.0,0.0,0,439.86,0.0,1,1.25,1.3,SPY210820P00439000,439.0,0,0.0,0.0,,0.0,normalDay
2021-08-20,19163.0,0.0,125.0,0,443.36,0.0,1,1.25,0.0,SPY210820P00439000,439.0,0,0.0,0.0,,0.0,expirationDay
2021-08-23,19163.0,-3.0,0.0,0,447.26,0.0,1,0.08,0.11,SPY210825P00439000,439.0,0,0.0,0.0,,0.0,normalDay
2021-08-24,19163.0,3.0,0.0,0,447.97,0.0,1,0.08,0.05,SPY210825P00439000,439.0,0,0.0,0.0,,0.0,normalDay
2021-08-25,19171.0,0.0,8.0,0,448.91,0.0,1,0.08,0.0,SPY210825P00439000,439.0,0,0.0,0.0,,0.0,expirationDay
2021-08-26,19171.0,-3.0,0.0,0,446.26,0.0,1,0.17,0.2,SPY210827P00440000,440.0,0,0.0,0.0,,0.0,normalDay
2021-08-27,19188.0,0.0,17.0,0,450.25,0.0,1,0.17,0.0,SPY210827P00440000,440.0,0,0.0,0.0,,0.0,expirationDay
2021-08-30,19188.0,-3.0,0.0,0,452.23,0.0,1,0.04,0.07,SPY210901P00441000,441.0,0,0.0,0.0,,0.0,normalDay
2021-08-31,19188.0,-1.0,0.0,0,451.56,0.0,1,0.04,0.05,SPY210901P00441000,441.0,0,0.0,0.0,,0.0,normalDay
2021-09-01,19192.0,0.0,4.0,0,451.8,0.0,1,0.04,0.0,SPY210901P00441000,441.0,0,0.0,0.0,,0.0,expirationDay
2021-09-02,19192.0,-3.0,0.0,0,453.19,0.0,1,0.02,0.05,SPY210903P00442000,442.0,0,0.0,0.0,,0.0,normalDay
2021-09-03,19194.0,0.0,2.0,0,453.08,0.0,1,0.02,0.0,SPY210903P00442000,442.0,0,0.0,0.0,,0.0,expirationDay
2021-09-07,19194.0,-3.0,0.0,0,451.46,0.0,1,0.02,0.05,SPY210908P00443000,443.0,0,0.0,0.0,,0.0,normalDay
2021-09-08,19196.0,0.0,2.0,0,450.91,0.0,1,0.02,0.0,SPY210908P00443000,443.0,0,0.0,0.0,,0.0,expirationDay
2021-09-09,19196.0,-3.0,0.0,0,448.98,0.0,1,0.21,0.24,SPY210910P00444000,444.0,0,0.0,0.0,,0.0,normalDay
2021-09-10,19217.0,0.0,21.0,0,445.44,0.0,1,0.21,0.0,SPY210910P00444000,444.0,0,0.0,0.0,,0.0,expirationDay
2021-09-13,19217.0,-3.0,0.0,0,446.58,0.0,1,1.15,1.18,SPY210915P00444000,444.0,0,0.0,0.0,,0.0,normalDay
2021-09-14,19217.0,-13.0,0.0,0,444.17,0.0,1,1.15,1.28,SPY210915P00444000,444.0,0,0.0,0.0,,0.0,normalDay
2021-09-15,19332.0,0.0,115.0,0,447.88,0.0,1,1.15,0.0,SPY210915P00444000,444.0,0,0.0,0.0,,0.0,expirationDay
2021-09-16,19332.0,-4.0,0.0,0,447.17,0.0,1,0.94,0.98,SPY210917P00445000,445.0,0,0.0,0.0,,0.0,normalDay
2021-09-17,19426.0,-360.0,94.0,100,441.4,445.0,1,0.94,0.0,SPY210917P00445000,445.0,0,0.0,0.0,,0.0,expirationDay
2021-09-20,19426.0,-1096.0,0.0,100,434.04,445.0,0,0.0,0.0,,0.0,0,0.0,0.0,,0.0,bidTooLow
2021-09-21,19426.0,-1137.0,0.0,100,433.63,445.0,0,0.0,0.0,,0.0,0,0.0,0.0,,0.0,bidTooLow
2021-09-22,19426.0,-714.0,0.0,100,437.86,445.0,0,0.0,0.0,,0.0,0,0.0,0.0,,0.0,bidTooLow
2021-09-23,19426.0,-182.0,0.0,100,443.18,445.0,0,0.0,0.0,,0.0,0,0.0,0.0,,0.0,bidTooLow
2021-09-24,19426.0,-109.0,0.0,100,443.91,445.0,0,0.0,0.0,,0.0,0,0.0,0.0,,0.0,bidTooLow
2021-09-27,19426.0,-236.0,0.0,100,442.64,445.0,0,0.0,0.0,,0.0,0,0.0,0.0,,0.0,bidTooLow
2021-09-28,19426.0,-1128.0,0.0,100,433.72,445.0,0,0.0,0.0,,0.0,0,0.0,0.0,,0.0,bidTooLow
2021-09-29,19426.0,-1055.0,0.0,100,434.45,445.0,0,0.0,0.0,,0.0,0,0.0,0.0,,0.0,bidTooLow
2021-09-30,19426.0,-1586.0,0.0,100,429.14,445.0,0,0.0,0.0,,0.0,0,0.0,0.0,,0.0,bidTooLow
2021-10-01,19426.0,-1076.0,0.0,100,434.24,445.0,0,0.0,0.0,,0.0,0,0.0,0.0,,0.0,bidTooLow
2021-10-04,19426.0,-1636.0,0.0,100,428.64,445.0,0,0.0,0.0,,0.0,0,0.0,0.0,,0.0,bidTooLow
2021-10-05,19426.0,-1190.0,0.0,100,433.1,445.0,0,0.0,0.0,,0.0,0,0.0,0.0,,0.0,bidTooLow
2021-10-06,19426.0,-1010.0,0.0,100,434.9,445.0,0,0.0,0.0,,0.0,0,0.0,0.0,,0.0,bidTooLow
2021-10-07,19426.0,-634.0,0.0,100,438.66,445.0,0,0.0,0.0,,0.0,0,0.0,0.0,,0.0,bidTooLow
2021-10-08,19426.0,-714.0,0.0,100,437.86,445.0,0,0.0,0.0,,0.0,0,0.0,0.0,,0.0,bidTooLow
2021-10-11,19426.0,-1031.0,0.0,100,434.69,445.0,0,0.0,0.0,,0.0,0,0.0,0.0,,0.0,bidTooLow
2021-10-12,19426.0,-1138.0,0.0,100,433.62,445.0,0,0.0,0.0,,0.0,0,0.0,0.0,,0.0,bidTooLow
2021-10-13,19426.0,-982.0,0.0,100,435.18,445.0,0,0.0,0.0,,0.0,0,0.0,0.0,,0.0,bidTooLow
2021-10-14,19426.0,-253.0,0.0,100,442.5,445.0,0,0.0,0.0,,0.0,1,0.21,0.24,SPY211018C00448000,448.0,normalDay
2021-10-15,19426.0,67.0,0.0,100,445.87,445.0,0,0.0,0.0,,0.0,1,0.21,0.41,SPY211018C00448000,448.0,normalDay
2021-10-18,19447.0,219.0,21.0,100,447.19,445.0,0,0.0,0.0,,0.0,1,0.21,0.0,SPY211018C00448000,448.0,expirationDay
2021-10-19,19447.0,561.0,0.0,100,450.64,445.0,0,0.0,0.0,,0.0,1,0.45,0.48,SPY211022C00454000,454.0,normalDay
2021-10-20,19447.0,732.0,0.0,100,452.41,445.0,0,0.0,0.0,,0.0,1,0.45,0.54,SPY211022C00454000,454.0,normalDay
2021-10-21,19447.0,835.0,0.0,100,453.59,445.0,0,0.0,0.0,,0.0,1,0.45,0.69,SPY211022C00454000,454.0,normalDay
2021-10-22,19492.0,812.0,45.0,100,453.12,445.0,0,0.0,0.0,,0.0,1,0.45,0.0,SPY211022C00454000,454.0,expirationDay
2021-10-25,19492.0,1052.0,0.0,100,455.55,445.0,0,0.0,0.0,,0.0,1,0.05,0.08,SPY211029C00463000,463.0,normalDay
2021-10-26,19492.0,1091.0,0.0,100,455.96,445.0,0,0.0,0.0,,0.0,1,0.05,0.1,SPY211029C00463000,463.0,normalDay
2021-10-27,19492.0,896.0,0.0,100,453.94,445.0,0,0.0,0.0,,0.0,1,0.05,0.03,SPY211029C00463000,463.0,normalDay
2021-10-28,19492.0,1333.0,0.0,100,458.32,445.0,0,0.0,0.0,,0.0,1,0.05,0.04,SPY211029C00463000,463.0,normalDay
2021-10-29,19497.0,1425.0,5.0,100,459.25,445.0,0,0.0,0.0,,0.0,1,0.05,0.0,SPY211029C00463000,463.0,expirationDay
2021-11-01,19497.0,1504.0,0.0,100,460.04,445.0,0,0.0,0.0,,0.0,0,0.0,0.0,,0.0,bidTooLow
2021-11-02,19497.0,1690.0,0.0,100,461.9,445.0,0,0.0,0.0,,0.0,0,0.0,0.0,,0.0,bidTooLow
2021-11-03,19497.0,1972.0,0.0,100,464.72,445.0,0,0.0,0.0,,0.0,0,0.0,0.0,,0.0,bidTooLow
2021-11-04,19497.0,2191.0,0.0,100,466.91,445.0,0,0.0,0.0,,0.0,0,0.0,0.0,,0.0,bidTooLow
2021-11-05,19497.0,2353.0,0.0,100,468.53,445.0,0,0.0,0.0,,0.0,0,0.0,0.0,,0.0,bidTooLow
2021-11-08,19497.0,2390.0,0.0,100,468.93,445.0,0,0.0,0.0,,0.0,1,0.02,0.05,SPY211112C00480000,480.0,normalDay
2021-11-09,19497.0,2237.0,0.0,100,467.38,445.0,0,0.0,0.0,,0.0,1,0.02,0.03,SPY211112C00480000,480.0,normalDay
2021-11-10,19497.0,1863.0,0.0,100,463.62,445.0,0,0.0,0.0,,0.0,1,0.02,0.01,SPY211112C00480000,480.0,normalDay
2021-11-11,19497.0,1878.0,0.0,100,463.77,445.0,0,0.0,0.0,,0.0,1,0.02,0.01,SPY211112C00480000,480.0,normalDay
2021-11-12,19499.0,2227.0,2.0,100,467.27,445.0,0,0.0,0.0,,0.0,1,0.02,0.0,SPY211112C00480000,480.0,expirationDay
2021-11-15,19499.0,2240.0,0.0,100,467.43,445.0,0,0.0,0.0,,0.0,1,0.02,0.05,SPY211119C00477000,477.0,normalDay
2021-11-16,19499.0,2424.0,0.0,100,469.28,445.0,0,0.0,0.0,,0.0,1,0.02,0.06,SPY211119C00477000,477.0,normalDay
2021-11-17,19499.0,2313.0,0.0,100,468.14,445.0,0,0.0,0.0,,0.0,1,0.02,0.03,SPY211119C00477000,477.0,normalDay
2021-11-18,19499.0,2473.0,0.0,100,469.73,445.0,0,0.0,0.0,,0.0,1,0.02,0.02,SPY211119C00477000,477.0,normalDay
2021-11-19,19501.0,2389.0,2.0,100,468.89,445.0,0,0.0,0.0,,0.0,1,0.02,0.0,SPY211119C00477000,477.0,expirationDay
2021-11-22,19501.0,2254.0,0.0,100,467.57,445.0,0,0.0,0.0,,0.0,1,0.03,0.06,SPY211126C00477000,477.0,normalDay
2021-11-23,19501.0,2317.0,0.0,100,468.19,445.0,0,0.0,0.0,,0.0,1,0.03,0.05,SPY211126C00477000,477.0,normalDay
2021-11-24,19501.0,2446.0,0.0,100,469.44,445.0,0,0.0,0.0,,0.0,1,0.03,0.01,SPY211126C00477000,477.0,normalDay
2021-11-26,19504.0,1397.0,3.0,100,458.97,445.0,0,0.0,0.0,,0.0,1,0.03,0.0,SPY211126C00477000,477.0,expirationDay
2021-11-29,19504.0,1957.0,0.0,100,464.6,445.0,0,0.0,0.0,,0.0,1,0.11,0.14,SPY211203C00475000,475.0,normalDay
2021-11-30,19504.0,1061.0,0.0,100,455.56,445.0,0,0.0,0.0,,0.0,1,0.11,0.06,SPY211203C00475000,475.0,normalDay
2021-12-01,19504.0,559.0,0.0,100,450.5,445.0,0,0.0,0.0,,0.0,1,0.11,0.02,SPY211203C00475000,475.0,normalDay
2021-12-02,19504.0,1250.0,0.0,100,457.4,445.0,0,0.0,0.0,,0.0,1,0.11,0.01,SPY211203C00475000,475.0,normalDay
2021-12-03,19515.0,842.0,11.0,100,453.42,445.0,0,0.0,0.0,,0.0,1,0.11,0.0,SPY211203C00475000,475.0,expirationDay
2021-12-06,19515.0,1379.0,0.0,100,458.79,445.0,0,0.0,0.0,,0.0,0,0.0,0.0,,0.0,bidTooLow
2021-12-07,19515.0,2325.0,0.0,100,468.28,445.0,0,0.0,0.0,,0.0,1,0.06,0.09,SPY211210C00479000,479.0,normalDay
2021-12-08,19515.0,2454.0,0.0,100,469.52,445.0,0,0.0,0.0,,0.0,1,0.06,0.04,SPY211210C00479000,479.0,normalDay
2021-12-09,19515.0,2140.0,0.0,100,466.35,445.0,0,0.0,0.0,,0.0,1,0.06,0.01,SPY211210C00479000,479.0,normalDay
2021-12-10,19521.0,2574.0,6.0,100,470.74,445.0,0,0.0,0.0,,0.0,1,0.06,0.0,SPY211210C00479000,479.0,expirationDay
2021-12-13,19521.0,2154.0,0.0,100,466.57,445.0,0,0.0,0.0,,0.0,1,0.02,0.05,SPY211217C00481000,481.0,normalDay
2021-12-14,19521.0,1834.0,0.0,100,463.36,445.0,0,0.0,0.0,,0.0,1,0.02,0.04,SPY211217C00481000,481.0,normalDay
2021-12-15,19521.0,2557.0,0.0,100,470.6,445.0,0,0.0,0.0,,0.0,1,0.02,0.05,SPY211217C00481000,481.0,normalDay
2021-12-16,19521.0,2144.0,0.0,100,466.45,445.0,0,0.0,0.0,,0.0,1,0.02,0.03,SPY211217C00481000,481.0,normalDay
2021-12-17,19523.0,1487.0,2.0,100,459.87,445.0,0,0.0,0.0,,0.0,1,0.02,0.0,SPY211217C00481000,481.0,expirationDay
2021-12-20,19523.0,998.0,0.0,100,454.98,445.0,0,0.0,0.0,,0.0,0,0.0,0.0,,0.0,bidTooLow
2021-12-21,19523.0,1806.0,0.0,100,463.06,445.0,0,0.0,0.0,,0.0,0,0.0,0.0,,0.0,bidTooLow
2021-12-22,19523.0,2269.0,0.0,100,467.69,445.0,0,0.0,0.0,,0.0,0,0.0,0.0,,0.0,bidTooLow
2021-12-23,19523.0,2560.0,0.0,100,470.6,445.0,0,0.0,0.0,,0.0,0,0.0,0.0,,0.0,bidTooLow
2021-12-27,19523.0,3223.0,0.0,100,477.26,445.0,0,0.0,0.0,,0.0,1,0.52,0.55,SPY211231C00482000,482.0,normalDay
2021-12-28,19523.0,3192.0,0.0,100,476.87,445.0,0,0.0,0.0,,0.0,1,0.52,0.47,SPY211231C00482000,482.0,normalDay
2021-12-29,19523.0,3277.0,0.0,100,477.48,445.0,0,0.0,0.0,,0.0,1,0.52,0.23,SPY211231C00482000,482.0,normalDay
2021-12-30,19523.0,3164.0,0.0,100,476.16,445.0,0,0.0,0.0,,0.0,1,0.52,0.04,SPY211231C00482000,482.0,normalDay
2021-12-31,19575.0,2996.0,52.0,100,474.96,445.0,0,0.0,0.0,,0.0,1,0.52,0.0,SPY211231C00482000,482.0,expirationDay
2022-01-03,19575.0,3268.0,0.0,100,477.71,445.0,0,0.0,0.0,,0.0,1,0.07,0.1,SPY220107C00486000,486.0,normalDay
2022-01-04,19575.0,3255.0,0.0,100,477.55,445.0,0,0.0,0.0,,0.0,1,0.07,0.07,SPY220107C00486000,486.0,normalDay
2022-01-05,19575.0,2343.0,0.0,100,468.38,445.0,0,0.0,0.0,,0.0,1,0.07,0.02,SPY220107C00486000,486.0,normalDay
2022-01-06,19575.0,2300.0,0.0,100,467.94,445.0,0,0.0,0.0,,0.0,1,0.07,0.01,SPY220107C00486000,486.0,normalDay
2022-01-07,19582.0,2109.0,7.0,100,466.09,445.0,0,0.0,0.0,,0.0,1,0.07,0.0,SPY220107C00486000,486.0,expirationDay
2022-01-10,19582.0,2051.0,0.0,100,465.51,445.0,0,0.0,0.0,,0.0,0,0.0,0.0,,0.0,bidTooLow
2022-01-11,19582.0,2475.0,0.0,100,469.75,445.0,0,0.0,0.0,,0.0,0,0.0,0.0,,0.0,bidTooLow
2022-01-12,19582.0,2602.0,0.0,100,471.02,445.0,0,0.0,0.0,,0.0,0,0.0,0.0,,0.0,bidTooLow
2022-01-13,19582.0,1953.0,0.0,100,464.53,445.0,0,0.0,0.0,,0.0,0,0.0,0.0,,0.0,bidTooLow
2022-01-14,19582.0,1972.0,0.0,100,464.72,445.0,0,0.0,0.0,,0.0,0,0.0,0.0,,0.0,bidTooLow
2022-01-18,19582.0,1149.0,0.0,100,456.49,445.0,0,0.0,0.0,,0.0,0,0.0,0.0,,0.0,bidTooLow
2022-01-19,19582.0,675.0,0.0,100,451.75,445.0,0,0.0,0.0,,0.0,0,0.0,0.0,,0.0,bidTooLow
2022-01-20,19582.0,175.0,0.0,100,446.75,445.0,0,0.0,0.0,,0.0,0,0.0,0.0,,0.0,bidTooLow
2022-01-21,19582.0,-702.0,0.0,100,437.98,445.0,0,0.0,0.0,,0.0,0,0.0,0.0,,0.0,bidTooLow
2022-01-24,19582.0,-516.0,0.0,100,439.84,445.0,0,0.0,0.0,,0.0,0,0.0,0.0,,0.0,bidTooLow
2022-01-25,19582.0,-1053.0,0.0,100,434.47,445.0,0,0.0,0.0,,0.0,0,0.0,0.0,,0.0,bidTooLow
2022-01-26,19582.0,-1162.0,0.0,100,433.38,445.0,0,0.0,0.0,,0.0,0,0.0,0.0,,0.0,bidTooLow
2022-01-27,19582.0,-1376.0,0.0,100,431.24,445.0,0,0.0,0.0,,0.0,0,0.0,0.0,,0.0,bidTooLow
2022-01-28,19582.0,-305.0,0.0,100,441.95,445.0,0,0.0,0.0,,0.0,0,0.0,0.0,,0.0,bidTooLow
2022-01-31,19582.0,491.0,0.0,100,449.91,445.0,0,0.0,0.0,,0.0,0,0.0,0.0,,0.0,bidTooLow
2022-02-01,19582.0,795.0,0.0,100,452.95,445.0,0,0.0,0.0,,0.0,0,0.0,0.0,,0.0,bidTooLow
2022-02-02,19582.0,1235.0,0.0,100,457.35,445.0,0,0.0,0.0,,0.0,0,0.0,0.0,,0.0,bidTooLow
2022-02-03,19582.0,160.0,0.0,100,446.6,445.0,0,0.0,0.0,,0.0,0,0.0,0.0,,0.0,bidTooLow
2022-02-04,19582.0,370.0,0.0,100,448.7,445.0,0,0.0,0.0,,0.0,0,0.0,0.0,,0.0,bidTooLow
2022-02-07,19582.0,226.0,0.0,100,447.26,445.0,0,0.0,0.0,,0.0,0,0.0,0.0,,0.0,bidTooLow
2022-02-08,19582.0,594.0,0.0,100,450.94,445.0,0,0.0,0.0,,0.0,0,0.0,0.0,,0.0,bidTooLow
2022-02-09,19582.0,1254.0,0.0,100,457.54,445.0,0,0.0,0.0,,0.0,0,0.0,0.0,,0.0,bidTooLow
2022-02-10,19582.0,432.0,0.0,100,449.32,445.0,0,0.0,0.0,,0.0,0,0.0,0.0,,0.0,bidTooLow
2022-02-11,19582.0,-454.0,0.0,100,440.46,445.0,0,0.0,0.0,,0.0,0,0.0,0.0,,0.0,bidTooLow
2022-02-14,19582.0,-601.0,0.0,100,439.02,445.0,0,0.0,0.0,,0.0,1,0.01,0.04,SPY220218C00467000,467.0,normalDay
2022-02-15,19582.0,107.0,0.0,100,446.1,445.0,0,0.0,0.0,,0.0,1,0.01,0.04,SPY220218C00467000,467.0,normalDay
2022-02-16,19582.0,159.0,0.0,100,446.6,445.0,0,0.0,0.0,,0.0,1,0.01,0.02,SPY220218C00467000,467.0,normalDay
2022-02-17,19582.0,-794.0,0.0,100,437.06,445.0,0,0.0,0.0,,0.0,1,0.01,0.01,SPY220218C00467000,467.0,normalDay
2022-02-18,19583.0,-1077.0,1.0,100,434.23,445.0,0,0.0,0.0,,0.0,1,0.01,0.0,SPY220218C00467000,467.0,expirationDay
2022-02-22,19583.0,-1543.0,0.0,100,429.57,445.0,0,0.0,0.0,,0.0,0,0.0,0.0,,0.0,bidTooLow
2022-02-23,19583.0,-2305.0,0.0,100,421.95,445.0,0,0.0,0.0,,0.0,0,0.0,0.0,,0.0,bidTooLow
2022-02-24,19583.0,-1670.0,0.0,100,428.3,445.0,0,0.0,0.0,,0.0,0,0.0,0.0,,0.0,bidTooLow
2022-02-25,19583.0,-725.0,0.0,100,437.75,445.0,0,0.0,0.0,,0.0,0,0.0,0.0,,0.0,bidTooLow
2022-02-28,19583.0,-837.0,0.0,100,436.63,445.0,0,0.0,0.0,,0.0,0,0.0,0.0,,0.0,bidTooLow
2022-03-01,19583.0,-1502.0,0.0,100,429.98,445.0,0,0.0,0.0,,0.0,0,0.0,0.0,,0.0,bidTooLow
2022-03-02,19583.0,-711.0,0.0,100,437.89,445.0,0,0.0,0.0,,0.0,0,0.0,0.0,,0.0,bidTooLow
2022-03-03,19583.0,-929.0,0.0,100,435.71,445.0,0,0.0,0.0,,0.0,0,0.0,0.0,,0.0,bidTooLow
2022-03-04,19583.0,-1283.0,0.0,100,432.17,445.0,0,0.0,0.0,,0.0,0,0.0,0.0,,0.0,bidTooLow
2022-03-07,19583.0,-2557.0,0.0,100,419.43,445.0,0,0.0,0.0,,0.0,0,0.0,0.0,,0.0,bidTooLow
2022-03-08,19583.0,-2875.0,0.0,100,416.25,445.0,0,0.0,0.0,,0.0,0,0.0,0.0,,0.0,bidTooLow
2022-03-09,19583.0,-1759.0,0.0,100,427.41,445.0,0,0.0,0.0,,0.0,0,0.0,0.0,,0.0,bidTooLow
2022-03-10,19583.0,-1952.0,0.0,100,425.48,445.0,0,0.0,0.0,,0.0,0,0.0,0.0,,0.0,bidTooLow
2022-03-11,19583.0,-2493.0,0.0,100,420.07,445.0,0,0.0,0.0,,0.0,0,0.0,0.0,,0.0,bidTooLow
2022-03-14,19583.0,-2803.0,0.0,100,417.0,445.0,0,0.0,0.0,,0.0,1,0.01,0.04,SPY220318C00454000,454.0,normalDay
2022-03-15,19583.0,-1885.0,0.0,100,426.17,445.0,0,0.0,0.0,,0.0,1,0.01,0.03,SPY220318C00454000,454.0,normalDay
2022-03-16,19583.0,-941.0,0.0,100,435.62,445.0,0,0.0,0.0,,0.0,1,0.01,0.04,SPY220318C00454000,454.0,normalDay
2022-03-17,19583.0,-395.0,0.0,100,441.07,445.0,0,0.0,0.0,,0.0,1,0.01,0.03,SPY220318C00454000,454.0,normalDay
2022-03-18,19584.0,-48.0,1.0,100,444.52,445.0,0,0.0,0.0,,0.0,1,0.01,0.0,SPY220318C00454000,454.0,expirationDay
2022-03-21,19584.0,-64.0,0.0,100,444.39,445.0,0,0.0,0.0,,0.0,1,0.76,0.79,SPY220325C00453000,453.0,normalDay
2022-03-22,19584.0,374.0,0.0,100,449.59,445.0,0,0.0,0.0,,0.0,1,0.76,1.61,SPY220325C00453000,453.0,normalDay
2022-03-23,19584.0,-67.0,0.0,100,443.8,445.0,0,0.0,0.0,,0.0,1,0.76,0.23,SPY220325C00453000,453.0,normalDay
2022-03-24,19584.0,557.0,0.0,100,450.49,445.0,0,0.0,0.0,,0.0,1,0.76,0.68,SPY220325C00453000,453.0,normalDay
2022-03-25,19660.0,769.0,76.0,100,452.69,445.0,0,0.0,0.0,,0.0,1,0.76,0.0,SPY220325C00453000,453.0,expirationDay
2022-03-28,19660.0,1088.0,0.0,100,455.91,445.0,0,0.0,0.0,,0.0,1,0.13,0.16,SPY220401C00467000,467.0,normalDay
2022-03-29,19660.0,1604.0,0.0,100,461.55,445.0,0,0.0,0.0,,0.0,1,0.13,0.64,SPY220401C00467000,467.0,normalDay
2022-03-30,19660.0,1365.0,0.0,100,458.7,445.0,0,0.0,0.0,,0.0,1,0.13,0.18,SPY220401C00467000,467.0,normalDay
2022-03-31,19660.0,675.0,0.0,100,451.64,445.0,0,0.0,0.0,,0.0,1,0.13,0.02,SPY220401C00467000,467.0,normalDay
2022-04-01,19673.0,792.0,13.0,100,452.92,445.0,0,0.0,0.0,,0.0,1,0.13,0.0,SPY220401C00467000,467.0,expirationDay
2022-04-04,19673.0,1180.0,0.0,100,456.8,445.0,0,0.0,0.0,,0.0,0,0.0,0.0,,0.0,bidTooLow
2022-04-05,19673.0,603.0,0.0,100,451.03,445.0,0,0.0,0.0,,0.0,0,0.0,0.0,,0.0,bidTooLow
2022-04-06,19673.0,152.0,0.0,100,446.52,445.0,0,0.0,0.0,,0.0,0,0.0,0.0,,0.0,bidTooLow
2022-04-07,19673.0,377.0,0.0,100,448.77,445.0,0,0.0,0.0,,0.0,0,0.0,0.0,,0.0,bidTooLow
2022-04-08,19673.0,257.0,0.0,100,447.57,445.0,0,0.0,0.0,,0.0,0,0.0,0.0,,0.0,bidTooLow
2022-04-11,19673.0,-508.0,0.0,100,439.92,445.0,0,0.0,0.0,,0.0,0,0.0,0.0,,0.0,bidTooLow
2022-04-12,19673.0,-671.0,0.0,100,438.29,445.0,0,0.0,0.0,,0.0,0,0.0,0.0,,0.0,bidTooLow
2022-04-13,19673.0,-169.0,0.0,100,443.31,445.0,0,0.0,0.0,,0.0,0,0.0,0.0,,0.0,bidTooLow
2022-04-14,19673.0,-721.0,0.0,100,437.79,445.0,0,0.0,0.0,,0.0,0,0.0,0.0,,0.0,bidTooLow
2022-04-18,19673.0,-703.0,0.0,100,437.97,445.0,0,0.0,0.0,,0.0,0,0.0,0.0,,0.0,bidTooLow
2022-04-19,19673.0,4.0,0.0,100,445.04,445.0,0,0.0,0.0,,0.0,0,0.0,0.0,,0.0,bidTooLow
2022-04-20,19673.0,-29.0,0.0,100,444.71,445.0,0,0.0,0.0,,0.0,0,0.0,0.0,,0.0,bidTooLow
2022-04-21,19673.0,-694.0,0.0,100,438.06,445.0,0,0.0,0.0,,0.0,0,0.0,0.0,,0.0,bidTooLow
2022-04-22,19673.0,-1896.0,0.0,100,426.04,445.0,0,0.0,0.0,,0.0,0,0.0,0.0,,0.0,bidTooLow
2022-04-25,19673.0,-1649.0,0.0,100,428.51,445.0,0,0.0,0.0,,0.0,0,0.0,0.0,,0.0,bidTooLow
2022-04-26,19673.0,-2890.0,0.0,100,416.1,445.0,0,0.0,0.0,,0.0,0,0.0,0.0,,0.0,bidTooLow
2022-04-27,19673.0,-2773.0,0.0,100,417.27,445.0,0,0.0,0.0,,0.0,0,0.0,0.0,,0.0,bidTooLow
2022-04-28,19673.0,-1719.0,0.0,100,427.81,445.0,0,0.0,0.0,,0.0,0,0.0,0.0,,0.0,bidTooLow
2022-04-29,19673.0,-3300.0,0.0,100,412.0,445.0,0,0.0,0.0,,0.0,0,0.0,0.0,,0.0,bidTooLow
2022-05-02,19673.0,-3052.0,0.0,100,414.48,445.0,0,0.0,0.0,,0.0,0,0.0,0.0,,0.0,bidTooLow
2022-05-03,19673.0,-2862.0,0.0,100,416.38,445.0,0,0.0,0.0,,0.0,0,0.0,0.0,,0.0,bidTooLow
2022-05-04,19673.0,-1594.0,0.0,100,429.06,445.0,0,0.0,0.0,,0.0,0,0.0,0.0,,0.0,bidTooLow
2022-05-05,19673.0,-3119.0,0.0,100,413.81,445.0,0,0.0,0.0,,0.0,0,0.0,0.0,,0.0,bidTooLow
2022-05-06,19673.0,-3366.0,0.0,100,411.34,445.0,0,0.0,0.0,,0.0,0,0.0,0.0,,0.0,bidTooLow
2022-05-09,19673.0,-4683.0,0.0,100,398.17,445.0,0,0.0,0.0,,0.0,0,0.0,0.0,,0.0,bidTooLow
2022-05-10,19673.0,-4591.0,0.0,100,399.09,445.0,0,0.0,0.0,,0.0,0,0.0,0.0,,0.0,bidTooLow
2022-05-11,19673.0,-5225.0,0.0,100,392.75,445.0,0,0.0,0.0,,0.0,0,0.0,0.0,,0.0,bidTooLow
2022-05-12,19673.0,-5266.0,0.0,100,392.34,445.0,0,0.0,0.0,,0.0,0,0.0,0.0,,0.0,bidTooLow
2022-05-13,19673.0,-4328.0,0.0,100,401.72,445.0,0,0.0,0.0,,0.0,0,0.0,0.0,,0.0,bidTooLow
2022-05-16,19673.0,-4491.0,0.0,100,400.09,445.0,0,0.0,0.0,,0.0,0,0.0,0.0,,0.0,bidTooLow
2022-05-17,19673.0,-3668.0,0.0,100,408.32,445.0,0,0.0,0.0,,0.0,0,0.0,0.0,,0.0,bidTooLow
2022-05-18,19673.0,-5314.0,0.0,100,391.86,445.0,0,0.0,0.0,,0.0,0,0.0,0.0,,0.0,bidTooLow
2022-05-19,19673.0,-5554.0,0.0,100,389.46,445.0,0,0.0,0.0,,0.0,0,0.0,0.0,,0.0,bidTooLow
2022-05-20,19673.0,-5537.0,0.0,100,389.63,445.0,0,0.0,0.0,,0.0,0,0.0,0.0,,0.0,bidTooLow
2022-05-23,19673.0,-4808.0,0.0,100,396.92,445.0,0,0.0,0.0,,0.0,0,0.0,0.0,,0.0,bidTooLow
2022-05-24,19673.0,-5111.0,0.0,100,393.89,445.0,0,0.0,0.0,,0.0,0,0.0,0.0,,0.0,bidTooLow
2022-05-25,19673.0,-4763.0,0.0,100,397.37,445.0,0,0.0,0.0,,0.0,0,0.0,0.0,,0.0,bidTooLow
2022-05-26,19673.0,-3969.0,0.0,100,405.31,445.0,0,0.0,0.0,,0.0,0,0.0,0.0,,0.0,bidTooLow
2022-05-27,19673.0,-2974.0,0.0,100,415.26,445.0,0,0.0,0.0,,0.0,0,0.0,0.0,,0.0,bidTooLow
2022-05-31,19673.0,-3210.0,0.0,100,412.93,445.0,0,0.0,0.0,,0.0,1,0.05,0.08,SPY220603C00431000,431.0,normalDay
2022-06-01,19673.0,-3538.0,0.0,100,409.59,445.0,0,0.0,0.0,,0.0,1,0.05,0.02,SPY220603C00431000,431.0,normalDay
2022-06-02,19673.0,-2758.0,0.0,100,417.39,445.0,0,0.0,0.0,,0.0,1,0.05,0.02,SPY220603C00431000,431.0,normalDay
2022-06-03,19678.0,-3446.0,5.0,100,410.54,445.0,0,0.0,0.0,,0.0,1,0.05,0.0,SPY220603C00431000,431.0,expirationDay
2022-06-06,19678.0,-3324.0,0.0,100,411.79,445.0,0,0.0,0.0,,0.0,1,0.4,0.43,SPY220610C00425000,425.0,normalDay
2022-06-07,19678.0,-2943.0,0.0,100,415.74,445.0,0,0.0,0.0,,0.0,1,0.4,0.57,SPY220610C00425000,425.0,normalDay
2022-06-08,19678.0,-3348.0,0.0,100,411.22,445.0,0,0.0,0.0,,0.0,1,0.4,0.1,SPY220610C00425000,425.0,normalDay
2022-06-09,19678.0,-4319.0,0.0,100,401.44,445.0,0,0.0,0.0,,0.0,1,0.4,0.03,SPY220610C00425000,425.0,normalDay
2022-06-10,19718.0,-5520.0,40.0,100,389.8,445.0,0,0.0,0.0,,0.0,1,0.4,0.0,SPY220610C00425000,425.0,expirationDay
2022-06-13,19718.0,-7000.0,0.0,100,375.0,445.0,0,0.0,0.0,,0.0,0,0.0,0.0,,0.0,bidTooLow
2022-06-14,19718.0,-7113.0,0.0,100,373.87,445.0,0,0.0,0.0,,0.0,0,0.0,0.0,,0.0,bidTooLow
2022-06-15,19718.0,-6580.0,0.0,100,379.2,445.0,0,0.0,0.0,,0.0,0,0.0,0.0,,0.0,bidTooLow
2022-06-16,19718.0,-7835.0,0.0,100,366.65,445.0,0,0.0,0.0,,0.0,0,0.0,0.0,,0.0,bidTooLow
2022-06-17,19718.0,-7914.0,0.0,100,365.86,445.0,0,0.0,0.0,,0.0,0,0.0,0.0,,0.0,bidTooLow
2022-06-21,19718.0,-6993.0,0.0,100,375.07,445.0,0,0.0,0.0,,0.0,0,0.0,0.0,,0.0,bidTooLow
2022-06-22,19718.0,-7061.0,0.0,100,374.39,445.0,0,0.0,0.0,,0.0,0,0.0,0.0,,0.0,bidTooLow
2022-06-23,19718.0,-6694.0,0.0,100,378.06,445.0,0,0.0,0.0,,0.0,0,0.0,0.0,,0.0,bidTooLow
2022-06-24,19718.0,-5492.0,0.0,100,390.08,445.0,0,0.0,0.0,,0.0,0,0.0,0.0,,0.0,bidTooLow
2022-06-27,19718.0,-5641.0,0.0,100,388.59,445.0,0,0.0,0.0,,0.0,0,0.0,0.0,,0.0,bidTooLow
2022-06-28,19718.0,-6435.0,0.0,100,380.65,445.0,0,0.0,0.0,,0.0,0,0.0,0.0,,0.0,bidTooLow
2022-06-29,19718.0,-6466.0,0.0,100,380.34,445.0,0,0.0,0.0,,0.0,0,0.0,0.0,,0.0,bidTooLow
2022-06-30,19718.0,-6775.0,0.0,100,377.25,445.0,0,0.0,0.0,,0.0,0,0.0,0.0,,0.0,bidTooLow
2022-07-01,19718.0,-6376.0,0.0,100,381.24,445.0,0,0.0,0.0,,0.0,0,0.0,0.0,,0.0,bidTooLow
2022-07-05,19718.0,-6304.0,0.0,100,381.96,445.0,0,0.0,0.0,,0.0,0,0.0,0.0,,0.0,bidTooLow
2022-07-06,19718.0,-6175.0,0.0,100,383.25,445.0,0,0.0,0.0,,0.0,0,0.0,0.0,,0.0,bidTooLow
2022-07-07,19718.0,-5601.0,0.0,100,388.99,445.0,0,0.0,0.0,,0.0,0,0.0,0.0,,0.0,bidTooLow
2022-07-08,19718.0,-5633.0,0.0,100,388.67,445.0,0,0.0,0.0,,0.0,0,0.0,0.0,,0.0,bidTooLow
2022-07-11,19718.0,-6080.0,0.0,100,384.23,445.0,0,0.0,0.0,,0.0,1,0.25,0.28,SPY220715C00399000,399.0,normalDay
2022-07-12,19718.0,-6405.0,0.0,100,380.83,445.0,0,0.0,0.0,,0.0,1,0.25,0.13,SPY220715C00399000,399.0,normalDay
2022-07-13,19718.0,-6595.0,0.0,100,378.83,445.0,0,0.0,0.0,,0.0,1,0.25,0.03,SPY220715C00399000,399.0,normalDay
2022-07-14,19718.0,-6685.0,0.0,100,377.91,445.0,0,0.0,0.0,,0.0,1,0.25,0.01,SPY220715C00399000,399.0,normalDay
2022-07-15,19743.0,-5987.0,25.0,100,385.13,445.0,0,0.0,0.0,,0.0,1,0.25,0.0,SPY220715C00399000,399.0,expirationDay
2022-07-18,19743.0,-6308.0,0.0,100,381.95,445.0,0,0.0,0.0,,0.0,1,0.19,0.22,SPY220722C00396000,396.0,normalDay
2022-07-19,19743.0,-5451.0,0.0,100,392.27,445.0,0,0.0,0.0,,0.0,1,0.19,1.97,SPY220722C00396000,396.0,normalDay
2022-07-20,19743.0,-5239.0,0.0,100,394.77,445.0,0,0.0,0.0,,0.0,1,0.19,2.35,SPY220722C00396000,396.0,normalDay
2022-07-21,19743.0,-4945.0,0.0,100,398.79,445.0,0,0.0,0.0,,0.0,1,0.19,3.43,SPY220722C00396000,396.0,normalDay
2022-07-22,19762.0,-4991.0,19.0,100,395.09,445.0,0,0.0,0.0,,0.0,1,0.19,0.0,SPY220722C00396000,396.0,expirationDay
2022-07-25,19762.0,-4946.0,0.0,100,395.57,445.0,0,0.0,0.0,,0.0,1,1.42,1.45,SPY220729C00403000,403.0,normalDay
2022-07-26,19762.0,-5329.0,0.0,100,390.89,445.0,0,0.0,0.0,,0.0,1,1.42,0.6,SPY220729C00403000,403.0,normalDay
2022-07-27,19762.0,-4440.0,0.0,100,401.04,445.0,0,0.0,0.0,,0.0,1,1.42,1.86,SPY220729C00403000,403.0,normalDay
2022-07-28,19762.0,-4245.0,0.0,100,406.07,445.0,0,0.0,0.0,,0.0,1,1.42,4.94,SPY220729C00403000,403.0,normalDay
2022-07-29,15704.0,-4245.0,-4058.0,0,411.99,0.0,0,0.0,0.0,,0.0,1,1.42,0.0,SPY220729C00403000,403.0,expirationDay
2022-08-01,15704.0,0.0,0.0,0,410.77,0.0,0,0.0,0.0,,0.0,0,0.0,0.0,,0.0,bidTooLow
2022-08-02,15704.0,0.0,0.0,0,408.06,0.0,0,0.0,0.0,,0.0,0,0.0,0.0,,0.0,bidTooLow
2022-08-03,15704.0,0.0,0.0,0,414.45,0.0,0,0.0,0.0,,0.0,0,0.0,0.0,,0.0,bidTooLow
2022-08-04,15704.0,0.0,0.0,0,414.17,0.0,0,0.0,0.0,,0.0,0,0.0,0.0,,0.0,bidTooLow
2022-08-05,15704.0,0.0,0.0,0,413.47,0.0,0,0.0,0.0,,0.0,0,0.0,0.0,,0.0,bidTooLow
2022-08-08,15704.0,0.0,0.0,0,412.99,0.0,0,0.0,0.0,,0.0,0,0.0,0.0,,0.0,bidTooLow
2022-08-09,15704.0,0.0,0.0,0,411.35,0.0,0,0.0,0.0,,0.0,0,0.0,0.0,,0.0,bidTooLow
2022-08-10,15704.0,0.0,0.0,0,419.99,0.0,0,0.0,0.0,,0.0,0,0.0,0.0,,0.0,bidTooLow
2022-08-11,15704.0,0.0,0.0,0,419.99,0.0,0,0.0,0.0,,0.0,0,0.0,0.0,,0.0,bidTooLow
2022-08-12,15704.0,0.0,0.0,0,427.1,0.0,0,0.0,0.0,,0.0,0,0.0,0.0,,0.0,bidTooLow
2022-08-15,15704.0,0.0,0.0,0,428.86,0.0,0,0.0,0.0,,0.0,0,0.0,0.0,,0.0,bidTooLow
2022-08-16,15704.0,0.0,0.0,0,429.7,0.0,0,0.0,0.0,,0.0,0,0.0,0.0,,0.0,bidTooLow
2022-08-17,15704.0,0.0,0.0,0,426.65,0.0,0,0.0,0.0,,0.0,0,0.0,0.0,,0.0,bidTooLow
2022-08-18,15704.0,0.0,0.0,0,427.89,0.0,0,0.0,0.0,,0.0,0,0.0,0.0,,0.0,bidTooLow
2022-08-19,15704.0,0.0,0.0,0,422.14,0.0,0,0.0,0.0,,0.0,0,0.0,0.0,,0.0,bidTooLow
2022-08-22,15704.0,-3.0,0.0,0,413.35,0.0,1,0.5,0.53,SPY220824P00406000,406.0,0,0.0,0.0,,0.0,normalDay
2022-08-23,15704.0,23.0,0.0,0,412.35,0.0,1,0.5,0.27,SPY220824P00406000,406.0,0,0.0,0.0,,0.0,normalDay
2022-08-24,15754.0,0.0,50.0,0,413.67,0.0,1,0.5,0.0,SPY220824P00406000,406.0,0,0.0,0.0,,0.0,expirationDay
2022-08-25,15754.0,-3.0,0.0,0,419.51,0.0,1,0.39,0.42,SPY220826P00411000,411.0,0,0.0,0.0,,0.0,normalDay
2022-08-26,15793.0,-569.0,39.0,100,405.31,411.0,1,0.39,0.0,SPY220826P00411000,411.0,0,0.0,0.0,,0.0,expirationDay
2022-08-29,15793.0,-837.0,0.0,100,402.63,411.0,0,0.0,0.0,,0.0,0,0.0,0.0,,0.0,bidTooLow
2022-08-30,15793.0,-1279.0,0.0,100,398.21,411.0,0,0.0,0.0,,0.0,0,0.0,0.0,,0.0,bidTooLow
2022-08-31,15793.0,-1582.0,0.0,100,395.18,411.0,0,0.0,0.0,,0.0,0,0.0,0.0,,0.0,bidTooLow
2022-09-01,15793.0,-1458.0,0.0,100,396.42,411.0,0,0.0,0.0,,0.0,0,0.0,0.0,,0.0,bidTooLow
2022-09-02,15793.0,-1876.0,0.0,100,392.24,411.0,0,0.0,0.0,,0.0,0,0.0,0.0,,0.0,bidTooLow
2022-09-06,15793.0,-2024.0,0.0,100,390.76,411.0,0,0.0,0.0,,0.0,0,0.0,0.0,,0.0,bidTooLow
2022-09-07,15793.0,-1322.0,0.0,100,397.78,411.0,0,0.0,0.0,,0.0,0,0.0,0.0,,0.0,bidTooLow
2022-09-08,15793.0,-1062.0,0.0,100,400.38,411.0,0,0.0,0.0,,0.0,0,0.0,0.0,,0.0,bidTooLow
2022-09-09,15793.0,-440.0,0.0,100,406.6,411.0,0,0.0,0.0,,0.0,0,0.0,0.0,,0.0,bidTooLow
2022-09-12,15793.0,-3.0,0.0,100,410.97,411.0,0,0.0,0.0,,0.0,0,0.0,0.0,,0.0,bidTooLow
2022-09-13,15793.0,-1790.0,0.0,100,393.1,411.0,0,0.0,0.0,,0.0,0,0.0,0.0,,0.0,bidTooLow
2022-09-14,15793.0,-1640.0,0.0,100,394.6,411.0,0,0.0,0.0,,0.0,0,0.0,0.0,,0.0,bidTooLow
2022-09-15,15793.0,-2088.0,0.0,100,390.12,411.0,0,0.0,0.0,,0.0,0,0.0,0.0,,0.0,bidTooLow
2022-09-16,15793.0,-2544.0,0.0,100,385.56,411.0,0,0.0,0.0,,0.0,0,0.0,0.0,,0.0,bidTooLow
2022-09-19,15793.0,-2245.0,0.0,100,388.55,411.0,0,0.0,0.0,,0.0,0,0.0,0.0,,0.0,bidTooLow
2022-09-20,15793.0,-2691.0,0.0,100,384.09,411.0,0,0.0,0.0,,0.0,0,0.0,0.0,,0.0,bidTooLow
2022-09-21,15793.0,-3361.0,0.0,100,377.39,411.0,0,0.0,0.0,,0.0,0,0.0,0.0,,0.0,bidTooLow
2022-09-22,15793.0,-3678.0,0.0,100,374.22,411.0,0,0.0,0.0,,0.0,0,0.0,0.0,,0.0,bidTooLow
2022-09-23,15793.0,-4305.0,0.0,100,367.95,411.0,0,0.0,0.0,,0.0,0,0.0,0.0,,0.0,bidTooLow
2022-09-26,15793.0,-4669.0,0.0,100,364.31,411.0,0,0.0,0.0,,0.0,0,0.0,0.0,,0.0,bidTooLow
2022-09-27,15793.0,-4762.0,0.0,100,363.38,411.0,0,0.0,0.0,,0.0,0,0.0,0.0,,0.0,bidTooLow
2022-09-28,15793.0,-4047.0,0.0,100,370.53,411.0,0,0.0,0.0,,0.0,0,0.0,0.0,,0.0,bidTooLow
2022-09-29,15793.0,-4821.0,0.0,100,362.79,411.0,0,0.0,0.0,,0.0,0,0.0,0.0,,0.0,bidTooLow
2022-09-30,15793.0,-5382.0,0.0,100,357.18,411.0,0,0.0,0.0,,0.0,0,0.0,0.0,,0.0,bidTooLow
2022-10-03,15793.0,-4439.0,0.0,100,366.61,411.0,0,0.0,0.0,,0.0,0,0.0,0.0,,0.0,bidTooLow
2022-10-04,15793.0,-3303.0,0.0,100,377.97,411.0,0,0.0,0.0,,0.0,0,0.0,0.0,,0.0,bidTooLow
2022-10-05,15793.0,-3391.0,0.0,100,377.09,411.0,0,0.0,0.0,,0.0,0,0.0,0.0,,0.0,bidTooLow
2022-10-06,15793.0,-3780.0,0.0,100,373.2,411.0,0,0.0,0.0,,0.0,0,0.0,0.0,,0.0,bidTooLow
2022-10-07,15793.0,-4821.0,0.0,100,362.79,411.0,0,0.0,0.0,,0.0,0,0.0,0.0,,0.0,bidTooLow
2022-10-10,15793.0,-5098.0,0.0,100,360.02,411.0,0,0.0,0.0,,0.0,0,0.0,0.0,,0.0,bidTooLow
2022-10-11,15793.0,-5326.0,0.0,100,357.74,411.0,0,0.0,0.0,,0.0,0,0.0,0.0,,0.0,bidTooLow
2022-10-12,15793.0,-5444.0,0.0,100,356.56,411.0,0,0.0,0.0,,0.0,0,0.0,0.0,,0.0,bidTooLow
2022-10-13,15793.0,-4503.0,0.0,100,365.97,411.0,0,0.0,0.0,,0.0,0,0.0,0.0,,0.0,bidTooLow
2022-10-14,15793.0,-5337.0,0.0,100,357.63,411.0,0,0.0,0.0,,0.0,0,0.0,0.0,,0.0,bidTooLow
2022-10-17,15793.0,-4421.0,0.0,100,366.82,411.0,0,0.0,0.0,,0.0,1,0.15,0.18,SPY221021C00388000,388.0,normalDay
2022-10-18,15793.0,-3999.0,0.0,100,371.13,411.0,0,0.0,0.0,,0.0,1,0.15,0.27,SPY221021C00388000,388.0,normalDay
2022-10-19,15793.0,-4240.0,0.0,100,368.5,411.0,0,0.0,0.0,,0.0,1,0.15,0.05,SPY221021C00388000,388.0,normalDay
2022-10-20,15793.0,-4546.0,0.0,100,365.41,411.0,0,0.0,0.0,,0.0,1,0.15,0.02,SPY221021C00388000,388.0,normalDay
2022-10-21,15808.0,-3671.0,15.0,100,374.29,411.0,0,0.0,0.0,,0.0,1,0.15,0.0,SPY221021C00388000,388.0,expirationDay
2022-10-24,15808.0,-3216.0,0.0,100,378.87,411.0,0,0.0,0.0,,0.0,1,2.44,2.47,SPY221028C00385000,385.0,normalDay
2022-10-25,15808.0,-2698.0,0.0,100,384.92,411.0,0,0.0,0.0,,0.0,1,2.44,3.34,SPY221028C00385000,385.0,normalDay
2022-10-26,15808.0,-2870.0,0.0,100,382.02,411.0,0,0.0,0.0,,0.0,1,2.44,2.16,SPY221028C00385000,385.0,normalDay
2022-10-27,15808.0,-2882.0,0.0,100,379.98,411.0,0,0.0,0.0,,0.0,1,2.44,0.24,SPY221028C00385000,385.0,normalDay
2022-10-28,13452.0,-2882.0,-2356.0,0,389.02,0.0,0,0.0,0.0,,0.0,1,2.44,0.0,SPY221028C00385000,385.0,expirationDay
2022-10-31,13452.0,-3.0,0.0,0,386.21,0.0,1,0.01,0.04,SPY221102P00362000,362.0,0,0.0,0.0,,0.0,normalDay
2022-11-01,13452.0,-2.0,0.0,0,384.52,0.0,1,0.01,0.03,SPY221102P00362000,362.0,0,0.0,0.0,,0.0,normalDay
2022-11-02,13453.0,0.0,1.0,0,374.87,0.0,1,0.01,0.0,SPY221102P00362000,362.0,0,0.0,0.0,,0.0,expirationDay
2022-11-03,13453.0,-3.0,0.0,0,371.01,0.0,1,0.19,0.22,SPY221104P00362000,362.0,0,0.0,0.0,,0.0,normalDay
2022-11-04,13472.0,0.0,19.0,0,376.35,0.0,1,0.19,0.0,SPY221104P00362000,362.0,0,0.0,0.0,,0.0,expirationDay
2022-11-07,13472.0,-3.0,0.0,0,379.95,0.0,1,0.05,0.08,SPY221109P00364000,364.0,0,0.0,0.0,,0.0,normalDay
2022-11-08,13472.0,-1.0,0.0,0,382.0,0.0,1,0.05,0.06,SPY221109P00364000,364.0,0,0.0,0.0,,0.0,normalDay
2022-11-09,13477.0,0.0,5.0,0,374.13,0.0,1,0.05,0.0,SPY221109P00364000,364.0,0,0.0,0.0,,0.0,expirationDay
2022-11-10,13477.0,0.0,0.0,0,394.69,0.0,0,0.0,0.0,,0.0,0,0.0,0.0,,0.0,bidTooLow
2022-11-11,13477.0,0.0,0.0,0,398.51,0.0,0,0.0,0.0,,0.0,0,0.0,0.0,,0.0,bidTooLow
2022-11-14,13477.0,-3.0,0.0,0,395.12,0.0,1,0.01,0.04,SPY221116P00371000,371.0,0,0.0,0.0,,0.0,normalDay
2022-11-15,13477.0,-1.0,0.0,0,398.49,0.0,1,0.01,0.02,SPY221116P00371000,371.0,0,0.0,0.0,,0.0,normalDay
2022-11-16,13478.0,0.0,1.0,0,395.45,0.0,1,0.01,0.0,SPY221116P00371000,371.0,0,0.0,0.0,,0.0,expirationDay
2022-11-17,13478.0,-3.0,0.0,0,394.24,0.0,1,0.02,0.05,SPY221118P00376000,376.0,0,0.0,0.0,,0.0,normalDay
2022-11-18,13480.0,0.0,2.0,0,396.03,0.0,1,0.02,0.0,SPY221118P00376000,376.0,0,0.0,0.0,,0.0,expirationDay
2022-11-21,13480.0,-3.0,0.0,0,394.59,0.0,1,0.01,0.04,SPY221123P00378000,378.0,0,0.0,0.0,,0.0,normalDay
2022-11-22,13480.0,-1.0,0.0,0,399.9,0.0,1,0.01,0.02,SPY221123P00378000,378.0,0,0.0,0.0,,0.0,normalDay
2022-11-23,13481.0,0.0,1.0,0,402.42,0.0,1,0.01,0.0,SPY221123P00378000,378.0,0,0.0,0.0,,0.0,expirationDay
2022-11-25,13481.0,0.0,0.0,0,402.33,0.0,0,0.0,0.0,,0.0,0,0.0,0.0,,0.0,bidTooLow
2022-11-28,13481.0,-3.0,0.0,0,395.91,0.0,1,0.03,0.06,SPY221130P00380000,380.0,0,0.0,0.0,,0.0,normalDay
2022-11-29,13481.0,0.0,0.0,0,395.23,0.0,1,0.03,0.03,SPY221130P00380000,380.0,0,0.0,0.0,,0.0,normalDay
2022-11-30,13484.0,0.0,3.0,0,407.68,0.0,1,0.03,0.0,SPY221130P00380000,380.0,0,0.0,0.0,,0.0,expirationDay
2022-12-01,13484.0,0.0,0.0,0,407.38,0.0,0,0.0,0.0,,0.0,0,0.0,0.0,,0.0,bidTooLow
2022-12-02,13484.0,0.0,0.0,0,406.91,0.0,0,0.0,0.0,,0.0,0,0.0,0.0,,0.0,bidTooLow
2022-12-05,13484.0,-3.0,0.0,0,399.59,0.0,1,0.04,0.07,SPY221207P00387000,387.0,0,0.0,0.0,,0.0,normalDay
2022-12-06,13484.0,-11.0,0.0,0,393.83,0.0,1,0.04,0.15,SPY221207P00387000,387.0,0,0.0,0.0,,0.0,normalDay
2022-12-07,13488.0,0.0,4.0,0,393.16,0.0,1,0.04,0.0,SPY221207P00387000,387.0,0,0.0,0.0,,0.0,expirationDay
2022-12-08,13488.0,-3.0,0.0,0,396.24,0.0,1,1.2,1.23,SPY221209P00394000,394.0,0,0.0,0.0,,0.0,normalDay
2022-12-09,13608.0,-72.0,120.0,100,393.28,394.0,1,1.2,0.0,SPY221209P00394000,394.0,0,0.0,0.0,,0.0,expirationDay
2022-12-12,13608.0,492.0,0.0,100,398.95,394.0,0,0.0,0.0,,0.0,1,1.82,1.85,SPY221216C00411000,411.0,normalDay
2022-12-13,13608.0,845.0,0.0,100,401.97,394.0,0,0.0,0.0,,0.0,1,1.82,1.34,SPY221216C00411000,411.0,normalDay
2022-12-14,13608.0,709.0,0.0,100,399.4,394.0,0,0.0,0.0,,0.0,1,1.82,0.13,SPY221216C00411000,411.0,normalDay
2022-12-15,13608.0,-257.0,0.0,100,389.63,394.0,0,0.0,0.0,,0.0,1,1.82,0.02,SPY221216C00411000,411.0,normalDay
2022-12-16,13790.0,-1073.0,182.0,100,383.27,394.0,0,0.0,0.0,,0.0,1,1.82,0.0,SPY221216C00411000,411.0,expirationDay
2022-12-19,13790.0,-1398.0,0.0,100,380.02,394.0,0,0.0,0.0,,0.0,0,0.0,0.0,,0.0,bidTooLow
2022-12-20,13790.0,-1346.0,0.0,100,380.54,394.0,0,0.0,0.0,,0.0,0,0.0,0.0,,0.0,bidTooLow
2022-12-21,13790.0,-777.0,0.0,100,386.23,394.0,0,0.0,0.0,,0.0,0,0.0,0.0,,0.0,bidTooLow
2022-12-22,13790.0,-1328.0,0.0,100,380.72,394.0,0,0.0,0.0,,0.0,0,0.0,0.0,,0.0,bidTooLow
2022-12-23,13790.0,-1109.0,0.0,100,382.91,394.0,0,0.0,0.0,,0.0,0,0.0,0.0,,0.0,bidTooLow
2022-12-27,13790.0,-1260.0,0.0,100,381.4,394.0,0,0.0,0.0,,0.0,0,0.0,0.0,,0.0,bidTooLow
2022-12-28,13790.0,-1734.0,0.0,100,376.66,394.0,0,0.0,0.0,,0.0,0,0.0,0.0,,0.0,bidTooLow
2022-12-29,13790.0,-1056.0,0.0,100,383.44,394.0,0,0.0,0.0,,0.0,0,0.0,0.0,,0.0,bidTooLow
2022-12-30,13790.0,-1157.0,0.0,100,382.43,394.0,0,0.0,0.0,,0.0,0,0.0,0.0,,0.0,bidTooLow
2023-01-03,13790.0,-1318.0,0.0,100,380.82,394.0,0,0.0,0.0,,0.0,0,0.0,0.0,,0.0,bidTooLow
2023-01-04,13790.0,-1024.0,0.0,100,383.76,394.0,0,0.0,0.0,,0.0,0,0.0,0.0,,0.0,bidTooLow
2023-01-05,13790.0,-1462.0,0.0,100,379.38,394.0,0,0.0,0.0,,0.0,0,0.0,0.0,,0.0,bidTooLow
2023-01-06,13790.0,-592.0,0.0,100,388.08,394.0,0,0.0,0.0,,0.0,0,0.0,0.0,,0.0,bidTooLow
2023-01-09,13790.0,-617.0,0.0,100,387.86,394.0,0,0.0,0.0,,0.0,1,0.23,0.26,SPY230113C00405000,405.0,normalDay
2023-01-10,13790.0,-351.0,0.0,100,390.58,394.0,0,0.0,0.0,,0.0,1,0.23,0.32,SPY230113C00405000,405.0,normalDay
2023-01-11,13790.0,89.0,0.0,100,395.52,394.0,0,0.0,0.0,,0.0,1,0.23,0.86,SPY230113C00405000,405.0,normalDay
2023-01-12,13790.0,315.0,0.0,100,396.96,394.0,0,0.0,0.0,,0.0,1,0.23,0.04,SPY230113C00405000,405.0,normalDay
2023-01-13,13813.0,450.0,23.0,100,398.5,394.0,0,0.0,0.0,,0.0,1,0.23,0.0,SPY230113C00405000,405.0,expirationDay
2023-01-17,13813.0,374.0,0.0,100,397.77,394.0,0,0.0,0.0,,0.0,1,0.63,0.66,SPY230120C00403000,403.0,normalDay
2023-01-18,13813.0,-194.0,0.0,100,391.49,394.0,0,0.0,0.0,,0.0,1,0.63,0.06,SPY230120C00403000,403.0,normalDay
2023-01-19,13813.0,-475.0,0.0,100,388.64,394.0,0,0.0,0.0,,0.0,1,0.63,0.02,SPY230120C00403000,403.0,normalDay
2023-01-20,13876.0,188.0,63.0,100,395.88,394.0,0,0.0,0.0,,0.0,1,0.63,0.0,SPY230120C00403000,403.0,expirationDay
2023-01-23,13876.0,660.0,0.0,100,400.63,394.0,0,0.0,0.0,,0.0,1,0.72,0.75,SPY230127C00407000,407.0,normalDay
2023-01-24,13876.0,623.0,0.0,100,400.2,394.0,0,0.0,0.0,,0.0,1,0.72,0.69,SPY230127C00407000,407.0,normalDay
2023-01-25,13876.0,675.0,0.0,100,400.35,394.0,0,0.0,0.0,,0.0,1,0.72,0.32,SPY230127C00407000,407.0,normalDay
2023-01-26,13876.0,1078.0,0.0,100,404.75,394.0,0,0.0,0.0,,0.0,1,0.72,0.69,SPY230127C00407000,407.0,normalDay
2023-01-27,13948.0,1168.0,72.0,100,405.68,394.0,0,0.0,0.0,,0.0,1,0.72,0.0,SPY230127C00407000,407.0,expirationDay
2023-01-30,13948.0,656.0,0.0,100,400.59,394.0,0,0.0,0.0,,0.0,1,0.64,0.67,SPY230203C00414000,414.0,normalDay
2023-01-31,13948.0,1186.0,0.0,100,406.48,394.0,0,0.0,0.0,,0.0,1,0.64,1.26,SPY230203C00414000,414.0,normalDay
2023-02-01,13948.0,1540.0,0.0,100,410.8,394.0,0,0.0,0.0,,0.0,1,0.64,2.04,SPY230203C00414000,414.0,normalDay
2023-02-02,13948.0,2002.0,0.0,100,416.78,394.0,0,0.0,0.0,,0.0,1,0.64,3.4,SPY230203C00414000,414.0,normalDay
2023-02-03,14012.0,1835.0,64.0,100,412.35,394.0,0,0.0,0.0,,0.0,1,0.64,0.0,SPY230203C00414000,414.0,expirationDay
2023-02-06,14012.0,1580.0,0.0,100,409.83,394.0,0,0.0,0.0,,0.0,1,0.33,0.36,SPY230210C00421000,421.0,normalDay
2023-02-07,14012.0,2091.0,0.0,100,415.19,394.0,0,0.0,0.0,,0.0,1,0.33,0.61,SPY230210C00421000,421.0,normalDay
2023-02-08,14012.0,1686.0,0.0,100,410.65,394.0,0,0.0,0.0,,0.0,1,0.33,0.12,SPY230210C00421000,421.0,normalDay
2023-02-09,14012.0,1341.0,0.0,100,407.09,394.0,0,0.0,0.0,,0.0,1,0.33,0.01,SPY230210C00421000,421.0,normalDay
2023-02-10,14045.0,1404.0,33.0,100,408.04,394.0,0,0.0,0.0,,0.0,1,0.33,0.0,SPY230210C00421000,421.0,expirationDay
2023-02-13,14045.0,1880.0,0.0,100,412.83,394.0,0,0.0,0.0,,0.0,1,0.57,0.6,SPY230217C00425000,425.0,normalDay
2023-02-14,14045.0,1912.0,0.0,100,412.64,394.0,0,0.0,0.0,,0.0,1,0.57,0.09,SPY230217C00425000,425.0,normalDay
2023-02-15,14045.0,2050.0,0.0,100,413.98,394.0,0,0.0,0.0,,0.0,1,0.57,0.05,SPY230217C00425000,425.0,normalDay
2023-02-16,14045.0,1484.0,0.0,100,408.28,394.0,0,0.0,0.0,,0.0,1,0.57,0.01,SPY230217C00425000,425.0,normalDay
2023-02-17,14102.0,1326.0,57.0,100,407.26,394.0,0,0.0,0.0,,0.0,1,0.57,0.0,SPY230217C00425000,425.0,expirationDay
2023-02-21,14102.0,509.0,0.0,100,399.09,394.0,0,0.0,0.0,,0.0,0,0.0,0.0,,0.0,bidTooLow
2023-02-22,14102.0,454.0,0.0,100,398.54,394.0,0,0.0,0.0,,0.0,0,0.0,0.0,,0.0,bidTooLow
2023-02-23,14102.0,666.0,0.0,100,400.66,394.0,0,0.0,0.0,,0.0,0,0.0,0.0,,0.0,bidTooLow
2023-02-24,14102.0,238.0,0.0,100,396.38,394.0,0,0.0,0.0,,0.0,0,0.0,0.0,,0.0,bidTooLow
2023-02-27,14102.0,373.0,0.0,100,397.73,394.0,0,0.0,0.0,,0.0,0,0.0,0.0,,0.0,bidTooLow
2023-02-28,14102.0,226.0,0.0,100,396.26,394.0,0,0.0,0.0,,0.0,0,0.0,0.0,,0.0,bidTooLow
2023-03-01,14102.0,74.0,0.0,100,394.74,394.0,0,0.0,0.0,,0.0,0,0.0,0.0,,0.0,bidTooLow
2023-03-02,14102.0,381.0,0.0,100,397.81,394.0,0,0.0,0.0,,0.0,0,0.0,0.0,,0.0,bidTooLow
2023-03-03,14102.0,1019.0,0.0,100,404.19,394.0,0,0.0,0.0,,0.0,0,0.0,0.0,,0.0,bidTooLow
2023-03-06,14102.0,1044.0,0.0,100,404.47,394.0,0,0.0,0.0,,0.0,1,0.02,0.05,SPY230310C00422000,422.0,normalDay
2023-03-07,14102.0,427.0,0.0,100,398.27,394.0,0,0.0,0.0,,0.0,1,0.02,0.02,SPY230310C00422000,422.0,normalDay
2023-03-08,14102.0,493.0,0.0,100,398.92,394.0,0,0.0,0.0,,0.0,1,0.02,0.01,SPY230310C00422000,422.0,normalDay
2023-03-09,14102.0,-243.0,0.0,100,391.56,394.0,0,0.0,0.0,,0.0,1,0.02,0.01,SPY230310C00422000,422.0,normalDay
2023-03-10,14104.0,-809.0,2.0,100,385.91,394.0,0,0.0,0.0,,0.0,1,0.02,0.0,SPY230310C00422000,422.0,expirationDay
2023-03-13,14104.0,-864.0,0.0,100,385.36,394.0,0,0.0,0.0,,0.0,0,0.0,0.0,,0.0,bidTooLow
2023-03-14,14104.0,-227.0,0.0,100,391.73,394.0,0,0.0,0.0,,0.0,0,0.0,0.0,,0.0,bidTooLow
2023-03-15,14104.0,-472.0,0.0,100,389.28,394.0,0,0.0,0.0,,0.0,0,0.0,0.0,,0.0,bidTooLow
2023-03-16,14104.0,211.0,0.0,100,396.11,394.0,0,0.0,0.0,,0.0,0,0.0,0.0,,0.0,bidTooLow
2023-03-17,14104.0,-401.0,0.0,100,389.99,394.0,0,0.0,0.0,,0.0,0,0.0,0.0,,0.0,bidTooLow
2023-03-20,14104.0,-29.0,0.0,100,393.74,394.0,0,0.0,0.0,,0.0,1,0.19,0.22,SPY230324C00409000,409.0,normalDay
2023-03-21,14104.0,456.0,0.0,100,398.91,394.0,0,0.0,0.0,,0.0,1,0.19,0.54,SPY230324C00409000,409.0,normalDay
2023-03-22,14104.0,-174.0,0.0,100,392.11,394.0,0,0.0,0.0,,0.0,1,0.19,0.04,SPY230324C00409000,409.0,normalDay
2023-03-23,14104.0,-65.0,0.0,100,393.17,394.0,0,0.0,0.0,,0.0,1,0.19,0.01,SPY230324C00409000,409.0,normalDay
2023-03-24,14123.0,175.0,19.0,100,395.75,394.0,0,0.0,0.0,,0.0,1,0.19,0.0,SPY230324C00409000,409.0,expirationDay
2023-03-27,14123.0,246.0,0.0,100,396.49,394.0,0,0.0,0.0,,0.0,1,0.14,0.17,SPY230331C00408000,408.0,normalDay
2023-03-28,14123.0,166.0,0.0,100,395.6,394.0,0,0.0,0.0,,0.0,1,0.14,0.08,SPY230331C00408000,408.0,normalDay
2023-03-29,14123.0,732.0,0.0,100,401.35,394.0,0,0.0,0.0,,0.0,1,0.14,0.17,SPY230331C00408000,408.0,normalDay
2023-03-30,14123.0,970.0,0.0,100,403.7,394.0,0,0.0,0.0,,0.0,1,0.14,0.14,SPY230331C00408000,408.0,normalDay
2023-03-31,15537.0,970.0,1414.0,0,409.39,0.0,0,0.0,0.0,,0.0,1,0.14,0.0,SPY230331C00408000,408.0,expirationDay
2023-04-03,15537.0,0.0,0.0,0,410.95,0.0,0,0.0,0.0,,0.0,0,0.0,0.0,,0.0,bidTooLow
2023-04-04,15537.0,0.0,0.0,0,408.67,0.0,0,0.0,0.0,,0.0,0,0.0,0.0,,0.0,bidTooLow
2023-04-05,15537.0,0.0,0.0,0,407.6,0.0,0,0.0,0.0,,0.0,0,0.0,0.0,,0.0,bidTooLow
2023-04-06,15537.0,0.0,0.0,0,409.19,0.0,0,0.0,0.0,,0.0,0,0.0,0.0,,0.0,bidTooLow
2023-04-10,15537.0,0.0,0.0,0,409.61,0.0,0,0.0,0.0,,0.0,0,0.0,0.0,,0.0,bidTooLow
2023-04-11,15537.0,-3.0,0.0,0,409.72,0.0,1,0.02,0.05,SPY230413P00392000,392.0,0,0.0,0.0,,0.0,normalDay
2023-04-12,15537.0,0.0,0.0,0,408.05,0.0,1,0.02,0.02,SPY230413P00392000,392.0,0,0.0,0.0,,0.0,normalDay
2023-04-13,15539.0,0.0,2.0,0,413.47,0.0,1,0.02,0.0,SPY230413P00392000,392.0,0,0.0,0.0,,0.0,expirationDay
2023-04-14,15539.0,0.0,0.0,0,412.46,0.0,0,0.0,0.0,,0.0,0,0.0,0.0,,0.0,bidTooLow
2023-04-17,15539.0,0.0,0.0,0,413.94,0.0,0,0.0,0.0,,0.0,0,0.0,0.0,,0.0,bidTooLow
2023-04-18,15539.0,-3.0,0.0,0,414.21,0.0,1,0.03,0.06,SPY230420P00398000,398.0,0,0.0,0.0,,0.0,normalDay
2023-04-19,15539.0,0.0,0.0,0,414.14,0.0,1,0.03,0.03,SPY230420P00398000,398.0,0,0.0,0.0,,0.0,normalDay
2023-04-20,15542.0,0.0,3.0,0,411.88,0.0,1,0.03,0.0,SPY230420P00398000,398.0,0,0.0,0.0,,0.0,expirationDay
2023-04-21,15542.0,0.0,0.0,0,412.2,0.0,0,0.0,0.0,,0.0,0,0.0,0.0,,0.0,bidTooLow
2023-04-24,15542.0,-3.0,0.0,0,412.63,0.0,1,0.04,0.07,SPY230426P00403000,403.0,0,0.0,0.0,,0.0,normalDay
2023-04-25,15542.0,-24.0,0.0,0,406.08,0.0,1,0.04,0.28,SPY230426P00403000,403.0,0,0.0,0.0,,0.0,normalDay
2023-04-26,15546.0,0.0,4.0,0,404.36,0.0,1,0.04,0.0,SPY230426P00403000,403.0,0,0.0,0.0,,0.0,expirationDay
2023-04-27,15546.0,-3.0,0.0,0,412.41,0.0,1,0.15,0.18,SPY230428P00407000,407.0,0,0.0,0.0,,0.0,normalDay
2023-04-28,15561.0,0.0,15.0,0,415.93,0.0,1,0.15,0.0,SPY230428P00407000,407.0,0,0.0,0.0,,0.0,expirationDay
2023-05-01,15561.0,-3.0,0.0,0,415.51,0.0,1,0.21,0.24,SPY230503P00408000,408.0,0,0.0,0.0,,0.0,normalDay
2023-05-02,15561.0,-67.0,0.0,0,410.84,0.0,1,0.21,0.88,SPY230503P00408000,408.0,0,0.0,0.0,,0.0,normalDay
2023-05-03,15582.0,0.0,21.0,0,408.02,0.0,1,0.21,0.0,SPY230503P00408000,408.0,0,0.0,0.0,,0.0,expirationDay
2023-05-04,15582.0,-7.0,0.0,0,405.13,0.0,1,3.51,3.58,SPY230505P00407500,407.5,0,0.0,0.0,,0.0,normalDay
2023-05-05,15933.0,0.0,351.0,0,412.63,0.0,1,3.51,0.0,SPY230505P00407500,407.5,0,0.0,0.0,,0.0,expirationDay
2023-05-08,15933.0,-3.0,0.0,0,412.74,0.0,1,0.52,0.55,SPY230510P00408000,408.0,0,0.0,0.0,,0.0,normalDay
2023-05-09,15933.0,-19.0,0.0,0,410.93,0.0,1,0.52,0.71,SPY230510P00408000,408.0,0,0.0,0.0,,0.0,normalDay
2023-05-10,15985.0,0.0,52.0,0,412.85,0.0,1,0.52,0.0,SPY230510P00408000,408.0,0,0.0,0.0,,0.0,expirationDay
2023-05-11,15985.0,-3.0,0.0,0,412.13,0.0,1,0.21,0.24,SPY230512P00408000,408.0,0,0.0,0.0,,0.0,normalDay
2023-05-12,16006.0,0.0,21.0,0,411.59,0.0,1,0.21,0.0,SPY230512P00408000,408.0,0,0.0,0.0,,0.0,expirationDay
2023-05-15,16006.0,-3.0,0.0,0,413.01,0.0,1,0.29,0.32,SPY230517P00408000,408.0,0,0.0,0.0,,0.0,normalDay
2023-05-16,16006.0,-21.0,0.0,0,410.25,0.0,1,0.29,0.5,SPY230517P00408000,408.0,0,0.0,0.0,,0.0,normalDay
2023-05-17,16035.0,0.0,29.0,0,415.23,0.0,1,0.29,0.0,SPY230517P00408000,408.0,0,0.0,0.0,,0.0,expirationDay
2023-05-18,16035.0,-3.0,0.0,0,419.23,0.0,1,0.04,0.07,SPY230519P00408000,408.0,0,0.0,0.0,,0.0,normalDay
2023-05-19,16039.0,0.0,4.0,0,418.62,0.0,1,0.04,0.0,SPY230519P00408000,408.0,0,0.0,0.0,,0.0,expirationDay
2023-05-22,16039.0,-3.0,0.0,0,418.79,0.0,1,0.05,0.08,SPY230524P00408000,408.0,0,0.0,0.0,,0.0,normalDay
2023-05-23,16039.0,-7.0,0.0,0,414.09,0.0,1,0.05,0.12,SPY230524P00408000,408.0,0,0.0,0.0,,0.0,normalDay
2023-05-24,16044.0,0.0,5.0,0,411.09,0.0,1,0.05,0.0,SPY230524P00408000,408.0,0,0.0,0.0,,0.0,expirationDay
2023-05-25,16044.0,-3.0,0.0,0,414.65,0.0,1,0.27,0.3,SPY230526P00410000,410.0,0,0.0,0.0,,0.0,normalDay
2023-05-26,16071.0,0.0,27.0,0,420.02,0.0,1,0.27,0.0,SPY230526P00410000,410.0,0,0.0,0.0,,0.0,expirationDay
2023-05-30,16071.0,-3.0,0.0,0,420.18,0.0,1,0.09,0.12,SPY230601P00410000,410.0,0,0.0,0.0,,0.0,normalDay
2023-05-31,16071.0,-1.0,0.0,0,417.85,0.0,1,0.09,0.1,SPY230601P00410000,410.0,0,0.0,0.0,,0.0,normalDay
2023-06-01,16080.0,0.0,9.0,0,421.82,0.0,1,0.09,0.0,SPY230601P00410000,410.0,0,0.0,0.0,,0.0,expirationDay
2023-06-02,16080.0,0.0,0.0,0,427.92,0.0,0,0.0,0.0,,0.0,0,0.0,0.0,,0.0,bidTooLow
2023-06-05,16080.0,0.0,0.0,0,427.1,0.0,0,0.0,0.0,,0.0,0,0.0,0.0,,0.0,bidTooLow
2023-06-06,16080.0,-3.0,0.0,0,428.03,0.0,1,0.01,0.04,SPY230608P00412000,412.0,0,0.0,0.0,,0.0,normalDay
2023-06-07,16080.0,-2.0,0.0,0,426.55,0.0,1,0.01,0.03,SPY230608P00412000,412.0,0,0.0,0.0,,0.0,normalDay
2023-06-08,16081.0,0.0,1.0,0,429.13,0.0,1,0.01,0.0,SPY230608P00412000,412.0,0,0.0,0.0,,0.0,expirationDay
2023-06-09,16081.0,0.0,0.0,0,429.9,0.0,0,0.0,0.0,,0.0,0,0.0,0.0,,0.0,bidTooLow
2023-06-12,16081.0,-3.0,0.0,0,433.8,0.0,1,0.04,0.07,SPY230614P00414000,414.0,0,0.0,0.0,,0.0,normalDay
2023-06-13,16081.0,0.0,0.0,0,436.66,0.0,1,0.04,0.04,SPY230614P00414000,414.0,0,0.0,0.0,,0.0,normalDay
2023-06-14,16085.0,0.0,4.0,0,437.18,0.0,1,0.04,0.0,SPY230614P00414000,414.0,0,0.0,0.0,,0.0,expirationDay
2023-06-15,16085.0,-3.0,0.0,0,442.6,0.0,1,0.03,0.06,SPY230616P00416000,416.0,0,0.0,0.0,,0.0,normalDay
2023-06-16,16088.0,0.0,3.0,0,439.46,0.0,1,0.03,0.0,SPY230616P00416000,416.0,0,0.0,0.0,,0.0,expirationDay
2023-06-20,16088.0,0.0,0.0,0,437.18,0.0,0,0.0,0.0,,0.0,0,0.0,0.0,,0.0,bidTooLow
2023-06-21,16088.0,0.0,0.0,0,434.94,0.0,0,0.0,0.0,,0.0,0,0.0,0.0,,0.0,bidTooLow
2023-06-22,16088.0,0.0,0.0,0,436.51,0.0,0,0.0,0.0,,0.0,0,0.0,0.0,,0.0,bidTooLow
2023-06-23,16088.0,0.0,0.0,0,433.21,0.0,0,0.0,0.0,,0.0,0,0.0,0.0,,0.0,bidTooLow
2023-06-26,16088.0,-3.0,0.0,0,431.44,0.0,1,0.09,0.12,SPY230628P00424000,424.0,0,0.0,0.0,,0.0,normalDay
2023-06-27,16088.0,6.0,0.0,0,436.17,0.0,1,0.09,0.03,SPY230628P00424000,424.0,0,0.0,0.0,,0.0,normalDay
2023-06-28,16097.0,0.0,9.0,0,436.39,0.0,1,0.09,0.0,SPY230628P00424000,424.0,0,0.0,0.0,,0.0,expirationDay
2023-06-29,16097.0,-3.0,0.0,0,438.11,0.0,1,0.03,0.06,SPY230630P00428000,428.0,0,0.0,0.0,,0.0,normalDay
2023-06-30,16100.0,0.0,3.0,0,443.28,0.0,1,0.03,0.0,SPY230630P00428000,428.0,0,0.0,0.0,,0.0,expirationDay
2023-07-03,16100.0,-3.0,0.0,0,443.79,0.0,1,0.01,0.04,SPY230705P00430000,430.0,0,0.0,0.0,,0.0,normalDay
2023-07-05,16101.0,0.0,1.0,0,443.13,0.0,1,0.01,0.0,SPY230705P00430000,430.0,0,0.0,0.0,,0.0,expirationDay
2023-07-06,16101.0,-3.0,0.0,0,439.66,0.0,1,0.04,0.07,SPY230707P00432000,432.0,0,0.0,0.0,,0.0,normalDay
2023-07-07,16105.0,0.0,4.0,0,438.55,0.0,1,0.04,0.0,SPY230707P00432000,432.0,0,0.0,0.0,,0.0,expirationDay
2023-07-10,16105.0,-3.0,0.0,0,439.66,0.0,1,0.22,0.25,SPY230712P00434000,434.0,0,0.0,0.0,,0.0,normalDay
2023-07-11,16105.0,11.0,0.0,0,442.46,0.0,1,0.22,0.11,SPY230712P00434000,434.0,0,0.0,0.0,,0.0,normalDay
2023-07-12,16127.0,0.0,22.0,0,446.02,0.0,1,0.22,0.0,SPY230712P00434000,434.0,0,0.0,0.0,,0.0,expirationDay
2023-07-13,16127.0,-3.0,0.0,0,449.56,0.0,1,0.02,0.05,SPY230714P00435000,435.0,0,0.0,0.0,,0.0,normalDay
2023-07-14,16129.0,0.0,2.0,0,449.28,0.0,1,0.02,0.0,SPY230714P00435000,435.0,0,0.0,0.0,,0.0,expirationDay
2023-07-17,16129.0,-3.0,0.0,0,450.84,0.0,1,0.01,0.04,SPY230719P00435000,435.0,0,0.0,0.0,,0.0,normalDay
2023-07-18,16129.0,-2.0,0.0,0,454.19,0.0,1,0.01,0.03,SPY230719P00435000,435.0,0,0.0,0.0,,0.0,normalDay
2023-07-19,16130.0,0.0,1.0,0,455.2,0.0,1,0.01,0.0,SPY230719P00435000,435.0,0,0.0,0.0,,0.0,expirationDay
2023-07-20,16130.0,-3.0,0.0,0,452.18,0.0,1,0.01,0.04,SPY230721P00436000,436.0,0,0.0,0.0,,0.0,normalDay
2023-07-21,16131.0,0.0,1.0,0,452.18,0.0,1,0.01,0.0,SPY230721P00436000,436.0,0,0.0,0.0,,0.0,expirationDay
2023-07-24,16131.0,0.0,0.0,0,454.2,0.0,0,0.0,0.0,,0.0,0,0.0,0.0,,0.0,bidTooLow
2023-07-25,16131.0,-3.0,0.0,0,455.44,0.0,1,0.02,0.05,SPY230727P00439000,439.0,0,0.0,0.0,,0.0,normalDay
2023-07-26,16131.0,-1.0,0.0,0,455.51,0.0,1,0.02,0.03,SPY230727P00439000,439.0,0,0.0,0.0,,0.0,normalDay
2023-07-27,16133.0,0.0,2.0,0,452.49,0.0,1,0.02,0.0,SPY230727P00439000,439.0,0,0.0,0.0,,0.0,expirationDay
2023-07-28,16133.0,0.0,0.0,0,456.92,0.0,0,0.0,0.0,,0.0,0,0.0,0.0,,0.0,bidTooLow
2023-07-31,16133.0,-3.0,0.0,0,457.79,0.0,1,0.01,0.04,SPY230802P00443000,443.0,0,0.0,0.0,,0.0,normalDay
2023-08-01,16133.0,-1.0,0.0,0,456.48,0.0,1,0.01,0.02,SPY230802P00443000,443.0,0,0.0,0.0,,0.0,normalDay
2023-08-02,16134.0,0.0,1.0,0,450.13,0.0,1,0.01,0.0,SPY230802P00443000,443.0,0,0.0,0.0,,0.0,expirationDay
2023-08-03,16134.0,-3.0,0.0,0,448.84,0.0,1,0.3,0.33,SPY230804P00445000,445.0,0,0.0,0.0,,0.0,normalDay
2023-08-04,16164.0,0.0,30.0,0,446.81,0.0,1,0.3,0.0,SPY230804P00445000,445.0,0,0.0,0.0,,0.0,expirationDay
2023-08-07,16164.0,-3.0,0.0,0,450.71,0.0,1,0.6,0.63,SPY230809P00448000,448.0,0,0.0,0.0,,0.0,normalDay
2023-08-08,16164.0,-27.0,0.0,0,448.75,0.0,1,0.6,0.87,SPY230809P00448000,448.0,0,0.0,0.0,,0.0,normalDay
2023-08-09,16224.0,-225.0,60.0,100,445.75,448.0,1,0.6,0.0,SPY230809P00448000,448.0,0,0.0,0.0,,0.0,expirationDay
2023-08-10,16224.0,-209.0,0.0,100,445.91,448.0,0,0.0,0.0,,0.0,0,0.0,0.0,,0.0,bidTooLow
2023-08-11,16224.0,-235.0,0.0,100,445.65,448.0,0,0.0,0.0,,0.0,0,0.0,0.0,,0.0,bidTooLow
2023-08-14,16224.0,11.0,0.0,100,448.11,448.0,0,0.0,0.0,,0.0,0,0.0,0.0,,0.0,bidTooLow
2023-08-15,16224.0,-511.0,0.0,100,442.89,448.0,0,0.0,0.0,,0.0,0,0.0,0.0,,0.0,bidTooLow
2023-08-16,16224.0,-836.0,0.0,100,439.64,448.0,0,0.0,0.0,,0.0,0,0.0,0.0,,0.0,bidTooLow
2023-08-17,16224.0,-1171.0,0.0,100,436.29,448.0,0,0.0,0.0,,0.0,0,0.0,0.0,,0.0,bidTooLow
2023-08-18,16224.0,-1150.0,0.0,100,436.5,448.0,0,0.0,0.0,,0.0,0,0.0,0.0,,0.0,bidTooLow
2023-08-21,16224.0,-866.0,0.0,100,439.34,448.0,0,0.0,0.0,,0.0,0,0.0,0.0,,0.0,bidTooLow
2023-08-22,16224.0,-985.0,0.0,100,438.15,448.0,0,0.0,0.0,,0.0,0,0.0,0.0,,0.0,bidTooLow
2023-08-23,16224.0,-497.0,0.0,100,443.03,448.0,0,0.0,0.0,,0.0,0,0.0,0.0,,0.0,bidTooLow
2023-08-24,16224.0,-1111.0,0.0,100,436.89,448.0,0,0.0,0.0,,0.0,0,0.0,0.0,,0.0,bidTooLow
2023-08-25,16224.0,-803.0,0.0,100,439.97,448.0,0,0.0,0.0,,0.0,0,0.0,0.0,,0.0,bidTooLow
2023-08-28,16224.0,-524.0,0.0,100,442.76,448.0,0,0.0,0.0,,0.0,0,0.0,0.0,,0.0,bidTooLow
2023-08-29,16224.0,113.0,0.0,100,449.16,448.0,0,0.0,0.0,,0.0,1,0.27,0.3,SPY230901C00456000,456.0,normalDay
2023-08-30,16224.0,297.0,0.0,100,451.01,448.0,0,0.0,0.0,,0.0,1,0.27,0.31,SPY230901C00456000,456.0,normalDay
2023-08-31,16224.0,254.0,0.0,100,450.35,448.0,0,0.0,0.0,,0.0,1,0.27,0.08,SPY230901C00456000,456.0,normalDay
2023-09-01,16251.0,319.0,27.0,100,451.19,448.0,0,0.0,0.0,,0.0,1,0.27,0.0,SPY230901C00456000,456.0,expirationDay
2023-09-05,16251.0,121.0,0.0,100,449.24,448.0,0,0.0,0.0,,0.0,1,0.04,0.07,SPY230908C00457500,457.5,normalDay
2023-09-06,16251.0,-175.0,0.0,100,446.22,448.0,0,0.0,0.0,,0.0,1,0.04,0.01,SPY230908C00457500,457.5,normalDay
2023-09-07,16251.0,-312.0,0.0,100,444.85,448.0,0,0.0,0.0,,0.0,1,0.04,0.01,SPY230908C00457500,457.5,normalDay
2023-09-08,16255.0,-248.0,4.0,100,445.52,448.0,0,0.0,0.0,,0.0,1,0.04,0.0,SPY230908C00457500,457.5,expirationDay
2023-09-11,16255.0,42.0,0.0,100,448.45,448.0,0,0.0,0.0,,0.0,1,0.06,0.09,SPY230915C00457000,457.0,normalDay
2023-09-12,16255.0,-198.0,0.0,100,445.99,448.0,0,0.0,0.0,,0.0,1,0.06,0.03,SPY230915C00457000,457.0,normalDay
2023-09-13,16255.0,-145.0,0.0,100,446.51,448.0,0,0.0,0.0,,0.0,1,0.06,0.02,SPY230915C00457000,457.0,normalDay
2023-09-14,16255.0,240.0,0.0,100,450.36,448.0,0,0.0,0.0,,0.0,1,0.06,0.02,SPY230915C00457000,457.0,normalDay
2023-09-15,16261.0,-463.0,6.0,100,443.37,448.0,0,0.0,0.0,,0.0,1,0.06,0.0,SPY230915C00457000,457.0,expirationDay
2023-09-18,16261.0,-437.0,0.0,100,443.63,448.0,0,0.0,0.0,,0.0,0,0.0,0.0,,0.0,bidTooLow
2023-09-19,16261.0,-529.0,0.0,100,442.71,448.0,0,0.0,0.0,,0.0,0,0.0,0.0,,0.0,bidTooLow
2023-09-20,16261.0,-936.0,0.0,100,438.64,448.0,0,0.0,0.0,,0.0,0,0.0,0.0,,0.0,bidTooLow
2023-09-21,16261.0,-1661.0,0.0,100,431.39,448.0,0,0.0,0.0,,0.0,0,0.0,0.0,,0.0,bidTooLow
2023-09-22,16261.0,-1758.0,0.0,100,430.42,448.0,0,0.0,0.0,,0.0,0,0.0,0.0,,0.0,bidTooLow
2023-09-25,16261.0,-1577.0,0.0,100,432.23,448.0,0,0.0,0.0,,0.0,0,0.0,0.0,,0.0,bidTooLow
2023-09-26,16261.0,-2212.0,0.0,100,425.88,448.0,0,0.0,0.0,,0.0,0,0.0,0.0,,0.0,bidTooLow
2023-09-27,16261.0,-2195.0,0.0,100,426.05,448.0,0,0.0,0.0,,0.0,0,0.0,0.0,,0.0,bidTooLow
2023-09-28,16261.0,-1948.0,0.0,100,428.52,448.0,0,0.0,0.0,,0.0,0,0.0,0.0,,0.0,bidTooLow
2023-09-29,16261.0,-2052.0,0.0,100,427.48,448.0,0,0.0,0.0,,0.0,0,0.0,0.0,,0.0,bidTooLow
2023-10-02,16261.0,-2069.0,0.0,100,427.31,448.0,0,0.0,0.0,,0.0,0,0.0,0.0,,0.0,bidTooLow
2023-10-03,16261.0,-2641.0,0.0,100,421.59,448.0,0,0.0,0.0,,0.0,0,0.0,0.0,,0.0,bidTooLow
2023-10-04,16261.0,-2334.0,0.0,100,424.66,448.0,0,0.0,0.0,,0.0,0,0.0,0.0,,0.0,bidTooLow
2023-10-05,16261.0,-2350.0,0.0,100,424.5,448.0,0,0.0,0.0,,0.0,0,0.0,0.0,,0.0,bidTooLow
2023-10-06,16261.0,-1846.0,0.0,100,429.54,448.0,0,0.0,0.0,,0.0,0,0.0,0.0,,0.0,bidTooLow
2023-10-09,16261.0,-1571.0,0.0,100,432.29,448.0,0,0.0,0.0,,0.0,0,0.0,0.0,,0.0,bidTooLow
2023-10-10,16261.0,-1346.0,0.0,100,434.54,448.0,0,0.0,0.0,,0.0,0,0.0,0.0,,0.0,bidTooLow
2023-10-11,16261.0,-1168.0,0.0,100,436.32,448.0,0,0.0,0.0,,0.0,0,0.0,0.0,,0.0,bidTooLow
2023-10-12,16261.0,-1434.0,0.0,100,433.66,448.0,0,0.0,0.0,,0.0,0,0.0,0.0,,0.0,bidTooLow
2023-10-13,16261.0,-1650.0,0.0,100,431.5,448.0,0,0.0,0.0,,0.0,0,0.0,0.0,,0.0,bidTooLow
2023-10-16,16261.0,-1199.0,0.0,100,436.04,448.0,0,0.0,0.0,,0.0,1,0.35,0.38,SPY231020C00444000,444.0,normalDay
2023-10-17,16261.0,-1187.0,0.0,100,436.02,448.0,0,0.0,0.0,,0.0,1,0.35,0.24,SPY231020C00444000,444.0,normalDay
2023-10-18,16261.0,-1748.0,0.0,100,430.21,448.0,0,0.0,0.0,,0.0,1,0.35,0.04,SPY231020C00444000,444.0,normalDay
2023-10-19,16261.0,-2124.0,0.0,100,426.43,448.0,0,0.0,0.0,,0.0,1,0.35,0.02,SPY231020C00444000,444.0,normalDay
2023-10-20,16296.0,-2681.0,35.0,100,421.19,448.0,0,0.0,0.0,,0.0,1,0.35,0.0,SPY231020C00444000,444.0,expirationDay
2023-10-23,16296.0,-2754.0,0.0,100,420.46,448.0,0,0.0,0.0,,0.0,0,0.0,0.0,,0.0,bidTooLow
2023-10-24,16296.0,-2437.0,0.0,100,423.63,448.0,0,0.0,0.0,,0.0,0,0.0,0.0,,0.0,bidTooLow
2023-10-25,16296.0,-3045.0,0.0,100,417.55,448.0,0,0.0,0.0,,0.0,0,0.0,0.0,,0.0,bidTooLow
2023-10-26,16296.0,-3545.0,0.0,100,412.55,448.0,0,0.0,0.0,,0.0,0,0.0,0.0,,0.0,bidTooLow
2023-10-27,16296.0,-3732.0,0.0,100,410.68,448.0,0,0.0,0.0,,0.0,0,0.0,0.0,,0.0,bidTooLow
2023-10-30,16296.0,-3241.0,0.0,100,415.59,448.0,0,0.0,0.0,,0.0,0,0.0,0.0,,0.0,bidTooLow
2023-10-31,16296.0,-2980.0,0.0,100,418.2,448.0,0,0.0,0.0,,0.0,0,0.0,0.0,,0.0,bidTooLow
2023-11-01,16296.0,-2534.0,0.0,100,422.66,448.0,0,0.0,0.0,,0.0,0,0.0,0.0,,0.0,bidTooLow
2023-11-02,16296.0,-1724.0,0.0,100,430.76,448.0,0,0.0,0.0,,0.0,0,0.0,0.0,,0.0,bidTooLow
2023-11-03,16296.0,-1331.0,0.0,100,434.69,448.0,0,0.0,0.0,,0.0,0,0.0,0.0,,0.0,bidTooLow
2023-11-06,16296.0,-1231.0,0.0,100,435.69,448.0,0,0.0,0.0,,0.0,0,0.0,0.0,,0.0,bidTooLow
2023-11-07,16296.0,-1107.0,0.0,100,436.93,448.0,0,0.0,0.0,,0.0,0,0.0,0.0,,0.0,bidTooLow
2023-11-08,16296.0,-1075.0,0.0,100,437.25,448.0,0,0.0,0.0,,0.0,0,0.0,0.0,,0.0,bidTooLow
2023-11-09,16296.0,-1416.0,0.0,100,433.84,448.0,0,0.0,0.0,,0.0,0,0.0,0.0,,0.0,bidTooLow
2023-11-10,16296.0,-739.0,0.0,100,440.61,448.0,0,0.0,0.0,,0.0,0,0.0,0.0,,0.0,bidTooLow
2023-11-13,16296.0,-784.0,0.0,100,440.19,448.0,0,0.0,0.0,,0.0,1,0.07,0.1,SPY231117C00452000,452.0,normalDay
2023-11-14,16296.0,-30.0,0.0,100,448.73,448.0,0,0.0,0.0,,0.0,1,0.07,1.1,SPY231117C00452000,452.0,normalDay
2023-11-15,16296.0,99.0,0.0,100,449.68,448.0,0,0.0,0.0,,0.0,1,0.07,0.76,SPY231117C00452000,452.0,normalDay
2023-11-16,16296.0,181.0,0.0,100,450.23,448.0,0,0.0,0.0,,0.0,1,0.07,0.49,SPY231117C00452000,452.0,normalDay
2023-11-17,16303.0,279.0,7.0,100,450.79,448.0,0,0.0,0.0,,0.0,1,0.07,0.0,SPY231117C00452000,452.0,expirationDay
2023-11-20,16303.0,626.0,0.0,100,454.26,448.0,0,0.0,0.0,,0.0,0,0.0,0.0,,0.0,bidTooLow
2023-11-21,16303.0,527.0,0.0,100,453.27,448.0,0,0.0,0.0,,0.0,0,0.0,0.0,,0.0,bidTooLow
2023-11-22,16303.0,702.0,0.0,100,455.02,448.0,0,0.0,0.0,,0.0,0,0.0,0.0,,0.0,bidTooLow
2023-11-24,16303.0,730.0,0.0,100,455.3,448.0,0,0.0,0.0,,0.0,0,0.0,0.0,,0.0,bidTooLow
2023-11-27,16303.0,648.0,0.0,100,454.48,448.0,0,0.0,0.0,,0.0,0,0.0,0.0,,0.0,bidTooLow
2023-11-28,16303.0,693.0,0.0,100,454.93,448.0,0,0.0,0.0,,0.0,0,0.0,0.0,,0.0,bidTooLow
2023-11-29,16303.0,661.0,0.0,100,454.61,448.0,0,0.0,0.0,,0.0,0,0.0,0.0,,0.0,bidTooLow
2023-11-30,16303.0,840.0,0.0,100,456.4,448.0,0,0.0,0.0,,0.0,0,0.0,0.0,,0.0,bidTooLow
