date,totalCapital,unrializedPnL,rializedPnL,stocksOwned,stocksPriceToday,stocksPriceBoughtAt,putOwned,putOwnedSoldAt,putPriceToday,putOwnedContract,putOwnedStrike,callOwned,callOwnedSoldAt,callPriceToday,callOwnedContract,callOwnedStrike,trackType
2018-11-01,0.0,-9.0,0.0,0,273.51,0.0,1,6.93,7.02,SPY190315P00260000,260.0,0,0.0,0.0,,0.0,normalDay
2018-11-02,0.0,-49.0,0.0,0,271.89,0.0,1,6.93,7.42,SPY190315P00260000,260.0,0,0.0,0.0,,0.0,normalDay
2018-11-05,0.0,13.0,0.0,0,273.39,0.0,1,6.93,6.8,SPY190315P00260000,260.0,0,0.0,0.0,,0.0,normalDay
2018-11-06,0.0,73.0,0.0,0,275.12,0.0,1,6.93,6.2,SPY190315P00260000,260.0,0,0.0,0.0,,0.0,normalDay
2018-11-07,0.0,252.0,0.0,0,281.01,0.0,1,6.93,4.41,SPY190315P00260000,260.0,0,0.0,0.0,,0.0,normalDay
2018-11-08,0.0,254.0,0.0,0,280.5,0.0,1,6.93,4.39,SPY190315P00260000,260.0,0,0.0,0.0,,0.0,normalDay
2018-11-09,0.0,172.0,0.0,0,277.76,0.0,1,6.93,5.21,SPY190315P00260000,260.0,0,0.0,0.0,,0.0,normalDay
2018-11-12,0.0,18.0,0.0,0,272.57,0.0,1,6.93,6.75,SPY190315P00260000,260.0,0,0.0,0.0,,0.0,normalDay
2018-11-13,0.0,-11.0,0.0,0,272.06,0.0,1,6.93,7.04,SPY190315P00260000,260.0,0,0.0,0.0,,0.0,normalDay
2018-11-14,0.0,-98.0,0.0,0,270.2,0.0,1,6.93,7.91,SPY190315P00260000,260.0,0,0.0,0.0,,0.0,normalDay
2018-11-15,0.0,9.0,0.0,0,273.02,0.0,1,6.93,6.84,SPY190315P00260000,260.0,0,0.0,0.0,,0.0,normalDay
2018-11-16,0.0,74.0,0.0,0,273.73,0.0,1,6.93,6.19,SPY190315P00260000,260.0,0,0.0,0.0,,0.0,normalDay
2018-11-19,0.0,-85.0,0.0,0,269.1,0.0,1,6.93,7.78,SPY190315P00260000,260.0,0,0.0,0.0,,0.0,normalDay
2018-11-20,0.0,-306.0,0.0,0,264.12,0.0,1,6.93,9.99,SPY190315P00260000,260.0,0,0.0,0.0,,0.0,normalDay
2018-11-21,0.0,-225.0,0.0,0,265.02,0.0,1,6.93,9.18,SPY190315P00260000,260.0,0,0.0,0.0,,0.0,normalDay
2018-11-23,0.0,-304.0,0.0,0,263.25,0.0,1,6.93,9.97,SPY190315P00260000,260.0,0,0.0,0.0,,0.0,normalDay
2018-11-26,0.0,-62.0,0.0,0,267.5,0.0,1,6.93,7.55,SPY190315P00260000,260.0,0,0.0,0.0,,0.0,normalDay
2018-11-27,0.0,-41.0,0.0,0,268.4,0.0,1,6.93,7.34,SPY190315P00260000,260.0,0,0.0,0.0,,0.0,normalDay
2018-11-28,0.0,132.0,0.0,0,274.58,0.0,1,6.93,5.61,SPY190315P00260000,260.0,0,0.0,0.0,,0.0,normalDay
2018-11-29,0.0,116.0,0.0,0,273.98,0.0,1,6.93,5.77,SPY190315P00260000,260.0,0,0.0,0.0,,0.0,normalDay
2018-11-30,0.0,178.0,0.0,0,275.65,0.0,1,6.93,5.15,SPY190315P00260000,260.0,0,0.0,0.0,,0.0,normalDay
2018-12-03,0.0,287.0,0.0,0,279.3,0.0,1,6.93,4.06,SPY190315P00260000,260.0,0,0.0,0.0,,0.0,normalDay
2018-12-04,0.0,-1.0,0.0,0,270.25,0.0,1,6.93,6.94,SPY190315P00260000,260.0,0,0.0,0.0,,0.0,normalDay
2018-12-06,0.0,-16.0,0.0,0,269.84,0.0,1,6.93,7.09,SPY190315P00260000,260.0,0,0.0,0.0,,0.0,normalDay
2018-12-07,0.0,-275.0,0.0,0,263.57,0.0,1,6.93,9.68,SPY190315P00260000,260.0,0,0.0,0.0,,0.0,normalDay
2018-12-10,0.0,-208.0,0.0,0,264.07,0.0,1,6.93,9.01,SPY190315P00260000,260.0,0,0.0,0.0,,0.0,normalDay
2018-12-11,0.0,-197.0,0.0,0,264.13,0.0,1,6.93,8.9,SPY190315P00260000,260.0,0,0.0,0.0,,0.0,normalDay
2018-12-12,0.0,-158.0,0.0,0,265.46,0.0,1,6.93,8.51,SPY190315P00260000,260.0,0,0.0,0.0,,0.0,normalDay
2018-12-13,0.0,-138.0,0.0,0,265.37,0.0,1,6.93,8.31,SPY190315P00260000,260.0,0,0.0,0.0,,0.0,normalDay
2018-12-14,0.0,-340.0,0.0,0,260.47,0.0,1,6.93,10.33,SPY190315P00260000,260.0,0,0.0,0.0,,0.0,normalDay
2018-12-17,0.0,-600.0,0.0,0,255.36,0.0,1,6.93,12.93,SPY190315P00260000,260.0,0,0.0,0.0,,0.0,normalDay
2018-12-18,0.0,-666.0,0.0,0,255.08,0.0,1,6.93,13.59,SPY190315P00260000,260.0,0,0.0,0.0,,0.0,normalDay
2018-12-19,0.0,-822.0,0.0,0,251.26,0.0,1,6.93,15.15,SPY190315P00260000,260.0,0,0.0,0.0,,0.0,normalDay
2018-12-20,0.0,-1082.0,0.0,0,247.17,0.0,1,6.93,17.75,SPY190315P00260000,260.0,0,0.0,0.0,,0.0,normalDay
2018-12-21,0.0,-1556.0,0.0,0,240.7,0.0,1,6.93,22.49,SPY190315P00260000,260.0,0,0.0,0.0,,0.0,normalDay
2018-12-24,0.0,-2246.0,0.0,0,234.34,0.0,1,6.93,29.39,SPY190315P00260000,260.0,0,0.0,0.0,,0.0,normalDay
2018-12-26,0.0,-1090.0,0.0,0,246.18,0.0,1,6.93,17.83,SPY190315P00260000,260.0,0,0.0,0.0,,0.0,normalDay
2018-12-27,0.0,-972.0,0.0,0,248.07,0.0,1,6.93,16.65,SPY190315P00260000,260.0,0,0.0,0.0,,0.0,normalDay
2018-12-28,0.0,-998.0,0.0,0,247.75,0.0,1,6.93,16.91,SPY190315P00260000,260.0,0,0.0,0.0,,0.0,normalDay
2018-12-31,0.0,-794.0,0.0,0,249.92,0.0,1,6.93,14.87,SPY190315P00260000,260.0,0,0.0,0.0,,0.0,normalDay
2019-01-02,0.0,-713.0,0.0,0,250.18,0.0,1,6.93,14.06,SPY190315P00260000,260.0,0,0.0,0.0,,0.0,normalDay
2019-01-03,0.0,-1176.0,0.0,0,244.21,0.0,1,6.93,18.69,SPY190315P00260000,260.0,0,0.0,0.0,,0.0,normalDay
2019-01-04,0.0,-557.0,0.0,0,252.39,0.0,1,6.93,12.5,SPY190315P00260000,260.0,0,0.0,0.0,,0.0,normalDay
2019-01-07,0.0,-428.0,0.0,0,254.38,0.0,1,6.93,11.21,SPY190315P00260000,260.0,0,0.0,0.0,,0.0,normalDay
2019-01-08,0.0,-274.0,0.0,0,256.77,0.0,1,6.93,9.67,SPY190315P00260000,260.0,0,0.0,0.0,,0.0,normalDay
2019-01-09,0.0,-192.0,0.0,0,257.97,0.0,1,6.93,8.85,SPY190315P00260000,260.0,0,0.0,0.0,,0.0,normalDay
2019-01-10,0.0,-127.0,0.0,0,258.88,0.0,1,6.93,8.2,SPY190315P00260000,260.0,0,0.0,0.0,,0.0,normalDay
2019-01-11,0.0,-80.0,0.0,0,258.98,0.0,1,6.93,7.73,SPY190315P00260000,260.0,0,0.0,0.0,,0.0,normalDay
2019-01-14,0.0,-131.0,0.0,0,257.4,0.0,1,6.93,8.24,SPY190315P00260000,260.0,0,0.0,0.0,,0.0,normalDay
2019-01-15,0.0,34.0,0.0,0,260.35,0.0,1,6.93,6.59,SPY190315P00260000,260.0,0,0.0,0.0,,0.0,normalDay
2019-01-16,0.0,65.0,0.0,0,260.98,0.0,1,6.93,6.28,SPY190315P00260000,260.0,0,0.0,0.0,,0.0,normalDay
2019-01-17,0.0,151.0,0.0,0,262.96,0.0,1,6.93,5.42,SPY190315P00260000,260.0,0,0.0,0.0,,0.0,normalDay
2019-01-18,0.0,260.0,0.0,0,266.46,0.0,1,6.93,4.33,SPY190315P00260000,260.0,0,0.0,0.0,,0.0,normalDay
2019-01-22,0.0,112.0,0.0,0,262.86,0.0,1,6.93,5.81,SPY190315P00260000,260.0,0,0.0,0.0,,0.0,normalDay
2019-01-23,0.0,131.0,0.0,0,263.41,0.0,1,6.93,5.62,SPY190315P00260000,260.0,0,0.0,0.0,,0.0,normalDay
2019-01-24,0.0,160.0,0.0,0,263.55,0.0,1,6.93,5.33,SPY190315P00260000,260.0,0,0.0,0.0,,0.0,normalDay
2019-01-25,0.0,275.0,0.0,0,265.78,0.0,1,6.93,4.18,SPY190315P00260000,260.0,0,0.0,0.0,,0.0,normalDay
2019-01-28,0.0,196.0,0.0,0,263.76,0.0,1,6.93,4.97,SPY190315P00260000,260.0,0,0.0,0.0,,0.0,normalDay
2019-01-29,0.0,182.0,0.0,0,263.41,0.0,1,6.93,5.11,SPY190315P00260000,260.0,0,0.0,0.0,,0.0,normalDay
2019-01-30,0.0,349.0,0.0,0,267.58,0.0,1,6.93,3.44,SPY190315P00260000,260.0,0,0.0,0.0,,0.0,normalDay
2019-01-31,0.0,447.0,0.0,0,269.93,0.0,1,6.93,2.46,SPY190315P00260000,260.0,0,0.0,0.0,,0.0,normalDay
2019-02-01,0.0,460.0,0.0,0,270.06,0.0,1,6.93,2.33,SPY190315P00260000,260.0,0,0.0,0.0,,0.0,normalDay
2019-02-04,0.0,516.0,0.0,0,271.96,0.0,1,6.93,1.77,SPY190315P00260000,260.0,0,0.0,0.0,,0.0,normalDay
2019-02-05,0.0,531.0,0.0,0,273.1,0.0,1,6.93,1.62,SPY190315P00260000,260.0,0,0.0,0.0,,0.0,normalDay
2019-02-06,0.0,535.0,0.0,0,272.74,0.0,1,6.93,1.58,SPY190315P00260000,260.0,0,0.0,0.0,,0.0,normalDay
2019-02-07,0.0,485.0,0.0,0,270.14,0.0,1,6.93,2.08,SPY190315P00260000,260.0,0,0.0,0.0,,0.0,normalDay
2019-02-08,0.0,502.0,0.0,0,270.47,0.0,1,6.93,1.91,SPY190315P00260000,260.0,0,0.0,0.0,,0.0,normalDay
2019-02-11,0.0,517.0,0.0,0,270.62,0.0,1,6.93,1.76,SPY190315P00260000,260.0,0,0.0,0.0,,0.0,normalDay
2019-02-12,0.0,580.0,0.0,0,274.1,0.0,1,6.93,1.13,SPY190315P00260000,260.0,0,0.0,0.0,,0.0,normalDay
2019-02-13,0.0,587.0,0.0,0,274.99,0.0,1,6.93,1.06,SPY190315P00260000,260.0,0,0.0,0.0,,0.0,normalDay
2019-02-14,0.0,575.0,0.0,0,274.38,0.0,1,6.93,1.18,SPY190315P00260000,260.0,0,0.0,0.0,,0.0,normalDay
2019-02-15,0.0,619.0,0.0,0,277.37,0.0,1,6.93,0.74,SPY190315P00260000,260.0,0,0.0,0.0,,0.0,normalDay
2019-02-19,0.0,633.0,0.0,0,277.85,0.0,1,6.93,0.6,SPY190315P00260000,260.0,0,0.0,0.0,,0.0,normalDay
2019-02-20,0.0,648.0,0.0,0,278.41,0.0,1,6.93,0.45,SPY190315P00260000,260.0,0,0.0,0.0,,0.0,normalDay
2019-02-21,0.0,644.0,0.0,0,277.42,0.0,1,6.93,0.49,SPY190315P00260000,260.0,0,0.0,0.0,,0.0,normalDay
2019-02-22,0.0,660.0,0.0,0,279.14,0.0,1,6.93,0.33,SPY190315P00260000,260.0,0,0.0,0.0,,0.0,normalDay
2019-02-25,0.0,658.0,0.0,0,279.52,0.0,1,6.93,0.35,SPY190315P00260000,260.0,0,0.0,0.0,,0.0,normalDay
2019-02-26,0.0,658.0,0.0,0,279.32,0.0,1,6.93,0.35,SPY190315P00260000,260.0,0,0.0,0.0,,0.0,normalDay
2019-02-27,0.0,662.0,0.0,0,279.2,0.0,1,6.93,0.31,SPY190315P00260000,260.0,0,0.0,0.0,,0.0,normalDay
2019-02-28,0.0,661.0,0.0,0,278.68,0.0,1,6.93,0.32,SPY190315P00260000,260.0,0,0.0,0.0,,0.0,normalDay
2019-03-01,0.0,675.0,0.0,0,280.42,0.0,1,6.93,0.18,SPY190315P00260000,260.0,0,0.0,0.0,,0.0,normalDay
2019-03-04,0.0,675.0,0.0,0,279.4,0.0,1,6.93,0.18,SPY190315P00260000,260.0,0,0.0,0.0,,0.0,normalDay
2019-03-05,0.0,676.0,0.0,0,279.02,0.0,1,6.93,0.17,SPY190315P00260000,260.0,0,0.0,0.0,,0.0,normalDay
2019-03-06,0.0,672.0,0.0,0,277.33,0.0,1,6.93,0.21,SPY190315P00260000,260.0,0,0.0,0.0,,0.0,normalDay
2019-03-07,0.0,668.0,0.0,0,275.01,0.0,1,6.93,0.25,SPY190315P00260000,260.0,0,0.0,0.0,,0.0,normalDay
2019-03-08,0.0,680.0,0.0,0,274.46,0.0,1,6.93,0.13,SPY190315P00260000,260.0,0,0.0,0.0,,0.0,normalDay
2019-03-11,0.0,689.0,0.0,0,278.44,0.0,1,6.93,0.04,SPY190315P00260000,260.0,0,0.0,0.0,,0.0,normalDay
2019-03-12,0.0,691.0,0.0,0,279.49,0.0,1,6.93,0.02,SPY190315P00260000,260.0,0,0.0,0.0,,0.0,normalDay
2019-03-13,0.0,691.0,0.0,0,281.34,0.0,1,6.93,0.02,SPY190315P00260000,260.0,0,0.0,0.0,,0.0,normalDay
2019-03-14,0.0,692.0,0.0,0,281.16,0.0,1,6.93,0.01,SPY190315P00260000,260.0,0,0.0,0.0,,0.0,normalDay
2019-03-15,693.0,0.0,693.0,0,281.31,0.0,1,6.93,0.0,SPY190315P00260000,260.0,0,0.0,0.0,,0.0,expirationDay
2019-03-18,693.0,-4.0,0.0,0,282.33,0.0,1,5.74,5.78,SPY190719P00275000,275.0,0,0.0,0.0,,0.0,normalDay
2019-03-19,693.0,-25.0,0.0,0,282.4,0.0,1,5.74,5.99,SPY190719P00275000,275.0,0,0.0,0.0,,0.0,normalDay
2019-03-20,693.0,-54.0,0.0,0,281.55,0.0,1,5.74,6.28,SPY190719P00275000,275.0,0,0.0,0.0,,0.0,normalDay
2019-03-21,693.0,40.0,0.0,0,284.73,0.0,1,5.74,5.34,SPY190719P00275000,275.0,0,0.0,0.0,,0.0,normalDay
2019-03-22,693.0,-163.0,0.0,0,279.25,0.0,1,5.74,7.37,SPY190719P00275000,275.0,0,0.0,0.0,,0.0,normalDay
2019-03-25,693.0,-189.0,0.0,0,279.04,0.0,1,5.74,7.63,SPY190719P00275000,275.0,0,0.0,0.0,,0.0,normalDay
2019-03-26,693.0,-92.0,0.0,0,281.12,0.0,1,5.74,6.66,SPY190719P00275000,275.0,0,0.0,0.0,,0.0,normalDay
2019-03-27,693.0,-141.0,0.0,0,279.65,0.0,1,5.74,7.15,SPY190719P00275000,275.0,0,0.0,0.0,,0.0,normalDay
2019-03-28,693.0,-83.0,0.0,0,280.71,0.0,1,5.74,6.57,SPY190719P00275000,275.0,0,0.0,0.0,,0.0,normalDay
2019-03-29,693.0,-8.0,0.0,0,282.48,0.0,1,5.74,5.82,SPY190719P00275000,275.0,0,0.0,0.0,,0.0,normalDay
2019-04-01,693.0,90.0,0.0,0,285.83,0.0,1,5.74,4.84,SPY190719P00275000,275.0,0,0.0,0.0,,0.0,normalDay
2019-04-02,693.0,98.0,0.0,0,285.97,0.0,1,5.74,4.76,SPY190719P00275000,275.0,0,0.0,0.0,,0.0,normalDay
2019-04-03,693.0,115.0,0.0,0,286.42,0.0,1,5.74,4.59,SPY190719P00275000,275.0,0,0.0,0.0,,0.0,normalDay
2019-04-04,693.0,136.0,0.0,0,287.18,0.0,1,5.74,4.38,SPY190719P00275000,275.0,0,0.0,0.0,,0.0,normalDay
2019-04-05,693.0,184.0,0.0,0,288.57,0.0,1,5.74,3.9,SPY190719P00275000,275.0,0,0.0,0.0,,0.0,normalDay
2019-04-08,693.0,191.0,0.0,0,288.79,0.0,1,5.74,3.83,SPY190719P00275000,275.0,0,0.0,0.0,,0.0,normalDay
2019-04-09,693.0,133.0,0.0,0,287.31,0.0,1,5.74,4.41,SPY190719P00275000,275.0,0,0.0,0.0,,0.0,normalDay
2019-04-10,693.0,185.0,0.0,0,288.29,0.0,1,5.74,3.89,SPY190719P00275000,275.0,0,0.0,0.0,,0.0,normalDay
2019-04-11,693.0,189.0,0.0,0,288.21,0.0,1,5.74,3.85,SPY190719P00275000,275.0,0,0.0,0.0,,0.0,normalDay
2019-04-12,693.0,255.0,0.0,0,290.16,0.0,1,5.74,3.19,SPY190719P00275000,275.0,0,0.0,0.0,,0.0,normalDay
2019-04-15,693.0,262.0,0.0,0,289.97,0.0,1,5.74,3.12,SPY190719P00275000,275.0,0,0.0,0.0,,0.0,normalDay
2019-04-16,693.0,266.0,0.0,0,290.16,0.0,1,5.74,3.08,SPY190719P00275000,275.0,0,0.0,0.0,,0.0,normalDay
2019-04-17,693.0,249.0,0.0,0,289.45,0.0,1,5.74,3.25,SPY190719P00275000,275.0,0,0.0,0.0,,0.0,normalDay
2019-04-18,693.0,268.0,0.0,0,290.02,0.0,1,5.74,3.06,SPY190719P00275000,275.0,0,0.0,0.0,,0.0,normalDay
2019-04-22,693.0,286.0,0.0,0,290.27,0.0,1,5.74,2.88,SPY190719P00275000,275.0,0,0.0,0.0,,0.0,normalDay
2019-04-23,693.0,326.0,0.0,0,292.88,0.0,1,5.74,2.48,SPY190719P00275000,275.0,0,0.0,0.0,,0.0,normalDay
2019-04-24,693.0,309.0,0.0,0,292.23,0.0,1,5.74,2.65,SPY190719P00275000,275.0,0,0.0,0.0,,0.0,normalDay
2019-04-25,693.0,302.0,0.0,0,292.05,0.0,1,5.74,2.72,SPY190719P00275000,275.0,0,0.0,0.0,,0.0,normalDay
2019-04-26,693.0,331.0,0.0,0,293.41,0.0,1,5.74,2.43,SPY190719P00275000,275.0,0,0.0,0.0,,0.0,normalDay
2019-04-29,693.0,338.0,0.0,0,293.87,0.0,1,5.74,2.36,SPY190719P00275000,275.0,0,0.0,0.0,,0.0,normalDay
2019-04-30,693.0,343.0,0.0,0,294.02,0.0,1,5.74,2.31,SPY190719P00275000,275.0,0,0.0,0.0,,0.0,normalDay
2019-05-01,693.0,290.0,0.0,0,291.81,0.0,1,5.74,2.84,SPY190719P00275000,275.0,0,0.0,0.0,,0.0,normalDay
2019-05-02,693.0,282.0,0.0,0,291.18,0.0,1,5.74,2.92,SPY190719P00275000,275.0,0,0.0,0.0,,0.0,normalDay
2019-05-03,693.0,352.0,0.0,0,294.03,0.0,1,5.74,2.22,SPY190719P00275000,275.0,0,0.0,0.0,,0.0,normalDay
2019-05-06,693.0,303.0,0.0,0,292.82,0.0,1,5.74,2.71,SPY190719P00275000,275.0,0,0.0,0.0,,0.0,normalDay
2019-05-07,693.0,127.0,0.0,0,287.93,0.0,1,5.74,4.47,SPY190719P00275000,275.0,0,0.0,0.0,,0.0,normalDay
2019-05-08,693.0,134.0,0.0,0,287.53,0.0,1,5.74,4.4,SPY190719P00275000,275.0,0,0.0,0.0,,0.0,normalDay
2019-05-09,693.0,128.0,0.0,0,286.66,0.0,1,5.74,4.46,SPY190719P00275000,275.0,0,0.0,0.0,,0.0,normalDay
2019-05-10,693.0,215.0,0.0,0,288.1,0.0,1,5.74,3.59,SPY190719P00275000,275.0,0,0.0,0.0,,0.0,normalDay
2019-05-13,693.0,-61.0,0.0,0,280.86,0.0,1,5.74,6.35,SPY190719P00275000,275.0,0,0.0,0.0,,0.0,normalDay
2019-05-14,693.0,71.0,0.0,0,283.4,0.0,1,5.74,5.03,SPY190719P00275000,275.0,0,0.0,0.0,,0.0,normalDay
2019-05-15,693.0,160.0,0.0,0,285.06,0.0,1,5.74,4.14,SPY190719P00275000,275.0,0,0.0,0.0,,0.0,normalDay
2019-05-16,693.0,248.0,0.0,0,287.7,0.0,1,5.74,3.26,SPY190719P00275000,275.0,0,0.0,0.0,,0.0,normalDay
2019-05-17,693.0,199.0,0.0,0,285.84,0.0,1,5.74,3.75,SPY190719P00275000,275.0,0,0.0,0.0,,0.0,normalDay
2019-05-20,693.0,165.0,0.0,0,283.95,0.0,1,5.74,4.09,SPY190719P00275000,275.0,0,0.0,0.0,,0.0,normalDay
2019-05-21,693.0,257.0,0.0,0,286.51,0.0,1,5.74,3.17,SPY190719P00275000,275.0,0,0.0,0.0,,0.0,normalDay
2019-05-22,693.0,245.0,0.0,0,285.63,0.0,1,5.74,3.29,SPY190719P00275000,275.0,0,0.0,0.0,,0.0,normalDay
2019-05-23,693.0,111.0,0.0,0,282.14,0.0,1,5.74,4.63,SPY190719P00275000,275.0,0,0.0,0.0,,0.0,normalDay
2019-05-24,693.0,161.0,0.0,0,282.78,0.0,1,5.74,4.13,SPY190719P00275000,275.0,0,0.0,0.0,,0.0,normalDay
2019-05-28,693.0,82.0,0.0,0,280.15,0.0,1,5.74,4.92,SPY190719P00275000,275.0,0,0.0,0.0,,0.0,normalDay
2019-05-29,693.0,9.0,0.0,0,278.27,0.0,1,5.74,5.65,SPY190719P00275000,275.0,0,0.0,0.0,,0.0,normalDay
2019-05-30,693.0,49.0,0.0,0,279.03,0.0,1,5.74,5.25,SPY190719P00275000,275.0,0,0.0,0.0,,0.0,normalDay
2019-05-31,693.0,-122.0,0.0,0,275.27,0.0,1,5.74,6.96,SPY190719P00275000,275.0,0,0.0,0.0,,0.0,normalDay
2019-06-03,693.0,-118.0,0.0,0,274.57,0.0,1,5.74,6.92,SPY190719P00275000,275.0,0,0.0,0.0,,0.0,normalDay
2019-06-04,693.0,141.0,0.0,0,280.53,0.0,1,5.74,4.33,SPY190719P00275000,275.0,0,0.0,0.0,,0.0,normalDay
2019-06-05,693.0,241.0,0.0,0,282.96,0.0,1,5.74,3.33,SPY190719P00275000,275.0,0,0.0,0.0,,0.0,normalDay
2019-06-06,693.0,296.0,0.0,0,284.8,0.0,1,5.74,2.78,SPY190719P00275000,275.0,0,0.0,0.0,,0.0,normalDay
2019-06-07,693.0,341.0,0.0,0,287.65,0.0,1,5.74,2.33,SPY190719P00275000,275.0,0,0.0,0.0,,0.0,normalDay
2019-06-10,693.0,382.0,0.0,0,288.97,0.0,1,5.74,1.92,SPY190719P00275000,275.0,0,0.0,0.0,,0.0,normalDay
2019-06-11,693.0,379.0,0.0,0,288.9,0.0,1,5.74,1.95,SPY190719P00275000,275.0,0,0.0,0.0,,0.0,normalDay
2019-06-12,693.0,380.0,0.0,0,288.39,0.0,1,5.74,1.94,SPY190719P00275000,275.0,0,0.0,0.0,,0.0,normalDay
2019-06-13,693.0,403.0,0.0,0,289.58,0.0,1,5.74,1.71,SPY190719P00275000,275.0,0,0.0,0.0,,0.0,normalDay
2019-06-14,693.0,417.0,0.0,0,289.26,0.0,1,5.74,1.57,SPY190719P00275000,275.0,0,0.0,0.0,,0.0,normalDay
2019-06-17,693.0,431.0,0.0,0,289.37,0.0,1,5.74,1.43,SPY190719P00275000,275.0,0,0.0,0.0,,0.0,normalDay
2019-06-18,693.0,467.0,0.0,0,292.4,0.0,1,5.74,1.07,SPY190719P00275000,275.0,0,0.0,0.0,,0.0,normalDay
2019-06-19,693.0,490.0,0.0,0,293.06,0.0,1,5.74,0.84,SPY190719P00275000,275.0,0,0.0,0.0,,0.0,normalDay
2019-06-20,693.0,508.0,0.0,0,295.86,0.0,1,5.74,0.66,SPY190719P00275000,275.0,0,0.0,0.0,,0.0,normalDay
2019-06-21,693.0,502.0,0.0,0,294.0,0.0,1,5.74,0.72,SPY190719P00275000,275.0,0,0.0,0.0,,0.0,normalDay
2019-06-24,693.0,511.0,0.0,0,293.64,0.0,1,5.74,0.63,SPY190719P00275000,275.0,0,0.0,0.0,,0.0,normalDay
2019-06-25,693.0,483.0,0.0,0,290.76,0.0,1,5.74,0.91,SPY190719P00275000,275.0,0,0.0,0.0,,0.0,normalDay
2019-06-26,693.0,484.0,0.0,0,290.47,0.0,1,5.74,0.9,SPY190719P00275000,275.0,0,0.0,0.0,,0.0,normalDay
2019-06-27,693.0,504.0,0.0,0,291.5,0.0,1,5.74,0.7,SPY190719P00275000,275.0,0,0.0,0.0,,0.0,normalDay
2019-06-28,693.0,520.0,0.0,0,293.0,0.0,1,5.74,0.54,SPY190719P00275000,275.0,0,0.0,0.0,,0.0,normalDay
2019-07-01,693.0,549.0,0.0,0,295.66,0.0,1,5.74,0.25,SPY190719P00275000,275.0,0,0.0,0.0,,0.0,normalDay
2019-07-02,693.0,558.0,0.0,0,296.43,0.0,1,5.74,0.16,SPY190719P00275000,275.0,0,0.0,0.0,,0.0,normalDay
2019-07-03,693.0,563.0,0.0,0,298.8,0.0,1,5.74,0.11,SPY190719P00275000,275.0,0,0.0,0.0,,0.0,normalDay
2019-07-05,693.0,562.0,0.0,0,298.46,0.0,1,5.74,0.12,SPY190719P00275000,275.0,0,0.0,0.0,,0.0,normalDay
2019-07-08,693.0,565.0,0.0,0,296.82,0.0,1,5.74,0.09,SPY190719P00275000,275.0,0,0.0,0.0,,0.0,normalDay
2019-07-09,693.0,567.0,0.0,0,297.19,0.0,1,5.74,0.07,SPY190719P00275000,275.0,0,0.0,0.0,,0.0,normalDay
2019-07-10,693.0,570.0,0.0,0,298.61,0.0,1,5.74,0.04,SPY190719P00275000,275.0,0,0.0,0.0,,0.0,normalDay
2019-07-11,693.0,570.0,0.0,0,299.31,0.0,1,5.74,0.04,SPY190719P00275000,275.0,0,0.0,0.0,,0.0,normalDay
2019-07-12,693.0,571.0,0.0,0,300.65,0.0,1,5.74,0.03,SPY190719P00275000,275.0,0,0.0,0.0,,0.0,normalDay
2019-07-15,693.0,571.0,0.0,0,300.75,0.0,1,5.74,0.03,SPY190719P00275000,275.0,0,0.0,0.0,,0.0,normalDay
2019-07-16,693.0,572.0,0.0,0,299.78,0.0,1,5.74,0.02,SPY190719P00275000,275.0,0,0.0,0.0,,0.0,normalDay
2019-07-17,693.0,572.0,0.0,0,297.74,0.0,1,5.74,0.02,SPY190719P00275000,275.0,0,0.0,0.0,,0.0,normalDay
2019-07-18,693.0,573.0,0.0,0,298.83,0.0,1,5.74,0.01,SPY190719P00275000,275.0,0,0.0,0.0,,0.0,normalDay
2019-07-19,1267.0,0.0,574.0,0,297.17,0.0,1,5.74,0.0,SPY190719P00275000,275.0,0,0.0,0.0,,0.0,expirationDay
2019-07-22,1267.0,-7.0,0.0,0,297.9,0.0,1,6.23,6.3,SPY191115P00290000,290.0,0,0.0,0.0,,0.0,normalDay
2019-07-23,1267.0,72.0,0.0,0,300.03,0.0,1,6.23,5.51,SPY191115P00290000,290.0,0,0.0,0.0,,0.0,normalDay
2019-07-24,1267.0,121.0,0.0,0,301.44,0.0,1,6.23,5.02,SPY191115P00290000,290.0,0,0.0,0.0,,0.0,normalDay
2019-07-25,1267.0,72.0,0.0,0,300.0,0.0,1,6.23,5.51,SPY191115P00290000,290.0,0,0.0,0.0,,0.0,normalDay
2019-07-26,1267.0,134.0,0.0,0,302.01,0.0,1,6.23,4.89,SPY191115P00290000,290.0,0,0.0,0.0,,0.0,normalDay
2019-07-29,1267.0,131.0,0.0,0,301.46,0.0,1,6.23,4.92,SPY191115P00290000,290.0,0,0.0,0.0,,0.0,normalDay
2019-07-30,1267.0,83.0,0.0,0,300.72,0.0,1,6.23,5.4,SPY191115P00290000,290.0,0,0.0,0.0,,0.0,normalDay
2019-07-31,1267.0,-50.0,0.0,0,297.43,0.0,1,6.23,6.73,SPY191115P00290000,290.0,0,0.0,0.0,,0.0,normalDay
2019-08-01,1267.0,-170.0,0.0,0,294.84,0.0,1,6.23,7.93,SPY191115P00290000,290.0,0,0.0,0.0,,0.0,normalDay
2019-08-02,1267.0,-249.0,0.0,0,292.62,0.0,1,6.23,8.72,SPY191115P00290000,290.0,0,0.0,0.0,,0.0,normalDay
2019-08-05,1267.0,-798.0,0.0,0,283.82,0.0,1,6.23,14.21,SPY191115P00290000,290.0,0,0.0,0.0,,0.0,normalDay
2019-08-06,1267.0,-492.0,0.0,0,287.8,0.0,1,6.23,11.15,SPY191115P00290000,290.0,0,0.0,0.0,,0.0,normalDay
2019-08-07,1267.0,-484.0,0.0,0,287.97,0.0,1,6.23,11.07,SPY191115P00290000,290.0,0,0.0,0.0,,0.0,normalDay
2019-08-08,1267.0,-183.0,0.0,0,293.62,0.0,1,6.23,8.06,SPY191115P00290000,290.0,0,0.0,0.0,,0.0,normalDay
2019-08-09,1267.0,-279.0,0.0,0,291.62,0.0,1,6.23,9.02,SPY191115P00290000,290.0,0,0.0,0.0,,0.0,normalDay
2019-08-12,1267.0,-515.0,0.0,0,288.07,0.0,1,6.23,11.38,SPY191115P00290000,290.0,0,0.0,0.0,,0.0,normalDay
2019-08-13,1267.0,-245.0,0.0,0,292.55,0.0,1,6.23,8.68,SPY191115P00290000,290.0,0,0.0,0.0,,0.0,normalDay
2019-08-14,1267.0,-733.0,0.0,0,283.9,0.0,1,6.23,13.56,SPY191115P00290000,290.0,0,0.0,0.0,,0.0,normalDay
2019-08-15,1267.0,-676.0,0.0,0,284.65,0.0,1,6.23,12.99,SPY191115P00290000,290.0,0,0.0,0.0,,0.0,normalDay
2019-08-16,1267.0,-430.0,0.0,0,288.85,0.0,1,6.23,10.53,SPY191115P00290000,290.0,0,0.0,0.0,,0.0,normalDay
2019-08-19,1267.0,-219.0,0.0,0,292.33,0.0,1,6.23,8.42,SPY191115P00290000,290.0,0,0.0,0.0,,0.0,normalDay
2019-08-20,1267.0,-329.0,0.0,0,290.09,0.0,1,6.23,9.52,SPY191115P00290000,290.0,0,0.0,0.0,,0.0,normalDay
2019-08-21,1267.0,-162.0,0.0,0,292.45,0.0,1,6.23,7.85,SPY191115P00290000,290.0,0,0.0,0.0,,0.0,normalDay
2019-08-22,1267.0,-193.0,0.0,0,292.36,0.0,1,6.23,8.16,SPY191115P00290000,290.0,0,0.0,0.0,,0.0,normalDay
2019-08-23,1267.0,-561.0,0.0,0,284.85,0.0,1,6.23,11.84,SPY191115P00290000,290.0,0,0.0,0.0,,0.0,normalDay
2019-08-26,1267.0,-411.0,0.0,0,288.0,0.0,1,6.23,10.34,SPY191115P00290000,290.0,0,0.0,0.0,,0.0,normalDay
2019-08-27,1267.0,-497.0,0.0,0,286.87,0.0,1,6.23,11.2,SPY191115P00290000,290.0,0,0.0,0.0,,0.0,normalDay
2019-08-28,1267.0,-372.0,0.0,0,288.89,0.0,1,6.23,9.95,SPY191115P00290000,290.0,0,0.0,0.0,,0.0,normalDay
2019-08-29,1267.0,-189.0,0.0,0,292.58,0.0,1,6.23,8.12,SPY191115P00290000,290.0,0,0.0,0.0,,0.0,normalDay
2019-08-30,1267.0,-203.0,0.0,0,292.45,0.0,1,6.23,8.26,SPY191115P00290000,290.0,0,0.0,0.0,,0.0,normalDay
2019-09-03,1267.0,-280.0,0.0,0,290.74,0.0,1,6.23,9.03,SPY191115P00290000,290.0,0,0.0,0.0,,0.0,normalDay
2019-09-04,1267.0,-89.0,0.0,0,294.04,0.0,1,6.23,7.12,SPY191115P00290000,290.0,0,0.0,0.0,,0.0,normalDay
2019-09-05,1267.0,59.0,0.0,0,297.82,0.0,1,6.23,5.64,SPY191115P00290000,290.0,0,0.0,0.0,,0.0,normalDay
2019-09-06,1267.0,114.0,0.0,0,298.05,0.0,1,6.23,5.09,SPY191115P00290000,290.0,0,0.0,0.0,,0.0,normalDay
2019-09-09,1267.0,123.0,0.0,0,298.2,0.0,1,6.23,5.0,SPY191115P00290000,290.0,0,0.0,0.0,,0.0,normalDay
2019-09-10,1267.0,130.0,0.0,0,298.13,0.0,1,6.23,4.93,SPY191115P00290000,290.0,0,0.0,0.0,,0.0,normalDay
2019-09-11,1267.0,208.0,0.0,0,300.25,0.0,1,6.23,4.15,SPY191115P00290000,290.0,0,0.0,0.0,,0.0,normalDay
2019-09-12,1267.0,258.0,0.0,0,301.29,0.0,1,6.23,3.65,SPY191115P00290000,290.0,0,0.0,0.0,,0.0,normalDay
2019-09-13,1267.0,262.0,0.0,0,301.09,0.0,1,6.23,3.61,SPY191115P00290000,290.0,0,0.0,0.0,,0.0,normalDay
2019-09-16,1267.0,238.0,0.0,0,300.16,0.0,1,6.23,3.85,SPY191115P00290000,290.0,0,0.0,0.0,,0.0,normalDay
2019-09-17,1267.0,254.0,0.0,0,300.92,0.0,1,6.23,3.69,SPY191115P00290000,290.0,0,0.0,0.0,,0.0,normalDay
2019-09-18,1267.0,282.0,0.0,0,301.1,0.0,1,6.23,3.41,SPY191115P00290000,290.0,0,0.0,0.0,,0.0,normalDay
2019-09-19,1267.0,284.0,0.0,0,301.08,0.0,1,6.23,3.39,SPY191115P00290000,290.0,0,0.0,0.0,,0.0,normalDay
2019-09-20,1267.0,222.0,0.0,0,298.28,0.0,1,6.23,4.01,SPY191115P00290000,290.0,0,0.0,0.0,,0.0,normalDay
2019-09-23,1267.0,251.0,0.0,0,298.21,0.0,1,6.23,3.72,SPY191115P00290000,290.0,0,0.0,0.0,,0.0,normalDay
2019-09-24,1267.0,152.0,0.0,0,295.87,0.0,1,6.23,4.71,SPY191115P00290000,290.0,0,0.0,0.0,,0.0,normalDay
2019-09-25,1267.0,214.0,0.0,0,297.62,0.0,1,6.23,4.09,SPY191115P00290000,290.0,0,0.0,0.0,,0.0,normalDay
2019-09-26,1267.0,214.0,0.0,0,297.0,0.0,1,6.23,4.09,SPY191115P00290000,290.0,0,0.0,0.0,,0.0,normalDay
2019-09-27,1267.0,144.0,0.0,0,295.4,0.0,1,6.23,4.79,SPY191115P00290000,290.0,0,0.0,0.0,,0.0,normalDay
2019-09-30,1267.0,230.0,0.0,0,296.77,0.0,1,6.23,3.93,SPY191115P00290000,290.0,0,0.0,0.0,,0.0,normalDay
2019-10-01,1267.0,75.0,0.0,0,293.24,0.0,1,6.23,5.48,SPY191115P00290000,290.0,0,0.0,0.0,,0.0,normalDay
2019-10-02,1267.0,-206.0,0.0,0,288.06,0.0,1,6.23,8.29,SPY191115P00290000,290.0,0,0.0,0.0,,0.0,normalDay
2019-10-03,1267.0,-43.0,0.0,0,290.42,0.0,1,6.23,6.66,SPY191115P00290000,290.0,0,0.0,0.0,,0.0,normalDay
2019-10-04,1267.0,160.0,0.0,0,294.35,0.0,1,6.23,4.63,SPY191115P00290000,290.0,0,0.0,0.0,,0.0,normalDay
2019-10-07,1267.0,119.0,0.0,0,293.08,0.0,1,6.23,5.04,SPY191115P00290000,290.0,0,0.0,0.0,,0.0,normalDay
2019-10-08,1267.0,-104.0,0.0,0,288.53,0.0,1,6.23,7.27,SPY191115P00290000,290.0,0,0.0,0.0,,0.0,normalDay
2019-10-09,1267.0,48.0,0.0,0,291.27,0.0,1,6.23,5.75,SPY191115P00290000,290.0,0,0.0,0.0,,0.0,normalDay
2019-10-10,1267.0,161.0,0.0,0,293.24,0.0,1,6.23,4.62,SPY191115P00290000,290.0,0,0.0,0.0,,0.0,normalDay
2019-10-11,1267.0,313.0,0.0,0,296.28,0.0,1,6.23,3.1,SPY191115P00290000,290.0,0,0.0,0.0,,0.0,normalDay
2019-10-14,1267.0,343.0,0.0,0,295.95,0.0,1,6.23,2.8,SPY191115P00290000,290.0,0,0.0,0.0,,0.0,normalDay
2019-10-15,1267.0,442.0,0.0,0,298.88,0.0,1,6.23,1.81,SPY191115P00290000,290.0,0,0.0,0.0,,0.0,normalDay
2019-10-16,1267.0,441.0,0.0,0,298.4,0.0,1,6.23,1.82,SPY191115P00290000,290.0,0,0.0,0.0,,0.0,normalDay
2019-10-17,1267.0,457.0,0.0,0,299.28,0.0,1,6.23,1.66,SPY191115P00290000,290.0,0,0.0,0.0,,0.0,normalDay
2019-10-18,1267.0,437.0,0.0,0,297.97,0.0,1,6.23,1.86,SPY191115P00290000,290.0,0,0.0,0.0,,0.0,normalDay
2019-10-21,1267.0,496.0,0.0,0,299.99,0.0,1,6.23,1.27,SPY191115P00290000,290.0,0,0.0,0.0,,0.0,normalDay
2019-10-22,1267.0,479.0,0.0,0,299.01,0.0,1,6.23,1.44,SPY191115P00290000,290.0,0,0.0,0.0,,0.0,normalDay
2019-10-23,1267.0,509.0,0.0,0,299.88,0.0,1,6.23,1.14,SPY191115P00290000,290.0,0,0.0,0.0,,0.0,normalDay
2019-10-24,1267.0,525.0,0.0,0,300.37,0.0,1,6.23,0.98,SPY191115P00290000,290.0,0,0.0,0.0,,0.0,normalDay
2019-10-25,1267.0,556.0,0.0,0,301.6,0.0,1,6.23,0.67,SPY191115P00290000,290.0,0,0.0,0.0,,0.0,normalDay
2019-10-28,1267.0,573.0,0.0,0,303.3,0.0,1,6.23,0.5,SPY191115P00290000,290.0,0,0.0,0.0,,0.0,normalDay
2019-10-29,1267.0,576.0,0.0,0,303.21,0.0,1,6.23,0.47,SPY191115P00290000,290.0,0,0.0,0.0,,0.0,normalDay
2019-10-30,1267.0,591.0,0.0,0,304.14,0.0,1,6.23,0.32,SPY191115P00290000,290.0,0,0.0,0.0,,0.0,normalDay
2019-10-31,1267.0,581.0,0.0,0,303.33,0.0,1,6.23,0.42,SPY191115P00290000,290.0,0,0.0,0.0,,0.0,normalDay
2019-11-01,1267.0,604.0,0.0,0,306.14,0.0,1,6.23,0.19,SPY191115P00290000,290.0,0,0.0,0.0,,0.0,normalDay
2019-11-04,1267.0,609.0,0.0,0,307.37,0.0,1,6.23,0.14,SPY191115P00290000,290.0,0,0.0,0.0,,0.0,normalDay
2019-11-05,1267.0,612.0,0.0,0,307.03,0.0,1,6.23,0.11,SPY191115P00290000,290.0,0,0.0,0.0,,0.0,normalDay
2019-11-06,1267.0,616.0,0.0,0,307.1,0.0,1,6.23,0.07,SPY191115P00290000,290.0,0,0.0,0.0,,0.0,normalDay
2019-11-07,1267.0,618.0,0.0,0,308.18,0.0,1,6.23,0.05,SPY191115P00290000,290.0,0,0.0,0.0,,0.0,normalDay
2019-11-08,1267.0,620.0,0.0,0,308.94,0.0,1,6.23,0.03,SPY191115P00290000,290.0,0,0.0,0.0,,0.0,normalDay
2019-11-11,1267.0,621.0,0.0,0,308.35,0.0,1,6.23,0.02,SPY191115P00290000,290.0,0,0.0,0.0,,0.0,normalDay
2019-11-12,1267.0,621.0,0.0,0,309.0,0.0,1,6.23,0.02,SPY191115P00290000,290.0,0,0.0,0.0,,0.0,normalDay
2019-11-13,1267.0,621.0,0.0,0,309.1,0.0,1,6.23,0.02,SPY191115P00290000,290.0,0,0.0,0.0,,0.0,normalDay
2019-11-14,1267.0,622.0,0.0,0,309.55,0.0,1,6.23,0.01,SPY191115P00290000,290.0,0,0.0,0.0,,0.0,normalDay
2019-11-15,1890.0,0.0,623.0,0,311.79,0.0,1,6.23,0.0,SPY191115P00290000,290.0,0,0.0,0.0,,0.0,expirationDay
2019-11-18,1890.0,-5.0,0.0,0,312.02,0.0,1,6.41,6.46,SPY200331P00298000,298.0,0,0.0,0.0,,0.0,normalDay
2019-11-19,1890.0,-20.0,0.0,0,311.93,0.0,1,6.41,6.61,SPY200331P00298000,298.0,0,0.0,0.0,,0.0,normalDay
2019-11-20,1890.0,-60.0,0.0,0,310.77,0.0,1,6.41,7.01,SPY200331P00298000,298.0,0,0.0,0.0,,0.0,normalDay
2019-11-21,1890.0,-75.0,0.0,0,310.27,0.0,1,6.41,7.16,SPY200331P00298000,298.0,0,0.0,0.0,,0.0,normalDay
2019-11-22,1890.0,-37.0,0.0,0,310.96,0.0,1,6.41,6.78,SPY200331P00298000,298.0,0,0.0,0.0,,0.0,normalDay
2019-11-25,1890.0,46.0,0.0,0,313.37,0.0,1,6.41,5.95,SPY200331P00298000,298.0,0,0.0,0.0,,0.0,normalDay
2019-11-26,1890.0,81.0,0.0,0,314.08,0.0,1,6.41,5.6,SPY200331P00298000,298.0,0,0.0,0.0,,0.0,normalDay
2019-11-27,1890.0,108.0,0.0,0,315.48,0.0,1,6.41,5.33,SPY200331P00298000,298.0,0,0.0,0.0,,0.0,normalDay
2019-11-29,1890.0,66.0,0.0,0,314.31,0.0,1,6.41,5.75,SPY200331P00298000,298.0,0,0.0,0.0,,0.0,normalDay
2019-12-02,1890.0,-38.0,0.0,0,311.64,0.0,1,6.41,6.79,SPY200331P00298000,298.0,0,0.0,0.0,,0.0,normalDay
2019-12-03,1890.0,-129.0,0.0,0,309.55,0.0,1,6.41,7.7,SPY200331P00298000,298.0,0,0.0,0.0,,0.0,normalDay
2019-12-04,1890.0,-56.0,0.0,0,311.46,0.0,1,6.41,6.97,SPY200331P00298000,298.0,0,0.0,0.0,,0.0,normalDay
2019-12-05,1890.0,-16.0,0.0,0,312.02,0.0,1,6.41,6.57,SPY200331P00298000,298.0,0,0.0,0.0,,0.0,normalDay
2019-12-06,1890.0,75.0,0.0,0,314.87,0.0,1,6.41,5.66,SPY200331P00298000,298.0,0,0.0,0.0,,0.0,normalDay
2019-12-09,1890.0,26.0,0.0,0,313.88,0.0,1,6.41,6.15,SPY200331P00298000,298.0,0,0.0,0.0,,0.0,normalDay
2019-12-10,1890.0,39.0,0.0,0,313.53,0.0,1,6.41,6.02,SPY200331P00298000,298.0,0,0.0,0.0,,0.0,normalDay
2019-12-11,1890.0,76.0,0.0,0,314.42,0.0,1,6.41,5.65,SPY200331P00298000,298.0,0,0.0,0.0,,0.0,normalDay
2019-12-12,1890.0,159.0,0.0,0,317.13,0.0,1,6.41,4.82,SPY200331P00298000,298.0,0,0.0,0.0,,0.0,normalDay
2019-12-13,1890.0,206.0,0.0,0,317.32,0.0,1,6.41,4.35,SPY200331P00298000,298.0,0,0.0,0.0,,0.0,normalDay
2019-12-16,1890.0,273.0,0.0,0,319.5,0.0,1,6.41,3.68,SPY200331P00298000,298.0,0,0.0,0.0,,0.0,normalDay
2019-12-17,1890.0,269.0,0.0,0,319.57,0.0,1,6.41,3.72,SPY200331P00298000,298.0,0,0.0,0.0,,0.0,normalDay
2019-12-18,1890.0,268.0,0.0,0,319.59,0.0,1,6.41,3.73,SPY200331P00298000,298.0,0,0.0,0.0,,0.0,normalDay
2019-12-19,1890.0,297.0,0.0,0,320.9,0.0,1,6.41,3.44,SPY200331P00298000,298.0,0,0.0,0.0,,0.0,normalDay
2019-12-20,1890.0,311.0,0.0,0,320.73,0.0,1,6.41,3.3,SPY200331P00298000,298.0,0,0.0,0.0,,0.0,normalDay
2019-12-23,1890.0,312.0,0.0,0,321.22,0.0,1,6.41,3.29,SPY200331P00298000,298.0,0,0.0,0.0,,0.0,normalDay
2019-12-24,1890.0,318.0,0.0,0,321.23,0.0,1,6.41,3.23,SPY200331P00298000,298.0,0,0.0,0.0,,0.0,normalDay
2019-12-26,1890.0,348.0,0.0,0,322.94,0.0,1,6.41,2.93,SPY200331P00298000,298.0,0,0.0,0.0,,0.0,normalDay
2019-12-27,1890.0,333.0,0.0,0,322.86,0.0,1,6.41,3.08,SPY200331P00298000,298.0,0,0.0,0.0,,0.0,normalDay
2019-12-30,1890.0,298.0,0.0,0,321.08,0.0,1,6.41,3.43,SPY200331P00298000,298.0,0,0.0,0.0,,0.0,normalDay
2019-12-31,1890.0,336.0,0.0,0,321.86,0.0,1,6.41,3.05,SPY200331P00298000,298.0,0,0.0,0.0,,0.0,normalDay
2020-01-02,1890.0,394.0,0.0,0,324.87,0.0,1,6.41,2.47,SPY200331P00298000,298.0,0,0.0,0.0,,0.0,normalDay
2020-01-03,1890.0,339.0,0.0,0,322.41,0.0,1,6.41,3.02,SPY200331P00298000,298.0,0,0.0,0.0,,0.0,normalDay
2020-01-06,1890.0,372.0,0.0,0,323.64,0.0,1,6.41,2.69,SPY200331P00298000,298.0,0,0.0,0.0,,0.0,normalDay
2020-01-07,1890.0,360.0,0.0,0,322.73,0.0,1,6.41,2.81,SPY200331P00298000,298.0,0,0.0,0.0,,0.0,normalDay
2020-01-08,1890.0,399.0,0.0,0,324.45,0.0,1,6.41,2.42,SPY200331P00298000,298.0,0,0.0,0.0,,0.0,normalDay
2020-01-09,1890.0,438.0,0.0,0,326.65,0.0,1,6.41,2.03,SPY200331P00298000,298.0,0,0.0,0.0,,0.0,normalDay
2020-01-10,1890.0,429.0,0.0,0,325.71,0.0,1,6.41,2.12,SPY200331P00298000,298.0,0,0.0,0.0,,0.0,normalDay
2020-01-13,1890.0,468.0,0.0,0,327.95,0.0,1,6.41,1.73,SPY200331P00298000,298.0,0,0.0,0.0,,0.0,normalDay
2020-01-14,1890.0,470.0,0.0,0,327.45,0.0,1,6.41,1.71,SPY200331P00298000,298.0,0,0.0,0.0,,0.0,normalDay
2020-01-15,1890.0,479.0,0.0,0,328.19,0.0,1,6.41,1.62,SPY200331P00298000,298.0,0,0.0,0.0,,0.0,normalDay
2020-01-16,1890.0,502.0,0.0,0,330.92,0.0,1,6.41,1.39,SPY200331P00298000,298.0,0,0.0,0.0,,0.0,normalDay
2020-01-17,1890.0,513.0,0.0,0,331.95,0.0,1,6.41,1.28,SPY200331P00298000,298.0,0,0.0,0.0,,0.0,normalDay
2020-01-21,1890.0,509.0,0.0,0,331.3,0.0,1,6.41,1.32,SPY200331P00298000,298.0,0,0.0,0.0,,0.0,normalDay
2020-01-22,1890.0,510.0,0.0,0,331.34,0.0,1,6.41,1.31,SPY200331P00298000,298.0,0,0.0,0.0,,0.0,normalDay
2020-01-23,1890.0,512.0,0.0,0,331.72,0.0,1,6.41,1.29,SPY200331P00298000,298.0,0,0.0,0.0,,0.0,normalDay
2020-01-24,1890.0,472.0,0.0,0,328.77,0.0,1,6.41,1.69,SPY200331P00298000,298.0,0,0.0,0.0,,0.0,normalDay
2020-01-27,1890.0,355.0,0.0,0,323.5,0.0,1,6.41,2.86,SPY200331P00298000,298.0,0,0.0,0.0,,0.0,normalDay
2020-01-28,1890.0,438.0,0.0,0,326.89,0.0,1,6.41,2.03,SPY200331P00298000,298.0,0,0.0,0.0,,0.0,normalDay
2020-01-29,1890.0,440.0,0.0,0,326.62,0.0,1,6.41,2.01,SPY200331P00298000,298.0,0,0.0,0.0,,0.0,normalDay
2020-01-30,1890.0,473.0,0.0,0,327.68,0.0,1,6.41,1.68,SPY200331P00298000,298.0,0,0.0,0.0,,0.0,normalDay
2020-01-31,1890.0,358.0,0.0,0,321.73,0.0,1,6.41,2.83,SPY200331P00298000,298.0,0,0.0,0.0,,0.0,normalDay
2020-02-03,1890.0,404.0,0.0,0,324.12,0.0,1,6.41,2.37,SPY200331P00298000,298.0,0,0.0,0.0,,0.0,normalDay
2020-02-04,1890.0,495.0,0.0,0,329.06,0.0,1,6.41,1.46,SPY200331P00298000,298.0,0,0.0,0.0,,0.0,normalDay
2020-02-05,1890.0,533.0,0.0,0,332.86,0.0,1,6.41,1.08,SPY200331P00298000,298.0,0,0.0,0.0,,0.0,normalDay
2020-02-06,1890.0,538.0,0.0,0,333.98,0.0,1,6.41,1.03,SPY200331P00298000,298.0,0,0.0,0.0,,0.0,normalDay
2020-02-07,1890.0,527.0,0.0,0,332.2,0.0,1,6.41,1.14,SPY200331P00298000,298.0,0,0.0,0.0,,0.0,normalDay
2020-02-10,1890.0,550.0,0.0,0,334.68,0.0,1,6.41,0.91,SPY200331P00298000,298.0,0,0.0,0.0,,0.0,normalDay
2020-02-11,1890.0,554.0,0.0,0,335.26,0.0,1,6.41,0.87,SPY200331P00298000,298.0,0,0.0,0.0,,0.0,normalDay
2020-02-12,1890.0,573.0,0.0,0,337.42,0.0,1,6.41,0.68,SPY200331P00298000,298.0,0,0.0,0.0,,0.0,normalDay
2020-02-13,1890.0,572.0,0.0,0,337.06,0.0,1,6.41,0.69,SPY200331P00298000,298.0,0,0.0,0.0,,0.0,normalDay
2020-02-14,1890.0,579.0,0.0,0,337.6,0.0,1,6.41,0.62,SPY200331P00298000,298.0,0,0.0,0.0,,0.0,normalDay
2020-02-18,1890.0,577.0,0.0,0,336.73,0.0,1,6.41,0.64,SPY200331P00298000,298.0,0,0.0,0.0,,0.0,normalDay
2020-02-19,1890.0,587.0,0.0,0,338.34,0.0,1,6.41,0.54,SPY200331P00298000,298.0,0,0.0,0.0,,0.0,normalDay
2020-02-20,1890.0,575.0,0.0,0,336.95,0.0,1,6.41,0.66,SPY200331P00298000,298.0,0,0.0,0.0,,0.0,normalDay
2020-02-21,1890.0,550.0,0.0,0,333.48,0.0,1,6.41,0.91,SPY200331P00298000,298.0,0,0.0,0.0,,0.0,normalDay
2020-02-24,1890.0,346.0,0.0,0,322.42,0.0,1,6.41,2.95,SPY200331P00298000,298.0,0,0.0,0.0,,0.0,normalDay
2020-02-25,1890.0,161.0,0.0,0,312.65,0.0,1,6.41,4.8,SPY200331P00298000,298.0,0,0.0,0.0,,0.0,normalDay
2020-02-26,1890.0,142.0,0.0,0,311.5,0.0,1,6.41,4.99,SPY200331P00298000,298.0,0,0.0,0.0,,0.0,normalDay
2020-02-27,1890.0,-632.0,0.0,0,297.51,0.0,1,6.41,12.73,SPY200331P00298000,298.0,0,0.0,0.0,,0.0,normalDay
2020-02-28,1890.0,-803.0,0.0,0,296.26,0.0,1,6.41,14.44,SPY200331P00298000,298.0,0,0.0,0.0,,0.0,normalDay
2020-03-02,1890.0,3.0,0.0,0,309.09,0.0,1,6.41,6.38,SPY200331P00298000,298.0,0,0.0,0.0,,0.0,normalDay
2020-03-03,1890.0,-345.0,0.0,0,300.24,0.0,1,6.41,9.86,SPY200331P00298000,298.0,0,0.0,0.0,,0.0,normalDay
2020-03-04,1890.0,99.0,0.0,0,312.86,0.0,1,6.41,5.42,SPY200331P00298000,298.0,0,0.0,0.0,,0.0,normalDay
2020-03-05,1890.0,-390.0,0.0,0,302.46,0.0,1,6.41,10.31,SPY200331P00298000,298.0,0,0.0,0.0,,0.0,normalDay
2020-03-06,1890.0,-610.0,0.0,0,297.46,0.0,1,6.41,12.51,SPY200331P00298000,298.0,0,0.0,0.0,,0.0,normalDay
2020-03-09,1890.0,-2232.0,0.0,0,274.23,0.0,1,6.41,28.73,SPY200331P00298000,298.0,0,0.0,0.0,,0.0,normalDay
2020-03-10,1890.0,-1098.0,0.0,0,288.42,0.0,1,6.41,17.39,SPY200331P00298000,298.0,0,0.0,0.0,,0.0,normalDay
2020-03-11,1890.0,-2168.0,0.0,0,274.36,0.0,1,6.41,28.09,SPY200331P00298000,298.0,0,0.0,0.0,,0.0,normalDay
2020-03-12,1890.0,-4585.0,0.0,0,248.11,0.0,1,6.41,52.26,SPY200331P00298000,298.0,0,0.0,0.0,,0.0,normalDay
2020-03-13,1890.0,-2511.0,0.0,0,269.32,0.0,1,6.41,31.52,SPY200331P00298000,298.0,0,0.0,0.0,,0.0,normalDay
2020-03-16,1890.0,-5050.0,0.0,0,239.85,0.0,1,6.41,56.91,SPY200331P00298000,298.0,0,0.0,0.0,,0.0,normalDay
2020-03-17,1890.0,-4197.0,0.0,0,252.8,0.0,1,6.41,48.38,SPY200331P00298000,298.0,0,0.0,0.0,,0.0,normalDay
2020-03-18,1890.0,-5413.0,0.0,0,240.0,0.0,1,6.41,60.54,SPY200331P00298000,298.0,0,0.0,0.0,,0.0,normalDay
2020-03-19,1890.0,-5371.0,0.0,0,240.51,0.0,1,6.41,60.12,SPY200331P00298000,298.0,0,0.0,0.0,,0.0,normalDay
2020-03-20,1890.0,-6306.0,0.0,0,228.8,0.0,1,6.41,69.47,SPY200331P00298000,298.0,0,0.0,0.0,,0.0,normalDay
2020-03-23,1890.0,-7099.0,0.0,0,222.95,0.0,1,6.41,77.4,SPY200331P00298000,298.0,0,0.0,0.0,,0.0,normalDay
2020-03-24,1890.0,-4962.0,0.0,0,243.15,0.0,1,6.41,56.03,SPY200331P00298000,298.0,0,0.0,0.0,,0.0,normalDay
2020-03-25,1890.0,-4483.0,0.0,0,246.79,0.0,1,6.41,51.24,SPY200331P00298000,298.0,0,0.0,0.0,,0.0,normalDay
2020-03-26,1890.0,-3127.0,0.0,0,261.2,0.0,1,6.41,37.68,SPY200331P00298000,298.0,0,0.0,0.0,,0.0,normalDay
2020-03-27,1890.0,-3905.0,0.0,0,253.42,0.0,1,6.41,45.46,SPY200331P00298000,298.0,0,0.0,0.0,,0.0,normalDay
2020-03-30,1890.0,-3098.0,0.0,0,261.65,0.0,1,6.41,37.39,SPY200331P00298000,298.0,0,0.0,0.0,,0.0,normalDay
2020-03-31,2531.0,-4025.0,641.0,100,257.75,298.0,1,6.41,0.0,SPY200331P00298000,298.0,0,0.0,0.0,,0.0,expirationDay
2020-04-01,2531.0,-5185.0,0.0,100,246.15,298.0,0,0.0,0.0,,0.0,0,0.0,0.0,,0.0,bidTooLow
2020-04-02,2531.0,-4617.0,0.0,100,251.83,298.0,0,0.0,0.0,,0.0,0,0.0,0.0,,0.0,bidTooLow
2020-04-03,2531.0,-4981.0,0.0,100,248.19,298.0,0,0.0,0.0,,0.0,0,0.0,0.0,,0.0,bidTooLow
2020-04-06,2531.0,-3314.0,0.0,100,264.86,298.0,0,0.0,0.0,,0.0,0,0.0,0.0,,0.0,bidTooLow
2020-04-07,2531.0,-3287.0,0.0,100,265.13,298.0,0,0.0,0.0,,0.0,0,0.0,0.0,,0.0,bidTooLow
2020-04-08,2531.0,-2397.0,0.0,100,274.03,298.0,0,0.0,0.0,,0.0,0,0.0,0.0,,0.0,bidTooLow
2020-04-09,2531.0,-1980.0,0.0,100,278.2,298.0,0,0.0,0.0,,0.0,0,0.0,0.0,,0.0,bidTooLow
2020-04-13,2531.0,-2234.0,0.0,100,275.66,298.0,0,0.0,0.0,,0.0,0,0.0,0.0,,0.0,bidTooLow
2020-04-14,2531.0,-1424.0,0.0,100,283.79,298.0,0,0.0,0.0,,0.0,1,0.06,0.09,SPY200417C00303000,303.0,normalDay
2020-04-15,2531.0,-2019.0,0.0,100,277.76,298.0,0,0.0,0.0,,0.0,1,0.06,0.01,SPY200417C00303000,303.0,normalDay
2020-04-16,2531.0,-1885.0,0.0,100,279.1,298.0,0,0.0,0.0,,0.0,1,0.06,0.01,SPY200417C00303000,303.0,normalDay
2020-04-17,2537.0,-1136.0,6.0,100,286.64,298.0,0,0.0,0.0,,0.0,1,0.06,0.0,SPY200417C00303000,303.0,expirationDay
2020-04-20,2537.0,-1641.0,0.0,100,281.59,298.0,0,0.0,0.0,,0.0,0,0.0,0.0,,0.0,bidTooLow
2020-04-21,2537.0,-2496.0,0.0,100,273.04,298.0,0,0.0,0.0,,0.0,0,0.0,0.0,,0.0,bidTooLow
2020-04-22,2537.0,-1890.0,0.0,100,279.1,298.0,0,0.0,0.0,,0.0,0,0.0,0.0,,0.0,bidTooLow
2020-04-23,2537.0,-1892.0,0.0,100,279.08,298.0,0,0.0,0.0,,0.0,0,0.0,0.0,,0.0,bidTooLow
2020-04-24,2537.0,-1503.0,0.0,100,282.97,298.0,0,0.0,0.0,,0.0,0,0.0,0.0,,0.0,bidTooLow
2020-04-27,2537.0,-1095.0,0.0,100,287.05,298.0,0,0.0,0.0,,0.0,0,0.0,0.0,,0.0,bidTooLow
2020-04-28,2537.0,-1227.0,0.0,100,285.73,298.0,0,0.0,0.0,,0.0,0,0.0,0.0,,0.0,bidTooLow
2020-04-29,2537.0,-479.0,0.0,100,293.21,298.0,0,0.0,0.0,,0.0,0,0.0,0.0,,0.0,bidTooLow
2020-04-30,2537.0,-752.0,0.0,100,290.48,298.0,0,0.0,0.0,,0.0,0,0.0,0.0,,0.0,bidTooLow
2020-05-01,2537.0,-1521.0,0.0,100,282.79,298.0,0,0.0,0.0,,0.0,0,0.0,0.0,,0.0,bidTooLow
2020-05-04,2537.0,-1443.0,0.0,100,283.57,298.0,0,0.0,0.0,,0.0,0,0.0,0.0,,0.0,bidTooLow
2020-05-05,2537.0,-1184.0,0.0,100,286.19,298.0,0,0.0,0.0,,0.0,1,0.01,0.04,SPY200508C00301000,301.0,normalDay
2020-05-06,2537.0,-1376.0,0.0,100,284.25,298.0,0,0.0,0.0,,0.0,1,0.01,0.02,SPY200508C00301000,301.0,normalDay
2020-05-07,2537.0,-1032.0,0.0,100,287.68,298.0,0,0.0,0.0,,0.0,1,0.01,0.01,SPY200508C00301000,301.0,normalDay
2020-05-08,2538.0,-556.0,1.0,100,292.44,298.0,0,0.0,0.0,,0.0,1,0.01,0.0,SPY200508C00301000,301.0,expirationDay
2020-05-11,2538.0,-553.0,0.0,100,292.5,298.0,0,0.0,0.0,,0.0,1,0.08,0.11,SPY200513C00300000,300.0,normalDay
2020-05-12,2538.0,-1126.0,0.0,100,286.67,298.0,0,0.0,0.0,,0.0,1,0.08,0.01,SPY200513C00300000,300.0,normalDay
2020-05-13,2546.0,-1640.0,8.0,100,281.6,298.0,0,0.0,0.0,,0.0,1,0.08,0.0,SPY200513C00300000,300.0,expirationDay
2020-05-14,2546.0,-1303.0,0.0,100,284.97,298.0,0,0.0,0.0,,0.0,0,0.0,0.0,,0.0,bidTooLow
2020-05-15,2546.0,-1172.0,0.0,100,286.28,298.0,0,0.0,0.0,,0.0,0,0.0,0.0,,0.0,bidTooLow
2020-05-18,2546.0,-303.0,0.0,100,295.0,298.0,0,0.0,0.0,,0.0,1,0.23,0.26,SPY200520C00302000,302.0,normalDay
2020-05-19,2546.0,-583.0,0.0,100,291.97,298.0,0,0.0,0.0,,0.0,1,0.23,0.03,SPY200520C00302000,302.0,normalDay
2020-05-20,2569.0,-107.0,23.0,100,296.93,298.0,0,0.0,0.0,,0.0,1,0.23,0.0,SPY200520C00302000,302.0,expirationDay
2020-05-21,2569.0,-315.0,0.0,100,294.88,298.0,0,0.0,0.0,,0.0,1,0.04,0.07,SPY200522C00302000,302.0,normalDay
2020-05-22,2573.0,-256.0,4.0,100,295.44,298.0,0,0.0,0.0,,0.0,1,0.04,0.0,SPY200522C00302000,302.0,expirationDay
2020-05-26,2573.0,105.0,0.0,100,299.08,298.0,0,0.0,0.0,,0.0,1,0.47,0.5,SPY200529C00305000,305.0,normalDay
2020-05-27,2573.0,449.0,0.0,100,303.53,298.0,0,0.0,0.0,,0.0,1,0.47,1.51,SPY200529C00305000,305.0,normalDay
2020-05-28,2573.0,438.0,0.0,100,302.97,298.0,0,0.0,0.0,,0.0,1,0.47,1.06,SPY200529C00305000,305.0,normalDay
2020-05-29,2620.0,632.0,47.0,100,304.32,298.0,0,0.0,0.0,,0.0,1,0.47,0.0,SPY200529C00305000,305.0,expirationDay
2020-06-01,2620.0,752.0,0.0,100,305.55,298.0,0,0.0,0.0,,0.0,1,0.03,0.06,SPY200603C00315000,315.0,normalDay
2020-06-02,2620.0,1008.0,0.0,100,308.08,298.0,0,0.0,0.0,,0.0,1,0.03,0.03,SPY200603C00315000,315.0,normalDay
2020-06-03,2623.0,1418.0,3.0,100,312.18,298.0,0,0.0,0.0,,0.0,1,0.03,0.0,SPY200603C00315000,315.0,expirationDay
2020-06-04,2623.0,1336.0,0.0,100,311.36,298.0,0,0.0,0.0,,0.0,0,0.0,0.0,,0.0,bidTooLow
2020-06-05,2623.0,2131.0,0.0,100,319.34,298.0,0,0.0,0.0,,0.0,1,0.08,0.11,SPY200608C00328000,328.0,normalDay
2020-06-08,2631.0,2520.0,8.0,100,323.2,298.0,0,0.0,0.0,,0.0,1,0.08,0.0,SPY200608C00328000,328.0,expirationDay
2020-06-09,2631.0,2276.0,0.0,100,320.79,298.0,0,0.0,0.0,,0.0,1,0.03,0.06,SPY200612C00338000,338.0,normalDay
2020-06-10,2631.0,2100.0,0.0,100,319.0,298.0,0,0.0,0.0,,0.0,1,0.03,0.03,SPY200612C00338000,338.0,normalDay
2020-06-11,2631.0,263.0,0.0,100,300.61,298.0,0,0.0,0.0,,0.0,1,0.03,0.01,SPY200612C00338000,338.0,normalDay
2020-06-12,2634.0,621.0,3.0,100,304.21,298.0,0,0.0,0.0,,0.0,1,0.03,0.0,SPY200612C00338000,338.0,expirationDay
2020-06-15,2634.0,905.0,0.0,100,307.05,298.0,0,0.0,0.0,,0.0,0,0.0,0.0,,0.0,bidTooLow
2020-06-16,2634.0,1493.0,0.0,100,312.96,298.0,0,0.0,0.0,,0.0,1,0.02,0.05,SPY200619C00334000,334.0,normalDay
2020-06-17,2634.0,1366.0,0.0,100,311.66,298.0,0,0.0,0.0,,0.0,1,0.02,0.02,SPY200619C00334000,334.0,normalDay
2020-06-18,2634.0,1379.0,0.0,100,311.78,298.0,0,0.0,0.0,,0.0,1,0.02,0.01,SPY200619C00334000,334.0,normalDay
2020-06-19,2636.0,1064.0,2.0,100,308.64,298.0,0,0.0,0.0,,0.0,1,0.02,0.0,SPY200619C00334000,334.0,expirationDay
2020-06-22,2636.0,1262.0,0.0,100,310.62,298.0,0,0.0,0.0,,0.0,0,0.0,0.0,,0.0,bidTooLow
2020-06-23,2636.0,1405.0,0.0,100,312.05,298.0,0,0.0,0.0,,0.0,0,0.0,0.0,,0.0,bidTooLow
2020-06-24,2636.0,609.0,0.0,100,304.09,298.0,0,0.0,0.0,,0.0,0,0.0,0.0,,0.0,bidTooLow
2020-06-25,2636.0,935.0,0.0,100,307.35,298.0,0,0.0,0.0,,0.0,0,0.0,0.0,,0.0,bidTooLow
2020-06-26,2636.0,205.0,0.0,100,300.05,298.0,0,0.0,0.0,,0.0,0,0.0,0.0,,0.0,bidTooLow
2020-06-29,2636.0,646.0,0.0,100,304.46,298.0,0,0.0,0.0,,0.0,0,0.0,0.0,,0.0,bidTooLow
2020-06-30,2636.0,1036.0,0.0,100,308.36,298.0,0,0.0,0.0,,0.0,0,0.0,0.0,,0.0,bidTooLow
2020-07-01,2636.0,1252.0,0.0,100,310.52,298.0,0,0.0,0.0,,0.0,0,0.0,0.0,,0.0,bidTooLow
2020-07-02,2636.0,1423.0,0.0,100,312.23,298.0,0,0.0,0.0,,0.0,0,0.0,0.0,,0.0,bidTooLow
2020-07-06,2636.0,1905.0,0.0,100,317.05,298.0,0,0.0,0.0,,0.0,0,0.0,0.0,,0.0,bidTooLow
2020-07-07,2636.0,1575.0,0.0,100,313.78,298.0,0,0.0,0.0,,0.0,1,0.03,0.06,SPY200710C00327000,327.0,normalDay
2020-07-08,2636.0,1818.0,0.0,100,316.18,298.0,0,0.0,0.0,,0.0,1,0.03,0.03,SPY200710C00327000,327.0,normalDay
2020-07-09,2636.0,1640.0,0.0,100,314.38,298.0,0,0.0,0.0,,0.0,1,0.03,0.01,SPY200710C00327000,327.0,normalDay
2020-07-10,2639.0,1959.0,3.0,100,317.59,298.0,0,0.0,0.0,,0.0,1,0.03,0.0,SPY200710C00327000,327.0,expirationDay
2020-07-13,2639.0,1681.0,0.0,100,314.84,298.0,0,0.0,0.0,,0.0,1,0.08,0.11,SPY200715C00325000,325.0,normalDay
2020-07-14,2639.0,2091.0,0.0,100,318.92,298.0,0,0.0,0.0,,0.0,1,0.08,0.09,SPY200715C00325000,325.0,normalDay
2020-07-15,2647.0,2385.0,8.0,100,321.85,298.0,0,0.0,0.0,,0.0,1,0.08,0.0,SPY200715C00325000,325.0,expirationDay
2020-07-16,2647.0,2279.0,0.0,100,320.79,298.0,0,0.0,0.0,,0.0,0,0.0,0.0,,0.0,bidTooLow
2020-07-17,2647.0,2372.0,0.0,100,321.72,298.0,0,0.0,0.0,,0.0,0,0.0,0.0,,0.0,bidTooLow
2020-07-20,2647.0,2629.0,0.0,100,324.32,298.0,0,0.0,0.0,,0.0,1,0.03,0.06,SPY200722C00333000,333.0,normalDay
2020-07-21,2647.0,2702.0,0.0,100,325.01,298.0,0,0.0,0.0,,0.0,1,0.03,0.02,SPY200722C00333000,333.0,normalDay
2020-07-22,2650.0,2886.0,3.0,100,326.86,298.0,0,0.0,0.0,,0.0,1,0.03,0.0,SPY200722C00333000,333.0,expirationDay
2020-07-23,2650.0,2496.0,0.0,100,322.96,298.0,0,0.0,0.0,,0.0,0,0.0,0.0,,0.0,bidTooLow
2020-07-24,2650.0,2288.0,0.0,100,320.88,298.0,0,0.0,0.0,,0.0,0,0.0,0.0,,0.0,bidTooLow
2020-07-27,2650.0,2522.0,0.0,100,323.22,298.0,0,0.0,0.0,,0.0,0,0.0,0.0,,0.0,bidTooLow
2020-07-28,2650.0,2317.0,0.0,100,321.17,298.0,0,0.0,0.0,,0.0,0,0.0,0.0,,0.0,bidTooLow
2020-07-29,2650.0,2712.0,0.0,100,325.12,298.0,0,0.0,0.0,,0.0,0,0.0,0.0,,0.0,bidTooLow
2020-07-30,2650.0,2596.0,0.0,100,323.96,298.0,0,0.0,0.0,,0.0,0,0.0,0.0,,0.0,bidTooLow
2020-07-31,2650.0,2849.0,0.0,100,326.52,298.0,0,0.0,0.0,,0.0,1,0.02,0.05,SPY200803C00333000,333.0,normalDay
2020-08-03,2652.0,3079.0,2.0,100,328.79,298.0,0,0.0,0.0,,0.0,1,0.02,0.0,SPY200803C00333000,333.0,expirationDay
2020-08-04,2652.0,3203.0,0.0,100,330.06,298.0,0,0.0,0.0,,0.0,1,0.32,0.35,SPY200807C00335000,335.0,normalDay
2020-08-05,2652.0,3398.0,0.0,100,332.11,298.0,0,0.0,0.0,,0.0,1,0.32,0.45,SPY200807C00335000,335.0,normalDay
2020-08-06,2652.0,3564.0,0.0,100,334.33,298.0,0,0.0,0.0,,0.0,1,0.32,1.01,SPY200807C00335000,335.0,normalDay
2020-08-07,2684.0,3657.0,32.0,100,334.57,298.0,0,0.0,0.0,,0.0,1,0.32,0.0,SPY200807C00335000,335.0,expirationDay
2020-08-10,2684.0,3754.0,0.0,100,335.57,298.0,0,0.0,0.0,,0.0,1,0.04,0.07,SPY200812C00341000,341.0,normalDay
2020-08-11,2684.0,3482.0,0.0,100,332.8,298.0,0,0.0,0.0,,0.0,1,0.04,0.02,SPY200812C00341000,341.0,normalDay
2020-08-12,2688.0,3944.0,4.0,100,337.44,298.0,0,0.0,0.0,,0.0,1,0.04,0.0,SPY200812C00341000,341.0,expirationDay
2020-08-13,2688.0,3883.0,0.0,100,336.83,298.0,0,0.0,0.0,,0.0,0,0.0,0.0,,0.0,bidTooLow
2020-08-14,2688.0,3884.0,0.0,100,336.84,298.0,0,0.0,0.0,,0.0,0,0.0,0.0,,0.0,bidTooLow
2020-08-17,2688.0,3991.0,0.0,100,337.91,298.0,0,0.0,0.0,,0.0,0,0.0,0.0,,0.0,bidTooLow
2020-08-18,2688.0,4064.0,0.0,100,338.64,298.0,0,0.0,0.0,,0.0,0,0.0,0.0,,0.0,bidTooLow
2020-08-19,2688.0,3923.0,0.0,100,337.23,298.0,0,0.0,0.0,,0.0,0,0.0,0.0,,0.0,bidTooLow
2020-08-20,2688.0,4028.0,0.0,100,338.28,298.0,0,0.0,0.0,,0.0,0,0.0,0.0,,0.0,bidTooLow
2020-08-21,2688.0,4148.0,0.0,100,339.48,298.0,0,0.0,0.0,,0.0,0,0.0,0.0,,0.0,bidTooLow
2020-08-24,2688.0,4492.0,0.0,100,342.92,298.0,0,0.0,0.0,,0.0,0,0.0,0.0,,0.0,bidTooLow
2020-08-25,2688.0,4609.0,0.0,100,344.12,298.0,0,0.0,0.0,,0.0,1,0.06,0.09,SPY200828C00351000,351.0,normalDay
2020-08-26,2688.0,4888.0,0.0,100,347.57,298.0,0,0.0,0.0,,0.0,1,0.06,0.75,SPY200828C00351000,351.0,normalDay
2020-08-27,2688.0,4998.0,0.0,100,348.33,298.0,0,0.0,0.0,,0.0,1,0.06,0.41,SPY200828C00351000,351.0,normalDay
2020-08-28,2694.0,5258.0,6.0,100,350.58,298.0,0,0.0,0.0,,0.0,1,0.06,0.0,SPY200828C00351000,351.0,expirationDay
2020-08-31,2694.0,5127.0,0.0,100,349.31,298.0,0,0.0,0.0,,0.0,1,0.06,0.1,SPY200902C00357000,357.0,normalDay
2020-09-01,2694.0,5462.0,0.0,100,352.6,298.0,0,0.0,0.0,,0.0,1,0.06,0.04,SPY200902C00357000,357.0,normalDay
2020-09-02,8600.0,5462.0,5906.0,0,357.7,0.0,0,0.0,0.0,,0.0,1,0.06,0.0,SPY200902C00357000,357.0,expirationDay
2020-09-03,8600.0,-29.0,0.0,0,345.39,0.0,1,17.74,18.03,SPY210115P00328000,328.0,0,0.0,0.0,,0.0,normalDay
2020-09-04,8600.0,-52.0,0.0,0,342.57,0.0,1,17.74,18.26,SPY210115P00328000,328.0,0,0.0,0.0,,0.0,normalDay
2020-09-08,8600.0,-259.0,0.0,0,333.21,0.0,1,17.74,20.33,SPY210115P00328000,328.0,0,0.0,0.0,,0.0,normalDay
2020-09-09,8600.0,33.0,0.0,0,339.79,0.0,1,17.74,17.41,SPY210115P00328000,328.0,0,0.0,0.0,,0.0,normalDay
2020-09-10,8600.0,-172.0,0.0,0,333.89,0.0,1,17.74,19.46,SPY210115P00328000,328.0,0,0.0,0.0,,0.0,normalDay
2020-09-11,8600.0,-111.0,0.0,0,334.06,0.0,1,17.74,18.85,SPY210115P00328000,328.0,0,0.0,0.0,,0.0,normalDay
2020-09-14,8600.0,128.0,0.0,0,338.46,0.0,1,17.74,16.46,SPY210115P00328000,328.0,0,0.0,0.0,,0.0,normalDay
2020-09-15,8600.0,197.0,0.0,0,340.17,0.0,1,17.74,15.77,SPY210115P00328000,328.0,0,0.0,0.0,,0.0,normalDay
2020-09-16,8600.0,133.0,0.0,0,338.82,0.0,1,17.74,16.41,SPY210115P00328000,328.0,0,0.0,0.0,,0.0,normalDay
2020-09-17,8600.0,39.0,0.0,0,335.84,0.0,1,17.74,17.35,SPY210115P00328000,328.0,0,0.0,0.0,,0.0,normalDay
2020-09-18,8600.0,-88.0,0.0,0,330.65,0.0,1,17.74,18.62,SPY210115P00328000,328.0,0,0.0,0.0,,0.0,normalDay
2020-09-21,8600.0,-251.0,0.0,0,326.97,0.0,1,17.74,20.25,SPY210115P00328000,328.0,0,0.0,0.0,,0.0,normalDay
2020-09-22,8600.0,-166.0,0.0,0,330.3,0.0,1,17.74,19.4,SPY210115P00328000,328.0,0,0.0,0.0,,0.0,normalDay
2020-09-23,8600.0,-524.0,0.0,0,322.64,0.0,1,17.74,22.98,SPY210115P00328000,328.0,0,0.0,0.0,,0.0,normalDay
2020-09-24,8600.0,-453.0,0.0,0,323.5,0.0,1,17.74,22.27,SPY210115P00328000,328.0,0,0.0,0.0,,0.0,normalDay
2020-09-25,8600.0,-203.0,0.0,0,328.73,0.0,1,17.74,19.77,SPY210115P00328000,328.0,0,0.0,0.0,,0.0,normalDay
2020-09-28,8600.0,26.0,0.0,0,334.19,0.0,1,17.74,17.48,SPY210115P00328000,328.0,0,0.0,0.0,,0.0,normalDay
2020-09-29,8600.0,6.0,0.0,0,332.37,0.0,1,17.74,17.68,SPY210115P00328000,328.0,0,0.0,0.0,,0.0,normalDay
2020-09-30,8600.0,25.0,0.0,0,334.89,0.0,1,17.74,17.49,SPY210115P00328000,328.0,0,0.0,0.0,,0.0,normalDay
2020-10-01,8600.0,119.0,0.0,0,337.04,0.0,1,17.74,16.55,SPY210115P00328000,328.0,0,0.0,0.0,,0.0,normalDay
2020-10-02,8600.0,-11.0,0.0,0,333.84,0.0,1,17.74,17.85,SPY210115P00328000,328.0,0,0.0,0.0,,0.0,normalDay
2020-10-05,8600.0,246.0,0.0,0,339.76,0.0,1,17.74,15.28,SPY210115P00328000,328.0,0,0.0,0.0,,0.0,normalDay
2020-10-06,8600.0,97.0,0.0,0,334.93,0.0,1,17.74,16.77,SPY210115P00328000,328.0,0,0.0,0.0,,0.0,normalDay
2020-10-07,8600.0,354.0,0.0,0,340.76,0.0,1,17.74,14.2,SPY210115P00328000,328.0,0,0.0,0.0,,0.0,normalDay
2020-10-08,8600.0,511.0,0.0,0,343.78,0.0,1,17.74,12.63,SPY210115P00328000,328.0,0,0.0,0.0,,0.0,normalDay
2020-10-09,8600.0,691.0,0.0,0,346.85,0.0,1,17.74,10.83,SPY210115P00328000,328.0,0,0.0,0.0,,0.0,normalDay
2020-10-12,8600.0,848.0,0.0,0,352.43,0.0,1,17.74,9.26,SPY210115P00328000,328.0,0,0.0,0.0,,0.0,normalDay
2020-10-13,8600.0,781.0,0.0,0,350.13,0.0,1,17.74,9.93,SPY210115P00328000,328.0,0,0.0,0.0,,0.0,normalDay
2020-10-14,8600.0,741.0,0.0,0,347.93,0.0,1,17.74,10.33,SPY210115P00328000,328.0,0,0.0,0.0,,0.0,normalDay
2020-10-15,8600.0,727.0,0.0,0,347.5,0.0,1,17.74,10.47,SPY210115P00328000,328.0,0,0.0,0.0,,0.0,normalDay
2020-10-16,8600.0,686.0,0.0,0,347.29,0.0,1,17.74,10.88,SPY210115P00328000,328.0,0,0.0,0.0,,0.0,normalDay
2020-10-19,8600.0,533.0,0.0,0,342.01,0.0,1,17.74,12.41,SPY210115P00328000,328.0,0,0.0,0.0,,0.0,normalDay
2020-10-20,8600.0,556.0,0.0,0,343.38,0.0,1,17.74,12.18,SPY210115P00328000,328.0,0,0.0,0.0,,0.0,normalDay
2020-10-21,8600.0,606.0,0.0,0,342.73,0.0,1,17.74,11.68,SPY210115P00328000,328.0,0,0.0,0.0,,0.0,normalDay
2020-10-22,8600.0,662.0,0.0,0,344.61,0.0,1,17.74,11.12,SPY210115P00328000,328.0,0,0.0,0.0,,0.0,normalDay
2020-10-23,8600.0,702.0,0.0,0,345.78,0.0,1,17.74,10.72,SPY210115P00328000,328.0,0,0.0,0.0,,0.0,normalDay
2020-10-26,8600.0,431.0,0.0,0,339.39,0.0,1,17.74,13.43,SPY210115P00328000,328.0,0,0.0,0.0,,0.0,normalDay
2020-10-27,8600.0,395.0,0.0,0,338.22,0.0,1,17.74,13.79,SPY210115P00328000,328.0,0,0.0,0.0,,0.0,normalDay
2020-10-28,8600.0,-275.0,0.0,0,326.66,0.0,1,17.74,20.49,SPY210115P00328000,328.0,0,0.0,0.0,,0.0,normalDay
2020-10-29,8600.0,32.0,0.0,0,329.98,0.0,1,17.74,17.42,SPY210115P00328000,328.0,0,0.0,0.0,,0.0,normalDay
2020-10-30,8600.0,-130.0,0.0,0,326.54,0.0,1,17.74,19.04,SPY210115P00328000,328.0,0,0.0,0.0,,0.0,normalDay
2020-11-02,8600.0,106.0,0.0,0,330.2,0.0,1,17.74,16.68,SPY210115P00328000,328.0,0,0.0,0.0,,0.0,normalDay
2020-11-03,8600.0,354.0,0.0,0,336.03,0.0,1,17.74,14.2,SPY210115P00328000,328.0,0,0.0,0.0,,0.0,normalDay
2020-11-04,8600.0,764.0,0.0,0,343.54,0.0,1,17.74,10.1,SPY210115P00328000,328.0,0,0.0,0.0,,0.0,normalDay
2020-11-05,8600.0,940.0,0.0,0,350.24,0.0,1,17.74,8.34,SPY210115P00328000,328.0,0,0.0,0.0,,0.0,normalDay
2020-11-06,8600.0,1014.0,0.0,0,350.16,0.0,1,17.74,7.6,SPY210115P00328000,328.0,0,0.0,0.0,,0.0,normalDay
2020-11-09,8600.0,1160.0,0.0,0,354.56,0.0,1,17.74,6.14,SPY210115P00328000,328.0,0,0.0,0.0,,0.0,normalDay
2020-11-10,8600.0,1174.0,0.0,0,354.04,0.0,1,17.74,6.0,SPY210115P00328000,328.0,0,0.0,0.0,,0.0,normalDay
2020-11-11,8600.0,1252.0,0.0,0,356.67,0.0,1,17.74,5.22,SPY210115P00328000,328.0,0,0.0,0.0,,0.0,normalDay
2020-11-12,8600.0,1142.0,0.0,0,353.21,0.0,1,17.74,6.32,SPY210115P00328000,328.0,0,0.0,0.0,,0.0,normalDay
2020-11-13,8600.0,1278.0,0.0,0,358.1,0.0,1,17.74,4.96,SPY210115P00328000,328.0,0,0.0,0.0,,0.0,normalDay
2020-11-16,8600.0,1367.0,0.0,0,362.57,0.0,1,17.74,4.07,SPY210115P00328000,328.0,0,0.0,0.0,,0.0,normalDay
2020-11-17,8600.0,1353.0,0.0,0,360.62,0.0,1,17.74,4.21,SPY210115P00328000,328.0,0,0.0,0.0,,0.0,normalDay
2020-11-18,8600.0,1288.0,0.0,0,356.28,0.0,1,17.74,4.86,SPY210115P00328000,328.0,0,0.0,0.0,,0.0,normalDay
2020-11-19,8600.0,1340.0,0.0,0,357.78,0.0,1,17.74,4.34,SPY210115P00328000,328.0,0,0.0,0.0,,0.0,normalDay
2020-11-20,8600.0,1295.0,0.0,0,355.33,0.0,1,17.74,4.79,SPY210115P00328000,328.0,0,0.0,0.0,,0.0,normalDay
2020-11-23,8600.0,1367.0,0.0,0,357.46,0.0,1,17.74,4.07,SPY210115P00328000,328.0,0,0.0,0.0,,0.0,normalDay
2020-11-24,8600.0,1465.0,0.0,0,363.22,0.0,1,17.74,3.09,SPY210115P00328000,328.0,0,0.0,0.0,,0.0,normalDay
2020-11-25,8600.0,1479.0,0.0,0,362.66,0.0,1,17.74,2.95,SPY210115P00328000,328.0,0,0.0,0.0,,0.0,normalDay
2020-11-27,8600.0,1507.0,0.0,0,363.67,0.0,1,17.74,2.67,SPY210115P00328000,328.0,0,0.0,0.0,,0.0,normalDay
2020-11-30,8600.0,1523.0,0.0,0,362.06,0.0,1,17.74,2.51,SPY210115P00328000,328.0,0,0.0,0.0,,0.0,normalDay
2020-12-01,8600.0,1548.0,0.0,0,366.02,0.0,1,17.74,2.26,SPY210115P00328000,328.0,0,0.0,0.0,,0.0,normalDay
2020-12-02,8600.0,1558.0,0.0,0,366.79,0.0,1,17.74,2.16,SPY210115P00328000,328.0,0,0.0,0.0,,0.0,normalDay
2020-12-03,8600.0,1556.0,0.0,0,366.69,0.0,1,17.74,2.18,SPY210115P00328000,328.0,0,0.0,0.0,,0.0,normalDay
2020-12-04,8600.0,1601.0,0.0,0,369.85,0.0,1,17.74,1.73,SPY210115P00328000,328.0,0,0.0,0.0,,0.0,normalDay
2020-12-07,8600.0,1607.0,0.0,0,369.09,0.0,1,17.74,1.67,SPY210115P00328000,328.0,0,0.0,0.0,,0.0,normalDay
2020-12-08,8600.0,1640.0,0.0,0,370.17,0.0,1,17.74,1.34,SPY210115P00328000,328.0,0,0.0,0.0,,0.0,normalDay
2020-12-09,8600.0,1604.0,0.0,0,366.85,0.0,1,17.74,1.7,SPY210115P00328000,328.0,0,0.0,0.0,,0.0,normalDay
2020-12-10,8600.0,1610.0,0.0,0,366.73,0.0,1,17.74,1.64,SPY210115P00328000,328.0,0,0.0,0.0,,0.0,normalDay
2020-12-11,8600.0,1597.0,0.0,0,366.3,0.0,1,17.74,1.77,SPY210115P00328000,328.0,0,0.0,0.0,,0.0,normalDay
2020-12-14,8600.0,1581.0,0.0,0,364.66,0.0,1,17.74,1.93,SPY210115P00328000,328.0,0,0.0,0.0,,0.0,normalDay
2020-12-15,8600.0,1634.0,0.0,0,369.59,0.0,1,17.74,1.4,SPY210115P00328000,328.0,0,0.0,0.0,,0.0,normalDay
2020-12-16,8600.0,1654.0,0.0,0,370.17,0.0,1,17.74,1.2,SPY210115P00328000,328.0,0,0.0,0.0,,0.0,normalDay
2020-12-17,8600.0,1676.0,0.0,0,372.24,0.0,1,17.74,0.98,SPY210115P00328000,328.0,0,0.0,0.0,,0.0,normalDay
2020-12-18,8600.0,1682.0,0.0,0,369.18,0.0,1,17.74,0.92,SPY210115P00328000,328.0,0,0.0,0.0,,0.0,normalDay
2020-12-21,8600.0,1646.0,0.0,0,367.86,0.0,1,17.74,1.28,SPY210115P00328000,328.0,0,0.0,0.0,,0.0,normalDay
2020-12-22,8600.0,1660.0,0.0,0,367.24,0.0,1,17.74,1.14,SPY210115P00328000,328.0,0,0.0,0.0,,0.0,normalDay
2020-12-23,8600.0,1677.0,0.0,0,367.57,0.0,1,17.74,0.97,SPY210115P00328000,328.0,0,0.0,0.0,,0.0,normalDay
2020-12-24,8600.0,1703.0,0.0,0,369.0,0.0,1,17.74,0.71,SPY210115P00328000,328.0,0,0.0,0.0,,0.0,normalDay
2020-12-28,8600.0,1727.0,0.0,0,372.17,0.0,1,17.74,0.47,SPY210115P00328000,328.0,0,0.0,0.0,,0.0,normalDay
2020-12-29,8600.0,1721.0,0.0,0,371.46,0.0,1,17.74,0.53,SPY210115P00328000,328.0,0,0.0,0.0,,0.0,normalDay
2020-12-30,8600.0,1728.0,0.0,0,371.99,0.0,1,17.74,0.46,SPY210115P00328000,328.0,0,0.0,0.0,,0.0,normalDay
2020-12-31,8600.0,1736.0,0.0,0,373.88,0.0,1,17.74,0.38,SPY210115P00328000,328.0,0,0.0,0.0,,0.0,normalDay
2021-01-04,8600.0,1725.0,0.0,0,368.79,0.0,1,17.74,0.49,SPY210115P00328000,328.0,0,0.0,0.0,,0.0,normalDay
2021-01-05,8600.0,1741.0,0.0,0,371.33,0.0,1,17.74,0.33,SPY210115P00328000,328.0,0,0.0,0.0,,0.0,normalDay
2021-01-06,8600.0,1740.0,0.0,0,373.55,0.0,1,17.74,0.34,SPY210115P00328000,328.0,0,0.0,0.0,,0.0,normalDay
2021-01-07,8600.0,1760.0,0.0,0,379.1,0.0,1,17.74,0.14,SPY210115P00328000,328.0,0,0.0,0.0,,0.0,normalDay
2021-01-08,8600.0,1767.0,0.0,0,381.26,0.0,1,17.74,0.07,SPY210115P00328000,328.0,0,0.0,0.0,,0.0,normalDay
2021-01-11,8600.0,1768.0,0.0,0,378.69,0.0,1,17.74,0.06,SPY210115P00328000,328.0,0,0.0,0.0,,0.0,normalDay
2021-01-12,8600.0,1770.0,0.0,0,378.77,0.0,1,17.74,0.04,SPY210115P00328000,328.0,0,0.0,0.0,,0.0,normalDay
2021-01-13,8600.0,1772.0,0.0,0,379.79,0.0,1,17.74,0.02,SPY210115P00328000,328.0,0,0.0,0.0,,0.0,normalDay
2021-01-14,8600.0,1773.0,0.0,0,378.46,0.0,1,17.74,0.01,SPY210115P00328000,328.0,0,0.0,0.0,,0.0,normalDay
2021-01-15,10374.0,0.0,1774.0,0,375.7,0.0,1,17.74,0.0,SPY210115P00328000,328.0,0,0.0,0.0,,0.0,expirationDay
2021-01-19,10374.0,-10.0,0.0,0,378.65,0.0,1,13.85,13.95,SPY210521P00364000,364.0,0,0.0,0.0,,0.0,normalDay
2021-01-20,10374.0,177.0,0.0,0,383.89,0.0,1,13.85,12.08,SPY210521P00364000,364.0,0,0.0,0.0,,0.0,normalDay
2021-01-21,10374.0,191.0,0.0,0,384.24,0.0,1,13.85,11.94,SPY210521P00364000,364.0,0,0.0,0.0,,0.0,normalDay
2021-01-22,10374.0,146.0,0.0,0,382.88,0.0,1,13.85,12.39,SPY210521P00364000,364.0,0,0.0,0.0,,0.0,normalDay
2021-01-25,10374.0,154.0,0.0,0,384.39,0.0,1,13.85,12.31,SPY210521P00364000,364.0,0,0.0,0.0,,0.0,normalDay
2021-01-26,10374.0,147.0,0.0,0,383.79,0.0,1,13.85,12.38,SPY210521P00364000,364.0,0,0.0,0.0,,0.0,normalDay
2021-01-27,10374.0,-461.0,0.0,0,374.41,0.0,1,13.85,18.46,SPY210521P00364000,364.0,0,0.0,0.0,,0.0,normalDay
2021-01-28,10374.0,-223.0,0.0,0,377.63,0.0,1,13.85,16.08,SPY210521P00364000,364.0,0,0.0,0.0,,0.0,normalDay
2021-01-29,10374.0,-634.0,0.0,0,370.07,0.0,1,13.85,20.19,SPY210521P00364000,364.0,0,0.0,0.0,,0.0,normalDay
2021-02-01,10374.0,-282.0,0.0,0,376.23,0.0,1,13.85,16.67,SPY210521P00364000,364.0,0,0.0,0.0,,0.0,normalDay
2021-02-02,10374.0,60.0,0.0,0,381.55,0.0,1,13.85,13.25,SPY210521P00364000,364.0,0,0.0,0.0,,0.0,normalDay
2021-02-03,10374.0,150.0,0.0,0,381.85,0.0,1,13.85,12.35,SPY210521P00364000,364.0,0,0.0,0.0,,0.0,normalDay
2021-02-04,10374.0,294.0,0.0,0,386.19,0.0,1,13.85,10.91,SPY210521P00364000,364.0,0,0.0,0.0,,0.0,normalDay
2021-02-05,10374.0,341.0,0.0,0,387.71,0.0,1,13.85,10.44,SPY210521P00364000,364.0,0,0.0,0.0,,0.0,normalDay
2021-02-08,10374.0,419.0,0.0,0,390.51,0.0,1,13.85,9.66,SPY210521P00364000,364.0,0,0.0,0.0,,0.0,normalDay
2021-02-09,10374.0,416.0,0.0,0,390.25,0.0,1,13.85,9.69,SPY210521P00364000,364.0,0,0.0,0.0,,0.0,normalDay
2021-02-10,10374.0,391.0,0.0,0,390.08,0.0,1,13.85,9.94,SPY210521P00364000,364.0,0,0.0,0.0,,0.0,normalDay
2021-02-11,10374.0,424.0,0.0,0,390.71,0.0,1,13.85,9.61,SPY210521P00364000,364.0,0,0.0,0.0,,0.0,normalDay
2021-02-12,10374.0,516.0,0.0,0,392.64,0.0,1,13.85,8.69,SPY210521P00364000,364.0,0,0.0,0.0,,0.0,normalDay
2021-02-16,10374.0,504.0,0.0,0,392.3,0.0,1,13.85,8.81,SPY210521P00364000,364.0,0,0.0,0.0,,0.0,normalDay
2021-02-17,10374.0,525.0,0.0,0,392.39,0.0,1,13.85,8.6,SPY210521P00364000,364.0,0,0.0,0.0,,0.0,normalDay
2021-02-18,10374.0,477.0,0.0,0,390.72,0.0,1,13.85,9.08,SPY210521P00364000,364.0,0,0.0,0.0,,0.0,normalDay
2021-02-19,10374.0,494.0,0.0,0,390.03,0.0,1,13.85,8.91,SPY210521P00364000,364.0,0,0.0,0.0,,0.0,normalDay
2021-02-22,10374.0,424.0,0.0,0,387.03,0.0,1,13.85,9.61,SPY210521P00364000,364.0,0,0.0,0.0,,0.0,normalDay
2021-02-23,10374.0,473.0,0.0,0,387.5,0.0,1,13.85,9.12,SPY210521P00364000,364.0,0,0.0,0.0,,0.0,normalDay
2021-02-24,10374.0,619.0,0.0,0,391.77,0.0,1,13.85,7.66,SPY210521P00364000,364.0,0,0.0,0.0,,0.0,normalDay
2021-02-25,10374.0,245.0,0.0,0,382.33,0.0,1,13.85,11.4,SPY210521P00364000,364.0,0,0.0,0.0,,0.0,normalDay
2021-02-26,10374.0,254.0,0.0,0,380.36,0.0,1,13.85,11.31,SPY210521P00364000,364.0,0,0.0,0.0,,0.0,normalDay
2021-03-01,10374.0,593.0,0.0,0,389.58,0.0,1,13.85,7.92,SPY210521P00364000,364.0,0,0.0,0.0,,0.0,normalDay
2021-03-02,10374.0,513.0,0.0,0,386.54,0.0,1,13.85,8.72,SPY210521P00364000,364.0,0,0.0,0.0,,0.0,normalDay
2021-03-03,10374.0,354.0,0.0,0,381.42,0.0,1,13.85,10.31,SPY210521P00364000,364.0,0,0.0,0.0,,0.0,normalDay
2021-03-04,10374.0,189.0,0.0,0,376.7,0.0,1,13.85,11.96,SPY210521P00364000,364.0,0,0.0,0.0,,0.0,normalDay
2021-03-05,10374.0,476.0,0.0,0,383.63,0.0,1,13.85,9.09,SPY210521P00364000,364.0,0,0.0,0.0,,0.0,normalDay
2021-03-08,10374.0,442.0,0.0,0,381.72,0.0,1,13.85,9.43,SPY210521P00364000,364.0,0,0.0,0.0,,0.0,normalDay
2021-03-09,10374.0,604.0,0.0,0,387.17,0.0,1,13.85,7.81,SPY210521P00364000,364.0,0,0.0,0.0,,0.0,normalDay
2021-03-10,10374.0,691.0,0.0,0,389.58,0.0,1,13.85,6.94,SPY210521P00364000,364.0,0,0.0,0.0,,0.0,normalDay
2021-03-11,10374.0,777.0,0.0,0,393.53,0.0,1,13.85,6.08,SPY210521P00364000,364.0,0,0.0,0.0,,0.0,normalDay
2021-03-12,10374.0,829.0,0.0,0,394.06,0.0,1,13.85,5.56,SPY210521P00364000,364.0,0,0.0,0.0,,0.0,normalDay
2021-03-15,10374.0,913.0,0.0,0,396.41,0.0,1,13.85,4.72,SPY210521P00364000,364.0,0,0.0,0.0,,0.0,normalDay
2021-03-16,10374.0,910.0,0.0,0,395.91,0.0,1,13.85,4.75,SPY210521P00364000,364.0,0,0.0,0.0,,0.0,normalDay
2021-03-17,10374.0,962.0,0.0,0,397.26,0.0,1,13.85,4.23,SPY210521P00364000,364.0,0,0.0,0.0,,0.0,normalDay
2021-03-18,10374.0,856.0,0.0,0,391.48,0.0,1,13.85,5.29,SPY210521P00364000,364.0,0,0.0,0.0,,0.0,normalDay
2021-03-19,10374.0,856.0,0.0,0,389.48,0.0,1,13.85,5.29,SPY210521P00364000,364.0,0,0.0,0.0,,0.0,normalDay
2021-03-22,10374.0,1000.0,0.0,0,392.59,0.0,1,13.85,3.85,SPY210521P00364000,364.0,0,0.0,0.0,,0.0,normalDay
2021-03-23,10374.0,929.0,0.0,0,389.5,0.0,1,13.85,4.56,SPY210521P00364000,364.0,0,0.0,0.0,,0.0,normalDay
2021-03-24,10374.0,889.0,0.0,0,387.52,0.0,1,13.85,4.96,SPY210521P00364000,364.0,0,0.0,0.0,,0.0,normalDay
2021-03-25,10374.0,967.0,0.0,0,389.7,0.0,1,13.85,4.18,SPY210521P00364000,364.0,0,0.0,0.0,,0.0,normalDay
2021-03-26,10374.0,1070.0,0.0,0,395.98,0.0,1,13.85,3.15,SPY210521P00364000,364.0,0,0.0,0.0,,0.0,normalDay
2021-03-29,10374.0,1049.0,0.0,0,395.78,0.0,1,13.85,3.36,SPY210521P00364000,364.0,0,0.0,0.0,,0.0,normalDay
2021-03-30,10374.0,1070.0,0.0,0,394.73,0.0,1,13.85,3.15,SPY210521P00364000,364.0,0,0.0,0.0,,0.0,normalDay
2021-03-31,10374.0,1108.0,0.0,0,396.33,0.0,1,13.85,2.77,SPY210521P00364000,364.0,0,0.0,0.0,,0.0,normalDay
2021-04-01,10374.0,1181.0,0.0,0,400.61,0.0,1,13.85,2.04,SPY210521P00364000,364.0,0,0.0,0.0,,0.0,normalDay
2021-04-05,10374.0,1232.0,0.0,0,406.36,0.0,1,13.85,1.53,SPY210521P00364000,364.0,0,0.0,0.0,,0.0,normalDay
2021-04-06,10374.0,1231.0,0.0,0,406.12,0.0,1,13.85,1.54,SPY210521P00364000,364.0,0,0.0,0.0,,0.0,normalDay
2021-04-07,10374.0,1251.0,0.0,0,406.59,0.0,1,13.85,1.34,SPY210521P00364000,364.0,0,0.0,0.0,,0.0,normalDay
2021-04-08,10374.0,1267.0,0.0,0,408.52,0.0,1,13.85,1.18,SPY210521P00364000,364.0,0,0.0,0.0,,0.0,normalDay
2021-04-09,10374.0,1278.0,0.0,0,411.49,0.0,1,13.85,1.07,SPY210521P00364000,364.0,0,0.0,0.0,,0.0,normalDay
2021-04-12,10374.0,1291.0,0.0,0,411.64,0.0,1,13.85,0.94,SPY210521P00364000,364.0,0,0.0,0.0,,0.0,normalDay
2021-04-13,10374.0,1303.0,0.0,0,412.86,0.0,1,13.85,0.82,SPY210521P00364000,364.0,0,0.0,0.0,,0.0,normalDay
2021-04-14,10374.0,1299.0,0.0,0,411.45,0.0,1,13.85,0.86,SPY210521P00364000,364.0,0,0.0,0.0,,0.0,normalDay
2021-04-15,10374.0,1316.0,0.0,0,415.87,0.0,1,13.85,0.69,SPY210521P00364000,364.0,0,0.0,0.0,,0.0,normalDay
2021-04-16,10374.0,1322.0,0.0,0,417.26,0.0,1,13.85,0.63,SPY210521P00364000,364.0,0,0.0,0.0,,0.0,normalDay
2021-04-19,10374.0,1319.0,0.0,0,415.21,0.0,1,13.85,0.66,SPY210521P00364000,364.0,0,0.0,0.0,,0.0,normalDay
2021-04-20,10374.0,1301.0,0.0,0,412.17,0.0,1,13.85,0.84,SPY210521P00364000,364.0,0,0.0,0.0,,0.0,normalDay
2021-04-21,10374.0,1328.0,0.0,0,416.07,0.0,1,13.85,0.57,SPY210521P00364000,364.0,0,0.0,0.0,,0.0,normalDay
2021-04-22,10374.0,1310.0,0.0,0,412.27,0.0,1,13.85,0.75,SPY210521P00364000,364.0,0,0.0,0.0,,0.0,normalDay
2021-04-23,10374.0,1339.0,0.0,0,416.74,0.0,1,13.85,0.46,SPY210521P00364000,364.0,0,0.0,0.0,,0.0,normalDay
2021-04-26,10374.0,1348.0,0.0,0,417.61,0.0,1,13.85,0.37,SPY210521P00364000,364.0,0,0.0,0.0,,0.0,normalDay
2021-04-27,10374.0,1351.0,0.0,0,417.52,0.0,1,13.85,0.34,SPY210521P00364000,364.0,0,0.0,0.0,,0.0,normalDay
2021-04-28,10374.0,1356.0,0.0,0,417.4,0.0,1,13.85,0.29,SPY210521P00364000,364.0,0,0.0,0.0,,0.0,normalDay
2021-04-29,10374.0,1357.0,0.0,0,420.06,0.0,1,13.85,0.28,SPY210521P00364000,364.0,0,0.0,0.0,,0.0,normalDay
2021-04-30,10374.0,1348.0,0.0,0,417.3,0.0,1,13.85,0.37,SPY210521P00364000,364.0,0,0.0,0.0,,0.0,normalDay
2021-05-03,10374.0,1355.0,0.0,0,418.2,0.0,1,13.85,0.3,SPY210521P00364000,364.0,0,0.0,0.0,,0.0,normalDay
2021-05-04,10374.0,1352.0,0.0,0,415.62,0.0,1,13.85,0.33,SPY210521P00364000,364.0,0,0.0,0.0,,0.0,normalDay
2021-05-05,10374.0,1353.0,0.0,0,415.75,0.0,1,13.85,0.32,SPY210521P00364000,364.0,0,0.0,0.0,,0.0,normalDay
2021-05-06,10374.0,1360.0,0.0,0,419.07,0.0,1,13.85,0.25,SPY210521P00364000,364.0,0,0.0,0.0,,0.0,normalDay
2021-05-07,10374.0,1366.0,0.0,0,422.12,0.0,1,13.85,0.19,SPY210521P00364000,364.0,0,0.0,0.0,,0.0,normalDay
2021-05-10,10374.0,1361.0,0.0,0,417.94,0.0,1,13.85,0.24,SPY210521P00364000,364.0,0,0.0,0.0,,0.0,normalDay
2021-05-11,10374.0,1358.0,0.0,0,414.21,0.0,1,13.85,0.27,SPY210521P00364000,364.0,0,0.0,0.0,,0.0,normalDay
2021-05-12,10374.0,1317.0,0.0,0,405.41,0.0,1,13.85,0.68,SPY210521P00364000,364.0,0,0.0,0.0,,0.0,normalDay
2021-05-13,10374.0,1359.0,0.0,0,410.28,0.0,1,13.85,0.26,SPY210521P00364000,364.0,0,0.0,0.0,,0.0,normalDay
2021-05-14,10374.0,1376.0,0.0,0,416.58,0.0,1,13.85,0.09,SPY210521P00364000,364.0,0,0.0,0.0,,0.0,normalDay
2021-05-17,10374.0,1380.0,0.0,0,415.52,0.0,1,13.85,0.05,SPY210521P00364000,364.0,0,0.0,0.0,,0.0,normalDay
2021-05-18,10374.0,1381.0,0.0,0,411.94,0.0,1,13.85,0.04,SPY210521P00364000,364.0,0,0.0,0.0,,0.0,normalDay
2021-05-19,10374.0,1381.0,0.0,0,410.86,0.0,1,13.85,0.04,SPY210521P00364000,364.0,0,0.0,0.0,,0.0,normalDay
2021-05-20,10374.0,1384.0,0.0,0,415.28,0.0,1,13.85,0.01,SPY210521P00364000,364.0,0,0.0,0.0,,0.0,normalDay
2021-05-21,11759.0,0.0,1385.0,0,414.94,0.0,1,13.85,0.0,SPY210521P00364000,364.0,0,0.0,0.0,,0.0,expirationDay
2021-05-24,11759.0,-11.0,0.0,0,419.17,0.0,1,13.78,13.89,SPY210930P00408000,408.0,0,0.0,0.0,,0.0,normalDay
2021-05-25,11759.0,-51.0,0.0,0,418.24,0.0,1,13.78,14.29,SPY210930P00408000,408.0,0,0.0,0.0,,0.0,normalDay
2021-05-26,11759.0,41.0,0.0,0,419.07,0.0,1,13.78,13.37,SPY210930P00408000,408.0,0,0.0,0.0,,0.0,normalDay
2021-05-27,11759.0,139.0,0.0,0,419.29,0.0,1,13.78,12.39,SPY210930P00408000,408.0,0,0.0,0.0,,0.0,normalDay
2021-05-28,11759.0,164.0,0.0,0,420.04,0.0,1,13.78,12.14,SPY210930P00408000,408.0,0,0.0,0.0,,0.0,normalDay
2021-06-01,11759.0,122.0,0.0,0,419.67,0.0,1,13.78,12.56,SPY210930P00408000,408.0,0,0.0,0.0,,0.0,normalDay
2021-06-02,11759.0,154.0,0.0,0,420.33,0.0,1,13.78,12.24,SPY210930P00408000,408.0,0,0.0,0.0,,0.0,normalDay
2021-06-03,11759.0,81.0,0.0,0,418.77,0.0,1,13.78,12.97,SPY210930P00408000,408.0,0,0.0,0.0,,0.0,normalDay
2021-06-04,11759.0,248.0,0.0,0,422.6,0.0,1,13.78,11.3,SPY210930P00408000,408.0,0,0.0,0.0,,0.0,normalDay
2021-06-07,11759.0,285.0,0.0,0,422.19,0.0,1,13.78,10.93,SPY210930P00408000,408.0,0,0.0,0.0,,0.0,normalDay
2021-06-08,11759.0,275.0,0.0,0,422.28,0.0,1,13.78,11.03,SPY210930P00408000,408.0,0,0.0,0.0,,0.0,normalDay
2021-06-09,11759.0,238.0,0.0,0,421.65,0.0,1,13.78,11.4,SPY210930P00408000,408.0,0,0.0,0.0,,0.0,normalDay
2021-06-10,11759.0,380.0,0.0,0,423.61,0.0,1,13.78,9.98,SPY210930P00408000,408.0,0,0.0,0.0,,0.0,normalDay
2021-06-11,11759.0,424.0,0.0,0,424.31,0.0,1,13.78,9.54,SPY210930P00408000,408.0,0,0.0,0.0,,0.0,normalDay
2021-06-14,11759.0,439.0,0.0,0,425.26,0.0,1,13.78,9.39,SPY210930P00408000,408.0,0,0.0,0.0,,0.0,normalDay
2021-06-15,11759.0,399.0,0.0,0,424.48,0.0,1,13.78,9.79,SPY210930P00408000,408.0,0,0.0,0.0,,0.0,normalDay
2021-06-16,11759.0,316.0,0.0,0,422.11,0.0,1,13.78,10.62,SPY210930P00408000,408.0,0,0.0,0.0,,0.0,normalDay
2021-06-17,11759.0,336.0,0.0,0,421.97,0.0,1,13.78,10.42,SPY210930P00408000,408.0,0,0.0,0.0,,0.0,normalDay
2021-06-18,11759.0,45.0,0.0,0,414.92,0.0,1,13.78,13.33,SPY210930P00408000,408.0,0,0.0,0.0,,0.0,normalDay
2021-06-21,11759.0,357.0,0.0,0,420.86,0.0,1,13.78,10.21,SPY210930P00408000,408.0,0,0.0,0.0,,0.0,normalDay
2021-06-22,11759.0,457.0,0.0,0,423.11,0.0,1,13.78,9.21,SPY210930P00408000,408.0,0,0.0,0.0,,0.0,normalDay
2021-06-23,11759.0,483.0,0.0,0,422.6,0.0,1,13.78,8.95,SPY210930P00408000,408.0,0,0.0,0.0,,0.0,normalDay
2021-06-24,11759.0,562.0,0.0,0,425.1,0.0,1,13.78,8.16,SPY210930P00408000,408.0,0,0.0,0.0,,0.0,normalDay
2021-06-25,11759.0,619.0,0.0,0,426.61,0.0,1,13.78,7.59,SPY210930P00408000,408.0,0,0.0,0.0,,0.0,normalDay
2021-06-28,11759.0,649.0,0.0,0,427.47,0.0,1,13.78,7.29,SPY210930P00408000,408.0,0,0.0,0.0,,0.0,normalDay
2021-06-29,11759.0,649.0,0.0,0,427.7,0.0,1,13.78,7.29,SPY210930P00408000,408.0,0,0.0,0.0,,0.0,normalDay
2021-06-30,11759.0,662.0,0.0,0,428.06,0.0,1,13.78,7.16,SPY210930P00408000,408.0,0,0.0,0.0,,0.0,normalDay
2021-07-01,11759.0,699.0,0.0,0,430.43,0.0,1,13.78,6.79,SPY210930P00408000,408.0,0,0.0,0.0,,0.0,normalDay
2021-07-02,11759.0,764.0,0.0,0,433.72,0.0,1,13.78,6.14,SPY210930P00408000,408.0,0,0.0,0.0,,0.0,normalDay
2021-07-06,11759.0,732.0,0.0,0,432.93,0.0,1,13.78,6.46,SPY210930P00408000,408.0,0,0.0,0.0,,0.0,normalDay
2021-07-07,11759.0,753.0,0.0,0,434.46,0.0,1,13.78,6.25,SPY210930P00408000,408.0,0,0.0,0.0,,0.0,normalDay
2021-07-08,11759.0,625.0,0.0,0,430.92,0.0,1,13.78,7.53,SPY210930P00408000,408.0,0,0.0,0.0,,0.0,normalDay
2021-07-09,11759.0,790.0,0.0,0,435.52,0.0,1,13.78,5.88,SPY210930P00408000,408.0,0,0.0,0.0,,0.0,normalDay
2021-07-12,11759.0,825.0,0.0,0,437.08,0.0,1,13.78,5.53,SPY210930P00408000,408.0,0,0.0,0.0,,0.0,normalDay
2021-07-13,11759.0,765.0,0.0,0,435.59,0.0,1,13.78,6.13,SPY210930P00408000,408.0,0,0.0,0.0,,0.0,normalDay
2021-07-14,11759.0,806.0,0.0,0,436.24,0.0,1,13.78,5.72,SPY210930P00408000,408.0,0,0.0,0.0,,0.0,normalDay
2021-07-15,11759.0,761.0,0.0,0,434.75,0.0,1,13.78,6.17,SPY210930P00408000,408.0,0,0.0,0.0,,0.0,normalDay
2021-07-16,11759.0,672.0,0.0,0,431.34,0.0,1,13.78,7.06,SPY210930P00408000,408.0,0,0.0,0.0,,0.0,normalDay
2021-07-19,11759.0,436.0,0.0,0,424.97,0.0,1,13.78,9.42,SPY210930P00408000,408.0,0,0.0,0.0,,0.0,normalDay
2021-07-20,11759.0,660.0,0.0,0,431.06,0.0,1,13.78,7.18,SPY210930P00408000,408.0,0,0.0,0.0,,0.0,normalDay
2021-07-21,11759.0,794.0,0.0,0,434.55,0.0,1,13.78,5.84,SPY210930P00408000,408.0,0,0.0,0.0,,0.0,normalDay
2021-07-22,11759.0,813.0,0.0,0,435.46,0.0,1,13.78,5.65,SPY210930P00408000,408.0,0,0.0,0.0,,0.0,normalDay
2021-07-23,11759.0,890.0,0.0,0,439.94,0.0,1,13.78,4.88,SPY210930P00408000,408.0,0,0.0,0.0,,0.0,normalDay
2021-07-26,11759.0,923.0,0.0,0,441.02,0.0,1,13.78,4.55,SPY210930P00408000,408.0,0,0.0,0.0,,0.0,normalDay
2021-07-27,11759.0,848.0,0.0,0,439.01,0.0,1,13.78,5.3,SPY210930P00408000,408.0,0,0.0,0.0,,0.0,normalDay
2021-07-28,11759.0,884.0,0.0,0,438.83,0.0,1,13.78,4.94,SPY210930P00408000,408.0,0,0.0,0.0,,0.0,normalDay
2021-07-29,11759.0,942.0,0.0,0,440.65,0.0,1,13.78,4.36,SPY210930P00408000,408.0,0,0.0,0.0,,0.0,normalDay
2021-07-30,11759.0,915.0,0.0,0,438.51,0.0,1,13.78,4.63,SPY210930P00408000,408.0,0,0.0,0.0,,0.0,normalDay
2021-08-02,11759.0,879.0,0.0,0,437.59,0.0,1,13.78,4.99,SPY210930P00408000,408.0,0,0.0,0.0,,0.0,normalDay
2021-08-03,11759.0,970.0,0.0,0,441.15,0.0,1,13.78,4.08,SPY210930P00408000,408.0,0,0.0,0.0,,0.0,normalDay
2021-08-04,11759.0,957.0,0.0,0,438.98,0.0,1,13.78,4.21,SPY210930P00408000,408.0,0,0.0,0.0,,0.0,normalDay
2021-08-05,11759.0,1010.0,0.0,0,441.76,0.0,1,13.78,3.68,SPY210930P00408000,408.0,0,0.0,0.0,,0.0,normalDay
2021-08-06,11759.0,1054.0,0.0,0,442.49,0.0,1,13.78,3.24,SPY210930P00408000,408.0,0,0.0,0.0,,0.0,normalDay
2021-08-09,11759.0,1060.0,0.0,0,442.13,0.0,1,13.78,3.18,SPY210930P00408000,408.0,0,0.0,0.0,,0.0,normalDay
2021-08-10,11759.0,1067.0,0.0,0,442.68,0.0,1,13.78,3.11,SPY210930P00408000,408.0,0,0.0,0.0,,0.0,normalDay
2021-08-11,11759.0,1100.0,0.0,0,443.78,0.0,1,13.78,2.78,SPY210930P00408000,408.0,0,0.0,0.0,,0.0,normalDay
2021-08-12,11759.0,1131.0,0.0,0,445.11,0.0,1,13.78,2.47,SPY210930P00408000,408.0,0,0.0,0.0,,0.0,normalDay
2021-08-13,11759.0,1147.0,0.0,0,445.92,0.0,1,13.78,2.31,SPY210930P00408000,408.0,0,0.0,0.0,,0.0,normalDay
2021-08-16,11759.0,1161.0,0.0,0,446.97,0.0,1,13.78,2.17,SPY210930P00408000,408.0,0,0.0,0.0,,0.0,normalDay
2021-08-17,11759.0,1099.0,0.0,0,444.04,0.0,1,13.78,2.79,SPY210930P00408000,408.0,0,0.0,0.0,,0.0,normalDay
2021-08-18,11759.0,979.0,0.0,0,439.18,0.0,1,13.78,3.99,SPY210930P00408000,408.0,0,0.0,0.0,,0.0,normalDay
2021-08-19,11759.0,985.0,0.0,0,439.86,0.0,1,13.78,3.93,SPY210930P00408000,408.0,0,0.0,0.0,,0.0,normalDay
2021-08-20,11759.0,1104.0,0.0,0,443.36,0.0,1,13.78,2.74,SPY210930P00408000,408.0,0,0.0,0.0,,0.0,normalDay
2021-08-23,11759.0,1188.0,0.0,0,447.26,0.0,1,13.78,1.9,SPY210930P00408000,408.0,0,0.0,0.0,,0.0,normalDay
2021-08-24,11759.0,1198.0,0.0,0,447.97,0.0,1,13.78,1.8,SPY210930P00408000,408.0,0,0.0,0.0,,0.0,normalDay
2021-08-25,11759.0,1218.0,0.0,0,448.91,0.0,1,13.78,1.6,SPY210930P00408000,408.0,0,0.0,0.0,,0.0,normalDay
2021-08-26,11759.0,1171.0,0.0,0,446.26,0.0,1,13.78,2.07,SPY210930P00408000,408.0,0,0.0,0.0,,0.0,normalDay
2021-08-27,11759.0,1239.0,0.0,0,450.25,0.0,1,13.78,1.39,SPY210930P00408000,408.0,0,0.0,0.0,,0.0,normalDay
2021-08-30,11759.0,1265.0,0.0,0,452.23,0.0,1,13.78,1.13,SPY210930P00408000,408.0,0,0.0,0.0,,0.0,normalDay
2021-08-31,11759.0,1263.0,0.0,0,451.56,0.0,1,13.78,1.15,SPY210930P00408000,408.0,0,0.0,0.0,,0.0,normalDay
2021-09-01,11759.0,1276.0,0.0,0,451.8,0.0,1,13.78,1.02,SPY210930P00408000,408.0,0,0.0,0.0,,0.0,normalDay
2021-09-02,11759.0,1279.0,0.0,0,453.19,0.0,1,13.78,0.99,SPY210930P00408000,408.0,0,0.0,0.0,,0.0,normalDay
2021-09-03,11759.0,1281.0,0.0,0,453.08,0.0,1,13.78,0.97,SPY210930P00408000,408.0,0,0.0,0.0,,0.0,normalDay
2021-09-07,11759.0,1278.0,0.0,0,451.46,0.0,1,13.78,1.0,SPY210930P00408000,408.0,0,0.0,0.0,,0.0,normalDay
2021-09-08,11759.0,1286.0,0.0,0,450.91,0.0,1,13.78,0.92,SPY210930P00408000,408.0,0,0.0,0.0,,0.0,normalDay
2021-09-09,11759.0,1273.0,0.0,0,448.98,0.0,1,13.78,1.05,SPY210930P00408000,408.0,0,0.0,0.0,,0.0,normalDay
2021-09-10,11759.0,1231.0,0.0,0,445.44,0.0,1,13.78,1.47,SPY210930P00408000,408.0,0,0.0,0.0,,0.0,normalDay
2021-09-13,11759.0,1280.0,0.0,0,446.58,0.0,1,13.78,0.98,SPY210930P00408000,408.0,0,0.0,0.0,,0.0,normalDay
2021-09-14,11759.0,1280.0,0.0,0,444.17,0.0,1,13.78,0.98,SPY210930P00408000,408.0,0,0.0,0.0,,0.0,normalDay
2021-09-15,11759.0,1325.0,0.0,0,447.88,0.0,1,13.78,0.53,SPY210930P00408000,408.0,0,0.0,0.0,,0.0,normalDay
2021-09-16,11759.0,1324.0,0.0,0,447.17,0.0,1,13.78,0.54,SPY210930P00408000,408.0,0,0.0,0.0,,0.0,normalDay
2021-09-17,11759.0,1299.0,0.0,0,441.4,0.0,1,13.78,0.79,SPY210930P00408000,408.0,0,0.0,0.0,,0.0,normalDay
2021-09-20,11759.0,1228.0,0.0,0,434.04,0.0,1,13.78,1.5,SPY210930P00408000,408.0,0,0.0,0.0,,0.0,normalDay
2021-09-21,11759.0,1270.0,0.0,0,433.63,0.0,1,13.78,1.08,SPY210930P00408000,408.0,0,0.0,0.0,,0.0,normalDay
2021-09-22,11759.0,1344.0,0.0,0,437.86,0.0,1,13.78,0.34,SPY210930P00408000,408.0,0,0.0,0.0,,0.0,normalDay
2021-09-23,11759.0,1359.0,0.0,0,443.18,0.0,1,13.78,0.19,SPY210930P00408000,408.0,0,0.0,0.0,,0.0,normalDay
2021-09-24,11759.0,1365.0,0.0,0,443.91,0.0,1,13.78,0.13,SPY210930P00408000,408.0,0,0.0,0.0,,0.0,normalDay
2021-09-27,11759.0,1369.0,0.0,0,442.64,0.0,1,13.78,0.09,SPY210930P00408000,408.0,0,0.0,0.0,,0.0,normalDay
2021-09-28,11759.0,1359.0,0.0,0,433.72,0.0,1,13.78,0.19,SPY210930P00408000,408.0,0,0.0,0.0,,0.0,normalDay
2021-09-29,11759.0,1374.0,0.0,0,434.45,0.0,1,13.78,0.04,SPY210930P00408000,408.0,0,0.0,0.0,,0.0,normalDay
2021-09-30,13137.0,0.0,1378.0,0,429.14,0.0,1,13.78,0.0,SPY210930P00408000,408.0,0,0.0,0.0,,0.0,expirationDay
2021-10-01,13137.0,-8.0,0.0,0,434.24,0.0,1,17.93,18.01,SPY220218P00427000,427.0,0,0.0,0.0,,0.0,normalDay
2021-10-04,13137.0,-250.0,0.0,0,428.64,0.0,1,17.93,20.43,SPY220218P00427000,427.0,0,0.0,0.0,,0.0,normalDay
2021-10-05,13137.0,-31.0,0.0,0,433.1,0.0,1,17.93,18.24,SPY220218P00427000,427.0,0,0.0,0.0,,0.0,normalDay
2021-10-06,13137.0,39.0,0.0,0,434.9,0.0,1,17.93,17.54,SPY220218P00427000,427.0,0,0.0,0.0,,0.0,normalDay
2021-10-07,13137.0,225.0,0.0,0,438.66,0.0,1,17.93,15.68,SPY220218P00427000,427.0,0,0.0,0.0,,0.0,normalDay
2021-10-08,13137.0,202.0,0.0,0,437.86,0.0,1,17.93,15.91,SPY220218P00427000,427.0,0,0.0,0.0,,0.0,normalDay
2021-10-11,13137.0,110.0,0.0,0,434.69,0.0,1,17.93,16.83,SPY220218P00427000,427.0,0,0.0,0.0,,0.0,normalDay
2021-10-12,13137.0,83.0,0.0,0,433.62,0.0,1,17.93,17.1,SPY220218P00427000,427.0,0,0.0,0.0,,0.0,normalDay
2021-10-13,13137.0,236.0,0.0,0,435.18,0.0,1,17.93,15.57,SPY220218P00427000,427.0,0,0.0,0.0,,0.0,normalDay
2021-10-14,13137.0,516.0,0.0,0,442.5,0.0,1,17.93,12.77,SPY220218P00427000,427.0,0,0.0,0.0,,0.0,normalDay
2021-10-15,13137.0,605.0,0.0,0,445.87,0.0,1,17.93,11.88,SPY220218P00427000,427.0,0,0.0,0.0,,0.0,normalDay
2021-10-18,13137.0,651.0,0.0,0,447.19,0.0,1,17.93,11.42,SPY220218P00427000,427.0,0,0.0,0.0,,0.0,normalDay
2021-10-19,13137.0,772.0,0.0,0,450.64,0.0,1,17.93,10.21,SPY220218P00427000,427.0,0,0.0,0.0,,0.0,normalDay
2021-10-20,13137.0,801.0,0.0,0,452.41,0.0,1,17.93,9.92,SPY220218P00427000,427.0,0,0.0,0.0,,0.0,normalDay
2021-10-21,13137.0,849.0,0.0,0,453.59,0.0,1,17.93,9.44,SPY220218P00427000,427.0,0,0.0,0.0,,0.0,normalDay
2021-10-22,13137.0,807.0,0.0,0,453.12,0.0,1,17.93,9.86,SPY220218P00427000,427.0,0,0.0,0.0,,0.0,normalDay
2021-10-25,13137.0,891.0,0.0,0,455.55,0.0,1,17.93,9.02,SPY220218P00427000,427.0,0,0.0,0.0,,0.0,normalDay
2021-10-26,13137.0,904.0,0.0,0,455.96,0.0,1,17.93,8.89,SPY220218P00427000,427.0,0,0.0,0.0,,0.0,normalDay
2021-10-27,13137.0,821.0,0.0,0,453.94,0.0,1,17.93,9.72,SPY220218P00427000,427.0,0,0.0,0.0,,0.0,normalDay
2021-10-28,13137.0,922.0,0.0,0,458.32,0.0,1,17.93,8.71,SPY220218P00427000,427.0,0,0.0,0.0,,0.0,normalDay
2021-10-29,13137.0,951.0,0.0,0,459.25,0.0,1,17.93,8.42,SPY220218P00427000,427.0,0,0.0,0.0,,0.0,normalDay
2021-11-01,13137.0,980.0,0.0,0,460.04,0.0,1,17.93,8.13,SPY220218P00427000,427.0,0,0.0,0.0,,0.0,normalDay
2021-11-02,13137.0,1026.0,0.0,0,461.9,0.0,1,17.93,7.67,SPY220218P00427000,427.0,0,0.0,0.0,,0.0,normalDay
2021-11-03,13137.0,1106.0,0.0,0,464.72,0.0,1,17.93,6.87,SPY220218P00427000,427.0,0,0.0,0.0,,0.0,normalDay
2021-11-04,13137.0,1140.0,0.0,0,466.91,0.0,1,17.93,6.53,SPY220218P00427000,427.0,0,0.0,0.0,,0.0,normalDay
2021-11-05,13137.0,1129.0,0.0,0,468.53,0.0,1,17.93,6.64,SPY220218P00427000,427.0,0,0.0,0.0,,0.0,normalDay
2021-11-08,13137.0,1126.0,0.0,0,468.93,0.0,1,17.93,6.67,SPY220218P00427000,427.0,0,0.0,0.0,,0.0,normalDay
2021-11-09,13137.0,1098.0,0.0,0,467.38,0.0,1,17.93,6.95,SPY220218P00427000,427.0,0,0.0,0.0,,0.0,normalDay
2021-11-10,13137.0,1034.0,0.0,0,463.62,0.0,1,17.93,7.59,SPY220218P00427000,427.0,0,0.0,0.0,,0.0,normalDay
2021-11-11,13137.0,1087.0,0.0,0,463.77,0.0,1,17.93,7.06,SPY220218P00427000,427.0,0,0.0,0.0,,0.0,normalDay
2021-11-12,13137.0,1173.0,0.0,0,467.27,0.0,1,17.93,6.2,SPY220218P00427000,427.0,0,0.0,0.0,,0.0,normalDay
2021-11-15,13137.0,1187.0,0.0,0,467.43,0.0,1,17.93,6.06,SPY220218P00427000,427.0,0,0.0,0.0,,0.0,normalDay
2021-11-16,13137.0,1220.0,0.0,0,469.28,0.0,1,17.93,5.73,SPY220218P00427000,427.0,0,0.0,0.0,,0.0,normalDay
2021-11-17,13137.0,1175.0,0.0,0,468.14,0.0,1,17.93,6.18,SPY220218P00427000,427.0,0,0.0,0.0,,0.0,normalDay
2021-11-18,13137.0,1195.0,0.0,0,469.73,0.0,1,17.93,5.98,SPY220218P00427000,427.0,0,0.0,0.0,,0.0,normalDay
2021-11-19,13137.0,1180.0,0.0,0,468.89,0.0,1,17.93,6.13,SPY220218P00427000,427.0,0,0.0,0.0,,0.0,normalDay
2021-11-22,13137.0,1147.0,0.0,0,467.57,0.0,1,17.93,6.46,SPY220218P00427000,427.0,0,0.0,0.0,,0.0,normalDay
2021-11-23,13137.0,1169.0,0.0,0,468.19,0.0,1,17.93,6.24,SPY220218P00427000,427.0,0,0.0,0.0,,0.0,normalDay
2021-11-24,13137.0,1219.0,0.0,0,469.44,0.0,1,17.93,5.74,SPY220218P00427000,427.0,0,0.0,0.0,,0.0,normalDay
2021-11-26,13137.0,602.0,0.0,0,458.97,0.0,1,17.93,11.91,SPY220218P00427000,427.0,0,0.0,0.0,,0.0,normalDay
2021-11-29,13137.0,1069.0,0.0,0,464.6,0.0,1,17.93,7.24,SPY220218P00427000,427.0,0,0.0,0.0,,0.0,normalDay
2021-11-30,13137.0,820.0,0.0,0,455.56,0.0,1,17.93,9.73,SPY220218P00427000,427.0,0,0.0,0.0,,0.0,normalDay
2021-12-01,13137.0,515.0,0.0,0,450.5,0.0,1,17.93,12.78,SPY220218P00427000,427.0,0,0.0,0.0,,0.0,normalDay
2021-12-02,13137.0,776.0,0.0,0,457.4,0.0,1,17.93,10.17,SPY220218P00427000,427.0,0,0.0,0.0,,0.0,normalDay
2021-12-03,13137.0,601.0,0.0,0,453.42,0.0,1,17.93,11.92,SPY220218P00427000,427.0,0,0.0,0.0,,0.0,normalDay
2021-12-06,13137.0,854.0,0.0,0,458.79,0.0,1,17.93,9.39,SPY220218P00427000,427.0,0,0.0,0.0,,0.0,normalDay
2021-12-07,13137.0,1177.0,0.0,0,468.28,0.0,1,17.93,6.16,SPY220218P00427000,427.0,0,0.0,0.0,,0.0,normalDay
2021-12-08,13137.0,1265.0,0.0,0,469.52,0.0,1,17.93,5.28,SPY220218P00427000,427.0,0,0.0,0.0,,0.0,normalDay
2021-12-09,13137.0,1194.0,0.0,0,466.35,0.0,1,17.93,5.99,SPY220218P00427000,427.0,0,0.0,0.0,,0.0,normalDay
2021-12-10,13137.0,1313.0,0.0,0,470.74,0.0,1,17.93,4.8,SPY220218P00427000,427.0,0,0.0,0.0,,0.0,normalDay
2021-12-13,13137.0,1238.0,0.0,0,466.57,0.0,1,17.93,5.55,SPY220218P00427000,427.0,0,0.0,0.0,,0.0,normalDay
2021-12-14,13137.0,1164.0,0.0,0,463.36,0.0,1,17.93,6.29,SPY220218P00427000,427.0,0,0.0,0.0,,0.0,normalDay
2021-12-15,13137.0,1349.0,0.0,0,470.6,0.0,1,17.93,4.44,SPY220218P00427000,427.0,0,0.0,0.0,,0.0,normalDay
2021-12-16,13137.0,1269.0,0.0,0,466.45,0.0,1,17.93,5.24,SPY220218P00427000,427.0,0,0.0,0.0,,0.0,normalDay
2021-12-17,13137.0,1162.0,0.0,0,459.87,0.0,1,17.93,6.31,SPY220218P00427000,427.0,0,0.0,0.0,,0.0,normalDay
2021-12-20,13137.0,1077.0,0.0,0,454.98,0.0,1,17.93,7.16,SPY220218P00427000,427.0,0,0.0,0.0,,0.0,normalDay
2021-12-21,13137.0,1265.0,0.0,0,463.06,0.0,1,17.93,5.28,SPY220218P00427000,427.0,0,0.0,0.0,,0.0,normalDay
2021-12-22,13137.0,1394.0,0.0,0,467.69,0.0,1,17.93,3.99,SPY220218P00427000,427.0,0,0.0,0.0,,0.0,normalDay
2021-12-23,13137.0,1449.0,0.0,0,470.6,0.0,1,17.93,3.44,SPY220218P00427000,427.0,0,0.0,0.0,,0.0,normalDay
2021-12-27,13137.0,1542.0,0.0,0,477.26,0.0,1,17.93,2.51,SPY220218P00427000,427.0,0,0.0,0.0,,0.0,normalDay
2021-12-28,13137.0,1556.0,0.0,0,476.87,0.0,1,17.93,2.37,SPY220218P00427000,427.0,0,0.0,0.0,,0.0,normalDay
2021-12-29,13137.0,1586.0,0.0,0,477.48,0.0,1,17.93,2.07,SPY220218P00427000,427.0,0,0.0,0.0,,0.0,normalDay
2021-12-30,13137.0,1573.0,0.0,0,476.16,0.0,1,17.93,2.2,SPY220218P00427000,427.0,0,0.0,0.0,,0.0,normalDay
2021-12-31,13137.0,1584.0,0.0,0,474.96,0.0,1,17.93,2.09,SPY220218P00427000,427.0,0,0.0,0.0,,0.0,normalDay
2022-01-03,13137.0,1626.0,0.0,0,477.71,0.0,1,17.93,1.67,SPY220218P00427000,427.0,0,0.0,0.0,,0.0,normalDay
2022-01-04,13137.0,1623.0,0.0,0,477.55,0.0,1,17.93,1.7,SPY220218P00427000,427.0,0,0.0,0.0,,0.0,normalDay
2022-01-05,13137.0,1510.0,0.0,0,468.38,0.0,1,17.93,2.83,SPY220218P00427000,427.0,0,0.0,0.0,,0.0,normalDay
2022-01-06,13137.0,1521.0,0.0,0,467.94,0.0,1,17.93,2.72,SPY220218P00427000,427.0,0,0.0,0.0,,0.0,normalDay
2022-01-07,13137.0,1544.0,0.0,0,466.09,0.0,1,17.93,2.49,SPY220218P00427000,427.0,0,0.0,0.0,,0.0,normalDay
2022-01-10,13137.0,1548.0,0.0,0,465.51,0.0,1,17.93,2.45,SPY220218P00427000,427.0,0,0.0,0.0,,0.0,normalDay
2022-01-11,13137.0,1603.0,0.0,0,469.75,0.0,1,17.93,1.9,SPY220218P00427000,427.0,0,0.0,0.0,,0.0,normalDay
2022-01-12,13137.0,1632.0,0.0,0,471.02,0.0,1,17.93,1.61,SPY220218P00427000,427.0,0,0.0,0.0,,0.0,normalDay
2022-01-13,13137.0,1541.0,0.0,0,464.53,0.0,1,17.93,2.52,SPY220218P00427000,427.0,0,0.0,0.0,,0.0,normalDay
2022-01-14,13137.0,1580.0,0.0,0,464.72,0.0,1,17.93,2.13,SPY220218P00427000,427.0,0,0.0,0.0,,0.0,normalDay
2022-01-18,13137.0,1442.0,0.0,0,456.49,0.0,1,17.93,3.51,SPY220218P00427000,427.0,0,0.0,0.0,,0.0,normalDay
2022-01-19,13137.0,1385.0,0.0,0,451.75,0.0,1,17.93,4.08,SPY220218P00427000,427.0,0,0.0,0.0,,0.0,normalDay
2022-01-20,13137.0,1250.0,0.0,0,446.75,0.0,1,17.93,5.43,SPY220218P00427000,427.0,0,0.0,0.0,,0.0,normalDay
2022-01-21,13137.0,968.0,0.0,0,437.98,0.0,1,17.93,8.25,SPY220218P00427000,427.0,0,0.0,0.0,,0.0,normalDay
2022-01-24,13137.0,970.0,0.0,0,439.84,0.0,1,17.93,8.23,SPY220218P00427000,427.0,0,0.0,0.0,,0.0,normalDay
2022-01-25,13137.0,767.0,0.0,0,434.47,0.0,1,17.93,10.26,SPY220218P00427000,427.0,0,0.0,0.0,,0.0,normalDay
2022-01-26,13137.0,786.0,0.0,0,433.38,0.0,1,17.93,10.07,SPY220218P00427000,427.0,0,0.0,0.0,,0.0,normalDay
2022-01-27,13137.0,816.0,0.0,0,431.24,0.0,1,17.93,9.77,SPY220218P00427000,427.0,0,0.0,0.0,,0.0,normalDay
2022-01-28,13137.0,1218.0,0.0,0,441.95,0.0,1,17.93,5.75,SPY220218P00427000,427.0,0,0.0,0.0,,0.0,normalDay
2022-01-31,13137.0,1475.0,0.0,0,449.91,0.0,1,17.93,3.18,SPY220218P00427000,427.0,0,0.0,0.0,,0.0,normalDay
2022-02-01,13137.0,1609.0,0.0,0,452.95,0.0,1,17.93,1.84,SPY220218P00427000,427.0,0,0.0,0.0,,0.0,normalDay
2022-02-02,13137.0,1650.0,0.0,0,457.35,0.0,1,17.93,1.43,SPY220218P00427000,427.0,0,0.0,0.0,,0.0,normalDay
2022-02-03,13137.0,1553.0,0.0,0,446.6,0.0,1,17.93,2.4,SPY220218P00427000,427.0,0,0.0,0.0,,0.0,normalDay
2022-02-04,13137.0,1586.0,0.0,0,448.7,0.0,1,17.93,2.07,SPY220218P00427000,427.0,0,0.0,0.0,,0.0,normalDay
2022-02-07,13137.0,1649.0,0.0,0,447.26,0.0,1,17.93,1.44,SPY220218P00427000,427.0,0,0.0,0.0,,0.0,normalDay
2022-02-08,13137.0,1708.0,0.0,0,450.94,0.0,1,17.93,0.85,SPY220218P00427000,427.0,0,0.0,0.0,,0.0,normalDay
2022-02-09,13137.0,1756.0,0.0,0,457.54,0.0,1,17.93,0.37,SPY220218P00427000,427.0,0,0.0,0.0,,0.0,normalDay
2022-02-10,13137.0,1682.0,0.0,0,449.32,0.0,1,17.93,1.11,SPY220218P00427000,427.0,0,0.0,0.0,,0.0,normalDay
2022-02-11,13137.0,1559.0,0.0,0,440.46,0.0,1,17.93,2.34,SPY220218P00427000,427.0,0,0.0,0.0,,0.0,normalDay
2022-02-14,13137.0,1627.0,0.0,0,439.02,0.0,1,17.93,1.66,SPY220218P00427000,427.0,0,0.0,0.0,,0.0,normalDay
2022-02-15,13137.0,1739.0,0.0,0,446.1,0.0,1,17.93,0.54,SPY220218P00427000,427.0,0,0.0,0.0,,0.0,normalDay
2022-02-16,13137.0,1780.0,0.0,0,446.6,0.0,1,17.93,0.13,SPY220218P00427000,427.0,0,0.0,0.0,,0.0,normalDay
2022-02-17,13137.0,1754.0,0.0,0,437.06,0.0,1,17.93,0.39,SPY220218P00427000,427.0,0,0.0,0.0,,0.0,normalDay
2022-02-18,14930.0,0.0,1793.0,0,434.23,0.0,1,17.93,0.0,SPY220218P00427000,427.0,0,0.0,0.0,,0.0,expirationDay
2022-02-22,14930.0,-88.0,0.0,0,429.57,0.0,1,21.56,22.44,SPY220630P00426000,426.0,0,0.0,0.0,,0.0,normalDay
2022-02-23,14930.0,-505.0,0.0,0,421.95,0.0,1,21.56,26.61,SPY220630P00426000,426.0,0,0.0,0.0,,0.0,normalDay
2022-02-24,14930.0,-228.0,0.0,0,428.3,0.0,1,21.56,23.84,SPY220630P00426000,426.0,0,0.0,0.0,,0.0,normalDay
2022-02-25,14930.0,236.0,0.0,0,437.75,0.0,1,21.56,19.2,SPY220630P00426000,426.0,0,0.0,0.0,,0.0,normalDay
2022-02-28,14930.0,146.0,0.0,0,436.63,0.0,1,21.56,20.1,SPY220630P00426000,426.0,0,0.0,0.0,,0.0,normalDay
2022-03-01,14930.0,-249.0,0.0,0,429.98,0.0,1,21.56,24.05,SPY220630P00426000,426.0,0,0.0,0.0,,0.0,normalDay
2022-03-02,14930.0,105.0,0.0,0,437.89,0.0,1,21.56,20.51,SPY220630P00426000,426.0,0,0.0,0.0,,0.0,normalDay
2022-03-03,14930.0,47.0,0.0,0,435.71,0.0,1,21.56,21.09,SPY220630P00426000,426.0,0,0.0,0.0,,0.0,normalDay
2022-03-04,14930.0,-173.0,0.0,0,432.17,0.0,1,21.56,23.29,SPY220630P00426000,426.0,0,0.0,0.0,,0.0,normalDay
2022-03-07,14930.0,-855.0,0.0,0,419.43,0.0,1,21.56,30.11,SPY220630P00426000,426.0,0,0.0,0.0,,0.0,normalDay
2022-03-08,14930.0,-968.0,0.0,0,416.25,0.0,1,21.56,31.24,SPY220630P00426000,426.0,0,0.0,0.0,,0.0,normalDay
2022-03-09,14930.0,-376.0,0.0,0,427.41,0.0,1,21.56,25.32,SPY220630P00426000,426.0,0,0.0,0.0,,0.0,normalDay
2022-03-10,14930.0,-307.0,0.0,0,425.48,0.0,1,21.56,24.63,SPY220630P00426000,426.0,0,0.0,0.0,,0.0,normalDay
2022-03-11,14930.0,-578.0,0.0,0,420.07,0.0,1,21.56,27.34,SPY220630P00426000,426.0,0,0.0,0.0,,0.0,normalDay
2022-03-14,14930.0,-698.0,0.0,0,417.0,0.0,1,21.56,28.54,SPY220630P00426000,426.0,0,0.0,0.0,,0.0,normalDay
2022-03-15,14930.0,-255.0,0.0,0,426.17,0.0,1,21.56,24.11,SPY220630P00426000,426.0,0,0.0,0.0,,0.0,normalDay
2022-03-16,14930.0,271.0,0.0,0,435.62,0.0,1,21.56,18.85,SPY220630P00426000,426.0,0,0.0,0.0,,0.0,normalDay
2022-03-17,14930.0,532.0,0.0,0,441.07,0.0,1,21.56,16.24,SPY220630P00426000,426.0,0,0.0,0.0,,0.0,normalDay
2022-03-18,14930.0,782.0,0.0,0,444.52,0.0,1,21.56,13.74,SPY220630P00426000,426.0,0,0.0,0.0,,0.0,normalDay
2022-03-21,14930.0,804.0,0.0,0,444.39,0.0,1,21.56,13.52,SPY220630P00426000,426.0,0,0.0,0.0,,0.0,normalDay
2022-03-22,14930.0,978.0,0.0,0,449.59,0.0,1,21.56,11.78,SPY220630P00426000,426.0,0,0.0,0.0,,0.0,normalDay
2022-03-23,14930.0,813.0,0.0,0,443.8,0.0,1,21.56,13.43,SPY220630P00426000,426.0,0,0.0,0.0,,0.0,normalDay
2022-03-24,14930.0,1028.0,0.0,0,450.49,0.0,1,21.56,11.28,SPY220630P00426000,426.0,0,0.0,0.0,,0.0,normalDay
2022-03-25,14930.0,1107.0,0.0,0,452.69,0.0,1,21.56,10.49,SPY220630P00426000,426.0,0,0.0,0.0,,0.0,normalDay
2022-03-28,14930.0,1226.0,0.0,0,455.91,0.0,1,21.56,9.3,SPY220630P00426000,426.0,0,0.0,0.0,,0.0,normalDay
2022-03-29,14930.0,1365.0,0.0,0,461.55,0.0,1,21.56,7.91,SPY220630P00426000,426.0,0,0.0,0.0,,0.0,normalDay
2022-03-30,14930.0,1313.0,0.0,0,458.7,0.0,1,21.56,8.43,SPY220630P00426000,426.0,0,0.0,0.0,,0.0,normalDay
2022-03-31,14930.0,1136.0,0.0,0,451.64,0.0,1,21.56,10.2,SPY220630P00426000,426.0,0,0.0,0.0,,0.0,normalDay
2022-04-01,14930.0,1207.0,0.0,0,452.92,0.0,1,21.56,9.49,SPY220630P00426000,426.0,0,0.0,0.0,,0.0,normalDay
2022-04-04,14930.0,1374.0,0.0,0,456.8,0.0,1,21.56,7.82,SPY220630P00426000,426.0,0,0.0,0.0,,0.0,normalDay
2022-04-05,14930.0,1185.0,0.0,0,451.03,0.0,1,21.56,9.71,SPY220630P00426000,426.0,0,0.0,0.0,,0.0,normalDay
2022-04-06,14930.0,1048.0,0.0,0,446.52,0.0,1,21.56,11.08,SPY220630P00426000,426.0,0,0.0,0.0,,0.0,normalDay
2022-04-07,14930.0,1119.0,0.0,0,448.77,0.0,1,21.56,10.37,SPY220630P00426000,426.0,0,0.0,0.0,,0.0,normalDay
2022-04-08,14930.0,1121.0,0.0,0,447.57,0.0,1,21.56,10.35,SPY220630P00426000,426.0,0,0.0,0.0,,0.0,normalDay
2022-04-11,14930.0,848.0,0.0,0,439.92,0.0,1,21.56,13.08,SPY220630P00426000,426.0,0,0.0,0.0,,0.0,normalDay
2022-04-12,14930.0,815.0,0.0,0,438.29,0.0,1,21.56,13.41,SPY220630P00426000,426.0,0,0.0,0.0,,0.0,normalDay
2022-04-13,14930.0,1058.0,0.0,0,443.31,0.0,1,21.56,10.98,SPY220630P00426000,426.0,0,0.0,0.0,,0.0,normalDay
2022-04-14,14930.0,881.0,0.0,0,437.79,0.0,1,21.56,12.75,SPY220630P00426000,426.0,0,0.0,0.0,,0.0,normalDay
2022-04-18,14930.0,984.0,0.0,0,437.97,0.0,1,21.56,11.72,SPY220630P00426000,426.0,0,0.0,0.0,,0.0,normalDay
2022-04-19,14930.0,1135.0,0.0,0,445.04,0.0,1,21.56,10.21,SPY220630P00426000,426.0,0,0.0,0.0,,0.0,normalDay
2022-04-20,14930.0,1244.0,0.0,0,444.71,0.0,1,21.56,9.12,SPY220630P00426000,426.0,0,0.0,0.0,,0.0,normalDay
2022-04-21,14930.0,942.0,0.0,0,438.06,0.0,1,21.56,12.14,SPY220630P00426000,426.0,0,0.0,0.0,,0.0,normalDay
2022-04-22,14930.0,321.0,0.0,0,426.04,0.0,1,21.56,18.35,SPY220630P00426000,426.0,0,0.0,0.0,,0.0,normalDay
2022-04-25,14930.0,539.0,0.0,0,428.51,0.0,1,21.56,16.17,SPY220630P00426000,426.0,0,0.0,0.0,,0.0,normalDay
2022-04-26,14930.0,-287.0,0.0,0,416.1,0.0,1,21.56,24.43,SPY220630P00426000,426.0,0,0.0,0.0,,0.0,normalDay
2022-04-27,14930.0,-34.0,0.0,0,417.27,0.0,1,21.56,21.9,SPY220630P00426000,426.0,0,0.0,0.0,,0.0,normalDay
2022-04-28,14930.0,405.0,0.0,0,427.81,0.0,1,21.56,17.51,SPY220630P00426000,426.0,0,0.0,0.0,,0.0,normalDay
2022-04-29,14930.0,-341.0,0.0,0,412.0,0.0,1,21.56,24.97,SPY220630P00426000,426.0,0,0.0,0.0,,0.0,normalDay
2022-05-02,14930.0,-175.0,0.0,0,414.48,0.0,1,21.56,23.31,SPY220630P00426000,426.0,0,0.0,0.0,,0.0,normalDay
2022-05-03,14930.0,45.0,0.0,0,416.38,0.0,1,21.56,21.11,SPY220630P00426000,426.0,0,0.0,0.0,,0.0,normalDay
2022-05-04,14930.0,717.0,0.0,0,429.06,0.0,1,21.56,14.39,SPY220630P00426000,426.0,0,0.0,0.0,,0.0,normalDay
2022-05-05,14930.0,-205.0,0.0,0,413.81,0.0,1,21.56,23.61,SPY220630P00426000,426.0,0,0.0,0.0,,0.0,normalDay
2022-05-06,14930.0,-402.0,0.0,0,411.34,0.0,1,21.56,25.58,SPY220630P00426000,426.0,0,0.0,0.0,,0.0,normalDay
2022-05-09,14930.0,-1203.0,0.0,0,398.17,0.0,1,21.56,33.59,SPY220630P00426000,426.0,0,0.0,0.0,,0.0,normalDay
2022-05-10,14930.0,-1138.0,0.0,0,399.09,0.0,1,21.56,32.94,SPY220630P00426000,426.0,0,0.0,0.0,,0.0,normalDay
2022-05-11,14930.0,-1601.0,0.0,0,392.75,0.0,1,21.56,37.57,SPY220630P00426000,426.0,0,0.0,0.0,,0.0,normalDay
2022-05-12,14930.0,-1652.0,0.0,0,392.34,0.0,1,21.56,38.08,SPY220630P00426000,426.0,0,0.0,0.0,,0.0,normalDay
2022-05-13,14930.0,-893.0,0.0,0,401.72,0.0,1,21.56,30.49,SPY220630P00426000,426.0,0,0.0,0.0,,0.0,normalDay
2022-05-16,14930.0,-934.0,0.0,0,400.09,0.0,1,21.56,30.9,SPY220630P00426000,426.0,0,0.0,0.0,,0.0,normalDay
2022-05-17,14930.0,-277.0,0.0,0,408.32,0.0,1,21.56,24.33,SPY220630P00426000,426.0,0,0.0,0.0,,0.0,normalDay
2022-05-18,14930.0,-1699.0,0.0,0,391.86,0.0,1,21.56,38.55,SPY220630P00426000,426.0,0,0.0,0.0,,0.0,normalDay
2022-05-19,14930.0,-1839.0,0.0,0,389.46,0.0,1,21.56,39.95,SPY220630P00426000,426.0,0,0.0,0.0,,0.0,normalDay
2022-05-20,14930.0,-1807.0,0.0,0,389.63,0.0,1,21.56,39.63,SPY220630P00426000,426.0,0,0.0,0.0,,0.0,normalDay
2022-05-23,14930.0,-1097.0,0.0,0,396.92,0.0,1,21.56,32.53,SPY220630P00426000,426.0,0,0.0,0.0,,0.0,normalDay
2022-05-24,14930.0,-1385.0,0.0,0,393.89,0.0,1,21.56,35.41,SPY220630P00426000,426.0,0,0.0,0.0,,0.0,normalDay
2022-05-25,14930.0,-1096.0,0.0,0,397.37,0.0,1,21.56,32.52,SPY220630P00426000,426.0,0,0.0,0.0,,0.0,normalDay
2022-05-26,14930.0,-487.0,0.0,0,405.31,0.0,1,21.56,26.43,SPY220630P00426000,426.0,0,0.0,0.0,,0.0,normalDay
2022-05-27,14930.0,328.0,0.0,0,415.26,0.0,1,21.56,18.28,SPY220630P00426000,426.0,0,0.0,0.0,,0.0,normalDay
2022-05-31,14930.0,185.0,0.0,0,412.93,0.0,1,21.56,19.71,SPY220630P00426000,426.0,0,0.0,0.0,,0.0,normalDay
2022-06-01,14930.0,-3.0,0.0,0,409.59,0.0,1,21.56,21.59,SPY220630P00426000,426.0,0,0.0,0.0,,0.0,normalDay
2022-06-02,14930.0,601.0,0.0,0,417.39,0.0,1,21.56,15.55,SPY220630P00426000,426.0,0,0.0,0.0,,0.0,normalDay
2022-06-03,14930.0,152.0,0.0,0,410.54,0.0,1,21.56,20.04,SPY220630P00426000,426.0,0,0.0,0.0,,0.0,normalDay
2022-06-06,14930.0,258.0,0.0,0,411.79,0.0,1,21.56,18.98,SPY220630P00426000,426.0,0,0.0,0.0,,0.0,normalDay
2022-06-07,14930.0,552.0,0.0,0,415.74,0.0,1,21.56,16.04,SPY220630P00426000,426.0,0,0.0,0.0,,0.0,normalDay
2022-06-08,14930.0,248.0,0.0,0,411.22,0.0,1,21.56,19.08,SPY220630P00426000,426.0,0,0.0,0.0,,0.0,normalDay
2022-06-09,14930.0,-553.0,0.0,0,401.44,0.0,1,21.56,27.09,SPY220630P00426000,426.0,0,0.0,0.0,,0.0,normalDay
2022-06-10,14930.0,-1609.0,0.0,0,389.8,0.0,1,21.56,37.65,SPY220630P00426000,426.0,0,0.0,0.0,,0.0,normalDay
2022-06-13,14930.0,-3140.0,0.0,0,375.0,0.0,1,21.56,52.96,SPY220630P00426000,426.0,0,0.0,0.0,,0.0,normalDay
2022-06-14,14930.0,-3325.0,0.0,0,373.87,0.0,1,21.56,54.81,SPY220630P00426000,426.0,0,0.0,0.0,,0.0,normalDay
2022-06-15,14930.0,-2705.0,0.0,0,379.2,0.0,1,21.56,48.61,SPY220630P00426000,426.0,0,0.0,0.0,,0.0,normalDay
2022-06-16,14930.0,-3883.0,0.0,0,366.65,0.0,1,21.56,60.39,SPY220630P00426000,426.0,0,0.0,0.0,,0.0,normalDay
2022-06-17,14930.0,-3794.0,0.0,0,365.86,0.0,1,21.56,59.5,SPY220630P00426000,426.0,0,0.0,0.0,,0.0,normalDay
2022-06-21,14930.0,-2954.0,0.0,0,375.07,0.0,1,21.56,51.1,SPY220630P00426000,426.0,0,0.0,0.0,,0.0,normalDay
2022-06-22,14930.0,-2972.0,0.0,0,374.39,0.0,1,21.56,51.28,SPY220630P00426000,426.0,0,0.0,0.0,,0.0,normalDay
2022-06-23,14930.0,-2745.0,0.0,0,378.06,0.0,1,21.56,49.01,SPY220630P00426000,426.0,0,0.0,0.0,,0.0,normalDay
2022-06-24,14930.0,-1566.0,0.0,0,390.08,0.0,1,21.56,37.22,SPY220630P00426000,426.0,0,0.0,0.0,,0.0,normalDay
2022-06-27,14930.0,-1565.0,0.0,0,388.59,0.0,1,21.56,37.21,SPY220630P00426000,426.0,0,0.0,0.0,,0.0,normalDay
2022-06-28,14930.0,-2412.0,0.0,0,380.65,0.0,1,21.56,45.68,SPY220630P00426000,426.0,0,0.0,0.0,,0.0,normalDay
2022-06-29,14930.0,-2408.0,0.0,0,380.34,0.0,1,21.56,45.64,SPY220630P00426000,426.0,0,0.0,0.0,,0.0,normalDay
2022-06-30,17086.0,-4875.0,2156.0,100,377.25,426.0,1,21.56,0.0,SPY220630P00426000,426.0,0,0.0,0.0,,0.0,expirationDay
2022-07-01,17086.0,-4476.0,0.0,100,381.24,426.0,0,0.0,0.0,,0.0,0,0.0,0.0,,0.0,bidTooLow
2022-07-05,17086.0,-4404.0,0.0,100,381.96,426.0,0,0.0,0.0,,0.0,0,0.0,0.0,,0.0,bidTooLow
2022-07-06,17086.0,-4275.0,0.0,100,383.25,426.0,0,0.0,0.0,,0.0,0,0.0,0.0,,0.0,bidTooLow
2022-07-07,17086.0,-3701.0,0.0,100,388.99,426.0,0,0.0,0.0,,0.0,0,0.0,0.0,,0.0,bidTooLow
2022-07-08,17086.0,-3733.0,0.0,100,388.67,426.0,0,0.0,0.0,,0.0,0,0.0,0.0,,0.0,bidTooLow
2022-07-11,17086.0,-4177.0,0.0,100,384.23,426.0,0,0.0,0.0,,0.0,0,0.0,0.0,,0.0,bidTooLow
2022-07-12,17086.0,-4520.0,0.0,100,380.83,426.0,0,0.0,0.0,,0.0,1,0.08,0.11,SPY220715C00400000,400.0,normalDay
2022-07-13,17086.0,-4711.0,0.0,100,378.83,426.0,0,0.0,0.0,,0.0,1,0.08,0.02,SPY220715C00400000,400.0,normalDay
2022-07-14,17086.0,-4802.0,0.0,100,377.91,426.0,0,0.0,0.0,,0.0,1,0.08,0.01,SPY220715C00400000,400.0,normalDay
2022-07-15,17094.0,-4087.0,8.0,100,385.13,426.0,0,0.0,0.0,,0.0,1,0.08,0.0,SPY220715C00400000,400.0,expirationDay
2022-07-18,17094.0,-4405.0,0.0,100,381.95,426.0,0,0.0,0.0,,0.0,0,0.0,0.0,,0.0,bidTooLow
2022-07-19,17094.0,-3376.0,0.0,100,392.27,426.0,0,0.0,0.0,,0.0,1,1.24,1.27,SPY220722C00398000,398.0,normalDay
2022-07-20,17094.0,-3151.0,0.0,100,394.77,426.0,0,0.0,0.0,,0.0,1,1.24,1.52,SPY220722C00398000,398.0,normalDay
2022-07-21,17094.0,-2803.0,0.0,100,398.79,426.0,0,0.0,0.0,,0.0,1,1.24,2.06,SPY220722C00398000,398.0,normalDay
2022-07-22,17218.0,-3091.0,124.0,100,395.09,426.0,0,0.0,0.0,,0.0,1,1.24,0.0,SPY220722C00398000,398.0,expirationDay
2022-07-25,17218.0,-3046.0,0.0,100,395.57,426.0,0,0.0,0.0,,0.0,1,0.27,0.3,SPY220727C00406000,406.0,normalDay
2022-07-26,17218.0,-3486.0,0.0,100,390.89,426.0,0,0.0,0.0,,0.0,1,0.27,0.02,SPY220727C00406000,406.0,normalDay
2022-07-27,17245.0,-2496.0,27.0,100,401.04,426.0,0,0.0,0.0,,0.0,1,0.27,0.0,SPY220727C00406000,406.0,expirationDay
2022-07-28,17245.0,-1996.0,0.0,100,406.07,426.0,0,0.0,0.0,,0.0,1,0.2,0.23,SPY220729C00413000,413.0,normalDay
2022-07-29,17265.0,-1401.0,20.0,100,411.99,426.0,0,0.0,0.0,,0.0,1,0.2,0.0,SPY220729C00413000,413.0,expirationDay
2022-08-01,17265.0,-1526.0,0.0,100,410.77,426.0,0,0.0,0.0,,0.0,1,0.06,0.09,SPY220803C00422000,422.0,normalDay
2022-08-02,17265.0,-1790.0,0.0,100,408.06,426.0,0,0.0,0.0,,0.0,1,0.06,0.02,SPY220803C00422000,422.0,normalDay
2022-08-03,17271.0,-1155.0,6.0,100,414.45,426.0,0,0.0,0.0,,0.0,1,0.06,0.0,SPY220803C00422000,422.0,expirationDay
2022-08-04,17271.0,-1183.0,0.0,100,414.17,426.0,0,0.0,0.0,,0.0,0,0.0,0.0,,0.0,bidTooLow
2022-08-05,17271.0,-1253.0,0.0,100,413.47,426.0,0,0.0,0.0,,0.0,0,0.0,0.0,,0.0,bidTooLow
2022-08-08,17271.0,-1301.0,0.0,100,412.99,426.0,0,0.0,0.0,,0.0,0,0.0,0.0,,0.0,bidTooLow
2022-08-09,17271.0,-1465.0,0.0,100,411.35,426.0,0,0.0,0.0,,0.0,0,0.0,0.0,,0.0,bidTooLow
2022-08-10,17271.0,-601.0,0.0,100,419.99,426.0,0,0.0,0.0,,0.0,0,0.0,0.0,,0.0,bidTooLow
2022-08-11,17271.0,-601.0,0.0,100,419.99,426.0,0,0.0,0.0,,0.0,0,0.0,0.0,,0.0,bidTooLow
2022-08-12,17271.0,110.0,0.0,100,427.1,426.0,0,0.0,0.0,,0.0,0,0.0,0.0,,0.0,bidTooLow
2022-08-15,17271.0,286.0,0.0,100,428.86,426.0,0,0.0,0.0,,0.0,0,0.0,0.0,,0.0,bidTooLow
2022-08-16,17271.0,367.0,0.0,100,429.7,426.0,0,0.0,0.0,,0.0,1,0.01,0.04,SPY220819C00445000,445.0,normalDay
2022-08-17,17271.0,64.0,0.0,100,426.65,426.0,0,0.0,0.0,,0.0,1,0.01,0.02,SPY220819C00445000,445.0,normalDay
2022-08-18,17271.0,189.0,0.0,100,427.89,426.0,0,0.0,0.0,,0.0,1,0.01,0.01,SPY220819C00445000,445.0,normalDay
2022-08-19,17272.0,-386.0,1.0,100,422.14,426.0,0,0.0,0.0,,0.0,1,0.01,0.0,SPY220819C00445000,445.0,expirationDay
2022-08-22,17272.0,-1265.0,0.0,100,413.35,426.0,0,0.0,0.0,,0.0,0,0.0,0.0,,0.0,bidTooLow
2022-08-23,17272.0,-1365.0,0.0,100,412.35,426.0,0,0.0,0.0,,0.0,0,0.0,0.0,,0.0,bidTooLow
2022-08-24,17272.0,-1233.0,0.0,100,413.67,426.0,0,0.0,0.0,,0.0,0,0.0,0.0,,0.0,bidTooLow
2022-08-25,17272.0,-649.0,0.0,100,419.51,426.0,0,0.0,0.0,,0.0,0,0.0,0.0,,0.0,bidTooLow
2022-08-26,17272.0,-2069.0,0.0,100,405.31,426.0,0,0.0,0.0,,0.0,0,0.0,0.0,,0.0,bidTooLow
2022-08-29,17272.0,-2337.0,0.0,100,402.63,426.0,0,0.0,0.0,,0.0,0,0.0,0.0,,0.0,bidTooLow
2022-08-30,17272.0,-2779.0,0.0,100,398.21,426.0,0,0.0,0.0,,0.0,0,0.0,0.0,,0.0,bidTooLow
2022-08-31,17272.0,-3082.0,0.0,100,395.18,426.0,0,0.0,0.0,,0.0,0,0.0,0.0,,0.0,bidTooLow
2022-09-01,17272.0,-2958.0,0.0,100,396.42,426.0,0,0.0,0.0,,0.0,0,0.0,0.0,,0.0,bidTooLow
2022-09-02,17272.0,-3376.0,0.0,100,392.24,426.0,0,0.0,0.0,,0.0,0,0.0,0.0,,0.0,bidTooLow
2022-09-06,17272.0,-3524.0,0.0,100,390.76,426.0,0,0.0,0.0,,0.0,0,0.0,0.0,,0.0,bidTooLow
2022-09-07,17272.0,-2822.0,0.0,100,397.78,426.0,0,0.0,0.0,,0.0,0,0.0,0.0,,0.0,bidTooLow
2022-09-08,17272.0,-2562.0,0.0,100,400.38,426.0,0,0.0,0.0,,0.0,0,0.0,0.0,,0.0,bidTooLow
2022-09-09,17272.0,-1940.0,0.0,100,406.6,426.0,0,0.0,0.0,,0.0,0,0.0,0.0,,0.0,bidTooLow
2022-09-12,17272.0,-1503.0,0.0,100,410.97,426.0,0,0.0,0.0,,0.0,0,0.0,0.0,,0.0,bidTooLow
2022-09-13,17272.0,-3290.0,0.0,100,393.1,426.0,0,0.0,0.0,,0.0,0,0.0,0.0,,0.0,bidTooLow
2022-09-14,17272.0,-3140.0,0.0,100,394.6,426.0,0,0.0,0.0,,0.0,0,0.0,0.0,,0.0,bidTooLow
2022-09-15,17272.0,-3588.0,0.0,100,390.12,426.0,0,0.0,0.0,,0.0,0,0.0,0.0,,0.0,bidTooLow
2022-09-16,17272.0,-4044.0,0.0,100,385.56,426.0,0,0.0,0.0,,0.0,0,0.0,0.0,,0.0,bidTooLow
2022-09-19,17272.0,-3745.0,0.0,100,388.55,426.0,0,0.0,0.0,,0.0,0,0.0,0.0,,0.0,bidTooLow
2022-09-20,17272.0,-4191.0,0.0,100,384.09,426.0,0,0.0,0.0,,0.0,0,0.0,0.0,,0.0,bidTooLow
2022-09-21,17272.0,-4861.0,0.0,100,377.39,426.0,0,0.0,0.0,,0.0,0,0.0,0.0,,0.0,bidTooLow
2022-09-22,17272.0,-5178.0,0.0,100,374.22,426.0,0,0.0,0.0,,0.0,0,0.0,0.0,,0.0,bidTooLow
2022-09-23,17272.0,-5805.0,0.0,100,367.95,426.0,0,0.0,0.0,,0.0,0,0.0,0.0,,0.0,bidTooLow
2022-09-26,17272.0,-6169.0,0.0,100,364.31,426.0,0,0.0,0.0,,0.0,0,0.0,0.0,,0.0,bidTooLow
2022-09-27,17272.0,-6262.0,0.0,100,363.38,426.0,0,0.0,0.0,,0.0,0,0.0,0.0,,0.0,bidTooLow
2022-09-28,17272.0,-5547.0,0.0,100,370.53,426.0,0,0.0,0.0,,0.0,0,0.0,0.0,,0.0,bidTooLow
2022-09-29,17272.0,-6321.0,0.0,100,362.79,426.0,0,0.0,0.0,,0.0,0,0.0,0.0,,0.0,bidTooLow
2022-09-30,17272.0,-6882.0,0.0,100,357.18,426.0,0,0.0,0.0,,0.0,0,0.0,0.0,,0.0,bidTooLow
2022-10-03,17272.0,-5939.0,0.0,100,366.61,426.0,0,0.0,0.0,,0.0,0,0.0,0.0,,0.0,bidTooLow
2022-10-04,17272.0,-4803.0,0.0,100,377.97,426.0,0,0.0,0.0,,0.0,0,0.0,0.0,,0.0,bidTooLow
2022-10-05,17272.0,-4891.0,0.0,100,377.09,426.0,0,0.0,0.0,,0.0,0,0.0,0.0,,0.0,bidTooLow
2022-10-06,17272.0,-5280.0,0.0,100,373.2,426.0,0,0.0,0.0,,0.0,0,0.0,0.0,,0.0,bidTooLow
2022-10-07,17272.0,-6321.0,0.0,100,362.79,426.0,0,0.0,0.0,,0.0,0,0.0,0.0,,0.0,bidTooLow
2022-10-10,17272.0,-6598.0,0.0,100,360.02,426.0,0,0.0,0.0,,0.0,0,0.0,0.0,,0.0,bidTooLow
2022-10-11,17272.0,-6826.0,0.0,100,357.74,426.0,0,0.0,0.0,,0.0,0,0.0,0.0,,0.0,bidTooLow
2022-10-12,17272.0,-6944.0,0.0,100,356.56,426.0,0,0.0,0.0,,0.0,0,0.0,0.0,,0.0,bidTooLow
2022-10-13,17272.0,-6003.0,0.0,100,365.97,426.0,0,0.0,0.0,,0.0,0,0.0,0.0,,0.0,bidTooLow
2022-10-14,17272.0,-6837.0,0.0,100,357.63,426.0,0,0.0,0.0,,0.0,0,0.0,0.0,,0.0,bidTooLow
2022-10-17,17272.0,-5918.0,0.0,100,366.82,426.0,0,0.0,0.0,,0.0,0,0.0,0.0,,0.0,bidTooLow
2022-10-18,17272.0,-5490.0,0.0,100,371.13,426.0,0,0.0,0.0,,0.0,1,0.24,0.27,SPY221021C00388000,388.0,normalDay
2022-10-19,17272.0,-5731.0,0.0,100,368.5,426.0,0,0.0,0.0,,0.0,1,0.24,0.05,SPY221021C00388000,388.0,normalDay
2022-10-20,17272.0,-6037.0,0.0,100,365.41,426.0,0,0.0,0.0,,0.0,1,0.24,0.02,SPY221021C00388000,388.0,normalDay
2022-10-21,17296.0,-5171.0,24.0,100,374.29,426.0,0,0.0,0.0,,0.0,1,0.24,0.0,SPY221021C00388000,388.0,expirationDay
2022-10-24,17296.0,-4716.0,0.0,100,378.87,426.0,0,0.0,0.0,,0.0,1,0.57,0.6,SPY221026C00388000,388.0,normalDay
2022-10-25,17296.0,-4110.0,0.0,100,384.92,426.0,0,0.0,0.0,,0.0,1,0.57,0.59,SPY221026C00388000,388.0,normalDay
2022-10-26,17353.0,-4398.0,57.0,100,382.02,426.0,0,0.0,0.0,,0.0,1,0.57,0.0,SPY221026C00388000,388.0,expirationDay
2022-10-27,17353.0,-4602.0,0.0,100,379.98,426.0,0,0.0,0.0,,0.0,0,0.0,0.0,,0.0,bidTooLow
2022-10-28,17353.0,-3701.0,0.0,100,389.02,426.0,0,0.0,0.0,,0.0,1,0.05,0.08,SPY221031C00399000,399.0,normalDay
2022-10-31,17358.0,-3979.0,5.0,100,386.21,426.0,0,0.0,0.0,,0.0,1,0.05,0.0,SPY221031C00399000,399.0,expirationDay
2022-11-01,17358.0,-4151.0,0.0,100,384.52,426.0,0,0.0,0.0,,0.0,1,0.29,0.32,SPY221104C00403000,403.0,normalDay
2022-11-02,17358.0,-5087.0,0.0,100,374.87,426.0,0,0.0,0.0,,0.0,1,0.29,0.03,SPY221104C00403000,403.0,normalDay
2022-11-03,17358.0,-5471.0,0.0,100,371.01,426.0,0,0.0,0.0,,0.0,1,0.29,0.01,SPY221104C00403000,403.0,normalDay
2022-11-04,17387.0,-4965.0,29.0,100,376.35,426.0,0,0.0,0.0,,0.0,1,0.29,0.0,SPY221104C00403000,403.0,expirationDay
2022-11-07,17387.0,-4605.0,0.0,100,379.95,426.0,0,0.0,0.0,,0.0,0,0.0,0.0,,0.0,bidTooLow
2022-11-08,17387.0,-4403.0,0.0,100,382.0,426.0,0,0.0,0.0,,0.0,1,0.14,0.17,SPY221111C00403000,403.0,normalDay
2022-11-09,17387.0,-5175.0,0.0,100,374.13,426.0,0,0.0,0.0,,0.0,1,0.14,0.02,SPY221111C00403000,403.0,normalDay
2022-11-10,17387.0,-3135.0,0.0,100,394.69,426.0,0,0.0,0.0,,0.0,1,0.14,0.18,SPY221111C00403000,403.0,normalDay
2022-11-11,17401.0,-2749.0,14.0,100,398.51,426.0,0,0.0,0.0,,0.0,1,0.14,0.0,SPY221111C00403000,403.0,expirationDay
2022-11-14,17401.0,-3091.0,0.0,100,395.12,426.0,0,0.0,0.0,,0.0,1,0.09,0.12,SPY221116C00408000,408.0,normalDay
2022-11-15,17401.0,-2751.0,0.0,100,398.49,426.0,0,0.0,0.0,,0.0,1,0.09,0.09,SPY221116C00408000,408.0,normalDay
2022-11-16,17410.0,-3055.0,9.0,100,395.45,426.0,0,0.0,0.0,,0.0,1,0.09,0.0,SPY221116C00408000,408.0,expirationDay
2022-11-17,17410.0,-3176.0,0.0,100,394.24,426.0,0,0.0,0.0,,0.0,0,0.0,0.0,,0.0,bidTooLow
2022-11-18,17410.0,-2997.0,0.0,100,396.03,426.0,0,0.0,0.0,,0.0,0,0.0,0.0,,0.0,bidTooLow
2022-11-21,17410.0,-3141.0,0.0,100,394.59,426.0,0,0.0,0.0,,0.0,0,0.0,0.0,,0.0,bidTooLow
2022-11-22,17410.0,-2610.0,0.0,100,399.9,426.0,0,0.0,0.0,,0.0,0,0.0,0.0,,0.0,bidTooLow
2022-11-23,17410.0,-2358.0,0.0,100,402.42,426.0,0,0.0,0.0,,0.0,0,0.0,0.0,,0.0,bidTooLow
2022-11-25,17410.0,-2367.0,0.0,100,402.33,426.0,0,0.0,0.0,,0.0,0,0.0,0.0,,0.0,bidTooLow
2022-11-28,17410.0,-3009.0,0.0,100,395.91,426.0,0,0.0,0.0,,0.0,0,0.0,0.0,,0.0,bidTooLow
2022-11-29,17410.0,-3077.0,0.0,100,395.23,426.0,0,0.0,0.0,,0.0,0,0.0,0.0,,0.0,bidTooLow
2022-11-30,17410.0,-1835.0,0.0,100,407.68,426.0,0,0.0,0.0,,0.0,1,0.01,0.04,SPY221202C00424000,424.0,normalDay
2022-12-01,17410.0,-1863.0,0.0,100,407.38,426.0,0,0.0,0.0,,0.0,1,0.01,0.02,SPY221202C00424000,424.0,normalDay
2022-12-02,17411.0,-1909.0,1.0,100,406.91,426.0,0,0.0,0.0,,0.0,1,0.01,0.0,SPY221202C00424000,424.0,expirationDay
2022-12-05,17411.0,-2641.0,0.0,100,399.59,426.0,0,0.0,0.0,,0.0,0,0.0,0.0,,0.0,bidTooLow
2022-12-06,17411.0,-3217.0,0.0,100,393.83,426.0,0,0.0,0.0,,0.0,0,0.0,0.0,,0.0,bidTooLow
2022-12-07,17411.0,-3284.0,0.0,100,393.16,426.0,0,0.0,0.0,,0.0,0,0.0,0.0,,0.0,bidTooLow
2022-12-08,17411.0,-2976.0,0.0,100,396.24,426.0,0,0.0,0.0,,0.0,0,0.0,0.0,,0.0,bidTooLow
2022-12-09,17411.0,-3272.0,0.0,100,393.28,426.0,0,0.0,0.0,,0.0,0,0.0,0.0,,0.0,bidTooLow
2022-12-12,17411.0,-2708.0,0.0,100,398.95,426.0,0,0.0,0.0,,0.0,1,1.36,1.39,SPY221215C00413000,413.0,normalDay
2022-12-13,17411.0,-2357.0,0.0,100,401.97,426.0,0,0.0,0.0,,0.0,1,1.36,0.9,SPY221215C00413000,413.0,normalDay
2022-12-14,17411.0,-2526.0,0.0,100,399.4,426.0,0,0.0,0.0,,0.0,1,1.36,0.02,SPY221215C00413000,413.0,normalDay
2022-12-15,17547.0,-3637.0,136.0,100,389.63,426.0,0,0.0,0.0,,0.0,1,1.36,0.0,SPY221215C00413000,413.0,expirationDay
2022-12-16,17547.0,-4273.0,0.0,100,383.27,426.0,0,0.0,0.0,,0.0,0,0.0,0.0,,0.0,bidTooLow
2022-12-19,17547.0,-4598.0,0.0,100,380.02,426.0,0,0.0,0.0,,0.0,0,0.0,0.0,,0.0,bidTooLow
2022-12-20,17547.0,-4546.0,0.0,100,380.54,426.0,0,0.0,0.0,,0.0,0,0.0,0.0,,0.0,bidTooLow
2022-12-21,17547.0,-3977.0,0.0,100,386.23,426.0,0,0.0,0.0,,0.0,0,0.0,0.0,,0.0,bidTooLow
2022-12-22,17547.0,-4528.0,0.0,100,380.72,426.0,0,0.0,0.0,,0.0,0,0.0,0.0,,0.0,bidTooLow
2022-12-23,17547.0,-4309.0,0.0,100,382.91,426.0,0,0.0,0.0,,0.0,0,0.0,0.0,,0.0,bidTooLow
2022-12-27,17547.0,-4460.0,0.0,100,381.4,426.0,0,0.0,0.0,,0.0,0,0.0,0.0,,0.0,bidTooLow
2022-12-28,17547.0,-4934.0,0.0,100,376.66,426.0,0,0.0,0.0,,0.0,0,0.0,0.0,,0.0,bidTooLow
2022-12-29,17547.0,-4256.0,0.0,100,383.44,426.0,0,0.0,0.0,,0.0,0,0.0,0.0,,0.0,bidTooLow
2022-12-30,17547.0,-4357.0,0.0,100,382.43,426.0,0,0.0,0.0,,0.0,0,0.0,0.0,,0.0,bidTooLow
2023-01-03,17547.0,-4518.0,0.0,100,380.82,426.0,0,0.0,0.0,,0.0,0,0.0,0.0,,0.0,bidTooLow
2023-01-04,17547.0,-4224.0,0.0,100,383.76,426.0,0,0.0,0.0,,0.0,0,0.0,0.0,,0.0,bidTooLow
2023-01-05,17547.0,-4662.0,0.0,100,379.38,426.0,0,0.0,0.0,,0.0,0,0.0,0.0,,0.0,bidTooLow
2023-01-06,17547.0,-3792.0,0.0,100,388.08,426.0,0,0.0,0.0,,0.0,0,0.0,0.0,,0.0,bidTooLow
2023-01-09,17547.0,-3817.0,0.0,100,387.86,426.0,0,0.0,0.0,,0.0,1,0.05,0.08,SPY230112C00408000,408.0,normalDay
2023-01-10,17547.0,-3546.0,0.0,100,390.58,426.0,0,0.0,0.0,,0.0,1,0.05,0.09,SPY230112C00408000,408.0,normalDay
2023-01-11,17547.0,-3065.0,0.0,100,395.52,426.0,0,0.0,0.0,,0.0,1,0.05,0.22,SPY230112C00408000,408.0,normalDay
2023-01-12,17552.0,-2904.0,5.0,100,396.96,426.0,0,0.0,0.0,,0.0,1,0.05,0.0,SPY230112C00408000,408.0,expirationDay
2023-01-13,17552.0,-2750.0,0.0,100,398.5,426.0,0,0.0,0.0,,0.0,0,0.0,0.0,,0.0,bidTooLow
2023-01-17,17552.0,-2826.0,0.0,100,397.77,426.0,0,0.0,0.0,,0.0,1,0.2,0.23,SPY230120C00406000,406.0,normalDay
2023-01-18,17552.0,-3434.0,0.0,100,391.49,426.0,0,0.0,0.0,,0.0,1,0.2,0.03,SPY230120C00406000,406.0,normalDay
2023-01-19,17552.0,-3717.0,0.0,100,388.64,426.0,0,0.0,0.0,,0.0,1,0.2,0.01,SPY230120C00406000,406.0,normalDay
2023-01-20,17572.0,-3012.0,20.0,100,395.88,426.0,0,0.0,0.0,,0.0,1,0.2,0.0,SPY230120C00406000,406.0,expirationDay
2023-01-23,17572.0,-2540.0,0.0,100,400.63,426.0,0,0.0,0.0,,0.0,1,0.16,0.19,SPY230126C00410000,410.0,normalDay
2023-01-24,17572.0,-2578.0,0.0,100,400.2,426.0,0,0.0,0.0,,0.0,1,0.16,0.14,SPY230126C00410000,410.0,normalDay
2023-01-25,17572.0,-2551.0,0.0,100,400.35,426.0,0,0.0,0.0,,0.0,1,0.16,0.02,SPY230126C00410000,410.0,normalDay
2023-01-26,17588.0,-2125.0,16.0,100,404.75,426.0,0,0.0,0.0,,0.0,1,0.16,0.0,SPY230126C00410000,410.0,expirationDay
2023-01-27,17588.0,-2032.0,0.0,100,405.68,426.0,0,0.0,0.0,,0.0,0,0.0,0.0,,0.0,bidTooLow
2023-01-30,17588.0,-2544.0,0.0,100,400.59,426.0,0,0.0,0.0,,0.0,1,0.13,0.16,SPY230202C00417000,417.0,normalDay
2023-01-31,17588.0,-1968.0,0.0,100,406.48,426.0,0,0.0,0.0,,0.0,1,0.13,0.29,SPY230202C00417000,417.0,normalDay
2023-02-01,17588.0,-1529.0,0.0,100,410.8,426.0,0,0.0,0.0,,0.0,1,0.13,0.22,SPY230202C00417000,417.0,normalDay
2023-02-02,17601.0,-922.0,13.0,100,416.78,426.0,0,0.0,0.0,,0.0,1,0.13,0.0,SPY230202C00417000,417.0,expirationDay
2023-02-03,17601.0,-1365.0,0.0,100,412.35,426.0,0,0.0,0.0,,0.0,0,0.0,0.0,,0.0,bidTooLow
2023-02-06,17601.0,-1620.0,0.0,100,409.83,426.0,0,0.0,0.0,,0.0,1,0.03,0.06,SPY230209C00425000,425.0,normalDay
2023-02-07,17601.0,-1085.0,0.0,100,415.19,426.0,0,0.0,0.0,,0.0,1,0.03,0.07,SPY230209C00425000,425.0,normalDay
2023-02-08,17601.0,-1533.0,0.0,100,410.65,426.0,0,0.0,0.0,,0.0,1,0.03,0.01,SPY230209C00425000,425.0,normalDay
2023-02-09,17604.0,-1891.0,3.0,100,407.09,426.0,0,0.0,0.0,,0.0,1,0.03,0.0,SPY230209C00425000,425.0,expirationDay
2023-02-10,17604.0,-1796.0,0.0,100,408.04,426.0,0,0.0,0.0,,0.0,0,0.0,0.0,,0.0,bidTooLow
2023-02-13,17604.0,-1320.0,0.0,100,412.83,426.0,0,0.0,0.0,,0.0,1,0.18,0.21,SPY230216C00428000,428.0,normalDay
2023-02-14,17604.0,-1320.0,0.0,100,412.64,426.0,0,0.0,0.0,,0.0,1,0.18,0.02,SPY230216C00428000,428.0,normalDay
2023-02-15,17604.0,-1185.0,0.0,100,413.98,426.0,0,0.0,0.0,,0.0,1,0.18,0.01,SPY230216C00428000,428.0,normalDay
2023-02-16,17622.0,-1772.0,18.0,100,408.28,426.0,0,0.0,0.0,,0.0,1,0.18,0.0,SPY230216C00428000,428.0,expirationDay
2023-02-17,17622.0,-1874.0,0.0,100,407.26,426.0,0,0.0,0.0,,0.0,0,0.0,0.0,,0.0,bidTooLow
2023-02-21,17622.0,-2691.0,0.0,100,399.09,426.0,0,0.0,0.0,,0.0,0,0.0,0.0,,0.0,bidTooLow
2023-02-22,17622.0,-2746.0,0.0,100,398.54,426.0,0,0.0,0.0,,0.0,0,0.0,0.0,,0.0,bidTooLow
2023-02-23,17622.0,-2534.0,0.0,100,400.66,426.0,0,0.0,0.0,,0.0,0,0.0,0.0,,0.0,bidTooLow
2023-02-24,17622.0,-2962.0,0.0,100,396.38,426.0,0,0.0,0.0,,0.0,0,0.0,0.0,,0.0,bidTooLow
2023-02-27,17622.0,-2827.0,0.0,100,397.73,426.0,0,0.0,0.0,,0.0,0,0.0,0.0,,0.0,bidTooLow
2023-02-28,17622.0,-2974.0,0.0,100,396.26,426.0,0,0.0,0.0,,0.0,0,0.0,0.0,,0.0,bidTooLow
2023-03-01,17622.0,-3126.0,0.0,100,394.74,426.0,0,0.0,0.0,,0.0,0,0.0,0.0,,0.0,bidTooLow
2023-03-02,17622.0,-2819.0,0.0,100,397.81,426.0,0,0.0,0.0,,0.0,0,0.0,0.0,,0.0,bidTooLow
2023-03-03,17622.0,-2181.0,0.0,100,404.19,426.0,0,0.0,0.0,,0.0,0,0.0,0.0,,0.0,bidTooLow
2023-03-06,17622.0,-2153.0,0.0,100,404.47,426.0,0,0.0,0.0,,0.0,0,0.0,0.0,,0.0,bidTooLow
2023-03-07,17622.0,-2773.0,0.0,100,398.27,426.0,0,0.0,0.0,,0.0,0,0.0,0.0,,0.0,bidTooLow
2023-03-08,17622.0,-2708.0,0.0,100,398.92,426.0,0,0.0,0.0,,0.0,0,0.0,0.0,,0.0,bidTooLow
2023-03-09,17622.0,-3444.0,0.0,100,391.56,426.0,0,0.0,0.0,,0.0,0,0.0,0.0,,0.0,bidTooLow
2023-03-10,17622.0,-4009.0,0.0,100,385.91,426.0,0,0.0,0.0,,0.0,0,0.0,0.0,,0.0,bidTooLow
2023-03-13,17622.0,-4064.0,0.0,100,385.36,426.0,0,0.0,0.0,,0.0,0,0.0,0.0,,0.0,bidTooLow
2023-03-14,17622.0,-3427.0,0.0,100,391.73,426.0,0,0.0,0.0,,0.0,0,0.0,0.0,,0.0,bidTooLow
2023-03-15,17622.0,-3672.0,0.0,100,389.28,426.0,0,0.0,0.0,,0.0,0,0.0,0.0,,0.0,bidTooLow
2023-03-16,17622.0,-2989.0,0.0,100,396.11,426.0,0,0.0,0.0,,0.0,0,0.0,0.0,,0.0,bidTooLow
2023-03-17,17622.0,-3601.0,0.0,100,389.99,426.0,0,0.0,0.0,,0.0,0,0.0,0.0,,0.0,bidTooLow
2023-03-20,17622.0,-3229.0,0.0,100,393.74,426.0,0,0.0,0.0,,0.0,1,0.06,0.09,SPY230323C00411000,411.0,normalDay
2023-03-21,17622.0,-2723.0,0.0,100,398.91,426.0,0,0.0,0.0,,0.0,1,0.06,0.2,SPY230323C00411000,411.0,normalDay
2023-03-22,17622.0,-3384.0,0.0,100,392.11,426.0,0,0.0,0.0,,0.0,1,0.06,0.01,SPY230323C00411000,411.0,normalDay
2023-03-23,17628.0,-3283.0,6.0,100,393.17,426.0,0,0.0,0.0,,0.0,1,0.06,0.0,SPY230323C00411000,411.0,expirationDay
2023-03-24,17628.0,-3025.0,0.0,100,395.75,426.0,0,0.0,0.0,,0.0,0,0.0,0.0,,0.0,bidTooLow
2023-03-27,17628.0,-2954.0,0.0,100,396.49,426.0,0,0.0,0.0,,0.0,1,0.01,0.04,SPY230330C00410000,410.0,normalDay
2023-03-28,17628.0,-3041.0,0.0,100,395.6,426.0,0,0.0,0.0,,0.0,1,0.01,0.02,SPY230330C00410000,410.0,normalDay
2023-03-29,17628.0,-2466.0,0.0,100,401.35,426.0,0,0.0,0.0,,0.0,1,0.01,0.02,SPY230330C00410000,410.0,normalDay
2023-03-30,17629.0,-2230.0,1.0,100,403.7,426.0,0,0.0,0.0,,0.0,1,0.01,0.0,SPY230330C00410000,410.0,expirationDay
2023-03-31,17629.0,-1664.0,0.0,100,409.39,426.0,0,0.0,0.0,,0.0,1,0.17,0.2,SPY230403C00414000,414.0,normalDay
2023-04-03,17646.0,-1505.0,17.0,100,410.95,426.0,0,0.0,0.0,,0.0,1,0.17,0.0,SPY230403C00414000,414.0,expirationDay
2023-04-04,17646.0,-1736.0,0.0,100,408.67,426.0,0,0.0,0.0,,0.0,1,0.01,0.04,SPY230406C00418000,418.0,normalDay
2023-04-05,17646.0,-1840.0,0.0,100,407.6,426.0,0,0.0,0.0,,0.0,1,0.01,0.01,SPY230406C00418000,418.0,normalDay
2023-04-06,17647.0,-1681.0,1.0,100,409.19,426.0,0,0.0,0.0,,0.0,1,0.01,0.0,SPY230406C00418000,418.0,expirationDay
2023-04-10,17647.0,-1642.0,0.0,100,409.61,426.0,0,0.0,0.0,,0.0,1,0.01,0.04,SPY230413C00423000,423.0,normalDay
2023-04-11,17647.0,-1630.0,0.0,100,409.72,426.0,0,0.0,0.0,,0.0,1,0.01,0.03,SPY230413C00423000,423.0,normalDay
2023-04-12,17647.0,-1795.0,0.0,100,408.05,426.0,0,0.0,0.0,,0.0,1,0.01,0.01,SPY230413C00423000,423.0,normalDay
2023-04-13,17648.0,-1253.0,1.0,100,413.47,426.0,0,0.0,0.0,,0.0,1,0.01,0.0,SPY230413C00423000,423.0,expirationDay
2023-04-14,17648.0,-1354.0,0.0,100,412.46,426.0,0,0.0,0.0,,0.0,0,0.0,0.0,,0.0,bidTooLow
2023-04-17,17648.0,-1206.0,0.0,100,413.94,426.0,0,0.0,0.0,,0.0,0,0.0,0.0,,0.0,bidTooLow
2023-04-18,17648.0,-1179.0,0.0,100,414.21,426.0,0,0.0,0.0,,0.0,0,0.0,0.0,,0.0,bidTooLow
2023-04-19,17648.0,-1186.0,0.0,100,414.14,426.0,0,0.0,0.0,,0.0,0,0.0,0.0,,0.0,bidTooLow
2023-04-20,17648.0,-1412.0,0.0,100,411.88,426.0,0,0.0,0.0,,0.0,0,0.0,0.0,,0.0,bidTooLow
2023-04-21,17648.0,-1380.0,0.0,100,412.2,426.0,0,0.0,0.0,,0.0,0,0.0,0.0,,0.0,bidTooLow
2023-04-24,17648.0,-1337.0,0.0,100,412.63,426.0,0,0.0,0.0,,0.0,0,0.0,0.0,,0.0,bidTooLow
2023-04-25,17648.0,-1992.0,0.0,100,406.08,426.0,0,0.0,0.0,,0.0,0,0.0,0.0,,0.0,bidTooLow
2023-04-26,17648.0,-2164.0,0.0,100,404.36,426.0,0,0.0,0.0,,0.0,0,0.0,0.0,,0.0,bidTooLow
2023-04-27,17648.0,-1362.0,0.0,100,412.41,426.0,0,0.0,0.0,,0.0,1,0.01,0.04,SPY230428C00420000,420.0,normalDay
2023-04-28,17649.0,-1007.0,1.0,100,415.93,426.0,0,0.0,0.0,,0.0,1,0.01,0.0,SPY230428C00420000,420.0,expirationDay
2023-05-01,17649.0,-1052.0,0.0,100,415.51,426.0,0,0.0,0.0,,0.0,1,0.57,0.6,SPY230504C00421000,421.0,normalDay
2023-05-02,17649.0,-1470.0,0.0,100,410.84,426.0,0,0.0,0.0,,0.0,1,0.57,0.11,SPY230504C00421000,421.0,normalDay
2023-05-03,17649.0,-1742.0,0.0,100,408.02,426.0,0,0.0,0.0,,0.0,1,0.57,0.01,SPY230504C00421000,421.0,normalDay
2023-05-04,17706.0,-2087.0,57.0,100,405.13,426.0,0,0.0,0.0,,0.0,1,0.57,0.0,SPY230504C00421000,421.0,expirationDay
2023-05-05,17706.0,-1337.0,0.0,100,412.63,426.0,0,0.0,0.0,,0.0,0,0.0,0.0,,0.0,bidTooLow
2023-05-08,17706.0,-1329.0,0.0,100,412.74,426.0,0,0.0,0.0,,0.0,1,0.08,0.11,SPY230511C00421000,421.0,normalDay
2023-05-09,17706.0,-1505.0,0.0,100,410.93,426.0,0,0.0,0.0,,0.0,1,0.08,0.06,SPY230511C00421000,421.0,normalDay
2023-05-10,17706.0,-1309.0,0.0,100,412.85,426.0,0,0.0,0.0,,0.0,1,0.08,0.02,SPY230511C00421000,421.0,normalDay
2023-05-11,17714.0,-1387.0,8.0,100,412.13,426.0,0,0.0,0.0,,0.0,1,0.08,0.0,SPY230511C00421000,421.0,expirationDay
2023-05-12,17714.0,-1441.0,0.0,100,411.59,426.0,0,0.0,0.0,,0.0,0,0.0,0.0,,0.0,bidTooLow
2023-05-15,17714.0,-1302.0,0.0,100,413.01,426.0,0,0.0,0.0,,0.0,1,0.03,0.06,SPY230518C00421000,421.0,normalDay
2023-05-16,17714.0,-1575.0,0.0,100,410.25,426.0,0,0.0,0.0,,0.0,1,0.03,0.03,SPY230518C00421000,421.0,normalDay
2023-05-17,17714.0,-1078.0,0.0,100,415.23,426.0,0,0.0,0.0,,0.0,1,0.03,0.04,SPY230518C00421000,421.0,normalDay
2023-05-18,17717.0,-677.0,3.0,100,419.23,426.0,0,0.0,0.0,,0.0,1,0.03,0.0,SPY230518C00421000,421.0,expirationDay
2023-05-19,17717.0,-741.0,0.0,100,418.62,426.0,0,0.0,0.0,,0.0,1,0.06,0.09,SPY230522C00424000,424.0,normalDay
2023-05-22,17723.0,-721.0,6.0,100,418.79,426.0,0,0.0,0.0,,0.0,1,0.06,0.0,SPY230522C00424000,424.0,expirationDay
2023-05-23,17723.0,-1194.0,0.0,100,414.09,426.0,0,0.0,0.0,,0.0,1,0.03,0.06,SPY230526C00425000,425.0,normalDay
2023-05-24,17723.0,-1490.0,0.0,100,411.09,426.0,0,0.0,0.0,,0.0,1,0.03,0.02,SPY230526C00425000,425.0,normalDay
2023-05-25,17723.0,-1134.0,0.0,100,414.65,426.0,0,0.0,0.0,,0.0,1,0.03,0.02,SPY230526C00425000,425.0,normalDay
2023-05-26,17726.0,-598.0,3.0,100,420.02,426.0,0,0.0,0.0,,0.0,1,0.03,0.0,SPY230526C00425000,425.0,expirationDay
2023-05-30,17726.0,-585.0,0.0,100,420.18,426.0,0,0.0,0.0,,0.0,1,0.52,0.55,SPY230602C00426000,426.0,normalDay
2023-05-31,17726.0,-773.0,0.0,100,417.85,426.0,0,0.0,0.0,,0.0,1,0.52,0.1,SPY230602C00426000,426.0,normalDay
2023-06-01,17726.0,-383.0,0.0,100,421.82,426.0,0,0.0,0.0,,0.0,1,0.52,0.17,SPY230602C00426000,426.0,normalDay
2023-06-02,17778.0,-383.0,52.0,0,427.92,0.0,0,0.0,0.0,,0.0,1,0.52,0.0,SPY230602C00426000,426.0,expirationDay
2023-06-05,17778.0,-6.0,0.0,0,427.1,0.0,1,7.93,7.99,SPY231020P00405000,405.0,0,0.0,0.0,,0.0,normalDay
2023-06-06,17778.0,66.0,0.0,0,428.03,0.0,1,7.93,7.27,SPY231020P00405000,405.0,0,0.0,0.0,,0.0,normalDay
2023-06-07,17778.0,46.0,0.0,0,426.55,0.0,1,7.93,7.47,SPY231020P00405000,405.0,0,0.0,0.0,,0.0,normalDay
2023-06-08,17778.0,112.0,0.0,0,429.13,0.0,1,7.93,6.81,SPY231020P00405000,405.0,0,0.0,0.0,,0.0,normalDay
2023-06-09,17778.0,131.0,0.0,0,429.9,0.0,1,7.93,6.62,SPY231020P00405000,405.0,0,0.0,0.0,,0.0,normalDay
2023-06-12,17778.0,180.0,0.0,0,433.8,0.0,1,7.93,6.13,SPY231020P00405000,405.0,0,0.0,0.0,,0.0,normalDay
2023-06-13,17778.0,225.0,0.0,0,436.66,0.0,1,7.93,5.68,SPY231020P00405000,405.0,0,0.0,0.0,,0.0,normalDay
2023-06-14,17778.0,252.0,0.0,0,437.18,0.0,1,7.93,5.41,SPY231020P00405000,405.0,0,0.0,0.0,,0.0,normalDay
2023-06-15,17778.0,293.0,0.0,0,442.6,0.0,1,7.93,5.0,SPY231020P00405000,405.0,0,0.0,0.0,,0.0,normalDay
2023-06-16,17778.0,301.0,0.0,0,439.46,0.0,1,7.93,4.92,SPY231020P00405000,405.0,0,0.0,0.0,,0.0,normalDay
2023-06-20,17778.0,255.0,0.0,0,437.18,0.0,1,7.93,5.38,SPY231020P00405000,405.0,0,0.0,0.0,,0.0,normalDay
2023-06-21,17778.0,247.0,0.0,0,434.94,0.0,1,7.93,5.46,SPY231020P00405000,405.0,0,0.0,0.0,,0.0,normalDay
2023-06-22,17778.0,285.0,0.0,0,436.51,0.0,1,7.93,5.08,SPY231020P00405000,405.0,0,0.0,0.0,,0.0,normalDay
2023-06-23,17778.0,237.0,0.0,0,433.21,0.0,1,7.93,5.56,SPY231020P00405000,405.0,0,0.0,0.0,,0.0,normalDay
2023-06-26,17778.0,222.0,0.0,0,431.44,0.0,1,7.93,5.71,SPY231020P00405000,405.0,0,0.0,0.0,,0.0,normalDay
2023-06-27,17778.0,318.0,0.0,0,436.17,0.0,1,7.93,4.75,SPY231020P00405000,405.0,0,0.0,0.0,,0.0,normalDay
2023-06-28,17778.0,360.0,0.0,0,436.39,0.0,1,7.93,4.33,SPY231020P00405000,405.0,0,0.0,0.0,,0.0,normalDay
2023-06-29,17778.0,366.0,0.0,0,438.11,0.0,1,7.93,4.27,SPY231020P00405000,405.0,0,0.0,0.0,,0.0,normalDay
2023-06-30,17778.0,425.0,0.0,0,443.28,0.0,1,7.93,3.68,SPY231020P00405000,405.0,0,0.0,0.0,,0.0,normalDay
2023-07-03,17778.0,434.0,0.0,0,443.79,0.0,1,7.93,3.59,SPY231020P00405000,405.0,0,0.0,0.0,,0.0,normalDay
2023-07-05,17778.0,419.0,0.0,0,443.13,0.0,1,7.93,3.74,SPY231020P00405000,405.0,0,0.0,0.0,,0.0,normalDay
2023-07-06,17778.0,350.0,0.0,0,439.66,0.0,1,7.93,4.43,SPY231020P00405000,405.0,0,0.0,0.0,,0.0,normalDay
2023-07-07,17778.0,359.0,0.0,0,438.55,0.0,1,7.93,4.34,SPY231020P00405000,405.0,0,0.0,0.0,,0.0,normalDay
2023-07-10,17778.0,380.0,0.0,0,439.66,0.0,1,7.93,4.13,SPY231020P00405000,405.0,0,0.0,0.0,,0.0,normalDay
2023-07-11,17778.0,420.0,0.0,0,442.46,0.0,1,7.93,3.73,SPY231020P00405000,405.0,0,0.0,0.0,,0.0,normalDay
2023-07-12,17778.0,489.0,0.0,0,446.02,0.0,1,7.93,3.04,SPY231020P00405000,405.0,0,0.0,0.0,,0.0,normalDay
2023-07-13,17778.0,511.0,0.0,0,449.56,0.0,1,7.93,2.82,SPY231020P00405000,405.0,0,0.0,0.0,,0.0,normalDay
2023-07-14,17778.0,516.0,0.0,0,449.28,0.0,1,7.93,2.77,SPY231020P00405000,405.0,0,0.0,0.0,,0.0,normalDay
2023-07-17,17778.0,528.0,0.0,0,450.84,0.0,1,7.93,2.65,SPY231020P00405000,405.0,0,0.0,0.0,,0.0,normalDay
2023-07-18,17778.0,561.0,0.0,0,454.19,0.0,1,7.93,2.32,SPY231020P00405000,405.0,0,0.0,0.0,,0.0,normalDay
2023-07-19,17778.0,555.0,0.0,0,455.2,0.0,1,7.93,2.38,SPY231020P00405000,405.0,0,0.0,0.0,,0.0,normalDay
2023-07-20,17778.0,540.0,0.0,0,452.18,0.0,1,7.93,2.53,SPY231020P00405000,405.0,0,0.0,0.0,,0.0,normalDay
2023-07-21,17778.0,551.0,0.0,0,452.18,0.0,1,7.93,2.42,SPY231020P00405000,405.0,0,0.0,0.0,,0.0,normalDay
2023-07-24,17778.0,574.0,0.0,0,454.2,0.0,1,7.93,2.19,SPY231020P00405000,405.0,0,0.0,0.0,,0.0,normalDay
2023-07-25,17778.0,581.0,0.0,0,455.44,0.0,1,7.93,2.12,SPY231020P00405000,405.0,0,0.0,0.0,,0.0,normalDay
2023-07-26,17778.0,599.0,0.0,0,455.51,0.0,1,7.93,1.94,SPY231020P00405000,405.0,0,0.0,0.0,,0.0,normalDay
2023-07-27,17778.0,558.0,0.0,0,452.49,0.0,1,7.93,2.35,SPY231020P00405000,405.0,0,0.0,0.0,,0.0,normalDay
2023-07-28,17778.0,605.0,0.0,0,456.92,0.0,1,7.93,1.88,SPY231020P00405000,405.0,0,0.0,0.0,,0.0,normalDay
2023-07-31,17778.0,617.0,0.0,0,457.79,0.0,1,7.93,1.76,SPY231020P00405000,405.0,0,0.0,0.0,,0.0,normalDay
2023-08-01,17778.0,607.0,0.0,0,456.48,0.0,1,7.93,1.86,SPY231020P00405000,405.0,0,0.0,0.0,,0.0,normalDay
2023-08-02,17778.0,524.0,0.0,0,450.13,0.0,1,7.93,2.69,SPY231020P00405000,405.0,0,0.0,0.0,,0.0,normalDay
2023-08-03,17778.0,533.0,0.0,0,448.84,0.0,1,7.93,2.6,SPY231020P00405000,405.0,0,0.0,0.0,,0.0,normalDay
2023-08-04,17778.0,481.0,0.0,0,446.81,0.0,1,7.93,3.12,SPY231020P00405000,405.0,0,0.0,0.0,,0.0,normalDay
2023-08-07,17778.0,556.0,0.0,0,450.71,0.0,1,7.93,2.37,SPY231020P00405000,405.0,0,0.0,0.0,,0.0,normalDay
2023-08-08,17778.0,534.0,0.0,0,448.75,0.0,1,7.93,2.59,SPY231020P00405000,405.0,0,0.0,0.0,,0.0,normalDay
2023-08-09,17778.0,525.0,0.0,0,445.75,0.0,1,7.93,2.68,SPY231020P00405000,405.0,0,0.0,0.0,,0.0,normalDay
2023-08-10,17778.0,523.0,0.0,0,445.91,0.0,1,7.93,2.7,SPY231020P00405000,405.0,0,0.0,0.0,,0.0,normalDay
2023-08-11,17778.0,548.0,0.0,0,445.65,0.0,1,7.93,2.45,SPY231020P00405000,405.0,0,0.0,0.0,,0.0,normalDay
2023-08-14,17778.0,583.0,0.0,0,448.11,0.0,1,7.93,2.1,SPY231020P00405000,405.0,0,0.0,0.0,,0.0,normalDay
2023-08-15,17778.0,516.0,0.0,0,442.89,0.0,1,7.93,2.77,SPY231020P00405000,405.0,0,0.0,0.0,,0.0,normalDay
2023-08-16,17778.0,484.0,0.0,0,439.64,0.0,1,7.93,3.09,SPY231020P00405000,405.0,0,0.0,0.0,,0.0,normalDay
2023-08-17,17778.0,422.0,0.0,0,436.29,0.0,1,7.93,3.71,SPY231020P00405000,405.0,0,0.0,0.0,,0.0,normalDay
2023-08-18,17778.0,464.0,0.0,0,436.5,0.0,1,7.93,3.29,SPY231020P00405000,405.0,0,0.0,0.0,,0.0,normalDay
2023-08-21,17778.0,516.0,0.0,0,439.34,0.0,1,7.93,2.77,SPY231020P00405000,405.0,0,0.0,0.0,,0.0,normalDay
2023-08-22,17778.0,522.0,0.0,0,438.15,0.0,1,7.93,2.71,SPY231020P00405000,405.0,0,0.0,0.0,,0.0,normalDay
2023-08-23,17778.0,585.0,0.0,0,443.03,0.0,1,7.93,2.08,SPY231020P00405000,405.0,0,0.0,0.0,,0.0,normalDay
2023-08-24,17778.0,513.0,0.0,0,436.89,0.0,1,7.93,2.8,SPY231020P00405000,405.0,0,0.0,0.0,,0.0,normalDay
2023-08-25,17778.0,580.0,0.0,0,439.97,0.0,1,7.93,2.13,SPY231020P00405000,405.0,0,0.0,0.0,,0.0,normalDay
2023-08-28,17778.0,630.0,0.0,0,442.76,0.0,1,7.93,1.63,SPY231020P00405000,405.0,0,0.0,0.0,,0.0,normalDay
2023-08-29,17778.0,679.0,0.0,0,449.16,0.0,1,7.93,1.14,SPY231020P00405000,405.0,0,0.0,0.0,,0.0,normalDay
2023-08-30,17778.0,698.0,0.0,0,451.01,0.0,1,7.93,0.95,SPY231020P00405000,405.0,0,0.0,0.0,,0.0,normalDay
2023-08-31,17778.0,705.0,0.0,0,450.35,0.0,1,7.93,0.88,SPY231020P00405000,405.0,0,0.0,0.0,,0.0,normalDay
2023-09-01,17778.0,711.0,0.0,0,451.19,0.0,1,7.93,0.82,SPY231020P00405000,405.0,0,0.0,0.0,,0.0,normalDay
2023-09-05,17778.0,704.0,0.0,0,449.24,0.0,1,7.93,0.89,SPY231020P00405000,405.0,0,0.0,0.0,,0.0,normalDay
2023-09-06,17778.0,690.0,0.0,0,446.22,0.0,1,7.93,1.03,SPY231020P00405000,405.0,0,0.0,0.0,,0.0,normalDay
2023-09-07,17778.0,691.0,0.0,0,444.85,0.0,1,7.93,1.02,SPY231020P00405000,405.0,0,0.0,0.0,,0.0,normalDay
2023-09-08,17778.0,708.0,0.0,0,445.52,0.0,1,7.93,0.85,SPY231020P00405000,405.0,0,0.0,0.0,,0.0,normalDay
2023-09-11,17778.0,726.0,0.0,0,448.45,0.0,1,7.93,0.67,SPY231020P00405000,405.0,0,0.0,0.0,,0.0,normalDay
2023-09-12,17778.0,718.0,0.0,0,445.99,0.0,1,7.93,0.75,SPY231020P00405000,405.0,0,0.0,0.0,,0.0,normalDay
2023-09-13,17778.0,731.0,0.0,0,446.51,0.0,1,7.93,0.62,SPY231020P00405000,405.0,0,0.0,0.0,,0.0,normalDay
2023-09-14,17778.0,746.0,0.0,0,450.36,0.0,1,7.93,0.47,SPY231020P00405000,405.0,0,0.0,0.0,,0.0,normalDay
2023-09-15,17778.0,727.0,0.0,0,443.37,0.0,1,7.93,0.66,SPY231020P00405000,405.0,0,0.0,0.0,,0.0,normalDay
2023-09-18,17778.0,735.0,0.0,0,443.63,0.0,1,7.93,0.58,SPY231020P00405000,405.0,0,0.0,0.0,,0.0,normalDay
2023-09-19,17778.0,738.0,0.0,0,442.71,0.0,1,7.93,0.55,SPY231020P00405000,405.0,0,0.0,0.0,,0.0,normalDay
2023-09-20,17778.0,720.0,0.0,0,438.64,0.0,1,7.93,0.73,SPY231020P00405000,405.0,0,0.0,0.0,,0.0,normalDay
2023-09-21,17778.0,649.0,0.0,0,431.39,0.0,1,7.93,1.44,SPY231020P00405000,405.0,0,0.0,0.0,,0.0,normalDay
2023-09-22,17778.0,653.0,0.0,0,430.42,0.0,1,7.93,1.4,SPY231020P00405000,405.0,0,0.0,0.0,,0.0,normalDay
2023-09-25,17778.0,689.0,0.0,0,432.23,0.0,1,7.93,1.04,SPY231020P00405000,405.0,0,0.0,0.0,,0.0,normalDay
2023-09-26,17778.0,612.0,0.0,0,425.88,0.0,1,7.93,1.81,SPY231020P00405000,405.0,0,0.0,0.0,,0.0,normalDay
2023-09-27,17778.0,641.0,0.0,0,426.05,0.0,1,7.93,1.52,SPY231020P00405000,405.0,0,0.0,0.0,,0.0,normalDay
2023-09-28,17778.0,680.0,0.0,0,428.52,0.0,1,7.93,1.13,SPY231020P00405000,405.0,0,0.0,0.0,,0.0,normalDay
2023-09-29,17778.0,679.0,0.0,0,427.48,0.0,1,7.93,1.14,SPY231020P00405000,405.0,0,0.0,0.0,,0.0,normalDay
2023-10-02,17778.0,702.0,0.0,0,427.31,0.0,1,7.93,0.91,SPY231020P00405000,405.0,0,0.0,0.0,,0.0,normalDay
2023-10-03,17778.0,624.0,0.0,0,421.59,0.0,1,7.93,1.69,SPY231020P00405000,405.0,0,0.0,0.0,,0.0,normalDay
2023-10-04,17778.0,685.0,0.0,0,424.66,0.0,1,7.93,1.08,SPY231020P00405000,405.0,0,0.0,0.0,,0.0,normalDay
2023-10-05,17778.0,691.0,0.0,0,424.5,0.0,1,7.93,1.02,SPY231020P00405000,405.0,0,0.0,0.0,,0.0,normalDay
2023-10-06,17778.0,752.0,0.0,0,429.54,0.0,1,7.93,0.41,SPY231020P00405000,405.0,0,0.0,0.0,,0.0,normalDay
2023-10-09,17778.0,759.0,0.0,0,432.29,0.0,1,7.93,0.34,SPY231020P00405000,405.0,0,0.0,0.0,,0.0,normalDay
2023-10-10,17778.0,766.0,0.0,0,434.54,0.0,1,7.93,0.27,SPY231020P00405000,405.0,0,0.0,0.0,,0.0,normalDay
2023-10-11,17778.0,775.0,0.0,0,436.32,0.0,1,7.93,0.18,SPY231020P00405000,405.0,0,0.0,0.0,,0.0,normalDay
2023-10-12,17778.0,774.0,0.0,0,433.66,0.0,1,7.93,0.19,SPY231020P00405000,405.0,0,0.0,0.0,,0.0,normalDay
2023-10-13,17778.0,770.0,0.0,0,431.5,0.0,1,7.93,0.23,SPY231020P00405000,405.0,0,0.0,0.0,,0.0,normalDay
2023-10-16,17778.0,783.0,0.0,0,436.04,0.0,1,7.93,0.1,SPY231020P00405000,405.0,0,0.0,0.0,,0.0,normalDay
2023-10-17,17778.0,785.0,0.0,0,436.02,0.0,1,7.93,0.08,SPY231020P00405000,405.0,0,0.0,0.0,,0.0,normalDay
2023-10-18,17778.0,786.0,0.0,0,430.21,0.0,1,7.93,0.07,SPY231020P00405000,405.0,0,0.0,0.0,,0.0,normalDay
2023-10-19,17778.0,789.0,0.0,0,426.43,0.0,1,7.93,0.04,SPY231020P00405000,405.0,0,0.0,0.0,,0.0,normalDay
2023-10-20,18571.0,0.0,793.0,0,421.19,0.0,1,7.93,0.0,SPY231020P00405000,405.0,0,0.0,0.0,,0.0,expirationDay
2023-10-23,18571.0,-6.0,0.0,0,420.46,0.0,1,13.55,13.61,SPY240216P00418000,418.0,0,0.0,0.0,,0.0,normalDay
2023-10-24,18571.0,151.0,0.0,0,423.63,0.0,1,13.55,12.04,SPY240216P00418000,418.0,0,0.0,0.0,,0.0,normalDay
2023-10-25,18571.0,-129.0,0.0,0,417.55,0.0,1,13.55,14.84,SPY240216P00418000,418.0,0,0.0,0.0,,0.0,normalDay
2023-10-26,18571.0,-343.0,0.0,0,412.55,0.0,1,13.55,16.98,SPY240216P00418000,418.0,0,0.0,0.0,,0.0,normalDay
2023-10-27,18571.0,-466.0,0.0,0,410.68,0.0,1,13.55,18.21,SPY240216P00418000,418.0,0,0.0,0.0,,0.0,normalDay
2023-10-30,18571.0,-170.0,0.0,0,415.59,0.0,1,13.55,15.25,SPY240216P00418000,418.0,0,0.0,0.0,,0.0,normalDay
2023-10-31,18571.0,17.0,0.0,0,418.2,0.0,1,13.55,13.38,SPY240216P00418000,418.0,0,0.0,0.0,,0.0,normalDay
2023-11-01,18571.0,248.0,0.0,0,422.66,0.0,1,13.55,11.07,SPY240216P00418000,418.0,0,0.0,0.0,,0.0,normalDay
2023-11-02,18571.0,528.0,0.0,0,430.76,0.0,1,13.55,8.27,SPY240216P00418000,418.0,0,0.0,0.0,,0.0,normalDay
2023-11-03,18571.0,662.0,0.0,0,434.69,0.0,1,13.55,6.93,SPY240216P00418000,418.0,0,0.0,0.0,,0.0,normalDay
2023-11-06,18571.0,705.0,0.0,0,435.69,0.0,1,13.55,6.5,SPY240216P00418000,418.0,0,0.0,0.0,,0.0,normalDay
2023-11-07,18571.0,745.0,0.0,0,436.93,0.0,1,13.55,6.1,SPY240216P00418000,418.0,0,0.0,0.0,,0.0,normalDay
2023-11-08,18571.0,776.0,0.0,0,437.25,0.0,1,13.55,5.79,SPY240216P00418000,418.0,0,0.0,0.0,,0.0,normalDay
2023-11-09,18571.0,686.0,0.0,0,433.84,0.0,1,13.55,6.69,SPY240216P00418000,418.0,0,0.0,0.0,,0.0,normalDay
2023-11-10,18571.0,861.0,0.0,0,440.61,0.0,1,13.55,4.94,SPY240216P00418000,418.0,0,0.0,0.0,,0.0,normalDay
2023-11-13,18571.0,860.0,0.0,0,440.19,0.0,1,13.55,4.95,SPY240216P00418000,418.0,0,0.0,0.0,,0.0,normalDay
2023-11-14,18571.0,994.0,0.0,0,448.73,0.0,1,13.55,3.61,SPY240216P00418000,418.0,0,0.0,0.0,,0.0,normalDay
2023-11-15,18571.0,1001.0,0.0,0,449.68,0.0,1,13.55,3.54,SPY240216P00418000,418.0,0,0.0,0.0,,0.0,normalDay
2023-11-16,18571.0,1021.0,0.0,0,450.23,0.0,1,13.55,3.34,SPY240216P00418000,418.0,0,0.0,0.0,,0.0,normalDay
2023-11-17,18571.0,1040.0,0.0,0,450.79,0.0,1,13.55,3.15,SPY240216P00418000,418.0,0,0.0,0.0,,0.0,normalDay
2023-11-20,18571.0,1085.0,0.0,0,454.26,0.0,1,13.55,2.7,SPY240216P00418000,418.0,0,0.0,0.0,,0.0,normalDay
2023-11-21,18571.0,1085.0,0.0,0,453.27,0.0,1,13.55,2.7,SPY240216P00418000,418.0,0,0.0,0.0,,0.0,normalDay
2023-11-22,18571.0,1107.0,0.0,0,455.02,0.0,1,13.55,2.48,SPY240216P00418000,418.0,0,0.0,0.0,,0.0,normalDay
2023-11-24,18571.0,1125.0,0.0,0,455.3,0.0,1,13.55,2.3,SPY240216P00418000,418.0,0,0.0,0.0,,0.0,normalDay
2023-11-27,18571.0,1125.0,0.0,0,454.48,0.0,1,13.55,2.3,SPY240216P00418000,418.0,0,0.0,0.0,,0.0,normalDay
2023-11-28,18571.0,1134.0,0.0,0,454.93,0.0,1,13.55,2.21,SPY240216P00418000,418.0,0,0.0,0.0,,0.0,normalDay
2023-11-29,18571.0,1128.0,0.0,0,454.61,0.0,1,13.55,2.27,SPY240216P00418000,418.0,0,0.0,0.0,,0.0,normalDay
2023-11-30,18571.0,1139.0,0.0,0,456.4,0.0,1,13.55,2.16,SPY240216P00418000,418.0,0,0.0,0.0,,0.0,normalDay
