date,totalCapital,unrializedPnL,rializedPnL,stocksOwned,stocksPriceToday,stocksPriceBoughtAt,putOwned,putOwnedSoldAt,putPriceToday,putOwnedContract,putOwnedStrike,callOwned,callOwnedSoldAt,callPriceToday,callOwnedContract,callOwnedStrike,trackType
2018-11-01,0.0,-6.0,0.0,0,273.51,0.0,1,0.97,1.03,SPY181203P00252000,252.0,0,0.0,0.0,,0.0,normalDay
2018-11-02,0.0,-9.0,0.0,0,271.89,0.0,1,0.97,1.06,SPY181203P00252000,252.0,0,0.0,0.0,,0.0,normalDay
2018-11-05,0.0,10.0,0.0,0,273.39,0.0,1,0.97,0.87,SPY181203P00252000,252.0,0,0.0,0.0,,0.0,normalDay
2018-11-06,0.0,19.0,0.0,0,275.12,0.0,1,0.97,0.78,SPY181203P00252000,252.0,0,0.0,0.0,,0.0,normalDay
2018-11-07,0.0,67.0,0.0,0,281.01,0.0,1,0.97,0.3,SPY181203P00252000,252.0,0,0.0,0.0,,0.0,normalDay
2018-11-08,0.0,64.0,0.0,0,280.5,0.0,1,0.97,0.33,SPY181203P00252000,252.0,0,0.0,0.0,,0.0,normalDay
2018-11-09,0.0,59.0,0.0,0,277.76,0.0,1,0.97,0.38,SPY181203P00252000,252.0,0,0.0,0.0,,0.0,normalDay
2018-11-12,0.0,23.0,0.0,0,272.57,0.0,1,0.97,0.74,SPY181203P00252000,252.0,0,0.0,0.0,,0.0,normalDay
2018-11-13,0.0,27.0,0.0,0,272.06,0.0,1,0.97,0.7,SPY181203P00252000,252.0,0,0.0,0.0,,0.0,normalDay
2018-11-14,0.0,12.0,0.0,0,270.2,0.0,1,0.97,0.85,SPY181203P00252000,252.0,0,0.0,0.0,,0.0,normalDay
2018-11-15,0.0,48.0,0.0,0,273.02,0.0,1,0.97,0.49,SPY181203P00252000,252.0,0,0.0,0.0,,0.0,normalDay
2018-11-16,0.0,67.0,0.0,0,273.73,0.0,1,0.97,0.3,SPY181203P00252000,252.0,0,0.0,0.0,,0.0,normalDay
2018-11-19,0.0,49.0,0.0,0,269.1,0.0,1,0.97,0.48,SPY181203P00252000,252.0,0,0.0,0.0,,0.0,normalDay
2018-11-20,0.0,-6.0,0.0,0,264.12,0.0,1,0.97,1.03,SPY181203P00252000,252.0,0,0.0,0.0,,0.0,normalDay
2018-11-21,0.0,40.0,0.0,0,265.02,0.0,1,0.97,0.57,SPY181203P00252000,252.0,0,0.0,0.0,,0.0,normalDay
2018-11-23,0.0,32.0,0.0,0,263.25,0.0,1,0.97,0.65,SPY181203P00252000,252.0,0,0.0,0.0,,0.0,normalDay
2018-11-26,0.0,85.0,0.0,0,267.5,0.0,1,0.97,0.12,SPY181203P00252000,252.0,0,0.0,0.0,,0.0,normalDay
2018-11-27,0.0,87.0,0.0,0,268.4,0.0,1,0.97,0.1,SPY181203P00252000,252.0,0,0.0,0.0,,0.0,normalDay
2018-11-28,0.0,92.0,0.0,0,274.58,0.0,1,0.97,0.05,SPY181203P00252000,252.0,0,0.0,0.0,,0.0,normalDay
2018-11-29,0.0,93.0,0.0,0,273.98,0.0,1,0.97,0.04,SPY181203P00252000,252.0,0,0.0,0.0,,0.0,normalDay
2018-11-30,0.0,95.0,0.0,0,275.65,0.0,1,0.97,0.02,SPY181203P00252000,252.0,0,0.0,0.0,,0.0,normalDay
2018-12-03,97.0,0.0,97.0,0,279.3,0.0,1,0.97,0.0,SPY181203P00252000,252.0,0,0.0,0.0,,0.0,expirationDay
2018-12-04,97.0,-9.0,0.0,0,270.25,0.0,1,1.94,2.03,SPY190104P00256000,256.0,0,0.0,0.0,,0.0,normalDay
2018-12-06,97.0,-12.0,0.0,0,269.84,0.0,1,1.94,2.06,SPY190104P00256000,256.0,0,0.0,0.0,,0.0,normalDay
2018-12-07,97.0,-184.0,0.0,0,263.57,0.0,1,1.94,3.78,SPY190104P00256000,256.0,0,0.0,0.0,,0.0,normalDay
2018-12-10,97.0,-104.0,0.0,0,264.07,0.0,1,1.94,2.98,SPY190104P00256000,256.0,0,0.0,0.0,,0.0,normalDay
2018-12-11,97.0,-82.0,0.0,0,264.13,0.0,1,1.94,2.76,SPY190104P00256000,256.0,0,0.0,0.0,,0.0,normalDay
2018-12-12,97.0,-41.0,0.0,0,265.46,0.0,1,1.94,2.35,SPY190104P00256000,256.0,0,0.0,0.0,,0.0,normalDay
2018-12-13,97.0,-8.0,0.0,0,265.37,0.0,1,1.94,2.02,SPY190104P00256000,256.0,0,0.0,0.0,,0.0,normalDay
2018-12-14,97.0,-138.0,0.0,0,260.47,0.0,1,1.94,3.32,SPY190104P00256000,256.0,0,0.0,0.0,,0.0,normalDay
2018-12-17,97.0,-374.0,0.0,0,255.36,0.0,1,1.94,5.68,SPY190104P00256000,256.0,0,0.0,0.0,,0.0,normalDay
2018-12-18,97.0,-437.0,0.0,0,255.08,0.0,1,1.94,6.31,SPY190104P00256000,256.0,0,0.0,0.0,,0.0,normalDay
2018-12-19,97.0,-597.0,0.0,0,251.26,0.0,1,1.94,7.91,SPY190104P00256000,256.0,0,0.0,0.0,,0.0,normalDay
2018-12-20,97.0,-881.0,0.0,0,247.17,0.0,1,1.94,10.75,SPY190104P00256000,256.0,0,0.0,0.0,,0.0,normalDay
2018-12-21,97.0,-1445.0,0.0,0,240.7,0.0,1,1.94,16.39,SPY190104P00256000,256.0,0,0.0,0.0,,0.0,normalDay
2018-12-24,97.0,-2206.0,0.0,0,234.34,0.0,1,1.94,24.0,SPY190104P00256000,256.0,0,0.0,0.0,,0.0,normalDay
2018-12-26,97.0,-882.0,0.0,0,246.18,0.0,1,1.94,10.76,SPY190104P00256000,256.0,0,0.0,0.0,,0.0,normalDay
2018-12-27,97.0,-699.0,0.0,0,248.07,0.0,1,1.94,8.93,SPY190104P00256000,256.0,0,0.0,0.0,,0.0,normalDay
2018-12-28,97.0,-723.0,0.0,0,247.75,0.0,1,1.94,9.17,SPY190104P00256000,256.0,0,0.0,0.0,,0.0,normalDay
2018-12-31,97.0,-492.0,0.0,0,249.92,0.0,1,1.94,6.86,SPY190104P00256000,256.0,0,0.0,0.0,,0.0,normalDay
2019-01-02,97.0,-401.0,0.0,0,250.18,0.0,1,1.94,5.95,SPY190104P00256000,256.0,0,0.0,0.0,,0.0,normalDay
2019-01-03,97.0,-1013.0,0.0,0,244.21,0.0,1,1.94,12.07,SPY190104P00256000,256.0,0,0.0,0.0,,0.0,normalDay
2019-01-04,291.0,-361.0,194.0,100,252.39,256.0,1,1.94,0.0,SPY190104P00256000,256.0,0,0.0,0.0,,0.0,expirationDay
2019-01-07,291.0,-183.0,0.0,100,254.38,256.0,0,0.0,0.0,,0.0,1,16.9,17.11,SPY191231C00259000,259.0,normalDay
2019-01-08,291.0,-84.0,0.0,100,256.77,256.0,0,0.0,0.0,,0.0,1,16.9,18.51,SPY191231C00259000,259.0,normalDay
2019-01-09,291.0,-9.0,0.0,100,257.97,256.0,0,0.0,0.0,,0.0,1,16.9,18.96,SPY191231C00259000,259.0,normalDay
2019-01-10,291.0,34.0,0.0,100,258.88,256.0,0,0.0,0.0,,0.0,1,16.9,19.44,SPY191231C00259000,259.0,normalDay
2019-01-11,291.0,82.0,0.0,100,258.98,256.0,0,0.0,0.0,,0.0,1,16.9,19.06,SPY191231C00259000,259.0,normalDay
2019-01-14,291.0,39.0,0.0,100,257.4,256.0,0,0.0,0.0,,0.0,1,16.9,17.91,SPY191231C00259000,259.0,normalDay
2019-01-15,291.0,210.0,0.0,100,260.35,256.0,0,0.0,0.0,,0.0,1,16.9,19.15,SPY191231C00259000,259.0,normalDay
2019-01-16,291.0,243.0,0.0,100,260.98,256.0,0,0.0,0.0,,0.0,1,16.9,19.45,SPY191231C00259000,259.0,normalDay
2019-01-17,291.0,295.0,0.0,100,262.96,256.0,0,0.0,0.0,,0.0,1,16.9,20.91,SPY191231C00259000,259.0,normalDay
2019-01-18,291.0,436.0,0.0,100,266.46,256.0,0,0.0,0.0,,0.0,1,16.9,23.0,SPY191231C00259000,259.0,normalDay
2019-01-22,291.0,250.0,0.0,100,262.86,256.0,0,0.0,0.0,,0.0,1,16.9,21.26,SPY191231C00259000,259.0,normalDay
2019-01-23,291.0,314.0,0.0,100,263.41,256.0,0,0.0,0.0,,0.0,1,16.9,21.17,SPY191231C00259000,259.0,normalDay
2019-01-24,291.0,372.0,0.0,100,263.55,256.0,0,0.0,0.0,,0.0,1,16.9,20.73,SPY191231C00259000,259.0,normalDay
2019-01-25,291.0,407.0,0.0,100,265.78,256.0,0,0.0,0.0,,0.0,1,16.9,22.61,SPY191231C00259000,259.0,normalDay
2019-01-28,291.0,336.0,0.0,100,263.76,256.0,0,0.0,0.0,,0.0,1,16.9,21.3,SPY191231C00259000,259.0,normalDay
2019-01-29,291.0,337.0,0.0,100,263.41,256.0,0,0.0,0.0,,0.0,1,16.9,20.94,SPY191231C00259000,259.0,normalDay
2019-01-30,291.0,515.0,0.0,100,267.58,256.0,0,0.0,0.0,,0.0,1,16.9,23.33,SPY191231C00259000,259.0,normalDay
2019-01-31,291.0,578.0,0.0,100,269.93,256.0,0,0.0,0.0,,0.0,1,16.9,25.05,SPY191231C00259000,259.0,normalDay
2019-02-01,291.0,612.0,0.0,100,270.06,256.0,0,0.0,0.0,,0.0,1,16.9,24.84,SPY191231C00259000,259.0,normalDay
2019-02-04,291.0,701.0,0.0,100,271.96,256.0,0,0.0,0.0,,0.0,1,16.9,25.85,SPY191231C00259000,259.0,normalDay
2019-02-05,291.0,768.0,0.0,100,273.1,256.0,0,0.0,0.0,,0.0,1,16.9,26.32,SPY191231C00259000,259.0,normalDay
2019-02-06,291.0,751.0,0.0,100,272.74,256.0,0,0.0,0.0,,0.0,1,16.9,26.13,SPY191231C00259000,259.0,normalDay
2019-02-07,291.0,668.0,0.0,100,270.14,256.0,0,0.0,0.0,,0.0,1,16.9,24.36,SPY191231C00259000,259.0,normalDay
2019-02-08,291.0,704.0,0.0,100,270.47,256.0,0,0.0,0.0,,0.0,1,16.9,24.33,SPY191231C00259000,259.0,normalDay
2019-02-11,291.0,718.0,0.0,100,270.62,256.0,0,0.0,0.0,,0.0,1,16.9,24.34,SPY191231C00259000,259.0,normalDay
2019-02-12,291.0,821.0,0.0,100,274.1,256.0,0,0.0,0.0,,0.0,1,16.9,26.79,SPY191231C00259000,259.0,normalDay
2019-02-13,291.0,857.0,0.0,100,274.99,256.0,0,0.0,0.0,,0.0,1,16.9,27.32,SPY191231C00259000,259.0,normalDay
2019-02-14,291.0,822.0,0.0,100,274.38,256.0,0,0.0,0.0,,0.0,1,16.9,27.06,SPY191231C00259000,259.0,normalDay
2019-02-15,291.0,911.0,0.0,100,277.37,256.0,0,0.0,0.0,,0.0,1,16.9,29.16,SPY191231C00259000,259.0,normalDay
2019-02-19,291.0,975.0,0.0,100,277.85,256.0,0,0.0,0.0,,0.0,1,16.9,29.0,SPY191231C00259000,259.0,normalDay
2019-02-20,291.0,988.0,0.0,100,278.41,256.0,0,0.0,0.0,,0.0,1,16.9,29.43,SPY191231C00259000,259.0,normalDay
2019-02-21,291.0,957.0,0.0,100,277.42,256.0,0,0.0,0.0,,0.0,1,16.9,28.75,SPY191231C00259000,259.0,normalDay
2019-02-22,291.0,1027.0,0.0,100,279.14,256.0,0,0.0,0.0,,0.0,1,16.9,29.77,SPY191231C00259000,259.0,normalDay
2019-02-25,291.0,1019.0,0.0,100,279.52,256.0,0,0.0,0.0,,0.0,1,16.9,30.23,SPY191231C00259000,259.0,normalDay
2019-02-26,291.0,1019.0,0.0,100,279.32,256.0,0,0.0,0.0,,0.0,1,16.9,30.03,SPY191231C00259000,259.0,normalDay
2019-02-27,291.0,1011.0,0.0,100,279.2,256.0,0,0.0,0.0,,0.0,1,16.9,29.99,SPY191231C00259000,259.0,normalDay
2019-02-28,291.0,1010.0,0.0,100,278.68,256.0,0,0.0,0.0,,0.0,1,16.9,29.48,SPY191231C00259000,259.0,normalDay
2019-03-01,291.0,1064.0,0.0,100,280.42,256.0,0,0.0,0.0,,0.0,1,16.9,30.68,SPY191231C00259000,259.0,normalDay
2019-03-04,291.0,1046.0,0.0,100,279.4,256.0,0,0.0,0.0,,0.0,1,16.9,29.84,SPY191231C00259000,259.0,normalDay
2019-03-05,291.0,1037.0,0.0,100,279.02,256.0,0,0.0,0.0,,0.0,1,16.9,29.55,SPY191231C00259000,259.0,normalDay
2019-03-06,291.0,977.0,0.0,100,277.33,256.0,0,0.0,0.0,,0.0,1,16.9,28.46,SPY191231C00259000,259.0,normalDay
2019-03-07,291.0,881.0,0.0,100,275.01,256.0,0,0.0,0.0,,0.0,1,16.9,27.1,SPY191231C00259000,259.0,normalDay
2019-03-08,291.0,878.0,0.0,100,274.46,256.0,0,0.0,0.0,,0.0,1,16.9,26.58,SPY191231C00259000,259.0,normalDay
2019-03-11,291.0,1044.0,0.0,100,278.44,256.0,0,0.0,0.0,,0.0,1,16.9,28.9,SPY191231C00259000,259.0,normalDay
2019-03-12,291.0,1095.0,0.0,100,279.49,256.0,0,0.0,0.0,,0.0,1,16.9,29.44,SPY191231C00259000,259.0,normalDay
2019-03-13,291.0,1124.0,0.0,100,281.34,256.0,0,0.0,0.0,,0.0,1,16.9,31.0,SPY191231C00259000,259.0,normalDay
2019-03-14,291.0,1149.0,0.0,100,281.16,256.0,0,0.0,0.0,,0.0,1,16.9,30.57,SPY191231C00259000,259.0,normalDay
2019-03-15,291.0,1065.0,0.0,100,281.31,256.0,0,0.0,0.0,,0.0,1,16.9,31.56,SPY191231C00259000,259.0,normalDay
2019-03-18,291.0,1070.0,0.0,100,282.33,256.0,0,0.0,0.0,,0.0,1,16.9,32.53,SPY191231C00259000,259.0,normalDay
2019-03-19,291.0,1095.0,0.0,100,282.4,256.0,0,0.0,0.0,,0.0,1,16.9,32.35,SPY191231C00259000,259.0,normalDay
2019-03-20,291.0,1075.0,0.0,100,281.55,256.0,0,0.0,0.0,,0.0,1,16.9,31.7,SPY191231C00259000,259.0,normalDay
2019-03-21,291.0,1142.0,0.0,100,284.73,256.0,0,0.0,0.0,,0.0,1,16.9,34.21,SPY191231C00259000,259.0,normalDay
2019-03-22,291.0,917.0,0.0,100,279.25,256.0,0,0.0,0.0,,0.0,1,16.9,30.98,SPY191231C00259000,259.0,normalDay
2019-03-25,291.0,967.0,0.0,100,279.04,256.0,0,0.0,0.0,,0.0,1,16.9,30.27,SPY191231C00259000,259.0,normalDay
2019-03-26,291.0,1062.0,0.0,100,281.12,256.0,0,0.0,0.0,,0.0,1,16.9,31.4,SPY191231C00259000,259.0,normalDay
2019-03-27,291.0,999.0,0.0,100,279.65,256.0,0,0.0,0.0,,0.0,1,16.9,30.56,SPY191231C00259000,259.0,normalDay
2019-03-28,291.0,1033.0,0.0,100,280.71,256.0,0,0.0,0.0,,0.0,1,16.9,31.28,SPY191231C00259000,259.0,normalDay
2019-03-29,291.0,1072.0,0.0,100,282.48,256.0,0,0.0,0.0,,0.0,1,16.9,32.66,SPY191231C00259000,259.0,normalDay
2019-04-01,291.0,1193.0,0.0,100,285.83,256.0,0,0.0,0.0,,0.0,1,16.9,34.8,SPY191231C00259000,259.0,normalDay
2019-04-02,291.0,1210.0,0.0,100,285.97,256.0,0,0.0,0.0,,0.0,1,16.9,34.77,SPY191231C00259000,259.0,normalDay
2019-04-03,291.0,1186.0,0.0,100,286.42,256.0,0,0.0,0.0,,0.0,1,16.9,35.46,SPY191231C00259000,259.0,normalDay
2019-04-04,291.0,1212.0,0.0,100,287.18,256.0,0,0.0,0.0,,0.0,1,16.9,35.96,SPY191231C00259000,259.0,normalDay
2019-04-05,291.0,1250.0,0.0,100,288.57,256.0,0,0.0,0.0,,0.0,1,16.9,36.97,SPY191231C00259000,259.0,normalDay
2019-04-08,291.0,1262.0,0.0,100,288.79,256.0,0,0.0,0.0,,0.0,1,16.9,37.07,SPY191231C00259000,259.0,normalDay
2019-04-09,291.0,1237.0,0.0,100,287.31,256.0,0,0.0,0.0,,0.0,1,16.9,35.84,SPY191231C00259000,259.0,normalDay
2019-04-10,291.0,1247.0,0.0,100,288.29,256.0,0,0.0,0.0,,0.0,1,16.9,36.72,SPY191231C00259000,259.0,normalDay
2019-04-11,291.0,1269.0,0.0,100,288.21,256.0,0,0.0,0.0,,0.0,1,16.9,36.42,SPY191231C00259000,259.0,normalDay
2019-04-12,291.0,1306.0,0.0,100,290.16,256.0,0,0.0,0.0,,0.0,1,16.9,38.0,SPY191231C00259000,259.0,normalDay
2019-04-15,291.0,1303.0,0.0,100,289.97,256.0,0,0.0,0.0,,0.0,1,16.9,37.84,SPY191231C00259000,259.0,normalDay
2019-04-16,291.0,1324.0,0.0,100,290.16,256.0,0,0.0,0.0,,0.0,1,16.9,37.82,SPY191231C00259000,259.0,normalDay
2019-04-17,291.0,1321.0,0.0,100,289.45,256.0,0,0.0,0.0,,0.0,1,16.9,37.14,SPY191231C00259000,259.0,normalDay
2019-04-18,291.0,1310.0,0.0,100,290.02,256.0,0,0.0,0.0,,0.0,1,16.9,37.82,SPY191231C00259000,259.0,normalDay
2019-04-22,291.0,1309.0,0.0,100,290.27,256.0,0,0.0,0.0,,0.0,1,16.9,38.08,SPY191231C00259000,259.0,normalDay
2019-04-23,291.0,1361.0,0.0,100,292.88,256.0,0,0.0,0.0,,0.0,1,16.9,40.17,SPY191231C00259000,259.0,normalDay
2019-04-24,291.0,1340.0,0.0,100,292.23,256.0,0,0.0,0.0,,0.0,1,16.9,39.73,SPY191231C00259000,259.0,normalDay
2019-04-25,291.0,1353.0,0.0,100,292.05,256.0,0,0.0,0.0,,0.0,1,16.9,39.42,SPY191231C00259000,259.0,normalDay
2019-04-26,291.0,1380.0,0.0,100,293.41,256.0,0,0.0,0.0,,0.0,1,16.9,40.51,SPY191231C00259000,259.0,normalDay
2019-04-29,291.0,1389.0,0.0,100,293.87,256.0,0,0.0,0.0,,0.0,1,16.9,40.88,SPY191231C00259000,259.0,normalDay
2019-04-30,291.0,1370.0,0.0,100,294.02,256.0,0,0.0,0.0,,0.0,1,16.9,41.22,SPY191231C00259000,259.0,normalDay
2019-05-01,291.0,1338.0,0.0,100,291.81,256.0,0,0.0,0.0,,0.0,1,16.9,39.33,SPY191231C00259000,259.0,normalDay
2019-05-02,291.0,1341.0,0.0,100,291.18,256.0,0,0.0,0.0,,0.0,1,16.9,38.67,SPY191231C00259000,259.0,normalDay
2019-05-03,291.0,1391.0,0.0,100,294.03,256.0,0,0.0,0.0,,0.0,1,16.9,41.02,SPY191231C00259000,259.0,normalDay
2019-05-06,291.0,1364.0,0.0,100,292.82,256.0,0,0.0,0.0,,0.0,1,16.9,40.08,SPY191231C00259000,259.0,normalDay
2019-05-07,291.0,1180.0,0.0,100,287.93,256.0,0,0.0,0.0,,0.0,1,16.9,37.03,SPY191231C00259000,259.0,normalDay
2019-05-08,291.0,1194.0,0.0,100,287.53,256.0,0,0.0,0.0,,0.0,1,16.9,36.49,SPY191231C00259000,259.0,normalDay
2019-05-09,291.0,1205.0,0.0,100,286.66,256.0,0,0.0,0.0,,0.0,1,16.9,35.51,SPY191231C00259000,259.0,normalDay
2019-05-10,291.0,1316.0,0.0,100,288.1,256.0,0,0.0,0.0,,0.0,1,16.9,35.84,SPY191231C00259000,259.0,normalDay
2019-05-13,291.0,1133.0,0.0,100,280.86,256.0,0,0.0,0.0,,0.0,1,16.9,30.43,SPY191231C00259000,259.0,normalDay
2019-05-14,291.0,1219.0,0.0,100,283.4,256.0,0,0.0,0.0,,0.0,1,16.9,32.11,SPY191231C00259000,259.0,normalDay
2019-05-15,291.0,1264.0,0.0,100,285.06,256.0,0,0.0,0.0,,0.0,1,16.9,33.32,SPY191231C00259000,259.0,normalDay
2019-05-16,291.0,1349.0,0.0,100,287.7,256.0,0,0.0,0.0,,0.0,1,16.9,35.11,SPY191231C00259000,259.0,normalDay
2019-05-17,291.0,1296.0,0.0,100,285.84,256.0,0,0.0,0.0,,0.0,1,16.9,33.78,SPY191231C00259000,259.0,normalDay
2019-05-20,291.0,1253.0,0.0,100,283.95,256.0,0,0.0,0.0,,0.0,1,16.9,32.32,SPY191231C00259000,259.0,normalDay
2019-05-21,291.0,1347.0,0.0,100,286.51,256.0,0,0.0,0.0,,0.0,1,16.9,33.94,SPY191231C00259000,259.0,normalDay
2019-05-22,291.0,1342.0,0.0,100,285.63,256.0,0,0.0,0.0,,0.0,1,16.9,33.11,SPY191231C00259000,259.0,normalDay
2019-05-23,291.0,1265.0,0.0,100,282.14,256.0,0,0.0,0.0,,0.0,1,16.9,30.39,SPY191231C00259000,259.0,normalDay
2019-05-24,291.0,1265.0,0.0,100,282.78,256.0,0,0.0,0.0,,0.0,1,16.9,31.03,SPY191231C00259000,259.0,normalDay
2019-05-28,291.0,1191.0,0.0,100,280.15,256.0,0,0.0,0.0,,0.0,1,16.9,29.14,SPY191231C00259000,259.0,normalDay
2019-05-29,291.0,1168.0,0.0,100,278.27,256.0,0,0.0,0.0,,0.0,1,16.9,27.49,SPY191231C00259000,259.0,normalDay
2019-05-30,291.0,1200.0,0.0,100,279.03,256.0,0,0.0,0.0,,0.0,1,16.9,27.93,SPY191231C00259000,259.0,normalDay
2019-05-31,291.0,1098.0,0.0,100,275.27,256.0,0,0.0,0.0,,0.0,1,16.9,25.19,SPY191231C00259000,259.0,normalDay
2019-06-03,291.0,1082.0,0.0,100,274.57,256.0,0,0.0,0.0,,0.0,1,16.9,24.65,SPY191231C00259000,259.0,normalDay
2019-06-04,291.0,1285.0,0.0,100,280.53,256.0,0,0.0,0.0,,0.0,1,16.9,28.58,SPY191231C00259000,259.0,normalDay
2019-06-05,291.0,1351.0,0.0,100,282.96,256.0,0,0.0,0.0,,0.0,1,16.9,30.35,SPY191231C00259000,259.0,normalDay
2019-06-06,291.0,1401.0,0.0,100,284.8,256.0,0,0.0,0.0,,0.0,1,16.9,31.69,SPY191231C00259000,259.0,normalDay
2019-06-07,291.0,1445.0,0.0,100,287.65,256.0,0,0.0,0.0,,0.0,1,16.9,34.1,SPY191231C00259000,259.0,normalDay
2019-06-10,291.0,1469.0,0.0,100,288.97,256.0,0,0.0,0.0,,0.0,1,16.9,35.18,SPY191231C00259000,259.0,normalDay
2019-06-11,291.0,1470.0,0.0,100,288.9,256.0,0,0.0,0.0,,0.0,1,16.9,35.1,SPY191231C00259000,259.0,normalDay
2019-06-12,291.0,1461.0,0.0,100,288.39,256.0,0,0.0,0.0,,0.0,1,16.9,34.68,SPY191231C00259000,259.0,normalDay
2019-06-13,291.0,1490.0,0.0,100,289.58,256.0,0,0.0,0.0,,0.0,1,16.9,35.58,SPY191231C00259000,259.0,normalDay
2019-06-14,291.0,1481.0,0.0,100,289.26,256.0,0,0.0,0.0,,0.0,1,16.9,35.35,SPY191231C00259000,259.0,normalDay
2019-06-17,291.0,1495.0,0.0,100,289.37,256.0,0,0.0,0.0,,0.0,1,16.9,35.32,SPY191231C00259000,259.0,normalDay
2019-06-18,291.0,1546.0,0.0,100,292.4,256.0,0,0.0,0.0,,0.0,1,16.9,37.84,SPY191231C00259000,259.0,normalDay
2019-06-19,291.0,1570.0,0.0,100,293.06,256.0,0,0.0,0.0,,0.0,1,16.9,38.26,SPY191231C00259000,259.0,normalDay
2019-06-20,291.0,1619.0,0.0,100,295.86,256.0,0,0.0,0.0,,0.0,1,16.9,40.57,SPY191231C00259000,259.0,normalDay
2019-06-21,291.0,1455.0,0.0,100,294.0,256.0,0,0.0,0.0,,0.0,1,16.9,40.35,SPY191231C00259000,259.0,normalDay
2019-06-24,291.0,1464.0,0.0,100,293.64,256.0,0,0.0,0.0,,0.0,1,16.9,39.9,SPY191231C00259000,259.0,normalDay
2019-06-25,291.0,1411.0,0.0,100,290.76,256.0,0,0.0,0.0,,0.0,1,16.9,37.55,SPY191231C00259000,259.0,normalDay
2019-06-26,291.0,1424.0,0.0,100,290.47,256.0,0,0.0,0.0,,0.0,1,16.9,37.13,SPY191231C00259000,259.0,normalDay
2019-06-27,291.0,1412.0,0.0,100,291.5,256.0,0,0.0,0.0,,0.0,1,16.9,38.28,SPY191231C00259000,259.0,normalDay
2019-06-28,291.0,1411.0,0.0,100,293.0,256.0,0,0.0,0.0,,0.0,1,16.9,39.79,SPY191231C00259000,259.0,normalDay
2019-07-01,291.0,1540.0,0.0,100,295.66,256.0,0,0.0,0.0,,0.0,1,16.9,41.16,SPY191231C00259000,259.0,normalDay
2019-07-02,291.0,1556.0,0.0,100,296.43,256.0,0,0.0,0.0,,0.0,1,16.9,41.77,SPY191231C00259000,259.0,normalDay
2019-07-03,291.0,1578.0,0.0,100,298.8,256.0,0,0.0,0.0,,0.0,1,16.9,43.92,SPY191231C00259000,259.0,normalDay
2019-07-05,291.0,1621.0,0.0,100,298.46,256.0,0,0.0,0.0,,0.0,1,16.9,43.15,SPY191231C00259000,259.0,normalDay
2019-07-08,291.0,1556.0,0.0,100,296.82,256.0,0,0.0,0.0,,0.0,1,16.9,42.16,SPY191231C00259000,259.0,normalDay
2019-07-09,291.0,1574.0,0.0,100,297.19,256.0,0,0.0,0.0,,0.0,1,16.9,42.35,SPY191231C00259000,259.0,normalDay
2019-07-10,291.0,1588.0,0.0,100,298.61,256.0,0,0.0,0.0,,0.0,1,16.9,43.63,SPY191231C00259000,259.0,normalDay
2019-07-11,291.0,1596.0,0.0,100,299.31,256.0,0,0.0,0.0,,0.0,1,16.9,44.25,SPY191231C00259000,259.0,normalDay
2019-07-12,291.0,1625.0,0.0,100,300.65,256.0,0,0.0,0.0,,0.0,1,16.9,45.3,SPY191231C00259000,259.0,normalDay
2019-07-15,291.0,1627.0,0.0,100,300.75,256.0,0,0.0,0.0,,0.0,1,16.9,45.38,SPY191231C00259000,259.0,normalDay
2019-07-16,291.0,1603.0,0.0,100,299.78,256.0,0,0.0,0.0,,0.0,1,16.9,44.65,SPY191231C00259000,259.0,normalDay
2019-07-17,291.0,1580.0,0.0,100,297.74,256.0,0,0.0,0.0,,0.0,1,16.9,42.84,SPY191231C00259000,259.0,normalDay
2019-07-18,291.0,1602.0,0.0,100,298.83,256.0,0,0.0,0.0,,0.0,1,16.9,43.71,SPY191231C00259000,259.0,normalDay
2019-07-19,291.0,1590.0,0.0,100,297.17,256.0,0,0.0,0.0,,0.0,1,16.9,42.17,SPY191231C00259000,259.0,normalDay
2019-07-22,291.0,1618.0,0.0,100,297.9,256.0,0,0.0,0.0,,0.0,1,16.9,42.62,SPY191231C00259000,259.0,normalDay
2019-07-23,291.0,1665.0,0.0,100,300.03,256.0,0,0.0,0.0,,0.0,1,16.9,44.28,SPY191231C00259000,259.0,normalDay
2019-07-24,291.0,1680.0,0.0,100,301.44,256.0,0,0.0,0.0,,0.0,1,16.9,45.54,SPY191231C00259000,259.0,normalDay
2019-07-25,291.0,1653.0,0.0,100,300.0,256.0,0,0.0,0.0,,0.0,1,16.9,44.37,SPY191231C00259000,259.0,normalDay
2019-07-26,291.0,1689.0,0.0,100,302.01,256.0,0,0.0,0.0,,0.0,1,16.9,46.02,SPY191231C00259000,259.0,normalDay
2019-07-29,291.0,1655.0,0.0,100,301.46,256.0,0,0.0,0.0,,0.0,1,16.9,45.81,SPY191231C00259000,259.0,normalDay
2019-07-30,291.0,1661.0,0.0,100,300.72,256.0,0,0.0,0.0,,0.0,1,16.9,45.01,SPY191231C00259000,259.0,normalDay
2019-07-31,291.0,1611.0,0.0,100,297.43,256.0,0,0.0,0.0,,0.0,1,16.9,42.22,SPY191231C00259000,259.0,normalDay
2019-08-01,291.0,1534.0,0.0,100,294.84,256.0,0,0.0,0.0,,0.0,1,16.9,40.4,SPY191231C00259000,259.0,normalDay
2019-08-02,291.0,1524.0,0.0,100,292.62,256.0,0,0.0,0.0,,0.0,1,16.9,38.28,SPY191231C00259000,259.0,normalDay
2019-08-05,291.0,1358.0,0.0,100,283.82,256.0,0,0.0,0.0,,0.0,1,16.9,31.14,SPY191231C00259000,259.0,normalDay
2019-08-06,291.0,1462.0,0.0,100,287.8,256.0,0,0.0,0.0,,0.0,1,16.9,34.08,SPY191231C00259000,259.0,normalDay
2019-08-07,291.0,1480.0,0.0,100,287.97,256.0,0,0.0,0.0,,0.0,1,16.9,34.07,SPY191231C00259000,259.0,normalDay
2019-08-08,291.0,1595.0,0.0,100,293.62,256.0,0,0.0,0.0,,0.0,1,16.9,38.57,SPY191231C00259000,259.0,normalDay
2019-08-09,291.0,1537.0,0.0,100,291.62,256.0,0,0.0,0.0,,0.0,1,16.9,37.15,SPY191231C00259000,259.0,normalDay
2019-08-12,291.0,1477.0,0.0,100,288.07,256.0,0,0.0,0.0,,0.0,1,16.9,34.2,SPY191231C00259000,259.0,normalDay
2019-08-13,291.0,1569.0,0.0,100,292.55,256.0,0,0.0,0.0,,0.0,1,16.9,37.76,SPY191231C00259000,259.0,normalDay
2019-08-14,291.0,1356.0,0.0,100,283.9,256.0,0,0.0,0.0,,0.0,1,16.9,31.24,SPY191231C00259000,259.0,normalDay
2019-08-15,291.0,1390.0,0.0,100,284.65,256.0,0,0.0,0.0,,0.0,1,16.9,31.65,SPY191231C00259000,259.0,normalDay
2019-08-16,291.0,1518.0,0.0,100,288.85,256.0,0,0.0,0.0,,0.0,1,16.9,34.57,SPY191231C00259000,259.0,normalDay
2019-08-19,291.0,1624.0,0.0,100,292.33,256.0,0,0.0,0.0,,0.0,1,16.9,36.99,SPY191231C00259000,259.0,normalDay
2019-08-20,291.0,1592.0,0.0,100,290.09,256.0,0,0.0,0.0,,0.0,1,16.9,35.07,SPY191231C00259000,259.0,normalDay
2019-08-21,291.0,1612.0,0.0,100,292.45,256.0,0,0.0,0.0,,0.0,1,16.9,37.23,SPY191231C00259000,259.0,normalDay
2019-08-22,291.0,1627.0,0.0,100,292.36,256.0,0,0.0,0.0,,0.0,1,16.9,36.99,SPY191231C00259000,259.0,normalDay
2019-08-23,291.0,1384.0,0.0,100,284.85,256.0,0,0.0,0.0,,0.0,1,16.9,31.91,SPY191231C00259000,259.0,normalDay
2019-08-26,291.0,1504.0,0.0,100,288.0,256.0,0,0.0,0.0,,0.0,1,16.9,33.86,SPY191231C00259000,259.0,normalDay
2019-08-27,291.0,1494.0,0.0,100,286.87,256.0,0,0.0,0.0,,0.0,1,16.9,32.83,SPY191231C00259000,259.0,normalDay
2019-08-28,291.0,1535.0,0.0,100,288.89,256.0,0,0.0,0.0,,0.0,1,16.9,34.44,SPY191231C00259000,259.0,normalDay
2019-08-29,291.0,1625.0,0.0,100,292.58,256.0,0,0.0,0.0,,0.0,1,16.9,37.23,SPY191231C00259000,259.0,normalDay
2019-08-30,291.0,1608.0,0.0,100,292.45,256.0,0,0.0,0.0,,0.0,1,16.9,37.27,SPY191231C00259000,259.0,normalDay
2019-09-03,291.0,1592.0,0.0,100,290.74,256.0,0,0.0,0.0,,0.0,1,16.9,35.72,SPY191231C00259000,259.0,normalDay
2019-09-04,291.0,1673.0,0.0,100,294.04,256.0,0,0.0,0.0,,0.0,1,16.9,38.21,SPY191231C00259000,259.0,normalDay
2019-09-05,291.0,1764.0,0.0,100,297.82,256.0,0,0.0,0.0,,0.0,1,16.9,41.08,SPY191231C00259000,259.0,normalDay
2019-09-06,291.0,1734.0,0.0,100,298.05,256.0,0,0.0,0.0,,0.0,1,16.9,41.61,SPY191231C00259000,259.0,normalDay
2019-09-09,291.0,1769.0,0.0,100,298.2,256.0,0,0.0,0.0,,0.0,1,16.9,41.41,SPY191231C00259000,259.0,normalDay
2019-09-10,291.0,1771.0,0.0,100,298.13,256.0,0,0.0,0.0,,0.0,1,16.9,41.32,SPY191231C00259000,259.0,normalDay
2019-09-11,291.0,1780.0,0.0,100,300.25,256.0,0,0.0,0.0,,0.0,1,16.9,43.35,SPY191231C00259000,259.0,normalDay
2019-09-12,291.0,1780.0,0.0,100,301.29,256.0,0,0.0,0.0,,0.0,1,16.9,44.39,SPY191231C00259000,259.0,normalDay
2019-09-13,291.0,1798.0,0.0,100,301.09,256.0,0,0.0,0.0,,0.0,1,16.9,44.01,SPY191231C00259000,259.0,normalDay
2019-09-16,291.0,1775.0,0.0,100,300.16,256.0,0,0.0,0.0,,0.0,1,16.9,43.31,SPY191231C00259000,259.0,normalDay
2019-09-17,291.0,1802.0,0.0,100,300.92,256.0,0,0.0,0.0,,0.0,1,16.9,43.8,SPY191231C00259000,259.0,normalDay
2019-09-18,291.0,1791.0,0.0,100,301.1,256.0,0,0.0,0.0,,0.0,1,16.9,44.09,SPY191231C00259000,259.0,normalDay
2019-09-19,291.0,1830.0,0.0,100,301.08,256.0,0,0.0,0.0,,0.0,1,16.9,43.68,SPY191231C00259000,259.0,normalDay
2019-09-20,291.0,1668.0,0.0,100,298.28,256.0,0,0.0,0.0,,0.0,1,16.9,42.5,SPY191231C00259000,259.0,normalDay
2019-09-23,291.0,1662.0,0.0,100,298.21,256.0,0,0.0,0.0,,0.0,1,16.9,42.49,SPY191231C00259000,259.0,normalDay
2019-09-24,291.0,1620.0,0.0,100,295.87,256.0,0,0.0,0.0,,0.0,1,16.9,40.57,SPY191231C00259000,259.0,normalDay
2019-09-25,291.0,1688.0,0.0,100,297.62,256.0,0,0.0,0.0,,0.0,1,16.9,41.64,SPY191231C00259000,259.0,normalDay
2019-09-26,291.0,1661.0,0.0,100,297.0,256.0,0,0.0,0.0,,0.0,1,16.9,41.29,SPY191231C00259000,259.0,normalDay
2019-09-27,291.0,1647.0,0.0,100,295.4,256.0,0,0.0,0.0,,0.0,1,16.9,39.83,SPY191231C00259000,259.0,normalDay
2019-09-30,291.0,1658.0,0.0,100,296.77,256.0,0,0.0,0.0,,0.0,1,16.9,41.09,SPY191231C00259000,259.0,normalDay
2019-10-01,291.0,1644.0,0.0,100,293.24,256.0,0,0.0,0.0,,0.0,1,16.9,37.7,SPY191231C00259000,259.0,normalDay
2019-10-02,291.0,1621.0,0.0,100,288.06,256.0,0,0.0,0.0,,0.0,1,16.9,32.75,SPY191231C00259000,259.0,normalDay
2019-10-03,291.0,1628.0,0.0,100,290.42,256.0,0,0.0,0.0,,0.0,1,16.9,35.04,SPY191231C00259000,259.0,normalDay
2019-10-04,291.0,1694.0,0.0,100,294.35,256.0,0,0.0,0.0,,0.0,1,16.9,38.31,SPY191231C00259000,259.0,normalDay
2019-10-07,291.0,1696.0,0.0,100,293.08,256.0,0,0.0,0.0,,0.0,1,16.9,37.02,SPY191231C00259000,259.0,normalDay
2019-10-08,291.0,1615.0,0.0,100,288.53,256.0,0,0.0,0.0,,0.0,1,16.9,33.28,SPY191231C00259000,259.0,normalDay
2019-10-09,291.0,1691.0,0.0,100,291.27,256.0,0,0.0,0.0,,0.0,1,16.9,35.26,SPY191231C00259000,259.0,normalDay
2019-10-10,291.0,1694.0,0.0,100,293.24,256.0,0,0.0,0.0,,0.0,1,16.9,37.2,SPY191231C00259000,259.0,normalDay
2019-10-11,291.0,1726.0,0.0,100,296.28,256.0,0,0.0,0.0,,0.0,1,16.9,39.92,SPY191231C00259000,259.0,normalDay
2019-10-14,291.0,1784.0,0.0,100,295.95,256.0,0,0.0,0.0,,0.0,1,16.9,39.01,SPY191231C00259000,259.0,normalDay
2019-10-15,291.0,1803.0,0.0,100,298.88,256.0,0,0.0,0.0,,0.0,1,16.9,41.75,SPY191231C00259000,259.0,normalDay
2019-10-16,291.0,1805.0,0.0,100,298.4,256.0,0,0.0,0.0,,0.0,1,16.9,41.25,SPY191231C00259000,259.0,normalDay
2019-10-17,291.0,1836.0,0.0,100,299.28,256.0,0,0.0,0.0,,0.0,1,16.9,41.82,SPY191231C00259000,259.0,normalDay
2019-10-18,291.0,1804.0,0.0,100,297.97,256.0,0,0.0,0.0,,0.0,1,16.9,40.83,SPY191231C00259000,259.0,normalDay
2019-10-21,291.0,1833.0,0.0,100,299.99,256.0,0,0.0,0.0,,0.0,1,16.9,42.56,SPY191231C00259000,259.0,normalDay
2019-10-22,291.0,1843.0,0.0,100,299.01,256.0,0,0.0,0.0,,0.0,1,16.9,41.48,SPY191231C00259000,259.0,normalDay
2019-10-23,291.0,1825.0,0.0,100,299.88,256.0,0,0.0,0.0,,0.0,1,16.9,42.53,SPY191231C00259000,259.0,normalDay
2019-10-24,291.0,1866.0,0.0,100,300.37,256.0,0,0.0,0.0,,0.0,1,16.9,42.61,SPY191231C00259000,259.0,normalDay
2019-10-25,291.0,1867.0,0.0,100,301.6,256.0,0,0.0,0.0,,0.0,1,16.9,43.83,SPY191231C00259000,259.0,normalDay
2019-10-28,291.0,1869.0,0.0,100,303.3,256.0,0,0.0,0.0,,0.0,1,16.9,45.51,SPY191231C00259000,259.0,normalDay
2019-10-29,291.0,1876.0,0.0,100,303.21,256.0,0,0.0,0.0,,0.0,1,16.9,45.35,SPY191231C00259000,259.0,normalDay
2019-10-30,291.0,1855.0,0.0,100,304.14,256.0,0,0.0,0.0,,0.0,1,16.9,46.49,SPY191231C00259000,259.0,normalDay
2019-10-31,291.0,1875.0,0.0,100,303.33,256.0,0,0.0,0.0,,0.0,1,16.9,45.48,SPY191231C00259000,259.0,normalDay
2019-11-01,291.0,1892.0,0.0,100,306.14,256.0,0,0.0,0.0,,0.0,1,16.9,48.12,SPY191231C00259000,259.0,normalDay
2019-11-04,291.0,1894.0,0.0,100,307.37,256.0,0,0.0,0.0,,0.0,1,16.9,49.33,SPY191231C00259000,259.0,normalDay
2019-11-05,291.0,1895.0,0.0,100,307.03,256.0,0,0.0,0.0,,0.0,1,16.9,48.98,SPY191231C00259000,259.0,normalDay
2019-11-06,291.0,1873.0,0.0,100,307.1,256.0,0,0.0,0.0,,0.0,1,16.9,49.27,SPY191231C00259000,259.0,normalDay
2019-11-07,291.0,1894.0,0.0,100,308.18,256.0,0,0.0,0.0,,0.0,1,16.9,50.14,SPY191231C00259000,259.0,normalDay
2019-11-08,291.0,1895.0,0.0,100,308.94,256.0,0,0.0,0.0,,0.0,1,16.9,50.89,SPY191231C00259000,259.0,normalDay
2019-11-11,291.0,1895.0,0.0,100,308.35,256.0,0,0.0,0.0,,0.0,1,16.9,50.3,SPY191231C00259000,259.0,normalDay
2019-11-12,291.0,1931.0,0.0,100,309.0,256.0,0,0.0,0.0,,0.0,1,16.9,50.59,SPY191231C00259000,259.0,normalDay
2019-11-13,291.0,1907.0,0.0,100,309.1,256.0,0,0.0,0.0,,0.0,1,16.9,50.93,SPY191231C00259000,259.0,normalDay
2019-11-14,291.0,1912.0,0.0,100,309.55,256.0,0,0.0,0.0,,0.0,1,16.9,51.33,SPY191231C00259000,259.0,normalDay
2019-11-15,291.0,1927.0,0.0,100,311.79,256.0,0,0.0,0.0,,0.0,1,16.9,53.42,SPY191231C00259000,259.0,normalDay
2019-11-18,291.0,1930.0,0.0,100,312.02,256.0,0,0.0,0.0,,0.0,1,16.9,53.62,SPY191231C00259000,259.0,normalDay
2019-11-19,291.0,1937.0,0.0,100,311.93,256.0,0,0.0,0.0,,0.0,1,16.9,53.46,SPY191231C00259000,259.0,normalDay
2019-11-20,291.0,1933.0,0.0,100,310.77,256.0,0,0.0,0.0,,0.0,1,16.9,52.34,SPY191231C00259000,259.0,normalDay
2019-11-21,291.0,1930.0,0.0,100,310.27,256.0,0,0.0,0.0,,0.0,1,16.9,51.87,SPY191231C00259000,259.0,normalDay
2019-11-22,291.0,1928.0,0.0,100,310.96,256.0,0,0.0,0.0,,0.0,1,16.9,52.58,SPY191231C00259000,259.0,normalDay
2019-11-25,291.0,1968.0,0.0,100,313.37,256.0,0,0.0,0.0,,0.0,1,16.9,54.59,SPY191231C00259000,259.0,normalDay
2019-11-26,291.0,1940.0,0.0,100,314.08,256.0,0,0.0,0.0,,0.0,1,16.9,55.58,SPY191231C00259000,259.0,normalDay
2019-11-27,291.0,1949.0,0.0,100,315.48,256.0,0,0.0,0.0,,0.0,1,16.9,56.89,SPY191231C00259000,259.0,normalDay
2019-11-29,291.0,1910.0,0.0,100,314.31,256.0,0,0.0,0.0,,0.0,1,16.9,56.11,SPY191231C00259000,259.0,normalDay
2019-12-02,291.0,1958.0,0.0,100,311.64,256.0,0,0.0,0.0,,0.0,1,16.9,52.96,SPY191231C00259000,259.0,normalDay
2019-12-03,291.0,1956.0,0.0,100,309.55,256.0,0,0.0,0.0,,0.0,1,16.9,50.89,SPY191231C00259000,259.0,normalDay
2019-12-04,291.0,1994.0,0.0,100,311.46,256.0,0,0.0,0.0,,0.0,1,16.9,52.42,SPY191231C00259000,259.0,normalDay
2019-12-05,291.0,1963.0,0.0,100,312.02,256.0,0,0.0,0.0,,0.0,1,16.9,53.29,SPY191231C00259000,259.0,normalDay
2019-12-06,291.0,1975.0,0.0,100,314.87,256.0,0,0.0,0.0,,0.0,1,16.9,56.02,SPY191231C00259000,259.0,normalDay
2019-12-09,291.0,1982.0,0.0,100,313.88,256.0,0,0.0,0.0,,0.0,1,16.9,54.96,SPY191231C00259000,259.0,normalDay
2019-12-10,291.0,1932.0,0.0,100,313.53,256.0,0,0.0,0.0,,0.0,1,16.9,55.11,SPY191231C00259000,259.0,normalDay
2019-12-11,291.0,1947.0,0.0,100,314.42,256.0,0,0.0,0.0,,0.0,1,16.9,55.85,SPY191231C00259000,259.0,normalDay
2019-12-12,291.0,1972.0,0.0,100,317.13,256.0,0,0.0,0.0,,0.0,1,16.9,58.31,SPY191231C00259000,259.0,normalDay
2019-12-13,291.0,1958.0,0.0,100,317.32,256.0,0,0.0,0.0,,0.0,1,16.9,58.64,SPY191231C00259000,259.0,normalDay
2019-12-16,291.0,1938.0,0.0,100,319.5,256.0,0,0.0,0.0,,0.0,1,16.9,61.02,SPY191231C00259000,259.0,normalDay
2019-12-17,291.0,1963.0,0.0,100,319.57,256.0,0,0.0,0.0,,0.0,1,16.9,60.84,SPY191231C00259000,259.0,normalDay
2019-12-18,291.0,1948.0,0.0,100,319.59,256.0,0,0.0,0.0,,0.0,1,16.9,61.01,SPY191231C00259000,259.0,normalDay
2019-12-19,291.0,1948.0,0.0,100,320.9,256.0,0,0.0,0.0,,0.0,1,16.9,62.32,SPY191231C00259000,259.0,normalDay
2019-12-20,291.0,1905.0,0.0,100,320.73,256.0,0,0.0,0.0,,0.0,1,16.9,62.58,SPY191231C00259000,259.0,normalDay
2019-12-23,291.0,1955.0,0.0,100,321.22,256.0,0,0.0,0.0,,0.0,1,16.9,62.57,SPY191231C00259000,259.0,normalDay
2019-12-24,291.0,1954.0,0.0,100,321.23,256.0,0,0.0,0.0,,0.0,1,16.9,62.59,SPY191231C00259000,259.0,normalDay
2019-12-26,291.0,1960.0,0.0,100,322.94,256.0,0,0.0,0.0,,0.0,1,16.9,64.24,SPY191231C00259000,259.0,normalDay
2019-12-27,291.0,1987.0,0.0,100,322.86,256.0,0,0.0,0.0,,0.0,1,16.9,63.89,SPY191231C00259000,259.0,normalDay
2019-12-30,291.0,1958.0,0.0,100,321.08,256.0,0,0.0,0.0,,0.0,1,16.9,62.4,SPY191231C00259000,259.0,normalDay
2019-12-31,2281.0,1958.0,1990.0,0,321.86,0.0,0,0.0,0.0,,0.0,1,16.9,0.0,SPY191231C00259000,259.0,expirationDay
2020-01-02,2281.0,-3.0,0.0,0,324.87,0.0,1,0.7,0.73,SPY200203P00305000,305.0,0,0.0,0.0,,0.0,normalDay
2020-01-03,2281.0,-41.0,0.0,0,322.41,0.0,1,0.7,1.11,SPY200203P00305000,305.0,0,0.0,0.0,,0.0,normalDay
2020-01-06,2281.0,-10.0,0.0,0,323.64,0.0,1,0.7,0.8,SPY200203P00305000,305.0,0,0.0,0.0,,0.0,normalDay
2020-01-07,2281.0,-14.0,0.0,0,322.73,0.0,1,0.7,0.84,SPY200203P00305000,305.0,0,0.0,0.0,,0.0,normalDay
2020-01-08,2281.0,5.0,0.0,0,324.45,0.0,1,0.7,0.65,SPY200203P00305000,305.0,0,0.0,0.0,,0.0,normalDay
2020-01-09,2281.0,27.0,0.0,0,326.65,0.0,1,0.7,0.43,SPY200203P00305000,305.0,0,0.0,0.0,,0.0,normalDay
2020-01-10,2281.0,29.0,0.0,0,325.71,0.0,1,0.7,0.41,SPY200203P00305000,305.0,0,0.0,0.0,,0.0,normalDay
2020-01-13,2281.0,47.0,0.0,0,327.95,0.0,1,0.7,0.23,SPY200203P00305000,305.0,0,0.0,0.0,,0.0,normalDay
2020-01-14,2281.0,49.0,0.0,0,327.45,0.0,1,0.7,0.21,SPY200203P00305000,305.0,0,0.0,0.0,,0.0,normalDay
2020-01-15,2281.0,52.0,0.0,0,328.19,0.0,1,0.7,0.18,SPY200203P00305000,305.0,0,0.0,0.0,,0.0,normalDay
2020-01-16,2281.0,56.0,0.0,0,330.92,0.0,1,0.7,0.14,SPY200203P00305000,305.0,0,0.0,0.0,,0.0,normalDay
2020-01-17,2281.0,60.0,0.0,0,331.95,0.0,1,0.7,0.1,SPY200203P00305000,305.0,0,0.0,0.0,,0.0,normalDay
2020-01-21,2281.0,61.0,0.0,0,331.3,0.0,1,0.7,0.09,SPY200203P00305000,305.0,0,0.0,0.0,,0.0,normalDay
2020-01-22,2281.0,64.0,0.0,0,331.34,0.0,1,0.7,0.06,SPY200203P00305000,305.0,0,0.0,0.0,,0.0,normalDay
2020-01-23,2281.0,64.0,0.0,0,331.72,0.0,1,0.7,0.06,SPY200203P00305000,305.0,0,0.0,0.0,,0.0,normalDay
2020-01-24,2281.0,60.0,0.0,0,328.77,0.0,1,0.7,0.1,SPY200203P00305000,305.0,0,0.0,0.0,,0.0,normalDay
2020-01-27,2281.0,40.0,0.0,0,323.5,0.0,1,0.7,0.3,SPY200203P00305000,305.0,0,0.0,0.0,,0.0,normalDay
2020-01-28,2281.0,61.0,0.0,0,326.89,0.0,1,0.7,0.09,SPY200203P00305000,305.0,0,0.0,0.0,,0.0,normalDay
2020-01-29,2281.0,64.0,0.0,0,326.62,0.0,1,0.7,0.06,SPY200203P00305000,305.0,0,0.0,0.0,,0.0,normalDay
2020-01-30,2281.0,66.0,0.0,0,327.68,0.0,1,0.7,0.04,SPY200203P00305000,305.0,0,0.0,0.0,,0.0,normalDay
2020-01-31,2281.0,58.0,0.0,0,321.73,0.0,1,0.7,0.12,SPY200203P00305000,305.0,0,0.0,0.0,,0.0,normalDay
2020-02-03,2351.0,0.0,70.0,0,324.12,0.0,1,0.7,0.0,SPY200203P00305000,305.0,0,0.0,0.0,,0.0,expirationDay
2020-02-04,2351.0,-3.0,0.0,0,329.06,0.0,1,2.25,2.28,SPY200306P00317500,317.5,0,0.0,0.0,,0.0,normalDay
2020-02-05,2351.0,76.0,0.0,0,332.86,0.0,1,2.25,1.49,SPY200306P00317500,317.5,0,0.0,0.0,,0.0,normalDay
2020-02-06,2351.0,89.0,0.0,0,333.98,0.0,1,2.25,1.36,SPY200306P00317500,317.5,0,0.0,0.0,,0.0,normalDay
2020-02-07,2351.0,68.0,0.0,0,332.2,0.0,1,2.25,1.57,SPY200306P00317500,317.5,0,0.0,0.0,,0.0,normalDay
2020-02-10,2351.0,115.0,0.0,0,334.68,0.0,1,2.25,1.1,SPY200306P00317500,317.5,0,0.0,0.0,,0.0,normalDay
2020-02-11,2351.0,122.0,0.0,0,335.26,0.0,1,2.25,1.03,SPY200306P00317500,317.5,0,0.0,0.0,,0.0,normalDay
2020-02-12,2351.0,159.0,0.0,0,337.42,0.0,1,2.25,0.66,SPY200306P00317500,317.5,0,0.0,0.0,,0.0,normalDay
2020-02-13,2351.0,157.0,0.0,0,337.06,0.0,1,2.25,0.68,SPY200306P00317500,317.5,0,0.0,0.0,,0.0,normalDay
2020-02-14,2351.0,171.0,0.0,0,337.6,0.0,1,2.25,0.54,SPY200306P00317500,317.5,0,0.0,0.0,,0.0,normalDay
2020-02-18,2351.0,171.0,0.0,0,336.73,0.0,1,2.25,0.54,SPY200306P00317500,317.5,0,0.0,0.0,,0.0,normalDay
2020-02-19,2351.0,189.0,0.0,0,338.34,0.0,1,2.25,0.36,SPY200306P00317500,317.5,0,0.0,0.0,,0.0,normalDay
2020-02-20,2351.0,179.0,0.0,0,336.95,0.0,1,2.25,0.46,SPY200306P00317500,317.5,0,0.0,0.0,,0.0,normalDay
2020-02-21,2351.0,146.0,0.0,0,333.48,0.0,1,2.25,0.79,SPY200306P00317500,317.5,0,0.0,0.0,,0.0,normalDay
2020-02-24,2351.0,-216.0,0.0,0,322.42,0.0,1,2.25,4.41,SPY200306P00317500,317.5,0,0.0,0.0,,0.0,normalDay
2020-02-25,2351.0,-619.0,0.0,0,312.65,0.0,1,2.25,8.44,SPY200306P00317500,317.5,0,0.0,0.0,,0.0,normalDay
2020-02-26,2351.0,-711.0,0.0,0,311.5,0.0,1,2.25,9.36,SPY200306P00317500,317.5,0,0.0,0.0,,0.0,normalDay
2020-02-27,2351.0,-1877.0,0.0,0,297.51,0.0,1,2.25,21.02,SPY200306P00317500,317.5,0,0.0,0.0,,0.0,normalDay
2020-02-28,2351.0,-1951.0,0.0,0,296.26,0.0,1,2.25,21.76,SPY200306P00317500,317.5,0,0.0,0.0,,0.0,normalDay
2020-03-02,2351.0,-761.0,0.0,0,309.09,0.0,1,2.25,9.86,SPY200306P00317500,317.5,0,0.0,0.0,,0.0,normalDay
2020-03-03,2351.0,-1428.0,0.0,0,300.24,0.0,1,2.25,16.53,SPY200306P00317500,317.5,0,0.0,0.0,,0.0,normalDay
2020-03-04,2351.0,-466.0,0.0,0,312.86,0.0,1,2.25,6.91,SPY200306P00317500,317.5,0,0.0,0.0,,0.0,normalDay
2020-03-05,2351.0,-1332.0,0.0,0,302.46,0.0,1,2.25,15.57,SPY200306P00317500,317.5,0,0.0,0.0,,0.0,normalDay
2020-03-06,2576.0,-2004.0,225.0,100,297.46,317.5,1,2.25,0.0,SPY200306P00317500,317.5,0,0.0,0.0,,0.0,expirationDay
2020-03-09,2576.0,-4352.0,0.0,100,274.23,317.5,0,0.0,0.0,,0.0,1,3.98,4.23,SPY210115C00332000,332.0,normalDay
2020-03-10,2576.0,-3184.0,0.0,100,288.42,317.5,0,0.0,0.0,,0.0,1,3.98,6.74,SPY210115C00332000,332.0,normalDay
2020-03-11,2576.0,-4320.0,0.0,100,274.36,317.5,0,0.0,0.0,,0.0,1,3.98,4.04,SPY210115C00332000,332.0,normalDay
2020-03-12,2576.0,-6877.0,0.0,100,248.11,317.5,0,0.0,0.0,,0.0,1,3.98,3.36,SPY210115C00332000,332.0,normalDay
2020-03-13,2576.0,-4745.0,0.0,100,269.32,317.5,0,0.0,0.0,,0.0,1,3.98,3.25,SPY210115C00332000,332.0,normalDay
2020-03-16,2576.0,-7706.0,0.0,100,239.85,317.5,0,0.0,0.0,,0.0,1,3.98,3.39,SPY210115C00332000,332.0,normalDay
2020-03-17,2576.0,-6364.0,0.0,100,252.8,317.5,0,0.0,0.0,,0.0,1,3.98,2.92,SPY210115C00332000,332.0,normalDay
2020-03-18,2576.0,-7601.0,0.0,100,240.0,317.5,0,0.0,0.0,,0.0,1,3.98,2.49,SPY210115C00332000,332.0,normalDay
2020-03-19,2576.0,-7503.0,0.0,100,240.51,317.5,0,0.0,0.0,,0.0,1,3.98,2.02,SPY210115C00332000,332.0,normalDay
2020-03-20,2576.0,-8581.0,0.0,100,228.8,317.5,0,0.0,0.0,,0.0,1,3.98,1.09,SPY210115C00332000,332.0,normalDay
2020-03-23,2576.0,-9172.0,0.0,100,222.95,317.5,0,0.0,0.0,,0.0,1,3.98,1.15,SPY210115C00332000,332.0,normalDay
2020-03-24,2576.0,-7237.0,0.0,100,243.15,317.5,0,0.0,0.0,,0.0,1,3.98,2.0,SPY210115C00332000,332.0,normalDay
2020-03-25,2576.0,-6997.0,0.0,100,246.79,317.5,0,0.0,0.0,,0.0,1,3.98,3.24,SPY210115C00332000,332.0,normalDay
2020-03-26,2576.0,-5606.0,0.0,100,261.2,317.5,0,0.0,0.0,,0.0,1,3.98,3.74,SPY210115C00332000,332.0,normalDay
2020-03-27,2576.0,-6280.0,0.0,100,253.42,317.5,0,0.0,0.0,,0.0,1,3.98,2.7,SPY210115C00332000,332.0,normalDay
2020-03-30,2576.0,-5509.0,0.0,100,261.65,317.5,0,0.0,0.0,,0.0,1,3.98,3.22,SPY210115C00332000,332.0,normalDay
2020-03-31,2576.0,-5814.0,0.0,100,257.75,317.5,0,0.0,0.0,,0.0,1,3.98,2.37,SPY210115C00332000,332.0,normalDay
2020-04-01,2576.0,-6903.0,0.0,100,246.15,317.5,0,0.0,0.0,,0.0,1,3.98,1.66,SPY210115C00332000,332.0,normalDay
2020-04-02,2576.0,-6394.0,0.0,100,251.83,317.5,0,0.0,0.0,,0.0,1,3.98,2.25,SPY210115C00332000,332.0,normalDay
2020-04-03,2576.0,-6718.0,0.0,100,248.19,317.5,0,0.0,0.0,,0.0,1,3.98,1.85,SPY210115C00332000,332.0,normalDay
2020-04-06,2576.0,-5198.0,0.0,100,264.86,317.5,0,0.0,0.0,,0.0,1,3.98,3.32,SPY210115C00332000,332.0,normalDay
2020-04-07,2576.0,-5138.0,0.0,100,265.13,317.5,0,0.0,0.0,,0.0,1,3.98,2.99,SPY210115C00332000,332.0,normalDay
2020-04-08,2576.0,-4427.0,0.0,100,274.03,317.5,0,0.0,0.0,,0.0,1,3.98,4.78,SPY210115C00332000,332.0,normalDay
2020-04-09,2576.0,-4091.0,0.0,100,278.2,317.5,0,0.0,0.0,,0.0,1,3.98,5.59,SPY210115C00332000,332.0,normalDay
2020-04-13,2576.0,-4266.0,0.0,100,275.66,317.5,0,0.0,0.0,,0.0,1,3.98,4.8,SPY210115C00332000,332.0,normalDay
2020-04-14,2576.0,-3584.0,0.0,100,283.79,317.5,0,0.0,0.0,,0.0,1,3.98,6.11,SPY210115C00332000,332.0,normalDay
2020-04-15,2576.0,-4086.0,0.0,100,277.76,317.5,0,0.0,0.0,,0.0,1,3.98,5.1,SPY210115C00332000,332.0,normalDay
2020-04-16,2576.0,-4004.0,0.0,100,279.1,317.5,0,0.0,0.0,,0.0,1,3.98,5.62,SPY210115C00332000,332.0,normalDay
2020-04-17,2576.0,-3425.0,0.0,100,286.64,317.5,0,0.0,0.0,,0.0,1,3.98,7.37,SPY210115C00332000,332.0,normalDay
2020-04-20,2576.0,-3851.0,0.0,100,281.59,317.5,0,0.0,0.0,,0.0,1,3.98,6.58,SPY210115C00332000,332.0,normalDay
2020-04-21,2576.0,-4555.0,0.0,100,273.04,317.5,0,0.0,0.0,,0.0,1,3.98,5.07,SPY210115C00332000,332.0,normalDay
2020-04-22,2576.0,-4053.0,0.0,100,279.1,317.5,0,0.0,0.0,,0.0,1,3.98,6.11,SPY210115C00332000,332.0,normalDay
2020-04-23,2576.0,-4044.0,0.0,100,279.08,317.5,0,0.0,0.0,,0.0,1,3.98,6.0,SPY210115C00332000,332.0,normalDay
2020-04-24,2576.0,-3689.0,0.0,100,282.97,317.5,0,0.0,0.0,,0.0,1,3.98,6.34,SPY210115C00332000,332.0,normalDay
2020-04-27,2576.0,-3298.0,0.0,100,287.05,317.5,0,0.0,0.0,,0.0,1,3.98,6.51,SPY210115C00332000,332.0,normalDay
2020-04-28,2576.0,-3368.0,0.0,100,285.73,317.5,0,0.0,0.0,,0.0,1,3.98,5.89,SPY210115C00332000,332.0,normalDay
2020-04-29,2576.0,-2770.0,0.0,100,293.21,317.5,0,0.0,0.0,,0.0,1,3.98,7.39,SPY210115C00332000,332.0,normalDay
2020-04-30,2576.0,-2975.0,0.0,100,290.48,317.5,0,0.0,0.0,,0.0,1,3.98,6.71,SPY210115C00332000,332.0,normalDay
2020-05-01,2576.0,-3617.0,0.0,100,282.79,317.5,0,0.0,0.0,,0.0,1,3.98,5.44,SPY210115C00332000,332.0,normalDay
2020-05-04,2576.0,-3513.0,0.0,100,283.57,317.5,0,0.0,0.0,,0.0,1,3.98,5.18,SPY210115C00332000,332.0,normalDay
2020-05-05,2576.0,-3311.0,0.0,100,286.19,317.5,0,0.0,0.0,,0.0,1,3.98,5.78,SPY210115C00332000,332.0,normalDay
2020-05-06,2576.0,-3452.0,0.0,100,284.25,317.5,0,0.0,0.0,,0.0,1,3.98,5.25,SPY210115C00332000,332.0,normalDay
2020-05-07,2576.0,-3170.0,0.0,100,287.68,317.5,0,0.0,0.0,,0.0,1,3.98,5.86,SPY210115C00332000,332.0,normalDay
2020-05-08,2576.0,-2757.0,0.0,100,292.44,317.5,0,0.0,0.0,,0.0,1,3.98,6.49,SPY210115C00332000,332.0,normalDay
2020-05-11,2576.0,-2662.0,0.0,100,292.5,317.5,0,0.0,0.0,,0.0,1,3.98,5.6,SPY210115C00332000,332.0,normalDay
2020-05-12,2576.0,-3146.0,0.0,100,286.67,317.5,0,0.0,0.0,,0.0,1,3.98,4.61,SPY210115C00332000,332.0,normalDay
2020-05-13,2576.0,-3599.0,0.0,100,281.6,317.5,0,0.0,0.0,,0.0,1,3.98,4.07,SPY210115C00332000,332.0,normalDay
2020-05-14,2576.0,-3296.0,0.0,100,284.97,317.5,0,0.0,0.0,,0.0,1,3.98,4.41,SPY210115C00332000,332.0,normalDay
2020-05-15,2576.0,-3158.0,0.0,100,286.28,317.5,0,0.0,0.0,,0.0,1,3.98,4.34,SPY210115C00332000,332.0,normalDay
2020-05-18,2576.0,-2465.0,0.0,100,295.0,317.5,0,0.0,0.0,,0.0,1,3.98,6.13,SPY210115C00332000,332.0,normalDay
2020-05-19,2576.0,-2703.0,0.0,100,291.97,317.5,0,0.0,0.0,,0.0,1,3.98,5.48,SPY210115C00332000,332.0,normalDay
2020-05-20,2576.0,-2321.0,0.0,100,296.93,317.5,0,0.0,0.0,,0.0,1,3.98,6.62,SPY210115C00332000,332.0,normalDay
2020-05-21,2576.0,-2497.0,0.0,100,294.88,317.5,0,0.0,0.0,,0.0,1,3.98,6.33,SPY210115C00332000,332.0,normalDay
2020-05-22,2576.0,-2456.0,0.0,100,295.44,317.5,0,0.0,0.0,,0.0,1,3.98,6.48,SPY210115C00332000,332.0,normalDay
2020-05-26,2576.0,-2158.0,0.0,100,299.08,317.5,0,0.0,0.0,,0.0,1,3.98,7.14,SPY210115C00332000,332.0,normalDay
2020-05-27,2576.0,-1823.0,0.0,100,303.53,317.5,0,0.0,0.0,,0.0,1,3.98,8.24,SPY210115C00332000,332.0,normalDay
2020-05-28,2576.0,-1913.0,0.0,100,302.97,317.5,0,0.0,0.0,,0.0,1,3.98,8.58,SPY210115C00332000,332.0,normalDay
2020-05-29,2576.0,-1809.0,0.0,100,304.32,317.5,0,0.0,0.0,,0.0,1,3.98,8.89,SPY210115C00332000,332.0,normalDay
2020-06-01,2576.0,-1697.0,0.0,100,305.55,317.5,0,0.0,0.0,,0.0,1,3.98,9.0,SPY210115C00332000,332.0,normalDay
2020-06-02,2576.0,-1510.0,0.0,100,308.08,317.5,0,0.0,0.0,,0.0,1,3.98,9.66,SPY210115C00332000,332.0,normalDay
2020-06-03,2576.0,-1272.0,0.0,100,312.18,317.5,0,0.0,0.0,,0.0,1,3.98,11.38,SPY210115C00332000,332.0,normalDay
2020-06-04,2576.0,-1315.0,0.0,100,311.36,317.5,0,0.0,0.0,,0.0,1,3.98,10.99,SPY210115C00332000,332.0,normalDay
2020-06-05,2576.0,-829.0,0.0,100,319.34,317.5,0,0.0,0.0,,0.0,1,3.98,14.11,SPY210115C00332000,332.0,normalDay
2020-06-08,2576.0,-626.0,0.0,100,323.2,317.5,0,0.0,0.0,,0.0,1,3.98,15.94,SPY210115C00332000,332.0,normalDay
2020-06-09,2576.0,-877.0,0.0,100,320.79,317.5,0,0.0,0.0,,0.0,1,3.98,16.04,SPY210115C00332000,332.0,normalDay
2020-06-10,2576.0,-920.0,0.0,100,319.0,317.5,0,0.0,0.0,,0.0,1,3.98,14.68,SPY210115C00332000,332.0,normalDay
2020-06-11,2576.0,-2345.0,0.0,100,300.61,317.5,0,0.0,0.0,,0.0,1,3.98,10.54,SPY210115C00332000,332.0,normalDay
2020-06-12,2576.0,-1973.0,0.0,100,304.21,317.5,0,0.0,0.0,,0.0,1,3.98,10.42,SPY210115C00332000,332.0,normalDay
2020-06-15,2576.0,-1769.0,0.0,100,307.05,317.5,0,0.0,0.0,,0.0,1,3.98,11.22,SPY210115C00332000,332.0,normalDay
2020-06-16,2576.0,-1436.0,0.0,100,312.96,317.5,0,0.0,0.0,,0.0,1,3.98,13.8,SPY210115C00332000,332.0,normalDay
2020-06-17,2576.0,-1542.0,0.0,100,311.66,317.5,0,0.0,0.0,,0.0,1,3.98,13.56,SPY210115C00332000,332.0,normalDay
2020-06-18,2576.0,-1518.0,0.0,100,311.78,317.5,0,0.0,0.0,,0.0,1,3.98,13.44,SPY210115C00332000,332.0,normalDay
2020-06-19,2576.0,-1731.0,0.0,100,308.64,317.5,0,0.0,0.0,,0.0,1,3.98,12.43,SPY210115C00332000,332.0,normalDay
2020-06-22,2576.0,-1567.0,0.0,100,310.62,317.5,0,0.0,0.0,,0.0,1,3.98,12.77,SPY210115C00332000,332.0,normalDay
2020-06-23,2576.0,-1445.0,0.0,100,312.05,317.5,0,0.0,0.0,,0.0,1,3.98,12.98,SPY210115C00332000,332.0,normalDay
2020-06-24,2576.0,-2012.0,0.0,100,304.09,317.5,0,0.0,0.0,,0.0,1,3.98,10.69,SPY210115C00332000,332.0,normalDay
2020-06-25,2576.0,-1726.0,0.0,100,307.35,317.5,0,0.0,0.0,,0.0,1,3.98,11.09,SPY210115C00332000,332.0,normalDay
2020-06-26,2576.0,-2245.0,0.0,100,300.05,317.5,0,0.0,0.0,,0.0,1,3.98,8.98,SPY210115C00332000,332.0,normalDay
2020-06-29,2576.0,-1846.0,0.0,100,304.46,317.5,0,0.0,0.0,,0.0,1,3.98,9.4,SPY210115C00332000,332.0,normalDay
2020-06-30,2576.0,-1561.0,0.0,100,308.36,317.5,0,0.0,0.0,,0.0,1,3.98,10.45,SPY210115C00332000,332.0,normalDay
2020-07-01,2576.0,-1390.0,0.0,100,310.52,317.5,0,0.0,0.0,,0.0,1,3.98,10.9,SPY210115C00332000,332.0,normalDay
2020-07-02,2576.0,-1294.0,0.0,100,312.23,317.5,0,0.0,0.0,,0.0,1,3.98,11.65,SPY210115C00332000,332.0,normalDay
2020-07-06,2576.0,-1002.0,0.0,100,317.05,317.5,0,0.0,0.0,,0.0,1,3.98,13.55,SPY210115C00332000,332.0,normalDay
2020-07-07,2576.0,-1208.0,0.0,100,313.78,317.5,0,0.0,0.0,,0.0,1,3.98,12.34,SPY210115C00332000,332.0,normalDay
2020-07-08,2576.0,-1056.0,0.0,100,316.18,317.5,0,0.0,0.0,,0.0,1,3.98,13.22,SPY210115C00332000,332.0,normalDay
2020-07-09,2576.0,-1187.0,0.0,100,314.38,317.5,0,0.0,0.0,,0.0,1,3.98,12.73,SPY210115C00332000,332.0,normalDay
2020-07-10,2576.0,-992.0,0.0,100,317.59,317.5,0,0.0,0.0,,0.0,1,3.98,13.99,SPY210115C00332000,332.0,normalDay
2020-07-13,2576.0,-1262.0,0.0,100,314.84,317.5,0,0.0,0.0,,0.0,1,3.98,13.94,SPY210115C00332000,332.0,normalDay
2020-07-14,2576.0,-944.0,0.0,100,318.92,317.5,0,0.0,0.0,,0.0,1,3.98,14.84,SPY210115C00332000,332.0,normalDay
2020-07-15,2576.0,-795.0,0.0,100,321.85,317.5,0,0.0,0.0,,0.0,1,3.98,16.28,SPY210115C00332000,332.0,normalDay
2020-07-16,2576.0,-774.0,0.0,100,320.79,317.5,0,0.0,0.0,,0.0,1,3.98,15.01,SPY210115C00332000,332.0,normalDay
2020-07-17,2576.0,-733.0,0.0,100,321.72,317.5,0,0.0,0.0,,0.0,1,3.98,15.53,SPY210115C00332000,332.0,normalDay
2020-07-20,2576.0,-525.0,0.0,100,324.32,317.5,0,0.0,0.0,,0.0,1,3.98,16.05,SPY210115C00332000,332.0,normalDay
2020-07-21,2576.0,-507.0,0.0,100,325.01,317.5,0,0.0,0.0,,0.0,1,3.98,16.56,SPY210115C00332000,332.0,normalDay
2020-07-22,2576.0,-387.0,0.0,100,326.86,317.5,0,0.0,0.0,,0.0,1,3.98,17.21,SPY210115C00332000,332.0,normalDay
2020-07-23,2576.0,-575.0,0.0,100,322.96,317.5,0,0.0,0.0,,0.0,1,3.98,15.19,SPY210115C00332000,332.0,normalDay
2020-07-24,2576.0,-718.0,0.0,100,320.88,317.5,0,0.0,0.0,,0.0,1,3.98,14.54,SPY210115C00332000,332.0,normalDay
2020-07-27,2576.0,-548.0,0.0,100,323.22,317.5,0,0.0,0.0,,0.0,1,3.98,15.18,SPY210115C00332000,332.0,normalDay
2020-07-28,2576.0,-679.0,0.0,100,321.17,317.5,0,0.0,0.0,,0.0,1,3.98,14.44,SPY210115C00332000,332.0,normalDay
2020-07-29,2576.0,-457.0,0.0,100,325.12,317.5,0,0.0,0.0,,0.0,1,3.98,16.17,SPY210115C00332000,332.0,normalDay
2020-07-30,2576.0,-574.0,0.0,100,323.96,317.5,0,0.0,0.0,,0.0,1,3.98,16.18,SPY210115C00332000,332.0,normalDay
2020-07-31,2576.0,-434.0,0.0,100,326.52,317.5,0,0.0,0.0,,0.0,1,3.98,17.34,SPY210115C00332000,332.0,normalDay
2020-08-03,2576.0,-292.0,0.0,100,328.79,317.5,0,0.0,0.0,,0.0,1,3.98,18.19,SPY210115C00332000,332.0,normalDay
2020-08-04,2576.0,-186.0,0.0,100,330.06,317.5,0,0.0,0.0,,0.0,1,3.98,18.4,SPY210115C00332000,332.0,normalDay
2020-08-05,2576.0,-91.0,0.0,100,332.11,317.5,0,0.0,0.0,,0.0,1,3.98,19.5,SPY210115C00332000,332.0,normalDay
2020-08-06,2576.0,4.0,0.0,100,334.33,317.5,0,0.0,0.0,,0.0,1,3.98,20.77,SPY210115C00332000,332.0,normalDay
2020-08-07,2576.0,18.0,0.0,100,334.57,317.5,0,0.0,0.0,,0.0,1,3.98,20.87,SPY210115C00332000,332.0,normalDay
2020-08-10,2576.0,91.0,0.0,100,335.57,317.5,0,0.0,0.0,,0.0,1,3.98,21.14,SPY210115C00332000,332.0,normalDay
2020-08-11,2576.0,-94.0,0.0,100,332.8,317.5,0,0.0,0.0,,0.0,1,3.98,20.22,SPY210115C00332000,332.0,normalDay
2020-08-12,2576.0,162.0,0.0,100,337.44,317.5,0,0.0,0.0,,0.0,1,3.98,22.3,SPY210115C00332000,332.0,normalDay
2020-08-13,2576.0,141.0,0.0,100,336.83,317.5,0,0.0,0.0,,0.0,1,3.98,21.9,SPY210115C00332000,332.0,normalDay
2020-08-14,2576.0,135.0,0.0,100,336.84,317.5,0,0.0,0.0,,0.0,1,3.98,21.97,SPY210115C00332000,332.0,normalDay
2020-08-17,2576.0,218.0,0.0,100,337.91,317.5,0,0.0,0.0,,0.0,1,3.98,22.21,SPY210115C00332000,332.0,normalDay
2020-08-18,2576.0,268.0,0.0,100,338.64,317.5,0,0.0,0.0,,0.0,1,3.98,22.44,SPY210115C00332000,332.0,normalDay
2020-08-19,2576.0,196.0,0.0,100,337.23,317.5,0,0.0,0.0,,0.0,1,3.98,21.75,SPY210115C00332000,332.0,normalDay
2020-08-20,2576.0,265.0,0.0,100,338.28,317.5,0,0.0,0.0,,0.0,1,3.98,22.11,SPY210115C00332000,332.0,normalDay
2020-08-21,2576.0,299.0,0.0,100,339.48,317.5,0,0.0,0.0,,0.0,1,3.98,22.97,SPY210115C00332000,332.0,normalDay
2020-08-24,2576.0,426.0,0.0,100,342.92,317.5,0,0.0,0.0,,0.0,1,3.98,25.14,SPY210115C00332000,332.0,normalDay
2020-08-25,2576.0,454.0,0.0,100,344.12,317.5,0,0.0,0.0,,0.0,1,3.98,26.06,SPY210115C00332000,332.0,normalDay
2020-08-26,2576.0,505.0,0.0,100,347.57,317.5,0,0.0,0.0,,0.0,1,3.98,29.0,SPY210115C00332000,332.0,normalDay
2020-08-27,2576.0,472.0,0.0,100,348.33,317.5,0,0.0,0.0,,0.0,1,3.98,30.09,SPY210115C00332000,332.0,normalDay
2020-08-28,2576.0,583.0,0.0,100,350.58,317.5,0,0.0,0.0,,0.0,1,3.98,31.23,SPY210115C00332000,332.0,normalDay
2020-08-31,2576.0,394.0,0.0,100,349.31,317.5,0,0.0,0.0,,0.0,1,3.98,31.85,SPY210115C00332000,332.0,normalDay
2020-09-01,2576.0,509.0,0.0,100,352.6,317.5,0,0.0,0.0,,0.0,1,3.98,33.99,SPY210115C00332000,332.0,normalDay
2020-09-02,2576.0,535.0,0.0,100,357.7,317.5,0,0.0,0.0,,0.0,1,3.98,38.83,SPY210115C00332000,332.0,normalDay
2020-09-03,2576.0,8.0,0.0,100,345.39,317.5,0,0.0,0.0,,0.0,1,3.98,31.79,SPY210115C00332000,332.0,normalDay
2020-09-04,2576.0,107.0,0.0,100,342.57,317.5,0,0.0,0.0,,0.0,1,3.98,27.98,SPY210115C00332000,332.0,normalDay
2020-09-08,2576.0,-166.0,0.0,100,333.21,317.5,0,0.0,0.0,,0.0,1,3.98,21.35,SPY210115C00332000,332.0,normalDay
2020-09-09,2576.0,191.0,0.0,100,339.79,317.5,0,0.0,0.0,,0.0,1,3.98,24.36,SPY210115C00332000,332.0,normalDay
2020-09-10,2576.0,-74.0,0.0,100,333.89,317.5,0,0.0,0.0,,0.0,1,3.98,21.11,SPY210115C00332000,332.0,normalDay
2020-09-11,2576.0,84.0,0.0,100,334.06,317.5,0,0.0,0.0,,0.0,1,3.98,19.7,SPY210115C00332000,332.0,normalDay
2020-09-14,2576.0,244.0,0.0,100,338.46,317.5,0,0.0,0.0,,0.0,1,3.98,22.5,SPY210115C00332000,332.0,normalDay
2020-09-15,2576.0,299.0,0.0,100,340.17,317.5,0,0.0,0.0,,0.0,1,3.98,23.66,SPY210115C00332000,332.0,normalDay
2020-09-16,2576.0,281.0,0.0,100,338.82,317.5,0,0.0,0.0,,0.0,1,3.98,22.49,SPY210115C00332000,332.0,normalDay
2020-09-17,2576.0,146.0,0.0,100,335.84,317.5,0,0.0,0.0,,0.0,1,3.98,20.86,SPY210115C00332000,332.0,normalDay
2020-09-18,2576.0,-99.0,0.0,100,330.65,317.5,0,0.0,0.0,,0.0,1,3.98,18.12,SPY210115C00332000,332.0,normalDay
2020-09-21,2576.0,-308.0,0.0,100,326.97,317.5,0,0.0,0.0,,0.0,1,3.98,16.53,SPY210115C00332000,332.0,normalDay
2020-09-22,2576.0,-143.0,0.0,100,330.3,317.5,0,0.0,0.0,,0.0,1,3.98,18.21,SPY210115C00332000,332.0,normalDay
2020-09-23,2576.0,-547.0,0.0,100,322.64,317.5,0,0.0,0.0,,0.0,1,3.98,14.59,SPY210115C00332000,332.0,normalDay
2020-09-24,2576.0,-493.0,0.0,100,323.5,317.5,0,0.0,0.0,,0.0,1,3.98,14.91,SPY210115C00332000,332.0,normalDay
2020-09-25,2576.0,-198.0,0.0,100,328.73,317.5,0,0.0,0.0,,0.0,1,3.98,17.19,SPY210115C00332000,332.0,normalDay
2020-09-28,2576.0,32.0,0.0,100,334.19,317.5,0,0.0,0.0,,0.0,1,3.98,20.35,SPY210115C00332000,332.0,normalDay
2020-09-29,2576.0,-57.0,0.0,100,332.37,317.5,0,0.0,0.0,,0.0,1,3.98,19.42,SPY210115C00332000,332.0,normalDay
2020-09-30,2576.0,156.0,0.0,100,334.89,317.5,0,0.0,0.0,,0.0,1,3.98,19.81,SPY210115C00332000,332.0,normalDay
2020-10-01,2576.0,140.0,0.0,100,337.04,317.5,0,0.0,0.0,,0.0,1,3.98,22.12,SPY210115C00332000,332.0,normalDay
2020-10-02,2576.0,-1.0,0.0,100,333.84,317.5,0,0.0,0.0,,0.0,1,3.98,20.33,SPY210115C00332000,332.0,normalDay
2020-10-05,2576.0,311.0,0.0,100,339.76,317.5,0,0.0,0.0,,0.0,1,3.98,23.13,SPY210115C00332000,332.0,normalDay
2020-10-06,2576.0,99.0,0.0,100,334.93,317.5,0,0.0,0.0,,0.0,1,3.98,20.42,SPY210115C00332000,332.0,normalDay
2020-10-07,2576.0,405.0,0.0,100,340.76,317.5,0,0.0,0.0,,0.0,1,3.98,23.19,SPY210115C00332000,332.0,normalDay
2020-10-08,2576.0,571.0,0.0,100,343.78,317.5,0,0.0,0.0,,0.0,1,3.98,24.55,SPY210115C00332000,332.0,normalDay
2020-10-09,2576.0,735.0,0.0,100,346.85,317.5,0,0.0,0.0,,0.0,1,3.98,25.98,SPY210115C00332000,332.0,normalDay
2020-10-12,2576.0,903.0,0.0,100,352.43,317.5,0,0.0,0.0,,0.0,1,3.98,29.88,SPY210115C00332000,332.0,normalDay
2020-10-13,2576.0,829.0,0.0,100,350.13,317.5,0,0.0,0.0,,0.0,1,3.98,28.32,SPY210115C00332000,332.0,normalDay
2020-10-14,2576.0,797.0,0.0,100,347.93,317.5,0,0.0,0.0,,0.0,1,3.98,26.44,SPY210115C00332000,332.0,normalDay
2020-10-15,2576.0,778.0,0.0,100,347.5,317.5,0,0.0,0.0,,0.0,1,3.98,26.2,SPY210115C00332000,332.0,normalDay
2020-10-16,2576.0,810.0,0.0,100,347.29,317.5,0,0.0,0.0,,0.0,1,3.98,25.67,SPY210115C00332000,332.0,normalDay
2020-10-19,2576.0,553.0,0.0,100,342.01,317.5,0,0.0,0.0,,0.0,1,3.98,22.96,SPY210115C00332000,332.0,normalDay
2020-10-20,2576.0,647.0,0.0,100,343.38,317.5,0,0.0,0.0,,0.0,1,3.98,23.39,SPY210115C00332000,332.0,normalDay
2020-10-21,2576.0,615.0,0.0,100,342.73,317.5,0,0.0,0.0,,0.0,1,3.98,23.06,SPY210115C00332000,332.0,normalDay
2020-10-22,2576.0,734.0,0.0,100,344.61,317.5,0,0.0,0.0,,0.0,1,3.98,23.75,SPY210115C00332000,332.0,normalDay
2020-10-23,2576.0,814.0,0.0,100,345.78,317.5,0,0.0,0.0,,0.0,1,3.98,24.12,SPY210115C00332000,332.0,normalDay
2020-10-26,2576.0,465.0,0.0,100,339.39,317.5,0,0.0,0.0,,0.0,1,3.98,21.22,SPY210115C00332000,332.0,normalDay
2020-10-27,2576.0,427.0,0.0,100,338.22,317.5,0,0.0,0.0,,0.0,1,3.98,20.43,SPY210115C00332000,332.0,normalDay
2020-10-28,2576.0,-234.0,0.0,100,326.66,317.5,0,0.0,0.0,,0.0,1,3.98,15.48,SPY210115C00332000,332.0,normalDay
2020-10-29,2576.0,-7.0,0.0,100,329.98,317.5,0,0.0,0.0,,0.0,1,3.98,16.53,SPY210115C00332000,332.0,normalDay
2020-10-30,2576.0,-175.0,0.0,100,326.54,317.5,0,0.0,0.0,,0.0,1,3.98,14.77,SPY210115C00332000,332.0,normalDay
2020-11-02,2576.0,106.0,0.0,100,330.2,317.5,0,0.0,0.0,,0.0,1,3.98,15.62,SPY210115C00332000,332.0,normalDay
2020-11-03,2576.0,481.0,0.0,100,336.03,317.5,0,0.0,0.0,,0.0,1,3.98,17.7,SPY210115C00332000,332.0,normalDay
2020-11-04,2576.0,820.0,0.0,100,343.54,317.5,0,0.0,0.0,,0.0,1,3.98,21.82,SPY210115C00332000,332.0,normalDay
2020-11-05,2576.0,999.0,0.0,100,350.24,317.5,0,0.0,0.0,,0.0,1,3.98,26.73,SPY210115C00332000,332.0,normalDay
2020-11-06,2576.0,1090.0,0.0,100,350.16,317.5,0,0.0,0.0,,0.0,1,3.98,25.74,SPY210115C00332000,332.0,normalDay
2020-11-09,2576.0,1143.0,0.0,100,354.56,317.5,0,0.0,0.0,,0.0,1,3.98,29.61,SPY210115C00332000,332.0,normalDay
2020-11-10,2576.0,1207.0,0.0,100,354.04,317.5,0,0.0,0.0,,0.0,1,3.98,28.45,SPY210115C00332000,332.0,normalDay
2020-11-11,2576.0,1285.0,0.0,100,356.67,317.5,0,0.0,0.0,,0.0,1,3.98,30.3,SPY210115C00332000,332.0,normalDay
2020-11-12,2576.0,1185.0,0.0,100,353.21,317.5,0,0.0,0.0,,0.0,1,3.98,27.84,SPY210115C00332000,332.0,normalDay
2020-11-13,2576.0,1364.0,0.0,100,358.1,317.5,0,0.0,0.0,,0.0,1,3.98,30.94,SPY210115C00332000,332.0,normalDay
2020-11-16,2576.0,1476.0,0.0,100,362.57,317.5,0,0.0,0.0,,0.0,1,3.98,34.29,SPY210115C00332000,332.0,normalDay
2020-11-17,2576.0,1444.0,0.0,100,360.62,317.5,0,0.0,0.0,,0.0,1,3.98,32.66,SPY210115C00332000,332.0,normalDay
2020-11-18,2576.0,1367.0,0.0,100,356.28,317.5,0,0.0,0.0,,0.0,1,3.98,29.09,SPY210115C00332000,332.0,normalDay
2020-11-19,2576.0,1425.0,0.0,100,357.78,317.5,0,0.0,0.0,,0.0,1,3.98,30.01,SPY210115C00332000,332.0,normalDay
2020-11-20,2576.0,1403.0,0.0,100,355.33,317.5,0,0.0,0.0,,0.0,1,3.98,27.78,SPY210115C00332000,332.0,normalDay
2020-11-23,2576.0,1471.0,0.0,100,357.46,317.5,0,0.0,0.0,,0.0,1,3.98,29.23,SPY210115C00332000,332.0,normalDay
2020-11-24,2576.0,1550.0,0.0,100,363.22,317.5,0,0.0,0.0,,0.0,1,3.98,34.2,SPY210115C00332000,332.0,normalDay
2020-11-25,2576.0,1602.0,0.0,100,362.66,317.5,0,0.0,0.0,,0.0,1,3.98,33.12,SPY210115C00332000,332.0,normalDay
2020-11-27,2576.0,1613.0,0.0,100,363.67,317.5,0,0.0,0.0,,0.0,1,3.98,34.02,SPY210115C00332000,332.0,normalDay
2020-11-30,2576.0,1560.0,0.0,100,362.06,317.5,0,0.0,0.0,,0.0,1,3.98,32.94,SPY210115C00332000,332.0,normalDay
2020-12-01,2576.0,1663.0,0.0,100,366.02,317.5,0,0.0,0.0,,0.0,1,3.98,35.87,SPY210115C00332000,332.0,normalDay
2020-12-02,2576.0,1664.0,0.0,100,366.79,317.5,0,0.0,0.0,,0.0,1,3.98,36.63,SPY210115C00332000,332.0,normalDay
2020-12-03,2576.0,1692.0,0.0,100,366.69,317.5,0,0.0,0.0,,0.0,1,3.98,36.25,SPY210115C00332000,332.0,normalDay
2020-12-04,2576.0,1756.0,0.0,100,369.85,317.5,0,0.0,0.0,,0.0,1,3.98,38.77,SPY210115C00332000,332.0,normalDay
2020-12-07,2576.0,1764.0,0.0,100,369.09,317.5,0,0.0,0.0,,0.0,1,3.98,37.93,SPY210115C00332000,332.0,normalDay
2020-12-08,2576.0,1750.0,0.0,100,370.17,317.5,0,0.0,0.0,,0.0,1,3.98,39.15,SPY210115C00332000,332.0,normalDay
2020-12-09,2576.0,1745.0,0.0,100,366.85,317.5,0,0.0,0.0,,0.0,1,3.98,35.88,SPY210115C00332000,332.0,normalDay
2020-12-10,2576.0,1748.0,0.0,100,366.73,317.5,0,0.0,0.0,,0.0,1,3.98,35.73,SPY210115C00332000,332.0,normalDay
2020-12-11,2576.0,1730.0,0.0,100,366.3,317.5,0,0.0,0.0,,0.0,1,3.98,35.48,SPY210115C00332000,332.0,normalDay
2020-12-14,2576.0,1659.0,0.0,100,364.66,317.5,0,0.0,0.0,,0.0,1,3.98,34.55,SPY210115C00332000,332.0,normalDay
2020-12-15,2576.0,1801.0,0.0,100,369.59,317.5,0,0.0,0.0,,0.0,1,3.98,38.06,SPY210115C00332000,332.0,normalDay
2020-12-16,2576.0,1813.0,0.0,100,370.17,317.5,0,0.0,0.0,,0.0,1,3.98,38.52,SPY210115C00332000,332.0,normalDay
2020-12-17,2576.0,1821.0,0.0,100,372.24,317.5,0,0.0,0.0,,0.0,1,3.98,40.51,SPY210115C00332000,332.0,normalDay
2020-12-18,2576.0,1591.0,0.0,100,369.18,317.5,0,0.0,0.0,,0.0,1,3.98,39.75,SPY210115C00332000,332.0,normalDay
2020-12-21,2576.0,1686.0,0.0,100,367.86,317.5,0,0.0,0.0,,0.0,1,3.98,37.48,SPY210115C00332000,332.0,normalDay
2020-12-22,2576.0,1715.0,0.0,100,367.24,317.5,0,0.0,0.0,,0.0,1,3.98,36.57,SPY210115C00332000,332.0,normalDay
2020-12-23,2576.0,1747.0,0.0,100,367.57,317.5,0,0.0,0.0,,0.0,1,3.98,36.58,SPY210115C00332000,332.0,normalDay
2020-12-24,2576.0,1761.0,0.0,100,369.0,317.5,0,0.0,0.0,,0.0,1,3.98,37.87,SPY210115C00332000,332.0,normalDay
2020-12-28,2576.0,1761.0,0.0,100,372.17,317.5,0,0.0,0.0,,0.0,1,3.98,41.04,SPY210115C00332000,332.0,normalDay
2020-12-29,2576.0,1773.0,0.0,100,371.46,317.5,0,0.0,0.0,,0.0,1,3.98,40.21,SPY210115C00332000,332.0,normalDay
2020-12-30,2576.0,1799.0,0.0,100,371.99,317.5,0,0.0,0.0,,0.0,1,3.98,40.48,SPY210115C00332000,332.0,normalDay
2020-12-31,2576.0,1752.0,0.0,100,373.88,317.5,0,0.0,0.0,,0.0,1,3.98,42.84,SPY210115C00332000,332.0,normalDay
2021-01-04,2576.0,1760.0,0.0,100,368.79,317.5,0,0.0,0.0,,0.0,1,3.98,37.67,SPY210115C00332000,332.0,normalDay
2021-01-05,2576.0,1806.0,0.0,100,371.33,317.5,0,0.0,0.0,,0.0,1,3.98,39.75,SPY210115C00332000,332.0,normalDay
2021-01-06,2576.0,1788.0,0.0,100,373.55,317.5,0,0.0,0.0,,0.0,1,3.98,42.15,SPY210115C00332000,332.0,normalDay
2021-01-07,2576.0,1842.0,0.0,100,379.1,317.5,0,0.0,0.0,,0.0,1,3.98,47.16,SPY210115C00332000,332.0,normalDay
2021-01-08,2576.0,1805.0,0.0,100,381.26,317.5,0,0.0,0.0,,0.0,1,3.98,49.69,SPY210115C00332000,332.0,normalDay
2021-01-11,2576.0,1801.0,0.0,100,378.69,317.5,0,0.0,0.0,,0.0,1,3.98,47.16,SPY210115C00332000,332.0,normalDay
2021-01-12,2576.0,1845.0,0.0,100,378.77,317.5,0,0.0,0.0,,0.0,1,3.98,46.8,SPY210115C00332000,332.0,normalDay
2021-01-13,2576.0,1817.0,0.0,100,379.79,317.5,0,0.0,0.0,,0.0,1,3.98,48.1,SPY210115C00332000,332.0,normalDay
2021-01-14,2576.0,1811.0,0.0,100,378.46,317.5,0,0.0,0.0,,0.0,1,3.98,46.83,SPY210115C00332000,332.0,normalDay
2021-01-15,4424.0,1811.0,1848.0,0,375.7,0.0,0,0.0,0.0,,0.0,1,3.98,0.0,SPY210115C00332000,332.0,expirationDay
2021-01-19,4424.0,-3.0,0.0,0,378.65,0.0,1,3.49,3.52,SPY210219P00359000,359.0,0,0.0,0.0,,0.0,normalDay
2021-01-20,4424.0,107.0,0.0,0,383.89,0.0,1,3.49,2.42,SPY210219P00359000,359.0,0,0.0,0.0,,0.0,normalDay
2021-01-21,4424.0,125.0,0.0,0,384.24,0.0,1,3.49,2.24,SPY210219P00359000,359.0,0,0.0,0.0,,0.0,normalDay
2021-01-22,4424.0,114.0,0.0,0,382.88,0.0,1,3.49,2.35,SPY210219P00359000,359.0,0,0.0,0.0,,0.0,normalDay
2021-01-25,4424.0,135.0,0.0,0,384.39,0.0,1,3.49,2.14,SPY210219P00359000,359.0,0,0.0,0.0,,0.0,normalDay
2021-01-26,4424.0,149.0,0.0,0,383.79,0.0,1,3.49,2.0,SPY210219P00359000,359.0,0,0.0,0.0,,0.0,normalDay
2021-01-27,4424.0,-217.0,0.0,0,374.41,0.0,1,3.49,5.66,SPY210219P00359000,359.0,0,0.0,0.0,,0.0,normalDay
2021-01-28,4424.0,-46.0,0.0,0,377.63,0.0,1,3.49,3.95,SPY210219P00359000,359.0,0,0.0,0.0,,0.0,normalDay
2021-01-29,4424.0,-328.0,0.0,0,370.07,0.0,1,3.49,6.77,SPY210219P00359000,359.0,0,0.0,0.0,,0.0,normalDay
2021-02-01,4424.0,-19.0,0.0,0,376.23,0.0,1,3.49,3.68,SPY210219P00359000,359.0,0,0.0,0.0,,0.0,normalDay
2021-02-02,4424.0,176.0,0.0,0,381.55,0.0,1,3.49,1.73,SPY210219P00359000,359.0,0,0.0,0.0,,0.0,normalDay
2021-02-03,4424.0,226.0,0.0,0,381.85,0.0,1,3.49,1.23,SPY210219P00359000,359.0,0,0.0,0.0,,0.0,normalDay
2021-02-04,4424.0,276.0,0.0,0,386.19,0.0,1,3.49,0.73,SPY210219P00359000,359.0,0,0.0,0.0,,0.0,normalDay
2021-02-05,4424.0,305.0,0.0,0,387.71,0.0,1,3.49,0.44,SPY210219P00359000,359.0,0,0.0,0.0,,0.0,normalDay
2021-02-08,4424.0,322.0,0.0,0,390.51,0.0,1,3.49,0.27,SPY210219P00359000,359.0,0,0.0,0.0,,0.0,normalDay
2021-02-09,4424.0,323.0,0.0,0,390.25,0.0,1,3.49,0.26,SPY210219P00359000,359.0,0,0.0,0.0,,0.0,normalDay
2021-02-10,4424.0,322.0,0.0,0,390.08,0.0,1,3.49,0.27,SPY210219P00359000,359.0,0,0.0,0.0,,0.0,normalDay
2021-02-11,4424.0,331.0,0.0,0,390.71,0.0,1,3.49,0.18,SPY210219P00359000,359.0,0,0.0,0.0,,0.0,normalDay
2021-02-12,4424.0,341.0,0.0,0,392.64,0.0,1,3.49,0.08,SPY210219P00359000,359.0,0,0.0,0.0,,0.0,normalDay
2021-02-16,4424.0,340.0,0.0,0,392.3,0.0,1,3.49,0.09,SPY210219P00359000,359.0,0,0.0,0.0,,0.0,normalDay
2021-02-17,4424.0,344.0,0.0,0,392.39,0.0,1,3.49,0.05,SPY210219P00359000,359.0,0,0.0,0.0,,0.0,normalDay
2021-02-18,4424.0,347.0,0.0,0,390.72,0.0,1,3.49,0.02,SPY210219P00359000,359.0,0,0.0,0.0,,0.0,normalDay
2021-02-19,4773.0,0.0,349.0,0,390.03,0.0,1,3.49,0.0,SPY210219P00359000,359.0,0,0.0,0.0,,0.0,expirationDay
2021-02-22,4773.0,-6.0,0.0,0,387.03,0.0,1,3.62,3.68,SPY210326P00364000,364.0,0,0.0,0.0,,0.0,normalDay
2021-02-23,4773.0,22.0,0.0,0,387.5,0.0,1,3.62,3.4,SPY210326P00364000,364.0,0,0.0,0.0,,0.0,normalDay
2021-02-24,4773.0,124.0,0.0,0,391.77,0.0,1,3.62,2.38,SPY210326P00364000,364.0,0,0.0,0.0,,0.0,normalDay
2021-02-25,4773.0,-165.0,0.0,0,382.33,0.0,1,3.62,5.27,SPY210326P00364000,364.0,0,0.0,0.0,,0.0,normalDay
2021-02-26,4773.0,-159.0,0.0,0,380.36,0.0,1,3.62,5.21,SPY210326P00364000,364.0,0,0.0,0.0,,0.0,normalDay
2021-03-01,4773.0,112.0,0.0,0,389.58,0.0,1,3.62,2.5,SPY210326P00364000,364.0,0,0.0,0.0,,0.0,normalDay
2021-03-02,4773.0,62.0,0.0,0,386.54,0.0,1,3.62,3.0,SPY210326P00364000,364.0,0,0.0,0.0,,0.0,normalDay
2021-03-03,4773.0,-43.0,0.0,0,381.42,0.0,1,3.62,4.05,SPY210326P00364000,364.0,0,0.0,0.0,,0.0,normalDay
2021-03-04,4773.0,-179.0,0.0,0,376.7,0.0,1,3.62,5.41,SPY210326P00364000,364.0,0,0.0,0.0,,0.0,normalDay
2021-03-05,4773.0,51.0,0.0,0,383.63,0.0,1,3.62,3.11,SPY210326P00364000,364.0,0,0.0,0.0,,0.0,normalDay
2021-03-08,4773.0,31.0,0.0,0,381.72,0.0,1,3.62,3.31,SPY210326P00364000,364.0,0,0.0,0.0,,0.0,normalDay
2021-03-09,4773.0,153.0,0.0,0,387.17,0.0,1,3.62,2.09,SPY210326P00364000,364.0,0,0.0,0.0,,0.0,normalDay
2021-03-10,4773.0,224.0,0.0,0,389.58,0.0,1,3.62,1.38,SPY210326P00364000,364.0,0,0.0,0.0,,0.0,normalDay
2021-03-11,4773.0,265.0,0.0,0,393.53,0.0,1,3.62,0.97,SPY210326P00364000,364.0,0,0.0,0.0,,0.0,normalDay
2021-03-12,4773.0,304.0,0.0,0,394.06,0.0,1,3.62,0.58,SPY210326P00364000,364.0,0,0.0,0.0,,0.0,normalDay
2021-03-15,4773.0,328.0,0.0,0,396.41,0.0,1,3.62,0.34,SPY210326P00364000,364.0,0,0.0,0.0,,0.0,normalDay
2021-03-16,4773.0,328.0,0.0,0,395.91,0.0,1,3.62,0.34,SPY210326P00364000,364.0,0,0.0,0.0,,0.0,normalDay
2021-03-17,4773.0,343.0,0.0,0,397.26,0.0,1,3.62,0.19,SPY210326P00364000,364.0,0,0.0,0.0,,0.0,normalDay
2021-03-18,4773.0,321.0,0.0,0,391.48,0.0,1,3.62,0.41,SPY210326P00364000,364.0,0,0.0,0.0,,0.0,normalDay
2021-03-19,4773.0,339.0,0.0,0,389.48,0.0,1,3.62,0.23,SPY210326P00364000,364.0,0,0.0,0.0,,0.0,normalDay
2021-03-22,4773.0,358.0,0.0,0,392.59,0.0,1,3.62,0.04,SPY210326P00364000,364.0,0,0.0,0.0,,0.0,normalDay
2021-03-23,4773.0,355.0,0.0,0,389.5,0.0,1,3.62,0.07,SPY210326P00364000,364.0,0,0.0,0.0,,0.0,normalDay
2021-03-24,4773.0,357.0,0.0,0,387.52,0.0,1,3.62,0.05,SPY210326P00364000,364.0,0,0.0,0.0,,0.0,normalDay
2021-03-25,4773.0,361.0,0.0,0,389.7,0.0,1,3.62,0.01,SPY210326P00364000,364.0,0,0.0,0.0,,0.0,normalDay
2021-03-26,5135.0,0.0,362.0,0,395.98,0.0,1,3.62,0.0,SPY210326P00364000,364.0,0,0.0,0.0,,0.0,expirationDay
2021-03-29,5135.0,-5.0,0.0,0,395.78,0.0,1,2.61,2.66,SPY210430P00372500,372.5,0,0.0,0.0,,0.0,normalDay
2021-03-30,5135.0,14.0,0.0,0,394.73,0.0,1,2.61,2.47,SPY210430P00372500,372.5,0,0.0,0.0,,0.0,normalDay
2021-03-31,5135.0,49.0,0.0,0,396.33,0.0,1,2.61,2.12,SPY210430P00372500,372.5,0,0.0,0.0,,0.0,normalDay
2021-04-01,5135.0,127.0,0.0,0,400.61,0.0,1,2.61,1.34,SPY210430P00372500,372.5,0,0.0,0.0,,0.0,normalDay
2021-04-05,5135.0,170.0,0.0,0,406.36,0.0,1,2.61,0.91,SPY210430P00372500,372.5,0,0.0,0.0,,0.0,normalDay
2021-04-06,5135.0,171.0,0.0,0,406.12,0.0,1,2.61,0.9,SPY210430P00372500,372.5,0,0.0,0.0,,0.0,normalDay
2021-04-07,5135.0,190.0,0.0,0,406.59,0.0,1,2.61,0.71,SPY210430P00372500,372.5,0,0.0,0.0,,0.0,normalDay
2021-04-08,5135.0,203.0,0.0,0,408.52,0.0,1,2.61,0.58,SPY210430P00372500,372.5,0,0.0,0.0,,0.0,normalDay
2021-04-09,5135.0,217.0,0.0,0,411.49,0.0,1,2.61,0.44,SPY210430P00372500,372.5,0,0.0,0.0,,0.0,normalDay
2021-04-12,5135.0,230.0,0.0,0,411.64,0.0,1,2.61,0.31,SPY210430P00372500,372.5,0,0.0,0.0,,0.0,normalDay
2021-04-13,5135.0,236.0,0.0,0,412.86,0.0,1,2.61,0.25,SPY210430P00372500,372.5,0,0.0,0.0,,0.0,normalDay
2021-04-14,5135.0,234.0,0.0,0,411.45,0.0,1,2.61,0.27,SPY210430P00372500,372.5,0,0.0,0.0,,0.0,normalDay
2021-04-15,5135.0,240.0,0.0,0,415.87,0.0,1,2.61,0.21,SPY210430P00372500,372.5,0,0.0,0.0,,0.0,normalDay
2021-04-16,5135.0,247.0,0.0,0,417.26,0.0,1,2.61,0.14,SPY210430P00372500,372.5,0,0.0,0.0,,0.0,normalDay
2021-04-19,5135.0,249.0,0.0,0,415.21,0.0,1,2.61,0.12,SPY210430P00372500,372.5,0,0.0,0.0,,0.0,normalDay
2021-04-20,5135.0,244.0,0.0,0,412.17,0.0,1,2.61,0.17,SPY210430P00372500,372.5,0,0.0,0.0,,0.0,normalDay
2021-04-21,5135.0,254.0,0.0,0,416.07,0.0,1,2.61,0.07,SPY210430P00372500,372.5,0,0.0,0.0,,0.0,normalDay
2021-04-22,5135.0,251.0,0.0,0,412.27,0.0,1,2.61,0.1,SPY210430P00372500,372.5,0,0.0,0.0,,0.0,normalDay
2021-04-23,5135.0,257.0,0.0,0,416.74,0.0,1,2.61,0.04,SPY210430P00372500,372.5,0,0.0,0.0,,0.0,normalDay
2021-04-26,5135.0,258.0,0.0,0,417.61,0.0,1,2.61,0.03,SPY210430P00372500,372.5,0,0.0,0.0,,0.0,normalDay
2021-04-27,5135.0,259.0,0.0,0,417.52,0.0,1,2.61,0.02,SPY210430P00372500,372.5,0,0.0,0.0,,0.0,normalDay
2021-04-28,5135.0,260.0,0.0,0,417.4,0.0,1,2.61,0.01,SPY210430P00372500,372.5,0,0.0,0.0,,0.0,normalDay
2021-04-29,5135.0,260.0,0.0,0,420.06,0.0,1,2.61,0.01,SPY210430P00372500,372.5,0,0.0,0.0,,0.0,normalDay
2021-04-30,5396.0,0.0,261.0,0,417.3,0.0,1,2.61,0.0,SPY210430P00372500,372.5,0,0.0,0.0,,0.0,expirationDay
2021-05-03,5396.0,-4.0,0.0,0,418.2,0.0,1,3.05,3.09,SPY210604P00401000,401.0,0,0.0,0.0,,0.0,normalDay
2021-05-04,5396.0,-78.0,0.0,0,415.62,0.0,1,3.05,3.83,SPY210604P00401000,401.0,0,0.0,0.0,,0.0,normalDay
2021-05-05,5396.0,-59.0,0.0,0,415.75,0.0,1,3.05,3.64,SPY210604P00401000,401.0,0,0.0,0.0,,0.0,normalDay
2021-05-06,5396.0,33.0,0.0,0,419.07,0.0,1,3.05,2.72,SPY210604P00401000,401.0,0,0.0,0.0,,0.0,normalDay
2021-05-07,5396.0,110.0,0.0,0,422.12,0.0,1,3.05,1.95,SPY210604P00401000,401.0,0,0.0,0.0,,0.0,normalDay
2021-05-10,5396.0,14.0,0.0,0,417.94,0.0,1,3.05,2.91,SPY210604P00401000,401.0,0,0.0,0.0,,0.0,normalDay
2021-05-11,5396.0,-89.0,0.0,0,414.21,0.0,1,3.05,3.94,SPY210604P00401000,401.0,0,0.0,0.0,,0.0,normalDay
2021-05-12,5396.0,-464.0,0.0,0,405.41,0.0,1,3.05,7.69,SPY210604P00401000,401.0,0,0.0,0.0,,0.0,normalDay
2021-05-13,5396.0,-195.0,0.0,0,410.28,0.0,1,3.05,5.0,SPY210604P00401000,401.0,0,0.0,0.0,,0.0,normalDay
2021-05-14,5396.0,73.0,0.0,0,416.58,0.0,1,3.05,2.32,SPY210604P00401000,401.0,0,0.0,0.0,,0.0,normalDay
2021-05-17,5396.0,76.0,0.0,0,415.52,0.0,1,3.05,2.29,SPY210604P00401000,401.0,0,0.0,0.0,,0.0,normalDay
2021-05-18,5396.0,-9.0,0.0,0,411.94,0.0,1,3.05,3.14,SPY210604P00401000,401.0,0,0.0,0.0,,0.0,normalDay
2021-05-19,5396.0,-24.0,0.0,0,410.86,0.0,1,3.05,3.29,SPY210604P00401000,401.0,0,0.0,0.0,,0.0,normalDay
2021-05-20,5396.0,104.0,0.0,0,415.28,0.0,1,3.05,2.01,SPY210604P00401000,401.0,0,0.0,0.0,,0.0,normalDay
2021-05-21,5396.0,132.0,0.0,0,414.94,0.0,1,3.05,1.73,SPY210604P00401000,401.0,0,0.0,0.0,,0.0,normalDay
2021-05-24,5396.0,240.0,0.0,0,419.17,0.0,1,3.05,0.65,SPY210604P00401000,401.0,0,0.0,0.0,,0.0,normalDay
2021-05-25,5396.0,234.0,0.0,0,418.24,0.0,1,3.05,0.71,SPY210604P00401000,401.0,0,0.0,0.0,,0.0,normalDay
2021-05-26,5396.0,263.0,0.0,0,419.07,0.0,1,3.05,0.42,SPY210604P00401000,401.0,0,0.0,0.0,,0.0,normalDay
2021-05-27,5396.0,278.0,0.0,0,419.29,0.0,1,3.05,0.27,SPY210604P00401000,401.0,0,0.0,0.0,,0.0,normalDay
2021-05-28,5396.0,287.0,0.0,0,420.04,0.0,1,3.05,0.18,SPY210604P00401000,401.0,0,0.0,0.0,,0.0,normalDay
2021-06-01,5396.0,297.0,0.0,0,419.67,0.0,1,3.05,0.08,SPY210604P00401000,401.0,0,0.0,0.0,,0.0,normalDay
2021-06-02,5396.0,302.0,0.0,0,420.33,0.0,1,3.05,0.03,SPY210604P00401000,401.0,0,0.0,0.0,,0.0,normalDay
2021-06-03,5396.0,302.0,0.0,0,418.77,0.0,1,3.05,0.03,SPY210604P00401000,401.0,0,0.0,0.0,,0.0,normalDay
2021-06-04,5701.0,0.0,305.0,0,422.6,0.0,1,3.05,0.0,SPY210604P00401000,401.0,0,0.0,0.0,,0.0,expirationDay
2021-06-07,5701.0,-4.0,0.0,0,422.19,0.0,1,2.29,2.33,SPY210709P00402500,402.5,0,0.0,0.0,,0.0,normalDay
2021-06-08,5701.0,-13.0,0.0,0,422.28,0.0,1,2.29,2.42,SPY210709P00402500,402.5,0,0.0,0.0,,0.0,normalDay
2021-06-09,5701.0,-36.0,0.0,0,421.65,0.0,1,2.29,2.65,SPY210709P00402500,402.5,0,0.0,0.0,,0.0,normalDay
2021-06-10,5701.0,40.0,0.0,0,423.61,0.0,1,2.29,1.89,SPY210709P00402500,402.5,0,0.0,0.0,,0.0,normalDay
2021-06-11,5701.0,63.0,0.0,0,424.31,0.0,1,2.29,1.66,SPY210709P00402500,402.5,0,0.0,0.0,,0.0,normalDay
2021-06-14,5701.0,79.0,0.0,0,425.26,0.0,1,2.29,1.5,SPY210709P00402500,402.5,0,0.0,0.0,,0.0,normalDay
2021-06-15,5701.0,67.0,0.0,0,424.48,0.0,1,2.29,1.62,SPY210709P00402500,402.5,0,0.0,0.0,,0.0,normalDay
2021-06-16,5701.0,32.0,0.0,0,422.11,0.0,1,2.29,1.97,SPY210709P00402500,402.5,0,0.0,0.0,,0.0,normalDay
2021-06-17,5701.0,55.0,0.0,0,421.97,0.0,1,2.29,1.74,SPY210709P00402500,402.5,0,0.0,0.0,,0.0,normalDay
2021-06-18,5701.0,-93.0,0.0,0,414.92,0.0,1,2.29,3.22,SPY210709P00402500,402.5,0,0.0,0.0,,0.0,normalDay
2021-06-21,5701.0,88.0,0.0,0,420.86,0.0,1,2.29,1.41,SPY210709P00402500,402.5,0,0.0,0.0,,0.0,normalDay
2021-06-22,5701.0,133.0,0.0,0,423.11,0.0,1,2.29,0.96,SPY210709P00402500,402.5,0,0.0,0.0,,0.0,normalDay
2021-06-23,5701.0,148.0,0.0,0,422.6,0.0,1,2.29,0.81,SPY210709P00402500,402.5,0,0.0,0.0,,0.0,normalDay
2021-06-24,5701.0,173.0,0.0,0,425.1,0.0,1,2.29,0.56,SPY210709P00402500,402.5,0,0.0,0.0,,0.0,normalDay
2021-06-25,5701.0,189.0,0.0,0,426.61,0.0,1,2.29,0.4,SPY210709P00402500,402.5,0,0.0,0.0,,0.0,normalDay
2021-06-28,5701.0,203.0,0.0,0,427.47,0.0,1,2.29,0.26,SPY210709P00402500,402.5,0,0.0,0.0,,0.0,normalDay
2021-06-29,5701.0,205.0,0.0,0,427.7,0.0,1,2.29,0.24,SPY210709P00402500,402.5,0,0.0,0.0,,0.0,normalDay
2021-06-30,5701.0,212.0,0.0,0,428.06,0.0,1,2.29,0.17,SPY210709P00402500,402.5,0,0.0,0.0,,0.0,normalDay
2021-07-01,5701.0,217.0,0.0,0,430.43,0.0,1,2.29,0.12,SPY210709P00402500,402.5,0,0.0,0.0,,0.0,normalDay
2021-07-02,5701.0,224.0,0.0,0,433.72,0.0,1,2.29,0.05,SPY210709P00402500,402.5,0,0.0,0.0,,0.0,normalDay
2021-07-06,5701.0,226.0,0.0,0,432.93,0.0,1,2.29,0.03,SPY210709P00402500,402.5,0,0.0,0.0,,0.0,normalDay
2021-07-07,5701.0,227.0,0.0,0,434.46,0.0,1,2.29,0.02,SPY210709P00402500,402.5,0,0.0,0.0,,0.0,normalDay
2021-07-08,5701.0,227.0,0.0,0,430.92,0.0,1,2.29,0.02,SPY210709P00402500,402.5,0,0.0,0.0,,0.0,normalDay
2021-07-09,5930.0,0.0,229.0,0,435.52,0.0,1,2.29,0.0,SPY210709P00402500,402.5,0,0.0,0.0,,0.0,expirationDay
2021-07-12,5930.0,-4.0,0.0,0,437.08,0.0,1,1.71,1.75,SPY210813P00410000,410.0,0,0.0,0.0,,0.0,normalDay
2021-07-13,5930.0,-35.0,0.0,0,435.59,0.0,1,1.71,2.06,SPY210813P00410000,410.0,0,0.0,0.0,,0.0,normalDay
2021-07-14,5930.0,3.0,0.0,0,436.24,0.0,1,1.71,1.68,SPY210813P00410000,410.0,0,0.0,0.0,,0.0,normalDay
2021-07-15,5930.0,-21.0,0.0,0,434.75,0.0,1,1.71,1.92,SPY210813P00410000,410.0,0,0.0,0.0,,0.0,normalDay
2021-07-16,5930.0,-77.0,0.0,0,431.34,0.0,1,1.71,2.48,SPY210813P00410000,410.0,0,0.0,0.0,,0.0,normalDay
2021-07-19,5930.0,-240.0,0.0,0,424.97,0.0,1,1.71,4.11,SPY210813P00410000,410.0,0,0.0,0.0,,0.0,normalDay
2021-07-20,5930.0,-81.0,0.0,0,431.06,0.0,1,1.71,2.52,SPY210813P00410000,410.0,0,0.0,0.0,,0.0,normalDay
2021-07-21,5930.0,13.0,0.0,0,434.55,0.0,1,1.71,1.58,SPY210813P00410000,410.0,0,0.0,0.0,,0.0,normalDay
2021-07-22,5930.0,33.0,0.0,0,435.46,0.0,1,1.71,1.38,SPY210813P00410000,410.0,0,0.0,0.0,,0.0,normalDay
2021-07-23,5930.0,77.0,0.0,0,439.94,0.0,1,1.71,0.94,SPY210813P00410000,410.0,0,0.0,0.0,,0.0,normalDay
2021-07-26,5930.0,103.0,0.0,0,441.02,0.0,1,1.71,0.68,SPY210813P00410000,410.0,0,0.0,0.0,,0.0,normalDay
2021-07-27,5930.0,71.0,0.0,0,439.01,0.0,1,1.71,1.0,SPY210813P00410000,410.0,0,0.0,0.0,,0.0,normalDay
2021-07-28,5930.0,95.0,0.0,0,438.83,0.0,1,1.71,0.76,SPY210813P00410000,410.0,0,0.0,0.0,,0.0,normalDay
2021-07-29,5930.0,121.0,0.0,0,440.65,0.0,1,1.71,0.5,SPY210813P00410000,410.0,0,0.0,0.0,,0.0,normalDay
2021-07-30,5930.0,114.0,0.0,0,438.51,0.0,1,1.71,0.57,SPY210813P00410000,410.0,0,0.0,0.0,,0.0,normalDay
2021-08-02,5930.0,120.0,0.0,0,437.59,0.0,1,1.71,0.51,SPY210813P00410000,410.0,0,0.0,0.0,,0.0,normalDay
2021-08-03,5930.0,149.0,0.0,0,441.15,0.0,1,1.71,0.22,SPY210813P00410000,410.0,0,0.0,0.0,,0.0,normalDay
2021-08-04,5930.0,151.0,0.0,0,438.98,0.0,1,1.71,0.2,SPY210813P00410000,410.0,0,0.0,0.0,,0.0,normalDay
2021-08-05,5930.0,158.0,0.0,0,441.76,0.0,1,1.71,0.13,SPY210813P00410000,410.0,0,0.0,0.0,,0.0,normalDay
2021-08-06,5930.0,166.0,0.0,0,442.49,0.0,1,1.71,0.05,SPY210813P00410000,410.0,0,0.0,0.0,,0.0,normalDay
2021-08-09,5930.0,167.0,0.0,0,442.13,0.0,1,1.71,0.04,SPY210813P00410000,410.0,0,0.0,0.0,,0.0,normalDay
2021-08-10,5930.0,167.0,0.0,0,442.68,0.0,1,1.71,0.04,SPY210813P00410000,410.0,0,0.0,0.0,,0.0,normalDay
2021-08-11,5930.0,169.0,0.0,0,443.78,0.0,1,1.71,0.02,SPY210813P00410000,410.0,0,0.0,0.0,,0.0,normalDay
2021-08-12,5930.0,170.0,0.0,0,445.11,0.0,1,1.71,0.01,SPY210813P00410000,410.0,0,0.0,0.0,,0.0,normalDay
2021-08-13,6101.0,0.0,171.0,0,445.92,0.0,1,1.71,0.0,SPY210813P00410000,410.0,0,0.0,0.0,,0.0,expirationDay
2021-08-16,6101.0,-3.0,0.0,0,446.97,0.0,1,2.7,2.73,SPY210917P00428000,428.0,0,0.0,0.0,,0.0,normalDay
2021-08-17,6101.0,-97.0,0.0,0,444.04,0.0,1,2.7,3.67,SPY210917P00428000,428.0,0,0.0,0.0,,0.0,normalDay
2021-08-18,6101.0,-281.0,0.0,0,439.18,0.0,1,2.7,5.51,SPY210917P00428000,428.0,0,0.0,0.0,,0.0,normalDay
2021-08-19,6101.0,-252.0,0.0,0,439.86,0.0,1,2.7,5.22,SPY210917P00428000,428.0,0,0.0,0.0,,0.0,normalDay
2021-08-20,6101.0,-78.0,0.0,0,443.36,0.0,1,2.7,3.48,SPY210917P00428000,428.0,0,0.0,0.0,,0.0,normalDay
2021-08-23,6101.0,56.0,0.0,0,447.26,0.0,1,2.7,2.14,SPY210917P00428000,428.0,0,0.0,0.0,,0.0,normalDay
2021-08-24,6101.0,69.0,0.0,0,447.97,0.0,1,2.7,2.01,SPY210917P00428000,428.0,0,0.0,0.0,,0.0,normalDay
2021-08-25,6101.0,99.0,0.0,0,448.91,0.0,1,2.7,1.71,SPY210917P00428000,428.0,0,0.0,0.0,,0.0,normalDay
2021-08-26,6101.0,34.0,0.0,0,446.26,0.0,1,2.7,2.36,SPY210917P00428000,428.0,0,0.0,0.0,,0.0,normalDay
2021-08-27,6101.0,137.0,0.0,0,450.25,0.0,1,2.7,1.33,SPY210917P00428000,428.0,0,0.0,0.0,,0.0,normalDay
2021-08-30,6101.0,175.0,0.0,0,452.23,0.0,1,2.7,0.95,SPY210917P00428000,428.0,0,0.0,0.0,,0.0,normalDay
2021-08-31,6101.0,171.0,0.0,0,451.56,0.0,1,2.7,0.99,SPY210917P00428000,428.0,0,0.0,0.0,,0.0,normalDay
2021-09-01,6101.0,187.0,0.0,0,451.8,0.0,1,2.7,0.83,SPY210917P00428000,428.0,0,0.0,0.0,,0.0,normalDay
2021-09-02,6101.0,190.0,0.0,0,453.19,0.0,1,2.7,0.8,SPY210917P00428000,428.0,0,0.0,0.0,,0.0,normalDay
2021-09-03,6101.0,205.0,0.0,0,453.08,0.0,1,2.7,0.65,SPY210917P00428000,428.0,0,0.0,0.0,,0.0,normalDay
2021-09-07,6101.0,206.0,0.0,0,451.46,0.0,1,2.7,0.64,SPY210917P00428000,428.0,0,0.0,0.0,,0.0,normalDay
2021-09-08,6101.0,215.0,0.0,0,450.91,0.0,1,2.7,0.55,SPY210917P00428000,428.0,0,0.0,0.0,,0.0,normalDay
2021-09-09,6101.0,204.0,0.0,0,448.98,0.0,1,2.7,0.66,SPY210917P00428000,428.0,0,0.0,0.0,,0.0,normalDay
2021-09-10,6101.0,149.0,0.0,0,445.44,0.0,1,2.7,1.21,SPY210917P00428000,428.0,0,0.0,0.0,,0.0,normalDay
2021-09-13,6101.0,216.0,0.0,0,446.58,0.0,1,2.7,0.54,SPY210917P00428000,428.0,0,0.0,0.0,,0.0,normalDay
2021-09-14,6101.0,228.0,0.0,0,444.17,0.0,1,2.7,0.42,SPY210917P00428000,428.0,0,0.0,0.0,,0.0,normalDay
2021-09-15,6101.0,258.0,0.0,0,447.88,0.0,1,2.7,0.12,SPY210917P00428000,428.0,0,0.0,0.0,,0.0,normalDay
2021-09-16,6101.0,262.0,0.0,0,447.17,0.0,1,2.7,0.08,SPY210917P00428000,428.0,0,0.0,0.0,,0.0,normalDay
2021-09-17,6371.0,0.0,270.0,0,441.4,0.0,1,2.7,0.0,SPY210917P00428000,428.0,0,0.0,0.0,,0.0,expirationDay
2021-09-20,6371.0,-8.0,0.0,0,434.04,0.0,1,10.11,10.19,SPY211022P00434000,434.0,0,0.0,0.0,,0.0,normalDay
2021-09-21,6371.0,14.0,0.0,0,433.63,0.0,1,10.11,9.97,SPY211022P00434000,434.0,0,0.0,0.0,,0.0,normalDay
2021-09-22,6371.0,309.0,0.0,0,437.86,0.0,1,10.11,7.02,SPY211022P00434000,434.0,0,0.0,0.0,,0.0,normalDay
2021-09-23,6371.0,543.0,0.0,0,443.18,0.0,1,10.11,4.68,SPY211022P00434000,434.0,0,0.0,0.0,,0.0,normalDay
2021-09-24,6371.0,602.0,0.0,0,443.91,0.0,1,10.11,4.09,SPY211022P00434000,434.0,0,0.0,0.0,,0.0,normalDay
2021-09-27,6371.0,577.0,0.0,0,442.64,0.0,1,10.11,4.34,SPY211022P00434000,434.0,0,0.0,0.0,,0.0,normalDay
2021-09-28,6371.0,179.0,0.0,0,433.72,0.0,1,10.11,8.32,SPY211022P00434000,434.0,0,0.0,0.0,,0.0,normalDay
2021-09-29,6371.0,238.0,0.0,0,434.45,0.0,1,10.11,7.73,SPY211022P00434000,434.0,0,0.0,0.0,,0.0,normalDay
2021-09-30,6371.0,-12.0,0.0,0,429.14,0.0,1,10.11,10.23,SPY211022P00434000,434.0,0,0.0,0.0,,0.0,normalDay
2021-10-01,6371.0,300.0,0.0,0,434.24,0.0,1,10.11,7.11,SPY211022P00434000,434.0,0,0.0,0.0,,0.0,normalDay
2021-10-04,6371.0,22.0,0.0,0,428.64,0.0,1,10.11,9.89,SPY211022P00434000,434.0,0,0.0,0.0,,0.0,normalDay
2021-10-05,6371.0,305.0,0.0,0,433.1,0.0,1,10.11,7.06,SPY211022P00434000,434.0,0,0.0,0.0,,0.0,normalDay
2021-10-06,6371.0,389.0,0.0,0,434.9,0.0,1,10.11,6.22,SPY211022P00434000,434.0,0,0.0,0.0,,0.0,normalDay
2021-10-07,6371.0,602.0,0.0,0,438.66,0.0,1,10.11,4.09,SPY211022P00434000,434.0,0,0.0,0.0,,0.0,normalDay
2021-10-08,6371.0,606.0,0.0,0,437.86,0.0,1,10.11,4.05,SPY211022P00434000,434.0,0,0.0,0.0,,0.0,normalDay
2021-10-11,6371.0,503.0,0.0,0,434.69,0.0,1,10.11,5.08,SPY211022P00434000,434.0,0,0.0,0.0,,0.0,normalDay
2021-10-12,6371.0,468.0,0.0,0,433.62,0.0,1,10.11,5.43,SPY211022P00434000,434.0,0,0.0,0.0,,0.0,normalDay
2021-10-13,6371.0,646.0,0.0,0,435.18,0.0,1,10.11,3.65,SPY211022P00434000,434.0,0,0.0,0.0,,0.0,normalDay
2021-10-14,6371.0,895.0,0.0,0,442.5,0.0,1,10.11,1.16,SPY211022P00434000,434.0,0,0.0,0.0,,0.0,normalDay
2021-10-15,6371.0,960.0,0.0,0,445.87,0.0,1,10.11,0.51,SPY211022P00434000,434.0,0,0.0,0.0,,0.0,normalDay
2021-10-18,6371.0,990.0,0.0,0,447.19,0.0,1,10.11,0.21,SPY211022P00434000,434.0,0,0.0,0.0,,0.0,normalDay
2021-10-19,6371.0,1003.0,0.0,0,450.64,0.0,1,10.11,0.08,SPY211022P00434000,434.0,0,0.0,0.0,,0.0,normalDay
2021-10-20,6371.0,1007.0,0.0,0,452.41,0.0,1,10.11,0.04,SPY211022P00434000,434.0,0,0.0,0.0,,0.0,normalDay
2021-10-21,6371.0,1009.0,0.0,0,453.59,0.0,1,10.11,0.02,SPY211022P00434000,434.0,0,0.0,0.0,,0.0,normalDay
2021-10-22,7382.0,0.0,1011.0,0,453.12,0.0,1,10.11,0.0,SPY211022P00434000,434.0,0,0.0,0.0,,0.0,expirationDay
2021-10-25,7382.0,-4.0,0.0,0,455.55,0.0,1,0.91,0.95,SPY211126P00412000,412.0,0,0.0,0.0,,0.0,normalDay
2021-10-26,7382.0,-7.0,0.0,0,455.96,0.0,1,0.91,0.98,SPY211126P00412000,412.0,0,0.0,0.0,,0.0,normalDay
2021-10-27,7382.0,-26.0,0.0,0,453.94,0.0,1,0.91,1.17,SPY211126P00412000,412.0,0,0.0,0.0,,0.0,normalDay
2021-10-28,7382.0,3.0,0.0,0,458.32,0.0,1,0.91,0.88,SPY211126P00412000,412.0,0,0.0,0.0,,0.0,normalDay
2021-10-29,7382.0,16.0,0.0,0,459.25,0.0,1,0.91,0.75,SPY211126P00412000,412.0,0,0.0,0.0,,0.0,normalDay
2021-11-01,7382.0,33.0,0.0,0,460.04,0.0,1,0.91,0.58,SPY211126P00412000,412.0,0,0.0,0.0,,0.0,normalDay
2021-11-02,7382.0,42.0,0.0,0,461.9,0.0,1,0.91,0.49,SPY211126P00412000,412.0,0,0.0,0.0,,0.0,normalDay
2021-11-03,7382.0,55.0,0.0,0,464.72,0.0,1,0.91,0.36,SPY211126P00412000,412.0,0,0.0,0.0,,0.0,normalDay
2021-11-04,7382.0,54.0,0.0,0,466.91,0.0,1,0.91,0.37,SPY211126P00412000,412.0,0,0.0,0.0,,0.0,normalDay
2021-11-05,7382.0,53.0,0.0,0,468.53,0.0,1,0.91,0.38,SPY211126P00412000,412.0,0,0.0,0.0,,0.0,normalDay
2021-11-08,7382.0,56.0,0.0,0,468.93,0.0,1,0.91,0.35,SPY211126P00412000,412.0,0,0.0,0.0,,0.0,normalDay
2021-11-09,7382.0,58.0,0.0,0,467.38,0.0,1,0.91,0.33,SPY211126P00412000,412.0,0,0.0,0.0,,0.0,normalDay
2021-11-10,7382.0,56.0,0.0,0,463.62,0.0,1,0.91,0.35,SPY211126P00412000,412.0,0,0.0,0.0,,0.0,normalDay
2021-11-11,7382.0,67.0,0.0,0,463.77,0.0,1,0.91,0.24,SPY211126P00412000,412.0,0,0.0,0.0,,0.0,normalDay
2021-11-12,7382.0,76.0,0.0,0,467.27,0.0,1,0.91,0.15,SPY211126P00412000,412.0,0,0.0,0.0,,0.0,normalDay
2021-11-15,7382.0,82.0,0.0,0,467.43,0.0,1,0.91,0.09,SPY211126P00412000,412.0,0,0.0,0.0,,0.0,normalDay
2021-11-16,7382.0,84.0,0.0,0,469.28,0.0,1,0.91,0.07,SPY211126P00412000,412.0,0,0.0,0.0,,0.0,normalDay
2021-11-17,7382.0,86.0,0.0,0,468.14,0.0,1,0.91,0.05,SPY211126P00412000,412.0,0,0.0,0.0,,0.0,normalDay
2021-11-18,7382.0,86.0,0.0,0,469.73,0.0,1,0.91,0.05,SPY211126P00412000,412.0,0,0.0,0.0,,0.0,normalDay
2021-11-19,7382.0,87.0,0.0,0,468.89,0.0,1,0.91,0.04,SPY211126P00412000,412.0,0,0.0,0.0,,0.0,normalDay
2021-11-22,7382.0,87.0,0.0,0,467.57,0.0,1,0.91,0.04,SPY211126P00412000,412.0,0,0.0,0.0,,0.0,normalDay
2021-11-23,7382.0,89.0,0.0,0,468.19,0.0,1,0.91,0.02,SPY211126P00412000,412.0,0,0.0,0.0,,0.0,normalDay
2021-11-24,7382.0,90.0,0.0,0,469.44,0.0,1,0.91,0.01,SPY211126P00412000,412.0,0,0.0,0.0,,0.0,normalDay
2021-11-26,7473.0,0.0,91.0,0,458.97,0.0,1,0.91,0.0,SPY211126P00412000,412.0,0,0.0,0.0,,0.0,expirationDay
2021-11-29,7473.0,-5.0,0.0,0,464.6,0.0,1,7.24,7.29,SPY211231P00456000,456.0,0,0.0,0.0,,0.0,normalDay
2021-11-30,7473.0,-388.0,0.0,0,455.56,0.0,1,7.24,11.12,SPY211231P00456000,456.0,0,0.0,0.0,,0.0,normalDay
2021-12-01,7473.0,-862.0,0.0,0,450.5,0.0,1,7.24,15.86,SPY211231P00456000,456.0,0,0.0,0.0,,0.0,normalDay
2021-12-02,7473.0,-372.0,0.0,0,457.4,0.0,1,7.24,10.96,SPY211231P00456000,456.0,0,0.0,0.0,,0.0,normalDay
2021-12-03,7473.0,-605.0,0.0,0,453.42,0.0,1,7.24,13.29,SPY211231P00456000,456.0,0,0.0,0.0,,0.0,normalDay
2021-12-06,7473.0,-208.0,0.0,0,458.79,0.0,1,7.24,9.32,SPY211231P00456000,456.0,0,0.0,0.0,,0.0,normalDay
2021-12-07,7473.0,243.0,0.0,0,468.28,0.0,1,7.24,4.81,SPY211231P00456000,456.0,0,0.0,0.0,,0.0,normalDay
2021-12-08,7473.0,346.0,0.0,0,469.52,0.0,1,7.24,3.78,SPY211231P00456000,456.0,0,0.0,0.0,,0.0,normalDay
2021-12-09,7473.0,246.0,0.0,0,466.35,0.0,1,7.24,4.78,SPY211231P00456000,456.0,0,0.0,0.0,,0.0,normalDay
2021-12-10,7473.0,433.0,0.0,0,470.74,0.0,1,7.24,2.91,SPY211231P00456000,456.0,0,0.0,0.0,,0.0,normalDay
2021-12-13,7473.0,336.0,0.0,0,466.57,0.0,1,7.24,3.88,SPY211231P00456000,456.0,0,0.0,0.0,,0.0,normalDay
2021-12-14,7473.0,217.0,0.0,0,463.36,0.0,1,7.24,5.07,SPY211231P00456000,456.0,0,0.0,0.0,,0.0,normalDay
2021-12-15,7473.0,490.0,0.0,0,470.6,0.0,1,7.24,2.34,SPY211231P00456000,456.0,0,0.0,0.0,,0.0,normalDay
2021-12-16,7473.0,397.0,0.0,0,466.45,0.0,1,7.24,3.27,SPY211231P00456000,456.0,0,0.0,0.0,,0.0,normalDay
2021-12-17,7473.0,240.0,0.0,0,459.87,0.0,1,7.24,4.84,SPY211231P00456000,456.0,0,0.0,0.0,,0.0,normalDay
2021-12-20,7473.0,61.0,0.0,0,454.98,0.0,1,7.24,6.63,SPY211231P00456000,456.0,0,0.0,0.0,,0.0,normalDay
2021-12-21,7473.0,431.0,0.0,0,463.06,0.0,1,7.24,2.93,SPY211231P00456000,456.0,0,0.0,0.0,,0.0,normalDay
2021-12-22,7473.0,615.0,0.0,0,467.69,0.0,1,7.24,1.09,SPY211231P00456000,456.0,0,0.0,0.0,,0.0,normalDay
2021-12-23,7473.0,678.0,0.0,0,470.6,0.0,1,7.24,0.46,SPY211231P00456000,456.0,0,0.0,0.0,,0.0,normalDay
2021-12-27,7473.0,714.0,0.0,0,477.26,0.0,1,7.24,0.1,SPY211231P00456000,456.0,0,0.0,0.0,,0.0,normalDay
2021-12-28,7473.0,716.0,0.0,0,476.87,0.0,1,7.24,0.08,SPY211231P00456000,456.0,0,0.0,0.0,,0.0,normalDay
2021-12-29,7473.0,721.0,0.0,0,477.48,0.0,1,7.24,0.03,SPY211231P00456000,456.0,0,0.0,0.0,,0.0,normalDay
2021-12-30,7473.0,720.0,0.0,0,476.16,0.0,1,7.24,0.04,SPY211231P00456000,456.0,0,0.0,0.0,,0.0,normalDay
2021-12-31,8197.0,0.0,724.0,0,474.96,0.0,1,7.24,0.0,SPY211231P00456000,456.0,0,0.0,0.0,,0.0,expirationDay
2022-01-03,8197.0,-5.0,0.0,0,477.71,0.0,1,1.88,1.93,SPY220204P00448000,448.0,0,0.0,0.0,,0.0,normalDay
2022-01-04,8197.0,-6.0,0.0,0,477.55,0.0,1,1.88,1.94,SPY220204P00448000,448.0,0,0.0,0.0,,0.0,normalDay
2022-01-05,8197.0,-183.0,0.0,0,468.38,0.0,1,1.88,3.71,SPY220204P00448000,448.0,0,0.0,0.0,,0.0,normalDay
2022-01-06,8197.0,-172.0,0.0,0,467.94,0.0,1,1.88,3.6,SPY220204P00448000,448.0,0,0.0,0.0,,0.0,normalDay
2022-01-07,8197.0,-146.0,0.0,0,466.09,0.0,1,1.88,3.34,SPY220204P00448000,448.0,0,0.0,0.0,,0.0,normalDay
2022-01-10,8197.0,-149.0,0.0,0,465.51,0.0,1,1.88,3.37,SPY220204P00448000,448.0,0,0.0,0.0,,0.0,normalDay
2022-01-11,8197.0,-59.0,0.0,0,469.75,0.0,1,1.88,2.47,SPY220204P00448000,448.0,0,0.0,0.0,,0.0,normalDay
2022-01-12,8197.0,-12.0,0.0,0,471.02,0.0,1,1.88,2.0,SPY220204P00448000,448.0,0,0.0,0.0,,0.0,normalDay
2022-01-13,8197.0,-167.0,0.0,0,464.53,0.0,1,1.88,3.55,SPY220204P00448000,448.0,0,0.0,0.0,,0.0,normalDay
2022-01-14,8197.0,-115.0,0.0,0,464.72,0.0,1,1.88,3.03,SPY220204P00448000,448.0,0,0.0,0.0,,0.0,normalDay
2022-01-18,8197.0,-361.0,0.0,0,456.49,0.0,1,1.88,5.49,SPY220204P00448000,448.0,0,0.0,0.0,,0.0,normalDay
2022-01-19,8197.0,-466.0,0.0,0,451.75,0.0,1,1.88,6.54,SPY220204P00448000,448.0,0,0.0,0.0,,0.0,normalDay
2022-01-20,8197.0,-716.0,0.0,0,446.75,0.0,1,1.88,9.04,SPY220204P00448000,448.0,0,0.0,0.0,,0.0,normalDay
2022-01-21,8197.0,-1234.0,0.0,0,437.98,0.0,1,1.88,14.22,SPY220204P00448000,448.0,0,0.0,0.0,,0.0,normalDay
2022-01-24,8197.0,-1203.0,0.0,0,439.84,0.0,1,1.88,13.91,SPY220204P00448000,448.0,0,0.0,0.0,,0.0,normalDay
2022-01-25,8197.0,-1598.0,0.0,0,434.47,0.0,1,1.88,17.86,SPY220204P00448000,448.0,0,0.0,0.0,,0.0,normalDay
2022-01-26,8197.0,-1563.0,0.0,0,433.38,0.0,1,1.88,17.51,SPY220204P00448000,448.0,0,0.0,0.0,,0.0,normalDay
2022-01-27,8197.0,-1595.0,0.0,0,431.24,0.0,1,1.88,17.83,SPY220204P00448000,448.0,0,0.0,0.0,,0.0,normalDay
2022-01-28,8197.0,-763.0,0.0,0,441.95,0.0,1,1.88,9.51,SPY220204P00448000,448.0,0,0.0,0.0,,0.0,normalDay
2022-01-31,8197.0,-235.0,0.0,0,449.91,0.0,1,1.88,4.23,SPY220204P00448000,448.0,0,0.0,0.0,,0.0,normalDay
2022-02-01,8197.0,18.0,0.0,0,452.95,0.0,1,1.88,1.7,SPY220204P00448000,448.0,0,0.0,0.0,,0.0,normalDay
2022-02-02,8197.0,93.0,0.0,0,457.35,0.0,1,1.88,0.95,SPY220204P00448000,448.0,0,0.0,0.0,,0.0,normalDay
2022-02-03,8197.0,-13.0,0.0,0,446.6,0.0,1,1.88,2.01,SPY220204P00448000,448.0,0,0.0,0.0,,0.0,normalDay
2022-02-04,8385.0,0.0,188.0,0,448.7,0.0,1,1.88,0.0,SPY220204P00448000,448.0,0,0.0,0.0,,0.0,expirationDay
2022-02-07,8385.0,-4.0,0.0,0,447.26,0.0,1,2.74,2.78,SPY220311P00412000,412.0,0,0.0,0.0,,0.0,normalDay
2022-02-08,8385.0,69.0,0.0,0,450.94,0.0,1,2.74,2.05,SPY220311P00412000,412.0,0,0.0,0.0,,0.0,normalDay
2022-02-09,8385.0,136.0,0.0,0,457.54,0.0,1,2.74,1.38,SPY220311P00412000,412.0,0,0.0,0.0,,0.0,normalDay
2022-02-10,8385.0,15.0,0.0,0,449.32,0.0,1,2.74,2.59,SPY220311P00412000,412.0,0,0.0,0.0,,0.0,normalDay
2022-02-11,8385.0,-168.0,0.0,0,440.46,0.0,1,2.74,4.42,SPY220311P00412000,412.0,0,0.0,0.0,,0.0,normalDay
2022-02-14,8385.0,-153.0,0.0,0,439.02,0.0,1,2.74,4.27,SPY220311P00412000,412.0,0,0.0,0.0,,0.0,normalDay
2022-02-15,8385.0,-1.0,0.0,0,446.1,0.0,1,2.74,2.75,SPY220311P00412000,412.0,0,0.0,0.0,,0.0,normalDay
2022-02-16,8385.0,64.0,0.0,0,446.6,0.0,1,2.74,2.1,SPY220311P00412000,412.0,0,0.0,0.0,,0.0,normalDay
2022-02-17,8385.0,-121.0,0.0,0,437.06,0.0,1,2.74,3.95,SPY220311P00412000,412.0,0,0.0,0.0,,0.0,normalDay
2022-02-18,8385.0,-127.0,0.0,0,434.23,0.0,1,2.74,4.01,SPY220311P00412000,412.0,0,0.0,0.0,,0.0,normalDay
2022-02-22,8385.0,-136.0,0.0,0,429.57,0.0,1,2.74,4.1,SPY220311P00412000,412.0,0,0.0,0.0,,0.0,normalDay
2022-02-23,8385.0,-346.0,0.0,0,421.95,0.0,1,2.74,6.2,SPY220311P00412000,412.0,0,0.0,0.0,,0.0,normalDay
2022-02-24,8385.0,-170.0,0.0,0,428.3,0.0,1,2.74,4.44,SPY220311P00412000,412.0,0,0.0,0.0,,0.0,normalDay
2022-02-25,8385.0,59.0,0.0,0,437.75,0.0,1,2.74,2.15,SPY220311P00412000,412.0,0,0.0,0.0,,0.0,normalDay
2022-02-28,8385.0,35.0,0.0,0,436.63,0.0,1,2.74,2.39,SPY220311P00412000,412.0,0,0.0,0.0,,0.0,normalDay
2022-03-01,8385.0,-102.0,0.0,0,429.98,0.0,1,2.74,3.76,SPY220311P00412000,412.0,0,0.0,0.0,,0.0,normalDay
2022-03-02,8385.0,93.0,0.0,0,437.89,0.0,1,2.74,1.81,SPY220311P00412000,412.0,0,0.0,0.0,,0.0,normalDay
2022-03-03,8385.0,104.0,0.0,0,435.71,0.0,1,2.74,1.7,SPY220311P00412000,412.0,0,0.0,0.0,,0.0,normalDay
2022-03-04,8385.0,87.0,0.0,0,432.17,0.0,1,2.74,1.87,SPY220311P00412000,412.0,0,0.0,0.0,,0.0,normalDay
2022-03-07,8385.0,-144.0,0.0,0,419.43,0.0,1,2.74,4.18,SPY220311P00412000,412.0,0,0.0,0.0,,0.0,normalDay
2022-03-08,8385.0,-143.0,0.0,0,416.25,0.0,1,2.74,4.17,SPY220311P00412000,412.0,0,0.0,0.0,,0.0,normalDay
2022-03-09,8385.0,205.0,0.0,0,427.41,0.0,1,2.74,0.69,SPY220311P00412000,412.0,0,0.0,0.0,,0.0,normalDay
2022-03-10,8385.0,259.0,0.0,0,425.48,0.0,1,2.74,0.15,SPY220311P00412000,412.0,0,0.0,0.0,,0.0,normalDay
2022-03-11,8659.0,0.0,274.0,0,420.07,0.0,1,2.74,0.0,SPY220311P00412000,412.0,0,0.0,0.0,,0.0,expirationDay
2022-03-14,8659.0,-5.0,0.0,0,417.0,0.0,1,8.65,8.7,SPY220414P00402000,402.0,0,0.0,0.0,,0.0,normalDay
2022-03-15,8659.0,248.0,0.0,0,426.17,0.0,1,8.65,6.17,SPY220414P00402000,402.0,0,0.0,0.0,,0.0,normalDay
2022-03-16,8659.0,503.0,0.0,0,435.62,0.0,1,8.65,3.62,SPY220414P00402000,402.0,0,0.0,0.0,,0.0,normalDay
2022-03-17,8659.0,596.0,0.0,0,441.07,0.0,1,8.65,2.69,SPY220414P00402000,402.0,0,0.0,0.0,,0.0,normalDay
2022-03-18,8659.0,671.0,0.0,0,444.52,0.0,1,8.65,1.94,SPY220414P00402000,402.0,0,0.0,0.0,,0.0,normalDay
2022-03-21,8659.0,709.0,0.0,0,444.39,0.0,1,8.65,1.56,SPY220414P00402000,402.0,0,0.0,0.0,,0.0,normalDay
2022-03-22,8659.0,745.0,0.0,0,449.59,0.0,1,8.65,1.2,SPY220414P00402000,402.0,0,0.0,0.0,,0.0,normalDay
2022-03-23,8659.0,724.0,0.0,0,443.8,0.0,1,8.65,1.41,SPY220414P00402000,402.0,0,0.0,0.0,,0.0,normalDay
2022-03-24,8659.0,783.0,0.0,0,450.49,0.0,1,8.65,0.82,SPY220414P00402000,402.0,0,0.0,0.0,,0.0,normalDay
2022-03-25,8659.0,798.0,0.0,0,452.69,0.0,1,8.65,0.67,SPY220414P00402000,402.0,0,0.0,0.0,,0.0,normalDay
2022-03-28,8659.0,826.0,0.0,0,455.91,0.0,1,8.65,0.39,SPY220414P00402000,402.0,0,0.0,0.0,,0.0,normalDay
2022-03-29,8659.0,838.0,0.0,0,461.55,0.0,1,8.65,0.27,SPY220414P00402000,402.0,0,0.0,0.0,,0.0,normalDay
2022-03-30,8659.0,839.0,0.0,0,458.7,0.0,1,8.65,0.26,SPY220414P00402000,402.0,0,0.0,0.0,,0.0,normalDay
2022-03-31,8659.0,831.0,0.0,0,451.64,0.0,1,8.65,0.34,SPY220414P00402000,402.0,0,0.0,0.0,,0.0,normalDay
2022-04-01,8659.0,842.0,0.0,0,452.92,0.0,1,8.65,0.23,SPY220414P00402000,402.0,0,0.0,0.0,,0.0,normalDay
2022-04-04,8659.0,853.0,0.0,0,456.8,0.0,1,8.65,0.12,SPY220414P00402000,402.0,0,0.0,0.0,,0.0,normalDay
2022-04-05,8659.0,848.0,0.0,0,451.03,0.0,1,8.65,0.17,SPY220414P00402000,402.0,0,0.0,0.0,,0.0,normalDay
2022-04-06,8659.0,845.0,0.0,0,446.52,0.0,1,8.65,0.2,SPY220414P00402000,402.0,0,0.0,0.0,,0.0,normalDay
2022-04-07,8659.0,852.0,0.0,0,448.77,0.0,1,8.65,0.13,SPY220414P00402000,402.0,0,0.0,0.0,,0.0,normalDay
2022-04-08,8659.0,859.0,0.0,0,447.57,0.0,1,8.65,0.06,SPY220414P00402000,402.0,0,0.0,0.0,,0.0,normalDay
2022-04-11,8659.0,855.0,0.0,0,439.92,0.0,1,8.65,0.1,SPY220414P00402000,402.0,0,0.0,0.0,,0.0,normalDay
2022-04-12,8659.0,859.0,0.0,0,438.29,0.0,1,8.65,0.06,SPY220414P00402000,402.0,0,0.0,0.0,,0.0,normalDay
2022-04-13,8659.0,863.0,0.0,0,443.31,0.0,1,8.65,0.02,SPY220414P00402000,402.0,0,0.0,0.0,,0.0,normalDay
2022-04-14,9524.0,0.0,865.0,0,437.79,0.0,1,8.65,0.0,SPY220414P00402000,402.0,0,0.0,0.0,,0.0,expirationDay
2022-04-18,9524.0,-4.0,0.0,0,437.97,0.0,1,5.89,5.93,SPY220520P00426000,426.0,0,0.0,0.0,,0.0,normalDay
2022-04-19,9524.0,120.0,0.0,0,445.04,0.0,1,5.89,4.69,SPY220520P00426000,426.0,0,0.0,0.0,,0.0,normalDay
2022-04-20,9524.0,205.0,0.0,0,444.71,0.0,1,5.89,3.84,SPY220520P00426000,426.0,0,0.0,0.0,,0.0,normalDay
2022-04-21,9524.0,-25.0,0.0,0,438.06,0.0,1,5.89,6.14,SPY220520P00426000,426.0,0,0.0,0.0,,0.0,normalDay
2022-04-22,9524.0,-601.0,0.0,0,426.04,0.0,1,5.89,11.9,SPY220520P00426000,426.0,0,0.0,0.0,,0.0,normalDay
2022-04-25,9524.0,-381.0,0.0,0,428.51,0.0,1,5.89,9.7,SPY220520P00426000,426.0,0,0.0,0.0,,0.0,normalDay
2022-04-26,9524.0,-1186.0,0.0,0,416.1,0.0,1,5.89,17.75,SPY220520P00426000,426.0,0,0.0,0.0,,0.0,normalDay
2022-04-27,9524.0,-914.0,0.0,0,417.27,0.0,1,5.89,15.03,SPY220520P00426000,426.0,0,0.0,0.0,,0.0,normalDay
2022-04-28,9524.0,-478.0,0.0,0,427.81,0.0,1,5.89,10.67,SPY220520P00426000,426.0,0,0.0,0.0,,0.0,normalDay
2022-04-29,9524.0,-1246.0,0.0,0,412.0,0.0,1,5.89,18.35,SPY220520P00426000,426.0,0,0.0,0.0,,0.0,normalDay
2022-05-02,9524.0,-1055.0,0.0,0,414.48,0.0,1,5.89,16.44,SPY220520P00426000,426.0,0,0.0,0.0,,0.0,normalDay
2022-05-03,9524.0,-826.0,0.0,0,416.38,0.0,1,5.89,14.15,SPY220520P00426000,426.0,0,0.0,0.0,,0.0,normalDay
2022-05-04,9524.0,-129.0,0.0,0,429.06,0.0,1,5.89,7.18,SPY220520P00426000,426.0,0,0.0,0.0,,0.0,normalDay
2022-05-05,9524.0,-1052.0,0.0,0,413.81,0.0,1,5.89,16.41,SPY220520P00426000,426.0,0,0.0,0.0,,0.0,normalDay
2022-05-06,9524.0,-1252.0,0.0,0,411.34,0.0,1,5.89,18.41,SPY220520P00426000,426.0,0,0.0,0.0,,0.0,normalDay
2022-05-09,9524.0,-2192.0,0.0,0,398.17,0.0,1,5.89,27.81,SPY220520P00426000,426.0,0,0.0,0.0,,0.0,normalDay
2022-05-10,9524.0,-2153.0,0.0,0,399.09,0.0,1,5.89,27.42,SPY220520P00426000,426.0,0,0.0,0.0,,0.0,normalDay
2022-05-11,9524.0,-2717.0,0.0,0,392.75,0.0,1,5.89,33.06,SPY220520P00426000,426.0,0,0.0,0.0,,0.0,normalDay
2022-05-12,9524.0,-2808.0,0.0,0,392.34,0.0,1,5.89,33.97,SPY220520P00426000,426.0,0,0.0,0.0,,0.0,normalDay
2022-05-13,9524.0,-1946.0,0.0,0,401.72,0.0,1,5.89,25.35,SPY220520P00426000,426.0,0,0.0,0.0,,0.0,normalDay
2022-05-16,9524.0,-2060.0,0.0,0,400.09,0.0,1,5.89,26.49,SPY220520P00426000,426.0,0,0.0,0.0,,0.0,normalDay
2022-05-17,9524.0,-1206.0,0.0,0,408.32,0.0,1,5.89,17.95,SPY220520P00426000,426.0,0,0.0,0.0,,0.0,normalDay
2022-05-18,9524.0,-2945.0,0.0,0,391.86,0.0,1,5.89,35.34,SPY220520P00426000,426.0,0,0.0,0.0,,0.0,normalDay
2022-05-19,9524.0,-3125.0,0.0,0,389.46,0.0,1,5.89,37.14,SPY220520P00426000,426.0,0,0.0,0.0,,0.0,normalDay
2022-05-20,10113.0,-3637.0,589.0,100,389.63,426.0,1,5.89,0.0,SPY220520P00426000,426.0,0,0.0,0.0,,0.0,expirationDay
2022-05-23,10113.0,-3030.0,0.0,100,396.92,426.0,0,0.0,0.0,,0.0,1,26.5,27.72,SPY230331C00415000,415.0,normalDay
2022-05-24,10113.0,-3171.0,0.0,100,393.89,426.0,0,0.0,0.0,,0.0,1,26.5,26.1,SPY230331C00415000,415.0,normalDay
2022-05-25,10113.0,-2935.0,0.0,100,397.37,426.0,0,0.0,0.0,,0.0,1,26.5,27.22,SPY230331C00415000,415.0,normalDay
2022-05-26,10113.0,-2539.0,0.0,100,405.31,426.0,0,0.0,0.0,,0.0,1,26.5,31.2,SPY230331C00415000,415.0,normalDay
2022-05-27,10113.0,-2127.0,0.0,100,415.26,426.0,0,0.0,0.0,,0.0,1,26.5,37.03,SPY230331C00415000,415.0,normalDay
2022-05-31,10113.0,-2181.0,0.0,100,412.93,426.0,0,0.0,0.0,,0.0,1,26.5,35.24,SPY230331C00415000,415.0,normalDay
2022-06-01,10113.0,-2305.0,0.0,100,409.59,426.0,0,0.0,0.0,,0.0,1,26.5,33.14,SPY230331C00415000,415.0,normalDay
2022-06-02,10113.0,-1976.0,0.0,100,417.39,426.0,0,0.0,0.0,,0.0,1,26.5,37.65,SPY230331C00415000,415.0,normalDay
2022-06-03,10113.0,-2257.0,0.0,100,410.54,426.0,0,0.0,0.0,,0.0,1,26.5,33.61,SPY230331C00415000,415.0,normalDay
2022-06-06,10113.0,-2212.0,0.0,100,411.79,426.0,0,0.0,0.0,,0.0,1,26.5,34.41,SPY230331C00415000,415.0,normalDay
2022-06-07,10113.0,-2010.0,0.0,100,415.74,426.0,0,0.0,0.0,,0.0,1,26.5,36.34,SPY230331C00415000,415.0,normalDay
2022-06-08,10113.0,-2186.0,0.0,100,411.22,426.0,0,0.0,0.0,,0.0,1,26.5,33.58,SPY230331C00415000,415.0,normalDay
2022-06-09,10113.0,-2674.0,0.0,100,401.44,426.0,0,0.0,0.0,,0.0,1,26.5,28.68,SPY230331C00415000,415.0,normalDay
2022-06-10,10113.0,-3316.0,0.0,100,389.8,426.0,0,0.0,0.0,,0.0,1,26.5,23.46,SPY230331C00415000,415.0,normalDay
2022-06-13,10113.0,-4220.0,0.0,100,375.0,426.0,0,0.0,0.0,,0.0,1,26.5,17.7,SPY230331C00415000,415.0,normalDay
2022-06-14,10113.0,-4168.0,0.0,100,373.87,426.0,0,0.0,0.0,,0.0,1,26.5,16.05,SPY230331C00415000,415.0,normalDay
2022-06-15,10113.0,-3829.0,0.0,100,379.2,426.0,0,0.0,0.0,,0.0,1,26.5,17.99,SPY230331C00415000,415.0,normalDay
2022-06-16,10113.0,-4647.0,0.0,100,366.65,426.0,0,0.0,0.0,,0.0,1,26.5,13.62,SPY230331C00415000,415.0,normalDay
2022-06-17,10113.0,-4724.0,0.0,100,365.86,426.0,0,0.0,0.0,,0.0,1,26.5,13.6,SPY230331C00415000,415.0,normalDay
2022-06-21,10113.0,-4059.0,0.0,100,375.07,426.0,0,0.0,0.0,,0.0,1,26.5,16.16,SPY230331C00415000,415.0,normalDay
2022-06-22,10113.0,-4100.0,0.0,100,374.39,426.0,0,0.0,0.0,,0.0,1,26.5,15.89,SPY230331C00415000,415.0,normalDay
2022-06-23,10113.0,-3826.0,0.0,100,378.06,426.0,0,0.0,0.0,,0.0,1,26.5,16.82,SPY230331C00415000,415.0,normalDay
2022-06-24,10113.0,-3165.0,0.0,100,390.08,426.0,0,0.0,0.0,,0.0,1,26.5,22.23,SPY230331C00415000,415.0,normalDay
2022-06-27,10113.0,-3240.0,0.0,100,388.59,426.0,0,0.0,0.0,,0.0,1,26.5,21.49,SPY230331C00415000,415.0,normalDay
2022-06-28,10113.0,-3658.0,0.0,100,380.65,426.0,0,0.0,0.0,,0.0,1,26.5,17.73,SPY230331C00415000,415.0,normalDay
2022-06-29,10113.0,-3680.0,0.0,100,380.34,426.0,0,0.0,0.0,,0.0,1,26.5,17.64,SPY230331C00415000,415.0,normalDay
2022-06-30,10113.0,-3808.0,0.0,100,377.25,426.0,0,0.0,0.0,,0.0,1,26.5,15.83,SPY230331C00415000,415.0,normalDay
2022-07-01,10113.0,-3560.0,0.0,100,381.24,426.0,0,0.0,0.0,,0.0,1,26.5,17.34,SPY230331C00415000,415.0,normalDay
2022-07-05,10113.0,-3485.0,0.0,100,381.96,426.0,0,0.0,0.0,,0.0,1,26.5,17.31,SPY230331C00415000,415.0,normalDay
2022-07-06,10113.0,-3464.0,0.0,100,383.25,426.0,0,0.0,0.0,,0.0,1,26.5,18.39,SPY230331C00415000,415.0,normalDay
2022-07-07,10113.0,-3102.0,0.0,100,388.99,426.0,0,0.0,0.0,,0.0,1,26.5,20.51,SPY230331C00415000,415.0,normalDay
2022-07-08,10113.0,-3120.0,0.0,100,388.67,426.0,0,0.0,0.0,,0.0,1,26.5,20.37,SPY230331C00415000,415.0,normalDay
2022-07-11,10113.0,-3374.0,0.0,100,384.23,426.0,0,0.0,0.0,,0.0,1,26.5,18.47,SPY230331C00415000,415.0,normalDay
2022-07-12,10113.0,-3547.0,0.0,100,380.83,426.0,0,0.0,0.0,,0.0,1,26.5,16.8,SPY230331C00415000,415.0,normalDay
2022-07-13,10113.0,-3689.0,0.0,100,378.83,426.0,0,0.0,0.0,,0.0,1,26.5,16.22,SPY230331C00415000,415.0,normalDay
2022-07-14,10113.0,-3729.0,0.0,100,377.91,426.0,0,0.0,0.0,,0.0,1,26.5,15.7,SPY230331C00415000,415.0,normalDay
2022-07-15,10113.0,-3224.0,0.0,100,385.13,426.0,0,0.0,0.0,,0.0,1,26.5,17.87,SPY230331C00415000,415.0,normalDay
2022-07-18,10113.0,-3443.0,0.0,100,381.95,426.0,0,0.0,0.0,,0.0,1,26.5,16.88,SPY230331C00415000,415.0,normalDay
2022-07-19,10113.0,-2910.0,0.0,100,392.27,426.0,0,0.0,0.0,,0.0,1,26.5,21.87,SPY230331C00415000,415.0,normalDay
2022-07-20,10113.0,-2764.0,0.0,100,394.77,426.0,0,0.0,0.0,,0.0,1,26.5,22.91,SPY230331C00415000,415.0,normalDay
2022-07-21,10113.0,-2517.0,0.0,100,398.79,426.0,0,0.0,0.0,,0.0,1,26.5,24.46,SPY230331C00415000,415.0,normalDay
2022-07-22,10113.0,-2665.0,0.0,100,395.09,426.0,0,0.0,0.0,,0.0,1,26.5,22.24,SPY230331C00415000,415.0,normalDay
2022-07-25,10113.0,-2652.0,0.0,100,395.57,426.0,0,0.0,0.0,,0.0,1,26.5,22.59,SPY230331C00415000,415.0,normalDay
2022-07-26,10113.0,-2909.0,0.0,100,390.89,426.0,0,0.0,0.0,,0.0,1,26.5,20.48,SPY230331C00415000,415.0,normalDay
2022-07-27,10113.0,-2288.0,0.0,100,401.04,426.0,0,0.0,0.0,,0.0,1,26.5,24.42,SPY230331C00415000,415.0,normalDay
2022-07-28,10113.0,-2118.0,0.0,100,406.07,426.0,0,0.0,0.0,,0.0,1,26.5,27.75,SPY230331C00415000,415.0,normalDay
2022-07-29,10113.0,-1813.0,0.0,100,411.99,426.0,0,0.0,0.0,,0.0,1,26.5,30.62,SPY230331C00415000,415.0,normalDay
2022-08-01,10113.0,-1925.0,0.0,100,410.77,426.0,0,0.0,0.0,,0.0,1,26.5,30.52,SPY230331C00415000,415.0,normalDay
2022-08-02,10113.0,-2026.0,0.0,100,408.06,426.0,0,0.0,0.0,,0.0,1,26.5,28.82,SPY230331C00415000,415.0,normalDay
2022-08-03,10113.0,-1695.0,0.0,100,414.45,426.0,0,0.0,0.0,,0.0,1,26.5,31.9,SPY230331C00415000,415.0,normalDay
2022-08-04,10113.0,-1760.0,0.0,100,414.17,426.0,0,0.0,0.0,,0.0,1,26.5,32.27,SPY230331C00415000,415.0,normalDay
2022-08-05,10113.0,-1759.0,0.0,100,413.47,426.0,0,0.0,0.0,,0.0,1,26.5,31.56,SPY230331C00415000,415.0,normalDay
2022-08-08,10113.0,-1783.0,0.0,100,412.99,426.0,0,0.0,0.0,,0.0,1,26.5,31.32,SPY230331C00415000,415.0,normalDay
2022-08-09,10113.0,-1863.0,0.0,100,411.35,426.0,0,0.0,0.0,,0.0,1,26.5,30.48,SPY230331C00415000,415.0,normalDay
2022-08-10,10113.0,-1487.0,0.0,100,419.99,426.0,0,0.0,0.0,,0.0,1,26.5,35.36,SPY230331C00415000,415.0,normalDay
2022-08-11,10113.0,-1499.0,0.0,100,419.99,426.0,0,0.0,0.0,,0.0,1,26.5,35.48,SPY230331C00415000,415.0,normalDay
2022-08-12,10113.0,-1161.0,0.0,100,427.1,426.0,0,0.0,0.0,,0.0,1,26.5,39.21,SPY230331C00415000,415.0,normalDay
2022-08-15,10113.0,-1096.0,0.0,100,428.86,426.0,0,0.0,0.0,,0.0,1,26.5,40.32,SPY230331C00415000,415.0,normalDay
2022-08-16,10113.0,-1074.0,0.0,100,429.7,426.0,0,0.0,0.0,,0.0,1,26.5,40.94,SPY230331C00415000,415.0,normalDay
2022-08-17,10113.0,-1237.0,0.0,100,426.65,426.0,0,0.0,0.0,,0.0,1,26.5,39.52,SPY230331C00415000,415.0,normalDay
2022-08-18,10113.0,-1128.0,0.0,100,427.89,426.0,0,0.0,0.0,,0.0,1,26.5,39.67,SPY230331C00415000,415.0,normalDay
2022-08-19,10113.0,-1364.0,0.0,100,422.14,426.0,0,0.0,0.0,,0.0,1,26.5,36.28,SPY230331C00415000,415.0,normalDay
2022-08-22,10113.0,-1724.0,0.0,100,413.35,426.0,0,0.0,0.0,,0.0,1,26.5,31.09,SPY230331C00415000,415.0,normalDay
2022-08-23,10113.0,-1703.0,0.0,100,412.35,426.0,0,0.0,0.0,,0.0,1,26.5,29.88,SPY230331C00415000,415.0,normalDay
2022-08-24,10113.0,-1636.0,0.0,100,413.67,426.0,0,0.0,0.0,,0.0,1,26.5,30.53,SPY230331C00415000,415.0,normalDay
2022-08-25,10113.0,-1359.0,0.0,100,419.51,426.0,0,0.0,0.0,,0.0,1,26.5,33.6,SPY230331C00415000,415.0,normalDay
2022-08-26,10113.0,-1992.0,0.0,100,405.31,426.0,0,0.0,0.0,,0.0,1,26.5,25.73,SPY230331C00415000,415.0,normalDay
2022-08-29,10113.0,-2110.0,0.0,100,402.63,426.0,0,0.0,0.0,,0.0,1,26.5,24.23,SPY230331C00415000,415.0,normalDay
2022-08-30,10113.0,-2314.0,0.0,100,398.21,426.0,0,0.0,0.0,,0.0,1,26.5,21.85,SPY230331C00415000,415.0,normalDay
2022-08-31,10113.0,-2446.0,0.0,100,395.18,426.0,0,0.0,0.0,,0.0,1,26.5,20.14,SPY230331C00415000,415.0,normalDay
2022-09-01,10113.0,-2343.0,0.0,100,396.42,426.0,0,0.0,0.0,,0.0,1,26.5,20.35,SPY230331C00415000,415.0,normalDay
2022-09-02,10113.0,-2567.0,0.0,100,392.24,426.0,0,0.0,0.0,,0.0,1,26.5,18.41,SPY230331C00415000,415.0,normalDay
2022-09-06,10113.0,-2614.0,0.0,100,390.76,426.0,0,0.0,0.0,,0.0,1,26.5,17.4,SPY230331C00415000,415.0,normalDay
2022-09-07,10113.0,-2204.0,0.0,100,397.78,426.0,0,0.0,0.0,,0.0,1,26.5,20.32,SPY230331C00415000,415.0,normalDay
2022-09-08,10113.0,-2068.0,0.0,100,400.38,426.0,0,0.0,0.0,,0.0,1,26.5,21.56,SPY230331C00415000,415.0,normalDay
2022-09-09,10113.0,-1739.0,0.0,100,406.6,426.0,0,0.0,0.0,,0.0,1,26.5,24.49,SPY230331C00415000,415.0,normalDay
2022-09-12,10113.0,-1604.0,0.0,100,410.97,426.0,0,0.0,0.0,,0.0,1,26.5,27.51,SPY230331C00415000,415.0,normalDay
2022-09-13,10113.0,-2552.0,0.0,100,393.1,426.0,0,0.0,0.0,,0.0,1,26.5,19.12,SPY230331C00415000,415.0,normalDay
2022-09-14,10113.0,-2399.0,0.0,100,394.6,426.0,0,0.0,0.0,,0.0,1,26.5,19.09,SPY230331C00415000,415.0,normalDay
2022-09-15,10113.0,-2672.0,0.0,100,390.12,426.0,0,0.0,0.0,,0.0,1,26.5,17.34,SPY230331C00415000,415.0,normalDay
2022-09-16,10113.0,-2970.0,0.0,100,385.56,426.0,0,0.0,0.0,,0.0,1,26.5,15.76,SPY230331C00415000,415.0,normalDay
2022-09-19,10113.0,-2756.0,0.0,100,388.55,426.0,0,0.0,0.0,,0.0,1,26.5,16.61,SPY230331C00415000,415.0,normalDay
2022-09-20,10113.0,-3048.0,0.0,100,384.09,426.0,0,0.0,0.0,,0.0,1,26.5,15.07,SPY230331C00415000,415.0,normalDay
2022-09-21,10113.0,-3445.0,0.0,100,377.39,426.0,0,0.0,0.0,,0.0,1,26.5,12.34,SPY230331C00415000,415.0,normalDay
2022-09-22,10113.0,-3625.0,0.0,100,374.22,426.0,0,0.0,0.0,,0.0,1,26.5,10.97,SPY230331C00415000,415.0,normalDay
2022-09-23,10113.0,-4077.0,0.0,100,367.95,426.0,0,0.0,0.0,,0.0,1,26.5,9.22,SPY230331C00415000,415.0,normalDay
2022-09-26,10113.0,-4358.0,0.0,100,364.31,426.0,0,0.0,0.0,,0.0,1,26.5,8.39,SPY230331C00415000,415.0,normalDay
2022-09-27,10113.0,-4420.0,0.0,100,363.38,426.0,0,0.0,0.0,,0.0,1,26.5,8.08,SPY230331C00415000,415.0,normalDay
2022-09-28,10113.0,-3875.0,0.0,100,370.53,426.0,0,0.0,0.0,,0.0,1,26.5,9.78,SPY230331C00415000,415.0,normalDay
2022-09-29,10113.0,-4423.0,0.0,100,362.79,426.0,0,0.0,0.0,,0.0,1,26.5,7.52,SPY230331C00415000,415.0,normalDay
2022-09-30,10113.0,-4839.0,0.0,100,357.18,426.0,0,0.0,0.0,,0.0,1,26.5,6.07,SPY230331C00415000,415.0,normalDay
2022-10-03,10113.0,-4097.0,0.0,100,366.61,426.0,0,0.0,0.0,,0.0,1,26.5,8.08,SPY230331C00415000,415.0,normalDay
2022-10-04,10113.0,-3311.0,0.0,100,377.97,426.0,0,0.0,0.0,,0.0,1,26.5,11.58,SPY230331C00415000,415.0,normalDay
2022-10-05,10113.0,-3383.0,0.0,100,377.09,426.0,0,0.0,0.0,,0.0,1,26.5,11.42,SPY230331C00415000,415.0,normalDay
2022-10-06,10113.0,-3655.0,0.0,100,373.2,426.0,0,0.0,0.0,,0.0,1,26.5,10.25,SPY230331C00415000,415.0,normalDay
2022-10-07,10113.0,-4376.0,0.0,100,362.79,426.0,0,0.0,0.0,,0.0,1,26.5,7.05,SPY230331C00415000,415.0,normalDay
2022-10-10,10113.0,-4632.0,0.0,100,360.02,426.0,0,0.0,0.0,,0.0,1,26.5,6.84,SPY230331C00415000,415.0,normalDay
2022-10-11,10113.0,-4827.0,0.0,100,357.74,426.0,0,0.0,0.0,,0.0,1,26.5,6.51,SPY230331C00415000,415.0,normalDay
2022-10-12,10113.0,-4920.0,0.0,100,356.56,426.0,0,0.0,0.0,,0.0,1,26.5,6.26,SPY230331C00415000,415.0,normalDay
2022-10-13,10113.0,-4214.0,0.0,100,365.97,426.0,0,0.0,0.0,,0.0,1,26.5,8.61,SPY230331C00415000,415.0,normalDay
2022-10-14,10113.0,-4825.0,0.0,100,357.63,426.0,0,0.0,0.0,,0.0,1,26.5,6.38,SPY230331C00415000,415.0,normalDay
2022-10-17,10113.0,-4146.0,0.0,100,366.82,426.0,0,0.0,0.0,,0.0,1,26.5,8.78,SPY230331C00415000,415.0,normalDay
2022-10-18,10113.0,-3847.0,0.0,100,371.13,426.0,0,0.0,0.0,,0.0,1,26.5,10.1,SPY230331C00415000,415.0,normalDay
2022-10-19,10113.0,-3994.0,0.0,100,368.5,426.0,0,0.0,0.0,,0.0,1,26.5,8.94,SPY230331C00415000,415.0,normalDay
2022-10-20,10113.0,-4206.0,0.0,100,365.41,426.0,0,0.0,0.0,,0.0,1,26.5,7.97,SPY230331C00415000,415.0,normalDay
2022-10-21,10113.0,-3601.0,0.0,100,374.29,426.0,0,0.0,0.0,,0.0,1,26.5,10.8,SPY230331C00415000,415.0,normalDay
2022-10-24,10113.0,-3287.0,0.0,100,378.87,426.0,0,0.0,0.0,,0.0,1,26.5,12.24,SPY230331C00415000,415.0,normalDay
2022-10-25,10113.0,-2798.0,0.0,100,384.92,426.0,0,0.0,0.0,,0.0,1,26.5,13.4,SPY230331C00415000,415.0,normalDay
2022-10-26,10113.0,-3011.0,0.0,100,382.02,426.0,0,0.0,0.0,,0.0,1,26.5,12.63,SPY230331C00415000,415.0,normalDay
2022-10-27,10113.0,-2982.0,0.0,100,379.98,426.0,0,0.0,0.0,,0.0,1,26.5,10.3,SPY230331C00415000,415.0,normalDay
2022-10-28,10113.0,-2498.0,0.0,100,389.02,426.0,0,0.0,0.0,,0.0,1,26.5,14.5,SPY230331C00415000,415.0,normalDay
2022-10-31,10113.0,-2614.0,0.0,100,386.21,426.0,0,0.0,0.0,,0.0,1,26.5,12.85,SPY230331C00415000,415.0,normalDay
2022-11-01,10113.0,-2688.0,0.0,100,384.52,426.0,0,0.0,0.0,,0.0,1,26.5,11.9,SPY230331C00415000,415.0,normalDay
2022-11-02,10113.0,-3344.0,0.0,100,374.87,426.0,0,0.0,0.0,,0.0,1,26.5,8.81,SPY230331C00415000,415.0,normalDay
2022-11-03,10113.0,-3580.0,0.0,100,371.01,426.0,0,0.0,0.0,,0.0,1,26.5,7.31,SPY230331C00415000,415.0,normalDay
2022-11-04,10113.0,-3178.0,0.0,100,376.35,426.0,0,0.0,0.0,,0.0,1,26.5,8.63,SPY230331C00415000,415.0,normalDay
2022-11-07,10113.0,-2913.0,0.0,100,379.95,426.0,0,0.0,0.0,,0.0,1,26.5,9.58,SPY230331C00415000,415.0,normalDay
2022-11-08,10113.0,-2780.0,0.0,100,382.0,426.0,0,0.0,0.0,,0.0,1,26.5,10.3,SPY230331C00415000,415.0,normalDay
2022-11-09,10113.0,-3339.0,0.0,100,374.13,426.0,0,0.0,0.0,,0.0,1,26.5,8.02,SPY230331C00415000,415.0,normalDay
2022-11-10,10113.0,-2006.0,0.0,100,394.69,426.0,0,0.0,0.0,,0.0,1,26.5,15.25,SPY230331C00415000,415.0,normalDay
2022-11-11,10113.0,-1713.0,0.0,100,398.51,426.0,0,0.0,0.0,,0.0,1,26.5,16.14,SPY230331C00415000,415.0,normalDay
2022-11-14,10113.0,-1903.0,0.0,100,395.12,426.0,0,0.0,0.0,,0.0,1,26.5,14.65,SPY230331C00415000,415.0,normalDay
2022-11-15,10113.0,-1694.0,0.0,100,398.49,426.0,0,0.0,0.0,,0.0,1,26.5,15.93,SPY230331C00415000,415.0,normalDay
2022-11-16,10113.0,-1833.0,0.0,100,395.45,426.0,0,0.0,0.0,,0.0,1,26.5,14.28,SPY230331C00415000,415.0,normalDay
2022-11-17,10113.0,-1883.0,0.0,100,394.24,426.0,0,0.0,0.0,,0.0,1,26.5,13.57,SPY230331C00415000,415.0,normalDay
2022-11-18,10113.0,-1733.0,0.0,100,396.03,426.0,0,0.0,0.0,,0.0,1,26.5,13.86,SPY230331C00415000,415.0,normalDay
2022-11-21,10113.0,-1770.0,0.0,100,394.59,426.0,0,0.0,0.0,,0.0,1,26.5,12.79,SPY230331C00415000,415.0,normalDay
2022-11-22,10113.0,-1416.0,0.0,100,399.9,426.0,0,0.0,0.0,,0.0,1,26.5,14.56,SPY230331C00415000,415.0,normalDay
2022-11-23,10113.0,-1241.0,0.0,100,402.42,426.0,0,0.0,0.0,,0.0,1,26.5,15.33,SPY230331C00415000,415.0,normalDay
2022-11-25,10113.0,-1238.0,0.0,100,402.33,426.0,0,0.0,0.0,,0.0,1,26.5,15.21,SPY230331C00415000,415.0,normalDay
2022-11-28,10113.0,-1612.0,0.0,100,395.91,426.0,0,0.0,0.0,,0.0,1,26.5,12.53,SPY230331C00415000,415.0,normalDay
2022-11-29,10113.0,-1620.0,0.0,100,395.23,426.0,0,0.0,0.0,,0.0,1,26.5,11.93,SPY230331C00415000,415.0,normalDay
2022-11-30,10113.0,-1021.0,0.0,100,407.68,426.0,0,0.0,0.0,,0.0,1,26.5,18.39,SPY230331C00415000,415.0,normalDay
2022-12-01,10113.0,-897.0,0.0,100,407.38,426.0,0,0.0,0.0,,0.0,1,26.5,16.85,SPY230331C00415000,415.0,normalDay
2022-12-02,10113.0,-870.0,0.0,100,406.91,426.0,0,0.0,0.0,,0.0,1,26.5,16.11,SPY230331C00415000,415.0,normalDay
2022-12-05,10113.0,-1268.0,0.0,100,399.59,426.0,0,0.0,0.0,,0.0,1,26.5,12.77,SPY230331C00415000,415.0,normalDay
2022-12-06,10113.0,-1624.0,0.0,100,393.83,426.0,0,0.0,0.0,,0.0,1,26.5,10.57,SPY230331C00415000,415.0,normalDay
2022-12-07,10113.0,-1672.0,0.0,100,393.16,426.0,0,0.0,0.0,,0.0,1,26.5,10.38,SPY230331C00415000,415.0,normalDay
2022-12-08,10113.0,-1457.0,0.0,100,396.24,426.0,0,0.0,0.0,,0.0,1,26.5,11.31,SPY230331C00415000,415.0,normalDay
2022-12-09,10113.0,-1647.0,0.0,100,393.28,426.0,0,0.0,0.0,,0.0,1,26.5,10.25,SPY230331C00415000,415.0,normalDay
2022-12-12,10113.0,-1314.0,0.0,100,398.95,426.0,0,0.0,0.0,,0.0,1,26.5,12.59,SPY230331C00415000,415.0,normalDay
2022-12-13,10113.0,-1089.0,0.0,100,401.97,426.0,0,0.0,0.0,,0.0,1,26.5,13.36,SPY230331C00415000,415.0,normalDay
2022-12-14,10113.0,-1196.0,0.0,100,399.4,426.0,0,0.0,0.0,,0.0,1,26.5,11.86,SPY230331C00415000,415.0,normalDay
2022-12-15,10113.0,-1789.0,0.0,100,389.63,426.0,0,0.0,0.0,,0.0,1,26.5,8.02,SPY230331C00415000,415.0,normalDay
2022-12-16,10113.0,-2258.0,0.0,100,383.27,426.0,0,0.0,0.0,,0.0,1,26.5,6.35,SPY230331C00415000,415.0,normalDay
2022-12-19,10113.0,-2466.0,0.0,100,380.02,426.0,0,0.0,0.0,,0.0,1,26.5,5.18,SPY230331C00415000,415.0,normalDay
2022-12-20,10113.0,-2406.0,0.0,100,380.54,426.0,0,0.0,0.0,,0.0,1,26.5,5.1,SPY230331C00415000,415.0,normalDay
2022-12-21,10113.0,-1947.0,0.0,100,386.23,426.0,0,0.0,0.0,,0.0,1,26.5,6.2,SPY230331C00415000,415.0,normalDay
2022-12-22,10113.0,-2384.0,0.0,100,380.72,426.0,0,0.0,0.0,,0.0,1,26.5,5.06,SPY230331C00415000,415.0,normalDay
2022-12-23,10113.0,-2184.0,0.0,100,382.91,426.0,0,0.0,0.0,,0.0,1,26.5,5.25,SPY230331C00415000,415.0,normalDay
2022-12-27,10113.0,-2293.0,0.0,100,381.4,426.0,0,0.0,0.0,,0.0,1,26.5,4.83,SPY230331C00415000,415.0,normalDay
2022-12-28,10113.0,-2651.0,0.0,100,376.66,426.0,0,0.0,0.0,,0.0,1,26.5,3.67,SPY230331C00415000,415.0,normalDay
2022-12-29,10113.0,-2102.0,0.0,100,383.44,426.0,0,0.0,0.0,,0.0,1,26.5,4.96,SPY230331C00415000,415.0,normalDay
2022-12-30,10113.0,-2186.0,0.0,100,382.43,426.0,0,0.0,0.0,,0.0,1,26.5,4.79,SPY230331C00415000,415.0,normalDay
2023-01-03,10113.0,-2267.0,0.0,100,380.82,426.0,0,0.0,0.0,,0.0,1,26.5,3.99,SPY230331C00415000,415.0,normalDay
2023-01-04,10113.0,-2018.0,0.0,100,383.76,426.0,0,0.0,0.0,,0.0,1,26.5,4.44,SPY230331C00415000,415.0,normalDay
2023-01-05,10113.0,-2344.0,0.0,100,379.38,426.0,0,0.0,0.0,,0.0,1,26.5,3.32,SPY230331C00415000,415.0,normalDay
2023-01-06,10113.0,-1641.0,0.0,100,388.08,426.0,0,0.0,0.0,,0.0,1,26.5,4.99,SPY230331C00415000,415.0,normalDay
2023-01-09,10113.0,-1651.0,0.0,100,387.86,426.0,0,0.0,0.0,,0.0,1,26.5,4.87,SPY230331C00415000,415.0,normalDay
2023-01-10,10113.0,-1406.0,0.0,100,390.58,426.0,0,0.0,0.0,,0.0,1,26.5,5.14,SPY230331C00415000,415.0,normalDay
2023-01-11,10113.0,-1084.0,0.0,100,395.52,426.0,0,0.0,0.0,,0.0,1,26.5,6.86,SPY230331C00415000,415.0,normalDay
2023-01-12,10113.0,-899.0,0.0,100,396.96,426.0,0,0.0,0.0,,0.0,1,26.5,6.45,SPY230331C00415000,415.0,normalDay
2023-01-13,10113.0,-726.0,0.0,100,398.5,426.0,0,0.0,0.0,,0.0,1,26.5,6.26,SPY230331C00415000,415.0,normalDay
2023-01-17,10113.0,-760.0,0.0,100,397.77,426.0,0,0.0,0.0,,0.0,1,26.5,5.87,SPY230331C00415000,415.0,normalDay
2023-01-18,10113.0,-1208.0,0.0,100,391.49,426.0,0,0.0,0.0,,0.0,1,26.5,4.07,SPY230331C00415000,415.0,normalDay
2023-01-19,10113.0,-1406.0,0.0,100,388.64,426.0,0,0.0,0.0,,0.0,1,26.5,3.2,SPY230331C00415000,415.0,normalDay
2023-01-20,10113.0,-847.0,0.0,100,395.88,426.0,0,0.0,0.0,,0.0,1,26.5,4.85,SPY230331C00415000,415.0,normalDay
2023-01-23,10113.0,-520.0,0.0,100,400.63,426.0,0,0.0,0.0,,0.0,1,26.5,6.33,SPY230331C00415000,415.0,normalDay
2023-01-24,10113.0,-561.0,0.0,100,400.2,426.0,0,0.0,0.0,,0.0,1,26.5,6.31,SPY230331C00415000,415.0,normalDay
2023-01-25,10113.0,-497.0,0.0,100,400.35,426.0,0,0.0,0.0,,0.0,1,26.5,5.82,SPY230331C00415000,415.0,normalDay
2023-01-26,10113.0,-204.0,0.0,100,404.75,426.0,0,0.0,0.0,,0.0,1,26.5,7.29,SPY230331C00415000,415.0,normalDay
2023-01-27,10113.0,-140.0,0.0,100,405.68,426.0,0,0.0,0.0,,0.0,1,26.5,7.58,SPY230331C00415000,415.0,normalDay
2023-01-30,10113.0,-488.0,0.0,100,400.59,426.0,0,0.0,0.0,,0.0,1,26.5,5.97,SPY230331C00415000,415.0,normalDay
2023-01-31,10113.0,-73.0,0.0,100,406.48,426.0,0,0.0,0.0,,0.0,1,26.5,7.71,SPY230331C00415000,415.0,normalDay
2023-02-01,10113.0,136.0,0.0,100,410.8,426.0,0,0.0,0.0,,0.0,1,26.5,9.94,SPY230331C00415000,415.0,normalDay
2023-02-02,10113.0,473.0,0.0,100,416.78,426.0,0,0.0,0.0,,0.0,1,26.5,12.55,SPY230331C00415000,415.0,normalDay
2023-02-03,10113.0,258.0,0.0,100,412.35,426.0,0,0.0,0.0,,0.0,1,26.5,10.27,SPY230331C00415000,415.0,normalDay
2023-02-06,10113.0,122.0,0.0,100,409.83,426.0,0,0.0,0.0,,0.0,1,26.5,9.11,SPY230331C00415000,415.0,normalDay
2023-02-07,10113.0,442.0,0.0,100,415.19,426.0,0,0.0,0.0,,0.0,1,26.5,11.27,SPY230331C00415000,415.0,normalDay
2023-02-08,10113.0,159.0,0.0,100,410.65,426.0,0,0.0,0.0,,0.0,1,26.5,9.56,SPY230331C00415000,415.0,normalDay
2023-02-09,10113.0,-50.0,0.0,100,407.09,426.0,0,0.0,0.0,,0.0,1,26.5,8.09,SPY230331C00415000,415.0,normalDay
2023-02-10,10113.0,31.0,0.0,100,408.04,426.0,0,0.0,0.0,,0.0,1,26.5,8.23,SPY230331C00415000,415.0,normalDay
2023-02-13,10113.0,302.0,0.0,100,412.83,426.0,0,0.0,0.0,,0.0,1,26.5,10.31,SPY230331C00415000,415.0,normalDay
2023-02-14,10113.0,410.0,0.0,100,412.64,426.0,0,0.0,0.0,,0.0,1,26.5,9.04,SPY230331C00415000,415.0,normalDay
2023-02-15,10113.0,478.0,0.0,100,413.98,426.0,0,0.0,0.0,,0.0,1,26.5,9.7,SPY230331C00415000,415.0,normalDay
2023-02-16,10113.0,188.0,0.0,100,408.28,426.0,0,0.0,0.0,,0.0,1,26.5,6.9,SPY230331C00415000,415.0,normalDay
2023-02-17,10113.0,152.0,0.0,100,407.26,426.0,0,0.0,0.0,,0.0,1,26.5,6.24,SPY230331C00415000,415.0,normalDay
2023-02-21,10113.0,-399.0,0.0,100,399.09,426.0,0,0.0,0.0,,0.0,1,26.5,3.58,SPY230331C00415000,415.0,normalDay
2023-02-22,10113.0,-399.0,0.0,100,398.54,426.0,0,0.0,0.0,,0.0,1,26.5,3.03,SPY230331C00415000,415.0,normalDay
2023-02-23,10113.0,-197.0,0.0,100,400.66,426.0,0,0.0,0.0,,0.0,1,26.5,3.13,SPY230331C00415000,415.0,normalDay
2023-02-24,10113.0,-524.0,0.0,100,396.38,426.0,0,0.0,0.0,,0.0,1,26.5,2.12,SPY230331C00415000,415.0,normalDay
2023-02-27,10113.0,-389.0,0.0,100,397.73,426.0,0,0.0,0.0,,0.0,1,26.5,2.12,SPY230331C00415000,415.0,normalDay
2023-02-28,10113.0,-483.0,0.0,100,396.26,426.0,0,0.0,0.0,,0.0,1,26.5,1.59,SPY230331C00415000,415.0,normalDay
2023-03-01,10113.0,-614.0,0.0,100,394.74,426.0,0,0.0,0.0,,0.0,1,26.5,1.38,SPY230331C00415000,415.0,normalDay
2023-03-02,10113.0,-337.0,0.0,100,397.81,426.0,0,0.0,0.0,,0.0,1,26.5,1.68,SPY230331C00415000,415.0,normalDay
2023-03-03,10113.0,167.0,0.0,100,404.19,426.0,0,0.0,0.0,,0.0,1,26.5,3.02,SPY230331C00415000,415.0,normalDay
2023-03-06,10113.0,205.0,0.0,100,404.47,426.0,0,0.0,0.0,,0.0,1,26.5,2.92,SPY230331C00415000,415.0,normalDay
2023-03-07,10113.0,-274.0,0.0,100,398.27,426.0,0,0.0,0.0,,0.0,1,26.5,1.51,SPY230331C00415000,415.0,normalDay
2023-03-08,10113.0,-197.0,0.0,100,398.92,426.0,0,0.0,0.0,,0.0,1,26.5,1.39,SPY230331C00415000,415.0,normalDay
2023-03-09,10113.0,-865.0,0.0,100,391.56,426.0,0,0.0,0.0,,0.0,1,26.5,0.71,SPY230331C00415000,415.0,normalDay
2023-03-10,10113.0,-1388.0,0.0,100,385.91,426.0,0,0.0,0.0,,0.0,1,26.5,0.29,SPY230331C00415000,415.0,normalDay
2023-03-13,10113.0,-1446.0,0.0,100,385.36,426.0,0,0.0,0.0,,0.0,1,26.5,0.32,SPY230331C00415000,415.0,normalDay
2023-03-14,10113.0,-809.0,0.0,100,391.73,426.0,0,0.0,0.0,,0.0,1,26.5,0.32,SPY230331C00415000,415.0,normalDay
2023-03-15,10113.0,-1045.0,0.0,100,389.28,426.0,0,0.0,0.0,,0.0,1,26.5,0.23,SPY230331C00415000,415.0,normalDay
2023-03-16,10113.0,-386.0,0.0,100,396.11,426.0,0,0.0,0.0,,0.0,1,26.5,0.47,SPY230331C00415000,415.0,normalDay
2023-03-17,10113.0,-976.0,0.0,100,389.99,426.0,0,0.0,0.0,,0.0,1,26.5,0.25,SPY230331C00415000,415.0,normalDay
2023-03-20,10113.0,-601.0,0.0,100,393.74,426.0,0,0.0,0.0,,0.0,1,26.5,0.25,SPY230331C00415000,415.0,normalDay
2023-03-21,10113.0,-114.0,0.0,100,398.91,426.0,0,0.0,0.0,,0.0,1,26.5,0.55,SPY230331C00415000,415.0,normalDay
2023-03-22,10113.0,-748.0,0.0,100,392.11,426.0,0,0.0,0.0,,0.0,1,26.5,0.09,SPY230331C00415000,415.0,normalDay
2023-03-23,10113.0,-640.0,0.0,100,393.17,426.0,0,0.0,0.0,,0.0,1,26.5,0.07,SPY230331C00415000,415.0,normalDay
2023-03-24,10113.0,-380.0,0.0,100,395.75,426.0,0,0.0,0.0,,0.0,1,26.5,0.05,SPY230331C00415000,415.0,normalDay
2023-03-27,10113.0,-304.0,0.0,100,396.49,426.0,0,0.0,0.0,,0.0,1,26.5,0.03,SPY230331C00415000,415.0,normalDay
2023-03-28,10113.0,-392.0,0.0,100,395.6,426.0,0,0.0,0.0,,0.0,1,26.5,0.02,SPY230331C00415000,415.0,normalDay
2023-03-29,10113.0,183.0,0.0,100,401.35,426.0,0,0.0,0.0,,0.0,1,26.5,0.02,SPY230331C00415000,415.0,normalDay
2023-03-30,10113.0,419.0,0.0,100,403.7,426.0,0,0.0,0.0,,0.0,1,26.5,0.01,SPY230331C00415000,415.0,normalDay
2023-03-31,12763.0,-1661.0,2650.0,100,409.39,426.0,0,0.0,0.0,,0.0,1,26.5,0.0,SPY230331C00415000,415.0,expirationDay
2023-04-03,12763.0,-1957.0,0.0,100,410.95,426.0,0,0.0,0.0,,0.0,1,43.48,48.0,SPY240328C00400000,400.0,normalDay
2023-04-04,12763.0,-2026.0,0.0,100,408.67,426.0,0,0.0,0.0,,0.0,1,43.48,46.41,SPY240328C00400000,400.0,normalDay
2023-04-05,12763.0,-2021.0,0.0,100,407.6,426.0,0,0.0,0.0,,0.0,1,43.48,45.29,SPY240328C00400000,400.0,normalDay
2023-04-06,12763.0,-1983.0,0.0,100,409.19,426.0,0,0.0,0.0,,0.0,1,43.48,46.5,SPY240328C00400000,400.0,normalDay
2023-04-10,12763.0,-1925.0,0.0,100,409.61,426.0,0,0.0,0.0,,0.0,1,43.48,46.34,SPY240328C00400000,400.0,normalDay
2023-04-11,12763.0,-1930.0,0.0,100,409.72,426.0,0,0.0,0.0,,0.0,1,43.48,46.5,SPY240328C00400000,400.0,normalDay
2023-04-12,12763.0,-1991.0,0.0,100,408.05,426.0,0,0.0,0.0,,0.0,1,43.48,45.44,SPY240328C00400000,400.0,normalDay
2023-04-13,12763.0,-1755.0,0.0,100,413.47,426.0,0,0.0,0.0,,0.0,1,43.48,48.5,SPY240328C00400000,400.0,normalDay
2023-04-14,12763.0,-1806.0,0.0,100,412.46,426.0,0,0.0,0.0,,0.0,1,43.48,48.0,SPY240328C00400000,400.0,normalDay
2023-04-17,12763.0,-1749.0,0.0,100,413.94,426.0,0,0.0,0.0,,0.0,1,43.48,48.91,SPY240328C00400000,400.0,normalDay
2023-04-18,12763.0,-1681.0,0.0,100,414.21,426.0,0,0.0,0.0,,0.0,1,43.48,48.5,SPY240328C00400000,400.0,normalDay
2023-04-19,12763.0,-1735.0,0.0,100,414.14,426.0,0,0.0,0.0,,0.0,1,43.48,48.97,SPY240328C00400000,400.0,normalDay
2023-04-20,12763.0,-1814.0,0.0,100,411.88,426.0,0,0.0,0.0,,0.0,1,43.48,47.5,SPY240328C00400000,400.0,normalDay
2023-04-21,12763.0,-1782.0,0.0,100,412.2,426.0,0,0.0,0.0,,0.0,1,43.48,47.5,SPY240328C00400000,400.0,normalDay
2023-04-24,12763.0,-1589.0,0.0,100,412.63,426.0,0,0.0,0.0,,0.0,1,43.48,46.0,SPY240328C00400000,400.0,normalDay
2023-04-25,12763.0,-1992.0,0.0,100,406.08,426.0,0,0.0,0.0,,0.0,1,43.48,43.48,SPY240328C00400000,400.0,normalDay
2023-04-26,12763.0,-1916.0,0.0,100,404.36,426.0,0,0.0,0.0,,0.0,1,43.48,41.0,SPY240328C00400000,400.0,normalDay
2023-04-27,12763.0,-1703.0,0.0,100,412.41,426.0,0,0.0,0.0,,0.0,1,43.48,46.92,SPY240328C00400000,400.0,normalDay
2023-04-28,12763.0,-1448.0,0.0,100,415.93,426.0,0,0.0,0.0,,0.0,1,43.48,47.89,SPY240328C00400000,400.0,normalDay
2023-05-01,12763.0,-1469.0,0.0,100,415.51,426.0,0,0.0,0.0,,0.0,1,43.48,47.68,SPY240328C00400000,400.0,normalDay
2023-05-02,12763.0,-1596.0,0.0,100,410.84,426.0,0,0.0,0.0,,0.0,1,43.48,44.28,SPY240328C00400000,400.0,normalDay
2023-05-03,12763.0,-1739.0,0.0,100,408.02,426.0,0,0.0,0.0,,0.0,1,43.48,42.89,SPY240328C00400000,400.0,normalDay
2023-05-04,12763.0,-1770.0,0.0,100,405.13,426.0,0,0.0,0.0,,0.0,1,43.48,40.31,SPY240328C00400000,400.0,normalDay
2023-05-05,12763.0,-1479.0,0.0,100,412.63,426.0,0,0.0,0.0,,0.0,1,43.48,44.9,SPY240328C00400000,400.0,normalDay
2023-05-08,12763.0,-1466.0,0.0,100,412.74,426.0,0,0.0,0.0,,0.0,1,43.48,44.88,SPY240328C00400000,400.0,normalDay
2023-05-09,12763.0,-1554.0,0.0,100,410.93,426.0,0,0.0,0.0,,0.0,1,43.48,43.95,SPY240328C00400000,400.0,normalDay
2023-05-10,12763.0,-1457.0,0.0,100,412.85,426.0,0,0.0,0.0,,0.0,1,43.48,44.9,SPY240328C00400000,400.0,normalDay
2023-05-11,12763.0,-1421.0,0.0,100,412.13,426.0,0,0.0,0.0,,0.0,1,43.48,43.82,SPY240328C00400000,400.0,normalDay
2023-05-12,12763.0,-1423.0,0.0,100,411.59,426.0,0,0.0,0.0,,0.0,1,43.48,43.3,SPY240328C00400000,400.0,normalDay
2023-05-15,12763.0,-1360.0,0.0,100,413.01,426.0,0,0.0,0.0,,0.0,1,43.48,44.09,SPY240328C00400000,400.0,normalDay
2023-05-16,12763.0,-1485.0,0.0,100,410.25,426.0,0,0.0,0.0,,0.0,1,43.48,42.58,SPY240328C00400000,400.0,normalDay
2023-05-17,12763.0,-1282.0,0.0,100,415.23,426.0,0,0.0,0.0,,0.0,1,43.48,45.53,SPY240328C00400000,400.0,normalDay
2023-05-18,12763.0,-1135.0,0.0,100,419.23,426.0,0,0.0,0.0,,0.0,1,43.48,48.06,SPY240328C00400000,400.0,normalDay
2023-05-19,12763.0,-1178.0,0.0,100,418.62,426.0,0,0.0,0.0,,0.0,1,43.48,47.88,SPY240328C00400000,400.0,normalDay
2023-05-22,12763.0,-1189.0,0.0,100,418.79,426.0,0,0.0,0.0,,0.0,1,43.48,48.16,SPY240328C00400000,400.0,normalDay
2023-05-23,12763.0,-1325.0,0.0,100,414.09,426.0,0,0.0,0.0,,0.0,1,43.48,44.82,SPY240328C00400000,400.0,normalDay
2023-05-24,12763.0,-1445.0,0.0,100,411.09,426.0,0,0.0,0.0,,0.0,1,43.48,43.02,SPY240328C00400000,400.0,normalDay
2023-05-25,12763.0,-1305.0,0.0,100,414.65,426.0,0,0.0,0.0,,0.0,1,43.48,45.18,SPY240328C00400000,400.0,normalDay
2023-05-26,12763.0,-1144.0,0.0,100,420.02,426.0,0,0.0,0.0,,0.0,1,43.48,48.94,SPY240328C00400000,400.0,normalDay
2023-05-30,12763.0,-1111.0,0.0,100,420.18,426.0,0,0.0,0.0,,0.0,1,43.48,48.77,SPY240328C00400000,400.0,normalDay
2023-05-31,12763.0,-1142.0,0.0,100,417.85,426.0,0,0.0,0.0,,0.0,1,43.48,46.75,SPY240328C00400000,400.0,normalDay
2023-06-01,12763.0,-974.0,0.0,100,421.82,426.0,0,0.0,0.0,,0.0,1,43.48,49.04,SPY240328C00400000,400.0,normalDay
2023-06-02,12763.0,-806.0,0.0,100,427.92,426.0,0,0.0,0.0,,0.0,1,43.48,53.46,SPY240328C00400000,400.0,normalDay
2023-06-05,12763.0,-799.0,0.0,100,427.1,426.0,0,0.0,0.0,,0.0,1,43.48,52.57,SPY240328C00400000,400.0,normalDay
2023-06-06,12763.0,-748.0,0.0,100,428.03,426.0,0,0.0,0.0,,0.0,1,43.48,52.99,SPY240328C00400000,400.0,normalDay
2023-06-07,12763.0,-743.0,0.0,100,426.55,426.0,0,0.0,0.0,,0.0,1,43.48,51.46,SPY240328C00400000,400.0,normalDay
2023-06-08,12763.0,-609.0,0.0,100,429.13,426.0,0,0.0,0.0,,0.0,1,43.48,52.7,SPY240328C00400000,400.0,normalDay
2023-06-09,12763.0,-659.0,0.0,100,429.9,426.0,0,0.0,0.0,,0.0,1,43.48,53.97,SPY240328C00400000,400.0,normalDay
2023-06-12,12763.0,-538.0,0.0,100,433.8,426.0,0,0.0,0.0,,0.0,1,43.48,56.66,SPY240328C00400000,400.0,normalDay
2023-06-13,12763.0,-505.0,0.0,100,436.66,426.0,0,0.0,0.0,,0.0,1,43.48,59.19,SPY240328C00400000,400.0,normalDay
2023-06-14,12763.0,-524.0,0.0,100,437.18,426.0,0,0.0,0.0,,0.0,1,43.48,59.9,SPY240328C00400000,400.0,normalDay
2023-06-15,12763.0,-358.0,0.0,100,442.6,426.0,0,0.0,0.0,,0.0,1,43.48,63.66,SPY240328C00400000,400.0,normalDay
2023-06-16,12763.0,-617.0,0.0,100,439.46,426.0,0,0.0,0.0,,0.0,1,43.48,63.11,SPY240328C00400000,400.0,normalDay
2023-06-20,12763.0,-601.0,0.0,100,437.18,426.0,0,0.0,0.0,,0.0,1,43.48,60.67,SPY240328C00400000,400.0,normalDay
2023-06-21,12763.0,-658.0,0.0,100,434.94,426.0,0,0.0,0.0,,0.0,1,43.48,59.0,SPY240328C00400000,400.0,normalDay
2023-06-22,12763.0,-583.0,0.0,100,436.51,426.0,0,0.0,0.0,,0.0,1,43.48,59.82,SPY240328C00400000,400.0,normalDay
2023-06-23,12763.0,-652.0,0.0,100,433.21,426.0,0,0.0,0.0,,0.0,1,43.48,57.21,SPY240328C00400000,400.0,normalDay
2023-06-26,12763.0,-673.0,0.0,100,431.44,426.0,0,0.0,0.0,,0.0,1,43.48,55.65,SPY240328C00400000,400.0,normalDay
2023-06-27,12763.0,-505.0,0.0,100,436.17,426.0,0,0.0,0.0,,0.0,1,43.48,58.7,SPY240328C00400000,400.0,normalDay
2023-06-28,12763.0,-510.0,0.0,100,436.39,426.0,0,0.0,0.0,,0.0,1,43.48,58.97,SPY240328C00400000,400.0,normalDay
2023-06-29,12763.0,-458.0,0.0,100,438.11,426.0,0,0.0,0.0,,0.0,1,43.48,60.17,SPY240328C00400000,400.0,normalDay
2023-06-30,12763.0,-387.0,0.0,100,443.28,426.0,0,0.0,0.0,,0.0,1,43.48,64.63,SPY240328C00400000,400.0,normalDay
2023-07-03,12763.0,-357.0,0.0,100,443.79,426.0,0,0.0,0.0,,0.0,1,43.48,64.84,SPY240328C00400000,400.0,normalDay
2023-07-05,12763.0,-366.0,0.0,100,443.13,426.0,0,0.0,0.0,,0.0,1,43.48,64.27,SPY240328C00400000,400.0,normalDay
2023-07-06,12763.0,-457.0,0.0,100,439.66,426.0,0,0.0,0.0,,0.0,1,43.48,61.71,SPY240328C00400000,400.0,normalDay
2023-07-07,12763.0,-464.0,0.0,100,438.55,426.0,0,0.0,0.0,,0.0,1,43.48,60.67,SPY240328C00400000,400.0,normalDay
2023-07-10,12763.0,-410.0,0.0,100,439.66,426.0,0,0.0,0.0,,0.0,1,43.48,61.24,SPY240328C00400000,400.0,normalDay
2023-07-11,12763.0,-318.0,0.0,100,442.46,426.0,0,0.0,0.0,,0.0,1,43.48,63.12,SPY240328C00400000,400.0,normalDay
2023-07-12,12763.0,-237.0,0.0,100,446.02,426.0,0,0.0,0.0,,0.0,1,43.48,65.87,SPY240328C00400000,400.0,normalDay
2023-07-13,12763.0,-166.0,0.0,100,449.56,426.0,0,0.0,0.0,,0.0,1,43.48,68.7,SPY240328C00400000,400.0,normalDay
2023-07-14,12763.0,-158.0,0.0,100,449.28,426.0,0,0.0,0.0,,0.0,1,43.48,68.34,SPY240328C00400000,400.0,normalDay
2023-07-17,12763.0,-116.0,0.0,100,450.84,426.0,0,0.0,0.0,,0.0,1,43.48,69.48,SPY240328C00400000,400.0,normalDay
2023-07-18,12763.0,-86.0,0.0,100,454.19,426.0,0,0.0,0.0,,0.0,1,43.48,72.53,SPY240328C00400000,400.0,normalDay
2023-07-19,12763.0,-103.0,0.0,100,455.2,426.0,0,0.0,0.0,,0.0,1,43.48,73.71,SPY240328C00400000,400.0,normalDay
2023-07-20,12763.0,-167.0,0.0,100,452.18,426.0,0,0.0,0.0,,0.0,1,43.48,71.33,SPY240328C00400000,400.0,normalDay
2023-07-21,12763.0,-119.0,0.0,100,452.18,426.0,0,0.0,0.0,,0.0,1,43.48,70.85,SPY240328C00400000,400.0,normalDay
2023-07-24,12763.0,-96.0,0.0,100,454.2,426.0,0,0.0,0.0,,0.0,1,43.48,72.64,SPY240328C00400000,400.0,normalDay
2023-07-25,12763.0,-162.0,0.0,100,455.44,426.0,0,0.0,0.0,,0.0,1,43.48,74.54,SPY240328C00400000,400.0,normalDay
2023-07-26,12763.0,-213.0,0.0,100,455.51,426.0,0,0.0,0.0,,0.0,1,43.48,75.12,SPY240328C00400000,400.0,normalDay
2023-07-27,12763.0,-150.0,0.0,100,452.49,426.0,0,0.0,0.0,,0.0,1,43.48,71.47,SPY240328C00400000,400.0,normalDay
2023-07-28,12763.0,-47.0,0.0,100,456.92,426.0,0,0.0,0.0,,0.0,1,43.48,74.87,SPY240328C00400000,400.0,normalDay
2023-07-31,12763.0,-32.0,0.0,100,457.79,426.0,0,0.0,0.0,,0.0,1,43.48,75.59,SPY240328C00400000,400.0,normalDay
2023-08-01,12763.0,-20.0,0.0,100,456.48,426.0,0,0.0,0.0,,0.0,1,43.48,74.16,SPY240328C00400000,400.0,normalDay
2023-08-02,12763.0,-176.0,0.0,100,450.13,426.0,0,0.0,0.0,,0.0,1,43.48,69.37,SPY240328C00400000,400.0,normalDay
2023-08-03,12763.0,-374.0,0.0,100,448.84,426.0,0,0.0,0.0,,0.0,1,43.48,70.06,SPY240328C00400000,400.0,normalDay
2023-08-04,12763.0,-220.0,0.0,100,446.81,426.0,0,0.0,0.0,,0.0,1,43.48,66.49,SPY240328C00400000,400.0,normalDay
2023-08-07,12763.0,-100.0,0.0,100,450.71,426.0,0,0.0,0.0,,0.0,1,43.48,69.19,SPY240328C00400000,400.0,normalDay
2023-08-08,12763.0,-114.0,0.0,100,448.75,426.0,0,0.0,0.0,,0.0,1,43.48,67.37,SPY240328C00400000,400.0,normalDay
2023-08-09,12763.0,-199.0,0.0,100,445.75,426.0,0,0.0,0.0,,0.0,1,43.48,65.22,SPY240328C00400000,400.0,normalDay
2023-08-10,12763.0,-119.0,0.0,100,445.91,426.0,0,0.0,0.0,,0.0,1,43.48,64.58,SPY240328C00400000,400.0,normalDay
2023-08-11,12763.0,-117.0,0.0,100,445.65,426.0,0,0.0,0.0,,0.0,1,43.48,64.3,SPY240328C00400000,400.0,normalDay
2023-08-14,12763.0,-44.0,0.0,100,448.11,426.0,0,0.0,0.0,,0.0,1,43.48,66.03,SPY240328C00400000,400.0,normalDay
2023-08-15,12763.0,-135.0,0.0,100,442.89,426.0,0,0.0,0.0,,0.0,1,43.48,61.72,SPY240328C00400000,400.0,normalDay
2023-08-16,12763.0,-223.0,0.0,100,439.64,426.0,0,0.0,0.0,,0.0,1,43.48,59.35,SPY240328C00400000,400.0,normalDay
2023-08-17,12763.0,-268.0,0.0,100,436.29,426.0,0,0.0,0.0,,0.0,1,43.48,56.45,SPY240328C00400000,400.0,normalDay
2023-08-18,12763.0,-235.0,0.0,100,436.5,426.0,0,0.0,0.0,,0.0,1,43.48,56.33,SPY240328C00400000,400.0,normalDay
2023-08-21,12763.0,-118.0,0.0,100,439.34,426.0,0,0.0,0.0,,0.0,1,43.48,58.0,SPY240328C00400000,400.0,normalDay
2023-08-22,12763.0,-147.0,0.0,100,438.15,426.0,0,0.0,0.0,,0.0,1,43.48,57.1,SPY240328C00400000,400.0,normalDay
2023-08-23,12763.0,-165.0,0.0,100,443.03,426.0,0,0.0,0.0,,0.0,1,43.48,62.16,SPY240328C00400000,400.0,normalDay
2023-08-24,12763.0,-187.0,0.0,100,436.89,426.0,0,0.0,0.0,,0.0,1,43.48,56.24,SPY240328C00400000,400.0,normalDay
2023-08-25,12763.0,-122.0,0.0,100,439.97,426.0,0,0.0,0.0,,0.0,1,43.48,58.67,SPY240328C00400000,400.0,normalDay
2023-08-28,12763.0,24.0,0.0,100,442.76,426.0,0,0.0,0.0,,0.0,1,43.48,60.0,SPY240328C00400000,400.0,normalDay
2023-08-29,12763.0,99.0,0.0,100,449.16,426.0,0,0.0,0.0,,0.0,1,43.48,65.65,SPY240328C00400000,400.0,normalDay
2023-08-30,12763.0,144.0,0.0,100,451.01,426.0,0,0.0,0.0,,0.0,1,43.48,67.05,SPY240328C00400000,400.0,normalDay
2023-08-31,12763.0,143.0,0.0,100,450.35,426.0,0,0.0,0.0,,0.0,1,43.48,66.4,SPY240328C00400000,400.0,normalDay
2023-09-01,12763.0,272.0,0.0,100,451.19,426.0,0,0.0,0.0,,0.0,1,43.48,65.95,SPY240328C00400000,400.0,normalDay
2023-09-05,12763.0,234.0,0.0,100,449.24,426.0,0,0.0,0.0,,0.0,1,43.48,64.38,SPY240328C00400000,400.0,normalDay
2023-09-06,12763.0,205.0,0.0,100,446.22,426.0,0,0.0,0.0,,0.0,1,43.48,61.65,SPY240328C00400000,400.0,normalDay
2023-09-07,12763.0,193.0,0.0,100,444.85,426.0,0,0.0,0.0,,0.0,1,43.48,60.4,SPY240328C00400000,400.0,normalDay
2023-09-08,12763.0,203.0,0.0,100,445.52,426.0,0,0.0,0.0,,0.0,1,43.48,60.97,SPY240328C00400000,400.0,normalDay
2023-09-11,12763.0,296.0,0.0,100,448.45,426.0,0,0.0,0.0,,0.0,1,43.48,62.97,SPY240328C00400000,400.0,normalDay
2023-09-12,12763.0,253.0,0.0,100,445.99,426.0,0,0.0,0.0,,0.0,1,43.48,60.94,SPY240328C00400000,400.0,normalDay
2023-09-13,12763.0,278.0,0.0,100,446.51,426.0,0,0.0,0.0,,0.0,1,43.48,61.21,SPY240328C00400000,400.0,normalDay
2023-09-14,12763.0,371.0,0.0,100,450.36,426.0,0,0.0,0.0,,0.0,1,43.48,64.13,SPY240328C00400000,400.0,normalDay
2023-09-15,12763.0,165.0,0.0,100,443.37,426.0,0,0.0,0.0,,0.0,1,43.48,59.2,SPY240328C00400000,400.0,normalDay
2023-09-18,12763.0,180.0,0.0,100,443.63,426.0,0,0.0,0.0,,0.0,1,43.48,59.31,SPY240328C00400000,400.0,normalDay
2023-09-19,12763.0,174.0,0.0,100,442.71,426.0,0,0.0,0.0,,0.0,1,43.48,58.45,SPY240328C00400000,400.0,normalDay
2023-09-20,12763.0,150.0,0.0,100,438.64,426.0,0,0.0,0.0,,0.0,1,43.48,54.62,SPY240328C00400000,400.0,normalDay
2023-09-21,12763.0,12.0,0.0,100,431.39,426.0,0,0.0,0.0,,0.0,1,43.48,48.75,SPY240328C00400000,400.0,normalDay
2023-09-22,12763.0,-37.0,0.0,100,430.42,426.0,0,0.0,0.0,,0.0,1,43.48,48.27,SPY240328C00400000,400.0,normalDay
2023-09-25,12763.0,30.0,0.0,100,432.23,426.0,0,0.0,0.0,,0.0,1,43.48,49.41,SPY240328C00400000,400.0,normalDay
2023-09-26,12763.0,-188.0,0.0,100,425.88,426.0,0,0.0,0.0,,0.0,1,43.48,45.24,SPY240328C00400000,400.0,normalDay
2023-09-27,12763.0,-160.0,0.0,100,426.05,426.0,0,0.0,0.0,,0.0,1,43.48,45.13,SPY240328C00400000,400.0,normalDay
2023-09-28,12763.0,-9.0,0.0,100,428.52,426.0,0,0.0,0.0,,0.0,1,43.48,46.09,SPY240328C00400000,400.0,normalDay
2023-09-29,12763.0,-81.0,0.0,100,427.48,426.0,0,0.0,0.0,,0.0,1,43.48,45.77,SPY240328C00400000,400.0,normalDay
2023-10-02,12763.0,-35.0,0.0,100,427.31,426.0,0,0.0,0.0,,0.0,1,43.48,45.14,SPY240328C00400000,400.0,normalDay
2023-10-03,12763.0,-235.0,0.0,100,421.59,426.0,0,0.0,0.0,,0.0,1,43.48,41.42,SPY240328C00400000,400.0,normalDay
2023-10-04,12763.0,-81.0,0.0,100,424.66,426.0,0,0.0,0.0,,0.0,1,43.48,42.95,SPY240328C00400000,400.0,normalDay
2023-10-05,12763.0,-52.0,0.0,100,424.5,426.0,0,0.0,0.0,,0.0,1,43.48,42.5,SPY240328C00400000,400.0,normalDay
2023-10-06,12763.0,26.0,0.0,100,429.54,426.0,0,0.0,0.0,,0.0,1,43.48,46.76,SPY240328C00400000,400.0,normalDay
2023-10-09,12763.0,113.0,0.0,100,432.29,426.0,0,0.0,0.0,,0.0,1,43.48,48.64,SPY240328C00400000,400.0,normalDay
2023-10-10,12763.0,191.0,0.0,100,434.54,426.0,0,0.0,0.0,,0.0,1,43.48,50.11,SPY240328C00400000,400.0,normalDay
2023-10-11,12763.0,192.0,0.0,100,436.32,426.0,0,0.0,0.0,,0.0,1,43.48,51.88,SPY240328C00400000,400.0,normalDay
2023-10-12,12763.0,181.0,0.0,100,433.66,426.0,0,0.0,0.0,,0.0,1,43.48,49.33,SPY240328C00400000,400.0,normalDay
2023-10-13,12763.0,130.0,0.0,100,431.5,426.0,0,0.0,0.0,,0.0,1,43.48,47.68,SPY240328C00400000,400.0,normalDay
2023-10-16,12763.0,238.0,0.0,100,436.04,426.0,0,0.0,0.0,,0.0,1,43.48,51.14,SPY240328C00400000,400.0,normalDay
2023-10-17,12763.0,282.0,0.0,100,436.02,426.0,0,0.0,0.0,,0.0,1,43.48,50.68,SPY240328C00400000,400.0,normalDay
2023-10-18,12763.0,39.0,0.0,100,430.21,426.0,0,0.0,0.0,,0.0,1,43.48,47.3,SPY240328C00400000,400.0,normalDay
2023-10-19,12763.0,17.0,0.0,100,426.43,426.0,0,0.0,0.0,,0.0,1,43.48,43.74,SPY240328C00400000,400.0,normalDay
2023-10-20,12763.0,-138.0,0.0,100,421.19,426.0,0,0.0,0.0,,0.0,1,43.48,40.05,SPY240328C00400000,400.0,normalDay
2023-10-23,12763.0,-136.0,0.0,100,420.46,426.0,0,0.0,0.0,,0.0,1,43.48,39.3,SPY240328C00400000,400.0,normalDay
2023-10-24,12763.0,-7.0,0.0,100,423.63,426.0,0,0.0,0.0,,0.0,1,43.48,41.18,SPY240328C00400000,400.0,normalDay
2023-10-25,12763.0,-162.0,0.0,100,417.55,426.0,0,0.0,0.0,,0.0,1,43.48,36.65,SPY240328C00400000,400.0,normalDay
2023-10-26,12763.0,-263.0,0.0,100,412.55,426.0,0,0.0,0.0,,0.0,1,43.48,32.66,SPY240328C00400000,400.0,normalDay
2023-10-27,12763.0,-308.0,0.0,100,410.68,426.0,0,0.0,0.0,,0.0,1,43.48,31.24,SPY240328C00400000,400.0,normalDay
2023-10-30,12763.0,-73.0,0.0,100,415.59,426.0,0,0.0,0.0,,0.0,1,43.48,33.8,SPY240328C00400000,400.0,normalDay
2023-10-31,12763.0,81.0,0.0,100,418.2,426.0,0,0.0,0.0,,0.0,1,43.48,34.87,SPY240328C00400000,400.0,normalDay
2023-11-01,12763.0,207.0,0.0,100,422.66,426.0,0,0.0,0.0,,0.0,1,43.48,38.07,SPY240328C00400000,400.0,normalDay
2023-11-02,12763.0,425.0,0.0,100,430.76,426.0,0,0.0,0.0,,0.0,1,43.48,43.99,SPY240328C00400000,400.0,normalDay
2023-11-03,12763.0,468.0,0.0,100,434.69,426.0,0,0.0,0.0,,0.0,1,43.48,47.49,SPY240328C00400000,400.0,normalDay
2023-11-06,12763.0,568.0,0.0,100,435.69,426.0,0,0.0,0.0,,0.0,1,43.48,47.49,SPY240328C00400000,400.0,normalDay
2023-11-07,12763.0,570.0,0.0,100,436.93,426.0,0,0.0,0.0,,0.0,1,43.48,48.71,SPY240328C00400000,400.0,normalDay
2023-11-08,12763.0,615.0,0.0,100,437.25,426.0,0,0.0,0.0,,0.0,1,43.48,48.58,SPY240328C00400000,400.0,normalDay
2023-11-09,12763.0,514.0,0.0,100,433.84,426.0,0,0.0,0.0,,0.0,1,43.48,46.18,SPY240328C00400000,400.0,normalDay
2023-11-10,12763.0,640.0,0.0,100,440.61,426.0,0,0.0,0.0,,0.0,1,43.48,51.69,SPY240328C00400000,400.0,normalDay
2023-11-13,12763.0,661.0,0.0,100,440.19,426.0,0,0.0,0.0,,0.0,1,43.48,51.06,SPY240328C00400000,400.0,normalDay
2023-11-14,12763.0,734.0,0.0,100,448.73,426.0,0,0.0,0.0,,0.0,1,43.48,58.87,SPY240328C00400000,400.0,normalDay
2023-11-15,12763.0,824.0,0.0,100,449.68,426.0,0,0.0,0.0,,0.0,1,43.48,58.92,SPY240328C00400000,400.0,normalDay
2023-11-16,12763.0,811.0,0.0,100,450.23,426.0,0,0.0,0.0,,0.0,1,43.48,59.6,SPY240328C00400000,400.0,normalDay
2023-11-17,12763.0,845.0,0.0,100,450.79,426.0,0,0.0,0.0,,0.0,1,43.48,59.82,SPY240328C00400000,400.0,normalDay
2023-11-20,12763.0,884.0,0.0,100,454.26,426.0,0,0.0,0.0,,0.0,1,43.48,62.9,SPY240328C00400000,400.0,normalDay
2023-11-21,12763.0,930.0,0.0,100,453.27,426.0,0,0.0,0.0,,0.0,1,43.48,61.45,SPY240328C00400000,400.0,normalDay
2023-11-22,12763.0,835.0,0.0,100,455.02,426.0,0,0.0,0.0,,0.0,1,43.48,64.15,SPY240328C00400000,400.0,normalDay
2023-11-24,12763.0,840.0,0.0,100,455.3,426.0,0,0.0,0.0,,0.0,1,43.48,64.38,SPY240328C00400000,400.0,normalDay
2023-11-27,12763.0,837.0,0.0,100,454.48,426.0,0,0.0,0.0,,0.0,1,43.48,63.59,SPY240328C00400000,400.0,normalDay
2023-11-28,12763.0,938.0,0.0,100,454.93,426.0,0,0.0,0.0,,0.0,1,43.48,63.03,SPY240328C00400000,400.0,normalDay
2023-11-29,12763.0,910.0,0.0,100,454.61,426.0,0,0.0,0.0,,0.0,1,43.48,62.99,SPY240328C00400000,400.0,normalDay
2023-11-30,12763.0,912.0,0.0,100,456.4,426.0,0,0.0,0.0,,0.0,1,43.48,64.76,SPY240328C00400000,400.0,normalDay
