date,totalCapital,unrializedPnL,rializedPnL,stocksOwned,stocksPriceToday,stocksPriceBoughtAt,putOwned,putOwnedSoldAt,putPriceToday,putOwnedContract,putOwnedStrike,callOwned,callOwnedSoldAt,callPriceToday,callOwnedContract,callOwnedStrike,trackType
2018-11-01,0.0,-7.0,0.0,0,273.51,0.0,1,3.53,3.6,SPY181107P00275000,275.0,0,0.0,0.0,,0.0,normalDay
2018-11-02,0.0,-62.0,0.0,0,271.89,0.0,1,3.53,4.15,SPY181107P00275000,275.0,0,0.0,0.0,,0.0,normalDay
2018-11-05,0.0,83.0,0.0,0,273.39,0.0,1,3.53,2.7,SPY181107P00275000,275.0,0,0.0,0.0,,0.0,normalDay
2018-11-06,0.0,185.0,0.0,0,275.12,0.0,1,3.53,1.68,SPY181107P00275000,275.0,0,0.0,0.0,,0.0,normalDay
2018-11-07,353.0,0.0,353.0,0,281.01,0.0,1,3.53,0.0,SPY181107P00275000,275.0,0,0.0,0.0,,0.0,expirationDay
2018-11-08,353.0,-4.0,0.0,0,280.5,0.0,1,0.39,0.43,SPY181114P00274000,274.0,0,0.0,0.0,,0.0,normalDay
2018-11-09,353.0,-31.0,0.0,0,277.76,0.0,1,0.39,0.7,SPY181114P00274000,274.0,0,0.0,0.0,,0.0,normalDay
2018-11-12,353.0,-204.0,0.0,0,272.57,0.0,1,0.39,2.43,SPY181114P00274000,274.0,0,0.0,0.0,,0.0,normalDay
2018-11-13,353.0,-213.0,0.0,0,272.06,0.0,1,0.39,2.52,SPY181114P00274000,274.0,0,0.0,0.0,,0.0,normalDay
2018-11-14,392.0,-380.0,39.0,100,270.2,274.0,1,0.39,0.0,SPY181114P00274000,274.0,0,0.0,0.0,,0.0,expirationDay
2018-11-15,392.0,-106.0,0.0,100,273.02,274.0,0,0.0,0.0,,0.0,1,2.59,2.67,SPY190118C00284000,284.0,normalDay
2018-11-16,392.0,-21.0,0.0,100,273.73,274.0,0,0.0,0.0,,0.0,1,2.59,2.53,SPY190118C00284000,284.0,normalDay
2018-11-19,392.0,-386.0,0.0,100,269.1,274.0,0,0.0,0.0,,0.0,1,2.59,1.55,SPY190118C00284000,284.0,normalDay
2018-11-20,392.0,-817.0,0.0,100,264.12,274.0,0,0.0,0.0,,0.0,1,2.59,0.88,SPY190118C00284000,284.0,normalDay
2018-11-21,392.0,-719.0,0.0,100,265.02,274.0,0,0.0,0.0,,0.0,1,2.59,0.8,SPY190118C00284000,284.0,normalDay
2018-11-23,392.0,-881.0,0.0,100,263.25,274.0,0,0.0,0.0,,0.0,1,2.59,0.65,SPY190118C00284000,284.0,normalDay
2018-11-26,392.0,-478.0,0.0,100,267.5,274.0,0,0.0,0.0,,0.0,1,2.59,0.87,SPY190118C00284000,284.0,normalDay
2018-11-27,392.0,-399.0,0.0,100,268.4,274.0,0,0.0,0.0,,0.0,1,2.59,0.98,SPY190118C00284000,284.0,normalDay
2018-11-28,392.0,93.0,0.0,100,274.58,274.0,0,0.0,0.0,,0.0,1,2.59,2.24,SPY190118C00284000,284.0,normalDay
2018-11-29,392.0,38.0,0.0,100,273.98,274.0,0,0.0,0.0,,0.0,1,2.59,2.19,SPY190118C00284000,284.0,normalDay
2018-11-30,392.0,161.0,0.0,100,275.65,274.0,0,0.0,0.0,,0.0,1,2.59,2.63,SPY190118C00284000,284.0,normalDay
2018-12-03,392.0,475.0,0.0,100,279.3,274.0,0,0.0,0.0,,0.0,1,2.59,3.14,SPY190118C00284000,284.0,normalDay
2018-12-04,392.0,-238.0,0.0,100,270.25,274.0,0,0.0,0.0,,0.0,1,2.59,1.22,SPY190118C00284000,284.0,normalDay
2018-12-06,392.0,-272.0,0.0,100,269.84,274.0,0,0.0,0.0,,0.0,1,2.59,1.15,SPY190118C00284000,284.0,normalDay
2018-12-07,392.0,-842.0,0.0,100,263.57,274.0,0,0.0,0.0,,0.0,1,2.59,0.58,SPY190118C00284000,284.0,normalDay
2018-12-10,392.0,-785.0,0.0,100,264.07,274.0,0,0.0,0.0,,0.0,1,2.59,0.51,SPY190118C00284000,284.0,normalDay
2018-12-11,392.0,-772.0,0.0,100,264.13,274.0,0,0.0,0.0,,0.0,1,2.59,0.44,SPY190118C00284000,284.0,normalDay
2018-12-12,392.0,-642.0,0.0,100,265.46,274.0,0,0.0,0.0,,0.0,1,2.59,0.47,SPY190118C00284000,284.0,normalDay
2018-12-13,392.0,-644.0,0.0,100,265.37,274.0,0,0.0,0.0,,0.0,1,2.59,0.4,SPY190118C00284000,284.0,normalDay
2018-12-14,392.0,-1114.0,0.0,100,260.47,274.0,0,0.0,0.0,,0.0,1,2.59,0.2,SPY190118C00284000,284.0,normalDay
2018-12-17,392.0,-1616.0,0.0,100,255.36,274.0,0,0.0,0.0,,0.0,1,2.59,0.11,SPY190118C00284000,284.0,normalDay
2018-12-18,392.0,-1645.0,0.0,100,255.08,274.0,0,0.0,0.0,,0.0,1,2.59,0.12,SPY190118C00284000,284.0,normalDay
2018-12-19,392.0,-2022.0,0.0,100,251.26,274.0,0,0.0,0.0,,0.0,1,2.59,0.07,SPY190118C00284000,284.0,normalDay
2018-12-20,392.0,-2431.0,0.0,100,247.17,274.0,0,0.0,0.0,,0.0,1,2.59,0.07,SPY190118C00284000,284.0,normalDay
2018-12-21,392.0,-3075.0,0.0,100,240.7,274.0,0,0.0,0.0,,0.0,1,2.59,0.04,SPY190118C00284000,284.0,normalDay
2018-12-24,392.0,-3710.0,0.0,100,234.34,274.0,0,0.0,0.0,,0.0,1,2.59,0.03,SPY190118C00284000,284.0,normalDay
2018-12-26,392.0,-2528.0,0.0,100,246.18,274.0,0,0.0,0.0,,0.0,1,2.59,0.05,SPY190118C00284000,284.0,normalDay
2018-12-27,392.0,-2340.0,0.0,100,248.07,274.0,0,0.0,0.0,,0.0,1,2.59,0.06,SPY190118C00284000,284.0,normalDay
2018-12-28,392.0,-2370.0,0.0,100,247.75,274.0,0,0.0,0.0,,0.0,1,2.59,0.04,SPY190118C00284000,284.0,normalDay
2018-12-31,392.0,-2152.0,0.0,100,249.92,274.0,0,0.0,0.0,,0.0,1,2.59,0.03,SPY190118C00284000,284.0,normalDay
2019-01-02,392.0,-2124.0,0.0,100,250.18,274.0,0,0.0,0.0,,0.0,1,2.59,0.01,SPY190118C00284000,284.0,normalDay
2019-01-03,392.0,-2721.0,0.0,100,244.21,274.0,0,0.0,0.0,,0.0,1,2.59,0.01,SPY190118C00284000,284.0,normalDay
2019-01-04,392.0,-1904.0,0.0,100,252.39,274.0,0,0.0,0.0,,0.0,1,2.59,0.02,SPY190118C00284000,284.0,normalDay
2019-01-07,392.0,-1704.0,0.0,100,254.38,274.0,0,0.0,0.0,,0.0,1,2.59,0.01,SPY190118C00284000,284.0,normalDay
2019-01-08,392.0,-1465.0,0.0,100,256.77,274.0,0,0.0,0.0,,0.0,1,2.59,0.01,SPY190118C00284000,284.0,normalDay
2019-01-09,392.0,-1346.0,0.0,100,257.97,274.0,0,0.0,0.0,,0.0,1,2.59,0.02,SPY190118C00284000,284.0,normalDay
2019-01-10,392.0,-1255.0,0.0,100,258.88,274.0,0,0.0,0.0,,0.0,1,2.59,0.02,SPY190118C00284000,284.0,normalDay
2019-01-11,392.0,-1244.0,0.0,100,258.98,274.0,0,0.0,0.0,,0.0,1,2.59,0.01,SPY190118C00284000,284.0,normalDay
2019-01-14,392.0,-1402.0,0.0,100,257.4,274.0,0,0.0,0.0,,0.0,1,2.59,0.01,SPY190118C00284000,284.0,normalDay
2019-01-15,392.0,-1107.0,0.0,100,260.35,274.0,0,0.0,0.0,,0.0,1,2.59,0.01,SPY190118C00284000,284.0,normalDay
2019-01-16,392.0,-1044.0,0.0,100,260.98,274.0,0,0.0,0.0,,0.0,1,2.59,0.01,SPY190118C00284000,284.0,normalDay
2019-01-17,392.0,-846.0,0.0,100,262.96,274.0,0,0.0,0.0,,0.0,1,2.59,0.01,SPY190118C00284000,284.0,normalDay
2019-01-18,651.0,-754.0,259.0,100,266.46,274.0,0,0.0,0.0,,0.0,1,2.59,0.0,SPY190118C00284000,284.0,expirationDay
2019-01-22,651.0,-1121.0,0.0,100,262.86,274.0,0,0.0,0.0,,0.0,1,3.6,3.67,SPY190418C00274000,274.0,normalDay
2019-01-23,651.0,-1062.0,0.0,100,263.41,274.0,0,0.0,0.0,,0.0,1,3.6,3.63,SPY190418C00274000,274.0,normalDay
2019-01-24,651.0,-1003.0,0.0,100,263.55,274.0,0,0.0,0.0,,0.0,1,3.6,3.18,SPY190418C00274000,274.0,normalDay
2019-01-25,651.0,-871.0,0.0,100,265.78,274.0,0,0.0,0.0,,0.0,1,3.6,4.09,SPY190418C00274000,274.0,normalDay
2019-01-28,651.0,-1003.0,0.0,100,263.76,274.0,0,0.0,0.0,,0.0,1,3.6,3.39,SPY190418C00274000,274.0,normalDay
2019-01-29,651.0,-1019.0,0.0,100,263.41,274.0,0,0.0,0.0,,0.0,1,3.6,3.2,SPY190418C00274000,274.0,normalDay
2019-01-30,651.0,-732.0,0.0,100,267.58,274.0,0,0.0,0.0,,0.0,1,3.6,4.5,SPY190418C00274000,274.0,normalDay
2019-01-31,651.0,-596.0,0.0,100,269.93,274.0,0,0.0,0.0,,0.0,1,3.6,5.49,SPY190418C00274000,274.0,normalDay
2019-02-01,651.0,-553.0,0.0,100,270.06,274.0,0,0.0,0.0,,0.0,1,3.6,5.19,SPY190418C00274000,274.0,normalDay
2019-02-04,651.0,-420.0,0.0,100,271.96,274.0,0,0.0,0.0,,0.0,1,3.6,5.76,SPY190418C00274000,274.0,normalDay
2019-02-05,651.0,-352.0,0.0,100,273.1,274.0,0,0.0,0.0,,0.0,1,3.6,6.22,SPY190418C00274000,274.0,normalDay
2019-02-06,651.0,-364.0,0.0,100,272.74,274.0,0,0.0,0.0,,0.0,1,3.6,5.98,SPY190418C00274000,274.0,normalDay
2019-02-07,651.0,-506.0,0.0,100,270.14,274.0,0,0.0,0.0,,0.0,1,3.6,4.8,SPY190418C00274000,274.0,normalDay
2019-02-08,651.0,-466.0,0.0,100,270.47,274.0,0,0.0,0.0,,0.0,1,3.6,4.73,SPY190418C00274000,274.0,normalDay
2019-02-11,651.0,-447.0,0.0,100,270.62,274.0,0,0.0,0.0,,0.0,1,3.6,4.69,SPY190418C00274000,274.0,normalDay
2019-02-12,651.0,-279.0,0.0,100,274.1,274.0,0,0.0,0.0,,0.0,1,3.6,6.49,SPY190418C00274000,274.0,normalDay
2019-02-13,651.0,-228.0,0.0,100,274.99,274.0,0,0.0,0.0,,0.0,1,3.6,6.87,SPY190418C00274000,274.0,normalDay
2019-02-14,651.0,-258.0,0.0,100,274.38,274.0,0,0.0,0.0,,0.0,1,3.6,6.56,SPY190418C00274000,274.0,normalDay
2019-02-15,651.0,-118.0,0.0,100,277.37,274.0,0,0.0,0.0,,0.0,1,3.6,8.15,SPY190418C00274000,274.0,normalDay
2019-02-19,651.0,-57.0,0.0,100,277.85,274.0,0,0.0,0.0,,0.0,1,3.6,8.02,SPY190418C00274000,274.0,normalDay
2019-02-20,651.0,-30.0,0.0,100,278.41,274.0,0,0.0,0.0,,0.0,1,3.6,8.31,SPY190418C00274000,274.0,normalDay
2019-02-21,651.0,-63.0,0.0,100,277.42,274.0,0,0.0,0.0,,0.0,1,3.6,7.65,SPY190418C00274000,274.0,normalDay
2019-02-22,651.0,27.0,0.0,100,279.14,274.0,0,0.0,0.0,,0.0,1,3.6,8.47,SPY190418C00274000,274.0,normalDay
2019-02-25,651.0,27.0,0.0,100,279.52,274.0,0,0.0,0.0,,0.0,1,3.6,8.85,SPY190418C00274000,274.0,normalDay
2019-02-26,651.0,30.0,0.0,100,279.32,274.0,0,0.0,0.0,,0.0,1,3.6,8.62,SPY190418C00274000,274.0,normalDay
2019-02-27,651.0,21.0,0.0,100,279.2,274.0,0,0.0,0.0,,0.0,1,3.6,8.59,SPY190418C00274000,274.0,normalDay
2019-02-28,651.0,28.0,0.0,100,278.68,274.0,0,0.0,0.0,,0.0,1,3.6,8.0,SPY190418C00274000,274.0,normalDay
2019-03-01,651.0,104.0,0.0,100,280.42,274.0,0,0.0,0.0,,0.0,1,3.6,8.98,SPY190418C00274000,274.0,normalDay
2019-03-04,651.0,86.0,0.0,100,279.4,274.0,0,0.0,0.0,,0.0,1,3.6,8.14,SPY190418C00274000,274.0,normalDay
2019-03-05,651.0,74.0,0.0,100,279.02,274.0,0,0.0,0.0,,0.0,1,3.6,7.88,SPY190418C00274000,274.0,normalDay
2019-03-06,651.0,7.0,0.0,100,277.33,274.0,0,0.0,0.0,,0.0,1,3.6,6.86,SPY190418C00274000,274.0,normalDay
2019-03-07,651.0,-105.0,0.0,100,275.01,274.0,0,0.0,0.0,,0.0,1,3.6,5.66,SPY190418C00274000,274.0,normalDay
2019-03-08,651.0,-111.0,0.0,100,274.46,274.0,0,0.0,0.0,,0.0,1,3.6,5.17,SPY190418C00274000,274.0,normalDay
2019-03-11,651.0,104.0,0.0,100,278.44,274.0,0,0.0,0.0,,0.0,1,3.6,7.0,SPY190418C00274000,274.0,normalDay
2019-03-12,651.0,170.0,0.0,100,279.49,274.0,0,0.0,0.0,,0.0,1,3.6,7.39,SPY190418C00274000,274.0,normalDay
2019-03-13,651.0,197.0,0.0,100,281.34,274.0,0,0.0,0.0,,0.0,1,3.6,8.97,SPY190418C00274000,274.0,normalDay
2019-03-14,651.0,226.0,0.0,100,281.16,274.0,0,0.0,0.0,,0.0,1,3.6,8.5,SPY190418C00274000,274.0,normalDay
2019-03-15,651.0,142.0,0.0,100,281.31,274.0,0,0.0,0.0,,0.0,1,3.6,9.49,SPY190418C00274000,274.0,normalDay
2019-03-18,651.0,143.0,0.0,100,282.33,274.0,0,0.0,0.0,,0.0,1,3.6,10.5,SPY190418C00274000,274.0,normalDay
2019-03-19,651.0,172.0,0.0,100,282.4,274.0,0,0.0,0.0,,0.0,1,3.6,10.28,SPY190418C00274000,274.0,normalDay
2019-03-20,651.0,160.0,0.0,100,281.55,274.0,0,0.0,0.0,,0.0,1,3.6,9.55,SPY190418C00274000,274.0,normalDay
2019-03-21,651.0,208.0,0.0,100,284.73,274.0,0,0.0,0.0,,0.0,1,3.6,12.25,SPY190418C00274000,274.0,normalDay
2019-03-22,651.0,-11.0,0.0,100,279.25,274.0,0,0.0,0.0,,0.0,1,3.6,8.96,SPY190418C00274000,274.0,normalDay
2019-03-25,651.0,50.0,0.0,100,279.04,274.0,0,0.0,0.0,,0.0,1,3.6,8.14,SPY190418C00274000,274.0,normalDay
2019-03-26,651.0,168.0,0.0,100,281.12,274.0,0,0.0,0.0,,0.0,1,3.6,9.04,SPY190418C00274000,274.0,normalDay
2019-03-27,651.0,112.0,0.0,100,279.65,274.0,0,0.0,0.0,,0.0,1,3.6,8.13,SPY190418C00274000,274.0,normalDay
2019-03-28,651.0,158.0,0.0,100,280.71,274.0,0,0.0,0.0,,0.0,1,3.6,8.73,SPY190418C00274000,274.0,normalDay
2019-03-29,651.0,199.0,0.0,100,282.48,274.0,0,0.0,0.0,,0.0,1,3.6,10.09,SPY190418C00274000,274.0,normalDay
2019-04-01,651.0,282.0,0.0,100,285.83,274.0,0,0.0,0.0,,0.0,1,3.6,12.61,SPY190418C00274000,274.0,normalDay
2019-04-02,651.0,302.0,0.0,100,285.97,274.0,0,0.0,0.0,,0.0,1,3.6,12.55,SPY190418C00274000,274.0,normalDay
2019-04-03,651.0,267.0,0.0,100,286.42,274.0,0,0.0,0.0,,0.0,1,3.6,13.35,SPY190418C00274000,274.0,normalDay
2019-04-04,651.0,295.0,0.0,100,287.18,274.0,0,0.0,0.0,,0.0,1,3.6,13.83,SPY190418C00274000,274.0,normalDay
2019-04-05,651.0,309.0,0.0,100,288.57,274.0,0,0.0,0.0,,0.0,1,3.6,15.08,SPY190418C00274000,274.0,normalDay
2019-04-08,651.0,315.0,0.0,100,288.79,274.0,0,0.0,0.0,,0.0,1,3.6,15.24,SPY190418C00274000,274.0,normalDay
2019-04-09,651.0,325.0,0.0,100,287.31,274.0,0,0.0,0.0,,0.0,1,3.6,13.66,SPY190418C00274000,274.0,normalDay
2019-04-10,651.0,308.0,0.0,100,288.29,274.0,0,0.0,0.0,,0.0,1,3.6,14.81,SPY190418C00274000,274.0,normalDay
2019-04-11,651.0,333.0,0.0,100,288.21,274.0,0,0.0,0.0,,0.0,1,3.6,14.48,SPY190418C00274000,274.0,normalDay
2019-04-12,651.0,329.0,0.0,100,290.16,274.0,0,0.0,0.0,,0.0,1,3.6,16.47,SPY190418C00274000,274.0,normalDay
2019-04-15,651.0,328.0,0.0,100,289.97,274.0,0,0.0,0.0,,0.0,1,3.6,16.29,SPY190418C00274000,274.0,normalDay
2019-04-16,651.0,345.0,0.0,100,290.16,274.0,0,0.0,0.0,,0.0,1,3.6,16.31,SPY190418C00274000,274.0,normalDay
2019-04-17,651.0,362.0,0.0,100,289.45,274.0,0,0.0,0.0,,0.0,1,3.6,15.43,SPY190418C00274000,274.0,normalDay
2019-04-18,1011.0,362.0,360.0,0,290.02,0.0,0,0.0,0.0,,0.0,1,3.6,0.0,SPY190418C00274000,274.0,expirationDay
2019-04-22,1011.0,-3.0,0.0,0,290.27,0.0,1,0.2,0.23,SPY190426P00286500,286.5,0,0.0,0.0,,0.0,normalDay
2019-04-23,1011.0,13.0,0.0,0,292.88,0.0,1,0.2,0.07,SPY190426P00286500,286.5,0,0.0,0.0,,0.0,normalDay
2019-04-24,1011.0,12.0,0.0,0,292.23,0.0,1,0.2,0.08,SPY190426P00286500,286.5,0,0.0,0.0,,0.0,normalDay
2019-04-25,1011.0,16.0,0.0,0,292.05,0.0,1,0.2,0.04,SPY190426P00286500,286.5,0,0.0,0.0,,0.0,normalDay
2019-04-26,1031.0,0.0,20.0,0,293.41,0.0,1,0.2,0.0,SPY190426P00286500,286.5,0,0.0,0.0,,0.0,expirationDay
2019-04-29,1031.0,-3.0,0.0,0,293.87,0.0,1,0.32,0.35,SPY190503P00289500,289.5,0,0.0,0.0,,0.0,normalDay
2019-04-30,1031.0,10.0,0.0,0,294.02,0.0,1,0.32,0.22,SPY190503P00289500,289.5,0,0.0,0.0,,0.0,normalDay
2019-05-01,1031.0,-26.0,0.0,0,291.81,0.0,1,0.32,0.58,SPY190503P00289500,289.5,0,0.0,0.0,,0.0,normalDay
2019-05-02,1031.0,-3.0,0.0,0,291.18,0.0,1,0.32,0.35,SPY190503P00289500,289.5,0,0.0,0.0,,0.0,normalDay
2019-05-03,1063.0,0.0,32.0,0,294.03,0.0,1,0.32,0.0,SPY190503P00289500,289.5,0,0.0,0.0,,0.0,expirationDay
2019-05-06,1063.0,-4.0,0.0,0,292.82,0.0,1,1.11,1.15,SPY190510P00291000,291.0,0,0.0,0.0,,0.0,normalDay
2019-05-07,1063.0,-265.0,0.0,0,287.93,0.0,1,1.11,3.76,SPY190510P00291000,291.0,0,0.0,0.0,,0.0,normalDay
2019-05-08,1063.0,-263.0,0.0,0,287.53,0.0,1,1.11,3.74,SPY190510P00291000,291.0,0,0.0,0.0,,0.0,normalDay
2019-05-09,1063.0,-330.0,0.0,0,286.66,0.0,1,1.11,4.41,SPY190510P00291000,291.0,0,0.0,0.0,,0.0,normalDay
2019-05-10,1174.0,-290.0,111.0,100,288.1,291.0,1,1.11,0.0,SPY190510P00291000,291.0,0,0.0,0.0,,0.0,expirationDay
2019-05-13,1174.0,-1020.0,0.0,100,280.86,291.0,0,0.0,0.0,,0.0,1,0.91,0.97,SPY190719C00298000,298.0,normalDay
2019-05-14,1174.0,-783.0,0.0,100,283.4,291.0,0,0.0,0.0,,0.0,1,0.91,1.14,SPY190719C00298000,298.0,normalDay
2019-05-15,1174.0,-635.0,0.0,100,285.06,291.0,0,0.0,0.0,,0.0,1,0.91,1.32,SPY190719C00298000,298.0,normalDay
2019-05-16,1174.0,-412.0,0.0,100,287.7,291.0,0,0.0,0.0,,0.0,1,0.91,1.73,SPY190719C00298000,298.0,normalDay
2019-05-17,1174.0,-554.0,0.0,100,285.84,291.0,0,0.0,0.0,,0.0,1,0.91,1.29,SPY190719C00298000,298.0,normalDay
2019-05-20,1174.0,-709.0,0.0,100,283.95,291.0,0,0.0,0.0,,0.0,1,0.91,0.95,SPY190719C00298000,298.0,normalDay
2019-05-21,1174.0,-476.0,0.0,100,286.51,291.0,0,0.0,0.0,,0.0,1,0.91,1.18,SPY190719C00298000,298.0,normalDay
2019-05-22,1174.0,-539.0,0.0,100,285.63,291.0,0,0.0,0.0,,0.0,1,0.91,0.93,SPY190719C00298000,298.0,normalDay
2019-05-23,1174.0,-858.0,0.0,100,282.14,291.0,0,0.0,0.0,,0.0,1,0.91,0.63,SPY190719C00298000,298.0,normalDay
2019-05-24,1174.0,-794.0,0.0,100,282.78,291.0,0,0.0,0.0,,0.0,1,0.91,0.63,SPY190719C00298000,298.0,normalDay
2019-05-28,1174.0,-1037.0,0.0,100,280.15,291.0,0,0.0,0.0,,0.0,1,0.91,0.43,SPY190719C00298000,298.0,normalDay
2019-05-29,1174.0,-1214.0,0.0,100,278.27,291.0,0,0.0,0.0,,0.0,1,0.91,0.32,SPY190719C00298000,298.0,normalDay
2019-05-30,1174.0,-1139.0,0.0,100,279.03,291.0,0,0.0,0.0,,0.0,1,0.91,0.33,SPY190719C00298000,298.0,normalDay
2019-05-31,1174.0,-1501.0,0.0,100,275.27,291.0,0,0.0,0.0,,0.0,1,0.91,0.19,SPY190719C00298000,298.0,normalDay
2019-06-03,1174.0,-1568.0,0.0,100,274.57,291.0,0,0.0,0.0,,0.0,1,0.91,0.16,SPY190719C00298000,298.0,normalDay
2019-06-04,1174.0,-989.0,0.0,100,280.53,291.0,0,0.0,0.0,,0.0,1,0.91,0.33,SPY190719C00298000,298.0,normalDay
2019-06-05,1174.0,-761.0,0.0,100,282.96,291.0,0,0.0,0.0,,0.0,1,0.91,0.48,SPY190719C00298000,298.0,normalDay
2019-06-06,1174.0,-591.0,0.0,100,284.8,291.0,0,0.0,0.0,,0.0,1,0.91,0.62,SPY190719C00298000,298.0,normalDay
2019-06-07,1174.0,-353.0,0.0,100,287.65,291.0,0,0.0,0.0,,0.0,1,0.91,1.09,SPY190719C00298000,298.0,normalDay
2019-06-10,1174.0,-241.0,0.0,100,288.97,291.0,0,0.0,0.0,,0.0,1,0.91,1.29,SPY190719C00298000,298.0,normalDay
2019-06-11,1174.0,-239.0,0.0,100,288.9,291.0,0,0.0,0.0,,0.0,1,0.91,1.2,SPY190719C00298000,298.0,normalDay
2019-06-12,1174.0,-268.0,0.0,100,288.39,291.0,0,0.0,0.0,,0.0,1,0.91,0.98,SPY190719C00298000,298.0,normalDay
2019-06-13,1174.0,-173.0,0.0,100,289.58,291.0,0,0.0,0.0,,0.0,1,0.91,1.22,SPY190719C00298000,298.0,normalDay
2019-06-14,1174.0,-185.0,0.0,100,289.26,291.0,0,0.0,0.0,,0.0,1,0.91,1.02,SPY190719C00298000,298.0,normalDay
2019-06-17,1174.0,-163.0,0.0,100,289.37,291.0,0,0.0,0.0,,0.0,1,0.91,0.91,SPY190719C00298000,298.0,normalDay
2019-06-18,1174.0,71.0,0.0,100,292.4,291.0,0,0.0,0.0,,0.0,1,0.91,1.6,SPY190719C00298000,298.0,normalDay
2019-06-19,1174.0,136.0,0.0,100,293.06,291.0,0,0.0,0.0,,0.0,1,0.91,1.61,SPY190719C00298000,298.0,normalDay
2019-06-20,1174.0,310.0,0.0,100,295.86,291.0,0,0.0,0.0,,0.0,1,0.91,2.67,SPY190719C00298000,298.0,normalDay
2019-06-21,1174.0,131.0,0.0,100,294.0,291.0,0,0.0,0.0,,0.0,1,0.91,2.6,SPY190719C00298000,298.0,normalDay
2019-06-24,1174.0,130.0,0.0,100,293.64,291.0,0,0.0,0.0,,0.0,1,0.91,2.25,SPY190719C00298000,298.0,normalDay
2019-06-25,1174.0,-67.0,0.0,100,290.76,291.0,0,0.0,0.0,,0.0,1,0.91,1.34,SPY190719C00298000,298.0,normalDay
2019-06-26,1174.0,-72.0,0.0,100,290.47,291.0,0,0.0,0.0,,0.0,1,0.91,1.1,SPY190719C00298000,298.0,normalDay
2019-06-27,1174.0,10.0,0.0,100,291.5,291.0,0,0.0,0.0,,0.0,1,0.91,1.31,SPY190719C00298000,298.0,normalDay
2019-06-28,1174.0,110.0,0.0,100,293.0,291.0,0,0.0,0.0,,0.0,1,0.91,1.81,SPY190719C00298000,298.0,normalDay
2019-07-01,1174.0,378.0,0.0,100,295.66,291.0,0,0.0,0.0,,0.0,1,0.91,1.79,SPY190719C00298000,298.0,normalDay
2019-07-02,1174.0,457.0,0.0,100,296.43,291.0,0,0.0,0.0,,0.0,1,0.91,1.77,SPY190719C00298000,298.0,normalDay
2019-07-03,1174.0,574.0,0.0,100,298.8,291.0,0,0.0,0.0,,0.0,1,0.91,2.97,SPY190719C00298000,298.0,normalDay
2019-07-05,1174.0,607.0,0.0,100,298.46,291.0,0,0.0,0.0,,0.0,1,0.91,2.3,SPY190719C00298000,298.0,normalDay
2019-07-08,1174.0,519.0,0.0,100,296.82,291.0,0,0.0,0.0,,0.0,1,0.91,1.54,SPY190719C00298000,298.0,normalDay
2019-07-09,1174.0,553.0,0.0,100,297.19,291.0,0,0.0,0.0,,0.0,1,0.91,1.57,SPY190719C00298000,298.0,normalDay
2019-07-10,1174.0,632.0,0.0,100,298.61,291.0,0,0.0,0.0,,0.0,1,0.91,2.2,SPY190719C00298000,298.0,normalDay
2019-07-11,1174.0,670.0,0.0,100,299.31,291.0,0,0.0,0.0,,0.0,1,0.91,2.52,SPY190719C00298000,298.0,normalDay
2019-07-12,1174.0,726.0,0.0,100,300.65,291.0,0,0.0,0.0,,0.0,1,0.91,3.3,SPY190719C00298000,298.0,normalDay
2019-07-15,1174.0,748.0,0.0,100,300.75,291.0,0,0.0,0.0,,0.0,1,0.91,3.18,SPY190719C00298000,298.0,normalDay
2019-07-16,1174.0,731.0,0.0,100,299.78,291.0,0,0.0,0.0,,0.0,1,0.91,2.38,SPY190719C00298000,298.0,normalDay
2019-07-17,1174.0,675.0,0.0,100,297.74,291.0,0,0.0,0.0,,0.0,1,0.91,0.9,SPY190719C00298000,298.0,normalDay
2019-07-18,1174.0,742.0,0.0,100,298.83,291.0,0,0.0,0.0,,0.0,1,0.91,1.32,SPY190719C00298000,298.0,normalDay
2019-07-19,1265.0,617.0,91.0,100,297.17,291.0,0,0.0,0.0,,0.0,1,0.91,0.0,SPY190719C00298000,298.0,expirationDay
2019-07-22,1265.0,685.0,0.0,100,297.9,291.0,0,0.0,0.0,,0.0,1,2.77,2.82,SPY190930C00305000,305.0,normalDay
2019-07-23,1265.0,832.0,0.0,100,300.03,291.0,0,0.0,0.0,,0.0,1,2.77,3.48,SPY190930C00305000,305.0,normalDay
2019-07-24,1265.0,918.0,0.0,100,301.44,291.0,0,0.0,0.0,,0.0,1,2.77,4.03,SPY190930C00305000,305.0,normalDay
2019-07-25,1265.0,829.0,0.0,100,300.0,291.0,0,0.0,0.0,,0.0,1,2.77,3.48,SPY190930C00305000,305.0,normalDay
2019-07-26,1265.0,961.0,0.0,100,302.01,291.0,0,0.0,0.0,,0.0,1,2.77,4.17,SPY190930C00305000,305.0,normalDay
2019-07-29,1265.0,928.0,0.0,100,301.46,291.0,0,0.0,0.0,,0.0,1,2.77,3.95,SPY190930C00305000,305.0,normalDay
2019-07-30,1265.0,878.0,0.0,100,300.72,291.0,0,0.0,0.0,,0.0,1,2.77,3.71,SPY190930C00305000,305.0,normalDay
2019-07-31,1265.0,653.0,0.0,100,297.43,291.0,0,0.0,0.0,,0.0,1,2.77,2.67,SPY190930C00305000,305.0,normalDay
2019-08-01,1265.0,440.0,0.0,100,294.84,291.0,0,0.0,0.0,,0.0,1,2.77,2.21,SPY190930C00305000,305.0,normalDay
2019-08-02,1265.0,286.0,0.0,100,292.62,291.0,0,0.0,0.0,,0.0,1,2.77,1.53,SPY190930C00305000,305.0,normalDay
2019-08-05,1265.0,-503.0,0.0,100,283.82,291.0,0,0.0,0.0,,0.0,1,2.77,0.62,SPY190930C00305000,305.0,normalDay
2019-08-06,1265.0,-112.0,0.0,100,287.8,291.0,0,0.0,0.0,,0.0,1,2.77,0.69,SPY190930C00305000,305.0,normalDay
2019-08-07,1265.0,-88.0,0.0,100,287.97,291.0,0,0.0,0.0,,0.0,1,2.77,0.62,SPY190930C00305000,305.0,normalDay
2019-08-08,1265.0,413.0,0.0,100,293.62,291.0,0,0.0,0.0,,0.0,1,2.77,1.26,SPY190930C00305000,305.0,normalDay
2019-08-09,1265.0,237.0,0.0,100,291.62,291.0,0,0.0,0.0,,0.0,1,2.77,1.02,SPY190930C00305000,305.0,normalDay
2019-08-12,1265.0,-85.0,0.0,100,288.07,291.0,0,0.0,0.0,,0.0,1,2.77,0.69,SPY190930C00305000,305.0,normalDay
2019-08-13,1265.0,332.0,0.0,100,292.55,291.0,0,0.0,0.0,,0.0,1,2.77,1.0,SPY190930C00305000,305.0,normalDay
2019-08-14,1265.0,-477.0,0.0,100,283.9,291.0,0,0.0,0.0,,0.0,1,2.77,0.44,SPY190930C00305000,305.0,normalDay
2019-08-15,1265.0,-401.0,0.0,100,284.65,291.0,0,0.0,0.0,,0.0,1,2.77,0.43,SPY190930C00305000,305.0,normalDay
2019-08-16,1265.0,11.0,0.0,100,288.85,291.0,0,0.0,0.0,,0.0,1,2.77,0.51,SPY190930C00305000,305.0,normalDay
2019-08-19,1265.0,348.0,0.0,100,292.33,291.0,0,0.0,0.0,,0.0,1,2.77,0.62,SPY190930C00305000,305.0,normalDay
2019-08-20,1265.0,145.0,0.0,100,290.09,291.0,0,0.0,0.0,,0.0,1,2.77,0.41,SPY190930C00305000,305.0,normalDay
2019-08-21,1265.0,367.0,0.0,100,292.45,291.0,0,0.0,0.0,,0.0,1,2.77,0.55,SPY190930C00305000,305.0,normalDay
2019-08-22,1265.0,364.0,0.0,100,292.36,291.0,0,0.0,0.0,,0.0,1,2.77,0.49,SPY190930C00305000,305.0,normalDay
2019-08-23,1265.0,-357.0,0.0,100,284.85,291.0,0,0.0,0.0,,0.0,1,2.77,0.19,SPY190930C00305000,305.0,normalDay
2019-08-26,1265.0,-48.0,0.0,100,288.0,291.0,0,0.0,0.0,,0.0,1,2.77,0.25,SPY190930C00305000,305.0,normalDay
2019-08-27,1265.0,-157.0,0.0,100,286.87,291.0,0,0.0,0.0,,0.0,1,2.77,0.21,SPY190930C00305000,305.0,normalDay
2019-08-28,1265.0,38.0,0.0,100,288.89,291.0,0,0.0,0.0,,0.0,1,2.77,0.28,SPY190930C00305000,305.0,normalDay
2019-08-29,1265.0,393.0,0.0,100,292.58,291.0,0,0.0,0.0,,0.0,1,2.77,0.42,SPY190930C00305000,305.0,normalDay
2019-08-30,1265.0,384.0,0.0,100,292.45,291.0,0,0.0,0.0,,0.0,1,2.77,0.38,SPY190930C00305000,305.0,normalDay
2019-09-03,1265.0,234.0,0.0,100,290.74,291.0,0,0.0,0.0,,0.0,1,2.77,0.17,SPY190930C00305000,305.0,normalDay
2019-09-04,1265.0,556.0,0.0,100,294.04,291.0,0,0.0,0.0,,0.0,1,2.77,0.25,SPY190930C00305000,305.0,normalDay
2019-09-05,1265.0,897.0,0.0,100,297.82,291.0,0,0.0,0.0,,0.0,1,2.77,0.62,SPY190930C00305000,305.0,normalDay
2019-09-06,1265.0,926.0,0.0,100,298.05,291.0,0,0.0,0.0,,0.0,1,2.77,0.56,SPY190930C00305000,305.0,normalDay
2019-09-09,1265.0,954.0,0.0,100,298.2,291.0,0,0.0,0.0,,0.0,1,2.77,0.43,SPY190930C00305000,305.0,normalDay
2019-09-10,1265.0,954.0,0.0,100,298.13,291.0,0,0.0,0.0,,0.0,1,2.77,0.36,SPY190930C00305000,305.0,normalDay
2019-09-11,1265.0,1134.0,0.0,100,300.25,291.0,0,0.0,0.0,,0.0,1,2.77,0.68,SPY190930C00305000,305.0,normalDay
2019-09-12,1265.0,1218.0,0.0,100,301.29,291.0,0,0.0,0.0,,0.0,1,2.77,0.88,SPY190930C00305000,305.0,normalDay
2019-09-13,1265.0,1220.0,0.0,100,301.09,291.0,0,0.0,0.0,,0.0,1,2.77,0.66,SPY190930C00305000,305.0,normalDay
2019-09-16,1265.0,1148.0,0.0,100,300.16,291.0,0,0.0,0.0,,0.0,1,2.77,0.45,SPY190930C00305000,305.0,normalDay
2019-09-17,1265.0,1218.0,0.0,100,300.92,291.0,0,0.0,0.0,,0.0,1,2.77,0.51,SPY190930C00305000,305.0,normalDay
2019-09-18,1265.0,1241.0,0.0,100,301.1,291.0,0,0.0,0.0,,0.0,1,2.77,0.46,SPY190930C00305000,305.0,normalDay
2019-09-19,1265.0,1252.0,0.0,100,301.08,291.0,0,0.0,0.0,,0.0,1,2.77,0.33,SPY190930C00305000,305.0,normalDay
2019-09-20,1265.0,991.0,0.0,100,298.28,291.0,0,0.0,0.0,,0.0,1,2.77,0.14,SPY190930C00305000,305.0,normalDay
2019-09-23,1265.0,991.0,0.0,100,298.21,291.0,0,0.0,0.0,,0.0,1,2.77,0.07,SPY190930C00305000,305.0,normalDay
2019-09-24,1265.0,761.0,0.0,100,295.87,291.0,0,0.0,0.0,,0.0,1,2.77,0.03,SPY190930C00305000,305.0,normalDay
2019-09-25,1265.0,937.0,0.0,100,297.62,291.0,0,0.0,0.0,,0.0,1,2.77,0.02,SPY190930C00305000,305.0,normalDay
2019-09-26,1265.0,876.0,0.0,100,297.0,291.0,0,0.0,0.0,,0.0,1,2.77,0.01,SPY190930C00305000,305.0,normalDay
2019-09-27,1265.0,716.0,0.0,100,295.4,291.0,0,0.0,0.0,,0.0,1,2.77,0.01,SPY190930C00305000,305.0,normalDay
2019-09-30,1542.0,577.0,277.0,100,296.77,291.0,0,0.0,0.0,,0.0,1,2.77,0.0,SPY190930C00305000,305.0,expirationDay
2019-10-01,1542.0,219.0,0.0,100,293.24,291.0,0,0.0,0.0,,0.0,1,3.82,3.87,SPY191220C00304000,304.0,normalDay
2019-10-02,1542.0,-154.0,0.0,100,288.06,291.0,0,0.0,0.0,,0.0,1,3.82,2.42,SPY191220C00304000,304.0,normalDay
2019-10-03,1542.0,35.0,0.0,100,290.42,291.0,0,0.0,0.0,,0.0,1,3.82,2.89,SPY191220C00304000,304.0,normalDay
2019-10-04,1542.0,343.0,0.0,100,294.35,291.0,0,0.0,0.0,,0.0,1,3.82,3.74,SPY191220C00304000,304.0,normalDay
2019-10-07,1542.0,274.0,0.0,100,293.08,291.0,0,0.0,0.0,,0.0,1,3.82,3.16,SPY191220C00304000,304.0,normalDay
2019-10-08,1542.0,-82.0,0.0,100,288.53,291.0,0,0.0,0.0,,0.0,1,3.82,2.17,SPY191220C00304000,304.0,normalDay
2019-10-09,1542.0,148.0,0.0,100,291.27,291.0,0,0.0,0.0,,0.0,1,3.82,2.61,SPY191220C00304000,304.0,normalDay
2019-10-10,1542.0,293.0,0.0,100,293.24,291.0,0,0.0,0.0,,0.0,1,3.82,3.13,SPY191220C00304000,304.0,normalDay
2019-10-11,1542.0,525.0,0.0,100,296.28,291.0,0,0.0,0.0,,0.0,1,3.82,3.85,SPY191220C00304000,304.0,normalDay
2019-10-14,1542.0,551.0,0.0,100,295.95,291.0,0,0.0,0.0,,0.0,1,3.82,3.26,SPY191220C00304000,304.0,normalDay
2019-10-15,1542.0,741.0,0.0,100,298.88,291.0,0,0.0,0.0,,0.0,1,3.82,4.29,SPY191220C00304000,304.0,normalDay
2019-10-16,1542.0,721.0,0.0,100,298.4,291.0,0,0.0,0.0,,0.0,1,3.82,4.01,SPY191220C00304000,304.0,normalDay
2019-10-17,1542.0,783.0,0.0,100,299.28,291.0,0,0.0,0.0,,0.0,1,3.82,4.27,SPY191220C00304000,304.0,normalDay
2019-10-18,1542.0,696.0,0.0,100,297.97,291.0,0,0.0,0.0,,0.0,1,3.82,3.83,SPY191220C00304000,304.0,normalDay
2019-10-21,1542.0,841.0,0.0,100,299.99,291.0,0,0.0,0.0,,0.0,1,3.82,4.4,SPY191220C00304000,304.0,normalDay
2019-10-22,1542.0,794.0,0.0,100,299.01,291.0,0,0.0,0.0,,0.0,1,3.82,3.89,SPY191220C00304000,304.0,normalDay
2019-10-23,1542.0,847.0,0.0,100,299.88,291.0,0,0.0,0.0,,0.0,1,3.82,4.23,SPY191220C00304000,304.0,normalDay
2019-10-24,1542.0,901.0,0.0,100,300.37,291.0,0,0.0,0.0,,0.0,1,3.82,4.18,SPY191220C00304000,304.0,normalDay
2019-10-25,1542.0,987.0,0.0,100,301.6,291.0,0,0.0,0.0,,0.0,1,3.82,4.55,SPY191220C00304000,304.0,normalDay
2019-10-28,1542.0,1067.0,0.0,100,303.3,291.0,0,0.0,0.0,,0.0,1,3.82,5.45,SPY191220C00304000,304.0,normalDay
2019-10-29,1542.0,1066.0,0.0,100,303.21,291.0,0,0.0,0.0,,0.0,1,3.82,5.37,SPY191220C00304000,304.0,normalDay
2019-10-30,1542.0,1105.0,0.0,100,304.14,291.0,0,0.0,0.0,,0.0,1,3.82,5.91,SPY191220C00304000,304.0,normalDay
2019-10-31,1542.0,1090.0,0.0,100,303.33,291.0,0,0.0,0.0,,0.0,1,3.82,5.25,SPY191220C00304000,304.0,normalDay
2019-11-01,1542.0,1221.0,0.0,100,306.14,291.0,0,0.0,0.0,,0.0,1,3.82,6.75,SPY191220C00304000,304.0,normalDay
2019-11-04,1542.0,1269.0,0.0,100,307.37,291.0,0,0.0,0.0,,0.0,1,3.82,7.5,SPY191220C00304000,304.0,normalDay
2019-11-05,1542.0,1249.0,0.0,100,307.03,291.0,0,0.0,0.0,,0.0,1,3.82,7.36,SPY191220C00304000,304.0,normalDay
2019-11-06,1542.0,1252.0,0.0,100,307.1,291.0,0,0.0,0.0,,0.0,1,3.82,7.4,SPY191220C00304000,304.0,normalDay
2019-11-07,1542.0,1295.0,0.0,100,308.18,291.0,0,0.0,0.0,,0.0,1,3.82,8.05,SPY191220C00304000,304.0,normalDay
2019-11-08,1542.0,1332.0,0.0,100,308.94,291.0,0,0.0,0.0,,0.0,1,3.82,8.44,SPY191220C00304000,304.0,normalDay
2019-11-11,1542.0,1316.0,0.0,100,308.35,291.0,0,0.0,0.0,,0.0,1,3.82,8.01,SPY191220C00304000,304.0,normalDay
2019-11-12,1542.0,1368.0,0.0,100,309.0,291.0,0,0.0,0.0,,0.0,1,3.82,8.14,SPY191220C00304000,304.0,normalDay
2019-11-13,1542.0,1353.0,0.0,100,309.1,291.0,0,0.0,0.0,,0.0,1,3.82,8.39,SPY191220C00304000,304.0,normalDay
2019-11-14,1542.0,1373.0,0.0,100,309.55,291.0,0,0.0,0.0,,0.0,1,3.82,8.64,SPY191220C00304000,304.0,normalDay
2019-11-15,1542.0,1458.0,0.0,100,311.79,291.0,0,0.0,0.0,,0.0,1,3.82,10.03,SPY191220C00304000,304.0,normalDay
2019-11-18,1542.0,1463.0,0.0,100,312.02,291.0,0,0.0,0.0,,0.0,1,3.82,10.21,SPY191220C00304000,304.0,normalDay
2019-11-19,1542.0,1472.0,0.0,100,311.93,291.0,0,0.0,0.0,,0.0,1,3.82,10.03,SPY191220C00304000,304.0,normalDay
2019-11-20,1542.0,1453.0,0.0,100,310.77,291.0,0,0.0,0.0,,0.0,1,3.82,9.06,SPY191220C00304000,304.0,normalDay
2019-11-21,1542.0,1433.0,0.0,100,310.27,291.0,0,0.0,0.0,,0.0,1,3.82,8.76,SPY191220C00304000,304.0,normalDay
2019-11-22,1542.0,1465.0,0.0,100,310.96,291.0,0,0.0,0.0,,0.0,1,3.82,9.13,SPY191220C00304000,304.0,normalDay
2019-11-25,1542.0,1556.0,0.0,100,313.37,291.0,0,0.0,0.0,,0.0,1,3.82,10.63,SPY191220C00304000,304.0,normalDay
2019-11-26,1542.0,1544.0,0.0,100,314.08,291.0,0,0.0,0.0,,0.0,1,3.82,11.46,SPY191220C00304000,304.0,normalDay
2019-11-27,1542.0,1572.0,0.0,100,315.48,291.0,0,0.0,0.0,,0.0,1,3.82,12.58,SPY191220C00304000,304.0,normalDay
2019-11-29,1542.0,1530.0,0.0,100,314.31,291.0,0,0.0,0.0,,0.0,1,3.82,11.83,SPY191220C00304000,304.0,normalDay
2019-12-02,1542.0,1505.0,0.0,100,311.64,291.0,0,0.0,0.0,,0.0,1,3.82,9.41,SPY191220C00304000,304.0,normalDay
2019-12-03,1542.0,1456.0,0.0,100,309.55,291.0,0,0.0,0.0,,0.0,1,3.82,7.81,SPY191220C00304000,304.0,normalDay
2019-12-04,1542.0,1540.0,0.0,100,311.46,291.0,0,0.0,0.0,,0.0,1,3.82,8.88,SPY191220C00304000,304.0,normalDay
2019-12-05,1542.0,1541.0,0.0,100,312.02,291.0,0,0.0,0.0,,0.0,1,3.82,9.43,SPY191220C00304000,304.0,normalDay
2019-12-06,1542.0,1609.0,0.0,100,314.87,291.0,0,0.0,0.0,,0.0,1,3.82,11.6,SPY191220C00304000,304.0,normalDay
2019-12-09,1542.0,1600.0,0.0,100,313.88,291.0,0,0.0,0.0,,0.0,1,3.82,10.7,SPY191220C00304000,304.0,normalDay
2019-12-10,1542.0,1569.0,0.0,100,313.53,291.0,0,0.0,0.0,,0.0,1,3.82,10.66,SPY191220C00304000,304.0,normalDay
2019-12-11,1542.0,1593.0,0.0,100,314.42,291.0,0,0.0,0.0,,0.0,1,3.82,11.31,SPY191220C00304000,304.0,normalDay
2019-12-12,1542.0,1651.0,0.0,100,317.13,291.0,0,0.0,0.0,,0.0,1,3.82,13.44,SPY191220C00304000,304.0,normalDay
2019-12-13,1542.0,1653.0,0.0,100,317.32,291.0,0,0.0,0.0,,0.0,1,3.82,13.61,SPY191220C00304000,304.0,normalDay
2019-12-16,1542.0,1632.0,0.0,100,319.5,291.0,0,0.0,0.0,,0.0,1,3.82,16.0,SPY191220C00304000,304.0,normalDay
2019-12-17,1542.0,1662.0,0.0,100,319.57,291.0,0,0.0,0.0,,0.0,1,3.82,15.77,SPY191220C00304000,304.0,normalDay
2019-12-18,1542.0,1640.0,0.0,100,319.59,291.0,0,0.0,0.0,,0.0,1,3.82,16.01,SPY191220C00304000,304.0,normalDay
2019-12-19,1542.0,1647.0,0.0,100,320.9,291.0,0,0.0,0.0,,0.0,1,3.82,17.25,SPY191220C00304000,304.0,normalDay
2019-12-20,3224.0,1647.0,1682.0,0,320.73,0.0,0,0.0,0.0,,0.0,1,3.82,0.0,SPY191220C00304000,304.0,expirationDay
2019-12-23,3224.0,-3.0,0.0,0,321.22,0.0,1,0.06,0.09,SPY191227P00315500,315.5,0,0.0,0.0,,0.0,normalDay
2019-12-24,3224.0,1.0,0.0,0,321.23,0.0,1,0.06,0.05,SPY191227P00315500,315.5,0,0.0,0.0,,0.0,normalDay
2019-12-26,3224.0,4.0,0.0,0,322.94,0.0,1,0.06,0.02,SPY191227P00315500,315.5,0,0.0,0.0,,0.0,normalDay
2019-12-27,3230.0,0.0,6.0,0,322.86,0.0,1,0.06,0.0,SPY191227P00315500,315.5,0,0.0,0.0,,0.0,expirationDay
2019-12-30,3230.0,-3.0,0.0,0,321.08,0.0,1,0.48,0.51,SPY200103P00317500,317.5,0,0.0,0.0,,0.0,normalDay
2019-12-31,3230.0,22.0,0.0,0,321.86,0.0,1,0.48,0.26,SPY200103P00317500,317.5,0,0.0,0.0,,0.0,normalDay
2020-01-02,3230.0,46.0,0.0,0,324.87,0.0,1,0.48,0.02,SPY200103P00317500,317.5,0,0.0,0.0,,0.0,normalDay
2020-01-03,3278.0,0.0,48.0,0,322.41,0.0,1,0.48,0.0,SPY200103P00317500,317.5,0,0.0,0.0,,0.0,expirationDay
2020-01-06,3278.0,-3.0,0.0,0,323.64,0.0,1,0.39,0.42,SPY200110P00319500,319.5,0,0.0,0.0,,0.0,normalDay
2020-01-07,3278.0,-9.0,0.0,0,322.73,0.0,1,0.39,0.48,SPY200110P00319500,319.5,0,0.0,0.0,,0.0,normalDay
2020-01-08,3278.0,17.0,0.0,0,324.45,0.0,1,0.39,0.22,SPY200110P00319500,319.5,0,0.0,0.0,,0.0,normalDay
2020-01-09,3278.0,35.0,0.0,0,326.65,0.0,1,0.39,0.04,SPY200110P00319500,319.5,0,0.0,0.0,,0.0,normalDay
2020-01-10,3317.0,0.0,39.0,0,325.71,0.0,1,0.39,0.0,SPY200110P00319500,319.5,0,0.0,0.0,,0.0,expirationDay
2020-01-13,3317.0,-3.0,0.0,0,327.95,0.0,1,0.19,0.22,SPY200117P00322500,322.5,0,0.0,0.0,,0.0,normalDay
2020-01-14,3317.0,-3.0,0.0,0,327.45,0.0,1,0.19,0.22,SPY200117P00322500,322.5,0,0.0,0.0,,0.0,normalDay
2020-01-15,3317.0,10.0,0.0,0,328.19,0.0,1,0.19,0.09,SPY200117P00322500,322.5,0,0.0,0.0,,0.0,normalDay
2020-01-16,3317.0,16.0,0.0,0,330.92,0.0,1,0.19,0.03,SPY200117P00322500,322.5,0,0.0,0.0,,0.0,normalDay
2020-01-17,3336.0,0.0,19.0,0,331.95,0.0,1,0.19,0.0,SPY200117P00322500,322.5,0,0.0,0.0,,0.0,expirationDay
2020-01-21,3336.0,-3.0,0.0,0,331.3,0.0,1,0.21,0.24,SPY200127P00325000,325.0,0,0.0,0.0,,0.0,normalDay
2020-01-22,3336.0,7.0,0.0,0,331.34,0.0,1,0.21,0.14,SPY200127P00325000,325.0,0,0.0,0.0,,0.0,normalDay
2020-01-23,3336.0,11.0,0.0,0,331.72,0.0,1,0.21,0.1,SPY200127P00325000,325.0,0,0.0,0.0,,0.0,normalDay
2020-01-24,3336.0,-11.0,0.0,0,328.77,0.0,1,0.21,0.32,SPY200127P00325000,325.0,0,0.0,0.0,,0.0,normalDay
2020-01-27,3357.0,-150.0,21.0,100,323.5,325.0,1,0.21,0.0,SPY200127P00325000,325.0,0,0.0,0.0,,0.0,expirationDay
2020-01-28,3357.0,186.0,0.0,100,326.89,325.0,0,0.0,0.0,,0.0,1,3.78,3.81,SPY200417C00336000,336.0,normalDay
2020-01-29,3357.0,177.0,0.0,100,326.62,325.0,0,0.0,0.0,,0.0,1,3.78,3.63,SPY200417C00336000,336.0,normalDay
2020-01-30,3357.0,246.0,0.0,100,327.68,325.0,0,0.0,0.0,,0.0,1,3.78,4.0,SPY200417C00336000,336.0,normalDay
2020-01-31,3357.0,-180.0,0.0,100,321.73,325.0,0,0.0,0.0,,0.0,1,3.78,2.31,SPY200417C00336000,336.0,normalDay
2020-02-03,3357.0,29.0,0.0,100,324.12,325.0,0,0.0,0.0,,0.0,1,3.78,2.61,SPY200417C00336000,336.0,normalDay
2020-02-04,3357.0,371.0,0.0,100,329.06,325.0,0,0.0,0.0,,0.0,1,3.78,4.13,SPY200417C00336000,336.0,normalDay
2020-02-05,3357.0,593.0,0.0,100,332.86,325.0,0,0.0,0.0,,0.0,1,3.78,5.71,SPY200417C00336000,336.0,normalDay
2020-02-06,3357.0,688.0,0.0,100,333.98,325.0,0,0.0,0.0,,0.0,1,3.78,5.88,SPY200417C00336000,336.0,normalDay
2020-02-07,3357.0,578.0,0.0,100,332.2,325.0,0,0.0,0.0,,0.0,1,3.78,5.2,SPY200417C00336000,336.0,normalDay
2020-02-10,3357.0,710.0,0.0,100,334.68,325.0,0,0.0,0.0,,0.0,1,3.78,6.36,SPY200417C00336000,336.0,normalDay
2020-02-11,3357.0,746.0,0.0,100,335.26,325.0,0,0.0,0.0,,0.0,1,3.78,6.58,SPY200417C00336000,336.0,normalDay
2020-02-12,3357.0,878.0,0.0,100,337.42,325.0,0,0.0,0.0,,0.0,1,3.78,7.42,SPY200417C00336000,336.0,normalDay
2020-02-13,3357.0,844.0,0.0,100,337.06,325.0,0,0.0,0.0,,0.0,1,3.78,7.4,SPY200417C00336000,336.0,normalDay
2020-02-14,3357.0,890.0,0.0,100,337.6,325.0,0,0.0,0.0,,0.0,1,3.78,7.48,SPY200417C00336000,336.0,normalDay
2020-02-18,3357.0,864.0,0.0,100,336.73,325.0,0,0.0,0.0,,0.0,1,3.78,6.87,SPY200417C00336000,336.0,normalDay
2020-02-19,3357.0,927.0,0.0,100,338.34,325.0,0,0.0,0.0,,0.0,1,3.78,7.85,SPY200417C00336000,336.0,normalDay
2020-02-20,3357.0,865.0,0.0,100,336.95,325.0,0,0.0,0.0,,0.0,1,3.78,7.08,SPY200417C00336000,336.0,normalDay
2020-02-21,3357.0,660.0,0.0,100,333.48,325.0,0,0.0,0.0,,0.0,1,3.78,5.66,SPY200417C00336000,336.0,normalDay
2020-02-24,3357.0,-114.0,0.0,100,322.42,325.0,0,0.0,0.0,,0.0,1,3.78,2.34,SPY200417C00336000,336.0,normalDay
2020-02-25,3357.0,-959.0,0.0,100,312.65,325.0,0,0.0,0.0,,0.0,1,3.78,1.02,SPY200417C00336000,336.0,normalDay
2020-02-26,3357.0,-1050.0,0.0,100,311.5,325.0,0,0.0,0.0,,0.0,1,3.78,0.78,SPY200417C00336000,336.0,normalDay
2020-02-27,3357.0,-2411.0,0.0,100,297.51,325.0,0,0.0,0.0,,0.0,1,3.78,0.4,SPY200417C00336000,336.0,normalDay
2020-02-28,3357.0,-2541.0,0.0,100,296.26,325.0,0,0.0,0.0,,0.0,1,3.78,0.45,SPY200417C00336000,336.0,normalDay
2020-03-02,3357.0,-1277.0,0.0,100,309.09,325.0,0,0.0,0.0,,0.0,1,3.78,0.64,SPY200417C00336000,336.0,normalDay
2020-03-03,3357.0,-2141.0,0.0,100,300.24,325.0,0,0.0,0.0,,0.0,1,3.78,0.43,SPY200417C00336000,336.0,normalDay
2020-03-04,3357.0,-949.0,0.0,100,312.86,325.0,0,0.0,0.0,,0.0,1,3.78,1.13,SPY200417C00336000,336.0,normalDay
2020-03-05,3357.0,-1941.0,0.0,100,302.46,325.0,0,0.0,0.0,,0.0,1,3.78,0.65,SPY200417C00336000,336.0,normalDay
2020-03-06,3357.0,-2423.0,0.0,100,297.46,325.0,0,0.0,0.0,,0.0,1,3.78,0.47,SPY200417C00336000,336.0,normalDay
2020-03-09,3357.0,-4728.0,0.0,100,274.23,325.0,0,0.0,0.0,,0.0,1,3.78,0.29,SPY200417C00336000,336.0,normalDay
2020-03-10,3357.0,-3309.0,0.0,100,288.42,325.0,0,0.0,0.0,,0.0,1,3.78,0.29,SPY200417C00336000,336.0,normalDay
2020-03-11,3357.0,-4705.0,0.0,100,274.36,325.0,0,0.0,0.0,,0.0,1,3.78,0.19,SPY200417C00336000,336.0,normalDay
2020-03-12,3357.0,-7323.0,0.0,100,248.11,325.0,0,0.0,0.0,,0.0,1,3.78,0.12,SPY200417C00336000,336.0,normalDay
2020-03-13,3357.0,-5204.0,0.0,100,269.32,325.0,0,0.0,0.0,,0.0,1,3.78,0.14,SPY200417C00336000,336.0,normalDay
2020-03-16,3357.0,-8150.0,0.0,100,239.85,325.0,0,0.0,0.0,,0.0,1,3.78,0.13,SPY200417C00336000,336.0,normalDay
2020-03-17,3357.0,-6857.0,0.0,100,252.8,325.0,0,0.0,0.0,,0.0,1,3.78,0.15,SPY200417C00336000,336.0,normalDay
2020-03-18,3357.0,-8130.0,0.0,100,240.0,325.0,0,0.0,0.0,,0.0,1,3.78,0.08,SPY200417C00336000,336.0,normalDay
2020-03-19,3357.0,-8078.0,0.0,100,240.51,325.0,0,0.0,0.0,,0.0,1,3.78,0.07,SPY200417C00336000,336.0,normalDay
2020-03-20,3357.0,-9247.0,0.0,100,228.8,325.0,0,0.0,0.0,,0.0,1,3.78,0.05,SPY200417C00336000,336.0,normalDay
2020-03-23,3357.0,-9832.0,0.0,100,222.95,325.0,0,0.0,0.0,,0.0,1,3.78,0.05,SPY200417C00336000,336.0,normalDay
2020-03-24,3357.0,-7817.0,0.0,100,243.15,325.0,0,0.0,0.0,,0.0,1,3.78,0.1,SPY200417C00336000,336.0,normalDay
2020-03-25,3357.0,-7452.0,0.0,100,246.79,325.0,0,0.0,0.0,,0.0,1,3.78,0.09,SPY200417C00336000,336.0,normalDay
2020-03-26,3357.0,-6012.0,0.0,100,261.2,325.0,0,0.0,0.0,,0.0,1,3.78,0.1,SPY200417C00336000,336.0,normalDay
2020-03-27,3357.0,-6786.0,0.0,100,253.42,325.0,0,0.0,0.0,,0.0,1,3.78,0.06,SPY200417C00336000,336.0,normalDay
2020-03-30,3357.0,-5962.0,0.0,100,261.65,325.0,0,0.0,0.0,,0.0,1,3.78,0.05,SPY200417C00336000,336.0,normalDay
2020-03-31,3357.0,-6349.0,0.0,100,257.75,325.0,0,0.0,0.0,,0.0,1,3.78,0.02,SPY200417C00336000,336.0,normalDay
2020-04-01,3357.0,-7509.0,0.0,100,246.15,325.0,0,0.0,0.0,,0.0,1,3.78,0.02,SPY200417C00336000,336.0,normalDay
2020-04-02,3357.0,-6941.0,0.0,100,251.83,325.0,0,0.0,0.0,,0.0,1,3.78,0.02,SPY200417C00336000,336.0,normalDay
2020-04-03,3357.0,-7304.0,0.0,100,248.19,325.0,0,0.0,0.0,,0.0,1,3.78,0.01,SPY200417C00336000,336.0,normalDay
2020-04-06,3357.0,-5637.0,0.0,100,264.86,325.0,0,0.0,0.0,,0.0,1,3.78,0.01,SPY200417C00336000,336.0,normalDay
2020-04-07,3357.0,-5610.0,0.0,100,265.13,325.0,0,0.0,0.0,,0.0,1,3.78,0.01,SPY200417C00336000,336.0,normalDay
2020-04-08,3357.0,-4720.0,0.0,100,274.03,325.0,0,0.0,0.0,,0.0,1,3.78,0.01,SPY200417C00336000,336.0,normalDay
2020-04-09,3357.0,-4303.0,0.0,100,278.2,325.0,0,0.0,0.0,,0.0,1,3.78,0.01,SPY200417C00336000,336.0,normalDay
2020-04-13,3357.0,-4557.0,0.0,100,275.66,325.0,0,0.0,0.0,,0.0,1,3.78,0.01,SPY200417C00336000,336.0,normalDay
2020-04-14,3357.0,-3744.0,0.0,100,283.79,325.0,0,0.0,0.0,,0.0,1,3.78,0.01,SPY200417C00336000,336.0,normalDay
2020-04-15,3357.0,-4347.0,0.0,100,277.76,325.0,0,0.0,0.0,,0.0,1,3.78,0.01,SPY200417C00336000,336.0,normalDay
2020-04-16,3357.0,-4213.0,0.0,100,279.1,325.0,0,0.0,0.0,,0.0,1,3.78,0.01,SPY200417C00336000,336.0,normalDay
2020-04-17,3735.0,-3836.0,378.0,100,286.64,325.0,0,0.0,0.0,,0.0,1,3.78,0.0,SPY200417C00336000,336.0,expirationDay
2020-04-20,3735.0,-4349.0,0.0,100,281.59,325.0,0,0.0,0.0,,0.0,1,5.58,5.66,SPY200630C00305000,305.0,normalDay
2020-04-21,3735.0,-5012.0,0.0,100,273.04,325.0,0,0.0,0.0,,0.0,1,5.58,3.74,SPY200630C00305000,305.0,normalDay
2020-04-22,3735.0,-4462.0,0.0,100,279.1,325.0,0,0.0,0.0,,0.0,1,5.58,4.3,SPY200630C00305000,305.0,normalDay
2020-04-23,3735.0,-4447.0,0.0,100,279.08,325.0,0,0.0,0.0,,0.0,1,5.58,4.13,SPY200630C00305000,305.0,normalDay
2020-04-24,3735.0,-4094.0,0.0,100,282.97,325.0,0,0.0,0.0,,0.0,1,5.58,4.49,SPY200630C00305000,305.0,normalDay
2020-04-27,3735.0,-3718.0,0.0,100,287.05,325.0,0,0.0,0.0,,0.0,1,5.58,4.81,SPY200630C00305000,305.0,normalDay
2020-04-28,3735.0,-3800.0,0.0,100,285.73,325.0,0,0.0,0.0,,0.0,1,5.58,4.31,SPY200630C00305000,305.0,normalDay
2020-04-29,3735.0,-3267.0,0.0,100,293.21,325.0,0,0.0,0.0,,0.0,1,5.58,6.46,SPY200630C00305000,305.0,normalDay
2020-04-30,3735.0,-3432.0,0.0,100,290.48,325.0,0,0.0,0.0,,0.0,1,5.58,5.38,SPY200630C00305000,305.0,normalDay
2020-05-01,3735.0,-4010.0,0.0,100,282.79,325.0,0,0.0,0.0,,0.0,1,5.58,3.47,SPY200630C00305000,305.0,normalDay
2020-05-04,3735.0,-3904.0,0.0,100,283.57,325.0,0,0.0,0.0,,0.0,1,5.58,3.19,SPY200630C00305000,305.0,normalDay
2020-05-05,3735.0,-3687.0,0.0,100,286.19,325.0,0,0.0,0.0,,0.0,1,5.58,3.64,SPY200630C00305000,305.0,normalDay
2020-05-06,3735.0,-3814.0,0.0,100,284.25,325.0,0,0.0,0.0,,0.0,1,5.58,2.97,SPY200630C00305000,305.0,normalDay
2020-05-07,3735.0,-3549.0,0.0,100,287.68,325.0,0,0.0,0.0,,0.0,1,5.58,3.75,SPY200630C00305000,305.0,normalDay
2020-05-08,3735.0,-3152.0,0.0,100,292.44,325.0,0,0.0,0.0,,0.0,1,5.58,4.54,SPY200630C00305000,305.0,normalDay
2020-05-11,3735.0,-3060.0,0.0,100,292.5,325.0,0,0.0,0.0,,0.0,1,5.58,3.68,SPY200630C00305000,305.0,normalDay
2020-05-12,3735.0,-3529.0,0.0,100,286.67,325.0,0,0.0,0.0,,0.0,1,5.58,2.54,SPY200630C00305000,305.0,normalDay
2020-05-13,3735.0,-3974.0,0.0,100,281.6,325.0,0,0.0,0.0,,0.0,1,5.58,1.92,SPY200630C00305000,305.0,normalDay
2020-05-14,3735.0,-3658.0,0.0,100,284.97,325.0,0,0.0,0.0,,0.0,1,5.58,2.13,SPY200630C00305000,305.0,normalDay
2020-05-15,3735.0,-3506.0,0.0,100,286.28,325.0,0,0.0,0.0,,0.0,1,5.58,1.92,SPY200630C00305000,305.0,normalDay
2020-05-18,3735.0,-2867.0,0.0,100,295.0,325.0,0,0.0,0.0,,0.0,1,5.58,4.25,SPY200630C00305000,305.0,normalDay
2020-05-19,3735.0,-3095.0,0.0,100,291.97,325.0,0,0.0,0.0,,0.0,1,5.58,3.5,SPY200630C00305000,305.0,normalDay
2020-05-20,3735.0,-2743.0,0.0,100,296.93,325.0,0,0.0,0.0,,0.0,1,5.58,4.94,SPY200630C00305000,305.0,normalDay
2020-05-21,3735.0,-2861.0,0.0,100,294.88,325.0,0,0.0,0.0,,0.0,1,5.58,4.07,SPY200630C00305000,305.0,normalDay
2020-05-22,3735.0,-2806.0,0.0,100,295.44,325.0,0,0.0,0.0,,0.0,1,5.58,4.08,SPY200630C00305000,305.0,normalDay
2020-05-26,3735.0,-2534.0,0.0,100,299.08,325.0,0,0.0,0.0,,0.0,1,5.58,5.0,SPY200630C00305000,305.0,normalDay
2020-05-27,3735.0,-2284.0,0.0,100,303.53,325.0,0,0.0,0.0,,0.0,1,5.58,6.95,SPY200630C00305000,305.0,normalDay
2020-05-28,3735.0,-2366.0,0.0,100,302.97,325.0,0,0.0,0.0,,0.0,1,5.58,7.21,SPY200630C00305000,305.0,normalDay
2020-05-29,3735.0,-2269.0,0.0,100,304.32,325.0,0,0.0,0.0,,0.0,1,5.58,7.59,SPY200630C00305000,305.0,normalDay
2020-06-01,3735.0,-2143.0,0.0,100,305.55,325.0,0,0.0,0.0,,0.0,1,5.58,7.56,SPY200630C00305000,305.0,normalDay
2020-06-02,3735.0,-1991.0,0.0,100,308.08,325.0,0,0.0,0.0,,0.0,1,5.58,8.57,SPY200630C00305000,305.0,normalDay
2020-06-03,3735.0,-1847.0,0.0,100,312.18,325.0,0,0.0,0.0,,0.0,1,5.58,11.23,SPY200630C00305000,305.0,normalDay
2020-06-04,3735.0,-1868.0,0.0,100,311.36,325.0,0,0.0,0.0,,0.0,1,5.58,10.62,SPY200630C00305000,305.0,normalDay
2020-06-05,3735.0,-1649.0,0.0,100,319.34,325.0,0,0.0,0.0,,0.0,1,5.58,16.41,SPY200630C00305000,305.0,normalDay
2020-06-08,3735.0,-1564.0,0.0,100,323.2,325.0,0,0.0,0.0,,0.0,1,5.58,19.42,SPY200630C00305000,305.0,normalDay
2020-06-09,3735.0,-1730.0,0.0,100,320.79,325.0,0,0.0,0.0,,0.0,1,5.58,18.67,SPY200630C00305000,305.0,normalDay
2020-06-10,3735.0,-1646.0,0.0,100,319.0,325.0,0,0.0,0.0,,0.0,1,5.58,16.04,SPY200630C00305000,305.0,normalDay
2020-06-11,3735.0,-2573.0,0.0,100,300.61,325.0,0,0.0,0.0,,0.0,1,5.58,6.92,SPY200630C00305000,305.0,normalDay
2020-06-12,3735.0,-2221.0,0.0,100,304.21,325.0,0,0.0,0.0,,0.0,1,5.58,7.0,SPY200630C00305000,305.0,normalDay
2020-06-15,3735.0,-2057.0,0.0,100,307.05,325.0,0,0.0,0.0,,0.0,1,5.58,8.2,SPY200630C00305000,305.0,normalDay
2020-06-16,3735.0,-1801.0,0.0,100,312.96,325.0,0,0.0,0.0,,0.0,1,5.58,11.55,SPY200630C00305000,305.0,normalDay
2020-06-17,3735.0,-1831.0,0.0,100,311.66,325.0,0,0.0,0.0,,0.0,1,5.58,10.55,SPY200630C00305000,305.0,normalDay
2020-06-18,3735.0,-1731.0,0.0,100,311.78,325.0,0,0.0,0.0,,0.0,1,5.58,9.67,SPY200630C00305000,305.0,normalDay
2020-06-19,3735.0,-1835.0,0.0,100,308.64,325.0,0,0.0,0.0,,0.0,1,5.58,7.57,SPY200630C00305000,305.0,normalDay
2020-06-22,3735.0,-1759.0,0.0,100,310.62,325.0,0,0.0,0.0,,0.0,1,5.58,8.79,SPY200630C00305000,305.0,normalDay
2020-06-23,3735.0,-1658.0,0.0,100,312.05,325.0,0,0.0,0.0,,0.0,1,5.58,9.21,SPY200630C00305000,305.0,normalDay
2020-06-24,3735.0,-1967.0,0.0,100,304.09,325.0,0,0.0,0.0,,0.0,1,5.58,4.34,SPY200630C00305000,305.0,normalDay
2020-06-25,3735.0,-1743.0,0.0,100,307.35,325.0,0,0.0,0.0,,0.0,1,5.58,5.36,SPY200630C00305000,305.0,normalDay
2020-06-26,3735.0,-2080.0,0.0,100,300.05,325.0,0,0.0,0.0,,0.0,1,5.58,1.43,SPY200630C00305000,305.0,normalDay
2020-06-29,3735.0,-1639.0,0.0,100,304.46,325.0,0,0.0,0.0,,0.0,1,5.58,1.43,SPY200630C00305000,305.0,normalDay
2020-06-30,2293.0,-1639.0,-1442.0,0,308.36,0.0,0,0.0,0.0,,0.0,1,5.58,0.0,SPY200630C00305000,305.0,expirationDay
2020-07-01,2293.0,-7.0,0.0,0,310.52,0.0,1,2.47,2.54,SPY200706P00310000,310.0,0,0.0,0.0,,0.0,normalDay
2020-07-02,2293.0,157.0,0.0,0,312.23,0.0,1,2.47,0.9,SPY200706P00310000,310.0,0,0.0,0.0,,0.0,normalDay
2020-07-06,2540.0,0.0,247.0,0,317.05,0.0,1,2.47,0.0,SPY200706P00310000,310.0,0,0.0,0.0,,0.0,expirationDay
2020-07-07,2540.0,-4.0,0.0,0,313.78,0.0,1,2.13,2.17,SPY200713P00310000,310.0,0,0.0,0.0,,0.0,normalDay
2020-07-08,2540.0,115.0,0.0,0,316.18,0.0,1,2.13,0.98,SPY200713P00310000,310.0,0,0.0,0.0,,0.0,normalDay
2020-07-09,2540.0,99.0,0.0,0,314.38,0.0,1,2.13,1.14,SPY200713P00310000,310.0,0,0.0,0.0,,0.0,normalDay
2020-07-10,2540.0,201.0,0.0,0,317.59,0.0,1,2.13,0.12,SPY200713P00310000,310.0,0,0.0,0.0,,0.0,normalDay
2020-07-13,2753.0,0.0,213.0,0,314.84,0.0,1,2.13,0.0,SPY200713P00310000,310.0,0,0.0,0.0,,0.0,expirationDay
2020-07-14,2753.0,-5.0,0.0,0,318.92,0.0,1,1.52,1.57,SPY200720P00311000,311.0,0,0.0,0.0,,0.0,normalDay
2020-07-15,2753.0,93.0,0.0,0,321.85,0.0,1,1.52,0.59,SPY200720P00311000,311.0,0,0.0,0.0,,0.0,normalDay
2020-07-16,2753.0,99.0,0.0,0,320.79,0.0,1,1.52,0.53,SPY200720P00311000,311.0,0,0.0,0.0,,0.0,normalDay
2020-07-17,2753.0,145.0,0.0,0,321.72,0.0,1,1.52,0.07,SPY200720P00311000,311.0,0,0.0,0.0,,0.0,normalDay
2020-07-20,2905.0,0.0,152.0,0,324.32,0.0,1,1.52,0.0,SPY200720P00311000,311.0,0,0.0,0.0,,0.0,expirationDay
2020-07-21,2905.0,-3.0,0.0,0,325.01,0.0,1,0.48,0.51,SPY200727P00314000,314.0,0,0.0,0.0,,0.0,normalDay
2020-07-22,2905.0,25.0,0.0,0,326.86,0.0,1,0.48,0.23,SPY200727P00314000,314.0,0,0.0,0.0,,0.0,normalDay
2020-07-23,2905.0,1.0,0.0,0,322.96,0.0,1,0.48,0.47,SPY200727P00314000,314.0,0,0.0,0.0,,0.0,normalDay
2020-07-24,2905.0,30.0,0.0,0,320.88,0.0,1,0.48,0.18,SPY200727P00314000,314.0,0,0.0,0.0,,0.0,normalDay
2020-07-27,2953.0,0.0,48.0,0,323.22,0.0,1,0.48,0.0,SPY200727P00314000,314.0,0,0.0,0.0,,0.0,expirationDay
2020-07-28,2953.0,-5.0,0.0,0,321.17,0.0,1,2.39,2.44,SPY200803P00319000,319.0,0,0.0,0.0,,0.0,normalDay
2020-07-29,2953.0,147.0,0.0,0,325.12,0.0,1,2.39,0.92,SPY200803P00319000,319.0,0,0.0,0.0,,0.0,normalDay
2020-07-30,2953.0,148.0,0.0,0,323.96,0.0,1,2.39,0.91,SPY200803P00319000,319.0,0,0.0,0.0,,0.0,normalDay
2020-07-31,2953.0,226.0,0.0,0,326.52,0.0,1,2.39,0.13,SPY200803P00319000,319.0,0,0.0,0.0,,0.0,normalDay
2020-08-03,3192.0,0.0,239.0,0,328.79,0.0,1,2.39,0.0,SPY200803P00319000,319.0,0,0.0,0.0,,0.0,expirationDay
2020-08-04,3192.0,-4.0,0.0,0,330.06,0.0,1,0.67,0.71,SPY200810P00322000,322.0,0,0.0,0.0,,0.0,normalDay
2020-08-05,3192.0,39.0,0.0,0,332.11,0.0,1,0.67,0.28,SPY200810P00322000,322.0,0,0.0,0.0,,0.0,normalDay
2020-08-06,3192.0,50.0,0.0,0,334.33,0.0,1,0.67,0.17,SPY200810P00322000,322.0,0,0.0,0.0,,0.0,normalDay
2020-08-07,3192.0,61.0,0.0,0,334.57,0.0,1,0.67,0.06,SPY200810P00322000,322.0,0,0.0,0.0,,0.0,normalDay
2020-08-10,3259.0,0.0,67.0,0,335.57,0.0,1,0.67,0.0,SPY200810P00322000,322.0,0,0.0,0.0,,0.0,expirationDay
2020-08-11,3259.0,-4.0,0.0,0,332.8,0.0,1,1.39,1.43,SPY200817P00327000,327.0,0,0.0,0.0,,0.0,normalDay
2020-08-12,3259.0,107.0,0.0,0,337.44,0.0,1,1.39,0.32,SPY200817P00327000,327.0,0,0.0,0.0,,0.0,normalDay
2020-08-13,3259.0,117.0,0.0,0,336.83,0.0,1,1.39,0.22,SPY200817P00327000,327.0,0,0.0,0.0,,0.0,normalDay
2020-08-14,3259.0,132.0,0.0,0,336.84,0.0,1,1.39,0.07,SPY200817P00327000,327.0,0,0.0,0.0,,0.0,normalDay
2020-08-17,3398.0,0.0,139.0,0,337.91,0.0,1,1.39,0.0,SPY200817P00327000,327.0,0,0.0,0.0,,0.0,expirationDay
2020-08-18,3398.0,-3.0,0.0,0,338.64,0.0,1,0.42,0.45,SPY200824P00330000,330.0,0,0.0,0.0,,0.0,normalDay
2020-08-19,3398.0,-15.0,0.0,0,337.23,0.0,1,0.42,0.57,SPY200824P00330000,330.0,0,0.0,0.0,,0.0,normalDay
2020-08-20,3398.0,17.0,0.0,0,338.28,0.0,1,0.42,0.25,SPY200824P00330000,330.0,0,0.0,0.0,,0.0,normalDay
2020-08-21,3398.0,31.0,0.0,0,339.48,0.0,1,0.42,0.11,SPY200824P00330000,330.0,0,0.0,0.0,,0.0,normalDay
2020-08-24,3440.0,0.0,42.0,0,342.92,0.0,1,0.42,0.0,SPY200824P00330000,330.0,0,0.0,0.0,,0.0,expirationDay
2020-08-25,3440.0,-3.0,0.0,0,344.12,0.0,1,0.41,0.44,SPY200831P00335000,335.0,0,0.0,0.0,,0.0,normalDay
2020-08-26,3440.0,9.0,0.0,0,347.57,0.0,1,0.41,0.32,SPY200831P00335000,335.0,0,0.0,0.0,,0.0,normalDay
2020-08-27,3440.0,24.0,0.0,0,348.33,0.0,1,0.41,0.17,SPY200831P00335000,335.0,0,0.0,0.0,,0.0,normalDay
2020-08-28,3440.0,35.0,0.0,0,350.58,0.0,1,0.41,0.06,SPY200831P00335000,335.0,0,0.0,0.0,,0.0,normalDay
2020-08-31,3481.0,0.0,41.0,0,349.31,0.0,1,0.41,0.0,SPY200831P00335000,335.0,0,0.0,0.0,,0.0,expirationDay
2020-09-01,3481.0,-3.0,0.0,0,352.6,0.0,1,0.18,0.21,SPY200904P00340000,340.0,0,0.0,0.0,,0.0,normalDay
2020-09-02,3481.0,9.0,0.0,0,357.7,0.0,1,0.18,0.09,SPY200904P00340000,340.0,0,0.0,0.0,,0.0,normalDay
2020-09-03,3481.0,-48.0,0.0,0,345.39,0.0,1,0.18,0.66,SPY200904P00340000,340.0,0,0.0,0.0,,0.0,normalDay
2020-09-04,3499.0,0.0,18.0,0,342.57,0.0,1,0.18,0.0,SPY200904P00340000,340.0,0,0.0,0.0,,0.0,expirationDay
2020-09-08,3499.0,-18.0,0.0,0,333.21,0.0,1,9.75,9.93,SPY200914P00342000,342.0,0,0.0,0.0,,0.0,normalDay
2020-09-09,3499.0,465.0,0.0,0,339.79,0.0,1,9.75,5.1,SPY200914P00342000,342.0,0,0.0,0.0,,0.0,normalDay
2020-09-10,3499.0,123.0,0.0,0,333.89,0.0,1,9.75,8.52,SPY200914P00342000,342.0,0,0.0,0.0,,0.0,normalDay
2020-09-11,3499.0,88.0,0.0,0,334.06,0.0,1,9.75,8.87,SPY200914P00342000,342.0,0,0.0,0.0,,0.0,normalDay
2020-09-14,4474.0,-354.0,975.0,100,338.46,342.0,1,9.75,0.0,SPY200914P00342000,342.0,0,0.0,0.0,,0.0,expirationDay
2020-09-15,4474.0,-190.0,0.0,100,340.17,342.0,0,0.0,0.0,,0.0,1,4.88,4.95,SPY201120C00359000,359.0,normalDay
2020-09-16,4474.0,-253.0,0.0,100,338.82,342.0,0,0.0,0.0,,0.0,1,4.88,4.23,SPY201120C00359000,359.0,normalDay
2020-09-17,4474.0,-478.0,0.0,100,335.84,342.0,0,0.0,0.0,,0.0,1,4.88,3.5,SPY201120C00359000,359.0,normalDay
2020-09-18,4474.0,-899.0,0.0,100,330.65,342.0,0,0.0,0.0,,0.0,1,4.88,2.52,SPY201120C00359000,359.0,normalDay
2020-09-21,4474.0,-1220.0,0.0,100,326.97,342.0,0,0.0,0.0,,0.0,1,4.88,2.05,SPY201120C00359000,359.0,normalDay
2020-09-22,4474.0,-926.0,0.0,100,330.3,342.0,0,0.0,0.0,,0.0,1,4.88,2.44,SPY201120C00359000,359.0,normalDay
2020-09-23,4474.0,-1597.0,0.0,100,322.64,342.0,0,0.0,0.0,,0.0,1,4.88,1.49,SPY201120C00359000,359.0,normalDay
2020-09-24,4474.0,-1513.0,0.0,100,323.5,342.0,0,0.0,0.0,,0.0,1,4.88,1.51,SPY201120C00359000,359.0,normalDay
2020-09-25,4474.0,-1040.0,0.0,100,328.73,342.0,0,0.0,0.0,,0.0,1,4.88,2.01,SPY201120C00359000,359.0,normalDay
2020-09-28,4474.0,-602.0,0.0,100,334.19,342.0,0,0.0,0.0,,0.0,1,4.88,3.09,SPY201120C00359000,359.0,normalDay
2020-09-29,4474.0,-741.0,0.0,100,332.37,342.0,0,0.0,0.0,,0.0,1,4.88,2.66,SPY201120C00359000,359.0,normalDay
2020-09-30,4474.0,-500.0,0.0,100,334.89,342.0,0,0.0,0.0,,0.0,1,4.88,2.77,SPY201120C00359000,359.0,normalDay
2020-10-01,4474.0,-366.0,0.0,100,337.04,342.0,0,0.0,0.0,,0.0,1,4.88,3.58,SPY201120C00359000,359.0,normalDay
2020-10-02,4474.0,-608.0,0.0,100,333.84,342.0,0,0.0,0.0,,0.0,1,4.88,2.8,SPY201120C00359000,359.0,normalDay
2020-10-05,4474.0,-112.0,0.0,100,339.76,342.0,0,0.0,0.0,,0.0,1,4.88,3.76,SPY201120C00359000,359.0,normalDay
2020-10-06,4474.0,-472.0,0.0,100,334.93,342.0,0,0.0,0.0,,0.0,1,4.88,2.53,SPY201120C00359000,359.0,normalDay
2020-10-07,4474.0,8.0,0.0,100,340.76,342.0,0,0.0,0.0,,0.0,1,4.88,3.56,SPY201120C00359000,359.0,normalDay
2020-10-08,4474.0,283.0,0.0,100,343.78,342.0,0,0.0,0.0,,0.0,1,4.88,3.83,SPY201120C00359000,359.0,normalDay
2020-10-09,4474.0,546.0,0.0,100,346.85,342.0,0,0.0,0.0,,0.0,1,4.88,4.27,SPY201120C00359000,359.0,normalDay
2020-10-12,4474.0,899.0,0.0,100,352.43,342.0,0,0.0,0.0,,0.0,1,4.88,6.32,SPY201120C00359000,359.0,normalDay
2020-10-13,4474.0,751.0,0.0,100,350.13,342.0,0,0.0,0.0,,0.0,1,4.88,5.5,SPY201120C00359000,359.0,normalDay
2020-10-14,4474.0,630.0,0.0,100,347.93,342.0,0,0.0,0.0,,0.0,1,4.88,4.51,SPY201120C00359000,359.0,normalDay
2020-10-15,4474.0,598.0,0.0,100,347.5,342.0,0,0.0,0.0,,0.0,1,4.88,4.4,SPY201120C00359000,359.0,normalDay
2020-10-16,4474.0,608.0,0.0,100,347.29,342.0,0,0.0,0.0,,0.0,1,4.88,4.09,SPY201120C00359000,359.0,normalDay
2020-10-19,4474.0,211.0,0.0,100,342.01,342.0,0,0.0,0.0,,0.0,1,4.88,2.78,SPY201120C00359000,359.0,normalDay
2020-10-20,4474.0,325.0,0.0,100,343.38,342.0,0,0.0,0.0,,0.0,1,4.88,3.01,SPY201120C00359000,359.0,normalDay
2020-10-21,4474.0,286.0,0.0,100,342.73,342.0,0,0.0,0.0,,0.0,1,4.88,2.75,SPY201120C00359000,359.0,normalDay
2020-10-22,4474.0,465.0,0.0,100,344.61,342.0,0,0.0,0.0,,0.0,1,4.88,2.84,SPY201120C00359000,359.0,normalDay
2020-10-23,4474.0,581.0,0.0,100,345.78,342.0,0,0.0,0.0,,0.0,1,4.88,2.85,SPY201120C00359000,359.0,normalDay
2020-10-26,4474.0,11.0,0.0,100,339.39,342.0,0,0.0,0.0,,0.0,1,4.88,2.16,SPY201120C00359000,359.0,normalDay
2020-10-27,4474.0,-71.0,0.0,100,338.22,342.0,0,0.0,0.0,,0.0,1,4.88,1.81,SPY201120C00359000,359.0,normalDay
2020-10-28,4474.0,-1126.0,0.0,100,326.66,342.0,0,0.0,0.0,,0.0,1,4.88,0.8,SPY201120C00359000,359.0,normalDay
2020-10-29,4474.0,-792.0,0.0,100,329.98,342.0,0,0.0,0.0,,0.0,1,4.88,0.78,SPY201120C00359000,359.0,normalDay
2020-10-30,4474.0,-1112.0,0.0,100,326.54,342.0,0,0.0,0.0,,0.0,1,4.88,0.54,SPY201120C00359000,359.0,normalDay
2020-11-02,4474.0,-756.0,0.0,100,330.2,342.0,0,0.0,0.0,,0.0,1,4.88,0.64,SPY201120C00359000,359.0,normalDay
2020-11-03,4474.0,-220.0,0.0,100,336.03,342.0,0,0.0,0.0,,0.0,1,4.88,1.11,SPY201120C00359000,359.0,normalDay
2020-11-04,4474.0,502.0,0.0,100,343.54,342.0,0,0.0,0.0,,0.0,1,4.88,1.4,SPY201120C00359000,359.0,normalDay
2020-11-05,4474.0,1029.0,0.0,100,350.24,342.0,0,0.0,0.0,,0.0,1,4.88,2.83,SPY201120C00359000,359.0,normalDay
2020-11-06,4474.0,1100.0,0.0,100,350.16,342.0,0,0.0,0.0,,0.0,1,4.88,2.04,SPY201120C00359000,359.0,normalDay
2020-11-09,4474.0,1356.0,0.0,100,354.56,342.0,0,0.0,0.0,,0.0,1,4.88,3.88,SPY201120C00359000,359.0,normalDay
2020-11-10,4474.0,1408.0,0.0,100,354.04,342.0,0,0.0,0.0,,0.0,1,4.88,2.84,SPY201120C00359000,359.0,normalDay
2020-11-11,4474.0,1626.0,0.0,100,356.67,342.0,0,0.0,0.0,,0.0,1,4.88,3.29,SPY201120C00359000,359.0,normalDay
2020-11-12,4474.0,1427.0,0.0,100,353.21,342.0,0,0.0,0.0,,0.0,1,4.88,1.82,SPY201120C00359000,359.0,normalDay
2020-11-13,4474.0,1772.0,0.0,100,358.1,342.0,0,0.0,0.0,,0.0,1,4.88,3.26,SPY201120C00359000,359.0,normalDay
2020-11-16,4474.0,2042.0,0.0,100,362.57,342.0,0,0.0,0.0,,0.0,1,4.88,5.03,SPY201120C00359000,359.0,normalDay
2020-11-17,4474.0,1998.0,0.0,100,360.62,342.0,0,0.0,0.0,,0.0,1,4.88,3.52,SPY201120C00359000,359.0,normalDay
2020-11-18,4474.0,1813.0,0.0,100,356.28,342.0,0,0.0,0.0,,0.0,1,4.88,1.03,SPY201120C00359000,359.0,normalDay
2020-11-19,4474.0,1979.0,0.0,100,357.78,342.0,0,0.0,0.0,,0.0,1,4.88,0.87,SPY201120C00359000,359.0,normalDay
2020-11-20,4962.0,1333.0,488.0,100,355.33,342.0,0,0.0,0.0,,0.0,1,4.88,0.0,SPY201120C00359000,359.0,expirationDay
2020-11-23,4962.0,1541.0,0.0,100,357.46,342.0,0,0.0,0.0,,0.0,1,1.97,2.02,SPY210115C00378000,378.0,normalDay
2020-11-24,4962.0,1993.0,0.0,100,363.22,342.0,0,0.0,0.0,,0.0,1,1.97,3.26,SPY210115C00378000,378.0,normalDay
2020-11-25,4962.0,1983.0,0.0,100,362.66,342.0,0,0.0,0.0,,0.0,1,1.97,2.8,SPY210115C00378000,378.0,normalDay
2020-11-27,4962.0,2065.0,0.0,100,363.67,342.0,0,0.0,0.0,,0.0,1,1.97,2.99,SPY210115C00378000,378.0,normalDay
2020-11-30,4962.0,1956.0,0.0,100,362.06,342.0,0,0.0,0.0,,0.0,1,1.97,2.47,SPY210115C00378000,378.0,normalDay
2020-12-01,4962.0,2242.0,0.0,100,366.02,342.0,0,0.0,0.0,,0.0,1,1.97,3.57,SPY210115C00378000,378.0,normalDay
2020-12-02,4962.0,2302.0,0.0,100,366.79,342.0,0,0.0,0.0,,0.0,1,1.97,3.74,SPY210115C00378000,378.0,normalDay
2020-12-03,4962.0,2317.0,0.0,100,366.69,342.0,0,0.0,0.0,,0.0,1,1.97,3.49,SPY210115C00378000,378.0,normalDay
2020-12-04,4962.0,2561.0,0.0,100,369.85,342.0,0,0.0,0.0,,0.0,1,1.97,4.21,SPY210115C00378000,378.0,normalDay
2020-12-07,4962.0,2541.0,0.0,100,369.09,342.0,0,0.0,0.0,,0.0,1,1.97,3.65,SPY210115C00378000,378.0,normalDay
2020-12-08,4962.0,2636.0,0.0,100,370.17,342.0,0,0.0,0.0,,0.0,1,1.97,3.78,SPY210115C00378000,378.0,normalDay
2020-12-09,4962.0,2397.0,0.0,100,366.85,342.0,0,0.0,0.0,,0.0,1,1.97,2.85,SPY210115C00378000,378.0,normalDay
2020-12-10,4962.0,2403.0,0.0,100,366.73,342.0,0,0.0,0.0,,0.0,1,1.97,2.67,SPY210115C00378000,378.0,normalDay
2020-12-11,4962.0,2371.0,0.0,100,366.3,342.0,0,0.0,0.0,,0.0,1,1.97,2.56,SPY210115C00378000,378.0,normalDay
2020-12-14,4962.0,2247.0,0.0,100,364.66,342.0,0,0.0,0.0,,0.0,1,1.97,2.16,SPY210115C00378000,378.0,normalDay
2020-12-15,4962.0,2662.0,0.0,100,369.59,342.0,0,0.0,0.0,,0.0,1,1.97,2.94,SPY210115C00378000,378.0,normalDay
2020-12-16,4962.0,2717.0,0.0,100,370.17,342.0,0,0.0,0.0,,0.0,1,1.97,2.97,SPY210115C00378000,378.0,normalDay
2020-12-17,4962.0,2864.0,0.0,100,372.24,342.0,0,0.0,0.0,,0.0,1,1.97,3.57,SPY210115C00378000,378.0,normalDay
2020-12-18,4962.0,2603.0,0.0,100,369.18,342.0,0,0.0,0.0,,0.0,1,1.97,3.12,SPY210115C00378000,378.0,normalDay
2020-12-21,4962.0,2518.0,0.0,100,367.86,342.0,0,0.0,0.0,,0.0,1,1.97,2.65,SPY210115C00378000,378.0,normalDay
2020-12-22,4962.0,2511.0,0.0,100,367.24,342.0,0,0.0,0.0,,0.0,1,1.97,2.1,SPY210115C00378000,378.0,normalDay
2020-12-23,4962.0,2574.0,0.0,100,367.57,342.0,0,0.0,0.0,,0.0,1,1.97,1.8,SPY210115C00378000,378.0,normalDay
2020-12-24,4962.0,2720.0,0.0,100,369.0,342.0,0,0.0,0.0,,0.0,1,1.97,1.77,SPY210115C00378000,378.0,normalDay
2020-12-28,4962.0,2955.0,0.0,100,372.17,342.0,0,0.0,0.0,,0.0,1,1.97,2.59,SPY210115C00378000,378.0,normalDay
2020-12-29,4962.0,2897.0,0.0,100,371.46,342.0,0,0.0,0.0,,0.0,1,1.97,2.46,SPY210115C00378000,378.0,normalDay
2020-12-30,4962.0,2960.0,0.0,100,371.99,342.0,0,0.0,0.0,,0.0,1,1.97,2.36,SPY210115C00378000,378.0,normalDay
2020-12-31,4962.0,3075.0,0.0,100,373.88,342.0,0,0.0,0.0,,0.0,1,1.97,3.1,SPY210115C00378000,378.0,normalDay
2021-01-04,4962.0,2729.0,0.0,100,368.79,342.0,0,0.0,0.0,,0.0,1,1.97,1.47,SPY210115C00378000,378.0,normalDay
2021-01-05,4962.0,2957.0,0.0,100,371.33,342.0,0,0.0,0.0,,0.0,1,1.97,1.73,SPY210115C00378000,378.0,normalDay
2021-01-06,4962.0,3114.0,0.0,100,373.55,342.0,0,0.0,0.0,,0.0,1,1.97,2.38,SPY210115C00378000,378.0,normalDay
2021-01-07,4962.0,3506.0,0.0,100,379.1,342.0,0,0.0,0.0,,0.0,1,1.97,4.01,SPY210115C00378000,378.0,normalDay
2021-01-08,4962.0,3569.0,0.0,100,381.26,342.0,0,0.0,0.0,,0.0,1,1.97,5.54,SPY210115C00378000,378.0,normalDay
2021-01-11,4962.0,3500.0,0.0,100,378.69,342.0,0,0.0,0.0,,0.0,1,1.97,3.66,SPY210115C00378000,378.0,normalDay
2021-01-12,4962.0,3592.0,0.0,100,378.77,342.0,0,0.0,0.0,,0.0,1,1.97,2.82,SPY210115C00378000,378.0,normalDay
2021-01-13,4962.0,3672.0,0.0,100,379.79,342.0,0,0.0,0.0,,0.0,1,1.97,3.04,SPY210115C00378000,378.0,normalDay
2021-01-14,4962.0,3669.0,0.0,100,378.46,342.0,0,0.0,0.0,,0.0,1,1.97,1.74,SPY210115C00378000,378.0,normalDay
2021-01-15,5159.0,3370.0,197.0,100,375.7,342.0,0,0.0,0.0,,0.0,1,1.97,0.0,SPY210115C00378000,378.0,expirationDay
2021-01-19,5159.0,3658.0,0.0,100,378.65,342.0,0,0.0,0.0,,0.0,1,10.57,10.64,SPY210416C00385000,385.0,normalDay
2021-01-20,5159.0,3930.0,0.0,100,383.89,342.0,0,0.0,0.0,,0.0,1,10.57,13.16,SPY210416C00385000,385.0,normalDay
2021-01-21,5159.0,3953.0,0.0,100,384.24,342.0,0,0.0,0.0,,0.0,1,10.57,13.28,SPY210416C00385000,385.0,normalDay
2021-01-22,5159.0,3888.0,0.0,100,382.88,342.0,0,0.0,0.0,,0.0,1,10.57,12.57,SPY210416C00385000,385.0,normalDay
2021-01-25,5159.0,3926.0,0.0,100,384.39,342.0,0,0.0,0.0,,0.0,1,10.57,13.7,SPY210416C00385000,385.0,normalDay
2021-01-26,5159.0,3861.0,0.0,100,383.79,342.0,0,0.0,0.0,,0.0,1,10.57,13.75,SPY210416C00385000,385.0,normalDay
2021-01-27,5159.0,3194.0,0.0,100,374.41,342.0,0,0.0,0.0,,0.0,1,10.57,11.04,SPY210416C00385000,385.0,normalDay
2021-01-28,5159.0,3433.0,0.0,100,377.63,342.0,0,0.0,0.0,,0.0,1,10.57,11.87,SPY210416C00385000,385.0,normalDay
2021-01-29,5159.0,2984.0,0.0,100,370.07,342.0,0,0.0,0.0,,0.0,1,10.57,8.8,SPY210416C00385000,385.0,normalDay
2021-02-01,5159.0,3438.0,0.0,100,376.23,342.0,0,0.0,0.0,,0.0,1,10.57,10.42,SPY210416C00385000,385.0,normalDay
2021-02-02,5159.0,3768.0,0.0,100,381.55,342.0,0,0.0,0.0,,0.0,1,10.57,12.44,SPY210416C00385000,385.0,normalDay
2021-02-03,5159.0,3866.0,0.0,100,381.85,342.0,0,0.0,0.0,,0.0,1,10.57,11.76,SPY210416C00385000,385.0,normalDay
2021-02-04,5159.0,4136.0,0.0,100,386.19,342.0,0,0.0,0.0,,0.0,1,10.57,13.4,SPY210416C00385000,385.0,normalDay
2021-02-05,5159.0,4214.0,0.0,100,387.71,342.0,0,0.0,0.0,,0.0,1,10.57,14.14,SPY210416C00385000,385.0,normalDay
2021-02-08,5159.0,4346.0,0.0,100,390.51,342.0,0,0.0,0.0,,0.0,1,10.57,15.62,SPY210416C00385000,385.0,normalDay
2021-02-09,5159.0,4311.0,0.0,100,390.25,342.0,0,0.0,0.0,,0.0,1,10.57,15.71,SPY210416C00385000,385.0,normalDay
2021-02-10,5159.0,4308.0,0.0,100,390.08,342.0,0,0.0,0.0,,0.0,1,10.57,15.57,SPY210416C00385000,385.0,normalDay
2021-02-11,5159.0,4388.0,0.0,100,390.71,342.0,0,0.0,0.0,,0.0,1,10.57,15.4,SPY210416C00385000,385.0,normalDay
2021-02-12,5159.0,4463.0,0.0,100,392.64,342.0,0,0.0,0.0,,0.0,1,10.57,16.58,SPY210416C00385000,385.0,normalDay
2021-02-16,5159.0,4493.0,0.0,100,392.3,342.0,0,0.0,0.0,,0.0,1,10.57,15.94,SPY210416C00385000,385.0,normalDay
2021-02-17,5159.0,4532.0,0.0,100,392.39,342.0,0,0.0,0.0,,0.0,1,10.57,15.64,SPY210416C00385000,385.0,normalDay
2021-02-18,5159.0,4455.0,0.0,100,390.72,342.0,0,0.0,0.0,,0.0,1,10.57,14.74,SPY210416C00385000,385.0,normalDay
2021-02-19,5159.0,4484.0,0.0,100,390.03,342.0,0,0.0,0.0,,0.0,1,10.57,13.76,SPY210416C00385000,385.0,normalDay
2021-02-22,5159.0,4343.0,0.0,100,387.03,342.0,0,0.0,0.0,,0.0,1,10.57,12.17,SPY210416C00385000,385.0,normalDay
2021-02-23,5159.0,4410.0,0.0,100,387.5,342.0,0,0.0,0.0,,0.0,1,10.57,11.97,SPY210416C00385000,385.0,normalDay
2021-02-24,5159.0,4597.0,0.0,100,391.77,342.0,0,0.0,0.0,,0.0,1,10.57,14.37,SPY210416C00385000,385.0,normalDay
2021-02-25,5159.0,3989.0,0.0,100,382.33,342.0,0,0.0,0.0,,0.0,1,10.57,11.01,SPY210416C00385000,385.0,normalDay
2021-02-26,5159.0,3998.0,0.0,100,380.36,342.0,0,0.0,0.0,,0.0,1,10.57,8.95,SPY210416C00385000,385.0,normalDay
2021-03-01,5159.0,4580.0,0.0,100,389.58,342.0,0,0.0,0.0,,0.0,1,10.57,12.35,SPY210416C00385000,385.0,normalDay
2021-03-02,5159.0,4430.0,0.0,100,386.54,342.0,0,0.0,0.0,,0.0,1,10.57,10.81,SPY210416C00385000,385.0,normalDay
2021-03-03,5159.0,4159.0,0.0,100,381.42,342.0,0,0.0,0.0,,0.0,1,10.57,8.4,SPY210416C00385000,385.0,normalDay
2021-03-04,5159.0,3874.0,0.0,100,376.7,342.0,0,0.0,0.0,,0.0,1,10.57,6.53,SPY210416C00385000,385.0,normalDay
2021-03-05,5159.0,4342.0,0.0,100,383.63,342.0,0,0.0,0.0,,0.0,1,10.57,8.78,SPY210416C00385000,385.0,normalDay
2021-03-08,5159.0,4231.0,0.0,100,381.72,342.0,0,0.0,0.0,,0.0,1,10.57,7.98,SPY210416C00385000,385.0,normalDay
2021-03-09,5159.0,4542.0,0.0,100,387.17,342.0,0,0.0,0.0,,0.0,1,10.57,10.32,SPY210416C00385000,385.0,normalDay
2021-03-10,5159.0,4656.0,0.0,100,389.58,342.0,0,0.0,0.0,,0.0,1,10.57,11.59,SPY210416C00385000,385.0,normalDay
2021-03-11,5159.0,4860.0,0.0,100,393.53,342.0,0,0.0,0.0,,0.0,1,10.57,13.5,SPY210416C00385000,385.0,normalDay
2021-03-12,5159.0,4892.0,0.0,100,394.06,342.0,0,0.0,0.0,,0.0,1,10.57,13.71,SPY210416C00385000,385.0,normalDay
2021-03-15,5159.0,5013.0,0.0,100,396.41,342.0,0,0.0,0.0,,0.0,1,10.57,14.85,SPY210416C00385000,385.0,normalDay
2021-03-16,5159.0,5019.0,0.0,100,395.91,342.0,0,0.0,0.0,,0.0,1,10.57,14.29,SPY210416C00385000,385.0,normalDay
2021-03-17,5159.0,5115.0,0.0,100,397.26,342.0,0,0.0,0.0,,0.0,1,10.57,14.68,SPY210416C00385000,385.0,normalDay
2021-03-18,5159.0,4867.0,0.0,100,391.48,342.0,0,0.0,0.0,,0.0,1,10.57,11.38,SPY210416C00385000,385.0,normalDay
2021-03-19,5159.0,4798.0,0.0,100,389.48,342.0,0,0.0,0.0,,0.0,1,10.57,10.07,SPY210416C00385000,385.0,normalDay
2021-03-22,5159.0,4967.0,0.0,100,392.59,342.0,0,0.0,0.0,,0.0,1,10.57,11.49,SPY210416C00385000,385.0,normalDay
2021-03-23,5159.0,4842.0,0.0,100,389.5,342.0,0,0.0,0.0,,0.0,1,10.57,9.65,SPY210416C00385000,385.0,normalDay
2021-03-24,5159.0,4786.0,0.0,100,387.52,342.0,0,0.0,0.0,,0.0,1,10.57,8.23,SPY210416C00385000,385.0,normalDay
2021-03-25,5159.0,4909.0,0.0,100,389.7,342.0,0,0.0,0.0,,0.0,1,10.57,9.18,SPY210416C00385000,385.0,normalDay
2021-03-26,5159.0,5101.0,0.0,100,395.98,342.0,0,0.0,0.0,,0.0,1,10.57,13.54,SPY210416C00385000,385.0,normalDay
2021-03-29,5159.0,5084.0,0.0,100,395.78,342.0,0,0.0,0.0,,0.0,1,10.57,13.51,SPY210416C00385000,385.0,normalDay
2021-03-30,5159.0,5122.0,0.0,100,394.73,342.0,0,0.0,0.0,,0.0,1,10.57,12.08,SPY210416C00385000,385.0,normalDay
2021-03-31,5159.0,5165.0,0.0,100,396.33,342.0,0,0.0,0.0,,0.0,1,10.57,13.25,SPY210416C00385000,385.0,normalDay
2021-04-01,5159.0,5227.0,0.0,100,400.61,342.0,0,0.0,0.0,,0.0,1,10.57,16.91,SPY210416C00385000,385.0,normalDay
2021-04-05,5159.0,5303.0,0.0,100,406.36,342.0,0,0.0,0.0,,0.0,1,10.57,21.9,SPY210416C00385000,385.0,normalDay
2021-04-06,5159.0,5309.0,0.0,100,406.12,342.0,0,0.0,0.0,,0.0,1,10.57,21.6,SPY210416C00385000,385.0,normalDay
2021-04-07,5159.0,5292.0,0.0,100,406.59,342.0,0,0.0,0.0,,0.0,1,10.57,22.24,SPY210416C00385000,385.0,normalDay
2021-04-08,5159.0,5304.0,0.0,100,408.52,342.0,0,0.0,0.0,,0.0,1,10.57,24.05,SPY210416C00385000,385.0,normalDay
2021-04-09,5159.0,5394.0,0.0,100,411.49,342.0,0,0.0,0.0,,0.0,1,10.57,26.12,SPY210416C00385000,385.0,normalDay
2021-04-12,5159.0,5360.0,0.0,100,411.64,342.0,0,0.0,0.0,,0.0,1,10.57,26.61,SPY210416C00385000,385.0,normalDay
2021-04-13,5159.0,5358.0,0.0,100,412.86,342.0,0,0.0,0.0,,0.0,1,10.57,27.85,SPY210416C00385000,385.0,normalDay
2021-04-14,5159.0,5317.0,0.0,100,411.45,342.0,0,0.0,0.0,,0.0,1,10.57,26.85,SPY210416C00385000,385.0,normalDay
2021-04-15,5159.0,5356.0,0.0,100,415.87,342.0,0,0.0,0.0,,0.0,1,10.57,30.88,SPY210416C00385000,385.0,normalDay
2021-04-16,10516.0,5356.0,5357.0,0,417.26,0.0,0,0.0,0.0,,0.0,1,10.57,0.0,SPY210416C00385000,385.0,expirationDay
2021-04-19,10516.0,-3.0,0.0,0,415.21,0.0,1,0.16,0.19,SPY210423P00403000,403.0,0,0.0,0.0,,0.0,normalDay
2021-04-20,10516.0,-18.0,0.0,0,412.17,0.0,1,0.16,0.34,SPY210423P00403000,403.0,0,0.0,0.0,,0.0,normalDay
2021-04-21,10516.0,12.0,0.0,0,416.07,0.0,1,0.16,0.04,SPY210423P00403000,403.0,0,0.0,0.0,,0.0,normalDay
2021-04-22,10516.0,9.0,0.0,0,412.27,0.0,1,0.16,0.07,SPY210423P00403000,403.0,0,0.0,0.0,,0.0,normalDay
2021-04-23,10532.0,0.0,16.0,0,416.74,0.0,1,0.16,0.0,SPY210423P00403000,403.0,0,0.0,0.0,,0.0,expirationDay
2021-04-26,10532.0,-4.0,0.0,0,417.61,0.0,1,0.38,0.42,SPY210430P00409000,409.0,0,0.0,0.0,,0.0,normalDay
2021-04-27,10532.0,7.0,0.0,0,417.52,0.0,1,0.38,0.31,SPY210430P00409000,409.0,0,0.0,0.0,,0.0,normalDay
2021-04-28,10532.0,27.0,0.0,0,417.4,0.0,1,0.38,0.11,SPY210430P00409000,409.0,0,0.0,0.0,,0.0,normalDay
2021-04-29,10532.0,34.0,0.0,0,420.06,0.0,1,0.38,0.04,SPY210430P00409000,409.0,0,0.0,0.0,,0.0,normalDay
2021-04-30,10570.0,0.0,38.0,0,417.3,0.0,1,0.38,0.0,SPY210430P00409000,409.0,0,0.0,0.0,,0.0,expirationDay
2021-05-03,10570.0,-3.0,0.0,0,418.2,0.0,1,0.93,0.96,SPY210507P00414000,414.0,0,0.0,0.0,,0.0,normalDay
2021-05-04,10570.0,-75.0,0.0,0,415.62,0.0,1,0.93,1.68,SPY210507P00414000,414.0,0,0.0,0.0,,0.0,normalDay
2021-05-05,10570.0,-35.0,0.0,0,415.75,0.0,1,0.93,1.28,SPY210507P00414000,414.0,0,0.0,0.0,,0.0,normalDay
2021-05-06,10570.0,74.0,0.0,0,419.07,0.0,1,0.93,0.19,SPY210507P00414000,414.0,0,0.0,0.0,,0.0,normalDay
2021-05-07,10663.0,0.0,93.0,0,422.12,0.0,1,0.93,0.0,SPY210507P00414000,414.0,0,0.0,0.0,,0.0,expirationDay
2021-05-10,10663.0,-4.0,0.0,0,417.94,0.0,1,2.26,2.3,SPY210514P00416000,416.0,0,0.0,0.0,,0.0,normalDay
2021-05-11,10663.0,-160.0,0.0,0,414.21,0.0,1,2.26,3.86,SPY210514P00416000,416.0,0,0.0,0.0,,0.0,normalDay
2021-05-12,10663.0,-853.0,0.0,0,405.41,0.0,1,2.26,10.79,SPY210514P00416000,416.0,0,0.0,0.0,,0.0,normalDay
2021-05-13,10663.0,-384.0,0.0,0,410.28,0.0,1,2.26,6.1,SPY210514P00416000,416.0,0,0.0,0.0,,0.0,normalDay
2021-05-14,10889.0,0.0,226.0,0,416.58,0.0,1,2.26,0.0,SPY210514P00416000,416.0,0,0.0,0.0,,0.0,expirationDay
2021-05-17,10889.0,-4.0,0.0,0,415.52,0.0,1,2.87,2.91,SPY210521P00416000,416.0,0,0.0,0.0,,0.0,normalDay
2021-05-18,10889.0,-221.0,0.0,0,411.94,0.0,1,2.87,5.08,SPY210521P00416000,416.0,0,0.0,0.0,,0.0,normalDay
2021-05-19,10889.0,-283.0,0.0,0,410.86,0.0,1,2.87,5.7,SPY210521P00416000,416.0,0,0.0,0.0,,0.0,normalDay
2021-05-20,10889.0,98.0,0.0,0,415.28,0.0,1,2.87,1.89,SPY210521P00416000,416.0,0,0.0,0.0,,0.0,normalDay
2021-05-21,11176.0,-106.0,287.0,100,414.94,416.0,1,2.87,0.0,SPY210521P00416000,416.0,0,0.0,0.0,,0.0,expirationDay
2021-05-24,11176.0,313.0,0.0,100,419.17,416.0,0,0.0,0.0,,0.0,1,5.62,5.66,SPY210716C00425000,425.0,normalDay
2021-05-25,11176.0,265.0,0.0,100,418.24,416.0,0,0.0,0.0,,0.0,1,5.62,5.21,SPY210716C00425000,425.0,normalDay
2021-05-26,11176.0,374.0,0.0,100,419.07,416.0,0,0.0,0.0,,0.0,1,5.62,4.95,SPY210716C00425000,425.0,normalDay
2021-05-27,11176.0,400.0,0.0,100,419.29,416.0,0,0.0,0.0,,0.0,1,5.62,4.91,SPY210716C00425000,425.0,normalDay
2021-05-28,11176.0,492.0,0.0,100,420.04,416.0,0,0.0,0.0,,0.0,1,5.62,4.74,SPY210716C00425000,425.0,normalDay
2021-06-01,11176.0,463.0,0.0,100,419.67,416.0,0,0.0,0.0,,0.0,1,5.62,4.66,SPY210716C00425000,425.0,normalDay
2021-06-02,11176.0,532.0,0.0,100,420.33,416.0,0,0.0,0.0,,0.0,1,5.62,4.63,SPY210716C00425000,425.0,normalDay
2021-06-03,11176.0,431.0,0.0,100,418.77,416.0,0,0.0,0.0,,0.0,1,5.62,4.08,SPY210716C00425000,425.0,normalDay
2021-06-04,11176.0,713.0,0.0,100,422.6,416.0,0,0.0,0.0,,0.0,1,5.62,5.09,SPY210716C00425000,425.0,normalDay
2021-06-07,11176.0,708.0,0.0,100,422.19,416.0,0,0.0,0.0,,0.0,1,5.62,4.73,SPY210716C00425000,425.0,normalDay
2021-06-08,11176.0,712.0,0.0,100,422.28,416.0,0,0.0,0.0,,0.0,1,5.62,4.78,SPY210716C00425000,425.0,normalDay
2021-06-09,11176.0,655.0,0.0,100,421.65,416.0,0,0.0,0.0,,0.0,1,5.62,4.72,SPY210716C00425000,425.0,normalDay
2021-06-10,11176.0,845.0,0.0,100,423.61,416.0,0,0.0,0.0,,0.0,1,5.62,4.78,SPY210716C00425000,425.0,normalDay
2021-06-11,11176.0,909.0,0.0,100,424.31,416.0,0,0.0,0.0,,0.0,1,5.62,4.84,SPY210716C00425000,425.0,normalDay
2021-06-14,11176.0,952.0,0.0,100,425.26,416.0,0,0.0,0.0,,0.0,1,5.62,5.36,SPY210716C00425000,425.0,normalDay
2021-06-15,11176.0,920.0,0.0,100,424.48,416.0,0,0.0,0.0,,0.0,1,5.62,4.9,SPY210716C00425000,425.0,normalDay
2021-06-16,11176.0,774.0,0.0,100,422.11,416.0,0,0.0,0.0,,0.0,1,5.62,3.99,SPY210716C00425000,425.0,normalDay
2021-06-17,11176.0,803.0,0.0,100,421.97,416.0,0,0.0,0.0,,0.0,1,5.62,3.56,SPY210716C00425000,425.0,normalDay
2021-06-18,11176.0,253.0,0.0,100,414.92,416.0,0,0.0,0.0,,0.0,1,5.62,2.01,SPY210716C00425000,425.0,normalDay
2021-06-21,11176.0,708.0,0.0,100,420.86,416.0,0,0.0,0.0,,0.0,1,5.62,3.4,SPY210716C00425000,425.0,normalDay
2021-06-22,11176.0,893.0,0.0,100,423.11,416.0,0,0.0,0.0,,0.0,1,5.62,3.8,SPY210716C00425000,425.0,normalDay
2021-06-23,11176.0,872.0,0.0,100,422.6,416.0,0,0.0,0.0,,0.0,1,5.62,3.5,SPY210716C00425000,425.0,normalDay
2021-06-24,11176.0,1014.0,0.0,100,425.1,416.0,0,0.0,0.0,,0.0,1,5.62,4.58,SPY210716C00425000,425.0,normalDay
2021-06-25,11176.0,1114.0,0.0,100,426.61,416.0,0,0.0,0.0,,0.0,1,5.62,5.09,SPY210716C00425000,425.0,normalDay
2021-06-28,11176.0,1172.0,0.0,100,427.47,416.0,0,0.0,0.0,,0.0,1,5.62,5.37,SPY210716C00425000,425.0,normalDay
2021-06-29,11176.0,1161.0,0.0,100,427.7,416.0,0,0.0,0.0,,0.0,1,5.62,5.71,SPY210716C00425000,425.0,normalDay
2021-06-30,11176.0,1164.0,0.0,100,428.06,416.0,0,0.0,0.0,,0.0,1,5.62,6.04,SPY210716C00425000,425.0,normalDay
2021-07-01,11176.0,1267.0,0.0,100,430.43,416.0,0,0.0,0.0,,0.0,1,5.62,7.38,SPY210716C00425000,425.0,normalDay
2021-07-02,11176.0,1363.0,0.0,100,433.72,416.0,0,0.0,0.0,,0.0,1,5.62,9.71,SPY210716C00425000,425.0,normalDay
2021-07-06,11176.0,1362.0,0.0,100,432.93,416.0,0,0.0,0.0,,0.0,1,5.62,8.93,SPY210716C00425000,425.0,normalDay
2021-07-07,11176.0,1386.0,0.0,100,434.46,416.0,0,0.0,0.0,,0.0,1,5.62,10.22,SPY210716C00425000,425.0,normalDay
2021-07-08,11176.0,1288.0,0.0,100,430.92,416.0,0,0.0,0.0,,0.0,1,5.62,7.66,SPY210716C00425000,425.0,normalDay
2021-07-09,11176.0,1403.0,0.0,100,435.52,416.0,0,0.0,0.0,,0.0,1,5.62,11.11,SPY210716C00425000,425.0,normalDay
2021-07-12,11176.0,1428.0,0.0,100,437.08,416.0,0,0.0,0.0,,0.0,1,5.62,12.42,SPY210716C00425000,425.0,normalDay
2021-07-13,11176.0,1441.0,0.0,100,435.59,416.0,0,0.0,0.0,,0.0,1,5.62,10.8,SPY210716C00425000,425.0,normalDay
2021-07-14,11176.0,1430.0,0.0,100,436.24,416.0,0,0.0,0.0,,0.0,1,5.62,11.56,SPY210716C00425000,425.0,normalDay
2021-07-15,11176.0,1481.0,0.0,100,434.75,416.0,0,0.0,0.0,,0.0,1,5.62,9.56,SPY210716C00425000,425.0,normalDay
2021-07-16,12638.0,1481.0,1462.0,0,431.34,0.0,0,0.0,0.0,,0.0,1,5.62,0.0,SPY210716C00425000,425.0,expirationDay
2021-07-19,12638.0,-19.0,0.0,0,424.97,0.0,1,6.06,6.25,SPY210723P00430000,430.0,0,0.0,0.0,,0.0,normalDay
2021-07-20,12638.0,405.0,0.0,0,431.06,0.0,1,6.06,2.01,SPY210723P00430000,430.0,0,0.0,0.0,,0.0,normalDay
2021-07-21,12638.0,569.0,0.0,0,434.55,0.0,1,6.06,0.37,SPY210723P00430000,430.0,0,0.0,0.0,,0.0,normalDay
2021-07-22,12638.0,595.0,0.0,0,435.46,0.0,1,6.06,0.11,SPY210723P00430000,430.0,0,0.0,0.0,,0.0,normalDay
2021-07-23,13244.0,0.0,606.0,0,439.94,0.0,1,6.06,0.0,SPY210723P00430000,430.0,0,0.0,0.0,,0.0,expirationDay
2021-07-26,13244.0,-3.0,0.0,0,441.02,0.0,1,0.41,0.44,SPY210730P00433000,433.0,0,0.0,0.0,,0.0,normalDay
2021-07-27,13244.0,-55.0,0.0,0,439.01,0.0,1,0.41,0.96,SPY210730P00433000,433.0,0,0.0,0.0,,0.0,normalDay
2021-07-28,13244.0,0.0,0.0,0,438.83,0.0,1,0.41,0.41,SPY210730P00433000,433.0,0,0.0,0.0,,0.0,normalDay
2021-07-29,13244.0,35.0,0.0,0,440.65,0.0,1,0.41,0.06,SPY210730P00433000,433.0,0,0.0,0.0,,0.0,normalDay
2021-07-30,13285.0,0.0,41.0,0,438.51,0.0,1,0.41,0.0,SPY210730P00433000,433.0,0,0.0,0.0,,0.0,expirationDay
2021-08-02,13285.0,-4.0,0.0,0,437.59,0.0,1,1.89,1.93,SPY210806P00436000,436.0,0,0.0,0.0,,0.0,normalDay
2021-08-03,13285.0,132.0,0.0,0,441.15,0.0,1,1.89,0.57,SPY210806P00436000,436.0,0,0.0,0.0,,0.0,normalDay
2021-08-04,13285.0,123.0,0.0,0,438.98,0.0,1,1.89,0.66,SPY210806P00436000,436.0,0,0.0,0.0,,0.0,normalDay
2021-08-05,13285.0,176.0,0.0,0,441.76,0.0,1,1.89,0.13,SPY210806P00436000,436.0,0,0.0,0.0,,0.0,normalDay
2021-08-06,13474.0,0.0,189.0,0,442.49,0.0,1,1.89,0.0,SPY210806P00436000,436.0,0,0.0,0.0,,0.0,expirationDay
2021-08-09,13474.0,-3.0,0.0,0,442.13,0.0,1,0.56,0.59,SPY210813P00437500,437.5,0,0.0,0.0,,0.0,normalDay
2021-08-10,13474.0,5.0,0.0,0,442.68,0.0,1,0.56,0.51,SPY210813P00437500,437.5,0,0.0,0.0,,0.0,normalDay
2021-08-11,13474.0,37.0,0.0,0,443.78,0.0,1,0.56,0.19,SPY210813P00437500,437.5,0,0.0,0.0,,0.0,normalDay
2021-08-12,13474.0,49.0,0.0,0,445.11,0.0,1,0.56,0.07,SPY210813P00437500,437.5,0,0.0,0.0,,0.0,normalDay
2021-08-13,13530.0,0.0,56.0,0,445.92,0.0,1,0.56,0.0,SPY210813P00437500,437.5,0,0.0,0.0,,0.0,expirationDay
2021-08-16,13530.0,-3.0,0.0,0,446.97,0.0,1,0.39,0.42,SPY210820P00440000,440.0,0,0.0,0.0,,0.0,normalDay
2021-08-17,13530.0,-69.0,0.0,0,444.04,0.0,1,0.39,1.08,SPY210820P00440000,440.0,0,0.0,0.0,,0.0,normalDay
2021-08-18,13530.0,-273.0,0.0,0,439.18,0.0,1,0.39,3.12,SPY210820P00440000,440.0,0,0.0,0.0,,0.0,normalDay
2021-08-19,13530.0,-127.0,0.0,0,439.86,0.0,1,0.39,1.66,SPY210820P00440000,440.0,0,0.0,0.0,,0.0,normalDay
2021-08-20,13569.0,0.0,39.0,0,443.36,0.0,1,0.39,0.0,SPY210820P00440000,440.0,0,0.0,0.0,,0.0,expirationDay
2021-08-23,13569.0,-3.0,0.0,0,447.26,0.0,1,0.57,0.6,SPY210827P00442000,442.0,0,0.0,0.0,,0.0,normalDay
2021-08-24,13569.0,20.0,0.0,0,447.97,0.0,1,0.57,0.37,SPY210827P00442000,442.0,0,0.0,0.0,,0.0,normalDay
2021-08-25,13569.0,41.0,0.0,0,448.91,0.0,1,0.57,0.16,SPY210827P00442000,442.0,0,0.0,0.0,,0.0,normalDay
2021-08-26,13569.0,22.0,0.0,0,446.26,0.0,1,0.57,0.35,SPY210827P00442000,442.0,0,0.0,0.0,,0.0,normalDay
2021-08-27,13626.0,0.0,57.0,0,450.25,0.0,1,0.57,0.0,SPY210827P00442000,442.0,0,0.0,0.0,,0.0,expirationDay
2021-08-30,13626.0,-3.0,0.0,0,452.23,0.0,1,0.32,0.35,SPY210903P00445000,445.0,0,0.0,0.0,,0.0,normalDay
2021-08-31,13626.0,-3.0,0.0,0,451.56,0.0,1,0.32,0.35,SPY210903P00445000,445.0,0,0.0,0.0,,0.0,normalDay
2021-09-01,13626.0,16.0,0.0,0,451.8,0.0,1,0.32,0.16,SPY210903P00445000,445.0,0,0.0,0.0,,0.0,normalDay
2021-09-02,13626.0,23.0,0.0,0,453.19,0.0,1,0.32,0.09,SPY210903P00445000,445.0,0,0.0,0.0,,0.0,normalDay
2021-09-03,13658.0,0.0,32.0,0,453.08,0.0,1,0.32,0.0,SPY210903P00445000,445.0,0,0.0,0.0,,0.0,expirationDay
2021-09-07,13658.0,-4.0,0.0,0,451.46,0.0,1,0.95,0.99,SPY210913P00447000,447.0,0,0.0,0.0,,0.0,normalDay
2021-09-08,13658.0,10.0,0.0,0,450.91,0.0,1,0.95,0.85,SPY210913P00447000,447.0,0,0.0,0.0,,0.0,normalDay
2021-09-09,13658.0,-36.0,0.0,0,448.98,0.0,1,0.95,1.31,SPY210913P00447000,447.0,0,0.0,0.0,,0.0,normalDay
2021-09-10,13658.0,-148.0,0.0,0,445.44,0.0,1,0.95,2.43,SPY210913P00447000,447.0,0,0.0,0.0,,0.0,normalDay
2021-09-13,13753.0,-42.0,95.0,100,446.58,447.0,1,0.95,0.0,SPY210913P00447000,447.0,0,0.0,0.0,,0.0,expirationDay
2021-09-14,13753.0,-288.0,0.0,100,444.17,447.0,0,0.0,0.0,,0.0,1,4.04,4.09,SPY211119C00458000,458.0,normalDay
2021-09-15,13753.0,0.0,0.0,100,447.88,447.0,0,0.0,0.0,,0.0,1,4.04,4.92,SPY211119C00458000,458.0,normalDay
2021-09-16,13753.0,-30.0,0.0,100,447.17,447.0,0,0.0,0.0,,0.0,1,4.04,4.51,SPY211119C00458000,458.0,normalDay
2021-09-17,13753.0,-507.0,0.0,100,441.4,447.0,0,0.0,0.0,,0.0,1,4.04,3.51,SPY211119C00458000,458.0,normalDay
2021-09-20,13753.0,-1139.0,0.0,100,434.04,447.0,0,0.0,0.0,,0.0,1,4.04,2.47,SPY211119C00458000,458.0,normalDay
2021-09-21,13753.0,-1145.0,0.0,100,433.63,447.0,0,0.0,0.0,,0.0,1,4.04,2.12,SPY211119C00458000,458.0,normalDay
2021-09-22,13753.0,-753.0,0.0,100,437.86,447.0,0,0.0,0.0,,0.0,1,4.04,2.43,SPY211119C00458000,458.0,normalDay
2021-09-23,13753.0,-295.0,0.0,100,443.18,447.0,0,0.0,0.0,,0.0,1,4.04,3.17,SPY211119C00458000,458.0,normalDay
2021-09-24,13753.0,-212.0,0.0,100,443.91,447.0,0,0.0,0.0,,0.0,1,4.04,3.07,SPY211119C00458000,458.0,normalDay
2021-09-27,13753.0,-288.0,0.0,100,442.64,447.0,0,0.0,0.0,,0.0,1,4.04,2.56,SPY211119C00458000,458.0,normalDay
2021-09-28,13753.0,-1082.0,0.0,100,433.72,447.0,0,0.0,0.0,,0.0,1,4.04,1.58,SPY211119C00458000,458.0,normalDay
2021-09-29,13753.0,-1005.0,0.0,100,434.45,447.0,0,0.0,0.0,,0.0,1,4.04,1.54,SPY211119C00458000,458.0,normalDay
2021-09-30,13753.0,-1468.0,0.0,100,429.14,447.0,0,0.0,0.0,,0.0,1,4.04,0.86,SPY211119C00458000,458.0,normalDay
2021-10-01,13753.0,-1006.0,0.0,100,434.24,447.0,0,0.0,0.0,,0.0,1,4.04,1.34,SPY211119C00458000,458.0,normalDay
2021-10-04,13753.0,-1515.0,0.0,100,428.64,447.0,0,0.0,0.0,,0.0,1,4.04,0.83,SPY211119C00458000,458.0,normalDay
2021-10-05,13753.0,-1088.0,0.0,100,433.1,447.0,0,0.0,0.0,,0.0,1,4.04,1.02,SPY211119C00458000,458.0,normalDay
2021-10-06,13753.0,-924.0,0.0,100,434.9,447.0,0,0.0,0.0,,0.0,1,4.04,1.18,SPY211119C00458000,458.0,normalDay
2021-10-07,13753.0,-581.0,0.0,100,438.66,447.0,0,0.0,0.0,,0.0,1,4.04,1.51,SPY211119C00458000,458.0,normalDay
2021-10-08,13753.0,-620.0,0.0,100,437.86,447.0,0,0.0,0.0,,0.0,1,4.04,1.1,SPY211119C00458000,458.0,normalDay
2021-10-11,13753.0,-896.0,0.0,100,434.69,447.0,0,0.0,0.0,,0.0,1,4.04,0.69,SPY211119C00458000,458.0,normalDay
2021-10-12,13753.0,-984.0,0.0,100,433.62,447.0,0,0.0,0.0,,0.0,1,4.04,0.5,SPY211119C00458000,458.0,normalDay
2021-10-13,13753.0,-838.0,0.0,100,435.18,447.0,0,0.0,0.0,,0.0,1,4.04,0.6,SPY211119C00458000,458.0,normalDay
2021-10-14,13753.0,-169.0,0.0,100,442.5,447.0,0,0.0,0.0,,0.0,1,4.04,1.23,SPY211119C00458000,458.0,normalDay
2021-10-15,13753.0,118.0,0.0,100,445.87,447.0,0,0.0,0.0,,0.0,1,4.04,1.73,SPY211119C00458000,458.0,normalDay
2021-10-18,13753.0,236.0,0.0,100,447.19,447.0,0,0.0,0.0,,0.0,1,4.04,1.87,SPY211119C00458000,458.0,normalDay
2021-10-19,13753.0,480.0,0.0,100,450.64,447.0,0,0.0,0.0,,0.0,1,4.04,2.88,SPY211119C00458000,458.0,normalDay
2021-10-20,13753.0,628.0,0.0,100,452.41,447.0,0,0.0,0.0,,0.0,1,4.04,3.17,SPY211119C00458000,458.0,normalDay
2021-10-21,13753.0,713.0,0.0,100,453.59,447.0,0,0.0,0.0,,0.0,1,4.04,3.5,SPY211119C00458000,458.0,normalDay
2021-10-22,13753.0,694.0,0.0,100,453.12,447.0,0,0.0,0.0,,0.0,1,4.04,3.22,SPY211119C00458000,458.0,normalDay
2021-10-25,13753.0,871.0,0.0,100,455.55,447.0,0,0.0,0.0,,0.0,1,4.04,3.88,SPY211119C00458000,458.0,normalDay
2021-10-26,13753.0,834.0,0.0,100,455.96,447.0,0,0.0,0.0,,0.0,1,4.04,4.66,SPY211119C00458000,458.0,normalDay
2021-10-27,13753.0,711.0,0.0,100,453.94,447.0,0,0.0,0.0,,0.0,1,4.04,3.87,SPY211119C00458000,458.0,normalDay
2021-10-28,13753.0,981.0,0.0,100,458.32,447.0,0,0.0,0.0,,0.0,1,4.04,5.55,SPY211119C00458000,458.0,normalDay
2021-10-29,13753.0,1002.0,0.0,100,459.25,447.0,0,0.0,0.0,,0.0,1,4.04,6.27,SPY211119C00458000,458.0,normalDay
2021-11-01,13753.0,1071.0,0.0,100,460.04,447.0,0,0.0,0.0,,0.0,1,4.04,6.37,SPY211119C00458000,458.0,normalDay
2021-11-02,13753.0,1163.0,0.0,100,461.9,447.0,0,0.0,0.0,,0.0,1,4.04,7.31,SPY211119C00458000,458.0,normalDay
2021-11-03,13753.0,1261.0,0.0,100,464.72,447.0,0,0.0,0.0,,0.0,1,4.04,9.15,SPY211119C00458000,458.0,normalDay
2021-11-04,13753.0,1332.0,0.0,100,466.91,447.0,0,0.0,0.0,,0.0,1,4.04,10.63,SPY211119C00458000,458.0,normalDay
2021-11-05,13753.0,1349.0,0.0,100,468.53,447.0,0,0.0,0.0,,0.0,1,4.04,12.08,SPY211119C00458000,458.0,normalDay
2021-11-08,13753.0,1387.0,0.0,100,468.93,447.0,0,0.0,0.0,,0.0,1,4.04,12.1,SPY211119C00458000,458.0,normalDay
2021-11-09,13753.0,1361.0,0.0,100,467.38,447.0,0,0.0,0.0,,0.0,1,4.04,10.81,SPY211119C00458000,458.0,normalDay
2021-11-10,13753.0,1269.0,0.0,100,463.62,447.0,0,0.0,0.0,,0.0,1,4.04,7.97,SPY211119C00458000,458.0,normalDay
2021-11-11,13753.0,1300.0,0.0,100,463.77,447.0,0,0.0,0.0,,0.0,1,4.04,7.81,SPY211119C00458000,458.0,normalDay
2021-11-12,13753.0,1408.0,0.0,100,467.27,447.0,0,0.0,0.0,,0.0,1,4.04,10.23,SPY211119C00458000,458.0,normalDay
2021-11-15,13753.0,1473.0,0.0,100,467.43,447.0,0,0.0,0.0,,0.0,1,4.04,9.74,SPY211119C00458000,458.0,normalDay
2021-11-16,13753.0,1474.0,0.0,100,469.28,447.0,0,0.0,0.0,,0.0,1,4.04,11.58,SPY211119C00458000,458.0,normalDay
2021-11-17,13753.0,1506.0,0.0,100,468.14,447.0,0,0.0,0.0,,0.0,1,4.04,10.12,SPY211119C00458000,458.0,normalDay
2021-11-18,13753.0,1486.0,0.0,100,469.73,447.0,0,0.0,0.0,,0.0,1,4.04,11.91,SPY211119C00458000,458.0,normalDay
2021-11-19,15257.0,1486.0,1504.0,0,468.89,0.0,0,0.0,0.0,,0.0,1,4.04,0.0,SPY211119C00458000,458.0,expirationDay
2021-11-22,15257.0,-4.0,0.0,0,467.57,0.0,1,1.42,1.46,SPY211126P00465000,465.0,0,0.0,0.0,,0.0,normalDay
2021-11-23,15257.0,41.0,0.0,0,468.19,0.0,1,1.42,1.01,SPY211126P00465000,465.0,0,0.0,0.0,,0.0,normalDay
2021-11-24,15257.0,123.0,0.0,0,469.44,0.0,1,1.42,0.19,SPY211126P00465000,465.0,0,0.0,0.0,,0.0,normalDay
2021-11-26,15399.0,-603.0,142.0,100,458.97,465.0,1,1.42,0.0,SPY211126P00465000,465.0,0,0.0,0.0,,0.0,expirationDay
2021-11-29,15399.0,-49.0,0.0,100,464.6,465.0,0,0.0,0.0,,0.0,1,9.62,9.71,SPY220218C00474000,474.0,normalDay
2021-11-30,15399.0,-758.0,0.0,100,455.56,465.0,0,0.0,0.0,,0.0,1,9.62,7.76,SPY220218C00474000,474.0,normalDay
2021-12-01,15399.0,-1131.0,0.0,100,450.5,465.0,0,0.0,0.0,,0.0,1,9.62,6.43,SPY220218C00474000,474.0,normalDay
2021-12-02,15399.0,-589.0,0.0,100,457.4,465.0,0,0.0,0.0,,0.0,1,9.62,7.91,SPY220218C00474000,474.0,normalDay
2021-12-03,15399.0,-910.0,0.0,100,453.42,465.0,0,0.0,0.0,,0.0,1,9.62,7.14,SPY220218C00474000,474.0,normalDay
2021-12-06,15399.0,-453.0,0.0,100,458.79,465.0,0,0.0,0.0,,0.0,1,9.62,7.94,SPY220218C00474000,474.0,normalDay
2021-12-07,15399.0,203.0,0.0,100,468.28,465.0,0,0.0,0.0,,0.0,1,9.62,10.87,SPY220218C00474000,474.0,normalDay
2021-12-08,15399.0,349.0,0.0,100,469.52,465.0,0,0.0,0.0,,0.0,1,9.62,10.65,SPY220218C00474000,474.0,normalDay
2021-12-09,15399.0,171.0,0.0,100,466.35,465.0,0,0.0,0.0,,0.0,1,9.62,9.26,SPY220218C00474000,474.0,normalDay
2021-12-10,15399.0,481.0,0.0,100,470.74,465.0,0,0.0,0.0,,0.0,1,9.62,10.55,SPY220218C00474000,474.0,normalDay
2021-12-13,15399.0,237.0,0.0,100,466.57,465.0,0,0.0,0.0,,0.0,1,9.62,8.82,SPY220218C00474000,474.0,normalDay
2021-12-14,15399.0,22.0,0.0,100,463.36,465.0,0,0.0,0.0,,0.0,1,9.62,7.76,SPY220218C00474000,474.0,normalDay
2021-12-15,15399.0,483.0,0.0,100,470.6,465.0,0,0.0,0.0,,0.0,1,9.62,10.39,SPY220218C00474000,474.0,normalDay
2021-12-16,15399.0,236.0,0.0,100,466.45,465.0,0,0.0,0.0,,0.0,1,9.62,8.71,SPY220218C00474000,474.0,normalDay
2021-12-17,15399.0,-243.0,0.0,100,459.87,465.0,0,0.0,0.0,,0.0,1,9.62,6.92,SPY220218C00474000,474.0,normalDay
2021-12-20,15399.0,-547.0,0.0,100,454.98,465.0,0,0.0,0.0,,0.0,1,9.62,5.07,SPY220218C00474000,474.0,normalDay
2021-12-21,15399.0,29.0,0.0,100,463.06,465.0,0,0.0,0.0,,0.0,1,9.62,7.39,SPY220218C00474000,474.0,normalDay
2021-12-22,15399.0,368.0,0.0,100,467.69,465.0,0,0.0,0.0,,0.0,1,9.62,8.63,SPY220218C00474000,474.0,normalDay
2021-12-23,15399.0,532.0,0.0,100,470.6,465.0,0,0.0,0.0,,0.0,1,9.62,9.9,SPY220218C00474000,474.0,normalDay
2021-12-27,15399.0,867.0,0.0,100,477.26,465.0,0,0.0,0.0,,0.0,1,9.62,13.21,SPY220218C00474000,474.0,normalDay
2021-12-28,15399.0,866.0,0.0,100,476.87,465.0,0,0.0,0.0,,0.0,1,9.62,12.83,SPY220218C00474000,474.0,normalDay
2021-12-29,15399.0,943.0,0.0,100,477.48,465.0,0,0.0,0.0,,0.0,1,9.62,12.67,SPY220218C00474000,474.0,normalDay
2021-12-30,15399.0,929.0,0.0,100,476.16,465.0,0,0.0,0.0,,0.0,1,9.62,11.49,SPY220218C00474000,474.0,normalDay
2021-12-31,15399.0,887.0,0.0,100,474.96,465.0,0,0.0,0.0,,0.0,1,9.62,10.71,SPY220218C00474000,474.0,normalDay
2022-01-03,15399.0,1050.0,0.0,100,477.71,465.0,0,0.0,0.0,,0.0,1,9.62,11.83,SPY220218C00474000,474.0,normalDay
2022-01-04,15399.0,1055.0,0.0,100,477.55,465.0,0,0.0,0.0,,0.0,1,9.62,11.62,SPY220218C00474000,474.0,normalDay
2022-01-05,15399.0,556.0,0.0,100,468.38,465.0,0,0.0,0.0,,0.0,1,9.62,7.44,SPY220218C00474000,474.0,normalDay
2022-01-06,15399.0,554.0,0.0,100,467.94,465.0,0,0.0,0.0,,0.0,1,9.62,7.02,SPY220218C00474000,474.0,normalDay
2022-01-07,15399.0,497.0,0.0,100,466.09,465.0,0,0.0,0.0,,0.0,1,9.62,5.74,SPY220218C00474000,474.0,normalDay
2022-01-10,15399.0,521.0,0.0,100,465.51,465.0,0,0.0,0.0,,0.0,1,9.62,4.92,SPY220218C00474000,474.0,normalDay
2022-01-11,15399.0,773.0,0.0,100,469.75,465.0,0,0.0,0.0,,0.0,1,9.62,6.64,SPY220218C00474000,474.0,normalDay
2022-01-12,15399.0,842.0,0.0,100,471.02,465.0,0,0.0,0.0,,0.0,1,9.62,7.22,SPY220218C00474000,474.0,normalDay
2022-01-13,15399.0,444.0,0.0,100,464.53,465.0,0,0.0,0.0,,0.0,1,9.62,4.71,SPY220218C00474000,474.0,normalDay
2022-01-14,15399.0,489.0,0.0,100,464.72,465.0,0,0.0,0.0,,0.0,1,9.62,4.45,SPY220218C00474000,474.0,normalDay
2022-01-18,15399.0,-129.0,0.0,100,456.49,465.0,0,0.0,0.0,,0.0,1,9.62,2.4,SPY220218C00474000,474.0,normalDay
2022-01-19,15399.0,-512.0,0.0,100,451.75,465.0,0,0.0,0.0,,0.0,1,9.62,1.49,SPY220218C00474000,474.0,normalDay
2022-01-20,15399.0,-948.0,0.0,100,446.75,465.0,0,0.0,0.0,,0.0,1,9.62,0.85,SPY220218C00474000,474.0,normalDay
2022-01-21,15399.0,-1790.0,0.0,100,437.98,465.0,0,0.0,0.0,,0.0,1,9.62,0.5,SPY220218C00474000,474.0,normalDay
2022-01-24,15399.0,-1618.0,0.0,100,439.84,465.0,0,0.0,0.0,,0.0,1,9.62,0.64,SPY220218C00474000,474.0,normalDay
2022-01-25,15399.0,-2127.0,0.0,100,434.47,465.0,0,0.0,0.0,,0.0,1,9.62,0.36,SPY220218C00474000,474.0,normalDay
2022-01-26,15399.0,-2243.0,0.0,100,433.38,465.0,0,0.0,0.0,,0.0,1,9.62,0.43,SPY220218C00474000,474.0,normalDay
2022-01-27,15399.0,-2443.0,0.0,100,431.24,465.0,0,0.0,0.0,,0.0,1,9.62,0.29,SPY220218C00474000,474.0,normalDay
2022-01-28,15399.0,-1400.0,0.0,100,441.95,465.0,0,0.0,0.0,,0.0,1,9.62,0.57,SPY220218C00474000,474.0,normalDay
2022-01-31,15399.0,-616.0,0.0,100,449.91,465.0,0,0.0,0.0,,0.0,1,9.62,0.69,SPY220218C00474000,474.0,normalDay
2022-02-01,15399.0,-302.0,0.0,100,452.95,465.0,0,0.0,0.0,,0.0,1,9.62,0.59,SPY220218C00474000,474.0,normalDay
2022-02-02,15399.0,137.0,0.0,100,457.35,465.0,0,0.0,0.0,,0.0,1,9.62,0.6,SPY220218C00474000,474.0,normalDay
2022-02-03,15399.0,-917.0,0.0,100,446.6,465.0,0,0.0,0.0,,0.0,1,9.62,0.39,SPY220218C00474000,474.0,normalDay
2022-02-04,15399.0,-684.0,0.0,100,448.7,465.0,0,0.0,0.0,,0.0,1,9.62,0.16,SPY220218C00474000,474.0,normalDay
2022-02-07,15399.0,-822.0,0.0,100,447.26,465.0,0,0.0,0.0,,0.0,1,9.62,0.1,SPY220218C00474000,474.0,normalDay
2022-02-08,15399.0,-455.0,0.0,100,450.94,465.0,0,0.0,0.0,,0.0,1,9.62,0.11,SPY220218C00474000,474.0,normalDay
2022-02-09,15399.0,184.0,0.0,100,457.54,465.0,0,0.0,0.0,,0.0,1,9.62,0.32,SPY220218C00474000,474.0,normalDay
2022-02-10,15399.0,-615.0,0.0,100,449.32,465.0,0,0.0,0.0,,0.0,1,9.62,0.09,SPY220218C00474000,474.0,normalDay
2022-02-11,15399.0,-1494.0,0.0,100,440.46,465.0,0,0.0,0.0,,0.0,1,9.62,0.02,SPY220218C00474000,474.0,normalDay
2022-02-14,15399.0,-1638.0,0.0,100,439.02,465.0,0,0.0,0.0,,0.0,1,9.62,0.02,SPY220218C00474000,474.0,normalDay
2022-02-15,15399.0,-930.0,0.0,100,446.1,465.0,0,0.0,0.0,,0.0,1,9.62,0.02,SPY220218C00474000,474.0,normalDay
2022-02-16,15399.0,-879.0,0.0,100,446.6,465.0,0,0.0,0.0,,0.0,1,9.62,0.01,SPY220218C00474000,474.0,normalDay
2022-02-17,15399.0,-1833.0,0.0,100,437.06,465.0,0,0.0,0.0,,0.0,1,9.62,0.01,SPY220218C00474000,474.0,normalDay
2022-02-18,16361.0,-3077.0,962.0,100,434.23,465.0,0,0.0,0.0,,0.0,1,9.62,0.0,SPY220218C00474000,474.0,expirationDay
2022-02-22,16361.0,-3551.0,0.0,100,429.57,465.0,0,0.0,0.0,,0.0,1,3.85,3.93,SPY220520C00465000,465.0,normalDay
2022-02-23,16361.0,-4193.0,0.0,100,421.95,465.0,0,0.0,0.0,,0.0,1,3.85,2.73,SPY220520C00465000,465.0,normalDay
2022-02-24,16361.0,-3617.0,0.0,100,428.3,465.0,0,0.0,0.0,,0.0,1,3.85,3.32,SPY220520C00465000,465.0,normalDay
2022-02-25,16361.0,-2872.0,0.0,100,437.75,465.0,0,0.0,0.0,,0.0,1,3.85,5.32,SPY220520C00465000,465.0,normalDay
2022-02-28,16361.0,-2991.0,0.0,100,436.63,465.0,0,0.0,0.0,,0.0,1,3.85,5.39,SPY220520C00465000,465.0,normalDay
2022-03-01,16361.0,-3590.0,0.0,100,429.98,465.0,0,0.0,0.0,,0.0,1,3.85,4.73,SPY220520C00465000,465.0,normalDay
2022-03-02,16361.0,-2904.0,0.0,100,437.89,465.0,0,0.0,0.0,,0.0,1,3.85,5.78,SPY220520C00465000,465.0,normalDay
2022-03-03,16361.0,-3064.0,0.0,100,435.71,465.0,0,0.0,0.0,,0.0,1,3.85,5.2,SPY220520C00465000,465.0,normalDay
2022-03-04,16361.0,-3346.0,0.0,100,432.17,465.0,0,0.0,0.0,,0.0,1,3.85,4.48,SPY220520C00465000,465.0,normalDay
2022-03-07,16361.0,-4430.0,0.0,100,419.43,465.0,0,0.0,0.0,,0.0,1,3.85,2.58,SPY220520C00465000,465.0,normalDay
2022-03-08,16361.0,-4688.0,0.0,100,416.25,465.0,0,0.0,0.0,,0.0,1,3.85,1.98,SPY220520C00465000,465.0,normalDay
2022-03-09,16361.0,-3721.0,0.0,100,427.41,465.0,0,0.0,0.0,,0.0,1,3.85,3.47,SPY220520C00465000,465.0,normalDay
2022-03-10,16361.0,-3831.0,0.0,100,425.48,465.0,0,0.0,0.0,,0.0,1,3.85,2.64,SPY220520C00465000,465.0,normalDay
2022-03-11,16361.0,-4305.0,0.0,100,420.07,465.0,0,0.0,0.0,,0.0,1,3.85,1.97,SPY220520C00465000,465.0,normalDay
2022-03-14,16361.0,-4579.0,0.0,100,417.0,465.0,0,0.0,0.0,,0.0,1,3.85,1.64,SPY220520C00465000,465.0,normalDay
2022-03-15,16361.0,-3738.0,0.0,100,426.17,465.0,0,0.0,0.0,,0.0,1,3.85,2.4,SPY220520C00465000,465.0,normalDay
2022-03-16,16361.0,-2885.0,0.0,100,435.62,465.0,0,0.0,0.0,,0.0,1,3.85,3.32,SPY220520C00465000,465.0,normalDay
2022-03-17,16361.0,-2410.0,0.0,100,441.07,465.0,0,0.0,0.0,,0.0,1,3.85,4.02,SPY220520C00465000,465.0,normalDay
2022-03-18,16361.0,-2168.0,0.0,100,444.52,465.0,0,0.0,0.0,,0.0,1,3.85,5.05,SPY220520C00465000,465.0,normalDay
2022-03-21,16361.0,-2138.0,0.0,100,444.39,465.0,0,0.0,0.0,,0.0,1,3.85,4.62,SPY220520C00465000,465.0,normalDay
2022-03-22,16361.0,-1751.0,0.0,100,449.59,465.0,0,0.0,0.0,,0.0,1,3.85,5.95,SPY220520C00465000,465.0,normalDay
2022-03-23,16361.0,-2143.0,0.0,100,443.8,465.0,0,0.0,0.0,,0.0,1,3.85,4.08,SPY220520C00465000,465.0,normalDay
2022-03-24,16361.0,-1648.0,0.0,100,450.49,465.0,0,0.0,0.0,,0.0,1,3.85,5.82,SPY220520C00465000,465.0,normalDay
2022-03-25,16361.0,-1471.0,0.0,100,452.69,465.0,0,0.0,0.0,,0.0,1,3.85,6.25,SPY220520C00465000,465.0,normalDay
2022-03-28,16361.0,-1224.0,0.0,100,455.91,465.0,0,0.0,0.0,,0.0,1,3.85,7.0,SPY220520C00465000,465.0,normalDay
2022-03-29,16361.0,-891.0,0.0,100,461.55,465.0,0,0.0,0.0,,0.0,1,3.85,9.31,SPY220520C00465000,465.0,normalDay
2022-03-30,16361.0,-1085.0,0.0,100,458.7,465.0,0,0.0,0.0,,0.0,1,3.85,8.4,SPY220520C00465000,465.0,normalDay
2022-03-31,16361.0,-1516.0,0.0,100,451.64,465.0,0,0.0,0.0,,0.0,1,3.85,5.65,SPY220520C00465000,465.0,normalDay
2022-04-01,16361.0,-1327.0,0.0,100,452.92,465.0,0,0.0,0.0,,0.0,1,3.85,5.04,SPY220520C00465000,465.0,normalDay
2022-04-04,16361.0,-1022.0,0.0,100,456.8,465.0,0,0.0,0.0,,0.0,1,3.85,5.87,SPY220520C00465000,465.0,normalDay
2022-04-05,16361.0,-1448.0,0.0,100,451.03,465.0,0,0.0,0.0,,0.0,1,3.85,4.36,SPY220520C00465000,465.0,normalDay
2022-04-06,16361.0,-1746.0,0.0,100,446.52,465.0,0,0.0,0.0,,0.0,1,3.85,2.83,SPY220520C00465000,465.0,normalDay
2022-04-07,16361.0,-1572.0,0.0,100,448.77,465.0,0,0.0,0.0,,0.0,1,3.85,3.34,SPY220520C00465000,465.0,normalDay
2022-04-08,16361.0,-1638.0,0.0,100,447.57,465.0,0,0.0,0.0,,0.0,1,3.85,2.8,SPY220520C00465000,465.0,normalDay
2022-04-11,16361.0,-2266.0,0.0,100,439.92,465.0,0,0.0,0.0,,0.0,1,3.85,1.43,SPY220520C00465000,465.0,normalDay
2022-04-12,16361.0,-2404.0,0.0,100,438.29,465.0,0,0.0,0.0,,0.0,1,3.85,1.18,SPY220520C00465000,465.0,normalDay
2022-04-13,16361.0,-1933.0,0.0,100,443.31,465.0,0,0.0,0.0,,0.0,1,3.85,1.49,SPY220520C00465000,465.0,normalDay
2022-04-14,16361.0,-2423.0,0.0,100,437.79,465.0,0,0.0,0.0,,0.0,1,3.85,0.87,SPY220520C00465000,465.0,normalDay
2022-04-18,16361.0,-2395.0,0.0,100,437.97,465.0,0,0.0,0.0,,0.0,1,3.85,0.77,SPY220520C00465000,465.0,normalDay
2022-04-19,16361.0,-1726.0,0.0,100,445.04,465.0,0,0.0,0.0,,0.0,1,3.85,1.15,SPY220520C00465000,465.0,normalDay
2022-04-20,16361.0,-1773.0,0.0,100,444.71,465.0,0,0.0,0.0,,0.0,1,3.85,1.29,SPY220520C00465000,465.0,normalDay
2022-04-21,16361.0,-2363.0,0.0,100,438.06,465.0,0,0.0,0.0,,0.0,1,3.85,0.54,SPY220520C00465000,465.0,normalDay
2022-04-22,16361.0,-3530.0,0.0,100,426.04,465.0,0,0.0,0.0,,0.0,1,3.85,0.19,SPY220520C00465000,465.0,normalDay
2022-04-25,16361.0,-3281.0,0.0,100,428.51,465.0,0,0.0,0.0,,0.0,1,3.85,0.17,SPY220520C00465000,465.0,normalDay
2022-04-26,16361.0,-4514.0,0.0,100,416.1,465.0,0,0.0,0.0,,0.0,1,3.85,0.09,SPY220520C00465000,465.0,normalDay
2022-04-27,16361.0,-4395.0,0.0,100,417.27,465.0,0,0.0,0.0,,0.0,1,3.85,0.07,SPY220520C00465000,465.0,normalDay
2022-04-28,16361.0,-3350.0,0.0,100,427.81,465.0,0,0.0,0.0,,0.0,1,3.85,0.16,SPY220520C00465000,465.0,normalDay
2022-04-29,16361.0,-4923.0,0.0,100,412.0,465.0,0,0.0,0.0,,0.0,1,3.85,0.08,SPY220520C00465000,465.0,normalDay
2022-05-02,16361.0,-4675.0,0.0,100,414.48,465.0,0,0.0,0.0,,0.0,1,3.85,0.08,SPY220520C00465000,465.0,normalDay
2022-05-03,16361.0,-4482.0,0.0,100,416.38,465.0,0,0.0,0.0,,0.0,1,3.85,0.05,SPY220520C00465000,465.0,normalDay
2022-05-04,16361.0,-3219.0,0.0,100,429.06,465.0,0,0.0,0.0,,0.0,1,3.85,0.1,SPY220520C00465000,465.0,normalDay
2022-05-05,16361.0,-4739.0,0.0,100,413.81,465.0,0,0.0,0.0,,0.0,1,3.85,0.05,SPY220520C00465000,465.0,normalDay
2022-05-06,16361.0,-4984.0,0.0,100,411.34,465.0,0,0.0,0.0,,0.0,1,3.85,0.03,SPY220520C00465000,465.0,normalDay
2022-05-09,16361.0,-6301.0,0.0,100,398.17,465.0,0,0.0,0.0,,0.0,1,3.85,0.03,SPY220520C00465000,465.0,normalDay
2022-05-10,16361.0,-6208.0,0.0,100,399.09,465.0,0,0.0,0.0,,0.0,1,3.85,0.02,SPY220520C00465000,465.0,normalDay
2022-05-11,16361.0,-6842.0,0.0,100,392.75,465.0,0,0.0,0.0,,0.0,1,3.85,0.02,SPY220520C00465000,465.0,normalDay
2022-05-12,16361.0,-6883.0,0.0,100,392.34,465.0,0,0.0,0.0,,0.0,1,3.85,0.02,SPY220520C00465000,465.0,normalDay
2022-05-13,16361.0,-5945.0,0.0,100,401.72,465.0,0,0.0,0.0,,0.0,1,3.85,0.02,SPY220520C00465000,465.0,normalDay
2022-05-16,16361.0,-6108.0,0.0,100,400.09,465.0,0,0.0,0.0,,0.0,1,3.85,0.02,SPY220520C00465000,465.0,normalDay
2022-05-17,16361.0,-5284.0,0.0,100,408.32,465.0,0,0.0,0.0,,0.0,1,3.85,0.01,SPY220520C00465000,465.0,normalDay
2022-05-18,16361.0,-6930.0,0.0,100,391.86,465.0,0,0.0,0.0,,0.0,1,3.85,0.01,SPY220520C00465000,465.0,normalDay
2022-05-19,16361.0,-7170.0,0.0,100,389.46,465.0,0,0.0,0.0,,0.0,1,3.85,0.01,SPY220520C00465000,465.0,normalDay
2022-05-20,16746.0,-7537.0,385.0,100,389.63,465.0,0,0.0,0.0,,0.0,1,3.85,0.0,SPY220520C00465000,465.0,expirationDay
2022-05-23,16746.0,-6812.0,0.0,100,396.92,465.0,0,0.0,0.0,,0.0,1,1.71,1.75,SPY220715C00437000,437.0,normalDay
2022-05-24,16746.0,-7093.0,0.0,100,393.89,465.0,0,0.0,0.0,,0.0,1,1.71,1.53,SPY220715C00437000,437.0,normalDay
2022-05-25,16746.0,-6760.0,0.0,100,397.37,465.0,0,0.0,0.0,,0.0,1,1.71,1.68,SPY220715C00437000,437.0,normalDay
2022-05-26,16746.0,-6054.0,0.0,100,405.31,465.0,0,0.0,0.0,,0.0,1,1.71,2.56,SPY220715C00437000,437.0,normalDay
2022-05-27,16746.0,-5244.0,0.0,100,415.26,465.0,0,0.0,0.0,,0.0,1,1.71,4.41,SPY220715C00437000,437.0,normalDay
2022-05-31,16746.0,-5358.0,0.0,100,412.93,465.0,0,0.0,0.0,,0.0,1,1.71,3.22,SPY220715C00437000,437.0,normalDay
2022-06-01,16746.0,-5594.0,0.0,100,409.59,465.0,0,0.0,0.0,,0.0,1,1.71,2.24,SPY220715C00437000,437.0,normalDay
2022-06-02,16746.0,-4960.0,0.0,100,417.39,465.0,0,0.0,0.0,,0.0,1,1.71,3.7,SPY220715C00437000,437.0,normalDay
2022-06-03,16746.0,-5491.0,0.0,100,410.54,465.0,0,0.0,0.0,,0.0,1,1.71,2.16,SPY220715C00437000,437.0,normalDay
2022-06-06,16746.0,-5362.0,0.0,100,411.79,465.0,0,0.0,0.0,,0.0,1,1.71,2.12,SPY220715C00437000,437.0,normalDay
2022-06-07,16746.0,-5012.0,0.0,100,415.74,465.0,0,0.0,0.0,,0.0,1,1.71,2.57,SPY220715C00437000,437.0,normalDay
2022-06-08,16746.0,-5375.0,0.0,100,411.22,465.0,0,0.0,0.0,,0.0,1,1.71,1.68,SPY220715C00437000,437.0,normalDay
2022-06-09,16746.0,-6269.0,0.0,100,401.44,465.0,0,0.0,0.0,,0.0,1,1.71,0.84,SPY220715C00437000,437.0,normalDay
2022-06-10,16746.0,-7386.0,0.0,100,389.8,465.0,0,0.0,0.0,,0.0,1,1.71,0.37,SPY220715C00437000,437.0,normalDay
2022-06-13,16746.0,-8847.0,0.0,100,375.0,465.0,0,0.0,0.0,,0.0,1,1.71,0.18,SPY220715C00437000,437.0,normalDay
2022-06-14,16746.0,-8958.0,0.0,100,373.87,465.0,0,0.0,0.0,,0.0,1,1.71,0.16,SPY220715C00437000,437.0,normalDay
2022-06-15,16746.0,-8425.0,0.0,100,379.2,465.0,0,0.0,0.0,,0.0,1,1.71,0.16,SPY220715C00437000,437.0,normalDay
2022-06-16,16746.0,-9673.0,0.0,100,366.65,465.0,0,0.0,0.0,,0.0,1,1.71,0.09,SPY220715C00437000,437.0,normalDay
2022-06-17,16746.0,-9753.0,0.0,100,365.86,465.0,0,0.0,0.0,,0.0,1,1.71,0.1,SPY220715C00437000,437.0,normalDay
2022-06-21,16746.0,-8831.0,0.0,100,375.07,465.0,0,0.0,0.0,,0.0,1,1.71,0.09,SPY220715C00437000,437.0,normalDay
2022-06-22,16746.0,-8899.0,0.0,100,374.39,465.0,0,0.0,0.0,,0.0,1,1.71,0.09,SPY220715C00437000,437.0,normalDay
2022-06-23,16746.0,-8531.0,0.0,100,378.06,465.0,0,0.0,0.0,,0.0,1,1.71,0.08,SPY220715C00437000,437.0,normalDay
2022-06-24,16746.0,-7334.0,0.0,100,390.08,465.0,0,0.0,0.0,,0.0,1,1.71,0.13,SPY220715C00437000,437.0,normalDay
2022-06-27,16746.0,-7481.0,0.0,100,388.59,465.0,0,0.0,0.0,,0.0,1,1.71,0.11,SPY220715C00437000,437.0,normalDay
2022-06-28,16746.0,-8269.0,0.0,100,380.65,465.0,0,0.0,0.0,,0.0,1,1.71,0.05,SPY220715C00437000,437.0,normalDay
2022-06-29,16746.0,-8300.0,0.0,100,380.34,465.0,0,0.0,0.0,,0.0,1,1.71,0.05,SPY220715C00437000,437.0,normalDay
2022-06-30,16746.0,-8607.0,0.0,100,377.25,465.0,0,0.0,0.0,,0.0,1,1.71,0.03,SPY220715C00437000,437.0,normalDay
2022-07-01,16746.0,-8207.0,0.0,100,381.24,465.0,0,0.0,0.0,,0.0,1,1.71,0.02,SPY220715C00437000,437.0,normalDay
2022-07-05,16746.0,-8135.0,0.0,100,381.96,465.0,0,0.0,0.0,,0.0,1,1.71,0.02,SPY220715C00437000,437.0,normalDay
2022-07-06,16746.0,-8005.0,0.0,100,383.25,465.0,0,0.0,0.0,,0.0,1,1.71,0.01,SPY220715C00437000,437.0,normalDay
2022-07-07,16746.0,-7431.0,0.0,100,388.99,465.0,0,0.0,0.0,,0.0,1,1.71,0.01,SPY220715C00437000,437.0,normalDay
2022-07-08,16746.0,-7463.0,0.0,100,388.67,465.0,0,0.0,0.0,,0.0,1,1.71,0.01,SPY220715C00437000,437.0,normalDay
2022-07-11,16746.0,-7907.0,0.0,100,384.23,465.0,0,0.0,0.0,,0.0,1,1.71,0.01,SPY220715C00437000,437.0,normalDay
2022-07-12,16746.0,-8247.0,0.0,100,380.83,465.0,0,0.0,0.0,,0.0,1,1.71,0.01,SPY220715C00437000,437.0,normalDay
2022-07-13,16746.0,-8447.0,0.0,100,378.83,465.0,0,0.0,0.0,,0.0,1,1.71,0.01,SPY220715C00437000,437.0,normalDay
2022-07-14,16746.0,-8539.0,0.0,100,377.91,465.0,0,0.0,0.0,,0.0,1,1.71,0.01,SPY220715C00437000,437.0,normalDay
2022-07-15,16917.0,-7987.0,171.0,100,385.13,465.0,0,0.0,0.0,,0.0,1,1.71,0.0,SPY220715C00437000,437.0,expirationDay
2022-07-18,16917.0,-8312.0,0.0,100,381.95,465.0,0,0.0,0.0,,0.0,1,9.22,9.29,SPY220930C00396000,396.0,normalDay
2022-07-19,16917.0,-7799.0,0.0,100,392.27,465.0,0,0.0,0.0,,0.0,1,9.22,14.48,SPY220930C00396000,396.0,normalDay
2022-07-20,16917.0,-7654.0,0.0,100,394.77,465.0,0,0.0,0.0,,0.0,1,9.22,15.53,SPY220930C00396000,396.0,normalDay
2022-07-21,16917.0,-7403.0,0.0,100,398.79,465.0,0,0.0,0.0,,0.0,1,9.22,17.04,SPY220930C00396000,396.0,normalDay
2022-07-22,16917.0,-7523.0,0.0,100,395.09,465.0,0,0.0,0.0,,0.0,1,9.22,14.54,SPY220930C00396000,396.0,normalDay
2022-07-25,16917.0,-7515.0,0.0,100,395.57,465.0,0,0.0,0.0,,0.0,1,9.22,14.94,SPY220930C00396000,396.0,normalDay
2022-07-26,16917.0,-7775.0,0.0,100,390.89,465.0,0,0.0,0.0,,0.0,1,9.22,12.86,SPY220930C00396000,396.0,normalDay
2022-07-27,16917.0,-7197.0,0.0,100,401.04,465.0,0,0.0,0.0,,0.0,1,9.22,17.23,SPY220930C00396000,396.0,normalDay
2022-07-28,16917.0,-7097.0,0.0,100,406.07,465.0,0,0.0,0.0,,0.0,1,9.22,21.26,SPY220930C00396000,396.0,normalDay
2022-07-29,16917.0,-6832.0,0.0,100,411.99,465.0,0,0.0,0.0,,0.0,1,9.22,24.53,SPY220930C00396000,396.0,normalDay
2022-08-01,16917.0,-6906.0,0.0,100,410.77,465.0,0,0.0,0.0,,0.0,1,9.22,24.05,SPY220930C00396000,396.0,normalDay
2022-08-02,16917.0,-7000.0,0.0,100,408.06,465.0,0,0.0,0.0,,0.0,1,9.22,22.28,SPY220930C00396000,396.0,normalDay
2022-08-03,16917.0,-6735.0,0.0,100,414.45,465.0,0,0.0,0.0,,0.0,1,9.22,26.02,SPY220930C00396000,396.0,normalDay
2022-08-04,16917.0,-6760.0,0.0,100,414.17,465.0,0,0.0,0.0,,0.0,1,9.22,25.99,SPY220930C00396000,396.0,normalDay
2022-08-05,16917.0,-6727.0,0.0,100,413.47,465.0,0,0.0,0.0,,0.0,1,9.22,24.96,SPY220930C00396000,396.0,normalDay
2022-08-08,16917.0,-6757.0,0.0,100,412.99,465.0,0,0.0,0.0,,0.0,1,9.22,24.78,SPY220930C00396000,396.0,normalDay
2022-08-09,16917.0,-6807.0,0.0,100,411.35,465.0,0,0.0,0.0,,0.0,1,9.22,23.64,SPY220930C00396000,396.0,normalDay
2022-08-10,16917.0,-6507.0,0.0,100,419.99,465.0,0,0.0,0.0,,0.0,1,9.22,29.28,SPY220930C00396000,396.0,normalDay
2022-08-11,16917.0,-6569.0,0.0,100,419.99,465.0,0,0.0,0.0,,0.0,1,9.22,29.9,SPY220930C00396000,396.0,normalDay
2022-08-12,16917.0,-6358.0,0.0,100,427.1,465.0,0,0.0,0.0,,0.0,1,9.22,34.9,SPY220930C00396000,396.0,normalDay
2022-08-15,16917.0,-6323.0,0.0,100,428.86,465.0,0,0.0,0.0,,0.0,1,9.22,36.31,SPY220930C00396000,396.0,normalDay
2022-08-16,16917.0,-6289.0,0.0,100,429.7,465.0,0,0.0,0.0,,0.0,1,9.22,36.81,SPY220930C00396000,396.0,normalDay
2022-08-17,16917.0,-6379.0,0.0,100,426.65,465.0,0,0.0,0.0,,0.0,1,9.22,34.66,SPY220930C00396000,396.0,normalDay
2022-08-18,16917.0,-6276.0,0.0,100,427.89,465.0,0,0.0,0.0,,0.0,1,9.22,34.87,SPY220930C00396000,396.0,normalDay
2022-08-19,16917.0,-6383.0,0.0,100,422.14,465.0,0,0.0,0.0,,0.0,1,9.22,30.19,SPY220930C00396000,396.0,normalDay
2022-08-22,16917.0,-6605.0,0.0,100,413.35,465.0,0,0.0,0.0,,0.0,1,9.22,23.62,SPY220930C00396000,396.0,normalDay
2022-08-23,16917.0,-6573.0,0.0,100,412.35,465.0,0,0.0,0.0,,0.0,1,9.22,22.3,SPY220930C00396000,396.0,normalDay
2022-08-24,16917.0,-6503.0,0.0,100,413.67,465.0,0,0.0,0.0,,0.0,1,9.22,22.92,SPY220930C00396000,396.0,normalDay
2022-08-25,16917.0,-6306.0,0.0,100,419.51,465.0,0,0.0,0.0,,0.0,1,9.22,26.79,SPY220930C00396000,396.0,normalDay
2022-08-26,16917.0,-6738.0,0.0,100,405.31,465.0,0,0.0,0.0,,0.0,1,9.22,16.91,SPY220930C00396000,396.0,normalDay
2022-08-29,16917.0,-6806.0,0.0,100,402.63,465.0,0,0.0,0.0,,0.0,1,9.22,14.91,SPY220930C00396000,396.0,normalDay
2022-08-30,16917.0,-6953.0,0.0,100,398.21,465.0,0,0.0,0.0,,0.0,1,9.22,11.96,SPY220930C00396000,396.0,normalDay
2022-08-31,16917.0,-7054.0,0.0,100,395.18,465.0,0,0.0,0.0,,0.0,1,9.22,9.94,SPY220930C00396000,396.0,normalDay
2022-09-01,16917.0,-6937.0,0.0,100,396.42,465.0,0,0.0,0.0,,0.0,1,9.22,10.01,SPY220930C00396000,396.0,normalDay
2022-09-02,16917.0,-7144.0,0.0,100,392.24,465.0,0,0.0,0.0,,0.0,1,9.22,7.9,SPY220930C00396000,396.0,normalDay
2022-09-06,16917.0,-7157.0,0.0,100,390.76,465.0,0,0.0,0.0,,0.0,1,9.22,6.55,SPY220930C00396000,396.0,normalDay
2022-09-07,16917.0,-6734.0,0.0,100,397.78,465.0,0,0.0,0.0,,0.0,1,9.22,9.34,SPY220930C00396000,396.0,normalDay
2022-09-08,16917.0,-6619.0,0.0,100,400.38,465.0,0,0.0,0.0,,0.0,1,9.22,10.79,SPY220930C00396000,396.0,normalDay
2022-09-09,16917.0,-6317.0,0.0,100,406.6,465.0,0,0.0,0.0,,0.0,1,9.22,13.99,SPY220930C00396000,396.0,normalDay
2022-09-12,16917.0,-6245.0,0.0,100,410.97,465.0,0,0.0,0.0,,0.0,1,9.22,17.64,SPY220930C00396000,396.0,normalDay
2022-09-13,16917.0,-6944.0,0.0,100,393.1,465.0,0,0.0,0.0,,0.0,1,9.22,6.76,SPY220930C00396000,396.0,normalDay
2022-09-14,16917.0,-6785.0,0.0,100,394.6,465.0,0,0.0,0.0,,0.0,1,9.22,6.67,SPY220930C00396000,396.0,normalDay
2022-09-15,16917.0,-7043.0,0.0,100,390.12,465.0,0,0.0,0.0,,0.0,1,9.22,4.77,SPY220930C00396000,396.0,normalDay
2022-09-16,16917.0,-7356.0,0.0,100,385.56,465.0,0,0.0,0.0,,0.0,1,9.22,3.34,SPY220930C00396000,396.0,normalDay
2022-09-19,16917.0,-7105.0,0.0,100,388.55,465.0,0,0.0,0.0,,0.0,1,9.22,3.82,SPY220930C00396000,396.0,normalDay
2022-09-20,16917.0,-7430.0,0.0,100,384.09,465.0,0,0.0,0.0,,0.0,1,9.22,2.61,SPY220930C00396000,396.0,normalDay
2022-09-21,16917.0,-7936.0,0.0,100,377.39,465.0,0,0.0,0.0,,0.0,1,9.22,0.97,SPY220930C00396000,396.0,normalDay
2022-09-22,16917.0,-8187.0,0.0,100,374.22,465.0,0,0.0,0.0,,0.0,1,9.22,0.31,SPY220930C00396000,396.0,normalDay
2022-09-23,16917.0,-8790.0,0.0,100,367.95,465.0,0,0.0,0.0,,0.0,1,9.22,0.07,SPY220930C00396000,396.0,normalDay
2022-09-26,16917.0,-9150.0,0.0,100,364.31,465.0,0,0.0,0.0,,0.0,1,9.22,0.03,SPY220930C00396000,396.0,normalDay
2022-09-27,16917.0,-9242.0,0.0,100,363.38,465.0,0,0.0,0.0,,0.0,1,9.22,0.02,SPY220930C00396000,396.0,normalDay
2022-09-28,16917.0,-8527.0,0.0,100,370.53,465.0,0,0.0,0.0,,0.0,1,9.22,0.02,SPY220930C00396000,396.0,normalDay
2022-09-29,16917.0,-9300.0,0.0,100,362.79,465.0,0,0.0,0.0,,0.0,1,9.22,0.01,SPY220930C00396000,396.0,normalDay
2022-09-30,17839.0,-10782.0,922.0,100,357.18,465.0,0,0.0,0.0,,0.0,1,9.22,0.0,SPY220930C00396000,396.0,expirationDay
2022-10-03,17839.0,-9842.0,0.0,100,366.61,465.0,0,0.0,0.0,,0.0,1,1.42,1.45,SPY221216C00422000,422.0,normalDay
2022-10-04,17839.0,-8825.0,0.0,100,377.97,465.0,0,0.0,0.0,,0.0,1,1.42,2.64,SPY221216C00422000,422.0,normalDay
2022-10-05,17839.0,-8893.0,0.0,100,377.09,465.0,0,0.0,0.0,,0.0,1,1.42,2.44,SPY221216C00422000,422.0,normalDay
2022-10-06,17839.0,-9241.0,0.0,100,373.2,465.0,0,0.0,0.0,,0.0,1,1.42,2.03,SPY221216C00422000,422.0,normalDay
2022-10-07,17839.0,-10185.0,0.0,100,362.79,465.0,0,0.0,0.0,,0.0,1,1.42,1.06,SPY221216C00422000,422.0,normalDay
2022-10-10,17839.0,-10458.0,0.0,100,360.02,465.0,0,0.0,0.0,,0.0,1,1.42,1.02,SPY221216C00422000,422.0,normalDay
2022-10-11,17839.0,-10680.0,0.0,100,357.74,465.0,0,0.0,0.0,,0.0,1,1.42,0.96,SPY221216C00422000,422.0,normalDay
2022-10-12,17839.0,-10792.0,0.0,100,356.56,465.0,0,0.0,0.0,,0.0,1,1.42,0.9,SPY221216C00422000,422.0,normalDay
2022-10-13,17839.0,-9918.0,0.0,100,365.97,465.0,0,0.0,0.0,,0.0,1,1.42,1.57,SPY221216C00422000,422.0,normalDay
2022-10-14,17839.0,-10687.0,0.0,100,357.63,465.0,0,0.0,0.0,,0.0,1,1.42,0.92,SPY221216C00422000,422.0,normalDay
2022-10-17,17839.0,-9826.0,0.0,100,366.82,465.0,0,0.0,0.0,,0.0,1,1.42,1.5,SPY221216C00422000,422.0,normalDay
2022-10-18,17839.0,-9431.0,0.0,100,371.13,465.0,0,0.0,0.0,,0.0,1,1.42,1.86,SPY221216C00422000,422.0,normalDay
2022-10-19,17839.0,-9651.0,0.0,100,368.5,465.0,0,0.0,0.0,,0.0,1,1.42,1.43,SPY221216C00422000,422.0,normalDay
2022-10-20,17839.0,-9923.0,0.0,100,365.41,465.0,0,0.0,0.0,,0.0,1,1.42,1.06,SPY221216C00422000,422.0,normalDay
2022-10-21,17839.0,-9129.0,0.0,100,374.29,465.0,0,0.0,0.0,,0.0,1,1.42,2.0,SPY221216C00422000,422.0,normalDay
2022-10-24,17839.0,-8726.0,0.0,100,378.87,465.0,0,0.0,0.0,,0.0,1,1.42,2.55,SPY221216C00422000,422.0,normalDay
2022-10-25,17839.0,-8155.0,0.0,100,384.92,465.0,0,0.0,0.0,,0.0,1,1.42,2.89,SPY221216C00422000,422.0,normalDay
2022-10-26,17839.0,-8397.0,0.0,100,382.02,465.0,0,0.0,0.0,,0.0,1,1.42,2.41,SPY221216C00422000,422.0,normalDay
2022-10-27,17839.0,-8504.0,0.0,100,379.98,465.0,0,0.0,0.0,,0.0,1,1.42,1.44,SPY221216C00422000,422.0,normalDay
2022-10-28,17839.0,-7766.0,0.0,100,389.02,465.0,0,0.0,0.0,,0.0,1,1.42,3.1,SPY221216C00422000,422.0,normalDay
2022-10-31,17839.0,-7964.0,0.0,100,386.21,465.0,0,0.0,0.0,,0.0,1,1.42,2.27,SPY221216C00422000,422.0,normalDay
2022-11-01,17839.0,-8097.0,0.0,100,384.52,465.0,0,0.0,0.0,,0.0,1,1.42,1.91,SPY221216C00422000,422.0,normalDay
2022-11-02,17839.0,-8957.0,0.0,100,374.87,465.0,0,0.0,0.0,,0.0,1,1.42,0.86,SPY221216C00422000,422.0,normalDay
2022-11-03,17839.0,-9317.0,0.0,100,371.01,465.0,0,0.0,0.0,,0.0,1,1.42,0.6,SPY221216C00422000,422.0,normalDay
2022-11-04,17839.0,-8804.0,0.0,100,376.35,465.0,0,0.0,0.0,,0.0,1,1.42,0.81,SPY221216C00422000,422.0,normalDay
2022-11-07,17839.0,-8456.0,0.0,100,379.95,465.0,0,0.0,0.0,,0.0,1,1.42,0.93,SPY221216C00422000,422.0,normalDay
2022-11-08,17839.0,-8266.0,0.0,100,382.0,465.0,0,0.0,0.0,,0.0,1,1.42,1.08,SPY221216C00422000,422.0,normalDay
2022-11-09,17839.0,-9001.0,0.0,100,374.13,465.0,0,0.0,0.0,,0.0,1,1.42,0.56,SPY221216C00422000,422.0,normalDay
2022-11-10,17839.0,-7150.0,0.0,100,394.69,465.0,0,0.0,0.0,,0.0,1,1.42,2.61,SPY221216C00422000,422.0,normalDay
2022-11-11,17839.0,-6762.0,0.0,100,398.51,465.0,0,0.0,0.0,,0.0,1,1.42,2.55,SPY221216C00422000,422.0,normalDay
2022-11-14,17839.0,-7030.0,0.0,100,395.12,465.0,0,0.0,0.0,,0.0,1,1.42,1.84,SPY221216C00422000,422.0,normalDay
2022-11-15,17839.0,-6737.0,0.0,100,398.49,465.0,0,0.0,0.0,,0.0,1,1.42,2.28,SPY221216C00422000,422.0,normalDay
2022-11-16,17839.0,-6973.0,0.0,100,395.45,465.0,0,0.0,0.0,,0.0,1,1.42,1.6,SPY221216C00422000,422.0,normalDay
2022-11-17,17839.0,-7064.0,0.0,100,394.24,465.0,0,0.0,0.0,,0.0,1,1.42,1.3,SPY221216C00422000,422.0,normalDay
2022-11-18,17839.0,-6875.0,0.0,100,396.03,465.0,0,0.0,0.0,,0.0,1,1.42,1.2,SPY221216C00422000,422.0,normalDay
2022-11-21,17839.0,-6979.0,0.0,100,394.59,465.0,0,0.0,0.0,,0.0,1,1.42,0.8,SPY221216C00422000,422.0,normalDay
2022-11-22,17839.0,-6480.0,0.0,100,399.9,465.0,0,0.0,0.0,,0.0,1,1.42,1.12,SPY221216C00422000,422.0,normalDay
2022-11-23,17839.0,-6232.0,0.0,100,402.42,465.0,0,0.0,0.0,,0.0,1,1.42,1.16,SPY221216C00422000,422.0,normalDay
2022-11-25,17839.0,-6222.0,0.0,100,402.33,465.0,0,0.0,0.0,,0.0,1,1.42,0.97,SPY221216C00422000,422.0,normalDay
2022-11-28,17839.0,-6812.0,0.0,100,395.91,465.0,0,0.0,0.0,,0.0,1,1.42,0.45,SPY221216C00422000,422.0,normalDay
2022-11-29,17839.0,-6873.0,0.0,100,395.23,465.0,0,0.0,0.0,,0.0,1,1.42,0.38,SPY221216C00422000,422.0,normalDay
2022-11-30,17839.0,-5788.0,0.0,100,407.68,465.0,0,0.0,0.0,,0.0,1,1.42,1.98,SPY221216C00422000,422.0,normalDay
2022-12-01,17839.0,-5783.0,0.0,100,407.38,465.0,0,0.0,0.0,,0.0,1,1.42,1.63,SPY221216C00422000,422.0,normalDay
2022-12-02,17839.0,-5783.0,0.0,100,406.91,465.0,0,0.0,0.0,,0.0,1,1.42,1.16,SPY221216C00422000,422.0,normalDay
2022-12-05,17839.0,-6438.0,0.0,100,399.59,465.0,0,0.0,0.0,,0.0,1,1.42,0.39,SPY221216C00422000,422.0,normalDay
2022-12-06,17839.0,-6999.0,0.0,100,393.83,465.0,0,0.0,0.0,,0.0,1,1.42,0.24,SPY221216C00422000,422.0,normalDay
2022-12-07,17839.0,-7059.0,0.0,100,393.16,465.0,0,0.0,0.0,,0.0,1,1.42,0.17,SPY221216C00422000,422.0,normalDay
2022-12-08,17839.0,-6755.0,0.0,100,396.24,465.0,0,0.0,0.0,,0.0,1,1.42,0.21,SPY221216C00422000,422.0,normalDay
2022-12-09,17839.0,-7040.0,0.0,100,393.28,465.0,0,0.0,0.0,,0.0,1,1.42,0.1,SPY221216C00422000,422.0,normalDay
2022-12-12,17839.0,-6508.0,0.0,100,398.95,465.0,0,0.0,0.0,,0.0,1,1.42,0.45,SPY221216C00422000,422.0,normalDay
2022-12-13,17839.0,-6179.0,0.0,100,401.97,465.0,0,0.0,0.0,,0.0,1,1.42,0.18,SPY221216C00422000,422.0,normalDay
2022-12-14,17839.0,-6420.0,0.0,100,399.4,465.0,0,0.0,0.0,,0.0,1,1.42,0.02,SPY221216C00422000,422.0,normalDay
2022-12-15,17839.0,-7396.0,0.0,100,389.63,465.0,0,0.0,0.0,,0.0,1,1.42,0.01,SPY221216C00422000,422.0,normalDay
2022-12-16,17981.0,-8173.0,142.0,100,383.27,465.0,0,0.0,0.0,,0.0,1,1.42,0.0,SPY221216C00422000,422.0,expirationDay
2022-12-19,17981.0,-8502.0,0.0,100,380.02,465.0,0,0.0,0.0,,0.0,1,2.16,2.2,SPY230217C00415000,415.0,normalDay
2022-12-20,17981.0,-8444.0,0.0,100,380.54,465.0,0,0.0,0.0,,0.0,1,2.16,2.14,SPY230217C00415000,415.0,normalDay
2022-12-21,17981.0,-7945.0,0.0,100,386.23,465.0,0,0.0,0.0,,0.0,1,2.16,2.84,SPY230217C00415000,415.0,normalDay
2022-12-22,17981.0,-8423.0,0.0,100,380.72,465.0,0,0.0,0.0,,0.0,1,2.16,2.11,SPY230217C00415000,415.0,normalDay
2022-12-23,17981.0,-8209.0,0.0,100,382.91,465.0,0,0.0,0.0,,0.0,1,2.16,2.16,SPY230217C00415000,415.0,normalDay
2022-12-27,17981.0,-8336.0,0.0,100,381.4,465.0,0,0.0,0.0,,0.0,1,2.16,1.92,SPY230217C00415000,415.0,normalDay
2022-12-28,17981.0,-8751.0,0.0,100,376.66,465.0,0,0.0,0.0,,0.0,1,2.16,1.33,SPY230217C00415000,415.0,normalDay
2022-12-29,17981.0,-8138.0,0.0,100,383.44,465.0,0,0.0,0.0,,0.0,1,2.16,1.98,SPY230217C00415000,415.0,normalDay
2022-12-30,17981.0,-8220.0,0.0,100,382.43,465.0,0,0.0,0.0,,0.0,1,2.16,1.79,SPY230217C00415000,415.0,normalDay
2023-01-03,17981.0,-8337.0,0.0,100,380.82,465.0,0,0.0,0.0,,0.0,1,2.16,1.35,SPY230217C00415000,415.0,normalDay
2023-01-04,17981.0,-8065.0,0.0,100,383.76,465.0,0,0.0,0.0,,0.0,1,2.16,1.57,SPY230217C00415000,415.0,normalDay
2023-01-05,17981.0,-8449.0,0.0,100,379.38,465.0,0,0.0,0.0,,0.0,1,2.16,1.03,SPY230217C00415000,415.0,normalDay
2023-01-06,17981.0,-7665.0,0.0,100,388.08,465.0,0,0.0,0.0,,0.0,1,2.16,1.89,SPY230217C00415000,415.0,normalDay
2023-01-09,17981.0,-7681.0,0.0,100,387.86,465.0,0,0.0,0.0,,0.0,1,2.16,1.83,SPY230217C00415000,415.0,normalDay
2023-01-10,17981.0,-7420.0,0.0,100,390.58,465.0,0,0.0,0.0,,0.0,1,2.16,1.94,SPY230217C00415000,415.0,normalDay
2023-01-11,17981.0,-7044.0,0.0,100,395.52,465.0,0,0.0,0.0,,0.0,1,2.16,3.12,SPY230217C00415000,415.0,normalDay
2023-01-12,17981.0,-6849.0,0.0,100,396.96,465.0,0,0.0,0.0,,0.0,1,2.16,2.61,SPY230217C00415000,415.0,normalDay
2023-01-13,17981.0,-6680.0,0.0,100,398.5,465.0,0,0.0,0.0,,0.0,1,2.16,2.46,SPY230217C00415000,415.0,normalDay
2023-01-17,17981.0,-6719.0,0.0,100,397.77,465.0,0,0.0,0.0,,0.0,1,2.16,2.12,SPY230217C00415000,415.0,normalDay
2023-01-18,17981.0,-7243.0,0.0,100,391.49,465.0,0,0.0,0.0,,0.0,1,2.16,1.08,SPY230217C00415000,415.0,normalDay
2023-01-19,17981.0,-7488.0,0.0,100,388.64,465.0,0,0.0,0.0,,0.0,1,2.16,0.68,SPY230217C00415000,415.0,normalDay
2023-01-20,17981.0,-6843.0,0.0,100,395.88,465.0,0,0.0,0.0,,0.0,1,2.16,1.47,SPY230217C00415000,415.0,normalDay
2023-01-23,17981.0,-6455.0,0.0,100,400.63,465.0,0,0.0,0.0,,0.0,1,2.16,2.34,SPY230217C00415000,415.0,normalDay
2023-01-24,17981.0,-6499.0,0.0,100,400.2,465.0,0,0.0,0.0,,0.0,1,2.16,2.35,SPY230217C00415000,415.0,normalDay
2023-01-25,17981.0,-6449.0,0.0,100,400.35,465.0,0,0.0,0.0,,0.0,1,2.16,2.0,SPY230217C00415000,415.0,normalDay
2023-01-26,17981.0,-6105.0,0.0,100,404.75,465.0,0,0.0,0.0,,0.0,1,2.16,2.96,SPY230217C00415000,415.0,normalDay
2023-01-27,17981.0,-6031.0,0.0,100,405.68,465.0,0,0.0,0.0,,0.0,1,2.16,3.15,SPY230217C00415000,415.0,normalDay
2023-01-30,17981.0,-6425.0,0.0,100,400.59,465.0,0,0.0,0.0,,0.0,1,2.16,2.0,SPY230217C00415000,415.0,normalDay
2023-01-31,17981.0,-5953.0,0.0,100,406.48,465.0,0,0.0,0.0,,0.0,1,2.16,3.17,SPY230217C00415000,415.0,normalDay
2023-02-01,17981.0,-5676.0,0.0,100,410.8,465.0,0,0.0,0.0,,0.0,1,2.16,4.72,SPY230217C00415000,415.0,normalDay
2023-02-02,17981.0,-5274.0,0.0,100,416.78,465.0,0,0.0,0.0,,0.0,1,2.16,6.68,SPY230217C00415000,415.0,normalDay
2023-02-03,17981.0,-5519.0,0.0,100,412.35,465.0,0,0.0,0.0,,0.0,1,2.16,4.7,SPY230217C00415000,415.0,normalDay
2023-02-06,17981.0,-5651.0,0.0,100,409.83,465.0,0,0.0,0.0,,0.0,1,2.16,3.5,SPY230217C00415000,415.0,normalDay
2023-02-07,17981.0,-5283.0,0.0,100,415.19,465.0,0,0.0,0.0,,0.0,1,2.16,5.18,SPY230217C00415000,415.0,normalDay
2023-02-08,17981.0,-5568.0,0.0,100,410.65,465.0,0,0.0,0.0,,0.0,1,2.16,3.49,SPY230217C00415000,415.0,normalDay
2023-02-09,17981.0,-5814.0,0.0,100,407.09,465.0,0,0.0,0.0,,0.0,1,2.16,2.39,SPY230217C00415000,415.0,normalDay
2023-02-10,17981.0,-5691.0,0.0,100,408.04,465.0,0,0.0,0.0,,0.0,1,2.16,2.11,SPY230217C00415000,415.0,normalDay
2023-02-13,17981.0,-5360.0,0.0,100,412.83,465.0,0,0.0,0.0,,0.0,1,2.16,3.59,SPY230217C00415000,415.0,normalDay
2023-02-14,17981.0,-5192.0,0.0,100,412.64,465.0,0,0.0,0.0,,0.0,1,2.16,1.72,SPY230217C00415000,415.0,normalDay
2023-02-15,17981.0,-5071.0,0.0,100,413.98,465.0,0,0.0,0.0,,0.0,1,2.16,1.85,SPY230217C00415000,415.0,normalDay
2023-02-16,17981.0,-5474.0,0.0,100,408.28,465.0,0,0.0,0.0,,0.0,1,2.16,0.18,SPY230217C00415000,415.0,normalDay
2023-02-17,18197.0,-5774.0,216.0,100,407.26,465.0,0,0.0,0.0,,0.0,1,2.16,0.0,SPY230217C00415000,415.0,expirationDay
2023-02-21,18197.0,-6596.0,0.0,100,399.09,465.0,0,0.0,0.0,,0.0,1,6.38,6.43,SPY230519C00421000,421.0,normalDay
2023-02-22,18197.0,-6595.0,0.0,100,398.54,465.0,0,0.0,0.0,,0.0,1,6.38,5.87,SPY230519C00421000,421.0,normalDay
2023-02-23,18197.0,-6395.0,0.0,100,400.66,465.0,0,0.0,0.0,,0.0,1,6.38,5.99,SPY230519C00421000,421.0,normalDay
2023-02-24,18197.0,-6716.0,0.0,100,396.38,465.0,0,0.0,0.0,,0.0,1,6.38,4.92,SPY230519C00421000,421.0,normalDay
2023-02-27,18197.0,-6584.0,0.0,100,397.73,465.0,0,0.0,0.0,,0.0,1,6.38,4.95,SPY230519C00421000,421.0,normalDay
2023-02-28,18197.0,-6653.0,0.0,100,396.26,465.0,0,0.0,0.0,,0.0,1,6.38,4.17,SPY230519C00421000,421.0,normalDay
2023-03-01,18197.0,-6780.0,0.0,100,394.74,465.0,0,0.0,0.0,,0.0,1,6.38,3.92,SPY230519C00421000,421.0,normalDay
2023-03-02,18197.0,-6525.0,0.0,100,397.81,465.0,0,0.0,0.0,,0.0,1,6.38,4.44,SPY230519C00421000,421.0,normalDay
2023-03-03,18197.0,-6074.0,0.0,100,404.19,465.0,0,0.0,0.0,,0.0,1,6.38,6.31,SPY230519C00421000,421.0,normalDay
2023-03-06,18197.0,-6031.0,0.0,100,404.47,465.0,0,0.0,0.0,,0.0,1,6.38,6.16,SPY230519C00421000,421.0,normalDay
2023-03-07,18197.0,-6465.0,0.0,100,398.27,465.0,0,0.0,0.0,,0.0,1,6.38,4.3,SPY230519C00421000,421.0,normalDay
2023-03-08,18197.0,-6388.0,0.0,100,398.92,465.0,0,0.0,0.0,,0.0,1,6.38,4.18,SPY230519C00421000,421.0,normalDay
2023-03-09,18197.0,-7004.0,0.0,100,391.56,465.0,0,0.0,0.0,,0.0,1,6.38,2.98,SPY230519C00421000,421.0,normalDay
2023-03-10,18197.0,-7470.0,0.0,100,385.91,465.0,0,0.0,0.0,,0.0,1,6.38,1.99,SPY230519C00421000,421.0,normalDay
2023-03-13,18197.0,-7538.0,0.0,100,385.36,465.0,0,0.0,0.0,,0.0,1,6.38,2.12,SPY230519C00421000,421.0,normalDay
2023-03-14,18197.0,-6944.0,0.0,100,391.73,465.0,0,0.0,0.0,,0.0,1,6.38,2.55,SPY230519C00421000,421.0,normalDay
2023-03-15,18197.0,-7165.0,0.0,100,389.28,465.0,0,0.0,0.0,,0.0,1,6.38,2.31,SPY230519C00421000,421.0,normalDay
2023-03-16,18197.0,-6577.0,0.0,100,396.11,465.0,0,0.0,0.0,,0.0,1,6.38,3.26,SPY230519C00421000,421.0,normalDay
2023-03-17,18197.0,-7150.0,0.0,100,389.99,465.0,0,0.0,0.0,,0.0,1,6.38,2.87,SPY230519C00421000,421.0,normalDay
2023-03-20,18197.0,-6796.0,0.0,100,393.74,465.0,0,0.0,0.0,,0.0,1,6.38,3.08,SPY230519C00421000,421.0,normalDay
2023-03-21,18197.0,-6369.0,0.0,100,398.91,465.0,0,0.0,0.0,,0.0,1,6.38,3.98,SPY230519C00421000,421.0,normalDay
2023-03-22,18197.0,-6887.0,0.0,100,392.11,465.0,0,0.0,0.0,,0.0,1,6.38,2.36,SPY230519C00421000,421.0,normalDay
2023-03-23,18197.0,-6800.0,0.0,100,393.17,465.0,0,0.0,0.0,,0.0,1,6.38,2.55,SPY230519C00421000,421.0,normalDay
2023-03-24,18197.0,-6571.0,0.0,100,395.75,465.0,0,0.0,0.0,,0.0,1,6.38,2.84,SPY230519C00421000,421.0,normalDay
2023-03-27,18197.0,-6468.0,0.0,100,396.49,465.0,0,0.0,0.0,,0.0,1,6.38,2.55,SPY230519C00421000,421.0,normalDay
2023-03-28,18197.0,-6527.0,0.0,100,395.6,465.0,0,0.0,0.0,,0.0,1,6.38,2.25,SPY230519C00421000,421.0,normalDay
2023-03-29,18197.0,-6051.0,0.0,100,401.35,465.0,0,0.0,0.0,,0.0,1,6.38,3.24,SPY230519C00421000,421.0,normalDay
2023-03-30,18197.0,-5867.0,0.0,100,403.7,465.0,0,0.0,0.0,,0.0,1,6.38,3.75,SPY230519C00421000,421.0,normalDay
2023-03-31,18197.0,-5497.0,0.0,100,409.39,465.0,0,0.0,0.0,,0.0,1,6.38,5.74,SPY230519C00421000,421.0,normalDay
2023-04-03,18197.0,-5353.0,0.0,100,410.95,465.0,0,0.0,0.0,,0.0,1,6.38,5.86,SPY230519C00421000,421.0,normalDay
2023-04-04,18197.0,-5481.0,0.0,100,408.67,465.0,0,0.0,0.0,,0.0,1,6.38,4.86,SPY230519C00421000,421.0,normalDay
2023-04-05,18197.0,-5532.0,0.0,100,407.6,465.0,0,0.0,0.0,,0.0,1,6.38,4.3,SPY230519C00421000,421.0,normalDay
2023-04-06,18197.0,-5396.0,0.0,100,409.19,465.0,0,0.0,0.0,,0.0,1,6.38,4.53,SPY230519C00421000,421.0,normalDay
2023-04-10,18197.0,-5356.0,0.0,100,409.61,465.0,0,0.0,0.0,,0.0,1,6.38,4.55,SPY230519C00421000,421.0,normalDay
2023-04-11,18197.0,-5333.0,0.0,100,409.72,465.0,0,0.0,0.0,,0.0,1,6.38,4.43,SPY230519C00421000,421.0,normalDay
2023-04-12,18197.0,-5399.0,0.0,100,408.05,465.0,0,0.0,0.0,,0.0,1,6.38,3.42,SPY230519C00421000,421.0,normalDay
2023-04-13,18197.0,-5026.0,0.0,100,413.47,465.0,0,0.0,0.0,,0.0,1,6.38,5.11,SPY230519C00421000,421.0,normalDay
2023-04-14,18197.0,-5049.0,0.0,100,412.46,465.0,0,0.0,0.0,,0.0,1,6.38,4.33,SPY230519C00421000,421.0,normalDay
2023-04-17,18197.0,-4916.0,0.0,100,413.94,465.0,0,0.0,0.0,,0.0,1,6.38,4.48,SPY230519C00421000,421.0,normalDay
2023-04-18,18197.0,-4859.0,0.0,100,414.21,465.0,0,0.0,0.0,,0.0,1,6.38,4.18,SPY230519C00421000,421.0,normalDay
2023-04-19,18197.0,-4841.0,0.0,100,414.14,465.0,0,0.0,0.0,,0.0,1,6.38,3.93,SPY230519C00421000,421.0,normalDay
2023-04-20,18197.0,-4985.0,0.0,100,411.88,465.0,0,0.0,0.0,,0.0,1,6.38,3.11,SPY230519C00421000,421.0,normalDay
2023-04-21,18197.0,-4925.0,0.0,100,412.2,465.0,0,0.0,0.0,,0.0,1,6.38,2.83,SPY230519C00421000,421.0,normalDay
2023-04-24,18197.0,-4871.0,0.0,100,412.63,465.0,0,0.0,0.0,,0.0,1,6.38,2.72,SPY230519C00421000,421.0,normalDay
2023-04-25,18197.0,-5402.0,0.0,100,406.08,465.0,0,0.0,0.0,,0.0,1,6.38,1.48,SPY230519C00421000,421.0,normalDay
2023-04-26,18197.0,-5511.0,0.0,100,404.36,465.0,0,0.0,0.0,,0.0,1,6.38,0.85,SPY230519C00421000,421.0,normalDay
2023-04-27,18197.0,-4873.0,0.0,100,412.41,465.0,0,0.0,0.0,,0.0,1,6.38,2.52,SPY230519C00421000,421.0,normalDay
2023-04-28,18197.0,-4590.0,0.0,100,415.93,465.0,0,0.0,0.0,,0.0,1,6.38,3.21,SPY230519C00421000,421.0,normalDay
2023-05-01,18197.0,-4587.0,0.0,100,415.51,465.0,0,0.0,0.0,,0.0,1,6.38,2.76,SPY230519C00421000,421.0,normalDay
2023-05-02,18197.0,-4926.0,0.0,100,410.84,465.0,0,0.0,0.0,,0.0,1,6.38,1.48,SPY230519C00421000,421.0,normalDay
2023-05-03,18197.0,-5159.0,0.0,100,408.02,465.0,0,0.0,0.0,,0.0,1,6.38,0.99,SPY230519C00421000,421.0,normalDay
2023-05-04,18197.0,-5396.0,0.0,100,405.13,465.0,0,0.0,0.0,,0.0,1,6.38,0.47,SPY230519C00421000,421.0,normalDay
2023-05-05,18197.0,-4706.0,0.0,100,412.63,465.0,0,0.0,0.0,,0.0,1,6.38,1.07,SPY230519C00421000,421.0,normalDay
2023-05-08,18197.0,-4668.0,0.0,100,412.74,465.0,0,0.0,0.0,,0.0,1,6.38,0.8,SPY230519C00421000,421.0,normalDay
2023-05-09,18197.0,-4830.0,0.0,100,410.93,465.0,0,0.0,0.0,,0.0,1,6.38,0.61,SPY230519C00421000,421.0,normalDay
2023-05-10,18197.0,-4635.0,0.0,100,412.85,465.0,0,0.0,0.0,,0.0,1,6.38,0.58,SPY230519C00421000,421.0,normalDay
2023-05-11,18197.0,-4678.0,0.0,100,412.13,465.0,0,0.0,0.0,,0.0,1,6.38,0.29,SPY230519C00421000,421.0,normalDay
2023-05-12,18197.0,-4713.0,0.0,100,411.59,465.0,0,0.0,0.0,,0.0,1,6.38,0.1,SPY230519C00421000,421.0,normalDay
2023-05-15,18197.0,-4573.0,0.0,100,413.01,465.0,0,0.0,0.0,,0.0,1,6.38,0.12,SPY230519C00421000,421.0,normalDay
2023-05-16,18197.0,-4842.0,0.0,100,410.25,465.0,0,0.0,0.0,,0.0,1,6.38,0.05,SPY230519C00421000,421.0,normalDay
2023-05-17,18197.0,-4355.0,0.0,100,415.23,465.0,0,0.0,0.0,,0.0,1,6.38,0.16,SPY230519C00421000,421.0,normalDay
2023-05-18,18197.0,-3989.0,0.0,100,419.23,465.0,0,0.0,0.0,,0.0,1,6.38,0.5,SPY230519C00421000,421.0,normalDay
2023-05-19,18835.0,-4638.0,638.0,100,418.62,465.0,0,0.0,0.0,,0.0,1,6.38,0.0,SPY230519C00421000,421.0,expirationDay
2023-05-22,18835.0,-4626.0,0.0,100,418.79,465.0,0,0.0,0.0,,0.0,1,8.31,8.36,SPY230721C00423000,423.0,normalDay
2023-05-23,18835.0,-4873.0,0.0,100,414.09,465.0,0,0.0,0.0,,0.0,1,8.31,6.13,SPY230721C00423000,423.0,normalDay
2023-05-24,18835.0,-5074.0,0.0,100,411.09,465.0,0,0.0,0.0,,0.0,1,8.31,5.14,SPY230721C00423000,423.0,normalDay
2023-05-25,18835.0,-4821.0,0.0,100,414.65,465.0,0,0.0,0.0,,0.0,1,8.31,6.17,SPY230721C00423000,423.0,normalDay
2023-05-26,18835.0,-4536.0,0.0,100,420.02,465.0,0,0.0,0.0,,0.0,1,8.31,8.69,SPY230721C00423000,423.0,normalDay
2023-05-30,18835.0,-4478.0,0.0,100,420.18,465.0,0,0.0,0.0,,0.0,1,8.31,8.27,SPY230721C00423000,423.0,normalDay
2023-05-31,18835.0,-4549.0,0.0,100,417.85,465.0,0,0.0,0.0,,0.0,1,8.31,6.65,SPY230721C00423000,423.0,normalDay
2023-06-01,18835.0,-4314.0,0.0,100,421.82,465.0,0,0.0,0.0,,0.0,1,8.31,8.27,SPY230721C00423000,423.0,normalDay
2023-06-02,18835.0,-4069.0,0.0,100,427.92,465.0,0,0.0,0.0,,0.0,1,8.31,11.92,SPY230721C00423000,423.0,normalDay
2023-06-05,18835.0,-4067.0,0.0,100,427.1,465.0,0,0.0,0.0,,0.0,1,8.31,11.08,SPY230721C00423000,423.0,normalDay
2023-06-06,18835.0,-4009.0,0.0,100,428.03,465.0,0,0.0,0.0,,0.0,1,8.31,11.43,SPY230721C00423000,423.0,normalDay
2023-06-07,18835.0,-4012.0,0.0,100,426.55,465.0,0,0.0,0.0,,0.0,1,8.31,9.98,SPY230721C00423000,423.0,normalDay
2023-06-08,18835.0,-3889.0,0.0,100,429.13,465.0,0,0.0,0.0,,0.0,1,8.31,11.33,SPY230721C00423000,423.0,normalDay
2023-06-09,18835.0,-3905.0,0.0,100,429.9,465.0,0,0.0,0.0,,0.0,1,8.31,12.26,SPY230721C00423000,423.0,normalDay
2023-06-12,18835.0,-3790.0,0.0,100,433.8,465.0,0,0.0,0.0,,0.0,1,8.31,15.01,SPY230721C00423000,423.0,normalDay
2023-06-13,18835.0,-3733.0,0.0,100,436.66,465.0,0,0.0,0.0,,0.0,1,8.31,17.3,SPY230721C00423000,423.0,normalDay
2023-06-14,18835.0,-3721.0,0.0,100,437.18,465.0,0,0.0,0.0,,0.0,1,8.31,17.7,SPY230721C00423000,423.0,normalDay
2023-06-15,18835.0,-3579.0,0.0,100,442.6,465.0,0,0.0,0.0,,0.0,1,8.31,21.7,SPY230721C00423000,423.0,normalDay
2023-06-16,18835.0,-3816.0,0.0,100,439.46,465.0,0,0.0,0.0,,0.0,1,8.31,20.93,SPY230721C00423000,423.0,normalDay
2023-06-20,18835.0,-3746.0,0.0,100,437.18,465.0,0,0.0,0.0,,0.0,1,8.31,17.95,SPY230721C00423000,423.0,normalDay
2023-06-21,18835.0,-3802.0,0.0,100,434.94,465.0,0,0.0,0.0,,0.0,1,8.31,16.27,SPY230721C00423000,423.0,normalDay
2023-06-22,18835.0,-3711.0,0.0,100,436.51,465.0,0,0.0,0.0,,0.0,1,8.31,16.93,SPY230721C00423000,423.0,normalDay
2023-06-23,18835.0,-3771.0,0.0,100,433.21,465.0,0,0.0,0.0,,0.0,1,8.31,14.23,SPY230721C00423000,423.0,normalDay
2023-06-26,18835.0,-3800.0,0.0,100,431.44,465.0,0,0.0,0.0,,0.0,1,8.31,12.75,SPY230721C00423000,423.0,normalDay
2023-06-27,18835.0,-3666.0,0.0,100,436.17,465.0,0,0.0,0.0,,0.0,1,8.31,16.14,SPY230721C00423000,423.0,normalDay
2023-06-28,18835.0,-3702.0,0.0,100,436.39,465.0,0,0.0,0.0,,0.0,1,8.31,16.72,SPY230721C00423000,423.0,normalDay
2023-06-29,18835.0,-3624.0,0.0,100,438.11,465.0,0,0.0,0.0,,0.0,1,8.31,17.66,SPY230721C00423000,423.0,normalDay
2023-06-30,18835.0,-3589.0,0.0,100,443.28,465.0,0,0.0,0.0,,0.0,1,8.31,22.48,SPY230721C00423000,423.0,normalDay
2023-07-03,18835.0,-3570.0,0.0,100,443.79,465.0,0,0.0,0.0,,0.0,1,8.31,22.8,SPY230721C00423000,423.0,normalDay
2023-07-05,18835.0,-3530.0,0.0,100,443.13,465.0,0,0.0,0.0,,0.0,1,8.31,21.74,SPY230721C00423000,423.0,normalDay
2023-07-06,18835.0,-3554.0,0.0,100,439.66,465.0,0,0.0,0.0,,0.0,1,8.31,18.51,SPY230721C00423000,423.0,normalDay
2023-07-07,18835.0,-3558.0,0.0,100,438.55,465.0,0,0.0,0.0,,0.0,1,8.31,17.44,SPY230721C00423000,423.0,normalDay
2023-07-10,18835.0,-3518.0,0.0,100,439.66,465.0,0,0.0,0.0,,0.0,1,8.31,18.15,SPY230721C00423000,423.0,normalDay
2023-07-11,18835.0,-3464.0,0.0,100,442.46,465.0,0,0.0,0.0,,0.0,1,8.31,20.41,SPY230721C00423000,423.0,normalDay
2023-07-12,18835.0,-3487.0,0.0,100,446.02,465.0,0,0.0,0.0,,0.0,1,8.31,24.2,SPY230721C00423000,423.0,normalDay
2023-07-13,18835.0,-3424.0,0.0,100,449.56,465.0,0,0.0,0.0,,0.0,1,8.31,27.11,SPY230721C00423000,423.0,normalDay
2023-07-14,18835.0,-3395.0,0.0,100,449.28,465.0,0,0.0,0.0,,0.0,1,8.31,26.54,SPY230721C00423000,423.0,normalDay
2023-07-17,18835.0,-3377.0,0.0,100,450.84,465.0,0,0.0,0.0,,0.0,1,8.31,27.92,SPY230721C00423000,423.0,normalDay
2023-07-18,18835.0,-3395.0,0.0,100,454.19,465.0,0,0.0,0.0,,0.0,1,8.31,31.45,SPY230721C00423000,423.0,normalDay
2023-07-19,18835.0,-3392.0,0.0,100,455.2,465.0,0,0.0,0.0,,0.0,1,8.31,32.43,SPY230721C00423000,423.0,normalDay
2023-07-20,18835.0,-3417.0,0.0,100,452.18,465.0,0,0.0,0.0,,0.0,1,8.31,29.66,SPY230721C00423000,423.0,normalDay
2023-07-21,15466.0,-3417.0,-3369.0,0,452.18,0.0,0,0.0,0.0,,0.0,1,8.31,0.0,SPY230721C00423000,423.0,expirationDay
2023-07-24,15466.0,-3.0,0.0,0,454.2,0.0,1,0.29,0.32,SPY230728P00445000,445.0,0,0.0,0.0,,0.0,normalDay
2023-07-25,15466.0,10.0,0.0,0,455.44,0.0,1,0.29,0.19,SPY230728P00445000,445.0,0,0.0,0.0,,0.0,normalDay
2023-07-26,15466.0,22.0,0.0,0,455.51,0.0,1,0.29,0.07,SPY230728P00445000,445.0,0,0.0,0.0,,0.0,normalDay
2023-07-27,15466.0,16.0,0.0,0,452.49,0.0,1,0.29,0.13,SPY230728P00445000,445.0,0,0.0,0.0,,0.0,normalDay
2023-07-28,15495.0,0.0,29.0,0,456.92,0.0,1,0.29,0.0,SPY230728P00445000,445.0,0,0.0,0.0,,0.0,expirationDay
2023-07-31,15495.0,-3.0,0.0,0,457.79,0.0,1,0.24,0.27,SPY230804P00449000,449.0,0,0.0,0.0,,0.0,normalDay
2023-08-01,15495.0,-4.0,0.0,0,456.48,0.0,1,0.24,0.28,SPY230804P00449000,449.0,0,0.0,0.0,,0.0,normalDay
2023-08-02,15495.0,-129.0,0.0,0,450.13,0.0,1,0.24,1.53,SPY230804P00449000,449.0,0,0.0,0.0,,0.0,normalDay
2023-08-03,15495.0,-104.0,0.0,0,448.84,0.0,1,0.24,1.28,SPY230804P00449000,449.0,0,0.0,0.0,,0.0,normalDay
2023-08-04,15519.0,-219.0,24.0,100,446.81,449.0,1,0.24,0.0,SPY230804P00449000,449.0,0,0.0,0.0,,0.0,expirationDay
2023-08-07,15519.0,166.0,0.0,100,450.71,449.0,0,0.0,0.0,,0.0,1,6.63,6.68,SPY231020C00462000,462.0,normalDay
2023-08-08,15519.0,54.0,0.0,100,448.75,449.0,0,0.0,0.0,,0.0,1,6.63,5.84,SPY231020C00462000,462.0,normalDay
2023-08-09,15519.0,-139.0,0.0,100,445.75,449.0,0,0.0,0.0,,0.0,1,6.63,4.77,SPY231020C00462000,462.0,normalDay
2023-08-10,15519.0,-95.0,0.0,100,445.91,449.0,0,0.0,0.0,,0.0,1,6.63,4.49,SPY231020C00462000,462.0,normalDay
2023-08-11,15519.0,-85.0,0.0,100,445.65,449.0,0,0.0,0.0,,0.0,1,6.63,4.13,SPY231020C00462000,462.0,normalDay
2023-08-14,15519.0,106.0,0.0,100,448.11,449.0,0,0.0,0.0,,0.0,1,6.63,4.68,SPY231020C00462000,462.0,normalDay
2023-08-15,15519.0,-284.0,0.0,100,442.89,449.0,0,0.0,0.0,,0.0,1,6.63,3.36,SPY231020C00462000,462.0,normalDay
2023-08-16,15519.0,-537.0,0.0,100,439.64,449.0,0,0.0,0.0,,0.0,1,6.63,2.64,SPY231020C00462000,462.0,normalDay
2023-08-17,15519.0,-804.0,0.0,100,436.29,449.0,0,0.0,0.0,,0.0,1,6.63,1.96,SPY231020C00462000,462.0,normalDay
2023-08-18,15519.0,-770.0,0.0,100,436.5,449.0,0,0.0,0.0,,0.0,1,6.63,1.83,SPY231020C00462000,462.0,normalDay
2023-08-21,15519.0,-511.0,0.0,100,439.34,449.0,0,0.0,0.0,,0.0,1,6.63,2.08,SPY231020C00462000,462.0,normalDay
2023-08-22,15519.0,-602.0,0.0,100,438.15,449.0,0,0.0,0.0,,0.0,1,6.63,1.8,SPY231020C00462000,462.0,normalDay
2023-08-23,15519.0,-191.0,0.0,100,443.03,449.0,0,0.0,0.0,,0.0,1,6.63,2.57,SPY231020C00462000,462.0,normalDay
2023-08-24,15519.0,-694.0,0.0,100,436.89,449.0,0,0.0,0.0,,0.0,1,6.63,1.46,SPY231020C00462000,462.0,normalDay
2023-08-25,15519.0,-410.0,0.0,100,439.97,449.0,0,0.0,0.0,,0.0,1,6.63,1.7,SPY231020C00462000,462.0,normalDay
2023-08-28,15519.0,-159.0,0.0,100,442.76,449.0,0,0.0,0.0,,0.0,1,6.63,1.98,SPY231020C00462000,462.0,normalDay
2023-08-29,15519.0,329.0,0.0,100,449.16,449.0,0,0.0,0.0,,0.0,1,6.63,3.5,SPY231020C00462000,462.0,normalDay
2023-08-30,15519.0,483.0,0.0,100,451.01,449.0,0,0.0,0.0,,0.0,1,6.63,3.81,SPY231020C00462000,462.0,normalDay
2023-08-31,15519.0,455.0,0.0,100,450.35,449.0,0,0.0,0.0,,0.0,1,6.63,3.43,SPY231020C00462000,462.0,normalDay
2023-09-01,15519.0,557.0,0.0,100,451.19,449.0,0,0.0,0.0,,0.0,1,6.63,3.25,SPY231020C00462000,462.0,normalDay
2023-09-05,15519.0,430.0,0.0,100,449.24,449.0,0,0.0,0.0,,0.0,1,6.63,2.57,SPY231020C00462000,462.0,normalDay
2023-09-06,15519.0,208.0,0.0,100,446.22,449.0,0,0.0,0.0,,0.0,1,6.63,1.77,SPY231020C00462000,462.0,normalDay
2023-09-07,15519.0,103.0,0.0,100,444.85,449.0,0,0.0,0.0,,0.0,1,6.63,1.45,SPY231020C00462000,462.0,normalDay
2023-09-08,15519.0,171.0,0.0,100,445.52,449.0,0,0.0,0.0,,0.0,1,6.63,1.44,SPY231020C00462000,462.0,normalDay
2023-09-11,15519.0,430.0,0.0,100,448.45,449.0,0,0.0,0.0,,0.0,1,6.63,1.78,SPY231020C00462000,462.0,normalDay
2023-09-12,15519.0,232.0,0.0,100,445.99,449.0,0,0.0,0.0,,0.0,1,6.63,1.3,SPY231020C00462000,462.0,normalDay
2023-09-13,15519.0,294.0,0.0,100,446.51,449.0,0,0.0,0.0,,0.0,1,6.63,1.2,SPY231020C00462000,462.0,normalDay
2023-09-14,15519.0,628.0,0.0,100,450.36,449.0,0,0.0,0.0,,0.0,1,6.63,1.71,SPY231020C00462000,462.0,normalDay
2023-09-15,15519.0,17.0,0.0,100,443.37,449.0,0,0.0,0.0,,0.0,1,6.63,0.83,SPY231020C00462000,462.0,normalDay
2023-09-18,15519.0,47.0,0.0,100,443.63,449.0,0,0.0,0.0,,0.0,1,6.63,0.79,SPY231020C00462000,462.0,normalDay
2023-09-19,15519.0,-30.0,0.0,100,442.71,449.0,0,0.0,0.0,,0.0,1,6.63,0.64,SPY231020C00462000,462.0,normalDay
2023-09-20,15519.0,-407.0,0.0,100,438.64,449.0,0,0.0,0.0,,0.0,1,6.63,0.34,SPY231020C00462000,462.0,normalDay
2023-09-21,15519.0,-1113.0,0.0,100,431.39,449.0,0,0.0,0.0,,0.0,1,6.63,0.15,SPY231020C00462000,462.0,normalDay
2023-09-22,15519.0,-1205.0,0.0,100,430.42,449.0,0,0.0,0.0,,0.0,1,6.63,0.1,SPY231020C00462000,462.0,normalDay
2023-09-25,15519.0,-1025.0,0.0,100,432.23,449.0,0,0.0,0.0,,0.0,1,6.63,0.11,SPY231020C00462000,462.0,normalDay
2023-09-26,15519.0,-1656.0,0.0,100,425.88,449.0,0,0.0,0.0,,0.0,1,6.63,0.07,SPY231020C00462000,462.0,normalDay
2023-09-27,15519.0,-1637.0,0.0,100,426.05,449.0,0,0.0,0.0,,0.0,1,6.63,0.05,SPY231020C00462000,462.0,normalDay
2023-09-28,15519.0,-1391.0,0.0,100,428.52,449.0,0,0.0,0.0,,0.0,1,6.63,0.06,SPY231020C00462000,462.0,normalDay
2023-09-29,15519.0,-1492.0,0.0,100,427.48,449.0,0,0.0,0.0,,0.0,1,6.63,0.03,SPY231020C00462000,462.0,normalDay
2023-10-02,15519.0,-1509.0,0.0,100,427.31,449.0,0,0.0,0.0,,0.0,1,6.63,0.03,SPY231020C00462000,462.0,normalDay
2023-10-03,15519.0,-2080.0,0.0,100,421.59,449.0,0,0.0,0.0,,0.0,1,6.63,0.02,SPY231020C00462000,462.0,normalDay
2023-10-04,15519.0,-1773.0,0.0,100,424.66,449.0,0,0.0,0.0,,0.0,1,6.63,0.02,SPY231020C00462000,462.0,normalDay
2023-10-05,15519.0,-1789.0,0.0,100,424.5,449.0,0,0.0,0.0,,0.0,1,6.63,0.02,SPY231020C00462000,462.0,normalDay
2023-10-06,15519.0,-1285.0,0.0,100,429.54,449.0,0,0.0,0.0,,0.0,1,6.63,0.02,SPY231020C00462000,462.0,normalDay
2023-10-09,15519.0,-1010.0,0.0,100,432.29,449.0,0,0.0,0.0,,0.0,1,6.63,0.02,SPY231020C00462000,462.0,normalDay
2023-10-10,15519.0,-786.0,0.0,100,434.54,449.0,0,0.0,0.0,,0.0,1,6.63,0.03,SPY231020C00462000,462.0,normalDay
2023-10-11,15519.0,-607.0,0.0,100,436.32,449.0,0,0.0,0.0,,0.0,1,6.63,0.02,SPY231020C00462000,462.0,normalDay
2023-10-12,15519.0,-873.0,0.0,100,433.66,449.0,0,0.0,0.0,,0.0,1,6.63,0.02,SPY231020C00462000,462.0,normalDay
2023-10-13,15519.0,-1089.0,0.0,100,431.5,449.0,0,0.0,0.0,,0.0,1,6.63,0.02,SPY231020C00462000,462.0,normalDay
2023-10-16,15519.0,-635.0,0.0,100,436.04,449.0,0,0.0,0.0,,0.0,1,6.63,0.02,SPY231020C00462000,462.0,normalDay
2023-10-17,15519.0,-636.0,0.0,100,436.02,449.0,0,0.0,0.0,,0.0,1,6.63,0.01,SPY231020C00462000,462.0,normalDay
2023-10-18,15519.0,-1217.0,0.0,100,430.21,449.0,0,0.0,0.0,,0.0,1,6.63,0.01,SPY231020C00462000,462.0,normalDay
2023-10-19,15519.0,-1595.0,0.0,100,426.43,449.0,0,0.0,0.0,,0.0,1,6.63,0.01,SPY231020C00462000,462.0,normalDay
2023-10-20,16182.0,-2781.0,663.0,100,421.19,449.0,0,0.0,0.0,,0.0,1,6.63,0.0,SPY231020C00462000,462.0,expirationDay
2023-10-23,16182.0,-2861.0,0.0,100,420.46,449.0,0,0.0,0.0,,0.0,1,4.37,4.44,SPY231229C00441000,441.0,normalDay
2023-10-24,16182.0,-2589.0,0.0,100,423.63,449.0,0,0.0,0.0,,0.0,1,4.37,4.89,SPY231229C00441000,441.0,normalDay
2023-10-25,16182.0,-3040.0,0.0,100,417.55,449.0,0,0.0,0.0,,0.0,1,4.37,3.32,SPY231229C00441000,441.0,normalDay
2023-10-26,16182.0,-3431.0,0.0,100,412.55,449.0,0,0.0,0.0,,0.0,1,4.37,2.23,SPY231229C00441000,441.0,normalDay
2023-10-27,16182.0,-3585.0,0.0,100,410.68,449.0,0,0.0,0.0,,0.0,1,4.37,1.9,SPY231229C00441000,441.0,normalDay
2023-10-30,16182.0,-3140.0,0.0,100,415.59,449.0,0,0.0,0.0,,0.0,1,4.37,2.36,SPY231229C00441000,441.0,normalDay
2023-10-31,16182.0,-2872.0,0.0,100,418.2,449.0,0,0.0,0.0,,0.0,1,4.37,2.29,SPY231229C00441000,441.0,normalDay
2023-11-01,16182.0,-2509.0,0.0,100,422.66,449.0,0,0.0,0.0,,0.0,1,4.37,3.12,SPY231229C00441000,441.0,normalDay
2023-11-02,16182.0,-1914.0,0.0,100,430.76,449.0,0,0.0,0.0,,0.0,1,4.37,5.27,SPY231229C00441000,441.0,normalDay
2023-11-03,16182.0,-1681.0,0.0,100,434.69,449.0,0,0.0,0.0,,0.0,1,4.37,6.87,SPY231229C00441000,441.0,normalDay
2023-11-06,16182.0,-1568.0,0.0,100,435.69,449.0,0,0.0,0.0,,0.0,1,4.37,6.74,SPY231229C00441000,441.0,normalDay
2023-11-07,16182.0,-1503.0,0.0,100,436.93,449.0,0,0.0,0.0,,0.0,1,4.37,7.33,SPY231229C00441000,441.0,normalDay
2023-11-08,16182.0,-1447.0,0.0,100,437.25,449.0,0,0.0,0.0,,0.0,1,4.37,7.09,SPY231229C00441000,441.0,normalDay
2023-11-09,16182.0,-1651.0,0.0,100,433.84,449.0,0,0.0,0.0,,0.0,1,4.37,5.72,SPY231229C00441000,441.0,normalDay
2023-11-10,16182.0,-1285.0,0.0,100,440.61,449.0,0,0.0,0.0,,0.0,1,4.37,8.83,SPY231229C00441000,441.0,normalDay
2023-11-13,16182.0,-1292.0,0.0,100,440.19,449.0,0,0.0,0.0,,0.0,1,4.37,8.48,SPY231229C00441000,441.0,normalDay
2023-11-14,16182.0,-998.0,0.0,100,448.73,449.0,0,0.0,0.0,,0.0,1,4.37,14.08,SPY231229C00441000,441.0,normalDay
2023-11-15,16182.0,-901.0,0.0,100,449.68,449.0,0,0.0,0.0,,0.0,1,4.37,14.06,SPY231229C00441000,441.0,normalDay
2023-11-16,16182.0,-895.0,0.0,100,450.23,449.0,0,0.0,0.0,,0.0,1,4.37,14.55,SPY231229C00441000,441.0,normalDay
2023-11-17,16182.0,-849.0,0.0,100,450.79,449.0,0,0.0,0.0,,0.0,1,4.37,14.65,SPY231229C00441000,441.0,normalDay
2023-11-20,16182.0,-763.0,0.0,100,454.26,449.0,0,0.0,0.0,,0.0,1,4.37,17.26,SPY231229C00441000,441.0,normalDay
2023-11-21,16182.0,-741.0,0.0,100,453.27,449.0,0,0.0,0.0,,0.0,1,4.37,16.05,SPY231229C00441000,441.0,normalDay
2023-11-22,16182.0,-739.0,0.0,100,455.02,449.0,0,0.0,0.0,,0.0,1,4.37,17.78,SPY231229C00441000,441.0,normalDay
2023-11-24,16182.0,-740.0,0.0,100,455.3,449.0,0,0.0,0.0,,0.0,1,4.37,18.07,SPY231229C00441000,441.0,normalDay
2023-11-27,16182.0,-708.0,0.0,100,454.48,449.0,0,0.0,0.0,,0.0,1,4.37,16.93,SPY231229C00441000,441.0,normalDay
2023-11-28,16182.0,-648.0,0.0,100,454.93,449.0,0,0.0,0.0,,0.0,1,4.37,16.78,SPY231229C00441000,441.0,normalDay
2023-11-29,16182.0,-689.0,0.0,100,454.61,449.0,0,0.0,0.0,,0.0,1,4.37,16.87,SPY231229C00441000,441.0,normalDay
2023-11-30,16182.0,-645.0,0.0,100,456.4,449.0,0,0.0,0.0,,0.0,1,4.37,18.22,SPY231229C00441000,441.0,normalDay
