date,totalCapital,unrializedPnL,rializedPnL,stocksOwned,stocksPriceToday,stocksPriceBoughtAt,putOwned,putOwnedSoldAt,putPriceToday,putOwnedContract,putOwnedStrike,callOwned,callOwnedSoldAt,callPriceToday,callOwnedContract,callOwnedStrike,trackType
2018-11-01,0.0,-9.0,0.0,0,273.51,0.0,1,6.93,7.02,SPY190315P00260000,260.0,0,0.0,0.0,,0.0,normalDay
2018-11-02,0.0,-49.0,0.0,0,271.89,0.0,1,6.93,7.42,SPY190315P00260000,260.0,0,0.0,0.0,,0.0,normalDay
2018-11-05,0.0,13.0,0.0,0,273.39,0.0,1,6.93,6.8,SPY190315P00260000,260.0,0,0.0,0.0,,0.0,normalDay
2018-11-06,0.0,73.0,0.0,0,275.12,0.0,1,6.93,6.2,SPY190315P00260000,260.0,0,0.0,0.0,,0.0,normalDay
2018-11-07,0.0,252.0,0.0,0,281.01,0.0,1,6.93,4.41,SPY190315P00260000,260.0,0,0.0,0.0,,0.0,normalDay
2018-11-08,0.0,254.0,0.0,0,280.5,0.0,1,6.93,4.39,SPY190315P00260000,260.0,0,0.0,0.0,,0.0,normalDay
2018-11-09,0.0,172.0,0.0,0,277.76,0.0,1,6.93,5.21,SPY190315P00260000,260.0,0,0.0,0.0,,0.0,normalDay
2018-11-12,0.0,18.0,0.0,0,272.57,0.0,1,6.93,6.75,SPY190315P00260000,260.0,0,0.0,0.0,,0.0,normalDay
2018-11-13,0.0,-11.0,0.0,0,272.06,0.0,1,6.93,7.04,SPY190315P00260000,260.0,0,0.0,0.0,,0.0,normalDay
2018-11-14,0.0,-98.0,0.0,0,270.2,0.0,1,6.93,7.91,SPY190315P00260000,260.0,0,0.0,0.0,,0.0,normalDay
2018-11-15,0.0,9.0,0.0,0,273.02,0.0,1,6.93,6.84,SPY190315P00260000,260.0,0,0.0,0.0,,0.0,normalDay
2018-11-16,0.0,74.0,0.0,0,273.73,0.0,1,6.93,6.19,SPY190315P00260000,260.0,0,0.0,0.0,,0.0,normalDay
2018-11-19,0.0,-85.0,0.0,0,269.1,0.0,1,6.93,7.78,SPY190315P00260000,260.0,0,0.0,0.0,,0.0,normalDay
2018-11-20,0.0,-306.0,0.0,0,264.12,0.0,1,6.93,9.99,SPY190315P00260000,260.0,0,0.0,0.0,,0.0,normalDay
2018-11-21,0.0,-225.0,0.0,0,265.02,0.0,1,6.93,9.18,SPY190315P00260000,260.0,0,0.0,0.0,,0.0,normalDay
2018-11-23,0.0,-304.0,0.0,0,263.25,0.0,1,6.93,9.97,SPY190315P00260000,260.0,0,0.0,0.0,,0.0,normalDay
2018-11-26,0.0,-62.0,0.0,0,267.5,0.0,1,6.93,7.55,SPY190315P00260000,260.0,0,0.0,0.0,,0.0,normalDay
2018-11-27,0.0,-41.0,0.0,0,268.4,0.0,1,6.93,7.34,SPY190315P00260000,260.0,0,0.0,0.0,,0.0,normalDay
2018-11-28,0.0,132.0,0.0,0,274.58,0.0,1,6.93,5.61,SPY190315P00260000,260.0,0,0.0,0.0,,0.0,normalDay
2018-11-29,0.0,116.0,0.0,0,273.98,0.0,1,6.93,5.77,SPY190315P00260000,260.0,0,0.0,0.0,,0.0,normalDay
2018-11-30,0.0,178.0,0.0,0,275.65,0.0,1,6.93,5.15,SPY190315P00260000,260.0,0,0.0,0.0,,0.0,normalDay
2018-12-03,0.0,287.0,0.0,0,279.3,0.0,1,6.93,4.06,SPY190315P00260000,260.0,0,0.0,0.0,,0.0,normalDay
2018-12-04,0.0,-1.0,0.0,0,270.25,0.0,1,6.93,6.94,SPY190315P00260000,260.0,0,0.0,0.0,,0.0,normalDay
2018-12-06,0.0,-16.0,0.0,0,269.84,0.0,1,6.93,7.09,SPY190315P00260000,260.0,0,0.0,0.0,,0.0,normalDay
2018-12-07,0.0,-275.0,0.0,0,263.57,0.0,1,6.93,9.68,SPY190315P00260000,260.0,0,0.0,0.0,,0.0,normalDay
2018-12-10,0.0,-208.0,0.0,0,264.07,0.0,1,6.93,9.01,SPY190315P00260000,260.0,0,0.0,0.0,,0.0,normalDay
2018-12-11,0.0,-197.0,0.0,0,264.13,0.0,1,6.93,8.9,SPY190315P00260000,260.0,0,0.0,0.0,,0.0,normalDay
2018-12-12,0.0,-158.0,0.0,0,265.46,0.0,1,6.93,8.51,SPY190315P00260000,260.0,0,0.0,0.0,,0.0,normalDay
2018-12-13,0.0,-138.0,0.0,0,265.37,0.0,1,6.93,8.31,SPY190315P00260000,260.0,0,0.0,0.0,,0.0,normalDay
2018-12-14,0.0,-340.0,0.0,0,260.47,0.0,1,6.93,10.33,SPY190315P00260000,260.0,0,0.0,0.0,,0.0,normalDay
2018-12-17,0.0,-600.0,0.0,0,255.36,0.0,1,6.93,12.93,SPY190315P00260000,260.0,0,0.0,0.0,,0.0,normalDay
2018-12-18,0.0,-666.0,0.0,0,255.08,0.0,1,6.93,13.59,SPY190315P00260000,260.0,0,0.0,0.0,,0.0,normalDay
2018-12-19,0.0,-822.0,0.0,0,251.26,0.0,1,6.93,15.15,SPY190315P00260000,260.0,0,0.0,0.0,,0.0,normalDay
2018-12-20,0.0,-1082.0,0.0,0,247.17,0.0,1,6.93,17.75,SPY190315P00260000,260.0,0,0.0,0.0,,0.0,normalDay
2018-12-21,0.0,-1556.0,0.0,0,240.7,0.0,1,6.93,22.49,SPY190315P00260000,260.0,0,0.0,0.0,,0.0,normalDay
2018-12-24,0.0,-2246.0,0.0,0,234.34,0.0,1,6.93,29.39,SPY190315P00260000,260.0,0,0.0,0.0,,0.0,normalDay
2018-12-26,0.0,-1090.0,0.0,0,246.18,0.0,1,6.93,17.83,SPY190315P00260000,260.0,0,0.0,0.0,,0.0,normalDay
2018-12-27,0.0,-972.0,0.0,0,248.07,0.0,1,6.93,16.65,SPY190315P00260000,260.0,0,0.0,0.0,,0.0,normalDay
2018-12-28,0.0,-998.0,0.0,0,247.75,0.0,1,6.93,16.91,SPY190315P00260000,260.0,0,0.0,0.0,,0.0,normalDay
2018-12-31,0.0,-794.0,0.0,0,249.92,0.0,1,6.93,14.87,SPY190315P00260000,260.0,0,0.0,0.0,,0.0,normalDay
2019-01-02,0.0,-713.0,0.0,0,250.18,0.0,1,6.93,14.06,SPY190315P00260000,260.0,0,0.0,0.0,,0.0,normalDay
2019-01-03,0.0,-1176.0,0.0,0,244.21,0.0,1,6.93,18.69,SPY190315P00260000,260.0,0,0.0,0.0,,0.0,normalDay
2019-01-04,0.0,-557.0,0.0,0,252.39,0.0,1,6.93,12.5,SPY190315P00260000,260.0,0,0.0,0.0,,0.0,normalDay
2019-01-07,0.0,-428.0,0.0,0,254.38,0.0,1,6.93,11.21,SPY190315P00260000,260.0,0,0.0,0.0,,0.0,normalDay
2019-01-08,0.0,-274.0,0.0,0,256.77,0.0,1,6.93,9.67,SPY190315P00260000,260.0,0,0.0,0.0,,0.0,normalDay
2019-01-09,0.0,-192.0,0.0,0,257.97,0.0,1,6.93,8.85,SPY190315P00260000,260.0,0,0.0,0.0,,0.0,normalDay
2019-01-10,0.0,-127.0,0.0,0,258.88,0.0,1,6.93,8.2,SPY190315P00260000,260.0,0,0.0,0.0,,0.0,normalDay
2019-01-11,0.0,-80.0,0.0,0,258.98,0.0,1,6.93,7.73,SPY190315P00260000,260.0,0,0.0,0.0,,0.0,normalDay
2019-01-14,0.0,-131.0,0.0,0,257.4,0.0,1,6.93,8.24,SPY190315P00260000,260.0,0,0.0,0.0,,0.0,normalDay
2019-01-15,0.0,34.0,0.0,0,260.35,0.0,1,6.93,6.59,SPY190315P00260000,260.0,0,0.0,0.0,,0.0,normalDay
2019-01-16,0.0,65.0,0.0,0,260.98,0.0,1,6.93,6.28,SPY190315P00260000,260.0,0,0.0,0.0,,0.0,normalDay
2019-01-17,0.0,151.0,0.0,0,262.96,0.0,1,6.93,5.42,SPY190315P00260000,260.0,0,0.0,0.0,,0.0,normalDay
2019-01-18,0.0,260.0,0.0,0,266.46,0.0,1,6.93,4.33,SPY190315P00260000,260.0,0,0.0,0.0,,0.0,normalDay
2019-01-22,0.0,112.0,0.0,0,262.86,0.0,1,6.93,5.81,SPY190315P00260000,260.0,0,0.0,0.0,,0.0,normalDay
2019-01-23,0.0,131.0,0.0,0,263.41,0.0,1,6.93,5.62,SPY190315P00260000,260.0,0,0.0,0.0,,0.0,normalDay
2019-01-24,0.0,160.0,0.0,0,263.55,0.0,1,6.93,5.33,SPY190315P00260000,260.0,0,0.0,0.0,,0.0,normalDay
2019-01-25,0.0,275.0,0.0,0,265.78,0.0,1,6.93,4.18,SPY190315P00260000,260.0,0,0.0,0.0,,0.0,normalDay
2019-01-28,0.0,196.0,0.0,0,263.76,0.0,1,6.93,4.97,SPY190315P00260000,260.0,0,0.0,0.0,,0.0,normalDay
2019-01-29,0.0,182.0,0.0,0,263.41,0.0,1,6.93,5.11,SPY190315P00260000,260.0,0,0.0,0.0,,0.0,normalDay
2019-01-30,0.0,349.0,0.0,0,267.58,0.0,1,6.93,3.44,SPY190315P00260000,260.0,0,0.0,0.0,,0.0,normalDay
2019-01-31,0.0,447.0,0.0,0,269.93,0.0,1,6.93,2.46,SPY190315P00260000,260.0,0,0.0,0.0,,0.0,normalDay
2019-02-01,0.0,460.0,0.0,0,270.06,0.0,1,6.93,2.33,SPY190315P00260000,260.0,0,0.0,0.0,,0.0,normalDay
2019-02-04,0.0,516.0,0.0,0,271.96,0.0,1,6.93,1.77,SPY190315P00260000,260.0,0,0.0,0.0,,0.0,normalDay
2019-02-05,0.0,531.0,0.0,0,273.1,0.0,1,6.93,1.62,SPY190315P00260000,260.0,0,0.0,0.0,,0.0,normalDay
2019-02-06,0.0,535.0,0.0,0,272.74,0.0,1,6.93,1.58,SPY190315P00260000,260.0,0,0.0,0.0,,0.0,normalDay
2019-02-07,0.0,485.0,0.0,0,270.14,0.0,1,6.93,2.08,SPY190315P00260000,260.0,0,0.0,0.0,,0.0,normalDay
2019-02-08,0.0,502.0,0.0,0,270.47,0.0,1,6.93,1.91,SPY190315P00260000,260.0,0,0.0,0.0,,0.0,normalDay
2019-02-11,0.0,517.0,0.0,0,270.62,0.0,1,6.93,1.76,SPY190315P00260000,260.0,0,0.0,0.0,,0.0,normalDay
2019-02-12,0.0,580.0,0.0,0,274.1,0.0,1,6.93,1.13,SPY190315P00260000,260.0,0,0.0,0.0,,0.0,normalDay
2019-02-13,0.0,587.0,0.0,0,274.99,0.0,1,6.93,1.06,SPY190315P00260000,260.0,0,0.0,0.0,,0.0,normalDay
2019-02-14,0.0,575.0,0.0,0,274.38,0.0,1,6.93,1.18,SPY190315P00260000,260.0,0,0.0,0.0,,0.0,normalDay
2019-02-15,0.0,619.0,0.0,0,277.37,0.0,1,6.93,0.74,SPY190315P00260000,260.0,0,0.0,0.0,,0.0,normalDay
2019-02-19,0.0,633.0,0.0,0,277.85,0.0,1,6.93,0.6,SPY190315P00260000,260.0,0,0.0,0.0,,0.0,normalDay
2019-02-20,0.0,648.0,0.0,0,278.41,0.0,1,6.93,0.45,SPY190315P00260000,260.0,0,0.0,0.0,,0.0,normalDay
2019-02-21,0.0,644.0,0.0,0,277.42,0.0,1,6.93,0.49,SPY190315P00260000,260.0,0,0.0,0.0,,0.0,normalDay
2019-02-22,0.0,660.0,0.0,0,279.14,0.0,1,6.93,0.33,SPY190315P00260000,260.0,0,0.0,0.0,,0.0,normalDay
2019-02-25,0.0,658.0,0.0,0,279.52,0.0,1,6.93,0.35,SPY190315P00260000,260.0,0,0.0,0.0,,0.0,normalDay
2019-02-26,0.0,658.0,0.0,0,279.32,0.0,1,6.93,0.35,SPY190315P00260000,260.0,0,0.0,0.0,,0.0,normalDay
2019-02-27,0.0,662.0,0.0,0,279.2,0.0,1,6.93,0.31,SPY190315P00260000,260.0,0,0.0,0.0,,0.0,normalDay
2019-02-28,0.0,661.0,0.0,0,278.68,0.0,1,6.93,0.32,SPY190315P00260000,260.0,0,0.0,0.0,,0.0,normalDay
2019-03-01,0.0,675.0,0.0,0,280.42,0.0,1,6.93,0.18,SPY190315P00260000,260.0,0,0.0,0.0,,0.0,normalDay
2019-03-04,0.0,675.0,0.0,0,279.4,0.0,1,6.93,0.18,SPY190315P00260000,260.0,0,0.0,0.0,,0.0,normalDay
2019-03-05,0.0,676.0,0.0,0,279.02,0.0,1,6.93,0.17,SPY190315P00260000,260.0,0,0.0,0.0,,0.0,normalDay
2019-03-06,0.0,672.0,0.0,0,277.33,0.0,1,6.93,0.21,SPY190315P00260000,260.0,0,0.0,0.0,,0.0,normalDay
2019-03-07,0.0,668.0,0.0,0,275.01,0.0,1,6.93,0.25,SPY190315P00260000,260.0,0,0.0,0.0,,0.0,normalDay
2019-03-08,0.0,680.0,0.0,0,274.46,0.0,1,6.93,0.13,SPY190315P00260000,260.0,0,0.0,0.0,,0.0,normalDay
2019-03-11,0.0,689.0,0.0,0,278.44,0.0,1,6.93,0.04,SPY190315P00260000,260.0,0,0.0,0.0,,0.0,normalDay
2019-03-12,0.0,691.0,0.0,0,279.49,0.0,1,6.93,0.02,SPY190315P00260000,260.0,0,0.0,0.0,,0.0,normalDay
2019-03-13,0.0,691.0,0.0,0,281.34,0.0,1,6.93,0.02,SPY190315P00260000,260.0,0,0.0,0.0,,0.0,normalDay
2019-03-14,0.0,692.0,0.0,0,281.16,0.0,1,6.93,0.01,SPY190315P00260000,260.0,0,0.0,0.0,,0.0,normalDay
2019-03-15,693.0,0.0,693.0,0,281.31,0.0,1,6.93,0.0,SPY190315P00260000,260.0,0,0.0,0.0,,0.0,expirationDay
2019-03-18,693.0,-4.0,0.0,0,282.33,0.0,1,5.74,5.78,SPY190719P00275000,275.0,0,0.0,0.0,,0.0,normalDay
2019-03-19,693.0,-25.0,0.0,0,282.4,0.0,1,5.74,5.99,SPY190719P00275000,275.0,0,0.0,0.0,,0.0,normalDay
2019-03-20,693.0,-54.0,0.0,0,281.55,0.0,1,5.74,6.28,SPY190719P00275000,275.0,0,0.0,0.0,,0.0,normalDay
2019-03-21,693.0,40.0,0.0,0,284.73,0.0,1,5.74,5.34,SPY190719P00275000,275.0,0,0.0,0.0,,0.0,normalDay
2019-03-22,693.0,-163.0,0.0,0,279.25,0.0,1,5.74,7.37,SPY190719P00275000,275.0,0,0.0,0.0,,0.0,normalDay
2019-03-25,693.0,-189.0,0.0,0,279.04,0.0,1,5.74,7.63,SPY190719P00275000,275.0,0,0.0,0.0,,0.0,normalDay
2019-03-26,693.0,-92.0,0.0,0,281.12,0.0,1,5.74,6.66,SPY190719P00275000,275.0,0,0.0,0.0,,0.0,normalDay
2019-03-27,693.0,-141.0,0.0,0,279.65,0.0,1,5.74,7.15,SPY190719P00275000,275.0,0,0.0,0.0,,0.0,normalDay
2019-03-28,693.0,-83.0,0.0,0,280.71,0.0,1,5.74,6.57,SPY190719P00275000,275.0,0,0.0,0.0,,0.0,normalDay
2019-03-29,693.0,-8.0,0.0,0,282.48,0.0,1,5.74,5.82,SPY190719P00275000,275.0,0,0.0,0.0,,0.0,normalDay
2019-04-01,693.0,90.0,0.0,0,285.83,0.0,1,5.74,4.84,SPY190719P00275000,275.0,0,0.0,0.0,,0.0,normalDay
2019-04-02,693.0,98.0,0.0,0,285.97,0.0,1,5.74,4.76,SPY190719P00275000,275.0,0,0.0,0.0,,0.0,normalDay
2019-04-03,693.0,115.0,0.0,0,286.42,0.0,1,5.74,4.59,SPY190719P00275000,275.0,0,0.0,0.0,,0.0,normalDay
2019-04-04,693.0,136.0,0.0,0,287.18,0.0,1,5.74,4.38,SPY190719P00275000,275.0,0,0.0,0.0,,0.0,normalDay
2019-04-05,693.0,184.0,0.0,0,288.57,0.0,1,5.74,3.9,SPY190719P00275000,275.0,0,0.0,0.0,,0.0,normalDay
2019-04-08,693.0,191.0,0.0,0,288.79,0.0,1,5.74,3.83,SPY190719P00275000,275.0,0,0.0,0.0,,0.0,normalDay
2019-04-09,693.0,133.0,0.0,0,287.31,0.0,1,5.74,4.41,SPY190719P00275000,275.0,0,0.0,0.0,,0.0,normalDay
2019-04-10,693.0,185.0,0.0,0,288.29,0.0,1,5.74,3.89,SPY190719P00275000,275.0,0,0.0,0.0,,0.0,normalDay
2019-04-11,693.0,189.0,0.0,0,288.21,0.0,1,5.74,3.85,SPY190719P00275000,275.0,0,0.0,0.0,,0.0,normalDay
2019-04-12,693.0,255.0,0.0,0,290.16,0.0,1,5.74,3.19,SPY190719P00275000,275.0,0,0.0,0.0,,0.0,normalDay
2019-04-15,693.0,262.0,0.0,0,289.97,0.0,1,5.74,3.12,SPY190719P00275000,275.0,0,0.0,0.0,,0.0,normalDay
2019-04-16,693.0,266.0,0.0,0,290.16,0.0,1,5.74,3.08,SPY190719P00275000,275.0,0,0.0,0.0,,0.0,normalDay
2019-04-17,693.0,249.0,0.0,0,289.45,0.0,1,5.74,3.25,SPY190719P00275000,275.0,0,0.0,0.0,,0.0,normalDay
2019-04-18,693.0,268.0,0.0,0,290.02,0.0,1,5.74,3.06,SPY190719P00275000,275.0,0,0.0,0.0,,0.0,normalDay
2019-04-22,693.0,286.0,0.0,0,290.27,0.0,1,5.74,2.88,SPY190719P00275000,275.0,0,0.0,0.0,,0.0,normalDay
2019-04-23,693.0,326.0,0.0,0,292.88,0.0,1,5.74,2.48,SPY190719P00275000,275.0,0,0.0,0.0,,0.0,normalDay
2019-04-24,693.0,309.0,0.0,0,292.23,0.0,1,5.74,2.65,SPY190719P00275000,275.0,0,0.0,0.0,,0.0,normalDay
2019-04-25,693.0,302.0,0.0,0,292.05,0.0,1,5.74,2.72,SPY190719P00275000,275.0,0,0.0,0.0,,0.0,normalDay
2019-04-26,693.0,331.0,0.0,0,293.41,0.0,1,5.74,2.43,SPY190719P00275000,275.0,0,0.0,0.0,,0.0,normalDay
2019-04-29,693.0,338.0,0.0,0,293.87,0.0,1,5.74,2.36,SPY190719P00275000,275.0,0,0.0,0.0,,0.0,normalDay
2019-04-30,693.0,343.0,0.0,0,294.02,0.0,1,5.74,2.31,SPY190719P00275000,275.0,0,0.0,0.0,,0.0,normalDay
2019-05-01,693.0,290.0,0.0,0,291.81,0.0,1,5.74,2.84,SPY190719P00275000,275.0,0,0.0,0.0,,0.0,normalDay
2019-05-02,693.0,282.0,0.0,0,291.18,0.0,1,5.74,2.92,SPY190719P00275000,275.0,0,0.0,0.0,,0.0,normalDay
2019-05-03,693.0,352.0,0.0,0,294.03,0.0,1,5.74,2.22,SPY190719P00275000,275.0,0,0.0,0.0,,0.0,normalDay
2019-05-06,693.0,303.0,0.0,0,292.82,0.0,1,5.74,2.71,SPY190719P00275000,275.0,0,0.0,0.0,,0.0,normalDay
2019-05-07,693.0,127.0,0.0,0,287.93,0.0,1,5.74,4.47,SPY190719P00275000,275.0,0,0.0,0.0,,0.0,normalDay
2019-05-08,693.0,134.0,0.0,0,287.53,0.0,1,5.74,4.4,SPY190719P00275000,275.0,0,0.0,0.0,,0.0,normalDay
2019-05-09,693.0,128.0,0.0,0,286.66,0.0,1,5.74,4.46,SPY190719P00275000,275.0,0,0.0,0.0,,0.0,normalDay
2019-05-10,693.0,215.0,0.0,0,288.1,0.0,1,5.74,3.59,SPY190719P00275000,275.0,0,0.0,0.0,,0.0,normalDay
2019-05-13,693.0,-61.0,0.0,0,280.86,0.0,1,5.74,6.35,SPY190719P00275000,275.0,0,0.0,0.0,,0.0,normalDay
2019-05-14,693.0,71.0,0.0,0,283.4,0.0,1,5.74,5.03,SPY190719P00275000,275.0,0,0.0,0.0,,0.0,normalDay
2019-05-15,693.0,160.0,0.0,0,285.06,0.0,1,5.74,4.14,SPY190719P00275000,275.0,0,0.0,0.0,,0.0,normalDay
2019-05-16,693.0,248.0,0.0,0,287.7,0.0,1,5.74,3.26,SPY190719P00275000,275.0,0,0.0,0.0,,0.0,normalDay
2019-05-17,693.0,199.0,0.0,0,285.84,0.0,1,5.74,3.75,SPY190719P00275000,275.0,0,0.0,0.0,,0.0,normalDay
2019-05-20,693.0,165.0,0.0,0,283.95,0.0,1,5.74,4.09,SPY190719P00275000,275.0,0,0.0,0.0,,0.0,normalDay
2019-05-21,693.0,257.0,0.0,0,286.51,0.0,1,5.74,3.17,SPY190719P00275000,275.0,0,0.0,0.0,,0.0,normalDay
2019-05-22,693.0,245.0,0.0,0,285.63,0.0,1,5.74,3.29,SPY190719P00275000,275.0,0,0.0,0.0,,0.0,normalDay
2019-05-23,693.0,111.0,0.0,0,282.14,0.0,1,5.74,4.63,SPY190719P00275000,275.0,0,0.0,0.0,,0.0,normalDay
2019-05-24,693.0,161.0,0.0,0,282.78,0.0,1,5.74,4.13,SPY190719P00275000,275.0,0,0.0,0.0,,0.0,normalDay
2019-05-28,693.0,82.0,0.0,0,280.15,0.0,1,5.74,4.92,SPY190719P00275000,275.0,0,0.0,0.0,,0.0,normalDay
2019-05-29,693.0,9.0,0.0,0,278.27,0.0,1,5.74,5.65,SPY190719P00275000,275.0,0,0.0,0.0,,0.0,normalDay
2019-05-30,693.0,49.0,0.0,0,279.03,0.0,1,5.74,5.25,SPY190719P00275000,275.0,0,0.0,0.0,,0.0,normalDay
2019-05-31,693.0,-122.0,0.0,0,275.27,0.0,1,5.74,6.96,SPY190719P00275000,275.0,0,0.0,0.0,,0.0,normalDay
2019-06-03,693.0,-118.0,0.0,0,274.57,0.0,1,5.74,6.92,SPY190719P00275000,275.0,0,0.0,0.0,,0.0,normalDay
2019-06-04,693.0,141.0,0.0,0,280.53,0.0,1,5.74,4.33,SPY190719P00275000,275.0,0,0.0,0.0,,0.0,normalDay
2019-06-05,693.0,241.0,0.0,0,282.96,0.0,1,5.74,3.33,SPY190719P00275000,275.0,0,0.0,0.0,,0.0,normalDay
2019-06-06,693.0,296.0,0.0,0,284.8,0.0,1,5.74,2.78,SPY190719P00275000,275.0,0,0.0,0.0,,0.0,normalDay
2019-06-07,693.0,341.0,0.0,0,287.65,0.0,1,5.74,2.33,SPY190719P00275000,275.0,0,0.0,0.0,,0.0,normalDay
2019-06-10,693.0,382.0,0.0,0,288.97,0.0,1,5.74,1.92,SPY190719P00275000,275.0,0,0.0,0.0,,0.0,normalDay
2019-06-11,693.0,379.0,0.0,0,288.9,0.0,1,5.74,1.95,SPY190719P00275000,275.0,0,0.0,0.0,,0.0,normalDay
2019-06-12,693.0,380.0,0.0,0,288.39,0.0,1,5.74,1.94,SPY190719P00275000,275.0,0,0.0,0.0,,0.0,normalDay
2019-06-13,693.0,403.0,0.0,0,289.58,0.0,1,5.74,1.71,SPY190719P00275000,275.0,0,0.0,0.0,,0.0,normalDay
2019-06-14,693.0,417.0,0.0,0,289.26,0.0,1,5.74,1.57,SPY190719P00275000,275.0,0,0.0,0.0,,0.0,normalDay
2019-06-17,693.0,431.0,0.0,0,289.37,0.0,1,5.74,1.43,SPY190719P00275000,275.0,0,0.0,0.0,,0.0,normalDay
2019-06-18,693.0,467.0,0.0,0,292.4,0.0,1,5.74,1.07,SPY190719P00275000,275.0,0,0.0,0.0,,0.0,normalDay
2019-06-19,693.0,490.0,0.0,0,293.06,0.0,1,5.74,0.84,SPY190719P00275000,275.0,0,0.0,0.0,,0.0,normalDay
2019-06-20,693.0,508.0,0.0,0,295.86,0.0,1,5.74,0.66,SPY190719P00275000,275.0,0,0.0,0.0,,0.0,normalDay
2019-06-21,693.0,502.0,0.0,0,294.0,0.0,1,5.74,0.72,SPY190719P00275000,275.0,0,0.0,0.0,,0.0,normalDay
2019-06-24,693.0,511.0,0.0,0,293.64,0.0,1,5.74,0.63,SPY190719P00275000,275.0,0,0.0,0.0,,0.0,normalDay
2019-06-25,693.0,483.0,0.0,0,290.76,0.0,1,5.74,0.91,SPY190719P00275000,275.0,0,0.0,0.0,,0.0,normalDay
2019-06-26,693.0,484.0,0.0,0,290.47,0.0,1,5.74,0.9,SPY190719P00275000,275.0,0,0.0,0.0,,0.0,normalDay
2019-06-27,693.0,504.0,0.0,0,291.5,0.0,1,5.74,0.7,SPY190719P00275000,275.0,0,0.0,0.0,,0.0,normalDay
2019-06-28,693.0,520.0,0.0,0,293.0,0.0,1,5.74,0.54,SPY190719P00275000,275.0,0,0.0,0.0,,0.0,normalDay
2019-07-01,693.0,549.0,0.0,0,295.66,0.0,1,5.74,0.25,SPY190719P00275000,275.0,0,0.0,0.0,,0.0,normalDay
2019-07-02,693.0,558.0,0.0,0,296.43,0.0,1,5.74,0.16,SPY190719P00275000,275.0,0,0.0,0.0,,0.0,normalDay
2019-07-03,693.0,563.0,0.0,0,298.8,0.0,1,5.74,0.11,SPY190719P00275000,275.0,0,0.0,0.0,,0.0,normalDay
2019-07-05,693.0,562.0,0.0,0,298.46,0.0,1,5.74,0.12,SPY190719P00275000,275.0,0,0.0,0.0,,0.0,normalDay
2019-07-08,693.0,565.0,0.0,0,296.82,0.0,1,5.74,0.09,SPY190719P00275000,275.0,0,0.0,0.0,,0.0,normalDay
2019-07-09,693.0,567.0,0.0,0,297.19,0.0,1,5.74,0.07,SPY190719P00275000,275.0,0,0.0,0.0,,0.0,normalDay
2019-07-10,693.0,570.0,0.0,0,298.61,0.0,1,5.74,0.04,SPY190719P00275000,275.0,0,0.0,0.0,,0.0,normalDay
2019-07-11,693.0,570.0,0.0,0,299.31,0.0,1,5.74,0.04,SPY190719P00275000,275.0,0,0.0,0.0,,0.0,normalDay
2019-07-12,693.0,571.0,0.0,0,300.65,0.0,1,5.74,0.03,SPY190719P00275000,275.0,0,0.0,0.0,,0.0,normalDay
2019-07-15,693.0,571.0,0.0,0,300.75,0.0,1,5.74,0.03,SPY190719P00275000,275.0,0,0.0,0.0,,0.0,normalDay
2019-07-16,693.0,572.0,0.0,0,299.78,0.0,1,5.74,0.02,SPY190719P00275000,275.0,0,0.0,0.0,,0.0,normalDay
2019-07-17,693.0,572.0,0.0,0,297.74,0.0,1,5.74,0.02,SPY190719P00275000,275.0,0,0.0,0.0,,0.0,normalDay
2019-07-18,693.0,573.0,0.0,0,298.83,0.0,1,5.74,0.01,SPY190719P00275000,275.0,0,0.0,0.0,,0.0,normalDay
2019-07-19,1267.0,0.0,574.0,0,297.17,0.0,1,5.74,0.0,SPY190719P00275000,275.0,0,0.0,0.0,,0.0,expirationDay
2019-07-22,1267.0,-7.0,0.0,0,297.9,0.0,1,6.23,6.3,SPY191115P00290000,290.0,0,0.0,0.0,,0.0,normalDay
2019-07-23,1267.0,72.0,0.0,0,300.03,0.0,1,6.23,5.51,SPY191115P00290000,290.0,0,0.0,0.0,,0.0,normalDay
2019-07-24,1267.0,121.0,0.0,0,301.44,0.0,1,6.23,5.02,SPY191115P00290000,290.0,0,0.0,0.0,,0.0,normalDay
2019-07-25,1267.0,72.0,0.0,0,300.0,0.0,1,6.23,5.51,SPY191115P00290000,290.0,0,0.0,0.0,,0.0,normalDay
2019-07-26,1267.0,134.0,0.0,0,302.01,0.0,1,6.23,4.89,SPY191115P00290000,290.0,0,0.0,0.0,,0.0,normalDay
2019-07-29,1267.0,131.0,0.0,0,301.46,0.0,1,6.23,4.92,SPY191115P00290000,290.0,0,0.0,0.0,,0.0,normalDay
2019-07-30,1267.0,83.0,0.0,0,300.72,0.0,1,6.23,5.4,SPY191115P00290000,290.0,0,0.0,0.0,,0.0,normalDay
2019-07-31,1267.0,-50.0,0.0,0,297.43,0.0,1,6.23,6.73,SPY191115P00290000,290.0,0,0.0,0.0,,0.0,normalDay
2019-08-01,1267.0,-170.0,0.0,0,294.84,0.0,1,6.23,7.93,SPY191115P00290000,290.0,0,0.0,0.0,,0.0,normalDay
2019-08-02,1267.0,-249.0,0.0,0,292.62,0.0,1,6.23,8.72,SPY191115P00290000,290.0,0,0.0,0.0,,0.0,normalDay
2019-08-05,1267.0,-798.0,0.0,0,283.82,0.0,1,6.23,14.21,SPY191115P00290000,290.0,0,0.0,0.0,,0.0,normalDay
2019-08-06,1267.0,-492.0,0.0,0,287.8,0.0,1,6.23,11.15,SPY191115P00290000,290.0,0,0.0,0.0,,0.0,normalDay
2019-08-07,1267.0,-484.0,0.0,0,287.97,0.0,1,6.23,11.07,SPY191115P00290000,290.0,0,0.0,0.0,,0.0,normalDay
2019-08-08,1267.0,-183.0,0.0,0,293.62,0.0,1,6.23,8.06,SPY191115P00290000,290.0,0,0.0,0.0,,0.0,normalDay
2019-08-09,1267.0,-279.0,0.0,0,291.62,0.0,1,6.23,9.02,SPY191115P00290000,290.0,0,0.0,0.0,,0.0,normalDay
2019-08-12,1267.0,-515.0,0.0,0,288.07,0.0,1,6.23,11.38,SPY191115P00290000,290.0,0,0.0,0.0,,0.0,normalDay
2019-08-13,1267.0,-245.0,0.0,0,292.55,0.0,1,6.23,8.68,SPY191115P00290000,290.0,0,0.0,0.0,,0.0,normalDay
2019-08-14,1267.0,-733.0,0.0,0,283.9,0.0,1,6.23,13.56,SPY191115P00290000,290.0,0,0.0,0.0,,0.0,normalDay
2019-08-15,1267.0,-676.0,0.0,0,284.65,0.0,1,6.23,12.99,SPY191115P00290000,290.0,0,0.0,0.0,,0.0,normalDay
2019-08-16,1267.0,-430.0,0.0,0,288.85,0.0,1,6.23,10.53,SPY191115P00290000,290.0,0,0.0,0.0,,0.0,normalDay
2019-08-19,1267.0,-219.0,0.0,0,292.33,0.0,1,6.23,8.42,SPY191115P00290000,290.0,0,0.0,0.0,,0.0,normalDay
2019-08-20,1267.0,-329.0,0.0,0,290.09,0.0,1,6.23,9.52,SPY191115P00290000,290.0,0,0.0,0.0,,0.0,normalDay
2019-08-21,1267.0,-162.0,0.0,0,292.45,0.0,1,6.23,7.85,SPY191115P00290000,290.0,0,0.0,0.0,,0.0,normalDay
2019-08-22,1267.0,-193.0,0.0,0,292.36,0.0,1,6.23,8.16,SPY191115P00290000,290.0,0,0.0,0.0,,0.0,normalDay
2019-08-23,1267.0,-561.0,0.0,0,284.85,0.0,1,6.23,11.84,SPY191115P00290000,290.0,0,0.0,0.0,,0.0,normalDay
2019-08-26,1267.0,-411.0,0.0,0,288.0,0.0,1,6.23,10.34,SPY191115P00290000,290.0,0,0.0,0.0,,0.0,normalDay
2019-08-27,1267.0,-497.0,0.0,0,286.87,0.0,1,6.23,11.2,SPY191115P00290000,290.0,0,0.0,0.0,,0.0,normalDay
2019-08-28,1267.0,-372.0,0.0,0,288.89,0.0,1,6.23,9.95,SPY191115P00290000,290.0,0,0.0,0.0,,0.0,normalDay
2019-08-29,1267.0,-189.0,0.0,0,292.58,0.0,1,6.23,8.12,SPY191115P00290000,290.0,0,0.0,0.0,,0.0,normalDay
2019-08-30,1267.0,-203.0,0.0,0,292.45,0.0,1,6.23,8.26,SPY191115P00290000,290.0,0,0.0,0.0,,0.0,normalDay
2019-09-03,1267.0,-280.0,0.0,0,290.74,0.0,1,6.23,9.03,SPY191115P00290000,290.0,0,0.0,0.0,,0.0,normalDay
2019-09-04,1267.0,-89.0,0.0,0,294.04,0.0,1,6.23,7.12,SPY191115P00290000,290.0,0,0.0,0.0,,0.0,normalDay
2019-09-05,1267.0,59.0,0.0,0,297.82,0.0,1,6.23,5.64,SPY191115P00290000,290.0,0,0.0,0.0,,0.0,normalDay
2019-09-06,1267.0,114.0,0.0,0,298.05,0.0,1,6.23,5.09,SPY191115P00290000,290.0,0,0.0,0.0,,0.0,normalDay
2019-09-09,1267.0,123.0,0.0,0,298.2,0.0,1,6.23,5.0,SPY191115P00290000,290.0,0,0.0,0.0,,0.0,normalDay
2019-09-10,1267.0,130.0,0.0,0,298.13,0.0,1,6.23,4.93,SPY191115P00290000,290.0,0,0.0,0.0,,0.0,normalDay
2019-09-11,1267.0,208.0,0.0,0,300.25,0.0,1,6.23,4.15,SPY191115P00290000,290.0,0,0.0,0.0,,0.0,normalDay
2019-09-12,1267.0,258.0,0.0,0,301.29,0.0,1,6.23,3.65,SPY191115P00290000,290.0,0,0.0,0.0,,0.0,normalDay
2019-09-13,1267.0,262.0,0.0,0,301.09,0.0,1,6.23,3.61,SPY191115P00290000,290.0,0,0.0,0.0,,0.0,normalDay
2019-09-16,1267.0,238.0,0.0,0,300.16,0.0,1,6.23,3.85,SPY191115P00290000,290.0,0,0.0,0.0,,0.0,normalDay
2019-09-17,1267.0,254.0,0.0,0,300.92,0.0,1,6.23,3.69,SPY191115P00290000,290.0,0,0.0,0.0,,0.0,normalDay
2019-09-18,1267.0,282.0,0.0,0,301.1,0.0,1,6.23,3.41,SPY191115P00290000,290.0,0,0.0,0.0,,0.0,normalDay
2019-09-19,1267.0,284.0,0.0,0,301.08,0.0,1,6.23,3.39,SPY191115P00290000,290.0,0,0.0,0.0,,0.0,normalDay
2019-09-20,1267.0,222.0,0.0,0,298.28,0.0,1,6.23,4.01,SPY191115P00290000,290.0,0,0.0,0.0,,0.0,normalDay
2019-09-23,1267.0,251.0,0.0,0,298.21,0.0,1,6.23,3.72,SPY191115P00290000,290.0,0,0.0,0.0,,0.0,normalDay
2019-09-24,1267.0,152.0,0.0,0,295.87,0.0,1,6.23,4.71,SPY191115P00290000,290.0,0,0.0,0.0,,0.0,normalDay
2019-09-25,1267.0,214.0,0.0,0,297.62,0.0,1,6.23,4.09,SPY191115P00290000,290.0,0,0.0,0.0,,0.0,normalDay
2019-09-26,1267.0,214.0,0.0,0,297.0,0.0,1,6.23,4.09,SPY191115P00290000,290.0,0,0.0,0.0,,0.0,normalDay
2019-09-27,1267.0,144.0,0.0,0,295.4,0.0,1,6.23,4.79,SPY191115P00290000,290.0,0,0.0,0.0,,0.0,normalDay
2019-09-30,1267.0,230.0,0.0,0,296.77,0.0,1,6.23,3.93,SPY191115P00290000,290.0,0,0.0,0.0,,0.0,normalDay
2019-10-01,1267.0,75.0,0.0,0,293.24,0.0,1,6.23,5.48,SPY191115P00290000,290.0,0,0.0,0.0,,0.0,normalDay
2019-10-02,1267.0,-206.0,0.0,0,288.06,0.0,1,6.23,8.29,SPY191115P00290000,290.0,0,0.0,0.0,,0.0,normalDay
2019-10-03,1267.0,-43.0,0.0,0,290.42,0.0,1,6.23,6.66,SPY191115P00290000,290.0,0,0.0,0.0,,0.0,normalDay
2019-10-04,1267.0,160.0,0.0,0,294.35,0.0,1,6.23,4.63,SPY191115P00290000,290.0,0,0.0,0.0,,0.0,normalDay
2019-10-07,1267.0,119.0,0.0,0,293.08,0.0,1,6.23,5.04,SPY191115P00290000,290.0,0,0.0,0.0,,0.0,normalDay
2019-10-08,1267.0,-104.0,0.0,0,288.53,0.0,1,6.23,7.27,SPY191115P00290000,290.0,0,0.0,0.0,,0.0,normalDay
2019-10-09,1267.0,48.0,0.0,0,291.27,0.0,1,6.23,5.75,SPY191115P00290000,290.0,0,0.0,0.0,,0.0,normalDay
2019-10-10,1267.0,161.0,0.0,0,293.24,0.0,1,6.23,4.62,SPY191115P00290000,290.0,0,0.0,0.0,,0.0,normalDay
2019-10-11,1267.0,313.0,0.0,0,296.28,0.0,1,6.23,3.1,SPY191115P00290000,290.0,0,0.0,0.0,,0.0,normalDay
2019-10-14,1267.0,343.0,0.0,0,295.95,0.0,1,6.23,2.8,SPY191115P00290000,290.0,0,0.0,0.0,,0.0,normalDay
2019-10-15,1267.0,442.0,0.0,0,298.88,0.0,1,6.23,1.81,SPY191115P00290000,290.0,0,0.0,0.0,,0.0,normalDay
2019-10-16,1267.0,441.0,0.0,0,298.4,0.0,1,6.23,1.82,SPY191115P00290000,290.0,0,0.0,0.0,,0.0,normalDay
2019-10-17,1267.0,457.0,0.0,0,299.28,0.0,1,6.23,1.66,SPY191115P00290000,290.0,0,0.0,0.0,,0.0,normalDay
2019-10-18,1267.0,437.0,0.0,0,297.97,0.0,1,6.23,1.86,SPY191115P00290000,290.0,0,0.0,0.0,,0.0,normalDay
2019-10-21,1267.0,496.0,0.0,0,299.99,0.0,1,6.23,1.27,SPY191115P00290000,290.0,0,0.0,0.0,,0.0,normalDay
2019-10-22,1267.0,479.0,0.0,0,299.01,0.0,1,6.23,1.44,SPY191115P00290000,290.0,0,0.0,0.0,,0.0,normalDay
2019-10-23,1267.0,509.0,0.0,0,299.88,0.0,1,6.23,1.14,SPY191115P00290000,290.0,0,0.0,0.0,,0.0,normalDay
2019-10-24,1267.0,525.0,0.0,0,300.37,0.0,1,6.23,0.98,SPY191115P00290000,290.0,0,0.0,0.0,,0.0,normalDay
2019-10-25,1267.0,556.0,0.0,0,301.6,0.0,1,6.23,0.67,SPY191115P00290000,290.0,0,0.0,0.0,,0.0,normalDay
2019-10-28,1267.0,573.0,0.0,0,303.3,0.0,1,6.23,0.5,SPY191115P00290000,290.0,0,0.0,0.0,,0.0,normalDay
2019-10-29,1267.0,576.0,0.0,0,303.21,0.0,1,6.23,0.47,SPY191115P00290000,290.0,0,0.0,0.0,,0.0,normalDay
2019-10-30,1267.0,591.0,0.0,0,304.14,0.0,1,6.23,0.32,SPY191115P00290000,290.0,0,0.0,0.0,,0.0,normalDay
2019-10-31,1267.0,581.0,0.0,0,303.33,0.0,1,6.23,0.42,SPY191115P00290000,290.0,0,0.0,0.0,,0.0,normalDay
2019-11-01,1267.0,604.0,0.0,0,306.14,0.0,1,6.23,0.19,SPY191115P00290000,290.0,0,0.0,0.0,,0.0,normalDay
2019-11-04,1267.0,609.0,0.0,0,307.37,0.0,1,6.23,0.14,SPY191115P00290000,290.0,0,0.0,0.0,,0.0,normalDay
2019-11-05,1267.0,612.0,0.0,0,307.03,0.0,1,6.23,0.11,SPY191115P00290000,290.0,0,0.0,0.0,,0.0,normalDay
2019-11-06,1267.0,616.0,0.0,0,307.1,0.0,1,6.23,0.07,SPY191115P00290000,290.0,0,0.0,0.0,,0.0,normalDay
2019-11-07,1267.0,618.0,0.0,0,308.18,0.0,1,6.23,0.05,SPY191115P00290000,290.0,0,0.0,0.0,,0.0,normalDay
2019-11-08,1267.0,620.0,0.0,0,308.94,0.0,1,6.23,0.03,SPY191115P00290000,290.0,0,0.0,0.0,,0.0,normalDay
2019-11-11,1267.0,621.0,0.0,0,308.35,0.0,1,6.23,0.02,SPY191115P00290000,290.0,0,0.0,0.0,,0.0,normalDay
2019-11-12,1267.0,621.0,0.0,0,309.0,0.0,1,6.23,0.02,SPY191115P00290000,290.0,0,0.0,0.0,,0.0,normalDay
2019-11-13,1267.0,621.0,0.0,0,309.1,0.0,1,6.23,0.02,SPY191115P00290000,290.0,0,0.0,0.0,,0.0,normalDay
2019-11-14,1267.0,622.0,0.0,0,309.55,0.0,1,6.23,0.01,SPY191115P00290000,290.0,0,0.0,0.0,,0.0,normalDay
2019-11-15,1890.0,0.0,623.0,0,311.79,0.0,1,6.23,0.0,SPY191115P00290000,290.0,0,0.0,0.0,,0.0,expirationDay
2019-11-18,1890.0,-5.0,0.0,0,312.02,0.0,1,6.41,6.46,SPY200331P00298000,298.0,0,0.0,0.0,,0.0,normalDay
2019-11-19,1890.0,-20.0,0.0,0,311.93,0.0,1,6.41,6.61,SPY200331P00298000,298.0,0,0.0,0.0,,0.0,normalDay
2019-11-20,1890.0,-60.0,0.0,0,310.77,0.0,1,6.41,7.01,SPY200331P00298000,298.0,0,0.0,0.0,,0.0,normalDay
2019-11-21,1890.0,-75.0,0.0,0,310.27,0.0,1,6.41,7.16,SPY200331P00298000,298.0,0,0.0,0.0,,0.0,normalDay
2019-11-22,1890.0,-37.0,0.0,0,310.96,0.0,1,6.41,6.78,SPY200331P00298000,298.0,0,0.0,0.0,,0.0,normalDay
2019-11-25,1890.0,46.0,0.0,0,313.37,0.0,1,6.41,5.95,SPY200331P00298000,298.0,0,0.0,0.0,,0.0,normalDay
2019-11-26,1890.0,81.0,0.0,0,314.08,0.0,1,6.41,5.6,SPY200331P00298000,298.0,0,0.0,0.0,,0.0,normalDay
2019-11-27,1890.0,108.0,0.0,0,315.48,0.0,1,6.41,5.33,SPY200331P00298000,298.0,0,0.0,0.0,,0.0,normalDay
2019-11-29,1890.0,66.0,0.0,0,314.31,0.0,1,6.41,5.75,SPY200331P00298000,298.0,0,0.0,0.0,,0.0,normalDay
2019-12-02,1890.0,-38.0,0.0,0,311.64,0.0,1,6.41,6.79,SPY200331P00298000,298.0,0,0.0,0.0,,0.0,normalDay
2019-12-03,1890.0,-129.0,0.0,0,309.55,0.0,1,6.41,7.7,SPY200331P00298000,298.0,0,0.0,0.0,,0.0,normalDay
2019-12-04,1890.0,-56.0,0.0,0,311.46,0.0,1,6.41,6.97,SPY200331P00298000,298.0,0,0.0,0.0,,0.0,normalDay
2019-12-05,1890.0,-16.0,0.0,0,312.02,0.0,1,6.41,6.57,SPY200331P00298000,298.0,0,0.0,0.0,,0.0,normalDay
2019-12-06,1890.0,75.0,0.0,0,314.87,0.0,1,6.41,5.66,SPY200331P00298000,298.0,0,0.0,0.0,,0.0,normalDay
2019-12-09,1890.0,26.0,0.0,0,313.88,0.0,1,6.41,6.15,SPY200331P00298000,298.0,0,0.0,0.0,,0.0,normalDay
2019-12-10,1890.0,39.0,0.0,0,313.53,0.0,1,6.41,6.02,SPY200331P00298000,298.0,0,0.0,0.0,,0.0,normalDay
2019-12-11,1890.0,76.0,0.0,0,314.42,0.0,1,6.41,5.65,SPY200331P00298000,298.0,0,0.0,0.0,,0.0,normalDay
2019-12-12,1890.0,159.0,0.0,0,317.13,0.0,1,6.41,4.82,SPY200331P00298000,298.0,0,0.0,0.0,,0.0,normalDay
2019-12-13,1890.0,206.0,0.0,0,317.32,0.0,1,6.41,4.35,SPY200331P00298000,298.0,0,0.0,0.0,,0.0,normalDay
2019-12-16,1890.0,273.0,0.0,0,319.5,0.0,1,6.41,3.68,SPY200331P00298000,298.0,0,0.0,0.0,,0.0,normalDay
2019-12-17,1890.0,269.0,0.0,0,319.57,0.0,1,6.41,3.72,SPY200331P00298000,298.0,0,0.0,0.0,,0.0,normalDay
2019-12-18,1890.0,268.0,0.0,0,319.59,0.0,1,6.41,3.73,SPY200331P00298000,298.0,0,0.0,0.0,,0.0,normalDay
2019-12-19,1890.0,297.0,0.0,0,320.9,0.0,1,6.41,3.44,SPY200331P00298000,298.0,0,0.0,0.0,,0.0,normalDay
2019-12-20,1890.0,311.0,0.0,0,320.73,0.0,1,6.41,3.3,SPY200331P00298000,298.0,0,0.0,0.0,,0.0,normalDay
2019-12-23,1890.0,312.0,0.0,0,321.22,0.0,1,6.41,3.29,SPY200331P00298000,298.0,0,0.0,0.0,,0.0,normalDay
2019-12-24,1890.0,318.0,0.0,0,321.23,0.0,1,6.41,3.23,SPY200331P00298000,298.0,0,0.0,0.0,,0.0,normalDay
2019-12-26,1890.0,348.0,0.0,0,322.94,0.0,1,6.41,2.93,SPY200331P00298000,298.0,0,0.0,0.0,,0.0,normalDay
2019-12-27,1890.0,333.0,0.0,0,322.86,0.0,1,6.41,3.08,SPY200331P00298000,298.0,0,0.0,0.0,,0.0,normalDay
2019-12-30,1890.0,298.0,0.0,0,321.08,0.0,1,6.41,3.43,SPY200331P00298000,298.0,0,0.0,0.0,,0.0,normalDay
2019-12-31,1890.0,336.0,0.0,0,321.86,0.0,1,6.41,3.05,SPY200331P00298000,298.0,0,0.0,0.0,,0.0,normalDay
2020-01-02,1890.0,394.0,0.0,0,324.87,0.0,1,6.41,2.47,SPY200331P00298000,298.0,0,0.0,0.0,,0.0,normalDay
2020-01-03,1890.0,339.0,0.0,0,322.41,0.0,1,6.41,3.02,SPY200331P00298000,298.0,0,0.0,0.0,,0.0,normalDay
2020-01-06,1890.0,372.0,0.0,0,323.64,0.0,1,6.41,2.69,SPY200331P00298000,298.0,0,0.0,0.0,,0.0,normalDay
2020-01-07,1890.0,360.0,0.0,0,322.73,0.0,1,6.41,2.81,SPY200331P00298000,298.0,0,0.0,0.0,,0.0,normalDay
2020-01-08,1890.0,399.0,0.0,0,324.45,0.0,1,6.41,2.42,SPY200331P00298000,298.0,0,0.0,0.0,,0.0,normalDay
2020-01-09,1890.0,438.0,0.0,0,326.65,0.0,1,6.41,2.03,SPY200331P00298000,298.0,0,0.0,0.0,,0.0,normalDay
2020-01-10,1890.0,429.0,0.0,0,325.71,0.0,1,6.41,2.12,SPY200331P00298000,298.0,0,0.0,0.0,,0.0,normalDay
2020-01-13,1890.0,468.0,0.0,0,327.95,0.0,1,6.41,1.73,SPY200331P00298000,298.0,0,0.0,0.0,,0.0,normalDay
2020-01-14,1890.0,470.0,0.0,0,327.45,0.0,1,6.41,1.71,SPY200331P00298000,298.0,0,0.0,0.0,,0.0,normalDay
2020-01-15,1890.0,479.0,0.0,0,328.19,0.0,1,6.41,1.62,SPY200331P00298000,298.0,0,0.0,0.0,,0.0,normalDay
2020-01-16,1890.0,502.0,0.0,0,330.92,0.0,1,6.41,1.39,SPY200331P00298000,298.0,0,0.0,0.0,,0.0,normalDay
2020-01-17,1890.0,513.0,0.0,0,331.95,0.0,1,6.41,1.28,SPY200331P00298000,298.0,0,0.0,0.0,,0.0,normalDay
2020-01-21,1890.0,509.0,0.0,0,331.3,0.0,1,6.41,1.32,SPY200331P00298000,298.0,0,0.0,0.0,,0.0,normalDay
2020-01-22,1890.0,510.0,0.0,0,331.34,0.0,1,6.41,1.31,SPY200331P00298000,298.0,0,0.0,0.0,,0.0,normalDay
2020-01-23,1890.0,512.0,0.0,0,331.72,0.0,1,6.41,1.29,SPY200331P00298000,298.0,0,0.0,0.0,,0.0,normalDay
2020-01-24,1890.0,472.0,0.0,0,328.77,0.0,1,6.41,1.69,SPY200331P00298000,298.0,0,0.0,0.0,,0.0,normalDay
2020-01-27,1890.0,355.0,0.0,0,323.5,0.0,1,6.41,2.86,SPY200331P00298000,298.0,0,0.0,0.0,,0.0,normalDay
2020-01-28,1890.0,438.0,0.0,0,326.89,0.0,1,6.41,2.03,SPY200331P00298000,298.0,0,0.0,0.0,,0.0,normalDay
2020-01-29,1890.0,440.0,0.0,0,326.62,0.0,1,6.41,2.01,SPY200331P00298000,298.0,0,0.0,0.0,,0.0,normalDay
2020-01-30,1890.0,473.0,0.0,0,327.68,0.0,1,6.41,1.68,SPY200331P00298000,298.0,0,0.0,0.0,,0.0,normalDay
2020-01-31,1890.0,358.0,0.0,0,321.73,0.0,1,6.41,2.83,SPY200331P00298000,298.0,0,0.0,0.0,,0.0,normalDay
2020-02-03,1890.0,404.0,0.0,0,324.12,0.0,1,6.41,2.37,SPY200331P00298000,298.0,0,0.0,0.0,,0.0,normalDay
2020-02-04,1890.0,495.0,0.0,0,329.06,0.0,1,6.41,1.46,SPY200331P00298000,298.0,0,0.0,0.0,,0.0,normalDay
2020-02-05,1890.0,533.0,0.0,0,332.86,0.0,1,6.41,1.08,SPY200331P00298000,298.0,0,0.0,0.0,,0.0,normalDay
2020-02-06,1890.0,538.0,0.0,0,333.98,0.0,1,6.41,1.03,SPY200331P00298000,298.0,0,0.0,0.0,,0.0,normalDay
2020-02-07,1890.0,527.0,0.0,0,332.2,0.0,1,6.41,1.14,SPY200331P00298000,298.0,0,0.0,0.0,,0.0,normalDay
2020-02-10,1890.0,550.0,0.0,0,334.68,0.0,1,6.41,0.91,SPY200331P00298000,298.0,0,0.0,0.0,,0.0,normalDay
2020-02-11,1890.0,554.0,0.0,0,335.26,0.0,1,6.41,0.87,SPY200331P00298000,298.0,0,0.0,0.0,,0.0,normalDay
2020-02-12,1890.0,573.0,0.0,0,337.42,0.0,1,6.41,0.68,SPY200331P00298000,298.0,0,0.0,0.0,,0.0,normalDay
2020-02-13,1890.0,572.0,0.0,0,337.06,0.0,1,6.41,0.69,SPY200331P00298000,298.0,0,0.0,0.0,,0.0,normalDay
2020-02-14,1890.0,579.0,0.0,0,337.6,0.0,1,6.41,0.62,SPY200331P00298000,298.0,0,0.0,0.0,,0.0,normalDay
2020-02-18,1890.0,577.0,0.0,0,336.73,0.0,1,6.41,0.64,SPY200331P00298000,298.0,0,0.0,0.0,,0.0,normalDay
2020-02-19,1890.0,587.0,0.0,0,338.34,0.0,1,6.41,0.54,SPY200331P00298000,298.0,0,0.0,0.0,,0.0,normalDay
2020-02-20,1890.0,575.0,0.0,0,336.95,0.0,1,6.41,0.66,SPY200331P00298000,298.0,0,0.0,0.0,,0.0,normalDay
2020-02-21,1890.0,550.0,0.0,0,333.48,0.0,1,6.41,0.91,SPY200331P00298000,298.0,0,0.0,0.0,,0.0,normalDay
2020-02-24,1890.0,346.0,0.0,0,322.42,0.0,1,6.41,2.95,SPY200331P00298000,298.0,0,0.0,0.0,,0.0,normalDay
2020-02-25,1890.0,161.0,0.0,0,312.65,0.0,1,6.41,4.8,SPY200331P00298000,298.0,0,0.0,0.0,,0.0,normalDay
2020-02-26,1890.0,142.0,0.0,0,311.5,0.0,1,6.41,4.99,SPY200331P00298000,298.0,0,0.0,0.0,,0.0,normalDay
2020-02-27,1890.0,-632.0,0.0,0,297.51,0.0,1,6.41,12.73,SPY200331P00298000,298.0,0,0.0,0.0,,0.0,normalDay
2020-02-28,1890.0,-803.0,0.0,0,296.26,0.0,1,6.41,14.44,SPY200331P00298000,298.0,0,0.0,0.0,,0.0,normalDay
2020-03-02,1890.0,3.0,0.0,0,309.09,0.0,1,6.41,6.38,SPY200331P00298000,298.0,0,0.0,0.0,,0.0,normalDay
2020-03-03,1890.0,-345.0,0.0,0,300.24,0.0,1,6.41,9.86,SPY200331P00298000,298.0,0,0.0,0.0,,0.0,normalDay
2020-03-04,1890.0,99.0,0.0,0,312.86,0.0,1,6.41,5.42,SPY200331P00298000,298.0,0,0.0,0.0,,0.0,normalDay
2020-03-05,1890.0,-390.0,0.0,0,302.46,0.0,1,6.41,10.31,SPY200331P00298000,298.0,0,0.0,0.0,,0.0,normalDay
2020-03-06,1890.0,-610.0,0.0,0,297.46,0.0,1,6.41,12.51,SPY200331P00298000,298.0,0,0.0,0.0,,0.0,normalDay
2020-03-09,1890.0,-2232.0,0.0,0,274.23,0.0,1,6.41,28.73,SPY200331P00298000,298.0,0,0.0,0.0,,0.0,normalDay
2020-03-10,1890.0,-1098.0,0.0,0,288.42,0.0,1,6.41,17.39,SPY200331P00298000,298.0,0,0.0,0.0,,0.0,normalDay
2020-03-11,1890.0,-2168.0,0.0,0,274.36,0.0,1,6.41,28.09,SPY200331P00298000,298.0,0,0.0,0.0,,0.0,normalDay
2020-03-12,1890.0,-4585.0,0.0,0,248.11,0.0,1,6.41,52.26,SPY200331P00298000,298.0,0,0.0,0.0,,0.0,normalDay
2020-03-13,1890.0,-2511.0,0.0,0,269.32,0.0,1,6.41,31.52,SPY200331P00298000,298.0,0,0.0,0.0,,0.0,normalDay
2020-03-16,1890.0,-5050.0,0.0,0,239.85,0.0,1,6.41,56.91,SPY200331P00298000,298.0,0,0.0,0.0,,0.0,normalDay
2020-03-17,1890.0,-4197.0,0.0,0,252.8,0.0,1,6.41,48.38,SPY200331P00298000,298.0,0,0.0,0.0,,0.0,normalDay
2020-03-18,1890.0,-5413.0,0.0,0,240.0,0.0,1,6.41,60.54,SPY200331P00298000,298.0,0,0.0,0.0,,0.0,normalDay
2020-03-19,1890.0,-5371.0,0.0,0,240.51,0.0,1,6.41,60.12,SPY200331P00298000,298.0,0,0.0,0.0,,0.0,normalDay
2020-03-20,1890.0,-6306.0,0.0,0,228.8,0.0,1,6.41,69.47,SPY200331P00298000,298.0,0,0.0,0.0,,0.0,normalDay
2020-03-23,1890.0,-7099.0,0.0,0,222.95,0.0,1,6.41,77.4,SPY200331P00298000,298.0,0,0.0,0.0,,0.0,normalDay
2020-03-24,1890.0,-4962.0,0.0,0,243.15,0.0,1,6.41,56.03,SPY200331P00298000,298.0,0,0.0,0.0,,0.0,normalDay
2020-03-25,1890.0,-4483.0,0.0,0,246.79,0.0,1,6.41,51.24,SPY200331P00298000,298.0,0,0.0,0.0,,0.0,normalDay
2020-03-26,1890.0,-3127.0,0.0,0,261.2,0.0,1,6.41,37.68,SPY200331P00298000,298.0,0,0.0,0.0,,0.0,normalDay
2020-03-27,1890.0,-3905.0,0.0,0,253.42,0.0,1,6.41,45.46,SPY200331P00298000,298.0,0,0.0,0.0,,0.0,normalDay
2020-03-30,1890.0,-3098.0,0.0,0,261.65,0.0,1,6.41,37.39,SPY200331P00298000,298.0,0,0.0,0.0,,0.0,normalDay
2020-03-31,2531.0,-4025.0,641.0,100,257.75,298.0,1,6.41,0.0,SPY200331P00298000,298.0,0,0.0,0.0,,0.0,expirationDay
2020-04-01,2531.0,-5185.0,0.0,100,246.15,298.0,0,0.0,0.0,,0.0,0,0.0,0.0,,0.0,bidTooLow
2020-04-02,2531.0,-4617.0,0.0,100,251.83,298.0,0,0.0,0.0,,0.0,0,0.0,0.0,,0.0,bidTooLow
2020-04-03,2531.0,-4981.0,0.0,100,248.19,298.0,0,0.0,0.0,,0.0,0,0.0,0.0,,0.0,bidTooLow
2020-04-06,2531.0,-3317.0,0.0,100,264.86,298.0,0,0.0,0.0,,0.0,1,0.05,0.08,SPY200409C00287500,287.5,normalDay
2020-04-07,2531.0,-3287.0,0.0,100,265.13,298.0,0,0.0,0.0,,0.0,1,0.05,0.05,SPY200409C00287500,287.5,normalDay
2020-04-08,2531.0,-2399.0,0.0,100,274.03,298.0,0,0.0,0.0,,0.0,1,0.05,0.07,SPY200409C00287500,287.5,normalDay
2020-04-09,2536.0,-1980.0,5.0,100,278.2,298.0,0,0.0,0.0,,0.0,1,0.05,0.0,SPY200409C00287500,287.5,expirationDay
2020-04-13,2536.0,-2238.0,0.0,100,275.66,298.0,0,0.0,0.0,,0.0,1,0.82,0.86,SPY200417C00287000,287.0,normalDay
2020-04-14,2536.0,-1594.0,0.0,100,283.79,298.0,0,0.0,0.0,,0.0,1,0.82,2.55,SPY200417C00287000,287.0,normalDay
2020-04-15,2536.0,-1997.0,0.0,100,277.76,298.0,0,0.0,0.0,,0.0,1,0.82,0.55,SPY200417C00287000,287.0,normalDay
2020-04-16,2536.0,-1832.0,0.0,100,279.1,298.0,0,0.0,0.0,,0.0,1,0.82,0.24,SPY200417C00287000,287.0,normalDay
2020-04-17,2618.0,-1136.0,82.0,100,286.64,298.0,0,0.0,0.0,,0.0,1,0.82,0.0,SPY200417C00287000,287.0,expirationDay
2020-04-20,2618.0,-1644.0,0.0,100,281.59,298.0,0,0.0,0.0,,0.0,1,0.06,0.09,SPY200424C00302000,302.0,normalDay
2020-04-21,2618.0,-2493.0,0.0,100,273.04,298.0,0,0.0,0.0,,0.0,1,0.06,0.03,SPY200424C00302000,302.0,normalDay
2020-04-22,2618.0,-1885.0,0.0,100,279.1,298.0,0,0.0,0.0,,0.0,1,0.06,0.01,SPY200424C00302000,302.0,normalDay
2020-04-23,2618.0,-1887.0,0.0,100,279.08,298.0,0,0.0,0.0,,0.0,1,0.06,0.01,SPY200424C00302000,302.0,normalDay
2020-04-24,2624.0,-1503.0,6.0,100,282.97,298.0,0,0.0,0.0,,0.0,1,0.06,0.0,SPY200424C00302000,302.0,expirationDay
2020-04-27,2624.0,-1098.0,0.0,100,287.05,298.0,0,0.0,0.0,,0.0,1,0.1,0.13,SPY200501C00301000,301.0,normalDay
2020-04-28,2624.0,-1225.0,0.0,100,285.73,298.0,0,0.0,0.0,,0.0,1,0.1,0.08,SPY200501C00301000,301.0,normalDay
2020-04-29,2624.0,-498.0,0.0,100,293.21,298.0,0,0.0,0.0,,0.0,1,0.1,0.29,SPY200501C00301000,301.0,normalDay
2020-04-30,2624.0,-747.0,0.0,100,290.48,298.0,0,0.0,0.0,,0.0,1,0.1,0.05,SPY200501C00301000,301.0,normalDay
2020-05-01,2634.0,-1521.0,10.0,100,282.79,298.0,0,0.0,0.0,,0.0,1,0.1,0.0,SPY200501C00301000,301.0,expirationDay
2020-05-04,2634.0,-1446.0,0.0,100,283.57,298.0,0,0.0,0.0,,0.0,1,0.1,0.13,SPY200508C00297000,297.0,normalDay
2020-05-05,2634.0,-1188.0,0.0,100,286.19,298.0,0,0.0,0.0,,0.0,1,0.1,0.17,SPY200508C00297000,297.0,normalDay
2020-05-06,2634.0,-1370.0,0.0,100,284.25,298.0,0,0.0,0.0,,0.0,1,0.1,0.05,SPY200508C00297000,297.0,normalDay
2020-05-07,2634.0,-1025.0,0.0,100,287.68,298.0,0,0.0,0.0,,0.0,1,0.1,0.03,SPY200508C00297000,297.0,normalDay
2020-05-08,2644.0,-556.0,10.0,100,292.44,298.0,0,0.0,0.0,,0.0,1,0.1,0.0,SPY200508C00297000,297.0,expirationDay
2020-05-11,2644.0,-553.0,0.0,100,292.5,298.0,0,0.0,0.0,,0.0,1,0.91,0.94,SPY200515C00297000,297.0,normalDay
2020-05-12,2644.0,-1065.0,0.0,100,286.67,298.0,0,0.0,0.0,,0.0,1,0.91,0.23,SPY200515C00297000,297.0,normalDay
2020-05-13,2644.0,-1553.0,0.0,100,281.6,298.0,0,0.0,0.0,,0.0,1,0.91,0.04,SPY200515C00297000,297.0,normalDay
2020-05-14,2644.0,-1214.0,0.0,100,284.97,298.0,0,0.0,0.0,,0.0,1,0.91,0.02,SPY200515C00297000,297.0,normalDay
2020-05-15,2735.0,-1172.0,91.0,100,286.28,298.0,0,0.0,0.0,,0.0,1,0.91,0.0,SPY200515C00297000,297.0,expirationDay
2020-05-18,2735.0,-305.0,0.0,100,295.0,298.0,0,0.0,0.0,,0.0,1,1.72,1.77,SPY200522C00298000,298.0,normalDay
2020-05-19,2735.0,-515.0,0.0,100,291.97,298.0,0,0.0,0.0,,0.0,1,1.72,0.84,SPY200522C00298000,298.0,normalDay
2020-05-20,2735.0,-119.0,0.0,100,296.93,298.0,0,0.0,0.0,,0.0,1,1.72,1.84,SPY200522C00298000,298.0,normalDay
2020-05-21,2735.0,-180.0,0.0,100,294.88,298.0,0,0.0,0.0,,0.0,1,1.72,0.4,SPY200522C00298000,298.0,normalDay
2020-05-22,2907.0,-256.0,172.0,100,295.44,298.0,0,0.0,0.0,,0.0,1,1.72,0.0,SPY200522C00298000,298.0,expirationDay
2020-05-26,2907.0,103.0,0.0,100,299.08,298.0,0,0.0,0.0,,0.0,1,1.76,1.81,SPY200601C00302000,302.0,normalDay
2020-05-27,2907.0,346.0,0.0,100,303.53,298.0,0,0.0,0.0,,0.0,1,1.76,3.83,SPY200601C00302000,302.0,normalDay
2020-05-28,2907.0,295.0,0.0,100,302.97,298.0,0,0.0,0.0,,0.0,1,1.76,3.78,SPY200601C00302000,302.0,normalDay
2020-05-29,2907.0,414.0,0.0,100,304.32,298.0,0,0.0,0.0,,0.0,1,1.76,3.94,SPY200601C00302000,302.0,normalDay
2020-06-01,3483.0,414.0,576.0,0,305.55,0.0,0,0.0,0.0,,0.0,1,1.76,0.0,SPY200601C00302000,302.0,expirationDay
2020-06-02,3483.0,-12.0,0.0,0,308.08,0.0,1,10.06,10.18,SPY201016P00277000,277.0,0,0.0,0.0,,0.0,normalDay
2020-06-03,3483.0,99.0,0.0,0,312.18,0.0,1,10.06,9.07,SPY201016P00277000,277.0,0,0.0,0.0,,0.0,normalDay
2020-06-04,3483.0,101.0,0.0,0,311.36,0.0,1,10.06,9.05,SPY201016P00277000,277.0,0,0.0,0.0,,0.0,normalDay
2020-06-05,3483.0,287.0,0.0,0,319.34,0.0,1,10.06,7.19,SPY201016P00277000,277.0,0,0.0,0.0,,0.0,normalDay
2020-06-08,3483.0,324.0,0.0,0,323.2,0.0,1,10.06,6.82,SPY201016P00277000,277.0,0,0.0,0.0,,0.0,normalDay
2020-06-09,3483.0,234.0,0.0,0,320.79,0.0,1,10.06,7.72,SPY201016P00277000,277.0,0,0.0,0.0,,0.0,normalDay
2020-06-10,3483.0,191.0,0.0,0,319.0,0.0,1,10.06,8.15,SPY201016P00277000,277.0,0,0.0,0.0,,0.0,normalDay
2020-06-11,3483.0,-561.0,0.0,0,300.61,0.0,1,10.06,15.67,SPY201016P00277000,277.0,0,0.0,0.0,,0.0,normalDay
2020-06-12,3483.0,-380.0,0.0,0,304.21,0.0,1,10.06,13.86,SPY201016P00277000,277.0,0,0.0,0.0,,0.0,normalDay
2020-06-15,3483.0,-218.0,0.0,0,307.05,0.0,1,10.06,12.24,SPY201016P00277000,277.0,0,0.0,0.0,,0.0,normalDay
2020-06-16,3483.0,-82.0,0.0,0,312.96,0.0,1,10.06,10.88,SPY201016P00277000,277.0,0,0.0,0.0,,0.0,normalDay
2020-06-17,3483.0,-89.0,0.0,0,311.66,0.0,1,10.06,10.95,SPY201016P00277000,277.0,0,0.0,0.0,,0.0,normalDay
2020-06-18,3483.0,-73.0,0.0,0,311.78,0.0,1,10.06,10.79,SPY201016P00277000,277.0,0,0.0,0.0,,0.0,normalDay
2020-06-19,3483.0,-177.0,0.0,0,308.64,0.0,1,10.06,11.83,SPY201016P00277000,277.0,0,0.0,0.0,,0.0,normalDay
2020-06-22,3483.0,14.0,0.0,0,310.62,0.0,1,10.06,9.92,SPY201016P00277000,277.0,0,0.0,0.0,,0.0,normalDay
2020-06-23,3483.0,57.0,0.0,0,312.05,0.0,1,10.06,9.49,SPY201016P00277000,277.0,0,0.0,0.0,,0.0,normalDay
2020-06-24,3483.0,-152.0,0.0,0,304.09,0.0,1,10.06,11.58,SPY201016P00277000,277.0,0,0.0,0.0,,0.0,normalDay
2020-06-25,3483.0,-8.0,0.0,0,307.35,0.0,1,10.06,10.14,SPY201016P00277000,277.0,0,0.0,0.0,,0.0,normalDay
2020-06-26,3483.0,-210.0,0.0,0,300.05,0.0,1,10.06,12.16,SPY201016P00277000,277.0,0,0.0,0.0,,0.0,normalDay
2020-06-29,3483.0,-36.0,0.0,0,304.46,0.0,1,10.06,10.42,SPY201016P00277000,277.0,0,0.0,0.0,,0.0,normalDay
2020-06-30,3483.0,103.0,0.0,0,308.36,0.0,1,10.06,9.03,SPY201016P00277000,277.0,0,0.0,0.0,,0.0,normalDay
2020-07-01,3483.0,177.0,0.0,0,310.52,0.0,1,10.06,8.29,SPY201016P00277000,277.0,0,0.0,0.0,,0.0,normalDay
2020-07-02,3483.0,240.0,0.0,0,312.23,0.0,1,10.06,7.66,SPY201016P00277000,277.0,0,0.0,0.0,,0.0,normalDay
2020-07-06,3483.0,324.0,0.0,0,317.05,0.0,1,10.06,6.82,SPY201016P00277000,277.0,0,0.0,0.0,,0.0,normalDay
2020-07-07,3483.0,244.0,0.0,0,313.78,0.0,1,10.06,7.62,SPY201016P00277000,277.0,0,0.0,0.0,,0.0,normalDay
2020-07-08,3483.0,318.0,0.0,0,316.18,0.0,1,10.06,6.88,SPY201016P00277000,277.0,0,0.0,0.0,,0.0,normalDay
2020-07-09,3483.0,260.0,0.0,0,314.38,0.0,1,10.06,7.46,SPY201016P00277000,277.0,0,0.0,0.0,,0.0,normalDay
2020-07-10,3483.0,352.0,0.0,0,317.59,0.0,1,10.06,6.54,SPY201016P00277000,277.0,0,0.0,0.0,,0.0,normalDay
2020-07-13,3483.0,194.0,0.0,0,314.84,0.0,1,10.06,8.12,SPY201016P00277000,277.0,0,0.0,0.0,,0.0,normalDay
2020-07-14,3483.0,341.0,0.0,0,318.92,0.0,1,10.06,6.65,SPY201016P00277000,277.0,0,0.0,0.0,,0.0,normalDay
2020-07-15,3483.0,416.0,0.0,0,321.85,0.0,1,10.06,5.9,SPY201016P00277000,277.0,0,0.0,0.0,,0.0,normalDay
2020-07-16,3483.0,399.0,0.0,0,320.79,0.0,1,10.06,6.07,SPY201016P00277000,277.0,0,0.0,0.0,,0.0,normalDay
2020-07-17,3483.0,491.0,0.0,0,321.72,0.0,1,10.06,5.15,SPY201016P00277000,277.0,0,0.0,0.0,,0.0,normalDay
2020-07-20,3483.0,567.0,0.0,0,324.32,0.0,1,10.06,4.39,SPY201016P00277000,277.0,0,0.0,0.0,,0.0,normalDay
2020-07-21,3483.0,572.0,0.0,0,325.01,0.0,1,10.06,4.34,SPY201016P00277000,277.0,0,0.0,0.0,,0.0,normalDay
2020-07-22,3483.0,600.0,0.0,0,326.86,0.0,1,10.06,4.06,SPY201016P00277000,277.0,0,0.0,0.0,,0.0,normalDay
2020-07-23,3483.0,528.0,0.0,0,322.96,0.0,1,10.06,4.78,SPY201016P00277000,277.0,0,0.0,0.0,,0.0,normalDay
2020-07-24,3483.0,526.0,0.0,0,320.88,0.0,1,10.06,4.8,SPY201016P00277000,277.0,0,0.0,0.0,,0.0,normalDay
2020-07-27,3483.0,586.0,0.0,0,323.22,0.0,1,10.06,4.2,SPY201016P00277000,277.0,0,0.0,0.0,,0.0,normalDay
2020-07-28,3483.0,560.0,0.0,0,321.17,0.0,1,10.06,4.46,SPY201016P00277000,277.0,0,0.0,0.0,,0.0,normalDay
2020-07-29,3483.0,624.0,0.0,0,325.12,0.0,1,10.06,3.82,SPY201016P00277000,277.0,0,0.0,0.0,,0.0,normalDay
2020-07-30,3483.0,602.0,0.0,0,323.96,0.0,1,10.06,4.04,SPY201016P00277000,277.0,0,0.0,0.0,,0.0,normalDay
2020-07-31,3483.0,648.0,0.0,0,326.52,0.0,1,10.06,3.58,SPY201016P00277000,277.0,0,0.0,0.0,,0.0,normalDay
2020-08-03,3483.0,680.0,0.0,0,328.79,0.0,1,10.06,3.26,SPY201016P00277000,277.0,0,0.0,0.0,,0.0,normalDay
2020-08-04,3483.0,708.0,0.0,0,330.06,0.0,1,10.06,2.98,SPY201016P00277000,277.0,0,0.0,0.0,,0.0,normalDay
2020-08-05,3483.0,738.0,0.0,0,332.11,0.0,1,10.06,2.68,SPY201016P00277000,277.0,0,0.0,0.0,,0.0,normalDay
2020-08-06,3483.0,758.0,0.0,0,334.33,0.0,1,10.06,2.48,SPY201016P00277000,277.0,0,0.0,0.0,,0.0,normalDay
2020-08-07,3483.0,765.0,0.0,0,334.57,0.0,1,10.06,2.41,SPY201016P00277000,277.0,0,0.0,0.0,,0.0,normalDay
2020-08-10,3483.0,787.0,0.0,0,335.57,0.0,1,10.06,2.19,SPY201016P00277000,277.0,0,0.0,0.0,,0.0,normalDay
2020-08-11,3483.0,744.0,0.0,0,332.8,0.0,1,10.06,2.62,SPY201016P00277000,277.0,0,0.0,0.0,,0.0,normalDay
2020-08-12,3483.0,800.0,0.0,0,337.44,0.0,1,10.06,2.06,SPY201016P00277000,277.0,0,0.0,0.0,,0.0,normalDay
2020-08-13,3483.0,799.0,0.0,0,336.83,0.0,1,10.06,2.07,SPY201016P00277000,277.0,0,0.0,0.0,,0.0,normalDay
2020-08-14,3483.0,807.0,0.0,0,336.84,0.0,1,10.06,1.99,SPY201016P00277000,277.0,0,0.0,0.0,,0.0,normalDay
2020-08-17,3483.0,837.0,0.0,0,337.91,0.0,1,10.06,1.69,SPY201016P00277000,277.0,0,0.0,0.0,,0.0,normalDay
2020-08-18,3483.0,845.0,0.0,0,338.64,0.0,1,10.06,1.61,SPY201016P00277000,277.0,0,0.0,0.0,,0.0,normalDay
2020-08-19,3483.0,831.0,0.0,0,337.23,0.0,1,10.06,1.75,SPY201016P00277000,277.0,0,0.0,0.0,,0.0,normalDay
2020-08-20,3483.0,838.0,0.0,0,338.28,0.0,1,10.06,1.68,SPY201016P00277000,277.0,0,0.0,0.0,,0.0,normalDay
2020-08-21,3483.0,851.0,0.0,0,339.48,0.0,1,10.06,1.55,SPY201016P00277000,277.0,0,0.0,0.0,,0.0,normalDay
2020-08-24,3483.0,872.0,0.0,0,342.92,0.0,1,10.06,1.34,SPY201016P00277000,277.0,0,0.0,0.0,,0.0,normalDay
2020-08-25,3483.0,886.0,0.0,0,344.12,0.0,1,10.06,1.2,SPY201016P00277000,277.0,0,0.0,0.0,,0.0,normalDay
2020-08-26,3483.0,889.0,0.0,0,347.57,0.0,1,10.06,1.17,SPY201016P00277000,277.0,0,0.0,0.0,,0.0,normalDay
2020-08-27,3483.0,881.0,0.0,0,348.33,0.0,1,10.06,1.25,SPY201016P00277000,277.0,0,0.0,0.0,,0.0,normalDay
2020-08-28,3483.0,900.0,0.0,0,350.58,0.0,1,10.06,1.06,SPY201016P00277000,277.0,0,0.0,0.0,,0.0,normalDay
2020-08-31,3483.0,877.0,0.0,0,349.31,0.0,1,10.06,1.29,SPY201016P00277000,277.0,0,0.0,0.0,,0.0,normalDay
2020-09-01,3483.0,886.0,0.0,0,352.6,0.0,1,10.06,1.2,SPY201016P00277000,277.0,0,0.0,0.0,,0.0,normalDay
2020-09-02,3483.0,904.0,0.0,0,357.7,0.0,1,10.06,1.02,SPY201016P00277000,277.0,0,0.0,0.0,,0.0,normalDay
2020-09-03,3483.0,817.0,0.0,0,345.39,0.0,1,10.06,1.89,SPY201016P00277000,277.0,0,0.0,0.0,,0.0,normalDay
2020-09-04,3483.0,842.0,0.0,0,342.57,0.0,1,10.06,1.64,SPY201016P00277000,277.0,0,0.0,0.0,,0.0,normalDay
2020-09-08,3483.0,836.0,0.0,0,333.21,0.0,1,10.06,1.7,SPY201016P00277000,277.0,0,0.0,0.0,,0.0,normalDay
2020-09-09,3483.0,891.0,0.0,0,339.79,0.0,1,10.06,1.15,SPY201016P00277000,277.0,0,0.0,0.0,,0.0,normalDay
2020-09-10,3483.0,878.0,0.0,0,333.89,0.0,1,10.06,1.28,SPY201016P00277000,277.0,0,0.0,0.0,,0.0,normalDay
2020-09-11,3483.0,914.0,0.0,0,334.06,0.0,1,10.06,0.92,SPY201016P00277000,277.0,0,0.0,0.0,,0.0,normalDay
2020-09-14,3483.0,944.0,0.0,0,338.46,0.0,1,10.06,0.62,SPY201016P00277000,277.0,0,0.0,0.0,,0.0,normalDay
2020-09-15,3483.0,946.0,0.0,0,340.17,0.0,1,10.06,0.6,SPY201016P00277000,277.0,0,0.0,0.0,,0.0,normalDay
2020-09-16,3483.0,944.0,0.0,0,338.82,0.0,1,10.06,0.62,SPY201016P00277000,277.0,0,0.0,0.0,,0.0,normalDay
2020-09-17,3483.0,941.0,0.0,0,335.84,0.0,1,10.06,0.65,SPY201016P00277000,277.0,0,0.0,0.0,,0.0,normalDay
2020-09-18,3483.0,948.0,0.0,0,330.65,0.0,1,10.06,0.58,SPY201016P00277000,277.0,0,0.0,0.0,,0.0,normalDay
2020-09-21,3483.0,945.0,0.0,0,326.97,0.0,1,10.06,0.61,SPY201016P00277000,277.0,0,0.0,0.0,,0.0,normalDay
2020-09-22,3483.0,960.0,0.0,0,330.3,0.0,1,10.06,0.46,SPY201016P00277000,277.0,0,0.0,0.0,,0.0,normalDay
2020-09-23,3483.0,935.0,0.0,0,322.64,0.0,1,10.06,0.71,SPY201016P00277000,277.0,0,0.0,0.0,,0.0,normalDay
2020-09-24,3483.0,945.0,0.0,0,323.5,0.0,1,10.06,0.61,SPY201016P00277000,277.0,0,0.0,0.0,,0.0,normalDay
2020-09-25,3483.0,970.0,0.0,0,328.73,0.0,1,10.06,0.36,SPY201016P00277000,277.0,0,0.0,0.0,,0.0,normalDay
2020-09-28,3483.0,983.0,0.0,0,334.19,0.0,1,10.06,0.23,SPY201016P00277000,277.0,0,0.0,0.0,,0.0,normalDay
2020-09-29,3483.0,984.0,0.0,0,332.37,0.0,1,10.06,0.22,SPY201016P00277000,277.0,0,0.0,0.0,,0.0,normalDay
2020-09-30,3483.0,988.0,0.0,0,334.89,0.0,1,10.06,0.18,SPY201016P00277000,277.0,0,0.0,0.0,,0.0,normalDay
2020-10-01,3483.0,996.0,0.0,0,337.04,0.0,1,10.06,0.1,SPY201016P00277000,277.0,0,0.0,0.0,,0.0,normalDay
2020-10-02,3483.0,996.0,0.0,0,333.84,0.0,1,10.06,0.1,SPY201016P00277000,277.0,0,0.0,0.0,,0.0,normalDay
2020-10-05,3483.0,1001.0,0.0,0,339.76,0.0,1,10.06,0.05,SPY201016P00277000,277.0,0,0.0,0.0,,0.0,normalDay
2020-10-06,3483.0,999.0,0.0,0,334.93,0.0,1,10.06,0.07,SPY201016P00277000,277.0,0,0.0,0.0,,0.0,normalDay
2020-10-07,3483.0,1003.0,0.0,0,340.76,0.0,1,10.06,0.03,SPY201016P00277000,277.0,0,0.0,0.0,,0.0,normalDay
2020-10-08,3483.0,1004.0,0.0,0,343.78,0.0,1,10.06,0.02,SPY201016P00277000,277.0,0,0.0,0.0,,0.0,normalDay
2020-10-09,3483.0,1004.0,0.0,0,346.85,0.0,1,10.06,0.02,SPY201016P00277000,277.0,0,0.0,0.0,,0.0,normalDay
2020-10-12,3483.0,1004.0,0.0,0,352.43,0.0,1,10.06,0.02,SPY201016P00277000,277.0,0,0.0,0.0,,0.0,normalDay
2020-10-13,3483.0,1005.0,0.0,0,350.13,0.0,1,10.06,0.01,SPY201016P00277000,277.0,0,0.0,0.0,,0.0,normalDay
2020-10-14,3483.0,1005.0,0.0,0,347.93,0.0,1,10.06,0.01,SPY201016P00277000,277.0,0,0.0,0.0,,0.0,normalDay
2020-10-15,3483.0,1005.0,0.0,0,347.5,0.0,1,10.06,0.01,SPY201016P00277000,277.0,0,0.0,0.0,,0.0,normalDay
2020-10-16,4489.0,0.0,1006.0,0,347.29,0.0,1,10.06,0.0,SPY201016P00277000,277.0,0,0.0,0.0,,0.0,expirationDay
2020-10-19,4489.0,-9.0,0.0,0,342.01,0.0,1,12.82,12.91,SPY210219P00320000,320.0,0,0.0,0.0,,0.0,normalDay
2020-10-20,4489.0,13.0,0.0,0,343.38,0.0,1,12.82,12.69,SPY210219P00320000,320.0,0,0.0,0.0,,0.0,normalDay
2020-10-21,4489.0,67.0,0.0,0,342.73,0.0,1,12.82,12.15,SPY210219P00320000,320.0,0,0.0,0.0,,0.0,normalDay
2020-10-22,4489.0,116.0,0.0,0,344.61,0.0,1,12.82,11.66,SPY210219P00320000,320.0,0,0.0,0.0,,0.0,normalDay
2020-10-23,4489.0,158.0,0.0,0,345.78,0.0,1,12.82,11.24,SPY210219P00320000,320.0,0,0.0,0.0,,0.0,normalDay
2020-10-26,4489.0,-83.0,0.0,0,339.39,0.0,1,12.82,13.65,SPY210219P00320000,320.0,0,0.0,0.0,,0.0,normalDay
2020-10-27,4489.0,-118.0,0.0,0,338.22,0.0,1,12.82,14.0,SPY210219P00320000,320.0,0,0.0,0.0,,0.0,normalDay
2020-10-28,4489.0,-721.0,0.0,0,326.66,0.0,1,12.82,20.03,SPY210219P00320000,320.0,0,0.0,0.0,,0.0,normalDay
2020-10-29,4489.0,-445.0,0.0,0,329.98,0.0,1,12.82,17.27,SPY210219P00320000,320.0,0,0.0,0.0,,0.0,normalDay
2020-10-30,4489.0,-596.0,0.0,0,326.54,0.0,1,12.82,18.78,SPY210219P00320000,320.0,0,0.0,0.0,,0.0,normalDay
2020-11-02,4489.0,-380.0,0.0,0,330.2,0.0,1,12.82,16.62,SPY210219P00320000,320.0,0,0.0,0.0,,0.0,normalDay
2020-11-03,4489.0,-157.0,0.0,0,336.03,0.0,1,12.82,14.39,SPY210219P00320000,320.0,0,0.0,0.0,,0.0,normalDay
2020-11-04,4489.0,196.0,0.0,0,343.54,0.0,1,12.82,10.86,SPY210219P00320000,320.0,0,0.0,0.0,,0.0,normalDay
2020-11-05,4489.0,346.0,0.0,0,350.24,0.0,1,12.82,9.36,SPY210219P00320000,320.0,0,0.0,0.0,,0.0,normalDay
2020-11-06,4489.0,415.0,0.0,0,350.16,0.0,1,12.82,8.67,SPY210219P00320000,320.0,0,0.0,0.0,,0.0,normalDay
2020-11-09,4489.0,553.0,0.0,0,354.56,0.0,1,12.82,7.29,SPY210219P00320000,320.0,0,0.0,0.0,,0.0,normalDay
2020-11-10,4489.0,566.0,0.0,0,354.04,0.0,1,12.82,7.16,SPY210219P00320000,320.0,0,0.0,0.0,,0.0,normalDay
2020-11-11,4489.0,648.0,0.0,0,356.67,0.0,1,12.82,6.34,SPY210219P00320000,320.0,0,0.0,0.0,,0.0,normalDay
2020-11-12,4489.0,536.0,0.0,0,353.21,0.0,1,12.82,7.46,SPY210219P00320000,320.0,0,0.0,0.0,,0.0,normalDay
2020-11-13,4489.0,658.0,0.0,0,358.1,0.0,1,12.82,6.24,SPY210219P00320000,320.0,0,0.0,0.0,,0.0,normalDay
2020-11-16,4489.0,742.0,0.0,0,362.57,0.0,1,12.82,5.4,SPY210219P00320000,320.0,0,0.0,0.0,,0.0,normalDay
2020-11-17,4489.0,729.0,0.0,0,360.62,0.0,1,12.82,5.53,SPY210219P00320000,320.0,0,0.0,0.0,,0.0,normalDay
2020-11-18,4489.0,653.0,0.0,0,356.28,0.0,1,12.82,6.29,SPY210219P00320000,320.0,0,0.0,0.0,,0.0,normalDay
2020-11-19,4489.0,705.0,0.0,0,357.78,0.0,1,12.82,5.77,SPY210219P00320000,320.0,0,0.0,0.0,,0.0,normalDay
2020-11-20,4489.0,659.0,0.0,0,355.33,0.0,1,12.82,6.23,SPY210219P00320000,320.0,0,0.0,0.0,,0.0,normalDay
2020-11-23,4489.0,732.0,0.0,0,357.46,0.0,1,12.82,5.5,SPY210219P00320000,320.0,0,0.0,0.0,,0.0,normalDay
2020-11-24,4489.0,828.0,0.0,0,363.22,0.0,1,12.82,4.54,SPY210219P00320000,320.0,0,0.0,0.0,,0.0,normalDay
2020-11-25,4489.0,843.0,0.0,0,362.66,0.0,1,12.82,4.39,SPY210219P00320000,320.0,0,0.0,0.0,,0.0,normalDay
2020-11-27,4489.0,868.0,0.0,0,363.67,0.0,1,12.82,4.14,SPY210219P00320000,320.0,0,0.0,0.0,,0.0,normalDay
2020-11-30,4489.0,885.0,0.0,0,362.06,0.0,1,12.82,3.97,SPY210219P00320000,320.0,0,0.0,0.0,,0.0,normalDay
2020-12-01,4489.0,913.0,0.0,0,366.02,0.0,1,12.82,3.69,SPY210219P00320000,320.0,0,0.0,0.0,,0.0,normalDay
2020-12-02,4489.0,928.0,0.0,0,366.79,0.0,1,12.82,3.54,SPY210219P00320000,320.0,0,0.0,0.0,,0.0,normalDay
2020-12-03,4489.0,924.0,0.0,0,366.69,0.0,1,12.82,3.58,SPY210219P00320000,320.0,0,0.0,0.0,,0.0,normalDay
2020-12-04,4489.0,970.0,0.0,0,369.85,0.0,1,12.82,3.12,SPY210219P00320000,320.0,0,0.0,0.0,,0.0,normalDay
2020-12-07,4489.0,966.0,0.0,0,369.09,0.0,1,12.82,3.16,SPY210219P00320000,320.0,0,0.0,0.0,,0.0,normalDay
2020-12-08,4489.0,1005.0,0.0,0,370.17,0.0,1,12.82,2.77,SPY210219P00320000,320.0,0,0.0,0.0,,0.0,normalDay
2020-12-09,4489.0,955.0,0.0,0,366.85,0.0,1,12.82,3.27,SPY210219P00320000,320.0,0,0.0,0.0,,0.0,normalDay
2020-12-10,4489.0,958.0,0.0,0,366.73,0.0,1,12.82,3.24,SPY210219P00320000,320.0,0,0.0,0.0,,0.0,normalDay
2020-12-11,4489.0,932.0,0.0,0,366.3,0.0,1,12.82,3.5,SPY210219P00320000,320.0,0,0.0,0.0,,0.0,normalDay
2020-12-14,4489.0,908.0,0.0,0,364.66,0.0,1,12.82,3.74,SPY210219P00320000,320.0,0,0.0,0.0,,0.0,normalDay
2020-12-15,4489.0,974.0,0.0,0,369.59,0.0,1,12.82,3.08,SPY210219P00320000,320.0,0,0.0,0.0,,0.0,normalDay
2020-12-16,4489.0,1005.0,0.0,0,370.17,0.0,1,12.82,2.77,SPY210219P00320000,320.0,0,0.0,0.0,,0.0,normalDay
2020-12-17,4489.0,1040.0,0.0,0,372.24,0.0,1,12.82,2.42,SPY210219P00320000,320.0,0,0.0,0.0,,0.0,normalDay
2020-12-18,4489.0,1039.0,0.0,0,369.18,0.0,1,12.82,2.43,SPY210219P00320000,320.0,0,0.0,0.0,,0.0,normalDay
2020-12-21,4489.0,972.0,0.0,0,367.86,0.0,1,12.82,3.1,SPY210219P00320000,320.0,0,0.0,0.0,,0.0,normalDay
2020-12-22,4489.0,995.0,0.0,0,367.24,0.0,1,12.82,2.87,SPY210219P00320000,320.0,0,0.0,0.0,,0.0,normalDay
2020-12-23,4489.0,1024.0,0.0,0,367.57,0.0,1,12.82,2.58,SPY210219P00320000,320.0,0,0.0,0.0,,0.0,normalDay
2020-12-24,4489.0,1066.0,0.0,0,369.0,0.0,1,12.82,2.16,SPY210219P00320000,320.0,0,0.0,0.0,,0.0,normalDay
2020-12-28,4489.0,1102.0,0.0,0,372.17,0.0,1,12.82,1.8,SPY210219P00320000,320.0,0,0.0,0.0,,0.0,normalDay
2020-12-29,4489.0,1079.0,0.0,0,371.46,0.0,1,12.82,2.03,SPY210219P00320000,320.0,0,0.0,0.0,,0.0,normalDay
2020-12-30,4489.0,1107.0,0.0,0,371.99,0.0,1,12.82,1.75,SPY210219P00320000,320.0,0,0.0,0.0,,0.0,normalDay
2020-12-31,4489.0,1123.0,0.0,0,373.88,0.0,1,12.82,1.59,SPY210219P00320000,320.0,0,0.0,0.0,,0.0,normalDay
2021-01-04,4489.0,1063.0,0.0,0,368.79,0.0,1,12.82,2.19,SPY210219P00320000,320.0,0,0.0,0.0,,0.0,normalDay
2021-01-05,4489.0,1098.0,0.0,0,371.33,0.0,1,12.82,1.84,SPY210219P00320000,320.0,0,0.0,0.0,,0.0,normalDay
2021-01-06,4489.0,1110.0,0.0,0,373.55,0.0,1,12.82,1.72,SPY210219P00320000,320.0,0,0.0,0.0,,0.0,normalDay
2021-01-07,4489.0,1173.0,0.0,0,379.1,0.0,1,12.82,1.09,SPY210219P00320000,320.0,0,0.0,0.0,,0.0,normalDay
2021-01-08,4489.0,1185.0,0.0,0,381.26,0.0,1,12.82,0.97,SPY210219P00320000,320.0,0,0.0,0.0,,0.0,normalDay
2021-01-11,4489.0,1166.0,0.0,0,378.69,0.0,1,12.82,1.16,SPY210219P00320000,320.0,0,0.0,0.0,,0.0,normalDay
2021-01-12,4489.0,1179.0,0.0,0,378.77,0.0,1,12.82,1.03,SPY210219P00320000,320.0,0,0.0,0.0,,0.0,normalDay
2021-01-13,4489.0,1193.0,0.0,0,379.79,0.0,1,12.82,0.89,SPY210219P00320000,320.0,0,0.0,0.0,,0.0,normalDay
2021-01-14,4489.0,1183.0,0.0,0,378.46,0.0,1,12.82,0.99,SPY210219P00320000,320.0,0,0.0,0.0,,0.0,normalDay
2021-01-15,4489.0,1165.0,0.0,0,375.7,0.0,1,12.82,1.17,SPY210219P00320000,320.0,0,0.0,0.0,,0.0,normalDay
2021-01-19,4489.0,1200.0,0.0,0,378.65,0.0,1,12.82,0.82,SPY210219P00320000,320.0,0,0.0,0.0,,0.0,normalDay
2021-01-20,4489.0,1223.0,0.0,0,383.89,0.0,1,12.82,0.59,SPY210219P00320000,320.0,0,0.0,0.0,,0.0,normalDay
2021-01-21,4489.0,1230.0,0.0,0,384.24,0.0,1,12.82,0.52,SPY210219P00320000,320.0,0,0.0,0.0,,0.0,normalDay
2021-01-22,4489.0,1228.0,0.0,0,382.88,0.0,1,12.82,0.54,SPY210219P00320000,320.0,0,0.0,0.0,,0.0,normalDay
2021-01-25,4489.0,1233.0,0.0,0,384.39,0.0,1,12.82,0.49,SPY210219P00320000,320.0,0,0.0,0.0,,0.0,normalDay
2021-01-26,4489.0,1239.0,0.0,0,383.79,0.0,1,12.82,0.43,SPY210219P00320000,320.0,0,0.0,0.0,,0.0,normalDay
2021-01-27,4489.0,1143.0,0.0,0,374.41,0.0,1,12.82,1.39,SPY210219P00320000,320.0,0,0.0,0.0,,0.0,normalDay
2021-01-28,4489.0,1186.0,0.0,0,377.63,0.0,1,12.82,0.96,SPY210219P00320000,320.0,0,0.0,0.0,,0.0,normalDay
2021-01-29,4489.0,1125.0,0.0,0,370.07,0.0,1,12.82,1.57,SPY210219P00320000,320.0,0,0.0,0.0,,0.0,normalDay
2021-02-01,4489.0,1213.0,0.0,0,376.23,0.0,1,12.82,0.69,SPY210219P00320000,320.0,0,0.0,0.0,,0.0,normalDay
2021-02-02,4489.0,1248.0,0.0,0,381.55,0.0,1,12.82,0.34,SPY210219P00320000,320.0,0,0.0,0.0,,0.0,normalDay
2021-02-03,4489.0,1262.0,0.0,0,381.85,0.0,1,12.82,0.2,SPY210219P00320000,320.0,0,0.0,0.0,,0.0,normalDay
2021-02-04,4489.0,1269.0,0.0,0,386.19,0.0,1,12.82,0.13,SPY210219P00320000,320.0,0,0.0,0.0,,0.0,normalDay
2021-02-05,4489.0,1274.0,0.0,0,387.71,0.0,1,12.82,0.08,SPY210219P00320000,320.0,0,0.0,0.0,,0.0,normalDay
2021-02-08,4489.0,1276.0,0.0,0,390.51,0.0,1,12.82,0.06,SPY210219P00320000,320.0,0,0.0,0.0,,0.0,normalDay
2021-02-09,4489.0,1276.0,0.0,0,390.25,0.0,1,12.82,0.06,SPY210219P00320000,320.0,0,0.0,0.0,,0.0,normalDay
2021-02-10,4489.0,1275.0,0.0,0,390.08,0.0,1,12.82,0.07,SPY210219P00320000,320.0,0,0.0,0.0,,0.0,normalDay
2021-02-11,4489.0,1278.0,0.0,0,390.71,0.0,1,12.82,0.04,SPY210219P00320000,320.0,0,0.0,0.0,,0.0,normalDay
2021-02-12,4489.0,1279.0,0.0,0,392.64,0.0,1,12.82,0.03,SPY210219P00320000,320.0,0,0.0,0.0,,0.0,normalDay
2021-02-16,4489.0,1280.0,0.0,0,392.3,0.0,1,12.82,0.02,SPY210219P00320000,320.0,0,0.0,0.0,,0.0,normalDay
2021-02-17,4489.0,1281.0,0.0,0,392.39,0.0,1,12.82,0.01,SPY210219P00320000,320.0,0,0.0,0.0,,0.0,normalDay
2021-02-18,4489.0,1281.0,0.0,0,390.72,0.0,1,12.82,0.01,SPY210219P00320000,320.0,0,0.0,0.0,,0.0,normalDay
2021-02-19,5771.0,0.0,1282.0,0,390.03,0.0,1,12.82,0.0,SPY210219P00320000,320.0,0,0.0,0.0,,0.0,expirationDay
2021-02-22,5771.0,-10.0,0.0,0,387.03,0.0,1,15.36,15.46,SPY210630P00372000,372.0,0,0.0,0.0,,0.0,normalDay
2021-02-23,5771.0,44.0,0.0,0,387.5,0.0,1,15.36,14.92,SPY210630P00372000,372.0,0,0.0,0.0,,0.0,normalDay
2021-02-24,5771.0,229.0,0.0,0,391.77,0.0,1,15.36,13.07,SPY210630P00372000,372.0,0,0.0,0.0,,0.0,normalDay
2021-02-25,5771.0,-216.0,0.0,0,382.33,0.0,1,15.36,17.52,SPY210630P00372000,372.0,0,0.0,0.0,,0.0,normalDay
2021-02-26,5771.0,-212.0,0.0,0,380.36,0.0,1,15.36,17.48,SPY210630P00372000,372.0,0,0.0,0.0,,0.0,normalDay
2021-03-01,5771.0,199.0,0.0,0,389.58,0.0,1,15.36,13.37,SPY210630P00372000,372.0,0,0.0,0.0,,0.0,normalDay
2021-03-02,5771.0,89.0,0.0,0,386.54,0.0,1,15.36,14.47,SPY210630P00372000,372.0,0,0.0,0.0,,0.0,normalDay
2021-03-03,5771.0,-116.0,0.0,0,381.42,0.0,1,15.36,16.52,SPY210630P00372000,372.0,0,0.0,0.0,,0.0,normalDay
2021-03-04,5771.0,-312.0,0.0,0,376.7,0.0,1,15.36,18.48,SPY210630P00372000,372.0,0,0.0,0.0,,0.0,normalDay
2021-03-05,5771.0,39.0,0.0,0,383.63,0.0,1,15.36,14.97,SPY210630P00372000,372.0,0,0.0,0.0,,0.0,normalDay
2021-03-08,5771.0,-5.0,0.0,0,381.72,0.0,1,15.36,15.41,SPY210630P00372000,372.0,0,0.0,0.0,,0.0,normalDay
2021-03-09,5771.0,187.0,0.0,0,387.17,0.0,1,15.36,13.49,SPY210630P00372000,372.0,0,0.0,0.0,,0.0,normalDay
2021-03-10,5771.0,296.0,0.0,0,389.58,0.0,1,15.36,12.4,SPY210630P00372000,372.0,0,0.0,0.0,,0.0,normalDay
2021-03-11,5771.0,409.0,0.0,0,393.53,0.0,1,15.36,11.27,SPY210630P00372000,372.0,0,0.0,0.0,,0.0,normalDay
2021-03-12,5771.0,466.0,0.0,0,394.06,0.0,1,15.36,10.7,SPY210630P00372000,372.0,0,0.0,0.0,,0.0,normalDay
2021-03-15,5771.0,575.0,0.0,0,396.41,0.0,1,15.36,9.61,SPY210630P00372000,372.0,0,0.0,0.0,,0.0,normalDay
2021-03-16,5771.0,565.0,0.0,0,395.91,0.0,1,15.36,9.71,SPY210630P00372000,372.0,0,0.0,0.0,,0.0,normalDay
2021-03-17,5771.0,640.0,0.0,0,397.26,0.0,1,15.36,8.96,SPY210630P00372000,372.0,0,0.0,0.0,,0.0,normalDay
2021-03-18,5771.0,476.0,0.0,0,391.48,0.0,1,15.36,10.6,SPY210630P00372000,372.0,0,0.0,0.0,,0.0,normalDay
2021-03-19,5771.0,465.0,0.0,0,389.48,0.0,1,15.36,10.71,SPY210630P00372000,372.0,0,0.0,0.0,,0.0,normalDay
2021-03-22,5771.0,671.0,0.0,0,392.59,0.0,1,15.36,8.65,SPY210630P00372000,372.0,0,0.0,0.0,,0.0,normalDay
2021-03-23,5771.0,568.0,0.0,0,389.5,0.0,1,15.36,9.68,SPY210630P00372000,372.0,0,0.0,0.0,,0.0,normalDay
2021-03-24,5771.0,503.0,0.0,0,387.52,0.0,1,15.36,10.33,SPY210630P00372000,372.0,0,0.0,0.0,,0.0,normalDay
2021-03-25,5771.0,614.0,0.0,0,389.7,0.0,1,15.36,9.22,SPY210630P00372000,372.0,0,0.0,0.0,,0.0,normalDay
2021-03-26,5771.0,787.0,0.0,0,395.98,0.0,1,15.36,7.49,SPY210630P00372000,372.0,0,0.0,0.0,,0.0,normalDay
2021-03-29,5771.0,761.0,0.0,0,395.78,0.0,1,15.36,7.75,SPY210630P00372000,372.0,0,0.0,0.0,,0.0,normalDay
2021-03-30,5771.0,781.0,0.0,0,394.73,0.0,1,15.36,7.55,SPY210630P00372000,372.0,0,0.0,0.0,,0.0,normalDay
2021-03-31,5771.0,830.0,0.0,0,396.33,0.0,1,15.36,7.06,SPY210630P00372000,372.0,0,0.0,0.0,,0.0,normalDay
2021-04-01,5771.0,964.0,0.0,0,400.61,0.0,1,15.36,5.72,SPY210630P00372000,372.0,0,0.0,0.0,,0.0,normalDay
2021-04-05,5771.0,1066.0,0.0,0,406.36,0.0,1,15.36,4.7,SPY210630P00372000,372.0,0,0.0,0.0,,0.0,normalDay
2021-04-06,5771.0,1056.0,0.0,0,406.12,0.0,1,15.36,4.8,SPY210630P00372000,372.0,0,0.0,0.0,,0.0,normalDay
2021-04-07,5771.0,1088.0,0.0,0,406.59,0.0,1,15.36,4.48,SPY210630P00372000,372.0,0,0.0,0.0,,0.0,normalDay
2021-04-08,5771.0,1111.0,0.0,0,408.52,0.0,1,15.36,4.25,SPY210630P00372000,372.0,0,0.0,0.0,,0.0,normalDay
2021-04-09,5771.0,1137.0,0.0,0,411.49,0.0,1,15.36,3.99,SPY210630P00372000,372.0,0,0.0,0.0,,0.0,normalDay
2021-04-12,5771.0,1154.0,0.0,0,411.64,0.0,1,15.36,3.82,SPY210630P00372000,372.0,0,0.0,0.0,,0.0,normalDay
2021-04-13,5771.0,1183.0,0.0,0,412.86,0.0,1,15.36,3.53,SPY210630P00372000,372.0,0,0.0,0.0,,0.0,normalDay
2021-04-14,5771.0,1165.0,0.0,0,411.45,0.0,1,15.36,3.71,SPY210630P00372000,372.0,0,0.0,0.0,,0.0,normalDay
2021-04-15,5771.0,1215.0,0.0,0,415.87,0.0,1,15.36,3.21,SPY210630P00372000,372.0,0,0.0,0.0,,0.0,normalDay
2021-04-16,5771.0,1232.0,0.0,0,417.26,0.0,1,15.36,3.04,SPY210630P00372000,372.0,0,0.0,0.0,,0.0,normalDay
2021-04-19,5771.0,1200.0,0.0,0,415.21,0.0,1,15.36,3.36,SPY210630P00372000,372.0,0,0.0,0.0,,0.0,normalDay
2021-04-20,5771.0,1140.0,0.0,0,412.17,0.0,1,15.36,3.96,SPY210630P00372000,372.0,0,0.0,0.0,,0.0,normalDay
2021-04-21,5771.0,1216.0,0.0,0,416.07,0.0,1,15.36,3.2,SPY210630P00372000,372.0,0,0.0,0.0,,0.0,normalDay
2021-04-22,5771.0,1145.0,0.0,0,412.27,0.0,1,15.36,3.91,SPY210630P00372000,372.0,0,0.0,0.0,,0.0,normalDay
2021-04-23,5771.0,1232.0,0.0,0,416.74,0.0,1,15.36,3.04,SPY210630P00372000,372.0,0,0.0,0.0,,0.0,normalDay
2021-04-26,5771.0,1254.0,0.0,0,417.61,0.0,1,15.36,2.82,SPY210630P00372000,372.0,0,0.0,0.0,,0.0,normalDay
2021-04-27,5771.0,1263.0,0.0,0,417.52,0.0,1,15.36,2.73,SPY210630P00372000,372.0,0,0.0,0.0,,0.0,normalDay
2021-04-28,5771.0,1281.0,0.0,0,417.4,0.0,1,15.36,2.55,SPY210630P00372000,372.0,0,0.0,0.0,,0.0,normalDay
2021-04-29,5771.0,1290.0,0.0,0,420.06,0.0,1,15.36,2.46,SPY210630P00372000,372.0,0,0.0,0.0,,0.0,normalDay
2021-04-30,5771.0,1258.0,0.0,0,417.3,0.0,1,15.36,2.78,SPY210630P00372000,372.0,0,0.0,0.0,,0.0,normalDay
2021-05-03,5771.0,1286.0,0.0,0,418.2,0.0,1,15.36,2.5,SPY210630P00372000,372.0,0,0.0,0.0,,0.0,normalDay
2021-05-04,5771.0,1247.0,0.0,0,415.62,0.0,1,15.36,2.89,SPY210630P00372000,372.0,0,0.0,0.0,,0.0,normalDay
2021-05-05,5771.0,1261.0,0.0,0,415.75,0.0,1,15.36,2.75,SPY210630P00372000,372.0,0,0.0,0.0,,0.0,normalDay
2021-05-06,5771.0,1306.0,0.0,0,419.07,0.0,1,15.36,2.3,SPY210630P00372000,372.0,0,0.0,0.0,,0.0,normalDay
2021-05-07,5771.0,1353.0,0.0,0,422.12,0.0,1,15.36,1.83,SPY210630P00372000,372.0,0,0.0,0.0,,0.0,normalDay
2021-05-10,5771.0,1301.0,0.0,0,417.94,0.0,1,15.36,2.35,SPY210630P00372000,372.0,0,0.0,0.0,,0.0,normalDay
2021-05-11,5771.0,1242.0,0.0,0,414.21,0.0,1,15.36,2.94,SPY210630P00372000,372.0,0,0.0,0.0,,0.0,normalDay
2021-05-12,5771.0,1011.0,0.0,0,405.41,0.0,1,15.36,5.25,SPY210630P00372000,372.0,0,0.0,0.0,,0.0,normalDay
2021-05-13,5771.0,1180.0,0.0,0,410.28,0.0,1,15.36,3.56,SPY210630P00372000,372.0,0,0.0,0.0,,0.0,normalDay
2021-05-14,5771.0,1333.0,0.0,0,416.58,0.0,1,15.36,2.03,SPY210630P00372000,372.0,0,0.0,0.0,,0.0,normalDay
2021-05-17,5771.0,1321.0,0.0,0,415.52,0.0,1,15.36,2.15,SPY210630P00372000,372.0,0,0.0,0.0,,0.0,normalDay
2021-05-18,5771.0,1273.0,0.0,0,411.94,0.0,1,15.36,2.63,SPY210630P00372000,372.0,0,0.0,0.0,,0.0,normalDay
2021-05-19,5771.0,1256.0,0.0,0,410.86,0.0,1,15.36,2.8,SPY210630P00372000,372.0,0,0.0,0.0,,0.0,normalDay
2021-05-20,5771.0,1323.0,0.0,0,415.28,0.0,1,15.36,2.13,SPY210630P00372000,372.0,0,0.0,0.0,,0.0,normalDay
2021-05-21,5771.0,1338.0,0.0,0,414.94,0.0,1,15.36,1.98,SPY210630P00372000,372.0,0,0.0,0.0,,0.0,normalDay
2021-05-24,5771.0,1405.0,0.0,0,419.17,0.0,1,15.36,1.31,SPY210630P00372000,372.0,0,0.0,0.0,,0.0,normalDay
2021-05-25,5771.0,1404.0,0.0,0,418.24,0.0,1,15.36,1.32,SPY210630P00372000,372.0,0,0.0,0.0,,0.0,normalDay
2021-05-26,5771.0,1436.0,0.0,0,419.07,0.0,1,15.36,1.0,SPY210630P00372000,372.0,0,0.0,0.0,,0.0,normalDay
2021-05-27,5771.0,1451.0,0.0,0,419.29,0.0,1,15.36,0.85,SPY210630P00372000,372.0,0,0.0,0.0,,0.0,normalDay
2021-05-28,5771.0,1452.0,0.0,0,420.04,0.0,1,15.36,0.84,SPY210630P00372000,372.0,0,0.0,0.0,,0.0,normalDay
2021-06-01,5771.0,1454.0,0.0,0,419.67,0.0,1,15.36,0.82,SPY210630P00372000,372.0,0,0.0,0.0,,0.0,normalDay
2021-06-02,5771.0,1465.0,0.0,0,420.33,0.0,1,15.36,0.71,SPY210630P00372000,372.0,0,0.0,0.0,,0.0,normalDay
2021-06-03,5771.0,1459.0,0.0,0,418.77,0.0,1,15.36,0.77,SPY210630P00372000,372.0,0,0.0,0.0,,0.0,normalDay
2021-06-04,5771.0,1483.0,0.0,0,422.6,0.0,1,15.36,0.53,SPY210630P00372000,372.0,0,0.0,0.0,,0.0,normalDay
2021-06-07,5771.0,1492.0,0.0,0,422.19,0.0,1,15.36,0.44,SPY210630P00372000,372.0,0,0.0,0.0,,0.0,normalDay
2021-06-08,5771.0,1488.0,0.0,0,422.28,0.0,1,15.36,0.48,SPY210630P00372000,372.0,0,0.0,0.0,,0.0,normalDay
2021-06-09,5771.0,1483.0,0.0,0,421.65,0.0,1,15.36,0.53,SPY210630P00372000,372.0,0,0.0,0.0,,0.0,normalDay
2021-06-10,5771.0,1500.0,0.0,0,423.61,0.0,1,15.36,0.36,SPY210630P00372000,372.0,0,0.0,0.0,,0.0,normalDay
2021-06-11,5771.0,1505.0,0.0,0,424.31,0.0,1,15.36,0.31,SPY210630P00372000,372.0,0,0.0,0.0,,0.0,normalDay
2021-06-14,5771.0,1510.0,0.0,0,425.26,0.0,1,15.36,0.26,SPY210630P00372000,372.0,0,0.0,0.0,,0.0,normalDay
2021-06-15,5771.0,1508.0,0.0,0,424.48,0.0,1,15.36,0.28,SPY210630P00372000,372.0,0,0.0,0.0,,0.0,normalDay
2021-06-16,5771.0,1503.0,0.0,0,422.11,0.0,1,15.36,0.33,SPY210630P00372000,372.0,0,0.0,0.0,,0.0,normalDay
2021-06-17,5771.0,1508.0,0.0,0,421.97,0.0,1,15.36,0.28,SPY210630P00372000,372.0,0,0.0,0.0,,0.0,normalDay
2021-06-18,5771.0,1491.0,0.0,0,414.92,0.0,1,15.36,0.45,SPY210630P00372000,372.0,0,0.0,0.0,,0.0,normalDay
2021-06-21,5771.0,1519.0,0.0,0,420.86,0.0,1,15.36,0.17,SPY210630P00372000,372.0,0,0.0,0.0,,0.0,normalDay
2021-06-22,5771.0,1526.0,0.0,0,423.11,0.0,1,15.36,0.1,SPY210630P00372000,372.0,0,0.0,0.0,,0.0,normalDay
2021-06-23,5771.0,1530.0,0.0,0,422.6,0.0,1,15.36,0.06,SPY210630P00372000,372.0,0,0.0,0.0,,0.0,normalDay
2021-06-24,5771.0,1532.0,0.0,0,425.1,0.0,1,15.36,0.04,SPY210630P00372000,372.0,0,0.0,0.0,,0.0,normalDay
2021-06-25,5771.0,1532.0,0.0,0,426.61,0.0,1,15.36,0.04,SPY210630P00372000,372.0,0,0.0,0.0,,0.0,normalDay
2021-06-28,5771.0,1535.0,0.0,0,427.47,0.0,1,15.36,0.01,SPY210630P00372000,372.0,0,0.0,0.0,,0.0,normalDay
2021-06-29,5771.0,1535.0,0.0,0,427.7,0.0,1,15.36,0.01,SPY210630P00372000,372.0,0,0.0,0.0,,0.0,normalDay
2021-06-30,7307.0,0.0,1536.0,0,428.06,0.0,1,15.36,0.0,SPY210630P00372000,372.0,0,0.0,0.0,,0.0,expirationDay
2021-07-01,7307.0,-7.0,0.0,0,430.43,0.0,1,12.42,12.49,SPY211119P00417000,417.0,0,0.0,0.0,,0.0,normalDay
2021-07-02,7307.0,85.0,0.0,0,433.72,0.0,1,12.42,11.57,SPY211119P00417000,417.0,0,0.0,0.0,,0.0,normalDay
2021-07-06,7307.0,44.0,0.0,0,432.93,0.0,1,12.42,11.98,SPY211119P00417000,417.0,0,0.0,0.0,,0.0,normalDay
2021-07-07,7307.0,64.0,0.0,0,434.46,0.0,1,12.42,11.78,SPY211119P00417000,417.0,0,0.0,0.0,,0.0,normalDay
2021-07-08,7307.0,-92.0,0.0,0,430.92,0.0,1,12.42,13.34,SPY211119P00417000,417.0,0,0.0,0.0,,0.0,normalDay
2021-07-09,7307.0,117.0,0.0,0,435.52,0.0,1,12.42,11.25,SPY211119P00417000,417.0,0,0.0,0.0,,0.0,normalDay
2021-07-12,7307.0,150.0,0.0,0,437.08,0.0,1,12.42,10.92,SPY211119P00417000,417.0,0,0.0,0.0,,0.0,normalDay
2021-07-13,7307.0,74.0,0.0,0,435.59,0.0,1,12.42,11.68,SPY211119P00417000,417.0,0,0.0,0.0,,0.0,normalDay
2021-07-14,7307.0,114.0,0.0,0,436.24,0.0,1,12.42,11.28,SPY211119P00417000,417.0,0,0.0,0.0,,0.0,normalDay
2021-07-15,7307.0,50.0,0.0,0,434.75,0.0,1,12.42,11.92,SPY211119P00417000,417.0,0,0.0,0.0,,0.0,normalDay
2021-07-16,7307.0,-71.0,0.0,0,431.34,0.0,1,12.42,13.13,SPY211119P00417000,417.0,0,0.0,0.0,,0.0,normalDay
2021-07-19,7307.0,-356.0,0.0,0,424.97,0.0,1,12.42,15.98,SPY211119P00417000,417.0,0,0.0,0.0,,0.0,normalDay
2021-07-20,7307.0,-84.0,0.0,0,431.06,0.0,1,12.42,13.26,SPY211119P00417000,417.0,0,0.0,0.0,,0.0,normalDay
2021-07-21,7307.0,83.0,0.0,0,434.55,0.0,1,12.42,11.59,SPY211119P00417000,417.0,0,0.0,0.0,,0.0,normalDay
2021-07-22,7307.0,110.0,0.0,0,435.46,0.0,1,12.42,11.32,SPY211119P00417000,417.0,0,0.0,0.0,,0.0,normalDay
2021-07-23,7307.0,212.0,0.0,0,439.94,0.0,1,12.42,10.3,SPY211119P00417000,417.0,0,0.0,0.0,,0.0,normalDay
2021-07-26,7307.0,248.0,0.0,0,441.02,0.0,1,12.42,9.94,SPY211119P00417000,417.0,0,0.0,0.0,,0.0,normalDay
2021-07-27,7307.0,149.0,0.0,0,439.01,0.0,1,12.42,10.93,SPY211119P00417000,417.0,0,0.0,0.0,,0.0,normalDay
2021-07-28,7307.0,185.0,0.0,0,438.83,0.0,1,12.42,10.57,SPY211119P00417000,417.0,0,0.0,0.0,,0.0,normalDay
2021-07-29,7307.0,259.0,0.0,0,440.65,0.0,1,12.42,9.83,SPY211119P00417000,417.0,0,0.0,0.0,,0.0,normalDay
2021-07-30,7307.0,220.0,0.0,0,438.51,0.0,1,12.42,10.22,SPY211119P00417000,417.0,0,0.0,0.0,,0.0,normalDay
2021-08-02,7307.0,164.0,0.0,0,437.59,0.0,1,12.42,10.78,SPY211119P00417000,417.0,0,0.0,0.0,,0.0,normalDay
2021-08-03,7307.0,289.0,0.0,0,441.15,0.0,1,12.42,9.53,SPY211119P00417000,417.0,0,0.0,0.0,,0.0,normalDay
2021-08-04,7307.0,257.0,0.0,0,438.98,0.0,1,12.42,9.85,SPY211119P00417000,417.0,0,0.0,0.0,,0.0,normalDay
2021-08-05,7307.0,335.0,0.0,0,441.76,0.0,1,12.42,9.07,SPY211119P00417000,417.0,0,0.0,0.0,,0.0,normalDay
2021-08-06,7307.0,401.0,0.0,0,442.49,0.0,1,12.42,8.41,SPY211119P00417000,417.0,0,0.0,0.0,,0.0,normalDay
2021-08-09,7307.0,392.0,0.0,0,442.13,0.0,1,12.42,8.5,SPY211119P00417000,417.0,0,0.0,0.0,,0.0,normalDay
2021-08-10,7307.0,399.0,0.0,0,442.68,0.0,1,12.42,8.43,SPY211119P00417000,417.0,0,0.0,0.0,,0.0,normalDay
2021-08-11,7307.0,453.0,0.0,0,443.78,0.0,1,12.42,7.89,SPY211119P00417000,417.0,0,0.0,0.0,,0.0,normalDay
2021-08-12,7307.0,506.0,0.0,0,445.11,0.0,1,12.42,7.36,SPY211119P00417000,417.0,0,0.0,0.0,,0.0,normalDay
2021-08-13,7307.0,532.0,0.0,0,445.92,0.0,1,12.42,7.1,SPY211119P00417000,417.0,0,0.0,0.0,,0.0,normalDay
2021-08-16,7307.0,554.0,0.0,0,446.97,0.0,1,12.42,6.88,SPY211119P00417000,417.0,0,0.0,0.0,,0.0,normalDay
2021-08-17,7307.0,443.0,0.0,0,444.04,0.0,1,12.42,7.99,SPY211119P00417000,417.0,0,0.0,0.0,,0.0,normalDay
2021-08-18,7307.0,259.0,0.0,0,439.18,0.0,1,12.42,9.83,SPY211119P00417000,417.0,0,0.0,0.0,,0.0,normalDay
2021-08-19,7307.0,263.0,0.0,0,439.86,0.0,1,12.42,9.79,SPY211119P00417000,417.0,0,0.0,0.0,,0.0,normalDay
2021-08-20,7307.0,427.0,0.0,0,443.36,0.0,1,12.42,8.15,SPY211119P00417000,417.0,0,0.0,0.0,,0.0,normalDay
2021-08-23,7307.0,577.0,0.0,0,447.26,0.0,1,12.42,6.65,SPY211119P00417000,417.0,0,0.0,0.0,,0.0,normalDay
2021-08-24,7307.0,587.0,0.0,0,447.97,0.0,1,12.42,6.55,SPY211119P00417000,417.0,0,0.0,0.0,,0.0,normalDay
2021-08-25,7307.0,630.0,0.0,0,448.91,0.0,1,12.42,6.12,SPY211119P00417000,417.0,0,0.0,0.0,,0.0,normalDay
2021-08-26,7307.0,543.0,0.0,0,446.26,0.0,1,12.42,6.99,SPY211119P00417000,417.0,0,0.0,0.0,,0.0,normalDay
2021-08-27,7307.0,670.0,0.0,0,450.25,0.0,1,12.42,5.72,SPY211119P00417000,417.0,0,0.0,0.0,,0.0,normalDay
2021-08-30,7307.0,713.0,0.0,0,452.23,0.0,1,12.42,5.29,SPY211119P00417000,417.0,0,0.0,0.0,,0.0,normalDay
2021-08-31,7307.0,712.0,0.0,0,451.56,0.0,1,12.42,5.3,SPY211119P00417000,417.0,0,0.0,0.0,,0.0,normalDay
2021-09-01,7307.0,740.0,0.0,0,451.8,0.0,1,12.42,5.02,SPY211119P00417000,417.0,0,0.0,0.0,,0.0,normalDay
2021-09-02,7307.0,765.0,0.0,0,453.19,0.0,1,12.42,4.77,SPY211119P00417000,417.0,0,0.0,0.0,,0.0,normalDay
2021-09-03,7307.0,759.0,0.0,0,453.08,0.0,1,12.42,4.83,SPY211119P00417000,417.0,0,0.0,0.0,,0.0,normalDay
2021-09-07,7307.0,721.0,0.0,0,451.46,0.0,1,12.42,5.21,SPY211119P00417000,417.0,0,0.0,0.0,,0.0,normalDay
2021-09-08,7307.0,719.0,0.0,0,450.91,0.0,1,12.42,5.23,SPY211119P00417000,417.0,0,0.0,0.0,,0.0,normalDay
2021-09-09,7307.0,672.0,0.0,0,448.98,0.0,1,12.42,5.7,SPY211119P00417000,417.0,0,0.0,0.0,,0.0,normalDay
2021-09-10,7307.0,594.0,0.0,0,445.44,0.0,1,12.42,6.48,SPY211119P00417000,417.0,0,0.0,0.0,,0.0,normalDay
2021-09-13,7307.0,670.0,0.0,0,446.58,0.0,1,12.42,5.72,SPY211119P00417000,417.0,0,0.0,0.0,,0.0,normalDay
2021-09-14,7307.0,632.0,0.0,0,444.17,0.0,1,12.42,6.1,SPY211119P00417000,417.0,0,0.0,0.0,,0.0,normalDay
2021-09-15,7307.0,738.0,0.0,0,447.88,0.0,1,12.42,5.04,SPY211119P00417000,417.0,0,0.0,0.0,,0.0,normalDay
2021-09-16,7307.0,720.0,0.0,0,447.17,0.0,1,12.42,5.22,SPY211119P00417000,417.0,0,0.0,0.0,,0.0,normalDay
2021-09-17,7307.0,591.0,0.0,0,441.4,0.0,1,12.42,6.51,SPY211119P00417000,417.0,0,0.0,0.0,,0.0,normalDay
2021-09-20,7307.0,313.0,0.0,0,434.04,0.0,1,12.42,9.29,SPY211119P00417000,417.0,0,0.0,0.0,,0.0,normalDay
2021-09-21,7307.0,355.0,0.0,0,433.63,0.0,1,12.42,8.87,SPY211119P00417000,417.0,0,0.0,0.0,,0.0,normalDay
2021-09-22,7307.0,574.0,0.0,0,437.86,0.0,1,12.42,6.68,SPY211119P00417000,417.0,0,0.0,0.0,,0.0,normalDay
2021-09-23,7307.0,749.0,0.0,0,443.18,0.0,1,12.42,4.93,SPY211119P00417000,417.0,0,0.0,0.0,,0.0,normalDay
2021-09-24,7307.0,795.0,0.0,0,443.91,0.0,1,12.42,4.47,SPY211119P00417000,417.0,0,0.0,0.0,,0.0,normalDay
2021-09-27,7307.0,767.0,0.0,0,442.64,0.0,1,12.42,4.75,SPY211119P00417000,417.0,0,0.0,0.0,,0.0,normalDay
2021-09-28,7307.0,494.0,0.0,0,433.72,0.0,1,12.42,7.48,SPY211119P00417000,417.0,0,0.0,0.0,,0.0,normalDay
2021-09-29,7307.0,522.0,0.0,0,434.45,0.0,1,12.42,7.2,SPY211119P00417000,417.0,0,0.0,0.0,,0.0,normalDay
2021-09-30,7307.0,393.0,0.0,0,429.14,0.0,1,12.42,8.49,SPY211119P00417000,417.0,0,0.0,0.0,,0.0,normalDay
2021-10-01,7307.0,584.0,0.0,0,434.24,0.0,1,12.42,6.58,SPY211119P00417000,417.0,0,0.0,0.0,,0.0,normalDay
2021-10-04,7307.0,427.0,0.0,0,428.64,0.0,1,12.42,8.15,SPY211119P00417000,417.0,0,0.0,0.0,,0.0,normalDay
2021-10-05,7307.0,595.0,0.0,0,433.1,0.0,1,12.42,6.47,SPY211119P00417000,417.0,0,0.0,0.0,,0.0,normalDay
2021-10-06,7307.0,650.0,0.0,0,434.9,0.0,1,12.42,5.92,SPY211119P00417000,417.0,0,0.0,0.0,,0.0,normalDay
2021-10-07,7307.0,790.0,0.0,0,438.66,0.0,1,12.42,4.52,SPY211119P00417000,417.0,0,0.0,0.0,,0.0,normalDay
2021-10-08,7307.0,789.0,0.0,0,437.86,0.0,1,12.42,4.53,SPY211119P00417000,417.0,0,0.0,0.0,,0.0,normalDay
2021-10-11,7307.0,739.0,0.0,0,434.69,0.0,1,12.42,5.03,SPY211119P00417000,417.0,0,0.0,0.0,,0.0,normalDay
2021-10-12,7307.0,732.0,0.0,0,433.62,0.0,1,12.42,5.1,SPY211119P00417000,417.0,0,0.0,0.0,,0.0,normalDay
2021-10-13,7307.0,836.0,0.0,0,435.18,0.0,1,12.42,4.06,SPY211119P00417000,417.0,0,0.0,0.0,,0.0,normalDay
2021-10-14,7307.0,993.0,0.0,0,442.5,0.0,1,12.42,2.49,SPY211119P00417000,417.0,0,0.0,0.0,,0.0,normalDay
2021-10-15,7307.0,1036.0,0.0,0,445.87,0.0,1,12.42,2.06,SPY211119P00417000,417.0,0,0.0,0.0,,0.0,normalDay
2021-10-18,7307.0,1068.0,0.0,0,447.19,0.0,1,12.42,1.74,SPY211119P00417000,417.0,0,0.0,0.0,,0.0,normalDay
2021-10-19,7307.0,1108.0,0.0,0,450.64,0.0,1,12.42,1.34,SPY211119P00417000,417.0,0,0.0,0.0,,0.0,normalDay
2021-10-20,7307.0,1121.0,0.0,0,452.41,0.0,1,12.42,1.21,SPY211119P00417000,417.0,0,0.0,0.0,,0.0,normalDay
2021-10-21,7307.0,1140.0,0.0,0,453.59,0.0,1,12.42,1.02,SPY211119P00417000,417.0,0,0.0,0.0,,0.0,normalDay
2021-10-22,7307.0,1135.0,0.0,0,453.12,0.0,1,12.42,1.07,SPY211119P00417000,417.0,0,0.0,0.0,,0.0,normalDay
2021-10-25,7307.0,1163.0,0.0,0,455.55,0.0,1,12.42,0.79,SPY211119P00417000,417.0,0,0.0,0.0,,0.0,normalDay
2021-10-26,7307.0,1158.0,0.0,0,455.96,0.0,1,12.42,0.84,SPY211119P00417000,417.0,0,0.0,0.0,,0.0,normalDay
2021-10-27,7307.0,1143.0,0.0,0,453.94,0.0,1,12.42,0.99,SPY211119P00417000,417.0,0,0.0,0.0,,0.0,normalDay
2021-10-28,7307.0,1170.0,0.0,0,458.32,0.0,1,12.42,0.72,SPY211119P00417000,417.0,0,0.0,0.0,,0.0,normalDay
2021-10-29,7307.0,1180.0,0.0,0,459.25,0.0,1,12.42,0.62,SPY211119P00417000,417.0,0,0.0,0.0,,0.0,normalDay
2021-11-01,7307.0,1195.0,0.0,0,460.04,0.0,1,12.42,0.47,SPY211119P00417000,417.0,0,0.0,0.0,,0.0,normalDay
2021-11-02,7307.0,1202.0,0.0,0,461.9,0.0,1,12.42,0.4,SPY211119P00417000,417.0,0,0.0,0.0,,0.0,normalDay
2021-11-03,7307.0,1215.0,0.0,0,464.72,0.0,1,12.42,0.27,SPY211119P00417000,417.0,0,0.0,0.0,,0.0,normalDay
2021-11-04,7307.0,1215.0,0.0,0,466.91,0.0,1,12.42,0.27,SPY211119P00417000,417.0,0,0.0,0.0,,0.0,normalDay
2021-11-05,7307.0,1218.0,0.0,0,468.53,0.0,1,12.42,0.24,SPY211119P00417000,417.0,0,0.0,0.0,,0.0,normalDay
2021-11-08,7307.0,1222.0,0.0,0,468.93,0.0,1,12.42,0.2,SPY211119P00417000,417.0,0,0.0,0.0,,0.0,normalDay
2021-11-09,7307.0,1225.0,0.0,0,467.38,0.0,1,12.42,0.17,SPY211119P00417000,417.0,0,0.0,0.0,,0.0,normalDay
2021-11-10,7307.0,1225.0,0.0,0,463.62,0.0,1,12.42,0.17,SPY211119P00417000,417.0,0,0.0,0.0,,0.0,normalDay
2021-11-11,7307.0,1231.0,0.0,0,463.77,0.0,1,12.42,0.11,SPY211119P00417000,417.0,0,0.0,0.0,,0.0,normalDay
2021-11-12,7307.0,1237.0,0.0,0,467.27,0.0,1,12.42,0.05,SPY211119P00417000,417.0,0,0.0,0.0,,0.0,normalDay
2021-11-15,7307.0,1239.0,0.0,0,467.43,0.0,1,12.42,0.03,SPY211119P00417000,417.0,0,0.0,0.0,,0.0,normalDay
2021-11-16,7307.0,1240.0,0.0,0,469.28,0.0,1,12.42,0.02,SPY211119P00417000,417.0,0,0.0,0.0,,0.0,normalDay
2021-11-17,7307.0,1241.0,0.0,0,468.14,0.0,1,12.42,0.01,SPY211119P00417000,417.0,0,0.0,0.0,,0.0,normalDay
2021-11-18,7307.0,1241.0,0.0,0,469.73,0.0,1,12.42,0.01,SPY211119P00417000,417.0,0,0.0,0.0,,0.0,normalDay
2021-11-19,8549.0,0.0,1242.0,0,468.89,0.0,1,12.42,0.0,SPY211119P00417000,417.0,0,0.0,0.0,,0.0,expirationDay
2021-11-22,8549.0,-9.0,0.0,0,467.57,0.0,1,15.9,15.99,SPY220331P00455000,455.0,0,0.0,0.0,,0.0,normalDay
2021-11-23,8549.0,17.0,0.0,0,468.19,0.0,1,15.9,15.73,SPY220331P00455000,455.0,0,0.0,0.0,,0.0,normalDay
2021-11-24,8549.0,96.0,0.0,0,469.44,0.0,1,15.9,14.94,SPY220331P00455000,455.0,0,0.0,0.0,,0.0,normalDay
2021-11-26,8549.0,-831.0,0.0,0,458.97,0.0,1,15.9,24.21,SPY220331P00455000,455.0,0,0.0,0.0,,0.0,normalDay
2021-11-29,8549.0,-161.0,0.0,0,464.6,0.0,1,15.9,17.51,SPY220331P00455000,455.0,0,0.0,0.0,,0.0,normalDay
2021-11-30,8549.0,-594.0,0.0,0,455.56,0.0,1,15.9,21.84,SPY220331P00455000,455.0,0,0.0,0.0,,0.0,normalDay
2021-12-01,8549.0,-1044.0,0.0,0,450.5,0.0,1,15.9,26.34,SPY220331P00455000,455.0,0,0.0,0.0,,0.0,normalDay
2021-12-02,8549.0,-613.0,0.0,0,457.4,0.0,1,15.9,22.03,SPY220331P00455000,455.0,0,0.0,0.0,,0.0,normalDay
2021-12-03,8549.0,-905.0,0.0,0,453.42,0.0,1,15.9,24.95,SPY220331P00455000,455.0,0,0.0,0.0,,0.0,normalDay
2021-12-06,8549.0,-525.0,0.0,0,458.79,0.0,1,15.9,21.15,SPY220331P00455000,455.0,0,0.0,0.0,,0.0,normalDay
2021-12-07,8549.0,8.0,0.0,0,468.28,0.0,1,15.9,15.82,SPY220331P00455000,455.0,0,0.0,0.0,,0.0,normalDay
2021-12-08,8549.0,115.0,0.0,0,469.52,0.0,1,15.9,14.75,SPY220331P00455000,455.0,0,0.0,0.0,,0.0,normalDay
2021-12-09,8549.0,-29.0,0.0,0,466.35,0.0,1,15.9,16.19,SPY220331P00455000,455.0,0,0.0,0.0,,0.0,normalDay
2021-12-10,8549.0,207.0,0.0,0,470.74,0.0,1,15.9,13.83,SPY220331P00455000,455.0,0,0.0,0.0,,0.0,normalDay
2021-12-13,8549.0,12.0,0.0,0,466.57,0.0,1,15.9,15.78,SPY220331P00455000,455.0,0,0.0,0.0,,0.0,normalDay
2021-12-14,8549.0,-133.0,0.0,0,463.36,0.0,1,15.9,17.23,SPY220331P00455000,455.0,0,0.0,0.0,,0.0,normalDay
2021-12-15,8549.0,234.0,0.0,0,470.6,0.0,1,15.9,13.56,SPY220331P00455000,455.0,0,0.0,0.0,,0.0,normalDay
2021-12-16,8549.0,35.0,0.0,0,466.45,0.0,1,15.9,15.55,SPY220331P00455000,455.0,0,0.0,0.0,,0.0,normalDay
2021-12-17,8549.0,-152.0,0.0,0,459.87,0.0,1,15.9,17.42,SPY220331P00455000,455.0,0,0.0,0.0,,0.0,normalDay
2021-12-20,8549.0,-349.0,0.0,0,454.98,0.0,1,15.9,19.39,SPY220331P00455000,455.0,0,0.0,0.0,,0.0,normalDay
2021-12-21,8549.0,7.0,0.0,0,463.06,0.0,1,15.9,15.83,SPY220331P00455000,455.0,0,0.0,0.0,,0.0,normalDay
2021-12-22,8549.0,243.0,0.0,0,467.69,0.0,1,15.9,13.47,SPY220331P00455000,455.0,0,0.0,0.0,,0.0,normalDay
2021-12-23,8549.0,368.0,0.0,0,470.6,0.0,1,15.9,12.22,SPY220331P00455000,455.0,0,0.0,0.0,,0.0,normalDay
2021-12-27,8549.0,584.0,0.0,0,477.26,0.0,1,15.9,10.06,SPY220331P00455000,455.0,0,0.0,0.0,,0.0,normalDay
2021-12-28,8549.0,618.0,0.0,0,476.87,0.0,1,15.9,9.72,SPY220331P00455000,455.0,0,0.0,0.0,,0.0,normalDay
2021-12-29,8549.0,666.0,0.0,0,477.48,0.0,1,15.9,9.24,SPY220331P00455000,455.0,0,0.0,0.0,,0.0,normalDay
2021-12-30,8549.0,622.0,0.0,0,476.16,0.0,1,15.9,9.68,SPY220331P00455000,455.0,0,0.0,0.0,,0.0,normalDay
2021-12-31,8549.0,631.0,0.0,0,474.96,0.0,1,15.9,9.59,SPY220331P00455000,455.0,0,0.0,0.0,,0.0,normalDay
2022-01-03,8549.0,724.0,0.0,0,477.71,0.0,1,15.9,8.66,SPY220331P00455000,455.0,0,0.0,0.0,,0.0,normalDay
2022-01-04,8549.0,709.0,0.0,0,477.55,0.0,1,15.9,8.81,SPY220331P00455000,455.0,0,0.0,0.0,,0.0,normalDay
2022-01-05,8549.0,399.0,0.0,0,468.38,0.0,1,15.9,11.91,SPY220331P00455000,455.0,0,0.0,0.0,,0.0,normalDay
2022-01-06,8549.0,399.0,0.0,0,467.94,0.0,1,15.9,11.91,SPY220331P00455000,455.0,0,0.0,0.0,,0.0,normalDay
2022-01-07,8549.0,415.0,0.0,0,466.09,0.0,1,15.9,11.75,SPY220331P00455000,455.0,0,0.0,0.0,,0.0,normalDay
2022-01-10,8549.0,417.0,0.0,0,465.51,0.0,1,15.9,11.73,SPY220331P00455000,455.0,0,0.0,0.0,,0.0,normalDay
2022-01-11,8549.0,581.0,0.0,0,469.75,0.0,1,15.9,10.09,SPY220331P00455000,455.0,0,0.0,0.0,,0.0,normalDay
2022-01-12,8549.0,654.0,0.0,0,471.02,0.0,1,15.9,9.36,SPY220331P00455000,455.0,0,0.0,0.0,,0.0,normalDay
2022-01-13,8549.0,357.0,0.0,0,464.53,0.0,1,15.9,12.33,SPY220331P00455000,455.0,0,0.0,0.0,,0.0,normalDay
2022-01-14,8549.0,428.0,0.0,0,464.72,0.0,1,15.9,11.62,SPY220331P00455000,455.0,0,0.0,0.0,,0.0,normalDay
2022-01-18,8549.0,16.0,0.0,0,456.49,0.0,1,15.9,15.74,SPY220331P00455000,455.0,0,0.0,0.0,,0.0,normalDay
2022-01-19,8549.0,-166.0,0.0,0,451.75,0.0,1,15.9,17.56,SPY220331P00455000,455.0,0,0.0,0.0,,0.0,normalDay
2022-01-20,8549.0,-506.0,0.0,0,446.75,0.0,1,15.9,20.96,SPY220331P00455000,455.0,0,0.0,0.0,,0.0,normalDay
2022-01-21,8549.0,-1060.0,0.0,0,437.98,0.0,1,15.9,26.5,SPY220331P00455000,455.0,0,0.0,0.0,,0.0,normalDay
2022-01-24,8549.0,-1038.0,0.0,0,439.84,0.0,1,15.9,26.28,SPY220331P00455000,455.0,0,0.0,0.0,,0.0,normalDay
2022-01-25,8549.0,-1423.0,0.0,0,434.47,0.0,1,15.9,30.13,SPY220331P00455000,455.0,0,0.0,0.0,,0.0,normalDay
2022-01-26,8549.0,-1435.0,0.0,0,433.38,0.0,1,15.9,30.25,SPY220331P00455000,455.0,0,0.0,0.0,,0.0,normalDay
2022-01-27,8549.0,-1440.0,0.0,0,431.24,0.0,1,15.9,30.3,SPY220331P00455000,455.0,0,0.0,0.0,,0.0,normalDay
2022-01-28,8549.0,-720.0,0.0,0,441.95,0.0,1,15.9,23.1,SPY220331P00455000,455.0,0,0.0,0.0,,0.0,normalDay
2022-01-31,8549.0,-223.0,0.0,0,449.91,0.0,1,15.9,18.13,SPY220331P00455000,455.0,0,0.0,0.0,,0.0,normalDay
2022-02-01,8549.0,129.0,0.0,0,452.95,0.0,1,15.9,14.61,SPY220331P00455000,455.0,0,0.0,0.0,,0.0,normalDay
2022-02-02,8549.0,222.0,0.0,0,457.35,0.0,1,15.9,13.68,SPY220331P00455000,455.0,0,0.0,0.0,,0.0,normalDay
2022-02-03,8549.0,-153.0,0.0,0,446.6,0.0,1,15.9,17.43,SPY220331P00455000,455.0,0,0.0,0.0,,0.0,normalDay
2022-02-04,8549.0,-209.0,0.0,0,448.7,0.0,1,15.9,17.99,SPY220331P00455000,455.0,0,0.0,0.0,,0.0,normalDay
2022-02-07,8549.0,-145.0,0.0,0,447.26,0.0,1,15.9,17.35,SPY220331P00455000,455.0,0,0.0,0.0,,0.0,normalDay
2022-02-08,8549.0,117.0,0.0,0,450.94,0.0,1,15.9,14.73,SPY220331P00455000,455.0,0,0.0,0.0,,0.0,normalDay
2022-02-09,8549.0,436.0,0.0,0,457.54,0.0,1,15.9,11.54,SPY220331P00455000,455.0,0,0.0,0.0,,0.0,normalDay
2022-02-10,8549.0,-69.0,0.0,0,449.32,0.0,1,15.9,16.59,SPY220331P00455000,455.0,0,0.0,0.0,,0.0,normalDay
2022-02-11,8549.0,-686.0,0.0,0,440.46,0.0,1,15.9,22.76,SPY220331P00455000,455.0,0,0.0,0.0,,0.0,normalDay
2022-02-14,8549.0,-727.0,0.0,0,439.02,0.0,1,15.9,23.17,SPY220331P00455000,455.0,0,0.0,0.0,,0.0,normalDay
2022-02-15,8549.0,-262.0,0.0,0,446.1,0.0,1,15.9,18.52,SPY220331P00455000,455.0,0,0.0,0.0,,0.0,normalDay
2022-02-16,8549.0,-122.0,0.0,0,446.6,0.0,1,15.9,17.12,SPY220331P00455000,455.0,0,0.0,0.0,,0.0,normalDay
2022-02-17,8549.0,-809.0,0.0,0,437.06,0.0,1,15.9,23.99,SPY220331P00455000,455.0,0,0.0,0.0,,0.0,normalDay
2022-02-18,8549.0,-971.0,0.0,0,434.23,0.0,1,15.9,25.61,SPY220331P00455000,455.0,0,0.0,0.0,,0.0,normalDay
2022-02-22,8549.0,-1263.0,0.0,0,429.57,0.0,1,15.9,28.53,SPY220331P00455000,455.0,0,0.0,0.0,,0.0,normalDay
2022-02-23,8549.0,-2012.0,0.0,0,421.95,0.0,1,15.9,36.02,SPY220331P00455000,455.0,0,0.0,0.0,,0.0,normalDay
2022-02-24,8549.0,-1564.0,0.0,0,428.3,0.0,1,15.9,31.54,SPY220331P00455000,455.0,0,0.0,0.0,,0.0,normalDay
2022-02-25,8549.0,-671.0,0.0,0,437.75,0.0,1,15.9,22.61,SPY220331P00455000,455.0,0,0.0,0.0,,0.0,normalDay
2022-02-28,8549.0,-769.0,0.0,0,436.63,0.0,1,15.9,23.59,SPY220331P00455000,455.0,0,0.0,0.0,,0.0,normalDay
2022-03-01,8549.0,-1313.0,0.0,0,429.98,0.0,1,15.9,29.03,SPY220331P00455000,455.0,0,0.0,0.0,,0.0,normalDay
2022-03-02,8549.0,-703.0,0.0,0,437.89,0.0,1,15.9,22.93,SPY220331P00455000,455.0,0,0.0,0.0,,0.0,normalDay
2022-03-03,8549.0,-807.0,0.0,0,435.71,0.0,1,15.9,23.97,SPY220331P00455000,455.0,0,0.0,0.0,,0.0,normalDay
2022-03-04,8549.0,-1135.0,0.0,0,432.17,0.0,1,15.9,27.25,SPY220331P00455000,455.0,0,0.0,0.0,,0.0,normalDay
2022-03-07,8549.0,-2303.0,0.0,0,419.43,0.0,1,15.9,38.93,SPY220331P00455000,455.0,0,0.0,0.0,,0.0,normalDay
2022-03-08,8549.0,-2611.0,0.0,0,416.25,0.0,1,15.9,42.01,SPY220331P00455000,455.0,0,0.0,0.0,,0.0,normalDay
2022-03-09,8549.0,-1427.0,0.0,0,427.41,0.0,1,15.9,30.17,SPY220331P00455000,455.0,0,0.0,0.0,,0.0,normalDay
2022-03-10,8549.0,-1634.0,0.0,0,425.48,0.0,1,15.9,32.24,SPY220331P00455000,455.0,0,0.0,0.0,,0.0,normalDay
2022-03-11,8549.0,-2099.0,0.0,0,420.07,0.0,1,15.9,36.89,SPY220331P00455000,455.0,0,0.0,0.0,,0.0,normalDay
2022-03-14,8549.0,-2352.0,0.0,0,417.0,0.0,1,15.9,39.42,SPY220331P00455000,455.0,0,0.0,0.0,,0.0,normalDay
2022-03-15,8549.0,-1560.0,0.0,0,426.17,0.0,1,15.9,31.5,SPY220331P00455000,455.0,0,0.0,0.0,,0.0,normalDay
2022-03-16,8549.0,-648.0,0.0,0,435.62,0.0,1,15.9,22.38,SPY220331P00455000,455.0,0,0.0,0.0,,0.0,normalDay
2022-03-17,8549.0,-177.0,0.0,0,441.07,0.0,1,15.9,17.67,SPY220331P00455000,455.0,0,0.0,0.0,,0.0,normalDay
2022-03-18,8549.0,335.0,0.0,0,444.52,0.0,1,15.9,12.55,SPY220331P00455000,455.0,0,0.0,0.0,,0.0,normalDay
2022-03-21,8549.0,382.0,0.0,0,444.39,0.0,1,15.9,12.08,SPY220331P00455000,455.0,0,0.0,0.0,,0.0,normalDay
2022-03-22,8549.0,761.0,0.0,0,449.59,0.0,1,15.9,8.29,SPY220331P00455000,455.0,0,0.0,0.0,,0.0,normalDay
2022-03-23,8549.0,337.0,0.0,0,443.8,0.0,1,15.9,12.53,SPY220331P00455000,455.0,0,0.0,0.0,,0.0,normalDay
2022-03-24,8549.0,893.0,0.0,0,450.49,0.0,1,15.9,6.97,SPY220331P00455000,455.0,0,0.0,0.0,,0.0,normalDay
2022-03-25,8549.0,1087.0,0.0,0,452.69,0.0,1,15.9,5.03,SPY220331P00455000,455.0,0,0.0,0.0,,0.0,normalDay
2022-03-28,8549.0,1350.0,0.0,0,455.91,0.0,1,15.9,2.4,SPY220331P00455000,455.0,0,0.0,0.0,,0.0,normalDay
2022-03-29,8549.0,1519.0,0.0,0,461.55,0.0,1,15.9,0.71,SPY220331P00455000,455.0,0,0.0,0.0,,0.0,normalDay
2022-03-30,8549.0,1532.0,0.0,0,458.7,0.0,1,15.9,0.58,SPY220331P00455000,455.0,0,0.0,0.0,,0.0,normalDay
2022-03-31,10139.0,-336.0,1590.0,100,451.64,455.0,1,15.9,0.0,SPY220331P00455000,455.0,0,0.0,0.0,,0.0,expirationDay
2022-04-01,10139.0,-208.0,0.0,100,452.92,455.0,0,0.0,0.0,,0.0,0,0.0,0.0,,0.0,bidTooLow
2022-04-04,10139.0,180.0,0.0,100,456.8,455.0,0,0.0,0.0,,0.0,0,0.0,0.0,,0.0,bidTooLow
2022-04-05,10139.0,-397.0,0.0,100,451.03,455.0,0,0.0,0.0,,0.0,0,0.0,0.0,,0.0,bidTooLow
2022-04-06,10139.0,-848.0,0.0,100,446.52,455.0,0,0.0,0.0,,0.0,0,0.0,0.0,,0.0,bidTooLow
2022-04-07,10139.0,-623.0,0.0,100,448.77,455.0,0,0.0,0.0,,0.0,0,0.0,0.0,,0.0,bidTooLow
2022-04-08,10139.0,-743.0,0.0,100,447.57,455.0,0,0.0,0.0,,0.0,0,0.0,0.0,,0.0,bidTooLow
2022-04-11,10139.0,-1508.0,0.0,100,439.92,455.0,0,0.0,0.0,,0.0,0,0.0,0.0,,0.0,bidTooLow
2022-04-12,10139.0,-1671.0,0.0,100,438.29,455.0,0,0.0,0.0,,0.0,0,0.0,0.0,,0.0,bidTooLow
2022-04-13,10139.0,-1169.0,0.0,100,443.31,455.0,0,0.0,0.0,,0.0,0,0.0,0.0,,0.0,bidTooLow
2022-04-14,10139.0,-1721.0,0.0,100,437.79,455.0,0,0.0,0.0,,0.0,0,0.0,0.0,,0.0,bidTooLow
2022-04-18,10139.0,-1703.0,0.0,100,437.97,455.0,0,0.0,0.0,,0.0,0,0.0,0.0,,0.0,bidTooLow
2022-04-19,10139.0,-996.0,0.0,100,445.04,455.0,0,0.0,0.0,,0.0,0,0.0,0.0,,0.0,bidTooLow
2022-04-20,10139.0,-1029.0,0.0,100,444.71,455.0,0,0.0,0.0,,0.0,0,0.0,0.0,,0.0,bidTooLow
2022-04-21,10139.0,-1694.0,0.0,100,438.06,455.0,0,0.0,0.0,,0.0,0,0.0,0.0,,0.0,bidTooLow
2022-04-22,10139.0,-2896.0,0.0,100,426.04,455.0,0,0.0,0.0,,0.0,0,0.0,0.0,,0.0,bidTooLow
2022-04-25,10139.0,-2649.0,0.0,100,428.51,455.0,0,0.0,0.0,,0.0,0,0.0,0.0,,0.0,bidTooLow
2022-04-26,10139.0,-3890.0,0.0,100,416.1,455.0,0,0.0,0.0,,0.0,0,0.0,0.0,,0.0,bidTooLow
2022-04-27,10139.0,-3773.0,0.0,100,417.27,455.0,0,0.0,0.0,,0.0,0,0.0,0.0,,0.0,bidTooLow
2022-04-28,10139.0,-2719.0,0.0,100,427.81,455.0,0,0.0,0.0,,0.0,0,0.0,0.0,,0.0,bidTooLow
2022-04-29,10139.0,-4300.0,0.0,100,412.0,455.0,0,0.0,0.0,,0.0,0,0.0,0.0,,0.0,bidTooLow
2022-05-02,10139.0,-4052.0,0.0,100,414.48,455.0,0,0.0,0.0,,0.0,0,0.0,0.0,,0.0,bidTooLow
2022-05-03,10139.0,-3862.0,0.0,100,416.38,455.0,0,0.0,0.0,,0.0,0,0.0,0.0,,0.0,bidTooLow
2022-05-04,10139.0,-2594.0,0.0,100,429.06,455.0,0,0.0,0.0,,0.0,0,0.0,0.0,,0.0,bidTooLow
2022-05-05,10139.0,-4119.0,0.0,100,413.81,455.0,0,0.0,0.0,,0.0,0,0.0,0.0,,0.0,bidTooLow
2022-05-06,10139.0,-4366.0,0.0,100,411.34,455.0,0,0.0,0.0,,0.0,0,0.0,0.0,,0.0,bidTooLow
2022-05-09,10139.0,-5683.0,0.0,100,398.17,455.0,0,0.0,0.0,,0.0,0,0.0,0.0,,0.0,bidTooLow
2022-05-10,10139.0,-5591.0,0.0,100,399.09,455.0,0,0.0,0.0,,0.0,0,0.0,0.0,,0.0,bidTooLow
2022-05-11,10139.0,-6225.0,0.0,100,392.75,455.0,0,0.0,0.0,,0.0,0,0.0,0.0,,0.0,bidTooLow
2022-05-12,10139.0,-6266.0,0.0,100,392.34,455.0,0,0.0,0.0,,0.0,0,0.0,0.0,,0.0,bidTooLow
2022-05-13,10139.0,-5328.0,0.0,100,401.72,455.0,0,0.0,0.0,,0.0,0,0.0,0.0,,0.0,bidTooLow
2022-05-16,10139.0,-5491.0,0.0,100,400.09,455.0,0,0.0,0.0,,0.0,0,0.0,0.0,,0.0,bidTooLow
2022-05-17,10139.0,-4668.0,0.0,100,408.32,455.0,0,0.0,0.0,,0.0,0,0.0,0.0,,0.0,bidTooLow
2022-05-18,10139.0,-6314.0,0.0,100,391.86,455.0,0,0.0,0.0,,0.0,0,0.0,0.0,,0.0,bidTooLow
2022-05-19,10139.0,-6554.0,0.0,100,389.46,455.0,0,0.0,0.0,,0.0,0,0.0,0.0,,0.0,bidTooLow
2022-05-20,10139.0,-6537.0,0.0,100,389.63,455.0,0,0.0,0.0,,0.0,0,0.0,0.0,,0.0,bidTooLow
2022-05-23,10139.0,-5808.0,0.0,100,396.92,455.0,0,0.0,0.0,,0.0,0,0.0,0.0,,0.0,bidTooLow
2022-05-24,10139.0,-6111.0,0.0,100,393.89,455.0,0,0.0,0.0,,0.0,0,0.0,0.0,,0.0,bidTooLow
2022-05-25,10139.0,-5763.0,0.0,100,397.37,455.0,0,0.0,0.0,,0.0,0,0.0,0.0,,0.0,bidTooLow
2022-05-26,10139.0,-4972.0,0.0,100,405.31,455.0,0,0.0,0.0,,0.0,1,0.03,0.06,SPY220601C00427000,427.0,normalDay
2022-05-27,10139.0,-3995.0,0.0,100,415.26,455.0,0,0.0,0.0,,0.0,1,0.03,0.24,SPY220601C00427000,427.0,normalDay
2022-05-31,10139.0,-4207.0,0.0,100,412.93,455.0,0,0.0,0.0,,0.0,1,0.03,0.03,SPY220601C00427000,427.0,normalDay
2022-06-01,10142.0,-4541.0,3.0,100,409.59,455.0,0,0.0,0.0,,0.0,1,0.03,0.0,SPY220601C00427000,427.0,expirationDay
2022-06-02,10142.0,-3764.0,0.0,100,417.39,455.0,0,0.0,0.0,,0.0,1,1.96,1.99,SPY220608C00423000,423.0,normalDay
2022-06-03,10142.0,-4283.0,0.0,100,410.54,455.0,0,0.0,0.0,,0.0,1,1.96,0.33,SPY220608C00423000,423.0,normalDay
2022-06-06,10142.0,-4140.0,0.0,100,411.79,455.0,0,0.0,0.0,,0.0,1,1.96,0.15,SPY220608C00423000,423.0,normalDay
2022-06-07,10142.0,-3739.0,0.0,100,415.74,455.0,0,0.0,0.0,,0.0,1,1.96,0.09,SPY220608C00423000,423.0,normalDay
2022-06-08,10338.0,-4378.0,196.0,100,411.22,455.0,0,0.0,0.0,,0.0,1,1.96,0.0,SPY220608C00423000,423.0,expirationDay
2022-06-09,10338.0,-5359.0,0.0,100,401.44,455.0,0,0.0,0.0,,0.0,1,0.19,0.22,SPY220615C00425000,425.0,normalDay
2022-06-10,10338.0,-6505.0,0.0,100,389.8,455.0,0,0.0,0.0,,0.0,1,0.19,0.04,SPY220615C00425000,425.0,normalDay
2022-06-13,10338.0,-7983.0,0.0,100,375.0,455.0,0,0.0,0.0,,0.0,1,0.19,0.02,SPY220615C00425000,425.0,normalDay
2022-06-14,10338.0,-8095.0,0.0,100,373.87,455.0,0,0.0,0.0,,0.0,1,0.19,0.01,SPY220615C00425000,425.0,normalDay
2022-06-15,10357.0,-7580.0,19.0,100,379.2,455.0,0,0.0,0.0,,0.0,1,0.19,0.0,SPY220615C00425000,425.0,expirationDay
2022-06-16,10357.0,-8835.0,0.0,100,366.65,455.0,0,0.0,0.0,,0.0,0,0.0,0.0,,0.0,bidTooLow
2022-06-17,10357.0,-8914.0,0.0,100,365.86,455.0,0,0.0,0.0,,0.0,0,0.0,0.0,,0.0,bidTooLow
2022-06-21,10357.0,-7993.0,0.0,100,375.07,455.0,0,0.0,0.0,,0.0,0,0.0,0.0,,0.0,bidTooLow
2022-06-22,10357.0,-8061.0,0.0,100,374.39,455.0,0,0.0,0.0,,0.0,0,0.0,0.0,,0.0,bidTooLow
2022-06-23,10357.0,-7694.0,0.0,100,378.06,455.0,0,0.0,0.0,,0.0,0,0.0,0.0,,0.0,bidTooLow
2022-06-24,10357.0,-6492.0,0.0,100,390.08,455.0,0,0.0,0.0,,0.0,0,0.0,0.0,,0.0,bidTooLow
2022-06-27,10357.0,-6641.0,0.0,100,388.59,455.0,0,0.0,0.0,,0.0,0,0.0,0.0,,0.0,bidTooLow
2022-06-28,10357.0,-7435.0,0.0,100,380.65,455.0,0,0.0,0.0,,0.0,0,0.0,0.0,,0.0,bidTooLow
2022-06-29,10357.0,-7466.0,0.0,100,380.34,455.0,0,0.0,0.0,,0.0,0,0.0,0.0,,0.0,bidTooLow
2022-06-30,10357.0,-7775.0,0.0,100,377.25,455.0,0,0.0,0.0,,0.0,0,0.0,0.0,,0.0,bidTooLow
2022-07-01,10357.0,-7376.0,0.0,100,381.24,455.0,0,0.0,0.0,,0.0,0,0.0,0.0,,0.0,bidTooLow
2022-07-05,10357.0,-7304.0,0.0,100,381.96,455.0,0,0.0,0.0,,0.0,0,0.0,0.0,,0.0,bidTooLow
2022-07-06,10357.0,-7175.0,0.0,100,383.25,455.0,0,0.0,0.0,,0.0,0,0.0,0.0,,0.0,bidTooLow
2022-07-07,10357.0,-6604.0,0.0,100,388.99,455.0,0,0.0,0.0,,0.0,1,0.09,0.12,SPY220713C00408000,408.0,normalDay
2022-07-08,10357.0,-6628.0,0.0,100,388.67,455.0,0,0.0,0.0,,0.0,1,0.09,0.04,SPY220713C00408000,408.0,normalDay
2022-07-11,10357.0,-7069.0,0.0,100,384.23,455.0,0,0.0,0.0,,0.0,1,0.09,0.01,SPY220713C00408000,408.0,normalDay
2022-07-12,10357.0,-7409.0,0.0,100,380.83,455.0,0,0.0,0.0,,0.0,1,0.09,0.01,SPY220713C00408000,408.0,normalDay
2022-07-13,10366.0,-7617.0,9.0,100,378.83,455.0,0,0.0,0.0,,0.0,1,0.09,0.0,SPY220713C00408000,408.0,expirationDay
2022-07-14,10366.0,-7712.0,0.0,100,377.91,455.0,0,0.0,0.0,,0.0,1,0.15,0.18,SPY220720C00395000,395.0,normalDay
2022-07-15,10366.0,-7003.0,0.0,100,385.13,455.0,0,0.0,0.0,,0.0,1,0.15,0.31,SPY220720C00395000,395.0,normalDay
2022-07-18,10366.0,-7296.0,0.0,100,381.95,455.0,0,0.0,0.0,,0.0,1,0.15,0.06,SPY220720C00395000,395.0,normalDay
2022-07-19,10366.0,-6361.0,0.0,100,392.27,455.0,0,0.0,0.0,,0.0,1,0.15,1.03,SPY220720C00395000,395.0,normalDay
2022-07-20,10381.0,-6023.0,15.0,100,394.77,455.0,0,0.0,0.0,,0.0,1,0.15,0.0,SPY220720C00395000,395.0,expirationDay
2022-07-21,10381.0,-5624.0,0.0,100,398.79,455.0,0,0.0,0.0,,0.0,1,4.0,4.03,SPY220727C00399000,399.0,normalDay
2022-07-22,10381.0,-5781.0,0.0,100,395.09,455.0,0,0.0,0.0,,0.0,1,4.0,1.9,SPY220727C00399000,399.0,normalDay
2022-07-25,10381.0,-5727.0,0.0,100,395.57,455.0,0,0.0,0.0,,0.0,1,4.0,1.84,SPY220727C00399000,399.0,normalDay
2022-07-26,10381.0,-6054.0,0.0,100,390.89,455.0,0,0.0,0.0,,0.0,1,4.0,0.43,SPY220727C00399000,399.0,normalDay
2022-07-27,5181.0,-6054.0,-5200.0,0,401.04,0.0,0,0.0,0.0,,0.0,1,4.0,0.0,SPY220727C00399000,399.0,expirationDay
2022-07-28,5181.0,-7.0,0.0,0,406.07,0.0,1,10.34,10.41,SPY221216P00371000,371.0,0,0.0,0.0,,0.0,normalDay
2022-07-29,5181.0,105.0,0.0,0,411.99,0.0,1,10.34,9.29,SPY221216P00371000,371.0,0,0.0,0.0,,0.0,normalDay
2022-08-01,5181.0,43.0,0.0,0,410.77,0.0,1,10.34,9.91,SPY221216P00371000,371.0,0,0.0,0.0,,0.0,normalDay
2022-08-02,5181.0,-64.0,0.0,0,408.06,0.0,1,10.34,10.98,SPY221216P00371000,371.0,0,0.0,0.0,,0.0,normalDay
2022-08-03,5181.0,128.0,0.0,0,414.45,0.0,1,10.34,9.06,SPY221216P00371000,371.0,0,0.0,0.0,,0.0,normalDay
2022-08-04,5181.0,140.0,0.0,0,414.17,0.0,1,10.34,8.94,SPY221216P00371000,371.0,0,0.0,0.0,,0.0,normalDay
2022-08-05,5181.0,127.0,0.0,0,413.47,0.0,1,10.34,9.07,SPY221216P00371000,371.0,0,0.0,0.0,,0.0,normalDay
2022-08-08,5181.0,135.0,0.0,0,412.99,0.0,1,10.34,8.99,SPY221216P00371000,371.0,0,0.0,0.0,,0.0,normalDay
2022-08-09,5181.0,108.0,0.0,0,411.35,0.0,1,10.34,9.26,SPY221216P00371000,371.0,0,0.0,0.0,,0.0,normalDay
2022-08-10,5181.0,291.0,0.0,0,419.99,0.0,1,10.34,7.43,SPY221216P00371000,371.0,0,0.0,0.0,,0.0,normalDay
2022-08-11,5181.0,295.0,0.0,0,419.99,0.0,1,10.34,7.39,SPY221216P00371000,371.0,0,0.0,0.0,,0.0,normalDay
2022-08-12,5181.0,401.0,0.0,0,427.1,0.0,1,10.34,6.33,SPY221216P00371000,371.0,0,0.0,0.0,,0.0,normalDay
2022-08-15,5181.0,443.0,0.0,0,428.86,0.0,1,10.34,5.91,SPY221216P00371000,371.0,0,0.0,0.0,,0.0,normalDay
2022-08-16,5181.0,456.0,0.0,0,429.7,0.0,1,10.34,5.78,SPY221216P00371000,371.0,0,0.0,0.0,,0.0,normalDay
2022-08-17,5181.0,409.0,0.0,0,426.65,0.0,1,10.34,6.25,SPY221216P00371000,371.0,0,0.0,0.0,,0.0,normalDay
2022-08-18,5181.0,446.0,0.0,0,427.89,0.0,1,10.34,5.88,SPY221216P00371000,371.0,0,0.0,0.0,,0.0,normalDay
2022-08-19,5181.0,343.0,0.0,0,422.14,0.0,1,10.34,6.91,SPY221216P00371000,371.0,0,0.0,0.0,,0.0,normalDay
2022-08-22,5181.0,177.0,0.0,0,413.35,0.0,1,10.34,8.57,SPY221216P00371000,371.0,0,0.0,0.0,,0.0,normalDay
2022-08-23,5181.0,171.0,0.0,0,412.35,0.0,1,10.34,8.63,SPY221216P00371000,371.0,0,0.0,0.0,,0.0,normalDay
2022-08-24,5181.0,244.0,0.0,0,413.67,0.0,1,10.34,7.9,SPY221216P00371000,371.0,0,0.0,0.0,,0.0,normalDay
2022-08-25,5181.0,360.0,0.0,0,419.51,0.0,1,10.34,6.74,SPY221216P00371000,371.0,0,0.0,0.0,,0.0,normalDay
2022-08-26,5181.0,36.0,0.0,0,405.31,0.0,1,10.34,9.98,SPY221216P00371000,371.0,0,0.0,0.0,,0.0,normalDay
2022-08-29,5181.0,4.0,0.0,0,402.63,0.0,1,10.34,10.3,SPY221216P00371000,371.0,0,0.0,0.0,,0.0,normalDay
2022-08-30,5181.0,-92.0,0.0,0,398.21,0.0,1,10.34,11.26,SPY221216P00371000,371.0,0,0.0,0.0,,0.0,normalDay
2022-08-31,5181.0,-139.0,0.0,0,395.18,0.0,1,10.34,11.73,SPY221216P00371000,371.0,0,0.0,0.0,,0.0,normalDay
2022-09-01,5181.0,-79.0,0.0,0,396.42,0.0,1,10.34,11.13,SPY221216P00371000,371.0,0,0.0,0.0,,0.0,normalDay
2022-09-02,5181.0,-169.0,0.0,0,392.24,0.0,1,10.34,12.03,SPY221216P00371000,371.0,0,0.0,0.0,,0.0,normalDay
2022-09-06,5181.0,-246.0,0.0,0,390.76,0.0,1,10.34,12.8,SPY221216P00371000,371.0,0,0.0,0.0,,0.0,normalDay
2022-09-07,5181.0,7.0,0.0,0,397.78,0.0,1,10.34,10.27,SPY221216P00371000,371.0,0,0.0,0.0,,0.0,normalDay
2022-09-08,5181.0,124.0,0.0,0,400.38,0.0,1,10.34,9.1,SPY221216P00371000,371.0,0,0.0,0.0,,0.0,normalDay
2022-09-09,5181.0,249.0,0.0,0,406.6,0.0,1,10.34,7.85,SPY221216P00371000,371.0,0,0.0,0.0,,0.0,normalDay
2022-09-12,5181.0,351.0,0.0,0,410.97,0.0,1,10.34,6.83,SPY221216P00371000,371.0,0,0.0,0.0,,0.0,normalDay
2022-09-13,5181.0,-84.0,0.0,0,393.1,0.0,1,10.34,11.18,SPY221216P00371000,371.0,0,0.0,0.0,,0.0,normalDay
2022-09-14,5181.0,-40.0,0.0,0,394.6,0.0,1,10.34,10.74,SPY221216P00371000,371.0,0,0.0,0.0,,0.0,normalDay
2022-09-15,5181.0,-120.0,0.0,0,390.12,0.0,1,10.34,11.54,SPY221216P00371000,371.0,0,0.0,0.0,,0.0,normalDay
2022-09-16,5181.0,-203.0,0.0,0,385.56,0.0,1,10.34,12.37,SPY221216P00371000,371.0,0,0.0,0.0,,0.0,normalDay
2022-09-19,5181.0,-89.0,0.0,0,388.55,0.0,1,10.34,11.23,SPY221216P00371000,371.0,0,0.0,0.0,,0.0,normalDay
2022-09-20,5181.0,-237.0,0.0,0,384.09,0.0,1,10.34,12.71,SPY221216P00371000,371.0,0,0.0,0.0,,0.0,normalDay
2022-09-21,5181.0,-497.0,0.0,0,377.39,0.0,1,10.34,15.31,SPY221216P00371000,371.0,0,0.0,0.0,,0.0,normalDay
2022-09-22,5181.0,-560.0,0.0,0,374.22,0.0,1,10.34,15.94,SPY221216P00371000,371.0,0,0.0,0.0,,0.0,normalDay
2022-09-23,5181.0,-910.0,0.0,0,367.95,0.0,1,10.34,19.44,SPY221216P00371000,371.0,0,0.0,0.0,,0.0,normalDay
2022-09-26,5181.0,-1139.0,0.0,0,364.31,0.0,1,10.34,21.73,SPY221216P00371000,371.0,0,0.0,0.0,,0.0,normalDay
2022-09-27,5181.0,-1161.0,0.0,0,363.38,0.0,1,10.34,21.95,SPY221216P00371000,371.0,0,0.0,0.0,,0.0,normalDay
2022-09-28,5181.0,-752.0,0.0,0,370.53,0.0,1,10.34,17.86,SPY221216P00371000,371.0,0,0.0,0.0,,0.0,normalDay
2022-09-29,5181.0,-1121.0,0.0,0,362.79,0.0,1,10.34,21.55,SPY221216P00371000,371.0,0,0.0,0.0,,0.0,normalDay
2022-09-30,5181.0,-1333.0,0.0,0,357.18,0.0,1,10.34,23.67,SPY221216P00371000,371.0,0,0.0,0.0,,0.0,normalDay
2022-10-03,5181.0,-817.0,0.0,0,366.61,0.0,1,10.34,18.51,SPY221216P00371000,371.0,0,0.0,0.0,,0.0,normalDay
2022-10-04,5181.0,-354.0,0.0,0,377.97,0.0,1,10.34,13.88,SPY221216P00371000,371.0,0,0.0,0.0,,0.0,normalDay
2022-10-05,5181.0,-351.0,0.0,0,377.09,0.0,1,10.34,13.85,SPY221216P00371000,371.0,0,0.0,0.0,,0.0,normalDay
2022-10-06,5181.0,-553.0,0.0,0,373.2,0.0,1,10.34,15.87,SPY221216P00371000,371.0,0,0.0,0.0,,0.0,normalDay
2022-10-07,5181.0,-1060.0,0.0,0,362.79,0.0,1,10.34,20.94,SPY221216P00371000,371.0,0,0.0,0.0,,0.0,normalDay
2022-10-10,5181.0,-1199.0,0.0,0,360.02,0.0,1,10.34,22.33,SPY221216P00371000,371.0,0,0.0,0.0,,0.0,normalDay
2022-10-11,5181.0,-1347.0,0.0,0,357.74,0.0,1,10.34,23.81,SPY221216P00371000,371.0,0,0.0,0.0,,0.0,normalDay
2022-10-12,5181.0,-1408.0,0.0,0,356.56,0.0,1,10.34,24.42,SPY221216P00371000,371.0,0,0.0,0.0,,0.0,normalDay
2022-10-13,5181.0,-878.0,0.0,0,365.97,0.0,1,10.34,19.12,SPY221216P00371000,371.0,0,0.0,0.0,,0.0,normalDay
2022-10-14,5181.0,-1306.0,0.0,0,357.63,0.0,1,10.34,23.4,SPY221216P00371000,371.0,0,0.0,0.0,,0.0,normalDay
2022-10-17,5181.0,-774.0,0.0,0,366.82,0.0,1,10.34,18.08,SPY221216P00371000,371.0,0,0.0,0.0,,0.0,normalDay
2022-10-18,5181.0,-520.0,0.0,0,371.13,0.0,1,10.34,15.54,SPY221216P00371000,371.0,0,0.0,0.0,,0.0,normalDay
2022-10-19,5181.0,-691.0,0.0,0,368.5,0.0,1,10.34,17.25,SPY221216P00371000,371.0,0,0.0,0.0,,0.0,normalDay
2022-10-20,5181.0,-777.0,0.0,0,365.41,0.0,1,10.34,18.11,SPY221216P00371000,371.0,0,0.0,0.0,,0.0,normalDay
2022-10-21,5181.0,-396.0,0.0,0,374.29,0.0,1,10.34,14.3,SPY221216P00371000,371.0,0,0.0,0.0,,0.0,normalDay
2022-10-24,5181.0,-213.0,0.0,0,378.87,0.0,1,10.34,12.47,SPY221216P00371000,371.0,0,0.0,0.0,,0.0,normalDay
2022-10-25,5181.0,0.0,0.0,0,384.92,0.0,1,10.34,10.34,SPY221216P00371000,371.0,0,0.0,0.0,,0.0,normalDay
2022-10-26,5181.0,43.0,0.0,0,382.02,0.0,1,10.34,9.91,SPY221216P00371000,371.0,0,0.0,0.0,,0.0,normalDay
2022-10-27,5181.0,-176.0,0.0,0,379.98,0.0,1,10.34,12.1,SPY221216P00371000,371.0,0,0.0,0.0,,0.0,normalDay
2022-10-28,5181.0,283.0,0.0,0,389.02,0.0,1,10.34,7.51,SPY221216P00371000,371.0,0,0.0,0.0,,0.0,normalDay
2022-10-31,5181.0,256.0,0.0,0,386.21,0.0,1,10.34,7.78,SPY221216P00371000,371.0,0,0.0,0.0,,0.0,normalDay
2022-11-01,5181.0,208.0,0.0,0,384.52,0.0,1,10.34,8.26,SPY221216P00371000,371.0,0,0.0,0.0,,0.0,normalDay
2022-11-02,5181.0,-118.0,0.0,0,374.87,0.0,1,10.34,11.52,SPY221216P00371000,371.0,0,0.0,0.0,,0.0,normalDay
2022-11-03,5181.0,-251.0,0.0,0,371.01,0.0,1,10.34,12.85,SPY221216P00371000,371.0,0,0.0,0.0,,0.0,normalDay
2022-11-04,5181.0,8.0,0.0,0,376.35,0.0,1,10.34,10.26,SPY221216P00371000,371.0,0,0.0,0.0,,0.0,normalDay
2022-11-07,5181.0,190.0,0.0,0,379.95,0.0,1,10.34,8.44,SPY221216P00371000,371.0,0,0.0,0.0,,0.0,normalDay
2022-11-08,5181.0,205.0,0.0,0,382.0,0.0,1,10.34,8.29,SPY221216P00371000,371.0,0,0.0,0.0,,0.0,normalDay
2022-11-09,5181.0,-47.0,0.0,0,374.13,0.0,1,10.34,10.81,SPY221216P00371000,371.0,0,0.0,0.0,,0.0,normalDay
2022-11-10,5181.0,630.0,0.0,0,394.69,0.0,1,10.34,4.04,SPY221216P00371000,371.0,0,0.0,0.0,,0.0,normalDay
2022-11-11,5181.0,720.0,0.0,0,398.51,0.0,1,10.34,3.14,SPY221216P00371000,371.0,0,0.0,0.0,,0.0,normalDay
2022-11-14,5181.0,698.0,0.0,0,395.12,0.0,1,10.34,3.36,SPY221216P00371000,371.0,0,0.0,0.0,,0.0,normalDay
2022-11-15,5181.0,741.0,0.0,0,398.49,0.0,1,10.34,2.93,SPY221216P00371000,371.0,0,0.0,0.0,,0.0,normalDay
2022-11-16,5181.0,719.0,0.0,0,395.45,0.0,1,10.34,3.15,SPY221216P00371000,371.0,0,0.0,0.0,,0.0,normalDay
2022-11-17,5181.0,718.0,0.0,0,394.24,0.0,1,10.34,3.16,SPY221216P00371000,371.0,0,0.0,0.0,,0.0,normalDay
2022-11-18,5181.0,770.0,0.0,0,396.03,0.0,1,10.34,2.64,SPY221216P00371000,371.0,0,0.0,0.0,,0.0,normalDay
2022-11-21,5181.0,806.0,0.0,0,394.59,0.0,1,10.34,2.28,SPY221216P00371000,371.0,0,0.0,0.0,,0.0,normalDay
2022-11-22,5181.0,890.0,0.0,0,399.9,0.0,1,10.34,1.44,SPY221216P00371000,371.0,0,0.0,0.0,,0.0,normalDay
2022-11-23,5181.0,928.0,0.0,0,402.42,0.0,1,10.34,1.06,SPY221216P00371000,371.0,0,0.0,0.0,,0.0,normalDay
2022-11-25,5181.0,936.0,0.0,0,402.33,0.0,1,10.34,0.98,SPY221216P00371000,371.0,0,0.0,0.0,,0.0,normalDay
2022-11-28,5181.0,883.0,0.0,0,395.91,0.0,1,10.34,1.51,SPY221216P00371000,371.0,0,0.0,0.0,,0.0,normalDay
2022-11-29,5181.0,890.0,0.0,0,395.23,0.0,1,10.34,1.44,SPY221216P00371000,371.0,0,0.0,0.0,,0.0,normalDay
2022-11-30,5181.0,987.0,0.0,0,407.68,0.0,1,10.34,0.47,SPY221216P00371000,371.0,0,0.0,0.0,,0.0,normalDay
2022-12-01,5181.0,995.0,0.0,0,407.38,0.0,1,10.34,0.39,SPY221216P00371000,371.0,0,0.0,0.0,,0.0,normalDay
2022-12-02,5181.0,1002.0,0.0,0,406.91,0.0,1,10.34,0.32,SPY221216P00371000,371.0,0,0.0,0.0,,0.0,normalDay
2022-12-05,5181.0,978.0,0.0,0,399.59,0.0,1,10.34,0.56,SPY221216P00371000,371.0,0,0.0,0.0,,0.0,normalDay
2022-12-06,5181.0,927.0,0.0,0,393.83,0.0,1,10.34,1.07,SPY221216P00371000,371.0,0,0.0,0.0,,0.0,normalDay
2022-12-07,5181.0,930.0,0.0,0,393.16,0.0,1,10.34,1.04,SPY221216P00371000,371.0,0,0.0,0.0,,0.0,normalDay
2022-12-08,5181.0,972.0,0.0,0,396.24,0.0,1,10.34,0.62,SPY221216P00371000,371.0,0,0.0,0.0,,0.0,normalDay
2022-12-09,5181.0,963.0,0.0,0,393.28,0.0,1,10.34,0.71,SPY221216P00371000,371.0,0,0.0,0.0,,0.0,normalDay
2022-12-12,5181.0,993.0,0.0,0,398.95,0.0,1,10.34,0.41,SPY221216P00371000,371.0,0,0.0,0.0,,0.0,normalDay
2022-12-13,5181.0,1024.0,0.0,0,401.97,0.0,1,10.34,0.1,SPY221216P00371000,371.0,0,0.0,0.0,,0.0,normalDay
2022-12-14,5181.0,1029.0,0.0,0,399.4,0.0,1,10.34,0.05,SPY221216P00371000,371.0,0,0.0,0.0,,0.0,normalDay
2022-12-15,5181.0,1027.0,0.0,0,389.63,0.0,1,10.34,0.07,SPY221216P00371000,371.0,0,0.0,0.0,,0.0,normalDay
2022-12-16,6215.0,0.0,1034.0,0,383.27,0.0,1,10.34,0.0,SPY221216P00371000,371.0,0,0.0,0.0,,0.0,expirationDay
2022-12-19,6215.0,-7.0,0.0,0,380.02,0.0,1,18.47,18.54,SPY230421P00380000,380.0,0,0.0,0.0,,0.0,normalDay
2022-12-20,6215.0,67.0,0.0,0,380.54,0.0,1,18.47,17.8,SPY230421P00380000,380.0,0,0.0,0.0,,0.0,normalDay
2022-12-21,6215.0,329.0,0.0,0,386.23,0.0,1,18.47,15.18,SPY230421P00380000,380.0,0,0.0,0.0,,0.0,normalDay
2022-12-22,6215.0,65.0,0.0,0,380.72,0.0,1,18.47,17.82,SPY230421P00380000,380.0,0,0.0,0.0,,0.0,normalDay
2022-12-23,6215.0,173.0,0.0,0,382.91,0.0,1,18.47,16.74,SPY230421P00380000,380.0,0,0.0,0.0,,0.0,normalDay
2022-12-27,6215.0,139.0,0.0,0,381.4,0.0,1,18.47,17.08,SPY230421P00380000,380.0,0,0.0,0.0,,0.0,normalDay
2022-12-28,6215.0,-53.0,0.0,0,376.66,0.0,1,18.47,19.0,SPY230421P00380000,380.0,0,0.0,0.0,,0.0,normalDay
2022-12-29,6215.0,240.0,0.0,0,383.44,0.0,1,18.47,16.07,SPY230421P00380000,380.0,0,0.0,0.0,,0.0,normalDay
2022-12-30,6215.0,216.0,0.0,0,382.43,0.0,1,18.47,16.31,SPY230421P00380000,380.0,0,0.0,0.0,,0.0,normalDay
2023-01-03,6215.0,155.0,0.0,0,380.82,0.0,1,18.47,16.92,SPY230421P00380000,380.0,0,0.0,0.0,,0.0,normalDay
2023-01-04,6215.0,351.0,0.0,0,383.76,0.0,1,18.47,14.96,SPY230421P00380000,380.0,0,0.0,0.0,,0.0,normalDay
2023-01-05,6215.0,178.0,0.0,0,379.38,0.0,1,18.47,16.69,SPY230421P00380000,380.0,0,0.0,0.0,,0.0,normalDay
2023-01-06,6215.0,553.0,0.0,0,388.08,0.0,1,18.47,12.94,SPY230421P00380000,380.0,0,0.0,0.0,,0.0,normalDay
2023-01-09,6215.0,535.0,0.0,0,387.86,0.0,1,18.47,13.12,SPY230421P00380000,380.0,0,0.0,0.0,,0.0,normalDay
2023-01-10,6215.0,696.0,0.0,0,390.58,0.0,1,18.47,11.51,SPY230421P00380000,380.0,0,0.0,0.0,,0.0,normalDay
2023-01-11,6215.0,834.0,0.0,0,395.52,0.0,1,18.47,10.13,SPY230421P00380000,380.0,0,0.0,0.0,,0.0,normalDay
2023-01-12,6215.0,963.0,0.0,0,396.96,0.0,1,18.47,8.84,SPY230421P00380000,380.0,0,0.0,0.0,,0.0,normalDay
2023-01-13,6215.0,1031.0,0.0,0,398.5,0.0,1,18.47,8.16,SPY230421P00380000,380.0,0,0.0,0.0,,0.0,normalDay
2023-01-17,6215.0,1031.0,0.0,0,397.77,0.0,1,18.47,8.16,SPY230421P00380000,380.0,0,0.0,0.0,,0.0,normalDay
2023-01-18,6215.0,827.0,0.0,0,391.49,0.0,1,18.47,10.2,SPY230421P00380000,380.0,0,0.0,0.0,,0.0,normalDay
2023-01-19,6215.0,752.0,0.0,0,388.64,0.0,1,18.47,10.95,SPY230421P00380000,380.0,0,0.0,0.0,,0.0,normalDay
2023-01-20,6215.0,988.0,0.0,0,395.88,0.0,1,18.47,8.59,SPY230421P00380000,380.0,0,0.0,0.0,,0.0,normalDay
2023-01-23,6215.0,1125.0,0.0,0,400.63,0.0,1,18.47,7.22,SPY230421P00380000,380.0,0,0.0,0.0,,0.0,normalDay
2023-01-24,6215.0,1181.0,0.0,0,400.2,0.0,1,18.47,6.66,SPY230421P00380000,380.0,0,0.0,0.0,,0.0,normalDay
2023-01-25,6215.0,1167.0,0.0,0,400.35,0.0,1,18.47,6.8,SPY230421P00380000,380.0,0,0.0,0.0,,0.0,normalDay
2023-01-26,6215.0,1266.0,0.0,0,404.75,0.0,1,18.47,5.81,SPY230421P00380000,380.0,0,0.0,0.0,,0.0,normalDay
2023-01-27,6215.0,1298.0,0.0,0,405.68,0.0,1,18.47,5.49,SPY230421P00380000,380.0,0,0.0,0.0,,0.0,normalDay
2023-01-30,6215.0,1200.0,0.0,0,400.59,0.0,1,18.47,6.47,SPY230421P00380000,380.0,0,0.0,0.0,,0.0,normalDay
2023-01-31,6215.0,1315.0,0.0,0,406.48,0.0,1,18.47,5.32,SPY230421P00380000,380.0,0,0.0,0.0,,0.0,normalDay
2023-02-01,6215.0,1426.0,0.0,0,410.8,0.0,1,18.47,4.21,SPY230421P00380000,380.0,0,0.0,0.0,,0.0,normalDay
2023-02-02,6215.0,1445.0,0.0,0,416.78,0.0,1,18.47,4.02,SPY230421P00380000,380.0,0,0.0,0.0,,0.0,normalDay
2023-02-03,6215.0,1419.0,0.0,0,412.35,0.0,1,18.47,4.28,SPY230421P00380000,380.0,0,0.0,0.0,,0.0,normalDay
2023-02-06,6215.0,1382.0,0.0,0,409.83,0.0,1,18.47,4.65,SPY230421P00380000,380.0,0,0.0,0.0,,0.0,normalDay
2023-02-07,6215.0,1471.0,0.0,0,415.19,0.0,1,18.47,3.76,SPY230421P00380000,380.0,0,0.0,0.0,,0.0,normalDay
2023-02-08,6215.0,1393.0,0.0,0,410.65,0.0,1,18.47,4.54,SPY230421P00380000,380.0,0,0.0,0.0,,0.0,normalDay
2023-02-09,6215.0,1317.0,0.0,0,407.09,0.0,1,18.47,5.3,SPY230421P00380000,380.0,0,0.0,0.0,,0.0,normalDay
2023-02-10,6215.0,1332.0,0.0,0,408.04,0.0,1,18.47,5.15,SPY230421P00380000,380.0,0,0.0,0.0,,0.0,normalDay
2023-02-13,6215.0,1446.0,0.0,0,412.83,0.0,1,18.47,4.01,SPY230421P00380000,380.0,0,0.0,0.0,,0.0,normalDay
2023-02-14,6215.0,1481.0,0.0,0,412.64,0.0,1,18.47,3.66,SPY230421P00380000,380.0,0,0.0,0.0,,0.0,normalDay
2023-02-15,6215.0,1529.0,0.0,0,413.98,0.0,1,18.47,3.18,SPY230421P00380000,380.0,0,0.0,0.0,,0.0,normalDay
2023-02-16,6215.0,1410.0,0.0,0,408.28,0.0,1,18.47,4.37,SPY230421P00380000,380.0,0,0.0,0.0,,0.0,normalDay
2023-02-17,6215.0,1410.0,0.0,0,407.26,0.0,1,18.47,4.37,SPY230421P00380000,380.0,0,0.0,0.0,,0.0,normalDay
2023-02-21,6215.0,1225.0,0.0,0,399.09,0.0,1,18.47,6.22,SPY230421P00380000,380.0,0,0.0,0.0,,0.0,normalDay
2023-02-22,6215.0,1245.0,0.0,0,398.54,0.0,1,18.47,6.02,SPY230421P00380000,380.0,0,0.0,0.0,,0.0,normalDay
2023-02-23,6215.0,1325.0,0.0,0,400.66,0.0,1,18.47,5.22,SPY230421P00380000,380.0,0,0.0,0.0,,0.0,normalDay
2023-02-24,6215.0,1215.0,0.0,0,396.38,0.0,1,18.47,6.32,SPY230421P00380000,380.0,0,0.0,0.0,,0.0,normalDay
2023-02-27,6215.0,1312.0,0.0,0,397.73,0.0,1,18.47,5.35,SPY230421P00380000,380.0,0,0.0,0.0,,0.0,normalDay
2023-02-28,6215.0,1293.0,0.0,0,396.26,0.0,1,18.47,5.54,SPY230421P00380000,380.0,0,0.0,0.0,,0.0,normalDay
2023-03-01,6215.0,1268.0,0.0,0,394.74,0.0,1,18.47,5.79,SPY230421P00380000,380.0,0,0.0,0.0,,0.0,normalDay
2023-03-02,6215.0,1375.0,0.0,0,397.81,0.0,1,18.47,4.72,SPY230421P00380000,380.0,0,0.0,0.0,,0.0,normalDay
2023-03-03,6215.0,1530.0,0.0,0,404.19,0.0,1,18.47,3.17,SPY230421P00380000,380.0,0,0.0,0.0,,0.0,normalDay
2023-03-06,6215.0,1558.0,0.0,0,404.47,0.0,1,18.47,2.89,SPY230421P00380000,380.0,0,0.0,0.0,,0.0,normalDay
2023-03-07,6215.0,1435.0,0.0,0,398.27,0.0,1,18.47,4.12,SPY230421P00380000,380.0,0,0.0,0.0,,0.0,normalDay
2023-03-08,6215.0,1472.0,0.0,0,398.92,0.0,1,18.47,3.75,SPY230421P00380000,380.0,0,0.0,0.0,,0.0,normalDay
2023-03-09,6215.0,1184.0,0.0,0,391.56,0.0,1,18.47,6.63,SPY230421P00380000,380.0,0,0.0,0.0,,0.0,normalDay
2023-03-10,6215.0,967.0,0.0,0,385.91,0.0,1,18.47,8.8,SPY230421P00380000,380.0,0,0.0,0.0,,0.0,normalDay
2023-03-13,6215.0,928.0,0.0,0,385.36,0.0,1,18.47,9.19,SPY230421P00380000,380.0,0,0.0,0.0,,0.0,normalDay
2023-03-14,6215.0,1217.0,0.0,0,391.73,0.0,1,18.47,6.3,SPY230421P00380000,380.0,0,0.0,0.0,,0.0,normalDay
2023-03-15,6215.0,1087.0,0.0,0,389.28,0.0,1,18.47,7.6,SPY230421P00380000,380.0,0,0.0,0.0,,0.0,normalDay
2023-03-16,6215.0,1365.0,0.0,0,396.11,0.0,1,18.47,4.82,SPY230421P00380000,380.0,0,0.0,0.0,,0.0,normalDay
2023-03-17,6215.0,1186.0,0.0,0,389.99,0.0,1,18.47,6.61,SPY230421P00380000,380.0,0,0.0,0.0,,0.0,normalDay
2023-03-20,6215.0,1328.0,0.0,0,393.74,0.0,1,18.47,5.19,SPY230421P00380000,380.0,0,0.0,0.0,,0.0,normalDay
2023-03-21,6215.0,1521.0,0.0,0,398.91,0.0,1,18.47,3.26,SPY230421P00380000,380.0,0,0.0,0.0,,0.0,normalDay
2023-03-22,6215.0,1368.0,0.0,0,392.11,0.0,1,18.47,4.79,SPY230421P00380000,380.0,0,0.0,0.0,,0.0,normalDay
2023-03-23,6215.0,1384.0,0.0,0,393.17,0.0,1,18.47,4.63,SPY230421P00380000,380.0,0,0.0,0.0,,0.0,normalDay
2023-03-24,6215.0,1476.0,0.0,0,395.75,0.0,1,18.47,3.71,SPY230421P00380000,380.0,0,0.0,0.0,,0.0,normalDay
2023-03-27,6215.0,1570.0,0.0,0,396.49,0.0,1,18.47,2.77,SPY230421P00380000,380.0,0,0.0,0.0,,0.0,normalDay
2023-03-28,6215.0,1597.0,0.0,0,395.6,0.0,1,18.47,2.5,SPY230421P00380000,380.0,0,0.0,0.0,,0.0,normalDay
2023-03-29,6215.0,1686.0,0.0,0,401.35,0.0,1,18.47,1.61,SPY230421P00380000,380.0,0,0.0,0.0,,0.0,normalDay
2023-03-30,6215.0,1717.0,0.0,0,403.7,0.0,1,18.47,1.3,SPY230421P00380000,380.0,0,0.0,0.0,,0.0,normalDay
2023-03-31,6215.0,1769.0,0.0,0,409.39,0.0,1,18.47,0.78,SPY230421P00380000,380.0,0,0.0,0.0,,0.0,normalDay
2023-04-03,6215.0,1797.0,0.0,0,410.95,0.0,1,18.47,0.5,SPY230421P00380000,380.0,0,0.0,0.0,,0.0,normalDay
2023-04-04,6215.0,1795.0,0.0,0,408.67,0.0,1,18.47,0.52,SPY230421P00380000,380.0,0,0.0,0.0,,0.0,normalDay
2023-04-05,6215.0,1800.0,0.0,0,407.6,0.0,1,18.47,0.47,SPY230421P00380000,380.0,0,0.0,0.0,,0.0,normalDay
2023-04-06,6215.0,1816.0,0.0,0,409.19,0.0,1,18.47,0.31,SPY230421P00380000,380.0,0,0.0,0.0,,0.0,normalDay
2023-04-10,6215.0,1826.0,0.0,0,409.61,0.0,1,18.47,0.21,SPY230421P00380000,380.0,0,0.0,0.0,,0.0,normalDay
2023-04-11,6215.0,1827.0,0.0,0,409.72,0.0,1,18.47,0.2,SPY230421P00380000,380.0,0,0.0,0.0,,0.0,normalDay
2023-04-12,6215.0,1828.0,0.0,0,408.05,0.0,1,18.47,0.19,SPY230421P00380000,380.0,0,0.0,0.0,,0.0,normalDay
2023-04-13,6215.0,1838.0,0.0,0,413.47,0.0,1,18.47,0.09,SPY230421P00380000,380.0,0,0.0,0.0,,0.0,normalDay
2023-04-14,6215.0,1841.0,0.0,0,412.46,0.0,1,18.47,0.06,SPY230421P00380000,380.0,0,0.0,0.0,,0.0,normalDay
2023-04-17,6215.0,1843.0,0.0,0,413.94,0.0,1,18.47,0.04,SPY230421P00380000,380.0,0,0.0,0.0,,0.0,normalDay
2023-04-18,6215.0,1843.0,0.0,0,414.21,0.0,1,18.47,0.04,SPY230421P00380000,380.0,0,0.0,0.0,,0.0,normalDay
2023-04-19,6215.0,1844.0,0.0,0,414.14,0.0,1,18.47,0.03,SPY230421P00380000,380.0,0,0.0,0.0,,0.0,normalDay
2023-04-20,6215.0,1845.0,0.0,0,411.88,0.0,1,18.47,0.02,SPY230421P00380000,380.0,0,0.0,0.0,,0.0,normalDay
2023-04-21,8062.0,0.0,1847.0,0,412.2,0.0,1,18.47,0.0,SPY230421P00380000,380.0,0,0.0,0.0,,0.0,expirationDay
2023-04-24,8062.0,-6.0,0.0,0,412.63,0.0,1,9.52,9.58,SPY230818P00397000,397.0,0,0.0,0.0,,0.0,normalDay
2023-04-25,8062.0,-220.0,0.0,0,406.08,0.0,1,9.52,11.72,SPY230818P00397000,397.0,0,0.0,0.0,,0.0,normalDay
2023-04-26,8062.0,-301.0,0.0,0,404.36,0.0,1,9.52,12.53,SPY230818P00397000,397.0,0,0.0,0.0,,0.0,normalDay
2023-04-27,8062.0,20.0,0.0,0,412.41,0.0,1,9.52,9.32,SPY230818P00397000,397.0,0,0.0,0.0,,0.0,normalDay
2023-04-28,8062.0,126.0,0.0,0,415.93,0.0,1,9.52,8.26,SPY230818P00397000,397.0,0,0.0,0.0,,0.0,normalDay
2023-05-01,8062.0,136.0,0.0,0,415.51,0.0,1,9.52,8.16,SPY230818P00397000,397.0,0,0.0,0.0,,0.0,normalDay
2023-05-02,8062.0,-28.0,0.0,0,410.84,0.0,1,9.52,9.8,SPY230818P00397000,397.0,0,0.0,0.0,,0.0,normalDay
2023-05-03,8062.0,-112.0,0.0,0,408.02,0.0,1,9.52,10.64,SPY230818P00397000,397.0,0,0.0,0.0,,0.0,normalDay
2023-05-04,8062.0,-289.0,0.0,0,405.13,0.0,1,9.52,12.41,SPY230818P00397000,397.0,0,0.0,0.0,,0.0,normalDay
2023-05-05,8062.0,20.0,0.0,0,412.63,0.0,1,9.52,9.32,SPY230818P00397000,397.0,0,0.0,0.0,,0.0,normalDay
2023-05-08,8062.0,64.0,0.0,0,412.74,0.0,1,9.52,8.88,SPY230818P00397000,397.0,0,0.0,0.0,,0.0,normalDay
2023-05-09,8062.0,13.0,0.0,0,410.93,0.0,1,9.52,9.39,SPY230818P00397000,397.0,0,0.0,0.0,,0.0,normalDay
2023-05-10,8062.0,98.0,0.0,0,412.85,0.0,1,9.52,8.54,SPY230818P00397000,397.0,0,0.0,0.0,,0.0,normalDay
2023-05-11,8062.0,94.0,0.0,0,412.13,0.0,1,9.52,8.58,SPY230818P00397000,397.0,0,0.0,0.0,,0.0,normalDay
2023-05-12,8062.0,80.0,0.0,0,411.59,0.0,1,9.52,8.72,SPY230818P00397000,397.0,0,0.0,0.0,,0.0,normalDay
2023-05-15,8062.0,169.0,0.0,0,413.01,0.0,1,9.52,7.83,SPY230818P00397000,397.0,0,0.0,0.0,,0.0,normalDay
2023-05-16,8062.0,88.0,0.0,0,410.25,0.0,1,9.52,8.64,SPY230818P00397000,397.0,0,0.0,0.0,,0.0,normalDay
2023-05-17,8062.0,244.0,0.0,0,415.23,0.0,1,9.52,7.08,SPY230818P00397000,397.0,0,0.0,0.0,,0.0,normalDay
2023-05-18,8062.0,367.0,0.0,0,419.23,0.0,1,9.52,5.85,SPY230818P00397000,397.0,0,0.0,0.0,,0.0,normalDay
2023-05-19,8062.0,330.0,0.0,0,418.62,0.0,1,9.52,6.22,SPY230818P00397000,397.0,0,0.0,0.0,,0.0,normalDay
2023-05-22,8062.0,342.0,0.0,0,418.79,0.0,1,9.52,6.1,SPY230818P00397000,397.0,0,0.0,0.0,,0.0,normalDay
2023-05-23,8062.0,217.0,0.0,0,414.09,0.0,1,9.52,7.35,SPY230818P00397000,397.0,0,0.0,0.0,,0.0,normalDay
2023-05-24,8062.0,120.0,0.0,0,411.09,0.0,1,9.52,8.32,SPY230818P00397000,397.0,0,0.0,0.0,,0.0,normalDay
2023-05-25,8062.0,232.0,0.0,0,414.65,0.0,1,9.52,7.2,SPY230818P00397000,397.0,0,0.0,0.0,,0.0,normalDay
2023-05-26,8062.0,377.0,0.0,0,420.02,0.0,1,9.52,5.75,SPY230818P00397000,397.0,0,0.0,0.0,,0.0,normalDay
2023-05-30,8062.0,417.0,0.0,0,420.18,0.0,1,9.52,5.35,SPY230818P00397000,397.0,0,0.0,0.0,,0.0,normalDay
2023-05-31,8062.0,384.0,0.0,0,417.85,0.0,1,9.52,5.68,SPY230818P00397000,397.0,0,0.0,0.0,,0.0,normalDay
2023-06-01,8062.0,512.0,0.0,0,421.82,0.0,1,9.52,4.4,SPY230818P00397000,397.0,0,0.0,0.0,,0.0,normalDay
2023-06-02,8062.0,620.0,0.0,0,427.92,0.0,1,9.52,3.32,SPY230818P00397000,397.0,0,0.0,0.0,,0.0,normalDay
2023-06-05,8062.0,628.0,0.0,0,427.1,0.0,1,9.52,3.24,SPY230818P00397000,397.0,0,0.0,0.0,,0.0,normalDay
2023-06-06,8062.0,671.0,0.0,0,428.03,0.0,1,9.52,2.81,SPY230818P00397000,397.0,0,0.0,0.0,,0.0,normalDay
2023-06-07,8062.0,663.0,0.0,0,426.55,0.0,1,9.52,2.89,SPY230818P00397000,397.0,0,0.0,0.0,,0.0,normalDay
2023-06-08,8062.0,701.0,0.0,0,429.13,0.0,1,9.52,2.51,SPY230818P00397000,397.0,0,0.0,0.0,,0.0,normalDay
2023-06-09,8062.0,706.0,0.0,0,429.9,0.0,1,9.52,2.46,SPY230818P00397000,397.0,0,0.0,0.0,,0.0,normalDay
2023-06-12,8062.0,729.0,0.0,0,433.8,0.0,1,9.52,2.23,SPY230818P00397000,397.0,0,0.0,0.0,,0.0,normalDay
2023-06-13,8062.0,756.0,0.0,0,436.66,0.0,1,9.52,1.96,SPY230818P00397000,397.0,0,0.0,0.0,,0.0,normalDay
2023-06-14,8062.0,781.0,0.0,0,437.18,0.0,1,9.52,1.71,SPY230818P00397000,397.0,0,0.0,0.0,,0.0,normalDay
2023-06-15,8062.0,792.0,0.0,0,442.6,0.0,1,9.52,1.6,SPY230818P00397000,397.0,0,0.0,0.0,,0.0,normalDay
2023-06-16,8062.0,807.0,0.0,0,439.46,0.0,1,9.52,1.45,SPY230818P00397000,397.0,0,0.0,0.0,,0.0,normalDay
2023-06-20,8062.0,793.0,0.0,0,437.18,0.0,1,9.52,1.59,SPY230818P00397000,397.0,0,0.0,0.0,,0.0,normalDay
2023-06-21,8062.0,798.0,0.0,0,434.94,0.0,1,9.52,1.54,SPY230818P00397000,397.0,0,0.0,0.0,,0.0,normalDay
2023-06-22,8062.0,818.0,0.0,0,436.51,0.0,1,9.52,1.34,SPY230818P00397000,397.0,0,0.0,0.0,,0.0,normalDay
2023-06-23,8062.0,795.0,0.0,0,433.21,0.0,1,9.52,1.57,SPY230818P00397000,397.0,0,0.0,0.0,,0.0,normalDay
2023-06-26,8062.0,790.0,0.0,0,431.44,0.0,1,9.52,1.62,SPY230818P00397000,397.0,0,0.0,0.0,,0.0,normalDay
2023-06-27,8062.0,830.0,0.0,0,436.17,0.0,1,9.52,1.22,SPY230818P00397000,397.0,0,0.0,0.0,,0.0,normalDay
2023-06-28,8062.0,848.0,0.0,0,436.39,0.0,1,9.52,1.04,SPY230818P00397000,397.0,0,0.0,0.0,,0.0,normalDay
2023-06-29,8062.0,852.0,0.0,0,438.11,0.0,1,9.52,1.0,SPY230818P00397000,397.0,0,0.0,0.0,,0.0,normalDay
2023-06-30,8062.0,873.0,0.0,0,443.28,0.0,1,9.52,0.79,SPY230818P00397000,397.0,0,0.0,0.0,,0.0,normalDay
2023-07-03,8062.0,878.0,0.0,0,443.79,0.0,1,9.52,0.74,SPY230818P00397000,397.0,0,0.0,0.0,,0.0,normalDay
2023-07-05,8062.0,875.0,0.0,0,443.13,0.0,1,9.52,0.77,SPY230818P00397000,397.0,0,0.0,0.0,,0.0,normalDay
2023-07-06,8062.0,852.0,0.0,0,439.66,0.0,1,9.52,1.0,SPY230818P00397000,397.0,0,0.0,0.0,,0.0,normalDay
2023-07-07,8062.0,861.0,0.0,0,438.55,0.0,1,9.52,0.91,SPY230818P00397000,397.0,0,0.0,0.0,,0.0,normalDay
2023-07-10,8062.0,870.0,0.0,0,439.66,0.0,1,9.52,0.82,SPY230818P00397000,397.0,0,0.0,0.0,,0.0,normalDay
2023-07-11,8062.0,883.0,0.0,0,442.46,0.0,1,9.52,0.69,SPY230818P00397000,397.0,0,0.0,0.0,,0.0,normalDay
2023-07-12,8062.0,905.0,0.0,0,446.02,0.0,1,9.52,0.47,SPY230818P00397000,397.0,0,0.0,0.0,,0.0,normalDay
2023-07-13,8062.0,908.0,0.0,0,449.56,0.0,1,9.52,0.44,SPY230818P00397000,397.0,0,0.0,0.0,,0.0,normalDay
2023-07-14,8062.0,913.0,0.0,0,449.28,0.0,1,9.52,0.39,SPY230818P00397000,397.0,0,0.0,0.0,,0.0,normalDay
2023-07-17,8062.0,919.0,0.0,0,450.84,0.0,1,9.52,0.33,SPY230818P00397000,397.0,0,0.0,0.0,,0.0,normalDay
2023-07-18,8062.0,924.0,0.0,0,454.19,0.0,1,9.52,0.28,SPY230818P00397000,397.0,0,0.0,0.0,,0.0,normalDay
2023-07-19,8062.0,922.0,0.0,0,455.2,0.0,1,9.52,0.3,SPY230818P00397000,397.0,0,0.0,0.0,,0.0,normalDay
2023-07-20,8062.0,919.0,0.0,0,452.18,0.0,1,9.52,0.33,SPY230818P00397000,397.0,0,0.0,0.0,,0.0,normalDay
2023-07-21,8062.0,923.0,0.0,0,452.18,0.0,1,9.52,0.29,SPY230818P00397000,397.0,0,0.0,0.0,,0.0,normalDay
2023-07-24,8062.0,928.0,0.0,0,454.2,0.0,1,9.52,0.24,SPY230818P00397000,397.0,0,0.0,0.0,,0.0,normalDay
2023-07-25,8062.0,931.0,0.0,0,455.44,0.0,1,9.52,0.21,SPY230818P00397000,397.0,0,0.0,0.0,,0.0,normalDay
2023-07-26,8062.0,935.0,0.0,0,455.51,0.0,1,9.52,0.17,SPY230818P00397000,397.0,0,0.0,0.0,,0.0,normalDay
2023-07-27,8062.0,927.0,0.0,0,452.49,0.0,1,9.52,0.25,SPY230818P00397000,397.0,0,0.0,0.0,,0.0,normalDay
2023-07-28,8062.0,938.0,0.0,0,456.92,0.0,1,9.52,0.14,SPY230818P00397000,397.0,0,0.0,0.0,,0.0,normalDay
2023-07-31,8062.0,940.0,0.0,0,457.79,0.0,1,9.52,0.12,SPY230818P00397000,397.0,0,0.0,0.0,,0.0,normalDay
2023-08-01,8062.0,940.0,0.0,0,456.48,0.0,1,9.52,0.12,SPY230818P00397000,397.0,0,0.0,0.0,,0.0,normalDay
2023-08-02,8062.0,931.0,0.0,0,450.13,0.0,1,9.52,0.21,SPY230818P00397000,397.0,0,0.0,0.0,,0.0,normalDay
2023-08-03,8062.0,932.0,0.0,0,448.84,0.0,1,9.52,0.2,SPY230818P00397000,397.0,0,0.0,0.0,,0.0,normalDay
2023-08-04,8062.0,926.0,0.0,0,446.81,0.0,1,9.52,0.26,SPY230818P00397000,397.0,0,0.0,0.0,,0.0,normalDay
2023-08-07,8062.0,939.0,0.0,0,450.71,0.0,1,9.52,0.13,SPY230818P00397000,397.0,0,0.0,0.0,,0.0,normalDay
2023-08-08,8062.0,941.0,0.0,0,448.75,0.0,1,9.52,0.11,SPY230818P00397000,397.0,0,0.0,0.0,,0.0,normalDay
2023-08-09,8062.0,942.0,0.0,0,445.75,0.0,1,9.52,0.1,SPY230818P00397000,397.0,0,0.0,0.0,,0.0,normalDay
2023-08-10,8062.0,943.0,0.0,0,445.91,0.0,1,9.52,0.09,SPY230818P00397000,397.0,0,0.0,0.0,,0.0,normalDay
2023-08-11,8062.0,947.0,0.0,0,445.65,0.0,1,9.52,0.05,SPY230818P00397000,397.0,0,0.0,0.0,,0.0,normalDay
2023-08-14,8062.0,949.0,0.0,0,448.11,0.0,1,9.52,0.03,SPY230818P00397000,397.0,0,0.0,0.0,,0.0,normalDay
2023-08-15,8062.0,948.0,0.0,0,442.89,0.0,1,9.52,0.04,SPY230818P00397000,397.0,0,0.0,0.0,,0.0,normalDay
2023-08-16,8062.0,950.0,0.0,0,439.64,0.0,1,9.52,0.02,SPY230818P00397000,397.0,0,0.0,0.0,,0.0,normalDay
2023-08-17,8062.0,950.0,0.0,0,436.29,0.0,1,9.52,0.02,SPY230818P00397000,397.0,0,0.0,0.0,,0.0,normalDay
2023-08-18,9014.0,0.0,952.0,0,436.5,0.0,1,9.52,0.0,SPY230818P00397000,397.0,0,0.0,0.0,,0.0,expirationDay
2023-08-21,9014.0,-6.0,0.0,0,439.34,0.0,1,12.81,12.87,SPY231229P00435000,435.0,0,0.0,0.0,,0.0,normalDay
2023-08-22,9014.0,-22.0,0.0,0,438.15,0.0,1,12.81,13.03,SPY231229P00435000,435.0,0,0.0,0.0,,0.0,normalDay
2023-08-23,9014.0,171.0,0.0,0,443.03,0.0,1,12.81,11.1,SPY231229P00435000,435.0,0,0.0,0.0,,0.0,normalDay
2023-08-24,9014.0,-68.0,0.0,0,436.89,0.0,1,12.81,13.49,SPY231229P00435000,435.0,0,0.0,0.0,,0.0,normalDay
2023-08-25,9014.0,101.0,0.0,0,439.97,0.0,1,12.81,11.8,SPY231229P00435000,435.0,0,0.0,0.0,,0.0,normalDay
2023-08-28,9014.0,237.0,0.0,0,442.76,0.0,1,12.81,10.44,SPY231229P00435000,435.0,0,0.0,0.0,,0.0,normalDay
2023-08-29,9014.0,437.0,0.0,0,449.16,0.0,1,12.81,8.44,SPY231229P00435000,435.0,0,0.0,0.0,,0.0,normalDay
2023-08-30,9014.0,510.0,0.0,0,451.01,0.0,1,12.81,7.71,SPY231229P00435000,435.0,0,0.0,0.0,,0.0,normalDay
2023-08-31,9014.0,525.0,0.0,0,450.35,0.0,1,12.81,7.56,SPY231229P00435000,435.0,0,0.0,0.0,,0.0,normalDay
2023-09-01,9014.0,547.0,0.0,0,451.19,0.0,1,12.81,7.34,SPY231229P00435000,435.0,0,0.0,0.0,,0.0,normalDay
2023-09-05,9014.0,506.0,0.0,0,449.24,0.0,1,12.81,7.75,SPY231229P00435000,435.0,0,0.0,0.0,,0.0,normalDay
2023-09-06,9014.0,405.0,0.0,0,446.22,0.0,1,12.81,8.76,SPY231229P00435000,435.0,0,0.0,0.0,,0.0,normalDay
2023-09-07,9014.0,378.0,0.0,0,444.85,0.0,1,12.81,9.03,SPY231229P00435000,435.0,0,0.0,0.0,,0.0,normalDay
2023-09-08,9014.0,443.0,0.0,0,445.52,0.0,1,12.81,8.38,SPY231229P00435000,435.0,0,0.0,0.0,,0.0,normalDay
2023-09-11,9014.0,539.0,0.0,0,448.45,0.0,1,12.81,7.42,SPY231229P00435000,435.0,0,0.0,0.0,,0.0,normalDay
2023-09-12,9014.0,477.0,0.0,0,445.99,0.0,1,12.81,8.04,SPY231229P00435000,435.0,0,0.0,0.0,,0.0,normalDay
2023-09-13,9014.0,519.0,0.0,0,446.51,0.0,1,12.81,7.62,SPY231229P00435000,435.0,0,0.0,0.0,,0.0,normalDay
2023-09-14,9014.0,645.0,0.0,0,450.36,0.0,1,12.81,6.36,SPY231229P00435000,435.0,0,0.0,0.0,,0.0,normalDay
2023-09-15,9014.0,476.0,0.0,0,443.37,0.0,1,12.81,8.05,SPY231229P00435000,435.0,0,0.0,0.0,,0.0,normalDay
2023-09-18,9014.0,496.0,0.0,0,443.63,0.0,1,12.81,7.85,SPY231229P00435000,435.0,0,0.0,0.0,,0.0,normalDay
2023-09-19,9014.0,480.0,0.0,0,442.71,0.0,1,12.81,8.01,SPY231229P00435000,435.0,0,0.0,0.0,,0.0,normalDay
2023-09-20,9014.0,309.0,0.0,0,438.64,0.0,1,12.81,9.72,SPY231229P00435000,435.0,0,0.0,0.0,,0.0,normalDay
2023-09-21,9014.0,-31.0,0.0,0,431.39,0.0,1,12.81,13.12,SPY231229P00435000,435.0,0,0.0,0.0,,0.0,normalDay
2023-09-22,9014.0,-66.0,0.0,0,430.42,0.0,1,12.81,13.47,SPY231229P00435000,435.0,0,0.0,0.0,,0.0,normalDay
2023-09-25,9014.0,25.0,0.0,0,432.23,0.0,1,12.81,12.56,SPY231229P00435000,435.0,0,0.0,0.0,,0.0,normalDay
2023-09-26,9014.0,-334.0,0.0,0,425.88,0.0,1,12.81,16.15,SPY231229P00435000,435.0,0,0.0,0.0,,0.0,normalDay
2023-09-27,9014.0,-287.0,0.0,0,426.05,0.0,1,12.81,15.68,SPY231229P00435000,435.0,0,0.0,0.0,,0.0,normalDay
2023-09-28,9014.0,-152.0,0.0,0,428.52,0.0,1,12.81,14.33,SPY231229P00435000,435.0,0,0.0,0.0,,0.0,normalDay
2023-09-29,9014.0,-184.0,0.0,0,427.48,0.0,1,12.81,14.65,SPY231229P00435000,435.0,0,0.0,0.0,,0.0,normalDay
2023-10-02,9014.0,-181.0,0.0,0,427.31,0.0,1,12.81,14.62,SPY231229P00435000,435.0,0,0.0,0.0,,0.0,normalDay
2023-10-03,9014.0,-565.0,0.0,0,421.59,0.0,1,12.81,18.46,SPY231229P00435000,435.0,0,0.0,0.0,,0.0,normalDay
2023-10-04,9014.0,-381.0,0.0,0,424.66,0.0,1,12.81,16.62,SPY231229P00435000,435.0,0,0.0,0.0,,0.0,normalDay
2023-10-05,9014.0,-396.0,0.0,0,424.5,0.0,1,12.81,16.77,SPY231229P00435000,435.0,0,0.0,0.0,,0.0,normalDay
2023-10-06,9014.0,-68.0,0.0,0,429.54,0.0,1,12.81,13.49,SPY231229P00435000,435.0,0,0.0,0.0,,0.0,normalDay
2023-10-09,9014.0,57.0,0.0,0,432.29,0.0,1,12.81,12.24,SPY231229P00435000,435.0,0,0.0,0.0,,0.0,normalDay
2023-10-10,9014.0,179.0,0.0,0,434.54,0.0,1,12.81,11.02,SPY231229P00435000,435.0,0,0.0,0.0,,0.0,normalDay
2023-10-11,9014.0,310.0,0.0,0,436.32,0.0,1,12.81,9.71,SPY231229P00435000,435.0,0,0.0,0.0,,0.0,normalDay
2023-10-12,9014.0,184.0,0.0,0,433.66,0.0,1,12.81,10.97,SPY231229P00435000,435.0,0,0.0,0.0,,0.0,normalDay
2023-10-13,9014.0,-32.0,0.0,0,431.5,0.0,1,12.81,13.13,SPY231229P00435000,435.0,0,0.0,0.0,,0.0,normalDay
2023-10-16,9014.0,272.0,0.0,0,436.04,0.0,1,12.81,10.09,SPY231229P00435000,435.0,0,0.0,0.0,,0.0,normalDay
2023-10-17,9014.0,238.0,0.0,0,436.02,0.0,1,12.81,10.43,SPY231229P00435000,435.0,0,0.0,0.0,,0.0,normalDay
2023-10-18,9014.0,-26.0,0.0,0,430.21,0.0,1,12.81,13.07,SPY231229P00435000,435.0,0,0.0,0.0,,0.0,normalDay
2023-10-19,9014.0,-341.0,0.0,0,426.43,0.0,1,12.81,16.22,SPY231229P00435000,435.0,0,0.0,0.0,,0.0,normalDay
2023-10-20,9014.0,-585.0,0.0,0,421.19,0.0,1,12.81,18.66,SPY231229P00435000,435.0,0,0.0,0.0,,0.0,normalDay
2023-10-23,9014.0,-530.0,0.0,0,420.46,0.0,1,12.81,18.11,SPY231229P00435000,435.0,0,0.0,0.0,,0.0,normalDay
2023-10-24,9014.0,-324.0,0.0,0,423.63,0.0,1,12.81,16.05,SPY231229P00435000,435.0,0,0.0,0.0,,0.0,normalDay
2023-10-25,9014.0,-917.0,0.0,0,417.55,0.0,1,12.81,21.98,SPY231229P00435000,435.0,0,0.0,0.0,,0.0,normalDay
2023-10-26,9014.0,-1234.0,0.0,0,412.55,0.0,1,12.81,25.15,SPY231229P00435000,435.0,0,0.0,0.0,,0.0,normalDay
2023-10-27,9014.0,-1319.0,0.0,0,410.68,0.0,1,12.81,26.0,SPY231229P00435000,435.0,0,0.0,0.0,,0.0,normalDay
2023-10-30,9014.0,-927.0,0.0,0,415.59,0.0,1,12.81,22.08,SPY231229P00435000,435.0,0,0.0,0.0,,0.0,normalDay
2023-10-31,9014.0,-689.0,0.0,0,418.2,0.0,1,12.81,19.7,SPY231229P00435000,435.0,0,0.0,0.0,,0.0,normalDay
2023-11-01,9014.0,-324.0,0.0,0,422.66,0.0,1,12.81,16.05,SPY231229P00435000,435.0,0,0.0,0.0,,0.0,normalDay
2023-11-02,9014.0,194.0,0.0,0,430.76,0.0,1,12.81,10.87,SPY231229P00435000,435.0,0,0.0,0.0,,0.0,normalDay
2023-11-03,9014.0,432.0,0.0,0,434.69,0.0,1,12.81,8.49,SPY231229P00435000,435.0,0,0.0,0.0,,0.0,normalDay
2023-11-06,9014.0,479.0,0.0,0,435.69,0.0,1,12.81,8.02,SPY231229P00435000,435.0,0,0.0,0.0,,0.0,normalDay
2023-11-07,9014.0,547.0,0.0,0,436.93,0.0,1,12.81,7.34,SPY231229P00435000,435.0,0,0.0,0.0,,0.0,normalDay
2023-11-08,9014.0,576.0,0.0,0,437.25,0.0,1,12.81,7.05,SPY231229P00435000,435.0,0,0.0,0.0,,0.0,normalDay
2023-11-09,9014.0,424.0,0.0,0,433.84,0.0,1,12.81,8.57,SPY231229P00435000,435.0,0,0.0,0.0,,0.0,normalDay
2023-11-10,9014.0,730.0,0.0,0,440.61,0.0,1,12.81,5.51,SPY231229P00435000,435.0,0,0.0,0.0,,0.0,normalDay
2023-11-13,9014.0,718.0,0.0,0,440.19,0.0,1,12.81,5.63,SPY231229P00435000,435.0,0,0.0,0.0,,0.0,normalDay
2023-11-14,9014.0,965.0,0.0,0,448.73,0.0,1,12.81,3.16,SPY231229P00435000,435.0,0,0.0,0.0,,0.0,normalDay
2023-11-15,9014.0,978.0,0.0,0,449.68,0.0,1,12.81,3.03,SPY231229P00435000,435.0,0,0.0,0.0,,0.0,normalDay
2023-11-16,9014.0,1007.0,0.0,0,450.23,0.0,1,12.81,2.74,SPY231229P00435000,435.0,0,0.0,0.0,,0.0,normalDay
2023-11-17,9014.0,1029.0,0.0,0,450.79,0.0,1,12.81,2.52,SPY231229P00435000,435.0,0,0.0,0.0,,0.0,normalDay
2023-11-20,9014.0,1097.0,0.0,0,454.26,0.0,1,12.81,1.84,SPY231229P00435000,435.0,0,0.0,0.0,,0.0,normalDay
2023-11-21,9014.0,1091.0,0.0,0,453.27,0.0,1,12.81,1.9,SPY231229P00435000,435.0,0,0.0,0.0,,0.0,normalDay
2023-11-22,9014.0,1123.0,0.0,0,455.02,0.0,1,12.81,1.58,SPY231229P00435000,435.0,0,0.0,0.0,,0.0,normalDay
2023-11-24,9014.0,1145.0,0.0,0,455.3,0.0,1,12.81,1.36,SPY231229P00435000,435.0,0,0.0,0.0,,0.0,normalDay
2023-11-27,9014.0,1149.0,0.0,0,454.48,0.0,1,12.81,1.32,SPY231229P00435000,435.0,0,0.0,0.0,,0.0,normalDay
2023-11-28,9014.0,1158.0,0.0,0,454.93,0.0,1,12.81,1.23,SPY231229P00435000,435.0,0,0.0,0.0,,0.0,normalDay
2023-11-29,9014.0,1154.0,0.0,0,454.61,0.0,1,12.81,1.27,SPY231229P00435000,435.0,0,0.0,0.0,,0.0,normalDay
2023-11-30,9014.0,1167.0,0.0,0,456.4,0.0,1,12.81,1.14,SPY231229P00435000,435.0,0,0.0,0.0,,0.0,normalDay
