date,totalCapital,unrializedPnL,rializedPnL,stocksOwned,stocksPriceToday,stocksPriceBoughtAt,putOwned,putOwnedSoldAt,putPriceToday,putOwnedContract,putOwnedStrike,callOwned,callOwnedSoldAt,callPriceToday,callOwnedContract,callOwnedStrike,trackType
2018-11-01,0.0,-4.0,0.0,0,273.51,0.0,1,2.53,2.57,SPY181221P00256000,256.0,0,0.0,0.0,,0.0,normalDay
2018-11-02,0.0,-22.0,0.0,0,271.89,0.0,1,2.53,2.75,SPY181221P00256000,256.0,0,0.0,0.0,,0.0,normalDay
2018-11-05,0.0,14.0,0.0,0,273.39,0.0,1,2.53,2.39,SPY181221P00256000,256.0,0,0.0,0.0,,0.0,normalDay
2018-11-06,0.0,47.0,0.0,0,275.12,0.0,1,2.53,2.06,SPY181221P00256000,256.0,0,0.0,0.0,,0.0,normalDay
2018-11-07,0.0,148.0,0.0,0,281.01,0.0,1,2.53,1.05,SPY181221P00256000,256.0,0,0.0,0.0,,0.0,normalDay
2018-11-08,0.0,145.0,0.0,0,280.5,0.0,1,2.53,1.08,SPY181221P00256000,256.0,0,0.0,0.0,,0.0,normalDay
2018-11-09,0.0,114.0,0.0,0,277.76,0.0,1,2.53,1.39,SPY181221P00256000,256.0,0,0.0,0.0,,0.0,normalDay
2018-11-12,0.0,30.0,0.0,0,272.57,0.0,1,2.53,2.23,SPY181221P00256000,256.0,0,0.0,0.0,,0.0,normalDay
2018-11-13,0.0,26.0,0.0,0,272.06,0.0,1,2.53,2.27,SPY181221P00256000,256.0,0,0.0,0.0,,0.0,normalDay
2018-11-14,0.0,-18.0,0.0,0,270.2,0.0,1,2.53,2.71,SPY181221P00256000,256.0,0,0.0,0.0,,0.0,normalDay
2018-11-15,0.0,59.0,0.0,0,273.02,0.0,1,2.53,1.94,SPY181221P00256000,256.0,0,0.0,0.0,,0.0,normalDay
2018-11-16,0.0,104.0,0.0,0,273.73,0.0,1,2.53,1.49,SPY181221P00256000,256.0,0,0.0,0.0,,0.0,normalDay
2018-11-19,0.0,26.0,0.0,0,269.1,0.0,1,2.53,2.27,SPY181221P00256000,256.0,0,0.0,0.0,,0.0,normalDay
2018-11-20,0.0,-126.0,0.0,0,264.12,0.0,1,2.53,3.79,SPY181221P00256000,256.0,0,0.0,0.0,,0.0,normalDay
2018-11-21,0.0,-54.0,0.0,0,265.02,0.0,1,2.53,3.07,SPY181221P00256000,256.0,0,0.0,0.0,,0.0,normalDay
2018-11-23,0.0,-107.0,0.0,0,263.25,0.0,1,2.53,3.6,SPY181221P00256000,256.0,0,0.0,0.0,,0.0,normalDay
2018-11-26,0.0,76.0,0.0,0,267.5,0.0,1,2.53,1.77,SPY181221P00256000,256.0,0,0.0,0.0,,0.0,normalDay
2018-11-27,0.0,82.0,0.0,0,268.4,0.0,1,2.53,1.71,SPY181221P00256000,256.0,0,0.0,0.0,,0.0,normalDay
2018-11-28,0.0,165.0,0.0,0,274.58,0.0,1,2.53,0.88,SPY181221P00256000,256.0,0,0.0,0.0,,0.0,normalDay
2018-11-29,0.0,155.0,0.0,0,273.98,0.0,1,2.53,0.98,SPY181221P00256000,256.0,0,0.0,0.0,,0.0,normalDay
2018-11-30,0.0,178.0,0.0,0,275.65,0.0,1,2.53,0.75,SPY181221P00256000,256.0,0,0.0,0.0,,0.0,normalDay
2018-12-03,0.0,220.0,0.0,0,279.3,0.0,1,2.53,0.33,SPY181221P00256000,256.0,0,0.0,0.0,,0.0,normalDay
2018-12-04,0.0,116.0,0.0,0,270.25,0.0,1,2.53,1.37,SPY181221P00256000,256.0,0,0.0,0.0,,0.0,normalDay
2018-12-06,0.0,119.0,0.0,0,269.84,0.0,1,2.53,1.34,SPY181221P00256000,256.0,0,0.0,0.0,,0.0,normalDay
2018-12-07,0.0,-30.0,0.0,0,263.57,0.0,1,2.53,2.83,SPY181221P00256000,256.0,0,0.0,0.0,,0.0,normalDay
2018-12-10,0.0,66.0,0.0,0,264.07,0.0,1,2.53,1.87,SPY181221P00256000,256.0,0,0.0,0.0,,0.0,normalDay
2018-12-11,0.0,91.0,0.0,0,264.13,0.0,1,2.53,1.62,SPY181221P00256000,256.0,0,0.0,0.0,,0.0,normalDay
2018-12-12,0.0,128.0,0.0,0,265.46,0.0,1,2.53,1.25,SPY181221P00256000,256.0,0,0.0,0.0,,0.0,normalDay
2018-12-13,0.0,163.0,0.0,0,265.37,0.0,1,2.53,0.9,SPY181221P00256000,256.0,0,0.0,0.0,,0.0,normalDay
2018-12-14,0.0,64.0,0.0,0,260.47,0.0,1,2.53,1.89,SPY181221P00256000,256.0,0,0.0,0.0,,0.0,normalDay
2018-12-17,0.0,-163.0,0.0,0,255.36,0.0,1,2.53,4.16,SPY181221P00256000,256.0,0,0.0,0.0,,0.0,normalDay
2018-12-18,0.0,-224.0,0.0,0,255.08,0.0,1,2.53,4.77,SPY181221P00256000,256.0,0,0.0,0.0,,0.0,normalDay
2018-12-19,0.0,-395.0,0.0,0,251.26,0.0,1,2.53,6.48,SPY181221P00256000,256.0,0,0.0,0.0,,0.0,normalDay
2018-12-20,0.0,-703.0,0.0,0,247.17,0.0,1,2.53,9.56,SPY181221P00256000,256.0,0,0.0,0.0,,0.0,normalDay
2018-12-21,253.0,-1530.0,253.0,100,240.7,256.0,1,2.53,0.0,SPY181221P00256000,256.0,0,0.0,0.0,,0.0,expirationDay
2018-12-24,253.0,-2166.0,0.0,100,234.34,256.0,0,0.0,0.0,,0.0,0,0.0,0.0,,0.0,bidTooLow
2018-12-26,253.0,-982.0,0.0,100,246.18,256.0,0,0.0,0.0,,0.0,0,0.0,0.0,,0.0,bidTooLow
2018-12-27,253.0,-799.0,0.0,100,248.07,256.0,0,0.0,0.0,,0.0,1,0.27,0.33,SPY190128C00275000,275.0,normalDay
2018-12-28,253.0,-818.0,0.0,100,247.75,256.0,0,0.0,0.0,,0.0,1,0.27,0.2,SPY190128C00275000,275.0,normalDay
2018-12-31,253.0,-595.0,0.0,100,249.92,256.0,0,0.0,0.0,,0.0,1,0.27,0.14,SPY190128C00275000,275.0,normalDay
2019-01-02,253.0,-561.0,0.0,100,250.18,256.0,0,0.0,0.0,,0.0,1,0.27,0.06,SPY190128C00275000,275.0,normalDay
2019-01-03,253.0,-1155.0,0.0,100,244.21,256.0,0,0.0,0.0,,0.0,1,0.27,0.03,SPY190128C00275000,275.0,normalDay
2019-01-04,253.0,-340.0,0.0,100,252.39,256.0,0,0.0,0.0,,0.0,1,0.27,0.06,SPY190128C00275000,275.0,normalDay
2019-01-07,253.0,-141.0,0.0,100,254.38,256.0,0,0.0,0.0,,0.0,1,0.27,0.06,SPY190128C00275000,275.0,normalDay
2019-01-08,253.0,97.0,0.0,100,256.77,256.0,0,0.0,0.0,,0.0,1,0.27,0.07,SPY190128C00275000,275.0,normalDay
2019-01-09,253.0,216.0,0.0,100,257.97,256.0,0,0.0,0.0,,0.0,1,0.27,0.08,SPY190128C00275000,275.0,normalDay
2019-01-10,253.0,307.0,0.0,100,258.88,256.0,0,0.0,0.0,,0.0,1,0.27,0.08,SPY190128C00275000,275.0,normalDay
2019-01-11,253.0,320.0,0.0,100,258.98,256.0,0,0.0,0.0,,0.0,1,0.27,0.05,SPY190128C00275000,275.0,normalDay
2019-01-14,253.0,163.0,0.0,100,257.4,256.0,0,0.0,0.0,,0.0,1,0.27,0.04,SPY190128C00275000,275.0,normalDay
2019-01-15,253.0,457.0,0.0,100,260.35,256.0,0,0.0,0.0,,0.0,1,0.27,0.05,SPY190128C00275000,275.0,normalDay
2019-01-16,253.0,519.0,0.0,100,260.98,256.0,0,0.0,0.0,,0.0,1,0.27,0.06,SPY190128C00275000,275.0,normalDay
2019-01-17,253.0,716.0,0.0,100,262.96,256.0,0,0.0,0.0,,0.0,1,0.27,0.07,SPY190128C00275000,275.0,normalDay
2019-01-18,253.0,1056.0,0.0,100,266.46,256.0,0,0.0,0.0,,0.0,1,0.27,0.17,SPY190128C00275000,275.0,normalDay
2019-01-22,253.0,710.0,0.0,100,262.86,256.0,0,0.0,0.0,,0.0,1,0.27,0.03,SPY190128C00275000,275.0,normalDay
2019-01-23,253.0,767.0,0.0,100,263.41,256.0,0,0.0,0.0,,0.0,1,0.27,0.01,SPY190128C00275000,275.0,normalDay
2019-01-24,253.0,781.0,0.0,100,263.55,256.0,0,0.0,0.0,,0.0,1,0.27,0.01,SPY190128C00275000,275.0,normalDay
2019-01-25,253.0,1004.0,0.0,100,265.78,256.0,0,0.0,0.0,,0.0,1,0.27,0.01,SPY190128C00275000,275.0,normalDay
2019-01-28,280.0,776.0,27.0,100,263.76,256.0,0,0.0,0.0,,0.0,1,0.27,0.0,SPY190128C00275000,275.0,expirationDay
2019-01-29,280.0,736.0,0.0,100,263.41,256.0,0,0.0,0.0,,0.0,1,0.98,1.03,SPY190301C00274000,274.0,normalDay
2019-01-30,280.0,1073.0,0.0,100,267.58,256.0,0,0.0,0.0,,0.0,1,0.98,1.83,SPY190301C00274000,274.0,normalDay
2019-01-31,280.0,1231.0,0.0,100,269.93,256.0,0,0.0,0.0,,0.0,1,0.98,2.6,SPY190301C00274000,274.0,normalDay
2019-02-01,280.0,1271.0,0.0,100,270.06,256.0,0,0.0,0.0,,0.0,1,0.98,2.33,SPY190301C00274000,274.0,normalDay
2019-02-04,280.0,1419.0,0.0,100,271.96,256.0,0,0.0,0.0,,0.0,1,0.98,2.75,SPY190301C00274000,274.0,normalDay
2019-02-05,280.0,1489.0,0.0,100,273.1,256.0,0,0.0,0.0,,0.0,1,0.98,3.19,SPY190301C00274000,274.0,normalDay
2019-02-06,280.0,1483.0,0.0,100,272.74,256.0,0,0.0,0.0,,0.0,1,0.98,2.89,SPY190301C00274000,274.0,normalDay
2019-02-07,280.0,1328.0,0.0,100,270.14,256.0,0,0.0,0.0,,0.0,1,0.98,1.84,SPY190301C00274000,274.0,normalDay
2019-02-08,280.0,1374.0,0.0,100,270.47,256.0,0,0.0,0.0,,0.0,1,0.98,1.71,SPY190301C00274000,274.0,normalDay
2019-02-11,280.0,1391.0,0.0,100,270.62,256.0,0,0.0,0.0,,0.0,1,0.98,1.69,SPY190301C00274000,274.0,normalDay
2019-02-12,280.0,1577.0,0.0,100,274.1,256.0,0,0.0,0.0,,0.0,1,0.98,3.31,SPY190301C00274000,274.0,normalDay
2019-02-13,280.0,1637.0,0.0,100,274.99,256.0,0,0.0,0.0,,0.0,1,0.98,3.6,SPY190301C00274000,274.0,normalDay
2019-02-14,280.0,1617.0,0.0,100,274.38,256.0,0,0.0,0.0,,0.0,1,0.98,3.19,SPY190301C00274000,274.0,normalDay
2019-02-15,280.0,1740.0,0.0,100,277.37,256.0,0,0.0,0.0,,0.0,1,0.98,4.95,SPY190301C00274000,274.0,normalDay
2019-02-19,280.0,1805.0,0.0,100,277.85,256.0,0,0.0,0.0,,0.0,1,0.98,4.78,SPY190301C00274000,274.0,normalDay
2019-02-20,280.0,1809.0,0.0,100,278.41,256.0,0,0.0,0.0,,0.0,1,0.98,5.3,SPY190301C00274000,274.0,normalDay
2019-02-21,280.0,1790.0,0.0,100,277.42,256.0,0,0.0,0.0,,0.0,1,0.98,4.5,SPY190301C00274000,274.0,normalDay
2019-02-22,280.0,1843.0,0.0,100,279.14,256.0,0,0.0,0.0,,0.0,1,0.98,5.69,SPY190301C00274000,274.0,normalDay
2019-02-25,280.0,1845.0,0.0,100,279.52,256.0,0,0.0,0.0,,0.0,1,0.98,6.05,SPY190301C00274000,274.0,normalDay
2019-02-26,280.0,1864.0,0.0,100,279.32,256.0,0,0.0,0.0,,0.0,1,0.98,5.66,SPY190301C00274000,274.0,normalDay
2019-02-27,280.0,1860.0,0.0,100,279.2,256.0,0,0.0,0.0,,0.0,1,0.98,5.58,SPY190301C00274000,274.0,normalDay
2019-02-28,280.0,1884.0,0.0,100,278.68,256.0,0,0.0,0.0,,0.0,1,0.98,4.82,SPY190301C00274000,274.0,normalDay
2019-03-01,2178.0,1884.0,1898.0,0,280.42,0.0,0,0.0,0.0,,0.0,1,0.98,0.0,SPY190301C00274000,274.0,expirationDay
2019-03-04,2178.0,-3.0,0.0,0,279.4,0.0,1,1.86,1.89,SPY190418P00267000,267.0,0,0.0,0.0,,0.0,normalDay
2019-03-05,2178.0,-6.0,0.0,0,279.02,0.0,1,1.86,1.92,SPY190418P00267000,267.0,0,0.0,0.0,,0.0,normalDay
2019-03-06,2178.0,-43.0,0.0,0,277.33,0.0,1,1.86,2.29,SPY190418P00267000,267.0,0,0.0,0.0,,0.0,normalDay
2019-03-07,2178.0,-101.0,0.0,0,275.01,0.0,1,1.86,2.87,SPY190418P00267000,267.0,0,0.0,0.0,,0.0,normalDay
2019-03-08,2178.0,-99.0,0.0,0,274.46,0.0,1,1.86,2.85,SPY190418P00267000,267.0,0,0.0,0.0,,0.0,normalDay
2019-03-11,2178.0,17.0,0.0,0,278.44,0.0,1,1.86,1.69,SPY190418P00267000,267.0,0,0.0,0.0,,0.0,normalDay
2019-03-12,2178.0,48.0,0.0,0,279.49,0.0,1,1.86,1.38,SPY190418P00267000,267.0,0,0.0,0.0,,0.0,normalDay
2019-03-13,2178.0,85.0,0.0,0,281.34,0.0,1,1.86,1.01,SPY190418P00267000,267.0,0,0.0,0.0,,0.0,normalDay
2019-03-14,2178.0,84.0,0.0,0,281.16,0.0,1,1.86,1.02,SPY190418P00267000,267.0,0,0.0,0.0,,0.0,normalDay
2019-03-15,2178.0,103.0,0.0,0,281.31,0.0,1,1.86,0.83,SPY190418P00267000,267.0,0,0.0,0.0,,0.0,normalDay
2019-03-18,2178.0,119.0,0.0,0,282.33,0.0,1,1.86,0.67,SPY190418P00267000,267.0,0,0.0,0.0,,0.0,normalDay
2019-03-19,2178.0,112.0,0.0,0,282.4,0.0,1,1.86,0.74,SPY190418P00267000,267.0,0,0.0,0.0,,0.0,normalDay
2019-03-20,2178.0,105.0,0.0,0,281.55,0.0,1,1.86,0.81,SPY190418P00267000,267.0,0,0.0,0.0,,0.0,normalDay
2019-03-21,2178.0,130.0,0.0,0,284.73,0.0,1,1.86,0.56,SPY190418P00267000,267.0,0,0.0,0.0,,0.0,normalDay
2019-03-22,2178.0,56.0,0.0,0,279.25,0.0,1,1.86,1.3,SPY190418P00267000,267.0,0,0.0,0.0,,0.0,normalDay
2019-03-25,2178.0,66.0,0.0,0,279.04,0.0,1,1.86,1.2,SPY190418P00267000,267.0,0,0.0,0.0,,0.0,normalDay
2019-03-26,2178.0,115.0,0.0,0,281.12,0.0,1,1.86,0.71,SPY190418P00267000,267.0,0,0.0,0.0,,0.0,normalDay
2019-03-27,2178.0,102.0,0.0,0,279.65,0.0,1,1.86,0.84,SPY190418P00267000,267.0,0,0.0,0.0,,0.0,normalDay
2019-03-28,2178.0,126.0,0.0,0,280.71,0.0,1,1.86,0.6,SPY190418P00267000,267.0,0,0.0,0.0,,0.0,normalDay
2019-03-29,2178.0,149.0,0.0,0,282.48,0.0,1,1.86,0.37,SPY190418P00267000,267.0,0,0.0,0.0,,0.0,normalDay
2019-04-01,2178.0,165.0,0.0,0,285.83,0.0,1,1.86,0.21,SPY190418P00267000,267.0,0,0.0,0.0,,0.0,normalDay
2019-04-02,2178.0,168.0,0.0,0,285.97,0.0,1,1.86,0.18,SPY190418P00267000,267.0,0,0.0,0.0,,0.0,normalDay
2019-04-03,2178.0,169.0,0.0,0,286.42,0.0,1,1.86,0.17,SPY190418P00267000,267.0,0,0.0,0.0,,0.0,normalDay
2019-04-04,2178.0,173.0,0.0,0,287.18,0.0,1,1.86,0.13,SPY190418P00267000,267.0,0,0.0,0.0,,0.0,normalDay
2019-04-05,2178.0,179.0,0.0,0,288.57,0.0,1,1.86,0.07,SPY190418P00267000,267.0,0,0.0,0.0,,0.0,normalDay
2019-04-08,2178.0,180.0,0.0,0,288.79,0.0,1,1.86,0.06,SPY190418P00267000,267.0,0,0.0,0.0,,0.0,normalDay
2019-04-09,2178.0,179.0,0.0,0,287.31,0.0,1,1.86,0.07,SPY190418P00267000,267.0,0,0.0,0.0,,0.0,normalDay
2019-04-10,2178.0,182.0,0.0,0,288.29,0.0,1,1.86,0.04,SPY190418P00267000,267.0,0,0.0,0.0,,0.0,normalDay
2019-04-11,2178.0,183.0,0.0,0,288.21,0.0,1,1.86,0.03,SPY190418P00267000,267.0,0,0.0,0.0,,0.0,normalDay
2019-04-12,2178.0,184.0,0.0,0,290.16,0.0,1,1.86,0.02,SPY190418P00267000,267.0,0,0.0,0.0,,0.0,normalDay
2019-04-15,2178.0,185.0,0.0,0,289.97,0.0,1,1.86,0.01,SPY190418P00267000,267.0,0,0.0,0.0,,0.0,normalDay
2019-04-16,2178.0,185.0,0.0,0,290.16,0.0,1,1.86,0.01,SPY190418P00267000,267.0,0,0.0,0.0,,0.0,normalDay
2019-04-17,2178.0,185.0,0.0,0,289.45,0.0,1,1.86,0.01,SPY190418P00267000,267.0,0,0.0,0.0,,0.0,normalDay
2019-04-18,2364.0,0.0,186.0,0,290.02,0.0,1,1.86,0.0,SPY190418P00267000,267.0,0,0.0,0.0,,0.0,expirationDay
2019-04-22,2364.0,-4.0,0.0,0,290.27,0.0,1,1.04,1.08,SPY190531P00277000,277.0,0,0.0,0.0,,0.0,normalDay
2019-04-23,2364.0,17.0,0.0,0,292.88,0.0,1,1.04,0.87,SPY190531P00277000,277.0,0,0.0,0.0,,0.0,normalDay
2019-04-24,2364.0,6.0,0.0,0,292.23,0.0,1,1.04,0.98,SPY190531P00277000,277.0,0,0.0,0.0,,0.0,normalDay
2019-04-25,2364.0,2.0,0.0,0,292.05,0.0,1,1.04,1.02,SPY190531P00277000,277.0,0,0.0,0.0,,0.0,normalDay
2019-04-26,2364.0,20.0,0.0,0,293.41,0.0,1,1.04,0.84,SPY190531P00277000,277.0,0,0.0,0.0,,0.0,normalDay
2019-04-29,2364.0,27.0,0.0,0,293.87,0.0,1,1.04,0.77,SPY190531P00277000,277.0,0,0.0,0.0,,0.0,normalDay
2019-04-30,2364.0,29.0,0.0,0,294.02,0.0,1,1.04,0.75,SPY190531P00277000,277.0,0,0.0,0.0,,0.0,normalDay
2019-05-01,2364.0,-3.0,0.0,0,291.81,0.0,1,1.04,1.07,SPY190531P00277000,277.0,0,0.0,0.0,,0.0,normalDay
2019-05-02,2364.0,-4.0,0.0,0,291.18,0.0,1,1.04,1.08,SPY190531P00277000,277.0,0,0.0,0.0,,0.0,normalDay
2019-05-03,2364.0,39.0,0.0,0,294.03,0.0,1,1.04,0.65,SPY190531P00277000,277.0,0,0.0,0.0,,0.0,normalDay
2019-05-06,2364.0,8.0,0.0,0,292.82,0.0,1,1.04,0.96,SPY190531P00277000,277.0,0,0.0,0.0,,0.0,normalDay
2019-05-07,2364.0,-116.0,0.0,0,287.93,0.0,1,1.04,2.2,SPY190531P00277000,277.0,0,0.0,0.0,,0.0,normalDay
2019-05-08,2364.0,-114.0,0.0,0,287.53,0.0,1,1.04,2.18,SPY190531P00277000,277.0,0,0.0,0.0,,0.0,normalDay
2019-05-09,2364.0,-112.0,0.0,0,286.66,0.0,1,1.04,2.16,SPY190531P00277000,277.0,0,0.0,0.0,,0.0,normalDay
2019-05-10,2364.0,-28.0,0.0,0,288.1,0.0,1,1.04,1.32,SPY190531P00277000,277.0,0,0.0,0.0,,0.0,normalDay
2019-05-13,2364.0,-243.0,0.0,0,280.86,0.0,1,1.04,3.47,SPY190531P00277000,277.0,0,0.0,0.0,,0.0,normalDay
2019-05-14,2364.0,-112.0,0.0,0,283.4,0.0,1,1.04,2.16,SPY190531P00277000,277.0,0,0.0,0.0,,0.0,normalDay
2019-05-15,2364.0,-28.0,0.0,0,285.06,0.0,1,1.04,1.32,SPY190531P00277000,277.0,0,0.0,0.0,,0.0,normalDay
2019-05-16,2364.0,25.0,0.0,0,287.7,0.0,1,1.04,0.79,SPY190531P00277000,277.0,0,0.0,0.0,,0.0,normalDay
2019-05-17,2364.0,-5.0,0.0,0,285.84,0.0,1,1.04,1.09,SPY190531P00277000,277.0,0,0.0,0.0,,0.0,normalDay
2019-05-20,2364.0,-5.0,0.0,0,283.95,0.0,1,1.04,1.09,SPY190531P00277000,277.0,0,0.0,0.0,,0.0,normalDay
2019-05-21,2364.0,57.0,0.0,0,286.51,0.0,1,1.04,0.47,SPY190531P00277000,277.0,0,0.0,0.0,,0.0,normalDay
2019-05-22,2364.0,59.0,0.0,0,285.63,0.0,1,1.04,0.45,SPY190531P00277000,277.0,0,0.0,0.0,,0.0,normalDay
2019-05-23,2364.0,-10.0,0.0,0,282.14,0.0,1,1.04,1.14,SPY190531P00277000,277.0,0,0.0,0.0,,0.0,normalDay
2019-05-24,2364.0,37.0,0.0,0,282.78,0.0,1,1.04,0.67,SPY190531P00277000,277.0,0,0.0,0.0,,0.0,normalDay
2019-05-28,2364.0,17.0,0.0,0,280.15,0.0,1,1.04,0.87,SPY190531P00277000,277.0,0,0.0,0.0,,0.0,normalDay
2019-05-29,2364.0,-9.0,0.0,0,278.27,0.0,1,1.04,1.13,SPY190531P00277000,277.0,0,0.0,0.0,,0.0,normalDay
2019-05-30,2364.0,63.0,0.0,0,279.03,0.0,1,1.04,0.41,SPY190531P00277000,277.0,0,0.0,0.0,,0.0,normalDay
2019-05-31,2468.0,-173.0,104.0,100,275.27,277.0,1,1.04,0.0,SPY190531P00277000,277.0,0,0.0,0.0,,0.0,expirationDay
2019-06-03,2468.0,-247.0,0.0,100,274.57,277.0,0,0.0,0.0,,0.0,1,0.1,0.14,SPY190705C00295000,295.0,normalDay
2019-06-04,2468.0,334.0,0.0,100,280.53,277.0,0,0.0,0.0,,0.0,1,0.1,0.29,SPY190705C00295000,295.0,normalDay
2019-06-05,2468.0,561.0,0.0,100,282.96,277.0,0,0.0,0.0,,0.0,1,0.1,0.45,SPY190705C00295000,295.0,normalDay
2019-06-06,2468.0,728.0,0.0,100,284.8,277.0,0,0.0,0.0,,0.0,1,0.1,0.62,SPY190705C00295000,295.0,normalDay
2019-06-07,2468.0,960.0,0.0,100,287.65,277.0,0,0.0,0.0,,0.0,1,0.1,1.15,SPY190705C00295000,295.0,normalDay
2019-06-10,2468.0,1072.0,0.0,100,288.97,277.0,0,0.0,0.0,,0.0,1,0.1,1.35,SPY190705C00295000,295.0,normalDay
2019-06-11,2468.0,1076.0,0.0,100,288.9,277.0,0,0.0,0.0,,0.0,1,0.1,1.24,SPY190705C00295000,295.0,normalDay
2019-06-12,2468.0,1053.0,0.0,100,288.39,277.0,0,0.0,0.0,,0.0,1,0.1,0.96,SPY190705C00295000,295.0,normalDay
2019-06-13,2468.0,1140.0,0.0,100,289.58,277.0,0,0.0,0.0,,0.0,1,0.1,1.28,SPY190705C00295000,295.0,normalDay
2019-06-14,2468.0,1133.0,0.0,100,289.26,277.0,0,0.0,0.0,,0.0,1,0.1,1.03,SPY190705C00295000,295.0,normalDay
2019-06-17,2468.0,1158.0,0.0,100,289.37,277.0,0,0.0,0.0,,0.0,1,0.1,0.89,SPY190705C00295000,295.0,normalDay
2019-06-18,2468.0,1376.0,0.0,100,292.4,277.0,0,0.0,0.0,,0.0,1,0.1,1.74,SPY190705C00295000,295.0,normalDay
2019-06-19,2468.0,1435.0,0.0,100,293.06,277.0,0,0.0,0.0,,0.0,1,0.1,1.81,SPY190705C00295000,295.0,normalDay
2019-06-20,2468.0,1586.0,0.0,100,295.86,277.0,0,0.0,0.0,,0.0,1,0.1,3.1,SPY190705C00295000,295.0,normalDay
2019-06-21,2468.0,1423.0,0.0,100,294.0,277.0,0,0.0,0.0,,0.0,1,0.1,2.87,SPY190705C00295000,295.0,normalDay
2019-06-24,2468.0,1427.0,0.0,100,293.64,277.0,0,0.0,0.0,,0.0,1,0.1,2.47,SPY190705C00295000,295.0,normalDay
2019-06-25,2468.0,1261.0,0.0,100,290.76,277.0,0,0.0,0.0,,0.0,1,0.1,1.25,SPY190705C00295000,295.0,normalDay
2019-06-26,2468.0,1260.0,0.0,100,290.47,277.0,0,0.0,0.0,,0.0,1,0.1,0.97,SPY190705C00295000,295.0,normalDay
2019-06-27,2468.0,1340.0,0.0,100,291.5,277.0,0,0.0,0.0,,0.0,1,0.1,1.2,SPY190705C00295000,295.0,normalDay
2019-06-28,2468.0,1420.0,0.0,100,293.0,277.0,0,0.0,0.0,,0.0,1,0.1,1.9,SPY190705C00295000,295.0,normalDay
2019-07-01,2468.0,1701.0,0.0,100,295.66,277.0,0,0.0,0.0,,0.0,1,0.1,1.75,SPY190705C00295000,295.0,normalDay
2019-07-02,2468.0,1749.0,0.0,100,296.43,277.0,0,0.0,0.0,,0.0,1,0.1,2.04,SPY190705C00295000,295.0,normalDay
2019-07-03,2468.0,1775.0,0.0,100,298.8,277.0,0,0.0,0.0,,0.0,1,0.1,4.15,SPY190705C00295000,295.0,normalDay
2019-07-05,4278.0,1775.0,1810.0,0,298.46,0.0,0,0.0,0.0,,0.0,1,0.1,0.0,SPY190705C00295000,295.0,expirationDay
2019-07-08,4278.0,-4.0,0.0,0,296.82,0.0,1,1.76,1.8,SPY190823P00284000,284.0,0,0.0,0.0,,0.0,normalDay
2019-07-09,4278.0,-6.0,0.0,0,297.19,0.0,1,1.76,1.82,SPY190823P00284000,284.0,0,0.0,0.0,,0.0,normalDay
2019-07-10,4278.0,34.0,0.0,0,298.61,0.0,1,1.76,1.42,SPY190823P00284000,284.0,0,0.0,0.0,,0.0,normalDay
2019-07-11,4278.0,46.0,0.0,0,299.31,0.0,1,1.76,1.3,SPY190823P00284000,284.0,0,0.0,0.0,,0.0,normalDay
2019-07-12,4278.0,68.0,0.0,0,300.65,0.0,1,1.76,1.08,SPY190823P00284000,284.0,0,0.0,0.0,,0.0,normalDay
2019-07-15,4278.0,73.0,0.0,0,300.75,0.0,1,1.76,1.03,SPY190823P00284000,284.0,0,0.0,0.0,,0.0,normalDay
2019-07-16,4278.0,67.0,0.0,0,299.78,0.0,1,1.76,1.09,SPY190823P00284000,284.0,0,0.0,0.0,,0.0,normalDay
2019-07-17,4278.0,36.0,0.0,0,297.74,0.0,1,1.76,1.4,SPY190823P00284000,284.0,0,0.0,0.0,,0.0,normalDay
2019-07-18,4278.0,57.0,0.0,0,298.83,0.0,1,1.76,1.19,SPY190823P00284000,284.0,0,0.0,0.0,,0.0,normalDay
2019-07-19,4278.0,34.0,0.0,0,297.17,0.0,1,1.76,1.42,SPY190823P00284000,284.0,0,0.0,0.0,,0.0,normalDay
2019-07-22,4278.0,65.0,0.0,0,297.9,0.0,1,1.76,1.11,SPY190823P00284000,284.0,0,0.0,0.0,,0.0,normalDay
2019-07-23,4278.0,98.0,0.0,0,300.03,0.0,1,1.76,0.78,SPY190823P00284000,284.0,0,0.0,0.0,,0.0,normalDay
2019-07-24,4278.0,115.0,0.0,0,301.44,0.0,1,1.76,0.61,SPY190823P00284000,284.0,0,0.0,0.0,,0.0,normalDay
2019-07-25,4278.0,103.0,0.0,0,300.0,0.0,1,1.76,0.73,SPY190823P00284000,284.0,0,0.0,0.0,,0.0,normalDay
2019-07-26,4278.0,123.0,0.0,0,302.01,0.0,1,1.76,0.53,SPY190823P00284000,284.0,0,0.0,0.0,,0.0,normalDay
2019-07-29,4278.0,123.0,0.0,0,301.46,0.0,1,1.76,0.53,SPY190823P00284000,284.0,0,0.0,0.0,,0.0,normalDay
2019-07-30,4278.0,110.0,0.0,0,300.72,0.0,1,1.76,0.66,SPY190823P00284000,284.0,0,0.0,0.0,,0.0,normalDay
2019-07-31,4278.0,62.0,0.0,0,297.43,0.0,1,1.76,1.14,SPY190823P00284000,284.0,0,0.0,0.0,,0.0,normalDay
2019-08-01,4278.0,4.0,0.0,0,294.84,0.0,1,1.76,1.72,SPY190823P00284000,284.0,0,0.0,0.0,,0.0,normalDay
2019-08-02,4278.0,-30.0,0.0,0,292.62,0.0,1,1.76,2.06,SPY190823P00284000,284.0,0,0.0,0.0,,0.0,normalDay
2019-08-05,4278.0,-441.0,0.0,0,283.82,0.0,1,1.76,6.17,SPY190823P00284000,284.0,0,0.0,0.0,,0.0,normalDay
2019-08-06,4278.0,-164.0,0.0,0,287.8,0.0,1,1.76,3.4,SPY190823P00284000,284.0,0,0.0,0.0,,0.0,normalDay
2019-08-07,4278.0,-138.0,0.0,0,287.97,0.0,1,1.76,3.14,SPY190823P00284000,284.0,0,0.0,0.0,,0.0,normalDay
2019-08-08,4278.0,48.0,0.0,0,293.62,0.0,1,1.76,1.28,SPY190823P00284000,284.0,0,0.0,0.0,,0.0,normalDay
2019-08-09,4278.0,12.0,0.0,0,291.62,0.0,1,1.76,1.64,SPY190823P00284000,284.0,0,0.0,0.0,,0.0,normalDay
2019-08-12,4278.0,-100.0,0.0,0,288.07,0.0,1,1.76,2.76,SPY190823P00284000,284.0,0,0.0,0.0,,0.0,normalDay
2019-08-13,4278.0,68.0,0.0,0,292.55,0.0,1,1.76,1.08,SPY190823P00284000,284.0,0,0.0,0.0,,0.0,normalDay
2019-08-14,4278.0,-237.0,0.0,0,283.9,0.0,1,1.76,4.13,SPY190823P00284000,284.0,0,0.0,0.0,,0.0,normalDay
2019-08-15,4278.0,-154.0,0.0,0,284.65,0.0,1,1.76,3.3,SPY190823P00284000,284.0,0,0.0,0.0,,0.0,normalDay
2019-08-16,4278.0,42.0,0.0,0,288.85,0.0,1,1.76,1.34,SPY190823P00284000,284.0,0,0.0,0.0,,0.0,normalDay
2019-08-19,4278.0,134.0,0.0,0,292.33,0.0,1,1.76,0.42,SPY190823P00284000,284.0,0,0.0,0.0,,0.0,normalDay
2019-08-20,4278.0,119.0,0.0,0,290.09,0.0,1,1.76,0.57,SPY190823P00284000,284.0,0,0.0,0.0,,0.0,normalDay
2019-08-21,4278.0,165.0,0.0,0,292.45,0.0,1,1.76,0.11,SPY190823P00284000,284.0,0,0.0,0.0,,0.0,normalDay
2019-08-22,4278.0,171.0,0.0,0,292.36,0.0,1,1.76,0.05,SPY190823P00284000,284.0,0,0.0,0.0,,0.0,normalDay
2019-08-23,4454.0,0.0,176.0,0,284.85,0.0,1,1.76,0.0,SPY190823P00284000,284.0,0,0.0,0.0,,0.0,expirationDay
2019-08-26,4454.0,-6.0,0.0,0,288.0,0.0,1,5.04,5.1,SPY191018P00279000,279.0,0,0.0,0.0,,0.0,normalDay
2019-08-27,4454.0,-64.0,0.0,0,286.87,0.0,1,5.04,5.68,SPY191018P00279000,279.0,0,0.0,0.0,,0.0,normalDay
2019-08-28,4454.0,24.0,0.0,0,288.89,0.0,1,5.04,4.8,SPY191018P00279000,279.0,0,0.0,0.0,,0.0,normalDay
2019-08-29,4454.0,144.0,0.0,0,292.58,0.0,1,5.04,3.6,SPY191018P00279000,279.0,0,0.0,0.0,,0.0,normalDay
2019-08-30,4454.0,131.0,0.0,0,292.45,0.0,1,5.04,3.73,SPY191018P00279000,279.0,0,0.0,0.0,,0.0,normalDay
2019-09-03,4454.0,95.0,0.0,0,290.74,0.0,1,5.04,4.09,SPY191018P00279000,279.0,0,0.0,0.0,,0.0,normalDay
2019-09-04,4454.0,222.0,0.0,0,294.04,0.0,1,5.04,2.82,SPY191018P00279000,279.0,0,0.0,0.0,,0.0,normalDay
2019-09-05,4454.0,299.0,0.0,0,297.82,0.0,1,5.04,2.05,SPY191018P00279000,279.0,0,0.0,0.0,,0.0,normalDay
2019-09-06,4454.0,336.0,0.0,0,298.05,0.0,1,5.04,1.68,SPY191018P00279000,279.0,0,0.0,0.0,,0.0,normalDay
2019-09-09,4454.0,347.0,0.0,0,298.2,0.0,1,5.04,1.57,SPY191018P00279000,279.0,0,0.0,0.0,,0.0,normalDay
2019-09-10,4454.0,354.0,0.0,0,298.13,0.0,1,5.04,1.5,SPY191018P00279000,279.0,0,0.0,0.0,,0.0,normalDay
2019-09-11,4454.0,388.0,0.0,0,300.25,0.0,1,5.04,1.16,SPY191018P00279000,279.0,0,0.0,0.0,,0.0,normalDay
2019-09-12,4454.0,407.0,0.0,0,301.29,0.0,1,5.04,0.97,SPY191018P00279000,279.0,0,0.0,0.0,,0.0,normalDay
2019-09-13,4454.0,416.0,0.0,0,301.09,0.0,1,5.04,0.88,SPY191018P00279000,279.0,0,0.0,0.0,,0.0,normalDay
2019-09-16,4454.0,412.0,0.0,0,300.16,0.0,1,5.04,0.92,SPY191018P00279000,279.0,0,0.0,0.0,,0.0,normalDay
2019-09-17,4454.0,425.0,0.0,0,300.92,0.0,1,5.04,0.79,SPY191018P00279000,279.0,0,0.0,0.0,,0.0,normalDay
2019-09-18,4454.0,437.0,0.0,0,301.1,0.0,1,5.04,0.67,SPY191018P00279000,279.0,0,0.0,0.0,,0.0,normalDay
2019-09-19,4454.0,438.0,0.0,0,301.08,0.0,1,5.04,0.66,SPY191018P00279000,279.0,0,0.0,0.0,,0.0,normalDay
2019-09-20,4454.0,418.0,0.0,0,298.28,0.0,1,5.04,0.86,SPY191018P00279000,279.0,0,0.0,0.0,,0.0,normalDay
2019-09-23,4454.0,436.0,0.0,0,298.21,0.0,1,5.04,0.68,SPY191018P00279000,279.0,0,0.0,0.0,,0.0,normalDay
2019-09-24,4454.0,399.0,0.0,0,295.87,0.0,1,5.04,1.05,SPY191018P00279000,279.0,0,0.0,0.0,,0.0,normalDay
2019-09-25,4454.0,426.0,0.0,0,297.62,0.0,1,5.04,0.78,SPY191018P00279000,279.0,0,0.0,0.0,,0.0,normalDay
2019-09-26,4454.0,432.0,0.0,0,297.0,0.0,1,5.04,0.72,SPY191018P00279000,279.0,0,0.0,0.0,,0.0,normalDay
2019-09-27,4454.0,410.0,0.0,0,295.4,0.0,1,5.04,0.94,SPY191018P00279000,279.0,0,0.0,0.0,,0.0,normalDay
2019-09-30,4454.0,444.0,0.0,0,296.77,0.0,1,5.04,0.6,SPY191018P00279000,279.0,0,0.0,0.0,,0.0,normalDay
2019-10-01,4454.0,395.0,0.0,0,293.24,0.0,1,5.04,1.09,SPY191018P00279000,279.0,0,0.0,0.0,,0.0,normalDay
2019-10-02,4454.0,291.0,0.0,0,288.06,0.0,1,5.04,2.13,SPY191018P00279000,279.0,0,0.0,0.0,,0.0,normalDay
2019-10-03,4454.0,370.0,0.0,0,290.42,0.0,1,5.04,1.34,SPY191018P00279000,279.0,0,0.0,0.0,,0.0,normalDay
2019-10-04,4454.0,448.0,0.0,0,294.35,0.0,1,5.04,0.56,SPY191018P00279000,279.0,0,0.0,0.0,,0.0,normalDay
2019-10-07,4454.0,447.0,0.0,0,293.08,0.0,1,5.04,0.57,SPY191018P00279000,279.0,0,0.0,0.0,,0.0,normalDay
2019-10-08,4454.0,387.0,0.0,0,288.53,0.0,1,5.04,1.17,SPY191018P00279000,279.0,0,0.0,0.0,,0.0,normalDay
2019-10-09,4454.0,446.0,0.0,0,291.27,0.0,1,5.04,0.58,SPY191018P00279000,279.0,0,0.0,0.0,,0.0,normalDay
2019-10-10,4454.0,476.0,0.0,0,293.24,0.0,1,5.04,0.28,SPY191018P00279000,279.0,0,0.0,0.0,,0.0,normalDay
2019-10-11,4454.0,493.0,0.0,0,296.28,0.0,1,5.04,0.11,SPY191018P00279000,279.0,0,0.0,0.0,,0.0,normalDay
2019-10-14,4454.0,500.0,0.0,0,295.95,0.0,1,5.04,0.04,SPY191018P00279000,279.0,0,0.0,0.0,,0.0,normalDay
2019-10-15,4454.0,501.0,0.0,0,298.88,0.0,1,5.04,0.03,SPY191018P00279000,279.0,0,0.0,0.0,,0.0,normalDay
2019-10-16,4454.0,502.0,0.0,0,298.4,0.0,1,5.04,0.02,SPY191018P00279000,279.0,0,0.0,0.0,,0.0,normalDay
2019-10-17,4454.0,503.0,0.0,0,299.28,0.0,1,5.04,0.01,SPY191018P00279000,279.0,0,0.0,0.0,,0.0,normalDay
2019-10-18,4958.0,0.0,504.0,0,297.97,0.0,1,5.04,0.0,SPY191018P00279000,279.0,0,0.0,0.0,,0.0,expirationDay
2019-10-21,4958.0,-4.0,0.0,0,299.99,0.0,1,1.48,1.52,SPY191129P00286000,286.0,0,0.0,0.0,,0.0,normalDay
2019-10-22,4958.0,-22.0,0.0,0,299.01,0.0,1,1.48,1.7,SPY191129P00286000,286.0,0,0.0,0.0,,0.0,normalDay
2019-10-23,4958.0,5.0,0.0,0,299.88,0.0,1,1.48,1.43,SPY191129P00286000,286.0,0,0.0,0.0,,0.0,normalDay
2019-10-24,4958.0,17.0,0.0,0,300.37,0.0,1,1.48,1.31,SPY191129P00286000,286.0,0,0.0,0.0,,0.0,normalDay
2019-10-25,4958.0,49.0,0.0,0,301.6,0.0,1,1.48,0.99,SPY191129P00286000,286.0,0,0.0,0.0,,0.0,normalDay
2019-10-28,4958.0,65.0,0.0,0,303.3,0.0,1,1.48,0.83,SPY191129P00286000,286.0,0,0.0,0.0,,0.0,normalDay
2019-10-29,4958.0,66.0,0.0,0,303.21,0.0,1,1.48,0.82,SPY191129P00286000,286.0,0,0.0,0.0,,0.0,normalDay
2019-10-30,4958.0,87.0,0.0,0,304.14,0.0,1,1.48,0.61,SPY191129P00286000,286.0,0,0.0,0.0,,0.0,normalDay
2019-10-31,4958.0,71.0,0.0,0,303.33,0.0,1,1.48,0.77,SPY191129P00286000,286.0,0,0.0,0.0,,0.0,normalDay
2019-11-01,4958.0,102.0,0.0,0,306.14,0.0,1,1.48,0.46,SPY191129P00286000,286.0,0,0.0,0.0,,0.0,normalDay
2019-11-04,4958.0,109.0,0.0,0,307.37,0.0,1,1.48,0.39,SPY191129P00286000,286.0,0,0.0,0.0,,0.0,normalDay
2019-11-05,4958.0,109.0,0.0,0,307.03,0.0,1,1.48,0.39,SPY191129P00286000,286.0,0,0.0,0.0,,0.0,normalDay
2019-11-06,4958.0,118.0,0.0,0,307.1,0.0,1,1.48,0.3,SPY191129P00286000,286.0,0,0.0,0.0,,0.0,normalDay
2019-11-07,4958.0,122.0,0.0,0,308.18,0.0,1,1.48,0.26,SPY191129P00286000,286.0,0,0.0,0.0,,0.0,normalDay
2019-11-08,4958.0,132.0,0.0,0,308.94,0.0,1,1.48,0.16,SPY191129P00286000,286.0,0,0.0,0.0,,0.0,normalDay
2019-11-11,4958.0,134.0,0.0,0,308.35,0.0,1,1.48,0.14,SPY191129P00286000,286.0,0,0.0,0.0,,0.0,normalDay
2019-11-12,4958.0,135.0,0.0,0,309.0,0.0,1,1.48,0.13,SPY191129P00286000,286.0,0,0.0,0.0,,0.0,normalDay
2019-11-13,4958.0,135.0,0.0,0,309.1,0.0,1,1.48,0.13,SPY191129P00286000,286.0,0,0.0,0.0,,0.0,normalDay
2019-11-14,4958.0,135.0,0.0,0,309.55,0.0,1,1.48,0.13,SPY191129P00286000,286.0,0,0.0,0.0,,0.0,normalDay
2019-11-15,4958.0,142.0,0.0,0,311.79,0.0,1,1.48,0.06,SPY191129P00286000,286.0,0,0.0,0.0,,0.0,normalDay
2019-11-18,4958.0,143.0,0.0,0,312.02,0.0,1,1.48,0.05,SPY191129P00286000,286.0,0,0.0,0.0,,0.0,normalDay
2019-11-19,4958.0,143.0,0.0,0,311.93,0.0,1,1.48,0.05,SPY191129P00286000,286.0,0,0.0,0.0,,0.0,normalDay
2019-11-20,4958.0,142.0,0.0,0,310.77,0.0,1,1.48,0.06,SPY191129P00286000,286.0,0,0.0,0.0,,0.0,normalDay
2019-11-21,4958.0,143.0,0.0,0,310.27,0.0,1,1.48,0.05,SPY191129P00286000,286.0,0,0.0,0.0,,0.0,normalDay
2019-11-22,4958.0,145.0,0.0,0,310.96,0.0,1,1.48,0.03,SPY191129P00286000,286.0,0,0.0,0.0,,0.0,normalDay
2019-11-25,4958.0,146.0,0.0,0,313.37,0.0,1,1.48,0.02,SPY191129P00286000,286.0,0,0.0,0.0,,0.0,normalDay
2019-11-26,4958.0,147.0,0.0,0,314.08,0.0,1,1.48,0.01,SPY191129P00286000,286.0,0,0.0,0.0,,0.0,normalDay
2019-11-27,4958.0,147.0,0.0,0,315.48,0.0,1,1.48,0.01,SPY191129P00286000,286.0,0,0.0,0.0,,0.0,normalDay
2019-11-29,5106.0,0.0,148.0,0,314.31,0.0,1,1.48,0.0,SPY191129P00286000,286.0,0,0.0,0.0,,0.0,expirationDay
2019-12-02,5106.0,-4.0,0.0,0,311.64,0.0,1,3.89,3.93,SPY200117P00304000,304.0,0,0.0,0.0,,0.0,normalDay
2019-12-03,5106.0,-97.0,0.0,0,309.55,0.0,1,3.89,4.86,SPY200117P00304000,304.0,0,0.0,0.0,,0.0,normalDay
2019-12-04,5106.0,-16.0,0.0,0,311.46,0.0,1,3.89,4.05,SPY200117P00304000,304.0,0,0.0,0.0,,0.0,normalDay
2019-12-05,5106.0,27.0,0.0,0,312.02,0.0,1,3.89,3.62,SPY200117P00304000,304.0,0,0.0,0.0,,0.0,normalDay
2019-12-06,5106.0,120.0,0.0,0,314.87,0.0,1,3.89,2.69,SPY200117P00304000,304.0,0,0.0,0.0,,0.0,normalDay
2019-12-09,5106.0,74.0,0.0,0,313.88,0.0,1,3.89,3.15,SPY200117P00304000,304.0,0,0.0,0.0,,0.0,normalDay
2019-12-10,5106.0,89.0,0.0,0,313.53,0.0,1,3.89,3.0,SPY200117P00304000,304.0,0,0.0,0.0,,0.0,normalDay
2019-12-11,5106.0,127.0,0.0,0,314.42,0.0,1,3.89,2.62,SPY200117P00304000,304.0,0,0.0,0.0,,0.0,normalDay
2019-12-12,5106.0,198.0,0.0,0,317.13,0.0,1,3.89,1.91,SPY200117P00304000,304.0,0,0.0,0.0,,0.0,normalDay
2019-12-13,5106.0,244.0,0.0,0,317.32,0.0,1,3.89,1.45,SPY200117P00304000,304.0,0,0.0,0.0,,0.0,normalDay
2019-12-16,5106.0,292.0,0.0,0,319.5,0.0,1,3.89,0.97,SPY200117P00304000,304.0,0,0.0,0.0,,0.0,normalDay
2019-12-17,5106.0,291.0,0.0,0,319.57,0.0,1,3.89,0.98,SPY200117P00304000,304.0,0,0.0,0.0,,0.0,normalDay
2019-12-18,5106.0,292.0,0.0,0,319.59,0.0,1,3.89,0.97,SPY200117P00304000,304.0,0,0.0,0.0,,0.0,normalDay
2019-12-19,5106.0,306.0,0.0,0,320.9,0.0,1,3.89,0.83,SPY200117P00304000,304.0,0,0.0,0.0,,0.0,normalDay
2019-12-20,5106.0,314.0,0.0,0,320.73,0.0,1,3.89,0.75,SPY200117P00304000,304.0,0,0.0,0.0,,0.0,normalDay
2019-12-23,5106.0,318.0,0.0,0,321.22,0.0,1,3.89,0.71,SPY200117P00304000,304.0,0,0.0,0.0,,0.0,normalDay
2019-12-24,5106.0,322.0,0.0,0,321.23,0.0,1,3.89,0.67,SPY200117P00304000,304.0,0,0.0,0.0,,0.0,normalDay
2019-12-26,5106.0,339.0,0.0,0,322.94,0.0,1,3.89,0.5,SPY200117P00304000,304.0,0,0.0,0.0,,0.0,normalDay
2019-12-27,5106.0,336.0,0.0,0,322.86,0.0,1,3.89,0.53,SPY200117P00304000,304.0,0,0.0,0.0,,0.0,normalDay
2019-12-30,5106.0,326.0,0.0,0,321.08,0.0,1,3.89,0.63,SPY200117P00304000,304.0,0,0.0,0.0,,0.0,normalDay
2019-12-31,5106.0,343.0,0.0,0,321.86,0.0,1,3.89,0.46,SPY200117P00304000,304.0,0,0.0,0.0,,0.0,normalDay
2020-01-02,5106.0,369.0,0.0,0,324.87,0.0,1,3.89,0.2,SPY200117P00304000,304.0,0,0.0,0.0,,0.0,normalDay
2020-01-03,5106.0,356.0,0.0,0,322.41,0.0,1,3.89,0.33,SPY200117P00304000,304.0,0,0.0,0.0,,0.0,normalDay
2020-01-06,5106.0,373.0,0.0,0,323.64,0.0,1,3.89,0.16,SPY200117P00304000,304.0,0,0.0,0.0,,0.0,normalDay
2020-01-07,5106.0,374.0,0.0,0,322.73,0.0,1,3.89,0.15,SPY200117P00304000,304.0,0,0.0,0.0,,0.0,normalDay
2020-01-08,5106.0,377.0,0.0,0,324.45,0.0,1,3.89,0.12,SPY200117P00304000,304.0,0,0.0,0.0,,0.0,normalDay
2020-01-09,5106.0,382.0,0.0,0,326.65,0.0,1,3.89,0.07,SPY200117P00304000,304.0,0,0.0,0.0,,0.0,normalDay
2020-01-10,5106.0,385.0,0.0,0,325.71,0.0,1,3.89,0.04,SPY200117P00304000,304.0,0,0.0,0.0,,0.0,normalDay
2020-01-13,5106.0,387.0,0.0,0,327.95,0.0,1,3.89,0.02,SPY200117P00304000,304.0,0,0.0,0.0,,0.0,normalDay
2020-01-14,5106.0,387.0,0.0,0,327.45,0.0,1,3.89,0.02,SPY200117P00304000,304.0,0,0.0,0.0,,0.0,normalDay
2020-01-15,5106.0,387.0,0.0,0,328.19,0.0,1,3.89,0.02,SPY200117P00304000,304.0,0,0.0,0.0,,0.0,normalDay
2020-01-16,5106.0,388.0,0.0,0,330.92,0.0,1,3.89,0.01,SPY200117P00304000,304.0,0,0.0,0.0,,0.0,normalDay
2020-01-17,5495.0,0.0,389.0,0,331.95,0.0,1,3.89,0.0,SPY200117P00304000,304.0,0,0.0,0.0,,0.0,expirationDay
2020-01-21,5495.0,-3.0,0.0,0,331.3,0.0,1,1.44,1.47,SPY200228P00316000,316.0,0,0.0,0.0,,0.0,normalDay
2020-01-22,5495.0,-2.0,0.0,0,331.34,0.0,1,1.44,1.46,SPY200228P00316000,316.0,0,0.0,0.0,,0.0,normalDay
2020-01-23,5495.0,1.0,0.0,0,331.72,0.0,1,1.44,1.43,SPY200228P00316000,316.0,0,0.0,0.0,,0.0,normalDay
2020-01-24,5495.0,-64.0,0.0,0,328.77,0.0,1,1.44,2.08,SPY200228P00316000,316.0,0,0.0,0.0,,0.0,normalDay
2020-01-27,5495.0,-242.0,0.0,0,323.5,0.0,1,1.44,3.86,SPY200228P00316000,316.0,0,0.0,0.0,,0.0,normalDay
2020-01-28,5495.0,-104.0,0.0,0,326.89,0.0,1,1.44,2.48,SPY200228P00316000,316.0,0,0.0,0.0,,0.0,normalDay
2020-01-29,5495.0,-106.0,0.0,0,326.62,0.0,1,1.44,2.5,SPY200228P00316000,316.0,0,0.0,0.0,,0.0,normalDay
2020-01-30,5495.0,-44.0,0.0,0,327.68,0.0,1,1.44,1.88,SPY200228P00316000,316.0,0,0.0,0.0,,0.0,normalDay
2020-01-31,5495.0,-237.0,0.0,0,321.73,0.0,1,1.44,3.81,SPY200228P00316000,316.0,0,0.0,0.0,,0.0,normalDay
2020-02-03,5495.0,-151.0,0.0,0,324.12,0.0,1,1.44,2.95,SPY200228P00316000,316.0,0,0.0,0.0,,0.0,normalDay
2020-02-04,5495.0,3.0,0.0,0,329.06,0.0,1,1.44,1.41,SPY200228P00316000,316.0,0,0.0,0.0,,0.0,normalDay
2020-02-05,5495.0,62.0,0.0,0,332.86,0.0,1,1.44,0.82,SPY200228P00316000,316.0,0,0.0,0.0,,0.0,normalDay
2020-02-06,5495.0,69.0,0.0,0,333.98,0.0,1,1.44,0.75,SPY200228P00316000,316.0,0,0.0,0.0,,0.0,normalDay
2020-02-07,5495.0,56.0,0.0,0,332.2,0.0,1,1.44,0.88,SPY200228P00316000,316.0,0,0.0,0.0,,0.0,normalDay
2020-02-10,5495.0,92.0,0.0,0,334.68,0.0,1,1.44,0.52,SPY200228P00316000,316.0,0,0.0,0.0,,0.0,normalDay
2020-02-11,5495.0,95.0,0.0,0,335.26,0.0,1,1.44,0.49,SPY200228P00316000,316.0,0,0.0,0.0,,0.0,normalDay
2020-02-12,5495.0,116.0,0.0,0,337.42,0.0,1,1.44,0.28,SPY200228P00316000,316.0,0,0.0,0.0,,0.0,normalDay
2020-02-13,5495.0,115.0,0.0,0,337.06,0.0,1,1.44,0.29,SPY200228P00316000,316.0,0,0.0,0.0,,0.0,normalDay
2020-02-14,5495.0,124.0,0.0,0,337.6,0.0,1,1.44,0.2,SPY200228P00316000,316.0,0,0.0,0.0,,0.0,normalDay
2020-02-18,5495.0,128.0,0.0,0,336.73,0.0,1,1.44,0.16,SPY200228P00316000,316.0,0,0.0,0.0,,0.0,normalDay
2020-02-19,5495.0,133.0,0.0,0,338.34,0.0,1,1.44,0.11,SPY200228P00316000,316.0,0,0.0,0.0,,0.0,normalDay
2020-02-20,5495.0,133.0,0.0,0,336.95,0.0,1,1.44,0.11,SPY200228P00316000,316.0,0,0.0,0.0,,0.0,normalDay
2020-02-21,5495.0,132.0,0.0,0,333.48,0.0,1,1.44,0.12,SPY200228P00316000,316.0,0,0.0,0.0,,0.0,normalDay
2020-02-24,5495.0,-98.0,0.0,0,322.42,0.0,1,1.44,2.42,SPY200228P00316000,316.0,0,0.0,0.0,,0.0,normalDay
2020-02-25,5495.0,-418.0,0.0,0,312.65,0.0,1,1.44,5.62,SPY200228P00316000,316.0,0,0.0,0.0,,0.0,normalDay
2020-02-26,5495.0,-468.0,0.0,0,311.5,0.0,1,1.44,6.12,SPY200228P00316000,316.0,0,0.0,0.0,,0.0,normalDay
2020-02-27,5495.0,-1751.0,0.0,0,297.51,0.0,1,1.44,18.95,SPY200228P00316000,316.0,0,0.0,0.0,,0.0,normalDay
2020-02-28,5639.0,-1974.0,144.0,100,296.26,316.0,1,1.44,0.0,SPY200228P00316000,316.0,0,0.0,0.0,,0.0,expirationDay
2020-03-02,5639.0,-691.0,0.0,100,309.09,316.0,0,0.0,0.0,,0.0,0,0.0,0.0,,0.0,bidTooLow
2020-03-03,5639.0,-1576.0,0.0,100,300.24,316.0,0,0.0,0.0,,0.0,0,0.0,0.0,,0.0,bidTooLow
2020-03-04,5639.0,-314.0,0.0,100,312.86,316.0,0,0.0,0.0,,0.0,0,0.0,0.0,,0.0,bidTooLow
2020-03-05,5639.0,-1368.0,0.0,100,302.46,316.0,0,0.0,0.0,,0.0,1,0.2,0.34,SPY200406C00340000,340.0,normalDay
2020-03-06,5639.0,-1849.0,0.0,100,297.46,316.0,0,0.0,0.0,,0.0,1,0.2,0.15,SPY200406C00340000,340.0,normalDay
2020-03-09,5639.0,-4170.0,0.0,100,274.23,316.0,0,0.0,0.0,,0.0,1,0.2,0.13,SPY200406C00340000,340.0,normalDay
2020-03-10,5639.0,-2748.0,0.0,100,288.42,316.0,0,0.0,0.0,,0.0,1,0.2,0.1,SPY200406C00340000,340.0,normalDay
2020-03-11,5639.0,-4151.0,0.0,100,274.36,316.0,0,0.0,0.0,,0.0,1,0.2,0.07,SPY200406C00340000,340.0,normalDay
2020-03-12,5639.0,-6774.0,0.0,100,248.11,316.0,0,0.0,0.0,,0.0,1,0.2,0.05,SPY200406C00340000,340.0,normalDay
2020-03-13,5639.0,-4658.0,0.0,100,269.32,316.0,0,0.0,0.0,,0.0,1,0.2,0.1,SPY200406C00340000,340.0,normalDay
2020-03-16,5639.0,-7602.0,0.0,100,239.85,316.0,0,0.0,0.0,,0.0,1,0.2,0.07,SPY200406C00340000,340.0,normalDay
2020-03-17,5639.0,-6304.0,0.0,100,252.8,316.0,0,0.0,0.0,,0.0,1,0.2,0.04,SPY200406C00340000,340.0,normalDay
2020-03-18,5639.0,-7584.0,0.0,100,240.0,316.0,0,0.0,0.0,,0.0,1,0.2,0.04,SPY200406C00340000,340.0,normalDay
2020-03-19,5639.0,-7533.0,0.0,100,240.51,316.0,0,0.0,0.0,,0.0,1,0.2,0.04,SPY200406C00340000,340.0,normalDay
2020-03-20,5639.0,-8702.0,0.0,100,228.8,316.0,0,0.0,0.0,,0.0,1,0.2,0.02,SPY200406C00340000,340.0,normalDay
2020-03-23,5639.0,-9287.0,0.0,100,222.95,316.0,0,0.0,0.0,,0.0,1,0.2,0.02,SPY200406C00340000,340.0,normalDay
2020-03-24,5639.0,-7269.0,0.0,100,243.15,316.0,0,0.0,0.0,,0.0,1,0.2,0.04,SPY200406C00340000,340.0,normalDay
2020-03-25,5639.0,-6903.0,0.0,100,246.79,316.0,0,0.0,0.0,,0.0,1,0.2,0.02,SPY200406C00340000,340.0,normalDay
2020-03-26,5639.0,-5462.0,0.0,100,261.2,316.0,0,0.0,0.0,,0.0,1,0.2,0.02,SPY200406C00340000,340.0,normalDay
2020-03-27,5639.0,-6240.0,0.0,100,253.42,316.0,0,0.0,0.0,,0.0,1,0.2,0.02,SPY200406C00340000,340.0,normalDay
2020-03-30,5639.0,-5416.0,0.0,100,261.65,316.0,0,0.0,0.0,,0.0,1,0.2,0.01,SPY200406C00340000,340.0,normalDay
2020-03-31,5639.0,-5806.0,0.0,100,257.75,316.0,0,0.0,0.0,,0.0,1,0.2,0.01,SPY200406C00340000,340.0,normalDay
2020-04-01,5639.0,-6966.0,0.0,100,246.15,316.0,0,0.0,0.0,,0.0,1,0.2,0.01,SPY200406C00340000,340.0,normalDay
2020-04-02,5639.0,-6398.0,0.0,100,251.83,316.0,0,0.0,0.0,,0.0,1,0.2,0.01,SPY200406C00340000,340.0,normalDay
2020-04-03,5639.0,-6762.0,0.0,100,248.19,316.0,0,0.0,0.0,,0.0,1,0.2,0.01,SPY200406C00340000,340.0,normalDay
2020-04-06,5659.0,-5114.0,20.0,100,264.86,316.0,0,0.0,0.0,,0.0,1,0.2,0.0,SPY200406C00340000,340.0,expirationDay
2020-04-07,5659.0,-5098.0,0.0,100,265.13,316.0,0,0.0,0.0,,0.0,1,3.38,3.49,SPY200508C00284000,284.0,normalDay
2020-04-08,5659.0,-4516.0,0.0,100,274.03,316.0,0,0.0,0.0,,0.0,1,3.38,6.57,SPY200508C00284000,284.0,normalDay
2020-04-09,5659.0,-4284.0,0.0,100,278.2,316.0,0,0.0,0.0,,0.0,1,3.38,8.42,SPY200508C00284000,284.0,normalDay
2020-04-13,5659.0,-4340.0,0.0,100,275.66,316.0,0,0.0,0.0,,0.0,1,3.38,6.44,SPY200508C00284000,284.0,normalDay
2020-04-14,5659.0,-3873.0,0.0,100,283.79,316.0,0,0.0,0.0,,0.0,1,3.38,9.9,SPY200508C00284000,284.0,normalDay
2020-04-15,5659.0,-4164.0,0.0,100,277.76,316.0,0,0.0,0.0,,0.0,1,3.38,6.78,SPY200508C00284000,284.0,normalDay
2020-04-16,5659.0,-4065.0,0.0,100,279.1,316.0,0,0.0,0.0,,0.0,1,3.38,7.13,SPY200508C00284000,284.0,normalDay
2020-04-17,5659.0,-3696.0,0.0,100,286.64,316.0,0,0.0,0.0,,0.0,1,3.38,10.98,SPY200508C00284000,284.0,normalDay
2020-04-20,5659.0,-3934.0,0.0,100,281.59,316.0,0,0.0,0.0,,0.0,1,3.38,8.31,SPY200508C00284000,284.0,normalDay
2020-04-21,5659.0,-4419.0,0.0,100,273.04,316.0,0,0.0,0.0,,0.0,1,3.38,4.61,SPY200508C00284000,284.0,normalDay
2020-04-22,5659.0,-3935.0,0.0,100,279.1,316.0,0,0.0,0.0,,0.0,1,3.38,5.83,SPY200508C00284000,284.0,normalDay
2020-04-23,5659.0,-3885.0,0.0,100,279.08,316.0,0,0.0,0.0,,0.0,1,3.38,5.31,SPY200508C00284000,284.0,normalDay
2020-04-24,5659.0,-3556.0,0.0,100,282.97,316.0,0,0.0,0.0,,0.0,1,3.38,5.91,SPY200508C00284000,284.0,normalDay
2020-04-27,5659.0,-3303.0,0.0,100,287.05,316.0,0,0.0,0.0,,0.0,1,3.38,7.46,SPY200508C00284000,284.0,normalDay
2020-04-28,5659.0,-3377.0,0.0,100,285.73,316.0,0,0.0,0.0,,0.0,1,3.38,6.88,SPY200508C00284000,284.0,normalDay
2020-04-29,5659.0,-3092.0,0.0,100,293.21,316.0,0,0.0,0.0,,0.0,1,3.38,11.51,SPY200508C00284000,284.0,normalDay
2020-04-30,5659.0,-3079.0,0.0,100,290.48,316.0,0,0.0,0.0,,0.0,1,3.38,8.65,SPY200508C00284000,284.0,normalDay
2020-05-01,5659.0,-3415.0,0.0,100,282.79,316.0,0,0.0,0.0,,0.0,1,3.38,4.32,SPY200508C00284000,284.0,normalDay
2020-05-04,5659.0,-3242.0,0.0,100,283.57,316.0,0,0.0,0.0,,0.0,1,3.38,3.37,SPY200508C00284000,284.0,normalDay
2020-05-05,5659.0,-3093.0,0.0,100,286.19,316.0,0,0.0,0.0,,0.0,1,3.38,4.5,SPY200508C00284000,284.0,normalDay
2020-05-06,5659.0,-3102.0,0.0,100,284.25,316.0,0,0.0,0.0,,0.0,1,3.38,2.65,SPY200508C00284000,284.0,normalDay
2020-05-07,5659.0,-2958.0,0.0,100,287.68,316.0,0,0.0,0.0,,0.0,1,3.38,4.64,SPY200508C00284000,284.0,normalDay
2020-05-08,2797.0,-2958.0,-2862.0,0,292.44,0.0,0,0.0,0.0,,0.0,1,3.38,0.0,SPY200508C00284000,284.0,expirationDay
2020-05-11,2797.0,-5.0,0.0,0,292.5,0.0,1,5.21,5.26,SPY200630P00271000,271.0,0,0.0,0.0,,0.0,normalDay
2020-05-12,2797.0,-249.0,0.0,0,286.67,0.0,1,5.21,7.7,SPY200630P00271000,271.0,0,0.0,0.0,,0.0,normalDay
2020-05-13,2797.0,-385.0,0.0,0,281.6,0.0,1,5.21,9.06,SPY200630P00271000,271.0,0,0.0,0.0,,0.0,normalDay
2020-05-14,2797.0,-241.0,0.0,0,284.97,0.0,1,5.21,7.62,SPY200630P00271000,271.0,0,0.0,0.0,,0.0,normalDay
2020-05-15,2797.0,-197.0,0.0,0,286.28,0.0,1,5.21,7.18,SPY200630P00271000,271.0,0,0.0,0.0,,0.0,normalDay
2020-05-18,2797.0,82.0,0.0,0,295.0,0.0,1,5.21,4.39,SPY200630P00271000,271.0,0,0.0,0.0,,0.0,normalDay
2020-05-19,2797.0,20.0,0.0,0,291.97,0.0,1,5.21,5.01,SPY200630P00271000,271.0,0,0.0,0.0,,0.0,normalDay
2020-05-20,2797.0,167.0,0.0,0,296.93,0.0,1,5.21,3.54,SPY200630P00271000,271.0,0,0.0,0.0,,0.0,normalDay
2020-05-21,2797.0,116.0,0.0,0,294.88,0.0,1,5.21,4.05,SPY200630P00271000,271.0,0,0.0,0.0,,0.0,normalDay
2020-05-22,2797.0,159.0,0.0,0,295.44,0.0,1,5.21,3.62,SPY200630P00271000,271.0,0,0.0,0.0,,0.0,normalDay
2020-05-26,2797.0,245.0,0.0,0,299.08,0.0,1,5.21,2.76,SPY200630P00271000,271.0,0,0.0,0.0,,0.0,normalDay
2020-05-27,2797.0,302.0,0.0,0,303.53,0.0,1,5.21,2.19,SPY200630P00271000,271.0,0,0.0,0.0,,0.0,normalDay
2020-05-28,2797.0,295.0,0.0,0,302.97,0.0,1,5.21,2.26,SPY200630P00271000,271.0,0,0.0,0.0,,0.0,normalDay
2020-05-29,2797.0,337.0,0.0,0,304.32,0.0,1,5.21,1.84,SPY200630P00271000,271.0,0,0.0,0.0,,0.0,normalDay
2020-06-01,2797.0,349.0,0.0,0,305.55,0.0,1,5.21,1.72,SPY200630P00271000,271.0,0,0.0,0.0,,0.0,normalDay
2020-06-02,2797.0,392.0,0.0,0,308.08,0.0,1,5.21,1.29,SPY200630P00271000,271.0,0,0.0,0.0,,0.0,normalDay
2020-06-03,2797.0,434.0,0.0,0,312.18,0.0,1,5.21,0.87,SPY200630P00271000,271.0,0,0.0,0.0,,0.0,normalDay
2020-06-04,2797.0,435.0,0.0,0,311.36,0.0,1,5.21,0.86,SPY200630P00271000,271.0,0,0.0,0.0,,0.0,normalDay
2020-06-05,2797.0,470.0,0.0,0,319.34,0.0,1,5.21,0.51,SPY200630P00271000,271.0,0,0.0,0.0,,0.0,normalDay
2020-06-08,2797.0,477.0,0.0,0,323.2,0.0,1,5.21,0.44,SPY200630P00271000,271.0,0,0.0,0.0,,0.0,normalDay
2020-06-09,2797.0,468.0,0.0,0,320.79,0.0,1,5.21,0.53,SPY200630P00271000,271.0,0,0.0,0.0,,0.0,normalDay
2020-06-10,2797.0,464.0,0.0,0,319.0,0.0,1,5.21,0.57,SPY200630P00271000,271.0,0,0.0,0.0,,0.0,normalDay
2020-06-11,2797.0,228.0,0.0,0,300.61,0.0,1,5.21,2.93,SPY200630P00271000,271.0,0,0.0,0.0,,0.0,normalDay
2020-06-12,2797.0,346.0,0.0,0,304.21,0.0,1,5.21,1.75,SPY200630P00271000,271.0,0,0.0,0.0,,0.0,normalDay
2020-06-15,2797.0,417.0,0.0,0,307.05,0.0,1,5.21,1.04,SPY200630P00271000,271.0,0,0.0,0.0,,0.0,normalDay
2020-06-16,2797.0,449.0,0.0,0,312.96,0.0,1,5.21,0.72,SPY200630P00271000,271.0,0,0.0,0.0,,0.0,normalDay
2020-06-17,2797.0,460.0,0.0,0,311.66,0.0,1,5.21,0.61,SPY200630P00271000,271.0,0,0.0,0.0,,0.0,normalDay
2020-06-18,2797.0,480.0,0.0,0,311.78,0.0,1,5.21,0.41,SPY200630P00271000,271.0,0,0.0,0.0,,0.0,normalDay
2020-06-19,2797.0,479.0,0.0,0,308.64,0.0,1,5.21,0.42,SPY200630P00271000,271.0,0,0.0,0.0,,0.0,normalDay
2020-06-22,2797.0,506.0,0.0,0,310.62,0.0,1,5.21,0.15,SPY200630P00271000,271.0,0,0.0,0.0,,0.0,normalDay
2020-06-23,2797.0,513.0,0.0,0,312.05,0.0,1,5.21,0.08,SPY200630P00271000,271.0,0,0.0,0.0,,0.0,normalDay
2020-06-24,2797.0,511.0,0.0,0,304.09,0.0,1,5.21,0.1,SPY200630P00271000,271.0,0,0.0,0.0,,0.0,normalDay
2020-06-25,2797.0,515.0,0.0,0,307.35,0.0,1,5.21,0.06,SPY200630P00271000,271.0,0,0.0,0.0,,0.0,normalDay
2020-06-26,2797.0,515.0,0.0,0,300.05,0.0,1,5.21,0.06,SPY200630P00271000,271.0,0,0.0,0.0,,0.0,normalDay
2020-06-29,2797.0,520.0,0.0,0,304.46,0.0,1,5.21,0.01,SPY200630P00271000,271.0,0,0.0,0.0,,0.0,normalDay
2020-06-30,3318.0,0.0,521.0,0,308.36,0.0,1,5.21,0.0,SPY200630P00271000,271.0,0,0.0,0.0,,0.0,expirationDay
2020-07-01,3318.0,-7.0,0.0,0,310.52,0.0,1,6.47,6.54,SPY200821P00294000,294.0,0,0.0,0.0,,0.0,normalDay
2020-07-02,3318.0,77.0,0.0,0,312.23,0.0,1,6.47,5.7,SPY200821P00294000,294.0,0,0.0,0.0,,0.0,normalDay
2020-07-06,3318.0,181.0,0.0,0,317.05,0.0,1,6.47,4.66,SPY200821P00294000,294.0,0,0.0,0.0,,0.0,normalDay
2020-07-07,3318.0,97.0,0.0,0,313.78,0.0,1,6.47,5.5,SPY200821P00294000,294.0,0,0.0,0.0,,0.0,normalDay
2020-07-08,3318.0,183.0,0.0,0,316.18,0.0,1,6.47,4.64,SPY200821P00294000,294.0,0,0.0,0.0,,0.0,normalDay
2020-07-09,3318.0,130.0,0.0,0,314.38,0.0,1,6.47,5.17,SPY200821P00294000,294.0,0,0.0,0.0,,0.0,normalDay
2020-07-10,3318.0,237.0,0.0,0,317.59,0.0,1,6.47,4.1,SPY200821P00294000,294.0,0,0.0,0.0,,0.0,normalDay
2020-07-13,3318.0,103.0,0.0,0,314.84,0.0,1,6.47,5.44,SPY200821P00294000,294.0,0,0.0,0.0,,0.0,normalDay
2020-07-14,3318.0,243.0,0.0,0,318.92,0.0,1,6.47,4.04,SPY200821P00294000,294.0,0,0.0,0.0,,0.0,normalDay
2020-07-15,3318.0,332.0,0.0,0,321.85,0.0,1,6.47,3.15,SPY200821P00294000,294.0,0,0.0,0.0,,0.0,normalDay
2020-07-16,3318.0,317.0,0.0,0,320.79,0.0,1,6.47,3.3,SPY200821P00294000,294.0,0,0.0,0.0,,0.0,normalDay
2020-07-17,3318.0,407.0,0.0,0,321.72,0.0,1,6.47,2.4,SPY200821P00294000,294.0,0,0.0,0.0,,0.0,normalDay
2020-07-20,3318.0,466.0,0.0,0,324.32,0.0,1,6.47,1.81,SPY200821P00294000,294.0,0,0.0,0.0,,0.0,normalDay
2020-07-21,3318.0,469.0,0.0,0,325.01,0.0,1,6.47,1.78,SPY200821P00294000,294.0,0,0.0,0.0,,0.0,normalDay
2020-07-22,3318.0,493.0,0.0,0,326.86,0.0,1,6.47,1.54,SPY200821P00294000,294.0,0,0.0,0.0,,0.0,normalDay
2020-07-23,3318.0,440.0,0.0,0,322.96,0.0,1,6.47,2.07,SPY200821P00294000,294.0,0,0.0,0.0,,0.0,normalDay
2020-07-24,3318.0,456.0,0.0,0,320.88,0.0,1,6.47,1.91,SPY200821P00294000,294.0,0,0.0,0.0,,0.0,normalDay
2020-07-27,3318.0,510.0,0.0,0,323.22,0.0,1,6.47,1.37,SPY200821P00294000,294.0,0,0.0,0.0,,0.0,normalDay
2020-07-28,3318.0,494.0,0.0,0,321.17,0.0,1,6.47,1.53,SPY200821P00294000,294.0,0,0.0,0.0,,0.0,normalDay
2020-07-29,3318.0,545.0,0.0,0,325.12,0.0,1,6.47,1.02,SPY200821P00294000,294.0,0,0.0,0.0,,0.0,normalDay
2020-07-30,3318.0,538.0,0.0,0,323.96,0.0,1,6.47,1.09,SPY200821P00294000,294.0,0,0.0,0.0,,0.0,normalDay
2020-07-31,3318.0,572.0,0.0,0,326.52,0.0,1,6.47,0.75,SPY200821P00294000,294.0,0,0.0,0.0,,0.0,normalDay
2020-08-03,3318.0,592.0,0.0,0,328.79,0.0,1,6.47,0.55,SPY200821P00294000,294.0,0,0.0,0.0,,0.0,normalDay
2020-08-04,3318.0,604.0,0.0,0,330.06,0.0,1,6.47,0.43,SPY200821P00294000,294.0,0,0.0,0.0,,0.0,normalDay
2020-08-05,3318.0,614.0,0.0,0,332.11,0.0,1,6.47,0.33,SPY200821P00294000,294.0,0,0.0,0.0,,0.0,normalDay
2020-08-06,3318.0,617.0,0.0,0,334.33,0.0,1,6.47,0.3,SPY200821P00294000,294.0,0,0.0,0.0,,0.0,normalDay
2020-08-07,3318.0,624.0,0.0,0,334.57,0.0,1,6.47,0.23,SPY200821P00294000,294.0,0,0.0,0.0,,0.0,normalDay
2020-08-10,3318.0,630.0,0.0,0,335.57,0.0,1,6.47,0.17,SPY200821P00294000,294.0,0,0.0,0.0,,0.0,normalDay
2020-08-11,3318.0,622.0,0.0,0,332.8,0.0,1,6.47,0.25,SPY200821P00294000,294.0,0,0.0,0.0,,0.0,normalDay
2020-08-12,3318.0,635.0,0.0,0,337.44,0.0,1,6.47,0.12,SPY200821P00294000,294.0,0,0.0,0.0,,0.0,normalDay
2020-08-13,3318.0,638.0,0.0,0,336.83,0.0,1,6.47,0.09,SPY200821P00294000,294.0,0,0.0,0.0,,0.0,normalDay
2020-08-14,3318.0,641.0,0.0,0,336.84,0.0,1,6.47,0.06,SPY200821P00294000,294.0,0,0.0,0.0,,0.0,normalDay
2020-08-17,3318.0,644.0,0.0,0,337.91,0.0,1,6.47,0.03,SPY200821P00294000,294.0,0,0.0,0.0,,0.0,normalDay
2020-08-18,3318.0,644.0,0.0,0,338.64,0.0,1,6.47,0.03,SPY200821P00294000,294.0,0,0.0,0.0,,0.0,normalDay
2020-08-19,3318.0,643.0,0.0,0,337.23,0.0,1,6.47,0.04,SPY200821P00294000,294.0,0,0.0,0.0,,0.0,normalDay
2020-08-20,3318.0,646.0,0.0,0,338.28,0.0,1,6.47,0.01,SPY200821P00294000,294.0,0,0.0,0.0,,0.0,normalDay
2020-08-21,3965.0,0.0,647.0,0,339.48,0.0,1,6.47,0.0,SPY200821P00294000,294.0,0,0.0,0.0,,0.0,expirationDay
2020-08-24,3965.0,-5.0,0.0,0,342.92,0.0,1,4.24,4.29,SPY201016P00318000,318.0,0,0.0,0.0,,0.0,normalDay
2020-08-25,3965.0,30.0,0.0,0,344.12,0.0,1,4.24,3.94,SPY201016P00318000,318.0,0,0.0,0.0,,0.0,normalDay
2020-08-26,3965.0,50.0,0.0,0,347.57,0.0,1,4.24,3.74,SPY201016P00318000,318.0,0,0.0,0.0,,0.0,normalDay
2020-08-27,3965.0,46.0,0.0,0,348.33,0.0,1,4.24,3.78,SPY201016P00318000,318.0,0,0.0,0.0,,0.0,normalDay
2020-08-28,3965.0,102.0,0.0,0,350.58,0.0,1,4.24,3.22,SPY201016P00318000,318.0,0,0.0,0.0,,0.0,normalDay
2020-08-31,3965.0,49.0,0.0,0,349.31,0.0,1,4.24,3.75,SPY201016P00318000,318.0,0,0.0,0.0,,0.0,normalDay
2020-09-01,3965.0,81.0,0.0,0,352.6,0.0,1,4.24,3.43,SPY201016P00318000,318.0,0,0.0,0.0,,0.0,normalDay
2020-09-02,3965.0,138.0,0.0,0,357.7,0.0,1,4.24,2.86,SPY201016P00318000,318.0,0,0.0,0.0,,0.0,normalDay
2020-09-03,3965.0,-114.0,0.0,0,345.39,0.0,1,4.24,5.38,SPY201016P00318000,318.0,0,0.0,0.0,,0.0,normalDay
2020-09-04,3965.0,-99.0,0.0,0,342.57,0.0,1,4.24,5.23,SPY201016P00318000,318.0,0,0.0,0.0,,0.0,normalDay
2020-09-08,3965.0,-240.0,0.0,0,333.21,0.0,1,4.24,6.64,SPY201016P00318000,318.0,0,0.0,0.0,,0.0,normalDay
2020-09-09,3965.0,-46.0,0.0,0,339.79,0.0,1,4.24,4.7,SPY201016P00318000,318.0,0,0.0,0.0,,0.0,normalDay
2020-09-10,3965.0,-153.0,0.0,0,333.89,0.0,1,4.24,5.77,SPY201016P00318000,318.0,0,0.0,0.0,,0.0,normalDay
2020-09-11,3965.0,-102.0,0.0,0,334.06,0.0,1,4.24,5.26,SPY201016P00318000,318.0,0,0.0,0.0,,0.0,normalDay
2020-09-14,3965.0,70.0,0.0,0,338.46,0.0,1,4.24,3.54,SPY201016P00318000,318.0,0,0.0,0.0,,0.0,normalDay
2020-09-15,3965.0,107.0,0.0,0,340.17,0.0,1,4.24,3.17,SPY201016P00318000,318.0,0,0.0,0.0,,0.0,normalDay
2020-09-16,3965.0,85.0,0.0,0,338.82,0.0,1,4.24,3.39,SPY201016P00318000,318.0,0,0.0,0.0,,0.0,normalDay
2020-09-17,3965.0,55.0,0.0,0,335.84,0.0,1,4.24,3.69,SPY201016P00318000,318.0,0,0.0,0.0,,0.0,normalDay
2020-09-18,3965.0,9.0,0.0,0,330.65,0.0,1,4.24,4.15,SPY201016P00318000,318.0,0,0.0,0.0,,0.0,normalDay
2020-09-21,3965.0,-77.0,0.0,0,326.97,0.0,1,4.24,5.01,SPY201016P00318000,318.0,0,0.0,0.0,,0.0,normalDay
2020-09-22,3965.0,21.0,0.0,0,330.3,0.0,1,4.24,4.03,SPY201016P00318000,318.0,0,0.0,0.0,,0.0,normalDay
2020-09-23,3965.0,-213.0,0.0,0,322.64,0.0,1,4.24,6.37,SPY201016P00318000,318.0,0,0.0,0.0,,0.0,normalDay
2020-09-24,3965.0,-147.0,0.0,0,323.5,0.0,1,4.24,5.71,SPY201016P00318000,318.0,0,0.0,0.0,,0.0,normalDay
2020-09-25,3965.0,52.0,0.0,0,328.73,0.0,1,4.24,3.72,SPY201016P00318000,318.0,0,0.0,0.0,,0.0,normalDay
2020-09-28,3965.0,193.0,0.0,0,334.19,0.0,1,4.24,2.31,SPY201016P00318000,318.0,0,0.0,0.0,,0.0,normalDay
2020-09-29,3965.0,172.0,0.0,0,332.37,0.0,1,4.24,2.52,SPY201016P00318000,318.0,0,0.0,0.0,,0.0,normalDay
2020-09-30,3965.0,198.0,0.0,0,334.89,0.0,1,4.24,2.26,SPY201016P00318000,318.0,0,0.0,0.0,,0.0,normalDay
2020-10-01,3965.0,260.0,0.0,0,337.04,0.0,1,4.24,1.64,SPY201016P00318000,318.0,0,0.0,0.0,,0.0,normalDay
2020-10-02,3965.0,234.0,0.0,0,333.84,0.0,1,4.24,1.9,SPY201016P00318000,318.0,0,0.0,0.0,,0.0,normalDay
2020-10-05,3965.0,349.0,0.0,0,339.76,0.0,1,4.24,0.75,SPY201016P00318000,318.0,0,0.0,0.0,,0.0,normalDay
2020-10-06,3965.0,303.0,0.0,0,334.93,0.0,1,4.24,1.21,SPY201016P00318000,318.0,0,0.0,0.0,,0.0,normalDay
2020-10-07,3965.0,383.0,0.0,0,340.76,0.0,1,4.24,0.41,SPY201016P00318000,318.0,0,0.0,0.0,,0.0,normalDay
2020-10-08,3965.0,403.0,0.0,0,343.78,0.0,1,4.24,0.21,SPY201016P00318000,318.0,0,0.0,0.0,,0.0,normalDay
2020-10-09,3965.0,414.0,0.0,0,346.85,0.0,1,4.24,0.1,SPY201016P00318000,318.0,0,0.0,0.0,,0.0,normalDay
2020-10-12,3965.0,418.0,0.0,0,352.43,0.0,1,4.24,0.06,SPY201016P00318000,318.0,0,0.0,0.0,,0.0,normalDay
2020-10-13,3965.0,420.0,0.0,0,350.13,0.0,1,4.24,0.04,SPY201016P00318000,318.0,0,0.0,0.0,,0.0,normalDay
2020-10-14,3965.0,421.0,0.0,0,347.93,0.0,1,4.24,0.03,SPY201016P00318000,318.0,0,0.0,0.0,,0.0,normalDay
2020-10-15,3965.0,422.0,0.0,0,347.5,0.0,1,4.24,0.02,SPY201016P00318000,318.0,0,0.0,0.0,,0.0,normalDay
2020-10-16,4389.0,0.0,424.0,0,347.29,0.0,1,4.24,0.0,SPY201016P00318000,318.0,0,0.0,0.0,,0.0,expirationDay
2020-10-19,4389.0,-7.0,0.0,0,342.01,0.0,1,4.12,4.19,SPY201127P00315000,315.0,0,0.0,0.0,,0.0,normalDay
2020-10-20,4389.0,7.0,0.0,0,343.38,0.0,1,4.12,4.05,SPY201127P00315000,315.0,0,0.0,0.0,,0.0,normalDay
2020-10-21,4389.0,44.0,0.0,0,342.73,0.0,1,4.12,3.68,SPY201127P00315000,315.0,0,0.0,0.0,,0.0,normalDay
2020-10-22,4389.0,81.0,0.0,0,344.61,0.0,1,4.12,3.31,SPY201127P00315000,315.0,0,0.0,0.0,,0.0,normalDay
2020-10-23,4389.0,110.0,0.0,0,345.78,0.0,1,4.12,3.02,SPY201127P00315000,315.0,0,0.0,0.0,,0.0,normalDay
2020-10-26,4389.0,-50.0,0.0,0,339.39,0.0,1,4.12,4.62,SPY201127P00315000,315.0,0,0.0,0.0,,0.0,normalDay
2020-10-27,4389.0,-73.0,0.0,0,338.22,0.0,1,4.12,4.85,SPY201127P00315000,315.0,0,0.0,0.0,,0.0,normalDay
2020-10-28,4389.0,-518.0,0.0,0,326.66,0.0,1,4.12,9.3,SPY201127P00315000,315.0,0,0.0,0.0,,0.0,normalDay
2020-10-29,4389.0,-288.0,0.0,0,329.98,0.0,1,4.12,7.0,SPY201127P00315000,315.0,0,0.0,0.0,,0.0,normalDay
2020-10-30,4389.0,-384.0,0.0,0,326.54,0.0,1,4.12,7.96,SPY201127P00315000,315.0,0,0.0,0.0,,0.0,normalDay
2020-11-02,4389.0,-213.0,0.0,0,330.2,0.0,1,4.12,6.25,SPY201127P00315000,315.0,0,0.0,0.0,,0.0,normalDay
2020-11-03,4389.0,-63.0,0.0,0,336.03,0.0,1,4.12,4.75,SPY201127P00315000,315.0,0,0.0,0.0,,0.0,normalDay
2020-11-04,4389.0,182.0,0.0,0,343.54,0.0,1,4.12,2.3,SPY201127P00315000,315.0,0,0.0,0.0,,0.0,normalDay
2020-11-05,4389.0,267.0,0.0,0,350.24,0.0,1,4.12,1.45,SPY201127P00315000,315.0,0,0.0,0.0,,0.0,normalDay
2020-11-06,4389.0,319.0,0.0,0,350.16,0.0,1,4.12,0.93,SPY201127P00315000,315.0,0,0.0,0.0,,0.0,normalDay
2020-11-09,4389.0,345.0,0.0,0,354.56,0.0,1,4.12,0.67,SPY201127P00315000,315.0,0,0.0,0.0,,0.0,normalDay
2020-11-10,4389.0,357.0,0.0,0,354.04,0.0,1,4.12,0.55,SPY201127P00315000,315.0,0,0.0,0.0,,0.0,normalDay
2020-11-11,4389.0,374.0,0.0,0,356.67,0.0,1,4.12,0.38,SPY201127P00315000,315.0,0,0.0,0.0,,0.0,normalDay
2020-11-12,4389.0,360.0,0.0,0,353.21,0.0,1,4.12,0.52,SPY201127P00315000,315.0,0,0.0,0.0,,0.0,normalDay
2020-11-13,4389.0,384.0,0.0,0,358.1,0.0,1,4.12,0.28,SPY201127P00315000,315.0,0,0.0,0.0,,0.0,normalDay
2020-11-16,4389.0,399.0,0.0,0,362.57,0.0,1,4.12,0.13,SPY201127P00315000,315.0,0,0.0,0.0,,0.0,normalDay
2020-11-17,4389.0,403.0,0.0,0,360.62,0.0,1,4.12,0.09,SPY201127P00315000,315.0,0,0.0,0.0,,0.0,normalDay
2020-11-18,4389.0,401.0,0.0,0,356.28,0.0,1,4.12,0.11,SPY201127P00315000,315.0,0,0.0,0.0,,0.0,normalDay
2020-11-19,4389.0,403.0,0.0,0,357.78,0.0,1,4.12,0.09,SPY201127P00315000,315.0,0,0.0,0.0,,0.0,normalDay
2020-11-20,4389.0,407.0,0.0,0,355.33,0.0,1,4.12,0.05,SPY201127P00315000,315.0,0,0.0,0.0,,0.0,normalDay
2020-11-23,4389.0,410.0,0.0,0,357.46,0.0,1,4.12,0.02,SPY201127P00315000,315.0,0,0.0,0.0,,0.0,normalDay
2020-11-24,4389.0,411.0,0.0,0,363.22,0.0,1,4.12,0.01,SPY201127P00315000,315.0,0,0.0,0.0,,0.0,normalDay
2020-11-25,4389.0,411.0,0.0,0,362.66,0.0,1,4.12,0.01,SPY201127P00315000,315.0,0,0.0,0.0,,0.0,normalDay
2020-11-27,4801.0,0.0,412.0,0,363.67,0.0,1,4.12,0.0,SPY201127P00315000,315.0,0,0.0,0.0,,0.0,expirationDay
2020-11-30,4801.0,-4.0,0.0,0,362.06,0.0,1,2.79,2.83,SPY210115P00331000,331.0,0,0.0,0.0,,0.0,normalDay
2020-12-01,4801.0,26.0,0.0,0,366.02,0.0,1,2.79,2.53,SPY210115P00331000,331.0,0,0.0,0.0,,0.0,normalDay
2020-12-02,4801.0,38.0,0.0,0,366.79,0.0,1,2.79,2.41,SPY210115P00331000,331.0,0,0.0,0.0,,0.0,normalDay
2020-12-03,4801.0,36.0,0.0,0,366.69,0.0,1,2.79,2.43,SPY210115P00331000,331.0,0,0.0,0.0,,0.0,normalDay
2020-12-04,4801.0,85.0,0.0,0,369.85,0.0,1,2.79,1.94,SPY210115P00331000,331.0,0,0.0,0.0,,0.0,normalDay
2020-12-07,4801.0,91.0,0.0,0,369.09,0.0,1,2.79,1.88,SPY210115P00331000,331.0,0,0.0,0.0,,0.0,normalDay
2020-12-08,4801.0,126.0,0.0,0,370.17,0.0,1,2.79,1.53,SPY210115P00331000,331.0,0,0.0,0.0,,0.0,normalDay
2020-12-09,4801.0,86.0,0.0,0,366.85,0.0,1,2.79,1.93,SPY210115P00331000,331.0,0,0.0,0.0,,0.0,normalDay
2020-12-10,4801.0,92.0,0.0,0,366.73,0.0,1,2.79,1.87,SPY210115P00331000,331.0,0,0.0,0.0,,0.0,normalDay
2020-12-11,4801.0,78.0,0.0,0,366.3,0.0,1,2.79,2.01,SPY210115P00331000,331.0,0,0.0,0.0,,0.0,normalDay
2020-12-14,4801.0,62.0,0.0,0,364.66,0.0,1,2.79,2.17,SPY210115P00331000,331.0,0,0.0,0.0,,0.0,normalDay
2020-12-15,4801.0,121.0,0.0,0,369.59,0.0,1,2.79,1.58,SPY210115P00331000,331.0,0,0.0,0.0,,0.0,normalDay
2020-12-16,4801.0,143.0,0.0,0,370.17,0.0,1,2.79,1.36,SPY210115P00331000,331.0,0,0.0,0.0,,0.0,normalDay
2020-12-17,4801.0,169.0,0.0,0,372.24,0.0,1,2.79,1.1,SPY210115P00331000,331.0,0,0.0,0.0,,0.0,normalDay
2020-12-18,4801.0,175.0,0.0,0,369.18,0.0,1,2.79,1.04,SPY210115P00331000,331.0,0,0.0,0.0,,0.0,normalDay
2020-12-21,4801.0,134.0,0.0,0,367.86,0.0,1,2.79,1.45,SPY210115P00331000,331.0,0,0.0,0.0,,0.0,normalDay
2020-12-22,4801.0,149.0,0.0,0,367.24,0.0,1,2.79,1.3,SPY210115P00331000,331.0,0,0.0,0.0,,0.0,normalDay
2020-12-23,4801.0,168.0,0.0,0,367.57,0.0,1,2.79,1.11,SPY210115P00331000,331.0,0,0.0,0.0,,0.0,normalDay
2020-12-24,4801.0,197.0,0.0,0,369.0,0.0,1,2.79,0.82,SPY210115P00331000,331.0,0,0.0,0.0,,0.0,normalDay
2020-12-28,4801.0,226.0,0.0,0,372.17,0.0,1,2.79,0.53,SPY210115P00331000,331.0,0,0.0,0.0,,0.0,normalDay
2020-12-29,4801.0,219.0,0.0,0,371.46,0.0,1,2.79,0.6,SPY210115P00331000,331.0,0,0.0,0.0,,0.0,normalDay
2020-12-30,4801.0,227.0,0.0,0,371.99,0.0,1,2.79,0.52,SPY210115P00331000,331.0,0,0.0,0.0,,0.0,normalDay
2020-12-31,4801.0,236.0,0.0,0,373.88,0.0,1,2.79,0.43,SPY210115P00331000,331.0,0,0.0,0.0,,0.0,normalDay
2021-01-04,4801.0,223.0,0.0,0,368.79,0.0,1,2.79,0.56,SPY210115P00331000,331.0,0,0.0,0.0,,0.0,normalDay
2021-01-05,4801.0,242.0,0.0,0,371.33,0.0,1,2.79,0.37,SPY210115P00331000,331.0,0,0.0,0.0,,0.0,normalDay
2021-01-06,4801.0,241.0,0.0,0,373.55,0.0,1,2.79,0.38,SPY210115P00331000,331.0,0,0.0,0.0,,0.0,normalDay
2021-01-07,4801.0,263.0,0.0,0,379.1,0.0,1,2.79,0.16,SPY210115P00331000,331.0,0,0.0,0.0,,0.0,normalDay
2021-01-08,4801.0,271.0,0.0,0,381.26,0.0,1,2.79,0.08,SPY210115P00331000,331.0,0,0.0,0.0,,0.0,normalDay
2021-01-11,4801.0,272.0,0.0,0,378.69,0.0,1,2.79,0.07,SPY210115P00331000,331.0,0,0.0,0.0,,0.0,normalDay
2021-01-12,4801.0,275.0,0.0,0,378.77,0.0,1,2.79,0.04,SPY210115P00331000,331.0,0,0.0,0.0,,0.0,normalDay
2021-01-13,4801.0,277.0,0.0,0,379.79,0.0,1,2.79,0.02,SPY210115P00331000,331.0,0,0.0,0.0,,0.0,normalDay
2021-01-14,4801.0,278.0,0.0,0,378.46,0.0,1,2.79,0.01,SPY210115P00331000,331.0,0,0.0,0.0,,0.0,normalDay
2021-01-15,5080.0,0.0,279.0,0,375.7,0.0,1,2.79,0.0,SPY210115P00331000,331.0,0,0.0,0.0,,0.0,expirationDay
2021-01-19,5080.0,-6.0,0.0,0,378.65,0.0,1,4.8,4.86,SPY210226P00362000,362.0,0,0.0,0.0,,0.0,normalDay
2021-01-20,5080.0,126.0,0.0,0,383.89,0.0,1,4.8,3.54,SPY210226P00362000,362.0,0,0.0,0.0,,0.0,normalDay
2021-01-21,5080.0,147.0,0.0,0,384.24,0.0,1,4.8,3.33,SPY210226P00362000,362.0,0,0.0,0.0,,0.0,normalDay
2021-01-22,5080.0,129.0,0.0,0,382.88,0.0,1,4.8,3.51,SPY210226P00362000,362.0,0,0.0,0.0,,0.0,normalDay
2021-01-25,5080.0,149.0,0.0,0,384.39,0.0,1,4.8,3.31,SPY210226P00362000,362.0,0,0.0,0.0,,0.0,normalDay
2021-01-26,5080.0,163.0,0.0,0,383.79,0.0,1,4.8,3.17,SPY210226P00362000,362.0,0,0.0,0.0,,0.0,normalDay
2021-01-27,5080.0,-280.0,0.0,0,374.41,0.0,1,4.8,7.6,SPY210226P00362000,362.0,0,0.0,0.0,,0.0,normalDay
2021-01-28,5080.0,-83.0,0.0,0,377.63,0.0,1,4.8,5.63,SPY210226P00362000,362.0,0,0.0,0.0,,0.0,normalDay
2021-01-29,5080.0,-415.0,0.0,0,370.07,0.0,1,4.8,8.95,SPY210226P00362000,362.0,0,0.0,0.0,,0.0,normalDay
2021-02-01,5080.0,-75.0,0.0,0,376.23,0.0,1,4.8,5.55,SPY210226P00362000,362.0,0,0.0,0.0,,0.0,normalDay
2021-02-02,5080.0,169.0,0.0,0,381.55,0.0,1,4.8,3.11,SPY210226P00362000,362.0,0,0.0,0.0,,0.0,normalDay
2021-02-03,5080.0,233.0,0.0,0,381.85,0.0,1,4.8,2.47,SPY210226P00362000,362.0,0,0.0,0.0,,0.0,normalDay
2021-02-04,5080.0,312.0,0.0,0,386.19,0.0,1,4.8,1.68,SPY210226P00362000,362.0,0,0.0,0.0,,0.0,normalDay
2021-02-05,5080.0,351.0,0.0,0,387.71,0.0,1,4.8,1.29,SPY210226P00362000,362.0,0,0.0,0.0,,0.0,normalDay
2021-02-08,5080.0,386.0,0.0,0,390.51,0.0,1,4.8,0.94,SPY210226P00362000,362.0,0,0.0,0.0,,0.0,normalDay
2021-02-09,5080.0,392.0,0.0,0,390.25,0.0,1,4.8,0.88,SPY210226P00362000,362.0,0,0.0,0.0,,0.0,normalDay
2021-02-10,5080.0,388.0,0.0,0,390.08,0.0,1,4.8,0.92,SPY210226P00362000,362.0,0,0.0,0.0,,0.0,normalDay
2021-02-11,5080.0,407.0,0.0,0,390.71,0.0,1,4.8,0.73,SPY210226P00362000,362.0,0,0.0,0.0,,0.0,normalDay
2021-02-12,5080.0,439.0,0.0,0,392.64,0.0,1,4.8,0.41,SPY210226P00362000,362.0,0,0.0,0.0,,0.0,normalDay
2021-02-16,5080.0,441.0,0.0,0,392.3,0.0,1,4.8,0.39,SPY210226P00362000,362.0,0,0.0,0.0,,0.0,normalDay
2021-02-17,5080.0,451.0,0.0,0,392.39,0.0,1,4.8,0.29,SPY210226P00362000,362.0,0,0.0,0.0,,0.0,normalDay
2021-02-18,5080.0,449.0,0.0,0,390.72,0.0,1,4.8,0.31,SPY210226P00362000,362.0,0,0.0,0.0,,0.0,normalDay
2021-02-19,5080.0,465.0,0.0,0,390.03,0.0,1,4.8,0.15,SPY210226P00362000,362.0,0,0.0,0.0,,0.0,normalDay
2021-02-22,5080.0,467.0,0.0,0,387.03,0.0,1,4.8,0.13,SPY210226P00362000,362.0,0,0.0,0.0,,0.0,normalDay
2021-02-23,5080.0,473.0,0.0,0,387.5,0.0,1,4.8,0.07,SPY210226P00362000,362.0,0,0.0,0.0,,0.0,normalDay
2021-02-24,5080.0,477.0,0.0,0,391.77,0.0,1,4.8,0.03,SPY210226P00362000,362.0,0,0.0,0.0,,0.0,normalDay
2021-02-25,5080.0,472.0,0.0,0,382.33,0.0,1,4.8,0.08,SPY210226P00362000,362.0,0,0.0,0.0,,0.0,normalDay
2021-02-26,5560.0,0.0,480.0,0,380.36,0.0,1,4.8,0.0,SPY210226P00362000,362.0,0,0.0,0.0,,0.0,expirationDay
2021-03-01,5560.0,-5.0,0.0,0,389.58,0.0,1,6.35,6.4,SPY210416P00375000,375.0,0,0.0,0.0,,0.0,normalDay
2021-03-02,5560.0,-106.0,0.0,0,386.54,0.0,1,6.35,7.41,SPY210416P00375000,375.0,0,0.0,0.0,,0.0,normalDay
2021-03-03,5560.0,-297.0,0.0,0,381.42,0.0,1,6.35,9.32,SPY210416P00375000,375.0,0,0.0,0.0,,0.0,normalDay
2021-03-04,5560.0,-498.0,0.0,0,376.7,0.0,1,6.35,11.33,SPY210416P00375000,375.0,0,0.0,0.0,,0.0,normalDay
2021-03-05,5560.0,-152.0,0.0,0,383.63,0.0,1,6.35,7.87,SPY210416P00375000,375.0,0,0.0,0.0,,0.0,normalDay
2021-03-08,5560.0,-198.0,0.0,0,381.72,0.0,1,6.35,8.33,SPY210416P00375000,375.0,0,0.0,0.0,,0.0,normalDay
2021-03-09,5560.0,3.0,0.0,0,387.17,0.0,1,6.35,6.32,SPY210416P00375000,375.0,0,0.0,0.0,,0.0,normalDay
2021-03-10,5560.0,123.0,0.0,0,389.58,0.0,1,6.35,5.12,SPY210416P00375000,375.0,0,0.0,0.0,,0.0,normalDay
2021-03-11,5560.0,216.0,0.0,0,393.53,0.0,1,6.35,4.19,SPY210416P00375000,375.0,0,0.0,0.0,,0.0,normalDay
2021-03-12,5560.0,280.0,0.0,0,394.06,0.0,1,6.35,3.55,SPY210416P00375000,375.0,0,0.0,0.0,,0.0,normalDay
2021-03-15,5560.0,360.0,0.0,0,396.41,0.0,1,6.35,2.75,SPY210416P00375000,375.0,0,0.0,0.0,,0.0,normalDay
2021-03-16,5560.0,359.0,0.0,0,395.91,0.0,1,6.35,2.76,SPY210416P00375000,375.0,0,0.0,0.0,,0.0,normalDay
2021-03-17,5560.0,403.0,0.0,0,397.26,0.0,1,6.35,2.32,SPY210416P00375000,375.0,0,0.0,0.0,,0.0,normalDay
2021-03-18,5560.0,305.0,0.0,0,391.48,0.0,1,6.35,3.3,SPY210416P00375000,375.0,0,0.0,0.0,,0.0,normalDay
2021-03-19,5560.0,295.0,0.0,0,389.48,0.0,1,6.35,3.4,SPY210416P00375000,375.0,0,0.0,0.0,,0.0,normalDay
2021-03-22,5560.0,427.0,0.0,0,392.59,0.0,1,6.35,2.08,SPY210416P00375000,375.0,0,0.0,0.0,,0.0,normalDay
2021-03-23,5560.0,358.0,0.0,0,389.5,0.0,1,6.35,2.77,SPY210416P00375000,375.0,0,0.0,0.0,,0.0,normalDay
2021-03-24,5560.0,320.0,0.0,0,387.52,0.0,1,6.35,3.15,SPY210416P00375000,375.0,0,0.0,0.0,,0.0,normalDay
2021-03-25,5560.0,398.0,0.0,0,389.7,0.0,1,6.35,2.37,SPY210416P00375000,375.0,0,0.0,0.0,,0.0,normalDay
2021-03-26,5560.0,486.0,0.0,0,395.98,0.0,1,6.35,1.49,SPY210416P00375000,375.0,0,0.0,0.0,,0.0,normalDay
2021-03-29,5560.0,475.0,0.0,0,395.78,0.0,1,6.35,1.6,SPY210416P00375000,375.0,0,0.0,0.0,,0.0,normalDay
2021-03-30,5560.0,496.0,0.0,0,394.73,0.0,1,6.35,1.39,SPY210416P00375000,375.0,0,0.0,0.0,,0.0,normalDay
2021-03-31,5560.0,533.0,0.0,0,396.33,0.0,1,6.35,1.02,SPY210416P00375000,375.0,0,0.0,0.0,,0.0,normalDay
2021-04-01,5560.0,586.0,0.0,0,400.61,0.0,1,6.35,0.49,SPY210416P00375000,375.0,0,0.0,0.0,,0.0,normalDay
2021-04-05,5560.0,608.0,0.0,0,406.36,0.0,1,6.35,0.27,SPY210416P00375000,375.0,0,0.0,0.0,,0.0,normalDay
2021-04-06,5560.0,610.0,0.0,0,406.12,0.0,1,6.35,0.25,SPY210416P00375000,375.0,0,0.0,0.0,,0.0,normalDay
2021-04-07,5560.0,620.0,0.0,0,406.59,0.0,1,6.35,0.15,SPY210416P00375000,375.0,0,0.0,0.0,,0.0,normalDay
2021-04-08,5560.0,624.0,0.0,0,408.52,0.0,1,6.35,0.11,SPY210416P00375000,375.0,0,0.0,0.0,,0.0,normalDay
2021-04-09,5560.0,629.0,0.0,0,411.49,0.0,1,6.35,0.06,SPY210416P00375000,375.0,0,0.0,0.0,,0.0,normalDay
2021-04-12,5560.0,632.0,0.0,0,411.64,0.0,1,6.35,0.03,SPY210416P00375000,375.0,0,0.0,0.0,,0.0,normalDay
2021-04-13,5560.0,633.0,0.0,0,412.86,0.0,1,6.35,0.02,SPY210416P00375000,375.0,0,0.0,0.0,,0.0,normalDay
2021-04-14,5560.0,633.0,0.0,0,411.45,0.0,1,6.35,0.02,SPY210416P00375000,375.0,0,0.0,0.0,,0.0,normalDay
2021-04-15,5560.0,634.0,0.0,0,415.87,0.0,1,6.35,0.01,SPY210416P00375000,375.0,0,0.0,0.0,,0.0,normalDay
2021-04-16,6195.0,0.0,635.0,0,417.26,0.0,1,6.35,0.0,SPY210416P00375000,375.0,0,0.0,0.0,,0.0,expirationDay
2021-04-19,6195.0,-5.0,0.0,0,415.21,0.0,1,1.58,1.63,SPY210528P00378000,378.0,0,0.0,0.0,,0.0,normalDay
2021-04-20,6195.0,-49.0,0.0,0,412.17,0.0,1,1.58,2.07,SPY210528P00378000,378.0,0,0.0,0.0,,0.0,normalDay
2021-04-21,6195.0,11.0,0.0,0,416.07,0.0,1,1.58,1.47,SPY210528P00378000,378.0,0,0.0,0.0,,0.0,normalDay
2021-04-22,6195.0,-33.0,0.0,0,412.27,0.0,1,1.58,1.91,SPY210528P00378000,378.0,0,0.0,0.0,,0.0,normalDay
2021-04-23,6195.0,30.0,0.0,0,416.74,0.0,1,1.58,1.28,SPY210528P00378000,378.0,0,0.0,0.0,,0.0,normalDay
2021-04-26,6195.0,47.0,0.0,0,417.61,0.0,1,1.58,1.11,SPY210528P00378000,378.0,0,0.0,0.0,,0.0,normalDay
2021-04-27,6195.0,53.0,0.0,0,417.52,0.0,1,1.58,1.05,SPY210528P00378000,378.0,0,0.0,0.0,,0.0,normalDay
2021-04-28,6195.0,65.0,0.0,0,417.4,0.0,1,1.58,0.93,SPY210528P00378000,378.0,0,0.0,0.0,,0.0,normalDay
2021-04-29,6195.0,71.0,0.0,0,420.06,0.0,1,1.58,0.87,SPY210528P00378000,378.0,0,0.0,0.0,,0.0,normalDay
2021-04-30,6195.0,53.0,0.0,0,417.3,0.0,1,1.58,1.05,SPY210528P00378000,378.0,0,0.0,0.0,,0.0,normalDay
2021-05-03,6195.0,71.0,0.0,0,418.2,0.0,1,1.58,0.87,SPY210528P00378000,378.0,0,0.0,0.0,,0.0,normalDay
2021-05-04,6195.0,53.0,0.0,0,415.62,0.0,1,1.58,1.05,SPY210528P00378000,378.0,0,0.0,0.0,,0.0,normalDay
2021-05-05,6195.0,59.0,0.0,0,415.75,0.0,1,1.58,0.99,SPY210528P00378000,378.0,0,0.0,0.0,,0.0,normalDay
2021-05-06,6195.0,85.0,0.0,0,419.07,0.0,1,1.58,0.73,SPY210528P00378000,378.0,0,0.0,0.0,,0.0,normalDay
2021-05-07,6195.0,107.0,0.0,0,422.12,0.0,1,1.58,0.51,SPY210528P00378000,378.0,0,0.0,0.0,,0.0,normalDay
2021-05-10,6195.0,83.0,0.0,0,417.94,0.0,1,1.58,0.75,SPY210528P00378000,378.0,0,0.0,0.0,,0.0,normalDay
2021-05-11,6195.0,62.0,0.0,0,414.21,0.0,1,1.58,0.96,SPY210528P00378000,378.0,0,0.0,0.0,,0.0,normalDay
2021-05-12,6195.0,-76.0,0.0,0,405.41,0.0,1,1.58,2.34,SPY210528P00378000,378.0,0,0.0,0.0,,0.0,normalDay
2021-05-13,6195.0,44.0,0.0,0,410.28,0.0,1,1.58,1.14,SPY210528P00378000,378.0,0,0.0,0.0,,0.0,normalDay
2021-05-14,6195.0,115.0,0.0,0,416.58,0.0,1,1.58,0.43,SPY210528P00378000,378.0,0,0.0,0.0,,0.0,normalDay
2021-05-17,6195.0,127.0,0.0,0,415.52,0.0,1,1.58,0.31,SPY210528P00378000,378.0,0,0.0,0.0,,0.0,normalDay
2021-05-18,6195.0,113.0,0.0,0,411.94,0.0,1,1.58,0.45,SPY210528P00378000,378.0,0,0.0,0.0,,0.0,normalDay
2021-05-19,6195.0,118.0,0.0,0,410.86,0.0,1,1.58,0.4,SPY210528P00378000,378.0,0,0.0,0.0,,0.0,normalDay
2021-05-20,6195.0,139.0,0.0,0,415.28,0.0,1,1.58,0.19,SPY210528P00378000,378.0,0,0.0,0.0,,0.0,normalDay
2021-05-21,6195.0,149.0,0.0,0,414.94,0.0,1,1.58,0.09,SPY210528P00378000,378.0,0,0.0,0.0,,0.0,normalDay
2021-05-24,6195.0,154.0,0.0,0,419.17,0.0,1,1.58,0.04,SPY210528P00378000,378.0,0,0.0,0.0,,0.0,normalDay
2021-05-25,6195.0,154.0,0.0,0,418.24,0.0,1,1.58,0.04,SPY210528P00378000,378.0,0,0.0,0.0,,0.0,normalDay
2021-05-26,6195.0,156.0,0.0,0,419.07,0.0,1,1.58,0.02,SPY210528P00378000,378.0,0,0.0,0.0,,0.0,normalDay
2021-05-27,6195.0,157.0,0.0,0,419.29,0.0,1,1.58,0.01,SPY210528P00378000,378.0,0,0.0,0.0,,0.0,normalDay
2021-05-28,6353.0,0.0,158.0,0,420.04,0.0,1,1.58,0.0,SPY210528P00378000,378.0,0,0.0,0.0,,0.0,expirationDay
2021-06-01,6353.0,-5.0,0.0,0,419.67,0.0,1,4.86,4.91,SPY210716P00406000,406.0,0,0.0,0.0,,0.0,normalDay
2021-06-02,6353.0,35.0,0.0,0,420.33,0.0,1,4.86,4.51,SPY210716P00406000,406.0,0,0.0,0.0,,0.0,normalDay
2021-06-03,6353.0,-14.0,0.0,0,418.77,0.0,1,4.86,5.0,SPY210716P00406000,406.0,0,0.0,0.0,,0.0,normalDay
2021-06-04,6353.0,110.0,0.0,0,422.6,0.0,1,4.86,3.76,SPY210716P00406000,406.0,0,0.0,0.0,,0.0,normalDay
2021-06-07,6353.0,147.0,0.0,0,422.19,0.0,1,4.86,3.39,SPY210716P00406000,406.0,0,0.0,0.0,,0.0,normalDay
2021-06-08,6353.0,139.0,0.0,0,422.28,0.0,1,4.86,3.47,SPY210716P00406000,406.0,0,0.0,0.0,,0.0,normalDay
2021-06-09,6353.0,110.0,0.0,0,421.65,0.0,1,4.86,3.76,SPY210716P00406000,406.0,0,0.0,0.0,,0.0,normalDay
2021-06-10,6353.0,206.0,0.0,0,423.61,0.0,1,4.86,2.8,SPY210716P00406000,406.0,0,0.0,0.0,,0.0,normalDay
2021-06-11,6353.0,232.0,0.0,0,424.31,0.0,1,4.86,2.54,SPY210716P00406000,406.0,0,0.0,0.0,,0.0,normalDay
2021-06-14,6353.0,251.0,0.0,0,425.26,0.0,1,4.86,2.35,SPY210716P00406000,406.0,0,0.0,0.0,,0.0,normalDay
2021-06-15,6353.0,234.0,0.0,0,424.48,0.0,1,4.86,2.52,SPY210716P00406000,406.0,0,0.0,0.0,,0.0,normalDay
2021-06-16,6353.0,183.0,0.0,0,422.11,0.0,1,4.86,3.03,SPY210716P00406000,406.0,0,0.0,0.0,,0.0,normalDay
2021-06-17,6353.0,208.0,0.0,0,421.97,0.0,1,4.86,2.78,SPY210716P00406000,406.0,0,0.0,0.0,,0.0,normalDay
2021-06-18,6353.0,10.0,0.0,0,414.92,0.0,1,4.86,4.76,SPY210716P00406000,406.0,0,0.0,0.0,,0.0,normalDay
2021-06-21,6353.0,241.0,0.0,0,420.86,0.0,1,4.86,2.45,SPY210716P00406000,406.0,0,0.0,0.0,,0.0,normalDay
2021-06-22,6353.0,302.0,0.0,0,423.11,0.0,1,4.86,1.84,SPY210716P00406000,406.0,0,0.0,0.0,,0.0,normalDay
2021-06-23,6353.0,316.0,0.0,0,422.6,0.0,1,4.86,1.7,SPY210716P00406000,406.0,0,0.0,0.0,,0.0,normalDay
2021-06-24,6353.0,356.0,0.0,0,425.1,0.0,1,4.86,1.3,SPY210716P00406000,406.0,0,0.0,0.0,,0.0,normalDay
2021-06-25,6353.0,385.0,0.0,0,426.61,0.0,1,4.86,1.01,SPY210716P00406000,406.0,0,0.0,0.0,,0.0,normalDay
2021-06-28,6353.0,403.0,0.0,0,427.47,0.0,1,4.86,0.83,SPY210716P00406000,406.0,0,0.0,0.0,,0.0,normalDay
2021-06-29,6353.0,406.0,0.0,0,427.7,0.0,1,4.86,0.8,SPY210716P00406000,406.0,0,0.0,0.0,,0.0,normalDay
2021-06-30,6353.0,421.0,0.0,0,428.06,0.0,1,4.86,0.65,SPY210716P00406000,406.0,0,0.0,0.0,,0.0,normalDay
2021-07-01,6353.0,432.0,0.0,0,430.43,0.0,1,4.86,0.54,SPY210716P00406000,406.0,0,0.0,0.0,,0.0,normalDay
2021-07-02,6353.0,450.0,0.0,0,433.72,0.0,1,4.86,0.36,SPY210716P00406000,406.0,0,0.0,0.0,,0.0,normalDay
2021-07-06,6353.0,453.0,0.0,0,432.93,0.0,1,4.86,0.33,SPY210716P00406000,406.0,0,0.0,0.0,,0.0,normalDay
2021-07-07,6353.0,463.0,0.0,0,434.46,0.0,1,4.86,0.23,SPY210716P00406000,406.0,0,0.0,0.0,,0.0,normalDay
2021-07-08,6353.0,439.0,0.0,0,430.92,0.0,1,4.86,0.47,SPY210716P00406000,406.0,0,0.0,0.0,,0.0,normalDay
2021-07-09,6353.0,472.0,0.0,0,435.52,0.0,1,4.86,0.14,SPY210716P00406000,406.0,0,0.0,0.0,,0.0,normalDay
2021-07-12,6353.0,480.0,0.0,0,437.08,0.0,1,4.86,0.06,SPY210716P00406000,406.0,0,0.0,0.0,,0.0,normalDay
2021-07-13,6353.0,478.0,0.0,0,435.59,0.0,1,4.86,0.08,SPY210716P00406000,406.0,0,0.0,0.0,,0.0,normalDay
2021-07-14,6353.0,483.0,0.0,0,436.24,0.0,1,4.86,0.03,SPY210716P00406000,406.0,0,0.0,0.0,,0.0,normalDay
2021-07-15,6353.0,484.0,0.0,0,434.75,0.0,1,4.86,0.02,SPY210716P00406000,406.0,0,0.0,0.0,,0.0,normalDay
2021-07-16,6839.0,0.0,486.0,0,431.34,0.0,1,4.86,0.0,SPY210716P00406000,406.0,0,0.0,0.0,,0.0,expirationDay
2021-07-19,6839.0,-6.0,0.0,0,424.97,0.0,1,7.42,7.48,SPY210827P00417000,417.0,0,0.0,0.0,,0.0,normalDay
2021-07-20,6839.0,224.0,0.0,0,431.06,0.0,1,7.42,5.18,SPY210827P00417000,417.0,0,0.0,0.0,,0.0,normalDay
2021-07-21,6839.0,360.0,0.0,0,434.55,0.0,1,7.42,3.82,SPY210827P00417000,417.0,0,0.0,0.0,,0.0,normalDay
2021-07-22,6839.0,382.0,0.0,0,435.46,0.0,1,7.42,3.6,SPY210827P00417000,417.0,0,0.0,0.0,,0.0,normalDay
2021-07-23,6839.0,461.0,0.0,0,439.94,0.0,1,7.42,2.81,SPY210827P00417000,417.0,0,0.0,0.0,,0.0,normalDay
2021-07-26,6839.0,496.0,0.0,0,441.02,0.0,1,7.42,2.46,SPY210827P00417000,417.0,0,0.0,0.0,,0.0,normalDay
2021-07-27,6839.0,433.0,0.0,0,439.01,0.0,1,7.42,3.09,SPY210827P00417000,417.0,0,0.0,0.0,,0.0,normalDay
2021-07-28,6839.0,472.0,0.0,0,438.83,0.0,1,7.42,2.7,SPY210827P00417000,417.0,0,0.0,0.0,,0.0,normalDay
2021-07-29,6839.0,525.0,0.0,0,440.65,0.0,1,7.42,2.17,SPY210827P00417000,417.0,0,0.0,0.0,,0.0,normalDay
2021-07-30,6839.0,505.0,0.0,0,438.51,0.0,1,7.42,2.37,SPY210827P00417000,417.0,0,0.0,0.0,,0.0,normalDay
2021-08-02,6839.0,487.0,0.0,0,437.59,0.0,1,7.42,2.55,SPY210827P00417000,417.0,0,0.0,0.0,,0.0,normalDay
2021-08-03,6839.0,568.0,0.0,0,441.15,0.0,1,7.42,1.74,SPY210827P00417000,417.0,0,0.0,0.0,,0.0,normalDay
2021-08-04,6839.0,562.0,0.0,0,438.98,0.0,1,7.42,1.8,SPY210827P00417000,417.0,0,0.0,0.0,,0.0,normalDay
2021-08-05,6839.0,603.0,0.0,0,441.76,0.0,1,7.42,1.39,SPY210827P00417000,417.0,0,0.0,0.0,,0.0,normalDay
2021-08-06,6839.0,638.0,0.0,0,442.49,0.0,1,7.42,1.04,SPY210827P00417000,417.0,0,0.0,0.0,,0.0,normalDay
2021-08-09,6839.0,649.0,0.0,0,442.13,0.0,1,7.42,0.93,SPY210827P00417000,417.0,0,0.0,0.0,,0.0,normalDay
2021-08-10,6839.0,652.0,0.0,0,442.68,0.0,1,7.42,0.9,SPY210827P00417000,417.0,0,0.0,0.0,,0.0,normalDay
2021-08-11,6839.0,679.0,0.0,0,443.78,0.0,1,7.42,0.63,SPY210827P00417000,417.0,0,0.0,0.0,,0.0,normalDay
2021-08-12,6839.0,695.0,0.0,0,445.11,0.0,1,7.42,0.47,SPY210827P00417000,417.0,0,0.0,0.0,,0.0,normalDay
2021-08-13,6839.0,704.0,0.0,0,445.92,0.0,1,7.42,0.38,SPY210827P00417000,417.0,0,0.0,0.0,,0.0,normalDay
2021-08-16,6839.0,711.0,0.0,0,446.97,0.0,1,7.42,0.31,SPY210827P00417000,417.0,0,0.0,0.0,,0.0,normalDay
2021-08-17,6839.0,690.0,0.0,0,444.04,0.0,1,7.42,0.52,SPY210827P00417000,417.0,0,0.0,0.0,,0.0,normalDay
2021-08-18,6839.0,631.0,0.0,0,439.18,0.0,1,7.42,1.11,SPY210827P00417000,417.0,0,0.0,0.0,,0.0,normalDay
2021-08-19,6839.0,655.0,0.0,0,439.86,0.0,1,7.42,0.87,SPY210827P00417000,417.0,0,0.0,0.0,,0.0,normalDay
2021-08-20,6839.0,724.0,0.0,0,443.36,0.0,1,7.42,0.18,SPY210827P00417000,417.0,0,0.0,0.0,,0.0,normalDay
2021-08-23,6839.0,735.0,0.0,0,447.26,0.0,1,7.42,0.07,SPY210827P00417000,417.0,0,0.0,0.0,,0.0,normalDay
2021-08-24,6839.0,737.0,0.0,0,447.97,0.0,1,7.42,0.05,SPY210827P00417000,417.0,0,0.0,0.0,,0.0,normalDay
2021-08-25,6839.0,739.0,0.0,0,448.91,0.0,1,7.42,0.03,SPY210827P00417000,417.0,0,0.0,0.0,,0.0,normalDay
2021-08-26,6839.0,738.0,0.0,0,446.26,0.0,1,7.42,0.04,SPY210827P00417000,417.0,0,0.0,0.0,,0.0,normalDay
2021-08-27,7581.0,0.0,742.0,0,450.25,0.0,1,7.42,0.0,SPY210827P00417000,417.0,0,0.0,0.0,,0.0,expirationDay
2021-08-30,7581.0,-4.0,0.0,0,452.23,0.0,1,4.41,4.45,SPY211015P00435000,435.0,0,0.0,0.0,,0.0,normalDay
2021-08-31,7581.0,-2.0,0.0,0,451.56,0.0,1,4.41,4.43,SPY211015P00435000,435.0,0,0.0,0.0,,0.0,normalDay
2021-09-01,7581.0,26.0,0.0,0,451.8,0.0,1,4.41,4.15,SPY211015P00435000,435.0,0,0.0,0.0,,0.0,normalDay
2021-09-02,7581.0,52.0,0.0,0,453.19,0.0,1,4.41,3.89,SPY211015P00435000,435.0,0,0.0,0.0,,0.0,normalDay
2021-09-03,7581.0,54.0,0.0,0,453.08,0.0,1,4.41,3.87,SPY211015P00435000,435.0,0,0.0,0.0,,0.0,normalDay
2021-09-07,7581.0,16.0,0.0,0,451.46,0.0,1,4.41,4.25,SPY211015P00435000,435.0,0,0.0,0.0,,0.0,normalDay
2021-09-08,7581.0,17.0,0.0,0,450.91,0.0,1,4.41,4.24,SPY211015P00435000,435.0,0,0.0,0.0,,0.0,normalDay
2021-09-09,7581.0,-46.0,0.0,0,448.98,0.0,1,4.41,4.87,SPY211015P00435000,435.0,0,0.0,0.0,,0.0,normalDay
2021-09-10,7581.0,-148.0,0.0,0,445.44,0.0,1,4.41,5.89,SPY211015P00435000,435.0,0,0.0,0.0,,0.0,normalDay
2021-09-13,7581.0,-47.0,0.0,0,446.58,0.0,1,4.41,4.88,SPY211015P00435000,435.0,0,0.0,0.0,,0.0,normalDay
2021-09-14,7581.0,-109.0,0.0,0,444.17,0.0,1,4.41,5.5,SPY211015P00435000,435.0,0,0.0,0.0,,0.0,normalDay
2021-09-15,7581.0,35.0,0.0,0,447.88,0.0,1,4.41,4.06,SPY211015P00435000,435.0,0,0.0,0.0,,0.0,normalDay
2021-09-16,7581.0,13.0,0.0,0,447.17,0.0,1,4.41,4.28,SPY211015P00435000,435.0,0,0.0,0.0,,0.0,normalDay
2021-09-17,7581.0,-154.0,0.0,0,441.4,0.0,1,4.41,5.95,SPY211015P00435000,435.0,0,0.0,0.0,,0.0,normalDay
2021-09-20,7581.0,-506.0,0.0,0,434.04,0.0,1,4.41,9.47,SPY211015P00435000,435.0,0,0.0,0.0,,0.0,normalDay
2021-09-21,7581.0,-483.0,0.0,0,433.63,0.0,1,4.41,9.24,SPY211015P00435000,435.0,0,0.0,0.0,,0.0,normalDay
2021-09-22,7581.0,-180.0,0.0,0,437.86,0.0,1,4.41,6.21,SPY211015P00435000,435.0,0,0.0,0.0,,0.0,normalDay
2021-09-23,7581.0,54.0,0.0,0,443.18,0.0,1,4.41,3.87,SPY211015P00435000,435.0,0,0.0,0.0,,0.0,normalDay
2021-09-24,7581.0,111.0,0.0,0,443.91,0.0,1,4.41,3.3,SPY211015P00435000,435.0,0,0.0,0.0,,0.0,normalDay
2021-09-27,7581.0,92.0,0.0,0,442.64,0.0,1,4.41,3.49,SPY211015P00435000,435.0,0,0.0,0.0,,0.0,normalDay
2021-09-28,7581.0,-308.0,0.0,0,433.72,0.0,1,4.41,7.49,SPY211015P00435000,435.0,0,0.0,0.0,,0.0,normalDay
2021-09-29,7581.0,-239.0,0.0,0,434.45,0.0,1,4.41,6.8,SPY211015P00435000,435.0,0,0.0,0.0,,0.0,normalDay
2021-09-30,7581.0,-495.0,0.0,0,429.14,0.0,1,4.41,9.36,SPY211015P00435000,435.0,0,0.0,0.0,,0.0,normalDay
2021-10-01,7581.0,-170.0,0.0,0,434.24,0.0,1,4.41,6.11,SPY211015P00435000,435.0,0,0.0,0.0,,0.0,normalDay
2021-10-04,7581.0,-464.0,0.0,0,428.64,0.0,1,4.41,9.05,SPY211015P00435000,435.0,0,0.0,0.0,,0.0,normalDay
2021-10-05,7581.0,-160.0,0.0,0,433.1,0.0,1,4.41,6.01,SPY211015P00435000,435.0,0,0.0,0.0,,0.0,normalDay
2021-10-06,7581.0,-58.0,0.0,0,434.9,0.0,1,4.41,4.99,SPY211015P00435000,435.0,0,0.0,0.0,,0.0,normalDay
2021-10-07,7581.0,155.0,0.0,0,438.66,0.0,1,4.41,2.86,SPY211015P00435000,435.0,0,0.0,0.0,,0.0,normalDay
2021-10-08,7581.0,161.0,0.0,0,437.86,0.0,1,4.41,2.8,SPY211015P00435000,435.0,0,0.0,0.0,,0.0,normalDay
2021-10-11,7581.0,63.0,0.0,0,434.69,0.0,1,4.41,3.78,SPY211015P00435000,435.0,0,0.0,0.0,,0.0,normalDay
2021-10-12,7581.0,30.0,0.0,0,433.62,0.0,1,4.41,4.11,SPY211015P00435000,435.0,0,0.0,0.0,,0.0,normalDay
2021-10-13,7581.0,239.0,0.0,0,435.18,0.0,1,4.41,2.02,SPY211015P00435000,435.0,0,0.0,0.0,,0.0,normalDay
2021-10-14,7581.0,428.0,0.0,0,442.5,0.0,1,4.41,0.13,SPY211015P00435000,435.0,0,0.0,0.0,,0.0,normalDay
2021-10-15,8022.0,0.0,441.0,0,445.87,0.0,1,4.41,0.0,SPY211015P00435000,435.0,0,0.0,0.0,,0.0,expirationDay
2021-10-18,8022.0,-4.0,0.0,0,447.19,0.0,1,2.74,2.78,SPY211126P00423000,423.0,0,0.0,0.0,,0.0,normalDay
2021-10-19,8022.0,54.0,0.0,0,450.64,0.0,1,2.74,2.2,SPY211126P00423000,423.0,0,0.0,0.0,,0.0,normalDay
2021-10-20,8022.0,72.0,0.0,0,452.41,0.0,1,2.74,2.02,SPY211126P00423000,423.0,0,0.0,0.0,,0.0,normalDay
2021-10-21,8022.0,98.0,0.0,0,453.59,0.0,1,2.74,1.76,SPY211126P00423000,423.0,0,0.0,0.0,,0.0,normalDay
2021-10-22,8022.0,87.0,0.0,0,453.12,0.0,1,2.74,1.87,SPY211126P00423000,423.0,0,0.0,0.0,,0.0,normalDay
2021-10-25,8022.0,128.0,0.0,0,455.55,0.0,1,2.74,1.46,SPY211126P00423000,423.0,0,0.0,0.0,,0.0,normalDay
2021-10-26,8022.0,125.0,0.0,0,455.96,0.0,1,2.74,1.49,SPY211126P00423000,423.0,0,0.0,0.0,,0.0,normalDay
2021-10-27,8022.0,95.0,0.0,0,453.94,0.0,1,2.74,1.79,SPY211126P00423000,423.0,0,0.0,0.0,,0.0,normalDay
2021-10-28,8022.0,140.0,0.0,0,458.32,0.0,1,2.74,1.34,SPY211126P00423000,423.0,0,0.0,0.0,,0.0,normalDay
2021-10-29,8022.0,158.0,0.0,0,459.25,0.0,1,2.74,1.16,SPY211126P00423000,423.0,0,0.0,0.0,,0.0,normalDay
2021-11-01,8022.0,182.0,0.0,0,460.04,0.0,1,2.74,0.92,SPY211126P00423000,423.0,0,0.0,0.0,,0.0,normalDay
2021-11-02,8022.0,197.0,0.0,0,461.9,0.0,1,2.74,0.77,SPY211126P00423000,423.0,0,0.0,0.0,,0.0,normalDay
2021-11-03,8022.0,221.0,0.0,0,464.72,0.0,1,2.74,0.53,SPY211126P00423000,423.0,0,0.0,0.0,,0.0,normalDay
2021-11-04,8022.0,223.0,0.0,0,466.91,0.0,1,2.74,0.51,SPY211126P00423000,423.0,0,0.0,0.0,,0.0,normalDay
2021-11-05,8022.0,222.0,0.0,0,468.53,0.0,1,2.74,0.52,SPY211126P00423000,423.0,0,0.0,0.0,,0.0,normalDay
2021-11-08,8022.0,227.0,0.0,0,468.93,0.0,1,2.74,0.47,SPY211126P00423000,423.0,0,0.0,0.0,,0.0,normalDay
2021-11-09,8022.0,227.0,0.0,0,467.38,0.0,1,2.74,0.47,SPY211126P00423000,423.0,0,0.0,0.0,,0.0,normalDay
2021-11-10,8022.0,222.0,0.0,0,463.62,0.0,1,2.74,0.52,SPY211126P00423000,423.0,0,0.0,0.0,,0.0,normalDay
2021-11-11,8022.0,239.0,0.0,0,463.77,0.0,1,2.74,0.35,SPY211126P00423000,423.0,0,0.0,0.0,,0.0,normalDay
2021-11-12,8022.0,253.0,0.0,0,467.27,0.0,1,2.74,0.21,SPY211126P00423000,423.0,0,0.0,0.0,,0.0,normalDay
2021-11-15,8022.0,262.0,0.0,0,467.43,0.0,1,2.74,0.12,SPY211126P00423000,423.0,0,0.0,0.0,,0.0,normalDay
2021-11-16,8022.0,264.0,0.0,0,469.28,0.0,1,2.74,0.1,SPY211126P00423000,423.0,0,0.0,0.0,,0.0,normalDay
2021-11-17,8022.0,266.0,0.0,0,468.14,0.0,1,2.74,0.08,SPY211126P00423000,423.0,0,0.0,0.0,,0.0,normalDay
2021-11-18,8022.0,267.0,0.0,0,469.73,0.0,1,2.74,0.07,SPY211126P00423000,423.0,0,0.0,0.0,,0.0,normalDay
2021-11-19,8022.0,269.0,0.0,0,468.89,0.0,1,2.74,0.05,SPY211126P00423000,423.0,0,0.0,0.0,,0.0,normalDay
2021-11-22,8022.0,270.0,0.0,0,467.57,0.0,1,2.74,0.04,SPY211126P00423000,423.0,0,0.0,0.0,,0.0,normalDay
2021-11-23,8022.0,272.0,0.0,0,468.19,0.0,1,2.74,0.02,SPY211126P00423000,423.0,0,0.0,0.0,,0.0,normalDay
2021-11-24,8022.0,273.0,0.0,0,469.44,0.0,1,2.74,0.01,SPY211126P00423000,423.0,0,0.0,0.0,,0.0,normalDay
2021-11-26,8296.0,0.0,274.0,0,458.97,0.0,1,2.74,0.0,SPY211126P00423000,423.0,0,0.0,0.0,,0.0,expirationDay
2021-11-29,8296.0,-5.0,0.0,0,464.6,0.0,1,10.47,10.52,SPY220121P00458000,458.0,0,0.0,0.0,,0.0,normalDay
2021-11-30,8296.0,-421.0,0.0,0,455.56,0.0,1,10.47,14.68,SPY220121P00458000,458.0,0,0.0,0.0,,0.0,normalDay
2021-12-01,8296.0,-915.0,0.0,0,450.5,0.0,1,10.47,19.62,SPY220121P00458000,458.0,0,0.0,0.0,,0.0,normalDay
2021-12-02,8296.0,-427.0,0.0,0,457.4,0.0,1,10.47,14.74,SPY220121P00458000,458.0,0,0.0,0.0,,0.0,normalDay
2021-12-03,8296.0,-666.0,0.0,0,453.42,0.0,1,10.47,17.13,SPY220121P00458000,458.0,0,0.0,0.0,,0.0,normalDay
2021-12-06,8296.0,-299.0,0.0,0,458.79,0.0,1,10.47,13.46,SPY220121P00458000,458.0,0,0.0,0.0,,0.0,normalDay
2021-12-07,8296.0,219.0,0.0,0,468.28,0.0,1,10.47,8.28,SPY220121P00458000,458.0,0,0.0,0.0,,0.0,normalDay
2021-12-08,8296.0,327.0,0.0,0,469.52,0.0,1,10.47,7.2,SPY220121P00458000,458.0,0,0.0,0.0,,0.0,normalDay
2021-12-09,8296.0,210.0,0.0,0,466.35,0.0,1,10.47,8.37,SPY220121P00458000,458.0,0,0.0,0.0,,0.0,normalDay
2021-12-10,8296.0,428.0,0.0,0,470.74,0.0,1,10.47,6.19,SPY220121P00458000,458.0,0,0.0,0.0,,0.0,normalDay
2021-12-13,8296.0,284.0,0.0,0,466.57,0.0,1,10.47,7.63,SPY220121P00458000,458.0,0,0.0,0.0,,0.0,normalDay
2021-12-14,8296.0,136.0,0.0,0,463.36,0.0,1,10.47,9.11,SPY220121P00458000,458.0,0,0.0,0.0,,0.0,normalDay
2021-12-15,8296.0,469.0,0.0,0,470.6,0.0,1,10.47,5.78,SPY220121P00458000,458.0,0,0.0,0.0,,0.0,normalDay
2021-12-16,8296.0,338.0,0.0,0,466.45,0.0,1,10.47,7.09,SPY220121P00458000,458.0,0,0.0,0.0,,0.0,normalDay
2021-12-17,8296.0,132.0,0.0,0,459.87,0.0,1,10.47,9.15,SPY220121P00458000,458.0,0,0.0,0.0,,0.0,normalDay
2021-12-20,8296.0,-80.0,0.0,0,454.98,0.0,1,10.47,11.27,SPY220121P00458000,458.0,0,0.0,0.0,,0.0,normalDay
2021-12-21,8296.0,295.0,0.0,0,463.06,0.0,1,10.47,7.52,SPY220121P00458000,458.0,0,0.0,0.0,,0.0,normalDay
2021-12-22,8296.0,537.0,0.0,0,467.69,0.0,1,10.47,5.1,SPY220121P00458000,458.0,0,0.0,0.0,,0.0,normalDay
2021-12-23,8296.0,656.0,0.0,0,470.6,0.0,1,10.47,3.91,SPY220121P00458000,458.0,0,0.0,0.0,,0.0,normalDay
2021-12-27,8296.0,816.0,0.0,0,477.26,0.0,1,10.47,2.31,SPY220121P00458000,458.0,0,0.0,0.0,,0.0,normalDay
2021-12-28,8296.0,834.0,0.0,0,476.87,0.0,1,10.47,2.13,SPY220121P00458000,458.0,0,0.0,0.0,,0.0,normalDay
2021-12-29,8296.0,869.0,0.0,0,477.48,0.0,1,10.47,1.78,SPY220121P00458000,458.0,0,0.0,0.0,,0.0,normalDay
2021-12-30,8296.0,847.0,0.0,0,476.16,0.0,1,10.47,2.0,SPY220121P00458000,458.0,0,0.0,0.0,,0.0,normalDay
2021-12-31,8296.0,855.0,0.0,0,474.96,0.0,1,10.47,1.92,SPY220121P00458000,458.0,0,0.0,0.0,,0.0,normalDay
2022-01-03,8296.0,923.0,0.0,0,477.71,0.0,1,10.47,1.24,SPY220121P00458000,458.0,0,0.0,0.0,,0.0,normalDay
2022-01-04,8296.0,924.0,0.0,0,477.55,0.0,1,10.47,1.23,SPY220121P00458000,458.0,0,0.0,0.0,,0.0,normalDay
2022-01-05,8296.0,726.0,0.0,0,468.38,0.0,1,10.47,3.21,SPY220121P00458000,458.0,0,0.0,0.0,,0.0,normalDay
2022-01-06,8296.0,747.0,0.0,0,467.94,0.0,1,10.47,3.0,SPY220121P00458000,458.0,0,0.0,0.0,,0.0,normalDay
2022-01-07,8296.0,778.0,0.0,0,466.09,0.0,1,10.47,2.69,SPY220121P00458000,458.0,0,0.0,0.0,,0.0,normalDay
2022-01-10,8296.0,768.0,0.0,0,465.51,0.0,1,10.47,2.79,SPY220121P00458000,458.0,0,0.0,0.0,,0.0,normalDay
2022-01-11,8296.0,881.0,0.0,0,469.75,0.0,1,10.47,1.66,SPY220121P00458000,458.0,0,0.0,0.0,,0.0,normalDay
2022-01-12,8296.0,946.0,0.0,0,471.02,0.0,1,10.47,1.01,SPY220121P00458000,458.0,0,0.0,0.0,,0.0,normalDay
2022-01-13,8296.0,781.0,0.0,0,464.53,0.0,1,10.47,2.66,SPY220121P00458000,458.0,0,0.0,0.0,,0.0,normalDay
2022-01-14,8296.0,860.0,0.0,0,464.72,0.0,1,10.47,1.87,SPY220121P00458000,458.0,0,0.0,0.0,,0.0,normalDay
2022-01-18,8296.0,558.0,0.0,0,456.49,0.0,1,10.47,4.89,SPY220121P00458000,458.0,0,0.0,0.0,,0.0,normalDay
2022-01-19,8296.0,359.0,0.0,0,451.75,0.0,1,10.47,6.88,SPY220121P00458000,458.0,0,0.0,0.0,,0.0,normalDay
2022-01-20,8296.0,-128.0,0.0,0,446.75,0.0,1,10.47,11.75,SPY220121P00458000,458.0,0,0.0,0.0,,0.0,normalDay
2022-01-21,9343.0,-2002.0,1047.0,100,437.98,458.0,1,10.47,0.0,SPY220121P00458000,458.0,0,0.0,0.0,,0.0,expirationDay
2022-01-24,9343.0,-1819.0,0.0,100,439.84,458.0,0,0.0,0.0,,0.0,1,0.1,0.13,SPY220225C00497000,497.0,normalDay
2022-01-25,9343.0,-2352.0,0.0,100,434.47,458.0,0,0.0,0.0,,0.0,1,0.1,0.09,SPY220225C00497000,497.0,normalDay
2022-01-26,9343.0,-2465.0,0.0,100,433.38,458.0,0,0.0,0.0,,0.0,1,0.1,0.13,SPY220225C00497000,497.0,normalDay
2022-01-27,9343.0,-2674.0,0.0,100,431.24,458.0,0,0.0,0.0,,0.0,1,0.1,0.08,SPY220225C00497000,497.0,normalDay
2022-01-28,9343.0,-1609.0,0.0,100,441.95,458.0,0,0.0,0.0,,0.0,1,0.1,0.14,SPY220225C00497000,497.0,normalDay
2022-01-31,9343.0,-809.0,0.0,100,449.91,458.0,0,0.0,0.0,,0.0,1,0.1,0.1,SPY220225C00497000,497.0,normalDay
2022-02-01,9343.0,-502.0,0.0,100,452.95,458.0,0,0.0,0.0,,0.0,1,0.1,0.07,SPY220225C00497000,497.0,normalDay
2022-02-02,9343.0,-60.0,0.0,100,457.35,458.0,0,0.0,0.0,,0.0,1,0.1,0.05,SPY220225C00497000,497.0,normalDay
2022-02-03,9343.0,-1134.0,0.0,100,446.6,458.0,0,0.0,0.0,,0.0,1,0.1,0.04,SPY220225C00497000,497.0,normalDay
2022-02-04,9343.0,-922.0,0.0,100,448.7,458.0,0,0.0,0.0,,0.0,1,0.1,0.02,SPY220225C00497000,497.0,normalDay
2022-02-07,9343.0,-1066.0,0.0,100,447.26,458.0,0,0.0,0.0,,0.0,1,0.1,0.02,SPY220225C00497000,497.0,normalDay
2022-02-08,9343.0,-698.0,0.0,100,450.94,458.0,0,0.0,0.0,,0.0,1,0.1,0.02,SPY220225C00497000,497.0,normalDay
2022-02-09,9343.0,-39.0,0.0,100,457.54,458.0,0,0.0,0.0,,0.0,1,0.1,0.03,SPY220225C00497000,497.0,normalDay
2022-02-10,9343.0,-860.0,0.0,100,449.32,458.0,0,0.0,0.0,,0.0,1,0.1,0.02,SPY220225C00497000,497.0,normalDay
2022-02-11,9343.0,-1746.0,0.0,100,440.46,458.0,0,0.0,0.0,,0.0,1,0.1,0.02,SPY220225C00497000,497.0,normalDay
2022-02-14,9343.0,-1889.0,0.0,100,439.02,458.0,0,0.0,0.0,,0.0,1,0.1,0.01,SPY220225C00497000,497.0,normalDay
2022-02-15,9343.0,-1182.0,0.0,100,446.1,458.0,0,0.0,0.0,,0.0,1,0.1,0.02,SPY220225C00497000,497.0,normalDay
2022-02-16,9343.0,-1131.0,0.0,100,446.6,458.0,0,0.0,0.0,,0.0,1,0.1,0.01,SPY220225C00497000,497.0,normalDay
2022-02-17,9343.0,-2085.0,0.0,100,437.06,458.0,0,0.0,0.0,,0.0,1,0.1,0.01,SPY220225C00497000,497.0,normalDay
2022-02-18,9343.0,-2368.0,0.0,100,434.23,458.0,0,0.0,0.0,,0.0,1,0.1,0.01,SPY220225C00497000,497.0,normalDay
2022-02-22,9343.0,-2834.0,0.0,100,429.57,458.0,0,0.0,0.0,,0.0,1,0.1,0.01,SPY220225C00497000,497.0,normalDay
2022-02-23,9343.0,-3596.0,0.0,100,421.95,458.0,0,0.0,0.0,,0.0,1,0.1,0.01,SPY220225C00497000,497.0,normalDay
2022-02-24,9343.0,-2961.0,0.0,100,428.3,458.0,0,0.0,0.0,,0.0,1,0.1,0.01,SPY220225C00497000,497.0,normalDay
2022-02-25,9353.0,-2025.0,10.0,100,437.75,458.0,0,0.0,0.0,,0.0,1,0.1,0.0,SPY220225C00497000,497.0,expirationDay
2022-02-28,9353.0,-2143.0,0.0,100,436.63,458.0,0,0.0,0.0,,0.0,1,1.14,1.2,SPY220401C00467000,467.0,normalDay
2022-03-01,9353.0,-2777.0,0.0,100,429.98,458.0,0,0.0,0.0,,0.0,1,1.14,0.89,SPY220401C00467000,467.0,normalDay
2022-03-02,9353.0,-2015.0,0.0,100,437.89,458.0,0,0.0,0.0,,0.0,1,1.14,1.18,SPY220401C00467000,467.0,normalDay
2022-03-03,9353.0,-2198.0,0.0,100,435.71,458.0,0,0.0,0.0,,0.0,1,1.14,0.83,SPY220401C00467000,467.0,normalDay
2022-03-04,9353.0,-2519.0,0.0,100,432.17,458.0,0,0.0,0.0,,0.0,1,1.14,0.5,SPY220401C00467000,467.0,normalDay
2022-03-07,9353.0,-3761.0,0.0,100,419.43,458.0,0,0.0,0.0,,0.0,1,1.14,0.18,SPY220401C00467000,467.0,normalDay
2022-03-08,9353.0,-4077.0,0.0,100,416.25,458.0,0,0.0,0.0,,0.0,1,1.14,0.16,SPY220401C00467000,467.0,normalDay
2022-03-09,9353.0,-2976.0,0.0,100,427.41,458.0,0,0.0,0.0,,0.0,1,1.14,0.31,SPY220401C00467000,467.0,normalDay
2022-03-10,9353.0,-3158.0,0.0,100,425.48,458.0,0,0.0,0.0,,0.0,1,1.14,0.2,SPY220401C00467000,467.0,normalDay
2022-03-11,9353.0,-3693.0,0.0,100,420.07,458.0,0,0.0,0.0,,0.0,1,1.14,0.14,SPY220401C00467000,467.0,normalDay
2022-03-14,9353.0,-3995.0,0.0,100,417.0,458.0,0,0.0,0.0,,0.0,1,1.14,0.09,SPY220401C00467000,467.0,normalDay
2022-03-15,9353.0,-3083.0,0.0,100,426.17,458.0,0,0.0,0.0,,0.0,1,1.14,0.14,SPY220401C00467000,467.0,normalDay
2022-03-16,9353.0,-2146.0,0.0,100,435.62,458.0,0,0.0,0.0,,0.0,1,1.14,0.22,SPY220401C00467000,467.0,normalDay
2022-03-17,9353.0,-1608.0,0.0,100,441.07,458.0,0,0.0,0.0,,0.0,1,1.14,0.29,SPY220401C00467000,467.0,normalDay
2022-03-18,9353.0,-1272.0,0.0,100,444.52,458.0,0,0.0,0.0,,0.0,1,1.14,0.38,SPY220401C00467000,467.0,normalDay
2022-03-21,9353.0,-1269.0,0.0,100,444.39,458.0,0,0.0,0.0,,0.0,1,1.14,0.22,SPY220401C00467000,467.0,normalDay
2022-03-22,9353.0,-766.0,0.0,100,449.59,458.0,0,0.0,0.0,,0.0,1,1.14,0.39,SPY220401C00467000,467.0,normalDay
2022-03-23,9353.0,-1317.0,0.0,100,443.8,458.0,0,0.0,0.0,,0.0,1,1.14,0.11,SPY220401C00467000,467.0,normalDay
2022-03-24,9353.0,-657.0,0.0,100,450.49,458.0,0,0.0,0.0,,0.0,1,1.14,0.2,SPY220401C00467000,467.0,normalDay
2022-03-25,9353.0,-430.0,0.0,100,452.69,458.0,0,0.0,0.0,,0.0,1,1.14,0.13,SPY220401C00467000,467.0,normalDay
2022-03-28,9353.0,-111.0,0.0,100,455.91,458.0,0,0.0,0.0,,0.0,1,1.14,0.16,SPY220401C00467000,467.0,normalDay
2022-03-29,9353.0,405.0,0.0,100,461.55,458.0,0,0.0,0.0,,0.0,1,1.14,0.64,SPY220401C00467000,467.0,normalDay
2022-03-30,9353.0,166.0,0.0,100,458.7,458.0,0,0.0,0.0,,0.0,1,1.14,0.18,SPY220401C00467000,467.0,normalDay
2022-03-31,9353.0,-524.0,0.0,100,451.64,458.0,0,0.0,0.0,,0.0,1,1.14,0.02,SPY220401C00467000,467.0,normalDay
2022-04-01,9467.0,-508.0,114.0,100,452.92,458.0,0,0.0,0.0,,0.0,1,1.14,0.0,SPY220401C00467000,467.0,expirationDay
2022-04-04,9467.0,-123.0,0.0,100,456.8,458.0,0,0.0,0.0,,0.0,1,0.76,0.79,SPY220506C00478000,478.0,normalDay
2022-04-05,9467.0,-665.0,0.0,100,451.03,458.0,0,0.0,0.0,,0.0,1,0.76,0.44,SPY220506C00478000,478.0,normalDay
2022-04-06,9467.0,-1092.0,0.0,100,446.52,458.0,0,0.0,0.0,,0.0,1,0.76,0.2,SPY220506C00478000,478.0,normalDay
2022-04-07,9467.0,-871.0,0.0,100,448.77,458.0,0,0.0,0.0,,0.0,1,0.76,0.24,SPY220506C00478000,478.0,normalDay
2022-04-08,9467.0,-985.0,0.0,100,447.57,458.0,0,0.0,0.0,,0.0,1,0.76,0.18,SPY220506C00478000,478.0,normalDay
2022-04-11,9467.0,-1740.0,0.0,100,439.92,458.0,0,0.0,0.0,,0.0,1,0.76,0.08,SPY220506C00478000,478.0,normalDay
2022-04-12,9467.0,-1901.0,0.0,100,438.29,458.0,0,0.0,0.0,,0.0,1,0.76,0.06,SPY220506C00478000,478.0,normalDay
2022-04-13,9467.0,-1400.0,0.0,100,443.31,458.0,0,0.0,0.0,,0.0,1,0.76,0.07,SPY220506C00478000,478.0,normalDay
2022-04-14,9467.0,-1948.0,0.0,100,437.79,458.0,0,0.0,0.0,,0.0,1,0.76,0.03,SPY220506C00478000,478.0,normalDay
2022-04-18,9467.0,-1930.0,0.0,100,437.97,458.0,0,0.0,0.0,,0.0,1,0.76,0.03,SPY220506C00478000,478.0,normalDay
2022-04-19,9467.0,-1224.0,0.0,100,445.04,458.0,0,0.0,0.0,,0.0,1,0.76,0.04,SPY220506C00478000,478.0,normalDay
2022-04-20,9467.0,-1256.0,0.0,100,444.71,458.0,0,0.0,0.0,,0.0,1,0.76,0.03,SPY220506C00478000,478.0,normalDay
2022-04-21,9467.0,-1920.0,0.0,100,438.06,458.0,0,0.0,0.0,,0.0,1,0.76,0.02,SPY220506C00478000,478.0,normalDay
2022-04-22,9467.0,-3122.0,0.0,100,426.04,458.0,0,0.0,0.0,,0.0,1,0.76,0.02,SPY220506C00478000,478.0,normalDay
2022-04-25,9467.0,-2874.0,0.0,100,428.51,458.0,0,0.0,0.0,,0.0,1,0.76,0.01,SPY220506C00478000,478.0,normalDay
2022-04-26,9467.0,-4116.0,0.0,100,416.1,458.0,0,0.0,0.0,,0.0,1,0.76,0.02,SPY220506C00478000,478.0,normalDay
2022-04-27,9467.0,-3998.0,0.0,100,417.27,458.0,0,0.0,0.0,,0.0,1,0.76,0.01,SPY220506C00478000,478.0,normalDay
2022-04-28,9467.0,-2944.0,0.0,100,427.81,458.0,0,0.0,0.0,,0.0,1,0.76,0.01,SPY220506C00478000,478.0,normalDay
2022-04-29,9467.0,-4525.0,0.0,100,412.0,458.0,0,0.0,0.0,,0.0,1,0.76,0.01,SPY220506C00478000,478.0,normalDay
2022-05-02,9467.0,-4277.0,0.0,100,414.48,458.0,0,0.0,0.0,,0.0,1,0.76,0.01,SPY220506C00478000,478.0,normalDay
2022-05-03,9467.0,-4087.0,0.0,100,416.38,458.0,0,0.0,0.0,,0.0,1,0.76,0.01,SPY220506C00478000,478.0,normalDay
2022-05-04,9467.0,-2819.0,0.0,100,429.06,458.0,0,0.0,0.0,,0.0,1,0.76,0.01,SPY220506C00478000,478.0,normalDay
2022-05-05,9467.0,-4344.0,0.0,100,413.81,458.0,0,0.0,0.0,,0.0,1,0.76,0.01,SPY220506C00478000,478.0,normalDay
2022-05-06,9543.0,-4666.0,76.0,100,411.34,458.0,0,0.0,0.0,,0.0,1,0.76,0.0,SPY220506C00478000,478.0,expirationDay
2022-05-09,9543.0,-5986.0,0.0,100,398.17,458.0,0,0.0,0.0,,0.0,1,0.17,0.2,SPY220610C00460000,460.0,normalDay
2022-05-10,9543.0,-5886.0,0.0,100,399.09,458.0,0,0.0,0.0,,0.0,1,0.17,0.12,SPY220610C00460000,460.0,normalDay
2022-05-11,9543.0,-6518.0,0.0,100,392.75,458.0,0,0.0,0.0,,0.0,1,0.17,0.1,SPY220610C00460000,460.0,normalDay
2022-05-12,9543.0,-6558.0,0.0,100,392.34,458.0,0,0.0,0.0,,0.0,1,0.17,0.09,SPY220610C00460000,460.0,normalDay
2022-05-13,9543.0,-5618.0,0.0,100,401.72,458.0,0,0.0,0.0,,0.0,1,0.17,0.07,SPY220610C00460000,460.0,normalDay
2022-05-16,9543.0,-5778.0,0.0,100,400.09,458.0,0,0.0,0.0,,0.0,1,0.17,0.04,SPY220610C00460000,460.0,normalDay
2022-05-17,9543.0,-4956.0,0.0,100,408.32,458.0,0,0.0,0.0,,0.0,1,0.17,0.05,SPY220610C00460000,460.0,normalDay
2022-05-18,9543.0,-6600.0,0.0,100,391.86,458.0,0,0.0,0.0,,0.0,1,0.17,0.03,SPY220610C00460000,460.0,normalDay
2022-05-19,9543.0,-6840.0,0.0,100,389.46,458.0,0,0.0,0.0,,0.0,1,0.17,0.03,SPY220610C00460000,460.0,normalDay
2022-05-20,9543.0,-6823.0,0.0,100,389.63,458.0,0,0.0,0.0,,0.0,1,0.17,0.03,SPY220610C00460000,460.0,normalDay
2022-05-23,9543.0,-6094.0,0.0,100,396.92,458.0,0,0.0,0.0,,0.0,1,0.17,0.03,SPY220610C00460000,460.0,normalDay
2022-05-24,9543.0,-6397.0,0.0,100,393.89,458.0,0,0.0,0.0,,0.0,1,0.17,0.03,SPY220610C00460000,460.0,normalDay
2022-05-25,9543.0,-6049.0,0.0,100,397.37,458.0,0,0.0,0.0,,0.0,1,0.17,0.03,SPY220610C00460000,460.0,normalDay
2022-05-26,9543.0,-5255.0,0.0,100,405.31,458.0,0,0.0,0.0,,0.0,1,0.17,0.03,SPY220610C00460000,460.0,normalDay
2022-05-27,9543.0,-4262.0,0.0,100,415.26,458.0,0,0.0,0.0,,0.0,1,0.17,0.05,SPY220610C00460000,460.0,normalDay
2022-05-31,9543.0,-4493.0,0.0,100,412.93,458.0,0,0.0,0.0,,0.0,1,0.17,0.03,SPY220610C00460000,460.0,normalDay
2022-06-01,9543.0,-4826.0,0.0,100,409.59,458.0,0,0.0,0.0,,0.0,1,0.17,0.02,SPY220610C00460000,460.0,normalDay
2022-06-02,9543.0,-4046.0,0.0,100,417.39,458.0,0,0.0,0.0,,0.0,1,0.17,0.02,SPY220610C00460000,460.0,normalDay
2022-06-03,9543.0,-4731.0,0.0,100,410.54,458.0,0,0.0,0.0,,0.0,1,0.17,0.02,SPY220610C00460000,460.0,normalDay
2022-06-06,9543.0,-4605.0,0.0,100,411.79,458.0,0,0.0,0.0,,0.0,1,0.17,0.01,SPY220610C00460000,460.0,normalDay
2022-06-07,9543.0,-4210.0,0.0,100,415.74,458.0,0,0.0,0.0,,0.0,1,0.17,0.01,SPY220610C00460000,460.0,normalDay
2022-06-08,9543.0,-4662.0,0.0,100,411.22,458.0,0,0.0,0.0,,0.0,1,0.17,0.01,SPY220610C00460000,460.0,normalDay
2022-06-09,9543.0,-5640.0,0.0,100,401.44,458.0,0,0.0,0.0,,0.0,1,0.17,0.01,SPY220610C00460000,460.0,normalDay
2022-06-10,9560.0,-6820.0,17.0,100,389.8,458.0,0,0.0,0.0,,0.0,1,0.17,0.0,SPY220610C00460000,460.0,expirationDay
2022-06-13,9560.0,-8303.0,0.0,100,375.0,458.0,0,0.0,0.0,,0.0,1,0.24,0.27,SPY220715C00431000,431.0,normalDay
2022-06-14,9560.0,-8411.0,0.0,100,373.87,458.0,0,0.0,0.0,,0.0,1,0.24,0.22,SPY220715C00431000,431.0,normalDay
2022-06-15,9560.0,-7880.0,0.0,100,379.2,458.0,0,0.0,0.0,,0.0,1,0.24,0.24,SPY220715C00431000,431.0,normalDay
2022-06-16,9560.0,-9123.0,0.0,100,366.65,458.0,0,0.0,0.0,,0.0,1,0.24,0.12,SPY220715C00431000,431.0,normalDay
2022-06-17,9560.0,-9204.0,0.0,100,365.86,458.0,0,0.0,0.0,,0.0,1,0.24,0.14,SPY220715C00431000,431.0,normalDay
2022-06-21,9560.0,-8282.0,0.0,100,375.07,458.0,0,0.0,0.0,,0.0,1,0.24,0.13,SPY220715C00431000,431.0,normalDay
2022-06-22,9560.0,-8350.0,0.0,100,374.39,458.0,0,0.0,0.0,,0.0,1,0.24,0.13,SPY220715C00431000,431.0,normalDay
2022-06-23,9560.0,-7982.0,0.0,100,378.06,458.0,0,0.0,0.0,,0.0,1,0.24,0.12,SPY220715C00431000,431.0,normalDay
2022-06-24,9560.0,-6790.0,0.0,100,390.08,458.0,0,0.0,0.0,,0.0,1,0.24,0.22,SPY220715C00431000,431.0,normalDay
2022-06-27,9560.0,-6936.0,0.0,100,388.59,458.0,0,0.0,0.0,,0.0,1,0.24,0.19,SPY220715C00431000,431.0,normalDay
2022-06-28,9560.0,-7719.0,0.0,100,380.65,458.0,0,0.0,0.0,,0.0,1,0.24,0.08,SPY220715C00431000,431.0,normalDay
2022-06-29,9560.0,-7749.0,0.0,100,380.34,458.0,0,0.0,0.0,,0.0,1,0.24,0.07,SPY220715C00431000,431.0,normalDay
2022-06-30,9560.0,-8055.0,0.0,100,377.25,458.0,0,0.0,0.0,,0.0,1,0.24,0.04,SPY220715C00431000,431.0,normalDay
2022-07-01,9560.0,-7655.0,0.0,100,381.24,458.0,0,0.0,0.0,,0.0,1,0.24,0.03,SPY220715C00431000,431.0,normalDay
2022-07-05,9560.0,-7582.0,0.0,100,381.96,458.0,0,0.0,0.0,,0.0,1,0.24,0.02,SPY220715C00431000,431.0,normalDay
2022-07-06,9560.0,-7453.0,0.0,100,383.25,458.0,0,0.0,0.0,,0.0,1,0.24,0.02,SPY220715C00431000,431.0,normalDay
2022-07-07,9560.0,-6878.0,0.0,100,388.99,458.0,0,0.0,0.0,,0.0,1,0.24,0.01,SPY220715C00431000,431.0,normalDay
2022-07-08,9560.0,-6910.0,0.0,100,388.67,458.0,0,0.0,0.0,,0.0,1,0.24,0.01,SPY220715C00431000,431.0,normalDay
2022-07-11,9560.0,-7354.0,0.0,100,384.23,458.0,0,0.0,0.0,,0.0,1,0.24,0.01,SPY220715C00431000,431.0,normalDay
2022-07-12,9560.0,-7694.0,0.0,100,380.83,458.0,0,0.0,0.0,,0.0,1,0.24,0.01,SPY220715C00431000,431.0,normalDay
2022-07-13,9560.0,-7894.0,0.0,100,378.83,458.0,0,0.0,0.0,,0.0,1,0.24,0.01,SPY220715C00431000,431.0,normalDay
2022-07-14,9560.0,-7986.0,0.0,100,377.91,458.0,0,0.0,0.0,,0.0,1,0.24,0.01,SPY220715C00431000,431.0,normalDay
2022-07-15,9584.0,-7287.0,24.0,100,385.13,458.0,0,0.0,0.0,,0.0,1,0.24,0.0,SPY220715C00431000,431.0,expirationDay
2022-07-18,9584.0,-7608.0,0.0,100,381.95,458.0,0,0.0,0.0,,0.0,1,4.35,4.38,SPY220819C00396000,396.0,normalDay
2022-07-19,9584.0,-7023.0,0.0,100,392.27,458.0,0,0.0,0.0,,0.0,1,4.35,8.85,SPY220819C00396000,396.0,normalDay
2022-07-20,9584.0,-6871.0,0.0,100,394.77,458.0,0,0.0,0.0,,0.0,1,4.35,9.83,SPY220819C00396000,396.0,normalDay
2022-07-21,9584.0,-6601.0,0.0,100,398.79,458.0,0,0.0,0.0,,0.0,1,4.35,11.15,SPY220819C00396000,396.0,normalDay
2022-07-22,9584.0,-6724.0,0.0,100,395.09,458.0,0,0.0,0.0,,0.0,1,4.35,8.68,SPY220819C00396000,396.0,normalDay
2022-07-25,9584.0,-6705.0,0.0,100,395.57,458.0,0,0.0,0.0,,0.0,1,4.35,8.97,SPY220819C00396000,396.0,normalDay
2022-07-26,9584.0,-6980.0,0.0,100,390.89,458.0,0,0.0,0.0,,0.0,1,4.35,7.04,SPY220819C00396000,396.0,normalDay
2022-07-27,9584.0,-6374.0,0.0,100,401.04,458.0,0,0.0,0.0,,0.0,1,4.35,11.13,SPY220819C00396000,396.0,normalDay
2022-07-28,9584.0,-6310.0,0.0,100,406.07,458.0,0,0.0,0.0,,0.0,1,4.35,15.52,SPY220819C00396000,396.0,normalDay
2022-07-29,9584.0,-6078.0,0.0,100,411.99,458.0,0,0.0,0.0,,0.0,1,4.35,19.12,SPY220819C00396000,396.0,normalDay
2022-08-01,9584.0,-6103.0,0.0,100,410.77,458.0,0,0.0,0.0,,0.0,1,4.35,18.15,SPY220819C00396000,396.0,normalDay
2022-08-02,9584.0,-6153.0,0.0,100,408.06,458.0,0,0.0,0.0,,0.0,1,4.35,15.94,SPY220819C00396000,396.0,normalDay
2022-08-03,9584.0,-5956.0,0.0,100,414.45,458.0,0,0.0,0.0,,0.0,1,4.35,20.36,SPY220819C00396000,396.0,normalDay
2022-08-04,9584.0,-5976.0,0.0,100,414.17,458.0,0,0.0,0.0,,0.0,1,4.35,20.28,SPY220819C00396000,396.0,normalDay
2022-08-05,9584.0,-5906.0,0.0,100,413.47,458.0,0,0.0,0.0,,0.0,1,4.35,18.88,SPY220819C00396000,396.0,normalDay
2022-08-08,9584.0,-5928.0,0.0,100,412.99,458.0,0,0.0,0.0,,0.0,1,4.35,18.62,SPY220819C00396000,396.0,normalDay
2022-08-09,9584.0,-5951.0,0.0,100,411.35,458.0,0,0.0,0.0,,0.0,1,4.35,17.21,SPY220819C00396000,396.0,normalDay
2022-08-10,9584.0,-5799.0,0.0,100,419.99,458.0,0,0.0,0.0,,0.0,1,4.35,24.33,SPY220819C00396000,396.0,normalDay
2022-08-11,9584.0,-5866.0,0.0,100,419.99,458.0,0,0.0,0.0,,0.0,1,4.35,25.0,SPY220819C00396000,396.0,normalDay
2022-08-12,9584.0,-5776.0,0.0,100,427.1,458.0,0,0.0,0.0,,0.0,1,4.35,31.21,SPY220819C00396000,396.0,normalDay
2022-08-15,9584.0,-5770.0,0.0,100,428.86,458.0,0,0.0,0.0,,0.0,1,4.35,32.91,SPY220819C00396000,396.0,normalDay
2022-08-16,9584.0,-5758.0,0.0,100,429.7,458.0,0,0.0,0.0,,0.0,1,4.35,33.63,SPY220819C00396000,396.0,normalDay
2022-08-17,9584.0,-5803.0,0.0,100,426.65,458.0,0,0.0,0.0,,0.0,1,4.35,31.03,SPY220819C00396000,396.0,normalDay
2022-08-18,9584.0,-5765.0,0.0,100,427.89,458.0,0,0.0,0.0,,0.0,1,4.35,31.89,SPY220819C00396000,396.0,normalDay
2022-08-19,3819.0,-5765.0,-5765.0,0,422.14,0.0,0,0.0,0.0,,0.0,1,4.35,0.0,SPY220819C00396000,396.0,expirationDay
2022-08-22,3819.0,-4.0,0.0,0,413.35,0.0,1,4.79,4.83,SPY220930P00390000,390.0,0,0.0,0.0,,0.0,normalDay
2022-08-23,3819.0,-20.0,0.0,0,412.35,0.0,1,4.79,4.99,SPY220930P00390000,390.0,0,0.0,0.0,,0.0,normalDay
2022-08-24,3819.0,59.0,0.0,0,413.67,0.0,1,4.79,4.2,SPY220930P00390000,390.0,0,0.0,0.0,,0.0,normalDay
2022-08-25,3819.0,183.0,0.0,0,419.51,0.0,1,4.79,2.96,SPY220930P00390000,390.0,0,0.0,0.0,,0.0,normalDay
2022-08-26,3819.0,-175.0,0.0,0,405.31,0.0,1,4.79,6.54,SPY220930P00390000,390.0,0,0.0,0.0,,0.0,normalDay
2022-08-29,3819.0,-219.0,0.0,0,402.63,0.0,1,4.79,6.98,SPY220930P00390000,390.0,0,0.0,0.0,,0.0,normalDay
2022-08-30,3819.0,-342.0,0.0,0,398.21,0.0,1,4.79,8.21,SPY220930P00390000,390.0,0,0.0,0.0,,0.0,normalDay
2022-08-31,3819.0,-409.0,0.0,0,395.18,0.0,1,4.79,8.88,SPY220930P00390000,390.0,0,0.0,0.0,,0.0,normalDay
2022-09-01,3819.0,-329.0,0.0,0,396.42,0.0,1,4.79,8.08,SPY220930P00390000,390.0,0,0.0,0.0,,0.0,normalDay
2022-09-02,3819.0,-462.0,0.0,0,392.24,0.0,1,4.79,9.41,SPY220930P00390000,390.0,0,0.0,0.0,,0.0,normalDay
2022-09-06,3819.0,-543.0,0.0,0,390.76,0.0,1,4.79,10.22,SPY220930P00390000,390.0,0,0.0,0.0,,0.0,normalDay
2022-09-07,3819.0,-185.0,0.0,0,397.78,0.0,1,4.79,6.64,SPY220930P00390000,390.0,0,0.0,0.0,,0.0,normalDay
2022-09-08,3819.0,-28.0,0.0,0,400.38,0.0,1,4.79,5.07,SPY220930P00390000,390.0,0,0.0,0.0,,0.0,normalDay
2022-09-09,3819.0,145.0,0.0,0,406.6,0.0,1,4.79,3.34,SPY220930P00390000,390.0,0,0.0,0.0,,0.0,normalDay
2022-09-12,3819.0,242.0,0.0,0,410.97,0.0,1,4.79,2.37,SPY220930P00390000,390.0,0,0.0,0.0,,0.0,normalDay
2022-09-13,3819.0,-261.0,0.0,0,393.1,0.0,1,4.79,7.4,SPY220930P00390000,390.0,0,0.0,0.0,,0.0,normalDay
2022-09-14,3819.0,-188.0,0.0,0,394.6,0.0,1,4.79,6.67,SPY220930P00390000,390.0,0,0.0,0.0,,0.0,normalDay
2022-09-15,3819.0,-314.0,0.0,0,390.12,0.0,1,4.79,7.93,SPY220930P00390000,390.0,0,0.0,0.0,,0.0,normalDay
2022-09-16,3819.0,-457.0,0.0,0,385.56,0.0,1,4.79,9.36,SPY220930P00390000,390.0,0,0.0,0.0,,0.0,normalDay
2022-09-19,3819.0,-279.0,0.0,0,388.55,0.0,1,4.79,7.58,SPY220930P00390000,390.0,0,0.0,0.0,,0.0,normalDay
2022-09-20,3819.0,-511.0,0.0,0,384.09,0.0,1,4.79,9.9,SPY220930P00390000,390.0,0,0.0,0.0,,0.0,normalDay
2022-09-21,3819.0,-977.0,0.0,0,377.39,0.0,1,4.79,14.56,SPY220930P00390000,390.0,0,0.0,0.0,,0.0,normalDay
2022-09-22,3819.0,-1155.0,0.0,0,374.22,0.0,1,4.79,16.34,SPY220930P00390000,390.0,0,0.0,0.0,,0.0,normalDay
2022-09-23,3819.0,-1805.0,0.0,0,367.95,0.0,1,4.79,22.84,SPY220930P00390000,390.0,0,0.0,0.0,,0.0,normalDay
2022-09-26,3819.0,-2166.0,0.0,0,364.31,0.0,1,4.79,26.45,SPY220930P00390000,390.0,0,0.0,0.0,,0.0,normalDay
2022-09-27,3819.0,-2202.0,0.0,0,363.38,0.0,1,4.79,26.81,SPY220930P00390000,390.0,0,0.0,0.0,,0.0,normalDay
2022-09-28,3819.0,-1486.0,0.0,0,370.53,0.0,1,4.79,19.65,SPY220930P00390000,390.0,0,0.0,0.0,,0.0,normalDay
2022-09-29,3819.0,-2241.0,0.0,0,362.79,0.0,1,4.79,27.2,SPY220930P00390000,390.0,0,0.0,0.0,,0.0,normalDay
2022-09-30,4298.0,-3282.0,479.0,100,357.18,390.0,1,4.79,0.0,SPY220930P00390000,390.0,0,0.0,0.0,,0.0,expirationDay
2022-10-03,4298.0,-2342.0,0.0,100,366.61,390.0,0,0.0,0.0,,0.0,1,0.23,0.26,SPY221104C00420000,420.0,normalDay
2022-10-04,4298.0,-1243.0,0.0,100,377.97,390.0,0,0.0,0.0,,0.0,1,0.23,0.63,SPY221104C00420000,420.0,normalDay
2022-10-05,4298.0,-1316.0,0.0,100,377.09,390.0,0,0.0,0.0,,0.0,1,0.23,0.48,SPY221104C00420000,420.0,normalDay
2022-10-06,4298.0,-1693.0,0.0,100,373.2,390.0,0,0.0,0.0,,0.0,1,0.23,0.36,SPY221104C00420000,420.0,normalDay
2022-10-07,4298.0,-2712.0,0.0,100,362.79,390.0,0,0.0,0.0,,0.0,1,0.23,0.14,SPY221104C00420000,420.0,normalDay
2022-10-10,4298.0,-2987.0,0.0,100,360.02,390.0,0,0.0,0.0,,0.0,1,0.23,0.12,SPY221104C00420000,420.0,normalDay
2022-10-11,4298.0,-3215.0,0.0,100,357.74,390.0,0,0.0,0.0,,0.0,1,0.23,0.12,SPY221104C00420000,420.0,normalDay
2022-10-12,4298.0,-3332.0,0.0,100,356.56,390.0,0,0.0,0.0,,0.0,1,0.23,0.11,SPY221104C00420000,420.0,normalDay
2022-10-13,4298.0,-2402.0,0.0,100,365.97,390.0,0,0.0,0.0,,0.0,1,0.23,0.22,SPY221104C00420000,420.0,normalDay
2022-10-14,4298.0,-3223.0,0.0,100,357.63,390.0,0,0.0,0.0,,0.0,1,0.23,0.09,SPY221104C00420000,420.0,normalDay
2022-10-17,4298.0,-2308.0,0.0,100,366.82,390.0,0,0.0,0.0,,0.0,1,0.23,0.13,SPY221104C00420000,420.0,normalDay
2022-10-18,4298.0,-1882.0,0.0,100,371.13,390.0,0,0.0,0.0,,0.0,1,0.23,0.18,SPY221104C00420000,420.0,normalDay
2022-10-19,4298.0,-2139.0,0.0,100,368.5,390.0,0,0.0,0.0,,0.0,1,0.23,0.12,SPY221104C00420000,420.0,normalDay
2022-10-20,4298.0,-2442.0,0.0,100,365.41,390.0,0,0.0,0.0,,0.0,1,0.23,0.06,SPY221104C00420000,420.0,normalDay
2022-10-21,4298.0,-1563.0,0.0,100,374.29,390.0,0,0.0,0.0,,0.0,1,0.23,0.15,SPY221104C00420000,420.0,normalDay
2022-10-24,4298.0,-1107.0,0.0,100,378.87,390.0,0,0.0,0.0,,0.0,1,0.23,0.17,SPY221104C00420000,420.0,normalDay
2022-10-25,4298.0,-501.0,0.0,100,384.92,390.0,0,0.0,0.0,,0.0,1,0.23,0.16,SPY221104C00420000,420.0,normalDay
2022-10-26,4298.0,-783.0,0.0,100,382.02,390.0,0,0.0,0.0,,0.0,1,0.23,0.08,SPY221104C00420000,420.0,normalDay
2022-10-27,4298.0,-982.0,0.0,100,379.98,390.0,0,0.0,0.0,,0.0,1,0.23,0.03,SPY221104C00420000,420.0,normalDay
2022-10-28,4298.0,-82.0,0.0,100,389.02,390.0,0,0.0,0.0,,0.0,1,0.23,0.07,SPY221104C00420000,420.0,normalDay
2022-10-31,4298.0,-359.0,0.0,100,386.21,390.0,0,0.0,0.0,,0.0,1,0.23,0.03,SPY221104C00420000,420.0,normalDay
2022-11-01,4298.0,-527.0,0.0,100,384.52,390.0,0,0.0,0.0,,0.0,1,0.23,0.02,SPY221104C00420000,420.0,normalDay
2022-11-02,4298.0,-1491.0,0.0,100,374.87,390.0,0,0.0,0.0,,0.0,1,0.23,0.01,SPY221104C00420000,420.0,normalDay
2022-11-03,4298.0,-1877.0,0.0,100,371.01,390.0,0,0.0,0.0,,0.0,1,0.23,0.01,SPY221104C00420000,420.0,normalDay
2022-11-04,4321.0,-1365.0,23.0,100,376.35,390.0,0,0.0,0.0,,0.0,1,0.23,0.0,SPY221104C00420000,420.0,expirationDay
2022-11-07,4321.0,-1009.0,0.0,100,379.95,390.0,0,0.0,0.0,,0.0,1,3.79,3.83,SPY221209C00398000,398.0,normalDay
2022-11-08,4321.0,-854.0,0.0,100,382.0,390.0,0,0.0,0.0,,0.0,1,3.79,4.33,SPY221209C00398000,398.0,normalDay
2022-11-09,4321.0,-1453.0,0.0,100,374.13,390.0,0,0.0,0.0,,0.0,1,3.79,2.45,SPY221209C00398000,398.0,normalDay
2022-11-10,4321.0,-47.0,0.0,100,394.69,390.0,0,0.0,0.0,,0.0,1,3.79,8.95,SPY221209C00398000,398.0,normalDay
2022-11-11,4321.0,249.0,0.0,100,398.51,390.0,0,0.0,0.0,,0.0,1,3.79,9.81,SPY221209C00398000,398.0,normalDay
2022-11-14,4321.0,86.0,0.0,100,395.12,390.0,0,0.0,0.0,,0.0,1,3.79,8.05,SPY221209C00398000,398.0,normalDay
2022-11-15,4321.0,274.0,0.0,100,398.49,390.0,0,0.0,0.0,,0.0,1,3.79,9.54,SPY221209C00398000,398.0,normalDay
2022-11-16,4321.0,173.0,0.0,100,395.45,390.0,0,0.0,0.0,,0.0,1,3.79,7.51,SPY221209C00398000,398.0,normalDay
2022-11-17,4321.0,148.0,0.0,100,394.24,390.0,0,0.0,0.0,,0.0,1,3.79,6.55,SPY221209C00398000,398.0,normalDay
2022-11-18,4321.0,316.0,0.0,100,396.03,390.0,0,0.0,0.0,,0.0,1,3.79,6.66,SPY221209C00398000,398.0,normalDay
2022-11-21,4321.0,301.0,0.0,100,394.59,390.0,0,0.0,0.0,,0.0,1,3.79,5.37,SPY221209C00398000,398.0,normalDay
2022-11-22,4321.0,616.0,0.0,100,399.9,390.0,0,0.0,0.0,,0.0,1,3.79,7.53,SPY221209C00398000,398.0,normalDay
2022-11-23,4321.0,757.0,0.0,100,402.42,390.0,0,0.0,0.0,,0.0,1,3.79,8.64,SPY221209C00398000,398.0,normalDay
2022-11-25,4321.0,660.0,0.0,100,402.33,390.0,0,0.0,0.0,,0.0,1,3.79,9.52,SPY221209C00398000,398.0,normalDay
2022-11-28,4321.0,521.0,0.0,100,395.91,390.0,0,0.0,0.0,,0.0,1,3.79,4.49,SPY221209C00398000,398.0,normalDay
2022-11-29,4321.0,507.0,0.0,100,395.23,390.0,0,0.0,0.0,,0.0,1,3.79,3.95,SPY221209C00398000,398.0,normalDay
2022-11-30,4321.0,978.0,0.0,100,407.68,390.0,0,0.0,0.0,,0.0,1,3.79,11.69,SPY221209C00398000,398.0,normalDay
2022-12-01,4321.0,1062.0,0.0,100,407.38,390.0,0,0.0,0.0,,0.0,1,3.79,10.55,SPY221209C00398000,398.0,normalDay
2022-12-02,4321.0,1121.0,0.0,100,406.91,390.0,0,0.0,0.0,,0.0,1,3.79,9.49,SPY221209C00398000,398.0,normalDay
2022-12-05,4321.0,914.0,0.0,100,399.59,390.0,0,0.0,0.0,,0.0,1,3.79,4.24,SPY221209C00398000,398.0,normalDay
2022-12-06,4321.0,614.0,0.0,100,393.83,390.0,0,0.0,0.0,,0.0,1,3.79,1.48,SPY221209C00398000,398.0,normalDay
2022-12-07,4321.0,609.0,0.0,100,393.16,390.0,0,0.0,0.0,,0.0,1,3.79,0.86,SPY221209C00398000,398.0,normalDay
2022-12-08,4321.0,870.0,0.0,100,396.24,390.0,0,0.0,0.0,,0.0,1,3.79,1.33,SPY221209C00398000,398.0,normalDay
2022-12-09,4700.0,328.0,379.0,100,393.28,390.0,0,0.0,0.0,,0.0,1,3.79,0.0,SPY221209C00398000,398.0,expirationDay
2022-12-12,4700.0,888.0,0.0,100,398.95,390.0,0,0.0,0.0,,0.0,1,5.57,5.64,SPY230113C00410000,410.0,normalDay
2022-12-13,4700.0,1154.0,0.0,100,401.97,390.0,0,0.0,0.0,,0.0,1,5.57,6.0,SPY230113C00410000,410.0,normalDay
2022-12-14,4700.0,1053.0,0.0,100,399.4,390.0,0,0.0,0.0,,0.0,1,5.57,4.44,SPY230113C00410000,410.0,normalDay
2022-12-15,4700.0,346.0,0.0,100,389.63,390.0,0,0.0,0.0,,0.0,1,5.57,1.74,SPY230113C00410000,410.0,normalDay
2022-12-16,4700.0,-210.0,0.0,100,383.27,390.0,0,0.0,0.0,,0.0,1,5.57,0.94,SPY230113C00410000,410.0,normalDay
2022-12-19,4700.0,-501.0,0.0,100,380.02,390.0,0,0.0,0.0,,0.0,1,5.57,0.6,SPY230113C00410000,410.0,normalDay
2022-12-20,4700.0,-444.0,0.0,100,380.54,390.0,0,0.0,0.0,,0.0,1,5.57,0.55,SPY230113C00410000,410.0,normalDay
2022-12-21,4700.0,94.0,0.0,100,386.23,390.0,0,0.0,0.0,,0.0,1,5.57,0.86,SPY230113C00410000,410.0,normalDay
2022-12-22,4700.0,-420.0,0.0,100,380.72,390.0,0,0.0,0.0,,0.0,1,5.57,0.49,SPY230113C00410000,410.0,normalDay
2022-12-23,4700.0,-198.0,0.0,100,382.91,390.0,0,0.0,0.0,,0.0,1,5.57,0.46,SPY230113C00410000,410.0,normalDay
2022-12-27,4700.0,-337.0,0.0,100,381.4,390.0,0,0.0,0.0,,0.0,1,5.57,0.34,SPY230113C00410000,410.0,normalDay
2022-12-28,4700.0,-795.0,0.0,100,376.66,390.0,0,0.0,0.0,,0.0,1,5.57,0.18,SPY230113C00410000,410.0,normalDay
2022-12-29,4700.0,-127.0,0.0,100,383.44,390.0,0,0.0,0.0,,0.0,1,5.57,0.28,SPY230113C00410000,410.0,normalDay
2022-12-30,4700.0,-219.0,0.0,100,382.43,390.0,0,0.0,0.0,,0.0,1,5.57,0.19,SPY230113C00410000,410.0,normalDay
2023-01-03,4700.0,-371.0,0.0,100,380.82,390.0,0,0.0,0.0,,0.0,1,5.57,0.1,SPY230113C00410000,410.0,normalDay
2023-01-04,4700.0,-79.0,0.0,100,383.76,390.0,0,0.0,0.0,,0.0,1,5.57,0.12,SPY230113C00410000,410.0,normalDay
2023-01-05,4700.0,-511.0,0.0,100,379.38,390.0,0,0.0,0.0,,0.0,1,5.57,0.06,SPY230113C00410000,410.0,normalDay
2023-01-06,4700.0,356.0,0.0,100,388.08,390.0,0,0.0,0.0,,0.0,1,5.57,0.09,SPY230113C00410000,410.0,normalDay
2023-01-09,4700.0,335.0,0.0,100,387.86,390.0,0,0.0,0.0,,0.0,1,5.57,0.08,SPY230113C00410000,410.0,normalDay
2023-01-10,4700.0,607.0,0.0,100,390.58,390.0,0,0.0,0.0,,0.0,1,5.57,0.08,SPY230113C00410000,410.0,normalDay
2023-01-11,4700.0,1086.0,0.0,100,395.52,390.0,0,0.0,0.0,,0.0,1,5.57,0.23,SPY230113C00410000,410.0,normalDay
2023-01-12,4700.0,1251.0,0.0,100,396.96,390.0,0,0.0,0.0,,0.0,1,5.57,0.02,SPY230113C00410000,410.0,normalDay
2023-01-13,5257.0,850.0,557.0,100,398.5,390.0,0,0.0,0.0,,0.0,1,5.57,0.0,SPY230113C00410000,410.0,expirationDay
2023-01-17,5257.0,772.0,0.0,100,397.77,390.0,0,0.0,0.0,,0.0,1,6.3,6.35,SPY230217C00403000,403.0,normalDay
2023-01-18,5257.0,394.0,0.0,100,391.49,390.0,0,0.0,0.0,,0.0,1,6.3,3.85,SPY230217C00403000,403.0,normalDay
2023-01-19,5257.0,212.0,0.0,100,388.64,390.0,0,0.0,0.0,,0.0,1,6.3,2.82,SPY230217C00403000,403.0,normalDay
2023-01-20,5257.0,711.0,0.0,100,395.88,390.0,0,0.0,0.0,,0.0,1,6.3,5.07,SPY230217C00403000,403.0,normalDay
2023-01-23,5257.0,994.0,0.0,100,400.63,390.0,0,0.0,0.0,,0.0,1,6.3,6.99,SPY230217C00403000,403.0,normalDay
2023-01-24,5257.0,933.0,0.0,100,400.2,390.0,0,0.0,0.0,,0.0,1,6.3,7.17,SPY230217C00403000,403.0,normalDay
2023-01-25,5257.0,1016.0,0.0,100,400.35,390.0,0,0.0,0.0,,0.0,1,6.3,6.49,SPY230217C00403000,403.0,normalDay
2023-01-26,5257.0,1241.0,0.0,100,404.75,390.0,0,0.0,0.0,,0.0,1,6.3,8.64,SPY230217C00403000,403.0,normalDay
2023-01-27,5257.0,1291.0,0.0,100,405.68,390.0,0,0.0,0.0,,0.0,1,6.3,9.07,SPY230217C00403000,403.0,normalDay
2023-01-30,5257.0,1016.0,0.0,100,400.59,390.0,0,0.0,0.0,,0.0,1,6.3,6.73,SPY230217C00403000,403.0,normalDay
2023-01-31,5257.0,1346.0,0.0,100,406.48,390.0,0,0.0,0.0,,0.0,1,6.3,9.32,SPY230217C00403000,403.0,normalDay
2023-02-01,5257.0,1469.0,0.0,100,410.8,390.0,0,0.0,0.0,,0.0,1,6.3,12.41,SPY230217C00403000,403.0,normalDay
2023-02-02,5257.0,1738.0,0.0,100,416.78,390.0,0,0.0,0.0,,0.0,1,6.3,15.7,SPY230217C00403000,403.0,normalDay
2023-02-03,5257.0,1620.0,0.0,100,412.35,390.0,0,0.0,0.0,,0.0,1,6.3,12.45,SPY230217C00403000,403.0,normalDay
2023-02-06,5257.0,1563.0,0.0,100,409.83,390.0,0,0.0,0.0,,0.0,1,6.3,10.5,SPY230217C00403000,403.0,normalDay
2023-02-07,5257.0,1783.0,0.0,100,415.19,390.0,0,0.0,0.0,,0.0,1,6.3,13.66,SPY230217C00403000,403.0,normalDay
2023-02-08,5257.0,1622.0,0.0,100,410.65,390.0,0,0.0,0.0,,0.0,1,6.3,10.73,SPY230217C00403000,403.0,normalDay
2023-02-09,5257.0,1492.0,0.0,100,407.09,390.0,0,0.0,0.0,,0.0,1,6.3,8.47,SPY230217C00403000,403.0,normalDay
2023-02-10,5257.0,1601.0,0.0,100,408.04,390.0,0,0.0,0.0,,0.0,1,6.3,8.33,SPY230217C00403000,403.0,normalDay
2023-02-13,5257.0,1749.0,0.0,100,412.83,390.0,0,0.0,0.0,,0.0,1,6.3,11.64,SPY230217C00403000,403.0,normalDay
2023-02-14,5257.0,1895.0,0.0,100,412.64,390.0,0,0.0,0.0,,0.0,1,6.3,9.99,SPY230217C00403000,403.0,normalDay
2023-02-15,5257.0,1872.0,0.0,100,413.98,390.0,0,0.0,0.0,,0.0,1,6.3,11.56,SPY230217C00403000,403.0,normalDay
2023-02-16,5257.0,1863.0,0.0,100,408.28,390.0,0,0.0,0.0,,0.0,1,6.3,5.95,SPY230217C00403000,403.0,normalDay
2023-02-17,7187.0,1863.0,1930.0,0,407.26,0.0,0,0.0,0.0,,0.0,1,6.3,0.0,SPY230217C00403000,403.0,expirationDay
2023-02-21,7187.0,-4.0,0.0,0,399.09,0.0,1,8.56,8.6,SPY230331P00395000,395.0,0,0.0,0.0,,0.0,normalDay
2023-02-22,7187.0,9.0,0.0,0,398.54,0.0,1,8.56,8.47,SPY230331P00395000,395.0,0,0.0,0.0,,0.0,normalDay
2023-02-23,7187.0,118.0,0.0,0,400.66,0.0,1,8.56,7.38,SPY230331P00395000,395.0,0,0.0,0.0,,0.0,normalDay
2023-02-24,7187.0,-59.0,0.0,0,396.38,0.0,1,8.56,9.15,SPY230331P00395000,395.0,0,0.0,0.0,,0.0,normalDay
2023-02-27,7187.0,67.0,0.0,0,397.73,0.0,1,8.56,7.89,SPY230331P00395000,395.0,0,0.0,0.0,,0.0,normalDay
2023-02-28,7187.0,10.0,0.0,0,396.26,0.0,1,8.56,8.46,SPY230331P00395000,395.0,0,0.0,0.0,,0.0,normalDay
2023-03-01,7187.0,-43.0,0.0,0,394.74,0.0,1,8.56,8.99,SPY230331P00395000,395.0,0,0.0,0.0,,0.0,normalDay
2023-03-02,7187.0,124.0,0.0,0,397.81,0.0,1,8.56,7.32,SPY230331P00395000,395.0,0,0.0,0.0,,0.0,normalDay
2023-03-03,7187.0,400.0,0.0,0,404.19,0.0,1,8.56,4.56,SPY230331P00395000,395.0,0,0.0,0.0,,0.0,normalDay
2023-03-06,7187.0,428.0,0.0,0,404.47,0.0,1,8.56,4.28,SPY230331P00395000,395.0,0,0.0,0.0,,0.0,normalDay
2023-03-07,7187.0,203.0,0.0,0,398.27,0.0,1,8.56,6.53,SPY230331P00395000,395.0,0,0.0,0.0,,0.0,normalDay
2023-03-08,7187.0,255.0,0.0,0,398.92,0.0,1,8.56,6.01,SPY230331P00395000,395.0,0,0.0,0.0,,0.0,normalDay
2023-03-09,7187.0,-193.0,0.0,0,391.56,0.0,1,8.56,10.49,SPY230331P00395000,395.0,0,0.0,0.0,,0.0,normalDay
2023-03-10,7187.0,-521.0,0.0,0,385.91,0.0,1,8.56,13.77,SPY230331P00395000,395.0,0,0.0,0.0,,0.0,normalDay
2023-03-13,7187.0,-554.0,0.0,0,385.36,0.0,1,8.56,14.1,SPY230331P00395000,395.0,0,0.0,0.0,,0.0,normalDay
2023-03-14,7187.0,-94.0,0.0,0,391.73,0.0,1,8.56,9.5,SPY230331P00395000,395.0,0,0.0,0.0,,0.0,normalDay
2023-03-15,7187.0,-272.0,0.0,0,389.28,0.0,1,8.56,11.28,SPY230331P00395000,395.0,0,0.0,0.0,,0.0,normalDay
2023-03-16,7187.0,187.0,0.0,0,396.11,0.0,1,8.56,6.69,SPY230331P00395000,395.0,0,0.0,0.0,,0.0,normalDay
2023-03-17,7187.0,-54.0,0.0,0,389.99,0.0,1,8.56,9.1,SPY230331P00395000,395.0,0,0.0,0.0,,0.0,normalDay
2023-03-20,7187.0,186.0,0.0,0,393.74,0.0,1,8.56,6.7,SPY230331P00395000,395.0,0,0.0,0.0,,0.0,normalDay
2023-03-21,7187.0,471.0,0.0,0,398.91,0.0,1,8.56,3.85,SPY230331P00395000,395.0,0,0.0,0.0,,0.0,normalDay
2023-03-22,7187.0,194.0,0.0,0,392.11,0.0,1,8.56,6.62,SPY230331P00395000,395.0,0,0.0,0.0,,0.0,normalDay
2023-03-23,7187.0,272.0,0.0,0,393.17,0.0,1,8.56,5.84,SPY230331P00395000,395.0,0,0.0,0.0,,0.0,normalDay
2023-03-24,7187.0,460.0,0.0,0,395.75,0.0,1,8.56,3.96,SPY230331P00395000,395.0,0,0.0,0.0,,0.0,normalDay
2023-03-27,7187.0,598.0,0.0,0,396.49,0.0,1,8.56,2.58,SPY230331P00395000,395.0,0,0.0,0.0,,0.0,normalDay
2023-03-28,7187.0,633.0,0.0,0,395.6,0.0,1,8.56,2.23,SPY230331P00395000,395.0,0,0.0,0.0,,0.0,normalDay
2023-03-29,7187.0,809.0,0.0,0,401.35,0.0,1,8.56,0.47,SPY230331P00395000,395.0,0,0.0,0.0,,0.0,normalDay
2023-03-30,7187.0,846.0,0.0,0,403.7,0.0,1,8.56,0.1,SPY230331P00395000,395.0,0,0.0,0.0,,0.0,normalDay
2023-03-31,8043.0,0.0,856.0,0,409.39,0.0,1,8.56,0.0,SPY230331P00395000,395.0,0,0.0,0.0,,0.0,expirationDay
2023-04-03,8043.0,-3.0,0.0,0,410.95,0.0,1,2.08,2.11,SPY230519P00378000,378.0,0,0.0,0.0,,0.0,normalDay
2023-04-04,8043.0,-23.0,0.0,0,408.67,0.0,1,2.08,2.31,SPY230519P00378000,378.0,0,0.0,0.0,,0.0,normalDay
2023-04-05,8043.0,-32.0,0.0,0,407.6,0.0,1,2.08,2.4,SPY230519P00378000,378.0,0,0.0,0.0,,0.0,normalDay
2023-04-06,8043.0,6.0,0.0,0,409.19,0.0,1,2.08,2.02,SPY230519P00378000,378.0,0,0.0,0.0,,0.0,normalDay
2023-04-10,8043.0,28.0,0.0,0,409.61,0.0,1,2.08,1.8,SPY230519P00378000,378.0,0,0.0,0.0,,0.0,normalDay
2023-04-11,8043.0,34.0,0.0,0,409.72,0.0,1,2.08,1.74,SPY230519P00378000,378.0,0,0.0,0.0,,0.0,normalDay
2023-04-12,8043.0,23.0,0.0,0,408.05,0.0,1,2.08,1.85,SPY230519P00378000,378.0,0,0.0,0.0,,0.0,normalDay
2023-04-13,8043.0,91.0,0.0,0,413.47,0.0,1,2.08,1.17,SPY230519P00378000,378.0,0,0.0,0.0,,0.0,normalDay
2023-04-14,8043.0,103.0,0.0,0,412.46,0.0,1,2.08,1.05,SPY230519P00378000,378.0,0,0.0,0.0,,0.0,normalDay
2023-04-17,8043.0,121.0,0.0,0,413.94,0.0,1,2.08,0.87,SPY230519P00378000,378.0,0,0.0,0.0,,0.0,normalDay
2023-04-18,8043.0,122.0,0.0,0,414.21,0.0,1,2.08,0.86,SPY230519P00378000,378.0,0,0.0,0.0,,0.0,normalDay
2023-04-19,8043.0,126.0,0.0,0,414.14,0.0,1,2.08,0.82,SPY230519P00378000,378.0,0,0.0,0.0,,0.0,normalDay
2023-04-20,8043.0,115.0,0.0,0,411.88,0.0,1,2.08,0.93,SPY230519P00378000,378.0,0,0.0,0.0,,0.0,normalDay
2023-04-21,8043.0,125.0,0.0,0,412.2,0.0,1,2.08,0.83,SPY230519P00378000,378.0,0,0.0,0.0,,0.0,normalDay
2023-04-24,8043.0,140.0,0.0,0,412.63,0.0,1,2.08,0.68,SPY230519P00378000,378.0,0,0.0,0.0,,0.0,normalDay
2023-04-25,8043.0,93.0,0.0,0,406.08,0.0,1,2.08,1.15,SPY230519P00378000,378.0,0,0.0,0.0,,0.0,normalDay
2023-04-26,8043.0,84.0,0.0,0,404.36,0.0,1,2.08,1.24,SPY230519P00378000,378.0,0,0.0,0.0,,0.0,normalDay
2023-04-27,8043.0,159.0,0.0,0,412.41,0.0,1,2.08,0.49,SPY230519P00378000,378.0,0,0.0,0.0,,0.0,normalDay
2023-04-28,8043.0,173.0,0.0,0,415.93,0.0,1,2.08,0.35,SPY230519P00378000,378.0,0,0.0,0.0,,0.0,normalDay
2023-05-01,8043.0,177.0,0.0,0,415.51,0.0,1,2.08,0.31,SPY230519P00378000,378.0,0,0.0,0.0,,0.0,normalDay
2023-05-02,8043.0,161.0,0.0,0,410.84,0.0,1,2.08,0.47,SPY230519P00378000,378.0,0,0.0,0.0,,0.0,normalDay
2023-05-03,8043.0,151.0,0.0,0,408.02,0.0,1,2.08,0.57,SPY230519P00378000,378.0,0,0.0,0.0,,0.0,normalDay
2023-05-04,8043.0,124.0,0.0,0,405.13,0.0,1,2.08,0.84,SPY230519P00378000,378.0,0,0.0,0.0,,0.0,normalDay
2023-05-05,8043.0,181.0,0.0,0,412.63,0.0,1,2.08,0.27,SPY230519P00378000,378.0,0,0.0,0.0,,0.0,normalDay
2023-05-08,8043.0,192.0,0.0,0,412.74,0.0,1,2.08,0.16,SPY230519P00378000,378.0,0,0.0,0.0,,0.0,normalDay
2023-05-09,8043.0,192.0,0.0,0,410.93,0.0,1,2.08,0.16,SPY230519P00378000,378.0,0,0.0,0.0,,0.0,normalDay
2023-05-10,8043.0,196.0,0.0,0,412.85,0.0,1,2.08,0.12,SPY230519P00378000,378.0,0,0.0,0.0,,0.0,normalDay
2023-05-11,8043.0,197.0,0.0,0,412.13,0.0,1,2.08,0.11,SPY230519P00378000,378.0,0,0.0,0.0,,0.0,normalDay
2023-05-12,8043.0,199.0,0.0,0,411.59,0.0,1,2.08,0.09,SPY230519P00378000,378.0,0,0.0,0.0,,0.0,normalDay
2023-05-15,8043.0,203.0,0.0,0,413.01,0.0,1,2.08,0.05,SPY230519P00378000,378.0,0,0.0,0.0,,0.0,normalDay
2023-05-16,8043.0,202.0,0.0,0,410.25,0.0,1,2.08,0.06,SPY230519P00378000,378.0,0,0.0,0.0,,0.0,normalDay
2023-05-17,8043.0,205.0,0.0,0,415.23,0.0,1,2.08,0.03,SPY230519P00378000,378.0,0,0.0,0.0,,0.0,normalDay
2023-05-18,8043.0,206.0,0.0,0,419.23,0.0,1,2.08,0.02,SPY230519P00378000,378.0,0,0.0,0.0,,0.0,normalDay
2023-05-19,8251.0,0.0,208.0,0,418.62,0.0,1,2.08,0.0,SPY230519P00378000,378.0,0,0.0,0.0,,0.0,expirationDay
2023-05-22,8251.0,-3.0,0.0,0,418.79,0.0,1,3.29,3.32,SPY230630P00401000,401.0,0,0.0,0.0,,0.0,normalDay
2023-05-23,8251.0,-120.0,0.0,0,414.09,0.0,1,3.29,4.49,SPY230630P00401000,401.0,0,0.0,0.0,,0.0,normalDay
2023-05-24,8251.0,-219.0,0.0,0,411.09,0.0,1,3.29,5.48,SPY230630P00401000,401.0,0,0.0,0.0,,0.0,normalDay
2023-05-25,8251.0,-103.0,0.0,0,414.65,0.0,1,3.29,4.32,SPY230630P00401000,401.0,0,0.0,0.0,,0.0,normalDay
2023-05-26,8251.0,31.0,0.0,0,420.02,0.0,1,3.29,2.98,SPY230630P00401000,401.0,0,0.0,0.0,,0.0,normalDay
2023-05-30,8251.0,80.0,0.0,0,420.18,0.0,1,3.29,2.49,SPY230630P00401000,401.0,0,0.0,0.0,,0.0,normalDay
2023-05-31,8251.0,56.0,0.0,0,417.85,0.0,1,3.29,2.73,SPY230630P00401000,401.0,0,0.0,0.0,,0.0,normalDay
2023-06-01,8251.0,160.0,0.0,0,421.82,0.0,1,3.29,1.69,SPY230630P00401000,401.0,0,0.0,0.0,,0.0,normalDay
2023-06-02,8251.0,232.0,0.0,0,427.92,0.0,1,3.29,0.97,SPY230630P00401000,401.0,0,0.0,0.0,,0.0,normalDay
2023-06-05,8251.0,238.0,0.0,0,427.1,0.0,1,3.29,0.91,SPY230630P00401000,401.0,0,0.0,0.0,,0.0,normalDay
2023-06-06,8251.0,258.0,0.0,0,428.03,0.0,1,3.29,0.71,SPY230630P00401000,401.0,0,0.0,0.0,,0.0,normalDay
2023-06-07,8251.0,255.0,0.0,0,426.55,0.0,1,3.29,0.74,SPY230630P00401000,401.0,0,0.0,0.0,,0.0,normalDay
2023-06-08,8251.0,272.0,0.0,0,429.13,0.0,1,3.29,0.57,SPY230630P00401000,401.0,0,0.0,0.0,,0.0,normalDay
2023-06-09,8251.0,277.0,0.0,0,429.9,0.0,1,3.29,0.52,SPY230630P00401000,401.0,0,0.0,0.0,,0.0,normalDay
2023-06-12,8251.0,289.0,0.0,0,433.8,0.0,1,3.29,0.4,SPY230630P00401000,401.0,0,0.0,0.0,,0.0,normalDay
2023-06-13,8251.0,297.0,0.0,0,436.66,0.0,1,3.29,0.32,SPY230630P00401000,401.0,0,0.0,0.0,,0.0,normalDay
2023-06-14,8251.0,306.0,0.0,0,437.18,0.0,1,3.29,0.23,SPY230630P00401000,401.0,0,0.0,0.0,,0.0,normalDay
2023-06-15,8251.0,308.0,0.0,0,442.6,0.0,1,3.29,0.21,SPY230630P00401000,401.0,0,0.0,0.0,,0.0,normalDay
2023-06-16,8251.0,317.0,0.0,0,439.46,0.0,1,3.29,0.12,SPY230630P00401000,401.0,0,0.0,0.0,,0.0,normalDay
2023-06-20,8251.0,320.0,0.0,0,437.18,0.0,1,3.29,0.09,SPY230630P00401000,401.0,0,0.0,0.0,,0.0,normalDay
2023-06-21,8251.0,322.0,0.0,0,434.94,0.0,1,3.29,0.07,SPY230630P00401000,401.0,0,0.0,0.0,,0.0,normalDay
2023-06-22,8251.0,324.0,0.0,0,436.51,0.0,1,3.29,0.05,SPY230630P00401000,401.0,0,0.0,0.0,,0.0,normalDay
2023-06-23,8251.0,323.0,0.0,0,433.21,0.0,1,3.29,0.06,SPY230630P00401000,401.0,0,0.0,0.0,,0.0,normalDay
2023-06-26,8251.0,324.0,0.0,0,431.44,0.0,1,3.29,0.05,SPY230630P00401000,401.0,0,0.0,0.0,,0.0,normalDay
2023-06-27,8251.0,325.0,0.0,0,436.17,0.0,1,3.29,0.04,SPY230630P00401000,401.0,0,0.0,0.0,,0.0,normalDay
2023-06-28,8251.0,327.0,0.0,0,436.39,0.0,1,3.29,0.02,SPY230630P00401000,401.0,0,0.0,0.0,,0.0,normalDay
2023-06-29,8251.0,327.0,0.0,0,438.11,0.0,1,3.29,0.02,SPY230630P00401000,401.0,0,0.0,0.0,,0.0,normalDay
2023-06-30,8580.0,0.0,329.0,0,443.28,0.0,1,3.29,0.0,SPY230630P00401000,401.0,0,0.0,0.0,,0.0,expirationDay
2023-07-03,8580.0,-6.0,0.0,0,443.79,0.0,1,1.92,1.98,SPY230818P00422000,422.0,0,0.0,0.0,,0.0,normalDay
2023-07-05,8580.0,-18.0,0.0,0,443.13,0.0,1,1.92,2.1,SPY230818P00422000,422.0,0,0.0,0.0,,0.0,normalDay
2023-07-06,8580.0,-87.0,0.0,0,439.66,0.0,1,1.92,2.79,SPY230818P00422000,422.0,0,0.0,0.0,,0.0,normalDay
2023-07-07,8580.0,-71.0,0.0,0,438.55,0.0,1,1.92,2.63,SPY230818P00422000,422.0,0,0.0,0.0,,0.0,normalDay
2023-07-10,8580.0,-49.0,0.0,0,439.66,0.0,1,1.92,2.41,SPY230818P00422000,422.0,0,0.0,0.0,,0.0,normalDay
2023-07-11,8580.0,-7.0,0.0,0,442.46,0.0,1,1.92,1.99,SPY230818P00422000,422.0,0,0.0,0.0,,0.0,normalDay
2023-07-12,8580.0,63.0,0.0,0,446.02,0.0,1,1.92,1.29,SPY230818P00422000,422.0,0,0.0,0.0,,0.0,normalDay
2023-07-13,8580.0,84.0,0.0,0,449.56,0.0,1,1.92,1.08,SPY230818P00422000,422.0,0,0.0,0.0,,0.0,normalDay
2023-07-14,8580.0,92.0,0.0,0,449.28,0.0,1,1.92,1.0,SPY230818P00422000,422.0,0,0.0,0.0,,0.0,normalDay
2023-07-17,8580.0,109.0,0.0,0,450.84,0.0,1,1.92,0.83,SPY230818P00422000,422.0,0,0.0,0.0,,0.0,normalDay
2023-07-18,8580.0,129.0,0.0,0,454.19,0.0,1,1.92,0.63,SPY230818P00422000,422.0,0,0.0,0.0,,0.0,normalDay
2023-07-19,8580.0,127.0,0.0,0,455.2,0.0,1,1.92,0.65,SPY230818P00422000,422.0,0,0.0,0.0,,0.0,normalDay
2023-07-20,8580.0,118.0,0.0,0,452.18,0.0,1,1.92,0.74,SPY230818P00422000,422.0,0,0.0,0.0,,0.0,normalDay
2023-07-21,8580.0,126.0,0.0,0,452.18,0.0,1,1.92,0.66,SPY230818P00422000,422.0,0,0.0,0.0,,0.0,normalDay
2023-07-24,8580.0,138.0,0.0,0,454.2,0.0,1,1.92,0.54,SPY230818P00422000,422.0,0,0.0,0.0,,0.0,normalDay
2023-07-25,8580.0,145.0,0.0,0,455.44,0.0,1,1.92,0.47,SPY230818P00422000,422.0,0,0.0,0.0,,0.0,normalDay
2023-07-26,8580.0,156.0,0.0,0,455.51,0.0,1,1.92,0.36,SPY230818P00422000,422.0,0,0.0,0.0,,0.0,normalDay
2023-07-27,8580.0,136.0,0.0,0,452.49,0.0,1,1.92,0.56,SPY230818P00422000,422.0,0,0.0,0.0,,0.0,normalDay
2023-07-28,8580.0,163.0,0.0,0,456.92,0.0,1,1.92,0.29,SPY230818P00422000,422.0,0,0.0,0.0,,0.0,normalDay
2023-07-31,8580.0,168.0,0.0,0,457.79,0.0,1,1.92,0.24,SPY230818P00422000,422.0,0,0.0,0.0,,0.0,normalDay
2023-08-01,8580.0,167.0,0.0,0,456.48,0.0,1,1.92,0.25,SPY230818P00422000,422.0,0,0.0,0.0,,0.0,normalDay
2023-08-02,8580.0,140.0,0.0,0,450.13,0.0,1,1.92,0.52,SPY230818P00422000,422.0,0,0.0,0.0,,0.0,normalDay
2023-08-03,8580.0,146.0,0.0,0,448.84,0.0,1,1.92,0.46,SPY230818P00422000,422.0,0,0.0,0.0,,0.0,normalDay
2023-08-04,8580.0,130.0,0.0,0,446.81,0.0,1,1.92,0.62,SPY230818P00422000,422.0,0,0.0,0.0,,0.0,normalDay
2023-08-07,8580.0,165.0,0.0,0,450.71,0.0,1,1.92,0.27,SPY230818P00422000,422.0,0,0.0,0.0,,0.0,normalDay
2023-08-08,8580.0,167.0,0.0,0,448.75,0.0,1,1.92,0.25,SPY230818P00422000,422.0,0,0.0,0.0,,0.0,normalDay
2023-08-09,8580.0,167.0,0.0,0,445.75,0.0,1,1.92,0.25,SPY230818P00422000,422.0,0,0.0,0.0,,0.0,normalDay
2023-08-10,8580.0,169.0,0.0,0,445.91,0.0,1,1.92,0.23,SPY230818P00422000,422.0,0,0.0,0.0,,0.0,normalDay
2023-08-11,8580.0,181.0,0.0,0,445.65,0.0,1,1.92,0.11,SPY230818P00422000,422.0,0,0.0,0.0,,0.0,normalDay
2023-08-14,8580.0,186.0,0.0,0,448.11,0.0,1,1.92,0.06,SPY230818P00422000,422.0,0,0.0,0.0,,0.0,normalDay
2023-08-15,8580.0,184.0,0.0,0,442.89,0.0,1,1.92,0.08,SPY230818P00422000,422.0,0,0.0,0.0,,0.0,normalDay
2023-08-16,8580.0,187.0,0.0,0,439.64,0.0,1,1.92,0.05,SPY230818P00422000,422.0,0,0.0,0.0,,0.0,normalDay
2023-08-17,8580.0,187.0,0.0,0,436.29,0.0,1,1.92,0.05,SPY230818P00422000,422.0,0,0.0,0.0,,0.0,normalDay
2023-08-18,8772.0,0.0,192.0,0,436.5,0.0,1,1.92,0.0,SPY230818P00422000,422.0,0,0.0,0.0,,0.0,expirationDay
2023-08-21,8772.0,-4.0,0.0,0,439.34,0.0,1,5.48,5.52,SPY230929P00431000,431.0,0,0.0,0.0,,0.0,normalDay
2023-08-22,8772.0,-13.0,0.0,0,438.15,0.0,1,5.48,5.61,SPY230929P00431000,431.0,0,0.0,0.0,,0.0,normalDay
2023-08-23,8772.0,149.0,0.0,0,443.03,0.0,1,5.48,3.99,SPY230929P00431000,431.0,0,0.0,0.0,,0.0,normalDay
2023-08-24,8772.0,-45.0,0.0,0,436.89,0.0,1,5.48,5.93,SPY230929P00431000,431.0,0,0.0,0.0,,0.0,normalDay
2023-08-25,8772.0,105.0,0.0,0,439.97,0.0,1,5.48,4.43,SPY230929P00431000,431.0,0,0.0,0.0,,0.0,normalDay
2023-08-28,8772.0,219.0,0.0,0,442.76,0.0,1,5.48,3.29,SPY230929P00431000,431.0,0,0.0,0.0,,0.0,normalDay
2023-08-29,8772.0,351.0,0.0,0,449.16,0.0,1,5.48,1.97,SPY230929P00431000,431.0,0,0.0,0.0,,0.0,normalDay
2023-08-30,8772.0,395.0,0.0,0,451.01,0.0,1,5.48,1.53,SPY230929P00431000,431.0,0,0.0,0.0,,0.0,normalDay
2023-08-31,8772.0,408.0,0.0,0,450.35,0.0,1,5.48,1.4,SPY230929P00431000,431.0,0,0.0,0.0,,0.0,normalDay
2023-09-01,8772.0,423.0,0.0,0,451.19,0.0,1,5.48,1.25,SPY230929P00431000,431.0,0,0.0,0.0,,0.0,normalDay
2023-09-05,8772.0,409.0,0.0,0,449.24,0.0,1,5.48,1.39,SPY230929P00431000,431.0,0,0.0,0.0,,0.0,normalDay
2023-09-06,8772.0,370.0,0.0,0,446.22,0.0,1,5.48,1.78,SPY230929P00431000,431.0,0,0.0,0.0,,0.0,normalDay
2023-09-07,8772.0,359.0,0.0,0,444.85,0.0,1,5.48,1.89,SPY230929P00431000,431.0,0,0.0,0.0,,0.0,normalDay
2023-09-08,8772.0,402.0,0.0,0,445.52,0.0,1,5.48,1.46,SPY230929P00431000,431.0,0,0.0,0.0,,0.0,normalDay
2023-09-11,8772.0,450.0,0.0,0,448.45,0.0,1,5.48,0.98,SPY230929P00431000,431.0,0,0.0,0.0,,0.0,normalDay
2023-09-12,8772.0,427.0,0.0,0,445.99,0.0,1,5.48,1.21,SPY230929P00431000,431.0,0,0.0,0.0,,0.0,normalDay
2023-09-13,8772.0,462.0,0.0,0,446.51,0.0,1,5.48,0.86,SPY230929P00431000,431.0,0,0.0,0.0,,0.0,normalDay
2023-09-14,8772.0,502.0,0.0,0,450.36,0.0,1,5.48,0.46,SPY230929P00431000,431.0,0,0.0,0.0,,0.0,normalDay
2023-09-15,8772.0,463.0,0.0,0,443.37,0.0,1,5.48,0.85,SPY230929P00431000,431.0,0,0.0,0.0,,0.0,normalDay
2023-09-18,8772.0,477.0,0.0,0,443.63,0.0,1,5.48,0.71,SPY230929P00431000,431.0,0,0.0,0.0,,0.0,normalDay
2023-09-19,8772.0,471.0,0.0,0,442.71,0.0,1,5.48,0.77,SPY230929P00431000,431.0,0,0.0,0.0,,0.0,normalDay
2023-09-20,8772.0,415.0,0.0,0,438.64,0.0,1,5.48,1.33,SPY230929P00431000,431.0,0,0.0,0.0,,0.0,normalDay
2023-09-21,8772.0,175.0,0.0,0,431.39,0.0,1,5.48,3.73,SPY230929P00431000,431.0,0,0.0,0.0,,0.0,normalDay
2023-09-22,8772.0,178.0,0.0,0,430.42,0.0,1,5.48,3.7,SPY230929P00431000,431.0,0,0.0,0.0,,0.0,normalDay
2023-09-25,8772.0,302.0,0.0,0,432.23,0.0,1,5.48,2.46,SPY230929P00431000,431.0,0,0.0,0.0,,0.0,normalDay
2023-09-26,8772.0,-26.0,0.0,0,425.88,0.0,1,5.48,5.74,SPY230929P00431000,431.0,0,0.0,0.0,,0.0,normalDay
2023-09-27,8772.0,14.0,0.0,0,426.05,0.0,1,5.48,5.34,SPY230929P00431000,431.0,0,0.0,0.0,,0.0,normalDay
2023-09-28,8772.0,203.0,0.0,0,428.52,0.0,1,5.48,3.45,SPY230929P00431000,431.0,0,0.0,0.0,,0.0,normalDay
2023-09-29,9320.0,-352.0,548.0,100,427.48,431.0,1,5.48,0.0,SPY230929P00431000,431.0,0,0.0,0.0,,0.0,expirationDay
2023-10-02,9320.0,-372.0,0.0,100,427.31,431.0,0,0.0,0.0,,0.0,1,0.1,0.13,SPY231103C00462000,462.0,normalDay
2023-10-03,9320.0,-940.0,0.0,100,421.59,431.0,0,0.0,0.0,,0.0,1,0.1,0.09,SPY231103C00462000,462.0,normalDay
2023-10-04,9320.0,-634.0,0.0,100,424.66,431.0,0,0.0,0.0,,0.0,1,0.1,0.1,SPY231103C00462000,462.0,normalDay
2023-10-05,9320.0,-649.0,0.0,100,424.5,431.0,0,0.0,0.0,,0.0,1,0.1,0.09,SPY231103C00462000,462.0,normalDay
2023-10-06,9320.0,-151.0,0.0,100,429.54,431.0,0,0.0,0.0,,0.0,1,0.1,0.15,SPY231103C00462000,462.0,normalDay
2023-10-09,9320.0,121.0,0.0,100,432.29,431.0,0,0.0,0.0,,0.0,1,0.1,0.18,SPY231103C00462000,462.0,normalDay
2023-10-10,9320.0,344.0,0.0,100,434.54,431.0,0,0.0,0.0,,0.0,1,0.1,0.2,SPY231103C00462000,462.0,normalDay
2023-10-11,9320.0,522.0,0.0,100,436.32,431.0,0,0.0,0.0,,0.0,1,0.1,0.2,SPY231103C00462000,462.0,normalDay
2023-10-12,9320.0,266.0,0.0,100,433.66,431.0,0,0.0,0.0,,0.0,1,0.1,0.1,SPY231103C00462000,462.0,normalDay
2023-10-13,9320.0,52.0,0.0,100,431.5,431.0,0,0.0,0.0,,0.0,1,0.1,0.08,SPY231103C00462000,462.0,normalDay
2023-10-16,9320.0,504.0,0.0,100,436.04,431.0,0,0.0,0.0,,0.0,1,0.1,0.1,SPY231103C00462000,462.0,normalDay
2023-10-17,9320.0,503.0,0.0,100,436.02,431.0,0,0.0,0.0,,0.0,1,0.1,0.09,SPY231103C00462000,462.0,normalDay
2023-10-18,9320.0,-74.0,0.0,100,430.21,431.0,0,0.0,0.0,,0.0,1,0.1,0.05,SPY231103C00462000,462.0,normalDay
2023-10-19,9320.0,-450.0,0.0,100,426.43,431.0,0,0.0,0.0,,0.0,1,0.1,0.03,SPY231103C00462000,462.0,normalDay
2023-10-20,9320.0,-974.0,0.0,100,421.19,431.0,0,0.0,0.0,,0.0,1,0.1,0.03,SPY231103C00462000,462.0,normalDay
2023-10-23,9320.0,-1046.0,0.0,100,420.46,431.0,0,0.0,0.0,,0.0,1,0.1,0.02,SPY231103C00462000,462.0,normalDay
2023-10-24,9320.0,-729.0,0.0,100,423.63,431.0,0,0.0,0.0,,0.0,1,0.1,0.02,SPY231103C00462000,462.0,normalDay
2023-10-25,9320.0,-1337.0,0.0,100,417.55,431.0,0,0.0,0.0,,0.0,1,0.1,0.02,SPY231103C00462000,462.0,normalDay
2023-10-26,9320.0,-1837.0,0.0,100,412.55,431.0,0,0.0,0.0,,0.0,1,0.1,0.02,SPY231103C00462000,462.0,normalDay
2023-10-27,9320.0,-2023.0,0.0,100,410.68,431.0,0,0.0,0.0,,0.0,1,0.1,0.01,SPY231103C00462000,462.0,normalDay
2023-10-30,9320.0,-1532.0,0.0,100,415.59,431.0,0,0.0,0.0,,0.0,1,0.1,0.01,SPY231103C00462000,462.0,normalDay
2023-10-31,9320.0,-1271.0,0.0,100,418.2,431.0,0,0.0,0.0,,0.0,1,0.1,0.01,SPY231103C00462000,462.0,normalDay
2023-11-01,9320.0,-825.0,0.0,100,422.66,431.0,0,0.0,0.0,,0.0,1,0.1,0.01,SPY231103C00462000,462.0,normalDay
2023-11-02,9320.0,-15.0,0.0,100,430.76,431.0,0,0.0,0.0,,0.0,1,0.1,0.01,SPY231103C00462000,462.0,normalDay
2023-11-03,9330.0,369.0,10.0,100,434.69,431.0,0,0.0,0.0,,0.0,1,0.1,0.0,SPY231103C00462000,462.0,expirationDay
2023-11-06,9330.0,465.0,0.0,100,435.69,431.0,0,0.0,0.0,,0.0,1,2.16,2.2,SPY231208C00448000,448.0,normalDay
2023-11-07,9330.0,560.0,0.0,100,436.93,431.0,0,0.0,0.0,,0.0,1,2.16,2.49,SPY231208C00448000,448.0,normalDay
2023-11-08,9330.0,610.0,0.0,100,437.25,431.0,0,0.0,0.0,,0.0,1,2.16,2.31,SPY231208C00448000,448.0,normalDay
2023-11-09,9330.0,344.0,0.0,100,433.84,431.0,0,0.0,0.0,,0.0,1,2.16,1.56,SPY231208C00448000,448.0,normalDay
2023-11-10,9330.0,856.0,0.0,100,440.61,431.0,0,0.0,0.0,,0.0,1,2.16,3.21,SPY231208C00448000,448.0,normalDay
2023-11-13,9330.0,836.0,0.0,100,440.19,431.0,0,0.0,0.0,,0.0,1,2.16,2.99,SPY231208C00448000,448.0,normalDay
2023-11-14,9330.0,1297.0,0.0,100,448.73,431.0,0,0.0,0.0,,0.0,1,2.16,6.92,SPY231208C00448000,448.0,normalDay
2023-11-15,9330.0,1404.0,0.0,100,449.68,431.0,0,0.0,0.0,,0.0,1,2.16,6.8,SPY231208C00448000,448.0,normalDay
2023-11-16,9330.0,1430.0,0.0,100,450.23,431.0,0,0.0,0.0,,0.0,1,2.16,7.09,SPY231208C00448000,448.0,normalDay
2023-11-17,9330.0,1488.0,0.0,100,450.79,431.0,0,0.0,0.0,,0.0,1,2.16,7.07,SPY231208C00448000,448.0,normalDay
2023-11-20,9330.0,1620.0,0.0,100,454.26,431.0,0,0.0,0.0,,0.0,1,2.16,9.22,SPY231208C00448000,448.0,normalDay
2023-11-21,9330.0,1641.0,0.0,100,453.27,431.0,0,0.0,0.0,,0.0,1,2.16,8.02,SPY231208C00448000,448.0,normalDay
2023-11-22,9330.0,1686.0,0.0,100,455.02,431.0,0,0.0,0.0,,0.0,1,2.16,9.32,SPY231208C00448000,448.0,normalDay
2023-11-24,9330.0,1724.0,0.0,100,455.3,431.0,0,0.0,0.0,,0.0,1,2.16,9.22,SPY231208C00448000,448.0,normalDay
2023-11-27,9330.0,1721.0,0.0,100,454.48,431.0,0,0.0,0.0,,0.0,1,2.16,8.43,SPY231208C00448000,448.0,normalDay
2023-11-28,9330.0,1746.0,0.0,100,454.93,431.0,0,0.0,0.0,,0.0,1,2.16,8.63,SPY231208C00448000,448.0,normalDay
2023-11-29,9330.0,1703.0,0.0,100,454.61,431.0,0,0.0,0.0,,0.0,1,2.16,8.74,SPY231208C00448000,448.0,normalDay
2023-11-30,9330.0,1814.0,0.0,100,456.4,431.0,0,0.0,0.0,,0.0,1,2.16,9.42,SPY231208C00448000,448.0,normalDay
