date,totalCapital,unrializedPnL,rializedPnL,stocksOwned,stocksPriceToday,stocksPriceBoughtAt,putOwned,putOwnedSoldAt,putPriceToday,putOwnedContract,putOwnedStrike,callOwned,callOwnedSoldAt,callPriceToday,callOwnedContract,callOwnedStrike,trackType
2018-11-01,0.0,-3.0,0.0,0,273.51,0.0,1,0.09,0.12,SPY181102P00266000,266.0,0,0.0,0.0,,0.0,normalDay
2018-11-02,9.0,0.0,9.0,0,271.89,0.0,1,0.09,0.0,SPY181102P00266000,266.0,0,0.0,0.0,,0.0,expirationDay
2018-11-05,9.0,-4.0,0.0,0,273.39,0.0,1,0.35,0.39,SPY181107P00266000,266.0,0,0.0,0.0,,0.0,normalDay
2018-11-06,9.0,18.0,0.0,0,275.12,0.0,1,0.35,0.17,SPY181107P00266000,266.0,0,0.0,0.0,,0.0,normalDay
2018-11-07,44.0,0.0,35.0,0,281.01,0.0,1,0.35,0.0,SPY181107P00266000,266.0,0,0.0,0.0,,0.0,expirationDay
2018-11-08,44.0,0.0,0.0,0,280.5,0.0,0,0.0,0.0,,0.0,0,0.0,0.0,,0.0,bidTooLow
2018-11-09,44.0,0.0,0.0,0,277.76,0.0,0,0.0,0.0,,0.0,0,0.0,0.0,,0.0,bidTooLow
2018-11-12,44.0,-4.0,0.0,0,272.57,0.0,1,0.38,0.42,SPY181114P00266500,266.5,0,0.0,0.0,,0.0,normalDay
2018-11-13,44.0,21.0,0.0,0,272.06,0.0,1,0.38,0.17,SPY181114P00266500,266.5,0,0.0,0.0,,0.0,normalDay
2018-11-14,82.0,0.0,38.0,0,270.2,0.0,1,0.38,0.0,SPY181114P00266500,266.5,0,0.0,0.0,,0.0,expirationDay
2018-11-15,82.0,-3.0,0.0,0,273.02,0.0,1,0.1,0.13,SPY181116P00266500,266.5,0,0.0,0.0,,0.0,normalDay
2018-11-16,92.0,0.0,10.0,0,273.73,0.0,1,0.1,0.0,SPY181116P00266500,266.5,0,0.0,0.0,,0.0,expirationDay
2018-11-19,92.0,-3.0,0.0,0,269.1,0.0,1,0.71,0.74,SPY181121P00266000,266.0,0,0.0,0.0,,0.0,normalDay
2018-11-20,92.0,-197.0,0.0,0,264.12,0.0,1,0.71,2.68,SPY181121P00266000,266.0,0,0.0,0.0,,0.0,normalDay
2018-11-21,163.0,-98.0,71.0,100,265.02,266.0,1,0.71,0.0,SPY181121P00266000,266.0,0,0.0,0.0,,0.0,expirationDay
2018-11-23,163.0,-275.0,0.0,100,263.25,266.0,0,0.0,0.0,,0.0,0,0.0,0.0,,0.0,bidTooLow
2018-11-26,163.0,150.0,0.0,100,267.5,266.0,0,0.0,0.0,,0.0,0,0.0,0.0,,0.0,bidTooLow
2018-11-27,163.0,237.0,0.0,100,268.4,266.0,0,0.0,0.0,,0.0,1,0.16,0.19,SPY181130C00274000,274.0,normalDay
2018-11-28,163.0,702.0,0.0,100,274.58,266.0,0,0.0,0.0,,0.0,1,0.16,1.72,SPY181130C00274000,274.0,normalDay
2018-11-29,163.0,713.0,0.0,100,273.98,266.0,0,0.0,0.0,,0.0,1,0.16,1.01,SPY181130C00274000,274.0,normalDay
2018-11-30,979.0,713.0,816.0,0,275.65,0.0,0,0.0,0.0,,0.0,1,0.16,0.0,SPY181130C00274000,274.0,expirationDay
2018-12-03,979.0,0.0,0.0,0,279.3,0.0,0,0.0,0.0,,0.0,0,0.0,0.0,,0.0,bidTooLow
2018-12-04,979.0,-6.0,0.0,0,270.25,0.0,1,0.95,1.01,SPY181207P00265500,265.5,0,0.0,0.0,,0.0,normalDay
2018-12-06,979.0,59.0,0.0,0,269.84,0.0,1,0.95,0.36,SPY181207P00265500,265.5,0,0.0,0.0,,0.0,normalDay
2018-12-07,1074.0,-193.0,95.0,100,263.57,265.5,1,0.95,0.0,SPY181207P00265500,265.5,0,0.0,0.0,,0.0,expirationDay
2018-12-10,1074.0,-146.0,0.0,100,264.07,265.5,0,0.0,0.0,,0.0,1,0.04,0.07,SPY181212C00273000,273.0,normalDay
2018-12-11,1074.0,-136.0,0.0,100,264.13,265.5,0,0.0,0.0,,0.0,1,0.04,0.03,SPY181212C00273000,273.0,normalDay
2018-12-12,1078.0,-4.0,4.0,100,265.46,265.5,0,0.0,0.0,,0.0,1,0.04,0.0,SPY181212C00273000,273.0,expirationDay
2018-12-13,1078.0,-16.0,0.0,100,265.37,265.5,0,0.0,0.0,,0.0,1,0.02,0.05,SPY181214C00271500,271.5,normalDay
2018-12-14,1080.0,-503.0,2.0,100,260.47,265.5,0,0.0,0.0,,0.0,1,0.02,0.0,SPY181214C00271500,271.5,expirationDay
2018-12-17,1080.0,-1017.0,0.0,100,255.36,265.5,0,0.0,0.0,,0.0,1,0.01,0.04,SPY181219C00270500,270.5,normalDay
2018-12-18,1080.0,-1043.0,0.0,100,255.08,265.5,0,0.0,0.0,,0.0,1,0.01,0.02,SPY181219C00270500,270.5,normalDay
2018-12-19,1081.0,-1424.0,1.0,100,251.26,265.5,0,0.0,0.0,,0.0,1,0.01,0.0,SPY181219C00270500,270.5,expirationDay
2018-12-20,1081.0,-1833.0,0.0,100,247.17,265.5,0,0.0,0.0,,0.0,0,0.0,0.0,,0.0,bidTooLow
2018-12-21,1081.0,-2480.0,0.0,100,240.7,265.5,0,0.0,0.0,,0.0,0,0.0,0.0,,0.0,bidTooLow
2018-12-24,1081.0,-3116.0,0.0,100,234.34,265.5,0,0.0,0.0,,0.0,0,0.0,0.0,,0.0,bidTooLow
2018-12-26,1081.0,-1932.0,0.0,100,246.18,265.5,0,0.0,0.0,,0.0,0,0.0,0.0,,0.0,bidTooLow
2018-12-27,1081.0,-1743.0,0.0,100,248.07,265.5,0,0.0,0.0,,0.0,0,0.0,0.0,,0.0,bidTooLow
2018-12-28,1081.0,-1775.0,0.0,100,247.75,265.5,0,0.0,0.0,,0.0,0,0.0,0.0,,0.0,bidTooLow
2018-12-31,1081.0,-1558.0,0.0,100,249.92,265.5,0,0.0,0.0,,0.0,0,0.0,0.0,,0.0,bidTooLow
2019-01-02,1081.0,-1532.0,0.0,100,250.18,265.5,0,0.0,0.0,,0.0,0,0.0,0.0,,0.0,bidTooLow
2019-01-03,1081.0,-2129.0,0.0,100,244.21,265.5,0,0.0,0.0,,0.0,0,0.0,0.0,,0.0,bidTooLow
2019-01-04,1081.0,-1311.0,0.0,100,252.39,265.5,0,0.0,0.0,,0.0,0,0.0,0.0,,0.0,bidTooLow
2019-01-07,1081.0,-1116.0,0.0,100,254.38,265.5,0,0.0,0.0,,0.0,1,0.7,0.74,SPY190109C00257000,257.0,normalDay
2019-01-08,1081.0,-911.0,0.0,100,256.77,265.5,0,0.0,0.0,,0.0,1,0.7,1.08,SPY190109C00257000,257.0,normalDay
2019-01-09,301.0,-911.0,-780.0,0,257.97,0.0,0,0.0,0.0,,0.0,1,0.7,0.0,SPY190109C00257000,257.0,expirationDay
2019-01-10,301.0,0.0,0.0,0,258.88,0.0,0,0.0,0.0,,0.0,0,0.0,0.0,,0.0,bidTooLow
2019-01-11,301.0,0.0,0.0,0,258.98,0.0,0,0.0,0.0,,0.0,0,0.0,0.0,,0.0,bidTooLow
2019-01-14,301.0,0.0,0.0,0,257.4,0.0,0,0.0,0.0,,0.0,0,0.0,0.0,,0.0,bidTooLow
2019-01-15,301.0,0.0,0.0,0,260.35,0.0,0,0.0,0.0,,0.0,0,0.0,0.0,,0.0,bidTooLow
2019-01-16,301.0,0.0,0.0,0,260.98,0.0,0,0.0,0.0,,0.0,0,0.0,0.0,,0.0,bidTooLow
2019-01-17,301.0,0.0,0.0,0,262.96,0.0,0,0.0,0.0,,0.0,0,0.0,0.0,,0.0,bidTooLow
2019-01-18,301.0,0.0,0.0,0,266.46,0.0,0,0.0,0.0,,0.0,0,0.0,0.0,,0.0,bidTooLow
2019-01-22,301.0,0.0,0.0,0,262.86,0.0,0,0.0,0.0,,0.0,0,0.0,0.0,,0.0,bidTooLow
2019-01-23,301.0,0.0,0.0,0,263.41,0.0,0,0.0,0.0,,0.0,0,0.0,0.0,,0.0,bidTooLow
2019-01-24,301.0,0.0,0.0,0,263.55,0.0,0,0.0,0.0,,0.0,0,0.0,0.0,,0.0,bidTooLow
2019-01-25,301.0,0.0,0.0,0,265.78,0.0,0,0.0,0.0,,0.0,0,0.0,0.0,,0.0,bidTooLow
2019-01-28,301.0,0.0,0.0,0,263.76,0.0,0,0.0,0.0,,0.0,0,0.0,0.0,,0.0,bidTooLow
2019-01-29,301.0,-3.0,0.0,0,263.41,0.0,1,0.06,0.09,SPY190201P00251000,251.0,0,0.0,0.0,,0.0,normalDay
2019-01-30,301.0,5.0,0.0,0,267.58,0.0,1,0.06,0.01,SPY190201P00251000,251.0,0,0.0,0.0,,0.0,normalDay
2019-01-31,301.0,5.0,0.0,0,269.93,0.0,1,0.06,0.01,SPY190201P00251000,251.0,0,0.0,0.0,,0.0,normalDay
2019-02-01,307.0,0.0,6.0,0,270.06,0.0,1,0.06,0.0,SPY190201P00251000,251.0,0,0.0,0.0,,0.0,expirationDay
2019-02-04,307.0,0.0,0.0,0,271.96,0.0,0,0.0,0.0,,0.0,0,0.0,0.0,,0.0,bidTooLow
2019-02-05,307.0,0.0,0.0,0,273.1,0.0,0,0.0,0.0,,0.0,0,0.0,0.0,,0.0,bidTooLow
2019-02-06,307.0,0.0,0.0,0,272.74,0.0,0,0.0,0.0,,0.0,0,0.0,0.0,,0.0,bidTooLow
2019-02-07,307.0,0.0,0.0,0,270.14,0.0,0,0.0,0.0,,0.0,0,0.0,0.0,,0.0,bidTooLow
2019-02-08,307.0,0.0,0.0,0,270.47,0.0,0,0.0,0.0,,0.0,0,0.0,0.0,,0.0,bidTooLow
2019-02-11,307.0,0.0,0.0,0,270.62,0.0,0,0.0,0.0,,0.0,0,0.0,0.0,,0.0,bidTooLow
2019-02-12,307.0,-3.0,0.0,0,274.1,0.0,1,0.02,0.05,SPY190215P00261500,261.5,0,0.0,0.0,,0.0,normalDay
2019-02-13,307.0,-1.0,0.0,0,274.99,0.0,1,0.02,0.03,SPY190215P00261500,261.5,0,0.0,0.0,,0.0,normalDay
2019-02-14,307.0,0.0,0.0,0,274.38,0.0,1,0.02,0.02,SPY190215P00261500,261.5,0,0.0,0.0,,0.0,normalDay
2019-02-15,309.0,0.0,2.0,0,277.37,0.0,1,0.02,0.0,SPY190215P00261500,261.5,0,0.0,0.0,,0.0,expirationDay
2019-02-19,309.0,0.0,0.0,0,277.85,0.0,0,0.0,0.0,,0.0,0,0.0,0.0,,0.0,bidTooLow
2019-02-20,309.0,0.0,0.0,0,278.41,0.0,0,0.0,0.0,,0.0,0,0.0,0.0,,0.0,bidTooLow
2019-02-21,309.0,0.0,0.0,0,277.42,0.0,0,0.0,0.0,,0.0,0,0.0,0.0,,0.0,bidTooLow
2019-02-22,309.0,0.0,0.0,0,279.14,0.0,0,0.0,0.0,,0.0,0,0.0,0.0,,0.0,bidTooLow
2019-02-25,309.0,0.0,0.0,0,279.52,0.0,0,0.0,0.0,,0.0,0,0.0,0.0,,0.0,bidTooLow
2019-02-26,309.0,-3.0,0.0,0,279.32,0.0,1,0.02,0.05,SPY190301P00268000,268.0,0,0.0,0.0,,0.0,normalDay
2019-02-27,309.0,-1.0,0.0,0,279.2,0.0,1,0.02,0.03,SPY190301P00268000,268.0,0,0.0,0.0,,0.0,normalDay
2019-02-28,309.0,1.0,0.0,0,278.68,0.0,1,0.02,0.01,SPY190301P00268000,268.0,0,0.0,0.0,,0.0,normalDay
2019-03-01,311.0,0.0,2.0,0,280.42,0.0,1,0.02,0.0,SPY190301P00268000,268.0,0,0.0,0.0,,0.0,expirationDay
2019-03-04,311.0,-3.0,0.0,0,279.4,0.0,1,0.01,0.04,SPY190306P00271500,271.5,0,0.0,0.0,,0.0,normalDay
2019-03-05,311.0,0.0,0.0,0,279.02,0.0,1,0.01,0.01,SPY190306P00271500,271.5,0,0.0,0.0,,0.0,normalDay
2019-03-06,312.0,0.0,1.0,0,277.33,0.0,1,0.01,0.0,SPY190306P00271500,271.5,0,0.0,0.0,,0.0,expirationDay
2019-03-07,312.0,-3.0,0.0,0,275.01,0.0,1,0.16,0.19,SPY190308P00272500,272.5,0,0.0,0.0,,0.0,normalDay
2019-03-08,328.0,0.0,16.0,0,274.46,0.0,1,0.16,0.0,SPY190308P00272500,272.5,0,0.0,0.0,,0.0,expirationDay
2019-03-11,328.0,-3.0,0.0,0,278.44,0.0,1,0.09,0.12,SPY190313P00274000,274.0,0,0.0,0.0,,0.0,normalDay
2019-03-12,328.0,6.0,0.0,0,279.49,0.0,1,0.09,0.03,SPY190313P00274000,274.0,0,0.0,0.0,,0.0,normalDay
2019-03-13,337.0,0.0,9.0,0,281.34,0.0,1,0.09,0.0,SPY190313P00274000,274.0,0,0.0,0.0,,0.0,expirationDay
2019-03-14,337.0,-3.0,0.0,0,281.16,0.0,1,0.05,0.08,SPY190315P00276000,276.0,0,0.0,0.0,,0.0,normalDay
2019-03-15,342.0,0.0,5.0,0,281.31,0.0,1,0.05,0.0,SPY190315P00276000,276.0,0,0.0,0.0,,0.0,expirationDay
2019-03-18,342.0,-3.0,0.0,0,282.33,0.0,1,0.01,0.04,SPY190320P00276500,276.5,0,0.0,0.0,,0.0,normalDay
2019-03-19,342.0,-2.0,0.0,0,282.4,0.0,1,0.01,0.03,SPY190320P00276500,276.5,0,0.0,0.0,,0.0,normalDay
2019-03-20,343.0,0.0,1.0,0,281.55,0.0,1,0.01,0.0,SPY190320P00276500,276.5,0,0.0,0.0,,0.0,expirationDay
2019-03-21,343.0,0.0,0.0,0,284.73,0.0,0,0.0,0.0,,0.0,0,0.0,0.0,,0.0,bidTooLow
2019-03-22,343.0,-4.0,0.0,0,279.25,0.0,1,0.24,0.28,SPY190325P00276500,276.5,0,0.0,0.0,,0.0,normalDay
2019-03-25,367.0,0.0,24.0,0,279.04,0.0,1,0.24,0.0,SPY190325P00276500,276.5,0,0.0,0.0,,0.0,expirationDay
2019-03-26,367.0,-4.0,0.0,0,281.12,0.0,1,0.4,0.44,SPY190329P00277000,277.0,0,0.0,0.0,,0.0,normalDay
2019-03-27,367.0,-14.0,0.0,0,279.65,0.0,1,0.4,0.54,SPY190329P00277000,277.0,0,0.0,0.0,,0.0,normalDay
2019-03-28,367.0,30.0,0.0,0,280.71,0.0,1,0.4,0.1,SPY190329P00277000,277.0,0,0.0,0.0,,0.0,normalDay
2019-03-29,407.0,0.0,40.0,0,282.48,0.0,1,0.4,0.0,SPY190329P00277000,277.0,0,0.0,0.0,,0.0,expirationDay
2019-04-01,407.0,0.0,0.0,0,285.83,0.0,0,0.0,0.0,,0.0,0,0.0,0.0,,0.0,bidTooLow
2019-04-02,407.0,-3.0,0.0,0,285.97,0.0,1,0.01,0.04,SPY190405P00276500,276.5,0,0.0,0.0,,0.0,normalDay
2019-04-03,407.0,-1.0,0.0,0,286.42,0.0,1,0.01,0.02,SPY190405P00276500,276.5,0,0.0,0.0,,0.0,normalDay
2019-04-04,407.0,0.0,0.0,0,287.18,0.0,1,0.01,0.01,SPY190405P00276500,276.5,0,0.0,0.0,,0.0,normalDay
2019-04-05,408.0,0.0,1.0,0,288.57,0.0,1,0.01,0.0,SPY190405P00276500,276.5,0,0.0,0.0,,0.0,expirationDay
2019-04-08,408.0,0.0,0.0,0,288.79,0.0,0,0.0,0.0,,0.0,0,0.0,0.0,,0.0,bidTooLow
2019-04-09,408.0,-3.0,0.0,0,287.31,0.0,1,0.03,0.06,SPY190412P00279000,279.0,0,0.0,0.0,,0.0,normalDay
2019-04-10,408.0,1.0,0.0,0,288.29,0.0,1,0.03,0.02,SPY190412P00279000,279.0,0,0.0,0.0,,0.0,normalDay
2019-04-11,408.0,2.0,0.0,0,288.21,0.0,1,0.03,0.01,SPY190412P00279000,279.0,0,0.0,0.0,,0.0,normalDay
2019-04-12,411.0,0.0,3.0,0,290.16,0.0,1,0.03,0.0,SPY190412P00279000,279.0,0,0.0,0.0,,0.0,expirationDay
2019-04-15,411.0,-3.0,0.0,0,289.97,0.0,1,0.01,0.04,SPY190418P00280000,280.0,0,0.0,0.0,,0.0,normalDay
2019-04-16,411.0,-2.0,0.0,0,290.16,0.0,1,0.01,0.03,SPY190418P00280000,280.0,0,0.0,0.0,,0.0,normalDay
2019-04-17,411.0,-1.0,0.0,0,289.45,0.0,1,0.01,0.02,SPY190418P00280000,280.0,0,0.0,0.0,,0.0,normalDay
2019-04-18,412.0,0.0,1.0,0,290.02,0.0,1,0.01,0.0,SPY190418P00280000,280.0,0,0.0,0.0,,0.0,expirationDay
2019-04-22,412.0,0.0,0.0,0,290.27,0.0,0,0.0,0.0,,0.0,0,0.0,0.0,,0.0,bidTooLow
2019-04-23,412.0,0.0,0.0,0,292.88,0.0,0,0.0,0.0,,0.0,0,0.0,0.0,,0.0,bidTooLow
2019-04-24,412.0,-3.0,0.0,0,292.23,0.0,1,0.01,0.04,SPY190426P00283000,283.0,0,0.0,0.0,,0.0,normalDay
2019-04-25,412.0,-1.0,0.0,0,292.05,0.0,1,0.01,0.02,SPY190426P00283000,283.0,0,0.0,0.0,,0.0,normalDay
2019-04-26,413.0,0.0,1.0,0,293.41,0.0,1,0.01,0.0,SPY190426P00283000,283.0,0,0.0,0.0,,0.0,expirationDay
2019-04-29,413.0,-3.0,0.0,0,293.87,0.0,1,0.02,0.05,SPY190501P00286500,286.5,0,0.0,0.0,,0.0,normalDay
2019-04-30,413.0,0.0,0.0,0,294.02,0.0,1,0.02,0.02,SPY190501P00286500,286.5,0,0.0,0.0,,0.0,normalDay
2019-05-01,415.0,0.0,2.0,0,291.81,0.0,1,0.02,0.0,SPY190501P00286500,286.5,0,0.0,0.0,,0.0,expirationDay
2019-05-02,415.0,-3.0,0.0,0,291.18,0.0,1,0.09,0.12,SPY190503P00287500,287.5,0,0.0,0.0,,0.0,normalDay
2019-05-03,424.0,0.0,9.0,0,294.03,0.0,1,0.09,0.0,SPY190503P00287500,287.5,0,0.0,0.0,,0.0,expirationDay
2019-05-06,424.0,-4.0,0.0,0,292.82,0.0,1,0.23,0.27,SPY190508P00288500,288.5,0,0.0,0.0,,0.0,normalDay
2019-05-07,424.0,-127.0,0.0,0,287.93,0.0,1,0.23,1.5,SPY190508P00288500,288.5,0,0.0,0.0,,0.0,normalDay
2019-05-08,447.0,-97.0,23.0,100,287.53,288.5,1,0.23,0.0,SPY190508P00288500,288.5,0,0.0,0.0,,0.0,expirationDay
2019-05-09,447.0,-187.0,0.0,100,286.66,288.5,0,0.0,0.0,,0.0,1,0.19,0.22,SPY190510C00292000,292.0,normalDay
2019-05-10,466.0,-40.0,19.0,100,288.1,288.5,0,0.0,0.0,,0.0,1,0.19,0.0,SPY190510C00292000,292.0,expirationDay
2019-05-13,466.0,-764.0,0.0,100,280.86,288.5,0,0.0,0.0,,0.0,0,0.0,0.0,,0.0,bidTooLow
2019-05-14,466.0,-513.0,0.0,100,283.4,288.5,0,0.0,0.0,,0.0,1,0.01,0.04,SPY190517C00292000,292.0,normalDay
2019-05-15,466.0,-345.0,0.0,100,285.06,288.5,0,0.0,0.0,,0.0,1,0.01,0.02,SPY190517C00292000,292.0,normalDay
2019-05-16,466.0,-82.0,0.0,100,287.7,288.5,0,0.0,0.0,,0.0,1,0.01,0.03,SPY190517C00292000,292.0,normalDay
2019-05-17,467.0,-266.0,1.0,100,285.84,288.5,0,0.0,0.0,,0.0,1,0.01,0.0,SPY190517C00292000,292.0,expirationDay
2019-05-20,467.0,-455.0,0.0,100,283.95,288.5,0,0.0,0.0,,0.0,0,0.0,0.0,,0.0,bidTooLow
2019-05-21,467.0,-202.0,0.0,100,286.51,288.5,0,0.0,0.0,,0.0,1,0.12,0.15,SPY190524C00291000,291.0,normalDay
2019-05-22,467.0,-278.0,0.0,100,285.63,288.5,0,0.0,0.0,,0.0,1,0.12,0.03,SPY190524C00291000,291.0,normalDay
2019-05-23,467.0,-625.0,0.0,100,282.14,288.5,0,0.0,0.0,,0.0,1,0.12,0.01,SPY190524C00291000,291.0,normalDay
2019-05-24,479.0,-572.0,12.0,100,282.78,288.5,0,0.0,0.0,,0.0,1,0.12,0.0,SPY190524C00291000,291.0,expirationDay
2019-05-28,479.0,-838.0,0.0,100,280.15,288.5,0,0.0,0.0,,0.0,1,0.01,0.04,SPY190531C00289000,289.0,normalDay
2019-05-29,479.0,-1024.0,0.0,100,278.27,288.5,0,0.0,0.0,,0.0,1,0.01,0.02,SPY190531C00289000,289.0,normalDay
2019-05-30,479.0,-947.0,0.0,100,279.03,288.5,0,0.0,0.0,,0.0,1,0.01,0.01,SPY190531C00289000,289.0,normalDay
2019-05-31,480.0,-1323.0,1.0,100,275.27,288.5,0,0.0,0.0,,0.0,1,0.01,0.0,SPY190531C00289000,289.0,expirationDay
2019-06-03,480.0,-1393.0,0.0,100,274.57,288.5,0,0.0,0.0,,0.0,0,0.0,0.0,,0.0,bidTooLow
2019-06-04,480.0,-800.0,0.0,100,280.53,288.5,0,0.0,0.0,,0.0,1,0.2,0.23,SPY190607C00285000,285.0,normalDay
2019-06-05,480.0,-582.0,0.0,100,282.96,288.5,0,0.0,0.0,,0.0,1,0.2,0.48,SPY190607C00285000,285.0,normalDay
2019-06-06,480.0,-436.0,0.0,100,284.8,288.5,0,0.0,0.0,,0.0,1,0.2,0.86,SPY190607C00285000,285.0,normalDay
2019-06-07,150.0,-436.0,-330.0,0,287.65,0.0,0,0.0,0.0,,0.0,1,0.2,0.0,SPY190607C00285000,285.0,expirationDay
2019-06-10,150.0,0.0,0.0,0,288.97,0.0,0,0.0,0.0,,0.0,0,0.0,0.0,,0.0,bidTooLow
2019-06-11,150.0,-3.0,0.0,0,288.9,0.0,1,0.01,0.04,SPY190614P00278000,278.0,0,0.0,0.0,,0.0,normalDay
2019-06-12,150.0,-1.0,0.0,0,288.39,0.0,1,0.01,0.02,SPY190614P00278000,278.0,0,0.0,0.0,,0.0,normalDay
2019-06-13,150.0,-1.0,0.0,0,289.58,0.0,1,0.01,0.02,SPY190614P00278000,278.0,0,0.0,0.0,,0.0,normalDay
2019-06-14,151.0,0.0,1.0,0,289.26,0.0,1,0.01,0.0,SPY190614P00278000,278.0,0,0.0,0.0,,0.0,expirationDay
2019-06-17,151.0,0.0,0.0,0,289.37,0.0,0,0.0,0.0,,0.0,0,0.0,0.0,,0.0,bidTooLow
2019-06-18,151.0,-3.0,0.0,0,292.4,0.0,1,0.03,0.06,SPY190621P00277500,277.5,0,0.0,0.0,,0.0,normalDay
2019-06-19,151.0,-1.0,0.0,0,293.06,0.0,1,0.03,0.04,SPY190621P00277500,277.5,0,0.0,0.0,,0.0,normalDay
2019-06-20,151.0,-1.0,0.0,0,295.86,0.0,1,0.03,0.04,SPY190621P00277500,277.5,0,0.0,0.0,,0.0,normalDay
2019-06-21,154.0,0.0,3.0,0,294.0,0.0,1,0.03,0.0,SPY190621P00277500,277.5,0,0.0,0.0,,0.0,expirationDay
2019-06-24,154.0,0.0,0.0,0,293.64,0.0,0,0.0,0.0,,0.0,0,0.0,0.0,,0.0,bidTooLow
2019-06-25,154.0,-3.0,0.0,0,290.76,0.0,1,0.03,0.06,SPY190628P00279000,279.0,0,0.0,0.0,,0.0,normalDay
2019-06-26,154.0,0.0,0.0,0,290.47,0.0,1,0.03,0.03,SPY190628P00279000,279.0,0,0.0,0.0,,0.0,normalDay
2019-06-27,154.0,2.0,0.0,0,291.5,0.0,1,0.03,0.01,SPY190628P00279000,279.0,0,0.0,0.0,,0.0,normalDay
2019-06-28,157.0,0.0,3.0,0,293.0,0.0,1,0.03,0.0,SPY190628P00279000,279.0,0,0.0,0.0,,0.0,expirationDay
2019-07-01,157.0,0.0,0.0,0,295.66,0.0,0,0.0,0.0,,0.0,0,0.0,0.0,,0.0,bidTooLow
2019-07-02,157.0,-3.0,0.0,0,296.43,0.0,1,0.01,0.04,SPY190705P00286000,286.0,0,0.0,0.0,,0.0,normalDay
2019-07-03,157.0,-1.0,0.0,0,298.8,0.0,1,0.01,0.02,SPY190705P00286000,286.0,0,0.0,0.0,,0.0,normalDay
2019-07-05,158.0,0.0,1.0,0,298.46,0.0,1,0.01,0.0,SPY190705P00286000,286.0,0,0.0,0.0,,0.0,expirationDay
2019-07-08,158.0,0.0,0.0,0,296.82,0.0,0,0.0,0.0,,0.0,0,0.0,0.0,,0.0,bidTooLow
2019-07-09,158.0,-3.0,0.0,0,297.19,0.0,1,0.03,0.06,SPY190712P00289000,289.0,0,0.0,0.0,,0.0,normalDay
2019-07-10,158.0,1.0,0.0,0,298.61,0.0,1,0.03,0.02,SPY190712P00289000,289.0,0,0.0,0.0,,0.0,normalDay
2019-07-11,158.0,1.0,0.0,0,299.31,0.0,1,0.03,0.02,SPY190712P00289000,289.0,0,0.0,0.0,,0.0,normalDay
2019-07-12,161.0,0.0,3.0,0,300.65,0.0,1,0.03,0.0,SPY190712P00289000,289.0,0,0.0,0.0,,0.0,expirationDay
2019-07-15,161.0,0.0,0.0,0,300.75,0.0,0,0.0,0.0,,0.0,0,0.0,0.0,,0.0,bidTooLow
2019-07-16,161.0,-3.0,0.0,0,299.78,0.0,1,0.05,0.08,SPY190719P00292000,292.0,0,0.0,0.0,,0.0,normalDay
2019-07-17,161.0,-4.0,0.0,0,297.74,0.0,1,0.05,0.09,SPY190719P00292000,292.0,0,0.0,0.0,,0.0,normalDay
2019-07-18,161.0,1.0,0.0,0,298.83,0.0,1,0.05,0.04,SPY190719P00292000,292.0,0,0.0,0.0,,0.0,normalDay
2019-07-19,166.0,0.0,5.0,0,297.17,0.0,1,0.05,0.0,SPY190719P00292000,292.0,0,0.0,0.0,,0.0,expirationDay
2019-07-22,166.0,-3.0,0.0,0,297.9,0.0,1,0.04,0.07,SPY190724P00292500,292.5,0,0.0,0.0,,0.0,normalDay
2019-07-23,166.0,2.0,0.0,0,300.03,0.0,1,0.04,0.02,SPY190724P00292500,292.5,0,0.0,0.0,,0.0,normalDay
2019-07-24,170.0,0.0,4.0,0,301.44,0.0,1,0.04,0.0,SPY190724P00292500,292.5,0,0.0,0.0,,0.0,expirationDay
2019-07-25,170.0,0.0,0.0,0,300.0,0.0,0,0.0,0.0,,0.0,0,0.0,0.0,,0.0,bidTooLow
2019-07-26,170.0,0.0,0.0,0,302.01,0.0,0,0.0,0.0,,0.0,0,0.0,0.0,,0.0,bidTooLow
2019-07-29,170.0,-3.0,0.0,0,301.46,0.0,1,0.12,0.15,SPY190731P00296500,296.5,0,0.0,0.0,,0.0,normalDay
2019-07-30,170.0,-6.0,0.0,0,300.72,0.0,1,0.12,0.18,SPY190731P00296500,296.5,0,0.0,0.0,,0.0,normalDay
2019-07-31,182.0,0.0,12.0,0,297.43,0.0,1,0.12,0.0,SPY190731P00296500,296.5,0,0.0,0.0,,0.0,expirationDay
2019-08-01,182.0,-7.0,0.0,0,294.84,0.0,1,2.35,2.42,SPY190802P00297000,297.0,0,0.0,0.0,,0.0,normalDay
2019-08-02,417.0,-438.0,235.0,100,292.62,297.0,1,2.35,0.0,SPY190802P00297000,297.0,0,0.0,0.0,,0.0,expirationDay
2019-08-05,417.0,-1318.0,0.0,100,283.82,297.0,0,0.0,0.0,,0.0,0,0.0,0.0,,0.0,bidTooLow
2019-08-06,417.0,-920.0,0.0,100,287.8,297.0,0,0.0,0.0,,0.0,0,0.0,0.0,,0.0,bidTooLow
2019-08-07,417.0,-903.0,0.0,100,287.97,297.0,0,0.0,0.0,,0.0,0,0.0,0.0,,0.0,bidTooLow
2019-08-08,417.0,-338.0,0.0,100,293.62,297.0,0,0.0,0.0,,0.0,0,0.0,0.0,,0.0,bidTooLow
2019-08-09,417.0,-538.0,0.0,100,291.62,297.0,0,0.0,0.0,,0.0,0,0.0,0.0,,0.0,bidTooLow
2019-08-12,417.0,-893.0,0.0,100,288.07,297.0,0,0.0,0.0,,0.0,0,0.0,0.0,,0.0,bidTooLow
2019-08-13,417.0,-448.0,0.0,100,292.55,297.0,0,0.0,0.0,,0.0,1,0.13,0.16,SPY190816C00298000,298.0,normalDay
2019-08-14,417.0,-1299.0,0.0,100,283.9,297.0,0,0.0,0.0,,0.0,1,0.13,0.02,SPY190816C00298000,298.0,normalDay
2019-08-15,417.0,-1223.0,0.0,100,284.65,297.0,0,0.0,0.0,,0.0,1,0.13,0.01,SPY190816C00298000,298.0,normalDay
2019-08-16,430.0,-815.0,13.0,100,288.85,297.0,0,0.0,0.0,,0.0,1,0.13,0.0,SPY190816C00298000,298.0,expirationDay
2019-08-19,430.0,-470.0,0.0,100,292.33,297.0,0,0.0,0.0,,0.0,1,0.09,0.12,SPY190821C00296000,296.0,normalDay
2019-08-20,430.0,-684.0,0.0,100,290.09,297.0,0,0.0,0.0,,0.0,1,0.09,0.02,SPY190821C00296000,296.0,normalDay
2019-08-21,439.0,-455.0,9.0,100,292.45,297.0,0,0.0,0.0,,0.0,1,0.09,0.0,SPY190821C00296000,296.0,expirationDay
2019-08-22,439.0,-467.0,0.0,100,292.36,297.0,0,0.0,0.0,,0.0,1,0.17,0.2,SPY190823C00295000,295.0,normalDay
2019-08-23,456.0,-1215.0,17.0,100,284.85,297.0,0,0.0,0.0,,0.0,1,0.17,0.0,SPY190823C00295000,295.0,expirationDay
2019-08-26,456.0,-903.0,0.0,100,288.0,297.0,0,0.0,0.0,,0.0,1,0.21,0.24,SPY190828C00292500,292.5,normalDay
2019-08-27,456.0,-996.0,0.0,100,286.87,297.0,0,0.0,0.0,,0.0,1,0.21,0.04,SPY190828C00292500,292.5,normalDay
2019-08-28,477.0,-811.0,21.0,100,288.89,297.0,0,0.0,0.0,,0.0,1,0.21,0.0,SPY190828C00292500,292.5,expirationDay
2019-08-29,477.0,-449.0,0.0,100,292.58,297.0,0,0.0,0.0,,0.0,1,2.08,2.15,SPY190830C00291000,291.0,normalDay
2019-08-30,85.0,-449.0,-392.0,0,292.45,0.0,0,0.0,0.0,,0.0,1,2.08,0.0,SPY190830C00291000,291.0,expirationDay
2019-09-03,85.0,-3.0,0.0,0,290.74,0.0,1,0.77,0.8,SPY190906P00286000,286.0,0,0.0,0.0,,0.0,normalDay
2019-09-04,85.0,67.0,0.0,0,294.04,0.0,1,0.77,0.1,SPY190906P00286000,286.0,0,0.0,0.0,,0.0,normalDay
2019-09-05,85.0,75.0,0.0,0,297.82,0.0,1,0.77,0.02,SPY190906P00286000,286.0,0,0.0,0.0,,0.0,normalDay
2019-09-06,162.0,0.0,77.0,0,298.05,0.0,1,0.77,0.0,SPY190906P00286000,286.0,0,0.0,0.0,,0.0,expirationDay
2019-09-09,162.0,0.0,0.0,0,298.2,0.0,0,0.0,0.0,,0.0,0,0.0,0.0,,0.0,bidTooLow
2019-09-10,162.0,-3.0,0.0,0,298.13,0.0,1,0.02,0.05,SPY190913P00285500,285.5,0,0.0,0.0,,0.0,normalDay
2019-09-11,162.0,0.0,0.0,0,300.25,0.0,1,0.02,0.02,SPY190913P00285500,285.5,0,0.0,0.0,,0.0,normalDay
2019-09-12,162.0,0.0,0.0,0,301.29,0.0,1,0.02,0.02,SPY190913P00285500,285.5,0,0.0,0.0,,0.0,normalDay
2019-09-13,164.0,0.0,2.0,0,301.09,0.0,1,0.02,0.0,SPY190913P00285500,285.5,0,0.0,0.0,,0.0,expirationDay
2019-09-16,164.0,-3.0,0.0,0,300.16,0.0,1,0.02,0.05,SPY190918P00287500,287.5,0,0.0,0.0,,0.0,normalDay
2019-09-17,164.0,0.0,0.0,0,300.92,0.0,1,0.02,0.02,SPY190918P00287500,287.5,0,0.0,0.0,,0.0,normalDay
2019-09-18,166.0,0.0,2.0,0,301.1,0.0,1,0.02,0.0,SPY190918P00287500,287.5,0,0.0,0.0,,0.0,expirationDay
2019-09-19,166.0,-3.0,0.0,0,301.08,0.0,1,0.03,0.06,SPY190920P00288500,288.5,0,0.0,0.0,,0.0,normalDay
2019-09-20,169.0,0.0,3.0,0,298.28,0.0,1,0.03,0.0,SPY190920P00288500,288.5,0,0.0,0.0,,0.0,expirationDay
2019-09-23,169.0,-3.0,0.0,0,298.21,0.0,1,0.01,0.04,SPY190925P00290000,290.0,0,0.0,0.0,,0.0,normalDay
2019-09-24,169.0,-8.0,0.0,0,295.87,0.0,1,0.01,0.09,SPY190925P00290000,290.0,0,0.0,0.0,,0.0,normalDay
2019-09-25,170.0,0.0,1.0,0,297.62,0.0,1,0.01,0.0,SPY190925P00290000,290.0,0,0.0,0.0,,0.0,expirationDay
2019-09-26,170.0,-3.0,0.0,0,297.0,0.0,1,0.1,0.13,SPY190927P00293500,293.5,0,0.0,0.0,,0.0,normalDay
2019-09-27,180.0,0.0,10.0,0,295.4,0.0,1,0.1,0.0,SPY190927P00293500,293.5,0,0.0,0.0,,0.0,expirationDay
2019-09-30,180.0,-4.0,0.0,0,296.77,0.0,1,0.39,0.43,SPY191002P00294500,294.5,0,0.0,0.0,,0.0,normalDay
2019-10-01,180.0,-134.0,0.0,0,293.24,0.0,1,0.39,1.73,SPY191002P00294500,294.5,0,0.0,0.0,,0.0,normalDay
2019-10-02,219.0,-644.0,39.0,100,288.06,294.5,1,0.39,0.0,SPY191002P00294500,294.5,0,0.0,0.0,,0.0,expirationDay
2019-10-03,219.0,-408.0,0.0,100,290.42,294.5,0,0.0,0.0,,0.0,0,0.0,0.0,,0.0,bidTooLow
2019-10-04,219.0,-15.0,0.0,100,294.35,294.5,0,0.0,0.0,,0.0,0,0.0,0.0,,0.0,bidTooLow
2019-10-07,219.0,-142.0,0.0,100,293.08,294.5,0,0.0,0.0,,0.0,0,0.0,0.0,,0.0,bidTooLow
2019-10-08,219.0,-600.0,0.0,100,288.53,294.5,0,0.0,0.0,,0.0,1,0.02,0.05,SPY191011C00299000,299.0,normalDay
2019-10-09,219.0,-326.0,0.0,100,291.27,294.5,0,0.0,0.0,,0.0,1,0.02,0.05,SPY191011C00299000,299.0,normalDay
2019-10-10,219.0,-135.0,0.0,100,293.24,294.5,0,0.0,0.0,,0.0,1,0.02,0.11,SPY191011C00299000,299.0,normalDay
2019-10-11,221.0,178.0,2.0,100,296.28,294.5,0,0.0,0.0,,0.0,1,0.02,0.0,SPY191011C00299000,299.0,expirationDay
2019-10-14,221.0,142.0,0.0,100,295.95,294.5,0,0.0,0.0,,0.0,1,0.6,0.63,SPY191016C00297000,297.0,normalDay
2019-10-15,221.0,281.0,0.0,100,298.88,294.5,0,0.0,0.0,,0.0,1,0.6,2.17,SPY191016C00297000,297.0,normalDay
2019-10-16,531.0,281.0,310.0,0,298.4,0.0,0,0.0,0.0,,0.0,1,0.6,0.0,SPY191016C00297000,297.0,expirationDay
2019-10-17,531.0,0.0,0.0,0,299.28,0.0,0,0.0,0.0,,0.0,0,0.0,0.0,,0.0,bidTooLow
2019-10-18,531.0,0.0,0.0,0,297.97,0.0,0,0.0,0.0,,0.0,0,0.0,0.0,,0.0,bidTooLow
2019-10-21,531.0,0.0,0.0,0,299.99,0.0,0,0.0,0.0,,0.0,0,0.0,0.0,,0.0,bidTooLow
2019-10-22,531.0,-3.0,0.0,0,299.01,0.0,1,0.05,0.08,SPY191025P00290500,290.5,0,0.0,0.0,,0.0,normalDay
2019-10-23,531.0,2.0,0.0,0,299.88,0.0,1,0.05,0.03,SPY191025P00290500,290.5,0,0.0,0.0,,0.0,normalDay
2019-10-24,531.0,4.0,0.0,0,300.37,0.0,1,0.05,0.01,SPY191025P00290500,290.5,0,0.0,0.0,,0.0,normalDay
2019-10-25,536.0,0.0,5.0,0,301.6,0.0,1,0.05,0.0,SPY191025P00290500,290.5,0,0.0,0.0,,0.0,expirationDay
2019-10-28,536.0,0.0,0.0,0,303.3,0.0,0,0.0,0.0,,0.0,0,0.0,0.0,,0.0,bidTooLow
2019-10-29,536.0,-3.0,0.0,0,303.21,0.0,1,0.01,0.04,SPY191101P00290500,290.5,0,0.0,0.0,,0.0,normalDay
2019-10-30,536.0,-1.0,0.0,0,304.14,0.0,1,0.01,0.02,SPY191101P00290500,290.5,0,0.0,0.0,,0.0,normalDay
2019-10-31,536.0,0.0,0.0,0,303.33,0.0,1,0.01,0.01,SPY191101P00290500,290.5,0,0.0,0.0,,0.0,normalDay
2019-11-01,537.0,0.0,1.0,0,306.14,0.0,1,0.01,0.0,SPY191101P00290500,290.5,0,0.0,0.0,,0.0,expirationDay
2019-11-04,537.0,0.0,0.0,0,307.37,0.0,0,0.0,0.0,,0.0,0,0.0,0.0,,0.0,bidTooLow
2019-11-05,537.0,0.0,0.0,0,307.03,0.0,0,0.0,0.0,,0.0,0,0.0,0.0,,0.0,bidTooLow
2019-11-06,537.0,0.0,0.0,0,307.1,0.0,0,0.0,0.0,,0.0,0,0.0,0.0,,0.0,bidTooLow
2019-11-07,537.0,0.0,0.0,0,308.18,0.0,0,0.0,0.0,,0.0,0,0.0,0.0,,0.0,bidTooLow
2019-11-08,537.0,0.0,0.0,0,308.94,0.0,0,0.0,0.0,,0.0,0,0.0,0.0,,0.0,bidTooLow
2019-11-11,537.0,0.0,0.0,0,308.35,0.0,0,0.0,0.0,,0.0,0,0.0,0.0,,0.0,bidTooLow
2019-11-12,537.0,0.0,0.0,0,309.0,0.0,0,0.0,0.0,,0.0,0,0.0,0.0,,0.0,bidTooLow
2019-11-13,537.0,0.0,0.0,0,309.1,0.0,0,0.0,0.0,,0.0,0,0.0,0.0,,0.0,bidTooLow
2019-11-14,537.0,0.0,0.0,0,309.55,0.0,0,0.0,0.0,,0.0,0,0.0,0.0,,0.0,bidTooLow
2019-11-15,537.0,0.0,0.0,0,311.79,0.0,0,0.0,0.0,,0.0,0,0.0,0.0,,0.0,bidTooLow
2019-11-18,537.0,0.0,0.0,0,312.02,0.0,0,0.0,0.0,,0.0,0,0.0,0.0,,0.0,bidTooLow
2019-11-19,537.0,-3.0,0.0,0,311.93,0.0,1,0.03,0.06,SPY191122P00302000,302.0,0,0.0,0.0,,0.0,normalDay
2019-11-20,537.0,-4.0,0.0,0,310.77,0.0,1,0.03,0.07,SPY191122P00302000,302.0,0,0.0,0.0,,0.0,normalDay
2019-11-21,537.0,0.0,0.0,0,310.27,0.0,1,0.03,0.03,SPY191122P00302000,302.0,0,0.0,0.0,,0.0,normalDay
2019-11-22,540.0,0.0,3.0,0,310.96,0.0,1,0.03,0.0,SPY191122P00302000,302.0,0,0.0,0.0,,0.0,expirationDay
2019-11-25,540.0,0.0,0.0,0,313.37,0.0,0,0.0,0.0,,0.0,0,0.0,0.0,,0.0,bidTooLow
2019-11-26,540.0,-3.0,0.0,0,314.08,0.0,1,0.02,0.05,SPY191129P00305500,305.5,0,0.0,0.0,,0.0,normalDay
2019-11-27,540.0,0.0,0.0,0,315.48,0.0,1,0.02,0.02,SPY191129P00305500,305.5,0,0.0,0.0,,0.0,normalDay
2019-11-29,542.0,0.0,2.0,0,314.31,0.0,1,0.02,0.0,SPY191129P00305500,305.5,0,0.0,0.0,,0.0,expirationDay
2019-12-02,542.0,-3.0,0.0,0,311.64,0.0,1,0.24,0.27,SPY191204P00307500,307.5,0,0.0,0.0,,0.0,normalDay
2019-12-03,542.0,-15.0,0.0,0,309.55,0.0,1,0.24,0.39,SPY191204P00307500,307.5,0,0.0,0.0,,0.0,normalDay
2019-12-04,566.0,0.0,24.0,0,311.46,0.0,1,0.24,0.0,SPY191204P00307500,307.5,0,0.0,0.0,,0.0,expirationDay
2019-12-05,566.0,-3.0,0.0,0,312.02,0.0,1,0.1,0.13,SPY191206P00308500,308.5,0,0.0,0.0,,0.0,normalDay
2019-12-06,576.0,0.0,10.0,0,314.87,0.0,1,0.1,0.0,SPY191206P00308500,308.5,0,0.0,0.0,,0.0,expirationDay
2019-12-09,576.0,-3.0,0.0,0,313.88,0.0,1,0.21,0.24,SPY191211P00309000,309.0,0,0.0,0.0,,0.0,normalDay
2019-12-10,576.0,13.0,0.0,0,313.53,0.0,1,0.21,0.08,SPY191211P00309000,309.0,0,0.0,0.0,,0.0,normalDay
2019-12-11,597.0,0.0,21.0,0,314.42,0.0,1,0.21,0.0,SPY191211P00309000,309.0,0,0.0,0.0,,0.0,expirationDay
2019-12-12,597.0,-3.0,0.0,0,317.13,0.0,1,0.05,0.08,SPY191213P00310000,310.0,0,0.0,0.0,,0.0,normalDay
2019-12-13,602.0,0.0,5.0,0,317.32,0.0,1,0.05,0.0,SPY191213P00310000,310.0,0,0.0,0.0,,0.0,expirationDay
2019-12-16,602.0,-3.0,0.0,0,319.5,0.0,1,0.04,0.07,SPY191218P00310000,310.0,0,0.0,0.0,,0.0,normalDay
2019-12-17,602.0,2.0,0.0,0,319.57,0.0,1,0.04,0.02,SPY191218P00310000,310.0,0,0.0,0.0,,0.0,normalDay
2019-12-18,606.0,0.0,4.0,0,319.59,0.0,1,0.04,0.0,SPY191218P00310000,310.0,0,0.0,0.0,,0.0,expirationDay
2019-12-19,606.0,-3.0,0.0,0,320.9,0.0,1,0.01,0.04,SPY191220P00310500,310.5,0,0.0,0.0,,0.0,normalDay
2019-12-20,607.0,0.0,1.0,0,320.73,0.0,1,0.01,0.0,SPY191220P00310500,310.5,0,0.0,0.0,,0.0,expirationDay
2019-12-23,607.0,0.0,0.0,0,321.22,0.0,0,0.0,0.0,,0.0,0,0.0,0.0,,0.0,bidTooLow
2019-12-24,607.0,0.0,0.0,0,321.23,0.0,0,0.0,0.0,,0.0,0,0.0,0.0,,0.0,bidTooLow
2019-12-26,607.0,0.0,0.0,0,322.94,0.0,0,0.0,0.0,,0.0,0,0.0,0.0,,0.0,bidTooLow
2019-12-27,607.0,0.0,0.0,0,322.86,0.0,0,0.0,0.0,,0.0,0,0.0,0.0,,0.0,bidTooLow
2019-12-30,607.0,0.0,0.0,0,321.08,0.0,0,0.0,0.0,,0.0,0,0.0,0.0,,0.0,bidTooLow
2019-12-31,607.0,-3.0,0.0,0,321.86,0.0,1,0.09,0.12,SPY200103P00312500,312.5,0,0.0,0.0,,0.0,normalDay
2020-01-02,607.0,8.0,0.0,0,324.87,0.0,1,0.09,0.01,SPY200103P00312500,312.5,0,0.0,0.0,,0.0,normalDay
2020-01-03,616.0,0.0,9.0,0,322.41,0.0,1,0.09,0.0,SPY200103P00312500,312.5,0,0.0,0.0,,0.0,expirationDay
2020-01-06,616.0,-3.0,0.0,0,323.64,0.0,1,0.01,0.04,SPY200108P00315000,315.0,0,0.0,0.0,,0.0,normalDay
2020-01-07,616.0,-1.0,0.0,0,322.73,0.0,1,0.01,0.02,SPY200108P00315000,315.0,0,0.0,0.0,,0.0,normalDay
2020-01-08,617.0,0.0,1.0,0,324.45,0.0,1,0.01,0.0,SPY200108P00315000,315.0,0,0.0,0.0,,0.0,expirationDay
2020-01-09,617.0,0.0,0.0,0,326.65,0.0,0,0.0,0.0,,0.0,0,0.0,0.0,,0.0,bidTooLow
2020-01-10,617.0,-3.0,0.0,0,325.71,0.0,1,0.01,0.04,SPY200113P00318500,318.5,0,0.0,0.0,,0.0,normalDay
2020-01-13,618.0,0.0,1.0,0,327.95,0.0,1,0.01,0.0,SPY200113P00318500,318.5,0,0.0,0.0,,0.0,expirationDay
2020-01-14,618.0,-3.0,0.0,0,327.45,0.0,1,0.08,0.11,SPY200117P00319500,319.5,0,0.0,0.0,,0.0,normalDay
2020-01-15,618.0,3.0,0.0,0,328.19,0.0,1,0.08,0.05,SPY200117P00319500,319.5,0,0.0,0.0,,0.0,normalDay
2020-01-16,618.0,6.0,0.0,0,330.92,0.0,1,0.08,0.02,SPY200117P00319500,319.5,0,0.0,0.0,,0.0,normalDay
2020-01-17,626.0,0.0,8.0,0,331.95,0.0,1,0.08,0.0,SPY200117P00319500,319.5,0,0.0,0.0,,0.0,expirationDay
2020-01-21,626.0,-3.0,0.0,0,331.3,0.0,1,0.02,0.05,SPY200124P00320500,320.5,0,0.0,0.0,,0.0,normalDay
2020-01-22,626.0,0.0,0.0,0,331.34,0.0,1,0.02,0.02,SPY200124P00320500,320.5,0,0.0,0.0,,0.0,normalDay
2020-01-23,626.0,0.0,0.0,0,331.72,0.0,1,0.02,0.02,SPY200124P00320500,320.5,0,0.0,0.0,,0.0,normalDay
2020-01-24,628.0,0.0,2.0,0,328.77,0.0,1,0.02,0.0,SPY200124P00320500,320.5,0,0.0,0.0,,0.0,expirationDay
2020-01-27,628.0,-3.0,0.0,0,323.5,0.0,1,1.59,1.62,SPY200129P00322000,322.0,0,0.0,0.0,,0.0,normalDay
2020-01-28,628.0,137.0,0.0,0,326.89,0.0,1,1.59,0.22,SPY200129P00322000,322.0,0,0.0,0.0,,0.0,normalDay
2020-01-29,787.0,0.0,159.0,0,326.62,0.0,1,1.59,0.0,SPY200129P00322000,322.0,0,0.0,0.0,,0.0,expirationDay
2020-01-30,787.0,-3.0,0.0,0,327.68,0.0,1,0.08,0.11,SPY200131P00323000,323.0,0,0.0,0.0,,0.0,normalDay
2020-01-31,795.0,-127.0,8.0,100,321.73,323.0,1,0.08,0.0,SPY200131P00323000,323.0,0,0.0,0.0,,0.0,expirationDay
2020-02-03,795.0,109.0,0.0,100,324.12,323.0,0,0.0,0.0,,0.0,1,0.16,0.19,SPY200205C00329000,329.0,normalDay
2020-02-04,795.0,498.0,0.0,100,329.06,323.0,0,0.0,0.0,,0.0,1,0.16,1.24,SPY200205C00329000,329.0,normalDay
2020-02-05,1411.0,498.0,616.0,0,332.86,0.0,0,0.0,0.0,,0.0,1,0.16,0.0,SPY200205C00329000,329.0,expirationDay
2020-02-06,1411.0,0.0,0.0,0,333.98,0.0,0,0.0,0.0,,0.0,0,0.0,0.0,,0.0,bidTooLow
2020-02-07,1411.0,-3.0,0.0,0,332.2,0.0,1,0.03,0.06,SPY200210P00324000,324.0,0,0.0,0.0,,0.0,normalDay
2020-02-10,1414.0,0.0,3.0,0,334.68,0.0,1,0.03,0.0,SPY200210P00324000,324.0,0,0.0,0.0,,0.0,expirationDay
2020-02-11,1414.0,-3.0,0.0,0,335.26,0.0,1,0.07,0.1,SPY200214P00325000,325.0,0,0.0,0.0,,0.0,normalDay
2020-02-12,1414.0,4.0,0.0,0,337.42,0.0,1,0.07,0.03,SPY200214P00325000,325.0,0,0.0,0.0,,0.0,normalDay
2020-02-13,1414.0,5.0,0.0,0,337.06,0.0,1,0.07,0.02,SPY200214P00325000,325.0,0,0.0,0.0,,0.0,normalDay
2020-02-14,1421.0,0.0,7.0,0,337.6,0.0,1,0.07,0.0,SPY200214P00325000,325.0,0,0.0,0.0,,0.0,expirationDay
2020-02-18,1421.0,-3.0,0.0,0,336.73,0.0,1,0.04,0.07,SPY200221P00325000,325.0,0,0.0,0.0,,0.0,normalDay
2020-02-19,1421.0,0.0,0.0,0,338.34,0.0,1,0.04,0.04,SPY200221P00325000,325.0,0,0.0,0.0,,0.0,normalDay
2020-02-20,1421.0,2.0,0.0,0,336.95,0.0,1,0.04,0.02,SPY200221P00325000,325.0,0,0.0,0.0,,0.0,normalDay
2020-02-21,1425.0,0.0,4.0,0,333.48,0.0,1,0.04,0.0,SPY200221P00325000,325.0,0,0.0,0.0,,0.0,expirationDay
2020-02-24,1425.0,-5.0,0.0,0,322.42,0.0,1,4.01,4.06,SPY200226P00324000,324.0,0,0.0,0.0,,0.0,normalDay
2020-02-25,1425.0,-697.0,0.0,0,312.65,0.0,1,4.01,10.98,SPY200226P00324000,324.0,0,0.0,0.0,,0.0,normalDay
2020-02-26,1826.0,-1250.0,401.0,100,311.5,324.0,1,4.01,0.0,SPY200226P00324000,324.0,0,0.0,0.0,,0.0,expirationDay
2020-02-27,1826.0,-2649.0,0.0,100,297.51,324.0,0,0.0,0.0,,0.0,0,0.0,0.0,,0.0,bidTooLow
2020-02-28,1826.0,-2774.0,0.0,100,296.26,324.0,0,0.0,0.0,,0.0,0,0.0,0.0,,0.0,bidTooLow
2020-03-02,1826.0,-1491.0,0.0,100,309.09,324.0,0,0.0,0.0,,0.0,0,0.0,0.0,,0.0,bidTooLow
2020-03-03,1826.0,-2376.0,0.0,100,300.24,324.0,0,0.0,0.0,,0.0,0,0.0,0.0,,0.0,bidTooLow
2020-03-04,1826.0,-1114.0,0.0,100,312.86,324.0,0,0.0,0.0,,0.0,0,0.0,0.0,,0.0,bidTooLow
2020-03-05,1826.0,-2154.0,0.0,100,302.46,324.0,0,0.0,0.0,,0.0,0,0.0,0.0,,0.0,bidTooLow
2020-03-06,1826.0,-2654.0,0.0,100,297.46,324.0,0,0.0,0.0,,0.0,0,0.0,0.0,,0.0,bidTooLow
2020-03-09,1826.0,-4977.0,0.0,100,274.23,324.0,0,0.0,0.0,,0.0,0,0.0,0.0,,0.0,bidTooLow
2020-03-10,1826.0,-3558.0,0.0,100,288.42,324.0,0,0.0,0.0,,0.0,0,0.0,0.0,,0.0,bidTooLow
2020-03-11,1826.0,-4964.0,0.0,100,274.36,324.0,0,0.0,0.0,,0.0,0,0.0,0.0,,0.0,bidTooLow
2020-03-12,1826.0,-7589.0,0.0,100,248.11,324.0,0,0.0,0.0,,0.0,0,0.0,0.0,,0.0,bidTooLow
2020-03-13,1826.0,-5468.0,0.0,100,269.32,324.0,0,0.0,0.0,,0.0,0,0.0,0.0,,0.0,bidTooLow
2020-03-16,1826.0,-8415.0,0.0,100,239.85,324.0,0,0.0,0.0,,0.0,0,0.0,0.0,,0.0,bidTooLow
2020-03-17,1826.0,-7120.0,0.0,100,252.8,324.0,0,0.0,0.0,,0.0,0,0.0,0.0,,0.0,bidTooLow
2020-03-18,1826.0,-8400.0,0.0,100,240.0,324.0,0,0.0,0.0,,0.0,0,0.0,0.0,,0.0,bidTooLow
2020-03-19,1826.0,-8349.0,0.0,100,240.51,324.0,0,0.0,0.0,,0.0,0,0.0,0.0,,0.0,bidTooLow
2020-03-20,1826.0,-9520.0,0.0,100,228.8,324.0,0,0.0,0.0,,0.0,0,0.0,0.0,,0.0,bidTooLow
2020-03-23,1826.0,-10105.0,0.0,100,222.95,324.0,0,0.0,0.0,,0.0,0,0.0,0.0,,0.0,bidTooLow
2020-03-24,1826.0,-8089.0,0.0,100,243.15,324.0,0,0.0,0.0,,0.0,1,0.04,0.08,SPY200327C00288000,288.0,normalDay
2020-03-25,1826.0,-7720.0,0.0,100,246.79,324.0,0,0.0,0.0,,0.0,1,0.04,0.03,SPY200327C00288000,288.0,normalDay
2020-03-26,1826.0,-6279.0,0.0,100,261.2,324.0,0,0.0,0.0,,0.0,1,0.04,0.03,SPY200327C00288000,288.0,normalDay
2020-03-27,1830.0,-7058.0,4.0,100,253.42,324.0,0,0.0,0.0,,0.0,1,0.04,0.0,SPY200327C00288000,288.0,expirationDay
2020-03-30,1830.0,-6240.0,0.0,100,261.65,324.0,0,0.0,0.0,,0.0,1,0.39,0.44,SPY200401C00276000,276.0,normalDay
2020-03-31,1830.0,-6589.0,0.0,100,257.75,324.0,0,0.0,0.0,,0.0,1,0.39,0.03,SPY200401C00276000,276.0,normalDay
2020-04-01,1869.0,-7785.0,39.0,100,246.15,324.0,0,0.0,0.0,,0.0,1,0.39,0.0,SPY200401C00276000,276.0,expirationDay
2020-04-02,1869.0,-7221.0,0.0,100,251.83,324.0,0,0.0,0.0,,0.0,1,0.18,0.22,SPY200403C00264000,264.0,normalDay
2020-04-03,1887.0,-7581.0,18.0,100,248.19,324.0,0,0.0,0.0,,0.0,1,0.18,0.0,SPY200403C00264000,264.0,expirationDay
2020-04-06,1887.0,-5920.0,0.0,100,264.86,324.0,0,0.0,0.0,,0.0,1,8.01,8.07,SPY200409C00260000,260.0,normalDay
2020-04-07,1887.0,-5782.0,0.0,100,265.13,324.0,0,0.0,0.0,,0.0,1,8.01,6.96,SPY200409C00260000,260.0,normalDay
2020-04-08,1887.0,-5624.0,0.0,100,274.03,324.0,0,0.0,0.0,,0.0,1,8.01,14.28,SPY200409C00260000,260.0,normalDay
2020-04-09,-3712.0,-5624.0,-5599.0,0,278.2,0.0,0,0.0,0.0,,0.0,1,8.01,0.0,SPY200409C00260000,260.0,expirationDay
2020-04-13,-3712.0,0.0,0.0,0,275.66,0.0,0,0.0,0.0,,0.0,0,0.0,0.0,,0.0,bidTooLow
2020-04-14,-3712.0,0.0,0.0,0,283.79,0.0,0,0.0,0.0,,0.0,0,0.0,0.0,,0.0,bidTooLow
2020-04-15,-3712.0,0.0,0.0,0,277.76,0.0,0,0.0,0.0,,0.0,0,0.0,0.0,,0.0,bidTooLow
2020-04-16,-3712.0,0.0,0.0,0,279.1,0.0,0,0.0,0.0,,0.0,0,0.0,0.0,,0.0,bidTooLow
2020-04-17,-3712.0,0.0,0.0,0,286.64,0.0,0,0.0,0.0,,0.0,0,0.0,0.0,,0.0,bidTooLow
2020-04-20,-3712.0,0.0,0.0,0,281.59,0.0,0,0.0,0.0,,0.0,0,0.0,0.0,,0.0,bidTooLow
2020-04-21,-3712.0,-3.0,0.0,0,273.04,0.0,1,0.11,0.14,SPY200424P00247500,247.5,0,0.0,0.0,,0.0,normalDay
2020-04-22,-3712.0,9.0,0.0,0,279.1,0.0,1,0.11,0.02,SPY200424P00247500,247.5,0,0.0,0.0,,0.0,normalDay
2020-04-23,-3712.0,10.0,0.0,0,279.08,0.0,1,0.11,0.01,SPY200424P00247500,247.5,0,0.0,0.0,,0.0,normalDay
2020-04-24,-3701.0,0.0,11.0,0,282.97,0.0,1,0.11,0.0,SPY200424P00247500,247.5,0,0.0,0.0,,0.0,expirationDay
2020-04-27,-3701.0,0.0,0.0,0,287.05,0.0,0,0.0,0.0,,0.0,0,0.0,0.0,,0.0,bidTooLow
2020-04-28,-3701.0,0.0,0.0,0,285.73,0.0,0,0.0,0.0,,0.0,0,0.0,0.0,,0.0,bidTooLow
2020-04-29,-3701.0,0.0,0.0,0,293.21,0.0,0,0.0,0.0,,0.0,0,0.0,0.0,,0.0,bidTooLow
2020-04-30,-3701.0,0.0,0.0,0,290.48,0.0,0,0.0,0.0,,0.0,0,0.0,0.0,,0.0,bidTooLow
2020-05-01,-3701.0,0.0,0.0,0,282.79,0.0,0,0.0,0.0,,0.0,0,0.0,0.0,,0.0,bidTooLow
2020-05-04,-3701.0,-3.0,0.0,0,283.57,0.0,1,0.18,0.21,SPY200506P00271000,271.0,0,0.0,0.0,,0.0,normalDay
2020-05-05,-3701.0,16.0,0.0,0,286.19,0.0,1,0.18,0.02,SPY200506P00271000,271.0,0,0.0,0.0,,0.0,normalDay
2020-05-06,-3683.0,0.0,18.0,0,284.25,0.0,1,0.18,0.0,SPY200506P00271000,271.0,0,0.0,0.0,,0.0,expirationDay
2020-05-07,-3683.0,-3.0,0.0,0,287.68,0.0,1,0.05,0.08,SPY200508P00276000,276.0,0,0.0,0.0,,0.0,normalDay
2020-05-08,-3678.0,0.0,5.0,0,292.44,0.0,1,0.05,0.0,SPY200508P00276000,276.0,0,0.0,0.0,,0.0,expirationDay
2020-05-11,-3678.0,-3.0,0.0,0,292.5,0.0,1,0.03,0.06,SPY200513P00277000,277.0,0,0.0,0.0,,0.0,normalDay
2020-05-12,-3678.0,-10.0,0.0,0,286.67,0.0,1,0.03,0.13,SPY200513P00277000,277.0,0,0.0,0.0,,0.0,normalDay
2020-05-13,-3675.0,0.0,3.0,0,281.6,0.0,1,0.03,0.0,SPY200513P00277000,277.0,0,0.0,0.0,,0.0,expirationDay
2020-05-14,-3675.0,-3.0,0.0,0,284.97,0.0,1,0.3,0.33,SPY200515P00279000,279.0,0,0.0,0.0,,0.0,normalDay
2020-05-15,-3645.0,0.0,30.0,0,286.28,0.0,1,0.3,0.0,SPY200515P00279000,279.0,0,0.0,0.0,,0.0,expirationDay
2020-05-18,-3645.0,-3.0,0.0,0,295.0,0.0,1,0.04,0.07,SPY200520P00279000,279.0,0,0.0,0.0,,0.0,normalDay
2020-05-19,-3645.0,1.0,0.0,0,291.97,0.0,1,0.04,0.03,SPY200520P00279000,279.0,0,0.0,0.0,,0.0,normalDay
2020-05-20,-3641.0,0.0,4.0,0,296.93,0.0,1,0.04,0.0,SPY200520P00279000,279.0,0,0.0,0.0,,0.0,expirationDay
2020-05-21,-3641.0,0.0,0.0,0,294.88,0.0,0,0.0,0.0,,0.0,0,0.0,0.0,,0.0,bidTooLow
2020-05-22,-3641.0,0.0,0.0,0,295.44,0.0,0,0.0,0.0,,0.0,0,0.0,0.0,,0.0,bidTooLow
2020-05-26,-3641.0,-3.0,0.0,0,299.08,0.0,1,0.1,0.13,SPY200529P00283000,283.0,0,0.0,0.0,,0.0,normalDay
2020-05-27,-3641.0,6.0,0.0,0,303.53,0.0,1,0.1,0.04,SPY200529P00283000,283.0,0,0.0,0.0,,0.0,normalDay
2020-05-28,-3641.0,7.0,0.0,0,302.97,0.0,1,0.1,0.03,SPY200529P00283000,283.0,0,0.0,0.0,,0.0,normalDay
2020-05-29,-3631.0,0.0,10.0,0,304.32,0.0,1,0.1,0.0,SPY200529P00283000,283.0,0,0.0,0.0,,0.0,expirationDay
2020-06-01,-3631.0,0.0,0.0,0,305.55,0.0,0,0.0,0.0,,0.0,0,0.0,0.0,,0.0,bidTooLow
2020-06-02,-3631.0,-3.0,0.0,0,308.08,0.0,1,0.01,0.04,SPY200605P00284000,284.0,0,0.0,0.0,,0.0,normalDay
2020-06-03,-3631.0,-1.0,0.0,0,312.18,0.0,1,0.01,0.02,SPY200605P00284000,284.0,0,0.0,0.0,,0.0,normalDay
2020-06-04,-3631.0,0.0,0.0,0,311.36,0.0,1,0.01,0.01,SPY200605P00284000,284.0,0,0.0,0.0,,0.0,normalDay
2020-06-05,-3630.0,0.0,1.0,0,319.34,0.0,1,0.01,0.0,SPY200605P00284000,284.0,0,0.0,0.0,,0.0,expirationDay
2020-06-08,-3630.0,0.0,0.0,0,323.2,0.0,0,0.0,0.0,,0.0,0,0.0,0.0,,0.0,bidTooLow
2020-06-09,-3630.0,-3.0,0.0,0,320.79,0.0,1,0.01,0.04,SPY200612P00285000,285.0,0,0.0,0.0,,0.0,normalDay
2020-06-10,-3630.0,-1.0,0.0,0,319.0,0.0,1,0.01,0.02,SPY200612P00285000,285.0,0,0.0,0.0,,0.0,normalDay
2020-06-11,-3630.0,-25.0,0.0,0,300.61,0.0,1,0.01,0.26,SPY200612P00285000,285.0,0,0.0,0.0,,0.0,normalDay
2020-06-12,-3629.0,0.0,1.0,0,304.21,0.0,1,0.01,0.0,SPY200612P00285000,285.0,0,0.0,0.0,,0.0,expirationDay
2020-06-15,-3629.0,-3.0,0.0,0,307.05,0.0,1,0.39,0.42,SPY200617P00294000,294.0,0,0.0,0.0,,0.0,normalDay
2020-06-16,-3629.0,35.0,0.0,0,312.96,0.0,1,0.39,0.04,SPY200617P00294000,294.0,0,0.0,0.0,,0.0,normalDay
2020-06-17,-3590.0,0.0,39.0,0,311.66,0.0,1,0.39,0.0,SPY200617P00294000,294.0,0,0.0,0.0,,0.0,expirationDay
2020-06-18,-3590.0,-3.0,0.0,0,311.78,0.0,1,0.09,0.12,SPY200619P00298000,298.0,0,0.0,0.0,,0.0,normalDay
2020-06-19,-3581.0,0.0,9.0,0,308.64,0.0,1,0.09,0.0,SPY200619P00298000,298.0,0,0.0,0.0,,0.0,expirationDay
2020-06-22,-3581.0,-3.0,0.0,0,310.62,0.0,1,0.35,0.38,SPY200624P00301000,301.0,0,0.0,0.0,,0.0,normalDay
2020-06-23,-3581.0,27.0,0.0,0,312.05,0.0,1,0.35,0.08,SPY200624P00301000,301.0,0,0.0,0.0,,0.0,normalDay
2020-06-24,-3546.0,0.0,35.0,0,304.09,0.0,1,0.35,0.0,SPY200624P00301000,301.0,0,0.0,0.0,,0.0,expirationDay
2020-06-25,-3546.0,-3.0,0.0,0,307.35,0.0,1,0.55,0.58,SPY200626P00303000,303.0,0,0.0,0.0,,0.0,normalDay
2020-06-26,-3491.0,-295.0,55.0,100,300.05,303.0,1,0.55,0.0,SPY200626P00303000,303.0,0,0.0,0.0,,0.0,expirationDay
2020-06-29,-3491.0,143.0,0.0,100,304.46,303.0,0,0.0,0.0,,0.0,1,0.27,0.3,SPY200702C00314000,314.0,normalDay
2020-06-30,-3491.0,508.0,0.0,100,308.36,303.0,0,0.0,0.0,,0.0,1,0.27,0.55,SPY200702C00314000,314.0,normalDay
2020-07-01,-3491.0,735.0,0.0,100,310.52,303.0,0,0.0,0.0,,0.0,1,0.27,0.44,SPY200702C00314000,314.0,normalDay
2020-07-02,-3464.0,923.0,27.0,100,312.23,303.0,0,0.0,0.0,,0.0,1,0.27,0.0,SPY200702C00314000,314.0,expirationDay
2020-07-06,-3464.0,1399.0,0.0,100,317.05,303.0,0,0.0,0.0,,0.0,1,4.7,4.76,SPY200708C00313000,313.0,normalDay
2020-07-07,-3464.0,1346.0,0.0,100,313.78,303.0,0,0.0,0.0,,0.0,1,4.7,2.02,SPY200708C00313000,313.0,normalDay
2020-07-08,-1994.0,1346.0,1470.0,0,316.18,0.0,0,0.0,0.0,,0.0,1,4.7,0.0,SPY200708C00313000,313.0,expirationDay
2020-07-09,-1994.0,-3.0,0.0,0,314.38,0.0,1,0.03,0.06,SPY200710P00303000,303.0,0,0.0,0.0,,0.0,normalDay
2020-07-10,-1991.0,0.0,3.0,0,317.59,0.0,1,0.03,0.0,SPY200710P00303000,303.0,0,0.0,0.0,,0.0,expirationDay
2020-07-13,-1991.0,-3.0,0.0,0,314.84,0.0,1,0.46,0.49,SPY200715P00305000,305.0,0,0.0,0.0,,0.0,normalDay
2020-07-14,-1991.0,41.0,0.0,0,318.92,0.0,1,0.46,0.05,SPY200715P00305000,305.0,0,0.0,0.0,,0.0,normalDay
2020-07-15,-1945.0,0.0,46.0,0,321.85,0.0,1,0.46,0.0,SPY200715P00305000,305.0,0,0.0,0.0,,0.0,expirationDay
2020-07-16,-1945.0,-3.0,0.0,0,320.79,0.0,1,0.02,0.05,SPY200717P00305000,305.0,0,0.0,0.0,,0.0,normalDay
2020-07-17,-1943.0,0.0,2.0,0,321.72,0.0,1,0.02,0.0,SPY200717P00305000,305.0,0,0.0,0.0,,0.0,expirationDay
2020-07-20,-1943.0,0.0,0.0,0,324.32,0.0,0,0.0,0.0,,0.0,0,0.0,0.0,,0.0,bidTooLow
2020-07-21,-1943.0,-3.0,0.0,0,325.01,0.0,1,0.02,0.05,SPY200724P00305000,305.0,0,0.0,0.0,,0.0,normalDay
2020-07-22,-1943.0,-1.0,0.0,0,326.86,0.0,1,0.02,0.03,SPY200724P00305000,305.0,0,0.0,0.0,,0.0,normalDay
2020-07-23,-1943.0,0.0,0.0,0,322.96,0.0,1,0.02,0.02,SPY200724P00305000,305.0,0,0.0,0.0,,0.0,normalDay
2020-07-24,-1941.0,0.0,2.0,0,320.88,0.0,1,0.02,0.0,SPY200724P00305000,305.0,0,0.0,0.0,,0.0,expirationDay
2020-07-27,-1941.0,-3.0,0.0,0,323.22,0.0,1,0.02,0.05,SPY200729P00310000,310.0,0,0.0,0.0,,0.0,normalDay
2020-07-28,-1941.0,-2.0,0.0,0,321.17,0.0,1,0.02,0.04,SPY200729P00310000,310.0,0,0.0,0.0,,0.0,normalDay
2020-07-29,-1939.0,0.0,2.0,0,325.12,0.0,1,0.02,0.0,SPY200729P00310000,310.0,0,0.0,0.0,,0.0,expirationDay
2020-07-30,-1939.0,-3.0,0.0,0,323.96,0.0,1,0.12,0.15,SPY200731P00315000,315.0,0,0.0,0.0,,0.0,normalDay
2020-07-31,-1927.0,0.0,12.0,0,326.52,0.0,1,0.12,0.0,SPY200731P00315000,315.0,0,0.0,0.0,,0.0,expirationDay
2020-08-03,-1927.0,-3.0,0.0,0,328.79,0.0,1,0.05,0.08,SPY200805P00316000,316.0,0,0.0,0.0,,0.0,normalDay
2020-08-04,-1927.0,2.0,0.0,0,330.06,0.0,1,0.05,0.03,SPY200805P00316000,316.0,0,0.0,0.0,,0.0,normalDay
2020-08-05,-1922.0,0.0,5.0,0,332.11,0.0,1,0.05,0.0,SPY200805P00316000,316.0,0,0.0,0.0,,0.0,expirationDay
2020-08-06,-1922.0,-3.0,0.0,0,334.33,0.0,1,0.01,0.04,SPY200807P00318000,318.0,0,0.0,0.0,,0.0,normalDay
2020-08-07,-1921.0,0.0,1.0,0,334.57,0.0,1,0.01,0.0,SPY200807P00318000,318.0,0,0.0,0.0,,0.0,expirationDay
2020-08-10,-1921.0,-3.0,0.0,0,335.57,0.0,1,0.02,0.05,SPY200812P00319000,319.0,0,0.0,0.0,,0.0,normalDay
2020-08-11,-1921.0,-5.0,0.0,0,332.8,0.0,1,0.02,0.07,SPY200812P00319000,319.0,0,0.0,0.0,,0.0,normalDay
2020-08-12,-1919.0,0.0,2.0,0,337.44,0.0,1,0.02,0.0,SPY200812P00319000,319.0,0,0.0,0.0,,0.0,expirationDay
2020-08-13,-1919.0,-3.0,0.0,0,336.83,0.0,1,0.01,0.04,SPY200814P00321000,321.0,0,0.0,0.0,,0.0,normalDay
2020-08-14,-1918.0,0.0,1.0,0,336.84,0.0,1,0.01,0.0,SPY200814P00321000,321.0,0,0.0,0.0,,0.0,expirationDay
2020-08-17,-1918.0,-3.0,0.0,0,337.91,0.0,1,0.01,0.04,SPY200819P00322000,322.0,0,0.0,0.0,,0.0,normalDay
2020-08-18,-1918.0,-2.0,0.0,0,338.64,0.0,1,0.01,0.03,SPY200819P00322000,322.0,0,0.0,0.0,,0.0,normalDay
2020-08-19,-1917.0,0.0,1.0,0,337.23,0.0,1,0.01,0.0,SPY200819P00322000,322.0,0,0.0,0.0,,0.0,expirationDay
2020-08-20,-1917.0,-3.0,0.0,0,338.28,0.0,1,0.02,0.05,SPY200821P00324000,324.0,0,0.0,0.0,,0.0,normalDay
2020-08-21,-1915.0,0.0,2.0,0,339.48,0.0,1,0.02,0.0,SPY200821P00324000,324.0,0,0.0,0.0,,0.0,expirationDay
2020-08-24,-1915.0,-3.0,0.0,0,342.92,0.0,1,0.03,0.06,SPY200826P00326000,326.0,0,0.0,0.0,,0.0,normalDay
2020-08-25,-1915.0,1.0,0.0,0,344.12,0.0,1,0.03,0.02,SPY200826P00326000,326.0,0,0.0,0.0,,0.0,normalDay
2020-08-26,-1912.0,0.0,3.0,0,347.57,0.0,1,0.03,0.0,SPY200826P00326000,326.0,0,0.0,0.0,,0.0,expirationDay
2020-08-27,-1912.0,-3.0,0.0,0,348.33,0.0,1,0.01,0.04,SPY200828P00330000,330.0,0,0.0,0.0,,0.0,normalDay
2020-08-28,-1911.0,0.0,1.0,0,350.58,0.0,1,0.01,0.0,SPY200828P00330000,330.0,0,0.0,0.0,,0.0,expirationDay
2020-08-31,-1911.0,-3.0,0.0,0,349.31,0.0,1,0.05,0.08,SPY200902P00331000,331.0,0,0.0,0.0,,0.0,normalDay
2020-09-01,-1911.0,3.0,0.0,0,352.6,0.0,1,0.05,0.02,SPY200902P00331000,331.0,0,0.0,0.0,,0.0,normalDay
2020-09-02,-1906.0,0.0,5.0,0,357.7,0.0,1,0.05,0.0,SPY200902P00331000,331.0,0,0.0,0.0,,0.0,expirationDay
2020-09-03,-1906.0,-4.0,0.0,0,345.39,0.0,1,0.15,0.19,SPY200904P00333000,333.0,0,0.0,0.0,,0.0,normalDay
2020-09-04,-1891.0,0.0,15.0,0,342.57,0.0,1,0.15,0.0,SPY200904P00333000,333.0,0,0.0,0.0,,0.0,expirationDay
2020-09-08,-1891.0,-6.0,0.0,0,333.21,0.0,1,4.39,4.45,SPY200911P00334000,334.0,0,0.0,0.0,,0.0,normalDay
2020-09-09,-1891.0,299.0,0.0,0,339.79,0.0,1,4.39,1.4,SPY200911P00334000,334.0,0,0.0,0.0,,0.0,normalDay
2020-09-10,-1891.0,216.0,0.0,0,333.89,0.0,1,4.39,2.23,SPY200911P00334000,334.0,0,0.0,0.0,,0.0,normalDay
2020-09-11,-1452.0,0.0,439.0,0,334.06,0.0,1,4.39,0.0,SPY200911P00334000,334.0,0,0.0,0.0,,0.0,expirationDay
2020-09-14,-1452.0,-4.0,0.0,0,338.46,0.0,1,0.99,1.03,SPY200916P00334000,334.0,0,0.0,0.0,,0.0,normalDay
2020-09-15,-1452.0,77.0,0.0,0,340.17,0.0,1,0.99,0.22,SPY200916P00334000,334.0,0,0.0,0.0,,0.0,normalDay
2020-09-16,-1353.0,0.0,99.0,0,338.82,0.0,1,0.99,0.0,SPY200916P00334000,334.0,0,0.0,0.0,,0.0,expirationDay
2020-09-17,-1353.0,-5.0,0.0,0,335.84,0.0,1,1.54,1.59,SPY200918P00334000,334.0,0,0.0,0.0,,0.0,normalDay
2020-09-18,-1199.0,-335.0,154.0,100,330.65,334.0,1,1.54,0.0,SPY200918P00334000,334.0,0,0.0,0.0,,0.0,expirationDay
2020-09-21,-1199.0,-703.0,0.0,100,326.97,334.0,0,0.0,0.0,,0.0,0,0.0,0.0,,0.0,bidTooLow
2020-09-22,-1199.0,-373.0,0.0,100,330.3,334.0,0,0.0,0.0,,0.0,1,0.01,0.04,SPY200925C00345000,345.0,normalDay
2020-09-23,-1199.0,-1137.0,0.0,100,322.64,334.0,0,0.0,0.0,,0.0,1,0.01,0.02,SPY200925C00345000,345.0,normalDay
2020-09-24,-1199.0,-1050.0,0.0,100,323.5,334.0,0,0.0,0.0,,0.0,1,0.01,0.01,SPY200925C00345000,345.0,normalDay
2020-09-25,-1198.0,-527.0,1.0,100,328.73,334.0,0,0.0,0.0,,0.0,1,0.01,0.0,SPY200925C00345000,345.0,expirationDay
2020-09-28,-1198.0,16.0,0.0,100,334.19,334.0,0,0.0,0.0,,0.0,1,0.16,0.19,SPY200930C00342000,342.0,normalDay
2020-09-29,-1198.0,-154.0,0.0,100,332.37,334.0,0,0.0,0.0,,0.0,1,0.16,0.07,SPY200930C00342000,342.0,normalDay
2020-09-30,-1182.0,89.0,16.0,100,334.89,334.0,0,0.0,0.0,,0.0,1,0.16,0.0,SPY200930C00342000,342.0,expirationDay
2020-10-01,-1182.0,299.0,0.0,100,337.04,334.0,0,0.0,0.0,,0.0,1,2.01,2.06,SPY201002C00337000,337.0,normalDay
2020-10-02,-981.0,-16.0,201.0,100,333.84,334.0,0,0.0,0.0,,0.0,1,2.01,0.0,SPY201002C00337000,337.0,expirationDay
2020-10-05,-981.0,569.0,0.0,100,339.76,334.0,0,0.0,0.0,,0.0,1,4.45,4.52,SPY201007C00336000,336.0,normalDay
2020-10-06,-981.0,391.0,0.0,100,334.93,334.0,0,0.0,0.0,,0.0,1,4.45,1.47,SPY201007C00336000,336.0,normalDay
2020-10-07,-336.0,391.0,645.0,0,340.76,0.0,0,0.0,0.0,,0.0,1,4.45,0.0,SPY201007C00336000,336.0,expirationDay
2020-10-08,-336.0,0.0,0.0,0,343.78,0.0,0,0.0,0.0,,0.0,0,0.0,0.0,,0.0,bidTooLow
2020-10-09,-336.0,0.0,0.0,0,346.85,0.0,0,0.0,0.0,,0.0,0,0.0,0.0,,0.0,bidTooLow
2020-10-12,-336.0,-3.0,0.0,0,352.43,0.0,1,0.01,0.04,SPY201014P00326000,326.0,0,0.0,0.0,,0.0,normalDay
2020-10-13,-336.0,0.0,0.0,0,350.13,0.0,1,0.01,0.01,SPY201014P00326000,326.0,0,0.0,0.0,,0.0,normalDay
2020-10-14,-335.0,0.0,1.0,0,347.93,0.0,1,0.01,0.0,SPY201014P00326000,326.0,0,0.0,0.0,,0.0,expirationDay
2020-10-15,-335.0,0.0,0.0,0,347.5,0.0,0,0.0,0.0,,0.0,0,0.0,0.0,,0.0,bidTooLow
2020-10-16,-335.0,0.0,0.0,0,347.29,0.0,0,0.0,0.0,,0.0,0,0.0,0.0,,0.0,bidTooLow
2020-10-19,-335.0,-3.0,0.0,0,342.01,0.0,1,0.07,0.1,SPY201021P00327000,327.0,0,0.0,0.0,,0.0,normalDay
2020-10-20,-335.0,4.0,0.0,0,343.38,0.0,1,0.07,0.03,SPY201021P00327000,327.0,0,0.0,0.0,,0.0,normalDay
2020-10-21,-328.0,0.0,7.0,0,342.73,0.0,1,0.07,0.0,SPY201021P00327000,327.0,0,0.0,0.0,,0.0,expirationDay
2020-10-22,-328.0,-3.0,0.0,0,344.61,0.0,1,0.01,0.04,SPY201023P00333000,333.0,0,0.0,0.0,,0.0,normalDay
2020-10-23,-327.0,0.0,1.0,0,345.78,0.0,1,0.01,0.0,SPY201023P00333000,333.0,0,0.0,0.0,,0.0,expirationDay
2020-10-26,-327.0,-3.0,0.0,0,339.39,0.0,1,1.14,1.17,SPY201028P00335000,335.0,0,0.0,0.0,,0.0,normalDay
2020-10-27,-327.0,51.0,0.0,0,338.22,0.0,1,1.14,0.63,SPY201028P00335000,335.0,0,0.0,0.0,,0.0,normalDay
2020-10-28,-213.0,-834.0,114.0,100,326.66,335.0,1,1.14,0.0,SPY201028P00335000,335.0,0,0.0,0.0,,0.0,expirationDay
2020-10-29,-213.0,-502.0,0.0,100,329.98,335.0,0,0.0,0.0,,0.0,0,0.0,0.0,,0.0,bidTooLow
2020-10-30,-213.0,-846.0,0.0,100,326.54,335.0,0,0.0,0.0,,0.0,0,0.0,0.0,,0.0,bidTooLow
2020-11-02,-213.0,-484.0,0.0,100,330.2,335.0,0,0.0,0.0,,0.0,1,0.32,0.36,SPY201104C00345000,345.0,normalDay
2020-11-03,-213.0,48.0,0.0,100,336.03,335.0,0,0.0,0.0,,0.0,1,0.32,0.87,SPY201104C00345000,345.0,normalDay
2020-11-04,-181.0,854.0,32.0,100,343.54,335.0,0,0.0,0.0,,0.0,1,0.32,0.0,SPY201104C00345000,345.0,expirationDay
2020-11-05,-181.0,1512.0,0.0,100,350.24,335.0,0,0.0,0.0,,0.0,1,4.98,5.1,SPY201106C00346000,346.0,normalDay
2020-11-06,1417.0,1512.0,1598.0,0,350.16,0.0,0,0.0,0.0,,0.0,1,4.98,0.0,SPY201106C00346000,346.0,expirationDay
2020-11-09,1417.0,-3.0,0.0,0,354.56,0.0,1,0.07,0.1,SPY201111P00331000,331.0,0,0.0,0.0,,0.0,normalDay
2020-11-10,1417.0,5.0,0.0,0,354.04,0.0,1,0.07,0.02,SPY201111P00331000,331.0,0,0.0,0.0,,0.0,normalDay
2020-11-11,1424.0,0.0,7.0,0,356.67,0.0,1,0.07,0.0,SPY201111P00331000,331.0,0,0.0,0.0,,0.0,expirationDay
2020-11-12,1424.0,0.0,0.0,0,353.21,0.0,0,0.0,0.0,,0.0,0,0.0,0.0,,0.0,bidTooLow
2020-11-13,1424.0,0.0,0.0,0,358.1,0.0,0,0.0,0.0,,0.0,0,0.0,0.0,,0.0,bidTooLow
2020-11-16,1424.0,0.0,0.0,0,362.57,0.0,0,0.0,0.0,,0.0,0,0.0,0.0,,0.0,bidTooLow
2020-11-17,1424.0,-3.0,0.0,0,360.62,0.0,1,0.02,0.05,SPY201120P00330000,330.0,0,0.0,0.0,,0.0,normalDay
2020-11-18,1424.0,-3.0,0.0,0,356.28,0.0,1,0.02,0.05,SPY201120P00330000,330.0,0,0.0,0.0,,0.0,normalDay
2020-11-19,1424.0,0.0,0.0,0,357.78,0.0,1,0.02,0.02,SPY201120P00330000,330.0,0,0.0,0.0,,0.0,normalDay
2020-11-20,1426.0,0.0,2.0,0,355.33,0.0,1,0.02,0.0,SPY201120P00330000,330.0,0,0.0,0.0,,0.0,expirationDay
2020-11-23,1426.0,0.0,0.0,0,357.46,0.0,0,0.0,0.0,,0.0,0,0.0,0.0,,0.0,bidTooLow
2020-11-24,1426.0,0.0,0.0,0,363.22,0.0,0,0.0,0.0,,0.0,0,0.0,0.0,,0.0,bidTooLow
2020-11-25,1426.0,0.0,0.0,0,362.66,0.0,0,0.0,0.0,,0.0,0,0.0,0.0,,0.0,bidTooLow
2020-11-27,1426.0,0.0,0.0,0,363.67,0.0,0,0.0,0.0,,0.0,0,0.0,0.0,,0.0,bidTooLow
2020-11-30,1426.0,-3.0,0.0,0,362.06,0.0,1,0.01,0.04,SPY201202P00343000,343.0,0,0.0,0.0,,0.0,normalDay
2020-12-01,1426.0,-1.0,0.0,0,366.02,0.0,1,0.01,0.02,SPY201202P00343000,343.0,0,0.0,0.0,,0.0,normalDay
2020-12-02,1427.0,0.0,1.0,0,366.79,0.0,1,0.01,0.0,SPY201202P00343000,343.0,0,0.0,0.0,,0.0,expirationDay
2020-12-03,1427.0,-3.0,0.0,0,366.69,0.0,1,0.04,0.07,SPY201204P00352000,352.0,0,0.0,0.0,,0.0,normalDay
2020-12-04,1431.0,0.0,4.0,0,369.85,0.0,1,0.04,0.0,SPY201204P00352000,352.0,0,0.0,0.0,,0.0,expirationDay
2020-12-07,1431.0,-3.0,0.0,0,369.09,0.0,1,0.02,0.05,SPY201209P00354000,354.0,0,0.0,0.0,,0.0,normalDay
2020-12-08,1431.0,0.0,0.0,0,370.17,0.0,1,0.02,0.02,SPY201209P00354000,354.0,0,0.0,0.0,,0.0,normalDay
2020-12-09,1433.0,0.0,2.0,0,366.85,0.0,1,0.02,0.0,SPY201209P00354000,354.0,0,0.0,0.0,,0.0,expirationDay
2020-12-10,1433.0,-3.0,0.0,0,366.73,0.0,1,0.02,0.05,SPY201211P00356000,356.0,0,0.0,0.0,,0.0,normalDay
2020-12-11,1435.0,0.0,2.0,0,366.3,0.0,1,0.02,0.0,SPY201211P00356000,356.0,0,0.0,0.0,,0.0,expirationDay
2020-12-14,1435.0,-5.0,0.0,0,364.66,0.0,1,0.7,0.75,SPY201216P00358000,358.0,0,0.0,0.0,,0.0,normalDay
2020-12-15,1435.0,58.0,0.0,0,369.59,0.0,1,0.7,0.12,SPY201216P00358000,358.0,0,0.0,0.0,,0.0,normalDay
2020-12-16,1505.0,0.0,70.0,0,370.17,0.0,1,0.7,0.0,SPY201216P00358000,358.0,0,0.0,0.0,,0.0,expirationDay
2020-12-17,1505.0,-3.0,0.0,0,372.24,0.0,1,0.1,0.13,SPY201218P00359000,359.0,0,0.0,0.0,,0.0,normalDay
2020-12-18,1515.0,0.0,10.0,0,369.18,0.0,1,0.1,0.0,SPY201218P00359000,359.0,0,0.0,0.0,,0.0,expirationDay
2020-12-21,1515.0,-3.0,0.0,0,367.86,0.0,1,0.95,0.98,SPY201224P00362000,362.0,0,0.0,0.0,,0.0,normalDay
2020-12-22,1515.0,45.0,0.0,0,367.24,0.0,1,0.95,0.5,SPY201224P00362000,362.0,0,0.0,0.0,,0.0,normalDay
2020-12-23,1515.0,82.0,0.0,0,367.57,0.0,1,0.95,0.13,SPY201224P00362000,362.0,0,0.0,0.0,,0.0,normalDay
2020-12-24,1610.0,0.0,95.0,0,369.0,0.0,1,0.95,0.0,SPY201224P00362000,362.0,0,0.0,0.0,,0.0,expirationDay
2020-12-28,1610.0,-3.0,0.0,0,372.17,0.0,1,0.31,0.34,SPY201231P00365000,365.0,0,0.0,0.0,,0.0,normalDay
2020-12-29,1610.0,-3.0,0.0,0,371.46,0.0,1,0.31,0.34,SPY201231P00365000,365.0,0,0.0,0.0,,0.0,normalDay
2020-12-30,1610.0,18.0,0.0,0,371.99,0.0,1,0.31,0.13,SPY201231P00365000,365.0,0,0.0,0.0,,0.0,normalDay
2020-12-31,1641.0,0.0,31.0,0,373.88,0.0,1,0.31,0.0,SPY201231P00365000,365.0,0,0.0,0.0,,0.0,expirationDay
2021-01-04,1641.0,-3.0,0.0,0,368.79,0.0,1,1.83,1.86,SPY210106P00366000,366.0,0,0.0,0.0,,0.0,normalDay
2021-01-05,1641.0,117.0,0.0,0,371.33,0.0,1,1.83,0.66,SPY210106P00366000,366.0,0,0.0,0.0,,0.0,normalDay
2021-01-06,1824.0,0.0,183.0,0,373.55,0.0,1,1.83,0.0,SPY210106P00366000,366.0,0,0.0,0.0,,0.0,expirationDay
2021-01-07,1824.0,-3.0,0.0,0,379.1,0.0,1,0.02,0.05,SPY210108P00366000,366.0,0,0.0,0.0,,0.0,normalDay
2021-01-08,1826.0,0.0,2.0,0,381.26,0.0,1,0.02,0.0,SPY210108P00366000,366.0,0,0.0,0.0,,0.0,expirationDay
2021-01-11,1826.0,-3.0,0.0,0,378.69,0.0,1,0.15,0.18,SPY210113P00366000,366.0,0,0.0,0.0,,0.0,normalDay
2021-01-12,1826.0,10.0,0.0,0,378.77,0.0,1,0.15,0.05,SPY210113P00366000,366.0,0,0.0,0.0,,0.0,normalDay
2021-01-13,1841.0,0.0,15.0,0,379.79,0.0,1,0.15,0.0,SPY210113P00366000,366.0,0,0.0,0.0,,0.0,expirationDay
2021-01-14,1841.0,-3.0,0.0,0,378.46,0.0,1,0.07,0.1,SPY210115P00367000,367.0,0,0.0,0.0,,0.0,normalDay
2021-01-15,1848.0,0.0,7.0,0,375.7,0.0,1,0.07,0.0,SPY210115P00367000,367.0,0,0.0,0.0,,0.0,expirationDay
2021-01-19,1848.0,-3.0,0.0,0,378.65,0.0,1,0.41,0.44,SPY210122P00367500,367.5,0,0.0,0.0,,0.0,normalDay
2021-01-20,1848.0,33.0,0.0,0,383.89,0.0,1,0.41,0.08,SPY210122P00367500,367.5,0,0.0,0.0,,0.0,normalDay
2021-01-21,1848.0,38.0,0.0,0,384.24,0.0,1,0.41,0.03,SPY210122P00367500,367.5,0,0.0,0.0,,0.0,normalDay
2021-01-22,1889.0,0.0,41.0,0,382.88,0.0,1,0.41,0.0,SPY210122P00367500,367.5,0,0.0,0.0,,0.0,expirationDay
2021-01-25,1889.0,-3.0,0.0,0,384.39,0.0,1,0.09,0.12,SPY210127P00370000,370.0,0,0.0,0.0,,0.0,normalDay
2021-01-26,1889.0,4.0,0.0,0,383.79,0.0,1,0.09,0.05,SPY210127P00370000,370.0,0,0.0,0.0,,0.0,normalDay
2021-01-27,1898.0,0.0,9.0,0,374.41,0.0,1,0.09,0.0,SPY210127P00370000,370.0,0,0.0,0.0,,0.0,expirationDay
2021-01-28,1898.0,-4.0,0.0,0,377.63,0.0,1,0.6,0.64,SPY210129P00372000,372.0,0,0.0,0.0,,0.0,normalDay
2021-01-29,1958.0,-193.0,60.0,100,370.07,372.0,1,0.6,0.0,SPY210129P00372000,372.0,0,0.0,0.0,,0.0,expirationDay
2021-02-01,1958.0,420.0,0.0,100,376.23,372.0,0,0.0,0.0,,0.0,1,0.89,0.92,SPY210203C00380000,380.0,normalDay
2021-02-02,1958.0,729.0,0.0,100,381.55,372.0,0,0.0,0.0,,0.0,1,0.89,3.15,SPY210203C00380000,380.0,normalDay
2021-02-03,2847.0,729.0,889.0,0,381.85,0.0,0,0.0,0.0,,0.0,1,0.89,0.0,SPY210203C00380000,380.0,expirationDay
2021-02-04,2847.0,-3.0,0.0,0,386.19,0.0,1,0.01,0.04,SPY210205P00375000,375.0,0,0.0,0.0,,0.0,normalDay
2021-02-05,2848.0,0.0,1.0,0,387.71,0.0,1,0.01,0.0,SPY210205P00375000,375.0,0,0.0,0.0,,0.0,expirationDay
2021-02-08,2848.0,-3.0,0.0,0,390.51,0.0,1,0.03,0.06,SPY210210P00374000,374.0,0,0.0,0.0,,0.0,normalDay
2021-02-09,2848.0,0.0,0.0,0,390.25,0.0,1,0.03,0.03,SPY210210P00374000,374.0,0,0.0,0.0,,0.0,normalDay
2021-02-10,2851.0,0.0,3.0,0,390.08,0.0,1,0.03,0.0,SPY210210P00374000,374.0,0,0.0,0.0,,0.0,expirationDay
2021-02-11,2851.0,0.0,0.0,0,390.71,0.0,0,0.0,0.0,,0.0,0,0.0,0.0,,0.0,bidTooLow
2021-02-12,2851.0,0.0,0.0,0,392.64,0.0,0,0.0,0.0,,0.0,0,0.0,0.0,,0.0,bidTooLow
2021-02-16,2851.0,-3.0,0.0,0,392.3,0.0,1,0.14,0.17,SPY210219P00376000,376.0,0,0.0,0.0,,0.0,normalDay
2021-02-17,2851.0,5.0,0.0,0,392.39,0.0,1,0.14,0.09,SPY210219P00376000,376.0,0,0.0,0.0,,0.0,normalDay
2021-02-18,2851.0,8.0,0.0,0,390.72,0.0,1,0.14,0.06,SPY210219P00376000,376.0,0,0.0,0.0,,0.0,normalDay
2021-02-19,2865.0,0.0,14.0,0,390.03,0.0,1,0.14,0.0,SPY210219P00376000,376.0,0,0.0,0.0,,0.0,expirationDay
2021-02-22,2865.0,-3.0,0.0,0,387.03,0.0,1,0.19,0.22,SPY210224P00377000,377.0,0,0.0,0.0,,0.0,normalDay
2021-02-23,2865.0,12.0,0.0,0,387.5,0.0,1,0.19,0.07,SPY210224P00377000,377.0,0,0.0,0.0,,0.0,normalDay
2021-02-24,2884.0,0.0,19.0,0,391.77,0.0,1,0.19,0.0,SPY210224P00377000,377.0,0,0.0,0.0,,0.0,expirationDay
2021-02-25,2884.0,-4.0,0.0,0,382.33,0.0,1,0.92,0.96,SPY210226P00378000,378.0,0,0.0,0.0,,0.0,normalDay
2021-02-26,2976.0,0.0,92.0,0,380.36,0.0,1,0.92,0.0,SPY210226P00378000,378.0,0,0.0,0.0,,0.0,expirationDay
2021-03-01,2976.0,-3.0,0.0,0,389.58,0.0,1,0.48,0.51,SPY210303P00381000,381.0,0,0.0,0.0,,0.0,normalDay
2021-03-02,2976.0,-6.0,0.0,0,386.54,0.0,1,0.48,0.54,SPY210303P00381000,381.0,0,0.0,0.0,,0.0,normalDay
2021-03-03,3024.0,0.0,48.0,0,381.42,0.0,1,0.48,0.0,SPY210303P00381000,381.0,0,0.0,0.0,,0.0,expirationDay
2021-03-04,3024.0,-11.0,0.0,0,376.7,0.0,1,5.7,5.81,SPY210305P00382000,382.0,0,0.0,0.0,,0.0,normalDay
2021-03-05,3594.0,0.0,570.0,0,383.63,0.0,1,5.7,0.0,SPY210305P00382000,382.0,0,0.0,0.0,,0.0,expirationDay
2021-03-08,3594.0,-5.0,0.0,0,381.72,0.0,1,2.57,2.62,SPY210310P00381000,381.0,0,0.0,0.0,,0.0,normalDay
2021-03-09,3594.0,220.0,0.0,0,387.17,0.0,1,2.57,0.37,SPY210310P00381000,381.0,0,0.0,0.0,,0.0,normalDay
2021-03-10,3851.0,0.0,257.0,0,389.58,0.0,1,2.57,0.0,SPY210310P00381000,381.0,0,0.0,0.0,,0.0,expirationDay
2021-03-11,3851.0,-3.0,0.0,0,393.53,0.0,1,0.01,0.04,SPY210312P00381000,381.0,0,0.0,0.0,,0.0,normalDay
2021-03-12,3852.0,0.0,1.0,0,394.06,0.0,1,0.01,0.0,SPY210312P00381000,381.0,0,0.0,0.0,,0.0,expirationDay
2021-03-15,3852.0,-3.0,0.0,0,396.41,0.0,1,0.04,0.07,SPY210317P00381000,381.0,0,0.0,0.0,,0.0,normalDay
2021-03-16,3852.0,-1.0,0.0,0,395.91,0.0,1,0.04,0.05,SPY210317P00381000,381.0,0,0.0,0.0,,0.0,normalDay
2021-03-17,3856.0,0.0,4.0,0,397.26,0.0,1,0.04,0.0,SPY210317P00381000,381.0,0,0.0,0.0,,0.0,expirationDay
2021-03-18,3856.0,-4.0,0.0,0,391.48,0.0,1,0.19,0.23,SPY210319P00381000,381.0,0,0.0,0.0,,0.0,normalDay
2021-03-19,3875.0,0.0,19.0,0,389.48,0.0,1,0.19,0.0,SPY210319P00381000,381.0,0,0.0,0.0,,0.0,expirationDay
2021-03-22,3875.0,-3.0,0.0,0,392.59,0.0,1,0.05,0.08,SPY210324P00381000,381.0,0,0.0,0.0,,0.0,normalDay
2021-03-23,3875.0,-3.0,0.0,0,389.5,0.0,1,0.05,0.08,SPY210324P00381000,381.0,0,0.0,0.0,,0.0,normalDay
2021-03-24,3880.0,0.0,5.0,0,387.52,0.0,1,0.05,0.0,SPY210324P00381000,381.0,0,0.0,0.0,,0.0,expirationDay
2021-03-25,3880.0,-3.0,0.0,0,389.7,0.0,1,0.05,0.08,SPY210326P00381000,381.0,0,0.0,0.0,,0.0,normalDay
2021-03-26,3885.0,0.0,5.0,0,395.98,0.0,1,0.05,0.0,SPY210326P00381000,381.0,0,0.0,0.0,,0.0,expirationDay
2021-03-29,3885.0,-3.0,0.0,0,395.78,0.0,1,0.27,0.3,SPY210401P00382500,382.5,0,0.0,0.0,,0.0,normalDay
2021-03-30,3885.0,15.0,0.0,0,394.73,0.0,1,0.27,0.12,SPY210401P00382500,382.5,0,0.0,0.0,,0.0,normalDay
2021-03-31,3885.0,24.0,0.0,0,396.33,0.0,1,0.27,0.03,SPY210401P00382500,382.5,0,0.0,0.0,,0.0,normalDay
2021-04-01,3912.0,0.0,27.0,0,400.61,0.0,1,0.27,0.0,SPY210401P00382500,382.5,0,0.0,0.0,,0.0,expirationDay
2021-04-05,3912.0,-3.0,0.0,0,406.36,0.0,1,0.01,0.04,SPY210407P00386000,386.0,0,0.0,0.0,,0.0,normalDay
2021-04-06,3912.0,-1.0,0.0,0,406.12,0.0,1,0.01,0.02,SPY210407P00386000,386.0,0,0.0,0.0,,0.0,normalDay
2021-04-07,3913.0,0.0,1.0,0,406.59,0.0,1,0.01,0.0,SPY210407P00386000,386.0,0,0.0,0.0,,0.0,expirationDay
2021-04-08,3913.0,0.0,0.0,0,408.52,0.0,0,0.0,0.0,,0.0,0,0.0,0.0,,0.0,bidTooLow
2021-04-09,3913.0,0.0,0.0,0,411.49,0.0,0,0.0,0.0,,0.0,0,0.0,0.0,,0.0,bidTooLow
2021-04-12,3913.0,0.0,0.0,0,411.64,0.0,0,0.0,0.0,,0.0,0,0.0,0.0,,0.0,bidTooLow
2021-04-13,3913.0,-3.0,0.0,0,412.86,0.0,1,0.01,0.04,SPY210416P00388000,388.0,0,0.0,0.0,,0.0,normalDay
2021-04-14,3913.0,-3.0,0.0,0,411.45,0.0,1,0.01,0.04,SPY210416P00388000,388.0,0,0.0,0.0,,0.0,normalDay
2021-04-15,3913.0,-1.0,0.0,0,415.87,0.0,1,0.01,0.02,SPY210416P00388000,388.0,0,0.0,0.0,,0.0,normalDay
2021-04-16,3914.0,0.0,1.0,0,417.26,0.0,1,0.01,0.0,SPY210416P00388000,388.0,0,0.0,0.0,,0.0,expirationDay
2021-04-19,3914.0,0.0,0.0,0,415.21,0.0,0,0.0,0.0,,0.0,0,0.0,0.0,,0.0,bidTooLow
2021-04-20,3914.0,-3.0,0.0,0,412.17,0.0,1,0.02,0.05,SPY210423P00392000,392.0,0,0.0,0.0,,0.0,normalDay
2021-04-21,3914.0,0.0,0.0,0,416.07,0.0,1,0.02,0.02,SPY210423P00392000,392.0,0,0.0,0.0,,0.0,normalDay
2021-04-22,3914.0,0.0,0.0,0,412.27,0.0,1,0.02,0.02,SPY210423P00392000,392.0,0,0.0,0.0,,0.0,normalDay
2021-04-23,3916.0,0.0,2.0,0,416.74,0.0,1,0.02,0.0,SPY210423P00392000,392.0,0,0.0,0.0,,0.0,expirationDay
2021-04-26,3916.0,0.0,0.0,0,417.61,0.0,0,0.0,0.0,,0.0,0,0.0,0.0,,0.0,bidTooLow
2021-04-27,3916.0,-3.0,0.0,0,417.52,0.0,1,0.05,0.08,SPY210430P00402000,402.0,0,0.0,0.0,,0.0,normalDay
2021-04-28,3916.0,1.0,0.0,0,417.4,0.0,1,0.05,0.04,SPY210430P00402000,402.0,0,0.0,0.0,,0.0,normalDay
2021-04-29,3916.0,3.0,0.0,0,420.06,0.0,1,0.05,0.02,SPY210430P00402000,402.0,0,0.0,0.0,,0.0,normalDay
2021-04-30,3921.0,0.0,5.0,0,417.3,0.0,1,0.05,0.0,SPY210430P00402000,402.0,0,0.0,0.0,,0.0,expirationDay
2021-05-03,3921.0,-3.0,0.0,0,418.2,0.0,1,0.09,0.12,SPY210505P00409000,409.0,0,0.0,0.0,,0.0,normalDay
2021-05-04,3921.0,-2.0,0.0,0,415.62,0.0,1,0.09,0.11,SPY210505P00409000,409.0,0,0.0,0.0,,0.0,normalDay
2021-05-05,3930.0,0.0,9.0,0,415.75,0.0,1,0.09,0.0,SPY210505P00409000,409.0,0,0.0,0.0,,0.0,expirationDay
2021-05-06,3930.0,-3.0,0.0,0,419.07,0.0,1,0.07,0.1,SPY210507P00412000,412.0,0,0.0,0.0,,0.0,normalDay
2021-05-07,3937.0,0.0,7.0,0,422.12,0.0,1,0.07,0.0,SPY210507P00412000,412.0,0,0.0,0.0,,0.0,expirationDay
2021-05-10,3937.0,-3.0,0.0,0,417.94,0.0,1,0.78,0.81,SPY210512P00413000,413.0,0,0.0,0.0,,0.0,normalDay
2021-05-11,3937.0,-56.0,0.0,0,414.21,0.0,1,0.78,1.34,SPY210512P00413000,413.0,0,0.0,0.0,,0.0,normalDay
2021-05-12,4015.0,-759.0,78.0,100,405.41,413.0,1,0.78,0.0,SPY210512P00413000,413.0,0,0.0,0.0,,0.0,expirationDay
2021-05-13,4015.0,-275.0,0.0,100,410.28,413.0,0,0.0,0.0,,0.0,1,0.02,0.05,SPY210514C00418000,418.0,normalDay
2021-05-14,4017.0,358.0,2.0,100,416.58,413.0,0,0.0,0.0,,0.0,1,0.02,0.0,SPY210514C00418000,418.0,expirationDay
2021-05-17,4017.0,248.0,0.0,100,415.52,413.0,0,0.0,0.0,,0.0,1,0.92,0.96,SPY210519C00418000,418.0,normalDay
2021-05-18,4017.0,-25.0,0.0,100,411.94,413.0,0,0.0,0.0,,0.0,1,0.92,0.11,SPY210519C00418000,418.0,normalDay
2021-05-19,4109.0,-214.0,92.0,100,410.86,413.0,0,0.0,0.0,,0.0,1,0.92,0.0,SPY210519C00418000,418.0,expirationDay
2021-05-20,4109.0,225.0,0.0,100,415.28,413.0,0,0.0,0.0,,0.0,1,0.35,0.38,SPY210521C00418000,418.0,normalDay
2021-05-21,4144.0,194.0,35.0,100,414.94,413.0,0,0.0,0.0,,0.0,1,0.35,0.0,SPY210521C00418000,418.0,expirationDay
2021-05-24,4144.0,613.0,0.0,100,419.17,413.0,0,0.0,0.0,,0.0,1,2.26,2.3,SPY210526C00418000,418.0,normalDay
2021-05-25,4144.0,618.0,0.0,100,418.24,413.0,0,0.0,0.0,,0.0,1,2.26,1.32,SPY210526C00418000,418.0,normalDay
2021-05-26,4870.0,618.0,726.0,0,419.07,0.0,0,0.0,0.0,,0.0,1,2.26,0.0,SPY210526C00418000,418.0,expirationDay
2021-05-27,4870.0,-3.0,0.0,0,419.29,0.0,1,0.03,0.06,SPY210528P00411000,411.0,0,0.0,0.0,,0.0,normalDay
2021-05-28,4873.0,0.0,3.0,0,420.04,0.0,1,0.03,0.0,SPY210528P00411000,411.0,0,0.0,0.0,,0.0,expirationDay
2021-06-01,4873.0,-3.0,0.0,0,419.67,0.0,1,0.22,0.25,SPY210604P00411000,411.0,0,0.0,0.0,,0.0,normalDay
2021-06-02,4873.0,14.0,0.0,0,420.33,0.0,1,0.22,0.08,SPY210604P00411000,411.0,0,0.0,0.0,,0.0,normalDay
2021-06-03,4873.0,13.0,0.0,0,418.77,0.0,1,0.22,0.09,SPY210604P00411000,411.0,0,0.0,0.0,,0.0,normalDay
2021-06-04,4895.0,0.0,22.0,0,422.6,0.0,1,0.22,0.0,SPY210604P00411000,411.0,0,0.0,0.0,,0.0,expirationDay
2021-06-07,4895.0,-3.0,0.0,0,422.19,0.0,1,0.03,0.06,SPY210609P00411000,411.0,0,0.0,0.0,,0.0,normalDay
2021-06-08,4895.0,-1.0,0.0,0,422.28,0.0,1,0.03,0.04,SPY210609P00411000,411.0,0,0.0,0.0,,0.0,normalDay
2021-06-09,4898.0,0.0,3.0,0,421.65,0.0,1,0.03,0.0,SPY210609P00411000,411.0,0,0.0,0.0,,0.0,expirationDay
2021-06-10,4898.0,-3.0,0.0,0,423.61,0.0,1,0.01,0.04,SPY210611P00413000,413.0,0,0.0,0.0,,0.0,normalDay
2021-06-11,4899.0,0.0,1.0,0,424.31,0.0,1,0.01,0.0,SPY210611P00413000,413.0,0,0.0,0.0,,0.0,expirationDay
2021-06-14,4899.0,-3.0,0.0,0,425.26,0.0,1,0.08,0.11,SPY210616P00414000,414.0,0,0.0,0.0,,0.0,normalDay
2021-06-15,4899.0,-5.0,0.0,0,424.48,0.0,1,0.08,0.13,SPY210616P00414000,414.0,0,0.0,0.0,,0.0,normalDay
2021-06-16,4907.0,0.0,8.0,0,422.11,0.0,1,0.08,0.0,SPY210616P00414000,414.0,0,0.0,0.0,,0.0,expirationDay
2021-06-17,4907.0,-3.0,0.0,0,421.97,0.0,1,0.42,0.45,SPY210618P00417000,417.0,0,0.0,0.0,,0.0,normalDay
2021-06-18,4949.0,-208.0,42.0,100,414.92,417.0,1,0.42,0.0,SPY210618P00417000,417.0,0,0.0,0.0,,0.0,expirationDay
2021-06-21,4949.0,383.0,0.0,100,420.86,417.0,0,0.0,0.0,,0.0,1,1.01,1.04,SPY210623C00422000,422.0,normalDay
2021-06-22,4949.0,560.0,0.0,100,423.11,417.0,0,0.0,0.0,,0.0,1,1.01,1.52,SPY210623C00422000,422.0,normalDay
2021-06-23,5550.0,560.0,601.0,0,422.6,0.0,0,0.0,0.0,,0.0,1,1.01,0.0,SPY210623C00422000,422.0,expirationDay
2021-06-24,5550.0,-3.0,0.0,0,425.1,0.0,1,0.04,0.07,SPY210625P00419000,419.0,0,0.0,0.0,,0.0,normalDay
2021-06-25,5554.0,0.0,4.0,0,426.61,0.0,1,0.04,0.0,SPY210625P00419000,419.0,0,0.0,0.0,,0.0,expirationDay
2021-06-28,5554.0,-3.0,0.0,0,427.47,0.0,1,0.07,0.1,SPY210630P00419000,419.0,0,0.0,0.0,,0.0,normalDay
2021-06-29,5554.0,2.0,0.0,0,427.7,0.0,1,0.07,0.05,SPY210630P00419000,419.0,0,0.0,0.0,,0.0,normalDay
2021-06-30,5561.0,0.0,7.0,0,428.06,0.0,1,0.07,0.0,SPY210630P00419000,419.0,0,0.0,0.0,,0.0,expirationDay
2021-07-01,5561.0,-3.0,0.0,0,430.43,0.0,1,0.02,0.05,SPY210702P00420000,420.0,0,0.0,0.0,,0.0,normalDay
2021-07-02,5563.0,0.0,2.0,0,433.72,0.0,1,0.02,0.0,SPY210702P00420000,420.0,0,0.0,0.0,,0.0,expirationDay
2021-07-06,5563.0,-3.0,0.0,0,432.93,0.0,1,0.05,0.08,SPY210709P00419000,419.0,0,0.0,0.0,,0.0,normalDay
2021-07-07,5563.0,2.0,0.0,0,434.46,0.0,1,0.05,0.03,SPY210709P00419000,419.0,0,0.0,0.0,,0.0,normalDay
2021-07-08,5563.0,1.0,0.0,0,430.92,0.0,1,0.05,0.04,SPY210709P00419000,419.0,0,0.0,0.0,,0.0,normalDay
2021-07-09,5568.0,0.0,5.0,0,435.52,0.0,1,0.05,0.0,SPY210709P00419000,419.0,0,0.0,0.0,,0.0,expirationDay
2021-07-12,5568.0,-3.0,0.0,0,437.08,0.0,1,0.02,0.05,SPY210714P00420000,420.0,0,0.0,0.0,,0.0,normalDay
2021-07-13,5568.0,-3.0,0.0,0,435.59,0.0,1,0.02,0.05,SPY210714P00420000,420.0,0,0.0,0.0,,0.0,normalDay
2021-07-14,5570.0,0.0,2.0,0,436.24,0.0,1,0.02,0.0,SPY210714P00420000,420.0,0,0.0,0.0,,0.0,expirationDay
2021-07-15,5570.0,-3.0,0.0,0,434.75,0.0,1,0.02,0.05,SPY210716P00421000,421.0,0,0.0,0.0,,0.0,normalDay
2021-07-16,5572.0,0.0,2.0,0,431.34,0.0,1,0.02,0.0,SPY210716P00421000,421.0,0,0.0,0.0,,0.0,expirationDay
2021-07-19,5572.0,-5.0,0.0,0,424.97,0.0,1,1.89,1.94,SPY210721P00423000,423.0,0,0.0,0.0,,0.0,normalDay
2021-07-20,5572.0,178.0,0.0,0,431.06,0.0,1,1.89,0.11,SPY210721P00423000,423.0,0,0.0,0.0,,0.0,normalDay
2021-07-21,5761.0,0.0,189.0,0,434.55,0.0,1,1.89,0.0,SPY210721P00423000,423.0,0,0.0,0.0,,0.0,expirationDay
2021-07-22,5761.0,-3.0,0.0,0,435.46,0.0,1,0.02,0.05,SPY210723P00427000,427.0,0,0.0,0.0,,0.0,normalDay
2021-07-23,5763.0,0.0,2.0,0,439.94,0.0,1,0.02,0.0,SPY210723P00427000,427.0,0,0.0,0.0,,0.0,expirationDay
2021-07-26,5763.0,-3.0,0.0,0,441.02,0.0,1,0.03,0.06,SPY210728P00428000,428.0,0,0.0,0.0,,0.0,normalDay
2021-07-27,5763.0,-4.0,0.0,0,439.01,0.0,1,0.03,0.07,SPY210728P00428000,428.0,0,0.0,0.0,,0.0,normalDay
2021-07-28,5766.0,0.0,3.0,0,438.83,0.0,1,0.03,0.0,SPY210728P00428000,428.0,0,0.0,0.0,,0.0,expirationDay
2021-07-29,5766.0,-3.0,0.0,0,440.65,0.0,1,0.01,0.04,SPY210730P00430000,430.0,0,0.0,0.0,,0.0,normalDay
2021-07-30,5767.0,0.0,1.0,0,438.51,0.0,1,0.01,0.0,SPY210730P00430000,430.0,0,0.0,0.0,,0.0,expirationDay
2021-08-02,5767.0,-3.0,0.0,0,437.59,0.0,1,0.26,0.29,SPY210804P00430000,430.0,0,0.0,0.0,,0.0,normalDay
2021-08-03,5767.0,23.0,0.0,0,441.15,0.0,1,0.26,0.03,SPY210804P00430000,430.0,0,0.0,0.0,,0.0,normalDay
2021-08-04,5793.0,0.0,26.0,0,438.98,0.0,1,0.26,0.0,SPY210804P00430000,430.0,0,0.0,0.0,,0.0,expirationDay
2021-08-05,5793.0,-3.0,0.0,0,441.76,0.0,1,0.01,0.04,SPY210806P00431000,431.0,0,0.0,0.0,,0.0,normalDay
2021-08-06,5794.0,0.0,1.0,0,442.49,0.0,1,0.01,0.0,SPY210806P00431000,431.0,0,0.0,0.0,,0.0,expirationDay
2021-08-09,5794.0,-3.0,0.0,0,442.13,0.0,1,0.04,0.07,SPY210811P00432000,432.0,0,0.0,0.0,,0.0,normalDay
2021-08-10,5794.0,0.0,0.0,0,442.68,0.0,1,0.04,0.04,SPY210811P00432000,432.0,0,0.0,0.0,,0.0,normalDay
2021-08-11,5798.0,0.0,4.0,0,443.78,0.0,1,0.04,0.0,SPY210811P00432000,432.0,0,0.0,0.0,,0.0,expirationDay
2021-08-12,5798.0,-3.0,0.0,0,445.11,0.0,1,0.02,0.05,SPY210813P00432000,432.0,0,0.0,0.0,,0.0,normalDay
2021-08-13,5800.0,0.0,2.0,0,445.92,0.0,1,0.02,0.0,SPY210813P00432000,432.0,0,0.0,0.0,,0.0,expirationDay
2021-08-16,5800.0,-3.0,0.0,0,446.97,0.0,1,0.06,0.09,SPY210818P00435000,435.0,0,0.0,0.0,,0.0,normalDay
2021-08-17,5800.0,-5.0,0.0,0,444.04,0.0,1,0.06,0.11,SPY210818P00435000,435.0,0,0.0,0.0,,0.0,normalDay
2021-08-18,5806.0,0.0,6.0,0,439.18,0.0,1,0.06,0.0,SPY210818P00435000,435.0,0,0.0,0.0,,0.0,expirationDay
2021-08-19,5806.0,-5.0,0.0,0,439.86,0.0,1,0.98,1.03,SPY210820P00438000,438.0,0,0.0,0.0,,0.0,normalDay
2021-08-20,5904.0,0.0,98.0,0,443.36,0.0,1,0.98,0.0,SPY210820P00438000,438.0,0,0.0,0.0,,0.0,expirationDay
2021-08-23,5904.0,-3.0,0.0,0,447.26,0.0,1,0.06,0.09,SPY210825P00438000,438.0,0,0.0,0.0,,0.0,normalDay
2021-08-24,5904.0,1.0,0.0,0,447.97,0.0,1,0.06,0.05,SPY210825P00438000,438.0,0,0.0,0.0,,0.0,normalDay
2021-08-25,5910.0,0.0,6.0,0,448.91,0.0,1,0.06,0.0,SPY210825P00438000,438.0,0,0.0,0.0,,0.0,expirationDay
2021-08-26,5910.0,-3.0,0.0,0,446.26,0.0,1,0.13,0.16,SPY210827P00439000,439.0,0,0.0,0.0,,0.0,normalDay
2021-08-27,5923.0,0.0,13.0,0,450.25,0.0,1,0.13,0.0,SPY210827P00439000,439.0,0,0.0,0.0,,0.0,expirationDay
2021-08-30,5923.0,-3.0,0.0,0,452.23,0.0,1,0.03,0.06,SPY210901P00440000,440.0,0,0.0,0.0,,0.0,normalDay
2021-08-31,5923.0,-1.0,0.0,0,451.56,0.0,1,0.03,0.04,SPY210901P00440000,440.0,0,0.0,0.0,,0.0,normalDay
2021-09-01,5926.0,0.0,3.0,0,451.8,0.0,1,0.03,0.0,SPY210901P00440000,440.0,0,0.0,0.0,,0.0,expirationDay
2021-09-02,5926.0,-3.0,0.0,0,453.19,0.0,1,0.02,0.05,SPY210903P00441000,441.0,0,0.0,0.0,,0.0,normalDay
2021-09-03,5928.0,0.0,2.0,0,453.08,0.0,1,0.02,0.0,SPY210903P00441000,441.0,0,0.0,0.0,,0.0,expirationDay
2021-09-07,5928.0,-3.0,0.0,0,451.46,0.0,1,0.25,0.28,SPY210910P00442000,442.0,0,0.0,0.0,,0.0,normalDay
2021-09-08,5928.0,9.0,0.0,0,450.91,0.0,1,0.25,0.16,SPY210910P00442000,442.0,0,0.0,0.0,,0.0,normalDay
2021-09-09,5928.0,12.0,0.0,0,448.98,0.0,1,0.25,0.13,SPY210910P00442000,442.0,0,0.0,0.0,,0.0,normalDay
2021-09-10,5953.0,0.0,25.0,0,445.44,0.0,1,0.25,0.0,SPY210910P00442000,442.0,0,0.0,0.0,,0.0,expirationDay
2021-09-13,5953.0,-3.0,0.0,0,446.58,0.0,1,0.96,0.99,SPY210915P00443000,443.0,0,0.0,0.0,,0.0,normalDay
2021-09-14,5953.0,2.0,0.0,0,444.17,0.0,1,0.96,0.94,SPY210915P00443000,443.0,0,0.0,0.0,,0.0,normalDay
2021-09-15,6049.0,0.0,96.0,0,447.88,0.0,1,0.96,0.0,SPY210915P00443000,443.0,0,0.0,0.0,,0.0,expirationDay
2021-09-16,6049.0,-3.0,0.0,0,447.17,0.0,1,0.64,0.67,SPY210917P00444000,444.0,0,0.0,0.0,,0.0,normalDay
2021-09-17,6113.0,-260.0,64.0,100,441.4,444.0,1,0.64,0.0,SPY210917P00444000,444.0,0,0.0,0.0,,0.0,expirationDay
2021-09-20,6113.0,-999.0,0.0,100,434.04,444.0,0,0.0,0.0,,0.0,1,0.01,0.04,SPY210922C00450000,450.0,normalDay
2021-09-21,6113.0,-1037.0,0.0,100,433.63,444.0,0,0.0,0.0,,0.0,1,0.01,0.01,SPY210922C00450000,450.0,normalDay
2021-09-22,6114.0,-614.0,1.0,100,437.86,444.0,0,0.0,0.0,,0.0,1,0.01,0.0,SPY210922C00450000,450.0,expirationDay
2021-09-23,6114.0,-85.0,0.0,100,443.18,444.0,0,0.0,0.0,,0.0,1,0.01,0.04,SPY210924C00450000,450.0,normalDay
2021-09-24,6115.0,-9.0,1.0,100,443.91,444.0,0,0.0,0.0,,0.0,1,0.01,0.0,SPY210924C00450000,450.0,expirationDay
2021-09-27,6115.0,-139.0,0.0,100,442.64,444.0,0,0.0,0.0,,0.0,1,0.15,0.18,SPY210930C00449000,449.0,normalDay
2021-09-28,6115.0,-1018.0,0.0,100,433.72,444.0,0,0.0,0.0,,0.0,1,0.15,0.05,SPY210930C00449000,449.0,normalDay
2021-09-29,6115.0,-941.0,0.0,100,434.45,444.0,0,0.0,0.0,,0.0,1,0.15,0.01,SPY210930C00449000,449.0,normalDay
2021-09-30,6130.0,-1486.0,15.0,100,429.14,444.0,0,0.0,0.0,,0.0,1,0.15,0.0,SPY210930C00449000,449.0,expirationDay
2021-10-01,6130.0,-979.0,0.0,100,434.24,444.0,0,0.0,0.0,,0.0,1,0.01,0.04,SPY211004C00446000,446.0,normalDay
2021-10-04,6131.0,-1536.0,1.0,100,428.64,444.0,0,0.0,0.0,,0.0,1,0.01,0.0,SPY211004C00446000,446.0,expirationDay
2021-10-05,6131.0,-1093.0,0.0,100,433.1,444.0,0,0.0,0.0,,0.0,1,0.11,0.14,SPY211008C00444000,444.0,normalDay
2021-10-06,6131.0,-913.0,0.0,100,434.9,444.0,0,0.0,0.0,,0.0,1,0.11,0.14,SPY211008C00444000,444.0,normalDay
2021-10-07,6131.0,-538.0,0.0,100,438.66,444.0,0,0.0,0.0,,0.0,1,0.11,0.15,SPY211008C00444000,444.0,normalDay
2021-10-08,6142.0,-614.0,11.0,100,437.86,444.0,0,0.0,0.0,,0.0,1,0.11,0.0,SPY211008C00444000,444.0,expirationDay
2021-10-11,6142.0,-934.0,0.0,100,434.69,444.0,0,0.0,0.0,,0.0,1,0.27,0.3,SPY211013C00441000,441.0,normalDay
2021-10-12,6142.0,-1016.0,0.0,100,433.62,444.0,0,0.0,0.0,,0.0,1,0.27,0.05,SPY211013C00441000,441.0,normalDay
2021-10-13,6169.0,-882.0,27.0,100,435.18,444.0,0,0.0,0.0,,0.0,1,0.27,0.0,SPY211013C00441000,441.0,expirationDay
2021-10-14,6169.0,-159.0,0.0,100,442.5,444.0,0,0.0,0.0,,0.0,1,3.81,3.9,SPY211015C00439000,439.0,normalDay
2021-10-15,6050.0,-159.0,-119.0,0,445.87,0.0,0,0.0,0.0,,0.0,1,3.81,0.0,SPY211015C00439000,439.0,expirationDay
2021-10-18,6050.0,-3.0,0.0,0,447.19,0.0,1,0.01,0.04,SPY211020P00430000,430.0,0,0.0,0.0,,0.0,normalDay
2021-10-19,6050.0,-1.0,0.0,0,450.64,0.0,1,0.01,0.02,SPY211020P00430000,430.0,0,0.0,0.0,,0.0,normalDay
2021-10-20,6051.0,0.0,1.0,0,452.41,0.0,1,0.01,0.0,SPY211020P00430000,430.0,0,0.0,0.0,,0.0,expirationDay
2021-10-21,6051.0,0.0,0.0,0,453.59,0.0,0,0.0,0.0,,0.0,0,0.0,0.0,,0.0,bidTooLow
2021-10-22,6051.0,0.0,0.0,0,453.12,0.0,0,0.0,0.0,,0.0,0,0.0,0.0,,0.0,bidTooLow
2021-10-25,6051.0,0.0,0.0,0,455.55,0.0,0,0.0,0.0,,0.0,0,0.0,0.0,,0.0,bidTooLow
2021-10-26,6051.0,-3.0,0.0,0,455.96,0.0,1,0.02,0.05,SPY211029P00429000,429.0,0,0.0,0.0,,0.0,normalDay
2021-10-27,6051.0,-2.0,0.0,0,453.94,0.0,1,0.02,0.04,SPY211029P00429000,429.0,0,0.0,0.0,,0.0,normalDay
2021-10-28,6051.0,0.0,0.0,0,458.32,0.0,1,0.02,0.02,SPY211029P00429000,429.0,0,0.0,0.0,,0.0,normalDay
2021-10-29,6053.0,0.0,2.0,0,459.25,0.0,1,0.02,0.0,SPY211029P00429000,429.0,0,0.0,0.0,,0.0,expirationDay
2021-11-01,6053.0,0.0,0.0,0,460.04,0.0,0,0.0,0.0,,0.0,0,0.0,0.0,,0.0,bidTooLow
2021-11-02,6053.0,-3.0,0.0,0,461.9,0.0,1,0.03,0.06,SPY211105P00436000,436.0,0,0.0,0.0,,0.0,normalDay
2021-11-03,6053.0,0.0,0.0,0,464.72,0.0,1,0.03,0.03,SPY211105P00436000,436.0,0,0.0,0.0,,0.0,normalDay
2021-11-04,6053.0,1.0,0.0,0,466.91,0.0,1,0.03,0.02,SPY211105P00436000,436.0,0,0.0,0.0,,0.0,normalDay
2021-11-05,6056.0,0.0,3.0,0,468.53,0.0,1,0.03,0.0,SPY211105P00436000,436.0,0,0.0,0.0,,0.0,expirationDay
2021-11-08,6056.0,0.0,0.0,0,468.93,0.0,0,0.0,0.0,,0.0,0,0.0,0.0,,0.0,bidTooLow
2021-11-09,6056.0,-3.0,0.0,0,467.38,0.0,1,0.03,0.06,SPY211112P00444000,444.0,0,0.0,0.0,,0.0,normalDay
2021-11-10,6056.0,-3.0,0.0,0,463.62,0.0,1,0.03,0.06,SPY211112P00444000,444.0,0,0.0,0.0,,0.0,normalDay
2021-11-11,6056.0,1.0,0.0,0,463.77,0.0,1,0.03,0.02,SPY211112P00444000,444.0,0,0.0,0.0,,0.0,normalDay
2021-11-12,6059.0,0.0,3.0,0,467.27,0.0,1,0.03,0.0,SPY211112P00444000,444.0,0,0.0,0.0,,0.0,expirationDay
2021-11-15,6059.0,-3.0,0.0,0,467.43,0.0,1,0.02,0.05,SPY211117P00453000,453.0,0,0.0,0.0,,0.0,normalDay
2021-11-16,6059.0,-1.0,0.0,0,469.28,0.0,1,0.02,0.03,SPY211117P00453000,453.0,0,0.0,0.0,,0.0,normalDay
2021-11-17,6061.0,0.0,2.0,0,468.14,0.0,1,0.02,0.0,SPY211117P00453000,453.0,0,0.0,0.0,,0.0,expirationDay
2021-11-18,6061.0,-3.0,0.0,0,469.73,0.0,1,0.02,0.05,SPY211119P00456000,456.0,0,0.0,0.0,,0.0,normalDay
2021-11-19,6063.0,0.0,2.0,0,468.89,0.0,1,0.02,0.0,SPY211119P00456000,456.0,0,0.0,0.0,,0.0,expirationDay
2021-11-22,6063.0,-3.0,0.0,0,467.57,0.0,1,0.22,0.25,SPY211124P00458000,458.0,0,0.0,0.0,,0.0,normalDay
2021-11-23,6063.0,14.0,0.0,0,468.19,0.0,1,0.22,0.08,SPY211124P00458000,458.0,0,0.0,0.0,,0.0,normalDay
2021-11-24,6085.0,0.0,22.0,0,469.44,0.0,1,0.22,0.0,SPY211124P00458000,458.0,0,0.0,0.0,,0.0,expirationDay
2021-11-26,6085.0,-46.0,0.0,0,458.97,0.0,1,4.94,5.4,SPY211129P00461000,461.0,0,0.0,0.0,,0.0,normalDay
2021-11-29,6579.0,0.0,494.0,0,464.6,0.0,1,4.94,0.0,SPY211129P00461000,461.0,0,0.0,0.0,,0.0,expirationDay
2021-11-30,6579.0,-18.0,0.0,0,455.56,0.0,1,5.48,5.66,SPY211203P00461000,461.0,0,0.0,0.0,,0.0,normalDay
2021-12-01,6579.0,-575.0,0.0,0,450.5,0.0,1,5.48,11.23,SPY211203P00461000,461.0,0,0.0,0.0,,0.0,normalDay
2021-12-02,6579.0,92.0,0.0,0,457.4,0.0,1,5.48,4.56,SPY211203P00461000,461.0,0,0.0,0.0,,0.0,normalDay
2021-12-03,7127.0,-758.0,548.0,100,453.42,461.0,1,5.48,0.0,SPY211203P00461000,461.0,0,0.0,0.0,,0.0,expirationDay
2021-12-06,7127.0,-224.0,0.0,100,458.79,461.0,0,0.0,0.0,,0.0,1,0.21,0.24,SPY211208C00467000,467.0,normalDay
2021-12-07,7127.0,508.0,0.0,100,468.28,461.0,0,0.0,0.0,,0.0,1,0.21,2.41,SPY211208C00467000,467.0,normalDay
2021-12-08,7748.0,508.0,621.0,0,469.52,0.0,0,0.0,0.0,,0.0,1,0.21,0.0,SPY211208C00467000,467.0,expirationDay
2021-12-09,7748.0,-3.0,0.0,0,466.35,0.0,1,0.1,0.13,SPY211210P00456000,456.0,0,0.0,0.0,,0.0,normalDay
2021-12-10,7758.0,0.0,10.0,0,470.74,0.0,1,0.1,0.0,SPY211210P00456000,456.0,0,0.0,0.0,,0.0,expirationDay
2021-12-13,7758.0,-3.0,0.0,0,466.57,0.0,1,0.34,0.37,SPY211215P00456000,456.0,0,0.0,0.0,,0.0,normalDay
2021-12-14,7758.0,-5.0,0.0,0,463.36,0.0,1,0.34,0.39,SPY211215P00456000,456.0,0,0.0,0.0,,0.0,normalDay
2021-12-15,7792.0,0.0,34.0,0,470.6,0.0,1,0.34,0.0,SPY211215P00456000,456.0,0,0.0,0.0,,0.0,expirationDay
2021-12-16,7792.0,-3.0,0.0,0,466.45,0.0,1,0.26,0.29,SPY211217P00456000,456.0,0,0.0,0.0,,0.0,normalDay
2021-12-17,7818.0,0.0,26.0,0,459.87,0.0,1,0.26,0.0,SPY211217P00456000,456.0,0,0.0,0.0,,0.0,expirationDay
2021-12-20,7818.0,-4.0,0.0,0,454.98,0.0,1,3.49,3.53,SPY211223P00455000,455.0,0,0.0,0.0,,0.0,normalDay
2021-12-21,7818.0,295.0,0.0,0,463.06,0.0,1,3.49,0.54,SPY211223P00455000,455.0,0,0.0,0.0,,0.0,normalDay
2021-12-22,7818.0,346.0,0.0,0,467.69,0.0,1,3.49,0.03,SPY211223P00455000,455.0,0,0.0,0.0,,0.0,normalDay
2021-12-23,8167.0,0.0,349.0,0,470.6,0.0,1,3.49,0.0,SPY211223P00455000,455.0,0,0.0,0.0,,0.0,expirationDay
2021-12-27,8167.0,0.0,0.0,0,477.26,0.0,0,0.0,0.0,,0.0,0,0.0,0.0,,0.0,bidTooLow
2021-12-28,8167.0,-3.0,0.0,0,476.87,0.0,1,0.04,0.07,SPY211231P00455000,455.0,0,0.0,0.0,,0.0,normalDay
2021-12-29,8167.0,1.0,0.0,0,477.48,0.0,1,0.04,0.03,SPY211231P00455000,455.0,0,0.0,0.0,,0.0,normalDay
2021-12-30,8167.0,0.0,0.0,0,476.16,0.0,1,0.04,0.04,SPY211231P00455000,455.0,0,0.0,0.0,,0.0,normalDay
2021-12-31,8171.0,0.0,4.0,0,474.96,0.0,1,0.04,0.0,SPY211231P00455000,455.0,0,0.0,0.0,,0.0,expirationDay
2022-01-03,8171.0,0.0,0.0,0,477.71,0.0,0,0.0,0.0,,0.0,0,0.0,0.0,,0.0,bidTooLow
2022-01-04,8171.0,-3.0,0.0,0,477.55,0.0,1,0.04,0.07,SPY220107P00461000,461.0,0,0.0,0.0,,0.0,normalDay
2022-01-05,8171.0,-55.0,0.0,0,468.38,0.0,1,0.04,0.59,SPY220107P00461000,461.0,0,0.0,0.0,,0.0,normalDay
2022-01-06,8171.0,-14.0,0.0,0,467.94,0.0,1,0.04,0.18,SPY220107P00461000,461.0,0,0.0,0.0,,0.0,normalDay
2022-01-07,8175.0,0.0,4.0,0,466.09,0.0,1,0.04,0.0,SPY220107P00461000,461.0,0,0.0,0.0,,0.0,expirationDay
2022-01-10,8175.0,-3.0,0.0,0,465.51,0.0,1,0.89,0.92,SPY220112P00460000,460.0,0,0.0,0.0,,0.0,normalDay
2022-01-11,8175.0,76.0,0.0,0,469.75,0.0,1,0.89,0.13,SPY220112P00460000,460.0,0,0.0,0.0,,0.0,normalDay
2022-01-12,8264.0,0.0,89.0,0,471.02,0.0,1,0.89,0.0,SPY220112P00460000,460.0,0,0.0,0.0,,0.0,expirationDay
2022-01-13,8264.0,-3.0,0.0,0,464.53,0.0,1,0.84,0.87,SPY220114P00461000,461.0,0,0.0,0.0,,0.0,normalDay
2022-01-14,8348.0,0.0,84.0,0,464.72,0.0,1,0.84,0.0,SPY220114P00461000,461.0,0,0.0,0.0,,0.0,expirationDay
2022-01-18,8348.0,-13.0,0.0,0,456.49,0.0,1,6.48,6.61,SPY220121P00461000,461.0,0,0.0,0.0,,0.0,normalDay
2022-01-19,8348.0,-290.0,0.0,0,451.75,0.0,1,6.48,9.38,SPY220121P00461000,461.0,0,0.0,0.0,,0.0,normalDay
2022-01-20,8348.0,-843.0,0.0,0,446.75,0.0,1,6.48,14.91,SPY220121P00461000,461.0,0,0.0,0.0,,0.0,normalDay
2022-01-21,8996.0,-2302.0,648.0,100,437.98,461.0,1,6.48,0.0,SPY220121P00461000,461.0,0,0.0,0.0,,0.0,expirationDay
2022-01-24,8996.0,-2119.0,0.0,100,439.84,461.0,0,0.0,0.0,,0.0,1,0.01,0.04,SPY220126C00472000,472.0,normalDay
2022-01-25,8996.0,-2653.0,0.0,100,434.47,461.0,0,0.0,0.0,,0.0,1,0.01,0.01,SPY220126C00472000,472.0,normalDay
2022-01-26,8997.0,-2762.0,1.0,100,433.38,461.0,0,0.0,0.0,,0.0,1,0.01,0.0,SPY220126C00472000,472.0,expirationDay
2022-01-27,8997.0,-2976.0,0.0,100,431.24,461.0,0,0.0,0.0,,0.0,0,0.0,0.0,,0.0,bidTooLow
2022-01-28,8997.0,-1905.0,0.0,100,441.95,461.0,0,0.0,0.0,,0.0,0,0.0,0.0,,0.0,bidTooLow
2022-01-31,8997.0,-1112.0,0.0,100,449.91,461.0,0,0.0,0.0,,0.0,1,0.08,0.11,SPY220202C00464000,464.0,normalDay
2022-02-01,8997.0,-800.0,0.0,100,452.95,461.0,0,0.0,0.0,,0.0,1,0.08,0.03,SPY220202C00464000,464.0,normalDay
2022-02-02,9005.0,-365.0,8.0,100,457.35,461.0,0,0.0,0.0,,0.0,1,0.08,0.0,SPY220202C00464000,464.0,expirationDay
2022-02-03,9005.0,-1444.0,0.0,100,446.6,461.0,0,0.0,0.0,,0.0,1,0.25,0.29,SPY220204C00459000,459.0,normalDay
2022-02-04,9030.0,-1230.0,25.0,100,448.7,461.0,0,0.0,0.0,,0.0,1,0.25,0.0,SPY220204C00459000,459.0,expirationDay
2022-02-07,9030.0,-1377.0,0.0,100,447.26,461.0,0,0.0,0.0,,0.0,1,0.3,0.33,SPY220209C00456000,456.0,normalDay
2022-02-08,9030.0,-1008.0,0.0,100,450.94,461.0,0,0.0,0.0,,0.0,1,0.3,0.32,SPY220209C00456000,456.0,normalDay
2022-02-09,8560.0,-1008.0,-470.0,0,457.54,0.0,0,0.0,0.0,,0.0,1,0.3,0.0,SPY220209C00456000,456.0,expirationDay
2022-02-10,8560.0,-3.0,0.0,0,449.32,0.0,1,0.11,0.14,SPY220211P00436000,436.0,0,0.0,0.0,,0.0,normalDay
2022-02-11,8571.0,0.0,11.0,0,440.46,0.0,1,0.11,0.0,SPY220211P00436000,436.0,0,0.0,0.0,,0.0,expirationDay
2022-02-14,8571.0,-4.0,0.0,0,439.02,0.0,1,2.17,2.21,SPY220216P00435000,435.0,0,0.0,0.0,,0.0,normalDay
2022-02-15,8571.0,189.0,0.0,0,446.1,0.0,1,2.17,0.28,SPY220216P00435000,435.0,0,0.0,0.0,,0.0,normalDay
2022-02-16,8788.0,0.0,217.0,0,446.6,0.0,1,2.17,0.0,SPY220216P00435000,435.0,0,0.0,0.0,,0.0,expirationDay
2022-02-17,8788.0,-4.0,0.0,0,437.06,0.0,1,1.57,1.61,SPY220218P00434000,434.0,0,0.0,0.0,,0.0,normalDay
2022-02-18,8945.0,0.0,157.0,0,434.23,0.0,1,1.57,0.0,SPY220218P00434000,434.0,0,0.0,0.0,,0.0,expirationDay
2022-02-22,8945.0,-4.0,0.0,0,429.57,0.0,1,5.66,5.7,SPY220225P00433000,433.0,0,0.0,0.0,,0.0,normalDay
2022-02-23,8945.0,-576.0,0.0,0,421.95,0.0,1,5.66,11.42,SPY220225P00433000,433.0,0,0.0,0.0,,0.0,normalDay
2022-02-24,8945.0,-111.0,0.0,0,428.3,0.0,1,5.66,6.77,SPY220225P00433000,433.0,0,0.0,0.0,,0.0,normalDay
2022-02-25,9511.0,0.0,566.0,0,437.75,0.0,1,5.66,0.0,SPY220225P00433000,433.0,0,0.0,0.0,,0.0,expirationDay
2022-02-28,9511.0,-4.0,0.0,0,436.63,0.0,1,1.92,1.96,SPY220302P00430000,430.0,0,0.0,0.0,,0.0,normalDay
2022-03-01,9511.0,-125.0,0.0,0,429.98,0.0,1,1.92,3.17,SPY220302P00430000,430.0,0,0.0,0.0,,0.0,normalDay
2022-03-02,9703.0,0.0,192.0,0,437.89,0.0,1,1.92,0.0,SPY220302P00430000,430.0,0,0.0,0.0,,0.0,expirationDay
2022-03-03,9703.0,-4.0,0.0,0,435.71,0.0,1,0.57,0.61,SPY220304P00428000,428.0,0,0.0,0.0,,0.0,normalDay
2022-03-04,9760.0,0.0,57.0,0,432.17,0.0,1,0.57,0.0,SPY220304P00428000,428.0,0,0.0,0.0,,0.0,expirationDay
2022-03-07,9760.0,-13.0,0.0,0,419.43,0.0,1,8.44,8.57,SPY220309P00425000,425.0,0,0.0,0.0,,0.0,normalDay
2022-03-08,9760.0,-184.0,0.0,0,416.25,0.0,1,8.44,10.28,SPY220309P00425000,425.0,0,0.0,0.0,,0.0,normalDay
2022-03-09,10604.0,0.0,844.0,0,427.41,0.0,1,8.44,0.0,SPY220309P00425000,425.0,0,0.0,0.0,,0.0,expirationDay
2022-03-10,10604.0,-3.0,0.0,0,425.48,0.0,1,1.39,1.42,SPY220311P00422000,422.0,0,0.0,0.0,,0.0,normalDay
2022-03-11,10743.0,-193.0,139.0,100,420.07,422.0,1,1.39,0.0,SPY220311P00422000,422.0,0,0.0,0.0,,0.0,expirationDay
2022-03-14,10743.0,-503.0,0.0,100,417.0,422.0,0,0.0,0.0,,0.0,1,0.17,0.2,SPY220316C00435000,435.0,normalDay
2022-03-15,10743.0,395.0,0.0,100,426.17,422.0,0,0.0,0.0,,0.0,1,0.17,0.39,SPY220316C00435000,435.0,normalDay
2022-03-16,12060.0,395.0,1317.0,0,435.62,0.0,0,0.0,0.0,,0.0,1,0.17,0.0,SPY220316C00435000,435.0,expirationDay
2022-03-17,12060.0,-3.0,0.0,0,441.07,0.0,1,0.09,0.12,SPY220318P00420000,420.0,0,0.0,0.0,,0.0,normalDay
2022-03-18,12069.0,0.0,9.0,0,444.52,0.0,1,0.09,0.0,SPY220318P00420000,420.0,0,0.0,0.0,,0.0,expirationDay
2022-03-21,12069.0,0.0,0.0,0,444.39,0.0,0,0.0,0.0,,0.0,0,0.0,0.0,,0.0,bidTooLow
2022-03-22,12069.0,-4.0,0.0,0,449.59,0.0,1,0.07,0.11,SPY220325P00419000,419.0,0,0.0,0.0,,0.0,normalDay
2022-03-23,12069.0,2.0,0.0,0,443.8,0.0,1,0.07,0.05,SPY220325P00419000,419.0,0,0.0,0.0,,0.0,normalDay
2022-03-24,12069.0,5.0,0.0,0,450.49,0.0,1,0.07,0.02,SPY220325P00419000,419.0,0,0.0,0.0,,0.0,normalDay
2022-03-25,12076.0,0.0,7.0,0,452.69,0.0,1,0.07,0.0,SPY220325P00419000,419.0,0,0.0,0.0,,0.0,expirationDay
2022-03-28,12076.0,-3.0,0.0,0,455.91,0.0,1,0.01,0.04,SPY220331P00419000,419.0,0,0.0,0.0,,0.0,normalDay
2022-03-29,12076.0,-1.0,0.0,0,461.55,0.0,1,0.01,0.02,SPY220331P00419000,419.0,0,0.0,0.0,,0.0,normalDay
2022-03-30,12076.0,-1.0,0.0,0,458.7,0.0,1,0.01,0.02,SPY220331P00419000,419.0,0,0.0,0.0,,0.0,normalDay
2022-03-31,12077.0,0.0,1.0,0,451.64,0.0,1,0.01,0.0,SPY220331P00419000,419.0,0,0.0,0.0,,0.0,expirationDay
2022-04-01,12077.0,0.0,0.0,0,452.92,0.0,0,0.0,0.0,,0.0,0,0.0,0.0,,0.0,bidTooLow
2022-04-04,12077.0,0.0,0.0,0,456.8,0.0,0,0.0,0.0,,0.0,0,0.0,0.0,,0.0,bidTooLow
2022-04-05,12077.0,-3.0,0.0,0,451.03,0.0,1,0.04,0.07,SPY220408P00426000,426.0,0,0.0,0.0,,0.0,normalDay
2022-04-06,12077.0,-2.0,0.0,0,446.52,0.0,1,0.04,0.06,SPY220408P00426000,426.0,0,0.0,0.0,,0.0,normalDay
2022-04-07,12077.0,2.0,0.0,0,448.77,0.0,1,0.04,0.02,SPY220408P00426000,426.0,0,0.0,0.0,,0.0,normalDay
2022-04-08,12081.0,0.0,4.0,0,447.57,0.0,1,0.04,0.0,SPY220408P00426000,426.0,0,0.0,0.0,,0.0,expirationDay
2022-04-11,12081.0,-5.0,0.0,0,439.92,0.0,1,2.65,2.7,SPY220414P00437000,437.0,0,0.0,0.0,,0.0,normalDay
2022-04-12,12081.0,38.0,0.0,0,438.29,0.0,1,2.65,2.27,SPY220414P00437000,437.0,0,0.0,0.0,,0.0,normalDay
2022-04-13,12081.0,236.0,0.0,0,443.31,0.0,1,2.65,0.29,SPY220414P00437000,437.0,0,0.0,0.0,,0.0,normalDay
2022-04-14,12346.0,0.0,265.0,0,437.79,0.0,1,2.65,0.0,SPY220414P00437000,437.0,0,0.0,0.0,,0.0,expirationDay
2022-04-18,12346.0,-3.0,0.0,0,437.97,0.0,1,2.42,2.45,SPY220420P00439000,439.0,0,0.0,0.0,,0.0,normalDay
2022-04-19,12346.0,183.0,0.0,0,445.04,0.0,1,2.42,0.59,SPY220420P00439000,439.0,0,0.0,0.0,,0.0,normalDay
2022-04-20,12588.0,0.0,242.0,0,444.71,0.0,1,2.42,0.0,SPY220420P00439000,439.0,0,0.0,0.0,,0.0,expirationDay
2022-04-21,12588.0,-4.0,0.0,0,438.06,0.0,1,2.25,2.29,SPY220422P00438000,438.0,0,0.0,0.0,,0.0,normalDay
2022-04-22,12813.0,-1196.0,225.0,100,426.04,438.0,1,2.25,0.0,SPY220422P00438000,438.0,0,0.0,0.0,,0.0,expirationDay
2022-04-25,12813.0,-949.0,0.0,100,428.51,438.0,0,0.0,0.0,,0.0,0,0.0,0.0,,0.0,bidTooLow
2022-04-26,12813.0,-2193.0,0.0,100,416.1,438.0,0,0.0,0.0,,0.0,1,0.01,0.04,SPY220429C00449000,449.0,normalDay
2022-04-27,12813.0,-2074.0,0.0,100,417.27,438.0,0,0.0,0.0,,0.0,1,0.01,0.02,SPY220429C00449000,449.0,normalDay
2022-04-28,12813.0,-1019.0,0.0,100,427.81,438.0,0,0.0,0.0,,0.0,1,0.01,0.01,SPY220429C00449000,449.0,normalDay
2022-04-29,12814.0,-2600.0,1.0,100,412.0,438.0,0,0.0,0.0,,0.0,1,0.01,0.0,SPY220429C00449000,449.0,expirationDay
2022-05-02,12814.0,-2352.0,0.0,100,414.48,438.0,0,0.0,0.0,,0.0,0,0.0,0.0,,0.0,bidTooLow
2022-05-03,12814.0,-2165.0,0.0,100,416.38,438.0,0,0.0,0.0,,0.0,1,0.07,0.1,SPY220506C00440000,440.0,normalDay
2022-05-04,12814.0,-915.0,0.0,100,429.06,438.0,0,0.0,0.0,,0.0,1,0.07,0.28,SPY220506C00440000,440.0,normalDay
2022-05-05,12814.0,-2415.0,0.0,100,413.81,438.0,0,0.0,0.0,,0.0,1,0.07,0.03,SPY220506C00440000,440.0,normalDay
2022-05-06,12821.0,-2666.0,7.0,100,411.34,438.0,0,0.0,0.0,,0.0,1,0.07,0.0,SPY220506C00440000,440.0,expirationDay
2022-05-09,12821.0,-3983.0,0.0,100,398.17,438.0,0,0.0,0.0,,0.0,0,0.0,0.0,,0.0,bidTooLow
2022-05-10,12821.0,-3894.0,0.0,100,399.09,438.0,0,0.0,0.0,,0.0,1,0.02,0.05,SPY220513C00432000,432.0,normalDay
2022-05-11,12821.0,-4525.0,0.0,100,392.75,438.0,0,0.0,0.0,,0.0,1,0.02,0.02,SPY220513C00432000,432.0,normalDay
2022-05-12,12821.0,-4565.0,0.0,100,392.34,438.0,0,0.0,0.0,,0.0,1,0.02,0.01,SPY220513C00432000,432.0,normalDay
2022-05-13,12823.0,-3628.0,2.0,100,401.72,438.0,0,0.0,0.0,,0.0,1,0.02,0.0,SPY220513C00432000,432.0,expirationDay
2022-05-16,12823.0,-3791.0,0.0,100,400.09,438.0,0,0.0,0.0,,0.0,0,0.0,0.0,,0.0,bidTooLow
2022-05-17,12823.0,-2971.0,0.0,100,408.32,438.0,0,0.0,0.0,,0.0,1,0.23,0.26,SPY220520C00422000,422.0,normalDay
2022-05-18,12823.0,-4594.0,0.0,100,391.86,438.0,0,0.0,0.0,,0.0,1,0.23,0.03,SPY220520C00422000,422.0,normalDay
2022-05-19,12823.0,-4832.0,0.0,100,389.46,438.0,0,0.0,0.0,,0.0,1,0.23,0.01,SPY220520C00422000,422.0,normalDay
2022-05-20,12846.0,-4837.0,23.0,100,389.63,438.0,0,0.0,0.0,,0.0,1,0.23,0.0,SPY220520C00422000,422.0,expirationDay
2022-05-23,12846.0,-4111.0,0.0,100,396.92,438.0,0,0.0,0.0,,0.0,1,0.12,0.15,SPY220525C00412000,412.0,normalDay
2022-05-24,12846.0,-4401.0,0.0,100,393.89,438.0,0,0.0,0.0,,0.0,1,0.12,0.02,SPY220525C00412000,412.0,normalDay
2022-05-25,12858.0,-4063.0,12.0,100,397.37,438.0,0,0.0,0.0,,0.0,1,0.12,0.0,SPY220525C00412000,412.0,expirationDay
2022-05-26,12858.0,-3272.0,0.0,100,405.31,438.0,0,0.0,0.0,,0.0,1,0.85,0.88,SPY220527C00408000,408.0,normalDay
2022-05-27,9943.0,-3272.0,-2915.0,0,415.26,0.0,0,0.0,0.0,,0.0,1,0.85,0.0,SPY220527C00408000,408.0,expirationDay
2022-05-31,9943.0,-3.0,0.0,0,412.93,0.0,1,0.08,0.11,SPY220603P00389000,389.0,0,0.0,0.0,,0.0,normalDay
2022-06-01,9943.0,3.0,0.0,0,409.59,0.0,1,0.08,0.05,SPY220603P00389000,389.0,0,0.0,0.0,,0.0,normalDay
2022-06-02,9943.0,4.0,0.0,0,417.39,0.0,1,0.08,0.04,SPY220603P00389000,389.0,0,0.0,0.0,,0.0,normalDay
2022-06-03,9951.0,0.0,8.0,0,410.54,0.0,1,0.08,0.0,SPY220603P00389000,389.0,0,0.0,0.0,,0.0,expirationDay
2022-06-06,9951.0,0.0,0.0,0,411.79,0.0,0,0.0,0.0,,0.0,0,0.0,0.0,,0.0,bidTooLow
2022-06-07,9951.0,-3.0,0.0,0,415.74,0.0,1,0.03,0.06,SPY220610P00390000,390.0,0,0.0,0.0,,0.0,normalDay
2022-06-08,9951.0,-1.0,0.0,0,411.22,0.0,1,0.03,0.04,SPY220610P00390000,390.0,0,0.0,0.0,,0.0,normalDay
2022-06-09,9951.0,-16.0,0.0,0,401.44,0.0,1,0.03,0.19,SPY220610P00390000,390.0,0,0.0,0.0,,0.0,normalDay
2022-06-10,9954.0,-20.0,3.0,100,389.8,390.0,1,0.03,0.0,SPY220610P00390000,390.0,0,0.0,0.0,,0.0,expirationDay
2022-06-13,9954.0,-1503.0,0.0,100,375.0,390.0,0,0.0,0.0,,0.0,1,0.04,0.07,SPY220615C00408000,408.0,normalDay
2022-06-14,9954.0,-1611.0,0.0,100,373.87,390.0,0,0.0,0.0,,0.0,1,0.04,0.02,SPY220615C00408000,408.0,normalDay
2022-06-15,9958.0,-1080.0,4.0,100,379.2,390.0,0,0.0,0.0,,0.0,1,0.04,0.0,SPY220615C00408000,408.0,expirationDay
2022-06-16,9958.0,-2335.0,0.0,100,366.65,390.0,0,0.0,0.0,,0.0,0,0.0,0.0,,0.0,bidTooLow
2022-06-17,9958.0,-2414.0,0.0,100,365.86,390.0,0,0.0,0.0,,0.0,0,0.0,0.0,,0.0,bidTooLow
2022-06-21,9958.0,-1493.0,0.0,100,375.07,390.0,0,0.0,0.0,,0.0,0,0.0,0.0,,0.0,bidTooLow
2022-06-22,9958.0,-1561.0,0.0,100,374.39,390.0,0,0.0,0.0,,0.0,0,0.0,0.0,,0.0,bidTooLow
2022-06-23,9958.0,-1194.0,0.0,100,378.06,390.0,0,0.0,0.0,,0.0,0,0.0,0.0,,0.0,bidTooLow
2022-06-24,9958.0,5.0,0.0,100,390.08,390.0,0,0.0,0.0,,0.0,1,0.01,0.04,SPY220627C00403000,403.0,normalDay
2022-06-27,9959.0,-141.0,1.0,100,388.59,390.0,0,0.0,0.0,,0.0,1,0.01,0.0,SPY220627C00403000,403.0,expirationDay
2022-06-28,9959.0,-938.0,0.0,100,380.65,390.0,0,0.0,0.0,,0.0,1,0.13,0.16,SPY220701C00400000,400.0,normalDay
2022-06-29,9959.0,-962.0,0.0,100,380.34,390.0,0,0.0,0.0,,0.0,1,0.13,0.09,SPY220701C00400000,400.0,normalDay
2022-06-30,9959.0,-1263.0,0.0,100,377.25,390.0,0,0.0,0.0,,0.0,1,0.13,0.01,SPY220701C00400000,400.0,normalDay
2022-07-01,9972.0,-876.0,13.0,100,381.24,390.0,0,0.0,0.0,,0.0,1,0.13,0.0,SPY220701C00400000,400.0,expirationDay
2022-07-05,9972.0,-807.0,0.0,100,381.96,390.0,0,0.0,0.0,,0.0,1,0.54,0.57,SPY220708C00392000,392.0,normalDay
2022-07-06,9972.0,-670.0,0.0,100,383.25,390.0,0,0.0,0.0,,0.0,1,0.54,0.49,SPY220708C00392000,392.0,normalDay
2022-07-07,9972.0,-126.0,0.0,100,388.99,390.0,0,0.0,0.0,,0.0,1,0.54,0.79,SPY220708C00392000,392.0,normalDay
2022-07-08,10026.0,-133.0,54.0,100,388.67,390.0,0,0.0,0.0,,0.0,1,0.54,0.0,SPY220708C00392000,392.0,expirationDay
2022-07-11,10026.0,-582.0,0.0,100,384.23,390.0,0,0.0,0.0,,0.0,1,3.65,3.7,SPY220713C00384000,384.0,normalDay
2022-07-12,10026.0,-704.0,0.0,100,380.83,390.0,0,0.0,0.0,,0.0,1,3.65,1.52,SPY220713C00384000,384.0,normalDay
2022-07-13,10391.0,-1117.0,365.0,100,378.83,390.0,0,0.0,0.0,,0.0,1,3.65,0.0,SPY220713C00384000,384.0,expirationDay
2022-07-14,10391.0,-1212.0,0.0,100,377.91,390.0,0,0.0,0.0,,0.0,1,0.5,0.53,SPY220715C00383000,383.0,normalDay
2022-07-15,9741.0,-1212.0,-650.0,0,385.13,0.0,0,0.0,0.0,,0.0,1,0.5,0.0,SPY220715C00383000,383.0,expirationDay
2022-07-18,9741.0,-3.0,0.0,0,381.95,0.0,1,0.4,0.43,SPY220720P00374000,374.0,0,0.0,0.0,,0.0,normalDay
2022-07-19,9741.0,36.0,0.0,0,392.27,0.0,1,0.4,0.04,SPY220720P00374000,374.0,0,0.0,0.0,,0.0,normalDay
2022-07-20,9781.0,0.0,40.0,0,394.77,0.0,1,0.4,0.0,SPY220720P00374000,374.0,0,0.0,0.0,,0.0,expirationDay
2022-07-21,9781.0,0.0,0.0,0,398.79,0.0,0,0.0,0.0,,0.0,0,0.0,0.0,,0.0,bidTooLow
2022-07-22,9781.0,0.0,0.0,0,395.09,0.0,0,0.0,0.0,,0.0,0,0.0,0.0,,0.0,bidTooLow
2022-07-25,9781.0,-3.0,0.0,0,395.57,0.0,1,0.03,0.06,SPY220727P00377000,377.0,0,0.0,0.0,,0.0,normalDay
2022-07-26,9781.0,-3.0,0.0,0,390.89,0.0,1,0.03,0.06,SPY220727P00377000,377.0,0,0.0,0.0,,0.0,normalDay
2022-07-27,9784.0,0.0,3.0,0,401.04,0.0,1,0.03,0.0,SPY220727P00377000,377.0,0,0.0,0.0,,0.0,expirationDay
2022-07-28,9784.0,0.0,0.0,0,406.07,0.0,0,0.0,0.0,,0.0,0,0.0,0.0,,0.0,bidTooLow
2022-07-29,9784.0,0.0,0.0,0,411.99,0.0,0,0.0,0.0,,0.0,0,0.0,0.0,,0.0,bidTooLow
2022-08-01,9784.0,0.0,0.0,0,410.77,0.0,0,0.0,0.0,,0.0,0,0.0,0.0,,0.0,bidTooLow
2022-08-02,9784.0,-3.0,0.0,0,408.06,0.0,1,0.03,0.06,SPY220805P00379000,379.0,0,0.0,0.0,,0.0,normalDay
2022-08-03,9784.0,0.0,0.0,0,414.45,0.0,1,0.03,0.03,SPY220805P00379000,379.0,0,0.0,0.0,,0.0,normalDay
2022-08-04,9784.0,2.0,0.0,0,414.17,0.0,1,0.03,0.01,SPY220805P00379000,379.0,0,0.0,0.0,,0.0,normalDay
2022-08-05,9787.0,0.0,3.0,0,413.47,0.0,1,0.03,0.0,SPY220805P00379000,379.0,0,0.0,0.0,,0.0,expirationDay
2022-08-08,9787.0,0.0,0.0,0,412.99,0.0,0,0.0,0.0,,0.0,0,0.0,0.0,,0.0,bidTooLow
2022-08-09,9787.0,-3.0,0.0,0,411.35,0.0,1,0.02,0.05,SPY220812P00384000,384.0,0,0.0,0.0,,0.0,normalDay
2022-08-10,9787.0,0.0,0.0,0,419.99,0.0,1,0.02,0.02,SPY220812P00384000,384.0,0,0.0,0.0,,0.0,normalDay
2022-08-11,9787.0,1.0,0.0,0,419.99,0.0,1,0.02,0.01,SPY220812P00384000,384.0,0,0.0,0.0,,0.0,normalDay
2022-08-12,9789.0,0.0,2.0,0,427.1,0.0,1,0.02,0.0,SPY220812P00384000,384.0,0,0.0,0.0,,0.0,expirationDay
2022-08-15,9789.0,0.0,0.0,0,428.86,0.0,0,0.0,0.0,,0.0,0,0.0,0.0,,0.0,bidTooLow
2022-08-16,9789.0,-3.0,0.0,0,429.7,0.0,1,0.01,0.04,SPY220819P00395000,395.0,0,0.0,0.0,,0.0,normalDay
2022-08-17,9789.0,-1.0,0.0,0,426.65,0.0,1,0.01,0.02,SPY220819P00395000,395.0,0,0.0,0.0,,0.0,normalDay
2022-08-18,9789.0,-1.0,0.0,0,427.89,0.0,1,0.01,0.02,SPY220819P00395000,395.0,0,0.0,0.0,,0.0,normalDay
2022-08-19,9790.0,0.0,1.0,0,422.14,0.0,1,0.01,0.0,SPY220819P00395000,395.0,0,0.0,0.0,,0.0,expirationDay
2022-08-22,9790.0,-3.0,0.0,0,413.35,0.0,1,0.21,0.24,SPY220824P00403000,403.0,0,0.0,0.0,,0.0,normalDay
2022-08-23,9790.0,12.0,0.0,0,412.35,0.0,1,0.21,0.09,SPY220824P00403000,403.0,0,0.0,0.0,,0.0,normalDay
2022-08-24,9811.0,0.0,21.0,0,413.67,0.0,1,0.21,0.0,SPY220824P00403000,403.0,0,0.0,0.0,,0.0,expirationDay
2022-08-25,9811.0,-3.0,0.0,0,419.51,0.0,1,0.22,0.25,SPY220826P00409000,409.0,0,0.0,0.0,,0.0,normalDay
2022-08-26,9833.0,-369.0,22.0,100,405.31,409.0,1,0.22,0.0,SPY220826P00409000,409.0,0,0.0,0.0,,0.0,expirationDay
2022-08-29,9833.0,-637.0,0.0,100,402.63,409.0,0,0.0,0.0,,0.0,0,0.0,0.0,,0.0,bidTooLow
2022-08-30,9833.0,-1079.0,0.0,100,398.21,409.0,0,0.0,0.0,,0.0,0,0.0,0.0,,0.0,bidTooLow
2022-08-31,9833.0,-1382.0,0.0,100,395.18,409.0,0,0.0,0.0,,0.0,0,0.0,0.0,,0.0,bidTooLow
2022-09-01,9833.0,-1258.0,0.0,100,396.42,409.0,0,0.0,0.0,,0.0,0,0.0,0.0,,0.0,bidTooLow
2022-09-02,9833.0,-1676.0,0.0,100,392.24,409.0,0,0.0,0.0,,0.0,0,0.0,0.0,,0.0,bidTooLow
2022-09-06,9833.0,-1824.0,0.0,100,390.76,409.0,0,0.0,0.0,,0.0,0,0.0,0.0,,0.0,bidTooLow
2022-09-07,9833.0,-1122.0,0.0,100,397.78,409.0,0,0.0,0.0,,0.0,0,0.0,0.0,,0.0,bidTooLow
2022-09-08,9833.0,-862.0,0.0,100,400.38,409.0,0,0.0,0.0,,0.0,0,0.0,0.0,,0.0,bidTooLow
2022-09-09,9833.0,-240.0,0.0,100,406.6,409.0,0,0.0,0.0,,0.0,0,0.0,0.0,,0.0,bidTooLow
2022-09-12,9833.0,194.0,0.0,100,410.97,409.0,0,0.0,0.0,,0.0,1,1.65,1.68,SPY220914C00416000,416.0,normalDay
2022-09-13,9833.0,-1427.0,0.0,100,393.1,409.0,0,0.0,0.0,,0.0,1,1.65,0.02,SPY220914C00416000,416.0,normalDay
2022-09-14,9998.0,-1440.0,165.0,100,394.6,409.0,0,0.0,0.0,,0.0,1,1.65,0.0,SPY220914C00416000,416.0,expirationDay
2022-09-15,9998.0,-1888.0,0.0,100,390.12,409.0,0,0.0,0.0,,0.0,0,0.0,0.0,,0.0,bidTooLow
2022-09-16,9998.0,-2344.0,0.0,100,385.56,409.0,0,0.0,0.0,,0.0,0,0.0,0.0,,0.0,bidTooLow
2022-09-19,9998.0,-2048.0,0.0,100,388.55,409.0,0,0.0,0.0,,0.0,1,0.12,0.15,SPY220921C00405000,405.0,normalDay
2022-09-20,9998.0,-2481.0,0.0,100,384.09,409.0,0,0.0,0.0,,0.0,1,0.12,0.02,SPY220921C00405000,405.0,normalDay
2022-09-21,10010.0,-3161.0,12.0,100,377.39,409.0,0,0.0,0.0,,0.0,1,0.12,0.0,SPY220921C00405000,405.0,expirationDay
2022-09-22,10010.0,-3478.0,0.0,100,374.22,409.0,0,0.0,0.0,,0.0,0,0.0,0.0,,0.0,bidTooLow
2022-09-23,10010.0,-4105.0,0.0,100,367.95,409.0,0,0.0,0.0,,0.0,0,0.0,0.0,,0.0,bidTooLow
2022-09-26,10010.0,-4469.0,0.0,100,364.31,409.0,0,0.0,0.0,,0.0,0,0.0,0.0,,0.0,bidTooLow
2022-09-27,10010.0,-4562.0,0.0,100,363.38,409.0,0,0.0,0.0,,0.0,0,0.0,0.0,,0.0,bidTooLow
2022-09-28,10010.0,-3847.0,0.0,100,370.53,409.0,0,0.0,0.0,,0.0,0,0.0,0.0,,0.0,bidTooLow
2022-09-29,10010.0,-4621.0,0.0,100,362.79,409.0,0,0.0,0.0,,0.0,0,0.0,0.0,,0.0,bidTooLow
2022-09-30,10010.0,-5182.0,0.0,100,357.18,409.0,0,0.0,0.0,,0.0,0,0.0,0.0,,0.0,bidTooLow
2022-10-03,10010.0,-4239.0,0.0,100,366.61,409.0,0,0.0,0.0,,0.0,0,0.0,0.0,,0.0,bidTooLow
2022-10-04,10010.0,-3106.0,0.0,100,377.97,409.0,0,0.0,0.0,,0.0,1,0.49,0.52,SPY221007C00390000,390.0,normalDay
2022-10-05,10010.0,-3161.0,0.0,100,377.09,409.0,0,0.0,0.0,,0.0,1,0.49,0.19,SPY221007C00390000,390.0,normalDay
2022-10-06,10010.0,-3534.0,0.0,100,373.2,409.0,0,0.0,0.0,,0.0,1,0.49,0.03,SPY221007C00390000,390.0,normalDay
2022-10-07,10059.0,-4621.0,49.0,100,362.79,409.0,0,0.0,0.0,,0.0,1,0.49,0.0,SPY221007C00390000,390.0,expirationDay
2022-10-10,10059.0,-4898.0,0.0,100,360.02,409.0,0,0.0,0.0,,0.0,0,0.0,0.0,,0.0,bidTooLow
2022-10-11,10059.0,-5129.0,0.0,100,357.74,409.0,0,0.0,0.0,,0.0,1,0.32,0.35,SPY221014C00378000,378.0,normalDay
2022-10-12,10059.0,-5229.0,0.0,100,356.56,409.0,0,0.0,0.0,,0.0,1,0.32,0.17,SPY221014C00378000,378.0,normalDay
2022-10-13,10059.0,-4285.0,0.0,100,365.97,409.0,0,0.0,0.0,,0.0,1,0.32,0.14,SPY221014C00378000,378.0,normalDay
2022-10-14,10091.0,-5137.0,32.0,100,357.63,409.0,0,0.0,0.0,,0.0,1,0.32,0.0,SPY221014C00378000,378.0,expirationDay
2022-10-17,10091.0,-4221.0,0.0,100,366.82,409.0,0,0.0,0.0,,0.0,1,1.88,1.91,SPY221019C00371000,371.0,normalDay
2022-10-18,10091.0,-3913.0,0.0,100,371.13,409.0,0,0.0,0.0,,0.0,1,1.88,3.14,SPY221019C00371000,371.0,normalDay
2022-10-19,10279.0,-4050.0,188.0,100,368.5,409.0,0,0.0,0.0,,0.0,1,1.88,0.0,SPY221019C00371000,371.0,expirationDay
2022-10-20,10279.0,-4362.0,0.0,100,365.41,409.0,0,0.0,0.0,,0.0,1,1.04,1.07,SPY221021C00369000,369.0,normalDay
2022-10-21,6383.0,-4362.0,-3896.0,0,374.29,0.0,0,0.0,0.0,,0.0,1,1.04,0.0,SPY221021C00369000,369.0,expirationDay
2022-10-24,6383.0,-3.0,0.0,0,378.87,0.0,1,0.02,0.05,SPY221026P00357000,357.0,0,0.0,0.0,,0.0,normalDay
2022-10-25,6383.0,0.0,0.0,0,384.92,0.0,1,0.02,0.02,SPY221026P00357000,357.0,0,0.0,0.0,,0.0,normalDay
2022-10-26,6385.0,0.0,2.0,0,382.02,0.0,1,0.02,0.0,SPY221026P00357000,357.0,0,0.0,0.0,,0.0,expirationDay
2022-10-27,6385.0,0.0,0.0,0,379.98,0.0,0,0.0,0.0,,0.0,0,0.0,0.0,,0.0,bidTooLow
2022-10-28,6385.0,0.0,0.0,0,389.02,0.0,0,0.0,0.0,,0.0,0,0.0,0.0,,0.0,bidTooLow
2022-10-31,6385.0,0.0,0.0,0,386.21,0.0,0,0.0,0.0,,0.0,0,0.0,0.0,,0.0,bidTooLow
2022-11-01,6385.0,-3.0,0.0,0,384.52,0.0,1,0.08,0.11,SPY221104P00359000,359.0,0,0.0,0.0,,0.0,normalDay
2022-11-02,6385.0,-6.0,0.0,0,374.87,0.0,1,0.08,0.14,SPY221104P00359000,359.0,0,0.0,0.0,,0.0,normalDay
2022-11-03,6385.0,0.0,0.0,0,371.01,0.0,1,0.08,0.08,SPY221104P00359000,359.0,0,0.0,0.0,,0.0,normalDay
2022-11-04,6393.0,0.0,8.0,0,376.35,0.0,1,0.08,0.0,SPY221104P00359000,359.0,0,0.0,0.0,,0.0,expirationDay
2022-11-07,6393.0,-3.0,0.0,0,379.95,0.0,1,0.03,0.06,SPY221109P00361000,361.0,0,0.0,0.0,,0.0,normalDay
2022-11-08,6393.0,-2.0,0.0,0,382.0,0.0,1,0.03,0.05,SPY221109P00361000,361.0,0,0.0,0.0,,0.0,normalDay
2022-11-09,6396.0,0.0,3.0,0,374.13,0.0,1,0.03,0.0,SPY221109P00361000,361.0,0,0.0,0.0,,0.0,expirationDay
2022-11-10,6396.0,0.0,0.0,0,394.69,0.0,0,0.0,0.0,,0.0,0,0.0,0.0,,0.0,bidTooLow
2022-11-11,6396.0,0.0,0.0,0,398.51,0.0,0,0.0,0.0,,0.0,0,0.0,0.0,,0.0,bidTooLow
2022-11-14,6396.0,-3.0,0.0,0,395.12,0.0,1,0.01,0.04,SPY221116P00369000,369.0,0,0.0,0.0,,0.0,normalDay
2022-11-15,6396.0,-1.0,0.0,0,398.49,0.0,1,0.01,0.02,SPY221116P00369000,369.0,0,0.0,0.0,,0.0,normalDay
2022-11-16,6397.0,0.0,1.0,0,395.45,0.0,1,0.01,0.0,SPY221116P00369000,369.0,0,0.0,0.0,,0.0,expirationDay
2022-11-17,6397.0,-3.0,0.0,0,394.24,0.0,1,0.01,0.04,SPY221118P00373000,373.0,0,0.0,0.0,,0.0,normalDay
2022-11-18,6398.0,0.0,1.0,0,396.03,0.0,1,0.01,0.0,SPY221118P00373000,373.0,0,0.0,0.0,,0.0,expirationDay
2022-11-21,6398.0,0.0,0.0,0,394.59,0.0,0,0.0,0.0,,0.0,0,0.0,0.0,,0.0,bidTooLow
2022-11-22,6398.0,0.0,0.0,0,399.9,0.0,0,0.0,0.0,,0.0,0,0.0,0.0,,0.0,bidTooLow
2022-11-23,6398.0,0.0,0.0,0,402.42,0.0,0,0.0,0.0,,0.0,0,0.0,0.0,,0.0,bidTooLow
2022-11-25,6398.0,0.0,0.0,0,402.33,0.0,0,0.0,0.0,,0.0,0,0.0,0.0,,0.0,bidTooLow
2022-11-28,6398.0,-3.0,0.0,0,395.91,0.0,1,0.04,0.07,SPY221201P00377000,377.0,0,0.0,0.0,,0.0,normalDay
2022-11-29,6398.0,-1.0,0.0,0,395.23,0.0,1,0.04,0.05,SPY221201P00377000,377.0,0,0.0,0.0,,0.0,normalDay
2022-11-30,6398.0,2.0,0.0,0,407.68,0.0,1,0.04,0.02,SPY221201P00377000,377.0,0,0.0,0.0,,0.0,normalDay
2022-12-01,6402.0,0.0,4.0,0,407.38,0.0,1,0.04,0.0,SPY221201P00377000,377.0,0,0.0,0.0,,0.0,expirationDay
2022-12-02,6402.0,0.0,0.0,0,406.91,0.0,0,0.0,0.0,,0.0,0,0.0,0.0,,0.0,bidTooLow
2022-12-05,6402.0,-3.0,0.0,0,399.59,0.0,1,0.07,0.1,SPY221208P00385000,385.0,0,0.0,0.0,,0.0,normalDay
2022-12-06,6402.0,-20.0,0.0,0,393.83,0.0,1,0.07,0.27,SPY221208P00385000,385.0,0,0.0,0.0,,0.0,normalDay
2022-12-07,6402.0,-3.0,0.0,0,393.16,0.0,1,0.07,0.1,SPY221208P00385000,385.0,0,0.0,0.0,,0.0,normalDay
2022-12-08,6409.0,0.0,7.0,0,396.24,0.0,1,0.07,0.0,SPY221208P00385000,385.0,0,0.0,0.0,,0.0,expirationDay
2022-12-09,6409.0,-3.0,0.0,0,393.28,0.0,1,1.15,1.18,SPY221212P00392000,392.0,0,0.0,0.0,,0.0,normalDay
2022-12-12,6524.0,0.0,115.0,0,398.95,0.0,1,1.15,0.0,SPY221212P00392000,392.0,0,0.0,0.0,,0.0,expirationDay
2022-12-13,6524.0,-4.0,0.0,0,401.97,0.0,1,1.96,2.0,SPY221216P00393000,393.0,0,0.0,0.0,,0.0,normalDay
2022-12-14,6524.0,76.0,0.0,0,399.4,0.0,1,1.96,1.2,SPY221216P00393000,393.0,0,0.0,0.0,,0.0,normalDay
2022-12-15,6524.0,-373.0,0.0,0,389.63,0.0,1,1.96,5.69,SPY221216P00393000,393.0,0,0.0,0.0,,0.0,normalDay
2022-12-16,6720.0,-973.0,196.0,100,383.27,393.0,1,1.96,0.0,SPY221216P00393000,393.0,0,0.0,0.0,,0.0,expirationDay
2022-12-19,6720.0,-1298.0,0.0,100,380.02,393.0,0,0.0,0.0,,0.0,0,0.0,0.0,,0.0,bidTooLow
2022-12-20,6720.0,-1249.0,0.0,100,380.54,393.0,0,0.0,0.0,,0.0,1,0.01,0.04,SPY221223C00400000,400.0,normalDay
2022-12-21,6720.0,-680.0,0.0,100,386.23,393.0,0,0.0,0.0,,0.0,1,0.01,0.04,SPY221223C00400000,400.0,normalDay
2022-12-22,6720.0,-1228.0,0.0,100,380.72,393.0,0,0.0,0.0,,0.0,1,0.01,0.01,SPY221223C00400000,400.0,normalDay
2022-12-23,6721.0,-1009.0,1.0,100,382.91,393.0,0,0.0,0.0,,0.0,1,0.01,0.0,SPY221223C00400000,400.0,expirationDay
2022-12-27,6721.0,-1163.0,0.0,100,381.4,393.0,0,0.0,0.0,,0.0,1,0.02,0.05,SPY221230C00398000,398.0,normalDay
2022-12-28,6721.0,-1634.0,0.0,100,376.66,393.0,0,0.0,0.0,,0.0,1,0.02,0.02,SPY221230C00398000,398.0,normalDay
2022-12-29,6721.0,-956.0,0.0,100,383.44,393.0,0,0.0,0.0,,0.0,1,0.02,0.02,SPY221230C00398000,398.0,normalDay
2022-12-30,6723.0,-1057.0,2.0,100,382.43,393.0,0,0.0,0.0,,0.0,1,0.02,0.0,SPY221230C00398000,398.0,expirationDay
2023-01-03,6723.0,-1221.0,0.0,100,380.82,393.0,0,0.0,0.0,,0.0,1,0.31,0.34,SPY230106C00392500,392.5,normalDay
2023-01-04,6723.0,-930.0,0.0,100,383.76,393.0,0,0.0,0.0,,0.0,1,0.31,0.37,SPY230106C00392500,392.5,normalDay
2023-01-05,6723.0,-1336.0,0.0,100,379.38,393.0,0,0.0,0.0,,0.0,1,0.31,0.05,SPY230106C00392500,392.5,normalDay
2023-01-06,6754.0,-492.0,31.0,100,388.08,393.0,0,0.0,0.0,,0.0,1,0.31,0.0,SPY230106C00392500,392.5,expirationDay
2023-01-09,6754.0,-517.0,0.0,100,387.86,393.0,0,0.0,0.0,,0.0,1,3.42,3.45,SPY230112C00390000,390.0,normalDay
2023-01-10,6754.0,-354.0,0.0,100,390.58,393.0,0,0.0,0.0,,0.0,1,3.42,4.54,SPY230112C00390000,390.0,normalDay
2023-01-11,6754.0,-147.0,0.0,100,395.52,393.0,0,0.0,0.0,,0.0,1,3.42,7.41,SPY230112C00390000,390.0,normalDay
2023-01-12,6796.0,-147.0,42.0,0,396.96,0.0,0,0.0,0.0,,0.0,1,3.42,0.0,SPY230112C00390000,390.0,expirationDay
2023-01-13,6796.0,0.0,0.0,0,398.5,0.0,0,0.0,0.0,,0.0,0,0.0,0.0,,0.0,bidTooLow
2023-01-17,6796.0,-3.0,0.0,0,397.77,0.0,1,0.04,0.07,SPY230120P00377000,377.0,0,0.0,0.0,,0.0,normalDay
2023-01-18,6796.0,-3.0,0.0,0,391.49,0.0,1,0.04,0.07,SPY230120P00377000,377.0,0,0.0,0.0,,0.0,normalDay
2023-01-19,6796.0,0.0,0.0,0,388.64,0.0,1,0.04,0.04,SPY230120P00377000,377.0,0,0.0,0.0,,0.0,normalDay
2023-01-20,6800.0,0.0,4.0,0,395.88,0.0,1,0.04,0.0,SPY230120P00377000,377.0,0,0.0,0.0,,0.0,expirationDay
2023-01-23,6800.0,-3.0,0.0,0,400.63,0.0,1,0.03,0.06,SPY230126P00379000,379.0,0,0.0,0.0,,0.0,normalDay
2023-01-24,6800.0,-1.0,0.0,0,400.2,0.0,1,0.03,0.04,SPY230126P00379000,379.0,0,0.0,0.0,,0.0,normalDay
2023-01-25,6800.0,0.0,0.0,0,400.35,0.0,1,0.03,0.03,SPY230126P00379000,379.0,0,0.0,0.0,,0.0,normalDay
2023-01-26,6803.0,0.0,3.0,0,404.75,0.0,1,0.03,0.0,SPY230126P00379000,379.0,0,0.0,0.0,,0.0,expirationDay
2023-01-27,6803.0,0.0,0.0,0,405.68,0.0,0,0.0,0.0,,0.0,0,0.0,0.0,,0.0,bidTooLow
2023-01-30,6803.0,-3.0,0.0,0,400.59,0.0,1,0.1,0.13,SPY230202P00383000,383.0,0,0.0,0.0,,0.0,normalDay
2023-01-31,6803.0,5.0,0.0,0,406.48,0.0,1,0.1,0.05,SPY230202P00383000,383.0,0,0.0,0.0,,0.0,normalDay
2023-02-01,6803.0,7.0,0.0,0,410.8,0.0,1,0.1,0.03,SPY230202P00383000,383.0,0,0.0,0.0,,0.0,normalDay
2023-02-02,6813.0,0.0,10.0,0,416.78,0.0,1,0.1,0.0,SPY230202P00383000,383.0,0,0.0,0.0,,0.0,expirationDay
2023-02-03,6813.0,0.0,0.0,0,412.35,0.0,0,0.0,0.0,,0.0,0,0.0,0.0,,0.0,bidTooLow
2023-02-06,6813.0,-3.0,0.0,0,409.83,0.0,1,0.01,0.04,SPY230209P00390000,390.0,0,0.0,0.0,,0.0,normalDay
2023-02-07,6813.0,-2.0,0.0,0,415.19,0.0,1,0.01,0.03,SPY230209P00390000,390.0,0,0.0,0.0,,0.0,normalDay
2023-02-08,6813.0,-1.0,0.0,0,410.65,0.0,1,0.01,0.02,SPY230209P00390000,390.0,0,0.0,0.0,,0.0,normalDay
2023-02-09,6814.0,0.0,1.0,0,407.09,0.0,1,0.01,0.0,SPY230209P00390000,390.0,0,0.0,0.0,,0.0,expirationDay
2023-02-10,6814.0,-3.0,0.0,0,408.04,0.0,1,0.02,0.05,SPY230213P00394000,394.0,0,0.0,0.0,,0.0,normalDay
2023-02-13,6816.0,0.0,2.0,0,412.83,0.0,1,0.02,0.0,SPY230213P00394000,394.0,0,0.0,0.0,,0.0,expirationDay
2023-02-14,6816.0,-3.0,0.0,0,412.64,0.0,1,0.15,0.18,SPY230217P00396000,396.0,0,0.0,0.0,,0.0,normalDay
2023-02-15,6816.0,9.0,0.0,0,413.98,0.0,1,0.15,0.06,SPY230217P00396000,396.0,0,0.0,0.0,,0.0,normalDay
2023-02-16,6816.0,-5.0,0.0,0,408.28,0.0,1,0.15,0.2,SPY230217P00396000,396.0,0,0.0,0.0,,0.0,normalDay
2023-02-17,6831.0,0.0,15.0,0,407.26,0.0,1,0.15,0.0,SPY230217P00396000,396.0,0,0.0,0.0,,0.0,expirationDay
2023-02-21,6831.0,-4.0,0.0,0,399.09,0.0,1,3.91,3.95,SPY230224P00401000,401.0,0,0.0,0.0,,0.0,normalDay
2023-02-22,6831.0,23.0,0.0,0,398.54,0.0,1,3.91,3.68,SPY230224P00401000,401.0,0,0.0,0.0,,0.0,normalDay
2023-02-23,6831.0,188.0,0.0,0,400.66,0.0,1,3.91,2.03,SPY230224P00401000,401.0,0,0.0,0.0,,0.0,normalDay
2023-02-24,7222.0,-462.0,391.0,100,396.38,401.0,1,3.91,0.0,SPY230224P00401000,401.0,0,0.0,0.0,,0.0,expirationDay
2023-02-27,7222.0,-330.0,0.0,100,397.73,401.0,0,0.0,0.0,,0.0,1,0.04,0.07,SPY230302C00410000,410.0,normalDay
2023-02-28,7222.0,-472.0,0.0,100,396.26,401.0,0,0.0,0.0,,0.0,1,0.04,0.02,SPY230302C00410000,410.0,normalDay
2023-03-01,7222.0,-623.0,0.0,100,394.74,401.0,0,0.0,0.0,,0.0,1,0.04,0.01,SPY230302C00410000,410.0,normalDay
2023-03-02,7226.0,-319.0,4.0,100,397.81,401.0,0,0.0,0.0,,0.0,1,0.04,0.0,SPY230302C00410000,410.0,expirationDay
2023-03-03,7226.0,316.0,0.0,100,404.19,401.0,0,0.0,0.0,,0.0,1,0.17,0.2,SPY230306C00409000,409.0,normalDay
2023-03-06,7243.0,347.0,17.0,100,404.47,401.0,0,0.0,0.0,,0.0,1,0.17,0.0,SPY230306C00409000,409.0,expirationDay
2023-03-07,7243.0,-276.0,0.0,100,398.27,401.0,0,0.0,0.0,,0.0,1,0.41,0.44,SPY230310C00407500,407.5,normalDay
2023-03-08,7243.0,-200.0,0.0,100,398.92,401.0,0,0.0,0.0,,0.0,1,0.41,0.33,SPY230310C00407500,407.5,normalDay
2023-03-09,7243.0,-907.0,0.0,100,391.56,401.0,0,0.0,0.0,,0.0,1,0.41,0.04,SPY230310C00407500,407.5,normalDay
2023-03-10,7284.0,-1509.0,41.0,100,385.91,401.0,0,0.0,0.0,,0.0,1,0.41,0.0,SPY230310C00407500,407.5,expirationDay
2023-03-13,7284.0,-1567.0,0.0,100,385.36,401.0,0,0.0,0.0,,0.0,1,0.22,0.25,SPY230316C00404000,404.0,normalDay
2023-03-14,7284.0,-914.0,0.0,100,391.73,401.0,0,0.0,0.0,,0.0,1,0.22,0.09,SPY230316C00404000,404.0,normalDay
2023-03-15,7284.0,-1152.0,0.0,100,389.28,401.0,0,0.0,0.0,,0.0,1,0.22,0.02,SPY230316C00404000,404.0,normalDay
2023-03-16,7306.0,-489.0,22.0,100,396.11,401.0,0,0.0,0.0,,0.0,1,0.22,0.0,SPY230316C00404000,404.0,expirationDay
2023-03-17,7306.0,-1104.0,0.0,100,389.99,401.0,0,0.0,0.0,,0.0,1,0.17,0.2,SPY230320C00399000,399.0,normalDay
2023-03-20,7323.0,-726.0,17.0,100,393.74,401.0,0,0.0,0.0,,0.0,1,0.17,0.0,SPY230320C00399000,399.0,expirationDay
2023-03-21,7323.0,-212.0,0.0,100,398.91,401.0,0,0.0,0.0,,0.0,1,4.6,4.63,SPY230324C00398000,398.0,normalDay
2023-03-22,7323.0,-516.0,0.0,100,392.11,401.0,0,0.0,0.0,,0.0,1,4.6,0.87,SPY230324C00398000,398.0,normalDay
2023-03-23,7323.0,-371.0,0.0,100,393.17,401.0,0,0.0,0.0,,0.0,1,4.6,0.48,SPY230324C00398000,398.0,normalDay
2023-03-24,7783.0,-525.0,460.0,100,395.75,401.0,0,0.0,0.0,,0.0,1,4.6,0.0,SPY230324C00398000,398.0,expirationDay
2023-03-27,7783.0,-454.0,0.0,100,396.49,401.0,0,0.0,0.0,,0.0,1,2.8,2.83,SPY230330C00397000,397.0,normalDay
2023-03-28,7783.0,-441.0,0.0,100,395.6,401.0,0,0.0,0.0,,0.0,1,2.8,1.81,SPY230330C00397000,397.0,normalDay
2023-03-29,7783.0,-163.0,0.0,100,401.35,401.0,0,0.0,0.0,,0.0,1,2.8,4.78,SPY230330C00397000,397.0,normalDay
2023-03-30,7663.0,-163.0,-120.0,0,403.7,0.0,0,0.0,0.0,,0.0,1,2.8,0.0,SPY230330C00397000,397.0,expirationDay
2023-03-31,7663.0,0.0,0.0,0,409.39,0.0,0,0.0,0.0,,0.0,0,0.0,0.0,,0.0,bidTooLow
2023-04-03,7663.0,0.0,0.0,0,410.95,0.0,0,0.0,0.0,,0.0,0,0.0,0.0,,0.0,bidTooLow
2023-04-04,7663.0,0.0,0.0,0,408.67,0.0,0,0.0,0.0,,0.0,0,0.0,0.0,,0.0,bidTooLow
2023-04-05,7663.0,0.0,0.0,0,407.6,0.0,0,0.0,0.0,,0.0,0,0.0,0.0,,0.0,bidTooLow
2023-04-06,7663.0,0.0,0.0,0,409.19,0.0,0,0.0,0.0,,0.0,0,0.0,0.0,,0.0,bidTooLow
2023-04-10,7663.0,-3.0,0.0,0,409.61,0.0,1,0.01,0.04,SPY230413P00389000,389.0,0,0.0,0.0,,0.0,normalDay
2023-04-11,7663.0,-3.0,0.0,0,409.72,0.0,1,0.01,0.04,SPY230413P00389000,389.0,0,0.0,0.0,,0.0,normalDay
2023-04-12,7663.0,-1.0,0.0,0,408.05,0.0,1,0.01,0.02,SPY230413P00389000,389.0,0,0.0,0.0,,0.0,normalDay
2023-04-13,7664.0,0.0,1.0,0,413.47,0.0,1,0.01,0.0,SPY230413P00389000,389.0,0,0.0,0.0,,0.0,expirationDay
2023-04-14,7664.0,0.0,0.0,0,412.46,0.0,0,0.0,0.0,,0.0,0,0.0,0.0,,0.0,bidTooLow
2023-04-17,7664.0,-3.0,0.0,0,413.94,0.0,1,0.02,0.05,SPY230420P00394000,394.0,0,0.0,0.0,,0.0,normalDay
2023-04-18,7664.0,-2.0,0.0,0,414.21,0.0,1,0.02,0.04,SPY230420P00394000,394.0,0,0.0,0.0,,0.0,normalDay
2023-04-19,7664.0,-1.0,0.0,0,414.14,0.0,1,0.02,0.03,SPY230420P00394000,394.0,0,0.0,0.0,,0.0,normalDay
2023-04-20,7666.0,0.0,2.0,0,411.88,0.0,1,0.02,0.0,SPY230420P00394000,394.0,0,0.0,0.0,,0.0,expirationDay
2023-04-21,7666.0,0.0,0.0,0,412.2,0.0,0,0.0,0.0,,0.0,0,0.0,0.0,,0.0,bidTooLow
2023-04-24,7666.0,-3.0,0.0,0,412.63,0.0,1,0.09,0.12,SPY230427P00402000,402.0,0,0.0,0.0,,0.0,normalDay
2023-04-25,7666.0,-43.0,0.0,0,406.08,0.0,1,0.09,0.52,SPY230427P00402000,402.0,0,0.0,0.0,,0.0,normalDay
2023-04-26,7666.0,-50.0,0.0,0,404.36,0.0,1,0.09,0.59,SPY230427P00402000,402.0,0,0.0,0.0,,0.0,normalDay
2023-04-27,7675.0,0.0,9.0,0,412.41,0.0,1,0.09,0.0,SPY230427P00402000,402.0,0,0.0,0.0,,0.0,expirationDay
2023-04-28,7675.0,-3.0,0.0,0,415.93,0.0,1,0.03,0.06,SPY230501P00407000,407.0,0,0.0,0.0,,0.0,normalDay
2023-05-01,7678.0,0.0,3.0,0,415.51,0.0,1,0.03,0.0,SPY230501P00407000,407.0,0,0.0,0.0,,0.0,expirationDay
2023-05-02,7678.0,-3.0,0.0,0,410.84,0.0,1,1.59,1.62,SPY230505P00407000,407.0,0,0.0,0.0,,0.0,normalDay
2023-05-03,7678.0,-25.0,0.0,0,408.02,0.0,1,1.59,1.84,SPY230505P00407000,407.0,0,0.0,0.0,,0.0,normalDay
2023-05-04,7678.0,-166.0,0.0,0,405.13,0.0,1,1.59,3.25,SPY230505P00407000,407.0,0,0.0,0.0,,0.0,normalDay
2023-05-05,7837.0,0.0,159.0,0,412.63,0.0,1,1.59,0.0,SPY230505P00407000,407.0,0,0.0,0.0,,0.0,expirationDay
2023-05-08,7837.0,-3.0,0.0,0,412.74,0.0,1,0.64,0.67,SPY230511P00407000,407.0,0,0.0,0.0,,0.0,normalDay
2023-05-09,7837.0,-20.0,0.0,0,410.93,0.0,1,0.64,0.84,SPY230511P00407000,407.0,0,0.0,0.0,,0.0,normalDay
2023-05-10,7837.0,53.0,0.0,0,412.85,0.0,1,0.64,0.11,SPY230511P00407000,407.0,0,0.0,0.0,,0.0,normalDay
2023-05-11,7901.0,0.0,64.0,0,412.13,0.0,1,0.64,0.0,SPY230511P00407000,407.0,0,0.0,0.0,,0.0,expirationDay
2023-05-12,7901.0,-3.0,0.0,0,411.59,0.0,1,0.24,0.27,SPY230515P00407000,407.0,0,0.0,0.0,,0.0,normalDay
2023-05-15,7925.0,0.0,24.0,0,413.01,0.0,1,0.24,0.0,SPY230515P00407000,407.0,0,0.0,0.0,,0.0,expirationDay
2023-05-16,7925.0,-3.0,0.0,0,410.25,0.0,1,1.04,1.07,SPY230519P00407000,407.0,0,0.0,0.0,,0.0,normalDay
2023-05-17,7925.0,83.0,0.0,0,415.23,0.0,1,1.04,0.21,SPY230519P00407000,407.0,0,0.0,0.0,,0.0,normalDay
2023-05-18,7925.0,97.0,0.0,0,419.23,0.0,1,1.04,0.07,SPY230519P00407000,407.0,0,0.0,0.0,,0.0,normalDay
2023-05-19,8029.0,0.0,104.0,0,418.62,0.0,1,1.04,0.0,SPY230519P00407000,407.0,0,0.0,0.0,,0.0,expirationDay
2023-05-22,8029.0,-3.0,0.0,0,418.79,0.0,1,0.1,0.13,SPY230525P00407000,407.0,0,0.0,0.0,,0.0,normalDay
2023-05-23,8029.0,-17.0,0.0,0,414.09,0.0,1,0.1,0.27,SPY230525P00407000,407.0,0,0.0,0.0,,0.0,normalDay
2023-05-24,8029.0,-23.0,0.0,0,411.09,0.0,1,0.1,0.33,SPY230525P00407000,407.0,0,0.0,0.0,,0.0,normalDay
2023-05-25,8039.0,0.0,10.0,0,414.65,0.0,1,0.1,0.0,SPY230525P00407000,407.0,0,0.0,0.0,,0.0,expirationDay
2023-05-26,8039.0,0.0,0.0,0,420.02,0.0,0,0.0,0.0,,0.0,0,0.0,0.0,,0.0,bidTooLow
2023-05-30,8039.0,-3.0,0.0,0,420.18,0.0,1,0.16,0.19,SPY230602P00408000,408.0,0,0.0,0.0,,0.0,normalDay
2023-05-31,8039.0,-1.0,0.0,0,417.85,0.0,1,0.16,0.17,SPY230602P00408000,408.0,0,0.0,0.0,,0.0,normalDay
2023-06-01,8039.0,11.0,0.0,0,421.82,0.0,1,0.16,0.05,SPY230602P00408000,408.0,0,0.0,0.0,,0.0,normalDay
2023-06-02,8055.0,0.0,16.0,0,427.92,0.0,1,0.16,0.0,SPY230602P00408000,408.0,0,0.0,0.0,,0.0,expirationDay
2023-06-05,8055.0,-3.0,0.0,0,427.1,0.0,1,0.01,0.04,SPY230608P00410000,410.0,0,0.0,0.0,,0.0,normalDay
2023-06-06,8055.0,-3.0,0.0,0,428.03,0.0,1,0.01,0.04,SPY230608P00410000,410.0,0,0.0,0.0,,0.0,normalDay
2023-06-07,8055.0,-1.0,0.0,0,426.55,0.0,1,0.01,0.02,SPY230608P00410000,410.0,0,0.0,0.0,,0.0,normalDay
2023-06-08,8056.0,0.0,1.0,0,429.13,0.0,1,0.01,0.0,SPY230608P00410000,410.0,0,0.0,0.0,,0.0,expirationDay
2023-06-09,8056.0,0.0,0.0,0,429.9,0.0,0,0.0,0.0,,0.0,0,0.0,0.0,,0.0,bidTooLow
2023-06-12,8056.0,-3.0,0.0,0,433.8,0.0,1,0.08,0.11,SPY230615P00412000,412.0,0,0.0,0.0,,0.0,normalDay
2023-06-13,8056.0,1.0,0.0,0,436.66,0.0,1,0.08,0.07,SPY230615P00412000,412.0,0,0.0,0.0,,0.0,normalDay
2023-06-14,8056.0,5.0,0.0,0,437.18,0.0,1,0.08,0.03,SPY230615P00412000,412.0,0,0.0,0.0,,0.0,normalDay
2023-06-15,8064.0,0.0,8.0,0,442.6,0.0,1,0.08,0.0,SPY230615P00412000,412.0,0,0.0,0.0,,0.0,expirationDay
2023-06-16,8064.0,0.0,0.0,0,439.46,0.0,0,0.0,0.0,,0.0,0,0.0,0.0,,0.0,bidTooLow
2023-06-20,8064.0,0.0,0.0,0,437.18,0.0,0,0.0,0.0,,0.0,0,0.0,0.0,,0.0,bidTooLow
2023-06-21,8064.0,0.0,0.0,0,434.94,0.0,0,0.0,0.0,,0.0,0,0.0,0.0,,0.0,bidTooLow
2023-06-22,8064.0,0.0,0.0,0,436.51,0.0,0,0.0,0.0,,0.0,0,0.0,0.0,,0.0,bidTooLow
2023-06-23,8064.0,0.0,0.0,0,433.21,0.0,0,0.0,0.0,,0.0,0,0.0,0.0,,0.0,bidTooLow
2023-06-26,8064.0,-3.0,0.0,0,431.44,0.0,1,0.1,0.13,SPY230629P00422000,422.0,0,0.0,0.0,,0.0,normalDay
2023-06-27,8064.0,5.0,0.0,0,436.17,0.0,1,0.1,0.05,SPY230629P00422000,422.0,0,0.0,0.0,,0.0,normalDay
2023-06-28,8064.0,8.0,0.0,0,436.39,0.0,1,0.1,0.02,SPY230629P00422000,422.0,0,0.0,0.0,,0.0,normalDay
2023-06-29,8074.0,0.0,10.0,0,438.11,0.0,1,0.1,0.0,SPY230629P00422000,422.0,0,0.0,0.0,,0.0,expirationDay
2023-06-30,8074.0,0.0,0.0,0,443.28,0.0,0,0.0,0.0,,0.0,0,0.0,0.0,,0.0,bidTooLow
2023-07-03,8074.0,-3.0,0.0,0,443.79,0.0,1,0.02,0.05,SPY230706P00428000,428.0,0,0.0,0.0,,0.0,normalDay
2023-07-05,8074.0,-1.0,0.0,0,443.13,0.0,1,0.02,0.03,SPY230706P00428000,428.0,0,0.0,0.0,,0.0,normalDay
2023-07-06,8076.0,0.0,2.0,0,439.66,0.0,1,0.02,0.0,SPY230706P00428000,428.0,0,0.0,0.0,,0.0,expirationDay
2023-07-07,8076.0,-3.0,0.0,0,438.55,0.0,1,0.03,0.06,SPY230710P00432000,432.0,0,0.0,0.0,,0.0,normalDay
2023-07-10,8079.0,0.0,3.0,0,439.66,0.0,1,0.03,0.0,SPY230710P00432000,432.0,0,0.0,0.0,,0.0,expirationDay
2023-07-11,8079.0,-3.0,0.0,0,442.46,0.0,1,0.31,0.34,SPY230714P00434000,434.0,0,0.0,0.0,,0.0,normalDay
2023-07-12,8079.0,24.0,0.0,0,446.02,0.0,1,0.31,0.07,SPY230714P00434000,434.0,0,0.0,0.0,,0.0,normalDay
2023-07-13,8079.0,26.0,0.0,0,449.56,0.0,1,0.31,0.05,SPY230714P00434000,434.0,0,0.0,0.0,,0.0,normalDay
2023-07-14,8110.0,0.0,31.0,0,449.28,0.0,1,0.31,0.0,SPY230714P00434000,434.0,0,0.0,0.0,,0.0,expirationDay
2023-07-17,8110.0,-3.0,0.0,0,450.84,0.0,1,0.02,0.05,SPY230720P00433000,433.0,0,0.0,0.0,,0.0,normalDay
2023-07-18,8110.0,-2.0,0.0,0,454.19,0.0,1,0.02,0.04,SPY230720P00433000,433.0,0,0.0,0.0,,0.0,normalDay
2023-07-19,8110.0,0.0,0.0,0,455.2,0.0,1,0.02,0.02,SPY230720P00433000,433.0,0,0.0,0.0,,0.0,normalDay
2023-07-20,8112.0,0.0,2.0,0,452.18,0.0,1,0.02,0.0,SPY230720P00433000,433.0,0,0.0,0.0,,0.0,expirationDay
2023-07-21,8112.0,0.0,0.0,0,452.18,0.0,0,0.0,0.0,,0.0,0,0.0,0.0,,0.0,bidTooLow
2023-07-24,8112.0,-3.0,0.0,0,454.2,0.0,1,0.02,0.05,SPY230727P00436000,436.0,0,0.0,0.0,,0.0,normalDay
2023-07-25,8112.0,-2.0,0.0,0,455.44,0.0,1,0.02,0.04,SPY230727P00436000,436.0,0,0.0,0.0,,0.0,normalDay
2023-07-26,8112.0,0.0,0.0,0,455.51,0.0,1,0.02,0.02,SPY230727P00436000,436.0,0,0.0,0.0,,0.0,normalDay
2023-07-27,8114.0,0.0,2.0,0,452.49,0.0,1,0.02,0.0,SPY230727P00436000,436.0,0,0.0,0.0,,0.0,expirationDay
2023-07-28,8114.0,0.0,0.0,0,456.92,0.0,0,0.0,0.0,,0.0,0,0.0,0.0,,0.0,bidTooLow
2023-07-31,8114.0,-3.0,0.0,0,457.79,0.0,1,0.03,0.06,SPY230803P00441000,441.0,0,0.0,0.0,,0.0,normalDay
2023-08-01,8114.0,-1.0,0.0,0,456.48,0.0,1,0.03,0.04,SPY230803P00441000,441.0,0,0.0,0.0,,0.0,normalDay
2023-08-02,8114.0,-7.0,0.0,0,450.13,0.0,1,0.03,0.1,SPY230803P00441000,441.0,0,0.0,0.0,,0.0,normalDay
2023-08-03,8117.0,0.0,3.0,0,448.84,0.0,1,0.03,0.0,SPY230803P00441000,441.0,0,0.0,0.0,,0.0,expirationDay
2023-08-04,8117.0,-3.0,0.0,0,446.81,0.0,1,0.79,0.82,SPY230807P00445000,445.0,0,0.0,0.0,,0.0,normalDay
2023-08-07,8196.0,0.0,79.0,0,450.71,0.0,1,0.79,0.0,SPY230807P00445000,445.0,0,0.0,0.0,,0.0,expirationDay
2023-08-08,8196.0,-3.0,0.0,0,448.75,0.0,1,1.74,1.77,SPY230811P00447500,447.5,0,0.0,0.0,,0.0,normalDay
2023-08-09,8196.0,-120.0,0.0,0,445.75,0.0,1,1.74,2.94,SPY230811P00447500,447.5,0,0.0,0.0,,0.0,normalDay
2023-08-10,8196.0,-73.0,0.0,0,445.91,0.0,1,1.74,2.47,SPY230811P00447500,447.5,0,0.0,0.0,,0.0,normalDay
2023-08-11,8370.0,-185.0,174.0,100,445.65,447.5,1,1.74,0.0,SPY230811P00447500,447.5,0,0.0,0.0,,0.0,expirationDay
2023-08-14,8370.0,58.0,0.0,100,448.11,447.5,0,0.0,0.0,,0.0,1,0.28,0.31,SPY230817C00454000,454.0,normalDay
2023-08-15,8370.0,-436.0,0.0,100,442.89,447.5,0,0.0,0.0,,0.0,1,0.28,0.03,SPY230817C00454000,454.0,normalDay
2023-08-16,8370.0,-760.0,0.0,100,439.64,447.5,0,0.0,0.0,,0.0,1,0.28,0.02,SPY230817C00454000,454.0,normalDay
2023-08-17,8398.0,-1121.0,28.0,100,436.29,447.5,0,0.0,0.0,,0.0,1,0.28,0.0,SPY230817C00454000,454.0,expirationDay
2023-08-18,8398.0,-1100.0,0.0,100,436.5,447.5,0,0.0,0.0,,0.0,0,0.0,0.0,,0.0,bidTooLow
2023-08-21,8398.0,-819.0,0.0,100,439.34,447.5,0,0.0,0.0,,0.0,1,0.02,0.05,SPY230824C00451000,451.0,normalDay
2023-08-22,8398.0,-936.0,0.0,100,438.15,447.5,0,0.0,0.0,,0.0,1,0.02,0.03,SPY230824C00451000,451.0,normalDay
2023-08-23,8398.0,-449.0,0.0,100,443.03,447.5,0,0.0,0.0,,0.0,1,0.02,0.04,SPY230824C00451000,451.0,normalDay
2023-08-24,8400.0,-1061.0,2.0,100,436.89,447.5,0,0.0,0.0,,0.0,1,0.02,0.0,SPY230824C00451000,451.0,expirationDay
2023-08-25,8400.0,-753.0,0.0,100,439.97,447.5,0,0.0,0.0,,0.0,0,0.0,0.0,,0.0,bidTooLow
2023-08-28,8400.0,-477.0,0.0,100,442.76,447.5,0,0.0,0.0,,0.0,1,0.67,0.7,SPY230831C00447000,447.0,normalDay
2023-08-29,8400.0,-106.0,0.0,100,449.16,447.5,0,0.0,0.0,,0.0,1,0.67,3.39,SPY230831C00447000,447.0,normalDay
2023-08-30,8400.0,-31.0,0.0,100,451.01,447.5,0,0.0,0.0,,0.0,1,0.67,4.49,SPY230831C00447000,447.0,normalDay
2023-08-31,8417.0,-31.0,17.0,0,450.35,0.0,0,0.0,0.0,,0.0,1,0.67,0.0,SPY230831C00447000,447.0,expirationDay
2023-09-01,8417.0,0.0,0.0,0,451.19,0.0,0,0.0,0.0,,0.0,0,0.0,0.0,,0.0,bidTooLow
2023-09-05,8417.0,-3.0,0.0,0,449.24,0.0,1,0.04,0.07,SPY230908P00437000,437.0,0,0.0,0.0,,0.0,normalDay
2023-09-06,8417.0,-3.0,0.0,0,446.22,0.0,1,0.04,0.07,SPY230908P00437000,437.0,0,0.0,0.0,,0.0,normalDay
2023-09-07,8417.0,1.0,0.0,0,444.85,0.0,1,0.04,0.03,SPY230908P00437000,437.0,0,0.0,0.0,,0.0,normalDay
2023-09-08,8421.0,0.0,4.0,0,445.52,0.0,1,0.04,0.0,SPY230908P00437000,437.0,0,0.0,0.0,,0.0,expirationDay
2023-09-11,8421.0,-3.0,0.0,0,448.45,0.0,1,0.09,0.12,SPY230914P00437000,437.0,0,0.0,0.0,,0.0,normalDay
2023-09-12,8421.0,-6.0,0.0,0,445.99,0.0,1,0.09,0.15,SPY230914P00437000,437.0,0,0.0,0.0,,0.0,normalDay
2023-09-13,8421.0,6.0,0.0,0,446.51,0.0,1,0.09,0.03,SPY230914P00437000,437.0,0,0.0,0.0,,0.0,normalDay
2023-09-14,8430.0,0.0,9.0,0,450.36,0.0,1,0.09,0.0,SPY230914P00437000,437.0,0,0.0,0.0,,0.0,expirationDay
2023-09-15,8430.0,-3.0,0.0,0,443.37,0.0,1,0.09,0.12,SPY230918P00439000,439.0,0,0.0,0.0,,0.0,normalDay
2023-09-18,8439.0,0.0,9.0,0,443.63,0.0,1,0.09,0.0,SPY230918P00439000,439.0,0,0.0,0.0,,0.0,expirationDay
2023-09-19,8439.0,-3.0,0.0,0,442.71,0.0,1,1.16,1.19,SPY230922P00440000,440.0,0,0.0,0.0,,0.0,normalDay
2023-09-20,8439.0,-156.0,0.0,0,438.64,0.0,1,1.16,2.72,SPY230922P00440000,440.0,0,0.0,0.0,,0.0,normalDay
2023-09-21,8439.0,-764.0,0.0,0,431.39,0.0,1,1.16,8.8,SPY230922P00440000,440.0,0,0.0,0.0,,0.0,normalDay
2023-09-22,8555.0,-958.0,116.0,100,430.42,440.0,1,1.16,0.0,SPY230922P00440000,440.0,0,0.0,0.0,,0.0,expirationDay
2023-09-25,8555.0,-777.0,0.0,100,432.23,440.0,0,0.0,0.0,,0.0,0,0.0,0.0,,0.0,bidTooLow
2023-09-26,8555.0,-1412.0,0.0,100,425.88,440.0,0,0.0,0.0,,0.0,0,0.0,0.0,,0.0,bidTooLow
2023-09-27,8555.0,-1395.0,0.0,100,426.05,440.0,0,0.0,0.0,,0.0,0,0.0,0.0,,0.0,bidTooLow
2023-09-28,8555.0,-1148.0,0.0,100,428.52,440.0,0,0.0,0.0,,0.0,0,0.0,0.0,,0.0,bidTooLow
2023-09-29,8555.0,-1252.0,0.0,100,427.48,440.0,0,0.0,0.0,,0.0,0,0.0,0.0,,0.0,bidTooLow
2023-10-02,8555.0,-1269.0,0.0,100,427.31,440.0,0,0.0,0.0,,0.0,0,0.0,0.0,,0.0,bidTooLow
2023-10-03,8555.0,-1841.0,0.0,100,421.59,440.0,0,0.0,0.0,,0.0,0,0.0,0.0,,0.0,bidTooLow
2023-10-04,8555.0,-1534.0,0.0,100,424.66,440.0,0,0.0,0.0,,0.0,0,0.0,0.0,,0.0,bidTooLow
2023-10-05,8555.0,-1550.0,0.0,100,424.5,440.0,0,0.0,0.0,,0.0,0,0.0,0.0,,0.0,bidTooLow
2023-10-06,8555.0,-1046.0,0.0,100,429.54,440.0,0,0.0,0.0,,0.0,0,0.0,0.0,,0.0,bidTooLow
2023-10-09,8555.0,-774.0,0.0,100,432.29,440.0,0,0.0,0.0,,0.0,1,0.78,0.81,SPY231012C00438000,438.0,normalDay
2023-10-10,8555.0,-567.0,0.0,100,434.54,440.0,0,0.0,0.0,,0.0,1,0.78,0.99,SPY231012C00438000,438.0,normalDay
2023-10-11,8555.0,-411.0,0.0,100,436.32,440.0,0,0.0,0.0,,0.0,1,0.78,1.21,SPY231012C00438000,438.0,normalDay
2023-10-12,8633.0,-634.0,78.0,100,433.66,440.0,0,0.0,0.0,,0.0,1,0.78,0.0,SPY231012C00438000,438.0,expirationDay
2023-10-13,8633.0,-853.0,0.0,100,431.5,440.0,0,0.0,0.0,,0.0,1,0.73,0.76,SPY231016C00434000,434.0,normalDay
2023-10-16,8106.0,-853.0,-527.0,0,436.04,0.0,0,0.0,0.0,,0.0,1,0.73,0.0,SPY231016C00434000,434.0,expirationDay
2023-10-17,8106.0,-3.0,0.0,0,436.02,0.0,1,0.27,0.3,SPY231020P00424000,424.0,0,0.0,0.0,,0.0,normalDay
2023-10-18,8106.0,-30.0,0.0,0,430.21,0.0,1,0.27,0.57,SPY231020P00424000,424.0,0,0.0,0.0,,0.0,normalDay
2023-10-19,8106.0,-108.0,0.0,0,426.43,0.0,1,0.27,1.35,SPY231020P00424000,424.0,0,0.0,0.0,,0.0,normalDay
2023-10-20,8133.0,-281.0,27.0,100,421.19,424.0,1,0.27,0.0,SPY231020P00424000,424.0,0,0.0,0.0,,0.0,expirationDay
2023-10-23,8133.0,-357.0,0.0,100,420.46,424.0,0,0.0,0.0,,0.0,1,0.23,0.26,SPY231026C00431000,431.0,normalDay
2023-10-24,8133.0,-38.0,0.0,100,423.63,424.0,0,0.0,0.0,,0.0,1,0.23,0.24,SPY231026C00431000,431.0,normalDay
2023-10-25,8133.0,-623.0,0.0,100,417.55,424.0,0,0.0,0.0,,0.0,1,0.23,0.01,SPY231026C00431000,431.0,normalDay
2023-10-26,8156.0,-1145.0,23.0,100,412.55,424.0,0,0.0,0.0,,0.0,1,0.23,0.0,SPY231026C00431000,431.0,expirationDay
2023-10-27,8156.0,-1332.0,0.0,100,410.68,424.0,0,0.0,0.0,,0.0,0,0.0,0.0,,0.0,bidTooLow
2023-10-30,8156.0,-844.0,0.0,100,415.59,424.0,0,0.0,0.0,,0.0,1,0.03,0.06,SPY231102C00430000,430.0,normalDay
2023-10-31,8156.0,-581.0,0.0,100,418.2,424.0,0,0.0,0.0,,0.0,1,0.03,0.04,SPY231102C00430000,430.0,normalDay
2023-11-01,8156.0,-134.0,0.0,100,422.66,424.0,0,0.0,0.0,,0.0,1,0.03,0.03,SPY231102C00430000,430.0,normalDay
2023-11-02,8759.0,-134.0,603.0,0,430.76,0.0,0,0.0,0.0,,0.0,1,0.03,0.0,SPY231102C00430000,430.0,expirationDay
2023-11-03,8759.0,-3.0,0.0,0,434.69,0.0,1,0.01,0.04,SPY231106P00415000,415.0,0,0.0,0.0,,0.0,normalDay
2023-11-06,8760.0,0.0,1.0,0,435.69,0.0,1,0.01,0.0,SPY231106P00415000,415.0,0,0.0,0.0,,0.0,expirationDay
2023-11-07,8760.0,-3.0,0.0,0,436.93,0.0,1,0.02,0.05,SPY231110P00415000,415.0,0,0.0,0.0,,0.0,normalDay
2023-11-08,8760.0,-1.0,0.0,0,437.25,0.0,1,0.02,0.03,SPY231110P00415000,415.0,0,0.0,0.0,,0.0,normalDay
2023-11-09,8760.0,-1.0,0.0,0,433.84,0.0,1,0.02,0.03,SPY231110P00415000,415.0,0,0.0,0.0,,0.0,normalDay
2023-11-10,8762.0,0.0,2.0,0,440.61,0.0,1,0.02,0.0,SPY231110P00415000,415.0,0,0.0,0.0,,0.0,expirationDay
2023-11-13,8762.0,-3.0,0.0,0,440.19,0.0,1,0.02,0.05,SPY231116P00415000,415.0,0,0.0,0.0,,0.0,normalDay
2023-11-14,8762.0,-3.0,0.0,0,448.73,0.0,1,0.02,0.05,SPY231116P00415000,415.0,0,0.0,0.0,,0.0,normalDay
2023-11-15,8762.0,0.0,0.0,0,449.68,0.0,1,0.02,0.02,SPY231116P00415000,415.0,0,0.0,0.0,,0.0,normalDay
2023-11-16,8764.0,0.0,2.0,0,450.23,0.0,1,0.02,0.0,SPY231116P00415000,415.0,0,0.0,0.0,,0.0,expirationDay
2023-11-17,8764.0,0.0,0.0,0,450.79,0.0,0,0.0,0.0,,0.0,0,0.0,0.0,,0.0,bidTooLow
2023-11-20,8764.0,0.0,0.0,0,454.26,0.0,0,0.0,0.0,,0.0,0,0.0,0.0,,0.0,bidTooLow
2023-11-21,8764.0,0.0,0.0,0,453.27,0.0,0,0.0,0.0,,0.0,0,0.0,0.0,,0.0,bidTooLow
2023-11-22,8764.0,0.0,0.0,0,455.02,0.0,0,0.0,0.0,,0.0,0,0.0,0.0,,0.0,bidTooLow
2023-11-24,8764.0,0.0,0.0,0,455.3,0.0,0,0.0,0.0,,0.0,0,0.0,0.0,,0.0,bidTooLow
2023-11-27,8764.0,0.0,0.0,0,454.48,0.0,0,0.0,0.0,,0.0,0,0.0,0.0,,0.0,bidTooLow
2023-11-28,8764.0,0.0,0.0,0,454.93,0.0,0,0.0,0.0,,0.0,0,0.0,0.0,,0.0,bidTooLow
2023-11-29,8764.0,0.0,0.0,0,454.61,0.0,0,0.0,0.0,,0.0,0,0.0,0.0,,0.0,bidTooLow
2023-11-30,8764.0,0.0,0.0,0,456.4,0.0,0,0.0,0.0,,0.0,0,0.0,0.0,,0.0,bidTooLow
