date,totalCapital,unrializedPnL,rializedPnL,stocksOwned,stocksPriceToday,stocksPriceBoughtAt,putOwned,putOwnedSoldAt,putPriceToday,putOwnedContract,putOwnedStrike,callOwned,callOwnedSoldAt,callPriceToday,callOwnedContract,callOwnedStrike,trackType
2018-11-01,0.0,-13.0,0.0,0,273.51,0.0,1,11.03,11.16,SPY190329P00272000,272.0,0,0.0,0.0,,0.0,normalDay
2018-11-02,0.0,-74.0,0.0,0,271.89,0.0,1,11.03,11.77,SPY190329P00272000,272.0,0,0.0,0.0,,0.0,normalDay
2018-11-05,0.0,16.0,0.0,0,273.39,0.0,1,11.03,10.87,SPY190329P00272000,272.0,0,0.0,0.0,,0.0,normalDay
2018-11-06,0.0,101.0,0.0,0,275.12,0.0,1,11.03,10.02,SPY190329P00272000,272.0,0,0.0,0.0,,0.0,normalDay
2018-11-07,0.0,358.0,0.0,0,281.01,0.0,1,11.03,7.45,SPY190329P00272000,272.0,0,0.0,0.0,,0.0,normalDay
2018-11-08,0.0,363.0,0.0,0,280.5,0.0,1,11.03,7.4,SPY190329P00272000,272.0,0,0.0,0.0,,0.0,normalDay
2018-11-09,0.0,245.0,0.0,0,277.76,0.0,1,11.03,8.58,SPY190329P00272000,272.0,0,0.0,0.0,,0.0,normalDay
2018-11-12,0.0,21.0,0.0,0,272.57,0.0,1,11.03,10.82,SPY190329P00272000,272.0,0,0.0,0.0,,0.0,normalDay
2018-11-13,0.0,-23.0,0.0,0,272.06,0.0,1,11.03,11.26,SPY190329P00272000,272.0,0,0.0,0.0,,0.0,normalDay
2018-11-14,0.0,-148.0,0.0,0,270.2,0.0,1,11.03,12.51,SPY190329P00272000,272.0,0,0.0,0.0,,0.0,normalDay
2018-11-15,0.0,4.0,0.0,0,273.02,0.0,1,11.03,10.99,SPY190329P00272000,272.0,0,0.0,0.0,,0.0,normalDay
2018-11-16,0.0,81.0,0.0,0,273.73,0.0,1,11.03,10.22,SPY190329P00272000,272.0,0,0.0,0.0,,0.0,normalDay
2018-11-19,0.0,-149.0,0.0,0,269.1,0.0,1,11.03,12.52,SPY190329P00272000,272.0,0,0.0,0.0,,0.0,normalDay
2018-11-20,0.0,-466.0,0.0,0,264.12,0.0,1,11.03,15.69,SPY190329P00272000,272.0,0,0.0,0.0,,0.0,normalDay
2018-11-21,0.0,-372.0,0.0,0,265.02,0.0,1,11.03,14.75,SPY190329P00272000,272.0,0,0.0,0.0,,0.0,normalDay
2018-11-23,0.0,-497.0,0.0,0,263.25,0.0,1,11.03,16.0,SPY190329P00272000,272.0,0,0.0,0.0,,0.0,normalDay
2018-11-26,0.0,-167.0,0.0,0,267.5,0.0,1,11.03,12.7,SPY190329P00272000,272.0,0,0.0,0.0,,0.0,normalDay
2018-11-27,0.0,-137.0,0.0,0,268.4,0.0,1,11.03,12.4,SPY190329P00272000,272.0,0,0.0,0.0,,0.0,normalDay
2018-11-28,0.0,132.0,0.0,0,274.58,0.0,1,11.03,9.71,SPY190329P00272000,272.0,0,0.0,0.0,,0.0,normalDay
2018-11-29,0.0,116.0,0.0,0,273.98,0.0,1,11.03,9.87,SPY190329P00272000,272.0,0,0.0,0.0,,0.0,normalDay
2018-11-30,0.0,207.0,0.0,0,275.65,0.0,1,11.03,8.96,SPY190329P00272000,272.0,0,0.0,0.0,,0.0,normalDay
2018-12-03,0.0,370.0,0.0,0,279.3,0.0,1,11.03,7.33,SPY190329P00272000,272.0,0,0.0,0.0,,0.0,normalDay
2018-12-04,0.0,-58.0,0.0,0,270.25,0.0,1,11.03,11.61,SPY190329P00272000,272.0,0,0.0,0.0,,0.0,normalDay
2018-12-06,0.0,-83.0,0.0,0,269.84,0.0,1,11.03,11.86,SPY190329P00272000,272.0,0,0.0,0.0,,0.0,normalDay
2018-12-07,0.0,-472.0,0.0,0,263.57,0.0,1,11.03,15.75,SPY190329P00272000,272.0,0,0.0,0.0,,0.0,normalDay
2018-12-10,0.0,-383.0,0.0,0,264.07,0.0,1,11.03,14.86,SPY190329P00272000,272.0,0,0.0,0.0,,0.0,normalDay
2018-12-11,0.0,-381.0,0.0,0,264.13,0.0,1,11.03,14.84,SPY190329P00272000,272.0,0,0.0,0.0,,0.0,normalDay
2018-12-12,0.0,-324.0,0.0,0,265.46,0.0,1,11.03,14.27,SPY190329P00272000,272.0,0,0.0,0.0,,0.0,normalDay
2018-12-13,0.0,-320.0,0.0,0,265.37,0.0,1,11.03,14.23,SPY190329P00272000,272.0,0,0.0,0.0,,0.0,normalDay
2018-12-14,0.0,-623.0,0.0,0,260.47,0.0,1,11.03,17.26,SPY190329P00272000,272.0,0,0.0,0.0,,0.0,normalDay
2018-12-17,0.0,-1002.0,0.0,0,255.36,0.0,1,11.03,21.05,SPY190329P00272000,272.0,0,0.0,0.0,,0.0,normalDay
2018-12-18,0.0,-1077.0,0.0,0,255.08,0.0,1,11.03,21.8,SPY190329P00272000,272.0,0,0.0,0.0,,0.0,normalDay
2018-12-19,0.0,-1304.0,0.0,0,251.26,0.0,1,11.03,24.07,SPY190329P00272000,272.0,0,0.0,0.0,,0.0,normalDay
2018-12-20,0.0,-1617.0,0.0,0,247.17,0.0,1,11.03,27.2,SPY190329P00272000,272.0,0,0.0,0.0,,0.0,normalDay
2018-12-21,0.0,-2175.0,0.0,0,240.7,0.0,1,11.03,32.78,SPY190329P00272000,272.0,0,0.0,0.0,,0.0,normalDay
2018-12-24,0.0,-2917.0,0.0,0,234.34,0.0,1,11.03,40.2,SPY190329P00272000,272.0,0,0.0,0.0,,0.0,normalDay
2018-12-26,0.0,-1625.0,0.0,0,246.18,0.0,1,11.03,27.28,SPY190329P00272000,272.0,0,0.0,0.0,,0.0,normalDay
2018-12-27,0.0,-1461.0,0.0,0,248.07,0.0,1,11.03,25.64,SPY190329P00272000,272.0,0,0.0,0.0,,0.0,normalDay
2018-12-28,0.0,-1515.0,0.0,0,247.75,0.0,1,11.03,26.18,SPY190329P00272000,272.0,0,0.0,0.0,,0.0,normalDay
2018-12-31,0.0,-1303.0,0.0,0,249.92,0.0,1,11.03,24.06,SPY190329P00272000,272.0,0,0.0,0.0,,0.0,normalDay
2019-01-02,0.0,-1230.0,0.0,0,250.18,0.0,1,11.03,23.33,SPY190329P00272000,272.0,0,0.0,0.0,,0.0,normalDay
2019-01-03,0.0,-1791.0,0.0,0,244.21,0.0,1,11.03,28.94,SPY190329P00272000,272.0,0,0.0,0.0,,0.0,normalDay
2019-01-04,0.0,-1040.0,0.0,0,252.39,0.0,1,11.03,21.43,SPY190329P00272000,272.0,0,0.0,0.0,,0.0,normalDay
2019-01-07,0.0,-884.0,0.0,0,254.38,0.0,1,11.03,19.87,SPY190329P00272000,272.0,0,0.0,0.0,,0.0,normalDay
2019-01-08,0.0,-690.0,0.0,0,256.77,0.0,1,11.03,17.93,SPY190329P00272000,272.0,0,0.0,0.0,,0.0,normalDay
2019-01-09,0.0,-568.0,0.0,0,257.97,0.0,1,11.03,16.71,SPY190329P00272000,272.0,0,0.0,0.0,,0.0,normalDay
2019-01-10,0.0,-485.0,0.0,0,258.88,0.0,1,11.03,15.88,SPY190329P00272000,272.0,0,0.0,0.0,,0.0,normalDay
2019-01-11,0.0,-448.0,0.0,0,258.98,0.0,1,11.03,15.51,SPY190329P00272000,272.0,0,0.0,0.0,,0.0,normalDay
2019-01-14,0.0,-544.0,0.0,0,257.4,0.0,1,11.03,16.47,SPY190329P00272000,272.0,0,0.0,0.0,,0.0,normalDay
2019-01-15,0.0,-306.0,0.0,0,260.35,0.0,1,11.03,14.09,SPY190329P00272000,272.0,0,0.0,0.0,,0.0,normalDay
2019-01-16,0.0,-256.0,0.0,0,260.98,0.0,1,11.03,13.59,SPY190329P00272000,272.0,0,0.0,0.0,,0.0,normalDay
2019-01-17,0.0,-114.0,0.0,0,262.96,0.0,1,11.03,12.17,SPY190329P00272000,272.0,0,0.0,0.0,,0.0,normalDay
2019-01-18,0.0,92.0,0.0,0,266.46,0.0,1,11.03,10.11,SPY190329P00272000,272.0,0,0.0,0.0,,0.0,normalDay
2019-01-22,0.0,-150.0,0.0,0,262.86,0.0,1,11.03,12.53,SPY190329P00272000,272.0,0,0.0,0.0,,0.0,normalDay
2019-01-23,0.0,-122.0,0.0,0,263.41,0.0,1,11.03,12.25,SPY190329P00272000,272.0,0,0.0,0.0,,0.0,normalDay
2019-01-24,0.0,-109.0,0.0,0,263.55,0.0,1,11.03,12.12,SPY190329P00272000,272.0,0,0.0,0.0,,0.0,normalDay
2019-01-25,0.0,86.0,0.0,0,265.78,0.0,1,11.03,10.17,SPY190329P00272000,272.0,0,0.0,0.0,,0.0,normalDay
2019-01-28,0.0,-51.0,0.0,0,263.76,0.0,1,11.03,11.54,SPY190329P00272000,272.0,0,0.0,0.0,,0.0,normalDay
2019-01-29,0.0,-78.0,0.0,0,263.41,0.0,1,11.03,11.81,SPY190329P00272000,272.0,0,0.0,0.0,,0.0,normalDay
2019-01-30,0.0,204.0,0.0,0,267.58,0.0,1,11.03,8.99,SPY190329P00272000,272.0,0,0.0,0.0,,0.0,normalDay
2019-01-31,0.0,392.0,0.0,0,269.93,0.0,1,11.03,7.11,SPY190329P00272000,272.0,0,0.0,0.0,,0.0,normalDay
2019-02-01,0.0,406.0,0.0,0,270.06,0.0,1,11.03,6.97,SPY190329P00272000,272.0,0,0.0,0.0,,0.0,normalDay
2019-02-04,0.0,517.0,0.0,0,271.96,0.0,1,11.03,5.86,SPY190329P00272000,272.0,0,0.0,0.0,,0.0,normalDay
2019-02-05,0.0,562.0,0.0,0,273.1,0.0,1,11.03,5.41,SPY190329P00272000,272.0,0,0.0,0.0,,0.0,normalDay
2019-02-06,0.0,565.0,0.0,0,272.74,0.0,1,11.03,5.38,SPY190329P00272000,272.0,0,0.0,0.0,,0.0,normalDay
2019-02-07,0.0,440.0,0.0,0,270.14,0.0,1,11.03,6.63,SPY190329P00272000,272.0,0,0.0,0.0,,0.0,normalDay
2019-02-08,0.0,460.0,0.0,0,270.47,0.0,1,11.03,6.43,SPY190329P00272000,272.0,0,0.0,0.0,,0.0,normalDay
2019-02-11,0.0,483.0,0.0,0,270.62,0.0,1,11.03,6.2,SPY190329P00272000,272.0,0,0.0,0.0,,0.0,normalDay
2019-02-12,0.0,658.0,0.0,0,274.1,0.0,1,11.03,4.45,SPY190329P00272000,272.0,0,0.0,0.0,,0.0,normalDay
2019-02-13,0.0,679.0,0.0,0,274.99,0.0,1,11.03,4.24,SPY190329P00272000,272.0,0,0.0,0.0,,0.0,normalDay
2019-02-14,0.0,647.0,0.0,0,274.38,0.0,1,11.03,4.56,SPY190329P00272000,272.0,0,0.0,0.0,,0.0,normalDay
2019-02-15,0.0,784.0,0.0,0,277.37,0.0,1,11.03,3.19,SPY190329P00272000,272.0,0,0.0,0.0,,0.0,normalDay
2019-02-19,0.0,809.0,0.0,0,277.85,0.0,1,11.03,2.94,SPY190329P00272000,272.0,0,0.0,0.0,,0.0,normalDay
2019-02-20,0.0,857.0,0.0,0,278.41,0.0,1,11.03,2.46,SPY190329P00272000,272.0,0,0.0,0.0,,0.0,normalDay
2019-02-21,0.0,829.0,0.0,0,277.42,0.0,1,11.03,2.74,SPY190329P00272000,272.0,0,0.0,0.0,,0.0,normalDay
2019-02-22,0.0,893.0,0.0,0,279.14,0.0,1,11.03,2.1,SPY190329P00272000,272.0,0,0.0,0.0,,0.0,normalDay
2019-02-25,0.0,902.0,0.0,0,279.52,0.0,1,11.03,2.01,SPY190329P00272000,272.0,0,0.0,0.0,,0.0,normalDay
2019-02-26,0.0,894.0,0.0,0,279.32,0.0,1,11.03,2.09,SPY190329P00272000,272.0,0,0.0,0.0,,0.0,normalDay
2019-02-27,0.0,906.0,0.0,0,279.2,0.0,1,11.03,1.97,SPY190329P00272000,272.0,0,0.0,0.0,,0.0,normalDay
2019-02-28,0.0,898.0,0.0,0,278.68,0.0,1,11.03,2.05,SPY190329P00272000,272.0,0,0.0,0.0,,0.0,normalDay
2019-03-01,0.0,962.0,0.0,0,280.42,0.0,1,11.03,1.41,SPY190329P00272000,272.0,0,0.0,0.0,,0.0,normalDay
2019-03-04,0.0,930.0,0.0,0,279.4,0.0,1,11.03,1.73,SPY190329P00272000,272.0,0,0.0,0.0,,0.0,normalDay
2019-03-05,0.0,926.0,0.0,0,279.02,0.0,1,11.03,1.77,SPY190329P00272000,272.0,0,0.0,0.0,,0.0,normalDay
2019-03-06,0.0,877.0,0.0,0,277.33,0.0,1,11.03,2.26,SPY190329P00272000,272.0,0,0.0,0.0,,0.0,normalDay
2019-03-07,0.0,805.0,0.0,0,275.01,0.0,1,11.03,2.98,SPY190329P00272000,272.0,0,0.0,0.0,,0.0,normalDay
2019-03-08,0.0,809.0,0.0,0,274.46,0.0,1,11.03,2.94,SPY190329P00272000,272.0,0,0.0,0.0,,0.0,normalDay
2019-03-11,0.0,958.0,0.0,0,278.44,0.0,1,11.03,1.45,SPY190329P00272000,272.0,0,0.0,0.0,,0.0,normalDay
2019-03-12,0.0,992.0,0.0,0,279.49,0.0,1,11.03,1.11,SPY190329P00272000,272.0,0,0.0,0.0,,0.0,normalDay
2019-03-13,0.0,1032.0,0.0,0,281.34,0.0,1,11.03,0.71,SPY190329P00272000,272.0,0,0.0,0.0,,0.0,normalDay
2019-03-14,0.0,1034.0,0.0,0,281.16,0.0,1,11.03,0.69,SPY190329P00272000,272.0,0,0.0,0.0,,0.0,normalDay
2019-03-15,0.0,1060.0,0.0,0,281.31,0.0,1,11.03,0.43,SPY190329P00272000,272.0,0,0.0,0.0,,0.0,normalDay
2019-03-18,0.0,1072.0,0.0,0,282.33,0.0,1,11.03,0.31,SPY190329P00272000,272.0,0,0.0,0.0,,0.0,normalDay
2019-03-19,0.0,1068.0,0.0,0,282.4,0.0,1,11.03,0.35,SPY190329P00272000,272.0,0,0.0,0.0,,0.0,normalDay
2019-03-20,0.0,1070.0,0.0,0,281.55,0.0,1,11.03,0.33,SPY190329P00272000,272.0,0,0.0,0.0,,0.0,normalDay
2019-03-21,0.0,1089.0,0.0,0,284.73,0.0,1,11.03,0.14,SPY190329P00272000,272.0,0,0.0,0.0,,0.0,normalDay
2019-03-22,0.0,1048.0,0.0,0,279.25,0.0,1,11.03,0.55,SPY190329P00272000,272.0,0,0.0,0.0,,0.0,normalDay
2019-03-25,0.0,1074.0,0.0,0,279.04,0.0,1,11.03,0.29,SPY190329P00272000,272.0,0,0.0,0.0,,0.0,normalDay
2019-03-26,0.0,1095.0,0.0,0,281.12,0.0,1,11.03,0.08,SPY190329P00272000,272.0,0,0.0,0.0,,0.0,normalDay
2019-03-27,0.0,1095.0,0.0,0,279.65,0.0,1,11.03,0.08,SPY190329P00272000,272.0,0,0.0,0.0,,0.0,normalDay
2019-03-28,0.0,1101.0,0.0,0,280.71,0.0,1,11.03,0.02,SPY190329P00272000,272.0,0,0.0,0.0,,0.0,normalDay
2019-03-29,1103.0,0.0,1103.0,0,282.48,0.0,1,11.03,0.0,SPY190329P00272000,272.0,0,0.0,0.0,,0.0,expirationDay
2019-04-01,1103.0,-7.0,0.0,0,285.83,0.0,1,8.47,8.54,SPY190930P00279000,279.0,0,0.0,0.0,,0.0,normalDay
2019-04-02,1103.0,0.0,0.0,0,285.97,0.0,1,8.47,8.47,SPY190930P00279000,279.0,0,0.0,0.0,,0.0,normalDay
2019-04-03,1103.0,28.0,0.0,0,286.42,0.0,1,8.47,8.19,SPY190930P00279000,279.0,0,0.0,0.0,,0.0,normalDay
2019-04-04,1103.0,50.0,0.0,0,287.18,0.0,1,8.47,7.97,SPY190930P00279000,279.0,0,0.0,0.0,,0.0,normalDay
2019-04-05,1103.0,110.0,0.0,0,288.57,0.0,1,8.47,7.37,SPY190930P00279000,279.0,0,0.0,0.0,,0.0,normalDay
2019-04-08,1103.0,120.0,0.0,0,288.79,0.0,1,8.47,7.27,SPY190930P00279000,279.0,0,0.0,0.0,,0.0,normalDay
2019-04-09,1103.0,46.0,0.0,0,287.31,0.0,1,8.47,8.01,SPY190930P00279000,279.0,0,0.0,0.0,,0.0,normalDay
2019-04-10,1103.0,108.0,0.0,0,288.29,0.0,1,8.47,7.39,SPY190930P00279000,279.0,0,0.0,0.0,,0.0,normalDay
2019-04-11,1103.0,104.0,0.0,0,288.21,0.0,1,8.47,7.43,SPY190930P00279000,279.0,0,0.0,0.0,,0.0,normalDay
2019-04-12,1103.0,185.0,0.0,0,290.16,0.0,1,8.47,6.62,SPY190930P00279000,279.0,0,0.0,0.0,,0.0,normalDay
2019-04-15,1103.0,188.0,0.0,0,289.97,0.0,1,8.47,6.59,SPY190930P00279000,279.0,0,0.0,0.0,,0.0,normalDay
2019-04-16,1103.0,193.0,0.0,0,290.16,0.0,1,8.47,6.54,SPY190930P00279000,279.0,0,0.0,0.0,,0.0,normalDay
2019-04-17,1103.0,166.0,0.0,0,289.45,0.0,1,8.47,6.81,SPY190930P00279000,279.0,0,0.0,0.0,,0.0,normalDay
2019-04-18,1103.0,190.0,0.0,0,290.02,0.0,1,8.47,6.57,SPY190930P00279000,279.0,0,0.0,0.0,,0.0,normalDay
2019-04-22,1103.0,212.0,0.0,0,290.27,0.0,1,8.47,6.35,SPY190930P00279000,279.0,0,0.0,0.0,,0.0,normalDay
2019-04-23,1103.0,280.0,0.0,0,292.88,0.0,1,8.47,5.67,SPY190930P00279000,279.0,0,0.0,0.0,,0.0,normalDay
2019-04-24,1103.0,255.0,0.0,0,292.23,0.0,1,8.47,5.92,SPY190930P00279000,279.0,0,0.0,0.0,,0.0,normalDay
2019-04-25,1103.0,241.0,0.0,0,292.05,0.0,1,8.47,6.06,SPY190930P00279000,279.0,0,0.0,0.0,,0.0,normalDay
2019-04-26,1103.0,284.0,0.0,0,293.41,0.0,1,8.47,5.63,SPY190930P00279000,279.0,0,0.0,0.0,,0.0,normalDay
2019-04-29,1103.0,291.0,0.0,0,293.87,0.0,1,8.47,5.56,SPY190930P00279000,279.0,0,0.0,0.0,,0.0,normalDay
2019-04-30,1103.0,299.0,0.0,0,294.02,0.0,1,8.47,5.48,SPY190930P00279000,279.0,0,0.0,0.0,,0.0,normalDay
2019-05-01,1103.0,216.0,0.0,0,291.81,0.0,1,8.47,6.31,SPY190930P00279000,279.0,0,0.0,0.0,,0.0,normalDay
2019-05-02,1103.0,203.0,0.0,0,291.18,0.0,1,8.47,6.44,SPY190930P00279000,279.0,0,0.0,0.0,,0.0,normalDay
2019-05-03,1103.0,300.0,0.0,0,294.03,0.0,1,8.47,5.47,SPY190930P00279000,279.0,0,0.0,0.0,,0.0,normalDay
2019-05-06,1103.0,241.0,0.0,0,292.82,0.0,1,8.47,6.06,SPY190930P00279000,279.0,0,0.0,0.0,,0.0,normalDay
2019-05-07,1103.0,19.0,0.0,0,287.93,0.0,1,8.47,8.28,SPY190930P00279000,279.0,0,0.0,0.0,,0.0,normalDay
2019-05-08,1103.0,32.0,0.0,0,287.53,0.0,1,8.47,8.15,SPY190930P00279000,279.0,0,0.0,0.0,,0.0,normalDay
2019-05-09,1103.0,19.0,0.0,0,286.66,0.0,1,8.47,8.28,SPY190930P00279000,279.0,0,0.0,0.0,,0.0,normalDay
2019-05-10,1103.0,108.0,0.0,0,288.1,0.0,1,8.47,7.39,SPY190930P00279000,279.0,0,0.0,0.0,,0.0,normalDay
2019-05-13,1103.0,-224.0,0.0,0,280.86,0.0,1,8.47,10.71,SPY190930P00279000,279.0,0,0.0,0.0,,0.0,normalDay
2019-05-14,1103.0,-73.0,0.0,0,283.4,0.0,1,8.47,9.2,SPY190930P00279000,279.0,0,0.0,0.0,,0.0,normalDay
2019-05-15,1103.0,26.0,0.0,0,285.06,0.0,1,8.47,8.21,SPY190930P00279000,279.0,0,0.0,0.0,,0.0,normalDay
2019-05-16,1103.0,137.0,0.0,0,287.7,0.0,1,8.47,7.1,SPY190930P00279000,279.0,0,0.0,0.0,,0.0,normalDay
2019-05-17,1103.0,71.0,0.0,0,285.84,0.0,1,8.47,7.76,SPY190930P00279000,279.0,0,0.0,0.0,,0.0,normalDay
2019-05-20,1103.0,17.0,0.0,0,283.95,0.0,1,8.47,8.3,SPY190930P00279000,279.0,0,0.0,0.0,,0.0,normalDay
2019-05-21,1103.0,129.0,0.0,0,286.51,0.0,1,8.47,7.18,SPY190930P00279000,279.0,0,0.0,0.0,,0.0,normalDay
2019-05-22,1103.0,107.0,0.0,0,285.63,0.0,1,8.47,7.4,SPY190930P00279000,279.0,0,0.0,0.0,,0.0,normalDay
2019-05-23,1103.0,-71.0,0.0,0,282.14,0.0,1,8.47,9.18,SPY190930P00279000,279.0,0,0.0,0.0,,0.0,normalDay
2019-05-24,1103.0,-19.0,0.0,0,282.78,0.0,1,8.47,8.66,SPY190930P00279000,279.0,0,0.0,0.0,,0.0,normalDay
2019-05-28,1103.0,-124.0,0.0,0,280.15,0.0,1,8.47,9.71,SPY190930P00279000,279.0,0,0.0,0.0,,0.0,normalDay
2019-05-29,1103.0,-227.0,0.0,0,278.27,0.0,1,8.47,10.74,SPY190930P00279000,279.0,0,0.0,0.0,,0.0,normalDay
2019-05-30,1103.0,-188.0,0.0,0,279.03,0.0,1,8.47,10.35,SPY190930P00279000,279.0,0,0.0,0.0,,0.0,normalDay
2019-05-31,1103.0,-393.0,0.0,0,275.27,0.0,1,8.47,12.4,SPY190930P00279000,279.0,0,0.0,0.0,,0.0,normalDay
2019-06-03,1103.0,-399.0,0.0,0,274.57,0.0,1,8.47,12.46,SPY190930P00279000,279.0,0,0.0,0.0,,0.0,normalDay
2019-06-04,1103.0,-98.0,0.0,0,280.53,0.0,1,8.47,9.45,SPY190930P00279000,279.0,0,0.0,0.0,,0.0,normalDay
2019-06-05,1103.0,14.0,0.0,0,282.96,0.0,1,8.47,8.33,SPY190930P00279000,279.0,0,0.0,0.0,,0.0,normalDay
2019-06-06,1103.0,88.0,0.0,0,284.8,0.0,1,8.47,7.59,SPY190930P00279000,279.0,0,0.0,0.0,,0.0,normalDay
2019-06-07,1103.0,165.0,0.0,0,287.65,0.0,1,8.47,6.82,SPY190930P00279000,279.0,0,0.0,0.0,,0.0,normalDay
2019-06-10,1103.0,223.0,0.0,0,288.97,0.0,1,8.47,6.24,SPY190930P00279000,279.0,0,0.0,0.0,,0.0,normalDay
2019-06-11,1103.0,211.0,0.0,0,288.9,0.0,1,8.47,6.36,SPY190930P00279000,279.0,0,0.0,0.0,,0.0,normalDay
2019-06-12,1103.0,207.0,0.0,0,288.39,0.0,1,8.47,6.4,SPY190930P00279000,279.0,0,0.0,0.0,,0.0,normalDay
2019-06-13,1103.0,247.0,0.0,0,289.58,0.0,1,8.47,6.0,SPY190930P00279000,279.0,0,0.0,0.0,,0.0,normalDay
2019-06-14,1103.0,256.0,0.0,0,289.26,0.0,1,8.47,5.91,SPY190930P00279000,279.0,0,0.0,0.0,,0.0,normalDay
2019-06-17,1103.0,266.0,0.0,0,289.37,0.0,1,8.47,5.81,SPY190930P00279000,279.0,0,0.0,0.0,,0.0,normalDay
2019-06-18,1103.0,340.0,0.0,0,292.4,0.0,1,8.47,5.07,SPY190930P00279000,279.0,0,0.0,0.0,,0.0,normalDay
2019-06-19,1103.0,381.0,0.0,0,293.06,0.0,1,8.47,4.66,SPY190930P00279000,279.0,0,0.0,0.0,,0.0,normalDay
2019-06-20,1103.0,433.0,0.0,0,295.86,0.0,1,8.47,4.14,SPY190930P00279000,279.0,0,0.0,0.0,,0.0,normalDay
2019-06-21,1103.0,412.0,0.0,0,294.0,0.0,1,8.47,4.35,SPY190930P00279000,279.0,0,0.0,0.0,,0.0,normalDay
2019-06-24,1103.0,420.0,0.0,0,293.64,0.0,1,8.47,4.27,SPY190930P00279000,279.0,0,0.0,0.0,,0.0,normalDay
2019-06-25,1103.0,340.0,0.0,0,290.76,0.0,1,8.47,5.07,SPY190930P00279000,279.0,0,0.0,0.0,,0.0,normalDay
2019-06-26,1103.0,334.0,0.0,0,290.47,0.0,1,8.47,5.13,SPY190930P00279000,279.0,0,0.0,0.0,,0.0,normalDay
2019-06-27,1103.0,382.0,0.0,0,291.5,0.0,1,8.47,4.65,SPY190930P00279000,279.0,0,0.0,0.0,,0.0,normalDay
2019-06-28,1103.0,442.0,0.0,0,293.0,0.0,1,8.47,4.05,SPY190930P00279000,279.0,0,0.0,0.0,,0.0,normalDay
2019-07-01,1103.0,518.0,0.0,0,295.66,0.0,1,8.47,3.29,SPY190930P00279000,279.0,0,0.0,0.0,,0.0,normalDay
2019-07-02,1103.0,560.0,0.0,0,296.43,0.0,1,8.47,2.87,SPY190930P00279000,279.0,0,0.0,0.0,,0.0,normalDay
2019-07-03,1103.0,603.0,0.0,0,298.8,0.0,1,8.47,2.44,SPY190930P00279000,279.0,0,0.0,0.0,,0.0,normalDay
2019-07-05,1103.0,589.0,0.0,0,298.46,0.0,1,8.47,2.58,SPY190930P00279000,279.0,0,0.0,0.0,,0.0,normalDay
2019-07-08,1103.0,567.0,0.0,0,296.82,0.0,1,8.47,2.8,SPY190930P00279000,279.0,0,0.0,0.0,,0.0,normalDay
2019-07-09,1103.0,564.0,0.0,0,297.19,0.0,1,8.47,2.83,SPY190930P00279000,279.0,0,0.0,0.0,,0.0,normalDay
2019-07-10,1103.0,604.0,0.0,0,298.61,0.0,1,8.47,2.43,SPY190930P00279000,279.0,0,0.0,0.0,,0.0,normalDay
2019-07-11,1103.0,619.0,0.0,0,299.31,0.0,1,8.47,2.28,SPY190930P00279000,279.0,0,0.0,0.0,,0.0,normalDay
2019-07-12,1103.0,643.0,0.0,0,300.65,0.0,1,8.47,2.04,SPY190930P00279000,279.0,0,0.0,0.0,,0.0,normalDay
2019-07-15,1103.0,646.0,0.0,0,300.75,0.0,1,8.47,2.01,SPY190930P00279000,279.0,0,0.0,0.0,,0.0,normalDay
2019-07-16,1103.0,637.0,0.0,0,299.78,0.0,1,8.47,2.1,SPY190930P00279000,279.0,0,0.0,0.0,,0.0,normalDay
2019-07-17,1103.0,598.0,0.0,0,297.74,0.0,1,8.47,2.49,SPY190930P00279000,279.0,0,0.0,0.0,,0.0,normalDay
2019-07-18,1103.0,622.0,0.0,0,298.83,0.0,1,8.47,2.25,SPY190930P00279000,279.0,0,0.0,0.0,,0.0,normalDay
2019-07-19,1103.0,594.0,0.0,0,297.17,0.0,1,8.47,2.53,SPY190930P00279000,279.0,0,0.0,0.0,,0.0,normalDay
2019-07-22,1103.0,627.0,0.0,0,297.9,0.0,1,8.47,2.2,SPY190930P00279000,279.0,0,0.0,0.0,,0.0,normalDay
2019-07-23,1103.0,668.0,0.0,0,300.03,0.0,1,8.47,1.79,SPY190930P00279000,279.0,0,0.0,0.0,,0.0,normalDay
2019-07-24,1103.0,694.0,0.0,0,301.44,0.0,1,8.47,1.53,SPY190930P00279000,279.0,0,0.0,0.0,,0.0,normalDay
2019-07-25,1103.0,671.0,0.0,0,300.0,0.0,1,8.47,1.76,SPY190930P00279000,279.0,0,0.0,0.0,,0.0,normalDay
2019-07-26,1103.0,701.0,0.0,0,302.01,0.0,1,8.47,1.46,SPY190930P00279000,279.0,0,0.0,0.0,,0.0,normalDay
2019-07-29,1103.0,700.0,0.0,0,301.46,0.0,1,8.47,1.47,SPY190930P00279000,279.0,0,0.0,0.0,,0.0,normalDay
2019-07-30,1103.0,676.0,0.0,0,300.72,0.0,1,8.47,1.71,SPY190930P00279000,279.0,0,0.0,0.0,,0.0,normalDay
2019-07-31,1103.0,607.0,0.0,0,297.43,0.0,1,8.47,2.4,SPY190930P00279000,279.0,0,0.0,0.0,,0.0,normalDay
2019-08-01,1103.0,531.0,0.0,0,294.84,0.0,1,8.47,3.16,SPY190930P00279000,279.0,0,0.0,0.0,,0.0,normalDay
2019-08-02,1103.0,484.0,0.0,0,292.62,0.0,1,8.47,3.63,SPY190930P00279000,279.0,0,0.0,0.0,,0.0,normalDay
2019-08-05,1103.0,87.0,0.0,0,283.82,0.0,1,8.47,7.6,SPY190930P00279000,279.0,0,0.0,0.0,,0.0,normalDay
2019-08-06,1103.0,327.0,0.0,0,287.8,0.0,1,8.47,5.2,SPY190930P00279000,279.0,0,0.0,0.0,,0.0,normalDay
2019-08-07,1103.0,338.0,0.0,0,287.97,0.0,1,8.47,5.09,SPY190930P00279000,279.0,0,0.0,0.0,,0.0,normalDay
2019-08-08,1103.0,532.0,0.0,0,293.62,0.0,1,8.47,3.15,SPY190930P00279000,279.0,0,0.0,0.0,,0.0,normalDay
2019-08-09,1103.0,478.0,0.0,0,291.62,0.0,1,8.47,3.69,SPY190930P00279000,279.0,0,0.0,0.0,,0.0,normalDay
2019-08-12,1103.0,325.0,0.0,0,288.07,0.0,1,8.47,5.22,SPY190930P00279000,279.0,0,0.0,0.0,,0.0,normalDay
2019-08-13,1103.0,512.0,0.0,0,292.55,0.0,1,8.47,3.35,SPY190930P00279000,279.0,0,0.0,0.0,,0.0,normalDay
2019-08-14,1103.0,190.0,0.0,0,283.9,0.0,1,8.47,6.57,SPY190930P00279000,279.0,0,0.0,0.0,,0.0,normalDay
2019-08-15,1103.0,242.0,0.0,0,284.65,0.0,1,8.47,6.05,SPY190930P00279000,279.0,0,0.0,0.0,,0.0,normalDay
2019-08-16,1103.0,431.0,0.0,0,288.85,0.0,1,8.47,4.16,SPY190930P00279000,279.0,0,0.0,0.0,,0.0,normalDay
2019-08-19,1103.0,572.0,0.0,0,292.33,0.0,1,8.47,2.75,SPY190930P00279000,279.0,0,0.0,0.0,,0.0,normalDay
2019-08-20,1103.0,513.0,0.0,0,290.09,0.0,1,8.47,3.34,SPY190930P00279000,279.0,0,0.0,0.0,,0.0,normalDay
2019-08-21,1103.0,616.0,0.0,0,292.45,0.0,1,8.47,2.31,SPY190930P00279000,279.0,0,0.0,0.0,,0.0,normalDay
2019-08-22,1103.0,593.0,0.0,0,292.36,0.0,1,8.47,2.54,SPY190930P00279000,279.0,0,0.0,0.0,,0.0,normalDay
2019-08-23,1103.0,374.0,0.0,0,284.85,0.0,1,8.47,4.73,SPY190930P00279000,279.0,0,0.0,0.0,,0.0,normalDay
2019-08-26,1103.0,478.0,0.0,0,288.0,0.0,1,8.47,3.69,SPY190930P00279000,279.0,0,0.0,0.0,,0.0,normalDay
2019-08-27,1103.0,424.0,0.0,0,286.87,0.0,1,8.47,4.23,SPY190930P00279000,279.0,0,0.0,0.0,,0.0,normalDay
2019-08-28,1103.0,512.0,0.0,0,288.89,0.0,1,8.47,3.35,SPY190930P00279000,279.0,0,0.0,0.0,,0.0,normalDay
2019-08-29,1103.0,615.0,0.0,0,292.58,0.0,1,8.47,2.32,SPY190930P00279000,279.0,0,0.0,0.0,,0.0,normalDay
2019-08-30,1103.0,604.0,0.0,0,292.45,0.0,1,8.47,2.43,SPY190930P00279000,279.0,0,0.0,0.0,,0.0,normalDay
2019-09-03,1103.0,586.0,0.0,0,290.74,0.0,1,8.47,2.61,SPY190930P00279000,279.0,0,0.0,0.0,,0.0,normalDay
2019-09-04,1103.0,695.0,0.0,0,294.04,0.0,1,8.47,1.52,SPY190930P00279000,279.0,0,0.0,0.0,,0.0,normalDay
2019-09-05,1103.0,752.0,0.0,0,297.82,0.0,1,8.47,0.95,SPY190930P00279000,279.0,0,0.0,0.0,,0.0,normalDay
2019-09-06,1103.0,779.0,0.0,0,298.05,0.0,1,8.47,0.68,SPY190930P00279000,279.0,0,0.0,0.0,,0.0,normalDay
2019-09-09,1103.0,788.0,0.0,0,298.2,0.0,1,8.47,0.59,SPY190930P00279000,279.0,0,0.0,0.0,,0.0,normalDay
2019-09-10,1103.0,793.0,0.0,0,298.13,0.0,1,8.47,0.54,SPY190930P00279000,279.0,0,0.0,0.0,,0.0,normalDay
2019-09-11,1103.0,810.0,0.0,0,300.25,0.0,1,8.47,0.37,SPY190930P00279000,279.0,0,0.0,0.0,,0.0,normalDay
2019-09-12,1103.0,818.0,0.0,0,301.29,0.0,1,8.47,0.29,SPY190930P00279000,279.0,0,0.0,0.0,,0.0,normalDay
2019-09-13,1103.0,822.0,0.0,0,301.09,0.0,1,8.47,0.25,SPY190930P00279000,279.0,0,0.0,0.0,,0.0,normalDay
2019-09-16,1103.0,822.0,0.0,0,300.16,0.0,1,8.47,0.25,SPY190930P00279000,279.0,0,0.0,0.0,,0.0,normalDay
2019-09-17,1103.0,825.0,0.0,0,300.92,0.0,1,8.47,0.22,SPY190930P00279000,279.0,0,0.0,0.0,,0.0,normalDay
2019-09-18,1103.0,829.0,0.0,0,301.1,0.0,1,8.47,0.18,SPY190930P00279000,279.0,0,0.0,0.0,,0.0,normalDay
2019-09-19,1103.0,832.0,0.0,0,301.08,0.0,1,8.47,0.15,SPY190930P00279000,279.0,0,0.0,0.0,,0.0,normalDay
2019-09-20,1103.0,831.0,0.0,0,298.28,0.0,1,8.47,0.16,SPY190930P00279000,279.0,0,0.0,0.0,,0.0,normalDay
2019-09-23,1103.0,841.0,0.0,0,298.21,0.0,1,8.47,0.06,SPY190930P00279000,279.0,0,0.0,0.0,,0.0,normalDay
2019-09-24,1103.0,834.0,0.0,0,295.87,0.0,1,8.47,0.13,SPY190930P00279000,279.0,0,0.0,0.0,,0.0,normalDay
2019-09-25,1103.0,841.0,0.0,0,297.62,0.0,1,8.47,0.06,SPY190930P00279000,279.0,0,0.0,0.0,,0.0,normalDay
2019-09-26,1103.0,844.0,0.0,0,297.0,0.0,1,8.47,0.03,SPY190930P00279000,279.0,0,0.0,0.0,,0.0,normalDay
2019-09-27,1103.0,844.0,0.0,0,295.4,0.0,1,8.47,0.03,SPY190930P00279000,279.0,0,0.0,0.0,,0.0,normalDay
2019-09-30,1950.0,0.0,847.0,0,296.77,0.0,1,8.47,0.0,SPY190930P00279000,279.0,0,0.0,0.0,,0.0,expirationDay
2019-10-01,1950.0,-10.0,0.0,0,293.24,0.0,1,15.41,15.51,SPY200331P00297000,297.0,0,0.0,0.0,,0.0,normalDay
2019-10-02,1950.0,-339.0,0.0,0,288.06,0.0,1,15.41,18.8,SPY200331P00297000,297.0,0,0.0,0.0,,0.0,normalDay
2019-10-03,1950.0,-169.0,0.0,0,290.42,0.0,1,15.41,17.1,SPY200331P00297000,297.0,0,0.0,0.0,,0.0,normalDay
2019-10-04,1950.0,72.0,0.0,0,294.35,0.0,1,15.41,14.69,SPY200331P00297000,297.0,0,0.0,0.0,,0.0,normalDay
2019-10-07,1950.0,19.0,0.0,0,293.08,0.0,1,15.41,15.22,SPY200331P00297000,297.0,0,0.0,0.0,,0.0,normalDay
2019-10-08,1950.0,-251.0,0.0,0,288.53,0.0,1,15.41,17.92,SPY200331P00297000,297.0,0,0.0,0.0,,0.0,normalDay
2019-10-09,1950.0,-93.0,0.0,0,291.27,0.0,1,15.41,16.34,SPY200331P00297000,297.0,0,0.0,0.0,,0.0,normalDay
2019-10-10,1950.0,44.0,0.0,0,293.24,0.0,1,15.41,14.97,SPY200331P00297000,297.0,0,0.0,0.0,,0.0,normalDay
2019-10-11,1950.0,231.0,0.0,0,296.28,0.0,1,15.41,13.1,SPY200331P00297000,297.0,0,0.0,0.0,,0.0,normalDay
2019-10-14,1950.0,244.0,0.0,0,295.95,0.0,1,15.41,12.97,SPY200331P00297000,297.0,0,0.0,0.0,,0.0,normalDay
2019-10-15,1950.0,394.0,0.0,0,298.88,0.0,1,15.41,11.47,SPY200331P00297000,297.0,0,0.0,0.0,,0.0,normalDay
2019-10-16,1950.0,386.0,0.0,0,298.4,0.0,1,15.41,11.55,SPY200331P00297000,297.0,0,0.0,0.0,,0.0,normalDay
2019-10-17,1950.0,414.0,0.0,0,299.28,0.0,1,15.41,11.27,SPY200331P00297000,297.0,0,0.0,0.0,,0.0,normalDay
2019-10-18,1950.0,366.0,0.0,0,297.97,0.0,1,15.41,11.75,SPY200331P00297000,297.0,0,0.0,0.0,,0.0,normalDay
2019-10-21,1950.0,468.0,0.0,0,299.99,0.0,1,15.41,10.73,SPY200331P00297000,297.0,0,0.0,0.0,,0.0,normalDay
2019-10-22,1950.0,422.0,0.0,0,299.01,0.0,1,15.41,11.19,SPY200331P00297000,297.0,0,0.0,0.0,,0.0,normalDay
2019-10-23,1950.0,474.0,0.0,0,299.88,0.0,1,15.41,10.67,SPY200331P00297000,297.0,0,0.0,0.0,,0.0,normalDay
2019-10-24,1950.0,487.0,0.0,0,300.37,0.0,1,15.41,10.54,SPY200331P00297000,297.0,0,0.0,0.0,,0.0,normalDay
2019-10-25,1950.0,559.0,0.0,0,301.6,0.0,1,15.41,9.82,SPY200331P00297000,297.0,0,0.0,0.0,,0.0,normalDay
2019-10-28,1950.0,617.0,0.0,0,303.3,0.0,1,15.41,9.24,SPY200331P00297000,297.0,0,0.0,0.0,,0.0,normalDay
2019-10-29,1950.0,606.0,0.0,0,303.21,0.0,1,15.41,9.35,SPY200331P00297000,297.0,0,0.0,0.0,,0.0,normalDay
2019-10-30,1950.0,661.0,0.0,0,304.14,0.0,1,15.41,8.8,SPY200331P00297000,297.0,0,0.0,0.0,,0.0,normalDay
2019-10-31,1950.0,609.0,0.0,0,303.33,0.0,1,15.41,9.32,SPY200331P00297000,297.0,0,0.0,0.0,,0.0,normalDay
2019-11-01,1950.0,711.0,0.0,0,306.14,0.0,1,15.41,8.3,SPY200331P00297000,297.0,0,0.0,0.0,,0.0,normalDay
2019-11-04,1950.0,750.0,0.0,0,307.37,0.0,1,15.41,7.91,SPY200331P00297000,297.0,0,0.0,0.0,,0.0,normalDay
2019-11-05,1950.0,732.0,0.0,0,307.03,0.0,1,15.41,8.09,SPY200331P00297000,297.0,0,0.0,0.0,,0.0,normalDay
2019-11-06,1950.0,740.0,0.0,0,307.1,0.0,1,15.41,8.01,SPY200331P00297000,297.0,0,0.0,0.0,,0.0,normalDay
2019-11-07,1950.0,763.0,0.0,0,308.18,0.0,1,15.41,7.78,SPY200331P00297000,297.0,0,0.0,0.0,,0.0,normalDay
2019-11-08,1950.0,801.0,0.0,0,308.94,0.0,1,15.41,7.4,SPY200331P00297000,297.0,0,0.0,0.0,,0.0,normalDay
2019-11-11,1950.0,793.0,0.0,0,308.35,0.0,1,15.41,7.48,SPY200331P00297000,297.0,0,0.0,0.0,,0.0,normalDay
2019-11-12,1950.0,804.0,0.0,0,309.0,0.0,1,15.41,7.37,SPY200331P00297000,297.0,0,0.0,0.0,,0.0,normalDay
2019-11-13,1950.0,809.0,0.0,0,309.1,0.0,1,15.41,7.32,SPY200331P00297000,297.0,0,0.0,0.0,,0.0,normalDay
2019-11-14,1950.0,823.0,0.0,0,309.55,0.0,1,15.41,7.18,SPY200331P00297000,297.0,0,0.0,0.0,,0.0,normalDay
2019-11-15,1950.0,901.0,0.0,0,311.79,0.0,1,15.41,6.4,SPY200331P00297000,297.0,0,0.0,0.0,,0.0,normalDay
2019-11-18,1950.0,916.0,0.0,0,312.02,0.0,1,15.41,6.25,SPY200331P00297000,297.0,0,0.0,0.0,,0.0,normalDay
2019-11-19,1950.0,901.0,0.0,0,311.93,0.0,1,15.41,6.4,SPY200331P00297000,297.0,0,0.0,0.0,,0.0,normalDay
2019-11-20,1950.0,862.0,0.0,0,310.77,0.0,1,15.41,6.79,SPY200331P00297000,297.0,0,0.0,0.0,,0.0,normalDay
2019-11-21,1950.0,847.0,0.0,0,310.27,0.0,1,15.41,6.94,SPY200331P00297000,297.0,0,0.0,0.0,,0.0,normalDay
2019-11-22,1950.0,885.0,0.0,0,310.96,0.0,1,15.41,6.56,SPY200331P00297000,297.0,0,0.0,0.0,,0.0,normalDay
2019-11-25,1950.0,966.0,0.0,0,313.37,0.0,1,15.41,5.75,SPY200331P00297000,297.0,0,0.0,0.0,,0.0,normalDay
2019-11-26,1950.0,1000.0,0.0,0,314.08,0.0,1,15.41,5.41,SPY200331P00297000,297.0,0,0.0,0.0,,0.0,normalDay
2019-11-27,1950.0,1026.0,0.0,0,315.48,0.0,1,15.41,5.15,SPY200331P00297000,297.0,0,0.0,0.0,,0.0,normalDay
2019-11-29,1950.0,985.0,0.0,0,314.31,0.0,1,15.41,5.56,SPY200331P00297000,297.0,0,0.0,0.0,,0.0,normalDay
2019-12-02,1950.0,885.0,0.0,0,311.64,0.0,1,15.41,6.56,SPY200331P00297000,297.0,0,0.0,0.0,,0.0,normalDay
2019-12-03,1950.0,796.0,0.0,0,309.55,0.0,1,15.41,7.45,SPY200331P00297000,297.0,0,0.0,0.0,,0.0,normalDay
2019-12-04,1950.0,867.0,0.0,0,311.46,0.0,1,15.41,6.74,SPY200331P00297000,297.0,0,0.0,0.0,,0.0,normalDay
2019-12-05,1950.0,906.0,0.0,0,312.02,0.0,1,15.41,6.35,SPY200331P00297000,297.0,0,0.0,0.0,,0.0,normalDay
2019-12-06,1950.0,995.0,0.0,0,314.87,0.0,1,15.41,5.46,SPY200331P00297000,297.0,0,0.0,0.0,,0.0,normalDay
2019-12-09,1950.0,946.0,0.0,0,313.88,0.0,1,15.41,5.95,SPY200331P00297000,297.0,0,0.0,0.0,,0.0,normalDay
2019-12-10,1950.0,960.0,0.0,0,313.53,0.0,1,15.41,5.81,SPY200331P00297000,297.0,0,0.0,0.0,,0.0,normalDay
2019-12-11,1950.0,995.0,0.0,0,314.42,0.0,1,15.41,5.46,SPY200331P00297000,297.0,0,0.0,0.0,,0.0,normalDay
2019-12-12,1950.0,1076.0,0.0,0,317.13,0.0,1,15.41,4.65,SPY200331P00297000,297.0,0,0.0,0.0,,0.0,normalDay
2019-12-13,1950.0,1122.0,0.0,0,317.32,0.0,1,15.41,4.19,SPY200331P00297000,297.0,0,0.0,0.0,,0.0,normalDay
2019-12-16,1950.0,1186.0,0.0,0,319.5,0.0,1,15.41,3.55,SPY200331P00297000,297.0,0,0.0,0.0,,0.0,normalDay
2019-12-17,1950.0,1183.0,0.0,0,319.57,0.0,1,15.41,3.58,SPY200331P00297000,297.0,0,0.0,0.0,,0.0,normalDay
2019-12-18,1950.0,1182.0,0.0,0,319.59,0.0,1,15.41,3.59,SPY200331P00297000,297.0,0,0.0,0.0,,0.0,normalDay
2019-12-19,1950.0,1210.0,0.0,0,320.9,0.0,1,15.41,3.31,SPY200331P00297000,297.0,0,0.0,0.0,,0.0,normalDay
2019-12-20,1950.0,1223.0,0.0,0,320.73,0.0,1,15.41,3.18,SPY200331P00297000,297.0,0,0.0,0.0,,0.0,normalDay
2019-12-23,1950.0,1225.0,0.0,0,321.22,0.0,1,15.41,3.16,SPY200331P00297000,297.0,0,0.0,0.0,,0.0,normalDay
2019-12-24,1950.0,1230.0,0.0,0,321.23,0.0,1,15.41,3.11,SPY200331P00297000,297.0,0,0.0,0.0,,0.0,normalDay
2019-12-26,1950.0,1259.0,0.0,0,322.94,0.0,1,15.41,2.82,SPY200331P00297000,297.0,0,0.0,0.0,,0.0,normalDay
2019-12-27,1950.0,1245.0,0.0,0,322.86,0.0,1,15.41,2.96,SPY200331P00297000,297.0,0,0.0,0.0,,0.0,normalDay
2019-12-30,1950.0,1211.0,0.0,0,321.08,0.0,1,15.41,3.3,SPY200331P00297000,297.0,0,0.0,0.0,,0.0,normalDay
2019-12-31,1950.0,1248.0,0.0,0,321.86,0.0,1,15.41,2.93,SPY200331P00297000,297.0,0,0.0,0.0,,0.0,normalDay
2020-01-02,1950.0,1304.0,0.0,0,324.87,0.0,1,15.41,2.37,SPY200331P00297000,297.0,0,0.0,0.0,,0.0,normalDay
2020-01-03,1950.0,1251.0,0.0,0,322.41,0.0,1,15.41,2.9,SPY200331P00297000,297.0,0,0.0,0.0,,0.0,normalDay
2020-01-06,1950.0,1283.0,0.0,0,323.64,0.0,1,15.41,2.58,SPY200331P00297000,297.0,0,0.0,0.0,,0.0,normalDay
2020-01-07,1950.0,1272.0,0.0,0,322.73,0.0,1,15.41,2.69,SPY200331P00297000,297.0,0,0.0,0.0,,0.0,normalDay
2020-01-08,1950.0,1309.0,0.0,0,324.45,0.0,1,15.41,2.32,SPY200331P00297000,297.0,0,0.0,0.0,,0.0,normalDay
2020-01-09,1950.0,1347.0,0.0,0,326.65,0.0,1,15.41,1.94,SPY200331P00297000,297.0,0,0.0,0.0,,0.0,normalDay
2020-01-10,1950.0,1338.0,0.0,0,325.71,0.0,1,15.41,2.03,SPY200331P00297000,297.0,0,0.0,0.0,,0.0,normalDay
2020-01-13,1950.0,1376.0,0.0,0,327.95,0.0,1,15.41,1.65,SPY200331P00297000,297.0,0,0.0,0.0,,0.0,normalDay
2020-01-14,1950.0,1378.0,0.0,0,327.45,0.0,1,15.41,1.63,SPY200331P00297000,297.0,0,0.0,0.0,,0.0,normalDay
2020-01-15,1950.0,1386.0,0.0,0,328.19,0.0,1,15.41,1.55,SPY200331P00297000,297.0,0,0.0,0.0,,0.0,normalDay
2020-01-16,1950.0,1408.0,0.0,0,330.92,0.0,1,15.41,1.33,SPY200331P00297000,297.0,0,0.0,0.0,,0.0,normalDay
2020-01-17,1950.0,1418.0,0.0,0,331.95,0.0,1,15.41,1.23,SPY200331P00297000,297.0,0,0.0,0.0,,0.0,normalDay
2020-01-21,1950.0,1415.0,0.0,0,331.3,0.0,1,15.41,1.26,SPY200331P00297000,297.0,0,0.0,0.0,,0.0,normalDay
2020-01-22,1950.0,1416.0,0.0,0,331.34,0.0,1,15.41,1.25,SPY200331P00297000,297.0,0,0.0,0.0,,0.0,normalDay
2020-01-23,1950.0,1418.0,0.0,0,331.72,0.0,1,15.41,1.23,SPY200331P00297000,297.0,0,0.0,0.0,,0.0,normalDay
2020-01-24,1950.0,1380.0,0.0,0,328.77,0.0,1,15.41,1.61,SPY200331P00297000,297.0,0,0.0,0.0,,0.0,normalDay
2020-01-27,1950.0,1267.0,0.0,0,323.5,0.0,1,15.41,2.74,SPY200331P00297000,297.0,0,0.0,0.0,,0.0,normalDay
2020-01-28,1950.0,1347.0,0.0,0,326.89,0.0,1,15.41,1.94,SPY200331P00297000,297.0,0,0.0,0.0,,0.0,normalDay
2020-01-29,1950.0,1349.0,0.0,0,326.62,0.0,1,15.41,1.92,SPY200331P00297000,297.0,0,0.0,0.0,,0.0,normalDay
2020-01-30,1950.0,1381.0,0.0,0,327.68,0.0,1,15.41,1.6,SPY200331P00297000,297.0,0,0.0,0.0,,0.0,normalDay
2020-01-31,1950.0,1271.0,0.0,0,321.73,0.0,1,15.41,2.7,SPY200331P00297000,297.0,0,0.0,0.0,,0.0,normalDay
2020-02-03,1950.0,1315.0,0.0,0,324.12,0.0,1,15.41,2.26,SPY200331P00297000,297.0,0,0.0,0.0,,0.0,normalDay
2020-02-04,1950.0,1402.0,0.0,0,329.06,0.0,1,15.41,1.39,SPY200331P00297000,297.0,0,0.0,0.0,,0.0,normalDay
2020-02-05,1950.0,1438.0,0.0,0,332.86,0.0,1,15.41,1.03,SPY200331P00297000,297.0,0,0.0,0.0,,0.0,normalDay
2020-02-06,1950.0,1443.0,0.0,0,333.98,0.0,1,15.41,0.98,SPY200331P00297000,297.0,0,0.0,0.0,,0.0,normalDay
2020-02-07,1950.0,1433.0,0.0,0,332.2,0.0,1,15.41,1.08,SPY200331P00297000,297.0,0,0.0,0.0,,0.0,normalDay
2020-02-10,1950.0,1455.0,0.0,0,334.68,0.0,1,15.41,0.86,SPY200331P00297000,297.0,0,0.0,0.0,,0.0,normalDay
2020-02-11,1950.0,1458.0,0.0,0,335.26,0.0,1,15.41,0.83,SPY200331P00297000,297.0,0,0.0,0.0,,0.0,normalDay
2020-02-12,1950.0,1476.0,0.0,0,337.42,0.0,1,15.41,0.65,SPY200331P00297000,297.0,0,0.0,0.0,,0.0,normalDay
2020-02-13,1950.0,1475.0,0.0,0,337.06,0.0,1,15.41,0.66,SPY200331P00297000,297.0,0,0.0,0.0,,0.0,normalDay
2020-02-14,1950.0,1482.0,0.0,0,337.6,0.0,1,15.41,0.59,SPY200331P00297000,297.0,0,0.0,0.0,,0.0,normalDay
2020-02-18,1950.0,1480.0,0.0,0,336.73,0.0,1,15.41,0.61,SPY200331P00297000,297.0,0,0.0,0.0,,0.0,normalDay
2020-02-19,1950.0,1489.0,0.0,0,338.34,0.0,1,15.41,0.52,SPY200331P00297000,297.0,0,0.0,0.0,,0.0,normalDay
2020-02-20,1950.0,1478.0,0.0,0,336.95,0.0,1,15.41,0.63,SPY200331P00297000,297.0,0,0.0,0.0,,0.0,normalDay
2020-02-21,1950.0,1454.0,0.0,0,333.48,0.0,1,15.41,0.87,SPY200331P00297000,297.0,0,0.0,0.0,,0.0,normalDay
2020-02-24,1950.0,1259.0,0.0,0,322.42,0.0,1,15.41,2.82,SPY200331P00297000,297.0,0,0.0,0.0,,0.0,normalDay
2020-02-25,1950.0,1083.0,0.0,0,312.65,0.0,1,15.41,4.58,SPY200331P00297000,297.0,0,0.0,0.0,,0.0,normalDay
2020-02-26,1950.0,1066.0,0.0,0,311.5,0.0,1,15.41,4.75,SPY200331P00297000,297.0,0,0.0,0.0,,0.0,normalDay
2020-02-27,1950.0,309.0,0.0,0,297.51,0.0,1,15.41,12.32,SPY200331P00297000,297.0,0,0.0,0.0,,0.0,normalDay
2020-02-28,1950.0,228.0,0.0,0,296.26,0.0,1,15.41,13.13,SPY200331P00297000,297.0,0,0.0,0.0,,0.0,normalDay
2020-03-02,1950.0,926.0,0.0,0,309.09,0.0,1,15.41,6.15,SPY200331P00297000,297.0,0,0.0,0.0,,0.0,normalDay
2020-03-03,1950.0,588.0,0.0,0,300.24,0.0,1,15.41,9.53,SPY200331P00297000,297.0,0,0.0,0.0,,0.0,normalDay
2020-03-04,1950.0,1020.0,0.0,0,312.86,0.0,1,15.41,5.21,SPY200331P00297000,297.0,0,0.0,0.0,,0.0,normalDay
2020-03-05,1950.0,543.0,0.0,0,302.46,0.0,1,15.41,9.98,SPY200331P00297000,297.0,0,0.0,0.0,,0.0,normalDay
2020-03-06,1950.0,327.0,0.0,0,297.46,0.0,1,15.41,12.14,SPY200331P00297000,297.0,0,0.0,0.0,,0.0,normalDay
2020-03-09,1950.0,-1248.0,0.0,0,274.23,0.0,1,15.41,27.89,SPY200331P00297000,297.0,0,0.0,0.0,,0.0,normalDay
2020-03-10,1950.0,-144.0,0.0,0,288.42,0.0,1,15.41,16.85,SPY200331P00297000,297.0,0,0.0,0.0,,0.0,normalDay
2020-03-11,1950.0,-1190.0,0.0,0,274.36,0.0,1,15.41,27.31,SPY200331P00297000,297.0,0,0.0,0.0,,0.0,normalDay
2020-03-12,1950.0,-3588.0,0.0,0,248.11,0.0,1,15.41,51.29,SPY200331P00297000,297.0,0,0.0,0.0,,0.0,normalDay
2020-03-13,1950.0,-1524.0,0.0,0,269.32,0.0,1,15.41,30.65,SPY200331P00297000,297.0,0,0.0,0.0,,0.0,normalDay
2020-03-16,1950.0,-4029.0,0.0,0,239.85,0.0,1,15.41,55.7,SPY200331P00297000,297.0,0,0.0,0.0,,0.0,normalDay
2020-03-17,1950.0,-3204.0,0.0,0,252.8,0.0,1,15.41,47.45,SPY200331P00297000,297.0,0,0.0,0.0,,0.0,normalDay
2020-03-18,1950.0,-4419.0,0.0,0,240.0,0.0,1,15.41,59.6,SPY200331P00297000,297.0,0,0.0,0.0,,0.0,normalDay
2020-03-19,1950.0,-4372.0,0.0,0,240.51,0.0,1,15.41,59.13,SPY200331P00297000,297.0,0,0.0,0.0,,0.0,normalDay
2020-03-20,1950.0,-5306.0,0.0,0,228.8,0.0,1,15.41,68.47,SPY200331P00297000,297.0,0,0.0,0.0,,0.0,normalDay
2020-03-23,1950.0,-6100.0,0.0,0,222.95,0.0,1,15.41,76.41,SPY200331P00297000,297.0,0,0.0,0.0,,0.0,normalDay
2020-03-24,1950.0,-3964.0,0.0,0,243.15,0.0,1,15.41,55.05,SPY200331P00297000,297.0,0,0.0,0.0,,0.0,normalDay
2020-03-25,1950.0,-3484.0,0.0,0,246.79,0.0,1,15.41,50.25,SPY200331P00297000,297.0,0,0.0,0.0,,0.0,normalDay
2020-03-26,1950.0,-2129.0,0.0,0,261.2,0.0,1,15.41,36.7,SPY200331P00297000,297.0,0,0.0,0.0,,0.0,normalDay
2020-03-27,1950.0,-2905.0,0.0,0,253.42,0.0,1,15.41,44.46,SPY200331P00297000,297.0,0,0.0,0.0,,0.0,normalDay
2020-03-30,1950.0,-2098.0,0.0,0,261.65,0.0,1,15.41,36.39,SPY200331P00297000,297.0,0,0.0,0.0,,0.0,normalDay
2020-03-31,3491.0,-3925.0,1541.0,100,257.75,297.0,1,15.41,0.0,SPY200331P00297000,297.0,0,0.0,0.0,,0.0,expirationDay
2020-04-01,3491.0,-5088.0,0.0,100,246.15,297.0,0,0.0,0.0,,0.0,1,0.2,0.23,SPY200501C00300000,300.0,normalDay
2020-04-02,3491.0,-4520.0,0.0,100,251.83,297.0,0,0.0,0.0,,0.0,1,0.2,0.23,SPY200501C00300000,300.0,normalDay
2020-04-03,3491.0,-4876.0,0.0,100,248.19,297.0,0,0.0,0.0,,0.0,1,0.2,0.15,SPY200501C00300000,300.0,normalDay
2020-04-06,3491.0,-3236.0,0.0,100,264.86,297.0,0,0.0,0.0,,0.0,1,0.2,0.42,SPY200501C00300000,300.0,normalDay
2020-04-07,3491.0,-3214.0,0.0,100,265.13,297.0,0,0.0,0.0,,0.0,1,0.2,0.47,SPY200501C00300000,300.0,normalDay
2020-04-08,3491.0,-2381.0,0.0,100,274.03,297.0,0,0.0,0.0,,0.0,1,0.2,1.04,SPY200501C00300000,300.0,normalDay
2020-04-09,3491.0,-2026.0,0.0,100,278.2,297.0,0,0.0,0.0,,0.0,1,0.2,1.66,SPY200501C00300000,300.0,normalDay
2020-04-13,3491.0,-2203.0,0.0,100,275.66,297.0,0,0.0,0.0,,0.0,1,0.2,0.89,SPY200501C00300000,300.0,normalDay
2020-04-14,3491.0,-1500.0,0.0,100,283.79,297.0,0,0.0,0.0,,0.0,1,0.2,1.99,SPY200501C00300000,300.0,normalDay
2020-04-15,3491.0,-1992.0,0.0,100,277.76,297.0,0,0.0,0.0,,0.0,1,0.2,0.88,SPY200501C00300000,300.0,normalDay
2020-04-16,3491.0,-1852.0,0.0,100,279.1,297.0,0,0.0,0.0,,0.0,1,0.2,0.82,SPY200501C00300000,300.0,normalDay
2020-04-17,3491.0,-1204.0,0.0,100,286.64,297.0,0,0.0,0.0,,0.0,1,0.2,1.88,SPY200501C00300000,300.0,normalDay
2020-04-20,3491.0,-1608.0,0.0,100,281.59,297.0,0,0.0,0.0,,0.0,1,0.2,0.87,SPY200501C00300000,300.0,normalDay
2020-04-21,3491.0,-2404.0,0.0,100,273.04,297.0,0,0.0,0.0,,0.0,1,0.2,0.28,SPY200501C00300000,300.0,normalDay
2020-04-22,3491.0,-1797.0,0.0,100,279.1,297.0,0,0.0,0.0,,0.0,1,0.2,0.27,SPY200501C00300000,300.0,normalDay
2020-04-23,3491.0,-1792.0,0.0,100,279.08,297.0,0,0.0,0.0,,0.0,1,0.2,0.2,SPY200501C00300000,300.0,normalDay
2020-04-24,3491.0,-1399.0,0.0,100,282.97,297.0,0,0.0,0.0,,0.0,1,0.2,0.16,SPY200501C00300000,300.0,normalDay
2020-04-27,3491.0,-992.0,0.0,100,287.05,297.0,0,0.0,0.0,,0.0,1,0.2,0.17,SPY200501C00300000,300.0,normalDay
2020-04-28,3491.0,-1117.0,0.0,100,285.73,297.0,0,0.0,0.0,,0.0,1,0.2,0.1,SPY200501C00300000,300.0,normalDay
2020-04-29,3491.0,-400.0,0.0,100,293.21,297.0,0,0.0,0.0,,0.0,1,0.2,0.41,SPY200501C00300000,300.0,normalDay
2020-04-30,3491.0,-638.0,0.0,100,290.48,297.0,0,0.0,0.0,,0.0,1,0.2,0.06,SPY200501C00300000,300.0,normalDay
2020-05-01,3511.0,-1421.0,20.0,100,282.79,297.0,0,0.0,0.0,,0.0,1,0.2,0.0,SPY200501C00300000,300.0,expirationDay
2020-05-04,3511.0,-1350.0,0.0,100,283.57,297.0,0,0.0,0.0,,0.0,1,4.13,4.2,SPY200605C00295000,295.0,normalDay
2020-05-05,3511.0,-1154.0,0.0,100,286.19,297.0,0,0.0,0.0,,0.0,1,4.13,4.86,SPY200605C00295000,295.0,normalDay
2020-05-06,3511.0,-1254.0,0.0,100,284.25,297.0,0,0.0,0.0,,0.0,1,4.13,3.92,SPY200605C00295000,295.0,normalDay
2020-05-07,3511.0,-1017.0,0.0,100,287.68,297.0,0,0.0,0.0,,0.0,1,4.13,4.98,SPY200605C00295000,295.0,normalDay
2020-05-08,3511.0,-674.0,0.0,100,292.44,297.0,0,0.0,0.0,,0.0,1,4.13,6.31,SPY200605C00295000,295.0,normalDay
2020-05-11,3511.0,-577.0,0.0,100,292.5,297.0,0,0.0,0.0,,0.0,1,4.13,5.4,SPY200605C00295000,295.0,normalDay
2020-05-12,3511.0,-978.0,0.0,100,286.67,297.0,0,0.0,0.0,,0.0,1,4.13,3.58,SPY200605C00295000,295.0,normalDay
2020-05-13,3511.0,-1381.0,0.0,100,281.6,297.0,0,0.0,0.0,,0.0,1,4.13,2.54,SPY200605C00295000,295.0,normalDay
2020-05-14,3511.0,-1092.0,0.0,100,284.97,297.0,0,0.0,0.0,,0.0,1,4.13,3.02,SPY200605C00295000,295.0,normalDay
2020-05-15,3511.0,-930.0,0.0,100,286.28,297.0,0,0.0,0.0,,0.0,1,4.13,2.71,SPY200605C00295000,295.0,normalDay
2020-05-18,3511.0,-418.0,0.0,100,295.0,297.0,0,0.0,0.0,,0.0,1,4.13,6.31,SPY200605C00295000,295.0,normalDay
2020-05-19,3511.0,-584.0,0.0,100,291.97,297.0,0,0.0,0.0,,0.0,1,4.13,4.94,SPY200605C00295000,295.0,normalDay
2020-05-20,3511.0,-318.0,0.0,100,296.93,297.0,0,0.0,0.0,,0.0,1,4.13,7.24,SPY200605C00295000,295.0,normalDay
2020-05-21,3511.0,-360.0,0.0,100,294.88,297.0,0,0.0,0.0,,0.0,1,4.13,5.61,SPY200605C00295000,295.0,normalDay
2020-05-22,3511.0,-304.0,0.0,100,295.44,297.0,0,0.0,0.0,,0.0,1,4.13,5.61,SPY200605C00295000,295.0,normalDay
2020-05-26,3511.0,-113.0,0.0,100,299.08,297.0,0,0.0,0.0,,0.0,1,4.13,7.34,SPY200605C00295000,295.0,normalDay
2020-05-27,3511.0,22.0,0.0,100,303.53,297.0,0,0.0,0.0,,0.0,1,4.13,10.44,SPY200605C00295000,295.0,normalDay
2020-05-28,3511.0,-49.0,0.0,100,302.97,297.0,0,0.0,0.0,,0.0,1,4.13,10.59,SPY200605C00295000,295.0,normalDay
2020-05-29,3511.0,23.0,0.0,100,304.32,297.0,0,0.0,0.0,,0.0,1,4.13,11.22,SPY200605C00295000,295.0,normalDay
2020-06-01,3511.0,162.0,0.0,100,305.55,297.0,0,0.0,0.0,,0.0,1,4.13,11.06,SPY200605C00295000,295.0,normalDay
2020-06-02,3511.0,217.0,0.0,100,308.08,297.0,0,0.0,0.0,,0.0,1,4.13,13.04,SPY200605C00295000,295.0,normalDay
2020-06-03,3511.0,201.0,0.0,100,312.18,297.0,0,0.0,0.0,,0.0,1,4.13,17.3,SPY200605C00295000,295.0,normalDay
2020-06-04,3511.0,192.0,0.0,100,311.36,297.0,0,0.0,0.0,,0.0,1,4.13,16.57,SPY200605C00295000,295.0,normalDay
2020-06-05,3724.0,192.0,213.0,0,319.34,0.0,0,0.0,0.0,,0.0,1,4.13,0.0,SPY200605C00295000,295.0,expirationDay
2020-06-08,3724.0,-43.0,0.0,0,323.2,0.0,1,15.14,15.57,SPY210115P00295000,295.0,0,0.0,0.0,,0.0,normalDay
2020-06-09,3724.0,-158.0,0.0,0,320.79,0.0,1,15.14,16.72,SPY210115P00295000,295.0,0,0.0,0.0,,0.0,normalDay
2020-06-10,3724.0,-254.0,0.0,0,319.0,0.0,1,15.14,17.68,SPY210115P00295000,295.0,0,0.0,0.0,,0.0,normalDay
2020-06-11,3724.0,-1229.0,0.0,0,300.61,0.0,1,15.14,27.43,SPY210115P00295000,295.0,0,0.0,0.0,,0.0,normalDay
2020-06-12,3724.0,-997.0,0.0,0,304.21,0.0,1,15.14,25.11,SPY210115P00295000,295.0,0,0.0,0.0,,0.0,normalDay
2020-06-15,3724.0,-799.0,0.0,0,307.05,0.0,1,15.14,23.13,SPY210115P00295000,295.0,0,0.0,0.0,,0.0,normalDay
2020-06-16,3724.0,-632.0,0.0,0,312.96,0.0,1,15.14,21.46,SPY210115P00295000,295.0,0,0.0,0.0,,0.0,normalDay
2020-06-17,3724.0,-658.0,0.0,0,311.66,0.0,1,15.14,21.72,SPY210115P00295000,295.0,0,0.0,0.0,,0.0,normalDay
2020-06-18,3724.0,-658.0,0.0,0,311.78,0.0,1,15.14,21.72,SPY210115P00295000,295.0,0,0.0,0.0,,0.0,normalDay
2020-06-19,3724.0,-800.0,0.0,0,308.64,0.0,1,15.14,23.14,SPY210115P00295000,295.0,0,0.0,0.0,,0.0,normalDay
2020-06-22,3724.0,-574.0,0.0,0,310.62,0.0,1,15.14,20.88,SPY210115P00295000,295.0,0,0.0,0.0,,0.0,normalDay
2020-06-23,3724.0,-509.0,0.0,0,312.05,0.0,1,15.14,20.23,SPY210115P00295000,295.0,0,0.0,0.0,,0.0,normalDay
2020-06-24,3724.0,-837.0,0.0,0,304.09,0.0,1,15.14,23.51,SPY210115P00295000,295.0,0,0.0,0.0,,0.0,normalDay
2020-06-25,3724.0,-634.0,0.0,0,307.35,0.0,1,15.14,21.48,SPY210115P00295000,295.0,0,0.0,0.0,,0.0,normalDay
2020-06-26,3724.0,-930.0,0.0,0,300.05,0.0,1,15.14,24.44,SPY210115P00295000,295.0,0,0.0,0.0,,0.0,normalDay
2020-06-29,3724.0,-698.0,0.0,0,304.46,0.0,1,15.14,22.12,SPY210115P00295000,295.0,0,0.0,0.0,,0.0,normalDay
2020-06-30,3724.0,-518.0,0.0,0,308.36,0.0,1,15.14,20.32,SPY210115P00295000,295.0,0,0.0,0.0,,0.0,normalDay
2020-07-01,3724.0,-413.0,0.0,0,310.52,0.0,1,15.14,19.27,SPY210115P00295000,295.0,0,0.0,0.0,,0.0,normalDay
2020-07-02,3724.0,-315.0,0.0,0,312.23,0.0,1,15.14,18.29,SPY210115P00295000,295.0,0,0.0,0.0,,0.0,normalDay
2020-07-06,3724.0,-170.0,0.0,0,317.05,0.0,1,15.14,16.84,SPY210115P00295000,295.0,0,0.0,0.0,,0.0,normalDay
2020-07-07,3724.0,-307.0,0.0,0,313.78,0.0,1,15.14,18.21,SPY210115P00295000,295.0,0,0.0,0.0,,0.0,normalDay
2020-07-08,3724.0,-200.0,0.0,0,316.18,0.0,1,15.14,17.14,SPY210115P00295000,295.0,0,0.0,0.0,,0.0,normalDay
2020-07-09,3724.0,-302.0,0.0,0,314.38,0.0,1,15.14,18.16,SPY210115P00295000,295.0,0,0.0,0.0,,0.0,normalDay
2020-07-10,3724.0,-159.0,0.0,0,317.59,0.0,1,15.14,16.73,SPY210115P00295000,295.0,0,0.0,0.0,,0.0,normalDay
2020-07-13,3724.0,-401.0,0.0,0,314.84,0.0,1,15.14,19.15,SPY210115P00295000,295.0,0,0.0,0.0,,0.0,normalDay
2020-07-14,3724.0,-186.0,0.0,0,318.92,0.0,1,15.14,17.0,SPY210115P00295000,295.0,0,0.0,0.0,,0.0,normalDay
2020-07-15,3724.0,-63.0,0.0,0,321.85,0.0,1,15.14,15.77,SPY210115P00295000,295.0,0,0.0,0.0,,0.0,normalDay
2020-07-16,3724.0,-107.0,0.0,0,320.79,0.0,1,15.14,16.21,SPY210115P00295000,295.0,0,0.0,0.0,,0.0,normalDay
2020-07-17,3724.0,20.0,0.0,0,321.72,0.0,1,15.14,14.94,SPY210115P00295000,295.0,0,0.0,0.0,,0.0,normalDay
2020-07-20,3724.0,161.0,0.0,0,324.32,0.0,1,15.14,13.53,SPY210115P00295000,295.0,0,0.0,0.0,,0.0,normalDay
2020-07-21,3724.0,165.0,0.0,0,325.01,0.0,1,15.14,13.49,SPY210115P00295000,295.0,0,0.0,0.0,,0.0,normalDay
2020-07-22,3724.0,215.0,0.0,0,326.86,0.0,1,15.14,12.99,SPY210115P00295000,295.0,0,0.0,0.0,,0.0,normalDay
2020-07-23,3724.0,71.0,0.0,0,322.96,0.0,1,15.14,14.43,SPY210115P00295000,295.0,0,0.0,0.0,,0.0,normalDay
2020-07-24,3724.0,36.0,0.0,0,320.88,0.0,1,15.14,14.78,SPY210115P00295000,295.0,0,0.0,0.0,,0.0,normalDay
2020-07-27,3724.0,142.0,0.0,0,323.22,0.0,1,15.14,13.72,SPY210115P00295000,295.0,0,0.0,0.0,,0.0,normalDay
2020-07-28,3724.0,61.0,0.0,0,321.17,0.0,1,15.14,14.53,SPY210115P00295000,295.0,0,0.0,0.0,,0.0,normalDay
2020-07-29,3724.0,189.0,0.0,0,325.12,0.0,1,15.14,13.25,SPY210115P00295000,295.0,0,0.0,0.0,,0.0,normalDay
2020-07-30,3724.0,132.0,0.0,0,323.96,0.0,1,15.14,13.82,SPY210115P00295000,295.0,0,0.0,0.0,,0.0,normalDay
2020-07-31,3724.0,218.0,0.0,0,326.52,0.0,1,15.14,12.96,SPY210115P00295000,295.0,0,0.0,0.0,,0.0,normalDay
2020-08-03,3724.0,282.0,0.0,0,328.79,0.0,1,15.14,12.32,SPY210115P00295000,295.0,0,0.0,0.0,,0.0,normalDay
2020-08-04,3724.0,348.0,0.0,0,330.06,0.0,1,15.14,11.66,SPY210115P00295000,295.0,0,0.0,0.0,,0.0,normalDay
2020-08-05,3724.0,410.0,0.0,0,332.11,0.0,1,15.14,11.04,SPY210115P00295000,295.0,0,0.0,0.0,,0.0,normalDay
2020-08-06,3724.0,465.0,0.0,0,334.33,0.0,1,15.14,10.49,SPY210115P00295000,295.0,0,0.0,0.0,,0.0,normalDay
2020-08-07,3724.0,464.0,0.0,0,334.57,0.0,1,15.14,10.5,SPY210115P00295000,295.0,0,0.0,0.0,,0.0,normalDay
2020-08-10,3724.0,498.0,0.0,0,335.57,0.0,1,15.14,10.16,SPY210115P00295000,295.0,0,0.0,0.0,,0.0,normalDay
2020-08-11,3724.0,391.0,0.0,0,332.8,0.0,1,15.14,11.23,SPY210115P00295000,295.0,0,0.0,0.0,,0.0,normalDay
2020-08-12,3724.0,535.0,0.0,0,337.44,0.0,1,15.14,9.79,SPY210115P00295000,295.0,0,0.0,0.0,,0.0,normalDay
2020-08-13,3724.0,522.0,0.0,0,336.83,0.0,1,15.14,9.92,SPY210115P00295000,295.0,0,0.0,0.0,,0.0,normalDay
2020-08-14,3724.0,521.0,0.0,0,336.84,0.0,1,15.14,9.93,SPY210115P00295000,295.0,0,0.0,0.0,,0.0,normalDay
2020-08-17,3724.0,584.0,0.0,0,337.91,0.0,1,15.14,9.3,SPY210115P00295000,295.0,0,0.0,0.0,,0.0,normalDay
2020-08-18,3724.0,621.0,0.0,0,338.64,0.0,1,15.14,8.93,SPY210115P00295000,295.0,0,0.0,0.0,,0.0,normalDay
2020-08-19,3724.0,575.0,0.0,0,337.23,0.0,1,15.14,9.39,SPY210115P00295000,295.0,0,0.0,0.0,,0.0,normalDay
2020-08-20,3724.0,604.0,0.0,0,338.28,0.0,1,15.14,9.1,SPY210115P00295000,295.0,0,0.0,0.0,,0.0,normalDay
2020-08-21,3724.0,636.0,0.0,0,339.48,0.0,1,15.14,8.78,SPY210115P00295000,295.0,0,0.0,0.0,,0.0,normalDay
2020-08-24,3724.0,694.0,0.0,0,342.92,0.0,1,15.14,8.2,SPY210115P00295000,295.0,0,0.0,0.0,,0.0,normalDay
2020-08-25,3724.0,725.0,0.0,0,344.12,0.0,1,15.14,7.89,SPY210115P00295000,295.0,0,0.0,0.0,,0.0,normalDay
2020-08-26,3724.0,740.0,0.0,0,347.57,0.0,1,15.14,7.74,SPY210115P00295000,295.0,0,0.0,0.0,,0.0,normalDay
2020-08-27,3724.0,722.0,0.0,0,348.33,0.0,1,15.14,7.92,SPY210115P00295000,295.0,0,0.0,0.0,,0.0,normalDay
2020-08-28,3724.0,769.0,0.0,0,350.58,0.0,1,15.14,7.45,SPY210115P00295000,295.0,0,0.0,0.0,,0.0,normalDay
2020-08-31,3724.0,682.0,0.0,0,349.31,0.0,1,15.14,8.32,SPY210115P00295000,295.0,0,0.0,0.0,,0.0,normalDay
2020-09-01,3724.0,707.0,0.0,0,352.6,0.0,1,15.14,8.07,SPY210115P00295000,295.0,0,0.0,0.0,,0.0,normalDay
2020-09-02,3724.0,725.0,0.0,0,357.7,0.0,1,15.14,7.89,SPY210115P00295000,295.0,0,0.0,0.0,,0.0,normalDay
2020-09-03,3724.0,470.0,0.0,0,345.39,0.0,1,15.14,10.44,SPY210115P00295000,295.0,0,0.0,0.0,,0.0,normalDay
2020-09-04,3724.0,496.0,0.0,0,342.57,0.0,1,15.14,10.18,SPY210115P00295000,295.0,0,0.0,0.0,,0.0,normalDay
2020-09-08,3724.0,413.0,0.0,0,333.21,0.0,1,15.14,11.01,SPY210115P00295000,295.0,0,0.0,0.0,,0.0,normalDay
2020-09-09,3724.0,604.0,0.0,0,339.79,0.0,1,15.14,9.1,SPY210115P00295000,295.0,0,0.0,0.0,,0.0,normalDay
2020-09-10,3724.0,493.0,0.0,0,333.89,0.0,1,15.14,10.21,SPY210115P00295000,295.0,0,0.0,0.0,,0.0,normalDay
2020-09-11,3724.0,555.0,0.0,0,334.06,0.0,1,15.14,9.59,SPY210115P00295000,295.0,0,0.0,0.0,,0.0,normalDay
2020-09-14,3724.0,700.0,0.0,0,338.46,0.0,1,15.14,8.14,SPY210115P00295000,295.0,0,0.0,0.0,,0.0,normalDay
2020-09-15,3724.0,731.0,0.0,0,340.17,0.0,1,15.14,7.83,SPY210115P00295000,295.0,0,0.0,0.0,,0.0,normalDay
2020-09-16,3724.0,696.0,0.0,0,338.82,0.0,1,15.14,8.18,SPY210115P00295000,295.0,0,0.0,0.0,,0.0,normalDay
2020-09-17,3724.0,653.0,0.0,0,335.84,0.0,1,15.14,8.61,SPY210115P00295000,295.0,0,0.0,0.0,,0.0,normalDay
2020-09-18,3724.0,603.0,0.0,0,330.65,0.0,1,15.14,9.11,SPY210115P00295000,295.0,0,0.0,0.0,,0.0,normalDay
2020-09-21,3724.0,521.0,0.0,0,326.97,0.0,1,15.14,9.93,SPY210115P00295000,295.0,0,0.0,0.0,,0.0,normalDay
2020-09-22,3724.0,557.0,0.0,0,330.3,0.0,1,15.14,9.57,SPY210115P00295000,295.0,0,0.0,0.0,,0.0,normalDay
2020-09-23,3724.0,349.0,0.0,0,322.64,0.0,1,15.14,11.65,SPY210115P00295000,295.0,0,0.0,0.0,,0.0,normalDay
2020-09-24,3724.0,402.0,0.0,0,323.5,0.0,1,15.14,11.12,SPY210115P00295000,295.0,0,0.0,0.0,,0.0,normalDay
2020-09-25,3724.0,549.0,0.0,0,328.73,0.0,1,15.14,9.65,SPY210115P00295000,295.0,0,0.0,0.0,,0.0,normalDay
2020-09-28,3724.0,677.0,0.0,0,334.19,0.0,1,15.14,8.37,SPY210115P00295000,295.0,0,0.0,0.0,,0.0,normalDay
2020-09-29,3724.0,669.0,0.0,0,332.37,0.0,1,15.14,8.45,SPY210115P00295000,295.0,0,0.0,0.0,,0.0,normalDay
2020-09-30,3724.0,673.0,0.0,0,334.89,0.0,1,15.14,8.41,SPY210115P00295000,295.0,0,0.0,0.0,,0.0,normalDay
2020-10-01,3724.0,719.0,0.0,0,337.04,0.0,1,15.14,7.95,SPY210115P00295000,295.0,0,0.0,0.0,,0.0,normalDay
2020-10-02,3724.0,646.0,0.0,0,333.84,0.0,1,15.14,8.68,SPY210115P00295000,295.0,0,0.0,0.0,,0.0,normalDay
2020-10-05,3724.0,797.0,0.0,0,339.76,0.0,1,15.14,7.17,SPY210115P00295000,295.0,0,0.0,0.0,,0.0,normalDay
2020-10-06,3724.0,714.0,0.0,0,334.93,0.0,1,15.14,8.0,SPY210115P00295000,295.0,0,0.0,0.0,,0.0,normalDay
2020-10-07,3724.0,857.0,0.0,0,340.76,0.0,1,15.14,6.57,SPY210115P00295000,295.0,0,0.0,0.0,,0.0,normalDay
2020-10-08,3724.0,953.0,0.0,0,343.78,0.0,1,15.14,5.61,SPY210115P00295000,295.0,0,0.0,0.0,,0.0,normalDay
2020-10-09,3724.0,1039.0,0.0,0,346.85,0.0,1,15.14,4.75,SPY210115P00295000,295.0,0,0.0,0.0,,0.0,normalDay
2020-10-12,3724.0,1104.0,0.0,0,352.43,0.0,1,15.14,4.1,SPY210115P00295000,295.0,0,0.0,0.0,,0.0,normalDay
2020-10-13,3724.0,1077.0,0.0,0,350.13,0.0,1,15.14,4.37,SPY210115P00295000,295.0,0,0.0,0.0,,0.0,normalDay
2020-10-14,3724.0,1066.0,0.0,0,347.93,0.0,1,15.14,4.48,SPY210115P00295000,295.0,0,0.0,0.0,,0.0,normalDay
2020-10-15,3724.0,1056.0,0.0,0,347.5,0.0,1,15.14,4.58,SPY210115P00295000,295.0,0,0.0,0.0,,0.0,normalDay
2020-10-16,3724.0,1035.0,0.0,0,347.29,0.0,1,15.14,4.79,SPY210115P00295000,295.0,0,0.0,0.0,,0.0,normalDay
2020-10-19,3724.0,958.0,0.0,0,342.01,0.0,1,15.14,5.56,SPY210115P00295000,295.0,0,0.0,0.0,,0.0,normalDay
2020-10-20,3724.0,971.0,0.0,0,343.38,0.0,1,15.14,5.43,SPY210115P00295000,295.0,0,0.0,0.0,,0.0,normalDay
2020-10-21,3724.0,1009.0,0.0,0,342.73,0.0,1,15.14,5.05,SPY210115P00295000,295.0,0,0.0,0.0,,0.0,normalDay
2020-10-22,3724.0,1035.0,0.0,0,344.61,0.0,1,15.14,4.79,SPY210115P00295000,295.0,0,0.0,0.0,,0.0,normalDay
2020-10-23,3724.0,1058.0,0.0,0,345.78,0.0,1,15.14,4.56,SPY210115P00295000,295.0,0,0.0,0.0,,0.0,normalDay
2020-10-26,3724.0,910.0,0.0,0,339.39,0.0,1,15.14,6.04,SPY210115P00295000,295.0,0,0.0,0.0,,0.0,normalDay
2020-10-27,3724.0,884.0,0.0,0,338.22,0.0,1,15.14,6.3,SPY210115P00295000,295.0,0,0.0,0.0,,0.0,normalDay
2020-10-28,3724.0,492.0,0.0,0,326.66,0.0,1,15.14,10.22,SPY210115P00295000,295.0,0,0.0,0.0,,0.0,normalDay
2020-10-29,3724.0,695.0,0.0,0,329.98,0.0,1,15.14,8.19,SPY210115P00295000,295.0,0,0.0,0.0,,0.0,normalDay
2020-10-30,3724.0,603.0,0.0,0,326.54,0.0,1,15.14,9.11,SPY210115P00295000,295.0,0,0.0,0.0,,0.0,normalDay
2020-11-02,3724.0,742.0,0.0,0,330.2,0.0,1,15.14,7.72,SPY210115P00295000,295.0,0,0.0,0.0,,0.0,normalDay
2020-11-03,3724.0,880.0,0.0,0,336.03,0.0,1,15.14,6.34,SPY210115P00295000,295.0,0,0.0,0.0,,0.0,normalDay
2020-11-04,3724.0,1087.0,0.0,0,343.54,0.0,1,15.14,4.27,SPY210115P00295000,295.0,0,0.0,0.0,,0.0,normalDay
2020-11-05,3724.0,1162.0,0.0,0,350.24,0.0,1,15.14,3.52,SPY210115P00295000,295.0,0,0.0,0.0,,0.0,normalDay
2020-11-06,3724.0,1216.0,0.0,0,350.16,0.0,1,15.14,2.98,SPY210115P00295000,295.0,0,0.0,0.0,,0.0,normalDay
2020-11-09,3724.0,1274.0,0.0,0,354.56,0.0,1,15.14,2.4,SPY210115P00295000,295.0,0,0.0,0.0,,0.0,normalDay
2020-11-10,3724.0,1285.0,0.0,0,354.04,0.0,1,15.14,2.29,SPY210115P00295000,295.0,0,0.0,0.0,,0.0,normalDay
2020-11-11,3724.0,1317.0,0.0,0,356.67,0.0,1,15.14,1.97,SPY210115P00295000,295.0,0,0.0,0.0,,0.0,normalDay
2020-11-12,3724.0,1266.0,0.0,0,353.21,0.0,1,15.14,2.48,SPY210115P00295000,295.0,0,0.0,0.0,,0.0,normalDay
2020-11-13,3724.0,1330.0,0.0,0,358.1,0.0,1,15.14,1.84,SPY210115P00295000,295.0,0,0.0,0.0,,0.0,normalDay
2020-11-16,3724.0,1365.0,0.0,0,362.57,0.0,1,15.14,1.49,SPY210115P00295000,295.0,0,0.0,0.0,,0.0,normalDay
2020-11-17,3724.0,1365.0,0.0,0,360.62,0.0,1,15.14,1.49,SPY210115P00295000,295.0,0,0.0,0.0,,0.0,normalDay
2020-11-18,3724.0,1339.0,0.0,0,356.28,0.0,1,15.14,1.75,SPY210115P00295000,295.0,0,0.0,0.0,,0.0,normalDay
2020-11-19,3724.0,1363.0,0.0,0,357.78,0.0,1,15.14,1.51,SPY210115P00295000,295.0,0,0.0,0.0,,0.0,normalDay
2020-11-20,3724.0,1352.0,0.0,0,355.33,0.0,1,15.14,1.62,SPY210115P00295000,295.0,0,0.0,0.0,,0.0,normalDay
2020-11-23,3724.0,1380.0,0.0,0,357.46,0.0,1,15.14,1.34,SPY210115P00295000,295.0,0,0.0,0.0,,0.0,normalDay
2020-11-24,3724.0,1411.0,0.0,0,363.22,0.0,1,15.14,1.03,SPY210115P00295000,295.0,0,0.0,0.0,,0.0,normalDay
2020-11-25,3724.0,1421.0,0.0,0,362.66,0.0,1,15.14,0.93,SPY210115P00295000,295.0,0,0.0,0.0,,0.0,normalDay
2020-11-27,3724.0,1433.0,0.0,0,363.67,0.0,1,15.14,0.81,SPY210115P00295000,295.0,0,0.0,0.0,,0.0,normalDay
2020-11-30,3724.0,1441.0,0.0,0,362.06,0.0,1,15.14,0.73,SPY210115P00295000,295.0,0,0.0,0.0,,0.0,normalDay
2020-12-01,3724.0,1444.0,0.0,0,366.02,0.0,1,15.14,0.7,SPY210115P00295000,295.0,0,0.0,0.0,,0.0,normalDay
2020-12-02,3724.0,1446.0,0.0,0,366.79,0.0,1,15.14,0.68,SPY210115P00295000,295.0,0,0.0,0.0,,0.0,normalDay
2020-12-03,3724.0,1444.0,0.0,0,366.69,0.0,1,15.14,0.7,SPY210115P00295000,295.0,0,0.0,0.0,,0.0,normalDay
2020-12-04,3724.0,1460.0,0.0,0,369.85,0.0,1,15.14,0.54,SPY210115P00295000,295.0,0,0.0,0.0,,0.0,normalDay
2020-12-07,3724.0,1464.0,0.0,0,369.09,0.0,1,15.14,0.5,SPY210115P00295000,295.0,0,0.0,0.0,,0.0,normalDay
2020-12-08,3724.0,1473.0,0.0,0,370.17,0.0,1,15.14,0.41,SPY210115P00295000,295.0,0,0.0,0.0,,0.0,normalDay
2020-12-09,3724.0,1465.0,0.0,0,366.85,0.0,1,15.14,0.49,SPY210115P00295000,295.0,0,0.0,0.0,,0.0,normalDay
2020-12-10,3724.0,1465.0,0.0,0,366.73,0.0,1,15.14,0.49,SPY210115P00295000,295.0,0,0.0,0.0,,0.0,normalDay
2020-12-11,3724.0,1459.0,0.0,0,366.3,0.0,1,15.14,0.55,SPY210115P00295000,295.0,0,0.0,0.0,,0.0,normalDay
2020-12-14,3724.0,1454.0,0.0,0,364.66,0.0,1,15.14,0.6,SPY210115P00295000,295.0,0,0.0,0.0,,0.0,normalDay
2020-12-15,3724.0,1470.0,0.0,0,369.59,0.0,1,15.14,0.44,SPY210115P00295000,295.0,0,0.0,0.0,,0.0,normalDay
2020-12-16,3724.0,1474.0,0.0,0,370.17,0.0,1,15.14,0.4,SPY210115P00295000,295.0,0,0.0,0.0,,0.0,normalDay
2020-12-17,3724.0,1480.0,0.0,0,372.24,0.0,1,15.14,0.34,SPY210115P00295000,295.0,0,0.0,0.0,,0.0,normalDay
2020-12-18,3724.0,1482.0,0.0,0,369.18,0.0,1,15.14,0.32,SPY210115P00295000,295.0,0,0.0,0.0,,0.0,normalDay
2020-12-21,3724.0,1471.0,0.0,0,367.86,0.0,1,15.14,0.43,SPY210115P00295000,295.0,0,0.0,0.0,,0.0,normalDay
2020-12-22,3724.0,1477.0,0.0,0,367.24,0.0,1,15.14,0.37,SPY210115P00295000,295.0,0,0.0,0.0,,0.0,normalDay
2020-12-23,3724.0,1482.0,0.0,0,367.57,0.0,1,15.14,0.32,SPY210115P00295000,295.0,0,0.0,0.0,,0.0,normalDay
2020-12-24,3724.0,1490.0,0.0,0,369.0,0.0,1,15.14,0.24,SPY210115P00295000,295.0,0,0.0,0.0,,0.0,normalDay
2020-12-28,3724.0,1498.0,0.0,0,372.17,0.0,1,15.14,0.16,SPY210115P00295000,295.0,0,0.0,0.0,,0.0,normalDay
2020-12-29,3724.0,1495.0,0.0,0,371.46,0.0,1,15.14,0.19,SPY210115P00295000,295.0,0,0.0,0.0,,0.0,normalDay
2020-12-30,3724.0,1498.0,0.0,0,371.99,0.0,1,15.14,0.16,SPY210115P00295000,295.0,0,0.0,0.0,,0.0,normalDay
2020-12-31,3724.0,1498.0,0.0,0,373.88,0.0,1,15.14,0.16,SPY210115P00295000,295.0,0,0.0,0.0,,0.0,normalDay
2021-01-04,3724.0,1499.0,0.0,0,368.79,0.0,1,15.14,0.15,SPY210115P00295000,295.0,0,0.0,0.0,,0.0,normalDay
2021-01-05,3724.0,1505.0,0.0,0,371.33,0.0,1,15.14,0.09,SPY210115P00295000,295.0,0,0.0,0.0,,0.0,normalDay
2021-01-06,3724.0,1501.0,0.0,0,373.55,0.0,1,15.14,0.13,SPY210115P00295000,295.0,0,0.0,0.0,,0.0,normalDay
2021-01-07,3724.0,1509.0,0.0,0,379.1,0.0,1,15.14,0.05,SPY210115P00295000,295.0,0,0.0,0.0,,0.0,normalDay
2021-01-08,3724.0,1512.0,0.0,0,381.26,0.0,1,15.14,0.02,SPY210115P00295000,295.0,0,0.0,0.0,,0.0,normalDay
2021-01-11,3724.0,1512.0,0.0,0,378.69,0.0,1,15.14,0.02,SPY210115P00295000,295.0,0,0.0,0.0,,0.0,normalDay
2021-01-12,3724.0,1512.0,0.0,0,378.77,0.0,1,15.14,0.02,SPY210115P00295000,295.0,0,0.0,0.0,,0.0,normalDay
2021-01-13,3724.0,1513.0,0.0,0,379.79,0.0,1,15.14,0.01,SPY210115P00295000,295.0,0,0.0,0.0,,0.0,normalDay
2021-01-14,3724.0,1513.0,0.0,0,378.46,0.0,1,15.14,0.01,SPY210115P00295000,295.0,0,0.0,0.0,,0.0,normalDay
2021-01-15,5238.0,0.0,1514.0,0,375.7,0.0,1,15.14,0.0,SPY210115P00295000,295.0,0,0.0,0.0,,0.0,expirationDay
2021-01-19,5238.0,-26.0,0.0,0,378.65,0.0,1,19.81,20.07,SPY210716P00370000,370.0,0,0.0,0.0,,0.0,normalDay
2021-01-20,5238.0,180.0,0.0,0,383.89,0.0,1,19.81,18.01,SPY210716P00370000,370.0,0,0.0,0.0,,0.0,normalDay
2021-01-21,5238.0,186.0,0.0,0,384.24,0.0,1,19.81,17.95,SPY210716P00370000,370.0,0,0.0,0.0,,0.0,normalDay
2021-01-22,5238.0,132.0,0.0,0,382.88,0.0,1,19.81,18.49,SPY210716P00370000,370.0,0,0.0,0.0,,0.0,normalDay
2021-01-25,5238.0,138.0,0.0,0,384.39,0.0,1,19.81,18.43,SPY210716P00370000,370.0,0,0.0,0.0,,0.0,normalDay
2021-01-26,5238.0,128.0,0.0,0,383.79,0.0,1,19.81,18.53,SPY210716P00370000,370.0,0,0.0,0.0,,0.0,normalDay
2021-01-27,5238.0,-592.0,0.0,0,374.41,0.0,1,19.81,25.73,SPY210716P00370000,370.0,0,0.0,0.0,,0.0,normalDay
2021-01-28,5238.0,-301.0,0.0,0,377.63,0.0,1,19.81,22.82,SPY210716P00370000,370.0,0,0.0,0.0,,0.0,normalDay
2021-01-29,5238.0,-718.0,0.0,0,370.07,0.0,1,19.81,26.99,SPY210716P00370000,370.0,0,0.0,0.0,,0.0,normalDay
2021-02-01,5238.0,-350.0,0.0,0,376.23,0.0,1,19.81,23.31,SPY210716P00370000,370.0,0,0.0,0.0,,0.0,normalDay
2021-02-02,5238.0,15.0,0.0,0,381.55,0.0,1,19.81,19.66,SPY210716P00370000,370.0,0,0.0,0.0,,0.0,normalDay
2021-02-03,5238.0,98.0,0.0,0,381.85,0.0,1,19.81,18.83,SPY210716P00370000,370.0,0,0.0,0.0,,0.0,normalDay
2021-02-04,5238.0,261.0,0.0,0,386.19,0.0,1,19.81,17.2,SPY210716P00370000,370.0,0,0.0,0.0,,0.0,normalDay
2021-02-05,5238.0,311.0,0.0,0,387.71,0.0,1,19.81,16.7,SPY210716P00370000,370.0,0,0.0,0.0,,0.0,normalDay
2021-02-08,5238.0,400.0,0.0,0,390.51,0.0,1,19.81,15.81,SPY210716P00370000,370.0,0,0.0,0.0,,0.0,normalDay
2021-02-09,5238.0,396.0,0.0,0,390.25,0.0,1,19.81,15.85,SPY210716P00370000,370.0,0,0.0,0.0,,0.0,normalDay
2021-02-10,5238.0,357.0,0.0,0,390.08,0.0,1,19.81,16.24,SPY210716P00370000,370.0,0,0.0,0.0,,0.0,normalDay
2021-02-11,5238.0,384.0,0.0,0,390.71,0.0,1,19.81,15.97,SPY210716P00370000,370.0,0,0.0,0.0,,0.0,normalDay
2021-02-12,5238.0,492.0,0.0,0,392.64,0.0,1,19.81,14.89,SPY210716P00370000,370.0,0,0.0,0.0,,0.0,normalDay
2021-02-16,5238.0,463.0,0.0,0,392.3,0.0,1,19.81,15.18,SPY210716P00370000,370.0,0,0.0,0.0,,0.0,normalDay
2021-02-17,5238.0,481.0,0.0,0,392.39,0.0,1,19.81,15.0,SPY210716P00370000,370.0,0,0.0,0.0,,0.0,normalDay
2021-02-18,5238.0,424.0,0.0,0,390.72,0.0,1,19.81,15.57,SPY210716P00370000,370.0,0,0.0,0.0,,0.0,normalDay
2021-02-19,5238.0,436.0,0.0,0,390.03,0.0,1,19.81,15.45,SPY210716P00370000,370.0,0,0.0,0.0,,0.0,normalDay
2021-02-22,5238.0,341.0,0.0,0,387.03,0.0,1,19.81,16.4,SPY210716P00370000,370.0,0,0.0,0.0,,0.0,normalDay
2021-02-23,5238.0,400.0,0.0,0,387.5,0.0,1,19.81,15.81,SPY210716P00370000,370.0,0,0.0,0.0,,0.0,normalDay
2021-02-24,5238.0,578.0,0.0,0,391.77,0.0,1,19.81,14.03,SPY210716P00370000,370.0,0,0.0,0.0,,0.0,normalDay
2021-02-25,5238.0,151.0,0.0,0,382.33,0.0,1,19.81,18.3,SPY210716P00370000,370.0,0,0.0,0.0,,0.0,normalDay
2021-02-26,5238.0,155.0,0.0,0,380.36,0.0,1,19.81,18.26,SPY210716P00370000,370.0,0,0.0,0.0,,0.0,normalDay
2021-03-01,5238.0,560.0,0.0,0,389.58,0.0,1,19.81,14.21,SPY210716P00370000,370.0,0,0.0,0.0,,0.0,normalDay
2021-03-02,5238.0,451.0,0.0,0,386.54,0.0,1,19.81,15.3,SPY210716P00370000,370.0,0,0.0,0.0,,0.0,normalDay
2021-03-03,5238.0,255.0,0.0,0,381.42,0.0,1,19.81,17.26,SPY210716P00370000,370.0,0,0.0,0.0,,0.0,normalDay
2021-03-04,5238.0,68.0,0.0,0,376.7,0.0,1,19.81,19.13,SPY210716P00370000,370.0,0,0.0,0.0,,0.0,normalDay
2021-03-05,5238.0,413.0,0.0,0,383.63,0.0,1,19.81,15.68,SPY210716P00370000,370.0,0,0.0,0.0,,0.0,normalDay
2021-03-08,5238.0,369.0,0.0,0,381.72,0.0,1,19.81,16.12,SPY210716P00370000,370.0,0,0.0,0.0,,0.0,normalDay
2021-03-09,5238.0,553.0,0.0,0,387.17,0.0,1,19.81,14.28,SPY210716P00370000,370.0,0,0.0,0.0,,0.0,normalDay
2021-03-10,5238.0,660.0,0.0,0,389.58,0.0,1,19.81,13.21,SPY210716P00370000,370.0,0,0.0,0.0,,0.0,normalDay
2021-03-11,5238.0,770.0,0.0,0,393.53,0.0,1,19.81,12.11,SPY210716P00370000,370.0,0,0.0,0.0,,0.0,normalDay
2021-03-12,5238.0,825.0,0.0,0,394.06,0.0,1,19.81,11.56,SPY210716P00370000,370.0,0,0.0,0.0,,0.0,normalDay
2021-03-15,5238.0,930.0,0.0,0,396.41,0.0,1,19.81,10.51,SPY210716P00370000,370.0,0,0.0,0.0,,0.0,normalDay
2021-03-16,5238.0,922.0,0.0,0,395.91,0.0,1,19.81,10.59,SPY210716P00370000,370.0,0,0.0,0.0,,0.0,normalDay
2021-03-17,5238.0,998.0,0.0,0,397.26,0.0,1,19.81,9.83,SPY210716P00370000,370.0,0,0.0,0.0,,0.0,normalDay
2021-03-18,5238.0,836.0,0.0,0,391.48,0.0,1,19.81,11.45,SPY210716P00370000,370.0,0,0.0,0.0,,0.0,normalDay
2021-03-19,5238.0,828.0,0.0,0,389.48,0.0,1,19.81,11.53,SPY210716P00370000,370.0,0,0.0,0.0,,0.0,normalDay
2021-03-22,5238.0,1030.0,0.0,0,392.59,0.0,1,19.81,9.51,SPY210716P00370000,370.0,0,0.0,0.0,,0.0,normalDay
2021-03-23,5238.0,929.0,0.0,0,389.5,0.0,1,19.81,10.52,SPY210716P00370000,370.0,0,0.0,0.0,,0.0,normalDay
2021-03-24,5238.0,864.0,0.0,0,387.52,0.0,1,19.81,11.17,SPY210716P00370000,370.0,0,0.0,0.0,,0.0,normalDay
2021-03-25,5238.0,974.0,0.0,0,389.7,0.0,1,19.81,10.07,SPY210716P00370000,370.0,0,0.0,0.0,,0.0,normalDay
2021-03-26,5238.0,1141.0,0.0,0,395.98,0.0,1,19.81,8.4,SPY210716P00370000,370.0,0,0.0,0.0,,0.0,normalDay
2021-03-29,5238.0,1119.0,0.0,0,395.78,0.0,1,19.81,8.62,SPY210716P00370000,370.0,0,0.0,0.0,,0.0,normalDay
2021-03-30,5238.0,1138.0,0.0,0,394.73,0.0,1,19.81,8.43,SPY210716P00370000,370.0,0,0.0,0.0,,0.0,normalDay
2021-03-31,5238.0,1191.0,0.0,0,396.33,0.0,1,19.81,7.9,SPY210716P00370000,370.0,0,0.0,0.0,,0.0,normalDay
2021-04-01,5238.0,1324.0,0.0,0,400.61,0.0,1,19.81,6.57,SPY210716P00370000,370.0,0,0.0,0.0,,0.0,normalDay
2021-04-05,5238.0,1430.0,0.0,0,406.36,0.0,1,19.81,5.51,SPY210716P00370000,370.0,0,0.0,0.0,,0.0,normalDay
2021-04-06,5238.0,1418.0,0.0,0,406.12,0.0,1,19.81,5.63,SPY210716P00370000,370.0,0,0.0,0.0,,0.0,normalDay
2021-04-07,5238.0,1449.0,0.0,0,406.59,0.0,1,19.81,5.32,SPY210716P00370000,370.0,0,0.0,0.0,,0.0,normalDay
2021-04-08,5238.0,1471.0,0.0,0,408.52,0.0,1,19.81,5.1,SPY210716P00370000,370.0,0,0.0,0.0,,0.0,normalDay
2021-04-09,5238.0,1497.0,0.0,0,411.49,0.0,1,19.81,4.84,SPY210716P00370000,370.0,0,0.0,0.0,,0.0,normalDay
2021-04-12,5238.0,1513.0,0.0,0,411.64,0.0,1,19.81,4.68,SPY210716P00370000,370.0,0,0.0,0.0,,0.0,normalDay
2021-04-13,5238.0,1543.0,0.0,0,412.86,0.0,1,19.81,4.38,SPY210716P00370000,370.0,0,0.0,0.0,,0.0,normalDay
2021-04-14,5238.0,1522.0,0.0,0,411.45,0.0,1,19.81,4.59,SPY210716P00370000,370.0,0,0.0,0.0,,0.0,normalDay
2021-04-15,5238.0,1576.0,0.0,0,415.87,0.0,1,19.81,4.05,SPY210716P00370000,370.0,0,0.0,0.0,,0.0,normalDay
2021-04-16,5238.0,1595.0,0.0,0,417.26,0.0,1,19.81,3.86,SPY210716P00370000,370.0,0,0.0,0.0,,0.0,normalDay
2021-04-19,5238.0,1558.0,0.0,0,415.21,0.0,1,19.81,4.23,SPY210716P00370000,370.0,0,0.0,0.0,,0.0,normalDay
2021-04-20,5238.0,1492.0,0.0,0,412.17,0.0,1,19.81,4.89,SPY210716P00370000,370.0,0,0.0,0.0,,0.0,normalDay
2021-04-21,5238.0,1572.0,0.0,0,416.07,0.0,1,19.81,4.09,SPY210716P00370000,370.0,0,0.0,0.0,,0.0,normalDay
2021-04-22,5238.0,1494.0,0.0,0,412.27,0.0,1,19.81,4.87,SPY210716P00370000,370.0,0,0.0,0.0,,0.0,normalDay
2021-04-23,5238.0,1588.0,0.0,0,416.74,0.0,1,19.81,3.93,SPY210716P00370000,370.0,0,0.0,0.0,,0.0,normalDay
2021-04-26,5238.0,1611.0,0.0,0,417.61,0.0,1,19.81,3.7,SPY210716P00370000,370.0,0,0.0,0.0,,0.0,normalDay
2021-04-27,5238.0,1622.0,0.0,0,417.52,0.0,1,19.81,3.59,SPY210716P00370000,370.0,0,0.0,0.0,,0.0,normalDay
2021-04-28,5238.0,1641.0,0.0,0,417.4,0.0,1,19.81,3.4,SPY210716P00370000,370.0,0,0.0,0.0,,0.0,normalDay
2021-04-29,5238.0,1655.0,0.0,0,420.06,0.0,1,19.81,3.26,SPY210716P00370000,370.0,0,0.0,0.0,,0.0,normalDay
2021-04-30,5238.0,1617.0,0.0,0,417.3,0.0,1,19.81,3.64,SPY210716P00370000,370.0,0,0.0,0.0,,0.0,normalDay
2021-05-03,5238.0,1647.0,0.0,0,418.2,0.0,1,19.81,3.34,SPY210716P00370000,370.0,0,0.0,0.0,,0.0,normalDay
2021-05-04,5238.0,1599.0,0.0,0,415.62,0.0,1,19.81,3.82,SPY210716P00370000,370.0,0,0.0,0.0,,0.0,normalDay
2021-05-05,5238.0,1616.0,0.0,0,415.75,0.0,1,19.81,3.65,SPY210716P00370000,370.0,0,0.0,0.0,,0.0,normalDay
2021-05-06,5238.0,1666.0,0.0,0,419.07,0.0,1,19.81,3.15,SPY210716P00370000,370.0,0,0.0,0.0,,0.0,normalDay
2021-05-07,5238.0,1719.0,0.0,0,422.12,0.0,1,19.81,2.62,SPY210716P00370000,370.0,0,0.0,0.0,,0.0,normalDay
2021-05-10,5238.0,1654.0,0.0,0,417.94,0.0,1,19.81,3.27,SPY210716P00370000,370.0,0,0.0,0.0,,0.0,normalDay
2021-05-11,5238.0,1584.0,0.0,0,414.21,0.0,1,19.81,3.97,SPY210716P00370000,370.0,0,0.0,0.0,,0.0,normalDay
2021-05-12,5238.0,1332.0,0.0,0,405.41,0.0,1,19.81,6.49,SPY210716P00370000,370.0,0,0.0,0.0,,0.0,normalDay
2021-05-13,5238.0,1513.0,0.0,0,410.28,0.0,1,19.81,4.68,SPY210716P00370000,370.0,0,0.0,0.0,,0.0,normalDay
2021-05-14,5238.0,1685.0,0.0,0,416.58,0.0,1,19.81,2.96,SPY210716P00370000,370.0,0,0.0,0.0,,0.0,normalDay
2021-05-17,5238.0,1668.0,0.0,0,415.52,0.0,1,19.81,3.13,SPY210716P00370000,370.0,0,0.0,0.0,,0.0,normalDay
2021-05-18,5238.0,1612.0,0.0,0,411.94,0.0,1,19.81,3.69,SPY210716P00370000,370.0,0,0.0,0.0,,0.0,normalDay
2021-05-19,5238.0,1585.0,0.0,0,410.86,0.0,1,19.81,3.96,SPY210716P00370000,370.0,0,0.0,0.0,,0.0,normalDay
2021-05-20,5238.0,1664.0,0.0,0,415.28,0.0,1,19.81,3.17,SPY210716P00370000,370.0,0,0.0,0.0,,0.0,normalDay
2021-05-21,5238.0,1682.0,0.0,0,414.94,0.0,1,19.81,2.99,SPY210716P00370000,370.0,0,0.0,0.0,,0.0,normalDay
2021-05-24,5238.0,1762.0,0.0,0,419.17,0.0,1,19.81,2.19,SPY210716P00370000,370.0,0,0.0,0.0,,0.0,normalDay
2021-05-25,5238.0,1762.0,0.0,0,418.24,0.0,1,19.81,2.19,SPY210716P00370000,370.0,0,0.0,0.0,,0.0,normalDay
2021-05-26,5238.0,1805.0,0.0,0,419.07,0.0,1,19.81,1.76,SPY210716P00370000,370.0,0,0.0,0.0,,0.0,normalDay
2021-05-27,5238.0,1831.0,0.0,0,419.29,0.0,1,19.81,1.5,SPY210716P00370000,370.0,0,0.0,0.0,,0.0,normalDay
2021-05-28,5238.0,1834.0,0.0,0,420.04,0.0,1,19.81,1.47,SPY210716P00370000,370.0,0,0.0,0.0,,0.0,normalDay
2021-06-01,5238.0,1833.0,0.0,0,419.67,0.0,1,19.81,1.48,SPY210716P00370000,370.0,0,0.0,0.0,,0.0,normalDay
2021-06-02,5238.0,1846.0,0.0,0,420.33,0.0,1,19.81,1.35,SPY210716P00370000,370.0,0,0.0,0.0,,0.0,normalDay
2021-06-03,5238.0,1836.0,0.0,0,418.77,0.0,1,19.81,1.45,SPY210716P00370000,370.0,0,0.0,0.0,,0.0,normalDay
2021-06-04,5238.0,1875.0,0.0,0,422.6,0.0,1,19.81,1.06,SPY210716P00370000,370.0,0,0.0,0.0,,0.0,normalDay
2021-06-07,5238.0,1887.0,0.0,0,422.19,0.0,1,19.81,0.94,SPY210716P00370000,370.0,0,0.0,0.0,,0.0,normalDay
2021-06-08,5238.0,1883.0,0.0,0,422.28,0.0,1,19.81,0.98,SPY210716P00370000,370.0,0,0.0,0.0,,0.0,normalDay
2021-06-09,5238.0,1875.0,0.0,0,421.65,0.0,1,19.81,1.06,SPY210716P00370000,370.0,0,0.0,0.0,,0.0,normalDay
2021-06-10,5238.0,1901.0,0.0,0,423.61,0.0,1,19.81,0.8,SPY210716P00370000,370.0,0,0.0,0.0,,0.0,normalDay
2021-06-11,5238.0,1907.0,0.0,0,424.31,0.0,1,19.81,0.74,SPY210716P00370000,370.0,0,0.0,0.0,,0.0,normalDay
2021-06-14,5238.0,1915.0,0.0,0,425.26,0.0,1,19.81,0.66,SPY210716P00370000,370.0,0,0.0,0.0,,0.0,normalDay
2021-06-15,5238.0,1910.0,0.0,0,424.48,0.0,1,19.81,0.71,SPY210716P00370000,370.0,0,0.0,0.0,,0.0,normalDay
2021-06-16,5238.0,1899.0,0.0,0,422.11,0.0,1,19.81,0.82,SPY210716P00370000,370.0,0,0.0,0.0,,0.0,normalDay
2021-06-17,5238.0,1908.0,0.0,0,421.97,0.0,1,19.81,0.73,SPY210716P00370000,370.0,0,0.0,0.0,,0.0,normalDay
2021-06-18,5238.0,1866.0,0.0,0,414.92,0.0,1,19.81,1.15,SPY210716P00370000,370.0,0,0.0,0.0,,0.0,normalDay
2021-06-21,5238.0,1923.0,0.0,0,420.86,0.0,1,19.81,0.58,SPY210716P00370000,370.0,0,0.0,0.0,,0.0,normalDay
2021-06-22,5238.0,1936.0,0.0,0,423.11,0.0,1,19.81,0.45,SPY210716P00370000,370.0,0,0.0,0.0,,0.0,normalDay
2021-06-23,5238.0,1943.0,0.0,0,422.6,0.0,1,19.81,0.38,SPY210716P00370000,370.0,0,0.0,0.0,,0.0,normalDay
2021-06-24,5238.0,1948.0,0.0,0,425.1,0.0,1,19.81,0.33,SPY210716P00370000,370.0,0,0.0,0.0,,0.0,normalDay
2021-06-25,5238.0,1953.0,0.0,0,426.61,0.0,1,19.81,0.28,SPY210716P00370000,370.0,0,0.0,0.0,,0.0,normalDay
2021-06-28,5238.0,1960.0,0.0,0,427.47,0.0,1,19.81,0.21,SPY210716P00370000,370.0,0,0.0,0.0,,0.0,normalDay
2021-06-29,5238.0,1961.0,0.0,0,427.7,0.0,1,19.81,0.2,SPY210716P00370000,370.0,0,0.0,0.0,,0.0,normalDay
2021-06-30,5238.0,1964.0,0.0,0,428.06,0.0,1,19.81,0.17,SPY210716P00370000,370.0,0,0.0,0.0,,0.0,normalDay
2021-07-01,5238.0,1968.0,0.0,0,430.43,0.0,1,19.81,0.13,SPY210716P00370000,370.0,0,0.0,0.0,,0.0,normalDay
2021-07-02,5238.0,1972.0,0.0,0,433.72,0.0,1,19.81,0.09,SPY210716P00370000,370.0,0,0.0,0.0,,0.0,normalDay
2021-07-06,5238.0,1973.0,0.0,0,432.93,0.0,1,19.81,0.08,SPY210716P00370000,370.0,0,0.0,0.0,,0.0,normalDay
2021-07-07,5238.0,1976.0,0.0,0,434.46,0.0,1,19.81,0.05,SPY210716P00370000,370.0,0,0.0,0.0,,0.0,normalDay
2021-07-08,5238.0,1972.0,0.0,0,430.92,0.0,1,19.81,0.09,SPY210716P00370000,370.0,0,0.0,0.0,,0.0,normalDay
2021-07-09,5238.0,1977.0,0.0,0,435.52,0.0,1,19.81,0.04,SPY210716P00370000,370.0,0,0.0,0.0,,0.0,normalDay
2021-07-12,5238.0,1979.0,0.0,0,437.08,0.0,1,19.81,0.02,SPY210716P00370000,370.0,0,0.0,0.0,,0.0,normalDay
2021-07-13,5238.0,1979.0,0.0,0,435.59,0.0,1,19.81,0.02,SPY210716P00370000,370.0,0,0.0,0.0,,0.0,normalDay
2021-07-14,5238.0,1980.0,0.0,0,436.24,0.0,1,19.81,0.01,SPY210716P00370000,370.0,0,0.0,0.0,,0.0,normalDay
2021-07-15,5238.0,1980.0,0.0,0,434.75,0.0,1,19.81,0.01,SPY210716P00370000,370.0,0,0.0,0.0,,0.0,normalDay
2021-07-16,7219.0,0.0,1981.0,0,431.34,0.0,1,19.81,0.0,SPY210716P00370000,370.0,0,0.0,0.0,,0.0,expirationDay
2021-07-19,7219.0,-30.0,0.0,0,424.97,0.0,1,26.07,26.37,SPY220218P00428000,428.0,0,0.0,0.0,,0.0,normalDay
2021-07-20,7219.0,283.0,0.0,0,431.06,0.0,1,26.07,23.24,SPY220218P00428000,428.0,0,0.0,0.0,,0.0,normalDay
2021-07-21,7219.0,479.0,0.0,0,434.55,0.0,1,26.07,21.28,SPY220218P00428000,428.0,0,0.0,0.0,,0.0,normalDay
2021-07-22,7219.0,519.0,0.0,0,435.46,0.0,1,26.07,20.88,SPY220218P00428000,428.0,0,0.0,0.0,,0.0,normalDay
2021-07-23,7219.0,647.0,0.0,0,439.94,0.0,1,26.07,19.6,SPY220218P00428000,428.0,0,0.0,0.0,,0.0,normalDay
2021-07-26,7219.0,682.0,0.0,0,441.02,0.0,1,26.07,19.25,SPY220218P00428000,428.0,0,0.0,0.0,,0.0,normalDay
2021-07-27,7219.0,567.0,0.0,0,439.01,0.0,1,26.07,20.4,SPY220218P00428000,428.0,0,0.0,0.0,,0.0,normalDay
2021-07-28,7219.0,601.0,0.0,0,438.83,0.0,1,26.07,20.06,SPY220218P00428000,428.0,0,0.0,0.0,,0.0,normalDay
2021-07-29,7219.0,691.0,0.0,0,440.65,0.0,1,26.07,19.16,SPY220218P00428000,428.0,0,0.0,0.0,,0.0,normalDay
2021-07-30,7219.0,636.0,0.0,0,438.51,0.0,1,26.07,19.71,SPY220218P00428000,428.0,0,0.0,0.0,,0.0,normalDay
2021-08-02,7219.0,562.0,0.0,0,437.59,0.0,1,26.07,20.45,SPY220218P00428000,428.0,0,0.0,0.0,,0.0,normalDay
2021-08-03,7219.0,722.0,0.0,0,441.15,0.0,1,26.07,18.85,SPY220218P00428000,428.0,0,0.0,0.0,,0.0,normalDay
2021-08-04,7219.0,664.0,0.0,0,438.98,0.0,1,26.07,19.43,SPY220218P00428000,428.0,0,0.0,0.0,,0.0,normalDay
2021-08-05,7219.0,780.0,0.0,0,441.76,0.0,1,26.07,18.27,SPY220218P00428000,428.0,0,0.0,0.0,,0.0,normalDay
2021-08-06,7219.0,851.0,0.0,0,442.49,0.0,1,26.07,17.56,SPY220218P00428000,428.0,0,0.0,0.0,,0.0,normalDay
2021-08-09,7219.0,829.0,0.0,0,442.13,0.0,1,26.07,17.78,SPY220218P00428000,428.0,0,0.0,0.0,,0.0,normalDay
2021-08-10,7219.0,826.0,0.0,0,442.68,0.0,1,26.07,17.81,SPY220218P00428000,428.0,0,0.0,0.0,,0.0,normalDay
2021-08-11,7219.0,891.0,0.0,0,443.78,0.0,1,26.07,17.16,SPY220218P00428000,428.0,0,0.0,0.0,,0.0,normalDay
2021-08-12,7219.0,950.0,0.0,0,445.11,0.0,1,26.07,16.57,SPY220218P00428000,428.0,0,0.0,0.0,,0.0,normalDay
2021-08-13,7219.0,978.0,0.0,0,445.92,0.0,1,26.07,16.29,SPY220218P00428000,428.0,0,0.0,0.0,,0.0,normalDay
2021-08-16,7219.0,1010.0,0.0,0,446.97,0.0,1,26.07,15.97,SPY220218P00428000,428.0,0,0.0,0.0,,0.0,normalDay
2021-08-17,7219.0,851.0,0.0,0,444.04,0.0,1,26.07,17.56,SPY220218P00428000,428.0,0,0.0,0.0,,0.0,normalDay
2021-08-18,7219.0,610.0,0.0,0,439.18,0.0,1,26.07,19.97,SPY220218P00428000,428.0,0,0.0,0.0,,0.0,normalDay
2021-08-19,7219.0,637.0,0.0,0,439.86,0.0,1,26.07,19.7,SPY220218P00428000,428.0,0,0.0,0.0,,0.0,normalDay
2021-08-20,7219.0,817.0,0.0,0,443.36,0.0,1,26.07,17.9,SPY220218P00428000,428.0,0,0.0,0.0,,0.0,normalDay
2021-08-23,7219.0,1009.0,0.0,0,447.26,0.0,1,26.07,15.98,SPY220218P00428000,428.0,0,0.0,0.0,,0.0,normalDay
2021-08-24,7219.0,1007.0,0.0,0,447.97,0.0,1,26.07,16.0,SPY220218P00428000,428.0,0,0.0,0.0,,0.0,normalDay
2021-08-25,7219.0,1067.0,0.0,0,448.91,0.0,1,26.07,15.4,SPY220218P00428000,428.0,0,0.0,0.0,,0.0,normalDay
2021-08-26,7219.0,948.0,0.0,0,446.26,0.0,1,26.07,16.59,SPY220218P00428000,428.0,0,0.0,0.0,,0.0,normalDay
2021-08-27,7219.0,1117.0,0.0,0,450.25,0.0,1,26.07,14.9,SPY220218P00428000,428.0,0,0.0,0.0,,0.0,normalDay
2021-08-30,7219.0,1175.0,0.0,0,452.23,0.0,1,26.07,14.32,SPY220218P00428000,428.0,0,0.0,0.0,,0.0,normalDay
2021-08-31,7219.0,1167.0,0.0,0,451.56,0.0,1,26.07,14.4,SPY220218P00428000,428.0,0,0.0,0.0,,0.0,normalDay
2021-09-01,7219.0,1195.0,0.0,0,451.8,0.0,1,26.07,14.12,SPY220218P00428000,428.0,0,0.0,0.0,,0.0,normalDay
2021-09-02,7219.0,1231.0,0.0,0,453.19,0.0,1,26.07,13.76,SPY220218P00428000,428.0,0,0.0,0.0,,0.0,normalDay
2021-09-03,7219.0,1215.0,0.0,0,453.08,0.0,1,26.07,13.92,SPY220218P00428000,428.0,0,0.0,0.0,,0.0,normalDay
2021-09-07,7219.0,1143.0,0.0,0,451.46,0.0,1,26.07,14.64,SPY220218P00428000,428.0,0,0.0,0.0,,0.0,normalDay
2021-09-08,7219.0,1128.0,0.0,0,450.91,0.0,1,26.07,14.79,SPY220218P00428000,428.0,0,0.0,0.0,,0.0,normalDay
2021-09-09,7219.0,1045.0,0.0,0,448.98,0.0,1,26.07,15.62,SPY220218P00428000,428.0,0,0.0,0.0,,0.0,normalDay
2021-09-10,7219.0,943.0,0.0,0,445.44,0.0,1,26.07,16.64,SPY220218P00428000,428.0,0,0.0,0.0,,0.0,normalDay
2021-09-13,7219.0,1031.0,0.0,0,446.58,0.0,1,26.07,15.76,SPY220218P00428000,428.0,0,0.0,0.0,,0.0,normalDay
2021-09-14,7219.0,955.0,0.0,0,444.17,0.0,1,26.07,16.52,SPY220218P00428000,428.0,0,0.0,0.0,,0.0,normalDay
2021-09-15,7219.0,1102.0,0.0,0,447.88,0.0,1,26.07,15.05,SPY220218P00428000,428.0,0,0.0,0.0,,0.0,normalDay
2021-09-16,7219.0,1069.0,0.0,0,447.17,0.0,1,26.07,15.38,SPY220218P00428000,428.0,0,0.0,0.0,,0.0,normalDay
2021-09-17,7219.0,896.0,0.0,0,441.4,0.0,1,26.07,17.11,SPY220218P00428000,428.0,0,0.0,0.0,,0.0,normalDay
2021-09-20,7219.0,529.0,0.0,0,434.04,0.0,1,26.07,20.78,SPY220218P00428000,428.0,0,0.0,0.0,,0.0,normalDay
2021-09-21,7219.0,554.0,0.0,0,433.63,0.0,1,26.07,20.53,SPY220218P00428000,428.0,0,0.0,0.0,,0.0,normalDay
2021-09-22,7219.0,824.0,0.0,0,437.86,0.0,1,26.07,17.83,SPY220218P00428000,428.0,0,0.0,0.0,,0.0,normalDay
2021-09-23,7219.0,1069.0,0.0,0,443.18,0.0,1,26.07,15.38,SPY220218P00428000,428.0,0,0.0,0.0,,0.0,normalDay
2021-09-24,7219.0,1116.0,0.0,0,443.91,0.0,1,26.07,14.91,SPY220218P00428000,428.0,0,0.0,0.0,,0.0,normalDay
2021-09-27,7219.0,1069.0,0.0,0,442.64,0.0,1,26.07,15.38,SPY220218P00428000,428.0,0,0.0,0.0,,0.0,normalDay
2021-09-28,7219.0,681.0,0.0,0,433.72,0.0,1,26.07,19.26,SPY220218P00428000,428.0,0,0.0,0.0,,0.0,normalDay
2021-09-29,7219.0,728.0,0.0,0,434.45,0.0,1,26.07,18.79,SPY220218P00428000,428.0,0,0.0,0.0,,0.0,normalDay
2021-09-30,7219.0,490.0,0.0,0,429.14,0.0,1,26.07,21.17,SPY220218P00428000,428.0,0,0.0,0.0,,0.0,normalDay
2021-10-01,7219.0,775.0,0.0,0,434.24,0.0,1,26.07,18.32,SPY220218P00428000,428.0,0,0.0,0.0,,0.0,normalDay
2021-10-04,7219.0,528.0,0.0,0,428.64,0.0,1,26.07,20.79,SPY220218P00428000,428.0,0,0.0,0.0,,0.0,normalDay
2021-10-05,7219.0,750.0,0.0,0,433.1,0.0,1,26.07,18.57,SPY220218P00428000,428.0,0,0.0,0.0,,0.0,normalDay
2021-10-06,7219.0,821.0,0.0,0,434.9,0.0,1,26.07,17.86,SPY220218P00428000,428.0,0,0.0,0.0,,0.0,normalDay
2021-10-07,7219.0,1009.0,0.0,0,438.66,0.0,1,26.07,15.98,SPY220218P00428000,428.0,0,0.0,0.0,,0.0,normalDay
2021-10-08,7219.0,986.0,0.0,0,437.86,0.0,1,26.07,16.21,SPY220218P00428000,428.0,0,0.0,0.0,,0.0,normalDay
2021-10-11,7219.0,892.0,0.0,0,434.69,0.0,1,26.07,17.15,SPY220218P00428000,428.0,0,0.0,0.0,,0.0,normalDay
2021-10-12,7219.0,864.0,0.0,0,433.62,0.0,1,26.07,17.43,SPY220218P00428000,428.0,0,0.0,0.0,,0.0,normalDay
2021-10-13,7219.0,1018.0,0.0,0,435.18,0.0,1,26.07,15.89,SPY220218P00428000,428.0,0,0.0,0.0,,0.0,normalDay
2021-10-14,7219.0,1305.0,0.0,0,442.5,0.0,1,26.07,13.02,SPY220218P00428000,428.0,0,0.0,0.0,,0.0,normalDay
2021-10-15,7219.0,1396.0,0.0,0,445.87,0.0,1,26.07,12.11,SPY220218P00428000,428.0,0,0.0,0.0,,0.0,normalDay
2021-10-18,7219.0,1442.0,0.0,0,447.19,0.0,1,26.07,11.65,SPY220218P00428000,428.0,0,0.0,0.0,,0.0,normalDay
2021-10-19,7219.0,1566.0,0.0,0,450.64,0.0,1,26.07,10.41,SPY220218P00428000,428.0,0,0.0,0.0,,0.0,normalDay
2021-10-20,7219.0,1596.0,0.0,0,452.41,0.0,1,26.07,10.11,SPY220218P00428000,428.0,0,0.0,0.0,,0.0,normalDay
2021-10-21,7219.0,1645.0,0.0,0,453.59,0.0,1,26.07,9.62,SPY220218P00428000,428.0,0,0.0,0.0,,0.0,normalDay
2021-10-22,7219.0,1602.0,0.0,0,453.12,0.0,1,26.07,10.05,SPY220218P00428000,428.0,0,0.0,0.0,,0.0,normalDay
2021-10-25,7219.0,1688.0,0.0,0,455.55,0.0,1,26.07,9.19,SPY220218P00428000,428.0,0,0.0,0.0,,0.0,normalDay
2021-10-26,7219.0,1701.0,0.0,0,455.96,0.0,1,26.07,9.06,SPY220218P00428000,428.0,0,0.0,0.0,,0.0,normalDay
2021-10-27,7219.0,1617.0,0.0,0,453.94,0.0,1,26.07,9.9,SPY220218P00428000,428.0,0,0.0,0.0,,0.0,normalDay
2021-10-28,7219.0,1719.0,0.0,0,458.32,0.0,1,26.07,8.88,SPY220218P00428000,428.0,0,0.0,0.0,,0.0,normalDay
2021-10-29,7219.0,1749.0,0.0,0,459.25,0.0,1,26.07,8.58,SPY220218P00428000,428.0,0,0.0,0.0,,0.0,normalDay
2021-11-01,7219.0,1779.0,0.0,0,460.04,0.0,1,26.07,8.28,SPY220218P00428000,428.0,0,0.0,0.0,,0.0,normalDay
2021-11-02,7219.0,1825.0,0.0,0,461.9,0.0,1,26.07,7.82,SPY220218P00428000,428.0,0,0.0,0.0,,0.0,normalDay
2021-11-03,7219.0,1907.0,0.0,0,464.72,0.0,1,26.07,7.0,SPY220218P00428000,428.0,0,0.0,0.0,,0.0,normalDay
2021-11-04,7219.0,1941.0,0.0,0,466.91,0.0,1,26.07,6.66,SPY220218P00428000,428.0,0,0.0,0.0,,0.0,normalDay
2021-11-05,7219.0,1932.0,0.0,0,468.53,0.0,1,26.07,6.75,SPY220218P00428000,428.0,0,0.0,0.0,,0.0,normalDay
2021-11-08,7219.0,1927.0,0.0,0,468.93,0.0,1,26.07,6.8,SPY220218P00428000,428.0,0,0.0,0.0,,0.0,normalDay
2021-11-09,7219.0,1899.0,0.0,0,467.38,0.0,1,26.07,7.08,SPY220218P00428000,428.0,0,0.0,0.0,,0.0,normalDay
2021-11-10,7219.0,1833.0,0.0,0,463.62,0.0,1,26.07,7.74,SPY220218P00428000,428.0,0,0.0,0.0,,0.0,normalDay
2021-11-11,7219.0,1886.0,0.0,0,463.77,0.0,1,26.07,7.21,SPY220218P00428000,428.0,0,0.0,0.0,,0.0,normalDay
2021-11-12,7219.0,1975.0,0.0,0,467.27,0.0,1,26.07,6.32,SPY220218P00428000,428.0,0,0.0,0.0,,0.0,normalDay
2021-11-15,7219.0,1989.0,0.0,0,467.43,0.0,1,26.07,6.18,SPY220218P00428000,428.0,0,0.0,0.0,,0.0,normalDay
2021-11-16,7219.0,2022.0,0.0,0,469.28,0.0,1,26.07,5.85,SPY220218P00428000,428.0,0,0.0,0.0,,0.0,normalDay
2021-11-17,7219.0,1976.0,0.0,0,468.14,0.0,1,26.07,6.31,SPY220218P00428000,428.0,0,0.0,0.0,,0.0,normalDay
2021-11-18,7219.0,1998.0,0.0,0,469.73,0.0,1,26.07,6.09,SPY220218P00428000,428.0,0,0.0,0.0,,0.0,normalDay
2021-11-19,7219.0,1982.0,0.0,0,468.89,0.0,1,26.07,6.25,SPY220218P00428000,428.0,0,0.0,0.0,,0.0,normalDay
2021-11-22,7219.0,1948.0,0.0,0,467.57,0.0,1,26.07,6.59,SPY220218P00428000,428.0,0,0.0,0.0,,0.0,normalDay
2021-11-23,7219.0,1970.0,0.0,0,468.19,0.0,1,26.07,6.37,SPY220218P00428000,428.0,0,0.0,0.0,,0.0,normalDay
2021-11-24,7219.0,2021.0,0.0,0,469.44,0.0,1,26.07,5.86,SPY220218P00428000,428.0,0,0.0,0.0,,0.0,normalDay
2021-11-26,7219.0,1396.0,0.0,0,458.97,0.0,1,26.07,12.11,SPY220218P00428000,428.0,0,0.0,0.0,,0.0,normalDay
2021-11-29,7219.0,1869.0,0.0,0,464.6,0.0,1,26.07,7.38,SPY220218P00428000,428.0,0,0.0,0.0,,0.0,normalDay
2021-11-30,7219.0,1616.0,0.0,0,455.56,0.0,1,26.07,9.91,SPY220218P00428000,428.0,0,0.0,0.0,,0.0,normalDay
2021-12-01,7219.0,1306.0,0.0,0,450.5,0.0,1,26.07,13.01,SPY220218P00428000,428.0,0,0.0,0.0,,0.0,normalDay
2021-12-02,7219.0,1571.0,0.0,0,457.4,0.0,1,26.07,10.36,SPY220218P00428000,428.0,0,0.0,0.0,,0.0,normalDay
2021-12-03,7219.0,1394.0,0.0,0,453.42,0.0,1,26.07,12.13,SPY220218P00428000,428.0,0,0.0,0.0,,0.0,normalDay
2021-12-06,7219.0,1650.0,0.0,0,458.79,0.0,1,26.07,9.57,SPY220218P00428000,428.0,0,0.0,0.0,,0.0,normalDay
2021-12-07,7219.0,1978.0,0.0,0,468.28,0.0,1,26.07,6.29,SPY220218P00428000,428.0,0,0.0,0.0,,0.0,normalDay
2021-12-08,7219.0,2067.0,0.0,0,469.52,0.0,1,26.07,5.4,SPY220218P00428000,428.0,0,0.0,0.0,,0.0,normalDay
2021-12-09,7219.0,1994.0,0.0,0,466.35,0.0,1,26.07,6.13,SPY220218P00428000,428.0,0,0.0,0.0,,0.0,normalDay
2021-12-10,7219.0,2117.0,0.0,0,470.74,0.0,1,26.07,4.9,SPY220218P00428000,428.0,0,0.0,0.0,,0.0,normalDay
2021-12-13,7219.0,2039.0,0.0,0,466.57,0.0,1,26.07,5.68,SPY220218P00428000,428.0,0,0.0,0.0,,0.0,normalDay
2021-12-14,7219.0,1963.0,0.0,0,463.36,0.0,1,26.07,6.44,SPY220218P00428000,428.0,0,0.0,0.0,,0.0,normalDay
2021-12-15,7219.0,2153.0,0.0,0,470.6,0.0,1,26.07,4.54,SPY220218P00428000,428.0,0,0.0,0.0,,0.0,normalDay
2021-12-16,7219.0,2070.0,0.0,0,466.45,0.0,1,26.07,5.37,SPY220218P00428000,428.0,0,0.0,0.0,,0.0,normalDay
2021-12-17,7219.0,1961.0,0.0,0,459.87,0.0,1,26.07,6.46,SPY220218P00428000,428.0,0,0.0,0.0,,0.0,normalDay
2021-12-20,7219.0,1873.0,0.0,0,454.98,0.0,1,26.07,7.34,SPY220218P00428000,428.0,0,0.0,0.0,,0.0,normalDay
2021-12-21,7219.0,2065.0,0.0,0,463.06,0.0,1,26.07,5.42,SPY220218P00428000,428.0,0,0.0,0.0,,0.0,normalDay
2021-12-22,7219.0,2198.0,0.0,0,467.69,0.0,1,26.07,4.09,SPY220218P00428000,428.0,0,0.0,0.0,,0.0,normalDay
2021-12-23,7219.0,2253.0,0.0,0,470.6,0.0,1,26.07,3.54,SPY220218P00428000,428.0,0,0.0,0.0,,0.0,normalDay
2021-12-27,7219.0,2349.0,0.0,0,477.26,0.0,1,26.07,2.58,SPY220218P00428000,428.0,0,0.0,0.0,,0.0,normalDay
2021-12-28,7219.0,2363.0,0.0,0,476.87,0.0,1,26.07,2.44,SPY220218P00428000,428.0,0,0.0,0.0,,0.0,normalDay
2021-12-29,7219.0,2394.0,0.0,0,477.48,0.0,1,26.07,2.13,SPY220218P00428000,428.0,0,0.0,0.0,,0.0,normalDay
2021-12-30,7219.0,2381.0,0.0,0,476.16,0.0,1,26.07,2.26,SPY220218P00428000,428.0,0,0.0,0.0,,0.0,normalDay
2021-12-31,7219.0,2392.0,0.0,0,474.96,0.0,1,26.07,2.15,SPY220218P00428000,428.0,0,0.0,0.0,,0.0,normalDay
2022-01-03,7219.0,2435.0,0.0,0,477.71,0.0,1,26.07,1.72,SPY220218P00428000,428.0,0,0.0,0.0,,0.0,normalDay
2022-01-04,7219.0,2432.0,0.0,0,477.55,0.0,1,26.07,1.75,SPY220218P00428000,428.0,0,0.0,0.0,,0.0,normalDay
2022-01-05,7219.0,2316.0,0.0,0,468.38,0.0,1,26.07,2.91,SPY220218P00428000,428.0,0,0.0,0.0,,0.0,normalDay
2022-01-06,7219.0,2326.0,0.0,0,467.94,0.0,1,26.07,2.81,SPY220218P00428000,428.0,0,0.0,0.0,,0.0,normalDay
2022-01-07,7219.0,2350.0,0.0,0,466.09,0.0,1,26.07,2.57,SPY220218P00428000,428.0,0,0.0,0.0,,0.0,normalDay
2022-01-10,7219.0,2354.0,0.0,0,465.51,0.0,1,26.07,2.53,SPY220218P00428000,428.0,0,0.0,0.0,,0.0,normalDay
2022-01-11,7219.0,2410.0,0.0,0,469.75,0.0,1,26.07,1.97,SPY220218P00428000,428.0,0,0.0,0.0,,0.0,normalDay
2022-01-12,7219.0,2440.0,0.0,0,471.02,0.0,1,26.07,1.67,SPY220218P00428000,428.0,0,0.0,0.0,,0.0,normalDay
2022-01-13,7219.0,2346.0,0.0,0,464.53,0.0,1,26.07,2.61,SPY220218P00428000,428.0,0,0.0,0.0,,0.0,normalDay
2022-01-14,7219.0,2385.0,0.0,0,464.72,0.0,1,26.07,2.22,SPY220218P00428000,428.0,0,0.0,0.0,,0.0,normalDay
2022-01-18,7219.0,2242.0,0.0,0,456.49,0.0,1,26.07,3.65,SPY220218P00428000,428.0,0,0.0,0.0,,0.0,normalDay
2022-01-19,7219.0,2182.0,0.0,0,451.75,0.0,1,26.07,4.25,SPY220218P00428000,428.0,0,0.0,0.0,,0.0,normalDay
2022-01-20,7219.0,2044.0,0.0,0,446.75,0.0,1,26.07,5.63,SPY220218P00428000,428.0,0,0.0,0.0,,0.0,normalDay
2022-01-21,7219.0,1753.0,0.0,0,437.98,0.0,1,26.07,8.54,SPY220218P00428000,428.0,0,0.0,0.0,,0.0,normalDay
2022-01-24,7219.0,1755.0,0.0,0,439.84,0.0,1,26.07,8.52,SPY220218P00428000,428.0,0,0.0,0.0,,0.0,normalDay
2022-01-25,7219.0,1547.0,0.0,0,434.47,0.0,1,26.07,10.6,SPY220218P00428000,428.0,0,0.0,0.0,,0.0,normalDay
2022-01-26,7219.0,1567.0,0.0,0,433.38,0.0,1,26.07,10.4,SPY220218P00428000,428.0,0,0.0,0.0,,0.0,normalDay
2022-01-27,7219.0,1595.0,0.0,0,431.24,0.0,1,26.07,10.12,SPY220218P00428000,428.0,0,0.0,0.0,,0.0,normalDay
2022-01-28,7219.0,2009.0,0.0,0,441.95,0.0,1,26.07,5.98,SPY220218P00428000,428.0,0,0.0,0.0,,0.0,normalDay
2022-01-31,7219.0,2275.0,0.0,0,449.91,0.0,1,26.07,3.32,SPY220218P00428000,428.0,0,0.0,0.0,,0.0,normalDay
2022-02-01,7219.0,2413.0,0.0,0,452.95,0.0,1,26.07,1.94,SPY220218P00428000,428.0,0,0.0,0.0,,0.0,normalDay
2022-02-02,7219.0,2456.0,0.0,0,457.35,0.0,1,26.07,1.51,SPY220218P00428000,428.0,0,0.0,0.0,,0.0,normalDay
2022-02-03,7219.0,2355.0,0.0,0,446.6,0.0,1,26.07,2.52,SPY220218P00428000,428.0,0,0.0,0.0,,0.0,normalDay
2022-02-04,7219.0,2387.0,0.0,0,448.7,0.0,1,26.07,2.2,SPY220218P00428000,428.0,0,0.0,0.0,,0.0,normalDay
2022-02-07,7219.0,2452.0,0.0,0,447.26,0.0,1,26.07,1.55,SPY220218P00428000,428.0,0,0.0,0.0,,0.0,normalDay
2022-02-08,7219.0,2515.0,0.0,0,450.94,0.0,1,26.07,0.92,SPY220218P00428000,428.0,0,0.0,0.0,,0.0,normalDay
2022-02-09,7219.0,2567.0,0.0,0,457.54,0.0,1,26.07,0.4,SPY220218P00428000,428.0,0,0.0,0.0,,0.0,normalDay
2022-02-10,7219.0,2487.0,0.0,0,449.32,0.0,1,26.07,1.2,SPY220218P00428000,428.0,0,0.0,0.0,,0.0,normalDay
2022-02-11,7219.0,2354.0,0.0,0,440.46,0.0,1,26.07,2.53,SPY220218P00428000,428.0,0,0.0,0.0,,0.0,normalDay
2022-02-14,7219.0,2423.0,0.0,0,439.02,0.0,1,26.07,1.84,SPY220218P00428000,428.0,0,0.0,0.0,,0.0,normalDay
2022-02-15,7219.0,2547.0,0.0,0,446.1,0.0,1,26.07,0.6,SPY220218P00428000,428.0,0,0.0,0.0,,0.0,normalDay
2022-02-16,7219.0,2592.0,0.0,0,446.6,0.0,1,26.07,0.15,SPY220218P00428000,428.0,0,0.0,0.0,,0.0,normalDay
2022-02-17,7219.0,2558.0,0.0,0,437.06,0.0,1,26.07,0.49,SPY220218P00428000,428.0,0,0.0,0.0,,0.0,normalDay
2022-02-18,9826.0,0.0,2607.0,0,434.23,0.0,1,26.07,0.0,SPY220218P00428000,428.0,0,0.0,0.0,,0.0,expirationDay
2022-02-22,9826.0,-131.0,0.0,0,429.57,0.0,1,33.8,35.11,SPY220930P00440000,440.0,0,0.0,0.0,,0.0,normalDay
2022-02-23,9826.0,-607.0,0.0,0,421.95,0.0,1,33.8,39.87,SPY220930P00440000,440.0,0,0.0,0.0,,0.0,normalDay
2022-02-24,9826.0,-315.0,0.0,0,428.3,0.0,1,33.8,36.95,SPY220930P00440000,440.0,0,0.0,0.0,,0.0,normalDay
2022-02-25,9826.0,232.0,0.0,0,437.75,0.0,1,33.8,31.48,SPY220930P00440000,440.0,0,0.0,0.0,,0.0,normalDay
2022-02-28,9826.0,128.0,0.0,0,436.63,0.0,1,33.8,32.52,SPY220930P00440000,440.0,0,0.0,0.0,,0.0,normalDay
2022-03-01,9826.0,-315.0,0.0,0,429.98,0.0,1,33.8,36.95,SPY220930P00440000,440.0,0,0.0,0.0,,0.0,normalDay
2022-03-02,9826.0,101.0,0.0,0,437.89,0.0,1,33.8,32.79,SPY220930P00440000,440.0,0,0.0,0.0,,0.0,normalDay
2022-03-03,9826.0,25.0,0.0,0,435.71,0.0,1,33.8,33.55,SPY220930P00440000,440.0,0,0.0,0.0,,0.0,normalDay
2022-03-04,9826.0,-233.0,0.0,0,432.17,0.0,1,33.8,36.13,SPY220930P00440000,440.0,0,0.0,0.0,,0.0,normalDay
2022-03-07,9826.0,-1019.0,0.0,0,419.43,0.0,1,33.8,43.99,SPY220930P00440000,440.0,0,0.0,0.0,,0.0,normalDay
2022-03-08,9826.0,-1168.0,0.0,0,416.25,0.0,1,33.8,45.48,SPY220930P00440000,440.0,0,0.0,0.0,,0.0,normalDay
2022-03-09,9826.0,-537.0,0.0,0,427.41,0.0,1,33.8,39.17,SPY220930P00440000,440.0,0,0.0,0.0,,0.0,normalDay
2022-03-10,9826.0,-496.0,0.0,0,425.48,0.0,1,33.8,38.76,SPY220930P00440000,440.0,0,0.0,0.0,,0.0,normalDay
2022-03-11,9826.0,-795.0,0.0,0,420.07,0.0,1,33.8,41.75,SPY220930P00440000,440.0,0,0.0,0.0,,0.0,normalDay
2022-03-14,9826.0,-930.0,0.0,0,417.0,0.0,1,33.8,43.1,SPY220930P00440000,440.0,0,0.0,0.0,,0.0,normalDay
2022-03-15,9826.0,-457.0,0.0,0,426.17,0.0,1,33.8,38.37,SPY220930P00440000,440.0,0,0.0,0.0,,0.0,normalDay
2022-03-16,9826.0,158.0,0.0,0,435.62,0.0,1,33.8,32.22,SPY220930P00440000,440.0,0,0.0,0.0,,0.0,normalDay
2022-03-17,9826.0,435.0,0.0,0,441.07,0.0,1,33.8,29.45,SPY220930P00440000,440.0,0,0.0,0.0,,0.0,normalDay
2022-03-18,9826.0,750.0,0.0,0,444.52,0.0,1,33.8,26.3,SPY220930P00440000,440.0,0,0.0,0.0,,0.0,normalDay
2022-03-21,9826.0,778.0,0.0,0,444.39,0.0,1,33.8,26.02,SPY220930P00440000,440.0,0,0.0,0.0,,0.0,normalDay
2022-03-22,9826.0,1011.0,0.0,0,449.59,0.0,1,33.8,23.69,SPY220930P00440000,440.0,0,0.0,0.0,,0.0,normalDay
2022-03-23,9826.0,774.0,0.0,0,443.8,0.0,1,33.8,26.06,SPY220930P00440000,440.0,0,0.0,0.0,,0.0,normalDay
2022-03-24,9826.0,1055.0,0.0,0,450.49,0.0,1,33.8,23.25,SPY220930P00440000,440.0,0,0.0,0.0,,0.0,normalDay
2022-03-25,9826.0,1148.0,0.0,0,452.69,0.0,1,33.8,22.32,SPY220930P00440000,440.0,0,0.0,0.0,,0.0,normalDay
2022-03-28,9826.0,1306.0,0.0,0,455.91,0.0,1,33.8,20.74,SPY220930P00440000,440.0,0,0.0,0.0,,0.0,normalDay
2022-03-29,9826.0,1493.0,0.0,0,461.55,0.0,1,33.8,18.87,SPY220930P00440000,440.0,0,0.0,0.0,,0.0,normalDay
2022-03-30,9826.0,1406.0,0.0,0,458.7,0.0,1,33.8,19.74,SPY220930P00440000,440.0,0,0.0,0.0,,0.0,normalDay
2022-03-31,9826.0,1148.0,0.0,0,451.64,0.0,1,33.8,22.32,SPY220930P00440000,440.0,0,0.0,0.0,,0.0,normalDay
2022-04-01,9826.0,1228.0,0.0,0,452.92,0.0,1,33.8,21.52,SPY220930P00440000,440.0,0,0.0,0.0,,0.0,normalDay
2022-04-04,9826.0,1424.0,0.0,0,456.8,0.0,1,33.8,19.56,SPY220930P00440000,440.0,0,0.0,0.0,,0.0,normalDay
2022-04-05,9826.0,1185.0,0.0,0,451.03,0.0,1,33.8,21.95,SPY220930P00440000,440.0,0,0.0,0.0,,0.0,normalDay
2022-04-06,9826.0,978.0,0.0,0,446.52,0.0,1,33.8,24.02,SPY220930P00440000,440.0,0,0.0,0.0,,0.0,normalDay
2022-04-07,9826.0,1069.0,0.0,0,448.77,0.0,1,33.8,23.11,SPY220930P00440000,440.0,0,0.0,0.0,,0.0,normalDay
2022-04-08,9826.0,1051.0,0.0,0,447.57,0.0,1,33.8,23.29,SPY220930P00440000,440.0,0,0.0,0.0,,0.0,normalDay
2022-04-11,9826.0,706.0,0.0,0,439.92,0.0,1,33.8,26.74,SPY220930P00440000,440.0,0,0.0,0.0,,0.0,normalDay
2022-04-12,9826.0,639.0,0.0,0,438.29,0.0,1,33.8,27.41,SPY220930P00440000,440.0,0,0.0,0.0,,0.0,normalDay
2022-04-13,9826.0,928.0,0.0,0,443.31,0.0,1,33.8,24.52,SPY220930P00440000,440.0,0,0.0,0.0,,0.0,normalDay
2022-04-14,9826.0,687.0,0.0,0,437.79,0.0,1,33.8,26.93,SPY220930P00440000,440.0,0,0.0,0.0,,0.0,normalDay
2022-04-18,9826.0,798.0,0.0,0,437.97,0.0,1,33.8,25.82,SPY220930P00440000,440.0,0,0.0,0.0,,0.0,normalDay
2022-04-19,9826.0,991.0,0.0,0,445.04,0.0,1,33.8,23.89,SPY220930P00440000,440.0,0,0.0,0.0,,0.0,normalDay
2022-04-20,9826.0,1135.0,0.0,0,444.71,0.0,1,33.8,22.45,SPY220930P00440000,440.0,0,0.0,0.0,,0.0,normalDay
2022-04-21,9826.0,739.0,0.0,0,438.06,0.0,1,33.8,26.41,SPY220930P00440000,440.0,0,0.0,0.0,,0.0,normalDay
2022-04-22,9826.0,-30.0,0.0,0,426.04,0.0,1,33.8,34.1,SPY220930P00440000,440.0,0,0.0,0.0,,0.0,normalDay
2022-04-25,9826.0,230.0,0.0,0,428.51,0.0,1,33.8,31.5,SPY220930P00440000,440.0,0,0.0,0.0,,0.0,normalDay
2022-04-26,9826.0,-690.0,0.0,0,416.1,0.0,1,33.8,40.7,SPY220930P00440000,440.0,0,0.0,0.0,,0.0,normalDay
2022-04-27,9826.0,-393.0,0.0,0,417.27,0.0,1,33.8,37.73,SPY220930P00440000,440.0,0,0.0,0.0,,0.0,normalDay
2022-04-28,9826.0,31.0,0.0,0,427.81,0.0,1,33.8,33.49,SPY220930P00440000,440.0,0,0.0,0.0,,0.0,normalDay
2022-04-29,9826.0,-719.0,0.0,0,412.0,0.0,1,33.8,40.99,SPY220930P00440000,440.0,0,0.0,0.0,,0.0,normalDay
2022-05-02,9826.0,-556.0,0.0,0,414.48,0.0,1,33.8,39.36,SPY220930P00440000,440.0,0,0.0,0.0,,0.0,normalDay
2022-05-03,9826.0,-328.0,0.0,0,416.38,0.0,1,33.8,37.08,SPY220930P00440000,440.0,0,0.0,0.0,,0.0,normalDay
2022-05-04,9826.0,393.0,0.0,0,429.06,0.0,1,33.8,29.87,SPY220930P00440000,440.0,0,0.0,0.0,,0.0,normalDay
2022-05-05,9826.0,-611.0,0.0,0,413.81,0.0,1,33.8,39.91,SPY220930P00440000,440.0,0,0.0,0.0,,0.0,normalDay
2022-05-06,9826.0,-831.0,0.0,0,411.34,0.0,1,33.8,42.11,SPY220930P00440000,440.0,0,0.0,0.0,,0.0,normalDay
2022-05-09,9826.0,-1615.0,0.0,0,398.17,0.0,1,33.8,49.95,SPY220930P00440000,440.0,0,0.0,0.0,,0.0,normalDay
2022-05-10,9826.0,-1565.0,0.0,0,399.09,0.0,1,33.8,49.45,SPY220930P00440000,440.0,0,0.0,0.0,,0.0,normalDay
2022-05-11,9826.0,-2025.0,0.0,0,392.75,0.0,1,33.8,54.05,SPY220930P00440000,440.0,0,0.0,0.0,,0.0,normalDay
2022-05-12,9826.0,-2062.0,0.0,0,392.34,0.0,1,33.8,54.42,SPY220930P00440000,440.0,0,0.0,0.0,,0.0,normalDay
2022-05-13,9826.0,-1347.0,0.0,0,401.72,0.0,1,33.8,47.27,SPY220930P00440000,440.0,0,0.0,0.0,,0.0,normalDay
2022-05-16,9826.0,-1397.0,0.0,0,400.09,0.0,1,33.8,47.77,SPY220930P00440000,440.0,0,0.0,0.0,,0.0,normalDay
2022-05-17,9826.0,-752.0,0.0,0,408.32,0.0,1,33.8,41.32,SPY220930P00440000,440.0,0,0.0,0.0,,0.0,normalDay
2022-05-18,9826.0,-2124.0,0.0,0,391.86,0.0,1,33.8,55.04,SPY220930P00440000,440.0,0,0.0,0.0,,0.0,normalDay
2022-05-19,9826.0,-2234.0,0.0,0,389.46,0.0,1,33.8,56.14,SPY220930P00440000,440.0,0,0.0,0.0,,0.0,normalDay
2022-05-20,9826.0,-2234.0,0.0,0,389.63,0.0,1,33.8,56.14,SPY220930P00440000,440.0,0,0.0,0.0,,0.0,normalDay
2022-05-23,9826.0,-1581.0,0.0,0,396.92,0.0,1,33.8,49.61,SPY220930P00440000,440.0,0,0.0,0.0,,0.0,normalDay
2022-05-24,9826.0,-1833.0,0.0,0,393.89,0.0,1,33.8,52.13,SPY220930P00440000,440.0,0,0.0,0.0,,0.0,normalDay
2022-05-25,9826.0,-1580.0,0.0,0,397.37,0.0,1,33.8,49.6,SPY220930P00440000,440.0,0,0.0,0.0,,0.0,normalDay
2022-05-26,9826.0,-1023.0,0.0,0,405.31,0.0,1,33.8,44.03,SPY220930P00440000,440.0,0,0.0,0.0,,0.0,normalDay
2022-05-27,9826.0,-363.0,0.0,0,415.26,0.0,1,33.8,37.43,SPY220930P00440000,440.0,0,0.0,0.0,,0.0,normalDay
2022-05-31,9826.0,-393.0,0.0,0,412.93,0.0,1,33.8,37.73,SPY220930P00440000,440.0,0,0.0,0.0,,0.0,normalDay
2022-06-01,9826.0,-576.0,0.0,0,409.59,0.0,1,33.8,39.56,SPY220930P00440000,440.0,0,0.0,0.0,,0.0,normalDay
2022-06-02,9826.0,-19.0,0.0,0,417.39,0.0,1,33.8,33.99,SPY220930P00440000,440.0,0,0.0,0.0,,0.0,normalDay
2022-06-03,9826.0,-472.0,0.0,0,410.54,0.0,1,33.8,38.52,SPY220930P00440000,440.0,0,0.0,0.0,,0.0,normalDay
2022-06-06,9826.0,-372.0,0.0,0,411.79,0.0,1,33.8,37.52,SPY220930P00440000,440.0,0,0.0,0.0,,0.0,normalDay
2022-06-07,9826.0,-114.0,0.0,0,415.74,0.0,1,33.8,34.94,SPY220930P00440000,440.0,0,0.0,0.0,,0.0,normalDay
2022-06-08,9826.0,-378.0,0.0,0,411.22,0.0,1,33.8,37.58,SPY220930P00440000,440.0,0,0.0,0.0,,0.0,normalDay
2022-06-09,9826.0,-1130.0,0.0,0,401.44,0.0,1,33.8,45.1,SPY220930P00440000,440.0,0,0.0,0.0,,0.0,normalDay
2022-06-10,9826.0,-2069.0,0.0,0,389.8,0.0,1,33.8,54.49,SPY220930P00440000,440.0,0,0.0,0.0,,0.0,normalDay
2022-06-13,9826.0,-3448.0,0.0,0,375.0,0.0,1,33.8,68.28,SPY220930P00440000,440.0,0,0.0,0.0,,0.0,normalDay
2022-06-14,9826.0,-3622.0,0.0,0,373.87,0.0,1,33.8,70.02,SPY220930P00440000,440.0,0,0.0,0.0,,0.0,normalDay
2022-06-15,9826.0,-3044.0,0.0,0,379.2,0.0,1,33.8,64.24,SPY220930P00440000,440.0,0,0.0,0.0,,0.0,normalDay
2022-06-16,9826.0,-4159.0,0.0,0,366.65,0.0,1,33.8,75.39,SPY220930P00440000,440.0,0,0.0,0.0,,0.0,normalDay
2022-06-17,9826.0,-4063.0,0.0,0,365.86,0.0,1,33.8,74.43,SPY220930P00440000,440.0,0,0.0,0.0,,0.0,normalDay
2022-06-21,9826.0,-3234.0,0.0,0,375.07,0.0,1,33.8,66.14,SPY220930P00440000,440.0,0,0.0,0.0,,0.0,normalDay
2022-06-22,9826.0,-3265.0,0.0,0,374.39,0.0,1,33.8,66.45,SPY220930P00440000,440.0,0,0.0,0.0,,0.0,normalDay
2022-06-23,9826.0,-3052.0,0.0,0,378.06,0.0,1,33.8,64.32,SPY220930P00440000,440.0,0,0.0,0.0,,0.0,normalDay
2022-06-24,9826.0,-1956.0,0.0,0,390.08,0.0,1,33.8,53.36,SPY220930P00440000,440.0,0,0.0,0.0,,0.0,normalDay
2022-06-27,9826.0,-1921.0,0.0,0,388.59,0.0,1,33.8,53.01,SPY220930P00440000,440.0,0,0.0,0.0,,0.0,normalDay
2022-06-28,9826.0,-2707.0,0.0,0,380.65,0.0,1,33.8,60.87,SPY220930P00440000,440.0,0,0.0,0.0,,0.0,normalDay
2022-06-29,9826.0,-2694.0,0.0,0,380.34,0.0,1,33.8,60.74,SPY220930P00440000,440.0,0,0.0,0.0,,0.0,normalDay
2022-06-30,9826.0,-3085.0,0.0,0,377.25,0.0,1,33.8,64.65,SPY220930P00440000,440.0,0,0.0,0.0,,0.0,normalDay
2022-07-01,9826.0,-2659.0,0.0,0,381.24,0.0,1,33.8,60.39,SPY220930P00440000,440.0,0,0.0,0.0,,0.0,normalDay
2022-07-05,9826.0,-2615.0,0.0,0,381.96,0.0,1,33.8,59.95,SPY220930P00440000,440.0,0,0.0,0.0,,0.0,normalDay
2022-07-06,9826.0,-2409.0,0.0,0,383.25,0.0,1,33.8,57.89,SPY220930P00440000,440.0,0,0.0,0.0,,0.0,normalDay
2022-07-07,9826.0,-1927.0,0.0,0,388.99,0.0,1,33.8,53.07,SPY220930P00440000,440.0,0,0.0,0.0,,0.0,normalDay
2022-07-08,9826.0,-1886.0,0.0,0,388.67,0.0,1,33.8,52.66,SPY220930P00440000,440.0,0,0.0,0.0,,0.0,normalDay
2022-07-11,9826.0,-2292.0,0.0,0,384.23,0.0,1,33.8,56.72,SPY220930P00440000,440.0,0,0.0,0.0,,0.0,normalDay
2022-07-12,9826.0,-2674.0,0.0,0,380.83,0.0,1,33.8,60.54,SPY220930P00440000,440.0,0,0.0,0.0,,0.0,normalDay
2022-07-13,9826.0,-2859.0,0.0,0,378.83,0.0,1,33.8,62.39,SPY220930P00440000,440.0,0,0.0,0.0,,0.0,normalDay
2022-07-14,9826.0,-2908.0,0.0,0,377.91,0.0,1,33.8,62.88,SPY220930P00440000,440.0,0,0.0,0.0,,0.0,normalDay
2022-07-15,9826.0,-2217.0,0.0,0,385.13,0.0,1,33.8,55.97,SPY220930P00440000,440.0,0,0.0,0.0,,0.0,normalDay
2022-07-18,9826.0,-2504.0,0.0,0,381.95,0.0,1,33.8,58.84,SPY220930P00440000,440.0,0,0.0,0.0,,0.0,normalDay
2022-07-19,9826.0,-1519.0,0.0,0,392.27,0.0,1,33.8,48.99,SPY220930P00440000,440.0,0,0.0,0.0,,0.0,normalDay
2022-07-20,9826.0,-1318.0,0.0,0,394.77,0.0,1,33.8,46.98,SPY220930P00440000,440.0,0,0.0,0.0,,0.0,normalDay
2022-07-21,9826.0,-1006.0,0.0,0,398.79,0.0,1,33.8,43.86,SPY220930P00440000,440.0,0,0.0,0.0,,0.0,normalDay
2022-07-22,9826.0,-1347.0,0.0,0,395.09,0.0,1,33.8,47.27,SPY220930P00440000,440.0,0,0.0,0.0,,0.0,normalDay
2022-07-25,9826.0,-1199.0,0.0,0,395.57,0.0,1,33.8,45.79,SPY220930P00440000,440.0,0,0.0,0.0,,0.0,normalDay
2022-07-26,9826.0,-1592.0,0.0,0,390.89,0.0,1,33.8,49.72,SPY220930P00440000,440.0,0,0.0,0.0,,0.0,normalDay
2022-07-27,9826.0,-794.0,0.0,0,401.04,0.0,1,33.8,41.74,SPY220930P00440000,440.0,0,0.0,0.0,,0.0,normalDay
2022-07-28,9826.0,-196.0,0.0,0,406.07,0.0,1,33.8,35.76,SPY220930P00440000,440.0,0,0.0,0.0,,0.0,normalDay
2022-07-29,9826.0,228.0,0.0,0,411.99,0.0,1,33.8,31.52,SPY220930P00440000,440.0,0,0.0,0.0,,0.0,normalDay
2022-08-01,9826.0,131.0,0.0,0,410.77,0.0,1,33.8,32.49,SPY220930P00440000,440.0,0,0.0,0.0,,0.0,normalDay
2022-08-02,9826.0,-139.0,0.0,0,408.06,0.0,1,33.8,35.19,SPY220930P00440000,440.0,0,0.0,0.0,,0.0,normalDay
2022-08-03,9826.0,417.0,0.0,0,414.45,0.0,1,33.8,29.63,SPY220930P00440000,440.0,0,0.0,0.0,,0.0,normalDay
2022-08-04,9826.0,444.0,0.0,0,414.17,0.0,1,33.8,29.36,SPY220930P00440000,440.0,0,0.0,0.0,,0.0,normalDay
2022-08-05,9826.0,380.0,0.0,0,413.47,0.0,1,33.8,30.0,SPY220930P00440000,440.0,0,0.0,0.0,,0.0,normalDay
2022-08-08,9826.0,403.0,0.0,0,412.99,0.0,1,33.8,29.77,SPY220930P00440000,440.0,0,0.0,0.0,,0.0,normalDay
2022-08-09,9826.0,278.0,0.0,0,411.35,0.0,1,33.8,31.02,SPY220930P00440000,440.0,0,0.0,0.0,,0.0,normalDay
2022-08-10,9826.0,948.0,0.0,0,419.99,0.0,1,33.8,24.32,SPY220930P00440000,440.0,0,0.0,0.0,,0.0,normalDay
2022-08-11,9826.0,1007.0,0.0,0,419.99,0.0,1,33.8,23.73,SPY220930P00440000,440.0,0,0.0,0.0,,0.0,normalDay
2022-08-12,9826.0,1462.0,0.0,0,427.1,0.0,1,33.8,19.18,SPY220930P00440000,440.0,0,0.0,0.0,,0.0,normalDay
2022-08-15,9826.0,1609.0,0.0,0,428.86,0.0,1,33.8,17.71,SPY220930P00440000,440.0,0,0.0,0.0,,0.0,normalDay
2022-08-16,9826.0,1674.0,0.0,0,429.7,0.0,1,33.8,17.06,SPY220930P00440000,440.0,0,0.0,0.0,,0.0,normalDay
2022-08-17,9826.0,1482.0,0.0,0,426.65,0.0,1,33.8,18.98,SPY220930P00440000,440.0,0,0.0,0.0,,0.0,normalDay
2022-08-18,9826.0,1603.0,0.0,0,427.89,0.0,1,33.8,17.77,SPY220930P00440000,440.0,0,0.0,0.0,,0.0,normalDay
2022-08-19,9826.0,1196.0,0.0,0,422.14,0.0,1,33.8,21.84,SPY220930P00440000,440.0,0,0.0,0.0,,0.0,normalDay
2022-08-22,9826.0,482.0,0.0,0,413.35,0.0,1,33.8,28.98,SPY220930P00440000,440.0,0,0.0,0.0,,0.0,normalDay
2022-08-23,9826.0,340.0,0.0,0,412.35,0.0,1,33.8,30.4,SPY220930P00440000,440.0,0,0.0,0.0,,0.0,normalDay
2022-08-24,9826.0,530.0,0.0,0,413.67,0.0,1,33.8,28.5,SPY220930P00440000,440.0,0,0.0,0.0,,0.0,normalDay
2022-08-25,9826.0,989.0,0.0,0,419.51,0.0,1,33.8,23.91,SPY220930P00440000,440.0,0,0.0,0.0,,0.0,normalDay
2022-08-26,9826.0,-313.0,0.0,0,405.31,0.0,1,33.8,36.93,SPY220930P00440000,440.0,0,0.0,0.0,,0.0,normalDay
2022-08-29,9826.0,-521.0,0.0,0,402.63,0.0,1,33.8,39.01,SPY220930P00440000,440.0,0,0.0,0.0,,0.0,normalDay
2022-08-30,9826.0,-943.0,0.0,0,398.21,0.0,1,33.8,43.23,SPY220930P00440000,440.0,0,0.0,0.0,,0.0,normalDay
2022-08-31,9826.0,-1220.0,0.0,0,395.18,0.0,1,33.8,46.0,SPY220930P00440000,440.0,0,0.0,0.0,,0.0,normalDay
2022-09-01,9826.0,-1127.0,0.0,0,396.42,0.0,1,33.8,45.07,SPY220930P00440000,440.0,0,0.0,0.0,,0.0,normalDay
2022-09-02,9826.0,-1550.0,0.0,0,392.24,0.0,1,33.8,49.3,SPY220930P00440000,440.0,0,0.0,0.0,,0.0,normalDay
2022-09-06,9826.0,-1783.0,0.0,0,390.76,0.0,1,33.8,51.63,SPY220930P00440000,440.0,0,0.0,0.0,,0.0,normalDay
2022-09-07,9826.0,-1081.0,0.0,0,397.78,0.0,1,33.8,44.61,SPY220930P00440000,440.0,0,0.0,0.0,,0.0,normalDay
2022-09-08,9826.0,-703.0,0.0,0,400.38,0.0,1,33.8,40.83,SPY220930P00440000,440.0,0,0.0,0.0,,0.0,normalDay
2022-09-09,9826.0,-174.0,0.0,0,406.6,0.0,1,33.8,35.54,SPY220930P00440000,440.0,0,0.0,0.0,,0.0,normalDay
2022-09-12,9826.0,300.0,0.0,0,410.97,0.0,1,33.8,30.8,SPY220930P00440000,440.0,0,0.0,0.0,,0.0,normalDay
2022-09-13,9826.0,-1448.0,0.0,0,393.1,0.0,1,33.8,48.28,SPY220930P00440000,440.0,0,0.0,0.0,,0.0,normalDay
2022-09-14,9826.0,-1346.0,0.0,0,394.6,0.0,1,33.8,47.26,SPY220930P00440000,440.0,0,0.0,0.0,,0.0,normalDay
2022-09-15,9826.0,-1717.0,0.0,0,390.12,0.0,1,33.8,50.97,SPY220930P00440000,440.0,0,0.0,0.0,,0.0,normalDay
2022-09-16,9826.0,-2044.0,0.0,0,385.56,0.0,1,33.8,54.24,SPY220930P00440000,440.0,0,0.0,0.0,,0.0,normalDay
2022-09-19,9826.0,-1795.0,0.0,0,388.55,0.0,1,33.8,51.75,SPY220930P00440000,440.0,0,0.0,0.0,,0.0,normalDay
2022-09-20,9826.0,-2163.0,0.0,0,384.09,0.0,1,33.8,55.43,SPY220930P00440000,440.0,0,0.0,0.0,,0.0,normalDay
2022-09-21,9826.0,-2894.0,0.0,0,377.39,0.0,1,33.8,62.74,SPY220930P00440000,440.0,0,0.0,0.0,,0.0,normalDay
2022-09-22,9826.0,-3168.0,0.0,0,374.22,0.0,1,33.8,65.48,SPY220930P00440000,440.0,0,0.0,0.0,,0.0,normalDay
2022-09-23,9826.0,-3873.0,0.0,0,367.95,0.0,1,33.8,72.53,SPY220930P00440000,440.0,0,0.0,0.0,,0.0,normalDay
2022-09-26,9826.0,-4264.0,0.0,0,364.31,0.0,1,33.8,76.44,SPY220930P00440000,440.0,0,0.0,0.0,,0.0,normalDay
2022-09-27,9826.0,-4300.0,0.0,0,363.38,0.0,1,33.8,76.8,SPY220930P00440000,440.0,0,0.0,0.0,,0.0,normalDay
2022-09-28,9826.0,-3586.0,0.0,0,370.53,0.0,1,33.8,69.66,SPY220930P00440000,440.0,0,0.0,0.0,,0.0,normalDay
2022-09-29,9826.0,-4339.0,0.0,0,362.79,0.0,1,33.8,77.19,SPY220930P00440000,440.0,0,0.0,0.0,,0.0,normalDay
2022-09-30,13206.0,-8282.0,3380.0,100,357.18,440.0,1,33.8,0.0,SPY220930P00440000,440.0,0,0.0,0.0,,0.0,expirationDay
2022-10-03,13206.0,-7342.0,0.0,100,366.61,440.0,0,0.0,0.0,,0.0,1,0.38,0.41,SPY221104C00414000,414.0,normalDay
2022-10-04,13206.0,-6266.0,0.0,100,377.97,440.0,0,0.0,0.0,,0.0,1,0.38,1.01,SPY221104C00414000,414.0,normalDay
2022-10-05,13206.0,-6336.0,0.0,100,377.09,440.0,0,0.0,0.0,,0.0,1,0.38,0.83,SPY221104C00414000,414.0,normalDay
2022-10-06,13206.0,-6703.0,0.0,100,373.2,440.0,0,0.0,0.0,,0.0,1,0.38,0.61,SPY221104C00414000,414.0,normalDay
2022-10-07,13206.0,-7705.0,0.0,100,362.79,440.0,0,0.0,0.0,,0.0,1,0.38,0.22,SPY221104C00414000,414.0,normalDay
2022-10-10,13206.0,-7979.0,0.0,100,360.02,440.0,0,0.0,0.0,,0.0,1,0.38,0.19,SPY221104C00414000,414.0,normalDay
2022-10-11,13206.0,-8206.0,0.0,100,357.74,440.0,0,0.0,0.0,,0.0,1,0.38,0.18,SPY221104C00414000,414.0,normalDay
2022-10-12,13206.0,-8322.0,0.0,100,356.56,440.0,0,0.0,0.0,,0.0,1,0.38,0.16,SPY221104C00414000,414.0,normalDay
2022-10-13,13206.0,-7400.0,0.0,100,365.97,440.0,0,0.0,0.0,,0.0,1,0.38,0.35,SPY221104C00414000,414.0,normalDay
2022-10-14,13206.0,-8212.0,0.0,100,357.63,440.0,0,0.0,0.0,,0.0,1,0.38,0.13,SPY221104C00414000,414.0,normalDay
2022-10-17,13206.0,-7301.0,0.0,100,366.82,440.0,0,0.0,0.0,,0.0,1,0.38,0.21,SPY221104C00414000,414.0,normalDay
2022-10-18,13206.0,-6878.0,0.0,100,371.13,440.0,0,0.0,0.0,,0.0,1,0.38,0.29,SPY221104C00414000,414.0,normalDay
2022-10-19,13206.0,-7131.0,0.0,100,368.5,440.0,0,0.0,0.0,,0.0,1,0.38,0.19,SPY221104C00414000,414.0,normalDay
2022-10-20,13206.0,-7430.0,0.0,100,365.41,440.0,0,0.0,0.0,,0.0,1,0.38,0.09,SPY221104C00414000,414.0,normalDay
2022-10-21,13206.0,-6559.0,0.0,100,374.29,440.0,0,0.0,0.0,,0.0,1,0.38,0.26,SPY221104C00414000,414.0,normalDay
2022-10-24,13206.0,-6109.0,0.0,100,378.87,440.0,0,0.0,0.0,,0.0,1,0.38,0.34,SPY221104C00414000,414.0,normalDay
2022-10-25,13206.0,-5505.0,0.0,100,384.92,440.0,0,0.0,0.0,,0.0,1,0.38,0.35,SPY221104C00414000,414.0,normalDay
2022-10-26,13206.0,-5779.0,0.0,100,382.02,440.0,0,0.0,0.0,,0.0,1,0.38,0.19,SPY221104C00414000,414.0,normalDay
2022-10-27,13206.0,-5970.0,0.0,100,379.98,440.0,0,0.0,0.0,,0.0,1,0.38,0.06,SPY221104C00414000,414.0,normalDay
2022-10-28,13206.0,-5080.0,0.0,100,389.02,440.0,0,0.0,0.0,,0.0,1,0.38,0.2,SPY221104C00414000,414.0,normalDay
2022-10-31,13206.0,-5348.0,0.0,100,386.21,440.0,0,0.0,0.0,,0.0,1,0.38,0.07,SPY221104C00414000,414.0,normalDay
2022-11-01,13206.0,-5515.0,0.0,100,384.52,440.0,0,0.0,0.0,,0.0,1,0.38,0.05,SPY221104C00414000,414.0,normalDay
2022-11-02,13206.0,-6476.0,0.0,100,374.87,440.0,0,0.0,0.0,,0.0,1,0.38,0.01,SPY221104C00414000,414.0,normalDay
2022-11-03,13206.0,-6862.0,0.0,100,371.01,440.0,0,0.0,0.0,,0.0,1,0.38,0.01,SPY221104C00414000,414.0,normalDay
2022-11-04,13244.0,-6365.0,38.0,100,376.35,440.0,0,0.0,0.0,,0.0,1,0.38,0.0,SPY221104C00414000,414.0,expirationDay
2022-11-07,13244.0,-6010.0,0.0,100,379.95,440.0,0,0.0,0.0,,0.0,1,5.31,5.36,SPY221209C00393000,393.0,normalDay
2022-11-08,13244.0,-5869.0,0.0,100,382.0,440.0,0,0.0,0.0,,0.0,1,5.31,6.0,SPY221209C00393000,393.0,normalDay
2022-11-09,13244.0,-6415.0,0.0,100,374.13,440.0,0,0.0,0.0,,0.0,1,5.31,3.59,SPY221209C00393000,393.0,normalDay
2022-11-10,13244.0,-5164.0,0.0,100,394.69,440.0,0,0.0,0.0,,0.0,1,5.31,11.64,SPY221209C00393000,393.0,normalDay
2022-11-11,13244.0,-4917.0,0.0,100,398.51,440.0,0,0.0,0.0,,0.0,1,5.31,12.99,SPY221209C00393000,393.0,normalDay
2022-11-14,13244.0,-5051.0,0.0,100,395.12,440.0,0,0.0,0.0,,0.0,1,5.31,10.94,SPY221209C00393000,393.0,normalDay
2022-11-15,13244.0,-4893.0,0.0,100,398.49,440.0,0,0.0,0.0,,0.0,1,5.31,12.73,SPY221209C00393000,393.0,normalDay
2022-11-16,13244.0,-4966.0,0.0,100,395.45,440.0,0,0.0,0.0,,0.0,1,5.31,10.42,SPY221209C00393000,393.0,normalDay
2022-11-17,13244.0,-4969.0,0.0,100,394.24,440.0,0,0.0,0.0,,0.0,1,5.31,9.24,SPY221209C00393000,393.0,normalDay
2022-11-18,13244.0,-4820.0,0.0,100,396.03,440.0,0,0.0,0.0,,0.0,1,5.31,9.54,SPY221209C00393000,393.0,normalDay
2022-11-21,13244.0,-4818.0,0.0,100,394.59,440.0,0,0.0,0.0,,0.0,1,5.31,8.08,SPY221209C00393000,393.0,normalDay
2022-11-22,13244.0,-4570.0,0.0,100,399.9,440.0,0,0.0,0.0,,0.0,1,5.31,10.91,SPY221209C00393000,393.0,normalDay
2022-11-23,13244.0,-4461.0,0.0,100,402.42,440.0,0,0.0,0.0,,0.0,1,5.31,12.34,SPY221209C00393000,393.0,normalDay
2022-11-25,13244.0,-4641.0,0.0,100,402.33,440.0,0,0.0,0.0,,0.0,1,5.31,14.05,SPY221209C00393000,393.0,normalDay
2022-11-28,13244.0,-4617.0,0.0,100,395.91,440.0,0,0.0,0.0,,0.0,1,5.31,7.39,SPY221209C00393000,393.0,normalDay
2022-11-29,13244.0,-4614.0,0.0,100,395.23,440.0,0,0.0,0.0,,0.0,1,5.31,6.68,SPY221209C00393000,393.0,normalDay
2022-11-30,13244.0,-4301.0,0.0,100,407.68,440.0,0,0.0,0.0,,0.0,1,5.31,16.0,SPY221209C00393000,393.0,normalDay
2022-12-01,13244.0,-4225.0,0.0,100,407.38,440.0,0,0.0,0.0,,0.0,1,5.31,14.94,SPY221209C00393000,393.0,normalDay
2022-12-02,13244.0,-4184.0,0.0,100,406.91,440.0,0,0.0,0.0,,0.0,1,5.31,14.06,SPY221209C00393000,393.0,normalDay
2022-12-05,13244.0,-4299.0,0.0,100,399.59,440.0,0,0.0,0.0,,0.0,1,5.31,7.89,SPY221209C00393000,393.0,normalDay
2022-12-06,13244.0,-4462.0,0.0,100,393.83,440.0,0,0.0,0.0,,0.0,1,5.31,3.76,SPY221209C00393000,393.0,normalDay
2022-12-07,13244.0,-4436.0,0.0,100,393.16,440.0,0,0.0,0.0,,0.0,1,5.31,2.83,SPY221209C00393000,393.0,normalDay
2022-12-08,13244.0,-4264.0,0.0,100,396.24,440.0,0,0.0,0.0,,0.0,1,5.31,4.19,SPY221209C00393000,393.0,normalDay
2022-12-09,9075.0,-4264.0,-4169.0,0,393.28,0.0,0,0.0,0.0,,0.0,1,5.31,0.0,SPY221209C00393000,393.0,expirationDay
2022-12-12,9075.0,-51.0,0.0,0,398.95,0.0,1,23.52,24.03,SPY230630P00396000,396.0,0,0.0,0.0,,0.0,normalDay
2022-12-13,9075.0,152.0,0.0,0,401.97,0.0,1,23.52,22.0,SPY230630P00396000,396.0,0,0.0,0.0,,0.0,normalDay
2022-12-14,9075.0,67.0,0.0,0,399.4,0.0,1,23.52,22.85,SPY230630P00396000,396.0,0,0.0,0.0,,0.0,normalDay
2022-12-15,9075.0,-357.0,0.0,0,389.63,0.0,1,23.52,27.09,SPY230630P00396000,396.0,0,0.0,0.0,,0.0,normalDay
2022-12-16,9075.0,-597.0,0.0,0,383.27,0.0,1,23.52,29.49,SPY230630P00396000,396.0,0,0.0,0.0,,0.0,normalDay
2022-12-19,9075.0,-733.0,0.0,0,380.02,0.0,1,23.52,30.85,SPY230630P00396000,396.0,0,0.0,0.0,,0.0,normalDay
2022-12-20,9075.0,-644.0,0.0,0,380.54,0.0,1,23.52,29.96,SPY230630P00396000,396.0,0,0.0,0.0,,0.0,normalDay
2022-12-21,9075.0,-303.0,0.0,0,386.23,0.0,1,23.52,26.55,SPY230630P00396000,396.0,0,0.0,0.0,,0.0,normalDay
2022-12-22,9075.0,-650.0,0.0,0,380.72,0.0,1,23.52,30.02,SPY230630P00396000,396.0,0,0.0,0.0,,0.0,normalDay
2022-12-23,9075.0,-505.0,0.0,0,382.91,0.0,1,23.52,28.57,SPY230630P00396000,396.0,0,0.0,0.0,,0.0,normalDay
2022-12-27,9075.0,-602.0,0.0,0,381.4,0.0,1,23.52,29.54,SPY230630P00396000,396.0,0,0.0,0.0,,0.0,normalDay
2022-12-28,9075.0,-806.0,0.0,0,376.66,0.0,1,23.52,31.58,SPY230630P00396000,396.0,0,0.0,0.0,,0.0,normalDay
2022-12-29,9075.0,-439.0,0.0,0,383.44,0.0,1,23.52,27.91,SPY230630P00396000,396.0,0,0.0,0.0,,0.0,normalDay
2022-12-30,9075.0,-473.0,0.0,0,382.43,0.0,1,23.52,28.25,SPY230630P00396000,396.0,0,0.0,0.0,,0.0,normalDay
2023-01-03,9075.0,-561.0,0.0,0,380.82,0.0,1,23.52,29.13,SPY230630P00396000,396.0,0,0.0,0.0,,0.0,normalDay
2023-01-04,9075.0,-331.0,0.0,0,383.76,0.0,1,23.52,26.83,SPY230630P00396000,396.0,0,0.0,0.0,,0.0,normalDay
2023-01-05,9075.0,-542.0,0.0,0,379.38,0.0,1,23.52,28.94,SPY230630P00396000,396.0,0,0.0,0.0,,0.0,normalDay
2023-01-06,9075.0,-41.0,0.0,0,388.08,0.0,1,23.52,23.93,SPY230630P00396000,396.0,0,0.0,0.0,,0.0,normalDay
2023-01-09,9075.0,-61.0,0.0,0,387.86,0.0,1,23.52,24.13,SPY230630P00396000,396.0,0,0.0,0.0,,0.0,normalDay
2023-01-10,9075.0,138.0,0.0,0,390.58,0.0,1,23.52,22.14,SPY230630P00396000,396.0,0,0.0,0.0,,0.0,normalDay
2023-01-11,9075.0,339.0,0.0,0,395.52,0.0,1,23.52,20.13,SPY230630P00396000,396.0,0,0.0,0.0,,0.0,normalDay
2023-01-12,9075.0,490.0,0.0,0,396.96,0.0,1,23.52,18.62,SPY230630P00396000,396.0,0,0.0,0.0,,0.0,normalDay
2023-01-13,9075.0,591.0,0.0,0,398.5,0.0,1,23.52,17.61,SPY230630P00396000,396.0,0,0.0,0.0,,0.0,normalDay
2023-01-17,9075.0,586.0,0.0,0,397.77,0.0,1,23.52,17.66,SPY230630P00396000,396.0,0,0.0,0.0,,0.0,normalDay
2023-01-18,9075.0,293.0,0.0,0,391.49,0.0,1,23.52,20.59,SPY230630P00396000,396.0,0,0.0,0.0,,0.0,normalDay
2023-01-19,9075.0,196.0,0.0,0,388.64,0.0,1,23.52,21.56,SPY230630P00396000,396.0,0,0.0,0.0,,0.0,normalDay
2023-01-20,9075.0,527.0,0.0,0,395.88,0.0,1,23.52,18.25,SPY230630P00396000,396.0,0,0.0,0.0,,0.0,normalDay
2023-01-23,9075.0,731.0,0.0,0,400.63,0.0,1,23.52,16.21,SPY230630P00396000,396.0,0,0.0,0.0,,0.0,normalDay
2023-01-24,9075.0,814.0,0.0,0,400.2,0.0,1,23.52,15.38,SPY230630P00396000,396.0,0,0.0,0.0,,0.0,normalDay
2023-01-25,9075.0,796.0,0.0,0,400.35,0.0,1,23.52,15.56,SPY230630P00396000,396.0,0,0.0,0.0,,0.0,normalDay
2023-01-26,9075.0,963.0,0.0,0,404.75,0.0,1,23.52,13.89,SPY230630P00396000,396.0,0,0.0,0.0,,0.0,normalDay
2023-01-27,9075.0,1013.0,0.0,0,405.68,0.0,1,23.52,13.39,SPY230630P00396000,396.0,0,0.0,0.0,,0.0,normalDay
2023-01-30,9075.0,856.0,0.0,0,400.59,0.0,1,23.52,14.96,SPY230630P00396000,396.0,0,0.0,0.0,,0.0,normalDay
2023-01-31,9075.0,1038.0,0.0,0,406.48,0.0,1,23.52,13.14,SPY230630P00396000,396.0,0,0.0,0.0,,0.0,normalDay
2023-02-01,9075.0,1212.0,0.0,0,410.8,0.0,1,23.52,11.4,SPY230630P00396000,396.0,0,0.0,0.0,,0.0,normalDay
2023-02-02,9075.0,1243.0,0.0,0,416.78,0.0,1,23.52,11.09,SPY230630P00396000,396.0,0,0.0,0.0,,0.0,normalDay
2023-02-03,9075.0,1199.0,0.0,0,412.35,0.0,1,23.52,11.53,SPY230630P00396000,396.0,0,0.0,0.0,,0.0,normalDay
2023-02-06,9075.0,1119.0,0.0,0,409.83,0.0,1,23.52,12.33,SPY230630P00396000,396.0,0,0.0,0.0,,0.0,normalDay
2023-02-07,9075.0,1274.0,0.0,0,415.19,0.0,1,23.52,10.78,SPY230630P00396000,396.0,0,0.0,0.0,,0.0,normalDay
2023-02-08,9075.0,1134.0,0.0,0,410.65,0.0,1,23.52,12.18,SPY230630P00396000,396.0,0,0.0,0.0,,0.0,normalDay
2023-02-09,9075.0,999.0,0.0,0,407.09,0.0,1,23.52,13.53,SPY230630P00396000,396.0,0,0.0,0.0,,0.0,normalDay
2023-02-10,9075.0,1009.0,0.0,0,408.04,0.0,1,23.52,13.43,SPY230630P00396000,396.0,0,0.0,0.0,,0.0,normalDay
2023-02-13,9075.0,1192.0,0.0,0,412.83,0.0,1,23.52,11.6,SPY230630P00396000,396.0,0,0.0,0.0,,0.0,normalDay
2023-02-14,9075.0,1225.0,0.0,0,412.64,0.0,1,23.52,11.27,SPY230630P00396000,396.0,0,0.0,0.0,,0.0,normalDay
2023-02-15,9075.0,1311.0,0.0,0,413.98,0.0,1,23.52,10.41,SPY230630P00396000,396.0,0,0.0,0.0,,0.0,normalDay
2023-02-16,9075.0,1096.0,0.0,0,408.28,0.0,1,23.52,12.56,SPY230630P00396000,396.0,0,0.0,0.0,,0.0,normalDay
2023-02-17,9075.0,1080.0,0.0,0,407.26,0.0,1,23.52,12.72,SPY230630P00396000,396.0,0,0.0,0.0,,0.0,normalDay
2023-02-21,9075.0,764.0,0.0,0,399.09,0.0,1,23.52,15.88,SPY230630P00396000,396.0,0,0.0,0.0,,0.0,normalDay
2023-02-22,9075.0,778.0,0.0,0,398.54,0.0,1,23.52,15.74,SPY230630P00396000,396.0,0,0.0,0.0,,0.0,normalDay
2023-02-23,9075.0,895.0,0.0,0,400.66,0.0,1,23.52,14.57,SPY230630P00396000,396.0,0,0.0,0.0,,0.0,normalDay
2023-02-24,9075.0,694.0,0.0,0,396.38,0.0,1,23.52,16.58,SPY230630P00396000,396.0,0,0.0,0.0,,0.0,normalDay
2023-02-27,9075.0,817.0,0.0,0,397.73,0.0,1,23.52,15.35,SPY230630P00396000,396.0,0,0.0,0.0,,0.0,normalDay
2023-02-28,9075.0,753.0,0.0,0,396.26,0.0,1,23.52,15.99,SPY230630P00396000,396.0,0,0.0,0.0,,0.0,normalDay
2023-03-01,9075.0,712.0,0.0,0,394.74,0.0,1,23.52,16.4,SPY230630P00396000,396.0,0,0.0,0.0,,0.0,normalDay
2023-03-02,9075.0,866.0,0.0,0,397.81,0.0,1,23.52,14.86,SPY230630P00396000,396.0,0,0.0,0.0,,0.0,normalDay
2023-03-03,9075.0,1137.0,0.0,0,404.19,0.0,1,23.52,12.15,SPY230630P00396000,396.0,0,0.0,0.0,,0.0,normalDay
2023-03-06,9075.0,1169.0,0.0,0,404.47,0.0,1,23.52,11.83,SPY230630P00396000,396.0,0,0.0,0.0,,0.0,normalDay
2023-03-07,9075.0,941.0,0.0,0,398.27,0.0,1,23.52,14.11,SPY230630P00396000,396.0,0,0.0,0.0,,0.0,normalDay
2023-03-08,9075.0,997.0,0.0,0,398.92,0.0,1,23.52,13.55,SPY230630P00396000,396.0,0,0.0,0.0,,0.0,normalDay
2023-03-09,9075.0,558.0,0.0,0,391.56,0.0,1,23.52,17.94,SPY230630P00396000,396.0,0,0.0,0.0,,0.0,normalDay
2023-03-10,9075.0,246.0,0.0,0,385.91,0.0,1,23.52,21.06,SPY230630P00396000,396.0,0,0.0,0.0,,0.0,normalDay
2023-03-13,9075.0,193.0,0.0,0,385.36,0.0,1,23.52,21.59,SPY230630P00396000,396.0,0,0.0,0.0,,0.0,normalDay
2023-03-14,9075.0,552.0,0.0,0,391.73,0.0,1,23.52,18.0,SPY230630P00396000,396.0,0,0.0,0.0,,0.0,normalDay
2023-03-15,9075.0,350.0,0.0,0,389.28,0.0,1,23.52,20.02,SPY230630P00396000,396.0,0,0.0,0.0,,0.0,normalDay
2023-03-16,9075.0,737.0,0.0,0,396.11,0.0,1,23.52,16.15,SPY230630P00396000,396.0,0,0.0,0.0,,0.0,normalDay
2023-03-17,9075.0,464.0,0.0,0,389.99,0.0,1,23.52,18.88,SPY230630P00396000,396.0,0,0.0,0.0,,0.0,normalDay
2023-03-20,9075.0,678.0,0.0,0,393.74,0.0,1,23.52,16.74,SPY230630P00396000,396.0,0,0.0,0.0,,0.0,normalDay
2023-03-21,9075.0,981.0,0.0,0,398.91,0.0,1,23.52,13.71,SPY230630P00396000,396.0,0,0.0,0.0,,0.0,normalDay
2023-03-22,9075.0,670.0,0.0,0,392.11,0.0,1,23.52,16.82,SPY230630P00396000,396.0,0,0.0,0.0,,0.0,normalDay
2023-03-23,9075.0,693.0,0.0,0,393.17,0.0,1,23.52,16.59,SPY230630P00396000,396.0,0,0.0,0.0,,0.0,normalDay
2023-03-24,9075.0,839.0,0.0,0,395.75,0.0,1,23.52,15.13,SPY230630P00396000,396.0,0,0.0,0.0,,0.0,normalDay
2023-03-27,9075.0,958.0,0.0,0,396.49,0.0,1,23.52,13.94,SPY230630P00396000,396.0,0,0.0,0.0,,0.0,normalDay
2023-03-28,9075.0,965.0,0.0,0,395.6,0.0,1,23.52,13.87,SPY230630P00396000,396.0,0,0.0,0.0,,0.0,normalDay
2023-03-29,9075.0,1191.0,0.0,0,401.35,0.0,1,23.52,11.61,SPY230630P00396000,396.0,0,0.0,0.0,,0.0,normalDay
2023-03-30,9075.0,1275.0,0.0,0,403.7,0.0,1,23.52,10.77,SPY230630P00396000,396.0,0,0.0,0.0,,0.0,normalDay
2023-03-31,9075.0,1438.0,0.0,0,409.39,0.0,1,23.52,9.14,SPY230630P00396000,396.0,0,0.0,0.0,,0.0,normalDay
2023-04-03,9075.0,1526.0,0.0,0,410.95,0.0,1,23.52,8.26,SPY230630P00396000,396.0,0,0.0,0.0,,0.0,normalDay
2023-04-04,9075.0,1453.0,0.0,0,408.67,0.0,1,23.52,8.99,SPY230630P00396000,396.0,0,0.0,0.0,,0.0,normalDay
2023-04-05,9075.0,1414.0,0.0,0,407.6,0.0,1,23.52,9.38,SPY230630P00396000,396.0,0,0.0,0.0,,0.0,normalDay
2023-04-06,9075.0,1482.0,0.0,0,409.19,0.0,1,23.52,8.7,SPY230630P00396000,396.0,0,0.0,0.0,,0.0,normalDay
2023-04-10,9075.0,1530.0,0.0,0,409.61,0.0,1,23.52,8.22,SPY230630P00396000,396.0,0,0.0,0.0,,0.0,normalDay
2023-04-11,9075.0,1544.0,0.0,0,409.72,0.0,1,23.52,8.08,SPY230630P00396000,396.0,0,0.0,0.0,,0.0,normalDay
2023-04-12,9075.0,1504.0,0.0,0,408.05,0.0,1,23.52,8.48,SPY230630P00396000,396.0,0,0.0,0.0,,0.0,normalDay
2023-04-13,9075.0,1682.0,0.0,0,413.47,0.0,1,23.52,6.7,SPY230630P00396000,396.0,0,0.0,0.0,,0.0,normalDay
2023-04-14,9075.0,1697.0,0.0,0,412.46,0.0,1,23.52,6.55,SPY230630P00396000,396.0,0,0.0,0.0,,0.0,normalDay
2023-04-17,9075.0,1775.0,0.0,0,413.94,0.0,1,23.52,5.77,SPY230630P00396000,396.0,0,0.0,0.0,,0.0,normalDay
2023-04-18,9075.0,1781.0,0.0,0,414.21,0.0,1,23.52,5.71,SPY230630P00396000,396.0,0,0.0,0.0,,0.0,normalDay
2023-04-19,9075.0,1786.0,0.0,0,414.14,0.0,1,23.52,5.66,SPY230630P00396000,396.0,0,0.0,0.0,,0.0,normalDay
2023-04-20,9075.0,1728.0,0.0,0,411.88,0.0,1,23.52,6.24,SPY230630P00396000,396.0,0,0.0,0.0,,0.0,normalDay
2023-04-21,9075.0,1743.0,0.0,0,412.2,0.0,1,23.52,6.09,SPY230630P00396000,396.0,0,0.0,0.0,,0.0,normalDay
2023-04-24,9075.0,1769.0,0.0,0,412.63,0.0,1,23.52,5.83,SPY230630P00396000,396.0,0,0.0,0.0,,0.0,normalDay
2023-04-25,9075.0,1576.0,0.0,0,406.08,0.0,1,23.52,7.76,SPY230630P00396000,396.0,0,0.0,0.0,,0.0,normalDay
2023-04-26,9075.0,1511.0,0.0,0,404.36,0.0,1,23.52,8.41,SPY230630P00396000,396.0,0,0.0,0.0,,0.0,normalDay
2023-04-27,9075.0,1802.0,0.0,0,412.41,0.0,1,23.52,5.5,SPY230630P00396000,396.0,0,0.0,0.0,,0.0,normalDay
2023-04-28,9075.0,1898.0,0.0,0,415.93,0.0,1,23.52,4.54,SPY230630P00396000,396.0,0,0.0,0.0,,0.0,normalDay
2023-05-01,9075.0,1904.0,0.0,0,415.51,0.0,1,23.52,4.48,SPY230630P00396000,396.0,0,0.0,0.0,,0.0,normalDay
2023-05-02,9075.0,1756.0,0.0,0,410.84,0.0,1,23.52,5.96,SPY230630P00396000,396.0,0,0.0,0.0,,0.0,normalDay
2023-05-03,9075.0,1688.0,0.0,0,408.02,0.0,1,23.52,6.64,SPY230630P00396000,396.0,0,0.0,0.0,,0.0,normalDay
2023-05-04,9075.0,1525.0,0.0,0,405.13,0.0,1,23.52,8.27,SPY230630P00396000,396.0,0,0.0,0.0,,0.0,normalDay
2023-05-05,9075.0,1813.0,0.0,0,412.63,0.0,1,23.52,5.39,SPY230630P00396000,396.0,0,0.0,0.0,,0.0,normalDay
2023-05-08,9075.0,1851.0,0.0,0,412.74,0.0,1,23.52,5.01,SPY230630P00396000,396.0,0,0.0,0.0,,0.0,normalDay
2023-05-09,9075.0,1807.0,0.0,0,410.93,0.0,1,23.52,5.45,SPY230630P00396000,396.0,0,0.0,0.0,,0.0,normalDay
2023-05-10,9075.0,1885.0,0.0,0,412.85,0.0,1,23.52,4.67,SPY230630P00396000,396.0,0,0.0,0.0,,0.0,normalDay
2023-05-11,9075.0,1879.0,0.0,0,412.13,0.0,1,23.52,4.73,SPY230630P00396000,396.0,0,0.0,0.0,,0.0,normalDay
2023-05-12,9075.0,1875.0,0.0,0,411.59,0.0,1,23.52,4.77,SPY230630P00396000,396.0,0,0.0,0.0,,0.0,normalDay
2023-05-15,9075.0,1946.0,0.0,0,413.01,0.0,1,23.52,4.06,SPY230630P00396000,396.0,0,0.0,0.0,,0.0,normalDay
2023-05-16,9075.0,1878.0,0.0,0,410.25,0.0,1,23.52,4.74,SPY230630P00396000,396.0,0,0.0,0.0,,0.0,normalDay
2023-05-17,9075.0,2010.0,0.0,0,415.23,0.0,1,23.52,3.42,SPY230630P00396000,396.0,0,0.0,0.0,,0.0,normalDay
2023-05-18,9075.0,2099.0,0.0,0,419.23,0.0,1,23.52,2.53,SPY230630P00396000,396.0,0,0.0,0.0,,0.0,normalDay
2023-05-19,9075.0,2071.0,0.0,0,418.62,0.0,1,23.52,2.81,SPY230630P00396000,396.0,0,0.0,0.0,,0.0,normalDay
2023-05-22,9075.0,2080.0,0.0,0,418.79,0.0,1,23.52,2.72,SPY230630P00396000,396.0,0,0.0,0.0,,0.0,normalDay
2023-05-23,9075.0,1987.0,0.0,0,414.09,0.0,1,23.52,3.65,SPY230630P00396000,396.0,0,0.0,0.0,,0.0,normalDay
2023-05-24,9075.0,1903.0,0.0,0,411.09,0.0,1,23.52,4.49,SPY230630P00396000,396.0,0,0.0,0.0,,0.0,normalDay
2023-05-25,9075.0,2001.0,0.0,0,414.65,0.0,1,23.52,3.51,SPY230630P00396000,396.0,0,0.0,0.0,,0.0,normalDay
2023-05-26,9075.0,2110.0,0.0,0,420.02,0.0,1,23.52,2.42,SPY230630P00396000,396.0,0,0.0,0.0,,0.0,normalDay
2023-05-30,9075.0,2155.0,0.0,0,420.18,0.0,1,23.52,1.97,SPY230630P00396000,396.0,0,0.0,0.0,,0.0,normalDay
2023-05-31,9075.0,2139.0,0.0,0,417.85,0.0,1,23.52,2.13,SPY230630P00396000,396.0,0,0.0,0.0,,0.0,normalDay
2023-06-01,9075.0,2221.0,0.0,0,421.82,0.0,1,23.52,1.31,SPY230630P00396000,396.0,0,0.0,0.0,,0.0,normalDay
2023-06-02,9075.0,2276.0,0.0,0,427.92,0.0,1,23.52,0.76,SPY230630P00396000,396.0,0,0.0,0.0,,0.0,normalDay
2023-06-05,9075.0,2282.0,0.0,0,427.1,0.0,1,23.52,0.7,SPY230630P00396000,396.0,0,0.0,0.0,,0.0,normalDay
2023-06-06,9075.0,2297.0,0.0,0,428.03,0.0,1,23.52,0.55,SPY230630P00396000,396.0,0,0.0,0.0,,0.0,normalDay
2023-06-07,9075.0,2295.0,0.0,0,426.55,0.0,1,23.52,0.57,SPY230630P00396000,396.0,0,0.0,0.0,,0.0,normalDay
2023-06-08,9075.0,2307.0,0.0,0,429.13,0.0,1,23.52,0.45,SPY230630P00396000,396.0,0,0.0,0.0,,0.0,normalDay
2023-06-09,9075.0,2312.0,0.0,0,429.9,0.0,1,23.52,0.4,SPY230630P00396000,396.0,0,0.0,0.0,,0.0,normalDay
2023-06-12,9075.0,2320.0,0.0,0,433.8,0.0,1,23.52,0.32,SPY230630P00396000,396.0,0,0.0,0.0,,0.0,normalDay
2023-06-13,9075.0,2325.0,0.0,0,436.66,0.0,1,23.52,0.27,SPY230630P00396000,396.0,0,0.0,0.0,,0.0,normalDay
2023-06-14,9075.0,2332.0,0.0,0,437.18,0.0,1,23.52,0.2,SPY230630P00396000,396.0,0,0.0,0.0,,0.0,normalDay
2023-06-15,9075.0,2334.0,0.0,0,442.6,0.0,1,23.52,0.18,SPY230630P00396000,396.0,0,0.0,0.0,,0.0,normalDay
2023-06-16,9075.0,2342.0,0.0,0,439.46,0.0,1,23.52,0.1,SPY230630P00396000,396.0,0,0.0,0.0,,0.0,normalDay
2023-06-20,9075.0,2345.0,0.0,0,437.18,0.0,1,23.52,0.07,SPY230630P00396000,396.0,0,0.0,0.0,,0.0,normalDay
2023-06-21,9075.0,2346.0,0.0,0,434.94,0.0,1,23.52,0.06,SPY230630P00396000,396.0,0,0.0,0.0,,0.0,normalDay
2023-06-22,9075.0,2348.0,0.0,0,436.51,0.0,1,23.52,0.04,SPY230630P00396000,396.0,0,0.0,0.0,,0.0,normalDay
2023-06-23,9075.0,2347.0,0.0,0,433.21,0.0,1,23.52,0.05,SPY230630P00396000,396.0,0,0.0,0.0,,0.0,normalDay
2023-06-26,9075.0,2347.0,0.0,0,431.44,0.0,1,23.52,0.05,SPY230630P00396000,396.0,0,0.0,0.0,,0.0,normalDay
2023-06-27,9075.0,2348.0,0.0,0,436.17,0.0,1,23.52,0.04,SPY230630P00396000,396.0,0,0.0,0.0,,0.0,normalDay
2023-06-28,9075.0,2350.0,0.0,0,436.39,0.0,1,23.52,0.02,SPY230630P00396000,396.0,0,0.0,0.0,,0.0,normalDay
2023-06-29,9075.0,2350.0,0.0,0,438.11,0.0,1,23.52,0.02,SPY230630P00396000,396.0,0,0.0,0.0,,0.0,normalDay
2023-06-30,11427.0,0.0,2352.0,0,443.28,0.0,1,23.52,0.0,SPY230630P00396000,396.0,0,0.0,0.0,,0.0,expirationDay
2023-07-03,11427.0,-34.0,0.0,0,443.79,0.0,1,12.13,12.47,SPY240119P00435000,435.0,0,0.0,0.0,,0.0,normalDay
2023-07-05,11427.0,-78.0,0.0,0,443.13,0.0,1,12.13,12.91,SPY240119P00435000,435.0,0,0.0,0.0,,0.0,normalDay
2023-07-06,11427.0,-212.0,0.0,0,439.66,0.0,1,12.13,14.25,SPY240119P00435000,435.0,0,0.0,0.0,,0.0,normalDay
2023-07-07,11427.0,-222.0,0.0,0,438.55,0.0,1,12.13,14.35,SPY240119P00435000,435.0,0,0.0,0.0,,0.0,normalDay
2023-07-10,11427.0,-171.0,0.0,0,439.66,0.0,1,12.13,13.84,SPY240119P00435000,435.0,0,0.0,0.0,,0.0,normalDay
2023-07-11,11427.0,-67.0,0.0,0,442.46,0.0,1,12.13,12.8,SPY240119P00435000,435.0,0,0.0,0.0,,0.0,normalDay
2023-07-12,11427.0,88.0,0.0,0,446.02,0.0,1,12.13,11.25,SPY240119P00435000,435.0,0,0.0,0.0,,0.0,normalDay
2023-07-13,11427.0,171.0,0.0,0,449.56,0.0,1,12.13,10.42,SPY240119P00435000,435.0,0,0.0,0.0,,0.0,normalDay
2023-07-14,11427.0,159.0,0.0,0,449.28,0.0,1,12.13,10.54,SPY240119P00435000,435.0,0,0.0,0.0,,0.0,normalDay
2023-07-17,11427.0,192.0,0.0,0,450.84,0.0,1,12.13,10.21,SPY240119P00435000,435.0,0,0.0,0.0,,0.0,normalDay
2023-07-18,11427.0,268.0,0.0,0,454.19,0.0,1,12.13,9.45,SPY240119P00435000,435.0,0,0.0,0.0,,0.0,normalDay
2023-07-19,11427.0,263.0,0.0,0,455.2,0.0,1,12.13,9.5,SPY240119P00435000,435.0,0,0.0,0.0,,0.0,normalDay
2023-07-20,11427.0,209.0,0.0,0,452.18,0.0,1,12.13,10.04,SPY240119P00435000,435.0,0,0.0,0.0,,0.0,normalDay
2023-07-21,11427.0,233.0,0.0,0,452.18,0.0,1,12.13,9.8,SPY240119P00435000,435.0,0,0.0,0.0,,0.0,normalDay
2023-07-24,11427.0,296.0,0.0,0,454.2,0.0,1,12.13,9.17,SPY240119P00435000,435.0,0,0.0,0.0,,0.0,normalDay
2023-07-25,11427.0,316.0,0.0,0,455.44,0.0,1,12.13,8.97,SPY240119P00435000,435.0,0,0.0,0.0,,0.0,normalDay
2023-07-26,11427.0,338.0,0.0,0,455.51,0.0,1,12.13,8.75,SPY240119P00435000,435.0,0,0.0,0.0,,0.0,normalDay
2023-07-27,11427.0,236.0,0.0,0,452.49,0.0,1,12.13,9.77,SPY240119P00435000,435.0,0,0.0,0.0,,0.0,normalDay
2023-07-28,11427.0,344.0,0.0,0,456.92,0.0,1,12.13,8.69,SPY240119P00435000,435.0,0,0.0,0.0,,0.0,normalDay
2023-07-31,11427.0,357.0,0.0,0,457.79,0.0,1,12.13,8.56,SPY240119P00435000,435.0,0,0.0,0.0,,0.0,normalDay
2023-08-01,11427.0,317.0,0.0,0,456.48,0.0,1,12.13,8.96,SPY240119P00435000,435.0,0,0.0,0.0,,0.0,normalDay
2023-08-02,11427.0,105.0,0.0,0,450.13,0.0,1,12.13,11.08,SPY240119P00435000,435.0,0,0.0,0.0,,0.0,normalDay
2023-08-03,11427.0,108.0,0.0,0,448.84,0.0,1,12.13,11.05,SPY240119P00435000,435.0,0,0.0,0.0,,0.0,normalDay
2023-08-04,11427.0,-10.0,0.0,0,446.81,0.0,1,12.13,12.23,SPY240119P00435000,435.0,0,0.0,0.0,,0.0,normalDay
2023-08-07,11427.0,159.0,0.0,0,450.71,0.0,1,12.13,10.54,SPY240119P00435000,435.0,0,0.0,0.0,,0.0,normalDay
2023-08-08,11427.0,86.0,0.0,0,448.75,0.0,1,12.13,11.27,SPY240119P00435000,435.0,0,0.0,0.0,,0.0,normalDay
2023-08-09,11427.0,30.0,0.0,0,445.75,0.0,1,12.13,11.83,SPY240119P00435000,435.0,0,0.0,0.0,,0.0,normalDay
2023-08-10,11427.0,18.0,0.0,0,445.91,0.0,1,12.13,11.95,SPY240119P00435000,435.0,0,0.0,0.0,,0.0,normalDay
2023-08-11,11427.0,49.0,0.0,0,445.65,0.0,1,12.13,11.64,SPY240119P00435000,435.0,0,0.0,0.0,,0.0,normalDay
2023-08-14,11427.0,142.0,0.0,0,448.11,0.0,1,12.13,10.71,SPY240119P00435000,435.0,0,0.0,0.0,,0.0,normalDay
2023-08-15,11427.0,-60.0,0.0,0,442.89,0.0,1,12.13,12.73,SPY240119P00435000,435.0,0,0.0,0.0,,0.0,normalDay
2023-08-16,11427.0,-173.0,0.0,0,439.64,0.0,1,12.13,13.86,SPY240119P00435000,435.0,0,0.0,0.0,,0.0,normalDay
2023-08-17,11427.0,-339.0,0.0,0,436.29,0.0,1,12.13,15.52,SPY240119P00435000,435.0,0,0.0,0.0,,0.0,normalDay
2023-08-18,11427.0,-295.0,0.0,0,436.5,0.0,1,12.13,15.08,SPY240119P00435000,435.0,0,0.0,0.0,,0.0,normalDay
2023-08-21,11427.0,-178.0,0.0,0,439.34,0.0,1,12.13,13.91,SPY240119P00435000,435.0,0,0.0,0.0,,0.0,normalDay
2023-08-22,11427.0,-196.0,0.0,0,438.15,0.0,1,12.13,14.09,SPY240119P00435000,435.0,0,0.0,0.0,,0.0,normalDay
2023-08-23,11427.0,-4.0,0.0,0,443.03,0.0,1,12.13,12.17,SPY240119P00435000,435.0,0,0.0,0.0,,0.0,normalDay
2023-08-24,11427.0,-241.0,0.0,0,436.89,0.0,1,12.13,14.54,SPY240119P00435000,435.0,0,0.0,0.0,,0.0,normalDay
2023-08-25,11427.0,-70.0,0.0,0,439.97,0.0,1,12.13,12.83,SPY240119P00435000,435.0,0,0.0,0.0,,0.0,normalDay
2023-08-28,11427.0,64.0,0.0,0,442.76,0.0,1,12.13,11.49,SPY240119P00435000,435.0,0,0.0,0.0,,0.0,normalDay
2023-08-29,11427.0,270.0,0.0,0,449.16,0.0,1,12.13,9.43,SPY240119P00435000,435.0,0,0.0,0.0,,0.0,normalDay
2023-08-30,11427.0,342.0,0.0,0,451.01,0.0,1,12.13,8.71,SPY240119P00435000,435.0,0,0.0,0.0,,0.0,normalDay
2023-08-31,11427.0,356.0,0.0,0,450.35,0.0,1,12.13,8.57,SPY240119P00435000,435.0,0,0.0,0.0,,0.0,normalDay
2023-09-01,11427.0,378.0,0.0,0,451.19,0.0,1,12.13,8.35,SPY240119P00435000,435.0,0,0.0,0.0,,0.0,normalDay
2023-09-05,11427.0,338.0,0.0,0,449.24,0.0,1,12.13,8.75,SPY240119P00435000,435.0,0,0.0,0.0,,0.0,normalDay
2023-09-06,11427.0,233.0,0.0,0,446.22,0.0,1,12.13,9.8,SPY240119P00435000,435.0,0,0.0,0.0,,0.0,normalDay
2023-09-07,11427.0,204.0,0.0,0,444.85,0.0,1,12.13,10.09,SPY240119P00435000,435.0,0,0.0,0.0,,0.0,normalDay
2023-09-08,11427.0,269.0,0.0,0,445.52,0.0,1,12.13,9.44,SPY240119P00435000,435.0,0,0.0,0.0,,0.0,normalDay
2023-09-11,11427.0,368.0,0.0,0,448.45,0.0,1,12.13,8.45,SPY240119P00435000,435.0,0,0.0,0.0,,0.0,normalDay
2023-09-12,11427.0,305.0,0.0,0,445.99,0.0,1,12.13,9.08,SPY240119P00435000,435.0,0,0.0,0.0,,0.0,normalDay
2023-09-13,11427.0,346.0,0.0,0,446.51,0.0,1,12.13,8.67,SPY240119P00435000,435.0,0,0.0,0.0,,0.0,normalDay
2023-09-14,11427.0,473.0,0.0,0,450.36,0.0,1,12.13,7.4,SPY240119P00435000,435.0,0,0.0,0.0,,0.0,normalDay
2023-09-15,11427.0,300.0,0.0,0,443.37,0.0,1,12.13,9.13,SPY240119P00435000,435.0,0,0.0,0.0,,0.0,normalDay
2023-09-18,11427.0,321.0,0.0,0,443.63,0.0,1,12.13,8.92,SPY240119P00435000,435.0,0,0.0,0.0,,0.0,normalDay
2023-09-19,11427.0,305.0,0.0,0,442.71,0.0,1,12.13,9.08,SPY240119P00435000,435.0,0,0.0,0.0,,0.0,normalDay
2023-09-20,11427.0,135.0,0.0,0,438.64,0.0,1,12.13,10.78,SPY240119P00435000,435.0,0,0.0,0.0,,0.0,normalDay
2023-09-21,11427.0,-200.0,0.0,0,431.39,0.0,1,12.13,14.13,SPY240119P00435000,435.0,0,0.0,0.0,,0.0,normalDay
2023-09-22,11427.0,-239.0,0.0,0,430.42,0.0,1,12.13,14.52,SPY240119P00435000,435.0,0,0.0,0.0,,0.0,normalDay
2023-09-25,11427.0,-153.0,0.0,0,432.23,0.0,1,12.13,13.66,SPY240119P00435000,435.0,0,0.0,0.0,,0.0,normalDay
2023-09-26,11427.0,-508.0,0.0,0,425.88,0.0,1,12.13,17.21,SPY240119P00435000,435.0,0,0.0,0.0,,0.0,normalDay
2023-09-27,11427.0,-461.0,0.0,0,426.05,0.0,1,12.13,16.74,SPY240119P00435000,435.0,0,0.0,0.0,,0.0,normalDay
2023-09-28,11427.0,-328.0,0.0,0,428.52,0.0,1,12.13,15.41,SPY240119P00435000,435.0,0,0.0,0.0,,0.0,normalDay
2023-09-29,11427.0,-359.0,0.0,0,427.48,0.0,1,12.13,15.72,SPY240119P00435000,435.0,0,0.0,0.0,,0.0,normalDay
2023-10-02,11427.0,-355.0,0.0,0,427.31,0.0,1,12.13,15.68,SPY240119P00435000,435.0,0,0.0,0.0,,0.0,normalDay
2023-10-03,11427.0,-731.0,0.0,0,421.59,0.0,1,12.13,19.44,SPY240119P00435000,435.0,0,0.0,0.0,,0.0,normalDay
2023-10-04,11427.0,-554.0,0.0,0,424.66,0.0,1,12.13,17.67,SPY240119P00435000,435.0,0,0.0,0.0,,0.0,normalDay
2023-10-05,11427.0,-568.0,0.0,0,424.5,0.0,1,12.13,17.81,SPY240119P00435000,435.0,0,0.0,0.0,,0.0,normalDay
2023-10-06,11427.0,-250.0,0.0,0,429.54,0.0,1,12.13,14.63,SPY240119P00435000,435.0,0,0.0,0.0,,0.0,normalDay
2023-10-09,11427.0,-129.0,0.0,0,432.29,0.0,1,12.13,13.42,SPY240119P00435000,435.0,0,0.0,0.0,,0.0,normalDay
2023-10-10,11427.0,-8.0,0.0,0,434.54,0.0,1,12.13,12.21,SPY240119P00435000,435.0,0,0.0,0.0,,0.0,normalDay
2023-10-11,11427.0,121.0,0.0,0,436.32,0.0,1,12.13,10.92,SPY240119P00435000,435.0,0,0.0,0.0,,0.0,normalDay
2023-10-12,11427.0,-5.0,0.0,0,433.66,0.0,1,12.13,12.18,SPY240119P00435000,435.0,0,0.0,0.0,,0.0,normalDay
2023-10-13,11427.0,-224.0,0.0,0,431.5,0.0,1,12.13,14.37,SPY240119P00435000,435.0,0,0.0,0.0,,0.0,normalDay
2023-10-16,11427.0,80.0,0.0,0,436.04,0.0,1,12.13,11.33,SPY240119P00435000,435.0,0,0.0,0.0,,0.0,normalDay
2023-10-17,11427.0,46.0,0.0,0,436.02,0.0,1,12.13,11.67,SPY240119P00435000,435.0,0,0.0,0.0,,0.0,normalDay
2023-10-18,11427.0,-220.0,0.0,0,430.21,0.0,1,12.13,14.33,SPY240119P00435000,435.0,0,0.0,0.0,,0.0,normalDay
2023-10-19,11427.0,-532.0,0.0,0,426.43,0.0,1,12.13,17.45,SPY240119P00435000,435.0,0,0.0,0.0,,0.0,normalDay
2023-10-20,11427.0,-768.0,0.0,0,421.19,0.0,1,12.13,19.81,SPY240119P00435000,435.0,0,0.0,0.0,,0.0,normalDay
2023-10-23,11427.0,-709.0,0.0,0,420.46,0.0,1,12.13,19.22,SPY240119P00435000,435.0,0,0.0,0.0,,0.0,normalDay
2023-10-24,11427.0,-507.0,0.0,0,423.63,0.0,1,12.13,17.2,SPY240119P00435000,435.0,0,0.0,0.0,,0.0,normalDay
2023-10-25,11427.0,-978.0,0.0,0,417.55,0.0,1,12.13,21.91,SPY240119P00435000,435.0,0,0.0,0.0,,0.0,normalDay
2023-10-26,11427.0,-1300.0,0.0,0,412.55,0.0,1,12.13,25.13,SPY240119P00435000,435.0,0,0.0,0.0,,0.0,normalDay
2023-10-27,11427.0,-1500.0,0.0,0,410.68,0.0,1,12.13,27.13,SPY240119P00435000,435.0,0,0.0,0.0,,0.0,normalDay
2023-10-30,11427.0,-1078.0,0.0,0,415.59,0.0,1,12.13,22.91,SPY240119P00435000,435.0,0,0.0,0.0,,0.0,normalDay
2023-10-31,11427.0,-854.0,0.0,0,418.2,0.0,1,12.13,20.67,SPY240119P00435000,435.0,0,0.0,0.0,,0.0,normalDay
2023-11-01,11427.0,-507.0,0.0,0,422.66,0.0,1,12.13,17.2,SPY240119P00435000,435.0,0,0.0,0.0,,0.0,normalDay
2023-11-02,11427.0,-4.0,0.0,0,430.76,0.0,1,12.13,12.17,SPY240119P00435000,435.0,0,0.0,0.0,,0.0,normalDay
2023-11-03,11427.0,226.0,0.0,0,434.69,0.0,1,12.13,9.87,SPY240119P00435000,435.0,0,0.0,0.0,,0.0,normalDay
2023-11-06,11427.0,279.0,0.0,0,435.69,0.0,1,12.13,9.34,SPY240119P00435000,435.0,0,0.0,0.0,,0.0,normalDay
2023-11-07,11427.0,342.0,0.0,0,436.93,0.0,1,12.13,8.71,SPY240119P00435000,435.0,0,0.0,0.0,,0.0,normalDay
2023-11-08,11427.0,373.0,0.0,0,437.25,0.0,1,12.13,8.4,SPY240119P00435000,435.0,0,0.0,0.0,,0.0,normalDay
2023-11-09,11427.0,220.0,0.0,0,433.84,0.0,1,12.13,9.93,SPY240119P00435000,435.0,0,0.0,0.0,,0.0,normalDay
2023-11-10,11427.0,526.0,0.0,0,440.61,0.0,1,12.13,6.87,SPY240119P00435000,435.0,0,0.0,0.0,,0.0,normalDay
2023-11-13,11427.0,513.0,0.0,0,440.19,0.0,1,12.13,7.0,SPY240119P00435000,435.0,0,0.0,0.0,,0.0,normalDay
2023-11-14,11427.0,767.0,0.0,0,448.73,0.0,1,12.13,4.46,SPY240119P00435000,435.0,0,0.0,0.0,,0.0,normalDay
2023-11-15,11427.0,778.0,0.0,0,449.68,0.0,1,12.13,4.35,SPY240119P00435000,435.0,0,0.0,0.0,,0.0,normalDay
2023-11-16,11427.0,812.0,0.0,0,450.23,0.0,1,12.13,4.01,SPY240119P00435000,435.0,0,0.0,0.0,,0.0,normalDay
2023-11-17,11427.0,836.0,0.0,0,450.79,0.0,1,12.13,3.77,SPY240119P00435000,435.0,0,0.0,0.0,,0.0,normalDay
2023-11-20,11427.0,911.0,0.0,0,454.26,0.0,1,12.13,3.02,SPY240119P00435000,435.0,0,0.0,0.0,,0.0,normalDay
2023-11-21,11427.0,903.0,0.0,0,453.27,0.0,1,12.13,3.1,SPY240119P00435000,435.0,0,0.0,0.0,,0.0,normalDay
2023-11-22,11427.0,941.0,0.0,0,455.02,0.0,1,12.13,2.72,SPY240119P00435000,435.0,0,0.0,0.0,,0.0,normalDay
2023-11-24,11427.0,968.0,0.0,0,455.3,0.0,1,12.13,2.45,SPY240119P00435000,435.0,0,0.0,0.0,,0.0,normalDay
2023-11-27,11427.0,967.0,0.0,0,454.48,0.0,1,12.13,2.46,SPY240119P00435000,435.0,0,0.0,0.0,,0.0,normalDay
2023-11-28,11427.0,978.0,0.0,0,454.93,0.0,1,12.13,2.35,SPY240119P00435000,435.0,0,0.0,0.0,,0.0,normalDay
2023-11-29,11427.0,971.0,0.0,0,454.61,0.0,1,12.13,2.42,SPY240119P00435000,435.0,0,0.0,0.0,,0.0,normalDay
2023-11-30,11427.0,986.0,0.0,0,456.4,0.0,1,12.13,2.27,SPY240119P00435000,435.0,0,0.0,0.0,,0.0,normalDay
