date,totalCapital,unrializedPnL,rializedPnL,stocksOwned,stocksPriceToday,stocksPriceBoughtAt,putOwned,putOwnedSoldAt,putPriceToday,putOwnedContract,putOwnedStrike,callOwned,callOwnedSoldAt,callPriceToday,callOwnedContract,callOwnedStrike,trackType
2018-11-01,0.0,0.0,0.0,0,273.51,0.0,0,0.0,0.0,,0.0,0,0.0,0.0,,0.0,bidTooLow
2018-11-02,0.0,0.0,0.0,0,271.89,0.0,0,0.0,0.0,,0.0,0,0.0,0.0,,0.0,bidTooLow
2018-11-05,0.0,0.0,0.0,0,273.39,0.0,0,0.0,0.0,,0.0,0,0.0,0.0,,0.0,bidTooLow
2018-11-06,0.0,-3.0,0.0,0,275.12,0.0,1,0.04,0.07,SPY181109P00254000,254.0,0,0.0,0.0,,0.0,normalDay
2018-11-07,0.0,2.0,0.0,0,281.01,0.0,1,0.04,0.02,SPY181109P00254000,254.0,0,0.0,0.0,,0.0,normalDay
2018-11-08,0.0,3.0,0.0,0,280.5,0.0,1,0.04,0.01,SPY181109P00254000,254.0,0,0.0,0.0,,0.0,normalDay
2018-11-09,4.0,0.0,4.0,0,277.76,0.0,1,0.04,0.0,SPY181109P00254000,254.0,0,0.0,0.0,,0.0,expirationDay
2018-11-12,4.0,-3.0,0.0,0,272.57,0.0,1,0.01,0.04,SPY181114P00253000,253.0,0,0.0,0.0,,0.0,normalDay
2018-11-13,4.0,0.0,0.0,0,272.06,0.0,1,0.01,0.01,SPY181114P00253000,253.0,0,0.0,0.0,,0.0,normalDay
2018-11-14,5.0,0.0,1.0,0,270.2,0.0,1,0.01,0.0,SPY181114P00253000,253.0,0,0.0,0.0,,0.0,expirationDay
2018-11-15,5.0,0.0,0.0,0,273.02,0.0,0,0.0,0.0,,0.0,0,0.0,0.0,,0.0,bidTooLow
2018-11-16,5.0,0.0,0.0,0,273.73,0.0,0,0.0,0.0,,0.0,0,0.0,0.0,,0.0,bidTooLow
2018-11-19,5.0,-3.0,0.0,0,269.1,0.0,1,0.01,0.04,SPY181121P00254000,254.0,0,0.0,0.0,,0.0,normalDay
2018-11-20,5.0,-3.0,0.0,0,264.12,0.0,1,0.01,0.04,SPY181121P00254000,254.0,0,0.0,0.0,,0.0,normalDay
2018-11-21,6.0,0.0,1.0,0,265.02,0.0,1,0.01,0.0,SPY181121P00254000,254.0,0,0.0,0.0,,0.0,expirationDay
2018-11-23,6.0,-3.0,0.0,0,263.25,0.0,1,0.02,0.05,SPY181126P00250000,250.0,0,0.0,0.0,,0.0,normalDay
2018-11-26,8.0,0.0,2.0,0,267.5,0.0,1,0.02,0.0,SPY181126P00250000,250.0,0,0.0,0.0,,0.0,expirationDay
2018-11-27,8.0,0.0,0.0,0,268.4,0.0,0,0.0,0.0,,0.0,0,0.0,0.0,,0.0,bidTooLow
2018-11-28,8.0,0.0,0.0,0,274.58,0.0,0,0.0,0.0,,0.0,0,0.0,0.0,,0.0,bidTooLow
2018-11-29,8.0,0.0,0.0,0,273.98,0.0,0,0.0,0.0,,0.0,0,0.0,0.0,,0.0,bidTooLow
2018-11-30,8.0,0.0,0.0,0,275.65,0.0,0,0.0,0.0,,0.0,0,0.0,0.0,,0.0,bidTooLow
2018-12-03,8.0,0.0,0.0,0,279.3,0.0,0,0.0,0.0,,0.0,0,0.0,0.0,,0.0,bidTooLow
2018-12-04,8.0,-3.0,0.0,0,270.25,0.0,1,0.08,0.11,SPY181207P00251500,251.5,0,0.0,0.0,,0.0,normalDay
2018-12-06,8.0,6.0,0.0,0,269.84,0.0,1,0.08,0.02,SPY181207P00251500,251.5,0,0.0,0.0,,0.0,normalDay
2018-12-07,16.0,0.0,8.0,0,263.57,0.0,1,0.08,0.0,SPY181207P00251500,251.5,0,0.0,0.0,,0.0,expirationDay
2018-12-10,16.0,-3.0,0.0,0,264.07,0.0,1,0.11,0.14,SPY181212P00251000,251.0,0,0.0,0.0,,0.0,normalDay
2018-12-11,16.0,8.0,0.0,0,264.13,0.0,1,0.11,0.03,SPY181212P00251000,251.0,0,0.0,0.0,,0.0,normalDay
2018-12-12,27.0,0.0,11.0,0,265.46,0.0,1,0.11,0.0,SPY181212P00251000,251.0,0,0.0,0.0,,0.0,expirationDay
2018-12-13,27.0,0.0,0.0,0,265.37,0.0,0,0.0,0.0,,0.0,0,0.0,0.0,,0.0,bidTooLow
2018-12-14,27.0,-3.0,0.0,0,260.47,0.0,1,0.02,0.05,SPY181217P00248000,248.0,0,0.0,0.0,,0.0,normalDay
2018-12-17,29.0,0.0,2.0,0,255.36,0.0,1,0.02,0.0,SPY181217P00248000,248.0,0,0.0,0.0,,0.0,expirationDay
2018-12-18,29.0,-4.0,0.0,0,255.08,0.0,1,0.44,0.48,SPY181221P00242000,242.0,0,0.0,0.0,,0.0,normalDay
2018-12-19,29.0,-4.0,0.0,0,251.26,0.0,1,0.44,0.48,SPY181221P00242000,242.0,0,0.0,0.0,,0.0,normalDay
2018-12-20,29.0,-7.0,0.0,0,247.17,0.0,1,0.44,0.51,SPY181221P00242000,242.0,0,0.0,0.0,,0.0,normalDay
2018-12-21,73.0,-130.0,44.0,100,240.7,242.0,1,0.44,0.0,SPY181221P00242000,242.0,0,0.0,0.0,,0.0,expirationDay
2018-12-24,73.0,-766.0,0.0,100,234.34,242.0,0,0.0,0.0,,0.0,0,0.0,0.0,,0.0,bidTooLow
2018-12-26,73.0,418.0,0.0,100,246.18,242.0,0,0.0,0.0,,0.0,0,0.0,0.0,,0.0,bidTooLow
2018-12-27,73.0,607.0,0.0,100,248.07,242.0,0,0.0,0.0,,0.0,0,0.0,0.0,,0.0,bidTooLow
2018-12-28,73.0,575.0,0.0,100,247.75,242.0,0,0.0,0.0,,0.0,0,0.0,0.0,,0.0,bidTooLow
2018-12-31,73.0,792.0,0.0,100,249.92,242.0,0,0.0,0.0,,0.0,0,0.0,0.0,,0.0,bidTooLow
2019-01-02,73.0,818.0,0.0,100,250.18,242.0,0,0.0,0.0,,0.0,0,0.0,0.0,,0.0,bidTooLow
2019-01-03,73.0,221.0,0.0,100,244.21,242.0,0,0.0,0.0,,0.0,0,0.0,0.0,,0.0,bidTooLow
2019-01-04,73.0,1039.0,0.0,100,252.39,242.0,0,0.0,0.0,,0.0,0,0.0,0.0,,0.0,bidTooLow
2019-01-07,73.0,1235.0,0.0,100,254.38,242.0,0,0.0,0.0,,0.0,1,0.06,0.09,SPY190118C00270000,270.0,normalDay
2019-01-08,73.0,1472.0,0.0,100,256.77,242.0,0,0.0,0.0,,0.0,1,0.06,0.11,SPY190118C00270000,270.0,normalDay
2019-01-09,73.0,1593.0,0.0,100,257.97,242.0,0,0.0,0.0,,0.0,1,0.06,0.1,SPY190118C00270000,270.0,normalDay
2019-01-10,73.0,1684.0,0.0,100,258.88,242.0,0,0.0,0.0,,0.0,1,0.06,0.1,SPY190118C00270000,270.0,normalDay
2019-01-11,73.0,1699.0,0.0,100,258.98,242.0,0,0.0,0.0,,0.0,1,0.06,0.05,SPY190118C00270000,270.0,normalDay
2019-01-14,73.0,1543.0,0.0,100,257.4,242.0,0,0.0,0.0,,0.0,1,0.06,0.03,SPY190118C00270000,270.0,normalDay
2019-01-15,73.0,1837.0,0.0,100,260.35,242.0,0,0.0,0.0,,0.0,1,0.06,0.04,SPY190118C00270000,270.0,normalDay
2019-01-16,73.0,1900.0,0.0,100,260.98,242.0,0,0.0,0.0,,0.0,1,0.06,0.04,SPY190118C00270000,270.0,normalDay
2019-01-17,73.0,2099.0,0.0,100,262.96,242.0,0,0.0,0.0,,0.0,1,0.06,0.03,SPY190118C00270000,270.0,normalDay
2019-01-18,79.0,2446.0,6.0,100,266.46,242.0,0,0.0,0.0,,0.0,1,0.06,0.0,SPY190118C00270000,270.0,expirationDay
2019-01-22,79.0,2082.0,0.0,100,262.86,242.0,0,0.0,0.0,,0.0,1,0.86,0.9,SPY190201C00269000,269.0,normalDay
2019-01-23,79.0,2152.0,0.0,100,263.41,242.0,0,0.0,0.0,,0.0,1,0.86,0.75,SPY190201C00269000,269.0,normalDay
2019-01-24,79.0,2197.0,0.0,100,263.55,242.0,0,0.0,0.0,,0.0,1,0.86,0.44,SPY190201C00269000,269.0,normalDay
2019-01-25,79.0,2371.0,0.0,100,265.78,242.0,0,0.0,0.0,,0.0,1,0.86,0.93,SPY190201C00269000,269.0,normalDay
2019-01-28,79.0,2222.0,0.0,100,263.76,242.0,0,0.0,0.0,,0.0,1,0.86,0.4,SPY190201C00269000,269.0,normalDay
2019-01-29,79.0,2196.0,0.0,100,263.41,242.0,0,0.0,0.0,,0.0,1,0.86,0.31,SPY190201C00269000,269.0,normalDay
2019-01-30,79.0,2552.0,0.0,100,267.58,242.0,0,0.0,0.0,,0.0,1,0.86,0.92,SPY190201C00269000,269.0,normalDay
2019-01-31,79.0,2697.0,0.0,100,269.93,242.0,0,0.0,0.0,,0.0,1,0.86,1.82,SPY190201C00269000,269.0,normalDay
2019-02-01,2865.0,2697.0,2786.0,0,270.06,0.0,0,0.0,0.0,,0.0,1,0.86,0.0,SPY190201C00269000,269.0,expirationDay
2019-02-04,2865.0,0.0,0.0,0,271.96,0.0,0,0.0,0.0,,0.0,0,0.0,0.0,,0.0,bidTooLow
2019-02-05,2865.0,0.0,0.0,0,273.1,0.0,0,0.0,0.0,,0.0,0,0.0,0.0,,0.0,bidTooLow
2019-02-06,2865.0,0.0,0.0,0,272.74,0.0,0,0.0,0.0,,0.0,0,0.0,0.0,,0.0,bidTooLow
2019-02-07,2865.0,0.0,0.0,0,270.14,0.0,0,0.0,0.0,,0.0,0,0.0,0.0,,0.0,bidTooLow
2019-02-08,2865.0,0.0,0.0,0,270.47,0.0,0,0.0,0.0,,0.0,0,0.0,0.0,,0.0,bidTooLow
2019-02-11,2865.0,0.0,0.0,0,270.62,0.0,0,0.0,0.0,,0.0,0,0.0,0.0,,0.0,bidTooLow
2019-02-12,2865.0,0.0,0.0,0,274.1,0.0,0,0.0,0.0,,0.0,0,0.0,0.0,,0.0,bidTooLow
2019-02-13,2865.0,0.0,0.0,0,274.99,0.0,0,0.0,0.0,,0.0,0,0.0,0.0,,0.0,bidTooLow
2019-02-14,2865.0,0.0,0.0,0,274.38,0.0,0,0.0,0.0,,0.0,0,0.0,0.0,,0.0,bidTooLow
2019-02-15,2865.0,0.0,0.0,0,277.37,0.0,0,0.0,0.0,,0.0,0,0.0,0.0,,0.0,bidTooLow
2019-02-19,2865.0,0.0,0.0,0,277.85,0.0,0,0.0,0.0,,0.0,0,0.0,0.0,,0.0,bidTooLow
2019-02-20,2865.0,0.0,0.0,0,278.41,0.0,0,0.0,0.0,,0.0,0,0.0,0.0,,0.0,bidTooLow
2019-02-21,2865.0,0.0,0.0,0,277.42,0.0,0,0.0,0.0,,0.0,0,0.0,0.0,,0.0,bidTooLow
2019-02-22,2865.0,0.0,0.0,0,279.14,0.0,0,0.0,0.0,,0.0,0,0.0,0.0,,0.0,bidTooLow
2019-02-25,2865.0,0.0,0.0,0,279.52,0.0,0,0.0,0.0,,0.0,0,0.0,0.0,,0.0,bidTooLow
2019-02-26,2865.0,0.0,0.0,0,279.32,0.0,0,0.0,0.0,,0.0,0,0.0,0.0,,0.0,bidTooLow
2019-02-27,2865.0,0.0,0.0,0,279.2,0.0,0,0.0,0.0,,0.0,0,0.0,0.0,,0.0,bidTooLow
2019-02-28,2865.0,0.0,0.0,0,278.68,0.0,0,0.0,0.0,,0.0,0,0.0,0.0,,0.0,bidTooLow
2019-03-01,2865.0,0.0,0.0,0,280.42,0.0,0,0.0,0.0,,0.0,0,0.0,0.0,,0.0,bidTooLow
2019-03-04,2865.0,0.0,0.0,0,279.4,0.0,0,0.0,0.0,,0.0,0,0.0,0.0,,0.0,bidTooLow
2019-03-05,2865.0,0.0,0.0,0,279.02,0.0,0,0.0,0.0,,0.0,0,0.0,0.0,,0.0,bidTooLow
2019-03-06,2865.0,0.0,0.0,0,277.33,0.0,0,0.0,0.0,,0.0,0,0.0,0.0,,0.0,bidTooLow
2019-03-07,2865.0,0.0,0.0,0,275.01,0.0,0,0.0,0.0,,0.0,0,0.0,0.0,,0.0,bidTooLow
2019-03-08,2865.0,0.0,0.0,0,274.46,0.0,0,0.0,0.0,,0.0,0,0.0,0.0,,0.0,bidTooLow
2019-03-11,2865.0,0.0,0.0,0,278.44,0.0,0,0.0,0.0,,0.0,0,0.0,0.0,,0.0,bidTooLow
2019-03-12,2865.0,-3.0,0.0,0,279.49,0.0,1,0.04,0.07,SPY190315P00269500,269.5,0,0.0,0.0,,0.0,normalDay
2019-03-13,2865.0,1.0,0.0,0,281.34,0.0,1,0.04,0.03,SPY190315P00269500,269.5,0,0.0,0.0,,0.0,normalDay
2019-03-14,2865.0,1.0,0.0,0,281.16,0.0,1,0.04,0.03,SPY190315P00269500,269.5,0,0.0,0.0,,0.0,normalDay
2019-03-15,2869.0,0.0,4.0,0,281.31,0.0,1,0.04,0.0,SPY190315P00269500,269.5,0,0.0,0.0,,0.0,expirationDay
2019-03-18,2869.0,0.0,0.0,0,282.33,0.0,0,0.0,0.0,,0.0,0,0.0,0.0,,0.0,bidTooLow
2019-03-19,2869.0,-3.0,0.0,0,282.4,0.0,1,0.01,0.04,SPY190322P00271000,271.0,0,0.0,0.0,,0.0,normalDay
2019-03-20,2869.0,-2.0,0.0,0,281.55,0.0,1,0.01,0.03,SPY190322P00271000,271.0,0,0.0,0.0,,0.0,normalDay
2019-03-21,2869.0,0.0,0.0,0,284.73,0.0,1,0.01,0.01,SPY190322P00271000,271.0,0,0.0,0.0,,0.0,normalDay
2019-03-22,2870.0,0.0,1.0,0,279.25,0.0,1,0.01,0.0,SPY190322P00271000,271.0,0,0.0,0.0,,0.0,expirationDay
2019-03-25,2870.0,-3.0,0.0,0,279.04,0.0,1,0.02,0.05,SPY190327P00270000,270.0,0,0.0,0.0,,0.0,normalDay
2019-03-26,2870.0,1.0,0.0,0,281.12,0.0,1,0.02,0.01,SPY190327P00270000,270.0,0,0.0,0.0,,0.0,normalDay
2019-03-27,2872.0,0.0,2.0,0,279.65,0.0,1,0.02,0.0,SPY190327P00270000,270.0,0,0.0,0.0,,0.0,expirationDay
2019-03-28,2872.0,0.0,0.0,0,280.71,0.0,0,0.0,0.0,,0.0,0,0.0,0.0,,0.0,bidTooLow
2019-03-29,2872.0,0.0,0.0,0,282.48,0.0,0,0.0,0.0,,0.0,0,0.0,0.0,,0.0,bidTooLow
2019-04-01,2872.0,0.0,0.0,0,285.83,0.0,0,0.0,0.0,,0.0,0,0.0,0.0,,0.0,bidTooLow
2019-04-02,2872.0,0.0,0.0,0,285.97,0.0,0,0.0,0.0,,0.0,0,0.0,0.0,,0.0,bidTooLow
2019-04-03,2872.0,0.0,0.0,0,286.42,0.0,0,0.0,0.0,,0.0,0,0.0,0.0,,0.0,bidTooLow
2019-04-04,2872.0,0.0,0.0,0,287.18,0.0,0,0.0,0.0,,0.0,0,0.0,0.0,,0.0,bidTooLow
2019-04-05,2872.0,0.0,0.0,0,288.57,0.0,0,0.0,0.0,,0.0,0,0.0,0.0,,0.0,bidTooLow
2019-04-08,2872.0,0.0,0.0,0,288.79,0.0,0,0.0,0.0,,0.0,0,0.0,0.0,,0.0,bidTooLow
2019-04-09,2872.0,0.0,0.0,0,287.31,0.0,0,0.0,0.0,,0.0,0,0.0,0.0,,0.0,bidTooLow
2019-04-10,2872.0,0.0,0.0,0,288.29,0.0,0,0.0,0.0,,0.0,0,0.0,0.0,,0.0,bidTooLow
2019-04-11,2872.0,0.0,0.0,0,288.21,0.0,0,0.0,0.0,,0.0,0,0.0,0.0,,0.0,bidTooLow
2019-04-12,2872.0,0.0,0.0,0,290.16,0.0,0,0.0,0.0,,0.0,0,0.0,0.0,,0.0,bidTooLow
2019-04-15,2872.0,0.0,0.0,0,289.97,0.0,0,0.0,0.0,,0.0,0,0.0,0.0,,0.0,bidTooLow
2019-04-16,2872.0,0.0,0.0,0,290.16,0.0,0,0.0,0.0,,0.0,0,0.0,0.0,,0.0,bidTooLow
2019-04-17,2872.0,0.0,0.0,0,289.45,0.0,0,0.0,0.0,,0.0,0,0.0,0.0,,0.0,bidTooLow
2019-04-18,2872.0,0.0,0.0,0,290.02,0.0,0,0.0,0.0,,0.0,0,0.0,0.0,,0.0,bidTooLow
2019-04-22,2872.0,0.0,0.0,0,290.27,0.0,0,0.0,0.0,,0.0,0,0.0,0.0,,0.0,bidTooLow
2019-04-23,2872.0,0.0,0.0,0,292.88,0.0,0,0.0,0.0,,0.0,0,0.0,0.0,,0.0,bidTooLow
2019-04-24,2872.0,0.0,0.0,0,292.23,0.0,0,0.0,0.0,,0.0,0,0.0,0.0,,0.0,bidTooLow
2019-04-25,2872.0,0.0,0.0,0,292.05,0.0,0,0.0,0.0,,0.0,0,0.0,0.0,,0.0,bidTooLow
2019-04-26,2872.0,0.0,0.0,0,293.41,0.0,0,0.0,0.0,,0.0,0,0.0,0.0,,0.0,bidTooLow
2019-04-29,2872.0,0.0,0.0,0,293.87,0.0,0,0.0,0.0,,0.0,0,0.0,0.0,,0.0,bidTooLow
2019-04-30,2872.0,-3.0,0.0,0,294.02,0.0,1,0.02,0.05,SPY190503P00280000,280.0,0,0.0,0.0,,0.0,normalDay
2019-05-01,2872.0,-6.0,0.0,0,291.81,0.0,1,0.02,0.08,SPY190503P00280000,280.0,0,0.0,0.0,,0.0,normalDay
2019-05-02,2872.0,-1.0,0.0,0,291.18,0.0,1,0.02,0.03,SPY190503P00280000,280.0,0,0.0,0.0,,0.0,normalDay
2019-05-03,2874.0,0.0,2.0,0,294.03,0.0,1,0.02,0.0,SPY190503P00280000,280.0,0,0.0,0.0,,0.0,expirationDay
2019-05-06,2874.0,-3.0,0.0,0,292.82,0.0,1,0.03,0.06,SPY190508P00282500,282.5,0,0.0,0.0,,0.0,normalDay
2019-05-07,2874.0,-14.0,0.0,0,287.93,0.0,1,0.03,0.17,SPY190508P00282500,282.5,0,0.0,0.0,,0.0,normalDay
2019-05-08,2877.0,0.0,3.0,0,287.53,0.0,1,0.03,0.0,SPY190508P00282500,282.5,0,0.0,0.0,,0.0,expirationDay
2019-05-09,2877.0,-4.0,0.0,0,286.66,0.0,1,0.67,0.71,SPY190510P00282000,282.0,0,0.0,0.0,,0.0,normalDay
2019-05-10,2944.0,0.0,67.0,0,288.1,0.0,1,0.67,0.0,SPY190510P00282000,282.0,0,0.0,0.0,,0.0,expirationDay
2019-05-13,2944.0,-6.0,0.0,0,280.86,0.0,1,0.98,1.04,SPY190515P00277500,277.5,0,0.0,0.0,,0.0,normalDay
2019-05-14,2944.0,89.0,0.0,0,283.4,0.0,1,0.98,0.09,SPY190515P00277500,277.5,0,0.0,0.0,,0.0,normalDay
2019-05-15,3042.0,0.0,98.0,0,285.06,0.0,1,0.98,0.0,SPY190515P00277500,277.5,0,0.0,0.0,,0.0,expirationDay
2019-05-16,3042.0,0.0,0.0,0,287.7,0.0,0,0.0,0.0,,0.0,0,0.0,0.0,,0.0,bidTooLow
2019-05-17,3042.0,0.0,0.0,0,285.84,0.0,0,0.0,0.0,,0.0,0,0.0,0.0,,0.0,bidTooLow
2019-05-20,3042.0,0.0,0.0,0,283.95,0.0,0,0.0,0.0,,0.0,0,0.0,0.0,,0.0,bidTooLow
2019-05-21,3042.0,0.0,0.0,0,286.51,0.0,0,0.0,0.0,,0.0,0,0.0,0.0,,0.0,bidTooLow
2019-05-22,3042.0,0.0,0.0,0,285.63,0.0,0,0.0,0.0,,0.0,0,0.0,0.0,,0.0,bidTooLow
2019-05-23,3042.0,0.0,0.0,0,282.14,0.0,0,0.0,0.0,,0.0,0,0.0,0.0,,0.0,bidTooLow
2019-05-24,3042.0,0.0,0.0,0,282.78,0.0,0,0.0,0.0,,0.0,0,0.0,0.0,,0.0,bidTooLow
2019-05-28,3042.0,-3.0,0.0,0,280.15,0.0,1,0.09,0.12,SPY190531P00270000,270.0,0,0.0,0.0,,0.0,normalDay
2019-05-29,3042.0,-1.0,0.0,0,278.27,0.0,1,0.09,0.1,SPY190531P00270000,270.0,0,0.0,0.0,,0.0,normalDay
2019-05-30,3042.0,7.0,0.0,0,279.03,0.0,1,0.09,0.02,SPY190531P00270000,270.0,0,0.0,0.0,,0.0,normalDay
2019-05-31,3051.0,0.0,9.0,0,275.27,0.0,1,0.09,0.0,SPY190531P00270000,270.0,0,0.0,0.0,,0.0,expirationDay
2019-06-03,3051.0,-3.0,0.0,0,274.57,0.0,1,0.02,0.05,SPY190605P00265000,265.0,0,0.0,0.0,,0.0,normalDay
2019-06-04,3051.0,1.0,0.0,0,280.53,0.0,1,0.02,0.01,SPY190605P00265000,265.0,0,0.0,0.0,,0.0,normalDay
2019-06-05,3053.0,0.0,2.0,0,282.96,0.0,1,0.02,0.0,SPY190605P00265000,265.0,0,0.0,0.0,,0.0,expirationDay
2019-06-06,3053.0,0.0,0.0,0,284.8,0.0,0,0.0,0.0,,0.0,0,0.0,0.0,,0.0,bidTooLow
2019-06-07,3053.0,0.0,0.0,0,287.65,0.0,0,0.0,0.0,,0.0,0,0.0,0.0,,0.0,bidTooLow
2019-06-10,3053.0,0.0,0.0,0,288.97,0.0,0,0.0,0.0,,0.0,0,0.0,0.0,,0.0,bidTooLow
2019-06-11,3053.0,0.0,0.0,0,288.9,0.0,0,0.0,0.0,,0.0,0,0.0,0.0,,0.0,bidTooLow
2019-06-12,3053.0,0.0,0.0,0,288.39,0.0,0,0.0,0.0,,0.0,0,0.0,0.0,,0.0,bidTooLow
2019-06-13,3053.0,0.0,0.0,0,289.58,0.0,0,0.0,0.0,,0.0,0,0.0,0.0,,0.0,bidTooLow
2019-06-14,3053.0,0.0,0.0,0,289.26,0.0,0,0.0,0.0,,0.0,0,0.0,0.0,,0.0,bidTooLow
2019-06-17,3053.0,0.0,0.0,0,289.37,0.0,0,0.0,0.0,,0.0,0,0.0,0.0,,0.0,bidTooLow
2019-06-18,3053.0,0.0,0.0,0,292.4,0.0,0,0.0,0.0,,0.0,0,0.0,0.0,,0.0,bidTooLow
2019-06-19,3053.0,0.0,0.0,0,293.06,0.0,0,0.0,0.0,,0.0,0,0.0,0.0,,0.0,bidTooLow
2019-06-20,3053.0,0.0,0.0,0,295.86,0.0,0,0.0,0.0,,0.0,0,0.0,0.0,,0.0,bidTooLow
2019-06-21,3053.0,0.0,0.0,0,294.0,0.0,0,0.0,0.0,,0.0,0,0.0,0.0,,0.0,bidTooLow
2019-06-24,3053.0,0.0,0.0,0,293.64,0.0,0,0.0,0.0,,0.0,0,0.0,0.0,,0.0,bidTooLow
2019-06-25,3053.0,0.0,0.0,0,290.76,0.0,0,0.0,0.0,,0.0,0,0.0,0.0,,0.0,bidTooLow
2019-06-26,3053.0,0.0,0.0,0,290.47,0.0,0,0.0,0.0,,0.0,0,0.0,0.0,,0.0,bidTooLow
2019-06-27,3053.0,0.0,0.0,0,291.5,0.0,0,0.0,0.0,,0.0,0,0.0,0.0,,0.0,bidTooLow
2019-06-28,3053.0,0.0,0.0,0,293.0,0.0,0,0.0,0.0,,0.0,0,0.0,0.0,,0.0,bidTooLow
2019-07-01,3053.0,0.0,0.0,0,295.66,0.0,0,0.0,0.0,,0.0,0,0.0,0.0,,0.0,bidTooLow
2019-07-02,3053.0,0.0,0.0,0,296.43,0.0,0,0.0,0.0,,0.0,0,0.0,0.0,,0.0,bidTooLow
2019-07-03,3053.0,0.0,0.0,0,298.8,0.0,0,0.0,0.0,,0.0,0,0.0,0.0,,0.0,bidTooLow
2019-07-05,3053.0,0.0,0.0,0,298.46,0.0,0,0.0,0.0,,0.0,0,0.0,0.0,,0.0,bidTooLow
2019-07-08,3053.0,0.0,0.0,0,296.82,0.0,0,0.0,0.0,,0.0,0,0.0,0.0,,0.0,bidTooLow
2019-07-09,3053.0,0.0,0.0,0,297.19,0.0,0,0.0,0.0,,0.0,0,0.0,0.0,,0.0,bidTooLow
2019-07-10,3053.0,0.0,0.0,0,298.61,0.0,0,0.0,0.0,,0.0,0,0.0,0.0,,0.0,bidTooLow
2019-07-11,3053.0,0.0,0.0,0,299.31,0.0,0,0.0,0.0,,0.0,0,0.0,0.0,,0.0,bidTooLow
2019-07-12,3053.0,0.0,0.0,0,300.65,0.0,0,0.0,0.0,,0.0,0,0.0,0.0,,0.0,bidTooLow
2019-07-15,3053.0,0.0,0.0,0,300.75,0.0,0,0.0,0.0,,0.0,0,0.0,0.0,,0.0,bidTooLow
2019-07-16,3053.0,0.0,0.0,0,299.78,0.0,0,0.0,0.0,,0.0,0,0.0,0.0,,0.0,bidTooLow
2019-07-17,3053.0,0.0,0.0,0,297.74,0.0,0,0.0,0.0,,0.0,0,0.0,0.0,,0.0,bidTooLow
2019-07-18,3053.0,0.0,0.0,0,298.83,0.0,0,0.0,0.0,,0.0,0,0.0,0.0,,0.0,bidTooLow
2019-07-19,3053.0,0.0,0.0,0,297.17,0.0,0,0.0,0.0,,0.0,0,0.0,0.0,,0.0,bidTooLow
2019-07-22,3053.0,0.0,0.0,0,297.9,0.0,0,0.0,0.0,,0.0,0,0.0,0.0,,0.0,bidTooLow
2019-07-23,3053.0,0.0,0.0,0,300.03,0.0,0,0.0,0.0,,0.0,0,0.0,0.0,,0.0,bidTooLow
2019-07-24,3053.0,0.0,0.0,0,301.44,0.0,0,0.0,0.0,,0.0,0,0.0,0.0,,0.0,bidTooLow
2019-07-25,3053.0,0.0,0.0,0,300.0,0.0,0,0.0,0.0,,0.0,0,0.0,0.0,,0.0,bidTooLow
2019-07-26,3053.0,0.0,0.0,0,302.01,0.0,0,0.0,0.0,,0.0,0,0.0,0.0,,0.0,bidTooLow
2019-07-29,3053.0,-3.0,0.0,0,301.46,0.0,1,0.01,0.04,SPY190731P00291500,291.5,0,0.0,0.0,,0.0,normalDay
2019-07-30,3053.0,-3.0,0.0,0,300.72,0.0,1,0.01,0.04,SPY190731P00291500,291.5,0,0.0,0.0,,0.0,normalDay
2019-07-31,3054.0,0.0,1.0,0,297.43,0.0,1,0.01,0.0,SPY190731P00291500,291.5,0,0.0,0.0,,0.0,expirationDay
2019-08-01,3054.0,-3.0,0.0,0,294.84,0.0,1,0.33,0.36,SPY190802P00291500,291.5,0,0.0,0.0,,0.0,normalDay
2019-08-02,3087.0,0.0,33.0,0,292.62,0.0,1,0.33,0.0,SPY190802P00291500,291.5,0,0.0,0.0,,0.0,expirationDay
2019-08-05,3087.0,-5.0,0.0,0,283.82,0.0,1,2.45,2.5,SPY190807P00282000,282.0,0,0.0,0.0,,0.0,normalDay
2019-08-06,3087.0,218.0,0.0,0,287.8,0.0,1,2.45,0.27,SPY190807P00282000,282.0,0,0.0,0.0,,0.0,normalDay
2019-08-07,3332.0,0.0,245.0,0,287.97,0.0,1,2.45,0.0,SPY190807P00282000,282.0,0,0.0,0.0,,0.0,expirationDay
2019-08-08,3332.0,0.0,0.0,0,293.62,0.0,0,0.0,0.0,,0.0,0,0.0,0.0,,0.0,bidTooLow
2019-08-09,3332.0,0.0,0.0,0,291.62,0.0,0,0.0,0.0,,0.0,0,0.0,0.0,,0.0,bidTooLow
2019-08-12,3332.0,-3.0,0.0,0,288.07,0.0,1,0.05,0.08,SPY190814P00274000,274.0,0,0.0,0.0,,0.0,normalDay
2019-08-13,3332.0,4.0,0.0,0,292.55,0.0,1,0.05,0.01,SPY190814P00274000,274.0,0,0.0,0.0,,0.0,normalDay
2019-08-14,3337.0,0.0,5.0,0,283.9,0.0,1,0.05,0.0,SPY190814P00274000,274.0,0,0.0,0.0,,0.0,expirationDay
2019-08-15,3337.0,0.0,0.0,0,284.65,0.0,0,0.0,0.0,,0.0,0,0.0,0.0,,0.0,bidTooLow
2019-08-16,3337.0,0.0,0.0,0,288.85,0.0,0,0.0,0.0,,0.0,0,0.0,0.0,,0.0,bidTooLow
2019-08-19,3337.0,0.0,0.0,0,292.33,0.0,0,0.0,0.0,,0.0,0,0.0,0.0,,0.0,bidTooLow
2019-08-20,3337.0,0.0,0.0,0,290.09,0.0,0,0.0,0.0,,0.0,0,0.0,0.0,,0.0,bidTooLow
2019-08-21,3337.0,0.0,0.0,0,292.45,0.0,0,0.0,0.0,,0.0,0,0.0,0.0,,0.0,bidTooLow
2019-08-22,3337.0,0.0,0.0,0,292.36,0.0,0,0.0,0.0,,0.0,0,0.0,0.0,,0.0,bidTooLow
2019-08-23,3337.0,-3.0,0.0,0,284.85,0.0,1,0.06,0.09,SPY190826P00271000,271.0,0,0.0,0.0,,0.0,normalDay
2019-08-26,3343.0,0.0,6.0,0,288.0,0.0,1,0.06,0.0,SPY190826P00271000,271.0,0,0.0,0.0,,0.0,expirationDay
2019-08-27,3343.0,-3.0,0.0,0,286.87,0.0,1,0.09,0.12,SPY190830P00274000,274.0,0,0.0,0.0,,0.0,normalDay
2019-08-28,3343.0,5.0,0.0,0,288.89,0.0,1,0.09,0.04,SPY190830P00274000,274.0,0,0.0,0.0,,0.0,normalDay
2019-08-29,3343.0,7.0,0.0,0,292.58,0.0,1,0.09,0.02,SPY190830P00274000,274.0,0,0.0,0.0,,0.0,normalDay
2019-08-30,3352.0,0.0,9.0,0,292.45,0.0,1,0.09,0.0,SPY190830P00274000,274.0,0,0.0,0.0,,0.0,expirationDay
2019-09-03,3352.0,-3.0,0.0,0,290.74,0.0,1,0.08,0.11,SPY190906P00277500,277.5,0,0.0,0.0,,0.0,normalDay
2019-09-04,3352.0,5.0,0.0,0,294.04,0.0,1,0.08,0.03,SPY190906P00277500,277.5,0,0.0,0.0,,0.0,normalDay
2019-09-05,3352.0,6.0,0.0,0,297.82,0.0,1,0.08,0.02,SPY190906P00277500,277.5,0,0.0,0.0,,0.0,normalDay
2019-09-06,3360.0,0.0,8.0,0,298.05,0.0,1,0.08,0.0,SPY190906P00277500,277.5,0,0.0,0.0,,0.0,expirationDay
2019-09-09,3360.0,0.0,0.0,0,298.2,0.0,0,0.0,0.0,,0.0,0,0.0,0.0,,0.0,bidTooLow
2019-09-10,3360.0,0.0,0.0,0,298.13,0.0,0,0.0,0.0,,0.0,0,0.0,0.0,,0.0,bidTooLow
2019-09-11,3360.0,0.0,0.0,0,300.25,0.0,0,0.0,0.0,,0.0,0,0.0,0.0,,0.0,bidTooLow
2019-09-12,3360.0,0.0,0.0,0,301.29,0.0,0,0.0,0.0,,0.0,0,0.0,0.0,,0.0,bidTooLow
2019-09-13,3360.0,0.0,0.0,0,301.09,0.0,0,0.0,0.0,,0.0,0,0.0,0.0,,0.0,bidTooLow
2019-09-16,3360.0,0.0,0.0,0,300.16,0.0,0,0.0,0.0,,0.0,0,0.0,0.0,,0.0,bidTooLow
2019-09-17,3360.0,-3.0,0.0,0,300.92,0.0,1,0.01,0.04,SPY190920P00273000,273.0,0,0.0,0.0,,0.0,normalDay
2019-09-18,3360.0,-2.0,0.0,0,301.1,0.0,1,0.01,0.03,SPY190920P00273000,273.0,0,0.0,0.0,,0.0,normalDay
2019-09-19,3360.0,-1.0,0.0,0,301.08,0.0,1,0.01,0.02,SPY190920P00273000,273.0,0,0.0,0.0,,0.0,normalDay
2019-09-20,3361.0,0.0,1.0,0,298.28,0.0,1,0.01,0.0,SPY190920P00273000,273.0,0,0.0,0.0,,0.0,expirationDay
2019-09-23,3361.0,0.0,0.0,0,298.21,0.0,0,0.0,0.0,,0.0,0,0.0,0.0,,0.0,bidTooLow
2019-09-24,3361.0,-3.0,0.0,0,295.87,0.0,1,0.05,0.08,SPY190927P00279000,279.0,0,0.0,0.0,,0.0,normalDay
2019-09-25,3361.0,2.0,0.0,0,297.62,0.0,1,0.05,0.03,SPY190927P00279000,279.0,0,0.0,0.0,,0.0,normalDay
2019-09-26,3361.0,4.0,0.0,0,297.0,0.0,1,0.05,0.01,SPY190927P00279000,279.0,0,0.0,0.0,,0.0,normalDay
2019-09-27,3366.0,0.0,5.0,0,295.4,0.0,1,0.05,0.0,SPY190927P00279000,279.0,0,0.0,0.0,,0.0,expirationDay
2019-09-30,3366.0,-3.0,0.0,0,296.77,0.0,1,0.02,0.05,SPY191002P00287000,287.0,0,0.0,0.0,,0.0,normalDay
2019-10-01,3366.0,-4.0,0.0,0,293.24,0.0,1,0.02,0.06,SPY191002P00287000,287.0,0,0.0,0.0,,0.0,normalDay
2019-10-02,3368.0,0.0,2.0,0,288.06,0.0,1,0.02,0.0,SPY191002P00287000,287.0,0,0.0,0.0,,0.0,expirationDay
2019-10-03,3368.0,-3.0,0.0,0,290.42,0.0,1,0.05,0.08,SPY191004P00283000,283.0,0,0.0,0.0,,0.0,normalDay
2019-10-04,3373.0,0.0,5.0,0,294.35,0.0,1,0.05,0.0,SPY191004P00283000,283.0,0,0.0,0.0,,0.0,expirationDay
2019-10-07,3373.0,-3.0,0.0,0,293.08,0.0,1,0.01,0.04,SPY191009P00282000,282.0,0,0.0,0.0,,0.0,normalDay
2019-10-08,3373.0,-7.0,0.0,0,288.53,0.0,1,0.01,0.08,SPY191009P00282000,282.0,0,0.0,0.0,,0.0,normalDay
2019-10-09,3374.0,0.0,1.0,0,291.27,0.0,1,0.01,0.0,SPY191009P00282000,282.0,0,0.0,0.0,,0.0,expirationDay
2019-10-10,3374.0,0.0,0.0,0,293.24,0.0,0,0.0,0.0,,0.0,0,0.0,0.0,,0.0,bidTooLow
2019-10-11,3374.0,0.0,0.0,0,296.28,0.0,0,0.0,0.0,,0.0,0,0.0,0.0,,0.0,bidTooLow
2019-10-14,3374.0,0.0,0.0,0,295.95,0.0,0,0.0,0.0,,0.0,0,0.0,0.0,,0.0,bidTooLow
2019-10-15,3374.0,-3.0,0.0,0,298.88,0.0,1,0.01,0.04,SPY191018P00280500,280.5,0,0.0,0.0,,0.0,normalDay
2019-10-16,3374.0,-1.0,0.0,0,298.4,0.0,1,0.01,0.02,SPY191018P00280500,280.5,0,0.0,0.0,,0.0,normalDay
2019-10-17,3374.0,0.0,0.0,0,299.28,0.0,1,0.01,0.01,SPY191018P00280500,280.5,0,0.0,0.0,,0.0,normalDay
2019-10-18,3375.0,0.0,1.0,0,297.97,0.0,1,0.01,0.0,SPY191018P00280500,280.5,0,0.0,0.0,,0.0,expirationDay
2019-10-21,3375.0,0.0,0.0,0,299.99,0.0,0,0.0,0.0,,0.0,0,0.0,0.0,,0.0,bidTooLow
2019-10-22,3375.0,0.0,0.0,0,299.01,0.0,0,0.0,0.0,,0.0,0,0.0,0.0,,0.0,bidTooLow
2019-10-23,3375.0,0.0,0.0,0,299.88,0.0,0,0.0,0.0,,0.0,0,0.0,0.0,,0.0,bidTooLow
2019-10-24,3375.0,0.0,0.0,0,300.37,0.0,0,0.0,0.0,,0.0,0,0.0,0.0,,0.0,bidTooLow
2019-10-25,3375.0,0.0,0.0,0,301.6,0.0,0,0.0,0.0,,0.0,0,0.0,0.0,,0.0,bidTooLow
2019-10-28,3375.0,0.0,0.0,0,303.3,0.0,0,0.0,0.0,,0.0,0,0.0,0.0,,0.0,bidTooLow
2019-10-29,3375.0,0.0,0.0,0,303.21,0.0,0,0.0,0.0,,0.0,0,0.0,0.0,,0.0,bidTooLow
2019-10-30,3375.0,0.0,0.0,0,304.14,0.0,0,0.0,0.0,,0.0,0,0.0,0.0,,0.0,bidTooLow
2019-10-31,3375.0,0.0,0.0,0,303.33,0.0,0,0.0,0.0,,0.0,0,0.0,0.0,,0.0,bidTooLow
2019-11-01,3375.0,0.0,0.0,0,306.14,0.0,0,0.0,0.0,,0.0,0,0.0,0.0,,0.0,bidTooLow
2019-11-04,3375.0,0.0,0.0,0,307.37,0.0,0,0.0,0.0,,0.0,0,0.0,0.0,,0.0,bidTooLow
2019-11-05,3375.0,0.0,0.0,0,307.03,0.0,0,0.0,0.0,,0.0,0,0.0,0.0,,0.0,bidTooLow
2019-11-06,3375.0,0.0,0.0,0,307.1,0.0,0,0.0,0.0,,0.0,0,0.0,0.0,,0.0,bidTooLow
2019-11-07,3375.0,0.0,0.0,0,308.18,0.0,0,0.0,0.0,,0.0,0,0.0,0.0,,0.0,bidTooLow
2019-11-08,3375.0,0.0,0.0,0,308.94,0.0,0,0.0,0.0,,0.0,0,0.0,0.0,,0.0,bidTooLow
2019-11-11,3375.0,0.0,0.0,0,308.35,0.0,0,0.0,0.0,,0.0,0,0.0,0.0,,0.0,bidTooLow
2019-11-12,3375.0,0.0,0.0,0,309.0,0.0,0,0.0,0.0,,0.0,0,0.0,0.0,,0.0,bidTooLow
2019-11-13,3375.0,0.0,0.0,0,309.1,0.0,0,0.0,0.0,,0.0,0,0.0,0.0,,0.0,bidTooLow
2019-11-14,3375.0,0.0,0.0,0,309.55,0.0,0,0.0,0.0,,0.0,0,0.0,0.0,,0.0,bidTooLow
2019-11-15,3375.0,0.0,0.0,0,311.79,0.0,0,0.0,0.0,,0.0,0,0.0,0.0,,0.0,bidTooLow
2019-11-18,3375.0,0.0,0.0,0,312.02,0.0,0,0.0,0.0,,0.0,0,0.0,0.0,,0.0,bidTooLow
2019-11-19,3375.0,0.0,0.0,0,311.93,0.0,0,0.0,0.0,,0.0,0,0.0,0.0,,0.0,bidTooLow
2019-11-20,3375.0,0.0,0.0,0,310.77,0.0,0,0.0,0.0,,0.0,0,0.0,0.0,,0.0,bidTooLow
2019-11-21,3375.0,0.0,0.0,0,310.27,0.0,0,0.0,0.0,,0.0,0,0.0,0.0,,0.0,bidTooLow
2019-11-22,3375.0,0.0,0.0,0,310.96,0.0,0,0.0,0.0,,0.0,0,0.0,0.0,,0.0,bidTooLow
2019-11-25,3375.0,0.0,0.0,0,313.37,0.0,0,0.0,0.0,,0.0,0,0.0,0.0,,0.0,bidTooLow
2019-11-26,3375.0,0.0,0.0,0,314.08,0.0,0,0.0,0.0,,0.0,0,0.0,0.0,,0.0,bidTooLow
2019-11-27,3375.0,0.0,0.0,0,315.48,0.0,0,0.0,0.0,,0.0,0,0.0,0.0,,0.0,bidTooLow
2019-11-29,3375.0,0.0,0.0,0,314.31,0.0,0,0.0,0.0,,0.0,0,0.0,0.0,,0.0,bidTooLow
2019-12-02,3375.0,-3.0,0.0,0,311.64,0.0,1,0.03,0.06,SPY191204P00300500,300.5,0,0.0,0.0,,0.0,normalDay
2019-12-03,3375.0,0.0,0.0,0,309.55,0.0,1,0.03,0.03,SPY191204P00300500,300.5,0,0.0,0.0,,0.0,normalDay
2019-12-04,3378.0,0.0,3.0,0,311.46,0.0,1,0.03,0.0,SPY191204P00300500,300.5,0,0.0,0.0,,0.0,expirationDay
2019-12-05,3378.0,0.0,0.0,0,312.02,0.0,0,0.0,0.0,,0.0,0,0.0,0.0,,0.0,bidTooLow
2019-12-06,3378.0,0.0,0.0,0,314.87,0.0,0,0.0,0.0,,0.0,0,0.0,0.0,,0.0,bidTooLow
2019-12-09,3378.0,-3.0,0.0,0,313.88,0.0,1,0.05,0.08,SPY191211P00303500,303.5,0,0.0,0.0,,0.0,normalDay
2019-12-10,3378.0,2.0,0.0,0,313.53,0.0,1,0.05,0.03,SPY191211P00303500,303.5,0,0.0,0.0,,0.0,normalDay
2019-12-11,3383.0,0.0,5.0,0,314.42,0.0,1,0.05,0.0,SPY191211P00303500,303.5,0,0.0,0.0,,0.0,expirationDay
2019-12-12,3383.0,0.0,0.0,0,317.13,0.0,0,0.0,0.0,,0.0,0,0.0,0.0,,0.0,bidTooLow
2019-12-13,3383.0,-3.0,0.0,0,317.32,0.0,1,0.01,0.04,SPY191216P00304000,304.0,0,0.0,0.0,,0.0,normalDay
2019-12-16,3384.0,0.0,1.0,0,319.5,0.0,1,0.01,0.0,SPY191216P00304000,304.0,0,0.0,0.0,,0.0,expirationDay
2019-12-17,3384.0,-3.0,0.0,0,319.57,0.0,1,0.03,0.06,SPY191220P00302000,302.0,0,0.0,0.0,,0.0,normalDay
2019-12-18,3384.0,-1.0,0.0,0,319.59,0.0,1,0.03,0.04,SPY191220P00302000,302.0,0,0.0,0.0,,0.0,normalDay
2019-12-19,3384.0,0.0,0.0,0,320.9,0.0,1,0.03,0.03,SPY191220P00302000,302.0,0,0.0,0.0,,0.0,normalDay
2019-12-20,3387.0,0.0,3.0,0,320.73,0.0,1,0.03,0.0,SPY191220P00302000,302.0,0,0.0,0.0,,0.0,expirationDay
2019-12-23,3387.0,0.0,0.0,0,321.22,0.0,0,0.0,0.0,,0.0,0,0.0,0.0,,0.0,bidTooLow
2019-12-24,3387.0,0.0,0.0,0,321.23,0.0,0,0.0,0.0,,0.0,0,0.0,0.0,,0.0,bidTooLow
2019-12-26,3387.0,0.0,0.0,0,322.94,0.0,0,0.0,0.0,,0.0,0,0.0,0.0,,0.0,bidTooLow
2019-12-27,3387.0,0.0,0.0,0,322.86,0.0,0,0.0,0.0,,0.0,0,0.0,0.0,,0.0,bidTooLow
2019-12-30,3387.0,0.0,0.0,0,321.08,0.0,0,0.0,0.0,,0.0,0,0.0,0.0,,0.0,bidTooLow
2019-12-31,3387.0,-3.0,0.0,0,321.86,0.0,1,0.04,0.07,SPY200103P00301000,301.0,0,0.0,0.0,,0.0,normalDay
2020-01-02,3387.0,3.0,0.0,0,324.87,0.0,1,0.04,0.01,SPY200103P00301000,301.0,0,0.0,0.0,,0.0,normalDay
2020-01-03,3391.0,0.0,4.0,0,322.41,0.0,1,0.04,0.0,SPY200103P00301000,301.0,0,0.0,0.0,,0.0,expirationDay
2020-01-06,3391.0,0.0,0.0,0,323.64,0.0,0,0.0,0.0,,0.0,0,0.0,0.0,,0.0,bidTooLow
2020-01-07,3391.0,0.0,0.0,0,322.73,0.0,0,0.0,0.0,,0.0,0,0.0,0.0,,0.0,bidTooLow
2020-01-08,3391.0,-3.0,0.0,0,324.45,0.0,1,0.01,0.04,SPY200110P00308000,308.0,0,0.0,0.0,,0.0,normalDay
2020-01-09,3391.0,0.0,0.0,0,326.65,0.0,1,0.01,0.01,SPY200110P00308000,308.0,0,0.0,0.0,,0.0,normalDay
2020-01-10,3392.0,0.0,1.0,0,325.71,0.0,1,0.01,0.0,SPY200110P00308000,308.0,0,0.0,0.0,,0.0,expirationDay
2020-01-13,3392.0,0.0,0.0,0,327.95,0.0,0,0.0,0.0,,0.0,0,0.0,0.0,,0.0,bidTooLow
2020-01-14,3392.0,-3.0,0.0,0,327.45,0.0,1,0.01,0.04,SPY200117P00312500,312.5,0,0.0,0.0,,0.0,normalDay
2020-01-15,3392.0,-2.0,0.0,0,328.19,0.0,1,0.01,0.03,SPY200117P00312500,312.5,0,0.0,0.0,,0.0,normalDay
2020-01-16,3392.0,0.0,0.0,0,330.92,0.0,1,0.01,0.01,SPY200117P00312500,312.5,0,0.0,0.0,,0.0,normalDay
2020-01-17,3393.0,0.0,1.0,0,331.95,0.0,1,0.01,0.0,SPY200117P00312500,312.5,0,0.0,0.0,,0.0,expirationDay
2020-01-21,3393.0,0.0,0.0,0,331.3,0.0,0,0.0,0.0,,0.0,0,0.0,0.0,,0.0,bidTooLow
2020-01-22,3393.0,0.0,0.0,0,331.34,0.0,0,0.0,0.0,,0.0,0,0.0,0.0,,0.0,bidTooLow
2020-01-23,3393.0,0.0,0.0,0,331.72,0.0,0,0.0,0.0,,0.0,0,0.0,0.0,,0.0,bidTooLow
2020-01-24,3393.0,0.0,0.0,0,328.77,0.0,0,0.0,0.0,,0.0,0,0.0,0.0,,0.0,bidTooLow
2020-01-27,3393.0,-3.0,0.0,0,323.5,0.0,1,0.19,0.22,SPY200129P00312000,312.0,0,0.0,0.0,,0.0,normalDay
2020-01-28,3393.0,17.0,0.0,0,326.89,0.0,1,0.19,0.02,SPY200129P00312000,312.0,0,0.0,0.0,,0.0,normalDay
2020-01-29,3412.0,0.0,19.0,0,326.62,0.0,1,0.19,0.0,SPY200129P00312000,312.0,0,0.0,0.0,,0.0,expirationDay
2020-01-30,3412.0,0.0,0.0,0,327.68,0.0,0,0.0,0.0,,0.0,0,0.0,0.0,,0.0,bidTooLow
2020-01-31,3412.0,-4.0,0.0,0,321.73,0.0,1,0.36,0.4,SPY200203P00314000,314.0,0,0.0,0.0,,0.0,normalDay
2020-02-03,3448.0,0.0,36.0,0,324.12,0.0,1,0.36,0.0,SPY200203P00314000,314.0,0,0.0,0.0,,0.0,expirationDay
2020-02-04,3448.0,-3.0,0.0,0,329.06,0.0,1,0.06,0.09,SPY200207P00315000,315.0,0,0.0,0.0,,0.0,normalDay
2020-02-05,3448.0,3.0,0.0,0,332.86,0.0,1,0.06,0.03,SPY200207P00315000,315.0,0,0.0,0.0,,0.0,normalDay
2020-02-06,3448.0,5.0,0.0,0,333.98,0.0,1,0.06,0.01,SPY200207P00315000,315.0,0,0.0,0.0,,0.0,normalDay
2020-02-07,3454.0,0.0,6.0,0,332.2,0.0,1,0.06,0.0,SPY200207P00315000,315.0,0,0.0,0.0,,0.0,expirationDay
2020-02-10,3454.0,0.0,0.0,0,334.68,0.0,0,0.0,0.0,,0.0,0,0.0,0.0,,0.0,bidTooLow
2020-02-11,3454.0,0.0,0.0,0,335.26,0.0,0,0.0,0.0,,0.0,0,0.0,0.0,,0.0,bidTooLow
2020-02-12,3454.0,0.0,0.0,0,337.42,0.0,0,0.0,0.0,,0.0,0,0.0,0.0,,0.0,bidTooLow
2020-02-13,3454.0,0.0,0.0,0,337.06,0.0,0,0.0,0.0,,0.0,0,0.0,0.0,,0.0,bidTooLow
2020-02-14,3454.0,0.0,0.0,0,337.6,0.0,0,0.0,0.0,,0.0,0,0.0,0.0,,0.0,bidTooLow
2020-02-18,3454.0,0.0,0.0,0,336.73,0.0,0,0.0,0.0,,0.0,0,0.0,0.0,,0.0,bidTooLow
2020-02-19,3454.0,0.0,0.0,0,338.34,0.0,0,0.0,0.0,,0.0,0,0.0,0.0,,0.0,bidTooLow
2020-02-20,3454.0,0.0,0.0,0,336.95,0.0,0,0.0,0.0,,0.0,0,0.0,0.0,,0.0,bidTooLow
2020-02-21,3454.0,0.0,0.0,0,333.48,0.0,0,0.0,0.0,,0.0,0,0.0,0.0,,0.0,bidTooLow
2020-02-24,3454.0,-3.0,0.0,0,322.42,0.0,1,0.77,0.8,SPY200226P00309000,309.0,0,0.0,0.0,,0.0,normalDay
2020-02-25,3454.0,-42.0,0.0,0,312.65,0.0,1,0.77,1.19,SPY200226P00309000,309.0,0,0.0,0.0,,0.0,normalDay
2020-02-26,3531.0,0.0,77.0,0,311.5,0.0,1,0.77,0.0,SPY200226P00309000,309.0,0,0.0,0.0,,0.0,expirationDay
2020-02-27,3531.0,-10.0,0.0,0,297.51,0.0,1,0.9,1.0,SPY200228P00285000,285.0,0,0.0,0.0,,0.0,normalDay
2020-02-28,3621.0,0.0,90.0,0,296.26,0.0,1,0.9,0.0,SPY200228P00285000,285.0,0,0.0,0.0,,0.0,expirationDay
2020-03-02,3621.0,-3.0,0.0,0,309.09,0.0,1,0.04,0.07,SPY200304P00272000,272.0,0,0.0,0.0,,0.0,normalDay
2020-03-03,3621.0,2.0,0.0,0,300.24,0.0,1,0.04,0.02,SPY200304P00272000,272.0,0,0.0,0.0,,0.0,normalDay
2020-03-04,3625.0,0.0,4.0,0,312.86,0.0,1,0.04,0.0,SPY200304P00272000,272.0,0,0.0,0.0,,0.0,expirationDay
2020-03-05,3625.0,0.0,0.0,0,302.46,0.0,0,0.0,0.0,,0.0,0,0.0,0.0,,0.0,bidTooLow
2020-03-06,3625.0,0.0,0.0,0,297.46,0.0,0,0.0,0.0,,0.0,0,0.0,0.0,,0.0,bidTooLow
2020-03-09,3625.0,-10.0,0.0,0,274.23,0.0,1,0.47,0.57,SPY200311P00241000,241.0,0,0.0,0.0,,0.0,normalDay
2020-03-10,3625.0,44.0,0.0,0,288.42,0.0,1,0.47,0.03,SPY200311P00241000,241.0,0,0.0,0.0,,0.0,normalDay
2020-03-11,3672.0,0.0,47.0,0,274.36,0.0,1,0.47,0.0,SPY200311P00241000,241.0,0,0.0,0.0,,0.0,expirationDay
2020-03-12,3672.0,-10.0,0.0,0,248.11,0.0,1,0.64,0.74,SPY200313P00218000,218.0,0,0.0,0.0,,0.0,normalDay
2020-03-13,3736.0,0.0,64.0,0,269.32,0.0,1,0.64,0.0,SPY200313P00218000,218.0,0,0.0,0.0,,0.0,expirationDay
2020-03-16,3736.0,-8.0,0.0,0,239.85,0.0,1,0.3,0.38,SPY200318P00185000,185.0,0,0.0,0.0,,0.0,normalDay
2020-03-17,3736.0,28.0,0.0,0,252.8,0.0,1,0.3,0.02,SPY200318P00185000,185.0,0,0.0,0.0,,0.0,normalDay
2020-03-18,3766.0,0.0,30.0,0,240.0,0.0,1,0.3,0.0,SPY200318P00185000,185.0,0,0.0,0.0,,0.0,expirationDay
2020-03-19,3766.0,0.0,0.0,0,240.51,0.0,0,0.0,0.0,,0.0,0,0.0,0.0,,0.0,bidTooLow
2020-03-20,3766.0,0.0,0.0,0,228.8,0.0,0,0.0,0.0,,0.0,0,0.0,0.0,,0.0,bidTooLow
2020-03-23,3766.0,0.0,0.0,0,222.95,0.0,0,0.0,0.0,,0.0,0,0.0,0.0,,0.0,bidTooLow
2020-03-24,3766.0,0.0,0.0,0,243.15,0.0,0,0.0,0.0,,0.0,0,0.0,0.0,,0.0,bidTooLow
2020-03-25,3766.0,0.0,0.0,0,246.79,0.0,0,0.0,0.0,,0.0,0,0.0,0.0,,0.0,bidTooLow
2020-03-26,3766.0,0.0,0.0,0,261.2,0.0,0,0.0,0.0,,0.0,0,0.0,0.0,,0.0,bidTooLow
2020-03-27,3766.0,0.0,0.0,0,253.42,0.0,0,0.0,0.0,,0.0,0,0.0,0.0,,0.0,bidTooLow
2020-03-30,3766.0,0.0,0.0,0,261.65,0.0,0,0.0,0.0,,0.0,0,0.0,0.0,,0.0,bidTooLow
2020-03-31,3766.0,0.0,0.0,0,257.75,0.0,0,0.0,0.0,,0.0,0,0.0,0.0,,0.0,bidTooLow
2020-04-01,3766.0,0.0,0.0,0,246.15,0.0,0,0.0,0.0,,0.0,0,0.0,0.0,,0.0,bidTooLow
2020-04-02,3766.0,0.0,0.0,0,251.83,0.0,0,0.0,0.0,,0.0,0,0.0,0.0,,0.0,bidTooLow
2020-04-03,3766.0,0.0,0.0,0,248.19,0.0,0,0.0,0.0,,0.0,0,0.0,0.0,,0.0,bidTooLow
2020-04-06,3766.0,0.0,0.0,0,264.86,0.0,0,0.0,0.0,,0.0,0,0.0,0.0,,0.0,bidTooLow
2020-04-07,3766.0,0.0,0.0,0,265.13,0.0,0,0.0,0.0,,0.0,0,0.0,0.0,,0.0,bidTooLow
2020-04-08,3766.0,0.0,0.0,0,274.03,0.0,0,0.0,0.0,,0.0,0,0.0,0.0,,0.0,bidTooLow
2020-04-09,3766.0,0.0,0.0,0,278.2,0.0,0,0.0,0.0,,0.0,0,0.0,0.0,,0.0,bidTooLow
2020-04-13,3766.0,0.0,0.0,0,275.66,0.0,0,0.0,0.0,,0.0,0,0.0,0.0,,0.0,bidTooLow
2020-04-14,3766.0,0.0,0.0,0,283.79,0.0,0,0.0,0.0,,0.0,0,0.0,0.0,,0.0,bidTooLow
2020-04-15,3766.0,0.0,0.0,0,277.76,0.0,0,0.0,0.0,,0.0,0,0.0,0.0,,0.0,bidTooLow
2020-04-16,3766.0,0.0,0.0,0,279.1,0.0,0,0.0,0.0,,0.0,0,0.0,0.0,,0.0,bidTooLow
2020-04-17,3766.0,0.0,0.0,0,286.64,0.0,0,0.0,0.0,,0.0,0,0.0,0.0,,0.0,bidTooLow
2020-04-20,3766.0,0.0,0.0,0,281.59,0.0,0,0.0,0.0,,0.0,0,0.0,0.0,,0.0,bidTooLow
2020-04-21,3766.0,0.0,0.0,0,273.04,0.0,0,0.0,0.0,,0.0,0,0.0,0.0,,0.0,bidTooLow
2020-04-22,3766.0,0.0,0.0,0,279.1,0.0,0,0.0,0.0,,0.0,0,0.0,0.0,,0.0,bidTooLow
2020-04-23,3766.0,0.0,0.0,0,279.08,0.0,0,0.0,0.0,,0.0,0,0.0,0.0,,0.0,bidTooLow
2020-04-24,3766.0,0.0,0.0,0,282.97,0.0,0,0.0,0.0,,0.0,0,0.0,0.0,,0.0,bidTooLow
2020-04-27,3766.0,0.0,0.0,0,287.05,0.0,0,0.0,0.0,,0.0,0,0.0,0.0,,0.0,bidTooLow
2020-04-28,3766.0,0.0,0.0,0,285.73,0.0,0,0.0,0.0,,0.0,0,0.0,0.0,,0.0,bidTooLow
2020-04-29,3766.0,0.0,0.0,0,293.21,0.0,0,0.0,0.0,,0.0,0,0.0,0.0,,0.0,bidTooLow
2020-04-30,3766.0,0.0,0.0,0,290.48,0.0,0,0.0,0.0,,0.0,0,0.0,0.0,,0.0,bidTooLow
2020-05-01,3766.0,0.0,0.0,0,282.79,0.0,0,0.0,0.0,,0.0,0,0.0,0.0,,0.0,bidTooLow
2020-05-04,3766.0,0.0,0.0,0,283.57,0.0,0,0.0,0.0,,0.0,0,0.0,0.0,,0.0,bidTooLow
2020-05-05,3766.0,-3.0,0.0,0,286.19,0.0,1,0.01,0.04,SPY200508P00255000,255.0,0,0.0,0.0,,0.0,normalDay
2020-05-06,3766.0,-2.0,0.0,0,284.25,0.0,1,0.01,0.03,SPY200508P00255000,255.0,0,0.0,0.0,,0.0,normalDay
2020-05-07,3766.0,0.0,0.0,0,287.68,0.0,1,0.01,0.01,SPY200508P00255000,255.0,0,0.0,0.0,,0.0,normalDay
2020-05-08,3767.0,0.0,1.0,0,292.44,0.0,1,0.01,0.0,SPY200508P00255000,255.0,0,0.0,0.0,,0.0,expirationDay
2020-05-11,3767.0,0.0,0.0,0,292.5,0.0,0,0.0,0.0,,0.0,0,0.0,0.0,,0.0,bidTooLow
2020-05-12,3767.0,-3.0,0.0,0,286.67,0.0,1,0.11,0.14,SPY200515P00263000,263.0,0,0.0,0.0,,0.0,normalDay
2020-05-13,3767.0,2.0,0.0,0,281.6,0.0,1,0.11,0.09,SPY200515P00263000,263.0,0,0.0,0.0,,0.0,normalDay
2020-05-14,3767.0,10.0,0.0,0,284.97,0.0,1,0.11,0.01,SPY200515P00263000,263.0,0,0.0,0.0,,0.0,normalDay
2020-05-15,3778.0,0.0,11.0,0,286.28,0.0,1,0.11,0.0,SPY200515P00263000,263.0,0,0.0,0.0,,0.0,expirationDay
2020-05-18,3778.0,0.0,0.0,0,295.0,0.0,0,0.0,0.0,,0.0,0,0.0,0.0,,0.0,bidTooLow
2020-05-19,3778.0,-3.0,0.0,0,291.97,0.0,1,0.02,0.05,SPY200522P00268000,268.0,0,0.0,0.0,,0.0,normalDay
2020-05-20,3778.0,0.0,0.0,0,296.93,0.0,1,0.02,0.02,SPY200522P00268000,268.0,0,0.0,0.0,,0.0,normalDay
2020-05-21,3778.0,1.0,0.0,0,294.88,0.0,1,0.02,0.01,SPY200522P00268000,268.0,0,0.0,0.0,,0.0,normalDay
2020-05-22,3780.0,0.0,2.0,0,295.44,0.0,1,0.02,0.0,SPY200522P00268000,268.0,0,0.0,0.0,,0.0,expirationDay
2020-05-26,3780.0,0.0,0.0,0,299.08,0.0,0,0.0,0.0,,0.0,0,0.0,0.0,,0.0,bidTooLow
2020-05-27,3780.0,0.0,0.0,0,303.53,0.0,0,0.0,0.0,,0.0,0,0.0,0.0,,0.0,bidTooLow
2020-05-28,3780.0,0.0,0.0,0,302.97,0.0,0,0.0,0.0,,0.0,0,0.0,0.0,,0.0,bidTooLow
2020-05-29,3780.0,0.0,0.0,0,304.32,0.0,0,0.0,0.0,,0.0,0,0.0,0.0,,0.0,bidTooLow
2020-06-01,3780.0,0.0,0.0,0,305.55,0.0,0,0.0,0.0,,0.0,0,0.0,0.0,,0.0,bidTooLow
2020-06-02,3780.0,0.0,0.0,0,308.08,0.0,0,0.0,0.0,,0.0,0,0.0,0.0,,0.0,bidTooLow
2020-06-03,3780.0,0.0,0.0,0,312.18,0.0,0,0.0,0.0,,0.0,0,0.0,0.0,,0.0,bidTooLow
2020-06-04,3780.0,0.0,0.0,0,311.36,0.0,0,0.0,0.0,,0.0,0,0.0,0.0,,0.0,bidTooLow
2020-06-05,3780.0,0.0,0.0,0,319.34,0.0,0,0.0,0.0,,0.0,0,0.0,0.0,,0.0,bidTooLow
2020-06-08,3780.0,0.0,0.0,0,323.2,0.0,0,0.0,0.0,,0.0,0,0.0,0.0,,0.0,bidTooLow
2020-06-09,3780.0,0.0,0.0,0,320.79,0.0,0,0.0,0.0,,0.0,0,0.0,0.0,,0.0,bidTooLow
2020-06-10,3780.0,0.0,0.0,0,319.0,0.0,0,0.0,0.0,,0.0,0,0.0,0.0,,0.0,bidTooLow
2020-06-11,3780.0,0.0,0.0,0,300.61,0.0,0,0.0,0.0,,0.0,0,0.0,0.0,,0.0,bidTooLow
2020-06-12,3780.0,0.0,0.0,0,304.21,0.0,0,0.0,0.0,,0.0,0,0.0,0.0,,0.0,bidTooLow
2020-06-15,3780.0,-3.0,0.0,0,307.05,0.0,1,0.01,0.04,SPY200617P00268000,268.0,0,0.0,0.0,,0.0,normalDay
2020-06-16,3780.0,0.0,0.0,0,312.96,0.0,1,0.01,0.01,SPY200617P00268000,268.0,0,0.0,0.0,,0.0,normalDay
2020-06-17,3781.0,0.0,1.0,0,311.66,0.0,1,0.01,0.0,SPY200617P00268000,268.0,0,0.0,0.0,,0.0,expirationDay
2020-06-18,3781.0,0.0,0.0,0,311.78,0.0,0,0.0,0.0,,0.0,0,0.0,0.0,,0.0,bidTooLow
2020-06-19,3781.0,-3.0,0.0,0,308.64,0.0,1,0.01,0.04,SPY200622P00279000,279.0,0,0.0,0.0,,0.0,normalDay
2020-06-22,3782.0,0.0,1.0,0,310.62,0.0,1,0.01,0.0,SPY200622P00279000,279.0,0,0.0,0.0,,0.0,expirationDay
2020-06-23,3782.0,-3.0,0.0,0,312.05,0.0,1,0.03,0.06,SPY200626P00285000,285.0,0,0.0,0.0,,0.0,normalDay
2020-06-24,3782.0,-7.0,0.0,0,304.09,0.0,1,0.03,0.1,SPY200626P00285000,285.0,0,0.0,0.0,,0.0,normalDay
2020-06-25,3782.0,1.0,0.0,0,307.35,0.0,1,0.03,0.02,SPY200626P00285000,285.0,0,0.0,0.0,,0.0,normalDay
2020-06-26,3785.0,0.0,3.0,0,300.05,0.0,1,0.03,0.0,SPY200626P00285000,285.0,0,0.0,0.0,,0.0,expirationDay
2020-06-29,3785.0,-3.0,0.0,0,304.46,0.0,1,0.17,0.2,SPY200702P00285000,285.0,0,0.0,0.0,,0.0,normalDay
2020-06-30,3785.0,9.0,0.0,0,308.36,0.0,1,0.17,0.08,SPY200702P00285000,285.0,0,0.0,0.0,,0.0,normalDay
2020-07-01,3785.0,15.0,0.0,0,310.52,0.0,1,0.17,0.02,SPY200702P00285000,285.0,0,0.0,0.0,,0.0,normalDay
2020-07-02,3802.0,0.0,17.0,0,312.23,0.0,1,0.17,0.0,SPY200702P00285000,285.0,0,0.0,0.0,,0.0,expirationDay
2020-07-06,3802.0,0.0,0.0,0,317.05,0.0,0,0.0,0.0,,0.0,0,0.0,0.0,,0.0,bidTooLow
2020-07-07,3802.0,-3.0,0.0,0,313.78,0.0,1,0.02,0.05,SPY200710P00288000,288.0,0,0.0,0.0,,0.0,normalDay
2020-07-08,3802.0,0.0,0.0,0,316.18,0.0,1,0.02,0.02,SPY200710P00288000,288.0,0,0.0,0.0,,0.0,normalDay
2020-07-09,3802.0,0.0,0.0,0,314.38,0.0,1,0.02,0.02,SPY200710P00288000,288.0,0,0.0,0.0,,0.0,normalDay
2020-07-10,3804.0,0.0,2.0,0,317.59,0.0,1,0.02,0.0,SPY200710P00288000,288.0,0,0.0,0.0,,0.0,expirationDay
2020-07-13,3804.0,-3.0,0.0,0,314.84,0.0,1,0.04,0.07,SPY200715P00292000,292.0,0,0.0,0.0,,0.0,normalDay
2020-07-14,3804.0,2.0,0.0,0,318.92,0.0,1,0.04,0.02,SPY200715P00292000,292.0,0,0.0,0.0,,0.0,normalDay
2020-07-15,3808.0,0.0,4.0,0,321.85,0.0,1,0.04,0.0,SPY200715P00292000,292.0,0,0.0,0.0,,0.0,expirationDay
2020-07-16,3808.0,0.0,0.0,0,320.79,0.0,0,0.0,0.0,,0.0,0,0.0,0.0,,0.0,bidTooLow
2020-07-17,3808.0,0.0,0.0,0,321.72,0.0,0,0.0,0.0,,0.0,0,0.0,0.0,,0.0,bidTooLow
2020-07-20,3808.0,0.0,0.0,0,324.32,0.0,0,0.0,0.0,,0.0,0,0.0,0.0,,0.0,bidTooLow
2020-07-21,3808.0,0.0,0.0,0,325.01,0.0,0,0.0,0.0,,0.0,0,0.0,0.0,,0.0,bidTooLow
2020-07-22,3808.0,0.0,0.0,0,326.86,0.0,0,0.0,0.0,,0.0,0,0.0,0.0,,0.0,bidTooLow
2020-07-23,3808.0,0.0,0.0,0,322.96,0.0,0,0.0,0.0,,0.0,0,0.0,0.0,,0.0,bidTooLow
2020-07-24,3808.0,0.0,0.0,0,320.88,0.0,0,0.0,0.0,,0.0,0,0.0,0.0,,0.0,bidTooLow
2020-07-27,3808.0,0.0,0.0,0,323.22,0.0,0,0.0,0.0,,0.0,0,0.0,0.0,,0.0,bidTooLow
2020-07-28,3808.0,-3.0,0.0,0,321.17,0.0,1,0.03,0.06,SPY200731P00298000,298.0,0,0.0,0.0,,0.0,normalDay
2020-07-29,3808.0,0.0,0.0,0,325.12,0.0,1,0.03,0.03,SPY200731P00298000,298.0,0,0.0,0.0,,0.0,normalDay
2020-07-30,3808.0,1.0,0.0,0,323.96,0.0,1,0.03,0.02,SPY200731P00298000,298.0,0,0.0,0.0,,0.0,normalDay
2020-07-31,3811.0,0.0,3.0,0,326.52,0.0,1,0.03,0.0,SPY200731P00298000,298.0,0,0.0,0.0,,0.0,expirationDay
2020-08-03,3811.0,0.0,0.0,0,328.79,0.0,0,0.0,0.0,,0.0,0,0.0,0.0,,0.0,bidTooLow
2020-08-04,3811.0,-3.0,0.0,0,330.06,0.0,1,0.01,0.04,SPY200807P00305000,305.0,0,0.0,0.0,,0.0,normalDay
2020-08-05,3811.0,-1.0,0.0,0,332.11,0.0,1,0.01,0.02,SPY200807P00305000,305.0,0,0.0,0.0,,0.0,normalDay
2020-08-06,3811.0,-1.0,0.0,0,334.33,0.0,1,0.01,0.02,SPY200807P00305000,305.0,0,0.0,0.0,,0.0,normalDay
2020-08-07,3812.0,0.0,1.0,0,334.57,0.0,1,0.01,0.0,SPY200807P00305000,305.0,0,0.0,0.0,,0.0,expirationDay
2020-08-10,3812.0,0.0,0.0,0,335.57,0.0,0,0.0,0.0,,0.0,0,0.0,0.0,,0.0,bidTooLow
2020-08-11,3812.0,-3.0,0.0,0,332.8,0.0,1,0.05,0.08,SPY200814P00307000,307.0,0,0.0,0.0,,0.0,normalDay
2020-08-12,3812.0,3.0,0.0,0,337.44,0.0,1,0.05,0.02,SPY200814P00307000,307.0,0,0.0,0.0,,0.0,normalDay
2020-08-13,3812.0,3.0,0.0,0,336.83,0.0,1,0.05,0.02,SPY200814P00307000,307.0,0,0.0,0.0,,0.0,normalDay
2020-08-14,3817.0,0.0,5.0,0,336.84,0.0,1,0.05,0.0,SPY200814P00307000,307.0,0,0.0,0.0,,0.0,expirationDay
2020-08-17,3817.0,0.0,0.0,0,337.91,0.0,0,0.0,0.0,,0.0,0,0.0,0.0,,0.0,bidTooLow
2020-08-18,3817.0,-3.0,0.0,0,338.64,0.0,1,0.01,0.04,SPY200821P00306000,306.0,0,0.0,0.0,,0.0,normalDay
2020-08-19,3817.0,-4.0,0.0,0,337.23,0.0,1,0.01,0.05,SPY200821P00306000,306.0,0,0.0,0.0,,0.0,normalDay
2020-08-20,3817.0,-1.0,0.0,0,338.28,0.0,1,0.01,0.02,SPY200821P00306000,306.0,0,0.0,0.0,,0.0,normalDay
2020-08-21,3818.0,0.0,1.0,0,339.48,0.0,1,0.01,0.0,SPY200821P00306000,306.0,0,0.0,0.0,,0.0,expirationDay
2020-08-24,3818.0,0.0,0.0,0,342.92,0.0,0,0.0,0.0,,0.0,0,0.0,0.0,,0.0,bidTooLow
2020-08-25,3818.0,0.0,0.0,0,344.12,0.0,0,0.0,0.0,,0.0,0,0.0,0.0,,0.0,bidTooLow
2020-08-26,3818.0,-3.0,0.0,0,347.57,0.0,1,0.01,0.04,SPY200828P00313000,313.0,0,0.0,0.0,,0.0,normalDay
2020-08-27,3818.0,-1.0,0.0,0,348.33,0.0,1,0.01,0.02,SPY200828P00313000,313.0,0,0.0,0.0,,0.0,normalDay
2020-08-28,3819.0,0.0,1.0,0,350.58,0.0,1,0.01,0.0,SPY200828P00313000,313.0,0,0.0,0.0,,0.0,expirationDay
2020-08-31,3819.0,0.0,0.0,0,349.31,0.0,0,0.0,0.0,,0.0,0,0.0,0.0,,0.0,bidTooLow
2020-09-01,3819.0,0.0,0.0,0,352.6,0.0,0,0.0,0.0,,0.0,0,0.0,0.0,,0.0,bidTooLow
2020-09-02,3819.0,0.0,0.0,0,357.7,0.0,0,0.0,0.0,,0.0,0,0.0,0.0,,0.0,bidTooLow
2020-09-03,3819.0,-4.0,0.0,0,345.39,0.0,1,0.02,0.06,SPY200904P00315000,315.0,0,0.0,0.0,,0.0,normalDay
2020-09-04,3821.0,0.0,2.0,0,342.57,0.0,1,0.02,0.0,SPY200904P00315000,315.0,0,0.0,0.0,,0.0,expirationDay
2020-09-08,3821.0,-3.0,0.0,0,333.21,0.0,1,0.44,0.47,SPY200911P00315000,315.0,0,0.0,0.0,,0.0,normalDay
2020-09-09,3821.0,31.0,0.0,0,339.79,0.0,1,0.44,0.13,SPY200911P00315000,315.0,0,0.0,0.0,,0.0,normalDay
2020-09-10,3821.0,37.0,0.0,0,333.89,0.0,1,0.44,0.07,SPY200911P00315000,315.0,0,0.0,0.0,,0.0,normalDay
2020-09-11,3865.0,0.0,44.0,0,334.06,0.0,1,0.44,0.0,SPY200911P00315000,315.0,0,0.0,0.0,,0.0,expirationDay
2020-09-14,3865.0,-3.0,0.0,0,338.46,0.0,1,0.05,0.08,SPY200916P00316000,316.0,0,0.0,0.0,,0.0,normalDay
2020-09-15,3865.0,3.0,0.0,0,340.17,0.0,1,0.05,0.02,SPY200916P00316000,316.0,0,0.0,0.0,,0.0,normalDay
2020-09-16,3870.0,0.0,5.0,0,338.82,0.0,1,0.05,0.0,SPY200916P00316000,316.0,0,0.0,0.0,,0.0,expirationDay
2020-09-17,3870.0,-3.0,0.0,0,335.84,0.0,1,0.07,0.1,SPY200918P00316000,316.0,0,0.0,0.0,,0.0,normalDay
2020-09-18,3877.0,0.0,7.0,0,330.65,0.0,1,0.07,0.0,SPY200918P00316000,316.0,0,0.0,0.0,,0.0,expirationDay
2020-09-21,3877.0,-3.0,0.0,0,326.97,0.0,1,0.06,0.09,SPY200923P00310000,310.0,0,0.0,0.0,,0.0,normalDay
2020-09-22,3877.0,4.0,0.0,0,330.3,0.0,1,0.06,0.02,SPY200923P00310000,310.0,0,0.0,0.0,,0.0,normalDay
2020-09-23,3883.0,0.0,6.0,0,322.64,0.0,1,0.06,0.0,SPY200923P00310000,310.0,0,0.0,0.0,,0.0,expirationDay
2020-09-24,3883.0,0.0,0.0,0,323.5,0.0,0,0.0,0.0,,0.0,0,0.0,0.0,,0.0,bidTooLow
2020-09-25,3883.0,0.0,0.0,0,328.73,0.0,0,0.0,0.0,,0.0,0,0.0,0.0,,0.0,bidTooLow
2020-09-28,3883.0,0.0,0.0,0,334.19,0.0,0,0.0,0.0,,0.0,0,0.0,0.0,,0.0,bidTooLow
2020-09-29,3883.0,-3.0,0.0,0,332.37,0.0,1,0.01,0.04,SPY201002P00301000,301.0,0,0.0,0.0,,0.0,normalDay
2020-09-30,3883.0,-1.0,0.0,0,334.89,0.0,1,0.01,0.02,SPY201002P00301000,301.0,0,0.0,0.0,,0.0,normalDay
2020-10-01,3883.0,0.0,0.0,0,337.04,0.0,1,0.01,0.01,SPY201002P00301000,301.0,0,0.0,0.0,,0.0,normalDay
2020-10-02,3884.0,0.0,1.0,0,333.84,0.0,1,0.01,0.0,SPY201002P00301000,301.0,0,0.0,0.0,,0.0,expirationDay
2020-10-05,3884.0,0.0,0.0,0,339.76,0.0,0,0.0,0.0,,0.0,0,0.0,0.0,,0.0,bidTooLow
2020-10-06,3884.0,-3.0,0.0,0,334.93,0.0,1,0.06,0.09,SPY201009P00313000,313.0,0,0.0,0.0,,0.0,normalDay
2020-10-07,3884.0,4.0,0.0,0,340.76,0.0,1,0.06,0.02,SPY201009P00313000,313.0,0,0.0,0.0,,0.0,normalDay
2020-10-08,3884.0,5.0,0.0,0,343.78,0.0,1,0.06,0.01,SPY201009P00313000,313.0,0,0.0,0.0,,0.0,normalDay
2020-10-09,3890.0,0.0,6.0,0,346.85,0.0,1,0.06,0.0,SPY201009P00313000,313.0,0,0.0,0.0,,0.0,expirationDay
2020-10-12,3890.0,0.0,0.0,0,352.43,0.0,0,0.0,0.0,,0.0,0,0.0,0.0,,0.0,bidTooLow
2020-10-13,3890.0,0.0,0.0,0,350.13,0.0,0,0.0,0.0,,0.0,0,0.0,0.0,,0.0,bidTooLow
2020-10-14,3890.0,0.0,0.0,0,347.93,0.0,0,0.0,0.0,,0.0,0,0.0,0.0,,0.0,bidTooLow
2020-10-15,3890.0,0.0,0.0,0,347.5,0.0,0,0.0,0.0,,0.0,0,0.0,0.0,,0.0,bidTooLow
2020-10-16,3890.0,0.0,0.0,0,347.29,0.0,0,0.0,0.0,,0.0,0,0.0,0.0,,0.0,bidTooLow
2020-10-19,3890.0,0.0,0.0,0,342.01,0.0,0,0.0,0.0,,0.0,0,0.0,0.0,,0.0,bidTooLow
2020-10-20,3890.0,0.0,0.0,0,343.38,0.0,0,0.0,0.0,,0.0,0,0.0,0.0,,0.0,bidTooLow
2020-10-21,3890.0,0.0,0.0,0,342.73,0.0,0,0.0,0.0,,0.0,0,0.0,0.0,,0.0,bidTooLow
2020-10-22,3890.0,0.0,0.0,0,344.61,0.0,0,0.0,0.0,,0.0,0,0.0,0.0,,0.0,bidTooLow
2020-10-23,3890.0,0.0,0.0,0,345.78,0.0,0,0.0,0.0,,0.0,0,0.0,0.0,,0.0,bidTooLow
2020-10-26,3890.0,-3.0,0.0,0,339.39,0.0,1,0.08,0.11,SPY201028P00320000,320.0,0,0.0,0.0,,0.0,normalDay
2020-10-27,3890.0,5.0,0.0,0,338.22,0.0,1,0.08,0.03,SPY201028P00320000,320.0,0,0.0,0.0,,0.0,normalDay
2020-10-28,3898.0,0.0,8.0,0,326.66,0.0,1,0.08,0.0,SPY201028P00320000,320.0,0,0.0,0.0,,0.0,expirationDay
2020-10-29,3898.0,-4.0,0.0,0,329.98,0.0,1,0.07,0.11,SPY201030P00315000,315.0,0,0.0,0.0,,0.0,normalDay
2020-10-30,3905.0,0.0,7.0,0,326.54,0.0,1,0.07,0.0,SPY201030P00315000,315.0,0,0.0,0.0,,0.0,expirationDay
2020-11-02,3905.0,-4.0,0.0,0,330.2,0.0,1,0.73,0.77,SPY201104P00310000,310.0,0,0.0,0.0,,0.0,normalDay
2020-11-03,3905.0,45.0,0.0,0,336.03,0.0,1,0.73,0.28,SPY201104P00310000,310.0,0,0.0,0.0,,0.0,normalDay
2020-11-04,3978.0,0.0,73.0,0,343.54,0.0,1,0.73,0.0,SPY201104P00310000,310.0,0,0.0,0.0,,0.0,expirationDay
2020-11-05,3978.0,0.0,0.0,0,350.24,0.0,0,0.0,0.0,,0.0,0,0.0,0.0,,0.0,bidTooLow
2020-11-06,3978.0,0.0,0.0,0,350.16,0.0,0,0.0,0.0,,0.0,0,0.0,0.0,,0.0,bidTooLow
2020-11-09,3978.0,0.0,0.0,0,354.56,0.0,0,0.0,0.0,,0.0,0,0.0,0.0,,0.0,bidTooLow
2020-11-10,3978.0,0.0,0.0,0,354.04,0.0,0,0.0,0.0,,0.0,0,0.0,0.0,,0.0,bidTooLow
2020-11-11,3978.0,0.0,0.0,0,356.67,0.0,0,0.0,0.0,,0.0,0,0.0,0.0,,0.0,bidTooLow
2020-11-12,3978.0,0.0,0.0,0,353.21,0.0,0,0.0,0.0,,0.0,0,0.0,0.0,,0.0,bidTooLow
2020-11-13,3978.0,0.0,0.0,0,358.1,0.0,0,0.0,0.0,,0.0,0,0.0,0.0,,0.0,bidTooLow
2020-11-16,3978.0,0.0,0.0,0,362.57,0.0,0,0.0,0.0,,0.0,0,0.0,0.0,,0.0,bidTooLow
2020-11-17,3978.0,0.0,0.0,0,360.62,0.0,0,0.0,0.0,,0.0,0,0.0,0.0,,0.0,bidTooLow
2020-11-18,3978.0,0.0,0.0,0,356.28,0.0,0,0.0,0.0,,0.0,0,0.0,0.0,,0.0,bidTooLow
2020-11-19,3978.0,0.0,0.0,0,357.78,0.0,0,0.0,0.0,,0.0,0,0.0,0.0,,0.0,bidTooLow
2020-11-20,3978.0,0.0,0.0,0,355.33,0.0,0,0.0,0.0,,0.0,0,0.0,0.0,,0.0,bidTooLow
2020-11-23,3978.0,0.0,0.0,0,357.46,0.0,0,0.0,0.0,,0.0,0,0.0,0.0,,0.0,bidTooLow
2020-11-24,3978.0,0.0,0.0,0,363.22,0.0,0,0.0,0.0,,0.0,0,0.0,0.0,,0.0,bidTooLow
2020-11-25,3978.0,0.0,0.0,0,362.66,0.0,0,0.0,0.0,,0.0,0,0.0,0.0,,0.0,bidTooLow
2020-11-27,3978.0,0.0,0.0,0,363.67,0.0,0,0.0,0.0,,0.0,0,0.0,0.0,,0.0,bidTooLow
2020-11-30,3978.0,0.0,0.0,0,362.06,0.0,0,0.0,0.0,,0.0,0,0.0,0.0,,0.0,bidTooLow
2020-12-01,3978.0,0.0,0.0,0,366.02,0.0,0,0.0,0.0,,0.0,0,0.0,0.0,,0.0,bidTooLow
2020-12-02,3978.0,0.0,0.0,0,366.79,0.0,0,0.0,0.0,,0.0,0,0.0,0.0,,0.0,bidTooLow
2020-12-03,3978.0,0.0,0.0,0,366.69,0.0,0,0.0,0.0,,0.0,0,0.0,0.0,,0.0,bidTooLow
2020-12-04,3978.0,0.0,0.0,0,369.85,0.0,0,0.0,0.0,,0.0,0,0.0,0.0,,0.0,bidTooLow
2020-12-07,3978.0,0.0,0.0,0,369.09,0.0,0,0.0,0.0,,0.0,0,0.0,0.0,,0.0,bidTooLow
2020-12-08,3978.0,0.0,0.0,0,370.17,0.0,0,0.0,0.0,,0.0,0,0.0,0.0,,0.0,bidTooLow
2020-12-09,3978.0,-3.0,0.0,0,366.85,0.0,1,0.03,0.06,SPY201211P00342000,342.0,0,0.0,0.0,,0.0,normalDay
2020-12-10,3978.0,1.0,0.0,0,366.73,0.0,1,0.03,0.02,SPY201211P00342000,342.0,0,0.0,0.0,,0.0,normalDay
2020-12-11,3981.0,0.0,3.0,0,366.3,0.0,1,0.03,0.0,SPY201211P00342000,342.0,0,0.0,0.0,,0.0,expirationDay
2020-12-14,3981.0,-3.0,0.0,0,364.66,0.0,1,0.2,0.23,SPY201216P00346000,346.0,0,0.0,0.0,,0.0,normalDay
2020-12-15,3981.0,14.0,0.0,0,369.59,0.0,1,0.2,0.06,SPY201216P00346000,346.0,0,0.0,0.0,,0.0,normalDay
2020-12-16,4001.0,0.0,20.0,0,370.17,0.0,1,0.2,0.0,SPY201216P00346000,346.0,0,0.0,0.0,,0.0,expirationDay
2020-12-17,4001.0,-3.0,0.0,0,372.24,0.0,1,0.04,0.07,SPY201218P00347000,347.0,0,0.0,0.0,,0.0,normalDay
2020-12-18,4005.0,0.0,4.0,0,369.18,0.0,1,0.04,0.0,SPY201218P00347000,347.0,0,0.0,0.0,,0.0,expirationDay
2020-12-21,4005.0,-3.0,0.0,0,367.86,0.0,1,0.16,0.19,SPY201224P00352000,352.0,0,0.0,0.0,,0.0,normalDay
2020-12-22,4005.0,10.0,0.0,0,367.24,0.0,1,0.16,0.06,SPY201224P00352000,352.0,0,0.0,0.0,,0.0,normalDay
2020-12-23,4005.0,14.0,0.0,0,367.57,0.0,1,0.16,0.02,SPY201224P00352000,352.0,0,0.0,0.0,,0.0,normalDay
2020-12-24,4021.0,0.0,16.0,0,369.0,0.0,1,0.16,0.0,SPY201224P00352000,352.0,0,0.0,0.0,,0.0,expirationDay
2020-12-28,4021.0,-3.0,0.0,0,372.17,0.0,1,0.09,0.12,SPY201231P00358000,358.0,0,0.0,0.0,,0.0,normalDay
2020-12-29,4021.0,-2.0,0.0,0,371.46,0.0,1,0.09,0.11,SPY201231P00358000,358.0,0,0.0,0.0,,0.0,normalDay
2020-12-30,4021.0,4.0,0.0,0,371.99,0.0,1,0.09,0.05,SPY201231P00358000,358.0,0,0.0,0.0,,0.0,normalDay
2020-12-31,4030.0,0.0,9.0,0,373.88,0.0,1,0.09,0.0,SPY201231P00358000,358.0,0,0.0,0.0,,0.0,expirationDay
2021-01-04,4030.0,-3.0,0.0,0,368.79,0.0,1,0.76,0.79,SPY210106P00360000,360.0,0,0.0,0.0,,0.0,normalDay
2021-01-05,4030.0,54.0,0.0,0,371.33,0.0,1,0.76,0.22,SPY210106P00360000,360.0,0,0.0,0.0,,0.0,normalDay
2021-01-06,4106.0,0.0,76.0,0,373.55,0.0,1,0.76,0.0,SPY210106P00360000,360.0,0,0.0,0.0,,0.0,expirationDay
2021-01-07,4106.0,0.0,0.0,0,379.1,0.0,0,0.0,0.0,,0.0,0,0.0,0.0,,0.0,bidTooLow
2021-01-08,4106.0,0.0,0.0,0,381.26,0.0,0,0.0,0.0,,0.0,0,0.0,0.0,,0.0,bidTooLow
2021-01-11,4106.0,-3.0,0.0,0,378.69,0.0,1,0.03,0.06,SPY210113P00354000,354.0,0,0.0,0.0,,0.0,normalDay
2021-01-12,4106.0,1.0,0.0,0,378.77,0.0,1,0.03,0.02,SPY210113P00354000,354.0,0,0.0,0.0,,0.0,normalDay
2021-01-13,4109.0,0.0,3.0,0,379.79,0.0,1,0.03,0.0,SPY210113P00354000,354.0,0,0.0,0.0,,0.0,expirationDay
2021-01-14,4109.0,-3.0,0.0,0,378.46,0.0,1,0.02,0.05,SPY210115P00355000,355.0,0,0.0,0.0,,0.0,normalDay
2021-01-15,4111.0,0.0,2.0,0,375.7,0.0,1,0.02,0.0,SPY210115P00355000,355.0,0,0.0,0.0,,0.0,expirationDay
2021-01-19,4111.0,-3.0,0.0,0,378.65,0.0,1,0.07,0.1,SPY210122P00355000,355.0,0,0.0,0.0,,0.0,normalDay
2021-01-20,4111.0,3.0,0.0,0,383.89,0.0,1,0.07,0.04,SPY210122P00355000,355.0,0,0.0,0.0,,0.0,normalDay
2021-01-21,4111.0,5.0,0.0,0,384.24,0.0,1,0.07,0.02,SPY210122P00355000,355.0,0,0.0,0.0,,0.0,normalDay
2021-01-22,4118.0,0.0,7.0,0,382.88,0.0,1,0.07,0.0,SPY210122P00355000,355.0,0,0.0,0.0,,0.0,expirationDay
2021-01-25,4118.0,-3.0,0.0,0,384.39,0.0,1,0.01,0.04,SPY210127P00356000,356.0,0,0.0,0.0,,0.0,normalDay
2021-01-26,4118.0,-1.0,0.0,0,383.79,0.0,1,0.01,0.02,SPY210127P00356000,356.0,0,0.0,0.0,,0.0,normalDay
2021-01-27,4119.0,0.0,1.0,0,374.41,0.0,1,0.01,0.0,SPY210127P00356000,356.0,0,0.0,0.0,,0.0,expirationDay
2021-01-28,4119.0,-3.0,0.0,0,377.63,0.0,1,0.05,0.08,SPY210129P00360000,360.0,0,0.0,0.0,,0.0,normalDay
2021-01-29,4124.0,0.0,5.0,0,370.07,0.0,1,0.05,0.0,SPY210129P00360000,360.0,0,0.0,0.0,,0.0,expirationDay
2021-02-01,4124.0,-3.0,0.0,0,376.23,0.0,1,0.24,0.27,SPY210203P00359000,359.0,0,0.0,0.0,,0.0,normalDay
2021-02-02,4124.0,21.0,0.0,0,381.55,0.0,1,0.24,0.03,SPY210203P00359000,359.0,0,0.0,0.0,,0.0,normalDay
2021-02-03,4148.0,0.0,24.0,0,381.85,0.0,1,0.24,0.0,SPY210203P00359000,359.0,0,0.0,0.0,,0.0,expirationDay
2021-02-04,4148.0,0.0,0.0,0,386.19,0.0,0,0.0,0.0,,0.0,0,0.0,0.0,,0.0,bidTooLow
2021-02-05,4148.0,0.0,0.0,0,387.71,0.0,0,0.0,0.0,,0.0,0,0.0,0.0,,0.0,bidTooLow
2021-02-08,4148.0,0.0,0.0,0,390.51,0.0,0,0.0,0.0,,0.0,0,0.0,0.0,,0.0,bidTooLow
2021-02-09,4148.0,-3.0,0.0,0,390.25,0.0,1,0.01,0.04,SPY210212P00360000,360.0,0,0.0,0.0,,0.0,normalDay
2021-02-10,4148.0,-3.0,0.0,0,390.08,0.0,1,0.01,0.04,SPY210212P00360000,360.0,0,0.0,0.0,,0.0,normalDay
2021-02-11,4148.0,0.0,0.0,0,390.71,0.0,1,0.01,0.01,SPY210212P00360000,360.0,0,0.0,0.0,,0.0,normalDay
2021-02-12,4149.0,0.0,1.0,0,392.64,0.0,1,0.01,0.0,SPY210212P00360000,360.0,0,0.0,0.0,,0.0,expirationDay
2021-02-16,4149.0,-3.0,0.0,0,392.3,0.0,1,0.06,0.09,SPY210219P00359000,359.0,0,0.0,0.0,,0.0,normalDay
2021-02-17,4149.0,1.0,0.0,0,392.39,0.0,1,0.06,0.05,SPY210219P00359000,359.0,0,0.0,0.0,,0.0,normalDay
2021-02-18,4149.0,4.0,0.0,0,390.72,0.0,1,0.06,0.02,SPY210219P00359000,359.0,0,0.0,0.0,,0.0,normalDay
2021-02-19,4155.0,0.0,6.0,0,390.03,0.0,1,0.06,0.0,SPY210219P00359000,359.0,0,0.0,0.0,,0.0,expirationDay
2021-02-22,4155.0,-3.0,0.0,0,387.03,0.0,1,0.01,0.04,SPY210224P00359000,359.0,0,0.0,0.0,,0.0,normalDay
2021-02-23,4155.0,0.0,0.0,0,387.5,0.0,1,0.01,0.01,SPY210224P00359000,359.0,0,0.0,0.0,,0.0,normalDay
2021-02-24,4156.0,0.0,1.0,0,391.77,0.0,1,0.01,0.0,SPY210224P00359000,359.0,0,0.0,0.0,,0.0,expirationDay
2021-02-25,4156.0,-3.0,0.0,0,382.33,0.0,1,0.04,0.07,SPY210226P00361000,361.0,0,0.0,0.0,,0.0,normalDay
2021-02-26,4160.0,0.0,4.0,0,380.36,0.0,1,0.04,0.0,SPY210226P00361000,361.0,0,0.0,0.0,,0.0,expirationDay
2021-03-01,4160.0,-3.0,0.0,0,389.58,0.0,1,0.09,0.12,SPY210303P00369000,369.0,0,0.0,0.0,,0.0,normalDay
2021-03-02,4160.0,4.0,0.0,0,386.54,0.0,1,0.09,0.05,SPY210303P00369000,369.0,0,0.0,0.0,,0.0,normalDay
2021-03-03,4169.0,0.0,9.0,0,381.42,0.0,1,0.09,0.0,SPY210303P00369000,369.0,0,0.0,0.0,,0.0,expirationDay
2021-03-04,4169.0,-4.0,0.0,0,376.7,0.0,1,0.65,0.69,SPY210305P00370000,370.0,0,0.0,0.0,,0.0,normalDay
2021-03-05,4234.0,0.0,65.0,0,383.63,0.0,1,0.65,0.0,SPY210305P00370000,370.0,0,0.0,0.0,,0.0,expirationDay
2021-03-08,4234.0,-3.0,0.0,0,381.72,0.0,1,0.34,0.37,SPY210310P00368000,368.0,0,0.0,0.0,,0.0,normalDay
2021-03-09,4234.0,30.0,0.0,0,387.17,0.0,1,0.34,0.04,SPY210310P00368000,368.0,0,0.0,0.0,,0.0,normalDay
2021-03-10,4268.0,0.0,34.0,0,389.58,0.0,1,0.34,0.0,SPY210310P00368000,368.0,0,0.0,0.0,,0.0,expirationDay
2021-03-11,4268.0,0.0,0.0,0,393.53,0.0,0,0.0,0.0,,0.0,0,0.0,0.0,,0.0,bidTooLow
2021-03-12,4268.0,0.0,0.0,0,394.06,0.0,0,0.0,0.0,,0.0,0,0.0,0.0,,0.0,bidTooLow
2021-03-15,4268.0,0.0,0.0,0,396.41,0.0,0,0.0,0.0,,0.0,0,0.0,0.0,,0.0,bidTooLow
2021-03-16,4268.0,-3.0,0.0,0,395.91,0.0,1,0.06,0.09,SPY210319P00366000,366.0,0,0.0,0.0,,0.0,normalDay
2021-03-17,4268.0,3.0,0.0,0,397.26,0.0,1,0.06,0.03,SPY210319P00366000,366.0,0,0.0,0.0,,0.0,normalDay
2021-03-18,4268.0,-1.0,0.0,0,391.48,0.0,1,0.06,0.07,SPY210319P00366000,366.0,0,0.0,0.0,,0.0,normalDay
2021-03-19,4274.0,0.0,6.0,0,389.48,0.0,1,0.06,0.0,SPY210319P00366000,366.0,0,0.0,0.0,,0.0,expirationDay
2021-03-22,4274.0,0.0,0.0,0,392.59,0.0,0,0.0,0.0,,0.0,0,0.0,0.0,,0.0,bidTooLow
2021-03-23,4274.0,-3.0,0.0,0,389.5,0.0,1,0.04,0.07,SPY210326P00365000,365.0,0,0.0,0.0,,0.0,normalDay
2021-03-24,4274.0,-1.0,0.0,0,387.52,0.0,1,0.04,0.05,SPY210326P00365000,365.0,0,0.0,0.0,,0.0,normalDay
2021-03-25,4274.0,3.0,0.0,0,389.7,0.0,1,0.04,0.01,SPY210326P00365000,365.0,0,0.0,0.0,,0.0,normalDay
2021-03-26,4278.0,0.0,4.0,0,395.98,0.0,1,0.04,0.0,SPY210326P00365000,365.0,0,0.0,0.0,,0.0,expirationDay
2021-03-29,4278.0,-3.0,0.0,0,395.78,0.0,1,0.04,0.07,SPY210401P00367000,367.0,0,0.0,0.0,,0.0,normalDay
2021-03-30,4278.0,1.0,0.0,0,394.73,0.0,1,0.04,0.03,SPY210401P00367000,367.0,0,0.0,0.0,,0.0,normalDay
2021-03-31,4278.0,3.0,0.0,0,396.33,0.0,1,0.04,0.01,SPY210401P00367000,367.0,0,0.0,0.0,,0.0,normalDay
2021-04-01,4282.0,0.0,4.0,0,400.61,0.0,1,0.04,0.0,SPY210401P00367000,367.0,0,0.0,0.0,,0.0,expirationDay
2021-04-05,4282.0,0.0,0.0,0,406.36,0.0,0,0.0,0.0,,0.0,0,0.0,0.0,,0.0,bidTooLow
2021-04-06,4282.0,-3.0,0.0,0,406.12,0.0,1,0.01,0.04,SPY210409P00373000,373.0,0,0.0,0.0,,0.0,normalDay
2021-04-07,4282.0,-1.0,0.0,0,406.59,0.0,1,0.01,0.02,SPY210409P00373000,373.0,0,0.0,0.0,,0.0,normalDay
2021-04-08,4282.0,0.0,0.0,0,408.52,0.0,1,0.01,0.01,SPY210409P00373000,373.0,0,0.0,0.0,,0.0,normalDay
2021-04-09,4283.0,0.0,1.0,0,411.49,0.0,1,0.01,0.0,SPY210409P00373000,373.0,0,0.0,0.0,,0.0,expirationDay
2021-04-12,4283.0,0.0,0.0,0,411.64,0.0,0,0.0,0.0,,0.0,0,0.0,0.0,,0.0,bidTooLow
2021-04-13,4283.0,0.0,0.0,0,412.86,0.0,0,0.0,0.0,,0.0,0,0.0,0.0,,0.0,bidTooLow
2021-04-14,4283.0,0.0,0.0,0,411.45,0.0,0,0.0,0.0,,0.0,0,0.0,0.0,,0.0,bidTooLow
2021-04-15,4283.0,0.0,0.0,0,415.87,0.0,0,0.0,0.0,,0.0,0,0.0,0.0,,0.0,bidTooLow
2021-04-16,4283.0,0.0,0.0,0,417.26,0.0,0,0.0,0.0,,0.0,0,0.0,0.0,,0.0,bidTooLow
2021-04-19,4283.0,0.0,0.0,0,415.21,0.0,0,0.0,0.0,,0.0,0,0.0,0.0,,0.0,bidTooLow
2021-04-20,4283.0,0.0,0.0,0,412.17,0.0,0,0.0,0.0,,0.0,0,0.0,0.0,,0.0,bidTooLow
2021-04-21,4283.0,0.0,0.0,0,416.07,0.0,0,0.0,0.0,,0.0,0,0.0,0.0,,0.0,bidTooLow
2021-04-22,4283.0,0.0,0.0,0,412.27,0.0,0,0.0,0.0,,0.0,0,0.0,0.0,,0.0,bidTooLow
2021-04-23,4283.0,0.0,0.0,0,416.74,0.0,0,0.0,0.0,,0.0,0,0.0,0.0,,0.0,bidTooLow
2021-04-26,4283.0,0.0,0.0,0,417.61,0.0,0,0.0,0.0,,0.0,0,0.0,0.0,,0.0,bidTooLow
2021-04-27,4283.0,0.0,0.0,0,417.52,0.0,0,0.0,0.0,,0.0,0,0.0,0.0,,0.0,bidTooLow
2021-04-28,4283.0,0.0,0.0,0,417.4,0.0,0,0.0,0.0,,0.0,0,0.0,0.0,,0.0,bidTooLow
2021-04-29,4283.0,0.0,0.0,0,420.06,0.0,0,0.0,0.0,,0.0,0,0.0,0.0,,0.0,bidTooLow
2021-04-30,4283.0,-3.0,0.0,0,417.3,0.0,1,0.02,0.05,SPY210503P00397000,397.0,0,0.0,0.0,,0.0,normalDay
2021-05-03,4285.0,0.0,2.0,0,418.2,0.0,1,0.02,0.0,SPY210503P00397000,397.0,0,0.0,0.0,,0.0,expirationDay
2021-05-04,4285.0,-3.0,0.0,0,415.62,0.0,1,0.11,0.14,SPY210507P00400000,400.0,0,0.0,0.0,,0.0,normalDay
2021-05-05,4285.0,2.0,0.0,0,415.75,0.0,1,0.11,0.09,SPY210507P00400000,400.0,0,0.0,0.0,,0.0,normalDay
2021-05-06,4285.0,8.0,0.0,0,419.07,0.0,1,0.11,0.03,SPY210507P00400000,400.0,0,0.0,0.0,,0.0,normalDay
2021-05-07,4296.0,0.0,11.0,0,422.12,0.0,1,0.11,0.0,SPY210507P00400000,400.0,0,0.0,0.0,,0.0,expirationDay
2021-05-10,4296.0,-3.0,0.0,0,417.94,0.0,1,0.22,0.25,SPY210512P00406000,406.0,0,0.0,0.0,,0.0,normalDay
2021-05-11,4296.0,-5.0,0.0,0,414.21,0.0,1,0.22,0.27,SPY210512P00406000,406.0,0,0.0,0.0,,0.0,normalDay
2021-05-12,4318.0,-59.0,22.0,100,405.41,406.0,1,0.22,0.0,SPY210512P00406000,406.0,0,0.0,0.0,,0.0,expirationDay
2021-05-13,4318.0,424.0,0.0,100,410.28,406.0,0,0.0,0.0,,0.0,1,0.39,0.43,SPY210524C00423000,423.0,normalDay
2021-05-14,4318.0,1002.0,0.0,100,416.58,406.0,0,0.0,0.0,,0.0,1,0.39,0.95,SPY210524C00423000,423.0,normalDay
2021-05-17,4318.0,948.0,0.0,100,415.52,406.0,0,0.0,0.0,,0.0,1,0.39,0.43,SPY210524C00423000,423.0,normalDay
2021-05-18,4318.0,619.0,0.0,100,411.94,406.0,0,0.0,0.0,,0.0,1,0.39,0.14,SPY210524C00423000,423.0,normalDay
2021-05-19,4318.0,518.0,0.0,100,410.86,406.0,0,0.0,0.0,,0.0,1,0.39,0.07,SPY210524C00423000,423.0,normalDay
2021-05-20,4318.0,957.0,0.0,100,415.28,406.0,0,0.0,0.0,,0.0,1,0.39,0.1,SPY210524C00423000,423.0,normalDay
2021-05-21,4318.0,931.0,0.0,100,414.94,406.0,0,0.0,0.0,,0.0,1,0.39,0.02,SPY210524C00423000,423.0,normalDay
2021-05-24,4357.0,1317.0,39.0,100,419.17,406.0,0,0.0,0.0,,0.0,1,0.39,0.0,SPY210524C00423000,423.0,expirationDay
2021-05-25,4357.0,1221.0,0.0,100,418.24,406.0,0,0.0,0.0,,0.0,1,1.17,1.2,SPY210604C00423000,423.0,normalDay
2021-05-26,4357.0,1321.0,0.0,100,419.07,406.0,0,0.0,0.0,,0.0,1,1.17,1.03,SPY210604C00423000,423.0,normalDay
2021-05-27,4357.0,1342.0,0.0,100,419.29,406.0,0,0.0,0.0,,0.0,1,1.17,1.04,SPY210604C00423000,423.0,normalDay
2021-05-28,4357.0,1440.0,0.0,100,420.04,406.0,0,0.0,0.0,,0.0,1,1.17,0.81,SPY210604C00423000,423.0,normalDay
2021-06-01,4357.0,1424.0,0.0,100,419.67,406.0,0,0.0,0.0,,0.0,1,1.17,0.6,SPY210604C00423000,423.0,normalDay
2021-06-02,4357.0,1510.0,0.0,100,420.33,406.0,0,0.0,0.0,,0.0,1,1.17,0.4,SPY210604C00423000,423.0,normalDay
2021-06-03,4357.0,1386.0,0.0,100,418.77,406.0,0,0.0,0.0,,0.0,1,1.17,0.08,SPY210604C00423000,423.0,normalDay
2021-06-04,4474.0,1660.0,117.0,100,422.6,406.0,0,0.0,0.0,,0.0,1,1.17,0.0,SPY210604C00423000,423.0,expirationDay
2021-06-07,4474.0,1614.0,0.0,100,422.19,406.0,0,0.0,0.0,,0.0,1,1.71,1.76,SPY210618C00425000,425.0,normalDay
2021-06-08,4474.0,1616.0,0.0,100,422.28,406.0,0,0.0,0.0,,0.0,1,1.71,1.83,SPY210618C00425000,425.0,normalDay
2021-06-09,4474.0,1564.0,0.0,100,421.65,406.0,0,0.0,0.0,,0.0,1,1.71,1.72,SPY210618C00425000,425.0,normalDay
2021-06-10,4474.0,1763.0,0.0,100,423.61,406.0,0,0.0,0.0,,0.0,1,1.71,1.69,SPY210618C00425000,425.0,normalDay
2021-06-11,4474.0,1839.0,0.0,100,424.31,406.0,0,0.0,0.0,,0.0,1,1.71,1.63,SPY210618C00425000,425.0,normalDay
2021-06-14,4474.0,1887.0,0.0,100,425.26,406.0,0,0.0,0.0,,0.0,1,1.71,2.1,SPY210618C00425000,425.0,normalDay
2021-06-15,4474.0,1857.0,0.0,100,424.48,406.0,0,0.0,0.0,,0.0,1,1.71,1.62,SPY210618C00425000,425.0,normalDay
2021-06-16,4474.0,1721.0,0.0,100,422.11,406.0,0,0.0,0.0,,0.0,1,1.71,0.61,SPY210618C00425000,425.0,normalDay
2021-06-17,4474.0,1757.0,0.0,100,421.97,406.0,0,0.0,0.0,,0.0,1,1.71,0.11,SPY210618C00425000,425.0,normalDay
2021-06-18,4645.0,892.0,171.0,100,414.92,406.0,0,0.0,0.0,,0.0,1,1.71,0.0,SPY210618C00425000,425.0,expirationDay
2021-06-21,4645.0,1482.0,0.0,100,420.86,406.0,0,0.0,0.0,,0.0,1,1.14,1.18,SPY210702C00426000,426.0,normalDay
2021-06-22,4645.0,1680.0,0.0,100,423.11,406.0,0,0.0,0.0,,0.0,1,1.14,1.45,SPY210702C00426000,426.0,normalDay
2021-06-23,4645.0,1657.0,0.0,100,422.6,406.0,0,0.0,0.0,,0.0,1,1.14,1.17,SPY210702C00426000,426.0,normalDay
2021-06-24,4645.0,1832.0,0.0,100,425.1,406.0,0,0.0,0.0,,0.0,1,1.14,1.92,SPY210702C00426000,426.0,normalDay
2021-06-25,4645.0,1937.0,0.0,100,426.61,406.0,0,0.0,0.0,,0.0,1,1.14,2.38,SPY210702C00426000,426.0,normalDay
2021-06-28,4645.0,2007.0,0.0,100,427.47,406.0,0,0.0,0.0,,0.0,1,1.14,2.54,SPY210702C00426000,426.0,normalDay
2021-06-29,4645.0,2012.0,0.0,100,427.7,406.0,0,0.0,0.0,,0.0,1,1.14,2.72,SPY210702C00426000,426.0,normalDay
2021-06-30,4645.0,2013.0,0.0,100,428.06,406.0,0,0.0,0.0,,0.0,1,1.14,3.07,SPY210702C00426000,426.0,normalDay
2021-07-01,4645.0,2101.0,0.0,100,430.43,406.0,0,0.0,0.0,,0.0,1,1.14,4.56,SPY210702C00426000,426.0,normalDay
2021-07-02,6759.0,2101.0,2114.0,0,433.72,0.0,0,0.0,0.0,,0.0,1,1.14,0.0,SPY210702C00426000,426.0,expirationDay
2021-07-06,6759.0,0.0,0.0,0,432.93,0.0,0,0.0,0.0,,0.0,0,0.0,0.0,,0.0,bidTooLow
2021-07-07,6759.0,0.0,0.0,0,434.46,0.0,0,0.0,0.0,,0.0,0,0.0,0.0,,0.0,bidTooLow
2021-07-08,6759.0,0.0,0.0,0,430.92,0.0,0,0.0,0.0,,0.0,0,0.0,0.0,,0.0,bidTooLow
2021-07-09,6759.0,0.0,0.0,0,435.52,0.0,0,0.0,0.0,,0.0,0,0.0,0.0,,0.0,bidTooLow
2021-07-12,6759.0,0.0,0.0,0,437.08,0.0,0,0.0,0.0,,0.0,0,0.0,0.0,,0.0,bidTooLow
2021-07-13,6759.0,-3.0,0.0,0,435.59,0.0,1,0.04,0.07,SPY210716P00404000,404.0,0,0.0,0.0,,0.0,normalDay
2021-07-14,6759.0,1.0,0.0,0,436.24,0.0,1,0.04,0.03,SPY210716P00404000,404.0,0,0.0,0.0,,0.0,normalDay
2021-07-15,6759.0,2.0,0.0,0,434.75,0.0,1,0.04,0.02,SPY210716P00404000,404.0,0,0.0,0.0,,0.0,normalDay
2021-07-16,6763.0,0.0,4.0,0,431.34,0.0,1,0.04,0.0,SPY210716P00404000,404.0,0,0.0,0.0,,0.0,expirationDay
2021-07-19,6763.0,-4.0,0.0,0,424.97,0.0,1,0.23,0.27,SPY210721P00410000,410.0,0,0.0,0.0,,0.0,normalDay
2021-07-20,6763.0,21.0,0.0,0,431.06,0.0,1,0.23,0.02,SPY210721P00410000,410.0,0,0.0,0.0,,0.0,normalDay
2021-07-21,6786.0,0.0,23.0,0,434.55,0.0,1,0.23,0.0,SPY210721P00410000,410.0,0,0.0,0.0,,0.0,expirationDay
2021-07-22,6786.0,0.0,0.0,0,435.46,0.0,0,0.0,0.0,,0.0,0,0.0,0.0,,0.0,bidTooLow
2021-07-23,6786.0,0.0,0.0,0,439.94,0.0,0,0.0,0.0,,0.0,0,0.0,0.0,,0.0,bidTooLow
2021-07-26,6786.0,0.0,0.0,0,441.02,0.0,0,0.0,0.0,,0.0,0,0.0,0.0,,0.0,bidTooLow
2021-07-27,6786.0,-3.0,0.0,0,439.01,0.0,1,0.08,0.11,SPY210730P00417000,417.0,0,0.0,0.0,,0.0,normalDay
2021-07-28,6786.0,4.0,0.0,0,438.83,0.0,1,0.08,0.04,SPY210730P00417000,417.0,0,0.0,0.0,,0.0,normalDay
2021-07-29,6786.0,6.0,0.0,0,440.65,0.0,1,0.08,0.02,SPY210730P00417000,417.0,0,0.0,0.0,,0.0,normalDay
2021-07-30,6794.0,0.0,8.0,0,438.51,0.0,1,0.08,0.0,SPY210730P00417000,417.0,0,0.0,0.0,,0.0,expirationDay
2021-08-02,6794.0,-3.0,0.0,0,437.59,0.0,1,0.02,0.05,SPY210804P00420000,420.0,0,0.0,0.0,,0.0,normalDay
2021-08-03,6794.0,1.0,0.0,0,441.15,0.0,1,0.02,0.01,SPY210804P00420000,420.0,0,0.0,0.0,,0.0,normalDay
2021-08-04,6796.0,0.0,2.0,0,438.98,0.0,1,0.02,0.0,SPY210804P00420000,420.0,0,0.0,0.0,,0.0,expirationDay
2021-08-05,6796.0,0.0,0.0,0,441.76,0.0,0,0.0,0.0,,0.0,0,0.0,0.0,,0.0,bidTooLow
2021-08-06,6796.0,0.0,0.0,0,442.49,0.0,0,0.0,0.0,,0.0,0,0.0,0.0,,0.0,bidTooLow
2021-08-09,6796.0,0.0,0.0,0,442.13,0.0,0,0.0,0.0,,0.0,0,0.0,0.0,,0.0,bidTooLow
2021-08-10,6796.0,-3.0,0.0,0,442.68,0.0,1,0.03,0.06,SPY210813P00419000,419.0,0,0.0,0.0,,0.0,normalDay
2021-08-11,6796.0,0.0,0.0,0,443.78,0.0,1,0.03,0.03,SPY210813P00419000,419.0,0,0.0,0.0,,0.0,normalDay
2021-08-12,6796.0,1.0,0.0,0,445.11,0.0,1,0.03,0.02,SPY210813P00419000,419.0,0,0.0,0.0,,0.0,normalDay
2021-08-13,6799.0,0.0,3.0,0,445.92,0.0,1,0.03,0.0,SPY210813P00419000,419.0,0,0.0,0.0,,0.0,expirationDay
2021-08-16,6799.0,-3.0,0.0,0,446.97,0.0,1,0.02,0.05,SPY210818P00425000,425.0,0,0.0,0.0,,0.0,normalDay
2021-08-17,6799.0,-1.0,0.0,0,444.04,0.0,1,0.02,0.03,SPY210818P00425000,425.0,0,0.0,0.0,,0.0,normalDay
2021-08-18,6801.0,0.0,2.0,0,439.18,0.0,1,0.02,0.0,SPY210818P00425000,425.0,0,0.0,0.0,,0.0,expirationDay
2021-08-19,6801.0,-3.0,0.0,0,439.86,0.0,1,0.19,0.22,SPY210820P00431000,431.0,0,0.0,0.0,,0.0,normalDay
2021-08-20,6820.0,0.0,19.0,0,443.36,0.0,1,0.19,0.0,SPY210820P00431000,431.0,0,0.0,0.0,,0.0,expirationDay
2021-08-23,6820.0,-3.0,0.0,0,447.26,0.0,1,0.02,0.05,SPY210825P00430000,430.0,0,0.0,0.0,,0.0,normalDay
2021-08-24,6820.0,-1.0,0.0,0,447.97,0.0,1,0.02,0.03,SPY210825P00430000,430.0,0,0.0,0.0,,0.0,normalDay
2021-08-25,6822.0,0.0,2.0,0,448.91,0.0,1,0.02,0.0,SPY210825P00430000,430.0,0,0.0,0.0,,0.0,expirationDay
2021-08-26,6822.0,-3.0,0.0,0,446.26,0.0,1,0.04,0.07,SPY210827P00430000,430.0,0,0.0,0.0,,0.0,normalDay
2021-08-27,6826.0,0.0,4.0,0,450.25,0.0,1,0.04,0.0,SPY210827P00430000,430.0,0,0.0,0.0,,0.0,expirationDay
2021-08-30,6826.0,-3.0,0.0,0,452.23,0.0,1,0.01,0.04,SPY210901P00430000,430.0,0,0.0,0.0,,0.0,normalDay
2021-08-31,6826.0,-1.0,0.0,0,451.56,0.0,1,0.01,0.02,SPY210901P00430000,430.0,0,0.0,0.0,,0.0,normalDay
2021-09-01,6827.0,0.0,1.0,0,451.8,0.0,1,0.01,0.0,SPY210901P00430000,430.0,0,0.0,0.0,,0.0,expirationDay
2021-09-02,6827.0,0.0,0.0,0,453.19,0.0,0,0.0,0.0,,0.0,0,0.0,0.0,,0.0,bidTooLow
2021-09-03,6827.0,0.0,0.0,0,453.08,0.0,0,0.0,0.0,,0.0,0,0.0,0.0,,0.0,bidTooLow
2021-09-07,6827.0,-3.0,0.0,0,451.46,0.0,1,0.05,0.08,SPY210910P00430000,430.0,0,0.0,0.0,,0.0,normalDay
2021-09-08,6827.0,-1.0,0.0,0,450.91,0.0,1,0.05,0.06,SPY210910P00430000,430.0,0,0.0,0.0,,0.0,normalDay
2021-09-09,6827.0,2.0,0.0,0,448.98,0.0,1,0.05,0.03,SPY210910P00430000,430.0,0,0.0,0.0,,0.0,normalDay
2021-09-10,6832.0,0.0,5.0,0,445.44,0.0,1,0.05,0.0,SPY210910P00430000,430.0,0,0.0,0.0,,0.0,expirationDay
2021-09-13,6832.0,-3.0,0.0,0,446.58,0.0,1,0.23,0.26,SPY210915P00432000,432.0,0,0.0,0.0,,0.0,normalDay
2021-09-14,6832.0,15.0,0.0,0,444.17,0.0,1,0.23,0.08,SPY210915P00432000,432.0,0,0.0,0.0,,0.0,normalDay
2021-09-15,6855.0,0.0,23.0,0,447.88,0.0,1,0.23,0.0,SPY210915P00432000,432.0,0,0.0,0.0,,0.0,expirationDay
2021-09-16,6855.0,-3.0,0.0,0,447.17,0.0,1,0.08,0.11,SPY210917P00434000,434.0,0,0.0,0.0,,0.0,normalDay
2021-09-17,6863.0,0.0,8.0,0,441.4,0.0,1,0.08,0.0,SPY210917P00434000,434.0,0,0.0,0.0,,0.0,expirationDay
2021-09-20,6863.0,-4.0,0.0,0,434.04,0.0,1,1.86,1.9,SPY210922P00430000,430.0,0,0.0,0.0,,0.0,normalDay
2021-09-21,6863.0,81.0,0.0,0,433.63,0.0,1,1.86,1.05,SPY210922P00430000,430.0,0,0.0,0.0,,0.0,normalDay
2021-09-22,7049.0,0.0,186.0,0,437.86,0.0,1,1.86,0.0,SPY210922P00430000,430.0,0,0.0,0.0,,0.0,expirationDay
2021-09-23,7049.0,0.0,0.0,0,443.18,0.0,0,0.0,0.0,,0.0,0,0.0,0.0,,0.0,bidTooLow
2021-09-24,7049.0,-3.0,0.0,0,443.91,0.0,1,0.03,0.06,SPY210927P00422000,422.0,0,0.0,0.0,,0.0,normalDay
2021-09-27,7052.0,0.0,3.0,0,442.64,0.0,1,0.03,0.0,SPY210927P00422000,422.0,0,0.0,0.0,,0.0,expirationDay
2021-09-28,7052.0,-3.0,0.0,0,433.72,0.0,1,0.57,0.6,SPY211001P00419000,419.0,0,0.0,0.0,,0.0,normalDay
2021-09-29,7052.0,37.0,0.0,0,434.45,0.0,1,0.57,0.2,SPY211001P00419000,419.0,0,0.0,0.0,,0.0,normalDay
2021-09-30,7052.0,42.0,0.0,0,429.14,0.0,1,0.57,0.15,SPY211001P00419000,419.0,0,0.0,0.0,,0.0,normalDay
2021-10-01,7109.0,0.0,57.0,0,434.24,0.0,1,0.57,0.0,SPY211001P00419000,419.0,0,0.0,0.0,,0.0,expirationDay
2021-10-04,7109.0,-3.0,0.0,0,428.64,0.0,1,0.12,0.15,SPY211006P00412000,412.0,0,0.0,0.0,,0.0,normalDay
2021-10-05,7109.0,10.0,0.0,0,433.1,0.0,1,0.12,0.02,SPY211006P00412000,412.0,0,0.0,0.0,,0.0,normalDay
2021-10-06,7121.0,0.0,12.0,0,434.9,0.0,1,0.12,0.0,SPY211006P00412000,412.0,0,0.0,0.0,,0.0,expirationDay
2021-10-07,7121.0,0.0,0.0,0,438.66,0.0,0,0.0,0.0,,0.0,0,0.0,0.0,,0.0,bidTooLow
2021-10-08,7121.0,-3.0,0.0,0,437.86,0.0,1,0.01,0.04,SPY211011P00415000,415.0,0,0.0,0.0,,0.0,normalDay
2021-10-11,7122.0,0.0,1.0,0,434.69,0.0,1,0.01,0.0,SPY211011P00415000,415.0,0,0.0,0.0,,0.0,expirationDay
2021-10-12,7122.0,-3.0,0.0,0,433.62,0.0,1,0.18,0.21,SPY211015P00415000,415.0,0,0.0,0.0,,0.0,normalDay
2021-10-13,7122.0,10.0,0.0,0,435.18,0.0,1,0.18,0.08,SPY211015P00415000,415.0,0,0.0,0.0,,0.0,normalDay
2021-10-14,7122.0,14.0,0.0,0,442.5,0.0,1,0.18,0.04,SPY211015P00415000,415.0,0,0.0,0.0,,0.0,normalDay
2021-10-15,7140.0,0.0,18.0,0,445.87,0.0,1,0.18,0.0,SPY211015P00415000,415.0,0,0.0,0.0,,0.0,expirationDay
2021-10-18,7140.0,0.0,0.0,0,447.19,0.0,0,0.0,0.0,,0.0,0,0.0,0.0,,0.0,bidTooLow
2021-10-19,7140.0,0.0,0.0,0,450.64,0.0,0,0.0,0.0,,0.0,0,0.0,0.0,,0.0,bidTooLow
2021-10-20,7140.0,0.0,0.0,0,452.41,0.0,0,0.0,0.0,,0.0,0,0.0,0.0,,0.0,bidTooLow
2021-10-21,7140.0,0.0,0.0,0,453.59,0.0,0,0.0,0.0,,0.0,0,0.0,0.0,,0.0,bidTooLow
2021-10-22,7140.0,0.0,0.0,0,453.12,0.0,0,0.0,0.0,,0.0,0,0.0,0.0,,0.0,bidTooLow
2021-10-25,7140.0,0.0,0.0,0,455.55,0.0,0,0.0,0.0,,0.0,0,0.0,0.0,,0.0,bidTooLow
2021-10-26,7140.0,0.0,0.0,0,455.96,0.0,0,0.0,0.0,,0.0,0,0.0,0.0,,0.0,bidTooLow
2021-10-27,7140.0,0.0,0.0,0,453.94,0.0,0,0.0,0.0,,0.0,0,0.0,0.0,,0.0,bidTooLow
2021-10-28,7140.0,0.0,0.0,0,458.32,0.0,0,0.0,0.0,,0.0,0,0.0,0.0,,0.0,bidTooLow
2021-10-29,7140.0,0.0,0.0,0,459.25,0.0,0,0.0,0.0,,0.0,0,0.0,0.0,,0.0,bidTooLow
2021-11-01,7140.0,0.0,0.0,0,460.04,0.0,0,0.0,0.0,,0.0,0,0.0,0.0,,0.0,bidTooLow
2021-11-02,7140.0,0.0,0.0,0,461.9,0.0,0,0.0,0.0,,0.0,0,0.0,0.0,,0.0,bidTooLow
2021-11-03,7140.0,0.0,0.0,0,464.72,0.0,0,0.0,0.0,,0.0,0,0.0,0.0,,0.0,bidTooLow
2021-11-04,7140.0,0.0,0.0,0,466.91,0.0,0,0.0,0.0,,0.0,0,0.0,0.0,,0.0,bidTooLow
2021-11-05,7140.0,0.0,0.0,0,468.53,0.0,0,0.0,0.0,,0.0,0,0.0,0.0,,0.0,bidTooLow
2021-11-08,7140.0,0.0,0.0,0,468.93,0.0,0,0.0,0.0,,0.0,0,0.0,0.0,,0.0,bidTooLow
2021-11-09,7140.0,0.0,0.0,0,467.38,0.0,0,0.0,0.0,,0.0,0,0.0,0.0,,0.0,bidTooLow
2021-11-10,7140.0,0.0,0.0,0,463.62,0.0,0,0.0,0.0,,0.0,0,0.0,0.0,,0.0,bidTooLow
2021-11-11,7140.0,0.0,0.0,0,463.77,0.0,0,0.0,0.0,,0.0,0,0.0,0.0,,0.0,bidTooLow
2021-11-12,7140.0,0.0,0.0,0,467.27,0.0,0,0.0,0.0,,0.0,0,0.0,0.0,,0.0,bidTooLow
2021-11-15,7140.0,0.0,0.0,0,467.43,0.0,0,0.0,0.0,,0.0,0,0.0,0.0,,0.0,bidTooLow
2021-11-16,7140.0,-3.0,0.0,0,469.28,0.0,1,0.02,0.05,SPY211119P00438000,438.0,0,0.0,0.0,,0.0,normalDay
2021-11-17,7140.0,-1.0,0.0,0,468.14,0.0,1,0.02,0.03,SPY211119P00438000,438.0,0,0.0,0.0,,0.0,normalDay
2021-11-18,7140.0,0.0,0.0,0,469.73,0.0,1,0.02,0.02,SPY211119P00438000,438.0,0,0.0,0.0,,0.0,normalDay
2021-11-19,7142.0,0.0,2.0,0,468.89,0.0,1,0.02,0.0,SPY211119P00438000,438.0,0,0.0,0.0,,0.0,expirationDay
2021-11-22,7142.0,-3.0,0.0,0,467.57,0.0,1,0.04,0.07,SPY211124P00445000,445.0,0,0.0,0.0,,0.0,normalDay
2021-11-23,7142.0,2.0,0.0,0,468.19,0.0,1,0.04,0.02,SPY211124P00445000,445.0,0,0.0,0.0,,0.0,normalDay
2021-11-24,7146.0,0.0,4.0,0,469.44,0.0,1,0.04,0.0,SPY211124P00445000,445.0,0,0.0,0.0,,0.0,expirationDay
2021-11-26,7146.0,-22.0,0.0,0,458.97,0.0,1,1.78,2.0,SPY211129P00452000,452.0,0,0.0,0.0,,0.0,normalDay
2021-11-29,7324.0,0.0,178.0,0,464.6,0.0,1,1.78,0.0,SPY211129P00452000,452.0,0,0.0,0.0,,0.0,expirationDay
2021-11-30,7324.0,-8.0,0.0,0,455.56,0.0,1,2.0,2.08,SPY211203P00451000,451.0,0,0.0,0.0,,0.0,normalDay
2021-12-01,7324.0,-270.0,0.0,0,450.5,0.0,1,2.0,4.7,SPY211203P00451000,451.0,0,0.0,0.0,,0.0,normalDay
2021-12-02,7324.0,127.0,0.0,0,457.4,0.0,1,2.0,0.73,SPY211203P00451000,451.0,0,0.0,0.0,,0.0,normalDay
2021-12-03,7524.0,0.0,200.0,0,453.42,0.0,1,2.0,0.0,SPY211203P00451000,451.0,0,0.0,0.0,,0.0,expirationDay
2021-12-06,7524.0,-3.0,0.0,0,458.79,0.0,1,0.2,0.23,SPY211208P00440000,440.0,0,0.0,0.0,,0.0,normalDay
2021-12-07,7524.0,17.0,0.0,0,468.28,0.0,1,0.2,0.03,SPY211208P00440000,440.0,0,0.0,0.0,,0.0,normalDay
2021-12-08,7544.0,0.0,20.0,0,469.52,0.0,1,0.2,0.0,SPY211208P00440000,440.0,0,0.0,0.0,,0.0,expirationDay
2021-12-09,7544.0,0.0,0.0,0,466.35,0.0,0,0.0,0.0,,0.0,0,0.0,0.0,,0.0,bidTooLow
2021-12-10,7544.0,0.0,0.0,0,470.74,0.0,0,0.0,0.0,,0.0,0,0.0,0.0,,0.0,bidTooLow
2021-12-13,7544.0,-3.0,0.0,0,466.57,0.0,1,0.01,0.04,SPY211215P00440000,440.0,0,0.0,0.0,,0.0,normalDay
2021-12-14,7544.0,-1.0,0.0,0,463.36,0.0,1,0.01,0.02,SPY211215P00440000,440.0,0,0.0,0.0,,0.0,normalDay
2021-12-15,7545.0,0.0,1.0,0,470.6,0.0,1,0.01,0.0,SPY211215P00440000,440.0,0,0.0,0.0,,0.0,expirationDay
2021-12-16,7545.0,-3.0,0.0,0,466.45,0.0,1,0.01,0.04,SPY211217P00439000,439.0,0,0.0,0.0,,0.0,normalDay
2021-12-17,7546.0,0.0,1.0,0,459.87,0.0,1,0.01,0.0,SPY211217P00439000,439.0,0,0.0,0.0,,0.0,expirationDay
2021-12-20,7546.0,-3.0,0.0,0,454.98,0.0,1,0.21,0.24,SPY211223P00438000,438.0,0,0.0,0.0,,0.0,normalDay
2021-12-21,7546.0,17.0,0.0,0,463.06,0.0,1,0.21,0.04,SPY211223P00438000,438.0,0,0.0,0.0,,0.0,normalDay
2021-12-22,7546.0,20.0,0.0,0,467.69,0.0,1,0.21,0.01,SPY211223P00438000,438.0,0,0.0,0.0,,0.0,normalDay
2021-12-23,7567.0,0.0,21.0,0,470.6,0.0,1,0.21,0.0,SPY211223P00438000,438.0,0,0.0,0.0,,0.0,expirationDay
2021-12-27,7567.0,0.0,0.0,0,477.26,0.0,0,0.0,0.0,,0.0,0,0.0,0.0,,0.0,bidTooLow
2021-12-28,7567.0,0.0,0.0,0,476.87,0.0,0,0.0,0.0,,0.0,0,0.0,0.0,,0.0,bidTooLow
2021-12-29,7567.0,0.0,0.0,0,477.48,0.0,0,0.0,0.0,,0.0,0,0.0,0.0,,0.0,bidTooLow
2021-12-30,7567.0,0.0,0.0,0,476.16,0.0,0,0.0,0.0,,0.0,0,0.0,0.0,,0.0,bidTooLow
2021-12-31,7567.0,0.0,0.0,0,474.96,0.0,0,0.0,0.0,,0.0,0,0.0,0.0,,0.0,bidTooLow
2022-01-03,7567.0,0.0,0.0,0,477.71,0.0,0,0.0,0.0,,0.0,0,0.0,0.0,,0.0,bidTooLow
2022-01-04,7567.0,0.0,0.0,0,477.55,0.0,0,0.0,0.0,,0.0,0,0.0,0.0,,0.0,bidTooLow
2022-01-05,7567.0,-3.0,0.0,0,468.38,0.0,1,0.03,0.06,SPY220107P00444000,444.0,0,0.0,0.0,,0.0,normalDay
2022-01-06,7567.0,1.0,0.0,0,467.94,0.0,1,0.03,0.02,SPY220107P00444000,444.0,0,0.0,0.0,,0.0,normalDay
2022-01-07,7570.0,0.0,3.0,0,466.09,0.0,1,0.03,0.0,SPY220107P00444000,444.0,0,0.0,0.0,,0.0,expirationDay
2022-01-10,7570.0,-3.0,0.0,0,465.51,0.0,1,0.03,0.06,SPY220112P00443000,443.0,0,0.0,0.0,,0.0,normalDay
2022-01-11,7570.0,1.0,0.0,0,469.75,0.0,1,0.03,0.02,SPY220112P00443000,443.0,0,0.0,0.0,,0.0,normalDay
2022-01-12,7573.0,0.0,3.0,0,471.02,0.0,1,0.03,0.0,SPY220112P00443000,443.0,0,0.0,0.0,,0.0,expirationDay
2022-01-13,7573.0,-3.0,0.0,0,464.53,0.0,1,0.01,0.04,SPY220114P00444000,444.0,0,0.0,0.0,,0.0,normalDay
2022-01-14,7574.0,0.0,1.0,0,464.72,0.0,1,0.01,0.0,SPY220114P00444000,444.0,0,0.0,0.0,,0.0,expirationDay
2022-01-18,7574.0,-3.0,0.0,0,456.49,0.0,1,0.66,0.69,SPY220121P00442000,442.0,0,0.0,0.0,,0.0,normalDay
2022-01-19,7574.0,4.0,0.0,0,451.75,0.0,1,0.66,0.62,SPY220121P00442000,442.0,0,0.0,0.0,,0.0,normalDay
2022-01-20,7574.0,-51.0,0.0,0,446.75,0.0,1,0.66,1.17,SPY220121P00442000,442.0,0,0.0,0.0,,0.0,normalDay
2022-01-21,7640.0,-402.0,66.0,100,437.98,442.0,1,0.66,0.0,SPY220121P00442000,442.0,0,0.0,0.0,,0.0,expirationDay
2022-01-24,7640.0,-216.0,0.0,100,439.84,442.0,0,0.0,0.0,,0.0,0,0.0,0.0,,0.0,bidTooLow
2022-01-25,7640.0,-753.0,0.0,100,434.47,442.0,0,0.0,0.0,,0.0,0,0.0,0.0,,0.0,bidTooLow
2022-01-26,7640.0,-862.0,0.0,100,433.38,442.0,0,0.0,0.0,,0.0,0,0.0,0.0,,0.0,bidTooLow
2022-01-27,7640.0,-1076.0,0.0,100,431.24,442.0,0,0.0,0.0,,0.0,0,0.0,0.0,,0.0,bidTooLow
2022-01-28,7640.0,-5.0,0.0,100,441.95,442.0,0,0.0,0.0,,0.0,0,0.0,0.0,,0.0,bidTooLow
2022-01-31,7640.0,788.0,0.0,100,449.91,442.0,0,0.0,0.0,,0.0,1,0.02,0.05,SPY220211C00485000,485.0,normalDay
2022-02-01,7640.0,1094.0,0.0,100,452.95,442.0,0,0.0,0.0,,0.0,1,0.02,0.03,SPY220211C00485000,485.0,normalDay
2022-02-02,7640.0,1534.0,0.0,100,457.35,442.0,0,0.0,0.0,,0.0,1,0.02,0.03,SPY220211C00485000,485.0,normalDay
2022-02-03,7640.0,460.0,0.0,100,446.6,442.0,0,0.0,0.0,,0.0,1,0.02,0.02,SPY220211C00485000,485.0,normalDay
2022-02-04,7640.0,671.0,0.0,100,448.7,442.0,0,0.0,0.0,,0.0,1,0.02,0.01,SPY220211C00485000,485.0,normalDay
2022-02-07,7640.0,527.0,0.0,100,447.26,442.0,0,0.0,0.0,,0.0,1,0.02,0.01,SPY220211C00485000,485.0,normalDay
2022-02-08,7640.0,895.0,0.0,100,450.94,442.0,0,0.0,0.0,,0.0,1,0.02,0.01,SPY220211C00485000,485.0,normalDay
2022-02-09,7640.0,1555.0,0.0,100,457.54,442.0,0,0.0,0.0,,0.0,1,0.02,0.01,SPY220211C00485000,485.0,normalDay
2022-02-10,7640.0,733.0,0.0,100,449.32,442.0,0,0.0,0.0,,0.0,1,0.02,0.01,SPY220211C00485000,485.0,normalDay
2022-02-11,7642.0,-154.0,2.0,100,440.46,442.0,0,0.0,0.0,,0.0,1,0.02,0.0,SPY220211C00485000,485.0,expirationDay
2022-02-14,7642.0,-302.0,0.0,100,439.02,442.0,0,0.0,0.0,,0.0,1,0.37,0.41,SPY220225C00461000,461.0,normalDay
2022-02-15,7642.0,385.0,0.0,100,446.1,442.0,0,0.0,0.0,,0.0,1,0.37,0.62,SPY220225C00461000,461.0,normalDay
2022-02-16,7642.0,458.0,0.0,100,446.6,442.0,0,0.0,0.0,,0.0,1,0.37,0.39,SPY220225C00461000,461.0,normalDay
2022-02-17,7642.0,-469.0,0.0,100,437.06,442.0,0,0.0,0.0,,0.0,1,0.37,0.12,SPY220225C00461000,461.0,normalDay
2022-02-18,7642.0,-743.0,0.0,100,434.23,442.0,0,0.0,0.0,,0.0,1,0.37,0.03,SPY220225C00461000,461.0,normalDay
2022-02-22,7642.0,-1208.0,0.0,100,429.57,442.0,0,0.0,0.0,,0.0,1,0.37,0.02,SPY220225C00461000,461.0,normalDay
2022-02-23,7642.0,-1970.0,0.0,100,421.95,442.0,0,0.0,0.0,,0.0,1,0.37,0.02,SPY220225C00461000,461.0,normalDay
2022-02-24,7642.0,-1334.0,0.0,100,428.3,442.0,0,0.0,0.0,,0.0,1,0.37,0.01,SPY220225C00461000,461.0,normalDay
2022-02-25,7679.0,-425.0,37.0,100,437.75,442.0,0,0.0,0.0,,0.0,1,0.37,0.0,SPY220225C00461000,461.0,expirationDay
2022-02-28,7679.0,-541.0,0.0,100,436.63,442.0,0,0.0,0.0,,0.0,1,0.28,0.32,SPY220311C00461000,461.0,normalDay
2022-03-01,7679.0,-1191.0,0.0,100,429.98,442.0,0,0.0,0.0,,0.0,1,0.28,0.17,SPY220311C00461000,461.0,normalDay
2022-03-02,7679.0,-403.0,0.0,100,437.89,442.0,0,0.0,0.0,,0.0,1,0.28,0.2,SPY220311C00461000,461.0,normalDay
2022-03-03,7679.0,-611.0,0.0,100,435.71,442.0,0,0.0,0.0,,0.0,1,0.28,0.1,SPY220311C00461000,461.0,normalDay
2022-03-04,7679.0,-958.0,0.0,100,432.17,442.0,0,0.0,0.0,,0.0,1,0.28,0.03,SPY220311C00461000,461.0,normalDay
2022-03-07,7679.0,-2231.0,0.0,100,419.43,442.0,0,0.0,0.0,,0.0,1,0.28,0.02,SPY220311C00461000,461.0,normalDay
2022-03-08,7679.0,-2548.0,0.0,100,416.25,442.0,0,0.0,0.0,,0.0,1,0.28,0.01,SPY220311C00461000,461.0,normalDay
2022-03-09,7679.0,-1432.0,0.0,100,427.41,442.0,0,0.0,0.0,,0.0,1,0.28,0.01,SPY220311C00461000,461.0,normalDay
2022-03-10,7679.0,-1625.0,0.0,100,425.48,442.0,0,0.0,0.0,,0.0,1,0.28,0.01,SPY220311C00461000,461.0,normalDay
2022-03-11,7707.0,-2193.0,28.0,100,420.07,442.0,0,0.0,0.0,,0.0,1,0.28,0.0,SPY220311C00461000,461.0,expirationDay
2022-03-14,7707.0,-2503.0,0.0,100,417.0,442.0,0,0.0,0.0,,0.0,1,0.28,0.31,SPY220325C00448000,448.0,normalDay
2022-03-15,7707.0,-1612.0,0.0,100,426.17,442.0,0,0.0,0.0,,0.0,1,0.28,0.57,SPY220325C00448000,448.0,normalDay
2022-03-16,7707.0,-722.0,0.0,100,435.62,442.0,0,0.0,0.0,,0.0,1,0.28,1.12,SPY220325C00448000,448.0,normalDay
2022-03-17,7707.0,-236.0,0.0,100,441.07,442.0,0,0.0,0.0,,0.0,1,0.28,1.71,SPY220325C00448000,448.0,normalDay
2022-03-18,7707.0,-36.0,0.0,100,444.52,442.0,0,0.0,0.0,,0.0,1,0.28,3.16,SPY220325C00448000,448.0,normalDay
2022-03-21,7707.0,38.0,0.0,100,444.39,442.0,0,0.0,0.0,,0.0,1,0.28,2.29,SPY220325C00448000,448.0,normalDay
2022-03-22,7707.0,365.0,0.0,100,449.59,442.0,0,0.0,0.0,,0.0,1,0.28,4.22,SPY220325C00448000,448.0,normalDay
2022-03-23,7707.0,103.0,0.0,100,443.8,442.0,0,0.0,0.0,,0.0,1,0.28,1.05,SPY220325C00448000,448.0,normalDay
2022-03-24,7707.0,547.0,0.0,100,450.49,442.0,0,0.0,0.0,,0.0,1,0.28,3.3,SPY220325C00448000,448.0,normalDay
2022-03-25,8335.0,547.0,628.0,0,452.69,0.0,0,0.0,0.0,,0.0,1,0.28,0.0,SPY220325C00448000,448.0,expirationDay
2022-03-28,8335.0,0.0,0.0,0,455.91,0.0,0,0.0,0.0,,0.0,0,0.0,0.0,,0.0,bidTooLow
2022-03-29,8335.0,0.0,0.0,0,461.55,0.0,0,0.0,0.0,,0.0,0,0.0,0.0,,0.0,bidTooLow
2022-03-30,8335.0,0.0,0.0,0,458.7,0.0,0,0.0,0.0,,0.0,0,0.0,0.0,,0.0,bidTooLow
2022-03-31,8335.0,0.0,0.0,0,451.64,0.0,0,0.0,0.0,,0.0,0,0.0,0.0,,0.0,bidTooLow
2022-04-01,8335.0,0.0,0.0,0,452.92,0.0,0,0.0,0.0,,0.0,0,0.0,0.0,,0.0,bidTooLow
2022-04-04,8335.0,0.0,0.0,0,456.8,0.0,0,0.0,0.0,,0.0,0,0.0,0.0,,0.0,bidTooLow
2022-04-05,8335.0,0.0,0.0,0,451.03,0.0,0,0.0,0.0,,0.0,0,0.0,0.0,,0.0,bidTooLow
2022-04-06,8335.0,0.0,0.0,0,446.52,0.0,0,0.0,0.0,,0.0,0,0.0,0.0,,0.0,bidTooLow
2022-04-07,8335.0,0.0,0.0,0,448.77,0.0,0,0.0,0.0,,0.0,0,0.0,0.0,,0.0,bidTooLow
2022-04-08,8335.0,0.0,0.0,0,447.57,0.0,0,0.0,0.0,,0.0,0,0.0,0.0,,0.0,bidTooLow
2022-04-11,8335.0,-3.0,0.0,0,439.92,0.0,1,0.13,0.16,SPY220414P00415000,415.0,0,0.0,0.0,,0.0,normalDay
2022-04-12,8335.0,3.0,0.0,0,438.29,0.0,1,0.13,0.1,SPY220414P00415000,415.0,0,0.0,0.0,,0.0,normalDay
2022-04-13,8335.0,9.0,0.0,0,443.31,0.0,1,0.13,0.04,SPY220414P00415000,415.0,0,0.0,0.0,,0.0,normalDay
2022-04-14,8348.0,0.0,13.0,0,437.79,0.0,1,0.13,0.0,SPY220414P00415000,415.0,0,0.0,0.0,,0.0,expirationDay
2022-04-18,8348.0,-3.0,0.0,0,437.97,0.0,1,0.01,0.04,SPY220420P00420000,420.0,0,0.0,0.0,,0.0,normalDay
2022-04-19,8348.0,-1.0,0.0,0,445.04,0.0,1,0.01,0.02,SPY220420P00420000,420.0,0,0.0,0.0,,0.0,normalDay
2022-04-20,8349.0,0.0,1.0,0,444.71,0.0,1,0.01,0.0,SPY220420P00420000,420.0,0,0.0,0.0,,0.0,expirationDay
2022-04-21,8349.0,-3.0,0.0,0,438.06,0.0,1,0.01,0.04,SPY220422P00419000,419.0,0,0.0,0.0,,0.0,normalDay
2022-04-22,8350.0,0.0,1.0,0,426.04,0.0,1,0.01,0.0,SPY220422P00419000,419.0,0,0.0,0.0,,0.0,expirationDay
2022-04-25,8350.0,-3.0,0.0,0,428.51,0.0,1,0.11,0.14,SPY220427P00407000,407.0,0,0.0,0.0,,0.0,normalDay
2022-04-26,8350.0,-78.0,0.0,0,416.1,0.0,1,0.11,0.89,SPY220427P00407000,407.0,0,0.0,0.0,,0.0,normalDay
2022-04-27,8361.0,0.0,11.0,0,417.27,0.0,1,0.11,0.0,SPY220427P00407000,407.0,0,0.0,0.0,,0.0,expirationDay
2022-04-28,8361.0,-3.0,0.0,0,427.81,0.0,1,0.02,0.05,SPY220429P00394000,394.0,0,0.0,0.0,,0.0,normalDay
2022-04-29,8363.0,0.0,2.0,0,412.0,0.0,1,0.02,0.0,SPY220429P00394000,394.0,0,0.0,0.0,,0.0,expirationDay
2022-05-02,8363.0,-3.0,0.0,0,414.48,0.0,1,0.07,0.1,SPY220504P00383000,383.0,0,0.0,0.0,,0.0,normalDay
2022-05-03,8363.0,6.0,0.0,0,416.38,0.0,1,0.07,0.01,SPY220504P00383000,383.0,0,0.0,0.0,,0.0,normalDay
2022-05-04,8370.0,0.0,7.0,0,429.06,0.0,1,0.07,0.0,SPY220504P00383000,383.0,0,0.0,0.0,,0.0,expirationDay
2022-05-05,8370.0,0.0,0.0,0,413.81,0.0,0,0.0,0.0,,0.0,0,0.0,0.0,,0.0,bidTooLow
2022-05-06,8370.0,-3.0,0.0,0,411.34,0.0,1,0.01,0.04,SPY220509P00379000,379.0,0,0.0,0.0,,0.0,normalDay
2022-05-09,8371.0,0.0,1.0,0,398.17,0.0,1,0.01,0.0,SPY220509P00379000,379.0,0,0.0,0.0,,0.0,expirationDay
2022-05-10,8371.0,-3.0,0.0,0,399.09,0.0,1,0.08,0.11,SPY220513P00366000,366.0,0,0.0,0.0,,0.0,normalDay
2022-05-11,8371.0,-1.0,0.0,0,392.75,0.0,1,0.08,0.09,SPY220513P00366000,366.0,0,0.0,0.0,,0.0,normalDay
2022-05-12,8371.0,5.0,0.0,0,392.34,0.0,1,0.08,0.03,SPY220513P00366000,366.0,0,0.0,0.0,,0.0,normalDay
2022-05-13,8379.0,0.0,8.0,0,401.72,0.0,1,0.08,0.0,SPY220513P00366000,366.0,0,0.0,0.0,,0.0,expirationDay
2022-05-16,8379.0,0.0,0.0,0,400.09,0.0,0,0.0,0.0,,0.0,0,0.0,0.0,,0.0,bidTooLow
2022-05-17,8379.0,-3.0,0.0,0,408.32,0.0,1,0.01,0.04,SPY220520P00356000,356.0,0,0.0,0.0,,0.0,normalDay
2022-05-18,8379.0,-8.0,0.0,0,391.86,0.0,1,0.01,0.09,SPY220520P00356000,356.0,0,0.0,0.0,,0.0,normalDay
2022-05-19,8379.0,-2.0,0.0,0,389.46,0.0,1,0.01,0.03,SPY220520P00356000,356.0,0,0.0,0.0,,0.0,normalDay
2022-05-20,8380.0,0.0,1.0,0,389.63,0.0,1,0.01,0.0,SPY220520P00356000,356.0,0,0.0,0.0,,0.0,expirationDay
2022-05-23,8380.0,0.0,0.0,0,396.92,0.0,0,0.0,0.0,,0.0,0,0.0,0.0,,0.0,bidTooLow
2022-05-24,8380.0,-3.0,0.0,0,393.89,0.0,1,0.01,0.04,SPY220527P00355000,355.0,0,0.0,0.0,,0.0,normalDay
2022-05-25,8380.0,-1.0,0.0,0,397.37,0.0,1,0.01,0.02,SPY220527P00355000,355.0,0,0.0,0.0,,0.0,normalDay
2022-05-26,8380.0,0.0,0.0,0,405.31,0.0,1,0.01,0.01,SPY220527P00355000,355.0,0,0.0,0.0,,0.0,normalDay
2022-05-27,8381.0,0.0,1.0,0,415.26,0.0,1,0.01,0.0,SPY220527P00355000,355.0,0,0.0,0.0,,0.0,expirationDay
2022-05-31,8381.0,0.0,0.0,0,412.93,0.0,0,0.0,0.0,,0.0,0,0.0,0.0,,0.0,bidTooLow
2022-06-01,8381.0,0.0,0.0,0,409.59,0.0,0,0.0,0.0,,0.0,0,0.0,0.0,,0.0,bidTooLow
2022-06-02,8381.0,0.0,0.0,0,417.39,0.0,0,0.0,0.0,,0.0,0,0.0,0.0,,0.0,bidTooLow
2022-06-03,8381.0,0.0,0.0,0,410.54,0.0,0,0.0,0.0,,0.0,0,0.0,0.0,,0.0,bidTooLow
2022-06-06,8381.0,0.0,0.0,0,411.79,0.0,0,0.0,0.0,,0.0,0,0.0,0.0,,0.0,bidTooLow
2022-06-07,8381.0,0.0,0.0,0,415.74,0.0,0,0.0,0.0,,0.0,0,0.0,0.0,,0.0,bidTooLow
2022-06-08,8381.0,0.0,0.0,0,411.22,0.0,0,0.0,0.0,,0.0,0,0.0,0.0,,0.0,bidTooLow
2022-06-09,8381.0,0.0,0.0,0,401.44,0.0,0,0.0,0.0,,0.0,0,0.0,0.0,,0.0,bidTooLow
2022-06-10,8381.0,-3.0,0.0,0,389.8,0.0,1,0.09,0.12,SPY220613P00365000,365.0,0,0.0,0.0,,0.0,normalDay
2022-06-13,8390.0,0.0,9.0,0,375.0,0.0,1,0.09,0.0,SPY220613P00365000,365.0,0,0.0,0.0,,0.0,expirationDay
2022-06-14,8390.0,-3.0,0.0,0,373.87,0.0,1,0.68,0.71,SPY220617P00349000,349.0,0,0.0,0.0,,0.0,normalDay
2022-06-15,8390.0,55.0,0.0,0,379.2,0.0,1,0.68,0.13,SPY220617P00349000,349.0,0,0.0,0.0,,0.0,normalDay
2022-06-16,8390.0,39.0,0.0,0,366.65,0.0,1,0.68,0.29,SPY220617P00349000,349.0,0,0.0,0.0,,0.0,normalDay
2022-06-17,8458.0,0.0,68.0,0,365.86,0.0,1,0.68,0.0,SPY220617P00349000,349.0,0,0.0,0.0,,0.0,expirationDay
2022-06-21,8458.0,0.0,0.0,0,375.07,0.0,0,0.0,0.0,,0.0,0,0.0,0.0,,0.0,bidTooLow
2022-06-22,8458.0,0.0,0.0,0,374.39,0.0,0,0.0,0.0,,0.0,0,0.0,0.0,,0.0,bidTooLow
2022-06-23,8458.0,0.0,0.0,0,378.06,0.0,0,0.0,0.0,,0.0,0,0.0,0.0,,0.0,bidTooLow
2022-06-24,8458.0,0.0,0.0,0,390.08,0.0,0,0.0,0.0,,0.0,0,0.0,0.0,,0.0,bidTooLow
2022-06-27,8458.0,0.0,0.0,0,388.59,0.0,0,0.0,0.0,,0.0,0,0.0,0.0,,0.0,bidTooLow
2022-06-28,8458.0,0.0,0.0,0,380.65,0.0,0,0.0,0.0,,0.0,0,0.0,0.0,,0.0,bidTooLow
2022-06-29,8458.0,0.0,0.0,0,380.34,0.0,0,0.0,0.0,,0.0,0,0.0,0.0,,0.0,bidTooLow
2022-06-30,8458.0,0.0,0.0,0,377.25,0.0,0,0.0,0.0,,0.0,0,0.0,0.0,,0.0,bidTooLow
2022-07-01,8458.0,0.0,0.0,0,381.24,0.0,0,0.0,0.0,,0.0,0,0.0,0.0,,0.0,bidTooLow
2022-07-05,8458.0,0.0,0.0,0,381.96,0.0,0,0.0,0.0,,0.0,0,0.0,0.0,,0.0,bidTooLow
2022-07-06,8458.0,0.0,0.0,0,383.25,0.0,0,0.0,0.0,,0.0,0,0.0,0.0,,0.0,bidTooLow
2022-07-07,8458.0,0.0,0.0,0,388.99,0.0,0,0.0,0.0,,0.0,0,0.0,0.0,,0.0,bidTooLow
2022-07-08,8458.0,0.0,0.0,0,388.67,0.0,0,0.0,0.0,,0.0,0,0.0,0.0,,0.0,bidTooLow
2022-07-11,8458.0,0.0,0.0,0,384.23,0.0,0,0.0,0.0,,0.0,0,0.0,0.0,,0.0,bidTooLow
2022-07-12,8458.0,-3.0,0.0,0,380.83,0.0,1,0.11,0.14,SPY220715P00353000,353.0,0,0.0,0.0,,0.0,normalDay
2022-07-13,8458.0,6.0,0.0,0,378.83,0.0,1,0.11,0.05,SPY220715P00353000,353.0,0,0.0,0.0,,0.0,normalDay
2022-07-14,8458.0,8.0,0.0,0,377.91,0.0,1,0.11,0.03,SPY220715P00353000,353.0,0,0.0,0.0,,0.0,normalDay
2022-07-15,8469.0,0.0,11.0,0,385.13,0.0,1,0.11,0.0,SPY220715P00353000,353.0,0,0.0,0.0,,0.0,expirationDay
2022-07-18,8469.0,0.0,0.0,0,381.95,0.0,0,0.0,0.0,,0.0,0,0.0,0.0,,0.0,bidTooLow
2022-07-19,8469.0,-3.0,0.0,0,392.27,0.0,1,0.02,0.05,SPY220722P00362000,362.0,0,0.0,0.0,,0.0,normalDay
2022-07-20,8469.0,0.0,0.0,0,394.77,0.0,1,0.02,0.02,SPY220722P00362000,362.0,0,0.0,0.0,,0.0,normalDay
2022-07-21,8469.0,1.0,0.0,0,398.79,0.0,1,0.02,0.01,SPY220722P00362000,362.0,0,0.0,0.0,,0.0,normalDay
2022-07-22,8471.0,0.0,2.0,0,395.09,0.0,1,0.02,0.0,SPY220722P00362000,362.0,0,0.0,0.0,,0.0,expirationDay
2022-07-25,8471.0,0.0,0.0,0,395.57,0.0,0,0.0,0.0,,0.0,0,0.0,0.0,,0.0,bidTooLow
2022-07-26,8471.0,-3.0,0.0,0,390.89,0.0,1,0.02,0.05,SPY220729P00359000,359.0,0,0.0,0.0,,0.0,normalDay
2022-07-27,8471.0,0.0,0.0,0,401.04,0.0,1,0.02,0.02,SPY220729P00359000,359.0,0,0.0,0.0,,0.0,normalDay
2022-07-28,8471.0,1.0,0.0,0,406.07,0.0,1,0.02,0.01,SPY220729P00359000,359.0,0,0.0,0.0,,0.0,normalDay
2022-07-29,8473.0,0.0,2.0,0,411.99,0.0,1,0.02,0.0,SPY220729P00359000,359.0,0,0.0,0.0,,0.0,expirationDay
2022-08-01,8473.0,0.0,0.0,0,410.77,0.0,0,0.0,0.0,,0.0,0,0.0,0.0,,0.0,bidTooLow
2022-08-02,8473.0,0.0,0.0,0,408.06,0.0,0,0.0,0.0,,0.0,0,0.0,0.0,,0.0,bidTooLow
2022-08-03,8473.0,0.0,0.0,0,414.45,0.0,0,0.0,0.0,,0.0,0,0.0,0.0,,0.0,bidTooLow
2022-08-04,8473.0,0.0,0.0,0,414.17,0.0,0,0.0,0.0,,0.0,0,0.0,0.0,,0.0,bidTooLow
2022-08-05,8473.0,0.0,0.0,0,413.47,0.0,0,0.0,0.0,,0.0,0,0.0,0.0,,0.0,bidTooLow
2022-08-08,8473.0,0.0,0.0,0,412.99,0.0,0,0.0,0.0,,0.0,0,0.0,0.0,,0.0,bidTooLow
2022-08-09,8473.0,0.0,0.0,0,411.35,0.0,0,0.0,0.0,,0.0,0,0.0,0.0,,0.0,bidTooLow
2022-08-10,8473.0,0.0,0.0,0,419.99,0.0,0,0.0,0.0,,0.0,0,0.0,0.0,,0.0,bidTooLow
2022-08-11,8473.0,0.0,0.0,0,419.99,0.0,0,0.0,0.0,,0.0,0,0.0,0.0,,0.0,bidTooLow
2022-08-12,8473.0,0.0,0.0,0,427.1,0.0,0,0.0,0.0,,0.0,0,0.0,0.0,,0.0,bidTooLow
2022-08-15,8473.0,0.0,0.0,0,428.86,0.0,0,0.0,0.0,,0.0,0,0.0,0.0,,0.0,bidTooLow
2022-08-16,8473.0,0.0,0.0,0,429.7,0.0,0,0.0,0.0,,0.0,0,0.0,0.0,,0.0,bidTooLow
2022-08-17,8473.0,0.0,0.0,0,426.65,0.0,0,0.0,0.0,,0.0,0,0.0,0.0,,0.0,bidTooLow
2022-08-18,8473.0,0.0,0.0,0,427.89,0.0,0,0.0,0.0,,0.0,0,0.0,0.0,,0.0,bidTooLow
2022-08-19,8473.0,0.0,0.0,0,422.14,0.0,0,0.0,0.0,,0.0,0,0.0,0.0,,0.0,bidTooLow
2022-08-22,8473.0,0.0,0.0,0,413.35,0.0,0,0.0,0.0,,0.0,0,0.0,0.0,,0.0,bidTooLow
2022-08-23,8473.0,-3.0,0.0,0,412.35,0.0,1,0.03,0.06,SPY220826P00384000,384.0,0,0.0,0.0,,0.0,normalDay
2022-08-24,8473.0,1.0,0.0,0,413.67,0.0,1,0.03,0.02,SPY220826P00384000,384.0,0,0.0,0.0,,0.0,normalDay
2022-08-25,8473.0,1.0,0.0,0,419.51,0.0,1,0.03,0.02,SPY220826P00384000,384.0,0,0.0,0.0,,0.0,normalDay
2022-08-26,8476.0,0.0,3.0,0,405.31,0.0,1,0.03,0.0,SPY220826P00384000,384.0,0,0.0,0.0,,0.0,expirationDay
2022-08-29,8476.0,-3.0,0.0,0,402.63,0.0,1,0.06,0.09,SPY220831P00385000,385.0,0,0.0,0.0,,0.0,normalDay
2022-08-30,8476.0,1.0,0.0,0,398.21,0.0,1,0.06,0.05,SPY220831P00385000,385.0,0,0.0,0.0,,0.0,normalDay
2022-08-31,8482.0,0.0,6.0,0,395.18,0.0,1,0.06,0.0,SPY220831P00385000,385.0,0,0.0,0.0,,0.0,expirationDay
2022-09-01,8482.0,0.0,0.0,0,396.42,0.0,0,0.0,0.0,,0.0,0,0.0,0.0,,0.0,bidTooLow
2022-09-02,8482.0,0.0,0.0,0,392.24,0.0,0,0.0,0.0,,0.0,0,0.0,0.0,,0.0,bidTooLow
2022-09-06,8482.0,-3.0,0.0,0,390.76,0.0,1,0.03,0.06,SPY220909P00360000,360.0,0,0.0,0.0,,0.0,normalDay
2022-09-07,8482.0,1.0,0.0,0,397.78,0.0,1,0.03,0.02,SPY220909P00360000,360.0,0,0.0,0.0,,0.0,normalDay
2022-09-08,8482.0,2.0,0.0,0,400.38,0.0,1,0.03,0.01,SPY220909P00360000,360.0,0,0.0,0.0,,0.0,normalDay
2022-09-09,8485.0,0.0,3.0,0,406.6,0.0,1,0.03,0.0,SPY220909P00360000,360.0,0,0.0,0.0,,0.0,expirationDay
2022-09-12,8485.0,0.0,0.0,0,410.97,0.0,0,0.0,0.0,,0.0,0,0.0,0.0,,0.0,bidTooLow
2022-09-13,8485.0,-3.0,0.0,0,393.1,0.0,1,0.16,0.19,SPY220916P00358000,358.0,0,0.0,0.0,,0.0,normalDay
2022-09-14,8485.0,10.0,0.0,0,394.6,0.0,1,0.16,0.06,SPY220916P00358000,358.0,0,0.0,0.0,,0.0,normalDay
2022-09-15,8485.0,13.0,0.0,0,390.12,0.0,1,0.16,0.03,SPY220916P00358000,358.0,0,0.0,0.0,,0.0,normalDay
2022-09-16,8501.0,0.0,16.0,0,385.56,0.0,1,0.16,0.0,SPY220916P00358000,358.0,0,0.0,0.0,,0.0,expirationDay
2022-09-19,8501.0,-3.0,0.0,0,388.55,0.0,1,0.01,0.04,SPY220921P00361000,361.0,0,0.0,0.0,,0.0,normalDay
2022-09-20,8501.0,-4.0,0.0,0,384.09,0.0,1,0.01,0.05,SPY220921P00361000,361.0,0,0.0,0.0,,0.0,normalDay
2022-09-21,8502.0,0.0,1.0,0,377.39,0.0,1,0.01,0.0,SPY220921P00361000,361.0,0,0.0,0.0,,0.0,expirationDay
2022-09-22,8502.0,0.0,0.0,0,374.22,0.0,0,0.0,0.0,,0.0,0,0.0,0.0,,0.0,bidTooLow
2022-09-23,8502.0,-3.0,0.0,0,367.95,0.0,1,0.07,0.1,SPY220926P00349000,349.0,0,0.0,0.0,,0.0,normalDay
2022-09-26,8509.0,0.0,7.0,0,364.31,0.0,1,0.07,0.0,SPY220926P00349000,349.0,0,0.0,0.0,,0.0,expirationDay
2022-09-27,8509.0,-3.0,0.0,0,363.38,0.0,1,0.05,0.08,SPY220930P00336000,336.0,0,0.0,0.0,,0.0,normalDay
2022-09-28,8509.0,2.0,0.0,0,370.53,0.0,1,0.05,0.03,SPY220930P00336000,336.0,0,0.0,0.0,,0.0,normalDay
2022-09-29,8509.0,2.0,0.0,0,362.79,0.0,1,0.05,0.03,SPY220930P00336000,336.0,0,0.0,0.0,,0.0,normalDay
2022-09-30,8514.0,0.0,5.0,0,357.18,0.0,1,0.05,0.0,SPY220930P00336000,336.0,0,0.0,0.0,,0.0,expirationDay
2022-10-03,8514.0,0.0,0.0,0,366.61,0.0,0,0.0,0.0,,0.0,0,0.0,0.0,,0.0,bidTooLow
2022-10-04,8514.0,0.0,0.0,0,377.97,0.0,0,0.0,0.0,,0.0,0,0.0,0.0,,0.0,bidTooLow
2022-10-05,8514.0,0.0,0.0,0,377.09,0.0,0,0.0,0.0,,0.0,0,0.0,0.0,,0.0,bidTooLow
2022-10-06,8514.0,0.0,0.0,0,373.2,0.0,0,0.0,0.0,,0.0,0,0.0,0.0,,0.0,bidTooLow
2022-10-07,8514.0,0.0,0.0,0,362.79,0.0,0,0.0,0.0,,0.0,0,0.0,0.0,,0.0,bidTooLow
2022-10-10,8514.0,0.0,0.0,0,360.02,0.0,0,0.0,0.0,,0.0,0,0.0,0.0,,0.0,bidTooLow
2022-10-11,8514.0,-3.0,0.0,0,357.74,0.0,1,0.08,0.11,SPY221014P00327000,327.0,0,0.0,0.0,,0.0,normalDay
2022-10-12,8514.0,2.0,0.0,0,356.56,0.0,1,0.08,0.06,SPY221014P00327000,327.0,0,0.0,0.0,,0.0,normalDay
2022-10-13,8514.0,6.0,0.0,0,365.97,0.0,1,0.08,0.02,SPY221014P00327000,327.0,0,0.0,0.0,,0.0,normalDay
2022-10-14,8522.0,0.0,8.0,0,357.63,0.0,1,0.08,0.0,SPY221014P00327000,327.0,0,0.0,0.0,,0.0,expirationDay
2022-10-17,8522.0,-3.0,0.0,0,366.82,0.0,1,0.01,0.04,SPY221019P00335000,335.0,0,0.0,0.0,,0.0,normalDay
2022-10-18,8522.0,0.0,0.0,0,371.13,0.0,1,0.01,0.01,SPY221019P00335000,335.0,0,0.0,0.0,,0.0,normalDay
2022-10-19,8523.0,0.0,1.0,0,368.5,0.0,1,0.01,0.0,SPY221019P00335000,335.0,0,0.0,0.0,,0.0,expirationDay
2022-10-20,8523.0,0.0,0.0,0,365.41,0.0,0,0.0,0.0,,0.0,0,0.0,0.0,,0.0,bidTooLow
2022-10-21,8523.0,0.0,0.0,0,374.29,0.0,0,0.0,0.0,,0.0,0,0.0,0.0,,0.0,bidTooLow
2022-10-24,8523.0,0.0,0.0,0,378.87,0.0,0,0.0,0.0,,0.0,0,0.0,0.0,,0.0,bidTooLow
2022-10-25,8523.0,0.0,0.0,0,384.92,0.0,0,0.0,0.0,,0.0,0,0.0,0.0,,0.0,bidTooLow
2022-10-26,8523.0,0.0,0.0,0,382.02,0.0,0,0.0,0.0,,0.0,0,0.0,0.0,,0.0,bidTooLow
2022-10-27,8523.0,0.0,0.0,0,379.98,0.0,0,0.0,0.0,,0.0,0,0.0,0.0,,0.0,bidTooLow
2022-10-28,8523.0,0.0,0.0,0,389.02,0.0,0,0.0,0.0,,0.0,0,0.0,0.0,,0.0,bidTooLow
2022-10-31,8523.0,0.0,0.0,0,386.21,0.0,0,0.0,0.0,,0.0,0,0.0,0.0,,0.0,bidTooLow
2022-11-01,8523.0,0.0,0.0,0,384.52,0.0,0,0.0,0.0,,0.0,0,0.0,0.0,,0.0,bidTooLow
2022-11-02,8523.0,0.0,0.0,0,374.87,0.0,0,0.0,0.0,,0.0,0,0.0,0.0,,0.0,bidTooLow
2022-11-03,8523.0,0.0,0.0,0,371.01,0.0,0,0.0,0.0,,0.0,0,0.0,0.0,,0.0,bidTooLow
2022-11-04,8523.0,0.0,0.0,0,376.35,0.0,0,0.0,0.0,,0.0,0,0.0,0.0,,0.0,bidTooLow
2022-11-07,8523.0,0.0,0.0,0,379.95,0.0,0,0.0,0.0,,0.0,0,0.0,0.0,,0.0,bidTooLow
2022-11-08,8523.0,-3.0,0.0,0,382.0,0.0,1,0.01,0.04,SPY221111P00338000,338.0,0,0.0,0.0,,0.0,normalDay
2022-11-09,8523.0,-2.0,0.0,0,374.13,0.0,1,0.01,0.03,SPY221111P00338000,338.0,0,0.0,0.0,,0.0,normalDay
2022-11-10,8523.0,0.0,0.0,0,394.69,0.0,1,0.01,0.01,SPY221111P00338000,338.0,0,0.0,0.0,,0.0,normalDay
2022-11-11,8524.0,0.0,1.0,0,398.51,0.0,1,0.01,0.0,SPY221111P00338000,338.0,0,0.0,0.0,,0.0,expirationDay
2022-11-14,8524.0,0.0,0.0,0,395.12,0.0,0,0.0,0.0,,0.0,0,0.0,0.0,,0.0,bidTooLow
2022-11-15,8524.0,0.0,0.0,0,398.49,0.0,0,0.0,0.0,,0.0,0,0.0,0.0,,0.0,bidTooLow
2022-11-16,8524.0,0.0,0.0,0,395.45,0.0,0,0.0,0.0,,0.0,0,0.0,0.0,,0.0,bidTooLow
2022-11-17,8524.0,0.0,0.0,0,394.24,0.0,0,0.0,0.0,,0.0,0,0.0,0.0,,0.0,bidTooLow
2022-11-18,8524.0,0.0,0.0,0,396.03,0.0,0,0.0,0.0,,0.0,0,0.0,0.0,,0.0,bidTooLow
2022-11-21,8524.0,0.0,0.0,0,394.59,0.0,0,0.0,0.0,,0.0,0,0.0,0.0,,0.0,bidTooLow
2022-11-22,8524.0,0.0,0.0,0,399.9,0.0,0,0.0,0.0,,0.0,0,0.0,0.0,,0.0,bidTooLow
2022-11-23,8524.0,0.0,0.0,0,402.42,0.0,0,0.0,0.0,,0.0,0,0.0,0.0,,0.0,bidTooLow
2022-11-25,8524.0,0.0,0.0,0,402.33,0.0,0,0.0,0.0,,0.0,0,0.0,0.0,,0.0,bidTooLow
2022-11-28,8524.0,0.0,0.0,0,395.91,0.0,0,0.0,0.0,,0.0,0,0.0,0.0,,0.0,bidTooLow
2022-11-29,8524.0,0.0,0.0,0,395.23,0.0,0,0.0,0.0,,0.0,0,0.0,0.0,,0.0,bidTooLow
2022-11-30,8524.0,0.0,0.0,0,407.68,0.0,0,0.0,0.0,,0.0,0,0.0,0.0,,0.0,bidTooLow
2022-12-01,8524.0,0.0,0.0,0,407.38,0.0,0,0.0,0.0,,0.0,0,0.0,0.0,,0.0,bidTooLow
2022-12-02,8524.0,0.0,0.0,0,406.91,0.0,0,0.0,0.0,,0.0,0,0.0,0.0,,0.0,bidTooLow
2022-12-05,8524.0,0.0,0.0,0,399.59,0.0,0,0.0,0.0,,0.0,0,0.0,0.0,,0.0,bidTooLow
2022-12-06,8524.0,-3.0,0.0,0,393.83,0.0,1,0.03,0.06,SPY221209P00365000,365.0,0,0.0,0.0,,0.0,normalDay
2022-12-07,8524.0,0.0,0.0,0,393.16,0.0,1,0.03,0.03,SPY221209P00365000,365.0,0,0.0,0.0,,0.0,normalDay
2022-12-08,8524.0,1.0,0.0,0,396.24,0.0,1,0.03,0.02,SPY221209P00365000,365.0,0,0.0,0.0,,0.0,normalDay
2022-12-09,8527.0,0.0,3.0,0,393.28,0.0,1,0.03,0.0,SPY221209P00365000,365.0,0,0.0,0.0,,0.0,expirationDay
2022-12-12,8527.0,-3.0,0.0,0,398.95,0.0,1,0.73,0.76,SPY221215P00379000,379.0,0,0.0,0.0,,0.0,normalDay
2022-12-13,8527.0,60.0,0.0,0,401.97,0.0,1,0.73,0.13,SPY221215P00379000,379.0,0,0.0,0.0,,0.0,normalDay
2022-12-14,8527.0,69.0,0.0,0,399.4,0.0,1,0.73,0.04,SPY221215P00379000,379.0,0,0.0,0.0,,0.0,normalDay
2022-12-15,8600.0,0.0,73.0,0,389.63,0.0,1,0.73,0.0,SPY221215P00379000,379.0,0,0.0,0.0,,0.0,expirationDay
2022-12-16,8600.0,-3.0,0.0,0,383.27,0.0,1,0.09,0.12,SPY221219P00374000,374.0,0,0.0,0.0,,0.0,normalDay
2022-12-19,8609.0,0.0,9.0,0,380.02,0.0,1,0.09,0.0,SPY221219P00374000,374.0,0,0.0,0.0,,0.0,expirationDay
2022-12-20,8609.0,-3.0,0.0,0,380.54,0.0,1,0.09,0.12,SPY221223P00364000,364.0,0,0.0,0.0,,0.0,normalDay
2022-12-21,8609.0,6.0,0.0,0,386.23,0.0,1,0.09,0.03,SPY221223P00364000,364.0,0,0.0,0.0,,0.0,normalDay
2022-12-22,8609.0,3.0,0.0,0,380.72,0.0,1,0.09,0.06,SPY221223P00364000,364.0,0,0.0,0.0,,0.0,normalDay
2022-12-23,8618.0,0.0,9.0,0,382.91,0.0,1,0.09,0.0,SPY221223P00364000,364.0,0,0.0,0.0,,0.0,expirationDay
2022-12-27,8618.0,-3.0,0.0,0,381.4,0.0,1,0.01,0.04,SPY221230P00355000,355.0,0,0.0,0.0,,0.0,normalDay
2022-12-28,8618.0,-3.0,0.0,0,376.66,0.0,1,0.01,0.04,SPY221230P00355000,355.0,0,0.0,0.0,,0.0,normalDay
2022-12-29,8618.0,-1.0,0.0,0,383.44,0.0,1,0.01,0.02,SPY221230P00355000,355.0,0,0.0,0.0,,0.0,normalDay
2022-12-30,8619.0,0.0,1.0,0,382.43,0.0,1,0.01,0.0,SPY221230P00355000,355.0,0,0.0,0.0,,0.0,expirationDay
2023-01-03,8619.0,-3.0,0.0,0,380.82,0.0,1,0.01,0.04,SPY230106P00356000,356.0,0,0.0,0.0,,0.0,normalDay
2023-01-04,8619.0,-1.0,0.0,0,383.76,0.0,1,0.01,0.02,SPY230106P00356000,356.0,0,0.0,0.0,,0.0,normalDay
2023-01-05,8619.0,-1.0,0.0,0,379.38,0.0,1,0.01,0.02,SPY230106P00356000,356.0,0,0.0,0.0,,0.0,normalDay
2023-01-06,8620.0,0.0,1.0,0,388.08,0.0,1,0.01,0.0,SPY230106P00356000,356.0,0,0.0,0.0,,0.0,expirationDay
2023-01-09,8620.0,0.0,0.0,0,387.86,0.0,0,0.0,0.0,,0.0,0,0.0,0.0,,0.0,bidTooLow
2023-01-10,8620.0,0.0,0.0,0,390.58,0.0,0,0.0,0.0,,0.0,0,0.0,0.0,,0.0,bidTooLow
2023-01-11,8620.0,0.0,0.0,0,395.52,0.0,0,0.0,0.0,,0.0,0,0.0,0.0,,0.0,bidTooLow
2023-01-12,8620.0,0.0,0.0,0,396.96,0.0,0,0.0,0.0,,0.0,0,0.0,0.0,,0.0,bidTooLow
2023-01-13,8620.0,0.0,0.0,0,398.5,0.0,0,0.0,0.0,,0.0,0,0.0,0.0,,0.0,bidTooLow
2023-01-17,8620.0,0.0,0.0,0,397.77,0.0,0,0.0,0.0,,0.0,0,0.0,0.0,,0.0,bidTooLow
2023-01-18,8620.0,0.0,0.0,0,391.49,0.0,0,0.0,0.0,,0.0,0,0.0,0.0,,0.0,bidTooLow
2023-01-19,8620.0,0.0,0.0,0,388.64,0.0,0,0.0,0.0,,0.0,0,0.0,0.0,,0.0,bidTooLow
2023-01-20,8620.0,0.0,0.0,0,395.88,0.0,0,0.0,0.0,,0.0,0,0.0,0.0,,0.0,bidTooLow
2023-01-23,8620.0,0.0,0.0,0,400.63,0.0,0,0.0,0.0,,0.0,0,0.0,0.0,,0.0,bidTooLow
2023-01-24,8620.0,0.0,0.0,0,400.2,0.0,0,0.0,0.0,,0.0,0,0.0,0.0,,0.0,bidTooLow
2023-01-25,8620.0,0.0,0.0,0,400.35,0.0,0,0.0,0.0,,0.0,0,0.0,0.0,,0.0,bidTooLow
2023-01-26,8620.0,0.0,0.0,0,404.75,0.0,0,0.0,0.0,,0.0,0,0.0,0.0,,0.0,bidTooLow
2023-01-27,8620.0,0.0,0.0,0,405.68,0.0,0,0.0,0.0,,0.0,0,0.0,0.0,,0.0,bidTooLow
2023-01-30,8620.0,0.0,0.0,0,400.59,0.0,0,0.0,0.0,,0.0,0,0.0,0.0,,0.0,bidTooLow
2023-01-31,8620.0,0.0,0.0,0,406.48,0.0,0,0.0,0.0,,0.0,0,0.0,0.0,,0.0,bidTooLow
2023-02-01,8620.0,0.0,0.0,0,410.8,0.0,0,0.0,0.0,,0.0,0,0.0,0.0,,0.0,bidTooLow
2023-02-02,8620.0,0.0,0.0,0,416.78,0.0,0,0.0,0.0,,0.0,0,0.0,0.0,,0.0,bidTooLow
2023-02-03,8620.0,0.0,0.0,0,412.35,0.0,0,0.0,0.0,,0.0,0,0.0,0.0,,0.0,bidTooLow
2023-02-06,8620.0,0.0,0.0,0,409.83,0.0,0,0.0,0.0,,0.0,0,0.0,0.0,,0.0,bidTooLow
2023-02-07,8620.0,0.0,0.0,0,415.19,0.0,0,0.0,0.0,,0.0,0,0.0,0.0,,0.0,bidTooLow
2023-02-08,8620.0,0.0,0.0,0,410.65,0.0,0,0.0,0.0,,0.0,0,0.0,0.0,,0.0,bidTooLow
2023-02-09,8620.0,0.0,0.0,0,407.09,0.0,0,0.0,0.0,,0.0,0,0.0,0.0,,0.0,bidTooLow
2023-02-10,8620.0,0.0,0.0,0,408.04,0.0,0,0.0,0.0,,0.0,0,0.0,0.0,,0.0,bidTooLow
2023-02-13,8620.0,-3.0,0.0,0,412.83,0.0,1,0.01,0.04,SPY230216P00374000,374.0,0,0.0,0.0,,0.0,normalDay
2023-02-14,8620.0,-1.0,0.0,0,412.64,0.0,1,0.01,0.02,SPY230216P00374000,374.0,0,0.0,0.0,,0.0,normalDay
2023-02-15,8620.0,0.0,0.0,0,413.98,0.0,1,0.01,0.01,SPY230216P00374000,374.0,0,0.0,0.0,,0.0,normalDay
2023-02-16,8621.0,0.0,1.0,0,408.28,0.0,1,0.01,0.0,SPY230216P00374000,374.0,0,0.0,0.0,,0.0,expirationDay
2023-02-17,8621.0,0.0,0.0,0,407.26,0.0,0,0.0,0.0,,0.0,0,0.0,0.0,,0.0,bidTooLow
2023-02-21,8621.0,-3.0,0.0,0,399.09,0.0,1,0.33,0.36,SPY230224P00387000,387.0,0,0.0,0.0,,0.0,normalDay
2023-02-22,8621.0,19.0,0.0,0,398.54,0.0,1,0.33,0.14,SPY230224P00387000,387.0,0,0.0,0.0,,0.0,normalDay
2023-02-23,8621.0,29.0,0.0,0,400.66,0.0,1,0.33,0.04,SPY230224P00387000,387.0,0,0.0,0.0,,0.0,normalDay
2023-02-24,8654.0,0.0,33.0,0,396.38,0.0,1,0.33,0.0,SPY230224P00387000,387.0,0,0.0,0.0,,0.0,expirationDay
2023-02-27,8654.0,-3.0,0.0,0,397.73,0.0,1,0.04,0.07,SPY230302P00382000,382.0,0,0.0,0.0,,0.0,normalDay
2023-02-28,8654.0,-1.0,0.0,0,396.26,0.0,1,0.04,0.05,SPY230302P00382000,382.0,0,0.0,0.0,,0.0,normalDay
2023-03-01,8654.0,2.0,0.0,0,394.74,0.0,1,0.04,0.02,SPY230302P00382000,382.0,0,0.0,0.0,,0.0,normalDay
2023-03-02,8658.0,0.0,4.0,0,397.81,0.0,1,0.04,0.0,SPY230302P00382000,382.0,0,0.0,0.0,,0.0,expirationDay
2023-03-03,8658.0,0.0,0.0,0,404.19,0.0,0,0.0,0.0,,0.0,0,0.0,0.0,,0.0,bidTooLow
2023-03-06,8658.0,0.0,0.0,0,404.47,0.0,0,0.0,0.0,,0.0,0,0.0,0.0,,0.0,bidTooLow
2023-03-07,8658.0,-3.0,0.0,0,398.27,0.0,1,0.04,0.07,SPY230310P00377000,377.0,0,0.0,0.0,,0.0,normalDay
2023-03-08,8658.0,1.0,0.0,0,398.92,0.0,1,0.04,0.03,SPY230310P00377000,377.0,0,0.0,0.0,,0.0,normalDay
2023-03-09,8658.0,-7.0,0.0,0,391.56,0.0,1,0.04,0.11,SPY230310P00377000,377.0,0,0.0,0.0,,0.0,normalDay
2023-03-10,8662.0,0.0,4.0,0,385.91,0.0,1,0.04,0.0,SPY230310P00377000,377.0,0,0.0,0.0,,0.0,expirationDay
2023-03-13,8662.0,-3.0,0.0,0,385.36,0.0,1,0.57,0.6,SPY230316P00368000,368.0,0,0.0,0.0,,0.0,normalDay
2023-03-14,8662.0,50.0,0.0,0,391.73,0.0,1,0.57,0.07,SPY230316P00368000,368.0,0,0.0,0.0,,0.0,normalDay
2023-03-15,8662.0,54.0,0.0,0,389.28,0.0,1,0.57,0.03,SPY230316P00368000,368.0,0,0.0,0.0,,0.0,normalDay
2023-03-16,8719.0,0.0,57.0,0,396.11,0.0,1,0.57,0.0,SPY230316P00368000,368.0,0,0.0,0.0,,0.0,expirationDay
2023-03-17,8719.0,-3.0,0.0,0,389.99,0.0,1,0.03,0.06,SPY230320P00373000,373.0,0,0.0,0.0,,0.0,normalDay
2023-03-20,8722.0,0.0,3.0,0,393.74,0.0,1,0.03,0.0,SPY230320P00373000,373.0,0,0.0,0.0,,0.0,expirationDay
2023-03-21,8722.0,-3.0,0.0,0,398.91,0.0,1,0.08,0.11,SPY230324P00374000,374.0,0,0.0,0.0,,0.0,normalDay
2023-03-22,8722.0,-5.0,0.0,0,392.11,0.0,1,0.08,0.13,SPY230324P00374000,374.0,0,0.0,0.0,,0.0,normalDay
2023-03-23,8722.0,5.0,0.0,0,393.17,0.0,1,0.08,0.03,SPY230324P00374000,374.0,0,0.0,0.0,,0.0,normalDay
2023-03-24,8730.0,0.0,8.0,0,395.75,0.0,1,0.08,0.0,SPY230324P00374000,374.0,0,0.0,0.0,,0.0,expirationDay
2023-03-27,8730.0,-3.0,0.0,0,396.49,0.0,1,0.01,0.04,SPY230330P00374000,374.0,0,0.0,0.0,,0.0,normalDay
2023-03-28,8730.0,-2.0,0.0,0,395.6,0.0,1,0.01,0.03,SPY230330P00374000,374.0,0,0.0,0.0,,0.0,normalDay
2023-03-29,8730.0,-1.0,0.0,0,401.35,0.0,1,0.01,0.02,SPY230330P00374000,374.0,0,0.0,0.0,,0.0,normalDay
2023-03-30,8731.0,0.0,1.0,0,403.7,0.0,1,0.01,0.0,SPY230330P00374000,374.0,0,0.0,0.0,,0.0,expirationDay
2023-03-31,8731.0,0.0,0.0,0,409.39,0.0,0,0.0,0.0,,0.0,0,0.0,0.0,,0.0,bidTooLow
2023-04-03,8731.0,0.0,0.0,0,410.95,0.0,0,0.0,0.0,,0.0,0,0.0,0.0,,0.0,bidTooLow
2023-04-04,8731.0,0.0,0.0,0,408.67,0.0,0,0.0,0.0,,0.0,0,0.0,0.0,,0.0,bidTooLow
2023-04-05,8731.0,0.0,0.0,0,407.6,0.0,0,0.0,0.0,,0.0,0,0.0,0.0,,0.0,bidTooLow
2023-04-06,8731.0,0.0,0.0,0,409.19,0.0,0,0.0,0.0,,0.0,0,0.0,0.0,,0.0,bidTooLow
2023-04-10,8731.0,0.0,0.0,0,409.61,0.0,0,0.0,0.0,,0.0,0,0.0,0.0,,0.0,bidTooLow
2023-04-11,8731.0,0.0,0.0,0,409.72,0.0,0,0.0,0.0,,0.0,0,0.0,0.0,,0.0,bidTooLow
2023-04-12,8731.0,0.0,0.0,0,408.05,0.0,0,0.0,0.0,,0.0,0,0.0,0.0,,0.0,bidTooLow
2023-04-13,8731.0,0.0,0.0,0,413.47,0.0,0,0.0,0.0,,0.0,0,0.0,0.0,,0.0,bidTooLow
2023-04-14,8731.0,0.0,0.0,0,412.46,0.0,0,0.0,0.0,,0.0,0,0.0,0.0,,0.0,bidTooLow
2023-04-17,8731.0,0.0,0.0,0,413.94,0.0,0,0.0,0.0,,0.0,0,0.0,0.0,,0.0,bidTooLow
2023-04-18,8731.0,0.0,0.0,0,414.21,0.0,0,0.0,0.0,,0.0,0,0.0,0.0,,0.0,bidTooLow
2023-04-19,8731.0,0.0,0.0,0,414.14,0.0,0,0.0,0.0,,0.0,0,0.0,0.0,,0.0,bidTooLow
2023-04-20,8731.0,0.0,0.0,0,411.88,0.0,0,0.0,0.0,,0.0,0,0.0,0.0,,0.0,bidTooLow
2023-04-21,8731.0,0.0,0.0,0,412.2,0.0,0,0.0,0.0,,0.0,0,0.0,0.0,,0.0,bidTooLow
2023-04-24,8731.0,0.0,0.0,0,412.63,0.0,0,0.0,0.0,,0.0,0,0.0,0.0,,0.0,bidTooLow
2023-04-25,8731.0,-3.0,0.0,0,406.08,0.0,1,0.06,0.09,SPY230428P00390000,390.0,0,0.0,0.0,,0.0,normalDay
2023-04-26,8731.0,0.0,0.0,0,404.36,0.0,1,0.06,0.06,SPY230428P00390000,390.0,0,0.0,0.0,,0.0,normalDay
2023-04-27,8731.0,3.0,0.0,0,412.41,0.0,1,0.06,0.03,SPY230428P00390000,390.0,0,0.0,0.0,,0.0,normalDay
2023-04-28,8737.0,0.0,6.0,0,415.93,0.0,1,0.06,0.0,SPY230428P00390000,390.0,0,0.0,0.0,,0.0,expirationDay
2023-05-01,8737.0,-3.0,0.0,0,415.51,0.0,1,0.04,0.07,SPY230504P00399000,399.0,0,0.0,0.0,,0.0,normalDay
2023-05-02,8737.0,-11.0,0.0,0,410.84,0.0,1,0.04,0.15,SPY230504P00399000,399.0,0,0.0,0.0,,0.0,normalDay
2023-05-03,8737.0,-8.0,0.0,0,408.02,0.0,1,0.04,0.12,SPY230504P00399000,399.0,0,0.0,0.0,,0.0,normalDay
2023-05-04,8741.0,0.0,4.0,0,405.13,0.0,1,0.04,0.0,SPY230504P00399000,399.0,0,0.0,0.0,,0.0,expirationDay
2023-05-05,8741.0,-3.0,0.0,0,412.63,0.0,1,0.02,0.05,SPY230508P00398000,398.0,0,0.0,0.0,,0.0,normalDay
2023-05-08,8743.0,0.0,2.0,0,412.74,0.0,1,0.02,0.0,SPY230508P00398000,398.0,0,0.0,0.0,,0.0,expirationDay
2023-05-09,8743.0,-3.0,0.0,0,410.93,0.0,1,0.12,0.15,SPY230512P00398000,398.0,0,0.0,0.0,,0.0,normalDay
2023-05-10,8743.0,6.0,0.0,0,412.85,0.0,1,0.12,0.06,SPY230512P00398000,398.0,0,0.0,0.0,,0.0,normalDay
2023-05-11,8743.0,9.0,0.0,0,412.13,0.0,1,0.12,0.03,SPY230512P00398000,398.0,0,0.0,0.0,,0.0,normalDay
2023-05-12,8755.0,0.0,12.0,0,411.59,0.0,1,0.12,0.0,SPY230512P00398000,398.0,0,0.0,0.0,,0.0,expirationDay
2023-05-15,8755.0,-3.0,0.0,0,413.01,0.0,1,0.08,0.11,SPY230518P00399000,399.0,0,0.0,0.0,,0.0,normalDay
2023-05-16,8755.0,-5.0,0.0,0,410.25,0.0,1,0.08,0.13,SPY230518P00399000,399.0,0,0.0,0.0,,0.0,normalDay
2023-05-17,8755.0,4.0,0.0,0,415.23,0.0,1,0.08,0.04,SPY230518P00399000,399.0,0,0.0,0.0,,0.0,normalDay
2023-05-18,8763.0,0.0,8.0,0,419.23,0.0,1,0.08,0.0,SPY230518P00399000,399.0,0,0.0,0.0,,0.0,expirationDay
2023-05-19,8763.0,0.0,0.0,0,418.62,0.0,0,0.0,0.0,,0.0,0,0.0,0.0,,0.0,bidTooLow
2023-05-22,8763.0,-3.0,0.0,0,418.79,0.0,1,0.01,0.04,SPY230525P00395000,395.0,0,0.0,0.0,,0.0,normalDay
2023-05-23,8763.0,-3.0,0.0,0,414.09,0.0,1,0.01,0.04,SPY230525P00395000,395.0,0,0.0,0.0,,0.0,normalDay
2023-05-24,8763.0,-4.0,0.0,0,411.09,0.0,1,0.01,0.05,SPY230525P00395000,395.0,0,0.0,0.0,,0.0,normalDay
2023-05-25,8764.0,0.0,1.0,0,414.65,0.0,1,0.01,0.0,SPY230525P00395000,395.0,0,0.0,0.0,,0.0,expirationDay
2023-05-26,8764.0,0.0,0.0,0,420.02,0.0,0,0.0,0.0,,0.0,0,0.0,0.0,,0.0,bidTooLow
2023-05-30,8764.0,-3.0,0.0,0,420.18,0.0,1,0.05,0.08,SPY230602P00397500,397.5,0,0.0,0.0,,0.0,normalDay
2023-05-31,8764.0,-1.0,0.0,0,417.85,0.0,1,0.05,0.06,SPY230602P00397500,397.5,0,0.0,0.0,,0.0,normalDay
2023-06-01,8764.0,2.0,0.0,0,421.82,0.0,1,0.05,0.03,SPY230602P00397500,397.5,0,0.0,0.0,,0.0,normalDay
2023-06-02,8769.0,0.0,5.0,0,427.92,0.0,1,0.05,0.0,SPY230602P00397500,397.5,0,0.0,0.0,,0.0,expirationDay
2023-06-05,8769.0,0.0,0.0,0,427.1,0.0,0,0.0,0.0,,0.0,0,0.0,0.0,,0.0,bidTooLow
2023-06-06,8769.0,0.0,0.0,0,428.03,0.0,0,0.0,0.0,,0.0,0,0.0,0.0,,0.0,bidTooLow
2023-06-07,8769.0,0.0,0.0,0,426.55,0.0,0,0.0,0.0,,0.0,0,0.0,0.0,,0.0,bidTooLow
2023-06-08,8769.0,0.0,0.0,0,429.13,0.0,0,0.0,0.0,,0.0,0,0.0,0.0,,0.0,bidTooLow
2023-06-09,8769.0,0.0,0.0,0,429.9,0.0,0,0.0,0.0,,0.0,0,0.0,0.0,,0.0,bidTooLow
2023-06-12,8769.0,-3.0,0.0,0,433.8,0.0,1,0.02,0.05,SPY230615P00393000,393.0,0,0.0,0.0,,0.0,normalDay
2023-06-13,8769.0,-2.0,0.0,0,436.66,0.0,1,0.02,0.04,SPY230615P00393000,393.0,0,0.0,0.0,,0.0,normalDay
2023-06-14,8769.0,0.0,0.0,0,437.18,0.0,1,0.02,0.02,SPY230615P00393000,393.0,0,0.0,0.0,,0.0,normalDay
2023-06-15,8771.0,0.0,2.0,0,442.6,0.0,1,0.02,0.0,SPY230615P00393000,393.0,0,0.0,0.0,,0.0,expirationDay
2023-06-16,8771.0,0.0,0.0,0,439.46,0.0,0,0.0,0.0,,0.0,0,0.0,0.0,,0.0,bidTooLow
2023-06-20,8771.0,0.0,0.0,0,437.18,0.0,0,0.0,0.0,,0.0,0,0.0,0.0,,0.0,bidTooLow
2023-06-21,8771.0,0.0,0.0,0,434.94,0.0,0,0.0,0.0,,0.0,0,0.0,0.0,,0.0,bidTooLow
2023-06-22,8771.0,0.0,0.0,0,436.51,0.0,0,0.0,0.0,,0.0,0,0.0,0.0,,0.0,bidTooLow
2023-06-23,8771.0,0.0,0.0,0,433.21,0.0,0,0.0,0.0,,0.0,0,0.0,0.0,,0.0,bidTooLow
2023-06-26,8771.0,-3.0,0.0,0,431.44,0.0,1,0.01,0.04,SPY230629P00402000,402.0,0,0.0,0.0,,0.0,normalDay
2023-06-27,8771.0,-2.0,0.0,0,436.17,0.0,1,0.01,0.03,SPY230629P00402000,402.0,0,0.0,0.0,,0.0,normalDay
2023-06-28,8771.0,0.0,0.0,0,436.39,0.0,1,0.01,0.01,SPY230629P00402000,402.0,0,0.0,0.0,,0.0,normalDay
2023-06-29,8772.0,0.0,1.0,0,438.11,0.0,1,0.01,0.0,SPY230629P00402000,402.0,0,0.0,0.0,,0.0,expirationDay
2023-06-30,8772.0,0.0,0.0,0,443.28,0.0,0,0.0,0.0,,0.0,0,0.0,0.0,,0.0,bidTooLow
2023-07-03,8772.0,0.0,0.0,0,443.79,0.0,0,0.0,0.0,,0.0,0,0.0,0.0,,0.0,bidTooLow
2023-07-05,8772.0,0.0,0.0,0,443.13,0.0,0,0.0,0.0,,0.0,0,0.0,0.0,,0.0,bidTooLow
2023-07-06,8772.0,0.0,0.0,0,439.66,0.0,0,0.0,0.0,,0.0,0,0.0,0.0,,0.0,bidTooLow
2023-07-07,8772.0,0.0,0.0,0,438.55,0.0,0,0.0,0.0,,0.0,0,0.0,0.0,,0.0,bidTooLow
2023-07-10,8772.0,-3.0,0.0,0,439.66,0.0,1,0.01,0.04,SPY230713P00422000,422.0,0,0.0,0.0,,0.0,normalDay
2023-07-11,8772.0,-3.0,0.0,0,442.46,0.0,1,0.01,0.04,SPY230713P00422000,422.0,0,0.0,0.0,,0.0,normalDay
2023-07-12,8772.0,-1.0,0.0,0,446.02,0.0,1,0.01,0.02,SPY230713P00422000,422.0,0,0.0,0.0,,0.0,normalDay
2023-07-13,8773.0,0.0,1.0,0,449.56,0.0,1,0.01,0.0,SPY230713P00422000,422.0,0,0.0,0.0,,0.0,expirationDay
2023-07-14,8773.0,0.0,0.0,0,449.28,0.0,0,0.0,0.0,,0.0,0,0.0,0.0,,0.0,bidTooLow
2023-07-17,8773.0,-3.0,0.0,0,450.84,0.0,1,0.01,0.04,SPY230720P00419000,419.0,0,0.0,0.0,,0.0,normalDay
2023-07-18,8773.0,-2.0,0.0,0,454.19,0.0,1,0.01,0.03,SPY230720P00419000,419.0,0,0.0,0.0,,0.0,normalDay
2023-07-19,8773.0,-1.0,0.0,0,455.2,0.0,1,0.01,0.02,SPY230720P00419000,419.0,0,0.0,0.0,,0.0,normalDay
2023-07-20,8774.0,0.0,1.0,0,452.18,0.0,1,0.01,0.0,SPY230720P00419000,419.0,0,0.0,0.0,,0.0,expirationDay
2023-07-21,8774.0,0.0,0.0,0,452.18,0.0,0,0.0,0.0,,0.0,0,0.0,0.0,,0.0,bidTooLow
2023-07-24,8774.0,0.0,0.0,0,454.2,0.0,0,0.0,0.0,,0.0,0,0.0,0.0,,0.0,bidTooLow
2023-07-25,8774.0,0.0,0.0,0,455.44,0.0,0,0.0,0.0,,0.0,0,0.0,0.0,,0.0,bidTooLow
2023-07-26,8774.0,0.0,0.0,0,455.51,0.0,0,0.0,0.0,,0.0,0,0.0,0.0,,0.0,bidTooLow
2023-07-27,8774.0,0.0,0.0,0,452.49,0.0,0,0.0,0.0,,0.0,0,0.0,0.0,,0.0,bidTooLow
2023-07-28,8774.0,0.0,0.0,0,456.92,0.0,0,0.0,0.0,,0.0,0,0.0,0.0,,0.0,bidTooLow
2023-07-31,8774.0,0.0,0.0,0,457.79,0.0,0,0.0,0.0,,0.0,0,0.0,0.0,,0.0,bidTooLow
2023-08-01,8774.0,0.0,0.0,0,456.48,0.0,0,0.0,0.0,,0.0,0,0.0,0.0,,0.0,bidTooLow
2023-08-02,8774.0,-3.0,0.0,0,450.13,0.0,1,0.02,0.05,SPY230804P00426000,426.0,0,0.0,0.0,,0.0,normalDay
2023-08-03,8774.0,0.0,0.0,0,448.84,0.0,1,0.02,0.02,SPY230804P00426000,426.0,0,0.0,0.0,,0.0,normalDay
2023-08-04,8776.0,0.0,2.0,0,446.81,0.0,1,0.02,0.0,SPY230804P00426000,426.0,0,0.0,0.0,,0.0,expirationDay
2023-08-07,8776.0,-3.0,0.0,0,450.71,0.0,1,0.07,0.1,SPY230810P00436000,436.0,0,0.0,0.0,,0.0,normalDay
2023-08-08,8776.0,0.0,0.0,0,448.75,0.0,1,0.07,0.07,SPY230810P00436000,436.0,0,0.0,0.0,,0.0,normalDay
2023-08-09,8776.0,1.0,0.0,0,445.75,0.0,1,0.07,0.06,SPY230810P00436000,436.0,0,0.0,0.0,,0.0,normalDay
2023-08-10,8783.0,0.0,7.0,0,445.91,0.0,1,0.07,0.0,SPY230810P00436000,436.0,0,0.0,0.0,,0.0,expirationDay
2023-08-11,8783.0,-3.0,0.0,0,445.65,0.0,1,0.01,0.04,SPY230814P00436000,436.0,0,0.0,0.0,,0.0,normalDay
2023-08-14,8784.0,0.0,1.0,0,448.11,0.0,1,0.01,0.0,SPY230814P00436000,436.0,0,0.0,0.0,,0.0,expirationDay
2023-08-15,8784.0,-3.0,0.0,0,442.89,0.0,1,0.27,0.3,SPY230818P00433000,433.0,0,0.0,0.0,,0.0,normalDay
2023-08-16,8784.0,-6.0,0.0,0,439.64,0.0,1,0.27,0.33,SPY230818P00433000,433.0,0,0.0,0.0,,0.0,normalDay
2023-08-17,8784.0,-19.0,0.0,0,436.29,0.0,1,0.27,0.46,SPY230818P00433000,433.0,0,0.0,0.0,,0.0,normalDay
2023-08-18,8811.0,0.0,27.0,0,436.5,0.0,1,0.27,0.0,SPY230818P00433000,433.0,0,0.0,0.0,,0.0,expirationDay
2023-08-21,8811.0,-3.0,0.0,0,439.34,0.0,1,0.06,0.09,SPY230824P00421000,421.0,0,0.0,0.0,,0.0,normalDay
2023-08-22,8811.0,2.0,0.0,0,438.15,0.0,1,0.06,0.04,SPY230824P00421000,421.0,0,0.0,0.0,,0.0,normalDay
2023-08-23,8811.0,3.0,0.0,0,443.03,0.0,1,0.06,0.03,SPY230824P00421000,421.0,0,0.0,0.0,,0.0,normalDay
2023-08-24,8817.0,0.0,6.0,0,436.89,0.0,1,0.06,0.0,SPY230824P00421000,421.0,0,0.0,0.0,,0.0,expirationDay
2023-08-25,8817.0,0.0,0.0,0,439.97,0.0,0,0.0,0.0,,0.0,0,0.0,0.0,,0.0,bidTooLow
2023-08-28,8817.0,-3.0,0.0,0,442.76,0.0,1,0.01,0.04,SPY230831P00422000,422.0,0,0.0,0.0,,0.0,normalDay
2023-08-29,8817.0,-2.0,0.0,0,449.16,0.0,1,0.01,0.03,SPY230831P00422000,422.0,0,0.0,0.0,,0.0,normalDay
2023-08-30,8817.0,-1.0,0.0,0,451.01,0.0,1,0.01,0.02,SPY230831P00422000,422.0,0,0.0,0.0,,0.0,normalDay
2023-08-31,8818.0,0.0,1.0,0,450.35,0.0,1,0.01,0.0,SPY230831P00422000,422.0,0,0.0,0.0,,0.0,expirationDay
2023-09-01,8818.0,0.0,0.0,0,451.19,0.0,0,0.0,0.0,,0.0,0,0.0,0.0,,0.0,bidTooLow
2023-09-05,8818.0,0.0,0.0,0,449.24,0.0,0,0.0,0.0,,0.0,0,0.0,0.0,,0.0,bidTooLow
2023-09-06,8818.0,0.0,0.0,0,446.22,0.0,0,0.0,0.0,,0.0,0,0.0,0.0,,0.0,bidTooLow
2023-09-07,8818.0,0.0,0.0,0,444.85,0.0,0,0.0,0.0,,0.0,0,0.0,0.0,,0.0,bidTooLow
2023-09-08,8818.0,0.0,0.0,0,445.52,0.0,0,0.0,0.0,,0.0,0,0.0,0.0,,0.0,bidTooLow
2023-09-11,8818.0,-3.0,0.0,0,448.45,0.0,1,0.01,0.04,SPY230914P00423000,423.0,0,0.0,0.0,,0.0,normalDay
2023-09-12,8818.0,-3.0,0.0,0,445.99,0.0,1,0.01,0.04,SPY230914P00423000,423.0,0,0.0,0.0,,0.0,normalDay
2023-09-13,8818.0,-1.0,0.0,0,446.51,0.0,1,0.01,0.02,SPY230914P00423000,423.0,0,0.0,0.0,,0.0,normalDay
2023-09-14,8819.0,0.0,1.0,0,450.36,0.0,1,0.01,0.0,SPY230914P00423000,423.0,0,0.0,0.0,,0.0,expirationDay
2023-09-15,8819.0,0.0,0.0,0,443.37,0.0,0,0.0,0.0,,0.0,0,0.0,0.0,,0.0,bidTooLow
2023-09-18,8819.0,-3.0,0.0,0,443.63,0.0,1,0.02,0.05,SPY230921P00428000,428.0,0,0.0,0.0,,0.0,normalDay
2023-09-19,8819.0,-3.0,0.0,0,442.71,0.0,1,0.02,0.05,SPY230921P00428000,428.0,0,0.0,0.0,,0.0,normalDay
2023-09-20,8819.0,-2.0,0.0,0,438.64,0.0,1,0.02,0.04,SPY230921P00428000,428.0,0,0.0,0.0,,0.0,normalDay
2023-09-21,8821.0,0.0,2.0,0,431.39,0.0,1,0.02,0.0,SPY230921P00428000,428.0,0,0.0,0.0,,0.0,expirationDay
2023-09-22,8821.0,-3.0,0.0,0,430.42,0.0,1,0.1,0.13,SPY230925P00421000,421.0,0,0.0,0.0,,0.0,normalDay
2023-09-25,8831.0,0.0,10.0,0,432.23,0.0,1,0.1,0.0,SPY230925P00421000,421.0,0,0.0,0.0,,0.0,expirationDay
2023-09-26,8831.0,-3.0,0.0,0,425.88,0.0,1,0.36,0.39,SPY230929P00413000,413.0,0,0.0,0.0,,0.0,normalDay
2023-09-27,8831.0,17.0,0.0,0,426.05,0.0,1,0.36,0.19,SPY230929P00413000,413.0,0,0.0,0.0,,0.0,normalDay
2023-09-28,8831.0,29.0,0.0,0,428.52,0.0,1,0.36,0.07,SPY230929P00413000,413.0,0,0.0,0.0,,0.0,normalDay
2023-09-29,8867.0,0.0,36.0,0,427.48,0.0,1,0.36,0.0,SPY230929P00413000,413.0,0,0.0,0.0,,0.0,expirationDay
2023-10-02,8867.0,-3.0,0.0,0,427.31,0.0,1,0.01,0.04,SPY231005P00403000,403.0,0,0.0,0.0,,0.0,normalDay
2023-10-03,8867.0,-6.0,0.0,0,421.59,0.0,1,0.01,0.07,SPY231005P00403000,403.0,0,0.0,0.0,,0.0,normalDay
2023-10-04,8867.0,-2.0,0.0,0,424.66,0.0,1,0.01,0.03,SPY231005P00403000,403.0,0,0.0,0.0,,0.0,normalDay
2023-10-05,8868.0,0.0,1.0,0,424.5,0.0,1,0.01,0.0,SPY231005P00403000,403.0,0,0.0,0.0,,0.0,expirationDay
2023-10-06,8868.0,0.0,0.0,0,429.54,0.0,0,0.0,0.0,,0.0,0,0.0,0.0,,0.0,bidTooLow
2023-10-09,8868.0,-3.0,0.0,0,432.29,0.0,1,0.03,0.06,SPY231012P00399000,399.0,0,0.0,0.0,,0.0,normalDay
2023-10-10,8868.0,-2.0,0.0,0,434.54,0.0,1,0.03,0.05,SPY231012P00399000,399.0,0,0.0,0.0,,0.0,normalDay
2023-10-11,8868.0,1.0,0.0,0,436.32,0.0,1,0.03,0.02,SPY231012P00399000,399.0,0,0.0,0.0,,0.0,normalDay
2023-10-12,8871.0,0.0,3.0,0,433.66,0.0,1,0.03,0.0,SPY231012P00399000,399.0,0,0.0,0.0,,0.0,expirationDay
2023-10-13,8871.0,-3.0,0.0,0,431.5,0.0,1,0.02,0.05,SPY231016P00408000,408.0,0,0.0,0.0,,0.0,normalDay
2023-10-16,8873.0,0.0,2.0,0,436.04,0.0,1,0.02,0.0,SPY231016P00408000,408.0,0,0.0,0.0,,0.0,expirationDay
2023-10-17,8873.0,-3.0,0.0,0,436.02,0.0,1,0.07,0.1,SPY231020P00412000,412.0,0,0.0,0.0,,0.0,normalDay
2023-10-18,8873.0,-1.0,0.0,0,430.21,0.0,1,0.07,0.08,SPY231020P00412000,412.0,0,0.0,0.0,,0.0,normalDay
2023-10-19,8873.0,0.0,0.0,0,426.43,0.0,1,0.07,0.07,SPY231020P00412000,412.0,0,0.0,0.0,,0.0,normalDay
2023-10-20,8880.0,0.0,7.0,0,421.19,0.0,1,0.07,0.0,SPY231020P00412000,412.0,0,0.0,0.0,,0.0,expirationDay
2023-10-23,8880.0,-3.0,0.0,0,420.46,0.0,1,0.25,0.28,SPY231026P00409000,409.0,0,0.0,0.0,,0.0,normalDay
2023-10-24,8880.0,18.0,0.0,0,423.63,0.0,1,0.25,0.07,SPY231026P00409000,409.0,0,0.0,0.0,,0.0,normalDay
2023-10-25,8880.0,16.0,0.0,0,417.55,0.0,1,0.25,0.09,SPY231026P00409000,409.0,0,0.0,0.0,,0.0,normalDay
2023-10-26,8905.0,0.0,25.0,0,412.55,0.0,1,0.25,0.0,SPY231026P00409000,409.0,0,0.0,0.0,,0.0,expirationDay
2023-10-27,8905.0,-3.0,0.0,0,410.68,0.0,1,0.01,0.04,SPY231030P00396000,396.0,0,0.0,0.0,,0.0,normalDay
2023-10-30,8906.0,0.0,1.0,0,415.59,0.0,1,0.01,0.0,SPY231030P00396000,396.0,0,0.0,0.0,,0.0,expirationDay
2023-10-31,8906.0,-3.0,0.0,0,418.2,0.0,1,0.03,0.06,SPY231103P00393000,393.0,0,0.0,0.0,,0.0,normalDay
2023-11-01,8906.0,0.0,0.0,0,422.66,0.0,1,0.03,0.03,SPY231103P00393000,393.0,0,0.0,0.0,,0.0,normalDay
2023-11-02,8906.0,1.0,0.0,0,430.76,0.0,1,0.03,0.02,SPY231103P00393000,393.0,0,0.0,0.0,,0.0,normalDay
2023-11-03,8909.0,0.0,3.0,0,434.69,0.0,1,0.03,0.0,SPY231103P00393000,393.0,0,0.0,0.0,,0.0,expirationDay
2023-11-06,8909.0,0.0,0.0,0,435.69,0.0,0,0.0,0.0,,0.0,0,0.0,0.0,,0.0,bidTooLow
2023-11-07,8909.0,0.0,0.0,0,436.93,0.0,0,0.0,0.0,,0.0,0,0.0,0.0,,0.0,bidTooLow
2023-11-08,8909.0,0.0,0.0,0,437.25,0.0,0,0.0,0.0,,0.0,0,0.0,0.0,,0.0,bidTooLow
2023-11-09,8909.0,0.0,0.0,0,433.84,0.0,0,0.0,0.0,,0.0,0,0.0,0.0,,0.0,bidTooLow
2023-11-10,8909.0,0.0,0.0,0,440.61,0.0,0,0.0,0.0,,0.0,0,0.0,0.0,,0.0,bidTooLow
2023-11-13,8909.0,0.0,0.0,0,440.19,0.0,0,0.0,0.0,,0.0,0,0.0,0.0,,0.0,bidTooLow
2023-11-14,8909.0,0.0,0.0,0,448.73,0.0,0,0.0,0.0,,0.0,0,0.0,0.0,,0.0,bidTooLow
2023-11-15,8909.0,0.0,0.0,0,449.68,0.0,0,0.0,0.0,,0.0,0,0.0,0.0,,0.0,bidTooLow
2023-11-16,8909.0,0.0,0.0,0,450.23,0.0,0,0.0,0.0,,0.0,0,0.0,0.0,,0.0,bidTooLow
2023-11-17,8909.0,0.0,0.0,0,450.79,0.0,0,0.0,0.0,,0.0,0,0.0,0.0,,0.0,bidTooLow
2023-11-20,8909.0,0.0,0.0,0,454.26,0.0,0,0.0,0.0,,0.0,0,0.0,0.0,,0.0,bidTooLow
2023-11-21,8909.0,0.0,0.0,0,453.27,0.0,0,0.0,0.0,,0.0,0,0.0,0.0,,0.0,bidTooLow
2023-11-22,8909.0,0.0,0.0,0,455.02,0.0,0,0.0,0.0,,0.0,0,0.0,0.0,,0.0,bidTooLow
2023-11-24,8909.0,0.0,0.0,0,455.3,0.0,0,0.0,0.0,,0.0,0,0.0,0.0,,0.0,bidTooLow
2023-11-27,8909.0,0.0,0.0,0,454.48,0.0,0,0.0,0.0,,0.0,0,0.0,0.0,,0.0,bidTooLow
2023-11-28,8909.0,0.0,0.0,0,454.93,0.0,0,0.0,0.0,,0.0,0,0.0,0.0,,0.0,bidTooLow
2023-11-29,8909.0,0.0,0.0,0,454.61,0.0,0,0.0,0.0,,0.0,0,0.0,0.0,,0.0,bidTooLow
2023-11-30,8909.0,0.0,0.0,0,456.4,0.0,0,0.0,0.0,,0.0,0,0.0,0.0,,0.0,bidTooLow
