date,totalCapital,unrializedPnL,rializedPnL,stocksOwned,stocksPriceToday,stocksPriceBoughtAt,putOwned,putOwnedSoldAt,putPriceToday,putOwnedContract,putOwnedStrike,callOwned,callOwnedSoldAt,callPriceToday,callOwnedContract,callOwnedStrike,trackType
2018-11-01,0.0,-5.0,0.0,0,273.51,0.0,1,3.02,3.07,SPY181221P00259000,259.0,0,0.0,0.0,,0.0,normalDay
2018-11-02,0.0,-28.0,0.0,0,271.89,0.0,1,3.02,3.3,SPY181221P00259000,259.0,0,0.0,0.0,,0.0,normalDay
2018-11-05,0.0,15.0,0.0,0,273.39,0.0,1,3.02,2.87,SPY181221P00259000,259.0,0,0.0,0.0,,0.0,normalDay
2018-11-06,0.0,54.0,0.0,0,275.12,0.0,1,3.02,2.48,SPY181221P00259000,259.0,0,0.0,0.0,,0.0,normalDay
2018-11-07,0.0,175.0,0.0,0,281.01,0.0,1,3.02,1.27,SPY181221P00259000,259.0,0,0.0,0.0,,0.0,normalDay
2018-11-08,0.0,172.0,0.0,0,280.5,0.0,1,3.02,1.3,SPY181221P00259000,259.0,0,0.0,0.0,,0.0,normalDay
2018-11-09,0.0,133.0,0.0,0,277.76,0.0,1,3.02,1.69,SPY181221P00259000,259.0,0,0.0,0.0,,0.0,normalDay
2018-11-12,0.0,33.0,0.0,0,272.57,0.0,1,3.02,2.69,SPY181221P00259000,259.0,0,0.0,0.0,,0.0,normalDay
2018-11-13,0.0,26.0,0.0,0,272.06,0.0,1,3.02,2.76,SPY181221P00259000,259.0,0,0.0,0.0,,0.0,normalDay
2018-11-14,0.0,-29.0,0.0,0,270.2,0.0,1,3.02,3.31,SPY181221P00259000,259.0,0,0.0,0.0,,0.0,normalDay
2018-11-15,0.0,62.0,0.0,0,273.02,0.0,1,3.02,2.4,SPY181221P00259000,259.0,0,0.0,0.0,,0.0,normalDay
2018-11-16,0.0,115.0,0.0,0,273.73,0.0,1,3.02,1.87,SPY181221P00259000,259.0,0,0.0,0.0,,0.0,normalDay
2018-11-19,0.0,16.0,0.0,0,269.1,0.0,1,3.02,2.86,SPY181221P00259000,259.0,0,0.0,0.0,,0.0,normalDay
2018-11-20,0.0,-167.0,0.0,0,264.12,0.0,1,3.02,4.69,SPY181221P00259000,259.0,0,0.0,0.0,,0.0,normalDay
2018-11-21,0.0,-85.0,0.0,0,265.02,0.0,1,3.02,3.87,SPY181221P00259000,259.0,0,0.0,0.0,,0.0,normalDay
2018-11-23,0.0,-153.0,0.0,0,263.25,0.0,1,3.02,4.55,SPY181221P00259000,259.0,0,0.0,0.0,,0.0,normalDay
2018-11-26,0.0,67.0,0.0,0,267.5,0.0,1,3.02,2.35,SPY181221P00259000,259.0,0,0.0,0.0,,0.0,normalDay
2018-11-27,0.0,74.0,0.0,0,268.4,0.0,1,3.02,2.28,SPY181221P00259000,259.0,0,0.0,0.0,,0.0,normalDay
2018-11-28,0.0,183.0,0.0,0,274.58,0.0,1,3.02,1.19,SPY181221P00259000,259.0,0,0.0,0.0,,0.0,normalDay
2018-11-29,0.0,172.0,0.0,0,273.98,0.0,1,3.02,1.3,SPY181221P00259000,259.0,0,0.0,0.0,,0.0,normalDay
2018-11-30,0.0,201.0,0.0,0,275.65,0.0,1,3.02,1.01,SPY181221P00259000,259.0,0,0.0,0.0,,0.0,normalDay
2018-12-03,0.0,258.0,0.0,0,279.3,0.0,1,3.02,0.44,SPY181221P00259000,259.0,0,0.0,0.0,,0.0,normalDay
2018-12-04,0.0,118.0,0.0,0,270.25,0.0,1,3.02,1.84,SPY181221P00259000,259.0,0,0.0,0.0,,0.0,normalDay
2018-12-06,0.0,123.0,0.0,0,269.84,0.0,1,3.02,1.79,SPY181221P00259000,259.0,0,0.0,0.0,,0.0,normalDay
2018-12-07,0.0,-70.0,0.0,0,263.57,0.0,1,3.02,3.72,SPY181221P00259000,259.0,0,0.0,0.0,,0.0,normalDay
2018-12-10,0.0,40.0,0.0,0,264.07,0.0,1,3.02,2.62,SPY181221P00259000,259.0,0,0.0,0.0,,0.0,normalDay
2018-12-11,0.0,68.0,0.0,0,264.13,0.0,1,3.02,2.34,SPY181221P00259000,259.0,0,0.0,0.0,,0.0,normalDay
2018-12-12,0.0,113.0,0.0,0,265.46,0.0,1,3.02,1.89,SPY181221P00259000,259.0,0,0.0,0.0,,0.0,normalDay
2018-12-13,0.0,156.0,0.0,0,265.37,0.0,1,3.02,1.46,SPY181221P00259000,259.0,0,0.0,0.0,,0.0,normalDay
2018-12-14,0.0,4.0,0.0,0,260.47,0.0,1,3.02,2.98,SPY181221P00259000,259.0,0,0.0,0.0,,0.0,normalDay
2018-12-17,0.0,-308.0,0.0,0,255.36,0.0,1,3.02,6.1,SPY181221P00259000,259.0,0,0.0,0.0,,0.0,normalDay
2018-12-18,0.0,-387.0,0.0,0,255.08,0.0,1,3.02,6.89,SPY181221P00259000,259.0,0,0.0,0.0,,0.0,normalDay
2018-12-19,0.0,-619.0,0.0,0,251.26,0.0,1,3.02,9.21,SPY181221P00259000,259.0,0,0.0,0.0,,0.0,normalDay
2018-12-20,0.0,-962.0,0.0,0,247.17,0.0,1,3.02,12.64,SPY181221P00259000,259.0,0,0.0,0.0,,0.0,normalDay
2018-12-21,302.0,-1830.0,302.0,100,240.7,259.0,1,3.02,0.0,SPY181221P00259000,259.0,0,0.0,0.0,,0.0,expirationDay
2018-12-24,302.0,-2561.0,0.0,100,234.34,259.0,0,0.0,0.0,,0.0,1,2.08,3.03,SPY191220C00290000,290.0,normalDay
2018-12-26,302.0,-1479.0,0.0,100,246.18,259.0,0,0.0,0.0,,0.0,1,2.08,4.05,SPY191220C00290000,290.0,normalDay
2018-12-27,302.0,-1368.0,0.0,100,248.07,259.0,0,0.0,0.0,,0.0,1,2.08,4.83,SPY191220C00290000,290.0,normalDay
2018-12-28,302.0,-1350.0,0.0,100,247.75,259.0,0,0.0,0.0,,0.0,1,2.08,4.33,SPY191220C00290000,290.0,normalDay
2018-12-31,302.0,-1133.0,0.0,100,249.92,259.0,0,0.0,0.0,,0.0,1,2.08,4.33,SPY191220C00290000,290.0,normalDay
2019-01-02,302.0,-1091.0,0.0,100,250.18,259.0,0,0.0,0.0,,0.0,1,2.08,4.17,SPY191220C00290000,290.0,normalDay
2019-01-03,302.0,-1587.0,0.0,100,244.21,259.0,0,0.0,0.0,,0.0,1,2.08,3.16,SPY191220C00290000,290.0,normalDay
2019-01-04,302.0,-901.0,0.0,100,252.39,259.0,0,0.0,0.0,,0.0,1,2.08,4.48,SPY191220C00290000,290.0,normalDay
2019-01-07,302.0,-731.0,0.0,100,254.38,259.0,0,0.0,0.0,,0.0,1,2.08,4.77,SPY191220C00290000,290.0,normalDay
2019-01-08,302.0,-550.0,0.0,100,256.77,259.0,0,0.0,0.0,,0.0,1,2.08,5.35,SPY191220C00290000,290.0,normalDay
2019-01-09,302.0,-436.0,0.0,100,257.97,259.0,0,0.0,0.0,,0.0,1,2.08,5.41,SPY191220C00290000,290.0,normalDay
2019-01-10,302.0,-362.0,0.0,100,258.88,259.0,0,0.0,0.0,,0.0,1,2.08,5.58,SPY191220C00290000,290.0,normalDay
2019-01-11,302.0,-307.0,0.0,100,258.98,259.0,0,0.0,0.0,,0.0,1,2.08,5.13,SPY191220C00290000,290.0,normalDay
2019-01-14,302.0,-404.0,0.0,100,257.4,259.0,0,0.0,0.0,,0.0,1,2.08,4.52,SPY191220C00290000,290.0,normalDay
2019-01-15,302.0,-141.0,0.0,100,260.35,259.0,0,0.0,0.0,,0.0,1,2.08,4.84,SPY191220C00290000,290.0,normalDay
2019-01-16,302.0,-87.0,0.0,100,260.98,259.0,0,0.0,0.0,,0.0,1,2.08,4.93,SPY191220C00290000,290.0,normalDay
2019-01-17,302.0,51.0,0.0,100,262.96,259.0,0,0.0,0.0,,0.0,1,2.08,5.53,SPY191220C00290000,290.0,normalDay
2019-01-18,302.0,302.0,0.0,100,266.46,259.0,0,0.0,0.0,,0.0,1,2.08,6.52,SPY191220C00290000,290.0,normalDay
2019-01-22,302.0,17.0,0.0,100,262.86,259.0,0,0.0,0.0,,0.0,1,2.08,5.77,SPY191220C00290000,290.0,normalDay
2019-01-23,302.0,86.0,0.0,100,263.41,259.0,0,0.0,0.0,,0.0,1,2.08,5.63,SPY191220C00290000,290.0,normalDay
2019-01-24,302.0,134.0,0.0,100,263.55,259.0,0,0.0,0.0,,0.0,1,2.08,5.29,SPY191220C00290000,290.0,normalDay
2019-01-25,302.0,261.0,0.0,100,265.78,259.0,0,0.0,0.0,,0.0,1,2.08,6.25,SPY191220C00290000,290.0,normalDay
2019-01-28,302.0,129.0,0.0,100,263.76,259.0,0,0.0,0.0,,0.0,1,2.08,5.55,SPY191220C00290000,290.0,normalDay
2019-01-29,302.0,110.0,0.0,100,263.41,259.0,0,0.0,0.0,,0.0,1,2.08,5.39,SPY191220C00290000,290.0,normalDay
2019-01-30,302.0,409.0,0.0,100,267.58,259.0,0,0.0,0.0,,0.0,1,2.08,6.57,SPY191220C00290000,290.0,normalDay
2019-01-31,302.0,572.0,0.0,100,269.93,259.0,0,0.0,0.0,,0.0,1,2.08,7.29,SPY191220C00290000,290.0,normalDay
2019-02-01,302.0,597.0,0.0,100,270.06,259.0,0,0.0,0.0,,0.0,1,2.08,7.17,SPY191220C00290000,290.0,normalDay
2019-02-04,302.0,740.0,0.0,100,271.96,259.0,0,0.0,0.0,,0.0,1,2.08,7.64,SPY191220C00290000,290.0,normalDay
2019-02-05,302.0,837.0,0.0,100,273.1,259.0,0,0.0,0.0,,0.0,1,2.08,7.81,SPY191220C00290000,290.0,normalDay
2019-02-06,302.0,820.0,0.0,100,272.74,259.0,0,0.0,0.0,,0.0,1,2.08,7.62,SPY191220C00290000,290.0,normalDay
2019-02-07,302.0,650.0,0.0,100,270.14,259.0,0,0.0,0.0,,0.0,1,2.08,6.72,SPY191220C00290000,290.0,normalDay
2019-02-08,302.0,689.0,0.0,100,270.47,259.0,0,0.0,0.0,,0.0,1,2.08,6.66,SPY191220C00290000,290.0,normalDay
2019-02-11,302.0,705.0,0.0,100,270.62,259.0,0,0.0,0.0,,0.0,1,2.08,6.65,SPY191220C00290000,290.0,normalDay
2019-02-12,302.0,919.0,0.0,100,274.1,259.0,0,0.0,0.0,,0.0,1,2.08,7.99,SPY191220C00290000,290.0,normalDay
2019-02-13,302.0,979.0,0.0,100,274.99,259.0,0,0.0,0.0,,0.0,1,2.08,8.28,SPY191220C00290000,290.0,normalDay
2019-02-14,302.0,929.0,0.0,100,274.38,259.0,0,0.0,0.0,,0.0,1,2.08,8.17,SPY191220C00290000,290.0,normalDay
2019-02-15,302.0,1113.0,0.0,100,277.37,259.0,0,0.0,0.0,,0.0,1,2.08,9.32,SPY191220C00290000,290.0,normalDay
2019-02-19,302.0,1188.0,0.0,100,277.85,259.0,0,0.0,0.0,,0.0,1,2.08,9.05,SPY191220C00290000,290.0,normalDay
2019-02-20,302.0,1238.0,0.0,100,278.41,259.0,0,0.0,0.0,,0.0,1,2.08,9.11,SPY191220C00290000,290.0,normalDay
2019-02-21,302.0,1182.0,0.0,100,277.42,259.0,0,0.0,0.0,,0.0,1,2.08,8.68,SPY191220C00290000,290.0,normalDay
2019-02-22,302.0,1302.0,0.0,100,279.14,259.0,0,0.0,0.0,,0.0,1,2.08,9.2,SPY191220C00290000,290.0,normalDay
2019-02-25,302.0,1314.0,0.0,100,279.52,259.0,0,0.0,0.0,,0.0,1,2.08,9.46,SPY191220C00290000,290.0,normalDay
2019-02-26,302.0,1303.0,0.0,100,279.32,259.0,0,0.0,0.0,,0.0,1,2.08,9.37,SPY191220C00290000,290.0,normalDay
2019-02-27,302.0,1298.0,0.0,100,279.2,259.0,0,0.0,0.0,,0.0,1,2.08,9.3,SPY191220C00290000,290.0,normalDay
2019-02-28,302.0,1279.0,0.0,100,278.68,259.0,0,0.0,0.0,,0.0,1,2.08,8.97,SPY191220C00290000,290.0,normalDay
2019-03-01,302.0,1399.0,0.0,100,280.42,259.0,0,0.0,0.0,,0.0,1,2.08,9.51,SPY191220C00290000,290.0,normalDay
2019-03-04,302.0,1346.0,0.0,100,279.4,259.0,0,0.0,0.0,,0.0,1,2.08,9.02,SPY191220C00290000,290.0,normalDay
2019-03-05,302.0,1330.0,0.0,100,279.02,259.0,0,0.0,0.0,,0.0,1,2.08,8.8,SPY191220C00290000,290.0,normalDay
2019-03-06,302.0,1215.0,0.0,100,277.33,259.0,0,0.0,0.0,,0.0,1,2.08,8.26,SPY191220C00290000,290.0,normalDay
2019-03-07,302.0,1050.0,0.0,100,275.01,259.0,0,0.0,0.0,,0.0,1,2.08,7.59,SPY191220C00290000,290.0,normalDay
2019-03-08,302.0,1018.0,0.0,100,274.46,259.0,0,0.0,0.0,,0.0,1,2.08,7.36,SPY191220C00290000,290.0,normalDay
2019-03-11,302.0,1292.0,0.0,100,278.44,259.0,0,0.0,0.0,,0.0,1,2.08,8.6,SPY191220C00290000,290.0,normalDay
2019-03-12,302.0,1376.0,0.0,100,279.49,259.0,0,0.0,0.0,,0.0,1,2.08,8.81,SPY191220C00290000,290.0,normalDay
2019-03-13,302.0,1462.0,0.0,100,281.34,259.0,0,0.0,0.0,,0.0,1,2.08,9.8,SPY191220C00290000,290.0,normalDay
2019-03-14,302.0,1471.0,0.0,100,281.16,259.0,0,0.0,0.0,,0.0,1,2.08,9.53,SPY191220C00290000,290.0,normalDay
2019-03-15,302.0,1427.0,0.0,100,281.31,259.0,0,0.0,0.0,,0.0,1,2.08,10.12,SPY191220C00290000,290.0,normalDay
2019-03-18,302.0,1465.0,0.0,100,282.33,259.0,0,0.0,0.0,,0.0,1,2.08,10.76,SPY191220C00290000,290.0,normalDay
2019-03-19,302.0,1482.0,0.0,100,282.4,259.0,0,0.0,0.0,,0.0,1,2.08,10.66,SPY191220C00290000,290.0,normalDay
2019-03-20,302.0,1437.0,0.0,100,281.55,259.0,0,0.0,0.0,,0.0,1,2.08,10.26,SPY191220C00290000,290.0,normalDay
2019-03-21,302.0,1587.0,0.0,100,284.73,259.0,0,0.0,0.0,,0.0,1,2.08,11.94,SPY191220C00290000,290.0,normalDay
2019-03-22,302.0,1229.0,0.0,100,279.25,259.0,0,0.0,0.0,,0.0,1,2.08,10.04,SPY191220C00290000,290.0,normalDay
2019-03-25,302.0,1259.0,0.0,100,279.04,259.0,0,0.0,0.0,,0.0,1,2.08,9.53,SPY191220C00290000,290.0,normalDay
2019-03-26,302.0,1411.0,0.0,100,281.12,259.0,0,0.0,0.0,,0.0,1,2.08,10.09,SPY191220C00290000,290.0,normalDay
2019-03-27,302.0,1309.0,0.0,100,279.65,259.0,0,0.0,0.0,,0.0,1,2.08,9.64,SPY191220C00290000,290.0,normalDay
2019-03-28,302.0,1381.0,0.0,100,280.71,259.0,0,0.0,0.0,,0.0,1,2.08,9.98,SPY191220C00290000,290.0,normalDay
2019-03-29,302.0,1480.0,0.0,100,282.48,259.0,0,0.0,0.0,,0.0,1,2.08,10.76,SPY191220C00290000,290.0,normalDay
2019-04-01,302.0,1673.0,0.0,100,285.83,259.0,0,0.0,0.0,,0.0,1,2.08,12.18,SPY191220C00290000,290.0,normalDay
2019-04-02,302.0,1693.0,0.0,100,285.97,259.0,0,0.0,0.0,,0.0,1,2.08,12.12,SPY191220C00290000,290.0,normalDay
2019-04-03,302.0,1691.0,0.0,100,286.42,259.0,0,0.0,0.0,,0.0,1,2.08,12.59,SPY191220C00290000,290.0,normalDay
2019-04-04,302.0,1734.0,0.0,100,287.18,259.0,0,0.0,0.0,,0.0,1,2.08,12.92,SPY191220C00290000,290.0,normalDay
2019-04-05,302.0,1812.0,0.0,100,288.57,259.0,0,0.0,0.0,,0.0,1,2.08,13.53,SPY191220C00290000,290.0,normalDay
2019-04-08,302.0,1831.0,0.0,100,288.79,259.0,0,0.0,0.0,,0.0,1,2.08,13.56,SPY191220C00290000,290.0,normalDay
2019-04-09,302.0,1758.0,0.0,100,287.31,259.0,0,0.0,0.0,,0.0,1,2.08,12.81,SPY191220C00290000,290.0,normalDay
2019-04-10,302.0,1803.0,0.0,100,288.29,259.0,0,0.0,0.0,,0.0,1,2.08,13.34,SPY191220C00290000,290.0,normalDay
2019-04-11,302.0,1816.0,0.0,100,288.21,259.0,0,0.0,0.0,,0.0,1,2.08,13.13,SPY191220C00290000,290.0,normalDay
2019-04-12,302.0,1909.0,0.0,100,290.16,259.0,0,0.0,0.0,,0.0,1,2.08,14.15,SPY191220C00290000,290.0,normalDay
2019-04-15,302.0,1900.0,0.0,100,289.97,259.0,0,0.0,0.0,,0.0,1,2.08,14.05,SPY191220C00290000,290.0,normalDay
2019-04-16,302.0,1925.0,0.0,100,290.16,259.0,0,0.0,0.0,,0.0,1,2.08,13.99,SPY191220C00290000,290.0,normalDay
2019-04-17,302.0,1897.0,0.0,100,289.45,259.0,0,0.0,0.0,,0.0,1,2.08,13.56,SPY191220C00290000,290.0,normalDay
2019-04-18,302.0,1909.0,0.0,100,290.02,259.0,0,0.0,0.0,,0.0,1,2.08,14.01,SPY191220C00290000,290.0,normalDay
2019-04-22,302.0,1930.0,0.0,100,290.27,259.0,0,0.0,0.0,,0.0,1,2.08,14.05,SPY191220C00290000,290.0,normalDay
2019-04-23,302.0,2037.0,0.0,100,292.88,259.0,0,0.0,0.0,,0.0,1,2.08,15.59,SPY191220C00290000,290.0,normalDay
2019-04-24,302.0,1995.0,0.0,100,292.23,259.0,0,0.0,0.0,,0.0,1,2.08,15.36,SPY191220C00290000,290.0,normalDay
2019-04-25,302.0,1996.0,0.0,100,292.05,259.0,0,0.0,0.0,,0.0,1,2.08,15.17,SPY191220C00290000,290.0,normalDay
2019-04-26,302.0,2057.0,0.0,100,293.41,259.0,0,0.0,0.0,,0.0,1,2.08,15.92,SPY191220C00290000,290.0,normalDay
2019-04-29,302.0,2075.0,0.0,100,293.87,259.0,0,0.0,0.0,,0.0,1,2.08,16.2,SPY191220C00290000,290.0,normalDay
2019-04-30,302.0,2058.0,0.0,100,294.02,259.0,0,0.0,0.0,,0.0,1,2.08,16.52,SPY191220C00290000,290.0,normalDay
2019-05-01,302.0,1975.0,0.0,100,291.81,259.0,0,0.0,0.0,,0.0,1,2.08,15.14,SPY191220C00290000,290.0,normalDay
2019-05-02,302.0,1962.0,0.0,100,291.18,259.0,0,0.0,0.0,,0.0,1,2.08,14.64,SPY191220C00290000,290.0,normalDay
2019-05-03,302.0,2080.0,0.0,100,294.03,259.0,0,0.0,0.0,,0.0,1,2.08,16.31,SPY191220C00290000,290.0,normalDay
2019-05-06,302.0,2023.0,0.0,100,292.82,259.0,0,0.0,0.0,,0.0,1,2.08,15.67,SPY191220C00290000,290.0,normalDay
2019-05-07,302.0,1717.0,0.0,100,287.93,259.0,0,0.0,0.0,,0.0,1,2.08,13.84,SPY191220C00290000,290.0,normalDay
2019-05-08,302.0,1722.0,0.0,100,287.53,259.0,0,0.0,0.0,,0.0,1,2.08,13.39,SPY191220C00290000,290.0,normalDay
2019-05-09,302.0,1711.0,0.0,100,286.66,259.0,0,0.0,0.0,,0.0,1,2.08,12.63,SPY191220C00290000,290.0,normalDay
2019-05-10,302.0,1863.0,0.0,100,288.1,259.0,0,0.0,0.0,,0.0,1,2.08,12.55,SPY191220C00290000,290.0,normalDay
2019-05-13,302.0,1465.0,0.0,100,280.86,259.0,0,0.0,0.0,,0.0,1,2.08,9.29,SPY191220C00290000,290.0,normalDay
2019-05-14,302.0,1628.0,0.0,100,283.4,259.0,0,0.0,0.0,,0.0,1,2.08,10.2,SPY191220C00290000,290.0,normalDay
2019-05-15,302.0,1726.0,0.0,100,285.06,259.0,0,0.0,0.0,,0.0,1,2.08,10.88,SPY191220C00290000,290.0,normalDay
2019-05-16,302.0,1881.0,0.0,100,287.7,259.0,0,0.0,0.0,,0.0,1,2.08,11.97,SPY191220C00290000,290.0,normalDay
2019-05-17,302.0,1784.0,0.0,100,285.84,259.0,0,0.0,0.0,,0.0,1,2.08,11.08,SPY191220C00290000,290.0,normalDay
2019-05-20,302.0,1689.0,0.0,100,283.95,259.0,0,0.0,0.0,,0.0,1,2.08,10.14,SPY191220C00290000,290.0,normalDay
2019-05-21,302.0,1847.0,0.0,100,286.51,259.0,0,0.0,0.0,,0.0,1,2.08,11.12,SPY191220C00290000,290.0,normalDay
2019-05-22,302.0,1820.0,0.0,100,285.63,259.0,0,0.0,0.0,,0.0,1,2.08,10.51,SPY191220C00290000,290.0,normalDay
2019-05-23,302.0,1619.0,0.0,100,282.14,259.0,0,0.0,0.0,,0.0,1,2.08,9.03,SPY191220C00290000,290.0,normalDay
2019-05-24,302.0,1649.0,0.0,100,282.78,259.0,0,0.0,0.0,,0.0,1,2.08,9.37,SPY191220C00290000,290.0,normalDay
2019-05-28,302.0,1494.0,0.0,100,280.15,259.0,0,0.0,0.0,,0.0,1,2.08,8.29,SPY191220C00290000,290.0,normalDay
2019-05-29,302.0,1392.0,0.0,100,278.27,259.0,0,0.0,0.0,,0.0,1,2.08,7.43,SPY191220C00290000,290.0,normalDay
2019-05-30,302.0,1444.0,0.0,100,279.03,259.0,0,0.0,0.0,,0.0,1,2.08,7.67,SPY191220C00290000,290.0,normalDay
2019-05-31,302.0,1200.0,0.0,100,275.27,259.0,0,0.0,0.0,,0.0,1,2.08,6.35,SPY191220C00290000,290.0,normalDay
2019-06-03,302.0,1166.0,0.0,100,274.57,259.0,0,0.0,0.0,,0.0,1,2.08,5.99,SPY191220C00290000,290.0,normalDay
2019-06-04,302.0,1568.0,0.0,100,280.53,259.0,0,0.0,0.0,,0.0,1,2.08,7.93,SPY191220C00290000,290.0,normalDay
2019-06-05,302.0,1717.0,0.0,100,282.96,259.0,0,0.0,0.0,,0.0,1,2.08,8.87,SPY191220C00290000,290.0,normalDay
2019-06-06,302.0,1825.0,0.0,100,284.8,259.0,0,0.0,0.0,,0.0,1,2.08,9.63,SPY191220C00290000,290.0,normalDay
2019-06-07,302.0,1949.0,0.0,100,287.65,259.0,0,0.0,0.0,,0.0,1,2.08,11.24,SPY191220C00290000,290.0,normalDay
2019-06-10,302.0,2011.0,0.0,100,288.97,259.0,0,0.0,0.0,,0.0,1,2.08,11.94,SPY191220C00290000,290.0,normalDay
2019-06-11,302.0,2006.0,0.0,100,288.9,259.0,0,0.0,0.0,,0.0,1,2.08,11.92,SPY191220C00290000,290.0,normalDay
2019-06-12,302.0,1989.0,0.0,100,288.39,259.0,0,0.0,0.0,,0.0,1,2.08,11.58,SPY191220C00290000,290.0,normalDay
2019-06-13,302.0,2047.0,0.0,100,289.58,259.0,0,0.0,0.0,,0.0,1,2.08,12.19,SPY191220C00290000,290.0,normalDay
2019-06-14,302.0,2036.0,0.0,100,289.26,259.0,0,0.0,0.0,,0.0,1,2.08,11.98,SPY191220C00290000,290.0,normalDay
2019-06-17,302.0,2055.0,0.0,100,289.37,259.0,0,0.0,0.0,,0.0,1,2.08,11.9,SPY191220C00290000,290.0,normalDay
2019-06-18,302.0,2179.0,0.0,100,292.4,259.0,0,0.0,0.0,,0.0,1,2.08,13.69,SPY191220C00290000,290.0,normalDay
2019-06-19,302.0,2228.0,0.0,100,293.06,259.0,0,0.0,0.0,,0.0,1,2.08,13.86,SPY191220C00290000,290.0,normalDay
2019-06-20,302.0,2336.0,0.0,100,295.86,259.0,0,0.0,0.0,,0.0,1,2.08,15.58,SPY191220C00290000,290.0,normalDay
2019-06-21,302.0,2155.0,0.0,100,294.0,259.0,0,0.0,0.0,,0.0,1,2.08,15.53,SPY191220C00290000,290.0,normalDay
2019-06-24,302.0,2165.0,0.0,100,293.64,259.0,0,0.0,0.0,,0.0,1,2.08,15.07,SPY191220C00290000,290.0,normalDay
2019-06-25,302.0,2039.0,0.0,100,290.76,259.0,0,0.0,0.0,,0.0,1,2.08,13.45,SPY191220C00290000,290.0,normalDay
2019-06-26,302.0,2047.0,0.0,100,290.47,259.0,0,0.0,0.0,,0.0,1,2.08,13.08,SPY191220C00290000,290.0,normalDay
2019-06-27,302.0,2076.0,0.0,100,291.5,259.0,0,0.0,0.0,,0.0,1,2.08,13.82,SPY191220C00290000,290.0,normalDay
2019-06-28,302.0,2120.0,0.0,100,293.0,259.0,0,0.0,0.0,,0.0,1,2.08,14.88,SPY191220C00290000,290.0,normalDay
2019-07-01,302.0,2320.0,0.0,100,295.66,259.0,0,0.0,0.0,,0.0,1,2.08,15.54,SPY191220C00290000,290.0,normalDay
2019-07-02,302.0,2362.0,0.0,100,296.43,259.0,0,0.0,0.0,,0.0,1,2.08,15.89,SPY191220C00290000,290.0,normalDay
2019-07-03,302.0,2434.0,0.0,100,298.8,259.0,0,0.0,0.0,,0.0,1,2.08,17.54,SPY191220C00290000,290.0,normalDay
2019-07-05,302.0,2454.0,0.0,100,298.46,259.0,0,0.0,0.0,,0.0,1,2.08,17.0,SPY191220C00290000,290.0,normalDay
2019-07-08,302.0,2362.0,0.0,100,296.82,259.0,0,0.0,0.0,,0.0,1,2.08,16.28,SPY191220C00290000,290.0,normalDay
2019-07-09,302.0,2380.0,0.0,100,297.19,259.0,0,0.0,0.0,,0.0,1,2.08,16.47,SPY191220C00290000,290.0,normalDay
2019-07-10,302.0,2430.0,0.0,100,298.61,259.0,0,0.0,0.0,,0.0,1,2.08,17.39,SPY191220C00290000,290.0,normalDay
2019-07-11,302.0,2457.0,0.0,100,299.31,259.0,0,0.0,0.0,,0.0,1,2.08,17.82,SPY191220C00290000,290.0,normalDay
2019-07-12,302.0,2504.0,0.0,100,300.65,259.0,0,0.0,0.0,,0.0,1,2.08,18.69,SPY191220C00290000,290.0,normalDay
2019-07-15,302.0,2506.0,0.0,100,300.75,259.0,0,0.0,0.0,,0.0,1,2.08,18.77,SPY191220C00290000,290.0,normalDay
2019-07-16,302.0,2474.0,0.0,100,299.78,259.0,0,0.0,0.0,,0.0,1,2.08,18.12,SPY191220C00290000,290.0,normalDay
2019-07-17,302.0,2399.0,0.0,100,297.74,259.0,0,0.0,0.0,,0.0,1,2.08,16.83,SPY191220C00290000,290.0,normalDay
2019-07-18,302.0,2439.0,0.0,100,298.83,259.0,0,0.0,0.0,,0.0,1,2.08,17.52,SPY191220C00290000,290.0,normalDay
2019-07-19,302.0,2388.0,0.0,100,297.17,259.0,0,0.0,0.0,,0.0,1,2.08,16.37,SPY191220C00290000,290.0,normalDay
2019-07-22,302.0,2440.0,0.0,100,297.9,259.0,0,0.0,0.0,,0.0,1,2.08,16.58,SPY191220C00290000,290.0,normalDay
2019-07-23,302.0,2531.0,0.0,100,300.03,259.0,0,0.0,0.0,,0.0,1,2.08,17.8,SPY191220C00290000,290.0,normalDay
2019-07-24,302.0,2581.0,0.0,100,301.44,259.0,0,0.0,0.0,,0.0,1,2.08,18.71,SPY191220C00290000,290.0,normalDay
2019-07-25,302.0,2522.0,0.0,100,300.0,259.0,0,0.0,0.0,,0.0,1,2.08,17.86,SPY191220C00290000,290.0,normalDay
2019-07-26,302.0,2604.0,0.0,100,302.01,259.0,0,0.0,0.0,,0.0,1,2.08,19.05,SPY191220C00290000,290.0,normalDay
2019-07-29,302.0,2572.0,0.0,100,301.46,259.0,0,0.0,0.0,,0.0,1,2.08,18.82,SPY191220C00290000,290.0,normalDay
2019-07-30,302.0,2544.0,0.0,100,300.72,259.0,0,0.0,0.0,,0.0,1,2.08,18.36,SPY191220C00290000,290.0,normalDay
2019-07-31,302.0,2412.0,0.0,100,297.43,259.0,0,0.0,0.0,,0.0,1,2.08,16.39,SPY191220C00290000,290.0,normalDay
2019-08-01,302.0,2271.0,0.0,100,294.84,259.0,0,0.0,0.0,,0.0,1,2.08,15.21,SPY191220C00290000,290.0,normalDay
2019-08-02,302.0,2208.0,0.0,100,292.62,259.0,0,0.0,0.0,,0.0,1,2.08,13.62,SPY191220C00290000,290.0,normalDay
2019-08-05,302.0,1757.0,0.0,100,283.82,259.0,0,0.0,0.0,,0.0,1,2.08,9.33,SPY191220C00290000,290.0,normalDay
2019-08-06,302.0,2007.0,0.0,100,287.8,259.0,0,0.0,0.0,,0.0,1,2.08,10.81,SPY191220C00290000,290.0,normalDay
2019-08-07,302.0,2025.0,0.0,100,287.97,259.0,0,0.0,0.0,,0.0,1,2.08,10.8,SPY191220C00290000,290.0,normalDay
2019-08-08,302.0,2308.0,0.0,100,293.62,259.0,0,0.0,0.0,,0.0,1,2.08,13.62,SPY191220C00290000,290.0,normalDay
2019-08-09,302.0,2200.0,0.0,100,291.62,259.0,0,0.0,0.0,,0.0,1,2.08,12.7,SPY191220C00290000,290.0,normalDay
2019-08-12,302.0,2012.0,0.0,100,288.07,259.0,0,0.0,0.0,,0.0,1,2.08,11.03,SPY191220C00290000,290.0,normalDay
2019-08-13,302.0,2245.0,0.0,100,292.55,259.0,0,0.0,0.0,,0.0,1,2.08,13.18,SPY191220C00290000,290.0,normalDay
2019-08-14,302.0,1767.0,0.0,100,283.9,259.0,0,0.0,0.0,,0.0,1,2.08,9.31,SPY191220C00290000,290.0,normalDay
2019-08-15,302.0,1822.0,0.0,100,284.65,259.0,0,0.0,0.0,,0.0,1,2.08,9.51,SPY191220C00290000,290.0,normalDay
2019-08-16,302.0,2078.0,0.0,100,288.85,259.0,0,0.0,0.0,,0.0,1,2.08,11.15,SPY191220C00290000,290.0,normalDay
2019-08-19,302.0,2288.0,0.0,100,292.33,259.0,0,0.0,0.0,,0.0,1,2.08,12.53,SPY191220C00290000,290.0,normalDay
2019-08-20,302.0,2192.0,0.0,100,290.09,259.0,0,0.0,0.0,,0.0,1,2.08,11.25,SPY191220C00290000,290.0,normalDay
2019-08-21,302.0,2300.0,0.0,100,292.45,259.0,0,0.0,0.0,,0.0,1,2.08,12.53,SPY191220C00290000,290.0,normalDay
2019-08-22,302.0,2307.0,0.0,100,292.36,259.0,0,0.0,0.0,,0.0,1,2.08,12.37,SPY191220C00290000,290.0,normalDay
2019-08-23,302.0,1864.0,0.0,100,284.85,259.0,0,0.0,0.0,,0.0,1,2.08,9.29,SPY191220C00290000,290.0,normalDay
2019-08-26,302.0,2066.0,0.0,100,288.0,259.0,0,0.0,0.0,,0.0,1,2.08,10.42,SPY191220C00290000,290.0,normalDay
2019-08-27,302.0,2013.0,0.0,100,286.87,259.0,0,0.0,0.0,,0.0,1,2.08,9.82,SPY191220C00290000,290.0,normalDay
2019-08-28,302.0,2117.0,0.0,100,288.89,259.0,0,0.0,0.0,,0.0,1,2.08,10.8,SPY191220C00290000,290.0,normalDay
2019-08-29,302.0,2313.0,0.0,100,292.58,259.0,0,0.0,0.0,,0.0,1,2.08,12.53,SPY191220C00290000,290.0,normalDay
2019-08-30,302.0,2295.0,0.0,100,292.45,259.0,0,0.0,0.0,,0.0,1,2.08,12.58,SPY191220C00290000,290.0,normalDay
2019-09-03,302.0,2233.0,0.0,100,290.74,259.0,0,0.0,0.0,,0.0,1,2.08,11.49,SPY191220C00290000,290.0,normalDay
2019-09-04,302.0,2415.0,0.0,100,294.04,259.0,0,0.0,0.0,,0.0,1,2.08,12.97,SPY191220C00290000,290.0,normalDay
2019-09-05,302.0,2589.0,0.0,100,297.82,259.0,0,0.0,0.0,,0.0,1,2.08,15.01,SPY191220C00290000,290.0,normalDay
2019-09-06,302.0,2591.0,0.0,100,298.05,259.0,0,0.0,0.0,,0.0,1,2.08,15.22,SPY191220C00290000,290.0,normalDay
2019-09-09,302.0,2628.0,0.0,100,298.2,259.0,0,0.0,0.0,,0.0,1,2.08,15.0,SPY191220C00290000,290.0,normalDay
2019-09-10,302.0,2630.0,0.0,100,298.13,259.0,0,0.0,0.0,,0.0,1,2.08,14.91,SPY191220C00290000,290.0,normalDay
2019-09-11,302.0,2689.0,0.0,100,300.25,259.0,0,0.0,0.0,,0.0,1,2.08,16.44,SPY191220C00290000,290.0,normalDay
2019-09-12,302.0,2724.0,0.0,100,301.29,259.0,0,0.0,0.0,,0.0,1,2.08,17.13,SPY191220C00290000,290.0,normalDay
2019-09-13,302.0,2739.0,0.0,100,301.09,259.0,0,0.0,0.0,,0.0,1,2.08,16.78,SPY191220C00290000,290.0,normalDay
2019-09-16,302.0,2696.0,0.0,100,300.16,259.0,0,0.0,0.0,,0.0,1,2.08,16.28,SPY191220C00290000,290.0,normalDay
2019-09-17,302.0,2728.0,0.0,100,300.92,259.0,0,0.0,0.0,,0.0,1,2.08,16.72,SPY191220C00290000,290.0,normalDay
2019-09-18,302.0,2733.0,0.0,100,301.1,259.0,0,0.0,0.0,,0.0,1,2.08,16.85,SPY191220C00290000,290.0,normalDay
2019-09-19,302.0,2767.0,0.0,100,301.08,259.0,0,0.0,0.0,,0.0,1,2.08,16.49,SPY191220C00290000,290.0,normalDay
2019-09-20,302.0,2563.0,0.0,100,298.28,259.0,0,0.0,0.0,,0.0,1,2.08,15.73,SPY191220C00290000,290.0,normalDay
2019-09-23,302.0,2573.0,0.0,100,298.21,259.0,0,0.0,0.0,,0.0,1,2.08,15.56,SPY191220C00290000,290.0,normalDay
2019-09-24,302.0,2465.0,0.0,100,295.87,259.0,0,0.0,0.0,,0.0,1,2.08,14.3,SPY191220C00290000,290.0,normalDay
2019-09-25,302.0,2570.0,0.0,100,297.62,259.0,0,0.0,0.0,,0.0,1,2.08,15.0,SPY191220C00290000,290.0,normalDay
2019-09-26,302.0,2542.0,0.0,100,297.0,259.0,0,0.0,0.0,,0.0,1,2.08,14.66,SPY191220C00290000,290.0,normalDay
2019-09-27,302.0,2478.0,0.0,100,295.4,259.0,0,0.0,0.0,,0.0,1,2.08,13.7,SPY191220C00290000,290.0,normalDay
2019-09-30,302.0,2540.0,0.0,100,296.77,259.0,0,0.0,0.0,,0.0,1,2.08,14.45,SPY191220C00290000,290.0,normalDay
2019-10-01,302.0,2418.0,0.0,100,293.24,259.0,0,0.0,0.0,,0.0,1,2.08,12.14,SPY191220C00290000,290.0,normalDay
2019-10-02,302.0,2208.0,0.0,100,288.06,259.0,0,0.0,0.0,,0.0,1,2.08,9.06,SPY191220C00290000,290.0,normalDay
2019-10-03,302.0,2316.0,0.0,100,290.42,259.0,0,0.0,0.0,,0.0,1,2.08,10.34,SPY191220C00290000,290.0,normalDay
2019-10-04,302.0,2520.0,0.0,100,294.35,259.0,0,0.0,0.0,,0.0,1,2.08,12.23,SPY191220C00290000,290.0,normalDay
2019-10-07,302.0,2490.0,0.0,100,293.08,259.0,0,0.0,0.0,,0.0,1,2.08,11.26,SPY191220C00290000,290.0,normalDay
2019-10-08,302.0,2263.0,0.0,100,288.53,259.0,0,0.0,0.0,,0.0,1,2.08,8.98,SPY191220C00290000,290.0,normalDay
2019-10-09,302.0,2426.0,0.0,100,291.27,259.0,0,0.0,0.0,,0.0,1,2.08,10.09,SPY191220C00290000,290.0,normalDay
2019-10-10,302.0,2504.0,0.0,100,293.24,259.0,0,0.0,0.0,,0.0,1,2.08,11.28,SPY191220C00290000,290.0,normalDay
2019-10-11,302.0,2654.0,0.0,100,296.28,259.0,0,0.0,0.0,,0.0,1,2.08,12.82,SPY191220C00290000,290.0,normalDay
2019-10-14,302.0,2703.0,0.0,100,295.95,259.0,0,0.0,0.0,,0.0,1,2.08,12.0,SPY191220C00290000,290.0,normalDay
2019-10-15,302.0,2808.0,0.0,100,298.88,259.0,0,0.0,0.0,,0.0,1,2.08,13.88,SPY191220C00290000,290.0,normalDay
2019-10-16,302.0,2805.0,0.0,100,298.4,259.0,0,0.0,0.0,,0.0,1,2.08,13.43,SPY191220C00290000,290.0,normalDay
2019-10-17,302.0,2849.0,0.0,100,299.28,259.0,0,0.0,0.0,,0.0,1,2.08,13.87,SPY191220C00290000,290.0,normalDay
2019-10-18,302.0,2800.0,0.0,100,297.97,259.0,0,0.0,0.0,,0.0,1,2.08,13.05,SPY191220C00290000,290.0,normalDay
2019-10-21,302.0,2888.0,0.0,100,299.99,259.0,0,0.0,0.0,,0.0,1,2.08,14.19,SPY191220C00290000,290.0,normalDay
2019-10-22,302.0,2875.0,0.0,100,299.01,259.0,0,0.0,0.0,,0.0,1,2.08,13.34,SPY191220C00290000,290.0,normalDay
2019-10-23,302.0,2889.0,0.0,100,299.88,259.0,0,0.0,0.0,,0.0,1,2.08,14.07,SPY191220C00290000,290.0,normalDay
2019-10-24,302.0,2939.0,0.0,100,300.37,259.0,0,0.0,0.0,,0.0,1,2.08,14.06,SPY191220C00290000,290.0,normalDay
2019-10-25,302.0,2981.0,0.0,100,301.6,259.0,0,0.0,0.0,,0.0,1,2.08,14.87,SPY191220C00290000,290.0,normalDay
2019-10-28,302.0,3010.0,0.0,100,303.3,259.0,0,0.0,0.0,,0.0,1,2.08,16.28,SPY191220C00290000,290.0,normalDay
2019-10-29,302.0,3013.0,0.0,100,303.21,259.0,0,0.0,0.0,,0.0,1,2.08,16.16,SPY191220C00290000,290.0,normalDay
2019-10-30,302.0,3016.0,0.0,100,304.14,259.0,0,0.0,0.0,,0.0,1,2.08,17.06,SPY191220C00290000,290.0,normalDay
2019-10-31,302.0,3025.0,0.0,100,303.33,259.0,0,0.0,0.0,,0.0,1,2.08,16.16,SPY191220C00290000,290.0,normalDay
2019-11-01,302.0,3081.0,0.0,100,306.14,259.0,0,0.0,0.0,,0.0,1,2.08,18.41,SPY191220C00290000,290.0,normalDay
2019-11-04,302.0,3102.0,0.0,100,307.37,259.0,0,0.0,0.0,,0.0,1,2.08,19.43,SPY191220C00290000,290.0,normalDay
2019-11-05,302.0,3093.0,0.0,100,307.03,259.0,0,0.0,0.0,,0.0,1,2.08,19.18,SPY191220C00290000,290.0,normalDay
2019-11-06,302.0,3085.0,0.0,100,307.1,259.0,0,0.0,0.0,,0.0,1,2.08,19.33,SPY191220C00290000,290.0,normalDay
2019-11-07,302.0,3112.0,0.0,100,308.18,259.0,0,0.0,0.0,,0.0,1,2.08,20.14,SPY191220C00290000,290.0,normalDay
2019-11-08,302.0,3131.0,0.0,100,308.94,259.0,0,0.0,0.0,,0.0,1,2.08,20.71,SPY191220C00290000,290.0,normalDay
2019-11-11,302.0,3126.0,0.0,100,308.35,259.0,0,0.0,0.0,,0.0,1,2.08,20.17,SPY191220C00290000,290.0,normalDay
2019-11-12,302.0,3171.0,0.0,100,309.0,259.0,0,0.0,0.0,,0.0,1,2.08,20.37,SPY191220C00290000,290.0,normalDay
2019-11-13,302.0,3150.0,0.0,100,309.1,259.0,0,0.0,0.0,,0.0,1,2.08,20.68,SPY191220C00290000,290.0,normalDay
2019-11-14,302.0,3161.0,0.0,100,309.55,259.0,0,0.0,0.0,,0.0,1,2.08,21.02,SPY191220C00290000,290.0,normalDay
2019-11-15,302.0,3199.0,0.0,100,311.79,259.0,0,0.0,0.0,,0.0,1,2.08,22.88,SPY191220C00290000,290.0,normalDay
2019-11-18,302.0,3200.0,0.0,100,312.02,259.0,0,0.0,0.0,,0.0,1,2.08,23.1,SPY191220C00290000,290.0,normalDay
2019-11-19,302.0,3216.0,0.0,100,311.93,259.0,0,0.0,0.0,,0.0,1,2.08,22.85,SPY191220C00290000,290.0,normalDay
2019-11-20,302.0,3203.0,0.0,100,310.77,259.0,0,0.0,0.0,,0.0,1,2.08,21.82,SPY191220C00290000,290.0,normalDay
2019-11-21,302.0,3199.0,0.0,100,310.27,259.0,0,0.0,0.0,,0.0,1,2.08,21.36,SPY191220C00290000,290.0,normalDay
2019-11-22,302.0,3210.0,0.0,100,310.96,259.0,0,0.0,0.0,,0.0,1,2.08,21.94,SPY191220C00290000,290.0,normalDay
2019-11-25,302.0,3258.0,0.0,100,313.37,259.0,0,0.0,0.0,,0.0,1,2.08,23.87,SPY191220C00290000,290.0,normalDay
2019-11-26,302.0,3236.0,0.0,100,314.08,259.0,0,0.0,0.0,,0.0,1,2.08,24.8,SPY191220C00290000,290.0,normalDay
2019-11-27,302.0,3252.0,0.0,100,315.48,259.0,0,0.0,0.0,,0.0,1,2.08,26.04,SPY191220C00290000,290.0,normalDay
2019-11-29,302.0,3223.0,0.0,100,314.31,259.0,0,0.0,0.0,,0.0,1,2.08,25.16,SPY191220C00290000,290.0,normalDay
2019-12-02,302.0,3234.0,0.0,100,311.64,259.0,0,0.0,0.0,,0.0,1,2.08,22.38,SPY191220C00290000,290.0,normalDay
2019-12-03,302.0,3244.0,0.0,100,309.55,259.0,0,0.0,0.0,,0.0,1,2.08,20.19,SPY191220C00290000,290.0,normalDay
2019-12-04,302.0,3287.0,0.0,100,311.46,259.0,0,0.0,0.0,,0.0,1,2.08,21.67,SPY191220C00290000,290.0,normalDay
2019-12-05,302.0,3264.0,0.0,100,312.02,259.0,0,0.0,0.0,,0.0,1,2.08,22.46,SPY191220C00290000,290.0,normalDay
2019-12-06,302.0,3279.0,0.0,100,314.87,259.0,0,0.0,0.0,,0.0,1,2.08,25.16,SPY191220C00290000,290.0,normalDay
2019-12-09,302.0,3279.0,0.0,100,313.88,259.0,0,0.0,0.0,,0.0,1,2.08,24.17,SPY191220C00290000,290.0,normalDay
2019-12-10,302.0,3236.0,0.0,100,313.53,259.0,0,0.0,0.0,,0.0,1,2.08,24.25,SPY191220C00290000,290.0,normalDay
2019-12-11,302.0,3254.0,0.0,100,314.42,259.0,0,0.0,0.0,,0.0,1,2.08,24.96,SPY191220C00290000,290.0,normalDay
2019-12-12,302.0,3287.0,0.0,100,317.13,259.0,0,0.0,0.0,,0.0,1,2.08,27.34,SPY191220C00290000,290.0,normalDay
2019-12-13,302.0,3276.0,0.0,100,317.32,259.0,0,0.0,0.0,,0.0,1,2.08,27.64,SPY191220C00290000,290.0,normalDay
2019-12-16,302.0,3258.0,0.0,100,319.5,259.0,0,0.0,0.0,,0.0,1,2.08,30.0,SPY191220C00290000,290.0,normalDay
2019-12-17,302.0,3286.0,0.0,100,319.57,259.0,0,0.0,0.0,,0.0,1,2.08,29.79,SPY191220C00290000,290.0,normalDay
2019-12-18,302.0,3287.0,0.0,100,319.59,259.0,0,0.0,0.0,,0.0,1,2.08,29.8,SPY191220C00290000,290.0,normalDay
2019-12-19,302.0,3272.0,0.0,100,320.9,259.0,0,0.0,0.0,,0.0,1,2.08,31.26,SPY191220C00290000,290.0,normalDay
2019-12-20,3610.0,3272.0,3308.0,0,320.73,0.0,0,0.0,0.0,,0.0,1,2.08,0.0,SPY191220C00290000,290.0,expirationDay
2019-12-23,3610.0,-4.0,0.0,0,321.22,0.0,1,1.54,1.58,SPY200131P00308000,308.0,0,0.0,0.0,,0.0,normalDay
2019-12-24,3610.0,0.0,0.0,0,321.23,0.0,1,1.54,1.54,SPY200131P00308000,308.0,0,0.0,0.0,,0.0,normalDay
2019-12-26,3610.0,26.0,0.0,0,322.94,0.0,1,1.54,1.28,SPY200131P00308000,308.0,0,0.0,0.0,,0.0,normalDay
2019-12-27,3610.0,12.0,0.0,0,322.86,0.0,1,1.54,1.42,SPY200131P00308000,308.0,0,0.0,0.0,,0.0,normalDay
2019-12-30,3610.0,-18.0,0.0,0,321.08,0.0,1,1.54,1.72,SPY200131P00308000,308.0,0,0.0,0.0,,0.0,normalDay
2019-12-31,3610.0,18.0,0.0,0,321.86,0.0,1,1.54,1.36,SPY200131P00308000,308.0,0,0.0,0.0,,0.0,normalDay
2020-01-02,3610.0,71.0,0.0,0,324.87,0.0,1,1.54,0.83,SPY200131P00308000,308.0,0,0.0,0.0,,0.0,normalDay
2020-01-03,3610.0,25.0,0.0,0,322.41,0.0,1,1.54,1.29,SPY200131P00308000,308.0,0,0.0,0.0,,0.0,normalDay
2020-01-06,3610.0,62.0,0.0,0,323.64,0.0,1,1.54,0.92,SPY200131P00308000,308.0,0,0.0,0.0,,0.0,normalDay
2020-01-07,3610.0,56.0,0.0,0,322.73,0.0,1,1.54,0.98,SPY200131P00308000,308.0,0,0.0,0.0,,0.0,normalDay
2020-01-08,3610.0,80.0,0.0,0,324.45,0.0,1,1.54,0.74,SPY200131P00308000,308.0,0,0.0,0.0,,0.0,normalDay
2020-01-09,3610.0,105.0,0.0,0,326.65,0.0,1,1.54,0.49,SPY200131P00308000,308.0,0,0.0,0.0,,0.0,normalDay
2020-01-10,3610.0,106.0,0.0,0,325.71,0.0,1,1.54,0.48,SPY200131P00308000,308.0,0,0.0,0.0,,0.0,normalDay
2020-01-13,3610.0,128.0,0.0,0,327.95,0.0,1,1.54,0.26,SPY200131P00308000,308.0,0,0.0,0.0,,0.0,normalDay
2020-01-14,3610.0,131.0,0.0,0,327.45,0.0,1,1.54,0.23,SPY200131P00308000,308.0,0,0.0,0.0,,0.0,normalDay
2020-01-15,3610.0,135.0,0.0,0,328.19,0.0,1,1.54,0.19,SPY200131P00308000,308.0,0,0.0,0.0,,0.0,normalDay
2020-01-16,3610.0,139.0,0.0,0,330.92,0.0,1,1.54,0.15,SPY200131P00308000,308.0,0,0.0,0.0,,0.0,normalDay
2020-01-17,3610.0,144.0,0.0,0,331.95,0.0,1,1.54,0.1,SPY200131P00308000,308.0,0,0.0,0.0,,0.0,normalDay
2020-01-21,3610.0,145.0,0.0,0,331.3,0.0,1,1.54,0.09,SPY200131P00308000,308.0,0,0.0,0.0,,0.0,normalDay
2020-01-22,3610.0,149.0,0.0,0,331.34,0.0,1,1.54,0.05,SPY200131P00308000,308.0,0,0.0,0.0,,0.0,normalDay
2020-01-23,3610.0,148.0,0.0,0,331.72,0.0,1,1.54,0.06,SPY200131P00308000,308.0,0,0.0,0.0,,0.0,normalDay
2020-01-24,3610.0,144.0,0.0,0,328.77,0.0,1,1.54,0.1,SPY200131P00308000,308.0,0,0.0,0.0,,0.0,normalDay
2020-01-27,3610.0,125.0,0.0,0,323.5,0.0,1,1.54,0.29,SPY200131P00308000,308.0,0,0.0,0.0,,0.0,normalDay
2020-01-28,3610.0,148.0,0.0,0,326.89,0.0,1,1.54,0.06,SPY200131P00308000,308.0,0,0.0,0.0,,0.0,normalDay
2020-01-29,3610.0,152.0,0.0,0,326.62,0.0,1,1.54,0.02,SPY200131P00308000,308.0,0,0.0,0.0,,0.0,normalDay
2020-01-30,3610.0,153.0,0.0,0,327.68,0.0,1,1.54,0.01,SPY200131P00308000,308.0,0,0.0,0.0,,0.0,normalDay
2020-01-31,3764.0,0.0,154.0,0,321.73,0.0,1,1.54,0.0,SPY200131P00308000,308.0,0,0.0,0.0,,0.0,expirationDay
2020-02-03,3764.0,-5.0,0.0,0,324.12,0.0,1,6.05,6.1,SPY200320P00320000,320.0,0,0.0,0.0,,0.0,normalDay
2020-02-04,3764.0,220.0,0.0,0,329.06,0.0,1,6.05,3.85,SPY200320P00320000,320.0,0,0.0,0.0,,0.0,normalDay
2020-02-05,3764.0,330.0,0.0,0,332.86,0.0,1,6.05,2.75,SPY200320P00320000,320.0,0,0.0,0.0,,0.0,normalDay
2020-02-06,3764.0,352.0,0.0,0,333.98,0.0,1,6.05,2.53,SPY200320P00320000,320.0,0,0.0,0.0,,0.0,normalDay
2020-02-07,3764.0,315.0,0.0,0,332.2,0.0,1,6.05,2.9,SPY200320P00320000,320.0,0,0.0,0.0,,0.0,normalDay
2020-02-10,3764.0,378.0,0.0,0,334.68,0.0,1,6.05,2.27,SPY200320P00320000,320.0,0,0.0,0.0,,0.0,normalDay
2020-02-11,3764.0,391.0,0.0,0,335.26,0.0,1,6.05,2.14,SPY200320P00320000,320.0,0,0.0,0.0,,0.0,normalDay
2020-02-12,3764.0,448.0,0.0,0,337.42,0.0,1,6.05,1.57,SPY200320P00320000,320.0,0,0.0,0.0,,0.0,normalDay
2020-02-13,3764.0,442.0,0.0,0,337.06,0.0,1,6.05,1.63,SPY200320P00320000,320.0,0,0.0,0.0,,0.0,normalDay
2020-02-14,3764.0,461.0,0.0,0,337.6,0.0,1,6.05,1.44,SPY200320P00320000,320.0,0,0.0,0.0,,0.0,normalDay
2020-02-18,3764.0,454.0,0.0,0,336.73,0.0,1,6.05,1.51,SPY200320P00320000,320.0,0,0.0,0.0,,0.0,normalDay
2020-02-19,3764.0,483.0,0.0,0,338.34,0.0,1,6.05,1.22,SPY200320P00320000,320.0,0,0.0,0.0,,0.0,normalDay
2020-02-20,3764.0,454.0,0.0,0,336.95,0.0,1,6.05,1.51,SPY200320P00320000,320.0,0,0.0,0.0,,0.0,normalDay
2020-02-21,3764.0,372.0,0.0,0,333.48,0.0,1,6.05,2.33,SPY200320P00320000,320.0,0,0.0,0.0,,0.0,normalDay
2020-02-24,3764.0,-109.0,0.0,0,322.42,0.0,1,6.05,7.14,SPY200320P00320000,320.0,0,0.0,0.0,,0.0,normalDay
2020-02-25,3764.0,-571.0,0.0,0,312.65,0.0,1,6.05,11.76,SPY200320P00320000,320.0,0,0.0,0.0,,0.0,normalDay
2020-02-26,3764.0,-692.0,0.0,0,311.5,0.0,1,6.05,12.97,SPY200320P00320000,320.0,0,0.0,0.0,,0.0,normalDay
2020-02-27,3764.0,-1874.0,0.0,0,297.51,0.0,1,6.05,24.79,SPY200320P00320000,320.0,0,0.0,0.0,,0.0,normalDay
2020-02-28,3764.0,-1893.0,0.0,0,296.26,0.0,1,6.05,24.98,SPY200320P00320000,320.0,0,0.0,0.0,,0.0,normalDay
2020-03-02,3764.0,-816.0,0.0,0,309.09,0.0,1,6.05,14.21,SPY200320P00320000,320.0,0,0.0,0.0,,0.0,normalDay
2020-03-03,3764.0,-1462.0,0.0,0,300.24,0.0,1,6.05,20.67,SPY200320P00320000,320.0,0,0.0,0.0,,0.0,normalDay
2020-03-04,3764.0,-606.0,0.0,0,312.86,0.0,1,6.05,12.11,SPY200320P00320000,320.0,0,0.0,0.0,,0.0,normalDay
2020-03-05,3764.0,-1440.0,0.0,0,302.46,0.0,1,6.05,20.45,SPY200320P00320000,320.0,0,0.0,0.0,,0.0,normalDay
2020-03-06,3764.0,-1922.0,0.0,0,297.46,0.0,1,6.05,25.27,SPY200320P00320000,320.0,0,0.0,0.0,,0.0,normalDay
2020-03-09,3764.0,-4202.0,0.0,0,274.23,0.0,1,6.05,48.07,SPY200320P00320000,320.0,0,0.0,0.0,,0.0,normalDay
2020-03-10,3764.0,-2765.0,0.0,0,288.42,0.0,1,6.05,33.7,SPY200320P00320000,320.0,0,0.0,0.0,,0.0,normalDay
2020-03-11,3764.0,-4164.0,0.0,0,274.36,0.0,1,6.05,47.69,SPY200320P00320000,320.0,0,0.0,0.0,,0.0,normalDay
2020-03-12,3764.0,-6748.0,0.0,0,248.11,0.0,1,6.05,73.53,SPY200320P00320000,320.0,0,0.0,0.0,,0.0,normalDay
2020-03-13,3764.0,-4565.0,0.0,0,269.32,0.0,1,6.05,51.7,SPY200320P00320000,320.0,0,0.0,0.0,,0.0,normalDay
2020-03-16,3764.0,-7255.0,0.0,0,239.85,0.0,1,6.05,78.6,SPY200320P00320000,320.0,0,0.0,0.0,,0.0,normalDay
2020-03-17,3764.0,-6412.0,0.0,0,252.8,0.0,1,6.05,70.17,SPY200320P00320000,320.0,0,0.0,0.0,,0.0,normalDay
2020-03-18,3764.0,-7522.0,0.0,0,240.0,0.0,1,6.05,81.27,SPY200320P00320000,320.0,0,0.0,0.0,,0.0,normalDay
2020-03-19,3764.0,-7523.0,0.0,0,240.51,0.0,1,6.05,81.28,SPY200320P00320000,320.0,0,0.0,0.0,,0.0,normalDay
2020-03-20,4369.0,-9120.0,605.0,100,228.8,320.0,1,6.05,0.0,SPY200320P00320000,320.0,0,0.0,0.0,,0.0,expirationDay
2020-03-23,4369.0,-9767.0,0.0,100,222.95,320.0,0,0.0,0.0,,0.0,1,0.58,1.2,SPY210319C00350000,350.0,normalDay
2020-03-24,4369.0,-7821.0,0.0,100,243.15,320.0,0,0.0,0.0,,0.0,1,0.58,1.94,SPY210319C00350000,350.0,normalDay
2020-03-25,4369.0,-7521.0,0.0,100,246.79,320.0,0,0.0,0.0,,0.0,1,0.58,2.58,SPY210319C00350000,350.0,normalDay
2020-03-26,4369.0,-6091.0,0.0,100,261.2,320.0,0,0.0,0.0,,0.0,1,0.58,2.69,SPY210319C00350000,350.0,normalDay
2020-03-27,4369.0,-6798.0,0.0,100,253.42,320.0,0,0.0,0.0,,0.0,1,0.58,1.98,SPY210319C00350000,350.0,normalDay
2020-03-30,4369.0,-5977.0,0.0,100,261.65,320.0,0,0.0,0.0,,0.0,1,0.58,2.0,SPY210319C00350000,350.0,normalDay
2020-03-31,4369.0,-6333.0,0.0,100,257.75,320.0,0,0.0,0.0,,0.0,1,0.58,1.66,SPY210319C00350000,350.0,normalDay
2020-04-01,4369.0,-7440.0,0.0,100,246.15,320.0,0,0.0,0.0,,0.0,1,0.58,1.13,SPY210319C00350000,350.0,normalDay
2020-04-02,4369.0,-6912.0,0.0,100,251.83,320.0,0,0.0,0.0,,0.0,1,0.58,1.53,SPY210319C00350000,350.0,normalDay
2020-04-03,4369.0,-7262.0,0.0,100,248.19,320.0,0,0.0,0.0,,0.0,1,0.58,1.39,SPY210319C00350000,350.0,normalDay
2020-04-06,4369.0,-5656.0,0.0,100,264.86,320.0,0,0.0,0.0,,0.0,1,0.58,2.0,SPY210319C00350000,350.0,normalDay
2020-04-07,4369.0,-5626.0,0.0,100,265.13,320.0,0,0.0,0.0,,0.0,1,0.58,1.97,SPY210319C00350000,350.0,normalDay
2020-04-08,4369.0,-4832.0,0.0,100,274.03,320.0,0,0.0,0.0,,0.0,1,0.58,2.93,SPY210319C00350000,350.0,normalDay
2020-04-09,4369.0,-4465.0,0.0,100,278.2,320.0,0,0.0,0.0,,0.0,1,0.58,3.43,SPY210319C00350000,350.0,normalDay
2020-04-13,4369.0,-4668.0,0.0,100,275.66,320.0,0,0.0,0.0,,0.0,1,0.58,2.92,SPY210319C00350000,350.0,normalDay
2020-04-14,4369.0,-3927.0,0.0,100,283.79,320.0,0,0.0,0.0,,0.0,1,0.58,3.64,SPY210319C00350000,350.0,normalDay
2020-04-15,4369.0,-4470.0,0.0,100,277.76,320.0,0,0.0,0.0,,0.0,1,0.58,3.04,SPY210319C00350000,350.0,normalDay
2020-04-16,4369.0,-4362.0,0.0,100,279.1,320.0,0,0.0,0.0,,0.0,1,0.58,3.3,SPY210319C00350000,350.0,normalDay
2020-04-17,4369.0,-3724.0,0.0,100,286.64,320.0,0,0.0,0.0,,0.0,1,0.58,4.46,SPY210319C00350000,350.0,normalDay
2020-04-20,4369.0,-4180.0,0.0,100,281.59,320.0,0,0.0,0.0,,0.0,1,0.58,3.97,SPY210319C00350000,350.0,normalDay
2020-04-21,4369.0,-4934.0,0.0,100,273.04,320.0,0,0.0,0.0,,0.0,1,0.58,2.96,SPY210319C00350000,350.0,normalDay
2020-04-22,4369.0,-4398.0,0.0,100,279.1,320.0,0,0.0,0.0,,0.0,1,0.58,3.66,SPY210319C00350000,350.0,normalDay
2020-04-23,4369.0,-4394.0,0.0,100,279.08,320.0,0,0.0,0.0,,0.0,1,0.58,3.6,SPY210319C00350000,350.0,normalDay
2020-04-24,4369.0,-4033.0,0.0,100,282.97,320.0,0,0.0,0.0,,0.0,1,0.58,3.88,SPY210319C00350000,350.0,normalDay
2020-04-27,4369.0,-3629.0,0.0,100,287.05,320.0,0,0.0,0.0,,0.0,1,0.58,3.92,SPY210319C00350000,350.0,normalDay
2020-04-28,4369.0,-3726.0,0.0,100,285.73,320.0,0,0.0,0.0,,0.0,1,0.58,3.57,SPY210319C00350000,350.0,normalDay
2020-04-29,4369.0,-3056.0,0.0,100,293.21,320.0,0,0.0,0.0,,0.0,1,0.58,4.35,SPY210319C00350000,350.0,normalDay
2020-04-30,4369.0,-3290.0,0.0,100,290.48,320.0,0,0.0,0.0,,0.0,1,0.58,3.96,SPY210319C00350000,350.0,normalDay
2020-05-01,4369.0,-3986.0,0.0,100,282.79,320.0,0,0.0,0.0,,0.0,1,0.58,3.23,SPY210319C00350000,350.0,normalDay
2020-05-04,4369.0,-3889.0,0.0,100,283.57,320.0,0,0.0,0.0,,0.0,1,0.58,3.04,SPY210319C00350000,350.0,normalDay
2020-05-05,4369.0,-3665.0,0.0,100,286.19,320.0,0,0.0,0.0,,0.0,1,0.58,3.42,SPY210319C00350000,350.0,normalDay
2020-05-06,4369.0,-3825.0,0.0,100,284.25,320.0,0,0.0,0.0,,0.0,1,0.58,3.08,SPY210319C00350000,350.0,normalDay
2020-05-07,4369.0,-3514.0,0.0,100,287.68,320.0,0,0.0,0.0,,0.0,1,0.58,3.4,SPY210319C00350000,350.0,normalDay
2020-05-08,4369.0,-3071.0,0.0,100,292.44,320.0,0,0.0,0.0,,0.0,1,0.58,3.73,SPY210319C00350000,350.0,normalDay
2020-05-11,4369.0,-3009.0,0.0,100,292.5,320.0,0,0.0,0.0,,0.0,1,0.58,3.17,SPY210319C00350000,350.0,normalDay
2020-05-12,4369.0,-3532.0,0.0,100,286.67,320.0,0,0.0,0.0,,0.0,1,0.58,2.57,SPY210319C00350000,350.0,normalDay
2020-05-13,4369.0,-4006.0,0.0,100,281.6,320.0,0,0.0,0.0,,0.0,1,0.58,2.24,SPY210319C00350000,350.0,normalDay
2020-05-14,4369.0,-3687.0,0.0,100,284.97,320.0,0,0.0,0.0,,0.0,1,0.58,2.42,SPY210319C00350000,350.0,normalDay
2020-05-15,4369.0,-3553.0,0.0,100,286.28,320.0,0,0.0,0.0,,0.0,1,0.58,2.39,SPY210319C00350000,350.0,normalDay
2020-05-18,4369.0,-2777.0,0.0,100,295.0,320.0,0,0.0,0.0,,0.0,1,0.58,3.35,SPY210319C00350000,350.0,normalDay
2020-05-19,4369.0,-3045.0,0.0,100,291.97,320.0,0,0.0,0.0,,0.0,1,0.58,3.0,SPY210319C00350000,350.0,normalDay
2020-05-20,4369.0,-2612.0,0.0,100,296.93,320.0,0,0.0,0.0,,0.0,1,0.58,3.63,SPY210319C00350000,350.0,normalDay
2020-05-21,4369.0,-2806.0,0.0,100,294.88,320.0,0,0.0,0.0,,0.0,1,0.58,3.52,SPY210319C00350000,350.0,normalDay
2020-05-22,4369.0,-2758.0,0.0,100,295.44,320.0,0,0.0,0.0,,0.0,1,0.58,3.6,SPY210319C00350000,350.0,normalDay
2020-05-26,4369.0,-2430.0,0.0,100,299.08,320.0,0,0.0,0.0,,0.0,1,0.58,3.96,SPY210319C00350000,350.0,normalDay
2020-05-27,4369.0,-2046.0,0.0,100,303.53,320.0,0,0.0,0.0,,0.0,1,0.58,4.57,SPY210319C00350000,350.0,normalDay
2020-05-28,4369.0,-2128.0,0.0,100,302.97,320.0,0,0.0,0.0,,0.0,1,0.58,4.83,SPY210319C00350000,350.0,normalDay
2020-05-29,4369.0,-2016.0,0.0,100,304.32,320.0,0,0.0,0.0,,0.0,1,0.58,5.06,SPY210319C00350000,350.0,normalDay
2020-06-01,4369.0,-1895.0,0.0,100,305.55,320.0,0,0.0,0.0,,0.0,1,0.58,5.08,SPY210319C00350000,350.0,normalDay
2020-06-02,4369.0,-1684.0,0.0,100,308.08,320.0,0,0.0,0.0,,0.0,1,0.58,5.5,SPY210319C00350000,350.0,normalDay
2020-06-03,4369.0,-1386.0,0.0,100,312.18,320.0,0,0.0,0.0,,0.0,1,0.58,6.62,SPY210319C00350000,350.0,normalDay
2020-06-04,4369.0,-1447.0,0.0,100,311.36,320.0,0,0.0,0.0,,0.0,1,0.58,6.41,SPY210319C00350000,350.0,normalDay
2020-06-05,4369.0,-850.0,0.0,100,319.34,320.0,0,0.0,0.0,,0.0,1,0.58,8.42,SPY210319C00350000,350.0,normalDay
2020-06-08,4369.0,-595.0,0.0,100,323.2,320.0,0,0.0,0.0,,0.0,1,0.58,9.73,SPY210319C00350000,350.0,normalDay
2020-06-09,4369.0,-843.0,0.0,100,320.79,320.0,0,0.0,0.0,,0.0,1,0.58,9.8,SPY210319C00350000,350.0,normalDay
2020-06-10,4369.0,-947.0,0.0,100,319.0,320.0,0,0.0,0.0,,0.0,1,0.58,9.05,SPY210319C00350000,350.0,normalDay
2020-06-11,4369.0,-2522.0,0.0,100,300.61,320.0,0,0.0,0.0,,0.0,1,0.58,6.41,SPY210319C00350000,350.0,normalDay
2020-06-12,4369.0,-2152.0,0.0,100,304.21,320.0,0,0.0,0.0,,0.0,1,0.58,6.31,SPY210319C00350000,350.0,normalDay
2020-06-15,4369.0,-1921.0,0.0,100,307.05,320.0,0,0.0,0.0,,0.0,1,0.58,6.84,SPY210319C00350000,350.0,normalDay
2020-06-16,4369.0,-1531.0,0.0,100,312.96,320.0,0,0.0,0.0,,0.0,1,0.58,8.85,SPY210319C00350000,350.0,normalDay
2020-06-17,4369.0,-1629.0,0.0,100,311.66,320.0,0,0.0,0.0,,0.0,1,0.58,8.53,SPY210319C00350000,350.0,normalDay
2020-06-18,4369.0,-1618.0,0.0,100,311.78,320.0,0,0.0,0.0,,0.0,1,0.58,8.54,SPY210319C00350000,350.0,normalDay
2020-06-19,4369.0,-1856.0,0.0,100,308.64,320.0,0,0.0,0.0,,0.0,1,0.58,7.78,SPY210319C00350000,350.0,normalDay
2020-06-22,4369.0,-1670.0,0.0,100,310.62,320.0,0,0.0,0.0,,0.0,1,0.58,7.9,SPY210319C00350000,350.0,normalDay
2020-06-23,4369.0,-1528.0,0.0,100,312.05,320.0,0,0.0,0.0,,0.0,1,0.58,7.91,SPY210319C00350000,350.0,normalDay
2020-06-24,4369.0,-2185.0,0.0,100,304.09,320.0,0,0.0,0.0,,0.0,1,0.58,6.52,SPY210319C00350000,350.0,normalDay
2020-06-25,4369.0,-1875.0,0.0,100,307.35,320.0,0,0.0,0.0,,0.0,1,0.58,6.68,SPY210319C00350000,350.0,normalDay
2020-06-26,4369.0,-2465.0,0.0,100,300.05,320.0,0,0.0,0.0,,0.0,1,0.58,5.28,SPY210319C00350000,350.0,normalDay
2020-06-29,4369.0,-2045.0,0.0,100,304.46,320.0,0,0.0,0.0,,0.0,1,0.58,5.49,SPY210319C00350000,350.0,normalDay
2020-06-30,4369.0,-1724.0,0.0,100,308.36,320.0,0,0.0,0.0,,0.0,1,0.58,6.18,SPY210319C00350000,350.0,normalDay
2020-07-01,4369.0,-1526.0,0.0,100,310.52,320.0,0,0.0,0.0,,0.0,1,0.58,6.36,SPY210319C00350000,350.0,normalDay
2020-07-02,4369.0,-1394.0,0.0,100,312.23,320.0,0,0.0,0.0,,0.0,1,0.58,6.75,SPY210319C00350000,350.0,normalDay
2020-07-06,4369.0,-1037.0,0.0,100,317.05,320.0,0,0.0,0.0,,0.0,1,0.58,8.0,SPY210319C00350000,350.0,normalDay
2020-07-07,4369.0,-1290.0,0.0,100,313.78,320.0,0,0.0,0.0,,0.0,1,0.58,7.26,SPY210319C00350000,350.0,normalDay
2020-07-08,4369.0,-1101.0,0.0,100,316.18,320.0,0,0.0,0.0,,0.0,1,0.58,7.77,SPY210319C00350000,350.0,normalDay
2020-07-09,4369.0,-1249.0,0.0,100,314.38,320.0,0,0.0,0.0,,0.0,1,0.58,7.45,SPY210319C00350000,350.0,normalDay
2020-07-10,4369.0,-1010.0,0.0,100,317.59,320.0,0,0.0,0.0,,0.0,1,0.58,8.27,SPY210319C00350000,350.0,normalDay
2020-07-13,4369.0,-1308.0,0.0,100,314.84,320.0,0,0.0,0.0,,0.0,1,0.58,8.5,SPY210319C00350000,350.0,normalDay
2020-07-14,4369.0,-955.0,0.0,100,318.92,320.0,0,0.0,0.0,,0.0,1,0.58,9.05,SPY210319C00350000,350.0,normalDay
2020-07-15,4369.0,-774.0,0.0,100,321.85,320.0,0,0.0,0.0,,0.0,1,0.58,10.17,SPY210319C00350000,350.0,normalDay
2020-07-16,4369.0,-788.0,0.0,100,320.79,320.0,0,0.0,0.0,,0.0,1,0.58,9.25,SPY210319C00350000,350.0,normalDay
2020-07-17,4369.0,-730.0,0.0,100,321.72,320.0,0,0.0,0.0,,0.0,1,0.58,9.6,SPY210319C00350000,350.0,normalDay
2020-07-20,4369.0,-496.0,0.0,100,324.32,320.0,0,0.0,0.0,,0.0,1,0.58,9.86,SPY210319C00350000,350.0,normalDay
2020-07-21,4369.0,-467.0,0.0,100,325.01,320.0,0,0.0,0.0,,0.0,1,0.58,10.26,SPY210319C00350000,350.0,normalDay
2020-07-22,4369.0,-325.0,0.0,100,326.86,320.0,0,0.0,0.0,,0.0,1,0.58,10.69,SPY210319C00350000,350.0,normalDay
2020-07-23,4369.0,-577.0,0.0,100,322.96,320.0,0,0.0,0.0,,0.0,1,0.58,9.31,SPY210319C00350000,350.0,normalDay
2020-07-24,4369.0,-741.0,0.0,100,320.88,320.0,0,0.0,0.0,,0.0,1,0.58,8.87,SPY210319C00350000,350.0,normalDay
2020-07-27,4369.0,-547.0,0.0,100,323.22,320.0,0,0.0,0.0,,0.0,1,0.58,9.27,SPY210319C00350000,350.0,normalDay
2020-07-28,4369.0,-710.0,0.0,100,321.17,320.0,0,0.0,0.0,,0.0,1,0.58,8.85,SPY210319C00350000,350.0,normalDay
2020-07-29,4369.0,-443.0,0.0,100,325.12,320.0,0,0.0,0.0,,0.0,1,0.58,10.13,SPY210319C00350000,350.0,normalDay
2020-07-30,4369.0,-567.0,0.0,100,323.96,320.0,0,0.0,0.0,,0.0,1,0.58,10.21,SPY210319C00350000,350.0,normalDay
2020-07-31,4369.0,-389.0,0.0,100,326.52,320.0,0,0.0,0.0,,0.0,1,0.58,10.99,SPY210319C00350000,350.0,normalDay
2020-08-03,4369.0,-222.0,0.0,100,328.79,320.0,0,0.0,0.0,,0.0,1,0.58,11.59,SPY210319C00350000,350.0,normalDay
2020-08-04,4369.0,-118.0,0.0,100,330.06,320.0,0,0.0,0.0,,0.0,1,0.58,11.82,SPY210319C00350000,350.0,normalDay
2020-08-05,4369.0,10.0,0.0,100,332.11,320.0,0,0.0,0.0,,0.0,1,0.58,12.59,SPY210319C00350000,350.0,normalDay
2020-08-06,4369.0,124.0,0.0,100,334.33,320.0,0,0.0,0.0,,0.0,1,0.58,13.67,SPY210319C00350000,350.0,normalDay
2020-08-07,4369.0,145.0,0.0,100,334.57,320.0,0,0.0,0.0,,0.0,1,0.58,13.7,SPY210319C00350000,350.0,normalDay
2020-08-10,4369.0,220.0,0.0,100,335.57,320.0,0,0.0,0.0,,0.0,1,0.58,13.95,SPY210319C00350000,350.0,normalDay
2020-08-11,4369.0,9.0,0.0,100,332.8,320.0,0,0.0,0.0,,0.0,1,0.58,13.29,SPY210319C00350000,350.0,normalDay
2020-08-12,4369.0,307.0,0.0,100,337.44,320.0,0,0.0,0.0,,0.0,1,0.58,14.95,SPY210319C00350000,350.0,normalDay
2020-08-13,4369.0,266.0,0.0,100,336.83,320.0,0,0.0,0.0,,0.0,1,0.58,14.75,SPY210319C00350000,350.0,normalDay
2020-08-14,4369.0,254.0,0.0,100,336.84,320.0,0,0.0,0.0,,0.0,1,0.58,14.88,SPY210319C00350000,350.0,normalDay
2020-08-17,4369.0,359.0,0.0,100,337.91,320.0,0,0.0,0.0,,0.0,1,0.58,14.9,SPY210319C00350000,350.0,normalDay
2020-08-18,4369.0,419.0,0.0,100,338.64,320.0,0,0.0,0.0,,0.0,1,0.58,15.03,SPY210319C00350000,350.0,normalDay
2020-08-19,4369.0,314.0,0.0,100,337.23,320.0,0,0.0,0.0,,0.0,1,0.58,14.67,SPY210319C00350000,350.0,normalDay
2020-08-20,4369.0,396.0,0.0,100,338.28,320.0,0,0.0,0.0,,0.0,1,0.58,14.9,SPY210319C00350000,350.0,normalDay
2020-08-21,4369.0,449.0,0.0,100,339.48,320.0,0,0.0,0.0,,0.0,1,0.58,15.57,SPY210319C00350000,350.0,normalDay
2020-08-24,4369.0,608.0,0.0,100,342.92,320.0,0,0.0,0.0,,0.0,1,0.58,17.42,SPY210319C00350000,350.0,normalDay
2020-08-25,4369.0,670.0,0.0,100,344.12,320.0,0,0.0,0.0,,0.0,1,0.58,18.0,SPY210319C00350000,350.0,normalDay
2020-08-26,4369.0,740.0,0.0,100,347.57,320.0,0,0.0,0.0,,0.0,1,0.58,20.75,SPY210319C00350000,350.0,normalDay
2020-08-27,4369.0,724.0,0.0,100,348.33,320.0,0,0.0,0.0,,0.0,1,0.58,21.67,SPY210319C00350000,350.0,normalDay
2020-08-28,4369.0,830.0,0.0,100,350.58,320.0,0,0.0,0.0,,0.0,1,0.58,22.86,SPY210319C00350000,350.0,normalDay
2020-08-31,4369.0,635.0,0.0,100,349.31,320.0,0,0.0,0.0,,0.0,1,0.58,23.54,SPY210319C00350000,350.0,normalDay
2020-09-01,4369.0,782.0,0.0,100,352.6,320.0,0,0.0,0.0,,0.0,1,0.58,25.36,SPY210319C00350000,350.0,normalDay
2020-09-02,4369.0,839.0,0.0,100,357.7,320.0,0,0.0,0.0,,0.0,1,0.58,29.89,SPY210319C00350000,350.0,normalDay
2020-09-03,4369.0,186.0,0.0,100,345.39,320.0,0,0.0,0.0,,0.0,1,0.58,24.11,SPY210319C00350000,350.0,normalDay
2020-09-04,4369.0,273.0,0.0,100,342.57,320.0,0,0.0,0.0,,0.0,1,0.58,20.42,SPY210319C00350000,350.0,normalDay
2020-09-08,4369.0,-137.0,0.0,100,333.21,320.0,0,0.0,0.0,,0.0,1,0.58,15.16,SPY210319C00350000,350.0,normalDay
2020-09-09,4369.0,290.0,0.0,100,339.79,320.0,0,0.0,0.0,,0.0,1,0.58,17.47,SPY210319C00350000,350.0,normalDay
2020-09-10,4369.0,-40.0,0.0,100,333.89,320.0,0,0.0,0.0,,0.0,1,0.58,14.87,SPY210319C00350000,350.0,normalDay
2020-09-11,4369.0,76.0,0.0,100,334.06,320.0,0,0.0,0.0,,0.0,1,0.58,13.88,SPY210319C00350000,350.0,normalDay
2020-09-14,4369.0,310.0,0.0,100,338.46,320.0,0,0.0,0.0,,0.0,1,0.58,15.94,SPY210319C00350000,350.0,normalDay
2020-09-15,4369.0,384.0,0.0,100,340.17,320.0,0,0.0,0.0,,0.0,1,0.58,16.91,SPY210319C00350000,350.0,normalDay
2020-09-16,4369.0,339.0,0.0,100,338.82,320.0,0,0.0,0.0,,0.0,1,0.58,16.01,SPY210319C00350000,350.0,normalDay
2020-09-17,4369.0,156.0,0.0,100,335.84,320.0,0,0.0,0.0,,0.0,1,0.58,14.86,SPY210319C00350000,350.0,normalDay
2020-09-18,4369.0,-156.0,0.0,100,330.65,320.0,0,0.0,0.0,,0.0,1,0.58,12.79,SPY210319C00350000,350.0,normalDay
2020-09-21,4369.0,-396.0,0.0,100,326.97,320.0,0,0.0,0.0,,0.0,1,0.58,11.51,SPY210319C00350000,350.0,normalDay
2020-09-22,4369.0,-197.0,0.0,100,330.3,320.0,0,0.0,0.0,,0.0,1,0.58,12.85,SPY210319C00350000,350.0,normalDay
2020-09-23,4369.0,-684.0,0.0,100,322.64,320.0,0,0.0,0.0,,0.0,1,0.58,10.06,SPY210319C00350000,350.0,normalDay
2020-09-24,4369.0,-631.0,0.0,100,323.5,320.0,0,0.0,0.0,,0.0,1,0.58,10.39,SPY210319C00350000,350.0,normalDay
2020-09-25,4369.0,-276.0,0.0,100,328.73,320.0,0,0.0,0.0,,0.0,1,0.58,12.07,SPY210319C00350000,350.0,normalDay
2020-09-28,4369.0,17.0,0.0,100,334.19,320.0,0,0.0,0.0,,0.0,1,0.58,14.6,SPY210319C00350000,350.0,normalDay
2020-09-29,4369.0,-80.0,0.0,100,332.37,320.0,0,0.0,0.0,,0.0,1,0.58,13.75,SPY210319C00350000,350.0,normalDay
2020-09-30,4369.0,131.0,0.0,100,334.89,320.0,0,0.0,0.0,,0.0,1,0.58,14.16,SPY210319C00350000,350.0,normalDay
2020-10-01,4369.0,167.0,0.0,100,337.04,320.0,0,0.0,0.0,,0.0,1,0.58,15.95,SPY210319C00350000,350.0,normalDay
2020-10-02,4369.0,-6.0,0.0,100,333.84,320.0,0,0.0,0.0,,0.0,1,0.58,14.48,SPY210319C00350000,350.0,normalDay
2020-10-05,4369.0,363.0,0.0,100,339.76,320.0,0,0.0,0.0,,0.0,1,0.58,16.71,SPY210319C00350000,350.0,normalDay
2020-10-06,4369.0,76.0,0.0,100,334.93,320.0,0,0.0,0.0,,0.0,1,0.58,14.75,SPY210319C00350000,350.0,normalDay
2020-10-07,4369.0,458.0,0.0,100,340.76,320.0,0,0.0,0.0,,0.0,1,0.58,16.76,SPY210319C00350000,350.0,normalDay
2020-10-08,4369.0,660.0,0.0,100,343.78,320.0,0,0.0,0.0,,0.0,1,0.58,17.76,SPY210319C00350000,350.0,normalDay
2020-10-09,4369.0,868.0,0.0,100,346.85,320.0,0,0.0,0.0,,0.0,1,0.58,18.75,SPY210319C00350000,350.0,normalDay
2020-10-12,4369.0,1113.0,0.0,100,352.43,320.0,0,0.0,0.0,,0.0,1,0.58,21.88,SPY210319C00350000,350.0,normalDay
2020-10-13,4369.0,1031.0,0.0,100,350.13,320.0,0,0.0,0.0,,0.0,1,0.58,20.4,SPY210319C00350000,350.0,normalDay
2020-10-14,4369.0,964.0,0.0,100,347.93,320.0,0,0.0,0.0,,0.0,1,0.58,18.87,SPY210319C00350000,350.0,normalDay
2020-10-15,4369.0,940.0,0.0,100,347.5,320.0,0,0.0,0.0,,0.0,1,0.58,18.68,SPY210319C00350000,350.0,normalDay
2020-10-16,4369.0,954.0,0.0,100,347.29,320.0,0,0.0,0.0,,0.0,1,0.58,18.33,SPY210319C00350000,350.0,normalDay
2020-10-19,4369.0,626.0,0.0,100,342.01,320.0,0,0.0,0.0,,0.0,1,0.58,16.33,SPY210319C00350000,350.0,normalDay
2020-10-20,4369.0,737.0,0.0,100,343.38,320.0,0,0.0,0.0,,0.0,1,0.58,16.59,SPY210319C00350000,350.0,normalDay
2020-10-21,4369.0,705.0,0.0,100,342.73,320.0,0,0.0,0.0,,0.0,1,0.58,16.26,SPY210319C00350000,350.0,normalDay
2020-10-22,4369.0,849.0,0.0,100,344.61,320.0,0,0.0,0.0,,0.0,1,0.58,16.7,SPY210319C00350000,350.0,normalDay
2020-10-23,4369.0,951.0,0.0,100,345.78,320.0,0,0.0,0.0,,0.0,1,0.58,16.85,SPY210319C00350000,350.0,normalDay
2020-10-26,4369.0,512.0,0.0,100,339.39,320.0,0,0.0,0.0,,0.0,1,0.58,14.85,SPY210319C00350000,350.0,normalDay
2020-10-27,4369.0,465.0,0.0,100,338.22,320.0,0,0.0,0.0,,0.0,1,0.58,14.15,SPY210319C00350000,350.0,normalDay
2020-10-28,4369.0,-350.0,0.0,100,326.66,320.0,0,0.0,0.0,,0.0,1,0.58,10.74,SPY210319C00350000,350.0,normalDay
2020-10-29,4369.0,-80.0,0.0,100,329.98,320.0,0,0.0,0.0,,0.0,1,0.58,11.36,SPY210319C00350000,350.0,normalDay
2020-10-30,4369.0,-300.0,0.0,100,326.54,320.0,0,0.0,0.0,,0.0,1,0.58,10.12,SPY210319C00350000,350.0,normalDay
2020-11-02,4369.0,29.0,0.0,100,330.2,320.0,0,0.0,0.0,,0.0,1,0.58,10.49,SPY210319C00350000,350.0,normalDay
2020-11-03,4369.0,449.0,0.0,100,336.03,320.0,0,0.0,0.0,,0.0,1,0.58,12.12,SPY210319C00350000,350.0,normalDay
2020-11-04,4369.0,905.0,0.0,100,343.54,320.0,0,0.0,0.0,,0.0,1,0.58,15.07,SPY210319C00350000,350.0,normalDay
2020-11-05,4369.0,1170.0,0.0,100,350.24,320.0,0,0.0,0.0,,0.0,1,0.58,19.12,SPY210319C00350000,350.0,normalDay
2020-11-06,4369.0,1251.0,0.0,100,350.16,320.0,0,0.0,0.0,,0.0,1,0.58,18.23,SPY210319C00350000,350.0,normalDay
2020-11-09,4369.0,1417.0,0.0,100,354.56,320.0,0,0.0,0.0,,0.0,1,0.58,20.97,SPY210319C00350000,350.0,normalDay
2020-11-10,4369.0,1467.0,0.0,100,354.04,320.0,0,0.0,0.0,,0.0,1,0.58,19.95,SPY210319C00350000,350.0,normalDay
2020-11-11,4369.0,1606.0,0.0,100,356.67,320.0,0,0.0,0.0,,0.0,1,0.58,21.19,SPY210319C00350000,350.0,normalDay
2020-11-12,4369.0,1432.0,0.0,100,353.21,320.0,0,0.0,0.0,,0.0,1,0.58,19.47,SPY210319C00350000,350.0,normalDay
2020-11-13,4369.0,1676.0,0.0,100,358.1,320.0,0,0.0,0.0,,0.0,1,0.58,21.92,SPY210319C00350000,350.0,normalDay
2020-11-16,4369.0,1842.0,0.0,100,362.57,320.0,0,0.0,0.0,,0.0,1,0.58,24.73,SPY210319C00350000,350.0,normalDay
2020-11-17,4369.0,1781.0,0.0,100,360.62,320.0,0,0.0,0.0,,0.0,1,0.58,23.39,SPY210319C00350000,350.0,normalDay
2020-11-18,4369.0,1617.0,0.0,100,356.28,320.0,0,0.0,0.0,,0.0,1,0.58,20.69,SPY210319C00350000,350.0,normalDay
2020-11-19,4369.0,1706.0,0.0,100,357.78,320.0,0,0.0,0.0,,0.0,1,0.58,21.3,SPY210319C00350000,350.0,normalDay
2020-11-20,4369.0,1639.0,0.0,100,355.33,320.0,0,0.0,0.0,,0.0,1,0.58,19.52,SPY210319C00350000,350.0,normalDay
2020-11-23,4369.0,1766.0,0.0,100,357.46,320.0,0,0.0,0.0,,0.0,1,0.58,20.38,SPY210319C00350000,350.0,normalDay
2020-11-24,4369.0,1951.0,0.0,100,363.22,320.0,0,0.0,0.0,,0.0,1,0.58,24.29,SPY210319C00350000,350.0,normalDay
2020-11-25,4369.0,1987.0,0.0,100,362.66,320.0,0,0.0,0.0,,0.0,1,0.58,23.37,SPY210319C00350000,350.0,normalDay
2020-11-27,4369.0,2007.0,0.0,100,363.67,320.0,0,0.0,0.0,,0.0,1,0.58,24.18,SPY210319C00350000,350.0,normalDay
2020-11-30,4369.0,1942.0,0.0,100,362.06,320.0,0,0.0,0.0,,0.0,1,0.58,23.22,SPY210319C00350000,350.0,normalDay
2020-12-01,4369.0,2087.0,0.0,100,366.02,320.0,0,0.0,0.0,,0.0,1,0.58,25.73,SPY210319C00350000,350.0,normalDay
2020-12-02,4369.0,2100.0,0.0,100,366.79,320.0,0,0.0,0.0,,0.0,1,0.58,26.37,SPY210319C00350000,350.0,normalDay
2020-12-03,4369.0,2125.0,0.0,100,366.69,320.0,0,0.0,0.0,,0.0,1,0.58,26.02,SPY210319C00350000,350.0,normalDay
2020-12-04,4369.0,2241.0,0.0,100,369.85,320.0,0,0.0,0.0,,0.0,1,0.58,28.02,SPY210319C00350000,350.0,normalDay
2020-12-07,4369.0,2216.0,0.0,100,369.09,320.0,0,0.0,0.0,,0.0,1,0.58,27.51,SPY210319C00350000,350.0,normalDay
2020-12-08,4369.0,2253.0,0.0,100,370.17,320.0,0,0.0,0.0,,0.0,1,0.58,28.22,SPY210319C00350000,350.0,normalDay
2020-12-09,4369.0,2144.0,0.0,100,366.85,320.0,0,0.0,0.0,,0.0,1,0.58,25.99,SPY210319C00350000,350.0,normalDay
2020-12-10,4369.0,2144.0,0.0,100,366.73,320.0,0,0.0,0.0,,0.0,1,0.58,25.87,SPY210319C00350000,350.0,normalDay
2020-12-11,4369.0,2093.0,0.0,100,366.3,320.0,0,0.0,0.0,,0.0,1,0.58,25.95,SPY210319C00350000,350.0,normalDay
2020-12-14,4369.0,1997.0,0.0,100,364.66,320.0,0,0.0,0.0,,0.0,1,0.58,25.27,SPY210319C00350000,350.0,normalDay
2020-12-15,4369.0,2222.0,0.0,100,369.59,320.0,0,0.0,0.0,,0.0,1,0.58,27.95,SPY210319C00350000,350.0,normalDay
2020-12-16,4369.0,2263.0,0.0,100,370.17,320.0,0,0.0,0.0,,0.0,1,0.58,28.12,SPY210319C00350000,350.0,normalDay
2020-12-17,4369.0,2318.0,0.0,100,372.24,320.0,0,0.0,0.0,,0.0,1,0.58,29.64,SPY210319C00350000,350.0,normalDay
2020-12-18,4369.0,2065.0,0.0,100,369.18,320.0,0,0.0,0.0,,0.0,1,0.58,29.11,SPY210319C00350000,350.0,normalDay
2020-12-21,4369.0,2056.0,0.0,100,367.86,320.0,0,0.0,0.0,,0.0,1,0.58,27.88,SPY210319C00350000,350.0,normalDay
2020-12-22,4369.0,2079.0,0.0,100,367.24,320.0,0,0.0,0.0,,0.0,1,0.58,27.03,SPY210319C00350000,350.0,normalDay
2020-12-23,4369.0,2152.0,0.0,100,367.57,320.0,0,0.0,0.0,,0.0,1,0.58,26.63,SPY210319C00350000,350.0,normalDay
2020-12-24,4369.0,2227.0,0.0,100,369.0,320.0,0,0.0,0.0,,0.0,1,0.58,27.31,SPY210319C00350000,350.0,normalDay
2020-12-28,4369.0,2294.0,0.0,100,372.17,320.0,0,0.0,0.0,,0.0,1,0.58,29.81,SPY210319C00350000,350.0,normalDay
2020-12-29,4369.0,2240.0,0.0,100,371.46,320.0,0,0.0,0.0,,0.0,1,0.58,29.64,SPY210319C00350000,350.0,normalDay
2020-12-30,4369.0,2304.0,0.0,100,371.99,320.0,0,0.0,0.0,,0.0,1,0.58,29.53,SPY210319C00350000,350.0,normalDay
2020-12-31,4369.0,2302.0,0.0,100,373.88,320.0,0,0.0,0.0,,0.0,1,0.58,31.44,SPY210319C00350000,350.0,normalDay
2021-01-04,4369.0,2146.0,0.0,100,368.79,320.0,0,0.0,0.0,,0.0,1,0.58,27.91,SPY210319C00350000,350.0,normalDay
2021-01-05,4369.0,2267.0,0.0,100,371.33,320.0,0,0.0,0.0,,0.0,1,0.58,29.24,SPY210319C00350000,350.0,normalDay
2021-01-06,4369.0,2293.0,0.0,100,373.55,320.0,0,0.0,0.0,,0.0,1,0.58,31.2,SPY210319C00350000,350.0,normalDay
2021-01-07,4369.0,2508.0,0.0,100,379.1,320.0,0,0.0,0.0,,0.0,1,0.58,34.6,SPY210319C00350000,350.0,normalDay
2021-01-08,4369.0,2509.0,0.0,100,381.26,320.0,0,0.0,0.0,,0.0,1,0.58,36.75,SPY210319C00350000,350.0,normalDay
2021-01-11,4369.0,2419.0,0.0,100,378.69,320.0,0,0.0,0.0,,0.0,1,0.58,35.08,SPY210319C00350000,350.0,normalDay
2021-01-12,4369.0,2491.0,0.0,100,378.77,320.0,0,0.0,0.0,,0.0,1,0.58,34.44,SPY210319C00350000,350.0,normalDay
2021-01-13,4369.0,2512.0,0.0,100,379.79,320.0,0,0.0,0.0,,0.0,1,0.58,35.25,SPY210319C00350000,350.0,normalDay
2021-01-14,4369.0,2478.0,0.0,100,378.46,320.0,0,0.0,0.0,,0.0,1,0.58,34.26,SPY210319C00350000,350.0,normalDay
2021-01-15,4369.0,2489.0,0.0,100,375.7,320.0,0,0.0,0.0,,0.0,1,0.58,31.39,SPY210319C00350000,350.0,normalDay
2021-01-19,4369.0,2533.0,0.0,100,378.65,320.0,0,0.0,0.0,,0.0,1,0.58,33.9,SPY210319C00350000,350.0,normalDay
2021-01-20,4369.0,2643.0,0.0,100,383.89,320.0,0,0.0,0.0,,0.0,1,0.58,38.04,SPY210319C00350000,350.0,normalDay
2021-01-21,4369.0,2665.0,0.0,100,384.24,320.0,0,0.0,0.0,,0.0,1,0.58,38.17,SPY210319C00350000,350.0,normalDay
2021-01-22,4369.0,2641.0,0.0,100,382.88,320.0,0,0.0,0.0,,0.0,1,0.58,37.05,SPY210319C00350000,350.0,normalDay
2021-01-25,4369.0,2652.0,0.0,100,384.39,320.0,0,0.0,0.0,,0.0,1,0.58,38.45,SPY210319C00350000,350.0,normalDay
2021-01-26,4369.0,2593.0,0.0,100,383.79,320.0,0,0.0,0.0,,0.0,1,0.58,38.44,SPY210319C00350000,350.0,normalDay
2021-01-27,4369.0,2302.0,0.0,100,374.41,320.0,0,0.0,0.0,,0.0,1,0.58,31.97,SPY210319C00350000,350.0,normalDay
2021-01-28,4369.0,2389.0,0.0,100,377.63,320.0,0,0.0,0.0,,0.0,1,0.58,34.32,SPY210319C00350000,350.0,normalDay
2021-01-29,4369.0,2207.0,0.0,100,370.07,320.0,0,0.0,0.0,,0.0,1,0.58,28.58,SPY210319C00350000,350.0,normalDay
2021-02-01,4369.0,2475.0,0.0,100,376.23,320.0,0,0.0,0.0,,0.0,1,0.58,32.06,SPY210319C00350000,350.0,normalDay
2021-02-02,4369.0,2566.0,0.0,100,381.55,320.0,0,0.0,0.0,,0.0,1,0.58,36.47,SPY210319C00350000,350.0,normalDay
2021-02-03,4369.0,2645.0,0.0,100,381.85,320.0,0,0.0,0.0,,0.0,1,0.58,35.98,SPY210319C00350000,350.0,normalDay
2021-02-04,4369.0,2783.0,0.0,100,386.19,320.0,0,0.0,0.0,,0.0,1,0.58,38.94,SPY210319C00350000,350.0,normalDay
2021-02-05,4369.0,2803.0,0.0,100,387.71,320.0,0,0.0,0.0,,0.0,1,0.58,40.26,SPY210319C00350000,350.0,normalDay
2021-02-08,4369.0,2854.0,0.0,100,390.51,320.0,0,0.0,0.0,,0.0,1,0.58,42.55,SPY210319C00350000,350.0,normalDay
2021-02-09,4369.0,2818.0,0.0,100,390.25,320.0,0,0.0,0.0,,0.0,1,0.58,42.65,SPY210319C00350000,350.0,normalDay
2021-02-10,4369.0,2835.0,0.0,100,390.08,320.0,0,0.0,0.0,,0.0,1,0.58,42.31,SPY210319C00350000,350.0,normalDay
2021-02-11,4369.0,2897.0,0.0,100,390.71,320.0,0,0.0,0.0,,0.0,1,0.58,42.32,SPY210319C00350000,350.0,normalDay
2021-02-12,4369.0,2884.0,0.0,100,392.64,320.0,0,0.0,0.0,,0.0,1,0.58,44.38,SPY210319C00350000,350.0,normalDay
2021-02-16,4369.0,2917.0,0.0,100,392.3,320.0,0,0.0,0.0,,0.0,1,0.58,43.71,SPY210319C00350000,350.0,normalDay
2021-02-17,4369.0,2932.0,0.0,100,392.39,320.0,0,0.0,0.0,,0.0,1,0.58,43.65,SPY210319C00350000,350.0,normalDay
2021-02-18,4369.0,2910.0,0.0,100,390.72,320.0,0,0.0,0.0,,0.0,1,0.58,42.2,SPY210319C00350000,350.0,normalDay
2021-02-19,4369.0,2936.0,0.0,100,390.03,320.0,0,0.0,0.0,,0.0,1,0.58,41.25,SPY210319C00350000,350.0,normalDay
2021-02-22,4369.0,2894.0,0.0,100,387.03,320.0,0,0.0,0.0,,0.0,1,0.58,38.67,SPY210319C00350000,350.0,normalDay
2021-02-23,4369.0,2931.0,0.0,100,387.5,320.0,0,0.0,0.0,,0.0,1,0.58,38.77,SPY210319C00350000,350.0,normalDay
2021-02-24,4369.0,2953.0,0.0,100,391.77,320.0,0,0.0,0.0,,0.0,1,0.58,42.82,SPY210319C00350000,350.0,normalDay
2021-02-25,4369.0,2722.0,0.0,100,382.33,320.0,0,0.0,0.0,,0.0,1,0.58,35.69,SPY210319C00350000,350.0,normalDay
2021-02-26,4369.0,2786.0,0.0,100,380.36,320.0,0,0.0,0.0,,0.0,1,0.58,33.08,SPY210319C00350000,350.0,normalDay
2021-03-01,4369.0,2977.0,0.0,100,389.58,320.0,0,0.0,0.0,,0.0,1,0.58,40.39,SPY210319C00350000,350.0,normalDay
2021-03-02,4369.0,2959.0,0.0,100,386.54,320.0,0,0.0,0.0,,0.0,1,0.58,37.53,SPY210319C00350000,350.0,normalDay
2021-03-03,4369.0,2915.0,0.0,100,381.42,320.0,0,0.0,0.0,,0.0,1,0.58,32.85,SPY210319C00350000,350.0,normalDay
2021-03-04,4369.0,2839.0,0.0,100,376.7,320.0,0,0.0,0.0,,0.0,1,0.58,28.89,SPY210319C00350000,350.0,normalDay
2021-03-05,4369.0,2969.0,0.0,100,383.63,320.0,0,0.0,0.0,,0.0,1,0.58,34.52,SPY210319C00350000,350.0,normalDay
2021-03-08,4369.0,2938.0,0.0,100,381.72,320.0,0,0.0,0.0,,0.0,1,0.58,32.92,SPY210319C00350000,350.0,normalDay
2021-03-09,4369.0,3016.0,0.0,100,387.17,320.0,0,0.0,0.0,,0.0,1,0.58,37.59,SPY210319C00350000,350.0,normalDay
2021-03-10,4369.0,2983.0,0.0,100,389.58,320.0,0,0.0,0.0,,0.0,1,0.58,40.33,SPY210319C00350000,350.0,normalDay
2021-03-11,4369.0,3062.0,0.0,100,393.53,320.0,0,0.0,0.0,,0.0,1,0.58,43.49,SPY210319C00350000,350.0,normalDay
2021-03-12,4369.0,3022.0,0.0,100,394.06,320.0,0,0.0,0.0,,0.0,1,0.58,44.42,SPY210319C00350000,350.0,normalDay
2021-03-15,4369.0,3016.0,0.0,100,396.41,320.0,0,0.0,0.0,,0.0,1,0.58,46.83,SPY210319C00350000,350.0,normalDay
2021-03-16,4369.0,3026.0,0.0,100,395.91,320.0,0,0.0,0.0,,0.0,1,0.58,46.23,SPY210319C00350000,350.0,normalDay
2021-03-17,4369.0,3064.0,0.0,100,397.26,320.0,0,0.0,0.0,,0.0,1,0.58,47.2,SPY210319C00350000,350.0,normalDay
2021-03-18,4369.0,2960.0,0.0,100,391.48,320.0,0,0.0,0.0,,0.0,1,0.58,42.46,SPY210319C00350000,350.0,normalDay
2021-03-19,7427.0,2960.0,3058.0,0,389.48,0.0,0,0.0,0.0,,0.0,1,0.58,0.0,SPY210319C00350000,350.0,expirationDay
2021-03-22,7427.0,-7.0,0.0,0,392.59,0.0,1,3.44,3.51,SPY210430P00375000,375.0,0,0.0,0.0,,0.0,normalDay
2021-03-23,7427.0,-89.0,0.0,0,389.5,0.0,1,3.44,4.33,SPY210430P00375000,375.0,0,0.0,0.0,,0.0,normalDay
2021-03-24,7427.0,-140.0,0.0,0,387.52,0.0,1,3.44,4.84,SPY210430P00375000,375.0,0,0.0,0.0,,0.0,normalDay
2021-03-25,7427.0,-48.0,0.0,0,389.7,0.0,1,3.44,3.92,SPY210430P00375000,375.0,0,0.0,0.0,,0.0,normalDay
2021-03-26,7427.0,71.0,0.0,0,395.98,0.0,1,3.44,2.73,SPY210430P00375000,375.0,0,0.0,0.0,,0.0,normalDay
2021-03-29,7427.0,49.0,0.0,0,395.78,0.0,1,3.44,2.95,SPY210430P00375000,375.0,0,0.0,0.0,,0.0,normalDay
2021-03-30,7427.0,68.0,0.0,0,394.73,0.0,1,3.44,2.76,SPY210430P00375000,375.0,0,0.0,0.0,,0.0,normalDay
2021-03-31,7427.0,109.0,0.0,0,396.33,0.0,1,3.44,2.35,SPY210430P00375000,375.0,0,0.0,0.0,,0.0,normalDay
2021-04-01,7427.0,193.0,0.0,0,400.61,0.0,1,3.44,1.51,SPY210430P00375000,375.0,0,0.0,0.0,,0.0,normalDay
2021-04-05,7427.0,242.0,0.0,0,406.36,0.0,1,3.44,1.02,SPY210430P00375000,375.0,0,0.0,0.0,,0.0,normalDay
2021-04-06,7427.0,243.0,0.0,0,406.12,0.0,1,3.44,1.01,SPY210430P00375000,375.0,0,0.0,0.0,,0.0,normalDay
2021-04-07,7427.0,264.0,0.0,0,406.59,0.0,1,3.44,0.8,SPY210430P00375000,375.0,0,0.0,0.0,,0.0,normalDay
2021-04-08,7427.0,278.0,0.0,0,408.52,0.0,1,3.44,0.66,SPY210430P00375000,375.0,0,0.0,0.0,,0.0,normalDay
2021-04-09,7427.0,294.0,0.0,0,411.49,0.0,1,3.44,0.5,SPY210430P00375000,375.0,0,0.0,0.0,,0.0,normalDay
2021-04-12,7427.0,308.0,0.0,0,411.64,0.0,1,3.44,0.36,SPY210430P00375000,375.0,0,0.0,0.0,,0.0,normalDay
2021-04-13,7427.0,316.0,0.0,0,412.86,0.0,1,3.44,0.28,SPY210430P00375000,375.0,0,0.0,0.0,,0.0,normalDay
2021-04-14,7427.0,313.0,0.0,0,411.45,0.0,1,3.44,0.31,SPY210430P00375000,375.0,0,0.0,0.0,,0.0,normalDay
2021-04-15,7427.0,320.0,0.0,0,415.87,0.0,1,3.44,0.24,SPY210430P00375000,375.0,0,0.0,0.0,,0.0,normalDay
2021-04-16,7427.0,328.0,0.0,0,417.26,0.0,1,3.44,0.16,SPY210430P00375000,375.0,0,0.0,0.0,,0.0,normalDay
2021-04-19,7427.0,330.0,0.0,0,415.21,0.0,1,3.44,0.14,SPY210430P00375000,375.0,0,0.0,0.0,,0.0,normalDay
2021-04-20,7427.0,325.0,0.0,0,412.17,0.0,1,3.44,0.19,SPY210430P00375000,375.0,0,0.0,0.0,,0.0,normalDay
2021-04-21,7427.0,337.0,0.0,0,416.07,0.0,1,3.44,0.07,SPY210430P00375000,375.0,0,0.0,0.0,,0.0,normalDay
2021-04-22,7427.0,333.0,0.0,0,412.27,0.0,1,3.44,0.11,SPY210430P00375000,375.0,0,0.0,0.0,,0.0,normalDay
2021-04-23,7427.0,339.0,0.0,0,416.74,0.0,1,3.44,0.05,SPY210430P00375000,375.0,0,0.0,0.0,,0.0,normalDay
2021-04-26,7427.0,341.0,0.0,0,417.61,0.0,1,3.44,0.03,SPY210430P00375000,375.0,0,0.0,0.0,,0.0,normalDay
2021-04-27,7427.0,342.0,0.0,0,417.52,0.0,1,3.44,0.02,SPY210430P00375000,375.0,0,0.0,0.0,,0.0,normalDay
2021-04-28,7427.0,343.0,0.0,0,417.4,0.0,1,3.44,0.01,SPY210430P00375000,375.0,0,0.0,0.0,,0.0,normalDay
2021-04-29,7427.0,343.0,0.0,0,420.06,0.0,1,3.44,0.01,SPY210430P00375000,375.0,0,0.0,0.0,,0.0,normalDay
2021-04-30,7771.0,0.0,344.0,0,417.3,0.0,1,3.44,0.0,SPY210430P00375000,375.0,0,0.0,0.0,,0.0,expirationDay
2021-05-03,7771.0,-3.0,0.0,0,418.2,0.0,1,5.53,5.56,SPY210618P00405000,405.0,0,0.0,0.0,,0.0,normalDay
2021-05-04,7771.0,-109.0,0.0,0,415.62,0.0,1,5.53,6.62,SPY210618P00405000,405.0,0,0.0,0.0,,0.0,normalDay
2021-05-05,7771.0,-83.0,0.0,0,415.75,0.0,1,5.53,6.36,SPY210618P00405000,405.0,0,0.0,0.0,,0.0,normalDay
2021-05-06,7771.0,46.0,0.0,0,419.07,0.0,1,5.53,5.07,SPY210618P00405000,405.0,0,0.0,0.0,,0.0,normalDay
2021-05-07,7771.0,159.0,0.0,0,422.12,0.0,1,5.53,3.94,SPY210618P00405000,405.0,0,0.0,0.0,,0.0,normalDay
2021-05-10,7771.0,15.0,0.0,0,417.94,0.0,1,5.53,5.38,SPY210618P00405000,405.0,0,0.0,0.0,,0.0,normalDay
2021-05-11,7771.0,-134.0,0.0,0,414.21,0.0,1,5.53,6.87,SPY210618P00405000,405.0,0,0.0,0.0,,0.0,normalDay
2021-05-12,7771.0,-601.0,0.0,0,405.41,0.0,1,5.53,11.54,SPY210618P00405000,405.0,0,0.0,0.0,,0.0,normalDay
2021-05-13,7771.0,-291.0,0.0,0,410.28,0.0,1,5.53,8.44,SPY210618P00405000,405.0,0,0.0,0.0,,0.0,normalDay
2021-05-14,7771.0,68.0,0.0,0,416.58,0.0,1,5.53,4.85,SPY210618P00405000,405.0,0,0.0,0.0,,0.0,normalDay
2021-05-17,7771.0,37.0,0.0,0,415.52,0.0,1,5.53,5.16,SPY210618P00405000,405.0,0,0.0,0.0,,0.0,normalDay
2021-05-18,7771.0,-98.0,0.0,0,411.94,0.0,1,5.53,6.51,SPY210618P00405000,405.0,0,0.0,0.0,,0.0,normalDay
2021-05-19,7771.0,-130.0,0.0,0,410.86,0.0,1,5.53,6.83,SPY210618P00405000,405.0,0,0.0,0.0,,0.0,normalDay
2021-05-20,7771.0,47.0,0.0,0,415.28,0.0,1,5.53,5.06,SPY210618P00405000,405.0,0,0.0,0.0,,0.0,normalDay
2021-05-21,7771.0,82.0,0.0,0,414.94,0.0,1,5.53,4.71,SPY210618P00405000,405.0,0,0.0,0.0,,0.0,normalDay
2021-05-24,7771.0,252.0,0.0,0,419.17,0.0,1,5.53,3.01,SPY210618P00405000,405.0,0,0.0,0.0,,0.0,normalDay
2021-05-25,7771.0,235.0,0.0,0,418.24,0.0,1,5.53,3.18,SPY210618P00405000,405.0,0,0.0,0.0,,0.0,normalDay
2021-05-26,7771.0,299.0,0.0,0,419.07,0.0,1,5.53,2.54,SPY210618P00405000,405.0,0,0.0,0.0,,0.0,normalDay
2021-05-27,7771.0,341.0,0.0,0,419.29,0.0,1,5.53,2.12,SPY210618P00405000,405.0,0,0.0,0.0,,0.0,normalDay
2021-05-28,7771.0,361.0,0.0,0,420.04,0.0,1,5.53,1.92,SPY210618P00405000,405.0,0,0.0,0.0,,0.0,normalDay
2021-06-01,7771.0,363.0,0.0,0,419.67,0.0,1,5.53,1.9,SPY210618P00405000,405.0,0,0.0,0.0,,0.0,normalDay
2021-06-02,7771.0,401.0,0.0,0,420.33,0.0,1,5.53,1.52,SPY210618P00405000,405.0,0,0.0,0.0,,0.0,normalDay
2021-06-03,7771.0,380.0,0.0,0,418.77,0.0,1,5.53,1.73,SPY210618P00405000,405.0,0,0.0,0.0,,0.0,normalDay
2021-06-04,7771.0,459.0,0.0,0,422.6,0.0,1,5.53,0.94,SPY210618P00405000,405.0,0,0.0,0.0,,0.0,normalDay
2021-06-07,7771.0,486.0,0.0,0,422.19,0.0,1,5.53,0.67,SPY210618P00405000,405.0,0,0.0,0.0,,0.0,normalDay
2021-06-08,7771.0,476.0,0.0,0,422.28,0.0,1,5.53,0.77,SPY210618P00405000,405.0,0,0.0,0.0,,0.0,normalDay
2021-06-09,7771.0,464.0,0.0,0,421.65,0.0,1,5.53,0.89,SPY210618P00405000,405.0,0,0.0,0.0,,0.0,normalDay
2021-06-10,7771.0,512.0,0.0,0,423.61,0.0,1,5.53,0.41,SPY210618P00405000,405.0,0,0.0,0.0,,0.0,normalDay
2021-06-11,7771.0,522.0,0.0,0,424.31,0.0,1,5.53,0.31,SPY210618P00405000,405.0,0,0.0,0.0,,0.0,normalDay
2021-06-14,7771.0,534.0,0.0,0,425.26,0.0,1,5.53,0.19,SPY210618P00405000,405.0,0,0.0,0.0,,0.0,normalDay
2021-06-15,7771.0,530.0,0.0,0,424.48,0.0,1,5.53,0.23,SPY210618P00405000,405.0,0,0.0,0.0,,0.0,normalDay
2021-06-16,7771.0,523.0,0.0,0,422.11,0.0,1,5.53,0.3,SPY210618P00405000,405.0,0,0.0,0.0,,0.0,normalDay
2021-06-17,7771.0,541.0,0.0,0,421.97,0.0,1,5.53,0.12,SPY210618P00405000,405.0,0,0.0,0.0,,0.0,normalDay
2021-06-18,8324.0,0.0,553.0,0,414.92,0.0,1,5.53,0.0,SPY210618P00405000,405.0,0,0.0,0.0,,0.0,expirationDay
2021-06-21,8324.0,-5.0,0.0,0,420.86,0.0,1,5.93,5.98,SPY210730P00416000,416.0,0,0.0,0.0,,0.0,normalDay
2021-06-22,8324.0,91.0,0.0,0,423.11,0.0,1,5.93,5.02,SPY210730P00416000,416.0,0,0.0,0.0,,0.0,normalDay
2021-06-23,8324.0,108.0,0.0,0,422.6,0.0,1,5.93,4.85,SPY210730P00416000,416.0,0,0.0,0.0,,0.0,normalDay
2021-06-24,8324.0,184.0,0.0,0,425.1,0.0,1,5.93,4.09,SPY210730P00416000,416.0,0,0.0,0.0,,0.0,normalDay
2021-06-25,8324.0,249.0,0.0,0,426.61,0.0,1,5.93,3.44,SPY210730P00416000,416.0,0,0.0,0.0,,0.0,normalDay
2021-06-28,8324.0,280.0,0.0,0,427.47,0.0,1,5.93,3.13,SPY210730P00416000,416.0,0,0.0,0.0,,0.0,normalDay
2021-06-29,8324.0,293.0,0.0,0,427.7,0.0,1,5.93,3.0,SPY210730P00416000,416.0,0,0.0,0.0,,0.0,normalDay
2021-06-30,8324.0,319.0,0.0,0,428.06,0.0,1,5.93,2.74,SPY210730P00416000,416.0,0,0.0,0.0,,0.0,normalDay
2021-07-01,8324.0,355.0,0.0,0,430.43,0.0,1,5.93,2.38,SPY210730P00416000,416.0,0,0.0,0.0,,0.0,normalDay
2021-07-02,8324.0,408.0,0.0,0,433.72,0.0,1,5.93,1.85,SPY210730P00416000,416.0,0,0.0,0.0,,0.0,normalDay
2021-07-06,8324.0,397.0,0.0,0,432.93,0.0,1,5.93,1.96,SPY210730P00416000,416.0,0,0.0,0.0,,0.0,normalDay
2021-07-07,8324.0,426.0,0.0,0,434.46,0.0,1,5.93,1.67,SPY210730P00416000,416.0,0,0.0,0.0,,0.0,normalDay
2021-07-08,8324.0,321.0,0.0,0,430.92,0.0,1,5.93,2.72,SPY210730P00416000,416.0,0,0.0,0.0,,0.0,normalDay
2021-07-09,8324.0,450.0,0.0,0,435.52,0.0,1,5.93,1.43,SPY210730P00416000,416.0,0,0.0,0.0,,0.0,normalDay
2021-07-12,8324.0,485.0,0.0,0,437.08,0.0,1,5.93,1.08,SPY210730P00416000,416.0,0,0.0,0.0,,0.0,normalDay
2021-07-13,8324.0,460.0,0.0,0,435.59,0.0,1,5.93,1.33,SPY210730P00416000,416.0,0,0.0,0.0,,0.0,normalDay
2021-07-14,8324.0,498.0,0.0,0,436.24,0.0,1,5.93,0.95,SPY210730P00416000,416.0,0,0.0,0.0,,0.0,normalDay
2021-07-15,8324.0,481.0,0.0,0,434.75,0.0,1,5.93,1.12,SPY210730P00416000,416.0,0,0.0,0.0,,0.0,normalDay
2021-07-16,8324.0,435.0,0.0,0,431.34,0.0,1,5.93,1.58,SPY210730P00416000,416.0,0,0.0,0.0,,0.0,normalDay
2021-07-19,8324.0,292.0,0.0,0,424.97,0.0,1,5.93,3.01,SPY210730P00416000,416.0,0,0.0,0.0,,0.0,normalDay
2021-07-20,8324.0,459.0,0.0,0,431.06,0.0,1,5.93,1.34,SPY210730P00416000,416.0,0,0.0,0.0,,0.0,normalDay
2021-07-21,8324.0,542.0,0.0,0,434.55,0.0,1,5.93,0.51,SPY210730P00416000,416.0,0,0.0,0.0,,0.0,normalDay
2021-07-22,8324.0,558.0,0.0,0,435.46,0.0,1,5.93,0.35,SPY210730P00416000,416.0,0,0.0,0.0,,0.0,normalDay
2021-07-23,8324.0,581.0,0.0,0,439.94,0.0,1,5.93,0.12,SPY210730P00416000,416.0,0,0.0,0.0,,0.0,normalDay
2021-07-26,8324.0,588.0,0.0,0,441.02,0.0,1,5.93,0.05,SPY210730P00416000,416.0,0,0.0,0.0,,0.0,normalDay
2021-07-27,8324.0,582.0,0.0,0,439.01,0.0,1,5.93,0.11,SPY210730P00416000,416.0,0,0.0,0.0,,0.0,normalDay
2021-07-28,8324.0,589.0,0.0,0,438.83,0.0,1,5.93,0.04,SPY210730P00416000,416.0,0,0.0,0.0,,0.0,normalDay
2021-07-29,8324.0,591.0,0.0,0,440.65,0.0,1,5.93,0.02,SPY210730P00416000,416.0,0,0.0,0.0,,0.0,normalDay
2021-07-30,8917.0,0.0,593.0,0,438.51,0.0,1,5.93,0.0,SPY210730P00416000,416.0,0,0.0,0.0,,0.0,expirationDay
2021-08-02,8917.0,-4.0,0.0,0,437.59,0.0,1,6.72,6.76,SPY210917P00427000,427.0,0,0.0,0.0,,0.0,normalDay
2021-08-03,8917.0,132.0,0.0,0,441.15,0.0,1,6.72,5.4,SPY210917P00427000,427.0,0,0.0,0.0,,0.0,normalDay
2021-08-04,8917.0,102.0,0.0,0,438.98,0.0,1,6.72,5.7,SPY210917P00427000,427.0,0,0.0,0.0,,0.0,normalDay
2021-08-05,8917.0,187.0,0.0,0,441.76,0.0,1,6.72,4.85,SPY210917P00427000,427.0,0,0.0,0.0,,0.0,normalDay
2021-08-06,8917.0,246.0,0.0,0,442.49,0.0,1,6.72,4.26,SPY210917P00427000,427.0,0,0.0,0.0,,0.0,normalDay
2021-08-09,8917.0,259.0,0.0,0,442.13,0.0,1,6.72,4.13,SPY210917P00427000,427.0,0,0.0,0.0,,0.0,normalDay
2021-08-10,8917.0,267.0,0.0,0,442.68,0.0,1,6.72,4.05,SPY210917P00427000,427.0,0,0.0,0.0,,0.0,normalDay
2021-08-11,8917.0,316.0,0.0,0,443.78,0.0,1,6.72,3.56,SPY210917P00427000,427.0,0,0.0,0.0,,0.0,normalDay
2021-08-12,8917.0,360.0,0.0,0,445.11,0.0,1,6.72,3.12,SPY210917P00427000,427.0,0,0.0,0.0,,0.0,normalDay
2021-08-13,8917.0,390.0,0.0,0,445.92,0.0,1,6.72,2.82,SPY210917P00427000,427.0,0,0.0,0.0,,0.0,normalDay
2021-08-16,8917.0,409.0,0.0,0,446.97,0.0,1,6.72,2.63,SPY210917P00427000,427.0,0,0.0,0.0,,0.0,normalDay
2021-08-17,8917.0,319.0,0.0,0,444.04,0.0,1,6.72,3.53,SPY210917P00427000,427.0,0,0.0,0.0,,0.0,normalDay
2021-08-18,8917.0,140.0,0.0,0,439.18,0.0,1,6.72,5.32,SPY210917P00427000,427.0,0,0.0,0.0,,0.0,normalDay
2021-08-19,8917.0,168.0,0.0,0,439.86,0.0,1,6.72,5.04,SPY210917P00427000,427.0,0,0.0,0.0,,0.0,normalDay
2021-08-20,8917.0,337.0,0.0,0,443.36,0.0,1,6.72,3.35,SPY210917P00427000,427.0,0,0.0,0.0,,0.0,normalDay
2021-08-23,8917.0,467.0,0.0,0,447.26,0.0,1,6.72,2.05,SPY210917P00427000,427.0,0,0.0,0.0,,0.0,normalDay
2021-08-24,8917.0,480.0,0.0,0,447.97,0.0,1,6.72,1.92,SPY210917P00427000,427.0,0,0.0,0.0,,0.0,normalDay
2021-08-25,8917.0,508.0,0.0,0,448.91,0.0,1,6.72,1.64,SPY210917P00427000,427.0,0,0.0,0.0,,0.0,normalDay
2021-08-26,8917.0,446.0,0.0,0,446.26,0.0,1,6.72,2.26,SPY210917P00427000,427.0,0,0.0,0.0,,0.0,normalDay
2021-08-27,8917.0,545.0,0.0,0,450.25,0.0,1,6.72,1.27,SPY210917P00427000,427.0,0,0.0,0.0,,0.0,normalDay
2021-08-30,8917.0,582.0,0.0,0,452.23,0.0,1,6.72,0.9,SPY210917P00427000,427.0,0,0.0,0.0,,0.0,normalDay
2021-08-31,8917.0,577.0,0.0,0,451.56,0.0,1,6.72,0.95,SPY210917P00427000,427.0,0,0.0,0.0,,0.0,normalDay
2021-09-01,8917.0,593.0,0.0,0,451.8,0.0,1,6.72,0.79,SPY210917P00427000,427.0,0,0.0,0.0,,0.0,normalDay
2021-09-02,8917.0,595.0,0.0,0,453.19,0.0,1,6.72,0.77,SPY210917P00427000,427.0,0,0.0,0.0,,0.0,normalDay
2021-09-03,8917.0,609.0,0.0,0,453.08,0.0,1,6.72,0.63,SPY210917P00427000,427.0,0,0.0,0.0,,0.0,normalDay
2021-09-07,8917.0,611.0,0.0,0,451.46,0.0,1,6.72,0.61,SPY210917P00427000,427.0,0,0.0,0.0,,0.0,normalDay
2021-09-08,8917.0,620.0,0.0,0,450.91,0.0,1,6.72,0.52,SPY210917P00427000,427.0,0,0.0,0.0,,0.0,normalDay
2021-09-09,8917.0,610.0,0.0,0,448.98,0.0,1,6.72,0.62,SPY210917P00427000,427.0,0,0.0,0.0,,0.0,normalDay
2021-09-10,8917.0,557.0,0.0,0,445.44,0.0,1,6.72,1.15,SPY210917P00427000,427.0,0,0.0,0.0,,0.0,normalDay
2021-09-13,8917.0,621.0,0.0,0,446.58,0.0,1,6.72,0.51,SPY210917P00427000,427.0,0,0.0,0.0,,0.0,normalDay
2021-09-14,8917.0,634.0,0.0,0,444.17,0.0,1,6.72,0.38,SPY210917P00427000,427.0,0,0.0,0.0,,0.0,normalDay
2021-09-15,8917.0,660.0,0.0,0,447.88,0.0,1,6.72,0.12,SPY210917P00427000,427.0,0,0.0,0.0,,0.0,normalDay
2021-09-16,8917.0,665.0,0.0,0,447.17,0.0,1,6.72,0.07,SPY210917P00427000,427.0,0,0.0,0.0,,0.0,normalDay
2021-09-17,9589.0,0.0,672.0,0,441.4,0.0,1,6.72,0.0,SPY210917P00427000,427.0,0,0.0,0.0,,0.0,expirationDay
2021-09-20,9589.0,-7.0,0.0,0,434.04,0.0,1,12.6,12.67,SPY211029P00438000,438.0,0,0.0,0.0,,0.0,normalDay
2021-09-21,9589.0,7.0,0.0,0,433.63,0.0,1,12.6,12.53,SPY211029P00438000,438.0,0,0.0,0.0,,0.0,normalDay
2021-09-22,9589.0,332.0,0.0,0,437.86,0.0,1,12.6,9.28,SPY211029P00438000,438.0,0,0.0,0.0,,0.0,normalDay
2021-09-23,9589.0,605.0,0.0,0,443.18,0.0,1,12.6,6.55,SPY211029P00438000,438.0,0,0.0,0.0,,0.0,normalDay
2021-09-24,9589.0,672.0,0.0,0,443.91,0.0,1,12.6,5.88,SPY211029P00438000,438.0,0,0.0,0.0,,0.0,normalDay
2021-09-27,9589.0,634.0,0.0,0,442.64,0.0,1,12.6,6.26,SPY211029P00438000,438.0,0,0.0,0.0,,0.0,normalDay
2021-09-28,9589.0,151.0,0.0,0,433.72,0.0,1,12.6,11.09,SPY211029P00438000,438.0,0,0.0,0.0,,0.0,normalDay
2021-09-29,9589.0,229.0,0.0,0,434.45,0.0,1,12.6,10.31,SPY211029P00438000,438.0,0,0.0,0.0,,0.0,normalDay
2021-09-30,9589.0,-67.0,0.0,0,429.14,0.0,1,12.6,13.27,SPY211029P00438000,438.0,0,0.0,0.0,,0.0,normalDay
2021-10-01,9589.0,283.0,0.0,0,434.24,0.0,1,12.6,9.77,SPY211029P00438000,438.0,0,0.0,0.0,,0.0,normalDay
2021-10-04,9589.0,-44.0,0.0,0,428.64,0.0,1,12.6,13.04,SPY211029P00438000,438.0,0,0.0,0.0,,0.0,normalDay
2021-10-05,9589.0,263.0,0.0,0,433.1,0.0,1,12.6,9.97,SPY211029P00438000,438.0,0,0.0,0.0,,0.0,normalDay
2021-10-06,9589.0,357.0,0.0,0,434.9,0.0,1,12.6,9.03,SPY211029P00438000,438.0,0,0.0,0.0,,0.0,normalDay
2021-10-07,9589.0,611.0,0.0,0,438.66,0.0,1,12.6,6.49,SPY211029P00438000,438.0,0,0.0,0.0,,0.0,normalDay
2021-10-08,9589.0,596.0,0.0,0,437.86,0.0,1,12.6,6.64,SPY211029P00438000,438.0,0,0.0,0.0,,0.0,normalDay
2021-10-11,9589.0,454.0,0.0,0,434.69,0.0,1,12.6,8.06,SPY211029P00438000,438.0,0,0.0,0.0,,0.0,normalDay
2021-10-12,9589.0,397.0,0.0,0,433.62,0.0,1,12.6,8.63,SPY211029P00438000,438.0,0,0.0,0.0,,0.0,normalDay
2021-10-13,9589.0,593.0,0.0,0,435.18,0.0,1,12.6,6.67,SPY211029P00438000,438.0,0,0.0,0.0,,0.0,normalDay
2021-10-14,9589.0,955.0,0.0,0,442.5,0.0,1,12.6,3.05,SPY211029P00438000,438.0,0,0.0,0.0,,0.0,normalDay
2021-10-15,9589.0,1064.0,0.0,0,445.87,0.0,1,12.6,1.96,SPY211029P00438000,438.0,0,0.0,0.0,,0.0,normalDay
2021-10-18,9589.0,1119.0,0.0,0,447.19,0.0,1,12.6,1.41,SPY211029P00438000,438.0,0,0.0,0.0,,0.0,normalDay
2021-10-19,9589.0,1179.0,0.0,0,450.64,0.0,1,12.6,0.81,SPY211029P00438000,438.0,0,0.0,0.0,,0.0,normalDay
2021-10-20,9589.0,1204.0,0.0,0,452.41,0.0,1,12.6,0.56,SPY211029P00438000,438.0,0,0.0,0.0,,0.0,normalDay
2021-10-21,9589.0,1226.0,0.0,0,453.59,0.0,1,12.6,0.34,SPY211029P00438000,438.0,0,0.0,0.0,,0.0,normalDay
2021-10-22,9589.0,1234.0,0.0,0,453.12,0.0,1,12.6,0.26,SPY211029P00438000,438.0,0,0.0,0.0,,0.0,normalDay
2021-10-25,9589.0,1250.0,0.0,0,455.55,0.0,1,12.6,0.1,SPY211029P00438000,438.0,0,0.0,0.0,,0.0,normalDay
2021-10-26,9589.0,1251.0,0.0,0,455.96,0.0,1,12.6,0.09,SPY211029P00438000,438.0,0,0.0,0.0,,0.0,normalDay
2021-10-27,9589.0,1254.0,0.0,0,453.94,0.0,1,12.6,0.06,SPY211029P00438000,438.0,0,0.0,0.0,,0.0,normalDay
2021-10-28,9589.0,1258.0,0.0,0,458.32,0.0,1,12.6,0.02,SPY211029P00438000,438.0,0,0.0,0.0,,0.0,normalDay
2021-10-29,10849.0,0.0,1260.0,0,459.25,0.0,1,12.6,0.0,SPY211029P00438000,438.0,0,0.0,0.0,,0.0,expirationDay
2021-11-01,10849.0,-4.0,0.0,0,460.04,0.0,1,2.86,2.9,SPY211217P00426000,426.0,0,0.0,0.0,,0.0,normalDay
2021-11-02,10849.0,27.0,0.0,0,461.9,0.0,1,2.86,2.59,SPY211217P00426000,426.0,0,0.0,0.0,,0.0,normalDay
2021-11-03,10849.0,79.0,0.0,0,464.72,0.0,1,2.86,2.07,SPY211217P00426000,426.0,0,0.0,0.0,,0.0,normalDay
2021-11-04,10849.0,95.0,0.0,0,466.91,0.0,1,2.86,1.91,SPY211217P00426000,426.0,0,0.0,0.0,,0.0,normalDay
2021-11-05,10849.0,89.0,0.0,0,468.53,0.0,1,2.86,1.97,SPY211217P00426000,426.0,0,0.0,0.0,,0.0,normalDay
2021-11-08,10849.0,90.0,0.0,0,468.93,0.0,1,2.86,1.96,SPY211217P00426000,426.0,0,0.0,0.0,,0.0,normalDay
2021-11-09,10849.0,79.0,0.0,0,467.38,0.0,1,2.86,2.07,SPY211217P00426000,426.0,0,0.0,0.0,,0.0,normalDay
2021-11-10,10849.0,41.0,0.0,0,463.62,0.0,1,2.86,2.45,SPY211217P00426000,426.0,0,0.0,0.0,,0.0,normalDay
2021-11-11,10849.0,84.0,0.0,0,463.77,0.0,1,2.86,2.02,SPY211217P00426000,426.0,0,0.0,0.0,,0.0,normalDay
2021-11-12,10849.0,136.0,0.0,0,467.27,0.0,1,2.86,1.5,SPY211217P00426000,426.0,0,0.0,0.0,,0.0,normalDay
2021-11-15,10849.0,151.0,0.0,0,467.43,0.0,1,2.86,1.35,SPY211217P00426000,426.0,0,0.0,0.0,,0.0,normalDay
2021-11-16,10849.0,168.0,0.0,0,469.28,0.0,1,2.86,1.18,SPY211217P00426000,426.0,0,0.0,0.0,,0.0,normalDay
2021-11-17,10849.0,156.0,0.0,0,468.14,0.0,1,2.86,1.3,SPY211217P00426000,426.0,0,0.0,0.0,,0.0,normalDay
2021-11-18,10849.0,163.0,0.0,0,469.73,0.0,1,2.86,1.23,SPY211217P00426000,426.0,0,0.0,0.0,,0.0,normalDay
2021-11-19,10849.0,157.0,0.0,0,468.89,0.0,1,2.86,1.29,SPY211217P00426000,426.0,0,0.0,0.0,,0.0,normalDay
2021-11-22,10849.0,152.0,0.0,0,467.57,0.0,1,2.86,1.34,SPY211217P00426000,426.0,0,0.0,0.0,,0.0,normalDay
2021-11-23,10849.0,162.0,0.0,0,468.19,0.0,1,2.86,1.24,SPY211217P00426000,426.0,0,0.0,0.0,,0.0,normalDay
2021-11-24,10849.0,183.0,0.0,0,469.44,0.0,1,2.86,1.03,SPY211217P00426000,426.0,0,0.0,0.0,,0.0,normalDay
2021-11-26,10849.0,-148.0,0.0,0,458.97,0.0,1,2.86,4.34,SPY211217P00426000,426.0,0,0.0,0.0,,0.0,normalDay
2021-11-29,10849.0,142.0,0.0,0,464.6,0.0,1,2.86,1.44,SPY211217P00426000,426.0,0,0.0,0.0,,0.0,normalDay
2021-11-30,10849.0,28.0,0.0,0,455.56,0.0,1,2.86,2.58,SPY211217P00426000,426.0,0,0.0,0.0,,0.0,normalDay
2021-12-01,10849.0,-140.0,0.0,0,450.5,0.0,1,2.86,4.26,SPY211217P00426000,426.0,0,0.0,0.0,,0.0,normalDay
2021-12-02,10849.0,47.0,0.0,0,457.4,0.0,1,2.86,2.39,SPY211217P00426000,426.0,0,0.0,0.0,,0.0,normalDay
2021-12-03,10849.0,-43.0,0.0,0,453.42,0.0,1,2.86,3.29,SPY211217P00426000,426.0,0,0.0,0.0,,0.0,normalDay
2021-12-06,10849.0,128.0,0.0,0,458.79,0.0,1,2.86,1.58,SPY211217P00426000,426.0,0,0.0,0.0,,0.0,normalDay
2021-12-07,10849.0,232.0,0.0,0,468.28,0.0,1,2.86,0.54,SPY211217P00426000,426.0,0,0.0,0.0,,0.0,normalDay
2021-12-08,10849.0,261.0,0.0,0,469.52,0.0,1,2.86,0.25,SPY211217P00426000,426.0,0,0.0,0.0,,0.0,normalDay
2021-12-09,10849.0,246.0,0.0,0,466.35,0.0,1,2.86,0.4,SPY211217P00426000,426.0,0,0.0,0.0,,0.0,normalDay
2021-12-10,10849.0,273.0,0.0,0,470.74,0.0,1,2.86,0.13,SPY211217P00426000,426.0,0,0.0,0.0,,0.0,normalDay
2021-12-13,10849.0,278.0,0.0,0,466.57,0.0,1,2.86,0.08,SPY211217P00426000,426.0,0,0.0,0.0,,0.0,normalDay
2021-12-14,10849.0,278.0,0.0,0,463.36,0.0,1,2.86,0.08,SPY211217P00426000,426.0,0,0.0,0.0,,0.0,normalDay
2021-12-15,10849.0,282.0,0.0,0,470.6,0.0,1,2.86,0.04,SPY211217P00426000,426.0,0,0.0,0.0,,0.0,normalDay
2021-12-16,10849.0,283.0,0.0,0,466.45,0.0,1,2.86,0.03,SPY211217P00426000,426.0,0,0.0,0.0,,0.0,normalDay
2021-12-17,11135.0,0.0,286.0,0,459.87,0.0,1,2.86,0.0,SPY211217P00426000,426.0,0,0.0,0.0,,0.0,expirationDay
2021-12-20,11135.0,-8.0,0.0,0,454.98,0.0,1,9.35,9.43,SPY220128P00449000,449.0,0,0.0,0.0,,0.0,normalDay
2021-12-21,11135.0,286.0,0.0,0,463.06,0.0,1,9.35,6.49,SPY220128P00449000,449.0,0,0.0,0.0,,0.0,normalDay
2021-12-22,11135.0,478.0,0.0,0,467.69,0.0,1,9.35,4.57,SPY220128P00449000,449.0,0,0.0,0.0,,0.0,normalDay
2021-12-23,11135.0,569.0,0.0,0,470.6,0.0,1,9.35,3.66,SPY220128P00449000,449.0,0,0.0,0.0,,0.0,normalDay
2021-12-27,11135.0,703.0,0.0,0,477.26,0.0,1,9.35,2.32,SPY220128P00449000,449.0,0,0.0,0.0,,0.0,normalDay
2021-12-28,11135.0,718.0,0.0,0,476.87,0.0,1,9.35,2.17,SPY220128P00449000,449.0,0,0.0,0.0,,0.0,normalDay
2021-12-29,11135.0,751.0,0.0,0,477.48,0.0,1,9.35,1.84,SPY220128P00449000,449.0,0,0.0,0.0,,0.0,normalDay
2021-12-30,11135.0,732.0,0.0,0,476.16,0.0,1,9.35,2.03,SPY220128P00449000,449.0,0,0.0,0.0,,0.0,normalDay
2021-12-31,11135.0,742.0,0.0,0,474.96,0.0,1,9.35,1.93,SPY220128P00449000,449.0,0,0.0,0.0,,0.0,normalDay
2022-01-03,11135.0,798.0,0.0,0,477.71,0.0,1,9.35,1.37,SPY220128P00449000,449.0,0,0.0,0.0,,0.0,normalDay
2022-01-04,11135.0,797.0,0.0,0,477.55,0.0,1,9.35,1.38,SPY220128P00449000,449.0,0,0.0,0.0,,0.0,normalDay
2022-01-05,11135.0,638.0,0.0,0,468.38,0.0,1,9.35,2.97,SPY220128P00449000,449.0,0,0.0,0.0,,0.0,normalDay
2022-01-06,11135.0,653.0,0.0,0,467.94,0.0,1,9.35,2.82,SPY220128P00449000,449.0,0,0.0,0.0,,0.0,normalDay
2022-01-07,11135.0,681.0,0.0,0,466.09,0.0,1,9.35,2.54,SPY220128P00449000,449.0,0,0.0,0.0,,0.0,normalDay
2022-01-10,11135.0,675.0,0.0,0,465.51,0.0,1,9.35,2.6,SPY220128P00449000,449.0,0,0.0,0.0,,0.0,normalDay
2022-01-11,11135.0,756.0,0.0,0,469.75,0.0,1,9.35,1.79,SPY220128P00449000,449.0,0,0.0,0.0,,0.0,normalDay
2022-01-12,11135.0,801.0,0.0,0,471.02,0.0,1,9.35,1.34,SPY220128P00449000,449.0,0,0.0,0.0,,0.0,normalDay
2022-01-13,11135.0,669.0,0.0,0,464.53,0.0,1,9.35,2.66,SPY220128P00449000,449.0,0,0.0,0.0,,0.0,normalDay
2022-01-14,11135.0,724.0,0.0,0,464.72,0.0,1,9.35,2.11,SPY220128P00449000,449.0,0,0.0,0.0,,0.0,normalDay
2022-01-18,11135.0,515.0,0.0,0,456.49,0.0,1,9.35,4.2,SPY220128P00449000,449.0,0,0.0,0.0,,0.0,normalDay
2022-01-19,11135.0,427.0,0.0,0,451.75,0.0,1,9.35,5.08,SPY220128P00449000,449.0,0,0.0,0.0,,0.0,normalDay
2022-01-20,11135.0,177.0,0.0,0,446.75,0.0,1,9.35,7.58,SPY220128P00449000,449.0,0,0.0,0.0,,0.0,normalDay
2022-01-21,11135.0,-383.0,0.0,0,437.98,0.0,1,9.35,13.18,SPY220128P00449000,449.0,0,0.0,0.0,,0.0,normalDay
2022-01-24,11135.0,-332.0,0.0,0,439.84,0.0,1,9.35,12.67,SPY220128P00449000,449.0,0,0.0,0.0,,0.0,normalDay
2022-01-25,11135.0,-774.0,0.0,0,434.47,0.0,1,9.35,17.09,SPY220128P00449000,449.0,0,0.0,0.0,,0.0,normalDay
2022-01-26,11135.0,-739.0,0.0,0,433.38,0.0,1,9.35,16.74,SPY220128P00449000,449.0,0,0.0,0.0,,0.0,normalDay
2022-01-27,11135.0,-805.0,0.0,0,431.24,0.0,1,9.35,17.4,SPY220128P00449000,449.0,0,0.0,0.0,,0.0,normalDay
2022-01-28,12070.0,-705.0,935.0,100,441.95,449.0,1,9.35,0.0,SPY220128P00449000,449.0,0,0.0,0.0,,0.0,expirationDay
2022-01-31,12070.0,-180.0,0.0,100,449.91,449.0,0,0.0,0.0,,0.0,1,11.29,14.0,SPY230120C00495000,495.0,normalDay
2022-02-01,12070.0,-45.0,0.0,100,452.95,449.0,0,0.0,0.0,,0.0,1,11.29,15.69,SPY230120C00495000,495.0,normalDay
2022-02-02,12070.0,287.0,0.0,100,457.35,449.0,0,0.0,0.0,,0.0,1,11.29,16.77,SPY230120C00495000,495.0,normalDay
2022-02-03,12070.0,-491.0,0.0,100,446.6,449.0,0,0.0,0.0,,0.0,1,11.29,13.8,SPY230120C00495000,495.0,normalDay
2022-02-04,12070.0,-363.0,0.0,100,448.7,449.0,0,0.0,0.0,,0.0,1,11.29,14.62,SPY230120C00495000,495.0,normalDay
2022-02-07,12070.0,-445.0,0.0,100,447.26,449.0,0,0.0,0.0,,0.0,1,11.29,14.0,SPY230120C00495000,495.0,normalDay
2022-02-08,12070.0,-77.0,0.0,100,450.94,449.0,0,0.0,0.0,,0.0,1,11.29,14.0,SPY230120C00495000,495.0,normalDay
2022-02-09,12070.0,393.0,0.0,100,457.54,449.0,0,0.0,0.0,,0.0,1,11.29,15.9,SPY230120C00495000,495.0,normalDay
2022-02-10,12070.0,-326.0,0.0,100,449.32,449.0,0,0.0,0.0,,0.0,1,11.29,14.87,SPY230120C00495000,495.0,normalDay
2022-02-11,12070.0,-962.0,0.0,100,440.46,449.0,0,0.0,0.0,,0.0,1,11.29,12.37,SPY230120C00495000,495.0,normalDay
2022-02-14,12070.0,-1059.0,0.0,100,439.02,449.0,0,0.0,0.0,,0.0,1,11.29,11.9,SPY230120C00495000,495.0,normalDay
2022-02-15,12070.0,-461.0,0.0,100,446.1,449.0,0,0.0,0.0,,0.0,1,11.29,13.0,SPY230120C00495000,495.0,normalDay
2022-02-16,12070.0,-407.0,0.0,100,446.6,449.0,0,0.0,0.0,,0.0,1,11.29,12.96,SPY230120C00495000,495.0,normalDay
2022-02-17,12070.0,-1151.0,0.0,100,437.06,449.0,0,0.0,0.0,,0.0,1,11.29,10.86,SPY230120C00495000,495.0,normalDay
2022-02-18,12070.0,-1362.0,0.0,100,434.23,449.0,0,0.0,0.0,,0.0,1,11.29,10.14,SPY230120C00495000,495.0,normalDay
2022-02-22,12070.0,-1753.0,0.0,100,429.57,449.0,0,0.0,0.0,,0.0,1,11.29,9.39,SPY230120C00495000,495.0,normalDay
2022-02-23,12070.0,-2368.0,0.0,100,421.95,449.0,0,0.0,0.0,,0.0,1,11.29,7.92,SPY230120C00495000,495.0,normalDay
2022-02-24,12070.0,-1641.0,0.0,100,428.3,449.0,0,0.0,0.0,,0.0,1,11.29,7.0,SPY230120C00495000,495.0,normalDay
2022-02-25,12070.0,-1108.0,0.0,100,437.75,449.0,0,0.0,0.0,,0.0,1,11.29,11.12,SPY230120C00495000,495.0,normalDay
2022-02-28,12070.0,-1196.0,0.0,100,436.63,449.0,0,0.0,0.0,,0.0,1,11.29,10.88,SPY230120C00495000,495.0,normalDay
2022-03-01,12070.0,-1626.0,0.0,100,429.98,449.0,0,0.0,0.0,,0.0,1,11.29,8.53,SPY230120C00495000,495.0,normalDay
2022-03-02,12070.0,-1130.0,0.0,100,437.89,449.0,0,0.0,0.0,,0.0,1,11.29,11.48,SPY230120C00495000,495.0,normalDay
2022-03-03,12070.0,-1298.0,0.0,100,435.71,449.0,0,0.0,0.0,,0.0,1,11.29,10.98,SPY230120C00495000,495.0,normalDay
2022-03-04,12070.0,-1576.0,0.0,100,432.17,449.0,0,0.0,0.0,,0.0,1,11.29,10.22,SPY230120C00495000,495.0,normalDay
2022-03-07,12070.0,-2566.0,0.0,100,419.43,449.0,0,0.0,0.0,,0.0,1,11.29,7.38,SPY230120C00495000,495.0,normalDay
2022-03-08,12070.0,-2919.0,0.0,100,416.25,449.0,0,0.0,0.0,,0.0,1,11.29,7.73,SPY230120C00495000,495.0,normalDay
2022-03-09,12070.0,-1904.0,0.0,100,427.41,449.0,0,0.0,0.0,,0.0,1,11.29,8.74,SPY230120C00495000,495.0,normalDay
2022-03-10,12070.0,-1973.0,0.0,100,425.48,449.0,0,0.0,0.0,,0.0,1,11.29,7.5,SPY230120C00495000,495.0,normalDay
2022-03-11,12070.0,-2577.0,0.0,100,420.07,449.0,0,0.0,0.0,,0.0,1,11.29,8.13,SPY230120C00495000,495.0,normalDay
2022-03-14,12070.0,-2796.0,0.0,100,417.0,449.0,0,0.0,0.0,,0.0,1,11.29,7.25,SPY230120C00495000,495.0,normalDay
2022-03-15,12070.0,-1949.0,0.0,100,426.17,449.0,0,0.0,0.0,,0.0,1,11.29,7.95,SPY230120C00495000,495.0,normalDay
2022-03-16,12070.0,-1247.0,0.0,100,435.62,449.0,0,0.0,0.0,,0.0,1,11.29,10.38,SPY230120C00495000,495.0,normalDay
2022-03-17,12070.0,-604.0,0.0,100,441.07,449.0,0,0.0,0.0,,0.0,1,11.29,9.4,SPY230120C00495000,495.0,normalDay
2022-03-18,12070.0,-562.0,0.0,100,444.52,449.0,0,0.0,0.0,,0.0,1,11.29,12.43,SPY230120C00495000,495.0,normalDay
2022-03-21,12070.0,-559.0,0.0,100,444.39,449.0,0,0.0,0.0,,0.0,1,11.29,12.27,SPY230120C00495000,495.0,normalDay
2022-03-22,12070.0,-62.0,0.0,100,449.59,449.0,0,0.0,0.0,,0.0,1,11.29,12.5,SPY230120C00495000,495.0,normalDay
2022-03-23,12070.0,-445.0,0.0,100,443.8,449.0,0,0.0,0.0,,0.0,1,11.29,10.54,SPY230120C00495000,495.0,normalDay
2022-03-24,12070.0,28.0,0.0,100,450.49,449.0,0,0.0,0.0,,0.0,1,11.29,12.5,SPY230120C00495000,495.0,normalDay
2022-03-25,12070.0,165.0,0.0,100,452.69,449.0,0,0.0,0.0,,0.0,1,11.29,13.33,SPY230120C00495000,495.0,normalDay
2022-03-28,12070.0,378.0,0.0,100,455.91,449.0,0,0.0,0.0,,0.0,1,11.29,14.42,SPY230120C00495000,495.0,normalDay
2022-03-29,12070.0,761.0,0.0,100,461.55,449.0,0,0.0,0.0,,0.0,1,11.29,16.23,SPY230120C00495000,495.0,normalDay
2022-03-30,12070.0,537.0,0.0,100,458.7,449.0,0,0.0,0.0,,0.0,1,11.29,15.62,SPY230120C00495000,495.0,normalDay
2022-03-31,12070.0,76.0,0.0,100,451.64,449.0,0,0.0,0.0,,0.0,1,11.29,13.17,SPY230120C00495000,495.0,normalDay
2022-04-01,12070.0,227.0,0.0,100,452.92,449.0,0,0.0,0.0,,0.0,1,11.29,12.94,SPY230120C00495000,495.0,normalDay
2022-04-04,12070.0,516.0,0.0,100,456.8,449.0,0,0.0,0.0,,0.0,1,11.29,13.93,SPY230120C00495000,495.0,normalDay
2022-04-05,12070.0,45.0,0.0,100,451.03,449.0,0,0.0,0.0,,0.0,1,11.29,12.87,SPY230120C00495000,495.0,normalDay
2022-04-06,12070.0,-215.0,0.0,100,446.52,449.0,0,0.0,0.0,,0.0,1,11.29,10.96,SPY230120C00495000,495.0,normalDay
2022-04-07,12070.0,-52.0,0.0,100,448.77,449.0,0,0.0,0.0,,0.0,1,11.29,11.58,SPY230120C00495000,495.0,normalDay
2022-04-08,12070.0,-116.0,0.0,100,447.57,449.0,0,0.0,0.0,,0.0,1,11.29,11.02,SPY230120C00495000,495.0,normalDay
2022-04-11,12070.0,-685.0,0.0,100,439.92,449.0,0,0.0,0.0,,0.0,1,11.29,9.06,SPY230120C00495000,495.0,normalDay
2022-04-12,12070.0,-811.0,0.0,100,438.29,449.0,0,0.0,0.0,,0.0,1,11.29,8.69,SPY230120C00495000,495.0,normalDay
2022-04-13,12070.0,-374.0,0.0,100,443.31,449.0,0,0.0,0.0,,0.0,1,11.29,9.34,SPY230120C00495000,495.0,normalDay
2022-04-14,12070.0,-810.0,0.0,100,437.79,449.0,0,0.0,0.0,,0.0,1,11.29,8.18,SPY230120C00495000,495.0,normalDay
2022-04-18,12070.0,-797.0,0.0,100,437.97,449.0,0,0.0,0.0,,0.0,1,11.29,8.23,SPY230120C00495000,495.0,normalDay
2022-04-19,12070.0,-192.0,0.0,100,445.04,449.0,0,0.0,0.0,,0.0,1,11.29,9.25,SPY230120C00495000,495.0,normalDay
2022-04-20,12070.0,-276.0,0.0,100,444.71,449.0,0,0.0,0.0,,0.0,1,11.29,9.76,SPY230120C00495000,495.0,normalDay
2022-04-21,12070.0,-750.0,0.0,100,438.06,449.0,0,0.0,0.0,,0.0,1,11.29,7.85,SPY230120C00495000,495.0,normalDay
2022-04-22,12070.0,-1751.0,0.0,100,426.04,449.0,0,0.0,0.0,,0.0,1,11.29,5.84,SPY230120C00495000,495.0,normalDay
2022-04-25,12070.0,-1540.0,0.0,100,428.51,449.0,0,0.0,0.0,,0.0,1,11.29,6.2,SPY230120C00495000,495.0,normalDay
2022-04-26,12070.0,-2610.0,0.0,100,416.1,449.0,0,0.0,0.0,,0.0,1,11.29,4.49,SPY230120C00495000,495.0,normalDay
2022-04-27,12070.0,-2521.0,0.0,100,417.27,449.0,0,0.0,0.0,,0.0,1,11.29,4.77,SPY230120C00495000,495.0,normalDay
2022-04-28,12070.0,-1584.0,0.0,100,427.81,449.0,0,0.0,0.0,,0.0,1,11.29,5.94,SPY230120C00495000,495.0,normalDay
2022-04-29,12070.0,-2988.0,0.0,100,412.0,449.0,0,0.0,0.0,,0.0,1,11.29,4.17,SPY230120C00495000,495.0,normalDay
2022-05-02,12070.0,-2747.0,0.0,100,414.48,449.0,0,0.0,0.0,,0.0,1,11.29,4.24,SPY230120C00495000,495.0,normalDay
2022-05-03,12070.0,-2541.0,0.0,100,416.38,449.0,0,0.0,0.0,,0.0,1,11.29,4.08,SPY230120C00495000,495.0,normalDay
2022-05-04,12070.0,-1429.0,0.0,100,429.06,449.0,0,0.0,0.0,,0.0,1,11.29,5.64,SPY230120C00495000,495.0,normalDay
2022-05-05,12070.0,-2779.0,0.0,100,413.81,449.0,0,0.0,0.0,,0.0,1,11.29,3.89,SPY230120C00495000,495.0,normalDay
2022-05-06,12070.0,-2989.0,0.0,100,411.34,449.0,0,0.0,0.0,,0.0,1,11.29,3.52,SPY230120C00495000,495.0,normalDay
2022-05-09,12070.0,-4211.0,0.0,100,398.17,449.0,0,0.0,0.0,,0.0,1,11.29,2.57,SPY230120C00495000,495.0,normalDay
2022-05-10,12070.0,-4102.0,0.0,100,399.09,449.0,0,0.0,0.0,,0.0,1,11.29,2.4,SPY230120C00495000,495.0,normalDay
2022-05-11,12070.0,-4710.0,0.0,100,392.75,449.0,0,0.0,0.0,,0.0,1,11.29,2.14,SPY230120C00495000,495.0,normalDay
2022-05-12,12070.0,-4721.0,0.0,100,392.34,449.0,0,0.0,0.0,,0.0,1,11.29,1.84,SPY230120C00495000,495.0,normalDay
2022-05-13,12070.0,-3814.0,0.0,100,401.72,449.0,0,0.0,0.0,,0.0,1,11.29,2.15,SPY230120C00495000,495.0,normalDay
2022-05-16,12070.0,-3958.0,0.0,100,400.09,449.0,0,0.0,0.0,,0.0,1,11.29,1.96,SPY230120C00495000,495.0,normalDay
2022-05-17,12070.0,-3197.0,0.0,100,408.32,449.0,0,0.0,0.0,,0.0,1,11.29,2.58,SPY230120C00495000,495.0,normalDay
2022-05-18,12070.0,-4730.0,0.0,100,391.86,449.0,0,0.0,0.0,,0.0,1,11.29,1.45,SPY230120C00495000,495.0,normalDay
2022-05-19,12070.0,-4953.0,0.0,100,389.46,449.0,0,0.0,0.0,,0.0,1,11.29,1.28,SPY230120C00495000,495.0,normalDay
2022-05-20,12070.0,-4951.0,0.0,100,389.63,449.0,0,0.0,0.0,,0.0,1,11.29,1.43,SPY230120C00495000,495.0,normalDay
2022-05-23,12070.0,-4262.0,0.0,100,396.92,449.0,0,0.0,0.0,,0.0,1,11.29,1.83,SPY230120C00495000,495.0,normalDay
2022-05-24,12070.0,-4555.0,0.0,100,393.89,449.0,0,0.0,0.0,,0.0,1,11.29,1.73,SPY230120C00495000,495.0,normalDay
2022-05-25,12070.0,-4216.0,0.0,100,397.37,449.0,0,0.0,0.0,,0.0,1,11.29,1.82,SPY230120C00495000,495.0,normalDay
2022-05-26,12070.0,-3480.0,0.0,100,405.31,449.0,0,0.0,0.0,,0.0,1,11.29,2.4,SPY230120C00495000,495.0,normalDay
2022-05-27,12070.0,-2573.0,0.0,100,415.26,449.0,0,0.0,0.0,,0.0,1,11.29,3.28,SPY230120C00495000,495.0,normalDay
2022-05-31,12070.0,-2755.0,0.0,100,412.93,449.0,0,0.0,0.0,,0.0,1,11.29,2.77,SPY230120C00495000,495.0,normalDay
2022-06-01,12070.0,-3053.0,0.0,100,409.59,449.0,0,0.0,0.0,,0.0,1,11.29,2.41,SPY230120C00495000,495.0,normalDay
2022-06-02,12070.0,-2346.0,0.0,100,417.39,449.0,0,0.0,0.0,,0.0,1,11.29,3.14,SPY230120C00495000,495.0,normalDay
2022-06-03,12070.0,-2960.0,0.0,100,410.54,449.0,0,0.0,0.0,,0.0,1,11.29,2.43,SPY230120C00495000,495.0,normalDay
2022-06-06,12070.0,-2836.0,0.0,100,411.79,449.0,0,0.0,0.0,,0.0,1,11.29,2.44,SPY230120C00495000,495.0,normalDay
2022-06-07,12070.0,-2478.0,0.0,100,415.74,449.0,0,0.0,0.0,,0.0,1,11.29,2.81,SPY230120C00495000,495.0,normalDay
2022-06-08,12070.0,-2891.0,0.0,100,411.22,449.0,0,0.0,0.0,,0.0,1,11.29,2.42,SPY230120C00495000,495.0,normalDay
2022-06-09,12070.0,-3808.0,0.0,100,401.44,449.0,0,0.0,0.0,,0.0,1,11.29,1.81,SPY230120C00495000,495.0,normalDay
2022-06-10,12070.0,-4925.0,0.0,100,389.8,449.0,0,0.0,0.0,,0.0,1,11.29,1.34,SPY230120C00495000,495.0,normalDay
2022-06-13,12070.0,-6364.0,0.0,100,375.0,449.0,0,0.0,0.0,,0.0,1,11.29,0.93,SPY230120C00495000,495.0,normalDay
2022-06-14,12070.0,-6463.0,0.0,100,373.87,449.0,0,0.0,0.0,,0.0,1,11.29,0.79,SPY230120C00495000,495.0,normalDay
2022-06-15,12070.0,-5939.0,0.0,100,379.2,449.0,0,0.0,0.0,,0.0,1,11.29,0.88,SPY230120C00495000,495.0,normalDay
2022-06-16,12070.0,-7179.0,0.0,100,366.65,449.0,0,0.0,0.0,,0.0,1,11.29,0.73,SPY230120C00495000,495.0,normalDay
2022-06-17,12070.0,-7255.0,0.0,100,365.86,449.0,0,0.0,0.0,,0.0,1,11.29,0.7,SPY230120C00495000,495.0,normalDay
2022-06-21,12070.0,-6337.0,0.0,100,375.07,449.0,0,0.0,0.0,,0.0,1,11.29,0.73,SPY230120C00495000,495.0,normalDay
2022-06-22,12070.0,-6404.0,0.0,100,374.39,449.0,0,0.0,0.0,,0.0,1,11.29,0.72,SPY230120C00495000,495.0,normalDay
2022-06-23,12070.0,-6040.0,0.0,100,378.06,449.0,0,0.0,0.0,,0.0,1,11.29,0.75,SPY230120C00495000,495.0,normalDay
2022-06-24,12070.0,-4876.0,0.0,100,390.08,449.0,0,0.0,0.0,,0.0,1,11.29,1.13,SPY230120C00495000,495.0,normalDay
2022-06-27,12070.0,-5017.0,0.0,100,388.59,449.0,0,0.0,0.0,,0.0,1,11.29,1.05,SPY230120C00495000,495.0,normalDay
2022-06-28,12070.0,-5785.0,0.0,100,380.65,449.0,0,0.0,0.0,,0.0,1,11.29,0.79,SPY230120C00495000,495.0,normalDay
2022-06-29,12070.0,-5814.0,0.0,100,380.34,449.0,0,0.0,0.0,,0.0,1,11.29,0.77,SPY230120C00495000,495.0,normalDay
2022-06-30,12070.0,-6113.0,0.0,100,377.25,449.0,0,0.0,0.0,,0.0,1,11.29,0.67,SPY230120C00495000,495.0,normalDay
2022-07-01,12070.0,-5712.0,0.0,100,381.24,449.0,0,0.0,0.0,,0.0,1,11.29,0.65,SPY230120C00495000,495.0,normalDay
2022-07-05,12070.0,-5636.0,0.0,100,381.96,449.0,0,0.0,0.0,,0.0,1,11.29,0.61,SPY230120C00495000,495.0,normalDay
2022-07-06,12070.0,-5512.0,0.0,100,383.25,449.0,0,0.0,0.0,,0.0,1,11.29,0.66,SPY230120C00495000,495.0,normalDay
2022-07-07,12070.0,-4951.0,0.0,100,388.99,449.0,0,0.0,0.0,,0.0,1,11.29,0.79,SPY230120C00495000,495.0,normalDay
2022-07-08,12070.0,-4981.0,0.0,100,388.67,449.0,0,0.0,0.0,,0.0,1,11.29,0.77,SPY230120C00495000,495.0,normalDay
2022-07-11,12070.0,-5411.0,0.0,100,384.23,449.0,0,0.0,0.0,,0.0,1,11.29,0.63,SPY230120C00495000,495.0,normalDay
2022-07-12,12070.0,-5739.0,0.0,100,380.83,449.0,0,0.0,0.0,,0.0,1,11.29,0.51,SPY230120C00495000,495.0,normalDay
2022-07-13,12070.0,-5936.0,0.0,100,378.83,449.0,0,0.0,0.0,,0.0,1,11.29,0.48,SPY230120C00495000,495.0,normalDay
2022-07-14,12070.0,-6029.0,0.0,100,377.91,449.0,0,0.0,0.0,,0.0,1,11.29,0.49,SPY230120C00495000,495.0,normalDay
2022-07-15,12070.0,-5317.0,0.0,100,385.13,449.0,0,0.0,0.0,,0.0,1,11.29,0.59,SPY230120C00495000,495.0,normalDay
2022-07-18,12070.0,-5632.0,0.0,100,381.95,449.0,0,0.0,0.0,,0.0,1,11.29,0.56,SPY230120C00495000,495.0,normalDay
2022-07-19,12070.0,-4636.0,0.0,100,392.27,449.0,0,0.0,0.0,,0.0,1,11.29,0.92,SPY230120C00495000,495.0,normalDay
2022-07-20,12070.0,-4395.0,0.0,100,394.77,449.0,0,0.0,0.0,,0.0,1,11.29,1.01,SPY230120C00495000,495.0,normalDay
2022-07-21,12070.0,-4004.0,0.0,100,398.79,449.0,0,0.0,0.0,,0.0,1,11.29,1.12,SPY230120C00495000,495.0,normalDay
2022-07-22,12070.0,-4352.0,0.0,100,395.09,449.0,0,0.0,0.0,,0.0,1,11.29,0.9,SPY230120C00495000,495.0,normalDay
2022-07-25,12070.0,-4300.0,0.0,100,395.57,449.0,0,0.0,0.0,,0.0,1,11.29,0.86,SPY230120C00495000,495.0,normalDay
2022-07-26,12070.0,-4752.0,0.0,100,390.89,449.0,0,0.0,0.0,,0.0,1,11.29,0.7,SPY230120C00495000,495.0,normalDay
2022-07-27,12070.0,-3762.0,0.0,100,401.04,449.0,0,0.0,0.0,,0.0,1,11.29,0.95,SPY230120C00495000,495.0,normalDay
2022-07-28,12070.0,-3279.0,0.0,100,406.07,449.0,0,0.0,0.0,,0.0,1,11.29,1.15,SPY230120C00495000,495.0,normalDay
2022-07-29,12070.0,-2709.0,0.0,100,411.99,449.0,0,0.0,0.0,,0.0,1,11.29,1.37,SPY230120C00495000,495.0,normalDay
2022-08-01,12070.0,-2825.0,0.0,100,410.77,449.0,0,0.0,0.0,,0.0,1,11.29,1.31,SPY230120C00495000,495.0,normalDay
2022-08-02,12070.0,-3081.0,0.0,100,408.06,449.0,0,0.0,0.0,,0.0,1,11.29,1.16,SPY230120C00495000,495.0,normalDay
2022-08-03,12070.0,-2464.0,0.0,100,414.45,449.0,0,0.0,0.0,,0.0,1,11.29,1.38,SPY230120C00495000,495.0,normalDay
2022-08-04,12070.0,-2495.0,0.0,100,414.17,449.0,0,0.0,0.0,,0.0,1,11.29,1.41,SPY230120C00495000,495.0,normalDay
2022-08-05,12070.0,-2550.0,0.0,100,413.47,449.0,0,0.0,0.0,,0.0,1,11.29,1.26,SPY230120C00495000,495.0,normalDay
2022-08-08,12070.0,-2599.0,0.0,100,412.99,449.0,0,0.0,0.0,,0.0,1,11.29,1.27,SPY230120C00495000,495.0,normalDay
2022-08-09,12070.0,-2752.0,0.0,100,411.35,449.0,0,0.0,0.0,,0.0,1,11.29,1.16,SPY230120C00495000,495.0,normalDay
2022-08-10,12070.0,-1923.0,0.0,100,419.99,449.0,0,0.0,0.0,,0.0,1,11.29,1.51,SPY230120C00495000,495.0,normalDay
2022-08-11,12070.0,-1919.0,0.0,100,419.99,449.0,0,0.0,0.0,,0.0,1,11.29,1.47,SPY230120C00495000,495.0,normalDay
2022-08-12,12070.0,-1263.0,0.0,100,427.1,449.0,0,0.0,0.0,,0.0,1,11.29,2.02,SPY230120C00495000,495.0,normalDay
2022-08-15,12070.0,-1092.0,0.0,100,428.86,449.0,0,0.0,0.0,,0.0,1,11.29,2.07,SPY230120C00495000,495.0,normalDay
2022-08-16,12070.0,-1008.0,0.0,100,429.7,449.0,0,0.0,0.0,,0.0,1,11.29,2.07,SPY230120C00495000,495.0,normalDay
2022-08-17,12070.0,-1285.0,0.0,100,426.65,449.0,0,0.0,0.0,,0.0,1,11.29,1.79,SPY230120C00495000,495.0,normalDay
2022-08-18,12070.0,-1149.0,0.0,100,427.89,449.0,0,0.0,0.0,,0.0,1,11.29,1.67,SPY230120C00495000,495.0,normalDay
2022-08-19,12070.0,-1680.0,0.0,100,422.14,449.0,0,0.0,0.0,,0.0,1,11.29,1.23,SPY230120C00495000,495.0,normalDay
2022-08-22,12070.0,-2525.0,0.0,100,413.35,449.0,0,0.0,0.0,,0.0,1,11.29,0.89,SPY230120C00495000,495.0,normalDay
2022-08-23,12070.0,-2623.0,0.0,100,412.35,449.0,0,0.0,0.0,,0.0,1,11.29,0.87,SPY230120C00495000,495.0,normalDay
2022-08-24,12070.0,-2484.0,0.0,100,413.67,449.0,0,0.0,0.0,,0.0,1,11.29,0.8,SPY230120C00495000,495.0,normalDay
2022-08-25,12070.0,-1921.0,0.0,100,419.51,449.0,0,0.0,0.0,,0.0,1,11.29,1.01,SPY230120C00495000,495.0,normalDay
2022-08-26,12070.0,-3294.0,0.0,100,405.31,449.0,0,0.0,0.0,,0.0,1,11.29,0.54,SPY230120C00495000,495.0,normalDay
2022-08-29,12070.0,-3555.0,0.0,100,402.63,449.0,0,0.0,0.0,,0.0,1,11.29,0.47,SPY230120C00495000,495.0,normalDay
2022-08-30,12070.0,-3991.0,0.0,100,398.21,449.0,0,0.0,0.0,,0.0,1,11.29,0.41,SPY230120C00495000,495.0,normalDay
2022-08-31,12070.0,-4291.0,0.0,100,395.18,449.0,0,0.0,0.0,,0.0,1,11.29,0.38,SPY230120C00495000,495.0,normalDay
2022-09-01,12070.0,-4167.0,0.0,100,396.42,449.0,0,0.0,0.0,,0.0,1,11.29,0.38,SPY230120C00495000,495.0,normalDay
2022-09-02,12070.0,-4578.0,0.0,100,392.24,449.0,0,0.0,0.0,,0.0,1,11.29,0.31,SPY230120C00495000,495.0,normalDay
2022-09-06,12070.0,-4725.0,0.0,100,390.76,449.0,0,0.0,0.0,,0.0,1,11.29,0.3,SPY230120C00495000,495.0,normalDay
2022-09-07,12070.0,-4032.0,0.0,100,397.78,449.0,0,0.0,0.0,,0.0,1,11.29,0.39,SPY230120C00495000,495.0,normalDay
2022-09-08,12070.0,-3769.0,0.0,100,400.38,449.0,0,0.0,0.0,,0.0,1,11.29,0.36,SPY230120C00495000,495.0,normalDay
2022-09-09,12070.0,-3159.0,0.0,100,406.6,449.0,0,0.0,0.0,,0.0,1,11.29,0.48,SPY230120C00495000,495.0,normalDay
2022-09-12,12070.0,-2737.0,0.0,100,410.97,449.0,0,0.0,0.0,,0.0,1,11.29,0.63,SPY230120C00495000,495.0,normalDay
2022-09-13,12070.0,-4498.0,0.0,100,393.1,449.0,0,0.0,0.0,,0.0,1,11.29,0.37,SPY230120C00495000,495.0,normalDay
2022-09-14,12070.0,-4342.0,0.0,100,394.6,449.0,0,0.0,0.0,,0.0,1,11.29,0.31,SPY230120C00495000,495.0,normalDay
2022-09-15,12070.0,-4784.0,0.0,100,390.12,449.0,0,0.0,0.0,,0.0,1,11.29,0.25,SPY230120C00495000,495.0,normalDay
2022-09-16,12070.0,-5236.0,0.0,100,385.56,449.0,0,0.0,0.0,,0.0,1,11.29,0.21,SPY230120C00495000,495.0,normalDay
2022-09-19,12070.0,-4939.0,0.0,100,388.55,449.0,0,0.0,0.0,,0.0,1,11.29,0.23,SPY230120C00495000,495.0,normalDay
2022-09-20,12070.0,-5380.0,0.0,100,384.09,449.0,0,0.0,0.0,,0.0,1,11.29,0.18,SPY230120C00495000,495.0,normalDay
2022-09-21,12070.0,-6046.0,0.0,100,377.39,449.0,0,0.0,0.0,,0.0,1,11.29,0.14,SPY230120C00495000,495.0,normalDay
2022-09-22,12070.0,-6361.0,0.0,100,374.22,449.0,0,0.0,0.0,,0.0,1,11.29,0.12,SPY230120C00495000,495.0,normalDay
2022-09-23,12070.0,-6986.0,0.0,100,367.95,449.0,0,0.0,0.0,,0.0,1,11.29,0.1,SPY230120C00495000,495.0,normalDay
2022-09-26,12070.0,-7349.0,0.0,100,364.31,449.0,0,0.0,0.0,,0.0,1,11.29,0.09,SPY230120C00495000,495.0,normalDay
2022-09-27,12070.0,-7441.0,0.0,100,363.38,449.0,0,0.0,0.0,,0.0,1,11.29,0.08,SPY230120C00495000,495.0,normalDay
2022-09-28,12070.0,-6730.0,0.0,100,370.53,449.0,0,0.0,0.0,,0.0,1,11.29,0.12,SPY230120C00495000,495.0,normalDay
2022-09-29,12070.0,-7500.0,0.0,100,362.79,449.0,0,0.0,0.0,,0.0,1,11.29,0.08,SPY230120C00495000,495.0,normalDay
2022-09-30,12070.0,-8060.0,0.0,100,357.18,449.0,0,0.0,0.0,,0.0,1,11.29,0.07,SPY230120C00495000,495.0,normalDay
2022-10-03,12070.0,-7119.0,0.0,100,366.61,449.0,0,0.0,0.0,,0.0,1,11.29,0.09,SPY230120C00495000,495.0,normalDay
2022-10-04,12070.0,-5993.0,0.0,100,377.97,449.0,0,0.0,0.0,,0.0,1,11.29,0.19,SPY230120C00495000,495.0,normalDay
2022-10-05,12070.0,-6076.0,0.0,100,377.09,449.0,0,0.0,0.0,,0.0,1,11.29,0.14,SPY230120C00495000,495.0,normalDay
2022-10-06,12070.0,-6462.0,0.0,100,373.2,449.0,0,0.0,0.0,,0.0,1,11.29,0.11,SPY230120C00495000,495.0,normalDay
2022-10-07,12070.0,-7500.0,0.0,100,362.79,449.0,0,0.0,0.0,,0.0,1,11.29,0.08,SPY230120C00495000,495.0,normalDay
2022-10-10,12070.0,-7778.0,0.0,100,360.02,449.0,0,0.0,0.0,,0.0,1,11.29,0.09,SPY230120C00495000,495.0,normalDay
2022-10-11,12070.0,-8006.0,0.0,100,357.74,449.0,0,0.0,0.0,,0.0,1,11.29,0.09,SPY230120C00495000,495.0,normalDay
2022-10-12,12070.0,-8124.0,0.0,100,356.56,449.0,0,0.0,0.0,,0.0,1,11.29,0.09,SPY230120C00495000,495.0,normalDay
2022-10-13,12070.0,-7187.0,0.0,100,365.97,449.0,0,0.0,0.0,,0.0,1,11.29,0.13,SPY230120C00495000,495.0,normalDay
2022-10-14,12070.0,-8017.0,0.0,100,357.63,449.0,0,0.0,0.0,,0.0,1,11.29,0.09,SPY230120C00495000,495.0,normalDay
2022-10-17,12070.0,-7101.0,0.0,100,366.82,449.0,0,0.0,0.0,,0.0,1,11.29,0.12,SPY230120C00495000,495.0,normalDay
2022-10-18,12070.0,-6672.0,0.0,100,371.13,449.0,0,0.0,0.0,,0.0,1,11.29,0.14,SPY230120C00495000,495.0,normalDay
2022-10-19,12070.0,-6932.0,0.0,100,368.5,449.0,0,0.0,0.0,,0.0,1,11.29,0.11,SPY230120C00495000,495.0,normalDay
2022-10-20,12070.0,-7237.0,0.0,100,365.41,449.0,0,0.0,0.0,,0.0,1,11.29,0.07,SPY230120C00495000,495.0,normalDay
2022-10-21,12070.0,-6355.0,0.0,100,374.29,449.0,0,0.0,0.0,,0.0,1,11.29,0.13,SPY230120C00495000,495.0,normalDay
2022-10-24,12070.0,-5899.0,0.0,100,378.87,449.0,0,0.0,0.0,,0.0,1,11.29,0.15,SPY230120C00495000,495.0,normalDay
2022-10-25,12070.0,-5293.0,0.0,100,384.92,449.0,0,0.0,0.0,,0.0,1,11.29,0.14,SPY230120C00495000,495.0,normalDay
2022-10-26,12070.0,-5580.0,0.0,100,382.02,449.0,0,0.0,0.0,,0.0,1,11.29,0.11,SPY230120C00495000,495.0,normalDay
2022-10-27,12070.0,-5780.0,0.0,100,379.98,449.0,0,0.0,0.0,,0.0,1,11.29,0.07,SPY230120C00495000,495.0,normalDay
2022-10-28,12070.0,-4880.0,0.0,100,389.02,449.0,0,0.0,0.0,,0.0,1,11.29,0.11,SPY230120C00495000,495.0,normalDay
2022-10-31,12070.0,-5158.0,0.0,100,386.21,449.0,0,0.0,0.0,,0.0,1,11.29,0.08,SPY230120C00495000,495.0,normalDay
2022-11-01,12070.0,-5326.0,0.0,100,384.52,449.0,0,0.0,0.0,,0.0,1,11.29,0.07,SPY230120C00495000,495.0,normalDay
2022-11-02,12070.0,-6289.0,0.0,100,374.87,449.0,0,0.0,0.0,,0.0,1,11.29,0.05,SPY230120C00495000,495.0,normalDay
2022-11-03,12070.0,-6674.0,0.0,100,371.01,449.0,0,0.0,0.0,,0.0,1,11.29,0.04,SPY230120C00495000,495.0,normalDay
2022-11-04,12070.0,-6140.0,0.0,100,376.35,449.0,0,0.0,0.0,,0.0,1,11.29,0.04,SPY230120C00495000,495.0,normalDay
2022-11-07,12070.0,-5780.0,0.0,100,379.95,449.0,0,0.0,0.0,,0.0,1,11.29,0.04,SPY230120C00495000,495.0,normalDay
2022-11-08,12070.0,-5575.0,0.0,100,382.0,449.0,0,0.0,0.0,,0.0,1,11.29,0.04,SPY230120C00495000,495.0,normalDay
2022-11-09,12070.0,-6361.0,0.0,100,374.13,449.0,0,0.0,0.0,,0.0,1,11.29,0.03,SPY230120C00495000,495.0,normalDay
2022-11-10,12070.0,-4309.0,0.0,100,394.69,449.0,0,0.0,0.0,,0.0,1,11.29,0.07,SPY230120C00495000,495.0,normalDay
2022-11-11,12070.0,-3927.0,0.0,100,398.51,449.0,0,0.0,0.0,,0.0,1,11.29,0.07,SPY230120C00495000,495.0,normalDay
2022-11-14,12070.0,-4265.0,0.0,100,395.12,449.0,0,0.0,0.0,,0.0,1,11.29,0.06,SPY230120C00495000,495.0,normalDay
2022-11-15,12070.0,-3928.0,0.0,100,398.49,449.0,0,0.0,0.0,,0.0,1,11.29,0.06,SPY230120C00495000,495.0,normalDay
2022-11-16,12070.0,-4231.0,0.0,100,395.45,449.0,0,0.0,0.0,,0.0,1,11.29,0.05,SPY230120C00495000,495.0,normalDay
2022-11-17,12070.0,-4351.0,0.0,100,394.24,449.0,0,0.0,0.0,,0.0,1,11.29,0.04,SPY230120C00495000,495.0,normalDay
2022-11-18,12070.0,-4172.0,0.0,100,396.03,449.0,0,0.0,0.0,,0.0,1,11.29,0.04,SPY230120C00495000,495.0,normalDay
2022-11-21,12070.0,-4315.0,0.0,100,394.59,449.0,0,0.0,0.0,,0.0,1,11.29,0.03,SPY230120C00495000,495.0,normalDay
2022-11-22,12070.0,-3784.0,0.0,100,399.9,449.0,0,0.0,0.0,,0.0,1,11.29,0.03,SPY230120C00495000,495.0,normalDay
2022-11-23,12070.0,-3532.0,0.0,100,402.42,449.0,0,0.0,0.0,,0.0,1,11.29,0.03,SPY230120C00495000,495.0,normalDay
2022-11-25,12070.0,-3541.0,0.0,100,402.33,449.0,0,0.0,0.0,,0.0,1,11.29,0.03,SPY230120C00495000,495.0,normalDay
2022-11-28,12070.0,-4182.0,0.0,100,395.91,449.0,0,0.0,0.0,,0.0,1,11.29,0.02,SPY230120C00495000,495.0,normalDay
2022-11-29,12070.0,-4250.0,0.0,100,395.23,449.0,0,0.0,0.0,,0.0,1,11.29,0.02,SPY230120C00495000,495.0,normalDay
2022-11-30,12070.0,-3006.0,0.0,100,407.68,449.0,0,0.0,0.0,,0.0,1,11.29,0.03,SPY230120C00495000,495.0,normalDay
2022-12-01,12070.0,-3036.0,0.0,100,407.38,449.0,0,0.0,0.0,,0.0,1,11.29,0.03,SPY230120C00495000,495.0,normalDay
2022-12-02,12070.0,-3082.0,0.0,100,406.91,449.0,0,0.0,0.0,,0.0,1,11.29,0.02,SPY230120C00495000,495.0,normalDay
2022-12-05,12070.0,-3814.0,0.0,100,399.59,449.0,0,0.0,0.0,,0.0,1,11.29,0.02,SPY230120C00495000,495.0,normalDay
2022-12-06,12070.0,-4390.0,0.0,100,393.83,449.0,0,0.0,0.0,,0.0,1,11.29,0.02,SPY230120C00495000,495.0,normalDay
2022-12-07,12070.0,-4457.0,0.0,100,393.16,449.0,0,0.0,0.0,,0.0,1,11.29,0.02,SPY230120C00495000,495.0,normalDay
2022-12-08,12070.0,-4149.0,0.0,100,396.24,449.0,0,0.0,0.0,,0.0,1,11.29,0.02,SPY230120C00495000,495.0,normalDay
2022-12-09,12070.0,-4445.0,0.0,100,393.28,449.0,0,0.0,0.0,,0.0,1,11.29,0.02,SPY230120C00495000,495.0,normalDay
2022-12-12,12070.0,-3878.0,0.0,100,398.95,449.0,0,0.0,0.0,,0.0,1,11.29,0.02,SPY230120C00495000,495.0,normalDay
2022-12-13,12070.0,-3576.0,0.0,100,401.97,449.0,0,0.0,0.0,,0.0,1,11.29,0.02,SPY230120C00495000,495.0,normalDay
2022-12-14,12070.0,-3833.0,0.0,100,399.4,449.0,0,0.0,0.0,,0.0,1,11.29,0.02,SPY230120C00495000,495.0,normalDay
2022-12-15,12070.0,-4810.0,0.0,100,389.63,449.0,0,0.0,0.0,,0.0,1,11.29,0.02,SPY230120C00495000,495.0,normalDay
2022-12-16,12070.0,-5445.0,0.0,100,383.27,449.0,0,0.0,0.0,,0.0,1,11.29,0.01,SPY230120C00495000,495.0,normalDay
2022-12-19,12070.0,-5770.0,0.0,100,380.02,449.0,0,0.0,0.0,,0.0,1,11.29,0.01,SPY230120C00495000,495.0,normalDay
2022-12-20,12070.0,-5718.0,0.0,100,380.54,449.0,0,0.0,0.0,,0.0,1,11.29,0.01,SPY230120C00495000,495.0,normalDay
2022-12-21,12070.0,-5149.0,0.0,100,386.23,449.0,0,0.0,0.0,,0.0,1,11.29,0.01,SPY230120C00495000,495.0,normalDay
2022-12-22,12070.0,-5700.0,0.0,100,380.72,449.0,0,0.0,0.0,,0.0,1,11.29,0.01,SPY230120C00495000,495.0,normalDay
2022-12-23,12070.0,-5481.0,0.0,100,382.91,449.0,0,0.0,0.0,,0.0,1,11.29,0.01,SPY230120C00495000,495.0,normalDay
2022-12-27,12070.0,-5632.0,0.0,100,381.4,449.0,0,0.0,0.0,,0.0,1,11.29,0.01,SPY230120C00495000,495.0,normalDay
2022-12-28,12070.0,-6106.0,0.0,100,376.66,449.0,0,0.0,0.0,,0.0,1,11.29,0.01,SPY230120C00495000,495.0,normalDay
2022-12-29,12070.0,-5428.0,0.0,100,383.44,449.0,0,0.0,0.0,,0.0,1,11.29,0.01,SPY230120C00495000,495.0,normalDay
2022-12-30,12070.0,-5529.0,0.0,100,382.43,449.0,0,0.0,0.0,,0.0,1,11.29,0.01,SPY230120C00495000,495.0,normalDay
2023-01-03,12070.0,-5690.0,0.0,100,380.82,449.0,0,0.0,0.0,,0.0,1,11.29,0.01,SPY230120C00495000,495.0,normalDay
2023-01-04,12070.0,-5396.0,0.0,100,383.76,449.0,0,0.0,0.0,,0.0,1,11.29,0.01,SPY230120C00495000,495.0,normalDay
2023-01-05,12070.0,-5834.0,0.0,100,379.38,449.0,0,0.0,0.0,,0.0,1,11.29,0.01,SPY230120C00495000,495.0,normalDay
2023-01-06,12070.0,-4964.0,0.0,100,388.08,449.0,0,0.0,0.0,,0.0,1,11.29,0.01,SPY230120C00495000,495.0,normalDay
2023-01-09,12070.0,-4986.0,0.0,100,387.86,449.0,0,0.0,0.0,,0.0,1,11.29,0.01,SPY230120C00495000,495.0,normalDay
2023-01-10,12070.0,-4714.0,0.0,100,390.58,449.0,0,0.0,0.0,,0.0,1,11.29,0.01,SPY230120C00495000,495.0,normalDay
2023-01-11,12070.0,-4220.0,0.0,100,395.52,449.0,0,0.0,0.0,,0.0,1,11.29,0.01,SPY230120C00495000,495.0,normalDay
2023-01-12,12070.0,-4076.0,0.0,100,396.96,449.0,0,0.0,0.0,,0.0,1,11.29,0.01,SPY230120C00495000,495.0,normalDay
2023-01-13,12070.0,-3922.0,0.0,100,398.5,449.0,0,0.0,0.0,,0.0,1,11.29,0.01,SPY230120C00495000,495.0,normalDay
2023-01-17,12070.0,-3995.0,0.0,100,397.77,449.0,0,0.0,0.0,,0.0,1,11.29,0.01,SPY230120C00495000,495.0,normalDay
2023-01-18,12070.0,-4623.0,0.0,100,391.49,449.0,0,0.0,0.0,,0.0,1,11.29,0.01,SPY230120C00495000,495.0,normalDay
2023-01-19,12070.0,-4908.0,0.0,100,388.64,449.0,0,0.0,0.0,,0.0,1,11.29,0.01,SPY230120C00495000,495.0,normalDay
2023-01-20,13199.0,-5312.0,1129.0,100,395.88,449.0,0,0.0,0.0,,0.0,1,11.29,0.0,SPY230120C00495000,495.0,expirationDay
2023-01-23,13199.0,-5019.0,0.0,100,400.63,449.0,0,0.0,0.0,,0.0,1,34.37,36.19,SPY240119C00405000,405.0,normalDay
2023-01-24,13199.0,-5118.0,0.0,100,400.2,449.0,0,0.0,0.0,,0.0,1,34.37,36.75,SPY240119C00405000,405.0,normalDay
2023-01-25,13199.0,-4944.0,0.0,100,400.35,449.0,0,0.0,0.0,,0.0,1,34.37,35.16,SPY240119C00405000,405.0,normalDay
2023-01-26,13199.0,-4740.0,0.0,100,404.75,449.0,0,0.0,0.0,,0.0,1,34.37,37.52,SPY240119C00405000,405.0,normalDay
2023-01-27,13199.0,-4749.0,0.0,100,405.68,449.0,0,0.0,0.0,,0.0,1,34.37,38.54,SPY240119C00405000,405.0,normalDay
2023-01-30,13199.0,-4942.0,0.0,100,400.59,449.0,0,0.0,0.0,,0.0,1,34.37,35.38,SPY240119C00405000,405.0,normalDay
2023-01-31,13199.0,-4670.0,0.0,100,406.48,449.0,0,0.0,0.0,,0.0,1,34.37,38.55,SPY240119C00405000,405.0,normalDay
2023-02-01,13199.0,-4576.0,0.0,100,410.8,449.0,0,0.0,0.0,,0.0,1,34.37,41.93,SPY240119C00405000,405.0,normalDay
2023-02-02,13199.0,-4276.0,0.0,100,416.78,449.0,0,0.0,0.0,,0.0,1,34.37,44.91,SPY240119C00405000,405.0,normalDay
2023-02-03,13199.0,-4501.0,0.0,100,412.35,449.0,0,0.0,0.0,,0.0,1,34.37,42.73,SPY240119C00405000,405.0,normalDay
2023-02-06,13199.0,-4642.0,0.0,100,409.83,449.0,0,0.0,0.0,,0.0,1,34.37,41.62,SPY240119C00405000,405.0,normalDay
2023-02-07,13199.0,-4423.0,0.0,100,415.19,449.0,0,0.0,0.0,,0.0,1,34.37,44.79,SPY240119C00405000,405.0,normalDay
2023-02-08,13199.0,-4628.0,0.0,100,410.65,449.0,0,0.0,0.0,,0.0,1,34.37,42.3,SPY240119C00405000,405.0,normalDay
2023-02-09,13199.0,-4765.0,0.0,100,407.09,449.0,0,0.0,0.0,,0.0,1,34.37,40.11,SPY240119C00405000,405.0,normalDay
2023-02-10,13199.0,-4745.0,0.0,100,408.04,449.0,0,0.0,0.0,,0.0,1,34.37,40.86,SPY240119C00405000,405.0,normalDay
2023-02-13,13199.0,-4514.0,0.0,100,412.83,449.0,0,0.0,0.0,,0.0,1,34.37,43.34,SPY240119C00405000,405.0,normalDay
2023-02-14,13199.0,-4496.0,0.0,100,412.64,449.0,0,0.0,0.0,,0.0,1,34.37,42.97,SPY240119C00405000,405.0,normalDay
2023-02-15,13199.0,-4450.0,0.0,100,413.98,449.0,0,0.0,0.0,,0.0,1,34.37,43.85,SPY240119C00405000,405.0,normalDay
2023-02-16,13199.0,-4651.0,0.0,100,408.28,449.0,0,0.0,0.0,,0.0,1,34.37,40.16,SPY240119C00405000,405.0,normalDay
2023-02-17,13199.0,-4670.0,0.0,100,407.26,449.0,0,0.0,0.0,,0.0,1,34.37,39.33,SPY240119C00405000,405.0,normalDay
2023-02-21,13199.0,-5006.0,0.0,100,399.09,449.0,0,0.0,0.0,,0.0,1,34.37,34.52,SPY240119C00405000,405.0,normalDay
2023-02-22,13199.0,-4962.0,0.0,100,398.54,449.0,0,0.0,0.0,,0.0,1,34.37,33.53,SPY240119C00405000,405.0,normalDay
2023-02-23,13199.0,-4835.0,0.0,100,400.66,449.0,0,0.0,0.0,,0.0,1,34.37,34.38,SPY240119C00405000,405.0,normalDay
2023-02-24,13199.0,-5046.0,0.0,100,396.38,449.0,0,0.0,0.0,,0.0,1,34.37,32.21,SPY240119C00405000,405.0,normalDay
2023-02-27,13199.0,-4959.0,0.0,100,397.73,449.0,0,0.0,0.0,,0.0,1,34.37,32.69,SPY240119C00405000,405.0,normalDay
2023-02-28,13199.0,-4978.0,0.0,100,396.26,449.0,0,0.0,0.0,,0.0,1,34.37,31.41,SPY240119C00405000,405.0,normalDay
2023-03-01,13199.0,-5025.0,0.0,100,394.74,449.0,0,0.0,0.0,,0.0,1,34.37,30.36,SPY240119C00405000,405.0,normalDay
2023-03-02,13199.0,-4862.0,0.0,100,397.81,449.0,0,0.0,0.0,,0.0,1,34.37,31.8,SPY240119C00405000,405.0,normalDay
2023-03-03,13199.0,-4626.0,0.0,100,404.19,449.0,0,0.0,0.0,,0.0,1,34.37,35.82,SPY240119C00405000,405.0,normalDay
2023-03-06,13199.0,-4559.0,0.0,100,404.47,449.0,0,0.0,0.0,,0.0,1,34.37,35.43,SPY240119C00405000,405.0,normalDay
2023-03-07,13199.0,-4825.0,0.0,100,398.27,449.0,0,0.0,0.0,,0.0,1,34.37,31.89,SPY240119C00405000,405.0,normalDay
2023-03-08,13199.0,-4770.0,0.0,100,398.92,449.0,0,0.0,0.0,,0.0,1,34.37,31.99,SPY240119C00405000,405.0,normalDay
2023-03-09,13199.0,-5182.0,0.0,100,391.56,449.0,0,0.0,0.0,,0.0,1,34.37,28.75,SPY240119C00405000,405.0,normalDay
2023-03-10,13199.0,-5437.0,0.0,100,385.91,449.0,0,0.0,0.0,,0.0,1,34.37,25.65,SPY240119C00405000,405.0,normalDay
2023-03-13,13199.0,-5384.0,0.0,100,385.36,449.0,0,0.0,0.0,,0.0,1,34.37,24.57,SPY240119C00405000,405.0,normalDay
2023-03-14,13199.0,-4988.0,0.0,100,391.73,449.0,0,0.0,0.0,,0.0,1,34.37,26.98,SPY240119C00405000,405.0,normalDay
2023-03-15,13199.0,-5219.0,0.0,100,389.28,449.0,0,0.0,0.0,,0.0,1,34.37,26.84,SPY240119C00405000,405.0,normalDay
2023-03-16,13199.0,-4888.0,0.0,100,396.11,449.0,0,0.0,0.0,,0.0,1,34.37,30.36,SPY240119C00405000,405.0,normalDay
2023-03-17,13199.0,-5328.0,0.0,100,389.99,449.0,0,0.0,0.0,,0.0,1,34.37,28.64,SPY240119C00405000,405.0,normalDay
2023-03-20,13199.0,-5050.0,0.0,100,393.74,449.0,0,0.0,0.0,,0.0,1,34.37,29.61,SPY240119C00405000,405.0,normalDay
2023-03-21,13199.0,-4795.0,0.0,100,398.91,449.0,0,0.0,0.0,,0.0,1,34.37,32.23,SPY240119C00405000,405.0,normalDay
2023-03-22,13199.0,-5104.0,0.0,100,392.11,449.0,0,0.0,0.0,,0.0,1,34.37,28.52,SPY240119C00405000,405.0,normalDay
2023-03-23,13199.0,-5115.0,0.0,100,393.17,449.0,0,0.0,0.0,,0.0,1,34.37,29.69,SPY240119C00405000,405.0,normalDay
2023-03-24,13199.0,-4881.0,0.0,100,395.75,449.0,0,0.0,0.0,,0.0,1,34.37,29.93,SPY240119C00405000,405.0,normalDay
2023-03-27,13199.0,-4811.0,0.0,100,396.49,449.0,0,0.0,0.0,,0.0,1,34.37,29.97,SPY240119C00405000,405.0,normalDay
2023-03-28,13199.0,-4844.0,0.0,100,395.6,449.0,0,0.0,0.0,,0.0,1,34.37,29.41,SPY240119C00405000,405.0,normalDay
2023-03-29,13199.0,-4558.0,0.0,100,401.35,449.0,0,0.0,0.0,,0.0,1,34.37,32.3,SPY240119C00405000,405.0,normalDay
2023-03-30,13199.0,-4473.0,0.0,100,403.7,449.0,0,0.0,0.0,,0.0,1,34.37,33.8,SPY240119C00405000,405.0,normalDay
2023-03-31,13199.0,-4277.0,0.0,100,409.39,449.0,0,0.0,0.0,,0.0,1,34.37,37.53,SPY240119C00405000,405.0,normalDay
2023-04-03,13199.0,-4181.0,0.0,100,410.95,449.0,0,0.0,0.0,,0.0,1,34.37,38.13,SPY240119C00405000,405.0,normalDay
2023-04-04,13199.0,-4245.0,0.0,100,408.67,449.0,0,0.0,0.0,,0.0,1,34.37,36.49,SPY240119C00405000,405.0,normalDay
2023-04-05,13199.0,-4253.0,0.0,100,407.6,449.0,0,0.0,0.0,,0.0,1,34.37,35.5,SPY240119C00405000,405.0,normalDay
2023-04-06,13199.0,-4196.0,0.0,100,409.19,449.0,0,0.0,0.0,,0.0,1,34.37,36.52,SPY240119C00405000,405.0,normalDay
2023-04-10,13199.0,-4210.0,0.0,100,409.61,449.0,0,0.0,0.0,,0.0,1,34.37,37.08,SPY240119C00405000,405.0,normalDay
2023-04-11,13199.0,-4219.0,0.0,100,409.72,449.0,0,0.0,0.0,,0.0,1,34.37,37.28,SPY240119C00405000,405.0,normalDay
2023-04-12,13199.0,-4247.0,0.0,100,408.05,449.0,0,0.0,0.0,,0.0,1,34.37,35.89,SPY240119C00405000,405.0,normalDay
2023-04-13,13199.0,-3988.0,0.0,100,413.47,449.0,0,0.0,0.0,,0.0,1,34.37,38.72,SPY240119C00405000,405.0,normalDay
2023-04-14,13199.0,-4035.0,0.0,100,412.46,449.0,0,0.0,0.0,,0.0,1,34.37,38.18,SPY240119C00405000,405.0,normalDay
2023-04-17,13199.0,-3946.0,0.0,100,413.94,449.0,0,0.0,0.0,,0.0,1,34.37,38.77,SPY240119C00405000,405.0,normalDay
2023-04-18,13199.0,-3904.0,0.0,100,414.21,449.0,0,0.0,0.0,,0.0,1,34.37,38.62,SPY240119C00405000,405.0,normalDay
2023-04-19,13199.0,-3905.0,0.0,100,414.14,449.0,0,0.0,0.0,,0.0,1,34.37,38.56,SPY240119C00405000,405.0,normalDay
2023-04-20,13199.0,-4032.0,0.0,100,411.88,449.0,0,0.0,0.0,,0.0,1,34.37,37.57,SPY240119C00405000,405.0,normalDay
2023-04-21,13199.0,-3967.0,0.0,100,412.2,449.0,0,0.0,0.0,,0.0,1,34.37,37.24,SPY240119C00405000,405.0,normalDay
2023-04-24,13199.0,-3953.0,0.0,100,412.63,449.0,0,0.0,0.0,,0.0,1,34.37,37.53,SPY240119C00405000,405.0,normalDay
2023-04-25,13199.0,-4261.0,0.0,100,406.08,449.0,0,0.0,0.0,,0.0,1,34.37,34.06,SPY240119C00405000,405.0,normalDay
2023-04-26,13199.0,-4246.0,0.0,100,404.36,449.0,0,0.0,0.0,,0.0,1,34.37,32.19,SPY240119C00405000,405.0,normalDay
2023-04-27,13199.0,-3994.0,0.0,100,412.41,449.0,0,0.0,0.0,,0.0,1,34.37,37.72,SPY240119C00405000,405.0,normalDay
2023-04-28,13199.0,-3766.0,0.0,100,415.93,449.0,0,0.0,0.0,,0.0,1,34.37,38.96,SPY240119C00405000,405.0,normalDay
2023-05-01,13199.0,-3794.0,0.0,100,415.51,449.0,0,0.0,0.0,,0.0,1,34.37,38.82,SPY240119C00405000,405.0,normalDay
2023-05-02,13199.0,-3910.0,0.0,100,410.84,449.0,0,0.0,0.0,,0.0,1,34.37,35.31,SPY240119C00405000,405.0,normalDay
2023-05-03,13199.0,-4095.0,0.0,100,408.02,449.0,0,0.0,0.0,,0.0,1,34.37,34.34,SPY240119C00405000,405.0,normalDay
2023-05-04,13199.0,-4155.0,0.0,100,405.13,449.0,0,0.0,0.0,,0.0,1,34.37,32.05,SPY240119C00405000,405.0,normalDay
2023-05-05,13199.0,-3818.0,0.0,100,412.63,449.0,0,0.0,0.0,,0.0,1,34.37,36.18,SPY240119C00405000,405.0,normalDay
2023-05-08,13199.0,-3800.0,0.0,100,412.74,449.0,0,0.0,0.0,,0.0,1,34.37,36.11,SPY240119C00405000,405.0,normalDay
2023-05-09,13199.0,-3903.0,0.0,100,410.93,449.0,0,0.0,0.0,,0.0,1,34.37,35.33,SPY240119C00405000,405.0,normalDay
2023-05-10,13199.0,-3792.0,0.0,100,412.85,449.0,0,0.0,0.0,,0.0,1,34.37,36.14,SPY240119C00405000,405.0,normalDay
2023-05-11,13199.0,-3740.0,0.0,100,412.13,449.0,0,0.0,0.0,,0.0,1,34.37,34.9,SPY240119C00405000,405.0,normalDay
2023-05-12,13199.0,-3767.0,0.0,100,411.59,449.0,0,0.0,0.0,,0.0,1,34.37,34.63,SPY240119C00405000,405.0,normalDay
2023-05-15,13199.0,-3703.0,0.0,100,413.01,449.0,0,0.0,0.0,,0.0,1,34.37,35.41,SPY240119C00405000,405.0,normalDay
2023-05-16,13199.0,-3821.0,0.0,100,410.25,449.0,0,0.0,0.0,,0.0,1,34.37,33.83,SPY240119C00405000,405.0,normalDay
2023-05-17,13199.0,-3590.0,0.0,100,415.23,449.0,0,0.0,0.0,,0.0,1,34.37,36.5,SPY240119C00405000,405.0,normalDay
2023-05-18,13199.0,-3433.0,0.0,100,419.23,449.0,0,0.0,0.0,,0.0,1,34.37,38.93,SPY240119C00405000,405.0,normalDay
2023-05-19,13199.0,-3476.0,0.0,100,418.62,449.0,0,0.0,0.0,,0.0,1,34.37,38.75,SPY240119C00405000,405.0,normalDay
2023-05-22,13199.0,-3479.0,0.0,100,418.79,449.0,0,0.0,0.0,,0.0,1,34.37,38.95,SPY240119C00405000,405.0,normalDay
2023-05-23,13199.0,-3630.0,0.0,100,414.09,449.0,0,0.0,0.0,,0.0,1,34.37,35.76,SPY240119C00405000,405.0,normalDay
2023-05-24,13199.0,-3754.0,0.0,100,411.09,449.0,0,0.0,0.0,,0.0,1,34.37,34.0,SPY240119C00405000,405.0,normalDay
2023-05-25,13199.0,-3599.0,0.0,100,414.65,449.0,0,0.0,0.0,,0.0,1,34.37,36.01,SPY240119C00405000,405.0,normalDay
2023-05-26,13199.0,-3443.0,0.0,100,420.02,449.0,0,0.0,0.0,,0.0,1,34.37,39.82,SPY240119C00405000,405.0,normalDay
2023-05-30,13199.0,-3393.0,0.0,100,420.18,449.0,0,0.0,0.0,,0.0,1,34.37,39.48,SPY240119C00405000,405.0,normalDay
2023-05-31,13199.0,-3421.0,0.0,100,417.85,449.0,0,0.0,0.0,,0.0,1,34.37,37.43,SPY240119C00405000,405.0,normalDay
2023-06-01,13199.0,-3249.0,0.0,100,421.82,449.0,0,0.0,0.0,,0.0,1,34.37,39.68,SPY240119C00405000,405.0,normalDay
2023-06-02,13199.0,-3061.0,0.0,100,427.92,449.0,0,0.0,0.0,,0.0,1,34.37,43.9,SPY240119C00405000,405.0,normalDay
2023-06-05,13199.0,-3054.0,0.0,100,427.1,449.0,0,0.0,0.0,,0.0,1,34.37,43.01,SPY240119C00405000,405.0,normalDay
2023-06-06,13199.0,-2998.0,0.0,100,428.03,449.0,0,0.0,0.0,,0.0,1,34.37,43.38,SPY240119C00405000,405.0,normalDay
2023-06-07,13199.0,-2995.0,0.0,100,426.55,449.0,0,0.0,0.0,,0.0,1,34.37,41.87,SPY240119C00405000,405.0,normalDay
2023-06-08,13199.0,-2870.0,0.0,100,429.13,449.0,0,0.0,0.0,,0.0,1,34.37,43.2,SPY240119C00405000,405.0,normalDay
2023-06-09,13199.0,-2904.0,0.0,100,429.9,449.0,0,0.0,0.0,,0.0,1,34.37,44.31,SPY240119C00405000,405.0,normalDay
2023-06-12,13199.0,-2788.0,0.0,100,433.8,449.0,0,0.0,0.0,,0.0,1,34.37,47.05,SPY240119C00405000,405.0,normalDay
2023-06-13,13199.0,-2752.0,0.0,100,436.66,449.0,0,0.0,0.0,,0.0,1,34.37,49.55,SPY240119C00405000,405.0,normalDay
2023-06-14,13199.0,-2759.0,0.0,100,437.18,449.0,0,0.0,0.0,,0.0,1,34.37,50.14,SPY240119C00405000,405.0,normalDay
2023-06-15,13199.0,-2597.0,0.0,100,442.6,449.0,0,0.0,0.0,,0.0,1,34.37,53.94,SPY240119C00405000,405.0,normalDay
2023-06-16,13199.0,-2852.0,0.0,100,439.46,449.0,0,0.0,0.0,,0.0,1,34.37,53.35,SPY240119C00405000,405.0,normalDay
2023-06-20,13199.0,-2832.0,0.0,100,437.18,449.0,0,0.0,0.0,,0.0,1,34.37,50.87,SPY240119C00405000,405.0,normalDay
2023-06-21,13199.0,-2889.0,0.0,100,434.94,449.0,0,0.0,0.0,,0.0,1,34.37,49.2,SPY240119C00405000,405.0,normalDay
2023-06-22,13199.0,-2803.0,0.0,100,436.51,449.0,0,0.0,0.0,,0.0,1,34.37,49.91,SPY240119C00405000,405.0,normalDay
2023-06-23,13199.0,-2881.0,0.0,100,433.21,449.0,0,0.0,0.0,,0.0,1,34.37,47.39,SPY240119C00405000,405.0,normalDay
2023-06-26,13199.0,-2903.0,0.0,100,431.44,449.0,0,0.0,0.0,,0.0,1,34.37,45.84,SPY240119C00405000,405.0,normalDay
2023-06-27,13199.0,-2735.0,0.0,100,436.17,449.0,0,0.0,0.0,,0.0,1,34.37,48.89,SPY240119C00405000,405.0,normalDay
2023-06-28,13199.0,-2743.0,0.0,100,436.39,449.0,0,0.0,0.0,,0.0,1,34.37,49.19,SPY240119C00405000,405.0,normalDay
2023-06-29,13199.0,-2688.0,0.0,100,438.11,449.0,0,0.0,0.0,,0.0,1,34.37,50.36,SPY240119C00405000,405.0,normalDay
2023-06-30,13199.0,-2613.0,0.0,100,443.28,449.0,0,0.0,0.0,,0.0,1,34.37,54.78,SPY240119C00405000,405.0,normalDay
2023-07-03,13199.0,-2631.0,0.0,100,443.79,449.0,0,0.0,0.0,,0.0,1,34.37,55.47,SPY240119C00405000,405.0,normalDay
2023-07-05,13199.0,-2594.0,0.0,100,443.13,449.0,0,0.0,0.0,,0.0,1,34.37,54.44,SPY240119C00405000,405.0,normalDay
2023-07-06,13199.0,-2824.0,0.0,100,439.66,449.0,0,0.0,0.0,,0.0,1,34.37,53.27,SPY240119C00405000,405.0,normalDay
2023-07-07,13199.0,-2705.0,0.0,100,438.55,449.0,0,0.0,0.0,,0.0,1,34.37,50.97,SPY240119C00405000,405.0,normalDay
2023-07-10,13199.0,-2640.0,0.0,100,439.66,449.0,0,0.0,0.0,,0.0,1,34.37,51.43,SPY240119C00405000,405.0,normalDay
2023-07-11,13199.0,-2547.0,0.0,100,442.46,449.0,0,0.0,0.0,,0.0,1,34.37,53.3,SPY240119C00405000,405.0,normalDay
2023-07-12,13199.0,-2476.0,0.0,100,446.02,449.0,0,0.0,0.0,,0.0,1,34.37,56.15,SPY240119C00405000,405.0,normalDay
2023-07-13,13199.0,-2404.0,0.0,100,449.56,449.0,0,0.0,0.0,,0.0,1,34.37,58.97,SPY240119C00405000,405.0,normalDay
2023-07-14,13199.0,-2389.0,0.0,100,449.28,449.0,0,0.0,0.0,,0.0,1,34.37,58.54,SPY240119C00405000,405.0,normalDay
2023-07-17,13199.0,-2350.0,0.0,100,450.84,449.0,0,0.0,0.0,,0.0,1,34.37,59.71,SPY240119C00405000,405.0,normalDay
2023-07-18,13199.0,-2322.0,0.0,100,454.19,449.0,0,0.0,0.0,,0.0,1,34.37,62.78,SPY240119C00405000,405.0,normalDay
2023-07-19,13199.0,-2338.0,0.0,100,455.2,449.0,0,0.0,0.0,,0.0,1,34.37,63.95,SPY240119C00405000,405.0,normalDay
2023-07-20,13199.0,-2393.0,0.0,100,452.18,449.0,0,0.0,0.0,,0.0,1,34.37,61.48,SPY240119C00405000,405.0,normalDay
2023-07-21,13199.0,-2348.0,0.0,100,452.18,449.0,0,0.0,0.0,,0.0,1,34.37,61.03,SPY240119C00405000,405.0,normalDay
2023-07-24,13199.0,-2324.0,0.0,100,454.2,449.0,0,0.0,0.0,,0.0,1,34.37,62.81,SPY240119C00405000,405.0,normalDay
2023-07-25,13199.0,-2366.0,0.0,100,455.44,449.0,0,0.0,0.0,,0.0,1,34.37,64.47,SPY240119C00405000,405.0,normalDay
2023-07-26,13199.0,-2405.0,0.0,100,455.51,449.0,0,0.0,0.0,,0.0,1,34.37,64.93,SPY240119C00405000,405.0,normalDay
2023-07-27,13199.0,-2366.0,0.0,100,452.49,449.0,0,0.0,0.0,,0.0,1,34.37,61.52,SPY240119C00405000,405.0,normalDay
2023-07-28,13199.0,-2260.0,0.0,100,456.92,449.0,0,0.0,0.0,,0.0,1,34.37,64.89,SPY240119C00405000,405.0,normalDay
2023-07-31,13199.0,-2248.0,0.0,100,457.79,449.0,0,0.0,0.0,,0.0,1,34.37,65.64,SPY240119C00405000,405.0,normalDay
2023-08-01,13199.0,-2233.0,0.0,100,456.48,449.0,0,0.0,0.0,,0.0,1,34.37,64.18,SPY240119C00405000,405.0,normalDay
2023-08-02,13199.0,-2379.0,0.0,100,450.13,449.0,0,0.0,0.0,,0.0,1,34.37,59.29,SPY240119C00405000,405.0,normalDay
2023-08-03,13199.0,-2582.0,0.0,100,448.84,449.0,0,0.0,0.0,,0.0,1,34.37,60.03,SPY240119C00405000,405.0,normalDay
2023-08-04,13199.0,-2412.0,0.0,100,446.81,449.0,0,0.0,0.0,,0.0,1,34.37,56.3,SPY240119C00405000,405.0,normalDay
2023-08-07,13199.0,-2305.0,0.0,100,450.71,449.0,0,0.0,0.0,,0.0,1,34.37,59.13,SPY240119C00405000,405.0,normalDay
2023-08-08,13199.0,-2317.0,0.0,100,448.75,449.0,0,0.0,0.0,,0.0,1,34.37,57.29,SPY240119C00405000,405.0,normalDay
2023-08-09,13199.0,-2393.0,0.0,100,445.75,449.0,0,0.0,0.0,,0.0,1,34.37,55.05,SPY240119C00405000,405.0,normalDay
2023-08-10,13199.0,-2317.0,0.0,100,445.91,449.0,0,0.0,0.0,,0.0,1,34.37,54.45,SPY240119C00405000,405.0,normalDay
2023-08-11,13199.0,-2312.0,0.0,100,445.65,449.0,0,0.0,0.0,,0.0,1,34.37,54.14,SPY240119C00405000,405.0,normalDay
2023-08-14,13199.0,-2240.0,0.0,100,448.11,449.0,0,0.0,0.0,,0.0,1,34.37,55.88,SPY240119C00405000,405.0,normalDay
2023-08-15,13199.0,-2331.0,0.0,100,442.89,449.0,0,0.0,0.0,,0.0,1,34.37,51.57,SPY240119C00405000,405.0,normalDay
2023-08-16,13199.0,-2408.0,0.0,100,439.64,449.0,0,0.0,0.0,,0.0,1,34.37,49.09,SPY240119C00405000,405.0,normalDay
2023-08-17,13199.0,-2457.0,0.0,100,436.29,449.0,0,0.0,0.0,,0.0,1,34.37,46.23,SPY240119C00405000,405.0,normalDay
2023-08-18,13199.0,-2422.0,0.0,100,436.5,449.0,0,0.0,0.0,,0.0,1,34.37,46.09,SPY240119C00405000,405.0,normalDay
2023-08-21,13199.0,-2303.0,0.0,100,439.34,449.0,0,0.0,0.0,,0.0,1,34.37,47.74,SPY240119C00405000,405.0,normalDay
2023-08-22,13199.0,-2330.0,0.0,100,438.15,449.0,0,0.0,0.0,,0.0,1,34.37,46.82,SPY240119C00405000,405.0,normalDay
2023-08-23,13199.0,-2259.0,0.0,100,443.03,449.0,0,0.0,0.0,,0.0,1,34.37,50.99,SPY240119C00405000,405.0,normalDay
2023-08-24,13199.0,-2332.0,0.0,100,436.89,449.0,0,0.0,0.0,,0.0,1,34.37,45.58,SPY240119C00405000,405.0,normalDay
2023-08-25,13199.0,-2253.0,0.0,100,439.97,449.0,0,0.0,0.0,,0.0,1,34.37,47.87,SPY240119C00405000,405.0,normalDay
2023-08-28,13199.0,-2171.0,0.0,100,442.76,449.0,0,0.0,0.0,,0.0,1,34.37,49.84,SPY240119C00405000,405.0,normalDay
2023-08-29,13199.0,-2053.0,0.0,100,449.16,449.0,0,0.0,0.0,,0.0,1,34.37,55.06,SPY240119C00405000,405.0,normalDay
2023-08-30,13199.0,-2005.0,0.0,100,451.01,449.0,0,0.0,0.0,,0.0,1,34.37,56.43,SPY240119C00405000,405.0,normalDay
2023-08-31,13199.0,-2002.0,0.0,100,450.35,449.0,0,0.0,0.0,,0.0,1,34.37,55.74,SPY240119C00405000,405.0,normalDay
2023-09-01,13199.0,-1910.0,0.0,100,451.19,449.0,0,0.0,0.0,,0.0,1,34.37,55.66,SPY240119C00405000,405.0,normalDay
2023-09-05,13199.0,-1952.0,0.0,100,449.24,449.0,0,0.0,0.0,,0.0,1,34.37,54.13,SPY240119C00405000,405.0,normalDay
2023-09-06,13199.0,-1984.0,0.0,100,446.22,449.0,0,0.0,0.0,,0.0,1,34.37,51.43,SPY240119C00405000,405.0,normalDay
2023-09-07,13199.0,-1990.0,0.0,100,444.85,449.0,0,0.0,0.0,,0.0,1,34.37,50.12,SPY240119C00405000,405.0,normalDay
2023-09-08,13199.0,-1981.0,0.0,100,445.52,449.0,0,0.0,0.0,,0.0,1,34.37,50.7,SPY240119C00405000,405.0,normalDay
2023-09-11,13199.0,-1892.0,0.0,100,448.45,449.0,0,0.0,0.0,,0.0,1,34.37,52.74,SPY240119C00405000,405.0,normalDay
2023-09-12,13199.0,-1932.0,0.0,100,445.99,449.0,0,0.0,0.0,,0.0,1,34.37,50.68,SPY240119C00405000,405.0,normalDay
2023-09-13,13199.0,-1908.0,0.0,100,446.51,449.0,0,0.0,0.0,,0.0,1,34.37,50.96,SPY240119C00405000,405.0,normalDay
2023-09-14,13199.0,-1822.0,0.0,100,450.36,449.0,0,0.0,0.0,,0.0,1,34.37,53.95,SPY240119C00405000,405.0,normalDay
2023-09-15,13199.0,-2019.0,0.0,100,443.37,449.0,0,0.0,0.0,,0.0,1,34.37,48.93,SPY240119C00405000,405.0,normalDay
2023-09-18,13199.0,-2003.0,0.0,100,443.63,449.0,0,0.0,0.0,,0.0,1,34.37,49.03,SPY240119C00405000,405.0,normalDay
2023-09-19,13199.0,-2008.0,0.0,100,442.71,449.0,0,0.0,0.0,,0.0,1,34.37,48.16,SPY240119C00405000,405.0,normalDay
2023-09-20,13199.0,-2027.0,0.0,100,438.64,449.0,0,0.0,0.0,,0.0,1,34.37,44.28,SPY240119C00405000,405.0,normalDay
2023-09-21,13199.0,-2167.0,0.0,100,431.39,449.0,0,0.0,0.0,,0.0,1,34.37,38.43,SPY240119C00405000,405.0,normalDay
2023-09-22,13199.0,-2207.0,0.0,100,430.42,449.0,0,0.0,0.0,,0.0,1,34.37,37.86,SPY240119C00405000,405.0,normalDay
2023-09-25,13199.0,-2144.0,0.0,100,432.23,449.0,0,0.0,0.0,,0.0,1,34.37,39.04,SPY240119C00405000,405.0,normalDay
2023-09-26,13199.0,-2343.0,0.0,100,425.88,449.0,0,0.0,0.0,,0.0,1,34.37,34.68,SPY240119C00405000,405.0,normalDay
2023-09-27,13199.0,-2309.0,0.0,100,426.05,449.0,0,0.0,0.0,,0.0,1,34.37,34.51,SPY240119C00405000,405.0,normalDay
2023-09-28,13199.0,-2169.0,0.0,100,428.52,449.0,0,0.0,0.0,,0.0,1,34.37,35.58,SPY240119C00405000,405.0,normalDay
2023-09-29,13199.0,-2260.0,0.0,100,427.48,449.0,0,0.0,0.0,,0.0,1,34.37,35.45,SPY240119C00405000,405.0,normalDay
2023-10-02,13199.0,-2194.0,0.0,100,427.31,449.0,0,0.0,0.0,,0.0,1,34.37,34.62,SPY240119C00405000,405.0,normalDay
2023-10-03,13199.0,-2371.0,0.0,100,421.59,449.0,0,0.0,0.0,,0.0,1,34.37,30.67,SPY240119C00405000,405.0,normalDay
2023-10-04,13199.0,-2230.0,0.0,100,424.66,449.0,0,0.0,0.0,,0.0,1,34.37,32.33,SPY240119C00405000,405.0,normalDay
2023-10-05,13199.0,-2199.0,0.0,100,424.5,449.0,0,0.0,0.0,,0.0,1,34.37,31.86,SPY240119C00405000,405.0,normalDay
2023-10-06,13199.0,-2124.0,0.0,100,429.54,449.0,0,0.0,0.0,,0.0,1,34.37,36.15,SPY240119C00405000,405.0,normalDay
2023-10-09,13199.0,-2042.0,0.0,100,432.29,449.0,0,0.0,0.0,,0.0,1,34.37,38.08,SPY240119C00405000,405.0,normalDay
2023-10-10,13199.0,-1954.0,0.0,100,434.54,449.0,0,0.0,0.0,,0.0,1,34.37,39.45,SPY240119C00405000,405.0,normalDay
2023-10-11,13199.0,-1961.0,0.0,100,436.32,449.0,0,0.0,0.0,,0.0,1,34.37,41.3,SPY240119C00405000,405.0,normalDay
2023-10-12,13199.0,-1960.0,0.0,100,433.66,449.0,0,0.0,0.0,,0.0,1,34.37,38.63,SPY240119C00405000,405.0,normalDay
2023-10-13,13199.0,-2018.0,0.0,100,431.5,449.0,0,0.0,0.0,,0.0,1,34.37,37.05,SPY240119C00405000,405.0,normalDay
2023-10-16,13199.0,-1906.0,0.0,100,436.04,449.0,0,0.0,0.0,,0.0,1,34.37,40.47,SPY240119C00405000,405.0,normalDay
2023-10-17,13199.0,-1859.0,0.0,100,436.02,449.0,0,0.0,0.0,,0.0,1,34.37,39.98,SPY240119C00405000,405.0,normalDay
2023-10-18,13199.0,-2086.0,0.0,100,430.21,449.0,0,0.0,0.0,,0.0,1,34.37,36.44,SPY240119C00405000,405.0,normalDay
2023-10-19,13199.0,-2069.0,0.0,100,426.43,449.0,0,0.0,0.0,,0.0,1,34.37,32.49,SPY240119C00405000,405.0,normalDay
2023-10-20,13199.0,-2227.0,0.0,100,421.19,449.0,0,0.0,0.0,,0.0,1,34.37,28.83,SPY240119C00405000,405.0,normalDay
2023-10-23,13199.0,-2238.0,0.0,100,420.46,449.0,0,0.0,0.0,,0.0,1,34.37,28.21,SPY240119C00405000,405.0,normalDay
2023-10-24,13199.0,-2115.0,0.0,100,423.63,449.0,0,0.0,0.0,,0.0,1,34.37,30.15,SPY240119C00405000,405.0,normalDay
2023-10-25,13199.0,-2274.0,0.0,100,417.55,449.0,0,0.0,0.0,,0.0,1,34.37,25.66,SPY240119C00405000,405.0,normalDay
2023-10-26,13199.0,-2363.0,0.0,100,412.55,449.0,0,0.0,0.0,,0.0,1,34.37,21.55,SPY240119C00405000,405.0,normalDay
2023-10-27,13199.0,-2405.0,0.0,100,410.68,449.0,0,0.0,0.0,,0.0,1,34.37,20.1,SPY240119C00405000,405.0,normalDay
2023-10-30,13199.0,-2162.0,0.0,100,415.59,449.0,0,0.0,0.0,,0.0,1,34.37,22.58,SPY240119C00405000,405.0,normalDay
2023-10-31,13199.0,-1999.0,0.0,100,418.2,449.0,0,0.0,0.0,,0.0,1,34.37,23.56,SPY240119C00405000,405.0,normalDay
2023-11-01,13199.0,-1898.0,0.0,100,422.66,449.0,0,0.0,0.0,,0.0,1,34.37,27.01,SPY240119C00405000,405.0,normalDay
2023-11-02,13199.0,-1696.0,0.0,100,430.76,449.0,0,0.0,0.0,,0.0,1,34.37,33.09,SPY240119C00405000,405.0,normalDay
2023-11-03,13199.0,-1668.0,0.0,100,434.69,449.0,0,0.0,0.0,,0.0,1,34.37,36.74,SPY240119C00405000,405.0,normalDay
2023-11-06,13199.0,-1574.0,0.0,100,435.69,449.0,0,0.0,0.0,,0.0,1,34.37,36.8,SPY240119C00405000,405.0,normalDay
2023-11-07,13199.0,-1574.0,0.0,100,436.93,449.0,0,0.0,0.0,,0.0,1,34.37,38.04,SPY240119C00405000,405.0,normalDay
2023-11-08,13199.0,-1524.0,0.0,100,437.25,449.0,0,0.0,0.0,,0.0,1,34.37,37.86,SPY240119C00405000,405.0,normalDay
2023-11-09,13199.0,-1598.0,0.0,100,433.84,449.0,0,0.0,0.0,,0.0,1,34.37,35.19,SPY240119C00405000,405.0,normalDay
2023-11-10,13199.0,-1507.0,0.0,100,440.61,449.0,0,0.0,0.0,,0.0,1,34.37,41.05,SPY240119C00405000,405.0,normalDay
2023-11-13,13199.0,-1488.0,0.0,100,440.19,449.0,0,0.0,0.0,,0.0,1,34.37,40.44,SPY240119C00405000,405.0,normalDay
2023-11-14,13199.0,-1439.0,0.0,100,448.73,449.0,0,0.0,0.0,,0.0,1,34.37,48.49,SPY240119C00405000,405.0,normalDay
2023-11-15,13199.0,-1347.0,0.0,100,449.68,449.0,0,0.0,0.0,,0.0,1,34.37,48.52,SPY240119C00405000,405.0,normalDay
2023-11-16,13199.0,-1367.0,0.0,100,450.23,449.0,0,0.0,0.0,,0.0,1,34.37,49.27,SPY240119C00405000,405.0,normalDay
2023-11-17,13199.0,-1338.0,0.0,100,450.79,449.0,0,0.0,0.0,,0.0,1,34.37,49.54,SPY240119C00405000,405.0,normalDay
2023-11-20,13199.0,-1306.0,0.0,100,454.26,449.0,0,0.0,0.0,,0.0,1,34.37,52.69,SPY240119C00405000,405.0,normalDay
2023-11-21,13199.0,-1262.0,0.0,100,453.27,449.0,0,0.0,0.0,,0.0,1,34.37,51.26,SPY240119C00405000,405.0,normalDay
2023-11-22,13199.0,-1292.0,0.0,100,455.02,449.0,0,0.0,0.0,,0.0,1,34.37,53.31,SPY240119C00405000,405.0,normalDay
2023-11-24,13199.0,-1373.0,0.0,100,455.3,449.0,0,0.0,0.0,,0.0,1,34.37,54.4,SPY240119C00405000,405.0,normalDay
2023-11-27,13199.0,-1281.0,0.0,100,454.48,449.0,0,0.0,0.0,,0.0,1,34.37,52.66,SPY240119C00405000,405.0,normalDay
2023-11-28,13199.0,-1267.0,0.0,100,454.93,449.0,0,0.0,0.0,,0.0,1,34.37,52.97,SPY240119C00405000,405.0,normalDay
2023-11-29,13199.0,-1298.0,0.0,100,454.61,449.0,0,0.0,0.0,,0.0,1,34.37,52.96,SPY240119C00405000,405.0,normalDay
2023-11-30,13199.0,-1265.0,0.0,100,456.4,449.0,0,0.0,0.0,,0.0,1,34.37,54.42,SPY240119C00405000,405.0,normalDay
