date,totalCapital,unrializedPnL,rializedPnL,stocksOwned,stocksPriceToday,stocksPriceBoughtAt,putOwned,putOwnedSoldAt,putPriceToday,putOwnedContract,putOwnedStrike,callOwned,callOwnedSoldAt,callPriceToday,callOwnedContract,callOwnedStrike,trackType
2018-11-01,0.0,-13.0,0.0,0,273.51,0.0,1,11.41,11.54,SPY190329P00273000,273.0,0,0.0,0.0,,0.0,normalDay
2018-11-02,0.0,-75.0,0.0,0,271.89,0.0,1,11.41,12.16,SPY190329P00273000,273.0,0,0.0,0.0,,0.0,normalDay
2018-11-05,0.0,18.0,0.0,0,273.39,0.0,1,11.41,11.23,SPY190329P00273000,273.0,0,0.0,0.0,,0.0,normalDay
2018-11-06,0.0,104.0,0.0,0,275.12,0.0,1,11.41,10.37,SPY190329P00273000,273.0,0,0.0,0.0,,0.0,normalDay
2018-11-07,0.0,369.0,0.0,0,281.01,0.0,1,11.41,7.72,SPY190329P00273000,273.0,0,0.0,0.0,,0.0,normalDay
2018-11-08,0.0,374.0,0.0,0,280.5,0.0,1,11.41,7.67,SPY190329P00273000,273.0,0,0.0,0.0,,0.0,normalDay
2018-11-09,0.0,252.0,0.0,0,277.76,0.0,1,11.41,8.89,SPY190329P00273000,273.0,0,0.0,0.0,,0.0,normalDay
2018-11-12,0.0,22.0,0.0,0,272.57,0.0,1,11.41,11.19,SPY190329P00273000,273.0,0,0.0,0.0,,0.0,normalDay
2018-11-13,0.0,-23.0,0.0,0,272.06,0.0,1,11.41,11.64,SPY190329P00273000,273.0,0,0.0,0.0,,0.0,normalDay
2018-11-14,0.0,-150.0,0.0,0,270.2,0.0,1,11.41,12.91,SPY190329P00273000,273.0,0,0.0,0.0,,0.0,normalDay
2018-11-15,0.0,5.0,0.0,0,273.02,0.0,1,11.41,11.36,SPY190329P00273000,273.0,0,0.0,0.0,,0.0,normalDay
2018-11-16,0.0,83.0,0.0,0,273.73,0.0,1,11.41,10.58,SPY190329P00273000,273.0,0,0.0,0.0,,0.0,normalDay
2018-11-19,0.0,-154.0,0.0,0,269.1,0.0,1,11.41,12.95,SPY190329P00273000,273.0,0,0.0,0.0,,0.0,normalDay
2018-11-20,0.0,-488.0,0.0,0,264.12,0.0,1,11.41,16.29,SPY190329P00273000,273.0,0,0.0,0.0,,0.0,normalDay
2018-11-21,0.0,-407.0,0.0,0,265.02,0.0,1,11.41,15.48,SPY190329P00273000,273.0,0,0.0,0.0,,0.0,normalDay
2018-11-23,0.0,-512.0,0.0,0,263.25,0.0,1,11.41,16.53,SPY190329P00273000,273.0,0,0.0,0.0,,0.0,normalDay
2018-11-26,0.0,-176.0,0.0,0,267.5,0.0,1,11.41,13.17,SPY190329P00273000,273.0,0,0.0,0.0,,0.0,normalDay
2018-11-27,0.0,-145.0,0.0,0,268.4,0.0,1,11.41,12.86,SPY190329P00273000,273.0,0,0.0,0.0,,0.0,normalDay
2018-11-28,0.0,132.0,0.0,0,274.58,0.0,1,11.41,10.09,SPY190329P00273000,273.0,0,0.0,0.0,,0.0,normalDay
2018-11-29,0.0,117.0,0.0,0,273.98,0.0,1,11.41,10.24,SPY190329P00273000,273.0,0,0.0,0.0,,0.0,normalDay
2018-11-30,0.0,210.0,0.0,0,275.65,0.0,1,11.41,9.31,SPY190329P00273000,273.0,0,0.0,0.0,,0.0,normalDay
2018-12-03,0.0,379.0,0.0,0,279.3,0.0,1,11.41,7.62,SPY190329P00273000,273.0,0,0.0,0.0,,0.0,normalDay
2018-12-04,0.0,-62.0,0.0,0,270.25,0.0,1,11.41,12.03,SPY190329P00273000,273.0,0,0.0,0.0,,0.0,normalDay
2018-12-06,0.0,-88.0,0.0,0,269.84,0.0,1,11.41,12.29,SPY190329P00273000,273.0,0,0.0,0.0,,0.0,normalDay
2018-12-07,0.0,-488.0,0.0,0,263.57,0.0,1,11.41,16.29,SPY190329P00273000,273.0,0,0.0,0.0,,0.0,normalDay
2018-12-10,0.0,-400.0,0.0,0,264.07,0.0,1,11.41,15.41,SPY190329P00273000,273.0,0,0.0,0.0,,0.0,normalDay
2018-12-11,0.0,-397.0,0.0,0,264.13,0.0,1,11.41,15.38,SPY190329P00273000,273.0,0,0.0,0.0,,0.0,normalDay
2018-12-12,0.0,-346.0,0.0,0,265.46,0.0,1,11.41,14.87,SPY190329P00273000,273.0,0,0.0,0.0,,0.0,normalDay
2018-12-13,0.0,-341.0,0.0,0,265.37,0.0,1,11.41,14.82,SPY190329P00273000,273.0,0,0.0,0.0,,0.0,normalDay
2018-12-14,0.0,-657.0,0.0,0,260.47,0.0,1,11.41,17.98,SPY190329P00273000,273.0,0,0.0,0.0,,0.0,normalDay
2018-12-17,0.0,-1036.0,0.0,0,255.36,0.0,1,11.41,21.77,SPY190329P00273000,273.0,0,0.0,0.0,,0.0,normalDay
2018-12-18,0.0,-1112.0,0.0,0,255.08,0.0,1,11.41,22.53,SPY190329P00273000,273.0,0,0.0,0.0,,0.0,normalDay
2018-12-19,0.0,-1345.0,0.0,0,251.26,0.0,1,11.41,24.86,SPY190329P00273000,273.0,0,0.0,0.0,,0.0,normalDay
2018-12-20,0.0,-1661.0,0.0,0,247.17,0.0,1,11.41,28.02,SPY190329P00273000,273.0,0,0.0,0.0,,0.0,normalDay
2018-12-21,0.0,-2227.0,0.0,0,240.7,0.0,1,11.41,33.68,SPY190329P00273000,273.0,0,0.0,0.0,,0.0,normalDay
2018-12-24,0.0,-2979.0,0.0,0,234.34,0.0,1,11.41,41.2,SPY190329P00273000,273.0,0,0.0,0.0,,0.0,normalDay
2018-12-26,0.0,-1671.0,0.0,0,246.18,0.0,1,11.41,28.12,SPY190329P00273000,273.0,0,0.0,0.0,,0.0,normalDay
2018-12-27,0.0,-1503.0,0.0,0,248.07,0.0,1,11.41,26.44,SPY190329P00273000,273.0,0,0.0,0.0,,0.0,normalDay
2018-12-28,0.0,-1559.0,0.0,0,247.75,0.0,1,11.41,27.0,SPY190329P00273000,273.0,0,0.0,0.0,,0.0,normalDay
2018-12-31,0.0,-1348.0,0.0,0,249.92,0.0,1,11.41,24.89,SPY190329P00273000,273.0,0,0.0,0.0,,0.0,normalDay
2019-01-02,0.0,-1275.0,0.0,0,250.18,0.0,1,11.41,24.16,SPY190329P00273000,273.0,0,0.0,0.0,,0.0,normalDay
2019-01-03,0.0,-1842.0,0.0,0,244.21,0.0,1,11.41,29.83,SPY190329P00273000,273.0,0,0.0,0.0,,0.0,normalDay
2019-01-04,0.0,-1082.0,0.0,0,252.39,0.0,1,11.41,22.23,SPY190329P00273000,273.0,0,0.0,0.0,,0.0,normalDay
2019-01-07,0.0,-923.0,0.0,0,254.38,0.0,1,11.41,20.64,SPY190329P00273000,273.0,0,0.0,0.0,,0.0,normalDay
2019-01-08,0.0,-724.0,0.0,0,256.77,0.0,1,11.41,18.65,SPY190329P00273000,273.0,0,0.0,0.0,,0.0,normalDay
2019-01-09,0.0,-603.0,0.0,0,257.97,0.0,1,11.41,17.44,SPY190329P00273000,273.0,0,0.0,0.0,,0.0,normalDay
2019-01-10,0.0,-517.0,0.0,0,258.88,0.0,1,11.41,16.58,SPY190329P00273000,273.0,0,0.0,0.0,,0.0,normalDay
2019-01-11,0.0,-482.0,0.0,0,258.98,0.0,1,11.41,16.23,SPY190329P00273000,273.0,0,0.0,0.0,,0.0,normalDay
2019-01-14,0.0,-584.0,0.0,0,257.4,0.0,1,11.41,17.25,SPY190329P00273000,273.0,0,0.0,0.0,,0.0,normalDay
2019-01-15,0.0,-341.0,0.0,0,260.35,0.0,1,11.41,14.82,SPY190329P00273000,273.0,0,0.0,0.0,,0.0,normalDay
2019-01-16,0.0,-289.0,0.0,0,260.98,0.0,1,11.41,14.3,SPY190329P00273000,273.0,0,0.0,0.0,,0.0,normalDay
2019-01-17,0.0,-141.0,0.0,0,262.96,0.0,1,11.41,12.82,SPY190329P00273000,273.0,0,0.0,0.0,,0.0,normalDay
2019-01-18,0.0,71.0,0.0,0,266.46,0.0,1,11.41,10.7,SPY190329P00273000,273.0,0,0.0,0.0,,0.0,normalDay
2019-01-22,0.0,-179.0,0.0,0,262.86,0.0,1,11.41,13.2,SPY190329P00273000,273.0,0,0.0,0.0,,0.0,normalDay
2019-01-23,0.0,-148.0,0.0,0,263.41,0.0,1,11.41,12.89,SPY190329P00273000,273.0,0,0.0,0.0,,0.0,normalDay
2019-01-24,0.0,-139.0,0.0,0,263.55,0.0,1,11.41,12.8,SPY190329P00273000,273.0,0,0.0,0.0,,0.0,normalDay
2019-01-25,0.0,65.0,0.0,0,265.78,0.0,1,11.41,10.76,SPY190329P00273000,273.0,0,0.0,0.0,,0.0,normalDay
2019-01-28,0.0,-79.0,0.0,0,263.76,0.0,1,11.41,12.2,SPY190329P00273000,273.0,0,0.0,0.0,,0.0,normalDay
2019-01-29,0.0,-110.0,0.0,0,263.41,0.0,1,11.41,12.51,SPY190329P00273000,273.0,0,0.0,0.0,,0.0,normalDay
2019-01-30,0.0,186.0,0.0,0,267.58,0.0,1,11.41,9.55,SPY190329P00273000,273.0,0,0.0,0.0,,0.0,normalDay
2019-01-31,0.0,381.0,0.0,0,269.93,0.0,1,11.41,7.6,SPY190329P00273000,273.0,0,0.0,0.0,,0.0,normalDay
2019-02-01,0.0,394.0,0.0,0,270.06,0.0,1,11.41,7.47,SPY190329P00273000,273.0,0,0.0,0.0,,0.0,normalDay
2019-02-04,0.0,511.0,0.0,0,271.96,0.0,1,11.41,6.3,SPY190329P00273000,273.0,0,0.0,0.0,,0.0,normalDay
2019-02-05,0.0,559.0,0.0,0,273.1,0.0,1,11.41,5.82,SPY190329P00273000,273.0,0,0.0,0.0,,0.0,normalDay
2019-02-06,0.0,562.0,0.0,0,272.74,0.0,1,11.41,5.79,SPY190329P00273000,273.0,0,0.0,0.0,,0.0,normalDay
2019-02-07,0.0,429.0,0.0,0,270.14,0.0,1,11.41,7.12,SPY190329P00273000,273.0,0,0.0,0.0,,0.0,normalDay
2019-02-08,0.0,450.0,0.0,0,270.47,0.0,1,11.41,6.91,SPY190329P00273000,273.0,0,0.0,0.0,,0.0,normalDay
2019-02-11,0.0,473.0,0.0,0,270.62,0.0,1,11.41,6.68,SPY190329P00273000,273.0,0,0.0,0.0,,0.0,normalDay
2019-02-12,0.0,658.0,0.0,0,274.1,0.0,1,11.41,4.83,SPY190329P00273000,273.0,0,0.0,0.0,,0.0,normalDay
2019-02-13,0.0,682.0,0.0,0,274.99,0.0,1,11.41,4.59,SPY190329P00273000,273.0,0,0.0,0.0,,0.0,normalDay
2019-02-14,0.0,648.0,0.0,0,274.38,0.0,1,11.41,4.93,SPY190329P00273000,273.0,0,0.0,0.0,,0.0,normalDay
2019-02-15,0.0,794.0,0.0,0,277.37,0.0,1,11.41,3.47,SPY190329P00273000,273.0,0,0.0,0.0,,0.0,normalDay
2019-02-19,0.0,821.0,0.0,0,277.85,0.0,1,11.41,3.2,SPY190329P00273000,273.0,0,0.0,0.0,,0.0,normalDay
2019-02-20,0.0,871.0,0.0,0,278.41,0.0,1,11.41,2.7,SPY190329P00273000,273.0,0,0.0,0.0,,0.0,normalDay
2019-02-21,0.0,841.0,0.0,0,277.42,0.0,1,11.41,3.0,SPY190329P00273000,273.0,0,0.0,0.0,,0.0,normalDay
2019-02-22,0.0,910.0,0.0,0,279.14,0.0,1,11.41,2.31,SPY190329P00273000,273.0,0,0.0,0.0,,0.0,normalDay
2019-02-25,0.0,920.0,0.0,0,279.52,0.0,1,11.41,2.21,SPY190329P00273000,273.0,0,0.0,0.0,,0.0,normalDay
2019-02-26,0.0,911.0,0.0,0,279.32,0.0,1,11.41,2.3,SPY190329P00273000,273.0,0,0.0,0.0,,0.0,normalDay
2019-02-27,0.0,924.0,0.0,0,279.2,0.0,1,11.41,2.17,SPY190329P00273000,273.0,0,0.0,0.0,,0.0,normalDay
2019-02-28,0.0,915.0,0.0,0,278.68,0.0,1,11.41,2.26,SPY190329P00273000,273.0,0,0.0,0.0,,0.0,normalDay
2019-03-01,0.0,986.0,0.0,0,280.42,0.0,1,11.41,1.55,SPY190329P00273000,273.0,0,0.0,0.0,,0.0,normalDay
2019-03-04,0.0,950.0,0.0,0,279.4,0.0,1,11.41,1.91,SPY190329P00273000,273.0,0,0.0,0.0,,0.0,normalDay
2019-03-05,0.0,945.0,0.0,0,279.02,0.0,1,11.41,1.96,SPY190329P00273000,273.0,0,0.0,0.0,,0.0,normalDay
2019-03-06,0.0,891.0,0.0,0,277.33,0.0,1,11.41,2.5,SPY190329P00273000,273.0,0,0.0,0.0,,0.0,normalDay
2019-03-07,0.0,811.0,0.0,0,275.01,0.0,1,11.41,3.3,SPY190329P00273000,273.0,0,0.0,0.0,,0.0,normalDay
2019-03-08,0.0,813.0,0.0,0,274.46,0.0,1,11.41,3.28,SPY190329P00273000,273.0,0,0.0,0.0,,0.0,normalDay
2019-03-11,0.0,977.0,0.0,0,278.44,0.0,1,11.41,1.64,SPY190329P00273000,273.0,0,0.0,0.0,,0.0,normalDay
2019-03-12,0.0,1014.0,0.0,0,279.49,0.0,1,11.41,1.27,SPY190329P00273000,273.0,0,0.0,0.0,,0.0,normalDay
2019-03-13,0.0,1059.0,0.0,0,281.34,0.0,1,11.41,0.82,SPY190329P00273000,273.0,0,0.0,0.0,,0.0,normalDay
2019-03-14,0.0,1061.0,0.0,0,281.16,0.0,1,11.41,0.8,SPY190329P00273000,273.0,0,0.0,0.0,,0.0,normalDay
2019-03-15,0.0,1091.0,0.0,0,281.31,0.0,1,11.41,0.5,SPY190329P00273000,273.0,0,0.0,0.0,,0.0,normalDay
2019-03-18,0.0,1105.0,0.0,0,282.33,0.0,1,11.41,0.36,SPY190329P00273000,273.0,0,0.0,0.0,,0.0,normalDay
2019-03-19,0.0,1100.0,0.0,0,282.4,0.0,1,11.41,0.41,SPY190329P00273000,273.0,0,0.0,0.0,,0.0,normalDay
2019-03-20,0.0,1102.0,0.0,0,281.55,0.0,1,11.41,0.39,SPY190329P00273000,273.0,0,0.0,0.0,,0.0,normalDay
2019-03-21,0.0,1124.0,0.0,0,284.73,0.0,1,11.41,0.17,SPY190329P00273000,273.0,0,0.0,0.0,,0.0,normalDay
2019-03-22,0.0,1074.0,0.0,0,279.25,0.0,1,11.41,0.67,SPY190329P00273000,273.0,0,0.0,0.0,,0.0,normalDay
2019-03-25,0.0,1102.0,0.0,0,279.04,0.0,1,11.41,0.39,SPY190329P00273000,273.0,0,0.0,0.0,,0.0,normalDay
2019-03-26,0.0,1130.0,0.0,0,281.12,0.0,1,11.41,0.11,SPY190329P00273000,273.0,0,0.0,0.0,,0.0,normalDay
2019-03-27,0.0,1130.0,0.0,0,279.65,0.0,1,11.41,0.11,SPY190329P00273000,273.0,0,0.0,0.0,,0.0,normalDay
2019-03-28,0.0,1139.0,0.0,0,280.71,0.0,1,11.41,0.02,SPY190329P00273000,273.0,0,0.0,0.0,,0.0,normalDay
2019-03-29,1141.0,0.0,1141.0,0,282.48,0.0,1,11.41,0.0,SPY190329P00273000,273.0,0,0.0,0.0,,0.0,expirationDay
2019-04-01,1141.0,-7.0,0.0,0,285.83,0.0,1,8.47,8.54,SPY190930P00279000,279.0,0,0.0,0.0,,0.0,normalDay
2019-04-02,1141.0,0.0,0.0,0,285.97,0.0,1,8.47,8.47,SPY190930P00279000,279.0,0,0.0,0.0,,0.0,normalDay
2019-04-03,1141.0,28.0,0.0,0,286.42,0.0,1,8.47,8.19,SPY190930P00279000,279.0,0,0.0,0.0,,0.0,normalDay
2019-04-04,1141.0,50.0,0.0,0,287.18,0.0,1,8.47,7.97,SPY190930P00279000,279.0,0,0.0,0.0,,0.0,normalDay
2019-04-05,1141.0,110.0,0.0,0,288.57,0.0,1,8.47,7.37,SPY190930P00279000,279.0,0,0.0,0.0,,0.0,normalDay
2019-04-08,1141.0,120.0,0.0,0,288.79,0.0,1,8.47,7.27,SPY190930P00279000,279.0,0,0.0,0.0,,0.0,normalDay
2019-04-09,1141.0,46.0,0.0,0,287.31,0.0,1,8.47,8.01,SPY190930P00279000,279.0,0,0.0,0.0,,0.0,normalDay
2019-04-10,1141.0,108.0,0.0,0,288.29,0.0,1,8.47,7.39,SPY190930P00279000,279.0,0,0.0,0.0,,0.0,normalDay
2019-04-11,1141.0,104.0,0.0,0,288.21,0.0,1,8.47,7.43,SPY190930P00279000,279.0,0,0.0,0.0,,0.0,normalDay
2019-04-12,1141.0,185.0,0.0,0,290.16,0.0,1,8.47,6.62,SPY190930P00279000,279.0,0,0.0,0.0,,0.0,normalDay
2019-04-15,1141.0,188.0,0.0,0,289.97,0.0,1,8.47,6.59,SPY190930P00279000,279.0,0,0.0,0.0,,0.0,normalDay
2019-04-16,1141.0,193.0,0.0,0,290.16,0.0,1,8.47,6.54,SPY190930P00279000,279.0,0,0.0,0.0,,0.0,normalDay
2019-04-17,1141.0,166.0,0.0,0,289.45,0.0,1,8.47,6.81,SPY190930P00279000,279.0,0,0.0,0.0,,0.0,normalDay
2019-04-18,1141.0,190.0,0.0,0,290.02,0.0,1,8.47,6.57,SPY190930P00279000,279.0,0,0.0,0.0,,0.0,normalDay
2019-04-22,1141.0,212.0,0.0,0,290.27,0.0,1,8.47,6.35,SPY190930P00279000,279.0,0,0.0,0.0,,0.0,normalDay
2019-04-23,1141.0,280.0,0.0,0,292.88,0.0,1,8.47,5.67,SPY190930P00279000,279.0,0,0.0,0.0,,0.0,normalDay
2019-04-24,1141.0,255.0,0.0,0,292.23,0.0,1,8.47,5.92,SPY190930P00279000,279.0,0,0.0,0.0,,0.0,normalDay
2019-04-25,1141.0,241.0,0.0,0,292.05,0.0,1,8.47,6.06,SPY190930P00279000,279.0,0,0.0,0.0,,0.0,normalDay
2019-04-26,1141.0,284.0,0.0,0,293.41,0.0,1,8.47,5.63,SPY190930P00279000,279.0,0,0.0,0.0,,0.0,normalDay
2019-04-29,1141.0,291.0,0.0,0,293.87,0.0,1,8.47,5.56,SPY190930P00279000,279.0,0,0.0,0.0,,0.0,normalDay
2019-04-30,1141.0,299.0,0.0,0,294.02,0.0,1,8.47,5.48,SPY190930P00279000,279.0,0,0.0,0.0,,0.0,normalDay
2019-05-01,1141.0,216.0,0.0,0,291.81,0.0,1,8.47,6.31,SPY190930P00279000,279.0,0,0.0,0.0,,0.0,normalDay
2019-05-02,1141.0,203.0,0.0,0,291.18,0.0,1,8.47,6.44,SPY190930P00279000,279.0,0,0.0,0.0,,0.0,normalDay
2019-05-03,1141.0,300.0,0.0,0,294.03,0.0,1,8.47,5.47,SPY190930P00279000,279.0,0,0.0,0.0,,0.0,normalDay
2019-05-06,1141.0,241.0,0.0,0,292.82,0.0,1,8.47,6.06,SPY190930P00279000,279.0,0,0.0,0.0,,0.0,normalDay
2019-05-07,1141.0,19.0,0.0,0,287.93,0.0,1,8.47,8.28,SPY190930P00279000,279.0,0,0.0,0.0,,0.0,normalDay
2019-05-08,1141.0,32.0,0.0,0,287.53,0.0,1,8.47,8.15,SPY190930P00279000,279.0,0,0.0,0.0,,0.0,normalDay
2019-05-09,1141.0,19.0,0.0,0,286.66,0.0,1,8.47,8.28,SPY190930P00279000,279.0,0,0.0,0.0,,0.0,normalDay
2019-05-10,1141.0,108.0,0.0,0,288.1,0.0,1,8.47,7.39,SPY190930P00279000,279.0,0,0.0,0.0,,0.0,normalDay
2019-05-13,1141.0,-224.0,0.0,0,280.86,0.0,1,8.47,10.71,SPY190930P00279000,279.0,0,0.0,0.0,,0.0,normalDay
2019-05-14,1141.0,-73.0,0.0,0,283.4,0.0,1,8.47,9.2,SPY190930P00279000,279.0,0,0.0,0.0,,0.0,normalDay
2019-05-15,1141.0,26.0,0.0,0,285.06,0.0,1,8.47,8.21,SPY190930P00279000,279.0,0,0.0,0.0,,0.0,normalDay
2019-05-16,1141.0,137.0,0.0,0,287.7,0.0,1,8.47,7.1,SPY190930P00279000,279.0,0,0.0,0.0,,0.0,normalDay
2019-05-17,1141.0,71.0,0.0,0,285.84,0.0,1,8.47,7.76,SPY190930P00279000,279.0,0,0.0,0.0,,0.0,normalDay
2019-05-20,1141.0,17.0,0.0,0,283.95,0.0,1,8.47,8.3,SPY190930P00279000,279.0,0,0.0,0.0,,0.0,normalDay
2019-05-21,1141.0,129.0,0.0,0,286.51,0.0,1,8.47,7.18,SPY190930P00279000,279.0,0,0.0,0.0,,0.0,normalDay
2019-05-22,1141.0,107.0,0.0,0,285.63,0.0,1,8.47,7.4,SPY190930P00279000,279.0,0,0.0,0.0,,0.0,normalDay
2019-05-23,1141.0,-71.0,0.0,0,282.14,0.0,1,8.47,9.18,SPY190930P00279000,279.0,0,0.0,0.0,,0.0,normalDay
2019-05-24,1141.0,-19.0,0.0,0,282.78,0.0,1,8.47,8.66,SPY190930P00279000,279.0,0,0.0,0.0,,0.0,normalDay
2019-05-28,1141.0,-124.0,0.0,0,280.15,0.0,1,8.47,9.71,SPY190930P00279000,279.0,0,0.0,0.0,,0.0,normalDay
2019-05-29,1141.0,-227.0,0.0,0,278.27,0.0,1,8.47,10.74,SPY190930P00279000,279.0,0,0.0,0.0,,0.0,normalDay
2019-05-30,1141.0,-188.0,0.0,0,279.03,0.0,1,8.47,10.35,SPY190930P00279000,279.0,0,0.0,0.0,,0.0,normalDay
2019-05-31,1141.0,-393.0,0.0,0,275.27,0.0,1,8.47,12.4,SPY190930P00279000,279.0,0,0.0,0.0,,0.0,normalDay
2019-06-03,1141.0,-399.0,0.0,0,274.57,0.0,1,8.47,12.46,SPY190930P00279000,279.0,0,0.0,0.0,,0.0,normalDay
2019-06-04,1141.0,-98.0,0.0,0,280.53,0.0,1,8.47,9.45,SPY190930P00279000,279.0,0,0.0,0.0,,0.0,normalDay
2019-06-05,1141.0,14.0,0.0,0,282.96,0.0,1,8.47,8.33,SPY190930P00279000,279.0,0,0.0,0.0,,0.0,normalDay
2019-06-06,1141.0,88.0,0.0,0,284.8,0.0,1,8.47,7.59,SPY190930P00279000,279.0,0,0.0,0.0,,0.0,normalDay
2019-06-07,1141.0,165.0,0.0,0,287.65,0.0,1,8.47,6.82,SPY190930P00279000,279.0,0,0.0,0.0,,0.0,normalDay
2019-06-10,1141.0,223.0,0.0,0,288.97,0.0,1,8.47,6.24,SPY190930P00279000,279.0,0,0.0,0.0,,0.0,normalDay
2019-06-11,1141.0,211.0,0.0,0,288.9,0.0,1,8.47,6.36,SPY190930P00279000,279.0,0,0.0,0.0,,0.0,normalDay
2019-06-12,1141.0,207.0,0.0,0,288.39,0.0,1,8.47,6.4,SPY190930P00279000,279.0,0,0.0,0.0,,0.0,normalDay
2019-06-13,1141.0,247.0,0.0,0,289.58,0.0,1,8.47,6.0,SPY190930P00279000,279.0,0,0.0,0.0,,0.0,normalDay
2019-06-14,1141.0,256.0,0.0,0,289.26,0.0,1,8.47,5.91,SPY190930P00279000,279.0,0,0.0,0.0,,0.0,normalDay
2019-06-17,1141.0,266.0,0.0,0,289.37,0.0,1,8.47,5.81,SPY190930P00279000,279.0,0,0.0,0.0,,0.0,normalDay
2019-06-18,1141.0,340.0,0.0,0,292.4,0.0,1,8.47,5.07,SPY190930P00279000,279.0,0,0.0,0.0,,0.0,normalDay
2019-06-19,1141.0,381.0,0.0,0,293.06,0.0,1,8.47,4.66,SPY190930P00279000,279.0,0,0.0,0.0,,0.0,normalDay
2019-06-20,1141.0,433.0,0.0,0,295.86,0.0,1,8.47,4.14,SPY190930P00279000,279.0,0,0.0,0.0,,0.0,normalDay
2019-06-21,1141.0,412.0,0.0,0,294.0,0.0,1,8.47,4.35,SPY190930P00279000,279.0,0,0.0,0.0,,0.0,normalDay
2019-06-24,1141.0,420.0,0.0,0,293.64,0.0,1,8.47,4.27,SPY190930P00279000,279.0,0,0.0,0.0,,0.0,normalDay
2019-06-25,1141.0,340.0,0.0,0,290.76,0.0,1,8.47,5.07,SPY190930P00279000,279.0,0,0.0,0.0,,0.0,normalDay
2019-06-26,1141.0,334.0,0.0,0,290.47,0.0,1,8.47,5.13,SPY190930P00279000,279.0,0,0.0,0.0,,0.0,normalDay
2019-06-27,1141.0,382.0,0.0,0,291.5,0.0,1,8.47,4.65,SPY190930P00279000,279.0,0,0.0,0.0,,0.0,normalDay
2019-06-28,1141.0,442.0,0.0,0,293.0,0.0,1,8.47,4.05,SPY190930P00279000,279.0,0,0.0,0.0,,0.0,normalDay
2019-07-01,1141.0,518.0,0.0,0,295.66,0.0,1,8.47,3.29,SPY190930P00279000,279.0,0,0.0,0.0,,0.0,normalDay
2019-07-02,1141.0,560.0,0.0,0,296.43,0.0,1,8.47,2.87,SPY190930P00279000,279.0,0,0.0,0.0,,0.0,normalDay
2019-07-03,1141.0,603.0,0.0,0,298.8,0.0,1,8.47,2.44,SPY190930P00279000,279.0,0,0.0,0.0,,0.0,normalDay
2019-07-05,1141.0,589.0,0.0,0,298.46,0.0,1,8.47,2.58,SPY190930P00279000,279.0,0,0.0,0.0,,0.0,normalDay
2019-07-08,1141.0,567.0,0.0,0,296.82,0.0,1,8.47,2.8,SPY190930P00279000,279.0,0,0.0,0.0,,0.0,normalDay
2019-07-09,1141.0,564.0,0.0,0,297.19,0.0,1,8.47,2.83,SPY190930P00279000,279.0,0,0.0,0.0,,0.0,normalDay
2019-07-10,1141.0,604.0,0.0,0,298.61,0.0,1,8.47,2.43,SPY190930P00279000,279.0,0,0.0,0.0,,0.0,normalDay
2019-07-11,1141.0,619.0,0.0,0,299.31,0.0,1,8.47,2.28,SPY190930P00279000,279.0,0,0.0,0.0,,0.0,normalDay
2019-07-12,1141.0,643.0,0.0,0,300.65,0.0,1,8.47,2.04,SPY190930P00279000,279.0,0,0.0,0.0,,0.0,normalDay
2019-07-15,1141.0,646.0,0.0,0,300.75,0.0,1,8.47,2.01,SPY190930P00279000,279.0,0,0.0,0.0,,0.0,normalDay
2019-07-16,1141.0,637.0,0.0,0,299.78,0.0,1,8.47,2.1,SPY190930P00279000,279.0,0,0.0,0.0,,0.0,normalDay
2019-07-17,1141.0,598.0,0.0,0,297.74,0.0,1,8.47,2.49,SPY190930P00279000,279.0,0,0.0,0.0,,0.0,normalDay
2019-07-18,1141.0,622.0,0.0,0,298.83,0.0,1,8.47,2.25,SPY190930P00279000,279.0,0,0.0,0.0,,0.0,normalDay
2019-07-19,1141.0,594.0,0.0,0,297.17,0.0,1,8.47,2.53,SPY190930P00279000,279.0,0,0.0,0.0,,0.0,normalDay
2019-07-22,1141.0,627.0,0.0,0,297.9,0.0,1,8.47,2.2,SPY190930P00279000,279.0,0,0.0,0.0,,0.0,normalDay
2019-07-23,1141.0,668.0,0.0,0,300.03,0.0,1,8.47,1.79,SPY190930P00279000,279.0,0,0.0,0.0,,0.0,normalDay
2019-07-24,1141.0,694.0,0.0,0,301.44,0.0,1,8.47,1.53,SPY190930P00279000,279.0,0,0.0,0.0,,0.0,normalDay
2019-07-25,1141.0,671.0,0.0,0,300.0,0.0,1,8.47,1.76,SPY190930P00279000,279.0,0,0.0,0.0,,0.0,normalDay
2019-07-26,1141.0,701.0,0.0,0,302.01,0.0,1,8.47,1.46,SPY190930P00279000,279.0,0,0.0,0.0,,0.0,normalDay
2019-07-29,1141.0,700.0,0.0,0,301.46,0.0,1,8.47,1.47,SPY190930P00279000,279.0,0,0.0,0.0,,0.0,normalDay
2019-07-30,1141.0,676.0,0.0,0,300.72,0.0,1,8.47,1.71,SPY190930P00279000,279.0,0,0.0,0.0,,0.0,normalDay
2019-07-31,1141.0,607.0,0.0,0,297.43,0.0,1,8.47,2.4,SPY190930P00279000,279.0,0,0.0,0.0,,0.0,normalDay
2019-08-01,1141.0,531.0,0.0,0,294.84,0.0,1,8.47,3.16,SPY190930P00279000,279.0,0,0.0,0.0,,0.0,normalDay
2019-08-02,1141.0,484.0,0.0,0,292.62,0.0,1,8.47,3.63,SPY190930P00279000,279.0,0,0.0,0.0,,0.0,normalDay
2019-08-05,1141.0,87.0,0.0,0,283.82,0.0,1,8.47,7.6,SPY190930P00279000,279.0,0,0.0,0.0,,0.0,normalDay
2019-08-06,1141.0,327.0,0.0,0,287.8,0.0,1,8.47,5.2,SPY190930P00279000,279.0,0,0.0,0.0,,0.0,normalDay
2019-08-07,1141.0,338.0,0.0,0,287.97,0.0,1,8.47,5.09,SPY190930P00279000,279.0,0,0.0,0.0,,0.0,normalDay
2019-08-08,1141.0,532.0,0.0,0,293.62,0.0,1,8.47,3.15,SPY190930P00279000,279.0,0,0.0,0.0,,0.0,normalDay
2019-08-09,1141.0,478.0,0.0,0,291.62,0.0,1,8.47,3.69,SPY190930P00279000,279.0,0,0.0,0.0,,0.0,normalDay
2019-08-12,1141.0,325.0,0.0,0,288.07,0.0,1,8.47,5.22,SPY190930P00279000,279.0,0,0.0,0.0,,0.0,normalDay
2019-08-13,1141.0,512.0,0.0,0,292.55,0.0,1,8.47,3.35,SPY190930P00279000,279.0,0,0.0,0.0,,0.0,normalDay
2019-08-14,1141.0,190.0,0.0,0,283.9,0.0,1,8.47,6.57,SPY190930P00279000,279.0,0,0.0,0.0,,0.0,normalDay
2019-08-15,1141.0,242.0,0.0,0,284.65,0.0,1,8.47,6.05,SPY190930P00279000,279.0,0,0.0,0.0,,0.0,normalDay
2019-08-16,1141.0,431.0,0.0,0,288.85,0.0,1,8.47,4.16,SPY190930P00279000,279.0,0,0.0,0.0,,0.0,normalDay
2019-08-19,1141.0,572.0,0.0,0,292.33,0.0,1,8.47,2.75,SPY190930P00279000,279.0,0,0.0,0.0,,0.0,normalDay
2019-08-20,1141.0,513.0,0.0,0,290.09,0.0,1,8.47,3.34,SPY190930P00279000,279.0,0,0.0,0.0,,0.0,normalDay
2019-08-21,1141.0,616.0,0.0,0,292.45,0.0,1,8.47,2.31,SPY190930P00279000,279.0,0,0.0,0.0,,0.0,normalDay
2019-08-22,1141.0,593.0,0.0,0,292.36,0.0,1,8.47,2.54,SPY190930P00279000,279.0,0,0.0,0.0,,0.0,normalDay
2019-08-23,1141.0,374.0,0.0,0,284.85,0.0,1,8.47,4.73,SPY190930P00279000,279.0,0,0.0,0.0,,0.0,normalDay
2019-08-26,1141.0,478.0,0.0,0,288.0,0.0,1,8.47,3.69,SPY190930P00279000,279.0,0,0.0,0.0,,0.0,normalDay
2019-08-27,1141.0,424.0,0.0,0,286.87,0.0,1,8.47,4.23,SPY190930P00279000,279.0,0,0.0,0.0,,0.0,normalDay
2019-08-28,1141.0,512.0,0.0,0,288.89,0.0,1,8.47,3.35,SPY190930P00279000,279.0,0,0.0,0.0,,0.0,normalDay
2019-08-29,1141.0,615.0,0.0,0,292.58,0.0,1,8.47,2.32,SPY190930P00279000,279.0,0,0.0,0.0,,0.0,normalDay
2019-08-30,1141.0,604.0,0.0,0,292.45,0.0,1,8.47,2.43,SPY190930P00279000,279.0,0,0.0,0.0,,0.0,normalDay
2019-09-03,1141.0,586.0,0.0,0,290.74,0.0,1,8.47,2.61,SPY190930P00279000,279.0,0,0.0,0.0,,0.0,normalDay
2019-09-04,1141.0,695.0,0.0,0,294.04,0.0,1,8.47,1.52,SPY190930P00279000,279.0,0,0.0,0.0,,0.0,normalDay
2019-09-05,1141.0,752.0,0.0,0,297.82,0.0,1,8.47,0.95,SPY190930P00279000,279.0,0,0.0,0.0,,0.0,normalDay
2019-09-06,1141.0,779.0,0.0,0,298.05,0.0,1,8.47,0.68,SPY190930P00279000,279.0,0,0.0,0.0,,0.0,normalDay
2019-09-09,1141.0,788.0,0.0,0,298.2,0.0,1,8.47,0.59,SPY190930P00279000,279.0,0,0.0,0.0,,0.0,normalDay
2019-09-10,1141.0,793.0,0.0,0,298.13,0.0,1,8.47,0.54,SPY190930P00279000,279.0,0,0.0,0.0,,0.0,normalDay
2019-09-11,1141.0,810.0,0.0,0,300.25,0.0,1,8.47,0.37,SPY190930P00279000,279.0,0,0.0,0.0,,0.0,normalDay
2019-09-12,1141.0,818.0,0.0,0,301.29,0.0,1,8.47,0.29,SPY190930P00279000,279.0,0,0.0,0.0,,0.0,normalDay
2019-09-13,1141.0,822.0,0.0,0,301.09,0.0,1,8.47,0.25,SPY190930P00279000,279.0,0,0.0,0.0,,0.0,normalDay
2019-09-16,1141.0,822.0,0.0,0,300.16,0.0,1,8.47,0.25,SPY190930P00279000,279.0,0,0.0,0.0,,0.0,normalDay
2019-09-17,1141.0,825.0,0.0,0,300.92,0.0,1,8.47,0.22,SPY190930P00279000,279.0,0,0.0,0.0,,0.0,normalDay
2019-09-18,1141.0,829.0,0.0,0,301.1,0.0,1,8.47,0.18,SPY190930P00279000,279.0,0,0.0,0.0,,0.0,normalDay
2019-09-19,1141.0,832.0,0.0,0,301.08,0.0,1,8.47,0.15,SPY190930P00279000,279.0,0,0.0,0.0,,0.0,normalDay
2019-09-20,1141.0,831.0,0.0,0,298.28,0.0,1,8.47,0.16,SPY190930P00279000,279.0,0,0.0,0.0,,0.0,normalDay
2019-09-23,1141.0,841.0,0.0,0,298.21,0.0,1,8.47,0.06,SPY190930P00279000,279.0,0,0.0,0.0,,0.0,normalDay
2019-09-24,1141.0,834.0,0.0,0,295.87,0.0,1,8.47,0.13,SPY190930P00279000,279.0,0,0.0,0.0,,0.0,normalDay
2019-09-25,1141.0,841.0,0.0,0,297.62,0.0,1,8.47,0.06,SPY190930P00279000,279.0,0,0.0,0.0,,0.0,normalDay
2019-09-26,1141.0,844.0,0.0,0,297.0,0.0,1,8.47,0.03,SPY190930P00279000,279.0,0,0.0,0.0,,0.0,normalDay
2019-09-27,1141.0,844.0,0.0,0,295.4,0.0,1,8.47,0.03,SPY190930P00279000,279.0,0,0.0,0.0,,0.0,normalDay
2019-09-30,1988.0,0.0,847.0,0,296.77,0.0,1,8.47,0.0,SPY190930P00279000,279.0,0,0.0,0.0,,0.0,expirationDay
2019-10-01,1988.0,-11.0,0.0,0,293.24,0.0,1,15.8,15.91,SPY200331P00298000,298.0,0,0.0,0.0,,0.0,normalDay
2019-10-02,1988.0,-347.0,0.0,0,288.06,0.0,1,15.8,19.27,SPY200331P00298000,298.0,0,0.0,0.0,,0.0,normalDay
2019-10-03,1988.0,-173.0,0.0,0,290.42,0.0,1,15.8,17.53,SPY200331P00298000,298.0,0,0.0,0.0,,0.0,normalDay
2019-10-04,1988.0,73.0,0.0,0,294.35,0.0,1,15.8,15.07,SPY200331P00298000,298.0,0,0.0,0.0,,0.0,normalDay
2019-10-07,1988.0,17.0,0.0,0,293.08,0.0,1,15.8,15.63,SPY200331P00298000,298.0,0,0.0,0.0,,0.0,normalDay
2019-10-08,1988.0,-258.0,0.0,0,288.53,0.0,1,15.8,18.38,SPY200331P00298000,298.0,0,0.0,0.0,,0.0,normalDay
2019-10-09,1988.0,-97.0,0.0,0,291.27,0.0,1,15.8,16.77,SPY200331P00298000,298.0,0,0.0,0.0,,0.0,normalDay
2019-10-10,1988.0,43.0,0.0,0,293.24,0.0,1,15.8,15.37,SPY200331P00298000,298.0,0,0.0,0.0,,0.0,normalDay
2019-10-11,1988.0,234.0,0.0,0,296.28,0.0,1,15.8,13.46,SPY200331P00298000,298.0,0,0.0,0.0,,0.0,normalDay
2019-10-14,1988.0,246.0,0.0,0,295.95,0.0,1,15.8,13.34,SPY200331P00298000,298.0,0,0.0,0.0,,0.0,normalDay
2019-10-15,1988.0,399.0,0.0,0,298.88,0.0,1,15.8,11.81,SPY200331P00298000,298.0,0,0.0,0.0,,0.0,normalDay
2019-10-16,1988.0,391.0,0.0,0,298.4,0.0,1,15.8,11.89,SPY200331P00298000,298.0,0,0.0,0.0,,0.0,normalDay
2019-10-17,1988.0,419.0,0.0,0,299.28,0.0,1,15.8,11.61,SPY200331P00298000,298.0,0,0.0,0.0,,0.0,normalDay
2019-10-18,1988.0,370.0,0.0,0,297.97,0.0,1,15.8,12.1,SPY200331P00298000,298.0,0,0.0,0.0,,0.0,normalDay
2019-10-21,1988.0,474.0,0.0,0,299.99,0.0,1,15.8,11.06,SPY200331P00298000,298.0,0,0.0,0.0,,0.0,normalDay
2019-10-22,1988.0,427.0,0.0,0,299.01,0.0,1,15.8,11.53,SPY200331P00298000,298.0,0,0.0,0.0,,0.0,normalDay
2019-10-23,1988.0,480.0,0.0,0,299.88,0.0,1,15.8,11.0,SPY200331P00298000,298.0,0,0.0,0.0,,0.0,normalDay
2019-10-24,1988.0,492.0,0.0,0,300.37,0.0,1,15.8,10.88,SPY200331P00298000,298.0,0,0.0,0.0,,0.0,normalDay
2019-10-25,1988.0,567.0,0.0,0,301.6,0.0,1,15.8,10.13,SPY200331P00298000,298.0,0,0.0,0.0,,0.0,normalDay
2019-10-28,1988.0,627.0,0.0,0,303.3,0.0,1,15.8,9.53,SPY200331P00298000,298.0,0,0.0,0.0,,0.0,normalDay
2019-10-29,1988.0,616.0,0.0,0,303.21,0.0,1,15.8,9.64,SPY200331P00298000,298.0,0,0.0,0.0,,0.0,normalDay
2019-10-30,1988.0,673.0,0.0,0,304.14,0.0,1,15.8,9.07,SPY200331P00298000,298.0,0,0.0,0.0,,0.0,normalDay
2019-10-31,1988.0,619.0,0.0,0,303.33,0.0,1,15.8,9.61,SPY200331P00298000,298.0,0,0.0,0.0,,0.0,normalDay
2019-11-01,1988.0,724.0,0.0,0,306.14,0.0,1,15.8,8.56,SPY200331P00298000,298.0,0,0.0,0.0,,0.0,normalDay
2019-11-04,1988.0,764.0,0.0,0,307.37,0.0,1,15.8,8.16,SPY200331P00298000,298.0,0,0.0,0.0,,0.0,normalDay
2019-11-05,1988.0,746.0,0.0,0,307.03,0.0,1,15.8,8.34,SPY200331P00298000,298.0,0,0.0,0.0,,0.0,normalDay
2019-11-06,1988.0,752.0,0.0,0,307.1,0.0,1,15.8,8.28,SPY200331P00298000,298.0,0,0.0,0.0,,0.0,normalDay
2019-11-07,1988.0,778.0,0.0,0,308.18,0.0,1,15.8,8.02,SPY200331P00298000,298.0,0,0.0,0.0,,0.0,normalDay
2019-11-08,1988.0,816.0,0.0,0,308.94,0.0,1,15.8,7.64,SPY200331P00298000,298.0,0,0.0,0.0,,0.0,normalDay
2019-11-11,1988.0,808.0,0.0,0,308.35,0.0,1,15.8,7.72,SPY200331P00298000,298.0,0,0.0,0.0,,0.0,normalDay
2019-11-12,1988.0,819.0,0.0,0,309.0,0.0,1,15.8,7.61,SPY200331P00298000,298.0,0,0.0,0.0,,0.0,normalDay
2019-11-13,1988.0,824.0,0.0,0,309.1,0.0,1,15.8,7.56,SPY200331P00298000,298.0,0,0.0,0.0,,0.0,normalDay
2019-11-14,1988.0,839.0,0.0,0,309.55,0.0,1,15.8,7.41,SPY200331P00298000,298.0,0,0.0,0.0,,0.0,normalDay
2019-11-15,1988.0,919.0,0.0,0,311.79,0.0,1,15.8,6.61,SPY200331P00298000,298.0,0,0.0,0.0,,0.0,normalDay
2019-11-18,1988.0,934.0,0.0,0,312.02,0.0,1,15.8,6.46,SPY200331P00298000,298.0,0,0.0,0.0,,0.0,normalDay
2019-11-19,1988.0,919.0,0.0,0,311.93,0.0,1,15.8,6.61,SPY200331P00298000,298.0,0,0.0,0.0,,0.0,normalDay
2019-11-20,1988.0,879.0,0.0,0,310.77,0.0,1,15.8,7.01,SPY200331P00298000,298.0,0,0.0,0.0,,0.0,normalDay
2019-11-21,1988.0,864.0,0.0,0,310.27,0.0,1,15.8,7.16,SPY200331P00298000,298.0,0,0.0,0.0,,0.0,normalDay
2019-11-22,1988.0,902.0,0.0,0,310.96,0.0,1,15.8,6.78,SPY200331P00298000,298.0,0,0.0,0.0,,0.0,normalDay
2019-11-25,1988.0,985.0,0.0,0,313.37,0.0,1,15.8,5.95,SPY200331P00298000,298.0,0,0.0,0.0,,0.0,normalDay
2019-11-26,1988.0,1020.0,0.0,0,314.08,0.0,1,15.8,5.6,SPY200331P00298000,298.0,0,0.0,0.0,,0.0,normalDay
2019-11-27,1988.0,1047.0,0.0,0,315.48,0.0,1,15.8,5.33,SPY200331P00298000,298.0,0,0.0,0.0,,0.0,normalDay
2019-11-29,1988.0,1005.0,0.0,0,314.31,0.0,1,15.8,5.75,SPY200331P00298000,298.0,0,0.0,0.0,,0.0,normalDay
2019-12-02,1988.0,901.0,0.0,0,311.64,0.0,1,15.8,6.79,SPY200331P00298000,298.0,0,0.0,0.0,,0.0,normalDay
2019-12-03,1988.0,810.0,0.0,0,309.55,0.0,1,15.8,7.7,SPY200331P00298000,298.0,0,0.0,0.0,,0.0,normalDay
2019-12-04,1988.0,883.0,0.0,0,311.46,0.0,1,15.8,6.97,SPY200331P00298000,298.0,0,0.0,0.0,,0.0,normalDay
2019-12-05,1988.0,923.0,0.0,0,312.02,0.0,1,15.8,6.57,SPY200331P00298000,298.0,0,0.0,0.0,,0.0,normalDay
2019-12-06,1988.0,1014.0,0.0,0,314.87,0.0,1,15.8,5.66,SPY200331P00298000,298.0,0,0.0,0.0,,0.0,normalDay
2019-12-09,1988.0,965.0,0.0,0,313.88,0.0,1,15.8,6.15,SPY200331P00298000,298.0,0,0.0,0.0,,0.0,normalDay
2019-12-10,1988.0,978.0,0.0,0,313.53,0.0,1,15.8,6.02,SPY200331P00298000,298.0,0,0.0,0.0,,0.0,normalDay
2019-12-11,1988.0,1015.0,0.0,0,314.42,0.0,1,15.8,5.65,SPY200331P00298000,298.0,0,0.0,0.0,,0.0,normalDay
2019-12-12,1988.0,1098.0,0.0,0,317.13,0.0,1,15.8,4.82,SPY200331P00298000,298.0,0,0.0,0.0,,0.0,normalDay
2019-12-13,1988.0,1145.0,0.0,0,317.32,0.0,1,15.8,4.35,SPY200331P00298000,298.0,0,0.0,0.0,,0.0,normalDay
2019-12-16,1988.0,1212.0,0.0,0,319.5,0.0,1,15.8,3.68,SPY200331P00298000,298.0,0,0.0,0.0,,0.0,normalDay
2019-12-17,1988.0,1208.0,0.0,0,319.57,0.0,1,15.8,3.72,SPY200331P00298000,298.0,0,0.0,0.0,,0.0,normalDay
2019-12-18,1988.0,1207.0,0.0,0,319.59,0.0,1,15.8,3.73,SPY200331P00298000,298.0,0,0.0,0.0,,0.0,normalDay
2019-12-19,1988.0,1236.0,0.0,0,320.9,0.0,1,15.8,3.44,SPY200331P00298000,298.0,0,0.0,0.0,,0.0,normalDay
2019-12-20,1988.0,1250.0,0.0,0,320.73,0.0,1,15.8,3.3,SPY200331P00298000,298.0,0,0.0,0.0,,0.0,normalDay
2019-12-23,1988.0,1251.0,0.0,0,321.22,0.0,1,15.8,3.29,SPY200331P00298000,298.0,0,0.0,0.0,,0.0,normalDay
2019-12-24,1988.0,1257.0,0.0,0,321.23,0.0,1,15.8,3.23,SPY200331P00298000,298.0,0,0.0,0.0,,0.0,normalDay
2019-12-26,1988.0,1287.0,0.0,0,322.94,0.0,1,15.8,2.93,SPY200331P00298000,298.0,0,0.0,0.0,,0.0,normalDay
2019-12-27,1988.0,1272.0,0.0,0,322.86,0.0,1,15.8,3.08,SPY200331P00298000,298.0,0,0.0,0.0,,0.0,normalDay
2019-12-30,1988.0,1237.0,0.0,0,321.08,0.0,1,15.8,3.43,SPY200331P00298000,298.0,0,0.0,0.0,,0.0,normalDay
2019-12-31,1988.0,1275.0,0.0,0,321.86,0.0,1,15.8,3.05,SPY200331P00298000,298.0,0,0.0,0.0,,0.0,normalDay
2020-01-02,1988.0,1333.0,0.0,0,324.87,0.0,1,15.8,2.47,SPY200331P00298000,298.0,0,0.0,0.0,,0.0,normalDay
2020-01-03,1988.0,1278.0,0.0,0,322.41,0.0,1,15.8,3.02,SPY200331P00298000,298.0,0,0.0,0.0,,0.0,normalDay
2020-01-06,1988.0,1311.0,0.0,0,323.64,0.0,1,15.8,2.69,SPY200331P00298000,298.0,0,0.0,0.0,,0.0,normalDay
2020-01-07,1988.0,1299.0,0.0,0,322.73,0.0,1,15.8,2.81,SPY200331P00298000,298.0,0,0.0,0.0,,0.0,normalDay
2020-01-08,1988.0,1338.0,0.0,0,324.45,0.0,1,15.8,2.42,SPY200331P00298000,298.0,0,0.0,0.0,,0.0,normalDay
2020-01-09,1988.0,1377.0,0.0,0,326.65,0.0,1,15.8,2.03,SPY200331P00298000,298.0,0,0.0,0.0,,0.0,normalDay
2020-01-10,1988.0,1368.0,0.0,0,325.71,0.0,1,15.8,2.12,SPY200331P00298000,298.0,0,0.0,0.0,,0.0,normalDay
2020-01-13,1988.0,1407.0,0.0,0,327.95,0.0,1,15.8,1.73,SPY200331P00298000,298.0,0,0.0,0.0,,0.0,normalDay
2020-01-14,1988.0,1409.0,0.0,0,327.45,0.0,1,15.8,1.71,SPY200331P00298000,298.0,0,0.0,0.0,,0.0,normalDay
2020-01-15,1988.0,1418.0,0.0,0,328.19,0.0,1,15.8,1.62,SPY200331P00298000,298.0,0,0.0,0.0,,0.0,normalDay
2020-01-16,1988.0,1441.0,0.0,0,330.92,0.0,1,15.8,1.39,SPY200331P00298000,298.0,0,0.0,0.0,,0.0,normalDay
2020-01-17,1988.0,1452.0,0.0,0,331.95,0.0,1,15.8,1.28,SPY200331P00298000,298.0,0,0.0,0.0,,0.0,normalDay
2020-01-21,1988.0,1448.0,0.0,0,331.3,0.0,1,15.8,1.32,SPY200331P00298000,298.0,0,0.0,0.0,,0.0,normalDay
2020-01-22,1988.0,1449.0,0.0,0,331.34,0.0,1,15.8,1.31,SPY200331P00298000,298.0,0,0.0,0.0,,0.0,normalDay
2020-01-23,1988.0,1451.0,0.0,0,331.72,0.0,1,15.8,1.29,SPY200331P00298000,298.0,0,0.0,0.0,,0.0,normalDay
2020-01-24,1988.0,1411.0,0.0,0,328.77,0.0,1,15.8,1.69,SPY200331P00298000,298.0,0,0.0,0.0,,0.0,normalDay
2020-01-27,1988.0,1294.0,0.0,0,323.5,0.0,1,15.8,2.86,SPY200331P00298000,298.0,0,0.0,0.0,,0.0,normalDay
2020-01-28,1988.0,1377.0,0.0,0,326.89,0.0,1,15.8,2.03,SPY200331P00298000,298.0,0,0.0,0.0,,0.0,normalDay
2020-01-29,1988.0,1379.0,0.0,0,326.62,0.0,1,15.8,2.01,SPY200331P00298000,298.0,0,0.0,0.0,,0.0,normalDay
2020-01-30,1988.0,1412.0,0.0,0,327.68,0.0,1,15.8,1.68,SPY200331P00298000,298.0,0,0.0,0.0,,0.0,normalDay
2020-01-31,1988.0,1297.0,0.0,0,321.73,0.0,1,15.8,2.83,SPY200331P00298000,298.0,0,0.0,0.0,,0.0,normalDay
2020-02-03,1988.0,1343.0,0.0,0,324.12,0.0,1,15.8,2.37,SPY200331P00298000,298.0,0,0.0,0.0,,0.0,normalDay
2020-02-04,1988.0,1434.0,0.0,0,329.06,0.0,1,15.8,1.46,SPY200331P00298000,298.0,0,0.0,0.0,,0.0,normalDay
2020-02-05,1988.0,1472.0,0.0,0,332.86,0.0,1,15.8,1.08,SPY200331P00298000,298.0,0,0.0,0.0,,0.0,normalDay
2020-02-06,1988.0,1477.0,0.0,0,333.98,0.0,1,15.8,1.03,SPY200331P00298000,298.0,0,0.0,0.0,,0.0,normalDay
2020-02-07,1988.0,1466.0,0.0,0,332.2,0.0,1,15.8,1.14,SPY200331P00298000,298.0,0,0.0,0.0,,0.0,normalDay
2020-02-10,1988.0,1489.0,0.0,0,334.68,0.0,1,15.8,0.91,SPY200331P00298000,298.0,0,0.0,0.0,,0.0,normalDay
2020-02-11,1988.0,1493.0,0.0,0,335.26,0.0,1,15.8,0.87,SPY200331P00298000,298.0,0,0.0,0.0,,0.0,normalDay
2020-02-12,1988.0,1512.0,0.0,0,337.42,0.0,1,15.8,0.68,SPY200331P00298000,298.0,0,0.0,0.0,,0.0,normalDay
2020-02-13,1988.0,1511.0,0.0,0,337.06,0.0,1,15.8,0.69,SPY200331P00298000,298.0,0,0.0,0.0,,0.0,normalDay
2020-02-14,1988.0,1518.0,0.0,0,337.6,0.0,1,15.8,0.62,SPY200331P00298000,298.0,0,0.0,0.0,,0.0,normalDay
2020-02-18,1988.0,1516.0,0.0,0,336.73,0.0,1,15.8,0.64,SPY200331P00298000,298.0,0,0.0,0.0,,0.0,normalDay
2020-02-19,1988.0,1526.0,0.0,0,338.34,0.0,1,15.8,0.54,SPY200331P00298000,298.0,0,0.0,0.0,,0.0,normalDay
2020-02-20,1988.0,1514.0,0.0,0,336.95,0.0,1,15.8,0.66,SPY200331P00298000,298.0,0,0.0,0.0,,0.0,normalDay
2020-02-21,1988.0,1489.0,0.0,0,333.48,0.0,1,15.8,0.91,SPY200331P00298000,298.0,0,0.0,0.0,,0.0,normalDay
2020-02-24,1988.0,1285.0,0.0,0,322.42,0.0,1,15.8,2.95,SPY200331P00298000,298.0,0,0.0,0.0,,0.0,normalDay
2020-02-25,1988.0,1100.0,0.0,0,312.65,0.0,1,15.8,4.8,SPY200331P00298000,298.0,0,0.0,0.0,,0.0,normalDay
2020-02-26,1988.0,1081.0,0.0,0,311.5,0.0,1,15.8,4.99,SPY200331P00298000,298.0,0,0.0,0.0,,0.0,normalDay
2020-02-27,1988.0,307.0,0.0,0,297.51,0.0,1,15.8,12.73,SPY200331P00298000,298.0,0,0.0,0.0,,0.0,normalDay
2020-02-28,1988.0,136.0,0.0,0,296.26,0.0,1,15.8,14.44,SPY200331P00298000,298.0,0,0.0,0.0,,0.0,normalDay
2020-03-02,1988.0,942.0,0.0,0,309.09,0.0,1,15.8,6.38,SPY200331P00298000,298.0,0,0.0,0.0,,0.0,normalDay
2020-03-03,1988.0,594.0,0.0,0,300.24,0.0,1,15.8,9.86,SPY200331P00298000,298.0,0,0.0,0.0,,0.0,normalDay
2020-03-04,1988.0,1038.0,0.0,0,312.86,0.0,1,15.8,5.42,SPY200331P00298000,298.0,0,0.0,0.0,,0.0,normalDay
2020-03-05,1988.0,549.0,0.0,0,302.46,0.0,1,15.8,10.31,SPY200331P00298000,298.0,0,0.0,0.0,,0.0,normalDay
2020-03-06,1988.0,329.0,0.0,0,297.46,0.0,1,15.8,12.51,SPY200331P00298000,298.0,0,0.0,0.0,,0.0,normalDay
2020-03-09,1988.0,-1293.0,0.0,0,274.23,0.0,1,15.8,28.73,SPY200331P00298000,298.0,0,0.0,0.0,,0.0,normalDay
2020-03-10,1988.0,-159.0,0.0,0,288.42,0.0,1,15.8,17.39,SPY200331P00298000,298.0,0,0.0,0.0,,0.0,normalDay
2020-03-11,1988.0,-1229.0,0.0,0,274.36,0.0,1,15.8,28.09,SPY200331P00298000,298.0,0,0.0,0.0,,0.0,normalDay
2020-03-12,1988.0,-3646.0,0.0,0,248.11,0.0,1,15.8,52.26,SPY200331P00298000,298.0,0,0.0,0.0,,0.0,normalDay
2020-03-13,1988.0,-1572.0,0.0,0,269.32,0.0,1,15.8,31.52,SPY200331P00298000,298.0,0,0.0,0.0,,0.0,normalDay
2020-03-16,1988.0,-4111.0,0.0,0,239.85,0.0,1,15.8,56.91,SPY200331P00298000,298.0,0,0.0,0.0,,0.0,normalDay
2020-03-17,1988.0,-3258.0,0.0,0,252.8,0.0,1,15.8,48.38,SPY200331P00298000,298.0,0,0.0,0.0,,0.0,normalDay
2020-03-18,1988.0,-4474.0,0.0,0,240.0,0.0,1,15.8,60.54,SPY200331P00298000,298.0,0,0.0,0.0,,0.0,normalDay
2020-03-19,1988.0,-4432.0,0.0,0,240.51,0.0,1,15.8,60.12,SPY200331P00298000,298.0,0,0.0,0.0,,0.0,normalDay
2020-03-20,1988.0,-5367.0,0.0,0,228.8,0.0,1,15.8,69.47,SPY200331P00298000,298.0,0,0.0,0.0,,0.0,normalDay
2020-03-23,1988.0,-6160.0,0.0,0,222.95,0.0,1,15.8,77.4,SPY200331P00298000,298.0,0,0.0,0.0,,0.0,normalDay
2020-03-24,1988.0,-4023.0,0.0,0,243.15,0.0,1,15.8,56.03,SPY200331P00298000,298.0,0,0.0,0.0,,0.0,normalDay
2020-03-25,1988.0,-3544.0,0.0,0,246.79,0.0,1,15.8,51.24,SPY200331P00298000,298.0,0,0.0,0.0,,0.0,normalDay
2020-03-26,1988.0,-2188.0,0.0,0,261.2,0.0,1,15.8,37.68,SPY200331P00298000,298.0,0,0.0,0.0,,0.0,normalDay
2020-03-27,1988.0,-2966.0,0.0,0,253.42,0.0,1,15.8,45.46,SPY200331P00298000,298.0,0,0.0,0.0,,0.0,normalDay
2020-03-30,1988.0,-2159.0,0.0,0,261.65,0.0,1,15.8,37.39,SPY200331P00298000,298.0,0,0.0,0.0,,0.0,normalDay
2020-03-31,3568.0,-4025.0,1580.0,100,257.75,298.0,1,15.8,0.0,SPY200331P00298000,298.0,0,0.0,0.0,,0.0,expirationDay
2020-04-01,3568.0,-5192.0,0.0,100,246.15,298.0,0,0.0,0.0,,0.0,1,0.03,0.1,SPY200717C00357000,357.0,normalDay
2020-04-02,3568.0,-4626.0,0.0,100,251.83,298.0,0,0.0,0.0,,0.0,1,0.03,0.12,SPY200717C00357000,357.0,normalDay
2020-04-03,3568.0,-4989.0,0.0,100,248.19,298.0,0,0.0,0.0,,0.0,1,0.03,0.11,SPY200717C00357000,357.0,normalDay
2020-04-06,3568.0,-3328.0,0.0,100,264.86,298.0,0,0.0,0.0,,0.0,1,0.03,0.17,SPY200717C00357000,357.0,normalDay
2020-04-07,3568.0,-3300.0,0.0,100,265.13,298.0,0,0.0,0.0,,0.0,1,0.03,0.16,SPY200717C00357000,357.0,normalDay
2020-04-08,3568.0,-2416.0,0.0,100,274.03,298.0,0,0.0,0.0,,0.0,1,0.03,0.22,SPY200717C00357000,357.0,normalDay
2020-04-09,3568.0,-2004.0,0.0,100,278.2,298.0,0,0.0,0.0,,0.0,1,0.03,0.27,SPY200717C00357000,357.0,normalDay
2020-04-13,3568.0,-2253.0,0.0,100,275.66,298.0,0,0.0,0.0,,0.0,1,0.03,0.22,SPY200717C00357000,357.0,normalDay
2020-04-14,3568.0,-1445.0,0.0,100,283.79,298.0,0,0.0,0.0,,0.0,1,0.03,0.27,SPY200717C00357000,357.0,normalDay
2020-04-15,3568.0,-2041.0,0.0,100,277.76,298.0,0,0.0,0.0,,0.0,1,0.03,0.2,SPY200717C00357000,357.0,normalDay
2020-04-16,3568.0,-1907.0,0.0,100,279.1,298.0,0,0.0,0.0,,0.0,1,0.03,0.2,SPY200717C00357000,357.0,normalDay
2020-04-17,3568.0,-1161.0,0.0,100,286.64,298.0,0,0.0,0.0,,0.0,1,0.03,0.28,SPY200717C00357000,357.0,normalDay
2020-04-20,3568.0,-1661.0,0.0,100,281.59,298.0,0,0.0,0.0,,0.0,1,0.03,0.23,SPY200717C00357000,357.0,normalDay
2020-04-21,3568.0,-2509.0,0.0,100,273.04,298.0,0,0.0,0.0,,0.0,1,0.03,0.16,SPY200717C00357000,357.0,normalDay
2020-04-22,3568.0,-1904.0,0.0,100,279.1,298.0,0,0.0,0.0,,0.0,1,0.03,0.17,SPY200717C00357000,357.0,normalDay
2020-04-23,3568.0,-1905.0,0.0,100,279.08,298.0,0,0.0,0.0,,0.0,1,0.03,0.16,SPY200717C00357000,357.0,normalDay
2020-04-24,3568.0,-1518.0,0.0,100,282.97,298.0,0,0.0,0.0,,0.0,1,0.03,0.18,SPY200717C00357000,357.0,normalDay
2020-04-27,3568.0,-1110.0,0.0,100,287.05,298.0,0,0.0,0.0,,0.0,1,0.03,0.18,SPY200717C00357000,357.0,normalDay
2020-04-28,3568.0,-1238.0,0.0,100,285.73,298.0,0,0.0,0.0,,0.0,1,0.03,0.14,SPY200717C00357000,357.0,normalDay
2020-04-29,3568.0,-494.0,0.0,100,293.21,298.0,0,0.0,0.0,,0.0,1,0.03,0.18,SPY200717C00357000,357.0,normalDay
2020-04-30,3568.0,-765.0,0.0,100,290.48,298.0,0,0.0,0.0,,0.0,1,0.03,0.16,SPY200717C00357000,357.0,normalDay
2020-05-01,3568.0,-1529.0,0.0,100,282.79,298.0,0,0.0,0.0,,0.0,1,0.03,0.11,SPY200717C00357000,357.0,normalDay
2020-05-04,3568.0,-1451.0,0.0,100,283.57,298.0,0,0.0,0.0,,0.0,1,0.03,0.11,SPY200717C00357000,357.0,normalDay
2020-05-05,3568.0,-1189.0,0.0,100,286.19,298.0,0,0.0,0.0,,0.0,1,0.03,0.11,SPY200717C00357000,357.0,normalDay
2020-05-06,3568.0,-1381.0,0.0,100,284.25,298.0,0,0.0,0.0,,0.0,1,0.03,0.09,SPY200717C00357000,357.0,normalDay
2020-05-07,3568.0,-1039.0,0.0,100,287.68,298.0,0,0.0,0.0,,0.0,1,0.03,0.1,SPY200717C00357000,357.0,normalDay
2020-05-08,3568.0,-563.0,0.0,100,292.44,298.0,0,0.0,0.0,,0.0,1,0.03,0.1,SPY200717C00357000,357.0,normalDay
2020-05-11,3568.0,-555.0,0.0,100,292.5,298.0,0,0.0,0.0,,0.0,1,0.03,0.08,SPY200717C00357000,357.0,normalDay
2020-05-12,3568.0,-1137.0,0.0,100,286.67,298.0,0,0.0,0.0,,0.0,1,0.03,0.07,SPY200717C00357000,357.0,normalDay
2020-05-13,3568.0,-1642.0,0.0,100,281.6,298.0,0,0.0,0.0,,0.0,1,0.03,0.05,SPY200717C00357000,357.0,normalDay
2020-05-14,3568.0,-1306.0,0.0,100,284.97,298.0,0,0.0,0.0,,0.0,1,0.03,0.06,SPY200717C00357000,357.0,normalDay
2020-05-15,3568.0,-1174.0,0.0,100,286.28,298.0,0,0.0,0.0,,0.0,1,0.03,0.05,SPY200717C00357000,357.0,normalDay
2020-05-18,3568.0,-306.0,0.0,100,295.0,298.0,0,0.0,0.0,,0.0,1,0.03,0.09,SPY200717C00357000,357.0,normalDay
2020-05-19,3568.0,-607.0,0.0,100,291.97,298.0,0,0.0,0.0,,0.0,1,0.03,0.07,SPY200717C00357000,357.0,normalDay
2020-05-20,3568.0,-113.0,0.0,100,296.93,298.0,0,0.0,0.0,,0.0,1,0.03,0.09,SPY200717C00357000,357.0,normalDay
2020-05-21,3568.0,-318.0,0.0,100,294.88,298.0,0,0.0,0.0,,0.0,1,0.03,0.09,SPY200717C00357000,357.0,normalDay
2020-05-22,3568.0,-261.0,0.0,100,295.44,298.0,0,0.0,0.0,,0.0,1,0.03,0.08,SPY200717C00357000,357.0,normalDay
2020-05-26,3568.0,103.0,0.0,100,299.08,298.0,0,0.0,0.0,,0.0,1,0.03,0.08,SPY200717C00357000,357.0,normalDay
2020-05-27,3568.0,548.0,0.0,100,303.53,298.0,0,0.0,0.0,,0.0,1,0.03,0.08,SPY200717C00357000,357.0,normalDay
2020-05-28,3568.0,491.0,0.0,100,302.97,298.0,0,0.0,0.0,,0.0,1,0.03,0.09,SPY200717C00357000,357.0,normalDay
2020-05-29,3568.0,625.0,0.0,100,304.32,298.0,0,0.0,0.0,,0.0,1,0.03,0.1,SPY200717C00357000,357.0,normalDay
2020-06-01,3568.0,749.0,0.0,100,305.55,298.0,0,0.0,0.0,,0.0,1,0.03,0.09,SPY200717C00357000,357.0,normalDay
2020-06-02,3568.0,1002.0,0.0,100,308.08,298.0,0,0.0,0.0,,0.0,1,0.03,0.09,SPY200717C00357000,357.0,normalDay
2020-06-03,3568.0,1407.0,0.0,100,312.18,298.0,0,0.0,0.0,,0.0,1,0.03,0.14,SPY200717C00357000,357.0,normalDay
2020-06-04,3568.0,1328.0,0.0,100,311.36,298.0,0,0.0,0.0,,0.0,1,0.03,0.11,SPY200717C00357000,357.0,normalDay
2020-06-05,3568.0,2112.0,0.0,100,319.34,298.0,0,0.0,0.0,,0.0,1,0.03,0.25,SPY200717C00357000,357.0,normalDay
2020-06-08,3568.0,2486.0,0.0,100,323.2,298.0,0,0.0,0.0,,0.0,1,0.03,0.37,SPY200717C00357000,357.0,normalDay
2020-06-09,3568.0,2247.0,0.0,100,320.79,298.0,0,0.0,0.0,,0.0,1,0.03,0.35,SPY200717C00357000,357.0,normalDay
2020-06-10,3568.0,2078.0,0.0,100,319.0,298.0,0,0.0,0.0,,0.0,1,0.03,0.25,SPY200717C00357000,357.0,normalDay
2020-06-11,3568.0,251.0,0.0,100,300.61,298.0,0,0.0,0.0,,0.0,1,0.03,0.13,SPY200717C00357000,357.0,normalDay
2020-06-12,3568.0,611.0,0.0,100,304.21,298.0,0,0.0,0.0,,0.0,1,0.03,0.13,SPY200717C00357000,357.0,normalDay
2020-06-15,3568.0,894.0,0.0,100,307.05,298.0,0,0.0,0.0,,0.0,1,0.03,0.14,SPY200717C00357000,357.0,normalDay
2020-06-16,3568.0,1478.0,0.0,100,312.96,298.0,0,0.0,0.0,,0.0,1,0.03,0.21,SPY200717C00357000,357.0,normalDay
2020-06-17,3568.0,1352.0,0.0,100,311.66,298.0,0,0.0,0.0,,0.0,1,0.03,0.17,SPY200717C00357000,357.0,normalDay
2020-06-18,3568.0,1368.0,0.0,100,311.78,298.0,0,0.0,0.0,,0.0,1,0.03,0.13,SPY200717C00357000,357.0,normalDay
2020-06-19,3568.0,1058.0,0.0,100,308.64,298.0,0,0.0,0.0,,0.0,1,0.03,0.09,SPY200717C00357000,357.0,normalDay
2020-06-22,3568.0,1258.0,0.0,100,310.62,298.0,0,0.0,0.0,,0.0,1,0.03,0.07,SPY200717C00357000,357.0,normalDay
2020-06-23,3568.0,1401.0,0.0,100,312.05,298.0,0,0.0,0.0,,0.0,1,0.03,0.07,SPY200717C00357000,357.0,normalDay
2020-06-24,3568.0,607.0,0.0,100,304.09,298.0,0,0.0,0.0,,0.0,1,0.03,0.05,SPY200717C00357000,357.0,normalDay
2020-06-25,3568.0,933.0,0.0,100,307.35,298.0,0,0.0,0.0,,0.0,1,0.03,0.05,SPY200717C00357000,357.0,normalDay
2020-06-26,3568.0,205.0,0.0,100,300.05,298.0,0,0.0,0.0,,0.0,1,0.03,0.03,SPY200717C00357000,357.0,normalDay
2020-06-29,3568.0,646.0,0.0,100,304.46,298.0,0,0.0,0.0,,0.0,1,0.03,0.03,SPY200717C00357000,357.0,normalDay
2020-06-30,3568.0,1036.0,0.0,100,308.36,298.0,0,0.0,0.0,,0.0,1,0.03,0.03,SPY200717C00357000,357.0,normalDay
2020-07-01,3568.0,1253.0,0.0,100,310.52,298.0,0,0.0,0.0,,0.0,1,0.03,0.02,SPY200717C00357000,357.0,normalDay
2020-07-02,3568.0,1424.0,0.0,100,312.23,298.0,0,0.0,0.0,,0.0,1,0.03,0.02,SPY200717C00357000,357.0,normalDay
2020-07-06,3568.0,1906.0,0.0,100,317.05,298.0,0,0.0,0.0,,0.0,1,0.03,0.02,SPY200717C00357000,357.0,normalDay
2020-07-07,3568.0,1580.0,0.0,100,313.78,298.0,0,0.0,0.0,,0.0,1,0.03,0.01,SPY200717C00357000,357.0,normalDay
2020-07-08,3568.0,1820.0,0.0,100,316.18,298.0,0,0.0,0.0,,0.0,1,0.03,0.01,SPY200717C00357000,357.0,normalDay
2020-07-09,3568.0,1640.0,0.0,100,314.38,298.0,0,0.0,0.0,,0.0,1,0.03,0.01,SPY200717C00357000,357.0,normalDay
2020-07-10,3568.0,1961.0,0.0,100,317.59,298.0,0,0.0,0.0,,0.0,1,0.03,0.01,SPY200717C00357000,357.0,normalDay
2020-07-13,3568.0,1686.0,0.0,100,314.84,298.0,0,0.0,0.0,,0.0,1,0.03,0.01,SPY200717C00357000,357.0,normalDay
2020-07-14,3568.0,2094.0,0.0,100,318.92,298.0,0,0.0,0.0,,0.0,1,0.03,0.01,SPY200717C00357000,357.0,normalDay
2020-07-15,3568.0,2387.0,0.0,100,321.85,298.0,0,0.0,0.0,,0.0,1,0.03,0.01,SPY200717C00357000,357.0,normalDay
2020-07-16,3568.0,2281.0,0.0,100,320.79,298.0,0,0.0,0.0,,0.0,1,0.03,0.01,SPY200717C00357000,357.0,normalDay
2020-07-17,3571.0,2372.0,3.0,100,321.72,298.0,0,0.0,0.0,,0.0,1,0.03,0.0,SPY200717C00357000,357.0,expirationDay
2020-07-20,3571.0,2621.0,0.0,100,324.32,298.0,0,0.0,0.0,,0.0,1,7.27,7.38,SPY201120C00344000,344.0,normalDay
2020-07-21,3571.0,2663.0,0.0,100,325.01,298.0,0,0.0,0.0,,0.0,1,7.27,7.65,SPY201120C00344000,344.0,normalDay
2020-07-22,3571.0,2812.0,0.0,100,326.86,298.0,0,0.0,0.0,,0.0,1,7.27,8.01,SPY201120C00344000,344.0,normalDay
2020-07-23,3571.0,2564.0,0.0,100,322.96,298.0,0,0.0,0.0,,0.0,1,7.27,6.59,SPY201120C00344000,344.0,normalDay
2020-07-24,3571.0,2401.0,0.0,100,320.88,298.0,0,0.0,0.0,,0.0,1,7.27,6.14,SPY201120C00344000,344.0,normalDay
2020-07-27,3571.0,2591.0,0.0,100,323.22,298.0,0,0.0,0.0,,0.0,1,7.27,6.58,SPY201120C00344000,344.0,normalDay
2020-07-28,3571.0,2453.0,0.0,100,321.17,298.0,0,0.0,0.0,,0.0,1,7.27,5.91,SPY201120C00344000,344.0,normalDay
2020-07-29,3571.0,2728.0,0.0,100,325.12,298.0,0,0.0,0.0,,0.0,1,7.27,7.11,SPY201120C00344000,344.0,normalDay
2020-07-30,3571.0,2613.0,0.0,100,323.96,298.0,0,0.0,0.0,,0.0,1,7.27,7.1,SPY201120C00344000,344.0,normalDay
2020-07-31,3571.0,2795.0,0.0,100,326.52,298.0,0,0.0,0.0,,0.0,1,7.27,7.84,SPY201120C00344000,344.0,normalDay
2020-08-03,3571.0,2955.0,0.0,100,328.79,298.0,0,0.0,0.0,,0.0,1,7.27,8.51,SPY201120C00344000,344.0,normalDay
2020-08-04,3571.0,3067.0,0.0,100,330.06,298.0,0,0.0,0.0,,0.0,1,7.27,8.66,SPY201120C00344000,344.0,normalDay
2020-08-05,3571.0,3206.0,0.0,100,332.11,298.0,0,0.0,0.0,,0.0,1,7.27,9.32,SPY201120C00344000,344.0,normalDay
2020-08-06,3571.0,3329.0,0.0,100,334.33,298.0,0,0.0,0.0,,0.0,1,7.27,10.31,SPY201120C00344000,344.0,normalDay
2020-08-07,3571.0,3354.0,0.0,100,334.57,298.0,0,0.0,0.0,,0.0,1,7.27,10.3,SPY201120C00344000,344.0,normalDay
2020-08-10,3571.0,3440.0,0.0,100,335.57,298.0,0,0.0,0.0,,0.0,1,7.27,10.44,SPY201120C00344000,344.0,normalDay
2020-08-11,3571.0,3237.0,0.0,100,332.8,298.0,0,0.0,0.0,,0.0,1,7.27,9.7,SPY201120C00344000,344.0,normalDay
2020-08-12,3571.0,3541.0,0.0,100,337.44,298.0,0,0.0,0.0,,0.0,1,7.27,11.3,SPY201120C00344000,344.0,normalDay
2020-08-13,3571.0,3514.0,0.0,100,336.83,298.0,0,0.0,0.0,,0.0,1,7.27,10.96,SPY201120C00344000,344.0,normalDay
2020-08-14,3571.0,3524.0,0.0,100,336.84,298.0,0,0.0,0.0,,0.0,1,7.27,10.87,SPY201120C00344000,344.0,normalDay
2020-08-17,3571.0,3633.0,0.0,100,337.91,298.0,0,0.0,0.0,,0.0,1,7.27,10.85,SPY201120C00344000,344.0,normalDay
2020-08-18,3571.0,3687.0,0.0,100,338.64,298.0,0,0.0,0.0,,0.0,1,7.27,11.04,SPY201120C00344000,344.0,normalDay
2020-08-19,3571.0,3603.0,0.0,100,337.23,298.0,0,0.0,0.0,,0.0,1,7.27,10.47,SPY201120C00344000,344.0,normalDay
2020-08-20,3571.0,3683.0,0.0,100,338.28,298.0,0,0.0,0.0,,0.0,1,7.27,10.72,SPY201120C00344000,344.0,normalDay
2020-08-21,3571.0,3745.0,0.0,100,339.48,298.0,0,0.0,0.0,,0.0,1,7.27,11.3,SPY201120C00344000,344.0,normalDay
2020-08-24,3571.0,3915.0,0.0,100,342.92,298.0,0,0.0,0.0,,0.0,1,7.27,13.04,SPY201120C00344000,344.0,normalDay
2020-08-25,3571.0,3957.0,0.0,100,344.12,298.0,0,0.0,0.0,,0.0,1,7.27,13.82,SPY201120C00344000,344.0,normalDay
2020-08-26,3571.0,4038.0,0.0,100,347.57,298.0,0,0.0,0.0,,0.0,1,7.27,16.46,SPY201120C00344000,344.0,normalDay
2020-08-27,3571.0,4018.0,0.0,100,348.33,298.0,0,0.0,0.0,,0.0,1,7.27,17.42,SPY201120C00344000,344.0,normalDay
2020-08-28,3571.0,4150.0,0.0,100,350.58,298.0,0,0.0,0.0,,0.0,1,7.27,18.35,SPY201120C00344000,344.0,normalDay
2020-08-31,3571.0,3975.0,0.0,100,349.31,298.0,0,0.0,0.0,,0.0,1,7.27,18.83,SPY201120C00344000,344.0,normalDay
2020-09-01,3571.0,4108.0,0.0,100,352.6,298.0,0,0.0,0.0,,0.0,1,7.27,20.79,SPY201120C00344000,344.0,normalDay
2020-09-02,3571.0,4188.0,0.0,100,357.7,298.0,0,0.0,0.0,,0.0,1,7.27,25.09,SPY201120C00344000,344.0,normalDay
2020-09-03,3571.0,3572.0,0.0,100,345.39,298.0,0,0.0,0.0,,0.0,1,7.27,18.94,SPY201120C00344000,344.0,normalDay
2020-09-04,3571.0,3641.0,0.0,100,342.57,298.0,0,0.0,0.0,,0.0,1,7.27,15.43,SPY201120C00344000,344.0,normalDay
2020-09-08,3571.0,3233.0,0.0,100,333.21,298.0,0,0.0,0.0,,0.0,1,7.27,10.15,SPY201120C00344000,344.0,normalDay
2020-09-09,3571.0,3653.0,0.0,100,339.79,298.0,0,0.0,0.0,,0.0,1,7.27,12.53,SPY201120C00344000,344.0,normalDay
2020-09-10,3571.0,3327.0,0.0,100,333.89,298.0,0,0.0,0.0,,0.0,1,7.27,9.89,SPY201120C00344000,344.0,normalDay
2020-09-11,3571.0,3462.0,0.0,100,334.06,298.0,0,0.0,0.0,,0.0,1,7.27,8.71,SPY201120C00344000,344.0,normalDay
2020-09-14,3571.0,3705.0,0.0,100,338.46,298.0,0,0.0,0.0,,0.0,1,7.27,10.68,SPY201120C00344000,344.0,normalDay
2020-09-15,3571.0,3796.0,0.0,100,340.17,298.0,0,0.0,0.0,,0.0,1,7.27,11.48,SPY201120C00344000,344.0,normalDay
2020-09-16,3571.0,3767.0,0.0,100,338.82,298.0,0,0.0,0.0,,0.0,1,7.27,10.42,SPY201120C00344000,344.0,normalDay
2020-09-17,3571.0,3602.0,0.0,100,335.84,298.0,0,0.0,0.0,,0.0,1,7.27,9.09,SPY201120C00344000,344.0,normalDay
2020-09-18,3571.0,3289.0,0.0,100,330.65,298.0,0,0.0,0.0,,0.0,1,7.27,7.03,SPY201120C00344000,344.0,normalDay
2020-09-21,3571.0,3028.0,0.0,100,326.97,298.0,0,0.0,0.0,,0.0,1,7.27,5.96,SPY201120C00344000,344.0,normalDay
2020-09-22,3571.0,3267.0,0.0,100,330.3,298.0,0,0.0,0.0,,0.0,1,7.27,6.9,SPY201120C00344000,344.0,normalDay
2020-09-23,3571.0,2728.0,0.0,100,322.64,298.0,0,0.0,0.0,,0.0,1,7.27,4.63,SPY201120C00344000,344.0,normalDay
2020-09-24,3571.0,2809.0,0.0,100,323.5,298.0,0,0.0,0.0,,0.0,1,7.27,4.68,SPY201120C00344000,344.0,normalDay
2020-09-25,3571.0,3201.0,0.0,100,328.73,298.0,0,0.0,0.0,,0.0,1,7.27,5.99,SPY201120C00344000,344.0,normalDay
2020-09-28,3571.0,3517.0,0.0,100,334.19,298.0,0,0.0,0.0,,0.0,1,7.27,8.29,SPY201120C00344000,344.0,normalDay
2020-09-29,3571.0,3407.0,0.0,100,332.37,298.0,0,0.0,0.0,,0.0,1,7.27,7.57,SPY201120C00344000,344.0,normalDay
2020-09-30,3571.0,3641.0,0.0,100,334.89,298.0,0,0.0,0.0,,0.0,1,7.27,7.75,SPY201120C00344000,344.0,normalDay
2020-10-01,3571.0,3691.0,0.0,100,337.04,298.0,0,0.0,0.0,,0.0,1,7.27,9.4,SPY201120C00344000,344.0,normalDay
2020-10-02,3571.0,3516.0,0.0,100,333.84,298.0,0,0.0,0.0,,0.0,1,7.27,7.95,SPY201120C00344000,344.0,normalDay
2020-10-05,3571.0,3898.0,0.0,100,339.76,298.0,0,0.0,0.0,,0.0,1,7.27,10.05,SPY201120C00344000,344.0,normalDay
2020-10-06,3571.0,3638.0,0.0,100,334.93,298.0,0,0.0,0.0,,0.0,1,7.27,7.82,SPY201120C00344000,344.0,normalDay
2020-10-07,3571.0,4007.0,0.0,100,340.76,298.0,0,0.0,0.0,,0.0,1,7.27,9.96,SPY201120C00344000,344.0,normalDay
2020-10-08,3571.0,4214.0,0.0,100,343.78,298.0,0,0.0,0.0,,0.0,1,7.27,10.91,SPY201120C00344000,344.0,normalDay
2020-10-09,3571.0,4402.0,0.0,100,346.85,298.0,0,0.0,0.0,,0.0,1,7.27,12.1,SPY201120C00344000,344.0,normalDay
2020-10-12,3571.0,4600.0,0.0,100,352.43,298.0,0,0.0,0.0,,0.0,1,7.27,15.7,SPY201120C00344000,344.0,normalDay
2020-10-13,3571.0,4511.0,0.0,100,350.13,298.0,0,0.0,0.0,,0.0,1,7.27,14.29,SPY201120C00344000,344.0,normalDay
2020-10-14,3571.0,4453.0,0.0,100,347.93,298.0,0,0.0,0.0,,0.0,1,7.27,12.67,SPY201120C00344000,344.0,normalDay
2020-10-15,3571.0,4429.0,0.0,100,347.5,298.0,0,0.0,0.0,,0.0,1,7.27,12.48,SPY201120C00344000,344.0,normalDay
2020-10-16,3571.0,4463.0,0.0,100,347.29,298.0,0,0.0,0.0,,0.0,1,7.27,11.93,SPY201120C00344000,344.0,normalDay
2020-10-19,3571.0,4185.0,0.0,100,342.01,298.0,0,0.0,0.0,,0.0,1,7.27,9.43,SPY201120C00344000,344.0,normalDay
2020-10-20,3571.0,4283.0,0.0,100,343.38,298.0,0,0.0,0.0,,0.0,1,7.27,9.82,SPY201120C00344000,344.0,normalDay
2020-10-21,3571.0,4244.0,0.0,100,342.73,298.0,0,0.0,0.0,,0.0,1,7.27,9.56,SPY201120C00344000,344.0,normalDay
2020-10-22,3571.0,4393.0,0.0,100,344.61,298.0,0,0.0,0.0,,0.0,1,7.27,9.95,SPY201120C00344000,344.0,normalDay
2020-10-23,3571.0,4491.0,0.0,100,345.78,298.0,0,0.0,0.0,,0.0,1,7.27,10.14,SPY201120C00344000,344.0,normalDay
2020-10-26,3571.0,4071.0,0.0,100,339.39,298.0,0,0.0,0.0,,0.0,1,7.27,7.95,SPY201120C00344000,344.0,normalDay
2020-10-27,3571.0,4023.0,0.0,100,338.22,298.0,0,0.0,0.0,,0.0,1,7.27,7.26,SPY201120C00344000,344.0,normalDay
2020-10-28,3571.0,3185.0,0.0,100,326.66,298.0,0,0.0,0.0,,0.0,1,7.27,4.08,SPY201120C00344000,344.0,normalDay
2020-10-29,3571.0,3485.0,0.0,100,329.98,298.0,0,0.0,0.0,,0.0,1,7.27,4.4,SPY201120C00344000,344.0,normalDay
2020-10-30,3571.0,3266.0,0.0,100,326.54,298.0,0,0.0,0.0,,0.0,1,7.27,3.15,SPY201120C00344000,344.0,normalDay
2020-11-02,3571.0,3594.0,0.0,100,330.2,298.0,0,0.0,0.0,,0.0,1,7.27,3.53,SPY201120C00344000,344.0,normalDay
2020-11-03,3571.0,4033.0,0.0,100,336.03,298.0,0,0.0,0.0,,0.0,1,7.27,4.97,SPY201120C00344000,344.0,normalDay
2020-11-04,3571.0,4538.0,0.0,100,343.54,298.0,0,0.0,0.0,,0.0,1,7.27,7.43,SPY201120C00344000,344.0,normalDay
2020-11-05,3571.0,4835.0,0.0,100,350.24,298.0,0,0.0,0.0,,0.0,1,7.27,11.16,SPY201120C00344000,344.0,normalDay
2020-11-06,3571.0,4933.0,0.0,100,350.16,298.0,0,0.0,0.0,,0.0,1,7.27,10.1,SPY201120C00344000,344.0,normalDay
2020-11-09,3571.0,4990.0,0.0,100,354.56,298.0,0,0.0,0.0,,0.0,1,7.27,13.93,SPY201120C00344000,344.0,normalDay
2020-11-10,3571.0,5066.0,0.0,100,354.04,298.0,0,0.0,0.0,,0.0,1,7.27,12.65,SPY201120C00344000,344.0,normalDay
2020-11-11,3571.0,5157.0,0.0,100,356.67,298.0,0,0.0,0.0,,0.0,1,7.27,14.37,SPY201120C00344000,344.0,normalDay
2020-11-12,3571.0,5096.0,0.0,100,353.21,298.0,0,0.0,0.0,,0.0,1,7.27,11.52,SPY201120C00344000,344.0,normalDay
2020-11-13,3571.0,5239.0,0.0,100,358.1,298.0,0,0.0,0.0,,0.0,1,7.27,14.98,SPY201120C00344000,344.0,normalDay
2020-11-16,3571.0,5320.0,0.0,100,362.57,298.0,0,0.0,0.0,,0.0,1,7.27,18.64,SPY201120C00344000,344.0,normalDay
2020-11-17,3571.0,5302.0,0.0,100,360.62,298.0,0,0.0,0.0,,0.0,1,7.27,16.87,SPY201120C00344000,344.0,normalDay
2020-11-18,3571.0,5285.0,0.0,100,356.28,298.0,0,0.0,0.0,,0.0,1,7.27,12.7,SPY201120C00344000,344.0,normalDay
2020-11-19,3571.0,5304.0,0.0,100,357.78,298.0,0,0.0,0.0,,0.0,1,7.27,14.01,SPY201120C00344000,344.0,normalDay
2020-11-20,8898.0,5304.0,5327.0,0,355.33,0.0,0,0.0,0.0,,0.0,1,7.27,0.0,SPY201120C00344000,344.0,expirationDay
2020-11-23,8898.0,-21.0,0.0,0,357.46,0.0,1,19.26,19.47,SPY210630P00344000,344.0,0,0.0,0.0,,0.0,normalDay
2020-11-24,8898.0,176.0,0.0,0,363.22,0.0,1,19.26,17.5,SPY210630P00344000,344.0,0,0.0,0.0,,0.0,normalDay
2020-11-25,8898.0,174.0,0.0,0,362.66,0.0,1,19.26,17.52,SPY210630P00344000,344.0,0,0.0,0.0,,0.0,normalDay
2020-11-27,8898.0,178.0,0.0,0,363.67,0.0,1,19.26,17.48,SPY210630P00344000,344.0,0,0.0,0.0,,0.0,normalDay
2020-11-30,8898.0,208.0,0.0,0,362.06,0.0,1,19.26,17.18,SPY210630P00344000,344.0,0,0.0,0.0,,0.0,normalDay
2020-12-01,8898.0,281.0,0.0,0,366.02,0.0,1,19.26,16.45,SPY210630P00344000,344.0,0,0.0,0.0,,0.0,normalDay
2020-12-02,8898.0,305.0,0.0,0,366.79,0.0,1,19.26,16.21,SPY210630P00344000,344.0,0,0.0,0.0,,0.0,normalDay
2020-12-03,8898.0,303.0,0.0,0,366.69,0.0,1,19.26,16.23,SPY210630P00344000,344.0,0,0.0,0.0,,0.0,normalDay
2020-12-04,8898.0,397.0,0.0,0,369.85,0.0,1,19.26,15.29,SPY210630P00344000,344.0,0,0.0,0.0,,0.0,normalDay
2020-12-07,8898.0,359.0,0.0,0,369.09,0.0,1,19.26,15.67,SPY210630P00344000,344.0,0,0.0,0.0,,0.0,normalDay
2020-12-08,8898.0,441.0,0.0,0,370.17,0.0,1,19.26,14.85,SPY210630P00344000,344.0,0,0.0,0.0,,0.0,normalDay
2020-12-09,8898.0,315.0,0.0,0,366.85,0.0,1,19.26,16.11,SPY210630P00344000,344.0,0,0.0,0.0,,0.0,normalDay
2020-12-10,8898.0,306.0,0.0,0,366.73,0.0,1,19.26,16.2,SPY210630P00344000,344.0,0,0.0,0.0,,0.0,normalDay
2020-12-11,8898.0,269.0,0.0,0,366.3,0.0,1,19.26,16.57,SPY210630P00344000,344.0,0,0.0,0.0,,0.0,normalDay
2020-12-14,8898.0,211.0,0.0,0,364.66,0.0,1,19.26,17.15,SPY210630P00344000,344.0,0,0.0,0.0,,0.0,normalDay
2020-12-15,8898.0,366.0,0.0,0,369.59,0.0,1,19.26,15.6,SPY210630P00344000,344.0,0,0.0,0.0,,0.0,normalDay
2020-12-16,8898.0,406.0,0.0,0,370.17,0.0,1,19.26,15.2,SPY210630P00344000,344.0,0,0.0,0.0,,0.0,normalDay
2020-12-17,8898.0,486.0,0.0,0,372.24,0.0,1,19.26,14.4,SPY210630P00344000,344.0,0,0.0,0.0,,0.0,normalDay
2020-12-18,8898.0,466.0,0.0,0,369.18,0.0,1,19.26,14.6,SPY210630P00344000,344.0,0,0.0,0.0,,0.0,normalDay
2020-12-21,8898.0,330.0,0.0,0,367.86,0.0,1,19.26,15.96,SPY210630P00344000,344.0,0,0.0,0.0,,0.0,normalDay
2020-12-22,8898.0,327.0,0.0,0,367.24,0.0,1,19.26,15.99,SPY210630P00344000,344.0,0,0.0,0.0,,0.0,normalDay
2020-12-23,8898.0,385.0,0.0,0,367.57,0.0,1,19.26,15.41,SPY210630P00344000,344.0,0,0.0,0.0,,0.0,normalDay
2020-12-24,8898.0,472.0,0.0,0,369.0,0.0,1,19.26,14.54,SPY210630P00344000,344.0,0,0.0,0.0,,0.0,normalDay
2020-12-28,8898.0,568.0,0.0,0,372.17,0.0,1,19.26,13.58,SPY210630P00344000,344.0,0,0.0,0.0,,0.0,normalDay
2020-12-29,8898.0,490.0,0.0,0,371.46,0.0,1,19.26,14.36,SPY210630P00344000,344.0,0,0.0,0.0,,0.0,normalDay
2020-12-30,8898.0,540.0,0.0,0,371.99,0.0,1,19.26,13.86,SPY210630P00344000,344.0,0,0.0,0.0,,0.0,normalDay
2020-12-31,8898.0,596.0,0.0,0,373.88,0.0,1,19.26,13.3,SPY210630P00344000,344.0,0,0.0,0.0,,0.0,normalDay
2021-01-04,8898.0,383.0,0.0,0,368.79,0.0,1,19.26,15.43,SPY210630P00344000,344.0,0,0.0,0.0,,0.0,normalDay
2021-01-05,8898.0,486.0,0.0,0,371.33,0.0,1,19.26,14.4,SPY210630P00344000,344.0,0,0.0,0.0,,0.0,normalDay
2021-01-06,8898.0,534.0,0.0,0,373.55,0.0,1,19.26,13.92,SPY210630P00344000,344.0,0,0.0,0.0,,0.0,normalDay
2021-01-07,8898.0,735.0,0.0,0,379.1,0.0,1,19.26,11.91,SPY210630P00344000,344.0,0,0.0,0.0,,0.0,normalDay
2021-01-08,8898.0,791.0,0.0,0,381.26,0.0,1,19.26,11.35,SPY210630P00344000,344.0,0,0.0,0.0,,0.0,normalDay
2021-01-11,8898.0,669.0,0.0,0,378.69,0.0,1,19.26,12.57,SPY210630P00344000,344.0,0,0.0,0.0,,0.0,normalDay
2021-01-12,8898.0,700.0,0.0,0,378.77,0.0,1,19.26,12.26,SPY210630P00344000,344.0,0,0.0,0.0,,0.0,normalDay
2021-01-13,8898.0,750.0,0.0,0,379.79,0.0,1,19.26,11.76,SPY210630P00344000,344.0,0,0.0,0.0,,0.0,normalDay
2021-01-14,8898.0,694.0,0.0,0,378.46,0.0,1,19.26,12.32,SPY210630P00344000,344.0,0,0.0,0.0,,0.0,normalDay
2021-01-15,8898.0,588.0,0.0,0,375.7,0.0,1,19.26,13.38,SPY210630P00344000,344.0,0,0.0,0.0,,0.0,normalDay
2021-01-19,8898.0,700.0,0.0,0,378.65,0.0,1,19.26,12.26,SPY210630P00344000,344.0,0,0.0,0.0,,0.0,normalDay
2021-01-20,8898.0,843.0,0.0,0,383.89,0.0,1,19.26,10.83,SPY210630P00344000,344.0,0,0.0,0.0,,0.0,normalDay
2021-01-21,8898.0,849.0,0.0,0,384.24,0.0,1,19.26,10.77,SPY210630P00344000,344.0,0,0.0,0.0,,0.0,normalDay
2021-01-22,8898.0,815.0,0.0,0,382.88,0.0,1,19.26,11.11,SPY210630P00344000,344.0,0,0.0,0.0,,0.0,normalDay
2021-01-25,8898.0,812.0,0.0,0,384.39,0.0,1,19.26,11.14,SPY210630P00344000,344.0,0,0.0,0.0,,0.0,normalDay
2021-01-26,8898.0,800.0,0.0,0,383.79,0.0,1,19.26,11.26,SPY210630P00344000,344.0,0,0.0,0.0,,0.0,normalDay
2021-01-27,8898.0,311.0,0.0,0,374.41,0.0,1,19.26,16.15,SPY210630P00344000,344.0,0,0.0,0.0,,0.0,normalDay
2021-01-28,8898.0,496.0,0.0,0,377.63,0.0,1,19.26,14.3,SPY210630P00344000,344.0,0,0.0,0.0,,0.0,normalDay
2021-01-29,8898.0,169.0,0.0,0,370.07,0.0,1,19.26,17.57,SPY210630P00344000,344.0,0,0.0,0.0,,0.0,normalDay
2021-02-01,8898.0,443.0,0.0,0,376.23,0.0,1,19.26,14.83,SPY210630P00344000,344.0,0,0.0,0.0,,0.0,normalDay
2021-02-02,8898.0,716.0,0.0,0,381.55,0.0,1,19.26,12.1,SPY210630P00344000,344.0,0,0.0,0.0,,0.0,normalDay
2021-02-03,8898.0,793.0,0.0,0,381.85,0.0,1,19.26,11.33,SPY210630P00344000,344.0,0,0.0,0.0,,0.0,normalDay
2021-02-04,8898.0,906.0,0.0,0,386.19,0.0,1,19.26,10.2,SPY210630P00344000,344.0,0,0.0,0.0,,0.0,normalDay
2021-02-05,8898.0,936.0,0.0,0,387.71,0.0,1,19.26,9.9,SPY210630P00344000,344.0,0,0.0,0.0,,0.0,normalDay
2021-02-08,8898.0,996.0,0.0,0,390.51,0.0,1,19.26,9.3,SPY210630P00344000,344.0,0,0.0,0.0,,0.0,normalDay
2021-02-09,8898.0,991.0,0.0,0,390.25,0.0,1,19.26,9.35,SPY210630P00344000,344.0,0,0.0,0.0,,0.0,normalDay
2021-02-10,8898.0,966.0,0.0,0,390.08,0.0,1,19.26,9.6,SPY210630P00344000,344.0,0,0.0,0.0,,0.0,normalDay
2021-02-11,8898.0,995.0,0.0,0,390.71,0.0,1,19.26,9.31,SPY210630P00344000,344.0,0,0.0,0.0,,0.0,normalDay
2021-02-12,8898.0,1065.0,0.0,0,392.64,0.0,1,19.26,8.61,SPY210630P00344000,344.0,0,0.0,0.0,,0.0,normalDay
2021-02-16,8898.0,1046.0,0.0,0,392.3,0.0,1,19.26,8.8,SPY210630P00344000,344.0,0,0.0,0.0,,0.0,normalDay
2021-02-17,8898.0,1060.0,0.0,0,392.39,0.0,1,19.26,8.66,SPY210630P00344000,344.0,0,0.0,0.0,,0.0,normalDay
2021-02-18,8898.0,1023.0,0.0,0,390.72,0.0,1,19.26,9.03,SPY210630P00344000,344.0,0,0.0,0.0,,0.0,normalDay
2021-02-19,8898.0,1040.0,0.0,0,390.03,0.0,1,19.26,8.86,SPY210630P00344000,344.0,0,0.0,0.0,,0.0,normalDay
2021-02-22,8898.0,981.0,0.0,0,387.03,0.0,1,19.26,9.45,SPY210630P00344000,344.0,0,0.0,0.0,,0.0,normalDay
2021-02-23,8898.0,1027.0,0.0,0,387.5,0.0,1,19.26,8.99,SPY210630P00344000,344.0,0,0.0,0.0,,0.0,normalDay
2021-02-24,8898.0,1151.0,0.0,0,391.77,0.0,1,19.26,7.75,SPY210630P00344000,344.0,0,0.0,0.0,,0.0,normalDay
2021-02-25,8898.0,854.0,0.0,0,382.33,0.0,1,19.26,10.72,SPY210630P00344000,344.0,0,0.0,0.0,,0.0,normalDay
2021-02-26,8898.0,874.0,0.0,0,380.36,0.0,1,19.26,10.52,SPY210630P00344000,344.0,0,0.0,0.0,,0.0,normalDay
2021-03-01,8898.0,1139.0,0.0,0,389.58,0.0,1,19.26,7.87,SPY210630P00344000,344.0,0,0.0,0.0,,0.0,normalDay
2021-03-02,8898.0,1079.0,0.0,0,386.54,0.0,1,19.26,8.47,SPY210630P00344000,344.0,0,0.0,0.0,,0.0,normalDay
2021-03-03,8898.0,957.0,0.0,0,381.42,0.0,1,19.26,9.69,SPY210630P00344000,344.0,0,0.0,0.0,,0.0,normalDay
2021-03-04,8898.0,836.0,0.0,0,376.7,0.0,1,19.26,10.9,SPY210630P00344000,344.0,0,0.0,0.0,,0.0,normalDay
2021-03-05,8898.0,1060.0,0.0,0,383.63,0.0,1,19.26,8.66,SPY210630P00344000,344.0,0,0.0,0.0,,0.0,normalDay
2021-03-08,8898.0,1040.0,0.0,0,381.72,0.0,1,19.26,8.86,SPY210630P00344000,344.0,0,0.0,0.0,,0.0,normalDay
2021-03-09,8898.0,1157.0,0.0,0,387.17,0.0,1,19.26,7.69,SPY210630P00344000,344.0,0,0.0,0.0,,0.0,normalDay
2021-03-10,8898.0,1218.0,0.0,0,389.58,0.0,1,19.26,7.08,SPY210630P00344000,344.0,0,0.0,0.0,,0.0,normalDay
2021-03-11,8898.0,1285.0,0.0,0,393.53,0.0,1,19.26,6.41,SPY210630P00344000,344.0,0,0.0,0.0,,0.0,normalDay
2021-03-12,8898.0,1322.0,0.0,0,394.06,0.0,1,19.26,6.04,SPY210630P00344000,344.0,0,0.0,0.0,,0.0,normalDay
2021-03-15,8898.0,1386.0,0.0,0,396.41,0.0,1,19.26,5.4,SPY210630P00344000,344.0,0,0.0,0.0,,0.0,normalDay
2021-03-16,8898.0,1385.0,0.0,0,395.91,0.0,1,19.26,5.41,SPY210630P00344000,344.0,0,0.0,0.0,,0.0,normalDay
2021-03-17,8898.0,1431.0,0.0,0,397.26,0.0,1,19.26,4.95,SPY210630P00344000,344.0,0,0.0,0.0,,0.0,normalDay
2021-03-18,8898.0,1343.0,0.0,0,391.48,0.0,1,19.26,5.83,SPY210630P00344000,344.0,0,0.0,0.0,,0.0,normalDay
2021-03-19,8898.0,1343.0,0.0,0,389.48,0.0,1,19.26,5.83,SPY210630P00344000,344.0,0,0.0,0.0,,0.0,normalDay
2021-03-22,8898.0,1471.0,0.0,0,392.59,0.0,1,19.26,4.55,SPY210630P00344000,344.0,0,0.0,0.0,,0.0,normalDay
2021-03-23,8898.0,1414.0,0.0,0,389.5,0.0,1,19.26,5.12,SPY210630P00344000,344.0,0,0.0,0.0,,0.0,normalDay
2021-03-24,8898.0,1380.0,0.0,0,387.52,0.0,1,19.26,5.46,SPY210630P00344000,344.0,0,0.0,0.0,,0.0,normalDay
2021-03-25,8898.0,1451.0,0.0,0,389.7,0.0,1,19.26,4.75,SPY210630P00344000,344.0,0,0.0,0.0,,0.0,normalDay
2021-03-26,8898.0,1538.0,0.0,0,395.98,0.0,1,19.26,3.88,SPY210630P00344000,344.0,0,0.0,0.0,,0.0,normalDay
2021-03-29,8898.0,1521.0,0.0,0,395.78,0.0,1,19.26,4.05,SPY210630P00344000,344.0,0,0.0,0.0,,0.0,normalDay
2021-03-30,8898.0,1547.0,0.0,0,394.73,0.0,1,19.26,3.79,SPY210630P00344000,344.0,0,0.0,0.0,,0.0,normalDay
2021-03-31,8898.0,1574.0,0.0,0,396.33,0.0,1,19.26,3.52,SPY210630P00344000,344.0,0,0.0,0.0,,0.0,normalDay
2021-04-01,8898.0,1641.0,0.0,0,400.61,0.0,1,19.26,2.85,SPY210630P00344000,344.0,0,0.0,0.0,,0.0,normalDay
2021-04-05,8898.0,1691.0,0.0,0,406.36,0.0,1,19.26,2.35,SPY210630P00344000,344.0,0,0.0,0.0,,0.0,normalDay
2021-04-06,8898.0,1689.0,0.0,0,406.12,0.0,1,19.26,2.37,SPY210630P00344000,344.0,0,0.0,0.0,,0.0,normalDay
2021-04-07,8898.0,1708.0,0.0,0,406.59,0.0,1,19.26,2.18,SPY210630P00344000,344.0,0,0.0,0.0,,0.0,normalDay
2021-04-08,8898.0,1721.0,0.0,0,408.52,0.0,1,19.26,2.05,SPY210630P00344000,344.0,0,0.0,0.0,,0.0,normalDay
2021-04-09,8898.0,1731.0,0.0,0,411.49,0.0,1,19.26,1.95,SPY210630P00344000,344.0,0,0.0,0.0,,0.0,normalDay
2021-04-12,8898.0,1740.0,0.0,0,411.64,0.0,1,19.26,1.86,SPY210630P00344000,344.0,0,0.0,0.0,,0.0,normalDay
2021-04-13,8898.0,1755.0,0.0,0,412.86,0.0,1,19.26,1.71,SPY210630P00344000,344.0,0,0.0,0.0,,0.0,normalDay
2021-04-14,8898.0,1744.0,0.0,0,411.45,0.0,1,19.26,1.82,SPY210630P00344000,344.0,0,0.0,0.0,,0.0,normalDay
2021-04-15,8898.0,1767.0,0.0,0,415.87,0.0,1,19.26,1.59,SPY210630P00344000,344.0,0,0.0,0.0,,0.0,normalDay
2021-04-16,8898.0,1776.0,0.0,0,417.26,0.0,1,19.26,1.5,SPY210630P00344000,344.0,0,0.0,0.0,,0.0,normalDay
2021-04-19,8898.0,1763.0,0.0,0,415.21,0.0,1,19.26,1.63,SPY210630P00344000,344.0,0,0.0,0.0,,0.0,normalDay
2021-04-20,8898.0,1737.0,0.0,0,412.17,0.0,1,19.26,1.89,SPY210630P00344000,344.0,0,0.0,0.0,,0.0,normalDay
2021-04-21,8898.0,1774.0,0.0,0,416.07,0.0,1,19.26,1.52,SPY210630P00344000,344.0,0,0.0,0.0,,0.0,normalDay
2021-04-22,8898.0,1739.0,0.0,0,412.27,0.0,1,19.26,1.87,SPY210630P00344000,344.0,0,0.0,0.0,,0.0,normalDay
2021-04-23,8898.0,1785.0,0.0,0,416.74,0.0,1,19.26,1.41,SPY210630P00344000,344.0,0,0.0,0.0,,0.0,normalDay
2021-04-26,8898.0,1795.0,0.0,0,417.61,0.0,1,19.26,1.31,SPY210630P00344000,344.0,0,0.0,0.0,,0.0,normalDay
2021-04-27,8898.0,1802.0,0.0,0,417.52,0.0,1,19.26,1.24,SPY210630P00344000,344.0,0,0.0,0.0,,0.0,normalDay
2021-04-28,8898.0,1811.0,0.0,0,417.4,0.0,1,19.26,1.15,SPY210630P00344000,344.0,0,0.0,0.0,,0.0,normalDay
2021-04-29,8898.0,1813.0,0.0,0,420.06,0.0,1,19.26,1.13,SPY210630P00344000,344.0,0,0.0,0.0,,0.0,normalDay
2021-04-30,8898.0,1797.0,0.0,0,417.3,0.0,1,19.26,1.29,SPY210630P00344000,344.0,0,0.0,0.0,,0.0,normalDay
2021-05-03,8898.0,1809.0,0.0,0,418.2,0.0,1,19.26,1.17,SPY210630P00344000,344.0,0,0.0,0.0,,0.0,normalDay
2021-05-04,8898.0,1794.0,0.0,0,415.62,0.0,1,19.26,1.32,SPY210630P00344000,344.0,0,0.0,0.0,,0.0,normalDay
2021-05-05,8898.0,1802.0,0.0,0,415.75,0.0,1,19.26,1.24,SPY210630P00344000,344.0,0,0.0,0.0,,0.0,normalDay
2021-05-06,8898.0,1820.0,0.0,0,419.07,0.0,1,19.26,1.06,SPY210630P00344000,344.0,0,0.0,0.0,,0.0,normalDay
2021-05-07,8898.0,1843.0,0.0,0,422.12,0.0,1,19.26,0.83,SPY210630P00344000,344.0,0,0.0,0.0,,0.0,normalDay
2021-05-10,8898.0,1822.0,0.0,0,417.94,0.0,1,19.26,1.04,SPY210630P00344000,344.0,0,0.0,0.0,,0.0,normalDay
2021-05-11,8898.0,1796.0,0.0,0,414.21,0.0,1,19.26,1.3,SPY210630P00344000,344.0,0,0.0,0.0,,0.0,normalDay
2021-05-12,8898.0,1674.0,0.0,0,405.41,0.0,1,19.26,2.52,SPY210630P00344000,344.0,0,0.0,0.0,,0.0,normalDay
2021-05-13,8898.0,1770.0,0.0,0,410.28,0.0,1,19.26,1.56,SPY210630P00344000,344.0,0,0.0,0.0,,0.0,normalDay
2021-05-14,8898.0,1840.0,0.0,0,416.58,0.0,1,19.26,0.86,SPY210630P00344000,344.0,0,0.0,0.0,,0.0,normalDay
2021-05-17,8898.0,1835.0,0.0,0,415.52,0.0,1,19.26,0.91,SPY210630P00344000,344.0,0,0.0,0.0,,0.0,normalDay
2021-05-18,8898.0,1817.0,0.0,0,411.94,0.0,1,19.26,1.09,SPY210630P00344000,344.0,0,0.0,0.0,,0.0,normalDay
2021-05-19,8898.0,1808.0,0.0,0,410.86,0.0,1,19.26,1.18,SPY210630P00344000,344.0,0,0.0,0.0,,0.0,normalDay
2021-05-20,8898.0,1836.0,0.0,0,415.28,0.0,1,19.26,0.9,SPY210630P00344000,344.0,0,0.0,0.0,,0.0,normalDay
2021-05-21,8898.0,1843.0,0.0,0,414.94,0.0,1,19.26,0.83,SPY210630P00344000,344.0,0,0.0,0.0,,0.0,normalDay
2021-05-24,8898.0,1870.0,0.0,0,419.17,0.0,1,19.26,0.56,SPY210630P00344000,344.0,0,0.0,0.0,,0.0,normalDay
2021-05-25,8898.0,1870.0,0.0,0,418.24,0.0,1,19.26,0.56,SPY210630P00344000,344.0,0,0.0,0.0,,0.0,normalDay
2021-05-26,8898.0,1884.0,0.0,0,419.07,0.0,1,19.26,0.42,SPY210630P00344000,344.0,0,0.0,0.0,,0.0,normalDay
2021-05-27,8898.0,1888.0,0.0,0,419.29,0.0,1,19.26,0.38,SPY210630P00344000,344.0,0,0.0,0.0,,0.0,normalDay
2021-05-28,8898.0,1888.0,0.0,0,420.04,0.0,1,19.26,0.38,SPY210630P00344000,344.0,0,0.0,0.0,,0.0,normalDay
2021-06-01,8898.0,1892.0,0.0,0,419.67,0.0,1,19.26,0.34,SPY210630P00344000,344.0,0,0.0,0.0,,0.0,normalDay
2021-06-02,8898.0,1896.0,0.0,0,420.33,0.0,1,19.26,0.3,SPY210630P00344000,344.0,0,0.0,0.0,,0.0,normalDay
2021-06-03,8898.0,1895.0,0.0,0,418.77,0.0,1,19.26,0.31,SPY210630P00344000,344.0,0,0.0,0.0,,0.0,normalDay
2021-06-04,8898.0,1903.0,0.0,0,422.6,0.0,1,19.26,0.23,SPY210630P00344000,344.0,0,0.0,0.0,,0.0,normalDay
2021-06-07,8898.0,1907.0,0.0,0,422.19,0.0,1,19.26,0.19,SPY210630P00344000,344.0,0,0.0,0.0,,0.0,normalDay
2021-06-08,8898.0,1906.0,0.0,0,422.28,0.0,1,19.26,0.2,SPY210630P00344000,344.0,0,0.0,0.0,,0.0,normalDay
2021-06-09,8898.0,1904.0,0.0,0,421.65,0.0,1,19.26,0.22,SPY210630P00344000,344.0,0,0.0,0.0,,0.0,normalDay
2021-06-10,8898.0,1911.0,0.0,0,423.61,0.0,1,19.26,0.15,SPY210630P00344000,344.0,0,0.0,0.0,,0.0,normalDay
2021-06-11,8898.0,1913.0,0.0,0,424.31,0.0,1,19.26,0.13,SPY210630P00344000,344.0,0,0.0,0.0,,0.0,normalDay
2021-06-14,8898.0,1915.0,0.0,0,425.26,0.0,1,19.26,0.11,SPY210630P00344000,344.0,0,0.0,0.0,,0.0,normalDay
2021-06-15,8898.0,1914.0,0.0,0,424.48,0.0,1,19.26,0.12,SPY210630P00344000,344.0,0,0.0,0.0,,0.0,normalDay
2021-06-16,8898.0,1914.0,0.0,0,422.11,0.0,1,19.26,0.12,SPY210630P00344000,344.0,0,0.0,0.0,,0.0,normalDay
2021-06-17,8898.0,1914.0,0.0,0,421.97,0.0,1,19.26,0.12,SPY210630P00344000,344.0,0,0.0,0.0,,0.0,normalDay
2021-06-18,8898.0,1909.0,0.0,0,414.92,0.0,1,19.26,0.17,SPY210630P00344000,344.0,0,0.0,0.0,,0.0,normalDay
2021-06-21,8898.0,1918.0,0.0,0,420.86,0.0,1,19.26,0.08,SPY210630P00344000,344.0,0,0.0,0.0,,0.0,normalDay
2021-06-22,8898.0,1922.0,0.0,0,423.11,0.0,1,19.26,0.04,SPY210630P00344000,344.0,0,0.0,0.0,,0.0,normalDay
2021-06-23,8898.0,1924.0,0.0,0,422.6,0.0,1,19.26,0.02,SPY210630P00344000,344.0,0,0.0,0.0,,0.0,normalDay
2021-06-24,8898.0,1925.0,0.0,0,425.1,0.0,1,19.26,0.01,SPY210630P00344000,344.0,0,0.0,0.0,,0.0,normalDay
2021-06-25,8898.0,1924.0,0.0,0,426.61,0.0,1,19.26,0.02,SPY210630P00344000,344.0,0,0.0,0.0,,0.0,normalDay
2021-06-28,8898.0,1925.0,0.0,0,427.47,0.0,1,19.26,0.01,SPY210630P00344000,344.0,0,0.0,0.0,,0.0,normalDay
2021-06-29,8898.0,1925.0,0.0,0,427.7,0.0,1,19.26,0.01,SPY210630P00344000,344.0,0,0.0,0.0,,0.0,normalDay
2021-06-30,10824.0,0.0,1926.0,0,428.06,0.0,1,19.26,0.0,SPY210630P00344000,344.0,0,0.0,0.0,,0.0,expirationDay
2021-07-01,10824.0,-27.0,0.0,0,430.43,0.0,1,18.53,18.8,SPY220121P00423000,423.0,0,0.0,0.0,,0.0,normalDay
2021-07-02,10824.0,88.0,0.0,0,433.72,0.0,1,18.53,17.65,SPY220121P00423000,423.0,0,0.0,0.0,,0.0,normalDay
2021-07-06,10824.0,41.0,0.0,0,432.93,0.0,1,18.53,18.12,SPY220121P00423000,423.0,0,0.0,0.0,,0.0,normalDay
2021-07-07,10824.0,68.0,0.0,0,434.46,0.0,1,18.53,17.85,SPY220121P00423000,423.0,0,0.0,0.0,,0.0,normalDay
2021-07-08,10824.0,-116.0,0.0,0,430.92,0.0,1,18.53,19.69,SPY220121P00423000,423.0,0,0.0,0.0,,0.0,normalDay
2021-07-09,10824.0,140.0,0.0,0,435.52,0.0,1,18.53,17.13,SPY220121P00423000,423.0,0,0.0,0.0,,0.0,normalDay
2021-07-12,10824.0,180.0,0.0,0,437.08,0.0,1,18.53,16.73,SPY220121P00423000,423.0,0,0.0,0.0,,0.0,normalDay
2021-07-13,10824.0,80.0,0.0,0,435.59,0.0,1,18.53,17.73,SPY220121P00423000,423.0,0,0.0,0.0,,0.0,normalDay
2021-07-14,10824.0,123.0,0.0,0,436.24,0.0,1,18.53,17.3,SPY220121P00423000,423.0,0,0.0,0.0,,0.0,normalDay
2021-07-15,10824.0,42.0,0.0,0,434.75,0.0,1,18.53,18.11,SPY220121P00423000,423.0,0,0.0,0.0,,0.0,normalDay
2021-07-16,10824.0,-97.0,0.0,0,431.34,0.0,1,18.53,19.5,SPY220121P00423000,423.0,0,0.0,0.0,,0.0,normalDay
2021-07-19,10824.0,-409.0,0.0,0,424.97,0.0,1,18.53,22.62,SPY220121P00423000,423.0,0,0.0,0.0,,0.0,normalDay
2021-07-20,10824.0,-112.0,0.0,0,431.06,0.0,1,18.53,19.65,SPY220121P00423000,423.0,0,0.0,0.0,,0.0,normalDay
2021-07-21,10824.0,73.0,0.0,0,434.55,0.0,1,18.53,17.8,SPY220121P00423000,423.0,0,0.0,0.0,,0.0,normalDay
2021-07-22,10824.0,115.0,0.0,0,435.46,0.0,1,18.53,17.38,SPY220121P00423000,423.0,0,0.0,0.0,,0.0,normalDay
2021-07-23,10824.0,236.0,0.0,0,439.94,0.0,1,18.53,16.17,SPY220121P00423000,423.0,0,0.0,0.0,,0.0,normalDay
2021-07-26,10824.0,274.0,0.0,0,441.02,0.0,1,18.53,15.79,SPY220121P00423000,423.0,0,0.0,0.0,,0.0,normalDay
2021-07-27,10824.0,162.0,0.0,0,439.01,0.0,1,18.53,16.91,SPY220121P00423000,423.0,0,0.0,0.0,,0.0,normalDay
2021-07-28,10824.0,187.0,0.0,0,438.83,0.0,1,18.53,16.66,SPY220121P00423000,423.0,0,0.0,0.0,,0.0,normalDay
2021-07-29,10824.0,278.0,0.0,0,440.65,0.0,1,18.53,15.75,SPY220121P00423000,423.0,0,0.0,0.0,,0.0,normalDay
2021-07-30,10824.0,230.0,0.0,0,438.51,0.0,1,18.53,16.23,SPY220121P00423000,423.0,0,0.0,0.0,,0.0,normalDay
2021-08-02,10824.0,163.0,0.0,0,437.59,0.0,1,18.53,16.9,SPY220121P00423000,423.0,0,0.0,0.0,,0.0,normalDay
2021-08-03,10824.0,303.0,0.0,0,441.15,0.0,1,18.53,15.5,SPY220121P00423000,423.0,0,0.0,0.0,,0.0,normalDay
2021-08-04,10824.0,255.0,0.0,0,438.98,0.0,1,18.53,15.98,SPY220121P00423000,423.0,0,0.0,0.0,,0.0,normalDay
2021-08-05,10824.0,353.0,0.0,0,441.76,0.0,1,18.53,15.0,SPY220121P00423000,423.0,0,0.0,0.0,,0.0,normalDay
2021-08-06,10824.0,423.0,0.0,0,442.49,0.0,1,18.53,14.3,SPY220121P00423000,423.0,0,0.0,0.0,,0.0,normalDay
2021-08-09,10824.0,405.0,0.0,0,442.13,0.0,1,18.53,14.48,SPY220121P00423000,423.0,0,0.0,0.0,,0.0,normalDay
2021-08-10,10824.0,405.0,0.0,0,442.68,0.0,1,18.53,14.48,SPY220121P00423000,423.0,0,0.0,0.0,,0.0,normalDay
2021-08-11,10824.0,467.0,0.0,0,443.78,0.0,1,18.53,13.86,SPY220121P00423000,423.0,0,0.0,0.0,,0.0,normalDay
2021-08-12,10824.0,527.0,0.0,0,445.11,0.0,1,18.53,13.26,SPY220121P00423000,423.0,0,0.0,0.0,,0.0,normalDay
2021-08-13,10824.0,550.0,0.0,0,445.92,0.0,1,18.53,13.03,SPY220121P00423000,423.0,0,0.0,0.0,,0.0,normalDay
2021-08-16,10824.0,581.0,0.0,0,446.97,0.0,1,18.53,12.72,SPY220121P00423000,423.0,0,0.0,0.0,,0.0,normalDay
2021-08-17,10824.0,436.0,0.0,0,444.04,0.0,1,18.53,14.17,SPY220121P00423000,423.0,0,0.0,0.0,,0.0,normalDay
2021-08-18,10824.0,216.0,0.0,0,439.18,0.0,1,18.53,16.37,SPY220121P00423000,423.0,0,0.0,0.0,,0.0,normalDay
2021-08-19,10824.0,234.0,0.0,0,439.86,0.0,1,18.53,16.19,SPY220121P00423000,423.0,0,0.0,0.0,,0.0,normalDay
2021-08-20,10824.0,406.0,0.0,0,443.36,0.0,1,18.53,14.47,SPY220121P00423000,423.0,0,0.0,0.0,,0.0,normalDay
2021-08-23,10824.0,584.0,0.0,0,447.26,0.0,1,18.53,12.69,SPY220121P00423000,423.0,0,0.0,0.0,,0.0,normalDay
2021-08-24,10824.0,587.0,0.0,0,447.97,0.0,1,18.53,12.66,SPY220121P00423000,423.0,0,0.0,0.0,,0.0,normalDay
2021-08-25,10824.0,644.0,0.0,0,448.91,0.0,1,18.53,12.09,SPY220121P00423000,423.0,0,0.0,0.0,,0.0,normalDay
2021-08-26,10824.0,533.0,0.0,0,446.26,0.0,1,18.53,13.2,SPY220121P00423000,423.0,0,0.0,0.0,,0.0,normalDay
2021-08-27,10824.0,690.0,0.0,0,450.25,0.0,1,18.53,11.63,SPY220121P00423000,423.0,0,0.0,0.0,,0.0,normalDay
2021-08-30,10824.0,747.0,0.0,0,452.23,0.0,1,18.53,11.06,SPY220121P00423000,423.0,0,0.0,0.0,,0.0,normalDay
2021-08-31,10824.0,740.0,0.0,0,451.56,0.0,1,18.53,11.13,SPY220121P00423000,423.0,0,0.0,0.0,,0.0,normalDay
2021-09-01,10824.0,770.0,0.0,0,451.8,0.0,1,18.53,10.83,SPY220121P00423000,423.0,0,0.0,0.0,,0.0,normalDay
2021-09-02,10824.0,804.0,0.0,0,453.19,0.0,1,18.53,10.49,SPY220121P00423000,423.0,0,0.0,0.0,,0.0,normalDay
2021-09-03,10824.0,787.0,0.0,0,453.08,0.0,1,18.53,10.66,SPY220121P00423000,423.0,0,0.0,0.0,,0.0,normalDay
2021-09-07,10824.0,725.0,0.0,0,451.46,0.0,1,18.53,11.28,SPY220121P00423000,423.0,0,0.0,0.0,,0.0,normalDay
2021-09-08,10824.0,715.0,0.0,0,450.91,0.0,1,18.53,11.38,SPY220121P00423000,423.0,0,0.0,0.0,,0.0,normalDay
2021-09-09,10824.0,642.0,0.0,0,448.98,0.0,1,18.53,12.11,SPY220121P00423000,423.0,0,0.0,0.0,,0.0,normalDay
2021-09-10,10824.0,549.0,0.0,0,445.44,0.0,1,18.53,13.04,SPY220121P00423000,423.0,0,0.0,0.0,,0.0,normalDay
2021-09-13,10824.0,632.0,0.0,0,446.58,0.0,1,18.53,12.21,SPY220121P00423000,423.0,0,0.0,0.0,,0.0,normalDay
2021-09-14,10824.0,567.0,0.0,0,444.17,0.0,1,18.53,12.86,SPY220121P00423000,423.0,0,0.0,0.0,,0.0,normalDay
2021-09-15,10824.0,701.0,0.0,0,447.88,0.0,1,18.53,11.52,SPY220121P00423000,423.0,0,0.0,0.0,,0.0,normalDay
2021-09-16,10824.0,676.0,0.0,0,447.17,0.0,1,18.53,11.77,SPY220121P00423000,423.0,0,0.0,0.0,,0.0,normalDay
2021-09-17,10824.0,503.0,0.0,0,441.4,0.0,1,18.53,13.5,SPY220121P00423000,423.0,0,0.0,0.0,,0.0,normalDay
2021-09-20,10824.0,171.0,0.0,0,434.04,0.0,1,18.53,16.82,SPY220121P00423000,423.0,0,0.0,0.0,,0.0,normalDay
2021-09-21,10824.0,203.0,0.0,0,433.63,0.0,1,18.53,16.5,SPY220121P00423000,423.0,0,0.0,0.0,,0.0,normalDay
2021-09-22,10824.0,457.0,0.0,0,437.86,0.0,1,18.53,13.96,SPY220121P00423000,423.0,0,0.0,0.0,,0.0,normalDay
2021-09-23,10824.0,680.0,0.0,0,443.18,0.0,1,18.53,11.73,SPY220121P00423000,423.0,0,0.0,0.0,,0.0,normalDay
2021-09-24,10824.0,729.0,0.0,0,443.91,0.0,1,18.53,11.24,SPY220121P00423000,423.0,0,0.0,0.0,,0.0,normalDay
2021-09-27,10824.0,690.0,0.0,0,442.64,0.0,1,18.53,11.63,SPY220121P00423000,423.0,0,0.0,0.0,,0.0,normalDay
2021-09-28,10824.0,336.0,0.0,0,433.72,0.0,1,18.53,15.17,SPY220121P00423000,423.0,0,0.0,0.0,,0.0,normalDay
2021-09-29,10824.0,377.0,0.0,0,434.45,0.0,1,18.53,14.76,SPY220121P00423000,423.0,0,0.0,0.0,,0.0,normalDay
2021-09-30,10824.0,207.0,0.0,0,429.14,0.0,1,18.53,16.46,SPY220121P00423000,423.0,0,0.0,0.0,,0.0,normalDay
2021-10-01,10824.0,425.0,0.0,0,434.24,0.0,1,18.53,14.28,SPY220121P00423000,423.0,0,0.0,0.0,,0.0,normalDay
2021-10-04,10824.0,204.0,0.0,0,428.64,0.0,1,18.53,16.49,SPY220121P00423000,423.0,0,0.0,0.0,,0.0,normalDay
2021-10-05,10824.0,408.0,0.0,0,433.1,0.0,1,18.53,14.45,SPY220121P00423000,423.0,0,0.0,0.0,,0.0,normalDay
2021-10-06,10824.0,476.0,0.0,0,434.9,0.0,1,18.53,13.77,SPY220121P00423000,423.0,0,0.0,0.0,,0.0,normalDay
2021-10-07,10824.0,649.0,0.0,0,438.66,0.0,1,18.53,12.04,SPY220121P00423000,423.0,0,0.0,0.0,,0.0,normalDay
2021-10-08,10824.0,633.0,0.0,0,437.86,0.0,1,18.53,12.2,SPY220121P00423000,423.0,0,0.0,0.0,,0.0,normalDay
2021-10-11,10824.0,549.0,0.0,0,434.69,0.0,1,18.53,13.04,SPY220121P00423000,423.0,0,0.0,0.0,,0.0,normalDay
2021-10-12,10824.0,527.0,0.0,0,433.62,0.0,1,18.53,13.26,SPY220121P00423000,423.0,0,0.0,0.0,,0.0,normalDay
2021-10-13,10824.0,670.0,0.0,0,435.18,0.0,1,18.53,11.83,SPY220121P00423000,423.0,0,0.0,0.0,,0.0,normalDay
2021-10-14,10824.0,922.0,0.0,0,442.5,0.0,1,18.53,9.31,SPY220121P00423000,423.0,0,0.0,0.0,,0.0,normalDay
2021-10-15,10824.0,1004.0,0.0,0,445.87,0.0,1,18.53,8.49,SPY220121P00423000,423.0,0,0.0,0.0,,0.0,normalDay
2021-10-18,10824.0,1049.0,0.0,0,447.19,0.0,1,18.53,8.04,SPY220121P00423000,423.0,0,0.0,0.0,,0.0,normalDay
2021-10-19,10824.0,1146.0,0.0,0,450.64,0.0,1,18.53,7.07,SPY220121P00423000,423.0,0,0.0,0.0,,0.0,normalDay
2021-10-20,10824.0,1171.0,0.0,0,452.41,0.0,1,18.53,6.82,SPY220121P00423000,423.0,0,0.0,0.0,,0.0,normalDay
2021-10-21,10824.0,1215.0,0.0,0,453.59,0.0,1,18.53,6.38,SPY220121P00423000,423.0,0,0.0,0.0,,0.0,normalDay
2021-10-22,10824.0,1178.0,0.0,0,453.12,0.0,1,18.53,6.75,SPY220121P00423000,423.0,0,0.0,0.0,,0.0,normalDay
2021-10-25,10824.0,1249.0,0.0,0,455.55,0.0,1,18.53,6.04,SPY220121P00423000,423.0,0,0.0,0.0,,0.0,normalDay
2021-10-26,10824.0,1255.0,0.0,0,455.96,0.0,1,18.53,5.98,SPY220121P00423000,423.0,0,0.0,0.0,,0.0,normalDay
2021-10-27,10824.0,1188.0,0.0,0,453.94,0.0,1,18.53,6.65,SPY220121P00423000,423.0,0,0.0,0.0,,0.0,normalDay
2021-10-28,10824.0,1273.0,0.0,0,458.32,0.0,1,18.53,5.8,SPY220121P00423000,423.0,0,0.0,0.0,,0.0,normalDay
2021-10-29,10824.0,1298.0,0.0,0,459.25,0.0,1,18.53,5.55,SPY220121P00423000,423.0,0,0.0,0.0,,0.0,normalDay
2021-11-01,10824.0,1324.0,0.0,0,460.04,0.0,1,18.53,5.29,SPY220121P00423000,423.0,0,0.0,0.0,,0.0,normalDay
2021-11-02,10824.0,1362.0,0.0,0,461.9,0.0,1,18.53,4.91,SPY220121P00423000,423.0,0,0.0,0.0,,0.0,normalDay
2021-11-03,10824.0,1427.0,0.0,0,464.72,0.0,1,18.53,4.26,SPY220121P00423000,423.0,0,0.0,0.0,,0.0,normalDay
2021-11-04,10824.0,1456.0,0.0,0,466.91,0.0,1,18.53,3.97,SPY220121P00423000,423.0,0,0.0,0.0,,0.0,normalDay
2021-11-05,10824.0,1450.0,0.0,0,468.53,0.0,1,18.53,4.03,SPY220121P00423000,423.0,0,0.0,0.0,,0.0,normalDay
2021-11-08,10824.0,1443.0,0.0,0,468.93,0.0,1,18.53,4.1,SPY220121P00423000,423.0,0,0.0,0.0,,0.0,normalDay
2021-11-09,10824.0,1426.0,0.0,0,467.38,0.0,1,18.53,4.27,SPY220121P00423000,423.0,0,0.0,0.0,,0.0,normalDay
2021-11-10,10824.0,1375.0,0.0,0,463.62,0.0,1,18.53,4.78,SPY220121P00423000,423.0,0,0.0,0.0,,0.0,normalDay
2021-11-11,10824.0,1421.0,0.0,0,463.77,0.0,1,18.53,4.32,SPY220121P00423000,423.0,0,0.0,0.0,,0.0,normalDay
2021-11-12,10824.0,1489.0,0.0,0,467.27,0.0,1,18.53,3.64,SPY220121P00423000,423.0,0,0.0,0.0,,0.0,normalDay
2021-11-15,10824.0,1503.0,0.0,0,467.43,0.0,1,18.53,3.5,SPY220121P00423000,423.0,0,0.0,0.0,,0.0,normalDay
2021-11-16,10824.0,1527.0,0.0,0,469.28,0.0,1,18.53,3.26,SPY220121P00423000,423.0,0,0.0,0.0,,0.0,normalDay
2021-11-17,10824.0,1499.0,0.0,0,468.14,0.0,1,18.53,3.54,SPY220121P00423000,423.0,0,0.0,0.0,,0.0,normalDay
2021-11-18,10824.0,1512.0,0.0,0,469.73,0.0,1,18.53,3.41,SPY220121P00423000,423.0,0,0.0,0.0,,0.0,normalDay
2021-11-19,10824.0,1503.0,0.0,0,468.89,0.0,1,18.53,3.5,SPY220121P00423000,423.0,0,0.0,0.0,,0.0,normalDay
2021-11-22,10824.0,1481.0,0.0,0,467.57,0.0,1,18.53,3.72,SPY220121P00423000,423.0,0,0.0,0.0,,0.0,normalDay
2021-11-23,10824.0,1502.0,0.0,0,468.19,0.0,1,18.53,3.51,SPY220121P00423000,423.0,0,0.0,0.0,,0.0,normalDay
2021-11-24,10824.0,1543.0,0.0,0,469.44,0.0,1,18.53,3.1,SPY220121P00423000,423.0,0,0.0,0.0,,0.0,normalDay
2021-11-26,10824.0,1035.0,0.0,0,458.97,0.0,1,18.53,8.18,SPY220121P00423000,423.0,0,0.0,0.0,,0.0,normalDay
2021-11-29,10824.0,1428.0,0.0,0,464.6,0.0,1,18.53,4.25,SPY220121P00423000,423.0,0,0.0,0.0,,0.0,normalDay
2021-11-30,10824.0,1234.0,0.0,0,455.56,0.0,1,18.53,6.19,SPY220121P00423000,423.0,0,0.0,0.0,,0.0,normalDay
2021-12-01,10824.0,982.0,0.0,0,450.5,0.0,1,18.53,8.71,SPY220121P00423000,423.0,0,0.0,0.0,,0.0,normalDay
2021-12-02,10824.0,1214.0,0.0,0,457.4,0.0,1,18.53,6.39,SPY220121P00423000,423.0,0,0.0,0.0,,0.0,normalDay
2021-12-03,10824.0,1078.0,0.0,0,453.42,0.0,1,18.53,7.75,SPY220121P00423000,423.0,0,0.0,0.0,,0.0,normalDay
2021-12-06,10824.0,1299.0,0.0,0,458.79,0.0,1,18.53,5.54,SPY220121P00423000,423.0,0,0.0,0.0,,0.0,normalDay
2021-12-07,10824.0,1540.0,0.0,0,468.28,0.0,1,18.53,3.13,SPY220121P00423000,423.0,0,0.0,0.0,,0.0,normalDay
2021-12-08,10824.0,1609.0,0.0,0,469.52,0.0,1,18.53,2.44,SPY220121P00423000,423.0,0,0.0,0.0,,0.0,normalDay
2021-12-09,10824.0,1562.0,0.0,0,466.35,0.0,1,18.53,2.91,SPY220121P00423000,423.0,0,0.0,0.0,,0.0,normalDay
2021-12-10,10824.0,1641.0,0.0,0,470.74,0.0,1,18.53,2.12,SPY220121P00423000,423.0,0,0.0,0.0,,0.0,normalDay
2021-12-13,10824.0,1609.0,0.0,0,466.57,0.0,1,18.53,2.44,SPY220121P00423000,423.0,0,0.0,0.0,,0.0,normalDay
2021-12-14,10824.0,1561.0,0.0,0,463.36,0.0,1,18.53,2.92,SPY220121P00423000,423.0,0,0.0,0.0,,0.0,normalDay
2021-12-15,10824.0,1678.0,0.0,0,470.6,0.0,1,18.53,1.75,SPY220121P00423000,423.0,0,0.0,0.0,,0.0,normalDay
2021-12-16,10824.0,1640.0,0.0,0,466.45,0.0,1,18.53,2.13,SPY220121P00423000,423.0,0,0.0,0.0,,0.0,normalDay
2021-12-17,10824.0,1580.0,0.0,0,459.87,0.0,1,18.53,2.73,SPY220121P00423000,423.0,0,0.0,0.0,,0.0,normalDay
2021-12-20,10824.0,1530.0,0.0,0,454.98,0.0,1,18.53,3.23,SPY220121P00423000,423.0,0,0.0,0.0,,0.0,normalDay
2021-12-21,10824.0,1649.0,0.0,0,463.06,0.0,1,18.53,2.04,SPY220121P00423000,423.0,0,0.0,0.0,,0.0,normalDay
2021-12-22,10824.0,1725.0,0.0,0,467.69,0.0,1,18.53,1.28,SPY220121P00423000,423.0,0,0.0,0.0,,0.0,normalDay
2021-12-23,10824.0,1753.0,0.0,0,470.6,0.0,1,18.53,1.0,SPY220121P00423000,423.0,0,0.0,0.0,,0.0,normalDay
2021-12-27,10824.0,1792.0,0.0,0,477.26,0.0,1,18.53,0.61,SPY220121P00423000,423.0,0,0.0,0.0,,0.0,normalDay
2021-12-28,10824.0,1794.0,0.0,0,476.87,0.0,1,18.53,0.59,SPY220121P00423000,423.0,0,0.0,0.0,,0.0,normalDay
2021-12-29,10824.0,1806.0,0.0,0,477.48,0.0,1,18.53,0.47,SPY220121P00423000,423.0,0,0.0,0.0,,0.0,normalDay
2021-12-30,10824.0,1803.0,0.0,0,476.16,0.0,1,18.53,0.5,SPY220121P00423000,423.0,0,0.0,0.0,,0.0,normalDay
2021-12-31,10824.0,1809.0,0.0,0,474.96,0.0,1,18.53,0.44,SPY220121P00423000,423.0,0,0.0,0.0,,0.0,normalDay
2022-01-03,10824.0,1825.0,0.0,0,477.71,0.0,1,18.53,0.28,SPY220121P00423000,423.0,0,0.0,0.0,,0.0,normalDay
2022-01-04,10824.0,1826.0,0.0,0,477.55,0.0,1,18.53,0.27,SPY220121P00423000,423.0,0,0.0,0.0,,0.0,normalDay
2022-01-05,10824.0,1795.0,0.0,0,468.38,0.0,1,18.53,0.58,SPY220121P00423000,423.0,0,0.0,0.0,,0.0,normalDay
2022-01-06,10824.0,1810.0,0.0,0,467.94,0.0,1,18.53,0.43,SPY220121P00423000,423.0,0,0.0,0.0,,0.0,normalDay
2022-01-07,10824.0,1824.0,0.0,0,466.09,0.0,1,18.53,0.29,SPY220121P00423000,423.0,0,0.0,0.0,,0.0,normalDay
2022-01-10,10824.0,1824.0,0.0,0,465.51,0.0,1,18.53,0.29,SPY220121P00423000,423.0,0,0.0,0.0,,0.0,normalDay
2022-01-11,10824.0,1834.0,0.0,0,469.75,0.0,1,18.53,0.19,SPY220121P00423000,423.0,0,0.0,0.0,,0.0,normalDay
2022-01-12,10824.0,1844.0,0.0,0,471.02,0.0,1,18.53,0.09,SPY220121P00423000,423.0,0,0.0,0.0,,0.0,normalDay
2022-01-13,10824.0,1835.0,0.0,0,464.53,0.0,1,18.53,0.18,SPY220121P00423000,423.0,0,0.0,0.0,,0.0,normalDay
2022-01-14,10824.0,1845.0,0.0,0,464.72,0.0,1,18.53,0.08,SPY220121P00423000,423.0,0,0.0,0.0,,0.0,normalDay
2022-01-18,10824.0,1843.0,0.0,0,456.49,0.0,1,18.53,0.1,SPY220121P00423000,423.0,0,0.0,0.0,,0.0,normalDay
2022-01-19,10824.0,1846.0,0.0,0,451.75,0.0,1,18.53,0.07,SPY220121P00423000,423.0,0,0.0,0.0,,0.0,normalDay
2022-01-20,10824.0,1844.0,0.0,0,446.75,0.0,1,18.53,0.09,SPY220121P00423000,423.0,0,0.0,0.0,,0.0,normalDay
2022-01-21,12677.0,0.0,1853.0,0,437.98,0.0,1,18.53,0.0,SPY220121P00423000,423.0,0,0.0,0.0,,0.0,expirationDay
2022-01-24,12677.0,-303.0,0.0,0,439.84,0.0,1,35.82,38.85,SPY220715P00460000,460.0,0,0.0,0.0,,0.0,normalDay
2022-01-25,12677.0,-652.0,0.0,0,434.47,0.0,1,35.82,42.34,SPY220715P00460000,460.0,0,0.0,0.0,,0.0,normalDay
2022-01-26,12677.0,-674.0,0.0,0,433.38,0.0,1,35.82,42.56,SPY220715P00460000,460.0,0,0.0,0.0,,0.0,normalDay
2022-01-27,12677.0,-582.0,0.0,0,431.24,0.0,1,35.82,41.64,SPY220715P00460000,460.0,0,0.0,0.0,,0.0,normalDay
2022-01-28,12677.0,100.0,0.0,0,441.95,0.0,1,35.82,34.82,SPY220715P00460000,460.0,0,0.0,0.0,,0.0,normalDay
2022-01-31,12677.0,537.0,0.0,0,449.91,0.0,1,35.82,30.45,SPY220715P00460000,460.0,0,0.0,0.0,,0.0,normalDay
2022-02-01,12677.0,889.0,0.0,0,452.95,0.0,1,35.82,26.93,SPY220715P00460000,460.0,0,0.0,0.0,,0.0,normalDay
2022-02-02,12677.0,914.0,0.0,0,457.35,0.0,1,35.82,26.68,SPY220715P00460000,460.0,0,0.0,0.0,,0.0,normalDay
2022-02-03,12677.0,561.0,0.0,0,446.6,0.0,1,35.82,30.21,SPY220715P00460000,460.0,0,0.0,0.0,,0.0,normalDay
2022-02-04,12677.0,492.0,0.0,0,448.7,0.0,1,35.82,30.9,SPY220715P00460000,460.0,0,0.0,0.0,,0.0,normalDay
2022-02-07,12677.0,528.0,0.0,0,447.26,0.0,1,35.82,30.54,SPY220715P00460000,460.0,0,0.0,0.0,,0.0,normalDay
2022-02-08,12677.0,792.0,0.0,0,450.94,0.0,1,35.82,27.9,SPY220715P00460000,460.0,0,0.0,0.0,,0.0,normalDay
2022-02-09,12677.0,1127.0,0.0,0,457.54,0.0,1,35.82,24.55,SPY220715P00460000,460.0,0,0.0,0.0,,0.0,normalDay
2022-02-10,12677.0,633.0,0.0,0,449.32,0.0,1,35.82,29.49,SPY220715P00460000,460.0,0,0.0,0.0,,0.0,normalDay
2022-02-11,12677.0,45.0,0.0,0,440.46,0.0,1,35.82,35.37,SPY220715P00460000,460.0,0,0.0,0.0,,0.0,normalDay
2022-02-14,12677.0,32.0,0.0,0,439.02,0.0,1,35.82,35.5,SPY220715P00460000,460.0,0,0.0,0.0,,0.0,normalDay
2022-02-15,12677.0,448.0,0.0,0,446.1,0.0,1,35.82,31.34,SPY220715P00460000,460.0,0,0.0,0.0,,0.0,normalDay
2022-02-16,12677.0,570.0,0.0,0,446.6,0.0,1,35.82,30.12,SPY220715P00460000,460.0,0,0.0,0.0,,0.0,normalDay
2022-02-17,12677.0,-81.0,0.0,0,437.06,0.0,1,35.82,36.63,SPY220715P00460000,460.0,0,0.0,0.0,,0.0,normalDay
2022-02-18,12677.0,-226.0,0.0,0,434.23,0.0,1,35.82,38.08,SPY220715P00460000,460.0,0,0.0,0.0,,0.0,normalDay
2022-02-22,12677.0,-439.0,0.0,0,429.57,0.0,1,35.82,40.21,SPY220715P00460000,460.0,0,0.0,0.0,,0.0,normalDay
2022-02-23,12677.0,-1088.0,0.0,0,421.95,0.0,1,35.82,46.7,SPY220715P00460000,460.0,0,0.0,0.0,,0.0,normalDay
2022-02-24,12677.0,-717.0,0.0,0,428.3,0.0,1,35.82,42.99,SPY220715P00460000,460.0,0,0.0,0.0,,0.0,normalDay
2022-02-25,12677.0,44.0,0.0,0,437.75,0.0,1,35.82,35.38,SPY220715P00460000,460.0,0,0.0,0.0,,0.0,normalDay
2022-02-28,12677.0,-76.0,0.0,0,436.63,0.0,1,35.82,36.58,SPY220715P00460000,460.0,0,0.0,0.0,,0.0,normalDay
2022-03-01,12677.0,-588.0,0.0,0,429.98,0.0,1,35.82,41.7,SPY220715P00460000,460.0,0,0.0,0.0,,0.0,normalDay
2022-03-02,12677.0,-63.0,0.0,0,437.89,0.0,1,35.82,36.45,SPY220715P00460000,460.0,0,0.0,0.0,,0.0,normalDay
2022-03-03,12677.0,-196.0,0.0,0,435.71,0.0,1,35.82,37.78,SPY220715P00460000,460.0,0,0.0,0.0,,0.0,normalDay
2022-03-04,12677.0,-536.0,0.0,0,432.17,0.0,1,35.82,41.18,SPY220715P00460000,460.0,0,0.0,0.0,,0.0,normalDay
2022-03-07,12677.0,-1493.0,0.0,0,419.43,0.0,1,35.82,50.75,SPY220715P00460000,460.0,0,0.0,0.0,,0.0,normalDay
2022-03-08,12677.0,-1718.0,0.0,0,416.25,0.0,1,35.82,53.0,SPY220715P00460000,460.0,0,0.0,0.0,,0.0,normalDay
2022-03-09,12677.0,-773.0,0.0,0,427.41,0.0,1,35.82,43.55,SPY220715P00460000,460.0,0,0.0,0.0,,0.0,normalDay
2022-03-10,12677.0,-880.0,0.0,0,425.48,0.0,1,35.82,44.62,SPY220715P00460000,460.0,0,0.0,0.0,,0.0,normalDay
2022-03-11,12677.0,-1248.0,0.0,0,420.07,0.0,1,35.82,48.3,SPY220715P00460000,460.0,0,0.0,0.0,,0.0,normalDay
2022-03-14,12677.0,-1447.0,0.0,0,417.0,0.0,1,35.82,50.29,SPY220715P00460000,460.0,0,0.0,0.0,,0.0,normalDay
2022-03-15,12677.0,-809.0,0.0,0,426.17,0.0,1,35.82,43.91,SPY220715P00460000,460.0,0,0.0,0.0,,0.0,normalDay
2022-03-16,12677.0,-20.0,0.0,0,435.62,0.0,1,35.82,36.02,SPY220715P00460000,460.0,0,0.0,0.0,,0.0,normalDay
2022-03-17,12677.0,357.0,0.0,0,441.07,0.0,1,35.82,32.25,SPY220715P00460000,460.0,0,0.0,0.0,,0.0,normalDay
2022-03-18,12677.0,742.0,0.0,0,444.52,0.0,1,35.82,28.4,SPY220715P00460000,460.0,0,0.0,0.0,,0.0,normalDay
2022-03-21,12677.0,801.0,0.0,0,444.39,0.0,1,35.82,27.81,SPY220715P00460000,460.0,0,0.0,0.0,,0.0,normalDay
2022-03-22,12677.0,1114.0,0.0,0,449.59,0.0,1,35.82,24.68,SPY220715P00460000,460.0,0,0.0,0.0,,0.0,normalDay
2022-03-23,12677.0,779.0,0.0,0,443.8,0.0,1,35.82,28.03,SPY220715P00460000,460.0,0,0.0,0.0,,0.0,normalDay
2022-03-24,12677.0,1189.0,0.0,0,450.49,0.0,1,35.82,23.93,SPY220715P00460000,460.0,0,0.0,0.0,,0.0,normalDay
2022-03-25,12677.0,1315.0,0.0,0,452.69,0.0,1,35.82,22.67,SPY220715P00460000,460.0,0,0.0,0.0,,0.0,normalDay
2022-03-28,12677.0,1556.0,0.0,0,455.91,0.0,1,35.82,20.26,SPY220715P00460000,460.0,0,0.0,0.0,,0.0,normalDay
2022-03-29,12677.0,1808.0,0.0,0,461.55,0.0,1,35.82,17.74,SPY220715P00460000,460.0,0,0.0,0.0,,0.0,normalDay
2022-03-30,12677.0,1704.0,0.0,0,458.7,0.0,1,35.82,18.78,SPY220715P00460000,460.0,0,0.0,0.0,,0.0,normalDay
2022-03-31,12677.0,1302.0,0.0,0,451.64,0.0,1,35.82,22.8,SPY220715P00460000,460.0,0,0.0,0.0,,0.0,normalDay
2022-04-01,12677.0,1410.0,0.0,0,452.92,0.0,1,35.82,21.72,SPY220715P00460000,460.0,0,0.0,0.0,,0.0,normalDay
2022-04-04,12677.0,1724.0,0.0,0,456.8,0.0,1,35.82,18.58,SPY220715P00460000,460.0,0,0.0,0.0,,0.0,normalDay
2022-04-05,12677.0,1366.0,0.0,0,451.03,0.0,1,35.82,22.16,SPY220715P00460000,460.0,0,0.0,0.0,,0.0,normalDay
2022-04-06,12677.0,1099.0,0.0,0,446.52,0.0,1,35.82,24.83,SPY220715P00460000,460.0,0,0.0,0.0,,0.0,normalDay
2022-04-07,12677.0,1227.0,0.0,0,448.77,0.0,1,35.82,23.55,SPY220715P00460000,460.0,0,0.0,0.0,,0.0,normalDay
2022-04-08,12677.0,1205.0,0.0,0,447.57,0.0,1,35.82,23.77,SPY220715P00460000,460.0,0,0.0,0.0,,0.0,normalDay
2022-04-11,12677.0,686.0,0.0,0,439.92,0.0,1,35.82,28.96,SPY220715P00460000,460.0,0,0.0,0.0,,0.0,normalDay
2022-04-12,12677.0,593.0,0.0,0,438.29,0.0,1,35.82,29.89,SPY220715P00460000,460.0,0,0.0,0.0,,0.0,normalDay
2022-04-13,12677.0,992.0,0.0,0,443.31,0.0,1,35.82,25.9,SPY220715P00460000,460.0,0,0.0,0.0,,0.0,normalDay
2022-04-14,12677.0,619.0,0.0,0,437.79,0.0,1,35.82,29.63,SPY220715P00460000,460.0,0,0.0,0.0,,0.0,normalDay
2022-04-18,12677.0,773.0,0.0,0,437.97,0.0,1,35.82,28.09,SPY220715P00460000,460.0,0,0.0,0.0,,0.0,normalDay
2022-04-19,12677.0,1043.0,0.0,0,445.04,0.0,1,35.82,25.39,SPY220715P00460000,460.0,0,0.0,0.0,,0.0,normalDay
2022-04-20,12677.0,1233.0,0.0,0,444.71,0.0,1,35.82,23.49,SPY220715P00460000,460.0,0,0.0,0.0,,0.0,normalDay
2022-04-21,12677.0,661.0,0.0,0,438.06,0.0,1,35.82,29.21,SPY220715P00460000,460.0,0,0.0,0.0,,0.0,normalDay
2022-04-22,12677.0,-380.0,0.0,0,426.04,0.0,1,35.82,39.62,SPY220715P00460000,460.0,0,0.0,0.0,,0.0,normalDay
2022-04-25,12677.0,-48.0,0.0,0,428.51,0.0,1,35.82,36.3,SPY220715P00460000,460.0,0,0.0,0.0,,0.0,normalDay
2022-04-26,12677.0,-1272.0,0.0,0,416.1,0.0,1,35.82,48.54,SPY220715P00460000,460.0,0,0.0,0.0,,0.0,normalDay
2022-04-27,12677.0,-968.0,0.0,0,417.27,0.0,1,35.82,45.5,SPY220715P00460000,460.0,0,0.0,0.0,,0.0,normalDay
2022-04-28,12677.0,-317.0,0.0,0,427.81,0.0,1,35.82,38.99,SPY220715P00460000,460.0,0,0.0,0.0,,0.0,normalDay
2022-04-29,12677.0,-1447.0,0.0,0,412.0,0.0,1,35.82,50.29,SPY220715P00460000,460.0,0,0.0,0.0,,0.0,normalDay
2022-05-02,12677.0,-1270.0,0.0,0,414.48,0.0,1,35.82,48.52,SPY220715P00460000,460.0,0,0.0,0.0,,0.0,normalDay
2022-05-03,12677.0,-1031.0,0.0,0,416.38,0.0,1,35.82,46.13,SPY220715P00460000,460.0,0,0.0,0.0,,0.0,normalDay
2022-05-04,12677.0,5.0,0.0,0,429.06,0.0,1,35.82,35.77,SPY220715P00460000,460.0,0,0.0,0.0,,0.0,normalDay
2022-05-05,12677.0,-1335.0,0.0,0,413.81,0.0,1,35.82,49.17,SPY220715P00460000,460.0,0,0.0,0.0,,0.0,normalDay
2022-05-06,12677.0,-1679.0,0.0,0,411.34,0.0,1,35.82,52.61,SPY220715P00460000,460.0,0,0.0,0.0,,0.0,normalDay
2022-05-09,12677.0,-2727.0,0.0,0,398.17,0.0,1,35.82,63.09,SPY220715P00460000,460.0,0,0.0,0.0,,0.0,normalDay
2022-05-10,12677.0,-2696.0,0.0,0,399.09,0.0,1,35.82,62.78,SPY220715P00460000,460.0,0,0.0,0.0,,0.0,normalDay
2022-05-11,12677.0,-3279.0,0.0,0,392.75,0.0,1,35.82,68.61,SPY220715P00460000,460.0,0,0.0,0.0,,0.0,normalDay
2022-05-12,12677.0,-3367.0,0.0,0,392.34,0.0,1,35.82,69.49,SPY220715P00460000,460.0,0,0.0,0.0,,0.0,normalDay
2022-05-13,12677.0,-2509.0,0.0,0,401.72,0.0,1,35.82,60.91,SPY220715P00460000,460.0,0,0.0,0.0,,0.0,normalDay
2022-05-16,12677.0,-2615.0,0.0,0,400.09,0.0,1,35.82,61.97,SPY220715P00460000,460.0,0,0.0,0.0,,0.0,normalDay
2022-05-17,12677.0,-1802.0,0.0,0,408.32,0.0,1,35.82,53.84,SPY220715P00460000,460.0,0,0.0,0.0,,0.0,normalDay
2022-05-18,12677.0,-3497.0,0.0,0,391.86,0.0,1,35.82,70.79,SPY220715P00460000,460.0,0,0.0,0.0,,0.0,normalDay
2022-05-19,12677.0,-3699.0,0.0,0,389.46,0.0,1,35.82,72.81,SPY220715P00460000,460.0,0,0.0,0.0,,0.0,normalDay
2022-05-20,12677.0,-3673.0,0.0,0,389.63,0.0,1,35.82,72.55,SPY220715P00460000,460.0,0,0.0,0.0,,0.0,normalDay
2022-05-23,12677.0,-2870.0,0.0,0,396.92,0.0,1,35.82,64.52,SPY220715P00460000,460.0,0,0.0,0.0,,0.0,normalDay
2022-05-24,12677.0,-3188.0,0.0,0,393.89,0.0,1,35.82,67.7,SPY220715P00460000,460.0,0,0.0,0.0,,0.0,normalDay
2022-05-25,12677.0,-2881.0,0.0,0,397.37,0.0,1,35.82,64.63,SPY220715P00460000,460.0,0,0.0,0.0,,0.0,normalDay
2022-05-26,12677.0,-2169.0,0.0,0,405.31,0.0,1,35.82,57.51,SPY220715P00460000,460.0,0,0.0,0.0,,0.0,normalDay
2022-05-27,12677.0,-1104.0,0.0,0,415.26,0.0,1,35.82,46.86,SPY220715P00460000,460.0,0,0.0,0.0,,0.0,normalDay
2022-05-31,12677.0,-1372.0,0.0,0,412.93,0.0,1,35.82,49.54,SPY220715P00460000,460.0,0,0.0,0.0,,0.0,normalDay
2022-06-01,12677.0,-1685.0,0.0,0,409.59,0.0,1,35.82,52.67,SPY220715P00460000,460.0,0,0.0,0.0,,0.0,normalDay
2022-06-02,12677.0,-881.0,0.0,0,417.39,0.0,1,35.82,44.63,SPY220715P00460000,460.0,0,0.0,0.0,,0.0,normalDay
2022-06-03,12677.0,-1550.0,0.0,0,410.54,0.0,1,35.82,51.32,SPY220715P00460000,460.0,0,0.0,0.0,,0.0,normalDay
2022-06-06,12677.0,-1450.0,0.0,0,411.79,0.0,1,35.82,50.32,SPY220715P00460000,460.0,0,0.0,0.0,,0.0,normalDay
2022-06-07,12677.0,-1075.0,0.0,0,415.74,0.0,1,35.82,46.57,SPY220715P00460000,460.0,0,0.0,0.0,,0.0,normalDay
2022-06-08,12677.0,-1489.0,0.0,0,411.22,0.0,1,35.82,50.71,SPY220715P00460000,460.0,0,0.0,0.0,,0.0,normalDay
2022-06-09,12677.0,-2464.0,0.0,0,401.44,0.0,1,35.82,60.46,SPY220715P00460000,460.0,0,0.0,0.0,,0.0,normalDay
2022-06-10,12677.0,-3583.0,0.0,0,389.8,0.0,1,35.82,71.65,SPY220715P00460000,460.0,0,0.0,0.0,,0.0,normalDay
2022-06-13,12677.0,-5124.0,0.0,0,375.0,0.0,1,35.82,87.06,SPY220715P00460000,460.0,0,0.0,0.0,,0.0,normalDay
2022-06-14,12677.0,-5302.0,0.0,0,373.87,0.0,1,35.82,88.84,SPY220715P00460000,460.0,0,0.0,0.0,,0.0,normalDay
2022-06-15,12677.0,-4706.0,0.0,0,379.2,0.0,1,35.82,82.88,SPY220715P00460000,460.0,0,0.0,0.0,,0.0,normalDay
2022-06-16,12677.0,-5888.0,0.0,0,366.65,0.0,1,35.82,94.7,SPY220715P00460000,460.0,0,0.0,0.0,,0.0,normalDay
2022-06-17,12677.0,-5793.0,0.0,0,365.86,0.0,1,35.82,93.75,SPY220715P00460000,460.0,0,0.0,0.0,,0.0,normalDay
2022-06-21,12677.0,-4950.0,0.0,0,375.07,0.0,1,35.82,85.32,SPY220715P00460000,460.0,0,0.0,0.0,,0.0,normalDay
2022-06-22,12677.0,-4974.0,0.0,0,374.39,0.0,1,35.82,85.56,SPY220715P00460000,460.0,0,0.0,0.0,,0.0,normalDay
2022-06-23,12677.0,-4743.0,0.0,0,378.06,0.0,1,35.82,83.25,SPY220715P00460000,460.0,0,0.0,0.0,,0.0,normalDay
2022-06-24,12677.0,-3558.0,0.0,0,390.08,0.0,1,35.82,71.4,SPY220715P00460000,460.0,0,0.0,0.0,,0.0,normalDay
2022-06-27,12677.0,-3548.0,0.0,0,388.59,0.0,1,35.82,71.3,SPY220715P00460000,460.0,0,0.0,0.0,,0.0,normalDay
2022-06-28,12677.0,-4399.0,0.0,0,380.65,0.0,1,35.82,79.81,SPY220715P00460000,460.0,0,0.0,0.0,,0.0,normalDay
2022-06-29,12677.0,-4391.0,0.0,0,380.34,0.0,1,35.82,79.73,SPY220715P00460000,460.0,0,0.0,0.0,,0.0,normalDay
2022-06-30,12677.0,-4803.0,0.0,0,377.25,0.0,1,35.82,83.85,SPY220715P00460000,460.0,0,0.0,0.0,,0.0,normalDay
2022-07-01,12677.0,-4349.0,0.0,0,381.24,0.0,1,35.82,79.31,SPY220715P00460000,460.0,0,0.0,0.0,,0.0,normalDay
2022-07-05,12677.0,-4299.0,0.0,0,381.96,0.0,1,35.82,78.81,SPY220715P00460000,460.0,0,0.0,0.0,,0.0,normalDay
2022-07-06,12677.0,-4081.0,0.0,0,383.25,0.0,1,35.82,76.63,SPY220715P00460000,460.0,0,0.0,0.0,,0.0,normalDay
2022-07-07,12677.0,-3568.0,0.0,0,388.99,0.0,1,35.82,71.5,SPY220715P00460000,460.0,0,0.0,0.0,,0.0,normalDay
2022-07-08,12677.0,-3539.0,0.0,0,388.67,0.0,1,35.82,71.21,SPY220715P00460000,460.0,0,0.0,0.0,,0.0,normalDay
2022-07-11,12677.0,-3962.0,0.0,0,384.23,0.0,1,35.82,75.44,SPY220715P00460000,460.0,0,0.0,0.0,,0.0,normalDay
2022-07-12,12677.0,-4384.0,0.0,0,380.83,0.0,1,35.82,79.66,SPY220715P00460000,460.0,0,0.0,0.0,,0.0,normalDay
2022-07-13,12677.0,-4569.0,0.0,0,378.83,0.0,1,35.82,81.51,SPY220715P00460000,460.0,0,0.0,0.0,,0.0,normalDay
2022-07-14,12677.0,-4620.0,0.0,0,377.91,0.0,1,35.82,82.02,SPY220715P00460000,460.0,0,0.0,0.0,,0.0,normalDay
2022-07-15,16259.0,-7487.0,3582.0,100,385.13,460.0,1,35.82,0.0,SPY220715P00460000,460.0,0,0.0,0.0,,0.0,expirationDay
2022-07-18,16259.0,-7813.0,0.0,100,381.95,460.0,0,0.0,0.0,,0.0,1,8.81,8.89,SPY221118C00410000,410.0,normalDay
2022-07-19,16259.0,-7212.0,0.0,100,392.27,460.0,0,0.0,0.0,,0.0,1,8.81,13.2,SPY221118C00410000,410.0,normalDay
2022-07-20,16259.0,-7052.0,0.0,100,394.77,460.0,0,0.0,0.0,,0.0,1,8.81,14.1,SPY221118C00410000,410.0,normalDay
2022-07-21,16259.0,-6778.0,0.0,100,398.79,460.0,0,0.0,0.0,,0.0,1,8.81,15.38,SPY221118C00410000,410.0,normalDay
2022-07-22,16259.0,-6945.0,0.0,100,395.09,460.0,0,0.0,0.0,,0.0,1,8.81,13.35,SPY221118C00410000,410.0,normalDay
2022-07-25,16259.0,-6931.0,0.0,100,395.57,460.0,0,0.0,0.0,,0.0,1,8.81,13.69,SPY221118C00410000,410.0,normalDay
2022-07-26,16259.0,-7222.0,0.0,100,390.89,460.0,0,0.0,0.0,,0.0,1,8.81,11.92,SPY221118C00410000,410.0,normalDay
2022-07-27,16259.0,-6554.0,0.0,100,401.04,460.0,0,0.0,0.0,,0.0,1,8.81,15.39,SPY221118C00410000,410.0,normalDay
2022-07-28,16259.0,-6366.0,0.0,100,406.07,460.0,0,0.0,0.0,,0.0,1,8.81,18.54,SPY221118C00410000,410.0,normalDay
2022-07-29,16259.0,-6033.0,0.0,100,411.99,460.0,0,0.0,0.0,,0.0,1,8.81,21.13,SPY221118C00410000,410.0,normalDay
2022-08-01,16259.0,-6130.0,0.0,100,410.77,460.0,0,0.0,0.0,,0.0,1,8.81,20.88,SPY221118C00410000,410.0,normalDay
2022-08-02,16259.0,-6268.0,0.0,100,408.06,460.0,0,0.0,0.0,,0.0,1,8.81,19.55,SPY221118C00410000,410.0,normalDay
2022-08-03,16259.0,-5918.0,0.0,100,414.45,460.0,0,0.0,0.0,,0.0,1,8.81,22.44,SPY221118C00410000,410.0,normalDay
2022-08-04,16259.0,-5952.0,0.0,100,414.17,460.0,0,0.0,0.0,,0.0,1,8.81,22.5,SPY221118C00410000,410.0,normalDay
2022-08-05,16259.0,-5923.0,0.0,100,413.47,460.0,0,0.0,0.0,,0.0,1,8.81,21.51,SPY221118C00410000,410.0,normalDay
2022-08-08,16259.0,-5962.0,0.0,100,412.99,460.0,0,0.0,0.0,,0.0,1,8.81,21.42,SPY221118C00410000,410.0,normalDay
2022-08-09,16259.0,-6032.0,0.0,100,411.35,460.0,0,0.0,0.0,,0.0,1,8.81,20.48,SPY221118C00410000,410.0,normalDay
2022-08-10,16259.0,-5598.0,0.0,100,419.99,460.0,0,0.0,0.0,,0.0,1,8.81,24.78,SPY221118C00410000,410.0,normalDay
2022-08-11,16259.0,-5653.0,0.0,100,419.99,460.0,0,0.0,0.0,,0.0,1,8.81,25.33,SPY221118C00410000,410.0,normalDay
2022-08-12,16259.0,-5368.0,0.0,100,427.1,460.0,0,0.0,0.0,,0.0,1,8.81,29.59,SPY221118C00410000,410.0,normalDay
2022-08-15,16259.0,-5318.0,0.0,100,428.86,460.0,0,0.0,0.0,,0.0,1,8.81,30.85,SPY221118C00410000,410.0,normalDay
2022-08-16,16259.0,-5283.0,0.0,100,429.7,460.0,0,0.0,0.0,,0.0,1,8.81,31.34,SPY221118C00410000,410.0,normalDay
2022-08-17,16259.0,-5418.0,0.0,100,426.65,460.0,0,0.0,0.0,,0.0,1,8.81,29.64,SPY221118C00410000,410.0,normalDay
2022-08-18,16259.0,-5319.0,0.0,100,427.89,460.0,0,0.0,0.0,,0.0,1,8.81,29.89,SPY221118C00410000,410.0,normalDay
2022-08-19,16259.0,-5518.0,0.0,100,422.14,460.0,0,0.0,0.0,,0.0,1,8.81,26.13,SPY221118C00410000,410.0,normalDay
2022-08-22,16259.0,-5881.0,0.0,100,413.35,460.0,0,0.0,0.0,,0.0,1,8.81,20.97,SPY221118C00410000,410.0,normalDay
2022-08-23,16259.0,-5861.0,0.0,100,412.35,460.0,0,0.0,0.0,,0.0,1,8.81,19.77,SPY221118C00410000,410.0,normalDay
2022-08-24,16259.0,-5773.0,0.0,100,413.67,460.0,0,0.0,0.0,,0.0,1,8.81,20.21,SPY221118C00410000,410.0,normalDay
2022-08-25,16259.0,-5479.0,0.0,100,419.51,460.0,0,0.0,0.0,,0.0,1,8.81,23.11,SPY221118C00410000,410.0,normalDay
2022-08-26,16259.0,-6147.0,0.0,100,405.31,460.0,0,0.0,0.0,,0.0,1,8.81,15.59,SPY221118C00410000,410.0,normalDay
2022-08-29,16259.0,-6264.0,0.0,100,402.63,460.0,0,0.0,0.0,,0.0,1,8.81,14.08,SPY221118C00410000,410.0,normalDay
2022-08-30,16259.0,-6481.0,0.0,100,398.21,460.0,0,0.0,0.0,,0.0,1,8.81,11.83,SPY221118C00410000,410.0,normalDay
2022-08-31,16259.0,-6614.0,0.0,100,395.18,460.0,0,0.0,0.0,,0.0,1,8.81,10.13,SPY221118C00410000,410.0,normalDay
2022-09-01,16259.0,-6503.0,0.0,100,396.42,460.0,0,0.0,0.0,,0.0,1,8.81,10.26,SPY221118C00410000,410.0,normalDay
2022-09-02,16259.0,-6764.0,0.0,100,392.24,460.0,0,0.0,0.0,,0.0,1,8.81,8.69,SPY221118C00410000,410.0,normalDay
2022-09-06,16259.0,-6826.0,0.0,100,390.76,460.0,0,0.0,0.0,,0.0,1,8.81,7.83,SPY221118C00410000,410.0,normalDay
2022-09-07,16259.0,-6349.0,0.0,100,397.78,460.0,0,0.0,0.0,,0.0,1,8.81,10.08,SPY221118C00410000,410.0,normalDay
2022-09-08,16259.0,-6194.0,0.0,100,400.38,460.0,0,0.0,0.0,,0.0,1,8.81,11.13,SPY221118C00410000,410.0,normalDay
2022-09-09,16259.0,-5817.0,0.0,100,406.6,460.0,0,0.0,0.0,,0.0,1,8.81,13.58,SPY221118C00410000,410.0,normalDay
2022-09-12,16259.0,-5650.0,0.0,100,410.97,460.0,0,0.0,0.0,,0.0,1,8.81,16.28,SPY221118C00410000,410.0,normalDay
2022-09-13,16259.0,-6660.0,0.0,100,393.1,460.0,0,0.0,0.0,,0.0,1,8.81,8.51,SPY221118C00410000,410.0,normalDay
2022-09-14,16259.0,-6514.0,0.0,100,394.6,460.0,0,0.0,0.0,,0.0,1,8.81,8.55,SPY221118C00410000,410.0,normalDay
2022-09-15,16259.0,-6810.0,0.0,100,390.12,460.0,0,0.0,0.0,,0.0,1,8.81,7.03,SPY221118C00410000,410.0,normalDay
2022-09-16,16259.0,-7156.0,0.0,100,385.56,460.0,0,0.0,0.0,,0.0,1,8.81,5.93,SPY221118C00410000,410.0,normalDay
2022-09-19,16259.0,-6906.0,0.0,100,388.55,460.0,0,0.0,0.0,,0.0,1,8.81,6.42,SPY221118C00410000,410.0,normalDay
2022-09-20,16259.0,-7245.0,0.0,100,384.09,460.0,0,0.0,0.0,,0.0,1,8.81,5.35,SPY221118C00410000,410.0,normalDay
2022-09-21,16259.0,-7744.0,0.0,100,377.39,460.0,0,0.0,0.0,,0.0,1,8.81,3.64,SPY221118C00410000,410.0,normalDay
2022-09-22,16259.0,-7986.0,0.0,100,374.22,460.0,0,0.0,0.0,,0.0,1,8.81,2.89,SPY221118C00410000,410.0,normalDay
2022-09-23,16259.0,-8523.0,0.0,100,367.95,460.0,0,0.0,0.0,,0.0,1,8.81,1.99,SPY221118C00410000,410.0,normalDay
2022-09-26,16259.0,-8852.0,0.0,100,364.31,460.0,0,0.0,0.0,,0.0,1,8.81,1.64,SPY221118C00410000,410.0,normalDay
2022-09-27,16259.0,-8926.0,0.0,100,363.38,460.0,0,0.0,0.0,,0.0,1,8.81,1.45,SPY221118C00410000,410.0,normalDay
2022-09-28,16259.0,-8272.0,0.0,100,370.53,460.0,0,0.0,0.0,,0.0,1,8.81,2.06,SPY221118C00410000,410.0,normalDay
2022-09-29,16259.0,-8957.0,0.0,100,362.79,460.0,0,0.0,0.0,,0.0,1,8.81,1.17,SPY221118C00410000,410.0,normalDay
2022-09-30,16259.0,-9475.0,0.0,100,357.18,460.0,0,0.0,0.0,,0.0,1,8.81,0.74,SPY221118C00410000,410.0,normalDay
2022-10-03,16259.0,-8585.0,0.0,100,366.61,460.0,0,0.0,0.0,,0.0,1,8.81,1.27,SPY221118C00410000,410.0,normalDay
2022-10-04,16259.0,-7583.0,0.0,100,377.97,460.0,0,0.0,0.0,,0.0,1,8.81,2.61,SPY221118C00410000,410.0,normalDay
2022-10-05,16259.0,-7647.0,0.0,100,377.09,460.0,0,0.0,0.0,,0.0,1,8.81,2.37,SPY221118C00410000,410.0,normalDay
2022-10-06,16259.0,-7989.0,0.0,100,373.2,460.0,0,0.0,0.0,,0.0,1,8.81,1.9,SPY221118C00410000,410.0,normalDay
2022-10-07,16259.0,-8923.0,0.0,100,362.79,460.0,0,0.0,0.0,,0.0,1,8.81,0.83,SPY221118C00410000,410.0,normalDay
2022-10-10,16259.0,-9196.0,0.0,100,360.02,460.0,0,0.0,0.0,,0.0,1,8.81,0.79,SPY221118C00410000,410.0,normalDay
2022-10-11,16259.0,-9417.0,0.0,100,357.74,460.0,0,0.0,0.0,,0.0,1,8.81,0.72,SPY221118C00410000,410.0,normalDay
2022-10-12,16259.0,-9527.0,0.0,100,356.56,460.0,0,0.0,0.0,,0.0,1,8.81,0.64,SPY221118C00410000,410.0,normalDay
2022-10-13,16259.0,-8645.0,0.0,100,365.97,460.0,0,0.0,0.0,,0.0,1,8.81,1.23,SPY221118C00410000,410.0,normalDay
2022-10-14,16259.0,-9413.0,0.0,100,357.63,460.0,0,0.0,0.0,,0.0,1,8.81,0.57,SPY221118C00410000,410.0,normalDay
2022-10-17,16259.0,-8540.0,0.0,100,366.82,460.0,0,0.0,0.0,,0.0,1,8.81,1.03,SPY221118C00410000,410.0,normalDay
2022-10-18,16259.0,-8143.0,0.0,100,371.13,460.0,0,0.0,0.0,,0.0,1,8.81,1.37,SPY221118C00410000,410.0,normalDay
2022-10-19,16259.0,-8367.0,0.0,100,368.5,460.0,0,0.0,0.0,,0.0,1,8.81,0.98,SPY221118C00410000,410.0,normalDay
2022-10-20,16259.0,-8643.0,0.0,100,365.41,460.0,0,0.0,0.0,,0.0,1,8.81,0.65,SPY221118C00410000,410.0,normalDay
2022-10-21,16259.0,-7833.0,0.0,100,374.29,460.0,0,0.0,0.0,,0.0,1,8.81,1.43,SPY221118C00410000,410.0,normalDay
2022-10-24,16259.0,-7425.0,0.0,100,378.87,460.0,0,0.0,0.0,,0.0,1,8.81,1.93,SPY221118C00410000,410.0,normalDay
2022-10-25,16259.0,-6853.0,0.0,100,384.92,460.0,0,0.0,0.0,,0.0,1,8.81,2.26,SPY221118C00410000,410.0,normalDay
2022-10-26,16259.0,-7097.0,0.0,100,382.02,460.0,0,0.0,0.0,,0.0,1,8.81,1.8,SPY221118C00410000,410.0,normalDay
2022-10-27,16259.0,-7212.0,0.0,100,379.98,460.0,0,0.0,0.0,,0.0,1,8.81,0.91,SPY221118C00410000,410.0,normalDay
2022-10-28,16259.0,-6466.0,0.0,100,389.02,460.0,0,0.0,0.0,,0.0,1,8.81,2.49,SPY221118C00410000,410.0,normalDay
2022-10-31,16259.0,-6658.0,0.0,100,386.21,460.0,0,0.0,0.0,,0.0,1,8.81,1.6,SPY221118C00410000,410.0,normalDay
2022-11-01,16259.0,-6789.0,0.0,100,384.52,460.0,0,0.0,0.0,,0.0,1,8.81,1.22,SPY221118C00410000,410.0,normalDay
2022-11-02,16259.0,-7666.0,0.0,100,374.87,460.0,0,0.0,0.0,,0.0,1,8.81,0.34,SPY221118C00410000,410.0,normalDay
2022-11-03,16259.0,-8038.0,0.0,100,371.01,460.0,0,0.0,0.0,,0.0,1,8.81,0.2,SPY221118C00410000,410.0,normalDay
2022-11-04,16259.0,-7507.0,0.0,100,376.35,460.0,0,0.0,0.0,,0.0,1,8.81,0.23,SPY221118C00410000,410.0,normalDay
2022-11-07,16259.0,-7147.0,0.0,100,379.95,460.0,0,0.0,0.0,,0.0,1,8.81,0.23,SPY221118C00410000,410.0,normalDay
2022-11-08,16259.0,-6948.0,0.0,100,382.0,460.0,0,0.0,0.0,,0.0,1,8.81,0.29,SPY221118C00410000,410.0,normalDay
2022-11-09,16259.0,-7715.0,0.0,100,374.13,460.0,0,0.0,0.0,,0.0,1,8.81,0.09,SPY221118C00410000,410.0,normalDay
2022-11-10,16259.0,-5751.0,0.0,100,394.69,460.0,0,0.0,0.0,,0.0,1,8.81,1.01,SPY221118C00410000,410.0,normalDay
2022-11-11,16259.0,-5355.0,0.0,100,398.51,460.0,0,0.0,0.0,,0.0,1,8.81,0.87,SPY221118C00410000,410.0,normalDay
2022-11-14,16259.0,-5637.0,0.0,100,395.12,460.0,0,0.0,0.0,,0.0,1,8.81,0.3,SPY221118C00410000,410.0,normalDay
2022-11-15,16259.0,-5316.0,0.0,100,398.49,460.0,0,0.0,0.0,,0.0,1,8.81,0.46,SPY221118C00410000,410.0,normalDay
2022-11-16,16259.0,-5582.0,0.0,100,395.45,460.0,0,0.0,0.0,,0.0,1,8.81,0.08,SPY221118C00410000,410.0,normalDay
2022-11-17,16259.0,-5697.0,0.0,100,394.24,460.0,0,0.0,0.0,,0.0,1,8.81,0.02,SPY221118C00410000,410.0,normalDay
2022-11-18,17140.0,-6397.0,881.0,100,396.03,460.0,0,0.0,0.0,,0.0,1,8.81,0.0,SPY221118C00410000,410.0,expirationDay
2022-11-21,17140.0,-6560.0,0.0,100,394.59,460.0,0,0.0,0.0,,0.0,1,8.09,8.28,SPY230331C00427000,427.0,normalDay
2022-11-22,17140.0,-6156.0,0.0,100,399.9,460.0,0,0.0,0.0,,0.0,1,8.09,9.55,SPY230331C00427000,427.0,normalDay
2022-11-23,17140.0,-5954.0,0.0,100,402.42,460.0,0,0.0,0.0,,0.0,1,8.09,10.05,SPY230331C00427000,427.0,normalDay
2022-11-25,17140.0,-5951.0,0.0,100,402.33,460.0,0,0.0,0.0,,0.0,1,8.09,9.93,SPY230331C00427000,427.0,normalDay
2022-11-28,17140.0,-6389.0,0.0,100,395.91,460.0,0,0.0,0.0,,0.0,1,8.09,7.89,SPY230331C00427000,427.0,normalDay
2022-11-29,17140.0,-6411.0,0.0,100,395.23,460.0,0,0.0,0.0,,0.0,1,8.09,7.43,SPY230331C00427000,427.0,normalDay
2022-11-30,17140.0,-5601.0,0.0,100,407.68,460.0,0,0.0,0.0,,0.0,1,8.09,11.78,SPY230331C00427000,427.0,normalDay
2022-12-01,17140.0,-5564.0,0.0,100,407.38,460.0,0,0.0,0.0,,0.0,1,8.09,11.11,SPY230331C00427000,427.0,normalDay
2022-12-02,17140.0,-5545.0,0.0,100,406.91,460.0,0,0.0,0.0,,0.0,1,8.09,10.45,SPY230331C00427000,427.0,normalDay
2022-12-05,17140.0,-6018.0,0.0,100,399.59,460.0,0,0.0,0.0,,0.0,1,8.09,7.86,SPY230331C00427000,427.0,normalDay
2022-12-06,17140.0,-6441.0,0.0,100,393.83,460.0,0,0.0,0.0,,0.0,1,8.09,6.33,SPY230331C00427000,427.0,normalDay
2022-12-07,17140.0,-6497.0,0.0,100,393.16,460.0,0,0.0,0.0,,0.0,1,8.09,6.22,SPY230331C00427000,427.0,normalDay
2022-12-08,17140.0,-6249.0,0.0,100,396.24,460.0,0,0.0,0.0,,0.0,1,8.09,6.82,SPY230331C00427000,427.0,normalDay
2022-12-09,17140.0,-6474.0,0.0,100,393.28,460.0,0,0.0,0.0,,0.0,1,8.09,6.11,SPY230331C00427000,427.0,normalDay
2022-12-12,17140.0,-6083.0,0.0,100,398.95,460.0,0,0.0,0.0,,0.0,1,8.09,7.87,SPY230331C00427000,427.0,normalDay
2022-12-13,17140.0,-5830.0,0.0,100,401.97,460.0,0,0.0,0.0,,0.0,1,8.09,8.36,SPY230331C00427000,427.0,normalDay
2022-12-14,17140.0,-5998.0,0.0,100,399.4,460.0,0,0.0,0.0,,0.0,1,8.09,7.47,SPY230331C00427000,427.0,normalDay
2022-12-15,17140.0,-6680.0,0.0,100,389.63,460.0,0,0.0,0.0,,0.0,1,8.09,4.52,SPY230331C00427000,427.0,normalDay
2022-12-16,17140.0,-7208.0,0.0,100,383.27,460.0,0,0.0,0.0,,0.0,1,8.09,3.44,SPY230331C00427000,427.0,normalDay
2022-12-19,17140.0,-7462.0,0.0,100,380.02,460.0,0,0.0,0.0,,0.0,1,8.09,2.73,SPY230331C00427000,427.0,normalDay
2022-12-20,17140.0,-7403.0,0.0,100,380.54,460.0,0,0.0,0.0,,0.0,1,8.09,2.66,SPY230331C00427000,427.0,normalDay
2022-12-21,17140.0,-6893.0,0.0,100,386.23,460.0,0,0.0,0.0,,0.0,1,8.09,3.25,SPY230331C00427000,427.0,normalDay
2022-12-22,17140.0,-7384.0,0.0,100,380.72,460.0,0,0.0,0.0,,0.0,1,8.09,2.65,SPY230331C00427000,427.0,normalDay
2022-12-23,17140.0,-7169.0,0.0,100,382.91,460.0,0,0.0,0.0,,0.0,1,8.09,2.69,SPY230331C00427000,427.0,normalDay
2022-12-27,17140.0,-7296.0,0.0,100,381.4,460.0,0,0.0,0.0,,0.0,1,8.09,2.45,SPY230331C00427000,427.0,normalDay
2022-12-28,17140.0,-7706.0,0.0,100,376.66,460.0,0,0.0,0.0,,0.0,1,8.09,1.81,SPY230331C00427000,427.0,normalDay
2022-12-29,17140.0,-7098.0,0.0,100,383.44,460.0,0,0.0,0.0,,0.0,1,8.09,2.51,SPY230331C00427000,427.0,normalDay
2022-12-30,17140.0,-7191.0,0.0,100,382.43,460.0,0,0.0,0.0,,0.0,1,8.09,2.43,SPY230331C00427000,427.0,normalDay
2023-01-03,17140.0,-7305.0,0.0,100,380.82,460.0,0,0.0,0.0,,0.0,1,8.09,1.96,SPY230331C00427000,427.0,normalDay
2023-01-04,17140.0,-7032.0,0.0,100,383.76,460.0,0,0.0,0.0,,0.0,1,8.09,2.17,SPY230331C00427000,427.0,normalDay
2023-01-05,17140.0,-7408.0,0.0,100,379.38,460.0,0,0.0,0.0,,0.0,1,8.09,1.55,SPY230331C00427000,427.0,normalDay
2023-01-06,17140.0,-6627.0,0.0,100,388.08,460.0,0,0.0,0.0,,0.0,1,8.09,2.44,SPY230331C00427000,427.0,normalDay
2023-01-09,17140.0,-6640.0,0.0,100,387.86,460.0,0,0.0,0.0,,0.0,1,8.09,2.35,SPY230331C00427000,427.0,normalDay
2023-01-10,17140.0,-6377.0,0.0,100,390.58,460.0,0,0.0,0.0,,0.0,1,8.09,2.44,SPY230331C00427000,427.0,normalDay
2023-01-11,17140.0,-5982.0,0.0,100,395.52,460.0,0,0.0,0.0,,0.0,1,8.09,3.43,SPY230331C00427000,427.0,normalDay
2023-01-12,17140.0,-5804.0,0.0,100,396.96,460.0,0,0.0,0.0,,0.0,1,8.09,3.09,SPY230331C00427000,427.0,normalDay
2023-01-13,17140.0,-5627.0,0.0,100,398.5,460.0,0,0.0,0.0,,0.0,1,8.09,2.86,SPY230331C00427000,427.0,normalDay
2023-01-17,17140.0,-5671.0,0.0,100,397.77,460.0,0,0.0,0.0,,0.0,1,8.09,2.57,SPY230331C00427000,427.0,normalDay
2023-01-18,17140.0,-6209.0,0.0,100,391.49,460.0,0,0.0,0.0,,0.0,1,8.09,1.67,SPY230331C00427000,427.0,normalDay
2023-01-19,17140.0,-6449.0,0.0,100,388.64,460.0,0,0.0,0.0,,0.0,1,8.09,1.22,SPY230331C00427000,427.0,normalDay
2023-01-20,17140.0,-5801.0,0.0,100,395.88,460.0,0,0.0,0.0,,0.0,1,8.09,1.98,SPY230331C00427000,427.0,normalDay
2023-01-23,17140.0,-5406.0,0.0,100,400.63,460.0,0,0.0,0.0,,0.0,1,8.09,2.78,SPY230331C00427000,427.0,normalDay
2023-01-24,17140.0,-5444.0,0.0,100,400.2,460.0,0,0.0,0.0,,0.0,1,8.09,2.73,SPY230331C00427000,427.0,normalDay
2023-01-25,17140.0,-5403.0,0.0,100,400.35,460.0,0,0.0,0.0,,0.0,1,8.09,2.47,SPY230331C00427000,427.0,normalDay
2023-01-26,17140.0,-5039.0,0.0,100,404.75,460.0,0,0.0,0.0,,0.0,1,8.09,3.23,SPY230331C00427000,427.0,normalDay
2023-01-27,17140.0,-4958.0,0.0,100,405.68,460.0,0,0.0,0.0,,0.0,1,8.09,3.35,SPY230331C00427000,427.0,normalDay
2023-01-30,17140.0,-5383.0,0.0,100,400.59,460.0,0,0.0,0.0,,0.0,1,8.09,2.51,SPY230331C00427000,427.0,normalDay
2023-01-31,17140.0,-4879.0,0.0,100,406.48,460.0,0,0.0,0.0,,0.0,1,8.09,3.36,SPY230331C00427000,427.0,normalDay
2023-02-01,17140.0,-4571.0,0.0,100,410.8,460.0,0,0.0,0.0,,0.0,1,8.09,4.6,SPY230331C00427000,427.0,normalDay
2023-02-02,17140.0,-4159.0,0.0,100,416.78,460.0,0,0.0,0.0,,0.0,1,8.09,6.46,SPY230331C00427000,427.0,normalDay
2023-02-03,17140.0,-4446.0,0.0,100,412.35,460.0,0,0.0,0.0,,0.0,1,8.09,4.9,SPY230331C00427000,427.0,normalDay
2023-02-06,17140.0,-4625.0,0.0,100,409.83,460.0,0,0.0,0.0,,0.0,1,8.09,4.17,SPY230331C00427000,427.0,normalDay
2023-02-07,17140.0,-4218.0,0.0,100,415.19,460.0,0,0.0,0.0,,0.0,1,8.09,5.46,SPY230331C00427000,427.0,normalDay
2023-02-08,17140.0,-4569.0,0.0,100,410.65,460.0,0,0.0,0.0,,0.0,1,8.09,4.43,SPY230331C00427000,427.0,normalDay
2023-02-09,17140.0,-4838.0,0.0,100,407.09,460.0,0,0.0,0.0,,0.0,1,8.09,3.56,SPY230331C00427000,427.0,normalDay
2023-02-10,17140.0,-4750.0,0.0,100,408.04,460.0,0,0.0,0.0,,0.0,1,8.09,3.63,SPY230331C00427000,427.0,normalDay
2023-02-13,17140.0,-4391.0,0.0,100,412.83,460.0,0,0.0,0.0,,0.0,1,8.09,4.83,SPY230331C00427000,427.0,normalDay
2023-02-14,17140.0,-4314.0,0.0,100,412.64,460.0,0,0.0,0.0,,0.0,1,8.09,3.87,SPY230331C00427000,427.0,normalDay
2023-02-15,17140.0,-4206.0,0.0,100,413.98,460.0,0,0.0,0.0,,0.0,1,8.09,4.13,SPY230331C00427000,427.0,normalDay
2023-02-16,17140.0,-4620.0,0.0,100,408.28,460.0,0,0.0,0.0,,0.0,1,8.09,2.57,SPY230331C00427000,427.0,normalDay
2023-02-17,17140.0,-4683.0,0.0,100,407.26,460.0,0,0.0,0.0,,0.0,1,8.09,2.18,SPY230331C00427000,427.0,normalDay
2023-02-21,17140.0,-5385.0,0.0,100,399.09,460.0,0,0.0,0.0,,0.0,1,8.09,1.03,SPY230331C00427000,427.0,normalDay
2023-02-22,17140.0,-5414.0,0.0,100,398.54,460.0,0,0.0,0.0,,0.0,1,8.09,0.77,SPY230331C00427000,427.0,normalDay
2023-02-23,17140.0,-5206.0,0.0,100,400.66,460.0,0,0.0,0.0,,0.0,1,8.09,0.81,SPY230331C00427000,427.0,normalDay
2023-02-24,17140.0,-5604.0,0.0,100,396.38,460.0,0,0.0,0.0,,0.0,1,8.09,0.51,SPY230331C00427000,427.0,normalDay
2023-02-27,17140.0,-5466.0,0.0,100,397.73,460.0,0,0.0,0.0,,0.0,1,8.09,0.48,SPY230331C00427000,427.0,normalDay
2023-02-28,17140.0,-5598.0,0.0,100,396.26,460.0,0,0.0,0.0,,0.0,1,8.09,0.33,SPY230331C00427000,427.0,normalDay
2023-03-01,17140.0,-5744.0,0.0,100,394.74,460.0,0,0.0,0.0,,0.0,1,8.09,0.27,SPY230331C00427000,427.0,normalDay
2023-03-02,17140.0,-5443.0,0.0,100,397.81,460.0,0,0.0,0.0,,0.0,1,8.09,0.33,SPY230331C00427000,427.0,normalDay
2023-03-03,17140.0,-4843.0,0.0,100,404.19,460.0,0,0.0,0.0,,0.0,1,8.09,0.71,SPY230331C00427000,427.0,normalDay
2023-03-06,17140.0,-4811.0,0.0,100,404.47,460.0,0,0.0,0.0,,0.0,1,8.09,0.67,SPY230331C00427000,427.0,normalDay
2023-03-07,17140.0,-5394.0,0.0,100,398.27,460.0,0,0.0,0.0,,0.0,1,8.09,0.3,SPY230331C00427000,427.0,normalDay
2023-03-08,17140.0,-5325.0,0.0,100,398.92,460.0,0,0.0,0.0,,0.0,1,8.09,0.26,SPY230331C00427000,427.0,normalDay
2023-03-09,17140.0,-6050.0,0.0,100,391.56,460.0,0,0.0,0.0,,0.0,1,8.09,0.15,SPY230331C00427000,427.0,normalDay
2023-03-10,17140.0,-6607.0,0.0,100,385.91,460.0,0,0.0,0.0,,0.0,1,8.09,0.07,SPY230331C00427000,427.0,normalDay
2023-03-13,17140.0,-6663.0,0.0,100,385.36,460.0,0,0.0,0.0,,0.0,1,8.09,0.08,SPY230331C00427000,427.0,normalDay
2023-03-14,17140.0,-6024.0,0.0,100,391.73,460.0,0,0.0,0.0,,0.0,1,8.09,0.06,SPY230331C00427000,427.0,normalDay
2023-03-15,17140.0,-6268.0,0.0,100,389.28,460.0,0,0.0,0.0,,0.0,1,8.09,0.05,SPY230331C00427000,427.0,normalDay
2023-03-16,17140.0,-5589.0,0.0,100,396.11,460.0,0,0.0,0.0,,0.0,1,8.09,0.09,SPY230331C00427000,427.0,normalDay
2023-03-17,17140.0,-6196.0,0.0,100,389.99,460.0,0,0.0,0.0,,0.0,1,8.09,0.04,SPY230331C00427000,427.0,normalDay
2023-03-20,17140.0,-5821.0,0.0,100,393.74,460.0,0,0.0,0.0,,0.0,1,8.09,0.04,SPY230331C00427000,427.0,normalDay
2023-03-21,17140.0,-5308.0,0.0,100,398.91,460.0,0,0.0,0.0,,0.0,1,8.09,0.08,SPY230331C00427000,427.0,normalDay
2023-03-22,17140.0,-5982.0,0.0,100,392.11,460.0,0,0.0,0.0,,0.0,1,8.09,0.02,SPY230331C00427000,427.0,normalDay
2023-03-23,17140.0,-5876.0,0.0,100,393.17,460.0,0,0.0,0.0,,0.0,1,8.09,0.02,SPY230331C00427000,427.0,normalDay
2023-03-24,17140.0,-5617.0,0.0,100,395.75,460.0,0,0.0,0.0,,0.0,1,8.09,0.01,SPY230331C00427000,427.0,normalDay
2023-03-27,17140.0,-5543.0,0.0,100,396.49,460.0,0,0.0,0.0,,0.0,1,8.09,0.01,SPY230331C00427000,427.0,normalDay
2023-03-28,17140.0,-5632.0,0.0,100,395.6,460.0,0,0.0,0.0,,0.0,1,8.09,0.01,SPY230331C00427000,427.0,normalDay
2023-03-29,17140.0,-5057.0,0.0,100,401.35,460.0,0,0.0,0.0,,0.0,1,8.09,0.01,SPY230331C00427000,427.0,normalDay
2023-03-30,17140.0,-4822.0,0.0,100,403.7,460.0,0,0.0,0.0,,0.0,1,8.09,0.01,SPY230331C00427000,427.0,normalDay
2023-03-31,17949.0,-5061.0,809.0,100,409.39,460.0,0,0.0,0.0,,0.0,1,8.09,0.0,SPY230331C00427000,427.0,expirationDay
2023-04-03,17949.0,-4913.0,0.0,100,410.95,460.0,0,0.0,0.0,,0.0,1,12.26,12.34,SPY230818C00427000,427.0,normalDay
2023-04-04,17949.0,-5035.0,0.0,100,408.67,460.0,0,0.0,0.0,,0.0,1,12.26,11.28,SPY230818C00427000,427.0,normalDay
2023-04-05,17949.0,-5086.0,0.0,100,407.6,460.0,0,0.0,0.0,,0.0,1,12.26,10.72,SPY230818C00427000,427.0,normalDay
2023-04-06,17949.0,-4966.0,0.0,100,409.19,460.0,0,0.0,0.0,,0.0,1,12.26,11.11,SPY230818C00427000,427.0,normalDay
2023-04-10,17949.0,-4942.0,0.0,100,409.61,460.0,0,0.0,0.0,,0.0,1,12.26,11.29,SPY230818C00427000,427.0,normalDay
2023-04-11,17949.0,-4914.0,0.0,100,409.72,460.0,0,0.0,0.0,,0.0,1,12.26,11.12,SPY230818C00427000,427.0,normalDay
2023-04-12,17949.0,-4965.0,0.0,100,408.05,460.0,0,0.0,0.0,,0.0,1,12.26,9.96,SPY230818C00427000,427.0,normalDay
2023-04-13,17949.0,-4643.0,0.0,100,413.47,460.0,0,0.0,0.0,,0.0,1,12.26,12.16,SPY230818C00427000,427.0,normalDay
2023-04-14,17949.0,-4670.0,0.0,100,412.46,460.0,0,0.0,0.0,,0.0,1,12.26,11.42,SPY230818C00427000,427.0,normalDay
2023-04-17,17949.0,-4535.0,0.0,100,413.94,460.0,0,0.0,0.0,,0.0,1,12.26,11.55,SPY230818C00427000,427.0,normalDay
2023-04-18,17949.0,-4485.0,0.0,100,414.21,460.0,0,0.0,0.0,,0.0,1,12.26,11.32,SPY230818C00427000,427.0,normalDay
2023-04-19,17949.0,-4473.0,0.0,100,414.14,460.0,0,0.0,0.0,,0.0,1,12.26,11.13,SPY230818C00427000,427.0,normalDay
2023-04-20,17949.0,-4605.0,0.0,100,411.88,460.0,0,0.0,0.0,,0.0,1,12.26,10.19,SPY230818C00427000,427.0,normalDay
2023-04-21,17949.0,-4551.0,0.0,100,412.2,460.0,0,0.0,0.0,,0.0,1,12.26,9.97,SPY230818C00427000,427.0,normalDay
2023-04-24,17949.0,-4512.0,0.0,100,412.63,460.0,0,0.0,0.0,,0.0,1,12.26,10.01,SPY230818C00427000,427.0,normalDay
2023-04-25,17949.0,-4981.0,0.0,100,406.08,460.0,0,0.0,0.0,,0.0,1,12.26,8.15,SPY230818C00427000,427.0,normalDay
2023-04-26,17949.0,-5030.0,0.0,100,404.36,460.0,0,0.0,0.0,,0.0,1,12.26,6.92,SPY230818C00427000,427.0,normalDay
2023-04-27,17949.0,-4530.0,0.0,100,412.41,460.0,0,0.0,0.0,,0.0,1,12.26,9.97,SPY230818C00427000,427.0,normalDay
2023-04-28,17949.0,-4273.0,0.0,100,415.93,460.0,0,0.0,0.0,,0.0,1,12.26,10.92,SPY230818C00427000,427.0,normalDay
2023-05-01,17949.0,-4265.0,0.0,100,415.51,460.0,0,0.0,0.0,,0.0,1,12.26,10.42,SPY230818C00427000,427.0,normalDay
2023-05-02,17949.0,-4541.0,0.0,100,410.84,460.0,0,0.0,0.0,,0.0,1,12.26,8.51,SPY230818C00427000,427.0,normalDay
2023-05-03,17949.0,-4737.0,0.0,100,408.02,460.0,0,0.0,0.0,,0.0,1,12.26,7.65,SPY230818C00427000,427.0,normalDay
2023-05-04,17949.0,-4912.0,0.0,100,405.13,460.0,0,0.0,0.0,,0.0,1,12.26,6.51,SPY230818C00427000,427.0,normalDay
2023-05-05,17949.0,-4387.0,0.0,100,412.63,460.0,0,0.0,0.0,,0.0,1,12.26,8.76,SPY230818C00427000,427.0,normalDay
2023-05-08,17949.0,-4357.0,0.0,100,412.74,460.0,0,0.0,0.0,,0.0,1,12.26,8.57,SPY230818C00427000,427.0,normalDay
2023-05-09,17949.0,-4483.0,0.0,100,410.93,460.0,0,0.0,0.0,,0.0,1,12.26,8.02,SPY230818C00427000,427.0,normalDay
2023-05-10,17949.0,-4328.0,0.0,100,412.85,460.0,0,0.0,0.0,,0.0,1,12.26,8.39,SPY230818C00427000,427.0,normalDay
2023-05-11,17949.0,-4323.0,0.0,100,412.13,460.0,0,0.0,0.0,,0.0,1,12.26,7.62,SPY230818C00427000,427.0,normalDay
2023-05-12,17949.0,-4326.0,0.0,100,411.59,460.0,0,0.0,0.0,,0.0,1,12.26,7.11,SPY230818C00427000,427.0,normalDay
2023-05-15,17949.0,-4206.0,0.0,100,413.01,460.0,0,0.0,0.0,,0.0,1,12.26,7.33,SPY230818C00427000,427.0,normalDay
2023-05-16,17949.0,-4385.0,0.0,100,410.25,460.0,0,0.0,0.0,,0.0,1,12.26,6.36,SPY230818C00427000,427.0,normalDay
2023-05-17,17949.0,-4051.0,0.0,100,415.23,460.0,0,0.0,0.0,,0.0,1,12.26,8.0,SPY230818C00427000,427.0,normalDay
2023-05-18,17949.0,-3822.0,0.0,100,419.23,460.0,0,0.0,0.0,,0.0,1,12.26,9.71,SPY230818C00427000,427.0,normalDay
2023-05-19,17949.0,-3865.0,0.0,100,418.62,460.0,0,0.0,0.0,,0.0,1,12.26,9.53,SPY230818C00427000,427.0,normalDay
2023-05-22,17949.0,-3855.0,0.0,100,418.79,460.0,0,0.0,0.0,,0.0,1,12.26,9.6,SPY230818C00427000,427.0,normalDay
2023-05-23,17949.0,-4108.0,0.0,100,414.09,460.0,0,0.0,0.0,,0.0,1,12.26,7.43,SPY230818C00427000,427.0,normalDay
2023-05-24,17949.0,-4307.0,0.0,100,411.09,460.0,0,0.0,0.0,,0.0,1,12.26,6.42,SPY230818C00427000,427.0,normalDay
2023-05-25,17949.0,-4055.0,0.0,100,414.65,460.0,0,0.0,0.0,,0.0,1,12.26,7.46,SPY230818C00427000,427.0,normalDay
2023-05-26,17949.0,-3768.0,0.0,100,420.02,460.0,0,0.0,0.0,,0.0,1,12.26,9.96,SPY230818C00427000,427.0,normalDay
2023-05-30,17949.0,-3718.0,0.0,100,420.18,460.0,0,0.0,0.0,,0.0,1,12.26,9.62,SPY230818C00427000,427.0,normalDay
2023-05-31,17949.0,-3792.0,0.0,100,417.85,460.0,0,0.0,0.0,,0.0,1,12.26,8.03,SPY230818C00427000,427.0,normalDay
2023-06-01,17949.0,-3548.0,0.0,100,421.82,460.0,0,0.0,0.0,,0.0,1,12.26,9.56,SPY230818C00427000,427.0,normalDay
2023-06-02,17949.0,-3261.0,0.0,100,427.92,460.0,0,0.0,0.0,,0.0,1,12.26,12.79,SPY230818C00427000,427.0,normalDay
2023-06-05,17949.0,-3266.0,0.0,100,427.1,460.0,0,0.0,0.0,,0.0,1,12.26,12.02,SPY230818C00427000,427.0,normalDay
2023-06-06,17949.0,-3193.0,0.0,100,428.03,460.0,0,0.0,0.0,,0.0,1,12.26,12.22,SPY230818C00427000,427.0,normalDay
2023-06-07,17949.0,-3215.0,0.0,100,426.55,460.0,0,0.0,0.0,,0.0,1,12.26,10.96,SPY230818C00427000,427.0,normalDay
2023-06-08,17949.0,-3077.0,0.0,100,429.13,460.0,0,0.0,0.0,,0.0,1,12.26,12.16,SPY230818C00427000,427.0,normalDay
2023-06-09,17949.0,-3089.0,0.0,100,429.9,460.0,0,0.0,0.0,,0.0,1,12.26,13.05,SPY230818C00427000,427.0,normalDay
2023-06-12,17949.0,-2957.0,0.0,100,433.8,460.0,0,0.0,0.0,,0.0,1,12.26,15.63,SPY230818C00427000,427.0,normalDay
2023-06-13,17949.0,-2889.0,0.0,100,436.66,460.0,0,0.0,0.0,,0.0,1,12.26,17.81,SPY230818C00427000,427.0,normalDay
2023-06-14,17949.0,-2872.0,0.0,100,437.18,460.0,0,0.0,0.0,,0.0,1,12.26,18.16,SPY230818C00427000,427.0,normalDay
2023-06-15,17949.0,-2707.0,0.0,100,442.6,460.0,0,0.0,0.0,,0.0,1,12.26,21.93,SPY230818C00427000,427.0,normalDay
2023-06-16,17949.0,-2948.0,0.0,100,439.46,460.0,0,0.0,0.0,,0.0,1,12.26,21.2,SPY230818C00427000,427.0,normalDay
2023-06-20,17949.0,-2917.0,0.0,100,437.18,460.0,0,0.0,0.0,,0.0,1,12.26,18.61,SPY230818C00427000,427.0,normalDay
2023-06-21,17949.0,-2971.0,0.0,100,434.94,460.0,0,0.0,0.0,,0.0,1,12.26,16.91,SPY230818C00427000,427.0,normalDay
2023-06-22,17949.0,-2872.0,0.0,100,436.51,460.0,0,0.0,0.0,,0.0,1,12.26,17.49,SPY230818C00427000,427.0,normalDay
2023-06-23,17949.0,-2951.0,0.0,100,433.21,460.0,0,0.0,0.0,,0.0,1,12.26,14.98,SPY230818C00427000,427.0,normalDay
2023-06-26,17949.0,-2990.0,0.0,100,431.44,460.0,0,0.0,0.0,,0.0,1,12.26,13.6,SPY230818C00427000,427.0,normalDay
2023-06-27,17949.0,-2805.0,0.0,100,436.17,460.0,0,0.0,0.0,,0.0,1,12.26,16.48,SPY230818C00427000,427.0,normalDay
2023-06-28,17949.0,-2823.0,0.0,100,436.39,460.0,0,0.0,0.0,,0.0,1,12.26,16.88,SPY230818C00427000,427.0,normalDay
2023-06-29,17949.0,-2746.0,0.0,100,438.11,460.0,0,0.0,0.0,,0.0,1,12.26,17.83,SPY230818C00427000,427.0,normalDay
2023-06-30,17949.0,-2671.0,0.0,100,443.28,460.0,0,0.0,0.0,,0.0,1,12.26,22.25,SPY230818C00427000,427.0,normalDay
2023-07-03,17949.0,-2688.0,0.0,100,443.79,460.0,0,0.0,0.0,,0.0,1,12.26,22.93,SPY230818C00427000,427.0,normalDay
2023-07-05,17949.0,-2645.0,0.0,100,443.13,460.0,0,0.0,0.0,,0.0,1,12.26,21.84,SPY230818C00427000,427.0,normalDay
2023-07-06,17949.0,-2722.0,0.0,100,439.66,460.0,0,0.0,0.0,,0.0,1,12.26,19.14,SPY230818C00427000,427.0,normalDay
2023-07-07,17949.0,-2736.0,0.0,100,438.55,460.0,0,0.0,0.0,,0.0,1,12.26,18.17,SPY230818C00427000,427.0,normalDay
2023-07-10,17949.0,-2675.0,0.0,100,439.66,460.0,0,0.0,0.0,,0.0,1,12.26,18.67,SPY230818C00427000,427.0,normalDay
2023-07-11,17949.0,-2583.0,0.0,100,442.46,460.0,0,0.0,0.0,,0.0,1,12.26,20.55,SPY230818C00427000,427.0,normalDay
2023-07-12,17949.0,-2522.0,0.0,100,446.02,460.0,0,0.0,0.0,,0.0,1,12.26,23.5,SPY230818C00427000,427.0,normalDay
2023-07-13,17949.0,-2453.0,0.0,100,449.56,460.0,0,0.0,0.0,,0.0,1,12.26,26.35,SPY230818C00427000,427.0,normalDay
2023-07-14,17949.0,-2418.0,0.0,100,449.28,460.0,0,0.0,0.0,,0.0,1,12.26,25.72,SPY230818C00427000,427.0,normalDay
2023-07-17,17949.0,-2379.0,0.0,100,450.84,460.0,0,0.0,0.0,,0.0,1,12.26,26.89,SPY230818C00427000,427.0,normalDay
2023-07-18,17949.0,-2368.0,0.0,100,454.19,460.0,0,0.0,0.0,,0.0,1,12.26,30.13,SPY230818C00427000,427.0,normalDay
2023-07-19,17949.0,-2372.0,0.0,100,455.2,460.0,0,0.0,0.0,,0.0,1,12.26,31.18,SPY230818C00427000,427.0,normalDay
2023-07-20,17949.0,-2413.0,0.0,100,452.18,460.0,0,0.0,0.0,,0.0,1,12.26,28.57,SPY230818C00427000,427.0,normalDay
2023-07-21,17949.0,-2367.0,0.0,100,452.18,460.0,0,0.0,0.0,,0.0,1,12.26,28.11,SPY230818C00427000,427.0,normalDay
2023-07-24,17949.0,-2357.0,0.0,100,454.2,460.0,0,0.0,0.0,,0.0,1,12.26,30.03,SPY230818C00427000,427.0,normalDay
2023-07-25,17949.0,-2380.0,0.0,100,455.44,460.0,0,0.0,0.0,,0.0,1,12.26,31.5,SPY230818C00427000,427.0,normalDay
2023-07-26,17949.0,-2363.0,0.0,100,455.51,460.0,0,0.0,0.0,,0.0,1,12.26,31.4,SPY230818C00427000,427.0,normalDay
2023-07-27,17949.0,-2347.0,0.0,100,452.49,460.0,0,0.0,0.0,,0.0,1,12.26,28.22,SPY230818C00427000,427.0,normalDay
2023-07-28,17949.0,-2257.0,0.0,100,456.92,460.0,0,0.0,0.0,,0.0,1,12.26,31.75,SPY230818C00427000,427.0,normalDay
2023-07-31,17949.0,-2251.0,0.0,100,457.79,460.0,0,0.0,0.0,,0.0,1,12.26,32.56,SPY230818C00427000,427.0,normalDay
2023-08-01,17949.0,-2227.0,0.0,100,456.48,460.0,0,0.0,0.0,,0.0,1,12.26,31.01,SPY230818C00427000,427.0,normalDay
2023-08-02,17949.0,-2280.0,0.0,100,450.13,460.0,0,0.0,0.0,,0.0,1,12.26,25.19,SPY230818C00427000,427.0,normalDay
2023-08-03,17949.0,-2369.0,0.0,100,448.84,460.0,0,0.0,0.0,,0.0,1,12.26,24.79,SPY230818C00427000,427.0,normalDay
2023-08-04,17949.0,-2256.0,0.0,100,446.81,460.0,0,0.0,0.0,,0.0,1,12.26,21.63,SPY230818C00427000,427.0,normalDay
2023-08-07,17949.0,-2215.0,0.0,100,450.71,460.0,0,0.0,0.0,,0.0,1,12.26,25.12,SPY230818C00427000,427.0,normalDay
2023-08-08,17949.0,-2185.0,0.0,100,448.75,460.0,0,0.0,0.0,,0.0,1,12.26,22.86,SPY230818C00427000,427.0,normalDay
2023-08-09,17949.0,-2238.0,0.0,100,445.75,460.0,0,0.0,0.0,,0.0,1,12.26,20.39,SPY230818C00427000,427.0,normalDay
2023-08-10,17949.0,-2160.0,0.0,100,445.91,460.0,0,0.0,0.0,,0.0,1,12.26,19.77,SPY230818C00427000,427.0,normalDay
2023-08-11,17949.0,-2163.0,0.0,100,445.65,460.0,0,0.0,0.0,,0.0,1,12.26,19.54,SPY230818C00427000,427.0,normalDay
2023-08-14,17949.0,-2132.0,0.0,100,448.11,460.0,0,0.0,0.0,,0.0,1,12.26,21.69,SPY230818C00427000,427.0,normalDay
2023-08-15,17949.0,-2115.0,0.0,100,442.89,460.0,0,0.0,0.0,,0.0,1,12.26,16.3,SPY230818C00427000,427.0,normalDay
2023-08-16,17949.0,-2143.0,0.0,100,439.64,460.0,0,0.0,0.0,,0.0,1,12.26,13.33,SPY230818C00427000,427.0,normalDay
2023-08-17,17949.0,-2085.0,0.0,100,436.29,460.0,0,0.0,0.0,,0.0,1,12.26,9.4,SPY230818C00427000,427.0,normalDay
2023-08-18,15875.0,-2085.0,-2074.0,0,436.5,0.0,0,0.0,0.0,,0.0,1,12.26,0.0,SPY230818C00427000,427.0,expirationDay
2023-08-21,15875.0,-24.0,0.0,0,439.34,0.0,1,20.69,20.93,SPY240328P00445000,445.0,0,0.0,0.0,,0.0,normalDay
2023-08-22,15875.0,-57.0,0.0,0,438.15,0.0,1,20.69,21.26,SPY240328P00445000,445.0,0,0.0,0.0,,0.0,normalDay
2023-08-23,15875.0,174.0,0.0,0,443.03,0.0,1,20.69,18.95,SPY240328P00445000,445.0,0,0.0,0.0,,0.0,normalDay
2023-08-24,15875.0,-141.0,0.0,0,436.89,0.0,1,20.69,22.1,SPY240328P00445000,445.0,0,0.0,0.0,,0.0,normalDay
2023-08-25,15875.0,95.0,0.0,0,439.97,0.0,1,20.69,19.74,SPY240328P00445000,445.0,0,0.0,0.0,,0.0,normalDay
2023-08-28,15875.0,244.0,0.0,0,442.76,0.0,1,20.69,18.25,SPY240328P00445000,445.0,0,0.0,0.0,,0.0,normalDay
2023-08-29,15875.0,503.0,0.0,0,449.16,0.0,1,20.69,15.66,SPY240328P00445000,445.0,0,0.0,0.0,,0.0,normalDay
2023-08-30,15875.0,585.0,0.0,0,451.01,0.0,1,20.69,14.84,SPY240328P00445000,445.0,0,0.0,0.0,,0.0,normalDay
2023-08-31,15875.0,592.0,0.0,0,450.35,0.0,1,20.69,14.77,SPY240328P00445000,445.0,0,0.0,0.0,,0.0,normalDay
2023-09-01,15875.0,621.0,0.0,0,451.19,0.0,1,20.69,14.48,SPY240328P00445000,445.0,0,0.0,0.0,,0.0,normalDay
2023-09-05,15875.0,555.0,0.0,0,449.24,0.0,1,20.69,15.14,SPY240328P00445000,445.0,0,0.0,0.0,,0.0,normalDay
2023-09-06,15875.0,440.0,0.0,0,446.22,0.0,1,20.69,16.29,SPY240328P00445000,445.0,0,0.0,0.0,,0.0,normalDay
2023-09-07,15875.0,386.0,0.0,0,444.85,0.0,1,20.69,16.83,SPY240328P00445000,445.0,0,0.0,0.0,,0.0,normalDay
2023-09-08,15875.0,460.0,0.0,0,445.52,0.0,1,20.69,16.09,SPY240328P00445000,445.0,0,0.0,0.0,,0.0,normalDay
2023-09-11,15875.0,587.0,0.0,0,448.45,0.0,1,20.69,14.82,SPY240328P00445000,445.0,0,0.0,0.0,,0.0,normalDay
2023-09-12,15875.0,496.0,0.0,0,445.99,0.0,1,20.69,15.73,SPY240328P00445000,445.0,0,0.0,0.0,,0.0,normalDay
2023-09-13,15875.0,544.0,0.0,0,446.51,0.0,1,20.69,15.25,SPY240328P00445000,445.0,0,0.0,0.0,,0.0,normalDay
2023-09-14,15875.0,706.0,0.0,0,450.36,0.0,1,20.69,13.63,SPY240328P00445000,445.0,0,0.0,0.0,,0.0,normalDay
2023-09-15,15875.0,481.0,0.0,0,443.37,0.0,1,20.69,15.88,SPY240328P00445000,445.0,0,0.0,0.0,,0.0,normalDay
2023-09-18,15875.0,505.0,0.0,0,443.63,0.0,1,20.69,15.64,SPY240328P00445000,445.0,0,0.0,0.0,,0.0,normalDay
2023-09-19,15875.0,482.0,0.0,0,442.71,0.0,1,20.69,15.87,SPY240328P00445000,445.0,0,0.0,0.0,,0.0,normalDay
2023-09-20,15875.0,272.0,0.0,0,438.64,0.0,1,20.69,17.97,SPY240328P00445000,445.0,0,0.0,0.0,,0.0,normalDay
2023-09-21,15875.0,-157.0,0.0,0,431.39,0.0,1,20.69,22.26,SPY240328P00445000,445.0,0,0.0,0.0,,0.0,normalDay
2023-09-22,15875.0,-228.0,0.0,0,430.42,0.0,1,20.69,22.97,SPY240328P00445000,445.0,0,0.0,0.0,,0.0,normalDay
2023-09-25,15875.0,-108.0,0.0,0,432.23,0.0,1,20.69,21.77,SPY240328P00445000,445.0,0,0.0,0.0,,0.0,normalDay
2023-09-26,15875.0,-546.0,0.0,0,425.88,0.0,1,20.69,26.15,SPY240328P00445000,445.0,0,0.0,0.0,,0.0,normalDay
2023-09-27,15875.0,-519.0,0.0,0,426.05,0.0,1,20.69,25.88,SPY240328P00445000,445.0,0,0.0,0.0,,0.0,normalDay
2023-09-28,15875.0,-341.0,0.0,0,428.52,0.0,1,20.69,24.1,SPY240328P00445000,445.0,0,0.0,0.0,,0.0,normalDay
2023-09-29,15875.0,-429.0,0.0,0,427.48,0.0,1,20.69,24.98,SPY240328P00445000,445.0,0,0.0,0.0,,0.0,normalDay
2023-10-02,15875.0,-369.0,0.0,0,427.31,0.0,1,20.69,24.38,SPY240328P00445000,445.0,0,0.0,0.0,,0.0,normalDay
2023-10-03,15875.0,-791.0,0.0,0,421.59,0.0,1,20.69,28.6,SPY240328P00445000,445.0,0,0.0,0.0,,0.0,normalDay
2023-10-04,15875.0,-601.0,0.0,0,424.66,0.0,1,20.69,26.7,SPY240328P00445000,445.0,0,0.0,0.0,,0.0,normalDay
2023-10-05,15875.0,-629.0,0.0,0,424.5,0.0,1,20.69,26.98,SPY240328P00445000,445.0,0,0.0,0.0,,0.0,normalDay
2023-10-06,15875.0,-273.0,0.0,0,429.54,0.0,1,20.69,23.42,SPY240328P00445000,445.0,0,0.0,0.0,,0.0,normalDay
2023-10-09,15875.0,-120.0,0.0,0,432.29,0.0,1,20.69,21.89,SPY240328P00445000,445.0,0,0.0,0.0,,0.0,normalDay
2023-10-10,15875.0,41.0,0.0,0,434.54,0.0,1,20.69,20.28,SPY240328P00445000,445.0,0,0.0,0.0,,0.0,normalDay
2023-10-11,15875.0,188.0,0.0,0,436.32,0.0,1,20.69,18.81,SPY240328P00445000,445.0,0,0.0,0.0,,0.0,normalDay
2023-10-12,15875.0,46.0,0.0,0,433.66,0.0,1,20.69,20.23,SPY240328P00445000,445.0,0,0.0,0.0,,0.0,normalDay
2023-10-13,15875.0,-253.0,0.0,0,431.5,0.0,1,20.69,23.22,SPY240328P00445000,445.0,0,0.0,0.0,,0.0,normalDay
2023-10-16,15875.0,115.0,0.0,0,436.04,0.0,1,20.69,19.54,SPY240328P00445000,445.0,0,0.0,0.0,,0.0,normalDay
2023-10-17,15875.0,101.0,0.0,0,436.02,0.0,1,20.69,19.68,SPY240328P00445000,445.0,0,0.0,0.0,,0.0,normalDay
2023-10-18,15875.0,-204.0,0.0,0,430.21,0.0,1,20.69,22.73,SPY240328P00445000,445.0,0,0.0,0.0,,0.0,normalDay
2023-10-19,15875.0,-609.0,0.0,0,426.43,0.0,1,20.69,26.78,SPY240328P00445000,445.0,0,0.0,0.0,,0.0,normalDay
2023-10-20,15875.0,-867.0,0.0,0,421.19,0.0,1,20.69,29.36,SPY240328P00445000,445.0,0,0.0,0.0,,0.0,normalDay
2023-10-23,15875.0,-828.0,0.0,0,420.46,0.0,1,20.69,28.97,SPY240328P00445000,445.0,0,0.0,0.0,,0.0,normalDay
2023-10-24,15875.0,-711.0,0.0,0,423.63,0.0,1,20.69,27.8,SPY240328P00445000,445.0,0,0.0,0.0,,0.0,normalDay
2023-10-25,15875.0,-1148.0,0.0,0,417.55,0.0,1,20.69,32.17,SPY240328P00445000,445.0,0,0.0,0.0,,0.0,normalDay
2023-10-26,15875.0,-1532.0,0.0,0,412.55,0.0,1,20.69,36.01,SPY240328P00445000,445.0,0,0.0,0.0,,0.0,normalDay
2023-10-27,15875.0,-1644.0,0.0,0,410.68,0.0,1,20.69,37.13,SPY240328P00445000,445.0,0,0.0,0.0,,0.0,normalDay
2023-10-30,15875.0,-1216.0,0.0,0,415.59,0.0,1,20.69,32.85,SPY240328P00445000,445.0,0,0.0,0.0,,0.0,normalDay
2023-10-31,15875.0,-974.0,0.0,0,418.2,0.0,1,20.69,30.43,SPY240328P00445000,445.0,0,0.0,0.0,,0.0,normalDay
2023-11-01,15875.0,-610.0,0.0,0,422.66,0.0,1,20.69,26.79,SPY240328P00445000,445.0,0,0.0,0.0,,0.0,normalDay
2023-11-02,15875.0,-24.0,0.0,0,430.76,0.0,1,20.69,20.93,SPY240328P00445000,445.0,0,0.0,0.0,,0.0,normalDay
2023-11-03,15875.0,258.0,0.0,0,434.69,0.0,1,20.69,18.11,SPY240328P00445000,445.0,0,0.0,0.0,,0.0,normalDay
2023-11-06,15875.0,305.0,0.0,0,435.69,0.0,1,20.69,17.64,SPY240328P00445000,445.0,0,0.0,0.0,,0.0,normalDay
2023-11-07,15875.0,391.0,0.0,0,436.93,0.0,1,20.69,16.78,SPY240328P00445000,445.0,0,0.0,0.0,,0.0,normalDay
2023-11-08,15875.0,372.0,0.0,0,437.25,0.0,1,20.69,16.97,SPY240328P00445000,445.0,0,0.0,0.0,,0.0,normalDay
2023-11-09,15875.0,225.0,0.0,0,433.84,0.0,1,20.69,18.44,SPY240328P00445000,445.0,0,0.0,0.0,,0.0,normalDay
2023-11-10,15875.0,619.0,0.0,0,440.61,0.0,1,20.69,14.5,SPY240328P00445000,445.0,0,0.0,0.0,,0.0,normalDay
2023-11-13,15875.0,600.0,0.0,0,440.19,0.0,1,20.69,14.69,SPY240328P00445000,445.0,0,0.0,0.0,,0.0,normalDay
2023-11-14,15875.0,952.0,0.0,0,448.73,0.0,1,20.69,11.17,SPY240328P00445000,445.0,0,0.0,0.0,,0.0,normalDay
2023-11-15,15875.0,959.0,0.0,0,449.68,0.0,1,20.69,11.1,SPY240328P00445000,445.0,0,0.0,0.0,,0.0,normalDay
2023-11-16,15875.0,1010.0,0.0,0,450.23,0.0,1,20.69,10.59,SPY240328P00445000,445.0,0,0.0,0.0,,0.0,normalDay
2023-11-17,15875.0,1037.0,0.0,0,450.79,0.0,1,20.69,10.32,SPY240328P00445000,445.0,0,0.0,0.0,,0.0,normalDay
2023-11-20,15875.0,1159.0,0.0,0,454.26,0.0,1,20.69,9.1,SPY240328P00445000,445.0,0,0.0,0.0,,0.0,normalDay
2023-11-21,15875.0,1133.0,0.0,0,453.27,0.0,1,20.69,9.36,SPY240328P00445000,445.0,0,0.0,0.0,,0.0,normalDay
2023-11-22,15875.0,1197.0,0.0,0,455.02,0.0,1,20.69,8.72,SPY240328P00445000,445.0,0,0.0,0.0,,0.0,normalDay
2023-11-24,15875.0,1232.0,0.0,0,455.3,0.0,1,20.69,8.37,SPY240328P00445000,445.0,0,0.0,0.0,,0.0,normalDay
2023-11-27,15875.0,1217.0,0.0,0,454.48,0.0,1,20.69,8.52,SPY240328P00445000,445.0,0,0.0,0.0,,0.0,normalDay
2023-11-28,15875.0,1232.0,0.0,0,454.93,0.0,1,20.69,8.37,SPY240328P00445000,445.0,0,0.0,0.0,,0.0,normalDay
2023-11-29,15875.0,1218.0,0.0,0,454.61,0.0,1,20.69,8.51,SPY240328P00445000,445.0,0,0.0,0.0,,0.0,normalDay
2023-11-30,15875.0,1244.0,0.0,0,456.4,0.0,1,20.69,8.25,SPY240328P00445000,445.0,0,0.0,0.0,,0.0,normalDay
