date,totalCapital,unrializedPnL,rializedPnL,stocksOwned,stocksPriceToday,stocksPriceBoughtAt,putOwned,putOwnedSoldAt,putPriceToday,putOwnedContract,putOwnedStrike,callOwned,callOwnedSoldAt,callPriceToday,callOwnedContract,callOwnedStrike,trackType
2018-11-01,0.0,-6.0,0.0,0,273.51,0.0,1,2.38,2.44,SPY181121P00267000,267.0,0,0.0,0.0,,0.0,normalDay
2018-11-02,0.0,-34.0,0.0,0,271.89,0.0,1,2.38,2.72,SPY181121P00267000,267.0,0,0.0,0.0,,0.0,normalDay
2018-11-05,0.0,33.0,0.0,0,273.39,0.0,1,2.38,2.05,SPY181121P00267000,267.0,0,0.0,0.0,,0.0,normalDay
2018-11-06,0.0,76.0,0.0,0,275.12,0.0,1,2.38,1.62,SPY181121P00267000,267.0,0,0.0,0.0,,0.0,normalDay
2018-11-07,0.0,194.0,0.0,0,281.01,0.0,1,2.38,0.44,SPY181121P00267000,267.0,0,0.0,0.0,,0.0,normalDay
2018-11-08,0.0,194.0,0.0,0,280.5,0.0,1,2.38,0.44,SPY181121P00267000,267.0,0,0.0,0.0,,0.0,normalDay
2018-11-09,0.0,176.0,0.0,0,277.76,0.0,1,2.38,0.62,SPY181121P00267000,267.0,0,0.0,0.0,,0.0,normalDay
2018-11-12,0.0,82.0,0.0,0,272.57,0.0,1,2.38,1.56,SPY181121P00267000,267.0,0,0.0,0.0,,0.0,normalDay
2018-11-13,0.0,89.0,0.0,0,272.06,0.0,1,2.38,1.49,SPY181121P00267000,267.0,0,0.0,0.0,,0.0,normalDay
2018-11-14,0.0,26.0,0.0,0,270.2,0.0,1,2.38,2.12,SPY181121P00267000,267.0,0,0.0,0.0,,0.0,normalDay
2018-11-15,0.0,150.0,0.0,0,273.02,0.0,1,2.38,0.88,SPY181121P00267000,267.0,0,0.0,0.0,,0.0,normalDay
2018-11-16,0.0,200.0,0.0,0,273.73,0.0,1,2.38,0.38,SPY181121P00267000,267.0,0,0.0,0.0,,0.0,normalDay
2018-11-19,0.0,139.0,0.0,0,269.1,0.0,1,2.38,0.99,SPY181121P00267000,267.0,0,0.0,0.0,,0.0,normalDay
2018-11-20,0.0,-105.0,0.0,0,264.12,0.0,1,2.38,3.43,SPY181121P00267000,267.0,0,0.0,0.0,,0.0,normalDay
2018-11-21,238.0,-198.0,238.0,100,265.02,267.0,1,2.38,0.0,SPY181121P00267000,267.0,0,0.0,0.0,,0.0,expirationDay
2018-11-23,238.0,-386.0,0.0,100,263.25,267.0,0,0.0,0.0,,0.0,1,3.1,3.21,SPY190329C00282000,282.0,normalDay
2018-11-26,238.0,-40.0,0.0,100,267.5,267.0,0,0.0,0.0,,0.0,1,3.1,4.0,SPY190329C00282000,282.0,normalDay
2018-11-27,238.0,28.0,0.0,100,268.4,267.0,0,0.0,0.0,,0.0,1,3.1,4.22,SPY190329C00282000,282.0,normalDay
2018-11-28,238.0,413.0,0.0,100,274.58,267.0,0,0.0,0.0,,0.0,1,3.1,6.55,SPY190329C00282000,282.0,normalDay
2018-11-29,238.0,357.0,0.0,100,273.98,267.0,0,0.0,0.0,,0.0,1,3.1,6.51,SPY190329C00282000,282.0,normalDay
2018-11-30,238.0,450.0,0.0,100,275.65,267.0,0,0.0,0.0,,0.0,1,3.1,7.25,SPY190329C00282000,282.0,normalDay
2018-12-03,238.0,724.0,0.0,100,279.3,267.0,0,0.0,0.0,,0.0,1,3.1,8.16,SPY190329C00282000,282.0,normalDay
2018-12-04,238.0,153.0,0.0,100,270.25,267.0,0,0.0,0.0,,0.0,1,3.1,4.82,SPY190329C00282000,282.0,normalDay
2018-12-06,238.0,120.0,0.0,100,269.84,267.0,0,0.0,0.0,,0.0,1,3.1,4.74,SPY190329C00282000,282.0,normalDay
2018-12-07,238.0,-347.0,0.0,100,263.57,267.0,0,0.0,0.0,,0.0,1,3.1,3.14,SPY190329C00282000,282.0,normalDay
2018-12-10,238.0,-295.0,0.0,100,264.07,267.0,0,0.0,0.0,,0.0,1,3.1,3.12,SPY190329C00282000,282.0,normalDay
2018-12-11,238.0,-285.0,0.0,100,264.13,267.0,0,0.0,0.0,,0.0,1,3.1,3.08,SPY190329C00282000,282.0,normalDay
2018-12-12,238.0,-173.0,0.0,100,265.46,267.0,0,0.0,0.0,,0.0,1,3.1,3.29,SPY190329C00282000,282.0,normalDay
2018-12-13,238.0,-173.0,0.0,100,265.37,267.0,0,0.0,0.0,,0.0,1,3.1,3.2,SPY190329C00282000,282.0,normalDay
2018-12-14,238.0,-573.0,0.0,100,260.47,267.0,0,0.0,0.0,,0.0,1,3.1,2.3,SPY190329C00282000,282.0,normalDay
2018-12-17,238.0,-1012.0,0.0,100,255.36,267.0,0,0.0,0.0,,0.0,1,3.1,1.58,SPY190329C00282000,282.0,normalDay
2018-12-18,238.0,-1033.0,0.0,100,255.08,267.0,0,0.0,0.0,,0.0,1,3.1,1.51,SPY190329C00282000,282.0,normalDay
2018-12-19,238.0,-1361.0,0.0,100,251.26,267.0,0,0.0,0.0,,0.0,1,3.1,0.97,SPY190329C00282000,282.0,normalDay
2018-12-20,238.0,-1760.0,0.0,100,247.17,267.0,0,0.0,0.0,,0.0,1,3.1,0.87,SPY190329C00282000,282.0,normalDay
2018-12-21,238.0,-2371.0,0.0,100,240.7,267.0,0,0.0,0.0,,0.0,1,3.1,0.51,SPY190329C00282000,282.0,normalDay
2018-12-24,238.0,-2990.0,0.0,100,234.34,267.0,0,0.0,0.0,,0.0,1,3.1,0.34,SPY190329C00282000,282.0,normalDay
2018-12-26,238.0,-1848.0,0.0,100,246.18,267.0,0,0.0,0.0,,0.0,1,3.1,0.76,SPY190329C00282000,282.0,normalDay
2018-12-27,238.0,-1684.0,0.0,100,248.07,267.0,0,0.0,0.0,,0.0,1,3.1,1.01,SPY190329C00282000,282.0,normalDay
2018-12-28,238.0,-1703.0,0.0,100,247.75,267.0,0,0.0,0.0,,0.0,1,3.1,0.88,SPY190329C00282000,282.0,normalDay
2018-12-31,238.0,-1473.0,0.0,100,249.92,267.0,0,0.0,0.0,,0.0,1,3.1,0.75,SPY190329C00282000,282.0,normalDay
2019-01-02,238.0,-1432.0,0.0,100,250.18,267.0,0,0.0,0.0,,0.0,1,3.1,0.6,SPY190329C00282000,282.0,normalDay
2019-01-03,238.0,-2003.0,0.0,100,244.21,267.0,0,0.0,0.0,,0.0,1,3.1,0.34,SPY190329C00282000,282.0,normalDay
2019-01-04,238.0,-1215.0,0.0,100,252.39,267.0,0,0.0,0.0,,0.0,1,3.1,0.64,SPY190329C00282000,282.0,normalDay
2019-01-07,238.0,-1020.0,0.0,100,254.38,267.0,0,0.0,0.0,,0.0,1,3.1,0.68,SPY190329C00282000,282.0,normalDay
2019-01-08,238.0,-791.0,0.0,100,256.77,267.0,0,0.0,0.0,,0.0,1,3.1,0.78,SPY190329C00282000,282.0,normalDay
2019-01-09,238.0,-668.0,0.0,100,257.97,267.0,0,0.0,0.0,,0.0,1,3.1,0.75,SPY190329C00282000,282.0,normalDay
2019-01-10,238.0,-580.0,0.0,100,258.88,267.0,0,0.0,0.0,,0.0,1,3.1,0.78,SPY190329C00282000,282.0,normalDay
2019-01-11,238.0,-553.0,0.0,100,258.98,267.0,0,0.0,0.0,,0.0,1,3.1,0.61,SPY190329C00282000,282.0,normalDay
2019-01-14,238.0,-693.0,0.0,100,257.4,267.0,0,0.0,0.0,,0.0,1,3.1,0.43,SPY190329C00282000,282.0,normalDay
2019-01-15,238.0,-407.0,0.0,100,260.35,267.0,0,0.0,0.0,,0.0,1,3.1,0.52,SPY190329C00282000,282.0,normalDay
2019-01-16,238.0,-351.0,0.0,100,260.98,267.0,0,0.0,0.0,,0.0,1,3.1,0.59,SPY190329C00282000,282.0,normalDay
2019-01-17,238.0,-170.0,0.0,100,262.96,267.0,0,0.0,0.0,,0.0,1,3.1,0.76,SPY190329C00282000,282.0,normalDay
2019-01-18,238.0,125.0,0.0,100,266.46,267.0,0,0.0,0.0,,0.0,1,3.1,1.31,SPY190329C00282000,282.0,normalDay
2019-01-22,238.0,-193.0,0.0,100,262.86,267.0,0,0.0,0.0,,0.0,1,3.1,0.89,SPY190329C00282000,282.0,normalDay
2019-01-23,238.0,-131.0,0.0,100,263.41,267.0,0,0.0,0.0,,0.0,1,3.1,0.82,SPY190329C00282000,282.0,normalDay
2019-01-24,238.0,-101.0,0.0,100,263.55,267.0,0,0.0,0.0,,0.0,1,3.1,0.66,SPY190329C00282000,282.0,normalDay
2019-01-25,238.0,93.0,0.0,100,265.78,267.0,0,0.0,0.0,,0.0,1,3.1,0.95,SPY190329C00282000,282.0,normalDay
2019-01-28,238.0,-83.0,0.0,100,263.76,267.0,0,0.0,0.0,,0.0,1,3.1,0.69,SPY190329C00282000,282.0,normalDay
2019-01-29,238.0,-113.0,0.0,100,263.41,267.0,0,0.0,0.0,,0.0,1,3.1,0.64,SPY190329C00282000,282.0,normalDay
2019-01-30,238.0,263.0,0.0,100,267.58,267.0,0,0.0,0.0,,0.0,1,3.1,1.05,SPY190329C00282000,282.0,normalDay
2019-01-31,238.0,459.0,0.0,100,269.93,267.0,0,0.0,0.0,,0.0,1,3.1,1.44,SPY190329C00282000,282.0,normalDay
2019-02-01,238.0,491.0,0.0,100,270.06,267.0,0,0.0,0.0,,0.0,1,3.1,1.25,SPY190329C00282000,282.0,normalDay
2019-02-04,238.0,661.0,0.0,100,271.96,267.0,0,0.0,0.0,,0.0,1,3.1,1.45,SPY190329C00282000,282.0,normalDay
2019-02-05,238.0,754.0,0.0,100,273.1,267.0,0,0.0,0.0,,0.0,1,3.1,1.66,SPY190329C00282000,282.0,normalDay
2019-02-06,238.0,738.0,0.0,100,272.74,267.0,0,0.0,0.0,,0.0,1,3.1,1.46,SPY190329C00282000,282.0,normalDay
2019-02-07,238.0,528.0,0.0,100,270.14,267.0,0,0.0,0.0,,0.0,1,3.1,0.96,SPY190329C00282000,282.0,normalDay
2019-02-08,238.0,573.0,0.0,100,270.47,267.0,0,0.0,0.0,,0.0,1,3.1,0.84,SPY190329C00282000,282.0,normalDay
2019-02-11,238.0,589.0,0.0,100,270.62,267.0,0,0.0,0.0,,0.0,1,3.1,0.83,SPY190329C00282000,282.0,normalDay
2019-02-12,238.0,858.0,0.0,100,274.1,267.0,0,0.0,0.0,,0.0,1,3.1,1.62,SPY190329C00282000,282.0,normalDay
2019-02-13,238.0,930.0,0.0,100,274.99,267.0,0,0.0,0.0,,0.0,1,3.1,1.79,SPY190329C00282000,282.0,normalDay
2019-02-14,238.0,886.0,0.0,100,274.38,267.0,0,0.0,0.0,,0.0,1,3.1,1.62,SPY190329C00282000,282.0,normalDay
2019-02-15,238.0,1112.0,0.0,100,277.37,267.0,0,0.0,0.0,,0.0,1,3.1,2.35,SPY190329C00282000,282.0,normalDay
2019-02-19,238.0,1177.0,0.0,100,277.85,267.0,0,0.0,0.0,,0.0,1,3.1,2.18,SPY190329C00282000,282.0,normalDay
2019-02-20,238.0,1226.0,0.0,100,278.41,267.0,0,0.0,0.0,,0.0,1,3.1,2.25,SPY190329C00282000,282.0,normalDay
2019-02-21,238.0,1167.0,0.0,100,277.42,267.0,0,0.0,0.0,,0.0,1,3.1,1.85,SPY190329C00282000,282.0,normalDay
2019-02-22,238.0,1295.0,0.0,100,279.14,267.0,0,0.0,0.0,,0.0,1,3.1,2.29,SPY190329C00282000,282.0,normalDay
2019-02-25,238.0,1312.0,0.0,100,279.52,267.0,0,0.0,0.0,,0.0,1,3.1,2.5,SPY190329C00282000,282.0,normalDay
2019-02-26,238.0,1309.0,0.0,100,279.32,267.0,0,0.0,0.0,,0.0,1,3.1,2.33,SPY190329C00282000,282.0,normalDay
2019-02-27,238.0,1313.0,0.0,100,279.2,267.0,0,0.0,0.0,,0.0,1,3.1,2.17,SPY190329C00282000,282.0,normalDay
2019-02-28,238.0,1302.0,0.0,100,278.68,267.0,0,0.0,0.0,,0.0,1,3.1,1.76,SPY190329C00282000,282.0,normalDay
2019-03-01,238.0,1435.0,0.0,100,280.42,267.0,0,0.0,0.0,,0.0,1,3.1,2.17,SPY190329C00282000,282.0,normalDay
2019-03-04,238.0,1384.0,0.0,100,279.4,267.0,0,0.0,0.0,,0.0,1,3.1,1.66,SPY190329C00282000,282.0,normalDay
2019-03-05,238.0,1360.0,0.0,100,279.02,267.0,0,0.0,0.0,,0.0,1,3.1,1.52,SPY190329C00282000,282.0,normalDay
2019-03-06,238.0,1236.0,0.0,100,277.33,267.0,0,0.0,0.0,,0.0,1,3.1,1.07,SPY190329C00282000,282.0,normalDay
2019-03-07,238.0,1050.0,0.0,100,275.01,267.0,0,0.0,0.0,,0.0,1,3.1,0.61,SPY190329C00282000,282.0,normalDay
2019-03-08,238.0,1015.0,0.0,100,274.46,267.0,0,0.0,0.0,,0.0,1,3.1,0.41,SPY190329C00282000,282.0,normalDay
2019-03-11,238.0,1363.0,0.0,100,278.44,267.0,0,0.0,0.0,,0.0,1,3.1,0.91,SPY190329C00282000,282.0,normalDay
2019-03-12,238.0,1455.0,0.0,100,279.49,267.0,0,0.0,0.0,,0.0,1,3.1,1.04,SPY190329C00282000,282.0,normalDay
2019-03-13,238.0,1559.0,0.0,100,281.34,267.0,0,0.0,0.0,,0.0,1,3.1,1.85,SPY190329C00282000,282.0,normalDay
2019-03-14,238.0,1571.0,0.0,100,281.16,267.0,0,0.0,0.0,,0.0,1,3.1,1.55,SPY190329C00282000,282.0,normalDay
2019-03-15,238.0,1540.0,0.0,100,281.31,267.0,0,0.0,0.0,,0.0,1,3.1,2.01,SPY190329C00282000,282.0,normalDay
2019-03-18,238.0,1577.0,0.0,100,282.33,267.0,0,0.0,0.0,,0.0,1,3.1,2.66,SPY190329C00282000,282.0,normalDay
2019-03-19,238.0,1599.0,0.0,100,282.4,267.0,0,0.0,0.0,,0.0,1,3.1,2.51,SPY190329C00282000,282.0,normalDay
2019-03-20,238.0,1578.0,0.0,100,281.55,267.0,0,0.0,0.0,,0.0,1,3.1,1.87,SPY190329C00282000,282.0,normalDay
2019-03-21,238.0,1700.0,0.0,100,284.73,267.0,0,0.0,0.0,,0.0,1,3.1,3.83,SPY190329C00282000,282.0,normalDay
2019-03-22,238.0,1388.0,0.0,100,279.25,267.0,0,0.0,0.0,,0.0,1,3.1,1.47,SPY190329C00282000,282.0,normalDay
2019-03-25,238.0,1438.0,0.0,100,279.04,267.0,0,0.0,0.0,,0.0,1,3.1,0.76,SPY190329C00282000,282.0,normalDay
2019-03-26,238.0,1617.0,0.0,100,281.12,267.0,0,0.0,0.0,,0.0,1,3.1,1.05,SPY190329C00282000,282.0,normalDay
2019-03-27,238.0,1528.0,0.0,100,279.65,267.0,0,0.0,0.0,,0.0,1,3.1,0.47,SPY190329C00282000,282.0,normalDay
2019-03-28,238.0,1641.0,0.0,100,280.71,267.0,0,0.0,0.0,,0.0,1,3.1,0.4,SPY190329C00282000,282.0,normalDay
2019-03-29,2048.0,1641.0,1810.0,0,282.48,0.0,0,0.0,0.0,,0.0,1,3.1,0.0,SPY190329C00282000,282.0,expirationDay
2019-04-01,2048.0,-4.0,0.0,0,285.83,0.0,1,0.76,0.8,SPY190422P00277000,277.0,0,0.0,0.0,,0.0,normalDay
2019-04-02,2048.0,7.0,0.0,0,285.97,0.0,1,0.76,0.69,SPY190422P00277000,277.0,0,0.0,0.0,,0.0,normalDay
2019-04-03,2048.0,13.0,0.0,0,286.42,0.0,1,0.76,0.63,SPY190422P00277000,277.0,0,0.0,0.0,,0.0,normalDay
2019-04-04,2048.0,27.0,0.0,0,287.18,0.0,1,0.76,0.49,SPY190422P00277000,277.0,0,0.0,0.0,,0.0,normalDay
2019-04-05,2048.0,47.0,0.0,0,288.57,0.0,1,0.76,0.29,SPY190422P00277000,277.0,0,0.0,0.0,,0.0,normalDay
2019-04-08,2048.0,52.0,0.0,0,288.79,0.0,1,0.76,0.24,SPY190422P00277000,277.0,0,0.0,0.0,,0.0,normalDay
2019-04-09,2048.0,41.0,0.0,0,287.31,0.0,1,0.76,0.35,SPY190422P00277000,277.0,0,0.0,0.0,,0.0,normalDay
2019-04-10,2048.0,58.0,0.0,0,288.29,0.0,1,0.76,0.18,SPY190422P00277000,277.0,0,0.0,0.0,,0.0,normalDay
2019-04-11,2048.0,62.0,0.0,0,288.21,0.0,1,0.76,0.14,SPY190422P00277000,277.0,0,0.0,0.0,,0.0,normalDay
2019-04-12,2048.0,70.0,0.0,0,290.16,0.0,1,0.76,0.06,SPY190422P00277000,277.0,0,0.0,0.0,,0.0,normalDay
2019-04-15,2048.0,71.0,0.0,0,289.97,0.0,1,0.76,0.05,SPY190422P00277000,277.0,0,0.0,0.0,,0.0,normalDay
2019-04-16,2048.0,72.0,0.0,0,290.16,0.0,1,0.76,0.04,SPY190422P00277000,277.0,0,0.0,0.0,,0.0,normalDay
2019-04-17,2048.0,72.0,0.0,0,289.45,0.0,1,0.76,0.04,SPY190422P00277000,277.0,0,0.0,0.0,,0.0,normalDay
2019-04-18,2048.0,75.0,0.0,0,290.02,0.0,1,0.76,0.01,SPY190422P00277000,277.0,0,0.0,0.0,,0.0,normalDay
2019-04-22,2124.0,0.0,76.0,0,290.27,0.0,1,0.76,0.0,SPY190422P00277000,277.0,0,0.0,0.0,,0.0,expirationDay
2019-04-23,2124.0,-4.0,0.0,0,292.88,0.0,1,0.6,0.64,SPY190513P00283000,283.0,0,0.0,0.0,,0.0,normalDay
2019-04-24,2124.0,-13.0,0.0,0,292.23,0.0,1,0.6,0.73,SPY190513P00283000,283.0,0,0.0,0.0,,0.0,normalDay
2019-04-25,2124.0,-10.0,0.0,0,292.05,0.0,1,0.6,0.7,SPY190513P00283000,283.0,0,0.0,0.0,,0.0,normalDay
2019-04-26,2124.0,8.0,0.0,0,293.41,0.0,1,0.6,0.52,SPY190513P00283000,283.0,0,0.0,0.0,,0.0,normalDay
2019-04-29,2124.0,18.0,0.0,0,293.87,0.0,1,0.6,0.42,SPY190513P00283000,283.0,0,0.0,0.0,,0.0,normalDay
2019-04-30,2124.0,22.0,0.0,0,294.02,0.0,1,0.6,0.38,SPY190513P00283000,283.0,0,0.0,0.0,,0.0,normalDay
2019-05-01,2124.0,-2.0,0.0,0,291.81,0.0,1,0.6,0.62,SPY190513P00283000,283.0,0,0.0,0.0,,0.0,normalDay
2019-05-02,2124.0,4.0,0.0,0,291.18,0.0,1,0.6,0.56,SPY190513P00283000,283.0,0,0.0,0.0,,0.0,normalDay
2019-05-03,2124.0,42.0,0.0,0,294.03,0.0,1,0.6,0.18,SPY190513P00283000,283.0,0,0.0,0.0,,0.0,normalDay
2019-05-06,2124.0,25.0,0.0,0,292.82,0.0,1,0.6,0.35,SPY190513P00283000,283.0,0,0.0,0.0,,0.0,normalDay
2019-05-07,2124.0,-78.0,0.0,0,287.93,0.0,1,0.6,1.38,SPY190513P00283000,283.0,0,0.0,0.0,,0.0,normalDay
2019-05-08,2124.0,-71.0,0.0,0,287.53,0.0,1,0.6,1.31,SPY190513P00283000,283.0,0,0.0,0.0,,0.0,normalDay
2019-05-09,2124.0,-95.0,0.0,0,286.66,0.0,1,0.6,1.55,SPY190513P00283000,283.0,0,0.0,0.0,,0.0,normalDay
2019-05-10,2124.0,27.0,0.0,0,288.1,0.0,1,0.6,0.33,SPY190513P00283000,283.0,0,0.0,0.0,,0.0,normalDay
2019-05-13,2184.0,-214.0,60.0,100,280.86,283.0,1,0.6,0.0,SPY190513P00283000,283.0,0,0.0,0.0,,0.0,expirationDay
2019-05-14,2184.0,31.0,0.0,100,283.4,283.0,0,0.0,0.0,,0.0,1,3.48,3.57,SPY190930C00298000,298.0,normalDay
2019-05-15,2184.0,163.0,0.0,100,285.06,283.0,0,0.0,0.0,,0.0,1,3.48,3.91,SPY190930C00298000,298.0,normalDay
2019-05-16,2184.0,358.0,0.0,100,287.7,283.0,0,0.0,0.0,,0.0,1,3.48,4.6,SPY190930C00298000,298.0,normalDay
2019-05-17,2184.0,235.0,0.0,100,285.84,283.0,0,0.0,0.0,,0.0,1,3.48,3.97,SPY190930C00298000,298.0,normalDay
2019-05-20,2184.0,106.0,0.0,100,283.95,283.0,0,0.0,0.0,,0.0,1,3.48,3.37,SPY190930C00298000,298.0,normalDay
2019-05-21,2184.0,310.0,0.0,100,286.51,283.0,0,0.0,0.0,,0.0,1,3.48,3.89,SPY190930C00298000,298.0,normalDay
2019-05-22,2184.0,264.0,0.0,100,285.63,283.0,0,0.0,0.0,,0.0,1,3.48,3.47,SPY190930C00298000,298.0,normalDay
2019-05-23,2184.0,-11.0,0.0,100,282.14,283.0,0,0.0,0.0,,0.0,1,3.48,2.73,SPY190930C00298000,298.0,normalDay
2019-05-24,2184.0,41.0,0.0,100,282.78,283.0,0,0.0,0.0,,0.0,1,3.48,2.85,SPY190930C00298000,298.0,normalDay
2019-05-28,2184.0,-170.0,0.0,100,280.15,283.0,0,0.0,0.0,,0.0,1,3.48,2.33,SPY190930C00298000,298.0,normalDay
2019-05-29,2184.0,-318.0,0.0,100,278.27,283.0,0,0.0,0.0,,0.0,1,3.48,1.93,SPY190930C00298000,298.0,normalDay
2019-05-30,2184.0,-256.0,0.0,100,279.03,283.0,0,0.0,0.0,,0.0,1,3.48,2.07,SPY190930C00298000,298.0,normalDay
2019-05-31,2184.0,-580.0,0.0,100,275.27,283.0,0,0.0,0.0,,0.0,1,3.48,1.55,SPY190930C00298000,298.0,normalDay
2019-06-03,2184.0,-634.0,0.0,100,274.57,283.0,0,0.0,0.0,,0.0,1,3.48,1.39,SPY190930C00298000,298.0,normalDay
2019-06-04,2184.0,-113.0,0.0,100,280.53,283.0,0,0.0,0.0,,0.0,1,3.48,2.14,SPY190930C00298000,298.0,normalDay
2019-06-05,2184.0,81.0,0.0,100,282.96,283.0,0,0.0,0.0,,0.0,1,3.48,2.63,SPY190930C00298000,298.0,normalDay
2019-06-06,2184.0,228.0,0.0,100,284.8,283.0,0,0.0,0.0,,0.0,1,3.48,3.0,SPY190930C00298000,298.0,normalDay
2019-06-07,2184.0,410.0,0.0,100,287.65,283.0,0,0.0,0.0,,0.0,1,3.48,4.03,SPY190930C00298000,298.0,normalDay
2019-06-10,2184.0,503.0,0.0,100,288.97,283.0,0,0.0,0.0,,0.0,1,3.48,4.42,SPY190930C00298000,298.0,normalDay
2019-06-11,2184.0,503.0,0.0,100,288.9,283.0,0,0.0,0.0,,0.0,1,3.48,4.35,SPY190930C00298000,298.0,normalDay
2019-06-12,2184.0,478.0,0.0,100,288.39,283.0,0,0.0,0.0,,0.0,1,3.48,4.09,SPY190930C00298000,298.0,normalDay
2019-06-13,2184.0,554.0,0.0,100,289.58,283.0,0,0.0,0.0,,0.0,1,3.48,4.52,SPY190930C00298000,298.0,normalDay
2019-06-14,2184.0,540.0,0.0,100,289.26,283.0,0,0.0,0.0,,0.0,1,3.48,4.34,SPY190930C00298000,298.0,normalDay
2019-06-17,2184.0,562.0,0.0,100,289.37,283.0,0,0.0,0.0,,0.0,1,3.48,4.23,SPY190930C00298000,298.0,normalDay
2019-06-18,2184.0,734.0,0.0,100,292.4,283.0,0,0.0,0.0,,0.0,1,3.48,5.54,SPY190930C00298000,298.0,normalDay
2019-06-19,2184.0,788.0,0.0,100,293.06,283.0,0,0.0,0.0,,0.0,1,3.48,5.66,SPY190930C00298000,298.0,normalDay
2019-06-20,2184.0,928.0,0.0,100,295.86,283.0,0,0.0,0.0,,0.0,1,3.48,7.06,SPY190930C00298000,298.0,normalDay
2019-06-21,2184.0,741.0,0.0,100,294.0,283.0,0,0.0,0.0,,0.0,1,3.48,7.07,SPY190930C00298000,298.0,normalDay
2019-06-24,2184.0,749.0,0.0,100,293.64,283.0,0,0.0,0.0,,0.0,1,3.48,6.63,SPY190930C00298000,298.0,normalDay
2019-06-25,2184.0,585.0,0.0,100,290.76,283.0,0,0.0,0.0,,0.0,1,3.48,5.39,SPY190930C00298000,298.0,normalDay
2019-06-26,2184.0,591.0,0.0,100,290.47,283.0,0,0.0,0.0,,0.0,1,3.48,5.04,SPY190930C00298000,298.0,normalDay
2019-06-27,2184.0,649.0,0.0,100,291.5,283.0,0,0.0,0.0,,0.0,1,3.48,5.49,SPY190930C00298000,298.0,normalDay
2019-06-28,2184.0,727.0,0.0,100,293.0,283.0,0,0.0,0.0,,0.0,1,3.48,6.21,SPY190930C00298000,298.0,normalDay
2019-07-01,2184.0,949.0,0.0,100,295.66,283.0,0,0.0,0.0,,0.0,1,3.48,6.65,SPY190930C00298000,298.0,normalDay
2019-07-02,2184.0,1021.0,0.0,100,296.43,283.0,0,0.0,0.0,,0.0,1,3.48,6.7,SPY190930C00298000,298.0,normalDay
2019-07-03,2184.0,1116.0,0.0,100,298.8,283.0,0,0.0,0.0,,0.0,1,3.48,8.12,SPY190930C00298000,298.0,normalDay
2019-07-05,2184.0,1135.0,0.0,100,298.46,283.0,0,0.0,0.0,,0.0,1,3.48,7.59,SPY190930C00298000,298.0,normalDay
2019-07-08,2184.0,1032.0,0.0,100,296.82,283.0,0,0.0,0.0,,0.0,1,3.48,6.98,SPY190930C00298000,298.0,normalDay
2019-07-09,2184.0,1054.0,0.0,100,297.19,283.0,0,0.0,0.0,,0.0,1,3.48,7.13,SPY190930C00298000,298.0,normalDay
2019-07-10,2184.0,1124.0,0.0,100,298.61,283.0,0,0.0,0.0,,0.0,1,3.48,7.85,SPY190930C00298000,298.0,normalDay
2019-07-11,2184.0,1165.0,0.0,100,299.31,283.0,0,0.0,0.0,,0.0,1,3.48,8.14,SPY190930C00298000,298.0,normalDay
2019-07-12,2184.0,1232.0,0.0,100,300.65,283.0,0,0.0,0.0,,0.0,1,3.48,8.81,SPY190930C00298000,298.0,normalDay
2019-07-15,2184.0,1244.0,0.0,100,300.75,283.0,0,0.0,0.0,,0.0,1,3.48,8.79,SPY190930C00298000,298.0,normalDay
2019-07-16,2184.0,1212.0,0.0,100,299.78,283.0,0,0.0,0.0,,0.0,1,3.48,8.14,SPY190930C00298000,298.0,normalDay
2019-07-17,2184.0,1123.0,0.0,100,297.74,283.0,0,0.0,0.0,,0.0,1,3.48,6.99,SPY190930C00298000,298.0,normalDay
2019-07-18,2184.0,1177.0,0.0,100,298.83,283.0,0,0.0,0.0,,0.0,1,3.48,7.54,SPY190930C00298000,298.0,normalDay
2019-07-19,2184.0,1113.0,0.0,100,297.17,283.0,0,0.0,0.0,,0.0,1,3.48,6.52,SPY190930C00298000,298.0,normalDay
2019-07-22,2184.0,1178.0,0.0,100,297.9,283.0,0,0.0,0.0,,0.0,1,3.48,6.6,SPY190930C00298000,298.0,normalDay
2019-07-23,2184.0,1286.0,0.0,100,300.03,283.0,0,0.0,0.0,,0.0,1,3.48,7.65,SPY190930C00298000,298.0,normalDay
2019-07-24,2184.0,1341.0,0.0,100,301.44,283.0,0,0.0,0.0,,0.0,1,3.48,8.51,SPY190930C00298000,298.0,normalDay
2019-07-25,2184.0,1282.0,0.0,100,300.0,283.0,0,0.0,0.0,,0.0,1,3.48,7.66,SPY190930C00298000,298.0,normalDay
2019-07-26,2184.0,1372.0,0.0,100,302.01,283.0,0,0.0,0.0,,0.0,1,3.48,8.77,SPY190930C00298000,298.0,normalDay
2019-07-29,2184.0,1345.0,0.0,100,301.46,283.0,0,0.0,0.0,,0.0,1,3.48,8.49,SPY190930C00298000,298.0,normalDay
2019-07-30,2184.0,1315.0,0.0,100,300.72,283.0,0,0.0,0.0,,0.0,1,3.48,8.05,SPY190930C00298000,298.0,normalDay
2019-07-31,2184.0,1160.0,0.0,100,297.43,283.0,0,0.0,0.0,,0.0,1,3.48,6.31,SPY190930C00298000,298.0,normalDay
2019-08-01,2184.0,978.0,0.0,100,294.84,283.0,0,0.0,0.0,,0.0,1,3.48,5.54,SPY190930C00298000,298.0,normalDay
2019-08-02,2184.0,874.0,0.0,100,292.62,283.0,0,0.0,0.0,,0.0,1,3.48,4.36,SPY190930C00298000,298.0,normalDay
2019-08-05,2184.0,226.0,0.0,100,283.82,283.0,0,0.0,0.0,,0.0,1,3.48,2.04,SPY190930C00298000,298.0,normalDay
2019-08-06,2184.0,583.0,0.0,100,287.8,283.0,0,0.0,0.0,,0.0,1,3.48,2.45,SPY190930C00298000,298.0,normalDay
2019-08-07,2184.0,612.0,0.0,100,287.97,283.0,0,0.0,0.0,,0.0,1,3.48,2.33,SPY190930C00298000,298.0,normalDay
2019-08-08,2184.0,1006.0,0.0,100,293.62,283.0,0,0.0,0.0,,0.0,1,3.48,4.04,SPY190930C00298000,298.0,normalDay
2019-08-09,2184.0,870.0,0.0,100,291.62,283.0,0,0.0,0.0,,0.0,1,3.48,3.4,SPY190930C00298000,298.0,normalDay
2019-08-12,2184.0,610.0,0.0,100,288.07,283.0,0,0.0,0.0,,0.0,1,3.48,2.45,SPY190930C00298000,298.0,normalDay
2019-08-13,2184.0,953.0,0.0,100,292.55,283.0,0,0.0,0.0,,0.0,1,3.48,3.5,SPY190930C00298000,298.0,normalDay
2019-08-14,2184.0,279.0,0.0,100,283.9,283.0,0,0.0,0.0,,0.0,1,3.48,1.59,SPY190930C00298000,298.0,normalDay
2019-08-15,2184.0,357.0,0.0,100,284.65,283.0,0,0.0,0.0,,0.0,1,3.48,1.56,SPY190930C00298000,298.0,normalDay
2019-08-16,2184.0,729.0,0.0,100,288.85,283.0,0,0.0,0.0,,0.0,1,3.48,2.04,SPY190930C00298000,298.0,normalDay
2019-08-19,2184.0,1020.0,0.0,100,292.33,283.0,0,0.0,0.0,,0.0,1,3.48,2.61,SPY190930C00298000,298.0,normalDay
2019-08-20,2184.0,872.0,0.0,100,290.09,283.0,0,0.0,0.0,,0.0,1,3.48,1.85,SPY190930C00298000,298.0,normalDay
2019-08-21,2184.0,1044.0,0.0,100,292.45,283.0,0,0.0,0.0,,0.0,1,3.48,2.49,SPY190930C00298000,298.0,normalDay
2019-08-22,2184.0,1047.0,0.0,100,292.36,283.0,0,0.0,0.0,,0.0,1,3.48,2.37,SPY190930C00298000,298.0,normalDay
2019-08-23,2184.0,436.0,0.0,100,284.85,283.0,0,0.0,0.0,,0.0,1,3.48,0.97,SPY190930C00298000,298.0,normalDay
2019-08-26,2184.0,718.0,0.0,100,288.0,283.0,0,0.0,0.0,,0.0,1,3.48,1.3,SPY190930C00298000,298.0,normalDay
2019-08-27,2184.0,629.0,0.0,100,286.87,283.0,0,0.0,0.0,,0.0,1,3.48,1.06,SPY190930C00298000,298.0,normalDay
2019-08-28,2184.0,802.0,0.0,100,288.89,283.0,0,0.0,0.0,,0.0,1,3.48,1.35,SPY190930C00298000,298.0,normalDay
2019-08-29,2184.0,1094.0,0.0,100,292.58,283.0,0,0.0,0.0,,0.0,1,3.48,2.12,SPY190930C00298000,298.0,normalDay
2019-08-30,2184.0,1083.0,0.0,100,292.45,283.0,0,0.0,0.0,,0.0,1,3.48,2.1,SPY190930C00298000,298.0,normalDay
2019-09-03,2184.0,991.0,0.0,100,290.74,283.0,0,0.0,0.0,,0.0,1,3.48,1.31,SPY190930C00298000,298.0,normalDay
2019-09-04,2184.0,1256.0,0.0,100,294.04,283.0,0,0.0,0.0,,0.0,1,3.48,1.96,SPY190930C00298000,298.0,normalDay
2019-09-05,2184.0,1507.0,0.0,100,297.82,283.0,0,0.0,0.0,,0.0,1,3.48,3.23,SPY190930C00298000,298.0,normalDay
2019-09-06,2184.0,1528.0,0.0,100,298.05,283.0,0,0.0,0.0,,0.0,1,3.48,3.25,SPY190930C00298000,298.0,normalDay
2019-09-09,2184.0,1574.0,0.0,100,298.2,283.0,0,0.0,0.0,,0.0,1,3.48,2.94,SPY190930C00298000,298.0,normalDay
2019-09-10,2184.0,1582.0,0.0,100,298.13,283.0,0,0.0,0.0,,0.0,1,3.48,2.79,SPY190930C00298000,298.0,normalDay
2019-09-11,2184.0,1657.0,0.0,100,300.25,283.0,0,0.0,0.0,,0.0,1,3.48,4.16,SPY190930C00298000,298.0,normalDay
2019-09-12,2184.0,1692.0,0.0,100,301.29,283.0,0,0.0,0.0,,0.0,1,3.48,4.85,SPY190930C00298000,298.0,normalDay
2019-09-13,2184.0,1718.0,0.0,100,301.09,283.0,0,0.0,0.0,,0.0,1,3.48,4.39,SPY190930C00298000,298.0,normalDay
2019-09-16,2184.0,1689.0,0.0,100,300.16,283.0,0,0.0,0.0,,0.0,1,3.48,3.75,SPY190930C00298000,298.0,normalDay
2019-09-17,2184.0,1744.0,0.0,100,300.92,283.0,0,0.0,0.0,,0.0,1,3.48,3.96,SPY190930C00298000,298.0,normalDay
2019-09-18,2184.0,1757.0,0.0,100,301.1,283.0,0,0.0,0.0,,0.0,1,3.48,4.01,SPY190930C00298000,298.0,normalDay
2019-09-19,2184.0,1821.0,0.0,100,301.08,283.0,0,0.0,0.0,,0.0,1,3.48,3.35,SPY190930C00298000,298.0,normalDay
2019-09-20,2184.0,1631.0,0.0,100,298.28,283.0,0,0.0,0.0,,0.0,1,3.48,2.45,SPY190930C00298000,298.0,normalDay
2019-09-23,2184.0,1662.0,0.0,100,298.21,283.0,0,0.0,0.0,,0.0,1,3.48,2.07,SPY190930C00298000,298.0,normalDay
2019-09-24,2184.0,1516.0,0.0,100,295.87,283.0,0,0.0,0.0,,0.0,1,3.48,1.19,SPY190930C00298000,298.0,normalDay
2019-09-25,2184.0,1674.0,0.0,100,297.62,283.0,0,0.0,0.0,,0.0,1,3.48,1.36,SPY190930C00298000,298.0,normalDay
2019-09-26,2184.0,1658.0,0.0,100,297.0,283.0,0,0.0,0.0,,0.0,1,3.48,0.9,SPY190930C00298000,298.0,normalDay
2019-09-27,2184.0,1564.0,0.0,100,295.4,283.0,0,0.0,0.0,,0.0,1,3.48,0.24,SPY190930C00298000,298.0,normalDay
2019-09-30,2532.0,1377.0,348.0,100,296.77,283.0,0,0.0,0.0,,0.0,1,3.48,0.0,SPY190930C00298000,298.0,expirationDay
2019-10-01,2532.0,1016.0,0.0,100,293.24,283.0,0,0.0,0.0,,0.0,1,7.18,7.26,SPY200221C00303000,303.0,normalDay
2019-10-02,2532.0,698.0,0.0,100,288.06,283.0,0,0.0,0.0,,0.0,1,7.18,5.26,SPY200221C00303000,303.0,normalDay
2019-10-03,2532.0,854.0,0.0,100,290.42,283.0,0,0.0,0.0,,0.0,1,7.18,6.06,SPY200221C00303000,303.0,normalDay
2019-10-04,2532.0,1130.0,0.0,100,294.35,283.0,0,0.0,0.0,,0.0,1,7.18,7.23,SPY200221C00303000,303.0,normalDay
2019-10-07,2532.0,1073.0,0.0,100,293.08,283.0,0,0.0,0.0,,0.0,1,7.18,6.53,SPY200221C00303000,303.0,normalDay
2019-10-08,2532.0,755.0,0.0,100,288.53,283.0,0,0.0,0.0,,0.0,1,7.18,5.16,SPY200221C00303000,303.0,normalDay
2019-10-09,2532.0,961.0,0.0,100,291.27,283.0,0,0.0,0.0,,0.0,1,7.18,5.84,SPY200221C00303000,303.0,normalDay
2019-10-10,2532.0,1080.0,0.0,100,293.24,283.0,0,0.0,0.0,,0.0,1,7.18,6.62,SPY200221C00303000,303.0,normalDay
2019-10-11,2532.0,1285.0,0.0,100,296.28,283.0,0,0.0,0.0,,0.0,1,7.18,7.61,SPY200221C00303000,303.0,normalDay
2019-10-14,2532.0,1326.0,0.0,100,295.95,283.0,0,0.0,0.0,,0.0,1,7.18,6.87,SPY200221C00303000,303.0,normalDay
2019-10-15,2532.0,1492.0,0.0,100,298.88,283.0,0,0.0,0.0,,0.0,1,7.18,8.14,SPY200221C00303000,303.0,normalDay
2019-10-16,2532.0,1479.0,0.0,100,298.4,283.0,0,0.0,0.0,,0.0,1,7.18,7.79,SPY200221C00303000,303.0,normalDay
2019-10-17,2532.0,1537.0,0.0,100,299.28,283.0,0,0.0,0.0,,0.0,1,7.18,8.09,SPY200221C00303000,303.0,normalDay
2019-10-18,2532.0,1455.0,0.0,100,297.97,283.0,0,0.0,0.0,,0.0,1,7.18,7.6,SPY200221C00303000,303.0,normalDay
2019-10-21,2532.0,1587.0,0.0,100,299.99,283.0,0,0.0,0.0,,0.0,1,7.18,8.3,SPY200221C00303000,303.0,normalDay
2019-10-22,2532.0,1546.0,0.0,100,299.01,283.0,0,0.0,0.0,,0.0,1,7.18,7.73,SPY200221C00303000,303.0,normalDay
2019-10-23,2532.0,1587.0,0.0,100,299.88,283.0,0,0.0,0.0,,0.0,1,7.18,8.19,SPY200221C00303000,303.0,normalDay
2019-10-24,2532.0,1638.0,0.0,100,300.37,283.0,0,0.0,0.0,,0.0,1,7.18,8.17,SPY200221C00303000,303.0,normalDay
2019-10-25,2532.0,1712.0,0.0,100,301.6,283.0,0,0.0,0.0,,0.0,1,7.18,8.66,SPY200221C00303000,303.0,normalDay
2019-10-28,2532.0,1782.0,0.0,100,303.3,283.0,0,0.0,0.0,,0.0,1,7.18,9.66,SPY200221C00303000,303.0,normalDay
2019-10-29,2532.0,1781.0,0.0,100,303.21,283.0,0,0.0,0.0,,0.0,1,7.18,9.58,SPY200221C00303000,303.0,normalDay
2019-10-30,2532.0,1817.0,0.0,100,304.14,283.0,0,0.0,0.0,,0.0,1,7.18,10.15,SPY200221C00303000,303.0,normalDay
2019-10-31,2532.0,1800.0,0.0,100,303.33,283.0,0,0.0,0.0,,0.0,1,7.18,9.51,SPY200221C00303000,303.0,normalDay
2019-11-01,2532.0,1931.0,0.0,100,306.14,283.0,0,0.0,0.0,,0.0,1,7.18,11.01,SPY200221C00303000,303.0,normalDay
2019-11-04,2532.0,1976.0,0.0,100,307.37,283.0,0,0.0,0.0,,0.0,1,7.18,11.79,SPY200221C00303000,303.0,normalDay
2019-11-05,2532.0,1954.0,0.0,100,307.03,283.0,0,0.0,0.0,,0.0,1,7.18,11.67,SPY200221C00303000,303.0,normalDay
2019-11-06,2532.0,1949.0,0.0,100,307.1,283.0,0,0.0,0.0,,0.0,1,7.18,11.79,SPY200221C00303000,303.0,normalDay
2019-11-07,2532.0,1991.0,0.0,100,308.18,283.0,0,0.0,0.0,,0.0,1,7.18,12.45,SPY200221C00303000,303.0,normalDay
2019-11-08,2532.0,2029.0,0.0,100,308.94,283.0,0,0.0,0.0,,0.0,1,7.18,12.83,SPY200221C00303000,303.0,normalDay
2019-11-11,2532.0,2011.0,0.0,100,308.35,283.0,0,0.0,0.0,,0.0,1,7.18,12.42,SPY200221C00303000,303.0,normalDay
2019-11-12,2532.0,2063.0,0.0,100,309.0,283.0,0,0.0,0.0,,0.0,1,7.18,12.55,SPY200221C00303000,303.0,normalDay
2019-11-13,2532.0,2048.0,0.0,100,309.1,283.0,0,0.0,0.0,,0.0,1,7.18,12.8,SPY200221C00303000,303.0,normalDay
2019-11-14,2532.0,2068.0,0.0,100,309.55,283.0,0,0.0,0.0,,0.0,1,7.18,13.05,SPY200221C00303000,303.0,normalDay
2019-11-15,2532.0,2171.0,0.0,100,311.79,283.0,0,0.0,0.0,,0.0,1,7.18,14.26,SPY200221C00303000,303.0,normalDay
2019-11-18,2532.0,2181.0,0.0,100,312.02,283.0,0,0.0,0.0,,0.0,1,7.18,14.39,SPY200221C00303000,303.0,normalDay
2019-11-19,2532.0,2183.0,0.0,100,311.93,283.0,0,0.0,0.0,,0.0,1,7.18,14.28,SPY200221C00303000,303.0,normalDay
2019-11-20,2532.0,2144.0,0.0,100,310.77,283.0,0,0.0,0.0,,0.0,1,7.18,13.51,SPY200221C00303000,303.0,normalDay
2019-11-21,2532.0,2117.0,0.0,100,310.27,283.0,0,0.0,0.0,,0.0,1,7.18,13.28,SPY200221C00303000,303.0,normalDay
2019-11-22,2532.0,2152.0,0.0,100,310.96,283.0,0,0.0,0.0,,0.0,1,7.18,13.62,SPY200221C00303000,303.0,normalDay
2019-11-25,2532.0,2272.0,0.0,100,313.37,283.0,0,0.0,0.0,,0.0,1,7.18,14.83,SPY200221C00303000,303.0,normalDay
2019-11-26,2532.0,2276.0,0.0,100,314.08,283.0,0,0.0,0.0,,0.0,1,7.18,15.5,SPY200221C00303000,303.0,normalDay
2019-11-27,2532.0,2315.0,0.0,100,315.48,283.0,0,0.0,0.0,,0.0,1,7.18,16.51,SPY200221C00303000,303.0,normalDay
2019-11-29,2532.0,2260.0,0.0,100,314.31,283.0,0,0.0,0.0,,0.0,1,7.18,15.89,SPY200221C00303000,303.0,normalDay
2019-12-02,2532.0,2177.0,0.0,100,311.64,283.0,0,0.0,0.0,,0.0,1,7.18,14.05,SPY200221C00303000,303.0,normalDay
2019-12-03,2532.0,2092.0,0.0,100,309.55,283.0,0,0.0,0.0,,0.0,1,7.18,12.81,SPY200221C00303000,303.0,normalDay
2019-12-04,2532.0,2192.0,0.0,100,311.46,283.0,0,0.0,0.0,,0.0,1,7.18,13.72,SPY200221C00303000,303.0,normalDay
2019-12-05,2532.0,2202.0,0.0,100,312.02,283.0,0,0.0,0.0,,0.0,1,7.18,14.18,SPY200221C00303000,303.0,normalDay
2019-12-06,2532.0,2312.0,0.0,100,314.87,283.0,0,0.0,0.0,,0.0,1,7.18,15.93,SPY200221C00303000,303.0,normalDay
2019-12-09,2532.0,2269.0,0.0,100,313.88,283.0,0,0.0,0.0,,0.0,1,7.18,15.37,SPY200221C00303000,303.0,normalDay
2019-12-10,2532.0,2235.0,0.0,100,313.53,283.0,0,0.0,0.0,,0.0,1,7.18,15.36,SPY200221C00303000,303.0,normalDay
2019-12-11,2532.0,2279.0,0.0,100,314.42,283.0,0,0.0,0.0,,0.0,1,7.18,15.81,SPY200221C00303000,303.0,normalDay
2019-12-12,2532.0,2392.0,0.0,100,317.13,283.0,0,0.0,0.0,,0.0,1,7.18,17.39,SPY200221C00303000,303.0,normalDay
2019-12-13,2532.0,2431.0,0.0,100,317.32,283.0,0,0.0,0.0,,0.0,1,7.18,17.19,SPY200221C00303000,303.0,normalDay
2019-12-16,2532.0,2470.0,0.0,100,319.5,283.0,0,0.0,0.0,,0.0,1,7.18,18.98,SPY200221C00303000,303.0,normalDay
2019-12-17,2532.0,2496.0,0.0,100,319.57,283.0,0,0.0,0.0,,0.0,1,7.18,18.79,SPY200221C00303000,303.0,normalDay
2019-12-18,2532.0,2478.0,0.0,100,319.59,283.0,0,0.0,0.0,,0.0,1,7.18,18.99,SPY200221C00303000,303.0,normalDay
2019-12-19,2532.0,2502.0,0.0,100,320.9,283.0,0,0.0,0.0,,0.0,1,7.18,20.06,SPY200221C00303000,303.0,normalDay
2019-12-20,2532.0,2344.0,0.0,100,320.73,283.0,0,0.0,0.0,,0.0,1,7.18,21.47,SPY200221C00303000,303.0,normalDay
2019-12-23,2532.0,2396.0,0.0,100,321.22,283.0,0,0.0,0.0,,0.0,1,7.18,21.44,SPY200221C00303000,303.0,normalDay
2019-12-24,2532.0,2399.0,0.0,100,321.23,283.0,0,0.0,0.0,,0.0,1,7.18,21.42,SPY200221C00303000,303.0,normalDay
2019-12-26,2532.0,2430.0,0.0,100,322.94,283.0,0,0.0,0.0,,0.0,1,7.18,22.82,SPY200221C00303000,303.0,normalDay
2019-12-27,2532.0,2450.0,0.0,100,322.86,283.0,0,0.0,0.0,,0.0,1,7.18,22.54,SPY200221C00303000,303.0,normalDay
2019-12-30,2532.0,2388.0,0.0,100,321.08,283.0,0,0.0,0.0,,0.0,1,7.18,21.38,SPY200221C00303000,303.0,normalDay
2019-12-31,2532.0,2411.0,0.0,100,321.86,283.0,0,0.0,0.0,,0.0,1,7.18,21.93,SPY200221C00303000,303.0,normalDay
2020-01-02,2532.0,2505.0,0.0,100,324.87,283.0,0,0.0,0.0,,0.0,1,7.18,24.0,SPY200221C00303000,303.0,normalDay
2020-01-03,2532.0,2437.0,0.0,100,322.41,283.0,0,0.0,0.0,,0.0,1,7.18,22.22,SPY200221C00303000,303.0,normalDay
2020-01-06,2532.0,2479.0,0.0,100,323.64,283.0,0,0.0,0.0,,0.0,1,7.18,23.03,SPY200221C00303000,303.0,normalDay
2020-01-07,2532.0,2504.0,0.0,100,322.73,283.0,0,0.0,0.0,,0.0,1,7.18,21.87,SPY200221C00303000,303.0,normalDay
2020-01-08,2532.0,2491.0,0.0,100,324.45,283.0,0,0.0,0.0,,0.0,1,7.18,23.72,SPY200221C00303000,303.0,normalDay
2020-01-09,2532.0,2549.0,0.0,100,326.65,283.0,0,0.0,0.0,,0.0,1,7.18,25.34,SPY200221C00303000,303.0,normalDay
2020-01-10,2532.0,2560.0,0.0,100,325.71,283.0,0,0.0,0.0,,0.0,1,7.18,24.29,SPY200221C00303000,303.0,normalDay
2020-01-13,2532.0,2576.0,0.0,100,327.95,283.0,0,0.0,0.0,,0.0,1,7.18,26.37,SPY200221C00303000,303.0,normalDay
2020-01-14,2532.0,2556.0,0.0,100,327.45,283.0,0,0.0,0.0,,0.0,1,7.18,26.07,SPY200221C00303000,303.0,normalDay
2020-01-15,2532.0,2577.0,0.0,100,328.19,283.0,0,0.0,0.0,,0.0,1,7.18,26.6,SPY200221C00303000,303.0,normalDay
2020-01-16,2532.0,2615.0,0.0,100,330.92,283.0,0,0.0,0.0,,0.0,1,7.18,28.95,SPY200221C00303000,303.0,normalDay
2020-01-17,2532.0,2626.0,0.0,100,331.95,283.0,0,0.0,0.0,,0.0,1,7.18,29.87,SPY200221C00303000,303.0,normalDay
2020-01-21,2532.0,2620.0,0.0,100,331.3,283.0,0,0.0,0.0,,0.0,1,7.18,29.28,SPY200221C00303000,303.0,normalDay
2020-01-22,2532.0,2623.0,0.0,100,331.34,283.0,0,0.0,0.0,,0.0,1,7.18,29.29,SPY200221C00303000,303.0,normalDay
2020-01-23,2532.0,2616.0,0.0,100,331.72,283.0,0,0.0,0.0,,0.0,1,7.18,29.74,SPY200221C00303000,303.0,normalDay
2020-01-24,2532.0,2586.0,0.0,100,328.77,283.0,0,0.0,0.0,,0.0,1,7.18,27.09,SPY200221C00303000,303.0,normalDay
2020-01-27,2532.0,2570.0,0.0,100,323.5,283.0,0,0.0,0.0,,0.0,1,7.18,21.98,SPY200221C00303000,303.0,normalDay
2020-01-28,2532.0,2582.0,0.0,100,326.89,283.0,0,0.0,0.0,,0.0,1,7.18,25.25,SPY200221C00303000,303.0,normalDay
2020-01-29,2532.0,2599.0,0.0,100,326.62,283.0,0,0.0,0.0,,0.0,1,7.18,24.81,SPY200221C00303000,303.0,normalDay
2020-01-30,2532.0,2540.0,0.0,100,327.68,283.0,0,0.0,0.0,,0.0,1,7.18,26.46,SPY200221C00303000,303.0,normalDay
2020-01-31,2532.0,2529.0,0.0,100,321.73,283.0,0,0.0,0.0,,0.0,1,7.18,20.62,SPY200221C00303000,303.0,normalDay
2020-02-03,2532.0,2637.0,0.0,100,324.12,283.0,0,0.0,0.0,,0.0,1,7.18,21.93,SPY200221C00303000,303.0,normalDay
2020-02-04,2532.0,2647.0,0.0,100,329.06,283.0,0,0.0,0.0,,0.0,1,7.18,26.77,SPY200221C00303000,303.0,normalDay
2020-02-05,2532.0,2648.0,0.0,100,332.86,283.0,0,0.0,0.0,,0.0,1,7.18,30.56,SPY200221C00303000,303.0,normalDay
2020-02-06,2532.0,2687.0,0.0,100,333.98,283.0,0,0.0,0.0,,0.0,1,7.18,31.29,SPY200221C00303000,303.0,normalDay
2020-02-07,2532.0,2666.0,0.0,100,332.2,283.0,0,0.0,0.0,,0.0,1,7.18,29.72,SPY200221C00303000,303.0,normalDay
2020-02-10,2532.0,2660.0,0.0,100,334.68,283.0,0,0.0,0.0,,0.0,1,7.18,32.26,SPY200221C00303000,303.0,normalDay
2020-02-11,2532.0,2672.0,0.0,100,335.26,283.0,0,0.0,0.0,,0.0,1,7.18,32.72,SPY200221C00303000,303.0,normalDay
2020-02-12,2532.0,2690.0,0.0,100,337.42,283.0,0,0.0,0.0,,0.0,1,7.18,34.7,SPY200221C00303000,303.0,normalDay
2020-02-13,2532.0,2676.0,0.0,100,337.06,283.0,0,0.0,0.0,,0.0,1,7.18,34.48,SPY200221C00303000,303.0,normalDay
2020-02-14,2532.0,2683.0,0.0,100,337.6,283.0,0,0.0,0.0,,0.0,1,7.18,34.95,SPY200221C00303000,303.0,normalDay
2020-02-18,2532.0,2697.0,0.0,100,336.73,283.0,0,0.0,0.0,,0.0,1,7.18,33.94,SPY200221C00303000,303.0,normalDay
2020-02-19,2532.0,2678.0,0.0,100,338.34,283.0,0,0.0,0.0,,0.0,1,7.18,35.74,SPY200221C00303000,303.0,normalDay
2020-02-20,2532.0,2695.0,0.0,100,336.95,283.0,0,0.0,0.0,,0.0,1,7.18,34.18,SPY200221C00303000,303.0,normalDay
2020-02-21,5250.0,2695.0,2718.0,0,333.48,0.0,0,0.0,0.0,,0.0,1,7.18,0.0,SPY200221C00303000,303.0,expirationDay
2020-02-24,5250.0,-11.0,0.0,0,322.42,0.0,1,8.01,8.12,SPY200316P00325000,325.0,0,0.0,0.0,,0.0,normalDay
2020-02-25,5250.0,-577.0,0.0,0,312.65,0.0,1,8.01,13.78,SPY200316P00325000,325.0,0,0.0,0.0,,0.0,normalDay
2020-02-26,5250.0,-734.0,0.0,0,311.5,0.0,1,8.01,15.35,SPY200316P00325000,325.0,0,0.0,0.0,,0.0,normalDay
2020-02-27,5250.0,-2024.0,0.0,0,297.51,0.0,1,8.01,28.25,SPY200316P00325000,325.0,0,0.0,0.0,,0.0,normalDay
2020-02-28,5250.0,-2087.0,0.0,0,296.26,0.0,1,8.01,28.88,SPY200316P00325000,325.0,0,0.0,0.0,,0.0,normalDay
2020-03-02,5250.0,-864.0,0.0,0,309.09,0.0,1,8.01,16.65,SPY200316P00325000,325.0,0,0.0,0.0,,0.0,normalDay
2020-03-03,5250.0,-1584.0,0.0,0,300.24,0.0,1,8.01,23.85,SPY200316P00325000,325.0,0,0.0,0.0,,0.0,normalDay
2020-03-04,5250.0,-604.0,0.0,0,312.86,0.0,1,8.01,14.05,SPY200316P00325000,325.0,0,0.0,0.0,,0.0,normalDay
2020-03-05,5250.0,-1542.0,0.0,0,302.46,0.0,1,8.01,23.43,SPY200316P00325000,325.0,0,0.0,0.0,,0.0,normalDay
2020-03-06,5250.0,-2112.0,0.0,0,297.46,0.0,1,8.01,29.13,SPY200316P00325000,325.0,0,0.0,0.0,,0.0,normalDay
2020-03-09,5250.0,-4357.0,0.0,0,274.23,0.0,1,8.01,51.58,SPY200316P00325000,325.0,0,0.0,0.0,,0.0,normalDay
2020-03-10,5250.0,-2933.0,0.0,0,288.42,0.0,1,8.01,37.34,SPY200316P00325000,325.0,0,0.0,0.0,,0.0,normalDay
2020-03-11,5250.0,-4341.0,0.0,0,274.36,0.0,1,8.01,51.42,SPY200316P00325000,325.0,0,0.0,0.0,,0.0,normalDay
2020-03-12,5250.0,-6905.0,0.0,0,248.11,0.0,1,8.01,77.06,SPY200316P00325000,325.0,0,0.0,0.0,,0.0,normalDay
2020-03-13,5250.0,-4810.0,0.0,0,269.32,0.0,1,8.01,56.11,SPY200316P00325000,325.0,0,0.0,0.0,,0.0,normalDay
2020-03-16,6051.0,-8515.0,801.0,100,239.85,325.0,1,8.01,0.0,SPY200316P00325000,325.0,0,0.0,0.0,,0.0,expirationDay
2020-03-17,6051.0,-7240.0,0.0,100,252.8,325.0,0,0.0,0.0,,0.0,1,0.25,0.45,SPY200717C00356000,356.0,normalDay
2020-03-18,6051.0,-8523.0,0.0,100,240.0,325.0,0,0.0,0.0,,0.0,1,0.25,0.48,SPY200717C00356000,356.0,normalDay
2020-03-19,6051.0,-8442.0,0.0,100,240.51,325.0,0,0.0,0.0,,0.0,1,0.25,0.18,SPY200717C00356000,356.0,normalDay
2020-03-20,6051.0,-9618.0,0.0,100,228.8,325.0,0,0.0,0.0,,0.0,1,0.25,0.23,SPY200717C00356000,356.0,normalDay
2020-03-23,6051.0,-10203.0,0.0,100,222.95,325.0,0,0.0,0.0,,0.0,1,0.25,0.23,SPY200717C00356000,356.0,normalDay
2020-03-24,6051.0,-8187.0,0.0,100,243.15,325.0,0,0.0,0.0,,0.0,1,0.25,0.27,SPY200717C00356000,356.0,normalDay
2020-03-25,6051.0,-7825.0,0.0,100,246.79,325.0,0,0.0,0.0,,0.0,1,0.25,0.29,SPY200717C00356000,356.0,normalDay
2020-03-26,6051.0,-6384.0,0.0,100,261.2,325.0,0,0.0,0.0,,0.0,1,0.25,0.29,SPY200717C00356000,356.0,normalDay
2020-03-27,6051.0,-7151.0,0.0,100,253.42,325.0,0,0.0,0.0,,0.0,1,0.25,0.18,SPY200717C00356000,356.0,normalDay
2020-03-30,6051.0,-6330.0,0.0,100,261.65,325.0,0,0.0,0.0,,0.0,1,0.25,0.2,SPY200717C00356000,356.0,normalDay
2020-03-31,6051.0,-6712.0,0.0,100,257.75,325.0,0,0.0,0.0,,0.0,1,0.25,0.12,SPY200717C00356000,356.0,normalDay
2020-04-01,6051.0,-7870.0,0.0,100,246.15,325.0,0,0.0,0.0,,0.0,1,0.25,0.1,SPY200717C00356000,356.0,normalDay
2020-04-02,6051.0,-7305.0,0.0,100,251.83,325.0,0,0.0,0.0,,0.0,1,0.25,0.13,SPY200717C00356000,356.0,normalDay
2020-04-03,6051.0,-7667.0,0.0,100,248.19,325.0,0,0.0,0.0,,0.0,1,0.25,0.11,SPY200717C00356000,356.0,normalDay
2020-04-06,6051.0,-6007.0,0.0,100,264.86,325.0,0,0.0,0.0,,0.0,1,0.25,0.18,SPY200717C00356000,356.0,normalDay
2020-04-07,6051.0,-5979.0,0.0,100,265.13,325.0,0,0.0,0.0,,0.0,1,0.25,0.17,SPY200717C00356000,356.0,normalDay
2020-04-08,6051.0,-5095.0,0.0,100,274.03,325.0,0,0.0,0.0,,0.0,1,0.25,0.23,SPY200717C00356000,356.0,normalDay
2020-04-09,6051.0,-4683.0,0.0,100,278.2,325.0,0,0.0,0.0,,0.0,1,0.25,0.28,SPY200717C00356000,356.0,normalDay
2020-04-13,6051.0,-4932.0,0.0,100,275.66,325.0,0,0.0,0.0,,0.0,1,0.25,0.23,SPY200717C00356000,356.0,normalDay
2020-04-14,6051.0,-4124.0,0.0,100,283.79,325.0,0,0.0,0.0,,0.0,1,0.25,0.28,SPY200717C00356000,356.0,normalDay
2020-04-15,6051.0,-4720.0,0.0,100,277.76,325.0,0,0.0,0.0,,0.0,1,0.25,0.21,SPY200717C00356000,356.0,normalDay
2020-04-16,6051.0,-4586.0,0.0,100,279.1,325.0,0,0.0,0.0,,0.0,1,0.25,0.21,SPY200717C00356000,356.0,normalDay
2020-04-17,6051.0,-3840.0,0.0,100,286.64,325.0,0,0.0,0.0,,0.0,1,0.25,0.29,SPY200717C00356000,356.0,normalDay
2020-04-20,6051.0,-4340.0,0.0,100,281.59,325.0,0,0.0,0.0,,0.0,1,0.25,0.24,SPY200717C00356000,356.0,normalDay
2020-04-21,6051.0,-5188.0,0.0,100,273.04,325.0,0,0.0,0.0,,0.0,1,0.25,0.17,SPY200717C00356000,356.0,normalDay
2020-04-22,6051.0,-4582.0,0.0,100,279.1,325.0,0,0.0,0.0,,0.0,1,0.25,0.17,SPY200717C00356000,356.0,normalDay
2020-04-23,6051.0,-4584.0,0.0,100,279.08,325.0,0,0.0,0.0,,0.0,1,0.25,0.17,SPY200717C00356000,356.0,normalDay
2020-04-24,6051.0,-4197.0,0.0,100,282.97,325.0,0,0.0,0.0,,0.0,1,0.25,0.19,SPY200717C00356000,356.0,normalDay
2020-04-27,6051.0,-3789.0,0.0,100,287.05,325.0,0,0.0,0.0,,0.0,1,0.25,0.19,SPY200717C00356000,356.0,normalDay
2020-04-28,6051.0,-3917.0,0.0,100,285.73,325.0,0,0.0,0.0,,0.0,1,0.25,0.15,SPY200717C00356000,356.0,normalDay
2020-04-29,6051.0,-3173.0,0.0,100,293.21,325.0,0,0.0,0.0,,0.0,1,0.25,0.19,SPY200717C00356000,356.0,normalDay
2020-04-30,6051.0,-3444.0,0.0,100,290.48,325.0,0,0.0,0.0,,0.0,1,0.25,0.17,SPY200717C00356000,356.0,normalDay
2020-05-01,6051.0,-4208.0,0.0,100,282.79,325.0,0,0.0,0.0,,0.0,1,0.25,0.12,SPY200717C00356000,356.0,normalDay
2020-05-04,6051.0,-4129.0,0.0,100,283.57,325.0,0,0.0,0.0,,0.0,1,0.25,0.11,SPY200717C00356000,356.0,normalDay
2020-05-05,6051.0,-3867.0,0.0,100,286.19,325.0,0,0.0,0.0,,0.0,1,0.25,0.11,SPY200717C00356000,356.0,normalDay
2020-05-06,6051.0,-4060.0,0.0,100,284.25,325.0,0,0.0,0.0,,0.0,1,0.25,0.1,SPY200717C00356000,356.0,normalDay
2020-05-07,6051.0,-3718.0,0.0,100,287.68,325.0,0,0.0,0.0,,0.0,1,0.25,0.11,SPY200717C00356000,356.0,normalDay
2020-05-08,6051.0,-3242.0,0.0,100,292.44,325.0,0,0.0,0.0,,0.0,1,0.25,0.11,SPY200717C00356000,356.0,normalDay
2020-05-11,6051.0,-3234.0,0.0,100,292.5,325.0,0,0.0,0.0,,0.0,1,0.25,0.09,SPY200717C00356000,356.0,normalDay
2020-05-12,6051.0,-3815.0,0.0,100,286.67,325.0,0,0.0,0.0,,0.0,1,0.25,0.07,SPY200717C00356000,356.0,normalDay
2020-05-13,6051.0,-4321.0,0.0,100,281.6,325.0,0,0.0,0.0,,0.0,1,0.25,0.06,SPY200717C00356000,356.0,normalDay
2020-05-14,6051.0,-3984.0,0.0,100,284.97,325.0,0,0.0,0.0,,0.0,1,0.25,0.06,SPY200717C00356000,356.0,normalDay
2020-05-15,6051.0,-3852.0,0.0,100,286.28,325.0,0,0.0,0.0,,0.0,1,0.25,0.05,SPY200717C00356000,356.0,normalDay
2020-05-18,6051.0,-2985.0,0.0,100,295.0,325.0,0,0.0,0.0,,0.0,1,0.25,0.1,SPY200717C00356000,356.0,normalDay
2020-05-19,6051.0,-3286.0,0.0,100,291.97,325.0,0,0.0,0.0,,0.0,1,0.25,0.08,SPY200717C00356000,356.0,normalDay
2020-05-20,6051.0,-2792.0,0.0,100,296.93,325.0,0,0.0,0.0,,0.0,1,0.25,0.1,SPY200717C00356000,356.0,normalDay
2020-05-21,6051.0,-2996.0,0.0,100,294.88,325.0,0,0.0,0.0,,0.0,1,0.25,0.09,SPY200717C00356000,356.0,normalDay
2020-05-22,6051.0,-2939.0,0.0,100,295.44,325.0,0,0.0,0.0,,0.0,1,0.25,0.08,SPY200717C00356000,356.0,normalDay
2020-05-26,6051.0,-2576.0,0.0,100,299.08,325.0,0,0.0,0.0,,0.0,1,0.25,0.09,SPY200717C00356000,356.0,normalDay
2020-05-27,6051.0,-2130.0,0.0,100,303.53,325.0,0,0.0,0.0,,0.0,1,0.25,0.08,SPY200717C00356000,356.0,normalDay
2020-05-28,6051.0,-2188.0,0.0,100,302.97,325.0,0,0.0,0.0,,0.0,1,0.25,0.1,SPY200717C00356000,356.0,normalDay
2020-05-29,6051.0,-2054.0,0.0,100,304.32,325.0,0,0.0,0.0,,0.0,1,0.25,0.11,SPY200717C00356000,356.0,normalDay
2020-06-01,6051.0,-1929.0,0.0,100,305.55,325.0,0,0.0,0.0,,0.0,1,0.25,0.09,SPY200717C00356000,356.0,normalDay
2020-06-02,6051.0,-1677.0,0.0,100,308.08,325.0,0,0.0,0.0,,0.0,1,0.25,0.1,SPY200717C00356000,356.0,normalDay
2020-06-03,6051.0,-1272.0,0.0,100,312.18,325.0,0,0.0,0.0,,0.0,1,0.25,0.15,SPY200717C00356000,356.0,normalDay
2020-06-04,6051.0,-1351.0,0.0,100,311.36,325.0,0,0.0,0.0,,0.0,1,0.25,0.12,SPY200717C00356000,356.0,normalDay
2020-06-05,6051.0,-568.0,0.0,100,319.34,325.0,0,0.0,0.0,,0.0,1,0.25,0.27,SPY200717C00356000,356.0,normalDay
2020-06-08,6051.0,-195.0,0.0,100,323.2,325.0,0,0.0,0.0,,0.0,1,0.25,0.4,SPY200717C00356000,356.0,normalDay
2020-06-09,6051.0,-434.0,0.0,100,320.79,325.0,0,0.0,0.0,,0.0,1,0.25,0.38,SPY200717C00356000,356.0,normalDay
2020-06-10,6051.0,-602.0,0.0,100,319.0,325.0,0,0.0,0.0,,0.0,1,0.25,0.27,SPY200717C00356000,356.0,normalDay
2020-06-11,6051.0,-2428.0,0.0,100,300.61,325.0,0,0.0,0.0,,0.0,1,0.25,0.14,SPY200717C00356000,356.0,normalDay
2020-06-12,6051.0,-2067.0,0.0,100,304.21,325.0,0,0.0,0.0,,0.0,1,0.25,0.13,SPY200717C00356000,356.0,normalDay
2020-06-15,6051.0,-1785.0,0.0,100,307.05,325.0,0,0.0,0.0,,0.0,1,0.25,0.15,SPY200717C00356000,356.0,normalDay
2020-06-16,6051.0,-1201.0,0.0,100,312.96,325.0,0,0.0,0.0,,0.0,1,0.25,0.22,SPY200717C00356000,356.0,normalDay
2020-06-17,6051.0,-1327.0,0.0,100,311.66,325.0,0,0.0,0.0,,0.0,1,0.25,0.18,SPY200717C00356000,356.0,normalDay
2020-06-18,6051.0,-1311.0,0.0,100,311.78,325.0,0,0.0,0.0,,0.0,1,0.25,0.14,SPY200717C00356000,356.0,normalDay
2020-06-19,6051.0,-1620.0,0.0,100,308.64,325.0,0,0.0,0.0,,0.0,1,0.25,0.09,SPY200717C00356000,356.0,normalDay
2020-06-22,6051.0,-1420.0,0.0,100,310.62,325.0,0,0.0,0.0,,0.0,1,0.25,0.07,SPY200717C00356000,356.0,normalDay
2020-06-23,6051.0,-1278.0,0.0,100,312.05,325.0,0,0.0,0.0,,0.0,1,0.25,0.08,SPY200717C00356000,356.0,normalDay
2020-06-24,6051.0,-2071.0,0.0,100,304.09,325.0,0,0.0,0.0,,0.0,1,0.25,0.05,SPY200717C00356000,356.0,normalDay
2020-06-25,6051.0,-1745.0,0.0,100,307.35,325.0,0,0.0,0.0,,0.0,1,0.25,0.05,SPY200717C00356000,356.0,normalDay
2020-06-26,6051.0,-2473.0,0.0,100,300.05,325.0,0,0.0,0.0,,0.0,1,0.25,0.03,SPY200717C00356000,356.0,normalDay
2020-06-29,6051.0,-2032.0,0.0,100,304.46,325.0,0,0.0,0.0,,0.0,1,0.25,0.03,SPY200717C00356000,356.0,normalDay
2020-06-30,6051.0,-1642.0,0.0,100,308.36,325.0,0,0.0,0.0,,0.0,1,0.25,0.03,SPY200717C00356000,356.0,normalDay
2020-07-01,6051.0,-1426.0,0.0,100,310.52,325.0,0,0.0,0.0,,0.0,1,0.25,0.03,SPY200717C00356000,356.0,normalDay
2020-07-02,6051.0,-1254.0,0.0,100,312.23,325.0,0,0.0,0.0,,0.0,1,0.25,0.02,SPY200717C00356000,356.0,normalDay
2020-07-06,6051.0,-772.0,0.0,100,317.05,325.0,0,0.0,0.0,,0.0,1,0.25,0.02,SPY200717C00356000,356.0,normalDay
2020-07-07,6051.0,-1099.0,0.0,100,313.78,325.0,0,0.0,0.0,,0.0,1,0.25,0.02,SPY200717C00356000,356.0,normalDay
2020-07-08,6051.0,-858.0,0.0,100,316.18,325.0,0,0.0,0.0,,0.0,1,0.25,0.01,SPY200717C00356000,356.0,normalDay
2020-07-09,6051.0,-1038.0,0.0,100,314.38,325.0,0,0.0,0.0,,0.0,1,0.25,0.01,SPY200717C00356000,356.0,normalDay
2020-07-10,6051.0,-717.0,0.0,100,317.59,325.0,0,0.0,0.0,,0.0,1,0.25,0.01,SPY200717C00356000,356.0,normalDay
2020-07-13,6051.0,-992.0,0.0,100,314.84,325.0,0,0.0,0.0,,0.0,1,0.25,0.01,SPY200717C00356000,356.0,normalDay
2020-07-14,6051.0,-584.0,0.0,100,318.92,325.0,0,0.0,0.0,,0.0,1,0.25,0.01,SPY200717C00356000,356.0,normalDay
2020-07-15,6051.0,-291.0,0.0,100,321.85,325.0,0,0.0,0.0,,0.0,1,0.25,0.01,SPY200717C00356000,356.0,normalDay
2020-07-16,6051.0,-397.0,0.0,100,320.79,325.0,0,0.0,0.0,,0.0,1,0.25,0.01,SPY200717C00356000,356.0,normalDay
2020-07-17,6076.0,-328.0,25.0,100,321.72,325.0,0,0.0,0.0,,0.0,1,0.25,0.0,SPY200717C00356000,356.0,expirationDay
2020-07-20,6076.0,-89.0,0.0,100,324.32,325.0,0,0.0,0.0,,0.0,1,17.39,17.6,SPY201218C00327000,327.0,normalDay
2020-07-21,6076.0,-69.0,0.0,100,325.01,325.0,0,0.0,0.0,,0.0,1,17.39,18.09,SPY201218C00327000,327.0,normalDay
2020-07-22,6076.0,54.0,0.0,100,326.86,325.0,0,0.0,0.0,,0.0,1,17.39,18.71,SPY201218C00327000,327.0,normalDay
2020-07-23,6076.0,-123.0,0.0,100,322.96,325.0,0,0.0,0.0,,0.0,1,17.39,16.58,SPY201218C00327000,327.0,normalDay
2020-07-24,6076.0,-260.0,0.0,100,320.88,325.0,0,0.0,0.0,,0.0,1,17.39,15.87,SPY201218C00327000,327.0,normalDay
2020-07-27,6076.0,-106.0,0.0,100,323.22,325.0,0,0.0,0.0,,0.0,1,17.39,16.67,SPY201218C00327000,327.0,normalDay
2020-07-28,6076.0,-212.0,0.0,100,321.17,325.0,0,0.0,0.0,,0.0,1,17.39,15.68,SPY201218C00327000,327.0,normalDay
2020-07-29,6076.0,-8.0,0.0,100,325.12,325.0,0,0.0,0.0,,0.0,1,17.39,17.59,SPY201218C00327000,327.0,normalDay
2020-07-30,6076.0,-120.0,0.0,100,323.96,325.0,0,0.0,0.0,,0.0,1,17.39,17.55,SPY201218C00327000,327.0,normalDay
2020-07-31,6076.0,15.0,0.0,100,326.52,325.0,0,0.0,0.0,,0.0,1,17.39,18.76,SPY201218C00327000,327.0,normalDay
2020-08-03,6076.0,136.0,0.0,100,328.79,325.0,0,0.0,0.0,,0.0,1,17.39,19.82,SPY201218C00327000,327.0,normalDay
2020-08-04,6076.0,230.0,0.0,100,330.06,325.0,0,0.0,0.0,,0.0,1,17.39,20.15,SPY201218C00327000,327.0,normalDay
2020-08-05,6076.0,333.0,0.0,100,332.11,325.0,0,0.0,0.0,,0.0,1,17.39,21.17,SPY201218C00327000,327.0,normalDay
2020-08-06,6076.0,406.0,0.0,100,334.33,325.0,0,0.0,0.0,,0.0,1,17.39,22.66,SPY201218C00327000,327.0,normalDay
2020-08-07,6076.0,424.0,0.0,100,334.57,325.0,0,0.0,0.0,,0.0,1,17.39,22.72,SPY201218C00327000,327.0,normalDay
2020-08-10,6076.0,500.0,0.0,100,335.57,325.0,0,0.0,0.0,,0.0,1,17.39,22.96,SPY201218C00327000,327.0,normalDay
2020-08-11,6076.0,345.0,0.0,100,332.8,325.0,0,0.0,0.0,,0.0,1,17.39,21.74,SPY201218C00327000,327.0,normalDay
2020-08-12,6076.0,566.0,0.0,100,337.44,325.0,0,0.0,0.0,,0.0,1,17.39,24.17,SPY201218C00327000,327.0,normalDay
2020-08-13,6076.0,545.0,0.0,100,336.83,325.0,0,0.0,0.0,,0.0,1,17.39,23.77,SPY201218C00327000,327.0,normalDay
2020-08-14,6076.0,548.0,0.0,100,336.84,325.0,0,0.0,0.0,,0.0,1,17.39,23.75,SPY201218C00327000,327.0,normalDay
2020-08-17,6076.0,639.0,0.0,100,337.91,325.0,0,0.0,0.0,,0.0,1,17.39,23.91,SPY201218C00327000,327.0,normalDay
2020-08-18,6076.0,673.0,0.0,100,338.64,325.0,0,0.0,0.0,,0.0,1,17.39,24.3,SPY201218C00327000,327.0,normalDay
2020-08-19,6076.0,608.0,0.0,100,337.23,325.0,0,0.0,0.0,,0.0,1,17.39,23.54,SPY201218C00327000,327.0,normalDay
2020-08-20,6076.0,665.0,0.0,100,338.28,325.0,0,0.0,0.0,,0.0,1,17.39,24.02,SPY201218C00327000,327.0,normalDay
2020-08-21,6076.0,698.0,0.0,100,339.48,325.0,0,0.0,0.0,,0.0,1,17.39,24.89,SPY201218C00327000,327.0,normalDay
2020-08-24,6076.0,810.0,0.0,100,342.92,325.0,0,0.0,0.0,,0.0,1,17.39,27.21,SPY201218C00327000,327.0,normalDay
2020-08-25,6076.0,833.0,0.0,100,344.12,325.0,0,0.0,0.0,,0.0,1,17.39,28.18,SPY201218C00327000,327.0,normalDay
2020-08-26,6076.0,875.0,0.0,100,347.57,325.0,0,0.0,0.0,,0.0,1,17.39,31.21,SPY201218C00327000,327.0,normalDay
2020-08-27,6076.0,844.0,0.0,100,348.33,325.0,0,0.0,0.0,,0.0,1,17.39,32.28,SPY201218C00327000,327.0,normalDay
2020-08-28,6076.0,948.0,0.0,100,350.58,325.0,0,0.0,0.0,,0.0,1,17.39,33.49,SPY201218C00327000,327.0,normalDay
2020-08-31,6076.0,772.0,0.0,100,349.31,325.0,0,0.0,0.0,,0.0,1,17.39,33.98,SPY201218C00327000,327.0,normalDay
2020-09-01,6076.0,879.0,0.0,100,352.6,325.0,0,0.0,0.0,,0.0,1,17.39,36.2,SPY201218C00327000,327.0,normalDay
2020-09-02,6076.0,907.0,0.0,100,357.7,325.0,0,0.0,0.0,,0.0,1,17.39,41.02,SPY201218C00327000,327.0,normalDay
2020-09-03,6076.0,421.0,0.0,100,345.39,325.0,0,0.0,0.0,,0.0,1,17.39,33.57,SPY201218C00327000,327.0,normalDay
2020-09-04,6076.0,531.0,0.0,100,342.57,325.0,0,0.0,0.0,,0.0,1,17.39,29.65,SPY201218C00327000,327.0,normalDay
2020-09-08,6076.0,291.0,0.0,100,333.21,325.0,0,0.0,0.0,,0.0,1,17.39,22.69,SPY201218C00327000,327.0,normalDay
2020-09-09,6076.0,627.0,0.0,100,339.79,325.0,0,0.0,0.0,,0.0,1,17.39,25.91,SPY201218C00327000,327.0,normalDay
2020-09-10,6076.0,386.0,0.0,100,333.89,325.0,0,0.0,0.0,,0.0,1,17.39,22.42,SPY201218C00327000,327.0,normalDay
2020-09-11,6076.0,539.0,0.0,100,334.06,325.0,0,0.0,0.0,,0.0,1,17.39,21.06,SPY201218C00327000,327.0,normalDay
2020-09-14,6076.0,685.0,0.0,100,338.46,325.0,0,0.0,0.0,,0.0,1,17.39,24.0,SPY201218C00327000,327.0,normalDay
2020-09-15,6076.0,740.0,0.0,100,340.17,325.0,0,0.0,0.0,,0.0,1,17.39,25.16,SPY201218C00327000,327.0,normalDay
2020-09-16,6076.0,727.0,0.0,100,338.82,325.0,0,0.0,0.0,,0.0,1,17.39,23.94,SPY201218C00327000,327.0,normalDay
2020-09-17,6076.0,609.0,0.0,100,335.84,325.0,0,0.0,0.0,,0.0,1,17.39,22.14,SPY201218C00327000,327.0,normalDay
2020-09-18,6076.0,380.0,0.0,100,330.65,325.0,0,0.0,0.0,,0.0,1,17.39,19.24,SPY201218C00327000,327.0,normalDay
2020-09-21,6076.0,185.0,0.0,100,326.97,325.0,0,0.0,0.0,,0.0,1,17.39,17.51,SPY201218C00327000,327.0,normalDay
2020-09-22,6076.0,347.0,0.0,100,330.3,325.0,0,0.0,0.0,,0.0,1,17.39,19.22,SPY201218C00327000,327.0,normalDay
2020-09-23,6076.0,-42.0,0.0,100,322.64,325.0,0,0.0,0.0,,0.0,1,17.39,15.45,SPY201218C00327000,327.0,normalDay
2020-09-24,6076.0,17.0,0.0,100,323.5,325.0,0,0.0,0.0,,0.0,1,17.39,15.72,SPY201218C00327000,327.0,normalDay
2020-09-25,6076.0,296.0,0.0,100,328.73,325.0,0,0.0,0.0,,0.0,1,17.39,18.16,SPY201218C00327000,327.0,normalDay
2020-09-28,6076.0,501.0,0.0,100,334.19,325.0,0,0.0,0.0,,0.0,1,17.39,21.57,SPY201218C00327000,327.0,normalDay
2020-09-29,6076.0,412.0,0.0,100,332.37,325.0,0,0.0,0.0,,0.0,1,17.39,20.64,SPY201218C00327000,327.0,normalDay
2020-09-30,6076.0,621.0,0.0,100,334.89,325.0,0,0.0,0.0,,0.0,1,17.39,21.07,SPY201218C00327000,327.0,normalDay
2020-10-01,6076.0,604.0,0.0,100,337.04,325.0,0,0.0,0.0,,0.0,1,17.39,23.39,SPY201218C00327000,327.0,normalDay
2020-10-02,6076.0,481.0,0.0,100,333.84,325.0,0,0.0,0.0,,0.0,1,17.39,21.42,SPY201218C00327000,327.0,normalDay
2020-10-05,6076.0,764.0,0.0,100,339.76,325.0,0,0.0,0.0,,0.0,1,17.39,24.51,SPY201218C00327000,327.0,normalDay
2020-10-06,6076.0,575.0,0.0,100,334.93,325.0,0,0.0,0.0,,0.0,1,17.39,21.57,SPY201218C00327000,327.0,normalDay
2020-10-07,6076.0,846.0,0.0,100,340.76,325.0,0,0.0,0.0,,0.0,1,17.39,24.69,SPY201218C00327000,327.0,normalDay
2020-10-08,6076.0,1003.0,0.0,100,343.78,325.0,0,0.0,0.0,,0.0,1,17.39,26.14,SPY201218C00327000,327.0,normalDay
2020-10-09,6076.0,1137.0,0.0,100,346.85,325.0,0,0.0,0.0,,0.0,1,17.39,27.87,SPY201218C00327000,327.0,normalDay
2020-10-12,6076.0,1268.0,0.0,100,352.43,325.0,0,0.0,0.0,,0.0,1,17.39,32.14,SPY201218C00327000,327.0,normalDay
2020-10-13,6076.0,1214.0,0.0,100,350.13,325.0,0,0.0,0.0,,0.0,1,17.39,30.38,SPY201218C00327000,327.0,normalDay
2020-10-14,6076.0,1190.0,0.0,100,347.93,325.0,0,0.0,0.0,,0.0,1,17.39,28.42,SPY201218C00327000,327.0,normalDay
2020-10-15,6076.0,1170.0,0.0,100,347.5,325.0,0,0.0,0.0,,0.0,1,17.39,28.19,SPY201218C00327000,327.0,normalDay
2020-10-16,6076.0,1212.0,0.0,100,347.29,325.0,0,0.0,0.0,,0.0,1,17.39,27.56,SPY201218C00327000,327.0,normalDay
2020-10-19,6076.0,989.0,0.0,100,342.01,325.0,0,0.0,0.0,,0.0,1,17.39,24.51,SPY201218C00327000,327.0,normalDay
2020-10-20,6076.0,1086.0,0.0,100,343.38,325.0,0,0.0,0.0,,0.0,1,17.39,24.91,SPY201218C00327000,327.0,normalDay
2020-10-21,6076.0,1048.0,0.0,100,342.73,325.0,0,0.0,0.0,,0.0,1,17.39,24.64,SPY201218C00327000,327.0,normalDay
2020-10-22,6076.0,1158.0,0.0,100,344.61,325.0,0,0.0,0.0,,0.0,1,17.39,25.42,SPY201218C00327000,327.0,normalDay
2020-10-23,6076.0,1233.0,0.0,100,345.78,325.0,0,0.0,0.0,,0.0,1,17.39,25.84,SPY201218C00327000,327.0,normalDay
2020-10-26,6076.0,914.0,0.0,100,339.39,325.0,0,0.0,0.0,,0.0,1,17.39,22.64,SPY201218C00327000,327.0,normalDay
2020-10-27,6076.0,881.0,0.0,100,338.22,325.0,0,0.0,0.0,,0.0,1,17.39,21.8,SPY201218C00327000,327.0,normalDay
2020-10-28,6076.0,285.0,0.0,100,326.66,325.0,0,0.0,0.0,,0.0,1,17.39,16.2,SPY201218C00327000,327.0,normalDay
2020-10-29,6076.0,501.0,0.0,100,329.98,325.0,0,0.0,0.0,,0.0,1,17.39,17.36,SPY201218C00327000,327.0,normalDay
2020-10-30,6076.0,355.0,0.0,100,326.54,325.0,0,0.0,0.0,,0.0,1,17.39,15.38,SPY201218C00327000,327.0,normalDay
2020-11-02,6076.0,617.0,0.0,100,330.2,325.0,0,0.0,0.0,,0.0,1,17.39,16.42,SPY201218C00327000,327.0,normalDay
2020-11-03,6076.0,958.0,0.0,100,336.03,325.0,0,0.0,0.0,,0.0,1,17.39,18.84,SPY201218C00327000,327.0,normalDay
2020-11-04,6076.0,1248.0,0.0,100,343.54,325.0,0,0.0,0.0,,0.0,1,17.39,23.45,SPY201218C00327000,327.0,normalDay
2020-11-05,6076.0,1404.0,0.0,100,350.24,325.0,0,0.0,0.0,,0.0,1,17.39,28.59,SPY201218C00327000,327.0,normalDay
2020-11-06,6076.0,1494.0,0.0,100,350.16,325.0,0,0.0,0.0,,0.0,1,17.39,27.61,SPY201218C00327000,327.0,normalDay
2020-11-09,6076.0,1497.0,0.0,100,354.56,325.0,0,0.0,0.0,,0.0,1,17.39,31.98,SPY201218C00327000,327.0,normalDay
2020-11-10,6076.0,1563.0,0.0,100,354.04,325.0,0,0.0,0.0,,0.0,1,17.39,30.8,SPY201218C00327000,327.0,normalDay
2020-11-11,6076.0,1629.0,0.0,100,356.67,325.0,0,0.0,0.0,,0.0,1,17.39,32.77,SPY201218C00327000,327.0,normalDay
2020-11-12,6076.0,1562.0,0.0,100,353.21,325.0,0,0.0,0.0,,0.0,1,17.39,29.98,SPY201218C00327000,327.0,normalDay
2020-11-13,6076.0,1681.0,0.0,100,358.1,325.0,0,0.0,0.0,,0.0,1,17.39,33.68,SPY201218C00327000,327.0,normalDay
2020-11-16,6076.0,1756.0,0.0,100,362.57,325.0,0,0.0,0.0,,0.0,1,17.39,37.4,SPY201218C00327000,327.0,normalDay
2020-11-17,6076.0,1741.0,0.0,100,360.62,325.0,0,0.0,0.0,,0.0,1,17.39,35.6,SPY201218C00327000,327.0,normalDay
2020-11-18,6076.0,1696.0,0.0,100,356.28,325.0,0,0.0,0.0,,0.0,1,17.39,31.71,SPY201218C00327000,327.0,normalDay
2020-11-19,6076.0,1736.0,0.0,100,357.78,325.0,0,0.0,0.0,,0.0,1,17.39,32.81,SPY201218C00327000,327.0,normalDay
2020-11-20,6076.0,1752.0,0.0,100,355.33,325.0,0,0.0,0.0,,0.0,1,17.39,30.2,SPY201218C00327000,327.0,normalDay
2020-11-23,6076.0,1786.0,0.0,100,357.46,325.0,0,0.0,0.0,,0.0,1,17.39,31.99,SPY201218C00327000,327.0,normalDay
2020-11-24,6076.0,1824.0,0.0,100,363.22,325.0,0,0.0,0.0,,0.0,1,17.39,37.37,SPY201218C00327000,327.0,normalDay
2020-11-25,6076.0,1848.0,0.0,100,362.66,325.0,0,0.0,0.0,,0.0,1,17.39,36.57,SPY201218C00327000,327.0,normalDay
2020-11-27,6076.0,1849.0,0.0,100,363.67,325.0,0,0.0,0.0,,0.0,1,17.39,37.57,SPY201218C00327000,327.0,normalDay
2020-11-30,6076.0,1759.0,0.0,100,362.06,325.0,0,0.0,0.0,,0.0,1,17.39,36.86,SPY201218C00327000,327.0,normalDay
2020-12-01,6076.0,1873.0,0.0,100,366.02,325.0,0,0.0,0.0,,0.0,1,17.39,39.68,SPY201218C00327000,327.0,normalDay
2020-12-02,6076.0,1867.0,0.0,100,366.79,325.0,0,0.0,0.0,,0.0,1,17.39,40.51,SPY201218C00327000,327.0,normalDay
2020-12-03,6076.0,1894.0,0.0,100,366.69,325.0,0,0.0,0.0,,0.0,1,17.39,40.14,SPY201218C00327000,327.0,normalDay
2020-12-04,6076.0,1934.0,0.0,100,369.85,325.0,0,0.0,0.0,,0.0,1,17.39,42.9,SPY201218C00327000,327.0,normalDay
2020-12-07,6076.0,1939.0,0.0,100,369.09,325.0,0,0.0,0.0,,0.0,1,17.39,42.09,SPY201218C00327000,327.0,normalDay
2020-12-08,6076.0,1902.0,0.0,100,370.17,325.0,0,0.0,0.0,,0.0,1,17.39,43.54,SPY201218C00327000,327.0,normalDay
2020-12-09,6076.0,1927.0,0.0,100,366.85,325.0,0,0.0,0.0,,0.0,1,17.39,39.97,SPY201218C00327000,327.0,normalDay
2020-12-10,6076.0,1930.0,0.0,100,366.73,325.0,0,0.0,0.0,,0.0,1,17.39,39.82,SPY201218C00327000,327.0,normalDay
2020-12-11,6076.0,1916.0,0.0,100,366.3,325.0,0,0.0,0.0,,0.0,1,17.39,39.53,SPY201218C00327000,327.0,normalDay
2020-12-14,6076.0,1854.0,0.0,100,364.66,325.0,0,0.0,0.0,,0.0,1,17.39,38.51,SPY201218C00327000,327.0,normalDay
2020-12-15,6076.0,1936.0,0.0,100,369.59,325.0,0,0.0,0.0,,0.0,1,17.39,42.62,SPY201218C00327000,327.0,normalDay
2020-12-16,6076.0,1885.0,0.0,100,370.17,325.0,0,0.0,0.0,,0.0,1,17.39,43.71,SPY201218C00327000,327.0,normalDay
2020-12-17,6076.0,1879.0,0.0,100,372.24,325.0,0,0.0,0.0,,0.0,1,17.39,45.84,SPY201218C00327000,327.0,normalDay
2020-12-18,8015.0,1879.0,1939.0,0,369.18,0.0,0,0.0,0.0,,0.0,1,17.39,0.0,SPY201218C00327000,327.0,expirationDay
2020-12-21,8015.0,-8.0,0.0,0,367.86,0.0,1,5.21,5.29,SPY210111P00363000,363.0,0,0.0,0.0,,0.0,normalDay
2020-12-22,8015.0,14.0,0.0,0,367.24,0.0,1,5.21,5.07,SPY210111P00363000,363.0,0,0.0,0.0,,0.0,normalDay
2020-12-23,8015.0,74.0,0.0,0,367.57,0.0,1,5.21,4.47,SPY210111P00363000,363.0,0,0.0,0.0,,0.0,normalDay
2020-12-24,8015.0,174.0,0.0,0,369.0,0.0,1,5.21,3.47,SPY210111P00363000,363.0,0,0.0,0.0,,0.0,normalDay
2020-12-28,8015.0,305.0,0.0,0,372.17,0.0,1,5.21,2.16,SPY210111P00363000,363.0,0,0.0,0.0,,0.0,normalDay
2020-12-29,8015.0,282.0,0.0,0,371.46,0.0,1,5.21,2.39,SPY210111P00363000,363.0,0,0.0,0.0,,0.0,normalDay
2020-12-30,8015.0,312.0,0.0,0,371.99,0.0,1,5.21,2.09,SPY210111P00363000,363.0,0,0.0,0.0,,0.0,normalDay
2020-12-31,8015.0,372.0,0.0,0,373.88,0.0,1,5.21,1.49,SPY210111P00363000,363.0,0,0.0,0.0,,0.0,normalDay
2021-01-04,8015.0,260.0,0.0,0,368.79,0.0,1,5.21,2.61,SPY210111P00363000,363.0,0,0.0,0.0,,0.0,normalDay
2021-01-05,8015.0,359.0,0.0,0,371.33,0.0,1,5.21,1.62,SPY210111P00363000,363.0,0,0.0,0.0,,0.0,normalDay
2021-01-06,8015.0,413.0,0.0,0,373.55,0.0,1,5.21,1.08,SPY210111P00363000,363.0,0,0.0,0.0,,0.0,normalDay
2021-01-07,8015.0,505.0,0.0,0,379.1,0.0,1,5.21,0.16,SPY210111P00363000,363.0,0,0.0,0.0,,0.0,normalDay
2021-01-08,8015.0,517.0,0.0,0,381.26,0.0,1,5.21,0.04,SPY210111P00363000,363.0,0,0.0,0.0,,0.0,normalDay
2021-01-11,8536.0,0.0,521.0,0,378.69,0.0,1,5.21,0.0,SPY210111P00363000,363.0,0,0.0,0.0,,0.0,expirationDay
2021-01-12,8536.0,-5.0,0.0,0,378.77,0.0,1,3.18,3.23,SPY210201P00367000,367.0,0,0.0,0.0,,0.0,normalDay
2021-01-13,8536.0,62.0,0.0,0,379.79,0.0,1,3.18,2.56,SPY210201P00367000,367.0,0,0.0,0.0,,0.0,normalDay
2021-01-14,8536.0,24.0,0.0,0,378.46,0.0,1,3.18,2.94,SPY210201P00367000,367.0,0,0.0,0.0,,0.0,normalDay
2021-01-15,8536.0,-45.0,0.0,0,375.7,0.0,1,3.18,3.63,SPY210201P00367000,367.0,0,0.0,0.0,,0.0,normalDay
2021-01-19,8536.0,106.0,0.0,0,378.65,0.0,1,3.18,2.12,SPY210201P00367000,367.0,0,0.0,0.0,,0.0,normalDay
2021-01-20,8536.0,217.0,0.0,0,383.89,0.0,1,3.18,1.01,SPY210201P00367000,367.0,0,0.0,0.0,,0.0,normalDay
2021-01-21,8536.0,240.0,0.0,0,384.24,0.0,1,3.18,0.78,SPY210201P00367000,367.0,0,0.0,0.0,,0.0,normalDay
2021-01-22,8536.0,250.0,0.0,0,382.88,0.0,1,3.18,0.68,SPY210201P00367000,367.0,0,0.0,0.0,,0.0,normalDay
2021-01-25,8536.0,275.0,0.0,0,384.39,0.0,1,3.18,0.43,SPY210201P00367000,367.0,0,0.0,0.0,,0.0,normalDay
2021-01-26,8536.0,287.0,0.0,0,383.79,0.0,1,3.18,0.31,SPY210201P00367000,367.0,0,0.0,0.0,,0.0,normalDay
2021-01-27,8536.0,37.0,0.0,0,374.41,0.0,1,3.18,2.81,SPY210201P00367000,367.0,0,0.0,0.0,,0.0,normalDay
2021-01-28,8536.0,228.0,0.0,0,377.63,0.0,1,3.18,0.9,SPY210201P00367000,367.0,0,0.0,0.0,,0.0,normalDay
2021-01-29,8536.0,71.0,0.0,0,370.07,0.0,1,3.18,2.47,SPY210201P00367000,367.0,0,0.0,0.0,,0.0,normalDay
2021-02-01,8854.0,0.0,318.0,0,376.23,0.0,1,3.18,0.0,SPY210201P00367000,367.0,0,0.0,0.0,,0.0,expirationDay
2021-02-02,8854.0,-8.0,0.0,0,381.55,0.0,1,4.08,4.16,SPY210222P00374000,374.0,0,0.0,0.0,,0.0,normalDay
2021-02-03,8854.0,68.0,0.0,0,381.85,0.0,1,4.08,3.4,SPY210222P00374000,374.0,0,0.0,0.0,,0.0,normalDay
2021-02-04,8854.0,185.0,0.0,0,386.19,0.0,1,4.08,2.23,SPY210222P00374000,374.0,0,0.0,0.0,,0.0,normalDay
2021-02-05,8854.0,250.0,0.0,0,387.71,0.0,1,4.08,1.58,SPY210222P00374000,374.0,0,0.0,0.0,,0.0,normalDay
2021-02-08,8854.0,302.0,0.0,0,390.51,0.0,1,4.08,1.06,SPY210222P00374000,374.0,0,0.0,0.0,,0.0,normalDay
2021-02-09,8854.0,309.0,0.0,0,390.25,0.0,1,4.08,0.99,SPY210222P00374000,374.0,0,0.0,0.0,,0.0,normalDay
2021-02-10,8854.0,306.0,0.0,0,390.08,0.0,1,4.08,1.02,SPY210222P00374000,374.0,0,0.0,0.0,,0.0,normalDay
2021-02-11,8854.0,330.0,0.0,0,390.71,0.0,1,4.08,0.78,SPY210222P00374000,374.0,0,0.0,0.0,,0.0,normalDay
2021-02-12,8854.0,374.0,0.0,0,392.64,0.0,1,4.08,0.34,SPY210222P00374000,374.0,0,0.0,0.0,,0.0,normalDay
2021-02-16,8854.0,384.0,0.0,0,392.3,0.0,1,4.08,0.24,SPY210222P00374000,374.0,0,0.0,0.0,,0.0,normalDay
2021-02-17,8854.0,393.0,0.0,0,392.39,0.0,1,4.08,0.15,SPY210222P00374000,374.0,0,0.0,0.0,,0.0,normalDay
2021-02-18,8854.0,395.0,0.0,0,390.72,0.0,1,4.08,0.13,SPY210222P00374000,374.0,0,0.0,0.0,,0.0,normalDay
2021-02-19,8854.0,403.0,0.0,0,390.03,0.0,1,4.08,0.05,SPY210222P00374000,374.0,0,0.0,0.0,,0.0,normalDay
2021-02-22,9262.0,0.0,408.0,0,387.03,0.0,1,4.08,0.0,SPY210222P00374000,374.0,0,0.0,0.0,,0.0,expirationDay
2021-02-23,9262.0,-7.0,0.0,0,387.5,0.0,1,3.67,3.74,SPY210315P00378000,378.0,0,0.0,0.0,,0.0,normalDay
2021-02-24,9262.0,134.0,0.0,0,391.77,0.0,1,3.67,2.33,SPY210315P00378000,378.0,0,0.0,0.0,,0.0,normalDay
2021-02-25,9262.0,-242.0,0.0,0,382.33,0.0,1,3.67,6.09,SPY210315P00378000,378.0,0,0.0,0.0,,0.0,normalDay
2021-02-26,9262.0,-281.0,0.0,0,380.36,0.0,1,3.67,6.48,SPY210315P00378000,378.0,0,0.0,0.0,,0.0,normalDay
2021-03-01,9262.0,119.0,0.0,0,389.58,0.0,1,3.67,2.48,SPY210315P00378000,378.0,0,0.0,0.0,,0.0,normalDay
2021-03-02,9262.0,55.0,0.0,0,386.54,0.0,1,3.67,3.12,SPY210315P00378000,378.0,0,0.0,0.0,,0.0,normalDay
2021-03-03,9262.0,-108.0,0.0,0,381.42,0.0,1,3.67,4.75,SPY210315P00378000,378.0,0,0.0,0.0,,0.0,normalDay
2021-03-04,9262.0,-312.0,0.0,0,376.7,0.0,1,3.67,6.79,SPY210315P00378000,378.0,0,0.0,0.0,,0.0,normalDay
2021-03-05,9262.0,43.0,0.0,0,383.63,0.0,1,3.67,3.24,SPY210315P00378000,378.0,0,0.0,0.0,,0.0,normalDay
2021-03-08,9262.0,43.0,0.0,0,381.72,0.0,1,3.67,3.24,SPY210315P00378000,378.0,0,0.0,0.0,,0.0,normalDay
2021-03-09,9262.0,229.0,0.0,0,387.17,0.0,1,3.67,1.38,SPY210315P00378000,378.0,0,0.0,0.0,,0.0,normalDay
2021-03-10,9262.0,321.0,0.0,0,389.58,0.0,1,3.67,0.46,SPY210315P00378000,378.0,0,0.0,0.0,,0.0,normalDay
2021-03-11,9262.0,353.0,0.0,0,393.53,0.0,1,3.67,0.14,SPY210315P00378000,378.0,0,0.0,0.0,,0.0,normalDay
2021-03-12,9262.0,364.0,0.0,0,394.06,0.0,1,3.67,0.03,SPY210315P00378000,378.0,0,0.0,0.0,,0.0,normalDay
2021-03-15,9629.0,0.0,367.0,0,396.41,0.0,1,3.67,0.0,SPY210315P00378000,378.0,0,0.0,0.0,,0.0,expirationDay
2021-03-16,9629.0,-5.0,0.0,0,395.91,0.0,1,1.96,2.01,SPY210405P00380000,380.0,0,0.0,0.0,,0.0,normalDay
2021-03-17,9629.0,35.0,0.0,0,397.26,0.0,1,1.96,1.61,SPY210405P00380000,380.0,0,0.0,0.0,,0.0,normalDay
2021-03-18,9629.0,-53.0,0.0,0,391.48,0.0,1,1.96,2.49,SPY210405P00380000,380.0,0,0.0,0.0,,0.0,normalDay
2021-03-19,9629.0,-57.0,0.0,0,389.48,0.0,1,1.96,2.53,SPY210405P00380000,380.0,0,0.0,0.0,,0.0,normalDay
2021-03-22,9629.0,72.0,0.0,0,392.59,0.0,1,1.96,1.24,SPY210405P00380000,380.0,0,0.0,0.0,,0.0,normalDay
2021-03-23,9629.0,9.0,0.0,0,389.5,0.0,1,1.96,1.87,SPY210405P00380000,380.0,0,0.0,0.0,,0.0,normalDay
2021-03-24,9629.0,-17.0,0.0,0,387.52,0.0,1,1.96,2.13,SPY210405P00380000,380.0,0,0.0,0.0,,0.0,normalDay
2021-03-25,9629.0,64.0,0.0,0,389.7,0.0,1,1.96,1.32,SPY210405P00380000,380.0,0,0.0,0.0,,0.0,normalDay
2021-03-26,9629.0,138.0,0.0,0,395.98,0.0,1,1.96,0.58,SPY210405P00380000,380.0,0,0.0,0.0,,0.0,normalDay
2021-03-29,9629.0,151.0,0.0,0,395.78,0.0,1,1.96,0.45,SPY210405P00380000,380.0,0,0.0,0.0,,0.0,normalDay
2021-03-30,9629.0,170.0,0.0,0,394.73,0.0,1,1.96,0.26,SPY210405P00380000,380.0,0,0.0,0.0,,0.0,normalDay
2021-03-31,9629.0,189.0,0.0,0,396.33,0.0,1,1.96,0.07,SPY210405P00380000,380.0,0,0.0,0.0,,0.0,normalDay
2021-04-01,9629.0,194.0,0.0,0,400.61,0.0,1,1.96,0.02,SPY210405P00380000,380.0,0,0.0,0.0,,0.0,normalDay
2021-04-05,9825.0,0.0,196.0,0,406.36,0.0,1,1.96,0.0,SPY210405P00380000,380.0,0,0.0,0.0,,0.0,expirationDay
2021-04-06,9825.0,-4.0,0.0,0,406.12,0.0,1,1.51,1.55,SPY210426P00390000,390.0,0,0.0,0.0,,0.0,normalDay
2021-04-07,9825.0,29.0,0.0,0,406.59,0.0,1,1.51,1.22,SPY210426P00390000,390.0,0,0.0,0.0,,0.0,normalDay
2021-04-08,9825.0,56.0,0.0,0,408.52,0.0,1,1.51,0.95,SPY210426P00390000,390.0,0,0.0,0.0,,0.0,normalDay
2021-04-09,9825.0,85.0,0.0,0,411.49,0.0,1,1.51,0.66,SPY210426P00390000,390.0,0,0.0,0.0,,0.0,normalDay
2021-04-12,9825.0,106.0,0.0,0,411.64,0.0,1,1.51,0.45,SPY210426P00390000,390.0,0,0.0,0.0,,0.0,normalDay
2021-04-13,9825.0,118.0,0.0,0,412.86,0.0,1,1.51,0.33,SPY210426P00390000,390.0,0,0.0,0.0,,0.0,normalDay
2021-04-14,9825.0,116.0,0.0,0,411.45,0.0,1,1.51,0.35,SPY210426P00390000,390.0,0,0.0,0.0,,0.0,normalDay
2021-04-15,9825.0,129.0,0.0,0,415.87,0.0,1,1.51,0.22,SPY210426P00390000,390.0,0,0.0,0.0,,0.0,normalDay
2021-04-16,9825.0,140.0,0.0,0,417.26,0.0,1,1.51,0.11,SPY210426P00390000,390.0,0,0.0,0.0,,0.0,normalDay
2021-04-19,9825.0,145.0,0.0,0,415.21,0.0,1,1.51,0.06,SPY210426P00390000,390.0,0,0.0,0.0,,0.0,normalDay
2021-04-20,9825.0,141.0,0.0,0,412.17,0.0,1,1.51,0.1,SPY210426P00390000,390.0,0,0.0,0.0,,0.0,normalDay
2021-04-21,9825.0,148.0,0.0,0,416.07,0.0,1,1.51,0.03,SPY210426P00390000,390.0,0,0.0,0.0,,0.0,normalDay
2021-04-22,9825.0,146.0,0.0,0,412.27,0.0,1,1.51,0.05,SPY210426P00390000,390.0,0,0.0,0.0,,0.0,normalDay
2021-04-23,9825.0,149.0,0.0,0,416.74,0.0,1,1.51,0.02,SPY210426P00390000,390.0,0,0.0,0.0,,0.0,normalDay
2021-04-26,9976.0,0.0,151.0,0,417.61,0.0,1,1.51,0.0,SPY210426P00390000,390.0,0,0.0,0.0,,0.0,expirationDay
2021-04-27,9976.0,-3.0,0.0,0,417.52,0.0,1,1.82,1.85,SPY210517P00403000,403.0,0,0.0,0.0,,0.0,normalDay
2021-04-28,9976.0,25.0,0.0,0,417.4,0.0,1,1.82,1.57,SPY210517P00403000,403.0,0,0.0,0.0,,0.0,normalDay
2021-04-29,9976.0,54.0,0.0,0,420.06,0.0,1,1.82,1.28,SPY210517P00403000,403.0,0,0.0,0.0,,0.0,normalDay
2021-04-30,9976.0,24.0,0.0,0,417.3,0.0,1,1.82,1.58,SPY210517P00403000,403.0,0,0.0,0.0,,0.0,normalDay
2021-05-03,9976.0,66.0,0.0,0,418.2,0.0,1,1.82,1.16,SPY210517P00403000,403.0,0,0.0,0.0,,0.0,normalDay
2021-05-04,9976.0,25.0,0.0,0,415.62,0.0,1,1.82,1.57,SPY210517P00403000,403.0,0,0.0,0.0,,0.0,normalDay
2021-05-05,9976.0,40.0,0.0,0,415.75,0.0,1,1.82,1.42,SPY210517P00403000,403.0,0,0.0,0.0,,0.0,normalDay
2021-05-06,9976.0,105.0,0.0,0,419.07,0.0,1,1.82,0.77,SPY210517P00403000,403.0,0,0.0,0.0,,0.0,normalDay
2021-05-07,9976.0,142.0,0.0,0,422.12,0.0,1,1.82,0.4,SPY210517P00403000,403.0,0,0.0,0.0,,0.0,normalDay
2021-05-10,9976.0,116.0,0.0,0,417.94,0.0,1,1.82,0.66,SPY210517P00403000,403.0,0,0.0,0.0,,0.0,normalDay
2021-05-11,9976.0,80.0,0.0,0,414.21,0.0,1,1.82,1.02,SPY210517P00403000,403.0,0,0.0,0.0,,0.0,normalDay
2021-05-12,9976.0,-160.0,0.0,0,405.41,0.0,1,1.82,3.42,SPY210517P00403000,403.0,0,0.0,0.0,,0.0,normalDay
2021-05-13,9976.0,71.0,0.0,0,410.28,0.0,1,1.82,1.11,SPY210517P00403000,403.0,0,0.0,0.0,,0.0,normalDay
2021-05-14,9976.0,172.0,0.0,0,416.58,0.0,1,1.82,0.1,SPY210517P00403000,403.0,0,0.0,0.0,,0.0,normalDay
2021-05-17,10158.0,0.0,182.0,0,415.52,0.0,1,1.82,0.0,SPY210517P00403000,403.0,0,0.0,0.0,,0.0,expirationDay
2021-05-18,10158.0,-5.0,0.0,0,411.94,0.0,1,6.21,6.26,SPY210607P00412000,412.0,0,0.0,0.0,,0.0,normalDay
2021-05-19,10158.0,-48.0,0.0,0,410.86,0.0,1,6.21,6.69,SPY210607P00412000,412.0,0,0.0,0.0,,0.0,normalDay
2021-05-20,10158.0,184.0,0.0,0,415.28,0.0,1,6.21,4.37,SPY210607P00412000,412.0,0,0.0,0.0,,0.0,normalDay
2021-05-21,10158.0,226.0,0.0,0,414.94,0.0,1,6.21,3.95,SPY210607P00412000,412.0,0,0.0,0.0,,0.0,normalDay
2021-05-24,10158.0,432.0,0.0,0,419.17,0.0,1,6.21,1.89,SPY210607P00412000,412.0,0,0.0,0.0,,0.0,normalDay
2021-05-25,10158.0,410.0,0.0,0,418.24,0.0,1,6.21,2.11,SPY210607P00412000,412.0,0,0.0,0.0,,0.0,normalDay
2021-05-26,10158.0,472.0,0.0,0,419.07,0.0,1,6.21,1.49,SPY210607P00412000,412.0,0,0.0,0.0,,0.0,normalDay
2021-05-27,10158.0,519.0,0.0,0,419.29,0.0,1,6.21,1.02,SPY210607P00412000,412.0,0,0.0,0.0,,0.0,normalDay
2021-05-28,10158.0,546.0,0.0,0,420.04,0.0,1,6.21,0.75,SPY210607P00412000,412.0,0,0.0,0.0,,0.0,normalDay
2021-06-01,10158.0,567.0,0.0,0,419.67,0.0,1,6.21,0.54,SPY210607P00412000,412.0,0,0.0,0.0,,0.0,normalDay
2021-06-02,10158.0,596.0,0.0,0,420.33,0.0,1,6.21,0.25,SPY210607P00412000,412.0,0,0.0,0.0,,0.0,normalDay
2021-06-03,10158.0,586.0,0.0,0,418.77,0.0,1,6.21,0.35,SPY210607P00412000,412.0,0,0.0,0.0,,0.0,normalDay
2021-06-04,10158.0,616.0,0.0,0,422.6,0.0,1,6.21,0.05,SPY210607P00412000,412.0,0,0.0,0.0,,0.0,normalDay
2021-06-07,10779.0,0.0,621.0,0,422.19,0.0,1,6.21,0.0,SPY210607P00412000,412.0,0,0.0,0.0,,0.0,expirationDay
2021-06-08,10779.0,-4.0,0.0,0,422.28,0.0,1,2.4,2.44,SPY210628P00412000,412.0,0,0.0,0.0,,0.0,normalDay
2021-06-09,10779.0,-29.0,0.0,0,421.65,0.0,1,2.4,2.69,SPY210628P00412000,412.0,0,0.0,0.0,,0.0,normalDay
2021-06-10,10779.0,71.0,0.0,0,423.61,0.0,1,2.4,1.69,SPY210628P00412000,412.0,0,0.0,0.0,,0.0,normalDay
2021-06-11,10779.0,101.0,0.0,0,424.31,0.0,1,2.4,1.39,SPY210628P00412000,412.0,0,0.0,0.0,,0.0,normalDay
2021-06-14,10779.0,122.0,0.0,0,425.26,0.0,1,2.4,1.18,SPY210628P00412000,412.0,0,0.0,0.0,,0.0,normalDay
2021-06-15,10779.0,107.0,0.0,0,424.48,0.0,1,2.4,1.33,SPY210628P00412000,412.0,0,0.0,0.0,,0.0,normalDay
2021-06-16,10779.0,64.0,0.0,0,422.11,0.0,1,2.4,1.76,SPY210628P00412000,412.0,0,0.0,0.0,,0.0,normalDay
2021-06-17,10779.0,102.0,0.0,0,421.97,0.0,1,2.4,1.38,SPY210628P00412000,412.0,0,0.0,0.0,,0.0,normalDay
2021-06-18,10779.0,-85.0,0.0,0,414.92,0.0,1,2.4,3.25,SPY210628P00412000,412.0,0,0.0,0.0,,0.0,normalDay
2021-06-21,10779.0,160.0,0.0,0,420.86,0.0,1,2.4,0.8,SPY210628P00412000,412.0,0,0.0,0.0,,0.0,normalDay
2021-06-22,10779.0,205.0,0.0,0,423.11,0.0,1,2.4,0.35,SPY210628P00412000,412.0,0,0.0,0.0,,0.0,normalDay
2021-06-23,10779.0,220.0,0.0,0,422.6,0.0,1,2.4,0.2,SPY210628P00412000,412.0,0,0.0,0.0,,0.0,normalDay
2021-06-24,10779.0,232.0,0.0,0,425.1,0.0,1,2.4,0.08,SPY210628P00412000,412.0,0,0.0,0.0,,0.0,normalDay
2021-06-25,10779.0,235.0,0.0,0,426.61,0.0,1,2.4,0.05,SPY210628P00412000,412.0,0,0.0,0.0,,0.0,normalDay
2021-06-28,11019.0,0.0,240.0,0,427.47,0.0,1,2.4,0.0,SPY210628P00412000,412.0,0,0.0,0.0,,0.0,expirationDay
2021-06-29,11019.0,-4.0,0.0,0,427.7,0.0,1,2.03,2.07,SPY210719P00420000,420.0,0,0.0,0.0,,0.0,normalDay
2021-06-30,11019.0,24.0,0.0,0,428.06,0.0,1,2.03,1.79,SPY210719P00420000,420.0,0,0.0,0.0,,0.0,normalDay
2021-07-01,11019.0,52.0,0.0,0,430.43,0.0,1,2.03,1.51,SPY210719P00420000,420.0,0,0.0,0.0,,0.0,normalDay
2021-07-02,11019.0,106.0,0.0,0,433.72,0.0,1,2.03,0.97,SPY210719P00420000,420.0,0,0.0,0.0,,0.0,normalDay
2021-07-06,11019.0,102.0,0.0,0,432.93,0.0,1,2.03,1.01,SPY210719P00420000,420.0,0,0.0,0.0,,0.0,normalDay
2021-07-07,11019.0,129.0,0.0,0,434.46,0.0,1,2.03,0.74,SPY210719P00420000,420.0,0,0.0,0.0,,0.0,normalDay
2021-07-08,11019.0,46.0,0.0,0,430.92,0.0,1,2.03,1.57,SPY210719P00420000,420.0,0,0.0,0.0,,0.0,normalDay
2021-07-09,11019.0,152.0,0.0,0,435.52,0.0,1,2.03,0.51,SPY210719P00420000,420.0,0,0.0,0.0,,0.0,normalDay
2021-07-12,11019.0,179.0,0.0,0,437.08,0.0,1,2.03,0.24,SPY210719P00420000,420.0,0,0.0,0.0,,0.0,normalDay
2021-07-13,11019.0,173.0,0.0,0,435.59,0.0,1,2.03,0.3,SPY210719P00420000,420.0,0,0.0,0.0,,0.0,normalDay
2021-07-14,11019.0,191.0,0.0,0,436.24,0.0,1,2.03,0.12,SPY210719P00420000,420.0,0,0.0,0.0,,0.0,normalDay
2021-07-15,11019.0,191.0,0.0,0,434.75,0.0,1,2.03,0.12,SPY210719P00420000,420.0,0,0.0,0.0,,0.0,normalDay
2021-07-16,11019.0,192.0,0.0,0,431.34,0.0,1,2.03,0.11,SPY210719P00420000,420.0,0,0.0,0.0,,0.0,normalDay
2021-07-19,11222.0,0.0,203.0,0,424.97,0.0,1,2.03,0.0,SPY210719P00420000,420.0,0,0.0,0.0,,0.0,expirationDay
2021-07-20,11222.0,-4.0,0.0,0,431.06,0.0,1,4.08,4.12,SPY210809P00425000,425.0,0,0.0,0.0,,0.0,normalDay
2021-07-21,11222.0,153.0,0.0,0,434.55,0.0,1,4.08,2.55,SPY210809P00425000,425.0,0,0.0,0.0,,0.0,normalDay
2021-07-22,11222.0,190.0,0.0,0,435.46,0.0,1,4.08,2.18,SPY210809P00425000,425.0,0,0.0,0.0,,0.0,normalDay
2021-07-23,11222.0,274.0,0.0,0,439.94,0.0,1,4.08,1.34,SPY210809P00425000,425.0,0,0.0,0.0,,0.0,normalDay
2021-07-26,11222.0,314.0,0.0,0,441.02,0.0,1,4.08,0.94,SPY210809P00425000,425.0,0,0.0,0.0,,0.0,normalDay
2021-07-27,11222.0,257.0,0.0,0,439.01,0.0,1,4.08,1.51,SPY210809P00425000,425.0,0,0.0,0.0,,0.0,normalDay
2021-07-28,11222.0,300.0,0.0,0,438.83,0.0,1,4.08,1.08,SPY210809P00425000,425.0,0,0.0,0.0,,0.0,normalDay
2021-07-29,11222.0,346.0,0.0,0,440.65,0.0,1,4.08,0.62,SPY210809P00425000,425.0,0,0.0,0.0,,0.0,normalDay
2021-07-30,11222.0,342.0,0.0,0,438.51,0.0,1,4.08,0.66,SPY210809P00425000,425.0,0,0.0,0.0,,0.0,normalDay
2021-08-02,11222.0,352.0,0.0,0,437.59,0.0,1,4.08,0.56,SPY210809P00425000,425.0,0,0.0,0.0,,0.0,normalDay
2021-08-03,11222.0,393.0,0.0,0,441.15,0.0,1,4.08,0.15,SPY210809P00425000,425.0,0,0.0,0.0,,0.0,normalDay
2021-08-04,11222.0,395.0,0.0,0,438.98,0.0,1,4.08,0.13,SPY210809P00425000,425.0,0,0.0,0.0,,0.0,normalDay
2021-08-05,11222.0,403.0,0.0,0,441.76,0.0,1,4.08,0.05,SPY210809P00425000,425.0,0,0.0,0.0,,0.0,normalDay
2021-08-06,11222.0,406.0,0.0,0,442.49,0.0,1,4.08,0.02,SPY210809P00425000,425.0,0,0.0,0.0,,0.0,normalDay
2021-08-09,11630.0,0.0,408.0,0,442.13,0.0,1,4.08,0.0,SPY210809P00425000,425.0,0,0.0,0.0,,0.0,expirationDay
2021-08-10,11630.0,-4.0,0.0,0,442.68,0.0,1,2.46,2.5,SPY210830P00433000,433.0,0,0.0,0.0,,0.0,normalDay
2021-08-11,11630.0,49.0,0.0,0,443.78,0.0,1,2.46,1.97,SPY210830P00433000,433.0,0,0.0,0.0,,0.0,normalDay
2021-08-12,11630.0,93.0,0.0,0,445.11,0.0,1,2.46,1.53,SPY210830P00433000,433.0,0,0.0,0.0,,0.0,normalDay
2021-08-13,11630.0,126.0,0.0,0,445.92,0.0,1,2.46,1.2,SPY210830P00433000,433.0,0,0.0,0.0,,0.0,normalDay
2021-08-16,11630.0,147.0,0.0,0,446.97,0.0,1,2.46,0.99,SPY210830P00433000,433.0,0,0.0,0.0,,0.0,normalDay
2021-08-17,11630.0,70.0,0.0,0,444.04,0.0,1,2.46,1.76,SPY210830P00433000,433.0,0,0.0,0.0,,0.0,normalDay
2021-08-18,11630.0,-95.0,0.0,0,439.18,0.0,1,2.46,3.41,SPY210830P00433000,433.0,0,0.0,0.0,,0.0,normalDay
2021-08-19,11630.0,-44.0,0.0,0,439.86,0.0,1,2.46,2.9,SPY210830P00433000,433.0,0,0.0,0.0,,0.0,normalDay
2021-08-20,11630.0,128.0,0.0,0,443.36,0.0,1,2.46,1.18,SPY210830P00433000,433.0,0,0.0,0.0,,0.0,normalDay
2021-08-23,11630.0,217.0,0.0,0,447.26,0.0,1,2.46,0.29,SPY210830P00433000,433.0,0,0.0,0.0,,0.0,normalDay
2021-08-24,11630.0,223.0,0.0,0,447.97,0.0,1,2.46,0.23,SPY210830P00433000,433.0,0,0.0,0.0,,0.0,normalDay
2021-08-25,11630.0,233.0,0.0,0,448.91,0.0,1,2.46,0.13,SPY210830P00433000,433.0,0,0.0,0.0,,0.0,normalDay
2021-08-26,11630.0,218.0,0.0,0,446.26,0.0,1,2.46,0.28,SPY210830P00433000,433.0,0,0.0,0.0,,0.0,normalDay
2021-08-27,11630.0,240.0,0.0,0,450.25,0.0,1,2.46,0.06,SPY210830P00433000,433.0,0,0.0,0.0,,0.0,normalDay
2021-08-30,11876.0,0.0,246.0,0,452.23,0.0,1,2.46,0.0,SPY210830P00433000,433.0,0,0.0,0.0,,0.0,expirationDay
2021-08-31,11876.0,-4.0,0.0,0,451.56,0.0,1,2.09,2.13,SPY210920P00441000,441.0,0,0.0,0.0,,0.0,normalDay
2021-09-01,11876.0,18.0,0.0,0,451.8,0.0,1,2.09,1.91,SPY210920P00441000,441.0,0,0.0,0.0,,0.0,normalDay
2021-09-02,11876.0,35.0,0.0,0,453.19,0.0,1,2.09,1.74,SPY210920P00441000,441.0,0,0.0,0.0,,0.0,normalDay
2021-09-03,11876.0,59.0,0.0,0,453.08,0.0,1,2.09,1.5,SPY210920P00441000,441.0,0,0.0,0.0,,0.0,normalDay
2021-09-07,11876.0,44.0,0.0,0,451.46,0.0,1,2.09,1.65,SPY210920P00441000,441.0,0,0.0,0.0,,0.0,normalDay
2021-09-08,11876.0,54.0,0.0,0,450.91,0.0,1,2.09,1.55,SPY210920P00441000,441.0,0,0.0,0.0,,0.0,normalDay
2021-09-09,11876.0,-2.0,0.0,0,448.98,0.0,1,2.09,2.11,SPY210920P00441000,441.0,0,0.0,0.0,,0.0,normalDay
2021-09-10,11876.0,-118.0,0.0,0,445.44,0.0,1,2.09,3.27,SPY210920P00441000,441.0,0,0.0,0.0,,0.0,normalDay
2021-09-13,11876.0,7.0,0.0,0,446.58,0.0,1,2.09,2.02,SPY210920P00441000,441.0,0,0.0,0.0,,0.0,normalDay
2021-09-14,11876.0,-33.0,0.0,0,444.17,0.0,1,2.09,2.42,SPY210920P00441000,441.0,0,0.0,0.0,,0.0,normalDay
2021-09-15,11876.0,122.0,0.0,0,447.88,0.0,1,2.09,0.87,SPY210920P00441000,441.0,0,0.0,0.0,,0.0,normalDay
2021-09-16,11876.0,137.0,0.0,0,447.17,0.0,1,2.09,0.72,SPY210920P00441000,441.0,0,0.0,0.0,,0.0,normalDay
2021-09-17,11876.0,43.0,0.0,0,441.4,0.0,1,2.09,1.66,SPY210920P00441000,441.0,0,0.0,0.0,,0.0,normalDay
2021-09-20,12085.0,-696.0,209.0,100,434.04,441.0,1,2.09,0.0,SPY210920P00441000,441.0,0,0.0,0.0,,0.0,expirationDay
2021-09-21,12085.0,-744.0,0.0,100,433.63,441.0,0,0.0,0.0,,0.0,1,8.05,8.12,SPY220218C00459000,459.0,normalDay
2021-09-22,12085.0,-405.0,0.0,100,437.86,441.0,0,0.0,0.0,,0.0,1,8.05,8.96,SPY220218C00459000,459.0,normalDay
2021-09-23,12085.0,-8.0,0.0,100,443.18,441.0,0,0.0,0.0,,0.0,1,8.05,10.31,SPY220218C00459000,459.0,normalDay
2021-09-24,12085.0,55.0,0.0,100,443.91,441.0,0,0.0,0.0,,0.0,1,8.05,10.41,SPY220218C00459000,459.0,normalDay
2021-09-27,12085.0,-2.0,0.0,100,442.64,441.0,0,0.0,0.0,,0.0,1,8.05,9.71,SPY220218C00459000,459.0,normalDay
2021-09-28,12085.0,-682.0,0.0,100,433.72,441.0,0,0.0,0.0,,0.0,1,8.05,7.59,SPY220218C00459000,459.0,normalDay
2021-09-29,12085.0,-615.0,0.0,100,434.45,441.0,0,0.0,0.0,,0.0,1,8.05,7.65,SPY220218C00459000,459.0,normalDay
2021-09-30,12085.0,-965.0,0.0,100,429.14,441.0,0,0.0,0.0,,0.0,1,8.05,5.84,SPY220218C00459000,459.0,normalDay
2021-10-01,12085.0,-588.0,0.0,100,434.24,441.0,0,0.0,0.0,,0.0,1,8.05,7.17,SPY220218C00459000,459.0,normalDay
2021-10-04,12085.0,-1000.0,0.0,100,428.64,441.0,0,0.0,0.0,,0.0,1,8.05,5.69,SPY220218C00459000,459.0,normalDay
2021-10-05,12085.0,-641.0,0.0,100,433.1,441.0,0,0.0,0.0,,0.0,1,8.05,6.56,SPY220218C00459000,459.0,normalDay
2021-10-06,12085.0,-509.0,0.0,100,434.9,441.0,0,0.0,0.0,,0.0,1,8.05,7.04,SPY220218C00459000,459.0,normalDay
2021-10-07,12085.0,-241.0,0.0,100,438.66,441.0,0,0.0,0.0,,0.0,1,8.05,8.12,SPY220218C00459000,459.0,normalDay
2021-10-08,12085.0,-245.0,0.0,100,437.86,441.0,0,0.0,0.0,,0.0,1,8.05,7.36,SPY220218C00459000,459.0,normalDay
2021-10-11,12085.0,-447.0,0.0,100,434.69,441.0,0,0.0,0.0,,0.0,1,8.05,6.21,SPY220218C00459000,459.0,normalDay
2021-10-12,12085.0,-475.0,0.0,100,433.62,441.0,0,0.0,0.0,,0.0,1,8.05,5.42,SPY220218C00459000,459.0,normalDay
2021-10-13,12085.0,-352.0,0.0,100,435.18,441.0,0,0.0,0.0,,0.0,1,8.05,5.75,SPY220218C00459000,459.0,normalDay
2021-10-14,12085.0,158.0,0.0,100,442.5,441.0,0,0.0,0.0,,0.0,1,8.05,7.97,SPY220218C00459000,459.0,normalDay
2021-10-15,12085.0,364.0,0.0,100,445.87,441.0,0,0.0,0.0,,0.0,1,8.05,9.28,SPY220218C00459000,459.0,normalDay
2021-10-18,12085.0,446.0,0.0,100,447.19,441.0,0,0.0,0.0,,0.0,1,8.05,9.78,SPY220218C00459000,459.0,normalDay
2021-10-19,12085.0,634.0,0.0,100,450.64,441.0,0,0.0,0.0,,0.0,1,8.05,11.35,SPY220218C00459000,459.0,normalDay
2021-10-20,12085.0,768.0,0.0,100,452.41,441.0,0,0.0,0.0,,0.0,1,8.05,11.78,SPY220218C00459000,459.0,normalDay
2021-10-21,12085.0,829.0,0.0,100,453.59,441.0,0,0.0,0.0,,0.0,1,8.05,12.35,SPY220218C00459000,459.0,normalDay
2021-10-22,12085.0,796.0,0.0,100,453.12,441.0,0,0.0,0.0,,0.0,1,8.05,12.21,SPY220218C00459000,459.0,normalDay
2021-10-25,12085.0,965.0,0.0,100,455.55,441.0,0,0.0,0.0,,0.0,1,8.05,12.95,SPY220218C00459000,459.0,normalDay
2021-10-26,12085.0,927.0,0.0,100,455.96,441.0,0,0.0,0.0,,0.0,1,8.05,13.74,SPY220218C00459000,459.0,normalDay
2021-10-27,12085.0,791.0,0.0,100,453.94,441.0,0,0.0,0.0,,0.0,1,8.05,13.08,SPY220218C00459000,459.0,normalDay
2021-10-28,12085.0,1041.0,0.0,100,458.32,441.0,0,0.0,0.0,,0.0,1,8.05,14.96,SPY220218C00459000,459.0,normalDay
2021-10-29,12085.0,1058.0,0.0,100,459.25,441.0,0,0.0,0.0,,0.0,1,8.05,15.72,SPY220218C00459000,459.0,normalDay
2021-11-01,12085.0,1117.0,0.0,100,460.04,441.0,0,0.0,0.0,,0.0,1,8.05,15.92,SPY220218C00459000,459.0,normalDay
2021-11-02,12085.0,1225.0,0.0,100,461.9,441.0,0,0.0,0.0,,0.0,1,8.05,16.7,SPY220218C00459000,459.0,normalDay
2021-11-03,12085.0,1349.0,0.0,100,464.72,441.0,0,0.0,0.0,,0.0,1,8.05,18.28,SPY220218C00459000,459.0,normalDay
2021-11-04,12085.0,1428.0,0.0,100,466.91,441.0,0,0.0,0.0,,0.0,1,8.05,19.68,SPY220218C00459000,459.0,normalDay
2021-11-05,12085.0,1426.0,0.0,100,468.53,441.0,0,0.0,0.0,,0.0,1,8.05,21.32,SPY220218C00459000,459.0,normalDay
2021-11-08,12085.0,1439.0,0.0,100,468.93,441.0,0,0.0,0.0,,0.0,1,8.05,21.59,SPY220218C00459000,459.0,normalDay
2021-11-09,12085.0,1391.0,0.0,100,467.38,441.0,0,0.0,0.0,,0.0,1,8.05,20.52,SPY220218C00459000,459.0,normalDay
2021-11-10,12085.0,1230.0,0.0,100,463.62,441.0,0,0.0,0.0,,0.0,1,8.05,18.37,SPY220218C00459000,459.0,normalDay
2021-11-11,12085.0,1261.0,0.0,100,463.77,441.0,0,0.0,0.0,,0.0,1,8.05,18.21,SPY220218C00459000,459.0,normalDay
2021-11-12,12085.0,1420.0,0.0,100,467.27,441.0,0,0.0,0.0,,0.0,1,8.05,20.12,SPY220218C00459000,459.0,normalDay
2021-11-15,12085.0,1472.0,0.0,100,467.43,441.0,0,0.0,0.0,,0.0,1,8.05,19.76,SPY220218C00459000,459.0,normalDay
2021-11-16,12085.0,1499.0,0.0,100,469.28,441.0,0,0.0,0.0,,0.0,1,8.05,21.34,SPY220218C00459000,459.0,normalDay
2021-11-17,12085.0,1475.0,0.0,100,468.14,441.0,0,0.0,0.0,,0.0,1,8.05,20.44,SPY220218C00459000,459.0,normalDay
2021-11-18,12085.0,1489.0,0.0,100,469.73,441.0,0,0.0,0.0,,0.0,1,8.05,21.89,SPY220218C00459000,459.0,normalDay
2021-11-19,12085.0,1457.0,0.0,100,468.89,441.0,0,0.0,0.0,,0.0,1,8.05,21.37,SPY220218C00459000,459.0,normalDay
2021-11-22,12085.0,1423.0,0.0,100,467.57,441.0,0,0.0,0.0,,0.0,1,8.05,20.39,SPY220218C00459000,459.0,normalDay
2021-11-23,12085.0,1469.0,0.0,100,468.19,441.0,0,0.0,0.0,,0.0,1,8.05,20.55,SPY220218C00459000,459.0,normalDay
2021-11-24,12085.0,1507.0,0.0,100,469.44,441.0,0,0.0,0.0,,0.0,1,8.05,21.42,SPY220218C00459000,459.0,normalDay
2021-11-26,12085.0,766.0,0.0,100,458.97,441.0,0,0.0,0.0,,0.0,1,8.05,18.36,SPY220218C00459000,459.0,normalDay
2021-11-29,12085.0,1267.0,0.0,100,464.6,441.0,0,0.0,0.0,,0.0,1,8.05,18.98,SPY220218C00459000,459.0,normalDay
2021-11-30,12085.0,657.0,0.0,100,455.56,441.0,0,0.0,0.0,,0.0,1,8.05,16.04,SPY220218C00459000,459.0,normalDay
2021-12-01,12085.0,389.0,0.0,100,450.5,441.0,0,0.0,0.0,,0.0,1,8.05,13.66,SPY220218C00459000,459.0,normalDay
2021-12-02,12085.0,839.0,0.0,100,457.4,441.0,0,0.0,0.0,,0.0,1,8.05,16.06,SPY220218C00459000,459.0,normalDay
2021-12-03,12085.0,570.0,0.0,100,453.42,441.0,0,0.0,0.0,,0.0,1,8.05,14.77,SPY220218C00459000,459.0,normalDay
2021-12-06,12085.0,957.0,0.0,100,458.79,441.0,0,0.0,0.0,,0.0,1,8.05,16.27,SPY220218C00459000,459.0,normalDay
2021-12-07,12085.0,1448.0,0.0,100,468.28,441.0,0,0.0,0.0,,0.0,1,8.05,20.85,SPY220218C00459000,459.0,normalDay
2021-12-08,12085.0,1591.0,0.0,100,469.52,441.0,0,0.0,0.0,,0.0,1,8.05,20.66,SPY220218C00459000,459.0,normalDay
2021-12-09,12085.0,1475.0,0.0,100,466.35,441.0,0,0.0,0.0,,0.0,1,8.05,18.65,SPY220218C00459000,459.0,normalDay
2021-12-10,12085.0,1682.0,0.0,100,470.74,441.0,0,0.0,0.0,,0.0,1,8.05,20.97,SPY220218C00459000,459.0,normalDay
2021-12-13,12085.0,1540.0,0.0,100,466.57,441.0,0,0.0,0.0,,0.0,1,8.05,18.22,SPY220218C00459000,459.0,normalDay
2021-12-14,12085.0,1381.0,0.0,100,463.36,441.0,0,0.0,0.0,,0.0,1,8.05,16.6,SPY220218C00459000,459.0,normalDay
2021-12-15,12085.0,1692.0,0.0,100,470.6,441.0,0,0.0,0.0,,0.0,1,8.05,20.73,SPY220218C00459000,459.0,normalDay
2021-12-16,12085.0,1529.0,0.0,100,466.45,441.0,0,0.0,0.0,,0.0,1,8.05,18.21,SPY220218C00459000,459.0,normalDay
2021-12-17,12085.0,1137.0,0.0,100,459.87,441.0,0,0.0,0.0,,0.0,1,8.05,15.55,SPY220218C00459000,459.0,normalDay
2021-12-20,12085.0,942.0,0.0,100,454.98,441.0,0,0.0,0.0,,0.0,1,8.05,12.61,SPY220218C00459000,459.0,normalDay
2021-12-21,12085.0,1367.0,0.0,100,463.06,441.0,0,0.0,0.0,,0.0,1,8.05,16.44,SPY220218C00459000,459.0,normalDay
2021-12-22,12085.0,1611.0,0.0,100,467.69,441.0,0,0.0,0.0,,0.0,1,8.05,18.63,SPY220218C00459000,459.0,normalDay
2021-12-23,12085.0,1710.0,0.0,100,470.6,441.0,0,0.0,0.0,,0.0,1,8.05,20.55,SPY220218C00459000,459.0,normalDay
2021-12-27,12085.0,1953.0,0.0,100,477.26,441.0,0,0.0,0.0,,0.0,1,8.05,24.78,SPY220218C00459000,459.0,normalDay
2021-12-28,12085.0,1945.0,0.0,100,476.87,441.0,0,0.0,0.0,,0.0,1,8.05,24.47,SPY220218C00459000,459.0,normalDay
2021-12-29,12085.0,2012.0,0.0,100,477.48,441.0,0,0.0,0.0,,0.0,1,8.05,24.41,SPY220218C00459000,459.0,normalDay
2021-12-30,12085.0,2015.0,0.0,100,476.16,441.0,0,0.0,0.0,,0.0,1,8.05,23.06,SPY220218C00459000,459.0,normalDay
2021-12-31,12085.0,1980.0,0.0,100,474.96,441.0,0,0.0,0.0,,0.0,1,8.05,22.21,SPY220218C00459000,459.0,normalDay
2022-01-03,12085.0,2115.0,0.0,100,477.71,441.0,0,0.0,0.0,,0.0,1,8.05,23.61,SPY220218C00459000,459.0,normalDay
2022-01-04,12085.0,2122.0,0.0,100,477.55,441.0,0,0.0,0.0,,0.0,1,8.05,23.38,SPY220218C00459000,459.0,normalDay
2022-01-05,12085.0,1790.0,0.0,100,468.38,441.0,0,0.0,0.0,,0.0,1,8.05,17.53,SPY220218C00459000,459.0,normalDay
2022-01-06,12085.0,1793.0,0.0,100,467.94,441.0,0,0.0,0.0,,0.0,1,8.05,17.06,SPY220218C00459000,459.0,normalDay
2022-01-07,12085.0,1768.0,0.0,100,466.09,441.0,0,0.0,0.0,,0.0,1,8.05,15.46,SPY220218C00459000,459.0,normalDay
2022-01-10,12085.0,1831.0,0.0,100,465.51,441.0,0,0.0,0.0,,0.0,1,8.05,14.25,SPY220218C00459000,459.0,normalDay
2022-01-11,12085.0,1984.0,0.0,100,469.75,441.0,0,0.0,0.0,,0.0,1,8.05,16.96,SPY220218C00459000,459.0,normalDay
2022-01-12,12085.0,2017.0,0.0,100,471.02,441.0,0,0.0,0.0,,0.0,1,8.05,17.9,SPY220218C00459000,459.0,normalDay
2022-01-13,12085.0,1789.0,0.0,100,464.53,441.0,0,0.0,0.0,,0.0,1,8.05,13.69,SPY220218C00459000,459.0,normalDay
2022-01-14,12085.0,1819.0,0.0,100,464.72,441.0,0,0.0,0.0,,0.0,1,8.05,13.58,SPY220218C00459000,459.0,normalDay
2022-01-18,12085.0,1448.0,0.0,100,456.49,441.0,0,0.0,0.0,,0.0,1,8.05,9.06,SPY220218C00459000,459.0,normalDay
2022-01-19,12085.0,1196.0,0.0,100,451.75,441.0,0,0.0,0.0,,0.0,1,8.05,6.84,SPY220218C00459000,459.0,normalDay
2022-01-20,12085.0,912.0,0.0,100,446.75,441.0,0,0.0,0.0,,0.0,1,8.05,4.68,SPY220218C00459000,459.0,normalDay
2022-01-21,12085.0,218.0,0.0,100,437.98,441.0,0,0.0,0.0,,0.0,1,8.05,2.85,SPY220218C00459000,459.0,normalDay
2022-01-24,12085.0,394.0,0.0,100,439.84,441.0,0,0.0,0.0,,0.0,1,8.05,2.95,SPY220218C00459000,459.0,normalDay
2022-01-25,12085.0,-15.0,0.0,100,434.47,441.0,0,0.0,0.0,,0.0,1,8.05,1.67,SPY220218C00459000,459.0,normalDay
2022-01-26,12085.0,-122.0,0.0,100,433.38,441.0,0,0.0,0.0,,0.0,1,8.05,1.65,SPY220218C00459000,459.0,normalDay
2022-01-27,12085.0,-298.0,0.0,100,431.24,441.0,0,0.0,0.0,,0.0,1,8.05,1.27,SPY220218C00459000,459.0,normalDay
2022-01-28,12085.0,636.0,0.0,100,441.95,441.0,0,0.0,0.0,,0.0,1,8.05,2.64,SPY220218C00459000,459.0,normalDay
2022-01-31,12085.0,1326.0,0.0,100,449.91,441.0,0,0.0,0.0,,0.0,1,8.05,3.7,SPY220218C00459000,459.0,normalDay
2022-02-01,12085.0,1581.0,0.0,100,452.95,441.0,0,0.0,0.0,,0.0,1,8.05,4.19,SPY220218C00459000,459.0,normalDay
2022-02-02,12085.0,1956.0,0.0,100,457.35,441.0,0,0.0,0.0,,0.0,1,8.05,4.84,SPY220218C00459000,459.0,normalDay
2022-02-03,12085.0,1033.0,0.0,100,446.6,441.0,0,0.0,0.0,,0.0,1,8.05,3.32,SPY220218C00459000,459.0,normalDay
2022-02-04,12085.0,1354.0,0.0,100,448.7,441.0,0,0.0,0.0,,0.0,1,8.05,2.21,SPY220218C00459000,459.0,normalDay
2022-02-07,12085.0,1276.0,0.0,100,447.26,441.0,0,0.0,0.0,,0.0,1,8.05,1.55,SPY220218C00459000,459.0,normalDay
2022-02-08,12085.0,1596.0,0.0,100,450.94,441.0,0,0.0,0.0,,0.0,1,8.05,2.03,SPY220218C00459000,459.0,normalDay
2022-02-09,12085.0,2052.0,0.0,100,457.54,441.0,0,0.0,0.0,,0.0,1,8.05,4.07,SPY220218C00459000,459.0,normalDay
2022-02-10,12085.0,1468.0,0.0,100,449.32,441.0,0,0.0,0.0,,0.0,1,8.05,1.69,SPY220218C00459000,459.0,normalDay
2022-02-11,12085.0,714.0,0.0,100,440.46,441.0,0,0.0,0.0,,0.0,1,8.05,0.37,SPY220218C00459000,459.0,normalDay
2022-02-14,12085.0,594.0,0.0,100,439.02,441.0,0,0.0,0.0,,0.0,1,8.05,0.13,SPY220218C00459000,459.0,normalDay
2022-02-15,12085.0,1298.0,0.0,100,446.1,441.0,0,0.0,0.0,,0.0,1,8.05,0.17,SPY220218C00459000,459.0,normalDay
2022-02-16,12085.0,1359.0,0.0,100,446.6,441.0,0,0.0,0.0,,0.0,1,8.05,0.06,SPY220218C00459000,459.0,normalDay
2022-02-17,12085.0,409.0,0.0,100,437.06,441.0,0,0.0,0.0,,0.0,1,8.05,0.02,SPY220218C00459000,459.0,normalDay
2022-02-18,12890.0,-677.0,805.0,100,434.23,441.0,0,0.0,0.0,,0.0,1,8.05,0.0,SPY220218C00459000,459.0,expirationDay
2022-02-22,12890.0,-1200.0,0.0,100,429.57,441.0,0,0.0,0.0,,0.0,1,8.55,9.12,SPY220715C00460000,460.0,normalDay
2022-02-23,12890.0,-1731.0,0.0,100,421.95,441.0,0,0.0,0.0,,0.0,1,8.55,6.81,SPY220715C00460000,460.0,normalDay
2022-02-24,12890.0,-1203.0,0.0,100,428.3,441.0,0,0.0,0.0,,0.0,1,8.55,7.88,SPY220715C00460000,460.0,normalDay
2022-02-25,12890.0,-588.0,0.0,100,437.75,441.0,0,0.0,0.0,,0.0,1,8.55,11.18,SPY220715C00460000,460.0,normalDay
2022-02-28,12890.0,-703.0,0.0,100,436.63,441.0,0,0.0,0.0,,0.0,1,8.55,11.21,SPY220715C00460000,460.0,normalDay
2022-03-01,12890.0,-1265.0,0.0,100,429.98,441.0,0,0.0,0.0,,0.0,1,8.55,10.18,SPY220715C00460000,460.0,normalDay
2022-03-02,12890.0,-659.0,0.0,100,437.89,441.0,0,0.0,0.0,,0.0,1,8.55,12.03,SPY220715C00460000,460.0,normalDay
2022-03-03,12890.0,-808.0,0.0,100,435.71,441.0,0,0.0,0.0,,0.0,1,8.55,11.34,SPY220715C00460000,460.0,normalDay
2022-03-04,12890.0,-1047.0,0.0,100,432.17,441.0,0,0.0,0.0,,0.0,1,8.55,10.19,SPY220715C00460000,460.0,normalDay
2022-03-07,12890.0,-2000.0,0.0,100,419.43,441.0,0,0.0,0.0,,0.0,1,8.55,6.98,SPY220715C00460000,460.0,normalDay
2022-03-08,12890.0,-2203.0,0.0,100,416.25,441.0,0,0.0,0.0,,0.0,1,8.55,5.83,SPY220715C00460000,460.0,normalDay
2022-03-09,12890.0,-1446.0,0.0,100,427.41,441.0,0,0.0,0.0,,0.0,1,8.55,9.42,SPY220715C00460000,460.0,normalDay
2022-03-10,12890.0,-1429.0,0.0,100,425.48,441.0,0,0.0,0.0,,0.0,1,8.55,7.32,SPY220715C00460000,460.0,normalDay
2022-03-11,12890.0,-1832.0,0.0,100,420.07,441.0,0,0.0,0.0,,0.0,1,8.55,5.94,SPY220715C00460000,460.0,normalDay
2022-03-14,12890.0,-2082.0,0.0,100,417.0,441.0,0,0.0,0.0,,0.0,1,8.55,5.37,SPY220715C00460000,460.0,normalDay
2022-03-15,12890.0,-1346.0,0.0,100,426.17,441.0,0,0.0,0.0,,0.0,1,8.55,7.18,SPY220715C00460000,460.0,normalDay
2022-03-16,12890.0,-593.0,0.0,100,435.62,441.0,0,0.0,0.0,,0.0,1,8.55,9.1,SPY220715C00460000,460.0,normalDay
2022-03-17,12890.0,-165.0,0.0,100,441.07,441.0,0,0.0,0.0,,0.0,1,8.55,10.27,SPY220715C00460000,460.0,normalDay
2022-03-18,12890.0,21.0,0.0,100,444.52,441.0,0,0.0,0.0,,0.0,1,8.55,11.86,SPY220715C00460000,460.0,normalDay
2022-03-21,12890.0,37.0,0.0,100,444.39,441.0,0,0.0,0.0,,0.0,1,8.55,11.57,SPY220715C00460000,460.0,normalDay
2022-03-22,12890.0,357.0,0.0,100,449.59,441.0,0,0.0,0.0,,0.0,1,8.55,13.57,SPY220715C00460000,460.0,normalDay
2022-03-23,12890.0,52.0,0.0,100,443.8,441.0,0,0.0,0.0,,0.0,1,8.55,10.83,SPY220715C00460000,460.0,normalDay
2022-03-24,12890.0,443.0,0.0,100,450.49,441.0,0,0.0,0.0,,0.0,1,8.55,13.61,SPY220715C00460000,460.0,normalDay
2022-03-25,12890.0,581.0,0.0,100,452.69,441.0,0,0.0,0.0,,0.0,1,8.55,14.43,SPY220715C00460000,460.0,normalDay
2022-03-28,12890.0,768.0,0.0,100,455.91,441.0,0,0.0,0.0,,0.0,1,8.55,15.78,SPY220715C00460000,460.0,normalDay
2022-03-29,12890.0,1060.0,0.0,100,461.55,441.0,0,0.0,0.0,,0.0,1,8.55,18.5,SPY220715C00460000,460.0,normalDay
2022-03-30,12890.0,881.0,0.0,100,458.7,441.0,0,0.0,0.0,,0.0,1,8.55,17.44,SPY220715C00460000,460.0,normalDay
2022-03-31,12890.0,532.0,0.0,100,451.64,441.0,0,0.0,0.0,,0.0,1,8.55,13.87,SPY220715C00460000,460.0,normalDay
2022-04-01,12890.0,700.0,0.0,100,452.92,441.0,0,0.0,0.0,,0.0,1,8.55,13.47,SPY220715C00460000,460.0,normalDay
2022-04-04,12890.0,953.0,0.0,100,456.8,441.0,0,0.0,0.0,,0.0,1,8.55,14.82,SPY220715C00460000,460.0,normalDay
2022-04-05,12890.0,586.0,0.0,100,451.03,441.0,0,0.0,0.0,,0.0,1,8.55,12.72,SPY220715C00460000,460.0,normalDay
2022-04-06,12890.0,351.0,0.0,100,446.52,441.0,0,0.0,0.0,,0.0,1,8.55,10.56,SPY220715C00460000,460.0,normalDay
2022-04-07,12890.0,486.0,0.0,100,448.77,441.0,0,0.0,0.0,,0.0,1,8.55,11.46,SPY220715C00460000,460.0,normalDay
2022-04-08,12890.0,446.0,0.0,100,447.57,441.0,0,0.0,0.0,,0.0,1,8.55,10.66,SPY220715C00460000,460.0,normalDay
2022-04-11,12890.0,-33.0,0.0,100,439.92,441.0,0,0.0,0.0,,0.0,1,8.55,7.8,SPY220715C00460000,460.0,normalDay
2022-04-12,12890.0,-136.0,0.0,100,438.29,441.0,0,0.0,0.0,,0.0,1,8.55,7.2,SPY220715C00460000,460.0,normalDay
2022-04-13,12890.0,278.0,0.0,100,443.31,441.0,0,0.0,0.0,,0.0,1,8.55,8.08,SPY220715C00460000,460.0,normalDay
2022-04-14,12890.0,-102.0,0.0,100,437.79,441.0,0,0.0,0.0,,0.0,1,8.55,6.36,SPY220715C00460000,460.0,normalDay
2022-04-18,12890.0,-80.0,0.0,100,437.97,441.0,0,0.0,0.0,,0.0,1,8.55,6.32,SPY220715C00460000,460.0,normalDay
2022-04-19,12890.0,494.0,0.0,100,445.04,441.0,0,0.0,0.0,,0.0,1,8.55,7.65,SPY220715C00460000,460.0,normalDay
2022-04-20,12890.0,396.0,0.0,100,444.71,441.0,0,0.0,0.0,,0.0,1,8.55,8.3,SPY220715C00460000,460.0,normalDay
2022-04-21,12890.0,-25.0,0.0,100,438.06,441.0,0,0.0,0.0,,0.0,1,8.55,5.86,SPY220715C00460000,460.0,normalDay
2022-04-22,12890.0,-989.0,0.0,100,426.04,441.0,0,0.0,0.0,,0.0,1,8.55,3.48,SPY220715C00460000,460.0,normalDay
2022-04-25,12890.0,-779.0,0.0,100,428.51,441.0,0,0.0,0.0,,0.0,1,8.55,3.85,SPY220715C00460000,460.0,normalDay
2022-04-26,12890.0,-1856.0,0.0,100,416.1,441.0,0,0.0,0.0,,0.0,1,8.55,2.21,SPY220715C00460000,460.0,normalDay
2022-04-27,12890.0,-1763.0,0.0,100,417.27,441.0,0,0.0,0.0,,0.0,1,8.55,2.45,SPY220715C00460000,460.0,normalDay
2022-04-28,12890.0,-832.0,0.0,100,427.81,441.0,0,0.0,0.0,,0.0,1,8.55,3.68,SPY220715C00460000,460.0,normalDay
2022-04-29,12890.0,-2239.0,0.0,100,412.0,441.0,0,0.0,0.0,,0.0,1,8.55,1.94,SPY220715C00460000,460.0,normalDay
2022-05-02,12890.0,-2014.0,0.0,100,414.48,441.0,0,0.0,0.0,,0.0,1,8.55,2.17,SPY220715C00460000,460.0,normalDay
2022-05-03,12890.0,-1802.0,0.0,100,416.38,441.0,0,0.0,0.0,,0.0,1,8.55,1.95,SPY220715C00460000,460.0,normalDay
2022-05-04,12890.0,-676.0,0.0,100,429.06,441.0,0,0.0,0.0,,0.0,1,8.55,3.37,SPY220715C00460000,460.0,normalDay
2022-05-05,12890.0,-2052.0,0.0,100,413.81,441.0,0,0.0,0.0,,0.0,1,8.55,1.88,SPY220715C00460000,460.0,normalDay
2022-05-06,12890.0,-2259.0,0.0,100,411.34,441.0,0,0.0,0.0,,0.0,1,8.55,1.48,SPY220715C00460000,460.0,normalDay
2022-05-09,12890.0,-3523.0,0.0,100,398.17,441.0,0,0.0,0.0,,0.0,1,8.55,0.95,SPY220715C00460000,460.0,normalDay
2022-05-10,12890.0,-3414.0,0.0,100,399.09,441.0,0,0.0,0.0,,0.0,1,8.55,0.78,SPY220715C00460000,460.0,normalDay
2022-05-11,12890.0,-4031.0,0.0,100,392.75,441.0,0,0.0,0.0,,0.0,1,8.55,0.61,SPY220715C00460000,460.0,normalDay
2022-05-12,12890.0,-4061.0,0.0,100,392.34,441.0,0,0.0,0.0,,0.0,1,8.55,0.5,SPY220715C00460000,460.0,normalDay
2022-05-13,12890.0,-3124.0,0.0,100,401.72,441.0,0,0.0,0.0,,0.0,1,8.55,0.51,SPY220715C00460000,460.0,normalDay
2022-05-16,12890.0,-3271.0,0.0,100,400.09,441.0,0,0.0,0.0,,0.0,1,8.55,0.35,SPY220715C00460000,460.0,normalDay
2022-05-17,12890.0,-2471.0,0.0,100,408.32,441.0,0,0.0,0.0,,0.0,1,8.55,0.58,SPY220715C00460000,460.0,normalDay
2022-05-18,12890.0,-4082.0,0.0,100,391.86,441.0,0,0.0,0.0,,0.0,1,8.55,0.23,SPY220715C00460000,460.0,normalDay
2022-05-19,12890.0,-4318.0,0.0,100,389.46,441.0,0,0.0,0.0,,0.0,1,8.55,0.19,SPY220715C00460000,460.0,normalDay
2022-05-20,12890.0,-4302.0,0.0,100,389.63,441.0,0,0.0,0.0,,0.0,1,8.55,0.2,SPY220715C00460000,460.0,normalDay
2022-05-23,12890.0,-3584.0,0.0,100,396.92,441.0,0,0.0,0.0,,0.0,1,8.55,0.31,SPY220715C00460000,460.0,normalDay
2022-05-24,12890.0,-3885.0,0.0,100,393.89,441.0,0,0.0,0.0,,0.0,1,8.55,0.29,SPY220715C00460000,460.0,normalDay
2022-05-25,12890.0,-3538.0,0.0,100,397.37,441.0,0,0.0,0.0,,0.0,1,8.55,0.3,SPY220715C00460000,460.0,normalDay
2022-05-26,12890.0,-2760.0,0.0,100,405.31,441.0,0,0.0,0.0,,0.0,1,8.55,0.46,SPY220715C00460000,460.0,normalDay
2022-05-27,12890.0,-1794.0,0.0,100,415.26,441.0,0,0.0,0.0,,0.0,1,8.55,0.75,SPY220715C00460000,460.0,normalDay
2022-05-31,12890.0,-1995.0,0.0,100,412.93,441.0,0,0.0,0.0,,0.0,1,8.55,0.43,SPY220715C00460000,460.0,normalDay
2022-06-01,12890.0,-2314.0,0.0,100,409.59,441.0,0,0.0,0.0,,0.0,1,8.55,0.28,SPY220715C00460000,460.0,normalDay
2022-06-02,12890.0,-1552.0,0.0,100,417.39,441.0,0,0.0,0.0,,0.0,1,8.55,0.46,SPY220715C00460000,460.0,normalDay
2022-06-03,12890.0,-2216.0,0.0,100,410.54,441.0,0,0.0,0.0,,0.0,1,8.55,0.25,SPY220715C00460000,460.0,normalDay
2022-06-06,12890.0,-2090.0,0.0,100,411.79,441.0,0,0.0,0.0,,0.0,1,8.55,0.24,SPY220715C00460000,460.0,normalDay
2022-06-07,12890.0,-1696.0,0.0,100,415.74,441.0,0,0.0,0.0,,0.0,1,8.55,0.25,SPY220715C00460000,460.0,normalDay
2022-06-08,12890.0,-2140.0,0.0,100,411.22,441.0,0,0.0,0.0,,0.0,1,8.55,0.17,SPY220715C00460000,460.0,normalDay
2022-06-09,12890.0,-3112.0,0.0,100,401.44,441.0,0,0.0,0.0,,0.0,1,8.55,0.11,SPY220715C00460000,460.0,normalDay
2022-06-10,12890.0,-4272.0,0.0,100,389.8,441.0,0,0.0,0.0,,0.0,1,8.55,0.07,SPY220715C00460000,460.0,normalDay
2022-06-13,12890.0,-5751.0,0.0,100,375.0,441.0,0,0.0,0.0,,0.0,1,8.55,0.06,SPY220715C00460000,460.0,normalDay
2022-06-14,12890.0,-5863.0,0.0,100,373.87,441.0,0,0.0,0.0,,0.0,1,8.55,0.05,SPY220715C00460000,460.0,normalDay
2022-06-15,12890.0,-5330.0,0.0,100,379.2,441.0,0,0.0,0.0,,0.0,1,8.55,0.05,SPY220715C00460000,460.0,normalDay
2022-06-16,12890.0,-6584.0,0.0,100,366.65,441.0,0,0.0,0.0,,0.0,1,8.55,0.04,SPY220715C00460000,460.0,normalDay
2022-06-17,12890.0,-6663.0,0.0,100,365.86,441.0,0,0.0,0.0,,0.0,1,8.55,0.04,SPY220715C00460000,460.0,normalDay
2022-06-21,12890.0,-5742.0,0.0,100,375.07,441.0,0,0.0,0.0,,0.0,1,8.55,0.04,SPY220715C00460000,460.0,normalDay
2022-06-22,12890.0,-5809.0,0.0,100,374.39,441.0,0,0.0,0.0,,0.0,1,8.55,0.03,SPY220715C00460000,460.0,normalDay
2022-06-23,12890.0,-5442.0,0.0,100,378.06,441.0,0,0.0,0.0,,0.0,1,8.55,0.03,SPY220715C00460000,460.0,normalDay
2022-06-24,12890.0,-4241.0,0.0,100,390.08,441.0,0,0.0,0.0,,0.0,1,8.55,0.04,SPY220715C00460000,460.0,normalDay
2022-06-27,12890.0,-4389.0,0.0,100,388.59,441.0,0,0.0,0.0,,0.0,1,8.55,0.03,SPY220715C00460000,460.0,normalDay
2022-06-28,12890.0,-5182.0,0.0,100,380.65,441.0,0,0.0,0.0,,0.0,1,8.55,0.02,SPY220715C00460000,460.0,normalDay
2022-06-29,12890.0,-5213.0,0.0,100,380.34,441.0,0,0.0,0.0,,0.0,1,8.55,0.02,SPY220715C00460000,460.0,normalDay
2022-06-30,12890.0,-5521.0,0.0,100,377.25,441.0,0,0.0,0.0,,0.0,1,8.55,0.01,SPY220715C00460000,460.0,normalDay
2022-07-01,12890.0,-5122.0,0.0,100,381.24,441.0,0,0.0,0.0,,0.0,1,8.55,0.01,SPY220715C00460000,460.0,normalDay
2022-07-05,12890.0,-5050.0,0.0,100,381.96,441.0,0,0.0,0.0,,0.0,1,8.55,0.01,SPY220715C00460000,460.0,normalDay
2022-07-06,12890.0,-4921.0,0.0,100,383.25,441.0,0,0.0,0.0,,0.0,1,8.55,0.01,SPY220715C00460000,460.0,normalDay
2022-07-07,12890.0,-4347.0,0.0,100,388.99,441.0,0,0.0,0.0,,0.0,1,8.55,0.01,SPY220715C00460000,460.0,normalDay
2022-07-08,12890.0,-4379.0,0.0,100,388.67,441.0,0,0.0,0.0,,0.0,1,8.55,0.01,SPY220715C00460000,460.0,normalDay
2022-07-11,12890.0,-4823.0,0.0,100,384.23,441.0,0,0.0,0.0,,0.0,1,8.55,0.01,SPY220715C00460000,460.0,normalDay
2022-07-12,12890.0,-5163.0,0.0,100,380.83,441.0,0,0.0,0.0,,0.0,1,8.55,0.01,SPY220715C00460000,460.0,normalDay
2022-07-13,12890.0,-5363.0,0.0,100,378.83,441.0,0,0.0,0.0,,0.0,1,8.55,0.01,SPY220715C00460000,460.0,normalDay
2022-07-14,12890.0,-5455.0,0.0,100,377.91,441.0,0,0.0,0.0,,0.0,1,8.55,0.01,SPY220715C00460000,460.0,normalDay
2022-07-15,13745.0,-5587.0,855.0,100,385.13,441.0,0,0.0,0.0,,0.0,1,8.55,0.0,SPY220715C00460000,460.0,expirationDay
2022-07-18,13745.0,-5914.0,0.0,100,381.95,441.0,0,0.0,0.0,,0.0,1,18.82,18.91,SPY221216C00393000,393.0,normalDay
2022-07-19,13745.0,-5473.0,0.0,100,392.27,441.0,0,0.0,0.0,,0.0,1,18.82,24.82,SPY221216C00393000,393.0,normalDay
2022-07-20,13745.0,-5343.0,0.0,100,394.77,441.0,0,0.0,0.0,,0.0,1,18.82,26.02,SPY221216C00393000,393.0,normalDay
2022-07-21,13745.0,-5116.0,0.0,100,398.79,441.0,0,0.0,0.0,,0.0,1,18.82,27.77,SPY221216C00393000,393.0,normalDay
2022-07-22,13745.0,-5226.0,0.0,100,395.09,441.0,0,0.0,0.0,,0.0,1,18.82,25.17,SPY221216C00393000,393.0,normalDay
2022-07-25,13745.0,-5234.0,0.0,100,395.57,441.0,0,0.0,0.0,,0.0,1,18.82,25.73,SPY221216C00393000,393.0,normalDay
2022-07-26,13745.0,-5463.0,0.0,100,390.89,441.0,0,0.0,0.0,,0.0,1,18.82,23.34,SPY221216C00393000,393.0,normalDay
2022-07-27,13745.0,-4933.0,0.0,100,401.04,441.0,0,0.0,0.0,,0.0,1,18.82,28.19,SPY221216C00393000,393.0,normalDay
2022-07-28,13745.0,-4863.0,0.0,100,406.07,441.0,0,0.0,0.0,,0.0,1,18.82,32.52,SPY221216C00393000,393.0,normalDay
2022-07-29,13745.0,-4582.0,0.0,100,411.99,441.0,0,0.0,0.0,,0.0,1,18.82,35.63,SPY221216C00393000,393.0,normalDay
2022-08-01,13745.0,-4661.0,0.0,100,410.77,441.0,0,0.0,0.0,,0.0,1,18.82,35.2,SPY221216C00393000,393.0,normalDay
2022-08-02,13745.0,-4771.0,0.0,100,408.06,441.0,0,0.0,0.0,,0.0,1,18.82,33.59,SPY221216C00393000,393.0,normalDay
2022-08-03,13745.0,-4495.0,0.0,100,414.45,441.0,0,0.0,0.0,,0.0,1,18.82,37.22,SPY221216C00393000,393.0,normalDay
2022-08-04,13745.0,-4534.0,0.0,100,414.17,441.0,0,0.0,0.0,,0.0,1,18.82,37.33,SPY221216C00393000,393.0,normalDay
2022-08-05,13745.0,-4498.0,0.0,100,413.47,441.0,0,0.0,0.0,,0.0,1,18.82,36.27,SPY221216C00393000,393.0,normalDay
2022-08-08,13745.0,-4536.0,0.0,100,412.99,441.0,0,0.0,0.0,,0.0,1,18.82,36.17,SPY221216C00393000,393.0,normalDay
2022-08-09,13745.0,-4593.0,0.0,100,411.35,441.0,0,0.0,0.0,,0.0,1,18.82,35.1,SPY221216C00393000,393.0,normalDay
2022-08-10,13745.0,-4276.0,0.0,100,419.99,441.0,0,0.0,0.0,,0.0,1,18.82,40.57,SPY221216C00393000,393.0,normalDay
2022-08-11,13745.0,-4326.0,0.0,100,419.99,441.0,0,0.0,0.0,,0.0,1,18.82,41.07,SPY221216C00393000,393.0,normalDay
2022-08-12,13745.0,-4073.0,0.0,100,427.1,441.0,0,0.0,0.0,,0.0,1,18.82,45.65,SPY221216C00393000,393.0,normalDay
2022-08-15,13745.0,-4044.0,0.0,100,428.86,441.0,0,0.0,0.0,,0.0,1,18.82,47.12,SPY221216C00393000,393.0,normalDay
2022-08-16,13745.0,-4013.0,0.0,100,429.7,441.0,0,0.0,0.0,,0.0,1,18.82,47.65,SPY221216C00393000,393.0,normalDay
2022-08-17,13745.0,-4129.0,0.0,100,426.65,441.0,0,0.0,0.0,,0.0,1,18.82,45.76,SPY221216C00393000,393.0,normalDay
2022-08-18,13745.0,-4041.0,0.0,100,427.89,441.0,0,0.0,0.0,,0.0,1,18.82,46.12,SPY221216C00393000,393.0,normalDay
2022-08-19,13745.0,-4199.0,0.0,100,422.14,441.0,0,0.0,0.0,,0.0,1,18.82,41.95,SPY221216C00393000,393.0,normalDay
2022-08-22,13745.0,-4472.0,0.0,100,413.35,441.0,0,0.0,0.0,,0.0,1,18.82,35.89,SPY221216C00393000,393.0,normalDay
2022-08-23,13745.0,-4433.0,0.0,100,412.35,441.0,0,0.0,0.0,,0.0,1,18.82,34.5,SPY221216C00393000,393.0,normalDay
2022-08-24,13745.0,-4360.0,0.0,100,413.67,441.0,0,0.0,0.0,,0.0,1,18.82,35.09,SPY221216C00393000,393.0,normalDay
2022-08-25,13745.0,-4141.0,0.0,100,419.51,441.0,0,0.0,0.0,,0.0,1,18.82,38.74,SPY221216C00393000,393.0,normalDay
2022-08-26,13745.0,-4620.0,0.0,100,405.31,441.0,0,0.0,0.0,,0.0,1,18.82,29.33,SPY221216C00393000,393.0,normalDay
2022-08-29,13745.0,-4710.0,0.0,100,402.63,441.0,0,0.0,0.0,,0.0,1,18.82,27.55,SPY221216C00393000,393.0,normalDay
2022-08-30,13745.0,-4856.0,0.0,100,398.21,441.0,0,0.0,0.0,,0.0,1,18.82,24.59,SPY221216C00393000,393.0,normalDay
2022-08-31,13745.0,-4947.0,0.0,100,395.18,441.0,0,0.0,0.0,,0.0,1,18.82,22.47,SPY221216C00393000,393.0,normalDay
2022-09-01,13745.0,-4845.0,0.0,100,396.42,441.0,0,0.0,0.0,,0.0,1,18.82,22.69,SPY221216C00393000,393.0,normalDay
2022-09-02,13745.0,-5030.0,0.0,100,392.24,441.0,0,0.0,0.0,,0.0,1,18.82,20.36,SPY221216C00393000,393.0,normalDay
2022-09-06,13745.0,-5047.0,0.0,100,390.76,441.0,0,0.0,0.0,,0.0,1,18.82,19.05,SPY221216C00393000,393.0,normalDay
2022-09-07,13745.0,-4709.0,0.0,100,397.78,441.0,0,0.0,0.0,,0.0,1,18.82,22.69,SPY221216C00393000,393.0,normalDay
2022-09-08,13745.0,-4604.0,0.0,100,400.38,441.0,0,0.0,0.0,,0.0,1,18.82,24.24,SPY221216C00393000,393.0,normalDay
2022-09-09,13745.0,-4332.0,0.0,100,406.6,441.0,0,0.0,0.0,,0.0,1,18.82,27.74,SPY221216C00393000,393.0,normalDay
2022-09-12,13745.0,-4247.0,0.0,100,410.97,441.0,0,0.0,0.0,,0.0,1,18.82,31.26,SPY221216C00393000,393.0,normalDay
2022-09-13,13745.0,-4964.0,0.0,100,393.1,441.0,0,0.0,0.0,,0.0,1,18.82,20.56,SPY221216C00393000,393.0,normalDay
2022-09-14,13745.0,-4824.0,0.0,100,394.6,441.0,0,0.0,0.0,,0.0,1,18.82,20.66,SPY221216C00393000,393.0,normalDay
2022-09-15,13745.0,-5037.0,0.0,100,390.12,441.0,0,0.0,0.0,,0.0,1,18.82,18.31,SPY221216C00393000,393.0,normalDay
2022-09-16,13745.0,-5297.0,0.0,100,385.56,441.0,0,0.0,0.0,,0.0,1,18.82,16.35,SPY221216C00393000,393.0,normalDay
2022-09-19,13745.0,-5095.0,0.0,100,388.55,441.0,0,0.0,0.0,,0.0,1,18.82,17.32,SPY221216C00393000,393.0,normalDay
2022-09-20,13745.0,-5348.0,0.0,100,384.09,441.0,0,0.0,0.0,,0.0,1,18.82,15.39,SPY221216C00393000,393.0,normalDay
2022-09-21,13745.0,-5685.0,0.0,100,377.39,441.0,0,0.0,0.0,,0.0,1,18.82,12.06,SPY221216C00393000,393.0,normalDay
2022-09-22,13745.0,-5837.0,0.0,100,374.22,441.0,0,0.0,0.0,,0.0,1,18.82,10.41,SPY221216C00393000,393.0,normalDay
2022-09-23,13745.0,-6229.0,0.0,100,367.95,441.0,0,0.0,0.0,,0.0,1,18.82,8.06,SPY221216C00393000,393.0,normalDay
2022-09-26,13745.0,-6498.0,0.0,100,364.31,441.0,0,0.0,0.0,,0.0,1,18.82,7.11,SPY221216C00393000,393.0,normalDay
2022-09-27,13745.0,-6558.0,0.0,100,363.38,441.0,0,0.0,0.0,,0.0,1,18.82,6.78,SPY221216C00393000,393.0,normalDay
2022-09-28,13745.0,-6032.0,0.0,100,370.53,441.0,0,0.0,0.0,,0.0,1,18.82,8.67,SPY221216C00393000,393.0,normalDay
2022-09-29,13745.0,-6552.0,0.0,100,362.79,441.0,0,0.0,0.0,,0.0,1,18.82,6.13,SPY221216C00393000,393.0,normalDay
2022-09-30,13745.0,-6952.0,0.0,100,357.18,441.0,0,0.0,0.0,,0.0,1,18.82,4.52,SPY221216C00393000,393.0,normalDay
2022-10-03,13745.0,-6229.0,0.0,100,366.61,441.0,0,0.0,0.0,,0.0,1,18.82,6.72,SPY221216C00393000,393.0,normalDay
2022-10-04,13745.0,-5482.0,0.0,100,377.97,441.0,0,0.0,0.0,,0.0,1,18.82,10.61,SPY221216C00393000,393.0,normalDay
2022-10-05,13745.0,-5541.0,0.0,100,377.09,441.0,0,0.0,0.0,,0.0,1,18.82,10.32,SPY221216C00393000,393.0,normalDay
2022-10-06,13745.0,-5793.0,0.0,100,373.2,441.0,0,0.0,0.0,,0.0,1,18.82,8.95,SPY221216C00393000,393.0,normalDay
2022-10-07,13745.0,-6472.0,0.0,100,362.79,441.0,0,0.0,0.0,,0.0,1,18.82,5.33,SPY221216C00393000,393.0,normalDay
2022-10-10,13745.0,-6713.0,0.0,100,360.02,441.0,0,0.0,0.0,,0.0,1,18.82,4.97,SPY221216C00393000,393.0,normalDay
2022-10-11,13745.0,-6901.0,0.0,100,357.74,441.0,0,0.0,0.0,,0.0,1,18.82,4.57,SPY221216C00393000,393.0,normalDay
2022-10-12,13745.0,-6990.0,0.0,100,356.56,441.0,0,0.0,0.0,,0.0,1,18.82,4.28,SPY221216C00393000,393.0,normalDay
2022-10-13,13745.0,-6287.0,0.0,100,365.97,441.0,0,0.0,0.0,,0.0,1,18.82,6.66,SPY221216C00393000,393.0,normalDay
2022-10-14,13745.0,-6883.0,0.0,100,357.63,441.0,0,0.0,0.0,,0.0,1,18.82,4.28,SPY221216C00393000,393.0,normalDay
2022-10-17,13745.0,-6196.0,0.0,100,366.82,441.0,0,0.0,0.0,,0.0,1,18.82,6.6,SPY221216C00393000,393.0,normalDay
2022-10-18,13745.0,-5898.0,0.0,100,371.13,441.0,0,0.0,0.0,,0.0,1,18.82,7.93,SPY221216C00393000,393.0,normalDay
2022-10-19,13745.0,-6021.0,0.0,100,368.5,441.0,0,0.0,0.0,,0.0,1,18.82,6.53,SPY221216C00393000,393.0,normalDay
2022-10-20,13745.0,-6222.0,0.0,100,365.41,441.0,0,0.0,0.0,,0.0,1,18.82,5.45,SPY221216C00393000,393.0,normalDay
2022-10-21,13745.0,-5627.0,0.0,100,374.29,441.0,0,0.0,0.0,,0.0,1,18.82,8.38,SPY221216C00393000,393.0,normalDay
2022-10-24,13745.0,-5334.0,0.0,100,378.87,441.0,0,0.0,0.0,,0.0,1,18.82,10.03,SPY221216C00393000,393.0,normalDay
2022-10-25,13745.0,-4872.0,0.0,100,384.92,441.0,0,0.0,0.0,,0.0,1,18.82,11.46,SPY221216C00393000,393.0,normalDay
2022-10-26,13745.0,-5075.0,0.0,100,382.02,441.0,0,0.0,0.0,,0.0,1,18.82,10.59,SPY221216C00393000,393.0,normalDay
2022-10-27,13745.0,-4982.0,0.0,100,379.98,441.0,0,0.0,0.0,,0.0,1,18.82,7.62,SPY221216C00393000,393.0,normalDay
2022-10-28,13745.0,-4620.0,0.0,100,389.02,441.0,0,0.0,0.0,,0.0,1,18.82,13.04,SPY221216C00393000,393.0,normalDay
2022-10-31,13745.0,-4703.0,0.0,100,386.21,441.0,0,0.0,0.0,,0.0,1,18.82,11.06,SPY221216C00393000,393.0,normalDay
2022-11-01,13745.0,-4759.0,0.0,100,384.52,441.0,0,0.0,0.0,,0.0,1,18.82,9.93,SPY221216C00393000,393.0,normalDay
2022-11-02,13745.0,-5322.0,0.0,100,374.87,441.0,0,0.0,0.0,,0.0,1,18.82,5.91,SPY221216C00393000,393.0,normalDay
2022-11-03,13745.0,-5577.0,0.0,100,371.01,441.0,0,0.0,0.0,,0.0,1,18.82,4.6,SPY221216C00393000,393.0,normalDay
2022-11-04,13745.0,-5177.0,0.0,100,376.35,441.0,0,0.0,0.0,,0.0,1,18.82,5.94,SPY221216C00393000,393.0,normalDay
2022-11-07,13745.0,-4901.0,0.0,100,379.95,441.0,0,0.0,0.0,,0.0,1,18.82,6.78,SPY221216C00393000,393.0,normalDay
2022-11-08,13745.0,-4765.0,0.0,100,382.0,441.0,0,0.0,0.0,,0.0,1,18.82,7.47,SPY221216C00393000,393.0,normalDay
2022-11-09,13745.0,-5294.0,0.0,100,374.13,441.0,0,0.0,0.0,,0.0,1,18.82,4.89,SPY221216C00393000,393.0,normalDay
2022-11-10,13745.0,-4098.0,0.0,100,394.69,441.0,0,0.0,0.0,,0.0,1,18.82,13.49,SPY221216C00393000,393.0,normalDay
2022-11-11,13745.0,-3838.0,0.0,100,398.51,441.0,0,0.0,0.0,,0.0,1,18.82,14.71,SPY221216C00393000,393.0,normalDay
2022-11-14,13745.0,-3985.0,0.0,100,395.12,441.0,0,0.0,0.0,,0.0,1,18.82,12.79,SPY221216C00393000,393.0,normalDay
2022-11-15,13745.0,-3823.0,0.0,100,398.49,441.0,0,0.0,0.0,,0.0,1,18.82,14.54,SPY221216C00393000,393.0,normalDay
2022-11-16,13745.0,-3910.0,0.0,100,395.45,441.0,0,0.0,0.0,,0.0,1,18.82,12.37,SPY221216C00393000,393.0,normalDay
2022-11-17,13745.0,-3921.0,0.0,100,394.24,441.0,0,0.0,0.0,,0.0,1,18.82,11.27,SPY221216C00393000,393.0,normalDay
2022-11-18,13745.0,-3775.0,0.0,100,396.03,441.0,0,0.0,0.0,,0.0,1,18.82,11.6,SPY221216C00393000,393.0,normalDay
2022-11-21,13745.0,-3786.0,0.0,100,394.59,441.0,0,0.0,0.0,,0.0,1,18.82,10.27,SPY221216C00393000,393.0,normalDay
2022-11-22,13745.0,-3523.0,0.0,100,399.9,441.0,0,0.0,0.0,,0.0,1,18.82,12.95,SPY221216C00393000,393.0,normalDay
2022-11-23,13745.0,-3411.0,0.0,100,402.42,441.0,0,0.0,0.0,,0.0,1,18.82,14.35,SPY221216C00393000,393.0,normalDay
2022-11-25,13745.0,-3597.0,0.0,100,402.33,441.0,0,0.0,0.0,,0.0,1,18.82,16.12,SPY221216C00393000,393.0,normalDay
2022-11-28,13745.0,-3621.0,0.0,100,395.91,441.0,0,0.0,0.0,,0.0,1,18.82,9.94,SPY221216C00393000,393.0,normalDay
2022-11-29,13745.0,-3617.0,0.0,100,395.23,441.0,0,0.0,0.0,,0.0,1,18.82,9.22,SPY221216C00393000,393.0,normalDay
2022-11-30,13745.0,-3233.0,0.0,100,407.68,441.0,0,0.0,0.0,,0.0,1,18.82,17.83,SPY221216C00393000,393.0,normalDay
2022-12-01,13745.0,-3165.0,0.0,100,407.38,441.0,0,0.0,0.0,,0.0,1,18.82,16.85,SPY221216C00393000,393.0,normalDay
2022-12-02,13745.0,-3126.0,0.0,100,406.91,441.0,0,0.0,0.0,,0.0,1,18.82,15.99,SPY221216C00393000,393.0,normalDay
2022-12-05,13745.0,-3336.0,0.0,100,399.59,441.0,0,0.0,0.0,,0.0,1,18.82,10.77,SPY221216C00393000,393.0,normalDay
2022-12-06,13745.0,-3587.0,0.0,100,393.83,441.0,0,0.0,0.0,,0.0,1,18.82,7.52,SPY221216C00393000,393.0,normalDay
2022-12-07,13745.0,-3594.0,0.0,100,393.16,441.0,0,0.0,0.0,,0.0,1,18.82,6.92,SPY221216C00393000,393.0,normalDay
2022-12-08,13745.0,-3420.0,0.0,100,396.24,441.0,0,0.0,0.0,,0.0,1,18.82,8.26,SPY221216C00393000,393.0,normalDay
2022-12-09,13745.0,-3527.0,0.0,100,393.28,441.0,0,0.0,0.0,,0.0,1,18.82,6.37,SPY221216C00393000,393.0,normalDay
2022-12-12,13745.0,-3289.0,0.0,100,398.95,441.0,0,0.0,0.0,,0.0,1,18.82,9.66,SPY221216C00393000,393.0,normalDay
2022-12-13,13745.0,-3086.0,0.0,100,401.97,441.0,0,0.0,0.0,,0.0,1,18.82,10.65,SPY221216C00393000,393.0,normalDay
2022-12-14,13745.0,-3052.0,0.0,100,399.4,441.0,0,0.0,0.0,,0.0,1,18.82,7.74,SPY221216C00393000,393.0,normalDay
2022-12-15,13745.0,-3314.0,0.0,100,389.63,441.0,0,0.0,0.0,,0.0,1,18.82,0.59,SPY221216C00393000,393.0,normalDay
2022-12-16,15627.0,-5773.0,1882.0,100,383.27,441.0,0,0.0,0.0,,0.0,1,18.82,0.0,SPY221216C00393000,393.0,expirationDay
2022-12-19,15627.0,-6107.0,0.0,100,380.02,441.0,0,0.0,0.0,,0.0,1,8.34,8.43,SPY230421C00410000,410.0,normalDay
2022-12-20,15627.0,-6052.0,0.0,100,380.54,441.0,0,0.0,0.0,,0.0,1,8.34,8.4,SPY230421C00410000,410.0,normalDay
2022-12-21,15627.0,-5638.0,0.0,100,386.23,441.0,0,0.0,0.0,,0.0,1,8.34,9.95,SPY230421C00410000,410.0,normalDay
2022-12-22,15627.0,-6027.0,0.0,100,380.72,441.0,0,0.0,0.0,,0.0,1,8.34,8.33,SPY230421C00410000,410.0,normalDay
2022-12-23,15627.0,-5845.0,0.0,100,382.91,441.0,0,0.0,0.0,,0.0,1,8.34,8.7,SPY230421C00410000,410.0,normalDay
2022-12-27,15627.0,-5939.0,0.0,100,381.4,441.0,0,0.0,0.0,,0.0,1,8.34,8.13,SPY230421C00410000,410.0,normalDay
2022-12-28,15627.0,-6250.0,0.0,100,376.66,441.0,0,0.0,0.0,,0.0,1,8.34,6.5,SPY230421C00410000,410.0,normalDay
2022-12-29,15627.0,-5757.0,0.0,100,383.44,441.0,0,0.0,0.0,,0.0,1,8.34,8.35,SPY230421C00410000,410.0,normalDay
2022-12-30,15627.0,-5834.0,0.0,100,382.43,441.0,0,0.0,0.0,,0.0,1,8.34,8.11,SPY230421C00410000,410.0,normalDay
2023-01-03,15627.0,-5883.0,0.0,100,380.82,441.0,0,0.0,0.0,,0.0,1,8.34,6.99,SPY230421C00410000,410.0,normalDay
2023-01-04,15627.0,-5657.0,0.0,100,383.76,441.0,0,0.0,0.0,,0.0,1,8.34,7.67,SPY230421C00410000,410.0,normalDay
2023-01-05,15627.0,-5937.0,0.0,100,379.38,441.0,0,0.0,0.0,,0.0,1,8.34,6.09,SPY230421C00410000,410.0,normalDay
2023-01-06,15627.0,-5305.0,0.0,100,388.08,441.0,0,0.0,0.0,,0.0,1,8.34,8.47,SPY230421C00410000,410.0,normalDay
2023-01-09,15627.0,-5311.0,0.0,100,387.86,441.0,0,0.0,0.0,,0.0,1,8.34,8.31,SPY230421C00410000,410.0,normalDay
2023-01-10,15627.0,-5085.0,0.0,100,390.58,441.0,0,0.0,0.0,,0.0,1,8.34,8.77,SPY230421C00410000,410.0,normalDay
2023-01-11,15627.0,-4806.0,0.0,100,395.52,441.0,0,0.0,0.0,,0.0,1,8.34,10.92,SPY230421C00410000,410.0,normalDay
2023-01-12,15627.0,-4629.0,0.0,100,396.96,441.0,0,0.0,0.0,,0.0,1,8.34,10.59,SPY230421C00410000,410.0,normalDay
2023-01-13,15627.0,-4466.0,0.0,100,398.5,441.0,0,0.0,0.0,,0.0,1,8.34,10.5,SPY230421C00410000,410.0,normalDay
2023-01-17,15627.0,-4495.0,0.0,100,397.77,441.0,0,0.0,0.0,,0.0,1,8.34,10.06,SPY230421C00410000,410.0,normalDay
2023-01-18,15627.0,-4873.0,0.0,100,391.49,441.0,0,0.0,0.0,,0.0,1,8.34,7.56,SPY230421C00410000,410.0,normalDay
2023-01-19,15627.0,-5038.0,0.0,100,388.64,441.0,0,0.0,0.0,,0.0,1,8.34,6.36,SPY230421C00410000,410.0,normalDay
2023-01-20,15627.0,-4550.0,0.0,100,395.88,441.0,0,0.0,0.0,,0.0,1,8.34,8.72,SPY230421C00410000,410.0,normalDay
2023-01-23,15627.0,-4270.0,0.0,100,400.63,441.0,0,0.0,0.0,,0.0,1,8.34,10.67,SPY230421C00410000,410.0,normalDay
2023-01-24,15627.0,-4312.0,0.0,100,400.2,441.0,0,0.0,0.0,,0.0,1,8.34,10.66,SPY230421C00410000,410.0,normalDay
2023-01-25,15627.0,-4228.0,0.0,100,400.35,441.0,0,0.0,0.0,,0.0,1,8.34,9.97,SPY230421C00410000,410.0,normalDay
2023-01-26,15627.0,-3983.0,0.0,100,404.75,441.0,0,0.0,0.0,,0.0,1,8.34,11.92,SPY230421C00410000,410.0,normalDay
2023-01-27,15627.0,-3928.0,0.0,100,405.68,441.0,0,0.0,0.0,,0.0,1,8.34,12.3,SPY230421C00410000,410.0,normalDay
2023-01-30,15627.0,-4227.0,0.0,100,400.59,441.0,0,0.0,0.0,,0.0,1,8.34,10.2,SPY230421C00410000,410.0,normalDay
2023-01-31,15627.0,-3867.0,0.0,100,406.48,441.0,0,0.0,0.0,,0.0,1,8.34,12.49,SPY230421C00410000,410.0,normalDay
2023-02-01,15627.0,-3713.0,0.0,100,410.8,441.0,0,0.0,0.0,,0.0,1,8.34,15.27,SPY230421C00410000,410.0,normalDay
2023-02-02,15627.0,-3397.0,0.0,100,416.78,441.0,0,0.0,0.0,,0.0,1,8.34,18.09,SPY230421C00410000,410.0,normalDay
2023-02-03,15627.0,-3611.0,0.0,100,412.35,441.0,0,0.0,0.0,,0.0,1,8.34,15.8,SPY230421C00410000,410.0,normalDay
2023-02-06,15627.0,-3718.0,0.0,100,409.83,441.0,0,0.0,0.0,,0.0,1,8.34,14.35,SPY230421C00410000,410.0,normalDay
2023-02-07,15627.0,-3444.0,0.0,100,415.19,441.0,0,0.0,0.0,,0.0,1,8.34,16.97,SPY230421C00410000,410.0,normalDay
2023-02-08,15627.0,-3692.0,0.0,100,410.65,441.0,0,0.0,0.0,,0.0,1,8.34,14.91,SPY230421C00410000,410.0,normalDay
2023-02-09,15627.0,-3872.0,0.0,100,407.09,441.0,0,0.0,0.0,,0.0,1,8.34,13.15,SPY230421C00410000,410.0,normalDay
2023-02-10,15627.0,-3800.0,0.0,100,408.04,441.0,0,0.0,0.0,,0.0,1,8.34,13.38,SPY230421C00410000,410.0,normalDay
2023-02-13,15627.0,-3573.0,0.0,100,412.83,441.0,0,0.0,0.0,,0.0,1,8.34,15.9,SPY230421C00410000,410.0,normalDay
2023-02-14,15627.0,-3466.0,0.0,100,412.64,441.0,0,0.0,0.0,,0.0,1,8.34,14.64,SPY230421C00410000,410.0,normalDay
2023-02-15,15627.0,-3417.0,0.0,100,413.98,441.0,0,0.0,0.0,,0.0,1,8.34,15.49,SPY230421C00410000,410.0,normalDay
2023-02-16,15627.0,-3658.0,0.0,100,408.28,441.0,0,0.0,0.0,,0.0,1,8.34,12.2,SPY230421C00410000,410.0,normalDay
2023-02-17,15627.0,-3686.0,0.0,100,407.26,441.0,0,0.0,0.0,,0.0,1,8.34,11.46,SPY230421C00410000,410.0,normalDay
2023-02-21,15627.0,-4150.0,0.0,100,399.09,441.0,0,0.0,0.0,,0.0,1,8.34,7.93,SPY230421C00410000,410.0,normalDay
2023-02-22,15627.0,-4134.0,0.0,100,398.54,441.0,0,0.0,0.0,,0.0,1,8.34,7.22,SPY230421C00410000,410.0,normalDay
2023-02-23,15627.0,-3942.0,0.0,100,400.66,441.0,0,0.0,0.0,,0.0,1,8.34,7.42,SPY230421C00410000,410.0,normalDay
2023-02-24,15627.0,-4211.0,0.0,100,396.38,441.0,0,0.0,0.0,,0.0,1,8.34,5.83,SPY230421C00410000,410.0,normalDay
2023-02-27,15627.0,-4085.0,0.0,100,397.73,441.0,0,0.0,0.0,,0.0,1,8.34,5.92,SPY230421C00410000,410.0,normalDay
2023-02-28,15627.0,-4135.0,0.0,100,396.26,441.0,0,0.0,0.0,,0.0,1,8.34,4.95,SPY230421C00410000,410.0,normalDay
2023-03-01,15627.0,-4249.0,0.0,100,394.74,441.0,0,0.0,0.0,,0.0,1,8.34,4.57,SPY230421C00410000,410.0,normalDay
2023-03-02,15627.0,-4010.0,0.0,100,397.81,441.0,0,0.0,0.0,,0.0,1,8.34,5.25,SPY230421C00410000,410.0,normalDay
2023-03-03,15627.0,-3611.0,0.0,100,404.19,441.0,0,0.0,0.0,,0.0,1,8.34,7.64,SPY230421C00410000,410.0,normalDay
2023-03-06,15627.0,-3560.0,0.0,100,404.47,441.0,0,0.0,0.0,,0.0,1,8.34,7.41,SPY230421C00410000,410.0,normalDay
2023-03-07,15627.0,-3940.0,0.0,100,398.27,441.0,0,0.0,0.0,,0.0,1,8.34,5.01,SPY230421C00410000,410.0,normalDay
2023-03-08,15627.0,-3862.0,0.0,100,398.92,441.0,0,0.0,0.0,,0.0,1,8.34,4.88,SPY230421C00410000,410.0,normalDay
2023-03-09,15627.0,-4430.0,0.0,100,391.56,441.0,0,0.0,0.0,,0.0,1,8.34,3.2,SPY230421C00410000,410.0,normalDay
2023-03-10,15627.0,-4872.0,0.0,100,385.91,441.0,0,0.0,0.0,,0.0,1,8.34,1.97,SPY230421C00410000,410.0,normalDay
2023-03-13,15627.0,-4946.0,0.0,100,385.36,441.0,0,0.0,0.0,,0.0,1,8.34,2.16,SPY230421C00410000,410.0,normalDay
2023-03-14,15627.0,-4359.0,0.0,100,391.73,441.0,0,0.0,0.0,,0.0,1,8.34,2.66,SPY230421C00410000,410.0,normalDay
2023-03-15,15627.0,-4560.0,0.0,100,389.28,441.0,0,0.0,0.0,,0.0,1,8.34,2.22,SPY230421C00410000,410.0,normalDay
2023-03-16,15627.0,-3999.0,0.0,100,396.11,441.0,0,0.0,0.0,,0.0,1,8.34,3.44,SPY230421C00410000,410.0,normalDay
2023-03-17,15627.0,-4551.0,0.0,100,389.99,441.0,0,0.0,0.0,,0.0,1,8.34,2.84,SPY230421C00410000,410.0,normalDay
2023-03-20,15627.0,-4207.0,0.0,100,393.74,441.0,0,0.0,0.0,,0.0,1,8.34,3.15,SPY230421C00410000,410.0,normalDay
2023-03-21,15627.0,-3804.0,0.0,100,398.91,441.0,0,0.0,0.0,,0.0,1,8.34,4.29,SPY230421C00410000,410.0,normalDay
2023-03-22,15627.0,-4278.0,0.0,100,392.11,441.0,0,0.0,0.0,,0.0,1,8.34,2.23,SPY230421C00410000,410.0,normalDay
2023-03-23,15627.0,-4179.0,0.0,100,393.17,441.0,0,0.0,0.0,,0.0,1,8.34,2.3,SPY230421C00410000,410.0,normalDay
2023-03-24,15627.0,-3962.0,0.0,100,395.75,441.0,0,0.0,0.0,,0.0,1,8.34,2.71,SPY230421C00410000,410.0,normalDay
2023-03-27,15627.0,-3854.0,0.0,100,396.49,441.0,0,0.0,0.0,,0.0,1,8.34,2.37,SPY230421C00410000,410.0,normalDay
2023-03-28,15627.0,-3903.0,0.0,100,395.6,441.0,0,0.0,0.0,,0.0,1,8.34,1.97,SPY230421C00410000,410.0,normalDay
2023-03-29,15627.0,-3457.0,0.0,100,401.35,441.0,0,0.0,0.0,,0.0,1,8.34,3.26,SPY230421C00410000,410.0,normalDay
2023-03-30,15627.0,-3287.0,0.0,100,403.7,441.0,0,0.0,0.0,,0.0,1,8.34,3.91,SPY230421C00410000,410.0,normalDay
2023-03-31,15627.0,-2990.0,0.0,100,409.39,441.0,0,0.0,0.0,,0.0,1,8.34,6.63,SPY230421C00410000,410.0,normalDay
2023-04-03,15627.0,-2856.0,0.0,100,410.95,441.0,0,0.0,0.0,,0.0,1,8.34,6.85,SPY230421C00410000,410.0,normalDay
2023-04-04,15627.0,-2938.0,0.0,100,408.67,441.0,0,0.0,0.0,,0.0,1,8.34,5.39,SPY230421C00410000,410.0,normalDay
2023-04-05,15627.0,-2955.0,0.0,100,407.6,441.0,0,0.0,0.0,,0.0,1,8.34,4.49,SPY230421C00410000,410.0,normalDay
2023-04-06,15627.0,-2829.0,0.0,100,409.19,441.0,0,0.0,0.0,,0.0,1,8.34,4.82,SPY230421C00410000,410.0,normalDay
2023-04-10,15627.0,-2779.0,0.0,100,409.61,441.0,0,0.0,0.0,,0.0,1,8.34,4.74,SPY230421C00410000,410.0,normalDay
2023-04-11,15627.0,-2747.0,0.0,100,409.72,441.0,0,0.0,0.0,,0.0,1,8.34,4.53,SPY230421C00410000,410.0,normalDay
2023-04-12,15627.0,-2762.0,0.0,100,408.05,441.0,0,0.0,0.0,,0.0,1,8.34,3.01,SPY230421C00410000,410.0,normalDay
2023-04-13,15627.0,-2494.0,0.0,100,413.47,441.0,0,0.0,0.0,,0.0,1,8.34,5.75,SPY230421C00410000,410.0,normalDay
2023-04-14,15627.0,-2480.0,0.0,100,412.46,441.0,0,0.0,0.0,,0.0,1,8.34,4.6,SPY230421C00410000,410.0,normalDay
2023-04-17,15627.0,-2399.0,0.0,100,413.94,441.0,0,0.0,0.0,,0.0,1,8.34,5.27,SPY230421C00410000,410.0,normalDay
2023-04-18,15627.0,-2349.0,0.0,100,414.21,441.0,0,0.0,0.0,,0.0,1,8.34,5.04,SPY230421C00410000,410.0,normalDay
2023-04-19,15627.0,-2343.0,0.0,100,414.14,441.0,0,0.0,0.0,,0.0,1,8.34,4.91,SPY230421C00410000,410.0,normalDay
2023-04-20,15627.0,-2355.0,0.0,100,411.88,441.0,0,0.0,0.0,,0.0,1,8.34,2.77,SPY230421C00410000,410.0,normalDay
2023-04-21,13361.0,-2355.0,-2266.0,0,412.2,0.0,0,0.0,0.0,,0.0,1,8.34,0.0,SPY230421C00410000,410.0,expirationDay
2023-04-24,13361.0,-3.0,0.0,0,412.63,0.0,1,2.33,2.36,SPY230512P00402500,402.5,0,0.0,0.0,,0.0,normalDay
2023-04-25,13361.0,-179.0,0.0,0,406.08,0.0,1,2.33,4.12,SPY230512P00402500,402.5,0,0.0,0.0,,0.0,normalDay
2023-04-26,13361.0,-258.0,0.0,0,404.36,0.0,1,2.33,4.91,SPY230512P00402500,402.5,0,0.0,0.0,,0.0,normalDay
2023-04-27,13361.0,46.0,0.0,0,412.41,0.0,1,2.33,1.87,SPY230512P00402500,402.5,0,0.0,0.0,,0.0,normalDay
2023-04-28,13361.0,124.0,0.0,0,415.93,0.0,1,2.33,1.09,SPY230512P00402500,402.5,0,0.0,0.0,,0.0,normalDay
2023-05-01,13361.0,142.0,0.0,0,415.51,0.0,1,2.33,0.91,SPY230512P00402500,402.5,0,0.0,0.0,,0.0,normalDay
2023-05-02,13361.0,44.0,0.0,0,410.84,0.0,1,2.33,1.89,SPY230512P00402500,402.5,0,0.0,0.0,,0.0,normalDay
2023-05-03,13361.0,10.0,0.0,0,408.02,0.0,1,2.33,2.23,SPY230512P00402500,402.5,0,0.0,0.0,,0.0,normalDay
2023-05-04,13361.0,-113.0,0.0,0,405.13,0.0,1,2.33,3.46,SPY230512P00402500,402.5,0,0.0,0.0,,0.0,normalDay
2023-05-05,13361.0,159.0,0.0,0,412.63,0.0,1,2.33,0.74,SPY230512P00402500,402.5,0,0.0,0.0,,0.0,normalDay
2023-05-08,13361.0,195.0,0.0,0,412.74,0.0,1,2.33,0.38,SPY230512P00402500,402.5,0,0.0,0.0,,0.0,normalDay
2023-05-09,13361.0,188.0,0.0,0,410.93,0.0,1,2.33,0.45,SPY230512P00402500,402.5,0,0.0,0.0,,0.0,normalDay
2023-05-10,13361.0,221.0,0.0,0,412.85,0.0,1,2.33,0.12,SPY230512P00402500,402.5,0,0.0,0.0,,0.0,normalDay
2023-05-11,13361.0,228.0,0.0,0,412.13,0.0,1,2.33,0.05,SPY230512P00402500,402.5,0,0.0,0.0,,0.0,normalDay
2023-05-12,13594.0,0.0,233.0,0,411.59,0.0,1,2.33,0.0,SPY230512P00402500,402.5,0,0.0,0.0,,0.0,expirationDay
2023-05-15,13594.0,-4.0,0.0,0,413.01,0.0,1,2.91,2.95,SPY230602P00408000,408.0,0,0.0,0.0,,0.0,normalDay
2023-05-16,13594.0,-102.0,0.0,0,410.25,0.0,1,2.91,3.93,SPY230602P00408000,408.0,0,0.0,0.0,,0.0,normalDay
2023-05-17,13594.0,63.0,0.0,0,415.23,0.0,1,2.91,2.28,SPY230602P00408000,408.0,0,0.0,0.0,,0.0,normalDay
2023-05-18,13594.0,160.0,0.0,0,419.23,0.0,1,2.91,1.31,SPY230602P00408000,408.0,0,0.0,0.0,,0.0,normalDay
2023-05-19,13594.0,153.0,0.0,0,418.62,0.0,1,2.91,1.38,SPY230602P00408000,408.0,0,0.0,0.0,,0.0,normalDay
2023-05-22,13594.0,173.0,0.0,0,418.79,0.0,1,2.91,1.18,SPY230602P00408000,408.0,0,0.0,0.0,,0.0,normalDay
2023-05-23,13594.0,78.0,0.0,0,414.09,0.0,1,2.91,2.13,SPY230602P00408000,408.0,0,0.0,0.0,,0.0,normalDay
2023-05-24,13594.0,-8.0,0.0,0,411.09,0.0,1,2.91,2.99,SPY230602P00408000,408.0,0,0.0,0.0,,0.0,normalDay
2023-05-25,13594.0,118.0,0.0,0,414.65,0.0,1,2.91,1.73,SPY230602P00408000,408.0,0,0.0,0.0,,0.0,normalDay
2023-05-26,13594.0,219.0,0.0,0,420.02,0.0,1,2.91,0.72,SPY230602P00408000,408.0,0,0.0,0.0,,0.0,normalDay
2023-05-30,13594.0,272.0,0.0,0,420.18,0.0,1,2.91,0.19,SPY230602P00408000,408.0,0,0.0,0.0,,0.0,normalDay
2023-05-31,13594.0,274.0,0.0,0,417.85,0.0,1,2.91,0.17,SPY230602P00408000,408.0,0,0.0,0.0,,0.0,normalDay
2023-06-01,13594.0,286.0,0.0,0,421.82,0.0,1,2.91,0.05,SPY230602P00408000,408.0,0,0.0,0.0,,0.0,normalDay
2023-06-02,13885.0,0.0,291.0,0,427.92,0.0,1,2.91,0.0,SPY230602P00408000,408.0,0,0.0,0.0,,0.0,expirationDay
2023-06-05,13885.0,-3.0,0.0,0,427.1,0.0,1,1.01,1.04,SPY230623P00411000,411.0,0,0.0,0.0,,0.0,normalDay
2023-06-06,13885.0,20.0,0.0,0,428.03,0.0,1,1.01,0.81,SPY230623P00411000,411.0,0,0.0,0.0,,0.0,normalDay
2023-06-07,13885.0,16.0,0.0,0,426.55,0.0,1,1.01,0.85,SPY230623P00411000,411.0,0,0.0,0.0,,0.0,normalDay
2023-06-08,13885.0,42.0,0.0,0,429.13,0.0,1,1.01,0.59,SPY230623P00411000,411.0,0,0.0,0.0,,0.0,normalDay
2023-06-09,13885.0,52.0,0.0,0,429.9,0.0,1,1.01,0.49,SPY230623P00411000,411.0,0,0.0,0.0,,0.0,normalDay
2023-06-12,13885.0,66.0,0.0,0,433.8,0.0,1,1.01,0.35,SPY230623P00411000,411.0,0,0.0,0.0,,0.0,normalDay
2023-06-13,13885.0,77.0,0.0,0,436.66,0.0,1,1.01,0.24,SPY230623P00411000,411.0,0,0.0,0.0,,0.0,normalDay
2023-06-14,13885.0,87.0,0.0,0,437.18,0.0,1,1.01,0.14,SPY230623P00411000,411.0,0,0.0,0.0,,0.0,normalDay
2023-06-15,13885.0,89.0,0.0,0,442.6,0.0,1,1.01,0.12,SPY230623P00411000,411.0,0,0.0,0.0,,0.0,normalDay
2023-06-16,13885.0,96.0,0.0,0,439.46,0.0,1,1.01,0.05,SPY230623P00411000,411.0,0,0.0,0.0,,0.0,normalDay
2023-06-20,13885.0,98.0,0.0,0,437.18,0.0,1,1.01,0.03,SPY230623P00411000,411.0,0,0.0,0.0,,0.0,normalDay
2023-06-21,13885.0,99.0,0.0,0,434.94,0.0,1,1.01,0.02,SPY230623P00411000,411.0,0,0.0,0.0,,0.0,normalDay
2023-06-22,13885.0,99.0,0.0,0,436.51,0.0,1,1.01,0.02,SPY230623P00411000,411.0,0,0.0,0.0,,0.0,normalDay
2023-06-23,13986.0,0.0,101.0,0,433.21,0.0,1,1.01,0.0,SPY230623P00411000,411.0,0,0.0,0.0,,0.0,expirationDay
2023-06-26,13986.0,-3.0,0.0,0,431.44,0.0,1,1.6,1.63,SPY230714P00423000,423.0,0,0.0,0.0,,0.0,normalDay
2023-06-27,13986.0,69.0,0.0,0,436.17,0.0,1,1.6,0.91,SPY230714P00423000,423.0,0,0.0,0.0,,0.0,normalDay
2023-06-28,13986.0,88.0,0.0,0,436.39,0.0,1,1.6,0.72,SPY230714P00423000,423.0,0,0.0,0.0,,0.0,normalDay
2023-06-29,13986.0,104.0,0.0,0,438.11,0.0,1,1.6,0.56,SPY230714P00423000,423.0,0,0.0,0.0,,0.0,normalDay
2023-06-30,13986.0,131.0,0.0,0,443.28,0.0,1,1.6,0.29,SPY230714P00423000,423.0,0,0.0,0.0,,0.0,normalDay
2023-07-03,13986.0,138.0,0.0,0,443.79,0.0,1,1.6,0.22,SPY230714P00423000,423.0,0,0.0,0.0,,0.0,normalDay
2023-07-05,13986.0,140.0,0.0,0,443.13,0.0,1,1.6,0.2,SPY230714P00423000,423.0,0,0.0,0.0,,0.0,normalDay
2023-07-06,13986.0,132.0,0.0,0,439.66,0.0,1,1.6,0.28,SPY230714P00423000,423.0,0,0.0,0.0,,0.0,normalDay
2023-07-07,13986.0,145.0,0.0,0,438.55,0.0,1,1.6,0.15,SPY230714P00423000,423.0,0,0.0,0.0,,0.0,normalDay
2023-07-10,13986.0,153.0,0.0,0,439.66,0.0,1,1.6,0.07,SPY230714P00423000,423.0,0,0.0,0.0,,0.0,normalDay
2023-07-11,13986.0,153.0,0.0,0,442.46,0.0,1,1.6,0.07,SPY230714P00423000,423.0,0,0.0,0.0,,0.0,normalDay
2023-07-12,13986.0,157.0,0.0,0,446.02,0.0,1,1.6,0.03,SPY230714P00423000,423.0,0,0.0,0.0,,0.0,normalDay
2023-07-13,13986.0,158.0,0.0,0,449.56,0.0,1,1.6,0.02,SPY230714P00423000,423.0,0,0.0,0.0,,0.0,normalDay
2023-07-14,14146.0,0.0,160.0,0,449.28,0.0,1,1.6,0.0,SPY230714P00423000,423.0,0,0.0,0.0,,0.0,expirationDay
2023-07-17,14146.0,-3.0,0.0,0,450.84,0.0,1,0.72,0.75,SPY230804P00434000,434.0,0,0.0,0.0,,0.0,normalDay
2023-07-18,14146.0,21.0,0.0,0,454.19,0.0,1,0.72,0.51,SPY230804P00434000,434.0,0,0.0,0.0,,0.0,normalDay
2023-07-19,14146.0,24.0,0.0,0,455.2,0.0,1,0.72,0.48,SPY230804P00434000,434.0,0,0.0,0.0,,0.0,normalDay
2023-07-20,14146.0,14.0,0.0,0,452.18,0.0,1,0.72,0.58,SPY230804P00434000,434.0,0,0.0,0.0,,0.0,normalDay
2023-07-21,14146.0,27.0,0.0,0,452.18,0.0,1,0.72,0.45,SPY230804P00434000,434.0,0,0.0,0.0,,0.0,normalDay
2023-07-24,14146.0,42.0,0.0,0,454.2,0.0,1,0.72,0.3,SPY230804P00434000,434.0,0,0.0,0.0,,0.0,normalDay
2023-07-25,14146.0,48.0,0.0,0,455.44,0.0,1,0.72,0.24,SPY230804P00434000,434.0,0,0.0,0.0,,0.0,normalDay
2023-07-26,14146.0,58.0,0.0,0,455.51,0.0,1,0.72,0.14,SPY230804P00434000,434.0,0,0.0,0.0,,0.0,normalDay
2023-07-27,14146.0,46.0,0.0,0,452.49,0.0,1,0.72,0.26,SPY230804P00434000,434.0,0,0.0,0.0,,0.0,normalDay
2023-07-28,14146.0,65.0,0.0,0,456.92,0.0,1,0.72,0.07,SPY230804P00434000,434.0,0,0.0,0.0,,0.0,normalDay
2023-07-31,14146.0,67.0,0.0,0,457.79,0.0,1,0.72,0.05,SPY230804P00434000,434.0,0,0.0,0.0,,0.0,normalDay
2023-08-01,14146.0,68.0,0.0,0,456.48,0.0,1,0.72,0.04,SPY230804P00434000,434.0,0,0.0,0.0,,0.0,normalDay
2023-08-02,14146.0,64.0,0.0,0,450.13,0.0,1,0.72,0.08,SPY230804P00434000,434.0,0,0.0,0.0,,0.0,normalDay
2023-08-03,14146.0,69.0,0.0,0,448.84,0.0,1,0.72,0.03,SPY230804P00434000,434.0,0,0.0,0.0,,0.0,normalDay
2023-08-04,14218.0,0.0,72.0,0,446.81,0.0,1,0.72,0.0,SPY230804P00434000,434.0,0,0.0,0.0,,0.0,expirationDay
2023-08-07,14218.0,-3.0,0.0,0,450.71,0.0,1,3.35,3.38,SPY230825P00447000,447.0,0,0.0,0.0,,0.0,normalDay
2023-08-08,14218.0,-74.0,0.0,0,448.75,0.0,1,3.35,4.09,SPY230825P00447000,447.0,0,0.0,0.0,,0.0,normalDay
2023-08-09,14218.0,-179.0,0.0,0,445.75,0.0,1,3.35,5.14,SPY230825P00447000,447.0,0,0.0,0.0,,0.0,normalDay
2023-08-10,14218.0,-183.0,0.0,0,445.91,0.0,1,3.35,5.18,SPY230825P00447000,447.0,0,0.0,0.0,,0.0,normalDay
2023-08-11,14218.0,-135.0,0.0,0,445.65,0.0,1,3.35,4.7,SPY230825P00447000,447.0,0,0.0,0.0,,0.0,normalDay
2023-08-14,14218.0,6.0,0.0,0,448.11,0.0,1,3.35,3.29,SPY230825P00447000,447.0,0,0.0,0.0,,0.0,normalDay
2023-08-15,14218.0,-283.0,0.0,0,442.89,0.0,1,3.35,6.18,SPY230825P00447000,447.0,0,0.0,0.0,,0.0,normalDay
2023-08-16,14218.0,-473.0,0.0,0,439.64,0.0,1,3.35,8.08,SPY230825P00447000,447.0,0,0.0,0.0,,0.0,normalDay
2023-08-17,14218.0,-779.0,0.0,0,436.29,0.0,1,3.35,11.14,SPY230825P00447000,447.0,0,0.0,0.0,,0.0,normalDay
2023-08-18,14218.0,-730.0,0.0,0,436.5,0.0,1,3.35,10.65,SPY230825P00447000,447.0,0,0.0,0.0,,0.0,normalDay
2023-08-21,14218.0,-495.0,0.0,0,439.34,0.0,1,3.35,8.3,SPY230825P00447000,447.0,0,0.0,0.0,,0.0,normalDay
2023-08-22,14218.0,-566.0,0.0,0,438.15,0.0,1,3.35,9.01,SPY230825P00447000,447.0,0,0.0,0.0,,0.0,normalDay
2023-08-23,14218.0,-130.0,0.0,0,443.03,0.0,1,3.35,4.65,SPY230825P00447000,447.0,0,0.0,0.0,,0.0,normalDay
2023-08-24,14218.0,-692.0,0.0,0,436.89,0.0,1,3.35,10.27,SPY230825P00447000,447.0,0,0.0,0.0,,0.0,normalDay
2023-08-25,14553.0,-703.0,335.0,100,439.97,447.0,1,3.35,0.0,SPY230825P00447000,447.0,0,0.0,0.0,,0.0,expirationDay
2023-08-28,14553.0,-432.0,0.0,100,442.76,447.0,0,0.0,0.0,,0.0,1,12.61,12.69,SPY240119C00455000,455.0,normalDay
2023-08-29,14553.0,-114.0,0.0,100,449.16,447.0,0,0.0,0.0,,0.0,1,12.61,15.91,SPY240119C00455000,455.0,normalDay
2023-08-30,14553.0,-5.0,0.0,100,451.01,447.0,0,0.0,0.0,,0.0,1,12.61,16.67,SPY240119C00455000,455.0,normalDay
2023-08-31,14553.0,-15.0,0.0,100,450.35,447.0,0,0.0,0.0,,0.0,1,12.61,16.11,SPY240119C00455000,455.0,normalDay
2023-09-01,14553.0,80.0,0.0,100,451.19,447.0,0,0.0,0.0,,0.0,1,12.61,16.0,SPY240119C00455000,455.0,normalDay
2023-09-05,14553.0,4.0,0.0,100,449.24,447.0,0,0.0,0.0,,0.0,1,12.61,14.81,SPY240119C00455000,455.0,normalDay
2023-09-06,14553.0,-132.0,0.0,100,446.22,447.0,0,0.0,0.0,,0.0,1,12.61,13.15,SPY240119C00455000,455.0,normalDay
2023-09-07,14553.0,-184.0,0.0,100,444.85,447.0,0,0.0,0.0,,0.0,1,12.61,12.3,SPY240119C00455000,455.0,normalDay
2023-09-08,14553.0,-134.0,0.0,100,445.52,447.0,0,0.0,0.0,,0.0,1,12.61,12.47,SPY240119C00455000,455.0,normalDay
2023-09-11,14553.0,52.0,0.0,100,448.45,447.0,0,0.0,0.0,,0.0,1,12.61,13.54,SPY240119C00455000,455.0,normalDay
2023-09-12,14553.0,-65.0,0.0,100,445.99,447.0,0,0.0,0.0,,0.0,1,12.61,12.25,SPY240119C00455000,455.0,normalDay
2023-09-13,14553.0,-11.0,0.0,100,446.51,447.0,0,0.0,0.0,,0.0,1,12.61,12.23,SPY240119C00455000,455.0,normalDay
2023-09-14,14553.0,210.0,0.0,100,450.36,447.0,0,0.0,0.0,,0.0,1,12.61,13.87,SPY240119C00455000,455.0,normalDay
2023-09-15,14553.0,-196.0,0.0,100,443.37,447.0,0,0.0,0.0,,0.0,1,12.61,10.94,SPY240119C00455000,455.0,normalDay
2023-09-18,14553.0,-171.0,0.0,100,443.63,447.0,0,0.0,0.0,,0.0,1,12.61,10.95,SPY240119C00455000,455.0,normalDay
2023-09-19,14553.0,-208.0,0.0,100,442.71,447.0,0,0.0,0.0,,0.0,1,12.61,10.4,SPY240119C00455000,455.0,normalDay
2023-09-20,14553.0,-419.0,0.0,100,438.64,447.0,0,0.0,0.0,,0.0,1,12.61,8.44,SPY240119C00455000,455.0,normalDay
2023-09-21,14553.0,-912.0,0.0,100,431.39,447.0,0,0.0,0.0,,0.0,1,12.61,6.12,SPY240119C00455000,455.0,normalDay
2023-09-22,14553.0,-975.0,0.0,100,430.42,447.0,0,0.0,0.0,,0.0,1,12.61,5.78,SPY240119C00455000,455.0,normalDay
2023-09-25,14553.0,-841.0,0.0,100,432.23,447.0,0,0.0,0.0,,0.0,1,12.61,6.25,SPY240119C00455000,455.0,normalDay
2023-09-26,14553.0,-1342.0,0.0,100,425.88,447.0,0,0.0,0.0,,0.0,1,12.61,4.91,SPY240119C00455000,455.0,normalDay
2023-09-27,14553.0,-1298.0,0.0,100,426.05,447.0,0,0.0,0.0,,0.0,1,12.61,4.64,SPY240119C00455000,455.0,normalDay
2023-09-28,14553.0,-1068.0,0.0,100,428.52,447.0,0,0.0,0.0,,0.0,1,12.61,4.81,SPY240119C00455000,455.0,normalDay
2023-09-29,14553.0,-1154.0,0.0,100,427.48,447.0,0,0.0,0.0,,0.0,1,12.61,4.63,SPY240119C00455000,455.0,normalDay
2023-10-02,14553.0,-1156.0,0.0,100,427.31,447.0,0,0.0,0.0,,0.0,1,12.61,4.48,SPY240119C00455000,455.0,normalDay
2023-10-03,14553.0,-1646.0,0.0,100,421.59,447.0,0,0.0,0.0,,0.0,1,12.61,3.66,SPY240119C00455000,455.0,normalDay
2023-10-04,14553.0,-1371.0,0.0,100,424.66,447.0,0,0.0,0.0,,0.0,1,12.61,3.98,SPY240119C00455000,455.0,normalDay
2023-10-05,14553.0,-1366.0,0.0,100,424.5,447.0,0,0.0,0.0,,0.0,1,12.61,3.77,SPY240119C00455000,455.0,normalDay
2023-10-06,14553.0,-993.0,0.0,100,429.54,447.0,0,0.0,0.0,,0.0,1,12.61,5.08,SPY240119C00455000,455.0,normalDay
2023-10-09,14553.0,-790.0,0.0,100,432.29,447.0,0,0.0,0.0,,0.0,1,12.61,5.8,SPY240119C00455000,455.0,normalDay
2023-10-10,14553.0,-594.0,0.0,100,434.54,447.0,0,0.0,0.0,,0.0,1,12.61,6.09,SPY240119C00455000,455.0,normalDay
2023-10-11,14553.0,-465.0,0.0,100,436.32,447.0,0,0.0,0.0,,0.0,1,12.61,6.58,SPY240119C00455000,455.0,normalDay
2023-10-12,14553.0,-611.0,0.0,100,433.66,447.0,0,0.0,0.0,,0.0,1,12.61,5.38,SPY240119C00455000,455.0,normalDay
2023-10-13,14553.0,-789.0,0.0,100,431.5,447.0,0,0.0,0.0,,0.0,1,12.61,5.0,SPY240119C00455000,455.0,normalDay
2023-10-16,14553.0,-430.0,0.0,100,436.04,447.0,0,0.0,0.0,,0.0,1,12.61,5.95,SPY240119C00455000,455.0,normalDay
2023-10-17,14553.0,-426.0,0.0,100,436.02,447.0,0,0.0,0.0,,0.0,1,12.61,5.89,SPY240119C00455000,455.0,normalDay
2023-10-18,14553.0,-872.0,0.0,100,430.21,447.0,0,0.0,0.0,,0.0,1,12.61,4.54,SPY240119C00455000,455.0,normalDay
2023-10-19,14553.0,-1150.0,0.0,100,426.43,447.0,0,0.0,0.0,,0.0,1,12.61,3.54,SPY240119C00455000,455.0,normalDay
2023-10-20,14553.0,-1584.0,0.0,100,421.19,447.0,0,0.0,0.0,,0.0,1,12.61,2.64,SPY240119C00455000,455.0,normalDay
2023-10-23,14553.0,-1622.0,0.0,100,420.46,447.0,0,0.0,0.0,,0.0,1,12.61,2.29,SPY240119C00455000,455.0,normalDay
2023-10-24,14553.0,-1331.0,0.0,100,423.63,447.0,0,0.0,0.0,,0.0,1,12.61,2.55,SPY240119C00455000,455.0,normalDay
2023-10-25,14553.0,-1855.0,0.0,100,417.55,447.0,0,0.0,0.0,,0.0,1,12.61,1.71,SPY240119C00455000,455.0,normalDay
2023-10-26,14553.0,-2301.0,0.0,100,412.55,447.0,0,0.0,0.0,,0.0,1,12.61,1.17,SPY240119C00455000,455.0,normalDay
2023-10-27,14553.0,-2475.0,0.0,100,410.68,447.0,0,0.0,0.0,,0.0,1,12.61,1.04,SPY240119C00455000,455.0,normalDay
2023-10-30,14553.0,-2005.0,0.0,100,415.59,447.0,0,0.0,0.0,,0.0,1,12.61,1.25,SPY240119C00455000,455.0,normalDay
2023-10-31,14553.0,-1734.0,0.0,100,418.2,447.0,0,0.0,0.0,,0.0,1,12.61,1.15,SPY240119C00455000,455.0,normalDay
2023-11-01,14553.0,-1329.0,0.0,100,422.66,447.0,0,0.0,0.0,,0.0,1,12.61,1.56,SPY240119C00455000,455.0,normalDay
2023-11-02,14553.0,-626.0,0.0,100,430.76,447.0,0,0.0,0.0,,0.0,1,12.61,2.63,SPY240119C00455000,455.0,normalDay
2023-11-03,14553.0,-308.0,0.0,100,434.69,447.0,0,0.0,0.0,,0.0,1,12.61,3.38,SPY240119C00455000,455.0,normalDay
2023-11-06,14553.0,-193.0,0.0,100,435.69,447.0,0,0.0,0.0,,0.0,1,12.61,3.23,SPY240119C00455000,455.0,normalDay
2023-11-07,14553.0,-104.0,0.0,100,436.93,447.0,0,0.0,0.0,,0.0,1,12.61,3.58,SPY240119C00455000,455.0,normalDay
2023-11-08,14553.0,-56.0,0.0,100,437.25,447.0,0,0.0,0.0,,0.0,1,12.61,3.42,SPY240119C00455000,455.0,normalDay
2023-11-09,14553.0,-327.0,0.0,100,433.84,447.0,0,0.0,0.0,,0.0,1,12.61,2.72,SPY240119C00455000,455.0,normalDay
2023-11-10,14553.0,191.0,0.0,100,440.61,447.0,0,0.0,0.0,,0.0,1,12.61,4.31,SPY240119C00455000,455.0,normalDay
2023-11-13,14553.0,168.0,0.0,100,440.19,447.0,0,0.0,0.0,,0.0,1,12.61,4.12,SPY240119C00455000,455.0,normalDay
2023-11-14,14553.0,676.0,0.0,100,448.73,447.0,0,0.0,0.0,,0.0,1,12.61,7.58,SPY240119C00455000,455.0,normalDay
2023-11-15,14553.0,777.0,0.0,100,449.68,447.0,0,0.0,0.0,,0.0,1,12.61,7.52,SPY240119C00455000,455.0,normalDay
2023-11-16,14553.0,819.0,0.0,100,450.23,447.0,0,0.0,0.0,,0.0,1,12.61,7.65,SPY240119C00455000,455.0,normalDay
2023-11-17,14553.0,871.0,0.0,100,450.79,447.0,0,0.0,0.0,,0.0,1,12.61,7.69,SPY240119C00455000,455.0,normalDay
2023-11-20,14553.0,1054.0,0.0,100,454.26,447.0,0,0.0,0.0,,0.0,1,12.61,9.33,SPY240119C00455000,455.0,normalDay
2023-11-21,14553.0,1053.0,0.0,100,453.27,447.0,0,0.0,0.0,,0.0,1,12.61,8.35,SPY240119C00455000,455.0,normalDay
2023-11-22,14553.0,1124.0,0.0,100,455.02,447.0,0,0.0,0.0,,0.0,1,12.61,9.39,SPY240119C00455000,455.0,normalDay
2023-11-24,14553.0,1178.0,0.0,100,455.3,447.0,0,0.0,0.0,,0.0,1,12.61,9.13,SPY240119C00455000,455.0,normalDay
2023-11-27,14553.0,1153.0,0.0,100,454.48,447.0,0,0.0,0.0,,0.0,1,12.61,8.56,SPY240119C00455000,455.0,normalDay
2023-11-28,14553.0,1190.0,0.0,100,454.93,447.0,0,0.0,0.0,,0.0,1,12.61,8.64,SPY240119C00455000,455.0,normalDay
2023-11-29,14553.0,1143.0,0.0,100,454.61,447.0,0,0.0,0.0,,0.0,1,12.61,8.79,SPY240119C00455000,455.0,normalDay
2023-11-30,14553.0,1273.0,0.0,100,456.4,447.0,0,0.0,0.0,,0.0,1,12.61,9.28,SPY240119C00455000,455.0,normalDay
