date,totalCapital,unrializedPnL,rializedPnL,stocksOwned,stocksPriceToday,stocksPriceBoughtAt,putOwned,putOwnedSoldAt,putPriceToday,putOwnedContract,putOwnedStrike,callOwned,callOwnedSoldAt,callPriceToday,callOwnedContract,callOwnedStrike,trackType
2018-11-01,0.0,0.0,0.0,0,273.51,0.0,0,0.0,0.0,,0.0,0,0.0,0.0,,0.0,bidTooLow
2018-11-02,0.0,0.0,0.0,0,271.89,0.0,0,0.0,0.0,,0.0,0,0.0,0.0,,0.0,bidTooLow
2018-11-05,0.0,-3.0,0.0,0,273.39,0.0,1,0.04,0.07,SPY181107P00258500,258.5,0,0.0,0.0,,0.0,normalDay
2018-11-06,0.0,1.0,0.0,0,275.12,0.0,1,0.04,0.03,SPY181107P00258500,258.5,0,0.0,0.0,,0.0,normalDay
2018-11-07,4.0,0.0,4.0,0,281.01,0.0,1,0.04,0.0,SPY181107P00258500,258.5,0,0.0,0.0,,0.0,expirationDay
2018-11-08,4.0,0.0,0.0,0,280.5,0.0,0,0.0,0.0,,0.0,0,0.0,0.0,,0.0,bidTooLow
2018-11-09,4.0,0.0,0.0,0,277.76,0.0,0,0.0,0.0,,0.0,0,0.0,0.0,,0.0,bidTooLow
2018-11-12,4.0,-3.0,0.0,0,272.57,0.0,1,0.07,0.1,SPY181114P00260000,260.0,0,0.0,0.0,,0.0,normalDay
2018-11-13,4.0,5.0,0.0,0,272.06,0.0,1,0.07,0.02,SPY181114P00260000,260.0,0,0.0,0.0,,0.0,normalDay
2018-11-14,11.0,0.0,7.0,0,270.2,0.0,1,0.07,0.0,SPY181114P00260000,260.0,0,0.0,0.0,,0.0,expirationDay
2018-11-15,11.0,0.0,0.0,0,273.02,0.0,0,0.0,0.0,,0.0,0,0.0,0.0,,0.0,bidTooLow
2018-11-16,11.0,0.0,0.0,0,273.73,0.0,0,0.0,0.0,,0.0,0,0.0,0.0,,0.0,bidTooLow
2018-11-19,11.0,-3.0,0.0,0,269.1,0.0,1,0.1,0.13,SPY181121P00260000,260.0,0,0.0,0.0,,0.0,normalDay
2018-11-20,11.0,-30.0,0.0,0,264.12,0.0,1,0.1,0.4,SPY181121P00260000,260.0,0,0.0,0.0,,0.0,normalDay
2018-11-21,21.0,0.0,10.0,0,265.02,0.0,1,0.1,0.0,SPY181121P00260000,260.0,0,0.0,0.0,,0.0,expirationDay
2018-11-23,21.0,-5.0,0.0,0,263.25,0.0,1,0.27,0.32,SPY181126P00258000,258.0,0,0.0,0.0,,0.0,normalDay
2018-11-26,48.0,0.0,27.0,0,267.5,0.0,1,0.27,0.0,SPY181126P00258000,258.0,0,0.0,0.0,,0.0,expirationDay
2018-11-27,48.0,-3.0,0.0,0,268.4,0.0,1,0.14,0.17,SPY181130P00259000,259.0,0,0.0,0.0,,0.0,normalDay
2018-11-28,48.0,11.0,0.0,0,274.58,0.0,1,0.14,0.03,SPY181130P00259000,259.0,0,0.0,0.0,,0.0,normalDay
2018-11-29,48.0,13.0,0.0,0,273.98,0.0,1,0.14,0.01,SPY181130P00259000,259.0,0,0.0,0.0,,0.0,normalDay
2018-11-30,62.0,0.0,14.0,0,275.65,0.0,1,0.14,0.0,SPY181130P00259000,259.0,0,0.0,0.0,,0.0,expirationDay
2018-12-03,62.0,0.0,0.0,0,279.3,0.0,0,0.0,0.0,,0.0,0,0.0,0.0,,0.0,bidTooLow
2018-12-04,62.0,-4.0,0.0,0,270.25,0.0,1,0.24,0.28,SPY181207P00259000,259.0,0,0.0,0.0,,0.0,normalDay
2018-12-06,62.0,20.0,0.0,0,269.84,0.0,1,0.24,0.04,SPY181207P00259000,259.0,0,0.0,0.0,,0.0,normalDay
2018-12-07,86.0,0.0,24.0,0,263.57,0.0,1,0.24,0.0,SPY181207P00259000,259.0,0,0.0,0.0,,0.0,expirationDay
2018-12-10,86.0,-5.0,0.0,0,264.07,0.0,1,0.43,0.48,SPY181212P00258000,258.0,0,0.0,0.0,,0.0,normalDay
2018-12-11,86.0,22.0,0.0,0,264.13,0.0,1,0.43,0.21,SPY181212P00258000,258.0,0,0.0,0.0,,0.0,normalDay
2018-12-12,129.0,0.0,43.0,0,265.46,0.0,1,0.43,0.0,SPY181212P00258000,258.0,0,0.0,0.0,,0.0,expirationDay
2018-12-13,129.0,-3.0,0.0,0,265.37,0.0,1,0.01,0.04,SPY181214P00256500,256.5,0,0.0,0.0,,0.0,normalDay
2018-12-14,130.0,0.0,1.0,0,260.47,0.0,1,0.01,0.0,SPY181214P00256500,256.5,0,0.0,0.0,,0.0,expirationDay
2018-12-17,130.0,-6.0,0.0,0,255.36,0.0,1,1.44,1.5,SPY181219P00253000,253.0,0,0.0,0.0,,0.0,normalDay
2018-12-18,130.0,-14.0,0.0,0,255.08,0.0,1,1.44,1.58,SPY181219P00253000,253.0,0,0.0,0.0,,0.0,normalDay
2018-12-19,274.0,-174.0,144.0,100,251.26,253.0,1,1.44,0.0,SPY181219P00253000,253.0,0,0.0,0.0,,0.0,expirationDay
2018-12-20,274.0,-583.0,0.0,100,247.17,253.0,0,0.0,0.0,,0.0,0,0.0,0.0,,0.0,bidTooLow
2018-12-21,274.0,-1230.0,0.0,100,240.7,253.0,0,0.0,0.0,,0.0,0,0.0,0.0,,0.0,bidTooLow
2018-12-24,274.0,-1866.0,0.0,100,234.34,253.0,0,0.0,0.0,,0.0,0,0.0,0.0,,0.0,bidTooLow
2018-12-26,274.0,-682.0,0.0,100,246.18,253.0,0,0.0,0.0,,0.0,0,0.0,0.0,,0.0,bidTooLow
2018-12-27,274.0,-493.0,0.0,100,248.07,253.0,0,0.0,0.0,,0.0,0,0.0,0.0,,0.0,bidTooLow
2018-12-28,274.0,-525.0,0.0,100,247.75,253.0,0,0.0,0.0,,0.0,0,0.0,0.0,,0.0,bidTooLow
2018-12-31,274.0,-308.0,0.0,100,249.92,253.0,0,0.0,0.0,,0.0,0,0.0,0.0,,0.0,bidTooLow
2019-01-02,274.0,-282.0,0.0,100,250.18,253.0,0,0.0,0.0,,0.0,0,0.0,0.0,,0.0,bidTooLow
2019-01-03,274.0,-879.0,0.0,100,244.21,253.0,0,0.0,0.0,,0.0,0,0.0,0.0,,0.0,bidTooLow
2019-01-04,274.0,-61.0,0.0,100,252.39,253.0,0,0.0,0.0,,0.0,0,0.0,0.0,,0.0,bidTooLow
2019-01-07,274.0,138.0,0.0,100,254.38,253.0,0,0.0,0.0,,0.0,0,0.0,0.0,,0.0,bidTooLow
2019-01-08,274.0,377.0,0.0,100,256.77,253.0,0,0.0,0.0,,0.0,0,0.0,0.0,,0.0,bidTooLow
2019-01-09,274.0,497.0,0.0,100,257.97,253.0,0,0.0,0.0,,0.0,0,0.0,0.0,,0.0,bidTooLow
2019-01-10,274.0,588.0,0.0,100,258.88,253.0,0,0.0,0.0,,0.0,0,0.0,0.0,,0.0,bidTooLow
2019-01-11,274.0,598.0,0.0,100,258.98,253.0,0,0.0,0.0,,0.0,0,0.0,0.0,,0.0,bidTooLow
2019-01-14,274.0,440.0,0.0,100,257.4,253.0,0,0.0,0.0,,0.0,0,0.0,0.0,,0.0,bidTooLow
2019-01-15,274.0,732.0,0.0,100,260.35,253.0,0,0.0,0.0,,0.0,1,0.01,0.04,SPY190118C00270000,270.0,normalDay
2019-01-16,274.0,795.0,0.0,100,260.98,253.0,0,0.0,0.0,,0.0,1,0.01,0.04,SPY190118C00270000,270.0,normalDay
2019-01-17,274.0,994.0,0.0,100,262.96,253.0,0,0.0,0.0,,0.0,1,0.01,0.03,SPY190118C00270000,270.0,normalDay
2019-01-18,275.0,1346.0,1.0,100,266.46,253.0,0,0.0,0.0,,0.0,1,0.01,0.0,SPY190118C00270000,270.0,expirationDay
2019-01-22,275.0,986.0,0.0,100,262.86,253.0,0,0.0,0.0,,0.0,0,0.0,0.0,,0.0,bidTooLow
2019-01-23,275.0,1041.0,0.0,100,263.41,253.0,0,0.0,0.0,,0.0,0,0.0,0.0,,0.0,bidTooLow
2019-01-24,275.0,1055.0,0.0,100,263.55,253.0,0,0.0,0.0,,0.0,0,0.0,0.0,,0.0,bidTooLow
2019-01-25,275.0,1278.0,0.0,100,265.78,253.0,0,0.0,0.0,,0.0,0,0.0,0.0,,0.0,bidTooLow
2019-01-28,275.0,1076.0,0.0,100,263.76,253.0,0,0.0,0.0,,0.0,0,0.0,0.0,,0.0,bidTooLow
2019-01-29,275.0,1041.0,0.0,100,263.41,253.0,0,0.0,0.0,,0.0,0,0.0,0.0,,0.0,bidTooLow
2019-01-30,275.0,1458.0,0.0,100,267.58,253.0,0,0.0,0.0,,0.0,0,0.0,0.0,,0.0,bidTooLow
2019-01-31,275.0,1693.0,0.0,100,269.93,253.0,0,0.0,0.0,,0.0,0,0.0,0.0,,0.0,bidTooLow
2019-02-01,275.0,1706.0,0.0,100,270.06,253.0,0,0.0,0.0,,0.0,0,0.0,0.0,,0.0,bidTooLow
2019-02-04,275.0,1893.0,0.0,100,271.96,253.0,0,0.0,0.0,,0.0,1,0.01,0.04,SPY190206C00276000,276.0,normalDay
2019-02-05,275.0,2006.0,0.0,100,273.1,253.0,0,0.0,0.0,,0.0,1,0.01,0.05,SPY190206C00276000,276.0,normalDay
2019-02-06,276.0,1974.0,1.0,100,272.74,253.0,0,0.0,0.0,,0.0,1,0.01,0.0,SPY190206C00276000,276.0,expirationDay
2019-02-07,276.0,1714.0,0.0,100,270.14,253.0,0,0.0,0.0,,0.0,0,0.0,0.0,,0.0,bidTooLow
2019-02-08,276.0,1747.0,0.0,100,270.47,253.0,0,0.0,0.0,,0.0,0,0.0,0.0,,0.0,bidTooLow
2019-02-11,276.0,1762.0,0.0,100,270.62,253.0,0,0.0,0.0,,0.0,0,0.0,0.0,,0.0,bidTooLow
2019-02-12,276.0,2107.0,0.0,100,274.1,253.0,0,0.0,0.0,,0.0,1,0.04,0.07,SPY190215C00279500,279.5,normalDay
2019-02-13,276.0,2196.0,0.0,100,274.99,253.0,0,0.0,0.0,,0.0,1,0.04,0.07,SPY190215C00279500,279.5,normalDay
2019-02-14,276.0,2140.0,0.0,100,274.38,253.0,0,0.0,0.0,,0.0,1,0.04,0.02,SPY190215C00279500,279.5,normalDay
2019-02-15,280.0,2437.0,4.0,100,277.37,253.0,0,0.0,0.0,,0.0,1,0.04,0.0,SPY190215C00279500,279.5,expirationDay
2019-02-19,280.0,2485.0,0.0,100,277.85,253.0,0,0.0,0.0,,0.0,0,0.0,0.0,,0.0,bidTooLow
2019-02-20,280.0,2541.0,0.0,100,278.41,253.0,0,0.0,0.0,,0.0,0,0.0,0.0,,0.0,bidTooLow
2019-02-21,280.0,2442.0,0.0,100,277.42,253.0,0,0.0,0.0,,0.0,0,0.0,0.0,,0.0,bidTooLow
2019-02-22,280.0,2614.0,0.0,100,279.14,253.0,0,0.0,0.0,,0.0,0,0.0,0.0,,0.0,bidTooLow
2019-02-25,280.0,2652.0,0.0,100,279.52,253.0,0,0.0,0.0,,0.0,0,0.0,0.0,,0.0,bidTooLow
2019-02-26,280.0,2632.0,0.0,100,279.32,253.0,0,0.0,0.0,,0.0,0,0.0,0.0,,0.0,bidTooLow
2019-02-27,280.0,2620.0,0.0,100,279.2,253.0,0,0.0,0.0,,0.0,0,0.0,0.0,,0.0,bidTooLow
2019-02-28,280.0,2568.0,0.0,100,278.68,253.0,0,0.0,0.0,,0.0,0,0.0,0.0,,0.0,bidTooLow
2019-03-01,280.0,2742.0,0.0,100,280.42,253.0,0,0.0,0.0,,0.0,0,0.0,0.0,,0.0,bidTooLow
2019-03-04,280.0,2640.0,0.0,100,279.4,253.0,0,0.0,0.0,,0.0,0,0.0,0.0,,0.0,bidTooLow
2019-03-05,280.0,2602.0,0.0,100,279.02,253.0,0,0.0,0.0,,0.0,0,0.0,0.0,,0.0,bidTooLow
2019-03-06,280.0,2433.0,0.0,100,277.33,253.0,0,0.0,0.0,,0.0,0,0.0,0.0,,0.0,bidTooLow
2019-03-07,280.0,2201.0,0.0,100,275.01,253.0,0,0.0,0.0,,0.0,0,0.0,0.0,,0.0,bidTooLow
2019-03-08,280.0,2146.0,0.0,100,274.46,253.0,0,0.0,0.0,,0.0,0,0.0,0.0,,0.0,bidTooLow
2019-03-11,280.0,2544.0,0.0,100,278.44,253.0,0,0.0,0.0,,0.0,0,0.0,0.0,,0.0,bidTooLow
2019-03-12,280.0,2646.0,0.0,100,279.49,253.0,0,0.0,0.0,,0.0,1,0.04,0.07,SPY190315C00283500,283.5,normalDay
2019-03-13,280.0,2819.0,0.0,100,281.34,253.0,0,0.0,0.0,,0.0,1,0.04,0.19,SPY190315C00283500,283.5,normalDay
2019-03-14,280.0,2816.0,0.0,100,281.16,253.0,0,0.0,0.0,,0.0,1,0.04,0.04,SPY190315C00283500,283.5,normalDay
2019-03-15,284.0,2831.0,4.0,100,281.31,253.0,0,0.0,0.0,,0.0,1,0.04,0.0,SPY190315C00283500,283.5,expirationDay
2019-03-18,284.0,2929.0,0.0,100,282.33,253.0,0,0.0,0.0,,0.0,1,0.22,0.26,SPY190320C00284500,284.5,normalDay
2019-03-19,284.0,2947.0,0.0,100,282.4,253.0,0,0.0,0.0,,0.0,1,0.22,0.15,SPY190320C00284500,284.5,normalDay
2019-03-20,306.0,2855.0,22.0,100,281.55,253.0,0,0.0,0.0,,0.0,1,0.22,0.0,SPY190320C00284500,284.5,expirationDay
2019-03-21,306.0,3170.0,0.0,100,284.73,253.0,0,0.0,0.0,,0.0,1,0.1,0.13,SPY190322C00286500,286.5,normalDay
2019-03-22,316.0,2625.0,10.0,100,279.25,253.0,0,0.0,0.0,,0.0,1,0.1,0.0,SPY190322C00286500,286.5,expirationDay
2019-03-25,316.0,2604.0,0.0,100,279.04,253.0,0,0.0,0.0,,0.0,0,0.0,0.0,,0.0,bidTooLow
2019-03-26,316.0,2809.0,0.0,100,281.12,253.0,0,0.0,0.0,,0.0,1,0.02,0.05,SPY190329C00287000,287.0,normalDay
2019-03-27,316.0,2665.0,0.0,100,279.65,253.0,0,0.0,0.0,,0.0,1,0.02,0.02,SPY190329C00287000,287.0,normalDay
2019-03-28,316.0,2772.0,0.0,100,280.71,253.0,0,0.0,0.0,,0.0,1,0.02,0.01,SPY190329C00287000,287.0,normalDay
2019-03-29,318.0,2948.0,2.0,100,282.48,253.0,0,0.0,0.0,,0.0,1,0.02,0.0,SPY190329C00287000,287.0,expirationDay
2019-04-01,318.0,3279.0,0.0,100,285.83,253.0,0,0.0,0.0,,0.0,1,0.12,0.16,SPY190403C00288000,288.0,normalDay
2019-04-02,318.0,3304.0,0.0,100,285.97,253.0,0,0.0,0.0,,0.0,1,0.12,0.05,SPY190403C00288000,288.0,normalDay
2019-04-03,330.0,3342.0,12.0,100,286.42,253.0,0,0.0,0.0,,0.0,1,0.12,0.0,SPY190403C00288000,288.0,expirationDay
2019-04-04,330.0,3415.0,0.0,100,287.18,253.0,0,0.0,0.0,,0.0,1,0.04,0.07,SPY190405C00290000,290.0,normalDay
2019-04-05,334.0,3557.0,4.0,100,288.57,253.0,0,0.0,0.0,,0.0,1,0.04,0.0,SPY190405C00290000,290.0,expirationDay
2019-04-08,334.0,3576.0,0.0,100,288.79,253.0,0,0.0,0.0,,0.0,1,0.01,0.04,SPY190410C00292000,292.0,normalDay
2019-04-09,334.0,3431.0,0.0,100,287.31,253.0,0,0.0,0.0,,0.0,1,0.01,0.01,SPY190410C00292000,292.0,normalDay
2019-04-10,335.0,3529.0,1.0,100,288.29,253.0,0,0.0,0.0,,0.0,1,0.01,0.0,SPY190410C00292000,292.0,expirationDay
2019-04-11,335.0,3521.0,0.0,100,288.21,253.0,0,0.0,0.0,,0.0,0,0.0,0.0,,0.0,bidTooLow
2019-04-12,335.0,3716.0,0.0,100,290.16,253.0,0,0.0,0.0,,0.0,0,0.0,0.0,,0.0,bidTooLow
2019-04-15,335.0,3697.0,0.0,100,289.97,253.0,0,0.0,0.0,,0.0,0,0.0,0.0,,0.0,bidTooLow
2019-04-16,335.0,3716.0,0.0,100,290.16,253.0,0,0.0,0.0,,0.0,0,0.0,0.0,,0.0,bidTooLow
2019-04-17,335.0,3645.0,0.0,100,289.45,253.0,0,0.0,0.0,,0.0,0,0.0,0.0,,0.0,bidTooLow
2019-04-18,335.0,3702.0,0.0,100,290.02,253.0,0,0.0,0.0,,0.0,0,0.0,0.0,,0.0,bidTooLow
2019-04-22,335.0,3727.0,0.0,100,290.27,253.0,0,0.0,0.0,,0.0,0,0.0,0.0,,0.0,bidTooLow
2019-04-23,335.0,3985.0,0.0,100,292.88,253.0,0,0.0,0.0,,0.0,1,0.02,0.05,SPY190426C00297500,297.5,normalDay
2019-04-24,335.0,3923.0,0.0,100,292.23,253.0,0,0.0,0.0,,0.0,1,0.02,0.02,SPY190426C00297500,297.5,normalDay
2019-04-25,335.0,3906.0,0.0,100,292.05,253.0,0,0.0,0.0,,0.0,1,0.02,0.01,SPY190426C00297500,297.5,normalDay
2019-04-26,337.0,4041.0,2.0,100,293.41,253.0,0,0.0,0.0,,0.0,1,0.02,0.0,SPY190426C00297500,297.5,expirationDay
2019-04-29,337.0,4084.0,0.0,100,293.87,253.0,0,0.0,0.0,,0.0,1,0.16,0.19,SPY190501C00296000,296.0,normalDay
2019-04-30,337.0,4107.0,0.0,100,294.02,253.0,0,0.0,0.0,,0.0,1,0.16,0.11,SPY190501C00296000,296.0,normalDay
2019-05-01,353.0,3881.0,16.0,100,291.81,253.0,0,0.0,0.0,,0.0,1,0.16,0.0,SPY190501C00296000,296.0,expirationDay
2019-05-02,353.0,3818.0,0.0,100,291.18,253.0,0,0.0,0.0,,0.0,0,0.0,0.0,,0.0,bidTooLow
2019-05-03,353.0,4103.0,0.0,100,294.03,253.0,0,0.0,0.0,,0.0,0,0.0,0.0,,0.0,bidTooLow
2019-05-06,353.0,3979.0,0.0,100,292.82,253.0,0,0.0,0.0,,0.0,1,0.01,0.04,SPY190508C00297000,297.0,normalDay
2019-05-07,353.0,3493.0,0.0,100,287.93,253.0,0,0.0,0.0,,0.0,1,0.01,0.01,SPY190508C00297000,297.0,normalDay
2019-05-08,354.0,3453.0,1.0,100,287.53,253.0,0,0.0,0.0,,0.0,1,0.01,0.0,SPY190508C00297000,297.0,expirationDay
2019-05-09,354.0,3366.0,0.0,100,286.66,253.0,0,0.0,0.0,,0.0,0,0.0,0.0,,0.0,bidTooLow
2019-05-10,354.0,3510.0,0.0,100,288.1,253.0,0,0.0,0.0,,0.0,0,0.0,0.0,,0.0,bidTooLow
2019-05-13,354.0,2786.0,0.0,100,280.86,253.0,0,0.0,0.0,,0.0,0,0.0,0.0,,0.0,bidTooLow
2019-05-14,354.0,3040.0,0.0,100,283.4,253.0,0,0.0,0.0,,0.0,0,0.0,0.0,,0.0,bidTooLow
2019-05-15,354.0,3206.0,0.0,100,285.06,253.0,0,0.0,0.0,,0.0,0,0.0,0.0,,0.0,bidTooLow
2019-05-16,354.0,3470.0,0.0,100,287.7,253.0,0,0.0,0.0,,0.0,0,0.0,0.0,,0.0,bidTooLow
2019-05-17,354.0,3284.0,0.0,100,285.84,253.0,0,0.0,0.0,,0.0,0,0.0,0.0,,0.0,bidTooLow
2019-05-20,354.0,3095.0,0.0,100,283.95,253.0,0,0.0,0.0,,0.0,0,0.0,0.0,,0.0,bidTooLow
2019-05-21,354.0,3351.0,0.0,100,286.51,253.0,0,0.0,0.0,,0.0,0,0.0,0.0,,0.0,bidTooLow
2019-05-22,354.0,3263.0,0.0,100,285.63,253.0,0,0.0,0.0,,0.0,0,0.0,0.0,,0.0,bidTooLow
2019-05-23,354.0,2914.0,0.0,100,282.14,253.0,0,0.0,0.0,,0.0,0,0.0,0.0,,0.0,bidTooLow
2019-05-24,354.0,2978.0,0.0,100,282.78,253.0,0,0.0,0.0,,0.0,0,0.0,0.0,,0.0,bidTooLow
2019-05-28,354.0,2715.0,0.0,100,280.15,253.0,0,0.0,0.0,,0.0,0,0.0,0.0,,0.0,bidTooLow
2019-05-29,354.0,2527.0,0.0,100,278.27,253.0,0,0.0,0.0,,0.0,0,0.0,0.0,,0.0,bidTooLow
2019-05-30,354.0,2603.0,0.0,100,279.03,253.0,0,0.0,0.0,,0.0,0,0.0,0.0,,0.0,bidTooLow
2019-05-31,354.0,2227.0,0.0,100,275.27,253.0,0,0.0,0.0,,0.0,0,0.0,0.0,,0.0,bidTooLow
2019-06-03,354.0,2157.0,0.0,100,274.57,253.0,0,0.0,0.0,,0.0,0,0.0,0.0,,0.0,bidTooLow
2019-06-04,354.0,2753.0,0.0,100,280.53,253.0,0,0.0,0.0,,0.0,0,0.0,0.0,,0.0,bidTooLow
2019-06-05,354.0,2996.0,0.0,100,282.96,253.0,0,0.0,0.0,,0.0,0,0.0,0.0,,0.0,bidTooLow
2019-06-06,354.0,3180.0,0.0,100,284.8,253.0,0,0.0,0.0,,0.0,0,0.0,0.0,,0.0,bidTooLow
2019-06-07,354.0,3465.0,0.0,100,287.65,253.0,0,0.0,0.0,,0.0,0,0.0,0.0,,0.0,bidTooLow
2019-06-10,354.0,3594.0,0.0,100,288.97,253.0,0,0.0,0.0,,0.0,1,0.02,0.05,SPY190612C00294000,294.0,normalDay
2019-06-11,354.0,3590.0,0.0,100,288.9,253.0,0,0.0,0.0,,0.0,1,0.02,0.02,SPY190612C00294000,294.0,normalDay
2019-06-12,356.0,3539.0,2.0,100,288.39,253.0,0,0.0,0.0,,0.0,1,0.02,0.0,SPY190612C00294000,294.0,expirationDay
2019-06-13,356.0,3658.0,0.0,100,289.58,253.0,0,0.0,0.0,,0.0,0,0.0,0.0,,0.0,bidTooLow
2019-06-14,356.0,3626.0,0.0,100,289.26,253.0,0,0.0,0.0,,0.0,0,0.0,0.0,,0.0,bidTooLow
2019-06-17,356.0,3637.0,0.0,100,289.37,253.0,0,0.0,0.0,,0.0,0,0.0,0.0,,0.0,bidTooLow
2019-06-18,356.0,3937.0,0.0,100,292.4,253.0,0,0.0,0.0,,0.0,1,0.05,0.08,SPY190621C00299000,299.0,normalDay
2019-06-19,356.0,4007.0,0.0,100,293.06,253.0,0,0.0,0.0,,0.0,1,0.05,0.04,SPY190621C00299000,299.0,normalDay
2019-06-20,356.0,4284.0,0.0,100,295.86,253.0,0,0.0,0.0,,0.0,1,0.05,0.07,SPY190621C00299000,299.0,normalDay
2019-06-21,361.0,4100.0,5.0,100,294.0,253.0,0,0.0,0.0,,0.0,1,0.05,0.0,SPY190621C00299000,299.0,expirationDay
2019-06-24,361.0,4064.0,0.0,100,293.64,253.0,0,0.0,0.0,,0.0,0,0.0,0.0,,0.0,bidTooLow
2019-06-25,361.0,3776.0,0.0,100,290.76,253.0,0,0.0,0.0,,0.0,0,0.0,0.0,,0.0,bidTooLow
2019-06-26,361.0,3747.0,0.0,100,290.47,253.0,0,0.0,0.0,,0.0,0,0.0,0.0,,0.0,bidTooLow
2019-06-27,361.0,3850.0,0.0,100,291.5,253.0,0,0.0,0.0,,0.0,0,0.0,0.0,,0.0,bidTooLow
2019-06-28,361.0,4000.0,0.0,100,293.0,253.0,0,0.0,0.0,,0.0,0,0.0,0.0,,0.0,bidTooLow
2019-07-01,361.0,4266.0,0.0,100,295.66,253.0,0,0.0,0.0,,0.0,0,0.0,0.0,,0.0,bidTooLow
2019-07-02,361.0,4340.0,0.0,100,296.43,253.0,0,0.0,0.0,,0.0,1,0.02,0.05,SPY190705C00301000,301.0,normalDay
2019-07-03,361.0,4568.0,0.0,100,298.8,253.0,0,0.0,0.0,,0.0,1,0.02,0.14,SPY190705C00301000,301.0,normalDay
2019-07-05,363.0,4546.0,2.0,100,298.46,253.0,0,0.0,0.0,,0.0,1,0.02,0.0,SPY190705C00301000,301.0,expirationDay
2019-07-08,363.0,4382.0,0.0,100,296.82,253.0,0,0.0,0.0,,0.0,0,0.0,0.0,,0.0,bidTooLow
2019-07-09,363.0,4416.0,0.0,100,297.19,253.0,0,0.0,0.0,,0.0,1,0.01,0.04,SPY190712C00302500,302.5,normalDay
2019-07-10,363.0,4558.0,0.0,100,298.61,253.0,0,0.0,0.0,,0.0,1,0.01,0.04,SPY190712C00302500,302.5,normalDay
2019-07-11,363.0,4631.0,0.0,100,299.31,253.0,0,0.0,0.0,,0.0,1,0.01,0.01,SPY190712C00302500,302.5,normalDay
2019-07-12,364.0,4765.0,1.0,100,300.65,253.0,0,0.0,0.0,,0.0,1,0.01,0.0,SPY190712C00302500,302.5,expirationDay
2019-07-15,364.0,4775.0,0.0,100,300.75,253.0,0,0.0,0.0,,0.0,0,0.0,0.0,,0.0,bidTooLow
2019-07-16,364.0,4678.0,0.0,100,299.78,253.0,0,0.0,0.0,,0.0,0,0.0,0.0,,0.0,bidTooLow
2019-07-17,364.0,4474.0,0.0,100,297.74,253.0,0,0.0,0.0,,0.0,0,0.0,0.0,,0.0,bidTooLow
2019-07-18,364.0,4583.0,0.0,100,298.83,253.0,0,0.0,0.0,,0.0,0,0.0,0.0,,0.0,bidTooLow
2019-07-19,364.0,4417.0,0.0,100,297.17,253.0,0,0.0,0.0,,0.0,0,0.0,0.0,,0.0,bidTooLow
2019-07-22,364.0,4490.0,0.0,100,297.9,253.0,0,0.0,0.0,,0.0,0,0.0,0.0,,0.0,bidTooLow
2019-07-23,364.0,4703.0,0.0,100,300.03,253.0,0,0.0,0.0,,0.0,0,0.0,0.0,,0.0,bidTooLow
2019-07-24,364.0,4844.0,0.0,100,301.44,253.0,0,0.0,0.0,,0.0,0,0.0,0.0,,0.0,bidTooLow
2019-07-25,364.0,4700.0,0.0,100,300.0,253.0,0,0.0,0.0,,0.0,0,0.0,0.0,,0.0,bidTooLow
2019-07-26,364.0,4901.0,0.0,100,302.01,253.0,0,0.0,0.0,,0.0,0,0.0,0.0,,0.0,bidTooLow
2019-07-29,364.0,4843.0,0.0,100,301.46,253.0,0,0.0,0.0,,0.0,1,0.26,0.29,SPY190731C00304000,304.0,normalDay
2019-07-30,364.0,4787.0,0.0,100,300.72,253.0,0,0.0,0.0,,0.0,1,0.26,0.11,SPY190731C00304000,304.0,normalDay
2019-07-31,390.0,4443.0,26.0,100,297.43,253.0,0,0.0,0.0,,0.0,1,0.26,0.0,SPY190731C00304000,304.0,expirationDay
2019-08-01,390.0,4184.0,0.0,100,294.84,253.0,0,0.0,0.0,,0.0,0,0.0,0.0,,0.0,bidTooLow
2019-08-02,390.0,3962.0,0.0,100,292.62,253.0,0,0.0,0.0,,0.0,0,0.0,0.0,,0.0,bidTooLow
2019-08-05,390.0,3082.0,0.0,100,283.82,253.0,0,0.0,0.0,,0.0,0,0.0,0.0,,0.0,bidTooLow
2019-08-06,390.0,3480.0,0.0,100,287.8,253.0,0,0.0,0.0,,0.0,0,0.0,0.0,,0.0,bidTooLow
2019-08-07,390.0,3497.0,0.0,100,287.97,253.0,0,0.0,0.0,,0.0,0,0.0,0.0,,0.0,bidTooLow
2019-08-08,390.0,4062.0,0.0,100,293.62,253.0,0,0.0,0.0,,0.0,0,0.0,0.0,,0.0,bidTooLow
2019-08-09,390.0,3862.0,0.0,100,291.62,253.0,0,0.0,0.0,,0.0,0,0.0,0.0,,0.0,bidTooLow
2019-08-12,390.0,3507.0,0.0,100,288.07,253.0,0,0.0,0.0,,0.0,0,0.0,0.0,,0.0,bidTooLow
2019-08-13,390.0,3955.0,0.0,100,292.55,253.0,0,0.0,0.0,,0.0,0,0.0,0.0,,0.0,bidTooLow
2019-08-14,390.0,3090.0,0.0,100,283.9,253.0,0,0.0,0.0,,0.0,0,0.0,0.0,,0.0,bidTooLow
2019-08-15,390.0,3165.0,0.0,100,284.65,253.0,0,0.0,0.0,,0.0,0,0.0,0.0,,0.0,bidTooLow
2019-08-16,390.0,3585.0,0.0,100,288.85,253.0,0,0.0,0.0,,0.0,0,0.0,0.0,,0.0,bidTooLow
2019-08-19,390.0,3933.0,0.0,100,292.33,253.0,0,0.0,0.0,,0.0,0,0.0,0.0,,0.0,bidTooLow
2019-08-20,390.0,3709.0,0.0,100,290.09,253.0,0,0.0,0.0,,0.0,0,0.0,0.0,,0.0,bidTooLow
2019-08-21,390.0,3945.0,0.0,100,292.45,253.0,0,0.0,0.0,,0.0,0,0.0,0.0,,0.0,bidTooLow
2019-08-22,390.0,3936.0,0.0,100,292.36,253.0,0,0.0,0.0,,0.0,0,0.0,0.0,,0.0,bidTooLow
2019-08-23,390.0,3185.0,0.0,100,284.85,253.0,0,0.0,0.0,,0.0,0,0.0,0.0,,0.0,bidTooLow
2019-08-26,390.0,3500.0,0.0,100,288.0,253.0,0,0.0,0.0,,0.0,0,0.0,0.0,,0.0,bidTooLow
2019-08-27,390.0,3387.0,0.0,100,286.87,253.0,0,0.0,0.0,,0.0,0,0.0,0.0,,0.0,bidTooLow
2019-08-28,390.0,3589.0,0.0,100,288.89,253.0,0,0.0,0.0,,0.0,0,0.0,0.0,,0.0,bidTooLow
2019-08-29,390.0,3958.0,0.0,100,292.58,253.0,0,0.0,0.0,,0.0,0,0.0,0.0,,0.0,bidTooLow
2019-08-30,390.0,3945.0,0.0,100,292.45,253.0,0,0.0,0.0,,0.0,0,0.0,0.0,,0.0,bidTooLow
2019-09-03,390.0,3771.0,0.0,100,290.74,253.0,0,0.0,0.0,,0.0,1,0.02,0.05,SPY190906C00298000,298.0,normalDay
2019-09-04,390.0,4095.0,0.0,100,294.04,253.0,0,0.0,0.0,,0.0,1,0.02,0.11,SPY190906C00298000,298.0,normalDay
2019-09-05,390.0,4418.0,0.0,100,297.82,253.0,0,0.0,0.0,,0.0,1,0.02,0.66,SPY190906C00298000,298.0,normalDay
2019-09-06,4892.0,4418.0,4502.0,0,298.05,0.0,0,0.0,0.0,,0.0,1,0.02,0.0,SPY190906C00298000,298.0,expirationDay
2019-09-09,4892.0,0.0,0.0,0,298.2,0.0,0,0.0,0.0,,0.0,0,0.0,0.0,,0.0,bidTooLow
2019-09-10,4892.0,0.0,0.0,0,298.13,0.0,0,0.0,0.0,,0.0,0,0.0,0.0,,0.0,bidTooLow
2019-09-11,4892.0,0.0,0.0,0,300.25,0.0,0,0.0,0.0,,0.0,0,0.0,0.0,,0.0,bidTooLow
2019-09-12,4892.0,0.0,0.0,0,301.29,0.0,0,0.0,0.0,,0.0,0,0.0,0.0,,0.0,bidTooLow
2019-09-13,4892.0,0.0,0.0,0,301.09,0.0,0,0.0,0.0,,0.0,0,0.0,0.0,,0.0,bidTooLow
2019-09-16,4892.0,0.0,0.0,0,300.16,0.0,0,0.0,0.0,,0.0,0,0.0,0.0,,0.0,bidTooLow
2019-09-17,4892.0,-3.0,0.0,0,300.92,0.0,1,0.04,0.07,SPY190920P00281000,281.0,0,0.0,0.0,,0.0,normalDay
2019-09-18,4892.0,-1.0,0.0,0,301.1,0.0,1,0.04,0.05,SPY190920P00281000,281.0,0,0.0,0.0,,0.0,normalDay
2019-09-19,4892.0,0.0,0.0,0,301.08,0.0,1,0.04,0.04,SPY190920P00281000,281.0,0,0.0,0.0,,0.0,normalDay
2019-09-20,4896.0,0.0,4.0,0,298.28,0.0,1,0.04,0.0,SPY190920P00281000,281.0,0,0.0,0.0,,0.0,expirationDay
2019-09-23,4896.0,0.0,0.0,0,298.21,0.0,0,0.0,0.0,,0.0,0,0.0,0.0,,0.0,bidTooLow
2019-09-24,4896.0,-3.0,0.0,0,295.87,0.0,1,0.13,0.16,SPY190927P00285500,285.5,0,0.0,0.0,,0.0,normalDay
2019-09-25,4896.0,8.0,0.0,0,297.62,0.0,1,0.13,0.05,SPY190927P00285500,285.5,0,0.0,0.0,,0.0,normalDay
2019-09-26,4896.0,12.0,0.0,0,297.0,0.0,1,0.13,0.01,SPY190927P00285500,285.5,0,0.0,0.0,,0.0,normalDay
2019-09-27,4909.0,0.0,13.0,0,295.4,0.0,1,0.13,0.0,SPY190927P00285500,285.5,0,0.0,0.0,,0.0,expirationDay
2019-09-30,4909.0,-3.0,0.0,0,296.77,0.0,1,0.09,0.12,SPY191002P00291000,291.0,0,0.0,0.0,,0.0,normalDay
2019-10-01,4909.0,-30.0,0.0,0,293.24,0.0,1,0.09,0.39,SPY191002P00291000,291.0,0,0.0,0.0,,0.0,normalDay
2019-10-02,4918.0,-294.0,9.0,100,288.06,291.0,1,0.09,0.0,SPY191002P00291000,291.0,0,0.0,0.0,,0.0,expirationDay
2019-10-03,4918.0,-58.0,0.0,100,290.42,291.0,0,0.0,0.0,,0.0,0,0.0,0.0,,0.0,bidTooLow
2019-10-04,4918.0,335.0,0.0,100,294.35,291.0,0,0.0,0.0,,0.0,0,0.0,0.0,,0.0,bidTooLow
2019-10-07,4918.0,208.0,0.0,100,293.08,291.0,0,0.0,0.0,,0.0,0,0.0,0.0,,0.0,bidTooLow
2019-10-08,4918.0,-247.0,0.0,100,288.53,291.0,0,0.0,0.0,,0.0,0,0.0,0.0,,0.0,bidTooLow
2019-10-09,4918.0,27.0,0.0,100,291.27,291.0,0,0.0,0.0,,0.0,0,0.0,0.0,,0.0,bidTooLow
2019-10-10,4918.0,224.0,0.0,100,293.24,291.0,0,0.0,0.0,,0.0,0,0.0,0.0,,0.0,bidTooLow
2019-10-11,4918.0,528.0,0.0,100,296.28,291.0,0,0.0,0.0,,0.0,0,0.0,0.0,,0.0,bidTooLow
2019-10-14,4918.0,495.0,0.0,100,295.95,291.0,0,0.0,0.0,,0.0,0,0.0,0.0,,0.0,bidTooLow
2019-10-15,4918.0,785.0,0.0,100,298.88,291.0,0,0.0,0.0,,0.0,1,0.01,0.04,SPY191018C00306000,306.0,normalDay
2019-10-16,4918.0,740.0,0.0,100,298.4,291.0,0,0.0,0.0,,0.0,1,0.01,0.01,SPY191018C00306000,306.0,normalDay
2019-10-17,4918.0,828.0,0.0,100,299.28,291.0,0,0.0,0.0,,0.0,1,0.01,0.01,SPY191018C00306000,306.0,normalDay
2019-10-18,4919.0,697.0,1.0,100,297.97,291.0,0,0.0,0.0,,0.0,1,0.01,0.0,SPY191018C00306000,306.0,expirationDay
2019-10-21,4919.0,899.0,0.0,100,299.99,291.0,0,0.0,0.0,,0.0,0,0.0,0.0,,0.0,bidTooLow
2019-10-22,4919.0,801.0,0.0,100,299.01,291.0,0,0.0,0.0,,0.0,0,0.0,0.0,,0.0,bidTooLow
2019-10-23,4919.0,888.0,0.0,100,299.88,291.0,0,0.0,0.0,,0.0,0,0.0,0.0,,0.0,bidTooLow
2019-10-24,4919.0,937.0,0.0,100,300.37,291.0,0,0.0,0.0,,0.0,0,0.0,0.0,,0.0,bidTooLow
2019-10-25,4919.0,1060.0,0.0,100,301.6,291.0,0,0.0,0.0,,0.0,0,0.0,0.0,,0.0,bidTooLow
2019-10-28,4919.0,1230.0,0.0,100,303.3,291.0,0,0.0,0.0,,0.0,0,0.0,0.0,,0.0,bidTooLow
2019-10-29,4919.0,1221.0,0.0,100,303.21,291.0,0,0.0,0.0,,0.0,0,0.0,0.0,,0.0,bidTooLow
2019-10-30,4919.0,1314.0,0.0,100,304.14,291.0,0,0.0,0.0,,0.0,0,0.0,0.0,,0.0,bidTooLow
2019-10-31,4919.0,1233.0,0.0,100,303.33,291.0,0,0.0,0.0,,0.0,0,0.0,0.0,,0.0,bidTooLow
2019-11-01,4919.0,1514.0,0.0,100,306.14,291.0,0,0.0,0.0,,0.0,0,0.0,0.0,,0.0,bidTooLow
2019-11-04,4919.0,1637.0,0.0,100,307.37,291.0,0,0.0,0.0,,0.0,0,0.0,0.0,,0.0,bidTooLow
2019-11-05,4919.0,1603.0,0.0,100,307.03,291.0,0,0.0,0.0,,0.0,0,0.0,0.0,,0.0,bidTooLow
2019-11-06,4919.0,1610.0,0.0,100,307.1,291.0,0,0.0,0.0,,0.0,0,0.0,0.0,,0.0,bidTooLow
2019-11-07,4919.0,1718.0,0.0,100,308.18,291.0,0,0.0,0.0,,0.0,0,0.0,0.0,,0.0,bidTooLow
2019-11-08,4919.0,1794.0,0.0,100,308.94,291.0,0,0.0,0.0,,0.0,0,0.0,0.0,,0.0,bidTooLow
2019-11-11,4919.0,1735.0,0.0,100,308.35,291.0,0,0.0,0.0,,0.0,0,0.0,0.0,,0.0,bidTooLow
2019-11-12,4919.0,1800.0,0.0,100,309.0,291.0,0,0.0,0.0,,0.0,0,0.0,0.0,,0.0,bidTooLow
2019-11-13,4919.0,1810.0,0.0,100,309.1,291.0,0,0.0,0.0,,0.0,0,0.0,0.0,,0.0,bidTooLow
2019-11-14,4919.0,1855.0,0.0,100,309.55,291.0,0,0.0,0.0,,0.0,0,0.0,0.0,,0.0,bidTooLow
2019-11-15,4919.0,2079.0,0.0,100,311.79,291.0,0,0.0,0.0,,0.0,0,0.0,0.0,,0.0,bidTooLow
2019-11-18,4919.0,2102.0,0.0,100,312.02,291.0,0,0.0,0.0,,0.0,0,0.0,0.0,,0.0,bidTooLow
2019-11-19,4919.0,2093.0,0.0,100,311.93,291.0,0,0.0,0.0,,0.0,0,0.0,0.0,,0.0,bidTooLow
2019-11-20,4919.0,1977.0,0.0,100,310.77,291.0,0,0.0,0.0,,0.0,0,0.0,0.0,,0.0,bidTooLow
2019-11-21,4919.0,1927.0,0.0,100,310.27,291.0,0,0.0,0.0,,0.0,0,0.0,0.0,,0.0,bidTooLow
2019-11-22,4919.0,1996.0,0.0,100,310.96,291.0,0,0.0,0.0,,0.0,0,0.0,0.0,,0.0,bidTooLow
2019-11-25,4919.0,2237.0,0.0,100,313.37,291.0,0,0.0,0.0,,0.0,0,0.0,0.0,,0.0,bidTooLow
2019-11-26,4919.0,2305.0,0.0,100,314.08,291.0,0,0.0,0.0,,0.0,1,0.03,0.06,SPY191129C00317000,317.0,normalDay
2019-11-27,4919.0,2442.0,0.0,100,315.48,291.0,0,0.0,0.0,,0.0,1,0.03,0.09,SPY191129C00317000,317.0,normalDay
2019-11-29,4922.0,2331.0,3.0,100,314.31,291.0,0,0.0,0.0,,0.0,1,0.03,0.0,SPY191129C00317000,317.0,expirationDay
2019-12-02,4922.0,2064.0,0.0,100,311.64,291.0,0,0.0,0.0,,0.0,0,0.0,0.0,,0.0,bidTooLow
2019-12-03,4922.0,1855.0,0.0,100,309.55,291.0,0,0.0,0.0,,0.0,0,0.0,0.0,,0.0,bidTooLow
2019-12-04,4922.0,2046.0,0.0,100,311.46,291.0,0,0.0,0.0,,0.0,0,0.0,0.0,,0.0,bidTooLow
2019-12-05,4922.0,2102.0,0.0,100,312.02,291.0,0,0.0,0.0,,0.0,0,0.0,0.0,,0.0,bidTooLow
2019-12-06,4922.0,2384.0,0.0,100,314.87,291.0,0,0.0,0.0,,0.0,1,0.05,0.08,SPY191209C00317000,317.0,normalDay
2019-12-09,4927.0,2288.0,5.0,100,313.88,291.0,0,0.0,0.0,,0.0,1,0.05,0.0,SPY191209C00317000,317.0,expirationDay
2019-12-10,4927.0,2250.0,0.0,100,313.53,291.0,0,0.0,0.0,,0.0,1,0.18,0.21,SPY191213C00317500,317.5,normalDay
2019-12-11,4927.0,2344.0,0.0,100,314.42,291.0,0,0.0,0.0,,0.0,1,0.18,0.16,SPY191213C00317500,317.5,normalDay
2019-12-12,4927.0,2558.0,0.0,100,317.13,291.0,0,0.0,0.0,,0.0,1,0.18,0.73,SPY191213C00317500,317.5,normalDay
2019-12-13,4945.0,2632.0,18.0,100,317.32,291.0,0,0.0,0.0,,0.0,1,0.18,0.0,SPY191213C00317500,317.5,expirationDay
2019-12-16,4945.0,2847.0,0.0,100,319.5,291.0,0,0.0,0.0,,0.0,1,0.35,0.38,SPY191218C00321000,321.0,normalDay
2019-12-17,4945.0,2880.0,0.0,100,319.57,291.0,0,0.0,0.0,,0.0,1,0.35,0.12,SPY191218C00321000,321.0,normalDay
2019-12-18,4980.0,2859.0,35.0,100,319.59,291.0,0,0.0,0.0,,0.0,1,0.35,0.0,SPY191218C00321000,321.0,expirationDay
2019-12-19,4980.0,2990.0,0.0,100,320.9,291.0,0,0.0,0.0,,0.0,0,0.0,0.0,,0.0,bidTooLow
2019-12-20,4980.0,2973.0,0.0,100,320.73,291.0,0,0.0,0.0,,0.0,0,0.0,0.0,,0.0,bidTooLow
2019-12-23,4980.0,3022.0,0.0,100,321.22,291.0,0,0.0,0.0,,0.0,0,0.0,0.0,,0.0,bidTooLow
2019-12-24,4980.0,3023.0,0.0,100,321.23,291.0,0,0.0,0.0,,0.0,0,0.0,0.0,,0.0,bidTooLow
2019-12-26,4980.0,3194.0,0.0,100,322.94,291.0,0,0.0,0.0,,0.0,0,0.0,0.0,,0.0,bidTooLow
2019-12-27,4980.0,3186.0,0.0,100,322.86,291.0,0,0.0,0.0,,0.0,0,0.0,0.0,,0.0,bidTooLow
2019-12-30,4980.0,3008.0,0.0,100,321.08,291.0,0,0.0,0.0,,0.0,0,0.0,0.0,,0.0,bidTooLow
2019-12-31,4980.0,3086.0,0.0,100,321.86,291.0,0,0.0,0.0,,0.0,0,0.0,0.0,,0.0,bidTooLow
2020-01-02,4980.0,3387.0,0.0,100,324.87,291.0,0,0.0,0.0,,0.0,0,0.0,0.0,,0.0,bidTooLow
2020-01-03,4980.0,3141.0,0.0,100,322.41,291.0,0,0.0,0.0,,0.0,0,0.0,0.0,,0.0,bidTooLow
2020-01-06,4980.0,3264.0,0.0,100,323.64,291.0,0,0.0,0.0,,0.0,0,0.0,0.0,,0.0,bidTooLow
2020-01-07,4980.0,3173.0,0.0,100,322.73,291.0,0,0.0,0.0,,0.0,0,0.0,0.0,,0.0,bidTooLow
2020-01-08,4980.0,3342.0,0.0,100,324.45,291.0,0,0.0,0.0,,0.0,1,0.01,0.04,SPY200110C00329000,329.0,normalDay
2020-01-09,4980.0,3559.0,0.0,100,326.65,291.0,0,0.0,0.0,,0.0,1,0.01,0.07,SPY200110C00329000,329.0,normalDay
2020-01-10,4981.0,3471.0,1.0,100,325.71,291.0,0,0.0,0.0,,0.0,1,0.01,0.0,SPY200110C00329000,329.0,expirationDay
2020-01-13,4981.0,3691.0,0.0,100,327.95,291.0,0,0.0,0.0,,0.0,1,0.29,0.33,SPY200115C00329500,329.5,normalDay
2020-01-14,4981.0,3661.0,0.0,100,327.45,291.0,0,0.0,0.0,,0.0,1,0.29,0.13,SPY200115C00329500,329.5,normalDay
2020-01-15,5010.0,3719.0,29.0,100,328.19,291.0,0,0.0,0.0,,0.0,1,0.29,0.0,SPY200115C00329500,329.5,expirationDay
2020-01-16,5010.0,3989.0,0.0,100,330.92,291.0,0,0.0,0.0,,0.0,1,0.1,0.13,SPY200117C00332500,332.5,normalDay
2020-01-17,5020.0,4095.0,10.0,100,331.95,291.0,0,0.0,0.0,,0.0,1,0.1,0.0,SPY200117C00332500,332.5,expirationDay
2020-01-21,5020.0,4027.0,0.0,100,331.3,291.0,0,0.0,0.0,,0.0,1,0.07,0.1,SPY200124C00335000,335.0,normalDay
2020-01-22,5020.0,4036.0,0.0,100,331.34,291.0,0,0.0,0.0,,0.0,1,0.07,0.05,SPY200124C00335000,335.0,normalDay
2020-01-23,5020.0,4077.0,0.0,100,331.72,291.0,0,0.0,0.0,,0.0,1,0.07,0.02,SPY200124C00335000,335.0,normalDay
2020-01-24,5027.0,3777.0,7.0,100,328.77,291.0,0,0.0,0.0,,0.0,1,0.07,0.0,SPY200124C00335000,335.0,expirationDay
2020-01-27,5027.0,3250.0,0.0,100,323.5,291.0,0,0.0,0.0,,0.0,0,0.0,0.0,,0.0,bidTooLow
2020-01-28,5027.0,3589.0,0.0,100,326.89,291.0,0,0.0,0.0,,0.0,0,0.0,0.0,,0.0,bidTooLow
2020-01-29,5027.0,3562.0,0.0,100,326.62,291.0,0,0.0,0.0,,0.0,0,0.0,0.0,,0.0,bidTooLow
2020-01-30,5027.0,3668.0,0.0,100,327.68,291.0,0,0.0,0.0,,0.0,0,0.0,0.0,,0.0,bidTooLow
2020-01-31,5027.0,3073.0,0.0,100,321.73,291.0,0,0.0,0.0,,0.0,0,0.0,0.0,,0.0,bidTooLow
2020-02-03,5027.0,3312.0,0.0,100,324.12,291.0,0,0.0,0.0,,0.0,0,0.0,0.0,,0.0,bidTooLow
2020-02-04,5027.0,3803.0,0.0,100,329.06,291.0,0,0.0,0.0,,0.0,1,0.03,0.06,SPY200207C00336000,336.0,normalDay
2020-02-05,5027.0,4171.0,0.0,100,332.86,291.0,0,0.0,0.0,,0.0,1,0.03,0.18,SPY200207C00336000,336.0,normalDay
2020-02-06,5027.0,4290.0,0.0,100,333.98,291.0,0,0.0,0.0,,0.0,1,0.03,0.11,SPY200207C00336000,336.0,normalDay
2020-02-07,5030.0,4120.0,3.0,100,332.2,291.0,0,0.0,0.0,,0.0,1,0.03,0.0,SPY200207C00336000,336.0,expirationDay
2020-02-10,5030.0,4365.0,0.0,100,334.68,291.0,0,0.0,0.0,,0.0,1,0.01,0.04,SPY200212C00339000,339.0,normalDay
2020-02-11,5030.0,4425.0,0.0,100,335.26,291.0,0,0.0,0.0,,0.0,1,0.01,0.02,SPY200212C00339000,339.0,normalDay
2020-02-12,5031.0,4642.0,1.0,100,337.42,291.0,0,0.0,0.0,,0.0,1,0.01,0.0,SPY200212C00339000,339.0,expirationDay
2020-02-13,5031.0,4606.0,0.0,100,337.06,291.0,0,0.0,0.0,,0.0,0,0.0,0.0,,0.0,bidTooLow
2020-02-14,5031.0,4660.0,0.0,100,337.6,291.0,0,0.0,0.0,,0.0,0,0.0,0.0,,0.0,bidTooLow
2020-02-18,5031.0,4573.0,0.0,100,336.73,291.0,0,0.0,0.0,,0.0,0,0.0,0.0,,0.0,bidTooLow
2020-02-19,5031.0,4734.0,0.0,100,338.34,291.0,0,0.0,0.0,,0.0,0,0.0,0.0,,0.0,bidTooLow
2020-02-20,5031.0,4595.0,0.0,100,336.95,291.0,0,0.0,0.0,,0.0,0,0.0,0.0,,0.0,bidTooLow
2020-02-21,5031.0,4248.0,0.0,100,333.48,291.0,0,0.0,0.0,,0.0,0,0.0,0.0,,0.0,bidTooLow
2020-02-24,5031.0,3142.0,0.0,100,322.42,291.0,0,0.0,0.0,,0.0,0,0.0,0.0,,0.0,bidTooLow
2020-02-25,5031.0,2165.0,0.0,100,312.65,291.0,0,0.0,0.0,,0.0,0,0.0,0.0,,0.0,bidTooLow
2020-02-26,5031.0,2050.0,0.0,100,311.5,291.0,0,0.0,0.0,,0.0,0,0.0,0.0,,0.0,bidTooLow
2020-02-27,5031.0,651.0,0.0,100,297.51,291.0,0,0.0,0.0,,0.0,0,0.0,0.0,,0.0,bidTooLow
2020-02-28,5031.0,526.0,0.0,100,296.26,291.0,0,0.0,0.0,,0.0,0,0.0,0.0,,0.0,bidTooLow
2020-03-02,5031.0,1809.0,0.0,100,309.09,291.0,0,0.0,0.0,,0.0,0,0.0,0.0,,0.0,bidTooLow
2020-03-03,5031.0,924.0,0.0,100,300.24,291.0,0,0.0,0.0,,0.0,0,0.0,0.0,,0.0,bidTooLow
2020-03-04,5031.0,2186.0,0.0,100,312.86,291.0,0,0.0,0.0,,0.0,0,0.0,0.0,,0.0,bidTooLow
2020-03-05,5031.0,1146.0,0.0,100,302.46,291.0,0,0.0,0.0,,0.0,0,0.0,0.0,,0.0,bidTooLow
2020-03-06,5031.0,646.0,0.0,100,297.46,291.0,0,0.0,0.0,,0.0,0,0.0,0.0,,0.0,bidTooLow
2020-03-09,5031.0,-1677.0,0.0,100,274.23,291.0,0,0.0,0.0,,0.0,0,0.0,0.0,,0.0,bidTooLow
2020-03-10,5031.0,-258.0,0.0,100,288.42,291.0,0,0.0,0.0,,0.0,0,0.0,0.0,,0.0,bidTooLow
2020-03-11,5031.0,-1664.0,0.0,100,274.36,291.0,0,0.0,0.0,,0.0,0,0.0,0.0,,0.0,bidTooLow
2020-03-12,5031.0,-4289.0,0.0,100,248.11,291.0,0,0.0,0.0,,0.0,0,0.0,0.0,,0.0,bidTooLow
2020-03-13,5031.0,-2168.0,0.0,100,269.32,291.0,0,0.0,0.0,,0.0,0,0.0,0.0,,0.0,bidTooLow
2020-03-16,5031.0,-5115.0,0.0,100,239.85,291.0,0,0.0,0.0,,0.0,0,0.0,0.0,,0.0,bidTooLow
2020-03-17,5031.0,-3820.0,0.0,100,252.8,291.0,0,0.0,0.0,,0.0,0,0.0,0.0,,0.0,bidTooLow
2020-03-18,5031.0,-5100.0,0.0,100,240.0,291.0,0,0.0,0.0,,0.0,0,0.0,0.0,,0.0,bidTooLow
2020-03-19,5031.0,-5049.0,0.0,100,240.51,291.0,0,0.0,0.0,,0.0,0,0.0,0.0,,0.0,bidTooLow
2020-03-20,5031.0,-6220.0,0.0,100,228.8,291.0,0,0.0,0.0,,0.0,0,0.0,0.0,,0.0,bidTooLow
2020-03-23,5031.0,-6805.0,0.0,100,222.95,291.0,0,0.0,0.0,,0.0,0,0.0,0.0,,0.0,bidTooLow
2020-03-24,5031.0,-4785.0,0.0,100,243.15,291.0,0,0.0,0.0,,0.0,0,0.0,0.0,,0.0,bidTooLow
2020-03-25,5031.0,-4421.0,0.0,100,246.79,291.0,0,0.0,0.0,,0.0,0,0.0,0.0,,0.0,bidTooLow
2020-03-26,5031.0,-2980.0,0.0,100,261.2,291.0,0,0.0,0.0,,0.0,0,0.0,0.0,,0.0,bidTooLow
2020-03-27,5031.0,-3758.0,0.0,100,253.42,291.0,0,0.0,0.0,,0.0,0,0.0,0.0,,0.0,bidTooLow
2020-03-30,5031.0,-2935.0,0.0,100,261.65,291.0,0,0.0,0.0,,0.0,0,0.0,0.0,,0.0,bidTooLow
2020-03-31,5031.0,-3325.0,0.0,100,257.75,291.0,0,0.0,0.0,,0.0,0,0.0,0.0,,0.0,bidTooLow
2020-04-01,5031.0,-4485.0,0.0,100,246.15,291.0,0,0.0,0.0,,0.0,0,0.0,0.0,,0.0,bidTooLow
2020-04-02,5031.0,-3917.0,0.0,100,251.83,291.0,0,0.0,0.0,,0.0,0,0.0,0.0,,0.0,bidTooLow
2020-04-03,5031.0,-4281.0,0.0,100,248.19,291.0,0,0.0,0.0,,0.0,0,0.0,0.0,,0.0,bidTooLow
2020-04-06,5031.0,-2614.0,0.0,100,264.86,291.0,0,0.0,0.0,,0.0,0,0.0,0.0,,0.0,bidTooLow
2020-04-07,5031.0,-2590.0,0.0,100,265.13,291.0,0,0.0,0.0,,0.0,1,0.02,0.05,SPY200409C00287500,287.5,normalDay
2020-04-08,5031.0,-1702.0,0.0,100,274.03,291.0,0,0.0,0.0,,0.0,1,0.02,0.07,SPY200409C00287500,287.5,normalDay
2020-04-09,5033.0,-1280.0,2.0,100,278.2,291.0,0,0.0,0.0,,0.0,1,0.02,0.0,SPY200409C00287500,287.5,expirationDay
2020-04-13,5033.0,-1537.0,0.0,100,275.66,291.0,0,0.0,0.0,,0.0,1,0.02,0.05,SPY200415C00294000,294.0,normalDay
2020-04-14,5033.0,-727.0,0.0,100,283.79,291.0,0,0.0,0.0,,0.0,1,0.02,0.08,SPY200415C00294000,294.0,normalDay
2020-04-15,5035.0,-1324.0,2.0,100,277.76,291.0,0,0.0,0.0,,0.0,1,0.02,0.0,SPY200415C00294000,294.0,expirationDay
2020-04-16,5035.0,-1190.0,0.0,100,279.1,291.0,0,0.0,0.0,,0.0,0,0.0,0.0,,0.0,bidTooLow
2020-04-17,5035.0,-436.0,0.0,100,286.64,291.0,0,0.0,0.0,,0.0,0,0.0,0.0,,0.0,bidTooLow
2020-04-20,5035.0,-941.0,0.0,100,281.59,291.0,0,0.0,0.0,,0.0,0,0.0,0.0,,0.0,bidTooLow
2020-04-21,5035.0,-1796.0,0.0,100,273.04,291.0,0,0.0,0.0,,0.0,0,0.0,0.0,,0.0,bidTooLow
2020-04-22,5035.0,-1190.0,0.0,100,279.1,291.0,0,0.0,0.0,,0.0,0,0.0,0.0,,0.0,bidTooLow
2020-04-23,5035.0,-1192.0,0.0,100,279.08,291.0,0,0.0,0.0,,0.0,0,0.0,0.0,,0.0,bidTooLow
2020-04-24,5035.0,-803.0,0.0,100,282.97,291.0,0,0.0,0.0,,0.0,0,0.0,0.0,,0.0,bidTooLow
2020-04-27,5035.0,-395.0,0.0,100,287.05,291.0,0,0.0,0.0,,0.0,0,0.0,0.0,,0.0,bidTooLow
2020-04-28,5035.0,-527.0,0.0,100,285.73,291.0,0,0.0,0.0,,0.0,0,0.0,0.0,,0.0,bidTooLow
2020-04-29,5035.0,221.0,0.0,100,293.21,291.0,0,0.0,0.0,,0.0,0,0.0,0.0,,0.0,bidTooLow
2020-04-30,5035.0,-52.0,0.0,100,290.48,291.0,0,0.0,0.0,,0.0,0,0.0,0.0,,0.0,bidTooLow
2020-05-01,5035.0,-821.0,0.0,100,282.79,291.0,0,0.0,0.0,,0.0,0,0.0,0.0,,0.0,bidTooLow
2020-05-04,5035.0,-743.0,0.0,100,283.57,291.0,0,0.0,0.0,,0.0,0,0.0,0.0,,0.0,bidTooLow
2020-05-05,5035.0,-484.0,0.0,100,286.19,291.0,0,0.0,0.0,,0.0,1,0.06,0.09,SPY200508C00299000,299.0,normalDay
2020-05-06,5035.0,-672.0,0.0,100,284.25,291.0,0,0.0,0.0,,0.0,1,0.06,0.03,SPY200508C00299000,299.0,normalDay
2020-05-07,5035.0,-327.0,0.0,100,287.68,291.0,0,0.0,0.0,,0.0,1,0.06,0.01,SPY200508C00299000,299.0,normalDay
2020-05-08,5041.0,144.0,6.0,100,292.44,291.0,0,0.0,0.0,,0.0,1,0.06,0.0,SPY200508C00299000,299.0,expirationDay
2020-05-11,5041.0,147.0,0.0,100,292.5,291.0,0,0.0,0.0,,0.0,1,0.13,0.16,SPY200513C00299000,299.0,normalDay
2020-05-12,5041.0,-422.0,0.0,100,286.67,291.0,0,0.0,0.0,,0.0,1,0.13,0.02,SPY200513C00299000,299.0,normalDay
2020-05-13,5054.0,-940.0,13.0,100,281.6,291.0,0,0.0,0.0,,0.0,1,0.13,0.0,SPY200513C00299000,299.0,expirationDay
2020-05-14,5054.0,-603.0,0.0,100,284.97,291.0,0,0.0,0.0,,0.0,0,0.0,0.0,,0.0,bidTooLow
2020-05-15,5054.0,-472.0,0.0,100,286.28,291.0,0,0.0,0.0,,0.0,0,0.0,0.0,,0.0,bidTooLow
2020-05-18,5054.0,397.0,0.0,100,295.0,291.0,0,0.0,0.0,,0.0,1,0.34,0.37,SPY200520C00301000,301.0,normalDay
2020-05-19,5054.0,126.0,0.0,100,291.97,291.0,0,0.0,0.0,,0.0,1,0.34,0.05,SPY200520C00301000,301.0,normalDay
2020-05-20,5088.0,593.0,34.0,100,296.93,291.0,0,0.0,0.0,,0.0,1,0.34,0.0,SPY200520C00301000,301.0,expirationDay
2020-05-21,5088.0,385.0,0.0,100,294.88,291.0,0,0.0,0.0,,0.0,1,0.07,0.1,SPY200522C00301000,301.0,normalDay
2020-05-22,5095.0,444.0,7.0,100,295.44,291.0,0,0.0,0.0,,0.0,1,0.07,0.0,SPY200522C00301000,301.0,expirationDay
2020-05-26,5095.0,805.0,0.0,100,299.08,291.0,0,0.0,0.0,,0.0,1,0.67,0.7,SPY200529C00304000,304.0,normalDay
2020-05-27,5095.0,1119.0,0.0,100,303.53,291.0,0,0.0,0.0,,0.0,1,0.67,2.01,SPY200529C00304000,304.0,normalDay
2020-05-28,5095.0,1109.0,0.0,100,302.97,291.0,0,0.0,0.0,,0.0,1,0.67,1.55,SPY200529C00304000,304.0,normalDay
2020-05-29,6462.0,1109.0,1367.0,0,304.32,0.0,0,0.0,0.0,,0.0,1,0.67,0.0,SPY200529C00304000,304.0,expirationDay
2020-06-01,6462.0,0.0,0.0,0,305.55,0.0,0,0.0,0.0,,0.0,0,0.0,0.0,,0.0,bidTooLow
2020-06-02,6462.0,0.0,0.0,0,308.08,0.0,0,0.0,0.0,,0.0,0,0.0,0.0,,0.0,bidTooLow
2020-06-03,6462.0,0.0,0.0,0,312.18,0.0,0,0.0,0.0,,0.0,0,0.0,0.0,,0.0,bidTooLow
2020-06-04,6462.0,0.0,0.0,0,311.36,0.0,0,0.0,0.0,,0.0,0,0.0,0.0,,0.0,bidTooLow
2020-06-05,6462.0,0.0,0.0,0,319.34,0.0,0,0.0,0.0,,0.0,0,0.0,0.0,,0.0,bidTooLow
2020-06-08,6462.0,0.0,0.0,0,323.2,0.0,0,0.0,0.0,,0.0,0,0.0,0.0,,0.0,bidTooLow
2020-06-09,6462.0,0.0,0.0,0,320.79,0.0,0,0.0,0.0,,0.0,0,0.0,0.0,,0.0,bidTooLow
2020-06-10,6462.0,0.0,0.0,0,319.0,0.0,0,0.0,0.0,,0.0,0,0.0,0.0,,0.0,bidTooLow
2020-06-11,6462.0,-3.0,0.0,0,300.61,0.0,1,0.08,0.11,SPY200612P00275000,275.0,0,0.0,0.0,,0.0,normalDay
2020-06-12,6470.0,0.0,8.0,0,304.21,0.0,1,0.08,0.0,SPY200612P00275000,275.0,0,0.0,0.0,,0.0,expirationDay
2020-06-15,6470.0,-3.0,0.0,0,307.05,0.0,1,0.06,0.09,SPY200617P00281000,281.0,0,0.0,0.0,,0.0,normalDay
2020-06-16,6470.0,5.0,0.0,0,312.96,0.0,1,0.06,0.01,SPY200617P00281000,281.0,0,0.0,0.0,,0.0,normalDay
2020-06-17,6476.0,0.0,6.0,0,311.66,0.0,1,0.06,0.0,SPY200617P00281000,281.0,0,0.0,0.0,,0.0,expirationDay
2020-06-18,6476.0,-3.0,0.0,0,311.78,0.0,1,0.01,0.04,SPY200619P00287000,287.0,0,0.0,0.0,,0.0,normalDay
2020-06-19,6477.0,0.0,1.0,0,308.64,0.0,1,0.01,0.0,SPY200619P00287000,287.0,0,0.0,0.0,,0.0,expirationDay
2020-06-22,6477.0,-3.0,0.0,0,310.62,0.0,1,0.04,0.07,SPY200624P00292000,292.0,0,0.0,0.0,,0.0,normalDay
2020-06-23,6477.0,2.0,0.0,0,312.05,0.0,1,0.04,0.02,SPY200624P00292000,292.0,0,0.0,0.0,,0.0,normalDay
2020-06-24,6481.0,0.0,4.0,0,304.09,0.0,1,0.04,0.0,SPY200624P00292000,292.0,0,0.0,0.0,,0.0,expirationDay
2020-06-25,6481.0,-3.0,0.0,0,307.35,0.0,1,0.04,0.07,SPY200626P00295000,295.0,0,0.0,0.0,,0.0,normalDay
2020-06-26,6485.0,0.0,4.0,0,300.05,0.0,1,0.04,0.0,SPY200626P00295000,295.0,0,0.0,0.0,,0.0,expirationDay
2020-06-29,6485.0,-4.0,0.0,0,304.46,0.0,1,0.73,0.77,SPY200702P00294000,294.0,0,0.0,0.0,,0.0,normalDay
2020-06-30,6485.0,52.0,0.0,0,308.36,0.0,1,0.73,0.21,SPY200702P00294000,294.0,0,0.0,0.0,,0.0,normalDay
2020-07-01,6485.0,68.0,0.0,0,310.52,0.0,1,0.73,0.05,SPY200702P00294000,294.0,0,0.0,0.0,,0.0,normalDay
2020-07-02,6558.0,0.0,73.0,0,312.23,0.0,1,0.73,0.0,SPY200702P00294000,294.0,0,0.0,0.0,,0.0,expirationDay
2020-07-06,6558.0,0.0,0.0,0,317.05,0.0,0,0.0,0.0,,0.0,0,0.0,0.0,,0.0,bidTooLow
2020-07-07,6558.0,-3.0,0.0,0,313.78,0.0,1,0.08,0.11,SPY200710P00295000,295.0,0,0.0,0.0,,0.0,normalDay
2020-07-08,6558.0,5.0,0.0,0,316.18,0.0,1,0.08,0.03,SPY200710P00295000,295.0,0,0.0,0.0,,0.0,normalDay
2020-07-09,6558.0,6.0,0.0,0,314.38,0.0,1,0.08,0.02,SPY200710P00295000,295.0,0,0.0,0.0,,0.0,normalDay
2020-07-10,6566.0,0.0,8.0,0,317.59,0.0,1,0.08,0.0,SPY200710P00295000,295.0,0,0.0,0.0,,0.0,expirationDay
2020-07-13,6566.0,-3.0,0.0,0,314.84,0.0,1,0.15,0.18,SPY200715P00299000,299.0,0,0.0,0.0,,0.0,normalDay
2020-07-14,6566.0,12.0,0.0,0,318.92,0.0,1,0.15,0.03,SPY200715P00299000,299.0,0,0.0,0.0,,0.0,normalDay
2020-07-15,6581.0,0.0,15.0,0,321.85,0.0,1,0.15,0.0,SPY200715P00299000,299.0,0,0.0,0.0,,0.0,expirationDay
2020-07-16,6581.0,0.0,0.0,0,320.79,0.0,0,0.0,0.0,,0.0,0,0.0,0.0,,0.0,bidTooLow
2020-07-17,6581.0,0.0,0.0,0,321.72,0.0,0,0.0,0.0,,0.0,0,0.0,0.0,,0.0,bidTooLow
2020-07-20,6581.0,0.0,0.0,0,324.32,0.0,0,0.0,0.0,,0.0,0,0.0,0.0,,0.0,bidTooLow
2020-07-21,6581.0,0.0,0.0,0,325.01,0.0,0,0.0,0.0,,0.0,0,0.0,0.0,,0.0,bidTooLow
2020-07-22,6581.0,0.0,0.0,0,326.86,0.0,0,0.0,0.0,,0.0,0,0.0,0.0,,0.0,bidTooLow
2020-07-23,6581.0,0.0,0.0,0,322.96,0.0,0,0.0,0.0,,0.0,0,0.0,0.0,,0.0,bidTooLow
2020-07-24,6581.0,0.0,0.0,0,320.88,0.0,0,0.0,0.0,,0.0,0,0.0,0.0,,0.0,bidTooLow
2020-07-27,6581.0,0.0,0.0,0,323.22,0.0,0,0.0,0.0,,0.0,0,0.0,0.0,,0.0,bidTooLow
2020-07-28,6581.0,-3.0,0.0,0,321.17,0.0,1,0.11,0.14,SPY200731P00305000,305.0,0,0.0,0.0,,0.0,normalDay
2020-07-29,6581.0,6.0,0.0,0,325.12,0.0,1,0.11,0.05,SPY200731P00305000,305.0,0,0.0,0.0,,0.0,normalDay
2020-07-30,6581.0,7.0,0.0,0,323.96,0.0,1,0.11,0.04,SPY200731P00305000,305.0,0,0.0,0.0,,0.0,normalDay
2020-07-31,6592.0,0.0,11.0,0,326.52,0.0,1,0.11,0.0,SPY200731P00305000,305.0,0,0.0,0.0,,0.0,expirationDay
2020-08-03,6592.0,-3.0,0.0,0,328.79,0.0,1,0.01,0.04,SPY200805P00310000,310.0,0,0.0,0.0,,0.0,normalDay
2020-08-04,6592.0,-1.0,0.0,0,330.06,0.0,1,0.01,0.02,SPY200805P00310000,310.0,0,0.0,0.0,,0.0,normalDay
2020-08-05,6593.0,0.0,1.0,0,332.11,0.0,1,0.01,0.0,SPY200805P00310000,310.0,0,0.0,0.0,,0.0,expirationDay
2020-08-06,6593.0,0.0,0.0,0,334.33,0.0,0,0.0,0.0,,0.0,0,0.0,0.0,,0.0,bidTooLow
2020-08-07,6593.0,0.0,0.0,0,334.57,0.0,0,0.0,0.0,,0.0,0,0.0,0.0,,0.0,bidTooLow
2020-08-10,6593.0,0.0,0.0,0,335.57,0.0,0,0.0,0.0,,0.0,0,0.0,0.0,,0.0,bidTooLow
2020-08-11,6593.0,-3.0,0.0,0,332.8,0.0,1,0.12,0.15,SPY200814P00314000,314.0,0,0.0,0.0,,0.0,normalDay
2020-08-12,6593.0,9.0,0.0,0,337.44,0.0,1,0.12,0.03,SPY200814P00314000,314.0,0,0.0,0.0,,0.0,normalDay
2020-08-13,6593.0,10.0,0.0,0,336.83,0.0,1,0.12,0.02,SPY200814P00314000,314.0,0,0.0,0.0,,0.0,normalDay
2020-08-14,6605.0,0.0,12.0,0,336.84,0.0,1,0.12,0.0,SPY200814P00314000,314.0,0,0.0,0.0,,0.0,expirationDay
2020-08-17,6605.0,0.0,0.0,0,337.91,0.0,0,0.0,0.0,,0.0,0,0.0,0.0,,0.0,bidTooLow
2020-08-18,6605.0,-3.0,0.0,0,338.64,0.0,1,0.03,0.06,SPY200821P00314000,314.0,0,0.0,0.0,,0.0,normalDay
2020-08-19,6605.0,-4.0,0.0,0,337.23,0.0,1,0.03,0.07,SPY200821P00314000,314.0,0,0.0,0.0,,0.0,normalDay
2020-08-20,6605.0,1.0,0.0,0,338.28,0.0,1,0.03,0.02,SPY200821P00314000,314.0,0,0.0,0.0,,0.0,normalDay
2020-08-21,6608.0,0.0,3.0,0,339.48,0.0,1,0.03,0.0,SPY200821P00314000,314.0,0,0.0,0.0,,0.0,expirationDay
2020-08-24,6608.0,0.0,0.0,0,342.92,0.0,0,0.0,0.0,,0.0,0,0.0,0.0,,0.0,bidTooLow
2020-08-25,6608.0,-3.0,0.0,0,344.12,0.0,1,0.01,0.04,SPY200828P00320000,320.0,0,0.0,0.0,,0.0,normalDay
2020-08-26,6608.0,-4.0,0.0,0,347.57,0.0,1,0.01,0.05,SPY200828P00320000,320.0,0,0.0,0.0,,0.0,normalDay
2020-08-27,6608.0,-1.0,0.0,0,348.33,0.0,1,0.01,0.02,SPY200828P00320000,320.0,0,0.0,0.0,,0.0,normalDay
2020-08-28,6609.0,0.0,1.0,0,350.58,0.0,1,0.01,0.0,SPY200828P00320000,320.0,0,0.0,0.0,,0.0,expirationDay
2020-08-31,6609.0,-3.0,0.0,0,349.31,0.0,1,0.02,0.05,SPY200902P00324000,324.0,0,0.0,0.0,,0.0,normalDay
2020-09-01,6609.0,1.0,0.0,0,352.6,0.0,1,0.02,0.01,SPY200902P00324000,324.0,0,0.0,0.0,,0.0,normalDay
2020-09-02,6611.0,0.0,2.0,0,357.7,0.0,1,0.02,0.0,SPY200902P00324000,324.0,0,0.0,0.0,,0.0,expirationDay
2020-09-03,6611.0,-3.0,0.0,0,345.39,0.0,1,0.06,0.09,SPY200904P00324000,324.0,0,0.0,0.0,,0.0,normalDay
2020-09-04,6617.0,0.0,6.0,0,342.57,0.0,1,0.06,0.0,SPY200904P00324000,324.0,0,0.0,0.0,,0.0,expirationDay
2020-09-08,6617.0,-4.0,0.0,0,333.21,0.0,1,1.54,1.58,SPY200911P00325000,325.0,0,0.0,0.0,,0.0,normalDay
2020-09-09,6617.0,118.0,0.0,0,339.79,0.0,1,1.54,0.36,SPY200911P00325000,325.0,0,0.0,0.0,,0.0,normalDay
2020-09-10,6617.0,125.0,0.0,0,333.89,0.0,1,1.54,0.29,SPY200911P00325000,325.0,0,0.0,0.0,,0.0,normalDay
2020-09-11,6771.0,0.0,154.0,0,334.06,0.0,1,1.54,0.0,SPY200911P00325000,325.0,0,0.0,0.0,,0.0,expirationDay
2020-09-14,6771.0,-3.0,0.0,0,338.46,0.0,1,0.16,0.19,SPY200916P00325000,325.0,0,0.0,0.0,,0.0,normalDay
2020-09-15,6771.0,12.0,0.0,0,340.17,0.0,1,0.16,0.04,SPY200916P00325000,325.0,0,0.0,0.0,,0.0,normalDay
2020-09-16,6787.0,0.0,16.0,0,338.82,0.0,1,0.16,0.0,SPY200916P00325000,325.0,0,0.0,0.0,,0.0,expirationDay
2020-09-17,6787.0,-3.0,0.0,0,335.84,0.0,1,0.2,0.23,SPY200918P00325000,325.0,0,0.0,0.0,,0.0,normalDay
2020-09-18,6807.0,0.0,20.0,0,330.65,0.0,1,0.2,0.0,SPY200918P00325000,325.0,0,0.0,0.0,,0.0,expirationDay
2020-09-21,6807.0,-4.0,0.0,0,326.97,0.0,1,0.77,0.81,SPY200923P00321000,321.0,0,0.0,0.0,,0.0,normalDay
2020-09-22,6807.0,68.0,0.0,0,330.3,0.0,1,0.77,0.09,SPY200923P00321000,321.0,0,0.0,0.0,,0.0,normalDay
2020-09-23,6884.0,0.0,77.0,0,322.64,0.0,1,0.77,0.0,SPY200923P00321000,321.0,0,0.0,0.0,,0.0,expirationDay
2020-09-24,6884.0,-3.0,0.0,0,323.5,0.0,1,0.05,0.08,SPY200925P00313000,313.0,0,0.0,0.0,,0.0,normalDay
2020-09-25,6889.0,0.0,5.0,0,328.73,0.0,1,0.05,0.0,SPY200925P00313000,313.0,0,0.0,0.0,,0.0,expirationDay
2020-09-28,6889.0,0.0,0.0,0,334.19,0.0,0,0.0,0.0,,0.0,0,0.0,0.0,,0.0,bidTooLow
2020-09-29,6889.0,-3.0,0.0,0,332.37,0.0,1,0.11,0.14,SPY201002P00313000,313.0,0,0.0,0.0,,0.0,normalDay
2020-09-30,6889.0,3.0,0.0,0,334.89,0.0,1,0.11,0.08,SPY201002P00313000,313.0,0,0.0,0.0,,0.0,normalDay
2020-10-01,6889.0,10.0,0.0,0,337.04,0.0,1,0.11,0.01,SPY201002P00313000,313.0,0,0.0,0.0,,0.0,normalDay
2020-10-02,6900.0,0.0,11.0,0,333.84,0.0,1,0.11,0.0,SPY201002P00313000,313.0,0,0.0,0.0,,0.0,expirationDay
2020-10-05,6900.0,-3.0,0.0,0,339.76,0.0,1,0.01,0.04,SPY201007P00320000,320.0,0,0.0,0.0,,0.0,normalDay
2020-10-06,6900.0,-2.0,0.0,0,334.93,0.0,1,0.01,0.03,SPY201007P00320000,320.0,0,0.0,0.0,,0.0,normalDay
2020-10-07,6901.0,0.0,1.0,0,340.76,0.0,1,0.01,0.0,SPY201007P00320000,320.0,0,0.0,0.0,,0.0,expirationDay
2020-10-08,6901.0,0.0,0.0,0,343.78,0.0,0,0.0,0.0,,0.0,0,0.0,0.0,,0.0,bidTooLow
2020-10-09,6901.0,0.0,0.0,0,346.85,0.0,0,0.0,0.0,,0.0,0,0.0,0.0,,0.0,bidTooLow
2020-10-12,6901.0,0.0,0.0,0,352.43,0.0,0,0.0,0.0,,0.0,0,0.0,0.0,,0.0,bidTooLow
2020-10-13,6901.0,0.0,0.0,0,350.13,0.0,0,0.0,0.0,,0.0,0,0.0,0.0,,0.0,bidTooLow
2020-10-14,6901.0,0.0,0.0,0,347.93,0.0,0,0.0,0.0,,0.0,0,0.0,0.0,,0.0,bidTooLow
2020-10-15,6901.0,0.0,0.0,0,347.5,0.0,0,0.0,0.0,,0.0,0,0.0,0.0,,0.0,bidTooLow
2020-10-16,6901.0,0.0,0.0,0,347.29,0.0,0,0.0,0.0,,0.0,0,0.0,0.0,,0.0,bidTooLow
2020-10-19,6901.0,0.0,0.0,0,342.01,0.0,0,0.0,0.0,,0.0,0,0.0,0.0,,0.0,bidTooLow
2020-10-20,6901.0,-3.0,0.0,0,343.38,0.0,1,0.01,0.04,SPY201023P00317000,317.0,0,0.0,0.0,,0.0,normalDay
2020-10-21,6901.0,-1.0,0.0,0,342.73,0.0,1,0.01,0.02,SPY201023P00317000,317.0,0,0.0,0.0,,0.0,normalDay
2020-10-22,6901.0,0.0,0.0,0,344.61,0.0,1,0.01,0.01,SPY201023P00317000,317.0,0,0.0,0.0,,0.0,normalDay
2020-10-23,6902.0,0.0,1.0,0,345.78,0.0,1,0.01,0.0,SPY201023P00317000,317.0,0,0.0,0.0,,0.0,expirationDay
2020-10-26,6902.0,-3.0,0.0,0,339.39,0.0,1,0.27,0.3,SPY201028P00328000,328.0,0,0.0,0.0,,0.0,normalDay
2020-10-27,6902.0,19.0,0.0,0,338.22,0.0,1,0.27,0.08,SPY201028P00328000,328.0,0,0.0,0.0,,0.0,normalDay
2020-10-28,6929.0,-134.0,27.0,100,326.66,328.0,1,0.27,0.0,SPY201028P00328000,328.0,0,0.0,0.0,,0.0,expirationDay
2020-10-29,6929.0,198.0,0.0,100,329.98,328.0,0,0.0,0.0,,0.0,0,0.0,0.0,,0.0,bidTooLow
2020-10-30,6929.0,-146.0,0.0,100,326.54,328.0,0,0.0,0.0,,0.0,0,0.0,0.0,,0.0,bidTooLow
2020-11-02,6929.0,220.0,0.0,100,330.2,328.0,0,0.0,0.0,,0.0,0,0.0,0.0,,0.0,bidTooLow
2020-11-03,6929.0,799.0,0.0,100,336.03,328.0,0,0.0,0.0,,0.0,1,0.11,0.15,SPY201106C00363000,363.0,normalDay
2020-11-04,6929.0,1563.0,0.0,100,343.54,328.0,0,0.0,0.0,,0.0,1,0.11,0.02,SPY201106C00363000,363.0,normalDay
2020-11-05,6929.0,2233.0,0.0,100,350.24,328.0,0,0.0,0.0,,0.0,1,0.11,0.02,SPY201106C00363000,363.0,normalDay
2020-11-06,6940.0,2216.0,11.0,100,350.16,328.0,0,0.0,0.0,,0.0,1,0.11,0.0,SPY201106C00363000,363.0,expirationDay
2020-11-09,6940.0,2653.0,0.0,100,354.56,328.0,0,0.0,0.0,,0.0,1,0.2,0.23,SPY201111C00365000,365.0,normalDay
2020-11-10,6940.0,2621.0,0.0,100,354.04,328.0,0,0.0,0.0,,0.0,1,0.2,0.03,SPY201111C00365000,365.0,normalDay
2020-11-11,6960.0,2867.0,20.0,100,356.67,328.0,0,0.0,0.0,,0.0,1,0.2,0.0,SPY201111C00365000,365.0,expirationDay
2020-11-12,6960.0,2521.0,0.0,100,353.21,328.0,0,0.0,0.0,,0.0,0,0.0,0.0,,0.0,bidTooLow
2020-11-13,6960.0,3010.0,0.0,100,358.1,328.0,0,0.0,0.0,,0.0,0,0.0,0.0,,0.0,bidTooLow
2020-11-16,6960.0,3457.0,0.0,100,362.57,328.0,0,0.0,0.0,,0.0,0,0.0,0.0,,0.0,bidTooLow
2020-11-17,6960.0,3262.0,0.0,100,360.62,328.0,0,0.0,0.0,,0.0,0,0.0,0.0,,0.0,bidTooLow
2020-11-18,6960.0,2828.0,0.0,100,356.28,328.0,0,0.0,0.0,,0.0,0,0.0,0.0,,0.0,bidTooLow
2020-11-19,6960.0,2978.0,0.0,100,357.78,328.0,0,0.0,0.0,,0.0,0,0.0,0.0,,0.0,bidTooLow
2020-11-20,6960.0,2733.0,0.0,100,355.33,328.0,0,0.0,0.0,,0.0,0,0.0,0.0,,0.0,bidTooLow
2020-11-23,6960.0,2946.0,0.0,100,357.46,328.0,0,0.0,0.0,,0.0,0,0.0,0.0,,0.0,bidTooLow
2020-11-24,6960.0,3522.0,0.0,100,363.22,328.0,0,0.0,0.0,,0.0,0,0.0,0.0,,0.0,bidTooLow
2020-11-25,6960.0,3466.0,0.0,100,362.66,328.0,0,0.0,0.0,,0.0,0,0.0,0.0,,0.0,bidTooLow
2020-11-27,6960.0,3567.0,0.0,100,363.67,328.0,0,0.0,0.0,,0.0,0,0.0,0.0,,0.0,bidTooLow
2020-11-30,6960.0,3406.0,0.0,100,362.06,328.0,0,0.0,0.0,,0.0,0,0.0,0.0,,0.0,bidTooLow
2020-12-01,6960.0,3799.0,0.0,100,366.02,328.0,0,0.0,0.0,,0.0,1,0.04,0.07,SPY201204C00377000,377.0,normalDay
2020-12-02,6960.0,3879.0,0.0,100,366.79,328.0,0,0.0,0.0,,0.0,1,0.04,0.04,SPY201204C00377000,377.0,normalDay
2020-12-03,6960.0,3872.0,0.0,100,366.69,328.0,0,0.0,0.0,,0.0,1,0.04,0.01,SPY201204C00377000,377.0,normalDay
2020-12-04,6964.0,4185.0,4.0,100,369.85,328.0,0,0.0,0.0,,0.0,1,0.04,0.0,SPY201204C00377000,377.0,expirationDay
2020-12-07,6964.0,4106.0,0.0,100,369.09,328.0,0,0.0,0.0,,0.0,1,0.05,0.08,SPY201209C00375000,375.0,normalDay
2020-12-08,6964.0,4218.0,0.0,100,370.17,328.0,0,0.0,0.0,,0.0,1,0.05,0.04,SPY201209C00375000,375.0,normalDay
2020-12-09,6969.0,3885.0,5.0,100,366.85,328.0,0,0.0,0.0,,0.0,1,0.05,0.0,SPY201209C00375000,375.0,expirationDay
2020-12-10,6969.0,3873.0,0.0,100,366.73,328.0,0,0.0,0.0,,0.0,0,0.0,0.0,,0.0,bidTooLow
2020-12-11,6969.0,3830.0,0.0,100,366.3,328.0,0,0.0,0.0,,0.0,0,0.0,0.0,,0.0,bidTooLow
2020-12-14,6969.0,3663.0,0.0,100,364.66,328.0,0,0.0,0.0,,0.0,1,0.04,0.07,SPY201216C00376000,376.0,normalDay
2020-12-15,6969.0,4158.0,0.0,100,369.59,328.0,0,0.0,0.0,,0.0,1,0.04,0.05,SPY201216C00376000,376.0,normalDay
2020-12-16,6973.0,4217.0,4.0,100,370.17,328.0,0,0.0,0.0,,0.0,1,0.04,0.0,SPY201216C00376000,376.0,expirationDay
2020-12-17,6973.0,4421.0,0.0,100,372.24,328.0,0,0.0,0.0,,0.0,1,0.07,0.1,SPY201218C00378000,378.0,normalDay
2020-12-18,6980.0,4118.0,7.0,100,369.18,328.0,0,0.0,0.0,,0.0,1,0.07,0.0,SPY201218C00378000,378.0,expirationDay
2020-12-21,6980.0,3983.0,0.0,100,367.86,328.0,0,0.0,0.0,,0.0,1,0.12,0.15,SPY201224C00376000,376.0,normalDay
2020-12-22,6980.0,3932.0,0.0,100,367.24,328.0,0,0.0,0.0,,0.0,1,0.12,0.04,SPY201224C00376000,376.0,normalDay
2020-12-23,6980.0,3968.0,0.0,100,367.57,328.0,0,0.0,0.0,,0.0,1,0.12,0.01,SPY201224C00376000,376.0,normalDay
2020-12-24,6992.0,4100.0,12.0,100,369.0,328.0,0,0.0,0.0,,0.0,1,0.12,0.0,SPY201224C00376000,376.0,expirationDay
2020-12-28,6992.0,4414.0,0.0,100,372.17,328.0,0,0.0,0.0,,0.0,1,0.66,0.69,SPY201231C00375000,375.0,normalDay
2020-12-29,6992.0,4377.0,0.0,100,371.46,328.0,0,0.0,0.0,,0.0,1,0.66,0.35,SPY201231C00375000,375.0,normalDay
2020-12-30,6992.0,4454.0,0.0,100,371.99,328.0,0,0.0,0.0,,0.0,1,0.66,0.11,SPY201231C00375000,375.0,normalDay
2020-12-31,7058.0,4588.0,66.0,100,373.88,328.0,0,0.0,0.0,,0.0,1,0.66,0.0,SPY201231C00375000,375.0,expirationDay
2021-01-04,7058.0,4076.0,0.0,100,368.79,328.0,0,0.0,0.0,,0.0,1,0.37,0.4,SPY210106C00376000,376.0,normalDay
2021-01-05,7058.0,4338.0,0.0,100,371.33,328.0,0,0.0,0.0,,0.0,1,0.37,0.32,SPY210106C00376000,376.0,normalDay
2021-01-06,7095.0,4555.0,37.0,100,373.55,328.0,0,0.0,0.0,,0.0,1,0.37,0.0,SPY210106C00376000,376.0,expirationDay
2021-01-07,7095.0,5106.0,0.0,100,379.1,328.0,0,0.0,0.0,,0.0,1,1.17,1.21,SPY210108C00379000,379.0,normalDay
2021-01-08,12312.0,5106.0,5217.0,0,381.26,0.0,0,0.0,0.0,,0.0,1,1.17,0.0,SPY210108C00379000,379.0,expirationDay
2021-01-11,12312.0,-3.0,0.0,0,378.69,0.0,1,0.06,0.09,SPY210113P00360000,360.0,0,0.0,0.0,,0.0,normalDay
2021-01-12,12312.0,3.0,0.0,0,378.77,0.0,1,0.06,0.03,SPY210113P00360000,360.0,0,0.0,0.0,,0.0,normalDay
2021-01-13,12318.0,0.0,6.0,0,379.79,0.0,1,0.06,0.0,SPY210113P00360000,360.0,0,0.0,0.0,,0.0,expirationDay
2021-01-14,12318.0,-3.0,0.0,0,378.46,0.0,1,0.04,0.07,SPY210115P00361000,361.0,0,0.0,0.0,,0.0,normalDay
2021-01-15,12322.0,0.0,4.0,0,375.7,0.0,1,0.04,0.0,SPY210115P00361000,361.0,0,0.0,0.0,,0.0,expirationDay
2021-01-19,12322.0,-3.0,0.0,0,378.65,0.0,1,0.14,0.17,SPY210122P00361000,361.0,0,0.0,0.0,,0.0,normalDay
2021-01-20,12322.0,9.0,0.0,0,383.89,0.0,1,0.14,0.05,SPY210122P00361000,361.0,0,0.0,0.0,,0.0,normalDay
2021-01-21,12322.0,12.0,0.0,0,384.24,0.0,1,0.14,0.02,SPY210122P00361000,361.0,0,0.0,0.0,,0.0,normalDay
2021-01-22,12336.0,0.0,14.0,0,382.88,0.0,1,0.14,0.0,SPY210122P00361000,361.0,0,0.0,0.0,,0.0,expirationDay
2021-01-25,12336.0,-3.0,0.0,0,384.39,0.0,1,0.04,0.07,SPY210127P00364000,364.0,0,0.0,0.0,,0.0,normalDay
2021-01-26,12336.0,1.0,0.0,0,383.79,0.0,1,0.04,0.03,SPY210127P00364000,364.0,0,0.0,0.0,,0.0,normalDay
2021-01-27,12340.0,0.0,4.0,0,374.41,0.0,1,0.04,0.0,SPY210127P00364000,364.0,0,0.0,0.0,,0.0,expirationDay
2021-01-28,12340.0,-3.0,0.0,0,377.63,0.0,1,0.15,0.18,SPY210129P00366000,366.0,0,0.0,0.0,,0.0,normalDay
2021-01-29,12355.0,0.0,15.0,0,370.07,0.0,1,0.15,0.0,SPY210129P00366000,366.0,0,0.0,0.0,,0.0,expirationDay
2021-02-01,12355.0,-3.0,0.0,0,376.23,0.0,1,0.75,0.78,SPY210203P00366000,366.0,0,0.0,0.0,,0.0,normalDay
2021-02-02,12355.0,69.0,0.0,0,381.55,0.0,1,0.75,0.06,SPY210203P00366000,366.0,0,0.0,0.0,,0.0,normalDay
2021-02-03,12430.0,0.0,75.0,0,381.85,0.0,1,0.75,0.0,SPY210203P00366000,366.0,0,0.0,0.0,,0.0,expirationDay
2021-02-04,12430.0,0.0,0.0,0,386.19,0.0,0,0.0,0.0,,0.0,0,0.0,0.0,,0.0,bidTooLow
2021-02-05,12430.0,0.0,0.0,0,387.71,0.0,0,0.0,0.0,,0.0,0,0.0,0.0,,0.0,bidTooLow
2021-02-08,12430.0,-3.0,0.0,0,390.51,0.0,1,0.01,0.04,SPY210210P00368000,368.0,0,0.0,0.0,,0.0,normalDay
2021-02-09,12430.0,-1.0,0.0,0,390.25,0.0,1,0.01,0.02,SPY210210P00368000,368.0,0,0.0,0.0,,0.0,normalDay
2021-02-10,12431.0,0.0,1.0,0,390.08,0.0,1,0.01,0.0,SPY210210P00368000,368.0,0,0.0,0.0,,0.0,expirationDay
2021-02-11,12431.0,0.0,0.0,0,390.71,0.0,0,0.0,0.0,,0.0,0,0.0,0.0,,0.0,bidTooLow
2021-02-12,12431.0,0.0,0.0,0,392.64,0.0,0,0.0,0.0,,0.0,0,0.0,0.0,,0.0,bidTooLow
2021-02-16,12431.0,-3.0,0.0,0,392.3,0.0,1,0.09,0.12,SPY210219P00368000,368.0,0,0.0,0.0,,0.0,normalDay
2021-02-17,12431.0,3.0,0.0,0,392.39,0.0,1,0.09,0.06,SPY210219P00368000,368.0,0,0.0,0.0,,0.0,normalDay
2021-02-18,12431.0,6.0,0.0,0,390.72,0.0,1,0.09,0.03,SPY210219P00368000,368.0,0,0.0,0.0,,0.0,normalDay
2021-02-19,12440.0,0.0,9.0,0,390.03,0.0,1,0.09,0.0,SPY210219P00368000,368.0,0,0.0,0.0,,0.0,expirationDay
2021-02-22,12440.0,-3.0,0.0,0,387.03,0.0,1,0.03,0.06,SPY210224P00368000,368.0,0,0.0,0.0,,0.0,normalDay
2021-02-23,12440.0,1.0,0.0,0,387.5,0.0,1,0.03,0.02,SPY210224P00368000,368.0,0,0.0,0.0,,0.0,normalDay
2021-02-24,12443.0,0.0,3.0,0,391.77,0.0,1,0.03,0.0,SPY210224P00368000,368.0,0,0.0,0.0,,0.0,expirationDay
2021-02-25,12443.0,-4.0,0.0,0,382.33,0.0,1,0.17,0.21,SPY210226P00370000,370.0,0,0.0,0.0,,0.0,normalDay
2021-02-26,12460.0,0.0,17.0,0,380.36,0.0,1,0.17,0.0,SPY210226P00370000,370.0,0,0.0,0.0,,0.0,expirationDay
2021-03-01,12460.0,-3.0,0.0,0,389.58,0.0,1,0.18,0.21,SPY210303P00375000,375.0,0,0.0,0.0,,0.0,normalDay
2021-03-02,12460.0,3.0,0.0,0,386.54,0.0,1,0.18,0.15,SPY210303P00375000,375.0,0,0.0,0.0,,0.0,normalDay
2021-03-03,12478.0,0.0,18.0,0,381.42,0.0,1,0.18,0.0,SPY210303P00375000,375.0,0,0.0,0.0,,0.0,expirationDay
2021-03-04,12478.0,-6.0,0.0,0,376.7,0.0,1,2.23,2.29,SPY210305P00376000,376.0,0,0.0,0.0,,0.0,normalDay
2021-03-05,12701.0,0.0,223.0,0,383.63,0.0,1,2.23,0.0,SPY210305P00376000,376.0,0,0.0,0.0,,0.0,expirationDay
2021-03-08,12701.0,-4.0,0.0,0,381.72,0.0,1,1.07,1.11,SPY210310P00375000,375.0,0,0.0,0.0,,0.0,normalDay
2021-03-09,12701.0,97.0,0.0,0,387.17,0.0,1,1.07,0.1,SPY210310P00375000,375.0,0,0.0,0.0,,0.0,normalDay
2021-03-10,12808.0,0.0,107.0,0,389.58,0.0,1,1.07,0.0,SPY210310P00375000,375.0,0,0.0,0.0,,0.0,expirationDay
2021-03-11,12808.0,0.0,0.0,0,393.53,0.0,0,0.0,0.0,,0.0,0,0.0,0.0,,0.0,bidTooLow
2021-03-12,12808.0,0.0,0.0,0,394.06,0.0,0,0.0,0.0,,0.0,0,0.0,0.0,,0.0,bidTooLow
2021-03-15,12808.0,-3.0,0.0,0,396.41,0.0,1,0.01,0.04,SPY210317P00374000,374.0,0,0.0,0.0,,0.0,normalDay
2021-03-16,12808.0,-2.0,0.0,0,395.91,0.0,1,0.01,0.03,SPY210317P00374000,374.0,0,0.0,0.0,,0.0,normalDay
2021-03-17,12809.0,0.0,1.0,0,397.26,0.0,1,0.01,0.0,SPY210317P00374000,374.0,0,0.0,0.0,,0.0,expirationDay
2021-03-18,12809.0,-3.0,0.0,0,391.48,0.0,1,0.08,0.11,SPY210319P00373000,373.0,0,0.0,0.0,,0.0,normalDay
2021-03-19,12817.0,0.0,8.0,0,389.48,0.0,1,0.08,0.0,SPY210319P00373000,373.0,0,0.0,0.0,,0.0,expirationDay
2021-03-22,12817.0,0.0,0.0,0,392.59,0.0,0,0.0,0.0,,0.0,0,0.0,0.0,,0.0,bidTooLow
2021-03-23,12817.0,-3.0,0.0,0,389.5,0.0,1,0.12,0.15,SPY210326P00373000,373.0,0,0.0,0.0,,0.0,normalDay
2021-03-24,12817.0,0.0,0.0,0,387.52,0.0,1,0.12,0.12,SPY210326P00373000,373.0,0,0.0,0.0,,0.0,normalDay
2021-03-25,12817.0,10.0,0.0,0,389.7,0.0,1,0.12,0.02,SPY210326P00373000,373.0,0,0.0,0.0,,0.0,normalDay
2021-03-26,12829.0,0.0,12.0,0,395.98,0.0,1,0.12,0.0,SPY210326P00373000,373.0,0,0.0,0.0,,0.0,expirationDay
2021-03-29,12829.0,-3.0,0.0,0,395.78,0.0,1,0.09,0.12,SPY210401P00375000,375.0,0,0.0,0.0,,0.0,normalDay
2021-03-30,12829.0,5.0,0.0,0,394.73,0.0,1,0.09,0.04,SPY210401P00375000,375.0,0,0.0,0.0,,0.0,normalDay
2021-03-31,12829.0,7.0,0.0,0,396.33,0.0,1,0.09,0.02,SPY210401P00375000,375.0,0,0.0,0.0,,0.0,normalDay
2021-04-01,12838.0,0.0,9.0,0,400.61,0.0,1,0.09,0.0,SPY210401P00375000,375.0,0,0.0,0.0,,0.0,expirationDay
2021-04-05,12838.0,0.0,0.0,0,406.36,0.0,0,0.0,0.0,,0.0,0,0.0,0.0,,0.0,bidTooLow
2021-04-06,12838.0,-3.0,0.0,0,406.12,0.0,1,0.02,0.05,SPY210409P00381000,381.0,0,0.0,0.0,,0.0,normalDay
2021-04-07,12838.0,0.0,0.0,0,406.59,0.0,1,0.02,0.02,SPY210409P00381000,381.0,0,0.0,0.0,,0.0,normalDay
2021-04-08,12838.0,1.0,0.0,0,408.52,0.0,1,0.02,0.01,SPY210409P00381000,381.0,0,0.0,0.0,,0.0,normalDay
2021-04-09,12840.0,0.0,2.0,0,411.49,0.0,1,0.02,0.0,SPY210409P00381000,381.0,0,0.0,0.0,,0.0,expirationDay
2021-04-12,12840.0,0.0,0.0,0,411.64,0.0,0,0.0,0.0,,0.0,0,0.0,0.0,,0.0,bidTooLow
2021-04-13,12840.0,0.0,0.0,0,412.86,0.0,0,0.0,0.0,,0.0,0,0.0,0.0,,0.0,bidTooLow
2021-04-14,12840.0,0.0,0.0,0,411.45,0.0,0,0.0,0.0,,0.0,0,0.0,0.0,,0.0,bidTooLow
2021-04-15,12840.0,0.0,0.0,0,415.87,0.0,0,0.0,0.0,,0.0,0,0.0,0.0,,0.0,bidTooLow
2021-04-16,12840.0,0.0,0.0,0,417.26,0.0,0,0.0,0.0,,0.0,0,0.0,0.0,,0.0,bidTooLow
2021-04-19,12840.0,0.0,0.0,0,415.21,0.0,0,0.0,0.0,,0.0,0,0.0,0.0,,0.0,bidTooLow
2021-04-20,12840.0,0.0,0.0,0,412.17,0.0,0,0.0,0.0,,0.0,0,0.0,0.0,,0.0,bidTooLow
2021-04-21,12840.0,0.0,0.0,0,416.07,0.0,0,0.0,0.0,,0.0,0,0.0,0.0,,0.0,bidTooLow
2021-04-22,12840.0,0.0,0.0,0,412.27,0.0,0,0.0,0.0,,0.0,0,0.0,0.0,,0.0,bidTooLow
2021-04-23,12840.0,0.0,0.0,0,416.74,0.0,0,0.0,0.0,,0.0,0,0.0,0.0,,0.0,bidTooLow
2021-04-26,12840.0,0.0,0.0,0,417.61,0.0,0,0.0,0.0,,0.0,0,0.0,0.0,,0.0,bidTooLow
2021-04-27,12840.0,-3.0,0.0,0,417.52,0.0,1,0.01,0.04,SPY210430P00392500,392.5,0,0.0,0.0,,0.0,normalDay
2021-04-28,12840.0,-2.0,0.0,0,417.4,0.0,1,0.01,0.03,SPY210430P00392500,392.5,0,0.0,0.0,,0.0,normalDay
2021-04-29,12840.0,-1.0,0.0,0,420.06,0.0,1,0.01,0.02,SPY210430P00392500,392.5,0,0.0,0.0,,0.0,normalDay
2021-04-30,12841.0,0.0,1.0,0,417.3,0.0,1,0.01,0.0,SPY210430P00392500,392.5,0,0.0,0.0,,0.0,expirationDay
2021-05-03,12841.0,-3.0,0.0,0,418.2,0.0,1,0.04,0.07,SPY210505P00404000,404.0,0,0.0,0.0,,0.0,normalDay
2021-05-04,12841.0,0.0,0.0,0,415.62,0.0,1,0.04,0.04,SPY210505P00404000,404.0,0,0.0,0.0,,0.0,normalDay
2021-05-05,12845.0,0.0,4.0,0,415.75,0.0,1,0.04,0.0,SPY210505P00404000,404.0,0,0.0,0.0,,0.0,expirationDay
2021-05-06,12845.0,-3.0,0.0,0,419.07,0.0,1,0.03,0.06,SPY210507P00409000,409.0,0,0.0,0.0,,0.0,normalDay
2021-05-07,12848.0,0.0,3.0,0,422.12,0.0,1,0.03,0.0,SPY210507P00409000,409.0,0,0.0,0.0,,0.0,expirationDay
2021-05-10,12848.0,-3.0,0.0,0,417.94,0.0,1,0.37,0.4,SPY210512P00409000,409.0,0,0.0,0.0,,0.0,normalDay
2021-05-11,12848.0,-15.0,0.0,0,414.21,0.0,1,0.37,0.52,SPY210512P00409000,409.0,0,0.0,0.0,,0.0,normalDay
2021-05-12,12885.0,-359.0,37.0,100,405.41,409.0,1,0.37,0.0,SPY210512P00409000,409.0,0,0.0,0.0,,0.0,expirationDay
2021-05-13,12885.0,128.0,0.0,100,410.28,409.0,0,0.0,0.0,,0.0,0,0.0,0.0,,0.0,bidTooLow
2021-05-14,12885.0,758.0,0.0,100,416.58,409.0,0,0.0,0.0,,0.0,0,0.0,0.0,,0.0,bidTooLow
2021-05-17,12885.0,652.0,0.0,100,415.52,409.0,0,0.0,0.0,,0.0,0,0.0,0.0,,0.0,bidTooLow
2021-05-18,12885.0,291.0,0.0,100,411.94,409.0,0,0.0,0.0,,0.0,1,0.01,0.04,SPY210521C00426000,426.0,normalDay
2021-05-19,12885.0,185.0,0.0,100,410.86,409.0,0,0.0,0.0,,0.0,1,0.01,0.02,SPY210521C00426000,426.0,normalDay
2021-05-20,12885.0,627.0,0.0,100,415.28,409.0,0,0.0,0.0,,0.0,1,0.01,0.02,SPY210521C00426000,426.0,normalDay
2021-05-21,12886.0,594.0,1.0,100,414.94,409.0,0,0.0,0.0,,0.0,1,0.01,0.0,SPY210521C00426000,426.0,expirationDay
2021-05-24,12886.0,1014.0,0.0,100,419.17,409.0,0,0.0,0.0,,0.0,1,0.01,0.04,SPY210526C00427000,427.0,normalDay
2021-05-25,12886.0,924.0,0.0,100,418.24,409.0,0,0.0,0.0,,0.0,1,0.01,0.01,SPY210526C00427000,427.0,normalDay
2021-05-26,12887.0,1007.0,1.0,100,419.07,409.0,0,0.0,0.0,,0.0,1,0.01,0.0,SPY210526C00427000,427.0,expirationDay
2021-05-27,12887.0,1029.0,0.0,100,419.29,409.0,0,0.0,0.0,,0.0,0,0.0,0.0,,0.0,bidTooLow
2021-05-28,12887.0,1104.0,0.0,100,420.04,409.0,0,0.0,0.0,,0.0,0,0.0,0.0,,0.0,bidTooLow
2021-06-01,12887.0,1064.0,0.0,100,419.67,409.0,0,0.0,0.0,,0.0,1,0.05,0.08,SPY210604C00427500,427.5,normalDay
2021-06-02,12887.0,1135.0,0.0,100,420.33,409.0,0,0.0,0.0,,0.0,1,0.05,0.03,SPY210604C00427500,427.5,normalDay
2021-06-03,12887.0,981.0,0.0,100,418.77,409.0,0,0.0,0.0,,0.0,1,0.05,0.01,SPY210604C00427500,427.5,normalDay
2021-06-04,12892.0,1360.0,5.0,100,422.6,409.0,0,0.0,0.0,,0.0,1,0.05,0.0,SPY210604C00427500,427.5,expirationDay
2021-06-07,12892.0,1319.0,0.0,100,422.19,409.0,0,0.0,0.0,,0.0,0,0.0,0.0,,0.0,bidTooLow
2021-06-08,12892.0,1325.0,0.0,100,422.28,409.0,0,0.0,0.0,,0.0,1,0.02,0.05,SPY210611C00430000,430.0,normalDay
2021-06-09,12892.0,1263.0,0.0,100,421.65,409.0,0,0.0,0.0,,0.0,1,0.02,0.04,SPY210611C00430000,430.0,normalDay
2021-06-10,12892.0,1461.0,0.0,100,423.61,409.0,0,0.0,0.0,,0.0,1,0.02,0.02,SPY210611C00430000,430.0,normalDay
2021-06-11,12894.0,1531.0,2.0,100,424.31,409.0,0,0.0,0.0,,0.0,1,0.02,0.0,SPY210611C00430000,430.0,expirationDay
2021-06-14,12894.0,1623.0,0.0,100,425.26,409.0,0,0.0,0.0,,0.0,1,0.11,0.14,SPY210616C00430000,430.0,normalDay
2021-06-15,12894.0,1552.0,0.0,100,424.48,409.0,0,0.0,0.0,,0.0,1,0.11,0.07,SPY210616C00430000,430.0,normalDay
2021-06-16,12905.0,1311.0,11.0,100,422.11,409.0,0,0.0,0.0,,0.0,1,0.11,0.0,SPY210616C00430000,430.0,expirationDay
2021-06-17,12905.0,1297.0,0.0,100,421.97,409.0,0,0.0,0.0,,0.0,0,0.0,0.0,,0.0,bidTooLow
2021-06-18,12905.0,592.0,0.0,100,414.92,409.0,0,0.0,0.0,,0.0,0,0.0,0.0,,0.0,bidTooLow
2021-06-21,12905.0,1186.0,0.0,100,420.86,409.0,0,0.0,0.0,,0.0,0,0.0,0.0,,0.0,bidTooLow
2021-06-22,12905.0,1408.0,0.0,100,423.11,409.0,0,0.0,0.0,,0.0,1,0.16,0.19,SPY210625C00428000,428.0,normalDay
2021-06-23,12905.0,1369.0,0.0,100,422.6,409.0,0,0.0,0.0,,0.0,1,0.16,0.07,SPY210625C00428000,428.0,normalDay
2021-06-24,12905.0,1617.0,0.0,100,425.1,409.0,0,0.0,0.0,,0.0,1,0.16,0.09,SPY210625C00428000,428.0,normalDay
2021-06-25,12921.0,1761.0,16.0,100,426.61,409.0,0,0.0,0.0,,0.0,1,0.16,0.0,SPY210625C00428000,428.0,expirationDay
2021-06-28,12921.0,1844.0,0.0,100,427.47,409.0,0,0.0,0.0,,0.0,1,0.21,0.24,SPY210630C00430000,430.0,normalDay
2021-06-29,12921.0,1881.0,0.0,100,427.7,409.0,0,0.0,0.0,,0.0,1,0.21,0.1,SPY210630C00430000,430.0,normalDay
2021-06-30,12942.0,1906.0,21.0,100,428.06,409.0,0,0.0,0.0,,0.0,1,0.21,0.0,SPY210630C00430000,430.0,expirationDay
2021-07-01,12942.0,2140.0,0.0,100,430.43,409.0,0,0.0,0.0,,0.0,1,0.08,0.11,SPY210702C00433000,433.0,normalDay
2021-07-02,15350.0,2140.0,2408.0,0,433.72,0.0,0,0.0,0.0,,0.0,1,0.08,0.0,SPY210702C00433000,433.0,expirationDay
2021-07-06,15350.0,-3.0,0.0,0,432.93,0.0,1,0.02,0.05,SPY210709P00414000,414.0,0,0.0,0.0,,0.0,normalDay
2021-07-07,15350.0,0.0,0.0,0,434.46,0.0,1,0.02,0.02,SPY210709P00414000,414.0,0,0.0,0.0,,0.0,normalDay
2021-07-08,15350.0,0.0,0.0,0,430.92,0.0,1,0.02,0.02,SPY210709P00414000,414.0,0,0.0,0.0,,0.0,normalDay
2021-07-09,15352.0,0.0,2.0,0,435.52,0.0,1,0.02,0.0,SPY210709P00414000,414.0,0,0.0,0.0,,0.0,expirationDay
2021-07-12,15352.0,0.0,0.0,0,437.08,0.0,0,0.0,0.0,,0.0,0,0.0,0.0,,0.0,bidTooLow
2021-07-13,15352.0,-3.0,0.0,0,435.59,0.0,1,0.08,0.11,SPY210716P00412000,412.0,0,0.0,0.0,,0.0,normalDay
2021-07-14,15352.0,4.0,0.0,0,436.24,0.0,1,0.08,0.04,SPY210716P00412000,412.0,0,0.0,0.0,,0.0,normalDay
2021-07-15,15352.0,5.0,0.0,0,434.75,0.0,1,0.08,0.03,SPY210716P00412000,412.0,0,0.0,0.0,,0.0,normalDay
2021-07-16,15360.0,0.0,8.0,0,431.34,0.0,1,0.08,0.0,SPY210716P00412000,412.0,0,0.0,0.0,,0.0,expirationDay
2021-07-19,15360.0,-3.0,0.0,0,424.97,0.0,1,0.71,0.74,SPY210721P00417000,417.0,0,0.0,0.0,,0.0,normalDay
2021-07-20,15360.0,67.0,0.0,0,431.06,0.0,1,0.71,0.04,SPY210721P00417000,417.0,0,0.0,0.0,,0.0,normalDay
2021-07-21,15431.0,0.0,71.0,0,434.55,0.0,1,0.71,0.0,SPY210721P00417000,417.0,0,0.0,0.0,,0.0,expirationDay
2021-07-22,15431.0,0.0,0.0,0,435.46,0.0,0,0.0,0.0,,0.0,0,0.0,0.0,,0.0,bidTooLow
2021-07-23,15431.0,0.0,0.0,0,439.94,0.0,0,0.0,0.0,,0.0,0,0.0,0.0,,0.0,bidTooLow
2021-07-26,15431.0,0.0,0.0,0,441.02,0.0,0,0.0,0.0,,0.0,0,0.0,0.0,,0.0,bidTooLow
2021-07-27,15431.0,-3.0,0.0,0,439.01,0.0,1,0.17,0.2,SPY210730P00423000,423.0,0,0.0,0.0,,0.0,normalDay
2021-07-28,15431.0,10.0,0.0,0,438.83,0.0,1,0.17,0.07,SPY210730P00423000,423.0,0,0.0,0.0,,0.0,normalDay
2021-07-29,15431.0,15.0,0.0,0,440.65,0.0,1,0.17,0.02,SPY210730P00423000,423.0,0,0.0,0.0,,0.0,normalDay
2021-07-30,15448.0,0.0,17.0,0,438.51,0.0,1,0.17,0.0,SPY210730P00423000,423.0,0,0.0,0.0,,0.0,expirationDay
2021-08-02,15448.0,-3.0,0.0,0,437.59,0.0,1,0.06,0.09,SPY210804P00425000,425.0,0,0.0,0.0,,0.0,normalDay
2021-08-03,15448.0,4.0,0.0,0,441.15,0.0,1,0.06,0.02,SPY210804P00425000,425.0,0,0.0,0.0,,0.0,normalDay
2021-08-04,15454.0,0.0,6.0,0,438.98,0.0,1,0.06,0.0,SPY210804P00425000,425.0,0,0.0,0.0,,0.0,expirationDay
2021-08-05,15454.0,0.0,0.0,0,441.76,0.0,0,0.0,0.0,,0.0,0,0.0,0.0,,0.0,bidTooLow
2021-08-06,15454.0,0.0,0.0,0,442.49,0.0,0,0.0,0.0,,0.0,0,0.0,0.0,,0.0,bidTooLow
2021-08-09,15454.0,-3.0,0.0,0,442.13,0.0,1,0.01,0.04,SPY210811P00426000,426.0,0,0.0,0.0,,0.0,normalDay
2021-08-10,15454.0,-1.0,0.0,0,442.68,0.0,1,0.01,0.02,SPY210811P00426000,426.0,0,0.0,0.0,,0.0,normalDay
2021-08-11,15455.0,0.0,1.0,0,443.78,0.0,1,0.01,0.0,SPY210811P00426000,426.0,0,0.0,0.0,,0.0,expirationDay
2021-08-12,15455.0,0.0,0.0,0,445.11,0.0,0,0.0,0.0,,0.0,0,0.0,0.0,,0.0,bidTooLow
2021-08-13,15455.0,-3.0,0.0,0,445.92,0.0,1,0.01,0.04,SPY210816P00427000,427.0,0,0.0,0.0,,0.0,normalDay
2021-08-16,15456.0,0.0,1.0,0,446.97,0.0,1,0.01,0.0,SPY210816P00427000,427.0,0,0.0,0.0,,0.0,expirationDay
2021-08-17,15456.0,-2.0,0.0,0,444.04,0.0,1,0.31,0.33,SPY210820P00432000,432.0,0,0.0,0.0,,0.0,normalDay
2021-08-18,15456.0,-73.0,0.0,0,439.18,0.0,1,0.31,1.04,SPY210820P00432000,432.0,0,0.0,0.0,,0.0,normalDay
2021-08-19,15456.0,4.0,0.0,0,439.86,0.0,1,0.31,0.27,SPY210820P00432000,432.0,0,0.0,0.0,,0.0,normalDay
2021-08-20,15487.0,0.0,31.0,0,443.36,0.0,1,0.31,0.0,SPY210820P00432000,432.0,0,0.0,0.0,,0.0,expirationDay
2021-08-23,15487.0,-3.0,0.0,0,447.26,0.0,1,0.03,0.06,SPY210825P00434000,434.0,0,0.0,0.0,,0.0,normalDay
2021-08-24,15487.0,0.0,0.0,0,447.97,0.0,1,0.03,0.03,SPY210825P00434000,434.0,0,0.0,0.0,,0.0,normalDay
2021-08-25,15490.0,0.0,3.0,0,448.91,0.0,1,0.03,0.0,SPY210825P00434000,434.0,0,0.0,0.0,,0.0,expirationDay
2021-08-26,15490.0,-3.0,0.0,0,446.26,0.0,1,0.05,0.08,SPY210827P00434000,434.0,0,0.0,0.0,,0.0,normalDay
2021-08-27,15495.0,0.0,5.0,0,450.25,0.0,1,0.05,0.0,SPY210827P00434000,434.0,0,0.0,0.0,,0.0,expirationDay
2021-08-30,15495.0,-3.0,0.0,0,452.23,0.0,1,0.02,0.05,SPY210901P00435000,435.0,0,0.0,0.0,,0.0,normalDay
2021-08-31,15495.0,-1.0,0.0,0,451.56,0.0,1,0.02,0.03,SPY210901P00435000,435.0,0,0.0,0.0,,0.0,normalDay
2021-09-01,15497.0,0.0,2.0,0,451.8,0.0,1,0.02,0.0,SPY210901P00435000,435.0,0,0.0,0.0,,0.0,expirationDay
2021-09-02,15497.0,0.0,0.0,0,453.19,0.0,0,0.0,0.0,,0.0,0,0.0,0.0,,0.0,bidTooLow
2021-09-03,15497.0,0.0,0.0,0,453.08,0.0,0,0.0,0.0,,0.0,0,0.0,0.0,,0.0,bidTooLow
2021-09-07,15497.0,-3.0,0.0,0,451.46,0.0,1,0.1,0.13,SPY210910P00436000,436.0,0,0.0,0.0,,0.0,normalDay
2021-09-08,15497.0,2.0,0.0,0,450.91,0.0,1,0.1,0.08,SPY210910P00436000,436.0,0,0.0,0.0,,0.0,normalDay
2021-09-09,15497.0,5.0,0.0,0,448.98,0.0,1,0.1,0.05,SPY210910P00436000,436.0,0,0.0,0.0,,0.0,normalDay
2021-09-10,15507.0,0.0,10.0,0,445.44,0.0,1,0.1,0.0,SPY210910P00436000,436.0,0,0.0,0.0,,0.0,expirationDay
2021-09-13,15507.0,-3.0,0.0,0,446.58,0.0,1,0.4,0.43,SPY210915P00437000,437.0,0,0.0,0.0,,0.0,normalDay
2021-09-14,15507.0,21.0,0.0,0,444.17,0.0,1,0.4,0.19,SPY210915P00437000,437.0,0,0.0,0.0,,0.0,normalDay
2021-09-15,15547.0,0.0,40.0,0,447.88,0.0,1,0.4,0.0,SPY210915P00437000,437.0,0,0.0,0.0,,0.0,expirationDay
2021-09-16,15547.0,-3.0,0.0,0,447.17,0.0,1,0.16,0.19,SPY210917P00439000,439.0,0,0.0,0.0,,0.0,normalDay
2021-09-17,15563.0,0.0,16.0,0,441.4,0.0,1,0.16,0.0,SPY210917P00439000,439.0,0,0.0,0.0,,0.0,expirationDay
2021-09-20,15563.0,-5.0,0.0,0,434.04,0.0,1,4.18,4.23,SPY210922P00436000,436.0,0,0.0,0.0,,0.0,normalDay
2021-09-21,15563.0,54.0,0.0,0,433.63,0.0,1,4.18,3.64,SPY210922P00436000,436.0,0,0.0,0.0,,0.0,normalDay
2021-09-22,15981.0,0.0,418.0,0,437.86,0.0,1,4.18,0.0,SPY210922P00436000,436.0,0,0.0,0.0,,0.0,expirationDay
2021-09-23,15981.0,-3.0,0.0,0,443.18,0.0,1,0.03,0.06,SPY210924P00431000,431.0,0,0.0,0.0,,0.0,normalDay
2021-09-24,15984.0,0.0,3.0,0,443.91,0.0,1,0.03,0.0,SPY210924P00431000,431.0,0,0.0,0.0,,0.0,expirationDay
2021-09-27,15984.0,-3.0,0.0,0,442.64,0.0,1,0.23,0.26,SPY210930P00430000,430.0,0,0.0,0.0,,0.0,normalDay
2021-09-28,15984.0,-142.0,0.0,0,433.72,0.0,1,0.23,1.65,SPY210930P00430000,430.0,0,0.0,0.0,,0.0,normalDay
2021-09-29,15984.0,-40.0,0.0,0,434.45,0.0,1,0.23,0.63,SPY210930P00430000,430.0,0,0.0,0.0,,0.0,normalDay
2021-09-30,16007.0,-86.0,23.0,100,429.14,430.0,1,0.23,0.0,SPY210930P00430000,430.0,0,0.0,0.0,,0.0,expirationDay
2021-10-01,16007.0,424.0,0.0,100,434.24,430.0,0,0.0,0.0,,0.0,0,0.0,0.0,,0.0,bidTooLow
2021-10-04,16007.0,-136.0,0.0,100,428.64,430.0,0,0.0,0.0,,0.0,0,0.0,0.0,,0.0,bidTooLow
2021-10-05,16007.0,310.0,0.0,100,433.1,430.0,0,0.0,0.0,,0.0,0,0.0,0.0,,0.0,bidTooLow
2021-10-06,16007.0,490.0,0.0,100,434.9,430.0,0,0.0,0.0,,0.0,0,0.0,0.0,,0.0,bidTooLow
2021-10-07,16007.0,866.0,0.0,100,438.66,430.0,0,0.0,0.0,,0.0,0,0.0,0.0,,0.0,bidTooLow
2021-10-08,16007.0,786.0,0.0,100,437.86,430.0,0,0.0,0.0,,0.0,0,0.0,0.0,,0.0,bidTooLow
2021-10-11,16007.0,469.0,0.0,100,434.69,430.0,0,0.0,0.0,,0.0,0,0.0,0.0,,0.0,bidTooLow
2021-10-12,16007.0,362.0,0.0,100,433.62,430.0,0,0.0,0.0,,0.0,0,0.0,0.0,,0.0,bidTooLow
2021-10-13,16007.0,518.0,0.0,100,435.18,430.0,0,0.0,0.0,,0.0,0,0.0,0.0,,0.0,bidTooLow
2021-10-14,16007.0,1247.0,0.0,100,442.5,430.0,0,0.0,0.0,,0.0,1,0.03,0.06,SPY211015C00449000,449.0,normalDay
2021-10-15,16010.0,1587.0,3.0,100,445.87,430.0,0,0.0,0.0,,0.0,1,0.03,0.0,SPY211015C00449000,449.0,expirationDay
2021-10-18,16010.0,1716.0,0.0,100,447.19,430.0,0,0.0,0.0,,0.0,1,0.15,0.18,SPY211020C00452000,452.0,normalDay
2021-10-19,16010.0,2030.0,0.0,100,450.64,430.0,0,0.0,0.0,,0.0,1,0.15,0.49,SPY211020C00452000,452.0,normalDay
2021-10-20,18225.0,2030.0,2215.0,0,452.41,0.0,0,0.0,0.0,,0.0,1,0.15,0.0,SPY211020C00452000,452.0,expirationDay
2021-10-21,18225.0,0.0,0.0,0,453.59,0.0,0,0.0,0.0,,0.0,0,0.0,0.0,,0.0,bidTooLow
2021-10-22,18225.0,0.0,0.0,0,453.12,0.0,0,0.0,0.0,,0.0,0,0.0,0.0,,0.0,bidTooLow
2021-10-25,18225.0,0.0,0.0,0,455.55,0.0,0,0.0,0.0,,0.0,0,0.0,0.0,,0.0,bidTooLow
2021-10-26,18225.0,0.0,0.0,0,455.96,0.0,0,0.0,0.0,,0.0,0,0.0,0.0,,0.0,bidTooLow
2021-10-27,18225.0,0.0,0.0,0,453.94,0.0,0,0.0,0.0,,0.0,0,0.0,0.0,,0.0,bidTooLow
2021-10-28,18225.0,0.0,0.0,0,458.32,0.0,0,0.0,0.0,,0.0,0,0.0,0.0,,0.0,bidTooLow
2021-10-29,18225.0,0.0,0.0,0,459.25,0.0,0,0.0,0.0,,0.0,0,0.0,0.0,,0.0,bidTooLow
2021-11-01,18225.0,0.0,0.0,0,460.04,0.0,0,0.0,0.0,,0.0,0,0.0,0.0,,0.0,bidTooLow
2021-11-02,18225.0,-3.0,0.0,0,461.9,0.0,1,0.01,0.04,SPY211105P00423000,423.0,0,0.0,0.0,,0.0,normalDay
2021-11-03,18225.0,-1.0,0.0,0,464.72,0.0,1,0.01,0.02,SPY211105P00423000,423.0,0,0.0,0.0,,0.0,normalDay
2021-11-04,18225.0,0.0,0.0,0,466.91,0.0,1,0.01,0.01,SPY211105P00423000,423.0,0,0.0,0.0,,0.0,normalDay
2021-11-05,18226.0,0.0,1.0,0,468.53,0.0,1,0.01,0.0,SPY211105P00423000,423.0,0,0.0,0.0,,0.0,expirationDay
2021-11-08,18226.0,0.0,0.0,0,468.93,0.0,0,0.0,0.0,,0.0,0,0.0,0.0,,0.0,bidTooLow
2021-11-09,18226.0,0.0,0.0,0,467.38,0.0,0,0.0,0.0,,0.0,0,0.0,0.0,,0.0,bidTooLow
2021-11-10,18226.0,-3.0,0.0,0,463.62,0.0,1,0.01,0.04,SPY211112P00437000,437.0,0,0.0,0.0,,0.0,normalDay
2021-11-11,18226.0,-1.0,0.0,0,463.77,0.0,1,0.01,0.02,SPY211112P00437000,437.0,0,0.0,0.0,,0.0,normalDay
2021-11-12,18227.0,0.0,1.0,0,467.27,0.0,1,0.01,0.0,SPY211112P00437000,437.0,0,0.0,0.0,,0.0,expirationDay
2021-11-15,18227.0,0.0,0.0,0,467.43,0.0,0,0.0,0.0,,0.0,0,0.0,0.0,,0.0,bidTooLow
2021-11-16,18227.0,-3.0,0.0,0,469.28,0.0,1,0.04,0.07,SPY211119P00446000,446.0,0,0.0,0.0,,0.0,normalDay
2021-11-17,18227.0,0.0,0.0,0,468.14,0.0,1,0.04,0.04,SPY211119P00446000,446.0,0,0.0,0.0,,0.0,normalDay
2021-11-18,18227.0,1.0,0.0,0,469.73,0.0,1,0.04,0.03,SPY211119P00446000,446.0,0,0.0,0.0,,0.0,normalDay
2021-11-19,18231.0,0.0,4.0,0,468.89,0.0,1,0.04,0.0,SPY211119P00446000,446.0,0,0.0,0.0,,0.0,expirationDay
2021-11-22,18231.0,-3.0,0.0,0,467.57,0.0,1,0.07,0.1,SPY211124P00452000,452.0,0,0.0,0.0,,0.0,normalDay
2021-11-23,18231.0,3.0,0.0,0,468.19,0.0,1,0.07,0.04,SPY211124P00452000,452.0,0,0.0,0.0,,0.0,normalDay
2021-11-24,18238.0,0.0,7.0,0,469.44,0.0,1,0.07,0.0,SPY211124P00452000,452.0,0,0.0,0.0,,0.0,expirationDay
2021-11-26,18238.0,-11.0,0.0,0,458.97,0.0,1,3.2,3.31,SPY211129P00457000,457.0,0,0.0,0.0,,0.0,normalDay
2021-11-29,18558.0,0.0,320.0,0,464.6,0.0,1,3.2,0.0,SPY211129P00457000,457.0,0,0.0,0.0,,0.0,expirationDay
2021-11-30,18558.0,-8.0,0.0,0,455.56,0.0,1,3.35,3.43,SPY211203P00456000,456.0,0,0.0,0.0,,0.0,normalDay
2021-12-01,18558.0,-418.0,0.0,0,450.5,0.0,1,3.35,7.53,SPY211203P00456000,456.0,0,0.0,0.0,,0.0,normalDay
2021-12-02,18558.0,143.0,0.0,0,457.4,0.0,1,3.35,1.92,SPY211203P00456000,456.0,0,0.0,0.0,,0.0,normalDay
2021-12-03,18893.0,-258.0,335.0,100,453.42,456.0,1,3.35,0.0,SPY211203P00456000,456.0,0,0.0,0.0,,0.0,expirationDay
2021-12-06,18893.0,279.0,0.0,100,458.79,456.0,0,0.0,0.0,,0.0,0,0.0,0.0,,0.0,bidTooLow
2021-12-07,18893.0,1225.0,0.0,100,468.28,456.0,0,0.0,0.0,,0.0,1,0.02,0.05,SPY211210C00481000,481.0,normalDay
2021-12-08,18893.0,1351.0,0.0,100,469.52,456.0,0,0.0,0.0,,0.0,1,0.02,0.03,SPY211210C00481000,481.0,normalDay
2021-12-09,18893.0,1036.0,0.0,100,466.35,456.0,0,0.0,0.0,,0.0,1,0.02,0.01,SPY211210C00481000,481.0,normalDay
2021-12-10,18895.0,1474.0,2.0,100,470.74,456.0,0,0.0,0.0,,0.0,1,0.02,0.0,SPY211210C00481000,481.0,expirationDay
2021-12-13,18895.0,1057.0,0.0,100,466.57,456.0,0,0.0,0.0,,0.0,0,0.0,0.0,,0.0,bidTooLow
2021-12-14,18895.0,736.0,0.0,100,463.36,456.0,0,0.0,0.0,,0.0,0,0.0,0.0,,0.0,bidTooLow
2021-12-15,18895.0,1457.0,0.0,100,470.6,456.0,0,0.0,0.0,,0.0,1,0.01,0.04,SPY211217C00482000,482.0,normalDay
2021-12-16,18895.0,1044.0,0.0,100,466.45,456.0,0,0.0,0.0,,0.0,1,0.01,0.02,SPY211217C00482000,482.0,normalDay
2021-12-17,18896.0,387.0,1.0,100,459.87,456.0,0,0.0,0.0,,0.0,1,0.01,0.0,SPY211217C00482000,482.0,expirationDay
2021-12-20,18896.0,-102.0,0.0,100,454.98,456.0,0,0.0,0.0,,0.0,0,0.0,0.0,,0.0,bidTooLow
2021-12-21,18896.0,706.0,0.0,100,463.06,456.0,0,0.0,0.0,,0.0,0,0.0,0.0,,0.0,bidTooLow
2021-12-22,18896.0,1169.0,0.0,100,467.69,456.0,0,0.0,0.0,,0.0,0,0.0,0.0,,0.0,bidTooLow
2021-12-23,18896.0,1460.0,0.0,100,470.6,456.0,0,0.0,0.0,,0.0,0,0.0,0.0,,0.0,bidTooLow
2021-12-27,18896.0,2123.0,0.0,100,477.26,456.0,0,0.0,0.0,,0.0,1,0.1,0.13,SPY211229C00483000,483.0,normalDay
2021-12-28,18896.0,2092.0,0.0,100,476.87,456.0,0,0.0,0.0,,0.0,1,0.1,0.05,SPY211229C00483000,483.0,normalDay
2021-12-29,18906.0,2148.0,10.0,100,477.48,456.0,0,0.0,0.0,,0.0,1,0.1,0.0,SPY211229C00483000,483.0,expirationDay
2021-12-30,18906.0,2016.0,0.0,100,476.16,456.0,0,0.0,0.0,,0.0,0,0.0,0.0,,0.0,bidTooLow
2021-12-31,18906.0,1896.0,0.0,100,474.96,456.0,0,0.0,0.0,,0.0,0,0.0,0.0,,0.0,bidTooLow
2022-01-03,18906.0,2171.0,0.0,100,477.71,456.0,0,0.0,0.0,,0.0,0,0.0,0.0,,0.0,bidTooLow
2022-01-04,18906.0,2155.0,0.0,100,477.55,456.0,0,0.0,0.0,,0.0,0,0.0,0.0,,0.0,bidTooLow
2022-01-05,18906.0,1238.0,0.0,100,468.38,456.0,0,0.0,0.0,,0.0,0,0.0,0.0,,0.0,bidTooLow
2022-01-06,18906.0,1194.0,0.0,100,467.94,456.0,0,0.0,0.0,,0.0,0,0.0,0.0,,0.0,bidTooLow
2022-01-07,18906.0,1009.0,0.0,100,466.09,456.0,0,0.0,0.0,,0.0,0,0.0,0.0,,0.0,bidTooLow
2022-01-10,18906.0,951.0,0.0,100,465.51,456.0,0,0.0,0.0,,0.0,0,0.0,0.0,,0.0,bidTooLow
2022-01-11,18906.0,1375.0,0.0,100,469.75,456.0,0,0.0,0.0,,0.0,0,0.0,0.0,,0.0,bidTooLow
2022-01-12,18906.0,1502.0,0.0,100,471.02,456.0,0,0.0,0.0,,0.0,0,0.0,0.0,,0.0,bidTooLow
2022-01-13,18906.0,853.0,0.0,100,464.53,456.0,0,0.0,0.0,,0.0,0,0.0,0.0,,0.0,bidTooLow
2022-01-14,18906.0,872.0,0.0,100,464.72,456.0,0,0.0,0.0,,0.0,0,0.0,0.0,,0.0,bidTooLow
2022-01-18,18906.0,49.0,0.0,100,456.49,456.0,0,0.0,0.0,,0.0,0,0.0,0.0,,0.0,bidTooLow
2022-01-19,18906.0,-425.0,0.0,100,451.75,456.0,0,0.0,0.0,,0.0,0,0.0,0.0,,0.0,bidTooLow
2022-01-20,18906.0,-925.0,0.0,100,446.75,456.0,0,0.0,0.0,,0.0,0,0.0,0.0,,0.0,bidTooLow
2022-01-21,18906.0,-1802.0,0.0,100,437.98,456.0,0,0.0,0.0,,0.0,0,0.0,0.0,,0.0,bidTooLow
2022-01-24,18906.0,-1616.0,0.0,100,439.84,456.0,0,0.0,0.0,,0.0,0,0.0,0.0,,0.0,bidTooLow
2022-01-25,18906.0,-2153.0,0.0,100,434.47,456.0,0,0.0,0.0,,0.0,0,0.0,0.0,,0.0,bidTooLow
2022-01-26,18906.0,-2262.0,0.0,100,433.38,456.0,0,0.0,0.0,,0.0,0,0.0,0.0,,0.0,bidTooLow
2022-01-27,18906.0,-2476.0,0.0,100,431.24,456.0,0,0.0,0.0,,0.0,0,0.0,0.0,,0.0,bidTooLow
2022-01-28,18906.0,-1405.0,0.0,100,441.95,456.0,0,0.0,0.0,,0.0,0,0.0,0.0,,0.0,bidTooLow
2022-01-31,18906.0,-609.0,0.0,100,449.91,456.0,0,0.0,0.0,,0.0,0,0.0,0.0,,0.0,bidTooLow
2022-02-01,18906.0,-305.0,0.0,100,452.95,456.0,0,0.0,0.0,,0.0,0,0.0,0.0,,0.0,bidTooLow
2022-02-02,18906.0,135.0,0.0,100,457.35,456.0,0,0.0,0.0,,0.0,0,0.0,0.0,,0.0,bidTooLow
2022-02-03,18906.0,-940.0,0.0,100,446.6,456.0,0,0.0,0.0,,0.0,0,0.0,0.0,,0.0,bidTooLow
2022-02-04,18906.0,-730.0,0.0,100,448.7,456.0,0,0.0,0.0,,0.0,0,0.0,0.0,,0.0,bidTooLow
2022-02-07,18906.0,-874.0,0.0,100,447.26,456.0,0,0.0,0.0,,0.0,0,0.0,0.0,,0.0,bidTooLow
2022-02-08,18906.0,-506.0,0.0,100,450.94,456.0,0,0.0,0.0,,0.0,0,0.0,0.0,,0.0,bidTooLow
2022-02-09,18906.0,154.0,0.0,100,457.54,456.0,0,0.0,0.0,,0.0,0,0.0,0.0,,0.0,bidTooLow
2022-02-10,18906.0,-668.0,0.0,100,449.32,456.0,0,0.0,0.0,,0.0,0,0.0,0.0,,0.0,bidTooLow
2022-02-11,18906.0,-1554.0,0.0,100,440.46,456.0,0,0.0,0.0,,0.0,0,0.0,0.0,,0.0,bidTooLow
2022-02-14,18906.0,-1698.0,0.0,100,439.02,456.0,0,0.0,0.0,,0.0,0,0.0,0.0,,0.0,bidTooLow
2022-02-15,18906.0,-993.0,0.0,100,446.1,456.0,0,0.0,0.0,,0.0,1,0.01,0.04,SPY220218C00466000,466.0,normalDay
2022-02-16,18906.0,-941.0,0.0,100,446.6,456.0,0,0.0,0.0,,0.0,1,0.01,0.02,SPY220218C00466000,466.0,normalDay
2022-02-17,18906.0,-1894.0,0.0,100,437.06,456.0,0,0.0,0.0,,0.0,1,0.01,0.01,SPY220218C00466000,466.0,normalDay
2022-02-18,18907.0,-2177.0,1.0,100,434.23,456.0,0,0.0,0.0,,0.0,1,0.01,0.0,SPY220218C00466000,466.0,expirationDay
2022-02-22,18907.0,-2643.0,0.0,100,429.57,456.0,0,0.0,0.0,,0.0,0,0.0,0.0,,0.0,bidTooLow
2022-02-23,18907.0,-3405.0,0.0,100,421.95,456.0,0,0.0,0.0,,0.0,0,0.0,0.0,,0.0,bidTooLow
2022-02-24,18907.0,-2770.0,0.0,100,428.3,456.0,0,0.0,0.0,,0.0,0,0.0,0.0,,0.0,bidTooLow
2022-02-25,18907.0,-1825.0,0.0,100,437.75,456.0,0,0.0,0.0,,0.0,0,0.0,0.0,,0.0,bidTooLow
2022-02-28,18907.0,-1937.0,0.0,100,436.63,456.0,0,0.0,0.0,,0.0,0,0.0,0.0,,0.0,bidTooLow
2022-03-01,18907.0,-2602.0,0.0,100,429.98,456.0,0,0.0,0.0,,0.0,0,0.0,0.0,,0.0,bidTooLow
2022-03-02,18907.0,-1811.0,0.0,100,437.89,456.0,0,0.0,0.0,,0.0,0,0.0,0.0,,0.0,bidTooLow
2022-03-03,18907.0,-2029.0,0.0,100,435.71,456.0,0,0.0,0.0,,0.0,0,0.0,0.0,,0.0,bidTooLow
2022-03-04,18907.0,-2383.0,0.0,100,432.17,456.0,0,0.0,0.0,,0.0,0,0.0,0.0,,0.0,bidTooLow
2022-03-07,18907.0,-3657.0,0.0,100,419.43,456.0,0,0.0,0.0,,0.0,0,0.0,0.0,,0.0,bidTooLow
2022-03-08,18907.0,-3975.0,0.0,100,416.25,456.0,0,0.0,0.0,,0.0,0,0.0,0.0,,0.0,bidTooLow
2022-03-09,18907.0,-2859.0,0.0,100,427.41,456.0,0,0.0,0.0,,0.0,0,0.0,0.0,,0.0,bidTooLow
2022-03-10,18907.0,-3052.0,0.0,100,425.48,456.0,0,0.0,0.0,,0.0,0,0.0,0.0,,0.0,bidTooLow
2022-03-11,18907.0,-3593.0,0.0,100,420.07,456.0,0,0.0,0.0,,0.0,0,0.0,0.0,,0.0,bidTooLow
2022-03-14,18907.0,-3900.0,0.0,100,417.0,456.0,0,0.0,0.0,,0.0,0,0.0,0.0,,0.0,bidTooLow
2022-03-15,18907.0,-2983.0,0.0,100,426.17,456.0,0,0.0,0.0,,0.0,0,0.0,0.0,,0.0,bidTooLow
2022-03-16,18907.0,-2041.0,0.0,100,435.62,456.0,0,0.0,0.0,,0.0,1,0.02,0.05,SPY220318C00453000,453.0,normalDay
2022-03-17,18907.0,-1494.0,0.0,100,441.07,456.0,0,0.0,0.0,,0.0,1,0.02,0.03,SPY220318C00453000,453.0,normalDay
2022-03-18,18909.0,-1148.0,2.0,100,444.52,456.0,0,0.0,0.0,,0.0,1,0.02,0.0,SPY220318C00453000,453.0,expirationDay
2022-03-21,18909.0,-1164.0,0.0,100,444.39,456.0,0,0.0,0.0,,0.0,1,0.08,0.11,SPY220323C00455000,455.0,normalDay
2022-03-22,18909.0,-651.0,0.0,100,449.59,456.0,0,0.0,0.0,,0.0,1,0.08,0.18,SPY220323C00455000,455.0,normalDay
2022-03-23,18917.0,-1220.0,8.0,100,443.8,456.0,0,0.0,0.0,,0.0,1,0.08,0.0,SPY220323C00455000,455.0,expirationDay
2022-03-24,18917.0,-551.0,0.0,100,450.49,456.0,0,0.0,0.0,,0.0,0,0.0,0.0,,0.0,bidTooLow
2022-03-25,18917.0,-331.0,0.0,100,452.69,456.0,0,0.0,0.0,,0.0,0,0.0,0.0,,0.0,bidTooLow
2022-03-28,18917.0,-12.0,0.0,100,455.91,456.0,0,0.0,0.0,,0.0,1,0.01,0.04,SPY220331C00470000,470.0,normalDay
2022-03-29,18917.0,544.0,0.0,100,461.55,456.0,0,0.0,0.0,,0.0,1,0.01,0.12,SPY220331C00470000,470.0,normalDay
2022-03-30,18917.0,270.0,0.0,100,458.7,456.0,0,0.0,0.0,,0.0,1,0.01,0.01,SPY220331C00470000,470.0,normalDay
2022-03-31,18918.0,-436.0,1.0,100,451.64,456.0,0,0.0,0.0,,0.0,1,0.01,0.0,SPY220331C00470000,470.0,expirationDay
2022-04-01,18918.0,-308.0,0.0,100,452.92,456.0,0,0.0,0.0,,0.0,0,0.0,0.0,,0.0,bidTooLow
2022-04-04,18918.0,80.0,0.0,100,456.8,456.0,0,0.0,0.0,,0.0,0,0.0,0.0,,0.0,bidTooLow
2022-04-05,18918.0,-497.0,0.0,100,451.03,456.0,0,0.0,0.0,,0.0,0,0.0,0.0,,0.0,bidTooLow
2022-04-06,18918.0,-948.0,0.0,100,446.52,456.0,0,0.0,0.0,,0.0,0,0.0,0.0,,0.0,bidTooLow
2022-04-07,18918.0,-723.0,0.0,100,448.77,456.0,0,0.0,0.0,,0.0,0,0.0,0.0,,0.0,bidTooLow
2022-04-08,18918.0,-843.0,0.0,100,447.57,456.0,0,0.0,0.0,,0.0,0,0.0,0.0,,0.0,bidTooLow
2022-04-11,18918.0,-1608.0,0.0,100,439.92,456.0,0,0.0,0.0,,0.0,0,0.0,0.0,,0.0,bidTooLow
2022-04-12,18918.0,-1771.0,0.0,100,438.29,456.0,0,0.0,0.0,,0.0,0,0.0,0.0,,0.0,bidTooLow
2022-04-13,18918.0,-1269.0,0.0,100,443.31,456.0,0,0.0,0.0,,0.0,0,0.0,0.0,,0.0,bidTooLow
2022-04-14,18918.0,-1821.0,0.0,100,437.79,456.0,0,0.0,0.0,,0.0,0,0.0,0.0,,0.0,bidTooLow
2022-04-18,18918.0,-1803.0,0.0,100,437.97,456.0,0,0.0,0.0,,0.0,0,0.0,0.0,,0.0,bidTooLow
2022-04-19,18918.0,-1096.0,0.0,100,445.04,456.0,0,0.0,0.0,,0.0,0,0.0,0.0,,0.0,bidTooLow
2022-04-20,18918.0,-1129.0,0.0,100,444.71,456.0,0,0.0,0.0,,0.0,0,0.0,0.0,,0.0,bidTooLow
2022-04-21,18918.0,-1794.0,0.0,100,438.06,456.0,0,0.0,0.0,,0.0,0,0.0,0.0,,0.0,bidTooLow
2022-04-22,18918.0,-2996.0,0.0,100,426.04,456.0,0,0.0,0.0,,0.0,0,0.0,0.0,,0.0,bidTooLow
2022-04-25,18918.0,-2749.0,0.0,100,428.51,456.0,0,0.0,0.0,,0.0,0,0.0,0.0,,0.0,bidTooLow
2022-04-26,18918.0,-3990.0,0.0,100,416.1,456.0,0,0.0,0.0,,0.0,0,0.0,0.0,,0.0,bidTooLow
2022-04-27,18918.0,-3873.0,0.0,100,417.27,456.0,0,0.0,0.0,,0.0,0,0.0,0.0,,0.0,bidTooLow
2022-04-28,18918.0,-2819.0,0.0,100,427.81,456.0,0,0.0,0.0,,0.0,0,0.0,0.0,,0.0,bidTooLow
2022-04-29,18918.0,-4400.0,0.0,100,412.0,456.0,0,0.0,0.0,,0.0,0,0.0,0.0,,0.0,bidTooLow
2022-05-02,18918.0,-4152.0,0.0,100,414.48,456.0,0,0.0,0.0,,0.0,0,0.0,0.0,,0.0,bidTooLow
2022-05-03,18918.0,-3962.0,0.0,100,416.38,456.0,0,0.0,0.0,,0.0,0,0.0,0.0,,0.0,bidTooLow
2022-05-04,18918.0,-2694.0,0.0,100,429.06,456.0,0,0.0,0.0,,0.0,0,0.0,0.0,,0.0,bidTooLow
2022-05-05,18918.0,-4219.0,0.0,100,413.81,456.0,0,0.0,0.0,,0.0,0,0.0,0.0,,0.0,bidTooLow
2022-05-06,18918.0,-4466.0,0.0,100,411.34,456.0,0,0.0,0.0,,0.0,0,0.0,0.0,,0.0,bidTooLow
2022-05-09,18918.0,-5783.0,0.0,100,398.17,456.0,0,0.0,0.0,,0.0,0,0.0,0.0,,0.0,bidTooLow
2022-05-10,18918.0,-5691.0,0.0,100,399.09,456.0,0,0.0,0.0,,0.0,0,0.0,0.0,,0.0,bidTooLow
2022-05-11,18918.0,-6325.0,0.0,100,392.75,456.0,0,0.0,0.0,,0.0,0,0.0,0.0,,0.0,bidTooLow
2022-05-12,18918.0,-6366.0,0.0,100,392.34,456.0,0,0.0,0.0,,0.0,0,0.0,0.0,,0.0,bidTooLow
2022-05-13,18918.0,-5428.0,0.0,100,401.72,456.0,0,0.0,0.0,,0.0,0,0.0,0.0,,0.0,bidTooLow
2022-05-16,18918.0,-5591.0,0.0,100,400.09,456.0,0,0.0,0.0,,0.0,0,0.0,0.0,,0.0,bidTooLow
2022-05-17,18918.0,-4768.0,0.0,100,408.32,456.0,0,0.0,0.0,,0.0,0,0.0,0.0,,0.0,bidTooLow
2022-05-18,18918.0,-6414.0,0.0,100,391.86,456.0,0,0.0,0.0,,0.0,0,0.0,0.0,,0.0,bidTooLow
2022-05-19,18918.0,-6654.0,0.0,100,389.46,456.0,0,0.0,0.0,,0.0,0,0.0,0.0,,0.0,bidTooLow
2022-05-20,18918.0,-6637.0,0.0,100,389.63,456.0,0,0.0,0.0,,0.0,0,0.0,0.0,,0.0,bidTooLow
2022-05-23,18918.0,-5908.0,0.0,100,396.92,456.0,0,0.0,0.0,,0.0,0,0.0,0.0,,0.0,bidTooLow
2022-05-24,18918.0,-6211.0,0.0,100,393.89,456.0,0,0.0,0.0,,0.0,0,0.0,0.0,,0.0,bidTooLow
2022-05-25,18918.0,-5863.0,0.0,100,397.37,456.0,0,0.0,0.0,,0.0,0,0.0,0.0,,0.0,bidTooLow
2022-05-26,18918.0,-5069.0,0.0,100,405.31,456.0,0,0.0,0.0,,0.0,0,0.0,0.0,,0.0,bidTooLow
2022-05-27,18918.0,-4074.0,0.0,100,415.26,456.0,0,0.0,0.0,,0.0,0,0.0,0.0,,0.0,bidTooLow
2022-05-31,18918.0,-4310.0,0.0,100,412.93,456.0,0,0.0,0.0,,0.0,1,0.02,0.05,SPY220603C00433000,433.0,normalDay
2022-06-01,18918.0,-4641.0,0.0,100,409.59,456.0,0,0.0,0.0,,0.0,1,0.02,0.02,SPY220603C00433000,433.0,normalDay
2022-06-02,18918.0,-3860.0,0.0,100,417.39,456.0,0,0.0,0.0,,0.0,1,0.02,0.01,SPY220603C00433000,433.0,normalDay
2022-06-03,18920.0,-4546.0,2.0,100,410.54,456.0,0,0.0,0.0,,0.0,1,0.02,0.0,SPY220603C00433000,433.0,expirationDay
2022-06-06,18920.0,-4424.0,0.0,100,411.79,456.0,0,0.0,0.0,,0.0,1,0.02,0.05,SPY220608C00427000,427.0,normalDay
2022-06-07,18920.0,-4026.0,0.0,100,415.74,456.0,0,0.0,0.0,,0.0,1,0.02,0.02,SPY220608C00427000,427.0,normalDay
2022-06-08,18922.0,-4478.0,2.0,100,411.22,456.0,0,0.0,0.0,,0.0,1,0.02,0.0,SPY220608C00427000,427.0,expirationDay
2022-06-09,18922.0,-5456.0,0.0,100,401.44,456.0,0,0.0,0.0,,0.0,0,0.0,0.0,,0.0,bidTooLow
2022-06-10,18922.0,-6620.0,0.0,100,389.8,456.0,0,0.0,0.0,,0.0,0,0.0,0.0,,0.0,bidTooLow
2022-06-13,18922.0,-8100.0,0.0,100,375.0,456.0,0,0.0,0.0,,0.0,0,0.0,0.0,,0.0,bidTooLow
2022-06-14,18922.0,-8213.0,0.0,100,373.87,456.0,0,0.0,0.0,,0.0,0,0.0,0.0,,0.0,bidTooLow
2022-06-15,18922.0,-7680.0,0.0,100,379.2,456.0,0,0.0,0.0,,0.0,0,0.0,0.0,,0.0,bidTooLow
2022-06-16,18922.0,-8935.0,0.0,100,366.65,456.0,0,0.0,0.0,,0.0,0,0.0,0.0,,0.0,bidTooLow
2022-06-17,18922.0,-9014.0,0.0,100,365.86,456.0,0,0.0,0.0,,0.0,0,0.0,0.0,,0.0,bidTooLow
2022-06-21,18922.0,-8093.0,0.0,100,375.07,456.0,0,0.0,0.0,,0.0,0,0.0,0.0,,0.0,bidTooLow
2022-06-22,18922.0,-8161.0,0.0,100,374.39,456.0,0,0.0,0.0,,0.0,0,0.0,0.0,,0.0,bidTooLow
2022-06-23,18922.0,-7794.0,0.0,100,378.06,456.0,0,0.0,0.0,,0.0,0,0.0,0.0,,0.0,bidTooLow
2022-06-24,18922.0,-6592.0,0.0,100,390.08,456.0,0,0.0,0.0,,0.0,0,0.0,0.0,,0.0,bidTooLow
2022-06-27,18922.0,-6741.0,0.0,100,388.59,456.0,0,0.0,0.0,,0.0,0,0.0,0.0,,0.0,bidTooLow
2022-06-28,18922.0,-7535.0,0.0,100,380.65,456.0,0,0.0,0.0,,0.0,0,0.0,0.0,,0.0,bidTooLow
2022-06-29,18922.0,-7566.0,0.0,100,380.34,456.0,0,0.0,0.0,,0.0,0,0.0,0.0,,0.0,bidTooLow
2022-06-30,18922.0,-7875.0,0.0,100,377.25,456.0,0,0.0,0.0,,0.0,0,0.0,0.0,,0.0,bidTooLow
2022-07-01,18922.0,-7476.0,0.0,100,381.24,456.0,0,0.0,0.0,,0.0,0,0.0,0.0,,0.0,bidTooLow
2022-07-05,18922.0,-7404.0,0.0,100,381.96,456.0,0,0.0,0.0,,0.0,0,0.0,0.0,,0.0,bidTooLow
2022-07-06,18922.0,-7275.0,0.0,100,383.25,456.0,0,0.0,0.0,,0.0,0,0.0,0.0,,0.0,bidTooLow
2022-07-07,18922.0,-6701.0,0.0,100,388.99,456.0,0,0.0,0.0,,0.0,0,0.0,0.0,,0.0,bidTooLow
2022-07-08,18922.0,-6733.0,0.0,100,388.67,456.0,0,0.0,0.0,,0.0,0,0.0,0.0,,0.0,bidTooLow
2022-07-11,18922.0,-7180.0,0.0,100,384.23,456.0,0,0.0,0.0,,0.0,1,0.03,0.06,SPY220713C00400000,400.0,normalDay
2022-07-12,18922.0,-7516.0,0.0,100,380.83,456.0,0,0.0,0.0,,0.0,1,0.03,0.02,SPY220713C00400000,400.0,normalDay
2022-07-13,18925.0,-7717.0,3.0,100,378.83,456.0,0,0.0,0.0,,0.0,1,0.03,0.0,SPY220713C00400000,400.0,expirationDay
2022-07-14,18925.0,-7809.0,0.0,100,377.91,456.0,0,0.0,0.0,,0.0,0,0.0,0.0,,0.0,bidTooLow
2022-07-15,18925.0,-7087.0,0.0,100,385.13,456.0,0,0.0,0.0,,0.0,0,0.0,0.0,,0.0,bidTooLow
2022-07-18,18925.0,-7408.0,0.0,100,381.95,456.0,0,0.0,0.0,,0.0,1,0.01,0.04,SPY220720C00397000,397.0,normalDay
2022-07-19,18925.0,-6422.0,0.0,100,392.27,456.0,0,0.0,0.0,,0.0,1,0.01,0.5,SPY220720C00397000,397.0,normalDay
2022-07-20,18926.0,-6123.0,1.0,100,394.77,456.0,0,0.0,0.0,,0.0,1,0.01,0.0,SPY220720C00397000,397.0,expirationDay
2022-07-21,18926.0,-5724.0,0.0,100,398.79,456.0,0,0.0,0.0,,0.0,1,0.51,0.54,SPY220722C00402000,402.0,normalDay
2022-07-22,18977.0,-6091.0,51.0,100,395.09,456.0,0,0.0,0.0,,0.0,1,0.51,0.0,SPY220722C00402000,402.0,expirationDay
2022-07-25,18977.0,-6046.0,0.0,100,395.57,456.0,0,0.0,0.0,,0.0,1,0.51,0.54,SPY220727C00404000,404.0,normalDay
2022-07-26,18977.0,-6466.0,0.0,100,390.89,456.0,0,0.0,0.0,,0.0,1,0.51,0.06,SPY220727C00404000,404.0,normalDay
2022-07-27,19028.0,-5496.0,51.0,100,401.04,456.0,0,0.0,0.0,,0.0,1,0.51,0.0,SPY220727C00404000,404.0,expirationDay
2022-07-28,19028.0,-4996.0,0.0,100,406.07,456.0,0,0.0,0.0,,0.0,1,0.51,0.54,SPY220729C00411000,411.0,normalDay
2022-07-29,14579.0,-4996.0,-4449.0,0,411.99,0.0,0,0.0,0.0,,0.0,1,0.51,0.0,SPY220729C00411000,411.0,expirationDay
2022-08-01,14579.0,0.0,0.0,0,410.77,0.0,0,0.0,0.0,,0.0,0,0.0,0.0,,0.0,bidTooLow
2022-08-02,14579.0,0.0,0.0,0,408.06,0.0,0,0.0,0.0,,0.0,0,0.0,0.0,,0.0,bidTooLow
2022-08-03,14579.0,0.0,0.0,0,414.45,0.0,0,0.0,0.0,,0.0,0,0.0,0.0,,0.0,bidTooLow
2022-08-04,14579.0,0.0,0.0,0,414.17,0.0,0,0.0,0.0,,0.0,0,0.0,0.0,,0.0,bidTooLow
2022-08-05,14579.0,0.0,0.0,0,413.47,0.0,0,0.0,0.0,,0.0,0,0.0,0.0,,0.0,bidTooLow
2022-08-08,14579.0,0.0,0.0,0,412.99,0.0,0,0.0,0.0,,0.0,0,0.0,0.0,,0.0,bidTooLow
2022-08-09,14579.0,0.0,0.0,0,411.35,0.0,0,0.0,0.0,,0.0,0,0.0,0.0,,0.0,bidTooLow
2022-08-10,14579.0,0.0,0.0,0,419.99,0.0,0,0.0,0.0,,0.0,0,0.0,0.0,,0.0,bidTooLow
2022-08-11,14579.0,0.0,0.0,0,419.99,0.0,0,0.0,0.0,,0.0,0,0.0,0.0,,0.0,bidTooLow
2022-08-12,14579.0,0.0,0.0,0,427.1,0.0,0,0.0,0.0,,0.0,0,0.0,0.0,,0.0,bidTooLow
2022-08-15,14579.0,0.0,0.0,0,428.86,0.0,0,0.0,0.0,,0.0,0,0.0,0.0,,0.0,bidTooLow
2022-08-16,14579.0,0.0,0.0,0,429.7,0.0,0,0.0,0.0,,0.0,0,0.0,0.0,,0.0,bidTooLow
2022-08-17,14579.0,0.0,0.0,0,426.65,0.0,0,0.0,0.0,,0.0,0,0.0,0.0,,0.0,bidTooLow
2022-08-18,14579.0,0.0,0.0,0,427.89,0.0,0,0.0,0.0,,0.0,0,0.0,0.0,,0.0,bidTooLow
2022-08-19,14579.0,0.0,0.0,0,422.14,0.0,0,0.0,0.0,,0.0,0,0.0,0.0,,0.0,bidTooLow
2022-08-22,14579.0,-3.0,0.0,0,413.35,0.0,1,0.01,0.04,SPY220824P00390000,390.0,0,0.0,0.0,,0.0,normalDay
2022-08-23,14579.0,-1.0,0.0,0,412.35,0.0,1,0.01,0.02,SPY220824P00390000,390.0,0,0.0,0.0,,0.0,normalDay
2022-08-24,14580.0,0.0,1.0,0,413.67,0.0,1,0.01,0.0,SPY220824P00390000,390.0,0,0.0,0.0,,0.0,expirationDay
2022-08-25,14580.0,-3.0,0.0,0,419.51,0.0,1,0.02,0.05,SPY220826P00400000,400.0,0,0.0,0.0,,0.0,normalDay
2022-08-26,14582.0,0.0,2.0,0,405.31,0.0,1,0.02,0.0,SPY220826P00400000,400.0,0,0.0,0.0,,0.0,expirationDay
2022-08-29,14582.0,-3.0,0.0,0,402.63,0.0,1,0.95,0.98,SPY220831P00396000,396.0,0,0.0,0.0,,0.0,normalDay
2022-08-30,14582.0,-30.0,0.0,0,398.21,0.0,1,0.95,1.25,SPY220831P00396000,396.0,0,0.0,0.0,,0.0,normalDay
2022-08-31,14677.0,-82.0,95.0,100,395.18,396.0,1,0.95,0.0,SPY220831P00396000,396.0,0,0.0,0.0,,0.0,expirationDay
2022-09-01,14677.0,42.0,0.0,100,396.42,396.0,0,0.0,0.0,,0.0,0,0.0,0.0,,0.0,bidTooLow
2022-09-02,14677.0,-376.0,0.0,100,392.24,396.0,0,0.0,0.0,,0.0,0,0.0,0.0,,0.0,bidTooLow
2022-09-06,14677.0,-524.0,0.0,100,390.76,396.0,0,0.0,0.0,,0.0,0,0.0,0.0,,0.0,bidTooLow
2022-09-07,14677.0,178.0,0.0,100,397.78,396.0,0,0.0,0.0,,0.0,0,0.0,0.0,,0.0,bidTooLow
2022-09-08,14677.0,438.0,0.0,100,400.38,396.0,0,0.0,0.0,,0.0,0,0.0,0.0,,0.0,bidTooLow
2022-09-09,14677.0,1060.0,0.0,100,406.6,396.0,0,0.0,0.0,,0.0,0,0.0,0.0,,0.0,bidTooLow
2022-09-12,14677.0,1497.0,0.0,100,410.97,396.0,0,0.0,0.0,,0.0,0,0.0,0.0,,0.0,bidTooLow
2022-09-13,14677.0,-290.0,0.0,100,393.1,396.0,0,0.0,0.0,,0.0,0,0.0,0.0,,0.0,bidTooLow
2022-09-14,14677.0,-140.0,0.0,100,394.6,396.0,0,0.0,0.0,,0.0,0,0.0,0.0,,0.0,bidTooLow
2022-09-15,14677.0,-588.0,0.0,100,390.12,396.0,0,0.0,0.0,,0.0,0,0.0,0.0,,0.0,bidTooLow
2022-09-16,14677.0,-1044.0,0.0,100,385.56,396.0,0,0.0,0.0,,0.0,0,0.0,0.0,,0.0,bidTooLow
2022-09-19,14677.0,-745.0,0.0,100,388.55,396.0,0,0.0,0.0,,0.0,0,0.0,0.0,,0.0,bidTooLow
2022-09-20,14677.0,-1191.0,0.0,100,384.09,396.0,0,0.0,0.0,,0.0,0,0.0,0.0,,0.0,bidTooLow
2022-09-21,14677.0,-1861.0,0.0,100,377.39,396.0,0,0.0,0.0,,0.0,0,0.0,0.0,,0.0,bidTooLow
2022-09-22,14677.0,-2178.0,0.0,100,374.22,396.0,0,0.0,0.0,,0.0,0,0.0,0.0,,0.0,bidTooLow
2022-09-23,14677.0,-2805.0,0.0,100,367.95,396.0,0,0.0,0.0,,0.0,0,0.0,0.0,,0.0,bidTooLow
2022-09-26,14677.0,-3169.0,0.0,100,364.31,396.0,0,0.0,0.0,,0.0,0,0.0,0.0,,0.0,bidTooLow
2022-09-27,14677.0,-3262.0,0.0,100,363.38,396.0,0,0.0,0.0,,0.0,0,0.0,0.0,,0.0,bidTooLow
2022-09-28,14677.0,-2547.0,0.0,100,370.53,396.0,0,0.0,0.0,,0.0,0,0.0,0.0,,0.0,bidTooLow
2022-09-29,14677.0,-3321.0,0.0,100,362.79,396.0,0,0.0,0.0,,0.0,0,0.0,0.0,,0.0,bidTooLow
2022-09-30,14677.0,-3882.0,0.0,100,357.18,396.0,0,0.0,0.0,,0.0,0,0.0,0.0,,0.0,bidTooLow
2022-10-03,14677.0,-2939.0,0.0,100,366.61,396.0,0,0.0,0.0,,0.0,0,0.0,0.0,,0.0,bidTooLow
2022-10-04,14677.0,-1803.0,0.0,100,377.97,396.0,0,0.0,0.0,,0.0,0,0.0,0.0,,0.0,bidTooLow
2022-10-05,14677.0,-1891.0,0.0,100,377.09,396.0,0,0.0,0.0,,0.0,0,0.0,0.0,,0.0,bidTooLow
2022-10-06,14677.0,-2280.0,0.0,100,373.2,396.0,0,0.0,0.0,,0.0,0,0.0,0.0,,0.0,bidTooLow
2022-10-07,14677.0,-3321.0,0.0,100,362.79,396.0,0,0.0,0.0,,0.0,0,0.0,0.0,,0.0,bidTooLow
2022-10-10,14677.0,-3598.0,0.0,100,360.02,396.0,0,0.0,0.0,,0.0,0,0.0,0.0,,0.0,bidTooLow
2022-10-11,14677.0,-3826.0,0.0,100,357.74,396.0,0,0.0,0.0,,0.0,0,0.0,0.0,,0.0,bidTooLow
2022-10-12,14677.0,-3944.0,0.0,100,356.56,396.0,0,0.0,0.0,,0.0,0,0.0,0.0,,0.0,bidTooLow
2022-10-13,14677.0,-3003.0,0.0,100,365.97,396.0,0,0.0,0.0,,0.0,0,0.0,0.0,,0.0,bidTooLow
2022-10-14,14677.0,-3837.0,0.0,100,357.63,396.0,0,0.0,0.0,,0.0,0,0.0,0.0,,0.0,bidTooLow
2022-10-17,14677.0,-2918.0,0.0,100,366.82,396.0,0,0.0,0.0,,0.0,0,0.0,0.0,,0.0,bidTooLow
2022-10-18,14677.0,-2490.0,0.0,100,371.13,396.0,0,0.0,0.0,,0.0,1,0.38,0.41,SPY221021C00386000,386.0,normalDay
2022-10-19,14677.0,-2720.0,0.0,100,368.5,396.0,0,0.0,0.0,,0.0,1,0.38,0.08,SPY221021C00386000,386.0,normalDay
2022-10-20,14677.0,-3023.0,0.0,100,365.41,396.0,0,0.0,0.0,,0.0,1,0.38,0.02,SPY221021C00386000,386.0,normalDay
2022-10-21,14715.0,-2171.0,38.0,100,374.29,396.0,0,0.0,0.0,,0.0,1,0.38,0.0,SPY221021C00386000,386.0,expirationDay
2022-10-24,14715.0,-1716.0,0.0,100,378.87,396.0,0,0.0,0.0,,0.0,1,0.73,0.76,SPY221026C00387000,387.0,normalDay
2022-10-25,14715.0,-1118.0,0.0,100,384.92,396.0,0,0.0,0.0,,0.0,1,0.73,0.83,SPY221026C00387000,387.0,normalDay
2022-10-26,14788.0,-1398.0,73.0,100,382.02,396.0,0,0.0,0.0,,0.0,1,0.73,0.0,SPY221026C00387000,387.0,expirationDay
2022-10-27,14788.0,-1602.0,0.0,100,379.98,396.0,0,0.0,0.0,,0.0,0,0.0,0.0,,0.0,bidTooLow
2022-10-28,14788.0,-701.0,0.0,100,389.02,396.0,0,0.0,0.0,,0.0,1,0.09,0.12,SPY221031C00398000,398.0,normalDay
2022-10-31,14797.0,-979.0,9.0,100,386.21,396.0,0,0.0,0.0,,0.0,1,0.09,0.0,SPY221031C00398000,398.0,expirationDay
2022-11-01,14797.0,-1151.0,0.0,100,384.52,396.0,0,0.0,0.0,,0.0,1,0.42,0.45,SPY221104C00401000,401.0,normalDay
2022-11-02,14797.0,-2075.0,0.0,100,374.87,396.0,0,0.0,0.0,,0.0,1,0.42,0.04,SPY221104C00401000,401.0,normalDay
2022-11-03,14797.0,-2458.0,0.0,100,371.01,396.0,0,0.0,0.0,,0.0,1,0.42,0.01,SPY221104C00401000,401.0,normalDay
2022-11-04,14839.0,-1965.0,42.0,100,376.35,396.0,0,0.0,0.0,,0.0,1,0.42,0.0,SPY221104C00401000,401.0,expirationDay
2022-11-07,14839.0,-1605.0,0.0,100,379.95,396.0,0,0.0,0.0,,0.0,0,0.0,0.0,,0.0,bidTooLow
2022-11-08,14839.0,-1403.0,0.0,100,382.0,396.0,0,0.0,0.0,,0.0,1,0.23,0.26,SPY221111C00401000,401.0,normalDay
2022-11-09,14839.0,-2167.0,0.0,100,374.13,396.0,0,0.0,0.0,,0.0,1,0.23,0.03,SPY221111C00401000,401.0,normalDay
2022-11-10,14839.0,-148.0,0.0,100,394.69,396.0,0,0.0,0.0,,0.0,1,0.23,0.4,SPY221111C00401000,401.0,normalDay
2022-11-11,14862.0,251.0,23.0,100,398.51,396.0,0,0.0,0.0,,0.0,1,0.23,0.0,SPY221111C00401000,401.0,expirationDay
2022-11-14,14862.0,-91.0,0.0,100,395.12,396.0,0,0.0,0.0,,0.0,1,0.19,0.22,SPY221116C00406000,406.0,normalDay
2022-11-15,14862.0,248.0,0.0,100,398.49,396.0,0,0.0,0.0,,0.0,1,0.19,0.2,SPY221116C00406000,406.0,normalDay
2022-11-16,14881.0,-55.0,19.0,100,395.45,396.0,0,0.0,0.0,,0.0,1,0.19,0.0,SPY221116C00406000,406.0,expirationDay
2022-11-17,14881.0,-176.0,0.0,100,394.24,396.0,0,0.0,0.0,,0.0,0,0.0,0.0,,0.0,bidTooLow
2022-11-18,14881.0,3.0,0.0,100,396.03,396.0,0,0.0,0.0,,0.0,0,0.0,0.0,,0.0,bidTooLow
2022-11-21,14881.0,-141.0,0.0,100,394.59,396.0,0,0.0,0.0,,0.0,0,0.0,0.0,,0.0,bidTooLow
2022-11-22,14881.0,390.0,0.0,100,399.9,396.0,0,0.0,0.0,,0.0,0,0.0,0.0,,0.0,bidTooLow
2022-11-23,14881.0,642.0,0.0,100,402.42,396.0,0,0.0,0.0,,0.0,0,0.0,0.0,,0.0,bidTooLow
2022-11-25,14881.0,633.0,0.0,100,402.33,396.0,0,0.0,0.0,,0.0,0,0.0,0.0,,0.0,bidTooLow
2022-11-28,14881.0,-9.0,0.0,100,395.91,396.0,0,0.0,0.0,,0.0,0,0.0,0.0,,0.0,bidTooLow
2022-11-29,14881.0,-77.0,0.0,100,395.23,396.0,0,0.0,0.0,,0.0,0,0.0,0.0,,0.0,bidTooLow
2022-11-30,14881.0,1165.0,0.0,100,407.68,396.0,0,0.0,0.0,,0.0,1,0.04,0.07,SPY221202C00422000,422.0,normalDay
2022-12-01,14881.0,1140.0,0.0,100,407.38,396.0,0,0.0,0.0,,0.0,1,0.04,0.02,SPY221202C00422000,422.0,normalDay
2022-12-02,14885.0,1091.0,4.0,100,406.91,396.0,0,0.0,0.0,,0.0,1,0.04,0.0,SPY221202C00422000,422.0,expirationDay
2022-12-05,14885.0,359.0,0.0,100,399.59,396.0,0,0.0,0.0,,0.0,0,0.0,0.0,,0.0,bidTooLow
2022-12-06,14885.0,-217.0,0.0,100,393.83,396.0,0,0.0,0.0,,0.0,0,0.0,0.0,,0.0,bidTooLow
2022-12-07,14885.0,-284.0,0.0,100,393.16,396.0,0,0.0,0.0,,0.0,0,0.0,0.0,,0.0,bidTooLow
2022-12-08,14885.0,24.0,0.0,100,396.24,396.0,0,0.0,0.0,,0.0,0,0.0,0.0,,0.0,bidTooLow
2022-12-09,14885.0,-272.0,0.0,100,393.28,396.0,0,0.0,0.0,,0.0,0,0.0,0.0,,0.0,bidTooLow
2022-12-12,14885.0,291.0,0.0,100,398.95,396.0,0,0.0,0.0,,0.0,1,1.55,1.59,SPY221215C00412000,412.0,normalDay
2022-12-13,14885.0,644.0,0.0,100,401.97,396.0,0,0.0,0.0,,0.0,1,1.55,1.08,SPY221215C00412000,412.0,normalDay
2022-12-14,14885.0,491.0,0.0,100,399.4,396.0,0,0.0,0.0,,0.0,1,1.55,0.04,SPY221215C00412000,412.0,normalDay
2022-12-15,15040.0,-637.0,155.0,100,389.63,396.0,0,0.0,0.0,,0.0,1,1.55,0.0,SPY221215C00412000,412.0,expirationDay
2022-12-16,15040.0,-1273.0,0.0,100,383.27,396.0,0,0.0,0.0,,0.0,0,0.0,0.0,,0.0,bidTooLow
2022-12-19,15040.0,-1598.0,0.0,100,380.02,396.0,0,0.0,0.0,,0.0,0,0.0,0.0,,0.0,bidTooLow
2022-12-20,15040.0,-1546.0,0.0,100,380.54,396.0,0,0.0,0.0,,0.0,0,0.0,0.0,,0.0,bidTooLow
2022-12-21,15040.0,-977.0,0.0,100,386.23,396.0,0,0.0,0.0,,0.0,0,0.0,0.0,,0.0,bidTooLow
2022-12-22,15040.0,-1528.0,0.0,100,380.72,396.0,0,0.0,0.0,,0.0,0,0.0,0.0,,0.0,bidTooLow
2022-12-23,15040.0,-1309.0,0.0,100,382.91,396.0,0,0.0,0.0,,0.0,0,0.0,0.0,,0.0,bidTooLow
2022-12-27,15040.0,-1460.0,0.0,100,381.4,396.0,0,0.0,0.0,,0.0,0,0.0,0.0,,0.0,bidTooLow
2022-12-28,15040.0,-1934.0,0.0,100,376.66,396.0,0,0.0,0.0,,0.0,0,0.0,0.0,,0.0,bidTooLow
2022-12-29,15040.0,-1256.0,0.0,100,383.44,396.0,0,0.0,0.0,,0.0,0,0.0,0.0,,0.0,bidTooLow
2022-12-30,15040.0,-1357.0,0.0,100,382.43,396.0,0,0.0,0.0,,0.0,0,0.0,0.0,,0.0,bidTooLow
2023-01-03,15040.0,-1518.0,0.0,100,380.82,396.0,0,0.0,0.0,,0.0,0,0.0,0.0,,0.0,bidTooLow
2023-01-04,15040.0,-1224.0,0.0,100,383.76,396.0,0,0.0,0.0,,0.0,0,0.0,0.0,,0.0,bidTooLow
2023-01-05,15040.0,-1662.0,0.0,100,379.38,396.0,0,0.0,0.0,,0.0,0,0.0,0.0,,0.0,bidTooLow
2023-01-06,15040.0,-792.0,0.0,100,388.08,396.0,0,0.0,0.0,,0.0,0,0.0,0.0,,0.0,bidTooLow
2023-01-09,15040.0,-817.0,0.0,100,387.86,396.0,0,0.0,0.0,,0.0,1,0.12,0.15,SPY230112C00406000,406.0,normalDay
2023-01-10,15040.0,-545.0,0.0,100,390.58,396.0,0,0.0,0.0,,0.0,1,0.12,0.15,SPY230112C00406000,406.0,normalDay
2023-01-11,15040.0,-78.0,0.0,100,395.52,396.0,0,0.0,0.0,,0.0,1,0.12,0.42,SPY230112C00406000,406.0,normalDay
2023-01-12,15052.0,96.0,12.0,100,396.96,396.0,0,0.0,0.0,,0.0,1,0.12,0.0,SPY230112C00406000,406.0,expirationDay
2023-01-13,15052.0,250.0,0.0,100,398.5,396.0,0,0.0,0.0,,0.0,0,0.0,0.0,,0.0,bidTooLow
2023-01-17,15052.0,174.0,0.0,100,397.77,396.0,0,0.0,0.0,,0.0,1,0.3,0.33,SPY230120C00405000,405.0,normalDay
2023-01-18,15052.0,-425.0,0.0,100,391.49,396.0,0,0.0,0.0,,0.0,1,0.3,0.04,SPY230120C00405000,405.0,normalDay
2023-01-19,15052.0,-708.0,0.0,100,388.64,396.0,0,0.0,0.0,,0.0,1,0.3,0.02,SPY230120C00405000,405.0,normalDay
2023-01-20,15082.0,-12.0,30.0,100,395.88,396.0,0,0.0,0.0,,0.0,1,0.3,0.0,SPY230120C00405000,405.0,expirationDay
2023-01-23,15082.0,460.0,0.0,100,400.63,396.0,0,0.0,0.0,,0.0,1,0.24,0.27,SPY230126C00409000,409.0,normalDay
2023-01-24,15082.0,424.0,0.0,100,400.2,396.0,0,0.0,0.0,,0.0,1,0.24,0.2,SPY230126C00409000,409.0,normalDay
2023-01-25,15082.0,455.0,0.0,100,400.35,396.0,0,0.0,0.0,,0.0,1,0.24,0.04,SPY230126C00409000,409.0,normalDay
2023-01-26,15106.0,875.0,24.0,100,404.75,396.0,0,0.0,0.0,,0.0,1,0.24,0.0,SPY230126C00409000,409.0,expirationDay
2023-01-27,15106.0,968.0,0.0,100,405.68,396.0,0,0.0,0.0,,0.0,0,0.0,0.0,,0.0,bidTooLow
2023-01-30,15106.0,456.0,0.0,100,400.59,396.0,0,0.0,0.0,,0.0,1,0.18,0.21,SPY230202C00416000,416.0,normalDay
2023-01-31,15106.0,1026.0,0.0,100,406.48,396.0,0,0.0,0.0,,0.0,1,0.18,0.4,SPY230202C00416000,416.0,normalDay
2023-02-01,15106.0,1462.0,0.0,100,410.8,396.0,0,0.0,0.0,,0.0,1,0.18,0.36,SPY230202C00416000,416.0,normalDay
2023-02-02,17124.0,1462.0,2018.0,0,416.78,0.0,0,0.0,0.0,,0.0,1,0.18,0.0,SPY230202C00416000,416.0,expirationDay
2023-02-03,17124.0,0.0,0.0,0,412.35,0.0,0,0.0,0.0,,0.0,0,0.0,0.0,,0.0,bidTooLow
2023-02-06,17124.0,0.0,0.0,0,409.83,0.0,0,0.0,0.0,,0.0,0,0.0,0.0,,0.0,bidTooLow
2023-02-07,17124.0,0.0,0.0,0,415.19,0.0,0,0.0,0.0,,0.0,0,0.0,0.0,,0.0,bidTooLow
2023-02-08,17124.0,0.0,0.0,0,410.65,0.0,0,0.0,0.0,,0.0,0,0.0,0.0,,0.0,bidTooLow
2023-02-09,17124.0,0.0,0.0,0,407.09,0.0,0,0.0,0.0,,0.0,0,0.0,0.0,,0.0,bidTooLow
2023-02-10,17124.0,0.0,0.0,0,408.04,0.0,0,0.0,0.0,,0.0,0,0.0,0.0,,0.0,bidTooLow
2023-02-13,17124.0,-3.0,0.0,0,412.83,0.0,1,0.05,0.08,SPY230216P00385000,385.0,0,0.0,0.0,,0.0,normalDay
2023-02-14,17124.0,1.0,0.0,0,412.64,0.0,1,0.05,0.04,SPY230216P00385000,385.0,0,0.0,0.0,,0.0,normalDay
2023-02-15,17124.0,3.0,0.0,0,413.98,0.0,1,0.05,0.02,SPY230216P00385000,385.0,0,0.0,0.0,,0.0,normalDay
2023-02-16,17129.0,0.0,5.0,0,408.28,0.0,1,0.05,0.0,SPY230216P00385000,385.0,0,0.0,0.0,,0.0,expirationDay
2023-02-17,17129.0,0.0,0.0,0,407.26,0.0,0,0.0,0.0,,0.0,0,0.0,0.0,,0.0,bidTooLow
2023-02-21,17129.0,-3.0,0.0,0,399.09,0.0,1,1.58,1.61,SPY230224P00395000,395.0,0,0.0,0.0,,0.0,normalDay
2023-02-22,17129.0,44.0,0.0,0,398.54,0.0,1,1.58,1.14,SPY230224P00395000,395.0,0,0.0,0.0,,0.0,normalDay
2023-02-23,17129.0,125.0,0.0,0,400.66,0.0,1,1.58,0.33,SPY230224P00395000,395.0,0,0.0,0.0,,0.0,normalDay
2023-02-24,17287.0,0.0,158.0,0,396.38,0.0,1,1.58,0.0,SPY230224P00395000,395.0,0,0.0,0.0,,0.0,expirationDay
2023-02-27,17287.0,-3.0,0.0,0,397.73,0.0,1,0.54,0.57,SPY230302P00391000,391.0,0,0.0,0.0,,0.0,normalDay
2023-02-28,17287.0,-8.0,0.0,0,396.26,0.0,1,0.54,0.62,SPY230302P00391000,391.0,0,0.0,0.0,,0.0,normalDay
2023-03-01,17287.0,13.0,0.0,0,394.74,0.0,1,0.54,0.41,SPY230302P00391000,391.0,0,0.0,0.0,,0.0,normalDay
2023-03-02,17341.0,0.0,54.0,0,397.81,0.0,1,0.54,0.0,SPY230302P00391000,391.0,0,0.0,0.0,,0.0,expirationDay
2023-03-03,17341.0,-3.0,0.0,0,404.19,0.0,1,0.01,0.04,SPY230306P00387000,387.0,0,0.0,0.0,,0.0,normalDay
2023-03-06,17342.0,0.0,1.0,0,404.47,0.0,1,0.01,0.0,SPY230306P00387000,387.0,0,0.0,0.0,,0.0,expirationDay
2023-03-07,17342.0,-3.0,0.0,0,398.27,0.0,1,0.29,0.32,SPY230310P00387000,387.0,0,0.0,0.0,,0.0,normalDay
2023-03-08,17342.0,13.0,0.0,0,398.92,0.0,1,0.29,0.16,SPY230310P00387000,387.0,0,0.0,0.0,,0.0,normalDay
2023-03-09,17342.0,-84.0,0.0,0,391.56,0.0,1,0.29,1.13,SPY230310P00387000,387.0,0,0.0,0.0,,0.0,normalDay
2023-03-10,17371.0,-109.0,29.0,100,385.91,387.0,1,0.29,0.0,SPY230310P00387000,387.0,0,0.0,0.0,,0.0,expirationDay
2023-03-13,17371.0,-164.0,0.0,100,385.36,387.0,0,0.0,0.0,,0.0,0,0.0,0.0,,0.0,bidTooLow
2023-03-14,17371.0,473.0,0.0,100,391.73,387.0,0,0.0,0.0,,0.0,0,0.0,0.0,,0.0,bidTooLow
2023-03-15,17371.0,228.0,0.0,100,389.28,387.0,0,0.0,0.0,,0.0,0,0.0,0.0,,0.0,bidTooLow
2023-03-16,17371.0,911.0,0.0,100,396.11,387.0,0,0.0,0.0,,0.0,0,0.0,0.0,,0.0,bidTooLow
2023-03-17,17371.0,299.0,0.0,100,389.99,387.0,0,0.0,0.0,,0.0,0,0.0,0.0,,0.0,bidTooLow
2023-03-20,17371.0,671.0,0.0,100,393.74,387.0,0,0.0,0.0,,0.0,1,0.08,0.11,SPY230323C00410000,410.0,normalDay
2023-03-21,17371.0,1172.0,0.0,100,398.91,387.0,0,0.0,0.0,,0.0,1,0.08,0.27,SPY230323C00410000,410.0,normalDay
2023-03-22,17371.0,518.0,0.0,100,392.11,387.0,0,0.0,0.0,,0.0,1,0.08,0.01,SPY230323C00410000,410.0,normalDay
2023-03-23,17379.0,617.0,8.0,100,393.17,387.0,0,0.0,0.0,,0.0,1,0.08,0.0,SPY230323C00410000,410.0,expirationDay
2023-03-24,17379.0,875.0,0.0,100,395.75,387.0,0,0.0,0.0,,0.0,0,0.0,0.0,,0.0,bidTooLow
2023-03-27,17379.0,946.0,0.0,100,396.49,387.0,0,0.0,0.0,,0.0,1,0.03,0.06,SPY230330C00409000,409.0,normalDay
2023-03-28,17379.0,861.0,0.0,100,395.6,387.0,0,0.0,0.0,,0.0,1,0.03,0.02,SPY230330C00409000,409.0,normalDay
2023-03-29,17379.0,1436.0,0.0,100,401.35,387.0,0,0.0,0.0,,0.0,1,0.03,0.02,SPY230330C00409000,409.0,normalDay
2023-03-30,17382.0,1670.0,3.0,100,403.7,387.0,0,0.0,0.0,,0.0,1,0.03,0.0,SPY230330C00409000,409.0,expirationDay
2023-03-31,17382.0,2236.0,0.0,100,409.39,387.0,0,0.0,0.0,,0.0,1,0.31,0.34,SPY230403C00413000,413.0,normalDay
2023-04-03,17413.0,2395.0,31.0,100,410.95,387.0,0,0.0,0.0,,0.0,1,0.31,0.0,SPY230403C00413000,413.0,expirationDay
2023-04-04,17413.0,2164.0,0.0,100,408.67,387.0,0,0.0,0.0,,0.0,1,0.03,0.06,SPY230406C00417000,417.0,normalDay
2023-04-05,17413.0,2061.0,0.0,100,407.6,387.0,0,0.0,0.0,,0.0,1,0.03,0.02,SPY230406C00417000,417.0,normalDay
2023-04-06,17416.0,2219.0,3.0,100,409.19,387.0,0,0.0,0.0,,0.0,1,0.03,0.0,SPY230406C00417000,417.0,expirationDay
2023-04-10,17416.0,2258.0,0.0,100,409.61,387.0,0,0.0,0.0,,0.0,1,0.06,0.09,SPY230413C00421000,421.0,normalDay
2023-04-11,17416.0,2271.0,0.0,100,409.72,387.0,0,0.0,0.0,,0.0,1,0.06,0.07,SPY230413C00421000,421.0,normalDay
2023-04-12,17416.0,2110.0,0.0,100,408.05,387.0,0,0.0,0.0,,0.0,1,0.06,0.01,SPY230413C00421000,421.0,normalDay
2023-04-13,17422.0,2647.0,6.0,100,413.47,387.0,0,0.0,0.0,,0.0,1,0.06,0.0,SPY230413C00421000,421.0,expirationDay
2023-04-14,17422.0,2546.0,0.0,100,412.46,387.0,0,0.0,0.0,,0.0,0,0.0,0.0,,0.0,bidTooLow
2023-04-17,17422.0,2694.0,0.0,100,413.94,387.0,0,0.0,0.0,,0.0,0,0.0,0.0,,0.0,bidTooLow
2023-04-18,17422.0,2721.0,0.0,100,414.21,387.0,0,0.0,0.0,,0.0,0,0.0,0.0,,0.0,bidTooLow
2023-04-19,17422.0,2714.0,0.0,100,414.14,387.0,0,0.0,0.0,,0.0,0,0.0,0.0,,0.0,bidTooLow
2023-04-20,17422.0,2488.0,0.0,100,411.88,387.0,0,0.0,0.0,,0.0,0,0.0,0.0,,0.0,bidTooLow
2023-04-21,17422.0,2520.0,0.0,100,412.2,387.0,0,0.0,0.0,,0.0,0,0.0,0.0,,0.0,bidTooLow
2023-04-24,17422.0,2563.0,0.0,100,412.63,387.0,0,0.0,0.0,,0.0,0,0.0,0.0,,0.0,bidTooLow
2023-04-25,17422.0,1908.0,0.0,100,406.08,387.0,0,0.0,0.0,,0.0,0,0.0,0.0,,0.0,bidTooLow
2023-04-26,17422.0,1736.0,0.0,100,404.36,387.0,0,0.0,0.0,,0.0,0,0.0,0.0,,0.0,bidTooLow
2023-04-27,17422.0,2538.0,0.0,100,412.41,387.0,0,0.0,0.0,,0.0,1,0.03,0.06,SPY230428C00419000,419.0,normalDay
2023-04-28,17425.0,2893.0,3.0,100,415.93,387.0,0,0.0,0.0,,0.0,1,0.03,0.0,SPY230428C00419000,419.0,expirationDay
2023-05-01,17425.0,2848.0,0.0,100,415.51,387.0,0,0.0,0.0,,0.0,1,0.81,0.84,SPY230504C00420000,420.0,normalDay
2023-05-02,17425.0,2448.0,0.0,100,410.84,387.0,0,0.0,0.0,,0.0,1,0.81,0.17,SPY230504C00420000,420.0,normalDay
2023-05-03,17425.0,2181.0,0.0,100,408.02,387.0,0,0.0,0.0,,0.0,1,0.81,0.02,SPY230504C00420000,420.0,normalDay
2023-05-04,17506.0,1813.0,81.0,100,405.13,387.0,0,0.0,0.0,,0.0,1,0.81,0.0,SPY230504C00420000,420.0,expirationDay
2023-05-05,17506.0,2563.0,0.0,100,412.63,387.0,0,0.0,0.0,,0.0,0,0.0,0.0,,0.0,bidTooLow
2023-05-08,17506.0,2571.0,0.0,100,412.74,387.0,0,0.0,0.0,,0.0,1,0.08,0.11,SPY230511C00421000,421.0,normalDay
2023-05-09,17506.0,2395.0,0.0,100,410.93,387.0,0,0.0,0.0,,0.0,1,0.08,0.06,SPY230511C00421000,421.0,normalDay
2023-05-10,17506.0,2591.0,0.0,100,412.85,387.0,0,0.0,0.0,,0.0,1,0.08,0.02,SPY230511C00421000,421.0,normalDay
2023-05-11,17514.0,2513.0,8.0,100,412.13,387.0,0,0.0,0.0,,0.0,1,0.08,0.0,SPY230511C00421000,421.0,expirationDay
2023-05-12,17514.0,2459.0,0.0,100,411.59,387.0,0,0.0,0.0,,0.0,0,0.0,0.0,,0.0,bidTooLow
2023-05-15,17514.0,2598.0,0.0,100,413.01,387.0,0,0.0,0.0,,0.0,1,0.07,0.1,SPY230518C00420000,420.0,normalDay
2023-05-16,17514.0,2328.0,0.0,100,410.25,387.0,0,0.0,0.0,,0.0,1,0.07,0.04,SPY230518C00420000,420.0,normalDay
2023-05-17,17514.0,2823.0,0.0,100,415.23,387.0,0,0.0,0.0,,0.0,1,0.07,0.07,SPY230518C00420000,420.0,normalDay
2023-05-18,17521.0,3223.0,7.0,100,419.23,387.0,0,0.0,0.0,,0.0,1,0.07,0.0,SPY230518C00420000,420.0,expirationDay
2023-05-19,17521.0,3159.0,0.0,100,418.62,387.0,0,0.0,0.0,,0.0,1,0.11,0.14,SPY230522C00423000,423.0,normalDay
2023-05-22,17532.0,3179.0,11.0,100,418.79,387.0,0,0.0,0.0,,0.0,1,0.11,0.0,SPY230522C00423000,423.0,expirationDay
2023-05-23,17532.0,2706.0,0.0,100,414.09,387.0,0,0.0,0.0,,0.0,1,0.06,0.09,SPY230526C00424000,424.0,normalDay
2023-05-24,17532.0,2412.0,0.0,100,411.09,387.0,0,0.0,0.0,,0.0,1,0.06,0.03,SPY230526C00424000,424.0,normalDay
2023-05-25,17532.0,2768.0,0.0,100,414.65,387.0,0,0.0,0.0,,0.0,1,0.06,0.03,SPY230526C00424000,424.0,normalDay
2023-05-26,17538.0,3302.0,6.0,100,420.02,387.0,0,0.0,0.0,,0.0,1,0.06,0.0,SPY230526C00424000,424.0,expirationDay
2023-05-30,17538.0,3315.0,0.0,100,420.18,387.0,0,0.0,0.0,,0.0,1,0.74,0.77,SPY230602C00425000,425.0,normalDay
2023-05-31,17538.0,3144.0,0.0,100,417.85,387.0,0,0.0,0.0,,0.0,1,0.74,0.15,SPY230602C00425000,425.0,normalDay
2023-06-01,17538.0,3522.0,0.0,100,421.82,387.0,0,0.0,0.0,,0.0,1,0.74,0.34,SPY230602C00425000,425.0,normalDay
2023-06-02,21412.0,3522.0,3874.0,0,427.92,0.0,0,0.0,0.0,,0.0,1,0.74,0.0,SPY230602C00425000,425.0,expirationDay
2023-06-05,21412.0,0.0,0.0,0,427.1,0.0,0,0.0,0.0,,0.0,0,0.0,0.0,,0.0,bidTooLow
2023-06-06,21412.0,-3.0,0.0,0,428.03,0.0,1,0.01,0.04,SPY230609P00402500,402.5,0,0.0,0.0,,0.0,normalDay
2023-06-07,21412.0,-2.0,0.0,0,426.55,0.0,1,0.01,0.03,SPY230609P00402500,402.5,0,0.0,0.0,,0.0,normalDay
2023-06-08,21412.0,-1.0,0.0,0,429.13,0.0,1,0.01,0.02,SPY230609P00402500,402.5,0,0.0,0.0,,0.0,normalDay
2023-06-09,21413.0,0.0,1.0,0,429.9,0.0,1,0.01,0.0,SPY230609P00402500,402.5,0,0.0,0.0,,0.0,expirationDay
2023-06-12,21413.0,-3.0,0.0,0,433.8,0.0,1,0.04,0.07,SPY230615P00403000,403.0,0,0.0,0.0,,0.0,normalDay
2023-06-13,21413.0,-1.0,0.0,0,436.66,0.0,1,0.04,0.05,SPY230615P00403000,403.0,0,0.0,0.0,,0.0,normalDay
2023-06-14,21413.0,2.0,0.0,0,437.18,0.0,1,0.04,0.02,SPY230615P00403000,403.0,0,0.0,0.0,,0.0,normalDay
2023-06-15,21417.0,0.0,4.0,0,442.6,0.0,1,0.04,0.0,SPY230615P00403000,403.0,0,0.0,0.0,,0.0,expirationDay
2023-06-16,21417.0,0.0,0.0,0,439.46,0.0,0,0.0,0.0,,0.0,0,0.0,0.0,,0.0,bidTooLow
2023-06-20,21417.0,0.0,0.0,0,437.18,0.0,0,0.0,0.0,,0.0,0,0.0,0.0,,0.0,bidTooLow
2023-06-21,21417.0,0.0,0.0,0,434.94,0.0,0,0.0,0.0,,0.0,0,0.0,0.0,,0.0,bidTooLow
2023-06-22,21417.0,0.0,0.0,0,436.51,0.0,0,0.0,0.0,,0.0,0,0.0,0.0,,0.0,bidTooLow
2023-06-23,21417.0,0.0,0.0,0,433.21,0.0,0,0.0,0.0,,0.0,0,0.0,0.0,,0.0,bidTooLow
2023-06-26,21417.0,-3.0,0.0,0,431.44,0.0,1,0.03,0.06,SPY230629P00412000,412.0,0,0.0,0.0,,0.0,normalDay
2023-06-27,21417.0,-1.0,0.0,0,436.17,0.0,1,0.03,0.04,SPY230629P00412000,412.0,0,0.0,0.0,,0.0,normalDay
2023-06-28,21417.0,1.0,0.0,0,436.39,0.0,1,0.03,0.02,SPY230629P00412000,412.0,0,0.0,0.0,,0.0,normalDay
2023-06-29,21420.0,0.0,3.0,0,438.11,0.0,1,0.03,0.0,SPY230629P00412000,412.0,0,0.0,0.0,,0.0,expirationDay
2023-06-30,21420.0,0.0,0.0,0,443.28,0.0,0,0.0,0.0,,0.0,0,0.0,0.0,,0.0,bidTooLow
2023-07-03,21420.0,-3.0,0.0,0,443.79,0.0,1,0.01,0.04,SPY230706P00422000,422.0,0,0.0,0.0,,0.0,normalDay
2023-07-05,21420.0,-2.0,0.0,0,443.13,0.0,1,0.01,0.03,SPY230706P00422000,422.0,0,0.0,0.0,,0.0,normalDay
2023-07-06,21421.0,0.0,1.0,0,439.66,0.0,1,0.01,0.0,SPY230706P00422000,422.0,0,0.0,0.0,,0.0,expirationDay
2023-07-07,21421.0,0.0,0.0,0,438.55,0.0,0,0.0,0.0,,0.0,0,0.0,0.0,,0.0,bidTooLow
2023-07-10,21421.0,-3.0,0.0,0,439.66,0.0,1,0.06,0.09,SPY230713P00428000,428.0,0,0.0,0.0,,0.0,normalDay
2023-07-11,21421.0,-2.0,0.0,0,442.46,0.0,1,0.06,0.08,SPY230713P00428000,428.0,0,0.0,0.0,,0.0,normalDay
2023-07-12,21421.0,3.0,0.0,0,446.02,0.0,1,0.06,0.03,SPY230713P00428000,428.0,0,0.0,0.0,,0.0,normalDay
2023-07-13,21427.0,0.0,6.0,0,449.56,0.0,1,0.06,0.0,SPY230713P00428000,428.0,0,0.0,0.0,,0.0,expirationDay
2023-07-14,21427.0,0.0,0.0,0,449.28,0.0,0,0.0,0.0,,0.0,0,0.0,0.0,,0.0,bidTooLow
2023-07-17,21427.0,-3.0,0.0,0,450.84,0.0,1,0.01,0.04,SPY230720P00426000,426.0,0,0.0,0.0,,0.0,normalDay
2023-07-18,21427.0,-2.0,0.0,0,454.19,0.0,1,0.01,0.03,SPY230720P00426000,426.0,0,0.0,0.0,,0.0,normalDay
2023-07-19,21427.0,-1.0,0.0,0,455.2,0.0,1,0.01,0.02,SPY230720P00426000,426.0,0,0.0,0.0,,0.0,normalDay
2023-07-20,21428.0,0.0,1.0,0,452.18,0.0,1,0.01,0.0,SPY230720P00426000,426.0,0,0.0,0.0,,0.0,expirationDay
2023-07-21,21428.0,0.0,0.0,0,452.18,0.0,0,0.0,0.0,,0.0,0,0.0,0.0,,0.0,bidTooLow
2023-07-24,21428.0,0.0,0.0,0,454.2,0.0,0,0.0,0.0,,0.0,0,0.0,0.0,,0.0,bidTooLow
2023-07-25,21428.0,-3.0,0.0,0,455.44,0.0,1,0.01,0.04,SPY230728P00429000,429.0,0,0.0,0.0,,0.0,normalDay
2023-07-26,21428.0,-2.0,0.0,0,455.51,0.0,1,0.01,0.03,SPY230728P00429000,429.0,0,0.0,0.0,,0.0,normalDay
2023-07-27,21428.0,-3.0,0.0,0,452.49,0.0,1,0.01,0.04,SPY230728P00429000,429.0,0,0.0,0.0,,0.0,normalDay
2023-07-28,21429.0,0.0,1.0,0,456.92,0.0,1,0.01,0.0,SPY230728P00429000,429.0,0,0.0,0.0,,0.0,expirationDay
2023-07-31,21429.0,-3.0,0.0,0,457.79,0.0,1,0.01,0.04,SPY230803P00433000,433.0,0,0.0,0.0,,0.0,normalDay
2023-08-01,21429.0,-2.0,0.0,0,456.48,0.0,1,0.01,0.03,SPY230803P00433000,433.0,0,0.0,0.0,,0.0,normalDay
2023-08-02,21429.0,-3.0,0.0,0,450.13,0.0,1,0.01,0.04,SPY230803P00433000,433.0,0,0.0,0.0,,0.0,normalDay
2023-08-03,21430.0,0.0,1.0,0,448.84,0.0,1,0.01,0.0,SPY230803P00433000,433.0,0,0.0,0.0,,0.0,expirationDay
2023-08-04,21430.0,-3.0,0.0,0,446.81,0.0,1,0.07,0.1,SPY230807P00439000,439.0,0,0.0,0.0,,0.0,normalDay
2023-08-07,21437.0,0.0,7.0,0,450.71,0.0,1,0.07,0.0,SPY230807P00439000,439.0,0,0.0,0.0,,0.0,expirationDay
2023-08-08,21437.0,-3.0,0.0,0,448.75,0.0,1,0.64,0.67,SPY230811P00443000,443.0,0,0.0,0.0,,0.0,normalDay
2023-08-09,21437.0,-51.0,0.0,0,445.75,0.0,1,0.64,1.15,SPY230811P00443000,443.0,0,0.0,0.0,,0.0,normalDay
2023-08-10,21437.0,2.0,0.0,0,445.91,0.0,1,0.64,0.62,SPY230811P00443000,443.0,0,0.0,0.0,,0.0,normalDay
2023-08-11,21501.0,0.0,64.0,0,445.65,0.0,1,0.64,0.0,SPY230811P00443000,443.0,0,0.0,0.0,,0.0,expirationDay
2023-08-14,21501.0,-3.0,0.0,0,448.11,0.0,1,0.34,0.37,SPY230817P00441000,441.0,0,0.0,0.0,,0.0,normalDay
2023-08-15,21501.0,-96.0,0.0,0,442.89,0.0,1,0.34,1.3,SPY230817P00441000,441.0,0,0.0,0.0,,0.0,normalDay
2023-08-16,21501.0,-162.0,0.0,0,439.64,0.0,1,0.34,1.96,SPY230817P00441000,441.0,0,0.0,0.0,,0.0,normalDay
2023-08-17,21535.0,-471.0,34.0,100,436.29,441.0,1,0.34,0.0,SPY230817P00441000,441.0,0,0.0,0.0,,0.0,expirationDay
2023-08-18,21535.0,-450.0,0.0,100,436.5,441.0,0,0.0,0.0,,0.0,0,0.0,0.0,,0.0,bidTooLow
2023-08-21,21535.0,-166.0,0.0,100,439.34,441.0,0,0.0,0.0,,0.0,0,0.0,0.0,,0.0,bidTooLow
2023-08-22,21535.0,-285.0,0.0,100,438.15,441.0,0,0.0,0.0,,0.0,0,0.0,0.0,,0.0,bidTooLow
2023-08-23,21535.0,203.0,0.0,100,443.03,441.0,0,0.0,0.0,,0.0,0,0.0,0.0,,0.0,bidTooLow
2023-08-24,21535.0,-411.0,0.0,100,436.89,441.0,0,0.0,0.0,,0.0,0,0.0,0.0,,0.0,bidTooLow
2023-08-25,21535.0,-103.0,0.0,100,439.97,441.0,0,0.0,0.0,,0.0,0,0.0,0.0,,0.0,bidTooLow
2023-08-28,21535.0,176.0,0.0,100,442.76,441.0,0,0.0,0.0,,0.0,0,0.0,0.0,,0.0,bidTooLow
2023-08-29,21535.0,813.0,0.0,100,449.16,441.0,0,0.0,0.0,,0.0,1,0.14,0.17,SPY230901C00457500,457.5,normalDay
2023-08-30,21535.0,1000.0,0.0,100,451.01,441.0,0,0.0,0.0,,0.0,1,0.14,0.15,SPY230901C00457500,457.5,normalDay
2023-08-31,21535.0,946.0,0.0,100,450.35,441.0,0,0.0,0.0,,0.0,1,0.14,0.03,SPY230901C00457500,457.5,normalDay
2023-09-01,21549.0,1019.0,14.0,100,451.19,441.0,0,0.0,0.0,,0.0,1,0.14,0.0,SPY230901C00457500,457.5,expirationDay
2023-09-05,21549.0,821.0,0.0,100,449.24,441.0,0,0.0,0.0,,0.0,1,0.03,0.06,SPY230908C00458000,458.0,normalDay
2023-09-06,21549.0,523.0,0.0,100,446.22,441.0,0,0.0,0.0,,0.0,1,0.03,0.02,SPY230908C00458000,458.0,normalDay
2023-09-07,21549.0,387.0,0.0,100,444.85,441.0,0,0.0,0.0,,0.0,1,0.03,0.01,SPY230908C00458000,458.0,normalDay
2023-09-08,21552.0,452.0,3.0,100,445.52,441.0,0,0.0,0.0,,0.0,1,0.03,0.0,SPY230908C00458000,458.0,expirationDay
2023-09-11,21552.0,742.0,0.0,100,448.45,441.0,0,0.0,0.0,,0.0,1,0.02,0.05,SPY230914C00458000,458.0,normalDay
2023-09-12,21552.0,499.0,0.0,100,445.99,441.0,0,0.0,0.0,,0.0,1,0.02,0.02,SPY230914C00458000,458.0,normalDay
2023-09-13,21552.0,552.0,0.0,100,446.51,441.0,0,0.0,0.0,,0.0,1,0.02,0.01,SPY230914C00458000,458.0,normalDay
2023-09-14,21554.0,936.0,2.0,100,450.36,441.0,0,0.0,0.0,,0.0,1,0.02,0.0,SPY230914C00458000,458.0,expirationDay
2023-09-15,21554.0,237.0,0.0,100,443.37,441.0,0,0.0,0.0,,0.0,0,0.0,0.0,,0.0,bidTooLow
2023-09-18,21554.0,263.0,0.0,100,443.63,441.0,0,0.0,0.0,,0.0,0,0.0,0.0,,0.0,bidTooLow
2023-09-19,21554.0,171.0,0.0,100,442.71,441.0,0,0.0,0.0,,0.0,0,0.0,0.0,,0.0,bidTooLow
2023-09-20,21554.0,-236.0,0.0,100,438.64,441.0,0,0.0,0.0,,0.0,0,0.0,0.0,,0.0,bidTooLow
2023-09-21,21554.0,-961.0,0.0,100,431.39,441.0,0,0.0,0.0,,0.0,0,0.0,0.0,,0.0,bidTooLow
2023-09-22,21554.0,-1058.0,0.0,100,430.42,441.0,0,0.0,0.0,,0.0,0,0.0,0.0,,0.0,bidTooLow
2023-09-25,21554.0,-877.0,0.0,100,432.23,441.0,0,0.0,0.0,,0.0,0,0.0,0.0,,0.0,bidTooLow
2023-09-26,21554.0,-1512.0,0.0,100,425.88,441.0,0,0.0,0.0,,0.0,0,0.0,0.0,,0.0,bidTooLow
2023-09-27,21554.0,-1495.0,0.0,100,426.05,441.0,0,0.0,0.0,,0.0,0,0.0,0.0,,0.0,bidTooLow
2023-09-28,21554.0,-1248.0,0.0,100,428.52,441.0,0,0.0,0.0,,0.0,0,0.0,0.0,,0.0,bidTooLow
2023-09-29,21554.0,-1352.0,0.0,100,427.48,441.0,0,0.0,0.0,,0.0,0,0.0,0.0,,0.0,bidTooLow
2023-10-02,21554.0,-1369.0,0.0,100,427.31,441.0,0,0.0,0.0,,0.0,0,0.0,0.0,,0.0,bidTooLow
2023-10-03,21554.0,-1941.0,0.0,100,421.59,441.0,0,0.0,0.0,,0.0,0,0.0,0.0,,0.0,bidTooLow
2023-10-04,21554.0,-1634.0,0.0,100,424.66,441.0,0,0.0,0.0,,0.0,0,0.0,0.0,,0.0,bidTooLow
2023-10-05,21554.0,-1650.0,0.0,100,424.5,441.0,0,0.0,0.0,,0.0,0,0.0,0.0,,0.0,bidTooLow
2023-10-06,21554.0,-1146.0,0.0,100,429.54,441.0,0,0.0,0.0,,0.0,0,0.0,0.0,,0.0,bidTooLow
2023-10-09,21554.0,-871.0,0.0,100,432.29,441.0,0,0.0,0.0,,0.0,0,0.0,0.0,,0.0,bidTooLow
2023-10-10,21554.0,-646.0,0.0,100,434.54,441.0,0,0.0,0.0,,0.0,0,0.0,0.0,,0.0,bidTooLow
2023-10-11,21554.0,-468.0,0.0,100,436.32,441.0,0,0.0,0.0,,0.0,0,0.0,0.0,,0.0,bidTooLow
2023-10-12,21554.0,-734.0,0.0,100,433.66,441.0,0,0.0,0.0,,0.0,0,0.0,0.0,,0.0,bidTooLow
2023-10-13,21554.0,-950.0,0.0,100,431.5,441.0,0,0.0,0.0,,0.0,0,0.0,0.0,,0.0,bidTooLow
2023-10-16,21554.0,-499.0,0.0,100,436.04,441.0,0,0.0,0.0,,0.0,1,0.06,0.09,SPY231019C00446000,446.0,normalDay
2023-10-17,21554.0,-496.0,0.0,100,436.02,441.0,0,0.0,0.0,,0.0,1,0.06,0.04,SPY231019C00446000,446.0,normalDay
2023-10-18,21554.0,-1074.0,0.0,100,430.21,441.0,0,0.0,0.0,,0.0,1,0.06,0.01,SPY231019C00446000,446.0,normalDay
2023-10-19,21560.0,-1457.0,6.0,100,426.43,441.0,0,0.0,0.0,,0.0,1,0.06,0.0,SPY231019C00446000,446.0,expirationDay
2023-10-20,21560.0,-1981.0,0.0,100,421.19,441.0,0,0.0,0.0,,0.0,0,0.0,0.0,,0.0,bidTooLow
2023-10-23,21560.0,-2054.0,0.0,100,420.46,441.0,0,0.0,0.0,,0.0,0,0.0,0.0,,0.0,bidTooLow
2023-10-24,21560.0,-1737.0,0.0,100,423.63,441.0,0,0.0,0.0,,0.0,0,0.0,0.0,,0.0,bidTooLow
2023-10-25,21560.0,-2345.0,0.0,100,417.55,441.0,0,0.0,0.0,,0.0,0,0.0,0.0,,0.0,bidTooLow
2023-10-26,21560.0,-2845.0,0.0,100,412.55,441.0,0,0.0,0.0,,0.0,0,0.0,0.0,,0.0,bidTooLow
2023-10-27,21560.0,-3032.0,0.0,100,410.68,441.0,0,0.0,0.0,,0.0,0,0.0,0.0,,0.0,bidTooLow
2023-10-30,21560.0,-2541.0,0.0,100,415.59,441.0,0,0.0,0.0,,0.0,0,0.0,0.0,,0.0,bidTooLow
2023-10-31,21560.0,-2280.0,0.0,100,418.2,441.0,0,0.0,0.0,,0.0,0,0.0,0.0,,0.0,bidTooLow
2023-11-01,21560.0,-1834.0,0.0,100,422.66,441.0,0,0.0,0.0,,0.0,0,0.0,0.0,,0.0,bidTooLow
2023-11-02,21560.0,-1024.0,0.0,100,430.76,441.0,0,0.0,0.0,,0.0,0,0.0,0.0,,0.0,bidTooLow
2023-11-03,21560.0,-631.0,0.0,100,434.69,441.0,0,0.0,0.0,,0.0,0,0.0,0.0,,0.0,bidTooLow
2023-11-06,21560.0,-531.0,0.0,100,435.69,441.0,0,0.0,0.0,,0.0,0,0.0,0.0,,0.0,bidTooLow
2023-11-07,21560.0,-407.0,0.0,100,436.93,441.0,0,0.0,0.0,,0.0,0,0.0,0.0,,0.0,bidTooLow
2023-11-08,21560.0,-375.0,0.0,100,437.25,441.0,0,0.0,0.0,,0.0,0,0.0,0.0,,0.0,bidTooLow
2023-11-09,21560.0,-716.0,0.0,100,433.84,441.0,0,0.0,0.0,,0.0,0,0.0,0.0,,0.0,bidTooLow
2023-11-10,21560.0,-39.0,0.0,100,440.61,441.0,0,0.0,0.0,,0.0,0,0.0,0.0,,0.0,bidTooLow
2023-11-13,21560.0,-81.0,0.0,100,440.19,441.0,0,0.0,0.0,,0.0,0,0.0,0.0,,0.0,bidTooLow
2023-11-14,21560.0,770.0,0.0,100,448.73,441.0,0,0.0,0.0,,0.0,1,0.19,0.22,SPY231117C00457000,457.0,normalDay
2023-11-15,21560.0,878.0,0.0,100,449.68,441.0,0,0.0,0.0,,0.0,1,0.19,0.09,SPY231117C00457000,457.0,normalDay
2023-11-16,21560.0,939.0,0.0,100,450.23,441.0,0,0.0,0.0,,0.0,1,0.19,0.03,SPY231117C00457000,457.0,normalDay
2023-11-17,21579.0,979.0,19.0,100,450.79,441.0,0,0.0,0.0,,0.0,1,0.19,0.0,SPY231117C00457000,457.0,expirationDay
2023-11-20,21579.0,1326.0,0.0,100,454.26,441.0,0,0.0,0.0,,0.0,0,0.0,0.0,,0.0,bidTooLow
2023-11-21,21579.0,1227.0,0.0,100,453.27,441.0,0,0.0,0.0,,0.0,0,0.0,0.0,,0.0,bidTooLow
2023-11-22,21579.0,1402.0,0.0,100,455.02,441.0,0,0.0,0.0,,0.0,0,0.0,0.0,,0.0,bidTooLow
2023-11-24,21579.0,1430.0,0.0,100,455.3,441.0,0,0.0,0.0,,0.0,0,0.0,0.0,,0.0,bidTooLow
2023-11-27,21579.0,1348.0,0.0,100,454.48,441.0,0,0.0,0.0,,0.0,0,0.0,0.0,,0.0,bidTooLow
2023-11-28,21579.0,1393.0,0.0,100,454.93,441.0,0,0.0,0.0,,0.0,0,0.0,0.0,,0.0,bidTooLow
2023-11-29,21579.0,1361.0,0.0,100,454.61,441.0,0,0.0,0.0,,0.0,0,0.0,0.0,,0.0,bidTooLow
2023-11-30,21579.0,1540.0,0.0,100,456.4,441.0,0,0.0,0.0,,0.0,0,0.0,0.0,,0.0,bidTooLow
