date,totalCapital,unrializedPnL,rializedPnL,stocksOwned,stocksPriceToday,stocksPriceBoughtAt,putOwned,putOwnedSoldAt,putPriceToday,putOwnedContract,putOwnedStrike,callOwned,callOwnedSoldAt,callPriceToday,callOwnedContract,callOwnedStrike,trackType
2018-11-01,0.0,-7.0,0.0,0,273.51,0.0,1,2.07,2.14,SPY181119P00266500,266.5,0,0.0,0.0,,0.0,normalDay
2018-11-02,0.0,-31.0,0.0,0,271.89,0.0,1,2.07,2.38,SPY181119P00266500,266.5,0,0.0,0.0,,0.0,normalDay
2018-11-05,0.0,34.0,0.0,0,273.39,0.0,1,2.07,1.73,SPY181119P00266500,266.5,0,0.0,0.0,,0.0,normalDay
2018-11-06,0.0,74.0,0.0,0,275.12,0.0,1,2.07,1.33,SPY181119P00266500,266.5,0,0.0,0.0,,0.0,normalDay
2018-11-07,0.0,176.0,0.0,0,281.01,0.0,1,2.07,0.31,SPY181119P00266500,266.5,0,0.0,0.0,,0.0,normalDay
2018-11-08,0.0,176.0,0.0,0,280.5,0.0,1,2.07,0.31,SPY181119P00266500,266.5,0,0.0,0.0,,0.0,normalDay
2018-11-09,0.0,167.0,0.0,0,277.76,0.0,1,2.07,0.4,SPY181119P00266500,266.5,0,0.0,0.0,,0.0,normalDay
2018-11-12,0.0,96.0,0.0,0,272.57,0.0,1,2.07,1.11,SPY181119P00266500,266.5,0,0.0,0.0,,0.0,normalDay
2018-11-13,0.0,110.0,0.0,0,272.06,0.0,1,2.07,0.97,SPY181119P00266500,266.5,0,0.0,0.0,,0.0,normalDay
2018-11-14,0.0,63.0,0.0,0,270.2,0.0,1,2.07,1.44,SPY181119P00266500,266.5,0,0.0,0.0,,0.0,normalDay
2018-11-15,0.0,169.0,0.0,0,273.02,0.0,1,2.07,0.38,SPY181119P00266500,266.5,0,0.0,0.0,,0.0,normalDay
2018-11-16,0.0,201.0,0.0,0,273.73,0.0,1,2.07,0.06,SPY181119P00266500,266.5,0,0.0,0.0,,0.0,normalDay
2018-11-19,207.0,0.0,207.0,0,269.1,0.0,1,2.07,0.0,SPY181119P00266500,266.5,0,0.0,0.0,,0.0,expirationDay
2018-11-20,207.0,-8.0,0.0,0,264.12,0.0,1,5.41,5.49,SPY181207P00265500,265.5,0,0.0,0.0,,0.0,normalDay
2018-11-21,207.0,101.0,0.0,0,265.02,0.0,1,5.41,4.4,SPY181207P00265500,265.5,0,0.0,0.0,,0.0,normalDay
2018-11-23,207.0,8.0,0.0,0,263.25,0.0,1,5.41,5.33,SPY181207P00265500,265.5,0,0.0,0.0,,0.0,normalDay
2018-11-26,207.0,295.0,0.0,0,267.5,0.0,1,5.41,2.46,SPY181207P00265500,265.5,0,0.0,0.0,,0.0,normalDay
2018-11-27,207.0,301.0,0.0,0,268.4,0.0,1,5.41,2.4,SPY181207P00265500,265.5,0,0.0,0.0,,0.0,normalDay
2018-11-28,207.0,444.0,0.0,0,274.58,0.0,1,5.41,0.97,SPY181207P00265500,265.5,0,0.0,0.0,,0.0,normalDay
2018-11-29,207.0,439.0,0.0,0,273.98,0.0,1,5.41,1.02,SPY181207P00265500,265.5,0,0.0,0.0,,0.0,normalDay
2018-11-30,207.0,475.0,0.0,0,275.65,0.0,1,5.41,0.66,SPY181207P00265500,265.5,0,0.0,0.0,,0.0,normalDay
2018-12-03,207.0,535.0,0.0,0,279.3,0.0,1,5.41,0.06,SPY181207P00265500,265.5,0,0.0,0.0,,0.0,normalDay
2018-12-04,207.0,440.0,0.0,0,270.25,0.0,1,5.41,1.01,SPY181207P00265500,265.5,0,0.0,0.0,,0.0,normalDay
2018-12-06,207.0,505.0,0.0,0,269.84,0.0,1,5.41,0.36,SPY181207P00265500,265.5,0,0.0,0.0,,0.0,normalDay
2018-12-07,748.0,-193.0,541.0,100,263.57,265.5,1,5.41,0.0,SPY181207P00265500,265.5,0,0.0,0.0,,0.0,expirationDay
2018-12-10,748.0,-177.0,0.0,100,264.07,265.5,0,0.0,0.0,,0.0,1,12.95,13.29,SPY190930C00274000,274.0,normalDay
2018-12-11,748.0,-166.0,0.0,100,264.13,265.5,0,0.0,0.0,,0.0,1,12.95,13.24,SPY190930C00274000,274.0,normalDay
2018-12-12,748.0,-90.0,0.0,100,265.46,265.5,0,0.0,0.0,,0.0,1,12.95,13.81,SPY190930C00274000,274.0,normalDay
2018-12-13,748.0,-80.0,0.0,100,265.37,265.5,0,0.0,0.0,,0.0,1,12.95,13.62,SPY190930C00274000,274.0,normalDay
2018-12-14,748.0,-369.0,0.0,100,260.47,265.5,0,0.0,0.0,,0.0,1,12.95,11.61,SPY190930C00274000,274.0,normalDay
2018-12-17,748.0,-696.0,0.0,100,255.36,265.5,0,0.0,0.0,,0.0,1,12.95,9.77,SPY190930C00274000,274.0,normalDay
2018-12-18,748.0,-675.0,0.0,100,255.08,265.5,0,0.0,0.0,,0.0,1,12.95,9.28,SPY190930C00274000,274.0,normalDay
2018-12-19,748.0,-919.0,0.0,100,251.26,265.5,0,0.0,0.0,,0.0,1,12.95,7.9,SPY190930C00274000,274.0,normalDay
2018-12-20,748.0,-1242.0,0.0,100,247.17,265.5,0,0.0,0.0,,0.0,1,12.95,7.04,SPY190930C00274000,274.0,normalDay
2018-12-21,748.0,-1678.0,0.0,100,240.7,265.5,0,0.0,0.0,,0.0,1,12.95,4.93,SPY190930C00274000,274.0,normalDay
2018-12-24,748.0,-2248.0,0.0,100,234.34,265.5,0,0.0,0.0,,0.0,1,12.95,4.27,SPY190930C00274000,274.0,normalDay
2018-12-26,748.0,-1275.0,0.0,100,246.18,265.5,0,0.0,0.0,,0.0,1,12.95,6.38,SPY190930C00274000,274.0,normalDay
2018-12-27,748.0,-1190.0,0.0,100,248.07,265.5,0,0.0,0.0,,0.0,1,12.95,7.42,SPY190930C00274000,274.0,normalDay
2018-12-28,748.0,-1157.0,0.0,100,247.75,265.5,0,0.0,0.0,,0.0,1,12.95,6.77,SPY190930C00274000,274.0,normalDay
2018-12-31,748.0,-950.0,0.0,100,249.92,265.5,0,0.0,0.0,,0.0,1,12.95,6.87,SPY190930C00274000,274.0,normalDay
2019-01-02,748.0,-903.0,0.0,100,250.18,265.5,0,0.0,0.0,,0.0,1,12.95,6.66,SPY190930C00274000,274.0,normalDay
2019-01-03,748.0,-1346.0,0.0,100,244.21,265.5,0,0.0,0.0,,0.0,1,12.95,5.12,SPY190930C00274000,274.0,normalDay
2019-01-04,748.0,-746.0,0.0,100,252.39,265.5,0,0.0,0.0,,0.0,1,12.95,7.3,SPY190930C00274000,274.0,normalDay
2019-01-07,748.0,-592.0,0.0,100,254.38,265.5,0,0.0,0.0,,0.0,1,12.95,7.75,SPY190930C00274000,274.0,normalDay
2019-01-08,748.0,-439.0,0.0,100,256.77,265.5,0,0.0,0.0,,0.0,1,12.95,8.61,SPY190930C00274000,274.0,normalDay
2019-01-09,748.0,-339.0,0.0,100,257.97,265.5,0,0.0,0.0,,0.0,1,12.95,8.81,SPY190930C00274000,274.0,normalDay
2019-01-10,748.0,-281.0,0.0,100,258.88,265.5,0,0.0,0.0,,0.0,1,12.95,9.14,SPY190930C00274000,274.0,normalDay
2019-01-11,748.0,-217.0,0.0,100,258.98,265.5,0,0.0,0.0,,0.0,1,12.95,8.6,SPY190930C00274000,274.0,normalDay
2019-01-14,748.0,-291.0,0.0,100,257.4,265.5,0,0.0,0.0,,0.0,1,12.95,7.76,SPY190930C00274000,274.0,normalDay
2019-01-15,748.0,-59.0,0.0,100,260.35,265.5,0,0.0,0.0,,0.0,1,12.95,8.39,SPY190930C00274000,274.0,normalDay
2019-01-16,748.0,-19.0,0.0,100,260.98,265.5,0,0.0,0.0,,0.0,1,12.95,8.62,SPY190930C00274000,274.0,normalDay
2019-01-17,748.0,78.0,0.0,100,262.96,265.5,0,0.0,0.0,,0.0,1,12.95,9.63,SPY190930C00274000,274.0,normalDay
2019-01-18,748.0,272.0,0.0,100,266.46,265.5,0,0.0,0.0,,0.0,1,12.95,11.19,SPY190930C00274000,274.0,normalDay
2019-01-22,748.0,36.0,0.0,100,262.86,265.5,0,0.0,0.0,,0.0,1,12.95,9.95,SPY190930C00274000,274.0,normalDay
2019-01-23,748.0,99.0,0.0,100,263.41,265.5,0,0.0,0.0,,0.0,1,12.95,9.87,SPY190930C00274000,274.0,normalDay
2019-01-24,748.0,158.0,0.0,100,263.55,265.5,0,0.0,0.0,,0.0,1,12.95,9.42,SPY190930C00274000,274.0,normalDay
2019-01-25,748.0,245.0,0.0,100,265.78,265.5,0,0.0,0.0,,0.0,1,12.95,10.78,SPY190930C00274000,274.0,normalDay
2019-01-28,748.0,145.0,0.0,100,263.76,265.5,0,0.0,0.0,,0.0,1,12.95,9.76,SPY190930C00274000,274.0,normalDay
2019-01-29,748.0,137.0,0.0,100,263.41,265.5,0,0.0,0.0,,0.0,1,12.95,9.49,SPY190930C00274000,274.0,normalDay
2019-01-30,748.0,374.0,0.0,100,267.58,265.5,0,0.0,0.0,,0.0,1,12.95,11.29,SPY190930C00274000,274.0,normalDay
2019-01-31,748.0,486.0,0.0,100,269.93,265.5,0,0.0,0.0,,0.0,1,12.95,12.52,SPY190930C00274000,274.0,normalDay
2019-02-01,748.0,521.0,0.0,100,270.06,265.5,0,0.0,0.0,,0.0,1,12.95,12.3,SPY190930C00274000,274.0,normalDay
2019-02-04,748.0,637.0,0.0,100,271.96,265.5,0,0.0,0.0,,0.0,1,12.95,13.04,SPY190930C00274000,274.0,normalDay
2019-02-05,748.0,712.0,0.0,100,273.1,265.5,0,0.0,0.0,,0.0,1,12.95,13.43,SPY190930C00274000,274.0,normalDay
2019-02-06,748.0,698.0,0.0,100,272.74,265.5,0,0.0,0.0,,0.0,1,12.95,13.21,SPY190930C00274000,274.0,normalDay
2019-02-07,748.0,569.0,0.0,100,270.14,265.5,0,0.0,0.0,,0.0,1,12.95,11.9,SPY190930C00274000,274.0,normalDay
2019-02-08,748.0,605.0,0.0,100,270.47,265.5,0,0.0,0.0,,0.0,1,12.95,11.87,SPY190930C00274000,274.0,normalDay
2019-02-11,748.0,623.0,0.0,100,270.62,265.5,0,0.0,0.0,,0.0,1,12.95,11.84,SPY190930C00274000,274.0,normalDay
2019-02-12,748.0,771.0,0.0,100,274.1,265.5,0,0.0,0.0,,0.0,1,12.95,13.84,SPY190930C00274000,274.0,normalDay
2019-02-13,748.0,816.0,0.0,100,274.99,265.5,0,0.0,0.0,,0.0,1,12.95,14.28,SPY190930C00274000,274.0,normalDay
2019-02-14,748.0,778.0,0.0,100,274.38,265.5,0,0.0,0.0,,0.0,1,12.95,14.05,SPY190930C00274000,274.0,normalDay
2019-02-15,748.0,909.0,0.0,100,277.37,265.5,0,0.0,0.0,,0.0,1,12.95,15.73,SPY190930C00274000,274.0,normalDay
2019-02-19,748.0,974.0,0.0,100,277.85,265.5,0,0.0,0.0,,0.0,1,12.95,15.56,SPY190930C00274000,274.0,normalDay
2019-02-20,748.0,1004.0,0.0,100,278.41,265.5,0,0.0,0.0,,0.0,1,12.95,15.82,SPY190930C00274000,274.0,normalDay
2019-02-21,748.0,966.0,0.0,100,277.42,265.5,0,0.0,0.0,,0.0,1,12.95,15.21,SPY190930C00274000,274.0,normalDay
2019-02-22,748.0,1053.0,0.0,100,279.14,265.5,0,0.0,0.0,,0.0,1,12.95,16.06,SPY190930C00274000,274.0,normalDay
2019-02-25,748.0,1051.0,0.0,100,279.52,265.5,0,0.0,0.0,,0.0,1,12.95,16.46,SPY190930C00274000,274.0,normalDay
2019-02-26,748.0,1048.0,0.0,100,279.32,265.5,0,0.0,0.0,,0.0,1,12.95,16.29,SPY190930C00274000,274.0,normalDay
2019-02-27,748.0,1040.0,0.0,100,279.2,265.5,0,0.0,0.0,,0.0,1,12.95,16.25,SPY190930C00274000,274.0,normalDay
2019-02-28,748.0,1037.0,0.0,100,278.68,265.5,0,0.0,0.0,,0.0,1,12.95,15.76,SPY190930C00274000,274.0,normalDay
2019-03-01,748.0,1119.0,0.0,100,280.42,265.5,0,0.0,0.0,,0.0,1,12.95,16.68,SPY190930C00274000,274.0,normalDay
2019-03-04,748.0,1085.0,0.0,100,279.4,265.5,0,0.0,0.0,,0.0,1,12.95,16.0,SPY190930C00274000,274.0,normalDay
2019-03-05,748.0,1072.0,0.0,100,279.02,265.5,0,0.0,0.0,,0.0,1,12.95,15.75,SPY190930C00274000,274.0,normalDay
2019-03-06,748.0,994.0,0.0,100,277.33,265.5,0,0.0,0.0,,0.0,1,12.95,14.84,SPY190930C00274000,274.0,normalDay
2019-03-07,748.0,875.0,0.0,100,275.01,265.5,0,0.0,0.0,,0.0,1,12.95,13.71,SPY190930C00274000,274.0,normalDay
2019-03-08,748.0,858.0,0.0,100,274.46,265.5,0,0.0,0.0,,0.0,1,12.95,13.33,SPY190930C00274000,274.0,normalDay
2019-03-11,748.0,1069.0,0.0,100,278.44,265.5,0,0.0,0.0,,0.0,1,12.95,15.2,SPY190930C00274000,274.0,normalDay
2019-03-12,748.0,1138.0,0.0,100,279.49,265.5,0,0.0,0.0,,0.0,1,12.95,15.56,SPY190930C00274000,274.0,normalDay
2019-03-13,748.0,1191.0,0.0,100,281.34,265.5,0,0.0,0.0,,0.0,1,12.95,16.88,SPY190930C00274000,274.0,normalDay
2019-03-14,748.0,1208.0,0.0,100,281.16,265.5,0,0.0,0.0,,0.0,1,12.95,16.53,SPY190930C00274000,274.0,normalDay
2019-03-15,748.0,1137.0,0.0,100,281.31,265.5,0,0.0,0.0,,0.0,1,12.95,17.39,SPY190930C00274000,274.0,normalDay
2019-03-18,748.0,1149.0,0.0,100,282.33,265.5,0,0.0,0.0,,0.0,1,12.95,18.29,SPY190930C00274000,274.0,normalDay
2019-03-19,748.0,1168.0,0.0,100,282.4,265.5,0,0.0,0.0,,0.0,1,12.95,18.17,SPY190930C00274000,274.0,normalDay
2019-03-20,748.0,1141.0,0.0,100,281.55,265.5,0,0.0,0.0,,0.0,1,12.95,17.59,SPY190930C00274000,274.0,normalDay
2019-03-21,748.0,1236.0,0.0,100,284.73,265.5,0,0.0,0.0,,0.0,1,12.95,19.82,SPY190930C00274000,274.0,normalDay
2019-03-22,748.0,957.0,0.0,100,279.25,265.5,0,0.0,0.0,,0.0,1,12.95,17.13,SPY190930C00274000,274.0,normalDay
2019-03-25,748.0,993.0,0.0,100,279.04,265.5,0,0.0,0.0,,0.0,1,12.95,16.56,SPY190930C00274000,274.0,normalDay
2019-03-26,748.0,1111.0,0.0,100,281.12,265.5,0,0.0,0.0,,0.0,1,12.95,17.46,SPY190930C00274000,274.0,normalDay
2019-03-27,748.0,1038.0,0.0,100,279.65,265.5,0,0.0,0.0,,0.0,1,12.95,16.72,SPY190930C00274000,274.0,normalDay
2019-03-28,748.0,1092.0,0.0,100,280.71,265.5,0,0.0,0.0,,0.0,1,12.95,17.24,SPY190930C00274000,274.0,normalDay
2019-03-29,748.0,1150.0,0.0,100,282.48,265.5,0,0.0,0.0,,0.0,1,12.95,18.43,SPY190930C00274000,274.0,normalDay
2019-04-01,748.0,1298.0,0.0,100,285.83,265.5,0,0.0,0.0,,0.0,1,12.95,20.3,SPY190930C00274000,274.0,normalDay
2019-04-02,748.0,1316.0,0.0,100,285.97,265.5,0,0.0,0.0,,0.0,1,12.95,20.26,SPY190930C00274000,274.0,normalDay
2019-04-03,748.0,1298.0,0.0,100,286.42,265.5,0,0.0,0.0,,0.0,1,12.95,20.89,SPY190930C00274000,274.0,normalDay
2019-04-04,748.0,1334.0,0.0,100,287.18,265.5,0,0.0,0.0,,0.0,1,12.95,21.29,SPY190930C00274000,274.0,normalDay
2019-04-05,748.0,1385.0,0.0,100,288.57,265.5,0,0.0,0.0,,0.0,1,12.95,22.17,SPY190930C00274000,274.0,normalDay
2019-04-08,748.0,1397.0,0.0,100,288.79,265.5,0,0.0,0.0,,0.0,1,12.95,22.27,SPY190930C00274000,274.0,normalDay
2019-04-09,748.0,1360.0,0.0,100,287.31,265.5,0,0.0,0.0,,0.0,1,12.95,21.16,SPY190930C00274000,274.0,normalDay
2019-04-10,748.0,1382.0,0.0,100,288.29,265.5,0,0.0,0.0,,0.0,1,12.95,21.92,SPY190930C00274000,274.0,normalDay
2019-04-11,748.0,1403.0,0.0,100,288.21,265.5,0,0.0,0.0,,0.0,1,12.95,21.63,SPY190930C00274000,274.0,normalDay
2019-04-12,748.0,1458.0,0.0,100,290.16,265.5,0,0.0,0.0,,0.0,1,12.95,23.03,SPY190930C00274000,274.0,normalDay
2019-04-15,748.0,1462.0,0.0,100,289.97,265.5,0,0.0,0.0,,0.0,1,12.95,22.8,SPY190930C00274000,274.0,normalDay
2019-04-16,748.0,1483.0,0.0,100,290.16,265.5,0,0.0,0.0,,0.0,1,12.95,22.78,SPY190930C00274000,274.0,normalDay
2019-04-17,748.0,1477.0,0.0,100,289.45,265.5,0,0.0,0.0,,0.0,1,12.95,22.13,SPY190930C00274000,274.0,normalDay
2019-04-18,748.0,1473.0,0.0,100,290.02,265.5,0,0.0,0.0,,0.0,1,12.95,22.74,SPY190930C00274000,274.0,normalDay
2019-04-22,748.0,1478.0,0.0,100,290.27,265.5,0,0.0,0.0,,0.0,1,12.95,22.94,SPY190930C00274000,274.0,normalDay
2019-04-23,748.0,1543.0,0.0,100,292.88,265.5,0,0.0,0.0,,0.0,1,12.95,24.9,SPY190930C00274000,274.0,normalDay
2019-04-24,748.0,1517.0,0.0,100,292.23,265.5,0,0.0,0.0,,0.0,1,12.95,24.51,SPY190930C00274000,274.0,normalDay
2019-04-25,748.0,1530.0,0.0,100,292.05,265.5,0,0.0,0.0,,0.0,1,12.95,24.2,SPY190930C00274000,274.0,normalDay
2019-04-26,748.0,1562.0,0.0,100,293.41,265.5,0,0.0,0.0,,0.0,1,12.95,25.24,SPY190930C00274000,274.0,normalDay
2019-04-29,748.0,1581.0,0.0,100,293.87,265.5,0,0.0,0.0,,0.0,1,12.95,25.51,SPY190930C00274000,274.0,normalDay
2019-04-30,748.0,1562.0,0.0,100,294.02,265.5,0,0.0,0.0,,0.0,1,12.95,25.85,SPY190930C00274000,274.0,normalDay
2019-05-01,748.0,1520.0,0.0,100,291.81,265.5,0,0.0,0.0,,0.0,1,12.95,24.06,SPY190930C00274000,274.0,normalDay
2019-05-02,748.0,1521.0,0.0,100,291.18,265.5,0,0.0,0.0,,0.0,1,12.95,23.42,SPY190930C00274000,274.0,normalDay
2019-05-03,748.0,1589.0,0.0,100,294.03,265.5,0,0.0,0.0,,0.0,1,12.95,25.59,SPY190930C00274000,274.0,normalDay
2019-05-06,748.0,1549.0,0.0,100,292.82,265.5,0,0.0,0.0,,0.0,1,12.95,24.78,SPY190930C00274000,274.0,normalDay
2019-05-07,748.0,1319.0,0.0,100,287.93,265.5,0,0.0,0.0,,0.0,1,12.95,22.19,SPY190930C00274000,274.0,normalDay
2019-05-08,748.0,1330.0,0.0,100,287.53,265.5,0,0.0,0.0,,0.0,1,12.95,21.68,SPY190930C00274000,274.0,normalDay
2019-05-09,748.0,1338.0,0.0,100,286.66,265.5,0,0.0,0.0,,0.0,1,12.95,20.73,SPY190930C00274000,274.0,normalDay
2019-05-10,748.0,1469.0,0.0,100,288.1,265.5,0,0.0,0.0,,0.0,1,12.95,20.86,SPY190930C00274000,274.0,normalDay
2019-05-13,748.0,1208.0,0.0,100,280.86,265.5,0,0.0,0.0,,0.0,1,12.95,16.23,SPY190930C00274000,274.0,normalDay
2019-05-14,748.0,1325.0,0.0,100,283.4,265.5,0,0.0,0.0,,0.0,1,12.95,17.6,SPY190930C00274000,274.0,normalDay
2019-05-15,748.0,1394.0,0.0,100,285.06,265.5,0,0.0,0.0,,0.0,1,12.95,18.57,SPY190930C00274000,274.0,normalDay
2019-05-16,748.0,1504.0,0.0,100,287.7,265.5,0,0.0,0.0,,0.0,1,12.95,20.11,SPY190930C00274000,274.0,normalDay
2019-05-17,748.0,1438.0,0.0,100,285.84,265.5,0,0.0,0.0,,0.0,1,12.95,18.91,SPY190930C00274000,274.0,normalDay
2019-05-20,748.0,1386.0,0.0,100,283.95,265.5,0,0.0,0.0,,0.0,1,12.95,17.54,SPY190930C00274000,274.0,normalDay
2019-05-21,748.0,1504.0,0.0,100,286.51,265.5,0,0.0,0.0,,0.0,1,12.95,18.92,SPY190930C00274000,274.0,normalDay
2019-05-22,748.0,1495.0,0.0,100,285.63,265.5,0,0.0,0.0,,0.0,1,12.95,18.13,SPY190930C00274000,274.0,normalDay
2019-05-23,748.0,1374.0,0.0,100,282.14,265.5,0,0.0,0.0,,0.0,1,12.95,15.85,SPY190930C00274000,274.0,normalDay
2019-05-24,748.0,1388.0,0.0,100,282.78,265.5,0,0.0,0.0,,0.0,1,12.95,16.35,SPY190930C00274000,274.0,normalDay
2019-05-28,748.0,1288.0,0.0,100,280.15,265.5,0,0.0,0.0,,0.0,1,12.95,14.72,SPY190930C00274000,274.0,normalDay
2019-05-29,748.0,1242.0,0.0,100,278.27,265.5,0,0.0,0.0,,0.0,1,12.95,13.3,SPY190930C00274000,274.0,normalDay
2019-05-30,748.0,1284.0,0.0,100,279.03,265.5,0,0.0,0.0,,0.0,1,12.95,13.64,SPY190930C00274000,274.0,normalDay
2019-05-31,748.0,1124.0,0.0,100,275.27,265.5,0,0.0,0.0,,0.0,1,12.95,11.48,SPY190930C00274000,274.0,normalDay
2019-06-03,748.0,1101.0,0.0,100,274.57,265.5,0,0.0,0.0,,0.0,1,12.95,11.01,SPY190930C00274000,274.0,normalDay
2019-06-04,748.0,1378.0,0.0,100,280.53,265.5,0,0.0,0.0,,0.0,1,12.95,14.2,SPY190930C00274000,274.0,normalDay
2019-06-05,748.0,1471.0,0.0,100,282.96,265.5,0,0.0,0.0,,0.0,1,12.95,15.7,SPY190930C00274000,274.0,normalDay
2019-06-06,748.0,1538.0,0.0,100,284.8,265.5,0,0.0,0.0,,0.0,1,12.95,16.87,SPY190930C00274000,274.0,normalDay
2019-06-07,748.0,1601.0,0.0,100,287.65,265.5,0,0.0,0.0,,0.0,1,12.95,19.09,SPY190930C00274000,274.0,normalDay
2019-06-10,748.0,1641.0,0.0,100,288.97,265.5,0,0.0,0.0,,0.0,1,12.95,20.01,SPY190930C00274000,274.0,normalDay
2019-06-11,748.0,1644.0,0.0,100,288.9,265.5,0,0.0,0.0,,0.0,1,12.95,19.91,SPY190930C00274000,274.0,normalDay
2019-06-12,748.0,1632.0,0.0,100,288.39,265.5,0,0.0,0.0,,0.0,1,12.95,19.52,SPY190930C00274000,274.0,normalDay
2019-06-13,748.0,1662.0,0.0,100,289.58,265.5,0,0.0,0.0,,0.0,1,12.95,20.41,SPY190930C00274000,274.0,normalDay
2019-06-14,748.0,1653.0,0.0,100,289.26,265.5,0,0.0,0.0,,0.0,1,12.95,20.18,SPY190930C00274000,274.0,normalDay
2019-06-17,748.0,1679.0,0.0,100,289.37,265.5,0,0.0,0.0,,0.0,1,12.95,20.03,SPY190930C00274000,274.0,normalDay
2019-06-18,748.0,1741.0,0.0,100,292.4,265.5,0,0.0,0.0,,0.0,1,12.95,22.44,SPY190930C00274000,274.0,normalDay
2019-06-19,748.0,1764.0,0.0,100,293.06,265.5,0,0.0,0.0,,0.0,1,12.95,22.87,SPY190930C00274000,274.0,normalDay
2019-06-20,748.0,1823.0,0.0,100,295.86,265.5,0,0.0,0.0,,0.0,1,12.95,25.08,SPY190930C00274000,274.0,normalDay
2019-06-21,748.0,1652.0,0.0,100,294.0,265.5,0,0.0,0.0,,0.0,1,12.95,24.93,SPY190930C00274000,274.0,normalDay
2019-06-24,748.0,1665.0,0.0,100,293.64,265.5,0,0.0,0.0,,0.0,1,12.95,24.44,SPY190930C00274000,274.0,normalDay
2019-06-25,748.0,1608.0,0.0,100,290.76,265.5,0,0.0,0.0,,0.0,1,12.95,22.13,SPY190930C00274000,274.0,normalDay
2019-06-26,748.0,1625.0,0.0,100,290.47,265.5,0,0.0,0.0,,0.0,1,12.95,21.67,SPY190930C00274000,274.0,normalDay
2019-06-27,748.0,1621.0,0.0,100,291.5,265.5,0,0.0,0.0,,0.0,1,12.95,22.74,SPY190930C00274000,274.0,normalDay
2019-06-28,748.0,1628.0,0.0,100,293.0,265.5,0,0.0,0.0,,0.0,1,12.95,24.17,SPY190930C00274000,274.0,normalDay
2019-07-01,748.0,1763.0,0.0,100,295.66,265.5,0,0.0,0.0,,0.0,1,12.95,25.48,SPY190930C00274000,274.0,normalDay
2019-07-02,748.0,1788.0,0.0,100,296.43,265.5,0,0.0,0.0,,0.0,1,12.95,26.0,SPY190930C00274000,274.0,normalDay
2019-07-03,748.0,1819.0,0.0,100,298.8,265.5,0,0.0,0.0,,0.0,1,12.95,28.06,SPY190930C00274000,274.0,normalDay
2019-07-05,748.0,1859.0,0.0,100,298.46,265.5,0,0.0,0.0,,0.0,1,12.95,27.32,SPY190930C00274000,274.0,normalDay
2019-07-08,748.0,1800.0,0.0,100,296.82,265.5,0,0.0,0.0,,0.0,1,12.95,26.27,SPY190930C00274000,274.0,normalDay
2019-07-09,748.0,1822.0,0.0,100,297.19,265.5,0,0.0,0.0,,0.0,1,12.95,26.42,SPY190930C00274000,274.0,normalDay
2019-07-10,748.0,1839.0,0.0,100,298.61,265.5,0,0.0,0.0,,0.0,1,12.95,27.67,SPY190930C00274000,274.0,normalDay
2019-07-11,748.0,1852.0,0.0,100,299.31,265.5,0,0.0,0.0,,0.0,1,12.95,28.24,SPY190930C00274000,274.0,normalDay
2019-07-12,748.0,1886.0,0.0,100,300.65,265.5,0,0.0,0.0,,0.0,1,12.95,29.24,SPY190930C00274000,274.0,normalDay
2019-07-15,748.0,1889.0,0.0,100,300.75,265.5,0,0.0,0.0,,0.0,1,12.95,29.31,SPY190930C00274000,274.0,normalDay
2019-07-16,748.0,1871.0,0.0,100,299.78,265.5,0,0.0,0.0,,0.0,1,12.95,28.52,SPY190930C00274000,274.0,normalDay
2019-07-17,748.0,1849.0,0.0,100,297.74,265.5,0,0.0,0.0,,0.0,1,12.95,26.7,SPY190930C00274000,274.0,normalDay
2019-07-18,748.0,1873.0,0.0,100,298.83,265.5,0,0.0,0.0,,0.0,1,12.95,27.55,SPY190930C00274000,274.0,normalDay
2019-07-19,748.0,1863.0,0.0,100,297.17,265.5,0,0.0,0.0,,0.0,1,12.95,25.99,SPY190930C00274000,274.0,normalDay
2019-07-22,748.0,1899.0,0.0,100,297.9,265.5,0,0.0,0.0,,0.0,1,12.95,26.36,SPY190930C00274000,274.0,normalDay
2019-07-23,748.0,1936.0,0.0,100,300.03,265.5,0,0.0,0.0,,0.0,1,12.95,28.12,SPY190930C00274000,274.0,normalDay
2019-07-24,748.0,1955.0,0.0,100,301.44,265.5,0,0.0,0.0,,0.0,1,12.95,29.34,SPY190930C00274000,274.0,normalDay
2019-07-25,748.0,1929.0,0.0,100,300.0,265.5,0,0.0,0.0,,0.0,1,12.95,28.16,SPY190930C00274000,274.0,normalDay
2019-07-26,748.0,1959.0,0.0,100,302.01,265.5,0,0.0,0.0,,0.0,1,12.95,29.87,SPY190930C00274000,274.0,normalDay
2019-07-29,748.0,1936.0,0.0,100,301.46,265.5,0,0.0,0.0,,0.0,1,12.95,29.55,SPY190930C00274000,274.0,normalDay
2019-07-30,748.0,1946.0,0.0,100,300.72,265.5,0,0.0,0.0,,0.0,1,12.95,28.71,SPY190930C00274000,274.0,normalDay
2019-07-31,748.0,1907.0,0.0,100,297.43,265.5,0,0.0,0.0,,0.0,1,12.95,25.81,SPY190930C00274000,274.0,normalDay
2019-08-01,748.0,1819.0,0.0,100,294.84,265.5,0,0.0,0.0,,0.0,1,12.95,24.1,SPY190930C00274000,274.0,normalDay
2019-08-02,748.0,1801.0,0.0,100,292.62,265.5,0,0.0,0.0,,0.0,1,12.95,22.06,SPY190930C00274000,274.0,normalDay
2019-08-05,748.0,1563.0,0.0,100,283.82,265.5,0,0.0,0.0,,0.0,1,12.95,15.64,SPY190930C00274000,274.0,normalDay
2019-08-06,748.0,1716.0,0.0,100,287.8,265.5,0,0.0,0.0,,0.0,1,12.95,18.09,SPY190930C00274000,274.0,normalDay
2019-08-07,748.0,1734.0,0.0,100,287.97,265.5,0,0.0,0.0,,0.0,1,12.95,18.08,SPY190930C00274000,274.0,normalDay
2019-08-08,748.0,1871.0,0.0,100,293.62,265.5,0,0.0,0.0,,0.0,1,12.95,22.36,SPY190930C00274000,274.0,normalDay
2019-08-09,748.0,1817.0,0.0,100,291.62,265.5,0,0.0,0.0,,0.0,1,12.95,20.9,SPY190930C00274000,274.0,normalDay
2019-08-12,748.0,1747.0,0.0,100,288.07,265.5,0,0.0,0.0,,0.0,1,12.95,18.05,SPY190930C00274000,274.0,normalDay
2019-08-13,748.0,1869.0,0.0,100,292.55,265.5,0,0.0,0.0,,0.0,1,12.95,21.31,SPY190930C00274000,274.0,normalDay
2019-08-14,748.0,1624.0,0.0,100,283.9,265.5,0,0.0,0.0,,0.0,1,12.95,15.11,SPY190930C00274000,274.0,normalDay
2019-08-15,748.0,1670.0,0.0,100,284.65,265.5,0,0.0,0.0,,0.0,1,12.95,15.4,SPY190930C00274000,274.0,normalDay
2019-08-16,748.0,1845.0,0.0,100,288.85,265.5,0,0.0,0.0,,0.0,1,12.95,17.85,SPY190930C00274000,274.0,normalDay
2019-08-19,748.0,1952.0,0.0,100,292.33,265.5,0,0.0,0.0,,0.0,1,12.95,20.26,SPY190930C00274000,274.0,normalDay
2019-08-20,748.0,1928.0,0.0,100,290.09,265.5,0,0.0,0.0,,0.0,1,12.95,18.26,SPY190930C00274000,274.0,normalDay
2019-08-21,748.0,1951.0,0.0,100,292.45,265.5,0,0.0,0.0,,0.0,1,12.95,20.39,SPY190930C00274000,274.0,normalDay
2019-08-22,748.0,1971.0,0.0,100,292.36,265.5,0,0.0,0.0,,0.0,1,12.95,20.1,SPY190930C00274000,274.0,normalDay
2019-08-23,748.0,1730.0,0.0,100,284.85,265.5,0,0.0,0.0,,0.0,1,12.95,15.0,SPY190930C00274000,274.0,normalDay
2019-08-26,748.0,1867.0,0.0,100,288.0,265.5,0,0.0,0.0,,0.0,1,12.95,16.78,SPY190930C00274000,274.0,normalDay
2019-08-27,748.0,1859.0,0.0,100,286.87,265.5,0,0.0,0.0,,0.0,1,12.95,15.73,SPY190930C00274000,274.0,normalDay
2019-08-28,748.0,1909.0,0.0,100,288.89,265.5,0,0.0,0.0,,0.0,1,12.95,17.25,SPY190930C00274000,274.0,normalDay
2019-08-29,748.0,1990.0,0.0,100,292.58,265.5,0,0.0,0.0,,0.0,1,12.95,20.13,SPY190930C00274000,274.0,normalDay
2019-08-30,748.0,1980.0,0.0,100,292.45,265.5,0,0.0,0.0,,0.0,1,12.95,20.1,SPY190930C00274000,274.0,normalDay
2019-09-03,748.0,1990.0,0.0,100,290.74,265.5,0,0.0,0.0,,0.0,1,12.95,18.29,SPY190930C00274000,274.0,normalDay
2019-09-04,748.0,2056.0,0.0,100,294.04,265.5,0,0.0,0.0,,0.0,1,12.95,20.93,SPY190930C00274000,274.0,normalDay
2019-09-05,748.0,2120.0,0.0,100,297.82,265.5,0,0.0,0.0,,0.0,1,12.95,24.07,SPY190930C00274000,274.0,normalDay
2019-09-06,748.0,2083.0,0.0,100,298.05,265.5,0,0.0,0.0,,0.0,1,12.95,24.67,SPY190930C00274000,274.0,normalDay
2019-09-09,748.0,2118.0,0.0,100,298.2,265.5,0,0.0,0.0,,0.0,1,12.95,24.47,SPY190930C00274000,274.0,normalDay
2019-09-10,748.0,2119.0,0.0,100,298.13,265.5,0,0.0,0.0,,0.0,1,12.95,24.39,SPY190930C00274000,274.0,normalDay
2019-09-11,748.0,2110.0,0.0,100,300.25,265.5,0,0.0,0.0,,0.0,1,12.95,26.6,SPY190930C00274000,274.0,normalDay
2019-09-12,748.0,2094.0,0.0,100,301.29,265.5,0,0.0,0.0,,0.0,1,12.95,27.8,SPY190930C00274000,274.0,normalDay
2019-09-13,748.0,2114.0,0.0,100,301.09,265.5,0,0.0,0.0,,0.0,1,12.95,27.4,SPY190930C00274000,274.0,normalDay
2019-09-16,748.0,2100.0,0.0,100,300.16,265.5,0,0.0,0.0,,0.0,1,12.95,26.61,SPY190930C00274000,274.0,normalDay
2019-09-17,748.0,2126.0,0.0,100,300.92,265.5,0,0.0,0.0,,0.0,1,12.95,27.11,SPY190930C00274000,274.0,normalDay
2019-09-18,748.0,2099.0,0.0,100,301.1,265.5,0,0.0,0.0,,0.0,1,12.95,27.56,SPY190930C00274000,274.0,normalDay
2019-09-19,748.0,2126.0,0.0,100,301.08,265.5,0,0.0,0.0,,0.0,1,12.95,27.27,SPY190930C00274000,274.0,normalDay
2019-09-20,748.0,2118.0,0.0,100,298.28,265.5,0,0.0,0.0,,0.0,1,12.95,24.55,SPY190930C00274000,274.0,normalDay
2019-09-23,748.0,2101.0,0.0,100,298.21,265.5,0,0.0,0.0,,0.0,1,12.95,24.65,SPY190930C00274000,274.0,normalDay
2019-09-24,748.0,2092.0,0.0,100,295.87,265.5,0,0.0,0.0,,0.0,1,12.95,22.4,SPY190930C00274000,274.0,normalDay
2019-09-25,748.0,2141.0,0.0,100,297.62,265.5,0,0.0,0.0,,0.0,1,12.95,23.66,SPY190930C00274000,274.0,normalDay
2019-09-26,748.0,2123.0,0.0,100,297.0,265.5,0,0.0,0.0,,0.0,1,12.95,23.22,SPY190930C00274000,274.0,normalDay
2019-09-27,748.0,2124.0,0.0,100,295.4,265.5,0,0.0,0.0,,0.0,1,12.95,21.61,SPY190930C00274000,274.0,normalDay
2019-09-30,2893.0,2124.0,2145.0,0,296.77,0.0,0,0.0,0.0,,0.0,1,12.95,0.0,SPY190930C00274000,274.0,expirationDay
2019-10-01,2893.0,-5.0,0.0,0,293.24,0.0,1,4.81,4.86,SPY191018P00295000,295.0,0,0.0,0.0,,0.0,normalDay
2019-10-02,2893.0,-383.0,0.0,0,288.06,0.0,1,4.81,8.64,SPY191018P00295000,295.0,0,0.0,0.0,,0.0,normalDay
2019-10-03,2893.0,-152.0,0.0,0,290.42,0.0,1,4.81,6.33,SPY191018P00295000,295.0,0,0.0,0.0,,0.0,normalDay
2019-10-04,2893.0,110.0,0.0,0,294.35,0.0,1,4.81,3.71,SPY191018P00295000,295.0,0,0.0,0.0,,0.0,normalDay
2019-10-07,2893.0,58.0,0.0,0,293.08,0.0,1,4.81,4.23,SPY191018P00295000,295.0,0,0.0,0.0,,0.0,normalDay
2019-10-08,2893.0,-248.0,0.0,0,288.53,0.0,1,4.81,7.29,SPY191018P00295000,295.0,0,0.0,0.0,,0.0,normalDay
2019-10-09,2893.0,-42.0,0.0,0,291.27,0.0,1,4.81,5.23,SPY191018P00295000,295.0,0,0.0,0.0,,0.0,normalDay
2019-10-10,2893.0,110.0,0.0,0,293.24,0.0,1,4.81,3.71,SPY191018P00295000,295.0,0,0.0,0.0,,0.0,normalDay
2019-10-11,2893.0,300.0,0.0,0,296.28,0.0,1,4.81,1.81,SPY191018P00295000,295.0,0,0.0,0.0,,0.0,normalDay
2019-10-14,2893.0,349.0,0.0,0,295.95,0.0,1,4.81,1.32,SPY191018P00295000,295.0,0,0.0,0.0,,0.0,normalDay
2019-10-15,2893.0,443.0,0.0,0,298.88,0.0,1,4.81,0.38,SPY191018P00295000,295.0,0,0.0,0.0,,0.0,normalDay
2019-10-16,2893.0,455.0,0.0,0,298.4,0.0,1,4.81,0.26,SPY191018P00295000,295.0,0,0.0,0.0,,0.0,normalDay
2019-10-17,2893.0,474.0,0.0,0,299.28,0.0,1,4.81,0.07,SPY191018P00295000,295.0,0,0.0,0.0,,0.0,normalDay
2019-10-18,3374.0,0.0,481.0,0,297.97,0.0,1,4.81,0.0,SPY191018P00295000,295.0,0,0.0,0.0,,0.0,expirationDay
2019-10-21,3374.0,-4.0,0.0,0,299.99,0.0,1,0.93,0.97,SPY191108P00291000,291.0,0,0.0,0.0,,0.0,normalDay
2019-10-22,3374.0,-19.0,0.0,0,299.01,0.0,1,0.93,1.12,SPY191108P00291000,291.0,0,0.0,0.0,,0.0,normalDay
2019-10-23,3374.0,12.0,0.0,0,299.88,0.0,1,0.93,0.81,SPY191108P00291000,291.0,0,0.0,0.0,,0.0,normalDay
2019-10-24,3374.0,27.0,0.0,0,300.37,0.0,1,0.93,0.66,SPY191108P00291000,291.0,0,0.0,0.0,,0.0,normalDay
2019-10-25,3374.0,54.0,0.0,0,301.6,0.0,1,0.93,0.39,SPY191108P00291000,291.0,0,0.0,0.0,,0.0,normalDay
2019-10-28,3374.0,68.0,0.0,0,303.3,0.0,1,0.93,0.25,SPY191108P00291000,291.0,0,0.0,0.0,,0.0,normalDay
2019-10-29,3374.0,71.0,0.0,0,303.21,0.0,1,0.93,0.22,SPY191108P00291000,291.0,0,0.0,0.0,,0.0,normalDay
2019-10-30,3374.0,80.0,0.0,0,304.14,0.0,1,0.93,0.13,SPY191108P00291000,291.0,0,0.0,0.0,,0.0,normalDay
2019-10-31,3374.0,78.0,0.0,0,303.33,0.0,1,0.93,0.15,SPY191108P00291000,291.0,0,0.0,0.0,,0.0,normalDay
2019-11-01,3374.0,89.0,0.0,0,306.14,0.0,1,0.93,0.04,SPY191108P00291000,291.0,0,0.0,0.0,,0.0,normalDay
2019-11-04,3374.0,91.0,0.0,0,307.37,0.0,1,0.93,0.02,SPY191108P00291000,291.0,0,0.0,0.0,,0.0,normalDay
2019-11-05,3374.0,91.0,0.0,0,307.03,0.0,1,0.93,0.02,SPY191108P00291000,291.0,0,0.0,0.0,,0.0,normalDay
2019-11-06,3374.0,92.0,0.0,0,307.1,0.0,1,0.93,0.01,SPY191108P00291000,291.0,0,0.0,0.0,,0.0,normalDay
2019-11-07,3374.0,92.0,0.0,0,308.18,0.0,1,0.93,0.01,SPY191108P00291000,291.0,0,0.0,0.0,,0.0,normalDay
2019-11-08,3467.0,0.0,93.0,0,308.94,0.0,1,0.93,0.0,SPY191108P00291000,291.0,0,0.0,0.0,,0.0,expirationDay
2019-11-11,3467.0,-3.0,0.0,0,308.35,0.0,1,0.6,0.63,SPY191129P00299000,299.0,0,0.0,0.0,,0.0,normalDay
2019-11-12,3467.0,1.0,0.0,0,309.0,0.0,1,0.6,0.59,SPY191129P00299000,299.0,0,0.0,0.0,,0.0,normalDay
2019-11-13,3467.0,5.0,0.0,0,309.1,0.0,1,0.6,0.55,SPY191129P00299000,299.0,0,0.0,0.0,,0.0,normalDay
2019-11-14,3467.0,11.0,0.0,0,309.55,0.0,1,0.6,0.49,SPY191129P00299000,299.0,0,0.0,0.0,,0.0,normalDay
2019-11-15,3467.0,34.0,0.0,0,311.79,0.0,1,0.6,0.26,SPY191129P00299000,299.0,0,0.0,0.0,,0.0,normalDay
2019-11-18,3467.0,41.0,0.0,0,312.02,0.0,1,0.6,0.19,SPY191129P00299000,299.0,0,0.0,0.0,,0.0,normalDay
2019-11-19,3467.0,42.0,0.0,0,311.93,0.0,1,0.6,0.18,SPY191129P00299000,299.0,0,0.0,0.0,,0.0,normalDay
2019-11-20,3467.0,40.0,0.0,0,310.77,0.0,1,0.6,0.2,SPY191129P00299000,299.0,0,0.0,0.0,,0.0,normalDay
2019-11-21,3467.0,44.0,0.0,0,310.27,0.0,1,0.6,0.16,SPY191129P00299000,299.0,0,0.0,0.0,,0.0,normalDay
2019-11-22,3467.0,54.0,0.0,0,310.96,0.0,1,0.6,0.06,SPY191129P00299000,299.0,0,0.0,0.0,,0.0,normalDay
2019-11-25,3467.0,57.0,0.0,0,313.37,0.0,1,0.6,0.03,SPY191129P00299000,299.0,0,0.0,0.0,,0.0,normalDay
2019-11-26,3467.0,57.0,0.0,0,314.08,0.0,1,0.6,0.03,SPY191129P00299000,299.0,0,0.0,0.0,,0.0,normalDay
2019-11-27,3467.0,59.0,0.0,0,315.48,0.0,1,0.6,0.01,SPY191129P00299000,299.0,0,0.0,0.0,,0.0,normalDay
2019-11-29,3527.0,0.0,60.0,0,314.31,0.0,1,0.6,0.0,SPY191129P00299000,299.0,0,0.0,0.0,,0.0,expirationDay
2019-12-02,3527.0,-4.0,0.0,0,311.64,0.0,1,2.68,2.72,SPY191220P00307500,307.5,0,0.0,0.0,,0.0,normalDay
2019-12-03,3527.0,-102.0,0.0,0,309.55,0.0,1,2.68,3.7,SPY191220P00307500,307.5,0,0.0,0.0,,0.0,normalDay
2019-12-04,3527.0,-12.0,0.0,0,311.46,0.0,1,2.68,2.8,SPY191220P00307500,307.5,0,0.0,0.0,,0.0,normalDay
2019-12-05,3527.0,38.0,0.0,0,312.02,0.0,1,2.68,2.3,SPY191220P00307500,307.5,0,0.0,0.0,,0.0,normalDay
2019-12-06,3527.0,133.0,0.0,0,314.87,0.0,1,2.68,1.35,SPY191220P00307500,307.5,0,0.0,0.0,,0.0,normalDay
2019-12-09,3527.0,97.0,0.0,0,313.88,0.0,1,2.68,1.71,SPY191220P00307500,307.5,0,0.0,0.0,,0.0,normalDay
2019-12-10,3527.0,118.0,0.0,0,313.53,0.0,1,2.68,1.5,SPY191220P00307500,307.5,0,0.0,0.0,,0.0,normalDay
2019-12-11,3527.0,155.0,0.0,0,314.42,0.0,1,2.68,1.13,SPY191220P00307500,307.5,0,0.0,0.0,,0.0,normalDay
2019-12-12,3527.0,202.0,0.0,0,317.13,0.0,1,2.68,0.66,SPY191220P00307500,307.5,0,0.0,0.0,,0.0,normalDay
2019-12-13,3527.0,229.0,0.0,0,317.32,0.0,1,2.68,0.39,SPY191220P00307500,307.5,0,0.0,0.0,,0.0,normalDay
2019-12-16,3527.0,253.0,0.0,0,319.5,0.0,1,2.68,0.15,SPY191220P00307500,307.5,0,0.0,0.0,,0.0,normalDay
2019-12-17,3527.0,260.0,0.0,0,319.57,0.0,1,2.68,0.08,SPY191220P00307500,307.5,0,0.0,0.0,,0.0,normalDay
2019-12-18,3527.0,263.0,0.0,0,319.59,0.0,1,2.68,0.05,SPY191220P00307500,307.5,0,0.0,0.0,,0.0,normalDay
2019-12-19,3527.0,264.0,0.0,0,320.9,0.0,1,2.68,0.04,SPY191220P00307500,307.5,0,0.0,0.0,,0.0,normalDay
2019-12-20,3795.0,0.0,268.0,0,320.73,0.0,1,2.68,0.0,SPY191220P00307500,307.5,0,0.0,0.0,,0.0,expirationDay
2019-12-23,3795.0,-4.0,0.0,0,321.22,0.0,1,0.71,0.75,SPY200110P00311000,311.0,0,0.0,0.0,,0.0,normalDay
2019-12-24,3795.0,2.0,0.0,0,321.23,0.0,1,0.71,0.69,SPY200110P00311000,311.0,0,0.0,0.0,,0.0,normalDay
2019-12-26,3795.0,23.0,0.0,0,322.94,0.0,1,0.71,0.48,SPY200110P00311000,311.0,0,0.0,0.0,,0.0,normalDay
2019-12-27,3795.0,20.0,0.0,0,322.86,0.0,1,0.71,0.51,SPY200110P00311000,311.0,0,0.0,0.0,,0.0,normalDay
2019-12-30,3795.0,9.0,0.0,0,321.08,0.0,1,0.71,0.62,SPY200110P00311000,311.0,0,0.0,0.0,,0.0,normalDay
2019-12-31,3795.0,27.0,0.0,0,321.86,0.0,1,0.71,0.44,SPY200110P00311000,311.0,0,0.0,0.0,,0.0,normalDay
2020-01-02,3795.0,59.0,0.0,0,324.87,0.0,1,0.71,0.12,SPY200110P00311000,311.0,0,0.0,0.0,,0.0,normalDay
2020-01-03,3795.0,50.0,0.0,0,322.41,0.0,1,0.71,0.21,SPY200110P00311000,311.0,0,0.0,0.0,,0.0,normalDay
2020-01-06,3795.0,66.0,0.0,0,323.64,0.0,1,0.71,0.05,SPY200110P00311000,311.0,0,0.0,0.0,,0.0,normalDay
2020-01-07,3795.0,66.0,0.0,0,322.73,0.0,1,0.71,0.05,SPY200110P00311000,311.0,0,0.0,0.0,,0.0,normalDay
2020-01-08,3795.0,65.0,0.0,0,324.45,0.0,1,0.71,0.06,SPY200110P00311000,311.0,0,0.0,0.0,,0.0,normalDay
2020-01-09,3795.0,70.0,0.0,0,326.65,0.0,1,0.71,0.01,SPY200110P00311000,311.0,0,0.0,0.0,,0.0,normalDay
2020-01-10,3866.0,0.0,71.0,0,325.71,0.0,1,0.71,0.0,SPY200110P00311000,311.0,0,0.0,0.0,,0.0,expirationDay
2020-01-13,3866.0,-3.0,0.0,0,327.95,0.0,1,0.81,0.84,SPY200131P00319000,319.0,0,0.0,0.0,,0.0,normalDay
2020-01-14,3866.0,0.0,0.0,0,327.45,0.0,1,0.81,0.81,SPY200131P00319000,319.0,0,0.0,0.0,,0.0,normalDay
2020-01-15,3866.0,16.0,0.0,0,328.19,0.0,1,0.81,0.65,SPY200131P00319000,319.0,0,0.0,0.0,,0.0,normalDay
2020-01-16,3866.0,38.0,0.0,0,330.92,0.0,1,0.81,0.43,SPY200131P00319000,319.0,0,0.0,0.0,,0.0,normalDay
2020-01-17,3866.0,51.0,0.0,0,331.95,0.0,1,0.81,0.3,SPY200131P00319000,319.0,0,0.0,0.0,,0.0,normalDay
2020-01-21,3866.0,52.0,0.0,0,331.3,0.0,1,0.81,0.29,SPY200131P00319000,319.0,0,0.0,0.0,,0.0,normalDay
2020-01-22,3866.0,59.0,0.0,0,331.34,0.0,1,0.81,0.22,SPY200131P00319000,319.0,0,0.0,0.0,,0.0,normalDay
2020-01-23,3866.0,64.0,0.0,0,331.72,0.0,1,0.81,0.17,SPY200131P00319000,319.0,0,0.0,0.0,,0.0,normalDay
2020-01-24,3866.0,37.0,0.0,0,328.77,0.0,1,0.81,0.44,SPY200131P00319000,319.0,0,0.0,0.0,,0.0,normalDay
2020-01-27,3866.0,-67.0,0.0,0,323.5,0.0,1,0.81,1.48,SPY200131P00319000,319.0,0,0.0,0.0,,0.0,normalDay
2020-01-28,3866.0,41.0,0.0,0,326.89,0.0,1,0.81,0.4,SPY200131P00319000,319.0,0,0.0,0.0,,0.0,normalDay
2020-01-29,3866.0,61.0,0.0,0,326.62,0.0,1,0.81,0.2,SPY200131P00319000,319.0,0,0.0,0.0,,0.0,normalDay
2020-01-30,3866.0,76.0,0.0,0,327.68,0.0,1,0.81,0.05,SPY200131P00319000,319.0,0,0.0,0.0,,0.0,normalDay
2020-01-31,3947.0,0.0,81.0,0,321.73,0.0,1,0.81,0.0,SPY200131P00319000,319.0,0,0.0,0.0,,0.0,expirationDay
2020-02-03,3947.0,-4.0,0.0,0,324.12,0.0,1,4.18,4.22,SPY200221P00323000,323.0,0,0.0,0.0,,0.0,normalDay
2020-02-04,3947.0,224.0,0.0,0,329.06,0.0,1,4.18,1.94,SPY200221P00323000,323.0,0,0.0,0.0,,0.0,normalDay
2020-02-05,3947.0,319.0,0.0,0,332.86,0.0,1,4.18,0.99,SPY200221P00323000,323.0,0,0.0,0.0,,0.0,normalDay
2020-02-06,3947.0,335.0,0.0,0,333.98,0.0,1,4.18,0.83,SPY200221P00323000,323.0,0,0.0,0.0,,0.0,normalDay
2020-02-07,3947.0,315.0,0.0,0,332.2,0.0,1,4.18,1.03,SPY200221P00323000,323.0,0,0.0,0.0,,0.0,normalDay
2020-02-10,3947.0,366.0,0.0,0,334.68,0.0,1,4.18,0.52,SPY200221P00323000,323.0,0,0.0,0.0,,0.0,normalDay
2020-02-11,3947.0,375.0,0.0,0,335.26,0.0,1,4.18,0.43,SPY200221P00323000,323.0,0,0.0,0.0,,0.0,normalDay
2020-02-12,3947.0,399.0,0.0,0,337.42,0.0,1,4.18,0.19,SPY200221P00323000,323.0,0,0.0,0.0,,0.0,normalDay
2020-02-13,3947.0,398.0,0.0,0,337.06,0.0,1,4.18,0.2,SPY200221P00323000,323.0,0,0.0,0.0,,0.0,normalDay
2020-02-14,3947.0,408.0,0.0,0,337.6,0.0,1,4.18,0.1,SPY200221P00323000,323.0,0,0.0,0.0,,0.0,normalDay
2020-02-18,3947.0,412.0,0.0,0,336.73,0.0,1,4.18,0.06,SPY200221P00323000,323.0,0,0.0,0.0,,0.0,normalDay
2020-02-19,3947.0,414.0,0.0,0,338.34,0.0,1,4.18,0.04,SPY200221P00323000,323.0,0,0.0,0.0,,0.0,normalDay
2020-02-20,3947.0,416.0,0.0,0,336.95,0.0,1,4.18,0.02,SPY200221P00323000,323.0,0,0.0,0.0,,0.0,normalDay
2020-02-21,4365.0,0.0,418.0,0,333.48,0.0,1,4.18,0.0,SPY200221P00323000,323.0,0,0.0,0.0,,0.0,expirationDay
2020-02-24,4365.0,-8.0,0.0,0,322.42,0.0,1,7.88,7.96,SPY200313P00325000,325.0,0,0.0,0.0,,0.0,normalDay
2020-02-25,4365.0,-580.0,0.0,0,312.65,0.0,1,7.88,13.68,SPY200313P00325000,325.0,0,0.0,0.0,,0.0,normalDay
2020-02-26,4365.0,-741.0,0.0,0,311.5,0.0,1,7.88,15.29,SPY200313P00325000,325.0,0,0.0,0.0,,0.0,normalDay
2020-02-27,4365.0,-2100.0,0.0,0,297.51,0.0,1,7.88,28.88,SPY200313P00325000,325.0,0,0.0,0.0,,0.0,normalDay
2020-02-28,4365.0,-2022.0,0.0,0,296.26,0.0,1,7.88,28.1,SPY200313P00325000,325.0,0,0.0,0.0,,0.0,normalDay
2020-03-02,4365.0,-868.0,0.0,0,309.09,0.0,1,7.88,16.56,SPY200313P00325000,325.0,0,0.0,0.0,,0.0,normalDay
2020-03-03,4365.0,-1595.0,0.0,0,300.24,0.0,1,7.88,23.83,SPY200313P00325000,325.0,0,0.0,0.0,,0.0,normalDay
2020-03-04,4365.0,-605.0,0.0,0,312.86,0.0,1,7.88,13.93,SPY200313P00325000,325.0,0,0.0,0.0,,0.0,normalDay
2020-03-05,4365.0,-1565.0,0.0,0,302.46,0.0,1,7.88,23.53,SPY200313P00325000,325.0,0,0.0,0.0,,0.0,normalDay
2020-03-06,4365.0,-2066.0,0.0,0,297.46,0.0,1,7.88,28.54,SPY200313P00325000,325.0,0,0.0,0.0,,0.0,normalDay
2020-03-09,4365.0,-4369.0,0.0,0,274.23,0.0,1,7.88,51.57,SPY200313P00325000,325.0,0,0.0,0.0,,0.0,normalDay
2020-03-10,4365.0,-2947.0,0.0,0,288.42,0.0,1,7.88,37.35,SPY200313P00325000,325.0,0,0.0,0.0,,0.0,normalDay
2020-03-11,4365.0,-4353.0,0.0,0,274.36,0.0,1,7.88,51.41,SPY200313P00325000,325.0,0,0.0,0.0,,0.0,normalDay
2020-03-12,4365.0,-6897.0,0.0,0,248.11,0.0,1,7.88,76.85,SPY200313P00325000,325.0,0,0.0,0.0,,0.0,normalDay
2020-03-13,5153.0,-5568.0,788.0,100,269.32,325.0,1,7.88,0.0,SPY200313P00325000,325.0,0,0.0,0.0,,0.0,expirationDay
2020-03-16,5153.0,-8897.0,0.0,100,239.85,325.0,0,0.0,0.0,,0.0,1,2.98,6.8,SPY210319C00320000,320.0,normalDay
2020-03-17,5153.0,-7605.0,0.0,100,252.8,325.0,0,0.0,0.0,,0.0,1,2.98,6.83,SPY210319C00320000,320.0,normalDay
2020-03-18,5153.0,-8718.0,0.0,100,240.0,325.0,0,0.0,0.0,,0.0,1,2.98,5.16,SPY210319C00320000,320.0,normalDay
2020-03-19,5153.0,-8576.0,0.0,100,240.51,325.0,0,0.0,0.0,,0.0,1,2.98,4.25,SPY210319C00320000,320.0,normalDay
2020-03-20,5153.0,-9576.0,0.0,100,228.8,325.0,0,0.0,0.0,,0.0,1,2.98,2.54,SPY210319C00320000,320.0,normalDay
2020-03-23,5153.0,-10115.0,0.0,100,222.95,325.0,0,0.0,0.0,,0.0,1,2.98,2.08,SPY210319C00320000,320.0,normalDay
2020-03-24,5153.0,-8231.0,0.0,100,243.15,325.0,0,0.0,0.0,,0.0,1,2.98,3.44,SPY210319C00320000,320.0,normalDay
2020-03-25,5153.0,-8045.0,0.0,100,246.79,325.0,0,0.0,0.0,,0.0,1,2.98,5.22,SPY210319C00320000,320.0,normalDay
2020-03-26,5153.0,-6729.0,0.0,100,261.2,325.0,0,0.0,0.0,,0.0,1,2.98,6.47,SPY210319C00320000,320.0,normalDay
2020-03-27,5153.0,-7379.0,0.0,100,253.42,325.0,0,0.0,0.0,,0.0,1,2.98,5.19,SPY210319C00320000,320.0,normalDay
2020-03-30,5153.0,-6676.0,0.0,100,261.65,325.0,0,0.0,0.0,,0.0,1,2.98,6.39,SPY210319C00320000,320.0,normalDay
2020-03-31,5153.0,-6951.0,0.0,100,257.75,325.0,0,0.0,0.0,,0.0,1,2.98,5.24,SPY210319C00320000,320.0,normalDay
2020-04-01,5153.0,-7965.0,0.0,100,246.15,325.0,0,0.0,0.0,,0.0,1,2.98,3.78,SPY210319C00320000,320.0,normalDay
2020-04-02,5153.0,-7485.0,0.0,100,251.83,325.0,0,0.0,0.0,,0.0,1,2.98,4.66,SPY210319C00320000,320.0,normalDay
2020-04-03,5153.0,-7791.0,0.0,100,248.19,325.0,0,0.0,0.0,,0.0,1,2.98,4.08,SPY210319C00320000,320.0,normalDay
2020-04-06,5153.0,-6388.0,0.0,100,264.86,325.0,0,0.0,0.0,,0.0,1,2.98,6.72,SPY210319C00320000,320.0,normalDay
2020-04-07,5153.0,-6322.0,0.0,100,265.13,325.0,0,0.0,0.0,,0.0,1,2.98,6.33,SPY210319C00320000,320.0,normalDay
2020-04-08,5153.0,-5716.0,0.0,100,274.03,325.0,0,0.0,0.0,,0.0,1,2.98,9.17,SPY210319C00320000,320.0,normalDay
2020-04-09,5153.0,-5383.0,0.0,100,278.2,325.0,0,0.0,0.0,,0.0,1,2.98,10.01,SPY210319C00320000,320.0,normalDay
2020-04-13,5153.0,-5560.0,0.0,100,275.66,325.0,0,0.0,0.0,,0.0,1,2.98,9.24,SPY210319C00320000,320.0,normalDay
2020-04-14,5153.0,-4957.0,0.0,100,283.79,325.0,0,0.0,0.0,,0.0,1,2.98,11.34,SPY210319C00320000,320.0,normalDay
2020-04-15,5153.0,-5428.0,0.0,100,277.76,325.0,0,0.0,0.0,,0.0,1,2.98,10.02,SPY210319C00320000,320.0,normalDay
2020-04-16,5153.0,-5369.0,0.0,100,279.1,325.0,0,0.0,0.0,,0.0,1,2.98,10.77,SPY210319C00320000,320.0,normalDay
2020-04-17,5153.0,-4853.0,0.0,100,286.64,325.0,0,0.0,0.0,,0.0,1,2.98,13.15,SPY210319C00320000,320.0,normalDay
2020-04-20,5153.0,-5265.0,0.0,100,281.59,325.0,0,0.0,0.0,,0.0,1,2.98,12.22,SPY210319C00320000,320.0,normalDay
2020-04-21,5153.0,-5890.0,0.0,100,273.04,325.0,0,0.0,0.0,,0.0,1,2.98,9.92,SPY210319C00320000,320.0,normalDay
2020-04-22,5153.0,-5449.0,0.0,100,279.1,325.0,0,0.0,0.0,,0.0,1,2.98,11.57,SPY210319C00320000,320.0,normalDay
2020-04-23,5153.0,-5438.0,0.0,100,279.08,325.0,0,0.0,0.0,,0.0,1,2.98,11.44,SPY210319C00320000,320.0,normalDay
2020-04-24,5153.0,-5114.0,0.0,100,282.97,325.0,0,0.0,0.0,,0.0,1,2.98,12.09,SPY210319C00320000,320.0,normalDay
2020-04-27,5153.0,-4747.0,0.0,100,287.05,325.0,0,0.0,0.0,,0.0,1,2.98,12.5,SPY210319C00320000,320.0,normalDay
2020-04-28,5153.0,-4817.0,0.0,100,285.73,325.0,0,0.0,0.0,,0.0,1,2.98,11.88,SPY210319C00320000,320.0,normalDay
2020-04-29,5153.0,-4276.0,0.0,100,293.21,325.0,0,0.0,0.0,,0.0,1,2.98,13.95,SPY210319C00320000,320.0,normalDay
2020-04-30,5153.0,-4450.0,0.0,100,290.48,325.0,0,0.0,0.0,,0.0,1,2.98,12.96,SPY210319C00320000,320.0,normalDay
2020-05-01,5153.0,-5036.0,0.0,100,282.79,325.0,0,0.0,0.0,,0.0,1,2.98,11.13,SPY210319C00320000,320.0,normalDay
2020-05-04,5153.0,-4923.0,0.0,100,283.57,325.0,0,0.0,0.0,,0.0,1,2.98,10.78,SPY210319C00320000,320.0,normalDay
2020-05-05,5153.0,-4760.0,0.0,100,286.19,325.0,0,0.0,0.0,,0.0,1,2.98,11.77,SPY210319C00320000,320.0,normalDay
2020-05-06,5153.0,-4871.0,0.0,100,284.25,325.0,0,0.0,0.0,,0.0,1,2.98,10.94,SPY210319C00320000,320.0,normalDay
2020-05-07,5153.0,-4618.0,0.0,100,287.68,325.0,0,0.0,0.0,,0.0,1,2.98,11.84,SPY210319C00320000,320.0,normalDay
2020-05-08,5153.0,-4251.0,0.0,100,292.44,325.0,0,0.0,0.0,,0.0,1,2.98,12.93,SPY210319C00320000,320.0,normalDay
2020-05-11,5153.0,-4136.0,0.0,100,292.5,325.0,0,0.0,0.0,,0.0,1,2.98,11.84,SPY210319C00320000,320.0,normalDay
2020-05-12,5153.0,-4550.0,0.0,100,286.67,325.0,0,0.0,0.0,,0.0,1,2.98,10.15,SPY210319C00320000,320.0,normalDay
2020-05-13,5153.0,-4977.0,0.0,100,281.6,325.0,0,0.0,0.0,,0.0,1,2.98,9.35,SPY210319C00320000,320.0,normalDay
2020-05-14,5153.0,-4707.0,0.0,100,284.97,325.0,0,0.0,0.0,,0.0,1,2.98,10.02,SPY210319C00320000,320.0,normalDay
2020-05-15,5153.0,-4565.0,0.0,100,286.28,325.0,0,0.0,0.0,,0.0,1,2.98,9.91,SPY210319C00320000,320.0,normalDay
2020-05-18,5153.0,-3965.0,0.0,100,295.0,325.0,0,0.0,0.0,,0.0,1,2.98,12.63,SPY210319C00320000,320.0,normalDay
2020-05-19,5153.0,-4173.0,0.0,100,291.97,325.0,0,0.0,0.0,,0.0,1,2.98,11.68,SPY210319C00320000,320.0,normalDay
2020-05-20,5153.0,-3846.0,0.0,100,296.93,325.0,0,0.0,0.0,,0.0,1,2.98,13.37,SPY210319C00320000,320.0,normalDay
2020-05-21,5153.0,-4010.0,0.0,100,294.88,325.0,0,0.0,0.0,,0.0,1,2.98,12.96,SPY210319C00320000,320.0,normalDay
2020-05-22,5153.0,-3975.0,0.0,100,295.44,325.0,0,0.0,0.0,,0.0,1,2.98,13.17,SPY210319C00320000,320.0,normalDay
2020-05-26,5153.0,-3714.0,0.0,100,299.08,325.0,0,0.0,0.0,,0.0,1,2.98,14.2,SPY210319C00320000,320.0,normalDay
2020-05-27,5153.0,-3427.0,0.0,100,303.53,325.0,0,0.0,0.0,,0.0,1,2.98,15.78,SPY210319C00320000,320.0,normalDay
2020-05-28,5153.0,-3519.0,0.0,100,302.97,325.0,0,0.0,0.0,,0.0,1,2.98,16.14,SPY210319C00320000,320.0,normalDay
2020-05-29,5153.0,-3433.0,0.0,100,304.32,325.0,0,0.0,0.0,,0.0,1,2.98,16.63,SPY210319C00320000,320.0,normalDay
2020-06-01,5153.0,-3314.0,0.0,100,305.55,325.0,0,0.0,0.0,,0.0,1,2.98,16.67,SPY210319C00320000,320.0,normalDay
2020-06-02,5153.0,-3155.0,0.0,100,308.08,325.0,0,0.0,0.0,,0.0,1,2.98,17.61,SPY210319C00320000,320.0,normalDay
2020-06-03,5153.0,-2962.0,0.0,100,312.18,325.0,0,0.0,0.0,,0.0,1,2.98,19.78,SPY210319C00320000,320.0,normalDay
2020-06-04,5153.0,-3001.0,0.0,100,311.36,325.0,0,0.0,0.0,,0.0,1,2.98,19.35,SPY210319C00320000,320.0,normalDay
2020-06-05,5153.0,-2580.0,0.0,100,319.34,325.0,0,0.0,0.0,,0.0,1,2.98,23.12,SPY210319C00320000,320.0,normalDay
2020-06-08,5153.0,-2408.0,0.0,100,323.2,325.0,0,0.0,0.0,,0.0,1,2.98,25.26,SPY210319C00320000,320.0,normalDay
2020-06-09,5153.0,-2651.0,0.0,100,320.79,325.0,0,0.0,0.0,,0.0,1,2.98,25.28,SPY210319C00320000,320.0,normalDay
2020-06-10,5153.0,-2673.0,0.0,100,319.0,325.0,0,0.0,0.0,,0.0,1,2.98,23.71,SPY210319C00320000,320.0,normalDay
2020-06-11,5153.0,-3953.0,0.0,100,300.61,325.0,0,0.0,0.0,,0.0,1,2.98,18.12,SPY210319C00320000,320.0,normalDay
2020-06-12,5153.0,-3585.0,0.0,100,304.21,325.0,0,0.0,0.0,,0.0,1,2.98,18.04,SPY210319C00320000,320.0,normalDay
2020-06-15,5153.0,-3445.0,0.0,100,307.05,325.0,0,0.0,0.0,,0.0,1,2.98,19.48,SPY210319C00320000,320.0,normalDay
2020-06-16,5153.0,-3169.0,0.0,100,312.96,325.0,0,0.0,0.0,,0.0,1,2.98,22.63,SPY210319C00320000,320.0,normalDay
2020-06-17,5153.0,-3272.0,0.0,100,311.66,325.0,0,0.0,0.0,,0.0,1,2.98,22.36,SPY210319C00320000,320.0,normalDay
2020-06-18,5153.0,-3249.0,0.0,100,311.78,325.0,0,0.0,0.0,,0.0,1,2.98,22.25,SPY210319C00320000,320.0,normalDay
2020-06-19,5153.0,-3442.0,0.0,100,308.64,325.0,0,0.0,0.0,,0.0,1,2.98,21.04,SPY210319C00320000,320.0,normalDay
2020-06-22,5153.0,-3302.0,0.0,100,310.62,325.0,0,0.0,0.0,,0.0,1,2.98,21.62,SPY210319C00320000,320.0,normalDay
2020-06-23,5153.0,-3173.0,0.0,100,312.05,325.0,0,0.0,0.0,,0.0,1,2.98,21.76,SPY210319C00320000,320.0,normalDay
2020-06-24,5153.0,-3695.0,0.0,100,304.09,325.0,0,0.0,0.0,,0.0,1,2.98,19.02,SPY210319C00320000,320.0,normalDay
2020-06-25,5153.0,-3431.0,0.0,100,307.35,325.0,0,0.0,0.0,,0.0,1,2.98,19.64,SPY210319C00320000,320.0,normalDay
2020-06-26,5153.0,-3883.0,0.0,100,300.05,325.0,0,0.0,0.0,,0.0,1,2.98,16.86,SPY210319C00320000,320.0,normalDay
2020-06-29,5153.0,-3511.0,0.0,100,304.46,325.0,0,0.0,0.0,,0.0,1,2.98,17.55,SPY210319C00320000,320.0,normalDay
2020-06-30,5153.0,-3269.0,0.0,100,308.36,325.0,0,0.0,0.0,,0.0,1,2.98,19.03,SPY210319C00320000,320.0,normalDay
2020-07-01,5153.0,-3096.0,0.0,100,310.52,325.0,0,0.0,0.0,,0.0,1,2.98,19.46,SPY210319C00320000,320.0,normalDay
2020-07-02,5153.0,-3029.0,0.0,100,312.23,325.0,0,0.0,0.0,,0.0,1,2.98,20.5,SPY210319C00320000,320.0,normalDay
2020-07-06,5153.0,-2776.0,0.0,100,317.05,325.0,0,0.0,0.0,,0.0,1,2.98,22.79,SPY210319C00320000,320.0,normalDay
2020-07-07,5153.0,-2953.0,0.0,100,313.78,325.0,0,0.0,0.0,,0.0,1,2.98,21.29,SPY210319C00320000,320.0,normalDay
2020-07-08,5153.0,-2825.0,0.0,100,316.18,325.0,0,0.0,0.0,,0.0,1,2.98,22.41,SPY210319C00320000,320.0,normalDay
2020-07-09,5153.0,-2940.0,0.0,100,314.38,325.0,0,0.0,0.0,,0.0,1,2.98,21.76,SPY210319C00320000,320.0,normalDay
2020-07-10,5153.0,-2772.0,0.0,100,317.59,325.0,0,0.0,0.0,,0.0,1,2.98,23.29,SPY210319C00320000,320.0,normalDay
2020-07-13,5153.0,-3022.0,0.0,100,314.84,325.0,0,0.0,0.0,,0.0,1,2.98,23.04,SPY210319C00320000,320.0,normalDay
2020-07-14,5153.0,-2737.0,0.0,100,318.92,325.0,0,0.0,0.0,,0.0,1,2.98,24.27,SPY210319C00320000,320.0,normalDay
2020-07-15,5153.0,-2612.0,0.0,100,321.85,325.0,0,0.0,0.0,,0.0,1,2.98,25.95,SPY210319C00320000,320.0,normalDay
2020-07-16,5153.0,-2575.0,0.0,100,320.79,325.0,0,0.0,0.0,,0.0,1,2.98,24.52,SPY210319C00320000,320.0,normalDay
2020-07-17,5153.0,-2559.0,0.0,100,321.72,325.0,0,0.0,0.0,,0.0,1,2.98,25.29,SPY210319C00320000,320.0,normalDay
2020-07-20,5153.0,-2368.0,0.0,100,324.32,325.0,0,0.0,0.0,,0.0,1,2.98,25.98,SPY210319C00320000,320.0,normalDay
2020-07-21,5153.0,-2359.0,0.0,100,325.01,325.0,0,0.0,0.0,,0.0,1,2.98,26.58,SPY210319C00320000,320.0,normalDay
2020-07-22,5153.0,-2259.0,0.0,100,326.86,325.0,0,0.0,0.0,,0.0,1,2.98,27.43,SPY210319C00320000,320.0,normalDay
2020-07-23,5153.0,-2401.0,0.0,100,322.96,325.0,0,0.0,0.0,,0.0,1,2.98,24.95,SPY210319C00320000,320.0,normalDay
2020-07-24,5153.0,-2531.0,0.0,100,320.88,325.0,0,0.0,0.0,,0.0,1,2.98,24.17,SPY210319C00320000,320.0,normalDay
2020-07-27,5153.0,-2390.0,0.0,100,323.22,325.0,0,0.0,0.0,,0.0,1,2.98,25.1,SPY210319C00320000,320.0,normalDay
2020-07-28,5153.0,-2514.0,0.0,100,321.17,325.0,0,0.0,0.0,,0.0,1,2.98,24.29,SPY210319C00320000,320.0,normalDay
2020-07-29,5153.0,-2331.0,0.0,100,325.12,325.0,0,0.0,0.0,,0.0,1,2.98,26.41,SPY210319C00320000,320.0,normalDay
2020-07-30,5153.0,-2442.0,0.0,100,323.96,325.0,0,0.0,0.0,,0.0,1,2.98,26.36,SPY210319C00320000,320.0,normalDay
2020-07-31,5153.0,-2315.0,0.0,100,326.52,325.0,0,0.0,0.0,,0.0,1,2.98,27.65,SPY210319C00320000,320.0,normalDay
2020-08-03,5153.0,-2194.0,0.0,100,328.79,325.0,0,0.0,0.0,,0.0,1,2.98,28.71,SPY210319C00320000,320.0,normalDay
2020-08-04,5153.0,-2109.0,0.0,100,330.06,325.0,0,0.0,0.0,,0.0,1,2.98,29.13,SPY210319C00320000,320.0,normalDay
2020-08-05,5153.0,-2031.0,0.0,100,332.11,325.0,0,0.0,0.0,,0.0,1,2.98,30.4,SPY210319C00320000,320.0,normalDay
2020-08-06,5153.0,-1949.0,0.0,100,334.33,325.0,0,0.0,0.0,,0.0,1,2.98,31.8,SPY210319C00320000,320.0,normalDay
2020-08-07,5153.0,-1954.0,0.0,100,334.57,325.0,0,0.0,0.0,,0.0,1,2.98,32.09,SPY210319C00320000,320.0,normalDay
2020-08-10,5153.0,-1885.0,0.0,100,335.57,325.0,0,0.0,0.0,,0.0,1,2.98,32.4,SPY210319C00320000,320.0,normalDay
2020-08-11,5153.0,-2041.0,0.0,100,332.8,325.0,0,0.0,0.0,,0.0,1,2.98,31.19,SPY210319C00320000,320.0,normalDay
2020-08-12,5153.0,-1833.0,0.0,100,337.44,325.0,0,0.0,0.0,,0.0,1,2.98,33.75,SPY210319C00320000,320.0,normalDay
2020-08-13,5153.0,-1857.0,0.0,100,336.83,325.0,0,0.0,0.0,,0.0,1,2.98,33.38,SPY210319C00320000,320.0,normalDay
2020-08-14,5153.0,-1877.0,0.0,100,336.84,325.0,0,0.0,0.0,,0.0,1,2.98,33.59,SPY210319C00320000,320.0,normalDay
2020-08-17,5153.0,-1795.0,0.0,100,337.91,325.0,0,0.0,0.0,,0.0,1,2.98,33.84,SPY210319C00320000,320.0,normalDay
2020-08-18,5153.0,-1752.0,0.0,100,338.64,325.0,0,0.0,0.0,,0.0,1,2.98,34.14,SPY210319C00320000,320.0,normalDay
2020-08-19,5153.0,-1836.0,0.0,100,337.23,325.0,0,0.0,0.0,,0.0,1,2.98,33.57,SPY210319C00320000,320.0,normalDay
2020-08-20,5153.0,-1777.0,0.0,100,338.28,325.0,0,0.0,0.0,,0.0,1,2.98,34.03,SPY210319C00320000,320.0,normalDay
2020-08-21,5153.0,-1766.0,0.0,100,339.48,325.0,0,0.0,0.0,,0.0,1,2.98,35.12,SPY210319C00320000,320.0,normalDay
2020-08-24,5153.0,-1652.0,0.0,100,342.92,325.0,0,0.0,0.0,,0.0,1,2.98,37.42,SPY210319C00320000,320.0,normalDay
2020-08-25,5153.0,-1631.0,0.0,100,344.12,325.0,0,0.0,0.0,,0.0,1,2.98,38.41,SPY210319C00320000,320.0,normalDay
2020-08-26,5153.0,-1618.0,0.0,100,347.57,325.0,0,0.0,0.0,,0.0,1,2.98,41.73,SPY210319C00320000,320.0,normalDay
2020-08-27,5153.0,-1618.0,0.0,100,348.33,325.0,0,0.0,0.0,,0.0,1,2.98,42.49,SPY210319C00320000,320.0,normalDay
2020-08-28,5153.0,-1536.0,0.0,100,350.58,325.0,0,0.0,0.0,,0.0,1,2.98,43.92,SPY210319C00320000,320.0,normalDay
2020-08-31,5153.0,-1706.0,0.0,100,349.31,325.0,0,0.0,0.0,,0.0,1,2.98,44.35,SPY210319C00320000,320.0,normalDay
2020-09-01,5153.0,-1594.0,0.0,100,352.6,325.0,0,0.0,0.0,,0.0,1,2.98,46.52,SPY210319C00320000,320.0,normalDay
2020-09-02,5153.0,-1595.0,0.0,100,357.7,325.0,0,0.0,0.0,,0.0,1,2.98,51.63,SPY210319C00320000,320.0,normalDay
2020-09-03,5153.0,-2074.0,0.0,100,345.39,325.0,0,0.0,0.0,,0.0,1,2.98,44.11,SPY210319C00320000,320.0,normalDay
2020-09-04,5153.0,-1945.0,0.0,100,342.57,325.0,0,0.0,0.0,,0.0,1,2.98,40.0,SPY210319C00320000,320.0,normalDay
2020-09-08,5153.0,-2168.0,0.0,100,333.21,325.0,0,0.0,0.0,,0.0,1,2.98,32.87,SPY210319C00320000,320.0,normalDay
2020-09-09,5153.0,-1851.0,0.0,100,339.79,325.0,0,0.0,0.0,,0.0,1,2.98,36.28,SPY210319C00320000,320.0,normalDay
2020-09-10,5153.0,-2069.0,0.0,100,333.89,325.0,0,0.0,0.0,,0.0,1,2.98,32.56,SPY210319C00320000,320.0,normalDay
2020-09-11,5153.0,-1936.0,0.0,100,334.06,325.0,0,0.0,0.0,,0.0,1,2.98,31.4,SPY210319C00320000,320.0,normalDay
2020-09-14,5153.0,-1806.0,0.0,100,338.46,325.0,0,0.0,0.0,,0.0,1,2.98,34.5,SPY210319C00320000,320.0,normalDay
2020-09-15,5153.0,-1773.0,0.0,100,340.17,325.0,0,0.0,0.0,,0.0,1,2.98,35.88,SPY210319C00320000,320.0,normalDay
2020-09-16,5153.0,-1786.0,0.0,100,338.82,325.0,0,0.0,0.0,,0.0,1,2.98,34.66,SPY210319C00320000,320.0,normalDay
2020-09-17,5153.0,-1918.0,0.0,100,335.84,325.0,0,0.0,0.0,,0.0,1,2.98,33.0,SPY210319C00320000,320.0,normalDay
2020-09-18,5153.0,-2133.0,0.0,100,330.65,325.0,0,0.0,0.0,,0.0,1,2.98,29.96,SPY210319C00320000,320.0,normalDay
2020-09-21,5153.0,-2299.0,0.0,100,326.97,325.0,0,0.0,0.0,,0.0,1,2.98,27.94,SPY210319C00320000,320.0,normalDay
2020-09-22,5153.0,-2160.0,0.0,100,330.3,325.0,0,0.0,0.0,,0.0,1,2.98,29.88,SPY210319C00320000,320.0,normalDay
2020-09-23,5153.0,-2493.0,0.0,100,322.64,325.0,0,0.0,0.0,,0.0,1,2.98,25.55,SPY210319C00320000,320.0,normalDay
2020-09-24,5153.0,-2456.0,0.0,100,323.5,325.0,0,0.0,0.0,,0.0,1,2.98,26.04,SPY210319C00320000,320.0,normalDay
2020-09-25,5153.0,-2202.0,0.0,100,328.73,325.0,0,0.0,0.0,,0.0,1,2.98,28.73,SPY210319C00320000,320.0,normalDay
2020-09-28,5153.0,-2010.0,0.0,100,334.19,325.0,0,0.0,0.0,,0.0,1,2.98,32.27,SPY210319C00320000,320.0,normalDay
2020-09-29,5153.0,-2098.0,0.0,100,332.37,325.0,0,0.0,0.0,,0.0,1,2.98,31.33,SPY210319C00320000,320.0,normalDay
2020-09-30,5153.0,-1895.0,0.0,100,334.89,325.0,0,0.0,0.0,,0.0,1,2.98,31.82,SPY210319C00320000,320.0,normalDay
2020-10-01,5153.0,-1931.0,0.0,100,337.04,325.0,0,0.0,0.0,,0.0,1,2.98,34.33,SPY210319C00320000,320.0,normalDay
2020-10-02,5153.0,-2054.0,0.0,100,333.84,325.0,0,0.0,0.0,,0.0,1,2.98,32.36,SPY210319C00320000,320.0,normalDay
2020-10-05,5153.0,-1785.0,0.0,100,339.76,325.0,0,0.0,0.0,,0.0,1,2.98,35.59,SPY210319C00320000,320.0,normalDay
2020-10-06,5153.0,-1979.0,0.0,100,334.93,325.0,0,0.0,0.0,,0.0,1,2.98,32.7,SPY210319C00320000,320.0,normalDay
2020-10-07,5153.0,-1704.0,0.0,100,340.76,325.0,0,0.0,0.0,,0.0,1,2.98,35.78,SPY210319C00320000,320.0,normalDay
2020-10-08,5153.0,-1582.0,0.0,100,343.78,325.0,0,0.0,0.0,,0.0,1,2.98,37.58,SPY210319C00320000,320.0,normalDay
2020-10-09,5153.0,-1434.0,0.0,100,346.85,325.0,0,0.0,0.0,,0.0,1,2.98,39.17,SPY210319C00320000,320.0,normalDay
2020-10-12,5153.0,-1305.0,0.0,100,352.43,325.0,0,0.0,0.0,,0.0,1,2.98,43.46,SPY210319C00320000,320.0,normalDay
2020-10-13,5153.0,-1342.0,0.0,100,350.13,325.0,0,0.0,0.0,,0.0,1,2.98,41.53,SPY210319C00320000,320.0,normalDay
2020-10-14,5153.0,-1364.0,0.0,100,347.93,325.0,0,0.0,0.0,,0.0,1,2.98,39.55,SPY210319C00320000,320.0,normalDay
2020-10-15,5153.0,-1391.0,0.0,100,347.5,325.0,0,0.0,0.0,,0.0,1,2.98,39.39,SPY210319C00320000,320.0,normalDay
2020-10-16,5153.0,-1354.0,0.0,100,347.29,325.0,0,0.0,0.0,,0.0,1,2.98,38.81,SPY210319C00320000,320.0,normalDay
2020-10-19,5153.0,-1597.0,0.0,100,342.01,325.0,0,0.0,0.0,,0.0,1,2.98,35.96,SPY210319C00320000,320.0,normalDay
2020-10-20,5153.0,-1500.0,0.0,100,343.38,325.0,0,0.0,0.0,,0.0,1,2.98,36.36,SPY210319C00320000,320.0,normalDay
2020-10-21,5153.0,-1537.0,0.0,100,342.73,325.0,0,0.0,0.0,,0.0,1,2.98,36.08,SPY210319C00320000,320.0,normalDay
2020-10-22,5153.0,-1422.0,0.0,100,344.61,325.0,0,0.0,0.0,,0.0,1,2.98,36.81,SPY210319C00320000,320.0,normalDay
2020-10-23,5153.0,-1338.0,0.0,100,345.78,325.0,0,0.0,0.0,,0.0,1,2.98,37.14,SPY210319C00320000,320.0,normalDay
2020-10-26,5153.0,-1653.0,0.0,100,339.39,325.0,0,0.0,0.0,,0.0,1,2.98,33.9,SPY210319C00320000,320.0,normalDay
2020-10-27,5153.0,-1681.0,0.0,100,338.22,325.0,0,0.0,0.0,,0.0,1,2.98,33.01,SPY210319C00320000,320.0,normalDay
2020-10-28,5153.0,-2250.0,0.0,100,326.66,325.0,0,0.0,0.0,,0.0,1,2.98,27.14,SPY210319C00320000,320.0,normalDay
2020-10-29,5153.0,-2064.0,0.0,100,329.98,325.0,0,0.0,0.0,,0.0,1,2.98,28.6,SPY210319C00320000,320.0,normalDay
2020-10-30,5153.0,-2216.0,0.0,100,326.54,325.0,0,0.0,0.0,,0.0,1,2.98,26.68,SPY210319C00320000,320.0,normalDay
2020-11-02,5153.0,-1953.0,0.0,100,330.2,325.0,0,0.0,0.0,,0.0,1,2.98,27.71,SPY210319C00320000,320.0,normalDay
2020-11-03,5153.0,-1618.0,0.0,100,336.03,325.0,0,0.0,0.0,,0.0,1,2.98,30.19,SPY210319C00320000,320.0,normalDay
2020-11-04,5153.0,-1378.0,0.0,100,343.54,325.0,0,0.0,0.0,,0.0,1,2.98,35.3,SPY210319C00320000,320.0,normalDay
2020-11-05,5153.0,-1248.0,0.0,100,350.24,325.0,0,0.0,0.0,,0.0,1,2.98,40.7,SPY210319C00320000,320.0,normalDay
2020-11-06,5153.0,-1155.0,0.0,100,350.16,325.0,0,0.0,0.0,,0.0,1,2.98,39.69,SPY210319C00320000,320.0,normalDay
2020-11-09,5153.0,-1106.0,0.0,100,354.56,325.0,0,0.0,0.0,,0.0,1,2.98,43.6,SPY210319C00320000,320.0,normalDay
2020-11-10,5153.0,-1043.0,0.0,100,354.04,325.0,0,0.0,0.0,,0.0,1,2.98,42.45,SPY210319C00320000,320.0,normalDay
2020-11-11,5153.0,-982.0,0.0,100,356.67,325.0,0,0.0,0.0,,0.0,1,2.98,44.47,SPY210319C00320000,320.0,normalDay
2020-11-12,5153.0,-1069.0,0.0,100,353.21,325.0,0,0.0,0.0,,0.0,1,2.98,41.88,SPY210319C00320000,320.0,normalDay
2020-11-13,5153.0,-906.0,0.0,100,358.1,325.0,0,0.0,0.0,,0.0,1,2.98,45.14,SPY210319C00320000,320.0,normalDay
2020-11-16,5153.0,-823.0,0.0,100,362.57,325.0,0,0.0,0.0,,0.0,1,2.98,48.78,SPY210319C00320000,320.0,normalDay
2020-11-17,5153.0,-864.0,0.0,100,360.62,325.0,0,0.0,0.0,,0.0,1,2.98,47.24,SPY210319C00320000,320.0,normalDay
2020-11-18,5153.0,-932.0,0.0,100,356.28,325.0,0,0.0,0.0,,0.0,1,2.98,43.58,SPY210319C00320000,320.0,normalDay
2020-11-19,5153.0,-892.0,0.0,100,357.78,325.0,0,0.0,0.0,,0.0,1,2.98,44.68,SPY210319C00320000,320.0,normalDay
2020-11-20,5153.0,-898.0,0.0,100,355.33,325.0,0,0.0,0.0,,0.0,1,2.98,42.29,SPY210319C00320000,320.0,normalDay
2020-11-23,5153.0,-846.0,0.0,100,357.46,325.0,0,0.0,0.0,,0.0,1,2.98,43.9,SPY210319C00320000,320.0,normalDay
2020-11-24,5153.0,-755.0,0.0,100,363.22,325.0,0,0.0,0.0,,0.0,1,2.98,48.75,SPY210319C00320000,320.0,normalDay
2020-11-25,5153.0,-684.0,0.0,100,362.66,325.0,0,0.0,0.0,,0.0,1,2.98,47.48,SPY210319C00320000,320.0,normalDay
2020-11-27,5153.0,-695.0,0.0,100,363.67,325.0,0,0.0,0.0,,0.0,1,2.98,48.6,SPY210319C00320000,320.0,normalDay
2020-11-30,5153.0,-730.0,0.0,100,362.06,325.0,0,0.0,0.0,,0.0,1,2.98,47.34,SPY210319C00320000,320.0,normalDay
2020-12-01,5153.0,-632.0,0.0,100,366.02,325.0,0,0.0,0.0,,0.0,1,2.98,50.32,SPY210319C00320000,320.0,normalDay
2020-12-02,5153.0,-621.0,0.0,100,366.79,325.0,0,0.0,0.0,,0.0,1,2.98,50.98,SPY210319C00320000,320.0,normalDay
2020-12-03,5153.0,-601.0,0.0,100,366.69,325.0,0,0.0,0.0,,0.0,1,2.98,50.68,SPY210319C00320000,320.0,normalDay
2020-12-04,5153.0,-532.0,0.0,100,369.85,325.0,0,0.0,0.0,,0.0,1,2.98,53.15,SPY210319C00320000,320.0,normalDay
2020-12-07,5153.0,-546.0,0.0,100,369.09,325.0,0,0.0,0.0,,0.0,1,2.98,52.53,SPY210319C00320000,320.0,normalDay
2020-12-08,5153.0,-557.0,0.0,100,370.17,325.0,0,0.0,0.0,,0.0,1,2.98,53.72,SPY210319C00320000,320.0,normalDay
2020-12-09,5153.0,-597.0,0.0,100,366.85,325.0,0,0.0,0.0,,0.0,1,2.98,50.8,SPY210319C00320000,320.0,normalDay
2020-12-10,5153.0,-587.0,0.0,100,366.73,325.0,0,0.0,0.0,,0.0,1,2.98,50.58,SPY210319C00320000,320.0,normalDay
2020-12-11,5153.0,-632.0,0.0,100,366.3,325.0,0,0.0,0.0,,0.0,1,2.98,50.6,SPY210319C00320000,320.0,normalDay
2020-12-14,5153.0,-733.0,0.0,100,364.66,325.0,0,0.0,0.0,,0.0,1,2.98,49.97,SPY210319C00320000,320.0,normalDay
2020-12-15,5153.0,-575.0,0.0,100,369.59,325.0,0,0.0,0.0,,0.0,1,2.98,53.32,SPY210319C00320000,320.0,normalDay
2020-12-16,5153.0,-569.0,0.0,100,370.17,325.0,0,0.0,0.0,,0.0,1,2.98,53.84,SPY210319C00320000,320.0,normalDay
2020-12-17,5153.0,-544.0,0.0,100,372.24,325.0,0,0.0,0.0,,0.0,1,2.98,55.66,SPY210319C00320000,320.0,normalDay
2020-12-18,5153.0,-763.0,0.0,100,369.18,325.0,0,0.0,0.0,,0.0,1,2.98,54.79,SPY210319C00320000,320.0,normalDay
2020-12-21,5153.0,-729.0,0.0,100,367.86,325.0,0,0.0,0.0,,0.0,1,2.98,53.13,SPY210319C00320000,320.0,normalDay
2020-12-22,5153.0,-702.0,0.0,100,367.24,325.0,0,0.0,0.0,,0.0,1,2.98,52.24,SPY210319C00320000,320.0,normalDay
2020-12-23,5153.0,-634.0,0.0,100,367.57,325.0,0,0.0,0.0,,0.0,1,2.98,51.89,SPY210319C00320000,320.0,normalDay
2020-12-24,5153.0,-608.0,0.0,100,369.0,325.0,0,0.0,0.0,,0.0,1,2.98,53.06,SPY210319C00320000,320.0,normalDay
2020-12-28,5153.0,-583.0,0.0,100,372.17,325.0,0,0.0,0.0,,0.0,1,2.98,55.98,SPY210319C00320000,320.0,normalDay
2020-12-29,5153.0,-605.0,0.0,100,371.46,325.0,0,0.0,0.0,,0.0,1,2.98,55.49,SPY210319C00320000,320.0,normalDay
2020-12-30,5153.0,-565.0,0.0,100,371.99,325.0,0,0.0,0.0,,0.0,1,2.98,55.62,SPY210319C00320000,320.0,normalDay
2020-12-31,5153.0,-598.0,0.0,100,373.88,325.0,0,0.0,0.0,,0.0,1,2.98,57.84,SPY210319C00320000,320.0,normalDay
2021-01-04,5153.0,-650.0,0.0,100,368.79,325.0,0,0.0,0.0,,0.0,1,2.98,53.27,SPY210319C00320000,320.0,normalDay
2021-01-05,5153.0,-580.0,0.0,100,371.33,325.0,0,0.0,0.0,,0.0,1,2.98,55.11,SPY210319C00320000,320.0,normalDay
2021-01-06,5153.0,-582.0,0.0,100,373.55,325.0,0,0.0,0.0,,0.0,1,2.98,57.35,SPY210319C00320000,320.0,normalDay
2021-01-07,5153.0,-458.0,0.0,100,379.1,325.0,0,0.0,0.0,,0.0,1,2.98,61.66,SPY210319C00320000,320.0,normalDay
2021-01-08,5153.0,-478.0,0.0,100,381.26,325.0,0,0.0,0.0,,0.0,1,2.98,64.02,SPY210319C00320000,320.0,normalDay
2021-01-11,5153.0,-530.0,0.0,100,378.69,325.0,0,0.0,0.0,,0.0,1,2.98,61.97,SPY210319C00320000,320.0,normalDay
2021-01-12,5153.0,-465.0,0.0,100,378.77,325.0,0,0.0,0.0,,0.0,1,2.98,61.4,SPY210319C00320000,320.0,normalDay
2021-01-13,5153.0,-467.0,0.0,100,379.79,325.0,0,0.0,0.0,,0.0,1,2.98,62.44,SPY210319C00320000,320.0,normalDay
2021-01-14,5153.0,-479.0,0.0,100,378.46,325.0,0,0.0,0.0,,0.0,1,2.98,61.23,SPY210319C00320000,320.0,normalDay
2021-01-15,5153.0,-422.0,0.0,100,375.7,325.0,0,0.0,0.0,,0.0,1,2.98,57.9,SPY210319C00320000,320.0,normalDay
2021-01-19,5153.0,-441.0,0.0,100,378.65,325.0,0,0.0,0.0,,0.0,1,2.98,61.04,SPY210319C00320000,320.0,normalDay
2021-01-20,5153.0,-390.0,0.0,100,383.89,325.0,0,0.0,0.0,,0.0,1,2.98,65.77,SPY210319C00320000,320.0,normalDay
2021-01-21,5153.0,-379.0,0.0,100,384.24,325.0,0,0.0,0.0,,0.0,1,2.98,66.01,SPY210319C00320000,320.0,normalDay
2021-01-22,5153.0,-388.0,0.0,100,382.88,325.0,0,0.0,0.0,,0.0,1,2.98,64.74,SPY210319C00320000,320.0,normalDay
2021-01-25,5153.0,-381.0,0.0,100,384.39,325.0,0,0.0,0.0,,0.0,1,2.98,66.18,SPY210319C00320000,320.0,normalDay
2021-01-26,5153.0,-441.0,0.0,100,383.79,325.0,0,0.0,0.0,,0.0,1,2.98,66.18,SPY210319C00320000,320.0,normalDay
2021-01-27,5153.0,-539.0,0.0,100,374.41,325.0,0,0.0,0.0,,0.0,1,2.98,57.78,SPY210319C00320000,320.0,normalDay
2021-01-28,5153.0,-534.0,0.0,100,377.63,325.0,0,0.0,0.0,,0.0,1,2.98,60.95,SPY210319C00320000,320.0,normalDay
2021-01-29,5153.0,-590.0,0.0,100,370.07,325.0,0,0.0,0.0,,0.0,1,2.98,53.95,SPY210319C00320000,320.0,normalDay
2021-02-01,5153.0,-438.0,0.0,100,376.23,325.0,0,0.0,0.0,,0.0,1,2.98,58.59,SPY210319C00320000,320.0,normalDay
2021-02-02,5153.0,-464.0,0.0,100,381.55,325.0,0,0.0,0.0,,0.0,1,2.98,64.17,SPY210319C00320000,320.0,normalDay
2021-02-03,5153.0,-408.0,0.0,100,381.85,325.0,0,0.0,0.0,,0.0,1,2.98,63.91,SPY210319C00320000,320.0,normalDay
2021-02-04,5153.0,-325.0,0.0,100,386.19,325.0,0,0.0,0.0,,0.0,1,2.98,67.42,SPY210319C00320000,320.0,normalDay
2021-02-05,5153.0,-324.0,0.0,100,387.71,325.0,0,0.0,0.0,,0.0,1,2.98,68.93,SPY210319C00320000,320.0,normalDay
2021-02-08,5153.0,-291.0,0.0,100,390.51,325.0,0,0.0,0.0,,0.0,1,2.98,71.4,SPY210319C00320000,320.0,normalDay
2021-02-09,5153.0,-334.0,0.0,100,390.25,325.0,0,0.0,0.0,,0.0,1,2.98,71.57,SPY210319C00320000,320.0,normalDay
2021-02-10,5153.0,-314.0,0.0,100,390.08,325.0,0,0.0,0.0,,0.0,1,2.98,71.2,SPY210319C00320000,320.0,normalDay
2021-02-11,5153.0,-269.0,0.0,100,390.71,325.0,0,0.0,0.0,,0.0,1,2.98,71.38,SPY210319C00320000,320.0,normalDay
2021-02-12,5153.0,-302.0,0.0,100,392.64,325.0,0,0.0,0.0,,0.0,1,2.98,73.64,SPY210319C00320000,320.0,normalDay
2021-02-16,5153.0,-266.0,0.0,100,392.3,325.0,0,0.0,0.0,,0.0,1,2.98,72.94,SPY210319C00320000,320.0,normalDay
2021-02-17,5153.0,-252.0,0.0,100,392.39,325.0,0,0.0,0.0,,0.0,1,2.98,72.89,SPY210319C00320000,320.0,normalDay
2021-02-18,5153.0,-261.0,0.0,100,390.72,325.0,0,0.0,0.0,,0.0,1,2.98,71.31,SPY210319C00320000,320.0,normalDay
2021-02-19,5153.0,-239.0,0.0,100,390.03,325.0,0,0.0,0.0,,0.0,1,2.98,70.4,SPY210319C00320000,320.0,normalDay
2021-02-22,5153.0,-271.0,0.0,100,387.03,325.0,0,0.0,0.0,,0.0,1,2.98,67.72,SPY210319C00320000,320.0,normalDay
2021-02-23,5153.0,-244.0,0.0,100,387.5,325.0,0,0.0,0.0,,0.0,1,2.98,67.92,SPY210319C00320000,320.0,normalDay
2021-02-24,5153.0,-252.0,0.0,100,391.77,325.0,0,0.0,0.0,,0.0,1,2.98,72.27,SPY210319C00320000,320.0,normalDay
2021-02-25,5153.0,-397.0,0.0,100,382.33,325.0,0,0.0,0.0,,0.0,1,2.98,64.28,SPY210319C00320000,320.0,normalDay
2021-02-26,5153.0,-326.0,0.0,100,380.36,325.0,0,0.0,0.0,,0.0,1,2.98,61.6,SPY210319C00320000,320.0,normalDay
2021-03-01,5153.0,-229.0,0.0,100,389.58,325.0,0,0.0,0.0,,0.0,1,2.98,69.85,SPY210319C00320000,320.0,normalDay
2021-03-02,5153.0,-238.0,0.0,100,386.54,325.0,0,0.0,0.0,,0.0,1,2.98,66.9,SPY210319C00320000,320.0,normalDay
2021-03-03,5153.0,-253.0,0.0,100,381.42,325.0,0,0.0,0.0,,0.0,1,2.98,61.93,SPY210319C00320000,320.0,normalDay
2021-03-04,5153.0,-295.0,0.0,100,376.7,325.0,0,0.0,0.0,,0.0,1,2.98,57.63,SPY210319C00320000,320.0,normalDay
2021-03-05,5153.0,-234.0,0.0,100,383.63,325.0,0,0.0,0.0,,0.0,1,2.98,63.95,SPY210319C00320000,320.0,normalDay
2021-03-08,5153.0,-269.0,0.0,100,381.72,325.0,0,0.0,0.0,,0.0,1,2.98,62.39,SPY210319C00320000,320.0,normalDay
2021-03-09,5153.0,-218.0,0.0,100,387.17,325.0,0,0.0,0.0,,0.0,1,2.98,67.33,SPY210319C00320000,320.0,normalDay
2021-03-10,5153.0,-265.0,0.0,100,389.58,325.0,0,0.0,0.0,,0.0,1,2.98,70.21,SPY210319C00320000,320.0,normalDay
2021-03-11,5153.0,-190.0,0.0,100,393.53,325.0,0,0.0,0.0,,0.0,1,2.98,73.41,SPY210319C00320000,320.0,normalDay
2021-03-12,5153.0,-253.0,0.0,100,394.06,325.0,0,0.0,0.0,,0.0,1,2.98,74.57,SPY210319C00320000,320.0,normalDay
2021-03-15,5153.0,-244.0,0.0,100,396.41,325.0,0,0.0,0.0,,0.0,1,2.98,76.83,SPY210319C00320000,320.0,normalDay
2021-03-16,5153.0,-233.0,0.0,100,395.91,325.0,0,0.0,0.0,,0.0,1,2.98,76.22,SPY210319C00320000,320.0,normalDay
2021-03-17,5153.0,-198.0,0.0,100,397.26,325.0,0,0.0,0.0,,0.0,1,2.98,77.22,SPY210319C00320000,320.0,normalDay
2021-03-18,5153.0,-304.0,0.0,100,391.48,325.0,0,0.0,0.0,,0.0,1,2.98,72.5,SPY210319C00320000,320.0,normalDay
2021-03-19,4951.0,-304.0,-202.0,0,389.48,0.0,0,0.0,0.0,,0.0,1,2.98,0.0,SPY210319C00320000,320.0,expirationDay
2021-03-22,4951.0,-5.0,0.0,0,392.59,0.0,1,1.95,2.0,SPY210409P00381000,381.0,0,0.0,0.0,,0.0,normalDay
2021-03-23,4951.0,-86.0,0.0,0,389.5,0.0,1,1.95,2.81,SPY210409P00381000,381.0,0,0.0,0.0,,0.0,normalDay
2021-03-24,4951.0,-130.0,0.0,0,387.52,0.0,1,1.95,3.25,SPY210409P00381000,381.0,0,0.0,0.0,,0.0,normalDay
2021-03-25,4951.0,-34.0,0.0,0,389.7,0.0,1,1.95,2.29,SPY210409P00381000,381.0,0,0.0,0.0,,0.0,normalDay
2021-03-26,4951.0,72.0,0.0,0,395.98,0.0,1,1.95,1.23,SPY210409P00381000,381.0,0,0.0,0.0,,0.0,normalDay
2021-03-29,4951.0,71.0,0.0,0,395.78,0.0,1,1.95,1.24,SPY210409P00381000,381.0,0,0.0,0.0,,0.0,normalDay
2021-03-30,4951.0,88.0,0.0,0,394.73,0.0,1,1.95,1.07,SPY210409P00381000,381.0,0,0.0,0.0,,0.0,normalDay
2021-03-31,4951.0,135.0,0.0,0,396.33,0.0,1,1.95,0.6,SPY210409P00381000,381.0,0,0.0,0.0,,0.0,normalDay
2021-04-01,4951.0,180.0,0.0,0,400.61,0.0,1,1.95,0.15,SPY210409P00381000,381.0,0,0.0,0.0,,0.0,normalDay
2021-04-05,4951.0,188.0,0.0,0,406.36,0.0,1,1.95,0.07,SPY210409P00381000,381.0,0,0.0,0.0,,0.0,normalDay
2021-04-06,4951.0,190.0,0.0,0,406.12,0.0,1,1.95,0.05,SPY210409P00381000,381.0,0,0.0,0.0,,0.0,normalDay
2021-04-07,4951.0,193.0,0.0,0,406.59,0.0,1,1.95,0.02,SPY210409P00381000,381.0,0,0.0,0.0,,0.0,normalDay
2021-04-08,4951.0,194.0,0.0,0,408.52,0.0,1,1.95,0.01,SPY210409P00381000,381.0,0,0.0,0.0,,0.0,normalDay
2021-04-09,5146.0,0.0,195.0,0,411.49,0.0,1,1.95,0.0,SPY210409P00381000,381.0,0,0.0,0.0,,0.0,expirationDay
2021-04-12,5146.0,-3.0,0.0,0,411.64,0.0,1,0.85,0.88,SPY210430P00389000,389.0,0,0.0,0.0,,0.0,normalDay
2021-04-13,5146.0,16.0,0.0,0,412.86,0.0,1,0.85,0.69,SPY210430P00389000,389.0,0,0.0,0.0,,0.0,normalDay
2021-04-14,5146.0,10.0,0.0,0,411.45,0.0,1,0.85,0.75,SPY210430P00389000,389.0,0,0.0,0.0,,0.0,normalDay
2021-04-15,5146.0,34.0,0.0,0,415.87,0.0,1,0.85,0.51,SPY210430P00389000,389.0,0,0.0,0.0,,0.0,normalDay
2021-04-16,5146.0,48.0,0.0,0,417.26,0.0,1,0.85,0.37,SPY210430P00389000,389.0,0,0.0,0.0,,0.0,normalDay
2021-04-19,5146.0,51.0,0.0,0,415.21,0.0,1,0.85,0.34,SPY210430P00389000,389.0,0,0.0,0.0,,0.0,normalDay
2021-04-20,5146.0,35.0,0.0,0,412.17,0.0,1,0.85,0.5,SPY210430P00389000,389.0,0,0.0,0.0,,0.0,normalDay
2021-04-21,5146.0,67.0,0.0,0,416.07,0.0,1,0.85,0.18,SPY210430P00389000,389.0,0,0.0,0.0,,0.0,normalDay
2021-04-22,5146.0,57.0,0.0,0,412.27,0.0,1,0.85,0.28,SPY210430P00389000,389.0,0,0.0,0.0,,0.0,normalDay
2021-04-23,5146.0,76.0,0.0,0,416.74,0.0,1,0.85,0.09,SPY210430P00389000,389.0,0,0.0,0.0,,0.0,normalDay
2021-04-26,5146.0,81.0,0.0,0,417.61,0.0,1,0.85,0.04,SPY210430P00389000,389.0,0,0.0,0.0,,0.0,normalDay
2021-04-27,5146.0,82.0,0.0,0,417.52,0.0,1,0.85,0.03,SPY210430P00389000,389.0,0,0.0,0.0,,0.0,normalDay
2021-04-28,5146.0,83.0,0.0,0,417.4,0.0,1,0.85,0.02,SPY210430P00389000,389.0,0,0.0,0.0,,0.0,normalDay
2021-04-29,5146.0,84.0,0.0,0,420.06,0.0,1,0.85,0.01,SPY210430P00389000,389.0,0,0.0,0.0,,0.0,normalDay
2021-04-30,5231.0,0.0,85.0,0,417.3,0.0,1,0.85,0.0,SPY210430P00389000,389.0,0,0.0,0.0,,0.0,expirationDay
2021-05-03,5231.0,-4.0,0.0,0,418.2,0.0,1,2.66,2.7,SPY210521P00409000,409.0,0,0.0,0.0,,0.0,normalDay
2021-05-04,5231.0,-83.0,0.0,0,415.62,0.0,1,2.66,3.49,SPY210521P00409000,409.0,0,0.0,0.0,,0.0,normalDay
2021-05-05,5231.0,-64.0,0.0,0,415.75,0.0,1,2.66,3.3,SPY210521P00409000,409.0,0,0.0,0.0,,0.0,normalDay
2021-05-06,5231.0,54.0,0.0,0,419.07,0.0,1,2.66,2.12,SPY210521P00409000,409.0,0,0.0,0.0,,0.0,normalDay
2021-05-07,5231.0,136.0,0.0,0,422.12,0.0,1,2.66,1.3,SPY210521P00409000,409.0,0,0.0,0.0,,0.0,normalDay
2021-05-10,5231.0,38.0,0.0,0,417.94,0.0,1,2.66,2.28,SPY210521P00409000,409.0,0,0.0,0.0,,0.0,normalDay
2021-05-11,5231.0,-68.0,0.0,0,414.21,0.0,1,2.66,3.34,SPY210521P00409000,409.0,0,0.0,0.0,,0.0,normalDay
2021-05-12,5231.0,-517.0,0.0,0,405.41,0.0,1,2.66,7.83,SPY210521P00409000,409.0,0,0.0,0.0,,0.0,normalDay
2021-05-13,5231.0,-184.0,0.0,0,410.28,0.0,1,2.66,4.5,SPY210521P00409000,409.0,0,0.0,0.0,,0.0,normalDay
2021-05-14,5231.0,129.0,0.0,0,416.58,0.0,1,2.66,1.37,SPY210521P00409000,409.0,0,0.0,0.0,,0.0,normalDay
2021-05-17,5231.0,148.0,0.0,0,415.52,0.0,1,2.66,1.18,SPY210521P00409000,409.0,0,0.0,0.0,,0.0,normalDay
2021-05-18,5231.0,82.0,0.0,0,411.94,0.0,1,2.66,1.84,SPY210521P00409000,409.0,0,0.0,0.0,,0.0,normalDay
2021-05-19,5231.0,92.0,0.0,0,410.86,0.0,1,2.66,1.74,SPY210521P00409000,409.0,0,0.0,0.0,,0.0,normalDay
2021-05-20,5231.0,248.0,0.0,0,415.28,0.0,1,2.66,0.18,SPY210521P00409000,409.0,0,0.0,0.0,,0.0,normalDay
2021-05-21,5497.0,0.0,266.0,0,414.94,0.0,1,2.66,0.0,SPY210521P00409000,409.0,0,0.0,0.0,,0.0,expirationDay
2021-05-24,5497.0,-3.0,0.0,0,419.17,0.0,1,2.57,2.6,SPY210611P00411000,411.0,0,0.0,0.0,,0.0,normalDay
2021-05-25,5497.0,-24.0,0.0,0,418.24,0.0,1,2.57,2.81,SPY210611P00411000,411.0,0,0.0,0.0,,0.0,normalDay
2021-05-26,5497.0,41.0,0.0,0,419.07,0.0,1,2.57,2.16,SPY210611P00411000,411.0,0,0.0,0.0,,0.0,normalDay
2021-05-27,5497.0,90.0,0.0,0,419.29,0.0,1,2.57,1.67,SPY210611P00411000,411.0,0,0.0,0.0,,0.0,normalDay
2021-05-28,5497.0,118.0,0.0,0,420.04,0.0,1,2.57,1.39,SPY210611P00411000,411.0,0,0.0,0.0,,0.0,normalDay
2021-06-01,5497.0,125.0,0.0,0,419.67,0.0,1,2.57,1.32,SPY210611P00411000,411.0,0,0.0,0.0,,0.0,normalDay
2021-06-02,5497.0,167.0,0.0,0,420.33,0.0,1,2.57,0.9,SPY210611P00411000,411.0,0,0.0,0.0,,0.0,normalDay
2021-06-03,5497.0,143.0,0.0,0,418.77,0.0,1,2.57,1.14,SPY210611P00411000,411.0,0,0.0,0.0,,0.0,normalDay
2021-06-04,5497.0,221.0,0.0,0,422.6,0.0,1,2.57,0.36,SPY210611P00411000,411.0,0,0.0,0.0,,0.0,normalDay
2021-06-07,5497.0,239.0,0.0,0,422.19,0.0,1,2.57,0.18,SPY210611P00411000,411.0,0,0.0,0.0,,0.0,normalDay
2021-06-08,5497.0,240.0,0.0,0,422.28,0.0,1,2.57,0.17,SPY210611P00411000,411.0,0,0.0,0.0,,0.0,normalDay
2021-06-09,5497.0,236.0,0.0,0,421.65,0.0,1,2.57,0.21,SPY210611P00411000,411.0,0,0.0,0.0,,0.0,normalDay
2021-06-10,5497.0,254.0,0.0,0,423.61,0.0,1,2.57,0.03,SPY210611P00411000,411.0,0,0.0,0.0,,0.0,normalDay
2021-06-11,5754.0,0.0,257.0,0,424.31,0.0,1,2.57,0.0,SPY210611P00411000,411.0,0,0.0,0.0,,0.0,expirationDay
2021-06-14,5754.0,-4.0,0.0,0,425.26,0.0,1,2.12,2.16,SPY210702P00415000,415.0,0,0.0,0.0,,0.0,normalDay
2021-06-15,5754.0,-25.0,0.0,0,424.48,0.0,1,2.12,2.37,SPY210702P00415000,415.0,0,0.0,0.0,,0.0,normalDay
2021-06-16,5754.0,-87.0,0.0,0,422.11,0.0,1,2.12,2.99,SPY210702P00415000,415.0,0,0.0,0.0,,0.0,normalDay
2021-06-17,5754.0,-49.0,0.0,0,421.97,0.0,1,2.12,2.61,SPY210702P00415000,415.0,0,0.0,0.0,,0.0,normalDay
2021-06-18,5754.0,-320.0,0.0,0,414.92,0.0,1,2.12,5.32,SPY210702P00415000,415.0,0,0.0,0.0,,0.0,normalDay
2021-06-21,5754.0,7.0,0.0,0,420.86,0.0,1,2.12,2.05,SPY210702P00415000,415.0,0,0.0,0.0,,0.0,normalDay
2021-06-22,5754.0,84.0,0.0,0,423.11,0.0,1,2.12,1.28,SPY210702P00415000,415.0,0,0.0,0.0,,0.0,normalDay
2021-06-23,5754.0,107.0,0.0,0,422.6,0.0,1,2.12,1.05,SPY210702P00415000,415.0,0,0.0,0.0,,0.0,normalDay
2021-06-24,5754.0,152.0,0.0,0,425.1,0.0,1,2.12,0.6,SPY210702P00415000,415.0,0,0.0,0.0,,0.0,normalDay
2021-06-25,5754.0,177.0,0.0,0,426.61,0.0,1,2.12,0.35,SPY210702P00415000,415.0,0,0.0,0.0,,0.0,normalDay
2021-06-28,5754.0,197.0,0.0,0,427.47,0.0,1,2.12,0.15,SPY210702P00415000,415.0,0,0.0,0.0,,0.0,normalDay
2021-06-29,5754.0,202.0,0.0,0,427.7,0.0,1,2.12,0.1,SPY210702P00415000,415.0,0,0.0,0.0,,0.0,normalDay
2021-06-30,5754.0,206.0,0.0,0,428.06,0.0,1,2.12,0.06,SPY210702P00415000,415.0,0,0.0,0.0,,0.0,normalDay
2021-07-01,5754.0,209.0,0.0,0,430.43,0.0,1,2.12,0.03,SPY210702P00415000,415.0,0,0.0,0.0,,0.0,normalDay
2021-07-02,5966.0,0.0,212.0,0,433.72,0.0,1,2.12,0.0,SPY210702P00415000,415.0,0,0.0,0.0,,0.0,expirationDay
2021-07-06,5966.0,-3.0,0.0,0,432.93,0.0,1,1.51,1.54,SPY210723P00420000,420.0,0,0.0,0.0,,0.0,normalDay
2021-07-07,5966.0,28.0,0.0,0,434.46,0.0,1,1.51,1.23,SPY210723P00420000,420.0,0,0.0,0.0,,0.0,normalDay
2021-07-08,5966.0,-76.0,0.0,0,430.92,0.0,1,1.51,2.27,SPY210723P00420000,420.0,0,0.0,0.0,,0.0,normalDay
2021-07-09,5966.0,55.0,0.0,0,435.52,0.0,1,1.51,0.96,SPY210723P00420000,420.0,0,0.0,0.0,,0.0,normalDay
2021-07-12,5966.0,88.0,0.0,0,437.08,0.0,1,1.51,0.63,SPY210723P00420000,420.0,0,0.0,0.0,,0.0,normalDay
2021-07-13,5966.0,71.0,0.0,0,435.59,0.0,1,1.51,0.8,SPY210723P00420000,420.0,0,0.0,0.0,,0.0,normalDay
2021-07-14,5966.0,104.0,0.0,0,436.24,0.0,1,1.51,0.47,SPY210723P00420000,420.0,0,0.0,0.0,,0.0,normalDay
2021-07-15,5966.0,94.0,0.0,0,434.75,0.0,1,1.51,0.57,SPY210723P00420000,420.0,0,0.0,0.0,,0.0,normalDay
2021-07-16,5966.0,72.0,0.0,0,431.34,0.0,1,1.51,0.79,SPY210723P00420000,420.0,0,0.0,0.0,,0.0,normalDay
2021-07-19,5966.0,-52.0,0.0,0,424.97,0.0,1,1.51,2.03,SPY210723P00420000,420.0,0,0.0,0.0,,0.0,normalDay
2021-07-20,5966.0,110.0,0.0,0,431.06,0.0,1,1.51,0.41,SPY210723P00420000,420.0,0,0.0,0.0,,0.0,normalDay
2021-07-21,5966.0,146.0,0.0,0,434.55,0.0,1,1.51,0.05,SPY210723P00420000,420.0,0,0.0,0.0,,0.0,normalDay
2021-07-22,5966.0,148.0,0.0,0,435.46,0.0,1,1.51,0.03,SPY210723P00420000,420.0,0,0.0,0.0,,0.0,normalDay
2021-07-23,6117.0,0.0,151.0,0,439.94,0.0,1,1.51,0.0,SPY210723P00420000,420.0,0,0.0,0.0,,0.0,expirationDay
2021-07-26,6117.0,-3.0,0.0,0,441.02,0.0,1,1.84,1.87,SPY210813P00428000,428.0,0,0.0,0.0,,0.0,normalDay
2021-07-27,6117.0,-80.0,0.0,0,439.01,0.0,1,1.84,2.64,SPY210813P00428000,428.0,0,0.0,0.0,,0.0,normalDay
2021-07-28,6117.0,-34.0,0.0,0,438.83,0.0,1,1.84,2.18,SPY210813P00428000,428.0,0,0.0,0.0,,0.0,normalDay
2021-07-29,6117.0,33.0,0.0,0,440.65,0.0,1,1.84,1.51,SPY210813P00428000,428.0,0,0.0,0.0,,0.0,normalDay
2021-07-30,6117.0,13.0,0.0,0,438.51,0.0,1,1.84,1.71,SPY210813P00428000,428.0,0,0.0,0.0,,0.0,normalDay
2021-08-02,6117.0,7.0,0.0,0,437.59,0.0,1,1.84,1.77,SPY210813P00428000,428.0,0,0.0,0.0,,0.0,normalDay
2021-08-03,6117.0,100.0,0.0,0,441.15,0.0,1,1.84,0.84,SPY210813P00428000,428.0,0,0.0,0.0,,0.0,normalDay
2021-08-04,6117.0,96.0,0.0,0,438.98,0.0,1,1.84,0.88,SPY210813P00428000,428.0,0,0.0,0.0,,0.0,normalDay
2021-08-05,6117.0,132.0,0.0,0,441.76,0.0,1,1.84,0.52,SPY210813P00428000,428.0,0,0.0,0.0,,0.0,normalDay
2021-08-06,6117.0,166.0,0.0,0,442.49,0.0,1,1.84,0.18,SPY210813P00428000,428.0,0,0.0,0.0,,0.0,normalDay
2021-08-09,6117.0,171.0,0.0,0,442.13,0.0,1,1.84,0.13,SPY210813P00428000,428.0,0,0.0,0.0,,0.0,normalDay
2021-08-10,6117.0,173.0,0.0,0,442.68,0.0,1,1.84,0.11,SPY210813P00428000,428.0,0,0.0,0.0,,0.0,normalDay
2021-08-11,6117.0,179.0,0.0,0,443.78,0.0,1,1.84,0.05,SPY210813P00428000,428.0,0,0.0,0.0,,0.0,normalDay
2021-08-12,6117.0,180.0,0.0,0,445.11,0.0,1,1.84,0.04,SPY210813P00428000,428.0,0,0.0,0.0,,0.0,normalDay
2021-08-13,6301.0,0.0,184.0,0,445.92,0.0,1,1.84,0.0,SPY210813P00428000,428.0,0,0.0,0.0,,0.0,expirationDay
2021-08-16,6301.0,-4.0,0.0,0,446.97,0.0,1,1.89,1.93,SPY210903P00436000,436.0,0,0.0,0.0,,0.0,normalDay
2021-08-17,6301.0,-109.0,0.0,0,444.04,0.0,1,1.89,2.98,SPY210903P00436000,436.0,0,0.0,0.0,,0.0,normalDay
2021-08-18,6301.0,-319.0,0.0,0,439.18,0.0,1,1.89,5.08,SPY210903P00436000,436.0,0,0.0,0.0,,0.0,normalDay
2021-08-19,6301.0,-269.0,0.0,0,439.86,0.0,1,1.89,4.58,SPY210903P00436000,436.0,0,0.0,0.0,,0.0,normalDay
2021-08-20,6301.0,-65.0,0.0,0,443.36,0.0,1,1.89,2.54,SPY210903P00436000,436.0,0,0.0,0.0,,0.0,normalDay
2021-08-23,6301.0,78.0,0.0,0,447.26,0.0,1,1.89,1.11,SPY210903P00436000,436.0,0,0.0,0.0,,0.0,normalDay
2021-08-24,6301.0,93.0,0.0,0,447.97,0.0,1,1.89,0.96,SPY210903P00436000,436.0,0,0.0,0.0,,0.0,normalDay
2021-08-25,6301.0,123.0,0.0,0,448.91,0.0,1,1.89,0.66,SPY210903P00436000,436.0,0,0.0,0.0,,0.0,normalDay
2021-08-26,6301.0,60.0,0.0,0,446.26,0.0,1,1.89,1.29,SPY210903P00436000,436.0,0,0.0,0.0,,0.0,normalDay
2021-08-27,6301.0,154.0,0.0,0,450.25,0.0,1,1.89,0.35,SPY210903P00436000,436.0,0,0.0,0.0,,0.0,normalDay
2021-08-30,6301.0,178.0,0.0,0,452.23,0.0,1,1.89,0.11,SPY210903P00436000,436.0,0,0.0,0.0,,0.0,normalDay
2021-08-31,6301.0,178.0,0.0,0,451.56,0.0,1,1.89,0.11,SPY210903P00436000,436.0,0,0.0,0.0,,0.0,normalDay
2021-09-01,6301.0,184.0,0.0,0,451.8,0.0,1,1.89,0.05,SPY210903P00436000,436.0,0,0.0,0.0,,0.0,normalDay
2021-09-02,6301.0,186.0,0.0,0,453.19,0.0,1,1.89,0.03,SPY210903P00436000,436.0,0,0.0,0.0,,0.0,normalDay
2021-09-03,6490.0,0.0,189.0,0,453.08,0.0,1,1.89,0.0,SPY210903P00436000,436.0,0,0.0,0.0,,0.0,expirationDay
2021-09-07,6490.0,-3.0,0.0,0,451.46,0.0,1,2.68,2.71,SPY210924P00442000,442.0,0,0.0,0.0,,0.0,normalDay
2021-09-08,6490.0,2.0,0.0,0,450.91,0.0,1,2.68,2.66,SPY210924P00442000,442.0,0,0.0,0.0,,0.0,normalDay
2021-09-09,6490.0,-71.0,0.0,0,448.98,0.0,1,2.68,3.39,SPY210924P00442000,442.0,0,0.0,0.0,,0.0,normalDay
2021-09-10,6490.0,-198.0,0.0,0,445.44,0.0,1,2.68,4.66,SPY210924P00442000,442.0,0,0.0,0.0,,0.0,normalDay
2021-09-13,6490.0,-76.0,0.0,0,446.58,0.0,1,2.68,3.44,SPY210924P00442000,442.0,0,0.0,0.0,,0.0,normalDay
2021-09-14,6490.0,-144.0,0.0,0,444.17,0.0,1,2.68,4.12,SPY210924P00442000,442.0,0,0.0,0.0,,0.0,normalDay
2021-09-15,6490.0,49.0,0.0,0,447.88,0.0,1,2.68,2.19,SPY210924P00442000,442.0,0,0.0,0.0,,0.0,normalDay
2021-09-16,6490.0,36.0,0.0,0,447.17,0.0,1,2.68,2.32,SPY210924P00442000,442.0,0,0.0,0.0,,0.0,normalDay
2021-09-17,6490.0,-169.0,0.0,0,441.4,0.0,1,2.68,4.37,SPY210924P00442000,442.0,0,0.0,0.0,,0.0,normalDay
2021-09-20,6490.0,-642.0,0.0,0,434.04,0.0,1,2.68,9.1,SPY210924P00442000,442.0,0,0.0,0.0,,0.0,normalDay
2021-09-21,6490.0,-642.0,0.0,0,433.63,0.0,1,2.68,9.1,SPY210924P00442000,442.0,0,0.0,0.0,,0.0,normalDay
2021-09-22,6490.0,-208.0,0.0,0,437.86,0.0,1,2.68,4.76,SPY210924P00442000,442.0,0,0.0,0.0,,0.0,normalDay
2021-09-23,6490.0,182.0,0.0,0,443.18,0.0,1,2.68,0.86,SPY210924P00442000,442.0,0,0.0,0.0,,0.0,normalDay
2021-09-24,6758.0,0.0,268.0,0,443.91,0.0,1,2.68,0.0,SPY210924P00442000,442.0,0,0.0,0.0,,0.0,expirationDay
2021-09-27,6758.0,-3.0,0.0,0,442.64,0.0,1,4.35,4.38,SPY211015P00439000,439.0,0,0.0,0.0,,0.0,normalDay
2021-09-28,6758.0,-487.0,0.0,0,433.72,0.0,1,4.35,9.22,SPY211015P00439000,439.0,0,0.0,0.0,,0.0,normalDay
2021-09-29,6758.0,-413.0,0.0,0,434.45,0.0,1,4.35,8.48,SPY211015P00439000,439.0,0,0.0,0.0,,0.0,normalDay
2021-09-30,6758.0,-710.0,0.0,0,429.14,0.0,1,4.35,11.45,SPY211015P00439000,439.0,0,0.0,0.0,,0.0,normalDay
2021-10-01,6758.0,-355.0,0.0,0,434.24,0.0,1,4.35,7.9,SPY211015P00439000,439.0,0,0.0,0.0,,0.0,normalDay
2021-10-04,6758.0,-733.0,0.0,0,428.64,0.0,1,4.35,11.68,SPY211015P00439000,439.0,0,0.0,0.0,,0.0,normalDay
2021-10-05,6758.0,-373.0,0.0,0,433.1,0.0,1,4.35,8.08,SPY211015P00439000,439.0,0,0.0,0.0,,0.0,normalDay
2021-10-06,6758.0,-260.0,0.0,0,434.9,0.0,1,4.35,6.95,SPY211015P00439000,439.0,0,0.0,0.0,,0.0,normalDay
2021-10-07,6758.0,18.0,0.0,0,438.66,0.0,1,4.35,4.17,SPY211015P00439000,439.0,0,0.0,0.0,,0.0,normalDay
2021-10-08,6758.0,1.0,0.0,0,437.86,0.0,1,4.35,4.34,SPY211015P00439000,439.0,0,0.0,0.0,,0.0,normalDay
2021-10-11,6758.0,-154.0,0.0,0,434.69,0.0,1,4.35,5.89,SPY211015P00439000,439.0,0,0.0,0.0,,0.0,normalDay
2021-10-12,6758.0,-251.0,0.0,0,433.62,0.0,1,4.35,6.86,SPY211015P00439000,439.0,0,0.0,0.0,,0.0,normalDay
2021-10-13,6758.0,-9.0,0.0,0,435.18,0.0,1,4.35,4.44,SPY211015P00439000,439.0,0,0.0,0.0,,0.0,normalDay
2021-10-14,6758.0,397.0,0.0,0,442.5,0.0,1,4.35,0.38,SPY211015P00439000,439.0,0,0.0,0.0,,0.0,normalDay
2021-10-15,7193.0,0.0,435.0,0,445.87,0.0,1,4.35,0.0,SPY211015P00439000,439.0,0,0.0,0.0,,0.0,expirationDay
2021-10-18,7193.0,-4.0,0.0,0,447.19,0.0,1,1.55,1.59,SPY211105P00431000,431.0,0,0.0,0.0,,0.0,normalDay
2021-10-19,7193.0,48.0,0.0,0,450.64,0.0,1,1.55,1.07,SPY211105P00431000,431.0,0,0.0,0.0,,0.0,normalDay
2021-10-20,7193.0,68.0,0.0,0,452.41,0.0,1,1.55,0.87,SPY211105P00431000,431.0,0,0.0,0.0,,0.0,normalDay
2021-10-21,7193.0,91.0,0.0,0,453.59,0.0,1,1.55,0.64,SPY211105P00431000,431.0,0,0.0,0.0,,0.0,normalDay
2021-10-22,7193.0,93.0,0.0,0,453.12,0.0,1,1.55,0.62,SPY211105P00431000,431.0,0,0.0,0.0,,0.0,normalDay
2021-10-25,7193.0,118.0,0.0,0,455.55,0.0,1,1.55,0.37,SPY211105P00431000,431.0,0,0.0,0.0,,0.0,normalDay
2021-10-26,7193.0,116.0,0.0,0,455.96,0.0,1,1.55,0.39,SPY211105P00431000,431.0,0,0.0,0.0,,0.0,normalDay
2021-10-27,7193.0,111.0,0.0,0,453.94,0.0,1,1.55,0.44,SPY211105P00431000,431.0,0,0.0,0.0,,0.0,normalDay
2021-10-28,7193.0,132.0,0.0,0,458.32,0.0,1,1.55,0.23,SPY211105P00431000,431.0,0,0.0,0.0,,0.0,normalDay
2021-10-29,7193.0,143.0,0.0,0,459.25,0.0,1,1.55,0.12,SPY211105P00431000,431.0,0,0.0,0.0,,0.0,normalDay
2021-11-01,7193.0,149.0,0.0,0,460.04,0.0,1,1.55,0.06,SPY211105P00431000,431.0,0,0.0,0.0,,0.0,normalDay
2021-11-02,7193.0,150.0,0.0,0,461.9,0.0,1,1.55,0.05,SPY211105P00431000,431.0,0,0.0,0.0,,0.0,normalDay
2021-11-03,7193.0,153.0,0.0,0,464.72,0.0,1,1.55,0.02,SPY211105P00431000,431.0,0,0.0,0.0,,0.0,normalDay
2021-11-04,7193.0,153.0,0.0,0,466.91,0.0,1,1.55,0.02,SPY211105P00431000,431.0,0,0.0,0.0,,0.0,normalDay
2021-11-05,7348.0,0.0,155.0,0,468.53,0.0,1,1.55,0.0,SPY211105P00431000,431.0,0,0.0,0.0,,0.0,expirationDay
2021-11-08,7348.0,-4.0,0.0,0,468.93,0.0,1,0.94,0.98,SPY211126P00442000,442.0,0,0.0,0.0,,0.0,normalDay
2021-11-09,7348.0,-12.0,0.0,0,467.38,0.0,1,0.94,1.06,SPY211126P00442000,442.0,0,0.0,0.0,,0.0,normalDay
2021-11-10,7348.0,-37.0,0.0,0,463.62,0.0,1,0.94,1.31,SPY211126P00442000,442.0,0,0.0,0.0,,0.0,normalDay
2021-11-11,7348.0,2.0,0.0,0,463.77,0.0,1,0.94,0.92,SPY211126P00442000,442.0,0,0.0,0.0,,0.0,normalDay
2021-11-12,7348.0,49.0,0.0,0,467.27,0.0,1,0.94,0.45,SPY211126P00442000,442.0,0,0.0,0.0,,0.0,normalDay
2021-11-15,7348.0,65.0,0.0,0,467.43,0.0,1,0.94,0.29,SPY211126P00442000,442.0,0,0.0,0.0,,0.0,normalDay
2021-11-16,7348.0,72.0,0.0,0,469.28,0.0,1,0.94,0.22,SPY211126P00442000,442.0,0,0.0,0.0,,0.0,normalDay
2021-11-17,7348.0,76.0,0.0,0,468.14,0.0,1,0.94,0.18,SPY211126P00442000,442.0,0,0.0,0.0,,0.0,normalDay
2021-11-18,7348.0,78.0,0.0,0,469.73,0.0,1,0.94,0.16,SPY211126P00442000,442.0,0,0.0,0.0,,0.0,normalDay
2021-11-19,7348.0,83.0,0.0,0,468.89,0.0,1,0.94,0.11,SPY211126P00442000,442.0,0,0.0,0.0,,0.0,normalDay
2021-11-22,7348.0,86.0,0.0,0,467.57,0.0,1,0.94,0.08,SPY211126P00442000,442.0,0,0.0,0.0,,0.0,normalDay
2021-11-23,7348.0,89.0,0.0,0,468.19,0.0,1,0.94,0.05,SPY211126P00442000,442.0,0,0.0,0.0,,0.0,normalDay
2021-11-24,7348.0,92.0,0.0,0,469.44,0.0,1,0.94,0.02,SPY211126P00442000,442.0,0,0.0,0.0,,0.0,normalDay
2021-11-26,7442.0,0.0,94.0,0,458.97,0.0,1,0.94,0.0,SPY211126P00442000,442.0,0,0.0,0.0,,0.0,expirationDay
2021-11-29,7442.0,-4.0,0.0,0,464.6,0.0,1,6.84,6.88,SPY211217P00462000,462.0,0,0.0,0.0,,0.0,normalDay
2021-11-30,7442.0,-435.0,0.0,0,455.56,0.0,1,6.84,11.19,SPY211217P00462000,462.0,0,0.0,0.0,,0.0,normalDay
2021-12-01,7442.0,-998.0,0.0,0,450.5,0.0,1,6.84,16.82,SPY211217P00462000,462.0,0,0.0,0.0,,0.0,normalDay
2021-12-02,7442.0,-431.0,0.0,0,457.4,0.0,1,6.84,11.15,SPY211217P00462000,462.0,0,0.0,0.0,,0.0,normalDay
2021-12-03,7442.0,-683.0,0.0,0,453.42,0.0,1,6.84,13.67,SPY211217P00462000,462.0,0,0.0,0.0,,0.0,normalDay
2021-12-06,7442.0,-222.0,0.0,0,458.79,0.0,1,6.84,9.06,SPY211217P00462000,462.0,0,0.0,0.0,,0.0,normalDay
2021-12-07,7442.0,311.0,0.0,0,468.28,0.0,1,6.84,3.73,SPY211217P00462000,462.0,0,0.0,0.0,,0.0,normalDay
2021-12-08,7442.0,426.0,0.0,0,469.52,0.0,1,6.84,2.58,SPY211217P00462000,462.0,0,0.0,0.0,,0.0,normalDay
2021-12-09,7442.0,308.0,0.0,0,466.35,0.0,1,6.84,3.76,SPY211217P00462000,462.0,0,0.0,0.0,,0.0,normalDay
2021-12-10,7442.0,527.0,0.0,0,470.74,0.0,1,6.84,1.57,SPY211217P00462000,462.0,0,0.0,0.0,,0.0,normalDay
2021-12-13,7442.0,429.0,0.0,0,466.57,0.0,1,6.84,2.55,SPY211217P00462000,462.0,0,0.0,0.0,,0.0,normalDay
2021-12-14,7442.0,316.0,0.0,0,463.36,0.0,1,6.84,3.68,SPY211217P00462000,462.0,0,0.0,0.0,,0.0,normalDay
2021-12-15,7442.0,623.0,0.0,0,470.6,0.0,1,6.84,0.61,SPY211217P00462000,462.0,0,0.0,0.0,,0.0,normalDay
2021-12-16,7442.0,578.0,0.0,0,466.45,0.0,1,6.84,1.06,SPY211217P00462000,462.0,0,0.0,0.0,,0.0,normalDay
2021-12-17,8126.0,-213.0,684.0,100,459.87,462.0,1,6.84,0.0,SPY211217P00462000,462.0,0,0.0,0.0,,0.0,expirationDay
2021-12-20,8126.0,-771.0,0.0,100,454.98,462.0,0,0.0,0.0,,0.0,1,31.84,32.53,SPY221216C00465000,465.0,normalDay
2021-12-21,8126.0,-368.0,0.0,100,463.06,462.0,0,0.0,0.0,,0.0,1,31.84,36.58,SPY221216C00465000,465.0,normalDay
2021-12-22,8126.0,-117.0,0.0,100,467.69,462.0,0,0.0,0.0,,0.0,1,31.84,38.7,SPY221216C00465000,465.0,normalDay
2021-12-23,8126.0,-48.0,0.0,100,470.6,462.0,0,0.0,0.0,,0.0,1,31.84,40.92,SPY221216C00465000,465.0,normalDay
2021-12-27,8126.0,184.0,0.0,100,477.26,462.0,0,0.0,0.0,,0.0,1,31.84,45.26,SPY221216C00465000,465.0,normalDay
2021-12-28,8126.0,212.0,0.0,100,476.87,462.0,0,0.0,0.0,,0.0,1,31.84,44.59,SPY221216C00465000,465.0,normalDay
2021-12-29,8126.0,250.0,0.0,100,477.48,462.0,0,0.0,0.0,,0.0,1,31.84,44.82,SPY221216C00465000,465.0,normalDay
2021-12-30,8126.0,213.0,0.0,100,476.16,462.0,0,0.0,0.0,,0.0,1,31.84,43.87,SPY221216C00465000,465.0,normalDay
2021-12-31,8126.0,214.0,0.0,100,474.96,462.0,0,0.0,0.0,,0.0,1,31.84,42.66,SPY221216C00465000,465.0,normalDay
2022-01-03,8126.0,366.0,0.0,100,477.71,462.0,0,0.0,0.0,,0.0,1,31.84,43.89,SPY221216C00465000,465.0,normalDay
2022-01-04,8126.0,365.0,0.0,100,477.55,462.0,0,0.0,0.0,,0.0,1,31.84,43.74,SPY221216C00465000,465.0,normalDay
2022-01-05,8126.0,-58.0,0.0,100,468.38,462.0,0,0.0,0.0,,0.0,1,31.84,38.8,SPY221216C00465000,465.0,normalDay
2022-01-06,8126.0,-65.0,0.0,100,467.94,462.0,0,0.0,0.0,,0.0,1,31.84,38.43,SPY221216C00465000,465.0,normalDay
2022-01-07,8126.0,-104.0,0.0,100,466.09,462.0,0,0.0,0.0,,0.0,1,31.84,36.97,SPY221216C00465000,465.0,normalDay
2022-01-10,8126.0,-77.0,0.0,100,465.51,462.0,0,0.0,0.0,,0.0,1,31.84,36.12,SPY221216C00465000,465.0,normalDay
2022-01-11,8126.0,138.0,0.0,100,469.75,462.0,0,0.0,0.0,,0.0,1,31.84,38.21,SPY221216C00465000,465.0,normalDay
2022-01-12,8126.0,186.0,0.0,100,471.02,462.0,0,0.0,0.0,,0.0,1,31.84,39.0,SPY221216C00465000,465.0,normalDay
2022-01-13,8126.0,-85.0,0.0,100,464.53,462.0,0,0.0,0.0,,0.0,1,31.84,35.22,SPY221216C00465000,465.0,normalDay
2022-01-14,8126.0,-44.0,0.0,100,464.72,462.0,0,0.0,0.0,,0.0,1,31.84,35.0,SPY221216C00465000,465.0,normalDay
2022-01-18,8126.0,-485.0,0.0,100,456.49,462.0,0,0.0,0.0,,0.0,1,31.84,31.18,SPY221216C00465000,465.0,normalDay
2022-01-19,8126.0,-691.0,0.0,100,451.75,462.0,0,0.0,0.0,,0.0,1,31.84,28.5,SPY221216C00465000,465.0,normalDay
2022-01-20,8126.0,-982.0,0.0,100,446.75,462.0,0,0.0,0.0,,0.0,1,31.84,26.41,SPY221216C00465000,465.0,normalDay
2022-01-21,8126.0,-1508.0,0.0,100,437.98,462.0,0,0.0,0.0,,0.0,1,31.84,22.9,SPY221216C00465000,465.0,normalDay
2022-01-24,8126.0,-1309.0,0.0,100,439.84,462.0,0,0.0,0.0,,0.0,1,31.84,22.77,SPY221216C00465000,465.0,normalDay
2022-01-25,8126.0,-1591.0,0.0,100,434.47,462.0,0,0.0,0.0,,0.0,1,31.84,20.22,SPY221216C00465000,465.0,normalDay
2022-01-26,8126.0,-1702.0,0.0,100,433.38,462.0,0,0.0,0.0,,0.0,1,31.84,20.24,SPY221216C00465000,465.0,normalDay
2022-01-27,8126.0,-1812.0,0.0,100,431.24,462.0,0,0.0,0.0,,0.0,1,31.84,19.2,SPY221216C00465000,465.0,normalDay
2022-01-28,8126.0,-1140.0,0.0,100,441.95,462.0,0,0.0,0.0,,0.0,1,31.84,23.19,SPY221216C00465000,465.0,normalDay
2022-01-31,8126.0,-656.0,0.0,100,449.91,462.0,0,0.0,0.0,,0.0,1,31.84,26.31,SPY221216C00465000,465.0,normalDay
2022-02-01,8126.0,-448.0,0.0,100,452.95,462.0,0,0.0,0.0,,0.0,1,31.84,27.27,SPY221216C00465000,465.0,normalDay
2022-02-02,8126.0,-173.0,0.0,100,457.35,462.0,0,0.0,0.0,,0.0,1,31.84,28.92,SPY221216C00465000,465.0,normalDay
2022-02-03,8126.0,-1038.0,0.0,100,446.6,462.0,0,0.0,0.0,,0.0,1,31.84,26.82,SPY221216C00465000,465.0,normalDay
2022-02-04,8126.0,-706.0,0.0,100,448.7,462.0,0,0.0,0.0,,0.0,1,31.84,25.6,SPY221216C00465000,465.0,normalDay
2022-02-07,8126.0,-801.0,0.0,100,447.26,462.0,0,0.0,0.0,,0.0,1,31.84,25.11,SPY221216C00465000,465.0,normalDay
2022-02-08,8126.0,-552.0,0.0,100,450.94,462.0,0,0.0,0.0,,0.0,1,31.84,26.3,SPY221216C00465000,465.0,normalDay
2022-02-09,8126.0,-189.0,0.0,100,457.54,462.0,0,0.0,0.0,,0.0,1,31.84,29.27,SPY221216C00465000,465.0,normalDay
2022-02-10,8126.0,-652.0,0.0,100,449.32,462.0,0,0.0,0.0,,0.0,1,31.84,25.68,SPY221216C00465000,465.0,normalDay
2022-02-11,8126.0,-1208.0,0.0,100,440.46,462.0,0,0.0,0.0,,0.0,1,31.84,22.38,SPY221216C00465000,465.0,normalDay
2022-02-14,8126.0,-1238.0,0.0,100,439.02,462.0,0,0.0,0.0,,0.0,1,31.84,21.24,SPY221216C00465000,465.0,normalDay
2022-02-15,8126.0,-737.0,0.0,100,446.1,462.0,0,0.0,0.0,,0.0,1,31.84,23.31,SPY221216C00465000,465.0,normalDay
2022-02-16,8126.0,-693.0,0.0,100,446.6,462.0,0,0.0,0.0,,0.0,1,31.84,23.37,SPY221216C00465000,465.0,normalDay
2022-02-17,8126.0,-1285.0,0.0,100,437.06,462.0,0,0.0,0.0,,0.0,1,31.84,19.75,SPY221216C00465000,465.0,normalDay
2022-02-18,8126.0,-1451.0,0.0,100,434.23,462.0,0,0.0,0.0,,0.0,1,31.84,18.58,SPY221216C00465000,465.0,normalDay
2022-02-22,8126.0,-1755.0,0.0,100,429.57,462.0,0,0.0,0.0,,0.0,1,31.84,16.96,SPY221216C00465000,465.0,normalDay
2022-02-23,8126.0,-2218.0,0.0,100,421.95,462.0,0,0.0,0.0,,0.0,1,31.84,13.97,SPY221216C00465000,465.0,normalDay
2022-02-24,8126.0,-1719.0,0.0,100,428.3,462.0,0,0.0,0.0,,0.0,1,31.84,15.33,SPY221216C00465000,465.0,normalDay
2022-02-25,8126.0,-1175.0,0.0,100,437.75,462.0,0,0.0,0.0,,0.0,1,31.84,19.34,SPY221216C00465000,465.0,normalDay
2022-02-28,8126.0,-1261.0,0.0,100,436.63,462.0,0,0.0,0.0,,0.0,1,31.84,19.08,SPY221216C00465000,465.0,normalDay
2022-03-01,8126.0,-1784.0,0.0,100,429.98,462.0,0,0.0,0.0,,0.0,1,31.84,17.66,SPY221216C00465000,465.0,normalDay
2022-03-02,8126.0,-1240.0,0.0,100,437.89,462.0,0,0.0,0.0,,0.0,1,31.84,20.13,SPY221216C00465000,465.0,normalDay
2022-03-03,8126.0,-1384.0,0.0,100,435.71,462.0,0,0.0,0.0,,0.0,1,31.84,19.39,SPY221216C00465000,465.0,normalDay
2022-03-04,8126.0,-1599.0,0.0,100,432.17,462.0,0,0.0,0.0,,0.0,1,31.84,18.0,SPY221216C00465000,465.0,normalDay
2022-03-07,8126.0,-2483.0,0.0,100,419.43,462.0,0,0.0,0.0,,0.0,1,31.84,14.1,SPY221216C00465000,465.0,normalDay
2022-03-08,8126.0,-2670.0,0.0,100,416.25,462.0,0,0.0,0.0,,0.0,1,31.84,12.79,SPY221216C00465000,465.0,normalDay
2022-03-09,8126.0,-2031.0,0.0,100,427.41,462.0,0,0.0,0.0,,0.0,1,31.84,17.56,SPY221216C00465000,465.0,normalDay
2022-03-10,8126.0,-1990.0,0.0,100,425.48,462.0,0,0.0,0.0,,0.0,1,31.84,15.22,SPY221216C00465000,465.0,normalDay
2022-03-11,8126.0,-2366.0,0.0,100,420.07,462.0,0,0.0,0.0,,0.0,1,31.84,13.57,SPY221216C00465000,465.0,normalDay
2022-03-14,8126.0,-2610.0,0.0,100,417.0,462.0,0,0.0,0.0,,0.0,1,31.84,12.94,SPY221216C00465000,465.0,normalDay
2022-03-15,8126.0,-1952.0,0.0,100,426.17,462.0,0,0.0,0.0,,0.0,1,31.84,15.53,SPY221216C00465000,465.0,normalDay
2022-03-16,8126.0,-1262.0,0.0,100,435.62,462.0,0,0.0,0.0,,0.0,1,31.84,18.08,SPY221216C00465000,465.0,normalDay
2022-03-17,8126.0,-878.0,0.0,100,441.07,462.0,0,0.0,0.0,,0.0,1,31.84,19.69,SPY221216C00465000,465.0,normalDay
2022-03-18,8126.0,-753.0,0.0,100,444.52,462.0,0,0.0,0.0,,0.0,1,31.84,21.89,SPY221216C00465000,465.0,normalDay
2022-03-21,8126.0,-743.0,0.0,100,444.39,462.0,0,0.0,0.0,,0.0,1,31.84,21.66,SPY221216C00465000,465.0,normalDay
2022-03-22,8126.0,-444.0,0.0,100,449.59,462.0,0,0.0,0.0,,0.0,1,31.84,23.87,SPY221216C00465000,465.0,normalDay
2022-03-23,8126.0,-736.0,0.0,100,443.8,462.0,0,0.0,0.0,,0.0,1,31.84,21.0,SPY221216C00465000,465.0,normalDay
2022-03-24,8126.0,-391.0,0.0,100,450.49,462.0,0,0.0,0.0,,0.0,1,31.84,24.24,SPY221216C00465000,465.0,normalDay
2022-03-25,8126.0,-265.0,0.0,100,452.69,462.0,0,0.0,0.0,,0.0,1,31.84,25.18,SPY221216C00465000,465.0,normalDay
2022-03-28,8126.0,-115.0,0.0,100,455.91,462.0,0,0.0,0.0,,0.0,1,31.84,26.9,SPY221216C00465000,465.0,normalDay
2022-03-29,8126.0,181.0,0.0,100,461.55,462.0,0,0.0,0.0,,0.0,1,31.84,29.58,SPY221216C00465000,465.0,normalDay
2022-03-30,8126.0,-14.0,0.0,100,458.7,462.0,0,0.0,0.0,,0.0,1,31.84,28.68,SPY221216C00465000,465.0,normalDay
2022-03-31,8126.0,-384.0,0.0,100,451.64,462.0,0,0.0,0.0,,0.0,1,31.84,25.32,SPY221216C00465000,465.0,normalDay
2022-04-01,8126.0,-238.0,0.0,100,452.92,462.0,0,0.0,0.0,,0.0,1,31.84,25.14,SPY221216C00465000,465.0,normalDay
2022-04-04,8126.0,-12.0,0.0,100,456.8,462.0,0,0.0,0.0,,0.0,1,31.84,26.76,SPY221216C00465000,465.0,normalDay
2022-04-05,8126.0,-398.0,0.0,100,451.03,462.0,0,0.0,0.0,,0.0,1,31.84,24.85,SPY221216C00465000,465.0,normalDay
2022-04-06,8126.0,-585.0,0.0,100,446.52,462.0,0,0.0,0.0,,0.0,1,31.84,22.21,SPY221216C00465000,465.0,normalDay
2022-04-07,8126.0,-458.0,0.0,100,448.77,462.0,0,0.0,0.0,,0.0,1,31.84,23.19,SPY221216C00465000,465.0,normalDay
2022-04-08,8126.0,-497.0,0.0,100,447.57,462.0,0,0.0,0.0,,0.0,1,31.84,22.38,SPY221216C00465000,465.0,normalDay
2022-04-11,8126.0,-912.0,0.0,100,439.92,462.0,0,0.0,0.0,,0.0,1,31.84,18.88,SPY221216C00465000,465.0,normalDay
2022-04-12,8126.0,-1008.0,0.0,100,438.29,462.0,0,0.0,0.0,,0.0,1,31.84,18.21,SPY221216C00465000,465.0,normalDay
2022-04-13,8126.0,-642.0,0.0,100,443.31,462.0,0,0.0,0.0,,0.0,1,31.84,19.57,SPY221216C00465000,465.0,normalDay
2022-04-14,8126.0,-982.0,0.0,100,437.79,462.0,0,0.0,0.0,,0.0,1,31.84,17.45,SPY221216C00465000,465.0,normalDay
2022-04-18,8126.0,-982.0,0.0,100,437.97,462.0,0,0.0,0.0,,0.0,1,31.84,17.63,SPY221216C00465000,465.0,normalDay
2022-04-19,8126.0,-449.0,0.0,100,445.04,462.0,0,0.0,0.0,,0.0,1,31.84,19.37,SPY221216C00465000,465.0,normalDay
2022-04-20,8126.0,-568.0,0.0,100,444.71,462.0,0,0.0,0.0,,0.0,1,31.84,20.23,SPY221216C00465000,465.0,normalDay
2022-04-21,8126.0,-912.0,0.0,100,438.06,462.0,0,0.0,0.0,,0.0,1,31.84,17.02,SPY221216C00465000,465.0,normalDay
2022-04-22,8126.0,-1708.0,0.0,100,426.04,462.0,0,0.0,0.0,,0.0,1,31.84,12.96,SPY221216C00465000,465.0,normalDay
2022-04-25,8126.0,-1556.0,0.0,100,428.51,462.0,0,0.0,0.0,,0.0,1,31.84,13.91,SPY221216C00465000,465.0,normalDay
2022-04-26,8126.0,-2428.0,0.0,100,416.1,462.0,0,0.0,0.0,,0.0,1,31.84,10.22,SPY221216C00465000,465.0,normalDay
2022-04-27,8126.0,-2367.0,0.0,100,417.27,462.0,0,0.0,0.0,,0.0,1,31.84,10.78,SPY221216C00465000,465.0,normalDay
2022-04-28,8126.0,-1544.0,0.0,100,427.81,462.0,0,0.0,0.0,,0.0,1,31.84,13.09,SPY221216C00465000,465.0,normalDay
2022-04-29,8126.0,-2751.0,0.0,100,412.0,462.0,0,0.0,0.0,,0.0,1,31.84,9.35,SPY221216C00465000,465.0,normalDay
2022-05-02,8126.0,-2534.0,0.0,100,414.48,462.0,0,0.0,0.0,,0.0,1,31.84,9.66,SPY221216C00465000,465.0,normalDay
2022-05-03,8126.0,-2334.0,0.0,100,416.38,462.0,0,0.0,0.0,,0.0,1,31.84,9.56,SPY221216C00465000,465.0,normalDay
2022-05-04,8126.0,-1380.0,0.0,100,429.06,462.0,0,0.0,0.0,,0.0,1,31.84,12.7,SPY221216C00465000,465.0,normalDay
2022-05-05,8126.0,-2547.0,0.0,100,413.81,462.0,0,0.0,0.0,,0.0,1,31.84,9.12,SPY221216C00465000,465.0,normalDay
2022-05-06,8126.0,-2693.0,0.0,100,411.34,462.0,0,0.0,0.0,,0.0,1,31.84,8.11,SPY221216C00465000,465.0,normalDay
2022-05-09,8126.0,-3792.0,0.0,100,398.17,462.0,0,0.0,0.0,,0.0,1,31.84,5.93,SPY221216C00465000,465.0,normalDay
2022-05-10,8126.0,-3676.0,0.0,100,399.09,462.0,0,0.0,0.0,,0.0,1,31.84,5.69,SPY221216C00465000,465.0,normalDay
2022-05-11,8126.0,-4232.0,0.0,100,392.75,462.0,0,0.0,0.0,,0.0,1,31.84,4.91,SPY221216C00465000,465.0,normalDay
2022-05-12,8126.0,-4219.0,0.0,100,392.34,462.0,0,0.0,0.0,,0.0,1,31.84,4.37,SPY221216C00465000,465.0,normalDay
2022-05-13,8126.0,-3364.0,0.0,100,401.72,462.0,0,0.0,0.0,,0.0,1,31.84,5.2,SPY221216C00465000,465.0,normalDay
2022-05-16,8126.0,-3490.0,0.0,100,400.09,462.0,0,0.0,0.0,,0.0,1,31.84,4.83,SPY221216C00465000,465.0,normalDay
2022-05-17,8126.0,-2822.0,0.0,100,408.32,462.0,0,0.0,0.0,,0.0,1,31.84,6.38,SPY221216C00465000,465.0,normalDay
2022-05-18,8126.0,-4190.0,0.0,100,391.86,462.0,0,0.0,0.0,,0.0,1,31.84,3.6,SPY221216C00465000,465.0,normalDay
2022-05-19,8126.0,-4378.0,0.0,100,389.46,462.0,0,0.0,0.0,,0.0,1,31.84,3.08,SPY221216C00465000,465.0,normalDay
2022-05-20,8126.0,-4370.0,0.0,100,389.63,462.0,0,0.0,0.0,,0.0,1,31.84,3.17,SPY221216C00465000,465.0,normalDay
2022-05-23,8126.0,-3751.0,0.0,100,396.92,462.0,0,0.0,0.0,,0.0,1,31.84,4.27,SPY221216C00465000,465.0,normalDay
2022-05-24,8126.0,-4027.0,0.0,100,393.89,462.0,0,0.0,0.0,,0.0,1,31.84,4.0,SPY221216C00465000,465.0,normalDay
2022-05-25,8126.0,-3709.0,0.0,100,397.37,462.0,0,0.0,0.0,,0.0,1,31.84,4.3,SPY221216C00465000,465.0,normalDay
2022-05-26,8126.0,-3052.0,0.0,100,405.31,462.0,0,0.0,0.0,,0.0,1,31.84,5.67,SPY221216C00465000,465.0,normalDay
2022-05-27,8126.0,-2271.0,0.0,100,415.26,462.0,0,0.0,0.0,,0.0,1,31.84,7.81,SPY221216C00465000,465.0,normalDay
2022-05-31,8126.0,-2396.0,0.0,100,412.93,462.0,0,0.0,0.0,,0.0,1,31.84,6.73,SPY221216C00465000,465.0,normalDay
2022-06-01,8126.0,-2640.0,0.0,100,409.59,462.0,0,0.0,0.0,,0.0,1,31.84,5.83,SPY221216C00465000,465.0,normalDay
2022-06-02,8126.0,-2034.0,0.0,100,417.39,462.0,0,0.0,0.0,,0.0,1,31.84,7.57,SPY221216C00465000,465.0,normalDay
2022-06-03,8126.0,-2554.0,0.0,100,410.54,462.0,0,0.0,0.0,,0.0,1,31.84,5.92,SPY221216C00465000,465.0,normalDay
2022-06-06,8126.0,-2431.0,0.0,100,411.79,462.0,0,0.0,0.0,,0.0,1,31.84,5.94,SPY221216C00465000,465.0,normalDay
2022-06-07,8126.0,-2116.0,0.0,100,415.74,462.0,0,0.0,0.0,,0.0,1,31.84,6.74,SPY221216C00465000,465.0,normalDay
2022-06-08,8126.0,-2462.0,0.0,100,411.22,462.0,0,0.0,0.0,,0.0,1,31.84,5.68,SPY221216C00465000,465.0,normalDay
2022-06-09,8126.0,-3287.0,0.0,100,401.44,462.0,0,0.0,0.0,,0.0,1,31.84,4.15,SPY221216C00465000,465.0,normalDay
2022-06-10,8126.0,-4319.0,0.0,100,389.8,462.0,0,0.0,0.0,,0.0,1,31.84,2.83,SPY221216C00465000,465.0,normalDay
2022-06-13,8126.0,-5697.0,0.0,100,375.0,462.0,0,0.0,0.0,,0.0,1,31.84,1.81,SPY221216C00465000,465.0,normalDay
2022-06-14,8126.0,-5783.0,0.0,100,373.87,462.0,0,0.0,0.0,,0.0,1,31.84,1.54,SPY221216C00465000,465.0,normalDay
2022-06-15,8126.0,-5276.0,0.0,100,379.2,462.0,0,0.0,0.0,,0.0,1,31.84,1.8,SPY221216C00465000,465.0,normalDay
2022-06-16,8126.0,-6482.0,0.0,100,366.65,462.0,0,0.0,0.0,,0.0,1,31.84,1.31,SPY221216C00465000,465.0,normalDay
2022-06-17,8126.0,-6554.0,0.0,100,365.86,462.0,0,0.0,0.0,,0.0,1,31.84,1.24,SPY221216C00465000,465.0,normalDay
2022-06-21,8126.0,-5662.0,0.0,100,375.07,462.0,0,0.0,0.0,,0.0,1,31.84,1.53,SPY221216C00465000,465.0,normalDay
2022-06-22,8126.0,-5726.0,0.0,100,374.39,462.0,0,0.0,0.0,,0.0,1,31.84,1.49,SPY221216C00465000,465.0,normalDay
2022-06-23,8126.0,-5367.0,0.0,100,378.06,462.0,0,0.0,0.0,,0.0,1,31.84,1.57,SPY221216C00465000,465.0,normalDay
2022-06-24,8126.0,-4254.0,0.0,100,390.08,462.0,0,0.0,0.0,,0.0,1,31.84,2.46,SPY221216C00465000,465.0,normalDay
2022-06-27,8126.0,-4392.0,0.0,100,388.59,462.0,0,0.0,0.0,,0.0,1,31.84,2.35,SPY221216C00465000,465.0,normalDay
2022-06-28,8126.0,-5114.0,0.0,100,380.65,462.0,0,0.0,0.0,,0.0,1,31.84,1.63,SPY221216C00465000,465.0,normalDay
2022-06-29,8126.0,-5142.0,0.0,100,380.34,462.0,0,0.0,0.0,,0.0,1,31.84,1.6,SPY221216C00465000,465.0,normalDay
2022-06-30,8126.0,-5426.0,0.0,100,377.25,462.0,0,0.0,0.0,,0.0,1,31.84,1.35,SPY221216C00465000,465.0,normalDay
2022-07-01,8126.0,-5031.0,0.0,100,381.24,462.0,0,0.0,0.0,,0.0,1,31.84,1.39,SPY221216C00465000,465.0,normalDay
2022-07-05,8126.0,-4952.0,0.0,100,381.96,462.0,0,0.0,0.0,,0.0,1,31.84,1.32,SPY221216C00465000,465.0,normalDay
2022-07-06,8126.0,-4834.0,0.0,100,383.25,462.0,0,0.0,0.0,,0.0,1,31.84,1.43,SPY221216C00465000,465.0,normalDay
2022-07-07,8126.0,-4293.0,0.0,100,388.99,462.0,0,0.0,0.0,,0.0,1,31.84,1.76,SPY221216C00465000,465.0,normalDay
2022-07-08,8126.0,-4318.0,0.0,100,388.67,462.0,0,0.0,0.0,,0.0,1,31.84,1.69,SPY221216C00465000,465.0,normalDay
2022-07-11,8126.0,-4732.0,0.0,100,384.23,462.0,0,0.0,0.0,,0.0,1,31.84,1.39,SPY221216C00465000,465.0,normalDay
2022-07-12,8126.0,-5044.0,0.0,100,380.83,462.0,0,0.0,0.0,,0.0,1,31.84,1.11,SPY221216C00465000,465.0,normalDay
2022-07-13,8126.0,-5234.0,0.0,100,378.83,462.0,0,0.0,0.0,,0.0,1,31.84,1.01,SPY221216C00465000,465.0,normalDay
2022-07-14,8126.0,-5326.0,0.0,100,377.91,462.0,0,0.0,0.0,,0.0,1,31.84,1.01,SPY221216C00465000,465.0,normalDay
2022-07-15,8126.0,-4628.0,0.0,100,385.13,462.0,0,0.0,0.0,,0.0,1,31.84,1.25,SPY221216C00465000,465.0,normalDay
2022-07-18,8126.0,-4934.0,0.0,100,381.95,462.0,0,0.0,0.0,,0.0,1,31.84,1.13,SPY221216C00465000,465.0,normalDay
2022-07-19,8126.0,-3984.0,0.0,100,392.27,462.0,0,0.0,0.0,,0.0,1,31.84,1.95,SPY221216C00465000,465.0,normalDay
2022-07-20,8126.0,-3757.0,0.0,100,394.77,462.0,0,0.0,0.0,,0.0,1,31.84,2.18,SPY221216C00465000,465.0,normalDay
2022-07-21,8126.0,-3383.0,0.0,100,398.79,462.0,0,0.0,0.0,,0.0,1,31.84,2.46,SPY221216C00465000,465.0,normalDay
2022-07-22,8126.0,-3707.0,0.0,100,395.09,462.0,0,0.0,0.0,,0.0,1,31.84,2.0,SPY221216C00465000,465.0,normalDay
2022-07-25,8126.0,-3655.0,0.0,100,395.57,462.0,0,0.0,0.0,,0.0,1,31.84,1.96,SPY221216C00465000,465.0,normalDay
2022-07-26,8126.0,-4087.0,0.0,100,390.89,462.0,0,0.0,0.0,,0.0,1,31.84,1.6,SPY221216C00465000,465.0,normalDay
2022-07-27,8126.0,-3137.0,0.0,100,401.04,462.0,0,0.0,0.0,,0.0,1,31.84,2.25,SPY221216C00465000,465.0,normalDay
2022-07-28,8126.0,-2695.0,0.0,100,406.07,462.0,0,0.0,0.0,,0.0,1,31.84,2.86,SPY221216C00465000,465.0,normalDay
2022-07-29,8126.0,-2162.0,0.0,100,411.99,462.0,0,0.0,0.0,,0.0,1,31.84,3.45,SPY221216C00465000,465.0,normalDay
2022-08-01,8126.0,-2273.0,0.0,100,410.77,462.0,0,0.0,0.0,,0.0,1,31.84,3.34,SPY221216C00465000,465.0,normalDay
2022-08-02,8126.0,-2508.0,0.0,100,408.06,462.0,0,0.0,0.0,,0.0,1,31.84,2.98,SPY221216C00465000,465.0,normalDay
2022-08-03,8126.0,-1932.0,0.0,100,414.45,462.0,0,0.0,0.0,,0.0,1,31.84,3.61,SPY221216C00465000,465.0,normalDay
2022-08-04,8126.0,-1964.0,0.0,100,414.17,462.0,0,0.0,0.0,,0.0,1,31.84,3.65,SPY221216C00465000,465.0,normalDay
2022-08-05,8126.0,-1997.0,0.0,100,413.47,462.0,0,0.0,0.0,,0.0,1,31.84,3.28,SPY221216C00465000,465.0,normalDay
2022-08-08,8126.0,-2044.0,0.0,100,412.99,462.0,0,0.0,0.0,,0.0,1,31.84,3.27,SPY221216C00465000,465.0,normalDay
2022-08-09,8126.0,-2177.0,0.0,100,411.35,462.0,0,0.0,0.0,,0.0,1,31.84,2.96,SPY221216C00465000,465.0,normalDay
2022-08-10,8126.0,-1416.0,0.0,100,419.99,462.0,0,0.0,0.0,,0.0,1,31.84,3.99,SPY221216C00465000,465.0,normalDay
2022-08-11,8126.0,-1415.0,0.0,100,419.99,462.0,0,0.0,0.0,,0.0,1,31.84,3.98,SPY221216C00465000,465.0,normalDay
2022-08-12,8126.0,-837.0,0.0,100,427.1,462.0,0,0.0,0.0,,0.0,1,31.84,5.31,SPY221216C00465000,465.0,normalDay
2022-08-15,8126.0,-686.0,0.0,100,428.86,462.0,0,0.0,0.0,,0.0,1,31.84,5.56,SPY221216C00465000,465.0,normalDay
2022-08-16,8126.0,-610.0,0.0,100,429.7,462.0,0,0.0,0.0,,0.0,1,31.84,5.64,SPY221216C00465000,465.0,normalDay
2022-08-17,8126.0,-851.0,0.0,100,426.65,462.0,0,0.0,0.0,,0.0,1,31.84,5.0,SPY221216C00465000,465.0,normalDay
2022-08-18,8126.0,-719.0,0.0,100,427.89,462.0,0,0.0,0.0,,0.0,1,31.84,4.92,SPY221216C00465000,465.0,normalDay
2022-08-19,8126.0,-1176.0,0.0,100,422.14,462.0,0,0.0,0.0,,0.0,1,31.84,3.74,SPY221216C00465000,465.0,normalDay
2022-08-22,8126.0,-1941.0,0.0,100,413.35,462.0,0,0.0,0.0,,0.0,1,31.84,2.6,SPY221216C00465000,465.0,normalDay
2022-08-23,8126.0,-2018.0,0.0,100,412.35,462.0,0,0.0,0.0,,0.0,1,31.84,2.37,SPY221216C00465000,465.0,normalDay
2022-08-24,8126.0,-1881.0,0.0,100,413.67,462.0,0,0.0,0.0,,0.0,1,31.84,2.32,SPY221216C00465000,465.0,normalDay
2022-08-25,8126.0,-1356.0,0.0,100,419.51,462.0,0,0.0,0.0,,0.0,1,31.84,2.91,SPY221216C00465000,465.0,normalDay
2022-08-26,8126.0,-2638.0,0.0,100,405.31,462.0,0,0.0,0.0,,0.0,1,31.84,1.53,SPY221216C00465000,465.0,normalDay
2022-08-29,8126.0,-2885.0,0.0,100,402.63,462.0,0,0.0,0.0,,0.0,1,31.84,1.32,SPY221216C00465000,465.0,normalDay
2022-08-30,8126.0,-3297.0,0.0,100,398.21,462.0,0,0.0,0.0,,0.0,1,31.84,1.02,SPY221216C00465000,465.0,normalDay
2022-08-31,8126.0,-3583.0,0.0,100,395.18,462.0,0,0.0,0.0,,0.0,1,31.84,0.85,SPY221216C00465000,465.0,normalDay
2022-09-01,8126.0,-3460.0,0.0,100,396.42,462.0,0,0.0,0.0,,0.0,1,31.84,0.86,SPY221216C00465000,465.0,normalDay
2022-09-02,8126.0,-3864.0,0.0,100,392.24,462.0,0,0.0,0.0,,0.0,1,31.84,0.72,SPY221216C00465000,465.0,normalDay
2022-09-06,8126.0,-4004.0,0.0,100,390.76,462.0,0,0.0,0.0,,0.0,1,31.84,0.64,SPY221216C00465000,465.0,normalDay
2022-09-07,8126.0,-3322.0,0.0,100,397.78,462.0,0,0.0,0.0,,0.0,1,31.84,0.84,SPY221216C00465000,465.0,normalDay
2022-09-08,8126.0,-3069.0,0.0,100,400.38,462.0,0,0.0,0.0,,0.0,1,31.84,0.91,SPY221216C00465000,465.0,normalDay
2022-09-09,8126.0,-2476.0,0.0,100,406.6,462.0,0,0.0,0.0,,0.0,1,31.84,1.2,SPY221216C00465000,465.0,normalDay
2022-09-12,8126.0,-2087.0,0.0,100,410.97,462.0,0,0.0,0.0,,0.0,1,31.84,1.68,SPY221216C00465000,465.0,normalDay
2022-09-13,8126.0,-3775.0,0.0,100,393.1,462.0,0,0.0,0.0,,0.0,1,31.84,0.69,SPY221216C00465000,465.0,normalDay
2022-09-14,8126.0,-3625.0,0.0,100,394.6,462.0,0,0.0,0.0,,0.0,1,31.84,0.69,SPY221216C00465000,465.0,normalDay
2022-09-15,8126.0,-4055.0,0.0,100,390.12,462.0,0,0.0,0.0,,0.0,1,31.84,0.51,SPY221216C00465000,465.0,normalDay
2022-09-16,8126.0,-4505.0,0.0,100,385.56,462.0,0,0.0,0.0,,0.0,1,31.84,0.45,SPY221216C00465000,465.0,normalDay
2022-09-19,8126.0,-4209.0,0.0,100,388.55,462.0,0,0.0,0.0,,0.0,1,31.84,0.48,SPY221216C00465000,465.0,normalDay
2022-09-20,8126.0,-4646.0,0.0,100,384.09,462.0,0,0.0,0.0,,0.0,1,31.84,0.39,SPY221216C00465000,465.0,normalDay
2022-09-21,8126.0,-5305.0,0.0,100,377.39,462.0,0,0.0,0.0,,0.0,1,31.84,0.28,SPY221216C00465000,465.0,normalDay
2022-09-22,8126.0,-5617.0,0.0,100,374.22,462.0,0,0.0,0.0,,0.0,1,31.84,0.23,SPY221216C00465000,465.0,normalDay
2022-09-23,8126.0,-6240.0,0.0,100,367.95,462.0,0,0.0,0.0,,0.0,1,31.84,0.19,SPY221216C00465000,465.0,normalDay
2022-09-26,8126.0,-6602.0,0.0,100,364.31,462.0,0,0.0,0.0,,0.0,1,31.84,0.17,SPY221216C00465000,465.0,normalDay
2022-09-27,8126.0,-6693.0,0.0,100,363.38,462.0,0,0.0,0.0,,0.0,1,31.84,0.15,SPY221216C00465000,465.0,normalDay
2022-09-28,8126.0,-5986.0,0.0,100,370.53,462.0,0,0.0,0.0,,0.0,1,31.84,0.23,SPY221216C00465000,465.0,normalDay
2022-09-29,8126.0,-6751.0,0.0,100,362.79,462.0,0,0.0,0.0,,0.0,1,31.84,0.14,SPY221216C00465000,465.0,normalDay
2022-09-30,8126.0,-7310.0,0.0,100,357.18,462.0,0,0.0,0.0,,0.0,1,31.84,0.12,SPY221216C00465000,465.0,normalDay
2022-10-03,8126.0,-6372.0,0.0,100,366.61,462.0,0,0.0,0.0,,0.0,1,31.84,0.17,SPY221216C00465000,465.0,normalDay
2022-10-04,8126.0,-5253.0,0.0,100,377.97,462.0,0,0.0,0.0,,0.0,1,31.84,0.34,SPY221216C00465000,465.0,normalDay
2022-10-05,8126.0,-5331.0,0.0,100,377.09,462.0,0,0.0,0.0,,0.0,1,31.84,0.24,SPY221216C00465000,465.0,normalDay
2022-10-06,8126.0,-5715.0,0.0,100,373.2,462.0,0,0.0,0.0,,0.0,1,31.84,0.19,SPY221216C00465000,465.0,normalDay
2022-10-07,8126.0,-6750.0,0.0,100,362.79,462.0,0,0.0,0.0,,0.0,1,31.84,0.13,SPY221216C00465000,465.0,normalDay
2022-10-10,8126.0,-7026.0,0.0,100,360.02,462.0,0,0.0,0.0,,0.0,1,31.84,0.12,SPY221216C00465000,465.0,normalDay
2022-10-11,8126.0,-7254.0,0.0,100,357.74,462.0,0,0.0,0.0,,0.0,1,31.84,0.12,SPY221216C00465000,465.0,normalDay
2022-10-12,8126.0,-7372.0,0.0,100,356.56,462.0,0,0.0,0.0,,0.0,1,31.84,0.12,SPY221216C00465000,465.0,normalDay
2022-10-13,8126.0,-6438.0,0.0,100,365.97,462.0,0,0.0,0.0,,0.0,1,31.84,0.19,SPY221216C00465000,465.0,normalDay
2022-10-14,8126.0,-7266.0,0.0,100,357.63,462.0,0,0.0,0.0,,0.0,1,31.84,0.13,SPY221216C00465000,465.0,normalDay
2022-10-17,8126.0,-6351.0,0.0,100,366.82,462.0,0,0.0,0.0,,0.0,1,31.84,0.17,SPY221216C00465000,465.0,normalDay
2022-10-18,8126.0,-5923.0,0.0,100,371.13,462.0,0,0.0,0.0,,0.0,1,31.84,0.2,SPY221216C00465000,465.0,normalDay
2022-10-19,8126.0,-6182.0,0.0,100,368.5,462.0,0,0.0,0.0,,0.0,1,31.84,0.16,SPY221216C00465000,465.0,normalDay
2022-10-20,8126.0,-6485.0,0.0,100,365.41,462.0,0,0.0,0.0,,0.0,1,31.84,0.1,SPY221216C00465000,465.0,normalDay
2022-10-21,8126.0,-5607.0,0.0,100,374.29,462.0,0,0.0,0.0,,0.0,1,31.84,0.2,SPY221216C00465000,465.0,normalDay
2022-10-24,8126.0,-5151.0,0.0,100,378.87,462.0,0,0.0,0.0,,0.0,1,31.84,0.22,SPY221216C00465000,465.0,normalDay
2022-10-25,8126.0,-4545.0,0.0,100,384.92,462.0,0,0.0,0.0,,0.0,1,31.84,0.21,SPY221216C00465000,465.0,normalDay
2022-10-26,8126.0,-4829.0,0.0,100,382.02,462.0,0,0.0,0.0,,0.0,1,31.84,0.15,SPY221216C00465000,465.0,normalDay
2022-10-27,8126.0,-5027.0,0.0,100,379.98,462.0,0,0.0,0.0,,0.0,1,31.84,0.09,SPY221216C00465000,465.0,normalDay
2022-10-28,8126.0,-4131.0,0.0,100,389.02,462.0,0,0.0,0.0,,0.0,1,31.84,0.17,SPY221216C00465000,465.0,normalDay
2022-10-31,8126.0,-4407.0,0.0,100,386.21,462.0,0,0.0,0.0,,0.0,1,31.84,0.12,SPY221216C00465000,465.0,normalDay
2022-11-01,8126.0,-4574.0,0.0,100,384.52,462.0,0,0.0,0.0,,0.0,1,31.84,0.1,SPY221216C00465000,465.0,normalDay
2022-11-02,8126.0,-5534.0,0.0,100,374.87,462.0,0,0.0,0.0,,0.0,1,31.84,0.05,SPY221216C00465000,465.0,normalDay
2022-11-03,8126.0,-5920.0,0.0,100,371.01,462.0,0,0.0,0.0,,0.0,1,31.84,0.05,SPY221216C00465000,465.0,normalDay
2022-11-04,8126.0,-5385.0,0.0,100,376.35,462.0,0,0.0,0.0,,0.0,1,31.84,0.04,SPY221216C00465000,465.0,normalDay
2022-11-07,8126.0,-5026.0,0.0,100,379.95,462.0,0,0.0,0.0,,0.0,1,31.84,0.05,SPY221216C00465000,465.0,normalDay
2022-11-08,8126.0,-4821.0,0.0,100,382.0,462.0,0,0.0,0.0,,0.0,1,31.84,0.05,SPY221216C00465000,465.0,normalDay
2022-11-09,8126.0,-5607.0,0.0,100,374.13,462.0,0,0.0,0.0,,0.0,1,31.84,0.04,SPY221216C00465000,465.0,normalDay
2022-11-10,8126.0,-3557.0,0.0,100,394.69,462.0,0,0.0,0.0,,0.0,1,31.84,0.1,SPY221216C00465000,465.0,normalDay
2022-11-11,8126.0,-3174.0,0.0,100,398.51,462.0,0,0.0,0.0,,0.0,1,31.84,0.09,SPY221216C00465000,465.0,normalDay
2022-11-14,8126.0,-3510.0,0.0,100,395.12,462.0,0,0.0,0.0,,0.0,1,31.84,0.06,SPY221216C00465000,465.0,normalDay
2022-11-15,8126.0,-3175.0,0.0,100,398.49,462.0,0,0.0,0.0,,0.0,1,31.84,0.08,SPY221216C00465000,465.0,normalDay
2022-11-16,8126.0,-3476.0,0.0,100,395.45,462.0,0,0.0,0.0,,0.0,1,31.84,0.05,SPY221216C00465000,465.0,normalDay
2022-11-17,8126.0,-3597.0,0.0,100,394.24,462.0,0,0.0,0.0,,0.0,1,31.84,0.05,SPY221216C00465000,465.0,normalDay
2022-11-18,8126.0,-3417.0,0.0,100,396.03,462.0,0,0.0,0.0,,0.0,1,31.84,0.04,SPY221216C00465000,465.0,normalDay
2022-11-21,8126.0,-3560.0,0.0,100,394.59,462.0,0,0.0,0.0,,0.0,1,31.84,0.03,SPY221216C00465000,465.0,normalDay
2022-11-22,8126.0,-3029.0,0.0,100,399.9,462.0,0,0.0,0.0,,0.0,1,31.84,0.03,SPY221216C00465000,465.0,normalDay
2022-11-23,8126.0,-2777.0,0.0,100,402.42,462.0,0,0.0,0.0,,0.0,1,31.84,0.03,SPY221216C00465000,465.0,normalDay
2022-11-25,8126.0,-2786.0,0.0,100,402.33,462.0,0,0.0,0.0,,0.0,1,31.84,0.03,SPY221216C00465000,465.0,normalDay
2022-11-28,8126.0,-3427.0,0.0,100,395.91,462.0,0,0.0,0.0,,0.0,1,31.84,0.02,SPY221216C00465000,465.0,normalDay
2022-11-29,8126.0,-3495.0,0.0,100,395.23,462.0,0,0.0,0.0,,0.0,1,31.84,0.02,SPY221216C00465000,465.0,normalDay
2022-11-30,8126.0,-2251.0,0.0,100,407.68,462.0,0,0.0,0.0,,0.0,1,31.84,0.03,SPY221216C00465000,465.0,normalDay
2022-12-01,8126.0,-2280.0,0.0,100,407.38,462.0,0,0.0,0.0,,0.0,1,31.84,0.02,SPY221216C00465000,465.0,normalDay
2022-12-02,8126.0,-2327.0,0.0,100,406.91,462.0,0,0.0,0.0,,0.0,1,31.84,0.02,SPY221216C00465000,465.0,normalDay
2022-12-05,8126.0,-3058.0,0.0,100,399.59,462.0,0,0.0,0.0,,0.0,1,31.84,0.01,SPY221216C00465000,465.0,normalDay
2022-12-06,8126.0,-3634.0,0.0,100,393.83,462.0,0,0.0,0.0,,0.0,1,31.84,0.01,SPY221216C00465000,465.0,normalDay
2022-12-07,8126.0,-3701.0,0.0,100,393.16,462.0,0,0.0,0.0,,0.0,1,31.84,0.01,SPY221216C00465000,465.0,normalDay
2022-12-08,8126.0,-3393.0,0.0,100,396.24,462.0,0,0.0,0.0,,0.0,1,31.84,0.01,SPY221216C00465000,465.0,normalDay
2022-12-09,8126.0,-3689.0,0.0,100,393.28,462.0,0,0.0,0.0,,0.0,1,31.84,0.01,SPY221216C00465000,465.0,normalDay
2022-12-12,8126.0,-3122.0,0.0,100,398.95,462.0,0,0.0,0.0,,0.0,1,31.84,0.01,SPY221216C00465000,465.0,normalDay
2022-12-13,8126.0,-2820.0,0.0,100,401.97,462.0,0,0.0,0.0,,0.0,1,31.84,0.01,SPY221216C00465000,465.0,normalDay
2022-12-14,8126.0,-3077.0,0.0,100,399.4,462.0,0,0.0,0.0,,0.0,1,31.84,0.01,SPY221216C00465000,465.0,normalDay
2022-12-15,8126.0,-4054.0,0.0,100,389.63,462.0,0,0.0,0.0,,0.0,1,31.84,0.01,SPY221216C00465000,465.0,normalDay
2022-12-16,11310.0,-7873.0,3184.0,100,383.27,462.0,0,0.0,0.0,,0.0,1,31.84,0.0,SPY221216C00465000,465.0,expirationDay
2022-12-19,11310.0,-8336.0,0.0,100,380.02,462.0,0,0.0,0.0,,0.0,1,30.65,32.03,SPY231215C00400000,400.0,normalDay
2022-12-20,11310.0,-8321.0,0.0,100,380.54,462.0,0,0.0,0.0,,0.0,1,30.65,32.4,SPY231215C00400000,400.0,normalDay
2022-12-21,11310.0,-8022.0,0.0,100,386.23,462.0,0,0.0,0.0,,0.0,1,30.65,35.1,SPY231215C00400000,400.0,normalDay
2022-12-22,11310.0,-8285.0,0.0,100,380.72,462.0,0,0.0,0.0,,0.0,1,30.65,32.22,SPY231215C00400000,400.0,normalDay
2022-12-23,11310.0,-8094.0,0.0,100,382.91,462.0,0,0.0,0.0,,0.0,1,30.65,32.5,SPY231215C00400000,400.0,normalDay
2022-12-27,11310.0,-8244.0,0.0,100,381.4,462.0,0,0.0,0.0,,0.0,1,30.65,32.49,SPY231215C00400000,400.0,normalDay
2022-12-28,11310.0,-8406.0,0.0,100,376.66,462.0,0,0.0,0.0,,0.0,1,30.65,29.37,SPY231215C00400000,400.0,normalDay
2022-12-29,11310.0,-8067.0,0.0,100,383.44,462.0,0,0.0,0.0,,0.0,1,30.65,32.76,SPY231215C00400000,400.0,normalDay
2022-12-30,11310.0,-8133.0,0.0,100,382.43,462.0,0,0.0,0.0,,0.0,1,30.65,32.41,SPY231215C00400000,400.0,normalDay
2023-01-03,11310.0,-8117.0,0.0,100,380.82,462.0,0,0.0,0.0,,0.0,1,30.65,30.64,SPY231215C00400000,400.0,normalDay
2023-01-04,11310.0,-7959.0,0.0,100,383.76,462.0,0,0.0,0.0,,0.0,1,30.65,32.0,SPY231215C00400000,400.0,normalDay
2023-01-05,11310.0,-8131.0,0.0,100,379.38,462.0,0,0.0,0.0,,0.0,1,30.65,29.34,SPY231215C00400000,400.0,normalDay
2023-01-06,11310.0,-7680.0,0.0,100,388.08,462.0,0,0.0,0.0,,0.0,1,30.65,33.53,SPY231215C00400000,400.0,normalDay
2023-01-09,11310.0,-7673.0,0.0,100,387.86,462.0,0,0.0,0.0,,0.0,1,30.65,33.24,SPY231215C00400000,400.0,normalDay
2023-01-10,11310.0,-7494.0,0.0,100,390.58,462.0,0,0.0,0.0,,0.0,1,30.65,34.17,SPY231215C00400000,400.0,normalDay
2023-01-11,11310.0,-7341.0,0.0,100,395.52,462.0,0,0.0,0.0,,0.0,1,30.65,37.58,SPY231215C00400000,400.0,normalDay
2023-01-12,11310.0,-7182.0,0.0,100,396.96,462.0,0,0.0,0.0,,0.0,1,30.65,37.43,SPY231215C00400000,400.0,normalDay
2023-01-13,11310.0,-7053.0,0.0,100,398.5,462.0,0,0.0,0.0,,0.0,1,30.65,37.68,SPY231215C00400000,400.0,normalDay
2023-01-17,11310.0,-7020.0,0.0,100,397.77,462.0,0,0.0,0.0,,0.0,1,30.65,36.62,SPY231215C00400000,400.0,normalDay
2023-01-18,11310.0,-7317.0,0.0,100,391.49,462.0,0,0.0,0.0,,0.0,1,30.65,33.31,SPY231215C00400000,400.0,normalDay
2023-01-19,11310.0,-7352.0,0.0,100,388.64,462.0,0,0.0,0.0,,0.0,1,30.65,30.81,SPY231215C00400000,400.0,normalDay
2023-01-20,11310.0,-7044.0,0.0,100,395.88,462.0,0,0.0,0.0,,0.0,1,30.65,34.97,SPY231215C00400000,400.0,normalDay
2023-01-23,11310.0,-6832.0,0.0,100,400.63,462.0,0,0.0,0.0,,0.0,1,30.65,37.6,SPY231215C00400000,400.0,normalDay
2023-01-24,11310.0,-6909.0,0.0,100,400.2,462.0,0,0.0,0.0,,0.0,1,30.65,37.94,SPY231215C00400000,400.0,normalDay
2023-01-25,11310.0,-6757.0,0.0,100,400.35,462.0,0,0.0,0.0,,0.0,1,30.65,36.57,SPY231215C00400000,400.0,normalDay
2023-01-26,11310.0,-6559.0,0.0,100,404.75,462.0,0,0.0,0.0,,0.0,1,30.65,38.99,SPY231215C00400000,400.0,normalDay
2023-01-27,11310.0,-6550.0,0.0,100,405.68,462.0,0,0.0,0.0,,0.0,1,30.65,39.83,SPY231215C00400000,400.0,normalDay
2023-01-30,11310.0,-6706.0,0.0,100,400.59,462.0,0,0.0,0.0,,0.0,1,30.65,36.3,SPY231215C00400000,400.0,normalDay
2023-01-31,11310.0,-6492.0,0.0,100,406.48,462.0,0,0.0,0.0,,0.0,1,30.65,40.05,SPY231215C00400000,400.0,normalDay
2023-02-01,11310.0,-6427.0,0.0,100,410.8,462.0,0,0.0,0.0,,0.0,1,30.65,43.72,SPY231215C00400000,400.0,normalDay
2023-02-02,11310.0,-6108.0,0.0,100,416.78,462.0,0,0.0,0.0,,0.0,1,30.65,46.51,SPY231215C00400000,400.0,normalDay
2023-02-03,11310.0,-6336.0,0.0,100,412.35,462.0,0,0.0,0.0,,0.0,1,30.65,44.36,SPY231215C00400000,400.0,normalDay
2023-02-06,11310.0,-6447.0,0.0,100,409.83,462.0,0,0.0,0.0,,0.0,1,30.65,42.95,SPY231215C00400000,400.0,normalDay
2023-02-07,11310.0,-6193.0,0.0,100,415.19,462.0,0,0.0,0.0,,0.0,1,30.65,45.77,SPY231215C00400000,400.0,normalDay
2023-02-08,11310.0,-6430.0,0.0,100,410.65,462.0,0,0.0,0.0,,0.0,1,30.65,43.6,SPY231215C00400000,400.0,normalDay
2023-02-09,11310.0,-6566.0,0.0,100,407.09,462.0,0,0.0,0.0,,0.0,1,30.65,41.4,SPY231215C00400000,400.0,normalDay
2023-02-10,11310.0,-6519.0,0.0,100,408.04,462.0,0,0.0,0.0,,0.0,1,30.65,41.88,SPY231215C00400000,400.0,normalDay
2023-02-13,11310.0,-6341.0,0.0,100,412.83,462.0,0,0.0,0.0,,0.0,1,30.65,44.89,SPY231215C00400000,400.0,normalDay
2023-02-14,11310.0,-6298.0,0.0,100,412.64,462.0,0,0.0,0.0,,0.0,1,30.65,44.27,SPY231215C00400000,400.0,normalDay
2023-02-15,11310.0,-6251.0,0.0,100,413.98,462.0,0,0.0,0.0,,0.0,1,30.65,45.14,SPY231215C00400000,400.0,normalDay
2023-02-16,11310.0,-6442.0,0.0,100,408.28,462.0,0,0.0,0.0,,0.0,1,30.65,41.35,SPY231215C00400000,400.0,normalDay
2023-02-17,11310.0,-6453.0,0.0,100,407.26,462.0,0,0.0,0.0,,0.0,1,30.65,40.44,SPY231215C00400000,400.0,normalDay
2023-02-21,11310.0,-6814.0,0.0,100,399.09,462.0,0,0.0,0.0,,0.0,1,30.65,35.88,SPY231215C00400000,400.0,normalDay
2023-02-22,11310.0,-6761.0,0.0,100,398.54,462.0,0,0.0,0.0,,0.0,1,30.65,34.8,SPY231215C00400000,400.0,normalDay
2023-02-23,11310.0,-6587.0,0.0,100,400.66,462.0,0,0.0,0.0,,0.0,1,30.65,35.18,SPY231215C00400000,400.0,normalDay
2023-02-24,11310.0,-6800.0,0.0,100,396.38,462.0,0,0.0,0.0,,0.0,1,30.65,33.03,SPY231215C00400000,400.0,normalDay
2023-02-27,11310.0,-6711.0,0.0,100,397.73,462.0,0,0.0,0.0,,0.0,1,30.65,33.49,SPY231215C00400000,400.0,normalDay
2023-02-28,11310.0,-6716.0,0.0,100,396.26,462.0,0,0.0,0.0,,0.0,1,30.65,32.07,SPY231215C00400000,400.0,normalDay
2023-03-01,11310.0,-6739.0,0.0,100,394.74,462.0,0,0.0,0.0,,0.0,1,30.65,30.78,SPY231215C00400000,400.0,normalDay
2023-03-02,11310.0,-6627.0,0.0,100,397.81,462.0,0,0.0,0.0,,0.0,1,30.65,32.73,SPY231215C00400000,400.0,normalDay
2023-03-03,11310.0,-6376.0,0.0,100,404.19,462.0,0,0.0,0.0,,0.0,1,30.65,36.6,SPY231215C00400000,400.0,normalDay
2023-03-06,11310.0,-6355.0,0.0,100,404.47,462.0,0,0.0,0.0,,0.0,1,30.65,36.67,SPY231215C00400000,400.0,normalDay
2023-03-07,11310.0,-6583.0,0.0,100,398.27,462.0,0,0.0,0.0,,0.0,1,30.65,32.75,SPY231215C00400000,400.0,normalDay
2023-03-08,11310.0,-6533.0,0.0,100,398.92,462.0,0,0.0,0.0,,0.0,1,30.65,32.9,SPY231215C00400000,400.0,normalDay
2023-03-09,11310.0,-6802.0,0.0,100,391.56,462.0,0,0.0,0.0,,0.0,1,30.65,28.23,SPY231215C00400000,400.0,normalDay
2023-03-10,11310.0,-7067.0,0.0,100,385.91,462.0,0,0.0,0.0,,0.0,1,30.65,25.23,SPY231215C00400000,400.0,normalDay
2023-03-13,11310.0,-7053.0,0.0,100,385.36,462.0,0,0.0,0.0,,0.0,1,30.65,24.54,SPY231215C00400000,400.0,normalDay
2023-03-14,11310.0,-6723.0,0.0,100,391.73,462.0,0,0.0,0.0,,0.0,1,30.65,27.61,SPY231215C00400000,400.0,normalDay
2023-03-15,11310.0,-6885.0,0.0,100,389.28,462.0,0,0.0,0.0,,0.0,1,30.65,26.78,SPY231215C00400000,400.0,normalDay
2023-03-16,11310.0,-6615.0,0.0,100,396.11,462.0,0,0.0,0.0,,0.0,1,30.65,30.91,SPY231215C00400000,400.0,normalDay
2023-03-17,11310.0,-7018.0,0.0,100,389.99,462.0,0,0.0,0.0,,0.0,1,30.65,28.82,SPY231215C00400000,400.0,normalDay
2023-03-20,11310.0,-6801.0,0.0,100,393.74,462.0,0,0.0,0.0,,0.0,1,30.65,30.4,SPY231215C00400000,400.0,normalDay
2023-03-21,11310.0,-6562.0,0.0,100,398.91,462.0,0,0.0,0.0,,0.0,1,30.65,33.18,SPY231215C00400000,400.0,normalDay
2023-03-22,11310.0,-6868.0,0.0,100,392.11,462.0,0,0.0,0.0,,0.0,1,30.65,29.44,SPY231215C00400000,400.0,normalDay
2023-03-23,11310.0,-6745.0,0.0,100,393.17,462.0,0,0.0,0.0,,0.0,1,30.65,29.27,SPY231215C00400000,400.0,normalDay
2023-03-24,11310.0,-6619.0,0.0,100,395.75,462.0,0,0.0,0.0,,0.0,1,30.65,30.59,SPY231215C00400000,400.0,normalDay
2023-03-27,11310.0,-6569.0,0.0,100,396.49,462.0,0,0.0,0.0,,0.0,1,30.65,30.83,SPY231215C00400000,400.0,normalDay
2023-03-28,11310.0,-6599.0,0.0,100,395.6,462.0,0,0.0,0.0,,0.0,1,30.65,30.24,SPY231215C00400000,400.0,normalDay
2023-03-29,11310.0,-6329.0,0.0,100,401.35,462.0,0,0.0,0.0,,0.0,1,30.65,33.29,SPY231215C00400000,400.0,normalDay
2023-03-30,11310.0,-6249.0,0.0,100,403.7,462.0,0,0.0,0.0,,0.0,1,30.65,34.84,SPY231215C00400000,400.0,normalDay
2023-03-31,11310.0,-6073.0,0.0,100,409.39,462.0,0,0.0,0.0,,0.0,1,30.65,38.77,SPY231215C00400000,400.0,normalDay
2023-04-03,11310.0,-5984.0,0.0,100,410.95,462.0,0,0.0,0.0,,0.0,1,30.65,39.44,SPY231215C00400000,400.0,normalDay
2023-04-04,11310.0,-6045.0,0.0,100,408.67,462.0,0,0.0,0.0,,0.0,1,30.65,37.77,SPY231215C00400000,400.0,normalDay
2023-04-05,11310.0,-6066.0,0.0,100,407.6,462.0,0,0.0,0.0,,0.0,1,30.65,36.91,SPY231215C00400000,400.0,normalDay
2023-04-06,11310.0,-5997.0,0.0,100,409.19,462.0,0,0.0,0.0,,0.0,1,30.65,37.81,SPY231215C00400000,400.0,normalDay
2023-04-10,11310.0,-6011.0,0.0,100,409.61,462.0,0,0.0,0.0,,0.0,1,30.65,38.37,SPY231215C00400000,400.0,normalDay
2023-04-11,11310.0,-6005.0,0.0,100,409.72,462.0,0,0.0,0.0,,0.0,1,30.65,38.42,SPY231215C00400000,400.0,normalDay
2023-04-12,11310.0,-6018.0,0.0,100,408.05,462.0,0,0.0,0.0,,0.0,1,30.65,36.88,SPY231215C00400000,400.0,normalDay
2023-04-13,11310.0,-5798.0,0.0,100,413.47,462.0,0,0.0,0.0,,0.0,1,30.65,40.1,SPY231215C00400000,400.0,normalDay
2023-04-14,11310.0,-5837.0,0.0,100,412.46,462.0,0,0.0,0.0,,0.0,1,30.65,39.48,SPY231215C00400000,400.0,normalDay
2023-04-17,11310.0,-5748.0,0.0,100,413.94,462.0,0,0.0,0.0,,0.0,1,30.65,40.07,SPY231215C00400000,400.0,normalDay
2023-04-18,11310.0,-5687.0,0.0,100,414.21,462.0,0,0.0,0.0,,0.0,1,30.65,39.73,SPY231215C00400000,400.0,normalDay
2023-04-19,11310.0,-5710.0,0.0,100,414.14,462.0,0,0.0,0.0,,0.0,1,30.65,39.89,SPY231215C00400000,400.0,normalDay
2023-04-20,11310.0,-5821.0,0.0,100,411.88,462.0,0,0.0,0.0,,0.0,1,30.65,38.74,SPY231215C00400000,400.0,normalDay
2023-04-21,11310.0,-5767.0,0.0,100,412.2,462.0,0,0.0,0.0,,0.0,1,30.65,38.52,SPY231215C00400000,400.0,normalDay
2023-04-24,11310.0,-5753.0,0.0,100,412.63,462.0,0,0.0,0.0,,0.0,1,30.65,38.81,SPY231215C00400000,400.0,normalDay
2023-04-25,11310.0,-6061.0,0.0,100,406.08,462.0,0,0.0,0.0,,0.0,1,30.65,35.34,SPY231215C00400000,400.0,normalDay
2023-04-26,11310.0,-6025.0,0.0,100,404.36,462.0,0,0.0,0.0,,0.0,1,30.65,33.26,SPY231215C00400000,400.0,normalDay
2023-04-27,11310.0,-5789.0,0.0,100,412.41,462.0,0,0.0,0.0,,0.0,1,30.65,38.95,SPY231215C00400000,400.0,normalDay
2023-04-28,11310.0,-5589.0,0.0,100,415.93,462.0,0,0.0,0.0,,0.0,1,30.65,40.47,SPY231215C00400000,400.0,normalDay
2023-05-01,11310.0,-5597.0,0.0,100,415.51,462.0,0,0.0,0.0,,0.0,1,30.65,40.13,SPY231215C00400000,400.0,normalDay
2023-05-02,11310.0,-5719.0,0.0,100,410.84,462.0,0,0.0,0.0,,0.0,1,30.65,36.68,SPY231215C00400000,400.0,normalDay
2023-05-03,11310.0,-5831.0,0.0,100,408.02,462.0,0,0.0,0.0,,0.0,1,30.65,34.98,SPY231215C00400000,400.0,normalDay
2023-05-04,11310.0,-5916.0,0.0,100,405.13,462.0,0,0.0,0.0,,0.0,1,30.65,32.94,SPY231215C00400000,400.0,normalDay
2023-05-05,11310.0,-5609.0,0.0,100,412.63,462.0,0,0.0,0.0,,0.0,1,30.65,37.37,SPY231215C00400000,400.0,normalDay
2023-05-08,11310.0,-5599.0,0.0,100,412.74,462.0,0,0.0,0.0,,0.0,1,30.65,37.38,SPY231215C00400000,400.0,normalDay
2023-05-09,11310.0,-5693.0,0.0,100,410.93,462.0,0,0.0,0.0,,0.0,1,30.65,36.51,SPY231215C00400000,400.0,normalDay
2023-05-10,11310.0,-5591.0,0.0,100,412.85,462.0,0,0.0,0.0,,0.0,1,30.65,37.41,SPY231215C00400000,400.0,normalDay
2023-05-11,11310.0,-5548.0,0.0,100,412.13,462.0,0,0.0,0.0,,0.0,1,30.65,36.26,SPY231215C00400000,400.0,normalDay
2023-05-12,11310.0,-5555.0,0.0,100,411.59,462.0,0,0.0,0.0,,0.0,1,30.65,35.79,SPY231215C00400000,400.0,normalDay
2023-05-15,11310.0,-5494.0,0.0,100,413.01,462.0,0,0.0,0.0,,0.0,1,30.65,36.6,SPY231215C00400000,400.0,normalDay
2023-05-16,11310.0,-5601.0,0.0,100,410.25,462.0,0,0.0,0.0,,0.0,1,30.65,34.91,SPY231215C00400000,400.0,normalDay
2023-05-17,11310.0,-5394.0,0.0,100,415.23,462.0,0,0.0,0.0,,0.0,1,30.65,37.82,SPY231215C00400000,400.0,normalDay
2023-05-18,11310.0,-5256.0,0.0,100,419.23,462.0,0,0.0,0.0,,0.0,1,30.65,40.44,SPY231215C00400000,400.0,normalDay
2023-05-19,11310.0,-5289.0,0.0,100,418.62,462.0,0,0.0,0.0,,0.0,1,30.65,40.16,SPY231215C00400000,400.0,normalDay
2023-05-22,11310.0,-5298.0,0.0,100,418.79,462.0,0,0.0,0.0,,0.0,1,30.65,40.42,SPY231215C00400000,400.0,normalDay
2023-05-23,11310.0,-5429.0,0.0,100,414.09,462.0,0,0.0,0.0,,0.0,1,30.65,37.03,SPY231215C00400000,400.0,normalDay
2023-05-24,11310.0,-5545.0,0.0,100,411.09,462.0,0,0.0,0.0,,0.0,1,30.65,35.19,SPY231215C00400000,400.0,normalDay
2023-05-25,11310.0,-5396.0,0.0,100,414.65,462.0,0,0.0,0.0,,0.0,1,30.65,37.26,SPY231215C00400000,400.0,normalDay
2023-05-26,11310.0,-5234.0,0.0,100,420.02,462.0,0,0.0,0.0,,0.0,1,30.65,41.01,SPY231215C00400000,400.0,normalDay
2023-05-30,11310.0,-5206.0,0.0,100,420.18,462.0,0,0.0,0.0,,0.0,1,30.65,40.89,SPY231215C00400000,400.0,normalDay
2023-05-31,11310.0,-5226.0,0.0,100,417.85,462.0,0,0.0,0.0,,0.0,1,30.65,38.76,SPY231215C00400000,400.0,normalDay
2023-06-01,11310.0,-5089.0,0.0,100,421.82,462.0,0,0.0,0.0,,0.0,1,30.65,41.36,SPY231215C00400000,400.0,normalDay
2023-06-02,11310.0,-4919.0,0.0,100,427.92,462.0,0,0.0,0.0,,0.0,1,30.65,45.76,SPY231215C00400000,400.0,normalDay
2023-06-05,11310.0,-4909.0,0.0,100,427.1,462.0,0,0.0,0.0,,0.0,1,30.65,44.84,SPY231215C00400000,400.0,normalDay
2023-06-06,11310.0,-4859.0,0.0,100,428.03,462.0,0,0.0,0.0,,0.0,1,30.65,45.27,SPY231215C00400000,400.0,normalDay
2023-06-07,11310.0,-4851.0,0.0,100,426.55,462.0,0,0.0,0.0,,0.0,1,30.65,43.71,SPY231215C00400000,400.0,normalDay
2023-06-08,11310.0,-4734.0,0.0,100,429.13,462.0,0,0.0,0.0,,0.0,1,30.65,45.12,SPY231215C00400000,400.0,normalDay
2023-06-09,11310.0,-4776.0,0.0,100,429.9,462.0,0,0.0,0.0,,0.0,1,30.65,46.31,SPY231215C00400000,400.0,normalDay
2023-06-12,11310.0,-4670.0,0.0,100,433.8,462.0,0,0.0,0.0,,0.0,1,30.65,49.15,SPY231215C00400000,400.0,normalDay
2023-06-13,11310.0,-4640.0,0.0,100,436.66,462.0,0,0.0,0.0,,0.0,1,30.65,51.71,SPY231215C00400000,400.0,normalDay
2023-06-14,11310.0,-4646.0,0.0,100,437.18,462.0,0,0.0,0.0,,0.0,1,30.65,52.29,SPY231215C00400000,400.0,normalDay
2023-06-15,11310.0,-4496.0,0.0,100,442.6,462.0,0,0.0,0.0,,0.0,1,30.65,56.21,SPY231215C00400000,400.0,normalDay
2023-06-16,11310.0,-4748.0,0.0,100,439.46,462.0,0,0.0,0.0,,0.0,1,30.65,55.59,SPY231215C00400000,400.0,normalDay
2023-06-20,11310.0,-4715.0,0.0,100,437.18,462.0,0,0.0,0.0,,0.0,1,30.65,52.98,SPY231215C00400000,400.0,normalDay
2023-06-21,11310.0,-4768.0,0.0,100,434.94,462.0,0,0.0,0.0,,0.0,1,30.65,51.27,SPY231215C00400000,400.0,normalDay
2023-06-22,11310.0,-4683.0,0.0,100,436.51,462.0,0,0.0,0.0,,0.0,1,30.65,51.99,SPY231215C00400000,400.0,normalDay
2023-06-23,11310.0,-4754.0,0.0,100,433.21,462.0,0,0.0,0.0,,0.0,1,30.65,49.4,SPY231215C00400000,400.0,normalDay
2023-06-26,11310.0,-4774.0,0.0,100,431.44,462.0,0,0.0,0.0,,0.0,1,30.65,47.83,SPY231215C00400000,400.0,normalDay
2023-06-27,11310.0,-4625.0,0.0,100,436.17,462.0,0,0.0,0.0,,0.0,1,30.65,51.07,SPY231215C00400000,400.0,normalDay
2023-06-28,11310.0,-4639.0,0.0,100,436.39,462.0,0,0.0,0.0,,0.0,1,30.65,51.43,SPY231215C00400000,400.0,normalDay
2023-06-29,11310.0,-4583.0,0.0,100,438.11,462.0,0,0.0,0.0,,0.0,1,30.65,52.59,SPY231215C00400000,400.0,normalDay
2023-06-30,11310.0,-4526.0,0.0,100,443.28,462.0,0,0.0,0.0,,0.0,1,30.65,57.19,SPY231215C00400000,400.0,normalDay
2023-07-03,11310.0,-4565.0,0.0,100,443.79,462.0,0,0.0,0.0,,0.0,1,30.65,58.09,SPY231215C00400000,400.0,normalDay
2023-07-05,11310.0,-4502.0,0.0,100,443.13,462.0,0,0.0,0.0,,0.0,1,30.65,56.8,SPY231215C00400000,400.0,normalDay
2023-07-06,11310.0,-4608.0,0.0,100,439.66,462.0,0,0.0,0.0,,0.0,1,30.65,54.39,SPY231215C00400000,400.0,normalDay
2023-07-07,11310.0,-4595.0,0.0,100,438.55,462.0,0,0.0,0.0,,0.0,1,30.65,53.15,SPY231215C00400000,400.0,normalDay
2023-07-10,11310.0,-4538.0,0.0,100,439.66,462.0,0,0.0,0.0,,0.0,1,30.65,53.69,SPY231215C00400000,400.0,normalDay
2023-07-11,11310.0,-4455.0,0.0,100,442.46,462.0,0,0.0,0.0,,0.0,1,30.65,55.66,SPY231215C00400000,400.0,normalDay
2023-07-12,11310.0,-4401.0,0.0,100,446.02,462.0,0,0.0,0.0,,0.0,1,30.65,58.68,SPY231215C00400000,400.0,normalDay
2023-07-13,11310.0,-4340.0,0.0,100,449.56,462.0,0,0.0,0.0,,0.0,1,30.65,61.61,SPY231215C00400000,400.0,normalDay
2023-07-14,11310.0,-4320.0,0.0,100,449.28,462.0,0,0.0,0.0,,0.0,1,30.65,61.13,SPY231215C00400000,400.0,normalDay
2023-07-17,11310.0,-4283.0,0.0,100,450.84,462.0,0,0.0,0.0,,0.0,1,30.65,62.32,SPY231215C00400000,400.0,normalDay
2023-07-18,11310.0,-4265.0,0.0,100,454.19,462.0,0,0.0,0.0,,0.0,1,30.65,65.49,SPY231215C00400000,400.0,normalDay
2023-07-19,11310.0,-4280.0,0.0,100,455.2,462.0,0,0.0,0.0,,0.0,1,30.65,66.65,SPY231215C00400000,400.0,normalDay
2023-07-20,11310.0,-4327.0,0.0,100,452.18,462.0,0,0.0,0.0,,0.0,1,30.65,64.1,SPY231215C00400000,400.0,normalDay
2023-07-21,11310.0,-4282.0,0.0,100,452.18,462.0,0,0.0,0.0,,0.0,1,30.65,63.65,SPY231215C00400000,400.0,normalDay
2023-07-24,11310.0,-4265.0,0.0,100,454.2,462.0,0,0.0,0.0,,0.0,1,30.65,65.5,SPY231215C00400000,400.0,normalDay
2023-07-25,11310.0,-4307.0,0.0,100,455.44,462.0,0,0.0,0.0,,0.0,1,30.65,67.16,SPY231215C00400000,400.0,normalDay
2023-07-26,11310.0,-4349.0,0.0,100,455.51,462.0,0,0.0,0.0,,0.0,1,30.65,67.65,SPY231215C00400000,400.0,normalDay
2023-07-27,11310.0,-4289.0,0.0,100,452.49,462.0,0,0.0,0.0,,0.0,1,30.65,64.03,SPY231215C00400000,400.0,normalDay
2023-07-28,11310.0,-4194.0,0.0,100,456.92,462.0,0,0.0,0.0,,0.0,1,30.65,67.51,SPY231215C00400000,400.0,normalDay
2023-07-31,11310.0,-4184.0,0.0,100,457.79,462.0,0,0.0,0.0,,0.0,1,30.65,68.28,SPY231215C00400000,400.0,normalDay
2023-08-01,11310.0,-4164.0,0.0,100,456.48,462.0,0,0.0,0.0,,0.0,1,30.65,66.77,SPY231215C00400000,400.0,normalDay
2023-08-02,11310.0,-4287.0,0.0,100,450.13,462.0,0,0.0,0.0,,0.0,1,30.65,61.65,SPY231215C00400000,400.0,normalDay
2023-08-03,11310.0,-4494.0,0.0,100,448.84,462.0,0,0.0,0.0,,0.0,1,30.65,62.43,SPY231215C00400000,400.0,normalDay
2023-08-04,11310.0,-4303.0,0.0,100,446.81,462.0,0,0.0,0.0,,0.0,1,30.65,58.49,SPY231215C00400000,400.0,normalDay
2023-08-07,11310.0,-4221.0,0.0,100,450.71,462.0,0,0.0,0.0,,0.0,1,30.65,61.57,SPY231215C00400000,400.0,normalDay
2023-08-08,11310.0,-4223.0,0.0,100,448.75,462.0,0,0.0,0.0,,0.0,1,30.65,59.63,SPY231215C00400000,400.0,normalDay
2023-08-09,11310.0,-4290.0,0.0,100,445.75,462.0,0,0.0,0.0,,0.0,1,30.65,57.3,SPY231215C00400000,400.0,normalDay
2023-08-10,11310.0,-4217.0,0.0,100,445.91,462.0,0,0.0,0.0,,0.0,1,30.65,56.73,SPY231215C00400000,400.0,normalDay
2023-08-11,11310.0,-4211.0,0.0,100,445.65,462.0,0,0.0,0.0,,0.0,1,30.65,56.41,SPY231215C00400000,400.0,normalDay
2023-08-14,11310.0,-4149.0,0.0,100,448.11,462.0,0,0.0,0.0,,0.0,1,30.65,58.25,SPY231215C00400000,400.0,normalDay
2023-08-15,11310.0,-4216.0,0.0,100,442.89,462.0,0,0.0,0.0,,0.0,1,30.65,53.7,SPY231215C00400000,400.0,normalDay
2023-08-16,11310.0,-4280.0,0.0,100,439.64,462.0,0,0.0,0.0,,0.0,1,30.65,51.09,SPY231215C00400000,400.0,normalDay
2023-08-17,11310.0,-4307.0,0.0,100,436.29,462.0,0,0.0,0.0,,0.0,1,30.65,48.01,SPY231215C00400000,400.0,normalDay
2023-08-18,11310.0,-4268.0,0.0,100,436.5,462.0,0,0.0,0.0,,0.0,1,30.65,47.83,SPY231215C00400000,400.0,normalDay
2023-08-21,11310.0,-4169.0,0.0,100,439.34,462.0,0,0.0,0.0,,0.0,1,30.65,49.68,SPY231215C00400000,400.0,normalDay
2023-08-22,11310.0,-4197.0,0.0,100,438.15,462.0,0,0.0,0.0,,0.0,1,30.65,48.77,SPY231215C00400000,400.0,normalDay
2023-08-23,11310.0,-4164.0,0.0,100,443.03,462.0,0,0.0,0.0,,0.0,1,30.65,53.32,SPY231215C00400000,400.0,normalDay
2023-08-24,11310.0,-4189.0,0.0,100,436.89,462.0,0,0.0,0.0,,0.0,1,30.65,47.43,SPY231215C00400000,400.0,normalDay
2023-08-25,11310.0,-4126.0,0.0,100,439.97,462.0,0,0.0,0.0,,0.0,1,30.65,49.88,SPY231215C00400000,400.0,normalDay
2023-08-28,11310.0,-4058.0,0.0,100,442.76,462.0,0,0.0,0.0,,0.0,1,30.65,51.99,SPY231215C00400000,400.0,normalDay
2023-08-29,11310.0,-3970.0,0.0,100,449.16,462.0,0,0.0,0.0,,0.0,1,30.65,57.51,SPY231215C00400000,400.0,normalDay
2023-08-30,11310.0,-3930.0,0.0,100,451.01,462.0,0,0.0,0.0,,0.0,1,30.65,58.96,SPY231215C00400000,400.0,normalDay
2023-08-31,11310.0,-3929.0,0.0,100,450.35,462.0,0,0.0,0.0,,0.0,1,30.65,58.29,SPY231215C00400000,400.0,normalDay
2023-09-01,11310.0,-3843.0,0.0,100,451.19,462.0,0,0.0,0.0,,0.0,1,30.65,58.27,SPY231215C00400000,400.0,normalDay
2023-09-05,11310.0,-3881.0,0.0,100,449.24,462.0,0,0.0,0.0,,0.0,1,30.65,56.7,SPY231215C00400000,400.0,normalDay
2023-09-06,11310.0,-3897.0,0.0,100,446.22,462.0,0,0.0,0.0,,0.0,1,30.65,53.84,SPY231215C00400000,400.0,normalDay
2023-09-07,11310.0,-3897.0,0.0,100,444.85,462.0,0,0.0,0.0,,0.0,1,30.65,52.47,SPY231215C00400000,400.0,normalDay
2023-09-08,11310.0,-3899.0,0.0,100,445.52,462.0,0,0.0,0.0,,0.0,1,30.65,53.16,SPY231215C00400000,400.0,normalDay
2023-09-11,11310.0,-3824.0,0.0,100,448.45,462.0,0,0.0,0.0,,0.0,1,30.65,55.34,SPY231215C00400000,400.0,normalDay
2023-09-12,11310.0,-3853.0,0.0,100,445.99,462.0,0,0.0,0.0,,0.0,1,30.65,53.17,SPY231215C00400000,400.0,normalDay
2023-09-13,11310.0,-3837.0,0.0,100,446.51,462.0,0,0.0,0.0,,0.0,1,30.65,53.53,SPY231215C00400000,400.0,normalDay
2023-09-14,11310.0,-3773.0,0.0,100,450.36,462.0,0,0.0,0.0,,0.0,1,30.65,56.74,SPY231215C00400000,400.0,normalDay
2023-09-15,11310.0,-3944.0,0.0,100,443.37,462.0,0,0.0,0.0,,0.0,1,30.65,51.46,SPY231215C00400000,400.0,normalDay
2023-09-18,11310.0,-3933.0,0.0,100,443.63,462.0,0,0.0,0.0,,0.0,1,30.65,51.61,SPY231215C00400000,400.0,normalDay
2023-09-19,11310.0,-3932.0,0.0,100,442.71,462.0,0,0.0,0.0,,0.0,1,30.65,50.68,SPY231215C00400000,400.0,normalDay
2023-09-20,11310.0,-3926.0,0.0,100,438.64,462.0,0,0.0,0.0,,0.0,1,30.65,46.55,SPY231215C00400000,400.0,normalDay
2023-09-21,11310.0,-4029.0,0.0,100,431.39,462.0,0,0.0,0.0,,0.0,1,30.65,40.33,SPY231215C00400000,400.0,normalDay
2023-09-22,11310.0,-4050.0,0.0,100,430.42,462.0,0,0.0,0.0,,0.0,1,30.65,39.57,SPY231215C00400000,400.0,normalDay
2023-09-25,11310.0,-4015.0,0.0,100,432.23,462.0,0,0.0,0.0,,0.0,1,30.65,41.03,SPY231215C00400000,400.0,normalDay
2023-09-26,11310.0,-4185.0,0.0,100,425.88,462.0,0,0.0,0.0,,0.0,1,30.65,36.38,SPY231215C00400000,400.0,normalDay
2023-09-27,11310.0,-4133.0,0.0,100,426.05,462.0,0,0.0,0.0,,0.0,1,30.65,36.03,SPY231215C00400000,400.0,normalDay
2023-09-28,11310.0,-4015.0,0.0,100,428.52,462.0,0,0.0,0.0,,0.0,1,30.65,37.32,SPY231215C00400000,400.0,normalDay
2023-09-29,11310.0,-4107.0,0.0,100,427.48,462.0,0,0.0,0.0,,0.0,1,30.65,37.2,SPY231215C00400000,400.0,normalDay
2023-10-02,11310.0,-4030.0,0.0,100,427.31,462.0,0,0.0,0.0,,0.0,1,30.65,36.26,SPY231215C00400000,400.0,normalDay
2023-10-03,11310.0,-4176.0,0.0,100,421.59,462.0,0,0.0,0.0,,0.0,1,30.65,32.0,SPY231215C00400000,400.0,normalDay
2023-10-04,11310.0,-4034.0,0.0,100,424.66,462.0,0,0.0,0.0,,0.0,1,30.65,33.65,SPY231215C00400000,400.0,normalDay
2023-10-05,11310.0,-4001.0,0.0,100,424.5,462.0,0,0.0,0.0,,0.0,1,30.65,33.16,SPY231215C00400000,400.0,normalDay
2023-10-06,11310.0,-3959.0,0.0,100,429.54,462.0,0,0.0,0.0,,0.0,1,30.65,37.78,SPY231215C00400000,400.0,normalDay
2023-10-09,11310.0,-3895.0,0.0,100,432.29,462.0,0,0.0,0.0,,0.0,1,30.65,39.89,SPY231215C00400000,400.0,normalDay
2023-10-10,11310.0,-3825.0,0.0,100,434.54,462.0,0,0.0,0.0,,0.0,1,30.65,41.44,SPY231215C00400000,400.0,normalDay
2023-10-11,11310.0,-3852.0,0.0,100,436.32,462.0,0,0.0,0.0,,0.0,1,30.65,43.49,SPY231215C00400000,400.0,normalDay
2023-10-12,11310.0,-3828.0,0.0,100,433.66,462.0,0,0.0,0.0,,0.0,1,30.65,40.59,SPY231215C00400000,400.0,normalDay
2023-10-13,11310.0,-3853.0,0.0,100,431.5,462.0,0,0.0,0.0,,0.0,1,30.65,38.68,SPY231215C00400000,400.0,normalDay
2023-10-16,11310.0,-3784.0,0.0,100,436.04,462.0,0,0.0,0.0,,0.0,1,30.65,42.53,SPY231215C00400000,400.0,normalDay
2023-10-17,11310.0,-3731.0,0.0,100,436.02,462.0,0,0.0,0.0,,0.0,1,30.65,41.98,SPY231215C00400000,400.0,normalDay
2023-10-18,11310.0,-3902.0,0.0,100,430.21,462.0,0,0.0,0.0,,0.0,1,30.65,37.88,SPY231215C00400000,400.0,normalDay
2023-10-19,11310.0,-3884.0,0.0,100,426.43,462.0,0,0.0,0.0,,0.0,1,30.65,33.92,SPY231215C00400000,400.0,normalDay
2023-10-20,11310.0,-4008.0,0.0,100,421.19,462.0,0,0.0,0.0,,0.0,1,30.65,29.92,SPY231215C00400000,400.0,normalDay
2023-10-23,11310.0,-4011.0,0.0,100,420.46,462.0,0,0.0,0.0,,0.0,1,30.65,29.22,SPY231215C00400000,400.0,normalDay
2023-10-24,11310.0,-3963.0,0.0,100,423.63,462.0,0,0.0,0.0,,0.0,1,30.65,31.91,SPY231215C00400000,400.0,normalDay
2023-10-25,11310.0,-3981.0,0.0,100,417.55,462.0,0,0.0,0.0,,0.0,1,30.65,26.01,SPY231215C00400000,400.0,normalDay
2023-10-26,11310.0,-4064.0,0.0,100,412.55,462.0,0,0.0,0.0,,0.0,1,30.65,21.84,SPY231215C00400000,400.0,normalDay
2023-10-27,11310.0,-4084.0,0.0,100,410.68,462.0,0,0.0,0.0,,0.0,1,30.65,20.17,SPY231215C00400000,400.0,normalDay
2023-10-30,11310.0,-3891.0,0.0,100,415.59,462.0,0,0.0,0.0,,0.0,1,30.65,23.15,SPY231215C00400000,400.0,normalDay
2023-10-31,11310.0,-3765.0,0.0,100,418.2,462.0,0,0.0,0.0,,0.0,1,30.65,24.5,SPY231215C00400000,400.0,normalDay
2023-11-01,11310.0,-3693.0,0.0,100,422.66,462.0,0,0.0,0.0,,0.0,1,30.65,28.24,SPY231215C00400000,400.0,normalDay
2023-11-02,11310.0,-3547.0,0.0,100,430.76,462.0,0,0.0,0.0,,0.0,1,30.65,34.88,SPY231215C00400000,400.0,normalDay
2023-11-03,11310.0,-3569.0,0.0,100,434.69,462.0,0,0.0,0.0,,0.0,1,30.65,39.03,SPY231215C00400000,400.0,normalDay
2023-11-06,11310.0,-3489.0,0.0,100,435.69,462.0,0,0.0,0.0,,0.0,1,30.65,39.23,SPY231215C00400000,400.0,normalDay
2023-11-07,11310.0,-3497.0,0.0,100,436.93,462.0,0,0.0,0.0,,0.0,1,30.65,40.55,SPY231215C00400000,400.0,normalDay
2023-11-08,11310.0,-3466.0,0.0,100,437.25,462.0,0,0.0,0.0,,0.0,1,30.65,40.56,SPY231215C00400000,400.0,normalDay
2023-11-09,11310.0,-3506.0,0.0,100,433.84,462.0,0,0.0,0.0,,0.0,1,30.65,37.55,SPY231215C00400000,400.0,normalDay
2023-11-10,11310.0,-3472.0,0.0,100,440.61,462.0,0,0.0,0.0,,0.0,1,30.65,43.98,SPY231215C00400000,400.0,normalDay
2023-11-13,11310.0,-3443.0,0.0,100,440.19,462.0,0,0.0,0.0,,0.0,1,30.65,43.27,SPY231215C00400000,400.0,normalDay
2023-11-14,11310.0,-3434.0,0.0,100,448.73,462.0,0,0.0,0.0,,0.0,1,30.65,51.72,SPY231215C00400000,400.0,normalDay
2023-11-15,11310.0,-3340.0,0.0,100,449.68,462.0,0,0.0,0.0,,0.0,1,30.65,51.73,SPY231215C00400000,400.0,normalDay
2023-11-16,11310.0,-3386.0,0.0,100,450.23,462.0,0,0.0,0.0,,0.0,1,30.65,52.74,SPY231215C00400000,400.0,normalDay
2023-11-17,11310.0,-3361.0,0.0,100,450.79,462.0,0,0.0,0.0,,0.0,1,30.65,53.05,SPY231215C00400000,400.0,normalDay
2023-11-20,11310.0,-3343.0,0.0,100,454.26,462.0,0,0.0,0.0,,0.0,1,30.65,56.34,SPY231215C00400000,400.0,normalDay
2023-11-21,11310.0,-3303.0,0.0,100,453.27,462.0,0,0.0,0.0,,0.0,1,30.65,54.95,SPY231215C00400000,400.0,normalDay
2023-11-22,11310.0,-3332.0,0.0,100,455.02,462.0,0,0.0,0.0,,0.0,1,30.65,56.99,SPY231215C00400000,400.0,normalDay
2023-11-24,11310.0,-3379.0,0.0,100,455.3,462.0,0,0.0,0.0,,0.0,1,30.65,57.74,SPY231215C00400000,400.0,normalDay
2023-11-27,11310.0,-3327.0,0.0,100,454.48,462.0,0,0.0,0.0,,0.0,1,30.65,56.4,SPY231215C00400000,400.0,normalDay
2023-11-28,11310.0,-3331.0,0.0,100,454.93,462.0,0,0.0,0.0,,0.0,1,30.65,56.89,SPY231215C00400000,400.0,normalDay
2023-11-29,11310.0,-3341.0,0.0,100,454.61,462.0,0,0.0,0.0,,0.0,1,30.65,56.67,SPY231215C00400000,400.0,normalDay
2023-11-30,11310.0,-3286.0,0.0,100,456.4,462.0,0,0.0,0.0,,0.0,1,30.65,57.91,SPY231215C00400000,400.0,normalDay
