date,totalCapital,unrializedPnL,rializedPnL,stocksOwned,stocksPriceToday,stocksPriceBoughtAt,putOwned,putOwnedSoldAt,putPriceToday,putOwnedContract,putOwnedStrike,callOwned,callOwnedSoldAt,callPriceToday,callOwnedContract,callOwnedStrike,trackType
2018-11-01,0.0,-7.0,0.0,0,273.51,0.0,1,7.85,7.92,SPY181221P00275000,275.0,0,0.0,0.0,,0.0,normalDay
2018-11-02,0.0,-78.0,0.0,0,271.89,0.0,1,7.85,8.63,SPY181221P00275000,275.0,0,0.0,0.0,,0.0,normalDay
2018-11-05,0.0,24.0,0.0,0,273.39,0.0,1,7.85,7.61,SPY181221P00275000,275.0,0,0.0,0.0,,0.0,normalDay
2018-11-06,0.0,116.0,0.0,0,275.12,0.0,1,7.85,6.69,SPY181221P00275000,275.0,0,0.0,0.0,,0.0,normalDay
2018-11-07,0.0,405.0,0.0,0,281.01,0.0,1,7.85,3.8,SPY181221P00275000,275.0,0,0.0,0.0,,0.0,normalDay
2018-11-08,0.0,395.0,0.0,0,280.5,0.0,1,7.85,3.9,SPY181221P00275000,275.0,0,0.0,0.0,,0.0,normalDay
2018-11-09,0.0,286.0,0.0,0,277.76,0.0,1,7.85,4.99,SPY181221P00275000,275.0,0,0.0,0.0,,0.0,normalDay
2018-11-12,0.0,34.0,0.0,0,272.57,0.0,1,7.85,7.51,SPY181221P00275000,275.0,0,0.0,0.0,,0.0,normalDay
2018-11-13,0.0,-3.0,0.0,0,272.06,0.0,1,7.85,7.88,SPY181221P00275000,275.0,0,0.0,0.0,,0.0,normalDay
2018-11-14,0.0,-152.0,0.0,0,270.2,0.0,1,7.85,9.37,SPY181221P00275000,275.0,0,0.0,0.0,,0.0,normalDay
2018-11-15,0.0,56.0,0.0,0,273.02,0.0,1,7.85,7.29,SPY181221P00275000,275.0,0,0.0,0.0,,0.0,normalDay
2018-11-16,0.0,154.0,0.0,0,273.73,0.0,1,7.85,6.31,SPY181221P00275000,275.0,0,0.0,0.0,,0.0,normalDay
2018-11-19,0.0,-131.0,0.0,0,269.1,0.0,1,7.85,9.16,SPY181221P00275000,275.0,0,0.0,0.0,,0.0,normalDay
2018-11-20,0.0,-550.0,0.0,0,264.12,0.0,1,7.85,13.35,SPY181221P00275000,275.0,0,0.0,0.0,,0.0,normalDay
2018-11-21,0.0,-461.0,0.0,0,265.02,0.0,1,7.85,12.46,SPY181221P00275000,275.0,0,0.0,0.0,,0.0,normalDay
2018-11-23,0.0,-615.0,0.0,0,263.25,0.0,1,7.85,14.0,SPY181221P00275000,275.0,0,0.0,0.0,,0.0,normalDay
2018-11-26,0.0,-200.0,0.0,0,267.5,0.0,1,7.85,9.85,SPY181221P00275000,275.0,0,0.0,0.0,,0.0,normalDay
2018-11-27,0.0,-153.0,0.0,0,268.4,0.0,1,7.85,9.38,SPY181221P00275000,275.0,0,0.0,0.0,,0.0,normalDay
2018-11-28,0.0,216.0,0.0,0,274.58,0.0,1,7.85,5.69,SPY181221P00275000,275.0,0,0.0,0.0,,0.0,normalDay
2018-11-29,0.0,212.0,0.0,0,273.98,0.0,1,7.85,5.73,SPY181221P00275000,275.0,0,0.0,0.0,,0.0,normalDay
2018-11-30,0.0,315.0,0.0,0,275.65,0.0,1,7.85,4.7,SPY181221P00275000,275.0,0,0.0,0.0,,0.0,normalDay
2018-12-03,0.0,518.0,0.0,0,279.3,0.0,1,7.85,2.67,SPY181221P00275000,275.0,0,0.0,0.0,,0.0,normalDay
2018-12-04,0.0,-10.0,0.0,0,270.25,0.0,1,7.85,7.95,SPY181221P00275000,275.0,0,0.0,0.0,,0.0,normalDay
2018-12-06,0.0,-21.0,0.0,0,269.84,0.0,1,7.85,8.06,SPY181221P00275000,275.0,0,0.0,0.0,,0.0,normalDay
2018-12-07,0.0,-549.0,0.0,0,263.57,0.0,1,7.85,13.34,SPY181221P00275000,275.0,0,0.0,0.0,,0.0,normalDay
2018-12-10,0.0,-435.0,0.0,0,264.07,0.0,1,7.85,12.2,SPY181221P00275000,275.0,0,0.0,0.0,,0.0,normalDay
2018-12-11,0.0,-437.0,0.0,0,264.13,0.0,1,7.85,12.22,SPY181221P00275000,275.0,0,0.0,0.0,,0.0,normalDay
2018-12-12,0.0,-345.0,0.0,0,265.46,0.0,1,7.85,11.3,SPY181221P00275000,275.0,0,0.0,0.0,,0.0,normalDay
2018-12-13,0.0,-355.0,0.0,0,265.37,0.0,1,7.85,11.4,SPY181221P00275000,275.0,0,0.0,0.0,,0.0,normalDay
2018-12-14,0.0,-804.0,0.0,0,260.47,0.0,1,7.85,15.89,SPY181221P00275000,275.0,0,0.0,0.0,,0.0,normalDay
2018-12-17,0.0,-1305.0,0.0,0,255.36,0.0,1,7.85,20.9,SPY181221P00275000,275.0,0,0.0,0.0,,0.0,normalDay
2018-12-18,0.0,-1404.0,0.0,0,255.08,0.0,1,7.85,21.89,SPY181221P00275000,275.0,0,0.0,0.0,,0.0,normalDay
2018-12-19,0.0,-1729.0,0.0,0,251.26,0.0,1,7.85,25.14,SPY181221P00275000,275.0,0,0.0,0.0,,0.0,normalDay
2018-12-20,0.0,-2079.0,0.0,0,247.17,0.0,1,7.85,28.64,SPY181221P00275000,275.0,0,0.0,0.0,,0.0,normalDay
2018-12-21,785.0,-3430.0,785.0,100,240.7,275.0,1,7.85,0.0,SPY181221P00275000,275.0,0,0.0,0.0,,0.0,expirationDay
2018-12-24,785.0,-4066.0,0.0,100,234.34,275.0,0,0.0,0.0,,0.0,0,0.0,0.0,,0.0,bidTooLow
2018-12-26,785.0,-2882.0,0.0,100,246.18,275.0,0,0.0,0.0,,0.0,0,0.0,0.0,,0.0,bidTooLow
2018-12-27,785.0,-2693.0,0.0,100,248.07,275.0,0,0.0,0.0,,0.0,0,0.0,0.0,,0.0,bidTooLow
2018-12-28,785.0,-2725.0,0.0,100,247.75,275.0,0,0.0,0.0,,0.0,0,0.0,0.0,,0.0,bidTooLow
2018-12-31,785.0,-2508.0,0.0,100,249.92,275.0,0,0.0,0.0,,0.0,0,0.0,0.0,,0.0,bidTooLow
2019-01-02,785.0,-2482.0,0.0,100,250.18,275.0,0,0.0,0.0,,0.0,0,0.0,0.0,,0.0,bidTooLow
2019-01-03,785.0,-3079.0,0.0,100,244.21,275.0,0,0.0,0.0,,0.0,0,0.0,0.0,,0.0,bidTooLow
2019-01-04,785.0,-2261.0,0.0,100,252.39,275.0,0,0.0,0.0,,0.0,0,0.0,0.0,,0.0,bidTooLow
2019-01-07,785.0,-2065.0,0.0,100,254.38,275.0,0,0.0,0.0,,0.0,1,0.03,0.06,SPY190111C00266000,266.0,normalDay
2019-01-08,785.0,-1826.0,0.0,100,256.77,275.0,0,0.0,0.0,,0.0,1,0.03,0.06,SPY190111C00266000,266.0,normalDay
2019-01-09,785.0,-1704.0,0.0,100,257.97,275.0,0,0.0,0.0,,0.0,1,0.03,0.04,SPY190111C00266000,266.0,normalDay
2019-01-10,785.0,-1610.0,0.0,100,258.88,275.0,0,0.0,0.0,,0.0,1,0.03,0.01,SPY190111C00266000,266.0,normalDay
2019-01-11,788.0,-1602.0,3.0,100,258.98,275.0,0,0.0,0.0,,0.0,1,0.03,0.0,SPY190111C00266000,266.0,expirationDay
2019-01-14,788.0,-1763.0,0.0,100,257.4,275.0,0,0.0,0.0,,0.0,1,0.35,0.38,SPY190118C00261500,261.5,normalDay
2019-01-15,788.0,-1528.0,0.0,100,260.35,275.0,0,0.0,0.0,,0.0,1,0.35,0.98,SPY190118C00261500,261.5,normalDay
2019-01-16,788.0,-1464.0,0.0,100,260.98,275.0,0,0.0,0.0,,0.0,1,0.35,0.97,SPY190118C00261500,261.5,normalDay
2019-01-17,788.0,-1362.0,0.0,100,262.96,275.0,0,0.0,0.0,,0.0,1,0.35,1.93,SPY190118C00261500,261.5,normalDay
2019-01-18,-527.0,-1362.0,-1315.0,0,266.46,0.0,0,0.0,0.0,,0.0,1,0.35,0.0,SPY190118C00261500,261.5,expirationDay
2019-01-22,-527.0,-6.0,0.0,0,262.86,0.0,1,4.07,4.13,SPY190315P00254000,254.0,0,0.0,0.0,,0.0,normalDay
2019-01-23,-527.0,12.0,0.0,0,263.41,0.0,1,4.07,3.95,SPY190315P00254000,254.0,0,0.0,0.0,,0.0,normalDay
2019-01-24,-527.0,39.0,0.0,0,263.55,0.0,1,4.07,3.68,SPY190315P00254000,254.0,0,0.0,0.0,,0.0,normalDay
2019-01-25,-527.0,126.0,0.0,0,265.78,0.0,1,4.07,2.81,SPY190315P00254000,254.0,0,0.0,0.0,,0.0,normalDay
2019-01-28,-527.0,70.0,0.0,0,263.76,0.0,1,4.07,3.37,SPY190315P00254000,254.0,0,0.0,0.0,,0.0,normalDay
2019-01-29,-527.0,60.0,0.0,0,263.41,0.0,1,4.07,3.47,SPY190315P00254000,254.0,0,0.0,0.0,,0.0,normalDay
2019-01-30,-527.0,181.0,0.0,0,267.58,0.0,1,4.07,2.26,SPY190315P00254000,254.0,0,0.0,0.0,,0.0,normalDay
2019-01-31,-527.0,249.0,0.0,0,269.93,0.0,1,4.07,1.58,SPY190315P00254000,254.0,0,0.0,0.0,,0.0,normalDay
2019-02-01,-527.0,258.0,0.0,0,270.06,0.0,1,4.07,1.49,SPY190315P00254000,254.0,0,0.0,0.0,,0.0,normalDay
2019-02-04,-527.0,295.0,0.0,0,271.96,0.0,1,4.07,1.12,SPY190315P00254000,254.0,0,0.0,0.0,,0.0,normalDay
2019-02-05,-527.0,304.0,0.0,0,273.1,0.0,1,4.07,1.03,SPY190315P00254000,254.0,0,0.0,0.0,,0.0,normalDay
2019-02-06,-527.0,307.0,0.0,0,272.74,0.0,1,4.07,1.0,SPY190315P00254000,254.0,0,0.0,0.0,,0.0,normalDay
2019-02-07,-527.0,277.0,0.0,0,270.14,0.0,1,4.07,1.3,SPY190315P00254000,254.0,0,0.0,0.0,,0.0,normalDay
2019-02-08,-527.0,291.0,0.0,0,270.47,0.0,1,4.07,1.16,SPY190315P00254000,254.0,0,0.0,0.0,,0.0,normalDay
2019-02-11,-527.0,302.0,0.0,0,270.62,0.0,1,4.07,1.05,SPY190315P00254000,254.0,0,0.0,0.0,,0.0,normalDay
2019-02-12,-527.0,338.0,0.0,0,274.1,0.0,1,4.07,0.69,SPY190315P00254000,254.0,0,0.0,0.0,,0.0,normalDay
2019-02-13,-527.0,342.0,0.0,0,274.99,0.0,1,4.07,0.65,SPY190315P00254000,254.0,0,0.0,0.0,,0.0,normalDay
2019-02-14,-527.0,334.0,0.0,0,274.38,0.0,1,4.07,0.73,SPY190315P00254000,254.0,0,0.0,0.0,,0.0,normalDay
2019-02-15,-527.0,361.0,0.0,0,277.37,0.0,1,4.07,0.46,SPY190315P00254000,254.0,0,0.0,0.0,,0.0,normalDay
2019-02-19,-527.0,371.0,0.0,0,277.85,0.0,1,4.07,0.36,SPY190315P00254000,254.0,0,0.0,0.0,,0.0,normalDay
2019-02-20,-527.0,380.0,0.0,0,278.41,0.0,1,4.07,0.27,SPY190315P00254000,254.0,0,0.0,0.0,,0.0,normalDay
2019-02-21,-527.0,379.0,0.0,0,277.42,0.0,1,4.07,0.28,SPY190315P00254000,254.0,0,0.0,0.0,,0.0,normalDay
2019-02-22,-527.0,388.0,0.0,0,279.14,0.0,1,4.07,0.19,SPY190315P00254000,254.0,0,0.0,0.0,,0.0,normalDay
2019-02-25,-527.0,385.0,0.0,0,279.52,0.0,1,4.07,0.22,SPY190315P00254000,254.0,0,0.0,0.0,,0.0,normalDay
2019-02-26,-527.0,385.0,0.0,0,279.32,0.0,1,4.07,0.22,SPY190315P00254000,254.0,0,0.0,0.0,,0.0,normalDay
2019-02-27,-527.0,388.0,0.0,0,279.2,0.0,1,4.07,0.19,SPY190315P00254000,254.0,0,0.0,0.0,,0.0,normalDay
2019-02-28,-527.0,387.0,0.0,0,278.68,0.0,1,4.07,0.2,SPY190315P00254000,254.0,0,0.0,0.0,,0.0,normalDay
2019-03-01,-527.0,396.0,0.0,0,280.42,0.0,1,4.07,0.11,SPY190315P00254000,254.0,0,0.0,0.0,,0.0,normalDay
2019-03-04,-527.0,397.0,0.0,0,279.4,0.0,1,4.07,0.1,SPY190315P00254000,254.0,0,0.0,0.0,,0.0,normalDay
2019-03-05,-527.0,397.0,0.0,0,279.02,0.0,1,4.07,0.1,SPY190315P00254000,254.0,0,0.0,0.0,,0.0,normalDay
2019-03-06,-527.0,395.0,0.0,0,277.33,0.0,1,4.07,0.12,SPY190315P00254000,254.0,0,0.0,0.0,,0.0,normalDay
2019-03-07,-527.0,395.0,0.0,0,275.01,0.0,1,4.07,0.12,SPY190315P00254000,254.0,0,0.0,0.0,,0.0,normalDay
2019-03-08,-527.0,401.0,0.0,0,274.46,0.0,1,4.07,0.06,SPY190315P00254000,254.0,0,0.0,0.0,,0.0,normalDay
2019-03-11,-527.0,405.0,0.0,0,278.44,0.0,1,4.07,0.02,SPY190315P00254000,254.0,0,0.0,0.0,,0.0,normalDay
2019-03-12,-527.0,405.0,0.0,0,279.49,0.0,1,4.07,0.02,SPY190315P00254000,254.0,0,0.0,0.0,,0.0,normalDay
2019-03-13,-527.0,406.0,0.0,0,281.34,0.0,1,4.07,0.01,SPY190315P00254000,254.0,0,0.0,0.0,,0.0,normalDay
2019-03-14,-527.0,406.0,0.0,0,281.16,0.0,1,4.07,0.01,SPY190315P00254000,254.0,0,0.0,0.0,,0.0,normalDay
2019-03-15,-120.0,0.0,407.0,0,281.31,0.0,1,4.07,0.0,SPY190315P00254000,254.0,0,0.0,0.0,,0.0,expirationDay
2019-03-18,-120.0,-4.0,0.0,0,282.33,0.0,1,2.64,2.68,SPY190426P00279000,279.0,0,0.0,0.0,,0.0,normalDay
2019-03-19,-120.0,-27.0,0.0,0,282.4,0.0,1,2.64,2.91,SPY190426P00279000,279.0,0,0.0,0.0,,0.0,normalDay
2019-03-20,-120.0,-56.0,0.0,0,281.55,0.0,1,2.64,3.2,SPY190426P00279000,279.0,0,0.0,0.0,,0.0,normalDay
2019-03-21,-120.0,35.0,0.0,0,284.73,0.0,1,2.64,2.29,SPY190426P00279000,279.0,0,0.0,0.0,,0.0,normalDay
2019-03-22,-120.0,-175.0,0.0,0,279.25,0.0,1,2.64,4.39,SPY190426P00279000,279.0,0,0.0,0.0,,0.0,normalDay
2019-03-25,-120.0,-190.0,0.0,0,279.04,0.0,1,2.64,4.54,SPY190426P00279000,279.0,0,0.0,0.0,,0.0,normalDay
2019-03-26,-120.0,-76.0,0.0,0,281.12,0.0,1,2.64,3.4,SPY190426P00279000,279.0,0,0.0,0.0,,0.0,normalDay
2019-03-27,-120.0,-124.0,0.0,0,279.65,0.0,1,2.64,3.88,SPY190426P00279000,279.0,0,0.0,0.0,,0.0,normalDay
2019-03-28,-120.0,-54.0,0.0,0,280.71,0.0,1,2.64,3.18,SPY190426P00279000,279.0,0,0.0,0.0,,0.0,normalDay
2019-03-29,-120.0,33.0,0.0,0,282.48,0.0,1,2.64,2.31,SPY190426P00279000,279.0,0,0.0,0.0,,0.0,normalDay
2019-04-01,-120.0,126.0,0.0,0,285.83,0.0,1,2.64,1.38,SPY190426P00279000,279.0,0,0.0,0.0,,0.0,normalDay
2019-04-02,-120.0,139.0,0.0,0,285.97,0.0,1,2.64,1.25,SPY190426P00279000,279.0,0,0.0,0.0,,0.0,normalDay
2019-04-03,-120.0,148.0,0.0,0,286.42,0.0,1,2.64,1.16,SPY190426P00279000,279.0,0,0.0,0.0,,0.0,normalDay
2019-04-04,-120.0,167.0,0.0,0,287.18,0.0,1,2.64,0.97,SPY190426P00279000,279.0,0,0.0,0.0,,0.0,normalDay
2019-04-05,-120.0,196.0,0.0,0,288.57,0.0,1,2.64,0.68,SPY190426P00279000,279.0,0,0.0,0.0,,0.0,normalDay
2019-04-08,-120.0,204.0,0.0,0,288.79,0.0,1,2.64,0.6,SPY190426P00279000,279.0,0,0.0,0.0,,0.0,normalDay
2019-04-09,-120.0,178.0,0.0,0,287.31,0.0,1,2.64,0.86,SPY190426P00279000,279.0,0,0.0,0.0,,0.0,normalDay
2019-04-10,-120.0,211.0,0.0,0,288.29,0.0,1,2.64,0.53,SPY190426P00279000,279.0,0,0.0,0.0,,0.0,normalDay
2019-04-11,-120.0,214.0,0.0,0,288.21,0.0,1,2.64,0.5,SPY190426P00279000,279.0,0,0.0,0.0,,0.0,normalDay
2019-04-12,-120.0,238.0,0.0,0,290.16,0.0,1,2.64,0.26,SPY190426P00279000,279.0,0,0.0,0.0,,0.0,normalDay
2019-04-15,-120.0,242.0,0.0,0,289.97,0.0,1,2.64,0.22,SPY190426P00279000,279.0,0,0.0,0.0,,0.0,normalDay
2019-04-16,-120.0,245.0,0.0,0,290.16,0.0,1,2.64,0.19,SPY190426P00279000,279.0,0,0.0,0.0,,0.0,normalDay
2019-04-17,-120.0,244.0,0.0,0,289.45,0.0,1,2.64,0.2,SPY190426P00279000,279.0,0,0.0,0.0,,0.0,normalDay
2019-04-18,-120.0,256.0,0.0,0,290.02,0.0,1,2.64,0.08,SPY190426P00279000,279.0,0,0.0,0.0,,0.0,normalDay
2019-04-22,-120.0,260.0,0.0,0,290.27,0.0,1,2.64,0.04,SPY190426P00279000,279.0,0,0.0,0.0,,0.0,normalDay
2019-04-23,-120.0,262.0,0.0,0,292.88,0.0,1,2.64,0.02,SPY190426P00279000,279.0,0,0.0,0.0,,0.0,normalDay
2019-04-24,-120.0,262.0,0.0,0,292.23,0.0,1,2.64,0.02,SPY190426P00279000,279.0,0,0.0,0.0,,0.0,normalDay
2019-04-25,-120.0,263.0,0.0,0,292.05,0.0,1,2.64,0.01,SPY190426P00279000,279.0,0,0.0,0.0,,0.0,normalDay
2019-04-26,144.0,0.0,264.0,0,293.41,0.0,1,2.64,0.0,SPY190426P00279000,279.0,0,0.0,0.0,,0.0,expirationDay
2019-04-29,144.0,-4.0,0.0,0,293.87,0.0,1,3.68,3.72,SPY190621P00290000,290.0,0,0.0,0.0,,0.0,normalDay
2019-04-30,144.0,8.0,0.0,0,294.02,0.0,1,3.68,3.6,SPY190621P00290000,290.0,0,0.0,0.0,,0.0,normalDay
2019-05-01,144.0,-104.0,0.0,0,291.81,0.0,1,3.68,4.72,SPY190621P00290000,290.0,0,0.0,0.0,,0.0,normalDay
2019-05-02,144.0,-124.0,0.0,0,291.18,0.0,1,3.68,4.92,SPY190621P00290000,290.0,0,0.0,0.0,,0.0,normalDay
2019-05-03,144.0,13.0,0.0,0,294.03,0.0,1,3.68,3.55,SPY190621P00290000,290.0,0,0.0,0.0,,0.0,normalDay
2019-05-06,144.0,-71.0,0.0,0,292.82,0.0,1,3.68,4.39,SPY190621P00290000,290.0,0,0.0,0.0,,0.0,normalDay
2019-05-07,144.0,-373.0,0.0,0,287.93,0.0,1,3.68,7.41,SPY190621P00290000,290.0,0,0.0,0.0,,0.0,normalDay
2019-05-08,144.0,-368.0,0.0,0,287.53,0.0,1,3.68,7.36,SPY190621P00290000,290.0,0,0.0,0.0,,0.0,normalDay
2019-05-09,144.0,-406.0,0.0,0,286.66,0.0,1,3.68,7.74,SPY190621P00290000,290.0,0,0.0,0.0,,0.0,normalDay
2019-05-10,144.0,-277.0,0.0,0,288.1,0.0,1,3.68,6.45,SPY190621P00290000,290.0,0,0.0,0.0,,0.0,normalDay
2019-05-13,144.0,-808.0,0.0,0,280.86,0.0,1,3.68,11.76,SPY190621P00290000,290.0,0,0.0,0.0,,0.0,normalDay
2019-05-14,144.0,-570.0,0.0,0,283.4,0.0,1,3.68,9.38,SPY190621P00290000,290.0,0,0.0,0.0,,0.0,normalDay
2019-05-15,144.0,-415.0,0.0,0,285.06,0.0,1,3.68,7.83,SPY190621P00290000,290.0,0,0.0,0.0,,0.0,normalDay
2019-05-16,144.0,-245.0,0.0,0,287.7,0.0,1,3.68,6.13,SPY190621P00290000,290.0,0,0.0,0.0,,0.0,normalDay
2019-05-17,144.0,-351.0,0.0,0,285.84,0.0,1,3.68,7.19,SPY190621P00290000,290.0,0,0.0,0.0,,0.0,normalDay
2019-05-20,144.0,-455.0,0.0,0,283.95,0.0,1,3.68,8.23,SPY190621P00290000,290.0,0,0.0,0.0,,0.0,normalDay
2019-05-21,144.0,-275.0,0.0,0,286.51,0.0,1,3.68,6.43,SPY190621P00290000,290.0,0,0.0,0.0,,0.0,normalDay
2019-05-22,144.0,-321.0,0.0,0,285.63,0.0,1,3.68,6.89,SPY190621P00290000,290.0,0,0.0,0.0,,0.0,normalDay
2019-05-23,144.0,-617.0,0.0,0,282.14,0.0,1,3.68,9.85,SPY190621P00290000,290.0,0,0.0,0.0,,0.0,normalDay
2019-05-24,144.0,-527.0,0.0,0,282.78,0.0,1,3.68,8.95,SPY190621P00290000,290.0,0,0.0,0.0,,0.0,normalDay
2019-05-28,144.0,-731.0,0.0,0,280.15,0.0,1,3.68,10.99,SPY190621P00290000,290.0,0,0.0,0.0,,0.0,normalDay
2019-05-29,144.0,-930.0,0.0,0,278.27,0.0,1,3.68,12.98,SPY190621P00290000,290.0,0,0.0,0.0,,0.0,normalDay
2019-05-30,144.0,-860.0,0.0,0,279.03,0.0,1,3.68,12.28,SPY190621P00290000,290.0,0,0.0,0.0,,0.0,normalDay
2019-05-31,144.0,-1222.0,0.0,0,275.27,0.0,1,3.68,15.9,SPY190621P00290000,290.0,0,0.0,0.0,,0.0,normalDay
2019-06-03,144.0,-1269.0,0.0,0,274.57,0.0,1,3.68,16.37,SPY190621P00290000,290.0,0,0.0,0.0,,0.0,normalDay
2019-06-04,144.0,-722.0,0.0,0,280.53,0.0,1,3.68,10.9,SPY190621P00290000,290.0,0,0.0,0.0,,0.0,normalDay
2019-06-05,144.0,-496.0,0.0,0,282.96,0.0,1,3.68,8.64,SPY190621P00290000,290.0,0,0.0,0.0,,0.0,normalDay
2019-06-06,144.0,-353.0,0.0,0,284.8,0.0,1,3.68,7.21,SPY190621P00290000,290.0,0,0.0,0.0,,0.0,normalDay
2019-06-07,144.0,-149.0,0.0,0,287.65,0.0,1,3.68,5.17,SPY190621P00290000,290.0,0,0.0,0.0,,0.0,normalDay
2019-06-10,144.0,-36.0,0.0,0,288.97,0.0,1,3.68,4.04,SPY190621P00290000,290.0,0,0.0,0.0,,0.0,normalDay
2019-06-11,144.0,-33.0,0.0,0,288.9,0.0,1,3.68,4.01,SPY190621P00290000,290.0,0,0.0,0.0,,0.0,normalDay
2019-06-12,144.0,-37.0,0.0,0,288.39,0.0,1,3.68,4.05,SPY190621P00290000,290.0,0,0.0,0.0,,0.0,normalDay
2019-06-13,144.0,52.0,0.0,0,289.58,0.0,1,3.68,3.16,SPY190621P00290000,290.0,0,0.0,0.0,,0.0,normalDay
2019-06-14,144.0,75.0,0.0,0,289.26,0.0,1,3.68,2.93,SPY190621P00290000,290.0,0,0.0,0.0,,0.0,normalDay
2019-06-17,144.0,96.0,0.0,0,289.37,0.0,1,3.68,2.72,SPY190621P00290000,290.0,0,0.0,0.0,,0.0,normalDay
2019-06-18,144.0,230.0,0.0,0,292.4,0.0,1,3.68,1.38,SPY190621P00290000,290.0,0,0.0,0.0,,0.0,normalDay
2019-06-19,144.0,312.0,0.0,0,293.06,0.0,1,3.68,0.56,SPY190621P00290000,290.0,0,0.0,0.0,,0.0,normalDay
2019-06-20,144.0,356.0,0.0,0,295.86,0.0,1,3.68,0.12,SPY190621P00290000,290.0,0,0.0,0.0,,0.0,normalDay
2019-06-21,512.0,0.0,368.0,0,294.0,0.0,1,3.68,0.0,SPY190621P00290000,290.0,0,0.0,0.0,,0.0,expirationDay
2019-06-24,512.0,-4.0,0.0,0,293.64,0.0,1,3.4,3.44,SPY190816P00286000,286.0,0,0.0,0.0,,0.0,normalDay
2019-06-25,512.0,-98.0,0.0,0,290.76,0.0,1,3.4,4.38,SPY190816P00286000,286.0,0,0.0,0.0,,0.0,normalDay
2019-06-26,512.0,-103.0,0.0,0,290.47,0.0,1,3.4,4.43,SPY190816P00286000,286.0,0,0.0,0.0,,0.0,normalDay
2019-06-27,512.0,-43.0,0.0,0,291.5,0.0,1,3.4,3.83,SPY190816P00286000,286.0,0,0.0,0.0,,0.0,normalDay
2019-06-28,512.0,22.0,0.0,0,293.0,0.0,1,3.4,3.18,SPY190816P00286000,286.0,0,0.0,0.0,,0.0,normalDay
2019-07-01,512.0,108.0,0.0,0,295.66,0.0,1,3.4,2.32,SPY190816P00286000,286.0,0,0.0,0.0,,0.0,normalDay
2019-07-02,512.0,151.0,0.0,0,296.43,0.0,1,3.4,1.89,SPY190816P00286000,286.0,0,0.0,0.0,,0.0,normalDay
2019-07-03,512.0,195.0,0.0,0,298.8,0.0,1,3.4,1.45,SPY190816P00286000,286.0,0,0.0,0.0,,0.0,normalDay
2019-07-05,512.0,185.0,0.0,0,298.46,0.0,1,3.4,1.55,SPY190816P00286000,286.0,0,0.0,0.0,,0.0,normalDay
2019-07-08,512.0,167.0,0.0,0,296.82,0.0,1,3.4,1.73,SPY190816P00286000,286.0,0,0.0,0.0,,0.0,normalDay
2019-07-09,512.0,165.0,0.0,0,297.19,0.0,1,3.4,1.75,SPY190816P00286000,286.0,0,0.0,0.0,,0.0,normalDay
2019-07-10,512.0,209.0,0.0,0,298.61,0.0,1,3.4,1.31,SPY190816P00286000,286.0,0,0.0,0.0,,0.0,normalDay
2019-07-11,512.0,221.0,0.0,0,299.31,0.0,1,3.4,1.19,SPY190816P00286000,286.0,0,0.0,0.0,,0.0,normalDay
2019-07-12,512.0,243.0,0.0,0,300.65,0.0,1,3.4,0.97,SPY190816P00286000,286.0,0,0.0,0.0,,0.0,normalDay
2019-07-15,512.0,249.0,0.0,0,300.75,0.0,1,3.4,0.91,SPY190816P00286000,286.0,0,0.0,0.0,,0.0,normalDay
2019-07-16,512.0,242.0,0.0,0,299.78,0.0,1,3.4,0.98,SPY190816P00286000,286.0,0,0.0,0.0,,0.0,normalDay
2019-07-17,512.0,212.0,0.0,0,297.74,0.0,1,3.4,1.28,SPY190816P00286000,286.0,0,0.0,0.0,,0.0,normalDay
2019-07-18,512.0,233.0,0.0,0,298.83,0.0,1,3.4,1.07,SPY190816P00286000,286.0,0,0.0,0.0,,0.0,normalDay
2019-07-19,512.0,209.0,0.0,0,297.17,0.0,1,3.4,1.31,SPY190816P00286000,286.0,0,0.0,0.0,,0.0,normalDay
2019-07-22,512.0,242.0,0.0,0,297.9,0.0,1,3.4,0.98,SPY190816P00286000,286.0,0,0.0,0.0,,0.0,normalDay
2019-07-23,512.0,275.0,0.0,0,300.03,0.0,1,3.4,0.65,SPY190816P00286000,286.0,0,0.0,0.0,,0.0,normalDay
2019-07-24,512.0,290.0,0.0,0,301.44,0.0,1,3.4,0.5,SPY190816P00286000,286.0,0,0.0,0.0,,0.0,normalDay
2019-07-25,512.0,281.0,0.0,0,300.0,0.0,1,3.4,0.59,SPY190816P00286000,286.0,0,0.0,0.0,,0.0,normalDay
2019-07-26,512.0,299.0,0.0,0,302.01,0.0,1,3.4,0.41,SPY190816P00286000,286.0,0,0.0,0.0,,0.0,normalDay
2019-07-29,512.0,301.0,0.0,0,301.46,0.0,1,3.4,0.39,SPY190816P00286000,286.0,0,0.0,0.0,,0.0,normalDay
2019-07-30,512.0,290.0,0.0,0,300.72,0.0,1,3.4,0.5,SPY190816P00286000,286.0,0,0.0,0.0,,0.0,normalDay
2019-07-31,512.0,244.0,0.0,0,297.43,0.0,1,3.4,0.96,SPY190816P00286000,286.0,0,0.0,0.0,,0.0,normalDay
2019-08-01,512.0,193.0,0.0,0,294.84,0.0,1,3.4,1.47,SPY190816P00286000,286.0,0,0.0,0.0,,0.0,normalDay
2019-08-02,512.0,165.0,0.0,0,292.62,0.0,1,3.4,1.75,SPY190816P00286000,286.0,0,0.0,0.0,,0.0,normalDay
2019-08-05,512.0,-274.0,0.0,0,283.82,0.0,1,3.4,6.14,SPY190816P00286000,286.0,0,0.0,0.0,,0.0,normalDay
2019-08-06,512.0,28.0,0.0,0,287.8,0.0,1,3.4,3.12,SPY190816P00286000,286.0,0,0.0,0.0,,0.0,normalDay
2019-08-07,512.0,56.0,0.0,0,287.97,0.0,1,3.4,2.84,SPY190816P00286000,286.0,0,0.0,0.0,,0.0,normalDay
2019-08-08,512.0,255.0,0.0,0,293.62,0.0,1,3.4,0.85,SPY190816P00286000,286.0,0,0.0,0.0,,0.0,normalDay
2019-08-09,512.0,231.0,0.0,0,291.62,0.0,1,3.4,1.09,SPY190816P00286000,286.0,0,0.0,0.0,,0.0,normalDay
2019-08-12,512.0,134.0,0.0,0,288.07,0.0,1,3.4,2.06,SPY190816P00286000,286.0,0,0.0,0.0,,0.0,normalDay
2019-08-13,512.0,295.0,0.0,0,292.55,0.0,1,3.4,0.45,SPY190816P00286000,286.0,0,0.0,0.0,,0.0,normalDay
2019-08-14,512.0,-9.0,0.0,0,283.9,0.0,1,3.4,3.49,SPY190816P00286000,286.0,0,0.0,0.0,,0.0,normalDay
2019-08-15,512.0,129.0,0.0,0,284.65,0.0,1,3.4,2.11,SPY190816P00286000,286.0,0,0.0,0.0,,0.0,normalDay
2019-08-16,852.0,0.0,340.0,0,288.85,0.0,1,3.4,0.0,SPY190816P00286000,286.0,0,0.0,0.0,,0.0,expirationDay
2019-08-19,852.0,-5.0,0.0,0,292.33,0.0,1,6.54,6.59,SPY190930P00293000,293.0,0,0.0,0.0,,0.0,normalDay
2019-08-20,852.0,-134.0,0.0,0,290.09,0.0,1,6.54,7.88,SPY190930P00293000,293.0,0,0.0,0.0,,0.0,normalDay
2019-08-21,852.0,54.0,0.0,0,292.45,0.0,1,6.54,6.0,SPY190930P00293000,293.0,0,0.0,0.0,,0.0,normalDay
2019-08-22,852.0,23.0,0.0,0,292.36,0.0,1,6.54,6.31,SPY190930P00293000,293.0,0,0.0,0.0,,0.0,normalDay
2019-08-23,852.0,-420.0,0.0,0,284.85,0.0,1,6.54,10.74,SPY190930P00293000,293.0,0,0.0,0.0,,0.0,normalDay
2019-08-26,852.0,-219.0,0.0,0,288.0,0.0,1,6.54,8.73,SPY190930P00293000,293.0,0,0.0,0.0,,0.0,normalDay
2019-08-27,852.0,-323.0,0.0,0,286.87,0.0,1,6.54,9.77,SPY190930P00293000,293.0,0,0.0,0.0,,0.0,normalDay
2019-08-28,852.0,-156.0,0.0,0,288.89,0.0,1,6.54,8.1,SPY190930P00293000,293.0,0,0.0,0.0,,0.0,normalDay
2019-08-29,852.0,63.0,0.0,0,292.58,0.0,1,6.54,5.91,SPY190930P00293000,293.0,0,0.0,0.0,,0.0,normalDay
2019-08-30,852.0,49.0,0.0,0,292.45,0.0,1,6.54,6.05,SPY190930P00293000,293.0,0,0.0,0.0,,0.0,normalDay
2019-09-03,852.0,-24.0,0.0,0,290.74,0.0,1,6.54,6.78,SPY190930P00293000,293.0,0,0.0,0.0,,0.0,normalDay
2019-09-04,852.0,195.0,0.0,0,294.04,0.0,1,6.54,4.59,SPY190930P00293000,293.0,0,0.0,0.0,,0.0,normalDay
2019-09-05,852.0,358.0,0.0,0,297.82,0.0,1,6.54,2.96,SPY190930P00293000,293.0,0,0.0,0.0,,0.0,normalDay
2019-09-06,852.0,417.0,0.0,0,298.05,0.0,1,6.54,2.37,SPY190930P00293000,293.0,0,0.0,0.0,,0.0,normalDay
2019-09-09,852.0,434.0,0.0,0,298.2,0.0,1,6.54,2.2,SPY190930P00293000,293.0,0,0.0,0.0,,0.0,normalDay
2019-09-10,852.0,441.0,0.0,0,298.13,0.0,1,6.54,2.13,SPY190930P00293000,293.0,0,0.0,0.0,,0.0,normalDay
2019-09-11,852.0,507.0,0.0,0,300.25,0.0,1,6.54,1.47,SPY190930P00293000,293.0,0,0.0,0.0,,0.0,normalDay
2019-09-12,852.0,542.0,0.0,0,301.29,0.0,1,6.54,1.12,SPY190930P00293000,293.0,0,0.0,0.0,,0.0,normalDay
2019-09-13,852.0,550.0,0.0,0,301.09,0.0,1,6.54,1.04,SPY190930P00293000,293.0,0,0.0,0.0,,0.0,normalDay
2019-09-16,852.0,540.0,0.0,0,300.16,0.0,1,6.54,1.14,SPY190930P00293000,293.0,0,0.0,0.0,,0.0,normalDay
2019-09-17,852.0,556.0,0.0,0,300.92,0.0,1,6.54,0.98,SPY190930P00293000,293.0,0,0.0,0.0,,0.0,normalDay
2019-09-18,852.0,577.0,0.0,0,301.1,0.0,1,6.54,0.77,SPY190930P00293000,293.0,0,0.0,0.0,,0.0,normalDay
2019-09-19,852.0,588.0,0.0,0,301.08,0.0,1,6.54,0.66,SPY190930P00293000,293.0,0,0.0,0.0,,0.0,normalDay
2019-09-20,852.0,560.0,0.0,0,298.28,0.0,1,6.54,0.94,SPY190930P00293000,293.0,0,0.0,0.0,,0.0,normalDay
2019-09-23,852.0,602.0,0.0,0,298.21,0.0,1,6.54,0.52,SPY190930P00293000,293.0,0,0.0,0.0,,0.0,normalDay
2019-09-24,852.0,540.0,0.0,0,295.87,0.0,1,6.54,1.14,SPY190930P00293000,293.0,0,0.0,0.0,,0.0,normalDay
2019-09-25,852.0,601.0,0.0,0,297.62,0.0,1,6.54,0.53,SPY190930P00293000,293.0,0,0.0,0.0,,0.0,normalDay
2019-09-26,852.0,618.0,0.0,0,297.0,0.0,1,6.54,0.36,SPY190930P00293000,293.0,0,0.0,0.0,,0.0,normalDay
2019-09-27,852.0,608.0,0.0,0,295.4,0.0,1,6.54,0.46,SPY190930P00293000,293.0,0,0.0,0.0,,0.0,normalDay
2019-09-30,1506.0,0.0,654.0,0,296.77,0.0,1,6.54,0.0,SPY190930P00293000,293.0,0,0.0,0.0,,0.0,expirationDay
2019-10-01,1506.0,-5.0,0.0,0,293.24,0.0,1,8.38,8.43,SPY191115P00298000,298.0,0,0.0,0.0,,0.0,normalDay
2019-10-02,1506.0,-403.0,0.0,0,288.06,0.0,1,8.38,12.41,SPY191115P00298000,298.0,0,0.0,0.0,,0.0,normalDay
2019-10-03,1506.0,-179.0,0.0,0,290.42,0.0,1,8.38,10.17,SPY191115P00298000,298.0,0,0.0,0.0,,0.0,normalDay
2019-10-04,1506.0,102.0,0.0,0,294.35,0.0,1,8.38,7.36,SPY191115P00298000,298.0,0,0.0,0.0,,0.0,normalDay
2019-10-07,1506.0,35.0,0.0,0,293.08,0.0,1,8.38,8.03,SPY191115P00298000,298.0,0,0.0,0.0,,0.0,normalDay
2019-10-08,1506.0,-282.0,0.0,0,288.53,0.0,1,8.38,11.2,SPY191115P00298000,298.0,0,0.0,0.0,,0.0,normalDay
2019-10-09,1506.0,-83.0,0.0,0,291.27,0.0,1,8.38,9.21,SPY191115P00298000,298.0,0,0.0,0.0,,0.0,normalDay
2019-10-10,1506.0,75.0,0.0,0,293.24,0.0,1,8.38,7.63,SPY191115P00298000,298.0,0,0.0,0.0,,0.0,normalDay
2019-10-11,1506.0,281.0,0.0,0,296.28,0.0,1,8.38,5.57,SPY191115P00298000,298.0,0,0.0,0.0,,0.0,normalDay
2019-10-14,1506.0,307.0,0.0,0,295.95,0.0,1,8.38,5.31,SPY191115P00298000,298.0,0,0.0,0.0,,0.0,normalDay
2019-10-15,1506.0,472.0,0.0,0,298.88,0.0,1,8.38,3.66,SPY191115P00298000,298.0,0,0.0,0.0,,0.0,normalDay
2019-10-16,1506.0,460.0,0.0,0,298.4,0.0,1,8.38,3.78,SPY191115P00298000,298.0,0,0.0,0.0,,0.0,normalDay
2019-10-17,1506.0,490.0,0.0,0,299.28,0.0,1,8.38,3.48,SPY191115P00298000,298.0,0,0.0,0.0,,0.0,normalDay
2019-10-18,1506.0,448.0,0.0,0,297.97,0.0,1,8.38,3.9,SPY191115P00298000,298.0,0,0.0,0.0,,0.0,normalDay
2019-10-21,1506.0,555.0,0.0,0,299.99,0.0,1,8.38,2.83,SPY191115P00298000,298.0,0,0.0,0.0,,0.0,normalDay
2019-10-22,1506.0,516.0,0.0,0,299.01,0.0,1,8.38,3.22,SPY191115P00298000,298.0,0,0.0,0.0,,0.0,normalDay
2019-10-23,1506.0,573.0,0.0,0,299.88,0.0,1,8.38,2.65,SPY191115P00298000,298.0,0,0.0,0.0,,0.0,normalDay
2019-10-24,1506.0,598.0,0.0,0,300.37,0.0,1,8.38,2.4,SPY191115P00298000,298.0,0,0.0,0.0,,0.0,normalDay
2019-10-25,1506.0,663.0,0.0,0,301.6,0.0,1,8.38,1.75,SPY191115P00298000,298.0,0,0.0,0.0,,0.0,normalDay
2019-10-28,1506.0,708.0,0.0,0,303.3,0.0,1,8.38,1.3,SPY191115P00298000,298.0,0,0.0,0.0,,0.0,normalDay
2019-10-29,1506.0,708.0,0.0,0,303.21,0.0,1,8.38,1.3,SPY191115P00298000,298.0,0,0.0,0.0,,0.0,normalDay
2019-10-30,1506.0,750.0,0.0,0,304.14,0.0,1,8.38,0.88,SPY191115P00298000,298.0,0,0.0,0.0,,0.0,normalDay
2019-10-31,1506.0,724.0,0.0,0,303.33,0.0,1,8.38,1.14,SPY191115P00298000,298.0,0,0.0,0.0,,0.0,normalDay
2019-11-01,1506.0,785.0,0.0,0,306.14,0.0,1,8.38,0.53,SPY191115P00298000,298.0,0,0.0,0.0,,0.0,normalDay
2019-11-04,1506.0,802.0,0.0,0,307.37,0.0,1,8.38,0.36,SPY191115P00298000,298.0,0,0.0,0.0,,0.0,normalDay
2019-11-05,1506.0,805.0,0.0,0,307.03,0.0,1,8.38,0.33,SPY191115P00298000,298.0,0,0.0,0.0,,0.0,normalDay
2019-11-06,1506.0,818.0,0.0,0,307.1,0.0,1,8.38,0.2,SPY191115P00298000,298.0,0,0.0,0.0,,0.0,normalDay
2019-11-07,1506.0,824.0,0.0,0,308.18,0.0,1,8.38,0.14,SPY191115P00298000,298.0,0,0.0,0.0,,0.0,normalDay
2019-11-08,1506.0,832.0,0.0,0,308.94,0.0,1,8.38,0.06,SPY191115P00298000,298.0,0,0.0,0.0,,0.0,normalDay
2019-11-11,1506.0,834.0,0.0,0,308.35,0.0,1,8.38,0.04,SPY191115P00298000,298.0,0,0.0,0.0,,0.0,normalDay
2019-11-12,1506.0,835.0,0.0,0,309.0,0.0,1,8.38,0.03,SPY191115P00298000,298.0,0,0.0,0.0,,0.0,normalDay
2019-11-13,1506.0,835.0,0.0,0,309.1,0.0,1,8.38,0.03,SPY191115P00298000,298.0,0,0.0,0.0,,0.0,normalDay
2019-11-14,1506.0,836.0,0.0,0,309.55,0.0,1,8.38,0.02,SPY191115P00298000,298.0,0,0.0,0.0,,0.0,normalDay
2019-11-15,2344.0,0.0,838.0,0,311.79,0.0,1,8.38,0.0,SPY191115P00298000,298.0,0,0.0,0.0,,0.0,expirationDay
2019-11-18,2344.0,-5.0,0.0,0,312.02,0.0,1,3.01,3.06,SPY191231P00306000,306.0,0,0.0,0.0,,0.0,normalDay
2019-11-19,2344.0,-15.0,0.0,0,311.93,0.0,1,3.01,3.16,SPY191231P00306000,306.0,0,0.0,0.0,,0.0,normalDay
2019-11-20,2344.0,-46.0,0.0,0,310.77,0.0,1,3.01,3.47,SPY191231P00306000,306.0,0,0.0,0.0,,0.0,normalDay
2019-11-21,2344.0,-63.0,0.0,0,310.27,0.0,1,3.01,3.64,SPY191231P00306000,306.0,0,0.0,0.0,,0.0,normalDay
2019-11-22,2344.0,-16.0,0.0,0,310.96,0.0,1,3.01,3.17,SPY191231P00306000,306.0,0,0.0,0.0,,0.0,normalDay
2019-11-25,2344.0,70.0,0.0,0,313.37,0.0,1,3.01,2.31,SPY191231P00306000,306.0,0,0.0,0.0,,0.0,normalDay
2019-11-26,2344.0,103.0,0.0,0,314.08,0.0,1,3.01,1.98,SPY191231P00306000,306.0,0,0.0,0.0,,0.0,normalDay
2019-11-27,2344.0,129.0,0.0,0,315.48,0.0,1,3.01,1.72,SPY191231P00306000,306.0,0,0.0,0.0,,0.0,normalDay
2019-11-29,2344.0,97.0,0.0,0,314.31,0.0,1,3.01,2.04,SPY191231P00306000,306.0,0,0.0,0.0,,0.0,normalDay
2019-12-02,2344.0,-10.0,0.0,0,311.64,0.0,1,3.01,3.11,SPY191231P00306000,306.0,0,0.0,0.0,,0.0,normalDay
2019-12-03,2344.0,-103.0,0.0,0,309.55,0.0,1,3.01,4.04,SPY191231P00306000,306.0,0,0.0,0.0,,0.0,normalDay
2019-12-04,2344.0,-18.0,0.0,0,311.46,0.0,1,3.01,3.19,SPY191231P00306000,306.0,0,0.0,0.0,,0.0,normalDay
2019-12-05,2344.0,26.0,0.0,0,312.02,0.0,1,3.01,2.75,SPY191231P00306000,306.0,0,0.0,0.0,,0.0,normalDay
2019-12-06,2344.0,119.0,0.0,0,314.87,0.0,1,3.01,1.82,SPY191231P00306000,306.0,0,0.0,0.0,,0.0,normalDay
2019-12-09,2344.0,79.0,0.0,0,313.88,0.0,1,3.01,2.22,SPY191231P00306000,306.0,0,0.0,0.0,,0.0,normalDay
2019-12-10,2344.0,92.0,0.0,0,313.53,0.0,1,3.01,2.09,SPY191231P00306000,306.0,0,0.0,0.0,,0.0,normalDay
2019-12-11,2344.0,133.0,0.0,0,314.42,0.0,1,3.01,1.68,SPY191231P00306000,306.0,0,0.0,0.0,,0.0,normalDay
2019-12-12,2344.0,190.0,0.0,0,317.13,0.0,1,3.01,1.11,SPY191231P00306000,306.0,0,0.0,0.0,,0.0,normalDay
2019-12-13,2344.0,224.0,0.0,0,317.32,0.0,1,3.01,0.77,SPY191231P00306000,306.0,0,0.0,0.0,,0.0,normalDay
2019-12-16,2344.0,255.0,0.0,0,319.5,0.0,1,3.01,0.46,SPY191231P00306000,306.0,0,0.0,0.0,,0.0,normalDay
2019-12-17,2344.0,262.0,0.0,0,319.57,0.0,1,3.01,0.39,SPY191231P00306000,306.0,0,0.0,0.0,,0.0,normalDay
2019-12-18,2344.0,270.0,0.0,0,319.59,0.0,1,3.01,0.31,SPY191231P00306000,306.0,0,0.0,0.0,,0.0,normalDay
2019-12-19,2344.0,281.0,0.0,0,320.9,0.0,1,3.01,0.2,SPY191231P00306000,306.0,0,0.0,0.0,,0.0,normalDay
2019-12-20,2344.0,286.0,0.0,0,320.73,0.0,1,3.01,0.15,SPY191231P00306000,306.0,0,0.0,0.0,,0.0,normalDay
2019-12-23,2344.0,292.0,0.0,0,321.22,0.0,1,3.01,0.09,SPY191231P00306000,306.0,0,0.0,0.0,,0.0,normalDay
2019-12-24,2344.0,295.0,0.0,0,321.23,0.0,1,3.01,0.06,SPY191231P00306000,306.0,0,0.0,0.0,,0.0,normalDay
2019-12-26,2344.0,298.0,0.0,0,322.94,0.0,1,3.01,0.03,SPY191231P00306000,306.0,0,0.0,0.0,,0.0,normalDay
2019-12-27,2344.0,299.0,0.0,0,322.86,0.0,1,3.01,0.02,SPY191231P00306000,306.0,0,0.0,0.0,,0.0,normalDay
2019-12-30,2344.0,300.0,0.0,0,321.08,0.0,1,3.01,0.01,SPY191231P00306000,306.0,0,0.0,0.0,,0.0,normalDay
2019-12-31,2645.0,0.0,301.0,0,321.86,0.0,1,3.01,0.0,SPY191231P00306000,306.0,0,0.0,0.0,,0.0,expirationDay
2020-01-02,2645.0,-5.0,0.0,0,324.87,0.0,1,3.32,3.37,SPY200221P00319000,319.0,0,0.0,0.0,,0.0,normalDay
2020-01-03,2645.0,-107.0,0.0,0,322.41,0.0,1,3.32,4.39,SPY200221P00319000,319.0,0,0.0,0.0,,0.0,normalDay
2020-01-06,2645.0,-48.0,0.0,0,323.64,0.0,1,3.32,3.8,SPY200221P00319000,319.0,0,0.0,0.0,,0.0,normalDay
2020-01-07,2645.0,-77.0,0.0,0,322.73,0.0,1,3.32,4.09,SPY200221P00319000,319.0,0,0.0,0.0,,0.0,normalDay
2020-01-08,2645.0,1.0,0.0,0,324.45,0.0,1,3.32,3.31,SPY200221P00319000,319.0,0,0.0,0.0,,0.0,normalDay
2020-01-09,2645.0,72.0,0.0,0,326.65,0.0,1,3.32,2.6,SPY200221P00319000,319.0,0,0.0,0.0,,0.0,normalDay
2020-01-10,2645.0,49.0,0.0,0,325.71,0.0,1,3.32,2.83,SPY200221P00319000,319.0,0,0.0,0.0,,0.0,normalDay
2020-01-13,2645.0,119.0,0.0,0,327.95,0.0,1,3.32,2.13,SPY200221P00319000,319.0,0,0.0,0.0,,0.0,normalDay
2020-01-14,2645.0,118.0,0.0,0,327.45,0.0,1,3.32,2.14,SPY200221P00319000,319.0,0,0.0,0.0,,0.0,normalDay
2020-01-15,2645.0,138.0,0.0,0,328.19,0.0,1,3.32,1.94,SPY200221P00319000,319.0,0,0.0,0.0,,0.0,normalDay
2020-01-16,2645.0,178.0,0.0,0,330.92,0.0,1,3.32,1.54,SPY200221P00319000,319.0,0,0.0,0.0,,0.0,normalDay
2020-01-17,2645.0,198.0,0.0,0,331.95,0.0,1,3.32,1.34,SPY200221P00319000,319.0,0,0.0,0.0,,0.0,normalDay
2020-01-21,2645.0,189.0,0.0,0,331.3,0.0,1,3.32,1.43,SPY200221P00319000,319.0,0,0.0,0.0,,0.0,normalDay
2020-01-22,2645.0,191.0,0.0,0,331.34,0.0,1,3.32,1.41,SPY200221P00319000,319.0,0,0.0,0.0,,0.0,normalDay
2020-01-23,2645.0,196.0,0.0,0,331.72,0.0,1,3.32,1.36,SPY200221P00319000,319.0,0,0.0,0.0,,0.0,normalDay
2020-01-24,2645.0,127.0,0.0,0,328.77,0.0,1,3.32,2.05,SPY200221P00319000,319.0,0,0.0,0.0,,0.0,normalDay
2020-01-27,2645.0,-69.0,0.0,0,323.5,0.0,1,3.32,4.01,SPY200221P00319000,319.0,0,0.0,0.0,,0.0,normalDay
2020-01-28,2645.0,82.0,0.0,0,326.89,0.0,1,3.32,2.5,SPY200221P00319000,319.0,0,0.0,0.0,,0.0,normalDay
2020-01-29,2645.0,81.0,0.0,0,326.62,0.0,1,3.32,2.51,SPY200221P00319000,319.0,0,0.0,0.0,,0.0,normalDay
2020-01-30,2645.0,150.0,0.0,0,327.68,0.0,1,3.32,1.82,SPY200221P00319000,319.0,0,0.0,0.0,,0.0,normalDay
2020-01-31,2645.0,-69.0,0.0,0,321.73,0.0,1,3.32,4.01,SPY200221P00319000,319.0,0,0.0,0.0,,0.0,normalDay
2020-02-03,2645.0,32.0,0.0,0,324.12,0.0,1,3.32,3.0,SPY200221P00319000,319.0,0,0.0,0.0,,0.0,normalDay
2020-02-04,2645.0,204.0,0.0,0,329.06,0.0,1,3.32,1.28,SPY200221P00319000,319.0,0,0.0,0.0,,0.0,normalDay
2020-02-05,2645.0,268.0,0.0,0,332.86,0.0,1,3.32,0.64,SPY200221P00319000,319.0,0,0.0,0.0,,0.0,normalDay
2020-02-06,2645.0,277.0,0.0,0,333.98,0.0,1,3.32,0.55,SPY200221P00319000,319.0,0,0.0,0.0,,0.0,normalDay
2020-02-07,2645.0,266.0,0.0,0,332.2,0.0,1,3.32,0.66,SPY200221P00319000,319.0,0,0.0,0.0,,0.0,normalDay
2020-02-10,2645.0,299.0,0.0,0,334.68,0.0,1,3.32,0.33,SPY200221P00319000,319.0,0,0.0,0.0,,0.0,normalDay
2020-02-11,2645.0,305.0,0.0,0,335.26,0.0,1,3.32,0.27,SPY200221P00319000,319.0,0,0.0,0.0,,0.0,normalDay
2020-02-12,2645.0,320.0,0.0,0,337.42,0.0,1,3.32,0.12,SPY200221P00319000,319.0,0,0.0,0.0,,0.0,normalDay
2020-02-13,2645.0,319.0,0.0,0,337.06,0.0,1,3.32,0.13,SPY200221P00319000,319.0,0,0.0,0.0,,0.0,normalDay
2020-02-14,2645.0,326.0,0.0,0,337.6,0.0,1,3.32,0.06,SPY200221P00319000,319.0,0,0.0,0.0,,0.0,normalDay
2020-02-18,2645.0,328.0,0.0,0,336.73,0.0,1,3.32,0.04,SPY200221P00319000,319.0,0,0.0,0.0,,0.0,normalDay
2020-02-19,2645.0,329.0,0.0,0,338.34,0.0,1,3.32,0.03,SPY200221P00319000,319.0,0,0.0,0.0,,0.0,normalDay
2020-02-20,2645.0,330.0,0.0,0,336.95,0.0,1,3.32,0.02,SPY200221P00319000,319.0,0,0.0,0.0,,0.0,normalDay
2020-02-21,2977.0,0.0,332.0,0,333.48,0.0,1,3.32,0.0,SPY200221P00319000,319.0,0,0.0,0.0,,0.0,expirationDay
2020-02-24,2977.0,-32.0,0.0,0,322.42,0.0,1,13.72,14.04,SPY200417P00331000,331.0,0,0.0,0.0,,0.0,normalDay
2020-02-25,2977.0,-704.0,0.0,0,312.65,0.0,1,13.72,20.76,SPY200417P00331000,331.0,0,0.0,0.0,,0.0,normalDay
2020-02-26,2977.0,-867.0,0.0,0,311.5,0.0,1,13.72,22.39,SPY200417P00331000,331.0,0,0.0,0.0,,0.0,normalDay
2020-02-27,2977.0,-2231.0,0.0,0,297.51,0.0,1,13.72,36.03,SPY200417P00331000,331.0,0,0.0,0.0,,0.0,normalDay
2020-02-28,2977.0,-2288.0,0.0,0,296.26,0.0,1,13.72,36.6,SPY200417P00331000,331.0,0,0.0,0.0,,0.0,normalDay
2020-03-02,2977.0,-1089.0,0.0,0,309.09,0.0,1,13.72,24.61,SPY200417P00331000,331.0,0,0.0,0.0,,0.0,normalDay
2020-03-03,2977.0,-1824.0,0.0,0,300.24,0.0,1,13.72,31.96,SPY200417P00331000,331.0,0,0.0,0.0,,0.0,normalDay
2020-03-04,2977.0,-871.0,0.0,0,312.86,0.0,1,13.72,22.43,SPY200417P00331000,331.0,0,0.0,0.0,,0.0,normalDay
2020-03-05,2977.0,-1802.0,0.0,0,302.46,0.0,1,13.72,31.74,SPY200417P00331000,331.0,0,0.0,0.0,,0.0,normalDay
2020-03-06,2977.0,-2297.0,0.0,0,297.46,0.0,1,13.72,36.69,SPY200417P00331000,331.0,0,0.0,0.0,,0.0,normalDay
2020-03-09,2977.0,-4554.0,0.0,0,274.23,0.0,1,13.72,59.26,SPY200417P00331000,331.0,0,0.0,0.0,,0.0,normalDay
2020-03-10,2977.0,-3157.0,0.0,0,288.42,0.0,1,13.72,45.29,SPY200417P00331000,331.0,0,0.0,0.0,,0.0,normalDay
2020-03-11,2977.0,-4520.0,0.0,0,274.36,0.0,1,13.72,58.92,SPY200417P00331000,331.0,0,0.0,0.0,,0.0,normalDay
2020-03-12,2977.0,-7084.0,0.0,0,248.11,0.0,1,13.72,84.56,SPY200417P00331000,331.0,0,0.0,0.0,,0.0,normalDay
2020-03-13,2977.0,-5062.0,0.0,0,269.32,0.0,1,13.72,64.34,SPY200417P00331000,331.0,0,0.0,0.0,,0.0,normalDay
2020-03-16,2977.0,-7604.0,0.0,0,239.85,0.0,1,13.72,89.76,SPY200417P00331000,331.0,0,0.0,0.0,,0.0,normalDay
2020-03-17,2977.0,-6759.0,0.0,0,252.8,0.0,1,13.72,81.31,SPY200417P00331000,331.0,0,0.0,0.0,,0.0,normalDay
2020-03-18,2977.0,-7866.0,0.0,0,240.0,0.0,1,13.72,92.38,SPY200417P00331000,331.0,0,0.0,0.0,,0.0,normalDay
2020-03-19,2977.0,-7871.0,0.0,0,240.51,0.0,1,13.72,92.43,SPY200417P00331000,331.0,0,0.0,0.0,,0.0,normalDay
2020-03-20,2977.0,-8881.0,0.0,0,228.8,0.0,1,13.72,102.53,SPY200417P00331000,331.0,0,0.0,0.0,,0.0,normalDay
2020-03-23,2977.0,-9638.0,0.0,0,222.95,0.0,1,13.72,110.1,SPY200417P00331000,331.0,0,0.0,0.0,,0.0,normalDay
2020-03-24,2977.0,-7497.0,0.0,0,243.15,0.0,1,13.72,88.69,SPY200417P00331000,331.0,0,0.0,0.0,,0.0,normalDay
2020-03-25,2977.0,-7036.0,0.0,0,246.79,0.0,1,13.72,84.08,SPY200417P00331000,331.0,0,0.0,0.0,,0.0,normalDay
2020-03-26,2977.0,-5681.0,0.0,0,261.2,0.0,1,13.72,70.53,SPY200417P00331000,331.0,0,0.0,0.0,,0.0,normalDay
2020-03-27,2977.0,-6472.0,0.0,0,253.42,0.0,1,13.72,78.44,SPY200417P00331000,331.0,0,0.0,0.0,,0.0,normalDay
2020-03-30,2977.0,-5674.0,0.0,0,261.65,0.0,1,13.72,70.46,SPY200417P00331000,331.0,0,0.0,0.0,,0.0,normalDay
2020-03-31,2977.0,-6078.0,0.0,0,257.75,0.0,1,13.72,74.5,SPY200417P00331000,331.0,0,0.0,0.0,,0.0,normalDay
2020-04-01,2977.0,-7182.0,0.0,0,246.15,0.0,1,13.72,85.54,SPY200417P00331000,331.0,0,0.0,0.0,,0.0,normalDay
2020-04-02,2977.0,-6495.0,0.0,0,251.83,0.0,1,13.72,78.67,SPY200417P00331000,331.0,0,0.0,0.0,,0.0,normalDay
2020-04-03,2977.0,-6910.0,0.0,0,248.19,0.0,1,13.72,82.82,SPY200417P00331000,331.0,0,0.0,0.0,,0.0,normalDay
2020-04-06,2977.0,-5254.0,0.0,0,264.86,0.0,1,13.72,66.26,SPY200417P00331000,331.0,0,0.0,0.0,,0.0,normalDay
2020-04-07,2977.0,-5359.0,0.0,0,265.13,0.0,1,13.72,67.31,SPY200417P00331000,331.0,0,0.0,0.0,,0.0,normalDay
2020-04-08,2977.0,-4351.0,0.0,0,274.03,0.0,1,13.72,57.23,SPY200417P00331000,331.0,0,0.0,0.0,,0.0,normalDay
2020-04-09,2977.0,-3932.0,0.0,0,278.2,0.0,1,13.72,53.04,SPY200417P00331000,331.0,0,0.0,0.0,,0.0,normalDay
2020-04-13,2977.0,-4191.0,0.0,0,275.66,0.0,1,13.72,55.63,SPY200417P00331000,331.0,0,0.0,0.0,,0.0,normalDay
2020-04-14,2977.0,-3339.0,0.0,0,283.79,0.0,1,13.72,47.11,SPY200417P00331000,331.0,0,0.0,0.0,,0.0,normalDay
2020-04-15,2977.0,-3975.0,0.0,0,277.76,0.0,1,13.72,53.47,SPY200417P00331000,331.0,0,0.0,0.0,,0.0,normalDay
2020-04-16,2977.0,-3825.0,0.0,0,279.1,0.0,1,13.72,51.97,SPY200417P00331000,331.0,0,0.0,0.0,,0.0,normalDay
2020-04-17,4349.0,-4436.0,1372.0,100,286.64,331.0,1,13.72,0.0,SPY200417P00331000,331.0,0,0.0,0.0,,0.0,expirationDay
2020-04-20,4349.0,-4947.0,0.0,100,281.59,331.0,0,0.0,0.0,,0.0,1,1.98,2.04,SPY200424C00288000,288.0,normalDay
2020-04-21,4349.0,-5634.0,0.0,100,273.04,331.0,0,0.0,0.0,,0.0,1,1.98,0.36,SPY200424C00288000,288.0,normalDay
2020-04-22,4349.0,-5024.0,0.0,100,279.1,331.0,0,0.0,0.0,,0.0,1,1.98,0.32,SPY200424C00288000,288.0,normalDay
2020-04-23,4349.0,-5002.0,0.0,100,279.08,331.0,0,0.0,0.0,,0.0,1,1.98,0.08,SPY200424C00288000,288.0,normalDay
2020-04-24,4547.0,-4803.0,198.0,100,282.97,331.0,0,0.0,0.0,,0.0,1,1.98,0.0,SPY200424C00288000,288.0,expirationDay
2020-04-27,4547.0,-4400.0,0.0,100,287.05,331.0,0,0.0,0.0,,0.0,1,1.65,1.7,SPY200501C00291000,291.0,normalDay
2020-04-28,4547.0,-4489.0,0.0,100,285.73,331.0,0,0.0,0.0,,0.0,1,1.65,1.27,SPY200501C00291000,291.0,normalDay
2020-04-29,4547.0,-4007.0,0.0,100,293.21,331.0,0,0.0,0.0,,0.0,1,1.65,3.93,SPY200501C00291000,291.0,normalDay
2020-04-30,4547.0,-4015.0,0.0,100,290.48,331.0,0,0.0,0.0,,0.0,1,1.65,1.28,SPY200501C00291000,291.0,normalDay
2020-05-01,4712.0,-4821.0,165.0,100,282.79,331.0,0,0.0,0.0,,0.0,1,1.65,0.0,SPY200501C00291000,291.0,expirationDay
2020-05-04,4712.0,-4747.0,0.0,100,283.57,331.0,0,0.0,0.0,,0.0,1,0.73,0.77,SPY200508C00291000,291.0,normalDay
2020-05-05,4712.0,-4520.0,0.0,100,286.19,331.0,0,0.0,0.0,,0.0,1,0.73,1.12,SPY200508C00291000,291.0,normalDay
2020-05-06,4712.0,-4639.0,0.0,100,284.25,331.0,0,0.0,0.0,,0.0,1,0.73,0.37,SPY200508C00291000,291.0,normalDay
2020-05-07,4712.0,-4321.0,0.0,100,287.68,331.0,0,0.0,0.0,,0.0,1,0.73,0.62,SPY200508C00291000,291.0,normalDay
2020-05-08,785.0,-4321.0,-3927.0,0,292.44,0.0,0,0.0,0.0,,0.0,1,0.73,0.0,SPY200508C00291000,291.0,expirationDay
2020-05-11,785.0,-8.0,0.0,0,292.5,0.0,1,8.21,8.29,SPY200630P00284000,284.0,0,0.0,0.0,,0.0,normalDay
2020-05-12,785.0,-344.0,0.0,0,286.67,0.0,1,8.21,11.65,SPY200630P00284000,284.0,0,0.0,0.0,,0.0,normalDay
2020-05-13,785.0,-543.0,0.0,0,281.6,0.0,1,8.21,13.64,SPY200630P00284000,284.0,0,0.0,0.0,,0.0,normalDay
2020-05-14,785.0,-342.0,0.0,0,284.97,0.0,1,8.21,11.63,SPY200630P00284000,284.0,0,0.0,0.0,,0.0,normalDay
2020-05-15,785.0,-286.0,0.0,0,286.28,0.0,1,8.21,11.07,SPY200630P00284000,284.0,0,0.0,0.0,,0.0,normalDay
2020-05-18,785.0,119.0,0.0,0,295.0,0.0,1,8.21,7.02,SPY200630P00284000,284.0,0,0.0,0.0,,0.0,normalDay
2020-05-19,785.0,22.0,0.0,0,291.97,0.0,1,8.21,7.99,SPY200630P00284000,284.0,0,0.0,0.0,,0.0,normalDay
2020-05-20,785.0,233.0,0.0,0,296.93,0.0,1,8.21,5.88,SPY200630P00284000,284.0,0,0.0,0.0,,0.0,normalDay
2020-05-21,785.0,142.0,0.0,0,294.88,0.0,1,8.21,6.79,SPY200630P00284000,284.0,0,0.0,0.0,,0.0,normalDay
2020-05-22,785.0,199.0,0.0,0,295.44,0.0,1,8.21,6.22,SPY200630P00284000,284.0,0,0.0,0.0,,0.0,normalDay
2020-05-26,785.0,342.0,0.0,0,299.08,0.0,1,8.21,4.79,SPY200630P00284000,284.0,0,0.0,0.0,,0.0,normalDay
2020-05-27,785.0,441.0,0.0,0,303.53,0.0,1,8.21,3.8,SPY200630P00284000,284.0,0,0.0,0.0,,0.0,normalDay
2020-05-28,785.0,436.0,0.0,0,302.97,0.0,1,8.21,3.85,SPY200630P00284000,284.0,0,0.0,0.0,,0.0,normalDay
2020-05-29,785.0,494.0,0.0,0,304.32,0.0,1,8.21,3.27,SPY200630P00284000,284.0,0,0.0,0.0,,0.0,normalDay
2020-06-01,785.0,507.0,0.0,0,305.55,0.0,1,8.21,3.14,SPY200630P00284000,284.0,0,0.0,0.0,,0.0,normalDay
2020-06-02,785.0,578.0,0.0,0,308.08,0.0,1,8.21,2.43,SPY200630P00284000,284.0,0,0.0,0.0,,0.0,normalDay
2020-06-03,785.0,652.0,0.0,0,312.18,0.0,1,8.21,1.69,SPY200630P00284000,284.0,0,0.0,0.0,,0.0,normalDay
2020-06-04,785.0,652.0,0.0,0,311.36,0.0,1,8.21,1.69,SPY200630P00284000,284.0,0,0.0,0.0,,0.0,normalDay
2020-06-05,785.0,724.0,0.0,0,319.34,0.0,1,8.21,0.97,SPY200630P00284000,284.0,0,0.0,0.0,,0.0,normalDay
2020-06-08,785.0,739.0,0.0,0,323.2,0.0,1,8.21,0.82,SPY200630P00284000,284.0,0,0.0,0.0,,0.0,normalDay
2020-06-09,785.0,722.0,0.0,0,320.79,0.0,1,8.21,0.99,SPY200630P00284000,284.0,0,0.0,0.0,,0.0,normalDay
2020-06-10,785.0,710.0,0.0,0,319.0,0.0,1,8.21,1.11,SPY200630P00284000,284.0,0,0.0,0.0,,0.0,normalDay
2020-06-11,785.0,316.0,0.0,0,300.61,0.0,1,8.21,5.05,SPY200630P00284000,284.0,0,0.0,0.0,,0.0,normalDay
2020-06-12,785.0,480.0,0.0,0,304.21,0.0,1,8.21,3.41,SPY200630P00284000,284.0,0,0.0,0.0,,0.0,normalDay
2020-06-15,785.0,601.0,0.0,0,307.05,0.0,1,8.21,2.2,SPY200630P00284000,284.0,0,0.0,0.0,,0.0,normalDay
2020-06-16,785.0,666.0,0.0,0,312.96,0.0,1,8.21,1.55,SPY200630P00284000,284.0,0,0.0,0.0,,0.0,normalDay
2020-06-17,785.0,689.0,0.0,0,311.66,0.0,1,8.21,1.32,SPY200630P00284000,284.0,0,0.0,0.0,,0.0,normalDay
2020-06-18,785.0,724.0,0.0,0,311.78,0.0,1,8.21,0.97,SPY200630P00284000,284.0,0,0.0,0.0,,0.0,normalDay
2020-06-19,785.0,709.0,0.0,0,308.64,0.0,1,8.21,1.12,SPY200630P00284000,284.0,0,0.0,0.0,,0.0,normalDay
2020-06-22,785.0,782.0,0.0,0,310.62,0.0,1,8.21,0.39,SPY200630P00284000,284.0,0,0.0,0.0,,0.0,normalDay
2020-06-23,785.0,798.0,0.0,0,312.05,0.0,1,8.21,0.23,SPY200630P00284000,284.0,0,0.0,0.0,,0.0,normalDay
2020-06-24,785.0,781.0,0.0,0,304.09,0.0,1,8.21,0.4,SPY200630P00284000,284.0,0,0.0,0.0,,0.0,normalDay
2020-06-25,785.0,808.0,0.0,0,307.35,0.0,1,8.21,0.13,SPY200630P00284000,284.0,0,0.0,0.0,,0.0,normalDay
2020-06-26,785.0,798.0,0.0,0,300.05,0.0,1,8.21,0.23,SPY200630P00284000,284.0,0,0.0,0.0,,0.0,normalDay
2020-06-29,785.0,819.0,0.0,0,304.46,0.0,1,8.21,0.02,SPY200630P00284000,284.0,0,0.0,0.0,,0.0,normalDay
2020-06-30,1606.0,0.0,821.0,0,308.36,0.0,1,8.21,0.0,SPY200630P00284000,284.0,0,0.0,0.0,,0.0,expirationDay
2020-07-01,1606.0,-7.0,0.0,0,310.52,0.0,1,11.03,11.1,SPY200821P00310000,310.0,0,0.0,0.0,,0.0,normalDay
2020-07-02,1606.0,121.0,0.0,0,312.23,0.0,1,11.03,9.82,SPY200821P00310000,310.0,0,0.0,0.0,,0.0,normalDay
2020-07-06,1606.0,291.0,0.0,0,317.05,0.0,1,11.03,8.12,SPY200821P00310000,310.0,0,0.0,0.0,,0.0,normalDay
2020-07-07,1606.0,151.0,0.0,0,313.78,0.0,1,11.03,9.52,SPY200821P00310000,310.0,0,0.0,0.0,,0.0,normalDay
2020-07-08,1606.0,284.0,0.0,0,316.18,0.0,1,11.03,8.19,SPY200821P00310000,310.0,0,0.0,0.0,,0.0,normalDay
2020-07-09,1606.0,196.0,0.0,0,314.38,0.0,1,11.03,9.07,SPY200821P00310000,310.0,0,0.0,0.0,,0.0,normalDay
2020-07-10,1606.0,363.0,0.0,0,317.59,0.0,1,11.03,7.4,SPY200821P00310000,310.0,0,0.0,0.0,,0.0,normalDay
2020-07-13,1606.0,165.0,0.0,0,314.84,0.0,1,11.03,9.38,SPY200821P00310000,310.0,0,0.0,0.0,,0.0,normalDay
2020-07-14,1606.0,375.0,0.0,0,318.92,0.0,1,11.03,7.28,SPY200821P00310000,310.0,0,0.0,0.0,,0.0,normalDay
2020-07-15,1606.0,513.0,0.0,0,321.85,0.0,1,11.03,5.9,SPY200821P00310000,310.0,0,0.0,0.0,,0.0,normalDay
2020-07-16,1606.0,476.0,0.0,0,320.79,0.0,1,11.03,6.27,SPY200821P00310000,310.0,0,0.0,0.0,,0.0,normalDay
2020-07-17,1606.0,613.0,0.0,0,321.72,0.0,1,11.03,4.9,SPY200821P00310000,310.0,0,0.0,0.0,,0.0,normalDay
2020-07-20,1606.0,724.0,0.0,0,324.32,0.0,1,11.03,3.79,SPY200821P00310000,310.0,0,0.0,0.0,,0.0,normalDay
2020-07-21,1606.0,730.0,0.0,0,325.01,0.0,1,11.03,3.73,SPY200821P00310000,310.0,0,0.0,0.0,,0.0,normalDay
2020-07-22,1606.0,779.0,0.0,0,326.86,0.0,1,11.03,3.24,SPY200821P00310000,310.0,0,0.0,0.0,,0.0,normalDay
2020-07-23,1606.0,667.0,0.0,0,322.96,0.0,1,11.03,4.36,SPY200821P00310000,310.0,0,0.0,0.0,,0.0,normalDay
2020-07-24,1606.0,672.0,0.0,0,320.88,0.0,1,11.03,4.31,SPY200821P00310000,310.0,0,0.0,0.0,,0.0,normalDay
2020-07-27,1606.0,780.0,0.0,0,323.22,0.0,1,11.03,3.23,SPY200821P00310000,310.0,0,0.0,0.0,,0.0,normalDay
2020-07-28,1606.0,730.0,0.0,0,321.17,0.0,1,11.03,3.73,SPY200821P00310000,310.0,0,0.0,0.0,,0.0,normalDay
2020-07-29,1606.0,846.0,0.0,0,325.12,0.0,1,11.03,2.57,SPY200821P00310000,310.0,0,0.0,0.0,,0.0,normalDay
2020-07-30,1606.0,823.0,0.0,0,323.96,0.0,1,11.03,2.8,SPY200821P00310000,310.0,0,0.0,0.0,,0.0,normalDay
2020-07-31,1606.0,899.0,0.0,0,326.52,0.0,1,11.03,2.04,SPY200821P00310000,310.0,0,0.0,0.0,,0.0,normalDay
2020-08-03,1606.0,949.0,0.0,0,328.79,0.0,1,11.03,1.54,SPY200821P00310000,310.0,0,0.0,0.0,,0.0,normalDay
2020-08-04,1606.0,980.0,0.0,0,330.06,0.0,1,11.03,1.23,SPY200821P00310000,310.0,0,0.0,0.0,,0.0,normalDay
2020-08-05,1606.0,1014.0,0.0,0,332.11,0.0,1,11.03,0.89,SPY200821P00310000,310.0,0,0.0,0.0,,0.0,normalDay
2020-08-06,1606.0,1033.0,0.0,0,334.33,0.0,1,11.03,0.7,SPY200821P00310000,310.0,0,0.0,0.0,,0.0,normalDay
2020-08-07,1606.0,1046.0,0.0,0,334.57,0.0,1,11.03,0.57,SPY200821P00310000,310.0,0,0.0,0.0,,0.0,normalDay
2020-08-10,1606.0,1064.0,0.0,0,335.57,0.0,1,11.03,0.39,SPY200821P00310000,310.0,0,0.0,0.0,,0.0,normalDay
2020-08-11,1606.0,1037.0,0.0,0,332.8,0.0,1,11.03,0.66,SPY200821P00310000,310.0,0,0.0,0.0,,0.0,normalDay
2020-08-12,1606.0,1078.0,0.0,0,337.44,0.0,1,11.03,0.25,SPY200821P00310000,310.0,0,0.0,0.0,,0.0,normalDay
2020-08-13,1606.0,1083.0,0.0,0,336.83,0.0,1,11.03,0.2,SPY200821P00310000,310.0,0,0.0,0.0,,0.0,normalDay
2020-08-14,1606.0,1091.0,0.0,0,336.84,0.0,1,11.03,0.12,SPY200821P00310000,310.0,0,0.0,0.0,,0.0,normalDay
2020-08-17,1606.0,1097.0,0.0,0,337.91,0.0,1,11.03,0.06,SPY200821P00310000,310.0,0,0.0,0.0,,0.0,normalDay
2020-08-18,1606.0,1099.0,0.0,0,338.64,0.0,1,11.03,0.04,SPY200821P00310000,310.0,0,0.0,0.0,,0.0,normalDay
2020-08-19,1606.0,1097.0,0.0,0,337.23,0.0,1,11.03,0.06,SPY200821P00310000,310.0,0,0.0,0.0,,0.0,normalDay
2020-08-20,1606.0,1101.0,0.0,0,338.28,0.0,1,11.03,0.02,SPY200821P00310000,310.0,0,0.0,0.0,,0.0,normalDay
2020-08-21,2709.0,0.0,1103.0,0,339.48,0.0,1,11.03,0.0,SPY200821P00310000,310.0,0,0.0,0.0,,0.0,expirationDay
2020-08-24,2709.0,-4.0,0.0,0,342.92,0.0,1,7.21,7.25,SPY201016P00334000,334.0,0,0.0,0.0,,0.0,normalDay
2020-08-25,2709.0,48.0,0.0,0,344.12,0.0,1,7.21,6.73,SPY201016P00334000,334.0,0,0.0,0.0,,0.0,normalDay
2020-08-26,2709.0,94.0,0.0,0,347.57,0.0,1,7.21,6.27,SPY201016P00334000,334.0,0,0.0,0.0,,0.0,normalDay
2020-08-27,2709.0,96.0,0.0,0,348.33,0.0,1,7.21,6.25,SPY201016P00334000,334.0,0,0.0,0.0,,0.0,normalDay
2020-08-28,2709.0,185.0,0.0,0,350.58,0.0,1,7.21,5.36,SPY201016P00334000,334.0,0,0.0,0.0,,0.0,normalDay
2020-08-31,2709.0,116.0,0.0,0,349.31,0.0,1,7.21,6.05,SPY201016P00334000,334.0,0,0.0,0.0,,0.0,normalDay
2020-09-01,2709.0,172.0,0.0,0,352.6,0.0,1,7.21,5.49,SPY201016P00334000,334.0,0,0.0,0.0,,0.0,normalDay
2020-09-02,2709.0,263.0,0.0,0,357.7,0.0,1,7.21,4.58,SPY201016P00334000,334.0,0,0.0,0.0,,0.0,normalDay
2020-09-03,2709.0,-126.0,0.0,0,345.39,0.0,1,7.21,8.47,SPY201016P00334000,334.0,0,0.0,0.0,,0.0,normalDay
2020-09-04,2709.0,-147.0,0.0,0,342.57,0.0,1,7.21,8.68,SPY201016P00334000,334.0,0,0.0,0.0,,0.0,normalDay
2020-09-08,2709.0,-452.0,0.0,0,333.21,0.0,1,7.21,11.73,SPY201016P00334000,334.0,0,0.0,0.0,,0.0,normalDay
2020-09-09,2709.0,-141.0,0.0,0,339.79,0.0,1,7.21,8.62,SPY201016P00334000,334.0,0,0.0,0.0,,0.0,normalDay
2020-09-10,2709.0,-354.0,0.0,0,333.89,0.0,1,7.21,10.75,SPY201016P00334000,334.0,0,0.0,0.0,,0.0,normalDay
2020-09-11,2709.0,-312.0,0.0,0,334.06,0.0,1,7.21,10.33,SPY201016P00334000,334.0,0,0.0,0.0,,0.0,normalDay
2020-09-14,2709.0,-20.0,0.0,0,338.46,0.0,1,7.21,7.41,SPY201016P00334000,334.0,0,0.0,0.0,,0.0,normalDay
2020-09-15,2709.0,64.0,0.0,0,340.17,0.0,1,7.21,6.57,SPY201016P00334000,334.0,0,0.0,0.0,,0.0,normalDay
2020-09-16,2709.0,12.0,0.0,0,338.82,0.0,1,7.21,7.09,SPY201016P00334000,334.0,0,0.0,0.0,,0.0,normalDay
2020-09-17,2709.0,-73.0,0.0,0,335.84,0.0,1,7.21,7.94,SPY201016P00334000,334.0,0,0.0,0.0,,0.0,normalDay
2020-09-18,2709.0,-228.0,0.0,0,330.65,0.0,1,7.21,9.49,SPY201016P00334000,334.0,0,0.0,0.0,,0.0,normalDay
2020-09-21,2709.0,-400.0,0.0,0,326.97,0.0,1,7.21,11.21,SPY201016P00334000,334.0,0,0.0,0.0,,0.0,normalDay
2020-09-22,2709.0,-224.0,0.0,0,330.3,0.0,1,7.21,9.45,SPY201016P00334000,334.0,0,0.0,0.0,,0.0,normalDay
2020-09-23,2709.0,-690.0,0.0,0,322.64,0.0,1,7.21,14.11,SPY201016P00334000,334.0,0,0.0,0.0,,0.0,normalDay
2020-09-24,2709.0,-590.0,0.0,0,323.5,0.0,1,7.21,13.11,SPY201016P00334000,334.0,0,0.0,0.0,,0.0,normalDay
2020-09-25,2709.0,-234.0,0.0,0,328.73,0.0,1,7.21,9.55,SPY201016P00334000,334.0,0,0.0,0.0,,0.0,normalDay
2020-09-28,2709.0,66.0,0.0,0,334.19,0.0,1,7.21,6.55,SPY201016P00334000,334.0,0,0.0,0.0,,0.0,normalDay
2020-09-29,2709.0,10.0,0.0,0,332.37,0.0,1,7.21,7.11,SPY201016P00334000,334.0,0,0.0,0.0,,0.0,normalDay
2020-09-30,2709.0,54.0,0.0,0,334.89,0.0,1,7.21,6.67,SPY201016P00334000,334.0,0,0.0,0.0,,0.0,normalDay
2020-10-01,2709.0,208.0,0.0,0,337.04,0.0,1,7.21,5.13,SPY201016P00334000,334.0,0,0.0,0.0,,0.0,normalDay
2020-10-02,2709.0,100.0,0.0,0,333.84,0.0,1,7.21,6.21,SPY201016P00334000,334.0,0,0.0,0.0,,0.0,normalDay
2020-10-05,2709.0,390.0,0.0,0,339.76,0.0,1,7.21,3.31,SPY201016P00334000,334.0,0,0.0,0.0,,0.0,normalDay
2020-10-06,2709.0,245.0,0.0,0,334.93,0.0,1,7.21,4.76,SPY201016P00334000,334.0,0,0.0,0.0,,0.0,normalDay
2020-10-07,2709.0,494.0,0.0,0,340.76,0.0,1,7.21,2.27,SPY201016P00334000,334.0,0,0.0,0.0,,0.0,normalDay
2020-10-08,2709.0,607.0,0.0,0,343.78,0.0,1,7.21,1.14,SPY201016P00334000,334.0,0,0.0,0.0,,0.0,normalDay
2020-10-09,2709.0,674.0,0.0,0,346.85,0.0,1,7.21,0.47,SPY201016P00334000,334.0,0,0.0,0.0,,0.0,normalDay
2020-10-12,2709.0,705.0,0.0,0,352.43,0.0,1,7.21,0.16,SPY201016P00334000,334.0,0,0.0,0.0,,0.0,normalDay
2020-10-13,2709.0,708.0,0.0,0,350.13,0.0,1,7.21,0.13,SPY201016P00334000,334.0,0,0.0,0.0,,0.0,normalDay
2020-10-14,2709.0,709.0,0.0,0,347.93,0.0,1,7.21,0.12,SPY201016P00334000,334.0,0,0.0,0.0,,0.0,normalDay
2020-10-15,2709.0,717.0,0.0,0,347.5,0.0,1,7.21,0.04,SPY201016P00334000,334.0,0,0.0,0.0,,0.0,normalDay
2020-10-16,3430.0,0.0,721.0,0,347.29,0.0,1,7.21,0.0,SPY201016P00334000,334.0,0,0.0,0.0,,0.0,expirationDay
2020-10-19,3430.0,-9.0,0.0,0,342.01,0.0,1,9.89,9.98,SPY201127P00339000,339.0,0,0.0,0.0,,0.0,normalDay
2020-10-20,3430.0,14.0,0.0,0,343.38,0.0,1,9.89,9.75,SPY201127P00339000,339.0,0,0.0,0.0,,0.0,normalDay
2020-10-21,3430.0,62.0,0.0,0,342.73,0.0,1,9.89,9.27,SPY201127P00339000,339.0,0,0.0,0.0,,0.0,normalDay
2020-10-22,3430.0,137.0,0.0,0,344.61,0.0,1,9.89,8.52,SPY201127P00339000,339.0,0,0.0,0.0,,0.0,normalDay
2020-10-23,3430.0,189.0,0.0,0,345.78,0.0,1,9.89,8.0,SPY201127P00339000,339.0,0,0.0,0.0,,0.0,normalDay
2020-10-26,3430.0,-126.0,0.0,0,339.39,0.0,1,9.89,11.15,SPY201127P00339000,339.0,0,0.0,0.0,,0.0,normalDay
2020-10-27,3430.0,-165.0,0.0,0,338.22,0.0,1,9.89,11.54,SPY201127P00339000,339.0,0,0.0,0.0,,0.0,normalDay
2020-10-28,3430.0,-958.0,0.0,0,326.66,0.0,1,9.89,19.47,SPY201127P00339000,339.0,0,0.0,0.0,,0.0,normalDay
2020-10-29,3430.0,-593.0,0.0,0,329.98,0.0,1,9.89,15.82,SPY201127P00339000,339.0,0,0.0,0.0,,0.0,normalDay
2020-10-30,3430.0,-781.0,0.0,0,326.54,0.0,1,9.89,17.7,SPY201127P00339000,339.0,0,0.0,0.0,,0.0,normalDay
2020-11-02,3430.0,-508.0,0.0,0,330.2,0.0,1,9.89,14.97,SPY201127P00339000,339.0,0,0.0,0.0,,0.0,normalDay
2020-11-03,3430.0,-218.0,0.0,0,336.03,0.0,1,9.89,12.07,SPY201127P00339000,339.0,0,0.0,0.0,,0.0,normalDay
2020-11-04,3430.0,291.0,0.0,0,343.54,0.0,1,9.89,6.98,SPY201127P00339000,339.0,0,0.0,0.0,,0.0,normalDay
2020-11-05,3430.0,534.0,0.0,0,350.24,0.0,1,9.89,4.55,SPY201127P00339000,339.0,0,0.0,0.0,,0.0,normalDay
2020-11-06,3430.0,619.0,0.0,0,350.16,0.0,1,9.89,3.7,SPY201127P00339000,339.0,0,0.0,0.0,,0.0,normalDay
2020-11-09,3430.0,748.0,0.0,0,354.56,0.0,1,9.89,2.41,SPY201127P00339000,339.0,0,0.0,0.0,,0.0,normalDay
2020-11-10,3430.0,770.0,0.0,0,354.04,0.0,1,9.89,2.19,SPY201127P00339000,339.0,0,0.0,0.0,,0.0,normalDay
2020-11-11,3430.0,843.0,0.0,0,356.67,0.0,1,9.89,1.46,SPY201127P00339000,339.0,0,0.0,0.0,,0.0,normalDay
2020-11-12,3430.0,782.0,0.0,0,353.21,0.0,1,9.89,2.07,SPY201127P00339000,339.0,0,0.0,0.0,,0.0,normalDay
2020-11-13,3430.0,874.0,0.0,0,358.1,0.0,1,9.89,1.15,SPY201127P00339000,339.0,0,0.0,0.0,,0.0,normalDay
2020-11-16,3430.0,942.0,0.0,0,362.57,0.0,1,9.89,0.47,SPY201127P00339000,339.0,0,0.0,0.0,,0.0,normalDay
2020-11-17,3430.0,947.0,0.0,0,360.62,0.0,1,9.89,0.42,SPY201127P00339000,339.0,0,0.0,0.0,,0.0,normalDay
2020-11-18,3430.0,935.0,0.0,0,356.28,0.0,1,9.89,0.54,SPY201127P00339000,339.0,0,0.0,0.0,,0.0,normalDay
2020-11-19,3430.0,955.0,0.0,0,357.78,0.0,1,9.89,0.34,SPY201127P00339000,339.0,0,0.0,0.0,,0.0,normalDay
2020-11-20,3430.0,962.0,0.0,0,355.33,0.0,1,9.89,0.27,SPY201127P00339000,339.0,0,0.0,0.0,,0.0,normalDay
2020-11-23,3430.0,983.0,0.0,0,357.46,0.0,1,9.89,0.06,SPY201127P00339000,339.0,0,0.0,0.0,,0.0,normalDay
2020-11-24,3430.0,986.0,0.0,0,363.22,0.0,1,9.89,0.03,SPY201127P00339000,339.0,0,0.0,0.0,,0.0,normalDay
2020-11-25,3430.0,988.0,0.0,0,362.66,0.0,1,9.89,0.01,SPY201127P00339000,339.0,0,0.0,0.0,,0.0,normalDay
2020-11-27,4419.0,0.0,989.0,0,363.67,0.0,1,9.89,0.0,SPY201127P00339000,339.0,0,0.0,0.0,,0.0,expirationDay
2020-11-30,4419.0,-7.0,0.0,0,362.06,0.0,1,6.88,6.95,SPY210115P00354000,354.0,0,0.0,0.0,,0.0,normalDay
2020-12-01,4419.0,72.0,0.0,0,366.02,0.0,1,6.88,6.16,SPY210115P00354000,354.0,0,0.0,0.0,,0.0,normalDay
2020-12-02,4419.0,105.0,0.0,0,366.79,0.0,1,6.88,5.83,SPY210115P00354000,354.0,0,0.0,0.0,,0.0,normalDay
2020-12-03,4419.0,102.0,0.0,0,366.69,0.0,1,6.88,5.86,SPY210115P00354000,354.0,0,0.0,0.0,,0.0,normalDay
2020-12-04,4419.0,201.0,0.0,0,369.85,0.0,1,6.88,4.87,SPY210115P00354000,354.0,0,0.0,0.0,,0.0,normalDay
2020-12-07,4419.0,201.0,0.0,0,369.09,0.0,1,6.88,4.87,SPY210115P00354000,354.0,0,0.0,0.0,,0.0,normalDay
2020-12-08,4419.0,275.0,0.0,0,370.17,0.0,1,6.88,4.13,SPY210115P00354000,354.0,0,0.0,0.0,,0.0,normalDay
2020-12-09,4419.0,165.0,0.0,0,366.85,0.0,1,6.88,5.23,SPY210115P00354000,354.0,0,0.0,0.0,,0.0,normalDay
2020-12-10,4419.0,175.0,0.0,0,366.73,0.0,1,6.88,5.13,SPY210115P00354000,354.0,0,0.0,0.0,,0.0,normalDay
2020-12-11,4419.0,151.0,0.0,0,366.3,0.0,1,6.88,5.37,SPY210115P00354000,354.0,0,0.0,0.0,,0.0,normalDay
2020-12-14,4419.0,123.0,0.0,0,364.66,0.0,1,6.88,5.65,SPY210115P00354000,354.0,0,0.0,0.0,,0.0,normalDay
2020-12-15,4419.0,270.0,0.0,0,369.59,0.0,1,6.88,4.18,SPY210115P00354000,354.0,0,0.0,0.0,,0.0,normalDay
2020-12-16,4419.0,317.0,0.0,0,370.17,0.0,1,6.88,3.71,SPY210115P00354000,354.0,0,0.0,0.0,,0.0,normalDay
2020-12-17,4419.0,386.0,0.0,0,372.24,0.0,1,6.88,3.02,SPY210115P00354000,354.0,0,0.0,0.0,,0.0,normalDay
2020-12-18,4419.0,384.0,0.0,0,369.18,0.0,1,6.88,3.04,SPY210115P00354000,354.0,0,0.0,0.0,,0.0,normalDay
2020-12-21,4419.0,285.0,0.0,0,367.86,0.0,1,6.88,4.03,SPY210115P00354000,354.0,0,0.0,0.0,,0.0,normalDay
2020-12-22,4419.0,307.0,0.0,0,367.24,0.0,1,6.88,3.81,SPY210115P00354000,354.0,0,0.0,0.0,,0.0,normalDay
2020-12-23,4419.0,352.0,0.0,0,367.57,0.0,1,6.88,3.36,SPY210115P00354000,354.0,0,0.0,0.0,,0.0,normalDay
2020-12-24,4419.0,426.0,0.0,0,369.0,0.0,1,6.88,2.62,SPY210115P00354000,354.0,0,0.0,0.0,,0.0,normalDay
2020-12-28,4419.0,513.0,0.0,0,372.17,0.0,1,6.88,1.75,SPY210115P00354000,354.0,0,0.0,0.0,,0.0,normalDay
2020-12-29,4419.0,495.0,0.0,0,371.46,0.0,1,6.88,1.93,SPY210115P00354000,354.0,0,0.0,0.0,,0.0,normalDay
2020-12-30,4419.0,517.0,0.0,0,371.99,0.0,1,6.88,1.71,SPY210115P00354000,354.0,0,0.0,0.0,,0.0,normalDay
2020-12-31,4419.0,553.0,0.0,0,373.88,0.0,1,6.88,1.35,SPY210115P00354000,354.0,0,0.0,0.0,,0.0,normalDay
2021-01-04,4419.0,478.0,0.0,0,368.79,0.0,1,6.88,2.1,SPY210115P00354000,354.0,0,0.0,0.0,,0.0,normalDay
2021-01-05,4419.0,543.0,0.0,0,371.33,0.0,1,6.88,1.45,SPY210115P00354000,354.0,0,0.0,0.0,,0.0,normalDay
2021-01-06,4419.0,567.0,0.0,0,373.55,0.0,1,6.88,1.21,SPY210115P00354000,354.0,0,0.0,0.0,,0.0,normalDay
2021-01-07,4419.0,647.0,0.0,0,379.1,0.0,1,6.88,0.41,SPY210115P00354000,354.0,0,0.0,0.0,,0.0,normalDay
2021-01-08,4419.0,665.0,0.0,0,381.26,0.0,1,6.88,0.23,SPY210115P00354000,354.0,0,0.0,0.0,,0.0,normalDay
2021-01-11,4419.0,669.0,0.0,0,378.69,0.0,1,6.88,0.19,SPY210115P00354000,354.0,0,0.0,0.0,,0.0,normalDay
2021-01-12,4419.0,677.0,0.0,0,378.77,0.0,1,6.88,0.11,SPY210115P00354000,354.0,0,0.0,0.0,,0.0,normalDay
2021-01-13,4419.0,681.0,0.0,0,379.79,0.0,1,6.88,0.07,SPY210115P00354000,354.0,0,0.0,0.0,,0.0,normalDay
2021-01-14,4419.0,683.0,0.0,0,378.46,0.0,1,6.88,0.05,SPY210115P00354000,354.0,0,0.0,0.0,,0.0,normalDay
2021-01-15,5107.0,0.0,688.0,0,375.7,0.0,1,6.88,0.0,SPY210115P00354000,354.0,0,0.0,0.0,,0.0,expirationDay
2021-01-19,5107.0,-6.0,0.0,0,378.65,0.0,1,7.49,7.55,SPY210226P00374000,374.0,0,0.0,0.0,,0.0,normalDay
2021-01-20,5107.0,189.0,0.0,0,383.89,0.0,1,7.49,5.6,SPY210226P00374000,374.0,0,0.0,0.0,,0.0,normalDay
2021-01-21,5107.0,217.0,0.0,0,384.24,0.0,1,7.49,5.32,SPY210226P00374000,374.0,0,0.0,0.0,,0.0,normalDay
2021-01-22,5107.0,185.0,0.0,0,382.88,0.0,1,7.49,5.64,SPY210226P00374000,374.0,0,0.0,0.0,,0.0,normalDay
2021-01-25,5107.0,219.0,0.0,0,384.39,0.0,1,7.49,5.3,SPY210226P00374000,374.0,0,0.0,0.0,,0.0,normalDay
2021-01-26,5107.0,235.0,0.0,0,383.79,0.0,1,7.49,5.14,SPY210226P00374000,374.0,0,0.0,0.0,,0.0,normalDay
2021-01-27,5107.0,-372.0,0.0,0,374.41,0.0,1,7.49,11.21,SPY210226P00374000,374.0,0,0.0,0.0,,0.0,normalDay
2021-01-28,5107.0,-103.0,0.0,0,377.63,0.0,1,7.49,8.52,SPY210226P00374000,374.0,0,0.0,0.0,,0.0,normalDay
2021-01-29,5107.0,-542.0,0.0,0,370.07,0.0,1,7.49,12.91,SPY210226P00374000,374.0,0,0.0,0.0,,0.0,normalDay
2021-02-01,5107.0,-110.0,0.0,0,376.23,0.0,1,7.49,8.59,SPY210226P00374000,374.0,0,0.0,0.0,,0.0,normalDay
2021-02-02,5107.0,236.0,0.0,0,381.55,0.0,1,7.49,5.13,SPY210226P00374000,374.0,0,0.0,0.0,,0.0,normalDay
2021-02-03,5107.0,315.0,0.0,0,381.85,0.0,1,7.49,4.34,SPY210226P00374000,374.0,0,0.0,0.0,,0.0,normalDay
2021-02-04,5107.0,443.0,0.0,0,386.19,0.0,1,7.49,3.06,SPY210226P00374000,374.0,0,0.0,0.0,,0.0,normalDay
2021-02-05,5107.0,507.0,0.0,0,387.71,0.0,1,7.49,2.42,SPY210226P00374000,374.0,0,0.0,0.0,,0.0,normalDay
2021-02-08,5107.0,567.0,0.0,0,390.51,0.0,1,7.49,1.82,SPY210226P00374000,374.0,0,0.0,0.0,,0.0,normalDay
2021-02-09,5107.0,575.0,0.0,0,390.25,0.0,1,7.49,1.74,SPY210226P00374000,374.0,0,0.0,0.0,,0.0,normalDay
2021-02-10,5107.0,570.0,0.0,0,390.08,0.0,1,7.49,1.79,SPY210226P00374000,374.0,0,0.0,0.0,,0.0,normalDay
2021-02-11,5107.0,599.0,0.0,0,390.71,0.0,1,7.49,1.5,SPY210226P00374000,374.0,0,0.0,0.0,,0.0,normalDay
2021-02-12,5107.0,658.0,0.0,0,392.64,0.0,1,7.49,0.91,SPY210226P00374000,374.0,0,0.0,0.0,,0.0,normalDay
2021-02-16,5107.0,663.0,0.0,0,392.3,0.0,1,7.49,0.86,SPY210226P00374000,374.0,0,0.0,0.0,,0.0,normalDay
2021-02-17,5107.0,684.0,0.0,0,392.39,0.0,1,7.49,0.65,SPY210226P00374000,374.0,0,0.0,0.0,,0.0,normalDay
2021-02-18,5107.0,676.0,0.0,0,390.72,0.0,1,7.49,0.73,SPY210226P00374000,374.0,0,0.0,0.0,,0.0,normalDay
2021-02-19,5107.0,704.0,0.0,0,390.03,0.0,1,7.49,0.45,SPY210226P00374000,374.0,0,0.0,0.0,,0.0,normalDay
2021-02-22,5107.0,701.0,0.0,0,387.03,0.0,1,7.49,0.48,SPY210226P00374000,374.0,0,0.0,0.0,,0.0,normalDay
2021-02-23,5107.0,716.0,0.0,0,387.5,0.0,1,7.49,0.33,SPY210226P00374000,374.0,0,0.0,0.0,,0.0,normalDay
2021-02-24,5107.0,743.0,0.0,0,391.77,0.0,1,7.49,0.06,SPY210226P00374000,374.0,0,0.0,0.0,,0.0,normalDay
2021-02-25,5107.0,704.0,0.0,0,382.33,0.0,1,7.49,0.45,SPY210226P00374000,374.0,0,0.0,0.0,,0.0,normalDay
2021-02-26,5856.0,0.0,749.0,0,380.36,0.0,1,7.49,0.0,SPY210226P00374000,374.0,0,0.0,0.0,,0.0,expirationDay
2021-03-01,5856.0,-7.0,0.0,0,389.58,0.0,1,9.93,10.0,SPY210416P00388000,388.0,0,0.0,0.0,,0.0,normalDay
2021-03-02,5856.0,-161.0,0.0,0,386.54,0.0,1,9.93,11.54,SPY210416P00388000,388.0,0,0.0,0.0,,0.0,normalDay
2021-03-03,5856.0,-457.0,0.0,0,381.42,0.0,1,9.93,14.5,SPY210416P00388000,388.0,0,0.0,0.0,,0.0,normalDay
2021-03-04,5856.0,-738.0,0.0,0,376.7,0.0,1,9.93,17.31,SPY210416P00388000,388.0,0,0.0,0.0,,0.0,normalDay
2021-03-05,5856.0,-264.0,0.0,0,383.63,0.0,1,9.93,12.57,SPY210416P00388000,388.0,0,0.0,0.0,,0.0,normalDay
2021-03-08,5856.0,-349.0,0.0,0,381.72,0.0,1,9.93,13.42,SPY210416P00388000,388.0,0,0.0,0.0,,0.0,normalDay
2021-03-09,5856.0,-54.0,0.0,0,387.17,0.0,1,9.93,10.47,SPY210416P00388000,388.0,0,0.0,0.0,,0.0,normalDay
2021-03-10,5856.0,129.0,0.0,0,389.58,0.0,1,9.93,8.64,SPY210416P00388000,388.0,0,0.0,0.0,,0.0,normalDay
2021-03-11,5856.0,277.0,0.0,0,393.53,0.0,1,9.93,7.16,SPY210416P00388000,388.0,0,0.0,0.0,,0.0,normalDay
2021-03-12,5856.0,363.0,0.0,0,394.06,0.0,1,9.93,6.3,SPY210416P00388000,388.0,0,0.0,0.0,,0.0,normalDay
2021-03-15,5856.0,493.0,0.0,0,396.41,0.0,1,9.93,5.0,SPY210416P00388000,388.0,0,0.0,0.0,,0.0,normalDay
2021-03-16,5856.0,485.0,0.0,0,395.91,0.0,1,9.93,5.08,SPY210416P00388000,388.0,0,0.0,0.0,,0.0,normalDay
2021-03-17,5856.0,555.0,0.0,0,397.26,0.0,1,9.93,4.38,SPY210416P00388000,388.0,0,0.0,0.0,,0.0,normalDay
2021-03-18,5856.0,368.0,0.0,0,391.48,0.0,1,9.93,6.25,SPY210416P00388000,388.0,0,0.0,0.0,,0.0,normalDay
2021-03-19,5856.0,344.0,0.0,0,389.48,0.0,1,9.93,6.49,SPY210416P00388000,388.0,0,0.0,0.0,,0.0,normalDay
2021-03-22,5856.0,563.0,0.0,0,392.59,0.0,1,9.93,4.3,SPY210416P00388000,388.0,0,0.0,0.0,,0.0,normalDay
2021-03-23,5856.0,429.0,0.0,0,389.5,0.0,1,9.93,5.64,SPY210416P00388000,388.0,0,0.0,0.0,,0.0,normalDay
2021-03-24,5856.0,346.0,0.0,0,387.52,0.0,1,9.93,6.47,SPY210416P00388000,388.0,0,0.0,0.0,,0.0,normalDay
2021-03-25,5856.0,483.0,0.0,0,389.7,0.0,1,9.93,5.1,SPY210416P00388000,388.0,0,0.0,0.0,,0.0,normalDay
2021-03-26,5856.0,685.0,0.0,0,395.98,0.0,1,9.93,3.08,SPY210416P00388000,388.0,0,0.0,0.0,,0.0,normalDay
2021-03-29,5856.0,668.0,0.0,0,395.78,0.0,1,9.93,3.25,SPY210416P00388000,388.0,0,0.0,0.0,,0.0,normalDay
2021-03-30,5856.0,682.0,0.0,0,394.73,0.0,1,9.93,3.11,SPY210416P00388000,388.0,0,0.0,0.0,,0.0,normalDay
2021-03-31,5856.0,750.0,0.0,0,396.33,0.0,1,9.93,2.43,SPY210416P00388000,388.0,0,0.0,0.0,,0.0,normalDay
2021-04-01,5856.0,868.0,0.0,0,400.61,0.0,1,9.93,1.25,SPY210416P00388000,388.0,0,0.0,0.0,,0.0,normalDay
2021-04-05,5856.0,930.0,0.0,0,406.36,0.0,1,9.93,0.63,SPY210416P00388000,388.0,0,0.0,0.0,,0.0,normalDay
2021-04-06,5856.0,936.0,0.0,0,406.12,0.0,1,9.93,0.57,SPY210416P00388000,388.0,0,0.0,0.0,,0.0,normalDay
2021-04-07,5856.0,956.0,0.0,0,406.59,0.0,1,9.93,0.37,SPY210416P00388000,388.0,0,0.0,0.0,,0.0,normalDay
2021-04-08,5856.0,970.0,0.0,0,408.52,0.0,1,9.93,0.23,SPY210416P00388000,388.0,0,0.0,0.0,,0.0,normalDay
2021-04-09,5856.0,982.0,0.0,0,411.49,0.0,1,9.93,0.11,SPY210416P00388000,388.0,0,0.0,0.0,,0.0,normalDay
2021-04-12,5856.0,989.0,0.0,0,411.64,0.0,1,9.93,0.04,SPY210416P00388000,388.0,0,0.0,0.0,,0.0,normalDay
2021-04-13,5856.0,989.0,0.0,0,412.86,0.0,1,9.93,0.04,SPY210416P00388000,388.0,0,0.0,0.0,,0.0,normalDay
2021-04-14,5856.0,989.0,0.0,0,411.45,0.0,1,9.93,0.04,SPY210416P00388000,388.0,0,0.0,0.0,,0.0,normalDay
2021-04-15,5856.0,991.0,0.0,0,415.87,0.0,1,9.93,0.02,SPY210416P00388000,388.0,0,0.0,0.0,,0.0,normalDay
2021-04-16,6849.0,0.0,993.0,0,417.26,0.0,1,9.93,0.0,SPY210416P00388000,388.0,0,0.0,0.0,,0.0,expirationDay
2021-04-19,6849.0,-6.0,0.0,0,415.21,0.0,1,4.41,4.47,SPY210528P00403000,403.0,0,0.0,0.0,,0.0,normalDay
2021-04-20,6849.0,-126.0,0.0,0,412.17,0.0,1,4.41,5.67,SPY210528P00403000,403.0,0,0.0,0.0,,0.0,normalDay
2021-04-21,6849.0,19.0,0.0,0,416.07,0.0,1,4.41,4.22,SPY210528P00403000,403.0,0,0.0,0.0,,0.0,normalDay
2021-04-22,6849.0,-106.0,0.0,0,412.27,0.0,1,4.41,5.47,SPY210528P00403000,403.0,0,0.0,0.0,,0.0,normalDay
2021-04-23,6849.0,53.0,0.0,0,416.74,0.0,1,4.41,3.88,SPY210528P00403000,403.0,0,0.0,0.0,,0.0,normalDay
2021-04-26,6849.0,97.0,0.0,0,417.61,0.0,1,4.41,3.44,SPY210528P00403000,403.0,0,0.0,0.0,,0.0,normalDay
2021-04-27,6849.0,106.0,0.0,0,417.52,0.0,1,4.41,3.35,SPY210528P00403000,403.0,0,0.0,0.0,,0.0,normalDay
2021-04-28,6849.0,134.0,0.0,0,417.4,0.0,1,4.41,3.07,SPY210528P00403000,403.0,0,0.0,0.0,,0.0,normalDay
2021-04-29,6849.0,168.0,0.0,0,420.06,0.0,1,4.41,2.73,SPY210528P00403000,403.0,0,0.0,0.0,,0.0,normalDay
2021-04-30,6849.0,119.0,0.0,0,417.3,0.0,1,4.41,3.22,SPY210528P00403000,403.0,0,0.0,0.0,,0.0,normalDay
2021-05-03,6849.0,169.0,0.0,0,418.2,0.0,1,4.41,2.72,SPY210528P00403000,403.0,0,0.0,0.0,,0.0,normalDay
2021-05-04,6849.0,96.0,0.0,0,415.62,0.0,1,4.41,3.45,SPY210528P00403000,403.0,0,0.0,0.0,,0.0,normalDay
2021-05-05,6849.0,116.0,0.0,0,415.75,0.0,1,4.41,3.25,SPY210528P00403000,403.0,0,0.0,0.0,,0.0,normalDay
2021-05-06,6849.0,210.0,0.0,0,419.07,0.0,1,4.41,2.31,SPY210528P00403000,403.0,0,0.0,0.0,,0.0,normalDay
2021-05-07,6849.0,282.0,0.0,0,422.12,0.0,1,4.41,1.59,SPY210528P00403000,403.0,0,0.0,0.0,,0.0,normalDay
2021-05-10,6849.0,191.0,0.0,0,417.94,0.0,1,4.41,2.5,SPY210528P00403000,403.0,0,0.0,0.0,,0.0,normalDay
2021-05-11,6849.0,97.0,0.0,0,414.21,0.0,1,4.41,3.44,SPY210528P00403000,403.0,0,0.0,0.0,,0.0,normalDay
2021-05-12,6849.0,-280.0,0.0,0,405.41,0.0,1,4.41,7.21,SPY210528P00403000,403.0,0,0.0,0.0,,0.0,normalDay
2021-05-13,6849.0,-4.0,0.0,0,410.28,0.0,1,4.41,4.45,SPY210528P00403000,403.0,0,0.0,0.0,,0.0,normalDay
2021-05-14,6849.0,260.0,0.0,0,416.58,0.0,1,4.41,1.81,SPY210528P00403000,403.0,0,0.0,0.0,,0.0,normalDay
2021-05-17,6849.0,270.0,0.0,0,415.52,0.0,1,4.41,1.71,SPY210528P00403000,403.0,0,0.0,0.0,,0.0,normalDay
2021-05-18,6849.0,196.0,0.0,0,411.94,0.0,1,4.41,2.45,SPY210528P00403000,403.0,0,0.0,0.0,,0.0,normalDay
2021-05-19,6849.0,193.0,0.0,0,410.86,0.0,1,4.41,2.48,SPY210528P00403000,403.0,0,0.0,0.0,,0.0,normalDay
2021-05-20,6849.0,314.0,0.0,0,415.28,0.0,1,4.41,1.27,SPY210528P00403000,403.0,0,0.0,0.0,,0.0,normalDay
2021-05-21,6849.0,348.0,0.0,0,414.94,0.0,1,4.41,0.93,SPY210528P00403000,403.0,0,0.0,0.0,,0.0,normalDay
2021-05-24,6849.0,424.0,0.0,0,419.17,0.0,1,4.41,0.17,SPY210528P00403000,403.0,0,0.0,0.0,,0.0,normalDay
2021-05-25,6849.0,425.0,0.0,0,418.24,0.0,1,4.41,0.16,SPY210528P00403000,403.0,0,0.0,0.0,,0.0,normalDay
2021-05-26,6849.0,434.0,0.0,0,419.07,0.0,1,4.41,0.07,SPY210528P00403000,403.0,0,0.0,0.0,,0.0,normalDay
2021-05-27,6849.0,438.0,0.0,0,419.29,0.0,1,4.41,0.03,SPY210528P00403000,403.0,0,0.0,0.0,,0.0,normalDay
2021-05-28,7290.0,0.0,441.0,0,420.04,0.0,1,4.41,0.0,SPY210528P00403000,403.0,0,0.0,0.0,,0.0,expirationDay
2021-06-01,7290.0,-6.0,0.0,0,419.67,0.0,1,7.34,7.4,SPY210716P00416000,416.0,0,0.0,0.0,,0.0,normalDay
2021-06-02,7290.0,47.0,0.0,0,420.33,0.0,1,7.34,6.87,SPY210716P00416000,416.0,0,0.0,0.0,,0.0,normalDay
2021-06-03,7290.0,-26.0,0.0,0,418.77,0.0,1,7.34,7.6,SPY210716P00416000,416.0,0,0.0,0.0,,0.0,normalDay
2021-06-04,7290.0,154.0,0.0,0,422.6,0.0,1,7.34,5.8,SPY210716P00416000,416.0,0,0.0,0.0,,0.0,normalDay
2021-06-07,7290.0,197.0,0.0,0,422.19,0.0,1,7.34,5.37,SPY210716P00416000,416.0,0,0.0,0.0,,0.0,normalDay
2021-06-08,7290.0,190.0,0.0,0,422.28,0.0,1,7.34,5.44,SPY210716P00416000,416.0,0,0.0,0.0,,0.0,normalDay
2021-06-09,7290.0,152.0,0.0,0,421.65,0.0,1,7.34,5.82,SPY210716P00416000,416.0,0,0.0,0.0,,0.0,normalDay
2021-06-10,7290.0,290.0,0.0,0,423.61,0.0,1,7.34,4.44,SPY210716P00416000,416.0,0,0.0,0.0,,0.0,normalDay
2021-06-11,7290.0,328.0,0.0,0,424.31,0.0,1,7.34,4.06,SPY210716P00416000,416.0,0,0.0,0.0,,0.0,normalDay
2021-06-14,7290.0,355.0,0.0,0,425.26,0.0,1,7.34,3.79,SPY210716P00416000,416.0,0,0.0,0.0,,0.0,normalDay
2021-06-15,7290.0,329.0,0.0,0,424.48,0.0,1,7.34,4.05,SPY210716P00416000,416.0,0,0.0,0.0,,0.0,normalDay
2021-06-16,7290.0,250.0,0.0,0,422.11,0.0,1,7.34,4.84,SPY210716P00416000,416.0,0,0.0,0.0,,0.0,normalDay
2021-06-17,7290.0,280.0,0.0,0,421.97,0.0,1,7.34,4.54,SPY210716P00416000,416.0,0,0.0,0.0,,0.0,normalDay
2021-06-18,7290.0,-26.0,0.0,0,414.92,0.0,1,7.34,7.6,SPY210716P00416000,416.0,0,0.0,0.0,,0.0,normalDay
2021-06-21,7290.0,324.0,0.0,0,420.86,0.0,1,7.34,4.1,SPY210716P00416000,416.0,0,0.0,0.0,,0.0,normalDay
2021-06-22,7290.0,416.0,0.0,0,423.11,0.0,1,7.34,3.18,SPY210716P00416000,416.0,0,0.0,0.0,,0.0,normalDay
2021-06-23,7290.0,430.0,0.0,0,422.6,0.0,1,7.34,3.04,SPY210716P00416000,416.0,0,0.0,0.0,,0.0,normalDay
2021-06-24,7290.0,500.0,0.0,0,425.1,0.0,1,7.34,2.34,SPY210716P00416000,416.0,0,0.0,0.0,,0.0,normalDay
2021-06-25,7290.0,555.0,0.0,0,426.61,0.0,1,7.34,1.79,SPY210716P00416000,416.0,0,0.0,0.0,,0.0,normalDay
2021-06-28,7290.0,583.0,0.0,0,427.47,0.0,1,7.34,1.51,SPY210716P00416000,416.0,0,0.0,0.0,,0.0,normalDay
2021-06-29,7290.0,591.0,0.0,0,427.7,0.0,1,7.34,1.43,SPY210716P00416000,416.0,0,0.0,0.0,,0.0,normalDay
2021-06-30,7290.0,613.0,0.0,0,428.06,0.0,1,7.34,1.21,SPY210716P00416000,416.0,0,0.0,0.0,,0.0,normalDay
2021-07-01,7290.0,633.0,0.0,0,430.43,0.0,1,7.34,1.01,SPY210716P00416000,416.0,0,0.0,0.0,,0.0,normalDay
2021-07-02,7290.0,671.0,0.0,0,433.72,0.0,1,7.34,0.63,SPY210716P00416000,416.0,0,0.0,0.0,,0.0,normalDay
2021-07-06,7290.0,671.0,0.0,0,432.93,0.0,1,7.34,0.63,SPY210716P00416000,416.0,0,0.0,0.0,,0.0,normalDay
2021-07-07,7290.0,691.0,0.0,0,434.46,0.0,1,7.34,0.43,SPY210716P00416000,416.0,0,0.0,0.0,,0.0,normalDay
2021-07-08,7290.0,636.0,0.0,0,430.92,0.0,1,7.34,0.98,SPY210716P00416000,416.0,0,0.0,0.0,,0.0,normalDay
2021-07-09,7290.0,707.0,0.0,0,435.52,0.0,1,7.34,0.27,SPY210716P00416000,416.0,0,0.0,0.0,,0.0,normalDay
2021-07-12,7290.0,723.0,0.0,0,437.08,0.0,1,7.34,0.11,SPY210716P00416000,416.0,0,0.0,0.0,,0.0,normalDay
2021-07-13,7290.0,721.0,0.0,0,435.59,0.0,1,7.34,0.13,SPY210716P00416000,416.0,0,0.0,0.0,,0.0,normalDay
2021-07-14,7290.0,729.0,0.0,0,436.24,0.0,1,7.34,0.05,SPY210716P00416000,416.0,0,0.0,0.0,,0.0,normalDay
2021-07-15,7290.0,731.0,0.0,0,434.75,0.0,1,7.34,0.03,SPY210716P00416000,416.0,0,0.0,0.0,,0.0,normalDay
2021-07-16,8024.0,0.0,734.0,0,431.34,0.0,1,7.34,0.0,SPY210716P00416000,416.0,0,0.0,0.0,,0.0,expirationDay
2021-07-19,8024.0,-16.0,0.0,0,424.97,0.0,1,11.51,11.67,SPY210827P00430000,430.0,0,0.0,0.0,,0.0,normalDay
2021-07-20,8024.0,330.0,0.0,0,431.06,0.0,1,11.51,8.21,SPY210827P00430000,430.0,0,0.0,0.0,,0.0,normalDay
2021-07-21,8024.0,527.0,0.0,0,434.55,0.0,1,11.51,6.24,SPY210827P00430000,430.0,0,0.0,0.0,,0.0,normalDay
2021-07-22,8024.0,565.0,0.0,0,435.46,0.0,1,11.51,5.86,SPY210827P00430000,430.0,0,0.0,0.0,,0.0,normalDay
2021-07-23,8024.0,691.0,0.0,0,439.94,0.0,1,11.51,4.6,SPY210827P00430000,430.0,0,0.0,0.0,,0.0,normalDay
2021-07-26,8024.0,740.0,0.0,0,441.02,0.0,1,11.51,4.11,SPY210827P00430000,430.0,0,0.0,0.0,,0.0,normalDay
2021-07-27,8024.0,643.0,0.0,0,439.01,0.0,1,11.51,5.08,SPY210827P00430000,430.0,0,0.0,0.0,,0.0,normalDay
2021-07-28,8024.0,691.0,0.0,0,438.83,0.0,1,11.51,4.6,SPY210827P00430000,430.0,0,0.0,0.0,,0.0,normalDay
2021-07-29,8024.0,774.0,0.0,0,440.65,0.0,1,11.51,3.77,SPY210827P00430000,430.0,0,0.0,0.0,,0.0,normalDay
2021-07-30,8024.0,741.0,0.0,0,438.51,0.0,1,11.51,4.1,SPY210827P00430000,430.0,0,0.0,0.0,,0.0,normalDay
2021-08-02,8024.0,705.0,0.0,0,437.59,0.0,1,11.51,4.46,SPY210827P00430000,430.0,0,0.0,0.0,,0.0,normalDay
2021-08-03,8024.0,834.0,0.0,0,441.15,0.0,1,11.51,3.17,SPY210827P00430000,430.0,0,0.0,0.0,,0.0,normalDay
2021-08-04,8024.0,811.0,0.0,0,438.98,0.0,1,11.51,3.4,SPY210827P00430000,430.0,0,0.0,0.0,,0.0,normalDay
2021-08-05,8024.0,887.0,0.0,0,441.76,0.0,1,11.51,2.64,SPY210827P00430000,430.0,0,0.0,0.0,,0.0,normalDay
2021-08-06,8024.0,943.0,0.0,0,442.49,0.0,1,11.51,2.08,SPY210827P00430000,430.0,0,0.0,0.0,,0.0,normalDay
2021-08-09,8024.0,961.0,0.0,0,442.13,0.0,1,11.51,1.9,SPY210827P00430000,430.0,0,0.0,0.0,,0.0,normalDay
2021-08-10,8024.0,966.0,0.0,0,442.68,0.0,1,11.51,1.85,SPY210827P00430000,430.0,0,0.0,0.0,,0.0,normalDay
2021-08-11,8024.0,1012.0,0.0,0,443.78,0.0,1,11.51,1.39,SPY210827P00430000,430.0,0,0.0,0.0,,0.0,normalDay
2021-08-12,8024.0,1047.0,0.0,0,445.11,0.0,1,11.51,1.04,SPY210827P00430000,430.0,0,0.0,0.0,,0.0,normalDay
2021-08-13,8024.0,1072.0,0.0,0,445.92,0.0,1,11.51,0.79,SPY210827P00430000,430.0,0,0.0,0.0,,0.0,normalDay
2021-08-16,8024.0,1087.0,0.0,0,446.97,0.0,1,11.51,0.64,SPY210827P00430000,430.0,0,0.0,0.0,,0.0,normalDay
2021-08-17,8024.0,1033.0,0.0,0,444.04,0.0,1,11.51,1.18,SPY210827P00430000,430.0,0,0.0,0.0,,0.0,normalDay
2021-08-18,8024.0,904.0,0.0,0,439.18,0.0,1,11.51,2.47,SPY210827P00430000,430.0,0,0.0,0.0,,0.0,normalDay
2021-08-19,8024.0,950.0,0.0,0,439.86,0.0,1,11.51,2.01,SPY210827P00430000,430.0,0,0.0,0.0,,0.0,normalDay
2021-08-20,8024.0,1092.0,0.0,0,443.36,0.0,1,11.51,0.59,SPY210827P00430000,430.0,0,0.0,0.0,,0.0,normalDay
2021-08-23,8024.0,1138.0,0.0,0,447.26,0.0,1,11.51,0.13,SPY210827P00430000,430.0,0,0.0,0.0,,0.0,normalDay
2021-08-24,8024.0,1142.0,0.0,0,447.97,0.0,1,11.51,0.09,SPY210827P00430000,430.0,0,0.0,0.0,,0.0,normalDay
2021-08-25,8024.0,1146.0,0.0,0,448.91,0.0,1,11.51,0.05,SPY210827P00430000,430.0,0,0.0,0.0,,0.0,normalDay
2021-08-26,8024.0,1144.0,0.0,0,446.26,0.0,1,11.51,0.07,SPY210827P00430000,430.0,0,0.0,0.0,,0.0,normalDay
2021-08-27,9175.0,0.0,1151.0,0,450.25,0.0,1,11.51,0.0,SPY210827P00430000,430.0,0,0.0,0.0,,0.0,expirationDay
2021-08-30,9175.0,-3.0,0.0,0,452.23,0.0,1,6.33,6.36,SPY211015P00445000,445.0,0,0.0,0.0,,0.0,normalDay
2021-08-31,9175.0,0.0,0.0,0,451.56,0.0,1,6.33,6.33,SPY211015P00445000,445.0,0,0.0,0.0,,0.0,normalDay
2021-09-01,9175.0,27.0,0.0,0,451.8,0.0,1,6.33,6.06,SPY211015P00445000,445.0,0,0.0,0.0,,0.0,normalDay
2021-09-02,9175.0,69.0,0.0,0,453.19,0.0,1,6.33,5.64,SPY211015P00445000,445.0,0,0.0,0.0,,0.0,normalDay
2021-09-03,9175.0,75.0,0.0,0,453.08,0.0,1,6.33,5.58,SPY211015P00445000,445.0,0,0.0,0.0,,0.0,normalDay
2021-09-07,9175.0,18.0,0.0,0,451.46,0.0,1,6.33,6.15,SPY211015P00445000,445.0,0,0.0,0.0,,0.0,normalDay
2021-09-08,9175.0,13.0,0.0,0,450.91,0.0,1,6.33,6.2,SPY211015P00445000,445.0,0,0.0,0.0,,0.0,normalDay
2021-09-09,9175.0,-84.0,0.0,0,448.98,0.0,1,6.33,7.17,SPY211015P00445000,445.0,0,0.0,0.0,,0.0,normalDay
2021-09-10,9175.0,-232.0,0.0,0,445.44,0.0,1,6.33,8.65,SPY211015P00445000,445.0,0,0.0,0.0,,0.0,normalDay
2021-09-13,9175.0,-107.0,0.0,0,446.58,0.0,1,6.33,7.4,SPY211015P00445000,445.0,0,0.0,0.0,,0.0,normalDay
2021-09-14,9175.0,-215.0,0.0,0,444.17,0.0,1,6.33,8.48,SPY211015P00445000,445.0,0,0.0,0.0,,0.0,normalDay
2021-09-15,9175.0,2.0,0.0,0,447.88,0.0,1,6.33,6.31,SPY211015P00445000,445.0,0,0.0,0.0,,0.0,normalDay
2021-09-16,9175.0,-36.0,0.0,0,447.17,0.0,1,6.33,6.69,SPY211015P00445000,445.0,0,0.0,0.0,,0.0,normalDay
2021-09-17,9175.0,-289.0,0.0,0,441.4,0.0,1,6.33,9.22,SPY211015P00445000,445.0,0,0.0,0.0,,0.0,normalDay
2021-09-20,9175.0,-777.0,0.0,0,434.04,0.0,1,6.33,14.1,SPY211015P00445000,445.0,0,0.0,0.0,,0.0,normalDay
2021-09-21,9175.0,-780.0,0.0,0,433.63,0.0,1,6.33,14.13,SPY211015P00445000,445.0,0,0.0,0.0,,0.0,normalDay
2021-09-22,9175.0,-392.0,0.0,0,437.86,0.0,1,6.33,10.25,SPY211015P00445000,445.0,0,0.0,0.0,,0.0,normalDay
2021-09-23,9175.0,-40.0,0.0,0,443.18,0.0,1,6.33,6.73,SPY211015P00445000,445.0,0,0.0,0.0,,0.0,normalDay
2021-09-24,9175.0,42.0,0.0,0,443.91,0.0,1,6.33,5.91,SPY211015P00445000,445.0,0,0.0,0.0,,0.0,normalDay
2021-09-27,9175.0,-12.0,0.0,0,442.64,0.0,1,6.33,6.45,SPY211015P00445000,445.0,0,0.0,0.0,,0.0,normalDay
2021-09-28,9175.0,-622.0,0.0,0,433.72,0.0,1,6.33,12.55,SPY211015P00445000,445.0,0,0.0,0.0,,0.0,normalDay
2021-09-29,9175.0,-554.0,0.0,0,434.45,0.0,1,6.33,11.87,SPY211015P00445000,445.0,0,0.0,0.0,,0.0,normalDay
2021-09-30,9175.0,-950.0,0.0,0,429.14,0.0,1,6.33,15.83,SPY211015P00445000,445.0,0,0.0,0.0,,0.0,normalDay
2021-10-01,9175.0,-535.0,0.0,0,434.24,0.0,1,6.33,11.68,SPY211015P00445000,445.0,0,0.0,0.0,,0.0,normalDay
2021-10-04,9175.0,-1026.0,0.0,0,428.64,0.0,1,6.33,16.59,SPY211015P00445000,445.0,0,0.0,0.0,,0.0,normalDay
2021-10-05,9175.0,-616.0,0.0,0,433.1,0.0,1,6.33,12.49,SPY211015P00445000,445.0,0,0.0,0.0,,0.0,normalDay
2021-10-06,9175.0,-476.0,0.0,0,434.9,0.0,1,6.33,11.09,SPY211015P00445000,445.0,0,0.0,0.0,,0.0,normalDay
2021-10-07,9175.0,-115.0,0.0,0,438.66,0.0,1,6.33,7.48,SPY211015P00445000,445.0,0,0.0,0.0,,0.0,normalDay
2021-10-08,9175.0,-183.0,0.0,0,437.86,0.0,1,6.33,8.16,SPY211015P00445000,445.0,0,0.0,0.0,,0.0,normalDay
2021-10-11,9175.0,-441.0,0.0,0,434.69,0.0,1,6.33,10.74,SPY211015P00445000,445.0,0,0.0,0.0,,0.0,normalDay
2021-10-12,9175.0,-602.0,0.0,0,433.62,0.0,1,6.33,12.35,SPY211015P00445000,445.0,0,0.0,0.0,,0.0,normalDay
2021-10-13,9175.0,-360.0,0.0,0,435.18,0.0,1,6.33,9.93,SPY211015P00445000,445.0,0,0.0,0.0,,0.0,normalDay
2021-10-14,9175.0,343.0,0.0,0,442.5,0.0,1,6.33,2.9,SPY211015P00445000,445.0,0,0.0,0.0,,0.0,normalDay
2021-10-15,9808.0,0.0,633.0,0,445.87,0.0,1,6.33,0.0,SPY211015P00445000,445.0,0,0.0,0.0,,0.0,expirationDay
2021-10-18,9808.0,-5.0,0.0,0,447.19,0.0,1,4.74,4.79,SPY211126P00437000,437.0,0,0.0,0.0,,0.0,normalDay
2021-10-19,9808.0,98.0,0.0,0,450.64,0.0,1,4.74,3.76,SPY211126P00437000,437.0,0,0.0,0.0,,0.0,normalDay
2021-10-20,9808.0,127.0,0.0,0,452.41,0.0,1,4.74,3.47,SPY211126P00437000,437.0,0,0.0,0.0,,0.0,normalDay
2021-10-21,9808.0,171.0,0.0,0,453.59,0.0,1,4.74,3.03,SPY211126P00437000,437.0,0,0.0,0.0,,0.0,normalDay
2021-10-22,9808.0,150.0,0.0,0,453.12,0.0,1,4.74,3.24,SPY211126P00437000,437.0,0,0.0,0.0,,0.0,normalDay
2021-10-25,9808.0,211.0,0.0,0,455.55,0.0,1,4.74,2.63,SPY211126P00437000,437.0,0,0.0,0.0,,0.0,normalDay
2021-10-26,9808.0,215.0,0.0,0,455.96,0.0,1,4.74,2.59,SPY211126P00437000,437.0,0,0.0,0.0,,0.0,normalDay
2021-10-27,9808.0,163.0,0.0,0,453.94,0.0,1,4.74,3.11,SPY211126P00437000,437.0,0,0.0,0.0,,0.0,normalDay
2021-10-28,9808.0,239.0,0.0,0,458.32,0.0,1,4.74,2.35,SPY211126P00437000,437.0,0,0.0,0.0,,0.0,normalDay
2021-10-29,9808.0,266.0,0.0,0,459.25,0.0,1,4.74,2.08,SPY211126P00437000,437.0,0,0.0,0.0,,0.0,normalDay
2021-11-01,9808.0,299.0,0.0,0,460.04,0.0,1,4.74,1.75,SPY211126P00437000,437.0,0,0.0,0.0,,0.0,normalDay
2021-11-02,9808.0,327.0,0.0,0,461.9,0.0,1,4.74,1.47,SPY211126P00437000,437.0,0,0.0,0.0,,0.0,normalDay
2021-11-03,9808.0,374.0,0.0,0,464.72,0.0,1,4.74,1.0,SPY211126P00437000,437.0,0,0.0,0.0,,0.0,normalDay
2021-11-04,9808.0,386.0,0.0,0,466.91,0.0,1,4.74,0.88,SPY211126P00437000,437.0,0,0.0,0.0,,0.0,normalDay
2021-11-05,9808.0,388.0,0.0,0,468.53,0.0,1,4.74,0.86,SPY211126P00437000,437.0,0,0.0,0.0,,0.0,normalDay
2021-11-08,9808.0,396.0,0.0,0,468.93,0.0,1,4.74,0.78,SPY211126P00437000,437.0,0,0.0,0.0,,0.0,normalDay
2021-11-09,9808.0,391.0,0.0,0,467.38,0.0,1,4.74,0.83,SPY211126P00437000,437.0,0,0.0,0.0,,0.0,normalDay
2021-11-10,9808.0,374.0,0.0,0,463.62,0.0,1,4.74,1.0,SPY211126P00437000,437.0,0,0.0,0.0,,0.0,normalDay
2021-11-11,9808.0,406.0,0.0,0,463.77,0.0,1,4.74,0.68,SPY211126P00437000,437.0,0,0.0,0.0,,0.0,normalDay
2021-11-12,9808.0,440.0,0.0,0,467.27,0.0,1,4.74,0.34,SPY211126P00437000,437.0,0,0.0,0.0,,0.0,normalDay
2021-11-15,9808.0,452.0,0.0,0,467.43,0.0,1,4.74,0.22,SPY211126P00437000,437.0,0,0.0,0.0,,0.0,normalDay
2021-11-16,9808.0,456.0,0.0,0,469.28,0.0,1,4.74,0.18,SPY211126P00437000,437.0,0,0.0,0.0,,0.0,normalDay
2021-11-17,9808.0,460.0,0.0,0,468.14,0.0,1,4.74,0.14,SPY211126P00437000,437.0,0,0.0,0.0,,0.0,normalDay
2021-11-18,9808.0,462.0,0.0,0,469.73,0.0,1,4.74,0.12,SPY211126P00437000,437.0,0,0.0,0.0,,0.0,normalDay
2021-11-19,9808.0,465.0,0.0,0,468.89,0.0,1,4.74,0.09,SPY211126P00437000,437.0,0,0.0,0.0,,0.0,normalDay
2021-11-22,9808.0,468.0,0.0,0,467.57,0.0,1,4.74,0.06,SPY211126P00437000,437.0,0,0.0,0.0,,0.0,normalDay
2021-11-23,9808.0,470.0,0.0,0,468.19,0.0,1,4.74,0.04,SPY211126P00437000,437.0,0,0.0,0.0,,0.0,normalDay
2021-11-24,9808.0,472.0,0.0,0,469.44,0.0,1,4.74,0.02,SPY211126P00437000,437.0,0,0.0,0.0,,0.0,normalDay
2021-11-26,10282.0,0.0,474.0,0,458.97,0.0,1,4.74,0.0,SPY211126P00437000,437.0,0,0.0,0.0,,0.0,expirationDay
2021-11-29,10282.0,-65.0,0.0,0,464.6,0.0,1,12.83,13.48,SPY220121P00466000,466.0,0,0.0,0.0,,0.0,normalDay
2021-11-30,10282.0,-528.0,0.0,0,455.56,0.0,1,12.83,18.11,SPY220121P00466000,466.0,0,0.0,0.0,,0.0,normalDay
2021-12-01,10282.0,-1074.0,0.0,0,450.5,0.0,1,12.83,23.57,SPY220121P00466000,466.0,0,0.0,0.0,,0.0,normalDay
2021-12-02,10282.0,-528.0,0.0,0,457.4,0.0,1,12.83,18.11,SPY220121P00466000,466.0,0,0.0,0.0,,0.0,normalDay
2021-12-03,10282.0,-836.0,0.0,0,453.42,0.0,1,12.83,21.19,SPY220121P00466000,466.0,0,0.0,0.0,,0.0,normalDay
2021-12-06,10282.0,-381.0,0.0,0,458.79,0.0,1,12.83,16.64,SPY220121P00466000,466.0,0,0.0,0.0,,0.0,normalDay
2021-12-07,10282.0,224.0,0.0,0,468.28,0.0,1,12.83,10.59,SPY220121P00466000,466.0,0,0.0,0.0,,0.0,normalDay
2021-12-08,10282.0,341.0,0.0,0,469.52,0.0,1,12.83,9.42,SPY220121P00466000,466.0,0,0.0,0.0,,0.0,normalDay
2021-12-09,10282.0,184.0,0.0,0,466.35,0.0,1,12.83,10.99,SPY220121P00466000,466.0,0,0.0,0.0,,0.0,normalDay
2021-12-10,10282.0,466.0,0.0,0,470.74,0.0,1,12.83,8.17,SPY220121P00466000,466.0,0,0.0,0.0,,0.0,normalDay
2021-12-13,10282.0,266.0,0.0,0,466.57,0.0,1,12.83,10.17,SPY220121P00466000,466.0,0,0.0,0.0,,0.0,normalDay
2021-12-14,10282.0,76.0,0.0,0,463.36,0.0,1,12.83,12.07,SPY220121P00466000,466.0,0,0.0,0.0,,0.0,normalDay
2021-12-15,10282.0,505.0,0.0,0,470.6,0.0,1,12.83,7.78,SPY220121P00466000,466.0,0,0.0,0.0,,0.0,normalDay
2021-12-16,10282.0,315.0,0.0,0,466.45,0.0,1,12.83,9.68,SPY220121P00466000,466.0,0,0.0,0.0,,0.0,normalDay
2021-12-17,10282.0,57.0,0.0,0,459.87,0.0,1,12.83,12.26,SPY220121P00466000,466.0,0,0.0,0.0,,0.0,normalDay
2021-12-20,10282.0,-234.0,0.0,0,454.98,0.0,1,12.83,15.17,SPY220121P00466000,466.0,0,0.0,0.0,,0.0,normalDay
2021-12-21,10282.0,257.0,0.0,0,463.06,0.0,1,12.83,10.26,SPY220121P00466000,466.0,0,0.0,0.0,,0.0,normalDay
2021-12-22,10282.0,564.0,0.0,0,467.69,0.0,1,12.83,7.19,SPY220121P00466000,466.0,0,0.0,0.0,,0.0,normalDay
2021-12-23,10282.0,725.0,0.0,0,470.6,0.0,1,12.83,5.58,SPY220121P00466000,466.0,0,0.0,0.0,,0.0,normalDay
2021-12-27,10282.0,949.0,0.0,0,477.26,0.0,1,12.83,3.34,SPY220121P00466000,466.0,0,0.0,0.0,,0.0,normalDay
2021-12-28,10282.0,974.0,0.0,0,476.87,0.0,1,12.83,3.09,SPY220121P00466000,466.0,0,0.0,0.0,,0.0,normalDay
2021-12-29,10282.0,1014.0,0.0,0,477.48,0.0,1,12.83,2.69,SPY220121P00466000,466.0,0,0.0,0.0,,0.0,normalDay
2021-12-30,10282.0,978.0,0.0,0,476.16,0.0,1,12.83,3.05,SPY220121P00466000,466.0,0,0.0,0.0,,0.0,normalDay
2021-12-31,10282.0,982.0,0.0,0,474.96,0.0,1,12.83,3.01,SPY220121P00466000,466.0,0,0.0,0.0,,0.0,normalDay
2022-01-03,10282.0,1079.0,0.0,0,477.71,0.0,1,12.83,2.04,SPY220121P00466000,466.0,0,0.0,0.0,,0.0,normalDay
2022-01-04,10282.0,1077.0,0.0,0,477.55,0.0,1,12.83,2.06,SPY220121P00466000,466.0,0,0.0,0.0,,0.0,normalDay
2022-01-05,10282.0,768.0,0.0,0,468.38,0.0,1,12.83,5.15,SPY220121P00466000,466.0,0,0.0,0.0,,0.0,normalDay
2022-01-06,10282.0,786.0,0.0,0,467.94,0.0,1,12.83,4.97,SPY220121P00466000,466.0,0,0.0,0.0,,0.0,normalDay
2022-01-07,10282.0,800.0,0.0,0,466.09,0.0,1,12.83,4.83,SPY220121P00466000,466.0,0,0.0,0.0,,0.0,normalDay
2022-01-10,10282.0,771.0,0.0,0,465.51,0.0,1,12.83,5.12,SPY220121P00466000,466.0,0,0.0,0.0,,0.0,normalDay
2022-01-11,10282.0,964.0,0.0,0,469.75,0.0,1,12.83,3.19,SPY220121P00466000,466.0,0,0.0,0.0,,0.0,normalDay
2022-01-12,10282.0,1057.0,0.0,0,471.02,0.0,1,12.83,2.26,SPY220121P00466000,466.0,0,0.0,0.0,,0.0,normalDay
2022-01-13,10282.0,749.0,0.0,0,464.53,0.0,1,12.83,5.34,SPY220121P00466000,466.0,0,0.0,0.0,,0.0,normalDay
2022-01-14,10282.0,845.0,0.0,0,464.72,0.0,1,12.83,4.38,SPY220121P00466000,466.0,0,0.0,0.0,,0.0,normalDay
2022-01-18,10282.0,246.0,0.0,0,456.49,0.0,1,12.83,10.37,SPY220121P00466000,466.0,0,0.0,0.0,,0.0,normalDay
2022-01-19,10282.0,-127.0,0.0,0,451.75,0.0,1,12.83,14.1,SPY220121P00466000,466.0,0,0.0,0.0,,0.0,normalDay
2022-01-20,10282.0,-703.0,0.0,0,446.75,0.0,1,12.83,19.86,SPY220121P00466000,466.0,0,0.0,0.0,,0.0,normalDay
2022-01-21,11565.0,-2802.0,1283.0,100,437.98,466.0,1,12.83,0.0,SPY220121P00466000,466.0,0,0.0,0.0,,0.0,expirationDay
2022-01-24,11565.0,-2616.0,0.0,100,439.84,466.0,0,0.0,0.0,,0.0,0,0.0,0.0,,0.0,bidTooLow
2022-01-25,11565.0,-3153.0,0.0,100,434.47,466.0,0,0.0,0.0,,0.0,0,0.0,0.0,,0.0,bidTooLow
2022-01-26,11565.0,-3262.0,0.0,100,433.38,466.0,0,0.0,0.0,,0.0,0,0.0,0.0,,0.0,bidTooLow
2022-01-27,11565.0,-3476.0,0.0,100,431.24,466.0,0,0.0,0.0,,0.0,0,0.0,0.0,,0.0,bidTooLow
2022-01-28,11565.0,-2405.0,0.0,100,441.95,466.0,0,0.0,0.0,,0.0,0,0.0,0.0,,0.0,bidTooLow
2022-01-31,11565.0,-1609.0,0.0,100,449.91,466.0,0,0.0,0.0,,0.0,0,0.0,0.0,,0.0,bidTooLow
2022-02-01,11565.0,-1305.0,0.0,100,452.95,466.0,0,0.0,0.0,,0.0,0,0.0,0.0,,0.0,bidTooLow
2022-02-02,11565.0,-865.0,0.0,100,457.35,466.0,0,0.0,0.0,,0.0,0,0.0,0.0,,0.0,bidTooLow
2022-02-03,11565.0,-1943.0,0.0,100,446.6,466.0,0,0.0,0.0,,0.0,1,0.05,0.08,SPY220209C00472000,472.0,normalDay
2022-02-04,11565.0,-1727.0,0.0,100,448.7,466.0,0,0.0,0.0,,0.0,1,0.05,0.02,SPY220209C00472000,472.0,normalDay
2022-02-07,11565.0,-1870.0,0.0,100,447.26,466.0,0,0.0,0.0,,0.0,1,0.05,0.01,SPY220209C00472000,472.0,normalDay
2022-02-08,11565.0,-1502.0,0.0,100,450.94,466.0,0,0.0,0.0,,0.0,1,0.05,0.01,SPY220209C00472000,472.0,normalDay
2022-02-09,11570.0,-846.0,5.0,100,457.54,466.0,0,0.0,0.0,,0.0,1,0.05,0.0,SPY220209C00472000,472.0,expirationDay
2022-02-10,11570.0,-1671.0,0.0,100,449.32,466.0,0,0.0,0.0,,0.0,1,0.48,0.51,SPY220216C00463000,463.0,normalDay
2022-02-11,11570.0,-2513.0,0.0,100,440.46,466.0,0,0.0,0.0,,0.0,1,0.48,0.07,SPY220216C00463000,463.0,normalDay
2022-02-14,11570.0,-2652.0,0.0,100,439.02,466.0,0,0.0,0.0,,0.0,1,0.48,0.02,SPY220216C00463000,463.0,normalDay
2022-02-15,11570.0,-1943.0,0.0,100,446.1,466.0,0,0.0,0.0,,0.0,1,0.48,0.01,SPY220216C00463000,463.0,normalDay
2022-02-16,11618.0,-1940.0,48.0,100,446.6,466.0,0,0.0,0.0,,0.0,1,0.48,0.0,SPY220216C00463000,463.0,expirationDay
2022-02-17,11618.0,-2897.0,0.0,100,437.06,466.0,0,0.0,0.0,,0.0,1,0.12,0.15,SPY220223C00456000,456.0,normalDay
2022-02-18,11618.0,-3169.0,0.0,100,434.23,466.0,0,0.0,0.0,,0.0,1,0.12,0.04,SPY220223C00456000,456.0,normalDay
2022-02-22,11618.0,-3632.0,0.0,100,429.57,466.0,0,0.0,0.0,,0.0,1,0.12,0.01,SPY220223C00456000,456.0,normalDay
2022-02-23,11630.0,-4405.0,12.0,100,421.95,466.0,0,0.0,0.0,,0.0,1,0.12,0.0,SPY220223C00456000,456.0,expirationDay
2022-02-24,11630.0,-3773.0,0.0,100,428.3,466.0,0,0.0,0.0,,0.0,1,0.02,0.05,SPY220302C00458000,458.0,normalDay
2022-02-25,11630.0,-2830.0,0.0,100,437.75,466.0,0,0.0,0.0,,0.0,1,0.02,0.07,SPY220302C00458000,458.0,normalDay
2022-02-28,11630.0,-2938.0,0.0,100,436.63,466.0,0,0.0,0.0,,0.0,1,0.02,0.03,SPY220302C00458000,458.0,normalDay
2022-03-01,11630.0,-3601.0,0.0,100,429.98,466.0,0,0.0,0.0,,0.0,1,0.02,0.01,SPY220302C00458000,458.0,normalDay
2022-03-02,11632.0,-2811.0,2.0,100,437.89,466.0,0,0.0,0.0,,0.0,1,0.02,0.0,SPY220302C00458000,458.0,expirationDay
2022-03-03,11632.0,-3032.0,0.0,100,435.71,466.0,0,0.0,0.0,,0.0,1,0.17,0.2,SPY220309C00454000,454.0,normalDay
2022-03-04,11632.0,-3371.0,0.0,100,432.17,466.0,0,0.0,0.0,,0.0,1,0.17,0.05,SPY220309C00454000,454.0,normalDay
2022-03-07,11632.0,-4641.0,0.0,100,419.43,466.0,0,0.0,0.0,,0.0,1,0.17,0.01,SPY220309C00454000,454.0,normalDay
2022-03-08,11632.0,-4959.0,0.0,100,416.25,466.0,0,0.0,0.0,,0.0,1,0.17,0.01,SPY220309C00454000,454.0,normalDay
2022-03-09,11649.0,-3859.0,17.0,100,427.41,466.0,0,0.0,0.0,,0.0,1,0.17,0.0,SPY220309C00454000,454.0,expirationDay
2022-03-10,11649.0,-4056.0,0.0,100,425.48,466.0,0,0.0,0.0,,0.0,1,0.15,0.19,SPY220316C00447000,447.0,normalDay
2022-03-11,11649.0,-4585.0,0.0,100,420.07,466.0,0,0.0,0.0,,0.0,1,0.15,0.07,SPY220316C00447000,447.0,normalDay
2022-03-14,11649.0,-4887.0,0.0,100,417.0,466.0,0,0.0,0.0,,0.0,1,0.15,0.02,SPY220316C00447000,447.0,normalDay
2022-03-15,11649.0,-3969.0,0.0,100,426.17,466.0,0,0.0,0.0,,0.0,1,0.15,0.01,SPY220316C00447000,447.0,normalDay
2022-03-16,11664.0,-3038.0,15.0,100,435.62,466.0,0,0.0,0.0,,0.0,1,0.15,0.0,SPY220316C00447000,447.0,expirationDay
2022-03-17,11664.0,-2496.0,0.0,100,441.07,466.0,0,0.0,0.0,,0.0,1,3.5,3.53,SPY220323C00441000,441.0,normalDay
2022-03-18,11664.0,-2435.0,0.0,100,444.52,466.0,0,0.0,0.0,,0.0,1,3.5,6.37,SPY220323C00441000,441.0,normalDay
2022-03-21,11664.0,-2326.0,0.0,100,444.39,466.0,0,0.0,0.0,,0.0,1,3.5,5.15,SPY220323C00441000,441.0,normalDay
2022-03-22,11664.0,-2185.0,0.0,100,449.59,466.0,0,0.0,0.0,,0.0,1,3.5,8.94,SPY220323C00441000,441.0,normalDay
2022-03-23,9514.0,-2185.0,-2150.0,0,443.8,0.0,0,0.0,0.0,,0.0,1,3.5,0.0,SPY220323C00441000,441.0,expirationDay
2022-03-24,9514.0,-6.0,0.0,0,450.49,0.0,1,6.88,6.94,SPY220506P00435000,435.0,0,0.0,0.0,,0.0,normalDay
2022-03-25,9514.0,77.0,0.0,0,452.69,0.0,1,6.88,6.11,SPY220506P00435000,435.0,0,0.0,0.0,,0.0,normalDay
2022-03-28,9514.0,217.0,0.0,0,455.91,0.0,1,6.88,4.71,SPY220506P00435000,435.0,0,0.0,0.0,,0.0,normalDay
2022-03-29,9514.0,326.0,0.0,0,461.55,0.0,1,6.88,3.62,SPY220506P00435000,435.0,0,0.0,0.0,,0.0,normalDay
2022-03-30,9514.0,292.0,0.0,0,458.7,0.0,1,6.88,3.96,SPY220506P00435000,435.0,0,0.0,0.0,,0.0,normalDay
2022-03-31,9514.0,147.0,0.0,0,451.64,0.0,1,6.88,5.41,SPY220506P00435000,435.0,0,0.0,0.0,,0.0,normalDay
2022-04-01,9514.0,232.0,0.0,0,452.92,0.0,1,6.88,4.56,SPY220506P00435000,435.0,0,0.0,0.0,,0.0,normalDay
2022-04-04,9514.0,376.0,0.0,0,456.8,0.0,1,6.88,3.12,SPY220506P00435000,435.0,0,0.0,0.0,,0.0,normalDay
2022-04-05,9514.0,222.0,0.0,0,451.03,0.0,1,6.88,4.66,SPY220506P00435000,435.0,0,0.0,0.0,,0.0,normalDay
2022-04-06,9514.0,99.0,0.0,0,446.52,0.0,1,6.88,5.89,SPY220506P00435000,435.0,0,0.0,0.0,,0.0,normalDay
2022-04-07,9514.0,175.0,0.0,0,448.77,0.0,1,6.88,5.13,SPY220506P00435000,435.0,0,0.0,0.0,,0.0,normalDay
2022-04-08,9514.0,176.0,0.0,0,447.57,0.0,1,6.88,5.12,SPY220506P00435000,435.0,0,0.0,0.0,,0.0,normalDay
2022-04-11,9514.0,-107.0,0.0,0,439.92,0.0,1,6.88,7.95,SPY220506P00435000,435.0,0,0.0,0.0,,0.0,normalDay
2022-04-12,9514.0,-135.0,0.0,0,438.29,0.0,1,6.88,8.23,SPY220506P00435000,435.0,0,0.0,0.0,,0.0,normalDay
2022-04-13,9514.0,126.0,0.0,0,443.31,0.0,1,6.88,5.62,SPY220506P00435000,435.0,0,0.0,0.0,,0.0,normalDay
2022-04-14,9514.0,-55.0,0.0,0,437.79,0.0,1,6.88,7.43,SPY220506P00435000,435.0,0,0.0,0.0,,0.0,normalDay
2022-04-18,9514.0,71.0,0.0,0,437.97,0.0,1,6.88,6.17,SPY220506P00435000,435.0,0,0.0,0.0,,0.0,normalDay
2022-04-19,9514.0,228.0,0.0,0,445.04,0.0,1,6.88,4.6,SPY220506P00435000,435.0,0,0.0,0.0,,0.0,normalDay
2022-04-20,9514.0,334.0,0.0,0,444.71,0.0,1,6.88,3.54,SPY220506P00435000,435.0,0,0.0,0.0,,0.0,normalDay
2022-04-21,9514.0,46.0,0.0,0,438.06,0.0,1,6.88,6.42,SPY220506P00435000,435.0,0,0.0,0.0,,0.0,normalDay
2022-04-22,9514.0,-711.0,0.0,0,426.04,0.0,1,6.88,13.99,SPY220506P00435000,435.0,0,0.0,0.0,,0.0,normalDay
2022-04-25,9514.0,-417.0,0.0,0,428.51,0.0,1,6.88,11.05,SPY220506P00435000,435.0,0,0.0,0.0,,0.0,normalDay
2022-04-26,9514.0,-1480.0,0.0,0,416.1,0.0,1,6.88,21.68,SPY220506P00435000,435.0,0,0.0,0.0,,0.0,normalDay
2022-04-27,9514.0,-1150.0,0.0,0,417.27,0.0,1,6.88,18.38,SPY220506P00435000,435.0,0,0.0,0.0,,0.0,normalDay
2022-04-28,9514.0,-528.0,0.0,0,427.81,0.0,1,6.88,12.16,SPY220506P00435000,435.0,0,0.0,0.0,,0.0,normalDay
2022-04-29,9514.0,-1592.0,0.0,0,412.0,0.0,1,6.88,22.8,SPY220506P00435000,435.0,0,0.0,0.0,,0.0,normalDay
2022-05-02,9514.0,-1395.0,0.0,0,414.48,0.0,1,6.88,20.83,SPY220506P00435000,435.0,0,0.0,0.0,,0.0,normalDay
2022-05-03,9514.0,-1138.0,0.0,0,416.38,0.0,1,6.88,18.26,SPY220506P00435000,435.0,0,0.0,0.0,,0.0,normalDay
2022-05-04,9514.0,-66.0,0.0,0,429.06,0.0,1,6.88,7.54,SPY220506P00435000,435.0,0,0.0,0.0,,0.0,normalDay
2022-05-05,9514.0,-1447.0,0.0,0,413.81,0.0,1,6.88,21.35,SPY220506P00435000,435.0,0,0.0,0.0,,0.0,normalDay
2022-05-06,10202.0,-2366.0,688.0,100,411.34,435.0,1,6.88,0.0,SPY220506P00435000,435.0,0,0.0,0.0,,0.0,expirationDay
2022-05-09,10202.0,-3683.0,0.0,100,398.17,435.0,0,0.0,0.0,,0.0,0,0.0,0.0,,0.0,bidTooLow
2022-05-10,10202.0,-3591.0,0.0,100,399.09,435.0,0,0.0,0.0,,0.0,0,0.0,0.0,,0.0,bidTooLow
2022-05-11,10202.0,-4225.0,0.0,100,392.75,435.0,0,0.0,0.0,,0.0,0,0.0,0.0,,0.0,bidTooLow
2022-05-12,10202.0,-4266.0,0.0,100,392.34,435.0,0,0.0,0.0,,0.0,0,0.0,0.0,,0.0,bidTooLow
2022-05-13,10202.0,-3328.0,0.0,100,401.72,435.0,0,0.0,0.0,,0.0,0,0.0,0.0,,0.0,bidTooLow
2022-05-16,10202.0,-3491.0,0.0,100,400.09,435.0,0,0.0,0.0,,0.0,0,0.0,0.0,,0.0,bidTooLow
2022-05-17,10202.0,-2668.0,0.0,100,408.32,435.0,0,0.0,0.0,,0.0,0,0.0,0.0,,0.0,bidTooLow
2022-05-18,10202.0,-4314.0,0.0,100,391.86,435.0,0,0.0,0.0,,0.0,0,0.0,0.0,,0.0,bidTooLow
2022-05-19,10202.0,-4557.0,0.0,100,389.46,435.0,0,0.0,0.0,,0.0,1,0.01,0.04,SPY220525C00428000,428.0,normalDay
2022-05-20,10202.0,-4538.0,0.0,100,389.63,435.0,0,0.0,0.0,,0.0,1,0.01,0.02,SPY220525C00428000,428.0,normalDay
2022-05-23,10202.0,-3809.0,0.0,100,396.92,435.0,0,0.0,0.0,,0.0,1,0.01,0.02,SPY220525C00428000,428.0,normalDay
2022-05-24,10202.0,-4111.0,0.0,100,393.89,435.0,0,0.0,0.0,,0.0,1,0.01,0.01,SPY220525C00428000,428.0,normalDay
2022-05-25,10203.0,-3763.0,1.0,100,397.37,435.0,0,0.0,0.0,,0.0,1,0.01,0.0,SPY220525C00428000,428.0,expirationDay
2022-05-26,10203.0,-2972.0,0.0,100,405.31,435.0,0,0.0,0.0,,0.0,1,0.35,0.38,SPY220601C00419000,419.0,normalDay
2022-05-27,10203.0,-2133.0,0.0,100,415.26,435.0,0,0.0,0.0,,0.0,1,0.35,1.94,SPY220601C00419000,419.0,normalDay
2022-05-31,10203.0,-2211.0,0.0,100,412.93,435.0,0,0.0,0.0,,0.0,1,0.35,0.39,SPY220601C00419000,419.0,normalDay
2022-06-01,10238.0,-2541.0,35.0,100,409.59,435.0,0,0.0,0.0,,0.0,1,0.35,0.0,SPY220601C00419000,419.0,expirationDay
2022-06-02,10238.0,-1766.0,0.0,100,417.39,435.0,0,0.0,0.0,,0.0,1,5.15,5.2,SPY220608C00416000,416.0,normalDay
2022-06-03,10238.0,-2094.0,0.0,100,410.54,435.0,0,0.0,0.0,,0.0,1,5.15,1.63,SPY220608C00416000,416.0,normalDay
2022-06-06,10238.0,-1923.0,0.0,100,411.79,435.0,0,0.0,0.0,,0.0,1,5.15,1.17,SPY220608C00416000,416.0,normalDay
2022-06-07,10238.0,-1571.0,0.0,100,415.74,435.0,0,0.0,0.0,,0.0,1,5.15,1.6,SPY220608C00416000,416.0,normalDay
2022-06-08,10753.0,-2378.0,515.0,100,411.22,435.0,0,0.0,0.0,,0.0,1,5.15,0.0,SPY220608C00416000,416.0,expirationDay
2022-06-09,10753.0,-3359.0,0.0,100,401.44,435.0,0,0.0,0.0,,0.0,1,0.69,0.72,SPY220615C00418000,418.0,normalDay
2022-06-10,10753.0,-4458.0,0.0,100,389.8,435.0,0,0.0,0.0,,0.0,1,0.69,0.07,SPY220615C00418000,418.0,normalDay
2022-06-13,10753.0,-5934.0,0.0,100,375.0,435.0,0,0.0,0.0,,0.0,1,0.69,0.03,SPY220615C00418000,418.0,normalDay
2022-06-14,10753.0,-6045.0,0.0,100,373.87,435.0,0,0.0,0.0,,0.0,1,0.69,0.01,SPY220615C00418000,418.0,normalDay
2022-06-15,10822.0,-5580.0,69.0,100,379.2,435.0,0,0.0,0.0,,0.0,1,0.69,0.0,SPY220615C00418000,418.0,expirationDay
2022-06-16,10822.0,-6835.0,0.0,100,366.65,435.0,0,0.0,0.0,,0.0,0,0.0,0.0,,0.0,bidTooLow
2022-06-17,10822.0,-6914.0,0.0,100,365.86,435.0,0,0.0,0.0,,0.0,0,0.0,0.0,,0.0,bidTooLow
2022-06-21,10822.0,-5993.0,0.0,100,375.07,435.0,0,0.0,0.0,,0.0,0,0.0,0.0,,0.0,bidTooLow
2022-06-22,10822.0,-6061.0,0.0,100,374.39,435.0,0,0.0,0.0,,0.0,0,0.0,0.0,,0.0,bidTooLow
2022-06-23,10822.0,-5694.0,0.0,100,378.06,435.0,0,0.0,0.0,,0.0,0,0.0,0.0,,0.0,bidTooLow
2022-06-24,10822.0,-4495.0,0.0,100,390.08,435.0,0,0.0,0.0,,0.0,1,0.01,0.04,SPY220630C00422000,422.0,normalDay
2022-06-27,10822.0,-4643.0,0.0,100,388.59,435.0,0,0.0,0.0,,0.0,1,0.01,0.03,SPY220630C00422000,422.0,normalDay
2022-06-28,10822.0,-5435.0,0.0,100,380.65,435.0,0,0.0,0.0,,0.0,1,0.01,0.01,SPY220630C00422000,422.0,normalDay
2022-06-29,10822.0,-5466.0,0.0,100,380.34,435.0,0,0.0,0.0,,0.0,1,0.01,0.01,SPY220630C00422000,422.0,normalDay
2022-06-30,10823.0,-5775.0,1.0,100,377.25,435.0,0,0.0,0.0,,0.0,1,0.01,0.0,SPY220630C00422000,422.0,expirationDay
2022-07-01,10823.0,-5376.0,0.0,100,381.24,435.0,0,0.0,0.0,,0.0,0,0.0,0.0,,0.0,bidTooLow
2022-07-05,10823.0,-5307.0,0.0,100,381.96,435.0,0,0.0,0.0,,0.0,1,0.01,0.04,SPY220711C00407000,407.0,normalDay
2022-07-06,10823.0,-5177.0,0.0,100,383.25,435.0,0,0.0,0.0,,0.0,1,0.01,0.03,SPY220711C00407000,407.0,normalDay
2022-07-07,10823.0,-4602.0,0.0,100,388.99,435.0,0,0.0,0.0,,0.0,1,0.01,0.02,SPY220711C00407000,407.0,normalDay
2022-07-08,10823.0,-4633.0,0.0,100,388.67,435.0,0,0.0,0.0,,0.0,1,0.01,0.01,SPY220711C00407000,407.0,normalDay
2022-07-11,10824.0,-5077.0,1.0,100,384.23,435.0,0,0.0,0.0,,0.0,1,0.01,0.0,SPY220711C00407000,407.0,expirationDay
2022-07-12,10824.0,-5420.0,0.0,100,380.83,435.0,0,0.0,0.0,,0.0,1,1.34,1.37,SPY220718C00390000,390.0,normalDay
2022-07-13,10824.0,-5533.0,0.0,100,378.83,435.0,0,0.0,0.0,,0.0,1,1.34,0.5,SPY220718C00390000,390.0,normalDay
2022-07-14,10824.0,-5593.0,0.0,100,377.91,435.0,0,0.0,0.0,,0.0,1,1.34,0.18,SPY220718C00390000,390.0,normalDay
2022-07-15,10824.0,-4883.0,0.0,100,385.13,435.0,0,0.0,0.0,,0.0,1,1.34,0.3,SPY220718C00390000,390.0,normalDay
2022-07-18,10958.0,-5305.0,134.0,100,381.95,435.0,0,0.0,0.0,,0.0,1,1.34,0.0,SPY220718C00390000,390.0,expirationDay
2022-07-19,10958.0,-4279.0,0.0,100,392.27,435.0,0,0.0,0.0,,0.0,1,5.85,5.91,SPY220725C00390000,390.0,normalDay
2022-07-20,10958.0,-4128.0,0.0,100,394.77,435.0,0,0.0,0.0,,0.0,1,5.85,6.9,SPY220725C00390000,390.0,normalDay
2022-07-21,10958.0,-3955.0,0.0,100,398.79,435.0,0,0.0,0.0,,0.0,1,5.85,9.19,SPY220725C00390000,390.0,normalDay
2022-07-22,10958.0,-3934.0,0.0,100,395.09,435.0,0,0.0,0.0,,0.0,1,5.85,5.28,SPY220725C00390000,390.0,normalDay
2022-07-25,7043.0,-3934.0,-3915.0,0,395.57,0.0,0,0.0,0.0,,0.0,1,5.85,0.0,SPY220725C00390000,390.0,expirationDay
2022-07-26,7043.0,-8.0,0.0,0,390.89,0.0,1,10.96,11.04,SPY220916P00386000,386.0,0,0.0,0.0,,0.0,normalDay
2022-07-27,7043.0,313.0,0.0,0,401.04,0.0,1,10.96,7.83,SPY220916P00386000,386.0,0,0.0,0.0,,0.0,normalDay
2022-07-28,7043.0,529.0,0.0,0,406.07,0.0,1,10.96,5.67,SPY220916P00386000,386.0,0,0.0,0.0,,0.0,normalDay
2022-07-29,7043.0,644.0,0.0,0,411.99,0.0,1,10.96,4.52,SPY220916P00386000,386.0,0,0.0,0.0,,0.0,normalDay
2022-08-01,7043.0,598.0,0.0,0,410.77,0.0,1,10.96,4.98,SPY220916P00386000,386.0,0,0.0,0.0,,0.0,normalDay
2022-08-02,7043.0,499.0,0.0,0,408.06,0.0,1,10.96,5.97,SPY220916P00386000,386.0,0,0.0,0.0,,0.0,normalDay
2022-08-03,7043.0,690.0,0.0,0,414.45,0.0,1,10.96,4.06,SPY220916P00386000,386.0,0,0.0,0.0,,0.0,normalDay
2022-08-04,7043.0,712.0,0.0,0,414.17,0.0,1,10.96,3.84,SPY220916P00386000,386.0,0,0.0,0.0,,0.0,normalDay
2022-08-05,7043.0,713.0,0.0,0,413.47,0.0,1,10.96,3.83,SPY220916P00386000,386.0,0,0.0,0.0,,0.0,normalDay
2022-08-08,7043.0,734.0,0.0,0,412.99,0.0,1,10.96,3.62,SPY220916P00386000,386.0,0,0.0,0.0,,0.0,normalDay
2022-08-09,7043.0,713.0,0.0,0,411.35,0.0,1,10.96,3.83,SPY220916P00386000,386.0,0,0.0,0.0,,0.0,normalDay
2022-08-10,7043.0,873.0,0.0,0,419.99,0.0,1,10.96,2.23,SPY220916P00386000,386.0,0,0.0,0.0,,0.0,normalDay
2022-08-11,7043.0,882.0,0.0,0,419.99,0.0,1,10.96,2.14,SPY220916P00386000,386.0,0,0.0,0.0,,0.0,normalDay
2022-08-12,7043.0,951.0,0.0,0,427.1,0.0,1,10.96,1.45,SPY220916P00386000,386.0,0,0.0,0.0,,0.0,normalDay
2022-08-15,7043.0,980.0,0.0,0,428.86,0.0,1,10.96,1.16,SPY220916P00386000,386.0,0,0.0,0.0,,0.0,normalDay
2022-08-16,7043.0,991.0,0.0,0,429.7,0.0,1,10.96,1.05,SPY220916P00386000,386.0,0,0.0,0.0,,0.0,normalDay
2022-08-17,7043.0,980.0,0.0,0,426.65,0.0,1,10.96,1.16,SPY220916P00386000,386.0,0,0.0,0.0,,0.0,normalDay
2022-08-18,7043.0,1002.0,0.0,0,427.89,0.0,1,10.96,0.94,SPY220916P00386000,386.0,0,0.0,0.0,,0.0,normalDay
2022-08-19,7043.0,964.0,0.0,0,422.14,0.0,1,10.96,1.32,SPY220916P00386000,386.0,0,0.0,0.0,,0.0,normalDay
2022-08-22,7043.0,861.0,0.0,0,413.35,0.0,1,10.96,2.35,SPY220916P00386000,386.0,0,0.0,0.0,,0.0,normalDay
2022-08-23,7043.0,852.0,0.0,0,412.35,0.0,1,10.96,2.44,SPY220916P00386000,386.0,0,0.0,0.0,,0.0,normalDay
2022-08-24,7043.0,909.0,0.0,0,413.67,0.0,1,10.96,1.87,SPY220916P00386000,386.0,0,0.0,0.0,,0.0,normalDay
2022-08-25,7043.0,978.0,0.0,0,419.51,0.0,1,10.96,1.18,SPY220916P00386000,386.0,0,0.0,0.0,,0.0,normalDay
2022-08-26,7043.0,753.0,0.0,0,405.31,0.0,1,10.96,3.43,SPY220916P00386000,386.0,0,0.0,0.0,,0.0,normalDay
2022-08-29,7043.0,734.0,0.0,0,402.63,0.0,1,10.96,3.62,SPY220916P00386000,386.0,0,0.0,0.0,,0.0,normalDay
2022-08-30,7043.0,654.0,0.0,0,398.21,0.0,1,10.96,4.42,SPY220916P00386000,386.0,0,0.0,0.0,,0.0,normalDay
2022-08-31,7043.0,608.0,0.0,0,395.18,0.0,1,10.96,4.88,SPY220916P00386000,386.0,0,0.0,0.0,,0.0,normalDay
2022-09-01,7043.0,678.0,0.0,0,396.42,0.0,1,10.96,4.18,SPY220916P00386000,386.0,0,0.0,0.0,,0.0,normalDay
2022-09-02,7043.0,592.0,0.0,0,392.24,0.0,1,10.96,5.04,SPY220916P00386000,386.0,0,0.0,0.0,,0.0,normalDay
2022-09-06,7043.0,552.0,0.0,0,390.76,0.0,1,10.96,5.44,SPY220916P00386000,386.0,0,0.0,0.0,,0.0,normalDay
2022-09-07,7043.0,844.0,0.0,0,397.78,0.0,1,10.96,2.52,SPY220916P00386000,386.0,0,0.0,0.0,,0.0,normalDay
2022-09-08,7043.0,956.0,0.0,0,400.38,0.0,1,10.96,1.4,SPY220916P00386000,386.0,0,0.0,0.0,,0.0,normalDay
2022-09-09,7043.0,1041.0,0.0,0,406.6,0.0,1,10.96,0.55,SPY220916P00386000,386.0,0,0.0,0.0,,0.0,normalDay
2022-09-12,7043.0,1074.0,0.0,0,410.97,0.0,1,10.96,0.22,SPY220916P00386000,386.0,0,0.0,0.0,,0.0,normalDay
2022-09-13,7043.0,897.0,0.0,0,393.1,0.0,1,10.96,1.99,SPY220916P00386000,386.0,0,0.0,0.0,,0.0,normalDay
2022-09-14,7043.0,995.0,0.0,0,394.6,0.0,1,10.96,1.01,SPY220916P00386000,386.0,0,0.0,0.0,,0.0,normalDay
2022-09-15,7043.0,992.0,0.0,0,390.12,0.0,1,10.96,1.04,SPY220916P00386000,386.0,0,0.0,0.0,,0.0,normalDay
2022-09-16,8139.0,-44.0,1096.0,100,385.56,386.0,1,10.96,0.0,SPY220916P00386000,386.0,0,0.0,0.0,,0.0,expirationDay
2022-09-19,8139.0,252.0,0.0,100,388.55,386.0,0,0.0,0.0,,0.0,1,0.03,0.06,SPY220923C00415000,415.0,normalDay
2022-09-20,8139.0,-191.0,0.0,100,384.09,386.0,0,0.0,0.0,,0.0,1,0.03,0.03,SPY220923C00415000,415.0,normalDay
2022-09-21,8139.0,-859.0,0.0,100,377.39,386.0,0,0.0,0.0,,0.0,1,0.03,0.01,SPY220923C00415000,415.0,normalDay
2022-09-22,8139.0,-1176.0,0.0,100,374.22,386.0,0,0.0,0.0,,0.0,1,0.03,0.01,SPY220923C00415000,415.0,normalDay
2022-09-23,8142.0,-1805.0,3.0,100,367.95,386.0,0,0.0,0.0,,0.0,1,0.03,0.0,SPY220923C00415000,415.0,expirationDay
2022-09-26,8142.0,-2169.0,0.0,100,364.31,386.0,0,0.0,0.0,,0.0,0,0.0,0.0,,0.0,bidTooLow
2022-09-27,8142.0,-2262.0,0.0,100,363.38,386.0,0,0.0,0.0,,0.0,0,0.0,0.0,,0.0,bidTooLow
2022-09-28,8142.0,-1547.0,0.0,100,370.53,386.0,0,0.0,0.0,,0.0,0,0.0,0.0,,0.0,bidTooLow
2022-09-29,8142.0,-2321.0,0.0,100,362.79,386.0,0,0.0,0.0,,0.0,0,0.0,0.0,,0.0,bidTooLow
2022-09-30,8142.0,-2882.0,0.0,100,357.18,386.0,0,0.0,0.0,,0.0,0,0.0,0.0,,0.0,bidTooLow
2022-10-03,8142.0,-1939.0,0.0,100,366.61,386.0,0,0.0,0.0,,0.0,0,0.0,0.0,,0.0,bidTooLow
2022-10-04,8142.0,-806.0,0.0,100,377.97,386.0,0,0.0,0.0,,0.0,1,0.03,0.06,SPY221010C00405000,405.0,normalDay
2022-10-05,8142.0,-890.0,0.0,100,377.09,386.0,0,0.0,0.0,,0.0,1,0.03,0.02,SPY221010C00405000,405.0,normalDay
2022-10-06,8142.0,-1278.0,0.0,100,373.2,386.0,0,0.0,0.0,,0.0,1,0.03,0.01,SPY221010C00405000,405.0,normalDay
2022-10-07,8142.0,-2319.0,0.0,100,362.79,386.0,0,0.0,0.0,,0.0,1,0.03,0.01,SPY221010C00405000,405.0,normalDay
2022-10-10,8145.0,-2598.0,3.0,100,360.02,386.0,0,0.0,0.0,,0.0,1,0.03,0.0,SPY221010C00405000,405.0,expirationDay
2022-10-11,8145.0,-2829.0,0.0,100,357.74,386.0,0,0.0,0.0,,0.0,1,0.05,0.08,SPY221017C00390000,390.0,normalDay
2022-10-12,8145.0,-2944.0,0.0,100,356.56,386.0,0,0.0,0.0,,0.0,1,0.05,0.05,SPY221017C00390000,390.0,normalDay
2022-10-13,8145.0,-2003.0,0.0,100,365.97,386.0,0,0.0,0.0,,0.0,1,0.05,0.05,SPY221017C00390000,390.0,normalDay
2022-10-14,8145.0,-2833.0,0.0,100,357.63,386.0,0,0.0,0.0,,0.0,1,0.05,0.01,SPY221017C00390000,390.0,normalDay
2022-10-17,8150.0,-1918.0,5.0,100,366.82,386.0,0,0.0,0.0,,0.0,1,0.05,0.0,SPY221017C00390000,390.0,expirationDay
2022-10-18,8150.0,-1492.0,0.0,100,371.13,386.0,0,0.0,0.0,,0.0,1,2.89,2.94,SPY221024C00377000,377.0,normalDay
2022-10-19,8150.0,-1583.0,0.0,100,368.5,386.0,0,0.0,0.0,,0.0,1,2.89,1.22,SPY221024C00377000,377.0,normalDay
2022-10-20,8150.0,-1800.0,0.0,100,365.41,386.0,0,0.0,0.0,,0.0,1,2.89,0.3,SPY221024C00377000,377.0,normalDay
2022-10-21,8150.0,-1023.0,0.0,100,374.29,386.0,0,0.0,0.0,,0.0,1,2.89,1.41,SPY221024C00377000,377.0,normalDay
2022-10-24,7539.0,-1023.0,-611.0,0,378.87,0.0,0,0.0,0.0,,0.0,1,2.89,0.0,SPY221024C00377000,377.0,expirationDay
2022-10-25,7539.0,-11.0,0.0,0,384.92,0.0,1,9.26,9.37,SPY221216P00368000,368.0,0,0.0,0.0,,0.0,normalDay
2022-10-26,7539.0,33.0,0.0,0,382.02,0.0,1,9.26,8.93,SPY221216P00368000,368.0,0,0.0,0.0,,0.0,normalDay
2022-10-27,7539.0,-168.0,0.0,0,379.98,0.0,1,9.26,10.94,SPY221216P00368000,368.0,0,0.0,0.0,,0.0,normalDay
2022-10-28,7539.0,254.0,0.0,0,389.02,0.0,1,9.26,6.72,SPY221216P00368000,368.0,0,0.0,0.0,,0.0,normalDay
2022-10-31,7539.0,232.0,0.0,0,386.21,0.0,1,9.26,6.94,SPY221216P00368000,368.0,0,0.0,0.0,,0.0,normalDay
2022-11-01,7539.0,191.0,0.0,0,384.52,0.0,1,9.26,7.35,SPY221216P00368000,368.0,0,0.0,0.0,,0.0,normalDay
2022-11-02,7539.0,-106.0,0.0,0,374.87,0.0,1,9.26,10.32,SPY221216P00368000,368.0,0,0.0,0.0,,0.0,normalDay
2022-11-03,7539.0,-223.0,0.0,0,371.01,0.0,1,9.26,11.49,SPY221216P00368000,368.0,0,0.0,0.0,,0.0,normalDay
2022-11-04,7539.0,16.0,0.0,0,376.35,0.0,1,9.26,9.1,SPY221216P00368000,368.0,0,0.0,0.0,,0.0,normalDay
2022-11-07,7539.0,186.0,0.0,0,379.95,0.0,1,9.26,7.4,SPY221216P00368000,368.0,0,0.0,0.0,,0.0,normalDay
2022-11-08,7539.0,195.0,0.0,0,382.0,0.0,1,9.26,7.31,SPY221216P00368000,368.0,0,0.0,0.0,,0.0,normalDay
2022-11-09,7539.0,-33.0,0.0,0,374.13,0.0,1,9.26,9.59,SPY221216P00368000,368.0,0,0.0,0.0,,0.0,normalDay
2022-11-10,7539.0,577.0,0.0,0,394.69,0.0,1,9.26,3.49,SPY221216P00368000,368.0,0,0.0,0.0,,0.0,normalDay
2022-11-11,7539.0,654.0,0.0,0,398.51,0.0,1,9.26,2.72,SPY221216P00368000,368.0,0,0.0,0.0,,0.0,normalDay
2022-11-14,7539.0,637.0,0.0,0,395.12,0.0,1,9.26,2.89,SPY221216P00368000,368.0,0,0.0,0.0,,0.0,normalDay
2022-11-15,7539.0,673.0,0.0,0,398.49,0.0,1,9.26,2.53,SPY221216P00368000,368.0,0,0.0,0.0,,0.0,normalDay
2022-11-16,7539.0,656.0,0.0,0,395.45,0.0,1,9.26,2.7,SPY221216P00368000,368.0,0,0.0,0.0,,0.0,normalDay
2022-11-17,7539.0,659.0,0.0,0,394.24,0.0,1,9.26,2.67,SPY221216P00368000,368.0,0,0.0,0.0,,0.0,normalDay
2022-11-18,7539.0,705.0,0.0,0,396.03,0.0,1,9.26,2.21,SPY221216P00368000,368.0,0,0.0,0.0,,0.0,normalDay
2022-11-21,7539.0,738.0,0.0,0,394.59,0.0,1,9.26,1.88,SPY221216P00368000,368.0,0,0.0,0.0,,0.0,normalDay
2022-11-22,7539.0,808.0,0.0,0,399.9,0.0,1,9.26,1.18,SPY221216P00368000,368.0,0,0.0,0.0,,0.0,normalDay
2022-11-23,7539.0,839.0,0.0,0,402.42,0.0,1,9.26,0.87,SPY221216P00368000,368.0,0,0.0,0.0,,0.0,normalDay
2022-11-25,7539.0,845.0,0.0,0,402.33,0.0,1,9.26,0.81,SPY221216P00368000,368.0,0,0.0,0.0,,0.0,normalDay
2022-11-28,7539.0,806.0,0.0,0,395.91,0.0,1,9.26,1.2,SPY221216P00368000,368.0,0,0.0,0.0,,0.0,normalDay
2022-11-29,7539.0,813.0,0.0,0,395.23,0.0,1,9.26,1.13,SPY221216P00368000,368.0,0,0.0,0.0,,0.0,normalDay
2022-11-30,7539.0,887.0,0.0,0,407.68,0.0,1,9.26,0.39,SPY221216P00368000,368.0,0,0.0,0.0,,0.0,normalDay
2022-12-01,7539.0,895.0,0.0,0,407.38,0.0,1,9.26,0.31,SPY221216P00368000,368.0,0,0.0,0.0,,0.0,normalDay
2022-12-02,7539.0,900.0,0.0,0,406.91,0.0,1,9.26,0.26,SPY221216P00368000,368.0,0,0.0,0.0,,0.0,normalDay
2022-12-05,7539.0,883.0,0.0,0,399.59,0.0,1,9.26,0.43,SPY221216P00368000,368.0,0,0.0,0.0,,0.0,normalDay
2022-12-06,7539.0,846.0,0.0,0,393.83,0.0,1,9.26,0.8,SPY221216P00368000,368.0,0,0.0,0.0,,0.0,normalDay
2022-12-07,7539.0,850.0,0.0,0,393.16,0.0,1,9.26,0.76,SPY221216P00368000,368.0,0,0.0,0.0,,0.0,normalDay
2022-12-08,7539.0,881.0,0.0,0,396.24,0.0,1,9.26,0.45,SPY221216P00368000,368.0,0,0.0,0.0,,0.0,normalDay
2022-12-09,7539.0,877.0,0.0,0,393.28,0.0,1,9.26,0.49,SPY221216P00368000,368.0,0,0.0,0.0,,0.0,normalDay
2022-12-12,7539.0,897.0,0.0,0,398.95,0.0,1,9.26,0.29,SPY221216P00368000,368.0,0,0.0,0.0,,0.0,normalDay
2022-12-13,7539.0,918.0,0.0,0,401.97,0.0,1,9.26,0.08,SPY221216P00368000,368.0,0,0.0,0.0,,0.0,normalDay
2022-12-14,7539.0,921.0,0.0,0,399.4,0.0,1,9.26,0.05,SPY221216P00368000,368.0,0,0.0,0.0,,0.0,normalDay
2022-12-15,7539.0,920.0,0.0,0,389.63,0.0,1,9.26,0.06,SPY221216P00368000,368.0,0,0.0,0.0,,0.0,normalDay
2022-12-16,8465.0,0.0,926.0,0,383.27,0.0,1,9.26,0.0,SPY221216P00368000,368.0,0,0.0,0.0,,0.0,expirationDay
2022-12-19,8465.0,-32.0,0.0,0,380.02,0.0,1,19.27,19.59,SPY230127P00397000,397.0,0,0.0,0.0,,0.0,normalDay
2022-12-20,8465.0,68.0,0.0,0,380.54,0.0,1,19.27,18.59,SPY230127P00397000,397.0,0,0.0,0.0,,0.0,normalDay
2022-12-21,8465.0,486.0,0.0,0,386.23,0.0,1,19.27,14.41,SPY230127P00397000,397.0,0,0.0,0.0,,0.0,normalDay
2022-12-22,8465.0,60.0,0.0,0,380.72,0.0,1,19.27,18.67,SPY230127P00397000,397.0,0,0.0,0.0,,0.0,normalDay
2022-12-23,8465.0,245.0,0.0,0,382.91,0.0,1,19.27,16.82,SPY230127P00397000,397.0,0,0.0,0.0,,0.0,normalDay
2022-12-27,8465.0,159.0,0.0,0,381.4,0.0,1,19.27,17.68,SPY230127P00397000,397.0,0,0.0,0.0,,0.0,normalDay
2022-12-28,8465.0,-212.0,0.0,0,376.66,0.0,1,19.27,21.39,SPY230127P00397000,397.0,0,0.0,0.0,,0.0,normalDay
2022-12-29,8465.0,307.0,0.0,0,383.44,0.0,1,19.27,16.2,SPY230127P00397000,397.0,0,0.0,0.0,,0.0,normalDay
2022-12-30,8465.0,283.0,0.0,0,382.43,0.0,1,19.27,16.44,SPY230127P00397000,397.0,0,0.0,0.0,,0.0,normalDay
2023-01-03,8465.0,120.0,0.0,0,380.82,0.0,1,19.27,18.07,SPY230127P00397000,397.0,0,0.0,0.0,,0.0,normalDay
2023-01-04,8465.0,415.0,0.0,0,383.76,0.0,1,19.27,15.12,SPY230127P00397000,397.0,0,0.0,0.0,,0.0,normalDay
2023-01-05,8465.0,62.0,0.0,0,379.38,0.0,1,19.27,18.65,SPY230127P00397000,397.0,0,0.0,0.0,,0.0,normalDay
2023-01-06,8465.0,742.0,0.0,0,388.08,0.0,1,19.27,11.85,SPY230127P00397000,397.0,0,0.0,0.0,,0.0,normalDay
2023-01-09,8465.0,727.0,0.0,0,387.86,0.0,1,19.27,12.0,SPY230127P00397000,397.0,0,0.0,0.0,,0.0,normalDay
2023-01-10,8465.0,958.0,0.0,0,390.58,0.0,1,19.27,9.69,SPY230127P00397000,397.0,0,0.0,0.0,,0.0,normalDay
2023-01-11,8465.0,1219.0,0.0,0,395.52,0.0,1,19.27,7.08,SPY230127P00397000,397.0,0,0.0,0.0,,0.0,normalDay
2023-01-12,8465.0,1440.0,0.0,0,396.96,0.0,1,19.27,4.87,SPY230127P00397000,397.0,0,0.0,0.0,,0.0,normalDay
2023-01-13,8465.0,1558.0,0.0,0,398.5,0.0,1,19.27,3.69,SPY230127P00397000,397.0,0,0.0,0.0,,0.0,normalDay
2023-01-17,8465.0,1576.0,0.0,0,397.77,0.0,1,19.27,3.51,SPY230127P00397000,397.0,0,0.0,0.0,,0.0,normalDay
2023-01-18,8465.0,1223.0,0.0,0,391.49,0.0,1,19.27,7.04,SPY230127P00397000,397.0,0,0.0,0.0,,0.0,normalDay
2023-01-19,8465.0,1038.0,0.0,0,388.64,0.0,1,19.27,8.89,SPY230127P00397000,397.0,0,0.0,0.0,,0.0,normalDay
2023-01-20,8465.0,1536.0,0.0,0,395.88,0.0,1,19.27,3.91,SPY230127P00397000,397.0,0,0.0,0.0,,0.0,normalDay
2023-01-23,8465.0,1756.0,0.0,0,400.63,0.0,1,19.27,1.71,SPY230127P00397000,397.0,0,0.0,0.0,,0.0,normalDay
2023-01-24,8465.0,1812.0,0.0,0,400.2,0.0,1,19.27,1.15,SPY230127P00397000,397.0,0,0.0,0.0,,0.0,normalDay
2023-01-25,8465.0,1812.0,0.0,0,400.35,0.0,1,19.27,1.15,SPY230127P00397000,397.0,0,0.0,0.0,,0.0,normalDay
2023-01-26,8465.0,1914.0,0.0,0,404.75,0.0,1,19.27,0.13,SPY230127P00397000,397.0,0,0.0,0.0,,0.0,normalDay
2023-01-27,10392.0,0.0,1927.0,0,405.68,0.0,1,19.27,0.0,SPY230127P00397000,397.0,0,0.0,0.0,,0.0,expirationDay
2023-01-30,10392.0,-4.0,0.0,0,400.59,0.0,1,7.0,7.04,SPY230317P00393000,393.0,0,0.0,0.0,,0.0,normalDay
2023-01-31,10392.0,157.0,0.0,0,406.48,0.0,1,7.0,5.43,SPY230317P00393000,393.0,0,0.0,0.0,,0.0,normalDay
2023-02-01,10392.0,312.0,0.0,0,410.8,0.0,1,7.0,3.88,SPY230317P00393000,393.0,0,0.0,0.0,,0.0,normalDay
2023-02-02,10392.0,354.0,0.0,0,416.78,0.0,1,7.0,3.46,SPY230317P00393000,393.0,0,0.0,0.0,,0.0,normalDay
2023-02-03,10392.0,321.0,0.0,0,412.35,0.0,1,7.0,3.79,SPY230317P00393000,393.0,0,0.0,0.0,,0.0,normalDay
2023-02-06,10392.0,271.0,0.0,0,409.83,0.0,1,7.0,4.29,SPY230317P00393000,393.0,0,0.0,0.0,,0.0,normalDay
2023-02-07,10392.0,381.0,0.0,0,415.19,0.0,1,7.0,3.19,SPY230317P00393000,393.0,0,0.0,0.0,,0.0,normalDay
2023-02-08,10392.0,295.0,0.0,0,410.65,0.0,1,7.0,4.05,SPY230317P00393000,393.0,0,0.0,0.0,,0.0,normalDay
2023-02-09,10392.0,195.0,0.0,0,407.09,0.0,1,7.0,5.05,SPY230317P00393000,393.0,0,0.0,0.0,,0.0,normalDay
2023-02-10,10392.0,219.0,0.0,0,408.04,0.0,1,7.0,4.81,SPY230317P00393000,393.0,0,0.0,0.0,,0.0,normalDay
2023-02-13,10392.0,360.0,0.0,0,412.83,0.0,1,7.0,3.4,SPY230317P00393000,393.0,0,0.0,0.0,,0.0,normalDay
2023-02-14,10392.0,404.0,0.0,0,412.64,0.0,1,7.0,2.96,SPY230317P00393000,393.0,0,0.0,0.0,,0.0,normalDay
2023-02-15,10392.0,461.0,0.0,0,413.98,0.0,1,7.0,2.39,SPY230317P00393000,393.0,0,0.0,0.0,,0.0,normalDay
2023-02-16,10392.0,324.0,0.0,0,408.28,0.0,1,7.0,3.76,SPY230317P00393000,393.0,0,0.0,0.0,,0.0,normalDay
2023-02-17,10392.0,327.0,0.0,0,407.26,0.0,1,7.0,3.73,SPY230317P00393000,393.0,0,0.0,0.0,,0.0,normalDay
2023-02-21,10392.0,96.0,0.0,0,399.09,0.0,1,7.0,6.04,SPY230317P00393000,393.0,0,0.0,0.0,,0.0,normalDay
2023-02-22,10392.0,111.0,0.0,0,398.54,0.0,1,7.0,5.89,SPY230317P00393000,393.0,0,0.0,0.0,,0.0,normalDay
2023-02-23,10392.0,214.0,0.0,0,400.66,0.0,1,7.0,4.86,SPY230317P00393000,393.0,0,0.0,0.0,,0.0,normalDay
2023-02-24,10392.0,66.0,0.0,0,396.38,0.0,1,7.0,6.34,SPY230317P00393000,393.0,0,0.0,0.0,,0.0,normalDay
2023-02-27,10392.0,189.0,0.0,0,397.73,0.0,1,7.0,5.11,SPY230317P00393000,393.0,0,0.0,0.0,,0.0,normalDay
2023-02-28,10392.0,140.0,0.0,0,396.26,0.0,1,7.0,5.6,SPY230317P00393000,393.0,0,0.0,0.0,,0.0,normalDay
2023-03-01,10392.0,94.0,0.0,0,394.74,0.0,1,7.0,6.06,SPY230317P00393000,393.0,0,0.0,0.0,,0.0,normalDay
2023-03-02,10392.0,253.0,0.0,0,397.81,0.0,1,7.0,4.47,SPY230317P00393000,393.0,0,0.0,0.0,,0.0,normalDay
2023-03-03,10392.0,483.0,0.0,0,404.19,0.0,1,7.0,2.17,SPY230317P00393000,393.0,0,0.0,0.0,,0.0,normalDay
2023-03-06,10392.0,510.0,0.0,0,404.47,0.0,1,7.0,1.9,SPY230317P00393000,393.0,0,0.0,0.0,,0.0,normalDay
2023-03-07,10392.0,342.0,0.0,0,398.27,0.0,1,7.0,3.58,SPY230317P00393000,393.0,0,0.0,0.0,,0.0,normalDay
2023-03-08,10392.0,386.0,0.0,0,398.92,0.0,1,7.0,3.14,SPY230317P00393000,393.0,0,0.0,0.0,,0.0,normalDay
2023-03-09,10392.0,-15.0,0.0,0,391.56,0.0,1,7.0,7.15,SPY230317P00393000,393.0,0,0.0,0.0,,0.0,normalDay
2023-03-10,10392.0,-334.0,0.0,0,385.91,0.0,1,7.0,10.34,SPY230317P00393000,393.0,0,0.0,0.0,,0.0,normalDay
2023-03-13,10392.0,-350.0,0.0,0,385.36,0.0,1,7.0,10.5,SPY230317P00393000,393.0,0,0.0,0.0,,0.0,normalDay
2023-03-14,10392.0,192.0,0.0,0,391.73,0.0,1,7.0,5.08,SPY230317P00393000,393.0,0,0.0,0.0,,0.0,normalDay
2023-03-15,10392.0,65.0,0.0,0,389.28,0.0,1,7.0,6.35,SPY230317P00393000,393.0,0,0.0,0.0,,0.0,normalDay
2023-03-16,10392.0,563.0,0.0,0,396.11,0.0,1,7.0,1.37,SPY230317P00393000,393.0,0,0.0,0.0,,0.0,normalDay
2023-03-17,11092.0,-301.0,700.0,100,389.99,393.0,1,7.0,0.0,SPY230317P00393000,393.0,0,0.0,0.0,,0.0,expirationDay
2023-03-20,11092.0,71.0,0.0,100,393.74,393.0,0,0.0,0.0,,0.0,1,1.04,1.07,SPY230324C00403000,403.0,normalDay
2023-03-21,11092.0,483.0,0.0,100,398.91,393.0,0,0.0,0.0,,0.0,1,1.04,2.12,SPY230324C00403000,403.0,normalDay
2023-03-22,11092.0,-5.0,0.0,100,392.11,393.0,0,0.0,0.0,,0.0,1,1.04,0.2,SPY230324C00403000,403.0,normalDay
2023-03-23,11092.0,115.0,0.0,100,393.17,393.0,0,0.0,0.0,,0.0,1,1.04,0.06,SPY230324C00403000,403.0,normalDay
2023-03-24,11196.0,275.0,104.0,100,395.75,393.0,0,0.0,0.0,,0.0,1,1.04,0.0,SPY230324C00403000,403.0,expirationDay
2023-03-27,11196.0,346.0,0.0,100,396.49,393.0,0,0.0,0.0,,0.0,1,1.1,1.13,SPY230331C00402000,402.0,normalDay
2023-03-28,11196.0,310.0,0.0,100,395.6,393.0,0,0.0,0.0,,0.0,1,1.1,0.6,SPY230331C00402000,402.0,normalDay
2023-03-29,11196.0,767.0,0.0,100,401.35,393.0,0,0.0,0.0,,0.0,1,1.1,1.78,SPY230331C00402000,402.0,normalDay
2023-03-30,11196.0,926.0,0.0,100,403.7,393.0,0,0.0,0.0,,0.0,1,1.1,2.54,SPY230331C00402000,402.0,normalDay
2023-03-31,12206.0,926.0,1010.0,0,409.39,0.0,0,0.0,0.0,,0.0,1,1.1,0.0,SPY230331C00402000,402.0,expirationDay
2023-04-03,12206.0,-4.0,0.0,0,410.95,0.0,1,4.61,4.65,SPY230519P00396000,396.0,0,0.0,0.0,,0.0,normalDay
2023-04-04,12206.0,-54.0,0.0,0,408.67,0.0,1,4.61,5.15,SPY230519P00396000,396.0,0,0.0,0.0,,0.0,normalDay
2023-04-05,12206.0,-82.0,0.0,0,407.6,0.0,1,4.61,5.43,SPY230519P00396000,396.0,0,0.0,0.0,,0.0,normalDay
2023-04-06,12206.0,-17.0,0.0,0,409.19,0.0,1,4.61,4.78,SPY230519P00396000,396.0,0,0.0,0.0,,0.0,normalDay
2023-04-10,12206.0,30.0,0.0,0,409.61,0.0,1,4.61,4.31,SPY230519P00396000,396.0,0,0.0,0.0,,0.0,normalDay
2023-04-11,12206.0,39.0,0.0,0,409.72,0.0,1,4.61,4.22,SPY230519P00396000,396.0,0,0.0,0.0,,0.0,normalDay
2023-04-12,12206.0,8.0,0.0,0,408.05,0.0,1,4.61,4.53,SPY230519P00396000,396.0,0,0.0,0.0,,0.0,normalDay
2023-04-13,12206.0,163.0,0.0,0,413.47,0.0,1,4.61,2.98,SPY230519P00396000,396.0,0,0.0,0.0,,0.0,normalDay
2023-04-14,12206.0,182.0,0.0,0,412.46,0.0,1,4.61,2.79,SPY230519P00396000,396.0,0,0.0,0.0,,0.0,normalDay
2023-04-17,12206.0,234.0,0.0,0,413.94,0.0,1,4.61,2.27,SPY230519P00396000,396.0,0,0.0,0.0,,0.0,normalDay
2023-04-18,12206.0,237.0,0.0,0,414.21,0.0,1,4.61,2.24,SPY230519P00396000,396.0,0,0.0,0.0,,0.0,normalDay
2023-04-19,12206.0,245.0,0.0,0,414.14,0.0,1,4.61,2.16,SPY230519P00396000,396.0,0,0.0,0.0,,0.0,normalDay
2023-04-20,12206.0,211.0,0.0,0,411.88,0.0,1,4.61,2.5,SPY230519P00396000,396.0,0,0.0,0.0,,0.0,normalDay
2023-04-21,12206.0,230.0,0.0,0,412.2,0.0,1,4.61,2.31,SPY230519P00396000,396.0,0,0.0,0.0,,0.0,normalDay
2023-04-24,12206.0,259.0,0.0,0,412.63,0.0,1,4.61,2.02,SPY230519P00396000,396.0,0,0.0,0.0,,0.0,normalDay
2023-04-25,12206.0,119.0,0.0,0,406.08,0.0,1,4.61,3.42,SPY230519P00396000,396.0,0,0.0,0.0,,0.0,normalDay
2023-04-26,12206.0,68.0,0.0,0,404.36,0.0,1,4.61,3.93,SPY230519P00396000,396.0,0,0.0,0.0,,0.0,normalDay
2023-04-27,12206.0,296.0,0.0,0,412.41,0.0,1,4.61,1.65,SPY230519P00396000,396.0,0,0.0,0.0,,0.0,normalDay
2023-04-28,12206.0,353.0,0.0,0,415.93,0.0,1,4.61,1.08,SPY230519P00396000,396.0,0,0.0,0.0,,0.0,normalDay
2023-05-01,12206.0,364.0,0.0,0,415.51,0.0,1,4.61,0.97,SPY230519P00396000,396.0,0,0.0,0.0,,0.0,normalDay
2023-05-02,12206.0,288.0,0.0,0,410.84,0.0,1,4.61,1.73,SPY230519P00396000,396.0,0,0.0,0.0,,0.0,normalDay
2023-05-03,12206.0,254.0,0.0,0,408.02,0.0,1,4.61,2.07,SPY230519P00396000,396.0,0,0.0,0.0,,0.0,normalDay
2023-05-04,12206.0,154.0,0.0,0,405.13,0.0,1,4.61,3.07,SPY230519P00396000,396.0,0,0.0,0.0,,0.0,normalDay
2023-05-05,12206.0,360.0,0.0,0,412.63,0.0,1,4.61,1.01,SPY230519P00396000,396.0,0,0.0,0.0,,0.0,normalDay
2023-05-08,12206.0,394.0,0.0,0,412.74,0.0,1,4.61,0.67,SPY230519P00396000,396.0,0,0.0,0.0,,0.0,normalDay
2023-05-09,12206.0,383.0,0.0,0,410.93,0.0,1,4.61,0.78,SPY230519P00396000,396.0,0,0.0,0.0,,0.0,normalDay
2023-05-10,12206.0,419.0,0.0,0,412.85,0.0,1,4.61,0.42,SPY230519P00396000,396.0,0,0.0,0.0,,0.0,normalDay
2023-05-11,12206.0,424.0,0.0,0,412.13,0.0,1,4.61,0.37,SPY230519P00396000,396.0,0,0.0,0.0,,0.0,normalDay
2023-05-12,12206.0,430.0,0.0,0,411.59,0.0,1,4.61,0.31,SPY230519P00396000,396.0,0,0.0,0.0,,0.0,normalDay
2023-05-15,12206.0,447.0,0.0,0,413.01,0.0,1,4.61,0.14,SPY230519P00396000,396.0,0,0.0,0.0,,0.0,normalDay
2023-05-16,12206.0,443.0,0.0,0,410.25,0.0,1,4.61,0.18,SPY230519P00396000,396.0,0,0.0,0.0,,0.0,normalDay
2023-05-17,12206.0,455.0,0.0,0,415.23,0.0,1,4.61,0.06,SPY230519P00396000,396.0,0,0.0,0.0,,0.0,normalDay
2023-05-18,12206.0,457.0,0.0,0,419.23,0.0,1,4.61,0.04,SPY230519P00396000,396.0,0,0.0,0.0,,0.0,normalDay
2023-05-19,12667.0,0.0,461.0,0,418.62,0.0,1,4.61,0.0,SPY230519P00396000,396.0,0,0.0,0.0,,0.0,expirationDay
2023-05-22,12667.0,-4.0,0.0,0,418.79,0.0,1,5.26,5.3,SPY230630P00412000,412.0,0,0.0,0.0,,0.0,normalDay
2023-05-23,12667.0,-192.0,0.0,0,414.09,0.0,1,5.26,7.18,SPY230630P00412000,412.0,0,0.0,0.0,,0.0,normalDay
2023-05-24,12667.0,-340.0,0.0,0,411.09,0.0,1,5.26,8.66,SPY230630P00412000,412.0,0,0.0,0.0,,0.0,normalDay
2023-05-25,12667.0,-170.0,0.0,0,414.65,0.0,1,5.26,6.96,SPY230630P00412000,412.0,0,0.0,0.0,,0.0,normalDay
2023-05-26,12667.0,41.0,0.0,0,420.02,0.0,1,5.26,4.85,SPY230630P00412000,412.0,0,0.0,0.0,,0.0,normalDay
2023-05-30,12667.0,97.0,0.0,0,420.18,0.0,1,5.26,4.29,SPY230630P00412000,412.0,0,0.0,0.0,,0.0,normalDay
2023-05-31,12667.0,41.0,0.0,0,417.85,0.0,1,5.26,4.85,SPY230630P00412000,412.0,0,0.0,0.0,,0.0,normalDay
2023-06-01,12667.0,212.0,0.0,0,421.82,0.0,1,5.26,3.14,SPY230630P00412000,412.0,0,0.0,0.0,,0.0,normalDay
2023-06-02,12667.0,346.0,0.0,0,427.92,0.0,1,5.26,1.8,SPY230630P00412000,412.0,0,0.0,0.0,,0.0,normalDay
2023-06-05,12667.0,351.0,0.0,0,427.1,0.0,1,5.26,1.75,SPY230630P00412000,412.0,0,0.0,0.0,,0.0,normalDay
2023-06-06,12667.0,386.0,0.0,0,428.03,0.0,1,5.26,1.4,SPY230630P00412000,412.0,0,0.0,0.0,,0.0,normalDay
2023-06-07,12667.0,377.0,0.0,0,426.55,0.0,1,5.26,1.49,SPY230630P00412000,412.0,0,0.0,0.0,,0.0,normalDay
2023-06-08,12667.0,413.0,0.0,0,429.13,0.0,1,5.26,1.13,SPY230630P00412000,412.0,0,0.0,0.0,,0.0,normalDay
2023-06-09,12667.0,427.0,0.0,0,429.9,0.0,1,5.26,0.99,SPY230630P00412000,412.0,0,0.0,0.0,,0.0,normalDay
2023-06-12,12667.0,449.0,0.0,0,433.8,0.0,1,5.26,0.77,SPY230630P00412000,412.0,0,0.0,0.0,,0.0,normalDay
2023-06-13,12667.0,473.0,0.0,0,436.66,0.0,1,5.26,0.53,SPY230630P00412000,412.0,0,0.0,0.0,,0.0,normalDay
2023-06-14,12667.0,489.0,0.0,0,437.18,0.0,1,5.26,0.37,SPY230630P00412000,412.0,0,0.0,0.0,,0.0,normalDay
2023-06-15,12667.0,495.0,0.0,0,442.6,0.0,1,5.26,0.31,SPY230630P00412000,412.0,0,0.0,0.0,,0.0,normalDay
2023-06-16,12667.0,508.0,0.0,0,439.46,0.0,1,5.26,0.18,SPY230630P00412000,412.0,0,0.0,0.0,,0.0,normalDay
2023-06-20,12667.0,512.0,0.0,0,437.18,0.0,1,5.26,0.14,SPY230630P00412000,412.0,0,0.0,0.0,,0.0,normalDay
2023-06-21,12667.0,514.0,0.0,0,434.94,0.0,1,5.26,0.12,SPY230630P00412000,412.0,0,0.0,0.0,,0.0,normalDay
2023-06-22,12667.0,519.0,0.0,0,436.51,0.0,1,5.26,0.07,SPY230630P00412000,412.0,0,0.0,0.0,,0.0,normalDay
2023-06-23,12667.0,517.0,0.0,0,433.21,0.0,1,5.26,0.09,SPY230630P00412000,412.0,0,0.0,0.0,,0.0,normalDay
2023-06-26,12667.0,518.0,0.0,0,431.44,0.0,1,5.26,0.08,SPY230630P00412000,412.0,0,0.0,0.0,,0.0,normalDay
2023-06-27,12667.0,520.0,0.0,0,436.17,0.0,1,5.26,0.06,SPY230630P00412000,412.0,0,0.0,0.0,,0.0,normalDay
2023-06-28,12667.0,523.0,0.0,0,436.39,0.0,1,5.26,0.03,SPY230630P00412000,412.0,0,0.0,0.0,,0.0,normalDay
2023-06-29,12667.0,524.0,0.0,0,438.11,0.0,1,5.26,0.02,SPY230630P00412000,412.0,0,0.0,0.0,,0.0,normalDay
2023-06-30,13193.0,0.0,526.0,0,443.28,0.0,1,5.26,0.0,SPY230630P00412000,412.0,0,0.0,0.0,,0.0,expirationDay
2023-07-03,13193.0,-7.0,0.0,0,443.79,0.0,1,3.69,3.76,SPY230818P00435000,435.0,0,0.0,0.0,,0.0,normalDay
2023-07-05,13193.0,-33.0,0.0,0,443.13,0.0,1,3.69,4.02,SPY230818P00435000,435.0,0,0.0,0.0,,0.0,normalDay
2023-07-06,13193.0,-155.0,0.0,0,439.66,0.0,1,3.69,5.24,SPY230818P00435000,435.0,0,0.0,0.0,,0.0,normalDay
2023-07-07,13193.0,-148.0,0.0,0,438.55,0.0,1,3.69,5.17,SPY230818P00435000,435.0,0,0.0,0.0,,0.0,normalDay
2023-07-10,13193.0,-109.0,0.0,0,439.66,0.0,1,3.69,4.78,SPY230818P00435000,435.0,0,0.0,0.0,,0.0,normalDay
2023-07-11,13193.0,-28.0,0.0,0,442.46,0.0,1,3.69,3.97,SPY230818P00435000,435.0,0,0.0,0.0,,0.0,normalDay
2023-07-12,13193.0,106.0,0.0,0,446.02,0.0,1,3.69,2.63,SPY230818P00435000,435.0,0,0.0,0.0,,0.0,normalDay
2023-07-13,13193.0,156.0,0.0,0,449.56,0.0,1,3.69,2.13,SPY230818P00435000,435.0,0,0.0,0.0,,0.0,normalDay
2023-07-14,13193.0,164.0,0.0,0,449.28,0.0,1,3.69,2.05,SPY230818P00435000,435.0,0,0.0,0.0,,0.0,normalDay
2023-07-17,13193.0,197.0,0.0,0,450.84,0.0,1,3.69,1.72,SPY230818P00435000,435.0,0,0.0,0.0,,0.0,normalDay
2023-07-18,13193.0,242.0,0.0,0,454.19,0.0,1,3.69,1.27,SPY230818P00435000,435.0,0,0.0,0.0,,0.0,normalDay
2023-07-19,13193.0,242.0,0.0,0,455.2,0.0,1,3.69,1.27,SPY230818P00435000,435.0,0,0.0,0.0,,0.0,normalDay
2023-07-20,13193.0,221.0,0.0,0,452.18,0.0,1,3.69,1.48,SPY230818P00435000,435.0,0,0.0,0.0,,0.0,normalDay
2023-07-21,13193.0,234.0,0.0,0,452.18,0.0,1,3.69,1.35,SPY230818P00435000,435.0,0,0.0,0.0,,0.0,normalDay
2023-07-24,13193.0,263.0,0.0,0,454.2,0.0,1,3.69,1.06,SPY230818P00435000,435.0,0,0.0,0.0,,0.0,normalDay
2023-07-25,13193.0,274.0,0.0,0,455.44,0.0,1,3.69,0.95,SPY230818P00435000,435.0,0,0.0,0.0,,0.0,normalDay
2023-07-26,13193.0,295.0,0.0,0,455.51,0.0,1,3.69,0.74,SPY230818P00435000,435.0,0,0.0,0.0,,0.0,normalDay
2023-07-27,13193.0,255.0,0.0,0,452.49,0.0,1,3.69,1.14,SPY230818P00435000,435.0,0,0.0,0.0,,0.0,normalDay
2023-07-28,13193.0,311.0,0.0,0,456.92,0.0,1,3.69,0.58,SPY230818P00435000,435.0,0,0.0,0.0,,0.0,normalDay
2023-07-31,13193.0,322.0,0.0,0,457.79,0.0,1,3.69,0.47,SPY230818P00435000,435.0,0,0.0,0.0,,0.0,normalDay
2023-08-01,13193.0,319.0,0.0,0,456.48,0.0,1,3.69,0.5,SPY230818P00435000,435.0,0,0.0,0.0,,0.0,normalDay
2023-08-02,13193.0,248.0,0.0,0,450.13,0.0,1,3.69,1.21,SPY230818P00435000,435.0,0,0.0,0.0,,0.0,normalDay
2023-08-03,13193.0,259.0,0.0,0,448.84,0.0,1,3.69,1.1,SPY230818P00435000,435.0,0,0.0,0.0,,0.0,normalDay
2023-08-04,13193.0,212.0,0.0,0,446.81,0.0,1,3.69,1.57,SPY230818P00435000,435.0,0,0.0,0.0,,0.0,normalDay
2023-08-07,13193.0,301.0,0.0,0,450.71,0.0,1,3.69,0.68,SPY230818P00435000,435.0,0,0.0,0.0,,0.0,normalDay
2023-08-08,13193.0,294.0,0.0,0,448.75,0.0,1,3.69,0.75,SPY230818P00435000,435.0,0,0.0,0.0,,0.0,normalDay
2023-08-09,13193.0,273.0,0.0,0,445.75,0.0,1,3.69,0.96,SPY230818P00435000,435.0,0,0.0,0.0,,0.0,normalDay
2023-08-10,13193.0,283.0,0.0,0,445.91,0.0,1,3.69,0.86,SPY230818P00435000,435.0,0,0.0,0.0,,0.0,normalDay
2023-08-11,13193.0,318.0,0.0,0,445.65,0.0,1,3.69,0.51,SPY230818P00435000,435.0,0,0.0,0.0,,0.0,normalDay
2023-08-14,13193.0,351.0,0.0,0,448.11,0.0,1,3.69,0.18,SPY230818P00435000,435.0,0,0.0,0.0,,0.0,normalDay
2023-08-15,13193.0,323.0,0.0,0,442.89,0.0,1,3.69,0.46,SPY230818P00435000,435.0,0,0.0,0.0,,0.0,normalDay
2023-08-16,13193.0,310.0,0.0,0,439.64,0.0,1,3.69,0.59,SPY230818P00435000,435.0,0,0.0,0.0,,0.0,normalDay
2023-08-17,13193.0,270.0,0.0,0,436.29,0.0,1,3.69,0.99,SPY230818P00435000,435.0,0,0.0,0.0,,0.0,normalDay
2023-08-18,13562.0,0.0,369.0,0,436.5,0.0,1,3.69,0.0,SPY230818P00435000,435.0,0,0.0,0.0,,0.0,expirationDay
2023-08-21,13562.0,-40.0,0.0,0,439.34,0.0,1,12.3,12.7,SPY230929P00448000,448.0,0,0.0,0.0,,0.0,normalDay
2023-08-22,13562.0,-95.0,0.0,0,438.15,0.0,1,12.3,13.25,SPY230929P00448000,448.0,0,0.0,0.0,,0.0,normalDay
2023-08-23,13562.0,261.0,0.0,0,443.03,0.0,1,12.3,9.69,SPY230929P00448000,448.0,0,0.0,0.0,,0.0,normalDay
2023-08-24,13562.0,-178.0,0.0,0,436.89,0.0,1,12.3,14.08,SPY230929P00448000,448.0,0,0.0,0.0,,0.0,normalDay
2023-08-25,13562.0,75.0,0.0,0,439.97,0.0,1,12.3,11.55,SPY230929P00448000,448.0,0,0.0,0.0,,0.0,normalDay
2023-08-28,13562.0,310.0,0.0,0,442.76,0.0,1,12.3,9.2,SPY230929P00448000,448.0,0,0.0,0.0,,0.0,normalDay
2023-08-29,13562.0,654.0,0.0,0,449.16,0.0,1,12.3,5.76,SPY230929P00448000,448.0,0,0.0,0.0,,0.0,normalDay
2023-08-30,13562.0,756.0,0.0,0,451.01,0.0,1,12.3,4.74,SPY230929P00448000,448.0,0,0.0,0.0,,0.0,normalDay
2023-08-31,13562.0,764.0,0.0,0,450.35,0.0,1,12.3,4.66,SPY230929P00448000,448.0,0,0.0,0.0,,0.0,normalDay
2023-09-01,13562.0,804.0,0.0,0,451.19,0.0,1,12.3,4.26,SPY230929P00448000,448.0,0,0.0,0.0,,0.0,normalDay
2023-09-05,13562.0,736.0,0.0,0,449.24,0.0,1,12.3,4.94,SPY230929P00448000,448.0,0,0.0,0.0,,0.0,normalDay
2023-09-06,13562.0,586.0,0.0,0,446.22,0.0,1,12.3,6.44,SPY230929P00448000,448.0,0,0.0,0.0,,0.0,normalDay
2023-09-07,13562.0,511.0,0.0,0,444.85,0.0,1,12.3,7.19,SPY230929P00448000,448.0,0,0.0,0.0,,0.0,normalDay
2023-09-08,13562.0,613.0,0.0,0,445.52,0.0,1,12.3,6.17,SPY230929P00448000,448.0,0,0.0,0.0,,0.0,normalDay
2023-09-11,13562.0,770.0,0.0,0,448.45,0.0,1,12.3,4.6,SPY230929P00448000,448.0,0,0.0,0.0,,0.0,normalDay
2023-09-12,13562.0,649.0,0.0,0,445.99,0.0,1,12.3,5.81,SPY230929P00448000,448.0,0,0.0,0.0,,0.0,normalDay
2023-09-13,13562.0,727.0,0.0,0,446.51,0.0,1,12.3,5.03,SPY230929P00448000,448.0,0,0.0,0.0,,0.0,normalDay
2023-09-14,13562.0,944.0,0.0,0,450.36,0.0,1,12.3,2.86,SPY230929P00448000,448.0,0,0.0,0.0,,0.0,normalDay
2023-09-15,13562.0,635.0,0.0,0,443.37,0.0,1,12.3,5.95,SPY230929P00448000,448.0,0,0.0,0.0,,0.0,normalDay
2023-09-18,13562.0,670.0,0.0,0,443.63,0.0,1,12.3,5.6,SPY230929P00448000,448.0,0,0.0,0.0,,0.0,normalDay
2023-09-19,13562.0,611.0,0.0,0,442.71,0.0,1,12.3,6.19,SPY230929P00448000,448.0,0,0.0,0.0,,0.0,normalDay
2023-09-20,13562.0,246.0,0.0,0,438.64,0.0,1,12.3,9.84,SPY230929P00448000,448.0,0,0.0,0.0,,0.0,normalDay
2023-09-21,13562.0,-452.0,0.0,0,431.39,0.0,1,12.3,16.82,SPY230929P00448000,448.0,0,0.0,0.0,,0.0,normalDay
2023-09-22,13562.0,-537.0,0.0,0,430.42,0.0,1,12.3,17.67,SPY230929P00448000,448.0,0,0.0,0.0,,0.0,normalDay
2023-09-25,13562.0,-359.0,0.0,0,432.23,0.0,1,12.3,15.89,SPY230929P00448000,448.0,0,0.0,0.0,,0.0,normalDay
2023-09-26,13562.0,-964.0,0.0,0,425.88,0.0,1,12.3,21.94,SPY230929P00448000,448.0,0,0.0,0.0,,0.0,normalDay
2023-09-27,13562.0,-953.0,0.0,0,426.05,0.0,1,12.3,21.83,SPY230929P00448000,448.0,0,0.0,0.0,,0.0,normalDay
2023-09-28,13562.0,-754.0,0.0,0,428.52,0.0,1,12.3,19.84,SPY230929P00448000,448.0,0,0.0,0.0,,0.0,normalDay
2023-09-29,14792.0,-2052.0,1230.0,100,427.48,448.0,1,12.3,0.0,SPY230929P00448000,448.0,0,0.0,0.0,,0.0,expirationDay
2023-10-02,14792.0,-2069.0,0.0,100,427.31,448.0,0,0.0,0.0,,0.0,0,0.0,0.0,,0.0,bidTooLow
2023-10-03,14792.0,-2641.0,0.0,100,421.59,448.0,0,0.0,0.0,,0.0,0,0.0,0.0,,0.0,bidTooLow
2023-10-04,14792.0,-2334.0,0.0,100,424.66,448.0,0,0.0,0.0,,0.0,0,0.0,0.0,,0.0,bidTooLow
2023-10-05,14792.0,-2350.0,0.0,100,424.5,448.0,0,0.0,0.0,,0.0,0,0.0,0.0,,0.0,bidTooLow
2023-10-06,14792.0,-1846.0,0.0,100,429.54,448.0,0,0.0,0.0,,0.0,0,0.0,0.0,,0.0,bidTooLow
2023-10-09,14792.0,-1574.0,0.0,100,432.29,448.0,0,0.0,0.0,,0.0,1,0.02,0.05,SPY231013C00447000,447.0,normalDay
2023-10-10,14792.0,-1350.0,0.0,100,434.54,448.0,0,0.0,0.0,,0.0,1,0.02,0.06,SPY231013C00447000,447.0,normalDay
2023-10-11,14792.0,-1169.0,0.0,100,436.32,448.0,0,0.0,0.0,,0.0,1,0.02,0.03,SPY231013C00447000,447.0,normalDay
2023-10-12,14792.0,-1433.0,0.0,100,433.66,448.0,0,0.0,0.0,,0.0,1,0.02,0.01,SPY231013C00447000,447.0,normalDay
2023-10-13,14794.0,-1650.0,2.0,100,431.5,448.0,0,0.0,0.0,,0.0,1,0.02,0.0,SPY231013C00447000,447.0,expirationDay
2023-10-16,14794.0,-1199.0,0.0,100,436.04,448.0,0,0.0,0.0,,0.0,1,1.67,1.7,SPY231020C00439000,439.0,normalDay
2023-10-17,14794.0,-1167.0,0.0,100,436.02,448.0,0,0.0,0.0,,0.0,1,1.67,1.36,SPY231020C00439000,439.0,normalDay
2023-10-18,14794.0,-1632.0,0.0,100,430.21,448.0,0,0.0,0.0,,0.0,1,1.67,0.2,SPY231020C00439000,439.0,normalDay
2023-10-19,14794.0,-1993.0,0.0,100,426.43,448.0,0,0.0,0.0,,0.0,1,1.67,0.03,SPY231020C00439000,439.0,normalDay
2023-10-20,14961.0,-2681.0,167.0,100,421.19,448.0,0,0.0,0.0,,0.0,1,1.67,0.0,SPY231020C00439000,439.0,expirationDay
2023-10-23,14961.0,-2757.0,0.0,100,420.46,448.0,0,0.0,0.0,,0.0,1,0.05,0.08,SPY231027C00436000,436.0,normalDay
2023-10-24,14961.0,-2438.0,0.0,100,423.63,448.0,0,0.0,0.0,,0.0,1,0.05,0.06,SPY231027C00436000,436.0,normalDay
2023-10-25,14961.0,-3042.0,0.0,100,417.55,448.0,0,0.0,0.0,,0.0,1,0.05,0.02,SPY231027C00436000,436.0,normalDay
2023-10-26,14961.0,-3541.0,0.0,100,412.55,448.0,0,0.0,0.0,,0.0,1,0.05,0.01,SPY231027C00436000,436.0,normalDay
2023-10-27,14966.0,-3732.0,5.0,100,410.68,448.0,0,0.0,0.0,,0.0,1,0.05,0.0,SPY231027C00436000,436.0,expirationDay
2023-10-30,14966.0,-3241.0,0.0,100,415.59,448.0,0,0.0,0.0,,0.0,0,0.0,0.0,,0.0,bidTooLow
2023-10-31,14966.0,-2980.0,0.0,100,418.2,448.0,0,0.0,0.0,,0.0,0,0.0,0.0,,0.0,bidTooLow
2023-11-01,14966.0,-2537.0,0.0,100,422.66,448.0,0,0.0,0.0,,0.0,1,0.01,0.04,SPY231107C00438000,438.0,normalDay
2023-11-02,14966.0,-1749.0,0.0,100,430.76,448.0,0,0.0,0.0,,0.0,1,0.01,0.26,SPY231107C00438000,438.0,normalDay
2023-11-03,14966.0,-1393.0,0.0,100,434.69,448.0,0,0.0,0.0,,0.0,1,0.01,0.63,SPY231107C00438000,438.0,normalDay
2023-11-06,14966.0,-1254.0,0.0,100,435.69,448.0,0,0.0,0.0,,0.0,1,0.01,0.24,SPY231107C00438000,438.0,normalDay
2023-11-07,14967.0,-1107.0,1.0,100,436.93,448.0,0,0.0,0.0,,0.0,1,0.01,0.0,SPY231107C00438000,438.0,expirationDay
2023-11-08,14967.0,-1078.0,0.0,100,437.25,448.0,0,0.0,0.0,,0.0,1,1.34,1.37,SPY231114C00440000,440.0,normalDay
2023-11-09,14967.0,-1328.0,0.0,100,433.84,448.0,0,0.0,0.0,,0.0,1,1.34,0.46,SPY231114C00440000,440.0,normalDay
2023-11-10,14967.0,-849.0,0.0,100,440.61,448.0,0,0.0,0.0,,0.0,1,1.34,2.44,SPY231114C00440000,440.0,normalDay
2023-11-13,14967.0,-837.0,0.0,100,440.19,448.0,0,0.0,0.0,,0.0,1,1.34,1.9,SPY231114C00440000,440.0,normalDay
2023-11-14,14301.0,-837.0,-666.0,0,448.73,0.0,0,0.0,0.0,,0.0,1,1.34,0.0,SPY231114C00440000,440.0,expirationDay
2023-11-15,14301.0,-4.0,0.0,0,449.68,0.0,1,2.17,2.21,SPY231229P00429000,429.0,0,0.0,0.0,,0.0,normalDay
2023-11-16,14301.0,17.0,0.0,0,450.23,0.0,1,2.17,2.0,SPY231229P00429000,429.0,0,0.0,0.0,,0.0,normalDay
2023-11-17,14301.0,34.0,0.0,0,450.79,0.0,1,2.17,1.83,SPY231229P00429000,429.0,0,0.0,0.0,,0.0,normalDay
2023-11-20,14301.0,84.0,0.0,0,454.26,0.0,1,2.17,1.33,SPY231229P00429000,429.0,0,0.0,0.0,,0.0,normalDay
2023-11-21,14301.0,82.0,0.0,0,453.27,0.0,1,2.17,1.35,SPY231229P00429000,429.0,0,0.0,0.0,,0.0,normalDay
2023-11-22,14301.0,103.0,0.0,0,455.02,0.0,1,2.17,1.14,SPY231229P00429000,429.0,0,0.0,0.0,,0.0,normalDay
2023-11-24,14301.0,119.0,0.0,0,455.3,0.0,1,2.17,0.98,SPY231229P00429000,429.0,0,0.0,0.0,,0.0,normalDay
2023-11-27,14301.0,123.0,0.0,0,454.48,0.0,1,2.17,0.94,SPY231229P00429000,429.0,0,0.0,0.0,,0.0,normalDay
2023-11-28,14301.0,130.0,0.0,0,454.93,0.0,1,2.17,0.87,SPY231229P00429000,429.0,0,0.0,0.0,,0.0,normalDay
2023-11-29,14301.0,128.0,0.0,0,454.61,0.0,1,2.17,0.89,SPY231229P00429000,429.0,0,0.0,0.0,,0.0,normalDay
2023-11-30,14301.0,137.0,0.0,0,456.4,0.0,1,2.17,0.8,SPY231229P00429000,429.0,0,0.0,0.0,,0.0,normalDay
