date,totalCapital,unrializedPnL,rializedPnL,stocksOwned,stocksPriceToday,stocksPriceBoughtAt,putOwned,putOwnedSoldAt,putPriceToday,putOwnedContract,putOwnedStrike,callOwned,callOwnedSoldAt,callPriceToday,callOwnedContract,callOwnedStrike,trackType
2018-11-01,0.0,-4.0,0.0,0,273.51,0.0,1,0.94,0.98,SPY181107P00266500,266.5,0,0.0,0.0,,0.0,normalDay
2018-11-02,0.0,-3.0,0.0,0,271.89,0.0,1,0.94,0.97,SPY181107P00266500,266.5,0,0.0,0.0,,0.0,normalDay
2018-11-05,0.0,51.0,0.0,0,273.39,0.0,1,0.94,0.43,SPY181107P00266500,266.5,0,0.0,0.0,,0.0,normalDay
2018-11-06,0.0,74.0,0.0,0,275.12,0.0,1,0.94,0.2,SPY181107P00266500,266.5,0,0.0,0.0,,0.0,normalDay
2018-11-07,94.0,0.0,94.0,0,281.01,0.0,1,0.94,0.0,SPY181107P00266500,266.5,0,0.0,0.0,,0.0,expirationDay
2018-11-08,94.0,-3.0,0.0,0,280.5,0.0,1,0.12,0.15,SPY181114P00267500,267.5,0,0.0,0.0,,0.0,normalDay
2018-11-09,94.0,-3.0,0.0,0,277.76,0.0,1,0.12,0.15,SPY181114P00267500,267.5,0,0.0,0.0,,0.0,normalDay
2018-11-12,94.0,-41.0,0.0,0,272.57,0.0,1,0.12,0.53,SPY181114P00267500,267.5,0,0.0,0.0,,0.0,normalDay
2018-11-13,94.0,-13.0,0.0,0,272.06,0.0,1,0.12,0.25,SPY181114P00267500,267.5,0,0.0,0.0,,0.0,normalDay
2018-11-14,106.0,0.0,12.0,0,270.2,0.0,1,0.12,0.0,SPY181114P00267500,267.5,0,0.0,0.0,,0.0,expirationDay
2018-11-15,106.0,-4.0,0.0,0,273.02,0.0,1,0.84,0.88,SPY181121P00267000,267.0,0,0.0,0.0,,0.0,normalDay
2018-11-16,106.0,46.0,0.0,0,273.73,0.0,1,0.84,0.38,SPY181121P00267000,267.0,0,0.0,0.0,,0.0,normalDay
2018-11-19,106.0,-15.0,0.0,0,269.1,0.0,1,0.84,0.99,SPY181121P00267000,267.0,0,0.0,0.0,,0.0,normalDay
2018-11-20,106.0,-259.0,0.0,0,264.12,0.0,1,0.84,3.43,SPY181121P00267000,267.0,0,0.0,0.0,,0.0,normalDay
2018-11-21,190.0,-198.0,84.0,100,265.02,267.0,1,0.84,0.0,SPY181121P00267000,267.0,0,0.0,0.0,,0.0,expirationDay
2018-11-23,190.0,-380.0,0.0,100,263.25,267.0,0,0.0,0.0,,0.0,1,0.21,0.26,SPY181212C00279000,279.0,normalDay
2018-11-26,190.0,32.0,0.0,100,267.5,267.0,0,0.0,0.0,,0.0,1,0.21,0.39,SPY181212C00279000,279.0,normalDay
2018-11-27,190.0,110.0,0.0,100,268.4,267.0,0,0.0,0.0,,0.0,1,0.21,0.51,SPY181212C00279000,279.0,normalDay
2018-11-28,190.0,588.0,0.0,100,274.58,267.0,0,0.0,0.0,,0.0,1,0.21,1.91,SPY181212C00279000,279.0,normalDay
2018-11-29,190.0,540.0,0.0,100,273.98,267.0,0,0.0,0.0,,0.0,1,0.21,1.79,SPY181212C00279000,279.0,normalDay
2018-11-30,190.0,640.0,0.0,100,275.65,267.0,0,0.0,0.0,,0.0,1,0.21,2.46,SPY181212C00279000,279.0,normalDay
2018-12-03,190.0,973.0,0.0,100,279.3,267.0,0,0.0,0.0,,0.0,1,0.21,2.78,SPY181212C00279000,279.0,normalDay
2018-12-04,190.0,298.0,0.0,100,270.25,267.0,0,0.0,0.0,,0.0,1,0.21,0.48,SPY181212C00279000,279.0,normalDay
2018-12-06,190.0,277.0,0.0,100,269.84,267.0,0,0.0,0.0,,0.0,1,0.21,0.28,SPY181212C00279000,279.0,normalDay
2018-12-07,190.0,-325.0,0.0,100,263.57,267.0,0,0.0,0.0,,0.0,1,0.21,0.03,SPY181212C00279000,279.0,normalDay
2018-12-10,190.0,-273.0,0.0,100,264.07,267.0,0,0.0,0.0,,0.0,1,0.21,0.01,SPY181212C00279000,279.0,normalDay
2018-12-11,190.0,-267.0,0.0,100,264.13,267.0,0,0.0,0.0,,0.0,1,0.21,0.01,SPY181212C00279000,279.0,normalDay
2018-12-12,211.0,-154.0,21.0,100,265.46,267.0,0,0.0,0.0,,0.0,1,0.21,0.0,SPY181212C00279000,279.0,expirationDay
2018-12-13,211.0,-168.0,0.0,100,265.37,267.0,0,0.0,0.0,,0.0,1,0.43,0.48,SPY181231C00276000,276.0,normalDay
2018-12-14,211.0,-628.0,0.0,100,260.47,267.0,0,0.0,0.0,,0.0,1,0.43,0.18,SPY181231C00276000,276.0,normalDay
2018-12-17,211.0,-1130.0,0.0,100,255.36,267.0,0,0.0,0.0,,0.0,1,0.43,0.09,SPY181231C00276000,276.0,normalDay
2018-12-18,211.0,-1159.0,0.0,100,255.08,267.0,0,0.0,0.0,,0.0,1,0.43,0.1,SPY181231C00276000,276.0,normalDay
2018-12-19,211.0,-1536.0,0.0,100,251.26,267.0,0,0.0,0.0,,0.0,1,0.43,0.05,SPY181231C00276000,276.0,normalDay
2018-12-20,211.0,-1944.0,0.0,100,247.17,267.0,0,0.0,0.0,,0.0,1,0.43,0.04,SPY181231C00276000,276.0,normalDay
2018-12-21,211.0,-2590.0,0.0,100,240.7,267.0,0,0.0,0.0,,0.0,1,0.43,0.03,SPY181231C00276000,276.0,normalDay
2018-12-24,211.0,-3224.0,0.0,100,234.34,267.0,0,0.0,0.0,,0.0,1,0.43,0.01,SPY181231C00276000,276.0,normalDay
2018-12-26,211.0,-2040.0,0.0,100,246.18,267.0,0,0.0,0.0,,0.0,1,0.43,0.01,SPY181231C00276000,276.0,normalDay
2018-12-27,211.0,-1851.0,0.0,100,248.07,267.0,0,0.0,0.0,,0.0,1,0.43,0.01,SPY181231C00276000,276.0,normalDay
2018-12-28,211.0,-1883.0,0.0,100,247.75,267.0,0,0.0,0.0,,0.0,1,0.43,0.01,SPY181231C00276000,276.0,normalDay
2018-12-31,254.0,-1708.0,43.0,100,249.92,267.0,0,0.0,0.0,,0.0,1,0.43,0.0,SPY181231C00276000,276.0,expirationDay
2019-01-02,254.0,-1685.0,0.0,100,250.18,267.0,0,0.0,0.0,,0.0,1,0.01,0.04,SPY190118C00273000,273.0,normalDay
2019-01-03,254.0,-2280.0,0.0,100,244.21,267.0,0,0.0,0.0,,0.0,1,0.01,0.02,SPY190118C00273000,273.0,normalDay
2019-01-04,254.0,-1465.0,0.0,100,252.39,267.0,0,0.0,0.0,,0.0,1,0.01,0.05,SPY190118C00273000,273.0,normalDay
2019-01-07,254.0,-1266.0,0.0,100,254.38,267.0,0,0.0,0.0,,0.0,1,0.01,0.05,SPY190118C00273000,273.0,normalDay
2019-01-08,254.0,-1027.0,0.0,100,256.77,267.0,0,0.0,0.0,,0.0,1,0.01,0.05,SPY190118C00273000,273.0,normalDay
2019-01-09,254.0,-908.0,0.0,100,257.97,267.0,0,0.0,0.0,,0.0,1,0.01,0.06,SPY190118C00273000,273.0,normalDay
2019-01-10,254.0,-816.0,0.0,100,258.88,267.0,0,0.0,0.0,,0.0,1,0.01,0.05,SPY190118C00273000,273.0,normalDay
2019-01-11,254.0,-804.0,0.0,100,258.98,267.0,0,0.0,0.0,,0.0,1,0.01,0.03,SPY190118C00273000,273.0,normalDay
2019-01-14,254.0,-961.0,0.0,100,257.4,267.0,0,0.0,0.0,,0.0,1,0.01,0.02,SPY190118C00273000,273.0,normalDay
2019-01-15,254.0,-666.0,0.0,100,260.35,267.0,0,0.0,0.0,,0.0,1,0.01,0.02,SPY190118C00273000,273.0,normalDay
2019-01-16,254.0,-603.0,0.0,100,260.98,267.0,0,0.0,0.0,,0.0,1,0.01,0.02,SPY190118C00273000,273.0,normalDay
2019-01-17,254.0,-405.0,0.0,100,262.96,267.0,0,0.0,0.0,,0.0,1,0.01,0.02,SPY190118C00273000,273.0,normalDay
2019-01-18,255.0,-54.0,1.0,100,266.46,267.0,0,0.0,0.0,,0.0,1,0.01,0.0,SPY190118C00273000,273.0,expirationDay
2019-01-22,255.0,-420.0,0.0,100,262.86,267.0,0,0.0,0.0,,0.0,1,2.58,2.64,SPY190208C00266000,266.0,normalDay
2019-01-23,255.0,-355.0,0.0,100,263.41,267.0,0,0.0,0.0,,0.0,1,2.58,2.54,SPY190208C00266000,266.0,normalDay
2019-01-24,255.0,-288.0,0.0,100,263.55,267.0,0,0.0,0.0,,0.0,1,2.58,2.01,SPY190208C00266000,266.0,normalDay
2019-01-25,255.0,-176.0,0.0,100,265.78,267.0,0,0.0,0.0,,0.0,1,2.58,3.12,SPY190208C00266000,266.0,normalDay
2019-01-28,255.0,-275.0,0.0,100,263.76,267.0,0,0.0,0.0,,0.0,1,2.58,2.09,SPY190208C00266000,266.0,normalDay
2019-01-29,255.0,-289.0,0.0,100,263.41,267.0,0,0.0,0.0,,0.0,1,2.58,1.88,SPY190208C00266000,266.0,normalDay
2019-01-30,255.0,-45.0,0.0,100,267.58,267.0,0,0.0,0.0,,0.0,1,2.58,3.61,SPY190208C00266000,266.0,normalDay
2019-01-31,255.0,24.0,0.0,100,269.93,267.0,0,0.0,0.0,,0.0,1,2.58,5.27,SPY190208C00266000,266.0,normalDay
2019-02-01,255.0,84.0,0.0,100,270.06,267.0,0,0.0,0.0,,0.0,1,2.58,4.8,SPY190208C00266000,266.0,normalDay
2019-02-04,255.0,138.0,0.0,100,271.96,267.0,0,0.0,0.0,,0.0,1,2.58,6.16,SPY190208C00266000,266.0,normalDay
2019-02-05,255.0,153.0,0.0,100,273.1,267.0,0,0.0,0.0,,0.0,1,2.58,7.15,SPY190208C00266000,266.0,normalDay
2019-02-06,255.0,151.0,0.0,100,272.74,267.0,0,0.0,0.0,,0.0,1,2.58,6.81,SPY190208C00266000,266.0,normalDay
2019-02-07,255.0,133.0,0.0,100,270.14,267.0,0,0.0,0.0,,0.0,1,2.58,4.39,SPY190208C00266000,266.0,normalDay
2019-02-08,413.0,133.0,158.0,0,270.47,0.0,0,0.0,0.0,,0.0,1,2.58,0.0,SPY190208C00266000,266.0,expirationDay
2019-02-11,413.0,-3.0,0.0,0,270.62,0.0,1,0.11,0.14,SPY190215P00261000,261.0,0,0.0,0.0,,0.0,normalDay
2019-02-12,413.0,7.0,0.0,0,274.1,0.0,1,0.11,0.04,SPY190215P00261000,261.0,0,0.0,0.0,,0.0,normalDay
2019-02-13,413.0,8.0,0.0,0,274.99,0.0,1,0.11,0.03,SPY190215P00261000,261.0,0,0.0,0.0,,0.0,normalDay
2019-02-14,413.0,9.0,0.0,0,274.38,0.0,1,0.11,0.02,SPY190215P00261000,261.0,0,0.0,0.0,,0.0,normalDay
2019-02-15,424.0,0.0,11.0,0,277.37,0.0,1,0.11,0.0,SPY190215P00261000,261.0,0,0.0,0.0,,0.0,expirationDay
2019-02-19,424.0,-3.0,0.0,0,277.85,0.0,1,0.01,0.04,SPY190225P00264000,264.0,0,0.0,0.0,,0.0,normalDay
2019-02-20,424.0,-2.0,0.0,0,278.41,0.0,1,0.01,0.03,SPY190225P00264000,264.0,0,0.0,0.0,,0.0,normalDay
2019-02-21,424.0,-1.0,0.0,0,277.42,0.0,1,0.01,0.02,SPY190225P00264000,264.0,0,0.0,0.0,,0.0,normalDay
2019-02-22,424.0,0.0,0.0,0,279.14,0.0,1,0.01,0.01,SPY190225P00264000,264.0,0,0.0,0.0,,0.0,normalDay
2019-02-25,425.0,0.0,1.0,0,279.52,0.0,1,0.01,0.0,SPY190225P00264000,264.0,0,0.0,0.0,,0.0,expirationDay
2019-02-26,425.0,-3.0,0.0,0,279.32,0.0,1,0.07,0.1,SPY190304P00268000,268.0,0,0.0,0.0,,0.0,normalDay
2019-02-27,425.0,1.0,0.0,0,279.2,0.0,1,0.07,0.06,SPY190304P00268000,268.0,0,0.0,0.0,,0.0,normalDay
2019-02-28,425.0,4.0,0.0,0,278.68,0.0,1,0.07,0.03,SPY190304P00268000,268.0,0,0.0,0.0,,0.0,normalDay
2019-03-01,425.0,5.0,0.0,0,280.42,0.0,1,0.07,0.02,SPY190304P00268000,268.0,0,0.0,0.0,,0.0,normalDay
2019-03-04,432.0,0.0,7.0,0,279.4,0.0,1,0.07,0.0,SPY190304P00268000,268.0,0,0.0,0.0,,0.0,expirationDay
2019-03-05,432.0,-3.0,0.0,0,279.02,0.0,1,0.17,0.2,SPY190311P00272000,272.0,0,0.0,0.0,,0.0,normalDay
2019-03-06,432.0,-13.0,0.0,0,277.33,0.0,1,0.17,0.3,SPY190311P00272000,272.0,0,0.0,0.0,,0.0,normalDay
2019-03-07,432.0,-28.0,0.0,0,275.01,0.0,1,0.17,0.45,SPY190311P00272000,272.0,0,0.0,0.0,,0.0,normalDay
2019-03-08,432.0,-4.0,0.0,0,274.46,0.0,1,0.17,0.21,SPY190311P00272000,272.0,0,0.0,0.0,,0.0,normalDay
2019-03-11,449.0,0.0,17.0,0,278.44,0.0,1,0.17,0.0,SPY190311P00272000,272.0,0,0.0,0.0,,0.0,expirationDay
2019-03-12,449.0,-3.0,0.0,0,279.49,0.0,1,0.51,0.54,SPY190318P00275000,275.0,0,0.0,0.0,,0.0,normalDay
2019-03-13,449.0,33.0,0.0,0,281.34,0.0,1,0.51,0.18,SPY190318P00275000,275.0,0,0.0,0.0,,0.0,normalDay
2019-03-14,449.0,40.0,0.0,0,281.16,0.0,1,0.51,0.11,SPY190318P00275000,275.0,0,0.0,0.0,,0.0,normalDay
2019-03-15,449.0,49.0,0.0,0,281.31,0.0,1,0.51,0.02,SPY190318P00275000,275.0,0,0.0,0.0,,0.0,normalDay
2019-03-18,500.0,0.0,51.0,0,282.33,0.0,1,0.51,0.0,SPY190318P00275000,275.0,0,0.0,0.0,,0.0,expirationDay
2019-03-19,500.0,-3.0,0.0,0,282.4,0.0,1,0.28,0.31,SPY190325P00276500,276.5,0,0.0,0.0,,0.0,normalDay
2019-03-20,500.0,2.0,0.0,0,281.55,0.0,1,0.28,0.26,SPY190325P00276500,276.5,0,0.0,0.0,,0.0,normalDay
2019-03-21,500.0,23.0,0.0,0,284.73,0.0,1,0.28,0.05,SPY190325P00276500,276.5,0,0.0,0.0,,0.0,normalDay
2019-03-22,500.0,0.0,0.0,0,279.25,0.0,1,0.28,0.28,SPY190325P00276500,276.5,0,0.0,0.0,,0.0,normalDay
2019-03-25,528.0,0.0,28.0,0,279.04,0.0,1,0.28,0.0,SPY190325P00276500,276.5,0,0.0,0.0,,0.0,expirationDay
2019-03-26,528.0,-3.0,0.0,0,281.12,0.0,1,0.58,0.61,SPY190401P00277000,277.0,0,0.0,0.0,,0.0,normalDay
2019-03-27,528.0,-22.0,0.0,0,279.65,0.0,1,0.58,0.8,SPY190401P00277000,277.0,0,0.0,0.0,,0.0,normalDay
2019-03-28,528.0,28.0,0.0,0,280.71,0.0,1,0.58,0.3,SPY190401P00277000,277.0,0,0.0,0.0,,0.0,normalDay
2019-03-29,528.0,54.0,0.0,0,282.48,0.0,1,0.58,0.04,SPY190401P00277000,277.0,0,0.0,0.0,,0.0,normalDay
2019-04-01,586.0,0.0,58.0,0,285.83,0.0,1,0.58,0.0,SPY190401P00277000,277.0,0,0.0,0.0,,0.0,expirationDay
2019-04-02,586.0,-3.0,0.0,0,285.97,0.0,1,0.06,0.09,SPY190408P00277000,277.0,0,0.0,0.0,,0.0,normalDay
2019-04-03,586.0,0.0,0.0,0,286.42,0.0,1,0.06,0.06,SPY190408P00277000,277.0,0,0.0,0.0,,0.0,normalDay
2019-04-04,586.0,3.0,0.0,0,287.18,0.0,1,0.06,0.03,SPY190408P00277000,277.0,0,0.0,0.0,,0.0,normalDay
2019-04-05,586.0,5.0,0.0,0,288.57,0.0,1,0.06,0.01,SPY190408P00277000,277.0,0,0.0,0.0,,0.0,normalDay
2019-04-08,592.0,0.0,6.0,0,288.79,0.0,1,0.06,0.0,SPY190408P00277000,277.0,0,0.0,0.0,,0.0,expirationDay
2019-04-09,592.0,-3.0,0.0,0,287.31,0.0,1,0.13,0.16,SPY190415P00280000,280.0,0,0.0,0.0,,0.0,normalDay
2019-04-10,592.0,8.0,0.0,0,288.29,0.0,1,0.13,0.05,SPY190415P00280000,280.0,0,0.0,0.0,,0.0,normalDay
2019-04-11,592.0,10.0,0.0,0,288.21,0.0,1,0.13,0.03,SPY190415P00280000,280.0,0,0.0,0.0,,0.0,normalDay
2019-04-12,592.0,11.0,0.0,0,290.16,0.0,1,0.13,0.02,SPY190415P00280000,280.0,0,0.0,0.0,,0.0,normalDay
2019-04-15,605.0,0.0,13.0,0,289.97,0.0,1,0.13,0.0,SPY190415P00280000,280.0,0,0.0,0.0,,0.0,expirationDay
2019-04-16,605.0,-3.0,0.0,0,290.16,0.0,1,0.03,0.06,SPY190422P00280500,280.5,0,0.0,0.0,,0.0,normalDay
2019-04-17,605.0,-3.0,0.0,0,289.45,0.0,1,0.03,0.06,SPY190422P00280500,280.5,0,0.0,0.0,,0.0,normalDay
2019-04-18,605.0,1.0,0.0,0,290.02,0.0,1,0.03,0.02,SPY190422P00280500,280.5,0,0.0,0.0,,0.0,normalDay
2019-04-22,608.0,0.0,3.0,0,290.27,0.0,1,0.03,0.0,SPY190422P00280500,280.5,0,0.0,0.0,,0.0,expirationDay
2019-04-23,608.0,-3.0,0.0,0,292.88,0.0,1,0.05,0.08,SPY190429P00283000,283.0,0,0.0,0.0,,0.0,normalDay
2019-04-24,608.0,-3.0,0.0,0,292.23,0.0,1,0.05,0.08,SPY190429P00283000,283.0,0,0.0,0.0,,0.0,normalDay
2019-04-25,608.0,0.0,0.0,0,292.05,0.0,1,0.05,0.05,SPY190429P00283000,283.0,0,0.0,0.0,,0.0,normalDay
2019-04-26,608.0,3.0,0.0,0,293.41,0.0,1,0.05,0.02,SPY190429P00283000,283.0,0,0.0,0.0,,0.0,normalDay
2019-04-29,613.0,0.0,5.0,0,293.87,0.0,1,0.05,0.0,SPY190429P00283000,283.0,0,0.0,0.0,,0.0,expirationDay
2019-04-30,613.0,-4.0,0.0,0,294.02,0.0,1,0.17,0.21,SPY190506P00287000,287.0,0,0.0,0.0,,0.0,normalDay
2019-05-01,613.0,-25.0,0.0,0,291.81,0.0,1,0.17,0.42,SPY190506P00287000,287.0,0,0.0,0.0,,0.0,normalDay
2019-05-02,613.0,-9.0,0.0,0,291.18,0.0,1,0.17,0.26,SPY190506P00287000,287.0,0,0.0,0.0,,0.0,normalDay
2019-05-03,613.0,15.0,0.0,0,294.03,0.0,1,0.17,0.02,SPY190506P00287000,287.0,0,0.0,0.0,,0.0,normalDay
2019-05-06,630.0,0.0,17.0,0,292.82,0.0,1,0.17,0.0,SPY190506P00287000,287.0,0,0.0,0.0,,0.0,expirationDay
2019-05-07,630.0,-6.0,0.0,0,287.93,0.0,1,2.68,2.74,SPY190513P00288000,288.0,0,0.0,0.0,,0.0,normalDay
2019-05-08,630.0,-5.0,0.0,0,287.53,0.0,1,2.68,2.73,SPY190513P00288000,288.0,0,0.0,0.0,,0.0,normalDay
2019-05-09,630.0,-57.0,0.0,0,286.66,0.0,1,2.68,3.25,SPY190513P00288000,288.0,0,0.0,0.0,,0.0,normalDay
2019-05-10,630.0,123.0,0.0,0,288.1,0.0,1,2.68,1.45,SPY190513P00288000,288.0,0,0.0,0.0,,0.0,normalDay
2019-05-13,898.0,-714.0,268.0,100,280.86,288.0,1,2.68,0.0,SPY190513P00288000,288.0,0,0.0,0.0,,0.0,expirationDay
2019-05-14,898.0,-463.0,0.0,100,283.4,288.0,0,0.0,0.0,,0.0,1,0.16,0.19,SPY190531C00295000,295.0,normalDay
2019-05-15,898.0,-301.0,0.0,100,285.06,288.0,0,0.0,0.0,,0.0,1,0.16,0.23,SPY190531C00295000,295.0,normalDay
2019-05-16,898.0,-53.0,0.0,100,287.7,288.0,0,0.0,0.0,,0.0,1,0.16,0.39,SPY190531C00295000,295.0,normalDay
2019-05-17,898.0,-217.0,0.0,100,285.84,288.0,0,0.0,0.0,,0.0,1,0.16,0.17,SPY190531C00295000,295.0,normalDay
2019-05-20,898.0,-398.0,0.0,100,283.95,288.0,0,0.0,0.0,,0.0,1,0.16,0.09,SPY190531C00295000,295.0,normalDay
2019-05-21,898.0,-144.0,0.0,100,286.51,288.0,0,0.0,0.0,,0.0,1,0.16,0.11,SPY190531C00295000,295.0,normalDay
2019-05-22,898.0,-225.0,0.0,100,285.63,288.0,0,0.0,0.0,,0.0,1,0.16,0.04,SPY190531C00295000,295.0,normalDay
2019-05-23,898.0,-572.0,0.0,100,282.14,288.0,0,0.0,0.0,,0.0,1,0.16,0.02,SPY190531C00295000,295.0,normalDay
2019-05-24,898.0,-507.0,0.0,100,282.78,288.0,0,0.0,0.0,,0.0,1,0.16,0.01,SPY190531C00295000,295.0,normalDay
2019-05-28,898.0,-770.0,0.0,100,280.15,288.0,0,0.0,0.0,,0.0,1,0.16,0.01,SPY190531C00295000,295.0,normalDay
2019-05-29,898.0,-958.0,0.0,100,278.27,288.0,0,0.0,0.0,,0.0,1,0.16,0.01,SPY190531C00295000,295.0,normalDay
2019-05-30,898.0,-882.0,0.0,100,279.03,288.0,0,0.0,0.0,,0.0,1,0.16,0.01,SPY190531C00295000,295.0,normalDay
2019-05-31,914.0,-1273.0,16.0,100,275.27,288.0,0,0.0,0.0,,0.0,1,0.16,0.0,SPY190531C00295000,295.0,expirationDay
2019-06-03,914.0,-1346.0,0.0,100,274.57,288.0,0,0.0,0.0,,0.0,1,0.07,0.1,SPY190621C00291000,291.0,normalDay
2019-06-04,914.0,-768.0,0.0,100,280.53,288.0,0,0.0,0.0,,0.0,1,0.07,0.28,SPY190621C00291000,291.0,normalDay
2019-06-05,914.0,-545.0,0.0,100,282.96,288.0,0,0.0,0.0,,0.0,1,0.07,0.48,SPY190621C00291000,291.0,normalDay
2019-06-06,914.0,-389.0,0.0,100,284.8,288.0,0,0.0,0.0,,0.0,1,0.07,0.76,SPY190621C00291000,291.0,normalDay
2019-06-07,914.0,-179.0,0.0,100,287.65,288.0,0,0.0,0.0,,0.0,1,0.07,1.51,SPY190621C00291000,291.0,normalDay
2019-06-10,914.0,-78.0,0.0,100,288.97,288.0,0,0.0,0.0,,0.0,1,0.07,1.82,SPY190621C00291000,291.0,normalDay
2019-06-11,914.0,-64.0,0.0,100,288.9,288.0,0,0.0,0.0,,0.0,1,0.07,1.61,SPY190621C00291000,291.0,normalDay
2019-06-12,914.0,-75.0,0.0,100,288.39,288.0,0,0.0,0.0,,0.0,1,0.07,1.21,SPY190621C00291000,291.0,normalDay
2019-06-13,914.0,10.0,0.0,100,289.58,288.0,0,0.0,0.0,,0.0,1,0.07,1.55,SPY190621C00291000,291.0,normalDay
2019-06-14,914.0,20.0,0.0,100,289.26,288.0,0,0.0,0.0,,0.0,1,0.07,1.13,SPY190621C00291000,291.0,normalDay
2019-06-17,914.0,55.0,0.0,100,289.37,288.0,0,0.0,0.0,,0.0,1,0.07,0.89,SPY190621C00291000,291.0,normalDay
2019-06-18,914.0,199.0,0.0,100,292.4,288.0,0,0.0,0.0,,0.0,1,0.07,2.48,SPY190621C00291000,291.0,normalDay
2019-06-19,914.0,255.0,0.0,100,293.06,288.0,0,0.0,0.0,,0.0,1,0.07,2.58,SPY190621C00291000,291.0,normalDay
2019-06-20,914.0,296.0,0.0,100,295.86,288.0,0,0.0,0.0,,0.0,1,0.07,4.97,SPY190621C00291000,291.0,normalDay
2019-06-21,1221.0,296.0,307.0,0,294.0,0.0,0,0.0,0.0,,0.0,1,0.07,0.0,SPY190621C00291000,291.0,expirationDay
2019-06-24,1221.0,-3.0,0.0,0,293.64,0.0,1,0.02,0.05,SPY190628P00279000,279.0,0,0.0,0.0,,0.0,normalDay
2019-06-25,1221.0,-4.0,0.0,0,290.76,0.0,1,0.02,0.06,SPY190628P00279000,279.0,0,0.0,0.0,,0.0,normalDay
2019-06-26,1221.0,-1.0,0.0,0,290.47,0.0,1,0.02,0.03,SPY190628P00279000,279.0,0,0.0,0.0,,0.0,normalDay
2019-06-27,1221.0,1.0,0.0,0,291.5,0.0,1,0.02,0.01,SPY190628P00279000,279.0,0,0.0,0.0,,0.0,normalDay
2019-06-28,1223.0,0.0,2.0,0,293.0,0.0,1,0.02,0.0,SPY190628P00279000,279.0,0,0.0,0.0,,0.0,expirationDay
2019-07-01,1223.0,-3.0,0.0,0,295.66,0.0,1,0.04,0.07,SPY190705P00285500,285.5,0,0.0,0.0,,0.0,normalDay
2019-07-02,1223.0,0.0,0.0,0,296.43,0.0,1,0.04,0.04,SPY190705P00285500,285.5,0,0.0,0.0,,0.0,normalDay
2019-07-03,1223.0,2.0,0.0,0,298.8,0.0,1,0.04,0.02,SPY190705P00285500,285.5,0,0.0,0.0,,0.0,normalDay
2019-07-05,1227.0,0.0,4.0,0,298.46,0.0,1,0.04,0.0,SPY190705P00285500,285.5,0,0.0,0.0,,0.0,expirationDay
2019-07-08,1227.0,-3.0,0.0,0,296.82,0.0,1,0.06,0.09,SPY190712P00289000,289.0,0,0.0,0.0,,0.0,normalDay
2019-07-09,1227.0,0.0,0.0,0,297.19,0.0,1,0.06,0.06,SPY190712P00289000,289.0,0,0.0,0.0,,0.0,normalDay
2019-07-10,1227.0,4.0,0.0,0,298.61,0.0,1,0.06,0.02,SPY190712P00289000,289.0,0,0.0,0.0,,0.0,normalDay
2019-07-11,1227.0,4.0,0.0,0,299.31,0.0,1,0.06,0.02,SPY190712P00289000,289.0,0,0.0,0.0,,0.0,normalDay
2019-07-12,1233.0,0.0,6.0,0,300.65,0.0,1,0.06,0.0,SPY190712P00289000,289.0,0,0.0,0.0,,0.0,expirationDay
2019-07-15,1233.0,-3.0,0.0,0,300.75,0.0,1,0.06,0.09,SPY190719P00291000,291.0,0,0.0,0.0,,0.0,normalDay
2019-07-16,1233.0,-1.0,0.0,0,299.78,0.0,1,0.06,0.07,SPY190719P00291000,291.0,0,0.0,0.0,,0.0,normalDay
2019-07-17,1233.0,-1.0,0.0,0,297.74,0.0,1,0.06,0.07,SPY190719P00291000,291.0,0,0.0,0.0,,0.0,normalDay
2019-07-18,1233.0,3.0,0.0,0,298.83,0.0,1,0.06,0.03,SPY190719P00291000,291.0,0,0.0,0.0,,0.0,normalDay
2019-07-19,1239.0,0.0,6.0,0,297.17,0.0,1,0.06,0.0,SPY190719P00291000,291.0,0,0.0,0.0,,0.0,expirationDay
2019-07-22,1239.0,-3.0,0.0,0,297.9,0.0,1,0.25,0.28,SPY190726P00293000,293.0,0,0.0,0.0,,0.0,normalDay
2019-07-23,1239.0,18.0,0.0,0,300.03,0.0,1,0.25,0.07,SPY190726P00293000,293.0,0,0.0,0.0,,0.0,normalDay
2019-07-24,1239.0,21.0,0.0,0,301.44,0.0,1,0.25,0.04,SPY190726P00293000,293.0,0,0.0,0.0,,0.0,normalDay
2019-07-25,1239.0,22.0,0.0,0,300.0,0.0,1,0.25,0.03,SPY190726P00293000,293.0,0,0.0,0.0,,0.0,normalDay
2019-07-26,1264.0,0.0,25.0,0,302.01,0.0,1,0.25,0.0,SPY190726P00293000,293.0,0,0.0,0.0,,0.0,expirationDay
2019-07-29,1264.0,-3.0,0.0,0,301.46,0.0,1,0.42,0.45,SPY190802P00297000,297.0,0,0.0,0.0,,0.0,normalDay
2019-07-30,1264.0,-32.0,0.0,0,300.72,0.0,1,0.42,0.74,SPY190802P00297000,297.0,0,0.0,0.0,,0.0,normalDay
2019-07-31,1264.0,-131.0,0.0,0,297.43,0.0,1,0.42,1.73,SPY190802P00297000,297.0,0,0.0,0.0,,0.0,normalDay
2019-08-01,1264.0,-200.0,0.0,0,294.84,0.0,1,0.42,2.42,SPY190802P00297000,297.0,0,0.0,0.0,,0.0,normalDay
2019-08-02,1306.0,-438.0,42.0,100,292.62,297.0,1,0.42,0.0,SPY190802P00297000,297.0,0,0.0,0.0,,0.0,expirationDay
2019-08-05,1306.0,-1321.0,0.0,100,283.82,297.0,0,0.0,0.0,,0.0,1,0.06,0.09,SPY190823C00304000,304.0,normalDay
2019-08-06,1306.0,-922.0,0.0,100,287.8,297.0,0,0.0,0.0,,0.0,1,0.06,0.08,SPY190823C00304000,304.0,normalDay
2019-08-07,1306.0,-903.0,0.0,100,287.97,297.0,0,0.0,0.0,,0.0,1,0.06,0.06,SPY190823C00304000,304.0,normalDay
2019-08-08,1306.0,-349.0,0.0,100,293.62,297.0,0,0.0,0.0,,0.0,1,0.06,0.17,SPY190823C00304000,304.0,normalDay
2019-08-09,1306.0,-540.0,0.0,100,291.62,297.0,0,0.0,0.0,,0.0,1,0.06,0.08,SPY190823C00304000,304.0,normalDay
2019-08-12,1306.0,-891.0,0.0,100,288.07,297.0,0,0.0,0.0,,0.0,1,0.06,0.04,SPY190823C00304000,304.0,normalDay
2019-08-13,1306.0,-445.0,0.0,100,292.55,297.0,0,0.0,0.0,,0.0,1,0.06,0.06,SPY190823C00304000,304.0,normalDay
2019-08-14,1306.0,-1306.0,0.0,100,283.9,297.0,0,0.0,0.0,,0.0,1,0.06,0.02,SPY190823C00304000,304.0,normalDay
2019-08-15,1306.0,-1230.0,0.0,100,284.65,297.0,0,0.0,0.0,,0.0,1,0.06,0.01,SPY190823C00304000,304.0,normalDay
2019-08-16,1306.0,-810.0,0.0,100,288.85,297.0,0,0.0,0.0,,0.0,1,0.06,0.01,SPY190823C00304000,304.0,normalDay
2019-08-19,1306.0,-462.0,0.0,100,292.33,297.0,0,0.0,0.0,,0.0,1,0.06,0.01,SPY190823C00304000,304.0,normalDay
2019-08-20,1306.0,-686.0,0.0,100,290.09,297.0,0,0.0,0.0,,0.0,1,0.06,0.01,SPY190823C00304000,304.0,normalDay
2019-08-21,1306.0,-450.0,0.0,100,292.45,297.0,0,0.0,0.0,,0.0,1,0.06,0.01,SPY190823C00304000,304.0,normalDay
2019-08-22,1306.0,-459.0,0.0,100,292.36,297.0,0,0.0,0.0,,0.0,1,0.06,0.01,SPY190823C00304000,304.0,normalDay
2019-08-23,1312.0,-1215.0,6.0,100,284.85,297.0,0,0.0,0.0,,0.0,1,0.06,0.0,SPY190823C00304000,304.0,expirationDay
2019-08-26,1312.0,-904.0,0.0,100,288.0,297.0,0,0.0,0.0,,0.0,1,0.75,0.79,SPY190913C00297000,297.0,normalDay
2019-08-27,1312.0,-996.0,0.0,100,286.87,297.0,0,0.0,0.0,,0.0,1,0.75,0.58,SPY190913C00297000,297.0,normalDay
2019-08-28,1312.0,-812.0,0.0,100,288.89,297.0,0,0.0,0.0,,0.0,1,0.75,0.76,SPY190913C00297000,297.0,normalDay
2019-08-29,1312.0,-508.0,0.0,100,292.58,297.0,0,0.0,0.0,,0.0,1,0.75,1.41,SPY190913C00297000,297.0,normalDay
2019-08-30,1312.0,-524.0,0.0,100,292.45,297.0,0,0.0,0.0,,0.0,1,0.75,1.44,SPY190913C00297000,297.0,normalDay
2019-09-03,1312.0,-614.0,0.0,100,290.74,297.0,0,0.0,0.0,,0.0,1,0.75,0.63,SPY190913C00297000,297.0,normalDay
2019-09-04,1312.0,-334.0,0.0,100,294.04,297.0,0,0.0,0.0,,0.0,1,0.75,1.13,SPY190913C00297000,297.0,normalDay
2019-09-05,1312.0,-90.0,0.0,100,297.82,297.0,0,0.0,0.0,,0.0,1,0.75,2.47,SPY190913C00297000,297.0,normalDay
2019-09-06,1312.0,-73.0,0.0,100,298.05,297.0,0,0.0,0.0,,0.0,1,0.75,2.53,SPY190913C00297000,297.0,normalDay
2019-09-09,1312.0,-19.0,0.0,100,298.2,297.0,0,0.0,0.0,,0.0,1,0.75,2.14,SPY190913C00297000,297.0,normalDay
2019-09-10,1312.0,-6.0,0.0,100,298.13,297.0,0,0.0,0.0,,0.0,1,0.75,1.94,SPY190913C00297000,297.0,normalDay
2019-09-11,1312.0,37.0,0.0,100,300.25,297.0,0,0.0,0.0,,0.0,1,0.75,3.63,SPY190913C00297000,297.0,normalDay
2019-09-12,1312.0,37.0,0.0,100,301.29,297.0,0,0.0,0.0,,0.0,1,0.75,4.67,SPY190913C00297000,297.0,normalDay
2019-09-13,1387.0,37.0,75.0,0,301.09,0.0,0,0.0,0.0,,0.0,1,0.75,0.0,SPY190913C00297000,297.0,expirationDay
2019-09-16,1387.0,-3.0,0.0,0,300.16,0.0,1,0.13,0.16,SPY190920P00288000,288.0,0,0.0,0.0,,0.0,normalDay
2019-09-17,1387.0,1.0,0.0,0,300.92,0.0,1,0.13,0.12,SPY190920P00288000,288.0,0,0.0,0.0,,0.0,normalDay
2019-09-18,1387.0,4.0,0.0,0,301.1,0.0,1,0.13,0.09,SPY190920P00288000,288.0,0,0.0,0.0,,0.0,normalDay
2019-09-19,1387.0,7.0,0.0,0,301.08,0.0,1,0.13,0.06,SPY190920P00288000,288.0,0,0.0,0.0,,0.0,normalDay
2019-09-20,1400.0,0.0,13.0,0,298.28,0.0,1,0.13,0.0,SPY190920P00288000,288.0,0,0.0,0.0,,0.0,expirationDay
2019-09-23,1400.0,-3.0,0.0,0,298.21,0.0,1,0.14,0.17,SPY190927P00290500,290.5,0,0.0,0.0,,0.0,normalDay
2019-09-24,1400.0,-31.0,0.0,0,295.87,0.0,1,0.14,0.45,SPY190927P00290500,290.5,0,0.0,0.0,,0.0,normalDay
2019-09-25,1400.0,0.0,0.0,0,297.62,0.0,1,0.14,0.14,SPY190927P00290500,290.5,0,0.0,0.0,,0.0,normalDay
2019-09-26,1400.0,10.0,0.0,0,297.0,0.0,1,0.14,0.04,SPY190927P00290500,290.5,0,0.0,0.0,,0.0,normalDay
2019-09-27,1414.0,0.0,14.0,0,295.4,0.0,1,0.14,0.0,SPY190927P00290500,290.5,0,0.0,0.0,,0.0,expirationDay
2019-09-30,1414.0,-3.0,0.0,0,296.77,0.0,1,0.99,1.02,SPY191004P00295000,295.0,0,0.0,0.0,,0.0,normalDay
2019-10-01,1414.0,-178.0,0.0,0,293.24,0.0,1,0.99,2.77,SPY191004P00295000,295.0,0,0.0,0.0,,0.0,normalDay
2019-10-02,1414.0,-663.0,0.0,0,288.06,0.0,1,0.99,7.62,SPY191004P00295000,295.0,0,0.0,0.0,,0.0,normalDay
2019-10-03,1414.0,-370.0,0.0,0,290.42,0.0,1,0.99,4.69,SPY191004P00295000,295.0,0,0.0,0.0,,0.0,normalDay
2019-10-04,1513.0,-65.0,99.0,100,294.35,295.0,1,0.99,0.0,SPY191004P00295000,295.0,0,0.0,0.0,,0.0,expirationDay
2019-10-07,1513.0,-196.0,0.0,100,293.08,295.0,0,0.0,0.0,,0.0,1,0.34,0.38,SPY191025C00303000,303.0,normalDay
2019-10-08,1513.0,-628.0,0.0,100,288.53,295.0,0,0.0,0.0,,0.0,1,0.34,0.15,SPY191025C00303000,303.0,normalDay
2019-10-09,1513.0,-359.0,0.0,100,291.27,295.0,0,0.0,0.0,,0.0,1,0.34,0.2,SPY191025C00303000,303.0,normalDay
2019-10-10,1513.0,-178.0,0.0,100,293.24,295.0,0,0.0,0.0,,0.0,1,0.34,0.36,SPY191025C00303000,303.0,normalDay
2019-10-11,1513.0,100.0,0.0,100,296.28,295.0,0,0.0,0.0,,0.0,1,0.34,0.62,SPY191025C00303000,303.0,normalDay
2019-10-14,1513.0,109.0,0.0,100,295.95,295.0,0,0.0,0.0,,0.0,1,0.34,0.2,SPY191025C00303000,303.0,normalDay
2019-10-15,1513.0,369.0,0.0,100,298.88,295.0,0,0.0,0.0,,0.0,1,0.34,0.53,SPY191025C00303000,303.0,normalDay
2019-10-16,1513.0,341.0,0.0,100,298.4,295.0,0,0.0,0.0,,0.0,1,0.34,0.33,SPY191025C00303000,303.0,normalDay
2019-10-17,1513.0,428.0,0.0,100,299.28,295.0,0,0.0,0.0,,0.0,1,0.34,0.34,SPY191025C00303000,303.0,normalDay
2019-10-18,1513.0,314.0,0.0,100,297.97,295.0,0,0.0,0.0,,0.0,1,0.34,0.17,SPY191025C00303000,303.0,normalDay
2019-10-21,1513.0,503.0,0.0,100,299.99,295.0,0,0.0,0.0,,0.0,1,0.34,0.3,SPY191025C00303000,303.0,normalDay
2019-10-22,1513.0,424.0,0.0,100,299.01,295.0,0,0.0,0.0,,0.0,1,0.34,0.11,SPY191025C00303000,303.0,normalDay
2019-10-23,1513.0,512.0,0.0,100,299.88,295.0,0,0.0,0.0,,0.0,1,0.34,0.1,SPY191025C00303000,303.0,normalDay
2019-10-24,1513.0,567.0,0.0,100,300.37,295.0,0,0.0,0.0,,0.0,1,0.34,0.04,SPY191025C00303000,303.0,normalDay
2019-10-25,1547.0,660.0,34.0,100,301.6,295.0,0,0.0,0.0,,0.0,1,0.34,0.0,SPY191025C00303000,303.0,expirationDay
2019-10-28,1547.0,825.0,0.0,100,303.3,295.0,0,0.0,0.0,,0.0,1,3.07,3.12,SPY191115C00303000,303.0,normalDay
2019-10-29,1547.0,828.0,0.0,100,303.21,295.0,0,0.0,0.0,,0.0,1,3.07,3.0,SPY191115C00303000,303.0,normalDay
2019-10-30,1547.0,871.0,0.0,100,304.14,295.0,0,0.0,0.0,,0.0,1,3.07,3.5,SPY191115C00303000,303.0,normalDay
2019-10-31,1547.0,855.0,0.0,100,303.33,295.0,0,0.0,0.0,,0.0,1,3.07,2.85,SPY191115C00303000,303.0,normalDay
2019-11-01,1547.0,972.0,0.0,100,306.14,295.0,0,0.0,0.0,,0.0,1,3.07,4.49,SPY191115C00303000,303.0,normalDay
2019-11-04,1547.0,1012.0,0.0,100,307.37,295.0,0,0.0,0.0,,0.0,1,3.07,5.32,SPY191115C00303000,303.0,normalDay
2019-11-05,1547.0,1008.0,0.0,100,307.03,295.0,0,0.0,0.0,,0.0,1,3.07,5.02,SPY191115C00303000,303.0,normalDay
2019-11-06,1547.0,1016.0,0.0,100,307.1,295.0,0,0.0,0.0,,0.0,1,3.07,5.01,SPY191115C00303000,303.0,normalDay
2019-11-07,1547.0,1049.0,0.0,100,308.18,295.0,0,0.0,0.0,,0.0,1,3.07,5.76,SPY191115C00303000,303.0,normalDay
2019-11-08,1547.0,1069.0,0.0,100,308.94,295.0,0,0.0,0.0,,0.0,1,3.07,6.32,SPY191115C00303000,303.0,normalDay
2019-11-11,1547.0,1065.0,0.0,100,308.35,295.0,0,0.0,0.0,,0.0,1,3.07,5.77,SPY191115C00303000,303.0,normalDay
2019-11-12,1547.0,1108.0,0.0,100,309.0,295.0,0,0.0,0.0,,0.0,1,3.07,5.99,SPY191115C00303000,303.0,normalDay
2019-11-13,1547.0,1089.0,0.0,100,309.1,295.0,0,0.0,0.0,,0.0,1,3.07,6.28,SPY191115C00303000,303.0,normalDay
2019-11-14,1547.0,1093.0,0.0,100,309.55,295.0,0,0.0,0.0,,0.0,1,3.07,6.69,SPY191115C00303000,303.0,normalDay
2019-11-15,2654.0,1093.0,1107.0,0,311.79,0.0,0,0.0,0.0,,0.0,1,3.07,0.0,SPY191115C00303000,303.0,expirationDay
2019-11-18,2654.0,-3.0,0.0,0,312.02,0.0,1,0.03,0.06,SPY191122P00301500,301.5,0,0.0,0.0,,0.0,normalDay
2019-11-19,2654.0,-2.0,0.0,0,311.93,0.0,1,0.03,0.05,SPY191122P00301500,301.5,0,0.0,0.0,,0.0,normalDay
2019-11-20,2654.0,-3.0,0.0,0,310.77,0.0,1,0.03,0.06,SPY191122P00301500,301.5,0,0.0,0.0,,0.0,normalDay
2019-11-21,2654.0,1.0,0.0,0,310.27,0.0,1,0.03,0.02,SPY191122P00301500,301.5,0,0.0,0.0,,0.0,normalDay
2019-11-22,2657.0,0.0,3.0,0,310.96,0.0,1,0.03,0.0,SPY191122P00301500,301.5,0,0.0,0.0,,0.0,expirationDay
2019-11-25,2657.0,-3.0,0.0,0,313.37,0.0,1,0.04,0.07,SPY191129P00305000,305.0,0,0.0,0.0,,0.0,normalDay
2019-11-26,2657.0,-1.0,0.0,0,314.08,0.0,1,0.04,0.05,SPY191129P00305000,305.0,0,0.0,0.0,,0.0,normalDay
2019-11-27,2657.0,2.0,0.0,0,315.48,0.0,1,0.04,0.02,SPY191129P00305000,305.0,0,0.0,0.0,,0.0,normalDay
2019-11-29,2661.0,0.0,4.0,0,314.31,0.0,1,0.04,0.0,SPY191129P00305000,305.0,0,0.0,0.0,,0.0,expirationDay
2019-12-02,2661.0,-3.0,0.0,0,311.64,0.0,1,0.64,0.67,SPY191206P00307500,307.5,0,0.0,0.0,,0.0,normalDay
2019-12-03,2661.0,-46.0,0.0,0,309.55,0.0,1,0.64,1.1,SPY191206P00307500,307.5,0,0.0,0.0,,0.0,normalDay
2019-12-04,2661.0,26.0,0.0,0,311.46,0.0,1,0.64,0.38,SPY191206P00307500,307.5,0,0.0,0.0,,0.0,normalDay
2019-12-05,2661.0,55.0,0.0,0,312.02,0.0,1,0.64,0.09,SPY191206P00307500,307.5,0,0.0,0.0,,0.0,normalDay
2019-12-06,2725.0,0.0,64.0,0,314.87,0.0,1,0.64,0.0,SPY191206P00307500,307.5,0,0.0,0.0,,0.0,expirationDay
2019-12-09,2725.0,-3.0,0.0,0,313.88,0.0,1,0.58,0.61,SPY191213P00309000,309.0,0,0.0,0.0,,0.0,normalDay
2019-12-10,2725.0,18.0,0.0,0,313.53,0.0,1,0.58,0.4,SPY191213P00309000,309.0,0,0.0,0.0,,0.0,normalDay
2019-12-11,2725.0,42.0,0.0,0,314.42,0.0,1,0.58,0.16,SPY191213P00309000,309.0,0,0.0,0.0,,0.0,normalDay
2019-12-12,2725.0,52.0,0.0,0,317.13,0.0,1,0.58,0.06,SPY191213P00309000,309.0,0,0.0,0.0,,0.0,normalDay
2019-12-13,2783.0,0.0,58.0,0,317.32,0.0,1,0.58,0.0,SPY191213P00309000,309.0,0,0.0,0.0,,0.0,expirationDay
2019-12-16,2783.0,-3.0,0.0,0,319.5,0.0,1,0.17,0.2,SPY191220P00310500,310.5,0,0.0,0.0,,0.0,normalDay
2019-12-17,2783.0,6.0,0.0,0,319.57,0.0,1,0.17,0.11,SPY191220P00310500,310.5,0,0.0,0.0,,0.0,normalDay
2019-12-18,2783.0,11.0,0.0,0,319.59,0.0,1,0.17,0.06,SPY191220P00310500,310.5,0,0.0,0.0,,0.0,normalDay
2019-12-19,2783.0,13.0,0.0,0,320.9,0.0,1,0.17,0.04,SPY191220P00310500,310.5,0,0.0,0.0,,0.0,normalDay
2019-12-20,2800.0,0.0,17.0,0,320.73,0.0,1,0.17,0.0,SPY191220P00310500,310.5,0,0.0,0.0,,0.0,expirationDay
2019-12-23,2800.0,-3.0,0.0,0,321.22,0.0,1,0.01,0.04,SPY191227P00311500,311.5,0,0.0,0.0,,0.0,normalDay
2019-12-24,2800.0,-1.0,0.0,0,321.23,0.0,1,0.01,0.02,SPY191227P00311500,311.5,0,0.0,0.0,,0.0,normalDay
2019-12-26,2800.0,0.0,0.0,0,322.94,0.0,1,0.01,0.01,SPY191227P00311500,311.5,0,0.0,0.0,,0.0,normalDay
2019-12-27,2801.0,0.0,1.0,0,322.86,0.0,1,0.01,0.0,SPY191227P00311500,311.5,0,0.0,0.0,,0.0,expirationDay
2019-12-30,2801.0,-3.0,0.0,0,321.08,0.0,1,0.11,0.14,SPY200103P00312000,312.0,0,0.0,0.0,,0.0,normalDay
2019-12-31,2801.0,0.0,0.0,0,321.86,0.0,1,0.11,0.11,SPY200103P00312000,312.0,0,0.0,0.0,,0.0,normalDay
2020-01-02,2801.0,10.0,0.0,0,324.87,0.0,1,0.11,0.01,SPY200103P00312000,312.0,0,0.0,0.0,,0.0,normalDay
2020-01-03,2812.0,0.0,11.0,0,322.41,0.0,1,0.11,0.0,SPY200103P00312000,312.0,0,0.0,0.0,,0.0,expirationDay
2020-01-06,2812.0,-3.0,0.0,0,323.64,0.0,1,0.13,0.16,SPY200110P00316000,316.0,0,0.0,0.0,,0.0,normalDay
2020-01-07,2812.0,-3.0,0.0,0,322.73,0.0,1,0.13,0.16,SPY200110P00316000,316.0,0,0.0,0.0,,0.0,normalDay
2020-01-08,2812.0,2.0,0.0,0,324.45,0.0,1,0.13,0.11,SPY200110P00316000,316.0,0,0.0,0.0,,0.0,normalDay
2020-01-09,2812.0,11.0,0.0,0,326.65,0.0,1,0.13,0.02,SPY200110P00316000,316.0,0,0.0,0.0,,0.0,normalDay
2020-01-10,2825.0,0.0,13.0,0,325.71,0.0,1,0.13,0.0,SPY200110P00316000,316.0,0,0.0,0.0,,0.0,expirationDay
2020-01-13,2825.0,-3.0,0.0,0,327.95,0.0,1,0.06,0.09,SPY200117P00319000,319.0,0,0.0,0.0,,0.0,normalDay
2020-01-14,2825.0,-3.0,0.0,0,327.45,0.0,1,0.06,0.09,SPY200117P00319000,319.0,0,0.0,0.0,,0.0,normalDay
2020-01-15,2825.0,1.0,0.0,0,328.19,0.0,1,0.06,0.05,SPY200117P00319000,319.0,0,0.0,0.0,,0.0,normalDay
2020-01-16,2825.0,4.0,0.0,0,330.92,0.0,1,0.06,0.02,SPY200117P00319000,319.0,0,0.0,0.0,,0.0,normalDay
2020-01-17,2831.0,0.0,6.0,0,331.95,0.0,1,0.06,0.0,SPY200117P00319000,319.0,0,0.0,0.0,,0.0,expirationDay
2020-01-21,2831.0,-3.0,0.0,0,331.3,0.0,1,0.07,0.1,SPY200127P00321000,321.0,0,0.0,0.0,,0.0,normalDay
2020-01-22,2831.0,2.0,0.0,0,331.34,0.0,1,0.07,0.05,SPY200127P00321000,321.0,0,0.0,0.0,,0.0,normalDay
2020-01-23,2831.0,2.0,0.0,0,331.72,0.0,1,0.07,0.05,SPY200127P00321000,321.0,0,0.0,0.0,,0.0,normalDay
2020-01-24,2831.0,-3.0,0.0,0,328.77,0.0,1,0.07,0.1,SPY200127P00321000,321.0,0,0.0,0.0,,0.0,normalDay
2020-01-27,2838.0,0.0,7.0,0,323.5,0.0,1,0.07,0.0,SPY200127P00321000,321.0,0,0.0,0.0,,0.0,expirationDay
2020-01-28,2838.0,-4.0,0.0,0,326.89,0.0,1,1.02,1.06,SPY200203P00322000,322.0,0,0.0,0.0,,0.0,normalDay
2020-01-29,2838.0,23.0,0.0,0,326.62,0.0,1,1.02,0.79,SPY200203P00322000,322.0,0,0.0,0.0,,0.0,normalDay
2020-01-30,2838.0,74.0,0.0,0,327.68,0.0,1,1.02,0.28,SPY200203P00322000,322.0,0,0.0,0.0,,0.0,normalDay
2020-01-31,2838.0,-97.0,0.0,0,321.73,0.0,1,1.02,1.99,SPY200203P00322000,322.0,0,0.0,0.0,,0.0,normalDay
2020-02-03,2940.0,0.0,102.0,0,324.12,0.0,1,1.02,0.0,SPY200203P00322000,322.0,0,0.0,0.0,,0.0,expirationDay
2020-02-04,2940.0,-4.0,0.0,0,329.06,0.0,1,0.78,0.82,SPY200210P00324000,324.0,0,0.0,0.0,,0.0,normalDay
2020-02-05,2940.0,61.0,0.0,0,332.86,0.0,1,0.78,0.17,SPY200210P00324000,324.0,0,0.0,0.0,,0.0,normalDay
2020-02-06,2940.0,71.0,0.0,0,333.98,0.0,1,0.78,0.07,SPY200210P00324000,324.0,0,0.0,0.0,,0.0,normalDay
2020-02-07,2940.0,72.0,0.0,0,332.2,0.0,1,0.78,0.06,SPY200210P00324000,324.0,0,0.0,0.0,,0.0,normalDay
2020-02-10,3018.0,0.0,78.0,0,334.68,0.0,1,0.78,0.0,SPY200210P00324000,324.0,0,0.0,0.0,,0.0,expirationDay
2020-02-11,3018.0,-3.0,0.0,0,335.26,0.0,1,0.07,0.1,SPY200214P00325000,325.0,0,0.0,0.0,,0.0,normalDay
2020-02-12,3018.0,4.0,0.0,0,337.42,0.0,1,0.07,0.03,SPY200214P00325000,325.0,0,0.0,0.0,,0.0,normalDay
2020-02-13,3018.0,5.0,0.0,0,337.06,0.0,1,0.07,0.02,SPY200214P00325000,325.0,0,0.0,0.0,,0.0,normalDay
2020-02-14,3025.0,0.0,7.0,0,337.6,0.0,1,0.07,0.0,SPY200214P00325000,325.0,0,0.0,0.0,,0.0,expirationDay
2020-02-18,3025.0,-3.0,0.0,0,336.73,0.0,1,0.1,0.13,SPY200224P00325000,325.0,0,0.0,0.0,,0.0,normalDay
2020-02-19,3025.0,4.0,0.0,0,338.34,0.0,1,0.1,0.06,SPY200224P00325000,325.0,0,0.0,0.0,,0.0,normalDay
2020-02-20,3025.0,5.0,0.0,0,336.95,0.0,1,0.1,0.05,SPY200224P00325000,325.0,0,0.0,0.0,,0.0,normalDay
2020-02-21,3025.0,4.0,0.0,0,333.48,0.0,1,0.1,0.06,SPY200224P00325000,325.0,0,0.0,0.0,,0.0,normalDay
2020-02-24,3035.0,-258.0,10.0,100,322.42,325.0,1,0.1,0.0,SPY200224P00325000,325.0,0,0.0,0.0,,0.0,expirationDay
2020-02-25,3035.0,-1239.0,0.0,100,312.65,325.0,0,0.0,0.0,,0.0,1,0.06,0.1,SPY200313C00341000,341.0,normalDay
2020-02-26,3035.0,-1352.0,0.0,100,311.5,325.0,0,0.0,0.0,,0.0,1,0.06,0.08,SPY200313C00341000,341.0,normalDay
2020-02-27,3035.0,-2748.0,0.0,100,297.51,325.0,0,0.0,0.0,,0.0,1,0.06,0.05,SPY200313C00341000,341.0,normalDay
2020-02-28,3035.0,-2876.0,0.0,100,296.26,325.0,0,0.0,0.0,,0.0,1,0.06,0.08,SPY200313C00341000,341.0,normalDay
2020-03-02,3035.0,-1590.0,0.0,100,309.09,325.0,0,0.0,0.0,,0.0,1,0.06,0.05,SPY200313C00341000,341.0,normalDay
2020-03-03,3035.0,-2474.0,0.0,100,300.24,325.0,0,0.0,0.0,,0.0,1,0.06,0.04,SPY200313C00341000,341.0,normalDay
2020-03-04,3035.0,-1213.0,0.0,100,312.86,325.0,0,0.0,0.0,,0.0,1,0.06,0.05,SPY200313C00341000,341.0,normalDay
2020-03-05,3035.0,-2251.0,0.0,100,302.46,325.0,0,0.0,0.0,,0.0,1,0.06,0.03,SPY200313C00341000,341.0,normalDay
2020-03-06,3035.0,-2750.0,0.0,100,297.46,325.0,0,0.0,0.0,,0.0,1,0.06,0.02,SPY200313C00341000,341.0,normalDay
2020-03-09,3035.0,-5073.0,0.0,100,274.23,325.0,0,0.0,0.0,,0.0,1,0.06,0.02,SPY200313C00341000,341.0,normalDay
2020-03-10,3035.0,-3653.0,0.0,100,288.42,325.0,0,0.0,0.0,,0.0,1,0.06,0.01,SPY200313C00341000,341.0,normalDay
2020-03-11,3035.0,-5059.0,0.0,100,274.36,325.0,0,0.0,0.0,,0.0,1,0.06,0.01,SPY200313C00341000,341.0,normalDay
2020-03-12,3035.0,-7684.0,0.0,100,248.11,325.0,0,0.0,0.0,,0.0,1,0.06,0.01,SPY200313C00341000,341.0,normalDay
2020-03-13,3041.0,-5568.0,6.0,100,269.32,325.0,0,0.0,0.0,,0.0,1,0.06,0.0,SPY200313C00341000,341.0,expirationDay
2020-03-16,3041.0,-8515.0,0.0,100,239.85,325.0,0,0.0,0.0,,0.0,0,0.0,0.0,,0.0,bidTooLow
2020-03-17,3041.0,-7220.0,0.0,100,252.8,325.0,0,0.0,0.0,,0.0,0,0.0,0.0,,0.0,bidTooLow
2020-03-18,3041.0,-8500.0,0.0,100,240.0,325.0,0,0.0,0.0,,0.0,0,0.0,0.0,,0.0,bidTooLow
2020-03-19,3041.0,-8449.0,0.0,100,240.51,325.0,0,0.0,0.0,,0.0,0,0.0,0.0,,0.0,bidTooLow
2020-03-20,3041.0,-9620.0,0.0,100,228.8,325.0,0,0.0,0.0,,0.0,0,0.0,0.0,,0.0,bidTooLow
2020-03-23,3041.0,-10210.0,0.0,100,222.95,325.0,0,0.0,0.0,,0.0,1,0.01,0.06,SPY200409C00322500,322.5,normalDay
2020-03-24,3041.0,-8196.0,0.0,100,243.15,325.0,0,0.0,0.0,,0.0,1,0.01,0.12,SPY200409C00322500,322.5,normalDay
2020-03-25,3041.0,-7829.0,0.0,100,246.79,325.0,0,0.0,0.0,,0.0,1,0.01,0.09,SPY200409C00322500,322.5,normalDay
2020-03-26,3041.0,-6389.0,0.0,100,261.2,325.0,0,0.0,0.0,,0.0,1,0.01,0.1,SPY200409C00322500,322.5,normalDay
2020-03-27,3041.0,-7163.0,0.0,100,253.42,325.0,0,0.0,0.0,,0.0,1,0.01,0.06,SPY200409C00322500,322.5,normalDay
2020-03-30,3041.0,-6338.0,0.0,100,261.65,325.0,0,0.0,0.0,,0.0,1,0.01,0.04,SPY200409C00322500,322.5,normalDay
2020-03-31,3041.0,-6726.0,0.0,100,257.75,325.0,0,0.0,0.0,,0.0,1,0.01,0.02,SPY200409C00322500,322.5,normalDay
2020-04-01,3041.0,-7885.0,0.0,100,246.15,325.0,0,0.0,0.0,,0.0,1,0.01,0.01,SPY200409C00322500,322.5,normalDay
2020-04-02,3041.0,-7317.0,0.0,100,251.83,325.0,0,0.0,0.0,,0.0,1,0.01,0.01,SPY200409C00322500,322.5,normalDay
2020-04-03,3041.0,-7681.0,0.0,100,248.19,325.0,0,0.0,0.0,,0.0,1,0.01,0.01,SPY200409C00322500,322.5,normalDay
2020-04-06,3041.0,-6014.0,0.0,100,264.86,325.0,0,0.0,0.0,,0.0,1,0.01,0.01,SPY200409C00322500,322.5,normalDay
2020-04-07,3041.0,-5987.0,0.0,100,265.13,325.0,0,0.0,0.0,,0.0,1,0.01,0.01,SPY200409C00322500,322.5,normalDay
2020-04-08,3041.0,-5097.0,0.0,100,274.03,325.0,0,0.0,0.0,,0.0,1,0.01,0.01,SPY200409C00322500,322.5,normalDay
2020-04-09,3042.0,-4680.0,1.0,100,278.2,325.0,0,0.0,0.0,,0.0,1,0.01,0.0,SPY200409C00322500,322.5,expirationDay
2020-04-13,3042.0,-4945.0,0.0,100,275.66,325.0,0,0.0,0.0,,0.0,1,9.74,9.85,SPY200501C00275000,275.0,normalDay
2020-04-14,3042.0,-4601.0,0.0,100,283.79,325.0,0,0.0,0.0,,0.0,1,9.74,14.54,SPY200501C00275000,275.0,normalDay
2020-04-15,3042.0,-4790.0,0.0,100,277.76,325.0,0,0.0,0.0,,0.0,1,9.74,10.4,SPY200501C00275000,275.0,normalDay
2020-04-16,3042.0,-4707.0,0.0,100,279.1,325.0,0,0.0,0.0,,0.0,1,9.74,10.91,SPY200501C00275000,275.0,normalDay
2020-04-17,3042.0,-4444.0,0.0,100,286.64,325.0,0,0.0,0.0,,0.0,1,9.74,15.82,SPY200501C00275000,275.0,normalDay
2020-04-20,3042.0,-4571.0,0.0,100,281.59,325.0,0,0.0,0.0,,0.0,1,9.74,12.04,SPY200501C00275000,275.0,normalDay
2020-04-21,3042.0,-4913.0,0.0,100,273.04,325.0,0,0.0,0.0,,0.0,1,9.74,6.91,SPY200501C00275000,275.0,normalDay
2020-04-22,3042.0,-4503.0,0.0,100,279.1,325.0,0,0.0,0.0,,0.0,1,9.74,8.87,SPY200501C00275000,275.0,normalDay
2020-04-23,3042.0,-4450.0,0.0,100,279.08,325.0,0,0.0,0.0,,0.0,1,9.74,8.32,SPY200501C00275000,275.0,normalDay
2020-04-24,3042.0,-4218.0,0.0,100,282.97,325.0,0,0.0,0.0,,0.0,1,9.74,9.89,SPY200501C00275000,275.0,normalDay
2020-04-27,3042.0,-4097.0,0.0,100,287.05,325.0,0,0.0,0.0,,0.0,1,9.74,12.76,SPY200501C00275000,275.0,normalDay
2020-04-28,3042.0,-4127.0,0.0,100,285.73,325.0,0,0.0,0.0,,0.0,1,9.74,11.74,SPY200501C00275000,275.0,normalDay
2020-04-29,3042.0,-4048.0,0.0,100,293.21,325.0,0,0.0,0.0,,0.0,1,9.74,18.43,SPY200501C00275000,275.0,normalDay
2020-04-30,3042.0,-3932.0,0.0,100,290.48,325.0,0,0.0,0.0,,0.0,1,9.74,14.54,SPY200501C00275000,275.0,normalDay
2020-05-01,-984.0,-3932.0,-4026.0,0,282.79,0.0,0,0.0,0.0,,0.0,1,9.74,0.0,SPY200501C00275000,275.0,expirationDay
2020-05-04,-984.0,-3.0,0.0,0,283.57,0.0,1,0.84,0.87,SPY200508P00271000,271.0,0,0.0,0.0,,0.0,normalDay
2020-05-05,-984.0,49.0,0.0,0,286.19,0.0,1,0.84,0.35,SPY200508P00271000,271.0,0,0.0,0.0,,0.0,normalDay
2020-05-06,-984.0,64.0,0.0,0,284.25,0.0,1,0.84,0.2,SPY200508P00271000,271.0,0,0.0,0.0,,0.0,normalDay
2020-05-07,-984.0,81.0,0.0,0,287.68,0.0,1,0.84,0.03,SPY200508P00271000,271.0,0,0.0,0.0,,0.0,normalDay
2020-05-08,-900.0,0.0,84.0,0,292.44,0.0,1,0.84,0.0,SPY200508P00271000,271.0,0,0.0,0.0,,0.0,expirationDay
2020-05-11,-900.0,-3.0,0.0,0,292.5,0.0,1,0.31,0.34,SPY200515P00278000,278.0,0,0.0,0.0,,0.0,normalDay
2020-05-12,-900.0,-83.0,0.0,0,286.67,0.0,1,0.31,1.14,SPY200515P00278000,278.0,0,0.0,0.0,,0.0,normalDay
2020-05-13,-900.0,-112.0,0.0,0,281.6,0.0,1,0.31,1.43,SPY200515P00278000,278.0,0,0.0,0.0,,0.0,normalDay
2020-05-14,-900.0,7.0,0.0,0,284.97,0.0,1,0.31,0.24,SPY200515P00278000,278.0,0,0.0,0.0,,0.0,normalDay
2020-05-15,-869.0,0.0,31.0,0,286.28,0.0,1,0.31,0.0,SPY200515P00278000,278.0,0,0.0,0.0,,0.0,expirationDay
2020-05-18,-869.0,-3.0,0.0,0,295.0,0.0,1,0.33,0.36,SPY200522P00279000,279.0,0,0.0,0.0,,0.0,normalDay
2020-05-19,-869.0,2.0,0.0,0,291.97,0.0,1,0.33,0.31,SPY200522P00279000,279.0,0,0.0,0.0,,0.0,normalDay
2020-05-20,-869.0,29.0,0.0,0,296.93,0.0,1,0.33,0.04,SPY200522P00279000,279.0,0,0.0,0.0,,0.0,normalDay
2020-05-21,-869.0,31.0,0.0,0,294.88,0.0,1,0.33,0.02,SPY200522P00279000,279.0,0,0.0,0.0,,0.0,normalDay
2020-05-22,-836.0,0.0,33.0,0,295.44,0.0,1,0.33,0.0,SPY200522P00279000,279.0,0,0.0,0.0,,0.0,expirationDay
2020-05-26,-836.0,-4.0,0.0,0,299.08,0.0,1,0.27,0.31,SPY200601P00283000,283.0,0,0.0,0.0,,0.0,normalDay
2020-05-27,-836.0,15.0,0.0,0,303.53,0.0,1,0.27,0.12,SPY200601P00283000,283.0,0,0.0,0.0,,0.0,normalDay
2020-05-28,-836.0,18.0,0.0,0,302.97,0.0,1,0.27,0.09,SPY200601P00283000,283.0,0,0.0,0.0,,0.0,normalDay
2020-05-29,-836.0,25.0,0.0,0,304.32,0.0,1,0.27,0.02,SPY200601P00283000,283.0,0,0.0,0.0,,0.0,normalDay
2020-06-01,-809.0,0.0,27.0,0,305.55,0.0,1,0.27,0.0,SPY200601P00283000,283.0,0,0.0,0.0,,0.0,expirationDay
2020-06-02,-809.0,-3.0,0.0,0,308.08,0.0,1,0.07,0.1,SPY200608P00284000,284.0,0,0.0,0.0,,0.0,normalDay
2020-06-03,-809.0,1.0,0.0,0,312.18,0.0,1,0.07,0.06,SPY200608P00284000,284.0,0,0.0,0.0,,0.0,normalDay
2020-06-04,-809.0,4.0,0.0,0,311.36,0.0,1,0.07,0.03,SPY200608P00284000,284.0,0,0.0,0.0,,0.0,normalDay
2020-06-05,-809.0,6.0,0.0,0,319.34,0.0,1,0.07,0.01,SPY200608P00284000,284.0,0,0.0,0.0,,0.0,normalDay
2020-06-08,-802.0,0.0,7.0,0,323.2,0.0,1,0.07,0.0,SPY200608P00284000,284.0,0,0.0,0.0,,0.0,expirationDay
2020-06-09,-802.0,-3.0,0.0,0,320.79,0.0,1,0.06,0.09,SPY200615P00287000,287.0,0,0.0,0.0,,0.0,normalDay
2020-06-10,-802.0,0.0,0.0,0,319.0,0.0,1,0.06,0.06,SPY200615P00287000,287.0,0,0.0,0.0,,0.0,normalDay
2020-06-11,-802.0,-118.0,0.0,0,300.61,0.0,1,0.06,1.24,SPY200615P00287000,287.0,0,0.0,0.0,,0.0,normalDay
2020-06-12,-802.0,-18.0,0.0,0,304.21,0.0,1,0.06,0.24,SPY200615P00287000,287.0,0,0.0,0.0,,0.0,normalDay
2020-06-15,-796.0,0.0,6.0,0,307.05,0.0,1,0.06,0.0,SPY200615P00287000,287.0,0,0.0,0.0,,0.0,expirationDay
2020-06-16,-796.0,-4.0,0.0,0,312.96,0.0,1,1.14,1.18,SPY200622P00296000,296.0,0,0.0,0.0,,0.0,normalDay
2020-06-17,-796.0,47.0,0.0,0,311.66,0.0,1,1.14,0.67,SPY200622P00296000,296.0,0,0.0,0.0,,0.0,normalDay
2020-06-18,-796.0,78.0,0.0,0,311.78,0.0,1,1.14,0.36,SPY200622P00296000,296.0,0,0.0,0.0,,0.0,normalDay
2020-06-19,-796.0,81.0,0.0,0,308.64,0.0,1,1.14,0.33,SPY200622P00296000,296.0,0,0.0,0.0,,0.0,normalDay
2020-06-22,-682.0,0.0,114.0,0,310.62,0.0,1,1.14,0.0,SPY200622P00296000,296.0,0,0.0,0.0,,0.0,expirationDay
2020-06-23,-682.0,-4.0,0.0,0,312.05,0.0,1,1.42,1.46,SPY200629P00303000,303.0,0,0.0,0.0,,0.0,normalDay
2020-06-24,-682.0,-196.0,0.0,0,304.09,0.0,1,1.42,3.38,SPY200629P00303000,303.0,0,0.0,0.0,,0.0,normalDay
2020-06-25,-682.0,-3.0,0.0,0,307.35,0.0,1,1.42,1.45,SPY200629P00303000,303.0,0,0.0,0.0,,0.0,normalDay
2020-06-26,-682.0,-190.0,0.0,0,300.05,0.0,1,1.42,3.32,SPY200629P00303000,303.0,0,0.0,0.0,,0.0,normalDay
2020-06-29,-540.0,0.0,142.0,0,304.46,0.0,1,1.42,0.0,SPY200629P00303000,303.0,0,0.0,0.0,,0.0,expirationDay
2020-06-30,-540.0,-6.0,0.0,0,308.36,0.0,1,1.78,1.84,SPY200706P00303000,303.0,0,0.0,0.0,,0.0,normalDay
2020-07-01,-540.0,102.0,0.0,0,310.52,0.0,1,1.78,0.76,SPY200706P00303000,303.0,0,0.0,0.0,,0.0,normalDay
2020-07-02,-540.0,163.0,0.0,0,312.23,0.0,1,1.78,0.15,SPY200706P00303000,303.0,0,0.0,0.0,,0.0,normalDay
2020-07-06,-362.0,0.0,178.0,0,317.05,0.0,1,1.78,0.0,SPY200706P00303000,303.0,0,0.0,0.0,,0.0,expirationDay
2020-07-07,-362.0,-4.0,0.0,0,313.78,0.0,1,0.84,0.88,SPY200713P00303000,303.0,0,0.0,0.0,,0.0,normalDay
2020-07-08,-362.0,55.0,0.0,0,316.18,0.0,1,0.84,0.29,SPY200713P00303000,303.0,0,0.0,0.0,,0.0,normalDay
2020-07-09,-362.0,56.0,0.0,0,314.38,0.0,1,0.84,0.28,SPY200713P00303000,303.0,0,0.0,0.0,,0.0,normalDay
2020-07-10,-362.0,81.0,0.0,0,317.59,0.0,1,0.84,0.03,SPY200713P00303000,303.0,0,0.0,0.0,,0.0,normalDay
2020-07-13,-278.0,0.0,84.0,0,314.84,0.0,1,0.84,0.0,SPY200713P00303000,303.0,0,0.0,0.0,,0.0,expirationDay
2020-07-14,-278.0,-5.0,0.0,0,318.92,0.0,1,0.81,0.86,SPY200720P00306000,306.0,0,0.0,0.0,,0.0,normalDay
2020-07-15,-278.0,54.0,0.0,0,321.85,0.0,1,0.81,0.27,SPY200720P00306000,306.0,0,0.0,0.0,,0.0,normalDay
2020-07-16,-278.0,58.0,0.0,0,320.79,0.0,1,0.81,0.23,SPY200720P00306000,306.0,0,0.0,0.0,,0.0,normalDay
2020-07-17,-278.0,78.0,0.0,0,321.72,0.0,1,0.81,0.03,SPY200720P00306000,306.0,0,0.0,0.0,,0.0,normalDay
2020-07-20,-197.0,0.0,81.0,0,324.32,0.0,1,0.81,0.0,SPY200720P00306000,306.0,0,0.0,0.0,,0.0,expirationDay
2020-07-21,-197.0,-3.0,0.0,0,325.01,0.0,1,0.11,0.14,SPY200727P00306000,306.0,0,0.0,0.0,,0.0,normalDay
2020-07-22,-197.0,4.0,0.0,0,326.86,0.0,1,0.11,0.07,SPY200727P00306000,306.0,0,0.0,0.0,,0.0,normalDay
2020-07-23,-197.0,1.0,0.0,0,322.96,0.0,1,0.11,0.1,SPY200727P00306000,306.0,0,0.0,0.0,,0.0,normalDay
2020-07-24,-197.0,8.0,0.0,0,320.88,0.0,1,0.11,0.03,SPY200727P00306000,306.0,0,0.0,0.0,,0.0,normalDay
2020-07-27,-186.0,0.0,11.0,0,323.22,0.0,1,0.11,0.0,SPY200727P00306000,306.0,0,0.0,0.0,,0.0,expirationDay
2020-07-28,-186.0,-4.0,0.0,0,321.17,0.0,1,0.99,1.03,SPY200803P00313000,313.0,0,0.0,0.0,,0.0,normalDay
2020-07-29,-186.0,67.0,0.0,0,325.12,0.0,1,0.99,0.32,SPY200803P00313000,313.0,0,0.0,0.0,,0.0,normalDay
2020-07-30,-186.0,70.0,0.0,0,323.96,0.0,1,0.99,0.29,SPY200803P00313000,313.0,0,0.0,0.0,,0.0,normalDay
2020-07-31,-186.0,94.0,0.0,0,326.52,0.0,1,0.99,0.05,SPY200803P00313000,313.0,0,0.0,0.0,,0.0,normalDay
2020-08-03,-87.0,0.0,99.0,0,328.79,0.0,1,0.99,0.0,SPY200803P00313000,313.0,0,0.0,0.0,,0.0,expirationDay
2020-08-04,-87.0,-3.0,0.0,0,330.06,0.0,1,0.29,0.32,SPY200810P00317000,317.0,0,0.0,0.0,,0.0,normalDay
2020-08-05,-87.0,16.0,0.0,0,332.11,0.0,1,0.29,0.13,SPY200810P00317000,317.0,0,0.0,0.0,,0.0,normalDay
2020-08-06,-87.0,19.0,0.0,0,334.33,0.0,1,0.29,0.1,SPY200810P00317000,317.0,0,0.0,0.0,,0.0,normalDay
2020-08-07,-87.0,25.0,0.0,0,334.57,0.0,1,0.29,0.04,SPY200810P00317000,317.0,0,0.0,0.0,,0.0,normalDay
2020-08-10,-58.0,0.0,29.0,0,335.57,0.0,1,0.29,0.0,SPY200810P00317000,317.0,0,0.0,0.0,,0.0,expirationDay
2020-08-11,-58.0,-3.0,0.0,0,332.8,0.0,1,0.64,0.67,SPY200817P00321000,321.0,0,0.0,0.0,,0.0,normalDay
2020-08-12,-58.0,51.0,0.0,0,337.44,0.0,1,0.64,0.13,SPY200817P00321000,321.0,0,0.0,0.0,,0.0,normalDay
2020-08-13,-58.0,55.0,0.0,0,336.83,0.0,1,0.64,0.09,SPY200817P00321000,321.0,0,0.0,0.0,,0.0,normalDay
2020-08-14,-58.0,61.0,0.0,0,336.84,0.0,1,0.64,0.03,SPY200817P00321000,321.0,0,0.0,0.0,,0.0,normalDay
2020-08-17,6.0,0.0,64.0,0,337.91,0.0,1,0.64,0.0,SPY200817P00321000,321.0,0,0.0,0.0,,0.0,expirationDay
2020-08-18,6.0,-3.0,0.0,0,338.64,0.0,1,0.15,0.18,SPY200824P00323000,323.0,0,0.0,0.0,,0.0,normalDay
2020-08-19,6.0,-8.0,0.0,0,337.23,0.0,1,0.15,0.23,SPY200824P00323000,323.0,0,0.0,0.0,,0.0,normalDay
2020-08-20,6.0,4.0,0.0,0,338.28,0.0,1,0.15,0.11,SPY200824P00323000,323.0,0,0.0,0.0,,0.0,normalDay
2020-08-21,6.0,9.0,0.0,0,339.48,0.0,1,0.15,0.06,SPY200824P00323000,323.0,0,0.0,0.0,,0.0,normalDay
2020-08-24,21.0,0.0,15.0,0,342.92,0.0,1,0.15,0.0,SPY200824P00323000,323.0,0,0.0,0.0,,0.0,expirationDay
2020-08-25,21.0,-3.0,0.0,0,344.12,0.0,1,0.14,0.17,SPY200831P00328000,328.0,0,0.0,0.0,,0.0,normalDay
2020-08-26,21.0,0.0,0.0,0,347.57,0.0,1,0.14,0.14,SPY200831P00328000,328.0,0,0.0,0.0,,0.0,normalDay
2020-08-27,21.0,6.0,0.0,0,348.33,0.0,1,0.14,0.08,SPY200831P00328000,328.0,0,0.0,0.0,,0.0,normalDay
2020-08-28,21.0,10.0,0.0,0,350.58,0.0,1,0.14,0.04,SPY200831P00328000,328.0,0,0.0,0.0,,0.0,normalDay
2020-08-31,35.0,0.0,14.0,0,349.31,0.0,1,0.14,0.0,SPY200831P00328000,328.0,0,0.0,0.0,,0.0,expirationDay
2020-09-01,35.0,-3.0,0.0,0,352.6,0.0,1,0.07,0.1,SPY200904P00333000,333.0,0,0.0,0.0,,0.0,normalDay
2020-09-02,35.0,1.0,0.0,0,357.7,0.0,1,0.07,0.06,SPY200904P00333000,333.0,0,0.0,0.0,,0.0,normalDay
2020-09-03,35.0,-12.0,0.0,0,345.39,0.0,1,0.07,0.19,SPY200904P00333000,333.0,0,0.0,0.0,,0.0,normalDay
2020-09-04,42.0,0.0,7.0,0,342.57,0.0,1,0.07,0.0,SPY200904P00333000,333.0,0,0.0,0.0,,0.0,expirationDay
2020-09-08,42.0,-8.0,0.0,0,333.21,0.0,1,5.01,5.09,SPY200914P00334000,334.0,0,0.0,0.0,,0.0,normalDay
2020-09-09,42.0,296.0,0.0,0,339.79,0.0,1,5.01,2.05,SPY200914P00334000,334.0,0,0.0,0.0,,0.0,normalDay
2020-09-10,42.0,168.0,0.0,0,333.89,0.0,1,5.01,3.33,SPY200914P00334000,334.0,0,0.0,0.0,,0.0,normalDay
2020-09-11,42.0,252.0,0.0,0,334.06,0.0,1,5.01,2.49,SPY200914P00334000,334.0,0,0.0,0.0,,0.0,normalDay
2020-09-14,543.0,0.0,501.0,0,338.46,0.0,1,5.01,0.0,SPY200914P00334000,334.0,0,0.0,0.0,,0.0,expirationDay
2020-09-15,543.0,-5.0,0.0,0,340.17,0.0,1,2.01,2.06,SPY200921P00335000,335.0,0,0.0,0.0,,0.0,normalDay
2020-09-16,543.0,-11.0,0.0,0,338.82,0.0,1,2.01,2.12,SPY200921P00335000,335.0,0,0.0,0.0,,0.0,normalDay
2020-09-17,543.0,-82.0,0.0,0,335.84,0.0,1,2.01,2.83,SPY200921P00335000,335.0,0,0.0,0.0,,0.0,normalDay
2020-09-18,543.0,-269.0,0.0,0,330.65,0.0,1,2.01,4.7,SPY200921P00335000,335.0,0,0.0,0.0,,0.0,normalDay
2020-09-21,744.0,-803.0,201.0,100,326.97,335.0,1,2.01,0.0,SPY200921P00335000,335.0,0,0.0,0.0,,0.0,expirationDay
2020-09-22,744.0,-474.0,0.0,100,330.3,335.0,0,0.0,0.0,,0.0,1,0.24,0.28,SPY201009C00354000,354.0,normalDay
2020-09-23,744.0,-1224.0,0.0,100,322.64,335.0,0,0.0,0.0,,0.0,1,0.24,0.12,SPY201009C00354000,354.0,normalDay
2020-09-24,744.0,-1138.0,0.0,100,323.5,335.0,0,0.0,0.0,,0.0,1,0.24,0.12,SPY201009C00354000,354.0,normalDay
2020-09-25,744.0,-615.0,0.0,100,328.73,335.0,0,0.0,0.0,,0.0,1,0.24,0.12,SPY201009C00354000,354.0,normalDay
2020-09-28,744.0,-81.0,0.0,100,334.19,335.0,0,0.0,0.0,,0.0,1,0.24,0.24,SPY201009C00354000,354.0,normalDay
2020-09-29,744.0,-259.0,0.0,100,332.37,335.0,0,0.0,0.0,,0.0,1,0.24,0.2,SPY201009C00354000,354.0,normalDay
2020-09-30,744.0,-8.0,0.0,100,334.89,335.0,0,0.0,0.0,,0.0,1,0.24,0.21,SPY201009C00354000,354.0,normalDay
2020-10-01,744.0,196.0,0.0,100,337.04,335.0,0,0.0,0.0,,0.0,1,0.24,0.32,SPY201009C00354000,354.0,normalDay
2020-10-02,744.0,-100.0,0.0,100,333.84,335.0,0,0.0,0.0,,0.0,1,0.24,0.08,SPY201009C00354000,354.0,normalDay
2020-10-05,744.0,492.0,0.0,100,339.76,335.0,0,0.0,0.0,,0.0,1,0.24,0.08,SPY201009C00354000,354.0,normalDay
2020-10-06,744.0,14.0,0.0,100,334.93,335.0,0,0.0,0.0,,0.0,1,0.24,0.03,SPY201009C00354000,354.0,normalDay
2020-10-07,744.0,598.0,0.0,100,340.76,335.0,0,0.0,0.0,,0.0,1,0.24,0.02,SPY201009C00354000,354.0,normalDay
2020-10-08,744.0,901.0,0.0,100,343.78,335.0,0,0.0,0.0,,0.0,1,0.24,0.01,SPY201009C00354000,354.0,normalDay
2020-10-09,768.0,1185.0,24.0,100,346.85,335.0,0,0.0,0.0,,0.0,1,0.24,0.0,SPY201009C00354000,354.0,expirationDay
2020-10-12,768.0,1734.0,0.0,100,352.43,335.0,0,0.0,0.0,,0.0,1,9.31,9.4,SPY201030C00347000,347.0,normalDay
2020-10-13,768.0,1650.0,0.0,100,350.13,335.0,0,0.0,0.0,,0.0,1,9.31,7.94,SPY201030C00347000,347.0,normalDay
2020-10-14,768.0,1581.0,0.0,100,347.93,335.0,0,0.0,0.0,,0.0,1,9.31,6.43,SPY201030C00347000,347.0,normalDay
2020-10-15,768.0,1578.0,0.0,100,347.5,335.0,0,0.0,0.0,,0.0,1,9.31,6.03,SPY201030C00347000,347.0,normalDay
2020-10-16,768.0,1625.0,0.0,100,347.29,335.0,0,0.0,0.0,,0.0,1,9.31,5.35,SPY201030C00347000,347.0,normalDay
2020-10-19,768.0,1321.0,0.0,100,342.01,335.0,0,0.0,0.0,,0.0,1,9.31,3.11,SPY201030C00347000,347.0,normalDay
2020-10-20,768.0,1447.0,0.0,100,343.38,335.0,0,0.0,0.0,,0.0,1,9.31,3.22,SPY201030C00347000,347.0,normalDay
2020-10-21,768.0,1418.0,0.0,100,342.73,335.0,0,0.0,0.0,,0.0,1,9.31,2.86,SPY201030C00347000,347.0,normalDay
2020-10-22,768.0,1594.0,0.0,100,344.61,335.0,0,0.0,0.0,,0.0,1,9.31,2.98,SPY201030C00347000,347.0,normalDay
2020-10-23,768.0,1731.0,0.0,100,345.78,335.0,0,0.0,0.0,,0.0,1,9.31,2.78,SPY201030C00347000,347.0,normalDay
2020-10-26,768.0,1274.0,0.0,100,339.39,335.0,0,0.0,0.0,,0.0,1,9.31,0.96,SPY201030C00347000,347.0,normalDay
2020-10-27,768.0,1218.0,0.0,100,338.22,335.0,0,0.0,0.0,,0.0,1,9.31,0.35,SPY201030C00347000,347.0,normalDay
2020-10-28,768.0,93.0,0.0,100,326.66,335.0,0,0.0,0.0,,0.0,1,9.31,0.04,SPY201030C00347000,347.0,normalDay
2020-10-29,768.0,427.0,0.0,100,329.98,335.0,0,0.0,0.0,,0.0,1,9.31,0.02,SPY201030C00347000,347.0,normalDay
2020-10-30,1699.0,-846.0,931.0,100,326.54,335.0,0,0.0,0.0,,0.0,1,9.31,0.0,SPY201030C00347000,347.0,expirationDay
2020-11-02,1699.0,-483.0,0.0,100,330.2,335.0,0,0.0,0.0,,0.0,1,1.33,1.36,SPY201120C00352500,352.5,normalDay
2020-11-03,1699.0,15.0,0.0,100,336.03,335.0,0,0.0,0.0,,0.0,1,1.33,2.21,SPY201120C00352500,352.5,normalDay
2020-11-04,1699.0,660.0,0.0,100,343.54,335.0,0,0.0,0.0,,0.0,1,1.33,3.27,SPY201120C00352500,352.5,normalDay
2020-11-05,1699.0,1086.0,0.0,100,350.24,335.0,0,0.0,0.0,,0.0,1,1.33,5.71,SPY201120C00352500,352.5,normalDay
2020-11-06,1699.0,1179.0,0.0,100,350.16,335.0,0,0.0,0.0,,0.0,1,1.33,4.7,SPY201120C00352500,352.5,normalDay
2020-11-09,1699.0,1334.0,0.0,100,354.56,335.0,0,0.0,0.0,,0.0,1,1.33,7.55,SPY201120C00352500,352.5,normalDay
2020-11-10,1699.0,1408.0,0.0,100,354.04,335.0,0,0.0,0.0,,0.0,1,1.33,6.29,SPY201120C00352500,352.5,normalDay
2020-11-11,1699.0,1565.0,0.0,100,356.67,335.0,0,0.0,0.0,,0.0,1,1.33,7.35,SPY201120C00352500,352.5,normalDay
2020-11-12,1699.0,1442.0,0.0,100,353.21,335.0,0,0.0,0.0,,0.0,1,1.33,5.12,SPY201120C00352500,352.5,normalDay
2020-11-13,1699.0,1677.0,0.0,100,358.1,335.0,0,0.0,0.0,,0.0,1,1.33,7.66,SPY201120C00352500,352.5,normalDay
2020-11-16,1699.0,1836.0,0.0,100,362.57,335.0,0,0.0,0.0,,0.0,1,1.33,10.54,SPY201120C00352500,352.5,normalDay
2020-11-17,1699.0,1816.0,0.0,100,360.62,335.0,0,0.0,0.0,,0.0,1,1.33,8.79,SPY201120C00352500,352.5,normalDay
2020-11-18,1699.0,1771.0,0.0,100,356.28,335.0,0,0.0,0.0,,0.0,1,1.33,4.9,SPY201120C00352500,352.5,normalDay
2020-11-19,1699.0,1842.0,0.0,100,357.78,335.0,0,0.0,0.0,,0.0,1,1.33,5.69,SPY201120C00352500,352.5,normalDay
2020-11-20,3582.0,1842.0,1883.0,0,355.33,0.0,0,0.0,0.0,,0.0,1,1.33,0.0,SPY201120C00352500,352.5,expirationDay
2020-11-23,3582.0,-3.0,0.0,0,357.46,0.0,1,0.01,0.04,SPY201127P00333000,333.0,0,0.0,0.0,,0.0,normalDay
2020-11-24,3582.0,-1.0,0.0,0,363.22,0.0,1,0.01,0.02,SPY201127P00333000,333.0,0,0.0,0.0,,0.0,normalDay
2020-11-25,3582.0,0.0,0.0,0,362.66,0.0,1,0.01,0.01,SPY201127P00333000,333.0,0,0.0,0.0,,0.0,normalDay
2020-11-27,3583.0,0.0,1.0,0,363.67,0.0,1,0.01,0.0,SPY201127P00333000,333.0,0,0.0,0.0,,0.0,expirationDay
2020-11-30,3583.0,-3.0,0.0,0,362.06,0.0,1,0.1,0.13,SPY201204P00344000,344.0,0,0.0,0.0,,0.0,normalDay
2020-12-01,3583.0,4.0,0.0,0,366.02,0.0,1,0.1,0.06,SPY201204P00344000,344.0,0,0.0,0.0,,0.0,normalDay
2020-12-02,3583.0,6.0,0.0,0,366.79,0.0,1,0.1,0.04,SPY201204P00344000,344.0,0,0.0,0.0,,0.0,normalDay
2020-12-03,3583.0,6.0,0.0,0,366.69,0.0,1,0.1,0.04,SPY201204P00344000,344.0,0,0.0,0.0,,0.0,normalDay
2020-12-04,3593.0,0.0,10.0,0,369.85,0.0,1,0.1,0.0,SPY201204P00344000,344.0,0,0.0,0.0,,0.0,expirationDay
2020-12-07,3593.0,-3.0,0.0,0,369.09,0.0,1,0.15,0.18,SPY201211P00355000,355.0,0,0.0,0.0,,0.0,normalDay
2020-12-08,3593.0,7.0,0.0,0,370.17,0.0,1,0.15,0.08,SPY201211P00355000,355.0,0,0.0,0.0,,0.0,normalDay
2020-12-09,3593.0,2.0,0.0,0,366.85,0.0,1,0.15,0.13,SPY201211P00355000,355.0,0,0.0,0.0,,0.0,normalDay
2020-12-10,3593.0,11.0,0.0,0,366.73,0.0,1,0.15,0.04,SPY201211P00355000,355.0,0,0.0,0.0,,0.0,normalDay
2020-12-11,3608.0,0.0,15.0,0,366.3,0.0,1,0.15,0.0,SPY201211P00355000,355.0,0,0.0,0.0,,0.0,expirationDay
2020-12-14,3608.0,-3.0,0.0,0,364.66,0.0,1,1.57,1.6,SPY201218P00358000,358.0,0,0.0,0.0,,0.0,normalDay
2020-12-15,3608.0,97.0,0.0,0,369.59,0.0,1,1.57,0.6,SPY201218P00358000,358.0,0,0.0,0.0,,0.0,normalDay
2020-12-16,3608.0,129.0,0.0,0,370.17,0.0,1,1.57,0.28,SPY201218P00358000,358.0,0,0.0,0.0,,0.0,normalDay
2020-12-17,3608.0,145.0,0.0,0,372.24,0.0,1,1.57,0.12,SPY201218P00358000,358.0,0,0.0,0.0,,0.0,normalDay
2020-12-18,3765.0,0.0,157.0,0,369.18,0.0,1,1.57,0.0,SPY201218P00358000,358.0,0,0.0,0.0,,0.0,expirationDay
2020-12-21,3765.0,-3.0,0.0,0,367.86,0.0,1,0.95,0.98,SPY201224P00362000,362.0,0,0.0,0.0,,0.0,normalDay
2020-12-22,3765.0,45.0,0.0,0,367.24,0.0,1,0.95,0.5,SPY201224P00362000,362.0,0,0.0,0.0,,0.0,normalDay
2020-12-23,3765.0,82.0,0.0,0,367.57,0.0,1,0.95,0.13,SPY201224P00362000,362.0,0,0.0,0.0,,0.0,normalDay
2020-12-24,3860.0,0.0,95.0,0,369.0,0.0,1,0.95,0.0,SPY201224P00362000,362.0,0,0.0,0.0,,0.0,expirationDay
2020-12-28,3860.0,-3.0,0.0,0,372.17,0.0,1,0.31,0.34,SPY201231P00365000,365.0,0,0.0,0.0,,0.0,normalDay
2020-12-29,3860.0,-3.0,0.0,0,371.46,0.0,1,0.31,0.34,SPY201231P00365000,365.0,0,0.0,0.0,,0.0,normalDay
2020-12-30,3860.0,18.0,0.0,0,371.99,0.0,1,0.31,0.13,SPY201231P00365000,365.0,0,0.0,0.0,,0.0,normalDay
2020-12-31,3891.0,0.0,31.0,0,373.88,0.0,1,0.31,0.0,SPY201231P00365000,365.0,0,0.0,0.0,,0.0,expirationDay
2021-01-04,3891.0,-4.0,0.0,0,368.79,0.0,1,2.93,2.97,SPY210108P00366000,366.0,0,0.0,0.0,,0.0,normalDay
2021-01-05,3891.0,119.0,0.0,0,371.33,0.0,1,2.93,1.74,SPY210108P00366000,366.0,0,0.0,0.0,,0.0,normalDay
2021-01-06,3891.0,199.0,0.0,0,373.55,0.0,1,2.93,0.94,SPY210108P00366000,366.0,0,0.0,0.0,,0.0,normalDay
2021-01-07,3891.0,288.0,0.0,0,379.1,0.0,1,2.93,0.05,SPY210108P00366000,366.0,0,0.0,0.0,,0.0,normalDay
2021-01-08,4184.0,0.0,293.0,0,381.26,0.0,1,2.93,0.0,SPY210108P00366000,366.0,0,0.0,0.0,,0.0,expirationDay
2021-01-11,4184.0,-3.0,0.0,0,378.69,0.0,1,0.54,0.57,SPY210115P00366000,366.0,0,0.0,0.0,,0.0,normalDay
2021-01-12,4184.0,22.0,0.0,0,378.77,0.0,1,0.54,0.32,SPY210115P00366000,366.0,0,0.0,0.0,,0.0,normalDay
2021-01-13,4184.0,41.0,0.0,0,379.79,0.0,1,0.54,0.13,SPY210115P00366000,366.0,0,0.0,0.0,,0.0,normalDay
2021-01-14,4184.0,45.0,0.0,0,378.46,0.0,1,0.54,0.09,SPY210115P00366000,366.0,0,0.0,0.0,,0.0,normalDay
2021-01-15,4238.0,0.0,54.0,0,375.7,0.0,1,0.54,0.0,SPY210115P00366000,366.0,0,0.0,0.0,,0.0,expirationDay
2021-01-19,4238.0,-4.0,0.0,0,378.65,0.0,1,0.77,0.81,SPY210125P00368000,368.0,0,0.0,0.0,,0.0,normalDay
2021-01-20,4238.0,57.0,0.0,0,383.89,0.0,1,0.77,0.2,SPY210125P00368000,368.0,0,0.0,0.0,,0.0,normalDay
2021-01-21,4238.0,68.0,0.0,0,384.24,0.0,1,0.77,0.09,SPY210125P00368000,368.0,0,0.0,0.0,,0.0,normalDay
2021-01-22,4238.0,70.0,0.0,0,382.88,0.0,1,0.77,0.07,SPY210125P00368000,368.0,0,0.0,0.0,,0.0,normalDay
2021-01-25,4315.0,0.0,77.0,0,384.39,0.0,1,0.77,0.0,SPY210125P00368000,368.0,0,0.0,0.0,,0.0,expirationDay
2021-01-26,4315.0,-3.0,0.0,0,383.79,0.0,1,0.52,0.55,SPY210201P00372000,372.0,0,0.0,0.0,,0.0,normalDay
2021-01-27,4315.0,-370.0,0.0,0,374.41,0.0,1,0.52,4.22,SPY210201P00372000,372.0,0,0.0,0.0,,0.0,normalDay
2021-01-28,4315.0,-107.0,0.0,0,377.63,0.0,1,0.52,1.59,SPY210201P00372000,372.0,0,0.0,0.0,,0.0,normalDay
2021-01-29,4315.0,-420.0,0.0,0,370.07,0.0,1,0.52,4.72,SPY210201P00372000,372.0,0,0.0,0.0,,0.0,normalDay
2021-02-01,4367.0,0.0,52.0,0,376.23,0.0,1,0.52,0.0,SPY210201P00372000,372.0,0,0.0,0.0,,0.0,expirationDay
2021-02-02,4367.0,-4.0,0.0,0,381.55,0.0,1,1.2,1.24,SPY210208P00374000,374.0,0,0.0,0.0,,0.0,normalDay
2021-02-03,4367.0,52.0,0.0,0,381.85,0.0,1,1.2,0.68,SPY210208P00374000,374.0,0,0.0,0.0,,0.0,normalDay
2021-02-04,4367.0,102.0,0.0,0,386.19,0.0,1,1.2,0.18,SPY210208P00374000,374.0,0,0.0,0.0,,0.0,normalDay
2021-02-05,4367.0,115.0,0.0,0,387.71,0.0,1,1.2,0.05,SPY210208P00374000,374.0,0,0.0,0.0,,0.0,normalDay
2021-02-08,4487.0,0.0,120.0,0,390.51,0.0,1,1.2,0.0,SPY210208P00374000,374.0,0,0.0,0.0,,0.0,expirationDay
2021-02-09,4487.0,-3.0,0.0,0,390.25,0.0,1,0.09,0.12,SPY210212P00375000,375.0,0,0.0,0.0,,0.0,normalDay
2021-02-10,4487.0,-1.0,0.0,0,390.08,0.0,1,0.09,0.1,SPY210212P00375000,375.0,0,0.0,0.0,,0.0,normalDay
2021-02-11,4487.0,7.0,0.0,0,390.71,0.0,1,0.09,0.02,SPY210212P00375000,375.0,0,0.0,0.0,,0.0,normalDay
2021-02-12,4496.0,0.0,9.0,0,392.64,0.0,1,0.09,0.0,SPY210212P00375000,375.0,0,0.0,0.0,,0.0,expirationDay
2021-02-16,4496.0,-3.0,0.0,0,392.3,0.0,1,0.26,0.29,SPY210222P00376000,376.0,0,0.0,0.0,,0.0,normalDay
2021-02-17,4496.0,8.0,0.0,0,392.39,0.0,1,0.26,0.18,SPY210222P00376000,376.0,0,0.0,0.0,,0.0,normalDay
2021-02-18,4496.0,10.0,0.0,0,390.72,0.0,1,0.26,0.16,SPY210222P00376000,376.0,0,0.0,0.0,,0.0,normalDay
2021-02-19,4496.0,20.0,0.0,0,390.03,0.0,1,0.26,0.06,SPY210222P00376000,376.0,0,0.0,0.0,,0.0,normalDay
2021-02-22,4522.0,0.0,26.0,0,387.03,0.0,1,0.26,0.0,SPY210222P00376000,376.0,0,0.0,0.0,,0.0,expirationDay
2021-02-23,4522.0,-3.0,0.0,0,387.5,0.0,1,0.99,1.02,SPY210301P00378000,378.0,0,0.0,0.0,,0.0,normalDay
2021-02-24,4522.0,71.0,0.0,0,391.77,0.0,1,0.99,0.28,SPY210301P00378000,378.0,0,0.0,0.0,,0.0,normalDay
2021-02-25,4522.0,-113.0,0.0,0,382.33,0.0,1,0.99,2.12,SPY210301P00378000,378.0,0,0.0,0.0,,0.0,normalDay
2021-02-26,4522.0,-90.0,0.0,0,380.36,0.0,1,0.99,1.89,SPY210301P00378000,378.0,0,0.0,0.0,,0.0,normalDay
2021-03-01,4621.0,0.0,99.0,0,389.58,0.0,1,0.99,0.0,SPY210301P00378000,378.0,0,0.0,0.0,,0.0,expirationDay
2021-03-02,4621.0,-4.0,0.0,0,386.54,0.0,1,2.61,2.65,SPY210308P00383000,383.0,0,0.0,0.0,,0.0,normalDay
2021-03-03,4621.0,-207.0,0.0,0,381.42,0.0,1,2.61,4.68,SPY210308P00383000,383.0,0,0.0,0.0,,0.0,normalDay
2021-03-04,4621.0,-471.0,0.0,0,376.7,0.0,1,2.61,7.32,SPY210308P00383000,383.0,0,0.0,0.0,,0.0,normalDay
2021-03-05,4621.0,26.0,0.0,0,383.63,0.0,1,2.61,2.35,SPY210308P00383000,383.0,0,0.0,0.0,,0.0,normalDay
2021-03-08,4882.0,-128.0,261.0,100,381.72,383.0,1,2.61,0.0,SPY210308P00383000,383.0,0,0.0,0.0,,0.0,expirationDay
2021-03-09,4882.0,411.0,0.0,100,387.17,383.0,0,0.0,0.0,,0.0,1,2.63,2.69,SPY210326C00394000,394.0,normalDay
2021-03-10,4882.0,602.0,0.0,100,389.58,383.0,0,0.0,0.0,,0.0,1,2.63,3.19,SPY210326C00394000,394.0,normalDay
2021-03-11,4882.0,879.0,0.0,100,393.53,383.0,0,0.0,0.0,,0.0,1,2.63,4.37,SPY210326C00394000,394.0,normalDay
2021-03-12,4882.0,944.0,0.0,100,394.06,383.0,0,0.0,0.0,,0.0,1,2.63,4.25,SPY210326C00394000,394.0,normalDay
2021-03-15,4882.0,1107.0,0.0,100,396.41,383.0,0,0.0,0.0,,0.0,1,2.63,4.97,SPY210326C00394000,394.0,normalDay
2021-03-16,4882.0,1109.0,0.0,100,395.91,383.0,0,0.0,0.0,,0.0,1,2.63,4.45,SPY210326C00394000,394.0,normalDay
2021-03-17,4882.0,1223.0,0.0,100,397.26,383.0,0,0.0,0.0,,0.0,1,2.63,4.66,SPY210326C00394000,394.0,normalDay
2021-03-18,4882.0,883.0,0.0,100,391.48,383.0,0,0.0,0.0,,0.0,1,2.63,2.28,SPY210326C00394000,394.0,normalDay
2021-03-19,4882.0,787.0,0.0,100,389.48,383.0,0,0.0,0.0,,0.0,1,2.63,1.24,SPY210326C00394000,394.0,normalDay
2021-03-22,4882.0,1053.0,0.0,100,392.59,383.0,0,0.0,0.0,,0.0,1,2.63,1.69,SPY210326C00394000,394.0,normalDay
2021-03-23,4882.0,843.0,0.0,100,389.5,383.0,0,0.0,0.0,,0.0,1,2.63,0.7,SPY210326C00394000,394.0,normalDay
2021-03-24,4882.0,696.0,0.0,100,387.52,383.0,0,0.0,0.0,,0.0,1,2.63,0.19,SPY210326C00394000,394.0,normalDay
2021-03-25,4882.0,917.0,0.0,100,389.7,383.0,0,0.0,0.0,,0.0,1,2.63,0.16,SPY210326C00394000,394.0,normalDay
2021-03-26,6245.0,917.0,1363.0,0,395.98,0.0,0,0.0,0.0,,0.0,1,2.63,0.0,SPY210326C00394000,394.0,expirationDay
2021-03-29,6245.0,-3.0,0.0,0,395.78,0.0,1,0.29,0.32,SPY210401P00383000,383.0,0,0.0,0.0,,0.0,normalDay
2021-03-30,6245.0,16.0,0.0,0,394.73,0.0,1,0.29,0.13,SPY210401P00383000,383.0,0,0.0,0.0,,0.0,normalDay
2021-03-31,6245.0,26.0,0.0,0,396.33,0.0,1,0.29,0.03,SPY210401P00383000,383.0,0,0.0,0.0,,0.0,normalDay
2021-04-01,6274.0,0.0,29.0,0,400.61,0.0,1,0.29,0.0,SPY210401P00383000,383.0,0,0.0,0.0,,0.0,expirationDay
2021-04-05,6274.0,-3.0,0.0,0,406.36,0.0,1,0.07,0.1,SPY210409P00387000,387.0,0,0.0,0.0,,0.0,normalDay
2021-04-06,6274.0,0.0,0.0,0,406.12,0.0,1,0.07,0.07,SPY210409P00387000,387.0,0,0.0,0.0,,0.0,normalDay
2021-04-07,6274.0,4.0,0.0,0,406.59,0.0,1,0.07,0.03,SPY210409P00387000,387.0,0,0.0,0.0,,0.0,normalDay
2021-04-08,6274.0,6.0,0.0,0,408.52,0.0,1,0.07,0.01,SPY210409P00387000,387.0,0,0.0,0.0,,0.0,normalDay
2021-04-09,6281.0,0.0,7.0,0,411.49,0.0,1,0.07,0.0,SPY210409P00387000,387.0,0,0.0,0.0,,0.0,expirationDay
2021-04-12,6281.0,-3.0,0.0,0,411.64,0.0,1,0.01,0.04,SPY210416P00389000,389.0,0,0.0,0.0,,0.0,normalDay
2021-04-13,6281.0,-3.0,0.0,0,412.86,0.0,1,0.01,0.04,SPY210416P00389000,389.0,0,0.0,0.0,,0.0,normalDay
2021-04-14,6281.0,-3.0,0.0,0,411.45,0.0,1,0.01,0.04,SPY210416P00389000,389.0,0,0.0,0.0,,0.0,normalDay
2021-04-15,6281.0,-1.0,0.0,0,415.87,0.0,1,0.01,0.02,SPY210416P00389000,389.0,0,0.0,0.0,,0.0,normalDay
2021-04-16,6282.0,0.0,1.0,0,417.26,0.0,1,0.01,0.0,SPY210416P00389000,389.0,0,0.0,0.0,,0.0,expirationDay
2021-04-19,6282.0,-3.0,0.0,0,415.21,0.0,1,0.01,0.04,SPY210423P00392000,392.0,0,0.0,0.0,,0.0,normalDay
2021-04-20,6282.0,-4.0,0.0,0,412.17,0.0,1,0.01,0.05,SPY210423P00392000,392.0,0,0.0,0.0,,0.0,normalDay
2021-04-21,6282.0,-1.0,0.0,0,416.07,0.0,1,0.01,0.02,SPY210423P00392000,392.0,0,0.0,0.0,,0.0,normalDay
2021-04-22,6282.0,-1.0,0.0,0,412.27,0.0,1,0.01,0.02,SPY210423P00392000,392.0,0,0.0,0.0,,0.0,normalDay
2021-04-23,6283.0,0.0,1.0,0,416.74,0.0,1,0.01,0.0,SPY210423P00392000,392.0,0,0.0,0.0,,0.0,expirationDay
2021-04-26,6283.0,-3.0,0.0,0,417.61,0.0,1,0.06,0.09,SPY210430P00400000,400.0,0,0.0,0.0,,0.0,normalDay
2021-04-27,6283.0,-1.0,0.0,0,417.52,0.0,1,0.06,0.07,SPY210430P00400000,400.0,0,0.0,0.0,,0.0,normalDay
2021-04-28,6283.0,3.0,0.0,0,417.4,0.0,1,0.06,0.03,SPY210430P00400000,400.0,0,0.0,0.0,,0.0,normalDay
2021-04-29,6283.0,4.0,0.0,0,420.06,0.0,1,0.06,0.02,SPY210430P00400000,400.0,0,0.0,0.0,,0.0,normalDay
2021-04-30,6289.0,0.0,6.0,0,417.3,0.0,1,0.06,0.0,SPY210430P00400000,400.0,0,0.0,0.0,,0.0,expirationDay
2021-05-03,6289.0,-3.0,0.0,0,418.2,0.0,1,0.35,0.38,SPY210507P00409000,409.0,0,0.0,0.0,,0.0,normalDay
2021-05-04,6289.0,-29.0,0.0,0,415.62,0.0,1,0.35,0.64,SPY210507P00409000,409.0,0,0.0,0.0,,0.0,normalDay
2021-05-05,6289.0,-3.0,0.0,0,415.75,0.0,1,0.35,0.38,SPY210507P00409000,409.0,0,0.0,0.0,,0.0,normalDay
2021-05-06,6289.0,29.0,0.0,0,419.07,0.0,1,0.35,0.06,SPY210507P00409000,409.0,0,0.0,0.0,,0.0,normalDay
2021-05-07,6324.0,0.0,35.0,0,422.12,0.0,1,0.35,0.0,SPY210507P00409000,409.0,0,0.0,0.0,,0.0,expirationDay
2021-05-10,6324.0,-4.0,0.0,0,417.94,0.0,1,1.5,1.54,SPY210514P00413000,413.0,0,0.0,0.0,,0.0,normalDay
2021-05-11,6324.0,-104.0,0.0,0,414.21,0.0,1,1.5,2.54,SPY210514P00413000,413.0,0,0.0,0.0,,0.0,normalDay
2021-05-12,6324.0,-668.0,0.0,0,405.41,0.0,1,1.5,8.18,SPY210514P00413000,413.0,0,0.0,0.0,,0.0,normalDay
2021-05-13,6324.0,-204.0,0.0,0,410.28,0.0,1,1.5,3.54,SPY210514P00413000,413.0,0,0.0,0.0,,0.0,normalDay
2021-05-14,6474.0,0.0,150.0,0,416.58,0.0,1,1.5,0.0,SPY210514P00413000,413.0,0,0.0,0.0,,0.0,expirationDay
2021-05-17,6474.0,-4.0,0.0,0,415.52,0.0,1,1.48,1.52,SPY210521P00411000,411.0,0,0.0,0.0,,0.0,normalDay
2021-05-18,6474.0,-99.0,0.0,0,411.94,0.0,1,1.48,2.47,SPY210521P00411000,411.0,0,0.0,0.0,,0.0,normalDay
2021-05-19,6474.0,-100.0,0.0,0,410.86,0.0,1,1.48,2.48,SPY210521P00411000,411.0,0,0.0,0.0,,0.0,normalDay
2021-05-20,6474.0,113.0,0.0,0,415.28,0.0,1,1.48,0.35,SPY210521P00411000,411.0,0,0.0,0.0,,0.0,normalDay
2021-05-21,6622.0,0.0,148.0,0,414.94,0.0,1,1.48,0.0,SPY210521P00411000,411.0,0,0.0,0.0,,0.0,expirationDay
2021-05-24,6622.0,-3.0,0.0,0,419.17,0.0,1,0.48,0.51,SPY210528P00411000,411.0,0,0.0,0.0,,0.0,normalDay
2021-05-25,6622.0,-7.0,0.0,0,418.24,0.0,1,0.48,0.55,SPY210528P00411000,411.0,0,0.0,0.0,,0.0,normalDay
2021-05-26,6622.0,26.0,0.0,0,419.07,0.0,1,0.48,0.22,SPY210528P00411000,411.0,0,0.0,0.0,,0.0,normalDay
2021-05-27,6622.0,42.0,0.0,0,419.29,0.0,1,0.48,0.06,SPY210528P00411000,411.0,0,0.0,0.0,,0.0,normalDay
2021-05-28,6670.0,0.0,48.0,0,420.04,0.0,1,0.48,0.0,SPY210528P00411000,411.0,0,0.0,0.0,,0.0,expirationDay
2021-06-01,6670.0,-3.0,0.0,0,419.67,0.0,1,0.43,0.46,SPY210607P00411000,411.0,0,0.0,0.0,,0.0,normalDay
2021-06-02,6670.0,23.0,0.0,0,420.33,0.0,1,0.43,0.2,SPY210607P00411000,411.0,0,0.0,0.0,,0.0,normalDay
2021-06-03,6670.0,15.0,0.0,0,418.77,0.0,1,0.43,0.28,SPY210607P00411000,411.0,0,0.0,0.0,,0.0,normalDay
2021-06-04,6670.0,38.0,0.0,0,422.6,0.0,1,0.43,0.05,SPY210607P00411000,411.0,0,0.0,0.0,,0.0,normalDay
2021-06-07,6713.0,0.0,43.0,0,422.19,0.0,1,0.43,0.0,SPY210607P00411000,411.0,0,0.0,0.0,,0.0,expirationDay
2021-06-08,6713.0,-3.0,0.0,0,422.28,0.0,1,0.29,0.32,SPY210614P00411000,411.0,0,0.0,0.0,,0.0,normalDay
2021-06-09,6713.0,-9.0,0.0,0,421.65,0.0,1,0.29,0.38,SPY210614P00411000,411.0,0,0.0,0.0,,0.0,normalDay
2021-06-10,6713.0,20.0,0.0,0,423.61,0.0,1,0.29,0.09,SPY210614P00411000,411.0,0,0.0,0.0,,0.0,normalDay
2021-06-11,6713.0,23.0,0.0,0,424.31,0.0,1,0.29,0.06,SPY210614P00411000,411.0,0,0.0,0.0,,0.0,normalDay
2021-06-14,6742.0,0.0,29.0,0,425.26,0.0,1,0.29,0.0,SPY210614P00411000,411.0,0,0.0,0.0,,0.0,expirationDay
2021-06-15,6742.0,-3.0,0.0,0,424.48,0.0,1,0.78,0.81,SPY210621P00415000,415.0,0,0.0,0.0,,0.0,normalDay
2021-06-16,6742.0,-41.0,0.0,0,422.11,0.0,1,0.78,1.19,SPY210621P00415000,415.0,0,0.0,0.0,,0.0,normalDay
2021-06-17,6742.0,14.0,0.0,0,421.97,0.0,1,0.78,0.64,SPY210621P00415000,415.0,0,0.0,0.0,,0.0,normalDay
2021-06-18,6742.0,-116.0,0.0,0,414.92,0.0,1,0.78,1.94,SPY210621P00415000,415.0,0,0.0,0.0,,0.0,normalDay
2021-06-21,6820.0,0.0,78.0,0,420.86,0.0,1,0.78,0.0,SPY210621P00415000,415.0,0,0.0,0.0,,0.0,expirationDay
2021-06-22,6820.0,-3.0,0.0,0,423.11,0.0,1,0.77,0.8,SPY210628P00418000,418.0,0,0.0,0.0,,0.0,normalDay
2021-06-23,6820.0,19.0,0.0,0,422.6,0.0,1,0.77,0.58,SPY210628P00418000,418.0,0,0.0,0.0,,0.0,normalDay
2021-06-24,6820.0,60.0,0.0,0,425.1,0.0,1,0.77,0.17,SPY210628P00418000,418.0,0,0.0,0.0,,0.0,normalDay
2021-06-25,6820.0,70.0,0.0,0,426.61,0.0,1,0.77,0.07,SPY210628P00418000,418.0,0,0.0,0.0,,0.0,normalDay
2021-06-28,6897.0,0.0,77.0,0,427.47,0.0,1,0.77,0.0,SPY210628P00418000,418.0,0,0.0,0.0,,0.0,expirationDay
2021-06-29,6897.0,-3.0,0.0,0,427.7,0.0,1,0.14,0.17,SPY210702P00419000,419.0,0,0.0,0.0,,0.0,normalDay
2021-06-30,6897.0,6.0,0.0,0,428.06,0.0,1,0.14,0.08,SPY210702P00419000,419.0,0,0.0,0.0,,0.0,normalDay
2021-07-01,6897.0,10.0,0.0,0,430.43,0.0,1,0.14,0.04,SPY210702P00419000,419.0,0,0.0,0.0,,0.0,normalDay
2021-07-02,6911.0,0.0,14.0,0,433.72,0.0,1,0.14,0.0,SPY210702P00419000,419.0,0,0.0,0.0,,0.0,expirationDay
2021-07-06,6911.0,-3.0,0.0,0,432.93,0.0,1,0.16,0.19,SPY210712P00420000,420.0,0,0.0,0.0,,0.0,normalDay
2021-07-07,6911.0,8.0,0.0,0,434.46,0.0,1,0.16,0.08,SPY210712P00420000,420.0,0,0.0,0.0,,0.0,normalDay
2021-07-08,6911.0,-8.0,0.0,0,430.92,0.0,1,0.16,0.24,SPY210712P00420000,420.0,0,0.0,0.0,,0.0,normalDay
2021-07-09,6911.0,12.0,0.0,0,435.52,0.0,1,0.16,0.04,SPY210712P00420000,420.0,0,0.0,0.0,,0.0,normalDay
2021-07-12,6927.0,0.0,16.0,0,437.08,0.0,1,0.16,0.0,SPY210712P00420000,420.0,0,0.0,0.0,,0.0,expirationDay
2021-07-13,6927.0,-3.0,0.0,0,435.59,0.0,1,0.3,0.33,SPY210719P00421000,421.0,0,0.0,0.0,,0.0,normalDay
2021-07-14,6927.0,17.0,0.0,0,436.24,0.0,1,0.3,0.13,SPY210719P00421000,421.0,0,0.0,0.0,,0.0,normalDay
2021-07-15,6927.0,17.0,0.0,0,434.75,0.0,1,0.3,0.13,SPY210719P00421000,421.0,0,0.0,0.0,,0.0,normalDay
2021-07-16,6927.0,17.0,0.0,0,431.34,0.0,1,0.3,0.13,SPY210719P00421000,421.0,0,0.0,0.0,,0.0,normalDay
2021-07-19,6957.0,0.0,30.0,0,424.97,0.0,1,0.3,0.0,SPY210719P00421000,421.0,0,0.0,0.0,,0.0,expirationDay
2021-07-20,6957.0,-3.0,0.0,0,431.06,0.0,1,1.24,1.27,SPY210726P00425000,425.0,0,0.0,0.0,,0.0,normalDay
2021-07-21,6957.0,98.0,0.0,0,434.55,0.0,1,1.24,0.26,SPY210726P00425000,425.0,0,0.0,0.0,,0.0,normalDay
2021-07-22,6957.0,109.0,0.0,0,435.46,0.0,1,1.24,0.15,SPY210726P00425000,425.0,0,0.0,0.0,,0.0,normalDay
2021-07-23,6957.0,120.0,0.0,0,439.94,0.0,1,1.24,0.04,SPY210726P00425000,425.0,0,0.0,0.0,,0.0,normalDay
2021-07-26,7081.0,0.0,124.0,0,441.02,0.0,1,1.24,0.0,SPY210726P00425000,425.0,0,0.0,0.0,,0.0,expirationDay
2021-07-27,7081.0,-3.0,0.0,0,439.01,0.0,1,0.73,0.76,SPY210802P00429000,429.0,0,0.0,0.0,,0.0,normalDay
2021-07-28,7081.0,38.0,0.0,0,438.83,0.0,1,0.73,0.35,SPY210802P00429000,429.0,0,0.0,0.0,,0.0,normalDay
2021-07-29,7081.0,61.0,0.0,0,440.65,0.0,1,0.73,0.12,SPY210802P00429000,429.0,0,0.0,0.0,,0.0,normalDay
2021-07-30,7081.0,66.0,0.0,0,438.51,0.0,1,0.73,0.07,SPY210802P00429000,429.0,0,0.0,0.0,,0.0,normalDay
2021-08-02,7154.0,0.0,73.0,0,437.59,0.0,1,0.73,0.0,SPY210802P00429000,429.0,0,0.0,0.0,,0.0,expirationDay
2021-08-03,7154.0,-3.0,0.0,0,441.15,0.0,1,0.34,0.37,SPY210809P00431000,431.0,0,0.0,0.0,,0.0,normalDay
2021-08-04,7154.0,-3.0,0.0,0,438.98,0.0,1,0.34,0.37,SPY210809P00431000,431.0,0,0.0,0.0,,0.0,normalDay
2021-08-05,7154.0,22.0,0.0,0,441.76,0.0,1,0.34,0.12,SPY210809P00431000,431.0,0,0.0,0.0,,0.0,normalDay
2021-08-06,7154.0,31.0,0.0,0,442.49,0.0,1,0.34,0.03,SPY210809P00431000,431.0,0,0.0,0.0,,0.0,normalDay
2021-08-09,7188.0,0.0,34.0,0,442.13,0.0,1,0.34,0.0,SPY210809P00431000,431.0,0,0.0,0.0,,0.0,expirationDay
2021-08-10,7188.0,-3.0,0.0,0,442.68,0.0,1,0.31,0.34,SPY210816P00432000,432.0,0,0.0,0.0,,0.0,normalDay
2021-08-11,7188.0,16.0,0.0,0,443.78,0.0,1,0.31,0.15,SPY210816P00432000,432.0,0,0.0,0.0,,0.0,normalDay
2021-08-12,7188.0,22.0,0.0,0,445.11,0.0,1,0.31,0.09,SPY210816P00432000,432.0,0,0.0,0.0,,0.0,normalDay
2021-08-13,7188.0,26.0,0.0,0,445.92,0.0,1,0.31,0.05,SPY210816P00432000,432.0,0,0.0,0.0,,0.0,normalDay
2021-08-16,7219.0,0.0,31.0,0,446.97,0.0,1,0.31,0.0,SPY210816P00432000,432.0,0,0.0,0.0,,0.0,expirationDay
2021-08-17,7219.0,-3.0,0.0,0,444.04,0.0,1,0.91,0.94,SPY210823P00437000,437.0,0,0.0,0.0,,0.0,normalDay
2021-08-18,7219.0,-163.0,0.0,0,439.18,0.0,1,0.91,2.54,SPY210823P00437000,437.0,0,0.0,0.0,,0.0,normalDay
2021-08-19,7219.0,-70.0,0.0,0,439.86,0.0,1,0.91,1.61,SPY210823P00437000,437.0,0,0.0,0.0,,0.0,normalDay
2021-08-20,7219.0,74.0,0.0,0,443.36,0.0,1,0.91,0.17,SPY210823P00437000,437.0,0,0.0,0.0,,0.0,normalDay
2021-08-23,7310.0,0.0,91.0,0,447.26,0.0,1,0.91,0.0,SPY210823P00437000,437.0,0,0.0,0.0,,0.0,expirationDay
2021-08-24,7310.0,-3.0,0.0,0,447.97,0.0,1,0.41,0.44,SPY210830P00439000,439.0,0,0.0,0.0,,0.0,normalDay
2021-08-25,7310.0,18.0,0.0,0,448.91,0.0,1,0.41,0.23,SPY210830P00439000,439.0,0,0.0,0.0,,0.0,normalDay
2021-08-26,7310.0,-16.0,0.0,0,446.26,0.0,1,0.41,0.57,SPY210830P00439000,439.0,0,0.0,0.0,,0.0,normalDay
2021-08-27,7310.0,33.0,0.0,0,450.25,0.0,1,0.41,0.08,SPY210830P00439000,439.0,0,0.0,0.0,,0.0,normalDay
2021-08-30,7351.0,0.0,41.0,0,452.23,0.0,1,0.41,0.0,SPY210830P00439000,439.0,0,0.0,0.0,,0.0,expirationDay
2021-08-31,7351.0,-3.0,0.0,0,451.56,0.0,1,0.13,0.16,SPY210903P00440000,440.0,0,0.0,0.0,,0.0,normalDay
2021-09-01,7351.0,5.0,0.0,0,451.8,0.0,1,0.13,0.08,SPY210903P00440000,440.0,0,0.0,0.0,,0.0,normalDay
2021-09-02,7351.0,9.0,0.0,0,453.19,0.0,1,0.13,0.04,SPY210903P00440000,440.0,0,0.0,0.0,,0.0,normalDay
2021-09-03,7364.0,0.0,13.0,0,453.08,0.0,1,0.13,0.0,SPY210903P00440000,440.0,0,0.0,0.0,,0.0,expirationDay
2021-09-07,7364.0,-3.0,0.0,0,451.46,0.0,1,0.47,0.5,SPY210913P00442000,442.0,0,0.0,0.0,,0.0,normalDay
2021-09-08,7364.0,11.0,0.0,0,450.91,0.0,1,0.47,0.36,SPY210913P00442000,442.0,0,0.0,0.0,,0.0,normalDay
2021-09-09,7364.0,-1.0,0.0,0,448.98,0.0,1,0.47,0.48,SPY210913P00442000,442.0,0,0.0,0.0,,0.0,normalDay
2021-09-10,7364.0,-48.0,0.0,0,445.44,0.0,1,0.47,0.95,SPY210913P00442000,442.0,0,0.0,0.0,,0.0,normalDay
2021-09-13,7411.0,0.0,47.0,0,446.58,0.0,1,0.47,0.0,SPY210913P00442000,442.0,0,0.0,0.0,,0.0,expirationDay
2021-09-14,7411.0,-4.0,0.0,0,444.17,0.0,1,3.05,3.09,SPY210920P00443000,443.0,0,0.0,0.0,,0.0,normalDay
2021-09-15,7411.0,187.0,0.0,0,447.88,0.0,1,3.05,1.18,SPY210920P00443000,443.0,0,0.0,0.0,,0.0,normalDay
2021-09-16,7411.0,199.0,0.0,0,447.17,0.0,1,3.05,1.06,SPY210920P00443000,443.0,0,0.0,0.0,,0.0,normalDay
2021-09-17,7411.0,30.0,0.0,0,441.4,0.0,1,3.05,2.75,SPY210920P00443000,443.0,0,0.0,0.0,,0.0,normalDay
2021-09-20,7716.0,-896.0,305.0,100,434.04,443.0,1,3.05,0.0,SPY210920P00443000,443.0,0,0.0,0.0,,0.0,expirationDay
2021-09-21,7716.0,-940.0,0.0,100,433.63,443.0,0,0.0,0.0,,0.0,1,0.19,0.22,SPY211008C00456000,456.0,normalDay
2021-09-22,7716.0,-521.0,0.0,100,437.86,443.0,0,0.0,0.0,,0.0,1,0.19,0.26,SPY211008C00456000,456.0,normalDay
2021-09-23,7716.0,-10.0,0.0,100,443.18,443.0,0,0.0,0.0,,0.0,1,0.19,0.47,SPY211008C00456000,456.0,normalDay
2021-09-24,7716.0,76.0,0.0,100,443.91,443.0,0,0.0,0.0,,0.0,1,0.19,0.34,SPY211008C00456000,456.0,normalDay
2021-09-27,7716.0,-34.0,0.0,100,442.64,443.0,0,0.0,0.0,,0.0,1,0.19,0.17,SPY211008C00456000,456.0,normalDay
2021-09-28,7716.0,-918.0,0.0,100,433.72,443.0,0,0.0,0.0,,0.0,1,0.19,0.09,SPY211008C00456000,456.0,normalDay
2021-09-29,7716.0,-842.0,0.0,100,434.45,443.0,0,0.0,0.0,,0.0,1,0.19,0.06,SPY211008C00456000,456.0,normalDay
2021-09-30,7716.0,-1372.0,0.0,100,429.14,443.0,0,0.0,0.0,,0.0,1,0.19,0.05,SPY211008C00456000,456.0,normalDay
2021-10-01,7716.0,-861.0,0.0,100,434.24,443.0,0,0.0,0.0,,0.0,1,0.19,0.04,SPY211008C00456000,456.0,normalDay
2021-10-04,7716.0,-1419.0,0.0,100,428.64,443.0,0,0.0,0.0,,0.0,1,0.19,0.02,SPY211008C00456000,456.0,normalDay
2021-10-05,7716.0,-973.0,0.0,100,433.1,443.0,0,0.0,0.0,,0.0,1,0.19,0.02,SPY211008C00456000,456.0,normalDay
2021-10-06,7716.0,-792.0,0.0,100,434.9,443.0,0,0.0,0.0,,0.0,1,0.19,0.01,SPY211008C00456000,456.0,normalDay
2021-10-07,7716.0,-416.0,0.0,100,438.66,443.0,0,0.0,0.0,,0.0,1,0.19,0.01,SPY211008C00456000,456.0,normalDay
2021-10-08,7735.0,-514.0,19.0,100,437.86,443.0,0,0.0,0.0,,0.0,1,0.19,0.0,SPY211008C00456000,456.0,expirationDay
2021-10-11,7735.0,-834.0,0.0,100,434.69,443.0,0,0.0,0.0,,0.0,1,1.21,1.24,SPY211029C00446000,446.0,normalDay
2021-10-12,7735.0,-894.0,0.0,100,433.62,443.0,0,0.0,0.0,,0.0,1,1.21,0.77,SPY211029C00446000,446.0,normalDay
2021-10-13,7735.0,-751.0,0.0,100,435.18,443.0,0,0.0,0.0,,0.0,1,1.21,0.9,SPY211029C00446000,446.0,normalDay
2021-10-14,7735.0,-177.0,0.0,100,442.5,443.0,0,0.0,0.0,,0.0,1,1.21,2.48,SPY211029C00446000,446.0,normalDay
2021-10-15,7735.0,30.0,0.0,100,445.87,443.0,0,0.0,0.0,,0.0,1,1.21,3.78,SPY211029C00446000,446.0,normalDay
2021-10-18,7735.0,117.0,0.0,100,447.19,443.0,0,0.0,0.0,,0.0,1,1.21,4.23,SPY211029C00446000,446.0,normalDay
2021-10-19,7735.0,208.0,0.0,100,450.64,443.0,0,0.0,0.0,,0.0,1,1.21,6.77,SPY211029C00446000,446.0,normalDay
2021-10-20,7735.0,324.0,0.0,100,452.41,443.0,0,0.0,0.0,,0.0,1,1.21,7.38,SPY211029C00446000,446.0,normalDay
2021-10-21,7735.0,337.0,0.0,100,453.59,443.0,0,0.0,0.0,,0.0,1,1.21,8.43,SPY211029C00446000,446.0,normalDay
2021-10-22,7735.0,363.0,0.0,100,453.12,443.0,0,0.0,0.0,,0.0,1,1.21,7.7,SPY211029C00446000,446.0,normalDay
2021-10-25,7735.0,446.0,0.0,100,455.55,443.0,0,0.0,0.0,,0.0,1,1.21,9.3,SPY211029C00446000,446.0,normalDay
2021-10-26,7735.0,371.0,0.0,100,455.96,443.0,0,0.0,0.0,,0.0,1,1.21,10.46,SPY211029C00446000,446.0,normalDay
2021-10-27,7735.0,373.0,0.0,100,453.94,443.0,0,0.0,0.0,,0.0,1,1.21,8.42,SPY211029C00446000,446.0,normalDay
2021-10-28,7735.0,451.0,0.0,100,458.32,443.0,0,0.0,0.0,,0.0,1,1.21,12.02,SPY211029C00446000,446.0,normalDay
2021-10-29,8156.0,451.0,421.0,0,459.25,0.0,0,0.0,0.0,,0.0,1,1.21,0.0,SPY211029C00446000,446.0,expirationDay
2021-11-01,8156.0,-3.0,0.0,0,460.04,0.0,1,0.05,0.08,SPY211105P00435000,435.0,0,0.0,0.0,,0.0,normalDay
2021-11-02,8156.0,-1.0,0.0,0,461.9,0.0,1,0.05,0.06,SPY211105P00435000,435.0,0,0.0,0.0,,0.0,normalDay
2021-11-03,8156.0,2.0,0.0,0,464.72,0.0,1,0.05,0.03,SPY211105P00435000,435.0,0,0.0,0.0,,0.0,normalDay
2021-11-04,8156.0,3.0,0.0,0,466.91,0.0,1,0.05,0.02,SPY211105P00435000,435.0,0,0.0,0.0,,0.0,normalDay
2021-11-05,8161.0,0.0,5.0,0,468.53,0.0,1,0.05,0.0,SPY211105P00435000,435.0,0,0.0,0.0,,0.0,expirationDay
2021-11-08,8161.0,-3.0,0.0,0,468.93,0.0,1,0.03,0.06,SPY211112P00442000,442.0,0,0.0,0.0,,0.0,normalDay
2021-11-09,8161.0,-2.0,0.0,0,467.38,0.0,1,0.03,0.05,SPY211112P00442000,442.0,0,0.0,0.0,,0.0,normalDay
2021-11-10,8161.0,-2.0,0.0,0,463.62,0.0,1,0.03,0.05,SPY211112P00442000,442.0,0,0.0,0.0,,0.0,normalDay
2021-11-11,8161.0,1.0,0.0,0,463.77,0.0,1,0.03,0.02,SPY211112P00442000,442.0,0,0.0,0.0,,0.0,normalDay
2021-11-12,8164.0,0.0,3.0,0,467.27,0.0,1,0.03,0.0,SPY211112P00442000,442.0,0,0.0,0.0,,0.0,expirationDay
2021-11-15,8164.0,-3.0,0.0,0,467.43,0.0,1,0.09,0.12,SPY211119P00453000,453.0,0,0.0,0.0,,0.0,normalDay
2021-11-16,8164.0,-1.0,0.0,0,469.28,0.0,1,0.09,0.1,SPY211119P00453000,453.0,0,0.0,0.0,,0.0,normalDay
2021-11-17,8164.0,3.0,0.0,0,468.14,0.0,1,0.09,0.06,SPY211119P00453000,453.0,0,0.0,0.0,,0.0,normalDay
2021-11-18,8164.0,5.0,0.0,0,469.73,0.0,1,0.09,0.04,SPY211119P00453000,453.0,0,0.0,0.0,,0.0,normalDay
2021-11-19,8173.0,0.0,9.0,0,468.89,0.0,1,0.09,0.0,SPY211119P00453000,453.0,0,0.0,0.0,,0.0,expirationDay
2021-11-22,8173.0,-4.0,0.0,0,467.57,0.0,1,0.44,0.48,SPY211126P00459000,459.0,0,0.0,0.0,,0.0,normalDay
2021-11-23,8173.0,15.0,0.0,0,468.19,0.0,1,0.44,0.29,SPY211126P00459000,459.0,0,0.0,0.0,,0.0,normalDay
2021-11-24,8173.0,38.0,0.0,0,469.44,0.0,1,0.44,0.06,SPY211126P00459000,459.0,0,0.0,0.0,,0.0,normalDay
2021-11-26,8217.0,-3.0,44.0,100,458.97,459.0,1,0.44,0.0,SPY211126P00459000,459.0,0,0.0,0.0,,0.0,expirationDay
2021-11-29,8217.0,557.0,0.0,100,464.6,459.0,0,0.0,0.0,,0.0,1,3.35,3.38,SPY211217C00471000,471.0,normalDay
2021-11-30,8217.0,-183.0,0.0,100,455.56,459.0,0,0.0,0.0,,0.0,1,3.35,1.74,SPY211217C00471000,471.0,normalDay
2021-12-01,8217.0,-616.0,0.0,100,450.5,459.0,0,0.0,0.0,,0.0,1,3.35,1.01,SPY211217C00471000,471.0,normalDay
2021-12-02,8217.0,20.0,0.0,100,457.4,459.0,0,0.0,0.0,,0.0,1,3.35,1.55,SPY211217C00471000,471.0,normalDay
2021-12-03,8217.0,-303.0,0.0,100,453.42,459.0,0,0.0,0.0,,0.0,1,3.35,0.8,SPY211217C00471000,471.0,normalDay
2021-12-06,8217.0,208.0,0.0,100,458.79,459.0,0,0.0,0.0,,0.0,1,3.35,1.06,SPY211217C00471000,471.0,normalDay
2021-12-07,8217.0,929.0,0.0,100,468.28,459.0,0,0.0,0.0,,0.0,1,3.35,3.34,SPY211217C00471000,471.0,normalDay
2021-12-08,8217.0,1074.0,0.0,100,469.52,459.0,0,0.0,0.0,,0.0,1,3.35,3.13,SPY211217C00471000,471.0,normalDay
2021-12-09,8217.0,877.0,0.0,100,466.35,459.0,0,0.0,0.0,,0.0,1,3.35,1.93,SPY211217C00471000,471.0,normalDay
2021-12-10,8217.0,1215.0,0.0,100,470.74,459.0,0,0.0,0.0,,0.0,1,3.35,2.94,SPY211217C00471000,471.0,normalDay
2021-12-13,8217.0,976.0,0.0,100,466.57,459.0,0,0.0,0.0,,0.0,1,3.35,1.16,SPY211217C00471000,471.0,normalDay
2021-12-14,8217.0,724.0,0.0,100,463.36,459.0,0,0.0,0.0,,0.0,1,3.35,0.47,SPY211217C00471000,471.0,normalDay
2021-12-15,8217.0,1313.0,0.0,100,470.6,459.0,0,0.0,0.0,,0.0,1,3.35,1.82,SPY211217C00471000,471.0,normalDay
2021-12-16,8217.0,1050.0,0.0,100,466.45,459.0,0,0.0,0.0,,0.0,1,3.35,0.3,SPY211217C00471000,471.0,normalDay
2021-12-17,8552.0,87.0,335.0,100,459.87,459.0,0,0.0,0.0,,0.0,1,3.35,0.0,SPY211217C00471000,471.0,expirationDay
2021-12-20,8552.0,-406.0,0.0,100,454.98,459.0,0,0.0,0.0,,0.0,1,1.01,1.05,SPY220107C00473000,473.0,normalDay
2021-12-21,8552.0,297.0,0.0,100,463.06,459.0,0,0.0,0.0,,0.0,1,1.01,2.1,SPY220107C00473000,473.0,normalDay
2021-12-22,8552.0,695.0,0.0,100,467.69,459.0,0,0.0,0.0,,0.0,1,1.01,2.75,SPY220107C00473000,473.0,normalDay
2021-12-23,8552.0,895.0,0.0,100,470.6,459.0,0,0.0,0.0,,0.0,1,1.01,3.66,SPY220107C00473000,473.0,normalDay
2021-12-27,8552.0,1232.0,0.0,100,477.26,459.0,0,0.0,0.0,,0.0,1,1.01,6.95,SPY220107C00473000,473.0,normalDay
2021-12-28,8552.0,1211.0,0.0,100,476.87,459.0,0,0.0,0.0,,0.0,1,1.01,6.77,SPY220107C00473000,473.0,normalDay
2021-12-29,8552.0,1297.0,0.0,100,477.48,459.0,0,0.0,0.0,,0.0,1,1.01,6.52,SPY220107C00473000,473.0,normalDay
2021-12-30,8552.0,1302.0,0.0,100,476.16,459.0,0,0.0,0.0,,0.0,1,1.01,5.15,SPY220107C00473000,473.0,normalDay
2021-12-31,8552.0,1261.0,0.0,100,474.96,459.0,0,0.0,0.0,,0.0,1,1.01,4.36,SPY220107C00473000,473.0,normalDay
2022-01-03,8552.0,1410.0,0.0,100,477.71,459.0,0,0.0,0.0,,0.0,1,1.01,5.62,SPY220107C00473000,473.0,normalDay
2022-01-04,8552.0,1429.0,0.0,100,477.55,459.0,0,0.0,0.0,,0.0,1,1.01,5.27,SPY220107C00473000,473.0,normalDay
2022-01-05,8552.0,961.0,0.0,100,468.38,459.0,0,0.0,0.0,,0.0,1,1.01,0.78,SPY220107C00473000,473.0,normalDay
2022-01-06,8552.0,974.0,0.0,100,467.94,459.0,0,0.0,0.0,,0.0,1,1.01,0.21,SPY220107C00473000,473.0,normalDay
2022-01-07,8653.0,709.0,101.0,100,466.09,459.0,0,0.0,0.0,,0.0,1,1.01,0.0,SPY220107C00473000,473.0,expirationDay
2022-01-10,8653.0,647.0,0.0,100,465.51,459.0,0,0.0,0.0,,0.0,1,0.85,0.89,SPY220128C00479000,479.0,normalDay
2022-01-11,8653.0,991.0,0.0,100,469.75,459.0,0,0.0,0.0,,0.0,1,0.85,1.69,SPY220128C00479000,479.0,normalDay
2022-01-12,8653.0,1090.0,0.0,100,471.02,459.0,0,0.0,0.0,,0.0,1,0.85,1.97,SPY220128C00479000,479.0,normalDay
2022-01-13,8653.0,561.0,0.0,100,464.53,459.0,0,0.0,0.0,,0.0,1,0.85,0.77,SPY220128C00479000,479.0,normalDay
2022-01-14,8653.0,597.0,0.0,100,464.72,459.0,0,0.0,0.0,,0.0,1,0.85,0.6,SPY220128C00479000,479.0,normalDay
2022-01-18,8653.0,-183.0,0.0,100,456.49,459.0,0,0.0,0.0,,0.0,1,0.85,0.17,SPY220128C00479000,479.0,normalDay
2022-01-19,8653.0,-647.0,0.0,100,451.75,459.0,0,0.0,0.0,,0.0,1,0.85,0.07,SPY220128C00479000,479.0,normalDay
2022-01-20,8653.0,-1144.0,0.0,100,446.75,459.0,0,0.0,0.0,,0.0,1,0.85,0.04,SPY220128C00479000,479.0,normalDay
2022-01-21,8653.0,-2020.0,0.0,100,437.98,459.0,0,0.0,0.0,,0.0,1,0.85,0.03,SPY220128C00479000,479.0,normalDay
2022-01-24,8653.0,-1834.0,0.0,100,439.84,459.0,0,0.0,0.0,,0.0,1,0.85,0.03,SPY220128C00479000,479.0,normalDay
2022-01-25,8653.0,-2370.0,0.0,100,434.47,459.0,0,0.0,0.0,,0.0,1,0.85,0.02,SPY220128C00479000,479.0,normalDay
2022-01-26,8653.0,-2478.0,0.0,100,433.38,459.0,0,0.0,0.0,,0.0,1,0.85,0.01,SPY220128C00479000,479.0,normalDay
2022-01-27,8653.0,-2692.0,0.0,100,431.24,459.0,0,0.0,0.0,,0.0,1,0.85,0.01,SPY220128C00479000,479.0,normalDay
2022-01-28,8738.0,-1705.0,85.0,100,441.95,459.0,0,0.0,0.0,,0.0,1,0.85,0.0,SPY220128C00479000,479.0,expirationDay
2022-01-31,8738.0,-912.0,0.0,100,449.91,459.0,0,0.0,0.0,,0.0,1,0.35,0.38,SPY220218C00479000,479.0,normalDay
2022-02-01,8738.0,-599.0,0.0,100,452.95,459.0,0,0.0,0.0,,0.0,1,0.35,0.29,SPY220218C00479000,479.0,normalDay
2022-02-02,8738.0,-155.0,0.0,100,457.35,459.0,0,0.0,0.0,,0.0,1,0.35,0.25,SPY220218C00479000,479.0,normalDay
2022-02-03,8738.0,-1223.0,0.0,100,446.6,459.0,0,0.0,0.0,,0.0,1,0.35,0.18,SPY220218C00479000,479.0,normalDay
2022-02-04,8738.0,-1001.0,0.0,100,448.7,459.0,0,0.0,0.0,,0.0,1,0.35,0.06,SPY220218C00479000,479.0,normalDay
2022-02-07,8738.0,-1143.0,0.0,100,447.26,459.0,0,0.0,0.0,,0.0,1,0.35,0.04,SPY220218C00479000,479.0,normalDay
2022-02-08,8738.0,-775.0,0.0,100,450.94,459.0,0,0.0,0.0,,0.0,1,0.35,0.04,SPY220218C00479000,479.0,normalDay
2022-02-09,8738.0,-123.0,0.0,100,457.54,459.0,0,0.0,0.0,,0.0,1,0.35,0.12,SPY220218C00479000,479.0,normalDay
2022-02-10,8738.0,-937.0,0.0,100,449.32,459.0,0,0.0,0.0,,0.0,1,0.35,0.04,SPY220218C00479000,479.0,normalDay
2022-02-11,8738.0,-1822.0,0.0,100,440.46,459.0,0,0.0,0.0,,0.0,1,0.35,0.03,SPY220218C00479000,479.0,normalDay
2022-02-14,8738.0,-1965.0,0.0,100,439.02,459.0,0,0.0,0.0,,0.0,1,0.35,0.02,SPY220218C00479000,479.0,normalDay
2022-02-15,8738.0,-1257.0,0.0,100,446.1,459.0,0,0.0,0.0,,0.0,1,0.35,0.02,SPY220218C00479000,479.0,normalDay
2022-02-16,8738.0,-1206.0,0.0,100,446.6,459.0,0,0.0,0.0,,0.0,1,0.35,0.01,SPY220218C00479000,479.0,normalDay
2022-02-17,8738.0,-2160.0,0.0,100,437.06,459.0,0,0.0,0.0,,0.0,1,0.35,0.01,SPY220218C00479000,479.0,normalDay
2022-02-18,8773.0,-2477.0,35.0,100,434.23,459.0,0,0.0,0.0,,0.0,1,0.35,0.0,SPY220218C00479000,479.0,expirationDay
2022-02-22,8773.0,-2947.0,0.0,100,429.57,459.0,0,0.0,0.0,,0.0,1,0.68,0.72,SPY220311C00456000,456.0,normalDay
2022-02-23,8773.0,-3663.0,0.0,100,421.95,459.0,0,0.0,0.0,,0.0,1,0.68,0.26,SPY220311C00456000,456.0,normalDay
2022-02-24,8773.0,-3036.0,0.0,100,428.3,459.0,0,0.0,0.0,,0.0,1,0.68,0.34,SPY220311C00456000,456.0,normalDay
2022-02-25,8773.0,-2143.0,0.0,100,437.75,459.0,0,0.0,0.0,,0.0,1,0.68,0.86,SPY220311C00456000,456.0,normalDay
2022-02-28,8773.0,-2245.0,0.0,100,436.63,459.0,0,0.0,0.0,,0.0,1,0.68,0.76,SPY220311C00456000,456.0,normalDay
2022-03-01,8773.0,-2874.0,0.0,100,429.98,459.0,0,0.0,0.0,,0.0,1,0.68,0.4,SPY220311C00456000,456.0,normalDay
2022-03-02,8773.0,-2100.0,0.0,100,437.89,459.0,0,0.0,0.0,,0.0,1,0.68,0.57,SPY220311C00456000,456.0,normalDay
2022-03-03,8773.0,-2288.0,0.0,100,435.71,459.0,0,0.0,0.0,,0.0,1,0.68,0.27,SPY220311C00456000,456.0,normalDay
2022-03-04,8773.0,-2622.0,0.0,100,432.17,459.0,0,0.0,0.0,,0.0,1,0.68,0.07,SPY220311C00456000,456.0,normalDay
2022-03-07,8773.0,-3892.0,0.0,100,419.43,459.0,0,0.0,0.0,,0.0,1,0.68,0.03,SPY220311C00456000,456.0,normalDay
2022-03-08,8773.0,-4209.0,0.0,100,416.25,459.0,0,0.0,0.0,,0.0,1,0.68,0.02,SPY220311C00456000,456.0,normalDay
2022-03-09,8773.0,-3092.0,0.0,100,427.41,459.0,0,0.0,0.0,,0.0,1,0.68,0.01,SPY220311C00456000,456.0,normalDay
2022-03-10,8773.0,-3285.0,0.0,100,425.48,459.0,0,0.0,0.0,,0.0,1,0.68,0.01,SPY220311C00456000,456.0,normalDay
2022-03-11,8841.0,-3893.0,68.0,100,420.07,459.0,0,0.0,0.0,,0.0,1,0.68,0.0,SPY220311C00456000,456.0,expirationDay
2022-03-14,8841.0,-4205.0,0.0,100,417.0,459.0,0,0.0,0.0,,0.0,1,1.11,1.16,SPY220401C00444000,444.0,normalDay
2022-03-15,8841.0,-3380.0,0.0,100,426.17,459.0,0,0.0,0.0,,0.0,1,1.11,2.08,SPY220401C00444000,444.0,normalDay
2022-03-16,8841.0,-2593.0,0.0,100,435.62,459.0,0,0.0,0.0,,0.0,1,1.11,3.66,SPY220401C00444000,444.0,normalDay
2022-03-17,8841.0,-2186.0,0.0,100,441.07,459.0,0,0.0,0.0,,0.0,1,1.11,5.04,SPY220401C00444000,444.0,normalDay
2022-03-18,8841.0,-2087.0,0.0,100,444.52,459.0,0,0.0,0.0,,0.0,1,1.11,7.5,SPY220401C00444000,444.0,normalDay
2022-03-21,8841.0,-2022.0,0.0,100,444.39,459.0,0,0.0,0.0,,0.0,1,1.11,6.72,SPY220401C00444000,444.0,normalDay
2022-03-22,8841.0,-1784.0,0.0,100,449.59,459.0,0,0.0,0.0,,0.0,1,1.11,9.54,SPY220401C00444000,444.0,normalDay
2022-03-23,8841.0,-1974.0,0.0,100,443.8,459.0,0,0.0,0.0,,0.0,1,1.11,5.65,SPY220401C00444000,444.0,normalDay
2022-03-24,8841.0,-1654.0,0.0,100,450.49,459.0,0,0.0,0.0,,0.0,1,1.11,9.14,SPY220401C00444000,444.0,normalDay
2022-03-25,8841.0,-1542.0,0.0,100,452.69,459.0,0,0.0,0.0,,0.0,1,1.11,10.22,SPY220401C00444000,444.0,normalDay
2022-03-28,8841.0,-1452.0,0.0,100,455.91,459.0,0,0.0,0.0,,0.0,1,1.11,12.54,SPY220401C00444000,444.0,normalDay
2022-03-29,8841.0,-1385.0,0.0,100,461.55,459.0,0,0.0,0.0,,0.0,1,1.11,17.51,SPY220401C00444000,444.0,normalDay
2022-03-30,8841.0,-1449.0,0.0,100,458.7,459.0,0,0.0,0.0,,0.0,1,1.11,15.3,SPY220401C00444000,444.0,normalDay
2022-03-31,8841.0,-1486.0,0.0,100,451.64,459.0,0,0.0,0.0,,0.0,1,1.11,8.61,SPY220401C00444000,444.0,normalDay
2022-04-01,7452.0,-1486.0,-1389.0,0,452.92,0.0,0,0.0,0.0,,0.0,1,1.11,0.0,SPY220401C00444000,444.0,expirationDay
2022-04-04,7452.0,-3.0,0.0,0,456.8,0.0,1,0.02,0.05,SPY220408P00424000,424.0,0,0.0,0.0,,0.0,normalDay
2022-04-05,7452.0,-4.0,0.0,0,451.03,0.0,1,0.02,0.06,SPY220408P00424000,424.0,0,0.0,0.0,,0.0,normalDay
2022-04-06,7452.0,-3.0,0.0,0,446.52,0.0,1,0.02,0.05,SPY220408P00424000,424.0,0,0.0,0.0,,0.0,normalDay
2022-04-07,7452.0,0.0,0.0,0,448.77,0.0,1,0.02,0.02,SPY220408P00424000,424.0,0,0.0,0.0,,0.0,normalDay
2022-04-08,7454.0,0.0,2.0,0,447.57,0.0,1,0.02,0.0,SPY220408P00424000,424.0,0,0.0,0.0,,0.0,expirationDay
2022-04-11,7454.0,-5.0,0.0,0,439.92,0.0,1,3.02,3.07,SPY220414P00438000,438.0,0,0.0,0.0,,0.0,normalDay
2022-04-12,7454.0,34.0,0.0,0,438.29,0.0,1,3.02,2.68,SPY220414P00438000,438.0,0,0.0,0.0,,0.0,normalDay
2022-04-13,7454.0,262.0,0.0,0,443.31,0.0,1,3.02,0.4,SPY220414P00438000,438.0,0,0.0,0.0,,0.0,normalDay
2022-04-14,7756.0,-21.0,302.0,100,437.79,438.0,1,3.02,0.0,SPY220414P00438000,438.0,0,0.0,0.0,,0.0,expirationDay
2022-04-18,7756.0,-7.0,0.0,100,437.97,438.0,0,0.0,0.0,,0.0,1,0.63,0.67,SPY220506C00459000,459.0,normalDay
2022-04-19,7756.0,658.0,0.0,100,445.04,438.0,0,0.0,0.0,,0.0,1,0.63,1.09,SPY220506C00459000,459.0,normalDay
2022-04-20,7756.0,607.0,0.0,100,444.71,438.0,0,0.0,0.0,,0.0,1,0.63,1.27,SPY220506C00459000,459.0,normalDay
2022-04-21,7756.0,27.0,0.0,100,438.06,438.0,0,0.0,0.0,,0.0,1,0.63,0.42,SPY220506C00459000,459.0,normalDay
2022-04-22,7756.0,-1143.0,0.0,100,426.04,438.0,0,0.0,0.0,,0.0,1,0.63,0.1,SPY220506C00459000,459.0,normalDay
2022-04-25,7756.0,-895.0,0.0,100,428.51,438.0,0,0.0,0.0,,0.0,1,0.63,0.09,SPY220506C00459000,459.0,normalDay
2022-04-26,7756.0,-2131.0,0.0,100,416.1,438.0,0,0.0,0.0,,0.0,1,0.63,0.04,SPY220506C00459000,459.0,normalDay
2022-04-27,7756.0,-2013.0,0.0,100,417.27,438.0,0,0.0,0.0,,0.0,1,0.63,0.03,SPY220506C00459000,459.0,normalDay
2022-04-28,7756.0,-960.0,0.0,100,427.81,438.0,0,0.0,0.0,,0.0,1,0.63,0.04,SPY220506C00459000,459.0,normalDay
2022-04-29,7756.0,-2539.0,0.0,100,412.0,438.0,0,0.0,0.0,,0.0,1,0.63,0.02,SPY220506C00459000,459.0,normalDay
2022-05-02,7756.0,-2291.0,0.0,100,414.48,438.0,0,0.0,0.0,,0.0,1,0.63,0.02,SPY220506C00459000,459.0,normalDay
2022-05-03,7756.0,-2100.0,0.0,100,416.38,438.0,0,0.0,0.0,,0.0,1,0.63,0.01,SPY220506C00459000,459.0,normalDay
2022-05-04,7756.0,-832.0,0.0,100,429.06,438.0,0,0.0,0.0,,0.0,1,0.63,0.01,SPY220506C00459000,459.0,normalDay
2022-05-05,7756.0,-2357.0,0.0,100,413.81,438.0,0,0.0,0.0,,0.0,1,0.63,0.01,SPY220506C00459000,459.0,normalDay
2022-05-06,7819.0,-2666.0,63.0,100,411.34,438.0,0,0.0,0.0,,0.0,1,0.63,0.0,SPY220506C00459000,459.0,expirationDay
2022-05-09,7819.0,-3986.0,0.0,100,398.17,438.0,0,0.0,0.0,,0.0,1,0.18,0.21,SPY220527C00447000,447.0,normalDay
2022-05-10,7819.0,-3885.0,0.0,100,399.09,438.0,0,0.0,0.0,,0.0,1,0.18,0.12,SPY220527C00447000,447.0,normalDay
2022-05-11,7819.0,-4515.0,0.0,100,392.75,438.0,0,0.0,0.0,,0.0,1,0.18,0.08,SPY220527C00447000,447.0,normalDay
2022-05-12,7819.0,-4555.0,0.0,100,392.34,438.0,0,0.0,0.0,,0.0,1,0.18,0.07,SPY220527C00447000,447.0,normalDay
2022-05-13,7819.0,-3615.0,0.0,100,401.72,438.0,0,0.0,0.0,,0.0,1,0.18,0.05,SPY220527C00447000,447.0,normalDay
2022-05-16,7819.0,-3776.0,0.0,100,400.09,438.0,0,0.0,0.0,,0.0,1,0.18,0.03,SPY220527C00447000,447.0,normalDay
2022-05-17,7819.0,-2953.0,0.0,100,408.32,438.0,0,0.0,0.0,,0.0,1,0.18,0.03,SPY220527C00447000,447.0,normalDay
2022-05-18,7819.0,-4598.0,0.0,100,391.86,438.0,0,0.0,0.0,,0.0,1,0.18,0.02,SPY220527C00447000,447.0,normalDay
2022-05-19,7819.0,-4838.0,0.0,100,389.46,438.0,0,0.0,0.0,,0.0,1,0.18,0.02,SPY220527C00447000,447.0,normalDay
2022-05-20,7819.0,-4821.0,0.0,100,389.63,438.0,0,0.0,0.0,,0.0,1,0.18,0.02,SPY220527C00447000,447.0,normalDay
2022-05-23,7819.0,-4092.0,0.0,100,396.92,438.0,0,0.0,0.0,,0.0,1,0.18,0.02,SPY220527C00447000,447.0,normalDay
2022-05-24,7819.0,-4394.0,0.0,100,393.89,438.0,0,0.0,0.0,,0.0,1,0.18,0.01,SPY220527C00447000,447.0,normalDay
2022-05-25,7819.0,-4046.0,0.0,100,397.37,438.0,0,0.0,0.0,,0.0,1,0.18,0.01,SPY220527C00447000,447.0,normalDay
2022-05-26,7819.0,-3252.0,0.0,100,405.31,438.0,0,0.0,0.0,,0.0,1,0.18,0.01,SPY220527C00447000,447.0,normalDay
2022-05-27,7837.0,-2274.0,18.0,100,415.26,438.0,0,0.0,0.0,,0.0,1,0.18,0.0,SPY220527C00447000,447.0,expirationDay
2022-05-31,7837.0,-2513.0,0.0,100,412.93,438.0,0,0.0,0.0,,0.0,1,6.06,6.12,SPY220617C00419000,419.0,normalDay
2022-06-01,7837.0,-2618.0,0.0,100,409.59,438.0,0,0.0,0.0,,0.0,1,6.06,3.83,SPY220617C00419000,419.0,normalDay
2022-06-02,7837.0,-2121.0,0.0,100,417.39,438.0,0,0.0,0.0,,0.0,1,6.06,6.66,SPY220617C00419000,419.0,normalDay
2022-06-03,7837.0,-2487.0,0.0,100,410.54,438.0,0,0.0,0.0,,0.0,1,6.06,3.47,SPY220617C00419000,419.0,normalDay
2022-06-06,7837.0,-2356.0,0.0,100,411.79,438.0,0,0.0,0.0,,0.0,1,6.06,3.41,SPY220617C00419000,419.0,normalDay
2022-06-07,7837.0,-2059.0,0.0,100,415.74,438.0,0,0.0,0.0,,0.0,1,6.06,4.39,SPY220617C00419000,419.0,normalDay
2022-06-08,7837.0,-2325.0,0.0,100,411.22,438.0,0,0.0,0.0,,0.0,1,6.06,2.53,SPY220617C00419000,419.0,normalDay
2022-06-09,7837.0,-3141.0,0.0,100,401.44,438.0,0,0.0,0.0,,0.0,1,6.06,0.91,SPY220617C00419000,419.0,normalDay
2022-06-10,7837.0,-4225.0,0.0,100,389.8,438.0,0,0.0,0.0,,0.0,1,6.06,0.11,SPY220617C00419000,419.0,normalDay
2022-06-13,7837.0,-5699.0,0.0,100,375.0,438.0,0,0.0,0.0,,0.0,1,6.06,0.05,SPY220617C00419000,419.0,normalDay
2022-06-14,7837.0,-5810.0,0.0,100,373.87,438.0,0,0.0,0.0,,0.0,1,6.06,0.03,SPY220617C00419000,419.0,normalDay
2022-06-15,7837.0,-5275.0,0.0,100,379.2,438.0,0,0.0,0.0,,0.0,1,6.06,0.01,SPY220617C00419000,419.0,normalDay
2022-06-16,7837.0,-6530.0,0.0,100,366.65,438.0,0,0.0,0.0,,0.0,1,6.06,0.01,SPY220617C00419000,419.0,normalDay
2022-06-17,8443.0,-7214.0,606.0,100,365.86,438.0,0,0.0,0.0,,0.0,1,6.06,0.0,SPY220617C00419000,419.0,expirationDay
2022-06-21,8443.0,-6296.0,0.0,100,375.07,438.0,0,0.0,0.0,,0.0,1,0.07,0.1,SPY220708C00423000,423.0,normalDay
2022-06-22,8443.0,-6364.0,0.0,100,374.39,438.0,0,0.0,0.0,,0.0,1,0.07,0.1,SPY220708C00423000,423.0,normalDay
2022-06-23,8443.0,-5996.0,0.0,100,378.06,438.0,0,0.0,0.0,,0.0,1,0.07,0.09,SPY220708C00423000,423.0,normalDay
2022-06-24,8443.0,-4802.0,0.0,100,390.08,438.0,0,0.0,0.0,,0.0,1,0.07,0.17,SPY220708C00423000,423.0,normalDay
2022-06-27,8443.0,-4948.0,0.0,100,388.59,438.0,0,0.0,0.0,,0.0,1,0.07,0.14,SPY220708C00423000,423.0,normalDay
2022-06-28,8443.0,-5733.0,0.0,100,380.65,438.0,0,0.0,0.0,,0.0,1,0.07,0.05,SPY220708C00423000,423.0,normalDay
2022-06-29,8443.0,-5763.0,0.0,100,380.34,438.0,0,0.0,0.0,,0.0,1,0.07,0.04,SPY220708C00423000,423.0,normalDay
2022-06-30,8443.0,-6070.0,0.0,100,377.25,438.0,0,0.0,0.0,,0.0,1,0.07,0.02,SPY220708C00423000,423.0,normalDay
2022-07-01,8443.0,-5670.0,0.0,100,381.24,438.0,0,0.0,0.0,,0.0,1,0.07,0.01,SPY220708C00423000,423.0,normalDay
2022-07-05,8443.0,-5598.0,0.0,100,381.96,438.0,0,0.0,0.0,,0.0,1,0.07,0.01,SPY220708C00423000,423.0,normalDay
2022-07-06,8443.0,-5469.0,0.0,100,383.25,438.0,0,0.0,0.0,,0.0,1,0.07,0.01,SPY220708C00423000,423.0,normalDay
2022-07-07,8443.0,-4895.0,0.0,100,388.99,438.0,0,0.0,0.0,,0.0,1,0.07,0.01,SPY220708C00423000,423.0,normalDay
2022-07-08,8450.0,-4933.0,7.0,100,388.67,438.0,0,0.0,0.0,,0.0,1,0.07,0.0,SPY220708C00423000,423.0,expirationDay
2022-07-11,8450.0,-5383.0,0.0,100,384.23,438.0,0,0.0,0.0,,0.0,1,5.5,5.56,SPY220729C00391000,391.0,normalDay
2022-07-12,8450.0,-5571.0,0.0,100,380.83,438.0,0,0.0,0.0,,0.0,1,5.5,4.04,SPY220729C00391000,391.0,normalDay
2022-07-13,8450.0,-5675.0,0.0,100,378.83,438.0,0,0.0,0.0,,0.0,1,5.5,3.08,SPY220729C00391000,391.0,normalDay
2022-07-14,8450.0,-5715.0,0.0,100,377.91,438.0,0,0.0,0.0,,0.0,1,5.5,2.56,SPY220729C00391000,391.0,normalDay
2022-07-15,8450.0,-5153.0,0.0,100,385.13,438.0,0,0.0,0.0,,0.0,1,5.5,4.16,SPY220729C00391000,391.0,normalDay
2022-07-18,8450.0,-5342.0,0.0,100,381.95,438.0,0,0.0,0.0,,0.0,1,5.5,2.87,SPY220729C00391000,391.0,normalDay
2022-07-19,8450.0,-4795.0,0.0,100,392.27,438.0,0,0.0,0.0,,0.0,1,5.5,7.72,SPY220729C00391000,391.0,normalDay
2022-07-20,8450.0,-4637.0,0.0,100,394.77,438.0,0,0.0,0.0,,0.0,1,5.5,8.64,SPY220729C00391000,391.0,normalDay
2022-07-21,8450.0,-4402.0,0.0,100,398.79,438.0,0,0.0,0.0,,0.0,1,5.5,10.31,SPY220729C00391000,391.0,normalDay
2022-07-22,8450.0,-4454.0,0.0,100,395.09,438.0,0,0.0,0.0,,0.0,1,5.5,7.13,SPY220729C00391000,391.0,normalDay
2022-07-25,8450.0,-4453.0,0.0,100,395.57,438.0,0,0.0,0.0,,0.0,1,5.5,7.6,SPY220729C00391000,391.0,normalDay
2022-07-26,8450.0,-4651.0,0.0,100,390.89,438.0,0,0.0,0.0,,0.0,1,5.5,4.9,SPY220729C00391000,391.0,normalDay
2022-07-27,8450.0,-4163.0,0.0,100,401.04,438.0,0,0.0,0.0,,0.0,1,5.5,10.17,SPY220729C00391000,391.0,normalDay
2022-07-28,8450.0,-4288.0,0.0,100,406.07,438.0,0,0.0,0.0,,0.0,1,5.5,16.45,SPY220729C00391000,391.0,normalDay
2022-07-29,4300.0,-4288.0,-4150.0,0,411.99,0.0,0,0.0,0.0,,0.0,1,5.5,0.0,SPY220729C00391000,391.0,expirationDay
2022-08-01,4300.0,-3.0,0.0,0,410.77,0.0,1,0.03,0.06,SPY220805P00379000,379.0,0,0.0,0.0,,0.0,normalDay
2022-08-02,4300.0,-3.0,0.0,0,408.06,0.0,1,0.03,0.06,SPY220805P00379000,379.0,0,0.0,0.0,,0.0,normalDay
2022-08-03,4300.0,0.0,0.0,0,414.45,0.0,1,0.03,0.03,SPY220805P00379000,379.0,0,0.0,0.0,,0.0,normalDay
2022-08-04,4300.0,2.0,0.0,0,414.17,0.0,1,0.03,0.01,SPY220805P00379000,379.0,0,0.0,0.0,,0.0,normalDay
2022-08-05,4303.0,0.0,3.0,0,413.47,0.0,1,0.03,0.0,SPY220805P00379000,379.0,0,0.0,0.0,,0.0,expirationDay
2022-08-08,4303.0,-3.0,0.0,0,412.99,0.0,1,0.01,0.04,SPY220812P00383000,383.0,0,0.0,0.0,,0.0,normalDay
2022-08-09,4303.0,-3.0,0.0,0,411.35,0.0,1,0.01,0.04,SPY220812P00383000,383.0,0,0.0,0.0,,0.0,normalDay
2022-08-10,4303.0,-1.0,0.0,0,419.99,0.0,1,0.01,0.02,SPY220812P00383000,383.0,0,0.0,0.0,,0.0,normalDay
2022-08-11,4303.0,0.0,0.0,0,419.99,0.0,1,0.01,0.01,SPY220812P00383000,383.0,0,0.0,0.0,,0.0,normalDay
2022-08-12,4304.0,0.0,1.0,0,427.1,0.0,1,0.01,0.0,SPY220812P00383000,383.0,0,0.0,0.0,,0.0,expirationDay
2022-08-15,4304.0,-3.0,0.0,0,428.86,0.0,1,0.01,0.04,SPY220819P00395000,395.0,0,0.0,0.0,,0.0,normalDay
2022-08-16,4304.0,-3.0,0.0,0,429.7,0.0,1,0.01,0.04,SPY220819P00395000,395.0,0,0.0,0.0,,0.0,normalDay
2022-08-17,4304.0,-1.0,0.0,0,426.65,0.0,1,0.01,0.02,SPY220819P00395000,395.0,0,0.0,0.0,,0.0,normalDay
2022-08-18,4304.0,-1.0,0.0,0,427.89,0.0,1,0.01,0.02,SPY220819P00395000,395.0,0,0.0,0.0,,0.0,normalDay
2022-08-19,4305.0,0.0,1.0,0,422.14,0.0,1,0.01,0.0,SPY220819P00395000,395.0,0,0.0,0.0,,0.0,expirationDay
2022-08-22,4305.0,-3.0,0.0,0,413.35,0.0,1,1.04,1.07,SPY220826P00404000,404.0,0,0.0,0.0,,0.0,normalDay
2022-08-23,4305.0,-5.0,0.0,0,412.35,0.0,1,1.04,1.09,SPY220826P00404000,404.0,0,0.0,0.0,,0.0,normalDay
2022-08-24,4305.0,63.0,0.0,0,413.67,0.0,1,1.04,0.41,SPY220826P00404000,404.0,0,0.0,0.0,,0.0,normalDay
2022-08-25,4305.0,97.0,0.0,0,419.51,0.0,1,1.04,0.07,SPY220826P00404000,404.0,0,0.0,0.0,,0.0,normalDay
2022-08-26,4409.0,0.0,104.0,0,405.31,0.0,1,1.04,0.0,SPY220826P00404000,404.0,0,0.0,0.0,,0.0,expirationDay
2022-08-29,4409.0,-4.0,0.0,0,402.63,0.0,1,7.27,7.31,SPY220902P00408000,408.0,0,0.0,0.0,,0.0,normalDay
2022-08-30,4409.0,-310.0,0.0,0,398.21,0.0,1,7.27,10.37,SPY220902P00408000,408.0,0,0.0,0.0,,0.0,normalDay
2022-08-31,4409.0,-554.0,0.0,0,395.18,0.0,1,7.27,12.81,SPY220902P00408000,408.0,0,0.0,0.0,,0.0,normalDay
2022-09-01,4409.0,-446.0,0.0,0,396.42,0.0,1,7.27,11.73,SPY220902P00408000,408.0,0,0.0,0.0,,0.0,normalDay
2022-09-02,5136.0,-1576.0,727.0,100,392.24,408.0,1,7.27,0.0,SPY220902P00408000,408.0,0,0.0,0.0,,0.0,expirationDay
2022-09-06,5136.0,-1727.0,0.0,100,390.76,408.0,0,0.0,0.0,,0.0,1,0.09,0.12,SPY220923C00432000,432.0,normalDay
2022-09-07,5136.0,-1033.0,0.0,100,397.78,408.0,0,0.0,0.0,,0.0,1,0.09,0.2,SPY220923C00432000,432.0,normalDay
2022-09-08,5136.0,-773.0,0.0,100,400.38,408.0,0,0.0,0.0,,0.0,1,0.09,0.2,SPY220923C00432000,432.0,normalDay
2022-09-09,5136.0,-158.0,0.0,100,406.6,408.0,0,0.0,0.0,,0.0,1,0.09,0.27,SPY220923C00432000,432.0,normalDay
2022-09-12,5136.0,245.0,0.0,100,410.97,408.0,0,0.0,0.0,,0.0,1,0.09,0.61,SPY220923C00432000,432.0,normalDay
2022-09-13,5136.0,-1486.0,0.0,100,393.1,408.0,0,0.0,0.0,,0.0,1,0.09,0.05,SPY220923C00432000,432.0,normalDay
2022-09-14,5136.0,-1335.0,0.0,100,394.6,408.0,0,0.0,0.0,,0.0,1,0.09,0.04,SPY220923C00432000,432.0,normalDay
2022-09-15,5136.0,-1781.0,0.0,100,390.12,408.0,0,0.0,0.0,,0.0,1,0.09,0.02,SPY220923C00432000,432.0,normalDay
2022-09-16,5136.0,-2237.0,0.0,100,385.56,408.0,0,0.0,0.0,,0.0,1,0.09,0.02,SPY220923C00432000,432.0,normalDay
2022-09-19,5136.0,-1937.0,0.0,100,388.55,408.0,0,0.0,0.0,,0.0,1,0.09,0.01,SPY220923C00432000,432.0,normalDay
2022-09-20,5136.0,-2383.0,0.0,100,384.09,408.0,0,0.0,0.0,,0.0,1,0.09,0.01,SPY220923C00432000,432.0,normalDay
2022-09-21,5136.0,-3053.0,0.0,100,377.39,408.0,0,0.0,0.0,,0.0,1,0.09,0.01,SPY220923C00432000,432.0,normalDay
2022-09-22,5136.0,-3370.0,0.0,100,374.22,408.0,0,0.0,0.0,,0.0,1,0.09,0.01,SPY220923C00432000,432.0,normalDay
2022-09-23,5145.0,-4005.0,9.0,100,367.95,408.0,0,0.0,0.0,,0.0,1,0.09,0.0,SPY220923C00432000,432.0,expirationDay
2022-09-26,5145.0,-4372.0,0.0,100,364.31,408.0,0,0.0,0.0,,0.0,1,0.17,0.2,SPY221014C00409000,409.0,normalDay
2022-09-27,5145.0,-4459.0,0.0,100,363.38,408.0,0,0.0,0.0,,0.0,1,0.17,0.14,SPY221014C00409000,409.0,normalDay
2022-09-28,5145.0,-3753.0,0.0,100,370.53,408.0,0,0.0,0.0,,0.0,1,0.17,0.23,SPY221014C00409000,409.0,normalDay
2022-09-29,5145.0,-4513.0,0.0,100,362.79,408.0,0,0.0,0.0,,0.0,1,0.17,0.09,SPY221014C00409000,409.0,normalDay
2022-09-30,5145.0,-5070.0,0.0,100,357.18,408.0,0,0.0,0.0,,0.0,1,0.17,0.05,SPY221014C00409000,409.0,normalDay
2022-10-03,5145.0,-4128.0,0.0,100,366.61,408.0,0,0.0,0.0,,0.0,1,0.17,0.06,SPY221014C00409000,409.0,normalDay
2022-10-04,5145.0,-3007.0,0.0,100,377.97,408.0,0,0.0,0.0,,0.0,1,0.17,0.21,SPY221014C00409000,409.0,normalDay
2022-10-05,5145.0,-3085.0,0.0,100,377.09,408.0,0,0.0,0.0,,0.0,1,0.17,0.11,SPY221014C00409000,409.0,normalDay
2022-10-06,5145.0,-3470.0,0.0,100,373.2,408.0,0,0.0,0.0,,0.0,1,0.17,0.07,SPY221014C00409000,409.0,normalDay
2022-10-07,5145.0,-4506.0,0.0,100,362.79,408.0,0,0.0,0.0,,0.0,1,0.17,0.02,SPY221014C00409000,409.0,normalDay
2022-10-10,5145.0,-4782.0,0.0,100,360.02,408.0,0,0.0,0.0,,0.0,1,0.17,0.01,SPY221014C00409000,409.0,normalDay
2022-10-11,5145.0,-5010.0,0.0,100,357.74,408.0,0,0.0,0.0,,0.0,1,0.17,0.01,SPY221014C00409000,409.0,normalDay
2022-10-12,5145.0,-5128.0,0.0,100,356.56,408.0,0,0.0,0.0,,0.0,1,0.17,0.01,SPY221014C00409000,409.0,normalDay
2022-10-13,5145.0,-4187.0,0.0,100,365.97,408.0,0,0.0,0.0,,0.0,1,0.17,0.01,SPY221014C00409000,409.0,normalDay
2022-10-14,5162.0,-5037.0,17.0,100,357.63,408.0,0,0.0,0.0,,0.0,1,0.17,0.0,SPY221014C00409000,409.0,expirationDay
2022-10-17,5162.0,-4123.0,0.0,100,366.82,408.0,0,0.0,0.0,,0.0,1,4.8,4.85,SPY221104C00379000,379.0,normalDay
2022-10-18,5162.0,-3840.0,0.0,100,371.13,408.0,0,0.0,0.0,,0.0,1,4.8,6.33,SPY221104C00379000,379.0,normalDay
2022-10-19,5162.0,-3928.0,0.0,100,368.5,408.0,0,0.0,0.0,,0.0,1,4.8,4.58,SPY221104C00379000,379.0,normalDay
2022-10-20,5162.0,-4112.0,0.0,100,365.41,408.0,0,0.0,0.0,,0.0,1,4.8,3.33,SPY221104C00379000,379.0,normalDay
2022-10-21,5162.0,-3523.0,0.0,100,374.29,408.0,0,0.0,0.0,,0.0,1,4.8,6.32,SPY221104C00379000,379.0,normalDay
2022-10-24,5162.0,-3255.0,0.0,100,378.87,408.0,0,0.0,0.0,,0.0,1,4.8,8.22,SPY221104C00379000,379.0,normalDay
2022-10-25,5162.0,-2854.0,0.0,100,384.92,408.0,0,0.0,0.0,,0.0,1,4.8,10.26,SPY221104C00379000,379.0,normalDay
2022-10-26,5162.0,-3052.0,0.0,100,382.02,408.0,0,0.0,0.0,,0.0,1,4.8,9.34,SPY221104C00379000,379.0,normalDay
2022-10-27,5162.0,-2852.0,0.0,100,379.98,408.0,0,0.0,0.0,,0.0,1,4.8,5.3,SPY221104C00379000,379.0,normalDay
2022-10-28,5162.0,-2694.0,0.0,100,389.02,408.0,0,0.0,0.0,,0.0,1,4.8,12.76,SPY221104C00379000,379.0,normalDay
2022-10-31,5162.0,-2691.0,0.0,100,386.21,408.0,0,0.0,0.0,,0.0,1,4.8,9.92,SPY221104C00379000,379.0,normalDay
2022-11-01,5162.0,-2679.0,0.0,100,384.52,408.0,0,0.0,0.0,,0.0,1,4.8,8.11,SPY221104C00379000,379.0,normalDay
2022-11-02,5162.0,-3017.0,0.0,100,374.87,408.0,0,0.0,0.0,,0.0,1,4.8,1.84,SPY221104C00379000,379.0,normalDay
2022-11-03,5162.0,-3260.0,0.0,100,371.01,408.0,0,0.0,0.0,,0.0,1,4.8,0.41,SPY221104C00379000,379.0,normalDay
2022-11-04,5642.0,-3165.0,480.0,100,376.35,408.0,0,0.0,0.0,,0.0,1,4.8,0.0,SPY221104C00379000,379.0,expirationDay
2022-11-07,5642.0,-2809.0,0.0,100,379.95,408.0,0,0.0,0.0,,0.0,1,4.65,4.69,SPY221125C00388000,388.0,normalDay
2022-11-08,5642.0,-2667.0,0.0,100,382.0,408.0,0,0.0,0.0,,0.0,1,4.65,5.32,SPY221125C00388000,388.0,normalDay
2022-11-09,5642.0,-3195.0,0.0,100,374.13,408.0,0,0.0,0.0,,0.0,1,4.65,2.73,SPY221125C00388000,388.0,normalDay
2022-11-10,5642.0,-2039.0,0.0,100,394.69,408.0,0,0.0,0.0,,0.0,1,4.65,11.73,SPY221125C00388000,388.0,normalDay
2022-11-11,5642.0,-1825.0,0.0,100,398.51,408.0,0,0.0,0.0,,0.0,1,4.65,13.41,SPY221125C00388000,388.0,normalDay
2022-11-14,5642.0,-1906.0,0.0,100,395.12,408.0,0,0.0,0.0,,0.0,1,4.65,10.83,SPY221125C00388000,388.0,normalDay
2022-11-15,5642.0,-1787.0,0.0,100,398.49,408.0,0,0.0,0.0,,0.0,1,4.65,13.01,SPY221125C00388000,388.0,normalDay
2022-11-16,5642.0,-1803.0,0.0,100,395.45,408.0,0,0.0,0.0,,0.0,1,4.65,10.13,SPY221125C00388000,388.0,normalDay
2022-11-17,5642.0,-1774.0,0.0,100,394.24,408.0,0,0.0,0.0,,0.0,1,4.65,8.63,SPY221125C00388000,388.0,normalDay
2022-11-18,5642.0,-1634.0,0.0,100,396.03,408.0,0,0.0,0.0,,0.0,1,4.65,9.02,SPY221125C00388000,388.0,normalDay
2022-11-21,5642.0,-1633.0,0.0,100,394.59,408.0,0,0.0,0.0,,0.0,1,4.65,7.57,SPY221125C00388000,388.0,normalDay
2022-11-22,5642.0,-1555.0,0.0,100,399.9,408.0,0,0.0,0.0,,0.0,1,4.65,12.1,SPY221125C00388000,388.0,normalDay
2022-11-23,5642.0,-1552.0,0.0,100,402.42,408.0,0,0.0,0.0,,0.0,1,4.65,14.59,SPY221125C00388000,388.0,normalDay
2022-11-25,4107.0,-1552.0,-1535.0,0,402.33,0.0,0,0.0,0.0,,0.0,1,4.65,0.0,SPY221125C00388000,388.0,expirationDay
2022-11-28,4107.0,-3.0,0.0,0,395.91,0.0,1,0.13,0.16,SPY221202P00378000,378.0,0,0.0,0.0,,0.0,normalDay
2022-11-29,4107.0,0.0,0.0,0,395.23,0.0,1,0.13,0.13,SPY221202P00378000,378.0,0,0.0,0.0,,0.0,normalDay
2022-11-30,4107.0,9.0,0.0,0,407.68,0.0,1,0.13,0.04,SPY221202P00378000,378.0,0,0.0,0.0,,0.0,normalDay
2022-12-01,4107.0,11.0,0.0,0,407.38,0.0,1,0.13,0.02,SPY221202P00378000,378.0,0,0.0,0.0,,0.0,normalDay
2022-12-02,4120.0,0.0,13.0,0,406.91,0.0,1,0.13,0.0,SPY221202P00378000,378.0,0,0.0,0.0,,0.0,expirationDay
2022-12-05,4120.0,-3.0,0.0,0,399.59,0.0,1,0.18,0.21,SPY221209P00386000,386.0,0,0.0,0.0,,0.0,normalDay
2022-12-06,4120.0,-51.0,0.0,0,393.83,0.0,1,0.18,0.69,SPY221209P00386000,386.0,0,0.0,0.0,,0.0,normalDay
2022-12-07,4120.0,-35.0,0.0,0,393.16,0.0,1,0.18,0.53,SPY221209P00386000,386.0,0,0.0,0.0,,0.0,normalDay
2022-12-08,4120.0,7.0,0.0,0,396.24,0.0,1,0.18,0.11,SPY221209P00386000,386.0,0,0.0,0.0,,0.0,normalDay
2022-12-09,4138.0,0.0,18.0,0,393.28,0.0,1,0.18,0.0,SPY221209P00386000,386.0,0,0.0,0.0,,0.0,expirationDay
2022-12-12,4138.0,-4.0,0.0,0,398.95,0.0,1,4.87,4.91,SPY221216P00393000,393.0,0,0.0,0.0,,0.0,normalDay
2022-12-13,4138.0,287.0,0.0,0,401.97,0.0,1,4.87,2.0,SPY221216P00393000,393.0,0,0.0,0.0,,0.0,normalDay
2022-12-14,4138.0,367.0,0.0,0,399.4,0.0,1,4.87,1.2,SPY221216P00393000,393.0,0,0.0,0.0,,0.0,normalDay
2022-12-15,4138.0,-82.0,0.0,0,389.63,0.0,1,4.87,5.69,SPY221216P00393000,393.0,0,0.0,0.0,,0.0,normalDay
2022-12-16,4625.0,-973.0,487.0,100,383.27,393.0,1,4.87,0.0,SPY221216P00393000,393.0,0,0.0,0.0,,0.0,expirationDay
2022-12-19,4625.0,-1301.0,0.0,100,380.02,393.0,0,0.0,0.0,,0.0,1,0.26,0.29,SPY230106C00408000,408.0,normalDay
2022-12-20,4625.0,-1245.0,0.0,100,380.54,393.0,0,0.0,0.0,,0.0,1,0.26,0.25,SPY230106C00408000,408.0,normalDay
2022-12-21,4625.0,-688.0,0.0,100,386.23,393.0,0,0.0,0.0,,0.0,1,0.26,0.37,SPY230106C00408000,408.0,normalDay
2022-12-22,4625.0,-1220.0,0.0,100,380.72,393.0,0,0.0,0.0,,0.0,1,0.26,0.18,SPY230106C00408000,408.0,normalDay
2022-12-23,4625.0,-995.0,0.0,100,382.91,393.0,0,0.0,0.0,,0.0,1,0.26,0.12,SPY230106C00408000,408.0,normalDay
2022-12-27,4625.0,-1142.0,0.0,100,381.4,393.0,0,0.0,0.0,,0.0,1,0.26,0.08,SPY230106C00408000,408.0,normalDay
2022-12-28,4625.0,-1612.0,0.0,100,376.66,393.0,0,0.0,0.0,,0.0,1,0.26,0.04,SPY230106C00408000,408.0,normalDay
2022-12-29,4625.0,-935.0,0.0,100,383.44,393.0,0,0.0,0.0,,0.0,1,0.26,0.05,SPY230106C00408000,408.0,normalDay
2022-12-30,4625.0,-1034.0,0.0,100,382.43,393.0,0,0.0,0.0,,0.0,1,0.26,0.03,SPY230106C00408000,408.0,normalDay
2023-01-03,4625.0,-1194.0,0.0,100,380.82,393.0,0,0.0,0.0,,0.0,1,0.26,0.02,SPY230106C00408000,408.0,normalDay
2023-01-04,4625.0,-899.0,0.0,100,383.76,393.0,0,0.0,0.0,,0.0,1,0.26,0.01,SPY230106C00408000,408.0,normalDay
2023-01-05,4625.0,-1337.0,0.0,100,379.38,393.0,0,0.0,0.0,,0.0,1,0.26,0.01,SPY230106C00408000,408.0,normalDay
2023-01-06,4651.0,-492.0,26.0,100,388.08,393.0,0,0.0,0.0,,0.0,1,0.26,0.0,SPY230106C00408000,408.0,expirationDay
2023-01-09,4651.0,-519.0,0.0,100,387.86,393.0,0,0.0,0.0,,0.0,1,3.3,3.35,SPY230127C00397000,397.0,normalDay
2023-01-10,4651.0,-299.0,0.0,100,390.58,393.0,0,0.0,0.0,,0.0,1,3.3,3.87,SPY230127C00397000,397.0,normalDay
2023-01-11,4651.0,-40.0,0.0,100,395.52,393.0,0,0.0,0.0,,0.0,1,3.3,6.22,SPY230127C00397000,397.0,normalDay
2023-01-12,4651.0,175.0,0.0,100,396.96,393.0,0,0.0,0.0,,0.0,1,3.3,5.51,SPY230127C00397000,397.0,normalDay
2023-01-13,4651.0,334.0,0.0,100,398.5,393.0,0,0.0,0.0,,0.0,1,3.3,5.46,SPY230127C00397000,397.0,normalDay
2023-01-17,4651.0,327.0,0.0,100,397.77,393.0,0,0.0,0.0,,0.0,1,3.3,4.8,SPY230127C00397000,397.0,normalDay
2023-01-18,4651.0,-4.0,0.0,100,391.49,393.0,0,0.0,0.0,,0.0,1,3.3,1.83,SPY230127C00397000,397.0,normalDay
2023-01-19,4651.0,-200.0,0.0,100,388.64,393.0,0,0.0,0.0,,0.0,1,3.3,0.94,SPY230127C00397000,397.0,normalDay
2023-01-20,4651.0,331.0,0.0,100,395.88,393.0,0,0.0,0.0,,0.0,1,3.3,2.87,SPY230127C00397000,397.0,normalDay
2023-01-23,4651.0,563.0,0.0,100,400.63,393.0,0,0.0,0.0,,0.0,1,3.3,5.3,SPY230127C00397000,397.0,normalDay
2023-01-24,4651.0,487.0,0.0,100,400.2,393.0,0,0.0,0.0,,0.0,1,3.3,5.63,SPY230127C00397000,397.0,normalDay
2023-01-25,4651.0,613.0,0.0,100,400.35,393.0,0,0.0,0.0,,0.0,1,3.3,4.52,SPY230127C00397000,397.0,normalDay
2023-01-26,4651.0,695.0,0.0,100,404.75,393.0,0,0.0,0.0,,0.0,1,3.3,8.1,SPY230127C00397000,397.0,normalDay
2023-01-27,5381.0,695.0,730.0,0,405.68,0.0,0,0.0,0.0,,0.0,1,3.3,0.0,SPY230127C00397000,397.0,expirationDay
2023-01-30,5381.0,-3.0,0.0,0,400.59,0.0,1,0.3,0.33,SPY230203P00384000,384.0,0,0.0,0.0,,0.0,normalDay
2023-01-31,5381.0,17.0,0.0,0,406.48,0.0,1,0.3,0.13,SPY230203P00384000,384.0,0,0.0,0.0,,0.0,normalDay
2023-02-01,5381.0,24.0,0.0,0,410.8,0.0,1,0.3,0.06,SPY230203P00384000,384.0,0,0.0,0.0,,0.0,normalDay
2023-02-02,5381.0,27.0,0.0,0,416.78,0.0,1,0.3,0.03,SPY230203P00384000,384.0,0,0.0,0.0,,0.0,normalDay
2023-02-03,5411.0,0.0,30.0,0,412.35,0.0,1,0.3,0.0,SPY230203P00384000,384.0,0,0.0,0.0,,0.0,expirationDay
2023-02-06,5411.0,-3.0,0.0,0,409.83,0.0,1,0.06,0.09,SPY230210P00391000,391.0,0,0.0,0.0,,0.0,normalDay
2023-02-07,5411.0,2.0,0.0,0,415.19,0.0,1,0.06,0.04,SPY230210P00391000,391.0,0,0.0,0.0,,0.0,normalDay
2023-02-08,5411.0,3.0,0.0,0,410.65,0.0,1,0.06,0.03,SPY230210P00391000,391.0,0,0.0,0.0,,0.0,normalDay
2023-02-09,5411.0,2.0,0.0,0,407.09,0.0,1,0.06,0.04,SPY230210P00391000,391.0,0,0.0,0.0,,0.0,normalDay
2023-02-10,5417.0,0.0,6.0,0,408.04,0.0,1,0.06,0.0,SPY230210P00391000,391.0,0,0.0,0.0,,0.0,expirationDay
2023-02-13,5417.0,-3.0,0.0,0,412.83,0.0,1,0.49,0.52,SPY230217P00396000,396.0,0,0.0,0.0,,0.0,normalDay
2023-02-14,5417.0,31.0,0.0,0,412.64,0.0,1,0.49,0.18,SPY230217P00396000,396.0,0,0.0,0.0,,0.0,normalDay
2023-02-15,5417.0,43.0,0.0,0,413.98,0.0,1,0.49,0.06,SPY230217P00396000,396.0,0,0.0,0.0,,0.0,normalDay
2023-02-16,5417.0,29.0,0.0,0,408.28,0.0,1,0.49,0.2,SPY230217P00396000,396.0,0,0.0,0.0,,0.0,normalDay
2023-02-17,5466.0,0.0,49.0,0,407.26,0.0,1,0.49,0.0,SPY230217P00396000,396.0,0,0.0,0.0,,0.0,expirationDay
2023-02-21,5466.0,-5.0,0.0,0,399.09,0.0,1,4.93,4.98,SPY230227P00402000,402.0,0,0.0,0.0,,0.0,normalDay
2023-02-22,5466.0,17.0,0.0,0,398.54,0.0,1,4.93,4.76,SPY230227P00402000,402.0,0,0.0,0.0,,0.0,normalDay
2023-02-23,5466.0,170.0,0.0,0,400.66,0.0,1,4.93,3.23,SPY230227P00402000,402.0,0,0.0,0.0,,0.0,normalDay
2023-02-24,5466.0,-111.0,0.0,0,396.38,0.0,1,4.93,6.04,SPY230227P00402000,402.0,0,0.0,0.0,,0.0,normalDay
2023-02-27,5959.0,-427.0,493.0,100,397.73,402.0,1,4.93,0.0,SPY230227P00402000,402.0,0,0.0,0.0,,0.0,expirationDay
2023-02-28,5959.0,-577.0,0.0,100,396.26,402.0,0,0.0,0.0,,0.0,1,0.41,0.44,SPY230317C00417000,417.0,normalDay
2023-03-01,5959.0,-718.0,0.0,100,394.74,402.0,0,0.0,0.0,,0.0,1,0.41,0.33,SPY230317C00417000,417.0,normalDay
2023-03-02,5959.0,-422.0,0.0,100,397.81,402.0,0,0.0,0.0,,0.0,1,0.41,0.44,SPY230317C00417000,417.0,normalDay
2023-03-03,5959.0,157.0,0.0,100,404.19,402.0,0,0.0,0.0,,0.0,1,0.41,1.03,SPY230317C00417000,417.0,normalDay
2023-03-06,5959.0,195.0,0.0,100,404.47,402.0,0,0.0,0.0,,0.0,1,0.41,0.93,SPY230317C00417000,417.0,normalDay
2023-03-07,5959.0,-362.0,0.0,100,398.27,402.0,0,0.0,0.0,,0.0,1,0.41,0.3,SPY230317C00417000,417.0,normalDay
2023-03-08,5959.0,-292.0,0.0,100,398.92,402.0,0,0.0,0.0,,0.0,1,0.41,0.25,SPY230317C00417000,417.0,normalDay
2023-03-09,5959.0,-1013.0,0.0,100,391.56,402.0,0,0.0,0.0,,0.0,1,0.41,0.1,SPY230317C00417000,417.0,normalDay
2023-03-10,5959.0,-1572.0,0.0,100,385.91,402.0,0,0.0,0.0,,0.0,1,0.41,0.04,SPY230317C00417000,417.0,normalDay
2023-03-13,5959.0,-1627.0,0.0,100,385.36,402.0,0,0.0,0.0,,0.0,1,0.41,0.04,SPY230317C00417000,417.0,normalDay
2023-03-14,5959.0,-988.0,0.0,100,391.73,402.0,0,0.0,0.0,,0.0,1,0.41,0.02,SPY230317C00417000,417.0,normalDay
2023-03-15,5959.0,-1232.0,0.0,100,389.28,402.0,0,0.0,0.0,,0.0,1,0.41,0.01,SPY230317C00417000,417.0,normalDay
2023-03-16,5959.0,-549.0,0.0,100,396.11,402.0,0,0.0,0.0,,0.0,1,0.41,0.01,SPY230317C00417000,417.0,normalDay
2023-03-17,6000.0,-1201.0,41.0,100,389.99,402.0,0,0.0,0.0,,0.0,1,0.41,0.0,SPY230317C00417000,417.0,expirationDay
2023-03-20,6000.0,-831.0,0.0,100,393.74,402.0,0,0.0,0.0,,0.0,1,3.2,3.25,SPY230406C00403000,403.0,normalDay
2023-03-21,6000.0,-466.0,0.0,100,398.91,402.0,0,0.0,0.0,,0.0,1,3.2,4.77,SPY230406C00403000,403.0,normalDay
2023-03-22,6000.0,-878.0,0.0,100,392.11,402.0,0,0.0,0.0,,0.0,1,3.2,2.09,SPY230406C00403000,403.0,normalDay
2023-03-23,6000.0,-773.0,0.0,100,393.17,402.0,0,0.0,0.0,,0.0,1,3.2,2.1,SPY230406C00403000,403.0,normalDay
2023-03-24,6000.0,-556.0,0.0,100,395.75,402.0,0,0.0,0.0,,0.0,1,3.2,2.51,SPY230406C00403000,403.0,normalDay
2023-03-27,6000.0,-443.0,0.0,100,396.49,402.0,0,0.0,0.0,,0.0,1,3.2,2.12,SPY230406C00403000,403.0,normalDay
2023-03-28,6000.0,-478.0,0.0,100,395.6,402.0,0,0.0,0.0,,0.0,1,3.2,1.58,SPY230406C00403000,403.0,normalDay
2023-03-29,6000.0,-65.0,0.0,100,401.35,402.0,0,0.0,0.0,,0.0,1,3.2,3.2,SPY230406C00403000,403.0,normalDay
2023-03-30,6000.0,85.0,0.0,100,403.7,402.0,0,0.0,0.0,,0.0,1,3.2,4.05,SPY230406C00403000,403.0,normalDay
2023-03-31,6000.0,279.0,0.0,100,409.39,402.0,0,0.0,0.0,,0.0,1,3.2,7.8,SPY230406C00403000,403.0,normalDay
2023-04-03,6000.0,353.0,0.0,100,410.95,402.0,0,0.0,0.0,,0.0,1,3.2,8.62,SPY230406C00403000,403.0,normalDay
2023-04-04,6000.0,352.0,0.0,100,408.67,402.0,0,0.0,0.0,,0.0,1,3.2,6.35,SPY230406C00403000,403.0,normalDay
2023-04-05,6000.0,374.0,0.0,100,407.6,402.0,0,0.0,0.0,,0.0,1,3.2,5.06,SPY230406C00403000,403.0,normalDay
2023-04-06,6420.0,374.0,420.0,0,409.19,0.0,0,0.0,0.0,,0.0,1,3.2,0.0,SPY230406C00403000,403.0,expirationDay
2023-04-10,6420.0,-3.0,0.0,0,409.61,0.0,1,0.04,0.07,SPY230414P00389000,389.0,0,0.0,0.0,,0.0,normalDay
2023-04-11,6420.0,-3.0,0.0,0,409.72,0.0,1,0.04,0.07,SPY230414P00389000,389.0,0,0.0,0.0,,0.0,normalDay
2023-04-12,6420.0,0.0,0.0,0,408.05,0.0,1,0.04,0.04,SPY230414P00389000,389.0,0,0.0,0.0,,0.0,normalDay
2023-04-13,6420.0,2.0,0.0,0,413.47,0.0,1,0.04,0.02,SPY230414P00389000,389.0,0,0.0,0.0,,0.0,normalDay
2023-04-14,6424.0,0.0,4.0,0,412.46,0.0,1,0.04,0.0,SPY230414P00389000,389.0,0,0.0,0.0,,0.0,expirationDay
2023-04-17,6424.0,-3.0,0.0,0,413.94,0.0,1,0.06,0.09,SPY230421P00395000,395.0,0,0.0,0.0,,0.0,normalDay
2023-04-18,6424.0,-2.0,0.0,0,414.21,0.0,1,0.06,0.08,SPY230421P00395000,395.0,0,0.0,0.0,,0.0,normalDay
2023-04-19,6424.0,1.0,0.0,0,414.14,0.0,1,0.06,0.05,SPY230421P00395000,395.0,0,0.0,0.0,,0.0,normalDay
2023-04-20,6424.0,3.0,0.0,0,411.88,0.0,1,0.06,0.03,SPY230421P00395000,395.0,0,0.0,0.0,,0.0,normalDay
2023-04-21,6430.0,0.0,6.0,0,412.2,0.0,1,0.06,0.0,SPY230421P00395000,395.0,0,0.0,0.0,,0.0,expirationDay
2023-04-24,6430.0,-3.0,0.0,0,412.63,0.0,1,0.22,0.25,SPY230428P00402000,402.0,0,0.0,0.0,,0.0,normalDay
2023-04-25,6430.0,-66.0,0.0,0,406.08,0.0,1,0.22,0.88,SPY230428P00402000,402.0,0,0.0,0.0,,0.0,normalDay
2023-04-26,6430.0,-92.0,0.0,0,404.36,0.0,1,0.22,1.14,SPY230428P00402000,402.0,0,0.0,0.0,,0.0,normalDay
2023-04-27,6430.0,16.0,0.0,0,412.41,0.0,1,0.22,0.06,SPY230428P00402000,402.0,0,0.0,0.0,,0.0,normalDay
2023-04-28,6452.0,0.0,22.0,0,415.93,0.0,1,0.22,0.0,SPY230428P00402000,402.0,0,0.0,0.0,,0.0,expirationDay
2023-05-01,6452.0,-3.0,0.0,0,415.51,0.0,1,0.61,0.64,SPY230505P00407500,407.5,0,0.0,0.0,,0.0,normalDay
2023-05-02,6452.0,-115.0,0.0,0,410.84,0.0,1,0.61,1.76,SPY230505P00407500,407.5,0,0.0,0.0,,0.0,normalDay
2023-05-03,6452.0,-141.0,0.0,0,408.02,0.0,1,0.61,2.02,SPY230505P00407500,407.5,0,0.0,0.0,,0.0,normalDay
2023-05-04,6452.0,-297.0,0.0,0,405.13,0.0,1,0.61,3.58,SPY230505P00407500,407.5,0,0.0,0.0,,0.0,normalDay
2023-05-05,6513.0,0.0,61.0,0,412.63,0.0,1,0.61,0.0,SPY230505P00407500,407.5,0,0.0,0.0,,0.0,expirationDay
2023-05-08,6513.0,-3.0,0.0,0,412.74,0.0,1,0.95,0.98,SPY230512P00407500,407.5,0,0.0,0.0,,0.0,normalDay
2023-05-09,6513.0,-33.0,0.0,0,410.93,0.0,1,0.95,1.28,SPY230512P00407500,407.5,0,0.0,0.0,,0.0,normalDay
2023-05-10,6513.0,59.0,0.0,0,412.85,0.0,1,0.95,0.36,SPY230512P00407500,407.5,0,0.0,0.0,,0.0,normalDay
2023-05-11,6513.0,75.0,0.0,0,412.13,0.0,1,0.95,0.2,SPY230512P00407500,407.5,0,0.0,0.0,,0.0,normalDay
2023-05-12,6608.0,0.0,95.0,0,411.59,0.0,1,0.95,0.0,SPY230512P00407500,407.5,0,0.0,0.0,,0.0,expirationDay
2023-05-15,6608.0,-3.0,0.0,0,413.01,0.0,1,0.67,0.7,SPY230519P00407500,407.5,0,0.0,0.0,,0.0,normalDay
2023-05-16,6608.0,-51.0,0.0,0,410.25,0.0,1,0.67,1.18,SPY230519P00407500,407.5,0,0.0,0.0,,0.0,normalDay
2023-05-17,6608.0,44.0,0.0,0,415.23,0.0,1,0.67,0.23,SPY230519P00407500,407.5,0,0.0,0.0,,0.0,normalDay
2023-05-18,6608.0,60.0,0.0,0,419.23,0.0,1,0.67,0.07,SPY230519P00407500,407.5,0,0.0,0.0,,0.0,normalDay
2023-05-19,6675.0,0.0,67.0,0,418.62,0.0,1,0.67,0.0,SPY230519P00407500,407.5,0,0.0,0.0,,0.0,expirationDay
2023-05-22,6675.0,-3.0,0.0,0,418.79,0.0,1,0.19,0.22,SPY230526P00407000,407.0,0,0.0,0.0,,0.0,normalDay
2023-05-23,6675.0,-32.0,0.0,0,414.09,0.0,1,0.19,0.51,SPY230526P00407000,407.0,0,0.0,0.0,,0.0,normalDay
2023-05-24,6675.0,-58.0,0.0,0,411.09,0.0,1,0.19,0.77,SPY230526P00407000,407.0,0,0.0,0.0,,0.0,normalDay
2023-05-25,6675.0,7.0,0.0,0,414.65,0.0,1,0.19,0.12,SPY230526P00407000,407.0,0,0.0,0.0,,0.0,normalDay
2023-05-26,6694.0,0.0,19.0,0,420.02,0.0,1,0.19,0.0,SPY230526P00407000,407.0,0,0.0,0.0,,0.0,expirationDay
2023-05-30,6694.0,-3.0,0.0,0,420.18,0.0,1,0.35,0.38,SPY230605P00409000,409.0,0,0.0,0.0,,0.0,normalDay
2023-05-31,6694.0,-6.0,0.0,0,417.85,0.0,1,0.35,0.41,SPY230605P00409000,409.0,0,0.0,0.0,,0.0,normalDay
2023-06-01,6694.0,26.0,0.0,0,421.82,0.0,1,0.35,0.09,SPY230605P00409000,409.0,0,0.0,0.0,,0.0,normalDay
2023-06-02,6694.0,33.0,0.0,0,427.92,0.0,1,0.35,0.02,SPY230605P00409000,409.0,0,0.0,0.0,,0.0,normalDay
2023-06-05,6729.0,0.0,35.0,0,427.1,0.0,1,0.35,0.0,SPY230605P00409000,409.0,0,0.0,0.0,,0.0,expirationDay
2023-06-06,6729.0,-3.0,0.0,0,428.03,0.0,1,0.05,0.08,SPY230612P00410000,410.0,0,0.0,0.0,,0.0,normalDay
2023-06-07,6729.0,-2.0,0.0,0,426.55,0.0,1,0.05,0.07,SPY230612P00410000,410.0,0,0.0,0.0,,0.0,normalDay
2023-06-08,6729.0,0.0,0.0,0,429.13,0.0,1,0.05,0.05,SPY230612P00410000,410.0,0,0.0,0.0,,0.0,normalDay
2023-06-09,6729.0,2.0,0.0,0,429.9,0.0,1,0.05,0.03,SPY230612P00410000,410.0,0,0.0,0.0,,0.0,normalDay
2023-06-12,6734.0,0.0,5.0,0,433.8,0.0,1,0.05,0.0,SPY230612P00410000,410.0,0,0.0,0.0,,0.0,expirationDay
2023-06-13,6734.0,-3.0,0.0,0,436.66,0.0,1,0.09,0.12,SPY230616P00413000,413.0,0,0.0,0.0,,0.0,normalDay
2023-06-14,6734.0,3.0,0.0,0,437.18,0.0,1,0.09,0.06,SPY230616P00413000,413.0,0,0.0,0.0,,0.0,normalDay
2023-06-15,6734.0,4.0,0.0,0,442.6,0.0,1,0.09,0.05,SPY230616P00413000,413.0,0,0.0,0.0,,0.0,normalDay
2023-06-16,6743.0,0.0,9.0,0,439.46,0.0,1,0.09,0.0,SPY230616P00413000,413.0,0,0.0,0.0,,0.0,expirationDay
2023-06-20,6743.0,-3.0,0.0,0,437.18,0.0,1,0.02,0.05,SPY230626P00416000,416.0,0,0.0,0.0,,0.0,normalDay
2023-06-21,6743.0,-1.0,0.0,0,434.94,0.0,1,0.02,0.03,SPY230626P00416000,416.0,0,0.0,0.0,,0.0,normalDay
2023-06-22,6743.0,0.0,0.0,0,436.51,0.0,1,0.02,0.02,SPY230626P00416000,416.0,0,0.0,0.0,,0.0,normalDay
2023-06-23,6743.0,0.0,0.0,0,433.21,0.0,1,0.02,0.02,SPY230626P00416000,416.0,0,0.0,0.0,,0.0,normalDay
2023-06-26,6745.0,0.0,2.0,0,431.44,0.0,1,0.02,0.0,SPY230626P00416000,416.0,0,0.0,0.0,,0.0,expirationDay
2023-06-27,6745.0,-3.0,0.0,0,436.17,0.0,1,0.13,0.16,SPY230703P00424000,424.0,0,0.0,0.0,,0.0,normalDay
2023-06-28,6745.0,6.0,0.0,0,436.39,0.0,1,0.13,0.07,SPY230703P00424000,424.0,0,0.0,0.0,,0.0,normalDay
2023-06-29,6745.0,7.0,0.0,0,438.11,0.0,1,0.13,0.06,SPY230703P00424000,424.0,0,0.0,0.0,,0.0,normalDay
2023-06-30,6745.0,10.0,0.0,0,443.28,0.0,1,0.13,0.03,SPY230703P00424000,424.0,0,0.0,0.0,,0.0,normalDay
2023-07-03,6758.0,0.0,13.0,0,443.79,0.0,1,0.13,0.0,SPY230703P00424000,424.0,0,0.0,0.0,,0.0,expirationDay
2023-07-05,6758.0,-3.0,0.0,0,443.13,0.0,1,0.09,0.12,SPY230711P00430000,430.0,0,0.0,0.0,,0.0,normalDay
2023-07-06,6758.0,-11.0,0.0,0,439.66,0.0,1,0.09,0.2,SPY230711P00430000,430.0,0,0.0,0.0,,0.0,normalDay
2023-07-07,6758.0,0.0,0.0,0,438.55,0.0,1,0.09,0.09,SPY230711P00430000,430.0,0,0.0,0.0,,0.0,normalDay
2023-07-10,6758.0,6.0,0.0,0,439.66,0.0,1,0.09,0.03,SPY230711P00430000,430.0,0,0.0,0.0,,0.0,normalDay
2023-07-11,6767.0,0.0,9.0,0,442.46,0.0,1,0.09,0.0,SPY230711P00430000,430.0,0,0.0,0.0,,0.0,expirationDay
2023-07-12,6767.0,-3.0,0.0,0,446.02,0.0,1,0.09,0.12,SPY230718P00434000,434.0,0,0.0,0.0,,0.0,normalDay
2023-07-13,6767.0,-1.0,0.0,0,449.56,0.0,1,0.09,0.1,SPY230718P00434000,434.0,0,0.0,0.0,,0.0,normalDay
2023-07-14,6767.0,3.0,0.0,0,449.28,0.0,1,0.09,0.06,SPY230718P00434000,434.0,0,0.0,0.0,,0.0,normalDay
2023-07-17,6767.0,6.0,0.0,0,450.84,0.0,1,0.09,0.03,SPY230718P00434000,434.0,0,0.0,0.0,,0.0,normalDay
2023-07-18,6776.0,0.0,9.0,0,454.19,0.0,1,0.09,0.0,SPY230718P00434000,434.0,0,0.0,0.0,,0.0,expirationDay
2023-07-19,6776.0,-3.0,0.0,0,455.2,0.0,1,0.03,0.06,SPY230725P00434000,434.0,0,0.0,0.0,,0.0,normalDay
2023-07-20,6776.0,-4.0,0.0,0,452.18,0.0,1,0.03,0.07,SPY230725P00434000,434.0,0,0.0,0.0,,0.0,normalDay
2023-07-21,6776.0,0.0,0.0,0,452.18,0.0,1,0.03,0.03,SPY230725P00434000,434.0,0,0.0,0.0,,0.0,normalDay
2023-07-24,6776.0,1.0,0.0,0,454.2,0.0,1,0.03,0.02,SPY230725P00434000,434.0,0,0.0,0.0,,0.0,normalDay
2023-07-25,6779.0,0.0,3.0,0,455.44,0.0,1,0.03,0.0,SPY230725P00434000,434.0,0,0.0,0.0,,0.0,expirationDay
2023-07-26,6779.0,-3.0,0.0,0,455.51,0.0,1,0.05,0.08,SPY230801P00439000,439.0,0,0.0,0.0,,0.0,normalDay
2023-07-27,6779.0,-10.0,0.0,0,452.49,0.0,1,0.05,0.15,SPY230801P00439000,439.0,0,0.0,0.0,,0.0,normalDay
2023-07-28,6779.0,2.0,0.0,0,456.92,0.0,1,0.05,0.03,SPY230801P00439000,439.0,0,0.0,0.0,,0.0,normalDay
2023-07-31,6779.0,3.0,0.0,0,457.79,0.0,1,0.05,0.02,SPY230801P00439000,439.0,0,0.0,0.0,,0.0,normalDay
2023-08-01,6784.0,0.0,5.0,0,456.48,0.0,1,0.05,0.0,SPY230801P00439000,439.0,0,0.0,0.0,,0.0,expirationDay
2023-08-02,6784.0,-3.0,0.0,0,450.13,0.0,1,0.72,0.75,SPY230808P00443000,443.0,0,0.0,0.0,,0.0,normalDay
2023-08-03,6784.0,14.0,0.0,0,448.84,0.0,1,0.72,0.58,SPY230808P00443000,443.0,0,0.0,0.0,,0.0,normalDay
2023-08-04,6784.0,-10.0,0.0,0,446.81,0.0,1,0.72,0.82,SPY230808P00443000,443.0,0,0.0,0.0,,0.0,normalDay
2023-08-07,6784.0,66.0,0.0,0,450.71,0.0,1,0.72,0.06,SPY230808P00443000,443.0,0,0.0,0.0,,0.0,normalDay
2023-08-08,6856.0,0.0,72.0,0,448.75,0.0,1,0.72,0.0,SPY230808P00443000,443.0,0,0.0,0.0,,0.0,expirationDay
2023-08-09,6856.0,-3.0,0.0,0,445.75,0.0,1,3.8,3.83,SPY230815P00448000,448.0,0,0.0,0.0,,0.0,normalDay
2023-08-10,6856.0,11.0,0.0,0,445.91,0.0,1,3.8,3.69,SPY230815P00448000,448.0,0,0.0,0.0,,0.0,normalDay
2023-08-11,6856.0,70.0,0.0,0,445.65,0.0,1,3.8,3.1,SPY230815P00448000,448.0,0,0.0,0.0,,0.0,normalDay
2023-08-14,6856.0,266.0,0.0,0,448.11,0.0,1,3.8,1.14,SPY230815P00448000,448.0,0,0.0,0.0,,0.0,normalDay
2023-08-15,7236.0,-511.0,380.0,100,442.89,448.0,1,3.8,0.0,SPY230815P00448000,448.0,0,0.0,0.0,,0.0,expirationDay
2023-08-16,7236.0,-840.0,0.0,100,439.64,448.0,0,0.0,0.0,,0.0,1,0.34,0.38,SPY230901C00458000,458.0,normalDay
2023-08-17,7236.0,-1154.0,0.0,100,436.29,448.0,0,0.0,0.0,,0.0,1,0.34,0.17,SPY230901C00458000,458.0,normalDay
2023-08-18,7236.0,-1127.0,0.0,100,436.5,448.0,0,0.0,0.0,,0.0,1,0.34,0.11,SPY230901C00458000,458.0,normalDay
2023-08-21,7236.0,-844.0,0.0,100,439.34,448.0,0,0.0,0.0,,0.0,1,0.34,0.12,SPY230901C00458000,458.0,normalDay
2023-08-22,7236.0,-959.0,0.0,100,438.15,448.0,0,0.0,0.0,,0.0,1,0.34,0.08,SPY230901C00458000,458.0,normalDay
2023-08-23,7236.0,-481.0,0.0,100,443.03,448.0,0,0.0,0.0,,0.0,1,0.34,0.18,SPY230901C00458000,458.0,normalDay
2023-08-24,7236.0,-1081.0,0.0,100,436.89,448.0,0,0.0,0.0,,0.0,1,0.34,0.04,SPY230901C00458000,458.0,normalDay
2023-08-25,7236.0,-772.0,0.0,100,439.97,448.0,0,0.0,0.0,,0.0,1,0.34,0.03,SPY230901C00458000,458.0,normalDay
2023-08-28,7236.0,-493.0,0.0,100,442.76,448.0,0,0.0,0.0,,0.0,1,0.34,0.03,SPY230901C00458000,458.0,normalDay
2023-08-29,7236.0,136.0,0.0,100,449.16,448.0,0,0.0,0.0,,0.0,1,0.34,0.14,SPY230901C00458000,458.0,normalDay
2023-08-30,7236.0,323.0,0.0,100,451.01,448.0,0,0.0,0.0,,0.0,1,0.34,0.12,SPY230901C00458000,458.0,normalDay
2023-08-31,7236.0,266.0,0.0,100,450.35,448.0,0,0.0,0.0,,0.0,1,0.34,0.03,SPY230901C00458000,458.0,normalDay
2023-09-01,7270.0,319.0,34.0,100,451.19,448.0,0,0.0,0.0,,0.0,1,0.34,0.0,SPY230901C00458000,458.0,expirationDay
2023-09-05,7270.0,120.0,0.0,100,449.24,448.0,0,0.0,0.0,,0.0,1,2.97,3.01,SPY230922C00452000,452.0,normalDay
2023-09-06,7270.0,-53.0,0.0,100,446.22,448.0,0,0.0,0.0,,0.0,1,2.97,1.72,SPY230922C00452000,452.0,normalDay
2023-09-07,7270.0,-142.0,0.0,100,444.85,448.0,0,0.0,0.0,,0.0,1,2.97,1.24,SPY230922C00452000,452.0,normalDay
2023-09-08,7270.0,-69.0,0.0,100,445.52,448.0,0,0.0,0.0,,0.0,1,2.97,1.18,SPY230922C00452000,452.0,normalDay
2023-09-11,7270.0,172.0,0.0,100,448.45,448.0,0,0.0,0.0,,0.0,1,2.97,1.7,SPY230922C00452000,452.0,normalDay
2023-09-12,7270.0,-7.0,0.0,100,445.99,448.0,0,0.0,0.0,,0.0,1,2.97,1.03,SPY230922C00452000,452.0,normalDay
2023-09-13,7270.0,68.0,0.0,100,446.51,448.0,0,0.0,0.0,,0.0,1,2.97,0.8,SPY230922C00452000,452.0,normalDay
2023-09-14,7270.0,382.0,0.0,100,450.36,448.0,0,0.0,0.0,,0.0,1,2.97,1.51,SPY230922C00452000,452.0,normalDay
2023-09-15,7270.0,-191.0,0.0,100,443.37,448.0,0,0.0,0.0,,0.0,1,2.97,0.25,SPY230922C00452000,452.0,normalDay
2023-09-18,7270.0,-159.0,0.0,100,443.63,448.0,0,0.0,0.0,,0.0,1,2.97,0.19,SPY230922C00452000,452.0,normalDay
2023-09-19,7270.0,-241.0,0.0,100,442.71,448.0,0,0.0,0.0,,0.0,1,2.97,0.09,SPY230922C00452000,452.0,normalDay
2023-09-20,7270.0,-641.0,0.0,100,438.64,448.0,0,0.0,0.0,,0.0,1,2.97,0.02,SPY230922C00452000,452.0,normalDay
2023-09-21,7270.0,-1365.0,0.0,100,431.39,448.0,0,0.0,0.0,,0.0,1,2.97,0.01,SPY230922C00452000,452.0,normalDay
2023-09-22,7567.0,-1758.0,297.0,100,430.42,448.0,0,0.0,0.0,,0.0,1,2.97,0.0,SPY230922C00452000,452.0,expirationDay
2023-09-25,7567.0,-1580.0,0.0,100,432.23,448.0,0,0.0,0.0,,0.0,1,0.16,0.19,SPY231013C00454000,454.0,normalDay
2023-09-26,7567.0,-2205.0,0.0,100,425.88,448.0,0,0.0,0.0,,0.0,1,0.16,0.09,SPY231013C00454000,454.0,normalDay
2023-09-27,7567.0,-2186.0,0.0,100,426.05,448.0,0,0.0,0.0,,0.0,1,0.16,0.07,SPY231013C00454000,454.0,normalDay
2023-09-28,7567.0,-1939.0,0.0,100,428.52,448.0,0,0.0,0.0,,0.0,1,0.16,0.07,SPY231013C00454000,454.0,normalDay
2023-09-29,7567.0,-2040.0,0.0,100,427.48,448.0,0,0.0,0.0,,0.0,1,0.16,0.04,SPY231013C00454000,454.0,normalDay
2023-10-02,7567.0,-2056.0,0.0,100,427.31,448.0,0,0.0,0.0,,0.0,1,0.16,0.03,SPY231013C00454000,454.0,normalDay
2023-10-03,7567.0,-2627.0,0.0,100,421.59,448.0,0,0.0,0.0,,0.0,1,0.16,0.02,SPY231013C00454000,454.0,normalDay
2023-10-04,7567.0,-2320.0,0.0,100,424.66,448.0,0,0.0,0.0,,0.0,1,0.16,0.02,SPY231013C00454000,454.0,normalDay
2023-10-05,7567.0,-2336.0,0.0,100,424.5,448.0,0,0.0,0.0,,0.0,1,0.16,0.02,SPY231013C00454000,454.0,normalDay
2023-10-06,7567.0,-1831.0,0.0,100,429.54,448.0,0,0.0,0.0,,0.0,1,0.16,0.01,SPY231013C00454000,454.0,normalDay
2023-10-09,7567.0,-1556.0,0.0,100,432.29,448.0,0,0.0,0.0,,0.0,1,0.16,0.01,SPY231013C00454000,454.0,normalDay
2023-10-10,7567.0,-1332.0,0.0,100,434.54,448.0,0,0.0,0.0,,0.0,1,0.16,0.02,SPY231013C00454000,454.0,normalDay
2023-10-11,7567.0,-1153.0,0.0,100,436.32,448.0,0,0.0,0.0,,0.0,1,0.16,0.01,SPY231013C00454000,454.0,normalDay
2023-10-12,7567.0,-1419.0,0.0,100,433.66,448.0,0,0.0,0.0,,0.0,1,0.16,0.01,SPY231013C00454000,454.0,normalDay
2023-10-13,7583.0,-1650.0,16.0,100,431.5,448.0,0,0.0,0.0,,0.0,1,0.16,0.0,SPY231013C00454000,454.0,expirationDay
2023-10-16,7583.0,-1199.0,0.0,100,436.04,448.0,0,0.0,0.0,,0.0,1,4.84,4.87,SPY231103C00439000,439.0,normalDay
2023-10-17,7583.0,-1181.0,0.0,100,436.02,448.0,0,0.0,0.0,,0.0,1,4.84,4.67,SPY231103C00439000,439.0,normalDay
2023-10-18,7583.0,-1562.0,0.0,100,430.21,448.0,0,0.0,0.0,,0.0,1,4.84,2.67,SPY231103C00439000,439.0,normalDay
2023-10-19,7583.0,-1820.0,0.0,100,426.43,448.0,0,0.0,0.0,,0.0,1,4.84,1.47,SPY231103C00439000,439.0,normalDay
2023-10-20,7583.0,-2256.0,0.0,100,421.19,448.0,0,0.0,0.0,,0.0,1,4.84,0.59,SPY231103C00439000,439.0,normalDay
2023-10-23,7583.0,-2306.0,0.0,100,420.46,448.0,0,0.0,0.0,,0.0,1,4.84,0.36,SPY231103C00439000,439.0,normalDay
2023-10-24,7583.0,-1995.0,0.0,100,423.63,448.0,0,0.0,0.0,,0.0,1,4.84,0.42,SPY231103C00439000,439.0,normalDay
2023-10-25,7583.0,-2571.0,0.0,100,417.55,448.0,0,0.0,0.0,,0.0,1,4.84,0.1,SPY231103C00439000,439.0,normalDay
2023-10-26,7583.0,-3065.0,0.0,100,412.55,448.0,0,0.0,0.0,,0.0,1,4.84,0.04,SPY231103C00439000,439.0,normalDay
2023-10-27,7583.0,-3250.0,0.0,100,410.68,448.0,0,0.0,0.0,,0.0,1,4.84,0.02,SPY231103C00439000,439.0,normalDay
2023-10-30,7583.0,-2759.0,0.0,100,415.59,448.0,0,0.0,0.0,,0.0,1,4.84,0.02,SPY231103C00439000,439.0,normalDay
2023-10-31,7583.0,-2498.0,0.0,100,418.2,448.0,0,0.0,0.0,,0.0,1,4.84,0.02,SPY231103C00439000,439.0,normalDay
2023-11-01,7583.0,-2051.0,0.0,100,422.66,448.0,0,0.0,0.0,,0.0,1,4.84,0.01,SPY231103C00439000,439.0,normalDay
2023-11-02,7583.0,-1243.0,0.0,100,430.76,448.0,0,0.0,0.0,,0.0,1,4.84,0.03,SPY231103C00439000,439.0,normalDay
2023-11-03,8067.0,-1331.0,484.0,100,434.69,448.0,0,0.0,0.0,,0.0,1,4.84,0.0,SPY231103C00439000,439.0,expirationDay
2023-11-06,8067.0,-1235.0,0.0,100,435.69,448.0,0,0.0,0.0,,0.0,1,3.45,3.49,SPY231124C00439000,439.0,normalDay
2023-11-07,8067.0,-1166.0,0.0,100,436.93,448.0,0,0.0,0.0,,0.0,1,3.45,4.04,SPY231124C00439000,439.0,normalDay
2023-11-08,8067.0,-1110.0,0.0,100,437.25,448.0,0,0.0,0.0,,0.0,1,3.45,3.8,SPY231124C00439000,439.0,normalDay
2023-11-09,8067.0,-1314.0,0.0,100,433.84,448.0,0,0.0,0.0,,0.0,1,3.45,2.43,SPY231124C00439000,439.0,normalDay
2023-11-10,8067.0,-938.0,0.0,100,440.61,448.0,0,0.0,0.0,,0.0,1,3.45,5.44,SPY231124C00439000,439.0,normalDay
2023-11-13,8067.0,-934.0,0.0,100,440.19,448.0,0,0.0,0.0,,0.0,1,3.45,4.98,SPY231124C00439000,439.0,normalDay
2023-11-14,8067.0,-730.0,0.0,100,448.73,448.0,0,0.0,0.0,,0.0,1,3.45,11.48,SPY231124C00439000,439.0,normalDay
2023-11-15,8067.0,-652.0,0.0,100,449.68,448.0,0,0.0,0.0,,0.0,1,3.45,11.65,SPY231124C00439000,439.0,normalDay
2023-11-16,8067.0,-640.0,0.0,100,450.23,448.0,0,0.0,0.0,,0.0,1,3.45,12.08,SPY231124C00439000,439.0,normalDay
2023-11-17,8067.0,-601.0,0.0,100,450.79,448.0,0,0.0,0.0,,0.0,1,3.45,12.25,SPY231124C00439000,439.0,normalDay
2023-11-20,8067.0,-584.0,0.0,100,454.26,448.0,0,0.0,0.0,,0.0,1,3.45,15.55,SPY231124C00439000,439.0,normalDay
2023-11-21,8067.0,-543.0,0.0,100,453.27,448.0,0,0.0,0.0,,0.0,1,3.45,14.15,SPY231124C00439000,439.0,normalDay
2023-11-22,8067.0,-618.0,0.0,100,455.02,448.0,0,0.0,0.0,,0.0,1,3.45,16.65,SPY231124C00439000,439.0,normalDay
2023-11-24,7512.0,-618.0,-555.0,0,455.3,0.0,0,0.0,0.0,,0.0,1,3.45,0.0,SPY231124C00439000,439.0,expirationDay
2023-11-27,7512.0,0.0,0.0,0,454.48,0.0,0,0.0,0.0,,0.0,0,0.0,0.0,,0.0,bidTooLow
2023-11-28,7512.0,-3.0,0.0,0,454.93,0.0,1,0.01,0.04,SPY231204P00429000,429.0,0,0.0,0.0,,0.0,normalDay
2023-11-29,7512.0,-2.0,0.0,0,454.61,0.0,1,0.01,0.03,SPY231204P00429000,429.0,0,0.0,0.0,,0.0,normalDay
2023-11-30,7512.0,-1.0,0.0,0,456.4,0.0,1,0.01,0.02,SPY231204P00429000,429.0,0,0.0,0.0,,0.0,normalDay
