date,totalCapital,unrializedPnL,rializedPnL,stocksOwned,stocksPriceToday,stocksPriceBoughtAt,putOwned,putOwnedSoldAt,putPriceToday,putOwnedContract,putOwnedStrike,callOwned,callOwnedSoldAt,callPriceToday,callOwnedContract,callOwnedStrike,trackType
2018-11-01,0.0,-9.0,0.0,0,273.51,0.0,1,4.89,4.98,SPY190315P00250000,250.0,0,0.0,0.0,,0.0,normalDay
2018-11-02,0.0,-36.0,0.0,0,271.89,0.0,1,4.89,5.25,SPY190315P00250000,250.0,0,0.0,0.0,,0.0,normalDay
2018-11-05,0.0,9.0,0.0,0,273.39,0.0,1,4.89,4.8,SPY190315P00250000,250.0,0,0.0,0.0,,0.0,normalDay
2018-11-06,0.0,52.0,0.0,0,275.12,0.0,1,4.89,4.37,SPY190315P00250000,250.0,0,0.0,0.0,,0.0,normalDay
2018-11-07,0.0,182.0,0.0,0,281.01,0.0,1,4.89,3.07,SPY190315P00250000,250.0,0,0.0,0.0,,0.0,normalDay
2018-11-08,0.0,183.0,0.0,0,280.5,0.0,1,4.89,3.06,SPY190315P00250000,250.0,0,0.0,0.0,,0.0,normalDay
2018-11-09,0.0,124.0,0.0,0,277.76,0.0,1,4.89,3.65,SPY190315P00250000,250.0,0,0.0,0.0,,0.0,normalDay
2018-11-12,0.0,12.0,0.0,0,272.57,0.0,1,4.89,4.77,SPY190315P00250000,250.0,0,0.0,0.0,,0.0,normalDay
2018-11-13,0.0,-8.0,0.0,0,272.06,0.0,1,4.89,4.97,SPY190315P00250000,250.0,0,0.0,0.0,,0.0,normalDay
2018-11-14,0.0,-72.0,0.0,0,270.2,0.0,1,4.89,5.61,SPY190315P00250000,250.0,0,0.0,0.0,,0.0,normalDay
2018-11-15,0.0,8.0,0.0,0,273.02,0.0,1,4.89,4.81,SPY190315P00250000,250.0,0,0.0,0.0,,0.0,normalDay
2018-11-16,0.0,58.0,0.0,0,273.73,0.0,1,4.89,4.31,SPY190315P00250000,250.0,0,0.0,0.0,,0.0,normalDay
2018-11-19,0.0,-52.0,0.0,0,269.1,0.0,1,4.89,5.41,SPY190315P00250000,250.0,0,0.0,0.0,,0.0,normalDay
2018-11-20,0.0,-216.0,0.0,0,264.12,0.0,1,4.89,7.05,SPY190315P00250000,250.0,0,0.0,0.0,,0.0,normalDay
2018-11-21,0.0,-150.0,0.0,0,265.02,0.0,1,4.89,6.39,SPY190315P00250000,250.0,0,0.0,0.0,,0.0,normalDay
2018-11-23,0.0,-202.0,0.0,0,263.25,0.0,1,4.89,6.91,SPY190315P00250000,250.0,0,0.0,0.0,,0.0,normalDay
2018-11-26,0.0,-20.0,0.0,0,267.5,0.0,1,4.89,5.09,SPY190315P00250000,250.0,0,0.0,0.0,,0.0,normalDay
2018-11-27,0.0,-5.0,0.0,0,268.4,0.0,1,4.89,4.94,SPY190315P00250000,250.0,0,0.0,0.0,,0.0,normalDay
2018-11-28,0.0,116.0,0.0,0,274.58,0.0,1,4.89,3.73,SPY190315P00250000,250.0,0,0.0,0.0,,0.0,normalDay
2018-11-29,0.0,100.0,0.0,0,273.98,0.0,1,4.89,3.89,SPY190315P00250000,250.0,0,0.0,0.0,,0.0,normalDay
2018-11-30,0.0,144.0,0.0,0,275.65,0.0,1,4.89,3.45,SPY190315P00250000,250.0,0,0.0,0.0,,0.0,normalDay
2018-12-03,0.0,221.0,0.0,0,279.3,0.0,1,4.89,2.68,SPY190315P00250000,250.0,0,0.0,0.0,,0.0,normalDay
2018-12-04,0.0,19.0,0.0,0,270.25,0.0,1,4.89,4.7,SPY190315P00250000,250.0,0,0.0,0.0,,0.0,normalDay
2018-12-06,0.0,11.0,0.0,0,269.84,0.0,1,4.89,4.78,SPY190315P00250000,250.0,0,0.0,0.0,,0.0,normalDay
2018-12-07,0.0,-173.0,0.0,0,263.57,0.0,1,4.89,6.62,SPY190315P00250000,250.0,0,0.0,0.0,,0.0,normalDay
2018-12-10,0.0,-119.0,0.0,0,264.07,0.0,1,4.89,6.08,SPY190315P00250000,250.0,0,0.0,0.0,,0.0,normalDay
2018-12-11,0.0,-108.0,0.0,0,264.13,0.0,1,4.89,5.97,SPY190315P00250000,250.0,0,0.0,0.0,,0.0,normalDay
2018-12-12,0.0,-77.0,0.0,0,265.46,0.0,1,4.89,5.66,SPY190315P00250000,250.0,0,0.0,0.0,,0.0,normalDay
2018-12-13,0.0,-56.0,0.0,0,265.37,0.0,1,4.89,5.45,SPY190315P00250000,250.0,0,0.0,0.0,,0.0,normalDay
2018-12-14,0.0,-191.0,0.0,0,260.47,0.0,1,4.89,6.8,SPY190315P00250000,250.0,0,0.0,0.0,,0.0,normalDay
2018-12-17,0.0,-379.0,0.0,0,255.36,0.0,1,4.89,8.68,SPY190315P00250000,250.0,0,0.0,0.0,,0.0,normalDay
2018-12-18,0.0,-421.0,0.0,0,255.08,0.0,1,4.89,9.1,SPY190315P00250000,250.0,0,0.0,0.0,,0.0,normalDay
2018-12-19,0.0,-514.0,0.0,0,251.26,0.0,1,4.89,10.03,SPY190315P00250000,250.0,0,0.0,0.0,,0.0,normalDay
2018-12-20,0.0,-720.0,0.0,0,247.17,0.0,1,4.89,12.09,SPY190315P00250000,250.0,0,0.0,0.0,,0.0,normalDay
2018-12-21,0.0,-1091.0,0.0,0,240.7,0.0,1,4.89,15.8,SPY190315P00250000,250.0,0,0.0,0.0,,0.0,normalDay
2018-12-24,0.0,-1674.0,0.0,0,234.34,0.0,1,4.89,21.63,SPY190315P00250000,250.0,0,0.0,0.0,,0.0,normalDay
2018-12-26,0.0,-717.0,0.0,0,246.18,0.0,1,4.89,12.06,SPY190315P00250000,250.0,0,0.0,0.0,,0.0,normalDay
2018-12-27,0.0,-647.0,0.0,0,248.07,0.0,1,4.89,11.36,SPY190315P00250000,250.0,0,0.0,0.0,,0.0,normalDay
2018-12-28,0.0,-654.0,0.0,0,247.75,0.0,1,4.89,11.43,SPY190315P00250000,250.0,0,0.0,0.0,,0.0,normalDay
2018-12-31,0.0,-480.0,0.0,0,249.92,0.0,1,4.89,9.69,SPY190315P00250000,250.0,0,0.0,0.0,,0.0,normalDay
2019-01-02,0.0,-401.0,0.0,0,250.18,0.0,1,4.89,8.9,SPY190315P00250000,250.0,0,0.0,0.0,,0.0,normalDay
2019-01-03,0.0,-745.0,0.0,0,244.21,0.0,1,4.89,12.34,SPY190315P00250000,250.0,0,0.0,0.0,,0.0,normalDay
2019-01-04,0.0,-284.0,0.0,0,252.39,0.0,1,4.89,7.73,SPY190315P00250000,250.0,0,0.0,0.0,,0.0,normalDay
2019-01-07,0.0,-199.0,0.0,0,254.38,0.0,1,4.89,6.88,SPY190315P00250000,250.0,0,0.0,0.0,,0.0,normalDay
2019-01-08,0.0,-91.0,0.0,0,256.77,0.0,1,4.89,5.8,SPY190315P00250000,250.0,0,0.0,0.0,,0.0,normalDay
2019-01-09,0.0,-36.0,0.0,0,257.97,0.0,1,4.89,5.25,SPY190315P00250000,250.0,0,0.0,0.0,,0.0,normalDay
2019-01-10,0.0,7.0,0.0,0,258.88,0.0,1,4.89,4.82,SPY190315P00250000,250.0,0,0.0,0.0,,0.0,normalDay
2019-01-11,0.0,46.0,0.0,0,258.98,0.0,1,4.89,4.43,SPY190315P00250000,250.0,0,0.0,0.0,,0.0,normalDay
2019-01-14,0.0,23.0,0.0,0,257.4,0.0,1,4.89,4.66,SPY190315P00250000,250.0,0,0.0,0.0,,0.0,normalDay
2019-01-15,0.0,121.0,0.0,0,260.35,0.0,1,4.89,3.68,SPY190315P00250000,250.0,0,0.0,0.0,,0.0,normalDay
2019-01-16,0.0,140.0,0.0,0,260.98,0.0,1,4.89,3.49,SPY190315P00250000,250.0,0,0.0,0.0,,0.0,normalDay
2019-01-17,0.0,192.0,0.0,0,262.96,0.0,1,4.89,2.97,SPY190315P00250000,250.0,0,0.0,0.0,,0.0,normalDay
2019-01-18,0.0,253.0,0.0,0,266.46,0.0,1,4.89,2.36,SPY190315P00250000,250.0,0,0.0,0.0,,0.0,normalDay
2019-01-22,0.0,158.0,0.0,0,262.86,0.0,1,4.89,3.31,SPY190315P00250000,250.0,0,0.0,0.0,,0.0,normalDay
2019-01-23,0.0,175.0,0.0,0,263.41,0.0,1,4.89,3.14,SPY190315P00250000,250.0,0,0.0,0.0,,0.0,normalDay
2019-01-24,0.0,199.0,0.0,0,263.55,0.0,1,4.89,2.9,SPY190315P00250000,250.0,0,0.0,0.0,,0.0,normalDay
2019-01-25,0.0,271.0,0.0,0,265.78,0.0,1,4.89,2.18,SPY190315P00250000,250.0,0,0.0,0.0,,0.0,normalDay
2019-01-28,0.0,228.0,0.0,0,263.76,0.0,1,4.89,2.61,SPY190315P00250000,250.0,0,0.0,0.0,,0.0,normalDay
2019-01-29,0.0,222.0,0.0,0,263.41,0.0,1,4.89,2.67,SPY190315P00250000,250.0,0,0.0,0.0,,0.0,normalDay
2019-01-30,0.0,317.0,0.0,0,267.58,0.0,1,4.89,1.72,SPY190315P00250000,250.0,0,0.0,0.0,,0.0,normalDay
2019-01-31,0.0,369.0,0.0,0,269.93,0.0,1,4.89,1.2,SPY190315P00250000,250.0,0,0.0,0.0,,0.0,normalDay
2019-02-01,0.0,377.0,0.0,0,270.06,0.0,1,4.89,1.12,SPY190315P00250000,250.0,0,0.0,0.0,,0.0,normalDay
2019-02-04,0.0,405.0,0.0,0,271.96,0.0,1,4.89,0.84,SPY190315P00250000,250.0,0,0.0,0.0,,0.0,normalDay
2019-02-05,0.0,411.0,0.0,0,273.1,0.0,1,4.89,0.78,SPY190315P00250000,250.0,0,0.0,0.0,,0.0,normalDay
2019-02-06,0.0,413.0,0.0,0,272.74,0.0,1,4.89,0.76,SPY190315P00250000,250.0,0,0.0,0.0,,0.0,normalDay
2019-02-07,0.0,390.0,0.0,0,270.14,0.0,1,4.89,0.99,SPY190315P00250000,250.0,0,0.0,0.0,,0.0,normalDay
2019-02-08,0.0,403.0,0.0,0,270.47,0.0,1,4.89,0.86,SPY190315P00250000,250.0,0,0.0,0.0,,0.0,normalDay
2019-02-11,0.0,413.0,0.0,0,270.62,0.0,1,4.89,0.76,SPY190315P00250000,250.0,0,0.0,0.0,,0.0,normalDay
2019-02-12,0.0,437.0,0.0,0,274.1,0.0,1,4.89,0.52,SPY190315P00250000,250.0,0,0.0,0.0,,0.0,normalDay
2019-02-13,0.0,440.0,0.0,0,274.99,0.0,1,4.89,0.49,SPY190315P00250000,250.0,0,0.0,0.0,,0.0,normalDay
2019-02-14,0.0,435.0,0.0,0,274.38,0.0,1,4.89,0.54,SPY190315P00250000,250.0,0,0.0,0.0,,0.0,normalDay
2019-02-15,0.0,453.0,0.0,0,277.37,0.0,1,4.89,0.36,SPY190315P00250000,250.0,0,0.0,0.0,,0.0,normalDay
2019-02-19,0.0,462.0,0.0,0,277.85,0.0,1,4.89,0.27,SPY190315P00250000,250.0,0,0.0,0.0,,0.0,normalDay
2019-02-20,0.0,469.0,0.0,0,278.41,0.0,1,4.89,0.2,SPY190315P00250000,250.0,0,0.0,0.0,,0.0,normalDay
2019-02-21,0.0,469.0,0.0,0,277.42,0.0,1,4.89,0.2,SPY190315P00250000,250.0,0,0.0,0.0,,0.0,normalDay
2019-02-22,0.0,475.0,0.0,0,279.14,0.0,1,4.89,0.14,SPY190315P00250000,250.0,0,0.0,0.0,,0.0,normalDay
2019-02-25,0.0,471.0,0.0,0,279.52,0.0,1,4.89,0.18,SPY190315P00250000,250.0,0,0.0,0.0,,0.0,normalDay
2019-02-26,0.0,473.0,0.0,0,279.32,0.0,1,4.89,0.16,SPY190315P00250000,250.0,0,0.0,0.0,,0.0,normalDay
2019-02-27,0.0,474.0,0.0,0,279.2,0.0,1,4.89,0.15,SPY190315P00250000,250.0,0,0.0,0.0,,0.0,normalDay
2019-02-28,0.0,473.0,0.0,0,278.68,0.0,1,4.89,0.16,SPY190315P00250000,250.0,0,0.0,0.0,,0.0,normalDay
2019-03-01,0.0,481.0,0.0,0,280.42,0.0,1,4.89,0.08,SPY190315P00250000,250.0,0,0.0,0.0,,0.0,normalDay
2019-03-04,0.0,482.0,0.0,0,279.4,0.0,1,4.89,0.07,SPY190315P00250000,250.0,0,0.0,0.0,,0.0,normalDay
2019-03-05,0.0,482.0,0.0,0,279.02,0.0,1,4.89,0.07,SPY190315P00250000,250.0,0,0.0,0.0,,0.0,normalDay
2019-03-06,0.0,481.0,0.0,0,277.33,0.0,1,4.89,0.08,SPY190315P00250000,250.0,0,0.0,0.0,,0.0,normalDay
2019-03-07,0.0,481.0,0.0,0,275.01,0.0,1,4.89,0.08,SPY190315P00250000,250.0,0,0.0,0.0,,0.0,normalDay
2019-03-08,0.0,484.0,0.0,0,274.46,0.0,1,4.89,0.05,SPY190315P00250000,250.0,0,0.0,0.0,,0.0,normalDay
2019-03-11,0.0,487.0,0.0,0,278.44,0.0,1,4.89,0.02,SPY190315P00250000,250.0,0,0.0,0.0,,0.0,normalDay
2019-03-12,0.0,487.0,0.0,0,279.49,0.0,1,4.89,0.02,SPY190315P00250000,250.0,0,0.0,0.0,,0.0,normalDay
2019-03-13,0.0,488.0,0.0,0,281.34,0.0,1,4.89,0.01,SPY190315P00250000,250.0,0,0.0,0.0,,0.0,normalDay
2019-03-14,0.0,488.0,0.0,0,281.16,0.0,1,4.89,0.01,SPY190315P00250000,250.0,0,0.0,0.0,,0.0,normalDay
2019-03-15,489.0,0.0,489.0,0,281.31,0.0,1,4.89,0.0,SPY190315P00250000,250.0,0,0.0,0.0,,0.0,expirationDay
2019-03-18,489.0,-5.0,0.0,0,282.33,0.0,1,5.02,5.07,SPY190719P00272000,272.0,0,0.0,0.0,,0.0,normalDay
2019-03-19,489.0,-24.0,0.0,0,282.4,0.0,1,5.02,5.26,SPY190719P00272000,272.0,0,0.0,0.0,,0.0,normalDay
2019-03-20,489.0,-49.0,0.0,0,281.55,0.0,1,5.02,5.51,SPY190719P00272000,272.0,0,0.0,0.0,,0.0,normalDay
2019-03-21,489.0,32.0,0.0,0,284.73,0.0,1,5.02,4.7,SPY190719P00272000,272.0,0,0.0,0.0,,0.0,normalDay
2019-03-22,489.0,-152.0,0.0,0,279.25,0.0,1,5.02,6.54,SPY190719P00272000,272.0,0,0.0,0.0,,0.0,normalDay
2019-03-25,489.0,-173.0,0.0,0,279.04,0.0,1,5.02,6.75,SPY190719P00272000,272.0,0,0.0,0.0,,0.0,normalDay
2019-03-26,489.0,-84.0,0.0,0,281.12,0.0,1,5.02,5.86,SPY190719P00272000,272.0,0,0.0,0.0,,0.0,normalDay
2019-03-27,489.0,-127.0,0.0,0,279.65,0.0,1,5.02,6.29,SPY190719P00272000,272.0,0,0.0,0.0,,0.0,normalDay
2019-03-28,489.0,-75.0,0.0,0,280.71,0.0,1,5.02,5.77,SPY190719P00272000,272.0,0,0.0,0.0,,0.0,normalDay
2019-03-29,489.0,-8.0,0.0,0,282.48,0.0,1,5.02,5.1,SPY190719P00272000,272.0,0,0.0,0.0,,0.0,normalDay
2019-04-01,489.0,78.0,0.0,0,285.83,0.0,1,5.02,4.24,SPY190719P00272000,272.0,0,0.0,0.0,,0.0,normalDay
2019-04-02,489.0,86.0,0.0,0,285.97,0.0,1,5.02,4.16,SPY190719P00272000,272.0,0,0.0,0.0,,0.0,normalDay
2019-04-03,489.0,101.0,0.0,0,286.42,0.0,1,5.02,4.01,SPY190719P00272000,272.0,0,0.0,0.0,,0.0,normalDay
2019-04-04,489.0,119.0,0.0,0,287.18,0.0,1,5.02,3.83,SPY190719P00272000,272.0,0,0.0,0.0,,0.0,normalDay
2019-04-05,489.0,162.0,0.0,0,288.57,0.0,1,5.02,3.4,SPY190719P00272000,272.0,0,0.0,0.0,,0.0,normalDay
2019-04-08,489.0,167.0,0.0,0,288.79,0.0,1,5.02,3.35,SPY190719P00272000,272.0,0,0.0,0.0,,0.0,normalDay
2019-04-09,489.0,115.0,0.0,0,287.31,0.0,1,5.02,3.87,SPY190719P00272000,272.0,0,0.0,0.0,,0.0,normalDay
2019-04-10,489.0,162.0,0.0,0,288.29,0.0,1,5.02,3.4,SPY190719P00272000,272.0,0,0.0,0.0,,0.0,normalDay
2019-04-11,489.0,166.0,0.0,0,288.21,0.0,1,5.02,3.36,SPY190719P00272000,272.0,0,0.0,0.0,,0.0,normalDay
2019-04-12,489.0,226.0,0.0,0,290.16,0.0,1,5.02,2.76,SPY190719P00272000,272.0,0,0.0,0.0,,0.0,normalDay
2019-04-15,489.0,233.0,0.0,0,289.97,0.0,1,5.02,2.69,SPY190719P00272000,272.0,0,0.0,0.0,,0.0,normalDay
2019-04-16,489.0,236.0,0.0,0,290.16,0.0,1,5.02,2.66,SPY190719P00272000,272.0,0,0.0,0.0,,0.0,normalDay
2019-04-17,489.0,221.0,0.0,0,289.45,0.0,1,5.02,2.81,SPY190719P00272000,272.0,0,0.0,0.0,,0.0,normalDay
2019-04-18,489.0,238.0,0.0,0,290.02,0.0,1,5.02,2.64,SPY190719P00272000,272.0,0,0.0,0.0,,0.0,normalDay
2019-04-22,489.0,253.0,0.0,0,290.27,0.0,1,5.02,2.49,SPY190719P00272000,272.0,0,0.0,0.0,,0.0,normalDay
2019-04-23,489.0,287.0,0.0,0,292.88,0.0,1,5.02,2.15,SPY190719P00272000,272.0,0,0.0,0.0,,0.0,normalDay
2019-04-24,489.0,272.0,0.0,0,292.23,0.0,1,5.02,2.3,SPY190719P00272000,272.0,0,0.0,0.0,,0.0,normalDay
2019-04-25,489.0,266.0,0.0,0,292.05,0.0,1,5.02,2.36,SPY190719P00272000,272.0,0,0.0,0.0,,0.0,normalDay
2019-04-26,489.0,290.0,0.0,0,293.41,0.0,1,5.02,2.12,SPY190719P00272000,272.0,0,0.0,0.0,,0.0,normalDay
2019-04-29,489.0,297.0,0.0,0,293.87,0.0,1,5.02,2.05,SPY190719P00272000,272.0,0,0.0,0.0,,0.0,normalDay
2019-04-30,489.0,302.0,0.0,0,294.02,0.0,1,5.02,2.0,SPY190719P00272000,272.0,0,0.0,0.0,,0.0,normalDay
2019-05-01,489.0,256.0,0.0,0,291.81,0.0,1,5.02,2.46,SPY190719P00272000,272.0,0,0.0,0.0,,0.0,normalDay
2019-05-02,489.0,250.0,0.0,0,291.18,0.0,1,5.02,2.52,SPY190719P00272000,272.0,0,0.0,0.0,,0.0,normalDay
2019-05-03,489.0,311.0,0.0,0,294.03,0.0,1,5.02,1.91,SPY190719P00272000,272.0,0,0.0,0.0,,0.0,normalDay
2019-05-06,489.0,268.0,0.0,0,292.82,0.0,1,5.02,2.34,SPY190719P00272000,272.0,0,0.0,0.0,,0.0,normalDay
2019-05-07,489.0,110.0,0.0,0,287.93,0.0,1,5.02,3.92,SPY190719P00272000,272.0,0,0.0,0.0,,0.0,normalDay
2019-05-08,489.0,117.0,0.0,0,287.53,0.0,1,5.02,3.85,SPY190719P00272000,272.0,0,0.0,0.0,,0.0,normalDay
2019-05-09,489.0,115.0,0.0,0,286.66,0.0,1,5.02,3.87,SPY190719P00272000,272.0,0,0.0,0.0,,0.0,normalDay
2019-05-10,489.0,195.0,0.0,0,288.1,0.0,1,5.02,3.07,SPY190719P00272000,272.0,0,0.0,0.0,,0.0,normalDay
2019-05-13,489.0,-49.0,0.0,0,280.86,0.0,1,5.02,5.51,SPY190719P00272000,272.0,0,0.0,0.0,,0.0,normalDay
2019-05-14,489.0,70.0,0.0,0,283.4,0.0,1,5.02,4.32,SPY190719P00272000,272.0,0,0.0,0.0,,0.0,normalDay
2019-05-15,489.0,151.0,0.0,0,285.06,0.0,1,5.02,3.51,SPY190719P00272000,272.0,0,0.0,0.0,,0.0,normalDay
2019-05-16,489.0,227.0,0.0,0,287.7,0.0,1,5.02,2.75,SPY190719P00272000,272.0,0,0.0,0.0,,0.0,normalDay
2019-05-17,489.0,184.0,0.0,0,285.84,0.0,1,5.02,3.18,SPY190719P00272000,272.0,0,0.0,0.0,,0.0,normalDay
2019-05-20,489.0,158.0,0.0,0,283.95,0.0,1,5.02,3.44,SPY190719P00272000,272.0,0,0.0,0.0,,0.0,normalDay
2019-05-21,489.0,238.0,0.0,0,286.51,0.0,1,5.02,2.64,SPY190719P00272000,272.0,0,0.0,0.0,,0.0,normalDay
2019-05-22,489.0,229.0,0.0,0,285.63,0.0,1,5.02,2.73,SPY190719P00272000,272.0,0,0.0,0.0,,0.0,normalDay
2019-05-23,489.0,114.0,0.0,0,282.14,0.0,1,5.02,3.88,SPY190719P00272000,272.0,0,0.0,0.0,,0.0,normalDay
2019-05-24,489.0,160.0,0.0,0,282.78,0.0,1,5.02,3.42,SPY190719P00272000,272.0,0,0.0,0.0,,0.0,normalDay
2019-05-28,489.0,92.0,0.0,0,280.15,0.0,1,5.02,4.1,SPY190719P00272000,272.0,0,0.0,0.0,,0.0,normalDay
2019-05-29,489.0,34.0,0.0,0,278.27,0.0,1,5.02,4.68,SPY190719P00272000,272.0,0,0.0,0.0,,0.0,normalDay
2019-05-30,489.0,69.0,0.0,0,279.03,0.0,1,5.02,4.33,SPY190719P00272000,272.0,0,0.0,0.0,,0.0,normalDay
2019-05-31,489.0,-77.0,0.0,0,275.27,0.0,1,5.02,5.79,SPY190719P00272000,272.0,0,0.0,0.0,,0.0,normalDay
2019-06-03,489.0,-70.0,0.0,0,274.57,0.0,1,5.02,5.72,SPY190719P00272000,272.0,0,0.0,0.0,,0.0,normalDay
2019-06-04,489.0,152.0,0.0,0,280.53,0.0,1,5.02,3.5,SPY190719P00272000,272.0,0,0.0,0.0,,0.0,normalDay
2019-06-05,489.0,237.0,0.0,0,282.96,0.0,1,5.02,2.65,SPY190719P00272000,272.0,0,0.0,0.0,,0.0,normalDay
2019-06-06,489.0,281.0,0.0,0,284.8,0.0,1,5.02,2.21,SPY190719P00272000,272.0,0,0.0,0.0,,0.0,normalDay
2019-06-07,489.0,315.0,0.0,0,287.65,0.0,1,5.02,1.87,SPY190719P00272000,272.0,0,0.0,0.0,,0.0,normalDay
2019-06-10,489.0,349.0,0.0,0,288.97,0.0,1,5.02,1.53,SPY190719P00272000,272.0,0,0.0,0.0,,0.0,normalDay
2019-06-11,489.0,348.0,0.0,0,288.9,0.0,1,5.02,1.54,SPY190719P00272000,272.0,0,0.0,0.0,,0.0,normalDay
2019-06-12,489.0,348.0,0.0,0,288.39,0.0,1,5.02,1.54,SPY190719P00272000,272.0,0,0.0,0.0,,0.0,normalDay
2019-06-13,489.0,368.0,0.0,0,289.58,0.0,1,5.02,1.34,SPY190719P00272000,272.0,0,0.0,0.0,,0.0,normalDay
2019-06-14,489.0,380.0,0.0,0,289.26,0.0,1,5.02,1.22,SPY190719P00272000,272.0,0,0.0,0.0,,0.0,normalDay
2019-06-17,489.0,392.0,0.0,0,289.37,0.0,1,5.02,1.1,SPY190719P00272000,272.0,0,0.0,0.0,,0.0,normalDay
2019-06-18,489.0,419.0,0.0,0,292.4,0.0,1,5.02,0.83,SPY190719P00272000,272.0,0,0.0,0.0,,0.0,normalDay
2019-06-19,489.0,437.0,0.0,0,293.06,0.0,1,5.02,0.65,SPY190719P00272000,272.0,0,0.0,0.0,,0.0,normalDay
2019-06-20,489.0,449.0,0.0,0,295.86,0.0,1,5.02,0.53,SPY190719P00272000,272.0,0,0.0,0.0,,0.0,normalDay
2019-06-21,489.0,446.0,0.0,0,294.0,0.0,1,5.02,0.56,SPY190719P00272000,272.0,0,0.0,0.0,,0.0,normalDay
2019-06-24,489.0,454.0,0.0,0,293.64,0.0,1,5.02,0.48,SPY190719P00272000,272.0,0,0.0,0.0,,0.0,normalDay
2019-06-25,489.0,433.0,0.0,0,290.76,0.0,1,5.02,0.69,SPY190719P00272000,272.0,0,0.0,0.0,,0.0,normalDay
2019-06-26,489.0,434.0,0.0,0,290.47,0.0,1,5.02,0.68,SPY190719P00272000,272.0,0,0.0,0.0,,0.0,normalDay
2019-06-27,489.0,449.0,0.0,0,291.5,0.0,1,5.02,0.53,SPY190719P00272000,272.0,0,0.0,0.0,,0.0,normalDay
2019-06-28,489.0,461.0,0.0,0,293.0,0.0,1,5.02,0.41,SPY190719P00272000,272.0,0,0.0,0.0,,0.0,normalDay
2019-07-01,489.0,483.0,0.0,0,295.66,0.0,1,5.02,0.19,SPY190719P00272000,272.0,0,0.0,0.0,,0.0,normalDay
2019-07-02,489.0,490.0,0.0,0,296.43,0.0,1,5.02,0.12,SPY190719P00272000,272.0,0,0.0,0.0,,0.0,normalDay
2019-07-03,489.0,493.0,0.0,0,298.8,0.0,1,5.02,0.09,SPY190719P00272000,272.0,0,0.0,0.0,,0.0,normalDay
2019-07-05,489.0,492.0,0.0,0,298.46,0.0,1,5.02,0.1,SPY190719P00272000,272.0,0,0.0,0.0,,0.0,normalDay
2019-07-08,489.0,495.0,0.0,0,296.82,0.0,1,5.02,0.07,SPY190719P00272000,272.0,0,0.0,0.0,,0.0,normalDay
2019-07-09,489.0,496.0,0.0,0,297.19,0.0,1,5.02,0.06,SPY190719P00272000,272.0,0,0.0,0.0,,0.0,normalDay
2019-07-10,489.0,498.0,0.0,0,298.61,0.0,1,5.02,0.04,SPY190719P00272000,272.0,0,0.0,0.0,,0.0,normalDay
2019-07-11,489.0,498.0,0.0,0,299.31,0.0,1,5.02,0.04,SPY190719P00272000,272.0,0,0.0,0.0,,0.0,normalDay
2019-07-12,489.0,499.0,0.0,0,300.65,0.0,1,5.02,0.03,SPY190719P00272000,272.0,0,0.0,0.0,,0.0,normalDay
2019-07-15,489.0,500.0,0.0,0,300.75,0.0,1,5.02,0.02,SPY190719P00272000,272.0,0,0.0,0.0,,0.0,normalDay
2019-07-16,489.0,500.0,0.0,0,299.78,0.0,1,5.02,0.02,SPY190719P00272000,272.0,0,0.0,0.0,,0.0,normalDay
2019-07-17,489.0,500.0,0.0,0,297.74,0.0,1,5.02,0.02,SPY190719P00272000,272.0,0,0.0,0.0,,0.0,normalDay
2019-07-18,489.0,501.0,0.0,0,298.83,0.0,1,5.02,0.01,SPY190719P00272000,272.0,0,0.0,0.0,,0.0,normalDay
2019-07-19,991.0,0.0,502.0,0,297.17,0.0,1,5.02,0.0,SPY190719P00272000,272.0,0,0.0,0.0,,0.0,expirationDay
2019-07-22,991.0,-5.0,0.0,0,297.9,0.0,1,5.09,5.14,SPY191115P00285000,285.0,0,0.0,0.0,,0.0,normalDay
2019-07-23,991.0,62.0,0.0,0,300.03,0.0,1,5.09,4.47,SPY191115P00285000,285.0,0,0.0,0.0,,0.0,normalDay
2019-07-24,991.0,102.0,0.0,0,301.44,0.0,1,5.09,4.07,SPY191115P00285000,285.0,0,0.0,0.0,,0.0,normalDay
2019-07-25,991.0,61.0,0.0,0,300.0,0.0,1,5.09,4.48,SPY191115P00285000,285.0,0,0.0,0.0,,0.0,normalDay
2019-07-26,991.0,113.0,0.0,0,302.01,0.0,1,5.09,3.96,SPY191115P00285000,285.0,0,0.0,0.0,,0.0,normalDay
2019-07-29,991.0,110.0,0.0,0,301.46,0.0,1,5.09,3.99,SPY191115P00285000,285.0,0,0.0,0.0,,0.0,normalDay
2019-07-30,991.0,68.0,0.0,0,300.72,0.0,1,5.09,4.41,SPY191115P00285000,285.0,0,0.0,0.0,,0.0,normalDay
2019-07-31,991.0,-44.0,0.0,0,297.43,0.0,1,5.09,5.53,SPY191115P00285000,285.0,0,0.0,0.0,,0.0,normalDay
2019-08-01,991.0,-147.0,0.0,0,294.84,0.0,1,5.09,6.56,SPY191115P00285000,285.0,0,0.0,0.0,,0.0,normalDay
2019-08-02,991.0,-215.0,0.0,0,292.62,0.0,1,5.09,7.24,SPY191115P00285000,285.0,0,0.0,0.0,,0.0,normalDay
2019-08-05,991.0,-694.0,0.0,0,283.82,0.0,1,5.09,12.03,SPY191115P00285000,285.0,0,0.0,0.0,,0.0,normalDay
2019-08-06,991.0,-423.0,0.0,0,287.8,0.0,1,5.09,9.32,SPY191115P00285000,285.0,0,0.0,0.0,,0.0,normalDay
2019-08-07,991.0,-412.0,0.0,0,287.97,0.0,1,5.09,9.21,SPY191115P00285000,285.0,0,0.0,0.0,,0.0,normalDay
2019-08-08,991.0,-157.0,0.0,0,293.62,0.0,1,5.09,6.66,SPY191115P00285000,285.0,0,0.0,0.0,,0.0,normalDay
2019-08-09,991.0,-238.0,0.0,0,291.62,0.0,1,5.09,7.47,SPY191115P00285000,285.0,0,0.0,0.0,,0.0,normalDay
2019-08-12,991.0,-444.0,0.0,0,288.07,0.0,1,5.09,9.53,SPY191115P00285000,285.0,0,0.0,0.0,,0.0,normalDay
2019-08-13,991.0,-209.0,0.0,0,292.55,0.0,1,5.09,7.18,SPY191115P00285000,285.0,0,0.0,0.0,,0.0,normalDay
2019-08-14,991.0,-632.0,0.0,0,283.9,0.0,1,5.09,11.41,SPY191115P00285000,285.0,0,0.0,0.0,,0.0,normalDay
2019-08-15,991.0,-575.0,0.0,0,284.65,0.0,1,5.09,10.84,SPY191115P00285000,285.0,0,0.0,0.0,,0.0,normalDay
2019-08-16,991.0,-362.0,0.0,0,288.85,0.0,1,5.09,8.71,SPY191115P00285000,285.0,0,0.0,0.0,,0.0,normalDay
2019-08-19,991.0,-177.0,0.0,0,292.33,0.0,1,5.09,6.86,SPY191115P00285000,285.0,0,0.0,0.0,,0.0,normalDay
2019-08-20,991.0,-270.0,0.0,0,290.09,0.0,1,5.09,7.79,SPY191115P00285000,285.0,0,0.0,0.0,,0.0,normalDay
2019-08-21,991.0,-125.0,0.0,0,292.45,0.0,1,5.09,6.34,SPY191115P00285000,285.0,0,0.0,0.0,,0.0,normalDay
2019-08-22,991.0,-155.0,0.0,0,292.36,0.0,1,5.09,6.64,SPY191115P00285000,285.0,0,0.0,0.0,,0.0,normalDay
2019-08-23,991.0,-471.0,0.0,0,284.85,0.0,1,5.09,9.8,SPY191115P00285000,285.0,0,0.0,0.0,,0.0,normalDay
2019-08-26,991.0,-344.0,0.0,0,288.0,0.0,1,5.09,8.53,SPY191115P00285000,285.0,0,0.0,0.0,,0.0,normalDay
2019-08-27,991.0,-418.0,0.0,0,286.87,0.0,1,5.09,9.27,SPY191115P00285000,285.0,0,0.0,0.0,,0.0,normalDay
2019-08-28,991.0,-311.0,0.0,0,288.89,0.0,1,5.09,8.2,SPY191115P00285000,285.0,0,0.0,0.0,,0.0,normalDay
2019-08-29,991.0,-152.0,0.0,0,292.58,0.0,1,5.09,6.61,SPY191115P00285000,285.0,0,0.0,0.0,,0.0,normalDay
2019-08-30,991.0,-167.0,0.0,0,292.45,0.0,1,5.09,6.76,SPY191115P00285000,285.0,0,0.0,0.0,,0.0,normalDay
2019-09-03,991.0,-232.0,0.0,0,290.74,0.0,1,5.09,7.41,SPY191115P00285000,285.0,0,0.0,0.0,,0.0,normalDay
2019-09-04,991.0,-66.0,0.0,0,294.04,0.0,1,5.09,5.75,SPY191115P00285000,285.0,0,0.0,0.0,,0.0,normalDay
2019-09-05,991.0,57.0,0.0,0,297.82,0.0,1,5.09,4.52,SPY191115P00285000,285.0,0,0.0,0.0,,0.0,normalDay
2019-09-06,991.0,103.0,0.0,0,298.05,0.0,1,5.09,4.06,SPY191115P00285000,285.0,0,0.0,0.0,,0.0,normalDay
2019-09-09,991.0,112.0,0.0,0,298.2,0.0,1,5.09,3.97,SPY191115P00285000,285.0,0,0.0,0.0,,0.0,normalDay
2019-09-10,991.0,120.0,0.0,0,298.13,0.0,1,5.09,3.89,SPY191115P00285000,285.0,0,0.0,0.0,,0.0,normalDay
2019-09-11,991.0,184.0,0.0,0,300.25,0.0,1,5.09,3.25,SPY191115P00285000,285.0,0,0.0,0.0,,0.0,normalDay
2019-09-12,991.0,224.0,0.0,0,301.29,0.0,1,5.09,2.85,SPY191115P00285000,285.0,0,0.0,0.0,,0.0,normalDay
2019-09-13,991.0,229.0,0.0,0,301.09,0.0,1,5.09,2.8,SPY191115P00285000,285.0,0,0.0,0.0,,0.0,normalDay
2019-09-16,991.0,212.0,0.0,0,300.16,0.0,1,5.09,2.97,SPY191115P00285000,285.0,0,0.0,0.0,,0.0,normalDay
2019-09-17,991.0,224.0,0.0,0,300.92,0.0,1,5.09,2.85,SPY191115P00285000,285.0,0,0.0,0.0,,0.0,normalDay
2019-09-18,991.0,250.0,0.0,0,301.1,0.0,1,5.09,2.59,SPY191115P00285000,285.0,0,0.0,0.0,,0.0,normalDay
2019-09-19,991.0,253.0,0.0,0,301.08,0.0,1,5.09,2.56,SPY191115P00285000,285.0,0,0.0,0.0,,0.0,normalDay
2019-09-20,991.0,202.0,0.0,0,298.28,0.0,1,5.09,3.07,SPY191115P00285000,285.0,0,0.0,0.0,,0.0,normalDay
2019-09-23,991.0,227.0,0.0,0,298.21,0.0,1,5.09,2.82,SPY191115P00285000,285.0,0,0.0,0.0,,0.0,normalDay
2019-09-24,991.0,148.0,0.0,0,295.87,0.0,1,5.09,3.61,SPY191115P00285000,285.0,0,0.0,0.0,,0.0,normalDay
2019-09-25,991.0,199.0,0.0,0,297.62,0.0,1,5.09,3.1,SPY191115P00285000,285.0,0,0.0,0.0,,0.0,normalDay
2019-09-26,991.0,200.0,0.0,0,297.0,0.0,1,5.09,3.09,SPY191115P00285000,285.0,0,0.0,0.0,,0.0,normalDay
2019-09-27,991.0,144.0,0.0,0,295.4,0.0,1,5.09,3.65,SPY191115P00285000,285.0,0,0.0,0.0,,0.0,normalDay
2019-09-30,991.0,215.0,0.0,0,296.77,0.0,1,5.09,2.94,SPY191115P00285000,285.0,0,0.0,0.0,,0.0,normalDay
2019-10-01,991.0,91.0,0.0,0,293.24,0.0,1,5.09,4.18,SPY191115P00285000,285.0,0,0.0,0.0,,0.0,normalDay
2019-10-02,991.0,-134.0,0.0,0,288.06,0.0,1,5.09,6.43,SPY191115P00285000,285.0,0,0.0,0.0,,0.0,normalDay
2019-10-03,991.0,-1.0,0.0,0,290.42,0.0,1,5.09,5.1,SPY191115P00285000,285.0,0,0.0,0.0,,0.0,normalDay
2019-10-04,991.0,162.0,0.0,0,294.35,0.0,1,5.09,3.47,SPY191115P00285000,285.0,0,0.0,0.0,,0.0,normalDay
2019-10-07,991.0,132.0,0.0,0,293.08,0.0,1,5.09,3.77,SPY191115P00285000,285.0,0,0.0,0.0,,0.0,normalDay
2019-10-08,991.0,-46.0,0.0,0,288.53,0.0,1,5.09,5.55,SPY191115P00285000,285.0,0,0.0,0.0,,0.0,normalDay
2019-10-09,991.0,83.0,0.0,0,291.27,0.0,1,5.09,4.26,SPY191115P00285000,285.0,0,0.0,0.0,,0.0,normalDay
2019-10-10,991.0,174.0,0.0,0,293.24,0.0,1,5.09,3.35,SPY191115P00285000,285.0,0,0.0,0.0,,0.0,normalDay
2019-10-11,991.0,297.0,0.0,0,296.28,0.0,1,5.09,2.12,SPY191115P00285000,285.0,0,0.0,0.0,,0.0,normalDay
2019-10-14,991.0,325.0,0.0,0,295.95,0.0,1,5.09,1.84,SPY191115P00285000,285.0,0,0.0,0.0,,0.0,normalDay
2019-10-15,991.0,394.0,0.0,0,298.88,0.0,1,5.09,1.15,SPY191115P00285000,285.0,0,0.0,0.0,,0.0,normalDay
2019-10-16,991.0,394.0,0.0,0,298.4,0.0,1,5.09,1.15,SPY191115P00285000,285.0,0,0.0,0.0,,0.0,normalDay
2019-10-17,991.0,405.0,0.0,0,299.28,0.0,1,5.09,1.04,SPY191115P00285000,285.0,0,0.0,0.0,,0.0,normalDay
2019-10-18,991.0,392.0,0.0,0,297.97,0.0,1,5.09,1.17,SPY191115P00285000,285.0,0,0.0,0.0,,0.0,normalDay
2019-10-21,991.0,431.0,0.0,0,299.99,0.0,1,5.09,0.78,SPY191115P00285000,285.0,0,0.0,0.0,,0.0,normalDay
2019-10-22,991.0,422.0,0.0,0,299.01,0.0,1,5.09,0.87,SPY191115P00285000,285.0,0,0.0,0.0,,0.0,normalDay
2019-10-23,991.0,442.0,0.0,0,299.88,0.0,1,5.09,0.67,SPY191115P00285000,285.0,0,0.0,0.0,,0.0,normalDay
2019-10-24,991.0,452.0,0.0,0,300.37,0.0,1,5.09,0.57,SPY191115P00285000,285.0,0,0.0,0.0,,0.0,normalDay
2019-10-25,991.0,471.0,0.0,0,301.6,0.0,1,5.09,0.38,SPY191115P00285000,285.0,0,0.0,0.0,,0.0,normalDay
2019-10-28,991.0,480.0,0.0,0,303.3,0.0,1,5.09,0.29,SPY191115P00285000,285.0,0,0.0,0.0,,0.0,normalDay
2019-10-29,991.0,483.0,0.0,0,303.21,0.0,1,5.09,0.26,SPY191115P00285000,285.0,0,0.0,0.0,,0.0,normalDay
2019-10-30,991.0,490.0,0.0,0,304.14,0.0,1,5.09,0.19,SPY191115P00285000,285.0,0,0.0,0.0,,0.0,normalDay
2019-10-31,991.0,484.0,0.0,0,303.33,0.0,1,5.09,0.25,SPY191115P00285000,285.0,0,0.0,0.0,,0.0,normalDay
2019-11-01,991.0,498.0,0.0,0,306.14,0.0,1,5.09,0.11,SPY191115P00285000,285.0,0,0.0,0.0,,0.0,normalDay
2019-11-04,991.0,500.0,0.0,0,307.37,0.0,1,5.09,0.09,SPY191115P00285000,285.0,0,0.0,0.0,,0.0,normalDay
2019-11-05,991.0,502.0,0.0,0,307.03,0.0,1,5.09,0.07,SPY191115P00285000,285.0,0,0.0,0.0,,0.0,normalDay
2019-11-06,991.0,504.0,0.0,0,307.1,0.0,1,5.09,0.05,SPY191115P00285000,285.0,0,0.0,0.0,,0.0,normalDay
2019-11-07,991.0,506.0,0.0,0,308.18,0.0,1,5.09,0.03,SPY191115P00285000,285.0,0,0.0,0.0,,0.0,normalDay
2019-11-08,991.0,507.0,0.0,0,308.94,0.0,1,5.09,0.02,SPY191115P00285000,285.0,0,0.0,0.0,,0.0,normalDay
2019-11-11,991.0,507.0,0.0,0,308.35,0.0,1,5.09,0.02,SPY191115P00285000,285.0,0,0.0,0.0,,0.0,normalDay
2019-11-12,991.0,507.0,0.0,0,309.0,0.0,1,5.09,0.02,SPY191115P00285000,285.0,0,0.0,0.0,,0.0,normalDay
2019-11-13,991.0,508.0,0.0,0,309.1,0.0,1,5.09,0.01,SPY191115P00285000,285.0,0,0.0,0.0,,0.0,normalDay
2019-11-14,991.0,508.0,0.0,0,309.55,0.0,1,5.09,0.01,SPY191115P00285000,285.0,0,0.0,0.0,,0.0,normalDay
2019-11-15,1500.0,0.0,509.0,0,311.79,0.0,1,5.09,0.0,SPY191115P00285000,285.0,0,0.0,0.0,,0.0,expirationDay
2019-11-18,1500.0,-5.0,0.0,0,312.02,0.0,1,5.24,5.29,SPY200331P00292000,292.0,0,0.0,0.0,,0.0,normalDay
2019-11-19,1500.0,-19.0,0.0,0,311.93,0.0,1,5.24,5.43,SPY200331P00292000,292.0,0,0.0,0.0,,0.0,normalDay
2019-11-20,1500.0,-53.0,0.0,0,310.77,0.0,1,5.24,5.77,SPY200331P00292000,292.0,0,0.0,0.0,,0.0,normalDay
2019-11-21,1500.0,-66.0,0.0,0,310.27,0.0,1,5.24,5.9,SPY200331P00292000,292.0,0,0.0,0.0,,0.0,normalDay
2019-11-22,1500.0,-31.0,0.0,0,310.96,0.0,1,5.24,5.55,SPY200331P00292000,292.0,0,0.0,0.0,,0.0,normalDay
2019-11-25,1500.0,41.0,0.0,0,313.37,0.0,1,5.24,4.83,SPY200331P00292000,292.0,0,0.0,0.0,,0.0,normalDay
2019-11-26,1500.0,70.0,0.0,0,314.08,0.0,1,5.24,4.54,SPY200331P00292000,292.0,0,0.0,0.0,,0.0,normalDay
2019-11-27,1500.0,92.0,0.0,0,315.48,0.0,1,5.24,4.32,SPY200331P00292000,292.0,0,0.0,0.0,,0.0,normalDay
2019-11-29,1500.0,56.0,0.0,0,314.31,0.0,1,5.24,4.68,SPY200331P00292000,292.0,0,0.0,0.0,,0.0,normalDay
2019-12-02,1500.0,-30.0,0.0,0,311.64,0.0,1,5.24,5.54,SPY200331P00292000,292.0,0,0.0,0.0,,0.0,normalDay
2019-12-03,1500.0,-107.0,0.0,0,309.55,0.0,1,5.24,6.31,SPY200331P00292000,292.0,0,0.0,0.0,,0.0,normalDay
2019-12-04,1500.0,-44.0,0.0,0,311.46,0.0,1,5.24,5.68,SPY200331P00292000,292.0,0,0.0,0.0,,0.0,normalDay
2019-12-05,1500.0,-9.0,0.0,0,312.02,0.0,1,5.24,5.33,SPY200331P00292000,292.0,0,0.0,0.0,,0.0,normalDay
2019-12-06,1500.0,66.0,0.0,0,314.87,0.0,1,5.24,4.58,SPY200331P00292000,292.0,0,0.0,0.0,,0.0,normalDay
2019-12-09,1500.0,23.0,0.0,0,313.88,0.0,1,5.24,5.01,SPY200331P00292000,292.0,0,0.0,0.0,,0.0,normalDay
2019-12-10,1500.0,35.0,0.0,0,313.53,0.0,1,5.24,4.89,SPY200331P00292000,292.0,0,0.0,0.0,,0.0,normalDay
2019-12-11,1500.0,66.0,0.0,0,314.42,0.0,1,5.24,4.58,SPY200331P00292000,292.0,0,0.0,0.0,,0.0,normalDay
2019-12-12,1500.0,136.0,0.0,0,317.13,0.0,1,5.24,3.88,SPY200331P00292000,292.0,0,0.0,0.0,,0.0,normalDay
2019-12-13,1500.0,177.0,0.0,0,317.32,0.0,1,5.24,3.47,SPY200331P00292000,292.0,0,0.0,0.0,,0.0,normalDay
2019-12-16,1500.0,231.0,0.0,0,319.5,0.0,1,5.24,2.93,SPY200331P00292000,292.0,0,0.0,0.0,,0.0,normalDay
2019-12-17,1500.0,228.0,0.0,0,319.57,0.0,1,5.24,2.96,SPY200331P00292000,292.0,0,0.0,0.0,,0.0,normalDay
2019-12-18,1500.0,228.0,0.0,0,319.59,0.0,1,5.24,2.96,SPY200331P00292000,292.0,0,0.0,0.0,,0.0,normalDay
2019-12-19,1500.0,251.0,0.0,0,320.9,0.0,1,5.24,2.73,SPY200331P00292000,292.0,0,0.0,0.0,,0.0,normalDay
2019-12-20,1500.0,261.0,0.0,0,320.73,0.0,1,5.24,2.63,SPY200331P00292000,292.0,0,0.0,0.0,,0.0,normalDay
2019-12-23,1500.0,262.0,0.0,0,321.22,0.0,1,5.24,2.62,SPY200331P00292000,292.0,0,0.0,0.0,,0.0,normalDay
2019-12-24,1500.0,268.0,0.0,0,321.23,0.0,1,5.24,2.56,SPY200331P00292000,292.0,0,0.0,0.0,,0.0,normalDay
2019-12-26,1500.0,293.0,0.0,0,322.94,0.0,1,5.24,2.31,SPY200331P00292000,292.0,0,0.0,0.0,,0.0,normalDay
2019-12-27,1500.0,282.0,0.0,0,322.86,0.0,1,5.24,2.42,SPY200331P00292000,292.0,0,0.0,0.0,,0.0,normalDay
2019-12-30,1500.0,254.0,0.0,0,321.08,0.0,1,5.24,2.7,SPY200331P00292000,292.0,0,0.0,0.0,,0.0,normalDay
2019-12-31,1500.0,286.0,0.0,0,321.86,0.0,1,5.24,2.38,SPY200331P00292000,292.0,0,0.0,0.0,,0.0,normalDay
2020-01-02,1500.0,333.0,0.0,0,324.87,0.0,1,5.24,1.91,SPY200331P00292000,292.0,0,0.0,0.0,,0.0,normalDay
2020-01-03,1500.0,289.0,0.0,0,322.41,0.0,1,5.24,2.35,SPY200331P00292000,292.0,0,0.0,0.0,,0.0,normalDay
2020-01-06,1500.0,317.0,0.0,0,323.64,0.0,1,5.24,2.07,SPY200331P00292000,292.0,0,0.0,0.0,,0.0,normalDay
2020-01-07,1500.0,308.0,0.0,0,322.73,0.0,1,5.24,2.16,SPY200331P00292000,292.0,0,0.0,0.0,,0.0,normalDay
2020-01-08,1500.0,338.0,0.0,0,324.45,0.0,1,5.24,1.86,SPY200331P00292000,292.0,0,0.0,0.0,,0.0,normalDay
2020-01-09,1500.0,368.0,0.0,0,326.65,0.0,1,5.24,1.56,SPY200331P00292000,292.0,0,0.0,0.0,,0.0,normalDay
2020-01-10,1500.0,363.0,0.0,0,325.71,0.0,1,5.24,1.61,SPY200331P00292000,292.0,0,0.0,0.0,,0.0,normalDay
2020-01-13,1500.0,393.0,0.0,0,327.95,0.0,1,5.24,1.31,SPY200331P00292000,292.0,0,0.0,0.0,,0.0,normalDay
2020-01-14,1500.0,395.0,0.0,0,327.45,0.0,1,5.24,1.29,SPY200331P00292000,292.0,0,0.0,0.0,,0.0,normalDay
2020-01-15,1500.0,402.0,0.0,0,328.19,0.0,1,5.24,1.22,SPY200331P00292000,292.0,0,0.0,0.0,,0.0,normalDay
2020-01-16,1500.0,418.0,0.0,0,330.92,0.0,1,5.24,1.06,SPY200331P00292000,292.0,0,0.0,0.0,,0.0,normalDay
2020-01-17,1500.0,427.0,0.0,0,331.95,0.0,1,5.24,0.97,SPY200331P00292000,292.0,0,0.0,0.0,,0.0,normalDay
2020-01-21,1500.0,425.0,0.0,0,331.3,0.0,1,5.24,0.99,SPY200331P00292000,292.0,0,0.0,0.0,,0.0,normalDay
2020-01-22,1500.0,426.0,0.0,0,331.34,0.0,1,5.24,0.98,SPY200331P00292000,292.0,0,0.0,0.0,,0.0,normalDay
2020-01-23,1500.0,427.0,0.0,0,331.72,0.0,1,5.24,0.97,SPY200331P00292000,292.0,0,0.0,0.0,,0.0,normalDay
2020-01-24,1500.0,397.0,0.0,0,328.77,0.0,1,5.24,1.27,SPY200331P00292000,292.0,0,0.0,0.0,,0.0,normalDay
2020-01-27,1500.0,306.0,0.0,0,323.5,0.0,1,5.24,2.18,SPY200331P00292000,292.0,0,0.0,0.0,,0.0,normalDay
2020-01-28,1500.0,371.0,0.0,0,326.89,0.0,1,5.24,1.53,SPY200331P00292000,292.0,0,0.0,0.0,,0.0,normalDay
2020-01-29,1500.0,373.0,0.0,0,326.62,0.0,1,5.24,1.51,SPY200331P00292000,292.0,0,0.0,0.0,,0.0,normalDay
2020-01-30,1500.0,399.0,0.0,0,327.68,0.0,1,5.24,1.25,SPY200331P00292000,292.0,0,0.0,0.0,,0.0,normalDay
2020-01-31,1500.0,309.0,0.0,0,321.73,0.0,1,5.24,2.15,SPY200331P00292000,292.0,0,0.0,0.0,,0.0,normalDay
2020-02-03,1500.0,346.0,0.0,0,324.12,0.0,1,5.24,1.78,SPY200331P00292000,292.0,0,0.0,0.0,,0.0,normalDay
2020-02-04,1500.0,415.0,0.0,0,329.06,0.0,1,5.24,1.09,SPY200331P00292000,292.0,0,0.0,0.0,,0.0,normalDay
2020-02-05,1500.0,443.0,0.0,0,332.86,0.0,1,5.24,0.81,SPY200331P00292000,292.0,0,0.0,0.0,,0.0,normalDay
2020-02-06,1500.0,446.0,0.0,0,333.98,0.0,1,5.24,0.78,SPY200331P00292000,292.0,0,0.0,0.0,,0.0,normalDay
2020-02-07,1500.0,439.0,0.0,0,332.2,0.0,1,5.24,0.85,SPY200331P00292000,292.0,0,0.0,0.0,,0.0,normalDay
2020-02-10,1500.0,456.0,0.0,0,334.68,0.0,1,5.24,0.68,SPY200331P00292000,292.0,0,0.0,0.0,,0.0,normalDay
2020-02-11,1500.0,458.0,0.0,0,335.26,0.0,1,5.24,0.66,SPY200331P00292000,292.0,0,0.0,0.0,,0.0,normalDay
2020-02-12,1500.0,472.0,0.0,0,337.42,0.0,1,5.24,0.52,SPY200331P00292000,292.0,0,0.0,0.0,,0.0,normalDay
2020-02-13,1500.0,471.0,0.0,0,337.06,0.0,1,5.24,0.53,SPY200331P00292000,292.0,0,0.0,0.0,,0.0,normalDay
2020-02-14,1500.0,477.0,0.0,0,337.6,0.0,1,5.24,0.47,SPY200331P00292000,292.0,0,0.0,0.0,,0.0,normalDay
2020-02-18,1500.0,475.0,0.0,0,336.73,0.0,1,5.24,0.49,SPY200331P00292000,292.0,0,0.0,0.0,,0.0,normalDay
2020-02-19,1500.0,482.0,0.0,0,338.34,0.0,1,5.24,0.42,SPY200331P00292000,292.0,0,0.0,0.0,,0.0,normalDay
2020-02-20,1500.0,474.0,0.0,0,336.95,0.0,1,5.24,0.5,SPY200331P00292000,292.0,0,0.0,0.0,,0.0,normalDay
2020-02-21,1500.0,457.0,0.0,0,333.48,0.0,1,5.24,0.67,SPY200331P00292000,292.0,0,0.0,0.0,,0.0,normalDay
2020-02-24,1500.0,299.0,0.0,0,322.42,0.0,1,5.24,2.25,SPY200331P00292000,292.0,0,0.0,0.0,,0.0,normalDay
2020-02-25,1500.0,160.0,0.0,0,312.65,0.0,1,5.24,3.64,SPY200331P00292000,292.0,0,0.0,0.0,,0.0,normalDay
2020-02-26,1500.0,154.0,0.0,0,311.5,0.0,1,5.24,3.7,SPY200331P00292000,292.0,0,0.0,0.0,,0.0,normalDay
2020-02-27,1500.0,-520.0,0.0,0,297.51,0.0,1,5.24,10.44,SPY200331P00292000,292.0,0,0.0,0.0,,0.0,normalDay
2020-02-28,1500.0,-611.0,0.0,0,296.26,0.0,1,5.24,11.35,SPY200331P00292000,292.0,0,0.0,0.0,,0.0,normalDay
2020-03-02,1500.0,15.0,0.0,0,309.09,0.0,1,5.24,5.09,SPY200331P00292000,292.0,0,0.0,0.0,,0.0,normalDay
2020-03-03,1500.0,-277.0,0.0,0,300.24,0.0,1,5.24,8.01,SPY200331P00292000,292.0,0,0.0,0.0,,0.0,normalDay
2020-03-04,1500.0,96.0,0.0,0,312.86,0.0,1,5.24,4.28,SPY200331P00292000,292.0,0,0.0,0.0,,0.0,normalDay
2020-03-05,1500.0,-321.0,0.0,0,302.46,0.0,1,5.24,8.45,SPY200331P00292000,292.0,0,0.0,0.0,,0.0,normalDay
2020-03-06,1500.0,-510.0,0.0,0,297.46,0.0,1,5.24,10.34,SPY200331P00292000,292.0,0,0.0,0.0,,0.0,normalDay
2020-03-09,1500.0,-1924.0,0.0,0,274.23,0.0,1,5.24,24.48,SPY200331P00292000,292.0,0,0.0,0.0,,0.0,normalDay
2020-03-10,1500.0,-918.0,0.0,0,288.42,0.0,1,5.24,14.42,SPY200331P00292000,292.0,0,0.0,0.0,,0.0,normalDay
2020-03-11,1500.0,-1877.0,0.0,0,274.36,0.0,1,5.24,24.01,SPY200331P00292000,292.0,0,0.0,0.0,,0.0,normalDay
2020-03-12,1500.0,-4098.0,0.0,0,248.11,0.0,1,5.24,46.22,SPY200331P00292000,292.0,0,0.0,0.0,,0.0,normalDay
2020-03-13,1500.0,-2138.0,0.0,0,269.32,0.0,1,5.24,26.62,SPY200331P00292000,292.0,0,0.0,0.0,,0.0,normalDay
2020-03-16,1500.0,-4559.0,0.0,0,239.85,0.0,1,5.24,50.83,SPY200331P00292000,292.0,0,0.0,0.0,,0.0,normalDay
2020-03-17,1500.0,-3735.0,0.0,0,252.8,0.0,1,5.24,42.59,SPY200331P00292000,292.0,0,0.0,0.0,,0.0,normalDay
2020-03-18,1500.0,-4941.0,0.0,0,240.0,0.0,1,5.24,54.65,SPY200331P00292000,292.0,0,0.0,0.0,,0.0,normalDay
2020-03-19,1500.0,-4895.0,0.0,0,240.51,0.0,1,5.24,54.19,SPY200331P00292000,292.0,0,0.0,0.0,,0.0,normalDay
2020-03-20,1500.0,-5827.0,0.0,0,228.8,0.0,1,5.24,63.51,SPY200331P00292000,292.0,0,0.0,0.0,,0.0,normalDay
2020-03-23,1500.0,-6619.0,0.0,0,222.95,0.0,1,5.24,71.43,SPY200331P00292000,292.0,0,0.0,0.0,,0.0,normalDay
2020-03-24,1500.0,-4482.0,0.0,0,243.15,0.0,1,5.24,50.06,SPY200331P00292000,292.0,0,0.0,0.0,,0.0,normalDay
2020-03-25,1500.0,-4002.0,0.0,0,246.79,0.0,1,5.24,45.26,SPY200331P00292000,292.0,0,0.0,0.0,,0.0,normalDay
2020-03-26,1500.0,-2618.0,0.0,0,261.2,0.0,1,5.24,31.42,SPY200331P00292000,292.0,0,0.0,0.0,,0.0,normalDay
2020-03-27,1500.0,-3413.0,0.0,0,253.42,0.0,1,5.24,39.37,SPY200331P00292000,292.0,0,0.0,0.0,,0.0,normalDay
2020-03-30,1500.0,-2595.0,0.0,0,261.65,0.0,1,5.24,31.19,SPY200331P00292000,292.0,0,0.0,0.0,,0.0,normalDay
2020-03-31,2024.0,-3425.0,524.0,100,257.75,292.0,1,5.24,0.0,SPY200331P00292000,292.0,0,0.0,0.0,,0.0,expirationDay
2020-04-01,2024.0,-4585.0,0.0,100,246.15,292.0,0,0.0,0.0,,0.0,0,0.0,0.0,,0.0,bidTooLow
2020-04-02,2024.0,-4017.0,0.0,100,251.83,292.0,0,0.0,0.0,,0.0,0,0.0,0.0,,0.0,bidTooLow
2020-04-03,2024.0,-4381.0,0.0,100,248.19,292.0,0,0.0,0.0,,0.0,0,0.0,0.0,,0.0,bidTooLow
2020-04-06,2024.0,-2722.0,0.0,100,264.86,292.0,0,0.0,0.0,,0.0,1,3.67,3.75,SPY200409C00267000,267.0,normalDay
2020-04-07,2024.0,-2623.0,0.0,100,265.13,292.0,0,0.0,0.0,,0.0,1,3.67,3.03,SPY200409C00267000,267.0,normalDay
2020-04-08,2024.0,-2211.0,0.0,100,274.03,292.0,0,0.0,0.0,,0.0,1,3.67,7.81,SPY200409C00267000,267.0,normalDay
2020-04-09,-109.0,-2211.0,-2133.0,0,278.2,0.0,0,0.0,0.0,,0.0,1,3.67,0.0,SPY200409C00267000,267.0,expirationDay
2020-04-13,-109.0,-6.0,0.0,0,275.66,0.0,1,3.09,3.15,SPY200717P00200000,200.0,0,0.0,0.0,,0.0,normalDay
2020-04-14,-109.0,90.0,0.0,0,283.79,0.0,1,3.09,2.19,SPY200717P00200000,200.0,0,0.0,0.0,,0.0,normalDay
2020-04-15,-109.0,13.0,0.0,0,277.76,0.0,1,3.09,2.96,SPY200717P00200000,200.0,0,0.0,0.0,,0.0,normalDay
2020-04-16,-109.0,33.0,0.0,0,279.1,0.0,1,3.09,2.76,SPY200717P00200000,200.0,0,0.0,0.0,,0.0,normalDay
2020-04-17,-109.0,95.0,0.0,0,286.64,0.0,1,3.09,2.14,SPY200717P00200000,200.0,0,0.0,0.0,,0.0,normalDay
2020-04-20,-109.0,18.0,0.0,0,281.59,0.0,1,3.09,2.91,SPY200717P00200000,200.0,0,0.0,0.0,,0.0,normalDay
2020-04-21,-109.0,-63.0,0.0,0,273.04,0.0,1,3.09,3.72,SPY200717P00200000,200.0,0,0.0,0.0,,0.0,normalDay
2020-04-22,-109.0,14.0,0.0,0,279.1,0.0,1,3.09,2.95,SPY200717P00200000,200.0,0,0.0,0.0,,0.0,normalDay
2020-04-23,-109.0,24.0,0.0,0,279.08,0.0,1,3.09,2.85,SPY200717P00200000,200.0,0,0.0,0.0,,0.0,normalDay
2020-04-24,-109.0,95.0,0.0,0,282.97,0.0,1,3.09,2.14,SPY200717P00200000,200.0,0,0.0,0.0,,0.0,normalDay
2020-04-27,-109.0,157.0,0.0,0,287.05,0.0,1,3.09,1.52,SPY200717P00200000,200.0,0,0.0,0.0,,0.0,normalDay
2020-04-28,-109.0,150.0,0.0,0,285.73,0.0,1,3.09,1.59,SPY200717P00200000,200.0,0,0.0,0.0,,0.0,normalDay
2020-04-29,-109.0,193.0,0.0,0,293.21,0.0,1,3.09,1.16,SPY200717P00200000,200.0,0,0.0,0.0,,0.0,normalDay
2020-04-30,-109.0,167.0,0.0,0,290.48,0.0,1,3.09,1.42,SPY200717P00200000,200.0,0,0.0,0.0,,0.0,normalDay
2020-05-01,-109.0,127.0,0.0,0,282.79,0.0,1,3.09,1.82,SPY200717P00200000,200.0,0,0.0,0.0,,0.0,normalDay
2020-05-04,-109.0,154.0,0.0,0,283.57,0.0,1,3.09,1.55,SPY200717P00200000,200.0,0,0.0,0.0,,0.0,normalDay
2020-05-05,-109.0,181.0,0.0,0,286.19,0.0,1,3.09,1.28,SPY200717P00200000,200.0,0,0.0,0.0,,0.0,normalDay
2020-05-06,-109.0,179.0,0.0,0,284.25,0.0,1,3.09,1.3,SPY200717P00200000,200.0,0,0.0,0.0,,0.0,normalDay
2020-05-07,-109.0,205.0,0.0,0,287.68,0.0,1,3.09,1.04,SPY200717P00200000,200.0,0,0.0,0.0,,0.0,normalDay
2020-05-08,-109.0,230.0,0.0,0,292.44,0.0,1,3.09,0.79,SPY200717P00200000,200.0,0,0.0,0.0,,0.0,normalDay
2020-05-11,-109.0,244.0,0.0,0,292.5,0.0,1,3.09,0.65,SPY200717P00200000,200.0,0,0.0,0.0,,0.0,normalDay
2020-05-12,-109.0,202.0,0.0,0,286.67,0.0,1,3.09,1.07,SPY200717P00200000,200.0,0,0.0,0.0,,0.0,normalDay
2020-05-13,-109.0,175.0,0.0,0,281.6,0.0,1,3.09,1.34,SPY200717P00200000,200.0,0,0.0,0.0,,0.0,normalDay
2020-05-14,-109.0,199.0,0.0,0,284.97,0.0,1,3.09,1.1,SPY200717P00200000,200.0,0,0.0,0.0,,0.0,normalDay
2020-05-15,-109.0,209.0,0.0,0,286.28,0.0,1,3.09,1.0,SPY200717P00200000,200.0,0,0.0,0.0,,0.0,normalDay
2020-05-18,-109.0,242.0,0.0,0,295.0,0.0,1,3.09,0.67,SPY200717P00200000,200.0,0,0.0,0.0,,0.0,normalDay
2020-05-19,-109.0,237.0,0.0,0,291.97,0.0,1,3.09,0.72,SPY200717P00200000,200.0,0,0.0,0.0,,0.0,normalDay
2020-05-20,-109.0,257.0,0.0,0,296.93,0.0,1,3.09,0.52,SPY200717P00200000,200.0,0,0.0,0.0,,0.0,normalDay
2020-05-21,-109.0,253.0,0.0,0,294.88,0.0,1,3.09,0.56,SPY200717P00200000,200.0,0,0.0,0.0,,0.0,normalDay
2020-05-22,-109.0,260.0,0.0,0,295.44,0.0,1,3.09,0.49,SPY200717P00200000,200.0,0,0.0,0.0,,0.0,normalDay
2020-05-26,-109.0,266.0,0.0,0,299.08,0.0,1,3.09,0.43,SPY200717P00200000,200.0,0,0.0,0.0,,0.0,normalDay
2020-05-27,-109.0,271.0,0.0,0,303.53,0.0,1,3.09,0.38,SPY200717P00200000,200.0,0,0.0,0.0,,0.0,normalDay
2020-05-28,-109.0,268.0,0.0,0,302.97,0.0,1,3.09,0.41,SPY200717P00200000,200.0,0,0.0,0.0,,0.0,normalDay
2020-05-29,-109.0,275.0,0.0,0,304.32,0.0,1,3.09,0.34,SPY200717P00200000,200.0,0,0.0,0.0,,0.0,normalDay
2020-06-01,-109.0,278.0,0.0,0,305.55,0.0,1,3.09,0.31,SPY200717P00200000,200.0,0,0.0,0.0,,0.0,normalDay
2020-06-02,-109.0,284.0,0.0,0,308.08,0.0,1,3.09,0.25,SPY200717P00200000,200.0,0,0.0,0.0,,0.0,normalDay
2020-06-03,-109.0,290.0,0.0,0,312.18,0.0,1,3.09,0.19,SPY200717P00200000,200.0,0,0.0,0.0,,0.0,normalDay
2020-06-04,-109.0,292.0,0.0,0,311.36,0.0,1,3.09,0.17,SPY200717P00200000,200.0,0,0.0,0.0,,0.0,normalDay
2020-06-05,-109.0,295.0,0.0,0,319.34,0.0,1,3.09,0.14,SPY200717P00200000,200.0,0,0.0,0.0,,0.0,normalDay
2020-06-08,-109.0,296.0,0.0,0,323.2,0.0,1,3.09,0.13,SPY200717P00200000,200.0,0,0.0,0.0,,0.0,normalDay
2020-06-09,-109.0,296.0,0.0,0,320.79,0.0,1,3.09,0.13,SPY200717P00200000,200.0,0,0.0,0.0,,0.0,normalDay
2020-06-10,-109.0,296.0,0.0,0,319.0,0.0,1,3.09,0.13,SPY200717P00200000,200.0,0,0.0,0.0,,0.0,normalDay
2020-06-11,-109.0,244.0,0.0,0,300.61,0.0,1,3.09,0.65,SPY200717P00200000,200.0,0,0.0,0.0,,0.0,normalDay
2020-06-12,-109.0,270.0,0.0,0,304.21,0.0,1,3.09,0.39,SPY200717P00200000,200.0,0,0.0,0.0,,0.0,normalDay
2020-06-15,-109.0,283.0,0.0,0,307.05,0.0,1,3.09,0.26,SPY200717P00200000,200.0,0,0.0,0.0,,0.0,normalDay
2020-06-16,-109.0,287.0,0.0,0,312.96,0.0,1,3.09,0.22,SPY200717P00200000,200.0,0,0.0,0.0,,0.0,normalDay
2020-06-17,-109.0,287.0,0.0,0,311.66,0.0,1,3.09,0.22,SPY200717P00200000,200.0,0,0.0,0.0,,0.0,normalDay
2020-06-18,-109.0,292.0,0.0,0,311.78,0.0,1,3.09,0.17,SPY200717P00200000,200.0,0,0.0,0.0,,0.0,normalDay
2020-06-19,-109.0,290.0,0.0,0,308.64,0.0,1,3.09,0.19,SPY200717P00200000,200.0,0,0.0,0.0,,0.0,normalDay
2020-06-22,-109.0,295.0,0.0,0,310.62,0.0,1,3.09,0.14,SPY200717P00200000,200.0,0,0.0,0.0,,0.0,normalDay
2020-06-23,-109.0,297.0,0.0,0,312.05,0.0,1,3.09,0.12,SPY200717P00200000,200.0,0,0.0,0.0,,0.0,normalDay
2020-06-24,-109.0,295.0,0.0,0,304.09,0.0,1,3.09,0.14,SPY200717P00200000,200.0,0,0.0,0.0,,0.0,normalDay
2020-06-25,-109.0,297.0,0.0,0,307.35,0.0,1,3.09,0.12,SPY200717P00200000,200.0,0,0.0,0.0,,0.0,normalDay
2020-06-26,-109.0,294.0,0.0,0,300.05,0.0,1,3.09,0.15,SPY200717P00200000,200.0,0,0.0,0.0,,0.0,normalDay
2020-06-29,-109.0,298.0,0.0,0,304.46,0.0,1,3.09,0.11,SPY200717P00200000,200.0,0,0.0,0.0,,0.0,normalDay
2020-06-30,-109.0,300.0,0.0,0,308.36,0.0,1,3.09,0.09,SPY200717P00200000,200.0,0,0.0,0.0,,0.0,normalDay
2020-07-01,-109.0,303.0,0.0,0,310.52,0.0,1,3.09,0.06,SPY200717P00200000,200.0,0,0.0,0.0,,0.0,normalDay
2020-07-02,-109.0,304.0,0.0,0,312.23,0.0,1,3.09,0.05,SPY200717P00200000,200.0,0,0.0,0.0,,0.0,normalDay
2020-07-06,-109.0,307.0,0.0,0,317.05,0.0,1,3.09,0.02,SPY200717P00200000,200.0,0,0.0,0.0,,0.0,normalDay
2020-07-07,-109.0,307.0,0.0,0,313.78,0.0,1,3.09,0.02,SPY200717P00200000,200.0,0,0.0,0.0,,0.0,normalDay
2020-07-08,-109.0,307.0,0.0,0,316.18,0.0,1,3.09,0.02,SPY200717P00200000,200.0,0,0.0,0.0,,0.0,normalDay
2020-07-09,-109.0,308.0,0.0,0,314.38,0.0,1,3.09,0.01,SPY200717P00200000,200.0,0,0.0,0.0,,0.0,normalDay
2020-07-10,-109.0,308.0,0.0,0,317.59,0.0,1,3.09,0.01,SPY200717P00200000,200.0,0,0.0,0.0,,0.0,normalDay
2020-07-13,-109.0,308.0,0.0,0,314.84,0.0,1,3.09,0.01,SPY200717P00200000,200.0,0,0.0,0.0,,0.0,normalDay
2020-07-14,-109.0,308.0,0.0,0,318.92,0.0,1,3.09,0.01,SPY200717P00200000,200.0,0,0.0,0.0,,0.0,normalDay
2020-07-15,-109.0,308.0,0.0,0,321.85,0.0,1,3.09,0.01,SPY200717P00200000,200.0,0,0.0,0.0,,0.0,normalDay
2020-07-16,-109.0,308.0,0.0,0,320.79,0.0,1,3.09,0.01,SPY200717P00200000,200.0,0,0.0,0.0,,0.0,normalDay
2020-07-17,200.0,0.0,309.0,0,321.72,0.0,1,3.09,0.0,SPY200717P00200000,200.0,0,0.0,0.0,,0.0,expirationDay
2020-07-20,200.0,-8.0,0.0,0,324.32,0.0,1,9.06,9.14,SPY201120P00290000,290.0,0,0.0,0.0,,0.0,normalDay
2020-07-21,200.0,-1.0,0.0,0,325.01,0.0,1,9.06,9.07,SPY201120P00290000,290.0,0,0.0,0.0,,0.0,normalDay
2020-07-22,200.0,42.0,0.0,0,326.86,0.0,1,9.06,8.64,SPY201120P00290000,290.0,0,0.0,0.0,,0.0,normalDay
2020-07-23,200.0,-75.0,0.0,0,322.96,0.0,1,9.06,9.81,SPY201120P00290000,290.0,0,0.0,0.0,,0.0,normalDay
2020-07-24,200.0,-93.0,0.0,0,320.88,0.0,1,9.06,9.99,SPY201120P00290000,290.0,0,0.0,0.0,,0.0,normalDay
2020-07-27,200.0,-5.0,0.0,0,323.22,0.0,1,9.06,9.11,SPY201120P00290000,290.0,0,0.0,0.0,,0.0,normalDay
2020-07-28,200.0,-58.0,0.0,0,321.17,0.0,1,9.06,9.64,SPY201120P00290000,290.0,0,0.0,0.0,,0.0,normalDay
2020-07-29,200.0,47.0,0.0,0,325.12,0.0,1,9.06,8.59,SPY201120P00290000,290.0,0,0.0,0.0,,0.0,normalDay
2020-07-30,200.0,6.0,0.0,0,323.96,0.0,1,9.06,9.0,SPY201120P00290000,290.0,0,0.0,0.0,,0.0,normalDay
2020-07-31,200.0,74.0,0.0,0,326.52,0.0,1,9.06,8.32,SPY201120P00290000,290.0,0,0.0,0.0,,0.0,normalDay
2020-08-03,200.0,123.0,0.0,0,328.79,0.0,1,9.06,7.83,SPY201120P00290000,290.0,0,0.0,0.0,,0.0,normalDay
2020-08-04,200.0,172.0,0.0,0,330.06,0.0,1,9.06,7.34,SPY201120P00290000,290.0,0,0.0,0.0,,0.0,normalDay
2020-08-05,200.0,230.0,0.0,0,332.11,0.0,1,9.06,6.76,SPY201120P00290000,290.0,0,0.0,0.0,,0.0,normalDay
2020-08-06,200.0,272.0,0.0,0,334.33,0.0,1,9.06,6.34,SPY201120P00290000,290.0,0,0.0,0.0,,0.0,normalDay
2020-08-07,200.0,274.0,0.0,0,334.57,0.0,1,9.06,6.32,SPY201120P00290000,290.0,0,0.0,0.0,,0.0,normalDay
2020-08-10,200.0,306.0,0.0,0,335.57,0.0,1,9.06,6.0,SPY201120P00290000,290.0,0,0.0,0.0,,0.0,normalDay
2020-08-11,200.0,229.0,0.0,0,332.8,0.0,1,9.06,6.77,SPY201120P00290000,290.0,0,0.0,0.0,,0.0,normalDay
2020-08-12,200.0,335.0,0.0,0,337.44,0.0,1,9.06,5.71,SPY201120P00290000,290.0,0,0.0,0.0,,0.0,normalDay
2020-08-13,200.0,328.0,0.0,0,336.83,0.0,1,9.06,5.78,SPY201120P00290000,290.0,0,0.0,0.0,,0.0,normalDay
2020-08-14,200.0,337.0,0.0,0,336.84,0.0,1,9.06,5.69,SPY201120P00290000,290.0,0,0.0,0.0,,0.0,normalDay
2020-08-17,200.0,394.0,0.0,0,337.91,0.0,1,9.06,5.12,SPY201120P00290000,290.0,0,0.0,0.0,,0.0,normalDay
2020-08-18,200.0,423.0,0.0,0,338.64,0.0,1,9.06,4.83,SPY201120P00290000,290.0,0,0.0,0.0,,0.0,normalDay
2020-08-19,200.0,389.0,0.0,0,337.23,0.0,1,9.06,5.17,SPY201120P00290000,290.0,0,0.0,0.0,,0.0,normalDay
2020-08-20,200.0,406.0,0.0,0,338.28,0.0,1,9.06,5.0,SPY201120P00290000,290.0,0,0.0,0.0,,0.0,normalDay
2020-08-21,200.0,432.0,0.0,0,339.48,0.0,1,9.06,4.74,SPY201120P00290000,290.0,0,0.0,0.0,,0.0,normalDay
2020-08-24,200.0,478.0,0.0,0,342.92,0.0,1,9.06,4.28,SPY201120P00290000,290.0,0,0.0,0.0,,0.0,normalDay
2020-08-25,200.0,505.0,0.0,0,344.12,0.0,1,9.06,4.01,SPY201120P00290000,290.0,0,0.0,0.0,,0.0,normalDay
2020-08-26,200.0,514.0,0.0,0,347.57,0.0,1,9.06,3.92,SPY201120P00290000,290.0,0,0.0,0.0,,0.0,normalDay
2020-08-27,200.0,494.0,0.0,0,348.33,0.0,1,9.06,4.12,SPY201120P00290000,290.0,0,0.0,0.0,,0.0,normalDay
2020-08-28,200.0,533.0,0.0,0,350.58,0.0,1,9.06,3.73,SPY201120P00290000,290.0,0,0.0,0.0,,0.0,normalDay
2020-08-31,200.0,472.0,0.0,0,349.31,0.0,1,9.06,4.34,SPY201120P00290000,290.0,0,0.0,0.0,,0.0,normalDay
2020-09-01,200.0,490.0,0.0,0,352.6,0.0,1,9.06,4.16,SPY201120P00290000,290.0,0,0.0,0.0,,0.0,normalDay
2020-09-02,200.0,513.0,0.0,0,357.7,0.0,1,9.06,3.93,SPY201120P00290000,290.0,0,0.0,0.0,,0.0,normalDay
2020-09-03,200.0,324.0,0.0,0,345.39,0.0,1,9.06,5.82,SPY201120P00290000,290.0,0,0.0,0.0,,0.0,normalDay
2020-09-04,200.0,362.0,0.0,0,342.57,0.0,1,9.06,5.44,SPY201120P00290000,290.0,0,0.0,0.0,,0.0,normalDay
2020-09-08,200.0,314.0,0.0,0,333.21,0.0,1,9.06,5.92,SPY201120P00290000,290.0,0,0.0,0.0,,0.0,normalDay
2020-09-09,200.0,456.0,0.0,0,339.79,0.0,1,9.06,4.5,SPY201120P00290000,290.0,0,0.0,0.0,,0.0,normalDay
2020-09-10,200.0,392.0,0.0,0,333.89,0.0,1,9.06,5.14,SPY201120P00290000,290.0,0,0.0,0.0,,0.0,normalDay
2020-09-11,200.0,446.0,0.0,0,334.06,0.0,1,9.06,4.6,SPY201120P00290000,290.0,0,0.0,0.0,,0.0,normalDay
2020-09-14,200.0,558.0,0.0,0,338.46,0.0,1,9.06,3.48,SPY201120P00290000,290.0,0,0.0,0.0,,0.0,normalDay
2020-09-15,200.0,577.0,0.0,0,340.17,0.0,1,9.06,3.29,SPY201120P00290000,290.0,0,0.0,0.0,,0.0,normalDay
2020-09-16,200.0,560.0,0.0,0,338.82,0.0,1,9.06,3.46,SPY201120P00290000,290.0,0,0.0,0.0,,0.0,normalDay
2020-09-17,200.0,547.0,0.0,0,335.84,0.0,1,9.06,3.59,SPY201120P00290000,290.0,0,0.0,0.0,,0.0,normalDay
2020-09-18,200.0,535.0,0.0,0,330.65,0.0,1,9.06,3.71,SPY201120P00290000,290.0,0,0.0,0.0,,0.0,normalDay
2020-09-21,200.0,483.0,0.0,0,326.97,0.0,1,9.06,4.23,SPY201120P00290000,290.0,0,0.0,0.0,,0.0,normalDay
2020-09-22,200.0,523.0,0.0,0,330.3,0.0,1,9.06,3.83,SPY201120P00290000,290.0,0,0.0,0.0,,0.0,normalDay
2020-09-23,200.0,380.0,0.0,0,322.64,0.0,1,9.06,5.26,SPY201120P00290000,290.0,0,0.0,0.0,,0.0,normalDay
2020-09-24,200.0,427.0,0.0,0,323.5,0.0,1,9.06,4.79,SPY201120P00290000,290.0,0,0.0,0.0,,0.0,normalDay
2020-09-25,200.0,537.0,0.0,0,328.73,0.0,1,9.06,3.69,SPY201120P00290000,290.0,0,0.0,0.0,,0.0,normalDay
2020-09-28,200.0,616.0,0.0,0,334.19,0.0,1,9.06,2.9,SPY201120P00290000,290.0,0,0.0,0.0,,0.0,normalDay
2020-09-29,200.0,613.0,0.0,0,332.37,0.0,1,9.06,2.93,SPY201120P00290000,290.0,0,0.0,0.0,,0.0,normalDay
2020-09-30,200.0,611.0,0.0,0,334.89,0.0,1,9.06,2.95,SPY201120P00290000,290.0,0,0.0,0.0,,0.0,normalDay
2020-10-01,200.0,645.0,0.0,0,337.04,0.0,1,9.06,2.61,SPY201120P00290000,290.0,0,0.0,0.0,,0.0,normalDay
2020-10-02,200.0,608.0,0.0,0,333.84,0.0,1,9.06,2.98,SPY201120P00290000,290.0,0,0.0,0.0,,0.0,normalDay
2020-10-05,200.0,695.0,0.0,0,339.76,0.0,1,9.06,2.11,SPY201120P00290000,290.0,0,0.0,0.0,,0.0,normalDay
2020-10-06,200.0,652.0,0.0,0,334.93,0.0,1,9.06,2.54,SPY201120P00290000,290.0,0,0.0,0.0,,0.0,normalDay
2020-10-07,200.0,726.0,0.0,0,340.76,0.0,1,9.06,1.8,SPY201120P00290000,290.0,0,0.0,0.0,,0.0,normalDay
2020-10-08,200.0,771.0,0.0,0,343.78,0.0,1,9.06,1.35,SPY201120P00290000,290.0,0,0.0,0.0,,0.0,normalDay
2020-10-09,200.0,797.0,0.0,0,346.85,0.0,1,9.06,1.09,SPY201120P00290000,290.0,0,0.0,0.0,,0.0,normalDay
2020-10-12,200.0,817.0,0.0,0,352.43,0.0,1,9.06,0.89,SPY201120P00290000,290.0,0,0.0,0.0,,0.0,normalDay
2020-10-13,200.0,813.0,0.0,0,350.13,0.0,1,9.06,0.93,SPY201120P00290000,290.0,0,0.0,0.0,,0.0,normalDay
2020-10-14,200.0,810.0,0.0,0,347.93,0.0,1,9.06,0.96,SPY201120P00290000,290.0,0,0.0,0.0,,0.0,normalDay
2020-10-15,200.0,808.0,0.0,0,347.5,0.0,1,9.06,0.98,SPY201120P00290000,290.0,0,0.0,0.0,,0.0,normalDay
2020-10-16,200.0,808.0,0.0,0,347.29,0.0,1,9.06,0.98,SPY201120P00290000,290.0,0,0.0,0.0,,0.0,normalDay
2020-10-19,200.0,791.0,0.0,0,342.01,0.0,1,9.06,1.15,SPY201120P00290000,290.0,0,0.0,0.0,,0.0,normalDay
2020-10-20,200.0,796.0,0.0,0,343.38,0.0,1,9.06,1.1,SPY201120P00290000,290.0,0,0.0,0.0,,0.0,normalDay
2020-10-21,200.0,810.0,0.0,0,342.73,0.0,1,9.06,0.96,SPY201120P00290000,290.0,0,0.0,0.0,,0.0,normalDay
2020-10-22,200.0,821.0,0.0,0,344.61,0.0,1,9.06,0.85,SPY201120P00290000,290.0,0,0.0,0.0,,0.0,normalDay
2020-10-23,200.0,830.0,0.0,0,345.78,0.0,1,9.06,0.76,SPY201120P00290000,290.0,0,0.0,0.0,,0.0,normalDay
2020-10-26,200.0,781.0,0.0,0,339.39,0.0,1,9.06,1.25,SPY201120P00290000,290.0,0,0.0,0.0,,0.0,normalDay
2020-10-27,200.0,767.0,0.0,0,338.22,0.0,1,9.06,1.39,SPY201120P00290000,290.0,0,0.0,0.0,,0.0,normalDay
2020-10-28,200.0,588.0,0.0,0,326.66,0.0,1,9.06,3.18,SPY201120P00290000,290.0,0,0.0,0.0,,0.0,normalDay
2020-10-29,200.0,696.0,0.0,0,329.98,0.0,1,9.06,2.1,SPY201120P00290000,290.0,0,0.0,0.0,,0.0,normalDay
2020-10-30,200.0,659.0,0.0,0,326.54,0.0,1,9.06,2.47,SPY201120P00290000,290.0,0,0.0,0.0,,0.0,normalDay
2020-11-02,200.0,738.0,0.0,0,330.2,0.0,1,9.06,1.68,SPY201120P00290000,290.0,0,0.0,0.0,,0.0,normalDay
2020-11-03,200.0,788.0,0.0,0,336.03,0.0,1,9.06,1.18,SPY201120P00290000,290.0,0,0.0,0.0,,0.0,normalDay
2020-11-04,200.0,859.0,0.0,0,343.54,0.0,1,9.06,0.47,SPY201120P00290000,290.0,0,0.0,0.0,,0.0,normalDay
2020-11-05,200.0,876.0,0.0,0,350.24,0.0,1,9.06,0.3,SPY201120P00290000,290.0,0,0.0,0.0,,0.0,normalDay
2020-11-06,200.0,891.0,0.0,0,350.16,0.0,1,9.06,0.15,SPY201120P00290000,290.0,0,0.0,0.0,,0.0,normalDay
2020-11-09,200.0,893.0,0.0,0,354.56,0.0,1,9.06,0.13,SPY201120P00290000,290.0,0,0.0,0.0,,0.0,normalDay
2020-11-10,200.0,896.0,0.0,0,354.04,0.0,1,9.06,0.1,SPY201120P00290000,290.0,0,0.0,0.0,,0.0,normalDay
2020-11-11,200.0,899.0,0.0,0,356.67,0.0,1,9.06,0.07,SPY201120P00290000,290.0,0,0.0,0.0,,0.0,normalDay
2020-11-12,200.0,896.0,0.0,0,353.21,0.0,1,9.06,0.1,SPY201120P00290000,290.0,0,0.0,0.0,,0.0,normalDay
2020-11-13,200.0,902.0,0.0,0,358.1,0.0,1,9.06,0.04,SPY201120P00290000,290.0,0,0.0,0.0,,0.0,normalDay
2020-11-16,200.0,904.0,0.0,0,362.57,0.0,1,9.06,0.02,SPY201120P00290000,290.0,0,0.0,0.0,,0.0,normalDay
2020-11-17,200.0,905.0,0.0,0,360.62,0.0,1,9.06,0.01,SPY201120P00290000,290.0,0,0.0,0.0,,0.0,normalDay
2020-11-18,200.0,905.0,0.0,0,356.28,0.0,1,9.06,0.01,SPY201120P00290000,290.0,0,0.0,0.0,,0.0,normalDay
2020-11-19,200.0,905.0,0.0,0,357.78,0.0,1,9.06,0.01,SPY201120P00290000,290.0,0,0.0,0.0,,0.0,normalDay
2020-11-20,1106.0,0.0,906.0,0,355.33,0.0,1,9.06,0.0,SPY201120P00290000,290.0,0,0.0,0.0,,0.0,expirationDay
2020-11-23,1106.0,-7.0,0.0,0,357.46,0.0,1,5.72,5.79,SPY210331P00304000,304.0,0,0.0,0.0,,0.0,normalDay
2020-11-24,1106.0,72.0,0.0,0,363.22,0.0,1,5.72,5.0,SPY210331P00304000,304.0,0,0.0,0.0,,0.0,normalDay
2020-11-25,1106.0,87.0,0.0,0,362.66,0.0,1,5.72,4.85,SPY210331P00304000,304.0,0,0.0,0.0,,0.0,normalDay
2020-11-27,1106.0,109.0,0.0,0,363.67,0.0,1,5.72,4.63,SPY210331P00304000,304.0,0,0.0,0.0,,0.0,normalDay
2020-11-30,1106.0,127.0,0.0,0,362.06,0.0,1,5.72,4.45,SPY210331P00304000,304.0,0,0.0,0.0,,0.0,normalDay
2020-12-01,1106.0,150.0,0.0,0,366.02,0.0,1,5.72,4.22,SPY210331P00304000,304.0,0,0.0,0.0,,0.0,normalDay
2020-12-02,1106.0,163.0,0.0,0,366.79,0.0,1,5.72,4.09,SPY210331P00304000,304.0,0,0.0,0.0,,0.0,normalDay
2020-12-03,1106.0,156.0,0.0,0,366.69,0.0,1,5.72,4.16,SPY210331P00304000,304.0,0,0.0,0.0,,0.0,normalDay
2020-12-04,1106.0,192.0,0.0,0,369.85,0.0,1,5.72,3.8,SPY210331P00304000,304.0,0,0.0,0.0,,0.0,normalDay
2020-12-07,1106.0,186.0,0.0,0,369.09,0.0,1,5.72,3.86,SPY210331P00304000,304.0,0,0.0,0.0,,0.0,normalDay
2020-12-08,1106.0,223.0,0.0,0,370.17,0.0,1,5.72,3.49,SPY210331P00304000,304.0,0,0.0,0.0,,0.0,normalDay
2020-12-09,1106.0,173.0,0.0,0,366.85,0.0,1,5.72,3.99,SPY210331P00304000,304.0,0,0.0,0.0,,0.0,normalDay
2020-12-10,1106.0,173.0,0.0,0,366.73,0.0,1,5.72,3.99,SPY210331P00304000,304.0,0,0.0,0.0,,0.0,normalDay
2020-12-11,1106.0,146.0,0.0,0,366.3,0.0,1,5.72,4.26,SPY210331P00304000,304.0,0,0.0,0.0,,0.0,normalDay
2020-12-14,1106.0,115.0,0.0,0,364.66,0.0,1,5.72,4.57,SPY210331P00304000,304.0,0,0.0,0.0,,0.0,normalDay
2020-12-15,1106.0,176.0,0.0,0,369.59,0.0,1,5.72,3.96,SPY210331P00304000,304.0,0,0.0,0.0,,0.0,normalDay
2020-12-16,1106.0,206.0,0.0,0,370.17,0.0,1,5.72,3.66,SPY210331P00304000,304.0,0,0.0,0.0,,0.0,normalDay
2020-12-17,1106.0,236.0,0.0,0,372.24,0.0,1,5.72,3.36,SPY210331P00304000,304.0,0,0.0,0.0,,0.0,normalDay
2020-12-18,1106.0,235.0,0.0,0,369.18,0.0,1,5.72,3.37,SPY210331P00304000,304.0,0,0.0,0.0,,0.0,normalDay
2020-12-21,1106.0,165.0,0.0,0,367.86,0.0,1,5.72,4.07,SPY210331P00304000,304.0,0,0.0,0.0,,0.0,normalDay
2020-12-22,1106.0,177.0,0.0,0,367.24,0.0,1,5.72,3.95,SPY210331P00304000,304.0,0,0.0,0.0,,0.0,normalDay
2020-12-23,1106.0,208.0,0.0,0,367.57,0.0,1,5.72,3.64,SPY210331P00304000,304.0,0,0.0,0.0,,0.0,normalDay
2020-12-24,1106.0,250.0,0.0,0,369.0,0.0,1,5.72,3.22,SPY210331P00304000,304.0,0,0.0,0.0,,0.0,normalDay
2020-12-28,1106.0,286.0,0.0,0,372.17,0.0,1,5.72,2.86,SPY210331P00304000,304.0,0,0.0,0.0,,0.0,normalDay
2020-12-29,1106.0,255.0,0.0,0,371.46,0.0,1,5.72,3.17,SPY210331P00304000,304.0,0,0.0,0.0,,0.0,normalDay
2020-12-30,1106.0,290.0,0.0,0,371.99,0.0,1,5.72,2.82,SPY210331P00304000,304.0,0,0.0,0.0,,0.0,normalDay
2020-12-31,1106.0,308.0,0.0,0,373.88,0.0,1,5.72,2.64,SPY210331P00304000,304.0,0,0.0,0.0,,0.0,normalDay
2021-01-04,1106.0,237.0,0.0,0,368.79,0.0,1,5.72,3.35,SPY210331P00304000,304.0,0,0.0,0.0,,0.0,normalDay
2021-01-05,1106.0,273.0,0.0,0,371.33,0.0,1,5.72,2.99,SPY210331P00304000,304.0,0,0.0,0.0,,0.0,normalDay
2021-01-06,1106.0,282.0,0.0,0,373.55,0.0,1,5.72,2.9,SPY210331P00304000,304.0,0,0.0,0.0,,0.0,normalDay
2021-01-07,1106.0,359.0,0.0,0,379.1,0.0,1,5.72,2.13,SPY210331P00304000,304.0,0,0.0,0.0,,0.0,normalDay
2021-01-08,1106.0,373.0,0.0,0,381.26,0.0,1,5.72,1.99,SPY210331P00304000,304.0,0,0.0,0.0,,0.0,normalDay
2021-01-11,1106.0,338.0,0.0,0,378.69,0.0,1,5.72,2.34,SPY210331P00304000,304.0,0,0.0,0.0,,0.0,normalDay
2021-01-12,1106.0,354.0,0.0,0,378.77,0.0,1,5.72,2.18,SPY210331P00304000,304.0,0,0.0,0.0,,0.0,normalDay
2021-01-13,1106.0,373.0,0.0,0,379.79,0.0,1,5.72,1.99,SPY210331P00304000,304.0,0,0.0,0.0,,0.0,normalDay
2021-01-14,1106.0,356.0,0.0,0,378.46,0.0,1,5.72,2.16,SPY210331P00304000,304.0,0,0.0,0.0,,0.0,normalDay
2021-01-15,1106.0,331.0,0.0,0,375.7,0.0,1,5.72,2.41,SPY210331P00304000,304.0,0,0.0,0.0,,0.0,normalDay
2021-01-19,1106.0,373.0,0.0,0,378.65,0.0,1,5.72,1.99,SPY210331P00304000,304.0,0,0.0,0.0,,0.0,normalDay
2021-01-20,1106.0,412.0,0.0,0,383.89,0.0,1,5.72,1.6,SPY210331P00304000,304.0,0,0.0,0.0,,0.0,normalDay
2021-01-21,1106.0,421.0,0.0,0,384.24,0.0,1,5.72,1.51,SPY210331P00304000,304.0,0,0.0,0.0,,0.0,normalDay
2021-01-22,1106.0,417.0,0.0,0,382.88,0.0,1,5.72,1.55,SPY210331P00304000,304.0,0,0.0,0.0,,0.0,normalDay
2021-01-25,1106.0,415.0,0.0,0,384.39,0.0,1,5.72,1.57,SPY210331P00304000,304.0,0,0.0,0.0,,0.0,normalDay
2021-01-26,1106.0,425.0,0.0,0,383.79,0.0,1,5.72,1.47,SPY210331P00304000,304.0,0,0.0,0.0,,0.0,normalDay
2021-01-27,1106.0,248.0,0.0,0,374.41,0.0,1,5.72,3.24,SPY210331P00304000,304.0,0,0.0,0.0,,0.0,normalDay
2021-01-28,1106.0,310.0,0.0,0,377.63,0.0,1,5.72,2.62,SPY210331P00304000,304.0,0,0.0,0.0,,0.0,normalDay
2021-01-29,1106.0,197.0,0.0,0,370.07,0.0,1,5.72,3.75,SPY210331P00304000,304.0,0,0.0,0.0,,0.0,normalDay
2021-02-01,1106.0,312.0,0.0,0,376.23,0.0,1,5.72,2.6,SPY210331P00304000,304.0,0,0.0,0.0,,0.0,normalDay
2021-02-02,1106.0,398.0,0.0,0,381.55,0.0,1,5.72,1.74,SPY210331P00304000,304.0,0,0.0,0.0,,0.0,normalDay
2021-02-03,1106.0,437.0,0.0,0,381.85,0.0,1,5.72,1.35,SPY210331P00304000,304.0,0,0.0,0.0,,0.0,normalDay
2021-02-04,1106.0,469.0,0.0,0,386.19,0.0,1,5.72,1.03,SPY210331P00304000,304.0,0,0.0,0.0,,0.0,normalDay
2021-02-05,1106.0,475.0,0.0,0,387.71,0.0,1,5.72,0.97,SPY210331P00304000,304.0,0,0.0,0.0,,0.0,normalDay
2021-02-08,1106.0,487.0,0.0,0,390.51,0.0,1,5.72,0.85,SPY210331P00304000,304.0,0,0.0,0.0,,0.0,normalDay
2021-02-09,1106.0,489.0,0.0,0,390.25,0.0,1,5.72,0.83,SPY210331P00304000,304.0,0,0.0,0.0,,0.0,normalDay
2021-02-10,1106.0,487.0,0.0,0,390.08,0.0,1,5.72,0.85,SPY210331P00304000,304.0,0,0.0,0.0,,0.0,normalDay
2021-02-11,1106.0,496.0,0.0,0,390.71,0.0,1,5.72,0.76,SPY210331P00304000,304.0,0,0.0,0.0,,0.0,normalDay
2021-02-12,1106.0,511.0,0.0,0,392.64,0.0,1,5.72,0.61,SPY210331P00304000,304.0,0,0.0,0.0,,0.0,normalDay
2021-02-16,1106.0,510.0,0.0,0,392.3,0.0,1,5.72,0.62,SPY210331P00304000,304.0,0,0.0,0.0,,0.0,normalDay
2021-02-17,1106.0,512.0,0.0,0,392.39,0.0,1,5.72,0.6,SPY210331P00304000,304.0,0,0.0,0.0,,0.0,normalDay
2021-02-18,1106.0,509.0,0.0,0,390.72,0.0,1,5.72,0.63,SPY210331P00304000,304.0,0,0.0,0.0,,0.0,normalDay
2021-02-19,1106.0,517.0,0.0,0,390.03,0.0,1,5.72,0.55,SPY210331P00304000,304.0,0,0.0,0.0,,0.0,normalDay
2021-02-22,1106.0,514.0,0.0,0,387.03,0.0,1,5.72,0.58,SPY210331P00304000,304.0,0,0.0,0.0,,0.0,normalDay
2021-02-23,1106.0,522.0,0.0,0,387.5,0.0,1,5.72,0.5,SPY210331P00304000,304.0,0,0.0,0.0,,0.0,normalDay
2021-02-24,1106.0,534.0,0.0,0,391.77,0.0,1,5.72,0.38,SPY210331P00304000,304.0,0,0.0,0.0,,0.0,normalDay
2021-02-25,1106.0,483.0,0.0,0,382.33,0.0,1,5.72,0.89,SPY210331P00304000,304.0,0,0.0,0.0,,0.0,normalDay
2021-02-26,1106.0,493.0,0.0,0,380.36,0.0,1,5.72,0.79,SPY210331P00304000,304.0,0,0.0,0.0,,0.0,normalDay
2021-03-01,1106.0,530.0,0.0,0,389.58,0.0,1,5.72,0.42,SPY210331P00304000,304.0,0,0.0,0.0,,0.0,normalDay
2021-03-02,1106.0,526.0,0.0,0,386.54,0.0,1,5.72,0.46,SPY210331P00304000,304.0,0,0.0,0.0,,0.0,normalDay
2021-03-03,1106.0,516.0,0.0,0,381.42,0.0,1,5.72,0.56,SPY210331P00304000,304.0,0,0.0,0.0,,0.0,normalDay
2021-03-04,1106.0,501.0,0.0,0,376.7,0.0,1,5.72,0.71,SPY210331P00304000,304.0,0,0.0,0.0,,0.0,normalDay
2021-03-05,1106.0,531.0,0.0,0,383.63,0.0,1,5.72,0.41,SPY210331P00304000,304.0,0,0.0,0.0,,0.0,normalDay
2021-03-08,1106.0,534.0,0.0,0,381.72,0.0,1,5.72,0.38,SPY210331P00304000,304.0,0,0.0,0.0,,0.0,normalDay
2021-03-09,1106.0,549.0,0.0,0,387.17,0.0,1,5.72,0.23,SPY210331P00304000,304.0,0,0.0,0.0,,0.0,normalDay
2021-03-10,1106.0,555.0,0.0,0,389.58,0.0,1,5.72,0.17,SPY210331P00304000,304.0,0,0.0,0.0,,0.0,normalDay
2021-03-11,1106.0,559.0,0.0,0,393.53,0.0,1,5.72,0.13,SPY210331P00304000,304.0,0,0.0,0.0,,0.0,normalDay
2021-03-12,1106.0,564.0,0.0,0,394.06,0.0,1,5.72,0.08,SPY210331P00304000,304.0,0,0.0,0.0,,0.0,normalDay
2021-03-15,1106.0,568.0,0.0,0,396.41,0.0,1,5.72,0.04,SPY210331P00304000,304.0,0,0.0,0.0,,0.0,normalDay
2021-03-16,1106.0,567.0,0.0,0,395.91,0.0,1,5.72,0.05,SPY210331P00304000,304.0,0,0.0,0.0,,0.0,normalDay
2021-03-17,1106.0,568.0,0.0,0,397.26,0.0,1,5.72,0.04,SPY210331P00304000,304.0,0,0.0,0.0,,0.0,normalDay
2021-03-18,1106.0,564.0,0.0,0,391.48,0.0,1,5.72,0.08,SPY210331P00304000,304.0,0,0.0,0.0,,0.0,normalDay
2021-03-19,1106.0,568.0,0.0,0,389.48,0.0,1,5.72,0.04,SPY210331P00304000,304.0,0,0.0,0.0,,0.0,normalDay
2021-03-22,1106.0,570.0,0.0,0,392.59,0.0,1,5.72,0.02,SPY210331P00304000,304.0,0,0.0,0.0,,0.0,normalDay
2021-03-23,1106.0,570.0,0.0,0,389.5,0.0,1,5.72,0.02,SPY210331P00304000,304.0,0,0.0,0.0,,0.0,normalDay
2021-03-24,1106.0,570.0,0.0,0,387.52,0.0,1,5.72,0.02,SPY210331P00304000,304.0,0,0.0,0.0,,0.0,normalDay
2021-03-25,1106.0,571.0,0.0,0,389.7,0.0,1,5.72,0.01,SPY210331P00304000,304.0,0,0.0,0.0,,0.0,normalDay
2021-03-26,1106.0,571.0,0.0,0,395.98,0.0,1,5.72,0.01,SPY210331P00304000,304.0,0,0.0,0.0,,0.0,normalDay
2021-03-29,1106.0,571.0,0.0,0,395.78,0.0,1,5.72,0.01,SPY210331P00304000,304.0,0,0.0,0.0,,0.0,normalDay
2021-03-30,1106.0,571.0,0.0,0,394.73,0.0,1,5.72,0.01,SPY210331P00304000,304.0,0,0.0,0.0,,0.0,normalDay
2021-03-31,1678.0,0.0,572.0,0,396.33,0.0,1,5.72,0.0,SPY210331P00304000,304.0,0,0.0,0.0,,0.0,expirationDay
2021-04-01,1678.0,-6.0,0.0,0,400.61,0.0,1,9.7,9.76,SPY210820P00375000,375.0,0,0.0,0.0,,0.0,normalDay
2021-04-05,1678.0,123.0,0.0,0,406.36,0.0,1,9.7,8.47,SPY210820P00375000,375.0,0,0.0,0.0,,0.0,normalDay
2021-04-06,1678.0,108.0,0.0,0,406.12,0.0,1,9.7,8.62,SPY210820P00375000,375.0,0,0.0,0.0,,0.0,normalDay
2021-04-07,1678.0,146.0,0.0,0,406.59,0.0,1,9.7,8.24,SPY210820P00375000,375.0,0,0.0,0.0,,0.0,normalDay
2021-04-08,1678.0,173.0,0.0,0,408.52,0.0,1,9.7,7.97,SPY210820P00375000,375.0,0,0.0,0.0,,0.0,normalDay
2021-04-09,1678.0,206.0,0.0,0,411.49,0.0,1,9.7,7.64,SPY210820P00375000,375.0,0,0.0,0.0,,0.0,normalDay
2021-04-12,1678.0,223.0,0.0,0,411.64,0.0,1,9.7,7.47,SPY210820P00375000,375.0,0,0.0,0.0,,0.0,normalDay
2021-04-13,1678.0,258.0,0.0,0,412.86,0.0,1,9.7,7.12,SPY210820P00375000,375.0,0,0.0,0.0,,0.0,normalDay
2021-04-14,1678.0,231.0,0.0,0,411.45,0.0,1,9.7,7.39,SPY210820P00375000,375.0,0,0.0,0.0,,0.0,normalDay
2021-04-15,1678.0,305.0,0.0,0,415.87,0.0,1,9.7,6.65,SPY210820P00375000,375.0,0,0.0,0.0,,0.0,normalDay
2021-04-16,1678.0,328.0,0.0,0,417.26,0.0,1,9.7,6.42,SPY210820P00375000,375.0,0,0.0,0.0,,0.0,normalDay
2021-04-19,1678.0,275.0,0.0,0,415.21,0.0,1,9.7,6.95,SPY210820P00375000,375.0,0,0.0,0.0,,0.0,normalDay
2021-04-20,1678.0,193.0,0.0,0,412.17,0.0,1,9.7,7.77,SPY210820P00375000,375.0,0,0.0,0.0,,0.0,normalDay
2021-04-21,1678.0,292.0,0.0,0,416.07,0.0,1,9.7,6.78,SPY210820P00375000,375.0,0,0.0,0.0,,0.0,normalDay
2021-04-22,1678.0,189.0,0.0,0,412.27,0.0,1,9.7,7.81,SPY210820P00375000,375.0,0,0.0,0.0,,0.0,normalDay
2021-04-23,1678.0,307.0,0.0,0,416.74,0.0,1,9.7,6.63,SPY210820P00375000,375.0,0,0.0,0.0,,0.0,normalDay
2021-04-26,1678.0,334.0,0.0,0,417.61,0.0,1,9.7,6.36,SPY210820P00375000,375.0,0,0.0,0.0,,0.0,normalDay
2021-04-27,1678.0,345.0,0.0,0,417.52,0.0,1,9.7,6.25,SPY210820P00375000,375.0,0,0.0,0.0,,0.0,normalDay
2021-04-28,1678.0,365.0,0.0,0,417.4,0.0,1,9.7,6.05,SPY210820P00375000,375.0,0,0.0,0.0,,0.0,normalDay
2021-04-29,1678.0,384.0,0.0,0,420.06,0.0,1,9.7,5.86,SPY210820P00375000,375.0,0,0.0,0.0,,0.0,normalDay
2021-04-30,1678.0,332.0,0.0,0,417.3,0.0,1,9.7,6.38,SPY210820P00375000,375.0,0,0.0,0.0,,0.0,normalDay
2021-05-03,1678.0,371.0,0.0,0,418.2,0.0,1,9.7,5.99,SPY210820P00375000,375.0,0,0.0,0.0,,0.0,normalDay
2021-05-04,1678.0,302.0,0.0,0,415.62,0.0,1,9.7,6.68,SPY210820P00375000,375.0,0,0.0,0.0,,0.0,normalDay
2021-05-05,1678.0,323.0,0.0,0,415.75,0.0,1,9.7,6.47,SPY210820P00375000,375.0,0,0.0,0.0,,0.0,normalDay
2021-05-06,1678.0,393.0,0.0,0,419.07,0.0,1,9.7,5.77,SPY210820P00375000,375.0,0,0.0,0.0,,0.0,normalDay
2021-05-07,1678.0,466.0,0.0,0,422.12,0.0,1,9.7,5.04,SPY210820P00375000,375.0,0,0.0,0.0,,0.0,normalDay
2021-05-10,1678.0,367.0,0.0,0,417.94,0.0,1,9.7,6.03,SPY210820P00375000,375.0,0,0.0,0.0,,0.0,normalDay
2021-05-11,1678.0,266.0,0.0,0,414.21,0.0,1,9.7,7.04,SPY210820P00375000,375.0,0,0.0,0.0,,0.0,normalDay
2021-05-12,1678.0,-57.0,0.0,0,405.41,0.0,1,9.7,10.27,SPY210820P00375000,375.0,0,0.0,0.0,,0.0,normalDay
2021-05-13,1678.0,171.0,0.0,0,410.28,0.0,1,9.7,7.99,SPY210820P00375000,375.0,0,0.0,0.0,,0.0,normalDay
2021-05-14,1678.0,397.0,0.0,0,416.58,0.0,1,9.7,5.73,SPY210820P00375000,375.0,0,0.0,0.0,,0.0,normalDay
2021-05-17,1678.0,360.0,0.0,0,415.52,0.0,1,9.7,6.1,SPY210820P00375000,375.0,0,0.0,0.0,,0.0,normalDay
2021-05-18,1678.0,272.0,0.0,0,411.94,0.0,1,9.7,6.98,SPY210820P00375000,375.0,0,0.0,0.0,,0.0,normalDay
2021-05-19,1678.0,235.0,0.0,0,410.86,0.0,1,9.7,7.35,SPY210820P00375000,375.0,0,0.0,0.0,,0.0,normalDay
2021-05-20,1678.0,346.0,0.0,0,415.28,0.0,1,9.7,6.24,SPY210820P00375000,375.0,0,0.0,0.0,,0.0,normalDay
2021-05-21,1678.0,373.0,0.0,0,414.94,0.0,1,9.7,5.97,SPY210820P00375000,375.0,0,0.0,0.0,,0.0,normalDay
2021-05-24,1678.0,487.0,0.0,0,419.17,0.0,1,9.7,4.83,SPY210820P00375000,375.0,0,0.0,0.0,,0.0,normalDay
2021-05-25,1678.0,482.0,0.0,0,418.24,0.0,1,9.7,4.88,SPY210820P00375000,375.0,0,0.0,0.0,,0.0,normalDay
2021-05-26,1678.0,542.0,0.0,0,419.07,0.0,1,9.7,4.28,SPY210820P00375000,375.0,0,0.0,0.0,,0.0,normalDay
2021-05-27,1678.0,592.0,0.0,0,419.29,0.0,1,9.7,3.78,SPY210820P00375000,375.0,0,0.0,0.0,,0.0,normalDay
2021-05-28,1678.0,601.0,0.0,0,420.04,0.0,1,9.7,3.69,SPY210820P00375000,375.0,0,0.0,0.0,,0.0,normalDay
2021-06-01,1678.0,585.0,0.0,0,419.67,0.0,1,9.7,3.85,SPY210820P00375000,375.0,0,0.0,0.0,,0.0,normalDay
2021-06-02,1678.0,605.0,0.0,0,420.33,0.0,1,9.7,3.65,SPY210820P00375000,375.0,0,0.0,0.0,,0.0,normalDay
2021-06-03,1678.0,578.0,0.0,0,418.77,0.0,1,9.7,3.92,SPY210820P00375000,375.0,0,0.0,0.0,,0.0,normalDay
2021-06-04,1678.0,650.0,0.0,0,422.6,0.0,1,9.7,3.2,SPY210820P00375000,375.0,0,0.0,0.0,,0.0,normalDay
2021-06-07,1678.0,674.0,0.0,0,422.19,0.0,1,9.7,2.96,SPY210820P00375000,375.0,0,0.0,0.0,,0.0,normalDay
2021-06-08,1678.0,668.0,0.0,0,422.28,0.0,1,9.7,3.02,SPY210820P00375000,375.0,0,0.0,0.0,,0.0,normalDay
2021-06-09,1678.0,656.0,0.0,0,421.65,0.0,1,9.7,3.14,SPY210820P00375000,375.0,0,0.0,0.0,,0.0,normalDay
2021-06-10,1678.0,713.0,0.0,0,423.61,0.0,1,9.7,2.57,SPY210820P00375000,375.0,0,0.0,0.0,,0.0,normalDay
2021-06-11,1678.0,734.0,0.0,0,424.31,0.0,1,9.7,2.36,SPY210820P00375000,375.0,0,0.0,0.0,,0.0,normalDay
2021-06-14,1678.0,741.0,0.0,0,425.26,0.0,1,9.7,2.29,SPY210820P00375000,375.0,0,0.0,0.0,,0.0,normalDay
2021-06-15,1678.0,726.0,0.0,0,424.48,0.0,1,9.7,2.44,SPY210820P00375000,375.0,0,0.0,0.0,,0.0,normalDay
2021-06-16,1678.0,704.0,0.0,0,422.11,0.0,1,9.7,2.66,SPY210820P00375000,375.0,0,0.0,0.0,,0.0,normalDay
2021-06-17,1678.0,721.0,0.0,0,421.97,0.0,1,9.7,2.49,SPY210820P00375000,375.0,0,0.0,0.0,,0.0,normalDay
2021-06-18,1678.0,612.0,0.0,0,414.92,0.0,1,9.7,3.58,SPY210820P00375000,375.0,0,0.0,0.0,,0.0,normalDay
2021-06-21,1678.0,738.0,0.0,0,420.86,0.0,1,9.7,2.32,SPY210820P00375000,375.0,0,0.0,0.0,,0.0,normalDay
2021-06-22,1678.0,775.0,0.0,0,423.11,0.0,1,9.7,1.95,SPY210820P00375000,375.0,0,0.0,0.0,,0.0,normalDay
2021-06-23,1678.0,787.0,0.0,0,422.6,0.0,1,9.7,1.83,SPY210820P00375000,375.0,0,0.0,0.0,,0.0,normalDay
2021-06-24,1678.0,812.0,0.0,0,425.1,0.0,1,9.7,1.58,SPY210820P00375000,375.0,0,0.0,0.0,,0.0,normalDay
2021-06-25,1678.0,830.0,0.0,0,426.61,0.0,1,9.7,1.4,SPY210820P00375000,375.0,0,0.0,0.0,,0.0,normalDay
2021-06-28,1678.0,839.0,0.0,0,427.47,0.0,1,9.7,1.31,SPY210820P00375000,375.0,0,0.0,0.0,,0.0,normalDay
2021-06-29,1678.0,836.0,0.0,0,427.7,0.0,1,9.7,1.34,SPY210820P00375000,375.0,0,0.0,0.0,,0.0,normalDay
2021-06-30,1678.0,844.0,0.0,0,428.06,0.0,1,9.7,1.26,SPY210820P00375000,375.0,0,0.0,0.0,,0.0,normalDay
2021-07-01,1678.0,856.0,0.0,0,430.43,0.0,1,9.7,1.14,SPY210820P00375000,375.0,0,0.0,0.0,,0.0,normalDay
2021-07-02,1678.0,869.0,0.0,0,433.72,0.0,1,9.7,1.01,SPY210820P00375000,375.0,0,0.0,0.0,,0.0,normalDay
2021-07-06,1678.0,865.0,0.0,0,432.93,0.0,1,9.7,1.05,SPY210820P00375000,375.0,0,0.0,0.0,,0.0,normalDay
2021-07-07,1678.0,875.0,0.0,0,434.46,0.0,1,9.7,0.95,SPY210820P00375000,375.0,0,0.0,0.0,,0.0,normalDay
2021-07-08,1678.0,837.0,0.0,0,430.92,0.0,1,9.7,1.33,SPY210820P00375000,375.0,0,0.0,0.0,,0.0,normalDay
2021-07-09,1678.0,882.0,0.0,0,435.52,0.0,1,9.7,0.88,SPY210820P00375000,375.0,0,0.0,0.0,,0.0,normalDay
2021-07-12,1678.0,896.0,0.0,0,437.08,0.0,1,9.7,0.74,SPY210820P00375000,375.0,0,0.0,0.0,,0.0,normalDay
2021-07-13,1678.0,889.0,0.0,0,435.59,0.0,1,9.7,0.81,SPY210820P00375000,375.0,0,0.0,0.0,,0.0,normalDay
2021-07-14,1678.0,903.0,0.0,0,436.24,0.0,1,9.7,0.67,SPY210820P00375000,375.0,0,0.0,0.0,,0.0,normalDay
2021-07-15,1678.0,898.0,0.0,0,434.75,0.0,1,9.7,0.72,SPY210820P00375000,375.0,0,0.0,0.0,,0.0,normalDay
2021-07-16,1678.0,884.0,0.0,0,431.34,0.0,1,9.7,0.86,SPY210820P00375000,375.0,0,0.0,0.0,,0.0,normalDay
2021-07-19,1678.0,828.0,0.0,0,424.97,0.0,1,9.7,1.42,SPY210820P00375000,375.0,0,0.0,0.0,,0.0,normalDay
2021-07-20,1678.0,878.0,0.0,0,431.06,0.0,1,9.7,0.92,SPY210820P00375000,375.0,0,0.0,0.0,,0.0,normalDay
2021-07-21,1678.0,907.0,0.0,0,434.55,0.0,1,9.7,0.63,SPY210820P00375000,375.0,0,0.0,0.0,,0.0,normalDay
2021-07-22,1678.0,914.0,0.0,0,435.46,0.0,1,9.7,0.56,SPY210820P00375000,375.0,0,0.0,0.0,,0.0,normalDay
2021-07-23,1678.0,924.0,0.0,0,439.94,0.0,1,9.7,0.46,SPY210820P00375000,375.0,0,0.0,0.0,,0.0,normalDay
2021-07-26,1678.0,935.0,0.0,0,441.02,0.0,1,9.7,0.35,SPY210820P00375000,375.0,0,0.0,0.0,,0.0,normalDay
2021-07-27,1678.0,927.0,0.0,0,439.01,0.0,1,9.7,0.43,SPY210820P00375000,375.0,0,0.0,0.0,,0.0,normalDay
2021-07-28,1678.0,936.0,0.0,0,438.83,0.0,1,9.7,0.34,SPY210820P00375000,375.0,0,0.0,0.0,,0.0,normalDay
2021-07-29,1678.0,943.0,0.0,0,440.65,0.0,1,9.7,0.27,SPY210820P00375000,375.0,0,0.0,0.0,,0.0,normalDay
2021-07-30,1678.0,939.0,0.0,0,438.51,0.0,1,9.7,0.31,SPY210820P00375000,375.0,0,0.0,0.0,,0.0,normalDay
2021-08-02,1678.0,942.0,0.0,0,437.59,0.0,1,9.7,0.28,SPY210820P00375000,375.0,0,0.0,0.0,,0.0,normalDay
2021-08-03,1678.0,954.0,0.0,0,441.15,0.0,1,9.7,0.16,SPY210820P00375000,375.0,0,0.0,0.0,,0.0,normalDay
2021-08-04,1678.0,955.0,0.0,0,438.98,0.0,1,9.7,0.15,SPY210820P00375000,375.0,0,0.0,0.0,,0.0,normalDay
2021-08-05,1678.0,959.0,0.0,0,441.76,0.0,1,9.7,0.11,SPY210820P00375000,375.0,0,0.0,0.0,,0.0,normalDay
2021-08-06,1678.0,963.0,0.0,0,442.49,0.0,1,9.7,0.07,SPY210820P00375000,375.0,0,0.0,0.0,,0.0,normalDay
2021-08-09,1678.0,964.0,0.0,0,442.13,0.0,1,9.7,0.06,SPY210820P00375000,375.0,0,0.0,0.0,,0.0,normalDay
2021-08-10,1678.0,964.0,0.0,0,442.68,0.0,1,9.7,0.06,SPY210820P00375000,375.0,0,0.0,0.0,,0.0,normalDay
2021-08-11,1678.0,966.0,0.0,0,443.78,0.0,1,9.7,0.04,SPY210820P00375000,375.0,0,0.0,0.0,,0.0,normalDay
2021-08-12,1678.0,966.0,0.0,0,445.11,0.0,1,9.7,0.04,SPY210820P00375000,375.0,0,0.0,0.0,,0.0,normalDay
2021-08-13,1678.0,967.0,0.0,0,445.92,0.0,1,9.7,0.03,SPY210820P00375000,375.0,0,0.0,0.0,,0.0,normalDay
2021-08-16,1678.0,968.0,0.0,0,446.97,0.0,1,9.7,0.02,SPY210820P00375000,375.0,0,0.0,0.0,,0.0,normalDay
2021-08-17,1678.0,969.0,0.0,0,444.04,0.0,1,9.7,0.01,SPY210820P00375000,375.0,0,0.0,0.0,,0.0,normalDay
2021-08-18,1678.0,966.0,0.0,0,439.18,0.0,1,9.7,0.04,SPY210820P00375000,375.0,0,0.0,0.0,,0.0,normalDay
2021-08-19,1678.0,969.0,0.0,0,439.86,0.0,1,9.7,0.01,SPY210820P00375000,375.0,0,0.0,0.0,,0.0,normalDay
2021-08-20,2648.0,0.0,970.0,0,443.36,0.0,1,9.7,0.0,SPY210820P00375000,375.0,0,0.0,0.0,,0.0,expirationDay
2021-08-23,2648.0,-6.0,0.0,0,447.26,0.0,1,12.94,13.0,SPY211231P00431000,431.0,0,0.0,0.0,,0.0,normalDay
2021-08-24,2648.0,4.0,0.0,0,447.97,0.0,1,12.94,12.9,SPY211231P00431000,431.0,0,0.0,0.0,,0.0,normalDay
2021-08-25,2648.0,64.0,0.0,0,448.91,0.0,1,12.94,12.3,SPY211231P00431000,431.0,0,0.0,0.0,,0.0,normalDay
2021-08-26,2648.0,-56.0,0.0,0,446.26,0.0,1,12.94,13.5,SPY211231P00431000,431.0,0,0.0,0.0,,0.0,normalDay
2021-08-27,2648.0,114.0,0.0,0,450.25,0.0,1,12.94,11.8,SPY211231P00431000,431.0,0,0.0,0.0,,0.0,normalDay
2021-08-30,2648.0,180.0,0.0,0,452.23,0.0,1,12.94,11.14,SPY211231P00431000,431.0,0,0.0,0.0,,0.0,normalDay
2021-08-31,2648.0,173.0,0.0,0,451.56,0.0,1,12.94,11.21,SPY211231P00431000,431.0,0,0.0,0.0,,0.0,normalDay
2021-09-01,2648.0,204.0,0.0,0,451.8,0.0,1,12.94,10.9,SPY211231P00431000,431.0,0,0.0,0.0,,0.0,normalDay
2021-09-02,2648.0,241.0,0.0,0,453.19,0.0,1,12.94,10.53,SPY211231P00431000,431.0,0,0.0,0.0,,0.0,normalDay
2021-09-03,2648.0,228.0,0.0,0,453.08,0.0,1,12.94,10.66,SPY211231P00431000,431.0,0,0.0,0.0,,0.0,normalDay
2021-09-07,2648.0,161.0,0.0,0,451.46,0.0,1,12.94,11.33,SPY211231P00431000,431.0,0,0.0,0.0,,0.0,normalDay
2021-09-08,2648.0,150.0,0.0,0,450.91,0.0,1,12.94,11.44,SPY211231P00431000,431.0,0,0.0,0.0,,0.0,normalDay
2021-09-09,2648.0,69.0,0.0,0,448.98,0.0,1,12.94,12.25,SPY211231P00431000,431.0,0,0.0,0.0,,0.0,normalDay
2021-09-10,2648.0,-37.0,0.0,0,445.44,0.0,1,12.94,13.31,SPY211231P00431000,431.0,0,0.0,0.0,,0.0,normalDay
2021-09-13,2648.0,57.0,0.0,0,446.58,0.0,1,12.94,12.37,SPY211231P00431000,431.0,0,0.0,0.0,,0.0,normalDay
2021-09-14,2648.0,-17.0,0.0,0,444.17,0.0,1,12.94,13.11,SPY211231P00431000,431.0,0,0.0,0.0,,0.0,normalDay
2021-09-15,2648.0,136.0,0.0,0,447.88,0.0,1,12.94,11.58,SPY211231P00431000,431.0,0,0.0,0.0,,0.0,normalDay
2021-09-16,2648.0,107.0,0.0,0,447.17,0.0,1,12.94,11.87,SPY211231P00431000,431.0,0,0.0,0.0,,0.0,normalDay
2021-09-17,2648.0,-71.0,0.0,0,441.4,0.0,1,12.94,13.65,SPY211231P00431000,431.0,0,0.0,0.0,,0.0,normalDay
2021-09-20,2648.0,-468.0,0.0,0,434.04,0.0,1,12.94,17.62,SPY211231P00431000,431.0,0,0.0,0.0,,0.0,normalDay
2021-09-21,2648.0,-431.0,0.0,0,433.63,0.0,1,12.94,17.25,SPY211231P00431000,431.0,0,0.0,0.0,,0.0,normalDay
2021-09-22,2648.0,-145.0,0.0,0,437.86,0.0,1,12.94,14.39,SPY211231P00431000,431.0,0,0.0,0.0,,0.0,normalDay
2021-09-23,2648.0,107.0,0.0,0,443.18,0.0,1,12.94,11.87,SPY211231P00431000,431.0,0,0.0,0.0,,0.0,normalDay
2021-09-24,2648.0,163.0,0.0,0,443.91,0.0,1,12.94,11.31,SPY211231P00431000,431.0,0,0.0,0.0,,0.0,normalDay
2021-09-27,2648.0,117.0,0.0,0,442.64,0.0,1,12.94,11.77,SPY211231P00431000,431.0,0,0.0,0.0,,0.0,normalDay
2021-09-28,2648.0,-304.0,0.0,0,433.72,0.0,1,12.94,15.98,SPY211231P00431000,431.0,0,0.0,0.0,,0.0,normalDay
2021-09-29,2648.0,-234.0,0.0,0,434.45,0.0,1,12.94,15.28,SPY211231P00431000,431.0,0,0.0,0.0,,0.0,normalDay
2021-09-30,2648.0,-494.0,0.0,0,429.14,0.0,1,12.94,17.88,SPY211231P00431000,431.0,0,0.0,0.0,,0.0,normalDay
2021-10-01,2648.0,-187.0,0.0,0,434.24,0.0,1,12.94,14.81,SPY211231P00431000,431.0,0,0.0,0.0,,0.0,normalDay
2021-10-04,2648.0,-450.0,0.0,0,428.64,0.0,1,12.94,17.44,SPY211231P00431000,431.0,0,0.0,0.0,,0.0,normalDay
2021-10-05,2648.0,-219.0,0.0,0,433.1,0.0,1,12.94,15.13,SPY211231P00431000,431.0,0,0.0,0.0,,0.0,normalDay
2021-10-06,2648.0,-141.0,0.0,0,434.9,0.0,1,12.94,14.35,SPY211231P00431000,431.0,0,0.0,0.0,,0.0,normalDay
2021-10-07,2648.0,58.0,0.0,0,438.66,0.0,1,12.94,12.36,SPY211231P00431000,431.0,0,0.0,0.0,,0.0,normalDay
2021-10-08,2648.0,35.0,0.0,0,437.86,0.0,1,12.94,12.59,SPY211231P00431000,431.0,0,0.0,0.0,,0.0,normalDay
2021-10-11,2648.0,-71.0,0.0,0,434.69,0.0,1,12.94,13.65,SPY211231P00431000,431.0,0,0.0,0.0,,0.0,normalDay
2021-10-12,2648.0,-105.0,0.0,0,433.62,0.0,1,12.94,13.99,SPY211231P00431000,431.0,0,0.0,0.0,,0.0,normalDay
2021-10-13,2648.0,56.0,0.0,0,435.18,0.0,1,12.94,12.38,SPY211231P00431000,431.0,0,0.0,0.0,,0.0,normalDay
2021-10-14,2648.0,363.0,0.0,0,442.5,0.0,1,12.94,9.31,SPY211231P00431000,431.0,0,0.0,0.0,,0.0,normalDay
2021-10-15,2648.0,464.0,0.0,0,445.87,0.0,1,12.94,8.3,SPY211231P00431000,431.0,0,0.0,0.0,,0.0,normalDay
2021-10-18,2648.0,517.0,0.0,0,447.19,0.0,1,12.94,7.77,SPY211231P00431000,431.0,0,0.0,0.0,,0.0,normalDay
2021-10-19,2648.0,631.0,0.0,0,450.64,0.0,1,12.94,6.63,SPY211231P00431000,431.0,0,0.0,0.0,,0.0,normalDay
2021-10-20,2648.0,658.0,0.0,0,452.41,0.0,1,12.94,6.36,SPY211231P00431000,431.0,0,0.0,0.0,,0.0,normalDay
2021-10-21,2648.0,707.0,0.0,0,453.59,0.0,1,12.94,5.87,SPY211231P00431000,431.0,0,0.0,0.0,,0.0,normalDay
2021-10-22,2648.0,670.0,0.0,0,453.12,0.0,1,12.94,6.24,SPY211231P00431000,431.0,0,0.0,0.0,,0.0,normalDay
2021-10-25,2648.0,744.0,0.0,0,455.55,0.0,1,12.94,5.5,SPY211231P00431000,431.0,0,0.0,0.0,,0.0,normalDay
2021-10-26,2648.0,750.0,0.0,0,455.96,0.0,1,12.94,5.44,SPY211231P00431000,431.0,0,0.0,0.0,,0.0,normalDay
2021-10-27,2648.0,679.0,0.0,0,453.94,0.0,1,12.94,6.15,SPY211231P00431000,431.0,0,0.0,0.0,,0.0,normalDay
2021-10-28,2648.0,775.0,0.0,0,458.32,0.0,1,12.94,5.19,SPY211231P00431000,431.0,0,0.0,0.0,,0.0,normalDay
2021-10-29,2648.0,801.0,0.0,0,459.25,0.0,1,12.94,4.93,SPY211231P00431000,431.0,0,0.0,0.0,,0.0,normalDay
2021-11-01,2648.0,834.0,0.0,0,460.04,0.0,1,12.94,4.6,SPY211231P00431000,431.0,0,0.0,0.0,,0.0,normalDay
2021-11-02,2648.0,874.0,0.0,0,461.9,0.0,1,12.94,4.2,SPY211231P00431000,431.0,0,0.0,0.0,,0.0,normalDay
2021-11-03,2648.0,943.0,0.0,0,464.72,0.0,1,12.94,3.51,SPY211231P00431000,431.0,0,0.0,0.0,,0.0,normalDay
2021-11-04,2648.0,971.0,0.0,0,466.91,0.0,1,12.94,3.23,SPY211231P00431000,431.0,0,0.0,0.0,,0.0,normalDay
2021-11-05,2648.0,968.0,0.0,0,468.53,0.0,1,12.94,3.26,SPY211231P00431000,431.0,0,0.0,0.0,,0.0,normalDay
2021-11-08,2648.0,968.0,0.0,0,468.93,0.0,1,12.94,3.26,SPY211231P00431000,431.0,0,0.0,0.0,,0.0,normalDay
2021-11-09,2648.0,950.0,0.0,0,467.38,0.0,1,12.94,3.44,SPY211231P00431000,431.0,0,0.0,0.0,,0.0,normalDay
2021-11-10,2648.0,897.0,0.0,0,463.62,0.0,1,12.94,3.97,SPY211231P00431000,431.0,0,0.0,0.0,,0.0,normalDay
2021-11-11,2648.0,946.0,0.0,0,463.77,0.0,1,12.94,3.48,SPY211231P00431000,431.0,0,0.0,0.0,,0.0,normalDay
2021-11-12,2648.0,1015.0,0.0,0,467.27,0.0,1,12.94,2.79,SPY211231P00431000,431.0,0,0.0,0.0,,0.0,normalDay
2021-11-15,2648.0,1029.0,0.0,0,467.43,0.0,1,12.94,2.65,SPY211231P00431000,431.0,0,0.0,0.0,,0.0,normalDay
2021-11-16,2648.0,1054.0,0.0,0,469.28,0.0,1,12.94,2.4,SPY211231P00431000,431.0,0,0.0,0.0,,0.0,normalDay
2021-11-17,2648.0,1034.0,0.0,0,468.14,0.0,1,12.94,2.6,SPY211231P00431000,431.0,0,0.0,0.0,,0.0,normalDay
2021-11-18,2648.0,1047.0,0.0,0,469.73,0.0,1,12.94,2.47,SPY211231P00431000,431.0,0,0.0,0.0,,0.0,normalDay
2021-11-19,2648.0,1039.0,0.0,0,468.89,0.0,1,12.94,2.55,SPY211231P00431000,431.0,0,0.0,0.0,,0.0,normalDay
2021-11-22,2648.0,1023.0,0.0,0,467.57,0.0,1,12.94,2.71,SPY211231P00431000,431.0,0,0.0,0.0,,0.0,normalDay
2021-11-23,2648.0,1043.0,0.0,0,468.19,0.0,1,12.94,2.51,SPY211231P00431000,431.0,0,0.0,0.0,,0.0,normalDay
2021-11-24,2648.0,1077.0,0.0,0,469.44,0.0,1,12.94,2.17,SPY211231P00431000,431.0,0,0.0,0.0,,0.0,normalDay
2021-11-26,2648.0,613.0,0.0,0,458.97,0.0,1,12.94,6.81,SPY211231P00431000,431.0,0,0.0,0.0,,0.0,normalDay
2021-11-29,2648.0,975.0,0.0,0,464.6,0.0,1,12.94,3.19,SPY211231P00431000,431.0,0,0.0,0.0,,0.0,normalDay
2021-11-30,2648.0,795.0,0.0,0,455.56,0.0,1,12.94,4.99,SPY211231P00431000,431.0,0,0.0,0.0,,0.0,normalDay
2021-12-01,2648.0,541.0,0.0,0,450.5,0.0,1,12.94,7.53,SPY211231P00431000,431.0,0,0.0,0.0,,0.0,normalDay
2021-12-02,2648.0,786.0,0.0,0,457.4,0.0,1,12.94,5.08,SPY211231P00431000,431.0,0,0.0,0.0,,0.0,normalDay
2021-12-03,2648.0,669.0,0.0,0,453.42,0.0,1,12.94,6.25,SPY211231P00431000,431.0,0,0.0,0.0,,0.0,normalDay
2021-12-06,2648.0,890.0,0.0,0,458.79,0.0,1,12.94,4.04,SPY211231P00431000,431.0,0,0.0,0.0,,0.0,normalDay
2021-12-07,2648.0,1110.0,0.0,0,468.28,0.0,1,12.94,1.84,SPY211231P00431000,431.0,0,0.0,0.0,,0.0,normalDay
2021-12-08,2648.0,1171.0,0.0,0,469.52,0.0,1,12.94,1.23,SPY211231P00431000,431.0,0,0.0,0.0,,0.0,normalDay
2021-12-09,2648.0,1131.0,0.0,0,466.35,0.0,1,12.94,1.63,SPY211231P00431000,431.0,0,0.0,0.0,,0.0,normalDay
2021-12-10,2648.0,1204.0,0.0,0,470.74,0.0,1,12.94,0.9,SPY211231P00431000,431.0,0,0.0,0.0,,0.0,normalDay
2021-12-13,2648.0,1192.0,0.0,0,466.57,0.0,1,12.94,1.02,SPY211231P00431000,431.0,0,0.0,0.0,,0.0,normalDay
2021-12-14,2648.0,1164.0,0.0,0,463.36,0.0,1,12.94,1.3,SPY211231P00431000,431.0,0,0.0,0.0,,0.0,normalDay
2021-12-15,2648.0,1234.0,0.0,0,470.6,0.0,1,12.94,0.6,SPY211231P00431000,431.0,0,0.0,0.0,,0.0,normalDay
2021-12-16,2648.0,1213.0,0.0,0,466.45,0.0,1,12.94,0.81,SPY211231P00431000,431.0,0,0.0,0.0,,0.0,normalDay
2021-12-17,2648.0,1197.0,0.0,0,459.87,0.0,1,12.94,0.97,SPY211231P00431000,431.0,0,0.0,0.0,,0.0,normalDay
2021-12-20,2648.0,1182.0,0.0,0,454.98,0.0,1,12.94,1.12,SPY211231P00431000,431.0,0,0.0,0.0,,0.0,normalDay
2021-12-21,2648.0,1251.0,0.0,0,463.06,0.0,1,12.94,0.43,SPY211231P00431000,431.0,0,0.0,0.0,,0.0,normalDay
2021-12-22,2648.0,1281.0,0.0,0,467.69,0.0,1,12.94,0.13,SPY211231P00431000,431.0,0,0.0,0.0,,0.0,normalDay
2021-12-23,2648.0,1286.0,0.0,0,470.6,0.0,1,12.94,0.08,SPY211231P00431000,431.0,0,0.0,0.0,,0.0,normalDay
2021-12-27,2648.0,1291.0,0.0,0,477.26,0.0,1,12.94,0.03,SPY211231P00431000,431.0,0,0.0,0.0,,0.0,normalDay
2021-12-28,2648.0,1292.0,0.0,0,476.87,0.0,1,12.94,0.02,SPY211231P00431000,431.0,0,0.0,0.0,,0.0,normalDay
2021-12-29,2648.0,1293.0,0.0,0,477.48,0.0,1,12.94,0.01,SPY211231P00431000,431.0,0,0.0,0.0,,0.0,normalDay
2021-12-30,2648.0,1293.0,0.0,0,476.16,0.0,1,12.94,0.01,SPY211231P00431000,431.0,0,0.0,0.0,,0.0,normalDay
2021-12-31,3942.0,0.0,1294.0,0,474.96,0.0,1,12.94,0.0,SPY211231P00431000,431.0,0,0.0,0.0,,0.0,expirationDay
2022-01-03,3942.0,-7.0,0.0,0,477.71,0.0,1,11.39,11.46,SPY220520P00445000,445.0,0,0.0,0.0,,0.0,normalDay
2022-01-04,3942.0,-20.0,0.0,0,477.55,0.0,1,11.39,11.59,SPY220520P00445000,445.0,0,0.0,0.0,,0.0,normalDay
2022-01-05,3942.0,-302.0,0.0,0,468.38,0.0,1,11.39,14.41,SPY220520P00445000,445.0,0,0.0,0.0,,0.0,normalDay
2022-01-06,3942.0,-299.0,0.0,0,467.94,0.0,1,11.39,14.38,SPY220520P00445000,445.0,0,0.0,0.0,,0.0,normalDay
2022-01-07,3942.0,-277.0,0.0,0,466.09,0.0,1,11.39,14.16,SPY220520P00445000,445.0,0,0.0,0.0,,0.0,normalDay
2022-01-10,3942.0,-278.0,0.0,0,465.51,0.0,1,11.39,14.17,SPY220520P00445000,445.0,0,0.0,0.0,,0.0,normalDay
2022-01-11,3942.0,-128.0,0.0,0,469.75,0.0,1,11.39,12.67,SPY220520P00445000,445.0,0,0.0,0.0,,0.0,normalDay
2022-01-12,3942.0,-62.0,0.0,0,471.02,0.0,1,11.39,12.01,SPY220520P00445000,445.0,0,0.0,0.0,,0.0,normalDay
2022-01-13,3942.0,-326.0,0.0,0,464.53,0.0,1,11.39,14.65,SPY220520P00445000,445.0,0,0.0,0.0,,0.0,normalDay
2022-01-14,3942.0,-261.0,0.0,0,464.72,0.0,1,11.39,14.0,SPY220520P00445000,445.0,0,0.0,0.0,,0.0,normalDay
2022-01-18,3942.0,-606.0,0.0,0,456.49,0.0,1,11.39,17.45,SPY220520P00445000,445.0,0,0.0,0.0,,0.0,normalDay
2022-01-19,3942.0,-749.0,0.0,0,451.75,0.0,1,11.39,18.88,SPY220520P00445000,445.0,0,0.0,0.0,,0.0,normalDay
2022-01-20,3942.0,-1010.0,0.0,0,446.75,0.0,1,11.39,21.49,SPY220520P00445000,445.0,0,0.0,0.0,,0.0,normalDay
2022-01-21,3942.0,-1515.0,0.0,0,437.98,0.0,1,11.39,26.54,SPY220520P00445000,445.0,0,0.0,0.0,,0.0,normalDay
2022-01-24,3942.0,-1461.0,0.0,0,439.84,0.0,1,11.39,26.0,SPY220520P00445000,445.0,0,0.0,0.0,,0.0,normalDay
2022-01-25,3942.0,-1804.0,0.0,0,434.47,0.0,1,11.39,29.43,SPY220520P00445000,445.0,0,0.0,0.0,,0.0,normalDay
2022-01-26,3942.0,-1801.0,0.0,0,433.38,0.0,1,11.39,29.4,SPY220520P00445000,445.0,0,0.0,0.0,,0.0,normalDay
2022-01-27,3942.0,-1770.0,0.0,0,431.24,0.0,1,11.39,29.09,SPY220520P00445000,445.0,0,0.0,0.0,,0.0,normalDay
2022-01-28,3942.0,-1140.0,0.0,0,441.95,0.0,1,11.39,22.79,SPY220520P00445000,445.0,0,0.0,0.0,,0.0,normalDay
2022-01-31,3942.0,-753.0,0.0,0,449.91,0.0,1,11.39,18.92,SPY220520P00445000,445.0,0,0.0,0.0,,0.0,normalDay
2022-02-01,3942.0,-477.0,0.0,0,452.95,0.0,1,11.39,16.16,SPY220520P00445000,445.0,0,0.0,0.0,,0.0,normalDay
2022-02-02,3942.0,-427.0,0.0,0,457.35,0.0,1,11.39,15.66,SPY220520P00445000,445.0,0,0.0,0.0,,0.0,normalDay
2022-02-03,3942.0,-723.0,0.0,0,446.6,0.0,1,11.39,18.62,SPY220520P00445000,445.0,0,0.0,0.0,,0.0,normalDay
2022-02-04,3942.0,-756.0,0.0,0,448.7,0.0,1,11.39,18.95,SPY220520P00445000,445.0,0,0.0,0.0,,0.0,normalDay
2022-02-07,3942.0,-706.0,0.0,0,447.26,0.0,1,11.39,18.45,SPY220520P00445000,445.0,0,0.0,0.0,,0.0,normalDay
2022-02-08,3942.0,-488.0,0.0,0,450.94,0.0,1,11.39,16.27,SPY220520P00445000,445.0,0,0.0,0.0,,0.0,normalDay
2022-02-09,3942.0,-238.0,0.0,0,457.54,0.0,1,11.39,13.77,SPY220520P00445000,445.0,0,0.0,0.0,,0.0,normalDay
2022-02-10,3942.0,-643.0,0.0,0,449.32,0.0,1,11.39,17.82,SPY220520P00445000,445.0,0,0.0,0.0,,0.0,normalDay
2022-02-11,3942.0,-1119.0,0.0,0,440.46,0.0,1,11.39,22.58,SPY220520P00445000,445.0,0,0.0,0.0,,0.0,normalDay
2022-02-14,3942.0,-1144.0,0.0,0,439.02,0.0,1,11.39,22.83,SPY220520P00445000,445.0,0,0.0,0.0,,0.0,normalDay
2022-02-15,3942.0,-787.0,0.0,0,446.1,0.0,1,11.39,19.26,SPY220520P00445000,445.0,0,0.0,0.0,,0.0,normalDay
2022-02-16,3942.0,-657.0,0.0,0,446.6,0.0,1,11.39,17.96,SPY220520P00445000,445.0,0,0.0,0.0,,0.0,normalDay
2022-02-17,3942.0,-1193.0,0.0,0,437.06,0.0,1,11.39,23.32,SPY220520P00445000,445.0,0,0.0,0.0,,0.0,normalDay
2022-02-18,3942.0,-1302.0,0.0,0,434.23,0.0,1,11.39,24.41,SPY220520P00445000,445.0,0,0.0,0.0,,0.0,normalDay
2022-02-22,3942.0,-1519.0,0.0,0,429.57,0.0,1,11.39,26.58,SPY220520P00445000,445.0,0,0.0,0.0,,0.0,normalDay
2022-02-23,3942.0,-2098.0,0.0,0,421.95,0.0,1,11.39,32.37,SPY220520P00445000,445.0,0,0.0,0.0,,0.0,normalDay
2022-02-24,3942.0,-1739.0,0.0,0,428.3,0.0,1,11.39,28.78,SPY220520P00445000,445.0,0,0.0,0.0,,0.0,normalDay
2022-02-25,3942.0,-1066.0,0.0,0,437.75,0.0,1,11.39,22.05,SPY220520P00445000,445.0,0,0.0,0.0,,0.0,normalDay
2022-02-28,3942.0,-1160.0,0.0,0,436.63,0.0,1,11.39,22.99,SPY220520P00445000,445.0,0,0.0,0.0,,0.0,normalDay
2022-03-01,3942.0,-1658.0,0.0,0,429.98,0.0,1,11.39,27.97,SPY220520P00445000,445.0,0,0.0,0.0,,0.0,normalDay
2022-03-02,3942.0,-1186.0,0.0,0,437.89,0.0,1,11.39,23.25,SPY220520P00445000,445.0,0,0.0,0.0,,0.0,normalDay
2022-03-03,3942.0,-1236.0,0.0,0,435.71,0.0,1,11.39,23.75,SPY220520P00445000,445.0,0,0.0,0.0,,0.0,normalDay
2022-03-04,3942.0,-1510.0,0.0,0,432.17,0.0,1,11.39,26.49,SPY220520P00445000,445.0,0,0.0,0.0,,0.0,normalDay
2022-03-07,3942.0,-2437.0,0.0,0,419.43,0.0,1,11.39,35.76,SPY220520P00445000,445.0,0,0.0,0.0,,0.0,normalDay
2022-03-08,3942.0,-2616.0,0.0,0,416.25,0.0,1,11.39,37.55,SPY220520P00445000,445.0,0,0.0,0.0,,0.0,normalDay
2022-03-09,3942.0,-1797.0,0.0,0,427.41,0.0,1,11.39,29.36,SPY220520P00445000,445.0,0,0.0,0.0,,0.0,normalDay
2022-03-10,3942.0,-1809.0,0.0,0,425.48,0.0,1,11.39,29.48,SPY220520P00445000,445.0,0,0.0,0.0,,0.0,normalDay
2022-03-11,3942.0,-2143.0,0.0,0,420.07,0.0,1,11.39,32.82,SPY220520P00445000,445.0,0,0.0,0.0,,0.0,normalDay
2022-03-14,3942.0,-2323.0,0.0,0,417.0,0.0,1,11.39,34.62,SPY220520P00445000,445.0,0,0.0,0.0,,0.0,normalDay
2022-03-15,3942.0,-1728.0,0.0,0,426.17,0.0,1,11.39,28.67,SPY220520P00445000,445.0,0,0.0,0.0,,0.0,normalDay
2022-03-16,3942.0,-1022.0,0.0,0,435.62,0.0,1,11.39,21.61,SPY220520P00445000,445.0,0,0.0,0.0,,0.0,normalDay
2022-03-17,3942.0,-700.0,0.0,0,441.07,0.0,1,11.39,18.39,SPY220520P00445000,445.0,0,0.0,0.0,,0.0,normalDay
2022-03-18,3942.0,-346.0,0.0,0,444.52,0.0,1,11.39,14.85,SPY220520P00445000,445.0,0,0.0,0.0,,0.0,normalDay
2022-03-21,3942.0,-305.0,0.0,0,444.39,0.0,1,11.39,14.44,SPY220520P00445000,445.0,0,0.0,0.0,,0.0,normalDay
2022-03-22,3942.0,-72.0,0.0,0,449.59,0.0,1,11.39,12.11,SPY220520P00445000,445.0,0,0.0,0.0,,0.0,normalDay
2022-03-23,3942.0,-306.0,0.0,0,443.8,0.0,1,11.39,14.45,SPY220520P00445000,445.0,0,0.0,0.0,,0.0,normalDay
2022-03-24,3942.0,1.0,0.0,0,450.49,0.0,1,11.39,11.38,SPY220520P00445000,445.0,0,0.0,0.0,,0.0,normalDay
2022-03-25,3942.0,109.0,0.0,0,452.69,0.0,1,11.39,10.3,SPY220520P00445000,445.0,0,0.0,0.0,,0.0,normalDay
2022-03-28,3942.0,281.0,0.0,0,455.91,0.0,1,11.39,8.58,SPY220520P00445000,445.0,0,0.0,0.0,,0.0,normalDay
2022-03-29,3942.0,444.0,0.0,0,461.55,0.0,1,11.39,6.95,SPY220520P00445000,445.0,0,0.0,0.0,,0.0,normalDay
2022-03-30,3942.0,384.0,0.0,0,458.7,0.0,1,11.39,7.55,SPY220520P00445000,445.0,0,0.0,0.0,,0.0,normalDay
2022-03-31,3942.0,156.0,0.0,0,451.64,0.0,1,11.39,9.83,SPY220520P00445000,445.0,0,0.0,0.0,,0.0,normalDay
2022-04-01,3942.0,258.0,0.0,0,452.92,0.0,1,11.39,8.81,SPY220520P00445000,445.0,0,0.0,0.0,,0.0,normalDay
2022-04-04,3942.0,465.0,0.0,0,456.8,0.0,1,11.39,6.74,SPY220520P00445000,445.0,0,0.0,0.0,,0.0,normalDay
2022-04-05,3942.0,236.0,0.0,0,451.03,0.0,1,11.39,9.03,SPY220520P00445000,445.0,0,0.0,0.0,,0.0,normalDay
2022-04-06,3942.0,54.0,0.0,0,446.52,0.0,1,11.39,10.85,SPY220520P00445000,445.0,0,0.0,0.0,,0.0,normalDay
2022-04-07,3942.0,152.0,0.0,0,448.77,0.0,1,11.39,9.87,SPY220520P00445000,445.0,0,0.0,0.0,,0.0,normalDay
2022-04-08,3942.0,143.0,0.0,0,447.57,0.0,1,11.39,9.96,SPY220520P00445000,445.0,0,0.0,0.0,,0.0,normalDay
2022-04-11,3942.0,-261.0,0.0,0,439.92,0.0,1,11.39,14.0,SPY220520P00445000,445.0,0,0.0,0.0,,0.0,normalDay
2022-04-12,3942.0,-319.0,0.0,0,438.29,0.0,1,11.39,14.58,SPY220520P00445000,445.0,0,0.0,0.0,,0.0,normalDay
2022-04-13,3942.0,28.0,0.0,0,443.31,0.0,1,11.39,11.11,SPY220520P00445000,445.0,0,0.0,0.0,,0.0,normalDay
2022-04-14,3942.0,-253.0,0.0,0,437.79,0.0,1,11.39,13.92,SPY220520P00445000,445.0,0,0.0,0.0,,0.0,normalDay
2022-04-18,3942.0,-116.0,0.0,0,437.97,0.0,1,11.39,12.55,SPY220520P00445000,445.0,0,0.0,0.0,,0.0,normalDay
2022-04-19,3942.0,118.0,0.0,0,445.04,0.0,1,11.39,10.21,SPY220520P00445000,445.0,0,0.0,0.0,,0.0,normalDay
2022-04-20,3942.0,269.0,0.0,0,444.71,0.0,1,11.39,8.7,SPY220520P00445000,445.0,0,0.0,0.0,,0.0,normalDay
2022-04-21,3942.0,-173.0,0.0,0,438.06,0.0,1,11.39,13.12,SPY220520P00445000,445.0,0,0.0,0.0,,0.0,normalDay
2022-04-22,3942.0,-1117.0,0.0,0,426.04,0.0,1,11.39,22.56,SPY220520P00445000,445.0,0,0.0,0.0,,0.0,normalDay
2022-04-25,3942.0,-796.0,0.0,0,428.51,0.0,1,11.39,19.35,SPY220520P00445000,445.0,0,0.0,0.0,,0.0,normalDay
2022-04-26,3942.0,-1992.0,0.0,0,416.1,0.0,1,11.39,31.31,SPY220520P00445000,445.0,0,0.0,0.0,,0.0,normalDay
2022-04-27,3942.0,-1666.0,0.0,0,417.27,0.0,1,11.39,28.05,SPY220520P00445000,445.0,0,0.0,0.0,,0.0,normalDay
2022-04-28,3942.0,-1017.0,0.0,0,427.81,0.0,1,11.39,21.56,SPY220520P00445000,445.0,0,0.0,0.0,,0.0,normalDay
2022-04-29,3942.0,-2160.0,0.0,0,412.0,0.0,1,11.39,32.99,SPY220520P00445000,445.0,0,0.0,0.0,,0.0,normalDay
2022-05-02,3942.0,-1968.0,0.0,0,414.48,0.0,1,11.39,31.07,SPY220520P00445000,445.0,0,0.0,0.0,,0.0,normalDay
2022-05-03,3942.0,-1721.0,0.0,0,416.38,0.0,1,11.39,28.6,SPY220520P00445000,445.0,0,0.0,0.0,,0.0,normalDay
2022-05-04,3942.0,-672.0,0.0,0,429.06,0.0,1,11.39,18.11,SPY220520P00445000,445.0,0,0.0,0.0,,0.0,normalDay
2022-05-05,3942.0,-2034.0,0.0,0,413.81,0.0,1,11.39,31.73,SPY220520P00445000,445.0,0,0.0,0.0,,0.0,normalDay
2022-05-06,3942.0,-2362.0,0.0,0,411.34,0.0,1,11.39,35.01,SPY220520P00445000,445.0,0,0.0,0.0,,0.0,normalDay
2022-05-09,3942.0,-3457.0,0.0,0,398.17,0.0,1,11.39,45.96,SPY220520P00445000,445.0,0,0.0,0.0,,0.0,normalDay
2022-05-10,3942.0,-3448.0,0.0,0,399.09,0.0,1,11.39,45.87,SPY220520P00445000,445.0,0,0.0,0.0,,0.0,normalDay
2022-05-11,3942.0,-4042.0,0.0,0,392.75,0.0,1,11.39,51.81,SPY220520P00445000,445.0,0,0.0,0.0,,0.0,normalDay
2022-05-12,3942.0,-4144.0,0.0,0,392.34,0.0,1,11.39,52.83,SPY220520P00445000,445.0,0,0.0,0.0,,0.0,normalDay
2022-05-13,3942.0,-3283.0,0.0,0,401.72,0.0,1,11.39,44.22,SPY220520P00445000,445.0,0,0.0,0.0,,0.0,normalDay
2022-05-16,3942.0,-3408.0,0.0,0,400.09,0.0,1,11.39,45.47,SPY220520P00445000,445.0,0,0.0,0.0,,0.0,normalDay
2022-05-17,3942.0,-2550.0,0.0,0,408.32,0.0,1,11.39,36.89,SPY220520P00445000,445.0,0,0.0,0.0,,0.0,normalDay
2022-05-18,3942.0,-4295.0,0.0,0,391.86,0.0,1,11.39,54.34,SPY220520P00445000,445.0,0,0.0,0.0,,0.0,normalDay
2022-05-19,3942.0,-4475.0,0.0,0,389.46,0.0,1,11.39,56.14,SPY220520P00445000,445.0,0,0.0,0.0,,0.0,normalDay
2022-05-20,5081.0,-5537.0,1139.0,100,389.63,445.0,1,11.39,0.0,SPY220520P00445000,445.0,0,0.0,0.0,,0.0,expirationDay
2022-05-23,5081.0,-4811.0,0.0,100,396.92,445.0,0,0.0,0.0,,0.0,1,0.01,0.04,SPY220525C00418000,418.0,normalDay
2022-05-24,5081.0,-5111.0,0.0,100,393.89,445.0,0,0.0,0.0,,0.0,1,0.01,0.01,SPY220525C00418000,418.0,normalDay
2022-05-25,5082.0,-4763.0,1.0,100,397.37,445.0,0,0.0,0.0,,0.0,1,0.01,0.0,SPY220525C00418000,418.0,expirationDay
2022-05-26,5082.0,-3972.0,0.0,100,405.31,445.0,0,0.0,0.0,,0.0,1,0.09,0.12,SPY220527C00413000,413.0,normalDay
2022-05-27,1891.0,-3972.0,-3191.0,0,415.26,0.0,0,0.0,0.0,,0.0,1,0.09,0.0,SPY220527C00413000,413.0,expirationDay
2022-05-31,1891.0,-7.0,0.0,0,412.93,0.0,1,9.14,9.21,SPY220930P00365000,365.0,0,0.0,0.0,,0.0,normalDay
2022-06-01,1891.0,-35.0,0.0,0,409.59,0.0,1,9.14,9.49,SPY220930P00365000,365.0,0,0.0,0.0,,0.0,normalDay
2022-06-02,1891.0,134.0,0.0,0,417.39,0.0,1,9.14,7.8,SPY220930P00365000,365.0,0,0.0,0.0,,0.0,normalDay
2022-06-03,1891.0,22.0,0.0,0,410.54,0.0,1,9.14,8.92,SPY220930P00365000,365.0,0,0.0,0.0,,0.0,normalDay
2022-06-06,1891.0,75.0,0.0,0,411.79,0.0,1,9.14,8.39,SPY220930P00365000,365.0,0,0.0,0.0,,0.0,normalDay
2022-06-07,1891.0,165.0,0.0,0,415.74,0.0,1,9.14,7.49,SPY220930P00365000,365.0,0,0.0,0.0,,0.0,normalDay
2022-06-08,1891.0,111.0,0.0,0,411.22,0.0,1,9.14,8.03,SPY220930P00365000,365.0,0,0.0,0.0,,0.0,normalDay
2022-06-09,1891.0,-108.0,0.0,0,401.44,0.0,1,9.14,10.22,SPY220930P00365000,365.0,0,0.0,0.0,,0.0,normalDay
2022-06-10,1891.0,-412.0,0.0,0,389.8,0.0,1,9.14,13.26,SPY220930P00365000,365.0,0,0.0,0.0,,0.0,normalDay
2022-06-13,1891.0,-1031.0,0.0,0,375.0,0.0,1,9.14,19.45,SPY220930P00365000,365.0,0,0.0,0.0,,0.0,normalDay
2022-06-14,1891.0,-984.0,0.0,0,373.87,0.0,1,9.14,18.98,SPY220930P00365000,365.0,0,0.0,0.0,,0.0,normalDay
2022-06-15,1891.0,-655.0,0.0,0,379.2,0.0,1,9.14,15.69,SPY220930P00365000,365.0,0,0.0,0.0,,0.0,normalDay
2022-06-16,1891.0,-1167.0,0.0,0,366.65,0.0,1,9.14,20.81,SPY220930P00365000,365.0,0,0.0,0.0,,0.0,normalDay
2022-06-17,1891.0,-1060.0,0.0,0,365.86,0.0,1,9.14,19.74,SPY220930P00365000,365.0,0,0.0,0.0,,0.0,normalDay
2022-06-21,1891.0,-690.0,0.0,0,375.07,0.0,1,9.14,16.04,SPY220930P00365000,365.0,0,0.0,0.0,,0.0,normalDay
2022-06-22,1891.0,-665.0,0.0,0,374.39,0.0,1,9.14,15.79,SPY220930P00365000,365.0,0,0.0,0.0,,0.0,normalDay
2022-06-23,1891.0,-590.0,0.0,0,378.06,0.0,1,9.14,15.04,SPY220930P00365000,365.0,0,0.0,0.0,,0.0,normalDay
2022-06-24,1891.0,-211.0,0.0,0,390.08,0.0,1,9.14,11.25,SPY220930P00365000,365.0,0,0.0,0.0,,0.0,normalDay
2022-06-27,1891.0,-156.0,0.0,0,388.59,0.0,1,9.14,10.7,SPY220930P00365000,365.0,0,0.0,0.0,,0.0,normalDay
2022-06-28,1891.0,-426.0,0.0,0,380.65,0.0,1,9.14,13.4,SPY220930P00365000,365.0,0,0.0,0.0,,0.0,normalDay
2022-06-29,1891.0,-401.0,0.0,0,380.34,0.0,1,9.14,13.15,SPY220930P00365000,365.0,0,0.0,0.0,,0.0,normalDay
2022-06-30,1891.0,-556.0,0.0,0,377.25,0.0,1,9.14,14.7,SPY220930P00365000,365.0,0,0.0,0.0,,0.0,normalDay
2022-07-01,1891.0,-371.0,0.0,0,381.24,0.0,1,9.14,12.85,SPY220930P00365000,365.0,0,0.0,0.0,,0.0,normalDay
2022-07-05,1891.0,-341.0,0.0,0,381.96,0.0,1,9.14,12.55,SPY220930P00365000,365.0,0,0.0,0.0,,0.0,normalDay
2022-07-06,1891.0,-255.0,0.0,0,383.25,0.0,1,9.14,11.69,SPY220930P00365000,365.0,0,0.0,0.0,,0.0,normalDay
2022-07-07,1891.0,-99.0,0.0,0,388.99,0.0,1,9.14,10.13,SPY220930P00365000,365.0,0,0.0,0.0,,0.0,normalDay
2022-07-08,1891.0,-51.0,0.0,0,388.67,0.0,1,9.14,9.65,SPY220930P00365000,365.0,0,0.0,0.0,,0.0,normalDay
2022-07-11,1891.0,-162.0,0.0,0,384.23,0.0,1,9.14,10.76,SPY220930P00365000,365.0,0,0.0,0.0,,0.0,normalDay
2022-07-12,1891.0,-280.0,0.0,0,380.83,0.0,1,9.14,11.94,SPY220930P00365000,365.0,0,0.0,0.0,,0.0,normalDay
2022-07-13,1891.0,-304.0,0.0,0,378.83,0.0,1,9.14,12.18,SPY220930P00365000,365.0,0,0.0,0.0,,0.0,normalDay
2022-07-14,1891.0,-298.0,0.0,0,377.91,0.0,1,9.14,12.12,SPY220930P00365000,365.0,0,0.0,0.0,,0.0,normalDay
2022-07-15,1891.0,-39.0,0.0,0,385.13,0.0,1,9.14,9.53,SPY220930P00365000,365.0,0,0.0,0.0,,0.0,normalDay
2022-07-18,1891.0,-122.0,0.0,0,381.95,0.0,1,9.14,10.36,SPY220930P00365000,365.0,0,0.0,0.0,,0.0,normalDay
2022-07-19,1891.0,145.0,0.0,0,392.27,0.0,1,9.14,7.69,SPY220930P00365000,365.0,0,0.0,0.0,,0.0,normalDay
2022-07-20,1891.0,222.0,0.0,0,394.77,0.0,1,9.14,6.92,SPY220930P00365000,365.0,0,0.0,0.0,,0.0,normalDay
2022-07-21,1891.0,319.0,0.0,0,398.79,0.0,1,9.14,5.95,SPY220930P00365000,365.0,0,0.0,0.0,,0.0,normalDay
2022-07-22,1891.0,264.0,0.0,0,395.09,0.0,1,9.14,6.5,SPY220930P00365000,365.0,0,0.0,0.0,,0.0,normalDay
2022-07-25,1891.0,319.0,0.0,0,395.57,0.0,1,9.14,5.95,SPY220930P00365000,365.0,0,0.0,0.0,,0.0,normalDay
2022-07-26,1891.0,214.0,0.0,0,390.89,0.0,1,9.14,7.0,SPY220930P00365000,365.0,0,0.0,0.0,,0.0,normalDay
2022-07-27,1891.0,410.0,0.0,0,401.04,0.0,1,9.14,5.04,SPY220930P00365000,365.0,0,0.0,0.0,,0.0,normalDay
2022-07-28,1891.0,538.0,0.0,0,406.07,0.0,1,9.14,3.76,SPY220930P00365000,365.0,0,0.0,0.0,,0.0,normalDay
2022-07-29,1891.0,605.0,0.0,0,411.99,0.0,1,9.14,3.09,SPY220930P00365000,365.0,0,0.0,0.0,,0.0,normalDay
2022-08-01,1891.0,569.0,0.0,0,410.77,0.0,1,9.14,3.45,SPY220930P00365000,365.0,0,0.0,0.0,,0.0,normalDay
2022-08-02,1891.0,503.0,0.0,0,408.06,0.0,1,9.14,4.11,SPY220930P00365000,365.0,0,0.0,0.0,,0.0,normalDay
2022-08-03,1891.0,627.0,0.0,0,414.45,0.0,1,9.14,2.87,SPY220930P00365000,365.0,0,0.0,0.0,,0.0,normalDay
2022-08-04,1891.0,639.0,0.0,0,414.17,0.0,1,9.14,2.75,SPY220930P00365000,365.0,0,0.0,0.0,,0.0,normalDay
2022-08-05,1891.0,641.0,0.0,0,413.47,0.0,1,9.14,2.73,SPY220930P00365000,365.0,0,0.0,0.0,,0.0,normalDay
2022-08-08,1891.0,651.0,0.0,0,412.99,0.0,1,9.14,2.63,SPY220930P00365000,365.0,0,0.0,0.0,,0.0,normalDay
2022-08-09,1891.0,640.0,0.0,0,411.35,0.0,1,9.14,2.74,SPY220930P00365000,365.0,0,0.0,0.0,,0.0,normalDay
2022-08-10,1891.0,739.0,0.0,0,419.99,0.0,1,9.14,1.75,SPY220930P00365000,365.0,0,0.0,0.0,,0.0,normalDay
2022-08-11,1891.0,743.0,0.0,0,419.99,0.0,1,9.14,1.71,SPY220930P00365000,365.0,0,0.0,0.0,,0.0,normalDay
2022-08-12,1891.0,786.0,0.0,0,427.1,0.0,1,9.14,1.28,SPY220930P00365000,365.0,0,0.0,0.0,,0.0,normalDay
2022-08-15,1891.0,806.0,0.0,0,428.86,0.0,1,9.14,1.08,SPY220930P00365000,365.0,0,0.0,0.0,,0.0,normalDay
2022-08-16,1891.0,814.0,0.0,0,429.7,0.0,1,9.14,1.0,SPY220930P00365000,365.0,0,0.0,0.0,,0.0,normalDay
2022-08-17,1891.0,807.0,0.0,0,426.65,0.0,1,9.14,1.07,SPY220930P00365000,365.0,0,0.0,0.0,,0.0,normalDay
2022-08-18,1891.0,823.0,0.0,0,427.89,0.0,1,9.14,0.91,SPY220930P00365000,365.0,0,0.0,0.0,,0.0,normalDay
2022-08-19,1891.0,795.0,0.0,0,422.14,0.0,1,9.14,1.19,SPY220930P00365000,365.0,0,0.0,0.0,,0.0,normalDay
2022-08-22,1891.0,728.0,0.0,0,413.35,0.0,1,9.14,1.86,SPY220930P00365000,365.0,0,0.0,0.0,,0.0,normalDay
2022-08-23,1891.0,725.0,0.0,0,412.35,0.0,1,9.14,1.89,SPY220930P00365000,365.0,0,0.0,0.0,,0.0,normalDay
2022-08-24,1891.0,764.0,0.0,0,413.67,0.0,1,9.14,1.5,SPY220930P00365000,365.0,0,0.0,0.0,,0.0,normalDay
2022-08-25,1891.0,810.0,0.0,0,419.51,0.0,1,9.14,1.04,SPY220930P00365000,365.0,0,0.0,0.0,,0.0,normalDay
2022-08-26,1891.0,674.0,0.0,0,405.31,0.0,1,9.14,2.4,SPY220930P00365000,365.0,0,0.0,0.0,,0.0,normalDay
2022-08-29,1891.0,668.0,0.0,0,402.63,0.0,1,9.14,2.46,SPY220930P00365000,365.0,0,0.0,0.0,,0.0,normalDay
2022-08-30,1891.0,632.0,0.0,0,398.21,0.0,1,9.14,2.82,SPY220930P00365000,365.0,0,0.0,0.0,,0.0,normalDay
2022-08-31,1891.0,619.0,0.0,0,395.18,0.0,1,9.14,2.95,SPY220930P00365000,365.0,0,0.0,0.0,,0.0,normalDay
2022-09-01,1891.0,654.0,0.0,0,396.42,0.0,1,9.14,2.6,SPY220930P00365000,365.0,0,0.0,0.0,,0.0,normalDay
2022-09-02,1891.0,619.0,0.0,0,392.24,0.0,1,9.14,2.95,SPY220930P00365000,365.0,0,0.0,0.0,,0.0,normalDay
2022-09-06,1891.0,602.0,0.0,0,390.76,0.0,1,9.14,3.12,SPY220930P00365000,365.0,0,0.0,0.0,,0.0,normalDay
2022-09-07,1891.0,740.0,0.0,0,397.78,0.0,1,9.14,1.74,SPY220930P00365000,365.0,0,0.0,0.0,,0.0,normalDay
2022-09-08,1891.0,795.0,0.0,0,400.38,0.0,1,9.14,1.19,SPY220930P00365000,365.0,0,0.0,0.0,,0.0,normalDay
2022-09-09,1891.0,839.0,0.0,0,406.6,0.0,1,9.14,0.75,SPY220930P00365000,365.0,0,0.0,0.0,,0.0,normalDay
2022-09-12,1891.0,861.0,0.0,0,410.97,0.0,1,9.14,0.53,SPY220930P00365000,365.0,0,0.0,0.0,,0.0,normalDay
2022-09-13,1891.0,736.0,0.0,0,393.1,0.0,1,9.14,1.78,SPY220930P00365000,365.0,0,0.0,0.0,,0.0,normalDay
2022-09-14,1891.0,770.0,0.0,0,394.6,0.0,1,9.14,1.44,SPY220930P00365000,365.0,0,0.0,0.0,,0.0,normalDay
2022-09-15,1891.0,759.0,0.0,0,390.12,0.0,1,9.14,1.55,SPY220930P00365000,365.0,0,0.0,0.0,,0.0,normalDay
2022-09-16,1891.0,734.0,0.0,0,385.56,0.0,1,9.14,1.8,SPY220930P00365000,365.0,0,0.0,0.0,,0.0,normalDay
2022-09-19,1891.0,802.0,0.0,0,388.55,0.0,1,9.14,1.12,SPY220930P00365000,365.0,0,0.0,0.0,,0.0,normalDay
2022-09-20,1891.0,733.0,0.0,0,384.09,0.0,1,9.14,1.81,SPY220930P00365000,365.0,0,0.0,0.0,,0.0,normalDay
2022-09-21,1891.0,640.0,0.0,0,377.39,0.0,1,9.14,2.74,SPY220930P00365000,365.0,0,0.0,0.0,,0.0,normalDay
2022-09-22,1891.0,662.0,0.0,0,374.22,0.0,1,9.14,2.52,SPY220930P00365000,365.0,0,0.0,0.0,,0.0,normalDay
2022-09-23,1891.0,431.0,0.0,0,367.95,0.0,1,9.14,4.83,SPY220930P00365000,365.0,0,0.0,0.0,,0.0,normalDay
2022-09-26,1891.0,277.0,0.0,0,364.31,0.0,1,9.14,6.37,SPY220930P00365000,365.0,0,0.0,0.0,,0.0,normalDay
2022-09-27,1891.0,339.0,0.0,0,363.38,0.0,1,9.14,5.75,SPY220930P00365000,365.0,0,0.0,0.0,,0.0,normalDay
2022-09-28,1891.0,721.0,0.0,0,370.53,0.0,1,9.14,1.93,SPY220930P00365000,365.0,0,0.0,0.0,,0.0,normalDay
2022-09-29,1891.0,498.0,0.0,0,362.79,0.0,1,9.14,4.16,SPY220930P00365000,365.0,0,0.0,0.0,,0.0,normalDay
2022-09-30,2805.0,-782.0,914.0,100,357.18,365.0,1,9.14,0.0,SPY220930P00365000,365.0,0,0.0,0.0,,0.0,expirationDay
2022-10-03,2805.0,161.0,0.0,100,366.61,365.0,0,0.0,0.0,,0.0,0,0.0,0.0,,0.0,bidTooLow
2022-10-04,2805.0,1294.0,0.0,100,377.97,365.0,0,0.0,0.0,,0.0,1,0.07,0.1,SPY221007C00398000,398.0,normalDay
2022-10-05,2805.0,1214.0,0.0,100,377.09,365.0,0,0.0,0.0,,0.0,1,0.07,0.02,SPY221007C00398000,398.0,normalDay
2022-10-06,2805.0,826.0,0.0,100,373.2,365.0,0,0.0,0.0,,0.0,1,0.07,0.01,SPY221007C00398000,398.0,normalDay
2022-10-07,2812.0,-221.0,7.0,100,362.79,365.0,0,0.0,0.0,,0.0,1,0.07,0.0,SPY221007C00398000,398.0,expirationDay
2022-10-10,2812.0,-498.0,0.0,100,360.02,365.0,0,0.0,0.0,,0.0,0,0.0,0.0,,0.0,bidTooLow
2022-10-11,2812.0,-729.0,0.0,100,357.74,365.0,0,0.0,0.0,,0.0,1,0.08,0.11,SPY221014C00384000,384.0,normalDay
2022-10-12,2812.0,-841.0,0.0,100,356.56,365.0,0,0.0,0.0,,0.0,1,0.08,0.05,SPY221014C00384000,384.0,normalDay
2022-10-13,2812.0,103.0,0.0,100,365.97,365.0,0,0.0,0.0,,0.0,1,0.08,0.02,SPY221014C00384000,384.0,normalDay
2022-10-14,2820.0,-737.0,8.0,100,357.63,365.0,0,0.0,0.0,,0.0,1,0.08,0.0,SPY221014C00384000,384.0,expirationDay
2022-10-17,2820.0,179.0,0.0,100,366.82,365.0,0,0.0,0.0,,0.0,1,0.81,0.84,SPY221019C00375000,375.0,normalDay
2022-10-18,2820.0,568.0,0.0,100,371.13,365.0,0,0.0,0.0,,0.0,1,0.81,1.26,SPY221019C00375000,375.0,normalDay
2022-10-19,2901.0,350.0,81.0,100,368.5,365.0,0,0.0,0.0,,0.0,1,0.81,0.0,SPY221019C00375000,375.0,expirationDay
2022-10-20,2901.0,38.0,0.0,100,365.41,365.0,0,0.0,0.0,,0.0,1,0.4,0.43,SPY221021C00372000,372.0,normalDay
2022-10-21,3641.0,38.0,740.0,0,374.29,0.0,0,0.0,0.0,,0.0,1,0.4,0.0,SPY221021C00372000,372.0,expirationDay
2022-10-24,3641.0,-5.0,0.0,0,378.87,0.0,1,9.18,9.23,SPY230217P00341000,341.0,0,0.0,0.0,,0.0,normalDay
2022-10-25,3641.0,117.0,0.0,0,384.92,0.0,1,9.18,8.01,SPY230217P00341000,341.0,0,0.0,0.0,,0.0,normalDay
2022-10-26,3641.0,151.0,0.0,0,382.02,0.0,1,9.18,7.67,SPY230217P00341000,341.0,0,0.0,0.0,,0.0,normalDay
2022-10-27,3641.0,51.0,0.0,0,379.98,0.0,1,9.18,8.67,SPY230217P00341000,341.0,0,0.0,0.0,,0.0,normalDay
2022-10-28,3641.0,303.0,0.0,0,389.02,0.0,1,9.18,6.15,SPY230217P00341000,341.0,0,0.0,0.0,,0.0,normalDay
2022-10-31,3641.0,286.0,0.0,0,386.21,0.0,1,9.18,6.32,SPY230217P00341000,341.0,0,0.0,0.0,,0.0,normalDay
2022-11-01,3641.0,280.0,0.0,0,384.52,0.0,1,9.18,6.38,SPY230217P00341000,341.0,0,0.0,0.0,,0.0,normalDay
2022-11-02,3641.0,105.0,0.0,0,374.87,0.0,1,9.18,8.13,SPY230217P00341000,341.0,0,0.0,0.0,,0.0,normalDay
2022-11-03,3641.0,72.0,0.0,0,371.01,0.0,1,9.18,8.46,SPY230217P00341000,341.0,0,0.0,0.0,,0.0,normalDay
2022-11-04,3641.0,192.0,0.0,0,376.35,0.0,1,9.18,7.26,SPY230217P00341000,341.0,0,0.0,0.0,,0.0,normalDay
2022-11-07,3641.0,287.0,0.0,0,379.95,0.0,1,9.18,6.31,SPY230217P00341000,341.0,0,0.0,0.0,,0.0,normalDay
2022-11-08,3641.0,275.0,0.0,0,382.0,0.0,1,9.18,6.43,SPY230217P00341000,341.0,0,0.0,0.0,,0.0,normalDay
2022-11-09,3641.0,146.0,0.0,0,374.13,0.0,1,9.18,7.72,SPY230217P00341000,341.0,0,0.0,0.0,,0.0,normalDay
2022-11-10,3641.0,485.0,0.0,0,394.69,0.0,1,9.18,4.33,SPY230217P00341000,341.0,0,0.0,0.0,,0.0,normalDay
2022-11-11,3641.0,521.0,0.0,0,398.51,0.0,1,9.18,3.97,SPY230217P00341000,341.0,0,0.0,0.0,,0.0,normalDay
2022-11-14,3641.0,505.0,0.0,0,395.12,0.0,1,9.18,4.13,SPY230217P00341000,341.0,0,0.0,0.0,,0.0,normalDay
2022-11-15,3641.0,517.0,0.0,0,398.49,0.0,1,9.18,4.01,SPY230217P00341000,341.0,0,0.0,0.0,,0.0,normalDay
2022-11-16,3641.0,517.0,0.0,0,395.45,0.0,1,9.18,4.01,SPY230217P00341000,341.0,0,0.0,0.0,,0.0,normalDay
2022-11-17,3641.0,526.0,0.0,0,394.24,0.0,1,9.18,3.92,SPY230217P00341000,341.0,0,0.0,0.0,,0.0,normalDay
2022-11-18,3641.0,560.0,0.0,0,396.03,0.0,1,9.18,3.58,SPY230217P00341000,341.0,0,0.0,0.0,,0.0,normalDay
2022-11-21,3641.0,585.0,0.0,0,394.59,0.0,1,9.18,3.33,SPY230217P00341000,341.0,0,0.0,0.0,,0.0,normalDay
2022-11-22,3641.0,652.0,0.0,0,399.9,0.0,1,9.18,2.66,SPY230217P00341000,341.0,0,0.0,0.0,,0.0,normalDay
2022-11-23,3641.0,675.0,0.0,0,402.42,0.0,1,9.18,2.43,SPY230217P00341000,341.0,0,0.0,0.0,,0.0,normalDay
2022-11-25,3641.0,667.0,0.0,0,402.33,0.0,1,9.18,2.51,SPY230217P00341000,341.0,0,0.0,0.0,,0.0,normalDay
2022-11-28,3641.0,616.0,0.0,0,395.91,0.0,1,9.18,3.02,SPY230217P00341000,341.0,0,0.0,0.0,,0.0,normalDay
2022-11-29,3641.0,632.0,0.0,0,395.23,0.0,1,9.18,2.86,SPY230217P00341000,341.0,0,0.0,0.0,,0.0,normalDay
2022-11-30,3641.0,734.0,0.0,0,407.68,0.0,1,9.18,1.84,SPY230217P00341000,341.0,0,0.0,0.0,,0.0,normalDay
2022-12-01,3641.0,741.0,0.0,0,407.38,0.0,1,9.18,1.77,SPY230217P00341000,341.0,0,0.0,0.0,,0.0,normalDay
2022-12-02,3641.0,752.0,0.0,0,406.91,0.0,1,9.18,1.66,SPY230217P00341000,341.0,0,0.0,0.0,,0.0,normalDay
2022-12-05,3641.0,712.0,0.0,0,399.59,0.0,1,9.18,2.06,SPY230217P00341000,341.0,0,0.0,0.0,,0.0,normalDay
2022-12-06,3641.0,660.0,0.0,0,393.83,0.0,1,9.18,2.58,SPY230217P00341000,341.0,0,0.0,0.0,,0.0,normalDay
2022-12-07,3641.0,651.0,0.0,0,393.16,0.0,1,9.18,2.67,SPY230217P00341000,341.0,0,0.0,0.0,,0.0,normalDay
2022-12-08,3641.0,687.0,0.0,0,396.24,0.0,1,9.18,2.31,SPY230217P00341000,341.0,0,0.0,0.0,,0.0,normalDay
2022-12-09,3641.0,664.0,0.0,0,393.28,0.0,1,9.18,2.54,SPY230217P00341000,341.0,0,0.0,0.0,,0.0,normalDay
2022-12-12,3641.0,698.0,0.0,0,398.95,0.0,1,9.18,2.2,SPY230217P00341000,341.0,0,0.0,0.0,,0.0,normalDay
2022-12-13,3641.0,756.0,0.0,0,401.97,0.0,1,9.18,1.62,SPY230217P00341000,341.0,0,0.0,0.0,,0.0,normalDay
2022-12-14,3641.0,771.0,0.0,0,399.4,0.0,1,9.18,1.47,SPY230217P00341000,341.0,0,0.0,0.0,,0.0,normalDay
2022-12-15,3641.0,691.0,0.0,0,389.63,0.0,1,9.18,2.27,SPY230217P00341000,341.0,0,0.0,0.0,,0.0,normalDay
2022-12-16,3641.0,661.0,0.0,0,383.27,0.0,1,9.18,2.57,SPY230217P00341000,341.0,0,0.0,0.0,,0.0,normalDay
2022-12-19,3641.0,655.0,0.0,0,380.02,0.0,1,9.18,2.63,SPY230217P00341000,341.0,0,0.0,0.0,,0.0,normalDay
2022-12-20,3641.0,686.0,0.0,0,380.54,0.0,1,9.18,2.32,SPY230217P00341000,341.0,0,0.0,0.0,,0.0,normalDay
2022-12-21,3641.0,757.0,0.0,0,386.23,0.0,1,9.18,1.61,SPY230217P00341000,341.0,0,0.0,0.0,,0.0,normalDay
2022-12-22,3641.0,683.0,0.0,0,380.72,0.0,1,9.18,2.35,SPY230217P00341000,341.0,0,0.0,0.0,,0.0,normalDay
2022-12-23,3641.0,723.0,0.0,0,382.91,0.0,1,9.18,1.95,SPY230217P00341000,341.0,0,0.0,0.0,,0.0,normalDay
2022-12-27,3641.0,730.0,0.0,0,381.4,0.0,1,9.18,1.88,SPY230217P00341000,341.0,0,0.0,0.0,,0.0,normalDay
2022-12-28,3641.0,690.0,0.0,0,376.66,0.0,1,9.18,2.28,SPY230217P00341000,341.0,0,0.0,0.0,,0.0,normalDay
2022-12-29,3641.0,763.0,0.0,0,383.44,0.0,1,9.18,1.55,SPY230217P00341000,341.0,0,0.0,0.0,,0.0,normalDay
2022-12-30,3641.0,759.0,0.0,0,382.43,0.0,1,9.18,1.59,SPY230217P00341000,341.0,0,0.0,0.0,,0.0,normalDay
2023-01-03,3641.0,756.0,0.0,0,380.82,0.0,1,9.18,1.62,SPY230217P00341000,341.0,0,0.0,0.0,,0.0,normalDay
2023-01-04,3641.0,803.0,0.0,0,383.76,0.0,1,9.18,1.15,SPY230217P00341000,341.0,0,0.0,0.0,,0.0,normalDay
2023-01-05,3641.0,771.0,0.0,0,379.38,0.0,1,9.18,1.47,SPY230217P00341000,341.0,0,0.0,0.0,,0.0,normalDay
2023-01-06,3641.0,833.0,0.0,0,388.08,0.0,1,9.18,0.85,SPY230217P00341000,341.0,0,0.0,0.0,,0.0,normalDay
2023-01-09,3641.0,830.0,0.0,0,387.86,0.0,1,9.18,0.88,SPY230217P00341000,341.0,0,0.0,0.0,,0.0,normalDay
2023-01-10,3641.0,855.0,0.0,0,390.58,0.0,1,9.18,0.63,SPY230217P00341000,341.0,0,0.0,0.0,,0.0,normalDay
2023-01-11,3641.0,864.0,0.0,0,395.52,0.0,1,9.18,0.54,SPY230217P00341000,341.0,0,0.0,0.0,,0.0,normalDay
2023-01-12,3641.0,880.0,0.0,0,396.96,0.0,1,9.18,0.38,SPY230217P00341000,341.0,0,0.0,0.0,,0.0,normalDay
2023-01-13,3641.0,881.0,0.0,0,398.5,0.0,1,9.18,0.37,SPY230217P00341000,341.0,0,0.0,0.0,,0.0,normalDay
2023-01-17,3641.0,884.0,0.0,0,397.77,0.0,1,9.18,0.34,SPY230217P00341000,341.0,0,0.0,0.0,,0.0,normalDay
2023-01-18,3641.0,875.0,0.0,0,391.49,0.0,1,9.18,0.43,SPY230217P00341000,341.0,0,0.0,0.0,,0.0,normalDay
2023-01-19,3641.0,871.0,0.0,0,388.64,0.0,1,9.18,0.47,SPY230217P00341000,341.0,0,0.0,0.0,,0.0,normalDay
2023-01-20,3641.0,884.0,0.0,0,395.88,0.0,1,9.18,0.34,SPY230217P00341000,341.0,0,0.0,0.0,,0.0,normalDay
2023-01-23,3641.0,892.0,0.0,0,400.63,0.0,1,9.18,0.26,SPY230217P00341000,341.0,0,0.0,0.0,,0.0,normalDay
2023-01-24,3641.0,896.0,0.0,0,400.2,0.0,1,9.18,0.22,SPY230217P00341000,341.0,0,0.0,0.0,,0.0,normalDay
2023-01-25,3641.0,898.0,0.0,0,400.35,0.0,1,9.18,0.2,SPY230217P00341000,341.0,0,0.0,0.0,,0.0,normalDay
2023-01-26,3641.0,902.0,0.0,0,404.75,0.0,1,9.18,0.16,SPY230217P00341000,341.0,0,0.0,0.0,,0.0,normalDay
2023-01-27,3641.0,904.0,0.0,0,405.68,0.0,1,9.18,0.14,SPY230217P00341000,341.0,0,0.0,0.0,,0.0,normalDay
2023-01-30,3641.0,904.0,0.0,0,400.59,0.0,1,9.18,0.14,SPY230217P00341000,341.0,0,0.0,0.0,,0.0,normalDay
2023-01-31,3641.0,906.0,0.0,0,406.48,0.0,1,9.18,0.12,SPY230217P00341000,341.0,0,0.0,0.0,,0.0,normalDay
2023-02-01,3641.0,910.0,0.0,0,410.8,0.0,1,9.18,0.08,SPY230217P00341000,341.0,0,0.0,0.0,,0.0,normalDay
2023-02-02,3641.0,909.0,0.0,0,416.78,0.0,1,9.18,0.09,SPY230217P00341000,341.0,0,0.0,0.0,,0.0,normalDay
2023-02-03,3641.0,912.0,0.0,0,412.35,0.0,1,9.18,0.06,SPY230217P00341000,341.0,0,0.0,0.0,,0.0,normalDay
2023-02-06,3641.0,913.0,0.0,0,409.83,0.0,1,9.18,0.05,SPY230217P00341000,341.0,0,0.0,0.0,,0.0,normalDay
2023-02-07,3641.0,914.0,0.0,0,415.19,0.0,1,9.18,0.04,SPY230217P00341000,341.0,0,0.0,0.0,,0.0,normalDay
2023-02-08,3641.0,914.0,0.0,0,410.65,0.0,1,9.18,0.04,SPY230217P00341000,341.0,0,0.0,0.0,,0.0,normalDay
2023-02-09,3641.0,913.0,0.0,0,407.09,0.0,1,9.18,0.05,SPY230217P00341000,341.0,0,0.0,0.0,,0.0,normalDay
2023-02-10,3641.0,915.0,0.0,0,408.04,0.0,1,9.18,0.03,SPY230217P00341000,341.0,0,0.0,0.0,,0.0,normalDay
2023-02-13,3641.0,915.0,0.0,0,412.83,0.0,1,9.18,0.03,SPY230217P00341000,341.0,0,0.0,0.0,,0.0,normalDay
2023-02-14,3641.0,917.0,0.0,0,412.64,0.0,1,9.18,0.01,SPY230217P00341000,341.0,0,0.0,0.0,,0.0,normalDay
2023-02-15,3641.0,917.0,0.0,0,413.98,0.0,1,9.18,0.01,SPY230217P00341000,341.0,0,0.0,0.0,,0.0,normalDay
2023-02-16,3641.0,917.0,0.0,0,408.28,0.0,1,9.18,0.01,SPY230217P00341000,341.0,0,0.0,0.0,,0.0,normalDay
2023-02-17,4559.0,0.0,918.0,0,407.26,0.0,1,9.18,0.0,SPY230217P00341000,341.0,0,0.0,0.0,,0.0,expirationDay
2023-02-21,4559.0,-8.0,0.0,0,399.09,0.0,1,13.49,13.57,SPY230630P00389000,389.0,0,0.0,0.0,,0.0,normalDay
2023-02-22,4559.0,9.0,0.0,0,398.54,0.0,1,13.49,13.4,SPY230630P00389000,389.0,0,0.0,0.0,,0.0,normalDay
2023-02-23,4559.0,115.0,0.0,0,400.66,0.0,1,13.49,12.34,SPY230630P00389000,389.0,0,0.0,0.0,,0.0,normalDay
2023-02-24,4559.0,-59.0,0.0,0,396.38,0.0,1,13.49,14.08,SPY230630P00389000,389.0,0,0.0,0.0,,0.0,normalDay
2023-02-27,4559.0,54.0,0.0,0,397.73,0.0,1,13.49,12.95,SPY230630P00389000,389.0,0,0.0,0.0,,0.0,normalDay
2023-02-28,4559.0,7.0,0.0,0,396.26,0.0,1,13.49,13.42,SPY230630P00389000,389.0,0,0.0,0.0,,0.0,normalDay
2023-03-01,4559.0,-29.0,0.0,0,394.74,0.0,1,13.49,13.78,SPY230630P00389000,389.0,0,0.0,0.0,,0.0,normalDay
2023-03-02,4559.0,108.0,0.0,0,397.81,0.0,1,13.49,12.41,SPY230630P00389000,389.0,0,0.0,0.0,,0.0,normalDay
2023-03-03,4559.0,339.0,0.0,0,404.19,0.0,1,13.49,10.1,SPY230630P00389000,389.0,0,0.0,0.0,,0.0,normalDay
2023-03-06,4559.0,371.0,0.0,0,404.47,0.0,1,13.49,9.78,SPY230630P00389000,389.0,0,0.0,0.0,,0.0,normalDay
2023-03-07,4559.0,180.0,0.0,0,398.27,0.0,1,13.49,11.69,SPY230630P00389000,389.0,0,0.0,0.0,,0.0,normalDay
2023-03-08,4559.0,231.0,0.0,0,398.92,0.0,1,13.49,11.18,SPY230630P00389000,389.0,0,0.0,0.0,,0.0,normalDay
2023-03-09,4559.0,-155.0,0.0,0,391.56,0.0,1,13.49,15.04,SPY230630P00389000,389.0,0,0.0,0.0,,0.0,normalDay
2023-03-10,4559.0,-440.0,0.0,0,385.91,0.0,1,13.49,17.89,SPY230630P00389000,389.0,0,0.0,0.0,,0.0,normalDay
2023-03-13,4559.0,-495.0,0.0,0,385.36,0.0,1,13.49,18.44,SPY230630P00389000,389.0,0,0.0,0.0,,0.0,normalDay
2023-03-14,4559.0,-172.0,0.0,0,391.73,0.0,1,13.49,15.21,SPY230630P00389000,389.0,0,0.0,0.0,,0.0,normalDay
2023-03-15,4559.0,-364.0,0.0,0,389.28,0.0,1,13.49,17.13,SPY230630P00389000,389.0,0,0.0,0.0,,0.0,normalDay
2023-03-16,4559.0,-3.0,0.0,0,396.11,0.0,1,13.49,13.52,SPY230630P00389000,389.0,0,0.0,0.0,,0.0,normalDay
2023-03-17,4559.0,-269.0,0.0,0,389.99,0.0,1,13.49,16.18,SPY230630P00389000,389.0,0,0.0,0.0,,0.0,normalDay
2023-03-20,4559.0,-85.0,0.0,0,393.74,0.0,1,13.49,14.34,SPY230630P00389000,389.0,0,0.0,0.0,,0.0,normalDay
2023-03-21,4559.0,197.0,0.0,0,398.91,0.0,1,13.49,11.52,SPY230630P00389000,389.0,0,0.0,0.0,,0.0,normalDay
2023-03-22,4559.0,-68.0,0.0,0,392.11,0.0,1,13.49,14.17,SPY230630P00389000,389.0,0,0.0,0.0,,0.0,normalDay
2023-03-23,4559.0,-54.0,0.0,0,393.17,0.0,1,13.49,14.03,SPY230630P00389000,389.0,0,0.0,0.0,,0.0,normalDay
2023-03-24,4559.0,75.0,0.0,0,395.75,0.0,1,13.49,12.74,SPY230630P00389000,389.0,0,0.0,0.0,,0.0,normalDay
2023-03-27,4559.0,186.0,0.0,0,396.49,0.0,1,13.49,11.63,SPY230630P00389000,389.0,0,0.0,0.0,,0.0,normalDay
2023-03-28,4559.0,198.0,0.0,0,395.6,0.0,1,13.49,11.51,SPY230630P00389000,389.0,0,0.0,0.0,,0.0,normalDay
2023-03-29,4559.0,394.0,0.0,0,401.35,0.0,1,13.49,9.55,SPY230630P00389000,389.0,0,0.0,0.0,,0.0,normalDay
2023-03-30,4559.0,463.0,0.0,0,403.7,0.0,1,13.49,8.86,SPY230630P00389000,389.0,0,0.0,0.0,,0.0,normalDay
2023-03-31,4559.0,596.0,0.0,0,409.39,0.0,1,13.49,7.53,SPY230630P00389000,389.0,0,0.0,0.0,,0.0,normalDay
2023-04-03,4559.0,673.0,0.0,0,410.95,0.0,1,13.49,6.76,SPY230630P00389000,389.0,0,0.0,0.0,,0.0,normalDay
2023-04-04,4559.0,611.0,0.0,0,408.67,0.0,1,13.49,7.38,SPY230630P00389000,389.0,0,0.0,0.0,,0.0,normalDay
2023-04-05,4559.0,578.0,0.0,0,407.6,0.0,1,13.49,7.71,SPY230630P00389000,389.0,0,0.0,0.0,,0.0,normalDay
2023-04-06,4559.0,637.0,0.0,0,409.19,0.0,1,13.49,7.12,SPY230630P00389000,389.0,0,0.0,0.0,,0.0,normalDay
2023-04-10,4559.0,681.0,0.0,0,409.61,0.0,1,13.49,6.68,SPY230630P00389000,389.0,0,0.0,0.0,,0.0,normalDay
2023-04-11,4559.0,693.0,0.0,0,409.72,0.0,1,13.49,6.56,SPY230630P00389000,389.0,0,0.0,0.0,,0.0,normalDay
2023-04-12,4559.0,660.0,0.0,0,408.05,0.0,1,13.49,6.89,SPY230630P00389000,389.0,0,0.0,0.0,,0.0,normalDay
2023-04-13,4559.0,810.0,0.0,0,413.47,0.0,1,13.49,5.39,SPY230630P00389000,389.0,0,0.0,0.0,,0.0,normalDay
2023-04-14,4559.0,825.0,0.0,0,412.46,0.0,1,13.49,5.24,SPY230630P00389000,389.0,0,0.0,0.0,,0.0,normalDay
2023-04-17,4559.0,890.0,0.0,0,413.94,0.0,1,13.49,4.59,SPY230630P00389000,389.0,0,0.0,0.0,,0.0,normalDay
2023-04-18,4559.0,892.0,0.0,0,414.21,0.0,1,13.49,4.57,SPY230630P00389000,389.0,0,0.0,0.0,,0.0,normalDay
2023-04-19,4559.0,896.0,0.0,0,414.14,0.0,1,13.49,4.53,SPY230630P00389000,389.0,0,0.0,0.0,,0.0,normalDay
2023-04-20,4559.0,847.0,0.0,0,411.88,0.0,1,13.49,5.02,SPY230630P00389000,389.0,0,0.0,0.0,,0.0,normalDay
2023-04-21,4559.0,861.0,0.0,0,412.2,0.0,1,13.49,4.88,SPY230630P00389000,389.0,0,0.0,0.0,,0.0,normalDay
2023-04-24,4559.0,884.0,0.0,0,412.63,0.0,1,13.49,4.65,SPY230630P00389000,389.0,0,0.0,0.0,,0.0,normalDay
2023-04-25,4559.0,724.0,0.0,0,406.08,0.0,1,13.49,6.25,SPY230630P00389000,389.0,0,0.0,0.0,,0.0,normalDay
2023-04-26,4559.0,675.0,0.0,0,404.36,0.0,1,13.49,6.74,SPY230630P00389000,389.0,0,0.0,0.0,,0.0,normalDay
2023-04-27,4559.0,915.0,0.0,0,412.41,0.0,1,13.49,4.34,SPY230630P00389000,389.0,0,0.0,0.0,,0.0,normalDay
2023-04-28,4559.0,993.0,0.0,0,415.93,0.0,1,13.49,3.56,SPY230630P00389000,389.0,0,0.0,0.0,,0.0,normalDay
2023-05-01,4559.0,999.0,0.0,0,415.51,0.0,1,13.49,3.5,SPY230630P00389000,389.0,0,0.0,0.0,,0.0,normalDay
2023-05-02,4559.0,880.0,0.0,0,410.84,0.0,1,13.49,4.69,SPY230630P00389000,389.0,0,0.0,0.0,,0.0,normalDay
2023-05-03,4559.0,825.0,0.0,0,408.02,0.0,1,13.49,5.24,SPY230630P00389000,389.0,0,0.0,0.0,,0.0,normalDay
2023-05-04,4559.0,691.0,0.0,0,405.13,0.0,1,13.49,6.58,SPY230630P00389000,389.0,0,0.0,0.0,,0.0,normalDay
2023-05-05,4559.0,928.0,0.0,0,412.63,0.0,1,13.49,4.21,SPY230630P00389000,389.0,0,0.0,0.0,,0.0,normalDay
2023-05-08,4559.0,960.0,0.0,0,412.74,0.0,1,13.49,3.89,SPY230630P00389000,389.0,0,0.0,0.0,,0.0,normalDay
2023-05-09,4559.0,925.0,0.0,0,410.93,0.0,1,13.49,4.24,SPY230630P00389000,389.0,0,0.0,0.0,,0.0,normalDay
2023-05-10,4559.0,988.0,0.0,0,412.85,0.0,1,13.49,3.61,SPY230630P00389000,389.0,0,0.0,0.0,,0.0,normalDay
2023-05-11,4559.0,985.0,0.0,0,412.13,0.0,1,13.49,3.64,SPY230630P00389000,389.0,0,0.0,0.0,,0.0,normalDay
2023-05-12,4559.0,985.0,0.0,0,411.59,0.0,1,13.49,3.64,SPY230630P00389000,389.0,0,0.0,0.0,,0.0,normalDay
2023-05-15,4559.0,1041.0,0.0,0,413.01,0.0,1,13.49,3.08,SPY230630P00389000,389.0,0,0.0,0.0,,0.0,normalDay
2023-05-16,4559.0,989.0,0.0,0,410.25,0.0,1,13.49,3.6,SPY230630P00389000,389.0,0,0.0,0.0,,0.0,normalDay
2023-05-17,4559.0,1092.0,0.0,0,415.23,0.0,1,13.49,2.57,SPY230630P00389000,389.0,0,0.0,0.0,,0.0,normalDay
2023-05-18,4559.0,1159.0,0.0,0,419.23,0.0,1,13.49,1.9,SPY230630P00389000,389.0,0,0.0,0.0,,0.0,normalDay
2023-05-19,4559.0,1136.0,0.0,0,418.62,0.0,1,13.49,2.13,SPY230630P00389000,389.0,0,0.0,0.0,,0.0,normalDay
2023-05-22,4559.0,1143.0,0.0,0,418.79,0.0,1,13.49,2.06,SPY230630P00389000,389.0,0,0.0,0.0,,0.0,normalDay
2023-05-23,4559.0,1074.0,0.0,0,414.09,0.0,1,13.49,2.75,SPY230630P00389000,389.0,0,0.0,0.0,,0.0,normalDay
2023-05-24,4559.0,1010.0,0.0,0,411.09,0.0,1,13.49,3.39,SPY230630P00389000,389.0,0,0.0,0.0,,0.0,normalDay
2023-05-25,4559.0,1085.0,0.0,0,414.65,0.0,1,13.49,2.64,SPY230630P00389000,389.0,0,0.0,0.0,,0.0,normalDay
2023-05-26,4559.0,1166.0,0.0,0,420.02,0.0,1,13.49,1.83,SPY230630P00389000,389.0,0,0.0,0.0,,0.0,normalDay
2023-05-30,4559.0,1206.0,0.0,0,420.18,0.0,1,13.49,1.43,SPY230630P00389000,389.0,0,0.0,0.0,,0.0,normalDay
2023-05-31,4559.0,1196.0,0.0,0,417.85,0.0,1,13.49,1.53,SPY230630P00389000,389.0,0,0.0,0.0,,0.0,normalDay
2023-06-01,4559.0,1256.0,0.0,0,421.82,0.0,1,13.49,0.93,SPY230630P00389000,389.0,0,0.0,0.0,,0.0,normalDay
2023-06-02,4559.0,1294.0,0.0,0,427.92,0.0,1,13.49,0.55,SPY230630P00389000,389.0,0,0.0,0.0,,0.0,normalDay
2023-06-05,4559.0,1299.0,0.0,0,427.1,0.0,1,13.49,0.5,SPY230630P00389000,389.0,0,0.0,0.0,,0.0,normalDay
2023-06-06,4559.0,1309.0,0.0,0,428.03,0.0,1,13.49,0.4,SPY230630P00389000,389.0,0,0.0,0.0,,0.0,normalDay
2023-06-07,4559.0,1308.0,0.0,0,426.55,0.0,1,13.49,0.41,SPY230630P00389000,389.0,0,0.0,0.0,,0.0,normalDay
2023-06-08,4559.0,1316.0,0.0,0,429.13,0.0,1,13.49,0.33,SPY230630P00389000,389.0,0,0.0,0.0,,0.0,normalDay
2023-06-09,4559.0,1319.0,0.0,0,429.9,0.0,1,13.49,0.3,SPY230630P00389000,389.0,0,0.0,0.0,,0.0,normalDay
2023-06-12,4559.0,1324.0,0.0,0,433.8,0.0,1,13.49,0.25,SPY230630P00389000,389.0,0,0.0,0.0,,0.0,normalDay
2023-06-13,4559.0,1327.0,0.0,0,436.66,0.0,1,13.49,0.22,SPY230630P00389000,389.0,0,0.0,0.0,,0.0,normalDay
2023-06-14,4559.0,1332.0,0.0,0,437.18,0.0,1,13.49,0.17,SPY230630P00389000,389.0,0,0.0,0.0,,0.0,normalDay
2023-06-15,4559.0,1334.0,0.0,0,442.6,0.0,1,13.49,0.15,SPY230630P00389000,389.0,0,0.0,0.0,,0.0,normalDay
2023-06-16,4559.0,1340.0,0.0,0,439.46,0.0,1,13.49,0.09,SPY230630P00389000,389.0,0,0.0,0.0,,0.0,normalDay
2023-06-20,4559.0,1343.0,0.0,0,437.18,0.0,1,13.49,0.06,SPY230630P00389000,389.0,0,0.0,0.0,,0.0,normalDay
2023-06-21,4559.0,1344.0,0.0,0,434.94,0.0,1,13.49,0.05,SPY230630P00389000,389.0,0,0.0,0.0,,0.0,normalDay
2023-06-22,4559.0,1345.0,0.0,0,436.51,0.0,1,13.49,0.04,SPY230630P00389000,389.0,0,0.0,0.0,,0.0,normalDay
2023-06-23,4559.0,1345.0,0.0,0,433.21,0.0,1,13.49,0.04,SPY230630P00389000,389.0,0,0.0,0.0,,0.0,normalDay
2023-06-26,4559.0,1345.0,0.0,0,431.44,0.0,1,13.49,0.04,SPY230630P00389000,389.0,0,0.0,0.0,,0.0,normalDay
2023-06-27,4559.0,1346.0,0.0,0,436.17,0.0,1,13.49,0.03,SPY230630P00389000,389.0,0,0.0,0.0,,0.0,normalDay
2023-06-28,4559.0,1347.0,0.0,0,436.39,0.0,1,13.49,0.02,SPY230630P00389000,389.0,0,0.0,0.0,,0.0,normalDay
2023-06-29,4559.0,1348.0,0.0,0,438.11,0.0,1,13.49,0.01,SPY230630P00389000,389.0,0,0.0,0.0,,0.0,normalDay
2023-06-30,5908.0,0.0,1349.0,0,443.28,0.0,1,13.49,0.0,SPY230630P00389000,389.0,0,0.0,0.0,,0.0,expirationDay
2023-07-03,5908.0,-19.0,0.0,0,443.79,0.0,1,5.83,6.02,SPY231117P00416000,416.0,0,0.0,0.0,,0.0,normalDay
2023-07-05,5908.0,-40.0,0.0,0,443.13,0.0,1,5.83,6.23,SPY231117P00416000,416.0,0,0.0,0.0,,0.0,normalDay
2023-07-06,5908.0,-135.0,0.0,0,439.66,0.0,1,5.83,7.18,SPY231117P00416000,416.0,0,0.0,0.0,,0.0,normalDay
2023-07-07,5908.0,-132.0,0.0,0,438.55,0.0,1,5.83,7.15,SPY231117P00416000,416.0,0,0.0,0.0,,0.0,normalDay
2023-07-10,5908.0,-104.0,0.0,0,439.66,0.0,1,5.83,6.87,SPY231117P00416000,416.0,0,0.0,0.0,,0.0,normalDay
2023-07-11,5908.0,-40.0,0.0,0,442.46,0.0,1,5.83,6.23,SPY231117P00416000,416.0,0,0.0,0.0,,0.0,normalDay
2023-07-12,5908.0,60.0,0.0,0,446.02,0.0,1,5.83,5.23,SPY231117P00416000,416.0,0,0.0,0.0,,0.0,normalDay
2023-07-13,5908.0,100.0,0.0,0,449.56,0.0,1,5.83,4.83,SPY231117P00416000,416.0,0,0.0,0.0,,0.0,normalDay
2023-07-14,5908.0,98.0,0.0,0,449.28,0.0,1,5.83,4.85,SPY231117P00416000,416.0,0,0.0,0.0,,0.0,normalDay
2023-07-17,5908.0,117.0,0.0,0,450.84,0.0,1,5.83,4.66,SPY231117P00416000,416.0,0,0.0,0.0,,0.0,normalDay
2023-07-18,5908.0,165.0,0.0,0,454.19,0.0,1,5.83,4.18,SPY231117P00416000,416.0,0,0.0,0.0,,0.0,normalDay
2023-07-19,5908.0,158.0,0.0,0,455.2,0.0,1,5.83,4.25,SPY231117P00416000,416.0,0,0.0,0.0,,0.0,normalDay
2023-07-20,5908.0,133.0,0.0,0,452.18,0.0,1,5.83,4.5,SPY231117P00416000,416.0,0,0.0,0.0,,0.0,normalDay
2023-07-21,5908.0,148.0,0.0,0,452.18,0.0,1,5.83,4.35,SPY231117P00416000,416.0,0,0.0,0.0,,0.0,normalDay
2023-07-24,5908.0,184.0,0.0,0,454.2,0.0,1,5.83,3.99,SPY231117P00416000,416.0,0,0.0,0.0,,0.0,normalDay
2023-07-25,5908.0,195.0,0.0,0,455.44,0.0,1,5.83,3.88,SPY231117P00416000,416.0,0,0.0,0.0,,0.0,normalDay
2023-07-26,5908.0,215.0,0.0,0,455.51,0.0,1,5.83,3.68,SPY231117P00416000,416.0,0,0.0,0.0,,0.0,normalDay
2023-07-27,5908.0,154.0,0.0,0,452.49,0.0,1,5.83,4.29,SPY231117P00416000,416.0,0,0.0,0.0,,0.0,normalDay
2023-07-28,5908.0,220.0,0.0,0,456.92,0.0,1,5.83,3.63,SPY231117P00416000,416.0,0,0.0,0.0,,0.0,normalDay
2023-07-31,5908.0,234.0,0.0,0,457.79,0.0,1,5.83,3.49,SPY231117P00416000,416.0,0,0.0,0.0,,0.0,normalDay
2023-08-01,5908.0,214.0,0.0,0,456.48,0.0,1,5.83,3.69,SPY231117P00416000,416.0,0,0.0,0.0,,0.0,normalDay
2023-08-02,5908.0,88.0,0.0,0,450.13,0.0,1,5.83,4.95,SPY231117P00416000,416.0,0,0.0,0.0,,0.0,normalDay
2023-08-03,5908.0,95.0,0.0,0,448.84,0.0,1,5.83,4.88,SPY231117P00416000,416.0,0,0.0,0.0,,0.0,normalDay
2023-08-04,5908.0,21.0,0.0,0,446.81,0.0,1,5.83,5.62,SPY231117P00416000,416.0,0,0.0,0.0,,0.0,normalDay
2023-08-07,5908.0,130.0,0.0,0,450.71,0.0,1,5.83,4.53,SPY231117P00416000,416.0,0,0.0,0.0,,0.0,normalDay
2023-08-08,5908.0,90.0,0.0,0,448.75,0.0,1,5.83,4.93,SPY231117P00416000,416.0,0,0.0,0.0,,0.0,normalDay
2023-08-09,5908.0,69.0,0.0,0,445.75,0.0,1,5.83,5.14,SPY231117P00416000,416.0,0,0.0,0.0,,0.0,normalDay
2023-08-10,5908.0,64.0,0.0,0,445.91,0.0,1,5.83,5.19,SPY231117P00416000,416.0,0,0.0,0.0,,0.0,normalDay
2023-08-11,5908.0,94.0,0.0,0,445.65,0.0,1,5.83,4.89,SPY231117P00416000,416.0,0,0.0,0.0,,0.0,normalDay
2023-08-14,5908.0,150.0,0.0,0,448.11,0.0,1,5.83,4.33,SPY231117P00416000,416.0,0,0.0,0.0,,0.0,normalDay
2023-08-15,5908.0,37.0,0.0,0,442.89,0.0,1,5.83,5.46,SPY231117P00416000,416.0,0,0.0,0.0,,0.0,normalDay
2023-08-16,5908.0,-25.0,0.0,0,439.64,0.0,1,5.83,6.08,SPY231117P00416000,416.0,0,0.0,0.0,,0.0,normalDay
2023-08-17,5908.0,-122.0,0.0,0,436.29,0.0,1,5.83,7.05,SPY231117P00416000,416.0,0,0.0,0.0,,0.0,normalDay
2023-08-18,5908.0,-75.0,0.0,0,436.5,0.0,1,5.83,6.58,SPY231117P00416000,416.0,0,0.0,0.0,,0.0,normalDay
2023-08-21,5908.0,0.0,0.0,0,439.34,0.0,1,5.83,5.83,SPY231117P00416000,416.0,0,0.0,0.0,,0.0,normalDay
2023-08-22,5908.0,1.0,0.0,0,438.15,0.0,1,5.83,5.82,SPY231117P00416000,416.0,0,0.0,0.0,,0.0,normalDay
2023-08-23,5908.0,109.0,0.0,0,443.03,0.0,1,5.83,4.74,SPY231117P00416000,416.0,0,0.0,0.0,,0.0,normalDay
2023-08-24,5908.0,-24.0,0.0,0,436.89,0.0,1,5.83,6.07,SPY231117P00416000,416.0,0,0.0,0.0,,0.0,normalDay
2023-08-25,5908.0,82.0,0.0,0,439.97,0.0,1,5.83,5.01,SPY231117P00416000,416.0,0,0.0,0.0,,0.0,normalDay
2023-08-28,5908.0,165.0,0.0,0,442.76,0.0,1,5.83,4.18,SPY231117P00416000,416.0,0,0.0,0.0,,0.0,normalDay
2023-08-29,5908.0,266.0,0.0,0,449.16,0.0,1,5.83,3.17,SPY231117P00416000,416.0,0,0.0,0.0,,0.0,normalDay
2023-08-30,5908.0,308.0,0.0,0,451.01,0.0,1,5.83,2.75,SPY231117P00416000,416.0,0,0.0,0.0,,0.0,normalDay
2023-08-31,5908.0,321.0,0.0,0,450.35,0.0,1,5.83,2.62,SPY231117P00416000,416.0,0,0.0,0.0,,0.0,normalDay
2023-09-01,5908.0,333.0,0.0,0,451.19,0.0,1,5.83,2.5,SPY231117P00416000,416.0,0,0.0,0.0,,0.0,normalDay
2023-09-05,5908.0,316.0,0.0,0,449.24,0.0,1,5.83,2.67,SPY231117P00416000,416.0,0,0.0,0.0,,0.0,normalDay
2023-09-06,5908.0,273.0,0.0,0,446.22,0.0,1,5.83,3.1,SPY231117P00416000,416.0,0,0.0,0.0,,0.0,normalDay
2023-09-07,5908.0,266.0,0.0,0,444.85,0.0,1,5.83,3.17,SPY231117P00416000,416.0,0,0.0,0.0,,0.0,normalDay
2023-09-08,5908.0,304.0,0.0,0,445.52,0.0,1,5.83,2.79,SPY231117P00416000,416.0,0,0.0,0.0,,0.0,normalDay
2023-09-11,5908.0,351.0,0.0,0,448.45,0.0,1,5.83,2.32,SPY231117P00416000,416.0,0,0.0,0.0,,0.0,normalDay
2023-09-12,5908.0,327.0,0.0,0,445.99,0.0,1,5.83,2.56,SPY231117P00416000,416.0,0,0.0,0.0,,0.0,normalDay
2023-09-13,5908.0,353.0,0.0,0,446.51,0.0,1,5.83,2.3,SPY231117P00416000,416.0,0,0.0,0.0,,0.0,normalDay
2023-09-14,5908.0,405.0,0.0,0,450.36,0.0,1,5.83,1.78,SPY231117P00416000,416.0,0,0.0,0.0,,0.0,normalDay
2023-09-15,5908.0,341.0,0.0,0,443.37,0.0,1,5.83,2.42,SPY231117P00416000,416.0,0,0.0,0.0,,0.0,normalDay
2023-09-18,5908.0,353.0,0.0,0,443.63,0.0,1,5.83,2.3,SPY231117P00416000,416.0,0,0.0,0.0,,0.0,normalDay
2023-09-19,5908.0,352.0,0.0,0,442.71,0.0,1,5.83,2.31,SPY231117P00416000,416.0,0,0.0,0.0,,0.0,normalDay
2023-09-20,5908.0,284.0,0.0,0,438.64,0.0,1,5.83,2.99,SPY231117P00416000,416.0,0,0.0,0.0,,0.0,normalDay
2023-09-21,5908.0,111.0,0.0,0,431.39,0.0,1,5.83,4.72,SPY231117P00416000,416.0,0,0.0,0.0,,0.0,normalDay
2023-09-22,5908.0,103.0,0.0,0,430.42,0.0,1,5.83,4.8,SPY231117P00416000,416.0,0,0.0,0.0,,0.0,normalDay
2023-09-25,5908.0,157.0,0.0,0,432.23,0.0,1,5.83,4.26,SPY231117P00416000,416.0,0,0.0,0.0,,0.0,normalDay
2023-09-26,5908.0,-37.0,0.0,0,425.88,0.0,1,5.83,6.2,SPY231117P00416000,416.0,0,0.0,0.0,,0.0,normalDay
2023-09-27,5908.0,7.0,0.0,0,426.05,0.0,1,5.83,5.76,SPY231117P00416000,416.0,0,0.0,0.0,,0.0,normalDay
2023-09-28,5908.0,91.0,0.0,0,428.52,0.0,1,5.83,4.92,SPY231117P00416000,416.0,0,0.0,0.0,,0.0,normalDay
2023-09-29,5908.0,71.0,0.0,0,427.48,0.0,1,5.83,5.12,SPY231117P00416000,416.0,0,0.0,0.0,,0.0,normalDay
2023-10-02,5908.0,91.0,0.0,0,427.31,0.0,1,5.83,4.92,SPY231117P00416000,416.0,0,0.0,0.0,,0.0,normalDay
2023-10-03,5908.0,-124.0,0.0,0,421.59,0.0,1,5.83,7.07,SPY231117P00416000,416.0,0,0.0,0.0,,0.0,normalDay
2023-10-04,5908.0,-2.0,0.0,0,424.66,0.0,1,5.83,5.85,SPY231117P00416000,416.0,0,0.0,0.0,,0.0,normalDay
2023-10-05,5908.0,1.0,0.0,0,424.5,0.0,1,5.83,5.82,SPY231117P00416000,416.0,0,0.0,0.0,,0.0,normalDay
2023-10-06,5908.0,180.0,0.0,0,429.54,0.0,1,5.83,4.03,SPY231117P00416000,416.0,0,0.0,0.0,,0.0,normalDay
2023-10-09,5908.0,244.0,0.0,0,432.29,0.0,1,5.83,3.39,SPY231117P00416000,416.0,0,0.0,0.0,,0.0,normalDay
2023-10-10,5908.0,302.0,0.0,0,434.54,0.0,1,5.83,2.81,SPY231117P00416000,416.0,0,0.0,0.0,,0.0,normalDay
2023-10-11,5908.0,360.0,0.0,0,436.32,0.0,1,5.83,2.23,SPY231117P00416000,416.0,0,0.0,0.0,,0.0,normalDay
2023-10-12,5908.0,315.0,0.0,0,433.66,0.0,1,5.83,2.68,SPY231117P00416000,416.0,0,0.0,0.0,,0.0,normalDay
2023-10-13,5908.0,202.0,0.0,0,431.5,0.0,1,5.83,3.81,SPY231117P00416000,416.0,0,0.0,0.0,,0.0,normalDay
2023-10-16,5908.0,354.0,0.0,0,436.04,0.0,1,5.83,2.29,SPY231117P00416000,416.0,0,0.0,0.0,,0.0,normalDay
2023-10-17,5908.0,340.0,0.0,0,436.02,0.0,1,5.83,2.43,SPY231117P00416000,416.0,0,0.0,0.0,,0.0,normalDay
2023-10-18,5908.0,230.0,0.0,0,430.21,0.0,1,5.83,3.53,SPY231117P00416000,416.0,0,0.0,0.0,,0.0,normalDay
2023-10-19,5908.0,68.0,0.0,0,426.43,0.0,1,5.83,5.15,SPY231117P00416000,416.0,0,0.0,0.0,,0.0,normalDay
2023-10-20,5908.0,-38.0,0.0,0,421.19,0.0,1,5.83,6.21,SPY231117P00416000,416.0,0,0.0,0.0,,0.0,normalDay
2023-10-23,5908.0,28.0,0.0,0,420.46,0.0,1,5.83,5.55,SPY231117P00416000,416.0,0,0.0,0.0,,0.0,normalDay
2023-10-24,5908.0,161.0,0.0,0,423.63,0.0,1,5.83,4.22,SPY231117P00416000,416.0,0,0.0,0.0,,0.0,normalDay
2023-10-25,5908.0,-64.0,0.0,0,417.55,0.0,1,5.83,6.47,SPY231117P00416000,416.0,0,0.0,0.0,,0.0,normalDay
2023-10-26,5908.0,-273.0,0.0,0,412.55,0.0,1,5.83,8.56,SPY231117P00416000,416.0,0,0.0,0.0,,0.0,normalDay
2023-10-27,5908.0,-384.0,0.0,0,410.68,0.0,1,5.83,9.67,SPY231117P00416000,416.0,0,0.0,0.0,,0.0,normalDay
2023-10-30,5908.0,-73.0,0.0,0,415.59,0.0,1,5.83,6.56,SPY231117P00416000,416.0,0,0.0,0.0,,0.0,normalDay
2023-10-31,5908.0,87.0,0.0,0,418.2,0.0,1,5.83,4.96,SPY231117P00416000,416.0,0,0.0,0.0,,0.0,normalDay
2023-11-01,5908.0,295.0,0.0,0,422.66,0.0,1,5.83,2.88,SPY231117P00416000,416.0,0,0.0,0.0,,0.0,normalDay
2023-11-02,5908.0,469.0,0.0,0,430.76,0.0,1,5.83,1.14,SPY231117P00416000,416.0,0,0.0,0.0,,0.0,normalDay
2023-11-03,5908.0,525.0,0.0,0,434.69,0.0,1,5.83,0.58,SPY231117P00416000,416.0,0,0.0,0.0,,0.0,normalDay
2023-11-06,5908.0,542.0,0.0,0,435.69,0.0,1,5.83,0.41,SPY231117P00416000,416.0,0,0.0,0.0,,0.0,normalDay
2023-11-07,5908.0,553.0,0.0,0,436.93,0.0,1,5.83,0.3,SPY231117P00416000,416.0,0,0.0,0.0,,0.0,normalDay
2023-11-08,5908.0,560.0,0.0,0,437.25,0.0,1,5.83,0.23,SPY231117P00416000,416.0,0,0.0,0.0,,0.0,normalDay
2023-11-09,5908.0,555.0,0.0,0,433.84,0.0,1,5.83,0.28,SPY231117P00416000,416.0,0,0.0,0.0,,0.0,normalDay
2023-11-10,5908.0,572.0,0.0,0,440.61,0.0,1,5.83,0.11,SPY231117P00416000,416.0,0,0.0,0.0,,0.0,normalDay
2023-11-13,5908.0,576.0,0.0,0,440.19,0.0,1,5.83,0.07,SPY231117P00416000,416.0,0,0.0,0.0,,0.0,normalDay
2023-11-14,5908.0,577.0,0.0,0,448.73,0.0,1,5.83,0.06,SPY231117P00416000,416.0,0,0.0,0.0,,0.0,normalDay
2023-11-15,5908.0,580.0,0.0,0,449.68,0.0,1,5.83,0.03,SPY231117P00416000,416.0,0,0.0,0.0,,0.0,normalDay
2023-11-16,5908.0,581.0,0.0,0,450.23,0.0,1,5.83,0.02,SPY231117P00416000,416.0,0,0.0,0.0,,0.0,normalDay
2023-11-17,6491.0,0.0,583.0,0,450.79,0.0,1,5.83,0.0,SPY231117P00416000,416.0,0,0.0,0.0,,0.0,expirationDay
2023-11-20,6491.0,-7.0,0.0,0,454.26,0.0,1,2.06,2.13,SPY240328P00385000,385.0,0,0.0,0.0,,0.0,normalDay
2023-11-21,6491.0,-2.0,0.0,0,453.27,0.0,1,2.06,2.08,SPY240328P00385000,385.0,0,0.0,0.0,,0.0,normalDay
2023-11-22,6491.0,5.0,0.0,0,455.02,0.0,1,2.06,2.01,SPY240328P00385000,385.0,0,0.0,0.0,,0.0,normalDay
2023-11-24,6491.0,17.0,0.0,0,455.3,0.0,1,2.06,1.89,SPY240328P00385000,385.0,0,0.0,0.0,,0.0,normalDay
2023-11-27,6491.0,17.0,0.0,0,454.48,0.0,1,2.06,1.89,SPY240328P00385000,385.0,0,0.0,0.0,,0.0,normalDay
2023-11-28,6491.0,24.0,0.0,0,454.93,0.0,1,2.06,1.82,SPY240328P00385000,385.0,0,0.0,0.0,,0.0,normalDay
2023-11-29,6491.0,20.0,0.0,0,454.61,0.0,1,2.06,1.86,SPY240328P00385000,385.0,0,0.0,0.0,,0.0,normalDay
2023-11-30,6491.0,27.0,0.0,0,456.4,0.0,1,2.06,1.79,SPY240328P00385000,385.0,0,0.0,0.0,,0.0,normalDay
