date,totalCapital,unrializedPnL,rializedPnL,stocksOwned,stocksPriceToday,stocksPriceBoughtAt,putOwned,putOwnedSoldAt,putPriceToday,putOwnedContract,putOwnedStrike,callOwned,callOwnedSoldAt,callPriceToday,callOwnedContract,callOwnedStrike,trackType
2018-11-01,0.0,-35.0,0.0,0,273.51,0.0,1,8.62,8.97,SPY190930P00245000,245.0,0,0.0,0.0,,0.0,normalDay
2018-11-02,0.0,-64.0,0.0,0,271.89,0.0,1,8.62,9.26,SPY190930P00245000,245.0,0,0.0,0.0,,0.0,normalDay
2018-11-05,0.0,-18.0,0.0,0,273.39,0.0,1,8.62,8.8,SPY190930P00245000,245.0,0,0.0,0.0,,0.0,normalDay
2018-11-06,0.0,41.0,0.0,0,275.12,0.0,1,8.62,8.21,SPY190930P00245000,245.0,0,0.0,0.0,,0.0,normalDay
2018-11-07,0.0,190.0,0.0,0,281.01,0.0,1,8.62,6.72,SPY190930P00245000,245.0,0,0.0,0.0,,0.0,normalDay
2018-11-08,0.0,193.0,0.0,0,280.5,0.0,1,8.62,6.69,SPY190930P00245000,245.0,0,0.0,0.0,,0.0,normalDay
2018-11-09,0.0,113.0,0.0,0,277.76,0.0,1,8.62,7.49,SPY190930P00245000,245.0,0,0.0,0.0,,0.0,normalDay
2018-11-12,0.0,-17.0,0.0,0,272.57,0.0,1,8.62,8.79,SPY190930P00245000,245.0,0,0.0,0.0,,0.0,normalDay
2018-11-13,0.0,-46.0,0.0,0,272.06,0.0,1,8.62,9.08,SPY190930P00245000,245.0,0,0.0,0.0,,0.0,normalDay
2018-11-14,0.0,-126.0,0.0,0,270.2,0.0,1,8.62,9.88,SPY190930P00245000,245.0,0,0.0,0.0,,0.0,normalDay
2018-11-15,0.0,-44.0,0.0,0,273.02,0.0,1,8.62,9.06,SPY190930P00245000,245.0,0,0.0,0.0,,0.0,normalDay
2018-11-16,0.0,13.0,0.0,0,273.73,0.0,1,8.62,8.49,SPY190930P00245000,245.0,0,0.0,0.0,,0.0,normalDay
2018-11-19,0.0,-117.0,0.0,0,269.1,0.0,1,8.62,9.79,SPY190930P00245000,245.0,0,0.0,0.0,,0.0,normalDay
2018-11-20,0.0,-291.0,0.0,0,264.12,0.0,1,8.62,11.53,SPY190930P00245000,245.0,0,0.0,0.0,,0.0,normalDay
2018-11-21,0.0,-248.0,0.0,0,265.02,0.0,1,8.62,11.1,SPY190930P00245000,245.0,0,0.0,0.0,,0.0,normalDay
2018-11-23,0.0,-292.0,0.0,0,263.25,0.0,1,8.62,11.54,SPY190930P00245000,245.0,0,0.0,0.0,,0.0,normalDay
2018-11-26,0.0,-107.0,0.0,0,267.5,0.0,1,8.62,9.69,SPY190930P00245000,245.0,0,0.0,0.0,,0.0,normalDay
2018-11-27,0.0,-104.0,0.0,0,268.4,0.0,1,8.62,9.66,SPY190930P00245000,245.0,0,0.0,0.0,,0.0,normalDay
2018-11-28,0.0,33.0,0.0,0,274.58,0.0,1,8.62,8.29,SPY190930P00245000,245.0,0,0.0,0.0,,0.0,normalDay
2018-11-29,0.0,24.0,0.0,0,273.98,0.0,1,8.62,8.38,SPY190930P00245000,245.0,0,0.0,0.0,,0.0,normalDay
2018-11-30,0.0,79.0,0.0,0,275.65,0.0,1,8.62,7.83,SPY190930P00245000,245.0,0,0.0,0.0,,0.0,normalDay
2018-12-03,0.0,176.0,0.0,0,279.3,0.0,1,8.62,6.86,SPY190930P00245000,245.0,0,0.0,0.0,,0.0,normalDay
2018-12-04,0.0,-68.0,0.0,0,270.25,0.0,1,8.62,9.3,SPY190930P00245000,245.0,0,0.0,0.0,,0.0,normalDay
2018-12-06,0.0,-77.0,0.0,0,269.84,0.0,1,8.62,9.39,SPY190930P00245000,245.0,0,0.0,0.0,,0.0,normalDay
2018-12-07,0.0,-289.0,0.0,0,263.57,0.0,1,8.62,11.51,SPY190930P00245000,245.0,0,0.0,0.0,,0.0,normalDay
2018-12-10,0.0,-244.0,0.0,0,264.07,0.0,1,8.62,11.06,SPY190930P00245000,245.0,0,0.0,0.0,,0.0,normalDay
2018-12-11,0.0,-240.0,0.0,0,264.13,0.0,1,8.62,11.02,SPY190930P00245000,245.0,0,0.0,0.0,,0.0,normalDay
2018-12-12,0.0,-220.0,0.0,0,265.46,0.0,1,8.62,10.82,SPY190930P00245000,245.0,0,0.0,0.0,,0.0,normalDay
2018-12-13,0.0,-208.0,0.0,0,265.37,0.0,1,8.62,10.7,SPY190930P00245000,245.0,0,0.0,0.0,,0.0,normalDay
2018-12-14,0.0,-353.0,0.0,0,260.47,0.0,1,8.62,12.15,SPY190930P00245000,245.0,0,0.0,0.0,,0.0,normalDay
2018-12-17,0.0,-546.0,0.0,0,255.36,0.0,1,8.62,14.08,SPY190930P00245000,245.0,0,0.0,0.0,,0.0,normalDay
2018-12-18,0.0,-569.0,0.0,0,255.08,0.0,1,8.62,14.31,SPY190930P00245000,245.0,0,0.0,0.0,,0.0,normalDay
2018-12-19,0.0,-669.0,0.0,0,251.26,0.0,1,8.62,15.31,SPY190930P00245000,245.0,0,0.0,0.0,,0.0,normalDay
2018-12-20,0.0,-832.0,0.0,0,247.17,0.0,1,8.62,16.94,SPY190930P00245000,245.0,0,0.0,0.0,,0.0,normalDay
2018-12-21,0.0,-1091.0,0.0,0,240.7,0.0,1,8.62,19.53,SPY190930P00245000,245.0,0,0.0,0.0,,0.0,normalDay
2018-12-24,0.0,-1537.0,0.0,0,234.34,0.0,1,8.62,23.99,SPY190930P00245000,245.0,0,0.0,0.0,,0.0,normalDay
2018-12-26,0.0,-772.0,0.0,0,246.18,0.0,1,8.62,16.34,SPY190930P00245000,245.0,0,0.0,0.0,,0.0,normalDay
2018-12-27,0.0,-732.0,0.0,0,248.07,0.0,1,8.62,15.94,SPY190930P00245000,245.0,0,0.0,0.0,,0.0,normalDay
2018-12-28,0.0,-742.0,0.0,0,247.75,0.0,1,8.62,16.04,SPY190930P00245000,245.0,0,0.0,0.0,,0.0,normalDay
2018-12-31,0.0,-605.0,0.0,0,249.92,0.0,1,8.62,14.67,SPY190930P00245000,245.0,0,0.0,0.0,,0.0,normalDay
2019-01-02,0.0,-553.0,0.0,0,250.18,0.0,1,8.62,14.15,SPY190930P00245000,245.0,0,0.0,0.0,,0.0,normalDay
2019-01-03,0.0,-853.0,0.0,0,244.21,0.0,1,8.62,17.15,SPY190930P00245000,245.0,0,0.0,0.0,,0.0,normalDay
2019-01-04,0.0,-473.0,0.0,0,252.39,0.0,1,8.62,13.35,SPY190930P00245000,245.0,0,0.0,0.0,,0.0,normalDay
2019-01-07,0.0,-394.0,0.0,0,254.38,0.0,1,8.62,12.56,SPY190930P00245000,245.0,0,0.0,0.0,,0.0,normalDay
2019-01-08,0.0,-312.0,0.0,0,256.77,0.0,1,8.62,11.74,SPY190930P00245000,245.0,0,0.0,0.0,,0.0,normalDay
2019-01-09,0.0,-256.0,0.0,0,257.97,0.0,1,8.62,11.18,SPY190930P00245000,245.0,0,0.0,0.0,,0.0,normalDay
2019-01-10,0.0,-230.0,0.0,0,258.88,0.0,1,8.62,10.92,SPY190930P00245000,245.0,0,0.0,0.0,,0.0,normalDay
2019-01-11,0.0,-192.0,0.0,0,258.98,0.0,1,8.62,10.54,SPY190930P00245000,245.0,0,0.0,0.0,,0.0,normalDay
2019-01-14,0.0,-217.0,0.0,0,257.4,0.0,1,8.62,10.79,SPY190930P00245000,245.0,0,0.0,0.0,,0.0,normalDay
2019-01-15,0.0,-98.0,0.0,0,260.35,0.0,1,8.62,9.6,SPY190930P00245000,245.0,0,0.0,0.0,,0.0,normalDay
2019-01-16,0.0,-71.0,0.0,0,260.98,0.0,1,8.62,9.33,SPY190930P00245000,245.0,0,0.0,0.0,,0.0,normalDay
2019-01-17,0.0,-25.0,0.0,0,262.96,0.0,1,8.62,8.87,SPY190930P00245000,245.0,0,0.0,0.0,,0.0,normalDay
2019-01-18,0.0,67.0,0.0,0,266.46,0.0,1,8.62,7.95,SPY190930P00245000,245.0,0,0.0,0.0,,0.0,normalDay
2019-01-22,0.0,-52.0,0.0,0,262.86,0.0,1,8.62,9.14,SPY190930P00245000,245.0,0,0.0,0.0,,0.0,normalDay
2019-01-23,0.0,-34.0,0.0,0,263.41,0.0,1,8.62,8.96,SPY190930P00245000,245.0,0,0.0,0.0,,0.0,normalDay
2019-01-24,0.0,-20.0,0.0,0,263.55,0.0,1,8.62,8.82,SPY190930P00245000,245.0,0,0.0,0.0,,0.0,normalDay
2019-01-25,0.0,64.0,0.0,0,265.78,0.0,1,8.62,7.98,SPY190930P00245000,245.0,0,0.0,0.0,,0.0,normalDay
2019-01-28,0.0,10.0,0.0,0,263.76,0.0,1,8.62,8.52,SPY190930P00245000,245.0,0,0.0,0.0,,0.0,normalDay
2019-01-29,0.0,0.0,0.0,0,263.41,0.0,1,8.62,8.62,SPY190930P00245000,245.0,0,0.0,0.0,,0.0,normalDay
2019-01-30,0.0,122.0,0.0,0,267.58,0.0,1,8.62,7.4,SPY190930P00245000,245.0,0,0.0,0.0,,0.0,normalDay
2019-01-31,0.0,207.0,0.0,0,269.93,0.0,1,8.62,6.55,SPY190930P00245000,245.0,0,0.0,0.0,,0.0,normalDay
2019-02-01,0.0,215.0,0.0,0,270.06,0.0,1,8.62,6.47,SPY190930P00245000,245.0,0,0.0,0.0,,0.0,normalDay
2019-02-04,0.0,268.0,0.0,0,271.96,0.0,1,8.62,5.94,SPY190930P00245000,245.0,0,0.0,0.0,,0.0,normalDay
2019-02-05,0.0,297.0,0.0,0,273.1,0.0,1,8.62,5.65,SPY190930P00245000,245.0,0,0.0,0.0,,0.0,normalDay
2019-02-06,0.0,296.0,0.0,0,272.74,0.0,1,8.62,5.66,SPY190930P00245000,245.0,0,0.0,0.0,,0.0,normalDay
2019-02-07,0.0,241.0,0.0,0,270.14,0.0,1,8.62,6.21,SPY190930P00245000,245.0,0,0.0,0.0,,0.0,normalDay
2019-02-08,0.0,250.0,0.0,0,270.47,0.0,1,8.62,6.12,SPY190930P00245000,245.0,0,0.0,0.0,,0.0,normalDay
2019-02-11,0.0,263.0,0.0,0,270.62,0.0,1,8.62,5.99,SPY190930P00245000,245.0,0,0.0,0.0,,0.0,normalDay
2019-02-12,0.0,341.0,0.0,0,274.1,0.0,1,8.62,5.21,SPY190930P00245000,245.0,0,0.0,0.0,,0.0,normalDay
2019-02-13,0.0,343.0,0.0,0,274.99,0.0,1,8.62,5.19,SPY190930P00245000,245.0,0,0.0,0.0,,0.0,normalDay
2019-02-14,0.0,315.0,0.0,0,274.38,0.0,1,8.62,5.47,SPY190930P00245000,245.0,0,0.0,0.0,,0.0,normalDay
2019-02-15,0.0,383.0,0.0,0,277.37,0.0,1,8.62,4.79,SPY190930P00245000,245.0,0,0.0,0.0,,0.0,normalDay
2019-02-19,0.0,399.0,0.0,0,277.85,0.0,1,8.62,4.63,SPY190930P00245000,245.0,0,0.0,0.0,,0.0,normalDay
2019-02-20,0.0,433.0,0.0,0,278.41,0.0,1,8.62,4.29,SPY190930P00245000,245.0,0,0.0,0.0,,0.0,normalDay
2019-02-21,0.0,417.0,0.0,0,277.42,0.0,1,8.62,4.45,SPY190930P00245000,245.0,0,0.0,0.0,,0.0,normalDay
2019-02-22,0.0,453.0,0.0,0,279.14,0.0,1,8.62,4.09,SPY190930P00245000,245.0,0,0.0,0.0,,0.0,normalDay
2019-02-25,0.0,456.0,0.0,0,279.52,0.0,1,8.62,4.06,SPY190930P00245000,245.0,0,0.0,0.0,,0.0,normalDay
2019-02-26,0.0,442.0,0.0,0,279.32,0.0,1,8.62,4.2,SPY190930P00245000,245.0,0,0.0,0.0,,0.0,normalDay
2019-02-27,0.0,452.0,0.0,0,279.2,0.0,1,8.62,4.1,SPY190930P00245000,245.0,0,0.0,0.0,,0.0,normalDay
2019-02-28,0.0,441.0,0.0,0,278.68,0.0,1,8.62,4.21,SPY190930P00245000,245.0,0,0.0,0.0,,0.0,normalDay
2019-03-01,0.0,481.0,0.0,0,280.42,0.0,1,8.62,3.81,SPY190930P00245000,245.0,0,0.0,0.0,,0.0,normalDay
2019-03-04,0.0,455.0,0.0,0,279.4,0.0,1,8.62,4.07,SPY190930P00245000,245.0,0,0.0,0.0,,0.0,normalDay
2019-03-05,0.0,448.0,0.0,0,279.02,0.0,1,8.62,4.14,SPY190930P00245000,245.0,0,0.0,0.0,,0.0,normalDay
2019-03-06,0.0,411.0,0.0,0,277.33,0.0,1,8.62,4.51,SPY190930P00245000,245.0,0,0.0,0.0,,0.0,normalDay
2019-03-07,0.0,371.0,0.0,0,275.01,0.0,1,8.62,4.91,SPY190930P00245000,245.0,0,0.0,0.0,,0.0,normalDay
2019-03-08,0.0,365.0,0.0,0,274.46,0.0,1,8.62,4.97,SPY190930P00245000,245.0,0,0.0,0.0,,0.0,normalDay
2019-03-11,0.0,455.0,0.0,0,278.44,0.0,1,8.62,4.07,SPY190930P00245000,245.0,0,0.0,0.0,,0.0,normalDay
2019-03-12,0.0,480.0,0.0,0,279.49,0.0,1,8.62,3.82,SPY190930P00245000,245.0,0,0.0,0.0,,0.0,normalDay
2019-03-13,0.0,520.0,0.0,0,281.34,0.0,1,8.62,3.42,SPY190930P00245000,245.0,0,0.0,0.0,,0.0,normalDay
2019-03-14,0.0,518.0,0.0,0,281.16,0.0,1,8.62,3.44,SPY190930P00245000,245.0,0,0.0,0.0,,0.0,normalDay
2019-03-15,0.0,540.0,0.0,0,281.31,0.0,1,8.62,3.22,SPY190930P00245000,245.0,0,0.0,0.0,,0.0,normalDay
2019-03-18,0.0,553.0,0.0,0,282.33,0.0,1,8.62,3.09,SPY190930P00245000,245.0,0,0.0,0.0,,0.0,normalDay
2019-03-19,0.0,541.0,0.0,0,282.4,0.0,1,8.62,3.21,SPY190930P00245000,245.0,0,0.0,0.0,,0.0,normalDay
2019-03-20,0.0,529.0,0.0,0,281.55,0.0,1,8.62,3.33,SPY190930P00245000,245.0,0,0.0,0.0,,0.0,normalDay
2019-03-21,0.0,568.0,0.0,0,284.73,0.0,1,8.62,2.94,SPY190930P00245000,245.0,0,0.0,0.0,,0.0,normalDay
2019-03-22,0.0,475.0,0.0,0,279.25,0.0,1,8.62,3.87,SPY190930P00245000,245.0,0,0.0,0.0,,0.0,normalDay
2019-03-25,0.0,468.0,0.0,0,279.04,0.0,1,8.62,3.94,SPY190930P00245000,245.0,0,0.0,0.0,,0.0,normalDay
2019-03-26,0.0,511.0,0.0,0,281.12,0.0,1,8.62,3.51,SPY190930P00245000,245.0,0,0.0,0.0,,0.0,normalDay
2019-03-27,0.0,492.0,0.0,0,279.65,0.0,1,8.62,3.7,SPY190930P00245000,245.0,0,0.0,0.0,,0.0,normalDay
2019-03-28,0.0,515.0,0.0,0,280.71,0.0,1,8.62,3.47,SPY190930P00245000,245.0,0,0.0,0.0,,0.0,normalDay
2019-03-29,0.0,547.0,0.0,0,282.48,0.0,1,8.62,3.15,SPY190930P00245000,245.0,0,0.0,0.0,,0.0,normalDay
2019-04-01,0.0,588.0,0.0,0,285.83,0.0,1,8.62,2.74,SPY190930P00245000,245.0,0,0.0,0.0,,0.0,normalDay
2019-04-02,0.0,591.0,0.0,0,285.97,0.0,1,8.62,2.71,SPY190930P00245000,245.0,0,0.0,0.0,,0.0,normalDay
2019-04-03,0.0,600.0,0.0,0,286.42,0.0,1,8.62,2.62,SPY190930P00245000,245.0,0,0.0,0.0,,0.0,normalDay
2019-04-04,0.0,607.0,0.0,0,287.18,0.0,1,8.62,2.55,SPY190930P00245000,245.0,0,0.0,0.0,,0.0,normalDay
2019-04-05,0.0,627.0,0.0,0,288.57,0.0,1,8.62,2.35,SPY190930P00245000,245.0,0,0.0,0.0,,0.0,normalDay
2019-04-08,0.0,628.0,0.0,0,288.79,0.0,1,8.62,2.34,SPY190930P00245000,245.0,0,0.0,0.0,,0.0,normalDay
2019-04-09,0.0,600.0,0.0,0,287.31,0.0,1,8.62,2.62,SPY190930P00245000,245.0,0,0.0,0.0,,0.0,normalDay
2019-04-10,0.0,626.0,0.0,0,288.29,0.0,1,8.62,2.36,SPY190930P00245000,245.0,0,0.0,0.0,,0.0,normalDay
2019-04-11,0.0,629.0,0.0,0,288.21,0.0,1,8.62,2.33,SPY190930P00245000,245.0,0,0.0,0.0,,0.0,normalDay
2019-04-12,0.0,658.0,0.0,0,290.16,0.0,1,8.62,2.04,SPY190930P00245000,245.0,0,0.0,0.0,,0.0,normalDay
2019-04-15,0.0,660.0,0.0,0,289.97,0.0,1,8.62,2.02,SPY190930P00245000,245.0,0,0.0,0.0,,0.0,normalDay
2019-04-16,0.0,664.0,0.0,0,290.16,0.0,1,8.62,1.98,SPY190930P00245000,245.0,0,0.0,0.0,,0.0,normalDay
2019-04-17,0.0,655.0,0.0,0,289.45,0.0,1,8.62,2.07,SPY190930P00245000,245.0,0,0.0,0.0,,0.0,normalDay
2019-04-18,0.0,663.0,0.0,0,290.02,0.0,1,8.62,1.99,SPY190930P00245000,245.0,0,0.0,0.0,,0.0,normalDay
2019-04-22,0.0,665.0,0.0,0,290.27,0.0,1,8.62,1.97,SPY190930P00245000,245.0,0,0.0,0.0,,0.0,normalDay
2019-04-23,0.0,683.0,0.0,0,292.88,0.0,1,8.62,1.79,SPY190930P00245000,245.0,0,0.0,0.0,,0.0,normalDay
2019-04-24,0.0,675.0,0.0,0,292.23,0.0,1,8.62,1.87,SPY190930P00245000,245.0,0,0.0,0.0,,0.0,normalDay
2019-04-25,0.0,670.0,0.0,0,292.05,0.0,1,8.62,1.92,SPY190930P00245000,245.0,0,0.0,0.0,,0.0,normalDay
2019-04-26,0.0,684.0,0.0,0,293.41,0.0,1,8.62,1.78,SPY190930P00245000,245.0,0,0.0,0.0,,0.0,normalDay
2019-04-29,0.0,685.0,0.0,0,293.87,0.0,1,8.62,1.77,SPY190930P00245000,245.0,0,0.0,0.0,,0.0,normalDay
2019-04-30,0.0,689.0,0.0,0,294.02,0.0,1,8.62,1.73,SPY190930P00245000,245.0,0,0.0,0.0,,0.0,normalDay
2019-05-01,0.0,661.0,0.0,0,291.81,0.0,1,8.62,2.01,SPY190930P00245000,245.0,0,0.0,0.0,,0.0,normalDay
2019-05-02,0.0,660.0,0.0,0,291.18,0.0,1,8.62,2.02,SPY190930P00245000,245.0,0,0.0,0.0,,0.0,normalDay
2019-05-03,0.0,695.0,0.0,0,294.03,0.0,1,8.62,1.67,SPY190930P00245000,245.0,0,0.0,0.0,,0.0,normalDay
2019-05-06,0.0,670.0,0.0,0,292.82,0.0,1,8.62,1.92,SPY190930P00245000,245.0,0,0.0,0.0,,0.0,normalDay
2019-05-07,0.0,587.0,0.0,0,287.93,0.0,1,8.62,2.75,SPY190930P00245000,245.0,0,0.0,0.0,,0.0,normalDay
2019-05-08,0.0,594.0,0.0,0,287.53,0.0,1,8.62,2.68,SPY190930P00245000,245.0,0,0.0,0.0,,0.0,normalDay
2019-05-09,0.0,605.0,0.0,0,286.66,0.0,1,8.62,2.57,SPY190930P00245000,245.0,0,0.0,0.0,,0.0,normalDay
2019-05-10,0.0,643.0,0.0,0,288.1,0.0,1,8.62,2.19,SPY190930P00245000,245.0,0,0.0,0.0,,0.0,normalDay
2019-05-13,0.0,528.0,0.0,0,280.86,0.0,1,8.62,3.34,SPY190930P00245000,245.0,0,0.0,0.0,,0.0,normalDay
2019-05-14,0.0,590.0,0.0,0,283.4,0.0,1,8.62,2.72,SPY190930P00245000,245.0,0,0.0,0.0,,0.0,normalDay
2019-05-15,0.0,627.0,0.0,0,285.06,0.0,1,8.62,2.35,SPY190930P00245000,245.0,0,0.0,0.0,,0.0,normalDay
2019-05-16,0.0,664.0,0.0,0,287.7,0.0,1,8.62,1.98,SPY190930P00245000,245.0,0,0.0,0.0,,0.0,normalDay
2019-05-17,0.0,642.0,0.0,0,285.84,0.0,1,8.62,2.2,SPY190930P00245000,245.0,0,0.0,0.0,,0.0,normalDay
2019-05-20,0.0,634.0,0.0,0,283.95,0.0,1,8.62,2.28,SPY190930P00245000,245.0,0,0.0,0.0,,0.0,normalDay
2019-05-21,0.0,672.0,0.0,0,286.51,0.0,1,8.62,1.9,SPY190930P00245000,245.0,0,0.0,0.0,,0.0,normalDay
2019-05-22,0.0,668.0,0.0,0,285.63,0.0,1,8.62,1.94,SPY190930P00245000,245.0,0,0.0,0.0,,0.0,normalDay
2019-05-23,0.0,615.0,0.0,0,282.14,0.0,1,8.62,2.47,SPY190930P00245000,245.0,0,0.0,0.0,,0.0,normalDay
2019-05-24,0.0,634.0,0.0,0,282.78,0.0,1,8.62,2.28,SPY190930P00245000,245.0,0,0.0,0.0,,0.0,normalDay
2019-05-28,0.0,608.0,0.0,0,280.15,0.0,1,8.62,2.54,SPY190930P00245000,245.0,0,0.0,0.0,,0.0,normalDay
2019-05-29,0.0,585.0,0.0,0,278.27,0.0,1,8.62,2.77,SPY190930P00245000,245.0,0,0.0,0.0,,0.0,normalDay
2019-05-30,0.0,601.0,0.0,0,279.03,0.0,1,8.62,2.61,SPY190930P00245000,245.0,0,0.0,0.0,,0.0,normalDay
2019-05-31,0.0,538.0,0.0,0,275.27,0.0,1,8.62,3.24,SPY190930P00245000,245.0,0,0.0,0.0,,0.0,normalDay
2019-06-03,0.0,545.0,0.0,0,274.57,0.0,1,8.62,3.17,SPY190930P00245000,245.0,0,0.0,0.0,,0.0,normalDay
2019-06-04,0.0,636.0,0.0,0,280.53,0.0,1,8.62,2.26,SPY190930P00245000,245.0,0,0.0,0.0,,0.0,normalDay
2019-06-05,0.0,668.0,0.0,0,282.96,0.0,1,8.62,1.94,SPY190930P00245000,245.0,0,0.0,0.0,,0.0,normalDay
2019-06-06,0.0,684.0,0.0,0,284.8,0.0,1,8.62,1.78,SPY190930P00245000,245.0,0,0.0,0.0,,0.0,normalDay
2019-06-07,0.0,693.0,0.0,0,287.65,0.0,1,8.62,1.69,SPY190930P00245000,245.0,0,0.0,0.0,,0.0,normalDay
2019-06-10,0.0,710.0,0.0,0,288.97,0.0,1,8.62,1.52,SPY190930P00245000,245.0,0,0.0,0.0,,0.0,normalDay
2019-06-11,0.0,706.0,0.0,0,288.9,0.0,1,8.62,1.56,SPY190930P00245000,245.0,0,0.0,0.0,,0.0,normalDay
2019-06-12,0.0,707.0,0.0,0,288.39,0.0,1,8.62,1.55,SPY190930P00245000,245.0,0,0.0,0.0,,0.0,normalDay
2019-06-13,0.0,718.0,0.0,0,289.58,0.0,1,8.62,1.44,SPY190930P00245000,245.0,0,0.0,0.0,,0.0,normalDay
2019-06-14,0.0,724.0,0.0,0,289.26,0.0,1,8.62,1.38,SPY190930P00245000,245.0,0,0.0,0.0,,0.0,normalDay
2019-06-17,0.0,730.0,0.0,0,289.37,0.0,1,8.62,1.32,SPY190930P00245000,245.0,0,0.0,0.0,,0.0,normalDay
2019-06-18,0.0,746.0,0.0,0,292.4,0.0,1,8.62,1.16,SPY190930P00245000,245.0,0,0.0,0.0,,0.0,normalDay
2019-06-19,0.0,757.0,0.0,0,293.06,0.0,1,8.62,1.05,SPY190930P00245000,245.0,0,0.0,0.0,,0.0,normalDay
2019-06-20,0.0,766.0,0.0,0,295.86,0.0,1,8.62,0.96,SPY190930P00245000,245.0,0,0.0,0.0,,0.0,normalDay
2019-06-21,0.0,761.0,0.0,0,294.0,0.0,1,8.62,1.01,SPY190930P00245000,245.0,0,0.0,0.0,,0.0,normalDay
2019-06-24,0.0,765.0,0.0,0,293.64,0.0,1,8.62,0.97,SPY190930P00245000,245.0,0,0.0,0.0,,0.0,normalDay
2019-06-25,0.0,747.0,0.0,0,290.76,0.0,1,8.62,1.15,SPY190930P00245000,245.0,0,0.0,0.0,,0.0,normalDay
2019-06-26,0.0,748.0,0.0,0,290.47,0.0,1,8.62,1.14,SPY190930P00245000,245.0,0,0.0,0.0,,0.0,normalDay
2019-06-27,0.0,759.0,0.0,0,291.5,0.0,1,8.62,1.03,SPY190930P00245000,245.0,0,0.0,0.0,,0.0,normalDay
2019-06-28,0.0,777.0,0.0,0,293.0,0.0,1,8.62,0.85,SPY190930P00245000,245.0,0,0.0,0.0,,0.0,normalDay
2019-07-01,0.0,794.0,0.0,0,295.66,0.0,1,8.62,0.68,SPY190930P00245000,245.0,0,0.0,0.0,,0.0,normalDay
2019-07-02,0.0,801.0,0.0,0,296.43,0.0,1,8.62,0.61,SPY190930P00245000,245.0,0,0.0,0.0,,0.0,normalDay
2019-07-03,0.0,809.0,0.0,0,298.8,0.0,1,8.62,0.53,SPY190930P00245000,245.0,0,0.0,0.0,,0.0,normalDay
2019-07-05,0.0,805.0,0.0,0,298.46,0.0,1,8.62,0.57,SPY190930P00245000,245.0,0,0.0,0.0,,0.0,normalDay
2019-07-08,0.0,802.0,0.0,0,296.82,0.0,1,8.62,0.6,SPY190930P00245000,245.0,0,0.0,0.0,,0.0,normalDay
2019-07-09,0.0,802.0,0.0,0,297.19,0.0,1,8.62,0.6,SPY190930P00245000,245.0,0,0.0,0.0,,0.0,normalDay
2019-07-10,0.0,809.0,0.0,0,298.61,0.0,1,8.62,0.53,SPY190930P00245000,245.0,0,0.0,0.0,,0.0,normalDay
2019-07-11,0.0,811.0,0.0,0,299.31,0.0,1,8.62,0.51,SPY190930P00245000,245.0,0,0.0,0.0,,0.0,normalDay
2019-07-12,0.0,817.0,0.0,0,300.65,0.0,1,8.62,0.45,SPY190930P00245000,245.0,0,0.0,0.0,,0.0,normalDay
2019-07-15,0.0,816.0,0.0,0,300.75,0.0,1,8.62,0.46,SPY190930P00245000,245.0,0,0.0,0.0,,0.0,normalDay
2019-07-16,0.0,815.0,0.0,0,299.78,0.0,1,8.62,0.47,SPY190930P00245000,245.0,0,0.0,0.0,,0.0,normalDay
2019-07-17,0.0,808.0,0.0,0,297.74,0.0,1,8.62,0.54,SPY190930P00245000,245.0,0,0.0,0.0,,0.0,normalDay
2019-07-18,0.0,814.0,0.0,0,298.83,0.0,1,8.62,0.48,SPY190930P00245000,245.0,0,0.0,0.0,,0.0,normalDay
2019-07-19,0.0,811.0,0.0,0,297.17,0.0,1,8.62,0.51,SPY190930P00245000,245.0,0,0.0,0.0,,0.0,normalDay
2019-07-22,0.0,820.0,0.0,0,297.9,0.0,1,8.62,0.42,SPY190930P00245000,245.0,0,0.0,0.0,,0.0,normalDay
2019-07-23,0.0,828.0,0.0,0,300.03,0.0,1,8.62,0.34,SPY190930P00245000,245.0,0,0.0,0.0,,0.0,normalDay
2019-07-24,0.0,833.0,0.0,0,301.44,0.0,1,8.62,0.29,SPY190930P00245000,245.0,0,0.0,0.0,,0.0,normalDay
2019-07-25,0.0,829.0,0.0,0,300.0,0.0,1,8.62,0.33,SPY190930P00245000,245.0,0,0.0,0.0,,0.0,normalDay
2019-07-26,0.0,834.0,0.0,0,302.01,0.0,1,8.62,0.28,SPY190930P00245000,245.0,0,0.0,0.0,,0.0,normalDay
2019-07-29,0.0,833.0,0.0,0,301.46,0.0,1,8.62,0.29,SPY190930P00245000,245.0,0,0.0,0.0,,0.0,normalDay
2019-07-30,0.0,828.0,0.0,0,300.72,0.0,1,8.62,0.34,SPY190930P00245000,245.0,0,0.0,0.0,,0.0,normalDay
2019-07-31,0.0,817.0,0.0,0,297.43,0.0,1,8.62,0.45,SPY190930P00245000,245.0,0,0.0,0.0,,0.0,normalDay
2019-08-01,0.0,804.0,0.0,0,294.84,0.0,1,8.62,0.58,SPY190930P00245000,245.0,0,0.0,0.0,,0.0,normalDay
2019-08-02,0.0,800.0,0.0,0,292.62,0.0,1,8.62,0.62,SPY190930P00245000,245.0,0,0.0,0.0,,0.0,normalDay
2019-08-05,0.0,710.0,0.0,0,283.82,0.0,1,8.62,1.52,SPY190930P00245000,245.0,0,0.0,0.0,,0.0,normalDay
2019-08-06,0.0,775.0,0.0,0,287.8,0.0,1,8.62,0.87,SPY190930P00245000,245.0,0,0.0,0.0,,0.0,normalDay
2019-08-07,0.0,781.0,0.0,0,287.97,0.0,1,8.62,0.81,SPY190930P00245000,245.0,0,0.0,0.0,,0.0,normalDay
2019-08-08,0.0,813.0,0.0,0,293.62,0.0,1,8.62,0.49,SPY190930P00245000,245.0,0,0.0,0.0,,0.0,normalDay
2019-08-09,0.0,806.0,0.0,0,291.62,0.0,1,8.62,0.56,SPY190930P00245000,245.0,0,0.0,0.0,,0.0,normalDay
2019-08-12,0.0,779.0,0.0,0,288.07,0.0,1,8.62,0.83,SPY190930P00245000,245.0,0,0.0,0.0,,0.0,normalDay
2019-08-13,0.0,815.0,0.0,0,292.55,0.0,1,8.62,0.47,SPY190930P00245000,245.0,0,0.0,0.0,,0.0,normalDay
2019-08-14,0.0,765.0,0.0,0,283.9,0.0,1,8.62,0.97,SPY190930P00245000,245.0,0,0.0,0.0,,0.0,normalDay
2019-08-15,0.0,781.0,0.0,0,284.65,0.0,1,8.62,0.81,SPY190930P00245000,245.0,0,0.0,0.0,,0.0,normalDay
2019-08-16,0.0,813.0,0.0,0,288.85,0.0,1,8.62,0.49,SPY190930P00245000,245.0,0,0.0,0.0,,0.0,normalDay
2019-08-19,0.0,834.0,0.0,0,292.33,0.0,1,8.62,0.28,SPY190930P00245000,245.0,0,0.0,0.0,,0.0,normalDay
2019-08-20,0.0,829.0,0.0,0,290.09,0.0,1,8.62,0.33,SPY190930P00245000,245.0,0,0.0,0.0,,0.0,normalDay
2019-08-21,0.0,841.0,0.0,0,292.45,0.0,1,8.62,0.21,SPY190930P00245000,245.0,0,0.0,0.0,,0.0,normalDay
2019-08-22,0.0,840.0,0.0,0,292.36,0.0,1,8.62,0.22,SPY190930P00245000,245.0,0,0.0,0.0,,0.0,normalDay
2019-08-23,0.0,817.0,0.0,0,284.85,0.0,1,8.62,0.45,SPY190930P00245000,245.0,0,0.0,0.0,,0.0,normalDay
2019-08-26,0.0,831.0,0.0,0,288.0,0.0,1,8.62,0.31,SPY190930P00245000,245.0,0,0.0,0.0,,0.0,normalDay
2019-08-27,0.0,828.0,0.0,0,286.87,0.0,1,8.62,0.34,SPY190930P00245000,245.0,0,0.0,0.0,,0.0,normalDay
2019-08-28,0.0,835.0,0.0,0,288.89,0.0,1,8.62,0.27,SPY190930P00245000,245.0,0,0.0,0.0,,0.0,normalDay
2019-08-29,0.0,842.0,0.0,0,292.58,0.0,1,8.62,0.2,SPY190930P00245000,245.0,0,0.0,0.0,,0.0,normalDay
2019-08-30,0.0,838.0,0.0,0,292.45,0.0,1,8.62,0.24,SPY190930P00245000,245.0,0,0.0,0.0,,0.0,normalDay
2019-09-03,0.0,841.0,0.0,0,290.74,0.0,1,8.62,0.21,SPY190930P00245000,245.0,0,0.0,0.0,,0.0,normalDay
2019-09-04,0.0,851.0,0.0,0,294.04,0.0,1,8.62,0.11,SPY190930P00245000,245.0,0,0.0,0.0,,0.0,normalDay
2019-09-05,0.0,853.0,0.0,0,297.82,0.0,1,8.62,0.09,SPY190930P00245000,245.0,0,0.0,0.0,,0.0,normalDay
2019-09-06,0.0,855.0,0.0,0,298.05,0.0,1,8.62,0.07,SPY190930P00245000,245.0,0,0.0,0.0,,0.0,normalDay
2019-09-09,0.0,857.0,0.0,0,298.2,0.0,1,8.62,0.05,SPY190930P00245000,245.0,0,0.0,0.0,,0.0,normalDay
2019-09-10,0.0,856.0,0.0,0,298.13,0.0,1,8.62,0.06,SPY190930P00245000,245.0,0,0.0,0.0,,0.0,normalDay
2019-09-11,0.0,858.0,0.0,0,300.25,0.0,1,8.62,0.04,SPY190930P00245000,245.0,0,0.0,0.0,,0.0,normalDay
2019-09-12,0.0,859.0,0.0,0,301.29,0.0,1,8.62,0.03,SPY190930P00245000,245.0,0,0.0,0.0,,0.0,normalDay
2019-09-13,0.0,859.0,0.0,0,301.09,0.0,1,8.62,0.03,SPY190930P00245000,245.0,0,0.0,0.0,,0.0,normalDay
2019-09-16,0.0,859.0,0.0,0,300.16,0.0,1,8.62,0.03,SPY190930P00245000,245.0,0,0.0,0.0,,0.0,normalDay
2019-09-17,0.0,859.0,0.0,0,300.92,0.0,1,8.62,0.03,SPY190930P00245000,245.0,0,0.0,0.0,,0.0,normalDay
2019-09-18,0.0,860.0,0.0,0,301.1,0.0,1,8.62,0.02,SPY190930P00245000,245.0,0,0.0,0.0,,0.0,normalDay
2019-09-19,0.0,860.0,0.0,0,301.08,0.0,1,8.62,0.02,SPY190930P00245000,245.0,0,0.0,0.0,,0.0,normalDay
2019-09-20,0.0,860.0,0.0,0,298.28,0.0,1,8.62,0.02,SPY190930P00245000,245.0,0,0.0,0.0,,0.0,normalDay
2019-09-23,0.0,861.0,0.0,0,298.21,0.0,1,8.62,0.01,SPY190930P00245000,245.0,0,0.0,0.0,,0.0,normalDay
2019-09-24,0.0,860.0,0.0,0,295.87,0.0,1,8.62,0.02,SPY190930P00245000,245.0,0,0.0,0.0,,0.0,normalDay
2019-09-25,0.0,861.0,0.0,0,297.62,0.0,1,8.62,0.01,SPY190930P00245000,245.0,0,0.0,0.0,,0.0,normalDay
2019-09-26,0.0,861.0,0.0,0,297.0,0.0,1,8.62,0.01,SPY190930P00245000,245.0,0,0.0,0.0,,0.0,normalDay
2019-09-27,0.0,861.0,0.0,0,295.4,0.0,1,8.62,0.01,SPY190930P00245000,245.0,0,0.0,0.0,,0.0,normalDay
2019-09-30,862.0,0.0,862.0,0,296.77,0.0,1,8.62,0.0,SPY190930P00245000,245.0,0,0.0,0.0,,0.0,expirationDay
2019-10-01,862.0,-21.0,0.0,0,293.24,0.0,1,18.3,18.51,SPY200930P00288000,288.0,0,0.0,0.0,,0.0,normalDay
2019-10-02,862.0,-303.0,0.0,0,288.06,0.0,1,18.3,21.33,SPY200930P00288000,288.0,0,0.0,0.0,,0.0,normalDay
2019-10-03,862.0,-182.0,0.0,0,290.42,0.0,1,18.3,20.12,SPY200930P00288000,288.0,0,0.0,0.0,,0.0,normalDay
2019-10-04,862.0,31.0,0.0,0,294.35,0.0,1,18.3,17.99,SPY200930P00288000,288.0,0,0.0,0.0,,0.0,normalDay
2019-10-07,862.0,-16.0,0.0,0,293.08,0.0,1,18.3,18.46,SPY200930P00288000,288.0,0,0.0,0.0,,0.0,normalDay
2019-10-08,862.0,-247.0,0.0,0,288.53,0.0,1,18.3,20.77,SPY200930P00288000,288.0,0,0.0,0.0,,0.0,normalDay
2019-10-09,862.0,-110.0,0.0,0,291.27,0.0,1,18.3,19.4,SPY200930P00288000,288.0,0,0.0,0.0,,0.0,normalDay
2019-10-10,862.0,13.0,0.0,0,293.24,0.0,1,18.3,18.17,SPY200930P00288000,288.0,0,0.0,0.0,,0.0,normalDay
2019-10-11,862.0,167.0,0.0,0,296.28,0.0,1,18.3,16.63,SPY200930P00288000,288.0,0,0.0,0.0,,0.0,normalDay
2019-10-14,862.0,186.0,0.0,0,295.95,0.0,1,18.3,16.44,SPY200930P00288000,288.0,0,0.0,0.0,,0.0,normalDay
2019-10-15,862.0,319.0,0.0,0,298.88,0.0,1,18.3,15.11,SPY200930P00288000,288.0,0,0.0,0.0,,0.0,normalDay
2019-10-16,862.0,301.0,0.0,0,298.4,0.0,1,18.3,15.29,SPY200930P00288000,288.0,0,0.0,0.0,,0.0,normalDay
2019-10-17,862.0,326.0,0.0,0,299.28,0.0,1,18.3,15.04,SPY200930P00288000,288.0,0,0.0,0.0,,0.0,normalDay
2019-10-18,862.0,270.0,0.0,0,297.97,0.0,1,18.3,15.6,SPY200930P00288000,288.0,0,0.0,0.0,,0.0,normalDay
2019-10-21,862.0,362.0,0.0,0,299.99,0.0,1,18.3,14.68,SPY200930P00288000,288.0,0,0.0,0.0,,0.0,normalDay
2019-10-22,862.0,318.0,0.0,0,299.01,0.0,1,18.3,15.12,SPY200930P00288000,288.0,0,0.0,0.0,,0.0,normalDay
2019-10-23,862.0,355.0,0.0,0,299.88,0.0,1,18.3,14.75,SPY200930P00288000,288.0,0,0.0,0.0,,0.0,normalDay
2019-10-24,862.0,372.0,0.0,0,300.37,0.0,1,18.3,14.58,SPY200930P00288000,288.0,0,0.0,0.0,,0.0,normalDay
2019-10-25,862.0,434.0,0.0,0,301.6,0.0,1,18.3,13.96,SPY200930P00288000,288.0,0,0.0,0.0,,0.0,normalDay
2019-10-28,862.0,486.0,0.0,0,303.3,0.0,1,18.3,13.44,SPY200930P00288000,288.0,0,0.0,0.0,,0.0,normalDay
2019-10-29,862.0,472.0,0.0,0,303.21,0.0,1,18.3,13.58,SPY200930P00288000,288.0,0,0.0,0.0,,0.0,normalDay
2019-10-30,862.0,521.0,0.0,0,304.14,0.0,1,18.3,13.09,SPY200930P00288000,288.0,0,0.0,0.0,,0.0,normalDay
2019-10-31,862.0,470.0,0.0,0,303.33,0.0,1,18.3,13.6,SPY200930P00288000,288.0,0,0.0,0.0,,0.0,normalDay
2019-11-01,862.0,564.0,0.0,0,306.14,0.0,1,18.3,12.66,SPY200930P00288000,288.0,0,0.0,0.0,,0.0,normalDay
2019-11-04,862.0,601.0,0.0,0,307.37,0.0,1,18.3,12.29,SPY200930P00288000,288.0,0,0.0,0.0,,0.0,normalDay
2019-11-05,862.0,577.0,0.0,0,307.03,0.0,1,18.3,12.53,SPY200930P00288000,288.0,0,0.0,0.0,,0.0,normalDay
2019-11-06,862.0,575.0,0.0,0,307.1,0.0,1,18.3,12.55,SPY200930P00288000,288.0,0,0.0,0.0,,0.0,normalDay
2019-11-07,862.0,602.0,0.0,0,308.18,0.0,1,18.3,12.28,SPY200930P00288000,288.0,0,0.0,0.0,,0.0,normalDay
2019-11-08,862.0,629.0,0.0,0,308.94,0.0,1,18.3,12.01,SPY200930P00288000,288.0,0,0.0,0.0,,0.0,normalDay
2019-11-11,862.0,619.0,0.0,0,308.35,0.0,1,18.3,12.11,SPY200930P00288000,288.0,0,0.0,0.0,,0.0,normalDay
2019-11-12,862.0,629.0,0.0,0,309.0,0.0,1,18.3,12.01,SPY200930P00288000,288.0,0,0.0,0.0,,0.0,normalDay
2019-11-13,862.0,638.0,0.0,0,309.1,0.0,1,18.3,11.92,SPY200930P00288000,288.0,0,0.0,0.0,,0.0,normalDay
2019-11-14,862.0,648.0,0.0,0,309.55,0.0,1,18.3,11.82,SPY200930P00288000,288.0,0,0.0,0.0,,0.0,normalDay
2019-11-15,862.0,723.0,0.0,0,311.79,0.0,1,18.3,11.07,SPY200930P00288000,288.0,0,0.0,0.0,,0.0,normalDay
2019-11-18,862.0,733.0,0.0,0,312.02,0.0,1,18.3,10.97,SPY200930P00288000,288.0,0,0.0,0.0,,0.0,normalDay
2019-11-19,862.0,716.0,0.0,0,311.93,0.0,1,18.3,11.14,SPY200930P00288000,288.0,0,0.0,0.0,,0.0,normalDay
2019-11-20,862.0,671.0,0.0,0,310.77,0.0,1,18.3,11.59,SPY200930P00288000,288.0,0,0.0,0.0,,0.0,normalDay
2019-11-21,862.0,645.0,0.0,0,310.27,0.0,1,18.3,11.85,SPY200930P00288000,288.0,0,0.0,0.0,,0.0,normalDay
2019-11-22,862.0,680.0,0.0,0,310.96,0.0,1,18.3,11.5,SPY200930P00288000,288.0,0,0.0,0.0,,0.0,normalDay
2019-11-25,862.0,764.0,0.0,0,313.37,0.0,1,18.3,10.66,SPY200930P00288000,288.0,0,0.0,0.0,,0.0,normalDay
2019-11-26,862.0,800.0,0.0,0,314.08,0.0,1,18.3,10.3,SPY200930P00288000,288.0,0,0.0,0.0,,0.0,normalDay
2019-11-27,862.0,825.0,0.0,0,315.48,0.0,1,18.3,10.05,SPY200930P00288000,288.0,0,0.0,0.0,,0.0,normalDay
2019-11-29,862.0,786.0,0.0,0,314.31,0.0,1,18.3,10.44,SPY200930P00288000,288.0,0,0.0,0.0,,0.0,normalDay
2019-12-02,862.0,684.0,0.0,0,311.64,0.0,1,18.3,11.46,SPY200930P00288000,288.0,0,0.0,0.0,,0.0,normalDay
2019-12-03,862.0,601.0,0.0,0,309.55,0.0,1,18.3,12.29,SPY200930P00288000,288.0,0,0.0,0.0,,0.0,normalDay
2019-12-04,862.0,671.0,0.0,0,311.46,0.0,1,18.3,11.59,SPY200930P00288000,288.0,0,0.0,0.0,,0.0,normalDay
2019-12-05,862.0,707.0,0.0,0,312.02,0.0,1,18.3,11.23,SPY200930P00288000,288.0,0,0.0,0.0,,0.0,normalDay
2019-12-06,862.0,791.0,0.0,0,314.87,0.0,1,18.3,10.39,SPY200930P00288000,288.0,0,0.0,0.0,,0.0,normalDay
2019-12-09,862.0,740.0,0.0,0,313.88,0.0,1,18.3,10.9,SPY200930P00288000,288.0,0,0.0,0.0,,0.0,normalDay
2019-12-10,862.0,751.0,0.0,0,313.53,0.0,1,18.3,10.79,SPY200930P00288000,288.0,0,0.0,0.0,,0.0,normalDay
2019-12-11,862.0,788.0,0.0,0,314.42,0.0,1,18.3,10.42,SPY200930P00288000,288.0,0,0.0,0.0,,0.0,normalDay
2019-12-12,862.0,873.0,0.0,0,317.13,0.0,1,18.3,9.57,SPY200930P00288000,288.0,0,0.0,0.0,,0.0,normalDay
2019-12-13,862.0,917.0,0.0,0,317.32,0.0,1,18.3,9.13,SPY200930P00288000,288.0,0,0.0,0.0,,0.0,normalDay
2019-12-16,862.0,993.0,0.0,0,319.5,0.0,1,18.3,8.37,SPY200930P00288000,288.0,0,0.0,0.0,,0.0,normalDay
2019-12-17,862.0,978.0,0.0,0,319.57,0.0,1,18.3,8.52,SPY200930P00288000,288.0,0,0.0,0.0,,0.0,normalDay
2019-12-18,862.0,982.0,0.0,0,319.59,0.0,1,18.3,8.48,SPY200930P00288000,288.0,0,0.0,0.0,,0.0,normalDay
2019-12-19,862.0,1008.0,0.0,0,320.9,0.0,1,18.3,8.22,SPY200930P00288000,288.0,0,0.0,0.0,,0.0,normalDay
2019-12-20,862.0,1040.0,0.0,0,320.73,0.0,1,18.3,7.9,SPY200930P00288000,288.0,0,0.0,0.0,,0.0,normalDay
2019-12-23,862.0,1041.0,0.0,0,321.22,0.0,1,18.3,7.89,SPY200930P00288000,288.0,0,0.0,0.0,,0.0,normalDay
2019-12-24,862.0,1047.0,0.0,0,321.23,0.0,1,18.3,7.83,SPY200930P00288000,288.0,0,0.0,0.0,,0.0,normalDay
2019-12-26,862.0,1084.0,0.0,0,322.94,0.0,1,18.3,7.46,SPY200930P00288000,288.0,0,0.0,0.0,,0.0,normalDay
2019-12-27,862.0,1063.0,0.0,0,322.86,0.0,1,18.3,7.67,SPY200930P00288000,288.0,0,0.0,0.0,,0.0,normalDay
2019-12-30,862.0,1019.0,0.0,0,321.08,0.0,1,18.3,8.11,SPY200930P00288000,288.0,0,0.0,0.0,,0.0,normalDay
2019-12-31,862.0,1058.0,0.0,0,321.86,0.0,1,18.3,7.72,SPY200930P00288000,288.0,0,0.0,0.0,,0.0,normalDay
2020-01-02,862.0,1134.0,0.0,0,324.87,0.0,1,18.3,6.96,SPY200930P00288000,288.0,0,0.0,0.0,,0.0,normalDay
2020-01-03,862.0,1060.0,0.0,0,322.41,0.0,1,18.3,7.7,SPY200930P00288000,288.0,0,0.0,0.0,,0.0,normalDay
2020-01-06,862.0,1099.0,0.0,0,323.64,0.0,1,18.3,7.31,SPY200930P00288000,288.0,0,0.0,0.0,,0.0,normalDay
2020-01-07,862.0,1087.0,0.0,0,322.73,0.0,1,18.3,7.43,SPY200930P00288000,288.0,0,0.0,0.0,,0.0,normalDay
2020-01-08,862.0,1141.0,0.0,0,324.45,0.0,1,18.3,6.89,SPY200930P00288000,288.0,0,0.0,0.0,,0.0,normalDay
2020-01-09,862.0,1193.0,0.0,0,326.65,0.0,1,18.3,6.37,SPY200930P00288000,288.0,0,0.0,0.0,,0.0,normalDay
2020-01-10,862.0,1173.0,0.0,0,325.71,0.0,1,18.3,6.57,SPY200930P00288000,288.0,0,0.0,0.0,,0.0,normalDay
2020-01-13,862.0,1228.0,0.0,0,327.95,0.0,1,18.3,6.02,SPY200930P00288000,288.0,0,0.0,0.0,,0.0,normalDay
2020-01-14,862.0,1236.0,0.0,0,327.45,0.0,1,18.3,5.94,SPY200930P00288000,288.0,0,0.0,0.0,,0.0,normalDay
2020-01-15,862.0,1247.0,0.0,0,328.19,0.0,1,18.3,5.83,SPY200930P00288000,288.0,0,0.0,0.0,,0.0,normalDay
2020-01-16,862.0,1291.0,0.0,0,330.92,0.0,1,18.3,5.39,SPY200930P00288000,288.0,0,0.0,0.0,,0.0,normalDay
2020-01-17,862.0,1311.0,0.0,0,331.95,0.0,1,18.3,5.19,SPY200930P00288000,288.0,0,0.0,0.0,,0.0,normalDay
2020-01-21,862.0,1298.0,0.0,0,331.3,0.0,1,18.3,5.32,SPY200930P00288000,288.0,0,0.0,0.0,,0.0,normalDay
2020-01-22,862.0,1291.0,0.0,0,331.34,0.0,1,18.3,5.39,SPY200930P00288000,288.0,0,0.0,0.0,,0.0,normalDay
2020-01-23,862.0,1300.0,0.0,0,331.72,0.0,1,18.3,5.3,SPY200930P00288000,288.0,0,0.0,0.0,,0.0,normalDay
2020-01-24,862.0,1233.0,0.0,0,328.77,0.0,1,18.3,5.97,SPY200930P00288000,288.0,0,0.0,0.0,,0.0,normalDay
2020-01-27,862.0,1088.0,0.0,0,323.5,0.0,1,18.3,7.42,SPY200930P00288000,288.0,0,0.0,0.0,,0.0,normalDay
2020-01-28,862.0,1188.0,0.0,0,326.89,0.0,1,18.3,6.42,SPY200930P00288000,288.0,0,0.0,0.0,,0.0,normalDay
2020-01-29,862.0,1188.0,0.0,0,326.62,0.0,1,18.3,6.42,SPY200930P00288000,288.0,0,0.0,0.0,,0.0,normalDay
2020-01-30,862.0,1227.0,0.0,0,327.68,0.0,1,18.3,6.03,SPY200930P00288000,288.0,0,0.0,0.0,,0.0,normalDay
2020-01-31,862.0,1071.0,0.0,0,321.73,0.0,1,18.3,7.59,SPY200930P00288000,288.0,0,0.0,0.0,,0.0,normalDay
2020-02-03,862.0,1129.0,0.0,0,324.12,0.0,1,18.3,7.01,SPY200930P00288000,288.0,0,0.0,0.0,,0.0,normalDay
2020-02-04,862.0,1261.0,0.0,0,329.06,0.0,1,18.3,5.69,SPY200930P00288000,288.0,0,0.0,0.0,,0.0,normalDay
2020-02-05,862.0,1330.0,0.0,0,332.86,0.0,1,18.3,5.0,SPY200930P00288000,288.0,0,0.0,0.0,,0.0,normalDay
2020-02-06,862.0,1339.0,0.0,0,333.98,0.0,1,18.3,4.91,SPY200930P00288000,288.0,0,0.0,0.0,,0.0,normalDay
2020-02-07,862.0,1303.0,0.0,0,332.2,0.0,1,18.3,5.27,SPY200930P00288000,288.0,0,0.0,0.0,,0.0,normalDay
2020-02-10,862.0,1352.0,0.0,0,334.68,0.0,1,18.3,4.78,SPY200930P00288000,288.0,0,0.0,0.0,,0.0,normalDay
2020-02-11,862.0,1356.0,0.0,0,335.26,0.0,1,18.3,4.74,SPY200930P00288000,288.0,0,0.0,0.0,,0.0,normalDay
2020-02-12,862.0,1393.0,0.0,0,337.42,0.0,1,18.3,4.37,SPY200930P00288000,288.0,0,0.0,0.0,,0.0,normalDay
2020-02-13,862.0,1384.0,0.0,0,337.06,0.0,1,18.3,4.46,SPY200930P00288000,288.0,0,0.0,0.0,,0.0,normalDay
2020-02-14,862.0,1393.0,0.0,0,337.6,0.0,1,18.3,4.37,SPY200930P00288000,288.0,0,0.0,0.0,,0.0,normalDay
2020-02-18,862.0,1373.0,0.0,0,336.73,0.0,1,18.3,4.57,SPY200930P00288000,288.0,0,0.0,0.0,,0.0,normalDay
2020-02-19,862.0,1395.0,0.0,0,338.34,0.0,1,18.3,4.35,SPY200930P00288000,288.0,0,0.0,0.0,,0.0,normalDay
2020-02-20,862.0,1363.0,0.0,0,336.95,0.0,1,18.3,4.67,SPY200930P00288000,288.0,0,0.0,0.0,,0.0,normalDay
2020-02-21,862.0,1288.0,0.0,0,333.48,0.0,1,18.3,5.42,SPY200930P00288000,288.0,0,0.0,0.0,,0.0,normalDay
2020-02-24,862.0,997.0,0.0,0,322.42,0.0,1,18.3,8.33,SPY200930P00288000,288.0,0,0.0,0.0,,0.0,normalDay
2020-02-25,862.0,748.0,0.0,0,312.65,0.0,1,18.3,10.82,SPY200930P00288000,288.0,0,0.0,0.0,,0.0,normalDay
2020-02-26,862.0,719.0,0.0,0,311.5,0.0,1,18.3,11.11,SPY200930P00288000,288.0,0,0.0,0.0,,0.0,normalDay
2020-02-27,862.0,-64.0,0.0,0,297.51,0.0,1,18.3,18.94,SPY200930P00288000,288.0,0,0.0,0.0,,0.0,normalDay
2020-02-28,862.0,-99.0,0.0,0,296.26,0.0,1,18.3,19.29,SPY200930P00288000,288.0,0,0.0,0.0,,0.0,normalDay
2020-03-02,862.0,502.0,0.0,0,309.09,0.0,1,18.3,13.28,SPY200930P00288000,288.0,0,0.0,0.0,,0.0,normalDay
2020-03-03,862.0,155.0,0.0,0,300.24,0.0,1,18.3,16.75,SPY200930P00288000,288.0,0,0.0,0.0,,0.0,normalDay
2020-03-04,862.0,501.0,0.0,0,312.86,0.0,1,18.3,13.29,SPY200930P00288000,288.0,0,0.0,0.0,,0.0,normalDay
2020-03-05,862.0,-43.0,0.0,0,302.46,0.0,1,18.3,18.73,SPY200930P00288000,288.0,0,0.0,0.0,,0.0,normalDay
2020-03-06,862.0,-477.0,0.0,0,297.46,0.0,1,18.3,23.07,SPY200930P00288000,288.0,0,0.0,0.0,,0.0,normalDay
2020-03-09,862.0,-1721.0,0.0,0,274.23,0.0,1,18.3,35.51,SPY200930P00288000,288.0,0,0.0,0.0,,0.0,normalDay
2020-03-10,862.0,-899.0,0.0,0,288.42,0.0,1,18.3,27.29,SPY200930P00288000,288.0,0,0.0,0.0,,0.0,normalDay
2020-03-11,862.0,-1768.0,0.0,0,274.36,0.0,1,18.3,35.98,SPY200930P00288000,288.0,0,0.0,0.0,,0.0,normalDay
2020-03-12,862.0,-3748.0,0.0,0,248.11,0.0,1,18.3,55.78,SPY200930P00288000,288.0,0,0.0,0.0,,0.0,normalDay
2020-03-13,862.0,-1996.0,0.0,0,269.32,0.0,1,18.3,38.26,SPY200930P00288000,288.0,0,0.0,0.0,,0.0,normalDay
2020-03-16,862.0,-4228.0,0.0,0,239.85,0.0,1,18.3,60.58,SPY200930P00288000,288.0,0,0.0,0.0,,0.0,normalDay
2020-03-17,862.0,-3558.0,0.0,0,252.8,0.0,1,18.3,53.88,SPY200930P00288000,288.0,0,0.0,0.0,,0.0,normalDay
2020-03-18,862.0,-4366.0,0.0,0,240.0,0.0,1,18.3,61.96,SPY200930P00288000,288.0,0,0.0,0.0,,0.0,normalDay
2020-03-19,862.0,-4100.0,0.0,0,240.51,0.0,1,18.3,59.3,SPY200930P00288000,288.0,0,0.0,0.0,,0.0,normalDay
2020-03-20,862.0,-4683.0,0.0,0,228.8,0.0,1,18.3,65.13,SPY200930P00288000,288.0,0,0.0,0.0,,0.0,normalDay
2020-03-23,862.0,-5300.0,0.0,0,222.95,0.0,1,18.3,71.3,SPY200930P00288000,288.0,0,0.0,0.0,,0.0,normalDay
2020-03-24,862.0,-3417.0,0.0,0,243.15,0.0,1,18.3,52.47,SPY200930P00288000,288.0,0,0.0,0.0,,0.0,normalDay
2020-03-25,862.0,-3225.0,0.0,0,246.79,0.0,1,18.3,50.55,SPY200930P00288000,288.0,0,0.0,0.0,,0.0,normalDay
2020-03-26,862.0,-2272.0,0.0,0,261.2,0.0,1,18.3,41.02,SPY200930P00288000,288.0,0,0.0,0.0,,0.0,normalDay
2020-03-27,862.0,-2759.0,0.0,0,253.42,0.0,1,18.3,45.89,SPY200930P00288000,288.0,0,0.0,0.0,,0.0,normalDay
2020-03-30,862.0,-2232.0,0.0,0,261.65,0.0,1,18.3,40.62,SPY200930P00288000,288.0,0,0.0,0.0,,0.0,normalDay
2020-03-31,862.0,-2385.0,0.0,0,257.75,0.0,1,18.3,42.15,SPY200930P00288000,288.0,0,0.0,0.0,,0.0,normalDay
2020-04-01,862.0,-3243.0,0.0,0,246.15,0.0,1,18.3,50.73,SPY200930P00288000,288.0,0,0.0,0.0,,0.0,normalDay
2020-04-02,862.0,-2716.0,0.0,0,251.83,0.0,1,18.3,45.46,SPY200930P00288000,288.0,0,0.0,0.0,,0.0,normalDay
2020-04-03,862.0,-2935.0,0.0,0,248.19,0.0,1,18.3,47.65,SPY200930P00288000,288.0,0,0.0,0.0,,0.0,normalDay
2020-04-06,862.0,-1780.0,0.0,0,264.86,0.0,1,18.3,36.1,SPY200930P00288000,288.0,0,0.0,0.0,,0.0,normalDay
2020-04-07,862.0,-1888.0,0.0,0,265.13,0.0,1,18.3,37.18,SPY200930P00288000,288.0,0,0.0,0.0,,0.0,normalDay
2020-04-08,862.0,-1341.0,0.0,0,274.03,0.0,1,18.3,31.71,SPY200930P00288000,288.0,0,0.0,0.0,,0.0,normalDay
2020-04-09,862.0,-1153.0,0.0,0,278.2,0.0,1,18.3,29.83,SPY200930P00288000,288.0,0,0.0,0.0,,0.0,normalDay
2020-04-13,862.0,-1231.0,0.0,0,275.66,0.0,1,18.3,30.61,SPY200930P00288000,288.0,0,0.0,0.0,,0.0,normalDay
2020-04-14,862.0,-748.0,0.0,0,283.79,0.0,1,18.3,25.78,SPY200930P00288000,288.0,0,0.0,0.0,,0.0,normalDay
2020-04-15,862.0,-1143.0,0.0,0,277.76,0.0,1,18.3,29.73,SPY200930P00288000,288.0,0,0.0,0.0,,0.0,normalDay
2020-04-16,862.0,-1081.0,0.0,0,279.1,0.0,1,18.3,29.11,SPY200930P00288000,288.0,0,0.0,0.0,,0.0,normalDay
2020-04-17,862.0,-680.0,0.0,0,286.64,0.0,1,18.3,25.1,SPY200930P00288000,288.0,0,0.0,0.0,,0.0,normalDay
2020-04-20,862.0,-1020.0,0.0,0,281.59,0.0,1,18.3,28.5,SPY200930P00288000,288.0,0,0.0,0.0,,0.0,normalDay
2020-04-21,862.0,-1522.0,0.0,0,273.04,0.0,1,18.3,33.52,SPY200930P00288000,288.0,0,0.0,0.0,,0.0,normalDay
2020-04-22,862.0,-1201.0,0.0,0,279.1,0.0,1,18.3,30.31,SPY200930P00288000,288.0,0,0.0,0.0,,0.0,normalDay
2020-04-23,862.0,-1181.0,0.0,0,279.08,0.0,1,18.3,30.11,SPY200930P00288000,288.0,0,0.0,0.0,,0.0,normalDay
2020-04-24,862.0,-862.0,0.0,0,282.97,0.0,1,18.3,26.92,SPY200930P00288000,288.0,0,0.0,0.0,,0.0,normalDay
2020-04-27,862.0,-537.0,0.0,0,287.05,0.0,1,18.3,23.67,SPY200930P00288000,288.0,0,0.0,0.0,,0.0,normalDay
2020-04-28,862.0,-570.0,0.0,0,285.73,0.0,1,18.3,24.0,SPY200930P00288000,288.0,0,0.0,0.0,,0.0,normalDay
2020-04-29,862.0,-190.0,0.0,0,293.21,0.0,1,18.3,20.2,SPY200930P00288000,288.0,0,0.0,0.0,,0.0,normalDay
2020-04-30,862.0,-408.0,0.0,0,290.48,0.0,1,18.3,22.38,SPY200930P00288000,288.0,0,0.0,0.0,,0.0,normalDay
2020-05-01,862.0,-788.0,0.0,0,282.79,0.0,1,18.3,26.18,SPY200930P00288000,288.0,0,0.0,0.0,,0.0,normalDay
2020-05-04,862.0,-712.0,0.0,0,283.57,0.0,1,18.3,25.42,SPY200930P00288000,288.0,0,0.0,0.0,,0.0,normalDay
2020-05-05,862.0,-536.0,0.0,0,286.19,0.0,1,18.3,23.66,SPY200930P00288000,288.0,0,0.0,0.0,,0.0,normalDay
2020-05-06,862.0,-627.0,0.0,0,284.25,0.0,1,18.3,24.57,SPY200930P00288000,288.0,0,0.0,0.0,,0.0,normalDay
2020-05-07,862.0,-385.0,0.0,0,287.68,0.0,1,18.3,22.15,SPY200930P00288000,288.0,0,0.0,0.0,,0.0,normalDay
2020-05-08,862.0,-69.0,0.0,0,292.44,0.0,1,18.3,18.99,SPY200930P00288000,288.0,0,0.0,0.0,,0.0,normalDay
2020-05-11,862.0,-41.0,0.0,0,292.5,0.0,1,18.3,18.71,SPY200930P00288000,288.0,0,0.0,0.0,,0.0,normalDay
2020-05-12,862.0,-375.0,0.0,0,286.67,0.0,1,18.3,22.05,SPY200930P00288000,288.0,0,0.0,0.0,,0.0,normalDay
2020-05-13,862.0,-613.0,0.0,0,281.6,0.0,1,18.3,24.43,SPY200930P00288000,288.0,0,0.0,0.0,,0.0,normalDay
2020-05-14,862.0,-401.0,0.0,0,284.97,0.0,1,18.3,22.31,SPY200930P00288000,288.0,0,0.0,0.0,,0.0,normalDay
2020-05-15,862.0,-352.0,0.0,0,286.28,0.0,1,18.3,21.82,SPY200930P00288000,288.0,0,0.0,0.0,,0.0,normalDay
2020-05-18,862.0,122.0,0.0,0,295.0,0.0,1,18.3,17.08,SPY200930P00288000,288.0,0,0.0,0.0,,0.0,normalDay
2020-05-19,862.0,-2.0,0.0,0,291.97,0.0,1,18.3,18.32,SPY200930P00288000,288.0,0,0.0,0.0,,0.0,normalDay
2020-05-20,862.0,257.0,0.0,0,296.93,0.0,1,18.3,15.73,SPY200930P00288000,288.0,0,0.0,0.0,,0.0,normalDay
2020-05-21,862.0,120.0,0.0,0,294.88,0.0,1,18.3,17.1,SPY200930P00288000,288.0,0,0.0,0.0,,0.0,normalDay
2020-05-22,862.0,165.0,0.0,0,295.44,0.0,1,18.3,16.65,SPY200930P00288000,288.0,0,0.0,0.0,,0.0,normalDay
2020-05-26,862.0,348.0,0.0,0,299.08,0.0,1,18.3,14.82,SPY200930P00288000,288.0,0,0.0,0.0,,0.0,normalDay
2020-05-27,862.0,517.0,0.0,0,303.53,0.0,1,18.3,13.13,SPY200930P00288000,288.0,0,0.0,0.0,,0.0,normalDay
2020-05-28,862.0,497.0,0.0,0,302.97,0.0,1,18.3,13.33,SPY200930P00288000,288.0,0,0.0,0.0,,0.0,normalDay
2020-05-29,862.0,561.0,0.0,0,304.32,0.0,1,18.3,12.69,SPY200930P00288000,288.0,0,0.0,0.0,,0.0,normalDay
2020-06-01,862.0,557.0,0.0,0,305.55,0.0,1,18.3,12.73,SPY200930P00288000,288.0,0,0.0,0.0,,0.0,normalDay
2020-06-02,862.0,664.0,0.0,0,308.08,0.0,1,18.3,11.66,SPY200930P00288000,288.0,0,0.0,0.0,,0.0,normalDay
2020-06-03,862.0,801.0,0.0,0,312.18,0.0,1,18.3,10.29,SPY200930P00288000,288.0,0,0.0,0.0,,0.0,normalDay
2020-06-04,862.0,793.0,0.0,0,311.36,0.0,1,18.3,10.37,SPY200930P00288000,288.0,0,0.0,0.0,,0.0,normalDay
2020-06-05,862.0,1011.0,0.0,0,319.34,0.0,1,18.3,8.19,SPY200930P00288000,288.0,0,0.0,0.0,,0.0,normalDay
2020-06-08,862.0,1064.0,0.0,0,323.2,0.0,1,18.3,7.66,SPY200930P00288000,288.0,0,0.0,0.0,,0.0,normalDay
2020-06-09,862.0,972.0,0.0,0,320.79,0.0,1,18.3,8.58,SPY200930P00288000,288.0,0,0.0,0.0,,0.0,normalDay
2020-06-10,862.0,910.0,0.0,0,319.0,0.0,1,18.3,9.2,SPY200930P00288000,288.0,0,0.0,0.0,,0.0,normalDay
2020-06-11,862.0,49.0,0.0,0,300.61,0.0,1,18.3,17.81,SPY200930P00288000,288.0,0,0.0,0.0,,0.0,normalDay
2020-06-12,862.0,266.0,0.0,0,304.21,0.0,1,18.3,15.64,SPY200930P00288000,288.0,0,0.0,0.0,,0.0,normalDay
2020-06-15,862.0,449.0,0.0,0,307.05,0.0,1,18.3,13.81,SPY200930P00288000,288.0,0,0.0,0.0,,0.0,normalDay
2020-06-16,862.0,625.0,0.0,0,312.96,0.0,1,18.3,12.05,SPY200930P00288000,288.0,0,0.0,0.0,,0.0,normalDay
2020-06-17,862.0,620.0,0.0,0,311.66,0.0,1,18.3,12.1,SPY200930P00288000,288.0,0,0.0,0.0,,0.0,normalDay
2020-06-18,862.0,635.0,0.0,0,311.78,0.0,1,18.3,11.95,SPY200930P00288000,288.0,0,0.0,0.0,,0.0,normalDay
2020-06-19,862.0,515.0,0.0,0,308.64,0.0,1,18.3,13.15,SPY200930P00288000,288.0,0,0.0,0.0,,0.0,normalDay
2020-06-22,862.0,727.0,0.0,0,310.62,0.0,1,18.3,11.03,SPY200930P00288000,288.0,0,0.0,0.0,,0.0,normalDay
2020-06-23,862.0,772.0,0.0,0,312.05,0.0,1,18.3,10.58,SPY200930P00288000,288.0,0,0.0,0.0,,0.0,normalDay
2020-06-24,862.0,522.0,0.0,0,304.09,0.0,1,18.3,13.08,SPY200930P00288000,288.0,0,0.0,0.0,,0.0,normalDay
2020-06-25,862.0,689.0,0.0,0,307.35,0.0,1,18.3,11.41,SPY200930P00288000,288.0,0,0.0,0.0,,0.0,normalDay
2020-06-26,862.0,451.0,0.0,0,300.05,0.0,1,18.3,13.79,SPY200930P00288000,288.0,0,0.0,0.0,,0.0,normalDay
2020-06-29,862.0,650.0,0.0,0,304.46,0.0,1,18.3,11.8,SPY200930P00288000,288.0,0,0.0,0.0,,0.0,normalDay
2020-06-30,862.0,810.0,0.0,0,308.36,0.0,1,18.3,10.2,SPY200930P00288000,288.0,0,0.0,0.0,,0.0,normalDay
2020-07-01,862.0,902.0,0.0,0,310.52,0.0,1,18.3,9.28,SPY200930P00288000,288.0,0,0.0,0.0,,0.0,normalDay
2020-07-02,862.0,980.0,0.0,0,312.23,0.0,1,18.3,8.5,SPY200930P00288000,288.0,0,0.0,0.0,,0.0,normalDay
2020-07-06,862.0,1085.0,0.0,0,317.05,0.0,1,18.3,7.45,SPY200930P00288000,288.0,0,0.0,0.0,,0.0,normalDay
2020-07-07,862.0,990.0,0.0,0,313.78,0.0,1,18.3,8.4,SPY200930P00288000,288.0,0,0.0,0.0,,0.0,normalDay
2020-07-08,862.0,1077.0,0.0,0,316.18,0.0,1,18.3,7.53,SPY200930P00288000,288.0,0,0.0,0.0,,0.0,normalDay
2020-07-09,862.0,1010.0,0.0,0,314.38,0.0,1,18.3,8.2,SPY200930P00288000,288.0,0,0.0,0.0,,0.0,normalDay
2020-07-10,862.0,1121.0,0.0,0,317.59,0.0,1,18.3,7.09,SPY200930P00288000,288.0,0,0.0,0.0,,0.0,normalDay
2020-07-13,862.0,950.0,0.0,0,314.84,0.0,1,18.3,8.8,SPY200930P00288000,288.0,0,0.0,0.0,,0.0,normalDay
2020-07-14,862.0,1116.0,0.0,0,318.92,0.0,1,18.3,7.14,SPY200930P00288000,288.0,0,0.0,0.0,,0.0,normalDay
2020-07-15,862.0,1206.0,0.0,0,321.85,0.0,1,18.3,6.24,SPY200930P00288000,288.0,0,0.0,0.0,,0.0,normalDay
2020-07-16,862.0,1186.0,0.0,0,320.79,0.0,1,18.3,6.44,SPY200930P00288000,288.0,0,0.0,0.0,,0.0,normalDay
2020-07-17,862.0,1293.0,0.0,0,321.72,0.0,1,18.3,5.37,SPY200930P00288000,288.0,0,0.0,0.0,,0.0,normalDay
2020-07-20,862.0,1378.0,0.0,0,324.32,0.0,1,18.3,4.52,SPY200930P00288000,288.0,0,0.0,0.0,,0.0,normalDay
2020-07-21,862.0,1385.0,0.0,0,325.01,0.0,1,18.3,4.45,SPY200930P00288000,288.0,0,0.0,0.0,,0.0,normalDay
2020-07-22,862.0,1419.0,0.0,0,326.86,0.0,1,18.3,4.11,SPY200930P00288000,288.0,0,0.0,0.0,,0.0,normalDay
2020-07-23,862.0,1334.0,0.0,0,322.96,0.0,1,18.3,4.96,SPY200930P00288000,288.0,0,0.0,0.0,,0.0,normalDay
2020-07-24,862.0,1333.0,0.0,0,320.88,0.0,1,18.3,4.97,SPY200930P00288000,288.0,0,0.0,0.0,,0.0,normalDay
2020-07-27,862.0,1406.0,0.0,0,323.22,0.0,1,18.3,4.24,SPY200930P00288000,288.0,0,0.0,0.0,,0.0,normalDay
2020-07-28,862.0,1374.0,0.0,0,321.17,0.0,1,18.3,4.56,SPY200930P00288000,288.0,0,0.0,0.0,,0.0,normalDay
2020-07-29,862.0,1453.0,0.0,0,325.12,0.0,1,18.3,3.77,SPY200930P00288000,288.0,0,0.0,0.0,,0.0,normalDay
2020-07-30,862.0,1424.0,0.0,0,323.96,0.0,1,18.3,4.06,SPY200930P00288000,288.0,0,0.0,0.0,,0.0,normalDay
2020-07-31,862.0,1480.0,0.0,0,326.52,0.0,1,18.3,3.5,SPY200930P00288000,288.0,0,0.0,0.0,,0.0,normalDay
2020-08-03,862.0,1517.0,0.0,0,328.79,0.0,1,18.3,3.13,SPY200930P00288000,288.0,0,0.0,0.0,,0.0,normalDay
2020-08-04,862.0,1549.0,0.0,0,330.06,0.0,1,18.3,2.81,SPY200930P00288000,288.0,0,0.0,0.0,,0.0,normalDay
2020-08-05,862.0,1584.0,0.0,0,332.11,0.0,1,18.3,2.46,SPY200930P00288000,288.0,0,0.0,0.0,,0.0,normalDay
2020-08-06,862.0,1607.0,0.0,0,334.33,0.0,1,18.3,2.23,SPY200930P00288000,288.0,0,0.0,0.0,,0.0,normalDay
2020-08-07,862.0,1615.0,0.0,0,334.57,0.0,1,18.3,2.15,SPY200930P00288000,288.0,0,0.0,0.0,,0.0,normalDay
2020-08-10,862.0,1637.0,0.0,0,335.57,0.0,1,18.3,1.93,SPY200930P00288000,288.0,0,0.0,0.0,,0.0,normalDay
2020-08-11,862.0,1591.0,0.0,0,332.8,0.0,1,18.3,2.39,SPY200930P00288000,288.0,0,0.0,0.0,,0.0,normalDay
2020-08-12,862.0,1653.0,0.0,0,337.44,0.0,1,18.3,1.77,SPY200930P00288000,288.0,0,0.0,0.0,,0.0,normalDay
2020-08-13,862.0,1653.0,0.0,0,336.83,0.0,1,18.3,1.77,SPY200930P00288000,288.0,0,0.0,0.0,,0.0,normalDay
2020-08-14,862.0,1663.0,0.0,0,336.84,0.0,1,18.3,1.67,SPY200930P00288000,288.0,0,0.0,0.0,,0.0,normalDay
2020-08-17,862.0,1692.0,0.0,0,337.91,0.0,1,18.3,1.38,SPY200930P00288000,288.0,0,0.0,0.0,,0.0,normalDay
2020-08-18,862.0,1701.0,0.0,0,338.64,0.0,1,18.3,1.29,SPY200930P00288000,288.0,0,0.0,0.0,,0.0,normalDay
2020-08-19,862.0,1688.0,0.0,0,337.23,0.0,1,18.3,1.42,SPY200930P00288000,288.0,0,0.0,0.0,,0.0,normalDay
2020-08-20,862.0,1695.0,0.0,0,338.28,0.0,1,18.3,1.35,SPY200930P00288000,288.0,0,0.0,0.0,,0.0,normalDay
2020-08-21,862.0,1709.0,0.0,0,339.48,0.0,1,18.3,1.21,SPY200930P00288000,288.0,0,0.0,0.0,,0.0,normalDay
2020-08-24,862.0,1732.0,0.0,0,342.92,0.0,1,18.3,0.98,SPY200930P00288000,288.0,0,0.0,0.0,,0.0,normalDay
2020-08-25,862.0,1744.0,0.0,0,344.12,0.0,1,18.3,0.86,SPY200930P00288000,288.0,0,0.0,0.0,,0.0,normalDay
2020-08-26,862.0,1746.0,0.0,0,347.57,0.0,1,18.3,0.84,SPY200930P00288000,288.0,0,0.0,0.0,,0.0,normalDay
2020-08-27,862.0,1741.0,0.0,0,348.33,0.0,1,18.3,0.89,SPY200930P00288000,288.0,0,0.0,0.0,,0.0,normalDay
2020-08-28,862.0,1762.0,0.0,0,350.58,0.0,1,18.3,0.68,SPY200930P00288000,288.0,0,0.0,0.0,,0.0,normalDay
2020-08-31,862.0,1744.0,0.0,0,349.31,0.0,1,18.3,0.86,SPY200930P00288000,288.0,0,0.0,0.0,,0.0,normalDay
2020-09-01,862.0,1754.0,0.0,0,352.6,0.0,1,18.3,0.76,SPY200930P00288000,288.0,0,0.0,0.0,,0.0,normalDay
2020-09-02,862.0,1768.0,0.0,0,357.7,0.0,1,18.3,0.62,SPY200930P00288000,288.0,0,0.0,0.0,,0.0,normalDay
2020-09-03,862.0,1698.0,0.0,0,345.39,0.0,1,18.3,1.32,SPY200930P00288000,288.0,0,0.0,0.0,,0.0,normalDay
2020-09-04,862.0,1713.0,0.0,0,342.57,0.0,1,18.3,1.17,SPY200930P00288000,288.0,0,0.0,0.0,,0.0,normalDay
2020-09-08,862.0,1706.0,0.0,0,333.21,0.0,1,18.3,1.24,SPY200930P00288000,288.0,0,0.0,0.0,,0.0,normalDay
2020-09-09,862.0,1756.0,0.0,0,339.79,0.0,1,18.3,0.74,SPY200930P00288000,288.0,0,0.0,0.0,,0.0,normalDay
2020-09-10,862.0,1740.0,0.0,0,333.89,0.0,1,18.3,0.9,SPY200930P00288000,288.0,0,0.0,0.0,,0.0,normalDay
2020-09-11,862.0,1777.0,0.0,0,334.06,0.0,1,18.3,0.53,SPY200930P00288000,288.0,0,0.0,0.0,,0.0,normalDay
2020-09-14,862.0,1802.0,0.0,0,338.46,0.0,1,18.3,0.28,SPY200930P00288000,288.0,0,0.0,0.0,,0.0,normalDay
2020-09-15,862.0,1806.0,0.0,0,340.17,0.0,1,18.3,0.24,SPY200930P00288000,288.0,0,0.0,0.0,,0.0,normalDay
2020-09-16,862.0,1806.0,0.0,0,338.82,0.0,1,18.3,0.24,SPY200930P00288000,288.0,0,0.0,0.0,,0.0,normalDay
2020-09-17,862.0,1805.0,0.0,0,335.84,0.0,1,18.3,0.25,SPY200930P00288000,288.0,0,0.0,0.0,,0.0,normalDay
2020-09-18,862.0,1808.0,0.0,0,330.65,0.0,1,18.3,0.22,SPY200930P00288000,288.0,0,0.0,0.0,,0.0,normalDay
2020-09-21,862.0,1813.0,0.0,0,326.97,0.0,1,18.3,0.17,SPY200930P00288000,288.0,0,0.0,0.0,,0.0,normalDay
2020-09-22,862.0,1821.0,0.0,0,330.3,0.0,1,18.3,0.09,SPY200930P00288000,288.0,0,0.0,0.0,,0.0,normalDay
2020-09-23,862.0,1816.0,0.0,0,322.64,0.0,1,18.3,0.14,SPY200930P00288000,288.0,0,0.0,0.0,,0.0,normalDay
2020-09-24,862.0,1821.0,0.0,0,323.5,0.0,1,18.3,0.09,SPY200930P00288000,288.0,0,0.0,0.0,,0.0,normalDay
2020-09-25,862.0,1827.0,0.0,0,328.73,0.0,1,18.3,0.03,SPY200930P00288000,288.0,0,0.0,0.0,,0.0,normalDay
2020-09-28,862.0,1829.0,0.0,0,334.19,0.0,1,18.3,0.01,SPY200930P00288000,288.0,0,0.0,0.0,,0.0,normalDay
2020-09-29,862.0,1829.0,0.0,0,332.37,0.0,1,18.3,0.01,SPY200930P00288000,288.0,0,0.0,0.0,,0.0,normalDay
2020-09-30,2692.0,0.0,1830.0,0,334.89,0.0,1,18.3,0.0,SPY200930P00288000,288.0,0,0.0,0.0,,0.0,expirationDay
2020-10-01,2692.0,-98.0,0.0,0,337.04,0.0,1,23.51,24.49,SPY210930P00309000,309.0,0,0.0,0.0,,0.0,normalDay
2020-10-02,2692.0,-212.0,0.0,0,333.84,0.0,1,23.51,25.63,SPY210930P00309000,309.0,0,0.0,0.0,,0.0,normalDay
2020-10-05,2692.0,7.0,0.0,0,339.76,0.0,1,23.51,23.44,SPY210930P00309000,309.0,0,0.0,0.0,,0.0,normalDay
2020-10-06,2692.0,-152.0,0.0,0,334.93,0.0,1,23.51,25.03,SPY210930P00309000,309.0,0,0.0,0.0,,0.0,normalDay
2020-10-07,2692.0,78.0,0.0,0,340.76,0.0,1,23.51,22.73,SPY210930P00309000,309.0,0,0.0,0.0,,0.0,normalDay
2020-10-08,2692.0,202.0,0.0,0,343.78,0.0,1,23.51,21.49,SPY210930P00309000,309.0,0,0.0,0.0,,0.0,normalDay
2020-10-09,2692.0,340.0,0.0,0,346.85,0.0,1,23.51,20.11,SPY210930P00309000,309.0,0,0.0,0.0,,0.0,normalDay
2020-10-12,2692.0,493.0,0.0,0,352.43,0.0,1,23.51,18.58,SPY210930P00309000,309.0,0,0.0,0.0,,0.0,normalDay
2020-10-13,2692.0,426.0,0.0,0,350.13,0.0,1,23.51,19.25,SPY210930P00309000,309.0,0,0.0,0.0,,0.0,normalDay
2020-10-14,2692.0,391.0,0.0,0,347.93,0.0,1,23.51,19.6,SPY210930P00309000,309.0,0,0.0,0.0,,0.0,normalDay
2020-10-15,2692.0,374.0,0.0,0,347.5,0.0,1,23.51,19.77,SPY210930P00309000,309.0,0,0.0,0.0,,0.0,normalDay
2020-10-16,2692.0,325.0,0.0,0,347.29,0.0,1,23.51,20.26,SPY210930P00309000,309.0,0,0.0,0.0,,0.0,normalDay
2020-10-19,2692.0,161.0,0.0,0,342.01,0.0,1,23.51,21.9,SPY210930P00309000,309.0,0,0.0,0.0,,0.0,normalDay
2020-10-20,2692.0,184.0,0.0,0,343.38,0.0,1,23.51,21.67,SPY210930P00309000,309.0,0,0.0,0.0,,0.0,normalDay
2020-10-21,2692.0,238.0,0.0,0,342.73,0.0,1,23.51,21.13,SPY210930P00309000,309.0,0,0.0,0.0,,0.0,normalDay
2020-10-22,2692.0,306.0,0.0,0,344.61,0.0,1,23.51,20.45,SPY210930P00309000,309.0,0,0.0,0.0,,0.0,normalDay
2020-10-23,2692.0,356.0,0.0,0,345.78,0.0,1,23.51,19.95,SPY210930P00309000,309.0,0,0.0,0.0,,0.0,normalDay
2020-10-26,2692.0,115.0,0.0,0,339.39,0.0,1,23.51,22.36,SPY210930P00309000,309.0,0,0.0,0.0,,0.0,normalDay
2020-10-27,2692.0,111.0,0.0,0,338.22,0.0,1,23.51,22.4,SPY210930P00309000,309.0,0,0.0,0.0,,0.0,normalDay
2020-10-28,2692.0,-425.0,0.0,0,326.66,0.0,1,23.51,27.76,SPY210930P00309000,309.0,0,0.0,0.0,,0.0,normalDay
2020-10-29,2692.0,-218.0,0.0,0,329.98,0.0,1,23.51,25.69,SPY210930P00309000,309.0,0,0.0,0.0,,0.0,normalDay
2020-10-30,2692.0,-296.0,0.0,0,326.54,0.0,1,23.51,26.47,SPY210930P00309000,309.0,0,0.0,0.0,,0.0,normalDay
2020-11-02,2692.0,-85.0,0.0,0,330.2,0.0,1,23.51,24.36,SPY210930P00309000,309.0,0,0.0,0.0,,0.0,normalDay
2020-11-03,2692.0,113.0,0.0,0,336.03,0.0,1,23.51,22.38,SPY210930P00309000,309.0,0,0.0,0.0,,0.0,normalDay
2020-11-04,2692.0,428.0,0.0,0,343.54,0.0,1,23.51,19.23,SPY210930P00309000,309.0,0,0.0,0.0,,0.0,normalDay
2020-11-05,2692.0,553.0,0.0,0,350.24,0.0,1,23.51,17.98,SPY210930P00309000,309.0,0,0.0,0.0,,0.0,normalDay
2020-11-06,2692.0,606.0,0.0,0,350.16,0.0,1,23.51,17.45,SPY210930P00309000,309.0,0,0.0,0.0,,0.0,normalDay
2020-11-09,2692.0,774.0,0.0,0,354.56,0.0,1,23.51,15.77,SPY210930P00309000,309.0,0,0.0,0.0,,0.0,normalDay
2020-11-10,2692.0,766.0,0.0,0,354.04,0.0,1,23.51,15.85,SPY210930P00309000,309.0,0,0.0,0.0,,0.0,normalDay
2020-11-11,2692.0,836.0,0.0,0,356.67,0.0,1,23.51,15.15,SPY210930P00309000,309.0,0,0.0,0.0,,0.0,normalDay
2020-11-12,2692.0,712.0,0.0,0,353.21,0.0,1,23.51,16.39,SPY210930P00309000,309.0,0,0.0,0.0,,0.0,normalDay
2020-11-13,2692.0,848.0,0.0,0,358.1,0.0,1,23.51,15.03,SPY210930P00309000,309.0,0,0.0,0.0,,0.0,normalDay
2020-11-16,2692.0,930.0,0.0,0,362.57,0.0,1,23.51,14.21,SPY210930P00309000,309.0,0,0.0,0.0,,0.0,normalDay
2020-11-17,2692.0,896.0,0.0,0,360.62,0.0,1,23.51,14.55,SPY210930P00309000,309.0,0,0.0,0.0,,0.0,normalDay
2020-11-18,2692.0,793.0,0.0,0,356.28,0.0,1,23.51,15.58,SPY210930P00309000,309.0,0,0.0,0.0,,0.0,normalDay
2020-11-19,2692.0,855.0,0.0,0,357.78,0.0,1,23.51,14.96,SPY210930P00309000,309.0,0,0.0,0.0,,0.0,normalDay
2020-11-20,2692.0,780.0,0.0,0,355.33,0.0,1,23.51,15.71,SPY210930P00309000,309.0,0,0.0,0.0,,0.0,normalDay
2020-11-23,2692.0,861.0,0.0,0,357.46,0.0,1,23.51,14.9,SPY210930P00309000,309.0,0,0.0,0.0,,0.0,normalDay
2020-11-24,2692.0,991.0,0.0,0,363.22,0.0,1,23.51,13.6,SPY210930P00309000,309.0,0,0.0,0.0,,0.0,normalDay
2020-11-25,2692.0,991.0,0.0,0,362.66,0.0,1,23.51,13.6,SPY210930P00309000,309.0,0,0.0,0.0,,0.0,normalDay
2020-11-27,2692.0,965.0,0.0,0,363.67,0.0,1,23.51,13.86,SPY210930P00309000,309.0,0,0.0,0.0,,0.0,normalDay
2020-11-30,2692.0,1025.0,0.0,0,362.06,0.0,1,23.51,13.26,SPY210930P00309000,309.0,0,0.0,0.0,,0.0,normalDay
2020-12-01,2692.0,1067.0,0.0,0,366.02,0.0,1,23.51,12.84,SPY210930P00309000,309.0,0,0.0,0.0,,0.0,normalDay
2020-12-02,2692.0,1083.0,0.0,0,366.79,0.0,1,23.51,12.68,SPY210930P00309000,309.0,0,0.0,0.0,,0.0,normalDay
2020-12-03,2692.0,1076.0,0.0,0,366.69,0.0,1,23.51,12.75,SPY210930P00309000,309.0,0,0.0,0.0,,0.0,normalDay
2020-12-04,2692.0,1133.0,0.0,0,369.85,0.0,1,23.51,12.18,SPY210930P00309000,309.0,0,0.0,0.0,,0.0,normalDay
2020-12-07,2692.0,1103.0,0.0,0,369.09,0.0,1,23.51,12.48,SPY210930P00309000,309.0,0,0.0,0.0,,0.0,normalDay
2020-12-08,2692.0,1156.0,0.0,0,370.17,0.0,1,23.51,11.95,SPY210930P00309000,309.0,0,0.0,0.0,,0.0,normalDay
2020-12-09,2692.0,1072.0,0.0,0,366.85,0.0,1,23.51,12.79,SPY210930P00309000,309.0,0,0.0,0.0,,0.0,normalDay
2020-12-10,2692.0,1062.0,0.0,0,366.73,0.0,1,23.51,12.89,SPY210930P00309000,309.0,0,0.0,0.0,,0.0,normalDay
2020-12-11,2692.0,1030.0,0.0,0,366.3,0.0,1,23.51,13.21,SPY210930P00309000,309.0,0,0.0,0.0,,0.0,normalDay
2020-12-14,2692.0,981.0,0.0,0,364.66,0.0,1,23.51,13.7,SPY210930P00309000,309.0,0,0.0,0.0,,0.0,normalDay
2020-12-15,2692.0,1078.0,0.0,0,369.59,0.0,1,23.51,12.73,SPY210930P00309000,309.0,0,0.0,0.0,,0.0,normalDay
2020-12-16,2692.0,1106.0,0.0,0,370.17,0.0,1,23.51,12.45,SPY210930P00309000,309.0,0,0.0,0.0,,0.0,normalDay
2020-12-17,2692.0,1165.0,0.0,0,372.24,0.0,1,23.51,11.86,SPY210930P00309000,309.0,0,0.0,0.0,,0.0,normalDay
2020-12-18,2692.0,1161.0,0.0,0,369.18,0.0,1,23.51,11.9,SPY210930P00309000,309.0,0,0.0,0.0,,0.0,normalDay
2020-12-21,2692.0,1062.0,0.0,0,367.86,0.0,1,23.51,12.89,SPY210930P00309000,309.0,0,0.0,0.0,,0.0,normalDay
2020-12-22,2692.0,1060.0,0.0,0,367.24,0.0,1,23.51,12.91,SPY210930P00309000,309.0,0,0.0,0.0,,0.0,normalDay
2020-12-23,2692.0,1102.0,0.0,0,367.57,0.0,1,23.51,12.49,SPY210930P00309000,309.0,0,0.0,0.0,,0.0,normalDay
2020-12-24,2692.0,1165.0,0.0,0,369.0,0.0,1,23.51,11.86,SPY210930P00309000,309.0,0,0.0,0.0,,0.0,normalDay
2020-12-28,2692.0,1226.0,0.0,0,372.17,0.0,1,23.51,11.25,SPY210930P00309000,309.0,0,0.0,0.0,,0.0,normalDay
2020-12-29,2692.0,1165.0,0.0,0,371.46,0.0,1,23.51,11.86,SPY210930P00309000,309.0,0,0.0,0.0,,0.0,normalDay
2020-12-30,2692.0,1203.0,0.0,0,371.99,0.0,1,23.51,11.48,SPY210930P00309000,309.0,0,0.0,0.0,,0.0,normalDay
2020-12-31,2692.0,1238.0,0.0,0,373.88,0.0,1,23.51,11.13,SPY210930P00309000,309.0,0,0.0,0.0,,0.0,normalDay
2021-01-04,2692.0,1098.0,0.0,0,368.79,0.0,1,23.51,12.53,SPY210930P00309000,309.0,0,0.0,0.0,,0.0,normalDay
2021-01-05,2692.0,1162.0,0.0,0,371.33,0.0,1,23.51,11.89,SPY210930P00309000,309.0,0,0.0,0.0,,0.0,normalDay
2021-01-06,2692.0,1195.0,0.0,0,373.55,0.0,1,23.51,11.56,SPY210930P00309000,309.0,0,0.0,0.0,,0.0,normalDay
2021-01-07,2692.0,1346.0,0.0,0,379.1,0.0,1,23.51,10.05,SPY210930P00309000,309.0,0,0.0,0.0,,0.0,normalDay
2021-01-08,2692.0,1388.0,0.0,0,381.26,0.0,1,23.51,9.63,SPY210930P00309000,309.0,0,0.0,0.0,,0.0,normalDay
2021-01-11,2692.0,1280.0,0.0,0,378.69,0.0,1,23.51,10.71,SPY210930P00309000,309.0,0,0.0,0.0,,0.0,normalDay
2021-01-12,2692.0,1307.0,0.0,0,378.77,0.0,1,23.51,10.44,SPY210930P00309000,309.0,0,0.0,0.0,,0.0,normalDay
2021-01-13,2692.0,1345.0,0.0,0,379.79,0.0,1,23.51,10.06,SPY210930P00309000,309.0,0,0.0,0.0,,0.0,normalDay
2021-01-14,2692.0,1291.0,0.0,0,378.46,0.0,1,23.51,10.6,SPY210930P00309000,309.0,0,0.0,0.0,,0.0,normalDay
2021-01-15,2692.0,1217.0,0.0,0,375.7,0.0,1,23.51,11.34,SPY210930P00309000,309.0,0,0.0,0.0,,0.0,normalDay
2021-01-19,2692.0,1297.0,0.0,0,378.65,0.0,1,23.51,10.54,SPY210930P00309000,309.0,0,0.0,0.0,,0.0,normalDay
2021-01-20,2692.0,1393.0,0.0,0,383.89,0.0,1,23.51,9.58,SPY210930P00309000,309.0,0,0.0,0.0,,0.0,normalDay
2021-01-21,2692.0,1388.0,0.0,0,384.24,0.0,1,23.51,9.63,SPY210930P00309000,309.0,0,0.0,0.0,,0.0,normalDay
2021-01-22,2692.0,1364.0,0.0,0,382.88,0.0,1,23.51,9.87,SPY210930P00309000,309.0,0,0.0,0.0,,0.0,normalDay
2021-01-25,2692.0,1348.0,0.0,0,384.39,0.0,1,23.51,10.03,SPY210930P00309000,309.0,0,0.0,0.0,,0.0,normalDay
2021-01-26,2692.0,1336.0,0.0,0,383.79,0.0,1,23.51,10.15,SPY210930P00309000,309.0,0,0.0,0.0,,0.0,normalDay
2021-01-27,2692.0,953.0,0.0,0,374.41,0.0,1,23.51,13.98,SPY210930P00309000,309.0,0,0.0,0.0,,0.0,normalDay
2021-01-28,2692.0,1091.0,0.0,0,377.63,0.0,1,23.51,12.6,SPY210930P00309000,309.0,0,0.0,0.0,,0.0,normalDay
2021-01-29,2692.0,871.0,0.0,0,370.07,0.0,1,23.51,14.8,SPY210930P00309000,309.0,0,0.0,0.0,,0.0,normalDay
2021-02-01,2692.0,1068.0,0.0,0,376.23,0.0,1,23.51,12.83,SPY210930P00309000,309.0,0,0.0,0.0,,0.0,normalDay
2021-02-02,2692.0,1259.0,0.0,0,381.55,0.0,1,23.51,10.92,SPY210930P00309000,309.0,0,0.0,0.0,,0.0,normalDay
2021-02-03,2692.0,1312.0,0.0,0,381.85,0.0,1,23.51,10.39,SPY210930P00309000,309.0,0,0.0,0.0,,0.0,normalDay
2021-02-04,2692.0,1395.0,0.0,0,386.19,0.0,1,23.51,9.56,SPY210930P00309000,309.0,0,0.0,0.0,,0.0,normalDay
2021-02-05,2692.0,1404.0,0.0,0,387.71,0.0,1,23.51,9.47,SPY210930P00309000,309.0,0,0.0,0.0,,0.0,normalDay
2021-02-08,2692.0,1448.0,0.0,0,390.51,0.0,1,23.51,9.03,SPY210930P00309000,309.0,0,0.0,0.0,,0.0,normalDay
2021-02-09,2692.0,1438.0,0.0,0,390.25,0.0,1,23.51,9.13,SPY210930P00309000,309.0,0,0.0,0.0,,0.0,normalDay
2021-02-10,2692.0,1414.0,0.0,0,390.08,0.0,1,23.51,9.37,SPY210930P00309000,309.0,0,0.0,0.0,,0.0,normalDay
2021-02-11,2692.0,1431.0,0.0,0,390.71,0.0,1,23.51,9.2,SPY210930P00309000,309.0,0,0.0,0.0,,0.0,normalDay
2021-02-12,2692.0,1472.0,0.0,0,392.64,0.0,1,23.51,8.79,SPY210930P00309000,309.0,0,0.0,0.0,,0.0,normalDay
2021-02-16,2692.0,1442.0,0.0,0,392.3,0.0,1,23.51,9.09,SPY210930P00309000,309.0,0,0.0,0.0,,0.0,normalDay
2021-02-17,2692.0,1452.0,0.0,0,392.39,0.0,1,23.51,8.99,SPY210930P00309000,309.0,0,0.0,0.0,,0.0,normalDay
2021-02-18,2692.0,1418.0,0.0,0,390.72,0.0,1,23.51,9.33,SPY210930P00309000,309.0,0,0.0,0.0,,0.0,normalDay
2021-02-19,2692.0,1426.0,0.0,0,390.03,0.0,1,23.51,9.25,SPY210930P00309000,309.0,0,0.0,0.0,,0.0,normalDay
2021-02-22,2692.0,1380.0,0.0,0,387.03,0.0,1,23.51,9.71,SPY210930P00309000,309.0,0,0.0,0.0,,0.0,normalDay
2021-02-23,2692.0,1417.0,0.0,0,387.5,0.0,1,23.51,9.34,SPY210930P00309000,309.0,0,0.0,0.0,,0.0,normalDay
2021-02-24,2692.0,1513.0,0.0,0,391.77,0.0,1,23.51,8.38,SPY210930P00309000,309.0,0,0.0,0.0,,0.0,normalDay
2021-02-25,2692.0,1298.0,0.0,0,382.33,0.0,1,23.51,10.53,SPY210930P00309000,309.0,0,0.0,0.0,,0.0,normalDay
2021-02-26,2692.0,1325.0,0.0,0,380.36,0.0,1,23.51,10.26,SPY210930P00309000,309.0,0,0.0,0.0,,0.0,normalDay
2021-03-01,2692.0,1517.0,0.0,0,389.58,0.0,1,23.51,8.34,SPY210930P00309000,309.0,0,0.0,0.0,,0.0,normalDay
2021-03-02,2692.0,1470.0,0.0,0,386.54,0.0,1,23.51,8.81,SPY210930P00309000,309.0,0,0.0,0.0,,0.0,normalDay
2021-03-03,2692.0,1382.0,0.0,0,381.42,0.0,1,23.51,9.69,SPY210930P00309000,309.0,0,0.0,0.0,,0.0,normalDay
2021-03-04,2692.0,1313.0,0.0,0,376.7,0.0,1,23.51,10.38,SPY210930P00309000,309.0,0,0.0,0.0,,0.0,normalDay
2021-03-05,2692.0,1479.0,0.0,0,383.63,0.0,1,23.51,8.72,SPY210930P00309000,309.0,0,0.0,0.0,,0.0,normalDay
2021-03-08,2692.0,1471.0,0.0,0,381.72,0.0,1,23.51,8.8,SPY210930P00309000,309.0,0,0.0,0.0,,0.0,normalDay
2021-03-09,2692.0,1553.0,0.0,0,387.17,0.0,1,23.51,7.98,SPY210930P00309000,309.0,0,0.0,0.0,,0.0,normalDay
2021-03-10,2692.0,1595.0,0.0,0,389.58,0.0,1,23.51,7.56,SPY210930P00309000,309.0,0,0.0,0.0,,0.0,normalDay
2021-03-11,2692.0,1647.0,0.0,0,393.53,0.0,1,23.51,7.04,SPY210930P00309000,309.0,0,0.0,0.0,,0.0,normalDay
2021-03-12,2692.0,1673.0,0.0,0,394.06,0.0,1,23.51,6.78,SPY210930P00309000,309.0,0,0.0,0.0,,0.0,normalDay
2021-03-15,2692.0,1711.0,0.0,0,396.41,0.0,1,23.51,6.4,SPY210930P00309000,309.0,0,0.0,0.0,,0.0,normalDay
2021-03-16,2692.0,1716.0,0.0,0,395.91,0.0,1,23.51,6.35,SPY210930P00309000,309.0,0,0.0,0.0,,0.0,normalDay
2021-03-17,2692.0,1764.0,0.0,0,397.26,0.0,1,23.51,5.87,SPY210930P00309000,309.0,0,0.0,0.0,,0.0,normalDay
2021-03-18,2692.0,1692.0,0.0,0,391.48,0.0,1,23.51,6.59,SPY210930P00309000,309.0,0,0.0,0.0,,0.0,normalDay
2021-03-19,2692.0,1693.0,0.0,0,389.48,0.0,1,23.51,6.58,SPY210930P00309000,309.0,0,0.0,0.0,,0.0,normalDay
2021-03-22,2692.0,1790.0,0.0,0,392.59,0.0,1,23.51,5.61,SPY210930P00309000,309.0,0,0.0,0.0,,0.0,normalDay
2021-03-23,2692.0,1745.0,0.0,0,389.5,0.0,1,23.51,6.06,SPY210930P00309000,309.0,0,0.0,0.0,,0.0,normalDay
2021-03-24,2692.0,1713.0,0.0,0,387.52,0.0,1,23.51,6.38,SPY210930P00309000,309.0,0,0.0,0.0,,0.0,normalDay
2021-03-25,2692.0,1771.0,0.0,0,389.7,0.0,1,23.51,5.8,SPY210930P00309000,309.0,0,0.0,0.0,,0.0,normalDay
2021-03-26,2692.0,1842.0,0.0,0,395.98,0.0,1,23.51,5.09,SPY210930P00309000,309.0,0,0.0,0.0,,0.0,normalDay
2021-03-29,2692.0,1833.0,0.0,0,395.78,0.0,1,23.51,5.18,SPY210930P00309000,309.0,0,0.0,0.0,,0.0,normalDay
2021-03-30,2692.0,1861.0,0.0,0,394.73,0.0,1,23.51,4.9,SPY210930P00309000,309.0,0,0.0,0.0,,0.0,normalDay
2021-03-31,2692.0,1891.0,0.0,0,396.33,0.0,1,23.51,4.6,SPY210930P00309000,309.0,0,0.0,0.0,,0.0,normalDay
2021-04-01,2692.0,1947.0,0.0,0,400.61,0.0,1,23.51,4.04,SPY210930P00309000,309.0,0,0.0,0.0,,0.0,normalDay
2021-04-05,2692.0,1994.0,0.0,0,406.36,0.0,1,23.51,3.57,SPY210930P00309000,309.0,0,0.0,0.0,,0.0,normalDay
2021-04-06,2692.0,1993.0,0.0,0,406.12,0.0,1,23.51,3.58,SPY210930P00309000,309.0,0,0.0,0.0,,0.0,normalDay
2021-04-07,2692.0,2012.0,0.0,0,406.59,0.0,1,23.51,3.39,SPY210930P00309000,309.0,0,0.0,0.0,,0.0,normalDay
2021-04-08,2692.0,2025.0,0.0,0,408.52,0.0,1,23.51,3.26,SPY210930P00309000,309.0,0,0.0,0.0,,0.0,normalDay
2021-04-09,2692.0,2031.0,0.0,0,411.49,0.0,1,23.51,3.2,SPY210930P00309000,309.0,0,0.0,0.0,,0.0,normalDay
2021-04-12,2692.0,2036.0,0.0,0,411.64,0.0,1,23.51,3.15,SPY210930P00309000,309.0,0,0.0,0.0,,0.0,normalDay
2021-04-13,2692.0,2048.0,0.0,0,412.86,0.0,1,23.51,3.03,SPY210930P00309000,309.0,0,0.0,0.0,,0.0,normalDay
2021-04-14,2692.0,2037.0,0.0,0,411.45,0.0,1,23.51,3.14,SPY210930P00309000,309.0,0,0.0,0.0,,0.0,normalDay
2021-04-15,2692.0,2059.0,0.0,0,415.87,0.0,1,23.51,2.92,SPY210930P00309000,309.0,0,0.0,0.0,,0.0,normalDay
2021-04-16,2692.0,2065.0,0.0,0,417.26,0.0,1,23.51,2.86,SPY210930P00309000,309.0,0,0.0,0.0,,0.0,normalDay
2021-04-19,2692.0,2048.0,0.0,0,415.21,0.0,1,23.51,3.03,SPY210930P00309000,309.0,0,0.0,0.0,,0.0,normalDay
2021-04-20,2692.0,2022.0,0.0,0,412.17,0.0,1,23.51,3.29,SPY210930P00309000,309.0,0,0.0,0.0,,0.0,normalDay
2021-04-21,2692.0,2056.0,0.0,0,416.07,0.0,1,23.51,2.95,SPY210930P00309000,309.0,0,0.0,0.0,,0.0,normalDay
2021-04-22,2692.0,2016.0,0.0,0,412.27,0.0,1,23.51,3.35,SPY210930P00309000,309.0,0,0.0,0.0,,0.0,normalDay
2021-04-23,2692.0,2060.0,0.0,0,416.74,0.0,1,23.51,2.91,SPY210930P00309000,309.0,0,0.0,0.0,,0.0,normalDay
2021-04-26,2692.0,2068.0,0.0,0,417.61,0.0,1,23.51,2.83,SPY210930P00309000,309.0,0,0.0,0.0,,0.0,normalDay
2021-04-27,2692.0,2074.0,0.0,0,417.52,0.0,1,23.51,2.77,SPY210930P00309000,309.0,0,0.0,0.0,,0.0,normalDay
2021-04-28,2692.0,2083.0,0.0,0,417.4,0.0,1,23.51,2.68,SPY210930P00309000,309.0,0,0.0,0.0,,0.0,normalDay
2021-04-29,2692.0,2088.0,0.0,0,420.06,0.0,1,23.51,2.63,SPY210930P00309000,309.0,0,0.0,0.0,,0.0,normalDay
2021-04-30,2692.0,2068.0,0.0,0,417.3,0.0,1,23.51,2.83,SPY210930P00309000,309.0,0,0.0,0.0,,0.0,normalDay
2021-05-03,2692.0,2080.0,0.0,0,418.2,0.0,1,23.51,2.71,SPY210930P00309000,309.0,0,0.0,0.0,,0.0,normalDay
2021-05-04,2692.0,2055.0,0.0,0,415.62,0.0,1,23.51,2.96,SPY210930P00309000,309.0,0,0.0,0.0,,0.0,normalDay
2021-05-05,2692.0,2067.0,0.0,0,415.75,0.0,1,23.51,2.84,SPY210930P00309000,309.0,0,0.0,0.0,,0.0,normalDay
2021-05-06,2692.0,2089.0,0.0,0,419.07,0.0,1,23.51,2.62,SPY210930P00309000,309.0,0,0.0,0.0,,0.0,normalDay
2021-05-07,2692.0,2119.0,0.0,0,422.12,0.0,1,23.51,2.32,SPY210930P00309000,309.0,0,0.0,0.0,,0.0,normalDay
2021-05-10,2692.0,2083.0,0.0,0,417.94,0.0,1,23.51,2.68,SPY210930P00309000,309.0,0,0.0,0.0,,0.0,normalDay
2021-05-11,2692.0,2043.0,0.0,0,414.21,0.0,1,23.51,3.08,SPY210930P00309000,309.0,0,0.0,0.0,,0.0,normalDay
2021-05-12,2692.0,1906.0,0.0,0,405.41,0.0,1,23.51,4.45,SPY210930P00309000,309.0,0,0.0,0.0,,0.0,normalDay
2021-05-13,2692.0,2009.0,0.0,0,410.28,0.0,1,23.51,3.42,SPY210930P00309000,309.0,0,0.0,0.0,,0.0,normalDay
2021-05-14,2692.0,2093.0,0.0,0,416.58,0.0,1,23.51,2.58,SPY210930P00309000,309.0,0,0.0,0.0,,0.0,normalDay
2021-05-17,2692.0,2071.0,0.0,0,415.52,0.0,1,23.51,2.8,SPY210930P00309000,309.0,0,0.0,0.0,,0.0,normalDay
2021-05-18,2692.0,2036.0,0.0,0,411.94,0.0,1,23.51,3.15,SPY210930P00309000,309.0,0,0.0,0.0,,0.0,normalDay
2021-05-19,2692.0,2020.0,0.0,0,410.86,0.0,1,23.51,3.31,SPY210930P00309000,309.0,0,0.0,0.0,,0.0,normalDay
2021-05-20,2692.0,2063.0,0.0,0,415.28,0.0,1,23.51,2.88,SPY210930P00309000,309.0,0,0.0,0.0,,0.0,normalDay
2021-05-21,2692.0,2073.0,0.0,0,414.94,0.0,1,23.51,2.78,SPY210930P00309000,309.0,0,0.0,0.0,,0.0,normalDay
2021-05-24,2692.0,2120.0,0.0,0,419.17,0.0,1,23.51,2.31,SPY210930P00309000,309.0,0,0.0,0.0,,0.0,normalDay
2021-05-25,2692.0,2116.0,0.0,0,418.24,0.0,1,23.51,2.35,SPY210930P00309000,309.0,0,0.0,0.0,,0.0,normalDay
2021-05-26,2692.0,2144.0,0.0,0,419.07,0.0,1,23.51,2.07,SPY210930P00309000,309.0,0,0.0,0.0,,0.0,normalDay
2021-05-27,2692.0,2166.0,0.0,0,419.29,0.0,1,23.51,1.85,SPY210930P00309000,309.0,0,0.0,0.0,,0.0,normalDay
2021-05-28,2692.0,2168.0,0.0,0,420.04,0.0,1,23.51,1.83,SPY210930P00309000,309.0,0,0.0,0.0,,0.0,normalDay
2021-06-01,2692.0,2158.0,0.0,0,419.67,0.0,1,23.51,1.93,SPY210930P00309000,309.0,0,0.0,0.0,,0.0,normalDay
2021-06-02,2692.0,2163.0,0.0,0,420.33,0.0,1,23.51,1.88,SPY210930P00309000,309.0,0,0.0,0.0,,0.0,normalDay
2021-06-03,2692.0,2153.0,0.0,0,418.77,0.0,1,23.51,1.98,SPY210930P00309000,309.0,0,0.0,0.0,,0.0,normalDay
2021-06-04,2692.0,2182.0,0.0,0,422.6,0.0,1,23.51,1.69,SPY210930P00309000,309.0,0,0.0,0.0,,0.0,normalDay
2021-06-07,2692.0,2192.0,0.0,0,422.19,0.0,1,23.51,1.59,SPY210930P00309000,309.0,0,0.0,0.0,,0.0,normalDay
2021-06-08,2692.0,2192.0,0.0,0,422.28,0.0,1,23.51,1.59,SPY210930P00309000,309.0,0,0.0,0.0,,0.0,normalDay
2021-06-09,2692.0,2188.0,0.0,0,421.65,0.0,1,23.51,1.63,SPY210930P00309000,309.0,0,0.0,0.0,,0.0,normalDay
2021-06-10,2692.0,2214.0,0.0,0,423.61,0.0,1,23.51,1.37,SPY210930P00309000,309.0,0,0.0,0.0,,0.0,normalDay
2021-06-11,2692.0,2223.0,0.0,0,424.31,0.0,1,23.51,1.28,SPY210930P00309000,309.0,0,0.0,0.0,,0.0,normalDay
2021-06-14,2692.0,2223.0,0.0,0,425.26,0.0,1,23.51,1.28,SPY210930P00309000,309.0,0,0.0,0.0,,0.0,normalDay
2021-06-15,2692.0,2213.0,0.0,0,424.48,0.0,1,23.51,1.38,SPY210930P00309000,309.0,0,0.0,0.0,,0.0,normalDay
2021-06-16,2692.0,2208.0,0.0,0,422.11,0.0,1,23.51,1.43,SPY210930P00309000,309.0,0,0.0,0.0,,0.0,normalDay
2021-06-17,2692.0,2216.0,0.0,0,421.97,0.0,1,23.51,1.35,SPY210930P00309000,309.0,0,0.0,0.0,,0.0,normalDay
2021-06-18,2692.0,2175.0,0.0,0,414.92,0.0,1,23.51,1.76,SPY210930P00309000,309.0,0,0.0,0.0,,0.0,normalDay
2021-06-21,2692.0,2229.0,0.0,0,420.86,0.0,1,23.51,1.22,SPY210930P00309000,309.0,0,0.0,0.0,,0.0,normalDay
2021-06-22,2692.0,2241.0,0.0,0,423.11,0.0,1,23.51,1.1,SPY210930P00309000,309.0,0,0.0,0.0,,0.0,normalDay
2021-06-23,2692.0,2248.0,0.0,0,422.6,0.0,1,23.51,1.03,SPY210930P00309000,309.0,0,0.0,0.0,,0.0,normalDay
2021-06-24,2692.0,2257.0,0.0,0,425.1,0.0,1,23.51,0.94,SPY210930P00309000,309.0,0,0.0,0.0,,0.0,normalDay
2021-06-25,2692.0,2263.0,0.0,0,426.61,0.0,1,23.51,0.88,SPY210930P00309000,309.0,0,0.0,0.0,,0.0,normalDay
2021-06-28,2692.0,2266.0,0.0,0,427.47,0.0,1,23.51,0.85,SPY210930P00309000,309.0,0,0.0,0.0,,0.0,normalDay
2021-06-29,2692.0,2260.0,0.0,0,427.7,0.0,1,23.51,0.91,SPY210930P00309000,309.0,0,0.0,0.0,,0.0,normalDay
2021-06-30,2692.0,2263.0,0.0,0,428.06,0.0,1,23.51,0.88,SPY210930P00309000,309.0,0,0.0,0.0,,0.0,normalDay
2021-07-01,2692.0,2266.0,0.0,0,430.43,0.0,1,23.51,0.85,SPY210930P00309000,309.0,0,0.0,0.0,,0.0,normalDay
2021-07-02,2692.0,2270.0,0.0,0,433.72,0.0,1,23.51,0.81,SPY210930P00309000,309.0,0,0.0,0.0,,0.0,normalDay
2021-07-06,2692.0,2268.0,0.0,0,432.93,0.0,1,23.51,0.83,SPY210930P00309000,309.0,0,0.0,0.0,,0.0,normalDay
2021-07-07,2692.0,2270.0,0.0,0,434.46,0.0,1,23.51,0.81,SPY210930P00309000,309.0,0,0.0,0.0,,0.0,normalDay
2021-07-08,2692.0,2253.0,0.0,0,430.92,0.0,1,23.51,0.98,SPY210930P00309000,309.0,0,0.0,0.0,,0.0,normalDay
2021-07-09,2692.0,2272.0,0.0,0,435.52,0.0,1,23.51,0.79,SPY210930P00309000,309.0,0,0.0,0.0,,0.0,normalDay
2021-07-12,2692.0,2278.0,0.0,0,437.08,0.0,1,23.51,0.73,SPY210930P00309000,309.0,0,0.0,0.0,,0.0,normalDay
2021-07-13,2692.0,2274.0,0.0,0,435.59,0.0,1,23.51,0.77,SPY210930P00309000,309.0,0,0.0,0.0,,0.0,normalDay
2021-07-14,2692.0,2283.0,0.0,0,436.24,0.0,1,23.51,0.68,SPY210930P00309000,309.0,0,0.0,0.0,,0.0,normalDay
2021-07-15,2692.0,2280.0,0.0,0,434.75,0.0,1,23.51,0.71,SPY210930P00309000,309.0,0,0.0,0.0,,0.0,normalDay
2021-07-16,2692.0,2270.0,0.0,0,431.34,0.0,1,23.51,0.81,SPY210930P00309000,309.0,0,0.0,0.0,,0.0,normalDay
2021-07-19,2692.0,2236.0,0.0,0,424.97,0.0,1,23.51,1.15,SPY210930P00309000,309.0,0,0.0,0.0,,0.0,normalDay
2021-07-20,2692.0,2263.0,0.0,0,431.06,0.0,1,23.51,0.88,SPY210930P00309000,309.0,0,0.0,0.0,,0.0,normalDay
2021-07-21,2692.0,2281.0,0.0,0,434.55,0.0,1,23.51,0.7,SPY210930P00309000,309.0,0,0.0,0.0,,0.0,normalDay
2021-07-22,2692.0,2285.0,0.0,0,435.46,0.0,1,23.51,0.66,SPY210930P00309000,309.0,0,0.0,0.0,,0.0,normalDay
2021-07-23,2692.0,2288.0,0.0,0,439.94,0.0,1,23.51,0.63,SPY210930P00309000,309.0,0,0.0,0.0,,0.0,normalDay
2021-07-26,2692.0,2295.0,0.0,0,441.02,0.0,1,23.51,0.56,SPY210930P00309000,309.0,0,0.0,0.0,,0.0,normalDay
2021-07-27,2692.0,2287.0,0.0,0,439.01,0.0,1,23.51,0.64,SPY210930P00309000,309.0,0,0.0,0.0,,0.0,normalDay
2021-07-28,2692.0,2295.0,0.0,0,438.83,0.0,1,23.51,0.56,SPY210930P00309000,309.0,0,0.0,0.0,,0.0,normalDay
2021-07-29,2692.0,2300.0,0.0,0,440.65,0.0,1,23.51,0.51,SPY210930P00309000,309.0,0,0.0,0.0,,0.0,normalDay
2021-07-30,2692.0,2297.0,0.0,0,438.51,0.0,1,23.51,0.54,SPY210930P00309000,309.0,0,0.0,0.0,,0.0,normalDay
2021-08-02,2692.0,2294.0,0.0,0,437.59,0.0,1,23.51,0.57,SPY210930P00309000,309.0,0,0.0,0.0,,0.0,normalDay
2021-08-03,2692.0,2306.0,0.0,0,441.15,0.0,1,23.51,0.45,SPY210930P00309000,309.0,0,0.0,0.0,,0.0,normalDay
2021-08-04,2692.0,2307.0,0.0,0,438.98,0.0,1,23.51,0.44,SPY210930P00309000,309.0,0,0.0,0.0,,0.0,normalDay
2021-08-05,2692.0,2313.0,0.0,0,441.76,0.0,1,23.51,0.38,SPY210930P00309000,309.0,0,0.0,0.0,,0.0,normalDay
2021-08-06,2692.0,2317.0,0.0,0,442.49,0.0,1,23.51,0.34,SPY210930P00309000,309.0,0,0.0,0.0,,0.0,normalDay
2021-08-09,2692.0,2319.0,0.0,0,442.13,0.0,1,23.51,0.32,SPY210930P00309000,309.0,0,0.0,0.0,,0.0,normalDay
2021-08-10,2692.0,2321.0,0.0,0,442.68,0.0,1,23.51,0.3,SPY210930P00309000,309.0,0,0.0,0.0,,0.0,normalDay
2021-08-11,2692.0,2325.0,0.0,0,443.78,0.0,1,23.51,0.26,SPY210930P00309000,309.0,0,0.0,0.0,,0.0,normalDay
2021-08-12,2692.0,2327.0,0.0,0,445.11,0.0,1,23.51,0.24,SPY210930P00309000,309.0,0,0.0,0.0,,0.0,normalDay
2021-08-13,2692.0,2326.0,0.0,0,445.92,0.0,1,23.51,0.25,SPY210930P00309000,309.0,0,0.0,0.0,,0.0,normalDay
2021-08-16,2692.0,2329.0,0.0,0,446.97,0.0,1,23.51,0.22,SPY210930P00309000,309.0,0,0.0,0.0,,0.0,normalDay
2021-08-17,2692.0,2325.0,0.0,0,444.04,0.0,1,23.51,0.26,SPY210930P00309000,309.0,0,0.0,0.0,,0.0,normalDay
2021-08-18,2692.0,2314.0,0.0,0,439.18,0.0,1,23.51,0.37,SPY210930P00309000,309.0,0,0.0,0.0,,0.0,normalDay
2021-08-19,2692.0,2310.0,0.0,0,439.86,0.0,1,23.51,0.41,SPY210930P00309000,309.0,0,0.0,0.0,,0.0,normalDay
2021-08-20,2692.0,2324.0,0.0,0,443.36,0.0,1,23.51,0.27,SPY210930P00309000,309.0,0,0.0,0.0,,0.0,normalDay
2021-08-23,2692.0,2332.0,0.0,0,447.26,0.0,1,23.51,0.19,SPY210930P00309000,309.0,0,0.0,0.0,,0.0,normalDay
2021-08-24,2692.0,2333.0,0.0,0,447.97,0.0,1,23.51,0.18,SPY210930P00309000,309.0,0,0.0,0.0,,0.0,normalDay
2021-08-25,2692.0,2335.0,0.0,0,448.91,0.0,1,23.51,0.16,SPY210930P00309000,309.0,0,0.0,0.0,,0.0,normalDay
2021-08-26,2692.0,2331.0,0.0,0,446.26,0.0,1,23.51,0.2,SPY210930P00309000,309.0,0,0.0,0.0,,0.0,normalDay
2021-08-27,2692.0,2337.0,0.0,0,450.25,0.0,1,23.51,0.14,SPY210930P00309000,309.0,0,0.0,0.0,,0.0,normalDay
2021-08-30,2692.0,2341.0,0.0,0,452.23,0.0,1,23.51,0.1,SPY210930P00309000,309.0,0,0.0,0.0,,0.0,normalDay
2021-08-31,2692.0,2341.0,0.0,0,451.56,0.0,1,23.51,0.1,SPY210930P00309000,309.0,0,0.0,0.0,,0.0,normalDay
2021-09-01,2692.0,2343.0,0.0,0,451.8,0.0,1,23.51,0.08,SPY210930P00309000,309.0,0,0.0,0.0,,0.0,normalDay
2021-09-02,2692.0,2343.0,0.0,0,453.19,0.0,1,23.51,0.08,SPY210930P00309000,309.0,0,0.0,0.0,,0.0,normalDay
2021-09-03,2692.0,2343.0,0.0,0,453.08,0.0,1,23.51,0.08,SPY210930P00309000,309.0,0,0.0,0.0,,0.0,normalDay
2021-09-07,2692.0,2344.0,0.0,0,451.46,0.0,1,23.51,0.07,SPY210930P00309000,309.0,0,0.0,0.0,,0.0,normalDay
2021-09-08,2692.0,2345.0,0.0,0,450.91,0.0,1,23.51,0.06,SPY210930P00309000,309.0,0,0.0,0.0,,0.0,normalDay
2021-09-09,2692.0,2344.0,0.0,0,448.98,0.0,1,23.51,0.07,SPY210930P00309000,309.0,0,0.0,0.0,,0.0,normalDay
2021-09-10,2692.0,2340.0,0.0,0,445.44,0.0,1,23.51,0.11,SPY210930P00309000,309.0,0,0.0,0.0,,0.0,normalDay
2021-09-13,2692.0,2344.0,0.0,0,446.58,0.0,1,23.51,0.07,SPY210930P00309000,309.0,0,0.0,0.0,,0.0,normalDay
2021-09-14,2692.0,2345.0,0.0,0,444.17,0.0,1,23.51,0.06,SPY210930P00309000,309.0,0,0.0,0.0,,0.0,normalDay
2021-09-15,2692.0,2347.0,0.0,0,447.88,0.0,1,23.51,0.04,SPY210930P00309000,309.0,0,0.0,0.0,,0.0,normalDay
2021-09-16,2692.0,2347.0,0.0,0,447.17,0.0,1,23.51,0.04,SPY210930P00309000,309.0,0,0.0,0.0,,0.0,normalDay
2021-09-17,2692.0,2345.0,0.0,0,441.4,0.0,1,23.51,0.06,SPY210930P00309000,309.0,0,0.0,0.0,,0.0,normalDay
2021-09-20,2692.0,2345.0,0.0,0,434.04,0.0,1,23.51,0.06,SPY210930P00309000,309.0,0,0.0,0.0,,0.0,normalDay
2021-09-21,2692.0,2347.0,0.0,0,433.63,0.0,1,23.51,0.04,SPY210930P00309000,309.0,0,0.0,0.0,,0.0,normalDay
2021-09-22,2692.0,2350.0,0.0,0,437.86,0.0,1,23.51,0.01,SPY210930P00309000,309.0,0,0.0,0.0,,0.0,normalDay
2021-09-23,2692.0,2350.0,0.0,0,443.18,0.0,1,23.51,0.01,SPY210930P00309000,309.0,0,0.0,0.0,,0.0,normalDay
2021-09-24,2692.0,2350.0,0.0,0,443.91,0.0,1,23.51,0.01,SPY210930P00309000,309.0,0,0.0,0.0,,0.0,normalDay
2021-09-27,2692.0,2350.0,0.0,0,442.64,0.0,1,23.51,0.01,SPY210930P00309000,309.0,0,0.0,0.0,,0.0,normalDay
2021-09-28,2692.0,2350.0,0.0,0,433.72,0.0,1,23.51,0.01,SPY210930P00309000,309.0,0,0.0,0.0,,0.0,normalDay
2021-09-29,2692.0,2350.0,0.0,0,434.45,0.0,1,23.51,0.01,SPY210930P00309000,309.0,0,0.0,0.0,,0.0,normalDay
2021-09-30,5043.0,0.0,2351.0,0,429.14,0.0,1,23.51,0.0,SPY210930P00309000,309.0,0,0.0,0.0,,0.0,expirationDay
2021-10-01,5043.0,-209.0,0.0,0,434.24,0.0,1,28.26,30.35,SPY220930P00413000,413.0,0,0.0,0.0,,0.0,normalDay
2021-10-04,5043.0,-363.0,0.0,0,428.64,0.0,1,28.26,31.89,SPY220930P00413000,413.0,0,0.0,0.0,,0.0,normalDay
2021-10-05,5043.0,-194.0,0.0,0,433.1,0.0,1,28.26,30.2,SPY220930P00413000,413.0,0,0.0,0.0,,0.0,normalDay
2021-10-06,5043.0,-132.0,0.0,0,434.9,0.0,1,28.26,29.58,SPY220930P00413000,413.0,0,0.0,0.0,,0.0,normalDay
2021-10-07,5043.0,78.0,0.0,0,438.66,0.0,1,28.26,27.48,SPY220930P00413000,413.0,0,0.0,0.0,,0.0,normalDay
2021-10-08,5043.0,55.0,0.0,0,437.86,0.0,1,28.26,27.71,SPY220930P00413000,413.0,0,0.0,0.0,,0.0,normalDay
2021-10-11,5043.0,-19.0,0.0,0,434.69,0.0,1,28.26,28.45,SPY220930P00413000,413.0,0,0.0,0.0,,0.0,normalDay
2021-10-12,5043.0,-47.0,0.0,0,433.62,0.0,1,28.26,28.73,SPY220930P00413000,413.0,0,0.0,0.0,,0.0,normalDay
2021-10-13,5043.0,89.0,0.0,0,435.18,0.0,1,28.26,27.37,SPY220930P00413000,413.0,0,0.0,0.0,,0.0,normalDay
2021-10-14,5043.0,338.0,0.0,0,442.5,0.0,1,28.26,24.88,SPY220930P00413000,413.0,0,0.0,0.0,,0.0,normalDay
2021-10-15,5043.0,383.0,0.0,0,445.87,0.0,1,28.26,24.43,SPY220930P00413000,413.0,0,0.0,0.0,,0.0,normalDay
2021-10-18,5043.0,391.0,0.0,0,447.19,0.0,1,28.26,24.35,SPY220930P00413000,413.0,0,0.0,0.0,,0.0,normalDay
2021-10-19,5043.0,548.0,0.0,0,450.64,0.0,1,28.26,22.78,SPY220930P00413000,413.0,0,0.0,0.0,,0.0,normalDay
2021-10-20,5043.0,593.0,0.0,0,452.41,0.0,1,28.26,22.33,SPY220930P00413000,413.0,0,0.0,0.0,,0.0,normalDay
2021-10-21,5043.0,643.0,0.0,0,453.59,0.0,1,28.26,21.83,SPY220930P00413000,413.0,0,0.0,0.0,,0.0,normalDay
2021-10-22,5043.0,606.0,0.0,0,453.12,0.0,1,28.26,22.2,SPY220930P00413000,413.0,0,0.0,0.0,,0.0,normalDay
2021-10-25,5043.0,687.0,0.0,0,455.55,0.0,1,28.26,21.39,SPY220930P00413000,413.0,0,0.0,0.0,,0.0,normalDay
2021-10-26,5043.0,710.0,0.0,0,455.96,0.0,1,28.26,21.16,SPY220930P00413000,413.0,0,0.0,0.0,,0.0,normalDay
2021-10-27,5043.0,603.0,0.0,0,453.94,0.0,1,28.26,22.23,SPY220930P00413000,413.0,0,0.0,0.0,,0.0,normalDay
2021-10-28,5043.0,689.0,0.0,0,458.32,0.0,1,28.26,21.37,SPY220930P00413000,413.0,0,0.0,0.0,,0.0,normalDay
2021-10-29,5043.0,767.0,0.0,0,459.25,0.0,1,28.26,20.59,SPY220930P00413000,413.0,0,0.0,0.0,,0.0,normalDay
2021-11-01,5043.0,786.0,0.0,0,460.04,0.0,1,28.26,20.4,SPY220930P00413000,413.0,0,0.0,0.0,,0.0,normalDay
2021-11-02,5043.0,833.0,0.0,0,461.9,0.0,1,28.26,19.93,SPY220930P00413000,413.0,0,0.0,0.0,,0.0,normalDay
2021-11-03,5043.0,907.0,0.0,0,464.72,0.0,1,28.26,19.19,SPY220930P00413000,413.0,0,0.0,0.0,,0.0,normalDay
2021-11-04,5043.0,940.0,0.0,0,466.91,0.0,1,28.26,18.86,SPY220930P00413000,413.0,0,0.0,0.0,,0.0,normalDay
2021-11-05,5043.0,936.0,0.0,0,468.53,0.0,1,28.26,18.9,SPY220930P00413000,413.0,0,0.0,0.0,,0.0,normalDay
2021-11-08,5043.0,932.0,0.0,0,468.93,0.0,1,28.26,18.94,SPY220930P00413000,413.0,0,0.0,0.0,,0.0,normalDay
2021-11-09,5043.0,888.0,0.0,0,467.38,0.0,1,28.26,19.38,SPY220930P00413000,413.0,0,0.0,0.0,,0.0,normalDay
2021-11-10,5043.0,821.0,0.0,0,463.62,0.0,1,28.26,20.05,SPY220930P00413000,413.0,0,0.0,0.0,,0.0,normalDay
2021-11-11,5043.0,870.0,0.0,0,463.77,0.0,1,28.26,19.56,SPY220930P00413000,413.0,0,0.0,0.0,,0.0,normalDay
2021-11-12,5043.0,970.0,0.0,0,467.27,0.0,1,28.26,18.56,SPY220930P00413000,413.0,0,0.0,0.0,,0.0,normalDay
2021-11-15,5043.0,963.0,0.0,0,467.43,0.0,1,28.26,18.63,SPY220930P00413000,413.0,0,0.0,0.0,,0.0,normalDay
2021-11-16,5043.0,989.0,0.0,0,469.28,0.0,1,28.26,18.37,SPY220930P00413000,413.0,0,0.0,0.0,,0.0,normalDay
2021-11-17,5043.0,897.0,0.0,0,468.14,0.0,1,28.26,19.29,SPY220930P00413000,413.0,0,0.0,0.0,,0.0,normalDay
2021-11-18,5043.0,932.0,0.0,0,469.73,0.0,1,28.26,18.94,SPY220930P00413000,413.0,0,0.0,0.0,,0.0,normalDay
2021-11-19,5043.0,907.0,0.0,0,468.89,0.0,1,28.26,19.19,SPY220930P00413000,413.0,0,0.0,0.0,,0.0,normalDay
2021-11-22,5043.0,847.0,0.0,0,467.57,0.0,1,28.26,19.79,SPY220930P00413000,413.0,0,0.0,0.0,,0.0,normalDay
2021-11-23,5043.0,881.0,0.0,0,468.19,0.0,1,28.26,19.45,SPY220930P00413000,413.0,0,0.0,0.0,,0.0,normalDay
2021-11-24,5043.0,942.0,0.0,0,469.44,0.0,1,28.26,18.84,SPY220930P00413000,413.0,0,0.0,0.0,,0.0,normalDay
2021-11-26,5043.0,178.0,0.0,0,458.97,0.0,1,28.26,26.48,SPY220930P00413000,413.0,0,0.0,0.0,,0.0,normalDay
2021-11-29,5043.0,762.0,0.0,0,464.6,0.0,1,28.26,20.64,SPY220930P00413000,413.0,0,0.0,0.0,,0.0,normalDay
2021-11-30,5043.0,462.0,0.0,0,455.56,0.0,1,28.26,23.64,SPY220930P00413000,413.0,0,0.0,0.0,,0.0,normalDay
2021-12-01,5043.0,98.0,0.0,0,450.5,0.0,1,28.26,27.28,SPY220930P00413000,413.0,0,0.0,0.0,,0.0,normalDay
2021-12-02,5043.0,448.0,0.0,0,457.4,0.0,1,28.26,23.78,SPY220930P00413000,413.0,0,0.0,0.0,,0.0,normalDay
2021-12-03,5043.0,205.0,0.0,0,453.42,0.0,1,28.26,26.21,SPY220930P00413000,413.0,0,0.0,0.0,,0.0,normalDay
2021-12-06,5043.0,465.0,0.0,0,458.79,0.0,1,28.26,23.61,SPY220930P00413000,413.0,0,0.0,0.0,,0.0,normalDay
2021-12-07,5043.0,857.0,0.0,0,468.28,0.0,1,28.26,19.69,SPY220930P00413000,413.0,0,0.0,0.0,,0.0,normalDay
2021-12-08,5043.0,931.0,0.0,0,469.52,0.0,1,28.26,18.95,SPY220930P00413000,413.0,0,0.0,0.0,,0.0,normalDay
2021-12-09,5043.0,832.0,0.0,0,466.35,0.0,1,28.26,19.94,SPY220930P00413000,413.0,0,0.0,0.0,,0.0,normalDay
2021-12-10,5043.0,972.0,0.0,0,470.74,0.0,1,28.26,18.54,SPY220930P00413000,413.0,0,0.0,0.0,,0.0,normalDay
2021-12-13,5043.0,836.0,0.0,0,466.57,0.0,1,28.26,19.9,SPY220930P00413000,413.0,0,0.0,0.0,,0.0,normalDay
2021-12-14,5043.0,738.0,0.0,0,463.36,0.0,1,28.26,20.88,SPY220930P00413000,413.0,0,0.0,0.0,,0.0,normalDay
2021-12-15,5043.0,977.0,0.0,0,470.6,0.0,1,28.26,18.49,SPY220930P00413000,413.0,0,0.0,0.0,,0.0,normalDay
2021-12-16,5043.0,815.0,0.0,0,466.45,0.0,1,28.26,20.11,SPY220930P00413000,413.0,0,0.0,0.0,,0.0,normalDay
2021-12-17,5043.0,701.0,0.0,0,459.87,0.0,1,28.26,21.25,SPY220930P00413000,413.0,0,0.0,0.0,,0.0,normalDay
2021-12-20,5043.0,596.0,0.0,0,454.98,0.0,1,28.26,22.3,SPY220930P00413000,413.0,0,0.0,0.0,,0.0,normalDay
2021-12-21,5043.0,819.0,0.0,0,463.06,0.0,1,28.26,20.07,SPY220930P00413000,413.0,0,0.0,0.0,,0.0,normalDay
2021-12-22,5043.0,975.0,0.0,0,467.69,0.0,1,28.26,18.51,SPY220930P00413000,413.0,0,0.0,0.0,,0.0,normalDay
2021-12-23,5043.0,1052.0,0.0,0,470.6,0.0,1,28.26,17.74,SPY220930P00413000,413.0,0,0.0,0.0,,0.0,normalDay
2021-12-27,5043.0,1204.0,0.0,0,477.26,0.0,1,28.26,16.22,SPY220930P00413000,413.0,0,0.0,0.0,,0.0,normalDay
2021-12-28,5043.0,1223.0,0.0,0,476.87,0.0,1,28.26,16.03,SPY220930P00413000,413.0,0,0.0,0.0,,0.0,normalDay
2021-12-29,5043.0,1251.0,0.0,0,477.48,0.0,1,28.26,15.75,SPY220930P00413000,413.0,0,0.0,0.0,,0.0,normalDay
2021-12-30,5043.0,1210.0,0.0,0,476.16,0.0,1,28.26,16.16,SPY220930P00413000,413.0,0,0.0,0.0,,0.0,normalDay
2021-12-31,5043.0,1240.0,0.0,0,474.96,0.0,1,28.26,15.86,SPY220930P00413000,413.0,0,0.0,0.0,,0.0,normalDay
2022-01-03,5043.0,1315.0,0.0,0,477.71,0.0,1,28.26,15.11,SPY220930P00413000,413.0,0,0.0,0.0,,0.0,normalDay
2022-01-04,5043.0,1304.0,0.0,0,477.55,0.0,1,28.26,15.22,SPY220930P00413000,413.0,0,0.0,0.0,,0.0,normalDay
2022-01-05,5043.0,1081.0,0.0,0,468.38,0.0,1,28.26,17.45,SPY220930P00413000,413.0,0,0.0,0.0,,0.0,normalDay
2022-01-06,5043.0,1086.0,0.0,0,467.94,0.0,1,28.26,17.4,SPY220930P00413000,413.0,0,0.0,0.0,,0.0,normalDay
2022-01-07,5043.0,1091.0,0.0,0,466.09,0.0,1,28.26,17.35,SPY220930P00413000,413.0,0,0.0,0.0,,0.0,normalDay
2022-01-10,5043.0,1111.0,0.0,0,465.51,0.0,1,28.26,17.15,SPY220930P00413000,413.0,0,0.0,0.0,,0.0,normalDay
2022-01-11,5043.0,1236.0,0.0,0,469.75,0.0,1,28.26,15.9,SPY220930P00413000,413.0,0,0.0,0.0,,0.0,normalDay
2022-01-12,5043.0,1282.0,0.0,0,471.02,0.0,1,28.26,15.44,SPY220930P00413000,413.0,0,0.0,0.0,,0.0,normalDay
2022-01-13,5043.0,1085.0,0.0,0,464.53,0.0,1,28.26,17.41,SPY220930P00413000,413.0,0,0.0,0.0,,0.0,normalDay
2022-01-14,5043.0,1139.0,0.0,0,464.72,0.0,1,28.26,16.87,SPY220930P00413000,413.0,0,0.0,0.0,,0.0,normalDay
2022-01-18,5043.0,878.0,0.0,0,456.49,0.0,1,28.26,19.48,SPY220930P00413000,413.0,0,0.0,0.0,,0.0,normalDay
2022-01-19,5043.0,788.0,0.0,0,451.75,0.0,1,28.26,20.38,SPY220930P00413000,413.0,0,0.0,0.0,,0.0,normalDay
2022-01-20,5043.0,549.0,0.0,0,446.75,0.0,1,28.26,22.77,SPY220930P00413000,413.0,0,0.0,0.0,,0.0,normalDay
2022-01-21,5043.0,271.0,0.0,0,437.98,0.0,1,28.26,25.55,SPY220930P00413000,413.0,0,0.0,0.0,,0.0,normalDay
2022-01-24,5043.0,285.0,0.0,0,439.84,0.0,1,28.26,25.41,SPY220930P00413000,413.0,0,0.0,0.0,,0.0,normalDay
2022-01-25,5043.0,70.0,0.0,0,434.47,0.0,1,28.26,27.56,SPY220930P00413000,413.0,0,0.0,0.0,,0.0,normalDay
2022-01-26,5043.0,100.0,0.0,0,433.38,0.0,1,28.26,27.26,SPY220930P00413000,413.0,0,0.0,0.0,,0.0,normalDay
2022-01-27,5043.0,129.0,0.0,0,431.24,0.0,1,28.26,26.97,SPY220930P00413000,413.0,0,0.0,0.0,,0.0,normalDay
2022-01-28,5043.0,515.0,0.0,0,441.95,0.0,1,28.26,23.11,SPY220930P00413000,413.0,0,0.0,0.0,,0.0,normalDay
2022-01-31,5043.0,799.0,0.0,0,449.91,0.0,1,28.26,20.27,SPY220930P00413000,413.0,0,0.0,0.0,,0.0,normalDay
2022-02-01,5043.0,1003.0,0.0,0,452.95,0.0,1,28.26,18.23,SPY220930P00413000,413.0,0,0.0,0.0,,0.0,normalDay
2022-02-02,5043.0,1007.0,0.0,0,457.35,0.0,1,28.26,18.19,SPY220930P00413000,413.0,0,0.0,0.0,,0.0,normalDay
2022-02-03,5043.0,790.0,0.0,0,446.6,0.0,1,28.26,20.36,SPY220930P00413000,413.0,0,0.0,0.0,,0.0,normalDay
2022-02-04,5043.0,752.0,0.0,0,448.7,0.0,1,28.26,20.74,SPY220930P00413000,413.0,0,0.0,0.0,,0.0,normalDay
2022-02-07,5043.0,793.0,0.0,0,447.26,0.0,1,28.26,20.33,SPY220930P00413000,413.0,0,0.0,0.0,,0.0,normalDay
2022-02-08,5043.0,956.0,0.0,0,450.94,0.0,1,28.26,18.7,SPY220930P00413000,413.0,0,0.0,0.0,,0.0,normalDay
2022-02-09,5043.0,1133.0,0.0,0,457.54,0.0,1,28.26,16.93,SPY220930P00413000,413.0,0,0.0,0.0,,0.0,normalDay
2022-02-10,5043.0,873.0,0.0,0,449.32,0.0,1,28.26,19.53,SPY220930P00413000,413.0,0,0.0,0.0,,0.0,normalDay
2022-02-11,5043.0,503.0,0.0,0,440.46,0.0,1,28.26,23.23,SPY220930P00413000,413.0,0,0.0,0.0,,0.0,normalDay
2022-02-14,5043.0,523.0,0.0,0,439.02,0.0,1,28.26,23.03,SPY220930P00413000,413.0,0,0.0,0.0,,0.0,normalDay
2022-02-15,5043.0,775.0,0.0,0,446.1,0.0,1,28.26,20.51,SPY220930P00413000,413.0,0,0.0,0.0,,0.0,normalDay
2022-02-16,5043.0,850.0,0.0,0,446.6,0.0,1,28.26,19.76,SPY220930P00413000,413.0,0,0.0,0.0,,0.0,normalDay
2022-02-17,5043.0,473.0,0.0,0,437.06,0.0,1,28.26,23.53,SPY220930P00413000,413.0,0,0.0,0.0,,0.0,normalDay
2022-02-18,5043.0,408.0,0.0,0,434.23,0.0,1,28.26,24.18,SPY220930P00413000,413.0,0,0.0,0.0,,0.0,normalDay
2022-02-22,5043.0,336.0,0.0,0,429.57,0.0,1,28.26,24.9,SPY220930P00413000,413.0,0,0.0,0.0,,0.0,normalDay
2022-02-23,5043.0,-16.0,0.0,0,421.95,0.0,1,28.26,28.42,SPY220930P00413000,413.0,0,0.0,0.0,,0.0,normalDay
2022-02-24,5043.0,213.0,0.0,0,428.3,0.0,1,28.26,26.13,SPY220930P00413000,413.0,0,0.0,0.0,,0.0,normalDay
2022-02-25,5043.0,609.0,0.0,0,437.75,0.0,1,28.26,22.17,SPY220930P00413000,413.0,0,0.0,0.0,,0.0,normalDay
2022-02-28,5043.0,527.0,0.0,0,436.63,0.0,1,28.26,22.99,SPY220930P00413000,413.0,0,0.0,0.0,,0.0,normalDay
2022-03-01,5043.0,161.0,0.0,0,429.98,0.0,1,28.26,26.65,SPY220930P00413000,413.0,0,0.0,0.0,,0.0,normalDay
2022-03-02,5043.0,475.0,0.0,0,437.89,0.0,1,28.26,23.51,SPY220930P00413000,413.0,0,0.0,0.0,,0.0,normalDay
2022-03-03,5043.0,420.0,0.0,0,435.71,0.0,1,28.26,24.06,SPY220930P00413000,413.0,0,0.0,0.0,,0.0,normalDay
2022-03-04,5043.0,219.0,0.0,0,432.17,0.0,1,28.26,26.07,SPY220930P00413000,413.0,0,0.0,0.0,,0.0,normalDay
2022-03-07,5043.0,-375.0,0.0,0,419.43,0.0,1,28.26,32.01,SPY220930P00413000,413.0,0,0.0,0.0,,0.0,normalDay
2022-03-08,5043.0,-471.0,0.0,0,416.25,0.0,1,28.26,32.97,SPY220930P00413000,413.0,0,0.0,0.0,,0.0,normalDay
2022-03-09,5043.0,11.0,0.0,0,427.41,0.0,1,28.26,28.15,SPY220930P00413000,413.0,0,0.0,0.0,,0.0,normalDay
2022-03-10,5043.0,59.0,0.0,0,425.48,0.0,1,28.26,27.67,SPY220930P00413000,413.0,0,0.0,0.0,,0.0,normalDay
2022-03-11,5043.0,-175.0,0.0,0,420.07,0.0,1,28.26,30.01,SPY220930P00413000,413.0,0,0.0,0.0,,0.0,normalDay
2022-03-14,5043.0,-277.0,0.0,0,417.0,0.0,1,28.26,31.03,SPY220930P00413000,413.0,0,0.0,0.0,,0.0,normalDay
2022-03-15,5043.0,82.0,0.0,0,426.17,0.0,1,28.26,27.44,SPY220930P00413000,413.0,0,0.0,0.0,,0.0,normalDay
2022-03-16,5043.0,549.0,0.0,0,435.62,0.0,1,28.26,22.77,SPY220930P00413000,413.0,0,0.0,0.0,,0.0,normalDay
2022-03-17,5043.0,765.0,0.0,0,441.07,0.0,1,28.26,20.61,SPY220930P00413000,413.0,0,0.0,0.0,,0.0,normalDay
2022-03-18,5043.0,1002.0,0.0,0,444.52,0.0,1,28.26,18.24,SPY220930P00413000,413.0,0,0.0,0.0,,0.0,normalDay
2022-03-21,5043.0,1021.0,0.0,0,444.39,0.0,1,28.26,18.05,SPY220930P00413000,413.0,0,0.0,0.0,,0.0,normalDay
2022-03-22,5043.0,1194.0,0.0,0,449.59,0.0,1,28.26,16.32,SPY220930P00413000,413.0,0,0.0,0.0,,0.0,normalDay
2022-03-23,5043.0,1031.0,0.0,0,443.8,0.0,1,28.26,17.95,SPY220930P00413000,413.0,0,0.0,0.0,,0.0,normalDay
2022-03-24,5043.0,1225.0,0.0,0,450.49,0.0,1,28.26,16.01,SPY220930P00413000,413.0,0,0.0,0.0,,0.0,normalDay
2022-03-25,5043.0,1297.0,0.0,0,452.69,0.0,1,28.26,15.29,SPY220930P00413000,413.0,0,0.0,0.0,,0.0,normalDay
2022-03-28,5043.0,1407.0,0.0,0,455.91,0.0,1,28.26,14.19,SPY220930P00413000,413.0,0,0.0,0.0,,0.0,normalDay
2022-03-29,5043.0,1541.0,0.0,0,461.55,0.0,1,28.26,12.85,SPY220930P00413000,413.0,0,0.0,0.0,,0.0,normalDay
2022-03-30,5043.0,1480.0,0.0,0,458.7,0.0,1,28.26,13.46,SPY220930P00413000,413.0,0,0.0,0.0,,0.0,normalDay
2022-03-31,5043.0,1299.0,0.0,0,451.64,0.0,1,28.26,15.27,SPY220930P00413000,413.0,0,0.0,0.0,,0.0,normalDay
2022-04-01,5043.0,1362.0,0.0,0,452.92,0.0,1,28.26,14.64,SPY220930P00413000,413.0,0,0.0,0.0,,0.0,normalDay
2022-04-04,5043.0,1509.0,0.0,0,456.8,0.0,1,28.26,13.17,SPY220930P00413000,413.0,0,0.0,0.0,,0.0,normalDay
2022-04-05,5043.0,1286.0,0.0,0,451.03,0.0,1,28.26,15.4,SPY220930P00413000,413.0,0,0.0,0.0,,0.0,normalDay
2022-04-06,5043.0,1186.0,0.0,0,446.52,0.0,1,28.26,16.4,SPY220930P00413000,413.0,0,0.0,0.0,,0.0,normalDay
2022-04-07,5043.0,1251.0,0.0,0,448.77,0.0,1,28.26,15.75,SPY220930P00413000,413.0,0,0.0,0.0,,0.0,normalDay
2022-04-08,5043.0,1246.0,0.0,0,447.57,0.0,1,28.26,15.8,SPY220930P00413000,413.0,0,0.0,0.0,,0.0,normalDay
2022-04-11,5043.0,1009.0,0.0,0,439.92,0.0,1,28.26,18.17,SPY220930P00413000,413.0,0,0.0,0.0,,0.0,normalDay
2022-04-12,5043.0,966.0,0.0,0,438.29,0.0,1,28.26,18.6,SPY220930P00413000,413.0,0,0.0,0.0,,0.0,normalDay
2022-04-13,5043.0,1185.0,0.0,0,443.31,0.0,1,28.26,16.41,SPY220930P00413000,413.0,0,0.0,0.0,,0.0,normalDay
2022-04-14,5043.0,1018.0,0.0,0,437.79,0.0,1,28.26,18.08,SPY220930P00413000,413.0,0,0.0,0.0,,0.0,normalDay
2022-04-18,5043.0,1107.0,0.0,0,437.97,0.0,1,28.26,17.19,SPY220930P00413000,413.0,0,0.0,0.0,,0.0,normalDay
2022-04-19,5043.0,1247.0,0.0,0,445.04,0.0,1,28.26,15.79,SPY220930P00413000,413.0,0,0.0,0.0,,0.0,normalDay
2022-04-20,5043.0,1350.0,0.0,0,444.71,0.0,1,28.26,14.76,SPY220930P00413000,413.0,0,0.0,0.0,,0.0,normalDay
2022-04-21,5043.0,1081.0,0.0,0,438.06,0.0,1,28.26,17.45,SPY220930P00413000,413.0,0,0.0,0.0,,0.0,normalDay
2022-04-22,5043.0,545.0,0.0,0,426.04,0.0,1,28.26,22.81,SPY220930P00413000,413.0,0,0.0,0.0,,0.0,normalDay
2022-04-25,5043.0,738.0,0.0,0,428.51,0.0,1,28.26,20.88,SPY220930P00413000,413.0,0,0.0,0.0,,0.0,normalDay
2022-04-26,5043.0,77.0,0.0,0,416.1,0.0,1,28.26,27.49,SPY220930P00413000,413.0,0,0.0,0.0,,0.0,normalDay
2022-04-27,5043.0,283.0,0.0,0,417.27,0.0,1,28.26,25.43,SPY220930P00413000,413.0,0,0.0,0.0,,0.0,normalDay
2022-04-28,5043.0,627.0,0.0,0,427.81,0.0,1,28.26,21.99,SPY220930P00413000,413.0,0,0.0,0.0,,0.0,normalDay
2022-04-29,5043.0,69.0,0.0,0,412.0,0.0,1,28.26,27.57,SPY220930P00413000,413.0,0,0.0,0.0,,0.0,normalDay
2022-05-02,5043.0,205.0,0.0,0,414.48,0.0,1,28.26,26.21,SPY220930P00413000,413.0,0,0.0,0.0,,0.0,normalDay
2022-05-03,5043.0,397.0,0.0,0,416.38,0.0,1,28.26,24.29,SPY220930P00413000,413.0,0,0.0,0.0,,0.0,normalDay
2022-05-04,5043.0,912.0,0.0,0,429.06,0.0,1,28.26,19.14,SPY220930P00413000,413.0,0,0.0,0.0,,0.0,normalDay
2022-05-05,5043.0,173.0,0.0,0,413.81,0.0,1,28.26,26.53,SPY220930P00413000,413.0,0,0.0,0.0,,0.0,normalDay
2022-05-06,5043.0,61.0,0.0,0,411.34,0.0,1,28.26,27.65,SPY220930P00413000,413.0,0,0.0,0.0,,0.0,normalDay
2022-05-09,5043.0,-567.0,0.0,0,398.17,0.0,1,28.26,33.93,SPY220930P00413000,413.0,0,0.0,0.0,,0.0,normalDay
2022-05-10,5043.0,-504.0,0.0,0,399.09,0.0,1,28.26,33.3,SPY220930P00413000,413.0,0,0.0,0.0,,0.0,normalDay
2022-05-11,5043.0,-818.0,0.0,0,392.75,0.0,1,28.26,36.44,SPY220930P00413000,413.0,0,0.0,0.0,,0.0,normalDay
2022-05-12,5043.0,-825.0,0.0,0,392.34,0.0,1,28.26,36.51,SPY220930P00413000,413.0,0,0.0,0.0,,0.0,normalDay
2022-05-13,5043.0,-271.0,0.0,0,401.72,0.0,1,28.26,30.97,SPY220930P00413000,413.0,0,0.0,0.0,,0.0,normalDay
2022-05-16,5043.0,-280.0,0.0,0,400.09,0.0,1,28.26,31.06,SPY220930P00413000,413.0,0,0.0,0.0,,0.0,normalDay
2022-05-17,5043.0,200.0,0.0,0,408.32,0.0,1,28.26,26.26,SPY220930P00413000,413.0,0,0.0,0.0,,0.0,normalDay
2022-05-18,5043.0,-833.0,0.0,0,391.86,0.0,1,28.26,36.59,SPY220930P00413000,413.0,0,0.0,0.0,,0.0,normalDay
2022-05-19,5043.0,-854.0,0.0,0,389.46,0.0,1,28.26,36.8,SPY220930P00413000,413.0,0,0.0,0.0,,0.0,normalDay
2022-05-20,5043.0,-845.0,0.0,0,389.63,0.0,1,28.26,36.71,SPY220930P00413000,413.0,0,0.0,0.0,,0.0,normalDay
2022-05-23,5043.0,-365.0,0.0,0,396.92,0.0,1,28.26,31.91,SPY220930P00413000,413.0,0,0.0,0.0,,0.0,normalDay
2022-05-24,5043.0,-550.0,0.0,0,393.89,0.0,1,28.26,33.76,SPY220930P00413000,413.0,0,0.0,0.0,,0.0,normalDay
2022-05-25,5043.0,-349.0,0.0,0,397.37,0.0,1,28.26,31.75,SPY220930P00413000,413.0,0,0.0,0.0,,0.0,normalDay
2022-05-26,5043.0,51.0,0.0,0,405.31,0.0,1,28.26,27.75,SPY220930P00413000,413.0,0,0.0,0.0,,0.0,normalDay
2022-05-27,5043.0,610.0,0.0,0,415.26,0.0,1,28.26,22.16,SPY220930P00413000,413.0,0,0.0,0.0,,0.0,normalDay
2022-05-31,5043.0,520.0,0.0,0,412.93,0.0,1,28.26,23.06,SPY220930P00413000,413.0,0,0.0,0.0,,0.0,normalDay
2022-06-01,5043.0,410.0,0.0,0,409.59,0.0,1,28.26,24.16,SPY220930P00413000,413.0,0,0.0,0.0,,0.0,normalDay
2022-06-02,5043.0,789.0,0.0,0,417.39,0.0,1,28.26,20.37,SPY220930P00413000,413.0,0,0.0,0.0,,0.0,normalDay
2022-06-03,5043.0,495.0,0.0,0,410.54,0.0,1,28.26,23.31,SPY220930P00413000,413.0,0,0.0,0.0,,0.0,normalDay
2022-06-06,5043.0,574.0,0.0,0,411.79,0.0,1,28.26,22.52,SPY220930P00413000,413.0,0,0.0,0.0,,0.0,normalDay
2022-06-07,5043.0,763.0,0.0,0,415.74,0.0,1,28.26,20.63,SPY220930P00413000,413.0,0,0.0,0.0,,0.0,normalDay
2022-06-08,5043.0,602.0,0.0,0,411.22,0.0,1,28.26,22.24,SPY220930P00413000,413.0,0,0.0,0.0,,0.0,normalDay
2022-06-09,5043.0,90.0,0.0,0,401.44,0.0,1,28.26,27.36,SPY220930P00413000,413.0,0,0.0,0.0,,0.0,normalDay
2022-06-10,5043.0,-639.0,0.0,0,389.8,0.0,1,28.26,34.65,SPY220930P00413000,413.0,0,0.0,0.0,,0.0,normalDay
2022-06-13,5043.0,-1756.0,0.0,0,375.0,0.0,1,28.26,45.82,SPY220930P00413000,413.0,0,0.0,0.0,,0.0,normalDay
2022-06-14,5043.0,-1853.0,0.0,0,373.87,0.0,1,28.26,46.79,SPY220930P00413000,413.0,0,0.0,0.0,,0.0,normalDay
2022-06-15,5043.0,-1335.0,0.0,0,379.2,0.0,1,28.26,41.61,SPY220930P00413000,413.0,0,0.0,0.0,,0.0,normalDay
2022-06-16,5043.0,-2296.0,0.0,0,366.65,0.0,1,28.26,51.22,SPY220930P00413000,413.0,0,0.0,0.0,,0.0,normalDay
2022-06-17,5043.0,-2183.0,0.0,0,365.86,0.0,1,28.26,50.09,SPY220930P00413000,413.0,0,0.0,0.0,,0.0,normalDay
2022-06-21,5043.0,-1462.0,0.0,0,375.07,0.0,1,28.26,42.88,SPY220930P00413000,413.0,0,0.0,0.0,,0.0,normalDay
2022-06-22,5043.0,-1460.0,0.0,0,374.39,0.0,1,28.26,42.86,SPY220930P00413000,413.0,0,0.0,0.0,,0.0,normalDay
2022-06-23,5043.0,-1280.0,0.0,0,378.06,0.0,1,28.26,41.06,SPY220930P00413000,413.0,0,0.0,0.0,,0.0,normalDay
2022-06-24,5043.0,-401.0,0.0,0,390.08,0.0,1,28.26,32.27,SPY220930P00413000,413.0,0,0.0,0.0,,0.0,normalDay
2022-06-27,5043.0,-337.0,0.0,0,388.59,0.0,1,28.26,31.63,SPY220930P00413000,413.0,0,0.0,0.0,,0.0,normalDay
2022-06-28,5043.0,-951.0,0.0,0,380.65,0.0,1,28.26,37.77,SPY220930P00413000,413.0,0,0.0,0.0,,0.0,normalDay
2022-06-29,5043.0,-935.0,0.0,0,380.34,0.0,1,28.26,37.61,SPY220930P00413000,413.0,0,0.0,0.0,,0.0,normalDay
2022-06-30,5043.0,-1268.0,0.0,0,377.25,0.0,1,28.26,40.94,SPY220930P00413000,413.0,0,0.0,0.0,,0.0,normalDay
2022-07-01,5043.0,-893.0,0.0,0,381.24,0.0,1,28.26,37.19,SPY220930P00413000,413.0,0,0.0,0.0,,0.0,normalDay
2022-07-05,5043.0,-835.0,0.0,0,381.96,0.0,1,28.26,36.61,SPY220930P00413000,413.0,0,0.0,0.0,,0.0,normalDay
2022-07-06,5043.0,-663.0,0.0,0,383.25,0.0,1,28.26,34.89,SPY220930P00413000,413.0,0,0.0,0.0,,0.0,normalDay
2022-07-07,5043.0,-277.0,0.0,0,388.99,0.0,1,28.26,31.03,SPY220930P00413000,413.0,0,0.0,0.0,,0.0,normalDay
2022-07-08,5043.0,-216.0,0.0,0,388.67,0.0,1,28.26,30.42,SPY220930P00413000,413.0,0,0.0,0.0,,0.0,normalDay
2022-07-11,5043.0,-528.0,0.0,0,384.23,0.0,1,28.26,33.54,SPY220930P00413000,413.0,0,0.0,0.0,,0.0,normalDay
2022-07-12,5043.0,-833.0,0.0,0,380.83,0.0,1,28.26,36.59,SPY220930P00413000,413.0,0,0.0,0.0,,0.0,normalDay
2022-07-13,5043.0,-976.0,0.0,0,378.83,0.0,1,28.26,38.02,SPY220930P00413000,413.0,0,0.0,0.0,,0.0,normalDay
2022-07-14,5043.0,-1007.0,0.0,0,377.91,0.0,1,28.26,38.33,SPY220930P00413000,413.0,0,0.0,0.0,,0.0,normalDay
2022-07-15,5043.0,-411.0,0.0,0,385.13,0.0,1,28.26,32.37,SPY220930P00413000,413.0,0,0.0,0.0,,0.0,normalDay
2022-07-18,5043.0,-653.0,0.0,0,381.95,0.0,1,28.26,34.79,SPY220930P00413000,413.0,0,0.0,0.0,,0.0,normalDay
2022-07-19,5043.0,126.0,0.0,0,392.27,0.0,1,28.26,27.0,SPY220930P00413000,413.0,0,0.0,0.0,,0.0,normalDay
2022-07-20,5043.0,289.0,0.0,0,394.77,0.0,1,28.26,25.37,SPY220930P00413000,413.0,0,0.0,0.0,,0.0,normalDay
2022-07-21,5043.0,561.0,0.0,0,398.79,0.0,1,28.26,22.65,SPY220930P00413000,413.0,0,0.0,0.0,,0.0,normalDay
2022-07-22,5043.0,332.0,0.0,0,395.09,0.0,1,28.26,24.94,SPY220930P00413000,413.0,0,0.0,0.0,,0.0,normalDay
2022-07-25,5043.0,457.0,0.0,0,395.57,0.0,1,28.26,23.69,SPY220930P00413000,413.0,0,0.0,0.0,,0.0,normalDay
2022-07-26,5043.0,162.0,0.0,0,390.89,0.0,1,28.26,26.64,SPY220930P00413000,413.0,0,0.0,0.0,,0.0,normalDay
2022-07-27,5043.0,745.0,0.0,0,401.04,0.0,1,28.26,20.81,SPY220930P00413000,413.0,0,0.0,0.0,,0.0,normalDay
2022-07-28,5043.0,1170.0,0.0,0,406.07,0.0,1,28.26,16.56,SPY220930P00413000,413.0,0,0.0,0.0,,0.0,normalDay
2022-07-29,5043.0,1423.0,0.0,0,411.99,0.0,1,28.26,14.03,SPY220930P00413000,413.0,0,0.0,0.0,,0.0,normalDay
2022-08-01,5043.0,1336.0,0.0,0,410.77,0.0,1,28.26,14.9,SPY220930P00413000,413.0,0,0.0,0.0,,0.0,normalDay
2022-08-02,5043.0,1146.0,0.0,0,408.06,0.0,1,28.26,16.8,SPY220930P00413000,413.0,0,0.0,0.0,,0.0,normalDay
2022-08-03,5043.0,1514.0,0.0,0,414.45,0.0,1,28.26,13.12,SPY220930P00413000,413.0,0,0.0,0.0,,0.0,normalDay
2022-08-04,5043.0,1540.0,0.0,0,414.17,0.0,1,28.26,12.86,SPY220930P00413000,413.0,0,0.0,0.0,,0.0,normalDay
2022-08-05,5043.0,1514.0,0.0,0,413.47,0.0,1,28.26,13.12,SPY220930P00413000,413.0,0,0.0,0.0,,0.0,normalDay
2022-08-08,5043.0,1540.0,0.0,0,412.99,0.0,1,28.26,12.86,SPY220930P00413000,413.0,0,0.0,0.0,,0.0,normalDay
2022-08-09,5043.0,1473.0,0.0,0,411.35,0.0,1,28.26,13.53,SPY220930P00413000,413.0,0,0.0,0.0,,0.0,normalDay
2022-08-10,5043.0,1876.0,0.0,0,419.99,0.0,1,28.26,9.5,SPY220930P00413000,413.0,0,0.0,0.0,,0.0,normalDay
2022-08-11,5043.0,1904.0,0.0,0,419.99,0.0,1,28.26,9.22,SPY220930P00413000,413.0,0,0.0,0.0,,0.0,normalDay
2022-08-12,5043.0,2123.0,0.0,0,427.1,0.0,1,28.26,7.03,SPY220930P00413000,413.0,0,0.0,0.0,,0.0,normalDay
2022-08-15,5043.0,2195.0,0.0,0,428.86,0.0,1,28.26,6.31,SPY220930P00413000,413.0,0,0.0,0.0,,0.0,normalDay
2022-08-16,5043.0,2223.0,0.0,0,429.7,0.0,1,28.26,6.03,SPY220930P00413000,413.0,0,0.0,0.0,,0.0,normalDay
2022-08-17,5043.0,2143.0,0.0,0,426.65,0.0,1,28.26,6.83,SPY220930P00413000,413.0,0,0.0,0.0,,0.0,normalDay
2022-08-18,5043.0,2209.0,0.0,0,427.89,0.0,1,28.26,6.17,SPY220930P00413000,413.0,0,0.0,0.0,,0.0,normalDay
2022-08-19,5043.0,2025.0,0.0,0,422.14,0.0,1,28.26,8.01,SPY220930P00413000,413.0,0,0.0,0.0,,0.0,normalDay
2022-08-22,5043.0,1651.0,0.0,0,413.35,0.0,1,28.26,11.75,SPY220930P00413000,413.0,0,0.0,0.0,,0.0,normalDay
2022-08-23,5043.0,1600.0,0.0,0,412.35,0.0,1,28.26,12.26,SPY220930P00413000,413.0,0,0.0,0.0,,0.0,normalDay
2022-08-24,5043.0,1735.0,0.0,0,413.67,0.0,1,28.26,10.91,SPY220930P00413000,413.0,0,0.0,0.0,,0.0,normalDay
2022-08-25,5043.0,1998.0,0.0,0,419.51,0.0,1,28.26,8.28,SPY220930P00413000,413.0,0,0.0,0.0,,0.0,normalDay
2022-08-26,5043.0,1235.0,0.0,0,405.31,0.0,1,28.26,15.91,SPY220930P00413000,413.0,0,0.0,0.0,,0.0,normalDay
2022-08-29,5043.0,1121.0,0.0,0,402.63,0.0,1,28.26,17.05,SPY220930P00413000,413.0,0,0.0,0.0,,0.0,normalDay
2022-08-30,5043.0,846.0,0.0,0,398.21,0.0,1,28.26,19.8,SPY220930P00413000,413.0,0,0.0,0.0,,0.0,normalDay
2022-08-31,5043.0,669.0,0.0,0,395.18,0.0,1,28.26,21.57,SPY220930P00413000,413.0,0,0.0,0.0,,0.0,normalDay
2022-09-01,5043.0,768.0,0.0,0,396.42,0.0,1,28.26,20.58,SPY220930P00413000,413.0,0,0.0,0.0,,0.0,normalDay
2022-09-02,5043.0,480.0,0.0,0,392.24,0.0,1,28.26,23.46,SPY220930P00413000,413.0,0,0.0,0.0,,0.0,normalDay
2022-09-06,5043.0,274.0,0.0,0,390.76,0.0,1,28.26,25.52,SPY220930P00413000,413.0,0,0.0,0.0,,0.0,normalDay
2022-09-07,5043.0,905.0,0.0,0,397.78,0.0,1,28.26,19.21,SPY220930P00413000,413.0,0,0.0,0.0,,0.0,normalDay
2022-09-08,5043.0,1183.0,0.0,0,400.38,0.0,1,28.26,16.43,SPY220930P00413000,413.0,0,0.0,0.0,,0.0,normalDay
2022-09-09,5043.0,1582.0,0.0,0,406.6,0.0,1,28.26,12.44,SPY220930P00413000,413.0,0,0.0,0.0,,0.0,normalDay
2022-09-12,5043.0,1860.0,0.0,0,410.97,0.0,1,28.26,9.66,SPY220930P00413000,413.0,0,0.0,0.0,,0.0,normalDay
2022-09-13,5043.0,596.0,0.0,0,393.1,0.0,1,28.26,22.3,SPY220930P00413000,413.0,0,0.0,0.0,,0.0,normalDay
2022-09-14,5043.0,725.0,0.0,0,394.6,0.0,1,28.26,21.01,SPY220930P00413000,413.0,0,0.0,0.0,,0.0,normalDay
2022-09-15,5043.0,411.0,0.0,0,390.12,0.0,1,28.26,24.15,SPY220930P00413000,413.0,0,0.0,0.0,,0.0,normalDay
2022-09-16,5043.0,95.0,0.0,0,385.56,0.0,1,28.26,27.31,SPY220930P00413000,413.0,0,0.0,0.0,,0.0,normalDay
2022-09-19,5043.0,360.0,0.0,0,388.55,0.0,1,28.26,24.66,SPY220930P00413000,413.0,0,0.0,0.0,,0.0,normalDay
2022-09-20,5043.0,-33.0,0.0,0,384.09,0.0,1,28.26,28.59,SPY220930P00413000,413.0,0,0.0,0.0,,0.0,normalDay
2022-09-21,5043.0,-748.0,0.0,0,377.39,0.0,1,28.26,35.74,SPY220930P00413000,413.0,0,0.0,0.0,,0.0,normalDay
2022-09-22,5043.0,-1020.0,0.0,0,374.22,0.0,1,28.26,38.46,SPY220930P00413000,413.0,0,0.0,0.0,,0.0,normalDay
2022-09-23,5043.0,-1727.0,0.0,0,367.95,0.0,1,28.26,45.53,SPY220930P00413000,413.0,0,0.0,0.0,,0.0,normalDay
2022-09-26,5043.0,-2118.0,0.0,0,364.31,0.0,1,28.26,49.44,SPY220930P00413000,413.0,0,0.0,0.0,,0.0,normalDay
2022-09-27,5043.0,-2154.0,0.0,0,363.38,0.0,1,28.26,49.8,SPY220930P00413000,413.0,0,0.0,0.0,,0.0,normalDay
2022-09-28,5043.0,-1441.0,0.0,0,370.53,0.0,1,28.26,42.67,SPY220930P00413000,413.0,0,0.0,0.0,,0.0,normalDay
2022-09-29,5043.0,-2193.0,0.0,0,362.79,0.0,1,28.26,50.19,SPY220930P00413000,413.0,0,0.0,0.0,,0.0,normalDay
2022-09-30,7869.0,-5582.0,2826.0,100,357.18,413.0,1,28.26,0.0,SPY220930P00413000,413.0,0,0.0,0.0,,0.0,expirationDay
2022-10-03,7869.0,-4642.0,0.0,100,366.61,413.0,0,0.0,0.0,,0.0,1,0.42,0.45,SPY221118C00425000,425.0,normalDay
2022-10-04,7869.0,-3557.0,0.0,100,377.97,413.0,0,0.0,0.0,,0.0,1,0.42,0.96,SPY221118C00425000,425.0,normalDay
2022-10-05,7869.0,-3628.0,0.0,100,377.09,413.0,0,0.0,0.0,,0.0,1,0.42,0.79,SPY221118C00425000,425.0,normalDay
2022-10-06,7869.0,-4000.0,0.0,100,373.2,413.0,0,0.0,0.0,,0.0,1,0.42,0.62,SPY221118C00425000,425.0,normalDay
2022-10-07,7869.0,-5007.0,0.0,100,362.79,413.0,0,0.0,0.0,,0.0,1,0.42,0.28,SPY221118C00425000,425.0,normalDay
2022-10-10,7869.0,-5284.0,0.0,100,360.02,413.0,0,0.0,0.0,,0.0,1,0.42,0.28,SPY221118C00425000,425.0,normalDay
2022-10-11,7869.0,-5510.0,0.0,100,357.74,413.0,0,0.0,0.0,,0.0,1,0.42,0.26,SPY221118C00425000,425.0,normalDay
2022-10-12,7869.0,-5626.0,0.0,100,356.56,413.0,0,0.0,0.0,,0.0,1,0.42,0.24,SPY221118C00425000,425.0,normalDay
2022-10-13,7869.0,-4705.0,0.0,100,365.97,413.0,0,0.0,0.0,,0.0,1,0.42,0.44,SPY221118C00425000,425.0,normalDay
2022-10-14,7869.0,-5518.0,0.0,100,357.63,413.0,0,0.0,0.0,,0.0,1,0.42,0.23,SPY221118C00425000,425.0,normalDay
2022-10-17,7869.0,-4610.0,0.0,100,366.82,413.0,0,0.0,0.0,,0.0,1,0.42,0.34,SPY221118C00425000,425.0,normalDay
2022-10-18,7869.0,-4191.0,0.0,100,371.13,413.0,0,0.0,0.0,,0.0,1,0.42,0.46,SPY221118C00425000,425.0,normalDay
2022-10-19,7869.0,-4442.0,0.0,100,368.5,413.0,0,0.0,0.0,,0.0,1,0.42,0.34,SPY221118C00425000,425.0,normalDay
2022-10-20,7869.0,-4738.0,0.0,100,365.41,413.0,0,0.0,0.0,,0.0,1,0.42,0.21,SPY221118C00425000,425.0,normalDay
2022-10-21,7869.0,-3876.0,0.0,100,374.29,413.0,0,0.0,0.0,,0.0,1,0.42,0.47,SPY221118C00425000,425.0,normalDay
2022-10-24,7869.0,-3433.0,0.0,100,378.87,413.0,0,0.0,0.0,,0.0,1,0.42,0.62,SPY221118C00425000,425.0,normalDay
2022-10-25,7869.0,-2833.0,0.0,100,384.92,413.0,0,0.0,0.0,,0.0,1,0.42,0.67,SPY221118C00425000,425.0,normalDay
2022-10-26,7869.0,-3103.0,0.0,100,382.02,413.0,0,0.0,0.0,,0.0,1,0.42,0.47,SPY221118C00425000,425.0,normalDay
2022-10-27,7869.0,-3283.0,0.0,100,379.98,413.0,0,0.0,0.0,,0.0,1,0.42,0.23,SPY221118C00425000,425.0,normalDay
2022-10-28,7869.0,-2418.0,0.0,100,389.02,413.0,0,0.0,0.0,,0.0,1,0.42,0.62,SPY221118C00425000,425.0,normalDay
2022-10-31,7869.0,-2673.0,0.0,100,386.21,413.0,0,0.0,0.0,,0.0,1,0.42,0.36,SPY221118C00425000,425.0,normalDay
2022-11-01,7869.0,-2832.0,0.0,100,384.52,413.0,0,0.0,0.0,,0.0,1,0.42,0.26,SPY221118C00425000,425.0,normalDay
2022-11-02,7869.0,-3779.0,0.0,100,374.87,413.0,0,0.0,0.0,,0.0,1,0.42,0.08,SPY221118C00425000,425.0,normalDay
2022-11-03,7869.0,-4163.0,0.0,100,371.01,413.0,0,0.0,0.0,,0.0,1,0.42,0.06,SPY221118C00425000,425.0,normalDay
2022-11-04,7869.0,-3628.0,0.0,100,376.35,413.0,0,0.0,0.0,,0.0,1,0.42,0.05,SPY221118C00425000,425.0,normalDay
2022-11-07,7869.0,-3268.0,0.0,100,379.95,413.0,0,0.0,0.0,,0.0,1,0.42,0.05,SPY221118C00425000,425.0,normalDay
2022-11-08,7869.0,-3062.0,0.0,100,382.0,413.0,0,0.0,0.0,,0.0,1,0.42,0.04,SPY221118C00425000,425.0,normalDay
2022-11-09,7869.0,-3848.0,0.0,100,374.13,413.0,0,0.0,0.0,,0.0,1,0.42,0.03,SPY221118C00425000,425.0,normalDay
2022-11-10,7869.0,-1801.0,0.0,100,394.69,413.0,0,0.0,0.0,,0.0,1,0.42,0.12,SPY221118C00425000,425.0,normalDay
2022-11-11,7869.0,-1415.0,0.0,100,398.51,413.0,0,0.0,0.0,,0.0,1,0.42,0.08,SPY221118C00425000,425.0,normalDay
2022-11-14,7869.0,-1749.0,0.0,100,395.12,413.0,0,0.0,0.0,,0.0,1,0.42,0.03,SPY221118C00425000,425.0,normalDay
2022-11-15,7869.0,-1412.0,0.0,100,398.49,413.0,0,0.0,0.0,,0.0,1,0.42,0.03,SPY221118C00425000,425.0,normalDay
2022-11-16,7869.0,-1714.0,0.0,100,395.45,413.0,0,0.0,0.0,,0.0,1,0.42,0.01,SPY221118C00425000,425.0,normalDay
2022-11-17,7869.0,-1835.0,0.0,100,394.24,413.0,0,0.0,0.0,,0.0,1,0.42,0.01,SPY221118C00425000,425.0,normalDay
2022-11-18,7911.0,-1697.0,42.0,100,396.03,413.0,0,0.0,0.0,,0.0,1,0.42,0.0,SPY221118C00425000,425.0,expirationDay
2022-11-21,7911.0,-1845.0,0.0,100,394.59,413.0,0,0.0,0.0,,0.0,1,3.7,3.74,SPY221230C00411000,411.0,normalDay
2022-11-22,7911.0,-1428.0,0.0,100,399.9,413.0,0,0.0,0.0,,0.0,1,3.7,4.88,SPY221230C00411000,411.0,normalDay
2022-11-23,7911.0,-1225.0,0.0,100,402.42,413.0,0,0.0,0.0,,0.0,1,3.7,5.37,SPY221230C00411000,411.0,normalDay
2022-11-25,7911.0,-1206.0,0.0,100,402.33,413.0,0,0.0,0.0,,0.0,1,3.7,5.09,SPY221230C00411000,411.0,normalDay
2022-11-28,7911.0,-1653.0,0.0,100,395.91,413.0,0,0.0,0.0,,0.0,1,3.7,3.14,SPY221230C00411000,411.0,normalDay
2022-11-29,7911.0,-1681.0,0.0,100,395.23,413.0,0,0.0,0.0,,0.0,1,3.7,2.74,SPY221230C00411000,411.0,normalDay
2022-11-30,7911.0,-871.0,0.0,100,407.68,413.0,0,0.0,0.0,,0.0,1,3.7,7.09,SPY221230C00411000,411.0,normalDay
2022-12-01,7911.0,-825.0,0.0,100,407.38,413.0,0,0.0,0.0,,0.0,1,3.7,6.33,SPY221230C00411000,411.0,normalDay
2022-12-02,7911.0,-786.0,0.0,100,406.91,413.0,0,0.0,0.0,,0.0,1,3.7,5.47,SPY221230C00411000,411.0,normalDay
2022-12-05,7911.0,-1263.0,0.0,100,399.59,413.0,0,0.0,0.0,,0.0,1,3.7,2.92,SPY221230C00411000,411.0,normalDay
2022-12-06,7911.0,-1722.0,0.0,100,393.83,413.0,0,0.0,0.0,,0.0,1,3.7,1.75,SPY221230C00411000,411.0,normalDay
2022-12-07,7911.0,-1775.0,0.0,100,393.16,413.0,0,0.0,0.0,,0.0,1,3.7,1.61,SPY221230C00411000,411.0,normalDay
2022-12-08,7911.0,-1509.0,0.0,100,396.24,413.0,0,0.0,0.0,,0.0,1,3.7,2.03,SPY221230C00411000,411.0,normalDay
2022-12-09,7911.0,-1742.0,0.0,100,393.28,413.0,0,0.0,0.0,,0.0,1,3.7,1.4,SPY221230C00411000,411.0,normalDay
2022-12-12,7911.0,-1329.0,0.0,100,398.95,413.0,0,0.0,0.0,,0.0,1,3.7,2.94,SPY221230C00411000,411.0,normalDay
2022-12-13,7911.0,-1024.0,0.0,100,401.97,413.0,0,0.0,0.0,,0.0,1,3.7,2.91,SPY221230C00411000,411.0,normalDay
2022-12-14,7911.0,-1152.0,0.0,100,399.4,413.0,0,0.0,0.0,,0.0,1,3.7,1.62,SPY221230C00411000,411.0,normalDay
2022-12-15,7911.0,-2004.0,0.0,100,389.63,413.0,0,0.0,0.0,,0.0,1,3.7,0.37,SPY221230C00411000,411.0,normalDay
2022-12-16,7911.0,-2617.0,0.0,100,383.27,413.0,0,0.0,0.0,,0.0,1,3.7,0.14,SPY221230C00411000,411.0,normalDay
2022-12-19,7911.0,-2935.0,0.0,100,380.02,413.0,0,0.0,0.0,,0.0,1,3.7,0.07,SPY221230C00411000,411.0,normalDay
2022-12-20,7911.0,-2882.0,0.0,100,380.54,413.0,0,0.0,0.0,,0.0,1,3.7,0.06,SPY221230C00411000,411.0,normalDay
2022-12-21,7911.0,-2314.0,0.0,100,386.23,413.0,0,0.0,0.0,,0.0,1,3.7,0.07,SPY221230C00411000,411.0,normalDay
2022-12-22,7911.0,-2862.0,0.0,100,380.72,413.0,0,0.0,0.0,,0.0,1,3.7,0.04,SPY221230C00411000,411.0,normalDay
2022-12-23,7911.0,-2641.0,0.0,100,382.91,413.0,0,0.0,0.0,,0.0,1,3.7,0.02,SPY221230C00411000,411.0,normalDay
2022-12-27,7911.0,-2792.0,0.0,100,381.4,413.0,0,0.0,0.0,,0.0,1,3.7,0.02,SPY221230C00411000,411.0,normalDay
2022-12-28,7911.0,-3265.0,0.0,100,376.66,413.0,0,0.0,0.0,,0.0,1,3.7,0.01,SPY221230C00411000,411.0,normalDay
2022-12-29,7911.0,-2587.0,0.0,100,383.44,413.0,0,0.0,0.0,,0.0,1,3.7,0.01,SPY221230C00411000,411.0,normalDay
2022-12-30,8281.0,-3057.0,370.0,100,382.43,413.0,0,0.0,0.0,,0.0,1,3.7,0.0,SPY221230C00411000,411.0,expirationDay
2023-01-03,8281.0,-3222.0,0.0,100,380.82,413.0,0,0.0,0.0,,0.0,1,2.0,2.04,SPY230217C00410000,410.0,normalDay
2023-01-04,8281.0,-2963.0,0.0,100,383.76,413.0,0,0.0,0.0,,0.0,1,2.0,2.39,SPY230217C00410000,410.0,normalDay
2023-01-05,8281.0,-3323.0,0.0,100,379.38,413.0,0,0.0,0.0,,0.0,1,2.0,1.61,SPY230217C00410000,410.0,normalDay
2023-01-06,8281.0,-2579.0,0.0,100,388.08,413.0,0,0.0,0.0,,0.0,1,2.0,2.87,SPY230217C00410000,410.0,normalDay
2023-01-09,8281.0,-2593.0,0.0,100,387.86,413.0,0,0.0,0.0,,0.0,1,2.0,2.79,SPY230217C00410000,410.0,normalDay
2023-01-10,8281.0,-2343.0,0.0,100,390.58,413.0,0,0.0,0.0,,0.0,1,2.0,3.01,SPY230217C00410000,410.0,normalDay
2023-01-11,8281.0,-2007.0,0.0,100,395.52,413.0,0,0.0,0.0,,0.0,1,2.0,4.59,SPY230217C00410000,410.0,normalDay
2023-01-12,8281.0,-1807.0,0.0,100,396.96,413.0,0,0.0,0.0,,0.0,1,2.0,4.03,SPY230217C00410000,410.0,normalDay
2023-01-13,8281.0,-1641.0,0.0,100,398.5,413.0,0,0.0,0.0,,0.0,1,2.0,3.91,SPY230217C00410000,410.0,normalDay
2023-01-17,8281.0,-1674.0,0.0,100,397.77,413.0,0,0.0,0.0,,0.0,1,2.0,3.51,SPY230217C00410000,410.0,normalDay
2023-01-18,8281.0,-2142.0,0.0,100,391.49,413.0,0,0.0,0.0,,0.0,1,2.0,1.91,SPY230217C00410000,410.0,normalDay
2023-01-19,8281.0,-2364.0,0.0,100,388.64,413.0,0,0.0,0.0,,0.0,1,2.0,1.28,SPY230217C00410000,410.0,normalDay
2023-01-20,8281.0,-1773.0,0.0,100,395.88,413.0,0,0.0,0.0,,0.0,1,2.0,2.61,SPY230217C00410000,410.0,normalDay
2023-01-23,8281.0,-1425.0,0.0,100,400.63,413.0,0,0.0,0.0,,0.0,1,2.0,3.88,SPY230217C00410000,410.0,normalDay
2023-01-24,8281.0,-1474.0,0.0,100,400.2,413.0,0,0.0,0.0,,0.0,1,2.0,3.94,SPY230217C00410000,410.0,normalDay
2023-01-25,8281.0,-1410.0,0.0,100,400.35,413.0,0,0.0,0.0,,0.0,1,2.0,3.45,SPY230217C00410000,410.0,normalDay
2023-01-26,8281.0,-1114.0,0.0,100,404.75,413.0,0,0.0,0.0,,0.0,1,2.0,4.89,SPY230217C00410000,410.0,normalDay
2023-01-27,8281.0,-1051.0,0.0,100,405.68,413.0,0,0.0,0.0,,0.0,1,2.0,5.19,SPY230217C00410000,410.0,normalDay
2023-01-30,8281.0,-1395.0,0.0,100,400.59,413.0,0,0.0,0.0,,0.0,1,2.0,3.54,SPY230217C00410000,410.0,normalDay
2023-01-31,8281.0,-981.0,0.0,100,406.48,413.0,0,0.0,0.0,,0.0,1,2.0,5.29,SPY230217C00410000,410.0,normalDay
2023-02-01,8281.0,-768.0,0.0,100,410.8,413.0,0,0.0,0.0,,0.0,1,2.0,7.48,SPY230217C00410000,410.0,normalDay
2023-02-02,8281.0,-416.0,0.0,100,416.78,413.0,0,0.0,0.0,,0.0,1,2.0,9.94,SPY230217C00410000,410.0,normalDay
2023-02-03,8281.0,-611.0,0.0,100,412.35,413.0,0,0.0,0.0,,0.0,1,2.0,7.46,SPY230217C00410000,410.0,normalDay
2023-02-06,8281.0,-707.0,0.0,100,409.83,413.0,0,0.0,0.0,,0.0,1,2.0,5.9,SPY230217C00410000,410.0,normalDay
2023-02-07,8281.0,-409.0,0.0,100,415.19,413.0,0,0.0,0.0,,0.0,1,2.0,8.28,SPY230217C00410000,410.0,normalDay
2023-02-08,8281.0,-635.0,0.0,100,410.65,413.0,0,0.0,0.0,,0.0,1,2.0,6.0,SPY230217C00410000,410.0,normalDay
2023-02-09,8281.0,-832.0,0.0,100,407.09,413.0,0,0.0,0.0,,0.0,1,2.0,4.41,SPY230217C00410000,410.0,normalDay
2023-02-10,8281.0,-712.0,0.0,100,408.04,413.0,0,0.0,0.0,,0.0,1,2.0,4.16,SPY230217C00410000,410.0,normalDay
2023-02-13,8281.0,-460.0,0.0,100,412.83,413.0,0,0.0,0.0,,0.0,1,2.0,6.43,SPY230217C00410000,410.0,normalDay
2023-02-14,8281.0,-272.0,0.0,100,412.64,413.0,0,0.0,0.0,,0.0,1,2.0,4.36,SPY230217C00410000,410.0,normalDay
2023-02-15,8281.0,-218.0,0.0,100,413.98,413.0,0,0.0,0.0,,0.0,1,2.0,5.16,SPY230217C00410000,410.0,normalDay
2023-02-16,8281.0,-391.0,0.0,100,408.28,413.0,0,0.0,0.0,,0.0,1,2.0,1.19,SPY230217C00410000,410.0,normalDay
2023-02-17,8481.0,-574.0,200.0,100,407.26,413.0,0,0.0,0.0,,0.0,1,2.0,0.0,SPY230217C00410000,410.0,expirationDay
2023-02-21,8481.0,-1395.0,0.0,100,399.09,413.0,0,0.0,0.0,,0.0,1,1.77,1.81,SPY230331C00422000,422.0,normalDay
2023-02-22,8481.0,-1412.0,0.0,100,398.54,413.0,0,0.0,0.0,,0.0,1,1.77,1.43,SPY230331C00422000,422.0,normalDay
2023-02-23,8481.0,-1205.0,0.0,100,400.66,413.0,0,0.0,0.0,,0.0,1,1.77,1.48,SPY230331C00422000,422.0,normalDay
2023-02-24,8481.0,-1581.0,0.0,100,396.38,413.0,0,0.0,0.0,,0.0,1,1.77,0.96,SPY230331C00422000,422.0,normalDay
2023-02-27,8481.0,-1442.0,0.0,100,397.73,413.0,0,0.0,0.0,,0.0,1,1.77,0.92,SPY230331C00422000,422.0,normalDay
2023-02-28,8481.0,-1562.0,0.0,100,396.26,413.0,0,0.0,0.0,,0.0,1,1.77,0.65,SPY230331C00422000,422.0,normalDay
2023-03-01,8481.0,-1704.0,0.0,100,394.74,413.0,0,0.0,0.0,,0.0,1,1.77,0.55,SPY230331C00422000,422.0,normalDay
2023-03-02,8481.0,-1410.0,0.0,100,397.81,413.0,0,0.0,0.0,,0.0,1,1.77,0.68,SPY230331C00422000,422.0,normalDay
2023-03-03,8481.0,-839.0,0.0,100,404.19,413.0,0,0.0,0.0,,0.0,1,1.77,1.35,SPY230331C00422000,422.0,normalDay
2023-03-06,8481.0,-806.0,0.0,100,404.47,413.0,0,0.0,0.0,,0.0,1,1.77,1.3,SPY230331C00422000,422.0,normalDay
2023-03-07,8481.0,-1357.0,0.0,100,398.27,413.0,0,0.0,0.0,,0.0,1,1.77,0.61,SPY230331C00422000,422.0,normalDay
2023-03-08,8481.0,-1285.0,0.0,100,398.92,413.0,0,0.0,0.0,,0.0,1,1.77,0.54,SPY230331C00422000,422.0,normalDay
2023-03-09,8481.0,-1996.0,0.0,100,391.56,413.0,0,0.0,0.0,,0.0,1,1.77,0.29,SPY230331C00422000,422.0,normalDay
2023-03-10,8481.0,-2544.0,0.0,100,385.91,413.0,0,0.0,0.0,,0.0,1,1.77,0.12,SPY230331C00422000,422.0,normalDay
2023-03-13,8481.0,-2600.0,0.0,100,385.36,413.0,0,0.0,0.0,,0.0,1,1.77,0.13,SPY230331C00422000,422.0,normalDay
2023-03-14,8481.0,-1961.0,0.0,100,391.73,413.0,0,0.0,0.0,,0.0,1,1.77,0.11,SPY230331C00422000,422.0,normalDay
2023-03-15,8481.0,-2203.0,0.0,100,389.28,413.0,0,0.0,0.0,,0.0,1,1.77,0.08,SPY230331C00422000,422.0,normalDay
2023-03-16,8481.0,-1528.0,0.0,100,396.11,413.0,0,0.0,0.0,,0.0,1,1.77,0.16,SPY230331C00422000,422.0,normalDay
2023-03-17,8481.0,-2132.0,0.0,100,389.99,413.0,0,0.0,0.0,,0.0,1,1.77,0.08,SPY230331C00422000,422.0,normalDay
2023-03-20,8481.0,-1757.0,0.0,100,393.74,413.0,0,0.0,0.0,,0.0,1,1.77,0.08,SPY230331C00422000,422.0,normalDay
2023-03-21,8481.0,-1249.0,0.0,100,398.91,413.0,0,0.0,0.0,,0.0,1,1.77,0.17,SPY230331C00422000,422.0,normalDay
2023-03-22,8481.0,-1915.0,0.0,100,392.11,413.0,0,0.0,0.0,,0.0,1,1.77,0.03,SPY230331C00422000,422.0,normalDay
2023-03-23,8481.0,-1809.0,0.0,100,393.17,413.0,0,0.0,0.0,,0.0,1,1.77,0.03,SPY230331C00422000,422.0,normalDay
2023-03-24,8481.0,-1550.0,0.0,100,395.75,413.0,0,0.0,0.0,,0.0,1,1.77,0.02,SPY230331C00422000,422.0,normalDay
2023-03-27,8481.0,-1476.0,0.0,100,396.49,413.0,0,0.0,0.0,,0.0,1,1.77,0.02,SPY230331C00422000,422.0,normalDay
2023-03-28,8481.0,-1564.0,0.0,100,395.6,413.0,0,0.0,0.0,,0.0,1,1.77,0.01,SPY230331C00422000,422.0,normalDay
2023-03-29,8481.0,-989.0,0.0,100,401.35,413.0,0,0.0,0.0,,0.0,1,1.77,0.01,SPY230331C00422000,422.0,normalDay
2023-03-30,8481.0,-754.0,0.0,100,403.7,413.0,0,0.0,0.0,,0.0,1,1.77,0.01,SPY230331C00422000,422.0,normalDay
2023-03-31,8658.0,-361.0,177.0,100,409.39,413.0,0,0.0,0.0,,0.0,1,1.77,0.0,SPY230331C00422000,422.0,expirationDay
2023-04-03,8658.0,-210.0,0.0,100,410.95,413.0,0,0.0,0.0,,0.0,1,9.37,9.42,SPY230519C00414000,414.0,normalDay
2023-04-04,8658.0,-311.0,0.0,100,408.67,413.0,0,0.0,0.0,,0.0,1,9.37,8.15,SPY230519C00414000,414.0,normalDay
2023-04-05,8658.0,-343.0,0.0,100,407.6,413.0,0,0.0,0.0,,0.0,1,9.37,7.4,SPY230519C00414000,414.0,normalDay
2023-04-06,8658.0,-224.0,0.0,100,409.19,413.0,0,0.0,0.0,,0.0,1,9.37,7.8,SPY230519C00414000,414.0,normalDay
2023-04-10,8658.0,-191.0,0.0,100,409.61,413.0,0,0.0,0.0,,0.0,1,9.37,7.89,SPY230519C00414000,414.0,normalDay
2023-04-11,8658.0,-167.0,0.0,100,409.72,413.0,0,0.0,0.0,,0.0,1,9.37,7.76,SPY230519C00414000,414.0,normalDay
2023-04-12,8658.0,-204.0,0.0,100,408.05,413.0,0,0.0,0.0,,0.0,1,9.37,6.46,SPY230519C00414000,414.0,normalDay
2023-04-13,8658.0,97.0,0.0,100,413.47,413.0,0,0.0,0.0,,0.0,1,9.37,8.87,SPY230519C00414000,414.0,normalDay
2023-04-14,8658.0,89.0,0.0,100,412.46,413.0,0,0.0,0.0,,0.0,1,9.37,7.94,SPY230519C00414000,414.0,normalDay
2023-04-17,8658.0,203.0,0.0,100,413.94,413.0,0,0.0,0.0,,0.0,1,9.37,8.28,SPY230519C00414000,414.0,normalDay
2023-04-18,8658.0,258.0,0.0,100,414.21,413.0,0,0.0,0.0,,0.0,1,9.37,8.0,SPY230519C00414000,414.0,normalDay
2023-04-19,8658.0,273.0,0.0,100,414.14,413.0,0,0.0,0.0,,0.0,1,9.37,7.78,SPY230519C00414000,414.0,normalDay
2023-04-20,8658.0,156.0,0.0,100,411.88,413.0,0,0.0,0.0,,0.0,1,9.37,6.69,SPY230519C00414000,414.0,normalDay
2023-04-21,8658.0,224.0,0.0,100,412.2,413.0,0,0.0,0.0,,0.0,1,9.37,6.33,SPY230519C00414000,414.0,normalDay
2023-04-24,8658.0,276.0,0.0,100,412.63,413.0,0,0.0,0.0,,0.0,1,9.37,6.24,SPY230519C00414000,414.0,normalDay
2023-04-25,8658.0,-157.0,0.0,100,406.08,413.0,0,0.0,0.0,,0.0,1,9.37,4.02,SPY230519C00414000,414.0,normalDay
2023-04-26,8658.0,-206.0,0.0,100,404.36,413.0,0,0.0,0.0,,0.0,1,9.37,2.79,SPY230519C00414000,414.0,normalDay
2023-04-27,8658.0,275.0,0.0,100,412.41,413.0,0,0.0,0.0,,0.0,1,9.37,6.03,SPY230519C00414000,414.0,normalDay
2023-04-28,8658.0,501.0,0.0,100,415.93,413.0,0,0.0,0.0,,0.0,1,9.37,7.29,SPY230519C00414000,414.0,normalDay
2023-05-01,8658.0,524.0,0.0,100,415.51,413.0,0,0.0,0.0,,0.0,1,9.37,6.64,SPY230519C00414000,414.0,normalDay
2023-05-02,8658.0,287.0,0.0,100,410.84,413.0,0,0.0,0.0,,0.0,1,9.37,4.34,SPY230519C00414000,414.0,normalDay
2023-05-03,8658.0,116.0,0.0,100,408.02,413.0,0,0.0,0.0,,0.0,1,9.37,3.23,SPY230519C00414000,414.0,normalDay
2023-05-04,8658.0,-43.0,0.0,100,405.13,413.0,0,0.0,0.0,,0.0,1,9.37,1.93,SPY230519C00414000,414.0,normalDay
2023-05-05,8658.0,509.0,0.0,100,412.63,413.0,0,0.0,0.0,,0.0,1,9.37,3.91,SPY230519C00414000,414.0,normalDay
2023-05-08,8658.0,557.0,0.0,100,412.74,413.0,0,0.0,0.0,,0.0,1,9.37,3.54,SPY230519C00414000,414.0,normalDay
2023-05-09,8658.0,438.0,0.0,100,410.93,413.0,0,0.0,0.0,,0.0,1,9.37,2.92,SPY230519C00414000,414.0,normalDay
2023-05-10,8658.0,604.0,0.0,100,412.85,413.0,0,0.0,0.0,,0.0,1,9.37,3.18,SPY230519C00414000,414.0,normalDay
2023-05-11,8658.0,620.0,0.0,100,412.13,413.0,0,0.0,0.0,,0.0,1,9.37,2.3,SPY230519C00414000,414.0,normalDay
2023-05-12,8658.0,643.0,0.0,100,411.59,413.0,0,0.0,0.0,,0.0,1,9.37,1.53,SPY230519C00414000,414.0,normalDay
2023-05-15,8658.0,755.0,0.0,100,413.01,413.0,0,0.0,0.0,,0.0,1,9.37,1.83,SPY230519C00414000,414.0,normalDay
2023-05-16,8658.0,581.0,0.0,100,410.25,413.0,0,0.0,0.0,,0.0,1,9.37,0.81,SPY230519C00414000,414.0,normalDay
2023-05-17,8658.0,913.0,0.0,100,415.23,413.0,0,0.0,0.0,,0.0,1,9.37,2.47,SPY230519C00414000,414.0,normalDay
2023-05-18,8658.0,1007.0,0.0,100,419.23,413.0,0,0.0,0.0,,0.0,1,9.37,5.53,SPY230519C00414000,414.0,normalDay
2023-05-19,9695.0,1007.0,1037.0,0,418.62,0.0,0,0.0,0.0,,0.0,1,9.37,0.0,SPY230519C00414000,414.0,expirationDay
2023-05-22,9695.0,-40.0,0.0,0,418.79,0.0,1,16.03,16.43,SPY240328P00394000,394.0,0,0.0,0.0,,0.0,normalDay
2023-05-23,9695.0,-181.0,0.0,0,414.09,0.0,1,16.03,17.84,SPY240328P00394000,394.0,0,0.0,0.0,,0.0,normalDay
2023-05-24,9695.0,-269.0,0.0,0,411.09,0.0,1,16.03,18.72,SPY240328P00394000,394.0,0,0.0,0.0,,0.0,normalDay
2023-05-25,9695.0,-146.0,0.0,0,414.65,0.0,1,16.03,17.49,SPY240328P00394000,394.0,0,0.0,0.0,,0.0,normalDay
2023-05-26,9695.0,23.0,0.0,0,420.02,0.0,1,16.03,15.8,SPY240328P00394000,394.0,0,0.0,0.0,,0.0,normalDay
2023-05-30,9695.0,55.0,0.0,0,420.18,0.0,1,16.03,15.48,SPY240328P00394000,394.0,0,0.0,0.0,,0.0,normalDay
2023-05-31,9695.0,-10.0,0.0,0,417.85,0.0,1,16.03,16.13,SPY240328P00394000,394.0,0,0.0,0.0,,0.0,normalDay
2023-06-01,9695.0,137.0,0.0,0,421.82,0.0,1,16.03,14.66,SPY240328P00394000,394.0,0,0.0,0.0,,0.0,normalDay
2023-06-02,9695.0,308.0,0.0,0,427.92,0.0,1,16.03,12.95,SPY240328P00394000,394.0,0,0.0,0.0,,0.0,normalDay
2023-06-05,9695.0,305.0,0.0,0,427.1,0.0,1,16.03,12.98,SPY240328P00394000,394.0,0,0.0,0.0,,0.0,normalDay
2023-06-06,9695.0,378.0,0.0,0,428.03,0.0,1,16.03,12.25,SPY240328P00394000,394.0,0,0.0,0.0,,0.0,normalDay
2023-06-07,9695.0,365.0,0.0,0,426.55,0.0,1,16.03,12.38,SPY240328P00394000,394.0,0,0.0,0.0,,0.0,normalDay
2023-06-08,9695.0,438.0,0.0,0,429.13,0.0,1,16.03,11.65,SPY240328P00394000,394.0,0,0.0,0.0,,0.0,normalDay
2023-06-09,9695.0,459.0,0.0,0,429.9,0.0,1,16.03,11.44,SPY240328P00394000,394.0,0,0.0,0.0,,0.0,normalDay
2023-06-12,9695.0,518.0,0.0,0,433.8,0.0,1,16.03,10.85,SPY240328P00394000,394.0,0,0.0,0.0,,0.0,normalDay
2023-06-13,9695.0,572.0,0.0,0,436.66,0.0,1,16.03,10.31,SPY240328P00394000,394.0,0,0.0,0.0,,0.0,normalDay
2023-06-14,9695.0,589.0,0.0,0,437.18,0.0,1,16.03,10.14,SPY240328P00394000,394.0,0,0.0,0.0,,0.0,normalDay
2023-06-15,9695.0,634.0,0.0,0,442.6,0.0,1,16.03,9.69,SPY240328P00394000,394.0,0,0.0,0.0,,0.0,normalDay
2023-06-16,9695.0,632.0,0.0,0,439.46,0.0,1,16.03,9.71,SPY240328P00394000,394.0,0,0.0,0.0,,0.0,normalDay
2023-06-20,9695.0,566.0,0.0,0,437.18,0.0,1,16.03,10.37,SPY240328P00394000,394.0,0,0.0,0.0,,0.0,normalDay
2023-06-21,9695.0,559.0,0.0,0,434.94,0.0,1,16.03,10.44,SPY240328P00394000,394.0,0,0.0,0.0,,0.0,normalDay
2023-06-22,9695.0,588.0,0.0,0,436.51,0.0,1,16.03,10.15,SPY240328P00394000,394.0,0,0.0,0.0,,0.0,normalDay
2023-06-23,9695.0,535.0,0.0,0,433.21,0.0,1,16.03,10.68,SPY240328P00394000,394.0,0,0.0,0.0,,0.0,normalDay
2023-06-26,9695.0,527.0,0.0,0,431.44,0.0,1,16.03,10.76,SPY240328P00394000,394.0,0,0.0,0.0,,0.0,normalDay
2023-06-27,9695.0,642.0,0.0,0,436.17,0.0,1,16.03,9.61,SPY240328P00394000,394.0,0,0.0,0.0,,0.0,normalDay
2023-06-28,9695.0,703.0,0.0,0,436.39,0.0,1,16.03,9.0,SPY240328P00394000,394.0,0,0.0,0.0,,0.0,normalDay
2023-06-29,9695.0,713.0,0.0,0,438.11,0.0,1,16.03,8.9,SPY240328P00394000,394.0,0,0.0,0.0,,0.0,normalDay
2023-06-30,9695.0,787.0,0.0,0,443.28,0.0,1,16.03,8.16,SPY240328P00394000,394.0,0,0.0,0.0,,0.0,normalDay
2023-07-03,9695.0,798.0,0.0,0,443.79,0.0,1,16.03,8.05,SPY240328P00394000,394.0,0,0.0,0.0,,0.0,normalDay
2023-07-05,9695.0,779.0,0.0,0,443.13,0.0,1,16.03,8.24,SPY240328P00394000,394.0,0,0.0,0.0,,0.0,normalDay
2023-07-06,9695.0,700.0,0.0,0,439.66,0.0,1,16.03,9.03,SPY240328P00394000,394.0,0,0.0,0.0,,0.0,normalDay
2023-07-07,9695.0,695.0,0.0,0,438.55,0.0,1,16.03,9.08,SPY240328P00394000,394.0,0,0.0,0.0,,0.0,normalDay
2023-07-10,9695.0,730.0,0.0,0,439.66,0.0,1,16.03,8.73,SPY240328P00394000,394.0,0,0.0,0.0,,0.0,normalDay
2023-07-11,9695.0,784.0,0.0,0,442.46,0.0,1,16.03,8.19,SPY240328P00394000,394.0,0,0.0,0.0,,0.0,normalDay
2023-07-12,9695.0,876.0,0.0,0,446.02,0.0,1,16.03,7.27,SPY240328P00394000,394.0,0,0.0,0.0,,0.0,normalDay
2023-07-13,9695.0,907.0,0.0,0,449.56,0.0,1,16.03,6.96,SPY240328P00394000,394.0,0,0.0,0.0,,0.0,normalDay
2023-07-14,9695.0,913.0,0.0,0,449.28,0.0,1,16.03,6.9,SPY240328P00394000,394.0,0,0.0,0.0,,0.0,normalDay
2023-07-17,9695.0,927.0,0.0,0,450.84,0.0,1,16.03,6.76,SPY240328P00394000,394.0,0,0.0,0.0,,0.0,normalDay
2023-07-18,9695.0,962.0,0.0,0,454.19,0.0,1,16.03,6.41,SPY240328P00394000,394.0,0,0.0,0.0,,0.0,normalDay
2023-07-19,9695.0,942.0,0.0,0,455.2,0.0,1,16.03,6.61,SPY240328P00394000,394.0,0,0.0,0.0,,0.0,normalDay
2023-07-20,9695.0,919.0,0.0,0,452.18,0.0,1,16.03,6.84,SPY240328P00394000,394.0,0,0.0,0.0,,0.0,normalDay
2023-07-21,9695.0,946.0,0.0,0,452.18,0.0,1,16.03,6.57,SPY240328P00394000,394.0,0,0.0,0.0,,0.0,normalDay
2023-07-24,9695.0,979.0,0.0,0,454.2,0.0,1,16.03,6.24,SPY240328P00394000,394.0,0,0.0,0.0,,0.0,normalDay
2023-07-25,9695.0,989.0,0.0,0,455.44,0.0,1,16.03,6.14,SPY240328P00394000,394.0,0,0.0,0.0,,0.0,normalDay
2023-07-26,9695.0,1001.0,0.0,0,455.51,0.0,1,16.03,6.02,SPY240328P00394000,394.0,0,0.0,0.0,,0.0,normalDay
2023-07-27,9695.0,943.0,0.0,0,452.49,0.0,1,16.03,6.6,SPY240328P00394000,394.0,0,0.0,0.0,,0.0,normalDay
2023-07-28,9695.0,1001.0,0.0,0,456.92,0.0,1,16.03,6.02,SPY240328P00394000,394.0,0,0.0,0.0,,0.0,normalDay
2023-07-31,9695.0,1006.0,0.0,0,457.79,0.0,1,16.03,5.97,SPY240328P00394000,394.0,0,0.0,0.0,,0.0,normalDay
2023-08-01,9695.0,984.0,0.0,0,456.48,0.0,1,16.03,6.19,SPY240328P00394000,394.0,0,0.0,0.0,,0.0,normalDay
2023-08-02,9695.0,855.0,0.0,0,450.13,0.0,1,16.03,7.48,SPY240328P00394000,394.0,0,0.0,0.0,,0.0,normalDay
2023-08-03,9695.0,858.0,0.0,0,448.84,0.0,1,16.03,7.45,SPY240328P00394000,394.0,0,0.0,0.0,,0.0,normalDay
2023-08-04,9695.0,804.0,0.0,0,446.81,0.0,1,16.03,7.99,SPY240328P00394000,394.0,0,0.0,0.0,,0.0,normalDay
2023-08-07,9695.0,889.0,0.0,0,450.71,0.0,1,16.03,7.14,SPY240328P00394000,394.0,0,0.0,0.0,,0.0,normalDay
2023-08-08,9695.0,855.0,0.0,0,448.75,0.0,1,16.03,7.48,SPY240328P00394000,394.0,0,0.0,0.0,,0.0,normalDay
2023-08-09,9695.0,831.0,0.0,0,445.75,0.0,1,16.03,7.72,SPY240328P00394000,394.0,0,0.0,0.0,,0.0,normalDay
2023-08-10,9695.0,829.0,0.0,0,445.91,0.0,1,16.03,7.74,SPY240328P00394000,394.0,0,0.0,0.0,,0.0,normalDay
2023-08-11,9695.0,860.0,0.0,0,445.65,0.0,1,16.03,7.43,SPY240328P00394000,394.0,0,0.0,0.0,,0.0,normalDay
2023-08-14,9695.0,898.0,0.0,0,448.11,0.0,1,16.03,7.05,SPY240328P00394000,394.0,0,0.0,0.0,,0.0,normalDay
2023-08-15,9695.0,795.0,0.0,0,442.89,0.0,1,16.03,8.08,SPY240328P00394000,394.0,0,0.0,0.0,,0.0,normalDay
2023-08-16,9695.0,742.0,0.0,0,439.64,0.0,1,16.03,8.61,SPY240328P00394000,394.0,0,0.0,0.0,,0.0,normalDay
2023-08-17,9695.0,654.0,0.0,0,436.29,0.0,1,16.03,9.49,SPY240328P00394000,394.0,0,0.0,0.0,,0.0,normalDay
2023-08-18,9695.0,692.0,0.0,0,436.5,0.0,1,16.03,9.11,SPY240328P00394000,394.0,0,0.0,0.0,,0.0,normalDay
2023-08-21,9695.0,760.0,0.0,0,439.34,0.0,1,16.03,8.43,SPY240328P00394000,394.0,0,0.0,0.0,,0.0,normalDay
2023-08-22,9695.0,751.0,0.0,0,438.15,0.0,1,16.03,8.52,SPY240328P00394000,394.0,0,0.0,0.0,,0.0,normalDay
2023-08-23,9695.0,836.0,0.0,0,443.03,0.0,1,16.03,7.67,SPY240328P00394000,394.0,0,0.0,0.0,,0.0,normalDay
2023-08-24,9695.0,720.0,0.0,0,436.89,0.0,1,16.03,8.83,SPY240328P00394000,394.0,0,0.0,0.0,,0.0,normalDay
2023-08-25,9695.0,820.0,0.0,0,439.97,0.0,1,16.03,7.83,SPY240328P00394000,394.0,0,0.0,0.0,,0.0,normalDay
2023-08-28,9695.0,894.0,0.0,0,442.76,0.0,1,16.03,7.09,SPY240328P00394000,394.0,0,0.0,0.0,,0.0,normalDay
2023-08-29,9695.0,986.0,0.0,0,449.16,0.0,1,16.03,6.17,SPY240328P00394000,394.0,0,0.0,0.0,,0.0,normalDay
2023-08-30,9695.0,1025.0,0.0,0,451.01,0.0,1,16.03,5.78,SPY240328P00394000,394.0,0,0.0,0.0,,0.0,normalDay
2023-08-31,9695.0,1038.0,0.0,0,450.35,0.0,1,16.03,5.65,SPY240328P00394000,394.0,0,0.0,0.0,,0.0,normalDay
2023-09-01,9695.0,1052.0,0.0,0,451.19,0.0,1,16.03,5.51,SPY240328P00394000,394.0,0,0.0,0.0,,0.0,normalDay
2023-09-05,9695.0,1039.0,0.0,0,449.24,0.0,1,16.03,5.64,SPY240328P00394000,394.0,0,0.0,0.0,,0.0,normalDay
2023-09-06,9695.0,996.0,0.0,0,446.22,0.0,1,16.03,6.07,SPY240328P00394000,394.0,0,0.0,0.0,,0.0,normalDay
2023-09-07,9695.0,982.0,0.0,0,444.85,0.0,1,16.03,6.21,SPY240328P00394000,394.0,0,0.0,0.0,,0.0,normalDay
2023-09-08,9695.0,1015.0,0.0,0,445.52,0.0,1,16.03,5.88,SPY240328P00394000,394.0,0,0.0,0.0,,0.0,normalDay
2023-09-11,9695.0,1068.0,0.0,0,448.45,0.0,1,16.03,5.35,SPY240328P00394000,394.0,0,0.0,0.0,,0.0,normalDay
2023-09-12,9695.0,1023.0,0.0,0,445.99,0.0,1,16.03,5.8,SPY240328P00394000,394.0,0,0.0,0.0,,0.0,normalDay
2023-09-13,9695.0,1048.0,0.0,0,446.51,0.0,1,16.03,5.55,SPY240328P00394000,394.0,0,0.0,0.0,,0.0,normalDay
2023-09-14,9695.0,1108.0,0.0,0,450.36,0.0,1,16.03,4.95,SPY240328P00394000,394.0,0,0.0,0.0,,0.0,normalDay
2023-09-15,9695.0,1036.0,0.0,0,443.37,0.0,1,16.03,5.67,SPY240328P00394000,394.0,0,0.0,0.0,,0.0,normalDay
2023-09-18,9695.0,1049.0,0.0,0,443.63,0.0,1,16.03,5.54,SPY240328P00394000,394.0,0,0.0,0.0,,0.0,normalDay
2023-09-19,9695.0,1050.0,0.0,0,442.71,0.0,1,16.03,5.53,SPY240328P00394000,394.0,0,0.0,0.0,,0.0,normalDay
2023-09-20,9695.0,987.0,0.0,0,438.64,0.0,1,16.03,6.16,SPY240328P00394000,394.0,0,0.0,0.0,,0.0,normalDay
2023-09-21,9695.0,844.0,0.0,0,431.39,0.0,1,16.03,7.59,SPY240328P00394000,394.0,0,0.0,0.0,,0.0,normalDay
2023-09-22,9695.0,823.0,0.0,0,430.42,0.0,1,16.03,7.8,SPY240328P00394000,394.0,0,0.0,0.0,,0.0,normalDay
2023-09-25,9695.0,862.0,0.0,0,432.23,0.0,1,16.03,7.41,SPY240328P00394000,394.0,0,0.0,0.0,,0.0,normalDay
2023-09-26,9695.0,655.0,0.0,0,425.88,0.0,1,16.03,9.48,SPY240328P00394000,394.0,0,0.0,0.0,,0.0,normalDay
2023-09-27,9695.0,698.0,0.0,0,426.05,0.0,1,16.03,9.05,SPY240328P00394000,394.0,0,0.0,0.0,,0.0,normalDay
2023-09-28,9695.0,788.0,0.0,0,428.52,0.0,1,16.03,8.15,SPY240328P00394000,394.0,0,0.0,0.0,,0.0,normalDay
2023-09-29,9695.0,744.0,0.0,0,427.48,0.0,1,16.03,8.59,SPY240328P00394000,394.0,0,0.0,0.0,,0.0,normalDay
2023-10-02,9695.0,785.0,0.0,0,427.31,0.0,1,16.03,8.18,SPY240328P00394000,394.0,0,0.0,0.0,,0.0,normalDay
2023-10-03,9695.0,601.0,0.0,0,421.59,0.0,1,16.03,10.02,SPY240328P00394000,394.0,0,0.0,0.0,,0.0,normalDay
2023-10-04,9695.0,692.0,0.0,0,424.66,0.0,1,16.03,9.11,SPY240328P00394000,394.0,0,0.0,0.0,,0.0,normalDay
2023-10-05,9695.0,696.0,0.0,0,424.5,0.0,1,16.03,9.07,SPY240328P00394000,394.0,0,0.0,0.0,,0.0,normalDay
2023-10-06,9695.0,828.0,0.0,0,429.54,0.0,1,16.03,7.75,SPY240328P00394000,394.0,0,0.0,0.0,,0.0,normalDay
2023-10-09,9695.0,874.0,0.0,0,432.29,0.0,1,16.03,7.29,SPY240328P00394000,394.0,0,0.0,0.0,,0.0,normalDay
2023-10-10,9695.0,921.0,0.0,0,434.54,0.0,1,16.03,6.82,SPY240328P00394000,394.0,0,0.0,0.0,,0.0,normalDay
2023-10-11,9695.0,978.0,0.0,0,436.32,0.0,1,16.03,6.25,SPY240328P00394000,394.0,0,0.0,0.0,,0.0,normalDay
2023-10-12,9695.0,942.0,0.0,0,433.66,0.0,1,16.03,6.61,SPY240328P00394000,394.0,0,0.0,0.0,,0.0,normalDay
2023-10-13,9695.0,781.0,0.0,0,431.5,0.0,1,16.03,8.22,SPY240328P00394000,394.0,0,0.0,0.0,,0.0,normalDay
2023-10-16,9695.0,953.0,0.0,0,436.04,0.0,1,16.03,6.5,SPY240328P00394000,394.0,0,0.0,0.0,,0.0,normalDay
2023-10-17,9695.0,935.0,0.0,0,436.02,0.0,1,16.03,6.68,SPY240328P00394000,394.0,0,0.0,0.0,,0.0,normalDay
2023-10-18,9695.0,811.0,0.0,0,430.21,0.0,1,16.03,7.92,SPY240328P00394000,394.0,0,0.0,0.0,,0.0,normalDay
2023-10-19,9695.0,664.0,0.0,0,426.43,0.0,1,16.03,9.39,SPY240328P00394000,394.0,0,0.0,0.0,,0.0,normalDay
2023-10-20,9695.0,575.0,0.0,0,421.19,0.0,1,16.03,10.28,SPY240328P00394000,394.0,0,0.0,0.0,,0.0,normalDay
2023-10-23,9695.0,637.0,0.0,0,420.46,0.0,1,16.03,9.66,SPY240328P00394000,394.0,0,0.0,0.0,,0.0,normalDay
2023-10-24,9695.0,596.0,0.0,0,423.63,0.0,1,16.03,10.07,SPY240328P00394000,394.0,0,0.0,0.0,,0.0,normalDay
2023-10-25,9695.0,530.0,0.0,0,417.55,0.0,1,16.03,10.73,SPY240328P00394000,394.0,0,0.0,0.0,,0.0,normalDay
2023-10-26,9695.0,456.0,0.0,0,412.55,0.0,1,16.03,11.47,SPY240328P00394000,394.0,0,0.0,0.0,,0.0,normalDay
2023-10-27,9695.0,378.0,0.0,0,410.68,0.0,1,16.03,12.25,SPY240328P00394000,394.0,0,0.0,0.0,,0.0,normalDay
2023-10-30,9695.0,574.0,0.0,0,415.59,0.0,1,16.03,10.29,SPY240328P00394000,394.0,0,0.0,0.0,,0.0,normalDay
2023-10-31,9695.0,702.0,0.0,0,418.2,0.0,1,16.03,9.01,SPY240328P00394000,394.0,0,0.0,0.0,,0.0,normalDay
2023-11-01,9695.0,842.0,0.0,0,422.66,0.0,1,16.03,7.61,SPY240328P00394000,394.0,0,0.0,0.0,,0.0,normalDay
2023-11-02,9695.0,1008.0,0.0,0,430.76,0.0,1,16.03,5.95,SPY240328P00394000,394.0,0,0.0,0.0,,0.0,normalDay
2023-11-03,9695.0,1085.0,0.0,0,434.69,0.0,1,16.03,5.18,SPY240328P00394000,394.0,0,0.0,0.0,,0.0,normalDay
2023-11-06,9695.0,1119.0,0.0,0,435.69,0.0,1,16.03,4.84,SPY240328P00394000,394.0,0,0.0,0.0,,0.0,normalDay
2023-11-07,9695.0,1143.0,0.0,0,436.93,0.0,1,16.03,4.6,SPY240328P00394000,394.0,0,0.0,0.0,,0.0,normalDay
2023-11-08,9695.0,1166.0,0.0,0,437.25,0.0,1,16.03,4.37,SPY240328P00394000,394.0,0,0.0,0.0,,0.0,normalDay
2023-11-09,9695.0,1108.0,0.0,0,433.84,0.0,1,16.03,4.95,SPY240328P00394000,394.0,0,0.0,0.0,,0.0,normalDay
2023-11-10,9695.0,1214.0,0.0,0,440.61,0.0,1,16.03,3.89,SPY240328P00394000,394.0,0,0.0,0.0,,0.0,normalDay
2023-11-13,9695.0,1216.0,0.0,0,440.19,0.0,1,16.03,3.87,SPY240328P00394000,394.0,0,0.0,0.0,,0.0,normalDay
2023-11-14,9695.0,1290.0,0.0,0,448.73,0.0,1,16.03,3.13,SPY240328P00394000,394.0,0,0.0,0.0,,0.0,normalDay
2023-11-15,9695.0,1289.0,0.0,0,449.68,0.0,1,16.03,3.14,SPY240328P00394000,394.0,0,0.0,0.0,,0.0,normalDay
2023-11-16,9695.0,1304.0,0.0,0,450.23,0.0,1,16.03,2.99,SPY240328P00394000,394.0,0,0.0,0.0,,0.0,normalDay
2023-11-17,9695.0,1317.0,0.0,0,450.79,0.0,1,16.03,2.86,SPY240328P00394000,394.0,0,0.0,0.0,,0.0,normalDay
2023-11-20,9695.0,1344.0,0.0,0,454.26,0.0,1,16.03,2.59,SPY240328P00394000,394.0,0,0.0,0.0,,0.0,normalDay
2023-11-21,9695.0,1349.0,0.0,0,453.27,0.0,1,16.03,2.54,SPY240328P00394000,394.0,0,0.0,0.0,,0.0,normalDay
2023-11-22,9695.0,1360.0,0.0,0,455.02,0.0,1,16.03,2.43,SPY240328P00394000,394.0,0,0.0,0.0,,0.0,normalDay
2023-11-24,9695.0,1373.0,0.0,0,455.3,0.0,1,16.03,2.3,SPY240328P00394000,394.0,0,0.0,0.0,,0.0,normalDay
2023-11-27,9695.0,1373.0,0.0,0,454.48,0.0,1,16.03,2.3,SPY240328P00394000,394.0,0,0.0,0.0,,0.0,normalDay
2023-11-28,9695.0,1381.0,0.0,0,454.93,0.0,1,16.03,2.22,SPY240328P00394000,394.0,0,0.0,0.0,,0.0,normalDay
2023-11-29,9695.0,1376.0,0.0,0,454.61,0.0,1,16.03,2.27,SPY240328P00394000,394.0,0,0.0,0.0,,0.0,normalDay
2023-11-30,9695.0,1384.0,0.0,0,456.4,0.0,1,16.03,2.19,SPY240328P00394000,394.0,0,0.0,0.0,,0.0,normalDay
