date,totalCapital,unrializedPnL,rializedPnL,stocksOwned,stocksPriceToday,stocksPriceBoughtAt,putOwned,putOwnedSoldAt,putPriceToday,putOwnedContract,putOwnedStrike,callOwned,callOwnedSoldAt,callPriceToday,callOwnedContract,callOwnedStrike,trackType
2018-11-01,0.0,-9.0,0.0,0,273.51,0.0,1,3.82,3.91,SPY190329P00240000,240.0,0,0.0,0.0,,0.0,normalDay
2018-11-02,0.0,-30.0,0.0,0,271.89,0.0,1,3.82,4.12,SPY190329P00240000,240.0,0,0.0,0.0,,0.0,normalDay
2018-11-05,0.0,3.0,0.0,0,273.39,0.0,1,3.82,3.79,SPY190329P00240000,240.0,0,0.0,0.0,,0.0,normalDay
2018-11-06,0.0,37.0,0.0,0,275.12,0.0,1,3.82,3.45,SPY190329P00240000,240.0,0,0.0,0.0,,0.0,normalDay
2018-11-07,0.0,134.0,0.0,0,281.01,0.0,1,3.82,2.48,SPY190329P00240000,240.0,0,0.0,0.0,,0.0,normalDay
2018-11-08,0.0,136.0,0.0,0,280.5,0.0,1,3.82,2.46,SPY190329P00240000,240.0,0,0.0,0.0,,0.0,normalDay
2018-11-09,0.0,90.0,0.0,0,277.76,0.0,1,3.82,2.92,SPY190329P00240000,240.0,0,0.0,0.0,,0.0,normalDay
2018-11-12,0.0,3.0,0.0,0,272.57,0.0,1,3.82,3.79,SPY190329P00240000,240.0,0,0.0,0.0,,0.0,normalDay
2018-11-13,0.0,-13.0,0.0,0,272.06,0.0,1,3.82,3.95,SPY190329P00240000,240.0,0,0.0,0.0,,0.0,normalDay
2018-11-14,0.0,-60.0,0.0,0,270.2,0.0,1,3.82,4.42,SPY190329P00240000,240.0,0,0.0,0.0,,0.0,normalDay
2018-11-15,0.0,3.0,0.0,0,273.02,0.0,1,3.82,3.79,SPY190329P00240000,240.0,0,0.0,0.0,,0.0,normalDay
2018-11-16,0.0,42.0,0.0,0,273.73,0.0,1,3.82,3.4,SPY190329P00240000,240.0,0,0.0,0.0,,0.0,normalDay
2018-11-19,0.0,-40.0,0.0,0,269.1,0.0,1,3.82,4.22,SPY190329P00240000,240.0,0,0.0,0.0,,0.0,normalDay
2018-11-20,0.0,-165.0,0.0,0,264.12,0.0,1,3.82,5.47,SPY190329P00240000,240.0,0,0.0,0.0,,0.0,normalDay
2018-11-21,0.0,-115.0,0.0,0,265.02,0.0,1,3.82,4.97,SPY190329P00240000,240.0,0,0.0,0.0,,0.0,normalDay
2018-11-23,0.0,-151.0,0.0,0,263.25,0.0,1,3.82,5.33,SPY190329P00240000,240.0,0,0.0,0.0,,0.0,normalDay
2018-11-26,0.0,-9.0,0.0,0,267.5,0.0,1,3.82,3.91,SPY190329P00240000,240.0,0,0.0,0.0,,0.0,normalDay
2018-11-27,0.0,3.0,0.0,0,268.4,0.0,1,3.82,3.79,SPY190329P00240000,240.0,0,0.0,0.0,,0.0,normalDay
2018-11-28,0.0,92.0,0.0,0,274.58,0.0,1,3.82,2.9,SPY190329P00240000,240.0,0,0.0,0.0,,0.0,normalDay
2018-11-29,0.0,79.0,0.0,0,273.98,0.0,1,3.82,3.03,SPY190329P00240000,240.0,0,0.0,0.0,,0.0,normalDay
2018-11-30,0.0,112.0,0.0,0,275.65,0.0,1,3.82,2.7,SPY190329P00240000,240.0,0,0.0,0.0,,0.0,normalDay
2018-12-03,0.0,169.0,0.0,0,279.3,0.0,1,3.82,2.13,SPY190329P00240000,240.0,0,0.0,0.0,,0.0,normalDay
2018-12-04,0.0,20.0,0.0,0,270.25,0.0,1,3.82,3.62,SPY190329P00240000,240.0,0,0.0,0.0,,0.0,normalDay
2018-12-06,0.0,15.0,0.0,0,269.84,0.0,1,3.82,3.67,SPY190329P00240000,240.0,0,0.0,0.0,,0.0,normalDay
2018-12-07,0.0,-122.0,0.0,0,263.57,0.0,1,3.82,5.04,SPY190329P00240000,240.0,0,0.0,0.0,,0.0,normalDay
2018-12-10,0.0,-77.0,0.0,0,264.07,0.0,1,3.82,4.59,SPY190329P00240000,240.0,0,0.0,0.0,,0.0,normalDay
2018-12-11,0.0,-69.0,0.0,0,264.13,0.0,1,3.82,4.51,SPY190329P00240000,240.0,0,0.0,0.0,,0.0,normalDay
2018-12-12,0.0,-47.0,0.0,0,265.46,0.0,1,3.82,4.29,SPY190329P00240000,240.0,0,0.0,0.0,,0.0,normalDay
2018-12-13,0.0,-29.0,0.0,0,265.37,0.0,1,3.82,4.11,SPY190329P00240000,240.0,0,0.0,0.0,,0.0,normalDay
2018-12-14,0.0,-121.0,0.0,0,260.47,0.0,1,3.82,5.03,SPY190329P00240000,240.0,0,0.0,0.0,,0.0,normalDay
2018-12-17,0.0,-254.0,0.0,0,255.36,0.0,1,3.82,6.36,SPY190329P00240000,240.0,0,0.0,0.0,,0.0,normalDay
2018-12-18,0.0,-288.0,0.0,0,255.08,0.0,1,3.82,6.7,SPY190329P00240000,240.0,0,0.0,0.0,,0.0,normalDay
2018-12-19,0.0,-347.0,0.0,0,251.26,0.0,1,3.82,7.29,SPY190329P00240000,240.0,0,0.0,0.0,,0.0,normalDay
2018-12-20,0.0,-504.0,0.0,0,247.17,0.0,1,3.82,8.86,SPY190329P00240000,240.0,0,0.0,0.0,,0.0,normalDay
2018-12-21,0.0,-760.0,0.0,0,240.7,0.0,1,3.82,11.42,SPY190329P00240000,240.0,0,0.0,0.0,,0.0,normalDay
2018-12-24,0.0,-1145.0,0.0,0,234.34,0.0,1,3.82,15.27,SPY190329P00240000,240.0,0,0.0,0.0,,0.0,normalDay
2018-12-26,0.0,-482.0,0.0,0,246.18,0.0,1,3.82,8.64,SPY190329P00240000,240.0,0,0.0,0.0,,0.0,normalDay
2018-12-27,0.0,-446.0,0.0,0,248.07,0.0,1,3.82,8.28,SPY190329P00240000,240.0,0,0.0,0.0,,0.0,normalDay
2018-12-28,0.0,-445.0,0.0,0,247.75,0.0,1,3.82,8.27,SPY190329P00240000,240.0,0,0.0,0.0,,0.0,normalDay
2018-12-31,0.0,-302.0,0.0,0,249.92,0.0,1,3.82,6.84,SPY190329P00240000,240.0,0,0.0,0.0,,0.0,normalDay
2019-01-02,0.0,-241.0,0.0,0,250.18,0.0,1,3.82,6.23,SPY190329P00240000,240.0,0,0.0,0.0,,0.0,normalDay
2019-01-03,0.0,-491.0,0.0,0,244.21,0.0,1,3.82,8.73,SPY190329P00240000,240.0,0,0.0,0.0,,0.0,normalDay
2019-01-04,0.0,-158.0,0.0,0,252.39,0.0,1,3.82,5.4,SPY190329P00240000,240.0,0,0.0,0.0,,0.0,normalDay
2019-01-07,0.0,-100.0,0.0,0,254.38,0.0,1,3.82,4.82,SPY190329P00240000,240.0,0,0.0,0.0,,0.0,normalDay
2019-01-08,0.0,-32.0,0.0,0,256.77,0.0,1,3.82,4.14,SPY190329P00240000,240.0,0,0.0,0.0,,0.0,normalDay
2019-01-09,0.0,7.0,0.0,0,257.97,0.0,1,3.82,3.75,SPY190329P00240000,240.0,0,0.0,0.0,,0.0,normalDay
2019-01-10,0.0,34.0,0.0,0,258.88,0.0,1,3.82,3.48,SPY190329P00240000,240.0,0,0.0,0.0,,0.0,normalDay
2019-01-11,0.0,62.0,0.0,0,258.98,0.0,1,3.82,3.2,SPY190329P00240000,240.0,0,0.0,0.0,,0.0,normalDay
2019-01-14,0.0,49.0,0.0,0,257.4,0.0,1,3.82,3.33,SPY190329P00240000,240.0,0,0.0,0.0,,0.0,normalDay
2019-01-15,0.0,114.0,0.0,0,260.35,0.0,1,3.82,2.68,SPY190329P00240000,240.0,0,0.0,0.0,,0.0,normalDay
2019-01-16,0.0,124.0,0.0,0,260.98,0.0,1,3.82,2.58,SPY190329P00240000,240.0,0,0.0,0.0,,0.0,normalDay
2019-01-17,0.0,158.0,0.0,0,262.96,0.0,1,3.82,2.24,SPY190329P00240000,240.0,0,0.0,0.0,,0.0,normalDay
2019-01-18,0.0,199.0,0.0,0,266.46,0.0,1,3.82,1.83,SPY190329P00240000,240.0,0,0.0,0.0,,0.0,normalDay
2019-01-22,0.0,133.0,0.0,0,262.86,0.0,1,3.82,2.49,SPY190329P00240000,240.0,0,0.0,0.0,,0.0,normalDay
2019-01-23,0.0,147.0,0.0,0,263.41,0.0,1,3.82,2.35,SPY190329P00240000,240.0,0,0.0,0.0,,0.0,normalDay
2019-01-24,0.0,165.0,0.0,0,263.55,0.0,1,3.82,2.17,SPY190329P00240000,240.0,0,0.0,0.0,,0.0,normalDay
2019-01-25,0.0,217.0,0.0,0,265.78,0.0,1,3.82,1.65,SPY190329P00240000,240.0,0,0.0,0.0,,0.0,normalDay
2019-01-28,0.0,189.0,0.0,0,263.76,0.0,1,3.82,1.93,SPY190329P00240000,240.0,0,0.0,0.0,,0.0,normalDay
2019-01-29,0.0,187.0,0.0,0,263.41,0.0,1,3.82,1.95,SPY190329P00240000,240.0,0,0.0,0.0,,0.0,normalDay
2019-01-30,0.0,250.0,0.0,0,267.58,0.0,1,3.82,1.32,SPY190329P00240000,240.0,0,0.0,0.0,,0.0,normalDay
2019-01-31,0.0,287.0,0.0,0,269.93,0.0,1,3.82,0.95,SPY190329P00240000,240.0,0,0.0,0.0,,0.0,normalDay
2019-02-01,0.0,293.0,0.0,0,270.06,0.0,1,3.82,0.89,SPY190329P00240000,240.0,0,0.0,0.0,,0.0,normalDay
2019-02-04,0.0,311.0,0.0,0,271.96,0.0,1,3.82,0.71,SPY190329P00240000,240.0,0,0.0,0.0,,0.0,normalDay
2019-02-05,0.0,315.0,0.0,0,273.1,0.0,1,3.82,0.67,SPY190329P00240000,240.0,0,0.0,0.0,,0.0,normalDay
2019-02-06,0.0,315.0,0.0,0,272.74,0.0,1,3.82,0.67,SPY190329P00240000,240.0,0,0.0,0.0,,0.0,normalDay
2019-02-07,0.0,300.0,0.0,0,270.14,0.0,1,3.82,0.82,SPY190329P00240000,240.0,0,0.0,0.0,,0.0,normalDay
2019-02-08,0.0,309.0,0.0,0,270.47,0.0,1,3.82,0.73,SPY190329P00240000,240.0,0,0.0,0.0,,0.0,normalDay
2019-02-11,0.0,317.0,0.0,0,270.62,0.0,1,3.82,0.65,SPY190329P00240000,240.0,0,0.0,0.0,,0.0,normalDay
2019-02-12,0.0,334.0,0.0,0,274.1,0.0,1,3.82,0.48,SPY190329P00240000,240.0,0,0.0,0.0,,0.0,normalDay
2019-02-13,0.0,336.0,0.0,0,274.99,0.0,1,3.82,0.46,SPY190329P00240000,240.0,0,0.0,0.0,,0.0,normalDay
2019-02-14,0.0,331.0,0.0,0,274.38,0.0,1,3.82,0.51,SPY190329P00240000,240.0,0,0.0,0.0,,0.0,normalDay
2019-02-15,0.0,346.0,0.0,0,277.37,0.0,1,3.82,0.36,SPY190329P00240000,240.0,0,0.0,0.0,,0.0,normalDay
2019-02-19,0.0,352.0,0.0,0,277.85,0.0,1,3.82,0.3,SPY190329P00240000,240.0,0,0.0,0.0,,0.0,normalDay
2019-02-20,0.0,359.0,0.0,0,278.41,0.0,1,3.82,0.23,SPY190329P00240000,240.0,0,0.0,0.0,,0.0,normalDay
2019-02-21,0.0,358.0,0.0,0,277.42,0.0,1,3.82,0.24,SPY190329P00240000,240.0,0,0.0,0.0,,0.0,normalDay
2019-02-22,0.0,363.0,0.0,0,279.14,0.0,1,3.82,0.19,SPY190329P00240000,240.0,0,0.0,0.0,,0.0,normalDay
2019-02-25,0.0,359.0,0.0,0,279.52,0.0,1,3.82,0.23,SPY190329P00240000,240.0,0,0.0,0.0,,0.0,normalDay
2019-02-26,0.0,359.0,0.0,0,279.32,0.0,1,3.82,0.23,SPY190329P00240000,240.0,0,0.0,0.0,,0.0,normalDay
2019-02-27,0.0,361.0,0.0,0,279.2,0.0,1,3.82,0.21,SPY190329P00240000,240.0,0,0.0,0.0,,0.0,normalDay
2019-02-28,0.0,359.0,0.0,0,278.68,0.0,1,3.82,0.23,SPY190329P00240000,240.0,0,0.0,0.0,,0.0,normalDay
2019-03-01,0.0,367.0,0.0,0,280.42,0.0,1,3.82,0.15,SPY190329P00240000,240.0,0,0.0,0.0,,0.0,normalDay
2019-03-04,0.0,366.0,0.0,0,279.4,0.0,1,3.82,0.16,SPY190329P00240000,240.0,0,0.0,0.0,,0.0,normalDay
2019-03-05,0.0,366.0,0.0,0,279.02,0.0,1,3.82,0.16,SPY190329P00240000,240.0,0,0.0,0.0,,0.0,normalDay
2019-03-06,0.0,365.0,0.0,0,277.33,0.0,1,3.82,0.17,SPY190329P00240000,240.0,0,0.0,0.0,,0.0,normalDay
2019-03-07,0.0,363.0,0.0,0,275.01,0.0,1,3.82,0.19,SPY190329P00240000,240.0,0,0.0,0.0,,0.0,normalDay
2019-03-08,0.0,368.0,0.0,0,274.46,0.0,1,3.82,0.14,SPY190329P00240000,240.0,0,0.0,0.0,,0.0,normalDay
2019-03-11,0.0,376.0,0.0,0,278.44,0.0,1,3.82,0.06,SPY190329P00240000,240.0,0,0.0,0.0,,0.0,normalDay
2019-03-12,0.0,378.0,0.0,0,279.49,0.0,1,3.82,0.04,SPY190329P00240000,240.0,0,0.0,0.0,,0.0,normalDay
2019-03-13,0.0,377.0,0.0,0,281.34,0.0,1,3.82,0.05,SPY190329P00240000,240.0,0,0.0,0.0,,0.0,normalDay
2019-03-14,0.0,378.0,0.0,0,281.16,0.0,1,3.82,0.04,SPY190329P00240000,240.0,0,0.0,0.0,,0.0,normalDay
2019-03-15,0.0,379.0,0.0,0,281.31,0.0,1,3.82,0.03,SPY190329P00240000,240.0,0,0.0,0.0,,0.0,normalDay
2019-03-18,0.0,380.0,0.0,0,282.33,0.0,1,3.82,0.02,SPY190329P00240000,240.0,0,0.0,0.0,,0.0,normalDay
2019-03-19,0.0,380.0,0.0,0,282.4,0.0,1,3.82,0.02,SPY190329P00240000,240.0,0,0.0,0.0,,0.0,normalDay
2019-03-20,0.0,380.0,0.0,0,281.55,0.0,1,3.82,0.02,SPY190329P00240000,240.0,0,0.0,0.0,,0.0,normalDay
2019-03-21,0.0,381.0,0.0,0,284.73,0.0,1,3.82,0.01,SPY190329P00240000,240.0,0,0.0,0.0,,0.0,normalDay
2019-03-22,0.0,380.0,0.0,0,279.25,0.0,1,3.82,0.02,SPY190329P00240000,240.0,0,0.0,0.0,,0.0,normalDay
2019-03-25,0.0,381.0,0.0,0,279.04,0.0,1,3.82,0.01,SPY190329P00240000,240.0,0,0.0,0.0,,0.0,normalDay
2019-03-26,0.0,381.0,0.0,0,281.12,0.0,1,3.82,0.01,SPY190329P00240000,240.0,0,0.0,0.0,,0.0,normalDay
2019-03-27,0.0,381.0,0.0,0,279.65,0.0,1,3.82,0.01,SPY190329P00240000,240.0,0,0.0,0.0,,0.0,normalDay
2019-03-28,0.0,381.0,0.0,0,280.71,0.0,1,3.82,0.01,SPY190329P00240000,240.0,0,0.0,0.0,,0.0,normalDay
2019-03-29,382.0,0.0,382.0,0,282.48,0.0,1,3.82,0.0,SPY190329P00240000,240.0,0,0.0,0.0,,0.0,expirationDay
2019-04-01,382.0,-5.0,0.0,0,285.83,0.0,1,5.68,5.73,SPY190930P00267000,267.0,0,0.0,0.0,,0.0,normalDay
2019-04-02,382.0,1.0,0.0,0,285.97,0.0,1,5.68,5.67,SPY190930P00267000,267.0,0,0.0,0.0,,0.0,normalDay
2019-04-03,382.0,19.0,0.0,0,286.42,0.0,1,5.68,5.49,SPY190930P00267000,267.0,0,0.0,0.0,,0.0,normalDay
2019-04-04,382.0,34.0,0.0,0,287.18,0.0,1,5.68,5.34,SPY190930P00267000,267.0,0,0.0,0.0,,0.0,normalDay
2019-04-05,382.0,76.0,0.0,0,288.57,0.0,1,5.68,4.92,SPY190930P00267000,267.0,0,0.0,0.0,,0.0,normalDay
2019-04-08,382.0,82.0,0.0,0,288.79,0.0,1,5.68,4.86,SPY190930P00267000,267.0,0,0.0,0.0,,0.0,normalDay
2019-04-09,382.0,29.0,0.0,0,287.31,0.0,1,5.68,5.39,SPY190930P00267000,267.0,0,0.0,0.0,,0.0,normalDay
2019-04-10,382.0,74.0,0.0,0,288.29,0.0,1,5.68,4.94,SPY190930P00267000,267.0,0,0.0,0.0,,0.0,normalDay
2019-04-11,382.0,74.0,0.0,0,288.21,0.0,1,5.68,4.94,SPY190930P00267000,267.0,0,0.0,0.0,,0.0,normalDay
2019-04-12,382.0,133.0,0.0,0,290.16,0.0,1,5.68,4.35,SPY190930P00267000,267.0,0,0.0,0.0,,0.0,normalDay
2019-04-15,382.0,135.0,0.0,0,289.97,0.0,1,5.68,4.33,SPY190930P00267000,267.0,0,0.0,0.0,,0.0,normalDay
2019-04-16,382.0,141.0,0.0,0,290.16,0.0,1,5.68,4.27,SPY190930P00267000,267.0,0,0.0,0.0,,0.0,normalDay
2019-04-17,382.0,124.0,0.0,0,289.45,0.0,1,5.68,4.44,SPY190930P00267000,267.0,0,0.0,0.0,,0.0,normalDay
2019-04-18,382.0,139.0,0.0,0,290.02,0.0,1,5.68,4.29,SPY190930P00267000,267.0,0,0.0,0.0,,0.0,normalDay
2019-04-22,382.0,151.0,0.0,0,290.27,0.0,1,5.68,4.17,SPY190930P00267000,267.0,0,0.0,0.0,,0.0,normalDay
2019-04-23,382.0,194.0,0.0,0,292.88,0.0,1,5.68,3.74,SPY190930P00267000,267.0,0,0.0,0.0,,0.0,normalDay
2019-04-24,382.0,177.0,0.0,0,292.23,0.0,1,5.68,3.91,SPY190930P00267000,267.0,0,0.0,0.0,,0.0,normalDay
2019-04-25,382.0,167.0,0.0,0,292.05,0.0,1,5.68,4.01,SPY190930P00267000,267.0,0,0.0,0.0,,0.0,normalDay
2019-04-26,382.0,196.0,0.0,0,293.41,0.0,1,5.68,3.72,SPY190930P00267000,267.0,0,0.0,0.0,,0.0,normalDay
2019-04-29,382.0,200.0,0.0,0,293.87,0.0,1,5.68,3.68,SPY190930P00267000,267.0,0,0.0,0.0,,0.0,normalDay
2019-04-30,382.0,206.0,0.0,0,294.02,0.0,1,5.68,3.62,SPY190930P00267000,267.0,0,0.0,0.0,,0.0,normalDay
2019-05-01,382.0,150.0,0.0,0,291.81,0.0,1,5.68,4.18,SPY190930P00267000,267.0,0,0.0,0.0,,0.0,normalDay
2019-05-02,382.0,143.0,0.0,0,291.18,0.0,1,5.68,4.25,SPY190930P00267000,267.0,0,0.0,0.0,,0.0,normalDay
2019-05-03,382.0,210.0,0.0,0,294.03,0.0,1,5.68,3.58,SPY190930P00267000,267.0,0,0.0,0.0,,0.0,normalDay
2019-05-06,382.0,167.0,0.0,0,292.82,0.0,1,5.68,4.01,SPY190930P00267000,267.0,0,0.0,0.0,,0.0,normalDay
2019-05-07,382.0,6.0,0.0,0,287.93,0.0,1,5.68,5.62,SPY190930P00267000,267.0,0,0.0,0.0,,0.0,normalDay
2019-05-08,382.0,18.0,0.0,0,287.53,0.0,1,5.68,5.5,SPY190930P00267000,267.0,0,0.0,0.0,,0.0,normalDay
2019-05-09,382.0,18.0,0.0,0,286.66,0.0,1,5.68,5.5,SPY190930P00267000,267.0,0,0.0,0.0,,0.0,normalDay
2019-05-10,382.0,85.0,0.0,0,288.1,0.0,1,5.68,4.83,SPY190930P00267000,267.0,0,0.0,0.0,,0.0,normalDay
2019-05-13,382.0,-147.0,0.0,0,280.86,0.0,1,5.68,7.15,SPY190930P00267000,267.0,0,0.0,0.0,,0.0,normalDay
2019-05-14,382.0,-34.0,0.0,0,283.4,0.0,1,5.68,6.02,SPY190930P00267000,267.0,0,0.0,0.0,,0.0,normalDay
2019-05-15,382.0,37.0,0.0,0,285.06,0.0,1,5.68,5.31,SPY190930P00267000,267.0,0,0.0,0.0,,0.0,normalDay
2019-05-16,382.0,116.0,0.0,0,287.7,0.0,1,5.68,4.52,SPY190930P00267000,267.0,0,0.0,0.0,,0.0,normalDay
2019-05-17,382.0,70.0,0.0,0,285.84,0.0,1,5.68,4.98,SPY190930P00267000,267.0,0,0.0,0.0,,0.0,normalDay
2019-05-20,382.0,38.0,0.0,0,283.95,0.0,1,5.68,5.3,SPY190930P00267000,267.0,0,0.0,0.0,,0.0,normalDay
2019-05-21,382.0,118.0,0.0,0,286.51,0.0,1,5.68,4.5,SPY190930P00267000,267.0,0,0.0,0.0,,0.0,normalDay
2019-05-22,382.0,107.0,0.0,0,285.63,0.0,1,5.68,4.61,SPY190930P00267000,267.0,0,0.0,0.0,,0.0,normalDay
2019-05-23,382.0,-15.0,0.0,0,282.14,0.0,1,5.68,5.83,SPY190930P00267000,267.0,0,0.0,0.0,,0.0,normalDay
2019-05-24,382.0,22.0,0.0,0,282.78,0.0,1,5.68,5.46,SPY190930P00267000,267.0,0,0.0,0.0,,0.0,normalDay
2019-05-28,382.0,-45.0,0.0,0,280.15,0.0,1,5.68,6.13,SPY190930P00267000,267.0,0,0.0,0.0,,0.0,normalDay
2019-05-29,382.0,-108.0,0.0,0,278.27,0.0,1,5.68,6.76,SPY190930P00267000,267.0,0,0.0,0.0,,0.0,normalDay
2019-05-30,382.0,-79.0,0.0,0,279.03,0.0,1,5.68,6.47,SPY190930P00267000,267.0,0,0.0,0.0,,0.0,normalDay
2019-05-31,382.0,-219.0,0.0,0,275.27,0.0,1,5.68,7.87,SPY190930P00267000,267.0,0,0.0,0.0,,0.0,normalDay
2019-06-03,382.0,-217.0,0.0,0,274.57,0.0,1,5.68,7.85,SPY190930P00267000,267.0,0,0.0,0.0,,0.0,normalDay
2019-06-04,382.0,-12.0,0.0,0,280.53,0.0,1,5.68,5.8,SPY190930P00267000,267.0,0,0.0,0.0,,0.0,normalDay
2019-06-05,382.0,62.0,0.0,0,282.96,0.0,1,5.68,5.06,SPY190930P00267000,267.0,0,0.0,0.0,,0.0,normalDay
2019-06-06,382.0,107.0,0.0,0,284.8,0.0,1,5.68,4.61,SPY190930P00267000,267.0,0,0.0,0.0,,0.0,normalDay
2019-06-07,382.0,149.0,0.0,0,287.65,0.0,1,5.68,4.19,SPY190930P00267000,267.0,0,0.0,0.0,,0.0,normalDay
2019-06-10,382.0,188.0,0.0,0,288.97,0.0,1,5.68,3.8,SPY190930P00267000,267.0,0,0.0,0.0,,0.0,normalDay
2019-06-11,382.0,179.0,0.0,0,288.9,0.0,1,5.68,3.89,SPY190930P00267000,267.0,0,0.0,0.0,,0.0,normalDay
2019-06-12,382.0,178.0,0.0,0,288.39,0.0,1,5.68,3.9,SPY190930P00267000,267.0,0,0.0,0.0,,0.0,normalDay
2019-06-13,382.0,205.0,0.0,0,289.58,0.0,1,5.68,3.63,SPY190930P00267000,267.0,0,0.0,0.0,,0.0,normalDay
2019-06-14,382.0,214.0,0.0,0,289.26,0.0,1,5.68,3.54,SPY190930P00267000,267.0,0,0.0,0.0,,0.0,normalDay
2019-06-17,382.0,222.0,0.0,0,289.37,0.0,1,5.68,3.46,SPY190930P00267000,267.0,0,0.0,0.0,,0.0,normalDay
2019-06-18,382.0,266.0,0.0,0,292.4,0.0,1,5.68,3.02,SPY190930P00267000,267.0,0,0.0,0.0,,0.0,normalDay
2019-06-19,382.0,294.0,0.0,0,293.06,0.0,1,5.68,2.74,SPY190930P00267000,267.0,0,0.0,0.0,,0.0,normalDay
2019-06-20,382.0,323.0,0.0,0,295.86,0.0,1,5.68,2.45,SPY190930P00267000,267.0,0,0.0,0.0,,0.0,normalDay
2019-06-21,382.0,309.0,0.0,0,294.0,0.0,1,5.68,2.59,SPY190930P00267000,267.0,0,0.0,0.0,,0.0,normalDay
2019-06-24,382.0,316.0,0.0,0,293.64,0.0,1,5.68,2.52,SPY190930P00267000,267.0,0,0.0,0.0,,0.0,normalDay
2019-06-25,382.0,268.0,0.0,0,290.76,0.0,1,5.68,3.0,SPY190930P00267000,267.0,0,0.0,0.0,,0.0,normalDay
2019-06-26,382.0,266.0,0.0,0,290.47,0.0,1,5.68,3.02,SPY190930P00267000,267.0,0,0.0,0.0,,0.0,normalDay
2019-06-27,382.0,295.0,0.0,0,291.5,0.0,1,5.68,2.73,SPY190930P00267000,267.0,0,0.0,0.0,,0.0,normalDay
2019-06-28,382.0,334.0,0.0,0,293.0,0.0,1,5.68,2.34,SPY190930P00267000,267.0,0,0.0,0.0,,0.0,normalDay
2019-07-01,382.0,382.0,0.0,0,295.66,0.0,1,5.68,1.86,SPY190930P00267000,267.0,0,0.0,0.0,,0.0,normalDay
2019-07-02,382.0,405.0,0.0,0,296.43,0.0,1,5.68,1.63,SPY190930P00267000,267.0,0,0.0,0.0,,0.0,normalDay
2019-07-03,382.0,429.0,0.0,0,298.8,0.0,1,5.68,1.39,SPY190930P00267000,267.0,0,0.0,0.0,,0.0,normalDay
2019-07-05,382.0,421.0,0.0,0,298.46,0.0,1,5.68,1.47,SPY190930P00267000,267.0,0,0.0,0.0,,0.0,normalDay
2019-07-08,382.0,410.0,0.0,0,296.82,0.0,1,5.68,1.58,SPY190930P00267000,267.0,0,0.0,0.0,,0.0,normalDay
2019-07-09,382.0,409.0,0.0,0,297.19,0.0,1,5.68,1.59,SPY190930P00267000,267.0,0,0.0,0.0,,0.0,normalDay
2019-07-10,382.0,431.0,0.0,0,298.61,0.0,1,5.68,1.37,SPY190930P00267000,267.0,0,0.0,0.0,,0.0,normalDay
2019-07-11,382.0,439.0,0.0,0,299.31,0.0,1,5.68,1.29,SPY190930P00267000,267.0,0,0.0,0.0,,0.0,normalDay
2019-07-12,382.0,453.0,0.0,0,300.65,0.0,1,5.68,1.15,SPY190930P00267000,267.0,0,0.0,0.0,,0.0,normalDay
2019-07-15,382.0,453.0,0.0,0,300.75,0.0,1,5.68,1.15,SPY190930P00267000,267.0,0,0.0,0.0,,0.0,normalDay
2019-07-16,382.0,448.0,0.0,0,299.78,0.0,1,5.68,1.2,SPY190930P00267000,267.0,0,0.0,0.0,,0.0,normalDay
2019-07-17,382.0,426.0,0.0,0,297.74,0.0,1,5.68,1.42,SPY190930P00267000,267.0,0,0.0,0.0,,0.0,normalDay
2019-07-18,382.0,442.0,0.0,0,298.83,0.0,1,5.68,1.26,SPY190930P00267000,267.0,0,0.0,0.0,,0.0,normalDay
2019-07-19,382.0,429.0,0.0,0,297.17,0.0,1,5.68,1.39,SPY190930P00267000,267.0,0,0.0,0.0,,0.0,normalDay
2019-07-22,382.0,450.0,0.0,0,297.9,0.0,1,5.68,1.18,SPY190930P00267000,267.0,0,0.0,0.0,,0.0,normalDay
2019-07-23,382.0,473.0,0.0,0,300.03,0.0,1,5.68,0.95,SPY190930P00267000,267.0,0,0.0,0.0,,0.0,normalDay
2019-07-24,382.0,487.0,0.0,0,301.44,0.0,1,5.68,0.81,SPY190930P00267000,267.0,0,0.0,0.0,,0.0,normalDay
2019-07-25,382.0,475.0,0.0,0,300.0,0.0,1,5.68,0.93,SPY190930P00267000,267.0,0,0.0,0.0,,0.0,normalDay
2019-07-26,382.0,490.0,0.0,0,302.01,0.0,1,5.68,0.78,SPY190930P00267000,267.0,0,0.0,0.0,,0.0,normalDay
2019-07-29,382.0,489.0,0.0,0,301.46,0.0,1,5.68,0.79,SPY190930P00267000,267.0,0,0.0,0.0,,0.0,normalDay
2019-07-30,382.0,476.0,0.0,0,300.72,0.0,1,5.68,0.92,SPY190930P00267000,267.0,0,0.0,0.0,,0.0,normalDay
2019-07-31,382.0,439.0,0.0,0,297.43,0.0,1,5.68,1.29,SPY190930P00267000,267.0,0,0.0,0.0,,0.0,normalDay
2019-08-01,382.0,396.0,0.0,0,294.84,0.0,1,5.68,1.72,SPY190930P00267000,267.0,0,0.0,0.0,,0.0,normalDay
2019-08-02,382.0,374.0,0.0,0,292.62,0.0,1,5.68,1.94,SPY190930P00267000,267.0,0,0.0,0.0,,0.0,normalDay
2019-08-05,382.0,123.0,0.0,0,283.82,0.0,1,5.68,4.45,SPY190930P00267000,267.0,0,0.0,0.0,,0.0,normalDay
2019-08-06,382.0,284.0,0.0,0,287.8,0.0,1,5.68,2.84,SPY190930P00267000,267.0,0,0.0,0.0,,0.0,normalDay
2019-08-07,382.0,294.0,0.0,0,287.97,0.0,1,5.68,2.74,SPY190930P00267000,267.0,0,0.0,0.0,,0.0,normalDay
2019-08-08,382.0,403.0,0.0,0,293.62,0.0,1,5.68,1.65,SPY190930P00267000,267.0,0,0.0,0.0,,0.0,normalDay
2019-08-09,382.0,375.0,0.0,0,291.62,0.0,1,5.68,1.93,SPY190930P00267000,267.0,0,0.0,0.0,,0.0,normalDay
2019-08-12,382.0,286.0,0.0,0,288.07,0.0,1,5.68,2.82,SPY190930P00267000,267.0,0,0.0,0.0,,0.0,normalDay
2019-08-13,382.0,399.0,0.0,0,292.55,0.0,1,5.68,1.69,SPY190930P00267000,267.0,0,0.0,0.0,,0.0,normalDay
2019-08-14,382.0,217.0,0.0,0,283.9,0.0,1,5.68,3.51,SPY190930P00267000,267.0,0,0.0,0.0,,0.0,normalDay
2019-08-15,382.0,254.0,0.0,0,284.65,0.0,1,5.68,3.14,SPY190930P00267000,267.0,0,0.0,0.0,,0.0,normalDay
2019-08-16,382.0,369.0,0.0,0,288.85,0.0,1,5.68,1.99,SPY190930P00267000,267.0,0,0.0,0.0,,0.0,normalDay
2019-08-19,382.0,446.0,0.0,0,292.33,0.0,1,5.68,1.22,SPY190930P00267000,267.0,0,0.0,0.0,,0.0,normalDay
2019-08-20,382.0,420.0,0.0,0,290.09,0.0,1,5.68,1.48,SPY190930P00267000,267.0,0,0.0,0.0,,0.0,normalDay
2019-08-21,382.0,474.0,0.0,0,292.45,0.0,1,5.68,0.94,SPY190930P00267000,267.0,0,0.0,0.0,,0.0,normalDay
2019-08-22,382.0,461.0,0.0,0,292.36,0.0,1,5.68,1.07,SPY190930P00267000,267.0,0,0.0,0.0,,0.0,normalDay
2019-08-23,382.0,353.0,0.0,0,284.85,0.0,1,5.68,2.15,SPY190930P00267000,267.0,0,0.0,0.0,,0.0,normalDay
2019-08-26,382.0,409.0,0.0,0,288.0,0.0,1,5.68,1.59,SPY190930P00267000,267.0,0,0.0,0.0,,0.0,normalDay
2019-08-27,382.0,381.0,0.0,0,286.87,0.0,1,5.68,1.87,SPY190930P00267000,267.0,0,0.0,0.0,,0.0,normalDay
2019-08-28,382.0,425.0,0.0,0,288.89,0.0,1,5.68,1.43,SPY190930P00267000,267.0,0,0.0,0.0,,0.0,normalDay
2019-08-29,382.0,469.0,0.0,0,292.58,0.0,1,5.68,0.99,SPY190930P00267000,267.0,0,0.0,0.0,,0.0,normalDay
2019-08-30,382.0,460.0,0.0,0,292.45,0.0,1,5.68,1.08,SPY190930P00267000,267.0,0,0.0,0.0,,0.0,normalDay
2019-09-03,382.0,459.0,0.0,0,290.74,0.0,1,5.68,1.09,SPY190930P00267000,267.0,0,0.0,0.0,,0.0,normalDay
2019-09-04,382.0,512.0,0.0,0,294.04,0.0,1,5.68,0.56,SPY190930P00267000,267.0,0,0.0,0.0,,0.0,normalDay
2019-09-05,382.0,529.0,0.0,0,297.82,0.0,1,5.68,0.39,SPY190930P00267000,267.0,0,0.0,0.0,,0.0,normalDay
2019-09-06,382.0,543.0,0.0,0,298.05,0.0,1,5.68,0.25,SPY190930P00267000,267.0,0,0.0,0.0,,0.0,normalDay
2019-09-09,382.0,545.0,0.0,0,298.2,0.0,1,5.68,0.23,SPY190930P00267000,267.0,0,0.0,0.0,,0.0,normalDay
2019-09-10,382.0,548.0,0.0,0,298.13,0.0,1,5.68,0.2,SPY190930P00267000,267.0,0,0.0,0.0,,0.0,normalDay
2019-09-11,382.0,553.0,0.0,0,300.25,0.0,1,5.68,0.15,SPY190930P00267000,267.0,0,0.0,0.0,,0.0,normalDay
2019-09-12,382.0,556.0,0.0,0,301.29,0.0,1,5.68,0.12,SPY190930P00267000,267.0,0,0.0,0.0,,0.0,normalDay
2019-09-13,382.0,558.0,0.0,0,301.09,0.0,1,5.68,0.1,SPY190930P00267000,267.0,0,0.0,0.0,,0.0,normalDay
2019-09-16,382.0,558.0,0.0,0,300.16,0.0,1,5.68,0.1,SPY190930P00267000,267.0,0,0.0,0.0,,0.0,normalDay
2019-09-17,382.0,559.0,0.0,0,300.92,0.0,1,5.68,0.09,SPY190930P00267000,267.0,0,0.0,0.0,,0.0,normalDay
2019-09-18,382.0,561.0,0.0,0,301.1,0.0,1,5.68,0.07,SPY190930P00267000,267.0,0,0.0,0.0,,0.0,normalDay
2019-09-19,382.0,561.0,0.0,0,301.08,0.0,1,5.68,0.07,SPY190930P00267000,267.0,0,0.0,0.0,,0.0,normalDay
2019-09-20,382.0,562.0,0.0,0,298.28,0.0,1,5.68,0.06,SPY190930P00267000,267.0,0,0.0,0.0,,0.0,normalDay
2019-09-23,382.0,565.0,0.0,0,298.21,0.0,1,5.68,0.03,SPY190930P00267000,267.0,0,0.0,0.0,,0.0,normalDay
2019-09-24,382.0,562.0,0.0,0,295.87,0.0,1,5.68,0.06,SPY190930P00267000,267.0,0,0.0,0.0,,0.0,normalDay
2019-09-25,382.0,565.0,0.0,0,297.62,0.0,1,5.68,0.03,SPY190930P00267000,267.0,0,0.0,0.0,,0.0,normalDay
2019-09-26,382.0,567.0,0.0,0,297.0,0.0,1,5.68,0.01,SPY190930P00267000,267.0,0,0.0,0.0,,0.0,normalDay
2019-09-27,382.0,566.0,0.0,0,295.4,0.0,1,5.68,0.02,SPY190930P00267000,267.0,0,0.0,0.0,,0.0,normalDay
2019-09-30,950.0,0.0,568.0,0,296.77,0.0,1,5.68,0.0,SPY190930P00267000,267.0,0,0.0,0.0,,0.0,expirationDay
2019-10-01,950.0,-9.0,0.0,0,293.24,0.0,1,11.66,11.75,SPY200331P00286000,286.0,0,0.0,0.0,,0.0,normalDay
2019-10-02,950.0,-274.0,0.0,0,288.06,0.0,1,11.66,14.4,SPY200331P00286000,286.0,0,0.0,0.0,,0.0,normalDay
2019-10-03,950.0,-137.0,0.0,0,290.42,0.0,1,11.66,13.03,SPY200331P00286000,286.0,0,0.0,0.0,,0.0,normalDay
2019-10-04,950.0,59.0,0.0,0,294.35,0.0,1,11.66,11.07,SPY200331P00286000,286.0,0,0.0,0.0,,0.0,normalDay
2019-10-07,950.0,21.0,0.0,0,293.08,0.0,1,11.66,11.45,SPY200331P00286000,286.0,0,0.0,0.0,,0.0,normalDay
2019-10-08,950.0,-195.0,0.0,0,288.53,0.0,1,11.66,13.61,SPY200331P00286000,286.0,0,0.0,0.0,,0.0,normalDay
2019-10-09,950.0,-66.0,0.0,0,291.27,0.0,1,11.66,12.32,SPY200331P00286000,286.0,0,0.0,0.0,,0.0,normalDay
2019-10-10,950.0,45.0,0.0,0,293.24,0.0,1,11.66,11.21,SPY200331P00286000,286.0,0,0.0,0.0,,0.0,normalDay
2019-10-11,950.0,195.0,0.0,0,296.28,0.0,1,11.66,9.71,SPY200331P00286000,286.0,0,0.0,0.0,,0.0,normalDay
2019-10-14,950.0,214.0,0.0,0,295.95,0.0,1,11.66,9.52,SPY200331P00286000,286.0,0,0.0,0.0,,0.0,normalDay
2019-10-15,950.0,329.0,0.0,0,298.88,0.0,1,11.66,8.37,SPY200331P00286000,286.0,0,0.0,0.0,,0.0,normalDay
2019-10-16,950.0,326.0,0.0,0,298.4,0.0,1,11.66,8.4,SPY200331P00286000,286.0,0,0.0,0.0,,0.0,normalDay
2019-10-17,950.0,346.0,0.0,0,299.28,0.0,1,11.66,8.2,SPY200331P00286000,286.0,0,0.0,0.0,,0.0,normalDay
2019-10-18,950.0,312.0,0.0,0,297.97,0.0,1,11.66,8.54,SPY200331P00286000,286.0,0,0.0,0.0,,0.0,normalDay
2019-10-21,950.0,395.0,0.0,0,299.99,0.0,1,11.66,7.71,SPY200331P00286000,286.0,0,0.0,0.0,,0.0,normalDay
2019-10-22,950.0,360.0,0.0,0,299.01,0.0,1,11.66,8.06,SPY200331P00286000,286.0,0,0.0,0.0,,0.0,normalDay
2019-10-23,950.0,400.0,0.0,0,299.88,0.0,1,11.66,7.66,SPY200331P00286000,286.0,0,0.0,0.0,,0.0,normalDay
2019-10-24,950.0,413.0,0.0,0,300.37,0.0,1,11.66,7.53,SPY200331P00286000,286.0,0,0.0,0.0,,0.0,normalDay
2019-10-25,950.0,468.0,0.0,0,301.6,0.0,1,11.66,6.98,SPY200331P00286000,286.0,0,0.0,0.0,,0.0,normalDay
2019-10-28,950.0,509.0,0.0,0,303.3,0.0,1,11.66,6.57,SPY200331P00286000,286.0,0,0.0,0.0,,0.0,normalDay
2019-10-29,950.0,496.0,0.0,0,303.21,0.0,1,11.66,6.7,SPY200331P00286000,286.0,0,0.0,0.0,,0.0,normalDay
2019-10-30,950.0,541.0,0.0,0,304.14,0.0,1,11.66,6.25,SPY200331P00286000,286.0,0,0.0,0.0,,0.0,normalDay
2019-10-31,950.0,501.0,0.0,0,303.33,0.0,1,11.66,6.65,SPY200331P00286000,286.0,0,0.0,0.0,,0.0,normalDay
2019-11-01,950.0,580.0,0.0,0,306.14,0.0,1,11.66,5.86,SPY200331P00286000,286.0,0,0.0,0.0,,0.0,normalDay
2019-11-04,950.0,609.0,0.0,0,307.37,0.0,1,11.66,5.57,SPY200331P00286000,286.0,0,0.0,0.0,,0.0,normalDay
2019-11-05,950.0,592.0,0.0,0,307.03,0.0,1,11.66,5.74,SPY200331P00286000,286.0,0,0.0,0.0,,0.0,normalDay
2019-11-06,950.0,598.0,0.0,0,307.1,0.0,1,11.66,5.68,SPY200331P00286000,286.0,0,0.0,0.0,,0.0,normalDay
2019-11-07,950.0,615.0,0.0,0,308.18,0.0,1,11.66,5.51,SPY200331P00286000,286.0,0,0.0,0.0,,0.0,normalDay
2019-11-08,950.0,646.0,0.0,0,308.94,0.0,1,11.66,5.2,SPY200331P00286000,286.0,0,0.0,0.0,,0.0,normalDay
2019-11-11,950.0,642.0,0.0,0,308.35,0.0,1,11.66,5.24,SPY200331P00286000,286.0,0,0.0,0.0,,0.0,normalDay
2019-11-12,950.0,650.0,0.0,0,309.0,0.0,1,11.66,5.16,SPY200331P00286000,286.0,0,0.0,0.0,,0.0,normalDay
2019-11-13,950.0,653.0,0.0,0,309.1,0.0,1,11.66,5.13,SPY200331P00286000,286.0,0,0.0,0.0,,0.0,normalDay
2019-11-14,950.0,665.0,0.0,0,309.55,0.0,1,11.66,5.01,SPY200331P00286000,286.0,0,0.0,0.0,,0.0,normalDay
2019-11-15,950.0,723.0,0.0,0,311.79,0.0,1,11.66,4.43,SPY200331P00286000,286.0,0,0.0,0.0,,0.0,normalDay
2019-11-18,950.0,734.0,0.0,0,312.02,0.0,1,11.66,4.32,SPY200331P00286000,286.0,0,0.0,0.0,,0.0,normalDay
2019-11-19,950.0,722.0,0.0,0,311.93,0.0,1,11.66,4.44,SPY200331P00286000,286.0,0,0.0,0.0,,0.0,normalDay
2019-11-20,950.0,693.0,0.0,0,310.77,0.0,1,11.66,4.73,SPY200331P00286000,286.0,0,0.0,0.0,,0.0,normalDay
2019-11-21,950.0,683.0,0.0,0,310.27,0.0,1,11.66,4.83,SPY200331P00286000,286.0,0,0.0,0.0,,0.0,normalDay
2019-11-22,950.0,714.0,0.0,0,310.96,0.0,1,11.66,4.52,SPY200331P00286000,286.0,0,0.0,0.0,,0.0,normalDay
2019-11-25,950.0,775.0,0.0,0,313.37,0.0,1,11.66,3.91,SPY200331P00286000,286.0,0,0.0,0.0,,0.0,normalDay
2019-11-26,950.0,799.0,0.0,0,314.08,0.0,1,11.66,3.67,SPY200331P00286000,286.0,0,0.0,0.0,,0.0,normalDay
2019-11-27,950.0,817.0,0.0,0,315.48,0.0,1,11.66,3.49,SPY200331P00286000,286.0,0,0.0,0.0,,0.0,normalDay
2019-11-29,950.0,787.0,0.0,0,314.31,0.0,1,11.66,3.79,SPY200331P00286000,286.0,0,0.0,0.0,,0.0,normalDay
2019-12-02,950.0,715.0,0.0,0,311.64,0.0,1,11.66,4.51,SPY200331P00286000,286.0,0,0.0,0.0,,0.0,normalDay
2019-12-03,950.0,652.0,0.0,0,309.55,0.0,1,11.66,5.14,SPY200331P00286000,286.0,0,0.0,0.0,,0.0,normalDay
2019-12-04,950.0,705.0,0.0,0,311.46,0.0,1,11.66,4.61,SPY200331P00286000,286.0,0,0.0,0.0,,0.0,normalDay
2019-12-05,950.0,735.0,0.0,0,312.02,0.0,1,11.66,4.31,SPY200331P00286000,286.0,0,0.0,0.0,,0.0,normalDay
2019-12-06,950.0,797.0,0.0,0,314.87,0.0,1,11.66,3.69,SPY200331P00286000,286.0,0,0.0,0.0,,0.0,normalDay
2019-12-09,950.0,760.0,0.0,0,313.88,0.0,1,11.66,4.06,SPY200331P00286000,286.0,0,0.0,0.0,,0.0,normalDay
2019-12-10,950.0,770.0,0.0,0,313.53,0.0,1,11.66,3.96,SPY200331P00286000,286.0,0,0.0,0.0,,0.0,normalDay
2019-12-11,950.0,797.0,0.0,0,314.42,0.0,1,11.66,3.69,SPY200331P00286000,286.0,0,0.0,0.0,,0.0,normalDay
2019-12-12,950.0,854.0,0.0,0,317.13,0.0,1,11.66,3.12,SPY200331P00286000,286.0,0,0.0,0.0,,0.0,normalDay
2019-12-13,950.0,890.0,0.0,0,317.32,0.0,1,11.66,2.76,SPY200331P00286000,286.0,0,0.0,0.0,,0.0,normalDay
2019-12-16,950.0,932.0,0.0,0,319.5,0.0,1,11.66,2.34,SPY200331P00286000,286.0,0,0.0,0.0,,0.0,normalDay
2019-12-17,950.0,931.0,0.0,0,319.57,0.0,1,11.66,2.35,SPY200331P00286000,286.0,0,0.0,0.0,,0.0,normalDay
2019-12-18,950.0,931.0,0.0,0,319.59,0.0,1,11.66,2.35,SPY200331P00286000,286.0,0,0.0,0.0,,0.0,normalDay
2019-12-19,950.0,949.0,0.0,0,320.9,0.0,1,11.66,2.17,SPY200331P00286000,286.0,0,0.0,0.0,,0.0,normalDay
2019-12-20,950.0,956.0,0.0,0,320.73,0.0,1,11.66,2.1,SPY200331P00286000,286.0,0,0.0,0.0,,0.0,normalDay
2019-12-23,950.0,958.0,0.0,0,321.22,0.0,1,11.66,2.08,SPY200331P00286000,286.0,0,0.0,0.0,,0.0,normalDay
2019-12-24,950.0,964.0,0.0,0,321.23,0.0,1,11.66,2.02,SPY200331P00286000,286.0,0,0.0,0.0,,0.0,normalDay
2019-12-26,950.0,984.0,0.0,0,322.94,0.0,1,11.66,1.82,SPY200331P00286000,286.0,0,0.0,0.0,,0.0,normalDay
2019-12-27,950.0,975.0,0.0,0,322.86,0.0,1,11.66,1.91,SPY200331P00286000,286.0,0,0.0,0.0,,0.0,normalDay
2019-12-30,950.0,954.0,0.0,0,321.08,0.0,1,11.66,2.12,SPY200331P00286000,286.0,0,0.0,0.0,,0.0,normalDay
2019-12-31,950.0,980.0,0.0,0,321.86,0.0,1,11.66,1.86,SPY200331P00286000,286.0,0,0.0,0.0,,0.0,normalDay
2020-01-02,950.0,1018.0,0.0,0,324.87,0.0,1,11.66,1.48,SPY200331P00286000,286.0,0,0.0,0.0,,0.0,normalDay
2020-01-03,950.0,984.0,0.0,0,322.41,0.0,1,11.66,1.82,SPY200331P00286000,286.0,0,0.0,0.0,,0.0,normalDay
2020-01-06,950.0,1007.0,0.0,0,323.64,0.0,1,11.66,1.59,SPY200331P00286000,286.0,0,0.0,0.0,,0.0,normalDay
2020-01-07,950.0,1000.0,0.0,0,322.73,0.0,1,11.66,1.66,SPY200331P00286000,286.0,0,0.0,0.0,,0.0,normalDay
2020-01-08,950.0,1023.0,0.0,0,324.45,0.0,1,11.66,1.43,SPY200331P00286000,286.0,0,0.0,0.0,,0.0,normalDay
2020-01-09,950.0,1046.0,0.0,0,326.65,0.0,1,11.66,1.2,SPY200331P00286000,286.0,0,0.0,0.0,,0.0,normalDay
2020-01-10,950.0,1044.0,0.0,0,325.71,0.0,1,11.66,1.22,SPY200331P00286000,286.0,0,0.0,0.0,,0.0,normalDay
2020-01-13,950.0,1067.0,0.0,0,327.95,0.0,1,11.66,0.99,SPY200331P00286000,286.0,0,0.0,0.0,,0.0,normalDay
2020-01-14,950.0,1068.0,0.0,0,327.45,0.0,1,11.66,0.98,SPY200331P00286000,286.0,0,0.0,0.0,,0.0,normalDay
2020-01-15,950.0,1073.0,0.0,0,328.19,0.0,1,11.66,0.93,SPY200331P00286000,286.0,0,0.0,0.0,,0.0,normalDay
2020-01-16,950.0,1086.0,0.0,0,330.92,0.0,1,11.66,0.8,SPY200331P00286000,286.0,0,0.0,0.0,,0.0,normalDay
2020-01-17,950.0,1092.0,0.0,0,331.95,0.0,1,11.66,0.74,SPY200331P00286000,286.0,0,0.0,0.0,,0.0,normalDay
2020-01-21,950.0,1091.0,0.0,0,331.3,0.0,1,11.66,0.75,SPY200331P00286000,286.0,0,0.0,0.0,,0.0,normalDay
2020-01-22,950.0,1091.0,0.0,0,331.34,0.0,1,11.66,0.75,SPY200331P00286000,286.0,0,0.0,0.0,,0.0,normalDay
2020-01-23,950.0,1093.0,0.0,0,331.72,0.0,1,11.66,0.73,SPY200331P00286000,286.0,0,0.0,0.0,,0.0,normalDay
2020-01-24,950.0,1071.0,0.0,0,328.77,0.0,1,11.66,0.95,SPY200331P00286000,286.0,0,0.0,0.0,,0.0,normalDay
2020-01-27,950.0,1000.0,0.0,0,323.5,0.0,1,11.66,1.66,SPY200331P00286000,286.0,0,0.0,0.0,,0.0,normalDay
2020-01-28,950.0,1051.0,0.0,0,326.89,0.0,1,11.66,1.15,SPY200331P00286000,286.0,0,0.0,0.0,,0.0,normalDay
2020-01-29,950.0,1052.0,0.0,0,326.62,0.0,1,11.66,1.14,SPY200331P00286000,286.0,0,0.0,0.0,,0.0,normalDay
2020-01-30,950.0,1072.0,0.0,0,327.68,0.0,1,11.66,0.94,SPY200331P00286000,286.0,0,0.0,0.0,,0.0,normalDay
2020-01-31,950.0,1003.0,0.0,0,321.73,0.0,1,11.66,1.63,SPY200331P00286000,286.0,0,0.0,0.0,,0.0,normalDay
2020-02-03,950.0,1032.0,0.0,0,324.12,0.0,1,11.66,1.34,SPY200331P00286000,286.0,0,0.0,0.0,,0.0,normalDay
2020-02-04,950.0,1084.0,0.0,0,329.06,0.0,1,11.66,0.82,SPY200331P00286000,286.0,0,0.0,0.0,,0.0,normalDay
2020-02-05,950.0,1104.0,0.0,0,332.86,0.0,1,11.66,0.62,SPY200331P00286000,286.0,0,0.0,0.0,,0.0,normalDay
2020-02-06,950.0,1106.0,0.0,0,333.98,0.0,1,11.66,0.6,SPY200331P00286000,286.0,0,0.0,0.0,,0.0,normalDay
2020-02-07,950.0,1102.0,0.0,0,332.2,0.0,1,11.66,0.64,SPY200331P00286000,286.0,0,0.0,0.0,,0.0,normalDay
2020-02-10,950.0,1114.0,0.0,0,334.68,0.0,1,11.66,0.52,SPY200331P00286000,286.0,0,0.0,0.0,,0.0,normalDay
2020-02-11,950.0,1116.0,0.0,0,335.26,0.0,1,11.66,0.5,SPY200331P00286000,286.0,0,0.0,0.0,,0.0,normalDay
2020-02-12,950.0,1126.0,0.0,0,337.42,0.0,1,11.66,0.4,SPY200331P00286000,286.0,0,0.0,0.0,,0.0,normalDay
2020-02-13,950.0,1125.0,0.0,0,337.06,0.0,1,11.66,0.41,SPY200331P00286000,286.0,0,0.0,0.0,,0.0,normalDay
2020-02-14,950.0,1130.0,0.0,0,337.6,0.0,1,11.66,0.36,SPY200331P00286000,286.0,0,0.0,0.0,,0.0,normalDay
2020-02-18,950.0,1128.0,0.0,0,336.73,0.0,1,11.66,0.38,SPY200331P00286000,286.0,0,0.0,0.0,,0.0,normalDay
2020-02-19,950.0,1133.0,0.0,0,338.34,0.0,1,11.66,0.33,SPY200331P00286000,286.0,0,0.0,0.0,,0.0,normalDay
2020-02-20,950.0,1127.0,0.0,0,336.95,0.0,1,11.66,0.39,SPY200331P00286000,286.0,0,0.0,0.0,,0.0,normalDay
2020-02-21,950.0,1115.0,0.0,0,333.48,0.0,1,11.66,0.51,SPY200331P00286000,286.0,0,0.0,0.0,,0.0,normalDay
2020-02-24,950.0,995.0,0.0,0,322.42,0.0,1,11.66,1.71,SPY200331P00286000,286.0,0,0.0,0.0,,0.0,normalDay
2020-02-25,950.0,890.0,0.0,0,312.65,0.0,1,11.66,2.76,SPY200331P00286000,286.0,0,0.0,0.0,,0.0,normalDay
2020-02-26,950.0,894.0,0.0,0,311.5,0.0,1,11.66,2.72,SPY200331P00286000,286.0,0,0.0,0.0,,0.0,normalDay
2020-02-27,950.0,345.0,0.0,0,297.51,0.0,1,11.66,8.21,SPY200331P00286000,286.0,0,0.0,0.0,,0.0,normalDay
2020-02-28,950.0,225.0,0.0,0,296.26,0.0,1,11.66,9.41,SPY200331P00286000,286.0,0,0.0,0.0,,0.0,normalDay
2020-03-02,950.0,763.0,0.0,0,309.09,0.0,1,11.66,4.03,SPY200331P00286000,286.0,0,0.0,0.0,,0.0,normalDay
2020-03-03,950.0,519.0,0.0,0,300.24,0.0,1,11.66,6.47,SPY200331P00286000,286.0,0,0.0,0.0,,0.0,normalDay
2020-03-04,950.0,830.0,0.0,0,312.86,0.0,1,11.66,3.36,SPY200331P00286000,286.0,0,0.0,0.0,,0.0,normalDay
2020-03-05,950.0,477.0,0.0,0,302.46,0.0,1,11.66,6.89,SPY200331P00286000,286.0,0,0.0,0.0,,0.0,normalDay
2020-03-06,950.0,313.0,0.0,0,297.46,0.0,1,11.66,8.53,SPY200331P00286000,286.0,0,0.0,0.0,,0.0,normalDay
2020-03-09,950.0,-921.0,0.0,0,274.23,0.0,1,11.66,20.87,SPY200331P00286000,286.0,0,0.0,0.0,,0.0,normalDay
2020-03-10,950.0,-21.0,0.0,0,288.42,0.0,1,11.66,11.87,SPY200331P00286000,286.0,0,0.0,0.0,,0.0,normalDay
2020-03-11,950.0,-855.0,0.0,0,274.36,0.0,1,11.66,20.21,SPY200331P00286000,286.0,0,0.0,0.0,,0.0,normalDay
2020-03-12,950.0,-2936.0,0.0,0,248.11,0.0,1,11.66,41.02,SPY200331P00286000,286.0,0,0.0,0.0,,0.0,normalDay
2020-03-13,950.0,-1111.0,0.0,0,269.32,0.0,1,11.66,22.77,SPY200331P00286000,286.0,0,0.0,0.0,,0.0,normalDay
2020-03-16,950.0,-3347.0,0.0,0,239.85,0.0,1,11.66,45.13,SPY200331P00286000,286.0,0,0.0,0.0,,0.0,normalDay
2020-03-17,950.0,-2541.0,0.0,0,252.8,0.0,1,11.66,37.07,SPY200331P00286000,286.0,0,0.0,0.0,,0.0,normalDay
2020-03-18,950.0,-3712.0,0.0,0,240.0,0.0,1,11.66,48.78,SPY200331P00286000,286.0,0,0.0,0.0,,0.0,normalDay
2020-03-19,950.0,-3667.0,0.0,0,240.51,0.0,1,11.66,48.33,SPY200331P00286000,286.0,0,0.0,0.0,,0.0,normalDay
2020-03-20,950.0,-4584.0,0.0,0,228.8,0.0,1,11.66,57.5,SPY200331P00286000,286.0,0,0.0,0.0,,0.0,normalDay
2020-03-23,950.0,-5371.0,0.0,0,222.95,0.0,1,11.66,65.37,SPY200331P00286000,286.0,0,0.0,0.0,,0.0,normalDay
2020-03-24,950.0,-3254.0,0.0,0,243.15,0.0,1,11.66,44.2,SPY200331P00286000,286.0,0,0.0,0.0,,0.0,normalDay
2020-03-25,950.0,-2768.0,0.0,0,246.79,0.0,1,11.66,39.34,SPY200331P00286000,286.0,0,0.0,0.0,,0.0,normalDay
2020-03-26,950.0,-1402.0,0.0,0,261.2,0.0,1,11.66,25.68,SPY200331P00286000,286.0,0,0.0,0.0,,0.0,normalDay
2020-03-27,950.0,-2162.0,0.0,0,253.42,0.0,1,11.66,33.28,SPY200331P00286000,286.0,0,0.0,0.0,,0.0,normalDay
2020-03-30,950.0,-1353.0,0.0,0,261.65,0.0,1,11.66,25.19,SPY200331P00286000,286.0,0,0.0,0.0,,0.0,normalDay
2020-03-31,2116.0,-2825.0,1166.0,100,257.75,286.0,1,11.66,0.0,SPY200331P00286000,286.0,0,0.0,0.0,,0.0,expirationDay
2020-04-01,2116.0,-3989.0,0.0,100,246.15,286.0,0,0.0,0.0,,0.0,1,0.25,0.29,SPY200409C00275000,275.0,normalDay
2020-04-02,2116.0,-3423.0,0.0,100,251.83,286.0,0,0.0,0.0,,0.0,1,0.25,0.31,SPY200409C00275000,275.0,normalDay
2020-04-03,2116.0,-3764.0,0.0,100,248.19,286.0,0,0.0,0.0,,0.0,1,0.25,0.08,SPY200409C00275000,275.0,normalDay
2020-04-06,2116.0,-2186.0,0.0,100,264.86,286.0,0,0.0,0.0,,0.0,1,0.25,0.97,SPY200409C00275000,275.0,normalDay
2020-04-07,2116.0,-2137.0,0.0,100,265.13,286.0,0,0.0,0.0,,0.0,1,0.25,0.75,SPY200409C00275000,275.0,normalDay
2020-04-08,2116.0,-1411.0,0.0,100,274.03,286.0,0,0.0,0.0,,0.0,1,0.25,2.39,SPY200409C00275000,275.0,normalDay
2020-04-09,1041.0,-1411.0,-1075.0,0,278.2,0.0,0,0.0,0.0,,0.0,1,0.25,0.0,SPY200409C00275000,275.0,expirationDay
2020-04-13,1041.0,-26.0,0.0,0,275.66,0.0,1,4.18,4.44,SPY201120P00180000,180.0,0,0.0,0.0,,0.0,normalDay
2020-04-14,1041.0,63.0,0.0,0,283.79,0.0,1,4.18,3.55,SPY201120P00180000,180.0,0,0.0,0.0,,0.0,normalDay
2020-04-15,1041.0,-24.0,0.0,0,277.76,0.0,1,4.18,4.42,SPY201120P00180000,180.0,0,0.0,0.0,,0.0,normalDay
2020-04-16,1041.0,-12.0,0.0,0,279.1,0.0,1,4.18,4.3,SPY201120P00180000,180.0,0,0.0,0.0,,0.0,normalDay
2020-04-17,1041.0,59.0,0.0,0,286.64,0.0,1,4.18,3.59,SPY201120P00180000,180.0,0,0.0,0.0,,0.0,normalDay
2020-04-20,1041.0,-30.0,0.0,0,281.59,0.0,1,4.18,4.48,SPY201120P00180000,180.0,0,0.0,0.0,,0.0,normalDay
2020-04-21,1041.0,-135.0,0.0,0,273.04,0.0,1,4.18,5.53,SPY201120P00180000,180.0,0,0.0,0.0,,0.0,normalDay
2020-04-22,1041.0,-70.0,0.0,0,279.1,0.0,1,4.18,4.88,SPY201120P00180000,180.0,0,0.0,0.0,,0.0,normalDay
2020-04-23,1041.0,-61.0,0.0,0,279.08,0.0,1,4.18,4.79,SPY201120P00180000,180.0,0,0.0,0.0,,0.0,normalDay
2020-04-24,1041.0,6.0,0.0,0,282.97,0.0,1,4.18,4.12,SPY201120P00180000,180.0,0,0.0,0.0,,0.0,normalDay
2020-04-27,1041.0,83.0,0.0,0,287.05,0.0,1,4.18,3.35,SPY201120P00180000,180.0,0,0.0,0.0,,0.0,normalDay
2020-04-28,1041.0,80.0,0.0,0,285.73,0.0,1,4.18,3.38,SPY201120P00180000,180.0,0,0.0,0.0,,0.0,normalDay
2020-04-29,1041.0,147.0,0.0,0,293.21,0.0,1,4.18,2.71,SPY201120P00180000,180.0,0,0.0,0.0,,0.0,normalDay
2020-04-30,1041.0,107.0,0.0,0,290.48,0.0,1,4.18,3.11,SPY201120P00180000,180.0,0,0.0,0.0,,0.0,normalDay
2020-05-01,1041.0,34.0,0.0,0,282.79,0.0,1,4.18,3.84,SPY201120P00180000,180.0,0,0.0,0.0,,0.0,normalDay
2020-05-04,1041.0,57.0,0.0,0,283.57,0.0,1,4.18,3.61,SPY201120P00180000,180.0,0,0.0,0.0,,0.0,normalDay
2020-05-05,1041.0,93.0,0.0,0,286.19,0.0,1,4.18,3.25,SPY201120P00180000,180.0,0,0.0,0.0,,0.0,normalDay
2020-05-06,1041.0,84.0,0.0,0,284.25,0.0,1,4.18,3.34,SPY201120P00180000,180.0,0,0.0,0.0,,0.0,normalDay
2020-05-07,1041.0,122.0,0.0,0,287.68,0.0,1,4.18,2.96,SPY201120P00180000,180.0,0,0.0,0.0,,0.0,normalDay
2020-05-08,1041.0,175.0,0.0,0,292.44,0.0,1,4.18,2.43,SPY201120P00180000,180.0,0,0.0,0.0,,0.0,normalDay
2020-05-11,1041.0,187.0,0.0,0,292.5,0.0,1,4.18,2.31,SPY201120P00180000,180.0,0,0.0,0.0,,0.0,normalDay
2020-05-12,1041.0,113.0,0.0,0,286.67,0.0,1,4.18,3.05,SPY201120P00180000,180.0,0,0.0,0.0,,0.0,normalDay
2020-05-13,1041.0,52.0,0.0,0,281.6,0.0,1,4.18,3.66,SPY201120P00180000,180.0,0,0.0,0.0,,0.0,normalDay
2020-05-14,1041.0,82.0,0.0,0,284.97,0.0,1,4.18,3.36,SPY201120P00180000,180.0,0,0.0,0.0,,0.0,normalDay
2020-05-15,1041.0,103.0,0.0,0,286.28,0.0,1,4.18,3.15,SPY201120P00180000,180.0,0,0.0,0.0,,0.0,normalDay
2020-05-18,1041.0,164.0,0.0,0,295.0,0.0,1,4.18,2.54,SPY201120P00180000,180.0,0,0.0,0.0,,0.0,normalDay
2020-05-19,1041.0,149.0,0.0,0,291.97,0.0,1,4.18,2.69,SPY201120P00180000,180.0,0,0.0,0.0,,0.0,normalDay
2020-05-20,1041.0,201.0,0.0,0,296.93,0.0,1,4.18,2.17,SPY201120P00180000,180.0,0,0.0,0.0,,0.0,normalDay
2020-05-21,1041.0,189.0,0.0,0,294.88,0.0,1,4.18,2.29,SPY201120P00180000,180.0,0,0.0,0.0,,0.0,normalDay
2020-05-22,1041.0,200.0,0.0,0,295.44,0.0,1,4.18,2.18,SPY201120P00180000,180.0,0,0.0,0.0,,0.0,normalDay
2020-05-26,1041.0,222.0,0.0,0,299.08,0.0,1,4.18,1.96,SPY201120P00180000,180.0,0,0.0,0.0,,0.0,normalDay
2020-05-27,1041.0,247.0,0.0,0,303.53,0.0,1,4.18,1.71,SPY201120P00180000,180.0,0,0.0,0.0,,0.0,normalDay
2020-05-28,1041.0,236.0,0.0,0,302.97,0.0,1,4.18,1.82,SPY201120P00180000,180.0,0,0.0,0.0,,0.0,normalDay
2020-05-29,1041.0,251.0,0.0,0,304.32,0.0,1,4.18,1.67,SPY201120P00180000,180.0,0,0.0,0.0,,0.0,normalDay
2020-06-01,1041.0,252.0,0.0,0,305.55,0.0,1,4.18,1.66,SPY201120P00180000,180.0,0,0.0,0.0,,0.0,normalDay
2020-06-02,1041.0,265.0,0.0,0,308.08,0.0,1,4.18,1.53,SPY201120P00180000,180.0,0,0.0,0.0,,0.0,normalDay
2020-06-03,1041.0,286.0,0.0,0,312.18,0.0,1,4.18,1.32,SPY201120P00180000,180.0,0,0.0,0.0,,0.0,normalDay
2020-06-04,1041.0,290.0,0.0,0,311.36,0.0,1,4.18,1.28,SPY201120P00180000,180.0,0,0.0,0.0,,0.0,normalDay
2020-06-05,1041.0,311.0,0.0,0,319.34,0.0,1,4.18,1.07,SPY201120P00180000,180.0,0,0.0,0.0,,0.0,normalDay
2020-06-08,1041.0,312.0,0.0,0,323.2,0.0,1,4.18,1.06,SPY201120P00180000,180.0,0,0.0,0.0,,0.0,normalDay
2020-06-09,1041.0,289.0,0.0,0,320.79,0.0,1,4.18,1.29,SPY201120P00180000,180.0,0,0.0,0.0,,0.0,normalDay
2020-06-10,1041.0,294.0,0.0,0,319.0,0.0,1,4.18,1.24,SPY201120P00180000,180.0,0,0.0,0.0,,0.0,normalDay
2020-06-11,1041.0,122.0,0.0,0,300.61,0.0,1,4.18,2.96,SPY201120P00180000,180.0,0,0.0,0.0,,0.0,normalDay
2020-06-12,1041.0,159.0,0.0,0,304.21,0.0,1,4.18,2.59,SPY201120P00180000,180.0,0,0.0,0.0,,0.0,normalDay
2020-06-15,1041.0,200.0,0.0,0,307.05,0.0,1,4.18,2.18,SPY201120P00180000,180.0,0,0.0,0.0,,0.0,normalDay
2020-06-16,1041.0,227.0,0.0,0,312.96,0.0,1,4.18,1.91,SPY201120P00180000,180.0,0,0.0,0.0,,0.0,normalDay
2020-06-17,1041.0,225.0,0.0,0,311.66,0.0,1,4.18,1.93,SPY201120P00180000,180.0,0,0.0,0.0,,0.0,normalDay
2020-06-18,1041.0,236.0,0.0,0,311.78,0.0,1,4.18,1.82,SPY201120P00180000,180.0,0,0.0,0.0,,0.0,normalDay
2020-06-19,1041.0,220.0,0.0,0,308.64,0.0,1,4.18,1.98,SPY201120P00180000,180.0,0,0.0,0.0,,0.0,normalDay
2020-06-22,1041.0,258.0,0.0,0,310.62,0.0,1,4.18,1.6,SPY201120P00180000,180.0,0,0.0,0.0,,0.0,normalDay
2020-06-23,1041.0,270.0,0.0,0,312.05,0.0,1,4.18,1.48,SPY201120P00180000,180.0,0,0.0,0.0,,0.0,normalDay
2020-06-24,1041.0,245.0,0.0,0,304.09,0.0,1,4.18,1.73,SPY201120P00180000,180.0,0,0.0,0.0,,0.0,normalDay
2020-06-25,1041.0,272.0,0.0,0,307.35,0.0,1,4.18,1.46,SPY201120P00180000,180.0,0,0.0,0.0,,0.0,normalDay
2020-06-26,1041.0,243.0,0.0,0,300.05,0.0,1,4.18,1.75,SPY201120P00180000,180.0,0,0.0,0.0,,0.0,normalDay
2020-06-29,1041.0,273.0,0.0,0,304.46,0.0,1,4.18,1.45,SPY201120P00180000,180.0,0,0.0,0.0,,0.0,normalDay
2020-06-30,1041.0,296.0,0.0,0,308.36,0.0,1,4.18,1.22,SPY201120P00180000,180.0,0,0.0,0.0,,0.0,normalDay
2020-07-01,1041.0,304.0,0.0,0,310.52,0.0,1,4.18,1.14,SPY201120P00180000,180.0,0,0.0,0.0,,0.0,normalDay
2020-07-02,1041.0,316.0,0.0,0,312.23,0.0,1,4.18,1.02,SPY201120P00180000,180.0,0,0.0,0.0,,0.0,normalDay
2020-07-06,1041.0,324.0,0.0,0,317.05,0.0,1,4.18,0.94,SPY201120P00180000,180.0,0,0.0,0.0,,0.0,normalDay
2020-07-07,1041.0,315.0,0.0,0,313.78,0.0,1,4.18,1.03,SPY201120P00180000,180.0,0,0.0,0.0,,0.0,normalDay
2020-07-08,1041.0,325.0,0.0,0,316.18,0.0,1,4.18,0.93,SPY201120P00180000,180.0,0,0.0,0.0,,0.0,normalDay
2020-07-09,1041.0,320.0,0.0,0,314.38,0.0,1,4.18,0.98,SPY201120P00180000,180.0,0,0.0,0.0,,0.0,normalDay
2020-07-10,1041.0,328.0,0.0,0,317.59,0.0,1,4.18,0.9,SPY201120P00180000,180.0,0,0.0,0.0,,0.0,normalDay
2020-07-13,1041.0,297.0,0.0,0,314.84,0.0,1,4.18,1.21,SPY201120P00180000,180.0,0,0.0,0.0,,0.0,normalDay
2020-07-14,1041.0,322.0,0.0,0,318.92,0.0,1,4.18,0.96,SPY201120P00180000,180.0,0,0.0,0.0,,0.0,normalDay
2020-07-15,1041.0,331.0,0.0,0,321.85,0.0,1,4.18,0.87,SPY201120P00180000,180.0,0,0.0,0.0,,0.0,normalDay
2020-07-16,1041.0,330.0,0.0,0,320.79,0.0,1,4.18,0.88,SPY201120P00180000,180.0,0,0.0,0.0,,0.0,normalDay
2020-07-17,1041.0,340.0,0.0,0,321.72,0.0,1,4.18,0.78,SPY201120P00180000,180.0,0,0.0,0.0,,0.0,normalDay
2020-07-20,1041.0,353.0,0.0,0,324.32,0.0,1,4.18,0.65,SPY201120P00180000,180.0,0,0.0,0.0,,0.0,normalDay
2020-07-21,1041.0,351.0,0.0,0,325.01,0.0,1,4.18,0.67,SPY201120P00180000,180.0,0,0.0,0.0,,0.0,normalDay
2020-07-22,1041.0,352.0,0.0,0,326.86,0.0,1,4.18,0.66,SPY201120P00180000,180.0,0,0.0,0.0,,0.0,normalDay
2020-07-23,1041.0,346.0,0.0,0,322.96,0.0,1,4.18,0.72,SPY201120P00180000,180.0,0,0.0,0.0,,0.0,normalDay
2020-07-24,1041.0,347.0,0.0,0,320.88,0.0,1,4.18,0.71,SPY201120P00180000,180.0,0,0.0,0.0,,0.0,normalDay
2020-07-27,1041.0,351.0,0.0,0,323.22,0.0,1,4.18,0.67,SPY201120P00180000,180.0,0,0.0,0.0,,0.0,normalDay
2020-07-28,1041.0,353.0,0.0,0,321.17,0.0,1,4.18,0.65,SPY201120P00180000,180.0,0,0.0,0.0,,0.0,normalDay
2020-07-29,1041.0,358.0,0.0,0,325.12,0.0,1,4.18,0.6,SPY201120P00180000,180.0,0,0.0,0.0,,0.0,normalDay
2020-07-30,1041.0,357.0,0.0,0,323.96,0.0,1,4.18,0.61,SPY201120P00180000,180.0,0,0.0,0.0,,0.0,normalDay
2020-07-31,1041.0,362.0,0.0,0,326.52,0.0,1,4.18,0.56,SPY201120P00180000,180.0,0,0.0,0.0,,0.0,normalDay
2020-08-03,1041.0,363.0,0.0,0,328.79,0.0,1,4.18,0.55,SPY201120P00180000,180.0,0,0.0,0.0,,0.0,normalDay
2020-08-04,1041.0,368.0,0.0,0,330.06,0.0,1,4.18,0.5,SPY201120P00180000,180.0,0,0.0,0.0,,0.0,normalDay
2020-08-05,1041.0,372.0,0.0,0,332.11,0.0,1,4.18,0.46,SPY201120P00180000,180.0,0,0.0,0.0,,0.0,normalDay
2020-08-06,1041.0,373.0,0.0,0,334.33,0.0,1,4.18,0.45,SPY201120P00180000,180.0,0,0.0,0.0,,0.0,normalDay
2020-08-07,1041.0,374.0,0.0,0,334.57,0.0,1,4.18,0.44,SPY201120P00180000,180.0,0,0.0,0.0,,0.0,normalDay
2020-08-10,1041.0,379.0,0.0,0,335.57,0.0,1,4.18,0.39,SPY201120P00180000,180.0,0,0.0,0.0,,0.0,normalDay
2020-08-11,1041.0,373.0,0.0,0,332.8,0.0,1,4.18,0.45,SPY201120P00180000,180.0,0,0.0,0.0,,0.0,normalDay
2020-08-12,1041.0,382.0,0.0,0,337.44,0.0,1,4.18,0.36,SPY201120P00180000,180.0,0,0.0,0.0,,0.0,normalDay
2020-08-13,1041.0,380.0,0.0,0,336.83,0.0,1,4.18,0.38,SPY201120P00180000,180.0,0,0.0,0.0,,0.0,normalDay
2020-08-14,1041.0,380.0,0.0,0,336.84,0.0,1,4.18,0.38,SPY201120P00180000,180.0,0,0.0,0.0,,0.0,normalDay
2020-08-17,1041.0,387.0,0.0,0,337.91,0.0,1,4.18,0.31,SPY201120P00180000,180.0,0,0.0,0.0,,0.0,normalDay
2020-08-18,1041.0,387.0,0.0,0,338.64,0.0,1,4.18,0.31,SPY201120P00180000,180.0,0,0.0,0.0,,0.0,normalDay
2020-08-19,1041.0,383.0,0.0,0,337.23,0.0,1,4.18,0.35,SPY201120P00180000,180.0,0,0.0,0.0,,0.0,normalDay
2020-08-20,1041.0,382.0,0.0,0,338.28,0.0,1,4.18,0.36,SPY201120P00180000,180.0,0,0.0,0.0,,0.0,normalDay
2020-08-21,1041.0,382.0,0.0,0,339.48,0.0,1,4.18,0.36,SPY201120P00180000,180.0,0,0.0,0.0,,0.0,normalDay
2020-08-24,1041.0,385.0,0.0,0,342.92,0.0,1,4.18,0.33,SPY201120P00180000,180.0,0,0.0,0.0,,0.0,normalDay
2020-08-25,1041.0,387.0,0.0,0,344.12,0.0,1,4.18,0.31,SPY201120P00180000,180.0,0,0.0,0.0,,0.0,normalDay
2020-08-26,1041.0,385.0,0.0,0,347.57,0.0,1,4.18,0.33,SPY201120P00180000,180.0,0,0.0,0.0,,0.0,normalDay
2020-08-27,1041.0,378.0,0.0,0,348.33,0.0,1,4.18,0.4,SPY201120P00180000,180.0,0,0.0,0.0,,0.0,normalDay
2020-08-28,1041.0,382.0,0.0,0,350.58,0.0,1,4.18,0.36,SPY201120P00180000,180.0,0,0.0,0.0,,0.0,normalDay
2020-08-31,1041.0,376.0,0.0,0,349.31,0.0,1,4.18,0.42,SPY201120P00180000,180.0,0,0.0,0.0,,0.0,normalDay
2020-09-01,1041.0,376.0,0.0,0,352.6,0.0,1,4.18,0.42,SPY201120P00180000,180.0,0,0.0,0.0,,0.0,normalDay
2020-09-02,1041.0,376.0,0.0,0,357.7,0.0,1,4.18,0.42,SPY201120P00180000,180.0,0,0.0,0.0,,0.0,normalDay
2020-09-03,1041.0,356.0,0.0,0,345.39,0.0,1,4.18,0.62,SPY201120P00180000,180.0,0,0.0,0.0,,0.0,normalDay
2020-09-04,1041.0,369.0,0.0,0,342.57,0.0,1,4.18,0.49,SPY201120P00180000,180.0,0,0.0,0.0,,0.0,normalDay
2020-09-08,1041.0,373.0,0.0,0,333.21,0.0,1,4.18,0.45,SPY201120P00180000,180.0,0,0.0,0.0,,0.0,normalDay
2020-09-09,1041.0,383.0,0.0,0,339.79,0.0,1,4.18,0.35,SPY201120P00180000,180.0,0,0.0,0.0,,0.0,normalDay
2020-09-10,1041.0,381.0,0.0,0,333.89,0.0,1,4.18,0.37,SPY201120P00180000,180.0,0,0.0,0.0,,0.0,normalDay
2020-09-11,1041.0,391.0,0.0,0,334.06,0.0,1,4.18,0.27,SPY201120P00180000,180.0,0,0.0,0.0,,0.0,normalDay
2020-09-14,1041.0,396.0,0.0,0,338.46,0.0,1,4.18,0.22,SPY201120P00180000,180.0,0,0.0,0.0,,0.0,normalDay
2020-09-15,1041.0,397.0,0.0,0,340.17,0.0,1,4.18,0.21,SPY201120P00180000,180.0,0,0.0,0.0,,0.0,normalDay
2020-09-16,1041.0,397.0,0.0,0,338.82,0.0,1,4.18,0.21,SPY201120P00180000,180.0,0,0.0,0.0,,0.0,normalDay
2020-09-17,1041.0,399.0,0.0,0,335.84,0.0,1,4.18,0.19,SPY201120P00180000,180.0,0,0.0,0.0,,0.0,normalDay
2020-09-18,1041.0,399.0,0.0,0,330.65,0.0,1,4.18,0.19,SPY201120P00180000,180.0,0,0.0,0.0,,0.0,normalDay
2020-09-21,1041.0,399.0,0.0,0,326.97,0.0,1,4.18,0.19,SPY201120P00180000,180.0,0,0.0,0.0,,0.0,normalDay
2020-09-22,1041.0,401.0,0.0,0,330.3,0.0,1,4.18,0.17,SPY201120P00180000,180.0,0,0.0,0.0,,0.0,normalDay
2020-09-23,1041.0,398.0,0.0,0,322.64,0.0,1,4.18,0.2,SPY201120P00180000,180.0,0,0.0,0.0,,0.0,normalDay
2020-09-24,1041.0,400.0,0.0,0,323.5,0.0,1,4.18,0.18,SPY201120P00180000,180.0,0,0.0,0.0,,0.0,normalDay
2020-09-25,1041.0,404.0,0.0,0,328.73,0.0,1,4.18,0.14,SPY201120P00180000,180.0,0,0.0,0.0,,0.0,normalDay
2020-09-28,1041.0,407.0,0.0,0,334.19,0.0,1,4.18,0.11,SPY201120P00180000,180.0,0,0.0,0.0,,0.0,normalDay
2020-09-29,1041.0,409.0,0.0,0,332.37,0.0,1,4.18,0.09,SPY201120P00180000,180.0,0,0.0,0.0,,0.0,normalDay
2020-09-30,1041.0,410.0,0.0,0,334.89,0.0,1,4.18,0.08,SPY201120P00180000,180.0,0,0.0,0.0,,0.0,normalDay
2020-10-01,1041.0,412.0,0.0,0,337.04,0.0,1,4.18,0.06,SPY201120P00180000,180.0,0,0.0,0.0,,0.0,normalDay
2020-10-02,1041.0,410.0,0.0,0,333.84,0.0,1,4.18,0.08,SPY201120P00180000,180.0,0,0.0,0.0,,0.0,normalDay
2020-10-05,1041.0,412.0,0.0,0,339.76,0.0,1,4.18,0.06,SPY201120P00180000,180.0,0,0.0,0.0,,0.0,normalDay
2020-10-06,1041.0,412.0,0.0,0,334.93,0.0,1,4.18,0.06,SPY201120P00180000,180.0,0,0.0,0.0,,0.0,normalDay
2020-10-07,1041.0,413.0,0.0,0,340.76,0.0,1,4.18,0.05,SPY201120P00180000,180.0,0,0.0,0.0,,0.0,normalDay
2020-10-08,1041.0,414.0,0.0,0,343.78,0.0,1,4.18,0.04,SPY201120P00180000,180.0,0,0.0,0.0,,0.0,normalDay
2020-10-09,1041.0,414.0,0.0,0,346.85,0.0,1,4.18,0.04,SPY201120P00180000,180.0,0,0.0,0.0,,0.0,normalDay
2020-10-12,1041.0,415.0,0.0,0,352.43,0.0,1,4.18,0.03,SPY201120P00180000,180.0,0,0.0,0.0,,0.0,normalDay
2020-10-13,1041.0,415.0,0.0,0,350.13,0.0,1,4.18,0.03,SPY201120P00180000,180.0,0,0.0,0.0,,0.0,normalDay
2020-10-14,1041.0,415.0,0.0,0,347.93,0.0,1,4.18,0.03,SPY201120P00180000,180.0,0,0.0,0.0,,0.0,normalDay
2020-10-15,1041.0,414.0,0.0,0,347.5,0.0,1,4.18,0.04,SPY201120P00180000,180.0,0,0.0,0.0,,0.0,normalDay
2020-10-16,1041.0,414.0,0.0,0,347.29,0.0,1,4.18,0.04,SPY201120P00180000,180.0,0,0.0,0.0,,0.0,normalDay
2020-10-19,1041.0,414.0,0.0,0,342.01,0.0,1,4.18,0.04,SPY201120P00180000,180.0,0,0.0,0.0,,0.0,normalDay
2020-10-20,1041.0,413.0,0.0,0,343.38,0.0,1,4.18,0.05,SPY201120P00180000,180.0,0,0.0,0.0,,0.0,normalDay
2020-10-21,1041.0,414.0,0.0,0,342.73,0.0,1,4.18,0.04,SPY201120P00180000,180.0,0,0.0,0.0,,0.0,normalDay
2020-10-22,1041.0,415.0,0.0,0,344.61,0.0,1,4.18,0.03,SPY201120P00180000,180.0,0,0.0,0.0,,0.0,normalDay
2020-10-23,1041.0,415.0,0.0,0,345.78,0.0,1,4.18,0.03,SPY201120P00180000,180.0,0,0.0,0.0,,0.0,normalDay
2020-10-26,1041.0,413.0,0.0,0,339.39,0.0,1,4.18,0.05,SPY201120P00180000,180.0,0,0.0,0.0,,0.0,normalDay
2020-10-27,1041.0,413.0,0.0,0,338.22,0.0,1,4.18,0.05,SPY201120P00180000,180.0,0,0.0,0.0,,0.0,normalDay
2020-10-28,1041.0,406.0,0.0,0,326.66,0.0,1,4.18,0.12,SPY201120P00180000,180.0,0,0.0,0.0,,0.0,normalDay
2020-10-29,1041.0,410.0,0.0,0,329.98,0.0,1,4.18,0.08,SPY201120P00180000,180.0,0,0.0,0.0,,0.0,normalDay
2020-10-30,1041.0,410.0,0.0,0,326.54,0.0,1,4.18,0.08,SPY201120P00180000,180.0,0,0.0,0.0,,0.0,normalDay
2020-11-02,1041.0,410.0,0.0,0,330.2,0.0,1,4.18,0.08,SPY201120P00180000,180.0,0,0.0,0.0,,0.0,normalDay
2020-11-03,1041.0,411.0,0.0,0,336.03,0.0,1,4.18,0.07,SPY201120P00180000,180.0,0,0.0,0.0,,0.0,normalDay
2020-11-04,1041.0,415.0,0.0,0,343.54,0.0,1,4.18,0.03,SPY201120P00180000,180.0,0,0.0,0.0,,0.0,normalDay
2020-11-05,1041.0,417.0,0.0,0,350.24,0.0,1,4.18,0.01,SPY201120P00180000,180.0,0,0.0,0.0,,0.0,normalDay
2020-11-06,1041.0,417.0,0.0,0,350.16,0.0,1,4.18,0.01,SPY201120P00180000,180.0,0,0.0,0.0,,0.0,normalDay
2020-11-09,1041.0,417.0,0.0,0,354.56,0.0,1,4.18,0.01,SPY201120P00180000,180.0,0,0.0,0.0,,0.0,normalDay
2020-11-10,1041.0,417.0,0.0,0,354.04,0.0,1,4.18,0.01,SPY201120P00180000,180.0,0,0.0,0.0,,0.0,normalDay
2020-11-11,1041.0,417.0,0.0,0,356.67,0.0,1,4.18,0.01,SPY201120P00180000,180.0,0,0.0,0.0,,0.0,normalDay
2020-11-12,1041.0,417.0,0.0,0,353.21,0.0,1,4.18,0.01,SPY201120P00180000,180.0,0,0.0,0.0,,0.0,normalDay
2020-11-13,1041.0,417.0,0.0,0,358.1,0.0,1,4.18,0.01,SPY201120P00180000,180.0,0,0.0,0.0,,0.0,normalDay
2020-11-16,1041.0,417.0,0.0,0,362.57,0.0,1,4.18,0.01,SPY201120P00180000,180.0,0,0.0,0.0,,0.0,normalDay
2020-11-17,1041.0,417.0,0.0,0,360.62,0.0,1,4.18,0.01,SPY201120P00180000,180.0,0,0.0,0.0,,0.0,normalDay
2020-11-18,1041.0,417.0,0.0,0,356.28,0.0,1,4.18,0.01,SPY201120P00180000,180.0,0,0.0,0.0,,0.0,normalDay
2020-11-19,1041.0,417.0,0.0,0,357.78,0.0,1,4.18,0.01,SPY201120P00180000,180.0,0,0.0,0.0,,0.0,normalDay
2020-11-20,1459.0,0.0,418.0,0,355.33,0.0,1,4.18,0.0,SPY201120P00180000,180.0,0,0.0,0.0,,0.0,expirationDay
2020-11-23,1459.0,-15.0,0.0,0,357.46,0.0,1,7.61,7.76,SPY210630P00289000,289.0,0,0.0,0.0,,0.0,normalDay
2020-11-24,1459.0,63.0,0.0,0,363.22,0.0,1,7.61,6.98,SPY210630P00289000,289.0,0,0.0,0.0,,0.0,normalDay
2020-11-25,1459.0,67.0,0.0,0,362.66,0.0,1,7.61,6.94,SPY210630P00289000,289.0,0,0.0,0.0,,0.0,normalDay
2020-11-27,1459.0,59.0,0.0,0,363.67,0.0,1,7.61,7.02,SPY210630P00289000,289.0,0,0.0,0.0,,0.0,normalDay
2020-11-30,1459.0,100.0,0.0,0,362.06,0.0,1,7.61,6.61,SPY210630P00289000,289.0,0,0.0,0.0,,0.0,normalDay
2020-12-01,1459.0,127.0,0.0,0,366.02,0.0,1,7.61,6.34,SPY210630P00289000,289.0,0,0.0,0.0,,0.0,normalDay
2020-12-02,1459.0,139.0,0.0,0,366.79,0.0,1,7.61,6.22,SPY210630P00289000,289.0,0,0.0,0.0,,0.0,normalDay
2020-12-03,1459.0,132.0,0.0,0,366.69,0.0,1,7.61,6.29,SPY210630P00289000,289.0,0,0.0,0.0,,0.0,normalDay
2020-12-04,1459.0,170.0,0.0,0,369.85,0.0,1,7.61,5.91,SPY210630P00289000,289.0,0,0.0,0.0,,0.0,normalDay
2020-12-07,1459.0,149.0,0.0,0,369.09,0.0,1,7.61,6.12,SPY210630P00289000,289.0,0,0.0,0.0,,0.0,normalDay
2020-12-08,1459.0,192.0,0.0,0,370.17,0.0,1,7.61,5.69,SPY210630P00289000,289.0,0,0.0,0.0,,0.0,normalDay
2020-12-09,1459.0,139.0,0.0,0,366.85,0.0,1,7.61,6.22,SPY210630P00289000,289.0,0,0.0,0.0,,0.0,normalDay
2020-12-10,1459.0,135.0,0.0,0,366.73,0.0,1,7.61,6.26,SPY210630P00289000,289.0,0,0.0,0.0,,0.0,normalDay
2020-12-11,1459.0,112.0,0.0,0,366.3,0.0,1,7.61,6.49,SPY210630P00289000,289.0,0,0.0,0.0,,0.0,normalDay
2020-12-14,1459.0,77.0,0.0,0,364.66,0.0,1,7.61,6.84,SPY210630P00289000,289.0,0,0.0,0.0,,0.0,normalDay
2020-12-15,1459.0,140.0,0.0,0,369.59,0.0,1,7.61,6.21,SPY210630P00289000,289.0,0,0.0,0.0,,0.0,normalDay
2020-12-16,1459.0,160.0,0.0,0,370.17,0.0,1,7.61,6.01,SPY210630P00289000,289.0,0,0.0,0.0,,0.0,normalDay
2020-12-17,1459.0,200.0,0.0,0,372.24,0.0,1,7.61,5.61,SPY210630P00289000,289.0,0,0.0,0.0,,0.0,normalDay
2020-12-18,1459.0,201.0,0.0,0,369.18,0.0,1,7.61,5.6,SPY210630P00289000,289.0,0,0.0,0.0,,0.0,normalDay
2020-12-21,1459.0,125.0,0.0,0,367.86,0.0,1,7.61,6.36,SPY210630P00289000,289.0,0,0.0,0.0,,0.0,normalDay
2020-12-22,1459.0,127.0,0.0,0,367.24,0.0,1,7.61,6.34,SPY210630P00289000,289.0,0,0.0,0.0,,0.0,normalDay
2020-12-23,1459.0,159.0,0.0,0,367.57,0.0,1,7.61,6.02,SPY210630P00289000,289.0,0,0.0,0.0,,0.0,normalDay
2020-12-24,1459.0,204.0,0.0,0,369.0,0.0,1,7.61,5.57,SPY210630P00289000,289.0,0,0.0,0.0,,0.0,normalDay
2020-12-28,1459.0,238.0,0.0,0,372.17,0.0,1,7.61,5.23,SPY210630P00289000,289.0,0,0.0,0.0,,0.0,normalDay
2020-12-29,1459.0,197.0,0.0,0,371.46,0.0,1,7.61,5.64,SPY210630P00289000,289.0,0,0.0,0.0,,0.0,normalDay
2020-12-30,1459.0,231.0,0.0,0,371.99,0.0,1,7.61,5.3,SPY210630P00289000,289.0,0,0.0,0.0,,0.0,normalDay
2020-12-31,1459.0,253.0,0.0,0,373.88,0.0,1,7.61,5.08,SPY210630P00289000,289.0,0,0.0,0.0,,0.0,normalDay
2021-01-04,1459.0,168.0,0.0,0,368.79,0.0,1,7.61,5.93,SPY210630P00289000,289.0,0,0.0,0.0,,0.0,normalDay
2021-01-05,1459.0,208.0,0.0,0,371.33,0.0,1,7.61,5.53,SPY210630P00289000,289.0,0,0.0,0.0,,0.0,normalDay
2021-01-06,1459.0,223.0,0.0,0,373.55,0.0,1,7.61,5.38,SPY210630P00289000,289.0,0,0.0,0.0,,0.0,normalDay
2021-01-07,1459.0,313.0,0.0,0,379.1,0.0,1,7.61,4.48,SPY210630P00289000,289.0,0,0.0,0.0,,0.0,normalDay
2021-01-08,1459.0,330.0,0.0,0,381.26,0.0,1,7.61,4.31,SPY210630P00289000,289.0,0,0.0,0.0,,0.0,normalDay
2021-01-11,1459.0,274.0,0.0,0,378.69,0.0,1,7.61,4.87,SPY210630P00289000,289.0,0,0.0,0.0,,0.0,normalDay
2021-01-12,1459.0,293.0,0.0,0,378.77,0.0,1,7.61,4.68,SPY210630P00289000,289.0,0,0.0,0.0,,0.0,normalDay
2021-01-13,1459.0,310.0,0.0,0,379.79,0.0,1,7.61,4.51,SPY210630P00289000,289.0,0,0.0,0.0,,0.0,normalDay
2021-01-14,1459.0,285.0,0.0,0,378.46,0.0,1,7.61,4.76,SPY210630P00289000,289.0,0,0.0,0.0,,0.0,normalDay
2021-01-15,1459.0,244.0,0.0,0,375.7,0.0,1,7.61,5.17,SPY210630P00289000,289.0,0,0.0,0.0,,0.0,normalDay
2021-01-19,1459.0,292.0,0.0,0,378.65,0.0,1,7.61,4.69,SPY210630P00289000,289.0,0,0.0,0.0,,0.0,normalDay
2021-01-20,1459.0,350.0,0.0,0,383.89,0.0,1,7.61,4.11,SPY210630P00289000,289.0,0,0.0,0.0,,0.0,normalDay
2021-01-21,1459.0,354.0,0.0,0,384.24,0.0,1,7.61,4.07,SPY210630P00289000,289.0,0,0.0,0.0,,0.0,normalDay
2021-01-22,1459.0,343.0,0.0,0,382.88,0.0,1,7.61,4.18,SPY210630P00289000,289.0,0,0.0,0.0,,0.0,normalDay
2021-01-25,1459.0,334.0,0.0,0,384.39,0.0,1,7.61,4.27,SPY210630P00289000,289.0,0,0.0,0.0,,0.0,normalDay
2021-01-26,1459.0,328.0,0.0,0,383.79,0.0,1,7.61,4.33,SPY210630P00289000,289.0,0,0.0,0.0,,0.0,normalDay
2021-01-27,1459.0,101.0,0.0,0,374.41,0.0,1,7.61,6.6,SPY210630P00289000,289.0,0,0.0,0.0,,0.0,normalDay
2021-01-28,1459.0,175.0,0.0,0,377.63,0.0,1,7.61,5.86,SPY210630P00289000,289.0,0,0.0,0.0,,0.0,normalDay
2021-01-29,1459.0,22.0,0.0,0,370.07,0.0,1,7.61,7.39,SPY210630P00289000,289.0,0,0.0,0.0,,0.0,normalDay
2021-02-01,1459.0,153.0,0.0,0,376.23,0.0,1,7.61,6.08,SPY210630P00289000,289.0,0,0.0,0.0,,0.0,normalDay
2021-02-02,1459.0,276.0,0.0,0,381.55,0.0,1,7.61,4.85,SPY210630P00289000,289.0,0,0.0,0.0,,0.0,normalDay
2021-02-03,1459.0,325.0,0.0,0,381.85,0.0,1,7.61,4.36,SPY210630P00289000,289.0,0,0.0,0.0,,0.0,normalDay
2021-02-04,1459.0,375.0,0.0,0,386.19,0.0,1,7.61,3.86,SPY210630P00289000,289.0,0,0.0,0.0,,0.0,normalDay
2021-02-05,1459.0,381.0,0.0,0,387.71,0.0,1,7.61,3.8,SPY210630P00289000,289.0,0,0.0,0.0,,0.0,normalDay
2021-02-08,1459.0,404.0,0.0,0,390.51,0.0,1,7.61,3.57,SPY210630P00289000,289.0,0,0.0,0.0,,0.0,normalDay
2021-02-09,1459.0,398.0,0.0,0,390.25,0.0,1,7.61,3.63,SPY210630P00289000,289.0,0,0.0,0.0,,0.0,normalDay
2021-02-10,1459.0,387.0,0.0,0,390.08,0.0,1,7.61,3.74,SPY210630P00289000,289.0,0,0.0,0.0,,0.0,normalDay
2021-02-11,1459.0,401.0,0.0,0,390.71,0.0,1,7.61,3.6,SPY210630P00289000,289.0,0,0.0,0.0,,0.0,normalDay
2021-02-12,1459.0,426.0,0.0,0,392.64,0.0,1,7.61,3.35,SPY210630P00289000,289.0,0,0.0,0.0,,0.0,normalDay
2021-02-16,1459.0,414.0,0.0,0,392.3,0.0,1,7.61,3.47,SPY210630P00289000,289.0,0,0.0,0.0,,0.0,normalDay
2021-02-17,1459.0,420.0,0.0,0,392.39,0.0,1,7.61,3.41,SPY210630P00289000,289.0,0,0.0,0.0,,0.0,normalDay
2021-02-18,1459.0,405.0,0.0,0,390.72,0.0,1,7.61,3.56,SPY210630P00289000,289.0,0,0.0,0.0,,0.0,normalDay
2021-02-19,1459.0,418.0,0.0,0,390.03,0.0,1,7.61,3.43,SPY210630P00289000,289.0,0,0.0,0.0,,0.0,normalDay
2021-02-22,1459.0,395.0,0.0,0,387.03,0.0,1,7.61,3.66,SPY210630P00289000,289.0,0,0.0,0.0,,0.0,normalDay
2021-02-23,1459.0,424.0,0.0,0,387.5,0.0,1,7.61,3.37,SPY210630P00289000,289.0,0,0.0,0.0,,0.0,normalDay
2021-02-24,1459.0,473.0,0.0,0,391.77,0.0,1,7.61,2.88,SPY210630P00289000,289.0,0,0.0,0.0,,0.0,normalDay
2021-02-25,1459.0,353.0,0.0,0,382.33,0.0,1,7.61,4.08,SPY210630P00289000,289.0,0,0.0,0.0,,0.0,normalDay
2021-02-26,1459.0,370.0,0.0,0,380.36,0.0,1,7.61,3.91,SPY210630P00289000,289.0,0,0.0,0.0,,0.0,normalDay
2021-03-01,1459.0,471.0,0.0,0,389.58,0.0,1,7.61,2.9,SPY210630P00289000,289.0,0,0.0,0.0,,0.0,normalDay
2021-03-02,1459.0,455.0,0.0,0,386.54,0.0,1,7.61,3.06,SPY210630P00289000,289.0,0,0.0,0.0,,0.0,normalDay
2021-03-03,1459.0,410.0,0.0,0,381.42,0.0,1,7.61,3.51,SPY210630P00289000,289.0,0,0.0,0.0,,0.0,normalDay
2021-03-04,1459.0,364.0,0.0,0,376.7,0.0,1,7.61,3.97,SPY210630P00289000,289.0,0,0.0,0.0,,0.0,normalDay
2021-03-05,1459.0,447.0,0.0,0,383.63,0.0,1,7.61,3.14,SPY210630P00289000,289.0,0,0.0,0.0,,0.0,normalDay
2021-03-08,1459.0,443.0,0.0,0,381.72,0.0,1,7.61,3.18,SPY210630P00289000,289.0,0,0.0,0.0,,0.0,normalDay
2021-03-09,1459.0,489.0,0.0,0,387.17,0.0,1,7.61,2.72,SPY210630P00289000,289.0,0,0.0,0.0,,0.0,normalDay
2021-03-10,1459.0,506.0,0.0,0,389.58,0.0,1,7.61,2.55,SPY210630P00289000,289.0,0,0.0,0.0,,0.0,normalDay
2021-03-11,1459.0,531.0,0.0,0,393.53,0.0,1,7.61,2.3,SPY210630P00289000,289.0,0,0.0,0.0,,0.0,normalDay
2021-03-12,1459.0,544.0,0.0,0,394.06,0.0,1,7.61,2.17,SPY210630P00289000,289.0,0,0.0,0.0,,0.0,normalDay
2021-03-15,1459.0,567.0,0.0,0,396.41,0.0,1,7.61,1.94,SPY210630P00289000,289.0,0,0.0,0.0,,0.0,normalDay
2021-03-16,1459.0,570.0,0.0,0,395.91,0.0,1,7.61,1.91,SPY210630P00289000,289.0,0,0.0,0.0,,0.0,normalDay
2021-03-17,1459.0,590.0,0.0,0,397.26,0.0,1,7.61,1.71,SPY210630P00289000,289.0,0,0.0,0.0,,0.0,normalDay
2021-03-18,1459.0,560.0,0.0,0,391.48,0.0,1,7.61,2.01,SPY210630P00289000,289.0,0,0.0,0.0,,0.0,normalDay
2021-03-19,1459.0,565.0,0.0,0,389.48,0.0,1,7.61,1.96,SPY210630P00289000,289.0,0,0.0,0.0,,0.0,normalDay
2021-03-22,1459.0,610.0,0.0,0,392.59,0.0,1,7.61,1.51,SPY210630P00289000,289.0,0,0.0,0.0,,0.0,normalDay
2021-03-23,1459.0,588.0,0.0,0,389.5,0.0,1,7.61,1.73,SPY210630P00289000,289.0,0,0.0,0.0,,0.0,normalDay
2021-03-24,1459.0,581.0,0.0,0,387.52,0.0,1,7.61,1.8,SPY210630P00289000,289.0,0,0.0,0.0,,0.0,normalDay
2021-03-25,1459.0,607.0,0.0,0,389.7,0.0,1,7.61,1.54,SPY210630P00289000,289.0,0,0.0,0.0,,0.0,normalDay
2021-03-26,1459.0,632.0,0.0,0,395.98,0.0,1,7.61,1.29,SPY210630P00289000,289.0,0,0.0,0.0,,0.0,normalDay
2021-03-29,1459.0,626.0,0.0,0,395.78,0.0,1,7.61,1.35,SPY210630P00289000,289.0,0,0.0,0.0,,0.0,normalDay
2021-03-30,1459.0,646.0,0.0,0,394.73,0.0,1,7.61,1.15,SPY210630P00289000,289.0,0,0.0,0.0,,0.0,normalDay
2021-03-31,1459.0,657.0,0.0,0,396.33,0.0,1,7.61,1.04,SPY210630P00289000,289.0,0,0.0,0.0,,0.0,normalDay
2021-04-01,1459.0,674.0,0.0,0,400.61,0.0,1,7.61,0.87,SPY210630P00289000,289.0,0,0.0,0.0,,0.0,normalDay
2021-04-05,1459.0,686.0,0.0,0,406.36,0.0,1,7.61,0.75,SPY210630P00289000,289.0,0,0.0,0.0,,0.0,normalDay
2021-04-06,1459.0,687.0,0.0,0,406.12,0.0,1,7.61,0.74,SPY210630P00289000,289.0,0,0.0,0.0,,0.0,normalDay
2021-04-07,1459.0,694.0,0.0,0,406.59,0.0,1,7.61,0.67,SPY210630P00289000,289.0,0,0.0,0.0,,0.0,normalDay
2021-04-08,1459.0,700.0,0.0,0,408.52,0.0,1,7.61,0.61,SPY210630P00289000,289.0,0,0.0,0.0,,0.0,normalDay
2021-04-09,1459.0,701.0,0.0,0,411.49,0.0,1,7.61,0.6,SPY210630P00289000,289.0,0,0.0,0.0,,0.0,normalDay
2021-04-12,1459.0,705.0,0.0,0,411.64,0.0,1,7.61,0.56,SPY210630P00289000,289.0,0,0.0,0.0,,0.0,normalDay
2021-04-13,1459.0,708.0,0.0,0,412.86,0.0,1,7.61,0.53,SPY210630P00289000,289.0,0,0.0,0.0,,0.0,normalDay
2021-04-14,1459.0,705.0,0.0,0,411.45,0.0,1,7.61,0.56,SPY210630P00289000,289.0,0,0.0,0.0,,0.0,normalDay
2021-04-15,1459.0,710.0,0.0,0,415.87,0.0,1,7.61,0.51,SPY210630P00289000,289.0,0,0.0,0.0,,0.0,normalDay
2021-04-16,1459.0,713.0,0.0,0,417.26,0.0,1,7.61,0.48,SPY210630P00289000,289.0,0,0.0,0.0,,0.0,normalDay
2021-04-19,1459.0,712.0,0.0,0,415.21,0.0,1,7.61,0.49,SPY210630P00289000,289.0,0,0.0,0.0,,0.0,normalDay
2021-04-20,1459.0,706.0,0.0,0,412.17,0.0,1,7.61,0.55,SPY210630P00289000,289.0,0,0.0,0.0,,0.0,normalDay
2021-04-21,1459.0,716.0,0.0,0,416.07,0.0,1,7.61,0.45,SPY210630P00289000,289.0,0,0.0,0.0,,0.0,normalDay
2021-04-22,1459.0,707.0,0.0,0,412.27,0.0,1,7.61,0.54,SPY210630P00289000,289.0,0,0.0,0.0,,0.0,normalDay
2021-04-23,1459.0,722.0,0.0,0,416.74,0.0,1,7.61,0.39,SPY210630P00289000,289.0,0,0.0,0.0,,0.0,normalDay
2021-04-26,1459.0,725.0,0.0,0,417.61,0.0,1,7.61,0.36,SPY210630P00289000,289.0,0,0.0,0.0,,0.0,normalDay
2021-04-27,1459.0,728.0,0.0,0,417.52,0.0,1,7.61,0.33,SPY210630P00289000,289.0,0,0.0,0.0,,0.0,normalDay
2021-04-28,1459.0,729.0,0.0,0,417.4,0.0,1,7.61,0.32,SPY210630P00289000,289.0,0,0.0,0.0,,0.0,normalDay
2021-04-29,1459.0,729.0,0.0,0,420.06,0.0,1,7.61,0.32,SPY210630P00289000,289.0,0,0.0,0.0,,0.0,normalDay
2021-04-30,1459.0,723.0,0.0,0,417.3,0.0,1,7.61,0.38,SPY210630P00289000,289.0,0,0.0,0.0,,0.0,normalDay
2021-05-03,1459.0,728.0,0.0,0,418.2,0.0,1,7.61,0.33,SPY210630P00289000,289.0,0,0.0,0.0,,0.0,normalDay
2021-05-04,1459.0,725.0,0.0,0,415.62,0.0,1,7.61,0.36,SPY210630P00289000,289.0,0,0.0,0.0,,0.0,normalDay
2021-05-05,1459.0,727.0,0.0,0,415.75,0.0,1,7.61,0.34,SPY210630P00289000,289.0,0,0.0,0.0,,0.0,normalDay
2021-05-06,1459.0,731.0,0.0,0,419.07,0.0,1,7.61,0.3,SPY210630P00289000,289.0,0,0.0,0.0,,0.0,normalDay
2021-05-07,1459.0,738.0,0.0,0,422.12,0.0,1,7.61,0.23,SPY210630P00289000,289.0,0,0.0,0.0,,0.0,normalDay
2021-05-10,1459.0,732.0,0.0,0,417.94,0.0,1,7.61,0.29,SPY210630P00289000,289.0,0,0.0,0.0,,0.0,normalDay
2021-05-11,1459.0,725.0,0.0,0,414.21,0.0,1,7.61,0.36,SPY210630P00289000,289.0,0,0.0,0.0,,0.0,normalDay
2021-05-12,1459.0,684.0,0.0,0,405.41,0.0,1,7.61,0.77,SPY210630P00289000,289.0,0,0.0,0.0,,0.0,normalDay
2021-05-13,1459.0,717.0,0.0,0,410.28,0.0,1,7.61,0.44,SPY210630P00289000,289.0,0,0.0,0.0,,0.0,normalDay
2021-05-14,1459.0,737.0,0.0,0,416.58,0.0,1,7.61,0.24,SPY210630P00289000,289.0,0,0.0,0.0,,0.0,normalDay
2021-05-17,1459.0,736.0,0.0,0,415.52,0.0,1,7.61,0.25,SPY210630P00289000,289.0,0,0.0,0.0,,0.0,normalDay
2021-05-18,1459.0,730.0,0.0,0,411.94,0.0,1,7.61,0.31,SPY210630P00289000,289.0,0,0.0,0.0,,0.0,normalDay
2021-05-19,1459.0,726.0,0.0,0,410.86,0.0,1,7.61,0.35,SPY210630P00289000,289.0,0,0.0,0.0,,0.0,normalDay
2021-05-20,1459.0,735.0,0.0,0,415.28,0.0,1,7.61,0.26,SPY210630P00289000,289.0,0,0.0,0.0,,0.0,normalDay
2021-05-21,1459.0,737.0,0.0,0,414.94,0.0,1,7.61,0.24,SPY210630P00289000,289.0,0,0.0,0.0,,0.0,normalDay
2021-05-24,1459.0,745.0,0.0,0,419.17,0.0,1,7.61,0.16,SPY210630P00289000,289.0,0,0.0,0.0,,0.0,normalDay
2021-05-25,1459.0,745.0,0.0,0,418.24,0.0,1,7.61,0.16,SPY210630P00289000,289.0,0,0.0,0.0,,0.0,normalDay
2021-05-26,1459.0,749.0,0.0,0,419.07,0.0,1,7.61,0.12,SPY210630P00289000,289.0,0,0.0,0.0,,0.0,normalDay
2021-05-27,1459.0,750.0,0.0,0,419.29,0.0,1,7.61,0.11,SPY210630P00289000,289.0,0,0.0,0.0,,0.0,normalDay
2021-05-28,1459.0,750.0,0.0,0,420.04,0.0,1,7.61,0.11,SPY210630P00289000,289.0,0,0.0,0.0,,0.0,normalDay
2021-06-01,1459.0,751.0,0.0,0,419.67,0.0,1,7.61,0.1,SPY210630P00289000,289.0,0,0.0,0.0,,0.0,normalDay
2021-06-02,1459.0,753.0,0.0,0,420.33,0.0,1,7.61,0.08,SPY210630P00289000,289.0,0,0.0,0.0,,0.0,normalDay
2021-06-03,1459.0,753.0,0.0,0,418.77,0.0,1,7.61,0.08,SPY210630P00289000,289.0,0,0.0,0.0,,0.0,normalDay
2021-06-04,1459.0,755.0,0.0,0,422.6,0.0,1,7.61,0.06,SPY210630P00289000,289.0,0,0.0,0.0,,0.0,normalDay
2021-06-07,1459.0,756.0,0.0,0,422.19,0.0,1,7.61,0.05,SPY210630P00289000,289.0,0,0.0,0.0,,0.0,normalDay
2021-06-08,1459.0,757.0,0.0,0,422.28,0.0,1,7.61,0.04,SPY210630P00289000,289.0,0,0.0,0.0,,0.0,normalDay
2021-06-09,1459.0,756.0,0.0,0,421.65,0.0,1,7.61,0.05,SPY210630P00289000,289.0,0,0.0,0.0,,0.0,normalDay
2021-06-10,1459.0,758.0,0.0,0,423.61,0.0,1,7.61,0.03,SPY210630P00289000,289.0,0,0.0,0.0,,0.0,normalDay
2021-06-11,1459.0,758.0,0.0,0,424.31,0.0,1,7.61,0.03,SPY210630P00289000,289.0,0,0.0,0.0,,0.0,normalDay
2021-06-14,1459.0,758.0,0.0,0,425.26,0.0,1,7.61,0.03,SPY210630P00289000,289.0,0,0.0,0.0,,0.0,normalDay
2021-06-15,1459.0,758.0,0.0,0,424.48,0.0,1,7.61,0.03,SPY210630P00289000,289.0,0,0.0,0.0,,0.0,normalDay
2021-06-16,1459.0,758.0,0.0,0,422.11,0.0,1,7.61,0.03,SPY210630P00289000,289.0,0,0.0,0.0,,0.0,normalDay
2021-06-17,1459.0,758.0,0.0,0,421.97,0.0,1,7.61,0.03,SPY210630P00289000,289.0,0,0.0,0.0,,0.0,normalDay
2021-06-18,1459.0,758.0,0.0,0,414.92,0.0,1,7.61,0.03,SPY210630P00289000,289.0,0,0.0,0.0,,0.0,normalDay
2021-06-21,1459.0,760.0,0.0,0,420.86,0.0,1,7.61,0.01,SPY210630P00289000,289.0,0,0.0,0.0,,0.0,normalDay
2021-06-22,1459.0,760.0,0.0,0,423.11,0.0,1,7.61,0.01,SPY210630P00289000,289.0,0,0.0,0.0,,0.0,normalDay
2021-06-23,1459.0,760.0,0.0,0,422.6,0.0,1,7.61,0.01,SPY210630P00289000,289.0,0,0.0,0.0,,0.0,normalDay
2021-06-24,1459.0,760.0,0.0,0,425.1,0.0,1,7.61,0.01,SPY210630P00289000,289.0,0,0.0,0.0,,0.0,normalDay
2021-06-25,1459.0,760.0,0.0,0,426.61,0.0,1,7.61,0.01,SPY210630P00289000,289.0,0,0.0,0.0,,0.0,normalDay
2021-06-28,1459.0,760.0,0.0,0,427.47,0.0,1,7.61,0.01,SPY210630P00289000,289.0,0,0.0,0.0,,0.0,normalDay
2021-06-29,1459.0,760.0,0.0,0,427.7,0.0,1,7.61,0.01,SPY210630P00289000,289.0,0,0.0,0.0,,0.0,normalDay
2021-06-30,2220.0,0.0,761.0,0,428.06,0.0,1,7.61,0.0,SPY210630P00289000,289.0,0,0.0,0.0,,0.0,expirationDay
2021-07-01,2220.0,-9.0,0.0,0,430.43,0.0,1,14.45,14.54,SPY220121P00408000,408.0,0,0.0,0.0,,0.0,normalDay
2021-07-02,2220.0,76.0,0.0,0,433.72,0.0,1,14.45,13.69,SPY220121P00408000,408.0,0,0.0,0.0,,0.0,normalDay
2021-07-06,2220.0,35.0,0.0,0,432.93,0.0,1,14.45,14.1,SPY220121P00408000,408.0,0,0.0,0.0,,0.0,normalDay
2021-07-07,2220.0,54.0,0.0,0,434.46,0.0,1,14.45,13.91,SPY220121P00408000,408.0,0,0.0,0.0,,0.0,normalDay
2021-07-08,2220.0,-87.0,0.0,0,430.92,0.0,1,14.45,15.32,SPY220121P00408000,408.0,0,0.0,0.0,,0.0,normalDay
2021-07-09,2220.0,100.0,0.0,0,435.52,0.0,1,14.45,13.45,SPY220121P00408000,408.0,0,0.0,0.0,,0.0,normalDay
2021-07-12,2220.0,127.0,0.0,0,437.08,0.0,1,14.45,13.18,SPY220121P00408000,408.0,0,0.0,0.0,,0.0,normalDay
2021-07-13,2220.0,51.0,0.0,0,435.59,0.0,1,14.45,13.94,SPY220121P00408000,408.0,0,0.0,0.0,,0.0,normalDay
2021-07-14,2220.0,78.0,0.0,0,436.24,0.0,1,14.45,13.67,SPY220121P00408000,408.0,0,0.0,0.0,,0.0,normalDay
2021-07-15,2220.0,24.0,0.0,0,434.75,0.0,1,14.45,14.21,SPY220121P00408000,408.0,0,0.0,0.0,,0.0,normalDay
2021-07-16,2220.0,-90.0,0.0,0,431.34,0.0,1,14.45,15.35,SPY220121P00408000,408.0,0,0.0,0.0,,0.0,normalDay
2021-07-19,2220.0,-343.0,0.0,0,424.97,0.0,1,14.45,17.88,SPY220121P00408000,408.0,0,0.0,0.0,,0.0,normalDay
2021-07-20,2220.0,-107.0,0.0,0,431.06,0.0,1,14.45,15.52,SPY220121P00408000,408.0,0,0.0,0.0,,0.0,normalDay
2021-07-21,2220.0,46.0,0.0,0,434.55,0.0,1,14.45,13.99,SPY220121P00408000,408.0,0,0.0,0.0,,0.0,normalDay
2021-07-22,2220.0,74.0,0.0,0,435.46,0.0,1,14.45,13.71,SPY220121P00408000,408.0,0,0.0,0.0,,0.0,normalDay
2021-07-23,2220.0,168.0,0.0,0,439.94,0.0,1,14.45,12.77,SPY220121P00408000,408.0,0,0.0,0.0,,0.0,normalDay
2021-07-26,2220.0,201.0,0.0,0,441.02,0.0,1,14.45,12.44,SPY220121P00408000,408.0,0,0.0,0.0,,0.0,normalDay
2021-07-27,2220.0,106.0,0.0,0,439.01,0.0,1,14.45,13.39,SPY220121P00408000,408.0,0,0.0,0.0,,0.0,normalDay
2021-07-28,2220.0,131.0,0.0,0,438.83,0.0,1,14.45,13.14,SPY220121P00408000,408.0,0,0.0,0.0,,0.0,normalDay
2021-07-29,2220.0,208.0,0.0,0,440.65,0.0,1,14.45,12.37,SPY220121P00408000,408.0,0,0.0,0.0,,0.0,normalDay
2021-07-30,2220.0,170.0,0.0,0,438.51,0.0,1,14.45,12.75,SPY220121P00408000,408.0,0,0.0,0.0,,0.0,normalDay
2021-08-02,2220.0,115.0,0.0,0,437.59,0.0,1,14.45,13.3,SPY220121P00408000,408.0,0,0.0,0.0,,0.0,normalDay
2021-08-03,2220.0,227.0,0.0,0,441.15,0.0,1,14.45,12.18,SPY220121P00408000,408.0,0,0.0,0.0,,0.0,normalDay
2021-08-04,2220.0,194.0,0.0,0,438.98,0.0,1,14.45,12.51,SPY220121P00408000,408.0,0,0.0,0.0,,0.0,normalDay
2021-08-05,2220.0,271.0,0.0,0,441.76,0.0,1,14.45,11.74,SPY220121P00408000,408.0,0,0.0,0.0,,0.0,normalDay
2021-08-06,2220.0,332.0,0.0,0,442.49,0.0,1,14.45,11.13,SPY220121P00408000,408.0,0,0.0,0.0,,0.0,normalDay
2021-08-09,2220.0,313.0,0.0,0,442.13,0.0,1,14.45,11.32,SPY220121P00408000,408.0,0,0.0,0.0,,0.0,normalDay
2021-08-10,2220.0,316.0,0.0,0,442.68,0.0,1,14.45,11.29,SPY220121P00408000,408.0,0,0.0,0.0,,0.0,normalDay
2021-08-11,2220.0,367.0,0.0,0,443.78,0.0,1,14.45,10.78,SPY220121P00408000,408.0,0,0.0,0.0,,0.0,normalDay
2021-08-12,2220.0,418.0,0.0,0,445.11,0.0,1,14.45,10.27,SPY220121P00408000,408.0,0,0.0,0.0,,0.0,normalDay
2021-08-13,2220.0,437.0,0.0,0,445.92,0.0,1,14.45,10.08,SPY220121P00408000,408.0,0,0.0,0.0,,0.0,normalDay
2021-08-16,2220.0,461.0,0.0,0,446.97,0.0,1,14.45,9.84,SPY220121P00408000,408.0,0,0.0,0.0,,0.0,normalDay
2021-08-17,2220.0,344.0,0.0,0,444.04,0.0,1,14.45,11.01,SPY220121P00408000,408.0,0,0.0,0.0,,0.0,normalDay
2021-08-18,2220.0,161.0,0.0,0,439.18,0.0,1,14.45,12.84,SPY220121P00408000,408.0,0,0.0,0.0,,0.0,normalDay
2021-08-19,2220.0,170.0,0.0,0,439.86,0.0,1,14.45,12.75,SPY220121P00408000,408.0,0,0.0,0.0,,0.0,normalDay
2021-08-20,2220.0,313.0,0.0,0,443.36,0.0,1,14.45,11.32,SPY220121P00408000,408.0,0,0.0,0.0,,0.0,normalDay
2021-08-23,2220.0,456.0,0.0,0,447.26,0.0,1,14.45,9.89,SPY220121P00408000,408.0,0,0.0,0.0,,0.0,normalDay
2021-08-24,2220.0,455.0,0.0,0,447.97,0.0,1,14.45,9.9,SPY220121P00408000,408.0,0,0.0,0.0,,0.0,normalDay
2021-08-25,2220.0,505.0,0.0,0,448.91,0.0,1,14.45,9.4,SPY220121P00408000,408.0,0,0.0,0.0,,0.0,normalDay
2021-08-26,2220.0,415.0,0.0,0,446.26,0.0,1,14.45,10.3,SPY220121P00408000,408.0,0,0.0,0.0,,0.0,normalDay
2021-08-27,2220.0,543.0,0.0,0,450.25,0.0,1,14.45,9.02,SPY220121P00408000,408.0,0,0.0,0.0,,0.0,normalDay
2021-08-30,2220.0,588.0,0.0,0,452.23,0.0,1,14.45,8.57,SPY220121P00408000,408.0,0,0.0,0.0,,0.0,normalDay
2021-08-31,2220.0,582.0,0.0,0,451.56,0.0,1,14.45,8.63,SPY220121P00408000,408.0,0,0.0,0.0,,0.0,normalDay
2021-09-01,2220.0,611.0,0.0,0,451.8,0.0,1,14.45,8.34,SPY220121P00408000,408.0,0,0.0,0.0,,0.0,normalDay
2021-09-02,2220.0,638.0,0.0,0,453.19,0.0,1,14.45,8.07,SPY220121P00408000,408.0,0,0.0,0.0,,0.0,normalDay
2021-09-03,2220.0,623.0,0.0,0,453.08,0.0,1,14.45,8.22,SPY220121P00408000,408.0,0,0.0,0.0,,0.0,normalDay
2021-09-07,2220.0,572.0,0.0,0,451.46,0.0,1,14.45,8.73,SPY220121P00408000,408.0,0,0.0,0.0,,0.0,normalDay
2021-09-08,2220.0,566.0,0.0,0,450.91,0.0,1,14.45,8.79,SPY220121P00408000,408.0,0,0.0,0.0,,0.0,normalDay
2021-09-09,2220.0,511.0,0.0,0,448.98,0.0,1,14.45,9.34,SPY220121P00408000,408.0,0,0.0,0.0,,0.0,normalDay
2021-09-10,2220.0,436.0,0.0,0,445.44,0.0,1,14.45,10.09,SPY220121P00408000,408.0,0,0.0,0.0,,0.0,normalDay
2021-09-13,2220.0,504.0,0.0,0,446.58,0.0,1,14.45,9.41,SPY220121P00408000,408.0,0,0.0,0.0,,0.0,normalDay
2021-09-14,2220.0,459.0,0.0,0,444.17,0.0,1,14.45,9.86,SPY220121P00408000,408.0,0,0.0,0.0,,0.0,normalDay
2021-09-15,2220.0,566.0,0.0,0,447.88,0.0,1,14.45,8.79,SPY220121P00408000,408.0,0,0.0,0.0,,0.0,normalDay
2021-09-16,2220.0,550.0,0.0,0,447.17,0.0,1,14.45,8.95,SPY220121P00408000,408.0,0,0.0,0.0,,0.0,normalDay
2021-09-17,2220.0,429.0,0.0,0,441.4,0.0,1,14.45,10.16,SPY220121P00408000,408.0,0,0.0,0.0,,0.0,normalDay
2021-09-20,2220.0,142.0,0.0,0,434.04,0.0,1,14.45,13.03,SPY220121P00408000,408.0,0,0.0,0.0,,0.0,normalDay
2021-09-21,2220.0,179.0,0.0,0,433.63,0.0,1,14.45,12.66,SPY220121P00408000,408.0,0,0.0,0.0,,0.0,normalDay
2021-09-22,2220.0,389.0,0.0,0,437.86,0.0,1,14.45,10.56,SPY220121P00408000,408.0,0,0.0,0.0,,0.0,normalDay
2021-09-23,2220.0,567.0,0.0,0,443.18,0.0,1,14.45,8.78,SPY220121P00408000,408.0,0,0.0,0.0,,0.0,normalDay
2021-09-24,2220.0,607.0,0.0,0,443.91,0.0,1,14.45,8.38,SPY220121P00408000,408.0,0,0.0,0.0,,0.0,normalDay
2021-09-27,2220.0,576.0,0.0,0,442.64,0.0,1,14.45,8.69,SPY220121P00408000,408.0,0,0.0,0.0,,0.0,normalDay
2021-09-28,2220.0,298.0,0.0,0,433.72,0.0,1,14.45,11.47,SPY220121P00408000,408.0,0,0.0,0.0,,0.0,normalDay
2021-09-29,2220.0,328.0,0.0,0,434.45,0.0,1,14.45,11.17,SPY220121P00408000,408.0,0,0.0,0.0,,0.0,normalDay
2021-09-30,2220.0,206.0,0.0,0,429.14,0.0,1,14.45,12.39,SPY220121P00408000,408.0,0,0.0,0.0,,0.0,normalDay
2021-10-01,2220.0,378.0,0.0,0,434.24,0.0,1,14.45,10.67,SPY220121P00408000,408.0,0,0.0,0.0,,0.0,normalDay
2021-10-04,2220.0,219.0,0.0,0,428.64,0.0,1,14.45,12.26,SPY220121P00408000,408.0,0,0.0,0.0,,0.0,normalDay
2021-10-05,2220.0,376.0,0.0,0,433.1,0.0,1,14.45,10.69,SPY220121P00408000,408.0,0,0.0,0.0,,0.0,normalDay
2021-10-06,2220.0,429.0,0.0,0,434.9,0.0,1,14.45,10.16,SPY220121P00408000,408.0,0,0.0,0.0,,0.0,normalDay
2021-10-07,2220.0,565.0,0.0,0,438.66,0.0,1,14.45,8.8,SPY220121P00408000,408.0,0,0.0,0.0,,0.0,normalDay
2021-10-08,2220.0,557.0,0.0,0,437.86,0.0,1,14.45,8.88,SPY220121P00408000,408.0,0,0.0,0.0,,0.0,normalDay
2021-10-11,2220.0,500.0,0.0,0,434.69,0.0,1,14.45,9.45,SPY220121P00408000,408.0,0,0.0,0.0,,0.0,normalDay
2021-10-12,2220.0,491.0,0.0,0,433.62,0.0,1,14.45,9.54,SPY220121P00408000,408.0,0,0.0,0.0,,0.0,normalDay
2021-10-13,2220.0,605.0,0.0,0,435.18,0.0,1,14.45,8.4,SPY220121P00408000,408.0,0,0.0,0.0,,0.0,normalDay
2021-10-14,2220.0,784.0,0.0,0,442.5,0.0,1,14.45,6.61,SPY220121P00408000,408.0,0,0.0,0.0,,0.0,normalDay
2021-10-15,2220.0,839.0,0.0,0,445.87,0.0,1,14.45,6.06,SPY220121P00408000,408.0,0,0.0,0.0,,0.0,normalDay
2021-10-18,2220.0,872.0,0.0,0,447.19,0.0,1,14.45,5.73,SPY220121P00408000,408.0,0,0.0,0.0,,0.0,normalDay
2021-10-19,2220.0,936.0,0.0,0,450.64,0.0,1,14.45,5.09,SPY220121P00408000,408.0,0,0.0,0.0,,0.0,normalDay
2021-10-20,2220.0,956.0,0.0,0,452.41,0.0,1,14.45,4.89,SPY220121P00408000,408.0,0,0.0,0.0,,0.0,normalDay
2021-10-21,2220.0,987.0,0.0,0,453.59,0.0,1,14.45,4.58,SPY220121P00408000,408.0,0,0.0,0.0,,0.0,normalDay
2021-10-22,2220.0,958.0,0.0,0,453.12,0.0,1,14.45,4.87,SPY220121P00408000,408.0,0,0.0,0.0,,0.0,normalDay
2021-10-25,2220.0,1015.0,0.0,0,455.55,0.0,1,14.45,4.3,SPY220121P00408000,408.0,0,0.0,0.0,,0.0,normalDay
2021-10-26,2220.0,1014.0,0.0,0,455.96,0.0,1,14.45,4.31,SPY220121P00408000,408.0,0,0.0,0.0,,0.0,normalDay
2021-10-27,2220.0,964.0,0.0,0,453.94,0.0,1,14.45,4.81,SPY220121P00408000,408.0,0,0.0,0.0,,0.0,normalDay
2021-10-28,2220.0,1027.0,0.0,0,458.32,0.0,1,14.45,4.18,SPY220121P00408000,408.0,0,0.0,0.0,,0.0,normalDay
2021-10-29,2220.0,1045.0,0.0,0,459.25,0.0,1,14.45,4.0,SPY220121P00408000,408.0,0,0.0,0.0,,0.0,normalDay
2021-11-01,2220.0,1066.0,0.0,0,460.04,0.0,1,14.45,3.79,SPY220121P00408000,408.0,0,0.0,0.0,,0.0,normalDay
2021-11-02,2220.0,1095.0,0.0,0,461.9,0.0,1,14.45,3.5,SPY220121P00408000,408.0,0,0.0,0.0,,0.0,normalDay
2021-11-03,2220.0,1144.0,0.0,0,464.72,0.0,1,14.45,3.01,SPY220121P00408000,408.0,0,0.0,0.0,,0.0,normalDay
2021-11-04,2220.0,1162.0,0.0,0,466.91,0.0,1,14.45,2.83,SPY220121P00408000,408.0,0,0.0,0.0,,0.0,normalDay
2021-11-05,2220.0,1156.0,0.0,0,468.53,0.0,1,14.45,2.89,SPY220121P00408000,408.0,0,0.0,0.0,,0.0,normalDay
2021-11-08,2220.0,1152.0,0.0,0,468.93,0.0,1,14.45,2.93,SPY220121P00408000,408.0,0,0.0,0.0,,0.0,normalDay
2021-11-09,2220.0,1140.0,0.0,0,467.38,0.0,1,14.45,3.05,SPY220121P00408000,408.0,0,0.0,0.0,,0.0,normalDay
2021-11-10,2220.0,1105.0,0.0,0,463.62,0.0,1,14.45,3.4,SPY220121P00408000,408.0,0,0.0,0.0,,0.0,normalDay
2021-11-11,2220.0,1143.0,0.0,0,463.77,0.0,1,14.45,3.02,SPY220121P00408000,408.0,0,0.0,0.0,,0.0,normalDay
2021-11-12,2220.0,1188.0,0.0,0,467.27,0.0,1,14.45,2.57,SPY220121P00408000,408.0,0,0.0,0.0,,0.0,normalDay
2021-11-15,2220.0,1199.0,0.0,0,467.43,0.0,1,14.45,2.46,SPY220121P00408000,408.0,0,0.0,0.0,,0.0,normalDay
2021-11-16,2220.0,1216.0,0.0,0,469.28,0.0,1,14.45,2.29,SPY220121P00408000,408.0,0,0.0,0.0,,0.0,normalDay
2021-11-17,2220.0,1196.0,0.0,0,468.14,0.0,1,14.45,2.49,SPY220121P00408000,408.0,0,0.0,0.0,,0.0,normalDay
2021-11-18,2220.0,1202.0,0.0,0,469.73,0.0,1,14.45,2.43,SPY220121P00408000,408.0,0,0.0,0.0,,0.0,normalDay
2021-11-19,2220.0,1197.0,0.0,0,468.89,0.0,1,14.45,2.48,SPY220121P00408000,408.0,0,0.0,0.0,,0.0,normalDay
2021-11-22,2220.0,1182.0,0.0,0,467.57,0.0,1,14.45,2.63,SPY220121P00408000,408.0,0,0.0,0.0,,0.0,normalDay
2021-11-23,2220.0,1200.0,0.0,0,468.19,0.0,1,14.45,2.45,SPY220121P00408000,408.0,0,0.0,0.0,,0.0,normalDay
2021-11-24,2220.0,1231.0,0.0,0,469.44,0.0,1,14.45,2.14,SPY220121P00408000,408.0,0,0.0,0.0,,0.0,normalDay
2021-11-26,2220.0,834.0,0.0,0,458.97,0.0,1,14.45,6.11,SPY220121P00408000,408.0,0,0.0,0.0,,0.0,normalDay
2021-11-29,2220.0,1149.0,0.0,0,464.6,0.0,1,14.45,2.96,SPY220121P00408000,408.0,0,0.0,0.0,,0.0,normalDay
2021-11-30,2220.0,1005.0,0.0,0,455.56,0.0,1,14.45,4.4,SPY220121P00408000,408.0,0,0.0,0.0,,0.0,normalDay
2021-12-01,2220.0,815.0,0.0,0,450.5,0.0,1,14.45,6.3,SPY220121P00408000,408.0,0,0.0,0.0,,0.0,normalDay
2021-12-02,2220.0,991.0,0.0,0,457.4,0.0,1,14.45,4.54,SPY220121P00408000,408.0,0,0.0,0.0,,0.0,normalDay
2021-12-03,2220.0,882.0,0.0,0,453.42,0.0,1,14.45,5.63,SPY220121P00408000,408.0,0,0.0,0.0,,0.0,normalDay
2021-12-06,2220.0,1053.0,0.0,0,458.79,0.0,1,14.45,3.92,SPY220121P00408000,408.0,0,0.0,0.0,,0.0,normalDay
2021-12-07,2220.0,1230.0,0.0,0,468.28,0.0,1,14.45,2.15,SPY220121P00408000,408.0,0,0.0,0.0,,0.0,normalDay
2021-12-08,2220.0,1283.0,0.0,0,469.52,0.0,1,14.45,1.62,SPY220121P00408000,408.0,0,0.0,0.0,,0.0,normalDay
2021-12-09,2220.0,1250.0,0.0,0,466.35,0.0,1,14.45,1.95,SPY220121P00408000,408.0,0,0.0,0.0,,0.0,normalDay
2021-12-10,2220.0,1304.0,0.0,0,470.74,0.0,1,14.45,1.41,SPY220121P00408000,408.0,0,0.0,0.0,,0.0,normalDay
2021-12-13,2220.0,1288.0,0.0,0,466.57,0.0,1,14.45,1.57,SPY220121P00408000,408.0,0,0.0,0.0,,0.0,normalDay
2021-12-14,2220.0,1260.0,0.0,0,463.36,0.0,1,14.45,1.85,SPY220121P00408000,408.0,0,0.0,0.0,,0.0,normalDay
2021-12-15,2220.0,1333.0,0.0,0,470.6,0.0,1,14.45,1.12,SPY220121P00408000,408.0,0,0.0,0.0,,0.0,normalDay
2021-12-16,2220.0,1308.0,0.0,0,466.45,0.0,1,14.45,1.37,SPY220121P00408000,408.0,0,0.0,0.0,,0.0,normalDay
2021-12-17,2220.0,1277.0,0.0,0,459.87,0.0,1,14.45,1.68,SPY220121P00408000,408.0,0,0.0,0.0,,0.0,normalDay
2021-12-20,2220.0,1254.0,0.0,0,454.98,0.0,1,14.45,1.91,SPY220121P00408000,408.0,0,0.0,0.0,,0.0,normalDay
2021-12-21,2220.0,1321.0,0.0,0,463.06,0.0,1,14.45,1.24,SPY220121P00408000,408.0,0,0.0,0.0,,0.0,normalDay
2021-12-22,2220.0,1367.0,0.0,0,467.69,0.0,1,14.45,0.78,SPY220121P00408000,408.0,0,0.0,0.0,,0.0,normalDay
2021-12-23,2220.0,1382.0,0.0,0,470.6,0.0,1,14.45,0.63,SPY220121P00408000,408.0,0,0.0,0.0,,0.0,normalDay
2021-12-27,2220.0,1405.0,0.0,0,477.26,0.0,1,14.45,0.4,SPY220121P00408000,408.0,0,0.0,0.0,,0.0,normalDay
2021-12-28,2220.0,1405.0,0.0,0,476.87,0.0,1,14.45,0.4,SPY220121P00408000,408.0,0,0.0,0.0,,0.0,normalDay
2021-12-29,2220.0,1412.0,0.0,0,477.48,0.0,1,14.45,0.33,SPY220121P00408000,408.0,0,0.0,0.0,,0.0,normalDay
2021-12-30,2220.0,1410.0,0.0,0,476.16,0.0,1,14.45,0.35,SPY220121P00408000,408.0,0,0.0,0.0,,0.0,normalDay
2021-12-31,2220.0,1413.0,0.0,0,474.96,0.0,1,14.45,0.32,SPY220121P00408000,408.0,0,0.0,0.0,,0.0,normalDay
2022-01-03,2220.0,1426.0,0.0,0,477.71,0.0,1,14.45,0.19,SPY220121P00408000,408.0,0,0.0,0.0,,0.0,normalDay
2022-01-04,2220.0,1427.0,0.0,0,477.55,0.0,1,14.45,0.18,SPY220121P00408000,408.0,0,0.0,0.0,,0.0,normalDay
2022-01-05,2220.0,1409.0,0.0,0,468.38,0.0,1,14.45,0.36,SPY220121P00408000,408.0,0,0.0,0.0,,0.0,normalDay
2022-01-06,2220.0,1420.0,0.0,0,467.94,0.0,1,14.45,0.25,SPY220121P00408000,408.0,0,0.0,0.0,,0.0,normalDay
2022-01-07,2220.0,1429.0,0.0,0,466.09,0.0,1,14.45,0.16,SPY220121P00408000,408.0,0,0.0,0.0,,0.0,normalDay
2022-01-10,2220.0,1428.0,0.0,0,465.51,0.0,1,14.45,0.17,SPY220121P00408000,408.0,0,0.0,0.0,,0.0,normalDay
2022-01-11,2220.0,1434.0,0.0,0,469.75,0.0,1,14.45,0.11,SPY220121P00408000,408.0,0,0.0,0.0,,0.0,normalDay
2022-01-12,2220.0,1440.0,0.0,0,471.02,0.0,1,14.45,0.05,SPY220121P00408000,408.0,0,0.0,0.0,,0.0,normalDay
2022-01-13,2220.0,1435.0,0.0,0,464.53,0.0,1,14.45,0.1,SPY220121P00408000,408.0,0,0.0,0.0,,0.0,normalDay
2022-01-14,2220.0,1439.0,0.0,0,464.72,0.0,1,14.45,0.06,SPY220121P00408000,408.0,0,0.0,0.0,,0.0,normalDay
2022-01-18,2220.0,1439.0,0.0,0,456.49,0.0,1,14.45,0.06,SPY220121P00408000,408.0,0,0.0,0.0,,0.0,normalDay
2022-01-19,2220.0,1440.0,0.0,0,451.75,0.0,1,14.45,0.05,SPY220121P00408000,408.0,0,0.0,0.0,,0.0,normalDay
2022-01-20,2220.0,1441.0,0.0,0,446.75,0.0,1,14.45,0.04,SPY220121P00408000,408.0,0,0.0,0.0,,0.0,normalDay
2022-01-21,3665.0,0.0,1445.0,0,437.98,0.0,1,14.45,0.0,SPY220121P00408000,408.0,0,0.0,0.0,,0.0,expirationDay
2022-01-24,3665.0,-326.0,0.0,0,439.84,0.0,1,15.87,19.13,SPY220715P00405000,405.0,0,0.0,0.0,,0.0,normalDay
2022-01-25,3665.0,-387.0,0.0,0,434.47,0.0,1,15.87,19.74,SPY220715P00405000,405.0,0,0.0,0.0,,0.0,normalDay
2022-01-26,3665.0,-449.0,0.0,0,433.38,0.0,1,15.87,20.36,SPY220715P00405000,405.0,0,0.0,0.0,,0.0,normalDay
2022-01-27,3665.0,-331.0,0.0,0,431.24,0.0,1,15.87,19.18,SPY220715P00405000,405.0,0,0.0,0.0,,0.0,normalDay
2022-01-28,3665.0,7.0,0.0,0,441.95,0.0,1,15.87,15.8,SPY220715P00405000,405.0,0,0.0,0.0,,0.0,normalDay
2022-01-31,3665.0,256.0,0.0,0,449.91,0.0,1,15.87,13.31,SPY220715P00405000,405.0,0,0.0,0.0,,0.0,normalDay
2022-02-01,3665.0,432.0,0.0,0,452.95,0.0,1,15.87,11.55,SPY220715P00405000,405.0,0,0.0,0.0,,0.0,normalDay
2022-02-02,3665.0,444.0,0.0,0,457.35,0.0,1,15.87,11.43,SPY220715P00405000,405.0,0,0.0,0.0,,0.0,normalDay
2022-02-03,3665.0,262.0,0.0,0,446.6,0.0,1,15.87,13.25,SPY220715P00405000,405.0,0,0.0,0.0,,0.0,normalDay
2022-02-04,3665.0,252.0,0.0,0,448.7,0.0,1,15.87,13.35,SPY220715P00405000,405.0,0,0.0,0.0,,0.0,normalDay
2022-02-07,3665.0,297.0,0.0,0,447.26,0.0,1,15.87,12.9,SPY220715P00405000,405.0,0,0.0,0.0,,0.0,normalDay
2022-02-08,3665.0,435.0,0.0,0,450.94,0.0,1,15.87,11.52,SPY220715P00405000,405.0,0,0.0,0.0,,0.0,normalDay
2022-02-09,3665.0,582.0,0.0,0,457.54,0.0,1,15.87,10.05,SPY220715P00405000,405.0,0,0.0,0.0,,0.0,normalDay
2022-02-10,3665.0,334.0,0.0,0,449.32,0.0,1,15.87,12.53,SPY220715P00405000,405.0,0,0.0,0.0,,0.0,normalDay
2022-02-11,3665.0,38.0,0.0,0,440.46,0.0,1,15.87,15.49,SPY220715P00405000,405.0,0,0.0,0.0,,0.0,normalDay
2022-02-14,3665.0,30.0,0.0,0,439.02,0.0,1,15.87,15.57,SPY220715P00405000,405.0,0,0.0,0.0,,0.0,normalDay
2022-02-15,3665.0,237.0,0.0,0,446.1,0.0,1,15.87,13.5,SPY220715P00405000,405.0,0,0.0,0.0,,0.0,normalDay
2022-02-16,3665.0,344.0,0.0,0,446.6,0.0,1,15.87,12.43,SPY220715P00405000,405.0,0,0.0,0.0,,0.0,normalDay
2022-02-17,3665.0,28.0,0.0,0,437.06,0.0,1,15.87,15.59,SPY220715P00405000,405.0,0,0.0,0.0,,0.0,normalDay
2022-02-18,3665.0,-31.0,0.0,0,434.23,0.0,1,15.87,16.18,SPY220715P00405000,405.0,0,0.0,0.0,,0.0,normalDay
2022-02-22,3665.0,-87.0,0.0,0,429.57,0.0,1,15.87,16.74,SPY220715P00405000,405.0,0,0.0,0.0,,0.0,normalDay
2022-02-23,3665.0,-400.0,0.0,0,421.95,0.0,1,15.87,19.87,SPY220715P00405000,405.0,0,0.0,0.0,,0.0,normalDay
2022-02-24,3665.0,-186.0,0.0,0,428.3,0.0,1,15.87,17.73,SPY220715P00405000,405.0,0,0.0,0.0,,0.0,normalDay
2022-02-25,3665.0,140.0,0.0,0,437.75,0.0,1,15.87,14.47,SPY220715P00405000,405.0,0,0.0,0.0,,0.0,normalDay
2022-02-28,3665.0,73.0,0.0,0,436.63,0.0,1,15.87,15.14,SPY220715P00405000,405.0,0,0.0,0.0,,0.0,normalDay
2022-03-01,3665.0,-243.0,0.0,0,429.98,0.0,1,15.87,18.3,SPY220715P00405000,405.0,0,0.0,0.0,,0.0,normalDay
2022-03-02,3665.0,3.0,0.0,0,437.89,0.0,1,15.87,15.84,SPY220715P00405000,405.0,0,0.0,0.0,,0.0,normalDay
2022-03-03,3665.0,-23.0,0.0,0,435.71,0.0,1,15.87,16.1,SPY220715P00405000,405.0,0,0.0,0.0,,0.0,normalDay
2022-03-04,3665.0,-192.0,0.0,0,432.17,0.0,1,15.87,17.79,SPY220715P00405000,405.0,0,0.0,0.0,,0.0,normalDay
2022-03-07,3665.0,-734.0,0.0,0,419.43,0.0,1,15.87,23.21,SPY220715P00405000,405.0,0,0.0,0.0,,0.0,normalDay
2022-03-08,3665.0,-796.0,0.0,0,416.25,0.0,1,15.87,23.83,SPY220715P00405000,405.0,0,0.0,0.0,,0.0,normalDay
2022-03-09,3665.0,-275.0,0.0,0,427.41,0.0,1,15.87,18.62,SPY220715P00405000,405.0,0,0.0,0.0,,0.0,normalDay
2022-03-10,3665.0,-276.0,0.0,0,425.48,0.0,1,15.87,18.63,SPY220715P00405000,405.0,0,0.0,0.0,,0.0,normalDay
2022-03-11,3665.0,-465.0,0.0,0,420.07,0.0,1,15.87,20.52,SPY220715P00405000,405.0,0,0.0,0.0,,0.0,normalDay
2022-03-14,3665.0,-569.0,0.0,0,417.0,0.0,1,15.87,21.56,SPY220715P00405000,405.0,0,0.0,0.0,,0.0,normalDay
2022-03-15,3665.0,-233.0,0.0,0,426.17,0.0,1,15.87,18.2,SPY220715P00405000,405.0,0,0.0,0.0,,0.0,normalDay
2022-03-16,3665.0,169.0,0.0,0,435.62,0.0,1,15.87,14.18,SPY220715P00405000,405.0,0,0.0,0.0,,0.0,normalDay
2022-03-17,3665.0,351.0,0.0,0,441.07,0.0,1,15.87,12.36,SPY220715P00405000,405.0,0,0.0,0.0,,0.0,normalDay
2022-03-18,3665.0,546.0,0.0,0,444.52,0.0,1,15.87,10.41,SPY220715P00405000,405.0,0,0.0,0.0,,0.0,normalDay
2022-03-21,3665.0,565.0,0.0,0,444.39,0.0,1,15.87,10.22,SPY220715P00405000,405.0,0,0.0,0.0,,0.0,normalDay
2022-03-22,3665.0,691.0,0.0,0,449.59,0.0,1,15.87,8.96,SPY220715P00405000,405.0,0,0.0,0.0,,0.0,normalDay
2022-03-23,3665.0,579.0,0.0,0,443.8,0.0,1,15.87,10.08,SPY220715P00405000,405.0,0,0.0,0.0,,0.0,normalDay
2022-03-24,3665.0,736.0,0.0,0,450.49,0.0,1,15.87,8.51,SPY220715P00405000,405.0,0,0.0,0.0,,0.0,normalDay
2022-03-25,3665.0,789.0,0.0,0,452.69,0.0,1,15.87,7.98,SPY220715P00405000,405.0,0,0.0,0.0,,0.0,normalDay
2022-03-28,3665.0,871.0,0.0,0,455.91,0.0,1,15.87,7.16,SPY220715P00405000,405.0,0,0.0,0.0,,0.0,normalDay
2022-03-29,3665.0,972.0,0.0,0,461.55,0.0,1,15.87,6.15,SPY220715P00405000,405.0,0,0.0,0.0,,0.0,normalDay
2022-03-30,3665.0,939.0,0.0,0,458.7,0.0,1,15.87,6.48,SPY220715P00405000,405.0,0,0.0,0.0,,0.0,normalDay
2022-03-31,3665.0,816.0,0.0,0,451.64,0.0,1,15.87,7.71,SPY220715P00405000,405.0,0,0.0,0.0,,0.0,normalDay
2022-04-01,3665.0,863.0,0.0,0,452.92,0.0,1,15.87,7.24,SPY220715P00405000,405.0,0,0.0,0.0,,0.0,normalDay
2022-04-04,3665.0,990.0,0.0,0,456.8,0.0,1,15.87,5.97,SPY220715P00405000,405.0,0,0.0,0.0,,0.0,normalDay
2022-04-05,3665.0,847.0,0.0,0,451.03,0.0,1,15.87,7.4,SPY220715P00405000,405.0,0,0.0,0.0,,0.0,normalDay
2022-04-06,3665.0,753.0,0.0,0,446.52,0.0,1,15.87,8.34,SPY220715P00405000,405.0,0,0.0,0.0,,0.0,normalDay
2022-04-07,3665.0,807.0,0.0,0,448.77,0.0,1,15.87,7.8,SPY220715P00405000,405.0,0,0.0,0.0,,0.0,normalDay
2022-04-08,3665.0,816.0,0.0,0,447.57,0.0,1,15.87,7.71,SPY220715P00405000,405.0,0,0.0,0.0,,0.0,normalDay
2022-04-11,3665.0,629.0,0.0,0,439.92,0.0,1,15.87,9.58,SPY220715P00405000,405.0,0,0.0,0.0,,0.0,normalDay
2022-04-12,3665.0,611.0,0.0,0,438.29,0.0,1,15.87,9.76,SPY220715P00405000,405.0,0,0.0,0.0,,0.0,normalDay
2022-04-13,3665.0,790.0,0.0,0,443.31,0.0,1,15.87,7.97,SPY220715P00405000,405.0,0,0.0,0.0,,0.0,normalDay
2022-04-14,3665.0,677.0,0.0,0,437.79,0.0,1,15.87,9.1,SPY220715P00405000,405.0,0,0.0,0.0,,0.0,normalDay
2022-04-18,3665.0,757.0,0.0,0,437.97,0.0,1,15.87,8.3,SPY220715P00405000,405.0,0,0.0,0.0,,0.0,normalDay
2022-04-19,3665.0,857.0,0.0,0,445.04,0.0,1,15.87,7.3,SPY220715P00405000,405.0,0,0.0,0.0,,0.0,normalDay
2022-04-20,3665.0,934.0,0.0,0,444.71,0.0,1,15.87,6.53,SPY220715P00405000,405.0,0,0.0,0.0,,0.0,normalDay
2022-04-21,3665.0,731.0,0.0,0,438.06,0.0,1,15.87,8.56,SPY220715P00405000,405.0,0,0.0,0.0,,0.0,normalDay
2022-04-22,3665.0,291.0,0.0,0,426.04,0.0,1,15.87,12.96,SPY220715P00405000,405.0,0,0.0,0.0,,0.0,normalDay
2022-04-25,3665.0,451.0,0.0,0,428.51,0.0,1,15.87,11.36,SPY220715P00405000,405.0,0,0.0,0.0,,0.0,normalDay
2022-04-26,3665.0,-111.0,0.0,0,416.1,0.0,1,15.87,16.98,SPY220715P00405000,405.0,0,0.0,0.0,,0.0,normalDay
2022-04-27,3665.0,71.0,0.0,0,417.27,0.0,1,15.87,15.16,SPY220715P00405000,405.0,0,0.0,0.0,,0.0,normalDay
2022-04-28,3665.0,347.0,0.0,0,427.81,0.0,1,15.87,12.4,SPY220715P00405000,405.0,0,0.0,0.0,,0.0,normalDay
2022-04-29,3665.0,-120.0,0.0,0,412.0,0.0,1,15.87,17.07,SPY220715P00405000,405.0,0,0.0,0.0,,0.0,normalDay
2022-05-02,3665.0,12.0,0.0,0,414.48,0.0,1,15.87,15.75,SPY220715P00405000,405.0,0,0.0,0.0,,0.0,normalDay
2022-05-03,3665.0,184.0,0.0,0,416.38,0.0,1,15.87,14.03,SPY220715P00405000,405.0,0,0.0,0.0,,0.0,normalDay
2022-05-04,3665.0,608.0,0.0,0,429.06,0.0,1,15.87,9.79,SPY220715P00405000,405.0,0,0.0,0.0,,0.0,normalDay
2022-05-05,3665.0,-12.0,0.0,0,413.81,0.0,1,15.87,15.99,SPY220715P00405000,405.0,0,0.0,0.0,,0.0,normalDay
2022-05-06,3665.0,-95.0,0.0,0,411.34,0.0,1,15.87,16.82,SPY220715P00405000,405.0,0,0.0,0.0,,0.0,normalDay
2022-05-09,3665.0,-667.0,0.0,0,398.17,0.0,1,15.87,22.54,SPY220715P00405000,405.0,0,0.0,0.0,,0.0,normalDay
2022-05-10,3665.0,-598.0,0.0,0,399.09,0.0,1,15.87,21.85,SPY220715P00405000,405.0,0,0.0,0.0,,0.0,normalDay
2022-05-11,3665.0,-917.0,0.0,0,392.75,0.0,1,15.87,25.04,SPY220715P00405000,405.0,0,0.0,0.0,,0.0,normalDay
2022-05-12,3665.0,-927.0,0.0,0,392.34,0.0,1,15.87,25.14,SPY220715P00405000,405.0,0,0.0,0.0,,0.0,normalDay
2022-05-13,3665.0,-344.0,0.0,0,401.72,0.0,1,15.87,19.31,SPY220715P00405000,405.0,0,0.0,0.0,,0.0,normalDay
2022-05-16,3665.0,-340.0,0.0,0,400.09,0.0,1,15.87,19.27,SPY220715P00405000,405.0,0,0.0,0.0,,0.0,normalDay
2022-05-17,3665.0,117.0,0.0,0,408.32,0.0,1,15.87,14.7,SPY220715P00405000,405.0,0,0.0,0.0,,0.0,normalDay
2022-05-18,3665.0,-891.0,0.0,0,391.86,0.0,1,15.87,24.78,SPY220715P00405000,405.0,0,0.0,0.0,,0.0,normalDay
2022-05-19,3665.0,-920.0,0.0,0,389.46,0.0,1,15.87,25.07,SPY220715P00405000,405.0,0,0.0,0.0,,0.0,normalDay
2022-05-20,3665.0,-891.0,0.0,0,389.63,0.0,1,15.87,24.78,SPY220715P00405000,405.0,0,0.0,0.0,,0.0,normalDay
2022-05-23,3665.0,-394.0,0.0,0,396.92,0.0,1,15.87,19.81,SPY220715P00405000,405.0,0,0.0,0.0,,0.0,normalDay
2022-05-24,3665.0,-574.0,0.0,0,393.89,0.0,1,15.87,21.61,SPY220715P00405000,405.0,0,0.0,0.0,,0.0,normalDay
2022-05-25,3665.0,-375.0,0.0,0,397.37,0.0,1,15.87,19.62,SPY220715P00405000,405.0,0,0.0,0.0,,0.0,normalDay
2022-05-26,3665.0,56.0,0.0,0,405.31,0.0,1,15.87,15.31,SPY220715P00405000,405.0,0,0.0,0.0,,0.0,normalDay
2022-05-27,3665.0,533.0,0.0,0,415.26,0.0,1,15.87,10.54,SPY220715P00405000,405.0,0,0.0,0.0,,0.0,normalDay
2022-05-31,3665.0,474.0,0.0,0,412.93,0.0,1,15.87,11.13,SPY220715P00405000,405.0,0,0.0,0.0,,0.0,normalDay
2022-06-01,3665.0,395.0,0.0,0,409.59,0.0,1,15.87,11.92,SPY220715P00405000,405.0,0,0.0,0.0,,0.0,normalDay
2022-06-02,3665.0,724.0,0.0,0,417.39,0.0,1,15.87,8.63,SPY220715P00405000,405.0,0,0.0,0.0,,0.0,normalDay
2022-06-03,3665.0,494.0,0.0,0,410.54,0.0,1,15.87,10.93,SPY220715P00405000,405.0,0,0.0,0.0,,0.0,normalDay
2022-06-06,3665.0,576.0,0.0,0,411.79,0.0,1,15.87,10.11,SPY220715P00405000,405.0,0,0.0,0.0,,0.0,normalDay
2022-06-07,3665.0,747.0,0.0,0,415.74,0.0,1,15.87,8.4,SPY220715P00405000,405.0,0,0.0,0.0,,0.0,normalDay
2022-06-08,3665.0,623.0,0.0,0,411.22,0.0,1,15.87,9.64,SPY220715P00405000,405.0,0,0.0,0.0,,0.0,normalDay
2022-06-09,3665.0,158.0,0.0,0,401.44,0.0,1,15.87,14.29,SPY220715P00405000,405.0,0,0.0,0.0,,0.0,normalDay
2022-06-10,3665.0,-544.0,0.0,0,389.8,0.0,1,15.87,21.31,SPY220715P00405000,405.0,0,0.0,0.0,,0.0,normalDay
2022-06-13,3665.0,-1769.0,0.0,0,375.0,0.0,1,15.87,33.56,SPY220715P00405000,405.0,0,0.0,0.0,,0.0,normalDay
2022-06-14,3665.0,-1911.0,0.0,0,373.87,0.0,1,15.87,34.98,SPY220715P00405000,405.0,0,0.0,0.0,,0.0,normalDay
2022-06-15,3665.0,-1355.0,0.0,0,379.2,0.0,1,15.87,29.42,SPY220715P00405000,405.0,0,0.0,0.0,,0.0,normalDay
2022-06-16,3665.0,-2434.0,0.0,0,366.65,0.0,1,15.87,40.21,SPY220715P00405000,405.0,0,0.0,0.0,,0.0,normalDay
2022-06-17,3665.0,-2333.0,0.0,0,365.86,0.0,1,15.87,39.2,SPY220715P00405000,405.0,0,0.0,0.0,,0.0,normalDay
2022-06-21,3665.0,-1523.0,0.0,0,375.07,0.0,1,15.87,31.1,SPY220715P00405000,405.0,0,0.0,0.0,,0.0,normalDay
2022-06-22,3665.0,-1538.0,0.0,0,374.39,0.0,1,15.87,31.25,SPY220715P00405000,405.0,0,0.0,0.0,,0.0,normalDay
2022-06-23,3665.0,-1309.0,0.0,0,378.06,0.0,1,15.87,28.96,SPY220715P00405000,405.0,0,0.0,0.0,,0.0,normalDay
2022-06-24,3665.0,-287.0,0.0,0,390.08,0.0,1,15.87,18.74,SPY220715P00405000,405.0,0,0.0,0.0,,0.0,normalDay
2022-06-27,3665.0,-248.0,0.0,0,388.59,0.0,1,15.87,18.35,SPY220715P00405000,405.0,0,0.0,0.0,,0.0,normalDay
2022-06-28,3665.0,-957.0,0.0,0,380.65,0.0,1,15.87,25.44,SPY220715P00405000,405.0,0,0.0,0.0,,0.0,normalDay
2022-06-29,3665.0,-937.0,0.0,0,380.34,0.0,1,15.87,25.24,SPY220715P00405000,405.0,0,0.0,0.0,,0.0,normalDay
2022-06-30,3665.0,-1329.0,0.0,0,377.25,0.0,1,15.87,29.16,SPY220715P00405000,405.0,0,0.0,0.0,,0.0,normalDay
2022-07-01,3665.0,-875.0,0.0,0,381.24,0.0,1,15.87,24.62,SPY220715P00405000,405.0,0,0.0,0.0,,0.0,normalDay
2022-07-05,3665.0,-823.0,0.0,0,381.96,0.0,1,15.87,24.1,SPY220715P00405000,405.0,0,0.0,0.0,,0.0,normalDay
2022-07-06,3665.0,-606.0,0.0,0,383.25,0.0,1,15.87,21.93,SPY220715P00405000,405.0,0,0.0,0.0,,0.0,normalDay
2022-07-07,3665.0,-114.0,0.0,0,388.99,0.0,1,15.87,17.01,SPY220715P00405000,405.0,0,0.0,0.0,,0.0,normalDay
2022-07-08,3665.0,-61.0,0.0,0,388.67,0.0,1,15.87,16.48,SPY220715P00405000,405.0,0,0.0,0.0,,0.0,normalDay
2022-07-11,3665.0,-461.0,0.0,0,384.23,0.0,1,15.87,20.48,SPY220715P00405000,405.0,0,0.0,0.0,,0.0,normalDay
2022-07-12,3665.0,-880.0,0.0,0,380.83,0.0,1,15.87,24.67,SPY220715P00405000,405.0,0,0.0,0.0,,0.0,normalDay
2022-07-13,3665.0,-1065.0,0.0,0,378.83,0.0,1,15.87,26.52,SPY220715P00405000,405.0,0,0.0,0.0,,0.0,normalDay
2022-07-14,3665.0,-1116.0,0.0,0,377.91,0.0,1,15.87,27.03,SPY220715P00405000,405.0,0,0.0,0.0,,0.0,normalDay
2022-07-15,5252.0,-1987.0,1587.0,100,385.13,405.0,1,15.87,0.0,SPY220715P00405000,405.0,0,0.0,0.0,,0.0,expirationDay
2022-07-18,5252.0,-2309.0,0.0,100,381.95,405.0,0,0.0,0.0,,0.0,1,4.88,4.92,SPY220729C00386000,386.0,normalDay
2022-07-19,5252.0,-1890.0,0.0,100,392.27,405.0,0,0.0,0.0,,0.0,1,4.88,11.05,SPY220729C00386000,386.0,normalDay
2022-07-20,5252.0,-1754.0,0.0,100,394.77,405.0,0,0.0,0.0,,0.0,1,4.88,12.19,SPY220729C00386000,386.0,normalDay
2022-07-21,5252.0,-1580.0,0.0,100,398.79,405.0,0,0.0,0.0,,0.0,1,4.88,14.47,SPY220729C00386000,386.0,normalDay
2022-07-22,5252.0,-1590.0,0.0,100,395.09,405.0,0,0.0,0.0,,0.0,1,4.88,10.87,SPY220729C00386000,386.0,normalDay
2022-07-25,5252.0,-1610.0,0.0,100,395.57,405.0,0,0.0,0.0,,0.0,1,4.88,11.55,SPY220729C00386000,386.0,normalDay
2022-07-26,5252.0,-1741.0,0.0,100,390.89,405.0,0,0.0,0.0,,0.0,1,4.88,8.18,SPY220729C00386000,386.0,normalDay
2022-07-27,5252.0,-1387.0,0.0,100,401.04,405.0,0,0.0,0.0,,0.0,1,4.88,14.79,SPY220729C00386000,386.0,normalDay
2022-07-28,5252.0,-1550.0,0.0,100,406.07,405.0,0,0.0,0.0,,0.0,1,4.88,21.45,SPY220729C00386000,386.0,normalDay
2022-07-29,3840.0,-1550.0,-1412.0,0,411.99,0.0,0,0.0,0.0,,0.0,1,4.88,0.0,SPY220729C00386000,386.0,expirationDay
2022-08-01,3840.0,-20.0,0.0,0,410.77,0.0,1,9.05,9.25,SPY230317P00340000,340.0,0,0.0,0.0,,0.0,normalDay
2022-08-02,3840.0,-99.0,0.0,0,408.06,0.0,1,9.05,10.04,SPY230317P00340000,340.0,0,0.0,0.0,,0.0,normalDay
2022-08-03,3840.0,35.0,0.0,0,414.45,0.0,1,9.05,8.7,SPY230317P00340000,340.0,0,0.0,0.0,,0.0,normalDay
2022-08-04,3840.0,38.0,0.0,0,414.17,0.0,1,9.05,8.67,SPY230317P00340000,340.0,0,0.0,0.0,,0.0,normalDay
2022-08-05,3840.0,26.0,0.0,0,413.47,0.0,1,9.05,8.79,SPY230317P00340000,340.0,0,0.0,0.0,,0.0,normalDay
2022-08-08,3840.0,29.0,0.0,0,412.99,0.0,1,9.05,8.76,SPY230317P00340000,340.0,0,0.0,0.0,,0.0,normalDay
2022-08-09,3840.0,9.0,0.0,0,411.35,0.0,1,9.05,8.96,SPY230317P00340000,340.0,0,0.0,0.0,,0.0,normalDay
2022-08-10,3840.0,137.0,0.0,0,419.99,0.0,1,9.05,7.68,SPY230317P00340000,340.0,0,0.0,0.0,,0.0,normalDay
2022-08-11,3840.0,136.0,0.0,0,419.99,0.0,1,9.05,7.69,SPY230317P00340000,340.0,0,0.0,0.0,,0.0,normalDay
2022-08-12,3840.0,211.0,0.0,0,427.1,0.0,1,9.05,6.94,SPY230317P00340000,340.0,0,0.0,0.0,,0.0,normalDay
2022-08-15,3840.0,249.0,0.0,0,428.86,0.0,1,9.05,6.56,SPY230317P00340000,340.0,0,0.0,0.0,,0.0,normalDay
2022-08-16,3840.0,259.0,0.0,0,429.7,0.0,1,9.05,6.46,SPY230317P00340000,340.0,0,0.0,0.0,,0.0,normalDay
2022-08-17,3840.0,213.0,0.0,0,426.65,0.0,1,9.05,6.92,SPY230317P00340000,340.0,0,0.0,0.0,,0.0,normalDay
2022-08-18,3840.0,241.0,0.0,0,427.89,0.0,1,9.05,6.64,SPY230317P00340000,340.0,0,0.0,0.0,,0.0,normalDay
2022-08-19,3840.0,158.0,0.0,0,422.14,0.0,1,9.05,7.47,SPY230317P00340000,340.0,0,0.0,0.0,,0.0,normalDay
2022-08-22,3840.0,48.0,0.0,0,413.35,0.0,1,9.05,8.57,SPY230317P00340000,340.0,0,0.0,0.0,,0.0,normalDay
2022-08-23,3840.0,53.0,0.0,0,412.35,0.0,1,9.05,8.52,SPY230317P00340000,340.0,0,0.0,0.0,,0.0,normalDay
2022-08-24,3840.0,111.0,0.0,0,413.67,0.0,1,9.05,7.94,SPY230317P00340000,340.0,0,0.0,0.0,,0.0,normalDay
2022-08-25,3840.0,186.0,0.0,0,419.51,0.0,1,9.05,7.19,SPY230317P00340000,340.0,0,0.0,0.0,,0.0,normalDay
2022-08-26,3840.0,-45.0,0.0,0,405.31,0.0,1,9.05,9.5,SPY230317P00340000,340.0,0,0.0,0.0,,0.0,normalDay
2022-08-29,3840.0,-53.0,0.0,0,402.63,0.0,1,9.05,9.58,SPY230317P00340000,340.0,0,0.0,0.0,,0.0,normalDay
2022-08-30,3840.0,-109.0,0.0,0,398.21,0.0,1,9.05,10.14,SPY230317P00340000,340.0,0,0.0,0.0,,0.0,normalDay
2022-08-31,3840.0,-142.0,0.0,0,395.18,0.0,1,9.05,10.47,SPY230317P00340000,340.0,0,0.0,0.0,,0.0,normalDay
2022-09-01,3840.0,-94.0,0.0,0,396.42,0.0,1,9.05,9.99,SPY230317P00340000,340.0,0,0.0,0.0,,0.0,normalDay
2022-09-02,3840.0,-141.0,0.0,0,392.24,0.0,1,9.05,10.46,SPY230317P00340000,340.0,0,0.0,0.0,,0.0,normalDay
2022-09-06,3840.0,-191.0,0.0,0,390.76,0.0,1,9.05,10.96,SPY230317P00340000,340.0,0,0.0,0.0,,0.0,normalDay
2022-09-07,3840.0,-29.0,0.0,0,397.78,0.0,1,9.05,9.34,SPY230317P00340000,340.0,0,0.0,0.0,,0.0,normalDay
2022-09-08,3840.0,49.0,0.0,0,400.38,0.0,1,9.05,8.56,SPY230317P00340000,340.0,0,0.0,0.0,,0.0,normalDay
2022-09-09,3840.0,120.0,0.0,0,406.6,0.0,1,9.05,7.85,SPY230317P00340000,340.0,0,0.0,0.0,,0.0,normalDay
2022-09-12,3840.0,189.0,0.0,0,410.97,0.0,1,9.05,7.16,SPY230317P00340000,340.0,0,0.0,0.0,,0.0,normalDay
2022-09-13,3840.0,-105.0,0.0,0,393.1,0.0,1,9.05,10.1,SPY230317P00340000,340.0,0,0.0,0.0,,0.0,normalDay
2022-09-14,3840.0,-61.0,0.0,0,394.6,0.0,1,9.05,9.66,SPY230317P00340000,340.0,0,0.0,0.0,,0.0,normalDay
2022-09-15,3840.0,-107.0,0.0,0,390.12,0.0,1,9.05,10.12,SPY230317P00340000,340.0,0,0.0,0.0,,0.0,normalDay
2022-09-16,3840.0,-148.0,0.0,0,385.56,0.0,1,9.05,10.53,SPY230317P00340000,340.0,0,0.0,0.0,,0.0,normalDay
2022-09-19,3840.0,-70.0,0.0,0,388.55,0.0,1,9.05,9.75,SPY230317P00340000,340.0,0,0.0,0.0,,0.0,normalDay
2022-09-20,3840.0,-165.0,0.0,0,384.09,0.0,1,9.05,10.7,SPY230317P00340000,340.0,0,0.0,0.0,,0.0,normalDay
2022-09-21,3840.0,-317.0,0.0,0,377.39,0.0,1,9.05,12.22,SPY230317P00340000,340.0,0,0.0,0.0,,0.0,normalDay
2022-09-22,3840.0,-334.0,0.0,0,374.22,0.0,1,9.05,12.39,SPY230317P00340000,340.0,0,0.0,0.0,,0.0,normalDay
2022-09-23,3840.0,-579.0,0.0,0,367.95,0.0,1,9.05,14.84,SPY230317P00340000,340.0,0,0.0,0.0,,0.0,normalDay
2022-09-26,3840.0,-717.0,0.0,0,364.31,0.0,1,9.05,16.22,SPY230317P00340000,340.0,0,0.0,0.0,,0.0,normalDay
2022-09-27,3840.0,-739.0,0.0,0,363.38,0.0,1,9.05,16.44,SPY230317P00340000,340.0,0,0.0,0.0,,0.0,normalDay
2022-09-28,3840.0,-509.0,0.0,0,370.53,0.0,1,9.05,14.14,SPY230317P00340000,340.0,0,0.0,0.0,,0.0,normalDay
2022-09-29,3840.0,-712.0,0.0,0,362.79,0.0,1,9.05,16.17,SPY230317P00340000,340.0,0,0.0,0.0,,0.0,normalDay
2022-09-30,3840.0,-825.0,0.0,0,357.18,0.0,1,9.05,17.3,SPY230317P00340000,340.0,0,0.0,0.0,,0.0,normalDay
2022-10-03,3840.0,-532.0,0.0,0,366.61,0.0,1,9.05,14.37,SPY230317P00340000,340.0,0,0.0,0.0,,0.0,normalDay
2022-10-04,3840.0,-267.0,0.0,0,377.97,0.0,1,9.05,11.72,SPY230317P00340000,340.0,0,0.0,0.0,,0.0,normalDay
2022-10-05,3840.0,-271.0,0.0,0,377.09,0.0,1,9.05,11.76,SPY230317P00340000,340.0,0,0.0,0.0,,0.0,normalDay
2022-10-06,3840.0,-387.0,0.0,0,373.2,0.0,1,9.05,12.92,SPY230317P00340000,340.0,0,0.0,0.0,,0.0,normalDay
2022-10-07,3840.0,-680.0,0.0,0,362.79,0.0,1,9.05,15.85,SPY230317P00340000,340.0,0,0.0,0.0,,0.0,normalDay
2022-10-10,3840.0,-749.0,0.0,0,360.02,0.0,1,9.05,16.54,SPY230317P00340000,340.0,0,0.0,0.0,,0.0,normalDay
2022-10-11,3840.0,-835.0,0.0,0,357.74,0.0,1,9.05,17.4,SPY230317P00340000,340.0,0,0.0,0.0,,0.0,normalDay
2022-10-12,3840.0,-846.0,0.0,0,356.56,0.0,1,9.05,17.51,SPY230317P00340000,340.0,0,0.0,0.0,,0.0,normalDay
2022-10-13,3840.0,-540.0,0.0,0,365.97,0.0,1,9.05,14.45,SPY230317P00340000,340.0,0,0.0,0.0,,0.0,normalDay
2022-10-14,3840.0,-769.0,0.0,0,357.63,0.0,1,9.05,16.74,SPY230317P00340000,340.0,0,0.0,0.0,,0.0,normalDay
2022-10-17,3840.0,-487.0,0.0,0,366.82,0.0,1,9.05,13.92,SPY230317P00340000,340.0,0,0.0,0.0,,0.0,normalDay
2022-10-18,3840.0,-341.0,0.0,0,371.13,0.0,1,9.05,12.46,SPY230317P00340000,340.0,0,0.0,0.0,,0.0,normalDay
2022-10-19,3840.0,-446.0,0.0,0,368.5,0.0,1,9.05,13.51,SPY230317P00340000,340.0,0,0.0,0.0,,0.0,normalDay
2022-10-20,3840.0,-482.0,0.0,0,365.41,0.0,1,9.05,13.87,SPY230317P00340000,340.0,0,0.0,0.0,,0.0,normalDay
2022-10-21,3840.0,-281.0,0.0,0,374.29,0.0,1,9.05,11.86,SPY230317P00340000,340.0,0,0.0,0.0,,0.0,normalDay
2022-10-24,3840.0,-181.0,0.0,0,378.87,0.0,1,9.05,10.86,SPY230317P00340000,340.0,0,0.0,0.0,,0.0,normalDay
2022-10-25,3840.0,-57.0,0.0,0,384.92,0.0,1,9.05,9.62,SPY230317P00340000,340.0,0,0.0,0.0,,0.0,normalDay
2022-10-26,3840.0,-23.0,0.0,0,382.02,0.0,1,9.05,9.28,SPY230317P00340000,340.0,0,0.0,0.0,,0.0,normalDay
2022-10-27,3840.0,-131.0,0.0,0,379.98,0.0,1,9.05,10.36,SPY230317P00340000,340.0,0,0.0,0.0,,0.0,normalDay
2022-10-28,3840.0,139.0,0.0,0,389.02,0.0,1,9.05,7.66,SPY230317P00340000,340.0,0,0.0,0.0,,0.0,normalDay
2022-10-31,3840.0,116.0,0.0,0,386.21,0.0,1,9.05,7.89,SPY230317P00340000,340.0,0,0.0,0.0,,0.0,normalDay
2022-11-01,3840.0,108.0,0.0,0,384.52,0.0,1,9.05,7.97,SPY230317P00340000,340.0,0,0.0,0.0,,0.0,normalDay
2022-11-02,3840.0,-79.0,0.0,0,374.87,0.0,1,9.05,9.84,SPY230317P00340000,340.0,0,0.0,0.0,,0.0,normalDay
2022-11-03,3840.0,-115.0,0.0,0,371.01,0.0,1,9.05,10.2,SPY230317P00340000,340.0,0,0.0,0.0,,0.0,normalDay
2022-11-04,3840.0,8.0,0.0,0,376.35,0.0,1,9.05,8.97,SPY230317P00340000,340.0,0,0.0,0.0,,0.0,normalDay
2022-11-07,3840.0,106.0,0.0,0,379.95,0.0,1,9.05,7.99,SPY230317P00340000,340.0,0,0.0,0.0,,0.0,normalDay
2022-11-08,3840.0,94.0,0.0,0,382.0,0.0,1,9.05,8.11,SPY230317P00340000,340.0,0,0.0,0.0,,0.0,normalDay
2022-11-09,3840.0,-45.0,0.0,0,374.13,0.0,1,9.05,9.5,SPY230317P00340000,340.0,0,0.0,0.0,,0.0,normalDay
2022-11-10,3840.0,325.0,0.0,0,394.69,0.0,1,9.05,5.8,SPY230317P00340000,340.0,0,0.0,0.0,,0.0,normalDay
2022-11-11,3840.0,363.0,0.0,0,398.51,0.0,1,9.05,5.42,SPY230317P00340000,340.0,0,0.0,0.0,,0.0,normalDay
2022-11-14,3840.0,342.0,0.0,0,395.12,0.0,1,9.05,5.63,SPY230317P00340000,340.0,0,0.0,0.0,,0.0,normalDay
2022-11-15,3840.0,357.0,0.0,0,398.49,0.0,1,9.05,5.48,SPY230317P00340000,340.0,0,0.0,0.0,,0.0,normalDay
2022-11-16,3840.0,349.0,0.0,0,395.45,0.0,1,9.05,5.56,SPY230317P00340000,340.0,0,0.0,0.0,,0.0,normalDay
2022-11-17,3840.0,356.0,0.0,0,394.24,0.0,1,9.05,5.49,SPY230317P00340000,340.0,0,0.0,0.0,,0.0,normalDay
2022-11-18,3840.0,391.0,0.0,0,396.03,0.0,1,9.05,5.14,SPY230317P00340000,340.0,0,0.0,0.0,,0.0,normalDay
2022-11-21,3840.0,417.0,0.0,0,394.59,0.0,1,9.05,4.88,SPY230317P00340000,340.0,0,0.0,0.0,,0.0,normalDay
2022-11-22,3840.0,498.0,0.0,0,399.9,0.0,1,9.05,4.07,SPY230317P00340000,340.0,0,0.0,0.0,,0.0,normalDay
2022-11-23,3840.0,526.0,0.0,0,402.42,0.0,1,9.05,3.79,SPY230317P00340000,340.0,0,0.0,0.0,,0.0,normalDay
2022-11-25,3840.0,522.0,0.0,0,402.33,0.0,1,9.05,3.83,SPY230317P00340000,340.0,0,0.0,0.0,,0.0,normalDay
2022-11-28,3840.0,446.0,0.0,0,395.91,0.0,1,9.05,4.59,SPY230317P00340000,340.0,0,0.0,0.0,,0.0,normalDay
2022-11-29,3840.0,460.0,0.0,0,395.23,0.0,1,9.05,4.45,SPY230317P00340000,340.0,0,0.0,0.0,,0.0,normalDay
2022-11-30,3840.0,590.0,0.0,0,407.68,0.0,1,9.05,3.15,SPY230317P00340000,340.0,0,0.0,0.0,,0.0,normalDay
2022-12-01,3840.0,599.0,0.0,0,407.38,0.0,1,9.05,3.06,SPY230317P00340000,340.0,0,0.0,0.0,,0.0,normalDay
2022-12-02,3840.0,611.0,0.0,0,406.91,0.0,1,9.05,2.94,SPY230317P00340000,340.0,0,0.0,0.0,,0.0,normalDay
2022-12-05,3840.0,554.0,0.0,0,399.59,0.0,1,9.05,3.51,SPY230317P00340000,340.0,0,0.0,0.0,,0.0,normalDay
2022-12-06,3840.0,489.0,0.0,0,393.83,0.0,1,9.05,4.16,SPY230317P00340000,340.0,0,0.0,0.0,,0.0,normalDay
2022-12-07,3840.0,474.0,0.0,0,393.16,0.0,1,9.05,4.31,SPY230317P00340000,340.0,0,0.0,0.0,,0.0,normalDay
2022-12-08,3840.0,520.0,0.0,0,396.24,0.0,1,9.05,3.85,SPY230317P00340000,340.0,0,0.0,0.0,,0.0,normalDay
2022-12-09,3840.0,485.0,0.0,0,393.28,0.0,1,9.05,4.2,SPY230317P00340000,340.0,0,0.0,0.0,,0.0,normalDay
2022-12-12,3840.0,537.0,0.0,0,398.95,0.0,1,9.05,3.68,SPY230317P00340000,340.0,0,0.0,0.0,,0.0,normalDay
2022-12-13,3840.0,610.0,0.0,0,401.97,0.0,1,9.05,2.95,SPY230317P00340000,340.0,0,0.0,0.0,,0.0,normalDay
2022-12-14,3840.0,625.0,0.0,0,399.4,0.0,1,9.05,2.8,SPY230317P00340000,340.0,0,0.0,0.0,,0.0,normalDay
2022-12-15,3840.0,512.0,0.0,0,389.63,0.0,1,9.05,3.93,SPY230317P00340000,340.0,0,0.0,0.0,,0.0,normalDay
2022-12-16,3840.0,466.0,0.0,0,383.27,0.0,1,9.05,4.39,SPY230317P00340000,340.0,0,0.0,0.0,,0.0,normalDay
2022-12-19,3840.0,453.0,0.0,0,380.02,0.0,1,9.05,4.52,SPY230317P00340000,340.0,0,0.0,0.0,,0.0,normalDay
2022-12-20,3840.0,490.0,0.0,0,380.54,0.0,1,9.05,4.15,SPY230317P00340000,340.0,0,0.0,0.0,,0.0,normalDay
2022-12-21,3840.0,588.0,0.0,0,386.23,0.0,1,9.05,3.17,SPY230317P00340000,340.0,0,0.0,0.0,,0.0,normalDay
2022-12-22,3840.0,491.0,0.0,0,380.72,0.0,1,9.05,4.14,SPY230317P00340000,340.0,0,0.0,0.0,,0.0,normalDay
2022-12-23,3840.0,535.0,0.0,0,382.91,0.0,1,9.05,3.7,SPY230317P00340000,340.0,0,0.0,0.0,,0.0,normalDay
2022-12-27,3840.0,536.0,0.0,0,381.4,0.0,1,9.05,3.69,SPY230317P00340000,340.0,0,0.0,0.0,,0.0,normalDay
2022-12-28,3840.0,479.0,0.0,0,376.66,0.0,1,9.05,4.26,SPY230317P00340000,340.0,0,0.0,0.0,,0.0,normalDay
2022-12-29,3840.0,580.0,0.0,0,383.44,0.0,1,9.05,3.25,SPY230317P00340000,340.0,0,0.0,0.0,,0.0,normalDay
2022-12-30,3840.0,570.0,0.0,0,382.43,0.0,1,9.05,3.35,SPY230317P00340000,340.0,0,0.0,0.0,,0.0,normalDay
2023-01-03,3840.0,562.0,0.0,0,380.82,0.0,1,9.05,3.43,SPY230317P00340000,340.0,0,0.0,0.0,,0.0,normalDay
2023-01-04,3840.0,631.0,0.0,0,383.76,0.0,1,9.05,2.74,SPY230317P00340000,340.0,0,0.0,0.0,,0.0,normalDay
2023-01-05,3840.0,583.0,0.0,0,379.38,0.0,1,9.05,3.22,SPY230317P00340000,340.0,0,0.0,0.0,,0.0,normalDay
2023-01-06,3840.0,685.0,0.0,0,388.08,0.0,1,9.05,2.2,SPY230317P00340000,340.0,0,0.0,0.0,,0.0,normalDay
2023-01-09,3840.0,677.0,0.0,0,387.86,0.0,1,9.05,2.28,SPY230317P00340000,340.0,0,0.0,0.0,,0.0,normalDay
2023-01-10,3840.0,725.0,0.0,0,390.58,0.0,1,9.05,1.8,SPY230317P00340000,340.0,0,0.0,0.0,,0.0,normalDay
2023-01-11,3840.0,746.0,0.0,0,395.52,0.0,1,9.05,1.59,SPY230317P00340000,340.0,0,0.0,0.0,,0.0,normalDay
2023-01-12,3840.0,780.0,0.0,0,396.96,0.0,1,9.05,1.25,SPY230317P00340000,340.0,0,0.0,0.0,,0.0,normalDay
2023-01-13,3840.0,789.0,0.0,0,398.5,0.0,1,9.05,1.16,SPY230317P00340000,340.0,0,0.0,0.0,,0.0,normalDay
2023-01-17,3840.0,789.0,0.0,0,397.77,0.0,1,9.05,1.16,SPY230317P00340000,340.0,0,0.0,0.0,,0.0,normalDay
2023-01-18,3840.0,758.0,0.0,0,391.49,0.0,1,9.05,1.47,SPY230317P00340000,340.0,0,0.0,0.0,,0.0,normalDay
2023-01-19,3840.0,743.0,0.0,0,388.64,0.0,1,9.05,1.62,SPY230317P00340000,340.0,0,0.0,0.0,,0.0,normalDay
2023-01-20,3840.0,787.0,0.0,0,395.88,0.0,1,9.05,1.18,SPY230317P00340000,340.0,0,0.0,0.0,,0.0,normalDay
2023-01-23,3840.0,808.0,0.0,0,400.63,0.0,1,9.05,0.97,SPY230317P00340000,340.0,0,0.0,0.0,,0.0,normalDay
2023-01-24,3840.0,819.0,0.0,0,400.2,0.0,1,9.05,0.86,SPY230317P00340000,340.0,0,0.0,0.0,,0.0,normalDay
2023-01-25,3840.0,820.0,0.0,0,400.35,0.0,1,9.05,0.85,SPY230317P00340000,340.0,0,0.0,0.0,,0.0,normalDay
2023-01-26,3840.0,834.0,0.0,0,404.75,0.0,1,9.05,0.71,SPY230317P00340000,340.0,0,0.0,0.0,,0.0,normalDay
2023-01-27,3840.0,838.0,0.0,0,405.68,0.0,1,9.05,0.67,SPY230317P00340000,340.0,0,0.0,0.0,,0.0,normalDay
2023-01-30,3840.0,826.0,0.0,0,400.59,0.0,1,9.05,0.79,SPY230317P00340000,340.0,0,0.0,0.0,,0.0,normalDay
2023-01-31,3840.0,840.0,0.0,0,406.48,0.0,1,9.05,0.65,SPY230317P00340000,340.0,0,0.0,0.0,,0.0,normalDay
2023-02-01,3840.0,857.0,0.0,0,410.8,0.0,1,9.05,0.48,SPY230317P00340000,340.0,0,0.0,0.0,,0.0,normalDay
2023-02-02,3840.0,852.0,0.0,0,416.78,0.0,1,9.05,0.53,SPY230317P00340000,340.0,0,0.0,0.0,,0.0,normalDay
2023-02-03,3840.0,859.0,0.0,0,412.35,0.0,1,9.05,0.46,SPY230317P00340000,340.0,0,0.0,0.0,,0.0,normalDay
2023-02-06,3840.0,858.0,0.0,0,409.83,0.0,1,9.05,0.47,SPY230317P00340000,340.0,0,0.0,0.0,,0.0,normalDay
2023-02-07,3840.0,870.0,0.0,0,415.19,0.0,1,9.05,0.35,SPY230317P00340000,340.0,0,0.0,0.0,,0.0,normalDay
2023-02-08,3840.0,864.0,0.0,0,410.65,0.0,1,9.05,0.41,SPY230317P00340000,340.0,0,0.0,0.0,,0.0,normalDay
2023-02-09,3840.0,859.0,0.0,0,407.09,0.0,1,9.05,0.46,SPY230317P00340000,340.0,0,0.0,0.0,,0.0,normalDay
2023-02-10,3840.0,865.0,0.0,0,408.04,0.0,1,9.05,0.4,SPY230317P00340000,340.0,0,0.0,0.0,,0.0,normalDay
2023-02-13,3840.0,876.0,0.0,0,412.83,0.0,1,9.05,0.29,SPY230317P00340000,340.0,0,0.0,0.0,,0.0,normalDay
2023-02-14,3840.0,884.0,0.0,0,412.64,0.0,1,9.05,0.21,SPY230317P00340000,340.0,0,0.0,0.0,,0.0,normalDay
2023-02-15,3840.0,887.0,0.0,0,413.98,0.0,1,9.05,0.18,SPY230317P00340000,340.0,0,0.0,0.0,,0.0,normalDay
2023-02-16,3840.0,875.0,0.0,0,408.28,0.0,1,9.05,0.3,SPY230317P00340000,340.0,0,0.0,0.0,,0.0,normalDay
2023-02-17,3840.0,878.0,0.0,0,407.26,0.0,1,9.05,0.27,SPY230317P00340000,340.0,0,0.0,0.0,,0.0,normalDay
2023-02-21,3840.0,870.0,0.0,0,399.09,0.0,1,9.05,0.35,SPY230317P00340000,340.0,0,0.0,0.0,,0.0,normalDay
2023-02-22,3840.0,876.0,0.0,0,398.54,0.0,1,9.05,0.29,SPY230317P00340000,340.0,0,0.0,0.0,,0.0,normalDay
2023-02-23,3840.0,885.0,0.0,0,400.66,0.0,1,9.05,0.2,SPY230317P00340000,340.0,0,0.0,0.0,,0.0,normalDay
2023-02-24,3840.0,884.0,0.0,0,396.38,0.0,1,9.05,0.21,SPY230317P00340000,340.0,0,0.0,0.0,,0.0,normalDay
2023-02-27,3840.0,891.0,0.0,0,397.73,0.0,1,9.05,0.14,SPY230317P00340000,340.0,0,0.0,0.0,,0.0,normalDay
2023-02-28,3840.0,893.0,0.0,0,396.26,0.0,1,9.05,0.12,SPY230317P00340000,340.0,0,0.0,0.0,,0.0,normalDay
2023-03-01,3840.0,895.0,0.0,0,394.74,0.0,1,9.05,0.1,SPY230317P00340000,340.0,0,0.0,0.0,,0.0,normalDay
2023-03-02,3840.0,898.0,0.0,0,397.81,0.0,1,9.05,0.07,SPY230317P00340000,340.0,0,0.0,0.0,,0.0,normalDay
2023-03-03,3840.0,900.0,0.0,0,404.19,0.0,1,9.05,0.05,SPY230317P00340000,340.0,0,0.0,0.0,,0.0,normalDay
2023-03-06,3840.0,901.0,0.0,0,404.47,0.0,1,9.05,0.04,SPY230317P00340000,340.0,0,0.0,0.0,,0.0,normalDay
2023-03-07,3840.0,899.0,0.0,0,398.27,0.0,1,9.05,0.06,SPY230317P00340000,340.0,0,0.0,0.0,,0.0,normalDay
2023-03-08,3840.0,901.0,0.0,0,398.92,0.0,1,9.05,0.04,SPY230317P00340000,340.0,0,0.0,0.0,,0.0,normalDay
2023-03-09,3840.0,895.0,0.0,0,391.56,0.0,1,9.05,0.1,SPY230317P00340000,340.0,0,0.0,0.0,,0.0,normalDay
2023-03-10,3840.0,891.0,0.0,0,385.91,0.0,1,9.05,0.14,SPY230317P00340000,340.0,0,0.0,0.0,,0.0,normalDay
2023-03-13,3840.0,897.0,0.0,0,385.36,0.0,1,9.05,0.08,SPY230317P00340000,340.0,0,0.0,0.0,,0.0,normalDay
2023-03-14,3840.0,901.0,0.0,0,391.73,0.0,1,9.05,0.04,SPY230317P00340000,340.0,0,0.0,0.0,,0.0,normalDay
2023-03-15,3840.0,902.0,0.0,0,389.28,0.0,1,9.05,0.03,SPY230317P00340000,340.0,0,0.0,0.0,,0.0,normalDay
2023-03-16,3840.0,904.0,0.0,0,396.11,0.0,1,9.05,0.01,SPY230317P00340000,340.0,0,0.0,0.0,,0.0,normalDay
2023-03-17,4745.0,0.0,905.0,0,389.99,0.0,1,9.05,0.0,SPY230317P00340000,340.0,0,0.0,0.0,,0.0,expirationDay
2023-03-20,4745.0,-25.0,0.0,0,393.74,0.0,1,15.23,15.48,SPY231020P00370000,370.0,0,0.0,0.0,,0.0,normalDay
2023-03-21,4745.0,193.0,0.0,0,398.91,0.0,1,15.23,13.3,SPY231020P00370000,370.0,0,0.0,0.0,,0.0,normalDay
2023-03-22,4745.0,-5.0,0.0,0,392.11,0.0,1,15.23,15.28,SPY231020P00370000,370.0,0,0.0,0.0,,0.0,normalDay
2023-03-23,4745.0,-6.0,0.0,0,393.17,0.0,1,15.23,15.29,SPY231020P00370000,370.0,0,0.0,0.0,,0.0,normalDay
2023-03-24,4745.0,111.0,0.0,0,395.75,0.0,1,15.23,14.12,SPY231020P00370000,370.0,0,0.0,0.0,,0.0,normalDay
2023-03-27,4745.0,209.0,0.0,0,396.49,0.0,1,15.23,13.14,SPY231020P00370000,370.0,0,0.0,0.0,,0.0,normalDay
2023-03-28,4745.0,213.0,0.0,0,395.6,0.0,1,15.23,13.1,SPY231020P00370000,370.0,0,0.0,0.0,,0.0,normalDay
2023-03-29,4745.0,376.0,0.0,0,401.35,0.0,1,15.23,11.47,SPY231020P00370000,370.0,0,0.0,0.0,,0.0,normalDay
2023-03-30,4745.0,429.0,0.0,0,403.7,0.0,1,15.23,10.94,SPY231020P00370000,370.0,0,0.0,0.0,,0.0,normalDay
2023-03-31,4745.0,532.0,0.0,0,409.39,0.0,1,15.23,9.91,SPY231020P00370000,370.0,0,0.0,0.0,,0.0,normalDay
2023-04-03,4745.0,589.0,0.0,0,410.95,0.0,1,15.23,9.34,SPY231020P00370000,370.0,0,0.0,0.0,,0.0,normalDay
2023-04-04,4745.0,527.0,0.0,0,408.67,0.0,1,15.23,9.96,SPY231020P00370000,370.0,0,0.0,0.0,,0.0,normalDay
2023-04-05,4745.0,493.0,0.0,0,407.6,0.0,1,15.23,10.3,SPY231020P00370000,370.0,0,0.0,0.0,,0.0,normalDay
2023-04-06,4745.0,543.0,0.0,0,409.19,0.0,1,15.23,9.8,SPY231020P00370000,370.0,0,0.0,0.0,,0.0,normalDay
2023-04-10,4745.0,582.0,0.0,0,409.61,0.0,1,15.23,9.41,SPY231020P00370000,370.0,0,0.0,0.0,,0.0,normalDay
2023-04-11,4745.0,594.0,0.0,0,409.72,0.0,1,15.23,9.29,SPY231020P00370000,370.0,0,0.0,0.0,,0.0,normalDay
2023-04-12,4745.0,563.0,0.0,0,408.05,0.0,1,15.23,9.6,SPY231020P00370000,370.0,0,0.0,0.0,,0.0,normalDay
2023-04-13,4745.0,687.0,0.0,0,413.47,0.0,1,15.23,8.36,SPY231020P00370000,370.0,0,0.0,0.0,,0.0,normalDay
2023-04-14,4745.0,692.0,0.0,0,412.46,0.0,1,15.23,8.31,SPY231020P00370000,370.0,0,0.0,0.0,,0.0,normalDay
2023-04-17,4745.0,753.0,0.0,0,413.94,0.0,1,15.23,7.7,SPY231020P00370000,370.0,0,0.0,0.0,,0.0,normalDay
2023-04-18,4745.0,751.0,0.0,0,414.21,0.0,1,15.23,7.72,SPY231020P00370000,370.0,0,0.0,0.0,,0.0,normalDay
2023-04-19,4745.0,744.0,0.0,0,414.14,0.0,1,15.23,7.79,SPY231020P00370000,370.0,0,0.0,0.0,,0.0,normalDay
2023-04-20,4745.0,688.0,0.0,0,411.88,0.0,1,15.23,8.35,SPY231020P00370000,370.0,0,0.0,0.0,,0.0,normalDay
2023-04-21,4745.0,691.0,0.0,0,412.2,0.0,1,15.23,8.32,SPY231020P00370000,370.0,0,0.0,0.0,,0.0,normalDay
2023-04-24,4745.0,705.0,0.0,0,412.63,0.0,1,15.23,8.18,SPY231020P00370000,370.0,0,0.0,0.0,,0.0,normalDay
2023-04-25,4745.0,562.0,0.0,0,406.08,0.0,1,15.23,9.61,SPY231020P00370000,370.0,0,0.0,0.0,,0.0,normalDay
2023-04-26,4745.0,525.0,0.0,0,404.36,0.0,1,15.23,9.98,SPY231020P00370000,370.0,0,0.0,0.0,,0.0,normalDay
2023-04-27,4745.0,729.0,0.0,0,412.41,0.0,1,15.23,7.94,SPY231020P00370000,370.0,0,0.0,0.0,,0.0,normalDay
2023-04-28,4745.0,796.0,0.0,0,415.93,0.0,1,15.23,7.27,SPY231020P00370000,370.0,0,0.0,0.0,,0.0,normalDay
2023-05-01,4745.0,807.0,0.0,0,415.51,0.0,1,15.23,7.16,SPY231020P00370000,370.0,0,0.0,0.0,,0.0,normalDay
2023-05-02,4745.0,699.0,0.0,0,410.84,0.0,1,15.23,8.24,SPY231020P00370000,370.0,0,0.0,0.0,,0.0,normalDay
2023-05-03,4745.0,643.0,0.0,0,408.02,0.0,1,15.23,8.8,SPY231020P00370000,370.0,0,0.0,0.0,,0.0,normalDay
2023-05-04,4745.0,526.0,0.0,0,405.13,0.0,1,15.23,9.97,SPY231020P00370000,370.0,0,0.0,0.0,,0.0,normalDay
2023-05-05,4745.0,725.0,0.0,0,412.63,0.0,1,15.23,7.98,SPY231020P00370000,370.0,0,0.0,0.0,,0.0,normalDay
2023-05-08,4745.0,753.0,0.0,0,412.74,0.0,1,15.23,7.7,SPY231020P00370000,370.0,0,0.0,0.0,,0.0,normalDay
2023-05-09,4745.0,719.0,0.0,0,410.93,0.0,1,15.23,8.04,SPY231020P00370000,370.0,0,0.0,0.0,,0.0,normalDay
2023-05-10,4745.0,769.0,0.0,0,412.85,0.0,1,15.23,7.54,SPY231020P00370000,370.0,0,0.0,0.0,,0.0,normalDay
2023-05-11,4745.0,768.0,0.0,0,412.13,0.0,1,15.23,7.55,SPY231020P00370000,370.0,0,0.0,0.0,,0.0,normalDay
2023-05-12,4745.0,755.0,0.0,0,411.59,0.0,1,15.23,7.68,SPY231020P00370000,370.0,0,0.0,0.0,,0.0,normalDay
2023-05-15,4745.0,815.0,0.0,0,413.01,0.0,1,15.23,7.08,SPY231020P00370000,370.0,0,0.0,0.0,,0.0,normalDay
2023-05-16,4745.0,759.0,0.0,0,410.25,0.0,1,15.23,7.64,SPY231020P00370000,370.0,0,0.0,0.0,,0.0,normalDay
2023-05-17,4745.0,862.0,0.0,0,415.23,0.0,1,15.23,6.61,SPY231020P00370000,370.0,0,0.0,0.0,,0.0,normalDay
2023-05-18,4745.0,948.0,0.0,0,419.23,0.0,1,15.23,5.75,SPY231020P00370000,370.0,0,0.0,0.0,,0.0,normalDay
2023-05-19,4745.0,920.0,0.0,0,418.62,0.0,1,15.23,6.03,SPY231020P00370000,370.0,0,0.0,0.0,,0.0,normalDay
2023-05-22,4745.0,923.0,0.0,0,418.79,0.0,1,15.23,6.0,SPY231020P00370000,370.0,0,0.0,0.0,,0.0,normalDay
2023-05-23,4745.0,845.0,0.0,0,414.09,0.0,1,15.23,6.78,SPY231020P00370000,370.0,0,0.0,0.0,,0.0,normalDay
2023-05-24,4745.0,785.0,0.0,0,411.09,0.0,1,15.23,7.38,SPY231020P00370000,370.0,0,0.0,0.0,,0.0,normalDay
2023-05-25,4745.0,860.0,0.0,0,414.65,0.0,1,15.23,6.63,SPY231020P00370000,370.0,0,0.0,0.0,,0.0,normalDay
2023-05-26,4745.0,956.0,0.0,0,420.02,0.0,1,15.23,5.67,SPY231020P00370000,370.0,0,0.0,0.0,,0.0,normalDay
2023-05-30,4745.0,986.0,0.0,0,420.18,0.0,1,15.23,5.37,SPY231020P00370000,370.0,0,0.0,0.0,,0.0,normalDay
2023-05-31,4745.0,966.0,0.0,0,417.85,0.0,1,15.23,5.57,SPY231020P00370000,370.0,0,0.0,0.0,,0.0,normalDay
2023-06-01,4745.0,1059.0,0.0,0,421.82,0.0,1,15.23,4.64,SPY231020P00370000,370.0,0,0.0,0.0,,0.0,normalDay
2023-06-02,4745.0,1137.0,0.0,0,427.92,0.0,1,15.23,3.86,SPY231020P00370000,370.0,0,0.0,0.0,,0.0,normalDay
2023-06-05,4745.0,1144.0,0.0,0,427.1,0.0,1,15.23,3.79,SPY231020P00370000,370.0,0,0.0,0.0,,0.0,normalDay
2023-06-06,4745.0,1189.0,0.0,0,428.03,0.0,1,15.23,3.34,SPY231020P00370000,370.0,0,0.0,0.0,,0.0,normalDay
2023-06-07,4745.0,1180.0,0.0,0,426.55,0.0,1,15.23,3.43,SPY231020P00370000,370.0,0,0.0,0.0,,0.0,normalDay
2023-06-08,4745.0,1212.0,0.0,0,429.13,0.0,1,15.23,3.11,SPY231020P00370000,370.0,0,0.0,0.0,,0.0,normalDay
2023-06-09,4745.0,1216.0,0.0,0,429.9,0.0,1,15.23,3.07,SPY231020P00370000,370.0,0,0.0,0.0,,0.0,normalDay
2023-06-12,4745.0,1235.0,0.0,0,433.8,0.0,1,15.23,2.88,SPY231020P00370000,370.0,0,0.0,0.0,,0.0,normalDay
2023-06-13,4745.0,1251.0,0.0,0,436.66,0.0,1,15.23,2.72,SPY231020P00370000,370.0,0,0.0,0.0,,0.0,normalDay
2023-06-14,4745.0,1269.0,0.0,0,437.18,0.0,1,15.23,2.54,SPY231020P00370000,370.0,0,0.0,0.0,,0.0,normalDay
2023-06-15,4745.0,1282.0,0.0,0,442.6,0.0,1,15.23,2.41,SPY231020P00370000,370.0,0,0.0,0.0,,0.0,normalDay
2023-06-16,4745.0,1292.0,0.0,0,439.46,0.0,1,15.23,2.31,SPY231020P00370000,370.0,0,0.0,0.0,,0.0,normalDay
2023-06-20,4745.0,1276.0,0.0,0,437.18,0.0,1,15.23,2.47,SPY231020P00370000,370.0,0,0.0,0.0,,0.0,normalDay
2023-06-21,4745.0,1272.0,0.0,0,434.94,0.0,1,15.23,2.51,SPY231020P00370000,370.0,0,0.0,0.0,,0.0,normalDay
2023-06-22,4745.0,1296.0,0.0,0,436.51,0.0,1,15.23,2.27,SPY231020P00370000,370.0,0,0.0,0.0,,0.0,normalDay
2023-06-23,4745.0,1276.0,0.0,0,433.21,0.0,1,15.23,2.47,SPY231020P00370000,370.0,0,0.0,0.0,,0.0,normalDay
2023-06-26,4745.0,1272.0,0.0,0,431.44,0.0,1,15.23,2.51,SPY231020P00370000,370.0,0,0.0,0.0,,0.0,normalDay
2023-06-27,4745.0,1312.0,0.0,0,436.17,0.0,1,15.23,2.11,SPY231020P00370000,370.0,0,0.0,0.0,,0.0,normalDay
2023-06-28,4745.0,1335.0,0.0,0,436.39,0.0,1,15.23,1.88,SPY231020P00370000,370.0,0,0.0,0.0,,0.0,normalDay
2023-06-29,4745.0,1335.0,0.0,0,438.11,0.0,1,15.23,1.88,SPY231020P00370000,370.0,0,0.0,0.0,,0.0,normalDay
2023-06-30,4745.0,1356.0,0.0,0,443.28,0.0,1,15.23,1.67,SPY231020P00370000,370.0,0,0.0,0.0,,0.0,normalDay
2023-07-03,4745.0,1362.0,0.0,0,443.79,0.0,1,15.23,1.61,SPY231020P00370000,370.0,0,0.0,0.0,,0.0,normalDay
2023-07-05,4745.0,1357.0,0.0,0,443.13,0.0,1,15.23,1.66,SPY231020P00370000,370.0,0,0.0,0.0,,0.0,normalDay
2023-07-06,4745.0,1326.0,0.0,0,439.66,0.0,1,15.23,1.97,SPY231020P00370000,370.0,0,0.0,0.0,,0.0,normalDay
2023-07-07,4745.0,1333.0,0.0,0,438.55,0.0,1,15.23,1.9,SPY231020P00370000,370.0,0,0.0,0.0,,0.0,normalDay
2023-07-10,4745.0,1343.0,0.0,0,439.66,0.0,1,15.23,1.8,SPY231020P00370000,370.0,0,0.0,0.0,,0.0,normalDay
2023-07-11,4745.0,1356.0,0.0,0,442.46,0.0,1,15.23,1.67,SPY231020P00370000,370.0,0,0.0,0.0,,0.0,normalDay
2023-07-12,4745.0,1387.0,0.0,0,446.02,0.0,1,15.23,1.36,SPY231020P00370000,370.0,0,0.0,0.0,,0.0,normalDay
2023-07-13,4745.0,1392.0,0.0,0,449.56,0.0,1,15.23,1.31,SPY231020P00370000,370.0,0,0.0,0.0,,0.0,normalDay
2023-07-14,4745.0,1396.0,0.0,0,449.28,0.0,1,15.23,1.27,SPY231020P00370000,370.0,0,0.0,0.0,,0.0,normalDay
2023-07-17,4745.0,1402.0,0.0,0,450.84,0.0,1,15.23,1.21,SPY231020P00370000,370.0,0,0.0,0.0,,0.0,normalDay
2023-07-18,4745.0,1414.0,0.0,0,454.19,0.0,1,15.23,1.09,SPY231020P00370000,370.0,0,0.0,0.0,,0.0,normalDay
2023-07-19,4745.0,1408.0,0.0,0,455.2,0.0,1,15.23,1.15,SPY231020P00370000,370.0,0,0.0,0.0,,0.0,normalDay
2023-07-20,4745.0,1402.0,0.0,0,452.18,0.0,1,15.23,1.21,SPY231020P00370000,370.0,0,0.0,0.0,,0.0,normalDay
2023-07-21,4745.0,1408.0,0.0,0,452.18,0.0,1,15.23,1.15,SPY231020P00370000,370.0,0,0.0,0.0,,0.0,normalDay
2023-07-24,4745.0,1418.0,0.0,0,454.2,0.0,1,15.23,1.05,SPY231020P00370000,370.0,0,0.0,0.0,,0.0,normalDay
2023-07-25,4745.0,1422.0,0.0,0,455.44,0.0,1,15.23,1.01,SPY231020P00370000,370.0,0,0.0,0.0,,0.0,normalDay
2023-07-26,4745.0,1432.0,0.0,0,455.51,0.0,1,15.23,0.91,SPY231020P00370000,370.0,0,0.0,0.0,,0.0,normalDay
2023-07-27,4745.0,1413.0,0.0,0,452.49,0.0,1,15.23,1.1,SPY231020P00370000,370.0,0,0.0,0.0,,0.0,normalDay
2023-07-28,4745.0,1435.0,0.0,0,456.92,0.0,1,15.23,0.88,SPY231020P00370000,370.0,0,0.0,0.0,,0.0,normalDay
2023-07-31,4745.0,1441.0,0.0,0,457.79,0.0,1,15.23,0.82,SPY231020P00370000,370.0,0,0.0,0.0,,0.0,normalDay
2023-08-01,4745.0,1438.0,0.0,0,456.48,0.0,1,15.23,0.85,SPY231020P00370000,370.0,0,0.0,0.0,,0.0,normalDay
2023-08-02,4745.0,1403.0,0.0,0,450.13,0.0,1,15.23,1.2,SPY231020P00370000,370.0,0,0.0,0.0,,0.0,normalDay
2023-08-03,4745.0,1409.0,0.0,0,448.84,0.0,1,15.23,1.14,SPY231020P00370000,370.0,0,0.0,0.0,,0.0,normalDay
2023-08-04,4745.0,1385.0,0.0,0,446.81,0.0,1,15.23,1.38,SPY231020P00370000,370.0,0,0.0,0.0,,0.0,normalDay
2023-08-07,4745.0,1418.0,0.0,0,450.71,0.0,1,15.23,1.05,SPY231020P00370000,370.0,0,0.0,0.0,,0.0,normalDay
2023-08-08,4745.0,1411.0,0.0,0,448.75,0.0,1,15.23,1.12,SPY231020P00370000,370.0,0,0.0,0.0,,0.0,normalDay
2023-08-09,4745.0,1412.0,0.0,0,445.75,0.0,1,15.23,1.11,SPY231020P00370000,370.0,0,0.0,0.0,,0.0,normalDay
2023-08-10,4745.0,1411.0,0.0,0,445.91,0.0,1,15.23,1.12,SPY231020P00370000,370.0,0,0.0,0.0,,0.0,normalDay
2023-08-11,4745.0,1424.0,0.0,0,445.65,0.0,1,15.23,0.99,SPY231020P00370000,370.0,0,0.0,0.0,,0.0,normalDay
2023-08-14,4745.0,1438.0,0.0,0,448.11,0.0,1,15.23,0.85,SPY231020P00370000,370.0,0,0.0,0.0,,0.0,normalDay
2023-08-15,4745.0,1414.0,0.0,0,442.89,0.0,1,15.23,1.09,SPY231020P00370000,370.0,0,0.0,0.0,,0.0,normalDay
2023-08-16,4745.0,1405.0,0.0,0,439.64,0.0,1,15.23,1.18,SPY231020P00370000,370.0,0,0.0,0.0,,0.0,normalDay
2023-08-17,4745.0,1382.0,0.0,0,436.29,0.0,1,15.23,1.41,SPY231020P00370000,370.0,0,0.0,0.0,,0.0,normalDay
2023-08-18,4745.0,1404.0,0.0,0,436.5,0.0,1,15.23,1.19,SPY231020P00370000,370.0,0,0.0,0.0,,0.0,normalDay
2023-08-21,4745.0,1424.0,0.0,0,439.34,0.0,1,15.23,0.99,SPY231020P00370000,370.0,0,0.0,0.0,,0.0,normalDay
2023-08-22,4745.0,1428.0,0.0,0,438.15,0.0,1,15.23,0.95,SPY231020P00370000,370.0,0,0.0,0.0,,0.0,normalDay
2023-08-23,4745.0,1449.0,0.0,0,443.03,0.0,1,15.23,0.74,SPY231020P00370000,370.0,0,0.0,0.0,,0.0,normalDay
2023-08-24,4745.0,1433.0,0.0,0,436.89,0.0,1,15.23,0.9,SPY231020P00370000,370.0,0,0.0,0.0,,0.0,normalDay
2023-08-25,4745.0,1455.0,0.0,0,439.97,0.0,1,15.23,0.68,SPY231020P00370000,370.0,0,0.0,0.0,,0.0,normalDay
2023-08-28,4745.0,1470.0,0.0,0,442.76,0.0,1,15.23,0.53,SPY231020P00370000,370.0,0,0.0,0.0,,0.0,normalDay
2023-08-29,4745.0,1482.0,0.0,0,449.16,0.0,1,15.23,0.41,SPY231020P00370000,370.0,0,0.0,0.0,,0.0,normalDay
2023-08-30,4745.0,1486.0,0.0,0,451.01,0.0,1,15.23,0.37,SPY231020P00370000,370.0,0,0.0,0.0,,0.0,normalDay
2023-08-31,4745.0,1489.0,0.0,0,450.35,0.0,1,15.23,0.34,SPY231020P00370000,370.0,0,0.0,0.0,,0.0,normalDay
2023-09-01,4745.0,1491.0,0.0,0,451.19,0.0,1,15.23,0.32,SPY231020P00370000,370.0,0,0.0,0.0,,0.0,normalDay
2023-09-05,4745.0,1491.0,0.0,0,449.24,0.0,1,15.23,0.32,SPY231020P00370000,370.0,0,0.0,0.0,,0.0,normalDay
2023-09-06,4745.0,1489.0,0.0,0,446.22,0.0,1,15.23,0.34,SPY231020P00370000,370.0,0,0.0,0.0,,0.0,normalDay
2023-09-07,4745.0,1492.0,0.0,0,444.85,0.0,1,15.23,0.31,SPY231020P00370000,370.0,0,0.0,0.0,,0.0,normalDay
2023-09-08,4745.0,1495.0,0.0,0,445.52,0.0,1,15.23,0.28,SPY231020P00370000,370.0,0,0.0,0.0,,0.0,normalDay
2023-09-11,4745.0,1499.0,0.0,0,448.45,0.0,1,15.23,0.24,SPY231020P00370000,370.0,0,0.0,0.0,,0.0,normalDay
2023-09-12,4745.0,1498.0,0.0,0,445.99,0.0,1,15.23,0.25,SPY231020P00370000,370.0,0,0.0,0.0,,0.0,normalDay
2023-09-13,4745.0,1501.0,0.0,0,446.51,0.0,1,15.23,0.22,SPY231020P00370000,370.0,0,0.0,0.0,,0.0,normalDay
2023-09-14,4745.0,1503.0,0.0,0,450.36,0.0,1,15.23,0.2,SPY231020P00370000,370.0,0,0.0,0.0,,0.0,normalDay
2023-09-15,4745.0,1499.0,0.0,0,443.37,0.0,1,15.23,0.24,SPY231020P00370000,370.0,0,0.0,0.0,,0.0,normalDay
2023-09-18,4745.0,1503.0,0.0,0,443.63,0.0,1,15.23,0.2,SPY231020P00370000,370.0,0,0.0,0.0,,0.0,normalDay
2023-09-19,4745.0,1504.0,0.0,0,442.71,0.0,1,15.23,0.19,SPY231020P00370000,370.0,0,0.0,0.0,,0.0,normalDay
2023-09-20,4745.0,1500.0,0.0,0,438.64,0.0,1,15.23,0.23,SPY231020P00370000,370.0,0,0.0,0.0,,0.0,normalDay
2023-09-21,4745.0,1486.0,0.0,0,431.39,0.0,1,15.23,0.37,SPY231020P00370000,370.0,0,0.0,0.0,,0.0,normalDay
2023-09-22,4745.0,1488.0,0.0,0,430.42,0.0,1,15.23,0.35,SPY231020P00370000,370.0,0,0.0,0.0,,0.0,normalDay
2023-09-25,4745.0,1498.0,0.0,0,432.23,0.0,1,15.23,0.25,SPY231020P00370000,370.0,0,0.0,0.0,,0.0,normalDay
2023-09-26,4745.0,1485.0,0.0,0,425.88,0.0,1,15.23,0.38,SPY231020P00370000,370.0,0,0.0,0.0,,0.0,normalDay
2023-09-27,4745.0,1493.0,0.0,0,426.05,0.0,1,15.23,0.3,SPY231020P00370000,370.0,0,0.0,0.0,,0.0,normalDay
2023-09-28,4745.0,1500.0,0.0,0,428.52,0.0,1,15.23,0.23,SPY231020P00370000,370.0,0,0.0,0.0,,0.0,normalDay
2023-09-29,4745.0,1498.0,0.0,0,427.48,0.0,1,15.23,0.25,SPY231020P00370000,370.0,0,0.0,0.0,,0.0,normalDay
2023-10-02,4745.0,1507.0,0.0,0,427.31,0.0,1,15.23,0.16,SPY231020P00370000,370.0,0,0.0,0.0,,0.0,normalDay
2023-10-03,4745.0,1496.0,0.0,0,421.59,0.0,1,15.23,0.27,SPY231020P00370000,370.0,0,0.0,0.0,,0.0,normalDay
2023-10-04,4745.0,1504.0,0.0,0,424.66,0.0,1,15.23,0.19,SPY231020P00370000,370.0,0,0.0,0.0,,0.0,normalDay
2023-10-05,4745.0,1504.0,0.0,0,424.5,0.0,1,15.23,0.19,SPY231020P00370000,370.0,0,0.0,0.0,,0.0,normalDay
2023-10-06,4745.0,1511.0,0.0,0,429.54,0.0,1,15.23,0.12,SPY231020P00370000,370.0,0,0.0,0.0,,0.0,normalDay
2023-10-09,4745.0,1512.0,0.0,0,432.29,0.0,1,15.23,0.11,SPY231020P00370000,370.0,0,0.0,0.0,,0.0,normalDay
2023-10-10,4745.0,1512.0,0.0,0,434.54,0.0,1,15.23,0.11,SPY231020P00370000,370.0,0,0.0,0.0,,0.0,normalDay
2023-10-11,4745.0,1515.0,0.0,0,436.32,0.0,1,15.23,0.08,SPY231020P00370000,370.0,0,0.0,0.0,,0.0,normalDay
2023-10-12,4745.0,1516.0,0.0,0,433.66,0.0,1,15.23,0.07,SPY231020P00370000,370.0,0,0.0,0.0,,0.0,normalDay
2023-10-13,4745.0,1512.0,0.0,0,431.5,0.0,1,15.23,0.11,SPY231020P00370000,370.0,0,0.0,0.0,,0.0,normalDay
2023-10-16,4745.0,1518.0,0.0,0,436.04,0.0,1,15.23,0.05,SPY231020P00370000,370.0,0,0.0,0.0,,0.0,normalDay
2023-10-17,4745.0,1519.0,0.0,0,436.02,0.0,1,15.23,0.04,SPY231020P00370000,370.0,0,0.0,0.0,,0.0,normalDay
2023-10-18,4745.0,1520.0,0.0,0,430.21,0.0,1,15.23,0.03,SPY231020P00370000,370.0,0,0.0,0.0,,0.0,normalDay
2023-10-19,4745.0,1521.0,0.0,0,426.43,0.0,1,15.23,0.02,SPY231020P00370000,370.0,0,0.0,0.0,,0.0,normalDay
2023-10-20,6268.0,0.0,1523.0,0,421.19,0.0,1,15.23,0.0,SPY231020P00370000,370.0,0,0.0,0.0,,0.0,expirationDay
2023-10-23,6268.0,-30.0,0.0,0,420.46,0.0,1,11.61,11.91,SPY240328P00404000,404.0,0,0.0,0.0,,0.0,normalDay
2023-10-24,6268.0,-65.0,0.0,0,423.63,0.0,1,11.61,12.26,SPY240328P00404000,404.0,0,0.0,0.0,,0.0,normalDay
2023-10-25,6268.0,-117.0,0.0,0,417.55,0.0,1,11.61,12.78,SPY240328P00404000,404.0,0,0.0,0.0,,0.0,normalDay
2023-10-26,6268.0,-309.0,0.0,0,412.55,0.0,1,11.61,14.7,SPY240328P00404000,404.0,0,0.0,0.0,,0.0,normalDay
2023-10-27,6268.0,-358.0,0.0,0,410.68,0.0,1,11.61,15.19,SPY240328P00404000,404.0,0,0.0,0.0,,0.0,normalDay
2023-10-30,6268.0,-128.0,0.0,0,415.59,0.0,1,11.61,12.89,SPY240328P00404000,404.0,0,0.0,0.0,,0.0,normalDay
2023-10-31,6268.0,21.0,0.0,0,418.2,0.0,1,11.61,11.4,SPY240328P00404000,404.0,0,0.0,0.0,,0.0,normalDay
2023-11-01,6268.0,194.0,0.0,0,422.66,0.0,1,11.61,9.67,SPY240328P00404000,404.0,0,0.0,0.0,,0.0,normalDay
2023-11-02,6268.0,403.0,0.0,0,430.76,0.0,1,11.61,7.58,SPY240328P00404000,404.0,0,0.0,0.0,,0.0,normalDay
2023-11-03,6268.0,506.0,0.0,0,434.69,0.0,1,11.61,6.55,SPY240328P00404000,404.0,0,0.0,0.0,,0.0,normalDay
2023-11-06,6268.0,544.0,0.0,0,435.69,0.0,1,11.61,6.17,SPY240328P00404000,404.0,0,0.0,0.0,,0.0,normalDay
2023-11-07,6268.0,574.0,0.0,0,436.93,0.0,1,11.61,5.87,SPY240328P00404000,404.0,0,0.0,0.0,,0.0,normalDay
2023-11-08,6268.0,600.0,0.0,0,437.25,0.0,1,11.61,5.61,SPY240328P00404000,404.0,0,0.0,0.0,,0.0,normalDay
2023-11-09,6268.0,529.0,0.0,0,433.84,0.0,1,11.61,6.32,SPY240328P00404000,404.0,0,0.0,0.0,,0.0,normalDay
2023-11-10,6268.0,666.0,0.0,0,440.61,0.0,1,11.61,4.95,SPY240328P00404000,404.0,0,0.0,0.0,,0.0,normalDay
2023-11-13,6268.0,666.0,0.0,0,440.19,0.0,1,11.61,4.95,SPY240328P00404000,404.0,0,0.0,0.0,,0.0,normalDay
2023-11-14,6268.0,768.0,0.0,0,448.73,0.0,1,11.61,3.93,SPY240328P00404000,404.0,0,0.0,0.0,,0.0,normalDay
2023-11-15,6268.0,768.0,0.0,0,449.68,0.0,1,11.61,3.93,SPY240328P00404000,404.0,0,0.0,0.0,,0.0,normalDay
2023-11-16,6268.0,785.0,0.0,0,450.23,0.0,1,11.61,3.76,SPY240328P00404000,404.0,0,0.0,0.0,,0.0,normalDay
2023-11-17,6268.0,806.0,0.0,0,450.79,0.0,1,11.61,3.55,SPY240328P00404000,404.0,0,0.0,0.0,,0.0,normalDay
2023-11-20,6268.0,841.0,0.0,0,454.26,0.0,1,11.61,3.2,SPY240328P00404000,404.0,0,0.0,0.0,,0.0,normalDay
2023-11-21,6268.0,844.0,0.0,0,453.27,0.0,1,11.61,3.17,SPY240328P00404000,404.0,0,0.0,0.0,,0.0,normalDay
2023-11-22,6268.0,859.0,0.0,0,455.02,0.0,1,11.61,3.02,SPY240328P00404000,404.0,0,0.0,0.0,,0.0,normalDay
2023-11-24,6268.0,873.0,0.0,0,455.3,0.0,1,11.61,2.88,SPY240328P00404000,404.0,0,0.0,0.0,,0.0,normalDay
2023-11-27,6268.0,872.0,0.0,0,454.48,0.0,1,11.61,2.89,SPY240328P00404000,404.0,0,0.0,0.0,,0.0,normalDay
2023-11-28,6268.0,881.0,0.0,0,454.93,0.0,1,11.61,2.8,SPY240328P00404000,404.0,0,0.0,0.0,,0.0,normalDay
2023-11-29,6268.0,874.0,0.0,0,454.61,0.0,1,11.61,2.87,SPY240328P00404000,404.0,0,0.0,0.0,,0.0,normalDay
2023-11-30,6268.0,885.0,0.0,0,456.4,0.0,1,11.61,2.76,SPY240328P00404000,404.0,0,0.0,0.0,,0.0,normalDay
