date,totalCapital,unrializedPnL,rializedPnL,stocksOwned,stocksPriceToday,stocksPriceBoughtAt,putOwned,putOwnedSoldAt,putPriceToday,putOwnedContract,putOwnedStrike,callOwned,callOwnedSoldAt,callPriceToday,callOwnedContract,callOwnedStrike,trackType
2018-11-01,0.0,-6.0,0.0,0,273.51,0.0,1,3.51,3.57,SPY181207P00267000,267.0,0,0.0,0.0,,0.0,normalDay
2018-11-02,0.0,-38.0,0.0,0,271.89,0.0,1,3.51,3.89,SPY181207P00267000,267.0,0,0.0,0.0,,0.0,normalDay
2018-11-05,0.0,25.0,0.0,0,273.39,0.0,1,3.51,3.26,SPY181207P00267000,267.0,0,0.0,0.0,,0.0,normalDay
2018-11-06,0.0,71.0,0.0,0,275.12,0.0,1,3.51,2.8,SPY181207P00267000,267.0,0,0.0,0.0,,0.0,normalDay
2018-11-07,0.0,229.0,0.0,0,281.01,0.0,1,3.51,1.22,SPY181207P00267000,267.0,0,0.0,0.0,,0.0,normalDay
2018-11-08,0.0,224.0,0.0,0,280.5,0.0,1,3.51,1.27,SPY181207P00267000,267.0,0,0.0,0.0,,0.0,normalDay
2018-11-09,0.0,178.0,0.0,0,277.76,0.0,1,3.51,1.73,SPY181207P00267000,267.0,0,0.0,0.0,,0.0,normalDay
2018-11-12,0.0,42.0,0.0,0,272.57,0.0,1,3.51,3.09,SPY181207P00267000,267.0,0,0.0,0.0,,0.0,normalDay
2018-11-13,0.0,33.0,0.0,0,272.06,0.0,1,3.51,3.18,SPY181207P00267000,267.0,0,0.0,0.0,,0.0,normalDay
2018-11-14,0.0,-50.0,0.0,0,270.2,0.0,1,3.51,4.01,SPY181207P00267000,267.0,0,0.0,0.0,,0.0,normalDay
2018-11-15,0.0,79.0,0.0,0,273.02,0.0,1,3.51,2.72,SPY181207P00267000,267.0,0,0.0,0.0,,0.0,normalDay
2018-11-16,0.0,141.0,0.0,0,273.73,0.0,1,3.51,2.1,SPY181207P00267000,267.0,0,0.0,0.0,,0.0,normalDay
2018-11-19,0.0,-5.0,0.0,0,269.1,0.0,1,3.51,3.56,SPY181207P00267000,267.0,0,0.0,0.0,,0.0,normalDay
2018-11-20,0.0,-272.0,0.0,0,264.12,0.0,1,3.51,6.23,SPY181207P00267000,267.0,0,0.0,0.0,,0.0,normalDay
2018-11-21,0.0,-160.0,0.0,0,265.02,0.0,1,3.51,5.11,SPY181207P00267000,267.0,0,0.0,0.0,,0.0,normalDay
2018-11-23,0.0,-270.0,0.0,0,263.25,0.0,1,3.51,6.21,SPY181207P00267000,267.0,0,0.0,0.0,,0.0,normalDay
2018-11-26,0.0,49.0,0.0,0,267.5,0.0,1,3.51,3.02,SPY181207P00267000,267.0,0,0.0,0.0,,0.0,normalDay
2018-11-27,0.0,58.0,0.0,0,268.4,0.0,1,3.51,2.93,SPY181207P00267000,267.0,0,0.0,0.0,,0.0,normalDay
2018-11-28,0.0,228.0,0.0,0,274.58,0.0,1,3.51,1.23,SPY181207P00267000,267.0,0,0.0,0.0,,0.0,normalDay
2018-11-29,0.0,225.0,0.0,0,273.98,0.0,1,3.51,1.26,SPY181207P00267000,267.0,0,0.0,0.0,,0.0,normalDay
2018-11-30,0.0,266.0,0.0,0,275.65,0.0,1,3.51,0.85,SPY181207P00267000,267.0,0,0.0,0.0,,0.0,normalDay
2018-12-03,0.0,343.0,0.0,0,279.3,0.0,1,3.51,0.08,SPY181207P00267000,267.0,0,0.0,0.0,,0.0,normalDay
2018-12-04,0.0,215.0,0.0,0,270.25,0.0,1,3.51,1.36,SPY181207P00267000,267.0,0,0.0,0.0,,0.0,normalDay
2018-12-06,0.0,290.0,0.0,0,269.84,0.0,1,3.51,0.61,SPY181207P00267000,267.0,0,0.0,0.0,,0.0,normalDay
2018-12-07,351.0,-343.0,351.0,100,263.57,267.0,1,3.51,0.0,SPY181207P00267000,267.0,0,0.0,0.0,,0.0,expirationDay
2018-12-10,351.0,-300.0,0.0,100,264.07,267.0,0,0.0,0.0,,0.0,1,1.53,1.6,SPY190118C00277000,277.0,normalDay
2018-12-11,351.0,-276.0,0.0,100,264.13,267.0,0,0.0,0.0,,0.0,1,1.53,1.42,SPY190118C00277000,277.0,normalDay
2018-12-12,351.0,-155.0,0.0,100,265.46,267.0,0,0.0,0.0,,0.0,1,1.53,1.54,SPY190118C00277000,277.0,normalDay
2018-12-13,351.0,-143.0,0.0,100,265.37,267.0,0,0.0,0.0,,0.0,1,1.53,1.33,SPY190118C00277000,277.0,normalDay
2018-12-14,351.0,-570.0,0.0,100,260.47,267.0,0,0.0,0.0,,0.0,1,1.53,0.7,SPY190118C00277000,277.0,normalDay
2018-12-17,351.0,-1045.0,0.0,100,255.36,267.0,0,0.0,0.0,,0.0,1,1.53,0.34,SPY190118C00277000,277.0,normalDay
2018-12-18,351.0,-1074.0,0.0,100,255.08,267.0,0,0.0,0.0,,0.0,1,1.53,0.35,SPY190118C00277000,277.0,normalDay
2018-12-19,351.0,-1438.0,0.0,100,251.26,267.0,0,0.0,0.0,,0.0,1,1.53,0.17,SPY190118C00277000,277.0,normalDay
2018-12-20,351.0,-1845.0,0.0,100,247.17,267.0,0,0.0,0.0,,0.0,1,1.53,0.15,SPY190118C00277000,277.0,normalDay
2018-12-21,351.0,-2485.0,0.0,100,240.7,267.0,0,0.0,0.0,,0.0,1,1.53,0.08,SPY190118C00277000,277.0,normalDay
2018-12-24,351.0,-3118.0,0.0,100,234.34,267.0,0,0.0,0.0,,0.0,1,1.53,0.05,SPY190118C00277000,277.0,normalDay
2018-12-26,351.0,-1941.0,0.0,100,246.18,267.0,0,0.0,0.0,,0.0,1,1.53,0.12,SPY190118C00277000,277.0,normalDay
2018-12-27,351.0,-1754.0,0.0,100,248.07,267.0,0,0.0,0.0,,0.0,1,1.53,0.14,SPY190118C00277000,277.0,normalDay
2018-12-28,351.0,-1781.0,0.0,100,247.75,267.0,0,0.0,0.0,,0.0,1,1.53,0.09,SPY190118C00277000,277.0,normalDay
2018-12-31,351.0,-1560.0,0.0,100,249.92,267.0,0,0.0,0.0,,0.0,1,1.53,0.05,SPY190118C00277000,277.0,normalDay
2019-01-02,351.0,-1531.0,0.0,100,250.18,267.0,0,0.0,0.0,,0.0,1,1.53,0.02,SPY190118C00277000,277.0,normalDay
2019-01-03,351.0,-2128.0,0.0,100,244.21,267.0,0,0.0,0.0,,0.0,1,1.53,0.02,SPY190118C00277000,277.0,normalDay
2019-01-04,351.0,-1311.0,0.0,100,252.39,267.0,0,0.0,0.0,,0.0,1,1.53,0.03,SPY190118C00277000,277.0,normalDay
2019-01-07,351.0,-1112.0,0.0,100,254.38,267.0,0,0.0,0.0,,0.0,1,1.53,0.03,SPY190118C00277000,277.0,normalDay
2019-01-08,351.0,-873.0,0.0,100,256.77,267.0,0,0.0,0.0,,0.0,1,1.53,0.03,SPY190118C00277000,277.0,normalDay
2019-01-09,351.0,-754.0,0.0,100,257.97,267.0,0,0.0,0.0,,0.0,1,1.53,0.04,SPY190118C00277000,277.0,normalDay
2019-01-10,351.0,-662.0,0.0,100,258.88,267.0,0,0.0,0.0,,0.0,1,1.53,0.03,SPY190118C00277000,277.0,normalDay
2019-01-11,351.0,-651.0,0.0,100,258.98,267.0,0,0.0,0.0,,0.0,1,1.53,0.02,SPY190118C00277000,277.0,normalDay
2019-01-14,351.0,-808.0,0.0,100,257.4,267.0,0,0.0,0.0,,0.0,1,1.53,0.01,SPY190118C00277000,277.0,normalDay
2019-01-15,351.0,-513.0,0.0,100,260.35,267.0,0,0.0,0.0,,0.0,1,1.53,0.01,SPY190118C00277000,277.0,normalDay
2019-01-16,351.0,-450.0,0.0,100,260.98,267.0,0,0.0,0.0,,0.0,1,1.53,0.01,SPY190118C00277000,277.0,normalDay
2019-01-17,351.0,-252.0,0.0,100,262.96,267.0,0,0.0,0.0,,0.0,1,1.53,0.01,SPY190118C00277000,277.0,normalDay
2019-01-18,504.0,-54.0,153.0,100,266.46,267.0,0,0.0,0.0,,0.0,1,1.53,0.0,SPY190118C00277000,277.0,expirationDay
2019-01-22,504.0,-422.0,0.0,100,262.86,267.0,0,0.0,0.0,,0.0,1,5.48,5.56,SPY190301C00264000,264.0,normalDay
2019-01-23,504.0,-365.0,0.0,100,263.41,267.0,0,0.0,0.0,,0.0,1,5.48,5.54,SPY190301C00264000,264.0,normalDay
2019-01-24,504.0,-291.0,0.0,100,263.55,267.0,0,0.0,0.0,,0.0,1,5.48,4.94,SPY190301C00264000,264.0,normalDay
2019-01-25,504.0,-217.0,0.0,100,265.78,267.0,0,0.0,0.0,,0.0,1,5.48,6.43,SPY190301C00264000,264.0,normalDay
2019-01-28,504.0,-302.0,0.0,100,263.76,267.0,0,0.0,0.0,,0.0,1,5.48,5.26,SPY190301C00264000,264.0,normalDay
2019-01-29,504.0,-310.0,0.0,100,263.41,267.0,0,0.0,0.0,,0.0,1,5.48,4.99,SPY190301C00264000,264.0,normalDay
2019-01-30,504.0,-111.0,0.0,100,267.58,267.0,0,0.0,0.0,,0.0,1,5.48,7.17,SPY190301C00264000,264.0,normalDay
2019-01-31,504.0,-49.0,0.0,100,269.93,267.0,0,0.0,0.0,,0.0,1,5.48,8.9,SPY190301C00264000,264.0,normalDay
2019-02-01,504.0,-5.0,0.0,100,270.06,267.0,0,0.0,0.0,,0.0,1,5.48,8.59,SPY190301C00264000,264.0,normalDay
2019-02-04,504.0,76.0,0.0,100,271.96,267.0,0,0.0,0.0,,0.0,1,5.48,9.68,SPY190301C00264000,264.0,normalDay
2019-02-05,504.0,110.0,0.0,100,273.1,267.0,0,0.0,0.0,,0.0,1,5.48,10.48,SPY190301C00264000,264.0,normalDay
2019-02-06,504.0,102.0,0.0,100,272.74,267.0,0,0.0,0.0,,0.0,1,5.48,10.2,SPY190301C00264000,264.0,normalDay
2019-02-07,504.0,34.0,0.0,100,270.14,267.0,0,0.0,0.0,,0.0,1,5.48,8.28,SPY190301C00264000,264.0,normalDay
2019-02-08,504.0,77.0,0.0,100,270.47,267.0,0,0.0,0.0,,0.0,1,5.48,8.18,SPY190301C00264000,264.0,normalDay
2019-02-11,504.0,88.0,0.0,100,270.62,267.0,0,0.0,0.0,,0.0,1,5.48,8.22,SPY190301C00264000,264.0,normalDay
2019-02-12,504.0,123.0,0.0,100,274.1,267.0,0,0.0,0.0,,0.0,1,5.48,11.35,SPY190301C00264000,264.0,normalDay
2019-02-13,504.0,163.0,0.0,100,274.99,267.0,0,0.0,0.0,,0.0,1,5.48,11.84,SPY190301C00264000,264.0,normalDay
2019-02-14,504.0,160.0,0.0,100,274.38,267.0,0,0.0,0.0,,0.0,1,5.48,11.26,SPY190301C00264000,264.0,normalDay
2019-02-15,504.0,184.0,0.0,100,277.37,267.0,0,0.0,0.0,,0.0,1,5.48,14.01,SPY190301C00264000,264.0,normalDay
2019-02-19,504.0,228.0,0.0,100,277.85,267.0,0,0.0,0.0,,0.0,1,5.48,14.05,SPY190301C00264000,264.0,normalDay
2019-02-20,504.0,207.0,0.0,100,278.41,267.0,0,0.0,0.0,,0.0,1,5.48,14.82,SPY190301C00264000,264.0,normalDay
2019-02-21,504.0,205.0,0.0,100,277.42,267.0,0,0.0,0.0,,0.0,1,5.48,13.85,SPY190301C00264000,264.0,normalDay
2019-02-22,504.0,220.0,0.0,100,279.14,267.0,0,0.0,0.0,,0.0,1,5.48,15.42,SPY190301C00264000,264.0,normalDay
2019-02-25,504.0,215.0,0.0,100,279.52,267.0,0,0.0,0.0,,0.0,1,5.48,15.85,SPY190301C00264000,264.0,normalDay
2019-02-26,504.0,234.0,0.0,100,279.32,267.0,0,0.0,0.0,,0.0,1,5.48,15.46,SPY190301C00264000,264.0,normalDay
2019-02-27,504.0,211.0,0.0,100,279.2,267.0,0,0.0,0.0,,0.0,1,5.48,15.57,SPY190301C00264000,264.0,normalDay
2019-02-28,504.0,238.0,0.0,100,278.68,267.0,0,0.0,0.0,,0.0,1,5.48,14.78,SPY190301C00264000,264.0,normalDay
2019-03-01,752.0,238.0,248.0,0,280.42,0.0,0,0.0,0.0,,0.0,1,5.48,0.0,SPY190301C00264000,264.0,expirationDay
2019-03-04,752.0,-6.0,0.0,0,279.4,0.0,1,2.39,2.45,SPY190412P00272000,272.0,0,0.0,0.0,,0.0,normalDay
2019-03-05,752.0,-10.0,0.0,0,279.02,0.0,1,2.39,2.49,SPY190412P00272000,272.0,0,0.0,0.0,,0.0,normalDay
2019-03-06,752.0,-65.0,0.0,0,277.33,0.0,1,2.39,3.04,SPY190412P00272000,272.0,0,0.0,0.0,,0.0,normalDay
2019-03-07,752.0,-147.0,0.0,0,275.01,0.0,1,2.39,3.86,SPY190412P00272000,272.0,0,0.0,0.0,,0.0,normalDay
2019-03-08,752.0,-149.0,0.0,0,274.46,0.0,1,2.39,3.88,SPY190412P00272000,272.0,0,0.0,0.0,,0.0,normalDay
2019-03-11,752.0,12.0,0.0,0,278.44,0.0,1,2.39,2.27,SPY190412P00272000,272.0,0,0.0,0.0,,0.0,normalDay
2019-03-12,752.0,53.0,0.0,0,279.49,0.0,1,2.39,1.86,SPY190412P00272000,272.0,0,0.0,0.0,,0.0,normalDay
2019-03-13,752.0,105.0,0.0,0,281.34,0.0,1,2.39,1.34,SPY190412P00272000,272.0,0,0.0,0.0,,0.0,normalDay
2019-03-14,752.0,103.0,0.0,0,281.16,0.0,1,2.39,1.36,SPY190412P00272000,272.0,0,0.0,0.0,,0.0,normalDay
2019-03-15,752.0,135.0,0.0,0,281.31,0.0,1,2.39,1.04,SPY190412P00272000,272.0,0,0.0,0.0,,0.0,normalDay
2019-03-18,752.0,153.0,0.0,0,282.33,0.0,1,2.39,0.86,SPY190412P00272000,272.0,0,0.0,0.0,,0.0,normalDay
2019-03-19,752.0,144.0,0.0,0,282.4,0.0,1,2.39,0.95,SPY190412P00272000,272.0,0,0.0,0.0,,0.0,normalDay
2019-03-20,752.0,135.0,0.0,0,281.55,0.0,1,2.39,1.04,SPY190412P00272000,272.0,0,0.0,0.0,,0.0,normalDay
2019-03-21,752.0,171.0,0.0,0,284.73,0.0,1,2.39,0.68,SPY190412P00272000,272.0,0,0.0,0.0,,0.0,normalDay
2019-03-22,752.0,68.0,0.0,0,279.25,0.0,1,2.39,1.71,SPY190412P00272000,272.0,0,0.0,0.0,,0.0,normalDay
2019-03-25,752.0,82.0,0.0,0,279.04,0.0,1,2.39,1.57,SPY190412P00272000,272.0,0,0.0,0.0,,0.0,normalDay
2019-03-26,752.0,147.0,0.0,0,281.12,0.0,1,2.39,0.92,SPY190412P00272000,272.0,0,0.0,0.0,,0.0,normalDay
2019-03-27,752.0,129.0,0.0,0,279.65,0.0,1,2.39,1.1,SPY190412P00272000,272.0,0,0.0,0.0,,0.0,normalDay
2019-03-28,752.0,164.0,0.0,0,280.71,0.0,1,2.39,0.75,SPY190412P00272000,272.0,0,0.0,0.0,,0.0,normalDay
2019-03-29,752.0,198.0,0.0,0,282.48,0.0,1,2.39,0.41,SPY190412P00272000,272.0,0,0.0,0.0,,0.0,normalDay
2019-04-01,752.0,221.0,0.0,0,285.83,0.0,1,2.39,0.18,SPY190412P00272000,272.0,0,0.0,0.0,,0.0,normalDay
2019-04-02,752.0,224.0,0.0,0,285.97,0.0,1,2.39,0.15,SPY190412P00272000,272.0,0,0.0,0.0,,0.0,normalDay
2019-04-03,752.0,227.0,0.0,0,286.42,0.0,1,2.39,0.12,SPY190412P00272000,272.0,0,0.0,0.0,,0.0,normalDay
2019-04-04,752.0,231.0,0.0,0,287.18,0.0,1,2.39,0.08,SPY190412P00272000,272.0,0,0.0,0.0,,0.0,normalDay
2019-04-05,752.0,236.0,0.0,0,288.57,0.0,1,2.39,0.03,SPY190412P00272000,272.0,0,0.0,0.0,,0.0,normalDay
2019-04-08,752.0,237.0,0.0,0,288.79,0.0,1,2.39,0.02,SPY190412P00272000,272.0,0,0.0,0.0,,0.0,normalDay
2019-04-09,752.0,237.0,0.0,0,287.31,0.0,1,2.39,0.02,SPY190412P00272000,272.0,0,0.0,0.0,,0.0,normalDay
2019-04-10,752.0,238.0,0.0,0,288.29,0.0,1,2.39,0.01,SPY190412P00272000,272.0,0,0.0,0.0,,0.0,normalDay
2019-04-11,752.0,238.0,0.0,0,288.21,0.0,1,2.39,0.01,SPY190412P00272000,272.0,0,0.0,0.0,,0.0,normalDay
2019-04-12,991.0,0.0,239.0,0,290.16,0.0,1,2.39,0.0,SPY190412P00272000,272.0,0,0.0,0.0,,0.0,expirationDay
2019-04-15,991.0,-4.0,0.0,0,289.97,0.0,1,1.51,1.55,SPY190524P00281000,281.0,0,0.0,0.0,,0.0,normalDay
2019-04-16,991.0,1.0,0.0,0,290.16,0.0,1,1.51,1.5,SPY190524P00281000,281.0,0,0.0,0.0,,0.0,normalDay
2019-04-17,991.0,-13.0,0.0,0,289.45,0.0,1,1.51,1.64,SPY190524P00281000,281.0,0,0.0,0.0,,0.0,normalDay
2019-04-18,991.0,8.0,0.0,0,290.02,0.0,1,1.51,1.43,SPY190524P00281000,281.0,0,0.0,0.0,,0.0,normalDay
2019-04-22,991.0,28.0,0.0,0,290.27,0.0,1,1.51,1.23,SPY190524P00281000,281.0,0,0.0,0.0,,0.0,normalDay
2019-04-23,991.0,56.0,0.0,0,292.88,0.0,1,1.51,0.95,SPY190524P00281000,281.0,0,0.0,0.0,,0.0,normalDay
2019-04-24,991.0,42.0,0.0,0,292.23,0.0,1,1.51,1.09,SPY190524P00281000,281.0,0,0.0,0.0,,0.0,normalDay
2019-04-25,991.0,41.0,0.0,0,292.05,0.0,1,1.51,1.1,SPY190524P00281000,281.0,0,0.0,0.0,,0.0,normalDay
2019-04-26,991.0,63.0,0.0,0,293.41,0.0,1,1.51,0.88,SPY190524P00281000,281.0,0,0.0,0.0,,0.0,normalDay
2019-04-29,991.0,72.0,0.0,0,293.87,0.0,1,1.51,0.79,SPY190524P00281000,281.0,0,0.0,0.0,,0.0,normalDay
2019-04-30,991.0,75.0,0.0,0,294.02,0.0,1,1.51,0.76,SPY190524P00281000,281.0,0,0.0,0.0,,0.0,normalDay
2019-05-01,991.0,38.0,0.0,0,291.81,0.0,1,1.51,1.13,SPY190524P00281000,281.0,0,0.0,0.0,,0.0,normalDay
2019-05-02,991.0,37.0,0.0,0,291.18,0.0,1,1.51,1.14,SPY190524P00281000,281.0,0,0.0,0.0,,0.0,normalDay
2019-05-03,991.0,88.0,0.0,0,294.03,0.0,1,1.51,0.63,SPY190524P00281000,281.0,0,0.0,0.0,,0.0,normalDay
2019-05-06,991.0,54.0,0.0,0,292.82,0.0,1,1.51,0.97,SPY190524P00281000,281.0,0,0.0,0.0,,0.0,normalDay
2019-05-07,991.0,-94.0,0.0,0,287.93,0.0,1,1.51,2.45,SPY190524P00281000,281.0,0,0.0,0.0,,0.0,normalDay
2019-05-08,991.0,-90.0,0.0,0,287.53,0.0,1,1.51,2.41,SPY190524P00281000,281.0,0,0.0,0.0,,0.0,normalDay
2019-05-09,991.0,-99.0,0.0,0,286.66,0.0,1,1.51,2.5,SPY190524P00281000,281.0,0,0.0,0.0,,0.0,normalDay
2019-05-10,991.0,3.0,0.0,0,288.1,0.0,1,1.51,1.48,SPY190524P00281000,281.0,0,0.0,0.0,,0.0,normalDay
2019-05-13,991.0,-264.0,0.0,0,280.86,0.0,1,1.51,4.15,SPY190524P00281000,281.0,0,0.0,0.0,,0.0,normalDay
2019-05-14,991.0,-96.0,0.0,0,283.4,0.0,1,1.51,2.47,SPY190524P00281000,281.0,0,0.0,0.0,,0.0,normalDay
2019-05-15,991.0,9.0,0.0,0,285.06,0.0,1,1.51,1.42,SPY190524P00281000,281.0,0,0.0,0.0,,0.0,normalDay
2019-05-16,991.0,78.0,0.0,0,287.7,0.0,1,1.51,0.73,SPY190524P00281000,281.0,0,0.0,0.0,,0.0,normalDay
2019-05-17,991.0,45.0,0.0,0,285.84,0.0,1,1.51,1.06,SPY190524P00281000,281.0,0,0.0,0.0,,0.0,normalDay
2019-05-20,991.0,47.0,0.0,0,283.95,0.0,1,1.51,1.04,SPY190524P00281000,281.0,0,0.0,0.0,,0.0,normalDay
2019-05-21,991.0,124.0,0.0,0,286.51,0.0,1,1.51,0.27,SPY190524P00281000,281.0,0,0.0,0.0,,0.0,normalDay
2019-05-22,991.0,132.0,0.0,0,285.63,0.0,1,1.51,0.19,SPY190524P00281000,281.0,0,0.0,0.0,,0.0,normalDay
2019-05-23,991.0,71.0,0.0,0,282.14,0.0,1,1.51,0.8,SPY190524P00281000,281.0,0,0.0,0.0,,0.0,normalDay
2019-05-24,1142.0,0.0,151.0,0,282.78,0.0,1,1.51,0.0,SPY190524P00281000,281.0,0,0.0,0.0,,0.0,expirationDay
2019-05-28,1142.0,-7.0,0.0,0,280.15,0.0,1,6.95,7.02,SPY190705P00282500,282.5,0,0.0,0.0,,0.0,normalDay
2019-05-29,1142.0,-135.0,0.0,0,278.27,0.0,1,6.95,8.3,SPY190705P00282500,282.5,0,0.0,0.0,,0.0,normalDay
2019-05-30,1142.0,-77.0,0.0,0,279.03,0.0,1,6.95,7.72,SPY190705P00282500,282.5,0,0.0,0.0,,0.0,normalDay
2019-05-31,1142.0,-337.0,0.0,0,275.27,0.0,1,6.95,10.32,SPY190705P00282500,282.5,0,0.0,0.0,,0.0,normalDay
2019-06-03,1142.0,-353.0,0.0,0,274.57,0.0,1,6.95,10.48,SPY190705P00282500,282.5,0,0.0,0.0,,0.0,normalDay
2019-06-04,1142.0,48.0,0.0,0,280.53,0.0,1,6.95,6.47,SPY190705P00282500,282.5,0,0.0,0.0,,0.0,normalDay
2019-06-05,1142.0,197.0,0.0,0,282.96,0.0,1,6.95,4.98,SPY190705P00282500,282.5,0,0.0,0.0,,0.0,normalDay
2019-06-06,1142.0,288.0,0.0,0,284.8,0.0,1,6.95,4.07,SPY190705P00282500,282.5,0,0.0,0.0,,0.0,normalDay
2019-06-07,1142.0,379.0,0.0,0,287.65,0.0,1,6.95,3.16,SPY190705P00282500,282.5,0,0.0,0.0,,0.0,normalDay
2019-06-10,1142.0,443.0,0.0,0,288.97,0.0,1,6.95,2.52,SPY190705P00282500,282.5,0,0.0,0.0,,0.0,normalDay
2019-06-11,1142.0,439.0,0.0,0,288.9,0.0,1,6.95,2.56,SPY190705P00282500,282.5,0,0.0,0.0,,0.0,normalDay
2019-06-12,1142.0,439.0,0.0,0,288.39,0.0,1,6.95,2.56,SPY190705P00282500,282.5,0,0.0,0.0,,0.0,normalDay
2019-06-13,1142.0,474.0,0.0,0,289.58,0.0,1,6.95,2.21,SPY190705P00282500,282.5,0,0.0,0.0,,0.0,normalDay
2019-06-14,1142.0,492.0,0.0,0,289.26,0.0,1,6.95,2.03,SPY190705P00282500,282.5,0,0.0,0.0,,0.0,normalDay
2019-06-17,1142.0,510.0,0.0,0,289.37,0.0,1,6.95,1.85,SPY190705P00282500,282.5,0,0.0,0.0,,0.0,normalDay
2019-06-18,1142.0,572.0,0.0,0,292.4,0.0,1,6.95,1.23,SPY190705P00282500,282.5,0,0.0,0.0,,0.0,normalDay
2019-06-19,1142.0,605.0,0.0,0,293.06,0.0,1,6.95,0.9,SPY190705P00282500,282.5,0,0.0,0.0,,0.0,normalDay
2019-06-20,1142.0,628.0,0.0,0,295.86,0.0,1,6.95,0.67,SPY190705P00282500,282.5,0,0.0,0.0,,0.0,normalDay
2019-06-21,1142.0,629.0,0.0,0,294.0,0.0,1,6.95,0.66,SPY190705P00282500,282.5,0,0.0,0.0,,0.0,normalDay
2019-06-24,1142.0,640.0,0.0,0,293.64,0.0,1,6.95,0.55,SPY190705P00282500,282.5,0,0.0,0.0,,0.0,normalDay
2019-06-25,1142.0,608.0,0.0,0,290.76,0.0,1,6.95,0.87,SPY190705P00282500,282.5,0,0.0,0.0,,0.0,normalDay
2019-06-26,1142.0,616.0,0.0,0,290.47,0.0,1,6.95,0.79,SPY190705P00282500,282.5,0,0.0,0.0,,0.0,normalDay
2019-06-27,1142.0,643.0,0.0,0,291.5,0.0,1,6.95,0.52,SPY190705P00282500,282.5,0,0.0,0.0,,0.0,normalDay
2019-06-28,1142.0,662.0,0.0,0,293.0,0.0,1,6.95,0.33,SPY190705P00282500,282.5,0,0.0,0.0,,0.0,normalDay
2019-07-01,1142.0,691.0,0.0,0,295.66,0.0,1,6.95,0.04,SPY190705P00282500,282.5,0,0.0,0.0,,0.0,normalDay
2019-07-02,1142.0,692.0,0.0,0,296.43,0.0,1,6.95,0.03,SPY190705P00282500,282.5,0,0.0,0.0,,0.0,normalDay
2019-07-03,1142.0,694.0,0.0,0,298.8,0.0,1,6.95,0.01,SPY190705P00282500,282.5,0,0.0,0.0,,0.0,normalDay
2019-07-05,1837.0,0.0,695.0,0,298.46,0.0,1,6.95,0.0,SPY190705P00282500,282.5,0,0.0,0.0,,0.0,expirationDay
2019-07-08,1837.0,-3.0,0.0,0,296.82,0.0,1,2.16,2.19,SPY190816P00289000,289.0,0,0.0,0.0,,0.0,normalDay
2019-07-09,1837.0,-4.0,0.0,0,297.19,0.0,1,2.16,2.2,SPY190816P00289000,289.0,0,0.0,0.0,,0.0,normalDay
2019-07-10,1837.0,49.0,0.0,0,298.61,0.0,1,2.16,1.67,SPY190816P00289000,289.0,0,0.0,0.0,,0.0,normalDay
2019-07-11,1837.0,65.0,0.0,0,299.31,0.0,1,2.16,1.51,SPY190816P00289000,289.0,0,0.0,0.0,,0.0,normalDay
2019-07-12,1837.0,92.0,0.0,0,300.65,0.0,1,2.16,1.24,SPY190816P00289000,289.0,0,0.0,0.0,,0.0,normalDay
2019-07-15,1837.0,101.0,0.0,0,300.75,0.0,1,2.16,1.15,SPY190816P00289000,289.0,0,0.0,0.0,,0.0,normalDay
2019-07-16,1837.0,93.0,0.0,0,299.78,0.0,1,2.16,1.23,SPY190816P00289000,289.0,0,0.0,0.0,,0.0,normalDay
2019-07-17,1837.0,53.0,0.0,0,297.74,0.0,1,2.16,1.63,SPY190816P00289000,289.0,0,0.0,0.0,,0.0,normalDay
2019-07-18,1837.0,78.0,0.0,0,298.83,0.0,1,2.16,1.38,SPY190816P00289000,289.0,0,0.0,0.0,,0.0,normalDay
2019-07-19,1837.0,46.0,0.0,0,297.17,0.0,1,2.16,1.7,SPY190816P00289000,289.0,0,0.0,0.0,,0.0,normalDay
2019-07-22,1837.0,86.0,0.0,0,297.9,0.0,1,2.16,1.3,SPY190816P00289000,289.0,0,0.0,0.0,,0.0,normalDay
2019-07-23,1837.0,129.0,0.0,0,300.03,0.0,1,2.16,0.87,SPY190816P00289000,289.0,0,0.0,0.0,,0.0,normalDay
2019-07-24,1837.0,150.0,0.0,0,301.44,0.0,1,2.16,0.66,SPY190816P00289000,289.0,0,0.0,0.0,,0.0,normalDay
2019-07-25,1837.0,136.0,0.0,0,300.0,0.0,1,2.16,0.8,SPY190816P00289000,289.0,0,0.0,0.0,,0.0,normalDay
2019-07-26,1837.0,161.0,0.0,0,302.01,0.0,1,2.16,0.55,SPY190816P00289000,289.0,0,0.0,0.0,,0.0,normalDay
2019-07-29,1837.0,163.0,0.0,0,301.46,0.0,1,2.16,0.53,SPY190816P00289000,289.0,0,0.0,0.0,,0.0,normalDay
2019-07-30,1837.0,147.0,0.0,0,300.72,0.0,1,2.16,0.69,SPY190816P00289000,289.0,0,0.0,0.0,,0.0,normalDay
2019-07-31,1837.0,85.0,0.0,0,297.43,0.0,1,2.16,1.31,SPY190816P00289000,289.0,0,0.0,0.0,,0.0,normalDay
2019-08-01,1837.0,16.0,0.0,0,294.84,0.0,1,2.16,2.0,SPY190816P00289000,289.0,0,0.0,0.0,,0.0,normalDay
2019-08-02,1837.0,-25.0,0.0,0,292.62,0.0,1,2.16,2.41,SPY190816P00289000,289.0,0,0.0,0.0,,0.0,normalDay
2019-08-05,1837.0,-564.0,0.0,0,283.82,0.0,1,2.16,7.8,SPY190816P00289000,289.0,0,0.0,0.0,,0.0,normalDay
2019-08-06,1837.0,-207.0,0.0,0,287.8,0.0,1,2.16,4.23,SPY190816P00289000,289.0,0,0.0,0.0,,0.0,normalDay
2019-08-07,1837.0,-177.0,0.0,0,287.97,0.0,1,2.16,3.93,SPY190816P00289000,289.0,0,0.0,0.0,,0.0,normalDay
2019-08-08,1837.0,87.0,0.0,0,293.62,0.0,1,2.16,1.29,SPY190816P00289000,289.0,0,0.0,0.0,,0.0,normalDay
2019-08-09,1837.0,46.0,0.0,0,291.62,0.0,1,2.16,1.7,SPY190816P00289000,289.0,0,0.0,0.0,,0.0,normalDay
2019-08-12,1837.0,-107.0,0.0,0,288.07,0.0,1,2.16,3.23,SPY190816P00289000,289.0,0,0.0,0.0,,0.0,normalDay
2019-08-13,1837.0,129.0,0.0,0,292.55,0.0,1,2.16,0.87,SPY190816P00289000,289.0,0,0.0,0.0,,0.0,normalDay
2019-08-14,1837.0,-331.0,0.0,0,283.9,0.0,1,2.16,5.47,SPY190816P00289000,289.0,0,0.0,0.0,,0.0,normalDay
2019-08-15,1837.0,-218.0,0.0,0,284.65,0.0,1,2.16,4.34,SPY190816P00289000,289.0,0,0.0,0.0,,0.0,normalDay
2019-08-16,2053.0,-15.0,216.0,100,288.85,289.0,1,2.16,0.0,SPY190816P00289000,289.0,0,0.0,0.0,,0.0,expirationDay
2019-08-19,2053.0,329.0,0.0,100,292.33,289.0,0,0.0,0.0,,0.0,1,1.45,1.49,SPY190930C00301000,301.0,normalDay
2019-08-20,2053.0,155.0,0.0,100,290.09,289.0,0,0.0,0.0,,0.0,1,1.45,0.99,SPY190930C00301000,301.0,normalDay
2019-08-21,2053.0,352.0,0.0,100,292.45,289.0,0,0.0,0.0,,0.0,1,1.45,1.38,SPY190930C00301000,301.0,normalDay
2019-08-22,2053.0,352.0,0.0,100,292.36,289.0,0,0.0,0.0,,0.0,1,1.45,1.29,SPY190930C00301000,301.0,normalDay
2019-08-23,2053.0,-317.0,0.0,100,284.85,289.0,0,0.0,0.0,,0.0,1,1.45,0.47,SPY190930C00301000,301.0,normalDay
2019-08-26,2053.0,-21.0,0.0,100,288.0,289.0,0,0.0,0.0,,0.0,1,1.45,0.66,SPY190930C00301000,301.0,normalDay
2019-08-27,2053.0,-121.0,0.0,100,286.87,289.0,0,0.0,0.0,,0.0,1,1.45,0.53,SPY190930C00301000,301.0,normalDay
2019-08-28,2053.0,65.0,0.0,100,288.89,289.0,0,0.0,0.0,,0.0,1,1.45,0.69,SPY190930C00301000,301.0,normalDay
2019-08-29,2053.0,391.0,0.0,100,292.58,289.0,0,0.0,0.0,,0.0,1,1.45,1.12,SPY190930C00301000,301.0,normalDay
2019-08-30,2053.0,382.0,0.0,100,292.45,289.0,0,0.0,0.0,,0.0,1,1.45,1.08,SPY190930C00301000,301.0,normalDay
2019-09-03,2053.0,262.0,0.0,100,290.74,289.0,0,0.0,0.0,,0.0,1,1.45,0.57,SPY190930C00301000,301.0,normalDay
2019-09-04,2053.0,559.0,0.0,100,294.04,289.0,0,0.0,0.0,,0.0,1,1.45,0.9,SPY190930C00301000,301.0,normalDay
2019-09-05,2053.0,853.0,0.0,100,297.82,289.0,0,0.0,0.0,,0.0,1,1.45,1.74,SPY190930C00301000,301.0,normalDay
2019-09-06,2053.0,882.0,0.0,100,298.05,289.0,0,0.0,0.0,,0.0,1,1.45,1.68,SPY190930C00301000,301.0,normalDay
2019-09-09,2053.0,922.0,0.0,100,298.2,289.0,0,0.0,0.0,,0.0,1,1.45,1.43,SPY190930C00301000,301.0,normalDay
2019-09-10,2053.0,928.0,0.0,100,298.13,289.0,0,0.0,0.0,,0.0,1,1.45,1.3,SPY190930C00301000,301.0,normalDay
2019-09-11,2053.0,1050.0,0.0,100,300.25,289.0,0,0.0,0.0,,0.0,1,1.45,2.2,SPY190930C00301000,301.0,normalDay
2019-09-12,2053.0,1107.0,0.0,100,301.29,289.0,0,0.0,0.0,,0.0,1,1.45,2.67,SPY190930C00301000,301.0,normalDay
2019-09-13,2053.0,1128.0,0.0,100,301.09,289.0,0,0.0,0.0,,0.0,1,1.45,2.26,SPY190930C00301000,301.0,normalDay
2019-09-16,2053.0,1083.0,0.0,100,300.16,289.0,0,0.0,0.0,,0.0,1,1.45,1.78,SPY190930C00301000,301.0,normalDay
2019-09-17,2053.0,1144.0,0.0,100,300.92,289.0,0,0.0,0.0,,0.0,1,1.45,1.93,SPY190930C00301000,301.0,normalDay
2019-09-18,2053.0,1167.0,0.0,100,301.1,289.0,0,0.0,0.0,,0.0,1,1.45,1.88,SPY190930C00301000,301.0,normalDay
2019-09-19,2053.0,1205.0,0.0,100,301.08,289.0,0,0.0,0.0,,0.0,1,1.45,1.48,SPY190930C00301000,301.0,normalDay
2019-09-20,2053.0,982.0,0.0,100,298.28,289.0,0,0.0,0.0,,0.0,1,1.45,0.91,SPY190930C00301000,301.0,normalDay
2019-09-23,2053.0,1006.0,0.0,100,298.21,289.0,0,0.0,0.0,,0.0,1,1.45,0.6,SPY190930C00301000,301.0,normalDay
2019-09-24,2053.0,804.0,0.0,100,295.87,289.0,0,0.0,0.0,,0.0,1,1.45,0.28,SPY190930C00301000,301.0,normalDay
2019-09-25,2053.0,980.0,0.0,100,297.62,289.0,0,0.0,0.0,,0.0,1,1.45,0.27,SPY190930C00301000,301.0,normalDay
2019-09-26,2053.0,934.0,0.0,100,297.0,289.0,0,0.0,0.0,,0.0,1,1.45,0.11,SPY190930C00301000,301.0,normalDay
2019-09-27,2053.0,783.0,0.0,100,295.4,289.0,0,0.0,0.0,,0.0,1,1.45,0.02,SPY190930C00301000,301.0,normalDay
2019-09-30,2198.0,777.0,145.0,100,296.77,289.0,0,0.0,0.0,,0.0,1,1.45,0.0,SPY190930C00301000,301.0,expirationDay
2019-10-01,2198.0,419.0,0.0,100,293.24,289.0,0,0.0,0.0,,0.0,1,2.35,2.4,SPY191108C00301000,301.0,normalDay
2019-10-02,2198.0,25.0,0.0,100,288.06,289.0,0,0.0,0.0,,0.0,1,2.35,1.16,SPY191108C00301000,301.0,normalDay
2019-10-03,2198.0,224.0,0.0,100,290.42,289.0,0,0.0,0.0,,0.0,1,2.35,1.53,SPY191108C00301000,301.0,normalDay
2019-10-04,2198.0,543.0,0.0,100,294.35,289.0,0,0.0,0.0,,0.0,1,2.35,2.27,SPY191108C00301000,301.0,normalDay
2019-10-07,2198.0,470.0,0.0,100,293.08,289.0,0,0.0,0.0,,0.0,1,2.35,1.73,SPY191108C00301000,301.0,normalDay
2019-10-08,2198.0,92.0,0.0,100,288.53,289.0,0,0.0,0.0,,0.0,1,2.35,0.96,SPY191108C00301000,301.0,normalDay
2019-10-09,2198.0,338.0,0.0,100,291.27,289.0,0,0.0,0.0,,0.0,1,2.35,1.24,SPY191108C00301000,301.0,normalDay
2019-10-10,2198.0,488.0,0.0,100,293.24,289.0,0,0.0,0.0,,0.0,1,2.35,1.71,SPY191108C00301000,301.0,normalDay
2019-10-11,2198.0,724.0,0.0,100,296.28,289.0,0,0.0,0.0,,0.0,1,2.35,2.39,SPY191108C00301000,301.0,normalDay
2019-10-14,2198.0,761.0,0.0,100,295.95,289.0,0,0.0,0.0,,0.0,1,2.35,1.69,SPY191108C00301000,301.0,normalDay
2019-10-15,2198.0,959.0,0.0,100,298.88,289.0,0,0.0,0.0,,0.0,1,2.35,2.64,SPY191108C00301000,301.0,normalDay
2019-10-16,2198.0,936.0,0.0,100,298.4,289.0,0,0.0,0.0,,0.0,1,2.35,2.39,SPY191108C00301000,301.0,normalDay
2019-10-17,2198.0,1001.0,0.0,100,299.28,289.0,0,0.0,0.0,,0.0,1,2.35,2.62,SPY191108C00301000,301.0,normalDay
2019-10-18,2198.0,923.0,0.0,100,297.97,289.0,0,0.0,0.0,,0.0,1,2.35,2.09,SPY191108C00301000,301.0,normalDay
2019-10-21,2198.0,1066.0,0.0,100,299.99,289.0,0,0.0,0.0,,0.0,1,2.35,2.68,SPY191108C00301000,301.0,normalDay
2019-10-22,2198.0,1027.0,0.0,100,299.01,289.0,0,0.0,0.0,,0.0,1,2.35,2.09,SPY191108C00301000,301.0,normalDay
2019-10-23,2198.0,1083.0,0.0,100,299.88,289.0,0,0.0,0.0,,0.0,1,2.35,2.4,SPY191108C00301000,301.0,normalDay
2019-10-24,2198.0,1147.0,0.0,100,300.37,289.0,0,0.0,0.0,,0.0,1,2.35,2.25,SPY191108C00301000,301.0,normalDay
2019-10-25,2198.0,1226.0,0.0,100,301.6,289.0,0,0.0,0.0,,0.0,1,2.35,2.69,SPY191108C00301000,301.0,normalDay
2019-10-28,2198.0,1288.0,0.0,100,303.3,289.0,0,0.0,0.0,,0.0,1,2.35,3.77,SPY191108C00301000,301.0,normalDay
2019-10-29,2198.0,1293.0,0.0,100,303.21,289.0,0,0.0,0.0,,0.0,1,2.35,3.63,SPY191108C00301000,301.0,normalDay
2019-10-30,2198.0,1317.0,0.0,100,304.14,289.0,0,0.0,0.0,,0.0,1,2.35,4.32,SPY191108C00301000,301.0,normalDay
2019-10-31,2198.0,1320.0,0.0,100,303.33,289.0,0,0.0,0.0,,0.0,1,2.35,3.48,SPY191108C00301000,301.0,normalDay
2019-11-01,2198.0,1399.0,0.0,100,306.14,289.0,0,0.0,0.0,,0.0,1,2.35,5.5,SPY191108C00301000,301.0,normalDay
2019-11-04,2198.0,1417.0,0.0,100,307.37,289.0,0,0.0,0.0,,0.0,1,2.35,6.55,SPY191108C00301000,301.0,normalDay
2019-11-05,2198.0,1419.0,0.0,100,307.03,289.0,0,0.0,0.0,,0.0,1,2.35,6.19,SPY191108C00301000,301.0,normalDay
2019-11-06,2198.0,1408.0,0.0,100,307.1,289.0,0,0.0,0.0,,0.0,1,2.35,6.37,SPY191108C00301000,301.0,normalDay
2019-11-07,2198.0,1425.0,0.0,100,308.18,289.0,0,0.0,0.0,,0.0,1,2.35,7.28,SPY191108C00301000,301.0,normalDay
2019-11-08,3633.0,1425.0,1435.0,0,308.94,0.0,0,0.0,0.0,,0.0,1,2.35,0.0,SPY191108C00301000,301.0,expirationDay
2019-11-11,3633.0,-4.0,0.0,0,308.35,0.0,1,2.3,2.34,SPY191220P00299000,299.0,0,0.0,0.0,,0.0,normalDay
2019-11-12,3633.0,7.0,0.0,0,309.0,0.0,1,2.3,2.23,SPY191220P00299000,299.0,0,0.0,0.0,,0.0,normalDay
2019-11-13,3633.0,12.0,0.0,0,309.1,0.0,1,2.3,2.18,SPY191220P00299000,299.0,0,0.0,0.0,,0.0,normalDay
2019-11-14,3633.0,26.0,0.0,0,309.55,0.0,1,2.3,2.04,SPY191220P00299000,299.0,0,0.0,0.0,,0.0,normalDay
2019-11-15,3633.0,84.0,0.0,0,311.79,0.0,1,2.3,1.46,SPY191220P00299000,299.0,0,0.0,0.0,,0.0,normalDay
2019-11-18,3633.0,92.0,0.0,0,312.02,0.0,1,2.3,1.38,SPY191220P00299000,299.0,0,0.0,0.0,,0.0,normalDay
2019-11-19,3633.0,85.0,0.0,0,311.93,0.0,1,2.3,1.45,SPY191220P00299000,299.0,0,0.0,0.0,,0.0,normalDay
2019-11-20,3633.0,72.0,0.0,0,310.77,0.0,1,2.3,1.58,SPY191220P00299000,299.0,0,0.0,0.0,,0.0,normalDay
2019-11-21,3633.0,67.0,0.0,0,310.27,0.0,1,2.3,1.63,SPY191220P00299000,299.0,0,0.0,0.0,,0.0,normalDay
2019-11-22,3633.0,95.0,0.0,0,310.96,0.0,1,2.3,1.35,SPY191220P00299000,299.0,0,0.0,0.0,,0.0,normalDay
2019-11-25,3633.0,142.0,0.0,0,313.37,0.0,1,2.3,0.88,SPY191220P00299000,299.0,0,0.0,0.0,,0.0,normalDay
2019-11-26,3633.0,158.0,0.0,0,314.08,0.0,1,2.3,0.72,SPY191220P00299000,299.0,0,0.0,0.0,,0.0,normalDay
2019-11-27,3633.0,170.0,0.0,0,315.48,0.0,1,2.3,0.6,SPY191220P00299000,299.0,0,0.0,0.0,,0.0,normalDay
2019-11-29,3633.0,153.0,0.0,0,314.31,0.0,1,2.3,0.77,SPY191220P00299000,299.0,0,0.0,0.0,,0.0,normalDay
2019-12-02,3633.0,107.0,0.0,0,311.64,0.0,1,2.3,1.23,SPY191220P00299000,299.0,0,0.0,0.0,,0.0,normalDay
2019-12-03,3633.0,63.0,0.0,0,309.55,0.0,1,2.3,1.67,SPY191220P00299000,299.0,0,0.0,0.0,,0.0,normalDay
2019-12-04,3633.0,113.0,0.0,0,311.46,0.0,1,2.3,1.17,SPY191220P00299000,299.0,0,0.0,0.0,,0.0,normalDay
2019-12-05,3633.0,140.0,0.0,0,312.02,0.0,1,2.3,0.9,SPY191220P00299000,299.0,0,0.0,0.0,,0.0,normalDay
2019-12-06,3633.0,179.0,0.0,0,314.87,0.0,1,2.3,0.51,SPY191220P00299000,299.0,0,0.0,0.0,,0.0,normalDay
2019-12-09,3633.0,159.0,0.0,0,313.88,0.0,1,2.3,0.71,SPY191220P00299000,299.0,0,0.0,0.0,,0.0,normalDay
2019-12-10,3633.0,173.0,0.0,0,313.53,0.0,1,2.3,0.57,SPY191220P00299000,299.0,0,0.0,0.0,,0.0,normalDay
2019-12-11,3633.0,189.0,0.0,0,314.42,0.0,1,2.3,0.41,SPY191220P00299000,299.0,0,0.0,0.0,,0.0,normalDay
2019-12-12,3633.0,205.0,0.0,0,317.13,0.0,1,2.3,0.25,SPY191220P00299000,299.0,0,0.0,0.0,,0.0,normalDay
2019-12-13,3633.0,212.0,0.0,0,317.32,0.0,1,2.3,0.18,SPY191220P00299000,299.0,0,0.0,0.0,,0.0,normalDay
2019-12-16,3633.0,221.0,0.0,0,319.5,0.0,1,2.3,0.09,SPY191220P00299000,299.0,0,0.0,0.0,,0.0,normalDay
2019-12-17,3633.0,225.0,0.0,0,319.57,0.0,1,2.3,0.05,SPY191220P00299000,299.0,0,0.0,0.0,,0.0,normalDay
2019-12-18,3633.0,227.0,0.0,0,319.59,0.0,1,2.3,0.03,SPY191220P00299000,299.0,0,0.0,0.0,,0.0,normalDay
2019-12-19,3633.0,228.0,0.0,0,320.9,0.0,1,2.3,0.02,SPY191220P00299000,299.0,0,0.0,0.0,,0.0,normalDay
2019-12-20,3863.0,0.0,230.0,0,320.73,0.0,1,2.3,0.0,SPY191220P00299000,299.0,0,0.0,0.0,,0.0,expirationDay
2019-12-23,3863.0,-4.0,0.0,0,321.22,0.0,1,1.99,2.03,SPY200131P00312000,312.0,0,0.0,0.0,,0.0,normalDay
2019-12-24,3863.0,0.0,0.0,0,321.23,0.0,1,1.99,1.99,SPY200131P00312000,312.0,0,0.0,0.0,,0.0,normalDay
2019-12-26,3863.0,32.0,0.0,0,322.94,0.0,1,1.99,1.67,SPY200131P00312000,312.0,0,0.0,0.0,,0.0,normalDay
2019-12-27,3863.0,13.0,0.0,0,322.86,0.0,1,1.99,1.86,SPY200131P00312000,312.0,0,0.0,0.0,,0.0,normalDay
2019-12-30,3863.0,-28.0,0.0,0,321.08,0.0,1,1.99,2.27,SPY200131P00312000,312.0,0,0.0,0.0,,0.0,normalDay
2019-12-31,3863.0,17.0,0.0,0,321.86,0.0,1,1.99,1.82,SPY200131P00312000,312.0,0,0.0,0.0,,0.0,normalDay
2020-01-02,3863.0,85.0,0.0,0,324.87,0.0,1,1.99,1.14,SPY200131P00312000,312.0,0,0.0,0.0,,0.0,normalDay
2020-01-03,3863.0,25.0,0.0,0,322.41,0.0,1,1.99,1.74,SPY200131P00312000,312.0,0,0.0,0.0,,0.0,normalDay
2020-01-06,3863.0,70.0,0.0,0,323.64,0.0,1,1.99,1.29,SPY200131P00312000,312.0,0,0.0,0.0,,0.0,normalDay
2020-01-07,3863.0,58.0,0.0,0,322.73,0.0,1,1.99,1.41,SPY200131P00312000,312.0,0,0.0,0.0,,0.0,normalDay
2020-01-08,3863.0,94.0,0.0,0,324.45,0.0,1,1.99,1.05,SPY200131P00312000,312.0,0,0.0,0.0,,0.0,normalDay
2020-01-09,3863.0,130.0,0.0,0,326.65,0.0,1,1.99,0.69,SPY200131P00312000,312.0,0,0.0,0.0,,0.0,normalDay
2020-01-10,3863.0,128.0,0.0,0,325.71,0.0,1,1.99,0.71,SPY200131P00312000,312.0,0,0.0,0.0,,0.0,normalDay
2020-01-13,3863.0,160.0,0.0,0,327.95,0.0,1,1.99,0.39,SPY200131P00312000,312.0,0,0.0,0.0,,0.0,normalDay
2020-01-14,3863.0,163.0,0.0,0,327.45,0.0,1,1.99,0.36,SPY200131P00312000,312.0,0,0.0,0.0,,0.0,normalDay
2020-01-15,3863.0,170.0,0.0,0,328.19,0.0,1,1.99,0.29,SPY200131P00312000,312.0,0,0.0,0.0,,0.0,normalDay
2020-01-16,3863.0,178.0,0.0,0,330.92,0.0,1,1.99,0.21,SPY200131P00312000,312.0,0,0.0,0.0,,0.0,normalDay
2020-01-17,3863.0,184.0,0.0,0,331.95,0.0,1,1.99,0.15,SPY200131P00312000,312.0,0,0.0,0.0,,0.0,normalDay
2020-01-21,3863.0,186.0,0.0,0,331.3,0.0,1,1.99,0.13,SPY200131P00312000,312.0,0,0.0,0.0,,0.0,normalDay
2020-01-22,3863.0,191.0,0.0,0,331.34,0.0,1,1.99,0.08,SPY200131P00312000,312.0,0,0.0,0.0,,0.0,normalDay
2020-01-23,3863.0,191.0,0.0,0,331.72,0.0,1,1.99,0.08,SPY200131P00312000,312.0,0,0.0,0.0,,0.0,normalDay
2020-01-24,3863.0,184.0,0.0,0,328.77,0.0,1,1.99,0.15,SPY200131P00312000,312.0,0,0.0,0.0,,0.0,normalDay
2020-01-27,3863.0,148.0,0.0,0,323.5,0.0,1,1.99,0.51,SPY200131P00312000,312.0,0,0.0,0.0,,0.0,normalDay
2020-01-28,3863.0,189.0,0.0,0,326.89,0.0,1,1.99,0.1,SPY200131P00312000,312.0,0,0.0,0.0,,0.0,normalDay
2020-01-29,3863.0,195.0,0.0,0,326.62,0.0,1,1.99,0.04,SPY200131P00312000,312.0,0,0.0,0.0,,0.0,normalDay
2020-01-30,3863.0,197.0,0.0,0,327.68,0.0,1,1.99,0.02,SPY200131P00312000,312.0,0,0.0,0.0,,0.0,normalDay
2020-01-31,4062.0,0.0,199.0,0,321.73,0.0,1,1.99,0.0,SPY200131P00312000,312.0,0,0.0,0.0,,0.0,expirationDay
2020-02-03,4062.0,-6.0,0.0,0,324.12,0.0,1,6.5,6.56,SPY200313P00324000,324.0,0,0.0,0.0,,0.0,normalDay
2020-02-04,4062.0,243.0,0.0,0,329.06,0.0,1,6.5,4.07,SPY200313P00324000,324.0,0,0.0,0.0,,0.0,normalDay
2020-02-05,4062.0,368.0,0.0,0,332.86,0.0,1,6.5,2.82,SPY200313P00324000,324.0,0,0.0,0.0,,0.0,normalDay
2020-02-06,4062.0,393.0,0.0,0,333.98,0.0,1,6.5,2.57,SPY200313P00324000,324.0,0,0.0,0.0,,0.0,normalDay
2020-02-07,4062.0,353.0,0.0,0,332.2,0.0,1,6.5,2.97,SPY200313P00324000,324.0,0,0.0,0.0,,0.0,normalDay
2020-02-10,4062.0,427.0,0.0,0,334.68,0.0,1,6.5,2.23,SPY200313P00324000,324.0,0,0.0,0.0,,0.0,normalDay
2020-02-11,4062.0,440.0,0.0,0,335.26,0.0,1,6.5,2.1,SPY200313P00324000,324.0,0,0.0,0.0,,0.0,normalDay
2020-02-12,4062.0,502.0,0.0,0,337.42,0.0,1,6.5,1.48,SPY200313P00324000,324.0,0,0.0,0.0,,0.0,normalDay
2020-02-13,4062.0,496.0,0.0,0,337.06,0.0,1,6.5,1.54,SPY200313P00324000,324.0,0,0.0,0.0,,0.0,normalDay
2020-02-14,4062.0,518.0,0.0,0,337.6,0.0,1,6.5,1.32,SPY200313P00324000,324.0,0,0.0,0.0,,0.0,normalDay
2020-02-18,4062.0,509.0,0.0,0,336.73,0.0,1,6.5,1.41,SPY200313P00324000,324.0,0,0.0,0.0,,0.0,normalDay
2020-02-19,4062.0,544.0,0.0,0,338.34,0.0,1,6.5,1.06,SPY200313P00324000,324.0,0,0.0,0.0,,0.0,normalDay
2020-02-20,4062.0,515.0,0.0,0,336.95,0.0,1,6.5,1.35,SPY200313P00324000,324.0,0,0.0,0.0,,0.0,normalDay
2020-02-21,4062.0,430.0,0.0,0,333.48,0.0,1,6.5,2.2,SPY200313P00324000,324.0,0,0.0,0.0,,0.0,normalDay
2020-02-24,4062.0,-100.0,0.0,0,322.42,0.0,1,6.5,7.5,SPY200313P00324000,324.0,0,0.0,0.0,,0.0,normalDay
2020-02-25,4062.0,-650.0,0.0,0,312.65,0.0,1,6.5,13.0,SPY200313P00324000,324.0,0,0.0,0.0,,0.0,normalDay
2020-02-26,4062.0,-794.0,0.0,0,311.5,0.0,1,6.5,14.44,SPY200313P00324000,324.0,0,0.0,0.0,,0.0,normalDay
2020-02-27,4062.0,-2146.0,0.0,0,297.51,0.0,1,6.5,27.96,SPY200313P00324000,324.0,0,0.0,0.0,,0.0,normalDay
2020-02-28,4062.0,-2143.0,0.0,0,296.26,0.0,1,6.5,27.93,SPY200313P00324000,324.0,0,0.0,0.0,,0.0,normalDay
2020-03-02,4062.0,-922.0,0.0,0,309.09,0.0,1,6.5,15.72,SPY200313P00324000,324.0,0,0.0,0.0,,0.0,normalDay
2020-03-03,4062.0,-1639.0,0.0,0,300.24,0.0,1,6.5,22.89,SPY200313P00324000,324.0,0,0.0,0.0,,0.0,normalDay
2020-03-04,4062.0,-659.0,0.0,0,312.86,0.0,1,6.5,13.09,SPY200313P00324000,324.0,0,0.0,0.0,,0.0,normalDay
2020-03-05,4062.0,-1595.0,0.0,0,302.46,0.0,1,6.5,22.45,SPY200313P00324000,324.0,0,0.0,0.0,,0.0,normalDay
2020-03-06,4062.0,-2098.0,0.0,0,297.46,0.0,1,6.5,27.48,SPY200313P00324000,324.0,0,0.0,0.0,,0.0,normalDay
2020-03-09,4062.0,-4408.0,0.0,0,274.23,0.0,1,6.5,50.58,SPY200313P00324000,324.0,0,0.0,0.0,,0.0,normalDay
2020-03-10,4062.0,-2986.0,0.0,0,288.42,0.0,1,6.5,36.36,SPY200313P00324000,324.0,0,0.0,0.0,,0.0,normalDay
2020-03-11,4062.0,-4392.0,0.0,0,274.36,0.0,1,6.5,50.42,SPY200313P00324000,324.0,0,0.0,0.0,,0.0,normalDay
2020-03-12,4062.0,-6935.0,0.0,0,248.11,0.0,1,6.5,75.85,SPY200313P00324000,324.0,0,0.0,0.0,,0.0,normalDay
2020-03-13,4712.0,-5468.0,650.0,100,269.32,324.0,1,6.5,0.0,SPY200313P00324000,324.0,0,0.0,0.0,,0.0,expirationDay
2020-03-16,4712.0,-8422.0,0.0,100,239.85,324.0,0,0.0,0.0,,0.0,1,0.1,0.17,SPY200424C00337500,337.5,normalDay
2020-03-17,4712.0,-7131.0,0.0,100,252.8,324.0,0,0.0,0.0,,0.0,1,0.1,0.21,SPY200424C00337500,337.5,normalDay
2020-03-18,4712.0,-8403.0,0.0,100,240.0,324.0,0,0.0,0.0,,0.0,1,0.1,0.13,SPY200424C00337500,337.5,normalDay
2020-03-19,4712.0,-8348.0,0.0,100,240.51,324.0,0,0.0,0.0,,0.0,1,0.1,0.09,SPY200424C00337500,337.5,normalDay
2020-03-20,4712.0,-9516.0,0.0,100,228.8,324.0,0,0.0,0.0,,0.0,1,0.1,0.06,SPY200424C00337500,337.5,normalDay
2020-03-23,4712.0,-10100.0,0.0,100,222.95,324.0,0,0.0,0.0,,0.0,1,0.1,0.05,SPY200424C00337500,337.5,normalDay
2020-03-24,4712.0,-8090.0,0.0,100,243.15,324.0,0,0.0,0.0,,0.0,1,0.1,0.15,SPY200424C00337500,337.5,normalDay
2020-03-25,4712.0,-7724.0,0.0,100,246.79,324.0,0,0.0,0.0,,0.0,1,0.1,0.13,SPY200424C00337500,337.5,normalDay
2020-03-26,4712.0,-6283.0,0.0,100,261.2,324.0,0,0.0,0.0,,0.0,1,0.1,0.13,SPY200424C00337500,337.5,normalDay
2020-03-27,4712.0,-7057.0,0.0,100,253.42,324.0,0,0.0,0.0,,0.0,1,0.1,0.09,SPY200424C00337500,337.5,normalDay
2020-03-30,4712.0,-6233.0,0.0,100,261.65,324.0,0,0.0,0.0,,0.0,1,0.1,0.08,SPY200424C00337500,337.5,normalDay
2020-03-31,4712.0,-6619.0,0.0,100,257.75,324.0,0,0.0,0.0,,0.0,1,0.1,0.04,SPY200424C00337500,337.5,normalDay
2020-04-01,4712.0,-7778.0,0.0,100,246.15,324.0,0,0.0,0.0,,0.0,1,0.1,0.03,SPY200424C00337500,337.5,normalDay
2020-04-02,4712.0,-7210.0,0.0,100,251.83,324.0,0,0.0,0.0,,0.0,1,0.1,0.03,SPY200424C00337500,337.5,normalDay
2020-04-03,4712.0,-7573.0,0.0,100,248.19,324.0,0,0.0,0.0,,0.0,1,0.1,0.02,SPY200424C00337500,337.5,normalDay
2020-04-06,4712.0,-5906.0,0.0,100,264.86,324.0,0,0.0,0.0,,0.0,1,0.1,0.02,SPY200424C00337500,337.5,normalDay
2020-04-07,4712.0,-5879.0,0.0,100,265.13,324.0,0,0.0,0.0,,0.0,1,0.1,0.02,SPY200424C00337500,337.5,normalDay
2020-04-08,4712.0,-4990.0,0.0,100,274.03,324.0,0,0.0,0.0,,0.0,1,0.1,0.03,SPY200424C00337500,337.5,normalDay
2020-04-09,4712.0,-4573.0,0.0,100,278.2,324.0,0,0.0,0.0,,0.0,1,0.1,0.03,SPY200424C00337500,337.5,normalDay
2020-04-13,4712.0,-4826.0,0.0,100,275.66,324.0,0,0.0,0.0,,0.0,1,0.1,0.02,SPY200424C00337500,337.5,normalDay
2020-04-14,4712.0,-4013.0,0.0,100,283.79,324.0,0,0.0,0.0,,0.0,1,0.1,0.02,SPY200424C00337500,337.5,normalDay
2020-04-15,4712.0,-4615.0,0.0,100,277.76,324.0,0,0.0,0.0,,0.0,1,0.1,0.01,SPY200424C00337500,337.5,normalDay
2020-04-16,4712.0,-4481.0,0.0,100,279.1,324.0,0,0.0,0.0,,0.0,1,0.1,0.01,SPY200424C00337500,337.5,normalDay
2020-04-17,4712.0,-3727.0,0.0,100,286.64,324.0,0,0.0,0.0,,0.0,1,0.1,0.01,SPY200424C00337500,337.5,normalDay
2020-04-20,4712.0,-4232.0,0.0,100,281.59,324.0,0,0.0,0.0,,0.0,1,0.1,0.01,SPY200424C00337500,337.5,normalDay
2020-04-21,4712.0,-5087.0,0.0,100,273.04,324.0,0,0.0,0.0,,0.0,1,0.1,0.01,SPY200424C00337500,337.5,normalDay
2020-04-22,4712.0,-4481.0,0.0,100,279.1,324.0,0,0.0,0.0,,0.0,1,0.1,0.01,SPY200424C00337500,337.5,normalDay
2020-04-23,4712.0,-4483.0,0.0,100,279.08,324.0,0,0.0,0.0,,0.0,1,0.1,0.01,SPY200424C00337500,337.5,normalDay
2020-04-24,4722.0,-4103.0,10.0,100,282.97,324.0,0,0.0,0.0,,0.0,1,0.1,0.0,SPY200424C00337500,337.5,expirationDay
2020-04-27,4722.0,-3703.0,0.0,100,287.05,324.0,0,0.0,0.0,,0.0,1,10.1,10.18,SPY200605C00288000,288.0,normalDay
2020-04-28,4722.0,-3782.0,0.0,100,285.73,324.0,0,0.0,0.0,,0.0,1,10.1,9.65,SPY200605C00288000,288.0,normalDay
2020-04-29,4722.0,-3412.0,0.0,100,293.21,324.0,0,0.0,0.0,,0.0,1,10.1,13.43,SPY200605C00288000,288.0,normalDay
2020-04-30,4722.0,-3501.0,0.0,100,290.48,324.0,0,0.0,0.0,,0.0,1,10.1,11.59,SPY200605C00288000,288.0,normalDay
2020-05-01,4722.0,-3929.0,0.0,100,282.79,324.0,0,0.0,0.0,,0.0,1,10.1,8.18,SPY200605C00288000,288.0,normalDay
2020-05-04,4722.0,-3791.0,0.0,100,283.57,324.0,0,0.0,0.0,,0.0,1,10.1,7.58,SPY200605C00288000,288.0,normalDay
2020-05-05,4722.0,-3626.0,0.0,100,286.19,324.0,0,0.0,0.0,,0.0,1,10.1,8.55,SPY200605C00288000,288.0,normalDay
2020-05-06,4722.0,-3696.0,0.0,100,284.25,324.0,0,0.0,0.0,,0.0,1,10.1,7.31,SPY200605C00288000,288.0,normalDay
2020-05-07,4722.0,-3510.0,0.0,100,287.68,324.0,0,0.0,0.0,,0.0,1,10.1,8.88,SPY200605C00288000,288.0,normalDay
2020-05-08,4722.0,-3226.0,0.0,100,292.44,324.0,0,0.0,0.0,,0.0,1,10.1,10.8,SPY200605C00288000,288.0,normalDay
2020-05-11,4722.0,-3121.0,0.0,100,292.5,324.0,0,0.0,0.0,,0.0,1,10.1,9.81,SPY200605C00288000,288.0,normalDay
2020-05-12,4722.0,-3428.0,0.0,100,286.67,324.0,0,0.0,0.0,,0.0,1,10.1,7.05,SPY200605C00288000,288.0,normalDay
2020-05-13,4722.0,-3779.0,0.0,100,281.6,324.0,0,0.0,0.0,,0.0,1,10.1,5.49,SPY200605C00288000,288.0,normalDay
2020-05-14,4722.0,-3535.0,0.0,100,284.97,324.0,0,0.0,0.0,,0.0,1,10.1,6.42,SPY200605C00288000,288.0,normalDay
2020-05-15,4722.0,-3372.0,0.0,100,286.28,324.0,0,0.0,0.0,,0.0,1,10.1,6.1,SPY200605C00288000,288.0,normalDay
2020-05-18,4722.0,-2999.0,0.0,100,295.0,324.0,0,0.0,0.0,,0.0,1,10.1,11.09,SPY200605C00288000,288.0,normalDay
2020-05-19,4722.0,-3119.0,0.0,100,291.97,324.0,0,0.0,0.0,,0.0,1,10.1,9.26,SPY200605C00288000,288.0,normalDay
2020-05-20,4722.0,-2937.0,0.0,100,296.93,324.0,0,0.0,0.0,,0.0,1,10.1,12.4,SPY200605C00288000,288.0,normalDay
2020-05-21,4722.0,-2934.0,0.0,100,294.88,324.0,0,0.0,0.0,,0.0,1,10.1,10.32,SPY200605C00288000,288.0,normalDay
2020-05-22,4722.0,-2896.0,0.0,100,295.44,324.0,0,0.0,0.0,,0.0,1,10.1,10.5,SPY200605C00288000,288.0,normalDay
2020-05-26,4722.0,-2772.0,0.0,100,299.08,324.0,0,0.0,0.0,,0.0,1,10.1,12.9,SPY200605C00288000,288.0,normalDay
2020-05-27,4722.0,-2694.0,0.0,100,303.53,324.0,0,0.0,0.0,,0.0,1,10.1,16.57,SPY200605C00288000,288.0,normalDay
2020-05-28,4722.0,-2781.0,0.0,100,302.97,324.0,0,0.0,0.0,,0.0,1,10.1,16.88,SPY200605C00288000,288.0,normalDay
2020-05-29,4722.0,-2730.0,0.0,100,304.32,324.0,0,0.0,0.0,,0.0,1,10.1,17.72,SPY200605C00288000,288.0,normalDay
2020-06-01,4722.0,-2595.0,0.0,100,305.55,324.0,0,0.0,0.0,,0.0,1,10.1,17.6,SPY200605C00288000,288.0,normalDay
2020-06-02,4722.0,-2573.0,0.0,100,308.08,324.0,0,0.0,0.0,,0.0,1,10.1,19.91,SPY200605C00288000,288.0,normalDay
2020-06-03,4722.0,-2602.0,0.0,100,312.18,324.0,0,0.0,0.0,,0.0,1,10.1,24.3,SPY200605C00288000,288.0,normalDay
2020-06-04,4722.0,-2610.0,0.0,100,311.36,324.0,0,0.0,0.0,,0.0,1,10.1,23.56,SPY200605C00288000,288.0,normalDay
2020-06-05,2132.0,-2610.0,-2590.0,0,319.34,0.0,0,0.0,0.0,,0.0,1,10.1,0.0,SPY200605C00288000,288.0,expirationDay
2020-06-08,2132.0,-4.0,0.0,0,323.2,0.0,1,2.15,2.19,SPY200717P00287000,287.0,0,0.0,0.0,,0.0,normalDay
2020-06-09,2132.0,-41.0,0.0,0,320.79,0.0,1,2.15,2.56,SPY200717P00287000,287.0,0,0.0,0.0,,0.0,normalDay
2020-06-10,2132.0,-70.0,0.0,0,319.0,0.0,1,2.15,2.85,SPY200717P00287000,287.0,0,0.0,0.0,,0.0,normalDay
2020-06-11,2132.0,-647.0,0.0,0,300.61,0.0,1,2.15,8.62,SPY200717P00287000,287.0,0,0.0,0.0,,0.0,normalDay
2020-06-12,2132.0,-459.0,0.0,0,304.21,0.0,1,2.15,6.74,SPY200717P00287000,287.0,0,0.0,0.0,,0.0,normalDay
2020-06-15,2132.0,-315.0,0.0,0,307.05,0.0,1,2.15,5.3,SPY200717P00287000,287.0,0,0.0,0.0,,0.0,normalDay
2020-06-16,2132.0,-206.0,0.0,0,312.96,0.0,1,2.15,4.21,SPY200717P00287000,287.0,0,0.0,0.0,,0.0,normalDay
2020-06-17,2132.0,-191.0,0.0,0,311.66,0.0,1,2.15,4.06,SPY200717P00287000,287.0,0,0.0,0.0,,0.0,normalDay
2020-06-18,2132.0,-160.0,0.0,0,311.78,0.0,1,2.15,3.75,SPY200717P00287000,287.0,0,0.0,0.0,,0.0,normalDay
2020-06-19,2132.0,-229.0,0.0,0,308.64,0.0,1,2.15,4.44,SPY200717P00287000,287.0,0,0.0,0.0,,0.0,normalDay
2020-06-22,2132.0,-80.0,0.0,0,310.62,0.0,1,2.15,2.95,SPY200717P00287000,287.0,0,0.0,0.0,,0.0,normalDay
2020-06-23,2132.0,-51.0,0.0,0,312.05,0.0,1,2.15,2.66,SPY200717P00287000,287.0,0,0.0,0.0,,0.0,normalDay
2020-06-24,2132.0,-183.0,0.0,0,304.09,0.0,1,2.15,3.98,SPY200717P00287000,287.0,0,0.0,0.0,,0.0,normalDay
2020-06-25,2132.0,-71.0,0.0,0,307.35,0.0,1,2.15,2.86,SPY200717P00287000,287.0,0,0.0,0.0,,0.0,normalDay
2020-06-26,2132.0,-217.0,0.0,0,300.05,0.0,1,2.15,4.32,SPY200717P00287000,287.0,0,0.0,0.0,,0.0,normalDay
2020-06-29,2132.0,-59.0,0.0,0,304.46,0.0,1,2.15,2.74,SPY200717P00287000,287.0,0,0.0,0.0,,0.0,normalDay
2020-06-30,2132.0,28.0,0.0,0,308.36,0.0,1,2.15,1.87,SPY200717P00287000,287.0,0,0.0,0.0,,0.0,normalDay
2020-07-01,2132.0,87.0,0.0,0,310.52,0.0,1,2.15,1.28,SPY200717P00287000,287.0,0,0.0,0.0,,0.0,normalDay
2020-07-02,2132.0,127.0,0.0,0,312.23,0.0,1,2.15,0.88,SPY200717P00287000,287.0,0,0.0,0.0,,0.0,normalDay
2020-07-06,2132.0,166.0,0.0,0,317.05,0.0,1,2.15,0.49,SPY200717P00287000,287.0,0,0.0,0.0,,0.0,normalDay
2020-07-07,2132.0,156.0,0.0,0,313.78,0.0,1,2.15,0.59,SPY200717P00287000,287.0,0,0.0,0.0,,0.0,normalDay
2020-07-08,2132.0,186.0,0.0,0,316.18,0.0,1,2.15,0.29,SPY200717P00287000,287.0,0,0.0,0.0,,0.0,normalDay
2020-07-09,2132.0,183.0,0.0,0,314.38,0.0,1,2.15,0.32,SPY200717P00287000,287.0,0,0.0,0.0,,0.0,normalDay
2020-07-10,2132.0,204.0,0.0,0,317.59,0.0,1,2.15,0.11,SPY200717P00287000,287.0,0,0.0,0.0,,0.0,normalDay
2020-07-13,2132.0,198.0,0.0,0,314.84,0.0,1,2.15,0.17,SPY200717P00287000,287.0,0,0.0,0.0,,0.0,normalDay
2020-07-14,2132.0,210.0,0.0,0,318.92,0.0,1,2.15,0.05,SPY200717P00287000,287.0,0,0.0,0.0,,0.0,normalDay
2020-07-15,2132.0,213.0,0.0,0,321.85,0.0,1,2.15,0.02,SPY200717P00287000,287.0,0,0.0,0.0,,0.0,normalDay
2020-07-16,2132.0,213.0,0.0,0,320.79,0.0,1,2.15,0.02,SPY200717P00287000,287.0,0,0.0,0.0,,0.0,normalDay
2020-07-17,2347.0,0.0,215.0,0,321.72,0.0,1,2.15,0.0,SPY200717P00287000,287.0,0,0.0,0.0,,0.0,expirationDay
2020-07-20,2347.0,-5.0,0.0,0,324.32,0.0,1,3.89,3.94,SPY200828P00306000,306.0,0,0.0,0.0,,0.0,normalDay
2020-07-21,2347.0,0.0,0.0,0,325.01,0.0,1,3.89,3.89,SPY200828P00306000,306.0,0,0.0,0.0,,0.0,normalDay
2020-07-22,2347.0,44.0,0.0,0,326.86,0.0,1,3.89,3.45,SPY200828P00306000,306.0,0,0.0,0.0,,0.0,normalDay
2020-07-23,2347.0,-60.0,0.0,0,322.96,0.0,1,3.89,4.49,SPY200828P00306000,306.0,0,0.0,0.0,,0.0,normalDay
2020-07-24,2347.0,-57.0,0.0,0,320.88,0.0,1,3.89,4.46,SPY200828P00306000,306.0,0,0.0,0.0,,0.0,normalDay
2020-07-27,2347.0,41.0,0.0,0,323.22,0.0,1,3.89,3.48,SPY200828P00306000,306.0,0,0.0,0.0,,0.0,normalDay
2020-07-28,2347.0,-2.0,0.0,0,321.17,0.0,1,3.89,3.91,SPY200828P00306000,306.0,0,0.0,0.0,,0.0,normalDay
2020-07-29,2347.0,104.0,0.0,0,325.12,0.0,1,3.89,2.85,SPY200828P00306000,306.0,0,0.0,0.0,,0.0,normalDay
2020-07-30,2347.0,81.0,0.0,0,323.96,0.0,1,3.89,3.08,SPY200828P00306000,306.0,0,0.0,0.0,,0.0,normalDay
2020-07-31,2347.0,152.0,0.0,0,326.52,0.0,1,3.89,2.37,SPY200828P00306000,306.0,0,0.0,0.0,,0.0,normalDay
2020-08-03,2347.0,199.0,0.0,0,328.79,0.0,1,3.89,1.9,SPY200828P00306000,306.0,0,0.0,0.0,,0.0,normalDay
2020-08-04,2347.0,230.0,0.0,0,330.06,0.0,1,3.89,1.59,SPY200828P00306000,306.0,0,0.0,0.0,,0.0,normalDay
2020-08-05,2347.0,266.0,0.0,0,332.11,0.0,1,3.89,1.23,SPY200828P00306000,306.0,0,0.0,0.0,,0.0,normalDay
2020-08-06,2347.0,287.0,0.0,0,334.33,0.0,1,3.89,1.02,SPY200828P00306000,306.0,0,0.0,0.0,,0.0,normalDay
2020-08-07,2347.0,299.0,0.0,0,334.57,0.0,1,3.89,0.9,SPY200828P00306000,306.0,0,0.0,0.0,,0.0,normalDay
2020-08-10,2347.0,318.0,0.0,0,335.57,0.0,1,3.89,0.71,SPY200828P00306000,306.0,0,0.0,0.0,,0.0,normalDay
2020-08-11,2347.0,284.0,0.0,0,332.8,0.0,1,3.89,1.05,SPY200828P00306000,306.0,0,0.0,0.0,,0.0,normalDay
2020-08-12,2347.0,335.0,0.0,0,337.44,0.0,1,3.89,0.54,SPY200828P00306000,306.0,0,0.0,0.0,,0.0,normalDay
2020-08-13,2347.0,337.0,0.0,0,336.83,0.0,1,3.89,0.52,SPY200828P00306000,306.0,0,0.0,0.0,,0.0,normalDay
2020-08-14,2347.0,352.0,0.0,0,336.84,0.0,1,3.89,0.37,SPY200828P00306000,306.0,0,0.0,0.0,,0.0,normalDay
2020-08-17,2347.0,368.0,0.0,0,337.91,0.0,1,3.89,0.21,SPY200828P00306000,306.0,0,0.0,0.0,,0.0,normalDay
2020-08-18,2347.0,370.0,0.0,0,338.64,0.0,1,3.89,0.19,SPY200828P00306000,306.0,0,0.0,0.0,,0.0,normalDay
2020-08-19,2347.0,368.0,0.0,0,337.23,0.0,1,3.89,0.21,SPY200828P00306000,306.0,0,0.0,0.0,,0.0,normalDay
2020-08-20,2347.0,372.0,0.0,0,338.28,0.0,1,3.89,0.17,SPY200828P00306000,306.0,0,0.0,0.0,,0.0,normalDay
2020-08-21,2347.0,380.0,0.0,0,339.48,0.0,1,3.89,0.09,SPY200828P00306000,306.0,0,0.0,0.0,,0.0,normalDay
2020-08-24,2347.0,385.0,0.0,0,342.92,0.0,1,3.89,0.04,SPY200828P00306000,306.0,0,0.0,0.0,,0.0,normalDay
2020-08-25,2347.0,387.0,0.0,0,344.12,0.0,1,3.89,0.02,SPY200828P00306000,306.0,0,0.0,0.0,,0.0,normalDay
2020-08-26,2347.0,386.0,0.0,0,347.57,0.0,1,3.89,0.03,SPY200828P00306000,306.0,0,0.0,0.0,,0.0,normalDay
2020-08-27,2347.0,388.0,0.0,0,348.33,0.0,1,3.89,0.01,SPY200828P00306000,306.0,0,0.0,0.0,,0.0,normalDay
2020-08-28,2736.0,0.0,389.0,0,350.58,0.0,1,3.89,0.0,SPY200828P00306000,306.0,0,0.0,0.0,,0.0,expirationDay
2020-08-31,2736.0,-8.0,0.0,0,349.31,0.0,1,4.97,5.05,SPY201009P00333000,333.0,0,0.0,0.0,,0.0,normalDay
2020-09-01,2736.0,44.0,0.0,0,352.6,0.0,1,4.97,4.53,SPY201009P00333000,333.0,0,0.0,0.0,,0.0,normalDay
2020-09-02,2736.0,128.0,0.0,0,357.7,0.0,1,4.97,3.69,SPY201009P00333000,333.0,0,0.0,0.0,,0.0,normalDay
2020-09-03,2736.0,-229.0,0.0,0,345.39,0.0,1,4.97,7.26,SPY201009P00333000,333.0,0,0.0,0.0,,0.0,normalDay
2020-09-04,2736.0,-257.0,0.0,0,342.57,0.0,1,4.97,7.54,SPY201009P00333000,333.0,0,0.0,0.0,,0.0,normalDay
2020-09-08,2736.0,-536.0,0.0,0,333.21,0.0,1,4.97,10.33,SPY201009P00333000,333.0,0,0.0,0.0,,0.0,normalDay
2020-09-09,2736.0,-239.0,0.0,0,339.79,0.0,1,4.97,7.36,SPY201009P00333000,333.0,0,0.0,0.0,,0.0,normalDay
2020-09-10,2736.0,-446.0,0.0,0,333.89,0.0,1,4.97,9.43,SPY201009P00333000,333.0,0,0.0,0.0,,0.0,normalDay
2020-09-11,2736.0,-398.0,0.0,0,334.06,0.0,1,4.97,8.95,SPY201009P00333000,333.0,0,0.0,0.0,,0.0,normalDay
2020-09-14,2736.0,-111.0,0.0,0,338.46,0.0,1,4.97,6.08,SPY201009P00333000,333.0,0,0.0,0.0,,0.0,normalDay
2020-09-15,2736.0,-32.0,0.0,0,340.17,0.0,1,4.97,5.29,SPY201009P00333000,333.0,0,0.0,0.0,,0.0,normalDay
2020-09-16,2736.0,-77.0,0.0,0,338.82,0.0,1,4.97,5.74,SPY201009P00333000,333.0,0,0.0,0.0,,0.0,normalDay
2020-09-17,2736.0,-157.0,0.0,0,335.84,0.0,1,4.97,6.54,SPY201009P00333000,333.0,0,0.0,0.0,,0.0,normalDay
2020-09-18,2736.0,-303.0,0.0,0,330.65,0.0,1,4.97,8.0,SPY201009P00333000,333.0,0,0.0,0.0,,0.0,normalDay
2020-09-21,2736.0,-469.0,0.0,0,326.97,0.0,1,4.97,9.66,SPY201009P00333000,333.0,0,0.0,0.0,,0.0,normalDay
2020-09-22,2736.0,-286.0,0.0,0,330.3,0.0,1,4.97,7.83,SPY201009P00333000,333.0,0,0.0,0.0,,0.0,normalDay
2020-09-23,2736.0,-749.0,0.0,0,322.64,0.0,1,4.97,12.46,SPY201009P00333000,333.0,0,0.0,0.0,,0.0,normalDay
2020-09-24,2736.0,-649.0,0.0,0,323.5,0.0,1,4.97,11.46,SPY201009P00333000,333.0,0,0.0,0.0,,0.0,normalDay
2020-09-25,2736.0,-280.0,0.0,0,328.73,0.0,1,4.97,7.77,SPY201009P00333000,333.0,0,0.0,0.0,,0.0,normalDay
2020-09-28,2736.0,22.0,0.0,0,334.19,0.0,1,4.97,4.75,SPY201009P00333000,333.0,0,0.0,0.0,,0.0,normalDay
2020-09-29,2736.0,-30.0,0.0,0,332.37,0.0,1,4.97,5.27,SPY201009P00333000,333.0,0,0.0,0.0,,0.0,normalDay
2020-09-30,2736.0,27.0,0.0,0,334.89,0.0,1,4.97,4.7,SPY201009P00333000,333.0,0,0.0,0.0,,0.0,normalDay
2020-10-01,2736.0,187.0,0.0,0,337.04,0.0,1,4.97,3.1,SPY201009P00333000,333.0,0,0.0,0.0,,0.0,normalDay
2020-10-02,2736.0,104.0,0.0,0,333.84,0.0,1,4.97,3.93,SPY201009P00333000,333.0,0,0.0,0.0,,0.0,normalDay
2020-10-05,2736.0,377.0,0.0,0,339.76,0.0,1,4.97,1.2,SPY201009P00333000,333.0,0,0.0,0.0,,0.0,normalDay
2020-10-06,2736.0,265.0,0.0,0,334.93,0.0,1,4.97,2.32,SPY201009P00333000,333.0,0,0.0,0.0,,0.0,normalDay
2020-10-07,2736.0,458.0,0.0,0,340.76,0.0,1,4.97,0.39,SPY201009P00333000,333.0,0,0.0,0.0,,0.0,normalDay
2020-10-08,2736.0,492.0,0.0,0,343.78,0.0,1,4.97,0.05,SPY201009P00333000,333.0,0,0.0,0.0,,0.0,normalDay
2020-10-09,3233.0,0.0,497.0,0,346.85,0.0,1,4.97,0.0,SPY201009P00333000,333.0,0,0.0,0.0,,0.0,expirationDay
2020-10-12,3233.0,-4.0,0.0,0,352.43,0.0,1,3.73,3.77,SPY201120P00327000,327.0,0,0.0,0.0,,0.0,normalDay
2020-10-13,3233.0,-48.0,0.0,0,350.13,0.0,1,3.73,4.21,SPY201120P00327000,327.0,0,0.0,0.0,,0.0,normalDay
2020-10-14,3233.0,-80.0,0.0,0,347.93,0.0,1,3.73,4.53,SPY201120P00327000,327.0,0,0.0,0.0,,0.0,normalDay
2020-10-15,3233.0,-90.0,0.0,0,347.5,0.0,1,3.73,4.63,SPY201120P00327000,327.0,0,0.0,0.0,,0.0,normalDay
2020-10-16,3233.0,-107.0,0.0,0,347.29,0.0,1,3.73,4.8,SPY201120P00327000,327.0,0,0.0,0.0,,0.0,normalDay
2020-10-19,3233.0,-207.0,0.0,0,342.01,0.0,1,3.73,5.8,SPY201120P00327000,327.0,0,0.0,0.0,,0.0,normalDay
2020-10-20,3233.0,-191.0,0.0,0,343.38,0.0,1,3.73,5.64,SPY201120P00327000,327.0,0,0.0,0.0,,0.0,normalDay
2020-10-21,3233.0,-145.0,0.0,0,342.73,0.0,1,3.73,5.18,SPY201120P00327000,327.0,0,0.0,0.0,,0.0,normalDay
2020-10-22,3233.0,-91.0,0.0,0,344.61,0.0,1,3.73,4.64,SPY201120P00327000,327.0,0,0.0,0.0,,0.0,normalDay
2020-10-23,3233.0,-50.0,0.0,0,345.78,0.0,1,3.73,4.23,SPY201120P00327000,327.0,0,0.0,0.0,,0.0,normalDay
2020-10-26,3233.0,-265.0,0.0,0,339.39,0.0,1,3.73,6.38,SPY201120P00327000,327.0,0,0.0,0.0,,0.0,normalDay
2020-10-27,3233.0,-292.0,0.0,0,338.22,0.0,1,3.73,6.65,SPY201120P00327000,327.0,0,0.0,0.0,,0.0,normalDay
2020-10-28,3233.0,-883.0,0.0,0,326.66,0.0,1,3.73,12.56,SPY201120P00327000,327.0,0,0.0,0.0,,0.0,normalDay
2020-10-29,3233.0,-591.0,0.0,0,329.98,0.0,1,3.73,9.64,SPY201120P00327000,327.0,0,0.0,0.0,,0.0,normalDay
2020-10-30,3233.0,-733.0,0.0,0,326.54,0.0,1,3.73,11.06,SPY201120P00327000,327.0,0,0.0,0.0,,0.0,normalDay
2020-11-02,3233.0,-509.0,0.0,0,330.2,0.0,1,3.73,8.82,SPY201120P00327000,327.0,0,0.0,0.0,,0.0,normalDay
2020-11-03,3233.0,-297.0,0.0,0,336.03,0.0,1,3.73,6.7,SPY201120P00327000,327.0,0,0.0,0.0,,0.0,normalDay
2020-11-04,3233.0,59.0,0.0,0,343.54,0.0,1,3.73,3.14,SPY201120P00327000,327.0,0,0.0,0.0,,0.0,normalDay
2020-11-05,3233.0,191.0,0.0,0,350.24,0.0,1,3.73,1.82,SPY201120P00327000,327.0,0,0.0,0.0,,0.0,normalDay
2020-11-06,3233.0,255.0,0.0,0,350.16,0.0,1,3.73,1.18,SPY201120P00327000,327.0,0,0.0,0.0,,0.0,normalDay
2020-11-09,3233.0,303.0,0.0,0,354.56,0.0,1,3.73,0.7,SPY201120P00327000,327.0,0,0.0,0.0,,0.0,normalDay
2020-11-10,3233.0,319.0,0.0,0,354.04,0.0,1,3.73,0.54,SPY201120P00327000,327.0,0,0.0,0.0,,0.0,normalDay
2020-11-11,3233.0,342.0,0.0,0,356.67,0.0,1,3.73,0.31,SPY201120P00327000,327.0,0,0.0,0.0,,0.0,normalDay
2020-11-12,3233.0,325.0,0.0,0,353.21,0.0,1,3.73,0.48,SPY201120P00327000,327.0,0,0.0,0.0,,0.0,normalDay
2020-11-13,3233.0,354.0,0.0,0,358.1,0.0,1,3.73,0.19,SPY201120P00327000,327.0,0,0.0,0.0,,0.0,normalDay
2020-11-16,3233.0,367.0,0.0,0,362.57,0.0,1,3.73,0.06,SPY201120P00327000,327.0,0,0.0,0.0,,0.0,normalDay
2020-11-17,3233.0,369.0,0.0,0,360.62,0.0,1,3.73,0.04,SPY201120P00327000,327.0,0,0.0,0.0,,0.0,normalDay
2020-11-18,3233.0,369.0,0.0,0,356.28,0.0,1,3.73,0.04,SPY201120P00327000,327.0,0,0.0,0.0,,0.0,normalDay
2020-11-19,3233.0,371.0,0.0,0,357.78,0.0,1,3.73,0.02,SPY201120P00327000,327.0,0,0.0,0.0,,0.0,normalDay
2020-11-20,3606.0,0.0,373.0,0,355.33,0.0,1,3.73,0.0,SPY201120P00327000,327.0,0,0.0,0.0,,0.0,expirationDay
2020-11-23,3606.0,-6.0,0.0,0,357.46,0.0,1,3.36,3.42,SPY201231P00335000,335.0,0,0.0,0.0,,0.0,normalDay
2020-11-24,3606.0,93.0,0.0,0,363.22,0.0,1,3.36,2.43,SPY201231P00335000,335.0,0,0.0,0.0,,0.0,normalDay
2020-11-25,3606.0,101.0,0.0,0,362.66,0.0,1,3.36,2.35,SPY201231P00335000,335.0,0,0.0,0.0,,0.0,normalDay
2020-11-27,3606.0,135.0,0.0,0,363.67,0.0,1,3.36,2.01,SPY201231P00335000,335.0,0,0.0,0.0,,0.0,normalDay
2020-11-30,3606.0,153.0,0.0,0,362.06,0.0,1,3.36,1.83,SPY201231P00335000,335.0,0,0.0,0.0,,0.0,normalDay
2020-12-01,3606.0,180.0,0.0,0,366.02,0.0,1,3.36,1.56,SPY201231P00335000,335.0,0,0.0,0.0,,0.0,normalDay
2020-12-02,3606.0,191.0,0.0,0,366.79,0.0,1,3.36,1.45,SPY201231P00335000,335.0,0,0.0,0.0,,0.0,normalDay
2020-12-03,3606.0,191.0,0.0,0,366.69,0.0,1,3.36,1.45,SPY201231P00335000,335.0,0,0.0,0.0,,0.0,normalDay
2020-12-04,3606.0,229.0,0.0,0,369.85,0.0,1,3.36,1.07,SPY201231P00335000,335.0,0,0.0,0.0,,0.0,normalDay
2020-12-07,3606.0,240.0,0.0,0,369.09,0.0,1,3.36,0.96,SPY201231P00335000,335.0,0,0.0,0.0,,0.0,normalDay
2020-12-08,3606.0,261.0,0.0,0,370.17,0.0,1,3.36,0.75,SPY201231P00335000,335.0,0,0.0,0.0,,0.0,normalDay
2020-12-09,3606.0,232.0,0.0,0,366.85,0.0,1,3.36,1.04,SPY201231P00335000,335.0,0,0.0,0.0,,0.0,normalDay
2020-12-10,3606.0,237.0,0.0,0,366.73,0.0,1,3.36,0.99,SPY201231P00335000,335.0,0,0.0,0.0,,0.0,normalDay
2020-12-11,3606.0,234.0,0.0,0,366.3,0.0,1,3.36,1.02,SPY201231P00335000,335.0,0,0.0,0.0,,0.0,normalDay
2020-12-14,3606.0,224.0,0.0,0,364.66,0.0,1,3.36,1.12,SPY201231P00335000,335.0,0,0.0,0.0,,0.0,normalDay
2020-12-15,3606.0,267.0,0.0,0,369.59,0.0,1,3.36,0.69,SPY201231P00335000,335.0,0,0.0,0.0,,0.0,normalDay
2020-12-16,3606.0,282.0,0.0,0,370.17,0.0,1,3.36,0.54,SPY201231P00335000,335.0,0,0.0,0.0,,0.0,normalDay
2020-12-17,3606.0,294.0,0.0,0,372.24,0.0,1,3.36,0.42,SPY201231P00335000,335.0,0,0.0,0.0,,0.0,normalDay
2020-12-18,3606.0,308.0,0.0,0,369.18,0.0,1,3.36,0.28,SPY201231P00335000,335.0,0,0.0,0.0,,0.0,normalDay
2020-12-21,3606.0,299.0,0.0,0,367.86,0.0,1,3.36,0.37,SPY201231P00335000,335.0,0,0.0,0.0,,0.0,normalDay
2020-12-22,3606.0,309.0,0.0,0,367.24,0.0,1,3.36,0.27,SPY201231P00335000,335.0,0,0.0,0.0,,0.0,normalDay
2020-12-23,3606.0,318.0,0.0,0,367.57,0.0,1,3.36,0.18,SPY201231P00335000,335.0,0,0.0,0.0,,0.0,normalDay
2020-12-24,3606.0,329.0,0.0,0,369.0,0.0,1,3.36,0.07,SPY201231P00335000,335.0,0,0.0,0.0,,0.0,normalDay
2020-12-28,3606.0,333.0,0.0,0,372.17,0.0,1,3.36,0.03,SPY201231P00335000,335.0,0,0.0,0.0,,0.0,normalDay
2020-12-29,3606.0,333.0,0.0,0,371.46,0.0,1,3.36,0.03,SPY201231P00335000,335.0,0,0.0,0.0,,0.0,normalDay
2020-12-30,3606.0,335.0,0.0,0,371.99,0.0,1,3.36,0.01,SPY201231P00335000,335.0,0,0.0,0.0,,0.0,normalDay
2020-12-31,3942.0,0.0,336.0,0,373.88,0.0,1,3.36,0.0,SPY201231P00335000,335.0,0,0.0,0.0,,0.0,expirationDay
2021-01-04,3942.0,-10.0,0.0,0,368.79,0.0,1,9.36,9.46,SPY210212P00367000,367.0,0,0.0,0.0,,0.0,normalDay
2021-01-05,3942.0,124.0,0.0,0,371.33,0.0,1,9.36,8.12,SPY210212P00367000,367.0,0,0.0,0.0,,0.0,normalDay
2021-01-06,3942.0,192.0,0.0,0,373.55,0.0,1,9.36,7.44,SPY210212P00367000,367.0,0,0.0,0.0,,0.0,normalDay
2021-01-07,3942.0,430.0,0.0,0,379.1,0.0,1,9.36,5.06,SPY210212P00367000,367.0,0,0.0,0.0,,0.0,normalDay
2021-01-08,3942.0,503.0,0.0,0,381.26,0.0,1,9.36,4.33,SPY210212P00367000,367.0,0,0.0,0.0,,0.0,normalDay
2021-01-11,3942.0,408.0,0.0,0,378.69,0.0,1,9.36,5.28,SPY210212P00367000,367.0,0,0.0,0.0,,0.0,normalDay
2021-01-12,3942.0,440.0,0.0,0,378.77,0.0,1,9.36,4.96,SPY210212P00367000,367.0,0,0.0,0.0,,0.0,normalDay
2021-01-13,3942.0,517.0,0.0,0,379.79,0.0,1,9.36,4.19,SPY210212P00367000,367.0,0,0.0,0.0,,0.0,normalDay
2021-01-14,3942.0,473.0,0.0,0,378.46,0.0,1,9.36,4.63,SPY210212P00367000,367.0,0,0.0,0.0,,0.0,normalDay
2021-01-15,3942.0,371.0,0.0,0,375.7,0.0,1,9.36,5.65,SPY210212P00367000,367.0,0,0.0,0.0,,0.0,normalDay
2021-01-19,3942.0,530.0,0.0,0,378.65,0.0,1,9.36,4.06,SPY210212P00367000,367.0,0,0.0,0.0,,0.0,normalDay
2021-01-20,3942.0,673.0,0.0,0,383.89,0.0,1,9.36,2.63,SPY210212P00367000,367.0,0,0.0,0.0,,0.0,normalDay
2021-01-21,3942.0,696.0,0.0,0,384.24,0.0,1,9.36,2.4,SPY210212P00367000,367.0,0,0.0,0.0,,0.0,normalDay
2021-01-22,3942.0,688.0,0.0,0,382.88,0.0,1,9.36,2.48,SPY210212P00367000,367.0,0,0.0,0.0,,0.0,normalDay
2021-01-25,3942.0,717.0,0.0,0,384.39,0.0,1,9.36,2.19,SPY210212P00367000,367.0,0,0.0,0.0,,0.0,normalDay
2021-01-26,3942.0,734.0,0.0,0,383.79,0.0,1,9.36,2.02,SPY210212P00367000,367.0,0,0.0,0.0,,0.0,normalDay
2021-01-27,3942.0,292.0,0.0,0,374.41,0.0,1,9.36,6.44,SPY210212P00367000,367.0,0,0.0,0.0,,0.0,normalDay
2021-01-28,3942.0,512.0,0.0,0,377.63,0.0,1,9.36,4.24,SPY210212P00367000,367.0,0,0.0,0.0,,0.0,normalDay
2021-01-29,3942.0,181.0,0.0,0,370.07,0.0,1,9.36,7.55,SPY210212P00367000,367.0,0,0.0,0.0,,0.0,normalDay
2021-02-01,3942.0,553.0,0.0,0,376.23,0.0,1,9.36,3.83,SPY210212P00367000,367.0,0,0.0,0.0,,0.0,normalDay
2021-02-02,3942.0,783.0,0.0,0,381.55,0.0,1,9.36,1.53,SPY210212P00367000,367.0,0,0.0,0.0,,0.0,normalDay
2021-02-03,3942.0,839.0,0.0,0,381.85,0.0,1,9.36,0.97,SPY210212P00367000,367.0,0,0.0,0.0,,0.0,normalDay
2021-02-04,3942.0,890.0,0.0,0,386.19,0.0,1,9.36,0.46,SPY210212P00367000,367.0,0,0.0,0.0,,0.0,normalDay
2021-02-05,3942.0,917.0,0.0,0,387.71,0.0,1,9.36,0.19,SPY210212P00367000,367.0,0,0.0,0.0,,0.0,normalDay
2021-02-08,3942.0,928.0,0.0,0,390.51,0.0,1,9.36,0.08,SPY210212P00367000,367.0,0,0.0,0.0,,0.0,normalDay
2021-02-09,3942.0,930.0,0.0,0,390.25,0.0,1,9.36,0.06,SPY210212P00367000,367.0,0,0.0,0.0,,0.0,normalDay
2021-02-10,3942.0,931.0,0.0,0,390.08,0.0,1,9.36,0.05,SPY210212P00367000,367.0,0,0.0,0.0,,0.0,normalDay
2021-02-11,3942.0,934.0,0.0,0,390.71,0.0,1,9.36,0.02,SPY210212P00367000,367.0,0,0.0,0.0,,0.0,normalDay
2021-02-12,4878.0,0.0,936.0,0,392.64,0.0,1,9.36,0.0,SPY210212P00367000,367.0,0,0.0,0.0,,0.0,expirationDay
2021-02-16,4878.0,-5.0,0.0,0,392.3,0.0,1,4.98,5.03,SPY210326P00377000,377.0,0,0.0,0.0,,0.0,normalDay
2021-02-17,4878.0,18.0,0.0,0,392.39,0.0,1,4.98,4.8,SPY210326P00377000,377.0,0,0.0,0.0,,0.0,normalDay
2021-02-18,4878.0,-34.0,0.0,0,390.72,0.0,1,4.98,5.32,SPY210326P00377000,377.0,0,0.0,0.0,,0.0,normalDay
2021-02-19,4878.0,-23.0,0.0,0,390.03,0.0,1,4.98,5.21,SPY210326P00377000,377.0,0,0.0,0.0,,0.0,normalDay
2021-02-22,4878.0,-97.0,0.0,0,387.03,0.0,1,4.98,5.95,SPY210326P00377000,377.0,0,0.0,0.0,,0.0,normalDay
2021-02-23,4878.0,-64.0,0.0,0,387.5,0.0,1,4.98,5.62,SPY210326P00377000,377.0,0,0.0,0.0,,0.0,normalDay
2021-02-24,4878.0,94.0,0.0,0,391.77,0.0,1,4.98,4.04,SPY210326P00377000,377.0,0,0.0,0.0,,0.0,normalDay
2021-02-25,4878.0,-313.0,0.0,0,382.33,0.0,1,4.98,8.11,SPY210326P00377000,377.0,0,0.0,0.0,,0.0,normalDay
2021-02-26,4878.0,-345.0,0.0,0,380.36,0.0,1,4.98,8.43,SPY210326P00377000,377.0,0,0.0,0.0,,0.0,normalDay
2021-03-01,4878.0,70.0,0.0,0,389.58,0.0,1,4.98,4.28,SPY210326P00377000,377.0,0,0.0,0.0,,0.0,normalDay
2021-03-02,4878.0,-23.0,0.0,0,386.54,0.0,1,4.98,5.21,SPY210326P00377000,377.0,0,0.0,0.0,,0.0,normalDay
2021-03-03,4878.0,-214.0,0.0,0,381.42,0.0,1,4.98,7.12,SPY210326P00377000,377.0,0,0.0,0.0,,0.0,normalDay
2021-03-04,4878.0,-427.0,0.0,0,376.7,0.0,1,4.98,9.25,SPY210326P00377000,377.0,0,0.0,0.0,,0.0,normalDay
2021-03-05,4878.0,-69.0,0.0,0,383.63,0.0,1,4.98,5.67,SPY210326P00377000,377.0,0,0.0,0.0,,0.0,normalDay
2021-03-08,4878.0,-116.0,0.0,0,381.72,0.0,1,4.98,6.14,SPY210326P00377000,377.0,0,0.0,0.0,,0.0,normalDay
2021-03-09,4878.0,88.0,0.0,0,387.17,0.0,1,4.98,4.1,SPY210326P00377000,377.0,0,0.0,0.0,,0.0,normalDay
2021-03-10,4878.0,215.0,0.0,0,389.58,0.0,1,4.98,2.83,SPY210326P00377000,377.0,0,0.0,0.0,,0.0,normalDay
2021-03-11,4878.0,299.0,0.0,0,393.53,0.0,1,4.98,1.99,SPY210326P00377000,377.0,0,0.0,0.0,,0.0,normalDay
2021-03-12,4878.0,363.0,0.0,0,394.06,0.0,1,4.98,1.35,SPY210326P00377000,377.0,0,0.0,0.0,,0.0,normalDay
2021-03-15,4878.0,415.0,0.0,0,396.41,0.0,1,4.98,0.83,SPY210326P00377000,377.0,0,0.0,0.0,,0.0,normalDay
2021-03-16,4878.0,417.0,0.0,0,395.91,0.0,1,4.98,0.81,SPY210326P00377000,377.0,0,0.0,0.0,,0.0,normalDay
2021-03-17,4878.0,447.0,0.0,0,397.26,0.0,1,4.98,0.51,SPY210326P00377000,377.0,0,0.0,0.0,,0.0,normalDay
2021-03-18,4878.0,395.0,0.0,0,391.48,0.0,1,4.98,1.03,SPY210326P00377000,377.0,0,0.0,0.0,,0.0,normalDay
2021-03-19,4878.0,419.0,0.0,0,389.48,0.0,1,4.98,0.79,SPY210326P00377000,377.0,0,0.0,0.0,,0.0,normalDay
2021-03-22,4878.0,482.0,0.0,0,392.59,0.0,1,4.98,0.16,SPY210326P00377000,377.0,0,0.0,0.0,,0.0,normalDay
2021-03-23,4878.0,473.0,0.0,0,389.5,0.0,1,4.98,0.25,SPY210326P00377000,377.0,0,0.0,0.0,,0.0,normalDay
2021-03-24,4878.0,477.0,0.0,0,387.52,0.0,1,4.98,0.21,SPY210326P00377000,377.0,0,0.0,0.0,,0.0,normalDay
2021-03-25,4878.0,494.0,0.0,0,389.7,0.0,1,4.98,0.04,SPY210326P00377000,377.0,0,0.0,0.0,,0.0,normalDay
2021-03-26,5376.0,0.0,498.0,0,395.98,0.0,1,4.98,0.0,SPY210326P00377000,377.0,0,0.0,0.0,,0.0,expirationDay
2021-03-29,5376.0,-7.0,0.0,0,395.78,0.0,1,4.97,5.04,SPY210507P00384000,384.0,0,0.0,0.0,,0.0,normalDay
2021-03-30,5376.0,4.0,0.0,0,394.73,0.0,1,4.97,4.93,SPY210507P00384000,384.0,0,0.0,0.0,,0.0,normalDay
2021-03-31,5376.0,62.0,0.0,0,396.33,0.0,1,4.97,4.35,SPY210507P00384000,384.0,0,0.0,0.0,,0.0,normalDay
2021-04-01,5376.0,197.0,0.0,0,400.61,0.0,1,4.97,3.0,SPY210507P00384000,384.0,0,0.0,0.0,,0.0,normalDay
2021-04-05,5376.0,283.0,0.0,0,406.36,0.0,1,4.97,2.14,SPY210507P00384000,384.0,0,0.0,0.0,,0.0,normalDay
2021-04-06,5376.0,283.0,0.0,0,406.12,0.0,1,4.97,2.14,SPY210507P00384000,384.0,0,0.0,0.0,,0.0,normalDay
2021-04-07,5376.0,315.0,0.0,0,406.59,0.0,1,4.97,1.82,SPY210507P00384000,384.0,0,0.0,0.0,,0.0,normalDay
2021-04-08,5376.0,339.0,0.0,0,408.52,0.0,1,4.97,1.58,SPY210507P00384000,384.0,0,0.0,0.0,,0.0,normalDay
2021-04-09,5376.0,366.0,0.0,0,411.49,0.0,1,4.97,1.31,SPY210507P00384000,384.0,0,0.0,0.0,,0.0,normalDay
2021-04-12,5376.0,385.0,0.0,0,411.64,0.0,1,4.97,1.12,SPY210507P00384000,384.0,0,0.0,0.0,,0.0,normalDay
2021-04-13,5376.0,405.0,0.0,0,412.86,0.0,1,4.97,0.92,SPY210507P00384000,384.0,0,0.0,0.0,,0.0,normalDay
2021-04-14,5376.0,397.0,0.0,0,411.45,0.0,1,4.97,1.0,SPY210507P00384000,384.0,0,0.0,0.0,,0.0,normalDay
2021-04-15,5376.0,424.0,0.0,0,415.87,0.0,1,4.97,0.73,SPY210507P00384000,384.0,0,0.0,0.0,,0.0,normalDay
2021-04-16,5376.0,436.0,0.0,0,417.26,0.0,1,4.97,0.61,SPY210507P00384000,384.0,0,0.0,0.0,,0.0,normalDay
2021-04-19,5376.0,435.0,0.0,0,415.21,0.0,1,4.97,0.62,SPY210507P00384000,384.0,0,0.0,0.0,,0.0,normalDay
2021-04-20,5376.0,412.0,0.0,0,412.17,0.0,1,4.97,0.85,SPY210507P00384000,384.0,0,0.0,0.0,,0.0,normalDay
2021-04-21,5376.0,452.0,0.0,0,416.07,0.0,1,4.97,0.45,SPY210507P00384000,384.0,0,0.0,0.0,,0.0,normalDay
2021-04-22,5376.0,430.0,0.0,0,412.27,0.0,1,4.97,0.67,SPY210507P00384000,384.0,0,0.0,0.0,,0.0,normalDay
2021-04-23,5376.0,468.0,0.0,0,416.74,0.0,1,4.97,0.29,SPY210507P00384000,384.0,0,0.0,0.0,,0.0,normalDay
2021-04-26,5376.0,480.0,0.0,0,417.61,0.0,1,4.97,0.17,SPY210507P00384000,384.0,0,0.0,0.0,,0.0,normalDay
2021-04-27,5376.0,483.0,0.0,0,417.52,0.0,1,4.97,0.14,SPY210507P00384000,384.0,0,0.0,0.0,,0.0,normalDay
2021-04-28,5376.0,488.0,0.0,0,417.4,0.0,1,4.97,0.09,SPY210507P00384000,384.0,0,0.0,0.0,,0.0,normalDay
2021-04-29,5376.0,489.0,0.0,0,420.06,0.0,1,4.97,0.08,SPY210507P00384000,384.0,0,0.0,0.0,,0.0,normalDay
2021-04-30,5376.0,486.0,0.0,0,417.3,0.0,1,4.97,0.11,SPY210507P00384000,384.0,0,0.0,0.0,,0.0,normalDay
2021-05-03,5376.0,491.0,0.0,0,418.2,0.0,1,4.97,0.06,SPY210507P00384000,384.0,0,0.0,0.0,,0.0,normalDay
2021-05-04,5376.0,490.0,0.0,0,415.62,0.0,1,4.97,0.07,SPY210507P00384000,384.0,0,0.0,0.0,,0.0,normalDay
2021-05-05,5376.0,491.0,0.0,0,415.75,0.0,1,4.97,0.06,SPY210507P00384000,384.0,0,0.0,0.0,,0.0,normalDay
2021-05-06,5376.0,495.0,0.0,0,419.07,0.0,1,4.97,0.02,SPY210507P00384000,384.0,0,0.0,0.0,,0.0,normalDay
2021-05-07,5873.0,0.0,497.0,0,422.12,0.0,1,4.97,0.0,SPY210507P00384000,384.0,0,0.0,0.0,,0.0,expirationDay
2021-05-10,5873.0,-5.0,0.0,0,417.94,0.0,1,7.39,7.44,SPY210618P00413000,413.0,0,0.0,0.0,,0.0,normalDay
2021-05-11,5873.0,-196.0,0.0,0,414.21,0.0,1,7.39,9.35,SPY210618P00413000,413.0,0,0.0,0.0,,0.0,normalDay
2021-05-12,5873.0,-763.0,0.0,0,405.41,0.0,1,7.39,15.02,SPY210618P00413000,413.0,0,0.0,0.0,,0.0,normalDay
2021-05-13,5873.0,-404.0,0.0,0,410.28,0.0,1,7.39,11.43,SPY210618P00413000,413.0,0,0.0,0.0,,0.0,normalDay
2021-05-14,5873.0,54.0,0.0,0,416.58,0.0,1,7.39,6.85,SPY210618P00413000,413.0,0,0.0,0.0,,0.0,normalDay
2021-05-17,5873.0,9.0,0.0,0,415.52,0.0,1,7.39,7.3,SPY210618P00413000,413.0,0,0.0,0.0,,0.0,normalDay
2021-05-18,5873.0,-181.0,0.0,0,411.94,0.0,1,7.39,9.2,SPY210618P00413000,413.0,0,0.0,0.0,,0.0,normalDay
2021-05-19,5873.0,-229.0,0.0,0,410.86,0.0,1,7.39,9.68,SPY210618P00413000,413.0,0,0.0,0.0,,0.0,normalDay
2021-05-20,5873.0,15.0,0.0,0,415.28,0.0,1,7.39,7.24,SPY210618P00413000,413.0,0,0.0,0.0,,0.0,normalDay
2021-05-21,5873.0,59.0,0.0,0,414.94,0.0,1,7.39,6.8,SPY210618P00413000,413.0,0,0.0,0.0,,0.0,normalDay
2021-05-24,5873.0,285.0,0.0,0,419.17,0.0,1,7.39,4.54,SPY210618P00413000,413.0,0,0.0,0.0,,0.0,normalDay
2021-05-25,5873.0,253.0,0.0,0,418.24,0.0,1,7.39,4.86,SPY210618P00413000,413.0,0,0.0,0.0,,0.0,normalDay
2021-05-26,5873.0,335.0,0.0,0,419.07,0.0,1,7.39,4.04,SPY210618P00413000,413.0,0,0.0,0.0,,0.0,normalDay
2021-05-27,5873.0,397.0,0.0,0,419.29,0.0,1,7.39,3.42,SPY210618P00413000,413.0,0,0.0,0.0,,0.0,normalDay
2021-05-28,5873.0,425.0,0.0,0,420.04,0.0,1,7.39,3.14,SPY210618P00413000,413.0,0,0.0,0.0,,0.0,normalDay
2021-06-01,5873.0,419.0,0.0,0,419.67,0.0,1,7.39,3.2,SPY210618P00413000,413.0,0,0.0,0.0,,0.0,normalDay
2021-06-02,5873.0,472.0,0.0,0,420.33,0.0,1,7.39,2.67,SPY210618P00413000,413.0,0,0.0,0.0,,0.0,normalDay
2021-06-03,5873.0,427.0,0.0,0,418.77,0.0,1,7.39,3.12,SPY210618P00413000,413.0,0,0.0,0.0,,0.0,normalDay
2021-06-04,5873.0,563.0,0.0,0,422.6,0.0,1,7.39,1.76,SPY210618P00413000,413.0,0,0.0,0.0,,0.0,normalDay
2021-06-07,5873.0,603.0,0.0,0,422.19,0.0,1,7.39,1.36,SPY210618P00413000,413.0,0,0.0,0.0,,0.0,normalDay
2021-06-08,5873.0,590.0,0.0,0,422.28,0.0,1,7.39,1.49,SPY210618P00413000,413.0,0,0.0,0.0,,0.0,normalDay
2021-06-09,5873.0,570.0,0.0,0,421.65,0.0,1,7.39,1.69,SPY210618P00413000,413.0,0,0.0,0.0,,0.0,normalDay
2021-06-10,5873.0,659.0,0.0,0,423.61,0.0,1,7.39,0.8,SPY210618P00413000,413.0,0,0.0,0.0,,0.0,normalDay
2021-06-11,5873.0,681.0,0.0,0,424.31,0.0,1,7.39,0.58,SPY210618P00413000,413.0,0,0.0,0.0,,0.0,normalDay
2021-06-14,5873.0,700.0,0.0,0,425.26,0.0,1,7.39,0.39,SPY210618P00413000,413.0,0,0.0,0.0,,0.0,normalDay
2021-06-15,5873.0,690.0,0.0,0,424.48,0.0,1,7.39,0.49,SPY210618P00413000,413.0,0,0.0,0.0,,0.0,normalDay
2021-06-16,5873.0,671.0,0.0,0,422.11,0.0,1,7.39,0.68,SPY210618P00413000,413.0,0,0.0,0.0,,0.0,normalDay
2021-06-17,5873.0,715.0,0.0,0,421.97,0.0,1,7.39,0.24,SPY210618P00413000,413.0,0,0.0,0.0,,0.0,normalDay
2021-06-18,6612.0,0.0,739.0,0,414.92,0.0,1,7.39,0.0,SPY210618P00413000,413.0,0,0.0,0.0,,0.0,expirationDay
2021-06-21,6612.0,-5.0,0.0,0,420.86,0.0,1,6.44,6.49,SPY210730P00418000,418.0,0,0.0,0.0,,0.0,normalDay
2021-06-22,6612.0,96.0,0.0,0,423.11,0.0,1,6.44,5.48,SPY210730P00418000,418.0,0,0.0,0.0,,0.0,normalDay
2021-06-23,6612.0,114.0,0.0,0,422.6,0.0,1,6.44,5.3,SPY210730P00418000,418.0,0,0.0,0.0,,0.0,normalDay
2021-06-24,6612.0,198.0,0.0,0,425.1,0.0,1,6.44,4.46,SPY210730P00418000,418.0,0,0.0,0.0,,0.0,normalDay
2021-06-25,6612.0,267.0,0.0,0,426.61,0.0,1,6.44,3.77,SPY210730P00418000,418.0,0,0.0,0.0,,0.0,normalDay
2021-06-28,6612.0,301.0,0.0,0,427.47,0.0,1,6.44,3.43,SPY210730P00418000,418.0,0,0.0,0.0,,0.0,normalDay
2021-06-29,6612.0,316.0,0.0,0,427.7,0.0,1,6.44,3.28,SPY210730P00418000,418.0,0,0.0,0.0,,0.0,normalDay
2021-06-30,6612.0,343.0,0.0,0,428.06,0.0,1,6.44,3.01,SPY210730P00418000,418.0,0,0.0,0.0,,0.0,normalDay
2021-07-01,6612.0,382.0,0.0,0,430.43,0.0,1,6.44,2.62,SPY210730P00418000,418.0,0,0.0,0.0,,0.0,normalDay
2021-07-02,6612.0,441.0,0.0,0,433.72,0.0,1,6.44,2.03,SPY210730P00418000,418.0,0,0.0,0.0,,0.0,normalDay
2021-07-06,6612.0,428.0,0.0,0,432.93,0.0,1,6.44,2.16,SPY210730P00418000,418.0,0,0.0,0.0,,0.0,normalDay
2021-07-07,6612.0,459.0,0.0,0,434.46,0.0,1,6.44,1.85,SPY210730P00418000,418.0,0,0.0,0.0,,0.0,normalDay
2021-07-08,6612.0,345.0,0.0,0,430.92,0.0,1,6.44,2.99,SPY210730P00418000,418.0,0,0.0,0.0,,0.0,normalDay
2021-07-09,6612.0,486.0,0.0,0,435.52,0.0,1,6.44,1.58,SPY210730P00418000,418.0,0,0.0,0.0,,0.0,normalDay
2021-07-12,6612.0,523.0,0.0,0,437.08,0.0,1,6.44,1.21,SPY210730P00418000,418.0,0,0.0,0.0,,0.0,normalDay
2021-07-13,6612.0,495.0,0.0,0,435.59,0.0,1,6.44,1.49,SPY210730P00418000,418.0,0,0.0,0.0,,0.0,normalDay
2021-07-14,6612.0,537.0,0.0,0,436.24,0.0,1,6.44,1.07,SPY210730P00418000,418.0,0,0.0,0.0,,0.0,normalDay
2021-07-15,6612.0,516.0,0.0,0,434.75,0.0,1,6.44,1.28,SPY210730P00418000,418.0,0,0.0,0.0,,0.0,normalDay
2021-07-16,6612.0,462.0,0.0,0,431.34,0.0,1,6.44,1.82,SPY210730P00418000,418.0,0,0.0,0.0,,0.0,normalDay
2021-07-19,6612.0,300.0,0.0,0,424.97,0.0,1,6.44,3.44,SPY210730P00418000,418.0,0,0.0,0.0,,0.0,normalDay
2021-07-20,6612.0,488.0,0.0,0,431.06,0.0,1,6.44,1.56,SPY210730P00418000,418.0,0,0.0,0.0,,0.0,normalDay
2021-07-21,6612.0,583.0,0.0,0,434.55,0.0,1,6.44,0.61,SPY210730P00418000,418.0,0,0.0,0.0,,0.0,normalDay
2021-07-22,6612.0,602.0,0.0,0,435.46,0.0,1,6.44,0.42,SPY210730P00418000,418.0,0,0.0,0.0,,0.0,normalDay
2021-07-23,6612.0,630.0,0.0,0,439.94,0.0,1,6.44,0.14,SPY210730P00418000,418.0,0,0.0,0.0,,0.0,normalDay
2021-07-26,6612.0,638.0,0.0,0,441.02,0.0,1,6.44,0.06,SPY210730P00418000,418.0,0,0.0,0.0,,0.0,normalDay
2021-07-27,6612.0,632.0,0.0,0,439.01,0.0,1,6.44,0.12,SPY210730P00418000,418.0,0,0.0,0.0,,0.0,normalDay
2021-07-28,6612.0,639.0,0.0,0,438.83,0.0,1,6.44,0.05,SPY210730P00418000,418.0,0,0.0,0.0,,0.0,normalDay
2021-07-29,6612.0,642.0,0.0,0,440.65,0.0,1,6.44,0.02,SPY210730P00418000,418.0,0,0.0,0.0,,0.0,normalDay
2021-07-30,7256.0,0.0,644.0,0,438.51,0.0,1,6.44,0.0,SPY210730P00418000,418.0,0,0.0,0.0,,0.0,expirationDay
2021-08-02,7256.0,-5.0,0.0,0,437.59,0.0,1,6.43,6.48,SPY210910P00431000,431.0,0,0.0,0.0,,0.0,normalDay
2021-08-03,7256.0,138.0,0.0,0,441.15,0.0,1,6.43,5.05,SPY210910P00431000,431.0,0,0.0,0.0,,0.0,normalDay
2021-08-04,7256.0,106.0,0.0,0,438.98,0.0,1,6.43,5.37,SPY210910P00431000,431.0,0,0.0,0.0,,0.0,normalDay
2021-08-05,7256.0,195.0,0.0,0,441.76,0.0,1,6.43,4.48,SPY210910P00431000,431.0,0,0.0,0.0,,0.0,normalDay
2021-08-06,7256.0,257.0,0.0,0,442.49,0.0,1,6.43,3.86,SPY210910P00431000,431.0,0,0.0,0.0,,0.0,normalDay
2021-08-09,7256.0,271.0,0.0,0,442.13,0.0,1,6.43,3.72,SPY210910P00431000,431.0,0,0.0,0.0,,0.0,normalDay
2021-08-10,7256.0,277.0,0.0,0,442.68,0.0,1,6.43,3.66,SPY210910P00431000,431.0,0,0.0,0.0,,0.0,normalDay
2021-08-11,7256.0,330.0,0.0,0,443.78,0.0,1,6.43,3.13,SPY210910P00431000,431.0,0,0.0,0.0,,0.0,normalDay
2021-08-12,7256.0,376.0,0.0,0,445.11,0.0,1,6.43,2.67,SPY210910P00431000,431.0,0,0.0,0.0,,0.0,normalDay
2021-08-13,7256.0,407.0,0.0,0,445.92,0.0,1,6.43,2.36,SPY210910P00431000,431.0,0,0.0,0.0,,0.0,normalDay
2021-08-16,7256.0,430.0,0.0,0,446.97,0.0,1,6.43,2.13,SPY210910P00431000,431.0,0,0.0,0.0,,0.0,normalDay
2021-08-17,7256.0,339.0,0.0,0,444.04,0.0,1,6.43,3.04,SPY210910P00431000,431.0,0,0.0,0.0,,0.0,normalDay
2021-08-18,7256.0,155.0,0.0,0,439.18,0.0,1,6.43,4.88,SPY210910P00431000,431.0,0,0.0,0.0,,0.0,normalDay
2021-08-19,7256.0,191.0,0.0,0,439.86,0.0,1,6.43,4.52,SPY210910P00431000,431.0,0,0.0,0.0,,0.0,normalDay
2021-08-20,7256.0,367.0,0.0,0,443.36,0.0,1,6.43,2.76,SPY210910P00431000,431.0,0,0.0,0.0,,0.0,normalDay
2021-08-23,7256.0,497.0,0.0,0,447.26,0.0,1,6.43,1.46,SPY210910P00431000,431.0,0,0.0,0.0,,0.0,normalDay
2021-08-24,7256.0,510.0,0.0,0,447.97,0.0,1,6.43,1.33,SPY210910P00431000,431.0,0,0.0,0.0,,0.0,normalDay
2021-08-25,7256.0,538.0,0.0,0,448.91,0.0,1,6.43,1.05,SPY210910P00431000,431.0,0,0.0,0.0,,0.0,normalDay
2021-08-26,7256.0,479.0,0.0,0,446.26,0.0,1,6.43,1.64,SPY210910P00431000,431.0,0,0.0,0.0,,0.0,normalDay
2021-08-27,7256.0,573.0,0.0,0,450.25,0.0,1,6.43,0.7,SPY210910P00431000,431.0,0,0.0,0.0,,0.0,normalDay
2021-08-30,7256.0,605.0,0.0,0,452.23,0.0,1,6.43,0.38,SPY210910P00431000,431.0,0,0.0,0.0,,0.0,normalDay
2021-08-31,7256.0,603.0,0.0,0,451.56,0.0,1,6.43,0.4,SPY210910P00431000,431.0,0,0.0,0.0,,0.0,normalDay
2021-09-01,7256.0,616.0,0.0,0,451.8,0.0,1,6.43,0.27,SPY210910P00431000,431.0,0,0.0,0.0,,0.0,normalDay
2021-09-02,7256.0,617.0,0.0,0,453.19,0.0,1,6.43,0.26,SPY210910P00431000,431.0,0,0.0,0.0,,0.0,normalDay
2021-09-03,7256.0,627.0,0.0,0,453.08,0.0,1,6.43,0.16,SPY210910P00431000,431.0,0,0.0,0.0,,0.0,normalDay
2021-09-07,7256.0,634.0,0.0,0,451.46,0.0,1,6.43,0.09,SPY210910P00431000,431.0,0,0.0,0.0,,0.0,normalDay
2021-09-08,7256.0,637.0,0.0,0,450.91,0.0,1,6.43,0.06,SPY210910P00431000,431.0,0,0.0,0.0,,0.0,normalDay
2021-09-09,7256.0,640.0,0.0,0,448.98,0.0,1,6.43,0.03,SPY210910P00431000,431.0,0,0.0,0.0,,0.0,normalDay
2021-09-10,7899.0,0.0,643.0,0,445.44,0.0,1,6.43,0.0,SPY210910P00431000,431.0,0,0.0,0.0,,0.0,expirationDay
2021-09-13,7899.0,-6.0,0.0,0,446.58,0.0,1,7.6,7.66,SPY211022P00443000,443.0,0,0.0,0.0,,0.0,normalDay
2021-09-14,7899.0,-110.0,0.0,0,444.17,0.0,1,7.6,8.7,SPY211022P00443000,443.0,0,0.0,0.0,,0.0,normalDay
2021-09-15,7899.0,94.0,0.0,0,447.88,0.0,1,7.6,6.66,SPY211022P00443000,443.0,0,0.0,0.0,,0.0,normalDay
2021-09-16,7899.0,58.0,0.0,0,447.17,0.0,1,7.6,7.02,SPY211022P00443000,443.0,0,0.0,0.0,,0.0,normalDay
2021-09-17,7899.0,-179.0,0.0,0,441.4,0.0,1,7.6,9.39,SPY211022P00443000,443.0,0,0.0,0.0,,0.0,normalDay
2021-09-20,7899.0,-644.0,0.0,0,434.04,0.0,1,7.6,14.04,SPY211022P00443000,443.0,0,0.0,0.0,,0.0,normalDay
2021-09-21,7899.0,-630.0,0.0,0,433.63,0.0,1,7.6,13.9,SPY211022P00443000,443.0,0,0.0,0.0,,0.0,normalDay
2021-09-22,7899.0,-266.0,0.0,0,437.86,0.0,1,7.6,10.26,SPY211022P00443000,443.0,0,0.0,0.0,,0.0,normalDay
2021-09-23,7899.0,59.0,0.0,0,443.18,0.0,1,7.6,7.01,SPY211022P00443000,443.0,0,0.0,0.0,,0.0,normalDay
2021-09-24,7899.0,137.0,0.0,0,443.91,0.0,1,7.6,6.23,SPY211022P00443000,443.0,0,0.0,0.0,,0.0,normalDay
2021-09-27,7899.0,90.0,0.0,0,442.64,0.0,1,7.6,6.7,SPY211022P00443000,443.0,0,0.0,0.0,,0.0,normalDay
2021-09-28,7899.0,-468.0,0.0,0,433.72,0.0,1,7.6,12.28,SPY211022P00443000,443.0,0,0.0,0.0,,0.0,normalDay
2021-09-29,7899.0,-401.0,0.0,0,434.45,0.0,1,7.6,11.61,SPY211022P00443000,443.0,0,0.0,0.0,,0.0,normalDay
2021-09-30,7899.0,-781.0,0.0,0,429.14,0.0,1,7.6,15.41,SPY211022P00443000,443.0,0,0.0,0.0,,0.0,normalDay
2021-10-01,7899.0,-363.0,0.0,0,434.24,0.0,1,7.6,11.23,SPY211022P00443000,443.0,0,0.0,0.0,,0.0,normalDay
2021-10-04,7899.0,-793.0,0.0,0,428.64,0.0,1,7.6,15.53,SPY211022P00443000,443.0,0,0.0,0.0,,0.0,normalDay
2021-10-05,7899.0,-419.0,0.0,0,433.1,0.0,1,7.6,11.79,SPY211022P00443000,443.0,0,0.0,0.0,,0.0,normalDay
2021-10-06,7899.0,-298.0,0.0,0,434.9,0.0,1,7.6,10.58,SPY211022P00443000,443.0,0,0.0,0.0,,0.0,normalDay
2021-10-07,7899.0,17.0,0.0,0,438.66,0.0,1,7.6,7.43,SPY211022P00443000,443.0,0,0.0,0.0,,0.0,normalDay
2021-10-08,7899.0,-18.0,0.0,0,437.86,0.0,1,7.6,7.78,SPY211022P00443000,443.0,0,0.0,0.0,,0.0,normalDay
2021-10-11,7899.0,-219.0,0.0,0,434.69,0.0,1,7.6,9.79,SPY211022P00443000,443.0,0,0.0,0.0,,0.0,normalDay
2021-10-12,7899.0,-336.0,0.0,0,433.62,0.0,1,7.6,10.96,SPY211022P00443000,443.0,0,0.0,0.0,,0.0,normalDay
2021-10-13,7899.0,-104.0,0.0,0,435.18,0.0,1,7.6,8.64,SPY211022P00443000,443.0,0,0.0,0.0,,0.0,normalDay
2021-10-14,7899.0,426.0,0.0,0,442.5,0.0,1,7.6,3.34,SPY211022P00443000,443.0,0,0.0,0.0,,0.0,normalDay
2021-10-15,7899.0,590.0,0.0,0,445.87,0.0,1,7.6,1.7,SPY211022P00443000,443.0,0,0.0,0.0,,0.0,normalDay
2021-10-18,7899.0,662.0,0.0,0,447.19,0.0,1,7.6,0.98,SPY211022P00443000,443.0,0,0.0,0.0,,0.0,normalDay
2021-10-19,7899.0,732.0,0.0,0,450.64,0.0,1,7.6,0.28,SPY211022P00443000,443.0,0,0.0,0.0,,0.0,normalDay
2021-10-20,7899.0,747.0,0.0,0,452.41,0.0,1,7.6,0.13,SPY211022P00443000,443.0,0,0.0,0.0,,0.0,normalDay
2021-10-21,7899.0,757.0,0.0,0,453.59,0.0,1,7.6,0.03,SPY211022P00443000,443.0,0,0.0,0.0,,0.0,normalDay
2021-10-22,8659.0,0.0,760.0,0,453.12,0.0,1,7.6,0.0,SPY211022P00443000,443.0,0,0.0,0.0,,0.0,expirationDay
2021-10-25,8659.0,-5.0,0.0,0,455.55,0.0,1,2.58,2.63,SPY211203P00430000,430.0,0,0.0,0.0,,0.0,normalDay
2021-10-26,8659.0,-3.0,0.0,0,455.96,0.0,1,2.58,2.61,SPY211203P00430000,430.0,0,0.0,0.0,,0.0,normalDay
2021-10-27,8659.0,-49.0,0.0,0,453.94,0.0,1,2.58,3.07,SPY211203P00430000,430.0,0,0.0,0.0,,0.0,normalDay
2021-10-28,8659.0,19.0,0.0,0,458.32,0.0,1,2.58,2.39,SPY211203P00430000,430.0,0,0.0,0.0,,0.0,normalDay
2021-10-29,8659.0,41.0,0.0,0,459.25,0.0,1,2.58,2.17,SPY211203P00430000,430.0,0,0.0,0.0,,0.0,normalDay
2021-11-01,8659.0,70.0,0.0,0,460.04,0.0,1,2.58,1.88,SPY211203P00430000,430.0,0,0.0,0.0,,0.0,normalDay
2021-11-02,8659.0,98.0,0.0,0,461.9,0.0,1,2.58,1.6,SPY211203P00430000,430.0,0,0.0,0.0,,0.0,normalDay
2021-11-03,8659.0,142.0,0.0,0,464.72,0.0,1,2.58,1.16,SPY211203P00430000,430.0,0,0.0,0.0,,0.0,normalDay
2021-11-04,8659.0,153.0,0.0,0,466.91,0.0,1,2.58,1.05,SPY211203P00430000,430.0,0,0.0,0.0,,0.0,normalDay
2021-11-05,8659.0,150.0,0.0,0,468.53,0.0,1,2.58,1.08,SPY211203P00430000,430.0,0,0.0,0.0,,0.0,normalDay
2021-11-08,8659.0,154.0,0.0,0,468.93,0.0,1,2.58,1.04,SPY211203P00430000,430.0,0,0.0,0.0,,0.0,normalDay
2021-11-09,8659.0,148.0,0.0,0,467.38,0.0,1,2.58,1.1,SPY211203P00430000,430.0,0,0.0,0.0,,0.0,normalDay
2021-11-10,8659.0,125.0,0.0,0,463.62,0.0,1,2.58,1.33,SPY211203P00430000,430.0,0,0.0,0.0,,0.0,normalDay
2021-11-11,8659.0,159.0,0.0,0,463.77,0.0,1,2.58,0.99,SPY211203P00430000,430.0,0,0.0,0.0,,0.0,normalDay
2021-11-12,8659.0,197.0,0.0,0,467.27,0.0,1,2.58,0.61,SPY211203P00430000,430.0,0,0.0,0.0,,0.0,normalDay
2021-11-15,8659.0,211.0,0.0,0,467.43,0.0,1,2.58,0.47,SPY211203P00430000,430.0,0,0.0,0.0,,0.0,normalDay
2021-11-16,8659.0,218.0,0.0,0,469.28,0.0,1,2.58,0.4,SPY211203P00430000,430.0,0,0.0,0.0,,0.0,normalDay
2021-11-17,8659.0,218.0,0.0,0,468.14,0.0,1,2.58,0.4,SPY211203P00430000,430.0,0,0.0,0.0,,0.0,normalDay
2021-11-18,8659.0,222.0,0.0,0,469.73,0.0,1,2.58,0.36,SPY211203P00430000,430.0,0,0.0,0.0,,0.0,normalDay
2021-11-19,8659.0,220.0,0.0,0,468.89,0.0,1,2.58,0.38,SPY211203P00430000,430.0,0,0.0,0.0,,0.0,normalDay
2021-11-22,8659.0,221.0,0.0,0,467.57,0.0,1,2.58,0.37,SPY211203P00430000,430.0,0,0.0,0.0,,0.0,normalDay
2021-11-23,8659.0,224.0,0.0,0,468.19,0.0,1,2.58,0.34,SPY211203P00430000,430.0,0,0.0,0.0,,0.0,normalDay
2021-11-24,8659.0,235.0,0.0,0,469.44,0.0,1,2.58,0.23,SPY211203P00430000,430.0,0,0.0,0.0,,0.0,normalDay
2021-11-26,8659.0,97.0,0.0,0,458.97,0.0,1,2.58,1.61,SPY211203P00430000,430.0,0,0.0,0.0,,0.0,normalDay
2021-11-29,8659.0,243.0,0.0,0,464.6,0.0,1,2.58,0.15,SPY211203P00430000,430.0,0,0.0,0.0,,0.0,normalDay
2021-11-30,8659.0,227.0,0.0,0,455.56,0.0,1,2.58,0.31,SPY211203P00430000,430.0,0,0.0,0.0,,0.0,normalDay
2021-12-01,8659.0,202.0,0.0,0,450.5,0.0,1,2.58,0.56,SPY211203P00430000,430.0,0,0.0,0.0,,0.0,normalDay
2021-12-02,8659.0,253.0,0.0,0,457.4,0.0,1,2.58,0.05,SPY211203P00430000,430.0,0,0.0,0.0,,0.0,normalDay
2021-12-03,8917.0,0.0,258.0,0,453.42,0.0,1,2.58,0.0,SPY211203P00430000,430.0,0,0.0,0.0,,0.0,expirationDay
2021-12-06,8917.0,-34.0,0.0,0,458.79,0.0,1,12.01,12.35,SPY220114P00457500,457.5,0,0.0,0.0,,0.0,normalDay
2021-12-07,8917.0,468.0,0.0,0,468.28,0.0,1,12.01,7.33,SPY220114P00457500,457.5,0,0.0,0.0,,0.0,normalDay
2021-12-08,8917.0,575.0,0.0,0,469.52,0.0,1,12.01,6.26,SPY220114P00457500,457.5,0,0.0,0.0,,0.0,normalDay
2021-12-09,8917.0,462.0,0.0,0,466.35,0.0,1,12.01,7.39,SPY220114P00457500,457.5,0,0.0,0.0,,0.0,normalDay
2021-12-10,8917.0,674.0,0.0,0,470.74,0.0,1,12.01,5.27,SPY220114P00457500,457.5,0,0.0,0.0,,0.0,normalDay
2021-12-13,8917.0,540.0,0.0,0,466.57,0.0,1,12.01,6.61,SPY220114P00457500,457.5,0,0.0,0.0,,0.0,normalDay
2021-12-14,8917.0,399.0,0.0,0,463.36,0.0,1,12.01,8.02,SPY220114P00457500,457.5,0,0.0,0.0,,0.0,normalDay
2021-12-15,8917.0,716.0,0.0,0,470.6,0.0,1,12.01,4.85,SPY220114P00457500,457.5,0,0.0,0.0,,0.0,normalDay
2021-12-16,8917.0,592.0,0.0,0,466.45,0.0,1,12.01,6.09,SPY220114P00457500,457.5,0,0.0,0.0,,0.0,normalDay
2021-12-17,8917.0,395.0,0.0,0,459.87,0.0,1,12.01,8.06,SPY220114P00457500,457.5,0,0.0,0.0,,0.0,normalDay
2021-12-20,8917.0,189.0,0.0,0,454.98,0.0,1,12.01,10.12,SPY220114P00457500,457.5,0,0.0,0.0,,0.0,normalDay
2021-12-21,8917.0,566.0,0.0,0,463.06,0.0,1,12.01,6.35,SPY220114P00457500,457.5,0,0.0,0.0,,0.0,normalDay
2021-12-22,8917.0,798.0,0.0,0,467.69,0.0,1,12.01,4.03,SPY220114P00457500,457.5,0,0.0,0.0,,0.0,normalDay
2021-12-23,8917.0,910.0,0.0,0,470.6,0.0,1,12.01,2.91,SPY220114P00457500,457.5,0,0.0,0.0,,0.0,normalDay
2021-12-27,8917.0,1050.0,0.0,0,477.26,0.0,1,12.01,1.51,SPY220114P00457500,457.5,0,0.0,0.0,,0.0,normalDay
2021-12-28,8917.0,1064.0,0.0,0,476.87,0.0,1,12.01,1.37,SPY220114P00457500,457.5,0,0.0,0.0,,0.0,normalDay
2021-12-29,8917.0,1099.0,0.0,0,477.48,0.0,1,12.01,1.02,SPY220114P00457500,457.5,0,0.0,0.0,,0.0,normalDay
2021-12-30,8917.0,1085.0,0.0,0,476.16,0.0,1,12.01,1.16,SPY220114P00457500,457.5,0,0.0,0.0,,0.0,normalDay
2021-12-31,8917.0,1096.0,0.0,0,474.96,0.0,1,12.01,1.05,SPY220114P00457500,457.5,0,0.0,0.0,,0.0,normalDay
2022-01-03,8917.0,1148.0,0.0,0,477.71,0.0,1,12.01,0.53,SPY220114P00457500,457.5,0,0.0,0.0,,0.0,normalDay
2022-01-04,8917.0,1150.0,0.0,0,477.55,0.0,1,12.01,0.51,SPY220114P00457500,457.5,0,0.0,0.0,,0.0,normalDay
2022-01-05,8917.0,1017.0,0.0,0,468.38,0.0,1,12.01,1.84,SPY220114P00457500,457.5,0,0.0,0.0,,0.0,normalDay
2022-01-06,8917.0,1047.0,0.0,0,467.94,0.0,1,12.01,1.54,SPY220114P00457500,457.5,0,0.0,0.0,,0.0,normalDay
2022-01-07,8917.0,1085.0,0.0,0,466.09,0.0,1,12.01,1.16,SPY220114P00457500,457.5,0,0.0,0.0,,0.0,normalDay
2022-01-10,8917.0,1078.0,0.0,0,465.51,0.0,1,12.01,1.23,SPY220114P00457500,457.5,0,0.0,0.0,,0.0,normalDay
2022-01-11,8917.0,1158.0,0.0,0,469.75,0.0,1,12.01,0.43,SPY220114P00457500,457.5,0,0.0,0.0,,0.0,normalDay
2022-01-12,8917.0,1189.0,0.0,0,471.02,0.0,1,12.01,0.12,SPY220114P00457500,457.5,0,0.0,0.0,,0.0,normalDay
2022-01-13,8917.0,1165.0,0.0,0,464.53,0.0,1,12.01,0.36,SPY220114P00457500,457.5,0,0.0,0.0,,0.0,normalDay
2022-01-14,10118.0,0.0,1201.0,0,464.72,0.0,1,12.01,0.0,SPY220114P00457500,457.5,0,0.0,0.0,,0.0,expirationDay
2022-01-18,10118.0,-22.0,0.0,0,456.49,0.0,1,13.66,13.88,SPY220225P00462000,462.0,0,0.0,0.0,,0.0,normalDay
2022-01-19,10118.0,-244.0,0.0,0,451.75,0.0,1,13.66,16.1,SPY220225P00462000,462.0,0,0.0,0.0,,0.0,normalDay
2022-01-20,10118.0,-659.0,0.0,0,446.75,0.0,1,13.66,20.25,SPY220225P00462000,462.0,0,0.0,0.0,,0.0,normalDay
2022-01-21,10118.0,-1292.0,0.0,0,437.98,0.0,1,13.66,26.58,SPY220225P00462000,462.0,0,0.0,0.0,,0.0,normalDay
2022-01-24,10118.0,-1260.0,0.0,0,439.84,0.0,1,13.66,26.26,SPY220225P00462000,462.0,0,0.0,0.0,,0.0,normalDay
2022-01-25,10118.0,-1732.0,0.0,0,434.47,0.0,1,13.66,30.98,SPY220225P00462000,462.0,0,0.0,0.0,,0.0,normalDay
2022-01-26,10118.0,-1731.0,0.0,0,433.38,0.0,1,13.66,30.97,SPY220225P00462000,462.0,0,0.0,0.0,,0.0,normalDay
2022-01-27,10118.0,-1809.0,0.0,0,431.24,0.0,1,13.66,31.75,SPY220225P00462000,462.0,0,0.0,0.0,,0.0,normalDay
2022-01-28,10118.0,-929.0,0.0,0,441.95,0.0,1,13.66,22.95,SPY220225P00462000,462.0,0,0.0,0.0,,0.0,normalDay
2022-01-31,10118.0,-298.0,0.0,0,449.91,0.0,1,13.66,16.64,SPY220225P00462000,462.0,0,0.0,0.0,,0.0,normalDay
2022-02-01,10118.0,103.0,0.0,0,452.95,0.0,1,13.66,12.63,SPY220225P00462000,462.0,0,0.0,0.0,,0.0,normalDay
2022-02-02,10118.0,250.0,0.0,0,457.35,0.0,1,13.66,11.16,SPY220225P00462000,462.0,0,0.0,0.0,,0.0,normalDay
2022-02-03,10118.0,-170.0,0.0,0,446.6,0.0,1,13.66,15.36,SPY220225P00462000,462.0,0,0.0,0.0,,0.0,normalDay
2022-02-04,10118.0,-266.0,0.0,0,448.7,0.0,1,13.66,16.32,SPY220225P00462000,462.0,0,0.0,0.0,,0.0,normalDay
2022-02-07,10118.0,-263.0,0.0,0,447.26,0.0,1,13.66,16.29,SPY220225P00462000,462.0,0,0.0,0.0,,0.0,normalDay
2022-02-08,10118.0,90.0,0.0,0,450.94,0.0,1,13.66,12.76,SPY220225P00462000,462.0,0,0.0,0.0,,0.0,normalDay
2022-02-09,10118.0,527.0,0.0,0,457.54,0.0,1,13.66,8.39,SPY220225P00462000,462.0,0,0.0,0.0,,0.0,normalDay
2022-02-10,10118.0,-114.0,0.0,0,449.32,0.0,1,13.66,14.8,SPY220225P00462000,462.0,0,0.0,0.0,,0.0,normalDay
2022-02-11,10118.0,-859.0,0.0,0,440.46,0.0,1,13.66,22.25,SPY220225P00462000,462.0,0,0.0,0.0,,0.0,normalDay
2022-02-14,10118.0,-987.0,0.0,0,439.02,0.0,1,13.66,23.53,SPY220225P00462000,462.0,0,0.0,0.0,,0.0,normalDay
2022-02-15,10118.0,-393.0,0.0,0,446.1,0.0,1,13.66,17.59,SPY220225P00462000,462.0,0,0.0,0.0,,0.0,normalDay
2022-02-16,10118.0,-275.0,0.0,0,446.6,0.0,1,13.66,16.41,SPY220225P00462000,462.0,0,0.0,0.0,,0.0,normalDay
2022-02-17,10118.0,-1157.0,0.0,0,437.06,0.0,1,13.66,25.23,SPY220225P00462000,462.0,0,0.0,0.0,,0.0,normalDay
2022-02-18,10118.0,-1385.0,0.0,0,434.23,0.0,1,13.66,27.51,SPY220225P00462000,462.0,0,0.0,0.0,,0.0,normalDay
2022-02-22,10118.0,-1760.0,0.0,0,429.57,0.0,1,13.66,31.26,SPY220225P00462000,462.0,0,0.0,0.0,,0.0,normalDay
2022-02-23,10118.0,-2628.0,0.0,0,421.95,0.0,1,13.66,39.94,SPY220225P00462000,462.0,0,0.0,0.0,,0.0,normalDay
2022-02-24,10118.0,-2135.0,0.0,0,428.3,0.0,1,13.66,35.01,SPY220225P00462000,462.0,0,0.0,0.0,,0.0,normalDay
2022-02-25,11484.0,-2425.0,1366.0,100,437.75,462.0,1,13.66,0.0,SPY220225P00462000,462.0,0,0.0,0.0,,0.0,expirationDay
2022-02-28,11484.0,-2547.0,0.0,100,436.63,462.0,0,0.0,0.0,,0.0,1,4.13,4.23,SPY220408C00456000,456.0,normalDay
2022-03-01,11484.0,-3134.0,0.0,100,429.98,462.0,0,0.0,0.0,,0.0,1,4.13,3.45,SPY220408C00456000,456.0,normalDay
2022-03-02,11484.0,-2453.0,0.0,100,437.89,462.0,0,0.0,0.0,,0.0,1,4.13,4.55,SPY220408C00456000,456.0,normalDay
2022-03-03,11484.0,-2593.0,0.0,100,435.71,462.0,0,0.0,0.0,,0.0,1,4.13,3.77,SPY220408C00456000,456.0,normalDay
2022-03-04,11484.0,-2854.0,0.0,100,432.17,462.0,0,0.0,0.0,,0.0,1,4.13,2.84,SPY220408C00456000,456.0,normalDay
2022-03-07,11484.0,-3962.0,0.0,100,419.43,462.0,0,0.0,0.0,,0.0,1,4.13,1.18,SPY220408C00456000,456.0,normalDay
2022-03-08,11484.0,-4242.0,0.0,100,416.25,462.0,0,0.0,0.0,,0.0,1,4.13,0.8,SPY220408C00456000,456.0,normalDay
2022-03-09,11484.0,-3219.0,0.0,100,427.41,462.0,0,0.0,0.0,,0.0,1,4.13,1.73,SPY220408C00456000,456.0,normalDay
2022-03-10,11484.0,-3354.0,0.0,100,425.48,462.0,0,0.0,0.0,,0.0,1,4.13,1.15,SPY220408C00456000,456.0,normalDay
2022-03-11,11484.0,-3858.0,0.0,100,420.07,462.0,0,0.0,0.0,,0.0,1,4.13,0.78,SPY220408C00456000,456.0,normalDay
2022-03-14,11484.0,-4142.0,0.0,100,417.0,462.0,0,0.0,0.0,,0.0,1,4.13,0.55,SPY220408C00456000,456.0,normalDay
2022-03-15,11484.0,-3264.0,0.0,100,426.17,462.0,0,0.0,0.0,,0.0,1,4.13,0.94,SPY220408C00456000,456.0,normalDay
2022-03-16,11484.0,-2384.0,0.0,100,435.62,462.0,0,0.0,0.0,,0.0,1,4.13,1.59,SPY220408C00456000,456.0,normalDay
2022-03-17,11484.0,-1897.0,0.0,100,441.07,462.0,0,0.0,0.0,,0.0,1,4.13,2.17,SPY220408C00456000,456.0,normalDay
2022-03-18,11484.0,-1661.0,0.0,100,444.52,462.0,0,0.0,0.0,,0.0,1,4.13,3.26,SPY220408C00456000,456.0,normalDay
2022-03-21,11484.0,-1622.0,0.0,100,444.39,462.0,0,0.0,0.0,,0.0,1,4.13,2.74,SPY220408C00456000,456.0,normalDay
2022-03-22,11484.0,-1231.0,0.0,100,449.59,462.0,0,0.0,0.0,,0.0,1,4.13,4.03,SPY220408C00456000,456.0,normalDay
2022-03-23,11484.0,-1617.0,0.0,100,443.8,462.0,0,0.0,0.0,,0.0,1,4.13,2.1,SPY220408C00456000,456.0,normalDay
2022-03-24,11484.0,-1105.0,0.0,100,450.49,462.0,0,0.0,0.0,,0.0,1,4.13,3.67,SPY220408C00456000,456.0,normalDay
2022-03-25,11484.0,-921.0,0.0,100,452.69,462.0,0,0.0,0.0,,0.0,1,4.13,4.03,SPY220408C00456000,456.0,normalDay
2022-03-28,11484.0,-683.0,0.0,100,455.91,462.0,0,0.0,0.0,,0.0,1,4.13,4.87,SPY220408C00456000,456.0,normalDay
2022-03-29,11484.0,-437.0,0.0,100,461.55,462.0,0,0.0,0.0,,0.0,1,4.13,8.05,SPY220408C00456000,456.0,normalDay
2022-03-30,11484.0,-555.0,0.0,100,458.7,462.0,0,0.0,0.0,,0.0,1,4.13,6.38,SPY220408C00456000,456.0,normalDay
2022-03-31,11484.0,-890.0,0.0,100,451.64,462.0,0,0.0,0.0,,0.0,1,4.13,2.67,SPY220408C00456000,456.0,normalDay
2022-04-01,11484.0,-688.0,0.0,100,452.92,462.0,0,0.0,0.0,,0.0,1,4.13,1.93,SPY220408C00456000,456.0,normalDay
2022-04-04,11484.0,-414.0,0.0,100,456.8,462.0,0,0.0,0.0,,0.0,1,4.13,3.07,SPY220408C00456000,456.0,normalDay
2022-04-05,11484.0,-783.0,0.0,100,451.03,462.0,0,0.0,0.0,,0.0,1,4.13,0.99,SPY220408C00456000,456.0,normalDay
2022-04-06,11484.0,-1151.0,0.0,100,446.52,462.0,0,0.0,0.0,,0.0,1,4.13,0.16,SPY220408C00456000,456.0,normalDay
2022-04-07,11484.0,-918.0,0.0,100,448.77,462.0,0,0.0,0.0,,0.0,1,4.13,0.08,SPY220408C00456000,456.0,normalDay
2022-04-08,11897.0,-1443.0,413.0,100,447.57,462.0,0,0.0,0.0,,0.0,1,4.13,0.0,SPY220408C00456000,456.0,expirationDay
2022-04-11,11897.0,-2213.0,0.0,100,439.92,462.0,0,0.0,0.0,,0.0,1,2.79,2.84,SPY220520C00459000,459.0,normalDay
2022-04-12,11897.0,-2328.0,0.0,100,438.29,462.0,0,0.0,0.0,,0.0,1,2.79,2.36,SPY220520C00459000,459.0,normalDay
2022-04-13,11897.0,-1882.0,0.0,100,443.31,462.0,0,0.0,0.0,,0.0,1,2.79,2.92,SPY220520C00459000,459.0,normalDay
2022-04-14,11897.0,-2320.0,0.0,100,437.79,462.0,0,0.0,0.0,,0.0,1,2.79,1.78,SPY220520C00459000,459.0,normalDay
2022-04-18,11897.0,-2291.0,0.0,100,437.97,462.0,0,0.0,0.0,,0.0,1,2.79,1.67,SPY220520C00459000,459.0,normalDay
2022-04-19,11897.0,-1659.0,0.0,100,445.04,462.0,0,0.0,0.0,,0.0,1,2.79,2.42,SPY220520C00459000,459.0,normalDay
2022-04-20,11897.0,-1727.0,0.0,100,444.71,462.0,0,0.0,0.0,,0.0,1,2.79,2.77,SPY220520C00459000,459.0,normalDay
2022-04-21,11897.0,-2241.0,0.0,100,438.06,462.0,0,0.0,0.0,,0.0,1,2.79,1.26,SPY220520C00459000,459.0,normalDay
2022-04-22,11897.0,-3358.0,0.0,100,426.04,462.0,0,0.0,0.0,,0.0,1,2.79,0.41,SPY220520C00459000,459.0,normalDay
2022-04-25,11897.0,-3112.0,0.0,100,428.51,462.0,0,0.0,0.0,,0.0,1,2.79,0.42,SPY220520C00459000,459.0,normalDay
2022-04-26,11897.0,-4328.0,0.0,100,416.1,462.0,0,0.0,0.0,,0.0,1,2.79,0.17,SPY220520C00459000,459.0,normalDay
2022-04-27,11897.0,-4211.0,0.0,100,417.27,462.0,0,0.0,0.0,,0.0,1,2.79,0.17,SPY220520C00459000,459.0,normalDay
2022-04-28,11897.0,-3177.0,0.0,100,427.81,462.0,0,0.0,0.0,,0.0,1,2.79,0.37,SPY220520C00459000,459.0,normalDay
2022-04-29,11897.0,-4737.0,0.0,100,412.0,462.0,0,0.0,0.0,,0.0,1,2.79,0.16,SPY220520C00459000,459.0,normalDay
2022-05-02,11897.0,-4488.0,0.0,100,414.48,462.0,0,0.0,0.0,,0.0,1,2.79,0.15,SPY220520C00459000,459.0,normalDay
2022-05-03,11897.0,-4293.0,0.0,100,416.38,462.0,0,0.0,0.0,,0.0,1,2.79,0.1,SPY220520C00459000,459.0,normalDay
2022-05-04,11897.0,-3037.0,0.0,100,429.06,462.0,0,0.0,0.0,,0.0,1,2.79,0.22,SPY220520C00459000,459.0,normalDay
2022-05-05,11897.0,-4549.0,0.0,100,413.81,462.0,0,0.0,0.0,,0.0,1,2.79,0.09,SPY220520C00459000,459.0,normalDay
2022-05-06,11897.0,-4791.0,0.0,100,411.34,462.0,0,0.0,0.0,,0.0,1,2.79,0.04,SPY220520C00459000,459.0,normalDay
2022-05-09,11897.0,-6108.0,0.0,100,398.17,462.0,0,0.0,0.0,,0.0,1,2.79,0.04,SPY220520C00459000,459.0,normalDay
2022-05-10,11897.0,-6014.0,0.0,100,399.09,462.0,0,0.0,0.0,,0.0,1,2.79,0.02,SPY220520C00459000,459.0,normalDay
2022-05-11,11897.0,-6648.0,0.0,100,392.75,462.0,0,0.0,0.0,,0.0,1,2.79,0.02,SPY220520C00459000,459.0,normalDay
2022-05-12,11897.0,-6689.0,0.0,100,392.34,462.0,0,0.0,0.0,,0.0,1,2.79,0.02,SPY220520C00459000,459.0,normalDay
2022-05-13,11897.0,-5751.0,0.0,100,401.72,462.0,0,0.0,0.0,,0.0,1,2.79,0.02,SPY220520C00459000,459.0,normalDay
2022-05-16,11897.0,-5913.0,0.0,100,400.09,462.0,0,0.0,0.0,,0.0,1,2.79,0.01,SPY220520C00459000,459.0,normalDay
2022-05-17,11897.0,-5090.0,0.0,100,408.32,462.0,0,0.0,0.0,,0.0,1,2.79,0.01,SPY220520C00459000,459.0,normalDay
2022-05-18,11897.0,-6736.0,0.0,100,391.86,462.0,0,0.0,0.0,,0.0,1,2.79,0.01,SPY220520C00459000,459.0,normalDay
2022-05-19,11897.0,-6976.0,0.0,100,389.46,462.0,0,0.0,0.0,,0.0,1,2.79,0.01,SPY220520C00459000,459.0,normalDay
2022-05-20,12176.0,-7237.0,279.0,100,389.63,462.0,0,0.0,0.0,,0.0,1,2.79,0.0,SPY220520C00459000,459.0,expirationDay
2022-05-23,12176.0,-6514.0,0.0,100,396.92,462.0,0,0.0,0.0,,0.0,1,3.29,3.35,SPY220701C00422000,422.0,normalDay
2022-05-24,12176.0,-6770.0,0.0,100,393.89,462.0,0,0.0,0.0,,0.0,1,3.29,2.88,SPY220701C00422000,422.0,normalDay
2022-05-25,12176.0,-6454.0,0.0,100,397.37,462.0,0,0.0,0.0,,0.0,1,3.29,3.2,SPY220701C00422000,422.0,normalDay
2022-05-26,12176.0,-5821.0,0.0,100,405.31,462.0,0,0.0,0.0,,0.0,1,3.29,4.81,SPY220701C00422000,422.0,normalDay
2022-05-27,12176.0,-5167.0,0.0,100,415.26,462.0,0,0.0,0.0,,0.0,1,3.29,8.22,SPY220701C00422000,422.0,normalDay
2022-05-31,12176.0,-5226.0,0.0,100,412.93,462.0,0,0.0,0.0,,0.0,1,3.29,6.48,SPY220701C00422000,422.0,normalDay
2022-06-01,12176.0,-5391.0,0.0,100,409.59,462.0,0,0.0,0.0,,0.0,1,3.29,4.79,SPY220701C00422000,422.0,normalDay
2022-06-02,12176.0,-4882.0,0.0,100,417.39,462.0,0,0.0,0.0,,0.0,1,3.29,7.5,SPY220701C00422000,422.0,normalDay
2022-06-03,12176.0,-5280.0,0.0,100,410.54,462.0,0,0.0,0.0,,0.0,1,3.29,4.63,SPY220701C00422000,422.0,normalDay
2022-06-06,12176.0,-5154.0,0.0,100,411.79,462.0,0,0.0,0.0,,0.0,1,3.29,4.62,SPY220701C00422000,422.0,normalDay
2022-06-07,12176.0,-4860.0,0.0,100,415.74,462.0,0,0.0,0.0,,0.0,1,3.29,5.63,SPY220701C00422000,422.0,normalDay
2022-06-08,12176.0,-5134.0,0.0,100,411.22,462.0,0,0.0,0.0,,0.0,1,3.29,3.85,SPY220701C00422000,422.0,normalDay
2022-06-09,12176.0,-5913.0,0.0,100,401.44,462.0,0,0.0,0.0,,0.0,1,3.29,1.86,SPY220701C00422000,422.0,normalDay
2022-06-10,12176.0,-6948.0,0.0,100,389.8,462.0,0,0.0,0.0,,0.0,1,3.29,0.57,SPY220701C00422000,422.0,normalDay
2022-06-13,12176.0,-8392.0,0.0,100,375.0,462.0,0,0.0,0.0,,0.0,1,3.29,0.21,SPY220701C00422000,422.0,normalDay
2022-06-14,12176.0,-8501.0,0.0,100,373.87,462.0,0,0.0,0.0,,0.0,1,3.29,0.17,SPY220701C00422000,422.0,normalDay
2022-06-15,12176.0,-7969.0,0.0,100,379.2,462.0,0,0.0,0.0,,0.0,1,3.29,0.18,SPY220701C00422000,422.0,normalDay
2022-06-16,12176.0,-9213.0,0.0,100,366.65,462.0,0,0.0,0.0,,0.0,1,3.29,0.07,SPY220701C00422000,422.0,normalDay
2022-06-17,12176.0,-9292.0,0.0,100,365.86,462.0,0,0.0,0.0,,0.0,1,3.29,0.07,SPY220701C00422000,422.0,normalDay
2022-06-21,12176.0,-8368.0,0.0,100,375.07,462.0,0,0.0,0.0,,0.0,1,3.29,0.04,SPY220701C00422000,422.0,normalDay
2022-06-22,12176.0,-8436.0,0.0,100,374.39,462.0,0,0.0,0.0,,0.0,1,3.29,0.04,SPY220701C00422000,422.0,normalDay
2022-06-23,12176.0,-8068.0,0.0,100,378.06,462.0,0,0.0,0.0,,0.0,1,3.29,0.03,SPY220701C00422000,422.0,normalDay
2022-06-24,12176.0,-6868.0,0.0,100,390.08,462.0,0,0.0,0.0,,0.0,1,3.29,0.05,SPY220701C00422000,422.0,normalDay
2022-06-27,12176.0,-7015.0,0.0,100,388.59,462.0,0,0.0,0.0,,0.0,1,3.29,0.03,SPY220701C00422000,422.0,normalDay
2022-06-28,12176.0,-7808.0,0.0,100,380.65,462.0,0,0.0,0.0,,0.0,1,3.29,0.02,SPY220701C00422000,422.0,normalDay
2022-06-29,12176.0,-7838.0,0.0,100,380.34,462.0,0,0.0,0.0,,0.0,1,3.29,0.01,SPY220701C00422000,422.0,normalDay
2022-06-30,12176.0,-8147.0,0.0,100,377.25,462.0,0,0.0,0.0,,0.0,1,3.29,0.01,SPY220701C00422000,422.0,normalDay
2022-07-01,12505.0,-8076.0,329.0,100,381.24,462.0,0,0.0,0.0,,0.0,1,3.29,0.0,SPY220701C00422000,422.0,expirationDay
2022-07-05,12505.0,-8009.0,0.0,100,381.96,462.0,0,0.0,0.0,,0.0,1,3.26,3.31,SPY220812C00404000,404.0,normalDay
2022-07-06,12505.0,-7912.0,0.0,100,383.25,462.0,0,0.0,0.0,,0.0,1,3.26,3.63,SPY220812C00404000,404.0,normalDay
2022-07-07,12505.0,-7461.0,0.0,100,388.99,462.0,0,0.0,0.0,,0.0,1,3.26,4.86,SPY220812C00404000,404.0,normalDay
2022-07-08,12505.0,-7448.0,0.0,100,388.67,462.0,0,0.0,0.0,,0.0,1,3.26,4.41,SPY220812C00404000,404.0,normalDay
2022-07-11,12505.0,-7760.0,0.0,100,384.23,462.0,0,0.0,0.0,,0.0,1,3.26,3.09,SPY220812C00404000,404.0,normalDay
2022-07-12,12505.0,-8002.0,0.0,100,380.83,462.0,0,0.0,0.0,,0.0,1,3.26,2.11,SPY220812C00404000,404.0,normalDay
2022-07-13,12505.0,-8154.0,0.0,100,378.83,462.0,0,0.0,0.0,,0.0,1,3.26,1.63,SPY220812C00404000,404.0,normalDay
2022-07-14,12505.0,-8220.0,0.0,100,377.91,462.0,0,0.0,0.0,,0.0,1,3.26,1.37,SPY220812C00404000,404.0,normalDay
2022-07-15,12505.0,-7573.0,0.0,100,385.13,462.0,0,0.0,0.0,,0.0,1,3.26,2.12,SPY220812C00404000,404.0,normalDay
2022-07-18,12505.0,-7827.0,0.0,100,381.95,462.0,0,0.0,0.0,,0.0,1,3.26,1.48,SPY220812C00404000,404.0,normalDay
2022-07-19,12505.0,-7059.0,0.0,100,392.27,462.0,0,0.0,0.0,,0.0,1,3.26,4.12,SPY220812C00404000,404.0,normalDay
2022-07-20,12505.0,-6876.0,0.0,100,394.77,462.0,0,0.0,0.0,,0.0,1,3.26,4.79,SPY220812C00404000,404.0,normalDay
2022-07-21,12505.0,-6554.0,0.0,100,398.79,462.0,0,0.0,0.0,,0.0,1,3.26,5.59,SPY220812C00404000,404.0,normalDay
2022-07-22,12505.0,-6746.0,0.0,100,395.09,462.0,0,0.0,0.0,,0.0,1,3.26,3.81,SPY220812C00404000,404.0,normalDay
2022-07-25,12505.0,-6700.0,0.0,100,395.57,462.0,0,0.0,0.0,,0.0,1,3.26,3.83,SPY220812C00404000,404.0,normalDay
2022-07-26,12505.0,-7046.0,0.0,100,390.89,462.0,0,0.0,0.0,,0.0,1,3.26,2.61,SPY220812C00404000,404.0,normalDay
2022-07-27,12505.0,-6288.0,0.0,100,401.04,462.0,0,0.0,0.0,,0.0,1,3.26,5.18,SPY220812C00404000,404.0,normalDay
2022-07-28,12505.0,-6113.0,0.0,100,406.07,462.0,0,0.0,0.0,,0.0,1,3.26,8.46,SPY220812C00404000,404.0,normalDay
2022-07-29,12505.0,-5803.0,0.0,100,411.99,462.0,0,0.0,0.0,,0.0,1,3.26,11.28,SPY220812C00404000,404.0,normalDay
2022-08-01,12505.0,-5841.0,0.0,100,410.77,462.0,0,0.0,0.0,,0.0,1,3.26,10.44,SPY220812C00404000,404.0,normalDay
2022-08-02,12505.0,-5911.0,0.0,100,408.06,462.0,0,0.0,0.0,,0.0,1,3.26,8.43,SPY220812C00404000,404.0,normalDay
2022-08-03,12505.0,-5654.0,0.0,100,414.45,462.0,0,0.0,0.0,,0.0,1,3.26,12.25,SPY220812C00404000,404.0,normalDay
2022-08-04,12505.0,-5657.0,0.0,100,414.17,462.0,0,0.0,0.0,,0.0,1,3.26,12.0,SPY220812C00404000,404.0,normalDay
2022-08-05,12505.0,-5591.0,0.0,100,413.47,462.0,0,0.0,0.0,,0.0,1,3.26,10.64,SPY220812C00404000,404.0,normalDay
2022-08-08,12505.0,-5606.0,0.0,100,412.99,462.0,0,0.0,0.0,,0.0,1,3.26,10.31,SPY220812C00404000,404.0,normalDay
2022-08-09,12505.0,-5630.0,0.0,100,411.35,462.0,0,0.0,0.0,,0.0,1,3.26,8.91,SPY220812C00404000,404.0,normalDay
2022-08-10,12505.0,-5472.0,0.0,100,419.99,462.0,0,0.0,0.0,,0.0,1,3.26,15.97,SPY220812C00404000,404.0,normalDay
2022-08-11,12505.0,-5543.0,0.0,100,419.99,462.0,0,0.0,0.0,,0.0,1,3.26,16.68,SPY220812C00404000,404.0,normalDay
2022-08-12,7031.0,-5543.0,-5474.0,0,427.1,0.0,0,0.0,0.0,,0.0,1,3.26,0.0,SPY220812C00404000,404.0,expirationDay
2022-08-15,7031.0,0.0,0.0,0,428.86,0.0,0,0.0,0.0,,0.0,0,0.0,0.0,,0.0,bidTooLow
2022-08-16,7031.0,0.0,0.0,0,429.7,0.0,0,0.0,0.0,,0.0,0,0.0,0.0,,0.0,bidTooLow
2022-08-17,7031.0,0.0,0.0,0,426.65,0.0,0,0.0,0.0,,0.0,0,0.0,0.0,,0.0,bidTooLow
2022-08-18,7031.0,0.0,0.0,0,427.89,0.0,0,0.0,0.0,,0.0,0,0.0,0.0,,0.0,bidTooLow
2022-08-19,7031.0,-4.0,0.0,0,422.14,0.0,1,5.3,5.34,SPY220930P00403000,403.0,0,0.0,0.0,,0.0,normalDay
2022-08-22,7031.0,-275.0,0.0,0,413.35,0.0,1,5.3,8.05,SPY220930P00403000,403.0,0,0.0,0.0,,0.0,normalDay
2022-08-23,7031.0,-308.0,0.0,0,412.35,0.0,1,5.3,8.38,SPY220930P00403000,403.0,0,0.0,0.0,,0.0,normalDay
2022-08-24,7031.0,-198.0,0.0,0,413.67,0.0,1,5.3,7.28,SPY220930P00403000,403.0,0,0.0,0.0,,0.0,normalDay
2022-08-25,7031.0,-4.0,0.0,0,419.51,0.0,1,5.3,5.34,SPY220930P00403000,403.0,0,0.0,0.0,,0.0,normalDay
2022-08-26,7031.0,-560.0,0.0,0,405.31,0.0,1,5.3,10.9,SPY220930P00403000,403.0,0,0.0,0.0,,0.0,normalDay
2022-08-29,7031.0,-644.0,0.0,0,402.63,0.0,1,5.3,11.74,SPY220930P00403000,403.0,0,0.0,0.0,,0.0,normalDay
2022-08-30,7031.0,-845.0,0.0,0,398.21,0.0,1,5.3,13.75,SPY220930P00403000,403.0,0,0.0,0.0,,0.0,normalDay
2022-08-31,7031.0,-965.0,0.0,0,395.18,0.0,1,5.3,14.95,SPY220930P00403000,403.0,0,0.0,0.0,,0.0,normalDay
2022-09-01,7031.0,-868.0,0.0,0,396.42,0.0,1,5.3,13.98,SPY220930P00403000,403.0,0,0.0,0.0,,0.0,normalDay
2022-09-02,7031.0,-1082.0,0.0,0,392.24,0.0,1,5.3,16.12,SPY220930P00403000,403.0,0,0.0,0.0,,0.0,normalDay
2022-09-06,7031.0,-1237.0,0.0,0,390.76,0.0,1,5.3,17.67,SPY220930P00403000,403.0,0,0.0,0.0,,0.0,normalDay
2022-09-07,7031.0,-711.0,0.0,0,397.78,0.0,1,5.3,12.41,SPY220930P00403000,403.0,0,0.0,0.0,,0.0,normalDay
2022-09-08,7031.0,-483.0,0.0,0,400.38,0.0,1,5.3,10.13,SPY220930P00403000,403.0,0,0.0,0.0,,0.0,normalDay
2022-09-09,7031.0,-191.0,0.0,0,406.6,0.0,1,5.3,7.21,SPY220930P00403000,403.0,0,0.0,0.0,,0.0,normalDay
2022-09-12,7031.0,-5.0,0.0,0,410.97,0.0,1,5.3,5.35,SPY220930P00403000,403.0,0,0.0,0.0,,0.0,normalDay
2022-09-13,7031.0,-897.0,0.0,0,393.1,0.0,1,5.3,14.27,SPY220930P00403000,403.0,0,0.0,0.0,,0.0,normalDay
2022-09-14,7031.0,-800.0,0.0,0,394.6,0.0,1,5.3,13.3,SPY220930P00403000,403.0,0,0.0,0.0,,0.0,normalDay
2022-09-15,7031.0,-1042.0,0.0,0,390.12,0.0,1,5.3,15.72,SPY220930P00403000,403.0,0,0.0,0.0,,0.0,normalDay
2022-09-16,7031.0,-1290.0,0.0,0,385.56,0.0,1,5.3,18.2,SPY220930P00403000,403.0,0,0.0,0.0,,0.0,normalDay
2022-09-19,7031.0,-1051.0,0.0,0,388.55,0.0,1,5.3,15.81,SPY220930P00403000,403.0,0,0.0,0.0,,0.0,normalDay
2022-09-20,7031.0,-1398.0,0.0,0,384.09,0.0,1,5.3,19.28,SPY220930P00403000,403.0,0,0.0,0.0,,0.0,normalDay
2022-09-21,7031.0,-2066.0,0.0,0,377.39,0.0,1,5.3,25.96,SPY220930P00403000,403.0,0,0.0,0.0,,0.0,normalDay
2022-09-22,7031.0,-2317.0,0.0,0,374.22,0.0,1,5.3,28.47,SPY220930P00403000,403.0,0,0.0,0.0,,0.0,normalDay
2022-09-23,7031.0,-3023.0,0.0,0,367.95,0.0,1,5.3,35.53,SPY220930P00403000,403.0,0,0.0,0.0,,0.0,normalDay
2022-09-26,7031.0,-3414.0,0.0,0,364.31,0.0,1,5.3,39.44,SPY220930P00403000,403.0,0,0.0,0.0,,0.0,normalDay
2022-09-27,7031.0,-3450.0,0.0,0,363.38,0.0,1,5.3,39.8,SPY220930P00403000,403.0,0,0.0,0.0,,0.0,normalDay
2022-09-28,7031.0,-2737.0,0.0,0,370.53,0.0,1,5.3,32.67,SPY220930P00403000,403.0,0,0.0,0.0,,0.0,normalDay
2022-09-29,7031.0,-3490.0,0.0,0,362.79,0.0,1,5.3,40.2,SPY220930P00403000,403.0,0,0.0,0.0,,0.0,normalDay
2022-09-30,7561.0,-4582.0,530.0,100,357.18,403.0,1,5.3,0.0,SPY220930P00403000,403.0,0,0.0,0.0,,0.0,expirationDay
2022-10-03,7561.0,-3644.0,0.0,100,366.61,403.0,0,0.0,0.0,,0.0,1,1.33,1.38,SPY221111C00405000,405.0,normalDay
2022-10-04,7561.0,-2665.0,0.0,100,377.97,403.0,0,0.0,0.0,,0.0,1,1.33,2.95,SPY221111C00405000,405.0,normalDay
2022-10-05,7561.0,-2726.0,0.0,100,377.09,403.0,0,0.0,0.0,,0.0,1,1.33,2.68,SPY221111C00405000,405.0,normalDay
2022-10-06,7561.0,-3058.0,0.0,100,373.2,403.0,0,0.0,0.0,,0.0,1,1.33,2.11,SPY221111C00405000,405.0,normalDay
2022-10-07,7561.0,-3975.0,0.0,100,362.79,403.0,0,0.0,0.0,,0.0,1,1.33,0.87,SPY221111C00405000,405.0,normalDay
2022-10-10,7561.0,-4244.0,0.0,100,360.02,403.0,0,0.0,0.0,,0.0,1,1.33,0.79,SPY221111C00405000,405.0,normalDay
2022-10-11,7561.0,-4465.0,0.0,100,357.74,403.0,0,0.0,0.0,,0.0,1,1.33,0.72,SPY221111C00405000,405.0,normalDay
2022-10-12,7561.0,-4574.0,0.0,100,356.56,403.0,0,0.0,0.0,,0.0,1,1.33,0.63,SPY221111C00405000,405.0,normalDay
2022-10-13,7561.0,-3700.0,0.0,100,365.97,403.0,0,0.0,0.0,,0.0,1,1.33,1.3,SPY221111C00405000,405.0,normalDay
2022-10-14,7561.0,-4458.0,0.0,100,357.63,403.0,0,0.0,0.0,,0.0,1,1.33,0.54,SPY221111C00405000,405.0,normalDay
2022-10-17,7561.0,-3589.0,0.0,100,366.82,403.0,0,0.0,0.0,,0.0,1,1.33,1.04,SPY221111C00405000,405.0,normalDay
2022-10-18,7561.0,-3194.0,0.0,100,371.13,403.0,0,0.0,0.0,,0.0,1,1.33,1.4,SPY221111C00405000,405.0,normalDay
2022-10-19,7561.0,-3413.0,0.0,100,368.5,403.0,0,0.0,0.0,,0.0,1,1.33,0.96,SPY221111C00405000,405.0,normalDay
2022-10-20,7561.0,-3687.0,0.0,100,365.41,403.0,0,0.0,0.0,,0.0,1,1.33,0.61,SPY221111C00405000,405.0,normalDay
2022-10-21,7561.0,-2882.0,0.0,100,374.29,403.0,0,0.0,0.0,,0.0,1,1.33,1.44,SPY221111C00405000,405.0,normalDay
2022-10-24,7561.0,-2479.0,0.0,100,378.87,403.0,0,0.0,0.0,,0.0,1,1.33,1.99,SPY221111C00405000,405.0,normalDay
2022-10-25,7561.0,-1913.0,0.0,100,384.92,403.0,0,0.0,0.0,,0.0,1,1.33,2.38,SPY221111C00405000,405.0,normalDay
2022-10-26,7561.0,-2153.0,0.0,100,382.02,403.0,0,0.0,0.0,,0.0,1,1.33,1.88,SPY221111C00405000,405.0,normalDay
2022-10-27,7561.0,-2256.0,0.0,100,379.98,403.0,0,0.0,0.0,,0.0,1,1.33,0.87,SPY221111C00405000,405.0,normalDay
2022-10-28,7561.0,-1529.0,0.0,100,389.02,403.0,0,0.0,0.0,,0.0,1,1.33,2.64,SPY221111C00405000,405.0,normalDay
2022-10-31,7561.0,-1707.0,0.0,100,386.21,403.0,0,0.0,0.0,,0.0,1,1.33,1.61,SPY221111C00405000,405.0,normalDay
2022-11-01,7561.0,-1832.0,0.0,100,384.52,403.0,0,0.0,0.0,,0.0,1,1.33,1.17,SPY221111C00405000,405.0,normalDay
2022-11-02,7561.0,-2706.0,0.0,100,374.87,403.0,0,0.0,0.0,,0.0,1,1.33,0.26,SPY221111C00405000,405.0,normalDay
2022-11-03,7561.0,-3077.0,0.0,100,371.01,403.0,0,0.0,0.0,,0.0,1,1.33,0.11,SPY221111C00405000,405.0,normalDay
2022-11-04,7561.0,-2543.0,0.0,100,376.35,403.0,0,0.0,0.0,,0.0,1,1.33,0.11,SPY221111C00405000,405.0,normalDay
2022-11-07,7561.0,-2181.0,0.0,100,379.95,403.0,0,0.0,0.0,,0.0,1,1.33,0.09,SPY221111C00405000,405.0,normalDay
2022-11-08,7561.0,-1978.0,0.0,100,382.0,403.0,0,0.0,0.0,,0.0,1,1.33,0.11,SPY221111C00405000,405.0,normalDay
2022-11-09,7561.0,-2756.0,0.0,100,374.13,403.0,0,0.0,0.0,,0.0,1,1.33,0.02,SPY221111C00405000,405.0,normalDay
2022-11-10,7561.0,-706.0,0.0,100,394.69,403.0,0,0.0,0.0,,0.0,1,1.33,0.08,SPY221111C00405000,405.0,normalDay
2022-11-11,7694.0,-449.0,133.0,100,398.51,403.0,0,0.0,0.0,,0.0,1,1.33,0.0,SPY221111C00405000,405.0,expirationDay
2022-11-14,7694.0,-815.0,0.0,100,395.12,403.0,0,0.0,0.0,,0.0,1,13.6,13.87,SPY221223C00392500,392.5,normalDay
2022-11-15,7694.0,-663.0,0.0,100,398.49,403.0,0,0.0,0.0,,0.0,1,13.6,15.72,SPY221223C00392500,392.5,normalDay
2022-11-16,7694.0,-745.0,0.0,100,395.45,403.0,0,0.0,0.0,,0.0,1,13.6,13.5,SPY221223C00392500,392.5,normalDay
2022-11-17,7694.0,-754.0,0.0,100,394.24,403.0,0,0.0,0.0,,0.0,1,13.6,12.38,SPY221223C00392500,392.5,normalDay
2022-11-18,7694.0,-605.0,0.0,100,396.03,403.0,0,0.0,0.0,,0.0,1,13.6,12.68,SPY221223C00392500,392.5,normalDay
2022-11-21,7694.0,-617.0,0.0,100,394.59,403.0,0,0.0,0.0,,0.0,1,13.6,11.36,SPY221223C00392500,392.5,normalDay
2022-11-22,7694.0,-346.0,0.0,100,399.9,403.0,0,0.0,0.0,,0.0,1,13.6,13.96,SPY221223C00392500,392.5,normalDay
2022-11-23,7694.0,-236.0,0.0,100,402.42,403.0,0,0.0,0.0,,0.0,1,13.6,15.38,SPY221223C00392500,392.5,normalDay
2022-11-25,7694.0,-413.0,0.0,100,402.33,403.0,0,0.0,0.0,,0.0,1,13.6,17.06,SPY221223C00392500,392.5,normalDay
2022-11-28,7694.0,-442.0,0.0,100,395.91,403.0,0,0.0,0.0,,0.0,1,13.6,10.93,SPY221223C00392500,392.5,normalDay
2022-11-29,7694.0,-434.0,0.0,100,395.23,403.0,0,0.0,0.0,,0.0,1,13.6,10.17,SPY221223C00392500,392.5,normalDay
2022-11-30,7694.0,-40.0,0.0,100,407.68,403.0,0,0.0,0.0,,0.0,1,13.6,18.68,SPY221223C00392500,392.5,normalDay
2022-12-01,7694.0,32.0,0.0,100,407.38,403.0,0,0.0,0.0,,0.0,1,13.6,17.66,SPY221223C00392500,392.5,normalDay
2022-12-02,7694.0,77.0,0.0,100,406.91,403.0,0,0.0,0.0,,0.0,1,13.6,16.74,SPY221223C00392500,392.5,normalDay
2022-12-05,7694.0,-144.0,0.0,100,399.59,403.0,0,0.0,0.0,,0.0,1,13.6,11.63,SPY221223C00392500,392.5,normalDay
2022-12-06,7694.0,-387.0,0.0,100,393.83,403.0,0,0.0,0.0,,0.0,1,13.6,8.3,SPY221223C00392500,392.5,normalDay
2022-12-07,7694.0,-402.0,0.0,100,393.16,403.0,0,0.0,0.0,,0.0,1,13.6,7.78,SPY221223C00392500,392.5,normalDay
2022-12-08,7694.0,-229.0,0.0,100,396.24,403.0,0,0.0,0.0,,0.0,1,13.6,9.13,SPY221223C00392500,392.5,normalDay
2022-12-09,7694.0,-339.0,0.0,100,393.28,403.0,0,0.0,0.0,,0.0,1,13.6,7.27,SPY221223C00392500,392.5,normalDay
2022-12-12,7694.0,-104.0,0.0,100,398.95,403.0,0,0.0,0.0,,0.0,1,13.6,10.59,SPY221223C00392500,392.5,normalDay
2022-12-13,7694.0,92.0,0.0,100,401.97,403.0,0,0.0,0.0,,0.0,1,13.6,11.65,SPY221223C00392500,392.5,normalDay
2022-12-14,7694.0,96.0,0.0,100,399.4,403.0,0,0.0,0.0,,0.0,1,13.6,9.04,SPY221223C00392500,392.5,normalDay
2022-12-15,7694.0,-250.0,0.0,100,389.63,403.0,0,0.0,0.0,,0.0,1,13.6,2.73,SPY221223C00392500,392.5,normalDay
2022-12-16,7694.0,-713.0,0.0,100,383.27,403.0,0,0.0,0.0,,0.0,1,13.6,1.0,SPY221223C00392500,392.5,normalDay
2022-12-19,7694.0,-964.0,0.0,100,380.02,403.0,0,0.0,0.0,,0.0,1,13.6,0.26,SPY221223C00392500,392.5,normalDay
2022-12-20,7694.0,-905.0,0.0,100,380.54,403.0,0,0.0,0.0,,0.0,1,13.6,0.19,SPY221223C00392500,392.5,normalDay
2022-12-21,7694.0,-356.0,0.0,100,386.23,403.0,0,0.0,0.0,,0.0,1,13.6,0.39,SPY221223C00392500,392.5,normalDay
2022-12-22,7694.0,-871.0,0.0,100,380.72,403.0,0,0.0,0.0,,0.0,1,13.6,0.03,SPY221223C00392500,392.5,normalDay
2022-12-23,9054.0,-2009.0,1360.0,100,382.91,403.0,0,0.0,0.0,,0.0,1,13.6,0.0,SPY221223C00392500,392.5,expirationDay
2022-12-27,9054.0,-2164.0,0.0,100,381.4,403.0,0,0.0,0.0,,0.0,1,2.44,2.48,SPY230203C00405000,405.0,normalDay
2022-12-28,9054.0,-2555.0,0.0,100,376.66,403.0,0,0.0,0.0,,0.0,1,2.44,1.65,SPY230203C00405000,405.0,normalDay
2022-12-29,9054.0,-1969.0,0.0,100,383.44,403.0,0,0.0,0.0,,0.0,1,2.44,2.57,SPY230203C00405000,405.0,normalDay
2022-12-30,9054.0,-2042.0,0.0,100,382.43,403.0,0,0.0,0.0,,0.0,1,2.44,2.29,SPY230203C00405000,405.0,normalDay
2023-01-03,9054.0,-2139.0,0.0,100,380.82,403.0,0,0.0,0.0,,0.0,1,2.44,1.65,SPY230203C00405000,405.0,normalDay
2023-01-04,9054.0,-1880.0,0.0,100,383.76,403.0,0,0.0,0.0,,0.0,1,2.44,2.0,SPY230203C00405000,405.0,normalDay
2023-01-05,9054.0,-2244.0,0.0,100,379.38,403.0,0,0.0,0.0,,0.0,1,2.44,1.26,SPY230203C00405000,405.0,normalDay
2023-01-06,9054.0,-1495.0,0.0,100,388.08,403.0,0,0.0,0.0,,0.0,1,2.44,2.47,SPY230203C00405000,405.0,normalDay
2023-01-09,9054.0,-1511.0,0.0,100,387.86,403.0,0,0.0,0.0,,0.0,1,2.44,2.41,SPY230203C00405000,405.0,normalDay
2023-01-10,9054.0,-1267.0,0.0,100,390.58,403.0,0,0.0,0.0,,0.0,1,2.44,2.69,SPY230203C00405000,405.0,normalDay
2023-01-11,9054.0,-949.0,0.0,100,395.52,403.0,0,0.0,0.0,,0.0,1,2.44,4.45,SPY230203C00405000,405.0,normalDay
2023-01-12,9054.0,-748.0,0.0,100,396.96,403.0,0,0.0,0.0,,0.0,1,2.44,3.88,SPY230203C00405000,405.0,normalDay
2023-01-13,9054.0,-582.0,0.0,100,398.5,403.0,0,0.0,0.0,,0.0,1,2.44,3.76,SPY230203C00405000,405.0,normalDay
2023-01-17,9054.0,-612.0,0.0,100,397.77,403.0,0,0.0,0.0,,0.0,1,2.44,3.33,SPY230203C00405000,405.0,normalDay
2023-01-18,9054.0,-1059.0,0.0,100,391.49,403.0,0,0.0,0.0,,0.0,1,2.44,1.52,SPY230203C00405000,405.0,normalDay
2023-01-19,9054.0,-1284.0,0.0,100,388.64,403.0,0,0.0,0.0,,0.0,1,2.44,0.92,SPY230203C00405000,405.0,normalDay
2023-01-20,9054.0,-695.0,0.0,100,395.88,403.0,0,0.0,0.0,,0.0,1,2.44,2.27,SPY230203C00405000,405.0,normalDay
2023-01-23,9054.0,-365.0,0.0,100,400.63,403.0,0,0.0,0.0,,0.0,1,2.44,3.72,SPY230203C00405000,405.0,normalDay
2023-01-24,9054.0,-430.0,0.0,100,400.2,403.0,0,0.0,0.0,,0.0,1,2.44,3.94,SPY230203C00405000,405.0,normalDay
2023-01-25,9054.0,-355.0,0.0,100,400.35,403.0,0,0.0,0.0,,0.0,1,2.44,3.34,SPY230203C00405000,405.0,normalDay
2023-01-26,9054.0,-79.0,0.0,100,404.75,403.0,0,0.0,0.0,,0.0,1,2.44,4.98,SPY230203C00405000,405.0,normalDay
2023-01-27,9054.0,-3.0,0.0,100,405.68,403.0,0,0.0,0.0,,0.0,1,2.44,5.15,SPY230203C00405000,405.0,normalDay
2023-01-30,9054.0,-312.0,0.0,100,400.59,403.0,0,0.0,0.0,,0.0,1,2.44,3.15,SPY230203C00405000,405.0,normalDay
2023-01-31,9054.0,83.0,0.0,100,406.48,403.0,0,0.0,0.0,,0.0,1,2.44,5.09,SPY230203C00405000,405.0,normalDay
2023-02-01,9054.0,247.0,0.0,100,410.8,403.0,0,0.0,0.0,,0.0,1,2.44,7.77,SPY230203C00405000,405.0,normalDay
2023-02-02,9054.0,539.0,0.0,100,416.78,403.0,0,0.0,0.0,,0.0,1,2.44,10.83,SPY230203C00405000,405.0,normalDay
2023-02-03,9498.0,539.0,444.0,0,412.35,0.0,0,0.0,0.0,,0.0,1,2.44,0.0,SPY230203C00405000,405.0,expirationDay
2023-02-06,9498.0,-4.0,0.0,0,409.83,0.0,1,4.06,4.1,SPY230317P00392000,392.0,0,0.0,0.0,,0.0,normalDay
2023-02-07,9498.0,102.0,0.0,0,415.19,0.0,1,4.06,3.04,SPY230317P00392000,392.0,0,0.0,0.0,,0.0,normalDay
2023-02-08,9498.0,20.0,0.0,0,410.65,0.0,1,4.06,3.86,SPY230317P00392000,392.0,0,0.0,0.0,,0.0,normalDay
2023-02-09,9498.0,-76.0,0.0,0,407.09,0.0,1,4.06,4.82,SPY230317P00392000,392.0,0,0.0,0.0,,0.0,normalDay
2023-02-10,9498.0,-52.0,0.0,0,408.04,0.0,1,4.06,4.58,SPY230317P00392000,392.0,0,0.0,0.0,,0.0,normalDay
2023-02-13,9498.0,83.0,0.0,0,412.83,0.0,1,4.06,3.23,SPY230317P00392000,392.0,0,0.0,0.0,,0.0,normalDay
2023-02-14,9498.0,126.0,0.0,0,412.64,0.0,1,4.06,2.8,SPY230317P00392000,392.0,0,0.0,0.0,,0.0,normalDay
2023-02-15,9498.0,180.0,0.0,0,413.98,0.0,1,4.06,2.26,SPY230317P00392000,392.0,0,0.0,0.0,,0.0,normalDay
2023-02-16,9498.0,50.0,0.0,0,408.28,0.0,1,4.06,3.56,SPY230317P00392000,392.0,0,0.0,0.0,,0.0,normalDay
2023-02-17,9498.0,53.0,0.0,0,407.26,0.0,1,4.06,3.53,SPY230317P00392000,392.0,0,0.0,0.0,,0.0,normalDay
2023-02-21,9498.0,-166.0,0.0,0,399.09,0.0,1,4.06,5.72,SPY230317P00392000,392.0,0,0.0,0.0,,0.0,normalDay
2023-02-22,9498.0,-150.0,0.0,0,398.54,0.0,1,4.06,5.56,SPY230317P00392000,392.0,0,0.0,0.0,,0.0,normalDay
2023-02-23,9498.0,-51.0,0.0,0,400.66,0.0,1,4.06,4.57,SPY230317P00392000,392.0,0,0.0,0.0,,0.0,normalDay
2023-02-24,9498.0,-191.0,0.0,0,396.38,0.0,1,4.06,5.97,SPY230317P00392000,392.0,0,0.0,0.0,,0.0,normalDay
2023-02-27,9498.0,-70.0,0.0,0,397.73,0.0,1,4.06,4.76,SPY230317P00392000,392.0,0,0.0,0.0,,0.0,normalDay
2023-02-28,9498.0,-116.0,0.0,0,396.26,0.0,1,4.06,5.22,SPY230317P00392000,392.0,0,0.0,0.0,,0.0,normalDay
2023-03-01,9498.0,-158.0,0.0,0,394.74,0.0,1,4.06,5.64,SPY230317P00392000,392.0,0,0.0,0.0,,0.0,normalDay
2023-03-02,9498.0,-6.0,0.0,0,397.81,0.0,1,4.06,4.12,SPY230317P00392000,392.0,0,0.0,0.0,,0.0,normalDay
2023-03-03,9498.0,209.0,0.0,0,404.19,0.0,1,4.06,1.97,SPY230317P00392000,392.0,0,0.0,0.0,,0.0,normalDay
2023-03-06,9498.0,234.0,0.0,0,404.47,0.0,1,4.06,1.72,SPY230317P00392000,392.0,0,0.0,0.0,,0.0,normalDay
2023-03-07,9498.0,80.0,0.0,0,398.27,0.0,1,4.06,3.26,SPY230317P00392000,392.0,0,0.0,0.0,,0.0,normalDay
2023-03-08,9498.0,122.0,0.0,0,398.92,0.0,1,4.06,2.84,SPY230317P00392000,392.0,0,0.0,0.0,,0.0,normalDay
2023-03-09,9498.0,-257.0,0.0,0,391.56,0.0,1,4.06,6.63,SPY230317P00392000,392.0,0,0.0,0.0,,0.0,normalDay
2023-03-10,9498.0,-559.0,0.0,0,385.91,0.0,1,4.06,9.65,SPY230317P00392000,392.0,0,0.0,0.0,,0.0,normalDay
2023-03-13,9498.0,-575.0,0.0,0,385.36,0.0,1,4.06,9.81,SPY230317P00392000,392.0,0,0.0,0.0,,0.0,normalDay
2023-03-14,9498.0,-46.0,0.0,0,391.73,0.0,1,4.06,4.52,SPY230317P00392000,392.0,0,0.0,0.0,,0.0,normalDay
2023-03-15,9498.0,-160.0,0.0,0,389.28,0.0,1,4.06,5.66,SPY230317P00392000,392.0,0,0.0,0.0,,0.0,normalDay
2023-03-16,9498.0,301.0,0.0,0,396.11,0.0,1,4.06,1.05,SPY230317P00392000,392.0,0,0.0,0.0,,0.0,normalDay
2023-03-17,9904.0,-201.0,406.0,100,389.99,392.0,1,4.06,0.0,SPY230317P00392000,392.0,0,0.0,0.0,,0.0,expirationDay
2023-03-20,9904.0,166.0,0.0,100,393.74,392.0,0,0.0,0.0,,0.0,1,7.04,7.12,SPY230428C00402500,402.5,normalDay
2023-03-21,9904.0,508.0,0.0,100,398.91,392.0,0,0.0,0.0,,0.0,1,7.04,8.87,SPY230428C00402500,402.5,normalDay
2023-03-22,9904.0,145.0,0.0,100,392.11,392.0,0,0.0,0.0,,0.0,1,7.04,5.7,SPY230428C00402500,402.5,normalDay
2023-03-23,9904.0,214.0,0.0,100,393.17,392.0,0,0.0,0.0,,0.0,1,7.04,6.07,SPY230428C00402500,402.5,normalDay
2023-03-24,9904.0,393.0,0.0,100,395.75,392.0,0,0.0,0.0,,0.0,1,7.04,6.86,SPY230428C00402500,402.5,normalDay
2023-03-27,9904.0,505.0,0.0,100,396.49,392.0,0,0.0,0.0,,0.0,1,7.04,6.48,SPY230428C00402500,402.5,normalDay
2023-03-28,9904.0,481.0,0.0,100,395.6,392.0,0,0.0,0.0,,0.0,1,7.04,5.83,SPY230428C00402500,402.5,normalDay
2023-03-29,9904.0,822.0,0.0,100,401.35,392.0,0,0.0,0.0,,0.0,1,7.04,8.17,SPY230428C00402500,402.5,normalDay
2023-03-30,9904.0,948.0,0.0,100,403.7,392.0,0,0.0,0.0,,0.0,1,7.04,9.26,SPY230428C00402500,402.5,normalDay
2023-03-31,9904.0,1137.0,0.0,100,409.39,392.0,0,0.0,0.0,,0.0,1,7.04,13.06,SPY230428C00402500,402.5,normalDay
2023-04-03,9904.0,1249.0,0.0,100,410.95,392.0,0,0.0,0.0,,0.0,1,7.04,13.5,SPY230428C00402500,402.5,normalDay
2023-04-04,9904.0,1193.0,0.0,100,408.67,392.0,0,0.0,0.0,,0.0,1,7.04,11.78,SPY230428C00402500,402.5,normalDay
2023-04-05,9904.0,1199.0,0.0,100,407.6,392.0,0,0.0,0.0,,0.0,1,7.04,10.65,SPY230428C00402500,402.5,normalDay
2023-04-06,9904.0,1292.0,0.0,100,409.19,392.0,0,0.0,0.0,,0.0,1,7.04,11.31,SPY230428C00402500,402.5,normalDay
2023-04-10,9904.0,1313.0,0.0,100,409.61,392.0,0,0.0,0.0,,0.0,1,7.04,11.52,SPY230428C00402500,402.5,normalDay
2023-04-11,9904.0,1341.0,0.0,100,409.72,392.0,0,0.0,0.0,,0.0,1,7.04,11.35,SPY230428C00402500,402.5,normalDay
2023-04-12,9904.0,1360.0,0.0,100,408.05,392.0,0,0.0,0.0,,0.0,1,7.04,9.49,SPY230428C00402500,402.5,normalDay
2023-04-13,9904.0,1521.0,0.0,100,413.47,392.0,0,0.0,0.0,,0.0,1,7.04,13.3,SPY230428C00402500,402.5,normalDay
2023-04-14,9904.0,1528.0,0.0,100,412.46,392.0,0,0.0,0.0,,0.0,1,7.04,12.22,SPY230428C00402500,402.5,normalDay
2023-04-17,9904.0,1583.0,0.0,100,413.94,392.0,0,0.0,0.0,,0.0,1,7.04,13.15,SPY230428C00402500,402.5,normalDay
2023-04-18,9904.0,1621.0,0.0,100,414.21,392.0,0,0.0,0.0,,0.0,1,7.04,13.04,SPY230428C00402500,402.5,normalDay
2023-04-19,9904.0,1621.0,0.0,100,414.14,392.0,0,0.0,0.0,,0.0,1,7.04,12.97,SPY230428C00402500,402.5,normalDay
2023-04-20,9904.0,1595.0,0.0,100,411.88,392.0,0,0.0,0.0,,0.0,1,7.04,10.97,SPY230428C00402500,402.5,normalDay
2023-04-21,9904.0,1663.0,0.0,100,412.2,392.0,0,0.0,0.0,,0.0,1,7.04,10.61,SPY230428C00402500,402.5,normalDay
2023-04-24,9904.0,1690.0,0.0,100,412.63,392.0,0,0.0,0.0,,0.0,1,7.04,10.77,SPY230428C00402500,402.5,normalDay
2023-04-25,9904.0,1509.0,0.0,100,406.08,392.0,0,0.0,0.0,,0.0,1,7.04,6.03,SPY230428C00402500,402.5,normalDay
2023-04-26,9904.0,1591.0,0.0,100,404.36,392.0,0,0.0,0.0,,0.0,1,7.04,3.49,SPY230428C00402500,402.5,normalDay
2023-04-27,9904.0,1658.0,0.0,100,412.41,392.0,0,0.0,0.0,,0.0,1,7.04,10.87,SPY230428C00402500,402.5,normalDay
2023-04-28,11658.0,1658.0,1754.0,0,415.93,0.0,0,0.0,0.0,,0.0,1,7.04,0.0,SPY230428C00402500,402.5,expirationDay
2023-05-01,11658.0,-4.0,0.0,0,415.51,0.0,1,4.38,4.42,SPY230609P00407500,407.5,0,0.0,0.0,,0.0,normalDay
2023-05-02,11658.0,-191.0,0.0,0,410.84,0.0,1,4.38,6.29,SPY230609P00407500,407.5,0,0.0,0.0,,0.0,normalDay
2023-05-03,11658.0,-283.0,0.0,0,408.02,0.0,1,4.38,7.21,SPY230609P00407500,407.5,0,0.0,0.0,,0.0,normalDay
2023-05-04,11658.0,-492.0,0.0,0,405.13,0.0,1,4.38,9.3,SPY230609P00407500,407.5,0,0.0,0.0,,0.0,normalDay
2023-05-05,11658.0,-108.0,0.0,0,412.63,0.0,1,4.38,5.46,SPY230609P00407500,407.5,0,0.0,0.0,,0.0,normalDay
2023-05-08,11658.0,-53.0,0.0,0,412.74,0.0,1,4.38,4.91,SPY230609P00407500,407.5,0,0.0,0.0,,0.0,normalDay
2023-05-09,11658.0,-110.0,0.0,0,410.93,0.0,1,4.38,5.48,SPY230609P00407500,407.5,0,0.0,0.0,,0.0,normalDay
2023-05-10,11658.0,-7.0,0.0,0,412.85,0.0,1,4.38,4.45,SPY230609P00407500,407.5,0,0.0,0.0,,0.0,normalDay
2023-05-11,11658.0,-17.0,0.0,0,412.13,0.0,1,4.38,4.55,SPY230609P00407500,407.5,0,0.0,0.0,,0.0,normalDay
2023-05-12,11658.0,-25.0,0.0,0,411.59,0.0,1,4.38,4.63,SPY230609P00407500,407.5,0,0.0,0.0,,0.0,normalDay
2023-05-15,11658.0,65.0,0.0,0,413.01,0.0,1,4.38,3.73,SPY230609P00407500,407.5,0,0.0,0.0,,0.0,normalDay
2023-05-16,11658.0,-30.0,0.0,0,410.25,0.0,1,4.38,4.68,SPY230609P00407500,407.5,0,0.0,0.0,,0.0,normalDay
2023-05-17,11658.0,140.0,0.0,0,415.23,0.0,1,4.38,2.98,SPY230609P00407500,407.5,0,0.0,0.0,,0.0,normalDay
2023-05-18,11658.0,245.0,0.0,0,419.23,0.0,1,4.38,1.93,SPY230609P00407500,407.5,0,0.0,0.0,,0.0,normalDay
2023-05-19,11658.0,227.0,0.0,0,418.62,0.0,1,4.38,2.11,SPY230609P00407500,407.5,0,0.0,0.0,,0.0,normalDay
2023-05-22,11658.0,245.0,0.0,0,418.79,0.0,1,4.38,1.93,SPY230609P00407500,407.5,0,0.0,0.0,,0.0,normalDay
2023-05-23,11658.0,129.0,0.0,0,414.09,0.0,1,4.38,3.09,SPY230609P00407500,407.5,0,0.0,0.0,,0.0,normalDay
2023-05-24,11658.0,24.0,0.0,0,411.09,0.0,1,4.38,4.14,SPY230609P00407500,407.5,0,0.0,0.0,,0.0,normalDay
2023-05-25,11658.0,155.0,0.0,0,414.65,0.0,1,4.38,2.83,SPY230609P00407500,407.5,0,0.0,0.0,,0.0,normalDay
2023-05-26,11658.0,286.0,0.0,0,420.02,0.0,1,4.38,1.52,SPY230609P00407500,407.5,0,0.0,0.0,,0.0,normalDay
2023-05-30,11658.0,349.0,0.0,0,420.18,0.0,1,4.38,0.89,SPY230609P00407500,407.5,0,0.0,0.0,,0.0,normalDay
2023-05-31,11658.0,343.0,0.0,0,417.85,0.0,1,4.38,0.95,SPY230609P00407500,407.5,0,0.0,0.0,,0.0,normalDay
2023-06-01,11658.0,406.0,0.0,0,421.82,0.0,1,4.38,0.32,SPY230609P00407500,407.5,0,0.0,0.0,,0.0,normalDay
2023-06-02,11658.0,429.0,0.0,0,427.92,0.0,1,4.38,0.09,SPY230609P00407500,407.5,0,0.0,0.0,,0.0,normalDay
2023-06-05,11658.0,433.0,0.0,0,427.1,0.0,1,4.38,0.05,SPY230609P00407500,407.5,0,0.0,0.0,,0.0,normalDay
2023-06-06,11658.0,434.0,0.0,0,428.03,0.0,1,4.38,0.04,SPY230609P00407500,407.5,0,0.0,0.0,,0.0,normalDay
2023-06-07,11658.0,434.0,0.0,0,426.55,0.0,1,4.38,0.04,SPY230609P00407500,407.5,0,0.0,0.0,,0.0,normalDay
2023-06-08,11658.0,436.0,0.0,0,429.13,0.0,1,4.38,0.02,SPY230609P00407500,407.5,0,0.0,0.0,,0.0,normalDay
2023-06-09,12096.0,0.0,438.0,0,429.9,0.0,1,4.38,0.0,SPY230609P00407500,407.5,0,0.0,0.0,,0.0,expirationDay
2023-06-12,12096.0,-4.0,0.0,0,433.8,0.0,1,2.02,2.06,SPY230721P00413000,413.0,0,0.0,0.0,,0.0,normalDay
2023-06-13,12096.0,39.0,0.0,0,436.66,0.0,1,2.02,1.63,SPY230721P00413000,413.0,0,0.0,0.0,,0.0,normalDay
2023-06-14,12096.0,68.0,0.0,0,437.18,0.0,1,2.02,1.34,SPY230721P00413000,413.0,0,0.0,0.0,,0.0,normalDay
2023-06-15,12096.0,88.0,0.0,0,442.6,0.0,1,2.02,1.14,SPY230721P00413000,413.0,0,0.0,0.0,,0.0,normalDay
2023-06-16,12096.0,106.0,0.0,0,439.46,0.0,1,2.02,0.96,SPY230721P00413000,413.0,0,0.0,0.0,,0.0,normalDay
2023-06-20,12096.0,101.0,0.0,0,437.18,0.0,1,2.02,1.01,SPY230721P00413000,413.0,0,0.0,0.0,,0.0,normalDay
2023-06-21,12096.0,99.0,0.0,0,434.94,0.0,1,2.02,1.03,SPY230721P00413000,413.0,0,0.0,0.0,,0.0,normalDay
2023-06-22,12096.0,118.0,0.0,0,436.51,0.0,1,2.02,0.84,SPY230721P00413000,413.0,0,0.0,0.0,,0.0,normalDay
2023-06-23,12096.0,94.0,0.0,0,433.21,0.0,1,2.02,1.08,SPY230721P00413000,413.0,0,0.0,0.0,,0.0,normalDay
2023-06-26,12096.0,87.0,0.0,0,431.44,0.0,1,2.02,1.15,SPY230721P00413000,413.0,0,0.0,0.0,,0.0,normalDay
2023-06-27,12096.0,131.0,0.0,0,436.17,0.0,1,2.02,0.71,SPY230721P00413000,413.0,0,0.0,0.0,,0.0,normalDay
2023-06-28,12096.0,144.0,0.0,0,436.39,0.0,1,2.02,0.58,SPY230721P00413000,413.0,0,0.0,0.0,,0.0,normalDay
2023-06-29,12096.0,153.0,0.0,0,438.11,0.0,1,2.02,0.49,SPY230721P00413000,413.0,0,0.0,0.0,,0.0,normalDay
2023-06-30,12096.0,169.0,0.0,0,443.28,0.0,1,2.02,0.33,SPY230721P00413000,413.0,0,0.0,0.0,,0.0,normalDay
2023-07-03,12096.0,175.0,0.0,0,443.79,0.0,1,2.02,0.27,SPY230721P00413000,413.0,0,0.0,0.0,,0.0,normalDay
2023-07-05,12096.0,175.0,0.0,0,443.13,0.0,1,2.02,0.27,SPY230721P00413000,413.0,0,0.0,0.0,,0.0,normalDay
2023-07-06,12096.0,164.0,0.0,0,439.66,0.0,1,2.02,0.38,SPY230721P00413000,413.0,0,0.0,0.0,,0.0,normalDay
2023-07-07,12096.0,173.0,0.0,0,438.55,0.0,1,2.02,0.29,SPY230721P00413000,413.0,0,0.0,0.0,,0.0,normalDay
2023-07-10,12096.0,181.0,0.0,0,439.66,0.0,1,2.02,0.21,SPY230721P00413000,413.0,0,0.0,0.0,,0.0,normalDay
2023-07-11,12096.0,185.0,0.0,0,442.46,0.0,1,2.02,0.17,SPY230721P00413000,413.0,0,0.0,0.0,,0.0,normalDay
2023-07-12,12096.0,192.0,0.0,0,446.02,0.0,1,2.02,0.1,SPY230721P00413000,413.0,0,0.0,0.0,,0.0,normalDay
2023-07-13,12096.0,192.0,0.0,0,449.56,0.0,1,2.02,0.1,SPY230721P00413000,413.0,0,0.0,0.0,,0.0,normalDay
2023-07-14,12096.0,195.0,0.0,0,449.28,0.0,1,2.02,0.07,SPY230721P00413000,413.0,0,0.0,0.0,,0.0,normalDay
2023-07-17,12096.0,198.0,0.0,0,450.84,0.0,1,2.02,0.04,SPY230721P00413000,413.0,0,0.0,0.0,,0.0,normalDay
2023-07-18,12096.0,198.0,0.0,0,454.19,0.0,1,2.02,0.04,SPY230721P00413000,413.0,0,0.0,0.0,,0.0,normalDay
2023-07-19,12096.0,199.0,0.0,0,455.2,0.0,1,2.02,0.03,SPY230721P00413000,413.0,0,0.0,0.0,,0.0,normalDay
2023-07-20,12096.0,200.0,0.0,0,452.18,0.0,1,2.02,0.02,SPY230721P00413000,413.0,0,0.0,0.0,,0.0,normalDay
2023-07-21,12298.0,0.0,202.0,0,452.18,0.0,1,2.02,0.0,SPY230721P00413000,413.0,0,0.0,0.0,,0.0,expirationDay
2023-07-24,12298.0,-3.0,0.0,0,454.2,0.0,1,2.1,2.13,SPY230901P00437000,437.0,0,0.0,0.0,,0.0,normalDay
2023-07-25,12298.0,13.0,0.0,0,455.44,0.0,1,2.1,1.97,SPY230901P00437000,437.0,0,0.0,0.0,,0.0,normalDay
2023-07-26,12298.0,39.0,0.0,0,455.51,0.0,1,2.1,1.71,SPY230901P00437000,437.0,0,0.0,0.0,,0.0,normalDay
2023-07-27,12298.0,-23.0,0.0,0,452.49,0.0,1,2.1,2.33,SPY230901P00437000,437.0,0,0.0,0.0,,0.0,normalDay
2023-07-28,12298.0,56.0,0.0,0,456.92,0.0,1,2.1,1.54,SPY230901P00437000,437.0,0,0.0,0.0,,0.0,normalDay
2023-07-31,12298.0,76.0,0.0,0,457.79,0.0,1,2.1,1.34,SPY230901P00437000,437.0,0,0.0,0.0,,0.0,normalDay
2023-08-01,12298.0,63.0,0.0,0,456.48,0.0,1,2.1,1.47,SPY230901P00437000,437.0,0,0.0,0.0,,0.0,normalDay
2023-08-02,12298.0,-67.0,0.0,0,450.13,0.0,1,2.1,2.77,SPY230901P00437000,437.0,0,0.0,0.0,,0.0,normalDay
2023-08-03,12298.0,-60.0,0.0,0,448.84,0.0,1,2.1,2.7,SPY230901P00437000,437.0,0,0.0,0.0,,0.0,normalDay
2023-08-04,12298.0,-143.0,0.0,0,446.81,0.0,1,2.1,3.53,SPY230901P00437000,437.0,0,0.0,0.0,,0.0,normalDay
2023-08-07,12298.0,-10.0,0.0,0,450.71,0.0,1,2.1,2.2,SPY230901P00437000,437.0,0,0.0,0.0,,0.0,normalDay
2023-08-08,12298.0,-45.0,0.0,0,448.75,0.0,1,2.1,2.55,SPY230901P00437000,437.0,0,0.0,0.0,,0.0,normalDay
2023-08-09,12298.0,-89.0,0.0,0,445.75,0.0,1,2.1,2.99,SPY230901P00437000,437.0,0,0.0,0.0,,0.0,normalDay
2023-08-10,12298.0,-86.0,0.0,0,445.91,0.0,1,2.1,2.96,SPY230901P00437000,437.0,0,0.0,0.0,,0.0,normalDay
2023-08-11,12298.0,-42.0,0.0,0,445.65,0.0,1,2.1,2.52,SPY230901P00437000,437.0,0,0.0,0.0,,0.0,normalDay
2023-08-14,12298.0,33.0,0.0,0,448.11,0.0,1,2.1,1.77,SPY230901P00437000,437.0,0,0.0,0.0,,0.0,normalDay
2023-08-15,12298.0,-109.0,0.0,0,442.89,0.0,1,2.1,3.19,SPY230901P00437000,437.0,0,0.0,0.0,,0.0,normalDay
2023-08-16,12298.0,-189.0,0.0,0,439.64,0.0,1,2.1,3.99,SPY230901P00437000,437.0,0,0.0,0.0,,0.0,normalDay
2023-08-17,12298.0,-346.0,0.0,0,436.29,0.0,1,2.1,5.56,SPY230901P00437000,437.0,0,0.0,0.0,,0.0,normalDay
2023-08-18,12298.0,-289.0,0.0,0,436.5,0.0,1,2.1,4.99,SPY230901P00437000,437.0,0,0.0,0.0,,0.0,normalDay
2023-08-21,12298.0,-140.0,0.0,0,439.34,0.0,1,2.1,3.5,SPY230901P00437000,437.0,0,0.0,0.0,,0.0,normalDay
2023-08-22,12298.0,-151.0,0.0,0,438.15,0.0,1,2.1,3.61,SPY230901P00437000,437.0,0,0.0,0.0,,0.0,normalDay
2023-08-23,12298.0,35.0,0.0,0,443.03,0.0,1,2.1,1.75,SPY230901P00437000,437.0,0,0.0,0.0,,0.0,normalDay
2023-08-24,12298.0,-161.0,0.0,0,436.89,0.0,1,2.1,3.71,SPY230901P00437000,437.0,0,0.0,0.0,,0.0,normalDay
2023-08-25,12298.0,25.0,0.0,0,439.97,0.0,1,2.1,1.85,SPY230901P00437000,437.0,0,0.0,0.0,,0.0,normalDay
2023-08-28,12298.0,137.0,0.0,0,442.76,0.0,1,2.1,0.73,SPY230901P00437000,437.0,0,0.0,0.0,,0.0,normalDay
2023-08-29,12298.0,195.0,0.0,0,449.16,0.0,1,2.1,0.15,SPY230901P00437000,437.0,0,0.0,0.0,,0.0,normalDay
2023-08-30,12298.0,203.0,0.0,0,451.01,0.0,1,2.1,0.07,SPY230901P00437000,437.0,0,0.0,0.0,,0.0,normalDay
2023-08-31,12298.0,207.0,0.0,0,450.35,0.0,1,2.1,0.03,SPY230901P00437000,437.0,0,0.0,0.0,,0.0,normalDay
2023-09-01,12508.0,0.0,210.0,0,451.19,0.0,1,2.1,0.0,SPY230901P00437000,437.0,0,0.0,0.0,,0.0,expirationDay
2023-09-05,12508.0,-3.0,0.0,0,449.24,0.0,1,3.36,3.39,SPY231013P00438000,438.0,0,0.0,0.0,,0.0,normalDay
2023-09-06,12508.0,-88.0,0.0,0,446.22,0.0,1,3.36,4.24,SPY231013P00438000,438.0,0,0.0,0.0,,0.0,normalDay
2023-09-07,12508.0,-117.0,0.0,0,444.85,0.0,1,3.36,4.53,SPY231013P00438000,438.0,0,0.0,0.0,,0.0,normalDay
2023-09-08,12508.0,-52.0,0.0,0,445.52,0.0,1,3.36,3.88,SPY231013P00438000,438.0,0,0.0,0.0,,0.0,normalDay
2023-09-11,12508.0,39.0,0.0,0,448.45,0.0,1,3.36,2.97,SPY231013P00438000,438.0,0,0.0,0.0,,0.0,normalDay
2023-09-12,12508.0,-18.0,0.0,0,445.99,0.0,1,3.36,3.54,SPY231013P00438000,438.0,0,0.0,0.0,,0.0,normalDay
2023-09-13,12508.0,36.0,0.0,0,446.51,0.0,1,3.36,3.0,SPY231013P00438000,438.0,0,0.0,0.0,,0.0,normalDay
2023-09-14,12508.0,143.0,0.0,0,450.36,0.0,1,3.36,1.93,SPY231013P00438000,438.0,0,0.0,0.0,,0.0,normalDay
2023-09-15,12508.0,2.0,0.0,0,443.37,0.0,1,3.36,3.34,SPY231013P00438000,438.0,0,0.0,0.0,,0.0,normalDay
2023-09-18,12508.0,21.0,0.0,0,443.63,0.0,1,3.36,3.15,SPY231013P00438000,438.0,0,0.0,0.0,,0.0,normalDay
2023-09-19,12508.0,-1.0,0.0,0,442.71,0.0,1,3.36,3.37,SPY231013P00438000,438.0,0,0.0,0.0,,0.0,normalDay
2023-09-20,12508.0,-172.0,0.0,0,438.64,0.0,1,3.36,5.08,SPY231013P00438000,438.0,0,0.0,0.0,,0.0,normalDay
2023-09-21,12508.0,-589.0,0.0,0,431.39,0.0,1,3.36,9.25,SPY231013P00438000,438.0,0,0.0,0.0,,0.0,normalDay
2023-09-22,12508.0,-621.0,0.0,0,430.42,0.0,1,3.36,9.57,SPY231013P00438000,438.0,0,0.0,0.0,,0.0,normalDay
2023-09-25,12508.0,-479.0,0.0,0,432.23,0.0,1,3.36,8.15,SPY231013P00438000,438.0,0,0.0,0.0,,0.0,normalDay
2023-09-26,12508.0,-938.0,0.0,0,425.88,0.0,1,3.36,12.74,SPY231013P00438000,438.0,0,0.0,0.0,,0.0,normalDay
2023-09-27,12508.0,-908.0,0.0,0,426.05,0.0,1,3.36,12.44,SPY231013P00438000,438.0,0,0.0,0.0,,0.0,normalDay
2023-09-28,12508.0,-739.0,0.0,0,428.52,0.0,1,3.36,10.75,SPY231013P00438000,438.0,0,0.0,0.0,,0.0,normalDay
2023-09-29,12508.0,-773.0,0.0,0,427.48,0.0,1,3.36,11.09,SPY231013P00438000,438.0,0,0.0,0.0,,0.0,normalDay
2023-10-02,12508.0,-766.0,0.0,0,427.31,0.0,1,3.36,11.02,SPY231013P00438000,438.0,0,0.0,0.0,,0.0,normalDay
2023-10-03,12508.0,-1284.0,0.0,0,421.59,0.0,1,3.36,16.2,SPY231013P00438000,438.0,0,0.0,0.0,,0.0,normalDay
2023-10-04,12508.0,-1032.0,0.0,0,424.66,0.0,1,3.36,13.68,SPY231013P00438000,438.0,0,0.0,0.0,,0.0,normalDay
2023-10-05,12508.0,-1063.0,0.0,0,424.5,0.0,1,3.36,13.99,SPY231013P00438000,438.0,0,0.0,0.0,,0.0,normalDay
2023-10-06,12508.0,-528.0,0.0,0,429.54,0.0,1,3.36,8.64,SPY231013P00438000,438.0,0,0.0,0.0,,0.0,normalDay
2023-10-09,12508.0,-296.0,0.0,0,432.29,0.0,1,3.36,6.32,SPY231013P00438000,438.0,0,0.0,0.0,,0.0,normalDay
2023-10-10,12508.0,-123.0,0.0,0,434.54,0.0,1,3.36,4.59,SPY231013P00438000,438.0,0,0.0,0.0,,0.0,normalDay
2023-10-11,12508.0,83.0,0.0,0,436.32,0.0,1,3.36,2.53,SPY231013P00438000,438.0,0,0.0,0.0,,0.0,normalDay
2023-10-12,12508.0,-90.0,0.0,0,433.66,0.0,1,3.36,4.26,SPY231013P00438000,438.0,0,0.0,0.0,,0.0,normalDay
2023-10-13,12844.0,-650.0,336.0,100,431.5,438.0,1,3.36,0.0,SPY231013P00438000,438.0,0,0.0,0.0,,0.0,expirationDay
2023-10-16,12844.0,-201.0,0.0,100,436.04,438.0,0,0.0,0.0,,0.0,1,8.57,8.62,SPY231124C00438000,438.0,normalDay
2023-10-17,12844.0,-186.0,0.0,100,436.02,438.0,0,0.0,0.0,,0.0,1,8.57,8.45,SPY231124C00438000,438.0,normalDay
2023-10-18,12844.0,-534.0,0.0,100,430.21,438.0,0,0.0,0.0,,0.0,1,8.57,6.12,SPY231124C00438000,438.0,normalDay
2023-10-19,12844.0,-740.0,0.0,100,426.43,438.0,0,0.0,0.0,,0.0,1,8.57,4.4,SPY231124C00438000,438.0,normalDay
2023-10-20,12844.0,-1107.0,0.0,100,421.19,438.0,0,0.0,0.0,,0.0,1,8.57,2.83,SPY231124C00438000,438.0,normalDay
2023-10-23,12844.0,-1134.0,0.0,100,420.46,438.0,0,0.0,0.0,,0.0,1,8.57,2.37,SPY231124C00438000,438.0,normalDay
2023-10-24,12844.0,-850.0,0.0,100,423.63,438.0,0,0.0,0.0,,0.0,1,8.57,2.7,SPY231124C00438000,438.0,normalDay
2023-10-25,12844.0,-1331.0,0.0,100,417.55,438.0,0,0.0,0.0,,0.0,1,8.57,1.43,SPY231124C00438000,438.0,normalDay
2023-10-26,12844.0,-1764.0,0.0,100,412.55,438.0,0,0.0,0.0,,0.0,1,8.57,0.76,SPY231124C00438000,438.0,normalDay
2023-10-27,12844.0,-1929.0,0.0,100,410.68,438.0,0,0.0,0.0,,0.0,1,8.57,0.54,SPY231124C00438000,438.0,normalDay
2023-10-30,12844.0,-1457.0,0.0,100,415.59,438.0,0,0.0,0.0,,0.0,1,8.57,0.73,SPY231124C00438000,438.0,normalDay
2023-10-31,12844.0,-1196.0,0.0,100,418.2,438.0,0,0.0,0.0,,0.0,1,8.57,0.73,SPY231124C00438000,438.0,normalDay
2023-11-01,12844.0,-794.0,0.0,100,422.66,438.0,0,0.0,0.0,,0.0,1,8.57,1.17,SPY231124C00438000,438.0,normalDay
2023-11-02,12844.0,-143.0,0.0,100,430.76,438.0,0,0.0,0.0,,0.0,1,8.57,2.76,SPY231124C00438000,438.0,normalDay
2023-11-03,12844.0,103.0,0.0,100,434.69,438.0,0,0.0,0.0,,0.0,1,8.57,4.23,SPY231124C00438000,438.0,normalDay
2023-11-06,12844.0,228.0,0.0,100,435.69,438.0,0,0.0,0.0,,0.0,1,8.57,3.98,SPY231124C00438000,438.0,normalDay
2023-11-07,12844.0,292.0,0.0,100,436.93,438.0,0,0.0,0.0,,0.0,1,8.57,4.58,SPY231124C00438000,438.0,normalDay
2023-11-08,12844.0,349.0,0.0,100,437.25,438.0,0,0.0,0.0,,0.0,1,8.57,4.33,SPY231124C00438000,438.0,normalDay
2023-11-09,12844.0,157.0,0.0,100,433.84,438.0,0,0.0,0.0,,0.0,1,8.57,2.84,SPY231124C00438000,438.0,normalDay
2023-11-10,12844.0,506.0,0.0,100,440.61,438.0,0,0.0,0.0,,0.0,1,8.57,6.12,SPY231124C00438000,438.0,normalDay
2023-11-13,12844.0,512.0,0.0,100,440.19,438.0,0,0.0,0.0,,0.0,1,8.57,5.64,SPY231124C00438000,438.0,normalDay
2023-11-14,12844.0,689.0,0.0,100,448.73,438.0,0,0.0,0.0,,0.0,1,8.57,12.41,SPY231124C00438000,438.0,normalDay
2023-11-15,12844.0,767.0,0.0,100,449.68,438.0,0,0.0,0.0,,0.0,1,8.57,12.58,SPY231124C00438000,438.0,normalDay
2023-11-16,12844.0,776.0,0.0,100,450.23,438.0,0,0.0,0.0,,0.0,1,8.57,13.04,SPY231124C00438000,438.0,normalDay
2023-11-17,12844.0,813.0,0.0,100,450.79,438.0,0,0.0,0.0,,0.0,1,8.57,13.23,SPY231124C00438000,438.0,normalDay
2023-11-20,12844.0,829.0,0.0,100,454.26,438.0,0,0.0,0.0,,0.0,1,8.57,16.54,SPY231124C00438000,438.0,normalDay
2023-11-21,12844.0,870.0,0.0,100,453.27,438.0,0,0.0,0.0,,0.0,1,8.57,15.14,SPY231124C00438000,438.0,normalDay
2023-11-22,12844.0,814.0,0.0,100,455.02,438.0,0,0.0,0.0,,0.0,1,8.57,17.45,SPY231124C00438000,438.0,normalDay
2023-11-24,13701.0,814.0,857.0,0,455.3,0.0,0,0.0,0.0,,0.0,1,8.57,0.0,SPY231124C00438000,438.0,expirationDay
2023-11-27,13701.0,-3.0,0.0,0,454.48,0.0,1,1.07,1.1,SPY240105P00427000,427.0,0,0.0,0.0,,0.0,normalDay
2023-11-28,13701.0,2.0,0.0,0,454.93,0.0,1,1.07,1.05,SPY240105P00427000,427.0,0,0.0,0.0,,0.0,normalDay
2023-11-29,13701.0,0.0,0.0,0,454.61,0.0,1,1.07,1.07,SPY240105P00427000,427.0,0,0.0,0.0,,0.0,normalDay
2023-11-30,13701.0,9.0,0.0,0,456.4,0.0,1,1.07,0.98,SPY240105P00427000,427.0,0,0.0,0.0,,0.0,normalDay
