date,totalCapital,unrializedPnL,rializedPnL,stocksOwned,stocksPriceToday,stocksPriceBoughtAt,putOwned,putOwnedSoldAt,putPriceToday,putOwnedContract,putOwnedStrike,callOwned,callOwnedSoldAt,callPriceToday,callOwnedContract,callOwnedStrike,trackType
2018-11-01,0.0,-5.0,0.0,0,273.51,0.0,1,0.24,0.29,SPY181119P00245000,245.0,0,0.0,0.0,,0.0,normalDay
2018-11-02,0.0,-4.0,0.0,0,271.89,0.0,1,0.24,0.28,SPY181119P00245000,245.0,0,0.0,0.0,,0.0,normalDay
2018-11-05,0.0,4.0,0.0,0,273.39,0.0,1,0.24,0.2,SPY181119P00245000,245.0,0,0.0,0.0,,0.0,normalDay
2018-11-06,0.0,5.0,0.0,0,275.12,0.0,1,0.24,0.19,SPY181119P00245000,245.0,0,0.0,0.0,,0.0,normalDay
2018-11-07,0.0,18.0,0.0,0,281.01,0.0,1,0.24,0.06,SPY181119P00245000,245.0,0,0.0,0.0,,0.0,normalDay
2018-11-08,0.0,18.0,0.0,0,280.5,0.0,1,0.24,0.06,SPY181119P00245000,245.0,0,0.0,0.0,,0.0,normalDay
2018-11-09,0.0,19.0,0.0,0,277.76,0.0,1,0.24,0.05,SPY181119P00245000,245.0,0,0.0,0.0,,0.0,normalDay
2018-11-12,0.0,14.0,0.0,0,272.57,0.0,1,0.24,0.1,SPY181119P00245000,245.0,0,0.0,0.0,,0.0,normalDay
2018-11-13,0.0,17.0,0.0,0,272.06,0.0,1,0.24,0.07,SPY181119P00245000,245.0,0,0.0,0.0,,0.0,normalDay
2018-11-14,0.0,18.0,0.0,0,270.2,0.0,1,0.24,0.06,SPY181119P00245000,245.0,0,0.0,0.0,,0.0,normalDay
2018-11-15,0.0,20.0,0.0,0,273.02,0.0,1,0.24,0.04,SPY181119P00245000,245.0,0,0.0,0.0,,0.0,normalDay
2018-11-16,0.0,23.0,0.0,0,273.73,0.0,1,0.24,0.01,SPY181119P00245000,245.0,0,0.0,0.0,,0.0,normalDay
2018-11-19,24.0,0.0,24.0,0,269.1,0.0,1,0.24,0.0,SPY181119P00245000,245.0,0,0.0,0.0,,0.0,expirationDay
2018-11-20,24.0,-6.0,0.0,0,264.12,0.0,1,1.24,1.3,SPY181207P00250000,250.0,0,0.0,0.0,,0.0,normalDay
2018-11-21,24.0,39.0,0.0,0,265.02,0.0,1,1.24,0.85,SPY181207P00250000,250.0,0,0.0,0.0,,0.0,normalDay
2018-11-23,24.0,29.0,0.0,0,263.25,0.0,1,1.24,0.95,SPY181207P00250000,250.0,0,0.0,0.0,,0.0,normalDay
2018-11-26,24.0,98.0,0.0,0,267.5,0.0,1,1.24,0.26,SPY181207P00250000,250.0,0,0.0,0.0,,0.0,normalDay
2018-11-27,24.0,100.0,0.0,0,268.4,0.0,1,1.24,0.24,SPY181207P00250000,250.0,0,0.0,0.0,,0.0,normalDay
2018-11-28,24.0,112.0,0.0,0,274.58,0.0,1,1.24,0.12,SPY181207P00250000,250.0,0,0.0,0.0,,0.0,normalDay
2018-11-29,24.0,111.0,0.0,0,273.98,0.0,1,1.24,0.13,SPY181207P00250000,250.0,0,0.0,0.0,,0.0,normalDay
2018-11-30,24.0,117.0,0.0,0,275.65,0.0,1,1.24,0.07,SPY181207P00250000,250.0,0,0.0,0.0,,0.0,normalDay
2018-12-03,24.0,122.0,0.0,0,279.3,0.0,1,1.24,0.02,SPY181207P00250000,250.0,0,0.0,0.0,,0.0,normalDay
2018-12-04,24.0,114.0,0.0,0,270.25,0.0,1,1.24,0.1,SPY181207P00250000,250.0,0,0.0,0.0,,0.0,normalDay
2018-12-06,24.0,123.0,0.0,0,269.84,0.0,1,1.24,0.01,SPY181207P00250000,250.0,0,0.0,0.0,,0.0,normalDay
2018-12-07,148.0,0.0,124.0,0,263.57,0.0,1,1.24,0.0,SPY181207P00250000,250.0,0,0.0,0.0,,0.0,expirationDay
2018-12-10,148.0,-7.0,0.0,0,264.07,0.0,1,1.3,1.37,SPY181228P00250000,250.0,0,0.0,0.0,,0.0,normalDay
2018-12-11,148.0,12.0,0.0,0,264.13,0.0,1,1.3,1.18,SPY181228P00250000,250.0,0,0.0,0.0,,0.0,normalDay
2018-12-12,148.0,38.0,0.0,0,265.46,0.0,1,1.3,0.92,SPY181228P00250000,250.0,0,0.0,0.0,,0.0,normalDay
2018-12-13,148.0,62.0,0.0,0,265.37,0.0,1,1.3,0.68,SPY181228P00250000,250.0,0,0.0,0.0,,0.0,normalDay
2018-12-14,148.0,7.0,0.0,0,260.47,0.0,1,1.3,1.23,SPY181228P00250000,250.0,0,0.0,0.0,,0.0,normalDay
2018-12-17,148.0,-125.0,0.0,0,255.36,0.0,1,1.3,2.55,SPY181228P00250000,250.0,0,0.0,0.0,,0.0,normalDay
2018-12-18,148.0,-162.0,0.0,0,255.08,0.0,1,1.3,2.92,SPY181228P00250000,250.0,0,0.0,0.0,,0.0,normalDay
2018-12-19,148.0,-225.0,0.0,0,251.26,0.0,1,1.3,3.55,SPY181228P00250000,250.0,0,0.0,0.0,,0.0,normalDay
2018-12-20,148.0,-443.0,0.0,0,247.17,0.0,1,1.3,5.73,SPY181228P00250000,250.0,0,0.0,0.0,,0.0,normalDay
2018-12-21,148.0,-924.0,0.0,0,240.7,0.0,1,1.3,10.54,SPY181228P00250000,250.0,0,0.0,0.0,,0.0,normalDay
2018-12-24,148.0,-1660.0,0.0,0,234.34,0.0,1,1.3,17.9,SPY181228P00250000,250.0,0,0.0,0.0,,0.0,normalDay
2018-12-26,148.0,-339.0,0.0,0,246.18,0.0,1,1.3,4.69,SPY181228P00250000,250.0,0,0.0,0.0,,0.0,normalDay
2018-12-27,148.0,-139.0,0.0,0,248.07,0.0,1,1.3,2.69,SPY181228P00250000,250.0,0,0.0,0.0,,0.0,normalDay
2018-12-28,278.0,-225.0,130.0,100,247.75,250.0,1,1.3,0.0,SPY181228P00250000,250.0,0,0.0,0.0,,0.0,expirationDay
2018-12-31,278.0,-22.0,0.0,100,249.92,250.0,0,0.0,0.0,,0.0,1,4.73,4.87,SPY190329C00262000,262.0,normalDay
2019-01-02,278.0,36.0,0.0,100,250.18,250.0,0,0.0,0.0,,0.0,1,4.73,4.55,SPY190329C00262000,262.0,normalDay
2019-01-03,278.0,-406.0,0.0,100,244.21,250.0,0,0.0,0.0,,0.0,1,4.73,3.0,SPY190329C00262000,262.0,normalDay
2019-01-04,278.0,196.0,0.0,100,252.39,250.0,0,0.0,0.0,,0.0,1,4.73,5.16,SPY190329C00262000,262.0,normalDay
2019-01-07,278.0,343.0,0.0,100,254.38,250.0,0,0.0,0.0,,0.0,1,4.73,5.68,SPY190329C00262000,262.0,normalDay
2019-01-08,278.0,501.0,0.0,100,256.77,250.0,0,0.0,0.0,,0.0,1,4.73,6.49,SPY190329C00262000,262.0,normalDay
2019-01-09,278.0,586.0,0.0,100,257.97,250.0,0,0.0,0.0,,0.0,1,4.73,6.84,SPY190329C00262000,262.0,normalDay
2019-01-10,278.0,643.0,0.0,100,258.88,250.0,0,0.0,0.0,,0.0,1,4.73,7.18,SPY190329C00262000,262.0,normalDay
2019-01-11,278.0,695.0,0.0,100,258.98,250.0,0,0.0,0.0,,0.0,1,4.73,6.76,SPY190329C00262000,262.0,normalDay
2019-01-14,278.0,639.0,0.0,100,257.4,250.0,0,0.0,0.0,,0.0,1,4.73,5.74,SPY190329C00262000,262.0,normalDay
2019-01-15,278.0,826.0,0.0,100,260.35,250.0,0,0.0,0.0,,0.0,1,4.73,6.82,SPY190329C00262000,262.0,normalDay
2019-01-16,278.0,854.0,0.0,100,260.98,250.0,0,0.0,0.0,,0.0,1,4.73,7.17,SPY190329C00262000,262.0,normalDay
2019-01-17,278.0,940.0,0.0,100,262.96,250.0,0,0.0,0.0,,0.0,1,4.73,8.29,SPY190329C00262000,262.0,normalDay
2019-01-18,278.0,1075.0,0.0,100,266.46,250.0,0,0.0,0.0,,0.0,1,4.73,10.44,SPY190329C00262000,262.0,normalDay
2019-01-22,278.0,891.0,0.0,100,262.86,250.0,0,0.0,0.0,,0.0,1,4.73,8.68,SPY190329C00262000,262.0,normalDay
2019-01-23,278.0,949.0,0.0,100,263.41,250.0,0,0.0,0.0,,0.0,1,4.73,8.65,SPY190329C00262000,262.0,normalDay
2019-01-24,278.0,1024.0,0.0,100,263.55,250.0,0,0.0,0.0,,0.0,1,4.73,8.04,SPY190329C00262000,262.0,normalDay
2019-01-25,278.0,1080.0,0.0,100,265.78,250.0,0,0.0,0.0,,0.0,1,4.73,9.71,SPY190329C00262000,262.0,normalDay
2019-01-28,278.0,1003.0,0.0,100,263.76,250.0,0,0.0,0.0,,0.0,1,4.73,8.46,SPY190329C00262000,262.0,normalDay
2019-01-29,278.0,1004.0,0.0,100,263.41,250.0,0,0.0,0.0,,0.0,1,4.73,8.1,SPY190329C00262000,262.0,normalDay
2019-01-30,278.0,1186.0,0.0,100,267.58,250.0,0,0.0,0.0,,0.0,1,4.73,10.45,SPY190329C00262000,262.0,normalDay
2019-01-31,278.0,1247.0,0.0,100,269.93,250.0,0,0.0,0.0,,0.0,1,4.73,12.19,SPY190329C00262000,262.0,normalDay
2019-02-01,278.0,1291.0,0.0,100,270.06,250.0,0,0.0,0.0,,0.0,1,4.73,11.88,SPY190329C00262000,262.0,normalDay
2019-02-04,278.0,1371.0,0.0,100,271.96,250.0,0,0.0,0.0,,0.0,1,4.73,12.98,SPY190329C00262000,262.0,normalDay
2019-02-05,278.0,1408.0,0.0,100,273.1,250.0,0,0.0,0.0,,0.0,1,4.73,13.75,SPY190329C00262000,262.0,normalDay
2019-02-06,278.0,1401.0,0.0,100,272.74,250.0,0,0.0,0.0,,0.0,1,4.73,13.46,SPY190329C00262000,262.0,normalDay
2019-02-07,278.0,1327.0,0.0,100,270.14,250.0,0,0.0,0.0,,0.0,1,4.73,11.6,SPY190329C00262000,262.0,normalDay
2019-02-08,278.0,1367.0,0.0,100,270.47,250.0,0,0.0,0.0,,0.0,1,4.73,11.53,SPY190329C00262000,262.0,normalDay
2019-02-11,278.0,1381.0,0.0,100,270.62,250.0,0,0.0,0.0,,0.0,1,4.73,11.54,SPY190329C00262000,262.0,normalDay
2019-02-12,278.0,1442.0,0.0,100,274.1,250.0,0,0.0,0.0,,0.0,1,4.73,14.41,SPY190329C00262000,262.0,normalDay
2019-02-13,278.0,1485.0,0.0,100,274.99,250.0,0,0.0,0.0,,0.0,1,4.73,14.87,SPY190329C00262000,262.0,normalDay
2019-02-14,278.0,1472.0,0.0,100,274.38,250.0,0,0.0,0.0,,0.0,1,4.73,14.39,SPY190329C00262000,262.0,normalDay
2019-02-15,278.0,1513.0,0.0,100,277.37,250.0,0,0.0,0.0,,0.0,1,4.73,16.97,SPY190329C00262000,262.0,normalDay
2019-02-19,278.0,1562.0,0.0,100,277.85,250.0,0,0.0,0.0,,0.0,1,4.73,16.96,SPY190329C00262000,262.0,normalDay
2019-02-20,278.0,1555.0,0.0,100,278.41,250.0,0,0.0,0.0,,0.0,1,4.73,17.59,SPY190329C00262000,262.0,normalDay
2019-02-21,278.0,1542.0,0.0,100,277.42,250.0,0,0.0,0.0,,0.0,1,4.73,16.73,SPY190329C00262000,262.0,normalDay
2019-02-22,278.0,1575.0,0.0,100,279.14,250.0,0,0.0,0.0,,0.0,1,4.73,18.12,SPY190329C00262000,262.0,normalDay
2019-02-25,278.0,1575.0,0.0,100,279.52,250.0,0,0.0,0.0,,0.0,1,4.73,18.5,SPY190329C00262000,262.0,normalDay
2019-02-26,278.0,1589.0,0.0,100,279.32,250.0,0,0.0,0.0,,0.0,1,4.73,18.16,SPY190329C00262000,262.0,normalDay
2019-02-27,278.0,1573.0,0.0,100,279.2,250.0,0,0.0,0.0,,0.0,1,4.73,18.2,SPY190329C00262000,262.0,normalDay
2019-02-28,278.0,1590.0,0.0,100,278.68,250.0,0,0.0,0.0,,0.0,1,4.73,17.51,SPY190329C00262000,262.0,normalDay
2019-03-01,278.0,1601.0,0.0,100,280.42,250.0,0,0.0,0.0,,0.0,1,4.73,19.14,SPY190329C00262000,262.0,normalDay
2019-03-04,278.0,1621.0,0.0,100,279.4,250.0,0,0.0,0.0,,0.0,1,4.73,17.92,SPY190329C00262000,262.0,normalDay
2019-03-05,278.0,1619.0,0.0,100,279.02,250.0,0,0.0,0.0,,0.0,1,4.73,17.56,SPY190329C00262000,262.0,normalDay
2019-03-06,278.0,1598.0,0.0,100,277.33,250.0,0,0.0,0.0,,0.0,1,4.73,16.08,SPY190329C00262000,262.0,normalDay
2019-03-07,278.0,1572.0,0.0,100,275.01,250.0,0,0.0,0.0,,0.0,1,4.73,14.02,SPY190329C00262000,262.0,normalDay
2019-03-08,278.0,1580.0,0.0,100,274.46,250.0,0,0.0,0.0,,0.0,1,4.73,13.39,SPY190329C00262000,262.0,normalDay
2019-03-11,278.0,1647.0,0.0,100,278.44,250.0,0,0.0,0.0,,0.0,1,4.73,16.7,SPY190329C00262000,262.0,normalDay
2019-03-12,278.0,1668.0,0.0,100,279.49,250.0,0,0.0,0.0,,0.0,1,4.73,17.54,SPY190329C00262000,262.0,normalDay
2019-03-13,278.0,1641.0,0.0,100,281.34,250.0,0,0.0,0.0,,0.0,1,4.73,19.66,SPY190329C00262000,262.0,normalDay
2019-03-14,278.0,1670.0,0.0,100,281.16,250.0,0,0.0,0.0,,0.0,1,4.73,19.19,SPY190329C00262000,262.0,normalDay
2019-03-15,278.0,1631.0,0.0,100,281.31,250.0,0,0.0,0.0,,0.0,1,4.73,19.73,SPY190329C00262000,262.0,normalDay
2019-03-18,278.0,1610.0,0.0,100,282.33,250.0,0,0.0,0.0,,0.0,1,4.73,20.96,SPY190329C00262000,262.0,normalDay
2019-03-19,278.0,1656.0,0.0,100,282.4,250.0,0,0.0,0.0,,0.0,1,4.73,20.57,SPY190329C00262000,262.0,normalDay
2019-03-20,278.0,1658.0,0.0,100,281.55,250.0,0,0.0,0.0,,0.0,1,4.73,19.7,SPY190329C00262000,262.0,normalDay
2019-03-21,278.0,1655.0,0.0,100,284.73,250.0,0,0.0,0.0,,0.0,1,4.73,22.91,SPY190329C00262000,262.0,normalDay
2019-03-22,278.0,1567.0,0.0,100,279.25,250.0,0,0.0,0.0,,0.0,1,4.73,18.31,SPY190329C00262000,262.0,normalDay
2019-03-25,278.0,1633.0,0.0,100,279.04,250.0,0,0.0,0.0,,0.0,1,4.73,17.44,SPY190329C00262000,262.0,normalDay
2019-03-26,278.0,1670.0,0.0,100,281.12,250.0,0,0.0,0.0,,0.0,1,4.73,19.15,SPY190329C00262000,262.0,normalDay
2019-03-27,278.0,1631.0,0.0,100,279.65,250.0,0,0.0,0.0,,0.0,1,4.73,18.07,SPY190329C00262000,262.0,normalDay
2019-03-28,278.0,1643.0,0.0,100,280.71,250.0,0,0.0,0.0,,0.0,1,4.73,19.01,SPY190329C00262000,262.0,normalDay
2019-03-29,1951.0,1643.0,1673.0,0,282.48,0.0,0,0.0,0.0,,0.0,1,4.73,0.0,SPY190329C00262000,262.0,expirationDay
2019-04-01,1951.0,-3.0,0.0,0,285.83,0.0,1,0.2,0.23,SPY190418P00268000,268.0,0,0.0,0.0,,0.0,normalDay
2019-04-02,1951.0,0.0,0.0,0,285.97,0.0,1,0.2,0.2,SPY190418P00268000,268.0,0,0.0,0.0,,0.0,normalDay
2019-04-03,1951.0,1.0,0.0,0,286.42,0.0,1,0.2,0.19,SPY190418P00268000,268.0,0,0.0,0.0,,0.0,normalDay
2019-04-04,1951.0,6.0,0.0,0,287.18,0.0,1,0.2,0.14,SPY190418P00268000,268.0,0,0.0,0.0,,0.0,normalDay
2019-04-05,1951.0,12.0,0.0,0,288.57,0.0,1,0.2,0.08,SPY190418P00268000,268.0,0,0.0,0.0,,0.0,normalDay
2019-04-08,1951.0,13.0,0.0,0,288.79,0.0,1,0.2,0.07,SPY190418P00268000,268.0,0,0.0,0.0,,0.0,normalDay
2019-04-09,1951.0,12.0,0.0,0,287.31,0.0,1,0.2,0.08,SPY190418P00268000,268.0,0,0.0,0.0,,0.0,normalDay
2019-04-10,1951.0,15.0,0.0,0,288.29,0.0,1,0.2,0.05,SPY190418P00268000,268.0,0,0.0,0.0,,0.0,normalDay
2019-04-11,1951.0,16.0,0.0,0,288.21,0.0,1,0.2,0.04,SPY190418P00268000,268.0,0,0.0,0.0,,0.0,normalDay
2019-04-12,1951.0,18.0,0.0,0,290.16,0.0,1,0.2,0.02,SPY190418P00268000,268.0,0,0.0,0.0,,0.0,normalDay
2019-04-15,1951.0,18.0,0.0,0,289.97,0.0,1,0.2,0.02,SPY190418P00268000,268.0,0,0.0,0.0,,0.0,normalDay
2019-04-16,1951.0,19.0,0.0,0,290.16,0.0,1,0.2,0.01,SPY190418P00268000,268.0,0,0.0,0.0,,0.0,normalDay
2019-04-17,1951.0,19.0,0.0,0,289.45,0.0,1,0.2,0.01,SPY190418P00268000,268.0,0,0.0,0.0,,0.0,normalDay
2019-04-18,1971.0,0.0,20.0,0,290.02,0.0,1,0.2,0.0,SPY190418P00268000,268.0,0,0.0,0.0,,0.0,expirationDay
2019-04-22,1971.0,-3.0,0.0,0,290.27,0.0,1,0.19,0.22,SPY190510P00270000,270.0,0,0.0,0.0,,0.0,normalDay
2019-04-23,1971.0,1.0,0.0,0,292.88,0.0,1,0.19,0.18,SPY190510P00270000,270.0,0,0.0,0.0,,0.0,normalDay
2019-04-24,1971.0,-1.0,0.0,0,292.23,0.0,1,0.19,0.2,SPY190510P00270000,270.0,0,0.0,0.0,,0.0,normalDay
2019-04-25,1971.0,1.0,0.0,0,292.05,0.0,1,0.19,0.18,SPY190510P00270000,270.0,0,0.0,0.0,,0.0,normalDay
2019-04-26,1971.0,5.0,0.0,0,293.41,0.0,1,0.19,0.14,SPY190510P00270000,270.0,0,0.0,0.0,,0.0,normalDay
2019-04-29,1971.0,8.0,0.0,0,293.87,0.0,1,0.19,0.11,SPY190510P00270000,270.0,0,0.0,0.0,,0.0,normalDay
2019-04-30,1971.0,8.0,0.0,0,294.02,0.0,1,0.19,0.11,SPY190510P00270000,270.0,0,0.0,0.0,,0.0,normalDay
2019-05-01,1971.0,4.0,0.0,0,291.81,0.0,1,0.19,0.15,SPY190510P00270000,270.0,0,0.0,0.0,,0.0,normalDay
2019-05-02,1971.0,8.0,0.0,0,291.18,0.0,1,0.19,0.11,SPY190510P00270000,270.0,0,0.0,0.0,,0.0,normalDay
2019-05-03,1971.0,15.0,0.0,0,294.03,0.0,1,0.19,0.04,SPY190510P00270000,270.0,0,0.0,0.0,,0.0,normalDay
2019-05-06,1971.0,14.0,0.0,0,292.82,0.0,1,0.19,0.05,SPY190510P00270000,270.0,0,0.0,0.0,,0.0,normalDay
2019-05-07,1971.0,11.0,0.0,0,287.93,0.0,1,0.19,0.08,SPY190510P00270000,270.0,0,0.0,0.0,,0.0,normalDay
2019-05-08,1971.0,13.0,0.0,0,287.53,0.0,1,0.19,0.06,SPY190510P00270000,270.0,0,0.0,0.0,,0.0,normalDay
2019-05-09,1971.0,16.0,0.0,0,286.66,0.0,1,0.19,0.03,SPY190510P00270000,270.0,0,0.0,0.0,,0.0,normalDay
2019-05-10,1990.0,0.0,19.0,0,288.1,0.0,1,0.19,0.0,SPY190510P00270000,270.0,0,0.0,0.0,,0.0,expirationDay
2019-05-13,1990.0,-5.0,0.0,0,280.86,0.0,1,3.13,3.18,SPY190531P00276000,276.0,0,0.0,0.0,,0.0,normalDay
2019-05-14,1990.0,118.0,0.0,0,283.4,0.0,1,3.13,1.95,SPY190531P00276000,276.0,0,0.0,0.0,,0.0,normalDay
2019-05-15,1990.0,196.0,0.0,0,285.06,0.0,1,3.13,1.17,SPY190531P00276000,276.0,0,0.0,0.0,,0.0,normalDay
2019-05-16,1990.0,244.0,0.0,0,287.7,0.0,1,3.13,0.69,SPY190531P00276000,276.0,0,0.0,0.0,,0.0,normalDay
2019-05-17,1990.0,217.0,0.0,0,285.84,0.0,1,3.13,0.96,SPY190531P00276000,276.0,0,0.0,0.0,,0.0,normalDay
2019-05-20,1990.0,220.0,0.0,0,283.95,0.0,1,3.13,0.93,SPY190531P00276000,276.0,0,0.0,0.0,,0.0,normalDay
2019-05-21,1990.0,274.0,0.0,0,286.51,0.0,1,3.13,0.39,SPY190531P00276000,276.0,0,0.0,0.0,,0.0,normalDay
2019-05-22,1990.0,276.0,0.0,0,285.63,0.0,1,3.13,0.37,SPY190531P00276000,276.0,0,0.0,0.0,,0.0,normalDay
2019-05-23,1990.0,217.0,0.0,0,282.14,0.0,1,3.13,0.96,SPY190531P00276000,276.0,0,0.0,0.0,,0.0,normalDay
2019-05-24,1990.0,260.0,0.0,0,282.78,0.0,1,3.13,0.53,SPY190531P00276000,276.0,0,0.0,0.0,,0.0,normalDay
2019-05-28,1990.0,247.0,0.0,0,280.15,0.0,1,3.13,0.66,SPY190531P00276000,276.0,0,0.0,0.0,,0.0,normalDay
2019-05-29,1990.0,231.0,0.0,0,278.27,0.0,1,3.13,0.82,SPY190531P00276000,276.0,0,0.0,0.0,,0.0,normalDay
2019-05-30,1990.0,287.0,0.0,0,279.03,0.0,1,3.13,0.26,SPY190531P00276000,276.0,0,0.0,0.0,,0.0,normalDay
2019-05-31,2303.0,-73.0,313.0,100,275.27,276.0,1,3.13,0.0,SPY190531P00276000,276.0,0,0.0,0.0,,0.0,expirationDay
2019-06-03,2303.0,-152.0,0.0,100,274.57,276.0,0,0.0,0.0,,0.0,1,4.65,4.74,SPY190930C00286000,286.0,normalDay
2019-06-04,2303.0,241.0,0.0,100,280.53,276.0,0,0.0,0.0,,0.0,1,4.65,6.77,SPY190930C00286000,286.0,normalDay
2019-06-05,2303.0,378.0,0.0,100,282.96,276.0,0,0.0,0.0,,0.0,1,4.65,7.83,SPY190930C00286000,286.0,normalDay
2019-06-06,2303.0,480.0,0.0,100,284.8,276.0,0,0.0,0.0,,0.0,1,4.65,8.65,SPY190930C00286000,286.0,normalDay
2019-06-07,2303.0,589.0,0.0,100,287.65,276.0,0,0.0,0.0,,0.0,1,4.65,10.41,SPY190930C00286000,286.0,normalDay
2019-06-10,2303.0,653.0,0.0,100,288.97,276.0,0,0.0,0.0,,0.0,1,4.65,11.09,SPY190930C00286000,286.0,normalDay
2019-06-11,2303.0,652.0,0.0,100,288.9,276.0,0,0.0,0.0,,0.0,1,4.65,11.03,SPY190930C00286000,286.0,normalDay
2019-06-12,2303.0,636.0,0.0,100,288.39,276.0,0,0.0,0.0,,0.0,1,4.65,10.68,SPY190930C00286000,286.0,normalDay
2019-06-13,2303.0,684.0,0.0,100,289.58,276.0,0,0.0,0.0,,0.0,1,4.65,11.39,SPY190930C00286000,286.0,normalDay
2019-06-14,2303.0,672.0,0.0,100,289.26,276.0,0,0.0,0.0,,0.0,1,4.65,11.19,SPY190930C00286000,286.0,normalDay
2019-06-17,2303.0,699.0,0.0,100,289.37,276.0,0,0.0,0.0,,0.0,1,4.65,11.03,SPY190930C00286000,286.0,normalDay
2019-06-18,2303.0,803.0,0.0,100,292.4,276.0,0,0.0,0.0,,0.0,1,4.65,13.02,SPY190930C00286000,286.0,normalDay
2019-06-19,2303.0,839.0,0.0,100,293.06,276.0,0,0.0,0.0,,0.0,1,4.65,13.32,SPY190930C00286000,286.0,normalDay
2019-06-20,2303.0,928.0,0.0,100,295.86,276.0,0,0.0,0.0,,0.0,1,4.65,15.23,SPY190930C00286000,286.0,normalDay
2019-06-21,2303.0,749.0,0.0,100,294.0,276.0,0,0.0,0.0,,0.0,1,4.65,15.16,SPY190930C00286000,286.0,normalDay
2019-06-24,2303.0,762.0,0.0,100,293.64,276.0,0,0.0,0.0,,0.0,1,4.65,14.67,SPY190930C00286000,286.0,normalDay
2019-06-25,2303.0,662.0,0.0,100,290.76,276.0,0,0.0,0.0,,0.0,1,4.65,12.79,SPY190930C00286000,286.0,normalDay
2019-06-26,2303.0,676.0,0.0,100,290.47,276.0,0,0.0,0.0,,0.0,1,4.65,12.36,SPY190930C00286000,286.0,normalDay
2019-06-27,2303.0,696.0,0.0,100,291.5,276.0,0,0.0,0.0,,0.0,1,4.65,13.19,SPY190930C00286000,286.0,normalDay
2019-06-28,2303.0,732.0,0.0,100,293.0,276.0,0,0.0,0.0,,0.0,1,4.65,14.33,SPY190930C00286000,286.0,normalDay
2019-07-01,2303.0,900.0,0.0,100,295.66,276.0,0,0.0,0.0,,0.0,1,4.65,15.31,SPY190930C00286000,286.0,normalDay
2019-07-02,2303.0,945.0,0.0,100,296.43,276.0,0,0.0,0.0,,0.0,1,4.65,15.63,SPY190930C00286000,286.0,normalDay
2019-07-03,2303.0,1000.0,0.0,100,298.8,276.0,0,0.0,0.0,,0.0,1,4.65,17.45,SPY190930C00286000,286.0,normalDay
2019-07-05,2303.0,1034.0,0.0,100,298.46,276.0,0,0.0,0.0,,0.0,1,4.65,16.77,SPY190930C00286000,286.0,normalDay
2019-07-08,2303.0,960.0,0.0,100,296.82,276.0,0,0.0,0.0,,0.0,1,4.65,15.87,SPY190930C00286000,286.0,normalDay
2019-07-09,2303.0,980.0,0.0,100,297.19,276.0,0,0.0,0.0,,0.0,1,4.65,16.04,SPY190930C00286000,286.0,normalDay
2019-07-10,2303.0,1018.0,0.0,100,298.61,276.0,0,0.0,0.0,,0.0,1,4.65,17.08,SPY190930C00286000,286.0,normalDay
2019-07-11,2303.0,1042.0,0.0,100,299.31,276.0,0,0.0,0.0,,0.0,1,4.65,17.54,SPY190930C00286000,286.0,normalDay
2019-07-12,2303.0,1094.0,0.0,100,300.65,276.0,0,0.0,0.0,,0.0,1,4.65,18.36,SPY190930C00286000,286.0,normalDay
2019-07-15,2303.0,1102.0,0.0,100,300.75,276.0,0,0.0,0.0,,0.0,1,4.65,18.38,SPY190930C00286000,286.0,normalDay
2019-07-16,2303.0,1078.0,0.0,100,299.78,276.0,0,0.0,0.0,,0.0,1,4.65,17.65,SPY190930C00286000,286.0,normalDay
2019-07-17,2303.0,1032.0,0.0,100,297.74,276.0,0,0.0,0.0,,0.0,1,4.65,16.07,SPY190930C00286000,286.0,normalDay
2019-07-18,2303.0,1066.0,0.0,100,298.83,276.0,0,0.0,0.0,,0.0,1,4.65,16.82,SPY190930C00286000,286.0,normalDay
2019-07-19,2303.0,1039.0,0.0,100,297.17,276.0,0,0.0,0.0,,0.0,1,4.65,15.43,SPY190930C00286000,286.0,normalDay
2019-07-22,2303.0,1086.0,0.0,100,297.9,276.0,0,0.0,0.0,,0.0,1,4.65,15.69,SPY190930C00286000,286.0,normalDay
2019-07-23,2303.0,1150.0,0.0,100,300.03,276.0,0,0.0,0.0,,0.0,1,4.65,17.18,SPY190930C00286000,286.0,normalDay
2019-07-24,2303.0,1178.0,0.0,100,301.44,276.0,0,0.0,0.0,,0.0,1,4.65,18.31,SPY190930C00286000,286.0,normalDay
2019-07-25,2303.0,1148.0,0.0,100,300.0,276.0,0,0.0,0.0,,0.0,1,4.65,17.17,SPY190930C00286000,286.0,normalDay
2019-07-26,2303.0,1199.0,0.0,100,302.01,276.0,0,0.0,0.0,,0.0,1,4.65,18.67,SPY190930C00286000,286.0,normalDay
2019-07-29,2303.0,1166.0,0.0,100,301.46,276.0,0,0.0,0.0,,0.0,1,4.65,18.45,SPY190930C00286000,286.0,normalDay
2019-07-30,2303.0,1162.0,0.0,100,300.72,276.0,0,0.0,0.0,,0.0,1,4.65,17.75,SPY190930C00286000,286.0,normalDay
2019-07-31,2303.0,1081.0,0.0,100,297.43,276.0,0,0.0,0.0,,0.0,1,4.65,15.27,SPY190930C00286000,286.0,normalDay
2019-08-01,2303.0,952.0,0.0,100,294.84,276.0,0,0.0,0.0,,0.0,1,4.65,13.97,SPY190930C00286000,286.0,normalDay
2019-08-02,2303.0,893.0,0.0,100,292.62,276.0,0,0.0,0.0,,0.0,1,4.65,12.34,SPY190930C00286000,286.0,normalDay
2019-08-05,2303.0,491.0,0.0,100,283.82,276.0,0,0.0,0.0,,0.0,1,4.65,7.56,SPY190930C00286000,286.0,normalDay
2019-08-06,2303.0,741.0,0.0,100,287.8,276.0,0,0.0,0.0,,0.0,1,4.65,9.04,SPY190930C00286000,286.0,normalDay
2019-08-07,2303.0,761.0,0.0,100,287.97,276.0,0,0.0,0.0,,0.0,1,4.65,9.01,SPY190930C00286000,286.0,normalDay
2019-08-08,2303.0,1007.0,0.0,100,293.62,276.0,0,0.0,0.0,,0.0,1,4.65,12.2,SPY190930C00286000,286.0,normalDay
2019-08-09,2303.0,918.0,0.0,100,291.62,276.0,0,0.0,0.0,,0.0,1,4.65,11.09,SPY190930C00286000,286.0,normalDay
2019-08-12,2303.0,769.0,0.0,100,288.07,276.0,0,0.0,0.0,,0.0,1,4.65,9.03,SPY190930C00286000,286.0,normalDay
2019-08-13,2303.0,985.0,0.0,100,292.55,276.0,0,0.0,0.0,,0.0,1,4.65,11.35,SPY190930C00286000,286.0,normalDay
2019-08-14,2303.0,564.0,0.0,100,283.9,276.0,0,0.0,0.0,,0.0,1,4.65,6.91,SPY190930C00286000,286.0,normalDay
2019-08-15,2303.0,629.0,0.0,100,284.65,276.0,0,0.0,0.0,,0.0,1,4.65,7.01,SPY190930C00286000,286.0,normalDay
2019-08-16,2303.0,888.0,0.0,100,288.85,276.0,0,0.0,0.0,,0.0,1,4.65,8.62,SPY190930C00286000,286.0,normalDay
2019-08-19,2303.0,1077.0,0.0,100,292.33,276.0,0,0.0,0.0,,0.0,1,4.65,10.21,SPY190930C00286000,286.0,normalDay
2019-08-20,2303.0,1010.0,0.0,100,290.09,276.0,0,0.0,0.0,,0.0,1,4.65,8.64,SPY190930C00286000,286.0,normalDay
2019-08-21,2303.0,1091.0,0.0,100,292.45,276.0,0,0.0,0.0,,0.0,1,4.65,10.19,SPY190930C00286000,286.0,normalDay
2019-08-22,2303.0,1102.0,0.0,100,292.36,276.0,0,0.0,0.0,,0.0,1,4.65,9.99,SPY190930C00286000,286.0,normalDay
2019-08-23,2303.0,724.0,0.0,100,284.85,276.0,0,0.0,0.0,,0.0,1,4.65,6.26,SPY190930C00286000,286.0,normalDay
2019-08-26,2303.0,915.0,0.0,100,288.0,276.0,0,0.0,0.0,,0.0,1,4.65,7.5,SPY190930C00286000,286.0,normalDay
2019-08-27,2303.0,880.0,0.0,100,286.87,276.0,0,0.0,0.0,,0.0,1,4.65,6.72,SPY190930C00286000,286.0,normalDay
2019-08-28,2303.0,982.0,0.0,100,288.89,276.0,0,0.0,0.0,,0.0,1,4.65,7.72,SPY190930C00286000,286.0,normalDay
2019-08-29,2303.0,1144.0,0.0,100,292.58,276.0,0,0.0,0.0,,0.0,1,4.65,9.79,SPY190930C00286000,286.0,normalDay
2019-08-30,2303.0,1134.0,0.0,100,292.45,276.0,0,0.0,0.0,,0.0,1,4.65,9.76,SPY190930C00286000,286.0,normalDay
2019-09-03,2303.0,1113.0,0.0,100,290.74,276.0,0,0.0,0.0,,0.0,1,4.65,8.26,SPY190930C00286000,286.0,normalDay
2019-09-04,2303.0,1255.0,0.0,100,294.04,276.0,0,0.0,0.0,,0.0,1,4.65,10.14,SPY190930C00286000,286.0,normalDay
2019-09-05,2303.0,1372.0,0.0,100,297.82,276.0,0,0.0,0.0,,0.0,1,4.65,12.75,SPY190930C00286000,286.0,normalDay
2019-09-06,2303.0,1359.0,0.0,100,298.05,276.0,0,0.0,0.0,,0.0,1,4.65,13.11,SPY190930C00286000,286.0,normalDay
2019-09-09,2303.0,1402.0,0.0,100,298.2,276.0,0,0.0,0.0,,0.0,1,4.65,12.83,SPY190930C00286000,286.0,normalDay
2019-09-10,2303.0,1403.0,0.0,100,298.13,276.0,0,0.0,0.0,,0.0,1,4.65,12.75,SPY190930C00286000,286.0,normalDay
2019-09-11,2303.0,1413.0,0.0,100,300.25,276.0,0,0.0,0.0,,0.0,1,4.65,14.77,SPY190930C00286000,286.0,normalDay
2019-09-12,2303.0,1401.0,0.0,100,301.29,276.0,0,0.0,0.0,,0.0,1,4.65,15.93,SPY190930C00286000,286.0,normalDay
2019-09-13,2303.0,1422.0,0.0,100,301.09,276.0,0,0.0,0.0,,0.0,1,4.65,15.52,SPY190930C00286000,286.0,normalDay
2019-09-16,2303.0,1412.0,0.0,100,300.16,276.0,0,0.0,0.0,,0.0,1,4.65,14.69,SPY190930C00286000,286.0,normalDay
2019-09-17,2303.0,1442.0,0.0,100,300.92,276.0,0,0.0,0.0,,0.0,1,4.65,15.15,SPY190930C00286000,286.0,normalDay
2019-09-18,2303.0,1420.0,0.0,100,301.1,276.0,0,0.0,0.0,,0.0,1,4.65,15.55,SPY190930C00286000,286.0,normalDay
2019-09-19,2303.0,1441.0,0.0,100,301.08,276.0,0,0.0,0.0,,0.0,1,4.65,15.32,SPY190930C00286000,286.0,normalDay
2019-09-20,2303.0,1414.0,0.0,100,298.28,276.0,0,0.0,0.0,,0.0,1,4.65,12.79,SPY190930C00286000,286.0,normalDay
2019-09-23,2303.0,1411.0,0.0,100,298.21,276.0,0,0.0,0.0,,0.0,1,4.65,12.75,SPY190930C00286000,286.0,normalDay
2019-09-24,2303.0,1391.0,0.0,100,295.87,276.0,0,0.0,0.0,,0.0,1,4.65,10.61,SPY190930C00286000,286.0,normalDay
2019-09-25,2303.0,1452.0,0.0,100,297.62,276.0,0,0.0,0.0,,0.0,1,4.65,11.75,SPY190930C00286000,286.0,normalDay
2019-09-26,2303.0,1438.0,0.0,100,297.0,276.0,0,0.0,0.0,,0.0,1,4.65,11.27,SPY190930C00286000,286.0,normalDay
2019-09-27,2303.0,1442.0,0.0,100,295.4,276.0,0,0.0,0.0,,0.0,1,4.65,9.63,SPY190930C00286000,286.0,normalDay
2019-09-30,3768.0,1442.0,1465.0,0,296.77,0.0,0,0.0,0.0,,0.0,1,4.65,0.0,SPY190930C00286000,286.0,expirationDay
2019-10-01,3768.0,-4.0,0.0,0,293.24,0.0,1,2.58,2.62,SPY191018P00288000,288.0,0,0.0,0.0,,0.0,normalDay
2019-10-02,3768.0,-233.0,0.0,0,288.06,0.0,1,2.58,4.91,SPY191018P00288000,288.0,0,0.0,0.0,,0.0,normalDay
2019-10-03,3768.0,-80.0,0.0,0,290.42,0.0,1,2.58,3.38,SPY191018P00288000,288.0,0,0.0,0.0,,0.0,normalDay
2019-10-04,3768.0,84.0,0.0,0,294.35,0.0,1,2.58,1.74,SPY191018P00288000,288.0,0,0.0,0.0,,0.0,normalDay
2019-10-07,3768.0,69.0,0.0,0,293.08,0.0,1,2.58,1.89,SPY191018P00288000,288.0,0,0.0,0.0,,0.0,normalDay
2019-10-08,3768.0,-98.0,0.0,0,288.53,0.0,1,2.58,3.56,SPY191018P00288000,288.0,0,0.0,0.0,,0.0,normalDay
2019-10-09,3768.0,38.0,0.0,0,291.27,0.0,1,2.58,2.2,SPY191018P00288000,288.0,0,0.0,0.0,,0.0,normalDay
2019-10-10,3768.0,120.0,0.0,0,293.24,0.0,1,2.58,1.38,SPY191018P00288000,288.0,0,0.0,0.0,,0.0,normalDay
2019-10-11,3768.0,206.0,0.0,0,296.28,0.0,1,2.58,0.52,SPY191018P00288000,288.0,0,0.0,0.0,,0.0,normalDay
2019-10-14,3768.0,233.0,0.0,0,295.95,0.0,1,2.58,0.25,SPY191018P00288000,288.0,0,0.0,0.0,,0.0,normalDay
2019-10-15,3768.0,249.0,0.0,0,298.88,0.0,1,2.58,0.09,SPY191018P00288000,288.0,0,0.0,0.0,,0.0,normalDay
2019-10-16,3768.0,253.0,0.0,0,298.4,0.0,1,2.58,0.05,SPY191018P00288000,288.0,0,0.0,0.0,,0.0,normalDay
2019-10-17,3768.0,256.0,0.0,0,299.28,0.0,1,2.58,0.02,SPY191018P00288000,288.0,0,0.0,0.0,,0.0,normalDay
2019-10-18,4026.0,0.0,258.0,0,297.97,0.0,1,2.58,0.0,SPY191018P00288000,288.0,0,0.0,0.0,,0.0,expirationDay
2019-10-21,4026.0,-3.0,0.0,0,299.99,0.0,1,0.25,0.28,SPY191108P00280000,280.0,0,0.0,0.0,,0.0,normalDay
2019-10-22,4026.0,-6.0,0.0,0,299.01,0.0,1,0.25,0.31,SPY191108P00280000,280.0,0,0.0,0.0,,0.0,normalDay
2019-10-23,4026.0,4.0,0.0,0,299.88,0.0,1,0.25,0.21,SPY191108P00280000,280.0,0,0.0,0.0,,0.0,normalDay
2019-10-24,4026.0,9.0,0.0,0,300.37,0.0,1,0.25,0.16,SPY191108P00280000,280.0,0,0.0,0.0,,0.0,normalDay
2019-10-25,4026.0,16.0,0.0,0,301.6,0.0,1,0.25,0.09,SPY191108P00280000,280.0,0,0.0,0.0,,0.0,normalDay
2019-10-28,4026.0,18.0,0.0,0,303.3,0.0,1,0.25,0.07,SPY191108P00280000,280.0,0,0.0,0.0,,0.0,normalDay
2019-10-29,4026.0,19.0,0.0,0,303.21,0.0,1,0.25,0.06,SPY191108P00280000,280.0,0,0.0,0.0,,0.0,normalDay
2019-10-30,4026.0,21.0,0.0,0,304.14,0.0,1,0.25,0.04,SPY191108P00280000,280.0,0,0.0,0.0,,0.0,normalDay
2019-10-31,4026.0,20.0,0.0,0,303.33,0.0,1,0.25,0.05,SPY191108P00280000,280.0,0,0.0,0.0,,0.0,normalDay
2019-11-01,4026.0,23.0,0.0,0,306.14,0.0,1,0.25,0.02,SPY191108P00280000,280.0,0,0.0,0.0,,0.0,normalDay
2019-11-04,4026.0,24.0,0.0,0,307.37,0.0,1,0.25,0.01,SPY191108P00280000,280.0,0,0.0,0.0,,0.0,normalDay
2019-11-05,4026.0,24.0,0.0,0,307.03,0.0,1,0.25,0.01,SPY191108P00280000,280.0,0,0.0,0.0,,0.0,normalDay
2019-11-06,4026.0,24.0,0.0,0,307.1,0.0,1,0.25,0.01,SPY191108P00280000,280.0,0,0.0,0.0,,0.0,normalDay
2019-11-07,4026.0,24.0,0.0,0,308.18,0.0,1,0.25,0.01,SPY191108P00280000,280.0,0,0.0,0.0,,0.0,normalDay
2019-11-08,4051.0,0.0,25.0,0,308.94,0.0,1,0.25,0.0,SPY191108P00280000,280.0,0,0.0,0.0,,0.0,expirationDay
2019-11-11,4051.0,-3.0,0.0,0,308.35,0.0,1,0.11,0.14,SPY191129P00286000,286.0,0,0.0,0.0,,0.0,normalDay
2019-11-12,4051.0,-2.0,0.0,0,309.0,0.0,1,0.11,0.13,SPY191129P00286000,286.0,0,0.0,0.0,,0.0,normalDay
2019-11-13,4051.0,-2.0,0.0,0,309.1,0.0,1,0.11,0.13,SPY191129P00286000,286.0,0,0.0,0.0,,0.0,normalDay
2019-11-14,4051.0,-2.0,0.0,0,309.55,0.0,1,0.11,0.13,SPY191129P00286000,286.0,0,0.0,0.0,,0.0,normalDay
2019-11-15,4051.0,5.0,0.0,0,311.79,0.0,1,0.11,0.06,SPY191129P00286000,286.0,0,0.0,0.0,,0.0,normalDay
2019-11-18,4051.0,6.0,0.0,0,312.02,0.0,1,0.11,0.05,SPY191129P00286000,286.0,0,0.0,0.0,,0.0,normalDay
2019-11-19,4051.0,6.0,0.0,0,311.93,0.0,1,0.11,0.05,SPY191129P00286000,286.0,0,0.0,0.0,,0.0,normalDay
2019-11-20,4051.0,5.0,0.0,0,310.77,0.0,1,0.11,0.06,SPY191129P00286000,286.0,0,0.0,0.0,,0.0,normalDay
2019-11-21,4051.0,6.0,0.0,0,310.27,0.0,1,0.11,0.05,SPY191129P00286000,286.0,0,0.0,0.0,,0.0,normalDay
2019-11-22,4051.0,8.0,0.0,0,310.96,0.0,1,0.11,0.03,SPY191129P00286000,286.0,0,0.0,0.0,,0.0,normalDay
2019-11-25,4051.0,9.0,0.0,0,313.37,0.0,1,0.11,0.02,SPY191129P00286000,286.0,0,0.0,0.0,,0.0,normalDay
2019-11-26,4051.0,10.0,0.0,0,314.08,0.0,1,0.11,0.01,SPY191129P00286000,286.0,0,0.0,0.0,,0.0,normalDay
2019-11-27,4051.0,10.0,0.0,0,315.48,0.0,1,0.11,0.01,SPY191129P00286000,286.0,0,0.0,0.0,,0.0,normalDay
2019-11-29,4062.0,0.0,11.0,0,314.31,0.0,1,0.11,0.0,SPY191129P00286000,286.0,0,0.0,0.0,,0.0,expirationDay
2019-12-02,4062.0,-3.0,0.0,0,311.64,0.0,1,1.32,1.35,SPY191220P00300000,300.0,0,0.0,0.0,,0.0,normalDay
2019-12-03,4062.0,-51.0,0.0,0,309.55,0.0,1,1.32,1.83,SPY191220P00300000,300.0,0,0.0,0.0,,0.0,normalDay
2019-12-04,4062.0,3.0,0.0,0,311.46,0.0,1,1.32,1.29,SPY191220P00300000,300.0,0,0.0,0.0,,0.0,normalDay
2019-12-05,4062.0,31.0,0.0,0,312.02,0.0,1,1.32,1.01,SPY191220P00300000,300.0,0,0.0,0.0,,0.0,normalDay
2019-12-06,4062.0,75.0,0.0,0,314.87,0.0,1,1.32,0.57,SPY191220P00300000,300.0,0,0.0,0.0,,0.0,normalDay
2019-12-09,4062.0,54.0,0.0,0,313.88,0.0,1,1.32,0.78,SPY191220P00300000,300.0,0,0.0,0.0,,0.0,normalDay
2019-12-10,4062.0,68.0,0.0,0,313.53,0.0,1,1.32,0.64,SPY191220P00300000,300.0,0,0.0,0.0,,0.0,normalDay
2019-12-11,4062.0,86.0,0.0,0,314.42,0.0,1,1.32,0.46,SPY191220P00300000,300.0,0,0.0,0.0,,0.0,normalDay
2019-12-12,4062.0,104.0,0.0,0,317.13,0.0,1,1.32,0.28,SPY191220P00300000,300.0,0,0.0,0.0,,0.0,normalDay
2019-12-13,4062.0,112.0,0.0,0,317.32,0.0,1,1.32,0.2,SPY191220P00300000,300.0,0,0.0,0.0,,0.0,normalDay
2019-12-16,4062.0,123.0,0.0,0,319.5,0.0,1,1.32,0.09,SPY191220P00300000,300.0,0,0.0,0.0,,0.0,normalDay
2019-12-17,4062.0,127.0,0.0,0,319.57,0.0,1,1.32,0.05,SPY191220P00300000,300.0,0,0.0,0.0,,0.0,normalDay
2019-12-18,4062.0,129.0,0.0,0,319.59,0.0,1,1.32,0.03,SPY191220P00300000,300.0,0,0.0,0.0,,0.0,normalDay
2019-12-19,4062.0,130.0,0.0,0,320.9,0.0,1,1.32,0.02,SPY191220P00300000,300.0,0,0.0,0.0,,0.0,normalDay
2019-12-20,4194.0,0.0,132.0,0,320.73,0.0,1,1.32,0.0,SPY191220P00300000,300.0,0,0.0,0.0,,0.0,expirationDay
2019-12-23,4194.0,-3.0,0.0,0,321.22,0.0,1,0.29,0.32,SPY200110P00300000,300.0,0,0.0,0.0,,0.0,normalDay
2019-12-24,4194.0,0.0,0.0,0,321.23,0.0,1,0.29,0.29,SPY200110P00300000,300.0,0,0.0,0.0,,0.0,normalDay
2019-12-26,4194.0,10.0,0.0,0,322.94,0.0,1,0.29,0.19,SPY200110P00300000,300.0,0,0.0,0.0,,0.0,normalDay
2019-12-27,4194.0,10.0,0.0,0,322.86,0.0,1,0.29,0.19,SPY200110P00300000,300.0,0,0.0,0.0,,0.0,normalDay
2019-12-30,4194.0,8.0,0.0,0,321.08,0.0,1,0.29,0.21,SPY200110P00300000,300.0,0,0.0,0.0,,0.0,normalDay
2019-12-31,4194.0,10.0,0.0,0,321.86,0.0,1,0.29,0.19,SPY200110P00300000,300.0,0,0.0,0.0,,0.0,normalDay
2020-01-02,4194.0,24.0,0.0,0,324.87,0.0,1,0.29,0.05,SPY200110P00300000,300.0,0,0.0,0.0,,0.0,normalDay
2020-01-03,4194.0,23.0,0.0,0,322.41,0.0,1,0.29,0.06,SPY200110P00300000,300.0,0,0.0,0.0,,0.0,normalDay
2020-01-06,4194.0,27.0,0.0,0,323.64,0.0,1,0.29,0.02,SPY200110P00300000,300.0,0,0.0,0.0,,0.0,normalDay
2020-01-07,4194.0,27.0,0.0,0,322.73,0.0,1,0.29,0.02,SPY200110P00300000,300.0,0,0.0,0.0,,0.0,normalDay
2020-01-08,4194.0,27.0,0.0,0,324.45,0.0,1,0.29,0.02,SPY200110P00300000,300.0,0,0.0,0.0,,0.0,normalDay
2020-01-09,4194.0,28.0,0.0,0,326.65,0.0,1,0.29,0.01,SPY200110P00300000,300.0,0,0.0,0.0,,0.0,normalDay
2020-01-10,4223.0,0.0,29.0,0,325.71,0.0,1,0.29,0.0,SPY200110P00300000,300.0,0,0.0,0.0,,0.0,expirationDay
2020-01-13,4223.0,-3.0,0.0,0,327.95,0.0,1,0.32,0.35,SPY200131P00311000,311.0,0,0.0,0.0,,0.0,normalDay
2020-01-14,4223.0,0.0,0.0,0,327.45,0.0,1,0.32,0.32,SPY200131P00311000,311.0,0,0.0,0.0,,0.0,normalDay
2020-01-15,4223.0,6.0,0.0,0,328.19,0.0,1,0.32,0.26,SPY200131P00311000,311.0,0,0.0,0.0,,0.0,normalDay
2020-01-16,4223.0,13.0,0.0,0,330.92,0.0,1,0.32,0.19,SPY200131P00311000,311.0,0,0.0,0.0,,0.0,normalDay
2020-01-17,4223.0,19.0,0.0,0,331.95,0.0,1,0.32,0.13,SPY200131P00311000,311.0,0,0.0,0.0,,0.0,normalDay
2020-01-21,4223.0,20.0,0.0,0,331.3,0.0,1,0.32,0.12,SPY200131P00311000,311.0,0,0.0,0.0,,0.0,normalDay
2020-01-22,4223.0,25.0,0.0,0,331.34,0.0,1,0.32,0.07,SPY200131P00311000,311.0,0,0.0,0.0,,0.0,normalDay
2020-01-23,4223.0,25.0,0.0,0,331.72,0.0,1,0.32,0.07,SPY200131P00311000,311.0,0,0.0,0.0,,0.0,normalDay
2020-01-24,4223.0,19.0,0.0,0,328.77,0.0,1,0.32,0.13,SPY200131P00311000,311.0,0,0.0,0.0,,0.0,normalDay
2020-01-27,4223.0,-12.0,0.0,0,323.5,0.0,1,0.32,0.44,SPY200131P00311000,311.0,0,0.0,0.0,,0.0,normalDay
2020-01-28,4223.0,23.0,0.0,0,326.89,0.0,1,0.32,0.09,SPY200131P00311000,311.0,0,0.0,0.0,,0.0,normalDay
2020-01-29,4223.0,28.0,0.0,0,326.62,0.0,1,0.32,0.04,SPY200131P00311000,311.0,0,0.0,0.0,,0.0,normalDay
2020-01-30,4223.0,31.0,0.0,0,327.68,0.0,1,0.32,0.01,SPY200131P00311000,311.0,0,0.0,0.0,,0.0,normalDay
2020-01-31,4255.0,0.0,32.0,0,321.73,0.0,1,0.32,0.0,SPY200131P00311000,311.0,0,0.0,0.0,,0.0,expirationDay
2020-02-03,4255.0,-3.0,0.0,0,324.12,0.0,1,1.71,1.74,SPY200221P00313000,313.0,0,0.0,0.0,,0.0,normalDay
2020-02-04,4255.0,102.0,0.0,0,329.06,0.0,1,1.71,0.69,SPY200221P00313000,313.0,0,0.0,0.0,,0.0,normalDay
2020-02-05,4255.0,137.0,0.0,0,332.86,0.0,1,1.71,0.34,SPY200221P00313000,313.0,0,0.0,0.0,,0.0,normalDay
2020-02-06,4255.0,140.0,0.0,0,333.98,0.0,1,1.71,0.31,SPY200221P00313000,313.0,0,0.0,0.0,,0.0,normalDay
2020-02-07,4255.0,136.0,0.0,0,332.2,0.0,1,1.71,0.35,SPY200221P00313000,313.0,0,0.0,0.0,,0.0,normalDay
2020-02-10,4255.0,153.0,0.0,0,334.68,0.0,1,1.71,0.18,SPY200221P00313000,313.0,0,0.0,0.0,,0.0,normalDay
2020-02-11,4255.0,156.0,0.0,0,335.26,0.0,1,1.71,0.15,SPY200221P00313000,313.0,0,0.0,0.0,,0.0,normalDay
2020-02-12,4255.0,164.0,0.0,0,337.42,0.0,1,1.71,0.07,SPY200221P00313000,313.0,0,0.0,0.0,,0.0,normalDay
2020-02-13,4255.0,164.0,0.0,0,337.06,0.0,1,1.71,0.07,SPY200221P00313000,313.0,0,0.0,0.0,,0.0,normalDay
2020-02-14,4255.0,167.0,0.0,0,337.6,0.0,1,1.71,0.04,SPY200221P00313000,313.0,0,0.0,0.0,,0.0,normalDay
2020-02-18,4255.0,169.0,0.0,0,336.73,0.0,1,1.71,0.02,SPY200221P00313000,313.0,0,0.0,0.0,,0.0,normalDay
2020-02-19,4255.0,169.0,0.0,0,338.34,0.0,1,1.71,0.02,SPY200221P00313000,313.0,0,0.0,0.0,,0.0,normalDay
2020-02-20,4255.0,170.0,0.0,0,336.95,0.0,1,1.71,0.01,SPY200221P00313000,313.0,0,0.0,0.0,,0.0,normalDay
2020-02-21,4426.0,0.0,171.0,0,333.48,0.0,1,1.71,0.0,SPY200221P00313000,313.0,0,0.0,0.0,,0.0,expirationDay
2020-02-24,4426.0,-6.0,0.0,0,322.42,0.0,1,2.85,2.91,SPY200313P00307000,307.0,0,0.0,0.0,,0.0,normalDay
2020-02-25,4426.0,-233.0,0.0,0,312.65,0.0,1,2.85,5.18,SPY200313P00307000,307.0,0,0.0,0.0,,0.0,normalDay
2020-02-26,4426.0,-268.0,0.0,0,311.5,0.0,1,2.85,5.53,SPY200313P00307000,307.0,0,0.0,0.0,,0.0,normalDay
2020-02-27,4426.0,-1161.0,0.0,0,297.51,0.0,1,2.85,14.46,SPY200313P00307000,307.0,0,0.0,0.0,,0.0,normalDay
2020-02-28,4426.0,-1209.0,0.0,0,296.26,0.0,1,2.85,14.94,SPY200313P00307000,307.0,0,0.0,0.0,,0.0,normalDay
2020-03-02,4426.0,-335.0,0.0,0,309.09,0.0,1,2.85,6.2,SPY200313P00307000,307.0,0,0.0,0.0,,0.0,normalDay
2020-03-03,4426.0,-760.0,0.0,0,300.24,0.0,1,2.85,10.45,SPY200313P00307000,307.0,0,0.0,0.0,,0.0,normalDay
2020-03-04,4426.0,-166.0,0.0,0,312.86,0.0,1,2.85,4.51,SPY200313P00307000,307.0,0,0.0,0.0,,0.0,normalDay
2020-03-05,4426.0,-722.0,0.0,0,302.46,0.0,1,2.85,10.07,SPY200313P00307000,307.0,0,0.0,0.0,,0.0,normalDay
2020-03-06,4426.0,-981.0,0.0,0,297.46,0.0,1,2.85,12.66,SPY200313P00307000,307.0,0,0.0,0.0,,0.0,normalDay
2020-03-09,4426.0,-3086.0,0.0,0,274.23,0.0,1,2.85,33.71,SPY200313P00307000,307.0,0,0.0,0.0,,0.0,normalDay
2020-03-10,4426.0,-1689.0,0.0,0,288.42,0.0,1,2.85,19.74,SPY200313P00307000,307.0,0,0.0,0.0,,0.0,normalDay
2020-03-11,4426.0,-3041.0,0.0,0,274.36,0.0,1,2.85,33.26,SPY200313P00307000,307.0,0,0.0,0.0,,0.0,normalDay
2020-03-12,4426.0,-5602.0,0.0,0,248.11,0.0,1,2.85,58.87,SPY200313P00307000,307.0,0,0.0,0.0,,0.0,normalDay
2020-03-13,4711.0,-3768.0,285.0,100,269.32,307.0,1,2.85,0.0,SPY200313P00307000,307.0,0,0.0,0.0,,0.0,expirationDay
2020-03-16,4711.0,-6965.0,0.0,100,239.85,307.0,0,0.0,0.0,,0.0,1,1.49,3.99,SPY200717C00311000,311.0,normalDay
2020-03-17,4711.0,-5688.0,0.0,100,252.8,307.0,0,0.0,0.0,,0.0,1,1.49,4.17,SPY200717C00311000,311.0,normalDay
2020-03-18,4711.0,-6843.0,0.0,100,240.0,307.0,0,0.0,0.0,,0.0,1,1.49,2.92,SPY200717C00311000,311.0,normalDay
2020-03-19,4711.0,-6665.0,0.0,100,240.51,307.0,0,0.0,0.0,,0.0,1,1.49,1.65,SPY200717C00311000,311.0,normalDay
2020-03-20,4711.0,-7741.0,0.0,100,228.8,307.0,0,0.0,0.0,,0.0,1,1.49,0.7,SPY200717C00311000,311.0,normalDay
2020-03-23,4711.0,-8319.0,0.0,100,222.95,307.0,0,0.0,0.0,,0.0,1,1.49,0.63,SPY200717C00311000,311.0,normalDay
2020-03-24,4711.0,-6392.0,0.0,100,243.15,307.0,0,0.0,0.0,,0.0,1,1.49,1.56,SPY200717C00311000,311.0,normalDay
2020-03-25,4711.0,-6076.0,0.0,100,246.79,307.0,0,0.0,0.0,,0.0,1,1.49,2.04,SPY200717C00311000,311.0,normalDay
2020-03-26,4711.0,-4719.0,0.0,100,261.2,307.0,0,0.0,0.0,,0.0,1,1.49,2.88,SPY200717C00311000,311.0,normalDay
2020-03-27,4711.0,-5389.0,0.0,100,253.42,307.0,0,0.0,0.0,,0.0,1,1.49,1.8,SPY200717C00311000,311.0,normalDay
2020-03-30,4711.0,-4619.0,0.0,100,261.65,307.0,0,0.0,0.0,,0.0,1,1.49,2.33,SPY200717C00311000,311.0,normalDay
2020-03-31,4711.0,-4887.0,0.0,100,257.75,307.0,0,0.0,0.0,,0.0,1,1.49,1.11,SPY200717C00311000,311.0,normalDay
2020-04-01,4711.0,-6012.0,0.0,100,246.15,307.0,0,0.0,0.0,,0.0,1,1.49,0.76,SPY200717C00311000,311.0,normalDay
2020-04-02,4711.0,-5456.0,0.0,100,251.83,307.0,0,0.0,0.0,,0.0,1,1.49,0.88,SPY200717C00311000,311.0,normalDay
2020-04-03,4711.0,-5797.0,0.0,100,248.19,307.0,0,0.0,0.0,,0.0,1,1.49,0.65,SPY200717C00311000,311.0,normalDay
2020-04-06,4711.0,-4242.0,0.0,100,264.86,307.0,0,0.0,0.0,,0.0,1,1.49,1.77,SPY200717C00311000,311.0,normalDay
2020-04-07,4711.0,-4216.0,0.0,100,265.13,307.0,0,0.0,0.0,,0.0,1,1.49,1.78,SPY200717C00311000,311.0,normalDay
2020-04-08,4711.0,-3490.0,0.0,100,274.03,307.0,0,0.0,0.0,,0.0,1,1.49,3.42,SPY200717C00311000,311.0,normalDay
2020-04-09,4711.0,-3170.0,0.0,100,278.2,307.0,0,0.0,0.0,,0.0,1,1.49,4.39,SPY200717C00311000,311.0,normalDay
2020-04-13,4711.0,-3338.0,0.0,100,275.66,307.0,0,0.0,0.0,,0.0,1,1.49,3.53,SPY200717C00311000,311.0,normalDay
2020-04-14,4711.0,-2675.0,0.0,100,283.79,307.0,0,0.0,0.0,,0.0,1,1.49,5.03,SPY200717C00311000,311.0,normalDay
2020-04-15,4711.0,-3148.0,0.0,100,277.76,307.0,0,0.0,0.0,,0.0,1,1.49,3.73,SPY200717C00311000,311.0,normalDay
2020-04-16,4711.0,-3051.0,0.0,100,279.1,307.0,0,0.0,0.0,,0.0,1,1.49,4.1,SPY200717C00311000,311.0,normalDay
2020-04-17,4711.0,-2484.0,0.0,100,286.64,307.0,0,0.0,0.0,,0.0,1,1.49,5.97,SPY200717C00311000,311.0,normalDay
2020-04-20,4711.0,-2894.0,0.0,100,281.59,307.0,0,0.0,0.0,,0.0,1,1.49,5.02,SPY200717C00311000,311.0,normalDay
2020-04-21,4711.0,-3588.0,0.0,100,273.04,307.0,0,0.0,0.0,,0.0,1,1.49,3.41,SPY200717C00311000,311.0,normalDay
2020-04-22,4711.0,-3031.0,0.0,100,279.1,307.0,0,0.0,0.0,,0.0,1,1.49,3.9,SPY200717C00311000,311.0,normalDay
2020-04-23,4711.0,-3022.0,0.0,100,279.08,307.0,0,0.0,0.0,,0.0,1,1.49,3.79,SPY200717C00311000,311.0,normalDay
2020-04-24,4711.0,-2663.0,0.0,100,282.97,307.0,0,0.0,0.0,,0.0,1,1.49,4.09,SPY200717C00311000,311.0,normalDay
2020-04-27,4711.0,-2277.0,0.0,100,287.05,307.0,0,0.0,0.0,,0.0,1,1.49,4.31,SPY200717C00311000,311.0,normalDay
2020-04-28,4711.0,-2361.0,0.0,100,285.73,307.0,0,0.0,0.0,,0.0,1,1.49,3.83,SPY200717C00311000,311.0,normalDay
2020-04-29,4711.0,-1787.0,0.0,100,293.21,307.0,0,0.0,0.0,,0.0,1,1.49,5.57,SPY200717C00311000,311.0,normalDay
2020-04-30,4711.0,-1969.0,0.0,100,290.48,307.0,0,0.0,0.0,,0.0,1,1.49,4.66,SPY200717C00311000,311.0,normalDay
2020-05-01,4711.0,-2579.0,0.0,100,282.79,307.0,0,0.0,0.0,,0.0,1,1.49,3.07,SPY200717C00311000,311.0,normalDay
2020-05-04,4711.0,-2478.0,0.0,100,283.57,307.0,0,0.0,0.0,,0.0,1,1.49,2.84,SPY200717C00311000,311.0,normalDay
2020-05-05,4711.0,-2254.0,0.0,100,286.19,307.0,0,0.0,0.0,,0.0,1,1.49,3.22,SPY200717C00311000,311.0,normalDay
2020-05-06,4711.0,-2391.0,0.0,100,284.25,307.0,0,0.0,0.0,,0.0,1,1.49,2.65,SPY200717C00311000,311.0,normalDay
2020-05-07,4711.0,-2112.0,0.0,100,287.68,307.0,0,0.0,0.0,,0.0,1,1.49,3.29,SPY200717C00311000,311.0,normalDay
2020-05-08,4711.0,-1697.0,0.0,100,292.44,307.0,0,0.0,0.0,,0.0,1,1.49,3.9,SPY200717C00311000,311.0,normalDay
2020-05-11,4711.0,-1616.0,0.0,100,292.5,307.0,0,0.0,0.0,,0.0,1,1.49,3.15,SPY200717C00311000,311.0,normalDay
2020-05-12,4711.0,-2110.0,0.0,100,286.67,307.0,0,0.0,0.0,,0.0,1,1.49,2.26,SPY200717C00311000,311.0,normalDay
2020-05-13,4711.0,-2567.0,0.0,100,281.6,307.0,0,0.0,0.0,,0.0,1,1.49,1.76,SPY200717C00311000,311.0,normalDay
2020-05-14,4711.0,-2242.0,0.0,100,284.97,307.0,0,0.0,0.0,,0.0,1,1.49,1.88,SPY200717C00311000,311.0,normalDay
2020-05-15,4711.0,-2096.0,0.0,100,286.28,307.0,0,0.0,0.0,,0.0,1,1.49,1.73,SPY200717C00311000,311.0,normalDay
2020-05-18,4711.0,-1412.0,0.0,100,295.0,307.0,0,0.0,0.0,,0.0,1,1.49,3.61,SPY200717C00311000,311.0,normalDay
2020-05-19,4711.0,-1654.0,0.0,100,291.97,307.0,0,0.0,0.0,,0.0,1,1.49,3.0,SPY200717C00311000,311.0,normalDay
2020-05-20,4711.0,-1272.0,0.0,100,296.93,307.0,0,0.0,0.0,,0.0,1,1.49,4.14,SPY200717C00311000,311.0,normalDay
2020-05-21,4711.0,-1418.0,0.0,100,294.88,307.0,0,0.0,0.0,,0.0,1,1.49,3.55,SPY200717C00311000,311.0,normalDay
2020-05-22,4711.0,-1368.0,0.0,100,295.44,307.0,0,0.0,0.0,,0.0,1,1.49,3.61,SPY200717C00311000,311.0,normalDay
2020-05-26,4711.0,-1072.0,0.0,100,299.08,307.0,0,0.0,0.0,,0.0,1,1.49,4.29,SPY200717C00311000,311.0,normalDay
2020-05-27,4711.0,-775.0,0.0,100,303.53,307.0,0,0.0,0.0,,0.0,1,1.49,5.77,SPY200717C00311000,311.0,normalDay
2020-05-28,4711.0,-856.0,0.0,100,302.97,307.0,0,0.0,0.0,,0.0,1,1.49,6.02,SPY200717C00311000,311.0,normalDay
2020-05-29,4711.0,-753.0,0.0,100,304.32,307.0,0,0.0,0.0,,0.0,1,1.49,6.34,SPY200717C00311000,311.0,normalDay
2020-06-01,4711.0,-639.0,0.0,100,305.55,307.0,0,0.0,0.0,,0.0,1,1.49,6.43,SPY200717C00311000,311.0,normalDay
2020-06-02,4711.0,-460.0,0.0,100,308.08,307.0,0,0.0,0.0,,0.0,1,1.49,7.17,SPY200717C00311000,311.0,normalDay
2020-06-03,4711.0,-262.0,0.0,100,312.18,307.0,0,0.0,0.0,,0.0,1,1.49,9.29,SPY200717C00311000,311.0,normalDay
2020-06-04,4711.0,-291.0,0.0,100,311.36,307.0,0,0.0,0.0,,0.0,1,1.49,8.76,SPY200717C00311000,311.0,normalDay
2020-06-05,4711.0,42.0,0.0,100,319.34,307.0,0,0.0,0.0,,0.0,1,1.49,13.41,SPY200717C00311000,311.0,normalDay
2020-06-08,4711.0,159.0,0.0,100,323.2,307.0,0,0.0,0.0,,0.0,1,1.49,16.1,SPY200717C00311000,311.0,normalDay
2020-06-09,4711.0,-29.0,0.0,100,320.79,307.0,0,0.0,0.0,,0.0,1,1.49,15.57,SPY200717C00311000,311.0,normalDay
2020-06-10,4711.0,2.0,0.0,100,319.0,307.0,0,0.0,0.0,,0.0,1,1.49,13.47,SPY200717C00311000,311.0,normalDay
2020-06-11,4711.0,-1158.0,0.0,100,300.61,307.0,0,0.0,0.0,,0.0,1,1.49,6.68,SPY200717C00311000,311.0,normalDay
2020-06-12,4711.0,-793.0,0.0,100,304.21,307.0,0,0.0,0.0,,0.0,1,1.49,6.63,SPY200717C00311000,311.0,normalDay
2020-06-15,4711.0,-612.0,0.0,100,307.05,307.0,0,0.0,0.0,,0.0,1,1.49,7.66,SPY200717C00311000,311.0,normalDay
2020-06-16,4711.0,-309.0,0.0,100,312.96,307.0,0,0.0,0.0,,0.0,1,1.49,10.54,SPY200717C00311000,311.0,normalDay
2020-06-17,4711.0,-366.0,0.0,100,311.66,307.0,0,0.0,0.0,,0.0,1,1.49,9.81,SPY200717C00311000,311.0,normalDay
2020-06-18,4711.0,-294.0,0.0,100,311.78,307.0,0,0.0,0.0,,0.0,1,1.49,9.21,SPY200717C00311000,311.0,normalDay
2020-06-19,4711.0,-451.0,0.0,100,308.64,307.0,0,0.0,0.0,,0.0,1,1.49,7.64,SPY200717C00311000,311.0,normalDay
2020-06-22,4711.0,-335.0,0.0,100,310.62,307.0,0,0.0,0.0,,0.0,1,1.49,8.46,SPY200717C00311000,311.0,normalDay
2020-06-23,4711.0,-233.0,0.0,100,312.05,307.0,0,0.0,0.0,,0.0,1,1.49,8.87,SPY200717C00311000,311.0,normalDay
2020-06-24,4711.0,-678.0,0.0,100,304.09,307.0,0,0.0,0.0,,0.0,1,1.49,5.36,SPY200717C00311000,311.0,normalDay
2020-06-25,4711.0,-434.0,0.0,100,307.35,307.0,0,0.0,0.0,,0.0,1,1.49,6.18,SPY200717C00311000,311.0,normalDay
2020-06-26,4711.0,-889.0,0.0,100,300.05,307.0,0,0.0,0.0,,0.0,1,1.49,3.43,SPY200717C00311000,311.0,normalDay
2020-06-29,4711.0,-483.0,0.0,100,304.46,307.0,0,0.0,0.0,,0.0,1,1.49,3.78,SPY200717C00311000,311.0,normalDay
2020-06-30,4711.0,-220.0,0.0,100,308.36,307.0,0,0.0,0.0,,0.0,1,1.49,5.05,SPY200717C00311000,311.0,normalDay
2020-07-01,4711.0,-59.0,0.0,100,310.52,307.0,0,0.0,0.0,,0.0,1,1.49,5.6,SPY200717C00311000,311.0,normalDay
2020-07-02,4711.0,40.0,0.0,100,312.23,307.0,0,0.0,0.0,,0.0,1,1.49,6.32,SPY200717C00311000,311.0,normalDay
2020-07-06,4711.0,265.0,0.0,100,317.05,307.0,0,0.0,0.0,,0.0,1,1.49,8.89,SPY200717C00311000,311.0,normalDay
2020-07-07,4711.0,163.0,0.0,100,313.78,307.0,0,0.0,0.0,,0.0,1,1.49,6.64,SPY200717C00311000,311.0,normalDay
2020-07-08,4711.0,284.0,0.0,100,316.18,307.0,0,0.0,0.0,,0.0,1,1.49,7.83,SPY200717C00311000,311.0,normalDay
2020-07-09,4711.0,246.0,0.0,100,314.38,307.0,0,0.0,0.0,,0.0,1,1.49,6.41,SPY200717C00311000,311.0,normalDay
2020-07-10,4711.0,380.0,0.0,100,317.59,307.0,0,0.0,0.0,,0.0,1,1.49,8.28,SPY200717C00311000,311.0,normalDay
2020-07-13,4711.0,325.0,0.0,100,314.84,307.0,0,0.0,0.0,,0.0,1,1.49,6.08,SPY200717C00311000,311.0,normalDay
2020-07-14,4711.0,485.0,0.0,100,318.92,307.0,0,0.0,0.0,,0.0,1,1.49,8.56,SPY200717C00311000,311.0,normalDay
2020-07-15,4711.0,534.0,0.0,100,321.85,307.0,0,0.0,0.0,,0.0,1,1.49,11.0,SPY200717C00311000,311.0,normalDay
2020-07-16,4711.0,646.0,0.0,100,320.79,307.0,0,0.0,0.0,,0.0,1,1.49,8.82,SPY200717C00311000,311.0,normalDay
2020-07-17,5260.0,646.0,549.0,0,321.72,0.0,0,0.0,0.0,,0.0,1,1.49,0.0,SPY200717C00311000,311.0,expirationDay
2020-07-20,5260.0,-3.0,0.0,0,324.32,0.0,1,0.45,0.48,SPY200807P00285000,285.0,0,0.0,0.0,,0.0,normalDay
2020-07-21,5260.0,0.0,0.0,0,325.01,0.0,1,0.45,0.45,SPY200807P00285000,285.0,0,0.0,0.0,,0.0,normalDay
2020-07-22,5260.0,8.0,0.0,0,326.86,0.0,1,0.45,0.37,SPY200807P00285000,285.0,0,0.0,0.0,,0.0,normalDay
2020-07-23,5260.0,-4.0,0.0,0,322.96,0.0,1,0.45,0.49,SPY200807P00285000,285.0,0,0.0,0.0,,0.0,normalDay
2020-07-24,5260.0,10.0,0.0,0,320.88,0.0,1,0.45,0.35,SPY200807P00285000,285.0,0,0.0,0.0,,0.0,normalDay
2020-07-27,5260.0,26.0,0.0,0,323.22,0.0,1,0.45,0.19,SPY200807P00285000,285.0,0,0.0,0.0,,0.0,normalDay
2020-07-28,5260.0,25.0,0.0,0,321.17,0.0,1,0.45,0.2,SPY200807P00285000,285.0,0,0.0,0.0,,0.0,normalDay
2020-07-29,5260.0,32.0,0.0,0,325.12,0.0,1,0.45,0.13,SPY200807P00285000,285.0,0,0.0,0.0,,0.0,normalDay
2020-07-30,5260.0,31.0,0.0,0,323.96,0.0,1,0.45,0.14,SPY200807P00285000,285.0,0,0.0,0.0,,0.0,normalDay
2020-07-31,5260.0,39.0,0.0,0,326.52,0.0,1,0.45,0.06,SPY200807P00285000,285.0,0,0.0,0.0,,0.0,normalDay
2020-08-03,5260.0,42.0,0.0,0,328.79,0.0,1,0.45,0.03,SPY200807P00285000,285.0,0,0.0,0.0,,0.0,normalDay
2020-08-04,5260.0,43.0,0.0,0,330.06,0.0,1,0.45,0.02,SPY200807P00285000,285.0,0,0.0,0.0,,0.0,normalDay
2020-08-05,5260.0,44.0,0.0,0,332.11,0.0,1,0.45,0.01,SPY200807P00285000,285.0,0,0.0,0.0,,0.0,normalDay
2020-08-06,5260.0,44.0,0.0,0,334.33,0.0,1,0.45,0.01,SPY200807P00285000,285.0,0,0.0,0.0,,0.0,normalDay
2020-08-07,5305.0,0.0,45.0,0,334.57,0.0,1,0.45,0.0,SPY200807P00285000,285.0,0,0.0,0.0,,0.0,expirationDay
2020-08-10,5305.0,-3.0,0.0,0,335.57,0.0,1,0.61,0.64,SPY200828P00304000,304.0,0,0.0,0.0,,0.0,normalDay
2020-08-11,5305.0,-33.0,0.0,0,332.8,0.0,1,0.61,0.94,SPY200828P00304000,304.0,0,0.0,0.0,,0.0,normalDay
2020-08-12,5305.0,12.0,0.0,0,337.44,0.0,1,0.61,0.49,SPY200828P00304000,304.0,0,0.0,0.0,,0.0,normalDay
2020-08-13,5305.0,15.0,0.0,0,336.83,0.0,1,0.61,0.46,SPY200828P00304000,304.0,0,0.0,0.0,,0.0,normalDay
2020-08-14,5305.0,28.0,0.0,0,336.84,0.0,1,0.61,0.33,SPY200828P00304000,304.0,0,0.0,0.0,,0.0,normalDay
2020-08-17,5305.0,42.0,0.0,0,337.91,0.0,1,0.61,0.19,SPY200828P00304000,304.0,0,0.0,0.0,,0.0,normalDay
2020-08-18,5305.0,44.0,0.0,0,338.64,0.0,1,0.61,0.17,SPY200828P00304000,304.0,0,0.0,0.0,,0.0,normalDay
2020-08-19,5305.0,42.0,0.0,0,337.23,0.0,1,0.61,0.19,SPY200828P00304000,304.0,0,0.0,0.0,,0.0,normalDay
2020-08-20,5305.0,46.0,0.0,0,338.28,0.0,1,0.61,0.15,SPY200828P00304000,304.0,0,0.0,0.0,,0.0,normalDay
2020-08-21,5305.0,53.0,0.0,0,339.48,0.0,1,0.61,0.08,SPY200828P00304000,304.0,0,0.0,0.0,,0.0,normalDay
2020-08-24,5305.0,57.0,0.0,0,342.92,0.0,1,0.61,0.04,SPY200828P00304000,304.0,0,0.0,0.0,,0.0,normalDay
2020-08-25,5305.0,59.0,0.0,0,344.12,0.0,1,0.61,0.02,SPY200828P00304000,304.0,0,0.0,0.0,,0.0,normalDay
2020-08-26,5305.0,58.0,0.0,0,347.57,0.0,1,0.61,0.03,SPY200828P00304000,304.0,0,0.0,0.0,,0.0,normalDay
2020-08-27,5305.0,60.0,0.0,0,348.33,0.0,1,0.61,0.01,SPY200828P00304000,304.0,0,0.0,0.0,,0.0,normalDay
2020-08-28,5366.0,0.0,61.0,0,350.58,0.0,1,0.61,0.0,SPY200828P00304000,304.0,0,0.0,0.0,,0.0,expirationDay
2020-08-31,5366.0,-3.0,0.0,0,349.31,0.0,1,0.92,0.95,SPY200918P00313000,313.0,0,0.0,0.0,,0.0,normalDay
2020-09-01,5366.0,21.0,0.0,0,352.6,0.0,1,0.92,0.71,SPY200918P00313000,313.0,0,0.0,0.0,,0.0,normalDay
2020-09-02,5366.0,38.0,0.0,0,357.7,0.0,1,0.92,0.54,SPY200918P00313000,313.0,0,0.0,0.0,,0.0,normalDay
2020-09-03,5366.0,-57.0,0.0,0,345.39,0.0,1,0.92,1.49,SPY200918P00313000,313.0,0,0.0,0.0,,0.0,normalDay
2020-09-04,5366.0,-61.0,0.0,0,342.57,0.0,1,0.92,1.53,SPY200918P00313000,313.0,0,0.0,0.0,,0.0,normalDay
2020-09-08,5366.0,-88.0,0.0,0,333.21,0.0,1,0.92,1.8,SPY200918P00313000,313.0,0,0.0,0.0,,0.0,normalDay
2020-09-09,5366.0,9.0,0.0,0,339.79,0.0,1,0.92,0.83,SPY200918P00313000,313.0,0,0.0,0.0,,0.0,normalDay
2020-09-10,5366.0,-19.0,0.0,0,333.89,0.0,1,0.92,1.11,SPY200918P00313000,313.0,0,0.0,0.0,,0.0,normalDay
2020-09-11,5366.0,35.0,0.0,0,334.06,0.0,1,0.92,0.57,SPY200918P00313000,313.0,0,0.0,0.0,,0.0,normalDay
2020-09-14,5366.0,78.0,0.0,0,338.46,0.0,1,0.92,0.14,SPY200918P00313000,313.0,0,0.0,0.0,,0.0,normalDay
2020-09-15,5366.0,84.0,0.0,0,340.17,0.0,1,0.92,0.08,SPY200918P00313000,313.0,0,0.0,0.0,,0.0,normalDay
2020-09-16,5366.0,83.0,0.0,0,338.82,0.0,1,0.92,0.09,SPY200918P00313000,313.0,0,0.0,0.0,,0.0,normalDay
2020-09-17,5366.0,84.0,0.0,0,335.84,0.0,1,0.92,0.08,SPY200918P00313000,313.0,0,0.0,0.0,,0.0,normalDay
2020-09-18,5458.0,0.0,92.0,0,330.65,0.0,1,0.92,0.0,SPY200918P00313000,313.0,0,0.0,0.0,,0.0,expirationDay
2020-09-21,5458.0,-5.0,0.0,0,326.97,0.0,1,1.87,1.92,SPY201009P00307000,307.0,0,0.0,0.0,,0.0,normalDay
2020-09-22,5458.0,51.0,0.0,0,330.3,0.0,1,1.87,1.36,SPY201009P00307000,307.0,0,0.0,0.0,,0.0,normalDay
2020-09-23,5458.0,-56.0,0.0,0,322.64,0.0,1,1.87,2.43,SPY201009P00307000,307.0,0,0.0,0.0,,0.0,normalDay
2020-09-24,5458.0,-13.0,0.0,0,323.5,0.0,1,1.87,2.0,SPY201009P00307000,307.0,0,0.0,0.0,,0.0,normalDay
2020-09-25,5458.0,85.0,0.0,0,328.73,0.0,1,1.87,1.02,SPY201009P00307000,307.0,0,0.0,0.0,,0.0,normalDay
2020-09-28,5458.0,141.0,0.0,0,334.19,0.0,1,1.87,0.46,SPY201009P00307000,307.0,0,0.0,0.0,,0.0,normalDay
2020-09-29,5458.0,138.0,0.0,0,332.37,0.0,1,1.87,0.49,SPY201009P00307000,307.0,0,0.0,0.0,,0.0,normalDay
2020-09-30,5458.0,152.0,0.0,0,334.89,0.0,1,1.87,0.35,SPY201009P00307000,307.0,0,0.0,0.0,,0.0,normalDay
2020-10-01,5458.0,172.0,0.0,0,337.04,0.0,1,1.87,0.15,SPY201009P00307000,307.0,0,0.0,0.0,,0.0,normalDay
2020-10-02,5458.0,175.0,0.0,0,333.84,0.0,1,1.87,0.12,SPY201009P00307000,307.0,0,0.0,0.0,,0.0,normalDay
2020-10-05,5458.0,183.0,0.0,0,339.76,0.0,1,1.87,0.04,SPY201009P00307000,307.0,0,0.0,0.0,,0.0,normalDay
2020-10-06,5458.0,182.0,0.0,0,334.93,0.0,1,1.87,0.05,SPY201009P00307000,307.0,0,0.0,0.0,,0.0,normalDay
2020-10-07,5458.0,185.0,0.0,0,340.76,0.0,1,1.87,0.02,SPY201009P00307000,307.0,0,0.0,0.0,,0.0,normalDay
2020-10-08,5458.0,186.0,0.0,0,343.78,0.0,1,1.87,0.01,SPY201009P00307000,307.0,0,0.0,0.0,,0.0,normalDay
2020-10-09,5645.0,0.0,187.0,0,346.85,0.0,1,1.87,0.0,SPY201009P00307000,307.0,0,0.0,0.0,,0.0,expirationDay
2020-10-12,5645.0,-3.0,0.0,0,352.43,0.0,1,0.2,0.23,SPY201030P00302500,302.5,0,0.0,0.0,,0.0,normalDay
2020-10-13,5645.0,-2.0,0.0,0,350.13,0.0,1,0.2,0.22,SPY201030P00302500,302.5,0,0.0,0.0,,0.0,normalDay
2020-10-14,5645.0,-1.0,0.0,0,347.93,0.0,1,0.2,0.21,SPY201030P00302500,302.5,0,0.0,0.0,,0.0,normalDay
2020-10-15,5645.0,1.0,0.0,0,347.5,0.0,1,0.2,0.19,SPY201030P00302500,302.5,0,0.0,0.0,,0.0,normalDay
2020-10-16,5645.0,4.0,0.0,0,347.29,0.0,1,0.2,0.16,SPY201030P00302500,302.5,0,0.0,0.0,,0.0,normalDay
2020-10-19,5645.0,0.0,0.0,0,342.01,0.0,1,0.2,0.2,SPY201030P00302500,302.5,0,0.0,0.0,,0.0,normalDay
2020-10-20,5645.0,6.0,0.0,0,343.38,0.0,1,0.2,0.14,SPY201030P00302500,302.5,0,0.0,0.0,,0.0,normalDay
2020-10-21,5645.0,10.0,0.0,0,342.73,0.0,1,0.2,0.1,SPY201030P00302500,302.5,0,0.0,0.0,,0.0,normalDay
2020-10-22,5645.0,14.0,0.0,0,344.61,0.0,1,0.2,0.06,SPY201030P00302500,302.5,0,0.0,0.0,,0.0,normalDay
2020-10-23,5645.0,15.0,0.0,0,345.78,0.0,1,0.2,0.05,SPY201030P00302500,302.5,0,0.0,0.0,,0.0,normalDay
2020-10-26,5645.0,12.0,0.0,0,339.39,0.0,1,0.2,0.08,SPY201030P00302500,302.5,0,0.0,0.0,,0.0,normalDay
2020-10-27,5645.0,16.0,0.0,0,338.22,0.0,1,0.2,0.04,SPY201030P00302500,302.5,0,0.0,0.0,,0.0,normalDay
2020-10-28,5645.0,-4.0,0.0,0,326.66,0.0,1,0.2,0.24,SPY201030P00302500,302.5,0,0.0,0.0,,0.0,normalDay
2020-10-29,5645.0,18.0,0.0,0,329.98,0.0,1,0.2,0.02,SPY201030P00302500,302.5,0,0.0,0.0,,0.0,normalDay
2020-10-30,5665.0,0.0,20.0,0,326.54,0.0,1,0.2,0.0,SPY201030P00302500,302.5,0,0.0,0.0,,0.0,expirationDay
2020-11-02,5665.0,-5.0,0.0,0,330.2,0.0,1,3.68,3.73,SPY201120P00307000,307.0,0,0.0,0.0,,0.0,normalDay
2020-11-03,5665.0,102.0,0.0,0,336.03,0.0,1,3.68,2.66,SPY201120P00307000,307.0,0,0.0,0.0,,0.0,normalDay
2020-11-04,5665.0,263.0,0.0,0,343.54,0.0,1,3.68,1.05,SPY201120P00307000,307.0,0,0.0,0.0,,0.0,normalDay
2020-11-05,5665.0,305.0,0.0,0,350.24,0.0,1,3.68,0.63,SPY201120P00307000,307.0,0,0.0,0.0,,0.0,normalDay
2020-11-06,5665.0,336.0,0.0,0,350.16,0.0,1,3.68,0.32,SPY201120P00307000,307.0,0,0.0,0.0,,0.0,normalDay
2020-11-09,5665.0,343.0,0.0,0,354.56,0.0,1,3.68,0.25,SPY201120P00307000,307.0,0,0.0,0.0,,0.0,normalDay
2020-11-10,5665.0,349.0,0.0,0,354.04,0.0,1,3.68,0.19,SPY201120P00307000,307.0,0,0.0,0.0,,0.0,normalDay
2020-11-11,5665.0,355.0,0.0,0,356.67,0.0,1,3.68,0.13,SPY201120P00307000,307.0,0,0.0,0.0,,0.0,normalDay
2020-11-12,5665.0,349.0,0.0,0,353.21,0.0,1,3.68,0.19,SPY201120P00307000,307.0,0,0.0,0.0,,0.0,normalDay
2020-11-13,5665.0,360.0,0.0,0,358.1,0.0,1,3.68,0.08,SPY201120P00307000,307.0,0,0.0,0.0,,0.0,normalDay
2020-11-16,5665.0,365.0,0.0,0,362.57,0.0,1,3.68,0.03,SPY201120P00307000,307.0,0,0.0,0.0,,0.0,normalDay
2020-11-17,5665.0,366.0,0.0,0,360.62,0.0,1,3.68,0.02,SPY201120P00307000,307.0,0,0.0,0.0,,0.0,normalDay
2020-11-18,5665.0,366.0,0.0,0,356.28,0.0,1,3.68,0.02,SPY201120P00307000,307.0,0,0.0,0.0,,0.0,normalDay
2020-11-19,5665.0,367.0,0.0,0,357.78,0.0,1,3.68,0.01,SPY201120P00307000,307.0,0,0.0,0.0,,0.0,normalDay
2020-11-20,6033.0,0.0,368.0,0,355.33,0.0,1,3.68,0.0,SPY201120P00307000,307.0,0,0.0,0.0,,0.0,expirationDay
2020-11-23,6033.0,-3.0,0.0,0,357.46,0.0,1,0.19,0.22,SPY201211P00295000,295.0,0,0.0,0.0,,0.0,normalDay
2020-11-24,6033.0,5.0,0.0,0,363.22,0.0,1,0.19,0.14,SPY201211P00295000,295.0,0,0.0,0.0,,0.0,normalDay
2020-11-25,6033.0,7.0,0.0,0,362.66,0.0,1,0.19,0.12,SPY201211P00295000,295.0,0,0.0,0.0,,0.0,normalDay
2020-11-27,6033.0,10.0,0.0,0,363.67,0.0,1,0.19,0.09,SPY201211P00295000,295.0,0,0.0,0.0,,0.0,normalDay
2020-11-30,6033.0,11.0,0.0,0,362.06,0.0,1,0.19,0.08,SPY201211P00295000,295.0,0,0.0,0.0,,0.0,normalDay
2020-12-01,6033.0,12.0,0.0,0,366.02,0.0,1,0.19,0.07,SPY201211P00295000,295.0,0,0.0,0.0,,0.0,normalDay
2020-12-02,6033.0,14.0,0.0,0,366.79,0.0,1,0.19,0.05,SPY201211P00295000,295.0,0,0.0,0.0,,0.0,normalDay
2020-12-03,6033.0,15.0,0.0,0,366.69,0.0,1,0.19,0.04,SPY201211P00295000,295.0,0,0.0,0.0,,0.0,normalDay
2020-12-04,6033.0,16.0,0.0,0,369.85,0.0,1,0.19,0.03,SPY201211P00295000,295.0,0,0.0,0.0,,0.0,normalDay
2020-12-07,6033.0,18.0,0.0,0,369.09,0.0,1,0.19,0.01,SPY201211P00295000,295.0,0,0.0,0.0,,0.0,normalDay
2020-12-08,6033.0,18.0,0.0,0,370.17,0.0,1,0.19,0.01,SPY201211P00295000,295.0,0,0.0,0.0,,0.0,normalDay
2020-12-09,6033.0,17.0,0.0,0,366.85,0.0,1,0.19,0.02,SPY201211P00295000,295.0,0,0.0,0.0,,0.0,normalDay
2020-12-10,6033.0,18.0,0.0,0,366.73,0.0,1,0.19,0.01,SPY201211P00295000,295.0,0,0.0,0.0,,0.0,normalDay
2020-12-11,6052.0,0.0,19.0,0,366.3,0.0,1,0.19,0.0,SPY201211P00295000,295.0,0,0.0,0.0,,0.0,expirationDay
2020-12-14,6052.0,-6.0,0.0,0,364.66,0.0,1,1.73,1.79,SPY201231P00344000,344.0,0,0.0,0.0,,0.0,normalDay
2020-12-15,6052.0,63.0,0.0,0,369.59,0.0,1,1.73,1.1,SPY201231P00344000,344.0,0,0.0,0.0,,0.0,normalDay
2020-12-16,6052.0,87.0,0.0,0,370.17,0.0,1,1.73,0.86,SPY201231P00344000,344.0,0,0.0,0.0,,0.0,normalDay
2020-12-17,6052.0,110.0,0.0,0,372.24,0.0,1,1.73,0.63,SPY201231P00344000,344.0,0,0.0,0.0,,0.0,normalDay
2020-12-18,6052.0,128.0,0.0,0,369.18,0.0,1,1.73,0.45,SPY201231P00344000,344.0,0,0.0,0.0,,0.0,normalDay
2020-12-21,6052.0,107.0,0.0,0,367.86,0.0,1,1.73,0.66,SPY201231P00344000,344.0,0,0.0,0.0,,0.0,normalDay
2020-12-22,6052.0,125.0,0.0,0,367.24,0.0,1,1.73,0.48,SPY201231P00344000,344.0,0,0.0,0.0,,0.0,normalDay
2020-12-23,6052.0,143.0,0.0,0,367.57,0.0,1,1.73,0.3,SPY201231P00344000,344.0,0,0.0,0.0,,0.0,normalDay
2020-12-24,6052.0,161.0,0.0,0,369.0,0.0,1,1.73,0.12,SPY201231P00344000,344.0,0,0.0,0.0,,0.0,normalDay
2020-12-28,6052.0,169.0,0.0,0,372.17,0.0,1,1.73,0.04,SPY201231P00344000,344.0,0,0.0,0.0,,0.0,normalDay
2020-12-29,6052.0,169.0,0.0,0,371.46,0.0,1,1.73,0.04,SPY201231P00344000,344.0,0,0.0,0.0,,0.0,normalDay
2020-12-30,6052.0,171.0,0.0,0,371.99,0.0,1,1.73,0.02,SPY201231P00344000,344.0,0,0.0,0.0,,0.0,normalDay
2020-12-31,6225.0,0.0,173.0,0,373.88,0.0,1,1.73,0.0,SPY201231P00344000,344.0,0,0.0,0.0,,0.0,expirationDay
2021-01-04,6225.0,-6.0,0.0,0,368.79,0.0,1,3.9,3.96,SPY210122P00359000,359.0,0,0.0,0.0,,0.0,normalDay
2021-01-05,6225.0,86.0,0.0,0,371.33,0.0,1,3.9,3.04,SPY210122P00359000,359.0,0,0.0,0.0,,0.0,normalDay
2021-01-06,6225.0,125.0,0.0,0,373.55,0.0,1,3.9,2.65,SPY210122P00359000,359.0,0,0.0,0.0,,0.0,normalDay
2021-01-07,6225.0,266.0,0.0,0,379.1,0.0,1,3.9,1.24,SPY210122P00359000,359.0,0,0.0,0.0,,0.0,normalDay
2021-01-08,6225.0,300.0,0.0,0,381.26,0.0,1,3.9,0.9,SPY210122P00359000,359.0,0,0.0,0.0,,0.0,normalDay
2021-01-11,6225.0,283.0,0.0,0,378.69,0.0,1,3.9,1.07,SPY210122P00359000,359.0,0,0.0,0.0,,0.0,normalDay
2021-01-12,6225.0,303.0,0.0,0,378.77,0.0,1,3.9,0.87,SPY210122P00359000,359.0,0,0.0,0.0,,0.0,normalDay
2021-01-13,6225.0,336.0,0.0,0,379.79,0.0,1,3.9,0.54,SPY210122P00359000,359.0,0,0.0,0.0,,0.0,normalDay
2021-01-14,6225.0,326.0,0.0,0,378.46,0.0,1,3.9,0.64,SPY210122P00359000,359.0,0,0.0,0.0,,0.0,normalDay
2021-01-15,6225.0,321.0,0.0,0,375.7,0.0,1,3.9,0.69,SPY210122P00359000,359.0,0,0.0,0.0,,0.0,normalDay
2021-01-19,6225.0,376.0,0.0,0,378.65,0.0,1,3.9,0.14,SPY210122P00359000,359.0,0,0.0,0.0,,0.0,normalDay
2021-01-20,6225.0,385.0,0.0,0,383.89,0.0,1,3.9,0.05,SPY210122P00359000,359.0,0,0.0,0.0,,0.0,normalDay
2021-01-21,6225.0,388.0,0.0,0,384.24,0.0,1,3.9,0.02,SPY210122P00359000,359.0,0,0.0,0.0,,0.0,normalDay
2021-01-22,6615.0,0.0,390.0,0,382.88,0.0,1,3.9,0.0,SPY210122P00359000,359.0,0,0.0,0.0,,0.0,expirationDay
2021-01-25,6615.0,-5.0,0.0,0,384.39,0.0,1,1.09,1.14,SPY210212P00354000,354.0,0,0.0,0.0,,0.0,normalDay
2021-01-26,6615.0,9.0,0.0,0,383.79,0.0,1,1.09,1.0,SPY210212P00354000,354.0,0,0.0,0.0,,0.0,normalDay
2021-01-27,6615.0,-262.0,0.0,0,374.41,0.0,1,1.09,3.71,SPY210212P00354000,354.0,0,0.0,0.0,,0.0,normalDay
2021-01-28,6615.0,-127.0,0.0,0,377.63,0.0,1,1.09,2.36,SPY210212P00354000,354.0,0,0.0,0.0,,0.0,normalDay
2021-01-29,6615.0,-320.0,0.0,0,370.07,0.0,1,1.09,4.29,SPY210212P00354000,354.0,0,0.0,0.0,,0.0,normalDay
2021-02-01,6615.0,-73.0,0.0,0,376.23,0.0,1,1.09,1.82,SPY210212P00354000,354.0,0,0.0,0.0,,0.0,normalDay
2021-02-02,6615.0,42.0,0.0,0,381.55,0.0,1,1.09,0.67,SPY210212P00354000,354.0,0,0.0,0.0,,0.0,normalDay
2021-02-03,6615.0,72.0,0.0,0,381.85,0.0,1,1.09,0.37,SPY210212P00354000,354.0,0,0.0,0.0,,0.0,normalDay
2021-02-04,6615.0,91.0,0.0,0,386.19,0.0,1,1.09,0.18,SPY210212P00354000,354.0,0,0.0,0.0,,0.0,normalDay
2021-02-05,6615.0,102.0,0.0,0,387.71,0.0,1,1.09,0.07,SPY210212P00354000,354.0,0,0.0,0.0,,0.0,normalDay
2021-02-08,6615.0,105.0,0.0,0,390.51,0.0,1,1.09,0.04,SPY210212P00354000,354.0,0,0.0,0.0,,0.0,normalDay
2021-02-09,6615.0,106.0,0.0,0,390.25,0.0,1,1.09,0.03,SPY210212P00354000,354.0,0,0.0,0.0,,0.0,normalDay
2021-02-10,6615.0,106.0,0.0,0,390.08,0.0,1,1.09,0.03,SPY210212P00354000,354.0,0,0.0,0.0,,0.0,normalDay
2021-02-11,6615.0,108.0,0.0,0,390.71,0.0,1,1.09,0.01,SPY210212P00354000,354.0,0,0.0,0.0,,0.0,normalDay
2021-02-12,6724.0,0.0,109.0,0,392.64,0.0,1,1.09,0.0,SPY210212P00354000,354.0,0,0.0,0.0,,0.0,expirationDay
2021-02-16,6724.0,-4.0,0.0,0,392.3,0.0,1,0.65,0.69,SPY210305P00356000,356.0,0,0.0,0.0,,0.0,normalDay
2021-02-17,6724.0,7.0,0.0,0,392.39,0.0,1,0.65,0.58,SPY210305P00356000,356.0,0,0.0,0.0,,0.0,normalDay
2021-02-18,6724.0,-1.0,0.0,0,390.72,0.0,1,0.65,0.66,SPY210305P00356000,356.0,0,0.0,0.0,,0.0,normalDay
2021-02-19,6724.0,12.0,0.0,0,390.03,0.0,1,0.65,0.53,SPY210305P00356000,356.0,0,0.0,0.0,,0.0,normalDay
2021-02-22,6724.0,12.0,0.0,0,387.03,0.0,1,0.65,0.53,SPY210305P00356000,356.0,0,0.0,0.0,,0.0,normalDay
2021-02-23,6724.0,20.0,0.0,0,387.5,0.0,1,0.65,0.45,SPY210305P00356000,356.0,0,0.0,0.0,,0.0,normalDay
2021-02-24,6724.0,43.0,0.0,0,391.77,0.0,1,0.65,0.22,SPY210305P00356000,356.0,0,0.0,0.0,,0.0,normalDay
2021-02-25,6724.0,-51.0,0.0,0,382.33,0.0,1,0.65,1.16,SPY210305P00356000,356.0,0,0.0,0.0,,0.0,normalDay
2021-02-26,6724.0,-12.0,0.0,0,380.36,0.0,1,0.65,0.77,SPY210305P00356000,356.0,0,0.0,0.0,,0.0,normalDay
2021-03-01,6724.0,50.0,0.0,0,389.58,0.0,1,0.65,0.15,SPY210305P00356000,356.0,0,0.0,0.0,,0.0,normalDay
2021-03-02,6724.0,55.0,0.0,0,386.54,0.0,1,0.65,0.1,SPY210305P00356000,356.0,0,0.0,0.0,,0.0,normalDay
2021-03-03,6724.0,58.0,0.0,0,381.42,0.0,1,0.65,0.07,SPY210305P00356000,356.0,0,0.0,0.0,,0.0,normalDay
2021-03-04,6724.0,59.0,0.0,0,376.7,0.0,1,0.65,0.06,SPY210305P00356000,356.0,0,0.0,0.0,,0.0,normalDay
2021-03-05,6789.0,0.0,65.0,0,383.63,0.0,1,0.65,0.0,SPY210305P00356000,356.0,0,0.0,0.0,,0.0,expirationDay
2021-03-08,6789.0,-8.0,0.0,0,381.72,0.0,1,3.74,3.82,SPY210326P00367000,367.0,0,0.0,0.0,,0.0,normalDay
2021-03-09,6789.0,130.0,0.0,0,387.17,0.0,1,3.74,2.44,SPY210326P00367000,367.0,0,0.0,0.0,,0.0,normalDay
2021-03-10,6789.0,211.0,0.0,0,389.58,0.0,1,3.74,1.63,SPY210326P00367000,367.0,0,0.0,0.0,,0.0,normalDay
2021-03-11,6789.0,260.0,0.0,0,393.53,0.0,1,3.74,1.14,SPY210326P00367000,367.0,0,0.0,0.0,,0.0,normalDay
2021-03-12,6789.0,304.0,0.0,0,394.06,0.0,1,3.74,0.7,SPY210326P00367000,367.0,0,0.0,0.0,,0.0,normalDay
2021-03-15,6789.0,332.0,0.0,0,396.41,0.0,1,3.74,0.42,SPY210326P00367000,367.0,0,0.0,0.0,,0.0,normalDay
2021-03-16,6789.0,333.0,0.0,0,395.91,0.0,1,3.74,0.41,SPY210326P00367000,367.0,0,0.0,0.0,,0.0,normalDay
2021-03-17,6789.0,351.0,0.0,0,397.26,0.0,1,3.74,0.23,SPY210326P00367000,367.0,0,0.0,0.0,,0.0,normalDay
2021-03-18,6789.0,325.0,0.0,0,391.48,0.0,1,3.74,0.49,SPY210326P00367000,367.0,0,0.0,0.0,,0.0,normalDay
2021-03-19,6789.0,344.0,0.0,0,389.48,0.0,1,3.74,0.3,SPY210326P00367000,367.0,0,0.0,0.0,,0.0,normalDay
2021-03-22,6789.0,369.0,0.0,0,392.59,0.0,1,3.74,0.05,SPY210326P00367000,367.0,0,0.0,0.0,,0.0,normalDay
2021-03-23,6789.0,366.0,0.0,0,389.5,0.0,1,3.74,0.08,SPY210326P00367000,367.0,0,0.0,0.0,,0.0,normalDay
2021-03-24,6789.0,368.0,0.0,0,387.52,0.0,1,3.74,0.06,SPY210326P00367000,367.0,0,0.0,0.0,,0.0,normalDay
2021-03-25,6789.0,372.0,0.0,0,389.7,0.0,1,3.74,0.02,SPY210326P00367000,367.0,0,0.0,0.0,,0.0,normalDay
2021-03-26,7163.0,0.0,374.0,0,395.98,0.0,1,3.74,0.0,SPY210326P00367000,367.0,0,0.0,0.0,,0.0,expirationDay
2021-03-29,7163.0,-4.0,0.0,0,395.78,0.0,1,0.94,0.98,SPY210416P00365000,365.0,0,0.0,0.0,,0.0,normalDay
2021-03-30,7163.0,18.0,0.0,0,394.73,0.0,1,0.94,0.76,SPY210416P00365000,365.0,0,0.0,0.0,,0.0,normalDay
2021-03-31,7163.0,39.0,0.0,0,396.33,0.0,1,0.94,0.55,SPY210416P00365000,365.0,0,0.0,0.0,,0.0,normalDay
2021-04-01,7163.0,68.0,0.0,0,400.61,0.0,1,0.94,0.26,SPY210416P00365000,365.0,0,0.0,0.0,,0.0,normalDay
2021-04-05,7163.0,78.0,0.0,0,406.36,0.0,1,0.94,0.16,SPY210416P00365000,365.0,0,0.0,0.0,,0.0,normalDay
2021-04-06,7163.0,78.0,0.0,0,406.12,0.0,1,0.94,0.16,SPY210416P00365000,365.0,0,0.0,0.0,,0.0,normalDay
2021-04-07,7163.0,86.0,0.0,0,406.59,0.0,1,0.94,0.08,SPY210416P00365000,365.0,0,0.0,0.0,,0.0,normalDay
2021-04-08,7163.0,87.0,0.0,0,408.52,0.0,1,0.94,0.07,SPY210416P00365000,365.0,0,0.0,0.0,,0.0,normalDay
2021-04-09,7163.0,90.0,0.0,0,411.49,0.0,1,0.94,0.04,SPY210416P00365000,365.0,0,0.0,0.0,,0.0,normalDay
2021-04-12,7163.0,92.0,0.0,0,411.64,0.0,1,0.94,0.02,SPY210416P00365000,365.0,0,0.0,0.0,,0.0,normalDay
2021-04-13,7163.0,92.0,0.0,0,412.86,0.0,1,0.94,0.02,SPY210416P00365000,365.0,0,0.0,0.0,,0.0,normalDay
2021-04-14,7163.0,92.0,0.0,0,411.45,0.0,1,0.94,0.02,SPY210416P00365000,365.0,0,0.0,0.0,,0.0,normalDay
2021-04-15,7163.0,93.0,0.0,0,415.87,0.0,1,0.94,0.01,SPY210416P00365000,365.0,0,0.0,0.0,,0.0,normalDay
2021-04-16,7257.0,0.0,94.0,0,417.26,0.0,1,0.94,0.0,SPY210416P00365000,365.0,0,0.0,0.0,,0.0,expirationDay
2021-04-19,7257.0,-3.0,0.0,0,415.21,0.0,1,0.16,0.19,SPY210507P00360000,360.0,0,0.0,0.0,,0.0,normalDay
2021-04-20,7257.0,-9.0,0.0,0,412.17,0.0,1,0.16,0.25,SPY210507P00360000,360.0,0,0.0,0.0,,0.0,normalDay
2021-04-21,7257.0,2.0,0.0,0,416.07,0.0,1,0.16,0.14,SPY210507P00360000,360.0,0,0.0,0.0,,0.0,normalDay
2021-04-22,7257.0,-4.0,0.0,0,412.27,0.0,1,0.16,0.2,SPY210507P00360000,360.0,0,0.0,0.0,,0.0,normalDay
2021-04-23,7257.0,6.0,0.0,0,416.74,0.0,1,0.16,0.1,SPY210507P00360000,360.0,0,0.0,0.0,,0.0,normalDay
2021-04-26,7257.0,10.0,0.0,0,417.61,0.0,1,0.16,0.06,SPY210507P00360000,360.0,0,0.0,0.0,,0.0,normalDay
2021-04-27,7257.0,11.0,0.0,0,417.52,0.0,1,0.16,0.05,SPY210507P00360000,360.0,0,0.0,0.0,,0.0,normalDay
2021-04-28,7257.0,12.0,0.0,0,417.4,0.0,1,0.16,0.04,SPY210507P00360000,360.0,0,0.0,0.0,,0.0,normalDay
2021-04-29,7257.0,12.0,0.0,0,420.06,0.0,1,0.16,0.04,SPY210507P00360000,360.0,0,0.0,0.0,,0.0,normalDay
2021-04-30,7257.0,10.0,0.0,0,417.3,0.0,1,0.16,0.06,SPY210507P00360000,360.0,0,0.0,0.0,,0.0,normalDay
2021-05-03,7257.0,13.0,0.0,0,418.2,0.0,1,0.16,0.03,SPY210507P00360000,360.0,0,0.0,0.0,,0.0,normalDay
2021-05-04,7257.0,13.0,0.0,0,415.62,0.0,1,0.16,0.03,SPY210507P00360000,360.0,0,0.0,0.0,,0.0,normalDay
2021-05-05,7257.0,14.0,0.0,0,415.75,0.0,1,0.16,0.02,SPY210507P00360000,360.0,0,0.0,0.0,,0.0,normalDay
2021-05-06,7257.0,15.0,0.0,0,419.07,0.0,1,0.16,0.01,SPY210507P00360000,360.0,0,0.0,0.0,,0.0,normalDay
2021-05-07,7273.0,0.0,16.0,0,422.12,0.0,1,0.16,0.0,SPY210507P00360000,360.0,0,0.0,0.0,,0.0,expirationDay
2021-05-10,7273.0,-4.0,0.0,0,417.94,0.0,1,2.74,2.78,SPY210528P00405000,405.0,0,0.0,0.0,,0.0,normalDay
2021-05-11,7273.0,-109.0,0.0,0,414.21,0.0,1,2.74,3.83,SPY210528P00405000,405.0,0,0.0,0.0,,0.0,normalDay
2021-05-12,7273.0,-516.0,0.0,0,405.41,0.0,1,2.74,7.9,SPY210528P00405000,405.0,0,0.0,0.0,,0.0,normalDay
2021-05-13,7273.0,-222.0,0.0,0,410.28,0.0,1,2.74,4.96,SPY210528P00405000,405.0,0,0.0,0.0,,0.0,normalDay
2021-05-14,7273.0,68.0,0.0,0,416.58,0.0,1,2.74,2.06,SPY210528P00405000,405.0,0,0.0,0.0,,0.0,normalDay
2021-05-17,7273.0,77.0,0.0,0,415.52,0.0,1,2.74,1.97,SPY210528P00405000,405.0,0,0.0,0.0,,0.0,normalDay
2021-05-18,7273.0,-9.0,0.0,0,411.94,0.0,1,2.74,2.83,SPY210528P00405000,405.0,0,0.0,0.0,,0.0,normalDay
2021-05-19,7273.0,-16.0,0.0,0,410.86,0.0,1,2.74,2.9,SPY210528P00405000,405.0,0,0.0,0.0,,0.0,normalDay
2021-05-20,7273.0,122.0,0.0,0,415.28,0.0,1,2.74,1.52,SPY210528P00405000,405.0,0,0.0,0.0,,0.0,normalDay
2021-05-21,7273.0,160.0,0.0,0,414.94,0.0,1,2.74,1.14,SPY210528P00405000,405.0,0,0.0,0.0,,0.0,normalDay
2021-05-24,7273.0,253.0,0.0,0,419.17,0.0,1,2.74,0.21,SPY210528P00405000,405.0,0,0.0,0.0,,0.0,normalDay
2021-05-25,7273.0,254.0,0.0,0,418.24,0.0,1,2.74,0.2,SPY210528P00405000,405.0,0,0.0,0.0,,0.0,normalDay
2021-05-26,7273.0,265.0,0.0,0,419.07,0.0,1,2.74,0.09,SPY210528P00405000,405.0,0,0.0,0.0,,0.0,normalDay
2021-05-27,7273.0,270.0,0.0,0,419.29,0.0,1,2.74,0.04,SPY210528P00405000,405.0,0,0.0,0.0,,0.0,normalDay
2021-05-28,7547.0,0.0,274.0,0,420.04,0.0,1,2.74,0.0,SPY210528P00405000,405.0,0,0.0,0.0,,0.0,expirationDay
2021-06-01,7547.0,-3.0,0.0,0,419.67,0.0,1,1.24,1.27,SPY210618P00398000,398.0,0,0.0,0.0,,0.0,normalDay
2021-06-02,7547.0,25.0,0.0,0,420.33,0.0,1,1.24,0.99,SPY210618P00398000,398.0,0,0.0,0.0,,0.0,normalDay
2021-06-03,7547.0,16.0,0.0,0,418.77,0.0,1,1.24,1.08,SPY210618P00398000,398.0,0,0.0,0.0,,0.0,normalDay
2021-06-04,7547.0,66.0,0.0,0,422.6,0.0,1,1.24,0.58,SPY210618P00398000,398.0,0,0.0,0.0,,0.0,normalDay
2021-06-07,7547.0,83.0,0.0,0,422.19,0.0,1,1.24,0.41,SPY210618P00398000,398.0,0,0.0,0.0,,0.0,normalDay
2021-06-08,7547.0,77.0,0.0,0,422.28,0.0,1,1.24,0.47,SPY210618P00398000,398.0,0,0.0,0.0,,0.0,normalDay
2021-06-09,7547.0,68.0,0.0,0,421.65,0.0,1,1.24,0.56,SPY210618P00398000,398.0,0,0.0,0.0,,0.0,normalDay
2021-06-10,7547.0,97.0,0.0,0,423.61,0.0,1,1.24,0.27,SPY210618P00398000,398.0,0,0.0,0.0,,0.0,normalDay
2021-06-11,7547.0,103.0,0.0,0,424.31,0.0,1,1.24,0.21,SPY210618P00398000,398.0,0,0.0,0.0,,0.0,normalDay
2021-06-14,7547.0,112.0,0.0,0,425.26,0.0,1,1.24,0.12,SPY210618P00398000,398.0,0,0.0,0.0,,0.0,normalDay
2021-06-15,7547.0,109.0,0.0,0,424.48,0.0,1,1.24,0.15,SPY210618P00398000,398.0,0,0.0,0.0,,0.0,normalDay
2021-06-16,7547.0,104.0,0.0,0,422.11,0.0,1,1.24,0.2,SPY210618P00398000,398.0,0,0.0,0.0,,0.0,normalDay
2021-06-17,7547.0,115.0,0.0,0,421.97,0.0,1,1.24,0.09,SPY210618P00398000,398.0,0,0.0,0.0,,0.0,normalDay
2021-06-18,7671.0,0.0,124.0,0,414.92,0.0,1,1.24,0.0,SPY210618P00398000,398.0,0,0.0,0.0,,0.0,expirationDay
2021-06-21,7671.0,-4.0,0.0,0,420.86,0.0,1,2.12,2.16,SPY210709P00410000,410.0,0,0.0,0.0,,0.0,normalDay
2021-06-22,7671.0,62.0,0.0,0,423.11,0.0,1,2.12,1.5,SPY210709P00410000,410.0,0,0.0,0.0,,0.0,normalDay
2021-06-23,7671.0,79.0,0.0,0,422.6,0.0,1,2.12,1.33,SPY210709P00410000,410.0,0,0.0,0.0,,0.0,normalDay
2021-06-24,7671.0,121.0,0.0,0,425.1,0.0,1,2.12,0.91,SPY210709P00410000,410.0,0,0.0,0.0,,0.0,normalDay
2021-06-25,7671.0,148.0,0.0,0,426.61,0.0,1,2.12,0.64,SPY210709P00410000,410.0,0,0.0,0.0,,0.0,normalDay
2021-06-28,7671.0,169.0,0.0,0,427.47,0.0,1,2.12,0.43,SPY210709P00410000,410.0,0,0.0,0.0,,0.0,normalDay
2021-06-29,7671.0,174.0,0.0,0,427.7,0.0,1,2.12,0.38,SPY210709P00410000,410.0,0,0.0,0.0,,0.0,normalDay
2021-06-30,7671.0,187.0,0.0,0,428.06,0.0,1,2.12,0.25,SPY210709P00410000,410.0,0,0.0,0.0,,0.0,normalDay
2021-07-01,7671.0,193.0,0.0,0,430.43,0.0,1,2.12,0.19,SPY210709P00410000,410.0,0,0.0,0.0,,0.0,normalDay
2021-07-02,7671.0,205.0,0.0,0,433.72,0.0,1,2.12,0.07,SPY210709P00410000,410.0,0,0.0,0.0,,0.0,normalDay
2021-07-06,7671.0,208.0,0.0,0,432.93,0.0,1,2.12,0.04,SPY210709P00410000,410.0,0,0.0,0.0,,0.0,normalDay
2021-07-07,7671.0,210.0,0.0,0,434.46,0.0,1,2.12,0.02,SPY210709P00410000,410.0,0,0.0,0.0,,0.0,normalDay
2021-07-08,7671.0,210.0,0.0,0,430.92,0.0,1,2.12,0.02,SPY210709P00410000,410.0,0,0.0,0.0,,0.0,normalDay
2021-07-09,7883.0,0.0,212.0,0,435.52,0.0,1,2.12,0.0,SPY210709P00410000,410.0,0,0.0,0.0,,0.0,expirationDay
2021-07-12,7883.0,-3.0,0.0,0,437.08,0.0,1,0.51,0.54,SPY210730P00402000,402.0,0,0.0,0.0,,0.0,normalDay
2021-07-13,7883.0,-12.0,0.0,0,435.59,0.0,1,0.51,0.63,SPY210730P00402000,402.0,0,0.0,0.0,,0.0,normalDay
2021-07-14,7883.0,8.0,0.0,0,436.24,0.0,1,0.51,0.43,SPY210730P00402000,402.0,0,0.0,0.0,,0.0,normalDay
2021-07-15,7883.0,3.0,0.0,0,434.75,0.0,1,0.51,0.48,SPY210730P00402000,402.0,0,0.0,0.0,,0.0,normalDay
2021-07-16,7883.0,-14.0,0.0,0,431.34,0.0,1,0.51,0.65,SPY210730P00402000,402.0,0,0.0,0.0,,0.0,normalDay
2021-07-19,7883.0,-71.0,0.0,0,424.97,0.0,1,0.51,1.22,SPY210730P00402000,402.0,0,0.0,0.0,,0.0,normalDay
2021-07-20,7883.0,1.0,0.0,0,431.06,0.0,1,0.51,0.5,SPY210730P00402000,402.0,0,0.0,0.0,,0.0,normalDay
2021-07-21,7883.0,33.0,0.0,0,434.55,0.0,1,0.51,0.18,SPY210730P00402000,402.0,0,0.0,0.0,,0.0,normalDay
2021-07-22,7883.0,38.0,0.0,0,435.46,0.0,1,0.51,0.13,SPY210730P00402000,402.0,0,0.0,0.0,,0.0,normalDay
2021-07-23,7883.0,46.0,0.0,0,439.94,0.0,1,0.51,0.05,SPY210730P00402000,402.0,0,0.0,0.0,,0.0,normalDay
2021-07-26,7883.0,48.0,0.0,0,441.02,0.0,1,0.51,0.03,SPY210730P00402000,402.0,0,0.0,0.0,,0.0,normalDay
2021-07-27,7883.0,46.0,0.0,0,439.01,0.0,1,0.51,0.05,SPY210730P00402000,402.0,0,0.0,0.0,,0.0,normalDay
2021-07-28,7883.0,49.0,0.0,0,438.83,0.0,1,0.51,0.02,SPY210730P00402000,402.0,0,0.0,0.0,,0.0,normalDay
2021-07-29,7883.0,50.0,0.0,0,440.65,0.0,1,0.51,0.01,SPY210730P00402000,402.0,0,0.0,0.0,,0.0,normalDay
2021-07-30,7934.0,0.0,51.0,0,438.51,0.0,1,0.51,0.0,SPY210730P00402000,402.0,0,0.0,0.0,,0.0,expirationDay
2021-08-02,7934.0,-3.0,0.0,0,437.59,0.0,1,1.69,1.72,SPY210820P00418000,418.0,0,0.0,0.0,,0.0,normalDay
2021-08-03,7934.0,67.0,0.0,0,441.15,0.0,1,1.69,1.02,SPY210820P00418000,418.0,0,0.0,0.0,,0.0,normalDay
2021-08-04,7934.0,64.0,0.0,0,438.98,0.0,1,1.69,1.05,SPY210820P00418000,418.0,0,0.0,0.0,,0.0,normalDay
2021-08-05,7934.0,95.0,0.0,0,441.76,0.0,1,1.69,0.74,SPY210820P00418000,418.0,0,0.0,0.0,,0.0,normalDay
2021-08-06,7934.0,126.0,0.0,0,442.49,0.0,1,1.69,0.43,SPY210820P00418000,418.0,0,0.0,0.0,,0.0,normalDay
2021-08-09,7934.0,132.0,0.0,0,442.13,0.0,1,1.69,0.37,SPY210820P00418000,418.0,0,0.0,0.0,,0.0,normalDay
2021-08-10,7934.0,133.0,0.0,0,442.68,0.0,1,1.69,0.36,SPY210820P00418000,418.0,0,0.0,0.0,,0.0,normalDay
2021-08-11,7934.0,150.0,0.0,0,443.78,0.0,1,1.69,0.19,SPY210820P00418000,418.0,0,0.0,0.0,,0.0,normalDay
2021-08-12,7934.0,154.0,0.0,0,445.11,0.0,1,1.69,0.15,SPY210820P00418000,418.0,0,0.0,0.0,,0.0,normalDay
2021-08-13,7934.0,157.0,0.0,0,445.92,0.0,1,1.69,0.12,SPY210820P00418000,418.0,0,0.0,0.0,,0.0,normalDay
2021-08-16,7934.0,161.0,0.0,0,446.97,0.0,1,1.69,0.08,SPY210820P00418000,418.0,0,0.0,0.0,,0.0,normalDay
2021-08-17,7934.0,158.0,0.0,0,444.04,0.0,1,1.69,0.11,SPY210820P00418000,418.0,0,0.0,0.0,,0.0,normalDay
2021-08-18,7934.0,142.0,0.0,0,439.18,0.0,1,1.69,0.27,SPY210820P00418000,418.0,0,0.0,0.0,,0.0,normalDay
2021-08-19,7934.0,162.0,0.0,0,439.86,0.0,1,1.69,0.07,SPY210820P00418000,418.0,0,0.0,0.0,,0.0,normalDay
2021-08-20,8103.0,0.0,169.0,0,443.36,0.0,1,1.69,0.0,SPY210820P00418000,418.0,0,0.0,0.0,,0.0,expirationDay
2021-08-23,8103.0,-3.0,0.0,0,447.26,0.0,1,1.29,1.32,SPY210910P00429000,429.0,0,0.0,0.0,,0.0,normalDay
2021-08-24,8103.0,10.0,0.0,0,447.97,0.0,1,1.29,1.19,SPY210910P00429000,429.0,0,0.0,0.0,,0.0,normalDay
2021-08-25,8103.0,34.0,0.0,0,448.91,0.0,1,1.29,0.95,SPY210910P00429000,429.0,0,0.0,0.0,,0.0,normalDay
2021-08-26,8103.0,-19.0,0.0,0,446.26,0.0,1,1.29,1.48,SPY210910P00429000,429.0,0,0.0,0.0,,0.0,normalDay
2021-08-27,8103.0,66.0,0.0,0,450.25,0.0,1,1.29,0.63,SPY210910P00429000,429.0,0,0.0,0.0,,0.0,normalDay
2021-08-30,8103.0,95.0,0.0,0,452.23,0.0,1,1.29,0.34,SPY210910P00429000,429.0,0,0.0,0.0,,0.0,normalDay
2021-08-31,8103.0,93.0,0.0,0,451.56,0.0,1,1.29,0.36,SPY210910P00429000,429.0,0,0.0,0.0,,0.0,normalDay
2021-09-01,8103.0,105.0,0.0,0,451.8,0.0,1,1.29,0.24,SPY210910P00429000,429.0,0,0.0,0.0,,0.0,normalDay
2021-09-02,8103.0,105.0,0.0,0,453.19,0.0,1,1.29,0.24,SPY210910P00429000,429.0,0,0.0,0.0,,0.0,normalDay
2021-09-03,8103.0,114.0,0.0,0,453.08,0.0,1,1.29,0.15,SPY210910P00429000,429.0,0,0.0,0.0,,0.0,normalDay
2021-09-07,8103.0,121.0,0.0,0,451.46,0.0,1,1.29,0.08,SPY210910P00429000,429.0,0,0.0,0.0,,0.0,normalDay
2021-09-08,8103.0,124.0,0.0,0,450.91,0.0,1,1.29,0.05,SPY210910P00429000,429.0,0,0.0,0.0,,0.0,normalDay
2021-09-09,8103.0,126.0,0.0,0,448.98,0.0,1,1.29,0.03,SPY210910P00429000,429.0,0,0.0,0.0,,0.0,normalDay
2021-09-10,8232.0,0.0,129.0,0,445.44,0.0,1,1.29,0.0,SPY210910P00429000,429.0,0,0.0,0.0,,0.0,expirationDay
2021-09-13,8232.0,-4.0,0.0,0,446.58,0.0,1,2.49,2.53,SPY211001P00430000,430.0,0,0.0,0.0,,0.0,normalDay
2021-09-14,8232.0,-32.0,0.0,0,444.17,0.0,1,2.49,2.81,SPY211001P00430000,430.0,0,0.0,0.0,,0.0,normalDay
2021-09-15,8232.0,79.0,0.0,0,447.88,0.0,1,2.49,1.7,SPY211001P00430000,430.0,0,0.0,0.0,,0.0,normalDay
2021-09-16,8232.0,74.0,0.0,0,447.17,0.0,1,2.49,1.75,SPY211001P00430000,430.0,0,0.0,0.0,,0.0,normalDay
2021-09-17,8232.0,-15.0,0.0,0,441.4,0.0,1,2.49,2.64,SPY211001P00430000,430.0,0,0.0,0.0,,0.0,normalDay
2021-09-20,8232.0,-277.0,0.0,0,434.04,0.0,1,2.49,5.26,SPY211001P00430000,430.0,0,0.0,0.0,,0.0,normalDay
2021-09-21,8232.0,-236.0,0.0,0,433.63,0.0,1,2.49,4.85,SPY211001P00430000,430.0,0,0.0,0.0,,0.0,normalDay
2021-09-22,8232.0,13.0,0.0,0,437.86,0.0,1,2.49,2.36,SPY211001P00430000,430.0,0,0.0,0.0,,0.0,normalDay
2021-09-23,8232.0,150.0,0.0,0,443.18,0.0,1,2.49,0.99,SPY211001P00430000,430.0,0,0.0,0.0,,0.0,normalDay
2021-09-24,8232.0,187.0,0.0,0,443.91,0.0,1,2.49,0.62,SPY211001P00430000,430.0,0,0.0,0.0,,0.0,normalDay
2021-09-27,8232.0,206.0,0.0,0,442.64,0.0,1,2.49,0.43,SPY211001P00430000,430.0,0,0.0,0.0,,0.0,normalDay
2021-09-28,8232.0,24.0,0.0,0,433.72,0.0,1,2.49,2.25,SPY211001P00430000,430.0,0,0.0,0.0,,0.0,normalDay
2021-09-29,8232.0,119.0,0.0,0,434.45,0.0,1,2.49,1.3,SPY211001P00430000,430.0,0,0.0,0.0,,0.0,normalDay
2021-09-30,8232.0,29.0,0.0,0,429.14,0.0,1,2.49,2.2,SPY211001P00430000,430.0,0,0.0,0.0,,0.0,normalDay
2021-10-01,8481.0,0.0,249.0,0,434.24,0.0,1,2.49,0.0,SPY211001P00430000,430.0,0,0.0,0.0,,0.0,expirationDay
2021-10-04,8481.0,-6.0,0.0,0,428.64,0.0,1,2.74,2.8,SPY211022P00409000,409.0,0,0.0,0.0,,0.0,normalDay
2021-10-05,8481.0,97.0,0.0,0,433.1,0.0,1,2.74,1.77,SPY211022P00409000,409.0,0,0.0,0.0,,0.0,normalDay
2021-10-06,8481.0,133.0,0.0,0,434.9,0.0,1,2.74,1.41,SPY211022P00409000,409.0,0,0.0,0.0,,0.0,normalDay
2021-10-07,8481.0,189.0,0.0,0,438.66,0.0,1,2.74,0.85,SPY211022P00409000,409.0,0,0.0,0.0,,0.0,normalDay
2021-10-08,8481.0,205.0,0.0,0,437.86,0.0,1,2.74,0.69,SPY211022P00409000,409.0,0,0.0,0.0,,0.0,normalDay
2021-10-11,8481.0,196.0,0.0,0,434.69,0.0,1,2.74,0.78,SPY211022P00409000,409.0,0,0.0,0.0,,0.0,normalDay
2021-10-12,8481.0,204.0,0.0,0,433.62,0.0,1,2.74,0.7,SPY211022P00409000,409.0,0,0.0,0.0,,0.0,normalDay
2021-10-13,8481.0,241.0,0.0,0,435.18,0.0,1,2.74,0.33,SPY211022P00409000,409.0,0,0.0,0.0,,0.0,normalDay
2021-10-14,8481.0,258.0,0.0,0,442.5,0.0,1,2.74,0.16,SPY211022P00409000,409.0,0,0.0,0.0,,0.0,normalDay
2021-10-15,8481.0,265.0,0.0,0,445.87,0.0,1,2.74,0.09,SPY211022P00409000,409.0,0,0.0,0.0,,0.0,normalDay
2021-10-18,8481.0,270.0,0.0,0,447.19,0.0,1,2.74,0.04,SPY211022P00409000,409.0,0,0.0,0.0,,0.0,normalDay
2021-10-19,8481.0,272.0,0.0,0,450.64,0.0,1,2.74,0.02,SPY211022P00409000,409.0,0,0.0,0.0,,0.0,normalDay
2021-10-20,8481.0,272.0,0.0,0,452.41,0.0,1,2.74,0.02,SPY211022P00409000,409.0,0,0.0,0.0,,0.0,normalDay
2021-10-21,8481.0,273.0,0.0,0,453.59,0.0,1,2.74,0.01,SPY211022P00409000,409.0,0,0.0,0.0,,0.0,normalDay
2021-10-22,8755.0,0.0,274.0,0,453.12,0.0,1,2.74,0.0,SPY211022P00409000,409.0,0,0.0,0.0,,0.0,expirationDay
2021-10-25,8755.0,-3.0,0.0,0,455.55,0.0,1,0.19,0.22,SPY211112P00402000,402.0,0,0.0,0.0,,0.0,normalDay
2021-10-26,8755.0,-7.0,0.0,0,455.96,0.0,1,0.19,0.26,SPY211112P00402000,402.0,0,0.0,0.0,,0.0,normalDay
2021-10-27,8755.0,-11.0,0.0,0,453.94,0.0,1,0.19,0.3,SPY211112P00402000,402.0,0,0.0,0.0,,0.0,normalDay
2021-10-28,8755.0,-4.0,0.0,0,458.32,0.0,1,0.19,0.23,SPY211112P00402000,402.0,0,0.0,0.0,,0.0,normalDay
2021-10-29,8755.0,-1.0,0.0,0,459.25,0.0,1,0.19,0.2,SPY211112P00402000,402.0,0,0.0,0.0,,0.0,normalDay
2021-11-01,8755.0,5.0,0.0,0,460.04,0.0,1,0.19,0.14,SPY211112P00402000,402.0,0,0.0,0.0,,0.0,normalDay
2021-11-02,8755.0,7.0,0.0,0,461.9,0.0,1,0.19,0.12,SPY211112P00402000,402.0,0,0.0,0.0,,0.0,normalDay
2021-11-03,8755.0,12.0,0.0,0,464.72,0.0,1,0.19,0.07,SPY211112P00402000,402.0,0,0.0,0.0,,0.0,normalDay
2021-11-04,8755.0,13.0,0.0,0,466.91,0.0,1,0.19,0.06,SPY211112P00402000,402.0,0,0.0,0.0,,0.0,normalDay
2021-11-05,8755.0,16.0,0.0,0,468.53,0.0,1,0.19,0.03,SPY211112P00402000,402.0,0,0.0,0.0,,0.0,normalDay
2021-11-08,8755.0,17.0,0.0,0,468.93,0.0,1,0.19,0.02,SPY211112P00402000,402.0,0,0.0,0.0,,0.0,normalDay
2021-11-09,8755.0,18.0,0.0,0,467.38,0.0,1,0.19,0.01,SPY211112P00402000,402.0,0,0.0,0.0,,0.0,normalDay
2021-11-10,8755.0,18.0,0.0,0,463.62,0.0,1,0.19,0.01,SPY211112P00402000,402.0,0,0.0,0.0,,0.0,normalDay
2021-11-11,8755.0,18.0,0.0,0,463.77,0.0,1,0.19,0.01,SPY211112P00402000,402.0,0,0.0,0.0,,0.0,normalDay
2021-11-12,8774.0,0.0,19.0,0,467.27,0.0,1,0.19,0.0,SPY211112P00402000,402.0,0,0.0,0.0,,0.0,expirationDay
2021-11-15,8774.0,-3.0,0.0,0,467.43,0.0,1,0.55,0.58,SPY211203P00434000,434.0,0,0.0,0.0,,0.0,normalDay
2021-11-16,8774.0,8.0,0.0,0,469.28,0.0,1,0.55,0.47,SPY211203P00434000,434.0,0,0.0,0.0,,0.0,normalDay
2021-11-17,8774.0,7.0,0.0,0,468.14,0.0,1,0.55,0.48,SPY211203P00434000,434.0,0,0.0,0.0,,0.0,normalDay
2021-11-18,8774.0,12.0,0.0,0,469.73,0.0,1,0.55,0.43,SPY211203P00434000,434.0,0,0.0,0.0,,0.0,normalDay
2021-11-19,8774.0,11.0,0.0,0,468.89,0.0,1,0.55,0.44,SPY211203P00434000,434.0,0,0.0,0.0,,0.0,normalDay
2021-11-22,8774.0,12.0,0.0,0,467.57,0.0,1,0.55,0.43,SPY211203P00434000,434.0,0,0.0,0.0,,0.0,normalDay
2021-11-23,8774.0,16.0,0.0,0,468.19,0.0,1,0.55,0.39,SPY211203P00434000,434.0,0,0.0,0.0,,0.0,normalDay
2021-11-24,8774.0,29.0,0.0,0,469.44,0.0,1,0.55,0.26,SPY211203P00434000,434.0,0,0.0,0.0,,0.0,normalDay
2021-11-26,8774.0,-137.0,0.0,0,458.97,0.0,1,0.55,1.92,SPY211203P00434000,434.0,0,0.0,0.0,,0.0,normalDay
2021-11-29,8774.0,37.0,0.0,0,464.6,0.0,1,0.55,0.18,SPY211203P00434000,434.0,0,0.0,0.0,,0.0,normalDay
2021-11-30,8774.0,14.0,0.0,0,455.56,0.0,1,0.55,0.41,SPY211203P00434000,434.0,0,0.0,0.0,,0.0,normalDay
2021-12-01,8774.0,-26.0,0.0,0,450.5,0.0,1,0.55,0.81,SPY211203P00434000,434.0,0,0.0,0.0,,0.0,normalDay
2021-12-02,8774.0,48.0,0.0,0,457.4,0.0,1,0.55,0.07,SPY211203P00434000,434.0,0,0.0,0.0,,0.0,normalDay
2021-12-03,8829.0,0.0,55.0,0,453.42,0.0,1,0.55,0.0,SPY211203P00434000,434.0,0,0.0,0.0,,0.0,expirationDay
2021-12-06,8829.0,-5.0,0.0,0,458.79,0.0,1,3.76,3.81,SPY211223P00438000,438.0,0,0.0,0.0,,0.0,normalDay
2021-12-07,8829.0,225.0,0.0,0,468.28,0.0,1,3.76,1.51,SPY211223P00438000,438.0,0,0.0,0.0,,0.0,normalDay
2021-12-08,8829.0,286.0,0.0,0,469.52,0.0,1,3.76,0.9,SPY211223P00438000,438.0,0,0.0,0.0,,0.0,normalDay
2021-12-09,8829.0,246.0,0.0,0,466.35,0.0,1,3.76,1.3,SPY211223P00438000,438.0,0,0.0,0.0,,0.0,normalDay
2021-12-10,8829.0,319.0,0.0,0,470.74,0.0,1,3.76,0.57,SPY211223P00438000,438.0,0,0.0,0.0,,0.0,normalDay
2021-12-13,8829.0,316.0,0.0,0,466.57,0.0,1,3.76,0.6,SPY211223P00438000,438.0,0,0.0,0.0,,0.0,normalDay
2021-12-14,8829.0,292.0,0.0,0,463.36,0.0,1,3.76,0.84,SPY211223P00438000,438.0,0,0.0,0.0,,0.0,normalDay
2021-12-15,8829.0,350.0,0.0,0,470.6,0.0,1,3.76,0.26,SPY211223P00438000,438.0,0,0.0,0.0,,0.0,normalDay
2021-12-16,8829.0,341.0,0.0,0,466.45,0.0,1,3.76,0.35,SPY211223P00438000,438.0,0,0.0,0.0,,0.0,normalDay
2021-12-17,8829.0,342.0,0.0,0,459.87,0.0,1,3.76,0.34,SPY211223P00438000,438.0,0,0.0,0.0,,0.0,normalDay
2021-12-20,8829.0,352.0,0.0,0,454.98,0.0,1,3.76,0.24,SPY211223P00438000,438.0,0,0.0,0.0,,0.0,normalDay
2021-12-21,8829.0,372.0,0.0,0,463.06,0.0,1,3.76,0.04,SPY211223P00438000,438.0,0,0.0,0.0,,0.0,normalDay
2021-12-22,8829.0,375.0,0.0,0,467.69,0.0,1,3.76,0.01,SPY211223P00438000,438.0,0,0.0,0.0,,0.0,normalDay
2021-12-23,9205.0,0.0,376.0,0,470.6,0.0,1,3.76,0.0,SPY211223P00438000,438.0,0,0.0,0.0,,0.0,expirationDay
2021-12-27,9205.0,-3.0,0.0,0,477.26,0.0,1,0.46,0.49,SPY220114P00433000,433.0,0,0.0,0.0,,0.0,normalDay
2021-12-28,9205.0,-2.0,0.0,0,476.87,0.0,1,0.46,0.48,SPY220114P00433000,433.0,0,0.0,0.0,,0.0,normalDay
2021-12-29,9205.0,11.0,0.0,0,477.48,0.0,1,0.46,0.35,SPY220114P00433000,433.0,0,0.0,0.0,,0.0,normalDay
2021-12-30,9205.0,8.0,0.0,0,476.16,0.0,1,0.46,0.38,SPY220114P00433000,433.0,0,0.0,0.0,,0.0,normalDay
2021-12-31,9205.0,15.0,0.0,0,474.96,0.0,1,0.46,0.31,SPY220114P00433000,433.0,0,0.0,0.0,,0.0,normalDay
2022-01-03,9205.0,30.0,0.0,0,477.71,0.0,1,0.46,0.16,SPY220114P00433000,433.0,0,0.0,0.0,,0.0,normalDay
2022-01-04,9205.0,31.0,0.0,0,477.55,0.0,1,0.46,0.15,SPY220114P00433000,433.0,0,0.0,0.0,,0.0,normalDay
2022-01-05,9205.0,10.0,0.0,0,468.38,0.0,1,0.46,0.36,SPY220114P00433000,433.0,0,0.0,0.0,,0.0,normalDay
2022-01-06,9205.0,25.0,0.0,0,467.94,0.0,1,0.46,0.21,SPY220114P00433000,433.0,0,0.0,0.0,,0.0,normalDay
2022-01-07,9205.0,37.0,0.0,0,466.09,0.0,1,0.46,0.09,SPY220114P00433000,433.0,0,0.0,0.0,,0.0,normalDay
2022-01-10,9205.0,37.0,0.0,0,465.51,0.0,1,0.46,0.09,SPY220114P00433000,433.0,0,0.0,0.0,,0.0,normalDay
2022-01-11,9205.0,42.0,0.0,0,469.75,0.0,1,0.46,0.04,SPY220114P00433000,433.0,0,0.0,0.0,,0.0,normalDay
2022-01-12,9205.0,44.0,0.0,0,471.02,0.0,1,0.46,0.02,SPY220114P00433000,433.0,0,0.0,0.0,,0.0,normalDay
2022-01-13,9205.0,44.0,0.0,0,464.53,0.0,1,0.46,0.02,SPY220114P00433000,433.0,0,0.0,0.0,,0.0,normalDay
2022-01-14,9251.0,0.0,46.0,0,464.72,0.0,1,0.46,0.0,SPY220114P00433000,433.0,0,0.0,0.0,,0.0,expirationDay
2022-01-18,9251.0,-4.0,0.0,0,456.49,0.0,1,3.45,3.49,SPY220204P00439000,439.0,0,0.0,0.0,,0.0,normalDay
2022-01-19,9251.0,-61.0,0.0,0,451.75,0.0,1,3.45,4.06,SPY220204P00439000,439.0,0,0.0,0.0,,0.0,normalDay
2022-01-20,9251.0,-231.0,0.0,0,446.75,0.0,1,3.45,5.76,SPY220204P00439000,439.0,0,0.0,0.0,,0.0,normalDay
2022-01-21,9251.0,-610.0,0.0,0,437.98,0.0,1,3.45,9.55,SPY220204P00439000,439.0,0,0.0,0.0,,0.0,normalDay
2022-01-24,9251.0,-596.0,0.0,0,439.84,0.0,1,3.45,9.41,SPY220204P00439000,439.0,0,0.0,0.0,,0.0,normalDay
2022-01-25,9251.0,-881.0,0.0,0,434.47,0.0,1,3.45,12.26,SPY220204P00439000,439.0,0,0.0,0.0,,0.0,normalDay
2022-01-26,9251.0,-846.0,0.0,0,433.38,0.0,1,3.45,11.91,SPY220204P00439000,439.0,0,0.0,0.0,,0.0,normalDay
2022-01-27,9251.0,-816.0,0.0,0,431.24,0.0,1,3.45,11.61,SPY220204P00439000,439.0,0,0.0,0.0,,0.0,normalDay
2022-01-28,9251.0,-182.0,0.0,0,441.95,0.0,1,3.45,5.27,SPY220204P00439000,439.0,0,0.0,0.0,,0.0,normalDay
2022-01-31,9251.0,167.0,0.0,0,449.91,0.0,1,3.45,1.78,SPY220204P00439000,439.0,0,0.0,0.0,,0.0,normalDay
2022-02-01,9251.0,295.0,0.0,0,452.95,0.0,1,3.45,0.5,SPY220204P00439000,439.0,0,0.0,0.0,,0.0,normalDay
2022-02-02,9251.0,324.0,0.0,0,457.35,0.0,1,3.45,0.21,SPY220204P00439000,439.0,0,0.0,0.0,,0.0,normalDay
2022-02-03,9251.0,318.0,0.0,0,446.6,0.0,1,3.45,0.27,SPY220204P00439000,439.0,0,0.0,0.0,,0.0,normalDay
2022-02-04,9596.0,0.0,345.0,0,448.7,0.0,1,3.45,0.0,SPY220204P00439000,439.0,0,0.0,0.0,,0.0,expirationDay
2022-02-07,9596.0,-3.0,0.0,0,447.26,0.0,1,0.55,0.58,SPY220225P00398000,398.0,0,0.0,0.0,,0.0,normalDay
2022-02-08,9596.0,14.0,0.0,0,450.94,0.0,1,0.55,0.41,SPY220225P00398000,398.0,0,0.0,0.0,,0.0,normalDay
2022-02-09,9596.0,31.0,0.0,0,457.54,0.0,1,0.55,0.24,SPY220225P00398000,398.0,0,0.0,0.0,,0.0,normalDay
2022-02-10,9596.0,0.0,0.0,0,449.32,0.0,1,0.55,0.55,SPY220225P00398000,398.0,0,0.0,0.0,,0.0,normalDay
2022-02-11,9596.0,-50.0,0.0,0,440.46,0.0,1,0.55,1.05,SPY220225P00398000,398.0,0,0.0,0.0,,0.0,normalDay
2022-02-14,9596.0,-21.0,0.0,0,439.02,0.0,1,0.55,0.76,SPY220225P00398000,398.0,0,0.0,0.0,,0.0,normalDay
2022-02-15,9596.0,14.0,0.0,0,446.1,0.0,1,0.55,0.41,SPY220225P00398000,398.0,0,0.0,0.0,,0.0,normalDay
2022-02-16,9596.0,35.0,0.0,0,446.6,0.0,1,0.55,0.2,SPY220225P00398000,398.0,0,0.0,0.0,,0.0,normalDay
2022-02-17,9596.0,8.0,0.0,0,437.06,0.0,1,0.55,0.47,SPY220225P00398000,398.0,0,0.0,0.0,,0.0,normalDay
2022-02-18,9596.0,31.0,0.0,0,434.23,0.0,1,0.55,0.24,SPY220225P00398000,398.0,0,0.0,0.0,,0.0,normalDay
2022-02-22,9596.0,47.0,0.0,0,429.57,0.0,1,0.55,0.08,SPY220225P00398000,398.0,0,0.0,0.0,,0.0,normalDay
2022-02-23,9596.0,43.0,0.0,0,421.95,0.0,1,0.55,0.12,SPY220225P00398000,398.0,0,0.0,0.0,,0.0,normalDay
2022-02-24,9596.0,50.0,0.0,0,428.3,0.0,1,0.55,0.05,SPY220225P00398000,398.0,0,0.0,0.0,,0.0,normalDay
2022-02-25,9651.0,0.0,55.0,0,437.75,0.0,1,0.55,0.0,SPY220225P00398000,398.0,0,0.0,0.0,,0.0,expirationDay
2022-02-28,9651.0,-3.0,0.0,0,436.63,0.0,1,2.55,2.58,SPY220318P00400000,400.0,0,0.0,0.0,,0.0,normalDay
2022-03-01,9651.0,-137.0,0.0,0,429.98,0.0,1,2.55,3.92,SPY220318P00400000,400.0,0,0.0,0.0,,0.0,normalDay
2022-03-02,9651.0,30.0,0.0,0,437.89,0.0,1,2.55,2.25,SPY220318P00400000,400.0,0,0.0,0.0,,0.0,normalDay
2022-03-03,9651.0,28.0,0.0,0,435.71,0.0,1,2.55,2.27,SPY220318P00400000,400.0,0,0.0,0.0,,0.0,normalDay
2022-03-04,9651.0,-6.0,0.0,0,432.17,0.0,1,2.55,2.61,SPY220318P00400000,400.0,0,0.0,0.0,,0.0,normalDay
2022-03-07,9651.0,-222.0,0.0,0,419.43,0.0,1,2.55,4.77,SPY220318P00400000,400.0,0,0.0,0.0,,0.0,normalDay
2022-03-08,9651.0,-219.0,0.0,0,416.25,0.0,1,2.55,4.74,SPY220318P00400000,400.0,0,0.0,0.0,,0.0,normalDay
2022-03-09,9651.0,66.0,0.0,0,427.41,0.0,1,2.55,1.89,SPY220318P00400000,400.0,0,0.0,0.0,,0.0,normalDay
2022-03-10,9651.0,109.0,0.0,0,425.48,0.0,1,2.55,1.46,SPY220318P00400000,400.0,0,0.0,0.0,,0.0,normalDay
2022-03-11,9651.0,91.0,0.0,0,420.07,0.0,1,2.55,1.64,SPY220318P00400000,400.0,0,0.0,0.0,,0.0,normalDay
2022-03-14,9651.0,81.0,0.0,0,417.0,0.0,1,2.55,1.74,SPY220318P00400000,400.0,0,0.0,0.0,,0.0,normalDay
2022-03-15,9651.0,211.0,0.0,0,426.17,0.0,1,2.55,0.44,SPY220318P00400000,400.0,0,0.0,0.0,,0.0,normalDay
2022-03-16,9651.0,245.0,0.0,0,435.62,0.0,1,2.55,0.1,SPY220318P00400000,400.0,0,0.0,0.0,,0.0,normalDay
2022-03-17,9651.0,250.0,0.0,0,441.07,0.0,1,2.55,0.05,SPY220318P00400000,400.0,0,0.0,0.0,,0.0,normalDay
2022-03-18,9906.0,0.0,255.0,0,444.52,0.0,1,2.55,0.0,SPY220318P00400000,400.0,0,0.0,0.0,,0.0,expirationDay
2022-03-21,9906.0,-3.0,0.0,0,444.39,0.0,1,0.61,0.64,SPY220408P00392000,392.0,0,0.0,0.0,,0.0,normalDay
2022-03-22,9906.0,8.0,0.0,0,449.59,0.0,1,0.61,0.53,SPY220408P00392000,392.0,0,0.0,0.0,,0.0,normalDay
2022-03-23,9906.0,5.0,0.0,0,443.8,0.0,1,0.61,0.56,SPY220408P00392000,392.0,0,0.0,0.0,,0.0,normalDay
2022-03-24,9906.0,29.0,0.0,0,450.49,0.0,1,0.61,0.32,SPY220408P00392000,392.0,0,0.0,0.0,,0.0,normalDay
2022-03-25,9906.0,36.0,0.0,0,452.69,0.0,1,0.61,0.25,SPY220408P00392000,392.0,0,0.0,0.0,,0.0,normalDay
2022-03-28,9906.0,49.0,0.0,0,455.91,0.0,1,0.61,0.12,SPY220408P00392000,392.0,0,0.0,0.0,,0.0,normalDay
2022-03-29,9906.0,52.0,0.0,0,461.55,0.0,1,0.61,0.09,SPY220408P00392000,392.0,0,0.0,0.0,,0.0,normalDay
2022-03-30,9906.0,53.0,0.0,0,458.7,0.0,1,0.61,0.08,SPY220408P00392000,392.0,0,0.0,0.0,,0.0,normalDay
2022-03-31,9906.0,50.0,0.0,0,451.64,0.0,1,0.61,0.11,SPY220408P00392000,392.0,0,0.0,0.0,,0.0,normalDay
2022-04-01,9906.0,55.0,0.0,0,452.92,0.0,1,0.61,0.06,SPY220408P00392000,392.0,0,0.0,0.0,,0.0,normalDay
2022-04-04,9906.0,58.0,0.0,0,456.8,0.0,1,0.61,0.03,SPY220408P00392000,392.0,0,0.0,0.0,,0.0,normalDay
2022-04-05,9906.0,58.0,0.0,0,451.03,0.0,1,0.61,0.03,SPY220408P00392000,392.0,0,0.0,0.0,,0.0,normalDay
2022-04-06,9906.0,59.0,0.0,0,446.52,0.0,1,0.61,0.02,SPY220408P00392000,392.0,0,0.0,0.0,,0.0,normalDay
2022-04-07,9906.0,60.0,0.0,0,448.77,0.0,1,0.61,0.01,SPY220408P00392000,392.0,0,0.0,0.0,,0.0,normalDay
2022-04-08,9967.0,0.0,61.0,0,447.57,0.0,1,0.61,0.0,SPY220408P00392000,392.0,0,0.0,0.0,,0.0,expirationDay
2022-04-11,9967.0,-4.0,0.0,0,439.92,0.0,1,1.94,1.98,SPY220429P00412000,412.0,0,0.0,0.0,,0.0,normalDay
2022-04-12,9967.0,-9.0,0.0,0,438.29,0.0,1,1.94,2.03,SPY220429P00412000,412.0,0,0.0,0.0,,0.0,normalDay
2022-04-13,9967.0,97.0,0.0,0,443.31,0.0,1,1.94,0.97,SPY220429P00412000,412.0,0,0.0,0.0,,0.0,normalDay
2022-04-14,9967.0,73.0,0.0,0,437.79,0.0,1,1.94,1.21,SPY220429P00412000,412.0,0,0.0,0.0,,0.0,normalDay
2022-04-18,9967.0,130.0,0.0,0,437.97,0.0,1,1.94,0.64,SPY220429P00412000,412.0,0,0.0,0.0,,0.0,normalDay
2022-04-19,9967.0,149.0,0.0,0,445.04,0.0,1,1.94,0.45,SPY220429P00412000,412.0,0,0.0,0.0,,0.0,normalDay
2022-04-20,9967.0,167.0,0.0,0,444.71,0.0,1,1.94,0.27,SPY220429P00412000,412.0,0,0.0,0.0,,0.0,normalDay
2022-04-21,9967.0,139.0,0.0,0,438.06,0.0,1,1.94,0.55,SPY220429P00412000,412.0,0,0.0,0.0,,0.0,normalDay
2022-04-22,9967.0,-27.0,0.0,0,426.04,0.0,1,1.94,2.21,SPY220429P00412000,412.0,0,0.0,0.0,,0.0,normalDay
2022-04-25,9967.0,104.0,0.0,0,428.51,0.0,1,1.94,0.9,SPY220429P00412000,412.0,0,0.0,0.0,,0.0,normalDay
2022-04-26,9967.0,-244.0,0.0,0,416.1,0.0,1,1.94,4.38,SPY220429P00412000,412.0,0,0.0,0.0,,0.0,normalDay
2022-04-27,9967.0,-22.0,0.0,0,417.27,0.0,1,1.94,2.16,SPY220429P00412000,412.0,0,0.0,0.0,,0.0,normalDay
2022-04-28,9967.0,171.0,0.0,0,427.81,0.0,1,1.94,0.23,SPY220429P00412000,412.0,0,0.0,0.0,,0.0,normalDay
2022-04-29,10161.0,0.0,194.0,0,412.0,0.0,1,1.94,0.0,SPY220429P00412000,412.0,0,0.0,0.0,,0.0,expirationDay
2022-05-02,10161.0,-3.0,0.0,0,414.48,0.0,1,2.35,2.38,SPY220520P00378000,378.0,0,0.0,0.0,,0.0,normalDay
2022-05-03,10161.0,79.0,0.0,0,416.38,0.0,1,2.35,1.56,SPY220520P00378000,378.0,0,0.0,0.0,,0.0,normalDay
2022-05-04,10161.0,176.0,0.0,0,429.06,0.0,1,2.35,0.59,SPY220520P00378000,378.0,0,0.0,0.0,,0.0,normalDay
2022-05-05,10161.0,54.0,0.0,0,413.81,0.0,1,2.35,1.81,SPY220520P00378000,378.0,0,0.0,0.0,,0.0,normalDay
2022-05-06,10161.0,87.0,0.0,0,411.34,0.0,1,2.35,1.48,SPY220520P00378000,378.0,0,0.0,0.0,,0.0,normalDay
2022-05-09,10161.0,-74.0,0.0,0,398.17,0.0,1,2.35,3.09,SPY220520P00378000,378.0,0,0.0,0.0,,0.0,normalDay
2022-05-10,10161.0,-11.0,0.0,0,399.09,0.0,1,2.35,2.46,SPY220520P00378000,378.0,0,0.0,0.0,,0.0,normalDay
2022-05-11,10161.0,-61.0,0.0,0,392.75,0.0,1,2.35,2.96,SPY220520P00378000,378.0,0,0.0,0.0,,0.0,normalDay
2022-05-12,10161.0,-64.0,0.0,0,392.34,0.0,1,2.35,2.99,SPY220520P00378000,378.0,0,0.0,0.0,,0.0,normalDay
2022-05-13,10161.0,137.0,0.0,0,401.72,0.0,1,2.35,0.98,SPY220520P00378000,378.0,0,0.0,0.0,,0.0,normalDay
2022-05-16,10161.0,194.0,0.0,0,400.09,0.0,1,2.35,0.41,SPY220520P00378000,378.0,0,0.0,0.0,,0.0,normalDay
2022-05-17,10161.0,225.0,0.0,0,408.32,0.0,1,2.35,0.1,SPY220520P00378000,378.0,0,0.0,0.0,,0.0,normalDay
2022-05-18,10161.0,170.0,0.0,0,391.86,0.0,1,2.35,0.65,SPY220520P00378000,378.0,0,0.0,0.0,,0.0,normalDay
2022-05-19,10161.0,209.0,0.0,0,389.46,0.0,1,2.35,0.26,SPY220520P00378000,378.0,0,0.0,0.0,,0.0,normalDay
2022-05-20,10396.0,0.0,235.0,0,389.63,0.0,1,2.35,0.0,SPY220520P00378000,378.0,0,0.0,0.0,,0.0,expirationDay
2022-05-23,10396.0,-3.0,0.0,0,396.92,0.0,1,0.72,0.75,SPY220610P00352000,352.0,0,0.0,0.0,,0.0,normalDay
2022-05-24,10396.0,-14.0,0.0,0,393.89,0.0,1,0.72,0.86,SPY220610P00352000,352.0,0,0.0,0.0,,0.0,normalDay
2022-05-25,10396.0,15.0,0.0,0,397.37,0.0,1,0.72,0.57,SPY220610P00352000,352.0,0,0.0,0.0,,0.0,normalDay
2022-05-26,10396.0,37.0,0.0,0,405.31,0.0,1,0.72,0.35,SPY220610P00352000,352.0,0,0.0,0.0,,0.0,normalDay
2022-05-27,10396.0,55.0,0.0,0,415.26,0.0,1,0.72,0.17,SPY220610P00352000,352.0,0,0.0,0.0,,0.0,normalDay
2022-05-31,10396.0,61.0,0.0,0,412.93,0.0,1,0.72,0.11,SPY220610P00352000,352.0,0,0.0,0.0,,0.0,normalDay
2022-06-01,10396.0,65.0,0.0,0,409.59,0.0,1,0.72,0.07,SPY220610P00352000,352.0,0,0.0,0.0,,0.0,normalDay
2022-06-02,10396.0,68.0,0.0,0,417.39,0.0,1,0.72,0.04,SPY220610P00352000,352.0,0,0.0,0.0,,0.0,normalDay
2022-06-03,10396.0,68.0,0.0,0,410.54,0.0,1,0.72,0.04,SPY220610P00352000,352.0,0,0.0,0.0,,0.0,normalDay
2022-06-06,10396.0,70.0,0.0,0,411.79,0.0,1,0.72,0.02,SPY220610P00352000,352.0,0,0.0,0.0,,0.0,normalDay
2022-06-07,10396.0,70.0,0.0,0,415.74,0.0,1,0.72,0.02,SPY220610P00352000,352.0,0,0.0,0.0,,0.0,normalDay
2022-06-08,10396.0,71.0,0.0,0,411.22,0.0,1,0.72,0.01,SPY220610P00352000,352.0,0,0.0,0.0,,0.0,normalDay
2022-06-09,10396.0,70.0,0.0,0,401.44,0.0,1,0.72,0.02,SPY220610P00352000,352.0,0,0.0,0.0,,0.0,normalDay
2022-06-10,10468.0,0.0,72.0,0,389.8,0.0,1,0.72,0.0,SPY220610P00352000,352.0,0,0.0,0.0,,0.0,expirationDay
2022-06-13,10468.0,-5.0,0.0,0,375.0,0.0,1,3.86,3.91,SPY220701P00352000,352.0,0,0.0,0.0,,0.0,normalDay
2022-06-14,10468.0,40.0,0.0,0,373.87,0.0,1,3.86,3.46,SPY220701P00352000,352.0,0,0.0,0.0,,0.0,normalDay
2022-06-15,10468.0,198.0,0.0,0,379.2,0.0,1,3.86,1.88,SPY220701P00352000,352.0,0,0.0,0.0,,0.0,normalDay
2022-06-16,10468.0,-64.0,0.0,0,366.65,0.0,1,3.86,4.5,SPY220701P00352000,352.0,0,0.0,0.0,,0.0,normalDay
2022-06-17,10468.0,58.0,0.0,0,365.86,0.0,1,3.86,3.28,SPY220701P00352000,352.0,0,0.0,0.0,,0.0,normalDay
2022-06-21,10468.0,275.0,0.0,0,375.07,0.0,1,3.86,1.11,SPY220701P00352000,352.0,0,0.0,0.0,,0.0,normalDay
2022-06-22,10468.0,310.0,0.0,0,374.39,0.0,1,3.86,0.76,SPY220701P00352000,352.0,0,0.0,0.0,,0.0,normalDay
2022-06-23,10468.0,333.0,0.0,0,378.06,0.0,1,3.86,0.53,SPY220701P00352000,352.0,0,0.0,0.0,,0.0,normalDay
2022-06-24,10468.0,370.0,0.0,0,390.08,0.0,1,3.86,0.16,SPY220701P00352000,352.0,0,0.0,0.0,,0.0,normalDay
2022-06-27,10468.0,382.0,0.0,0,388.59,0.0,1,3.86,0.04,SPY220701P00352000,352.0,0,0.0,0.0,,0.0,normalDay
2022-06-28,10468.0,379.0,0.0,0,380.65,0.0,1,3.86,0.07,SPY220701P00352000,352.0,0,0.0,0.0,,0.0,normalDay
2022-06-29,10468.0,384.0,0.0,0,380.34,0.0,1,3.86,0.02,SPY220701P00352000,352.0,0,0.0,0.0,,0.0,normalDay
2022-06-30,10468.0,384.0,0.0,0,377.25,0.0,1,3.86,0.02,SPY220701P00352000,352.0,0,0.0,0.0,,0.0,normalDay
2022-07-01,10854.0,0.0,386.0,0,381.24,0.0,1,3.86,0.0,SPY220701P00352000,352.0,0,0.0,0.0,,0.0,expirationDay
2022-07-05,10854.0,-3.0,0.0,0,381.96,0.0,1,0.17,0.2,SPY220722P00320000,320.0,0,0.0,0.0,,0.0,normalDay
2022-07-06,10854.0,4.0,0.0,0,383.25,0.0,1,0.17,0.13,SPY220722P00320000,320.0,0,0.0,0.0,,0.0,normalDay
2022-07-07,10854.0,6.0,0.0,0,388.99,0.0,1,0.17,0.11,SPY220722P00320000,320.0,0,0.0,0.0,,0.0,normalDay
2022-07-08,10854.0,10.0,0.0,0,388.67,0.0,1,0.17,0.07,SPY220722P00320000,320.0,0,0.0,0.0,,0.0,normalDay
2022-07-11,10854.0,12.0,0.0,0,384.23,0.0,1,0.17,0.05,SPY220722P00320000,320.0,0,0.0,0.0,,0.0,normalDay
2022-07-12,10854.0,8.0,0.0,0,380.83,0.0,1,0.17,0.09,SPY220722P00320000,320.0,0,0.0,0.0,,0.0,normalDay
2022-07-13,10854.0,11.0,0.0,0,378.83,0.0,1,0.17,0.06,SPY220722P00320000,320.0,0,0.0,0.0,,0.0,normalDay
2022-07-14,10854.0,11.0,0.0,0,377.91,0.0,1,0.17,0.06,SPY220722P00320000,320.0,0,0.0,0.0,,0.0,normalDay
2022-07-15,10854.0,15.0,0.0,0,385.13,0.0,1,0.17,0.02,SPY220722P00320000,320.0,0,0.0,0.0,,0.0,normalDay
2022-07-18,10854.0,15.0,0.0,0,381.95,0.0,1,0.17,0.02,SPY220722P00320000,320.0,0,0.0,0.0,,0.0,normalDay
2022-07-19,10854.0,16.0,0.0,0,392.27,0.0,1,0.17,0.01,SPY220722P00320000,320.0,0,0.0,0.0,,0.0,normalDay
2022-07-20,10854.0,16.0,0.0,0,394.77,0.0,1,0.17,0.01,SPY220722P00320000,320.0,0,0.0,0.0,,0.0,normalDay
2022-07-21,10854.0,16.0,0.0,0,398.79,0.0,1,0.17,0.01,SPY220722P00320000,320.0,0,0.0,0.0,,0.0,normalDay
2022-07-22,10871.0,0.0,17.0,0,395.09,0.0,1,0.17,0.0,SPY220722P00320000,320.0,0,0.0,0.0,,0.0,expirationDay
2022-07-25,10871.0,-3.0,0.0,0,395.57,0.0,1,0.42,0.45,SPY220812P00356000,356.0,0,0.0,0.0,,0.0,normalDay
2022-07-26,10871.0,-26.0,0.0,0,390.89,0.0,1,0.42,0.68,SPY220812P00356000,356.0,0,0.0,0.0,,0.0,normalDay
2022-07-27,10871.0,10.0,0.0,0,401.04,0.0,1,0.42,0.32,SPY220812P00356000,356.0,0,0.0,0.0,,0.0,normalDay
2022-07-28,10871.0,22.0,0.0,0,406.07,0.0,1,0.42,0.2,SPY220812P00356000,356.0,0,0.0,0.0,,0.0,normalDay
2022-07-29,10871.0,32.0,0.0,0,411.99,0.0,1,0.42,0.1,SPY220812P00356000,356.0,0,0.0,0.0,,0.0,normalDay
2022-08-01,10871.0,32.0,0.0,0,410.77,0.0,1,0.42,0.1,SPY220812P00356000,356.0,0,0.0,0.0,,0.0,normalDay
2022-08-02,10871.0,32.0,0.0,0,408.06,0.0,1,0.42,0.1,SPY220812P00356000,356.0,0,0.0,0.0,,0.0,normalDay
2022-08-03,10871.0,38.0,0.0,0,414.45,0.0,1,0.42,0.04,SPY220812P00356000,356.0,0,0.0,0.0,,0.0,normalDay
2022-08-04,10871.0,39.0,0.0,0,414.17,0.0,1,0.42,0.03,SPY220812P00356000,356.0,0,0.0,0.0,,0.0,normalDay
2022-08-05,10871.0,39.0,0.0,0,413.47,0.0,1,0.42,0.03,SPY220812P00356000,356.0,0,0.0,0.0,,0.0,normalDay
2022-08-08,10871.0,40.0,0.0,0,412.99,0.0,1,0.42,0.02,SPY220812P00356000,356.0,0,0.0,0.0,,0.0,normalDay
2022-08-09,10871.0,40.0,0.0,0,411.35,0.0,1,0.42,0.02,SPY220812P00356000,356.0,0,0.0,0.0,,0.0,normalDay
2022-08-10,10871.0,41.0,0.0,0,419.99,0.0,1,0.42,0.01,SPY220812P00356000,356.0,0,0.0,0.0,,0.0,normalDay
2022-08-11,10871.0,41.0,0.0,0,419.99,0.0,1,0.42,0.01,SPY220812P00356000,356.0,0,0.0,0.0,,0.0,normalDay
2022-08-12,10913.0,0.0,42.0,0,427.1,0.0,1,0.42,0.0,SPY220812P00356000,356.0,0,0.0,0.0,,0.0,expirationDay
2022-08-15,10913.0,-3.0,0.0,0,428.86,0.0,1,0.1,0.13,SPY220902P00358000,358.0,0,0.0,0.0,,0.0,normalDay
2022-08-16,10913.0,-2.0,0.0,0,429.7,0.0,1,0.1,0.12,SPY220902P00358000,358.0,0,0.0,0.0,,0.0,normalDay
2022-08-17,10913.0,0.0,0.0,0,426.65,0.0,1,0.1,0.1,SPY220902P00358000,358.0,0,0.0,0.0,,0.0,normalDay
2022-08-18,10913.0,1.0,0.0,0,427.89,0.0,1,0.1,0.09,SPY220902P00358000,358.0,0,0.0,0.0,,0.0,normalDay
2022-08-19,10913.0,1.0,0.0,0,422.14,0.0,1,0.1,0.09,SPY220902P00358000,358.0,0,0.0,0.0,,0.0,normalDay
2022-08-22,10913.0,-3.0,0.0,0,413.35,0.0,1,0.1,0.13,SPY220902P00358000,358.0,0,0.0,0.0,,0.0,normalDay
2022-08-23,10913.0,-2.0,0.0,0,412.35,0.0,1,0.1,0.12,SPY220902P00358000,358.0,0,0.0,0.0,,0.0,normalDay
2022-08-24,10913.0,4.0,0.0,0,413.67,0.0,1,0.1,0.06,SPY220902P00358000,358.0,0,0.0,0.0,,0.0,normalDay
2022-08-25,10913.0,6.0,0.0,0,419.51,0.0,1,0.1,0.04,SPY220902P00358000,358.0,0,0.0,0.0,,0.0,normalDay
2022-08-26,10913.0,-2.0,0.0,0,405.31,0.0,1,0.1,0.12,SPY220902P00358000,358.0,0,0.0,0.0,,0.0,normalDay
2022-08-29,10913.0,6.0,0.0,0,402.63,0.0,1,0.1,0.04,SPY220902P00358000,358.0,0,0.0,0.0,,0.0,normalDay
2022-08-30,10913.0,7.0,0.0,0,398.21,0.0,1,0.1,0.03,SPY220902P00358000,358.0,0,0.0,0.0,,0.0,normalDay
2022-08-31,10913.0,8.0,0.0,0,395.18,0.0,1,0.1,0.02,SPY220902P00358000,358.0,0,0.0,0.0,,0.0,normalDay
2022-09-01,10913.0,9.0,0.0,0,396.42,0.0,1,0.1,0.01,SPY220902P00358000,358.0,0,0.0,0.0,,0.0,normalDay
2022-09-02,10923.0,0.0,10.0,0,392.24,0.0,1,0.1,0.0,SPY220902P00358000,358.0,0,0.0,0.0,,0.0,expirationDay
2022-09-06,10923.0,-4.0,0.0,0,390.76,0.0,1,1.13,1.17,SPY220923P00355000,355.0,0,0.0,0.0,,0.0,normalDay
2022-09-07,10923.0,58.0,0.0,0,397.78,0.0,1,1.13,0.55,SPY220923P00355000,355.0,0,0.0,0.0,,0.0,normalDay
2022-09-08,10923.0,79.0,0.0,0,400.38,0.0,1,1.13,0.34,SPY220923P00355000,355.0,0,0.0,0.0,,0.0,normalDay
2022-09-09,10923.0,91.0,0.0,0,406.6,0.0,1,1.13,0.22,SPY220923P00355000,355.0,0,0.0,0.0,,0.0,normalDay
2022-09-12,10923.0,99.0,0.0,0,410.97,0.0,1,1.13,0.14,SPY220923P00355000,355.0,0,0.0,0.0,,0.0,normalDay
2022-09-13,10923.0,61.0,0.0,0,393.1,0.0,1,1.13,0.52,SPY220923P00355000,355.0,0,0.0,0.0,,0.0,normalDay
2022-09-14,10923.0,84.0,0.0,0,394.6,0.0,1,1.13,0.29,SPY220923P00355000,355.0,0,0.0,0.0,,0.0,normalDay
2022-09-15,10923.0,87.0,0.0,0,390.12,0.0,1,1.13,0.26,SPY220923P00355000,355.0,0,0.0,0.0,,0.0,normalDay
2022-09-16,10923.0,94.0,0.0,0,385.56,0.0,1,1.13,0.19,SPY220923P00355000,355.0,0,0.0,0.0,,0.0,normalDay
2022-09-19,10923.0,106.0,0.0,0,388.55,0.0,1,1.13,0.07,SPY220923P00355000,355.0,0,0.0,0.0,,0.0,normalDay
2022-09-20,10923.0,101.0,0.0,0,384.09,0.0,1,1.13,0.12,SPY220923P00355000,355.0,0,0.0,0.0,,0.0,normalDay
2022-09-21,10923.0,101.0,0.0,0,377.39,0.0,1,1.13,0.12,SPY220923P00355000,355.0,0,0.0,0.0,,0.0,normalDay
2022-09-22,10923.0,110.0,0.0,0,374.22,0.0,1,1.13,0.03,SPY220923P00355000,355.0,0,0.0,0.0,,0.0,normalDay
2022-09-23,11036.0,0.0,113.0,0,367.95,0.0,1,1.13,0.0,SPY220923P00355000,355.0,0,0.0,0.0,,0.0,expirationDay
2022-09-26,11036.0,-5.0,0.0,0,364.31,0.0,1,2.33,2.38,SPY221014P00336000,336.0,0,0.0,0.0,,0.0,normalDay
2022-09-27,11036.0,-1.0,0.0,0,363.38,0.0,1,2.33,2.34,SPY221014P00336000,336.0,0,0.0,0.0,,0.0,normalDay
2022-09-28,11036.0,109.0,0.0,0,370.53,0.0,1,2.33,1.24,SPY221014P00336000,336.0,0,0.0,0.0,,0.0,normalDay
2022-09-29,11036.0,43.0,0.0,0,362.79,0.0,1,2.33,1.9,SPY221014P00336000,336.0,0,0.0,0.0,,0.0,normalDay
2022-09-30,11036.0,34.0,0.0,0,357.18,0.0,1,2.33,1.99,SPY221014P00336000,336.0,0,0.0,0.0,,0.0,normalDay
2022-10-03,11036.0,159.0,0.0,0,366.61,0.0,1,2.33,0.74,SPY221014P00336000,336.0,0,0.0,0.0,,0.0,normalDay
2022-10-04,11036.0,202.0,0.0,0,377.97,0.0,1,2.33,0.31,SPY221014P00336000,336.0,0,0.0,0.0,,0.0,normalDay
2022-10-05,11036.0,211.0,0.0,0,377.09,0.0,1,2.33,0.22,SPY221014P00336000,336.0,0,0.0,0.0,,0.0,normalDay
2022-10-06,11036.0,203.0,0.0,0,373.2,0.0,1,2.33,0.3,SPY221014P00336000,336.0,0,0.0,0.0,,0.0,normalDay
2022-10-07,11036.0,191.0,0.0,0,362.79,0.0,1,2.33,0.42,SPY221014P00336000,336.0,0,0.0,0.0,,0.0,normalDay
2022-10-10,11036.0,210.0,0.0,0,360.02,0.0,1,2.33,0.23,SPY221014P00336000,336.0,0,0.0,0.0,,0.0,normalDay
2022-10-11,11036.0,199.0,0.0,0,357.74,0.0,1,2.33,0.34,SPY221014P00336000,336.0,0,0.0,0.0,,0.0,normalDay
2022-10-12,11036.0,211.0,0.0,0,356.56,0.0,1,2.33,0.22,SPY221014P00336000,336.0,0,0.0,0.0,,0.0,normalDay
2022-10-13,11036.0,229.0,0.0,0,365.97,0.0,1,2.33,0.04,SPY221014P00336000,336.0,0,0.0,0.0,,0.0,normalDay
2022-10-14,11269.0,0.0,233.0,0,357.63,0.0,1,2.33,0.0,SPY221014P00336000,336.0,0,0.0,0.0,,0.0,expirationDay
2022-10-17,11269.0,-3.0,0.0,0,366.82,0.0,1,1.14,1.17,SPY221104P00332000,332.0,0,0.0,0.0,,0.0,normalDay
2022-10-18,11269.0,40.0,0.0,0,371.13,0.0,1,1.14,0.74,SPY221104P00332000,332.0,0,0.0,0.0,,0.0,normalDay
2022-10-19,11269.0,29.0,0.0,0,368.5,0.0,1,1.14,0.85,SPY221104P00332000,332.0,0,0.0,0.0,,0.0,normalDay
2022-10-20,11269.0,39.0,0.0,0,365.41,0.0,1,1.14,0.75,SPY221104P00332000,332.0,0,0.0,0.0,,0.0,normalDay
2022-10-21,11269.0,74.0,0.0,0,374.29,0.0,1,1.14,0.4,SPY221104P00332000,332.0,0,0.0,0.0,,0.0,normalDay
2022-10-24,11269.0,92.0,0.0,0,378.87,0.0,1,1.14,0.22,SPY221104P00332000,332.0,0,0.0,0.0,,0.0,normalDay
2022-10-25,11269.0,98.0,0.0,0,384.92,0.0,1,1.14,0.16,SPY221104P00332000,332.0,0,0.0,0.0,,0.0,normalDay
2022-10-26,11269.0,104.0,0.0,0,382.02,0.0,1,1.14,0.1,SPY221104P00332000,332.0,0,0.0,0.0,,0.0,normalDay
2022-10-27,11269.0,103.0,0.0,0,379.98,0.0,1,1.14,0.11,SPY221104P00332000,332.0,0,0.0,0.0,,0.0,normalDay
2022-10-28,11269.0,110.0,0.0,0,389.02,0.0,1,1.14,0.04,SPY221104P00332000,332.0,0,0.0,0.0,,0.0,normalDay
2022-10-31,11269.0,111.0,0.0,0,386.21,0.0,1,1.14,0.03,SPY221104P00332000,332.0,0,0.0,0.0,,0.0,normalDay
2022-11-01,11269.0,112.0,0.0,0,384.52,0.0,1,1.14,0.02,SPY221104P00332000,332.0,0,0.0,0.0,,0.0,normalDay
2022-11-02,11269.0,111.0,0.0,0,374.87,0.0,1,1.14,0.03,SPY221104P00332000,332.0,0,0.0,0.0,,0.0,normalDay
2022-11-03,11269.0,113.0,0.0,0,371.01,0.0,1,1.14,0.01,SPY221104P00332000,332.0,0,0.0,0.0,,0.0,normalDay
2022-11-04,11383.0,0.0,114.0,0,376.35,0.0,1,1.14,0.0,SPY221104P00332000,332.0,0,0.0,0.0,,0.0,expirationDay
2022-11-07,11383.0,-3.0,0.0,0,379.95,0.0,1,0.18,0.21,SPY221125P00330000,330.0,0,0.0,0.0,,0.0,normalDay
2022-11-08,11383.0,-6.0,0.0,0,382.0,0.0,1,0.18,0.24,SPY221125P00330000,330.0,0,0.0,0.0,,0.0,normalDay
2022-11-09,11383.0,-12.0,0.0,0,374.13,0.0,1,0.18,0.3,SPY221125P00330000,330.0,0,0.0,0.0,,0.0,normalDay
2022-11-10,11383.0,10.0,0.0,0,394.69,0.0,1,0.18,0.08,SPY221125P00330000,330.0,0,0.0,0.0,,0.0,normalDay
2022-11-11,11383.0,12.0,0.0,0,398.51,0.0,1,0.18,0.06,SPY221125P00330000,330.0,0,0.0,0.0,,0.0,normalDay
2022-11-14,11383.0,14.0,0.0,0,395.12,0.0,1,0.18,0.04,SPY221125P00330000,330.0,0,0.0,0.0,,0.0,normalDay
2022-11-15,11383.0,13.0,0.0,0,398.49,0.0,1,0.18,0.05,SPY221125P00330000,330.0,0,0.0,0.0,,0.0,normalDay
2022-11-16,11383.0,14.0,0.0,0,395.45,0.0,1,0.18,0.04,SPY221125P00330000,330.0,0,0.0,0.0,,0.0,normalDay
2022-11-17,11383.0,15.0,0.0,0,394.24,0.0,1,0.18,0.03,SPY221125P00330000,330.0,0,0.0,0.0,,0.0,normalDay
2022-11-18,11383.0,16.0,0.0,0,396.03,0.0,1,0.18,0.02,SPY221125P00330000,330.0,0,0.0,0.0,,0.0,normalDay
2022-11-21,11383.0,17.0,0.0,0,394.59,0.0,1,0.18,0.01,SPY221125P00330000,330.0,0,0.0,0.0,,0.0,normalDay
2022-11-22,11383.0,17.0,0.0,0,399.9,0.0,1,0.18,0.01,SPY221125P00330000,330.0,0,0.0,0.0,,0.0,normalDay
2022-11-23,11383.0,17.0,0.0,0,402.42,0.0,1,0.18,0.01,SPY221125P00330000,330.0,0,0.0,0.0,,0.0,normalDay
2022-11-25,11401.0,0.0,18.0,0,402.33,0.0,1,0.18,0.0,SPY221125P00330000,330.0,0,0.0,0.0,,0.0,expirationDay
2022-11-28,11401.0,-3.0,0.0,0,395.91,0.0,1,0.27,0.3,SPY221216P00345000,345.0,0,0.0,0.0,,0.0,normalDay
2022-11-29,11401.0,0.0,0.0,0,395.23,0.0,1,0.27,0.27,SPY221216P00345000,345.0,0,0.0,0.0,,0.0,normalDay
2022-11-30,11401.0,12.0,0.0,0,407.68,0.0,1,0.27,0.15,SPY221216P00345000,345.0,0,0.0,0.0,,0.0,normalDay
2022-12-01,11401.0,16.0,0.0,0,407.38,0.0,1,0.27,0.11,SPY221216P00345000,345.0,0,0.0,0.0,,0.0,normalDay
2022-12-02,11401.0,17.0,0.0,0,406.91,0.0,1,0.27,0.1,SPY221216P00345000,345.0,0,0.0,0.0,,0.0,normalDay
2022-12-05,11401.0,15.0,0.0,0,399.59,0.0,1,0.27,0.12,SPY221216P00345000,345.0,0,0.0,0.0,,0.0,normalDay
2022-12-06,11401.0,8.0,0.0,0,393.83,0.0,1,0.27,0.19,SPY221216P00345000,345.0,0,0.0,0.0,,0.0,normalDay
2022-12-07,11401.0,11.0,0.0,0,393.16,0.0,1,0.27,0.16,SPY221216P00345000,345.0,0,0.0,0.0,,0.0,normalDay
2022-12-08,11401.0,15.0,0.0,0,396.24,0.0,1,0.27,0.12,SPY221216P00345000,345.0,0,0.0,0.0,,0.0,normalDay
2022-12-09,11401.0,16.0,0.0,0,393.28,0.0,1,0.27,0.11,SPY221216P00345000,345.0,0,0.0,0.0,,0.0,normalDay
2022-12-12,11401.0,19.0,0.0,0,398.95,0.0,1,0.27,0.08,SPY221216P00345000,345.0,0,0.0,0.0,,0.0,normalDay
2022-12-13,11401.0,22.0,0.0,0,401.97,0.0,1,0.27,0.05,SPY221216P00345000,345.0,0,0.0,0.0,,0.0,normalDay
2022-12-14,11401.0,24.0,0.0,0,399.4,0.0,1,0.27,0.03,SPY221216P00345000,345.0,0,0.0,0.0,,0.0,normalDay
2022-12-15,11401.0,25.0,0.0,0,389.63,0.0,1,0.27,0.02,SPY221216P00345000,345.0,0,0.0,0.0,,0.0,normalDay
2022-12-16,11428.0,0.0,27.0,0,383.27,0.0,1,0.27,0.0,SPY221216P00345000,345.0,0,0.0,0.0,,0.0,expirationDay
2022-12-19,11428.0,-3.0,0.0,0,380.02,0.0,1,1.88,1.91,SPY230106P00365000,365.0,0,0.0,0.0,,0.0,normalDay
2022-12-20,11428.0,37.0,0.0,0,380.54,0.0,1,1.88,1.51,SPY230106P00365000,365.0,0,0.0,0.0,,0.0,normalDay
2022-12-21,11428.0,124.0,0.0,0,386.23,0.0,1,1.88,0.64,SPY230106P00365000,365.0,0,0.0,0.0,,0.0,normalDay
2022-12-22,11428.0,52.0,0.0,0,380.72,0.0,1,1.88,1.36,SPY230106P00365000,365.0,0,0.0,0.0,,0.0,normalDay
2022-12-23,11428.0,107.0,0.0,0,382.91,0.0,1,1.88,0.81,SPY230106P00365000,365.0,0,0.0,0.0,,0.0,normalDay
2022-12-27,11428.0,127.0,0.0,0,381.4,0.0,1,1.88,0.61,SPY230106P00365000,365.0,0,0.0,0.0,,0.0,normalDay
2022-12-28,11428.0,73.0,0.0,0,376.66,0.0,1,1.88,1.15,SPY230106P00365000,365.0,0,0.0,0.0,,0.0,normalDay
2022-12-29,11428.0,155.0,0.0,0,383.44,0.0,1,1.88,0.33,SPY230106P00365000,365.0,0,0.0,0.0,,0.0,normalDay
2022-12-30,11428.0,163.0,0.0,0,382.43,0.0,1,1.88,0.25,SPY230106P00365000,365.0,0,0.0,0.0,,0.0,normalDay
2023-01-03,11428.0,171.0,0.0,0,380.82,0.0,1,1.88,0.17,SPY230106P00365000,365.0,0,0.0,0.0,,0.0,normalDay
2023-01-04,11428.0,185.0,0.0,0,383.76,0.0,1,1.88,0.03,SPY230106P00365000,365.0,0,0.0,0.0,,0.0,normalDay
2023-01-05,11428.0,184.0,0.0,0,379.38,0.0,1,1.88,0.04,SPY230106P00365000,365.0,0,0.0,0.0,,0.0,normalDay
2023-01-06,11616.0,0.0,188.0,0,388.08,0.0,1,1.88,0.0,SPY230106P00365000,365.0,0,0.0,0.0,,0.0,expirationDay
2023-01-09,11616.0,-3.0,0.0,0,387.86,0.0,1,0.38,0.41,SPY230127P00354000,354.0,0,0.0,0.0,,0.0,normalDay
2023-01-10,11616.0,15.0,0.0,0,390.58,0.0,1,0.38,0.23,SPY230127P00354000,354.0,0,0.0,0.0,,0.0,normalDay
2023-01-11,11616.0,18.0,0.0,0,395.52,0.0,1,0.38,0.2,SPY230127P00354000,354.0,0,0.0,0.0,,0.0,normalDay
2023-01-12,11616.0,27.0,0.0,0,396.96,0.0,1,0.38,0.11,SPY230127P00354000,354.0,0,0.0,0.0,,0.0,normalDay
2023-01-13,11616.0,28.0,0.0,0,398.5,0.0,1,0.38,0.1,SPY230127P00354000,354.0,0,0.0,0.0,,0.0,normalDay
2023-01-17,11616.0,32.0,0.0,0,397.77,0.0,1,0.38,0.06,SPY230127P00354000,354.0,0,0.0,0.0,,0.0,normalDay
2023-01-18,11616.0,32.0,0.0,0,391.49,0.0,1,0.38,0.06,SPY230127P00354000,354.0,0,0.0,0.0,,0.0,normalDay
2023-01-19,11616.0,32.0,0.0,0,388.64,0.0,1,0.38,0.06,SPY230127P00354000,354.0,0,0.0,0.0,,0.0,normalDay
2023-01-20,11616.0,35.0,0.0,0,395.88,0.0,1,0.38,0.03,SPY230127P00354000,354.0,0,0.0,0.0,,0.0,normalDay
2023-01-23,11616.0,35.0,0.0,0,400.63,0.0,1,0.38,0.03,SPY230127P00354000,354.0,0,0.0,0.0,,0.0,normalDay
2023-01-24,11616.0,36.0,0.0,0,400.2,0.0,1,0.38,0.02,SPY230127P00354000,354.0,0,0.0,0.0,,0.0,normalDay
2023-01-25,11616.0,36.0,0.0,0,400.35,0.0,1,0.38,0.02,SPY230127P00354000,354.0,0,0.0,0.0,,0.0,normalDay
2023-01-26,11616.0,37.0,0.0,0,404.75,0.0,1,0.38,0.01,SPY230127P00354000,354.0,0,0.0,0.0,,0.0,normalDay
2023-01-27,11654.0,0.0,38.0,0,405.68,0.0,1,0.38,0.0,SPY230127P00354000,354.0,0,0.0,0.0,,0.0,expirationDay
2023-01-30,11654.0,-3.0,0.0,0,400.59,0.0,1,0.27,0.3,SPY230217P00358000,358.0,0,0.0,0.0,,0.0,normalDay
2023-01-31,11654.0,4.0,0.0,0,406.48,0.0,1,0.27,0.23,SPY230217P00358000,358.0,0,0.0,0.0,,0.0,normalDay
2023-02-01,11654.0,12.0,0.0,0,410.8,0.0,1,0.27,0.15,SPY230217P00358000,358.0,0,0.0,0.0,,0.0,normalDay
2023-02-02,11654.0,12.0,0.0,0,416.78,0.0,1,0.27,0.15,SPY230217P00358000,358.0,0,0.0,0.0,,0.0,normalDay
2023-02-03,11654.0,16.0,0.0,0,412.35,0.0,1,0.27,0.11,SPY230217P00358000,358.0,0,0.0,0.0,,0.0,normalDay
2023-02-06,11654.0,17.0,0.0,0,409.83,0.0,1,0.27,0.1,SPY230217P00358000,358.0,0,0.0,0.0,,0.0,normalDay
2023-02-07,11654.0,21.0,0.0,0,415.19,0.0,1,0.27,0.06,SPY230217P00358000,358.0,0,0.0,0.0,,0.0,normalDay
2023-02-08,11654.0,21.0,0.0,0,410.65,0.0,1,0.27,0.06,SPY230217P00358000,358.0,0,0.0,0.0,,0.0,normalDay
2023-02-09,11654.0,19.0,0.0,0,407.09,0.0,1,0.27,0.08,SPY230217P00358000,358.0,0,0.0,0.0,,0.0,normalDay
2023-02-10,11654.0,21.0,0.0,0,408.04,0.0,1,0.27,0.06,SPY230217P00358000,358.0,0,0.0,0.0,,0.0,normalDay
2023-02-13,11654.0,23.0,0.0,0,412.83,0.0,1,0.27,0.04,SPY230217P00358000,358.0,0,0.0,0.0,,0.0,normalDay
2023-02-14,11654.0,24.0,0.0,0,412.64,0.0,1,0.27,0.03,SPY230217P00358000,358.0,0,0.0,0.0,,0.0,normalDay
2023-02-15,11654.0,25.0,0.0,0,413.98,0.0,1,0.27,0.02,SPY230217P00358000,358.0,0,0.0,0.0,,0.0,normalDay
2023-02-16,11654.0,24.0,0.0,0,408.28,0.0,1,0.27,0.03,SPY230217P00358000,358.0,0,0.0,0.0,,0.0,normalDay
2023-02-17,11681.0,0.0,27.0,0,407.26,0.0,1,0.27,0.0,SPY230217P00358000,358.0,0,0.0,0.0,,0.0,expirationDay
2023-02-21,11681.0,-4.0,0.0,0,399.09,0.0,1,2.44,2.48,SPY230310P00385000,385.0,0,0.0,0.0,,0.0,normalDay
2023-02-22,11681.0,22.0,0.0,0,398.54,0.0,1,2.44,2.22,SPY230310P00385000,385.0,0,0.0,0.0,,0.0,normalDay
2023-02-23,11681.0,88.0,0.0,0,400.66,0.0,1,2.44,1.56,SPY230310P00385000,385.0,0,0.0,0.0,,0.0,normalDay
2023-02-24,11681.0,32.0,0.0,0,396.38,0.0,1,2.44,2.12,SPY230310P00385000,385.0,0,0.0,0.0,,0.0,normalDay
2023-02-27,11681.0,116.0,0.0,0,397.73,0.0,1,2.44,1.28,SPY230310P00385000,385.0,0,0.0,0.0,,0.0,normalDay
2023-02-28,11681.0,101.0,0.0,0,396.26,0.0,1,2.44,1.43,SPY230310P00385000,385.0,0,0.0,0.0,,0.0,normalDay
2023-03-01,11681.0,98.0,0.0,0,394.74,0.0,1,2.44,1.46,SPY230310P00385000,385.0,0,0.0,0.0,,0.0,normalDay
2023-03-02,11681.0,174.0,0.0,0,397.81,0.0,1,2.44,0.7,SPY230310P00385000,385.0,0,0.0,0.0,,0.0,normalDay
2023-03-03,11681.0,224.0,0.0,0,404.19,0.0,1,2.44,0.2,SPY230310P00385000,385.0,0,0.0,0.0,,0.0,normalDay
2023-03-06,11681.0,233.0,0.0,0,404.47,0.0,1,2.44,0.11,SPY230310P00385000,385.0,0,0.0,0.0,,0.0,normalDay
2023-03-07,11681.0,223.0,0.0,0,398.27,0.0,1,2.44,0.21,SPY230310P00385000,385.0,0,0.0,0.0,,0.0,normalDay
2023-03-08,11681.0,235.0,0.0,0,398.92,0.0,1,2.44,0.09,SPY230310P00385000,385.0,0,0.0,0.0,,0.0,normalDay
2023-03-09,11681.0,177.0,0.0,0,391.56,0.0,1,2.44,0.67,SPY230310P00385000,385.0,0,0.0,0.0,,0.0,normalDay
2023-03-10,11925.0,0.0,244.0,0,385.91,0.0,1,2.44,0.0,SPY230310P00385000,385.0,0,0.0,0.0,,0.0,expirationDay
2023-03-13,11925.0,-5.0,0.0,0,385.36,0.0,1,2.96,3.01,SPY230331P00365000,365.0,0,0.0,0.0,,0.0,normalDay
2023-03-14,11925.0,154.0,0.0,0,391.73,0.0,1,2.96,1.42,SPY230331P00365000,365.0,0,0.0,0.0,,0.0,normalDay
2023-03-15,11925.0,71.0,0.0,0,389.28,0.0,1,2.96,2.25,SPY230331P00365000,365.0,0,0.0,0.0,,0.0,normalDay
2023-03-16,11925.0,196.0,0.0,0,396.11,0.0,1,2.96,1.0,SPY230331P00365000,365.0,0,0.0,0.0,,0.0,normalDay
2023-03-17,11925.0,153.0,0.0,0,389.99,0.0,1,2.96,1.43,SPY230331P00365000,365.0,0,0.0,0.0,,0.0,normalDay
2023-03-20,11925.0,213.0,0.0,0,393.74,0.0,1,2.96,0.83,SPY230331P00365000,365.0,0,0.0,0.0,,0.0,normalDay
2023-03-21,11925.0,264.0,0.0,0,398.91,0.0,1,2.96,0.32,SPY230331P00365000,365.0,0,0.0,0.0,,0.0,normalDay
2023-03-22,11925.0,244.0,0.0,0,392.11,0.0,1,2.96,0.52,SPY230331P00365000,365.0,0,0.0,0.0,,0.0,normalDay
2023-03-23,11925.0,255.0,0.0,0,393.17,0.0,1,2.96,0.41,SPY230331P00365000,365.0,0,0.0,0.0,,0.0,normalDay
2023-03-24,11925.0,281.0,0.0,0,395.75,0.0,1,2.96,0.15,SPY230331P00365000,365.0,0,0.0,0.0,,0.0,normalDay
2023-03-27,11925.0,291.0,0.0,0,396.49,0.0,1,2.96,0.05,SPY230331P00365000,365.0,0,0.0,0.0,,0.0,normalDay
2023-03-28,11925.0,292.0,0.0,0,395.6,0.0,1,2.96,0.04,SPY230331P00365000,365.0,0,0.0,0.0,,0.0,normalDay
2023-03-29,11925.0,293.0,0.0,0,401.35,0.0,1,2.96,0.03,SPY230331P00365000,365.0,0,0.0,0.0,,0.0,normalDay
2023-03-30,11925.0,294.0,0.0,0,403.7,0.0,1,2.96,0.02,SPY230331P00365000,365.0,0,0.0,0.0,,0.0,normalDay
2023-03-31,12221.0,0.0,296.0,0,409.39,0.0,1,2.96,0.0,SPY230331P00365000,365.0,0,0.0,0.0,,0.0,expirationDay
2023-04-03,12221.0,-3.0,0.0,0,410.95,0.0,1,0.2,0.23,SPY230421P00366000,366.0,0,0.0,0.0,,0.0,normalDay
2023-04-04,12221.0,-3.0,0.0,0,408.67,0.0,1,0.2,0.23,SPY230421P00366000,366.0,0,0.0,0.0,,0.0,normalDay
2023-04-05,12221.0,0.0,0.0,0,407.6,0.0,1,0.2,0.2,SPY230421P00366000,366.0,0,0.0,0.0,,0.0,normalDay
2023-04-06,12221.0,6.0,0.0,0,409.19,0.0,1,0.2,0.14,SPY230421P00366000,366.0,0,0.0,0.0,,0.0,normalDay
2023-04-10,12221.0,10.0,0.0,0,409.61,0.0,1,0.2,0.1,SPY230421P00366000,366.0,0,0.0,0.0,,0.0,normalDay
2023-04-11,12221.0,10.0,0.0,0,409.72,0.0,1,0.2,0.1,SPY230421P00366000,366.0,0,0.0,0.0,,0.0,normalDay
2023-04-12,12221.0,11.0,0.0,0,408.05,0.0,1,0.2,0.09,SPY230421P00366000,366.0,0,0.0,0.0,,0.0,normalDay
2023-04-13,12221.0,15.0,0.0,0,413.47,0.0,1,0.2,0.05,SPY230421P00366000,366.0,0,0.0,0.0,,0.0,normalDay
2023-04-14,12221.0,16.0,0.0,0,412.46,0.0,1,0.2,0.04,SPY230421P00366000,366.0,0,0.0,0.0,,0.0,normalDay
2023-04-17,12221.0,17.0,0.0,0,413.94,0.0,1,0.2,0.03,SPY230421P00366000,366.0,0,0.0,0.0,,0.0,normalDay
2023-04-18,12221.0,18.0,0.0,0,414.21,0.0,1,0.2,0.02,SPY230421P00366000,366.0,0,0.0,0.0,,0.0,normalDay
2023-04-19,12221.0,18.0,0.0,0,414.14,0.0,1,0.2,0.02,SPY230421P00366000,366.0,0,0.0,0.0,,0.0,normalDay
2023-04-20,12221.0,19.0,0.0,0,411.88,0.0,1,0.2,0.01,SPY230421P00366000,366.0,0,0.0,0.0,,0.0,normalDay
2023-04-21,12241.0,0.0,20.0,0,412.2,0.0,1,0.2,0.0,SPY230421P00366000,366.0,0,0.0,0.0,,0.0,expirationDay
2023-04-24,12241.0,-3.0,0.0,0,412.63,0.0,1,0.58,0.61,SPY230512P00385000,385.0,0,0.0,0.0,,0.0,normalDay
2023-04-25,12241.0,-55.0,0.0,0,406.08,0.0,1,0.58,1.13,SPY230512P00385000,385.0,0,0.0,0.0,,0.0,normalDay
2023-04-26,12241.0,-69.0,0.0,0,404.36,0.0,1,0.58,1.27,SPY230512P00385000,385.0,0,0.0,0.0,,0.0,normalDay
2023-04-27,12241.0,18.0,0.0,0,412.41,0.0,1,0.58,0.4,SPY230512P00385000,385.0,0,0.0,0.0,,0.0,normalDay
2023-04-28,12241.0,33.0,0.0,0,415.93,0.0,1,0.58,0.25,SPY230512P00385000,385.0,0,0.0,0.0,,0.0,normalDay
2023-05-01,12241.0,38.0,0.0,0,415.51,0.0,1,0.58,0.2,SPY230512P00385000,385.0,0,0.0,0.0,,0.0,normalDay
2023-05-02,12241.0,25.0,0.0,0,410.84,0.0,1,0.58,0.33,SPY230512P00385000,385.0,0,0.0,0.0,,0.0,normalDay
2023-05-03,12241.0,22.0,0.0,0,408.02,0.0,1,0.58,0.36,SPY230512P00385000,385.0,0,0.0,0.0,,0.0,normalDay
2023-05-04,12241.0,7.0,0.0,0,405.13,0.0,1,0.58,0.51,SPY230512P00385000,385.0,0,0.0,0.0,,0.0,normalDay
2023-05-05,12241.0,48.0,0.0,0,412.63,0.0,1,0.58,0.1,SPY230512P00385000,385.0,0,0.0,0.0,,0.0,normalDay
2023-05-08,12241.0,54.0,0.0,0,412.74,0.0,1,0.58,0.04,SPY230512P00385000,385.0,0,0.0,0.0,,0.0,normalDay
2023-05-09,12241.0,54.0,0.0,0,410.93,0.0,1,0.58,0.04,SPY230512P00385000,385.0,0,0.0,0.0,,0.0,normalDay
2023-05-10,12241.0,55.0,0.0,0,412.85,0.0,1,0.58,0.03,SPY230512P00385000,385.0,0,0.0,0.0,,0.0,normalDay
2023-05-11,12241.0,56.0,0.0,0,412.13,0.0,1,0.58,0.02,SPY230512P00385000,385.0,0,0.0,0.0,,0.0,normalDay
2023-05-12,12299.0,0.0,58.0,0,411.59,0.0,1,0.58,0.0,SPY230512P00385000,385.0,0,0.0,0.0,,0.0,expirationDay
2023-05-15,12299.0,-3.0,0.0,0,413.01,0.0,1,1.31,1.34,SPY230602P00397500,397.5,0,0.0,0.0,,0.0,normalDay
2023-05-16,12299.0,-48.0,0.0,0,410.25,0.0,1,1.31,1.79,SPY230602P00397500,397.5,0,0.0,0.0,,0.0,normalDay
2023-05-17,12299.0,35.0,0.0,0,415.23,0.0,1,1.31,0.96,SPY230602P00397500,397.5,0,0.0,0.0,,0.0,normalDay
2023-05-18,12299.0,77.0,0.0,0,419.23,0.0,1,1.31,0.54,SPY230602P00397500,397.5,0,0.0,0.0,,0.0,normalDay
2023-05-19,12299.0,76.0,0.0,0,418.62,0.0,1,1.31,0.55,SPY230602P00397500,397.5,0,0.0,0.0,,0.0,normalDay
2023-05-22,12299.0,85.0,0.0,0,418.79,0.0,1,1.31,0.46,SPY230602P00397500,397.5,0,0.0,0.0,,0.0,normalDay
2023-05-23,12299.0,52.0,0.0,0,414.09,0.0,1,1.31,0.79,SPY230602P00397500,397.5,0,0.0,0.0,,0.0,normalDay
2023-05-24,12299.0,20.0,0.0,0,411.09,0.0,1,1.31,1.11,SPY230602P00397500,397.5,0,0.0,0.0,,0.0,normalDay
2023-05-25,12299.0,73.0,0.0,0,414.65,0.0,1,1.31,0.58,SPY230602P00397500,397.5,0,0.0,0.0,,0.0,normalDay
2023-05-26,12299.0,100.0,0.0,0,420.02,0.0,1,1.31,0.31,SPY230602P00397500,397.5,0,0.0,0.0,,0.0,normalDay
2023-05-30,12299.0,123.0,0.0,0,420.18,0.0,1,1.31,0.08,SPY230602P00397500,397.5,0,0.0,0.0,,0.0,normalDay
2023-05-31,12299.0,125.0,0.0,0,417.85,0.0,1,1.31,0.06,SPY230602P00397500,397.5,0,0.0,0.0,,0.0,normalDay
2023-06-01,12299.0,128.0,0.0,0,421.82,0.0,1,1.31,0.03,SPY230602P00397500,397.5,0,0.0,0.0,,0.0,normalDay
2023-06-02,12430.0,0.0,131.0,0,427.92,0.0,1,1.31,0.0,SPY230602P00397500,397.5,0,0.0,0.0,,0.0,expirationDay
2023-06-05,12430.0,-3.0,0.0,0,427.1,0.0,1,0.31,0.34,SPY230623P00394000,394.0,0,0.0,0.0,,0.0,normalDay
2023-06-06,12430.0,4.0,0.0,0,428.03,0.0,1,0.31,0.27,SPY230623P00394000,394.0,0,0.0,0.0,,0.0,normalDay
2023-06-07,12430.0,4.0,0.0,0,426.55,0.0,1,0.31,0.27,SPY230623P00394000,394.0,0,0.0,0.0,,0.0,normalDay
2023-06-08,12430.0,9.0,0.0,0,429.13,0.0,1,0.31,0.22,SPY230623P00394000,394.0,0,0.0,0.0,,0.0,normalDay
2023-06-09,12430.0,12.0,0.0,0,429.9,0.0,1,0.31,0.19,SPY230623P00394000,394.0,0,0.0,0.0,,0.0,normalDay
2023-06-12,12430.0,16.0,0.0,0,433.8,0.0,1,0.31,0.15,SPY230623P00394000,394.0,0,0.0,0.0,,0.0,normalDay
2023-06-13,12430.0,18.0,0.0,0,436.66,0.0,1,0.31,0.13,SPY230623P00394000,394.0,0,0.0,0.0,,0.0,normalDay
2023-06-14,12430.0,23.0,0.0,0,437.18,0.0,1,0.31,0.08,SPY230623P00394000,394.0,0,0.0,0.0,,0.0,normalDay
2023-06-15,12430.0,23.0,0.0,0,442.6,0.0,1,0.31,0.08,SPY230623P00394000,394.0,0,0.0,0.0,,0.0,normalDay
2023-06-16,12430.0,28.0,0.0,0,439.46,0.0,1,0.31,0.03,SPY230623P00394000,394.0,0,0.0,0.0,,0.0,normalDay
2023-06-20,12430.0,29.0,0.0,0,437.18,0.0,1,0.31,0.02,SPY230623P00394000,394.0,0,0.0,0.0,,0.0,normalDay
2023-06-21,12430.0,29.0,0.0,0,434.94,0.0,1,0.31,0.02,SPY230623P00394000,394.0,0,0.0,0.0,,0.0,normalDay
2023-06-22,12430.0,30.0,0.0,0,436.51,0.0,1,0.31,0.01,SPY230623P00394000,394.0,0,0.0,0.0,,0.0,normalDay
2023-06-23,12461.0,0.0,31.0,0,433.21,0.0,1,0.31,0.0,SPY230623P00394000,394.0,0,0.0,0.0,,0.0,expirationDay
2023-06-26,12461.0,-3.0,0.0,0,431.44,0.0,1,0.3,0.33,SPY230714P00400000,400.0,0,0.0,0.0,,0.0,normalDay
2023-06-27,12461.0,9.0,0.0,0,436.17,0.0,1,0.3,0.21,SPY230714P00400000,400.0,0,0.0,0.0,,0.0,normalDay
2023-06-28,12461.0,14.0,0.0,0,436.39,0.0,1,0.3,0.16,SPY230714P00400000,400.0,0,0.0,0.0,,0.0,normalDay
2023-06-29,12461.0,16.0,0.0,0,438.11,0.0,1,0.3,0.14,SPY230714P00400000,400.0,0,0.0,0.0,,0.0,normalDay
2023-06-30,12461.0,17.0,0.0,0,443.28,0.0,1,0.3,0.13,SPY230714P00400000,400.0,0,0.0,0.0,,0.0,normalDay
2023-07-03,12461.0,20.0,0.0,0,443.79,0.0,1,0.3,0.1,SPY230714P00400000,400.0,0,0.0,0.0,,0.0,normalDay
2023-07-05,12461.0,22.0,0.0,0,443.13,0.0,1,0.3,0.08,SPY230714P00400000,400.0,0,0.0,0.0,,0.0,normalDay
2023-07-06,12461.0,21.0,0.0,0,439.66,0.0,1,0.3,0.09,SPY230714P00400000,400.0,0,0.0,0.0,,0.0,normalDay
2023-07-07,12461.0,25.0,0.0,0,438.55,0.0,1,0.3,0.05,SPY230714P00400000,400.0,0,0.0,0.0,,0.0,normalDay
2023-07-10,12461.0,27.0,0.0,0,439.66,0.0,1,0.3,0.03,SPY230714P00400000,400.0,0,0.0,0.0,,0.0,normalDay
2023-07-11,12461.0,27.0,0.0,0,442.46,0.0,1,0.3,0.03,SPY230714P00400000,400.0,0,0.0,0.0,,0.0,normalDay
2023-07-12,12461.0,28.0,0.0,0,446.02,0.0,1,0.3,0.02,SPY230714P00400000,400.0,0,0.0,0.0,,0.0,normalDay
2023-07-13,12461.0,29.0,0.0,0,449.56,0.0,1,0.3,0.01,SPY230714P00400000,400.0,0,0.0,0.0,,0.0,normalDay
2023-07-14,12491.0,0.0,30.0,0,449.28,0.0,1,0.3,0.0,SPY230714P00400000,400.0,0,0.0,0.0,,0.0,expirationDay
2023-07-17,12491.0,-3.0,0.0,0,450.84,0.0,1,0.22,0.25,SPY230804P00416000,416.0,0,0.0,0.0,,0.0,normalDay
2023-07-18,12491.0,2.0,0.0,0,454.19,0.0,1,0.22,0.2,SPY230804P00416000,416.0,0,0.0,0.0,,0.0,normalDay
2023-07-19,12491.0,2.0,0.0,0,455.2,0.0,1,0.22,0.2,SPY230804P00416000,416.0,0,0.0,0.0,,0.0,normalDay
2023-07-20,12491.0,0.0,0.0,0,452.18,0.0,1,0.22,0.22,SPY230804P00416000,416.0,0,0.0,0.0,,0.0,normalDay
2023-07-21,12491.0,6.0,0.0,0,452.18,0.0,1,0.22,0.16,SPY230804P00416000,416.0,0,0.0,0.0,,0.0,normalDay
2023-07-24,12491.0,10.0,0.0,0,454.2,0.0,1,0.22,0.12,SPY230804P00416000,416.0,0,0.0,0.0,,0.0,normalDay
2023-07-25,12491.0,12.0,0.0,0,455.44,0.0,1,0.22,0.1,SPY230804P00416000,416.0,0,0.0,0.0,,0.0,normalDay
2023-07-26,12491.0,15.0,0.0,0,455.51,0.0,1,0.22,0.07,SPY230804P00416000,416.0,0,0.0,0.0,,0.0,normalDay
2023-07-27,12491.0,11.0,0.0,0,452.49,0.0,1,0.22,0.11,SPY230804P00416000,416.0,0,0.0,0.0,,0.0,normalDay
2023-07-28,12491.0,18.0,0.0,0,456.92,0.0,1,0.22,0.04,SPY230804P00416000,416.0,0,0.0,0.0,,0.0,normalDay
2023-07-31,12491.0,19.0,0.0,0,457.79,0.0,1,0.22,0.03,SPY230804P00416000,416.0,0,0.0,0.0,,0.0,normalDay
2023-08-01,12491.0,19.0,0.0,0,456.48,0.0,1,0.22,0.03,SPY230804P00416000,416.0,0,0.0,0.0,,0.0,normalDay
2023-08-02,12491.0,18.0,0.0,0,450.13,0.0,1,0.22,0.04,SPY230804P00416000,416.0,0,0.0,0.0,,0.0,normalDay
2023-08-03,12491.0,20.0,0.0,0,448.84,0.0,1,0.22,0.02,SPY230804P00416000,416.0,0,0.0,0.0,,0.0,normalDay
2023-08-04,12513.0,0.0,22.0,0,446.81,0.0,1,0.22,0.0,SPY230804P00416000,416.0,0,0.0,0.0,,0.0,expirationDay
2023-08-07,12513.0,-3.0,0.0,0,450.71,0.0,1,1.23,1.26,SPY230825P00434000,434.0,0,0.0,0.0,,0.0,normalDay
2023-08-08,12513.0,-21.0,0.0,0,448.75,0.0,1,1.23,1.44,SPY230825P00434000,434.0,0,0.0,0.0,,0.0,normalDay
2023-08-09,12513.0,-49.0,0.0,0,445.75,0.0,1,1.23,1.72,SPY230825P00434000,434.0,0,0.0,0.0,,0.0,normalDay
2023-08-10,12513.0,-42.0,0.0,0,445.91,0.0,1,1.23,1.65,SPY230825P00434000,434.0,0,0.0,0.0,,0.0,normalDay
2023-08-11,12513.0,-4.0,0.0,0,445.65,0.0,1,1.23,1.27,SPY230825P00434000,434.0,0,0.0,0.0,,0.0,normalDay
2023-08-14,12513.0,48.0,0.0,0,448.11,0.0,1,1.23,0.75,SPY230825P00434000,434.0,0,0.0,0.0,,0.0,normalDay
2023-08-15,12513.0,-32.0,0.0,0,442.89,0.0,1,1.23,1.55,SPY230825P00434000,434.0,0,0.0,0.0,,0.0,normalDay
2023-08-16,12513.0,-75.0,0.0,0,439.64,0.0,1,1.23,1.98,SPY230825P00434000,434.0,0,0.0,0.0,,0.0,normalDay
2023-08-17,12513.0,-185.0,0.0,0,436.29,0.0,1,1.23,3.08,SPY230825P00434000,434.0,0,0.0,0.0,,0.0,normalDay
2023-08-18,12513.0,-131.0,0.0,0,436.5,0.0,1,1.23,2.54,SPY230825P00434000,434.0,0,0.0,0.0,,0.0,normalDay
2023-08-21,12513.0,-9.0,0.0,0,439.34,0.0,1,1.23,1.32,SPY230825P00434000,434.0,0,0.0,0.0,,0.0,normalDay
2023-08-22,12513.0,0.0,0.0,0,438.15,0.0,1,1.23,1.23,SPY230825P00434000,434.0,0,0.0,0.0,,0.0,normalDay
2023-08-23,12513.0,95.0,0.0,0,443.03,0.0,1,1.23,0.28,SPY230825P00434000,434.0,0,0.0,0.0,,0.0,normalDay
2023-08-24,12513.0,49.0,0.0,0,436.89,0.0,1,1.23,0.74,SPY230825P00434000,434.0,0,0.0,0.0,,0.0,normalDay
2023-08-25,12636.0,0.0,123.0,0,439.97,0.0,1,1.23,0.0,SPY230825P00434000,434.0,0,0.0,0.0,,0.0,expirationDay
2023-08-28,12636.0,-3.0,0.0,0,442.76,0.0,1,0.65,0.68,SPY230915P00420000,420.0,0,0.0,0.0,,0.0,normalDay
2023-08-29,12636.0,27.0,0.0,0,449.16,0.0,1,0.65,0.38,SPY230915P00420000,420.0,0,0.0,0.0,,0.0,normalDay
2023-08-30,12636.0,36.0,0.0,0,451.01,0.0,1,0.65,0.29,SPY230915P00420000,420.0,0,0.0,0.0,,0.0,normalDay
2023-08-31,12636.0,41.0,0.0,0,450.35,0.0,1,0.65,0.24,SPY230915P00420000,420.0,0,0.0,0.0,,0.0,normalDay
2023-09-01,12636.0,46.0,0.0,0,451.19,0.0,1,0.65,0.19,SPY230915P00420000,420.0,0,0.0,0.0,,0.0,normalDay
2023-09-05,12636.0,47.0,0.0,0,449.24,0.0,1,0.65,0.18,SPY230915P00420000,420.0,0,0.0,0.0,,0.0,normalDay
2023-09-06,12636.0,46.0,0.0,0,446.22,0.0,1,0.65,0.19,SPY230915P00420000,420.0,0,0.0,0.0,,0.0,normalDay
2023-09-07,12636.0,50.0,0.0,0,444.85,0.0,1,0.65,0.15,SPY230915P00420000,420.0,0,0.0,0.0,,0.0,normalDay
2023-09-08,12636.0,55.0,0.0,0,445.52,0.0,1,0.65,0.1,SPY230915P00420000,420.0,0,0.0,0.0,,0.0,normalDay
2023-09-11,12636.0,60.0,0.0,0,448.45,0.0,1,0.65,0.05,SPY230915P00420000,420.0,0,0.0,0.0,,0.0,normalDay
2023-09-12,12636.0,59.0,0.0,0,445.99,0.0,1,0.65,0.06,SPY230915P00420000,420.0,0,0.0,0.0,,0.0,normalDay
2023-09-13,12636.0,62.0,0.0,0,446.51,0.0,1,0.65,0.03,SPY230915P00420000,420.0,0,0.0,0.0,,0.0,normalDay
2023-09-14,12636.0,62.0,0.0,0,450.36,0.0,1,0.65,0.03,SPY230915P00420000,420.0,0,0.0,0.0,,0.0,normalDay
2023-09-15,12701.0,0.0,65.0,0,443.37,0.0,1,0.65,0.0,SPY230915P00420000,420.0,0,0.0,0.0,,0.0,expirationDay
2023-09-18,12701.0,-3.0,0.0,0,443.63,0.0,1,0.8,0.83,SPY231006P00426000,426.0,0,0.0,0.0,,0.0,normalDay
2023-09-19,12701.0,-7.0,0.0,0,442.71,0.0,1,0.8,0.87,SPY231006P00426000,426.0,0,0.0,0.0,,0.0,normalDay
2023-09-20,12701.0,-55.0,0.0,0,438.64,0.0,1,0.8,1.35,SPY231006P00426000,426.0,0,0.0,0.0,,0.0,normalDay
2023-09-21,12701.0,-245.0,0.0,0,431.39,0.0,1,0.8,3.25,SPY231006P00426000,426.0,0,0.0,0.0,,0.0,normalDay
2023-09-22,12701.0,-243.0,0.0,0,430.42,0.0,1,0.8,3.23,SPY231006P00426000,426.0,0,0.0,0.0,,0.0,normalDay
2023-09-25,12701.0,-154.0,0.0,0,432.23,0.0,1,0.8,2.34,SPY231006P00426000,426.0,0,0.0,0.0,,0.0,normalDay
2023-09-26,12701.0,-376.0,0.0,0,425.88,0.0,1,0.8,4.56,SPY231006P00426000,426.0,0,0.0,0.0,,0.0,normalDay
2023-09-27,12701.0,-336.0,0.0,0,426.05,0.0,1,0.8,4.16,SPY231006P00426000,426.0,0,0.0,0.0,,0.0,normalDay
2023-09-28,12701.0,-216.0,0.0,0,428.52,0.0,1,0.8,2.96,SPY231006P00426000,426.0,0,0.0,0.0,,0.0,normalDay
2023-09-29,12701.0,-209.0,0.0,0,427.48,0.0,1,0.8,2.89,SPY231006P00426000,426.0,0,0.0,0.0,,0.0,normalDay
2023-10-02,12701.0,-156.0,0.0,0,427.31,0.0,1,0.8,2.36,SPY231006P00426000,426.0,0,0.0,0.0,,0.0,normalDay
2023-10-03,12701.0,-437.0,0.0,0,421.59,0.0,1,0.8,5.17,SPY231006P00426000,426.0,0,0.0,0.0,,0.0,normalDay
2023-10-04,12701.0,-226.0,0.0,0,424.66,0.0,1,0.8,3.06,SPY231006P00426000,426.0,0,0.0,0.0,,0.0,normalDay
2023-10-05,12701.0,-214.0,0.0,0,424.5,0.0,1,0.8,2.94,SPY231006P00426000,426.0,0,0.0,0.0,,0.0,normalDay
2023-10-06,12781.0,0.0,80.0,0,429.54,0.0,1,0.8,0.0,SPY231006P00426000,426.0,0,0.0,0.0,,0.0,expirationDay
2023-10-09,12781.0,-3.0,0.0,0,432.29,0.0,1,0.34,0.37,SPY231027P00395000,395.0,0,0.0,0.0,,0.0,normalDay
2023-10-10,12781.0,2.0,0.0,0,434.54,0.0,1,0.34,0.32,SPY231027P00395000,395.0,0,0.0,0.0,,0.0,normalDay
2023-10-11,12781.0,11.0,0.0,0,436.32,0.0,1,0.34,0.23,SPY231027P00395000,395.0,0,0.0,0.0,,0.0,normalDay
2023-10-12,12781.0,7.0,0.0,0,433.66,0.0,1,0.34,0.27,SPY231027P00395000,395.0,0,0.0,0.0,,0.0,normalDay
2023-10-13,12781.0,-7.0,0.0,0,431.5,0.0,1,0.34,0.41,SPY231027P00395000,395.0,0,0.0,0.0,,0.0,normalDay
2023-10-16,12781.0,15.0,0.0,0,436.04,0.0,1,0.34,0.19,SPY231027P00395000,395.0,0,0.0,0.0,,0.0,normalDay
2023-10-17,12781.0,15.0,0.0,0,436.02,0.0,1,0.34,0.19,SPY231027P00395000,395.0,0,0.0,0.0,,0.0,normalDay
2023-10-18,12781.0,13.0,0.0,0,430.21,0.0,1,0.34,0.21,SPY231027P00395000,395.0,0,0.0,0.0,,0.0,normalDay
2023-10-19,12781.0,5.0,0.0,0,426.43,0.0,1,0.34,0.29,SPY231027P00395000,395.0,0,0.0,0.0,,0.0,normalDay
2023-10-20,12781.0,11.0,0.0,0,421.19,0.0,1,0.34,0.23,SPY231027P00395000,395.0,0,0.0,0.0,,0.0,normalDay
2023-10-23,12781.0,25.0,0.0,0,420.46,0.0,1,0.34,0.09,SPY231027P00395000,395.0,0,0.0,0.0,,0.0,normalDay
2023-10-24,12781.0,29.0,0.0,0,423.63,0.0,1,0.34,0.05,SPY231027P00395000,395.0,0,0.0,0.0,,0.0,normalDay
2023-10-25,12781.0,29.0,0.0,0,417.55,0.0,1,0.34,0.05,SPY231027P00395000,395.0,0,0.0,0.0,,0.0,normalDay
2023-10-26,12781.0,31.0,0.0,0,412.55,0.0,1,0.34,0.03,SPY231027P00395000,395.0,0,0.0,0.0,,0.0,normalDay
2023-10-27,12815.0,0.0,34.0,0,410.68,0.0,1,0.34,0.0,SPY231027P00395000,395.0,0,0.0,0.0,,0.0,expirationDay
2023-10-30,12815.0,-3.0,0.0,0,415.59,0.0,1,1.17,1.2,SPY231117P00391000,391.0,0,0.0,0.0,,0.0,normalDay
2023-10-31,12815.0,44.0,0.0,0,418.2,0.0,1,1.17,0.73,SPY231117P00391000,391.0,0,0.0,0.0,,0.0,normalDay
2023-11-01,12815.0,77.0,0.0,0,422.66,0.0,1,1.17,0.4,SPY231117P00391000,391.0,0,0.0,0.0,,0.0,normalDay
2023-11-02,12815.0,95.0,0.0,0,430.76,0.0,1,1.17,0.22,SPY231117P00391000,391.0,0,0.0,0.0,,0.0,normalDay
2023-11-03,12815.0,99.0,0.0,0,434.69,0.0,1,1.17,0.18,SPY231117P00391000,391.0,0,0.0,0.0,,0.0,normalDay
2023-11-06,12815.0,105.0,0.0,0,435.69,0.0,1,1.17,0.12,SPY231117P00391000,391.0,0,0.0,0.0,,0.0,normalDay
2023-11-07,12815.0,106.0,0.0,0,436.93,0.0,1,1.17,0.11,SPY231117P00391000,391.0,0,0.0,0.0,,0.0,normalDay
2023-11-08,12815.0,108.0,0.0,0,437.25,0.0,1,1.17,0.09,SPY231117P00391000,391.0,0,0.0,0.0,,0.0,normalDay
2023-11-09,12815.0,107.0,0.0,0,433.84,0.0,1,1.17,0.1,SPY231117P00391000,391.0,0,0.0,0.0,,0.0,normalDay
2023-11-10,12815.0,111.0,0.0,0,440.61,0.0,1,1.17,0.06,SPY231117P00391000,391.0,0,0.0,0.0,,0.0,normalDay
2023-11-13,12815.0,113.0,0.0,0,440.19,0.0,1,1.17,0.04,SPY231117P00391000,391.0,0,0.0,0.0,,0.0,normalDay
2023-11-14,12815.0,113.0,0.0,0,448.73,0.0,1,1.17,0.04,SPY231117P00391000,391.0,0,0.0,0.0,,0.0,normalDay
2023-11-15,12815.0,115.0,0.0,0,449.68,0.0,1,1.17,0.02,SPY231117P00391000,391.0,0,0.0,0.0,,0.0,normalDay
2023-11-16,12815.0,116.0,0.0,0,450.23,0.0,1,1.17,0.01,SPY231117P00391000,391.0,0,0.0,0.0,,0.0,normalDay
2023-11-17,12932.0,0.0,117.0,0,450.79,0.0,1,1.17,0.0,SPY231117P00391000,391.0,0,0.0,0.0,,0.0,expirationDay
2023-11-20,12932.0,-3.0,0.0,0,454.26,0.0,1,0.04,0.07,SPY231208P00370000,370.0,0,0.0,0.0,,0.0,normalDay
2023-11-21,12932.0,-2.0,0.0,0,453.27,0.0,1,0.04,0.06,SPY231208P00370000,370.0,0,0.0,0.0,,0.0,normalDay
2023-11-22,12932.0,-1.0,0.0,0,455.02,0.0,1,0.04,0.05,SPY231208P00370000,370.0,0,0.0,0.0,,0.0,normalDay
2023-11-24,12932.0,0.0,0.0,0,455.3,0.0,1,0.04,0.04,SPY231208P00370000,370.0,0,0.0,0.0,,0.0,normalDay
2023-11-27,12932.0,1.0,0.0,0,454.48,0.0,1,0.04,0.03,SPY231208P00370000,370.0,0,0.0,0.0,,0.0,normalDay
2023-11-28,12932.0,1.0,0.0,0,454.93,0.0,1,0.04,0.03,SPY231208P00370000,370.0,0,0.0,0.0,,0.0,normalDay
2023-11-29,12932.0,1.0,0.0,0,454.61,0.0,1,0.04,0.03,SPY231208P00370000,370.0,0,0.0,0.0,,0.0,normalDay
2023-11-30,12932.0,2.0,0.0,0,456.4,0.0,1,0.04,0.02,SPY231208P00370000,370.0,0,0.0,0.0,,0.0,normalDay
