date,totalCapital,unrializedPnL,rializedPnL,stocksOwned,stocksPriceToday,stocksPriceBoughtAt,putOwned,putOwnedSoldAt,putPriceToday,putOwnedContract,putOwnedStrike,callOwned,callOwnedSoldAt,callPriceToday,callOwnedContract,callOwnedStrike,trackType
2018-11-01,0.0,-5.0,0.0,0,273.51,0.0,1,0.98,1.03,SPY181112P00263500,263.5,0,0.0,0.0,,0.0,normalDay
2018-11-02,0.0,-6.0,0.0,0,271.89,0.0,1,0.98,1.04,SPY181112P00263500,263.5,0,0.0,0.0,,0.0,normalDay
2018-11-05,0.0,34.0,0.0,0,273.39,0.0,1,0.98,0.64,SPY181112P00263500,263.5,0,0.0,0.0,,0.0,normalDay
2018-11-06,0.0,51.0,0.0,0,275.12,0.0,1,0.98,0.47,SPY181112P00263500,263.5,0,0.0,0.0,,0.0,normalDay
2018-11-07,0.0,93.0,0.0,0,281.01,0.0,1,0.98,0.05,SPY181112P00263500,263.5,0,0.0,0.0,,0.0,normalDay
2018-11-08,0.0,94.0,0.0,0,280.5,0.0,1,0.98,0.04,SPY181112P00263500,263.5,0,0.0,0.0,,0.0,normalDay
2018-11-09,0.0,96.0,0.0,0,277.76,0.0,1,0.98,0.02,SPY181112P00263500,263.5,0,0.0,0.0,,0.0,normalDay
2018-11-12,98.0,0.0,98.0,0,272.57,0.0,1,0.98,0.0,SPY181112P00263500,263.5,0,0.0,0.0,,0.0,expirationDay
2018-11-13,98.0,-4.0,0.0,0,272.06,0.0,1,1.18,1.22,SPY181123P00265000,265.0,0,0.0,0.0,,0.0,normalDay
2018-11-14,98.0,-54.0,0.0,0,270.2,0.0,1,1.18,1.72,SPY181123P00265000,265.0,0,0.0,0.0,,0.0,normalDay
2018-11-15,98.0,43.0,0.0,0,273.02,0.0,1,1.18,0.75,SPY181123P00265000,265.0,0,0.0,0.0,,0.0,normalDay
2018-11-16,98.0,85.0,0.0,0,273.73,0.0,1,1.18,0.33,SPY181123P00265000,265.0,0,0.0,0.0,,0.0,normalDay
2018-11-19,98.0,37.0,0.0,0,269.1,0.0,1,1.18,0.81,SPY181123P00265000,265.0,0,0.0,0.0,,0.0,normalDay
2018-11-20,98.0,-137.0,0.0,0,264.12,0.0,1,1.18,2.55,SPY181123P00265000,265.0,0,0.0,0.0,,0.0,normalDay
2018-11-21,98.0,12.0,0.0,0,265.02,0.0,1,1.18,1.06,SPY181123P00265000,265.0,0,0.0,0.0,,0.0,normalDay
2018-11-23,216.0,-175.0,118.0,100,263.25,265.0,1,1.18,0.0,SPY181123P00265000,265.0,0,0.0,0.0,,0.0,expirationDay
2018-11-26,216.0,224.0,0.0,100,267.5,265.0,0,0.0,0.0,,0.0,1,11.28,11.54,SPY190930C00280000,280.0,normalDay
2018-11-27,216.0,268.0,0.0,100,268.4,265.0,0,0.0,0.0,,0.0,1,11.28,12.0,SPY190930C00280000,280.0,normalDay
2018-11-28,216.0,579.0,0.0,100,274.58,265.0,0,0.0,0.0,,0.0,1,11.28,15.07,SPY190930C00280000,280.0,normalDay
2018-11-29,216.0,526.0,0.0,100,273.98,265.0,0,0.0,0.0,,0.0,1,11.28,15.0,SPY190930C00280000,280.0,normalDay
2018-11-30,216.0,602.0,0.0,100,275.65,265.0,0,0.0,0.0,,0.0,1,11.28,15.91,SPY190930C00280000,280.0,normalDay
2018-12-03,216.0,848.0,0.0,100,279.3,265.0,0,0.0,0.0,,0.0,1,11.28,17.1,SPY190930C00280000,280.0,normalDay
2018-12-04,216.0,371.0,0.0,100,270.25,265.0,0,0.0,0.0,,0.0,1,11.28,12.82,SPY190930C00280000,280.0,normalDay
2018-12-06,216.0,340.0,0.0,100,269.84,265.0,0,0.0,0.0,,0.0,1,11.28,12.72,SPY190930C00280000,280.0,normalDay
2018-12-07,216.0,-28.0,0.0,100,263.57,265.0,0,0.0,0.0,,0.0,1,11.28,10.13,SPY190930C00280000,280.0,normalDay
2018-12-10,216.0,-6.0,0.0,100,264.07,265.0,0,0.0,0.0,,0.0,1,11.28,10.41,SPY190930C00280000,280.0,normalDay
2018-12-11,216.0,3.0,0.0,100,264.13,265.0,0,0.0,0.0,,0.0,1,11.28,10.38,SPY190930C00280000,280.0,normalDay
2018-12-12,216.0,83.0,0.0,100,265.46,265.0,0,0.0,0.0,,0.0,1,11.28,10.91,SPY190930C00280000,280.0,normalDay
2018-12-13,216.0,90.0,0.0,100,265.37,265.0,0,0.0,0.0,,0.0,1,11.28,10.75,SPY190930C00280000,280.0,normalDay
2018-12-14,216.0,-231.0,0.0,100,260.47,265.0,0,0.0,0.0,,0.0,1,11.28,9.06,SPY190930C00280000,280.0,normalDay
2018-12-17,216.0,-593.0,0.0,100,255.36,265.0,0,0.0,0.0,,0.0,1,11.28,7.57,SPY190930C00280000,280.0,normalDay
2018-12-18,216.0,-580.0,0.0,100,255.08,265.0,0,0.0,0.0,,0.0,1,11.28,7.16,SPY190930C00280000,280.0,normalDay
2018-12-19,216.0,-845.0,0.0,100,251.26,265.0,0,0.0,0.0,,0.0,1,11.28,5.99,SPY190930C00280000,280.0,normalDay
2018-12-20,216.0,-1192.0,0.0,100,247.17,265.0,0,0.0,0.0,,0.0,1,11.28,5.37,SPY190930C00280000,280.0,normalDay
2018-12-21,216.0,-1667.0,0.0,100,240.7,265.0,0,0.0,0.0,,0.0,1,11.28,3.65,SPY190930C00280000,280.0,normalDay
2018-12-24,216.0,-2268.0,0.0,100,234.34,265.0,0,0.0,0.0,,0.0,1,11.28,3.3,SPY190930C00280000,280.0,normalDay
2018-12-26,216.0,-1233.0,0.0,100,246.18,265.0,0,0.0,0.0,,0.0,1,11.28,4.79,SPY190930C00280000,280.0,normalDay
2018-12-27,216.0,-1130.0,0.0,100,248.07,265.0,0,0.0,0.0,,0.0,1,11.28,5.65,SPY190930C00280000,280.0,normalDay
2018-12-28,216.0,-1103.0,0.0,100,247.75,265.0,0,0.0,0.0,,0.0,1,11.28,5.06,SPY190930C00280000,280.0,normalDay
2018-12-31,216.0,-888.0,0.0,100,249.92,265.0,0,0.0,0.0,,0.0,1,11.28,5.08,SPY190930C00280000,280.0,normalDay
2019-01-02,216.0,-844.0,0.0,100,250.18,265.0,0,0.0,0.0,,0.0,1,11.28,4.9,SPY190930C00280000,280.0,normalDay
2019-01-03,216.0,-1319.0,0.0,100,244.21,265.0,0,0.0,0.0,,0.0,1,11.28,3.68,SPY190930C00280000,280.0,normalDay
2019-01-04,216.0,-669.0,0.0,100,252.39,265.0,0,0.0,0.0,,0.0,1,11.28,5.36,SPY190930C00280000,280.0,normalDay
2019-01-07,216.0,-502.0,0.0,100,254.38,265.0,0,0.0,0.0,,0.0,1,11.28,5.68,SPY190930C00280000,280.0,normalDay
2019-01-08,216.0,-333.0,0.0,100,256.77,265.0,0,0.0,0.0,,0.0,1,11.28,6.38,SPY190930C00280000,280.0,normalDay
2019-01-09,216.0,-223.0,0.0,100,257.97,265.0,0,0.0,0.0,,0.0,1,11.28,6.48,SPY190930C00280000,280.0,normalDay
2019-01-10,216.0,-159.0,0.0,100,258.88,265.0,0,0.0,0.0,,0.0,1,11.28,6.75,SPY190930C00280000,280.0,normalDay
2019-01-11,216.0,-98.0,0.0,100,258.98,265.0,0,0.0,0.0,,0.0,1,11.28,6.24,SPY190930C00280000,280.0,normalDay
2019-01-14,216.0,-180.0,0.0,100,257.4,265.0,0,0.0,0.0,,0.0,1,11.28,5.48,SPY190930C00280000,280.0,normalDay
2019-01-15,216.0,70.0,0.0,100,260.35,265.0,0,0.0,0.0,,0.0,1,11.28,5.93,SPY190930C00280000,280.0,normalDay
2019-01-16,216.0,114.0,0.0,100,260.98,265.0,0,0.0,0.0,,0.0,1,11.28,6.12,SPY190930C00280000,280.0,normalDay
2019-01-17,216.0,232.0,0.0,100,262.96,265.0,0,0.0,0.0,,0.0,1,11.28,6.92,SPY190930C00280000,280.0,normalDay
2019-01-18,216.0,452.0,0.0,100,266.46,265.0,0,0.0,0.0,,0.0,1,11.28,8.22,SPY190930C00280000,280.0,normalDay
2019-01-22,216.0,193.0,0.0,100,262.86,265.0,0,0.0,0.0,,0.0,1,11.28,7.21,SPY190930C00280000,280.0,normalDay
2019-01-23,216.0,256.0,0.0,100,263.41,265.0,0,0.0,0.0,,0.0,1,11.28,7.13,SPY190930C00280000,280.0,normalDay
2019-01-24,216.0,310.0,0.0,100,263.55,265.0,0,0.0,0.0,,0.0,1,11.28,6.73,SPY190930C00280000,280.0,normalDay
2019-01-25,216.0,419.0,0.0,100,265.78,265.0,0,0.0,0.0,,0.0,1,11.28,7.87,SPY190930C00280000,280.0,normalDay
2019-01-28,216.0,305.0,0.0,100,263.76,265.0,0,0.0,0.0,,0.0,1,11.28,6.99,SPY190930C00280000,280.0,normalDay
2019-01-29,216.0,291.0,0.0,100,263.41,265.0,0,0.0,0.0,,0.0,1,11.28,6.78,SPY190930C00280000,280.0,normalDay
2019-01-30,216.0,560.0,0.0,100,267.58,265.0,0,0.0,0.0,,0.0,1,11.28,8.26,SPY190930C00280000,280.0,normalDay
2019-01-31,216.0,693.0,0.0,100,269.93,265.0,0,0.0,0.0,,0.0,1,11.28,9.28,SPY190930C00280000,280.0,normalDay
2019-02-01,216.0,724.0,0.0,100,270.06,265.0,0,0.0,0.0,,0.0,1,11.28,9.1,SPY190930C00280000,280.0,normalDay
2019-02-04,216.0,854.0,0.0,100,271.96,265.0,0,0.0,0.0,,0.0,1,11.28,9.7,SPY190930C00280000,280.0,normalDay
2019-02-05,216.0,938.0,0.0,100,273.1,265.0,0,0.0,0.0,,0.0,1,11.28,10.0,SPY190930C00280000,280.0,normalDay
2019-02-06,216.0,923.0,0.0,100,272.74,265.0,0,0.0,0.0,,0.0,1,11.28,9.79,SPY190930C00280000,280.0,normalDay
2019-02-07,216.0,774.0,0.0,100,270.14,265.0,0,0.0,0.0,,0.0,1,11.28,8.68,SPY190930C00280000,280.0,normalDay
2019-02-08,216.0,811.0,0.0,100,270.47,265.0,0,0.0,0.0,,0.0,1,11.28,8.64,SPY190930C00280000,280.0,normalDay
2019-02-11,216.0,828.0,0.0,100,270.62,265.0,0,0.0,0.0,,0.0,1,11.28,8.62,SPY190930C00280000,280.0,normalDay
2019-02-12,216.0,1005.0,0.0,100,274.1,265.0,0,0.0,0.0,,0.0,1,11.28,10.33,SPY190930C00280000,280.0,normalDay
2019-02-13,216.0,1056.0,0.0,100,274.99,265.0,0,0.0,0.0,,0.0,1,11.28,10.71,SPY190930C00280000,280.0,normalDay
2019-02-14,216.0,1013.0,0.0,100,274.38,265.0,0,0.0,0.0,,0.0,1,11.28,10.53,SPY190930C00280000,280.0,normalDay
2019-02-15,216.0,1170.0,0.0,100,277.37,265.0,0,0.0,0.0,,0.0,1,11.28,11.95,SPY190930C00280000,280.0,normalDay
2019-02-19,216.0,1236.0,0.0,100,277.85,265.0,0,0.0,0.0,,0.0,1,11.28,11.77,SPY190930C00280000,280.0,normalDay
2019-02-20,216.0,1277.0,0.0,100,278.41,265.0,0,0.0,0.0,,0.0,1,11.28,11.92,SPY190930C00280000,280.0,normalDay
2019-02-21,216.0,1231.0,0.0,100,277.42,265.0,0,0.0,0.0,,0.0,1,11.28,11.39,SPY190930C00280000,280.0,normalDay
2019-02-22,216.0,1331.0,0.0,100,279.14,265.0,0,0.0,0.0,,0.0,1,11.28,12.11,SPY190930C00280000,280.0,normalDay
2019-02-25,216.0,1332.0,0.0,100,279.52,265.0,0,0.0,0.0,,0.0,1,11.28,12.48,SPY190930C00280000,280.0,normalDay
2019-02-26,216.0,1327.0,0.0,100,279.32,265.0,0,0.0,0.0,,0.0,1,11.28,12.33,SPY190930C00280000,280.0,normalDay
2019-02-27,216.0,1321.0,0.0,100,279.2,265.0,0,0.0,0.0,,0.0,1,11.28,12.27,SPY190930C00280000,280.0,normalDay
2019-02-28,216.0,1314.0,0.0,100,278.68,265.0,0,0.0,0.0,,0.0,1,11.28,11.82,SPY190930C00280000,280.0,normalDay
2019-03-01,216.0,1410.0,0.0,100,280.42,265.0,0,0.0,0.0,,0.0,1,11.28,12.6,SPY190930C00280000,280.0,normalDay
2019-03-04,216.0,1369.0,0.0,100,279.4,265.0,0,0.0,0.0,,0.0,1,11.28,11.99,SPY190930C00280000,280.0,normalDay
2019-03-05,216.0,1354.0,0.0,100,279.02,265.0,0,0.0,0.0,,0.0,1,11.28,11.76,SPY190930C00280000,280.0,normalDay
2019-03-06,216.0,1262.0,0.0,100,277.33,265.0,0,0.0,0.0,,0.0,1,11.28,10.99,SPY190930C00280000,280.0,normalDay
2019-03-07,216.0,1126.0,0.0,100,275.01,265.0,0,0.0,0.0,,0.0,1,11.28,10.03,SPY190930C00280000,280.0,normalDay
2019-03-08,216.0,1104.0,0.0,100,274.46,265.0,0,0.0,0.0,,0.0,1,11.28,9.7,SPY190930C00280000,280.0,normalDay
2019-03-11,216.0,1342.0,0.0,100,278.44,265.0,0,0.0,0.0,,0.0,1,11.28,11.3,SPY190930C00280000,280.0,normalDay
2019-03-12,216.0,1417.0,0.0,100,279.49,265.0,0,0.0,0.0,,0.0,1,11.28,11.6,SPY190930C00280000,280.0,normalDay
2019-03-13,216.0,1483.0,0.0,100,281.34,265.0,0,0.0,0.0,,0.0,1,11.28,12.79,SPY190930C00280000,280.0,normalDay
2019-03-14,216.0,1497.0,0.0,100,281.16,265.0,0,0.0,0.0,,0.0,1,11.28,12.47,SPY190930C00280000,280.0,normalDay
2019-03-15,216.0,1438.0,0.0,100,281.31,265.0,0,0.0,0.0,,0.0,1,11.28,13.21,SPY190930C00280000,280.0,normalDay
2019-03-18,216.0,1456.0,0.0,100,282.33,265.0,0,0.0,0.0,,0.0,1,11.28,14.05,SPY190930C00280000,280.0,normalDay
2019-03-19,216.0,1474.0,0.0,100,282.4,265.0,0,0.0,0.0,,0.0,1,11.28,13.94,SPY190930C00280000,280.0,normalDay
2019-03-20,216.0,1443.0,0.0,100,281.55,265.0,0,0.0,0.0,,0.0,1,11.28,13.4,SPY190930C00280000,280.0,normalDay
2019-03-21,216.0,1554.0,0.0,100,284.73,265.0,0,0.0,0.0,,0.0,1,11.28,15.47,SPY190930C00280000,280.0,normalDay
2019-03-22,216.0,1243.0,0.0,100,279.25,265.0,0,0.0,0.0,,0.0,1,11.28,13.1,SPY190930C00280000,280.0,normalDay
2019-03-25,216.0,1274.0,0.0,100,279.04,265.0,0,0.0,0.0,,0.0,1,11.28,12.58,SPY190930C00280000,280.0,normalDay
2019-03-26,216.0,1409.0,0.0,100,281.12,265.0,0,0.0,0.0,,0.0,1,11.28,13.31,SPY190930C00280000,280.0,normalDay
2019-03-27,216.0,1324.0,0.0,100,279.65,265.0,0,0.0,0.0,,0.0,1,11.28,12.69,SPY190930C00280000,280.0,normalDay
2019-03-28,216.0,1386.0,0.0,100,280.71,265.0,0,0.0,0.0,,0.0,1,11.28,13.13,SPY190930C00280000,280.0,normalDay
2019-03-29,216.0,1460.0,0.0,100,282.48,265.0,0,0.0,0.0,,0.0,1,11.28,14.16,SPY190930C00280000,280.0,normalDay
2019-04-01,216.0,1623.0,0.0,100,285.83,265.0,0,0.0,0.0,,0.0,1,11.28,15.88,SPY190930C00280000,280.0,normalDay
2019-04-02,216.0,1644.0,0.0,100,285.97,265.0,0,0.0,0.0,,0.0,1,11.28,15.81,SPY190930C00280000,280.0,normalDay
2019-04-03,216.0,1631.0,0.0,100,286.42,265.0,0,0.0,0.0,,0.0,1,11.28,16.39,SPY190930C00280000,280.0,normalDay
2019-04-04,216.0,1670.0,0.0,100,287.18,265.0,0,0.0,0.0,,0.0,1,11.28,16.76,SPY190930C00280000,280.0,normalDay
2019-04-05,216.0,1732.0,0.0,100,288.57,265.0,0,0.0,0.0,,0.0,1,11.28,17.53,SPY190930C00280000,280.0,normalDay
2019-04-08,216.0,1744.0,0.0,100,288.79,265.0,0,0.0,0.0,,0.0,1,11.28,17.63,SPY190930C00280000,280.0,normalDay
2019-04-09,216.0,1697.0,0.0,100,287.31,265.0,0,0.0,0.0,,0.0,1,11.28,16.62,SPY190930C00280000,280.0,normalDay
2019-04-10,216.0,1728.0,0.0,100,288.29,265.0,0,0.0,0.0,,0.0,1,11.28,17.29,SPY190930C00280000,280.0,normalDay
2019-04-11,216.0,1748.0,0.0,100,288.21,265.0,0,0.0,0.0,,0.0,1,11.28,17.01,SPY190930C00280000,280.0,normalDay
2019-04-12,216.0,1815.0,0.0,100,290.16,265.0,0,0.0,0.0,,0.0,1,11.28,18.29,SPY190930C00280000,280.0,normalDay
2019-04-15,216.0,1819.0,0.0,100,289.97,265.0,0,0.0,0.0,,0.0,1,11.28,18.06,SPY190930C00280000,280.0,normalDay
2019-04-16,216.0,1840.0,0.0,100,290.16,265.0,0,0.0,0.0,,0.0,1,11.28,18.04,SPY190930C00280000,280.0,normalDay
2019-04-17,216.0,1829.0,0.0,100,289.45,265.0,0,0.0,0.0,,0.0,1,11.28,17.44,SPY190930C00280000,280.0,normalDay
2019-04-18,216.0,1831.0,0.0,100,290.02,265.0,0,0.0,0.0,,0.0,1,11.28,17.99,SPY190930C00280000,280.0,normalDay
2019-04-22,216.0,1839.0,0.0,100,290.27,265.0,0,0.0,0.0,,0.0,1,11.28,18.16,SPY190930C00280000,280.0,normalDay
2019-04-23,216.0,1919.0,0.0,100,292.88,265.0,0,0.0,0.0,,0.0,1,11.28,19.97,SPY190930C00280000,280.0,normalDay
2019-04-24,216.0,1888.0,0.0,100,292.23,265.0,0,0.0,0.0,,0.0,1,11.28,19.63,SPY190930C00280000,280.0,normalDay
2019-04-25,216.0,1897.0,0.0,100,292.05,265.0,0,0.0,0.0,,0.0,1,11.28,19.36,SPY190930C00280000,280.0,normalDay
2019-04-26,216.0,1938.0,0.0,100,293.41,265.0,0,0.0,0.0,,0.0,1,11.28,20.31,SPY190930C00280000,280.0,normalDay
2019-04-29,216.0,1958.0,0.0,100,293.87,265.0,0,0.0,0.0,,0.0,1,11.28,20.57,SPY190930C00280000,280.0,normalDay
2019-04-30,216.0,1939.0,0.0,100,294.02,265.0,0,0.0,0.0,,0.0,1,11.28,20.91,SPY190930C00280000,280.0,normalDay
2019-05-01,216.0,1884.0,0.0,100,291.81,265.0,0,0.0,0.0,,0.0,1,11.28,19.25,SPY190930C00280000,280.0,normalDay
2019-05-02,216.0,1883.0,0.0,100,291.18,265.0,0,0.0,0.0,,0.0,1,11.28,18.63,SPY190930C00280000,280.0,normalDay
2019-05-03,216.0,1966.0,0.0,100,294.03,265.0,0,0.0,0.0,,0.0,1,11.28,20.65,SPY190930C00280000,280.0,normalDay
2019-05-06,216.0,1920.0,0.0,100,292.82,265.0,0,0.0,0.0,,0.0,1,11.28,19.9,SPY190930C00280000,280.0,normalDay
2019-05-07,216.0,1657.0,0.0,100,287.93,265.0,0,0.0,0.0,,0.0,1,11.28,17.64,SPY190930C00280000,280.0,normalDay
2019-05-08,216.0,1668.0,0.0,100,287.53,265.0,0,0.0,0.0,,0.0,1,11.28,17.13,SPY190930C00280000,280.0,normalDay
2019-05-09,216.0,1670.0,0.0,100,286.66,265.0,0,0.0,0.0,,0.0,1,11.28,16.24,SPY190930C00280000,280.0,normalDay
2019-05-10,216.0,1813.0,0.0,100,288.1,265.0,0,0.0,0.0,,0.0,1,11.28,16.25,SPY190930C00280000,280.0,normalDay
2019-05-13,216.0,1498.0,0.0,100,280.86,265.0,0,0.0,0.0,,0.0,1,11.28,12.16,SPY190930C00280000,280.0,normalDay
2019-05-14,216.0,1633.0,0.0,100,283.4,265.0,0,0.0,0.0,,0.0,1,11.28,13.35,SPY190930C00280000,280.0,normalDay
2019-05-15,216.0,1716.0,0.0,100,285.06,265.0,0,0.0,0.0,,0.0,1,11.28,14.18,SPY190930C00280000,280.0,normalDay
2019-05-16,216.0,1845.0,0.0,100,287.7,265.0,0,0.0,0.0,,0.0,1,11.28,15.53,SPY190930C00280000,280.0,normalDay
2019-05-17,216.0,1768.0,0.0,100,285.84,265.0,0,0.0,0.0,,0.0,1,11.28,14.44,SPY190930C00280000,280.0,normalDay
2019-05-20,216.0,1703.0,0.0,100,283.95,265.0,0,0.0,0.0,,0.0,1,11.28,13.2,SPY190930C00280000,280.0,normalDay
2019-05-21,216.0,1839.0,0.0,100,286.51,265.0,0,0.0,0.0,,0.0,1,11.28,14.4,SPY190930C00280000,280.0,normalDay
2019-05-22,216.0,1823.0,0.0,100,285.63,265.0,0,0.0,0.0,,0.0,1,11.28,13.68,SPY190930C00280000,280.0,normalDay
2019-05-23,216.0,1671.0,0.0,100,282.14,265.0,0,0.0,0.0,,0.0,1,11.28,11.71,SPY190930C00280000,280.0,normalDay
2019-05-24,216.0,1695.0,0.0,100,282.78,265.0,0,0.0,0.0,,0.0,1,11.28,12.11,SPY190930C00280000,280.0,normalDay
2019-05-28,216.0,1575.0,0.0,100,280.15,265.0,0,0.0,0.0,,0.0,1,11.28,10.68,SPY190930C00280000,280.0,normalDay
2019-05-29,216.0,1504.0,0.0,100,278.27,265.0,0,0.0,0.0,,0.0,1,11.28,9.51,SPY190930C00280000,280.0,normalDay
2019-05-30,216.0,1552.0,0.0,100,279.03,265.0,0,0.0,0.0,,0.0,1,11.28,9.79,SPY190930C00280000,280.0,normalDay
2019-05-31,216.0,1356.0,0.0,100,275.27,265.0,0,0.0,0.0,,0.0,1,11.28,7.99,SPY190930C00280000,280.0,normalDay
2019-06-03,216.0,1329.0,0.0,100,274.57,265.0,0,0.0,0.0,,0.0,1,11.28,7.56,SPY190930C00280000,280.0,normalDay
2019-06-04,216.0,1659.0,0.0,100,280.53,265.0,0,0.0,0.0,,0.0,1,11.28,10.22,SPY190930C00280000,280.0,normalDay
2019-06-05,216.0,1772.0,0.0,100,282.96,265.0,0,0.0,0.0,,0.0,1,11.28,11.52,SPY190930C00280000,280.0,normalDay
2019-06-06,216.0,1855.0,0.0,100,284.8,265.0,0,0.0,0.0,,0.0,1,11.28,12.53,SPY190930C00280000,280.0,normalDay
2019-06-07,216.0,1938.0,0.0,100,287.65,265.0,0,0.0,0.0,,0.0,1,11.28,14.55,SPY190930C00280000,280.0,normalDay
2019-06-10,216.0,1989.0,0.0,100,288.97,265.0,0,0.0,0.0,,0.0,1,11.28,15.36,SPY190930C00280000,280.0,normalDay
2019-06-11,216.0,1991.0,0.0,100,288.9,265.0,0,0.0,0.0,,0.0,1,11.28,15.27,SPY190930C00280000,280.0,normalDay
2019-06-12,216.0,1977.0,0.0,100,288.39,265.0,0,0.0,0.0,,0.0,1,11.28,14.9,SPY190930C00280000,280.0,normalDay
2019-06-13,216.0,2013.0,0.0,100,289.58,265.0,0,0.0,0.0,,0.0,1,11.28,15.73,SPY190930C00280000,280.0,normalDay
2019-06-14,216.0,2005.0,0.0,100,289.26,265.0,0,0.0,0.0,,0.0,1,11.28,15.49,SPY190930C00280000,280.0,normalDay
2019-06-17,216.0,2029.0,0.0,100,289.37,265.0,0,0.0,0.0,,0.0,1,11.28,15.36,SPY190930C00280000,280.0,normalDay
2019-06-18,216.0,2112.0,0.0,100,292.4,265.0,0,0.0,0.0,,0.0,1,11.28,17.56,SPY190930C00280000,280.0,normalDay
2019-06-19,216.0,2140.0,0.0,100,293.06,265.0,0,0.0,0.0,,0.0,1,11.28,17.94,SPY190930C00280000,280.0,normalDay
2019-06-20,216.0,2213.0,0.0,100,295.86,265.0,0,0.0,0.0,,0.0,1,11.28,20.01,SPY190930C00280000,280.0,normalDay
2019-06-21,216.0,2039.0,0.0,100,294.0,265.0,0,0.0,0.0,,0.0,1,11.28,19.89,SPY190930C00280000,280.0,normalDay
2019-06-24,216.0,2051.0,0.0,100,293.64,265.0,0,0.0,0.0,,0.0,1,11.28,19.41,SPY190930C00280000,280.0,normalDay
2019-06-25,216.0,1974.0,0.0,100,290.76,265.0,0,0.0,0.0,,0.0,1,11.28,17.3,SPY190930C00280000,280.0,normalDay
2019-06-26,216.0,1991.0,0.0,100,290.47,265.0,0,0.0,0.0,,0.0,1,11.28,16.84,SPY190930C00280000,280.0,normalDay
2019-06-27,216.0,1998.0,0.0,100,291.5,265.0,0,0.0,0.0,,0.0,1,11.28,17.8,SPY190930C00280000,280.0,normalDay
2019-06-28,216.0,2018.0,0.0,100,293.0,265.0,0,0.0,0.0,,0.0,1,11.28,19.1,SPY190930C00280000,280.0,normalDay
2019-07-01,216.0,2166.0,0.0,100,295.66,265.0,0,0.0,0.0,,0.0,1,11.28,20.28,SPY190930C00280000,280.0,normalDay
2019-07-02,216.0,2201.0,0.0,100,296.43,265.0,0,0.0,0.0,,0.0,1,11.28,20.7,SPY190930C00280000,280.0,normalDay
2019-07-03,216.0,2244.0,0.0,100,298.8,265.0,0,0.0,0.0,,0.0,1,11.28,22.64,SPY190930C00280000,280.0,normalDay
2019-07-05,216.0,2281.0,0.0,100,298.46,265.0,0,0.0,0.0,,0.0,1,11.28,21.93,SPY190930C00280000,280.0,normalDay
2019-07-08,216.0,2216.0,0.0,100,296.82,265.0,0,0.0,0.0,,0.0,1,11.28,20.94,SPY190930C00280000,280.0,normalDay
2019-07-09,216.0,2237.0,0.0,100,297.19,265.0,0,0.0,0.0,,0.0,1,11.28,21.1,SPY190930C00280000,280.0,normalDay
2019-07-10,216.0,2263.0,0.0,100,298.61,265.0,0,0.0,0.0,,0.0,1,11.28,22.26,SPY190930C00280000,280.0,normalDay
2019-07-11,216.0,2281.0,0.0,100,299.31,265.0,0,0.0,0.0,,0.0,1,11.28,22.78,SPY190930C00280000,280.0,normalDay
2019-07-12,216.0,2320.0,0.0,100,300.65,265.0,0,0.0,0.0,,0.0,1,11.28,23.73,SPY190930C00280000,280.0,normalDay
2019-07-15,216.0,2325.0,0.0,100,300.75,265.0,0,0.0,0.0,,0.0,1,11.28,23.78,SPY190930C00280000,280.0,normalDay
2019-07-16,216.0,2305.0,0.0,100,299.78,265.0,0,0.0,0.0,,0.0,1,11.28,23.01,SPY190930C00280000,280.0,normalDay
2019-07-17,216.0,2273.0,0.0,100,297.74,265.0,0,0.0,0.0,,0.0,1,11.28,21.29,SPY190930C00280000,280.0,normalDay
2019-07-18,216.0,2301.0,0.0,100,298.83,265.0,0,0.0,0.0,,0.0,1,11.28,22.1,SPY190930C00280000,280.0,normalDay
2019-07-19,216.0,2284.0,0.0,100,297.17,265.0,0,0.0,0.0,,0.0,1,11.28,20.61,SPY190930C00280000,280.0,normalDay
2019-07-22,216.0,2325.0,0.0,100,297.9,265.0,0,0.0,0.0,,0.0,1,11.28,20.93,SPY190930C00280000,280.0,normalDay
2019-07-23,216.0,2373.0,0.0,100,300.03,265.0,0,0.0,0.0,,0.0,1,11.28,22.58,SPY190930C00280000,280.0,normalDay
2019-07-24,216.0,2399.0,0.0,100,301.44,265.0,0,0.0,0.0,,0.0,1,11.28,23.73,SPY190930C00280000,280.0,normalDay
2019-07-25,216.0,2367.0,0.0,100,300.0,265.0,0,0.0,0.0,,0.0,1,11.28,22.61,SPY190930C00280000,280.0,normalDay
2019-07-26,216.0,2406.0,0.0,100,302.01,265.0,0,0.0,0.0,,0.0,1,11.28,24.23,SPY190930C00280000,280.0,normalDay
2019-07-29,216.0,2384.0,0.0,100,301.46,265.0,0,0.0,0.0,,0.0,1,11.28,23.9,SPY190930C00280000,280.0,normalDay
2019-07-30,216.0,2387.0,0.0,100,300.72,265.0,0,0.0,0.0,,0.0,1,11.28,23.13,SPY190930C00280000,280.0,normalDay
2019-07-31,216.0,2327.0,0.0,100,297.43,265.0,0,0.0,0.0,,0.0,1,11.28,20.44,SPY190930C00280000,280.0,normalDay
2019-08-01,216.0,2223.0,0.0,100,294.84,265.0,0,0.0,0.0,,0.0,1,11.28,18.89,SPY190930C00280000,280.0,normalDay
2019-08-02,216.0,2181.0,0.0,100,292.62,265.0,0,0.0,0.0,,0.0,1,11.28,17.09,SPY190930C00280000,280.0,normalDay
2019-08-05,216.0,1874.0,0.0,100,283.82,265.0,0,0.0,0.0,,0.0,1,11.28,11.36,SPY190930C00280000,280.0,normalDay
2019-08-06,216.0,2075.0,0.0,100,287.8,265.0,0,0.0,0.0,,0.0,1,11.28,13.33,SPY190930C00280000,280.0,normalDay
2019-08-07,216.0,2089.0,0.0,100,287.97,265.0,0,0.0,0.0,,0.0,1,11.28,13.36,SPY190930C00280000,280.0,normalDay
2019-08-08,216.0,2275.0,0.0,100,293.62,265.0,0,0.0,0.0,,0.0,1,11.28,17.15,SPY190930C00280000,280.0,normalDay
2019-08-09,216.0,2211.0,0.0,100,291.62,265.0,0,0.0,0.0,,0.0,1,11.28,15.79,SPY190930C00280000,280.0,normalDay
2019-08-12,216.0,2104.0,0.0,100,288.07,265.0,0,0.0,0.0,,0.0,1,11.28,13.31,SPY190930C00280000,280.0,normalDay
2019-08-13,216.0,2264.0,0.0,100,292.55,265.0,0,0.0,0.0,,0.0,1,11.28,16.19,SPY190930C00280000,280.0,normalDay
2019-08-14,216.0,1943.0,0.0,100,283.9,265.0,0,0.0,0.0,,0.0,1,11.28,10.75,SPY190930C00280000,280.0,normalDay
2019-08-15,216.0,1998.0,0.0,100,284.65,265.0,0,0.0,0.0,,0.0,1,11.28,10.95,SPY190930C00280000,280.0,normalDay
2019-08-16,216.0,2212.0,0.0,100,288.85,265.0,0,0.0,0.0,,0.0,1,11.28,13.01,SPY190930C00280000,280.0,normalDay
2019-08-19,216.0,2356.0,0.0,100,292.33,265.0,0,0.0,0.0,,0.0,1,11.28,15.05,SPY190930C00280000,280.0,normalDay
2019-08-20,216.0,2310.0,0.0,100,290.09,265.0,0,0.0,0.0,,0.0,1,11.28,13.27,SPY190930C00280000,280.0,normalDay
2019-08-21,216.0,2360.0,0.0,100,292.45,265.0,0,0.0,0.0,,0.0,1,11.28,15.13,SPY190930C00280000,280.0,normalDay
2019-08-22,216.0,2376.0,0.0,100,292.36,265.0,0,0.0,0.0,,0.0,1,11.28,14.88,SPY190930C00280000,280.0,normalDay
2019-08-23,216.0,2073.0,0.0,100,284.85,265.0,0,0.0,0.0,,0.0,1,11.28,10.4,SPY190930C00280000,280.0,normalDay
2019-08-26,216.0,2238.0,0.0,100,288.0,265.0,0,0.0,0.0,,0.0,1,11.28,11.9,SPY190930C00280000,280.0,normalDay
2019-08-27,216.0,2222.0,0.0,100,286.87,265.0,0,0.0,0.0,,0.0,1,11.28,10.93,SPY190930C00280000,280.0,normalDay
2019-08-28,216.0,2293.0,0.0,100,288.89,265.0,0,0.0,0.0,,0.0,1,11.28,12.24,SPY190930C00280000,280.0,normalDay
2019-08-29,216.0,2406.0,0.0,100,292.58,265.0,0,0.0,0.0,,0.0,1,11.28,14.8,SPY190930C00280000,280.0,normalDay
2019-08-30,216.0,2394.0,0.0,100,292.45,265.0,0,0.0,0.0,,0.0,1,11.28,14.79,SPY190930C00280000,280.0,normalDay
2019-09-03,216.0,2395.0,0.0,100,290.74,265.0,0,0.0,0.0,,0.0,1,11.28,13.07,SPY190930C00280000,280.0,normalDay
2019-09-04,216.0,2493.0,0.0,100,294.04,265.0,0,0.0,0.0,,0.0,1,11.28,15.39,SPY190930C00280000,280.0,normalDay
2019-09-05,216.0,2578.0,0.0,100,297.82,265.0,0,0.0,0.0,,0.0,1,11.28,18.32,SPY190930C00280000,280.0,normalDay
2019-09-06,216.0,2550.0,0.0,100,298.05,265.0,0,0.0,0.0,,0.0,1,11.28,18.83,SPY190930C00280000,280.0,normalDay
2019-09-09,216.0,2586.0,0.0,100,298.2,265.0,0,0.0,0.0,,0.0,1,11.28,18.62,SPY190930C00280000,280.0,normalDay
2019-09-10,216.0,2591.0,0.0,100,298.13,265.0,0,0.0,0.0,,0.0,1,11.28,18.5,SPY190930C00280000,280.0,normalDay
2019-09-11,216.0,2586.0,0.0,100,300.25,265.0,0,0.0,0.0,,0.0,1,11.28,20.67,SPY190930C00280000,280.0,normalDay
2019-09-12,216.0,2572.0,0.0,100,301.29,265.0,0,0.0,0.0,,0.0,1,11.28,21.85,SPY190930C00280000,280.0,normalDay
2019-09-13,216.0,2594.0,0.0,100,301.09,265.0,0,0.0,0.0,,0.0,1,11.28,21.43,SPY190930C00280000,280.0,normalDay
2019-09-16,216.0,2581.0,0.0,100,300.16,265.0,0,0.0,0.0,,0.0,1,11.28,20.63,SPY190930C00280000,280.0,normalDay
2019-09-17,216.0,2609.0,0.0,100,300.92,265.0,0,0.0,0.0,,0.0,1,11.28,21.11,SPY190930C00280000,280.0,normalDay
2019-09-18,216.0,2583.0,0.0,100,301.1,265.0,0,0.0,0.0,,0.0,1,11.28,21.55,SPY190930C00280000,280.0,normalDay
2019-09-19,216.0,2605.0,0.0,100,301.08,265.0,0,0.0,0.0,,0.0,1,11.28,21.31,SPY190930C00280000,280.0,normalDay
2019-09-20,216.0,2593.0,0.0,100,298.28,265.0,0,0.0,0.0,,0.0,1,11.28,18.63,SPY190930C00280000,280.0,normalDay
2019-09-23,216.0,2581.0,0.0,100,298.21,265.0,0,0.0,0.0,,0.0,1,11.28,18.68,SPY190930C00280000,280.0,normalDay
2019-09-24,216.0,2571.0,0.0,100,295.87,265.0,0,0.0,0.0,,0.0,1,11.28,16.44,SPY190930C00280000,280.0,normalDay
2019-09-25,216.0,2623.0,0.0,100,297.62,265.0,0,0.0,0.0,,0.0,1,11.28,17.67,SPY190930C00280000,280.0,normalDay
2019-09-26,216.0,2604.0,0.0,100,297.0,265.0,0,0.0,0.0,,0.0,1,11.28,17.24,SPY190930C00280000,280.0,normalDay
2019-09-27,216.0,2607.0,0.0,100,295.4,265.0,0,0.0,0.0,,0.0,1,11.28,15.61,SPY190930C00280000,280.0,normalDay
2019-09-30,2844.0,2607.0,2628.0,0,296.77,0.0,0,0.0,0.0,,0.0,1,11.28,0.0,SPY190930C00280000,280.0,expirationDay
2019-10-01,2844.0,-5.0,0.0,0,293.24,0.0,1,3.52,3.57,SPY191011P00294000,294.0,0,0.0,0.0,,0.0,normalDay
2019-10-02,2844.0,-376.0,0.0,0,288.06,0.0,1,3.52,7.28,SPY191011P00294000,294.0,0,0.0,0.0,,0.0,normalDay
2019-10-03,2844.0,-139.0,0.0,0,290.42,0.0,1,3.52,4.91,SPY191011P00294000,294.0,0,0.0,0.0,,0.0,normalDay
2019-10-04,2844.0,117.0,0.0,0,294.35,0.0,1,3.52,2.35,SPY191011P00294000,294.0,0,0.0,0.0,,0.0,normalDay
2019-10-07,2844.0,82.0,0.0,0,293.08,0.0,1,3.52,2.7,SPY191011P00294000,294.0,0,0.0,0.0,,0.0,normalDay
2019-10-08,2844.0,-232.0,0.0,0,288.53,0.0,1,3.52,5.84,SPY191011P00294000,294.0,0,0.0,0.0,,0.0,normalDay
2019-10-09,2844.0,-7.0,0.0,0,291.27,0.0,1,3.52,3.59,SPY191011P00294000,294.0,0,0.0,0.0,,0.0,normalDay
2019-10-10,2844.0,164.0,0.0,0,293.24,0.0,1,3.52,1.88,SPY191011P00294000,294.0,0,0.0,0.0,,0.0,normalDay
2019-10-11,3196.0,0.0,352.0,0,296.28,0.0,1,3.52,0.0,SPY191011P00294000,294.0,0,0.0,0.0,,0.0,expirationDay
2019-10-14,3196.0,-3.0,0.0,0,295.95,0.0,1,0.91,0.94,SPY191025P00289000,289.0,0,0.0,0.0,,0.0,normalDay
2019-10-15,3196.0,53.0,0.0,0,298.88,0.0,1,0.91,0.38,SPY191025P00289000,289.0,0,0.0,0.0,,0.0,normalDay
2019-10-16,3196.0,60.0,0.0,0,298.4,0.0,1,0.91,0.31,SPY191025P00289000,289.0,0,0.0,0.0,,0.0,normalDay
2019-10-17,3196.0,72.0,0.0,0,299.28,0.0,1,0.91,0.19,SPY191025P00289000,289.0,0,0.0,0.0,,0.0,normalDay
2019-10-18,3196.0,73.0,0.0,0,297.97,0.0,1,0.91,0.18,SPY191025P00289000,289.0,0,0.0,0.0,,0.0,normalDay
2019-10-21,3196.0,86.0,0.0,0,299.99,0.0,1,0.91,0.05,SPY191025P00289000,289.0,0,0.0,0.0,,0.0,normalDay
2019-10-22,3196.0,85.0,0.0,0,299.01,0.0,1,0.91,0.06,SPY191025P00289000,289.0,0,0.0,0.0,,0.0,normalDay
2019-10-23,3196.0,89.0,0.0,0,299.88,0.0,1,0.91,0.02,SPY191025P00289000,289.0,0,0.0,0.0,,0.0,normalDay
2019-10-24,3196.0,90.0,0.0,0,300.37,0.0,1,0.91,0.01,SPY191025P00289000,289.0,0,0.0,0.0,,0.0,normalDay
2019-10-25,3287.0,0.0,91.0,0,301.6,0.0,1,0.91,0.0,SPY191025P00289000,289.0,0,0.0,0.0,,0.0,expirationDay
2019-10-28,3287.0,-3.0,0.0,0,303.3,0.0,1,0.16,0.19,SPY191108P00289000,289.0,0,0.0,0.0,,0.0,normalDay
2019-10-29,3287.0,0.0,0.0,0,303.21,0.0,1,0.16,0.16,SPY191108P00289000,289.0,0,0.0,0.0,,0.0,normalDay
2019-10-30,3287.0,6.0,0.0,0,304.14,0.0,1,0.16,0.1,SPY191108P00289000,289.0,0,0.0,0.0,,0.0,normalDay
2019-10-31,3287.0,5.0,0.0,0,303.33,0.0,1,0.16,0.11,SPY191108P00289000,289.0,0,0.0,0.0,,0.0,normalDay
2019-11-01,3287.0,12.0,0.0,0,306.14,0.0,1,0.16,0.04,SPY191108P00289000,289.0,0,0.0,0.0,,0.0,normalDay
2019-11-04,3287.0,14.0,0.0,0,307.37,0.0,1,0.16,0.02,SPY191108P00289000,289.0,0,0.0,0.0,,0.0,normalDay
2019-11-05,3287.0,14.0,0.0,0,307.03,0.0,1,0.16,0.02,SPY191108P00289000,289.0,0,0.0,0.0,,0.0,normalDay
2019-11-06,3287.0,15.0,0.0,0,307.1,0.0,1,0.16,0.01,SPY191108P00289000,289.0,0,0.0,0.0,,0.0,normalDay
2019-11-07,3287.0,15.0,0.0,0,308.18,0.0,1,0.16,0.01,SPY191108P00289000,289.0,0,0.0,0.0,,0.0,normalDay
2019-11-08,3303.0,0.0,16.0,0,308.94,0.0,1,0.16,0.0,SPY191108P00289000,289.0,0,0.0,0.0,,0.0,expirationDay
2019-11-11,3303.0,-3.0,0.0,0,308.35,0.0,1,0.2,0.23,SPY191122P00297000,297.0,0,0.0,0.0,,0.0,normalDay
2019-11-12,3303.0,-1.0,0.0,0,309.0,0.0,1,0.2,0.21,SPY191122P00297000,297.0,0,0.0,0.0,,0.0,normalDay
2019-11-13,3303.0,3.0,0.0,0,309.1,0.0,1,0.2,0.17,SPY191122P00297000,297.0,0,0.0,0.0,,0.0,normalDay
2019-11-14,3303.0,5.0,0.0,0,309.55,0.0,1,0.2,0.15,SPY191122P00297000,297.0,0,0.0,0.0,,0.0,normalDay
2019-11-15,3303.0,14.0,0.0,0,311.79,0.0,1,0.2,0.06,SPY191122P00297000,297.0,0,0.0,0.0,,0.0,normalDay
2019-11-18,3303.0,16.0,0.0,0,312.02,0.0,1,0.2,0.04,SPY191122P00297000,297.0,0,0.0,0.0,,0.0,normalDay
2019-11-19,3303.0,17.0,0.0,0,311.93,0.0,1,0.2,0.03,SPY191122P00297000,297.0,0,0.0,0.0,,0.0,normalDay
2019-11-20,3303.0,16.0,0.0,0,310.77,0.0,1,0.2,0.04,SPY191122P00297000,297.0,0,0.0,0.0,,0.0,normalDay
2019-11-21,3303.0,19.0,0.0,0,310.27,0.0,1,0.2,0.01,SPY191122P00297000,297.0,0,0.0,0.0,,0.0,normalDay
2019-11-22,3323.0,0.0,20.0,0,310.96,0.0,1,0.2,0.0,SPY191122P00297000,297.0,0,0.0,0.0,,0.0,expirationDay
2019-11-25,3323.0,-3.0,0.0,0,313.37,0.0,1,0.32,0.35,SPY191206P00304000,304.0,0,0.0,0.0,,0.0,normalDay
2019-11-26,3323.0,6.0,0.0,0,314.08,0.0,1,0.32,0.26,SPY191206P00304000,304.0,0,0.0,0.0,,0.0,normalDay
2019-11-27,3323.0,15.0,0.0,0,315.48,0.0,1,0.32,0.17,SPY191206P00304000,304.0,0,0.0,0.0,,0.0,normalDay
2019-11-29,3323.0,12.0,0.0,0,314.31,0.0,1,0.32,0.2,SPY191206P00304000,304.0,0,0.0,0.0,,0.0,normalDay
2019-12-02,3323.0,-1.0,0.0,0,311.64,0.0,1,0.32,0.33,SPY191206P00304000,304.0,0,0.0,0.0,,0.0,normalDay
2019-12-03,3323.0,-14.0,0.0,0,309.55,0.0,1,0.32,0.46,SPY191206P00304000,304.0,0,0.0,0.0,,0.0,normalDay
2019-12-04,3323.0,20.0,0.0,0,311.46,0.0,1,0.32,0.12,SPY191206P00304000,304.0,0,0.0,0.0,,0.0,normalDay
2019-12-05,3323.0,29.0,0.0,0,312.02,0.0,1,0.32,0.03,SPY191206P00304000,304.0,0,0.0,0.0,,0.0,normalDay
2019-12-06,3355.0,0.0,32.0,0,314.87,0.0,1,0.32,0.0,SPY191206P00304000,304.0,0,0.0,0.0,,0.0,expirationDay
2019-12-09,3355.0,-3.0,0.0,0,313.88,0.0,1,1.88,1.91,SPY191220P00308500,308.5,0,0.0,0.0,,0.0,normalDay
2019-12-10,3355.0,19.0,0.0,0,313.53,0.0,1,1.88,1.69,SPY191220P00308500,308.5,0,0.0,0.0,,0.0,normalDay
2019-12-11,3355.0,59.0,0.0,0,314.42,0.0,1,1.88,1.29,SPY191220P00308500,308.5,0,0.0,0.0,,0.0,normalDay
2019-12-12,3355.0,112.0,0.0,0,317.13,0.0,1,1.88,0.76,SPY191220P00308500,308.5,0,0.0,0.0,,0.0,normalDay
2019-12-13,3355.0,143.0,0.0,0,317.32,0.0,1,1.88,0.45,SPY191220P00308500,308.5,0,0.0,0.0,,0.0,normalDay
2019-12-16,3355.0,172.0,0.0,0,319.5,0.0,1,1.88,0.16,SPY191220P00308500,308.5,0,0.0,0.0,,0.0,normalDay
2019-12-17,3355.0,179.0,0.0,0,319.57,0.0,1,1.88,0.09,SPY191220P00308500,308.5,0,0.0,0.0,,0.0,normalDay
2019-12-18,3355.0,183.0,0.0,0,319.59,0.0,1,1.88,0.05,SPY191220P00308500,308.5,0,0.0,0.0,,0.0,normalDay
2019-12-19,3355.0,184.0,0.0,0,320.9,0.0,1,1.88,0.04,SPY191220P00308500,308.5,0,0.0,0.0,,0.0,normalDay
2019-12-20,3543.0,0.0,188.0,0,320.73,0.0,1,1.88,0.0,SPY191220P00308500,308.5,0,0.0,0.0,,0.0,expirationDay
2019-12-23,3543.0,-3.0,0.0,0,321.22,0.0,1,0.26,0.29,SPY200103P00310000,310.0,0,0.0,0.0,,0.0,normalDay
2019-12-24,3543.0,3.0,0.0,0,321.23,0.0,1,0.26,0.23,SPY200103P00310000,310.0,0,0.0,0.0,,0.0,normalDay
2019-12-26,3543.0,13.0,0.0,0,322.94,0.0,1,0.26,0.13,SPY200103P00310000,310.0,0,0.0,0.0,,0.0,normalDay
2019-12-27,3543.0,16.0,0.0,0,322.86,0.0,1,0.26,0.1,SPY200103P00310000,310.0,0,0.0,0.0,,0.0,normalDay
2019-12-30,3543.0,16.0,0.0,0,321.08,0.0,1,0.26,0.1,SPY200103P00310000,310.0,0,0.0,0.0,,0.0,normalDay
2019-12-31,3543.0,17.0,0.0,0,321.86,0.0,1,0.26,0.09,SPY200103P00310000,310.0,0,0.0,0.0,,0.0,normalDay
2020-01-02,3543.0,25.0,0.0,0,324.87,0.0,1,0.26,0.01,SPY200103P00310000,310.0,0,0.0,0.0,,0.0,normalDay
2020-01-03,3569.0,0.0,26.0,0,322.41,0.0,1,0.26,0.0,SPY200103P00310000,310.0,0,0.0,0.0,,0.0,expirationDay
2020-01-06,3569.0,-3.0,0.0,0,323.64,0.0,1,0.5,0.53,SPY200117P00314000,314.0,0,0.0,0.0,,0.0,normalDay
2020-01-07,3569.0,-7.0,0.0,0,322.73,0.0,1,0.5,0.57,SPY200117P00314000,314.0,0,0.0,0.0,,0.0,normalDay
2020-01-08,3569.0,14.0,0.0,0,324.45,0.0,1,0.5,0.36,SPY200117P00314000,314.0,0,0.0,0.0,,0.0,normalDay
2020-01-09,3569.0,32.0,0.0,0,326.65,0.0,1,0.5,0.18,SPY200117P00314000,314.0,0,0.0,0.0,,0.0,normalDay
2020-01-10,3569.0,37.0,0.0,0,325.71,0.0,1,0.5,0.13,SPY200117P00314000,314.0,0,0.0,0.0,,0.0,normalDay
2020-01-13,3569.0,45.0,0.0,0,327.95,0.0,1,0.5,0.05,SPY200117P00314000,314.0,0,0.0,0.0,,0.0,normalDay
2020-01-14,3569.0,46.0,0.0,0,327.45,0.0,1,0.5,0.04,SPY200117P00314000,314.0,0,0.0,0.0,,0.0,normalDay
2020-01-15,3569.0,47.0,0.0,0,328.19,0.0,1,0.5,0.03,SPY200117P00314000,314.0,0,0.0,0.0,,0.0,normalDay
2020-01-16,3569.0,48.0,0.0,0,330.92,0.0,1,0.5,0.02,SPY200117P00314000,314.0,0,0.0,0.0,,0.0,normalDay
2020-01-17,3619.0,0.0,50.0,0,331.95,0.0,1,0.5,0.0,SPY200117P00314000,314.0,0,0.0,0.0,,0.0,expirationDay
2020-01-21,3619.0,-4.0,0.0,0,331.3,0.0,1,0.28,0.32,SPY200131P00319500,319.5,0,0.0,0.0,,0.0,normalDay
2020-01-22,3619.0,5.0,0.0,0,331.34,0.0,1,0.28,0.23,SPY200131P00319500,319.5,0,0.0,0.0,,0.0,normalDay
2020-01-23,3619.0,10.0,0.0,0,331.72,0.0,1,0.28,0.18,SPY200131P00319500,319.5,0,0.0,0.0,,0.0,normalDay
2020-01-24,3619.0,-20.0,0.0,0,328.77,0.0,1,0.28,0.48,SPY200131P00319500,319.5,0,0.0,0.0,,0.0,normalDay
2020-01-27,3619.0,-131.0,0.0,0,323.5,0.0,1,0.28,1.59,SPY200131P00319500,319.5,0,0.0,0.0,,0.0,normalDay
2020-01-28,3619.0,-16.0,0.0,0,326.89,0.0,1,0.28,0.44,SPY200131P00319500,319.5,0,0.0,0.0,,0.0,normalDay
2020-01-29,3619.0,6.0,0.0,0,326.62,0.0,1,0.28,0.22,SPY200131P00319500,319.5,0,0.0,0.0,,0.0,normalDay
2020-01-30,3619.0,23.0,0.0,0,327.68,0.0,1,0.28,0.05,SPY200131P00319500,319.5,0,0.0,0.0,,0.0,normalDay
2020-01-31,3647.0,0.0,28.0,0,321.73,0.0,1,0.28,0.0,SPY200131P00319500,319.5,0,0.0,0.0,,0.0,expirationDay
2020-02-03,3647.0,-5.0,0.0,0,324.12,0.0,1,3.18,3.23,SPY200214P00322000,322.0,0,0.0,0.0,,0.0,normalDay
2020-02-04,3647.0,199.0,0.0,0,329.06,0.0,1,3.18,1.19,SPY200214P00322000,322.0,0,0.0,0.0,,0.0,normalDay
2020-02-05,3647.0,273.0,0.0,0,332.86,0.0,1,3.18,0.45,SPY200214P00322000,322.0,0,0.0,0.0,,0.0,normalDay
2020-02-06,3647.0,285.0,0.0,0,333.98,0.0,1,3.18,0.33,SPY200214P00322000,322.0,0,0.0,0.0,,0.0,normalDay
2020-02-07,3647.0,280.0,0.0,0,332.2,0.0,1,3.18,0.38,SPY200214P00322000,322.0,0,0.0,0.0,,0.0,normalDay
2020-02-10,3647.0,309.0,0.0,0,334.68,0.0,1,3.18,0.09,SPY200214P00322000,322.0,0,0.0,0.0,,0.0,normalDay
2020-02-11,3647.0,312.0,0.0,0,335.26,0.0,1,3.18,0.06,SPY200214P00322000,322.0,0,0.0,0.0,,0.0,normalDay
2020-02-12,3647.0,316.0,0.0,0,337.42,0.0,1,3.18,0.02,SPY200214P00322000,322.0,0,0.0,0.0,,0.0,normalDay
2020-02-13,3647.0,317.0,0.0,0,337.06,0.0,1,3.18,0.01,SPY200214P00322000,322.0,0,0.0,0.0,,0.0,normalDay
2020-02-14,3965.0,0.0,318.0,0,337.6,0.0,1,3.18,0.0,SPY200214P00322000,322.0,0,0.0,0.0,,0.0,expirationDay
2020-02-18,3965.0,-3.0,0.0,0,336.73,0.0,1,0.32,0.35,SPY200228P00323000,323.0,0,0.0,0.0,,0.0,normalDay
2020-02-19,3965.0,14.0,0.0,0,338.34,0.0,1,0.32,0.18,SPY200228P00323000,323.0,0,0.0,0.0,,0.0,normalDay
2020-02-20,3965.0,10.0,0.0,0,336.95,0.0,1,0.32,0.22,SPY200228P00323000,323.0,0,0.0,0.0,,0.0,normalDay
2020-02-21,3965.0,-8.0,0.0,0,333.48,0.0,1,0.32,0.4,SPY200228P00323000,323.0,0,0.0,0.0,,0.0,normalDay
2020-02-24,3965.0,-427.0,0.0,0,322.42,0.0,1,0.32,4.59,SPY200228P00323000,323.0,0,0.0,0.0,,0.0,normalDay
2020-02-25,3965.0,-1023.0,0.0,0,312.65,0.0,1,0.32,10.55,SPY200228P00323000,323.0,0,0.0,0.0,,0.0,normalDay
2020-02-26,3965.0,-1169.0,0.0,0,311.5,0.0,1,0.32,12.01,SPY200228P00323000,323.0,0,0.0,0.0,,0.0,normalDay
2020-02-27,3965.0,-2549.0,0.0,0,297.51,0.0,1,0.32,25.81,SPY200228P00323000,323.0,0,0.0,0.0,,0.0,normalDay
2020-02-28,3997.0,-2674.0,32.0,100,296.26,323.0,1,0.32,0.0,SPY200228P00323000,323.0,0,0.0,0.0,,0.0,expirationDay
2020-03-02,3997.0,-1433.0,0.0,100,309.09,323.0,0,0.0,0.0,,0.0,1,3.33,3.75,SPY210115C00350000,350.0,normalDay
2020-03-03,3997.0,-2271.0,0.0,100,300.24,323.0,0,0.0,0.0,,0.0,1,3.33,3.28,SPY210115C00350000,350.0,normalDay
2020-03-04,3997.0,-1152.0,0.0,100,312.86,323.0,0,0.0,0.0,,0.0,1,3.33,4.71,SPY210115C00350000,350.0,normalDay
2020-03-05,3997.0,-2085.0,0.0,100,302.46,323.0,0,0.0,0.0,,0.0,1,3.33,3.64,SPY210115C00350000,350.0,normalDay
2020-03-06,3997.0,-2618.0,0.0,100,297.46,323.0,0,0.0,0.0,,0.0,1,3.33,3.97,SPY210115C00350000,350.0,normalDay
2020-03-09,3997.0,-4794.0,0.0,100,274.23,323.0,0,0.0,0.0,,0.0,1,3.33,2.5,SPY210115C00350000,350.0,normalDay
2020-03-10,3997.0,-3420.0,0.0,100,288.42,323.0,0,0.0,0.0,,0.0,1,3.33,2.95,SPY210115C00350000,350.0,normalDay
2020-03-11,3997.0,-4736.0,0.0,100,274.36,323.0,0,0.0,0.0,,0.0,1,3.33,2.05,SPY210115C00350000,350.0,normalDay
2020-03-12,3997.0,-7336.0,0.0,100,248.11,323.0,0,0.0,0.0,,0.0,1,3.33,1.8,SPY210115C00350000,350.0,normalDay
2020-03-13,3997.0,-5154.0,0.0,100,269.32,323.0,0,0.0,0.0,,0.0,1,3.33,1.19,SPY210115C00350000,350.0,normalDay
2020-03-16,3997.0,-8142.0,0.0,100,239.85,323.0,0,0.0,0.0,,0.0,1,3.33,1.6,SPY210115C00350000,350.0,normalDay
2020-03-17,3997.0,-6817.0,0.0,100,252.8,323.0,0,0.0,0.0,,0.0,1,3.33,1.3,SPY210115C00350000,350.0,normalDay
2020-03-18,3997.0,-8087.0,0.0,100,240.0,323.0,0,0.0,0.0,,0.0,1,3.33,1.2,SPY210115C00350000,350.0,normalDay
2020-03-19,3997.0,-8016.0,0.0,100,240.51,323.0,0,0.0,0.0,,0.0,1,3.33,1.0,SPY210115C00350000,350.0,normalDay
2020-03-20,3997.0,-9147.0,0.0,100,228.8,323.0,0,0.0,0.0,,0.0,1,3.33,0.6,SPY210115C00350000,350.0,normalDay
2020-03-23,3997.0,-9752.0,0.0,100,222.95,323.0,0,0.0,0.0,,0.0,1,3.33,0.8,SPY210115C00350000,350.0,normalDay
2020-03-24,3997.0,-7777.0,0.0,100,243.15,323.0,0,0.0,0.0,,0.0,1,3.33,1.25,SPY210115C00350000,350.0,normalDay
2020-03-25,3997.0,-7478.0,0.0,100,246.79,323.0,0,0.0,0.0,,0.0,1,3.33,1.9,SPY210115C00350000,350.0,normalDay
2020-03-26,3997.0,-6036.0,0.0,100,261.2,323.0,0,0.0,0.0,,0.0,1,3.33,1.89,SPY210115C00350000,350.0,normalDay
2020-03-27,3997.0,-6752.0,0.0,100,253.42,323.0,0,0.0,0.0,,0.0,1,3.33,1.27,SPY210115C00350000,350.0,normalDay
2020-03-30,3997.0,-5934.0,0.0,100,261.65,323.0,0,0.0,0.0,,0.0,1,3.33,1.32,SPY210115C00350000,350.0,normalDay
2020-03-31,3997.0,-6303.0,0.0,100,257.75,323.0,0,0.0,0.0,,0.0,1,3.33,1.11,SPY210115C00350000,350.0,normalDay
2020-04-01,3997.0,-7428.0,0.0,100,246.15,323.0,0,0.0,0.0,,0.0,1,3.33,0.76,SPY210115C00350000,350.0,normalDay
2020-04-02,3997.0,-6874.0,0.0,100,251.83,323.0,0,0.0,0.0,,0.0,1,3.33,0.9,SPY210115C00350000,350.0,normalDay
2020-04-03,3997.0,-7233.0,0.0,100,248.19,323.0,0,0.0,0.0,,0.0,1,3.33,0.85,SPY210115C00350000,350.0,normalDay
2020-04-06,3997.0,-5621.0,0.0,100,264.86,323.0,0,0.0,0.0,,0.0,1,3.33,1.4,SPY210115C00350000,350.0,normalDay
2020-04-07,3997.0,-5595.0,0.0,100,265.13,323.0,0,0.0,0.0,,0.0,1,3.33,1.41,SPY210115C00350000,350.0,normalDay
2020-04-08,3997.0,-4774.0,0.0,100,274.03,323.0,0,0.0,0.0,,0.0,1,3.33,2.1,SPY210115C00350000,350.0,normalDay
2020-04-09,3997.0,-4402.0,0.0,100,278.2,323.0,0,0.0,0.0,,0.0,1,3.33,2.55,SPY210115C00350000,350.0,normalDay
2020-04-13,3997.0,-4621.0,0.0,100,275.66,323.0,0,0.0,0.0,,0.0,1,3.33,2.2,SPY210115C00350000,350.0,normalDay
2020-04-14,3997.0,-3841.0,0.0,100,283.79,323.0,0,0.0,0.0,,0.0,1,3.33,2.53,SPY210115C00350000,350.0,normalDay
2020-04-15,3997.0,-4403.0,0.0,100,277.76,323.0,0,0.0,0.0,,0.0,1,3.33,2.12,SPY210115C00350000,350.0,normalDay
2020-04-16,3997.0,-4292.0,0.0,100,279.1,323.0,0,0.0,0.0,,0.0,1,3.33,2.35,SPY210115C00350000,350.0,normalDay
2020-04-17,3997.0,-3627.0,0.0,100,286.64,323.0,0,0.0,0.0,,0.0,1,3.33,3.24,SPY210115C00350000,350.0,normalDay
2020-04-20,3997.0,-4093.0,0.0,100,281.59,323.0,0,0.0,0.0,,0.0,1,3.33,2.85,SPY210115C00350000,350.0,normalDay
2020-04-21,3997.0,-4876.0,0.0,100,273.04,323.0,0,0.0,0.0,,0.0,1,3.33,2.13,SPY210115C00350000,350.0,normalDay
2020-04-22,3997.0,-4316.0,0.0,100,279.1,323.0,0,0.0,0.0,,0.0,1,3.33,2.59,SPY210115C00350000,350.0,normalDay
2020-04-23,3997.0,-4316.0,0.0,100,279.08,323.0,0,0.0,0.0,,0.0,1,3.33,2.57,SPY210115C00350000,350.0,normalDay
2020-04-24,3997.0,-3942.0,0.0,100,282.97,323.0,0,0.0,0.0,,0.0,1,3.33,2.72,SPY210115C00350000,350.0,normalDay
2020-04-27,3997.0,-3536.0,0.0,100,287.05,323.0,0,0.0,0.0,,0.0,1,3.33,2.74,SPY210115C00350000,350.0,normalDay
2020-04-28,3997.0,-3632.0,0.0,100,285.73,323.0,0,0.0,0.0,,0.0,1,3.33,2.38,SPY210115C00350000,350.0,normalDay
2020-04-29,3997.0,-2950.0,0.0,100,293.21,323.0,0,0.0,0.0,,0.0,1,3.33,3.04,SPY210115C00350000,350.0,normalDay
2020-04-30,3997.0,-3194.0,0.0,100,290.48,323.0,0,0.0,0.0,,0.0,1,3.33,2.75,SPY210115C00350000,350.0,normalDay
2020-05-01,3997.0,-3903.0,0.0,100,282.79,323.0,0,0.0,0.0,,0.0,1,3.33,2.15,SPY210115C00350000,350.0,normalDay
2020-05-04,3997.0,-3811.0,0.0,100,283.57,323.0,0,0.0,0.0,,0.0,1,3.33,2.01,SPY210115C00350000,350.0,normalDay
2020-05-05,3997.0,-3574.0,0.0,100,286.19,323.0,0,0.0,0.0,,0.0,1,3.33,2.26,SPY210115C00350000,350.0,normalDay
2020-05-06,3997.0,-3743.0,0.0,100,284.25,323.0,0,0.0,0.0,,0.0,1,3.33,2.01,SPY210115C00350000,350.0,normalDay
2020-05-07,3997.0,-3424.0,0.0,100,287.68,323.0,0,0.0,0.0,,0.0,1,3.33,2.25,SPY210115C00350000,350.0,normalDay
2020-05-08,3997.0,-2973.0,0.0,100,292.44,323.0,0,0.0,0.0,,0.0,1,3.33,2.5,SPY210115C00350000,350.0,normalDay
2020-05-11,3997.0,-2922.0,0.0,100,292.5,323.0,0,0.0,0.0,,0.0,1,3.33,2.05,SPY210115C00350000,350.0,normalDay
2020-05-12,3997.0,-3468.0,0.0,100,286.67,323.0,0,0.0,0.0,,0.0,1,3.33,1.68,SPY210115C00350000,350.0,normalDay
2020-05-13,3997.0,-3941.0,0.0,100,281.6,323.0,0,0.0,0.0,,0.0,1,3.33,1.34,SPY210115C00350000,350.0,normalDay
2020-05-14,3997.0,-3625.0,0.0,100,284.97,323.0,0,0.0,0.0,,0.0,1,3.33,1.55,SPY210115C00350000,350.0,normalDay
2020-05-15,3997.0,-3490.0,0.0,100,286.28,323.0,0,0.0,0.0,,0.0,1,3.33,1.51,SPY210115C00350000,350.0,normalDay
2020-05-18,3997.0,-2692.0,0.0,100,295.0,323.0,0,0.0,0.0,,0.0,1,3.33,2.25,SPY210115C00350000,350.0,normalDay
2020-05-19,3997.0,-2967.0,0.0,100,291.97,323.0,0,0.0,0.0,,0.0,1,3.33,1.97,SPY210115C00350000,350.0,normalDay
2020-05-20,3997.0,-2519.0,0.0,100,296.93,323.0,0,0.0,0.0,,0.0,1,3.33,2.45,SPY210115C00350000,350.0,normalDay
2020-05-21,3997.0,-2715.0,0.0,100,294.88,323.0,0,0.0,0.0,,0.0,1,3.33,2.36,SPY210115C00350000,350.0,normalDay
2020-05-22,3997.0,-2663.0,0.0,100,295.44,323.0,0,0.0,0.0,,0.0,1,3.33,2.4,SPY210115C00350000,350.0,normalDay
2020-05-26,3997.0,-2326.0,0.0,100,299.08,323.0,0,0.0,0.0,,0.0,1,3.33,2.67,SPY210115C00350000,350.0,normalDay
2020-05-27,3997.0,-1914.0,0.0,100,303.53,323.0,0,0.0,0.0,,0.0,1,3.33,3.0,SPY210115C00350000,350.0,normalDay
2020-05-28,3997.0,-1990.0,0.0,100,302.97,323.0,0,0.0,0.0,,0.0,1,3.33,3.2,SPY210115C00350000,350.0,normalDay
2020-05-29,3997.0,-1880.0,0.0,100,304.32,323.0,0,0.0,0.0,,0.0,1,3.33,3.45,SPY210115C00350000,350.0,normalDay
2020-06-01,3997.0,-1766.0,0.0,100,305.55,323.0,0,0.0,0.0,,0.0,1,3.33,3.54,SPY210115C00350000,350.0,normalDay
2020-06-02,3997.0,-1539.0,0.0,100,308.08,323.0,0,0.0,0.0,,0.0,1,3.33,3.8,SPY210115C00350000,350.0,normalDay
2020-06-03,3997.0,-1239.0,0.0,100,312.18,323.0,0,0.0,0.0,,0.0,1,3.33,4.9,SPY210115C00350000,350.0,normalDay
2020-06-04,3997.0,-1287.0,0.0,100,311.36,323.0,0,0.0,0.0,,0.0,1,3.33,4.56,SPY210115C00350000,350.0,normalDay
2020-06-05,3997.0,-648.0,0.0,100,319.34,323.0,0,0.0,0.0,,0.0,1,3.33,6.15,SPY210115C00350000,350.0,normalDay
2020-06-08,3997.0,-418.0,0.0,100,323.2,323.0,0,0.0,0.0,,0.0,1,3.33,7.71,SPY210115C00350000,350.0,normalDay
2020-06-09,3997.0,-674.0,0.0,100,320.79,323.0,0,0.0,0.0,,0.0,1,3.33,7.86,SPY210115C00350000,350.0,normalDay
2020-06-10,3997.0,-760.0,0.0,100,319.0,323.0,0,0.0,0.0,,0.0,1,3.33,6.93,SPY210115C00350000,350.0,normalDay
2020-06-11,3997.0,-2383.0,0.0,100,300.61,323.0,0,0.0,0.0,,0.0,1,3.33,4.77,SPY210115C00350000,350.0,normalDay
2020-06-12,3997.0,-2005.0,0.0,100,304.21,323.0,0,0.0,0.0,,0.0,1,3.33,4.59,SPY210115C00350000,350.0,normalDay
2020-06-15,3997.0,-1764.0,0.0,100,307.05,323.0,0,0.0,0.0,,0.0,1,3.33,5.02,SPY210115C00350000,350.0,normalDay
2020-06-16,3997.0,-1349.0,0.0,100,312.96,323.0,0,0.0,0.0,,0.0,1,3.33,6.78,SPY210115C00350000,350.0,normalDay
2020-06-17,3997.0,-1450.0,0.0,100,311.66,323.0,0,0.0,0.0,,0.0,1,3.33,6.49,SPY210115C00350000,350.0,normalDay
2020-06-18,3997.0,-1436.0,0.0,100,311.78,323.0,0,0.0,0.0,,0.0,1,3.33,6.47,SPY210115C00350000,350.0,normalDay
2020-06-19,3997.0,-1686.0,0.0,100,308.64,323.0,0,0.0,0.0,,0.0,1,3.33,5.83,SPY210115C00350000,350.0,normalDay
2020-06-22,3997.0,-1491.0,0.0,100,310.62,323.0,0,0.0,0.0,,0.0,1,3.33,5.86,SPY210115C00350000,350.0,normalDay
2020-06-23,3997.0,-1357.0,0.0,100,312.05,323.0,0,0.0,0.0,,0.0,1,3.33,5.95,SPY210115C00350000,350.0,normalDay
2020-06-24,3997.0,-2026.0,0.0,100,304.09,323.0,0,0.0,0.0,,0.0,1,3.33,4.68,SPY210115C00350000,350.0,normalDay
2020-06-25,3997.0,-1710.0,0.0,100,307.35,323.0,0,0.0,0.0,,0.0,1,3.33,4.78,SPY210115C00350000,350.0,normalDay
2020-06-26,3997.0,-2331.0,0.0,100,300.05,323.0,0,0.0,0.0,,0.0,1,3.33,3.69,SPY210115C00350000,350.0,normalDay
2020-06-29,3997.0,-1895.0,0.0,100,304.46,323.0,0,0.0,0.0,,0.0,1,3.33,3.74,SPY210115C00350000,350.0,normalDay
2020-06-30,3997.0,-1570.0,0.0,100,308.36,323.0,0,0.0,0.0,,0.0,1,3.33,4.39,SPY210115C00350000,350.0,normalDay
2020-07-01,3997.0,-1375.0,0.0,100,310.52,323.0,0,0.0,0.0,,0.0,1,3.33,4.6,SPY210115C00350000,350.0,normalDay
2020-07-02,3997.0,-1242.0,0.0,100,312.23,323.0,0,0.0,0.0,,0.0,1,3.33,4.98,SPY210115C00350000,350.0,normalDay
2020-07-06,3997.0,-860.0,0.0,100,317.05,323.0,0,0.0,0.0,,0.0,1,3.33,5.98,SPY210115C00350000,350.0,normalDay
2020-07-07,3997.0,-1127.0,0.0,100,313.78,323.0,0,0.0,0.0,,0.0,1,3.33,5.38,SPY210115C00350000,350.0,normalDay
2020-07-08,3997.0,-930.0,0.0,100,316.18,323.0,0,0.0,0.0,,0.0,1,3.33,5.81,SPY210115C00350000,350.0,normalDay
2020-07-09,3997.0,-1083.0,0.0,100,314.38,323.0,0,0.0,0.0,,0.0,1,3.33,5.54,SPY210115C00350000,350.0,normalDay
2020-07-10,3997.0,-838.0,0.0,100,317.59,323.0,0,0.0,0.0,,0.0,1,3.33,6.3,SPY210115C00350000,350.0,normalDay
2020-07-13,3997.0,-1130.0,0.0,100,314.84,323.0,0,0.0,0.0,,0.0,1,3.33,6.47,SPY210115C00350000,350.0,normalDay
2020-07-14,3997.0,-774.0,0.0,100,318.92,323.0,0,0.0,0.0,,0.0,1,3.33,6.99,SPY210115C00350000,350.0,normalDay
2020-07-15,3997.0,-574.0,0.0,100,321.85,323.0,0,0.0,0.0,,0.0,1,3.33,7.92,SPY210115C00350000,350.0,normalDay
2020-07-16,3997.0,-599.0,0.0,100,320.79,323.0,0,0.0,0.0,,0.0,1,3.33,7.11,SPY210115C00350000,350.0,normalDay
2020-07-17,3997.0,-536.0,0.0,100,321.72,323.0,0,0.0,0.0,,0.0,1,3.33,7.41,SPY210115C00350000,350.0,normalDay
2020-07-20,3997.0,-290.0,0.0,100,324.32,323.0,0,0.0,0.0,,0.0,1,3.33,7.55,SPY210115C00350000,350.0,normalDay
2020-07-21,3997.0,-266.0,0.0,100,325.01,323.0,0,0.0,0.0,,0.0,1,3.33,8.0,SPY210115C00350000,350.0,normalDay
2020-07-22,3997.0,-118.0,0.0,100,326.86,323.0,0,0.0,0.0,,0.0,1,3.33,8.37,SPY210115C00350000,350.0,normalDay
2020-07-23,3997.0,-376.0,0.0,100,322.96,323.0,0,0.0,0.0,,0.0,1,3.33,7.05,SPY210115C00350000,350.0,normalDay
2020-07-24,3997.0,-550.0,0.0,100,320.88,323.0,0,0.0,0.0,,0.0,1,3.33,6.71,SPY210115C00350000,350.0,normalDay
2020-07-27,3997.0,-345.0,0.0,100,323.22,323.0,0,0.0,0.0,,0.0,1,3.33,7.0,SPY210115C00350000,350.0,normalDay
2020-07-28,3997.0,-506.0,0.0,100,321.17,323.0,0,0.0,0.0,,0.0,1,3.33,6.56,SPY210115C00350000,350.0,normalDay
2020-07-29,3997.0,-225.0,0.0,100,325.12,323.0,0,0.0,0.0,,0.0,1,3.33,7.7,SPY210115C00350000,350.0,normalDay
2020-07-30,3997.0,-348.0,0.0,100,323.96,323.0,0,0.0,0.0,,0.0,1,3.33,7.77,SPY210115C00350000,350.0,normalDay
2020-07-31,3997.0,-161.0,0.0,100,326.52,323.0,0,0.0,0.0,,0.0,1,3.33,8.46,SPY210115C00350000,350.0,normalDay
2020-08-03,3997.0,10.0,0.0,100,328.79,323.0,0,0.0,0.0,,0.0,1,3.33,9.02,SPY210115C00350000,350.0,normalDay
2020-08-04,3997.0,130.0,0.0,100,330.06,323.0,0,0.0,0.0,,0.0,1,3.33,9.09,SPY210115C00350000,350.0,normalDay
2020-08-05,3997.0,258.0,0.0,100,332.11,323.0,0,0.0,0.0,,0.0,1,3.33,9.86,SPY210115C00350000,350.0,normalDay
2020-08-06,3997.0,392.0,0.0,100,334.33,323.0,0,0.0,0.0,,0.0,1,3.33,10.74,SPY210115C00350000,350.0,normalDay
2020-08-07,3997.0,410.0,0.0,100,334.57,323.0,0,0.0,0.0,,0.0,1,3.33,10.8,SPY210115C00350000,350.0,normalDay
2020-08-10,3997.0,496.0,0.0,100,335.57,323.0,0,0.0,0.0,,0.0,1,3.33,10.94,SPY210115C00350000,350.0,normalDay
2020-08-11,3997.0,273.0,0.0,100,332.8,323.0,0,0.0,0.0,,0.0,1,3.33,10.4,SPY210115C00350000,350.0,normalDay
2020-08-12,3997.0,592.0,0.0,100,337.44,323.0,0,0.0,0.0,,0.0,1,3.33,11.85,SPY210115C00350000,350.0,normalDay
2020-08-13,3997.0,561.0,0.0,100,336.83,323.0,0,0.0,0.0,,0.0,1,3.33,11.55,SPY210115C00350000,350.0,normalDay
2020-08-14,3997.0,558.0,0.0,100,336.84,323.0,0,0.0,0.0,,0.0,1,3.33,11.59,SPY210115C00350000,350.0,normalDay
2020-08-17,3997.0,656.0,0.0,100,337.91,323.0,0,0.0,0.0,,0.0,1,3.33,11.68,SPY210115C00350000,350.0,normalDay
2020-08-18,3997.0,721.0,0.0,100,338.64,323.0,0,0.0,0.0,,0.0,1,3.33,11.76,SPY210115C00350000,350.0,normalDay
2020-08-19,3997.0,630.0,0.0,100,337.23,323.0,0,0.0,0.0,,0.0,1,3.33,11.26,SPY210115C00350000,350.0,normalDay
2020-08-20,3997.0,711.0,0.0,100,338.28,323.0,0,0.0,0.0,,0.0,1,3.33,11.5,SPY210115C00350000,350.0,normalDay
2020-08-21,3997.0,774.0,0.0,100,339.48,323.0,0,0.0,0.0,,0.0,1,3.33,12.07,SPY210115C00350000,350.0,normalDay
2020-08-24,3997.0,950.0,0.0,100,342.92,323.0,0,0.0,0.0,,0.0,1,3.33,13.75,SPY210115C00350000,350.0,normalDay
2020-08-25,3997.0,997.0,0.0,100,344.12,323.0,0,0.0,0.0,,0.0,1,3.33,14.48,SPY210115C00350000,350.0,normalDay
2020-08-26,3997.0,1089.0,0.0,100,347.57,323.0,0,0.0,0.0,,0.0,1,3.33,17.01,SPY210115C00350000,350.0,normalDay
2020-08-27,3997.0,1070.0,0.0,100,348.33,323.0,0,0.0,0.0,,0.0,1,3.33,17.96,SPY210115C00350000,350.0,normalDay
2020-08-28,3997.0,1196.0,0.0,100,350.58,323.0,0,0.0,0.0,,0.0,1,3.33,18.95,SPY210115C00350000,350.0,normalDay
2020-08-31,3997.0,993.0,0.0,100,349.31,323.0,0,0.0,0.0,,0.0,1,3.33,19.71,SPY210115C00350000,350.0,normalDay
2020-09-01,3997.0,1138.0,0.0,100,352.6,323.0,0,0.0,0.0,,0.0,1,3.33,21.55,SPY210115C00350000,350.0,normalDay
2020-09-02,3997.0,1208.0,0.0,100,357.7,323.0,0,0.0,0.0,,0.0,1,3.33,25.95,SPY210115C00350000,350.0,normalDay
2020-09-03,3997.0,558.0,0.0,100,345.39,323.0,0,0.0,0.0,,0.0,1,3.33,20.14,SPY210115C00350000,350.0,normalDay
2020-09-04,3997.0,604.0,0.0,100,342.57,323.0,0,0.0,0.0,,0.0,1,3.33,16.86,SPY210115C00350000,350.0,normalDay
2020-09-08,3997.0,199.0,0.0,100,333.21,323.0,0,0.0,0.0,,0.0,1,3.33,11.55,SPY210115C00350000,350.0,normalDay
2020-09-09,3997.0,632.0,0.0,100,339.79,323.0,0,0.0,0.0,,0.0,1,3.33,13.8,SPY210115C00350000,350.0,normalDay
2020-09-10,3997.0,282.0,0.0,100,333.89,323.0,0,0.0,0.0,,0.0,1,3.33,11.4,SPY210115C00350000,350.0,normalDay
2020-09-11,3997.0,421.0,0.0,100,334.06,323.0,0,0.0,0.0,,0.0,1,3.33,10.18,SPY210115C00350000,350.0,normalDay
2020-09-14,3997.0,662.0,0.0,100,338.46,323.0,0,0.0,0.0,,0.0,1,3.33,12.17,SPY210115C00350000,350.0,normalDay
2020-09-15,3997.0,746.0,0.0,100,340.17,323.0,0,0.0,0.0,,0.0,1,3.33,13.04,SPY210115C00350000,350.0,normalDay
2020-09-16,3997.0,705.0,0.0,100,338.82,323.0,0,0.0,0.0,,0.0,1,3.33,12.1,SPY210115C00350000,350.0,normalDay
2020-09-17,3997.0,528.0,0.0,100,335.84,323.0,0,0.0,0.0,,0.0,1,3.33,10.89,SPY210115C00350000,350.0,normalDay
2020-09-18,3997.0,206.0,0.0,100,330.65,323.0,0,0.0,0.0,,0.0,1,3.33,8.92,SPY210115C00350000,350.0,normalDay
2020-09-21,3997.0,-58.0,0.0,100,326.97,323.0,0,0.0,0.0,,0.0,1,3.33,7.88,SPY210115C00350000,350.0,normalDay
2020-09-22,3997.0,157.0,0.0,100,330.3,323.0,0,0.0,0.0,,0.0,1,3.33,9.06,SPY210115C00350000,350.0,normalDay
2020-09-23,3997.0,-371.0,0.0,100,322.64,323.0,0,0.0,0.0,,0.0,1,3.33,6.68,SPY210115C00350000,350.0,normalDay
2020-09-24,3997.0,-305.0,0.0,100,323.5,323.0,0,0.0,0.0,,0.0,1,3.33,6.88,SPY210115C00350000,350.0,normalDay
2020-09-25,3997.0,72.0,0.0,100,328.73,323.0,0,0.0,0.0,,0.0,1,3.33,8.34,SPY210115C00350000,350.0,normalDay
2020-09-28,3997.0,391.0,0.0,100,334.19,323.0,0,0.0,0.0,,0.0,1,3.33,10.61,SPY210115C00350000,350.0,normalDay
2020-09-29,3997.0,289.0,0.0,100,332.37,323.0,0,0.0,0.0,,0.0,1,3.33,9.81,SPY210115C00350000,350.0,normalDay
2020-09-30,3997.0,511.0,0.0,100,334.89,323.0,0,0.0,0.0,,0.0,1,3.33,10.11,SPY210115C00350000,350.0,normalDay
2020-10-01,3997.0,549.0,0.0,100,337.04,323.0,0,0.0,0.0,,0.0,1,3.33,11.88,SPY210115C00350000,350.0,normalDay
2020-10-02,3997.0,365.0,0.0,100,333.84,323.0,0,0.0,0.0,,0.0,1,3.33,10.52,SPY210115C00350000,350.0,normalDay
2020-10-05,3997.0,754.0,0.0,100,339.76,323.0,0,0.0,0.0,,0.0,1,3.33,12.55,SPY210115C00350000,350.0,normalDay
2020-10-06,3997.0,476.0,0.0,100,334.93,323.0,0,0.0,0.0,,0.0,1,3.33,10.5,SPY210115C00350000,350.0,normalDay
2020-10-07,3997.0,865.0,0.0,100,340.76,323.0,0,0.0,0.0,,0.0,1,3.33,12.44,SPY210115C00350000,350.0,normalDay
2020-10-08,3997.0,1082.0,0.0,100,343.78,323.0,0,0.0,0.0,,0.0,1,3.33,13.29,SPY210115C00350000,350.0,normalDay
2020-10-09,3997.0,1311.0,0.0,100,346.85,323.0,0,0.0,0.0,,0.0,1,3.33,14.07,SPY210115C00350000,350.0,normalDay
2020-10-12,3997.0,1573.0,0.0,100,352.43,323.0,0,0.0,0.0,,0.0,1,3.33,17.03,SPY210115C00350000,350.0,normalDay
2020-10-13,3997.0,1468.0,0.0,100,350.13,323.0,0,0.0,0.0,,0.0,1,3.33,15.78,SPY210115C00350000,350.0,normalDay
2020-10-14,3997.0,1395.0,0.0,100,347.93,323.0,0,0.0,0.0,,0.0,1,3.33,14.31,SPY210115C00350000,350.0,normalDay
2020-10-15,3997.0,1375.0,0.0,100,347.5,323.0,0,0.0,0.0,,0.0,1,3.33,14.08,SPY210115C00350000,350.0,normalDay
2020-10-16,3997.0,1389.0,0.0,100,347.29,323.0,0,0.0,0.0,,0.0,1,3.33,13.73,SPY210115C00350000,350.0,normalDay
2020-10-19,3997.0,1063.0,0.0,100,342.01,323.0,0,0.0,0.0,,0.0,1,3.33,11.71,SPY210115C00350000,350.0,normalDay
2020-10-20,3997.0,1172.0,0.0,100,343.38,323.0,0,0.0,0.0,,0.0,1,3.33,11.99,SPY210115C00350000,350.0,normalDay
2020-10-21,3997.0,1136.0,0.0,100,342.73,323.0,0,0.0,0.0,,0.0,1,3.33,11.7,SPY210115C00350000,350.0,normalDay
2020-10-22,3997.0,1284.0,0.0,100,344.61,323.0,0,0.0,0.0,,0.0,1,3.33,12.1,SPY210115C00350000,350.0,normalDay
2020-10-23,3997.0,1378.0,0.0,100,345.78,323.0,0,0.0,0.0,,0.0,1,3.33,12.33,SPY210115C00350000,350.0,normalDay
2020-10-26,3997.0,927.0,0.0,100,339.39,323.0,0,0.0,0.0,,0.0,1,3.33,10.45,SPY210115C00350000,350.0,normalDay
2020-10-27,3997.0,873.0,0.0,100,338.22,323.0,0,0.0,0.0,,0.0,1,3.33,9.82,SPY210115C00350000,350.0,normalDay
2020-10-28,3997.0,18.0,0.0,100,326.66,323.0,0,0.0,0.0,,0.0,1,3.33,6.81,SPY210115C00350000,350.0,normalDay
2020-10-29,3997.0,308.0,0.0,100,329.98,323.0,0,0.0,0.0,,0.0,1,3.33,7.23,SPY210115C00350000,350.0,normalDay
2020-10-30,3997.0,78.0,0.0,100,326.54,323.0,0,0.0,0.0,,0.0,1,3.33,6.09,SPY210115C00350000,350.0,normalDay
2020-11-02,3997.0,409.0,0.0,100,330.2,323.0,0,0.0,0.0,,0.0,1,3.33,6.44,SPY210115C00350000,350.0,normalDay
2020-11-03,3997.0,853.0,0.0,100,336.03,323.0,0,0.0,0.0,,0.0,1,3.33,7.83,SPY210115C00350000,350.0,normalDay
2020-11-04,3997.0,1357.0,0.0,100,343.54,323.0,0,0.0,0.0,,0.0,1,3.33,10.3,SPY210115C00350000,350.0,normalDay
2020-11-05,3997.0,1656.0,0.0,100,350.24,323.0,0,0.0,0.0,,0.0,1,3.33,14.01,SPY210115C00350000,350.0,normalDay
2020-11-06,3997.0,1747.0,0.0,100,350.16,323.0,0,0.0,0.0,,0.0,1,3.33,13.02,SPY210115C00350000,350.0,normalDay
2020-11-09,3997.0,1901.0,0.0,100,354.56,323.0,0,0.0,0.0,,0.0,1,3.33,15.88,SPY210115C00350000,350.0,normalDay
2020-11-10,3997.0,1957.0,0.0,100,354.04,323.0,0,0.0,0.0,,0.0,1,3.33,14.8,SPY210115C00350000,350.0,normalDay
2020-11-11,3997.0,2093.0,0.0,100,356.67,323.0,0,0.0,0.0,,0.0,1,3.33,16.07,SPY210115C00350000,350.0,normalDay
2020-11-12,3997.0,1928.0,0.0,100,353.21,323.0,0,0.0,0.0,,0.0,1,3.33,14.26,SPY210115C00350000,350.0,normalDay
2020-11-13,3997.0,2184.0,0.0,100,358.1,323.0,0,0.0,0.0,,0.0,1,3.33,16.59,SPY210115C00350000,350.0,normalDay
2020-11-16,3997.0,2356.0,0.0,100,362.57,323.0,0,0.0,0.0,,0.0,1,3.33,19.34,SPY210115C00350000,350.0,normalDay
2020-11-17,3997.0,2300.0,0.0,100,360.62,323.0,0,0.0,0.0,,0.0,1,3.33,17.95,SPY210115C00350000,350.0,normalDay
2020-11-18,3997.0,2155.0,0.0,100,356.28,323.0,0,0.0,0.0,,0.0,1,3.33,15.06,SPY210115C00350000,350.0,normalDay
2020-11-19,3997.0,2247.0,0.0,100,357.78,323.0,0,0.0,0.0,,0.0,1,3.33,15.64,SPY210115C00350000,350.0,normalDay
2020-11-20,3997.0,2186.0,0.0,100,355.33,323.0,0,0.0,0.0,,0.0,1,3.33,13.8,SPY210115C00350000,350.0,normalDay
2020-11-23,3997.0,2303.0,0.0,100,357.46,323.0,0,0.0,0.0,,0.0,1,3.33,14.76,SPY210115C00350000,350.0,normalDay
2020-11-24,3997.0,2479.0,0.0,100,363.22,323.0,0,0.0,0.0,,0.0,1,3.33,18.76,SPY210115C00350000,350.0,normalDay
2020-11-25,3997.0,2514.0,0.0,100,362.66,323.0,0,0.0,0.0,,0.0,1,3.33,17.85,SPY210115C00350000,350.0,normalDay
2020-11-27,3997.0,2538.0,0.0,100,363.67,323.0,0,0.0,0.0,,0.0,1,3.33,18.62,SPY210115C00350000,350.0,normalDay
2020-11-30,3997.0,2475.0,0.0,100,362.06,323.0,0,0.0,0.0,,0.0,1,3.33,17.64,SPY210115C00350000,350.0,normalDay
2020-12-01,3997.0,2614.0,0.0,100,366.02,323.0,0,0.0,0.0,,0.0,1,3.33,20.21,SPY210115C00350000,350.0,normalDay
2020-12-02,3997.0,2626.0,0.0,100,366.79,323.0,0,0.0,0.0,,0.0,1,3.33,20.86,SPY210115C00350000,350.0,normalDay
2020-12-03,3997.0,2654.0,0.0,100,366.69,323.0,0,0.0,0.0,,0.0,1,3.33,20.48,SPY210115C00350000,350.0,normalDay
2020-12-04,3997.0,2756.0,0.0,100,369.85,323.0,0,0.0,0.0,,0.0,1,3.33,22.62,SPY210115C00350000,350.0,normalDay
2020-12-07,3997.0,2761.0,0.0,100,369.09,323.0,0,0.0,0.0,,0.0,1,3.33,21.81,SPY210115C00350000,350.0,normalDay
2020-12-08,3997.0,2781.0,0.0,100,370.17,323.0,0,0.0,0.0,,0.0,1,3.33,22.69,SPY210115C00350000,350.0,normalDay
2020-12-09,3997.0,2717.0,0.0,100,366.85,323.0,0,0.0,0.0,,0.0,1,3.33,20.01,SPY210115C00350000,350.0,normalDay
2020-12-10,3997.0,2727.0,0.0,100,366.73,323.0,0,0.0,0.0,,0.0,1,3.33,19.79,SPY210115C00350000,350.0,normalDay
2020-12-11,3997.0,2694.0,0.0,100,366.3,323.0,0,0.0,0.0,,0.0,1,3.33,19.69,SPY210115C00350000,350.0,normalDay
2020-12-14,3997.0,2626.0,0.0,100,364.66,323.0,0,0.0,0.0,,0.0,1,3.33,18.73,SPY210115C00350000,350.0,normalDay
2020-12-15,3997.0,2818.0,0.0,100,369.59,323.0,0,0.0,0.0,,0.0,1,3.33,21.74,SPY210115C00350000,350.0,normalDay
2020-12-16,3997.0,2842.0,0.0,100,370.17,323.0,0,0.0,0.0,,0.0,1,3.33,22.08,SPY210115C00350000,350.0,normalDay
2020-12-17,3997.0,2885.0,0.0,100,372.24,323.0,0,0.0,0.0,,0.0,1,3.33,23.72,SPY210115C00350000,350.0,normalDay
2020-12-18,3997.0,2641.0,0.0,100,369.18,323.0,0,0.0,0.0,,0.0,1,3.33,23.1,SPY210115C00350000,350.0,normalDay
2020-12-21,3997.0,2685.0,0.0,100,367.86,323.0,0,0.0,0.0,,0.0,1,3.33,21.34,SPY210115C00350000,350.0,normalDay
2020-12-22,3997.0,2720.0,0.0,100,367.24,323.0,0,0.0,0.0,,0.0,1,3.33,20.37,SPY210115C00350000,350.0,normalDay
2020-12-23,3997.0,2773.0,0.0,100,367.57,323.0,0,0.0,0.0,,0.0,1,3.33,20.17,SPY210115C00350000,350.0,normalDay
2020-12-24,3997.0,2821.0,0.0,100,369.0,323.0,0,0.0,0.0,,0.0,1,3.33,21.12,SPY210115C00350000,350.0,normalDay
2020-12-28,3997.0,2861.0,0.0,100,372.17,323.0,0,0.0,0.0,,0.0,1,3.33,23.89,SPY210115C00350000,350.0,normalDay
2020-12-29,3997.0,2866.0,0.0,100,371.46,323.0,0,0.0,0.0,,0.0,1,3.33,23.13,SPY210115C00350000,350.0,normalDay
2020-12-30,3997.0,2901.0,0.0,100,371.99,323.0,0,0.0,0.0,,0.0,1,3.33,23.31,SPY210115C00350000,350.0,normalDay
2020-12-31,3997.0,2876.0,0.0,100,373.88,323.0,0,0.0,0.0,,0.0,1,3.33,25.45,SPY210115C00350000,350.0,normalDay
2021-01-04,3997.0,2846.0,0.0,100,368.79,323.0,0,0.0,0.0,,0.0,1,3.33,20.66,SPY210115C00350000,350.0,normalDay
2021-01-05,3997.0,2922.0,0.0,100,371.33,323.0,0,0.0,0.0,,0.0,1,3.33,22.44,SPY210115C00350000,350.0,normalDay
2021-01-06,3997.0,2919.0,0.0,100,373.55,323.0,0,0.0,0.0,,0.0,1,3.33,24.69,SPY210115C00350000,350.0,normalDay
2021-01-07,3997.0,3012.0,0.0,100,379.1,323.0,0,0.0,0.0,,0.0,1,3.33,29.31,SPY210115C00350000,350.0,normalDay
2021-01-08,3997.0,2980.0,0.0,100,381.26,323.0,0,0.0,0.0,,0.0,1,3.33,31.79,SPY210115C00350000,350.0,normalDay
2021-01-11,3997.0,2977.0,0.0,100,378.69,323.0,0,0.0,0.0,,0.0,1,3.33,29.25,SPY210115C00350000,350.0,normalDay
2021-01-12,3997.0,3025.0,0.0,100,378.77,323.0,0,0.0,0.0,,0.0,1,3.33,28.85,SPY210115C00350000,350.0,normalDay
2021-01-13,3997.0,3000.0,0.0,100,379.79,323.0,0,0.0,0.0,,0.0,1,3.33,30.12,SPY210115C00350000,350.0,normalDay
2021-01-14,3997.0,2995.0,0.0,100,378.46,323.0,0,0.0,0.0,,0.0,1,3.33,28.84,SPY210115C00350000,350.0,normalDay
2021-01-15,7030.0,2995.0,3033.0,0,375.7,0.0,0,0.0,0.0,,0.0,1,3.33,0.0,SPY210115C00350000,350.0,expirationDay
2021-01-19,7030.0,-4.0,0.0,0,378.65,0.0,1,1.62,1.66,SPY210129P00366000,366.0,0,0.0,0.0,,0.0,normalDay
2021-01-20,7030.0,90.0,0.0,0,383.89,0.0,1,1.62,0.72,SPY210129P00366000,366.0,0,0.0,0.0,,0.0,normalDay
2021-01-21,7030.0,110.0,0.0,0,384.24,0.0,1,1.62,0.52,SPY210129P00366000,366.0,0,0.0,0.0,,0.0,normalDay
2021-01-22,7030.0,120.0,0.0,0,382.88,0.0,1,1.62,0.42,SPY210129P00366000,366.0,0,0.0,0.0,,0.0,normalDay
2021-01-25,7030.0,139.0,0.0,0,384.39,0.0,1,1.62,0.23,SPY210129P00366000,366.0,0,0.0,0.0,,0.0,normalDay
2021-01-26,7030.0,148.0,0.0,0,383.79,0.0,1,1.62,0.14,SPY210129P00366000,366.0,0,0.0,0.0,,0.0,normalDay
2021-01-27,7030.0,-8.0,0.0,0,374.41,0.0,1,1.62,1.7,SPY210129P00366000,366.0,0,0.0,0.0,,0.0,normalDay
2021-01-28,7030.0,144.0,0.0,0,377.63,0.0,1,1.62,0.18,SPY210129P00366000,366.0,0,0.0,0.0,,0.0,normalDay
2021-01-29,7192.0,0.0,162.0,0,370.07,0.0,1,1.62,0.0,SPY210129P00366000,366.0,0,0.0,0.0,,0.0,expirationDay
2021-02-01,7192.0,-6.0,0.0,0,376.23,0.0,1,4.71,4.77,SPY210212P00371000,371.0,0,0.0,0.0,,0.0,normalDay
2021-02-02,7192.0,270.0,0.0,0,381.55,0.0,1,4.71,2.01,SPY210212P00371000,371.0,0,0.0,0.0,,0.0,normalDay
2021-02-03,7192.0,336.0,0.0,0,381.85,0.0,1,4.71,1.35,SPY210212P00371000,371.0,0,0.0,0.0,,0.0,normalDay
2021-02-04,7192.0,405.0,0.0,0,386.19,0.0,1,4.71,0.66,SPY210212P00371000,371.0,0,0.0,0.0,,0.0,normalDay
2021-02-05,7192.0,442.0,0.0,0,387.71,0.0,1,4.71,0.29,SPY210212P00371000,371.0,0,0.0,0.0,,0.0,normalDay
2021-02-08,7192.0,460.0,0.0,0,390.51,0.0,1,4.71,0.11,SPY210212P00371000,371.0,0,0.0,0.0,,0.0,normalDay
2021-02-09,7192.0,463.0,0.0,0,390.25,0.0,1,4.71,0.08,SPY210212P00371000,371.0,0,0.0,0.0,,0.0,normalDay
2021-02-10,7192.0,464.0,0.0,0,390.08,0.0,1,4.71,0.07,SPY210212P00371000,371.0,0,0.0,0.0,,0.0,normalDay
2021-02-11,7192.0,469.0,0.0,0,390.71,0.0,1,4.71,0.02,SPY210212P00371000,371.0,0,0.0,0.0,,0.0,normalDay
2021-02-12,7663.0,0.0,471.0,0,392.64,0.0,1,4.71,0.0,SPY210212P00371000,371.0,0,0.0,0.0,,0.0,expirationDay
2021-02-16,7663.0,-3.0,0.0,0,392.3,0.0,1,0.83,0.86,SPY210226P00374000,374.0,0,0.0,0.0,,0.0,normalDay
2021-02-17,7663.0,18.0,0.0,0,392.39,0.0,1,0.83,0.65,SPY210226P00374000,374.0,0,0.0,0.0,,0.0,normalDay
2021-02-18,7663.0,10.0,0.0,0,390.72,0.0,1,0.83,0.73,SPY210226P00374000,374.0,0,0.0,0.0,,0.0,normalDay
2021-02-19,7663.0,38.0,0.0,0,390.03,0.0,1,0.83,0.45,SPY210226P00374000,374.0,0,0.0,0.0,,0.0,normalDay
2021-02-22,7663.0,35.0,0.0,0,387.03,0.0,1,0.83,0.48,SPY210226P00374000,374.0,0,0.0,0.0,,0.0,normalDay
2021-02-23,7663.0,50.0,0.0,0,387.5,0.0,1,0.83,0.33,SPY210226P00374000,374.0,0,0.0,0.0,,0.0,normalDay
2021-02-24,7663.0,77.0,0.0,0,391.77,0.0,1,0.83,0.06,SPY210226P00374000,374.0,0,0.0,0.0,,0.0,normalDay
2021-02-25,7663.0,38.0,0.0,0,382.33,0.0,1,0.83,0.45,SPY210226P00374000,374.0,0,0.0,0.0,,0.0,normalDay
2021-02-26,7746.0,0.0,83.0,0,380.36,0.0,1,0.83,0.0,SPY210226P00374000,374.0,0,0.0,0.0,,0.0,expirationDay
2021-03-01,7746.0,-5.0,0.0,0,389.58,0.0,1,2.42,2.47,SPY210312P00380000,380.0,0,0.0,0.0,,0.0,normalDay
2021-03-02,7746.0,-75.0,0.0,0,386.54,0.0,1,2.42,3.17,SPY210312P00380000,380.0,0,0.0,0.0,,0.0,normalDay
2021-03-03,7746.0,-258.0,0.0,0,381.42,0.0,1,2.42,5.0,SPY210312P00380000,380.0,0,0.0,0.0,,0.0,normalDay
2021-03-04,7746.0,-480.0,0.0,0,376.7,0.0,1,2.42,7.22,SPY210312P00380000,380.0,0,0.0,0.0,,0.0,normalDay
2021-03-05,7746.0,-88.0,0.0,0,383.63,0.0,1,2.42,3.3,SPY210312P00380000,380.0,0,0.0,0.0,,0.0,normalDay
2021-03-08,7746.0,-95.0,0.0,0,381.72,0.0,1,2.42,3.37,SPY210312P00380000,380.0,0,0.0,0.0,,0.0,normalDay
2021-03-09,7746.0,121.0,0.0,0,387.17,0.0,1,2.42,1.21,SPY210312P00380000,380.0,0,0.0,0.0,,0.0,normalDay
2021-03-10,7746.0,213.0,0.0,0,389.58,0.0,1,2.42,0.29,SPY210312P00380000,380.0,0,0.0,0.0,,0.0,normalDay
2021-03-11,7746.0,238.0,0.0,0,393.53,0.0,1,2.42,0.04,SPY210312P00380000,380.0,0,0.0,0.0,,0.0,normalDay
2021-03-12,7988.0,0.0,242.0,0,394.06,0.0,1,2.42,0.0,SPY210312P00380000,380.0,0,0.0,0.0,,0.0,expirationDay
2021-03-15,7988.0,-4.0,0.0,0,396.41,0.0,1,0.92,0.96,SPY210326P00379000,379.0,0,0.0,0.0,,0.0,normalDay
2021-03-16,7988.0,-2.0,0.0,0,395.91,0.0,1,0.92,0.94,SPY210326P00379000,379.0,0,0.0,0.0,,0.0,normalDay
2021-03-17,7988.0,31.0,0.0,0,397.26,0.0,1,0.92,0.61,SPY210326P00379000,379.0,0,0.0,0.0,,0.0,normalDay
2021-03-18,7988.0,-29.0,0.0,0,391.48,0.0,1,0.92,1.21,SPY210326P00379000,379.0,0,0.0,0.0,,0.0,normalDay
2021-03-19,7988.0,-5.0,0.0,0,389.48,0.0,1,0.92,0.97,SPY210326P00379000,379.0,0,0.0,0.0,,0.0,normalDay
2021-03-22,7988.0,70.0,0.0,0,392.59,0.0,1,0.92,0.22,SPY210326P00379000,379.0,0,0.0,0.0,,0.0,normalDay
2021-03-23,7988.0,57.0,0.0,0,389.5,0.0,1,0.92,0.35,SPY210326P00379000,379.0,0,0.0,0.0,,0.0,normalDay
2021-03-24,7988.0,62.0,0.0,0,387.52,0.0,1,0.92,0.3,SPY210326P00379000,379.0,0,0.0,0.0,,0.0,normalDay
2021-03-25,7988.0,87.0,0.0,0,389.7,0.0,1,0.92,0.05,SPY210326P00379000,379.0,0,0.0,0.0,,0.0,normalDay
2021-03-26,8080.0,0.0,92.0,0,395.98,0.0,1,0.92,0.0,SPY210326P00379000,379.0,0,0.0,0.0,,0.0,expirationDay
2021-03-29,8080.0,-4.0,0.0,0,395.78,0.0,1,1.2,1.24,SPY210409P00381000,381.0,0,0.0,0.0,,0.0,normalDay
2021-03-30,8080.0,13.0,0.0,0,394.73,0.0,1,1.2,1.07,SPY210409P00381000,381.0,0,0.0,0.0,,0.0,normalDay
2021-03-31,8080.0,60.0,0.0,0,396.33,0.0,1,1.2,0.6,SPY210409P00381000,381.0,0,0.0,0.0,,0.0,normalDay
2021-04-01,8080.0,105.0,0.0,0,400.61,0.0,1,1.2,0.15,SPY210409P00381000,381.0,0,0.0,0.0,,0.0,normalDay
2021-04-05,8080.0,113.0,0.0,0,406.36,0.0,1,1.2,0.07,SPY210409P00381000,381.0,0,0.0,0.0,,0.0,normalDay
2021-04-06,8080.0,115.0,0.0,0,406.12,0.0,1,1.2,0.05,SPY210409P00381000,381.0,0,0.0,0.0,,0.0,normalDay
2021-04-07,8080.0,118.0,0.0,0,406.59,0.0,1,1.2,0.02,SPY210409P00381000,381.0,0,0.0,0.0,,0.0,normalDay
2021-04-08,8080.0,119.0,0.0,0,408.52,0.0,1,1.2,0.01,SPY210409P00381000,381.0,0,0.0,0.0,,0.0,normalDay
2021-04-09,8200.0,0.0,120.0,0,411.49,0.0,1,1.2,0.0,SPY210409P00381000,381.0,0,0.0,0.0,,0.0,expirationDay
2021-04-12,8200.0,-3.0,0.0,0,411.64,0.0,1,0.21,0.24,SPY210423P00386000,386.0,0,0.0,0.0,,0.0,normalDay
2021-04-13,8200.0,4.0,0.0,0,412.86,0.0,1,0.21,0.17,SPY210423P00386000,386.0,0,0.0,0.0,,0.0,normalDay
2021-04-14,8200.0,3.0,0.0,0,411.45,0.0,1,0.21,0.18,SPY210423P00386000,386.0,0,0.0,0.0,,0.0,normalDay
2021-04-15,8200.0,9.0,0.0,0,415.87,0.0,1,0.21,0.12,SPY210423P00386000,386.0,0,0.0,0.0,,0.0,normalDay
2021-04-16,8200.0,16.0,0.0,0,417.26,0.0,1,0.21,0.05,SPY210423P00386000,386.0,0,0.0,0.0,,0.0,normalDay
2021-04-19,8200.0,18.0,0.0,0,415.21,0.0,1,0.21,0.03,SPY210423P00386000,386.0,0,0.0,0.0,,0.0,normalDay
2021-04-20,8200.0,18.0,0.0,0,412.17,0.0,1,0.21,0.03,SPY210423P00386000,386.0,0,0.0,0.0,,0.0,normalDay
2021-04-21,8200.0,19.0,0.0,0,416.07,0.0,1,0.21,0.02,SPY210423P00386000,386.0,0,0.0,0.0,,0.0,normalDay
2021-04-22,8200.0,20.0,0.0,0,412.27,0.0,1,0.21,0.01,SPY210423P00386000,386.0,0,0.0,0.0,,0.0,normalDay
2021-04-23,8221.0,0.0,21.0,0,416.74,0.0,1,0.21,0.0,SPY210423P00386000,386.0,0,0.0,0.0,,0.0,expirationDay
2021-04-26,8221.0,-4.0,0.0,0,417.61,0.0,1,0.45,0.49,SPY210507P00397500,397.5,0,0.0,0.0,,0.0,normalDay
2021-04-27,8221.0,3.0,0.0,0,417.52,0.0,1,0.45,0.42,SPY210507P00397500,397.5,0,0.0,0.0,,0.0,normalDay
2021-04-28,8221.0,19.0,0.0,0,417.4,0.0,1,0.45,0.26,SPY210507P00397500,397.5,0,0.0,0.0,,0.0,normalDay
2021-04-29,8221.0,26.0,0.0,0,420.06,0.0,1,0.45,0.19,SPY210507P00397500,397.5,0,0.0,0.0,,0.0,normalDay
2021-04-30,8221.0,23.0,0.0,0,417.3,0.0,1,0.45,0.22,SPY210507P00397500,397.5,0,0.0,0.0,,0.0,normalDay
2021-05-03,8221.0,34.0,0.0,0,418.2,0.0,1,0.45,0.11,SPY210507P00397500,397.5,0,0.0,0.0,,0.0,normalDay
2021-05-04,8221.0,33.0,0.0,0,415.62,0.0,1,0.45,0.12,SPY210507P00397500,397.5,0,0.0,0.0,,0.0,normalDay
2021-05-05,8221.0,37.0,0.0,0,415.75,0.0,1,0.45,0.08,SPY210507P00397500,397.5,0,0.0,0.0,,0.0,normalDay
2021-05-06,8221.0,42.0,0.0,0,419.07,0.0,1,0.45,0.03,SPY210507P00397500,397.5,0,0.0,0.0,,0.0,normalDay
2021-05-07,8266.0,0.0,45.0,0,422.12,0.0,1,0.45,0.0,SPY210507P00397500,397.5,0,0.0,0.0,,0.0,expirationDay
2021-05-10,8266.0,-3.0,0.0,0,417.94,0.0,1,2.82,2.85,SPY210521P00412000,412.0,0,0.0,0.0,,0.0,normalDay
2021-05-11,8266.0,-136.0,0.0,0,414.21,0.0,1,2.82,4.18,SPY210521P00412000,412.0,0,0.0,0.0,,0.0,normalDay
2021-05-12,8266.0,-662.0,0.0,0,405.41,0.0,1,2.82,9.44,SPY210521P00412000,412.0,0,0.0,0.0,,0.0,normalDay
2021-05-13,8266.0,-286.0,0.0,0,410.28,0.0,1,2.82,5.68,SPY210521P00412000,412.0,0,0.0,0.0,,0.0,normalDay
2021-05-14,8266.0,97.0,0.0,0,416.58,0.0,1,2.82,1.85,SPY210521P00412000,412.0,0,0.0,0.0,,0.0,normalDay
2021-05-17,8266.0,110.0,0.0,0,415.52,0.0,1,2.82,1.72,SPY210521P00412000,412.0,0,0.0,0.0,,0.0,normalDay
2021-05-18,8266.0,-3.0,0.0,0,411.94,0.0,1,2.82,2.85,SPY210521P00412000,412.0,0,0.0,0.0,,0.0,normalDay
2021-05-19,8266.0,-13.0,0.0,0,410.86,0.0,1,2.82,2.95,SPY210521P00412000,412.0,0,0.0,0.0,,0.0,normalDay
2021-05-20,8266.0,234.0,0.0,0,415.28,0.0,1,2.82,0.48,SPY210521P00412000,412.0,0,0.0,0.0,,0.0,normalDay
2021-05-21,8548.0,0.0,282.0,0,414.94,0.0,1,2.82,0.0,SPY210521P00412000,412.0,0,0.0,0.0,,0.0,expirationDay
2021-05-24,8548.0,-3.0,0.0,0,419.17,0.0,1,1.32,1.35,SPY210604P00410000,410.0,0,0.0,0.0,,0.0,normalDay
2021-05-25,8548.0,-20.0,0.0,0,418.24,0.0,1,1.32,1.52,SPY210604P00410000,410.0,0,0.0,0.0,,0.0,normalDay
2021-05-26,8548.0,34.0,0.0,0,419.07,0.0,1,1.32,0.98,SPY210604P00410000,410.0,0,0.0,0.0,,0.0,normalDay
2021-05-27,8548.0,71.0,0.0,0,419.29,0.0,1,1.32,0.61,SPY210604P00410000,410.0,0,0.0,0.0,,0.0,normalDay
2021-05-28,8548.0,91.0,0.0,0,420.04,0.0,1,1.32,0.41,SPY210604P00410000,410.0,0,0.0,0.0,,0.0,normalDay
2021-06-01,8548.0,111.0,0.0,0,419.67,0.0,1,1.32,0.21,SPY210604P00410000,410.0,0,0.0,0.0,,0.0,normalDay
2021-06-02,8548.0,125.0,0.0,0,420.33,0.0,1,1.32,0.07,SPY210604P00410000,410.0,0,0.0,0.0,,0.0,normalDay
2021-06-03,8548.0,125.0,0.0,0,418.77,0.0,1,1.32,0.07,SPY210604P00410000,410.0,0,0.0,0.0,,0.0,normalDay
2021-06-04,8680.0,0.0,132.0,0,422.6,0.0,1,1.32,0.0,SPY210604P00410000,410.0,0,0.0,0.0,,0.0,expirationDay
2021-06-07,8680.0,-3.0,0.0,0,422.19,0.0,1,0.99,1.02,SPY210618P00410000,410.0,0,0.0,0.0,,0.0,normalDay
2021-06-08,8680.0,-16.0,0.0,0,422.28,0.0,1,0.99,1.15,SPY210618P00410000,410.0,0,0.0,0.0,,0.0,normalDay
2021-06-09,8680.0,-32.0,0.0,0,421.65,0.0,1,0.99,1.31,SPY210618P00410000,410.0,0,0.0,0.0,,0.0,normalDay
2021-06-10,8680.0,38.0,0.0,0,423.61,0.0,1,0.99,0.61,SPY210618P00410000,410.0,0,0.0,0.0,,0.0,normalDay
2021-06-11,8680.0,55.0,0.0,0,424.31,0.0,1,0.99,0.44,SPY210618P00410000,410.0,0,0.0,0.0,,0.0,normalDay
2021-06-14,8680.0,71.0,0.0,0,425.26,0.0,1,0.99,0.28,SPY210618P00410000,410.0,0,0.0,0.0,,0.0,normalDay
2021-06-15,8680.0,64.0,0.0,0,424.48,0.0,1,0.99,0.35,SPY210618P00410000,410.0,0,0.0,0.0,,0.0,normalDay
2021-06-16,8680.0,51.0,0.0,0,422.11,0.0,1,0.99,0.48,SPY210618P00410000,410.0,0,0.0,0.0,,0.0,normalDay
2021-06-17,8680.0,82.0,0.0,0,421.97,0.0,1,0.99,0.17,SPY210618P00410000,410.0,0,0.0,0.0,,0.0,normalDay
2021-06-18,8779.0,0.0,99.0,0,414.92,0.0,1,0.99,0.0,SPY210618P00410000,410.0,0,0.0,0.0,,0.0,expirationDay
2021-06-21,8779.0,-3.0,0.0,0,420.86,0.0,1,2.39,2.42,SPY210702P00417000,417.0,0,0.0,0.0,,0.0,normalDay
2021-06-22,8779.0,85.0,0.0,0,423.11,0.0,1,2.39,1.54,SPY210702P00417000,417.0,0,0.0,0.0,,0.0,normalDay
2021-06-23,8779.0,108.0,0.0,0,422.6,0.0,1,2.39,1.31,SPY210702P00417000,417.0,0,0.0,0.0,,0.0,normalDay
2021-06-24,8779.0,163.0,0.0,0,425.1,0.0,1,2.39,0.76,SPY210702P00417000,417.0,0,0.0,0.0,,0.0,normalDay
2021-06-25,8779.0,195.0,0.0,0,426.61,0.0,1,2.39,0.44,SPY210702P00417000,417.0,0,0.0,0.0,,0.0,normalDay
2021-06-28,8779.0,219.0,0.0,0,427.47,0.0,1,2.39,0.2,SPY210702P00417000,417.0,0,0.0,0.0,,0.0,normalDay
2021-06-29,8779.0,227.0,0.0,0,427.7,0.0,1,2.39,0.12,SPY210702P00417000,417.0,0,0.0,0.0,,0.0,normalDay
2021-06-30,8779.0,232.0,0.0,0,428.06,0.0,1,2.39,0.07,SPY210702P00417000,417.0,0,0.0,0.0,,0.0,normalDay
2021-07-01,8779.0,236.0,0.0,0,430.43,0.0,1,2.39,0.03,SPY210702P00417000,417.0,0,0.0,0.0,,0.0,normalDay
2021-07-02,9018.0,0.0,239.0,0,433.72,0.0,1,2.39,0.0,SPY210702P00417000,417.0,0,0.0,0.0,,0.0,expirationDay
2021-07-06,9018.0,-3.0,0.0,0,432.93,0.0,1,0.7,0.73,SPY210716P00418000,418.0,0,0.0,0.0,,0.0,normalDay
2021-07-07,9018.0,20.0,0.0,0,434.46,0.0,1,0.7,0.5,SPY210716P00418000,418.0,0,0.0,0.0,,0.0,normalDay
2021-07-08,9018.0,-44.0,0.0,0,430.92,0.0,1,0.7,1.14,SPY210716P00418000,418.0,0,0.0,0.0,,0.0,normalDay
2021-07-09,9018.0,38.0,0.0,0,435.52,0.0,1,0.7,0.32,SPY210716P00418000,418.0,0,0.0,0.0,,0.0,normalDay
2021-07-12,9018.0,57.0,0.0,0,437.08,0.0,1,0.7,0.13,SPY210716P00418000,418.0,0,0.0,0.0,,0.0,normalDay
2021-07-13,9018.0,55.0,0.0,0,435.59,0.0,1,0.7,0.15,SPY210716P00418000,418.0,0,0.0,0.0,,0.0,normalDay
2021-07-14,9018.0,64.0,0.0,0,436.24,0.0,1,0.7,0.06,SPY210716P00418000,418.0,0,0.0,0.0,,0.0,normalDay
2021-07-15,9018.0,66.0,0.0,0,434.75,0.0,1,0.7,0.04,SPY210716P00418000,418.0,0,0.0,0.0,,0.0,normalDay
2021-07-16,9088.0,0.0,70.0,0,431.34,0.0,1,0.7,0.0,SPY210716P00418000,418.0,0,0.0,0.0,,0.0,expirationDay
2021-07-19,9088.0,-5.0,0.0,0,424.97,0.0,1,4.44,4.49,SPY210730P00422000,422.0,0,0.0,0.0,,0.0,normalDay
2021-07-20,9088.0,233.0,0.0,0,431.06,0.0,1,4.44,2.11,SPY210730P00422000,422.0,0,0.0,0.0,,0.0,normalDay
2021-07-21,9088.0,355.0,0.0,0,434.55,0.0,1,4.44,0.89,SPY210730P00422000,422.0,0,0.0,0.0,,0.0,normalDay
2021-07-22,9088.0,383.0,0.0,0,435.46,0.0,1,4.44,0.61,SPY210730P00422000,422.0,0,0.0,0.0,,0.0,normalDay
2021-07-23,9088.0,423.0,0.0,0,439.94,0.0,1,4.44,0.21,SPY210730P00422000,422.0,0,0.0,0.0,,0.0,normalDay
2021-07-26,9088.0,436.0,0.0,0,441.02,0.0,1,4.44,0.08,SPY210730P00422000,422.0,0,0.0,0.0,,0.0,normalDay
2021-07-27,9088.0,427.0,0.0,0,439.01,0.0,1,4.44,0.17,SPY210730P00422000,422.0,0,0.0,0.0,,0.0,normalDay
2021-07-28,9088.0,438.0,0.0,0,438.83,0.0,1,4.44,0.06,SPY210730P00422000,422.0,0,0.0,0.0,,0.0,normalDay
2021-07-29,9088.0,442.0,0.0,0,440.65,0.0,1,4.44,0.02,SPY210730P00422000,422.0,0,0.0,0.0,,0.0,normalDay
2021-07-30,9532.0,0.0,444.0,0,438.51,0.0,1,4.44,0.0,SPY210730P00422000,422.0,0,0.0,0.0,,0.0,expirationDay
2021-08-02,9532.0,-3.0,0.0,0,437.59,0.0,1,1.88,1.91,SPY210813P00429000,429.0,0,0.0,0.0,,0.0,normalDay
2021-08-03,9532.0,96.0,0.0,0,441.15,0.0,1,1.88,0.92,SPY210813P00429000,429.0,0,0.0,0.0,,0.0,normalDay
2021-08-04,9532.0,90.0,0.0,0,438.98,0.0,1,1.88,0.98,SPY210813P00429000,429.0,0,0.0,0.0,,0.0,normalDay
2021-08-05,9532.0,131.0,0.0,0,441.76,0.0,1,1.88,0.57,SPY210813P00429000,429.0,0,0.0,0.0,,0.0,normalDay
2021-08-06,9532.0,167.0,0.0,0,442.49,0.0,1,1.88,0.21,SPY210813P00429000,429.0,0,0.0,0.0,,0.0,normalDay
2021-08-09,9532.0,174.0,0.0,0,442.13,0.0,1,1.88,0.14,SPY210813P00429000,429.0,0,0.0,0.0,,0.0,normalDay
2021-08-10,9532.0,175.0,0.0,0,442.68,0.0,1,1.88,0.13,SPY210813P00429000,429.0,0,0.0,0.0,,0.0,normalDay
2021-08-11,9532.0,182.0,0.0,0,443.78,0.0,1,1.88,0.06,SPY210813P00429000,429.0,0,0.0,0.0,,0.0,normalDay
2021-08-12,9532.0,184.0,0.0,0,445.11,0.0,1,1.88,0.04,SPY210813P00429000,429.0,0,0.0,0.0,,0.0,normalDay
2021-08-13,9720.0,0.0,188.0,0,445.92,0.0,1,1.88,0.0,SPY210813P00429000,429.0,0,0.0,0.0,,0.0,expirationDay
2021-08-16,9720.0,-3.0,0.0,0,446.97,0.0,1,0.81,0.84,SPY210827P00434000,434.0,0,0.0,0.0,,0.0,normalDay
2021-08-17,9720.0,-77.0,0.0,0,444.04,0.0,1,0.81,1.58,SPY210827P00434000,434.0,0,0.0,0.0,,0.0,normalDay
2021-08-18,9720.0,-243.0,0.0,0,439.18,0.0,1,0.81,3.24,SPY210827P00434000,434.0,0,0.0,0.0,,0.0,normalDay
2021-08-19,9720.0,-185.0,0.0,0,439.86,0.0,1,0.81,2.66,SPY210827P00434000,434.0,0,0.0,0.0,,0.0,normalDay
2021-08-20,9720.0,-11.0,0.0,0,443.36,0.0,1,0.81,0.92,SPY210827P00434000,434.0,0,0.0,0.0,,0.0,normalDay
2021-08-23,9720.0,63.0,0.0,0,447.26,0.0,1,0.81,0.18,SPY210827P00434000,434.0,0,0.0,0.0,,0.0,normalDay
2021-08-24,9720.0,69.0,0.0,0,447.97,0.0,1,0.81,0.12,SPY210827P00434000,434.0,0,0.0,0.0,,0.0,normalDay
2021-08-25,9720.0,75.0,0.0,0,448.91,0.0,1,0.81,0.06,SPY210827P00434000,434.0,0,0.0,0.0,,0.0,normalDay
2021-08-26,9720.0,73.0,0.0,0,446.26,0.0,1,0.81,0.08,SPY210827P00434000,434.0,0,0.0,0.0,,0.0,normalDay
2021-08-27,9801.0,0.0,81.0,0,450.25,0.0,1,0.81,0.0,SPY210827P00434000,434.0,0,0.0,0.0,,0.0,expirationDay
2021-08-30,9801.0,-3.0,0.0,0,452.23,0.0,1,0.63,0.66,SPY210910P00439000,439.0,0,0.0,0.0,,0.0,normalDay
2021-08-31,9801.0,-6.0,0.0,0,451.56,0.0,1,0.63,0.69,SPY210910P00439000,439.0,0,0.0,0.0,,0.0,normalDay
2021-09-01,9801.0,12.0,0.0,0,451.8,0.0,1,0.63,0.51,SPY210910P00439000,439.0,0,0.0,0.0,,0.0,normalDay
2021-09-02,9801.0,18.0,0.0,0,453.19,0.0,1,0.63,0.45,SPY210910P00439000,439.0,0,0.0,0.0,,0.0,normalDay
2021-09-03,9801.0,37.0,0.0,0,453.08,0.0,1,0.63,0.26,SPY210910P00439000,439.0,0,0.0,0.0,,0.0,normalDay
2021-09-07,9801.0,44.0,0.0,0,451.46,0.0,1,0.63,0.19,SPY210910P00439000,439.0,0,0.0,0.0,,0.0,normalDay
2021-09-08,9801.0,53.0,0.0,0,450.91,0.0,1,0.63,0.1,SPY210910P00439000,439.0,0,0.0,0.0,,0.0,normalDay
2021-09-09,9801.0,56.0,0.0,0,448.98,0.0,1,0.63,0.07,SPY210910P00439000,439.0,0,0.0,0.0,,0.0,normalDay
2021-09-10,9864.0,0.0,63.0,0,445.44,0.0,1,0.63,0.0,SPY210910P00439000,439.0,0,0.0,0.0,,0.0,expirationDay
2021-09-13,9864.0,-3.0,0.0,0,446.58,0.0,1,3.18,3.21,SPY210924P00441000,441.0,0,0.0,0.0,,0.0,normalDay
2021-09-14,9864.0,-61.0,0.0,0,444.17,0.0,1,3.18,3.79,SPY210924P00441000,441.0,0,0.0,0.0,,0.0,normalDay
2021-09-15,9864.0,119.0,0.0,0,447.88,0.0,1,3.18,1.99,SPY210924P00441000,441.0,0,0.0,0.0,,0.0,normalDay
2021-09-16,9864.0,109.0,0.0,0,447.17,0.0,1,3.18,2.09,SPY210924P00441000,441.0,0,0.0,0.0,,0.0,normalDay
2021-09-17,9864.0,-72.0,0.0,0,441.4,0.0,1,3.18,3.9,SPY210924P00441000,441.0,0,0.0,0.0,,0.0,normalDay
2021-09-20,9864.0,-517.0,0.0,0,434.04,0.0,1,3.18,8.35,SPY210924P00441000,441.0,0,0.0,0.0,,0.0,normalDay
2021-09-21,9864.0,-511.0,0.0,0,433.63,0.0,1,3.18,8.29,SPY210924P00441000,441.0,0,0.0,0.0,,0.0,normalDay
2021-09-22,9864.0,-88.0,0.0,0,437.86,0.0,1,3.18,4.06,SPY210924P00441000,441.0,0,0.0,0.0,,0.0,normalDay
2021-09-23,9864.0,257.0,0.0,0,443.18,0.0,1,3.18,0.61,SPY210924P00441000,441.0,0,0.0,0.0,,0.0,normalDay
2021-09-24,10182.0,0.0,318.0,0,443.91,0.0,1,3.18,0.0,SPY210924P00441000,441.0,0,0.0,0.0,,0.0,expirationDay
2021-09-27,10182.0,-4.0,0.0,0,442.64,0.0,1,2.35,2.39,SPY211008P00436000,436.0,0,0.0,0.0,,0.0,normalDay
2021-09-28,10182.0,-415.0,0.0,0,433.72,0.0,1,2.35,6.5,SPY211008P00436000,436.0,0,0.0,0.0,,0.0,normalDay
2021-09-29,10182.0,-323.0,0.0,0,434.45,0.0,1,2.35,5.58,SPY211008P00436000,436.0,0,0.0,0.0,,0.0,normalDay
2021-09-30,10182.0,-600.0,0.0,0,429.14,0.0,1,2.35,8.35,SPY211008P00436000,436.0,0,0.0,0.0,,0.0,normalDay
2021-10-01,10182.0,-239.0,0.0,0,434.24,0.0,1,2.35,4.74,SPY211008P00436000,436.0,0,0.0,0.0,,0.0,normalDay
2021-10-04,10182.0,-587.0,0.0,0,428.64,0.0,1,2.35,8.22,SPY211008P00436000,436.0,0,0.0,0.0,,0.0,normalDay
2021-10-05,10182.0,-213.0,0.0,0,433.1,0.0,1,2.35,4.48,SPY211008P00436000,436.0,0,0.0,0.0,,0.0,normalDay
2021-10-06,10182.0,-92.0,0.0,0,434.9,0.0,1,2.35,3.27,SPY211008P00436000,436.0,0,0.0,0.0,,0.0,normalDay
2021-10-07,10182.0,160.0,0.0,0,438.66,0.0,1,2.35,0.75,SPY211008P00436000,436.0,0,0.0,0.0,,0.0,normalDay
2021-10-08,10417.0,0.0,235.0,0,437.86,0.0,1,2.35,0.0,SPY211008P00436000,436.0,0,0.0,0.0,,0.0,expirationDay
2021-10-11,10417.0,-4.0,0.0,0,434.69,0.0,1,3.5,3.54,SPY211022P00429000,429.0,0,0.0,0.0,,0.0,normalDay
2021-10-12,10417.0,-17.0,0.0,0,433.62,0.0,1,3.5,3.67,SPY211022P00429000,429.0,0,0.0,0.0,,0.0,normalDay
2021-10-13,10417.0,123.0,0.0,0,435.18,0.0,1,3.5,2.27,SPY211022P00429000,429.0,0,0.0,0.0,,0.0,normalDay
2021-10-14,10417.0,282.0,0.0,0,442.5,0.0,1,3.5,0.68,SPY211022P00429000,429.0,0,0.0,0.0,,0.0,normalDay
2021-10-15,10417.0,320.0,0.0,0,445.87,0.0,1,3.5,0.3,SPY211022P00429000,429.0,0,0.0,0.0,,0.0,normalDay
2021-10-18,10417.0,339.0,0.0,0,447.19,0.0,1,3.5,0.11,SPY211022P00429000,429.0,0,0.0,0.0,,0.0,normalDay
2021-10-19,10417.0,345.0,0.0,0,450.64,0.0,1,3.5,0.05,SPY211022P00429000,429.0,0,0.0,0.0,,0.0,normalDay
2021-10-20,10417.0,346.0,0.0,0,452.41,0.0,1,3.5,0.04,SPY211022P00429000,429.0,0,0.0,0.0,,0.0,normalDay
2021-10-21,10417.0,349.0,0.0,0,453.59,0.0,1,3.5,0.01,SPY211022P00429000,429.0,0,0.0,0.0,,0.0,normalDay
2021-10-22,10767.0,0.0,350.0,0,453.12,0.0,1,3.5,0.0,SPY211022P00429000,429.0,0,0.0,0.0,,0.0,expirationDay
2021-10-25,10767.0,-3.0,0.0,0,455.55,0.0,1,0.24,0.27,SPY211105P00426000,426.0,0,0.0,0.0,,0.0,normalDay
2021-10-26,10767.0,-5.0,0.0,0,455.96,0.0,1,0.24,0.29,SPY211105P00426000,426.0,0,0.0,0.0,,0.0,normalDay
2021-10-27,10767.0,-7.0,0.0,0,453.94,0.0,1,0.24,0.31,SPY211105P00426000,426.0,0,0.0,0.0,,0.0,normalDay
2021-10-28,10767.0,7.0,0.0,0,458.32,0.0,1,0.24,0.17,SPY211105P00426000,426.0,0,0.0,0.0,,0.0,normalDay
2021-10-29,10767.0,14.0,0.0,0,459.25,0.0,1,0.24,0.1,SPY211105P00426000,426.0,0,0.0,0.0,,0.0,normalDay
2021-11-01,10767.0,19.0,0.0,0,460.04,0.0,1,0.24,0.05,SPY211105P00426000,426.0,0,0.0,0.0,,0.0,normalDay
2021-11-02,10767.0,20.0,0.0,0,461.9,0.0,1,0.24,0.04,SPY211105P00426000,426.0,0,0.0,0.0,,0.0,normalDay
2021-11-03,10767.0,22.0,0.0,0,464.72,0.0,1,0.24,0.02,SPY211105P00426000,426.0,0,0.0,0.0,,0.0,normalDay
2021-11-04,10767.0,23.0,0.0,0,466.91,0.0,1,0.24,0.01,SPY211105P00426000,426.0,0,0.0,0.0,,0.0,normalDay
2021-11-05,10791.0,0.0,24.0,0,468.53,0.0,1,0.24,0.0,SPY211105P00426000,426.0,0,0.0,0.0,,0.0,expirationDay
2021-11-08,10791.0,-3.0,0.0,0,468.93,0.0,1,0.36,0.39,SPY211119P00438000,438.0,0,0.0,0.0,,0.0,normalDay
2021-11-09,10791.0,-3.0,0.0,0,467.38,0.0,1,0.36,0.39,SPY211119P00438000,438.0,0,0.0,0.0,,0.0,normalDay
2021-11-10,10791.0,-9.0,0.0,0,463.62,0.0,1,0.36,0.45,SPY211119P00438000,438.0,0,0.0,0.0,,0.0,normalDay
2021-11-11,10791.0,11.0,0.0,0,463.77,0.0,1,0.36,0.25,SPY211119P00438000,438.0,0,0.0,0.0,,0.0,normalDay
2021-11-12,10791.0,25.0,0.0,0,467.27,0.0,1,0.36,0.11,SPY211119P00438000,438.0,0,0.0,0.0,,0.0,normalDay
2021-11-15,10791.0,31.0,0.0,0,467.43,0.0,1,0.36,0.05,SPY211119P00438000,438.0,0,0.0,0.0,,0.0,normalDay
2021-11-16,10791.0,31.0,0.0,0,469.28,0.0,1,0.36,0.05,SPY211119P00438000,438.0,0,0.0,0.0,,0.0,normalDay
2021-11-17,10791.0,33.0,0.0,0,468.14,0.0,1,0.36,0.03,SPY211119P00438000,438.0,0,0.0,0.0,,0.0,normalDay
2021-11-18,10791.0,34.0,0.0,0,469.73,0.0,1,0.36,0.02,SPY211119P00438000,438.0,0,0.0,0.0,,0.0,normalDay
2021-11-19,10827.0,0.0,36.0,0,468.89,0.0,1,0.36,0.0,SPY211119P00438000,438.0,0,0.0,0.0,,0.0,expirationDay
2021-11-22,10827.0,-5.0,0.0,0,467.57,0.0,1,1.65,1.7,SPY211203P00457000,457.0,0,0.0,0.0,,0.0,normalDay
2021-11-23,10827.0,14.0,0.0,0,468.19,0.0,1,1.65,1.51,SPY211203P00457000,457.0,0,0.0,0.0,,0.0,normalDay
2021-11-24,10827.0,65.0,0.0,0,469.44,0.0,1,1.65,1.0,SPY211203P00457000,457.0,0,0.0,0.0,,0.0,normalDay
2021-11-26,10827.0,-474.0,0.0,0,458.97,0.0,1,1.65,6.39,SPY211203P00457000,457.0,0,0.0,0.0,,0.0,normalDay
2021-11-29,10827.0,22.0,0.0,0,464.6,0.0,1,1.65,1.43,SPY211203P00457000,457.0,0,0.0,0.0,,0.0,normalDay
2021-11-30,10827.0,-212.0,0.0,0,455.56,0.0,1,1.65,3.77,SPY211203P00457000,457.0,0,0.0,0.0,,0.0,normalDay
2021-12-01,10827.0,-654.0,0.0,0,450.5,0.0,1,1.65,8.19,SPY211203P00457000,457.0,0,0.0,0.0,,0.0,normalDay
2021-12-02,10827.0,-65.0,0.0,0,457.4,0.0,1,1.65,2.3,SPY211203P00457000,457.0,0,0.0,0.0,,0.0,normalDay
2021-12-03,10992.0,-358.0,165.0,100,453.42,457.0,1,1.65,0.0,SPY211203P00457000,457.0,0,0.0,0.0,,0.0,expirationDay
2021-12-06,10992.0,87.0,0.0,100,458.79,457.0,0,0.0,0.0,,0.0,1,24.45,25.37,SPY220930C00474000,474.0,normalDay
2021-12-07,10992.0,683.0,0.0,100,468.28,457.0,0,0.0,0.0,,0.0,1,24.45,28.9,SPY220930C00474000,474.0,normalDay
2021-12-08,10992.0,789.0,0.0,100,469.52,457.0,0,0.0,0.0,,0.0,1,24.45,29.08,SPY220930C00474000,474.0,normalDay
2021-12-09,10992.0,632.0,0.0,100,466.35,457.0,0,0.0,0.0,,0.0,1,24.45,27.48,SPY220930C00474000,474.0,normalDay
2021-12-10,10992.0,883.0,0.0,100,470.74,457.0,0,0.0,0.0,,0.0,1,24.45,29.36,SPY220930C00474000,474.0,normalDay
2021-12-13,10992.0,656.0,0.0,100,466.57,457.0,0,0.0,0.0,,0.0,1,24.45,27.46,SPY220930C00474000,474.0,normalDay
2021-12-14,10992.0,460.0,0.0,100,463.36,457.0,0,0.0,0.0,,0.0,1,24.45,26.21,SPY220930C00474000,474.0,normalDay
2021-12-15,10992.0,837.0,0.0,100,470.6,457.0,0,0.0,0.0,,0.0,1,24.45,29.68,SPY220930C00474000,474.0,normalDay
2021-12-16,10992.0,574.0,0.0,100,466.45,457.0,0,0.0,0.0,,0.0,1,24.45,28.16,SPY220930C00474000,474.0,normalDay
2021-12-17,10992.0,166.0,0.0,100,459.87,457.0,0,0.0,0.0,,0.0,1,24.45,25.66,SPY220930C00474000,474.0,normalDay
2021-12-20,10992.0,-37.0,0.0,100,454.98,457.0,0,0.0,0.0,,0.0,1,24.45,22.8,SPY220930C00474000,474.0,normalDay
2021-12-21,10992.0,415.0,0.0,100,463.06,457.0,0,0.0,0.0,,0.0,1,24.45,26.36,SPY220930C00474000,474.0,normalDay
2021-12-22,10992.0,686.0,0.0,100,467.69,457.0,0,0.0,0.0,,0.0,1,24.45,28.28,SPY220930C00474000,474.0,normalDay
2021-12-23,10992.0,802.0,0.0,100,470.6,457.0,0,0.0,0.0,,0.0,1,24.45,30.03,SPY220930C00474000,474.0,normalDay
2021-12-27,10992.0,1105.0,0.0,100,477.26,457.0,0,0.0,0.0,,0.0,1,24.45,33.66,SPY220930C00474000,474.0,normalDay
2021-12-28,10992.0,1088.0,0.0,100,476.87,457.0,0,0.0,0.0,,0.0,1,24.45,33.44,SPY220930C00474000,474.0,normalDay
2021-12-29,10992.0,1153.0,0.0,100,477.48,457.0,0,0.0,0.0,,0.0,1,24.45,33.4,SPY220930C00474000,474.0,normalDay
2021-12-30,10992.0,1124.0,0.0,100,476.16,457.0,0,0.0,0.0,,0.0,1,24.45,32.37,SPY220930C00474000,474.0,normalDay
2021-12-31,10992.0,1107.0,0.0,100,474.96,457.0,0,0.0,0.0,,0.0,1,24.45,31.34,SPY220930C00474000,474.0,normalDay
2022-01-03,10992.0,1256.0,0.0,100,477.71,457.0,0,0.0,0.0,,0.0,1,24.45,32.6,SPY220930C00474000,474.0,normalDay
2022-01-04,10992.0,1253.0,0.0,100,477.55,457.0,0,0.0,0.0,,0.0,1,24.45,32.47,SPY220930C00474000,474.0,normalDay
2022-01-05,10992.0,800.0,0.0,100,468.38,457.0,0,0.0,0.0,,0.0,1,24.45,27.83,SPY220930C00474000,474.0,normalDay
2022-01-06,10992.0,785.0,0.0,100,467.94,457.0,0,0.0,0.0,,0.0,1,24.45,27.54,SPY220930C00474000,474.0,normalDay
2022-01-07,10992.0,747.0,0.0,100,466.09,457.0,0,0.0,0.0,,0.0,1,24.45,26.07,SPY220930C00474000,474.0,normalDay
2022-01-10,10992.0,784.0,0.0,100,465.51,457.0,0,0.0,0.0,,0.0,1,24.45,25.12,SPY220930C00474000,474.0,normalDay
2022-01-11,10992.0,1006.0,0.0,100,469.75,457.0,0,0.0,0.0,,0.0,1,24.45,27.14,SPY220930C00474000,474.0,normalDay
2022-01-12,10992.0,1047.0,0.0,100,471.02,457.0,0,0.0,0.0,,0.0,1,24.45,28.0,SPY220930C00474000,474.0,normalDay
2022-01-13,10992.0,739.0,0.0,100,464.53,457.0,0,0.0,0.0,,0.0,1,24.45,24.59,SPY220930C00474000,474.0,normalDay
2022-01-14,10992.0,783.0,0.0,100,464.72,457.0,0,0.0,0.0,,0.0,1,24.45,24.34,SPY220930C00474000,474.0,normalDay
2022-01-18,10992.0,320.0,0.0,100,456.49,457.0,0,0.0,0.0,,0.0,1,24.45,20.74,SPY220930C00474000,474.0,normalDay
2022-01-19,10992.0,80.0,0.0,100,451.75,457.0,0,0.0,0.0,,0.0,1,24.45,18.4,SPY220930C00474000,474.0,normalDay
2022-01-20,10992.0,-241.0,0.0,100,446.75,457.0,0,0.0,0.0,,0.0,1,24.45,16.61,SPY220930C00474000,474.0,normalDay
2022-01-21,10992.0,-828.0,0.0,100,437.98,457.0,0,0.0,0.0,,0.0,1,24.45,13.71,SPY220930C00474000,474.0,normalDay
2022-01-24,10992.0,-670.0,0.0,100,439.84,457.0,0,0.0,0.0,,0.0,1,24.45,13.99,SPY220930C00474000,474.0,normalDay
2022-01-25,10992.0,-987.0,0.0,100,434.47,457.0,0,0.0,0.0,,0.0,1,24.45,11.79,SPY220930C00474000,474.0,normalDay
2022-01-26,10992.0,-1081.0,0.0,100,433.38,457.0,0,0.0,0.0,,0.0,1,24.45,11.64,SPY220930C00474000,474.0,normalDay
2022-01-27,10992.0,-1215.0,0.0,100,431.24,457.0,0,0.0,0.0,,0.0,1,24.45,10.84,SPY220930C00474000,474.0,normalDay
2022-01-28,10992.0,-454.0,0.0,100,441.95,457.0,0,0.0,0.0,,0.0,1,24.45,13.94,SPY220930C00474000,474.0,normalDay
2022-01-31,10992.0,108.0,0.0,100,449.91,457.0,0,0.0,0.0,,0.0,1,24.45,16.28,SPY220930C00474000,474.0,normalDay
2022-02-01,10992.0,339.0,0.0,100,452.95,457.0,0,0.0,0.0,,0.0,1,24.45,17.01,SPY220930C00474000,474.0,normalDay
2022-02-02,10992.0,653.0,0.0,100,457.35,457.0,0,0.0,0.0,,0.0,1,24.45,18.27,SPY220930C00474000,474.0,normalDay
2022-02-03,10992.0,-292.0,0.0,100,446.6,457.0,0,0.0,0.0,,0.0,1,24.45,16.97,SPY220930C00474000,474.0,normalDay
2022-02-04,10992.0,36.0,0.0,100,448.7,457.0,0,0.0,0.0,,0.0,1,24.45,15.79,SPY220930C00474000,474.0,normalDay
2022-02-07,10992.0,-63.0,0.0,100,447.26,457.0,0,0.0,0.0,,0.0,1,24.45,15.34,SPY220930C00474000,474.0,normalDay
2022-02-08,10992.0,213.0,0.0,100,450.94,457.0,0,0.0,0.0,,0.0,1,24.45,16.26,SPY220930C00474000,474.0,normalDay
2022-02-09,10992.0,622.0,0.0,100,457.54,457.0,0,0.0,0.0,,0.0,1,24.45,18.77,SPY220930C00474000,474.0,normalDay
2022-02-10,10992.0,115.0,0.0,100,449.32,457.0,0,0.0,0.0,,0.0,1,24.45,15.62,SPY220930C00474000,474.0,normalDay
2022-02-11,10992.0,-523.0,0.0,100,440.46,457.0,0,0.0,0.0,,0.0,1,24.45,13.14,SPY220930C00474000,474.0,normalDay
2022-02-14,10992.0,-571.0,0.0,100,439.02,457.0,0,0.0,0.0,,0.0,1,24.45,12.18,SPY220930C00474000,474.0,normalDay
2022-02-15,10992.0,-10.0,0.0,100,446.1,457.0,0,0.0,0.0,,0.0,1,24.45,13.65,SPY220930C00474000,474.0,normalDay
2022-02-16,10992.0,45.0,0.0,100,446.6,457.0,0,0.0,0.0,,0.0,1,24.45,13.6,SPY220930C00474000,474.0,normalDay
2022-02-17,10992.0,-640.0,0.0,100,437.06,457.0,0,0.0,0.0,,0.0,1,24.45,10.91,SPY220930C00474000,474.0,normalDay
2022-02-18,10992.0,-840.0,0.0,100,434.23,457.0,0,0.0,0.0,,0.0,1,24.45,10.08,SPY220930C00474000,474.0,normalDay
2022-02-22,10992.0,-1187.0,0.0,100,429.57,457.0,0,0.0,0.0,,0.0,1,24.45,8.89,SPY220930C00474000,474.0,normalDay
2022-02-23,10992.0,-1754.0,0.0,100,421.95,457.0,0,0.0,0.0,,0.0,1,24.45,6.94,SPY220930C00474000,474.0,normalDay
2022-02-24,10992.0,-1206.0,0.0,100,428.3,457.0,0,0.0,0.0,,0.0,1,24.45,7.81,SPY220930C00474000,474.0,normalDay
2022-02-25,10992.0,-550.0,0.0,100,437.75,457.0,0,0.0,0.0,,0.0,1,24.45,10.7,SPY220930C00474000,474.0,normalDay
2022-02-28,10992.0,-659.0,0.0,100,436.63,457.0,0,0.0,0.0,,0.0,1,24.45,10.67,SPY220930C00474000,474.0,normalDay
2022-03-01,10992.0,-1237.0,0.0,100,429.98,457.0,0,0.0,0.0,,0.0,1,24.45,9.8,SPY220930C00474000,474.0,normalDay
2022-03-02,10992.0,-608.0,0.0,100,437.89,457.0,0,0.0,0.0,,0.0,1,24.45,11.42,SPY220930C00474000,474.0,normalDay
2022-03-03,10992.0,-768.0,0.0,100,435.71,457.0,0,0.0,0.0,,0.0,1,24.45,10.84,SPY220930C00474000,474.0,normalDay
2022-03-04,10992.0,-1021.0,0.0,100,432.17,457.0,0,0.0,0.0,,0.0,1,24.45,9.83,SPY220930C00474000,474.0,normalDay
2022-03-07,10992.0,-2036.0,0.0,100,419.43,457.0,0,0.0,0.0,,0.0,1,24.45,7.24,SPY220930C00474000,474.0,normalDay
2022-03-08,10992.0,-2261.0,0.0,100,416.25,457.0,0,0.0,0.0,,0.0,1,24.45,6.31,SPY220930C00474000,474.0,normalDay
2022-03-09,10992.0,-1499.0,0.0,100,427.41,457.0,0,0.0,0.0,,0.0,1,24.45,9.85,SPY220930C00474000,474.0,normalDay
2022-03-10,10992.0,-1485.0,0.0,100,425.48,457.0,0,0.0,0.0,,0.0,1,24.45,7.78,SPY220930C00474000,474.0,normalDay
2022-03-11,10992.0,-1902.0,0.0,100,420.07,457.0,0,0.0,0.0,,0.0,1,24.45,6.54,SPY220930C00474000,474.0,normalDay
2022-03-14,10992.0,-2167.0,0.0,100,417.0,457.0,0,0.0,0.0,,0.0,1,24.45,6.12,SPY220930C00474000,474.0,normalDay
2022-03-15,10992.0,-1425.0,0.0,100,426.17,457.0,0,0.0,0.0,,0.0,1,24.45,7.87,SPY220930C00474000,474.0,normalDay
2022-03-16,10992.0,-632.0,0.0,100,435.62,457.0,0,0.0,0.0,,0.0,1,24.45,9.39,SPY220930C00474000,474.0,normalDay
2022-03-17,10992.0,-202.0,0.0,100,441.07,457.0,0,0.0,0.0,,0.0,1,24.45,10.54,SPY220930C00474000,474.0,normalDay
2022-03-18,10992.0,-3.0,0.0,100,444.52,457.0,0,0.0,0.0,,0.0,1,24.45,12.0,SPY220930C00474000,474.0,normalDay
2022-03-21,10992.0,15.0,0.0,100,444.39,457.0,0,0.0,0.0,,0.0,1,24.45,11.69,SPY220930C00474000,474.0,normalDay
2022-03-22,10992.0,366.0,0.0,100,449.59,457.0,0,0.0,0.0,,0.0,1,24.45,13.38,SPY220930C00474000,474.0,normalDay
2022-03-23,10992.0,13.0,0.0,100,443.8,457.0,0,0.0,0.0,,0.0,1,24.45,11.12,SPY220930C00474000,474.0,normalDay
2022-03-24,10992.0,435.0,0.0,100,450.49,457.0,0,0.0,0.0,,0.0,1,24.45,13.59,SPY220930C00474000,474.0,normalDay
2022-03-25,10992.0,582.0,0.0,100,452.69,457.0,0,0.0,0.0,,0.0,1,24.45,14.32,SPY220930C00474000,474.0,normalDay
2022-03-28,10992.0,778.0,0.0,100,455.91,457.0,0,0.0,0.0,,0.0,1,24.45,15.58,SPY220930C00474000,474.0,normalDay
2022-03-29,10992.0,1122.0,0.0,100,461.55,457.0,0,0.0,0.0,,0.0,1,24.45,17.78,SPY220930C00474000,474.0,normalDay
2022-03-30,10992.0,918.0,0.0,100,458.7,457.0,0,0.0,0.0,,0.0,1,24.45,16.97,SPY220930C00474000,474.0,normalDay
2022-03-31,10992.0,445.0,0.0,100,451.64,457.0,0,0.0,0.0,,0.0,1,24.45,14.64,SPY220930C00474000,474.0,normalDay
2022-04-01,10992.0,669.0,0.0,100,452.92,457.0,0,0.0,0.0,,0.0,1,24.45,13.68,SPY220930C00474000,474.0,normalDay
2022-04-04,10992.0,931.0,0.0,100,456.8,457.0,0,0.0,0.0,,0.0,1,24.45,14.94,SPY220930C00474000,474.0,normalDay
2022-04-05,10992.0,500.0,0.0,100,451.03,457.0,0,0.0,0.0,,0.0,1,24.45,13.48,SPY220930C00474000,474.0,normalDay
2022-04-06,10992.0,267.0,0.0,100,446.52,457.0,0,0.0,0.0,,0.0,1,24.45,11.3,SPY220930C00474000,474.0,normalDay
2022-04-07,10992.0,411.0,0.0,100,448.77,457.0,0,0.0,0.0,,0.0,1,24.45,12.11,SPY220930C00474000,474.0,normalDay
2022-04-08,10992.0,356.0,0.0,100,447.57,457.0,0,0.0,0.0,,0.0,1,24.45,11.46,SPY220930C00474000,474.0,normalDay
2022-04-11,10992.0,-155.0,0.0,100,439.92,457.0,0,0.0,0.0,,0.0,1,24.45,8.92,SPY220930C00474000,474.0,normalDay
2022-04-12,10992.0,-270.0,0.0,100,438.29,457.0,0,0.0,0.0,,0.0,1,24.45,8.44,SPY220930C00474000,474.0,normalDay
2022-04-13,10992.0,140.0,0.0,100,443.31,457.0,0,0.0,0.0,,0.0,1,24.45,9.36,SPY220930C00474000,474.0,normalDay
2022-04-14,10992.0,-262.0,0.0,100,437.79,457.0,0,0.0,0.0,,0.0,1,24.45,7.86,SPY220930C00474000,474.0,normalDay
2022-04-18,10992.0,-248.0,0.0,100,437.97,457.0,0,0.0,0.0,,0.0,1,24.45,7.9,SPY220930C00474000,474.0,normalDay
2022-04-19,10992.0,333.0,0.0,100,445.04,457.0,0,0.0,0.0,,0.0,1,24.45,9.16,SPY220930C00474000,474.0,normalDay
2022-04-20,10992.0,245.0,0.0,100,444.71,457.0,0,0.0,0.0,,0.0,1,24.45,9.71,SPY220930C00474000,474.0,normalDay
2022-04-21,10992.0,-192.0,0.0,100,438.06,457.0,0,0.0,0.0,,0.0,1,24.45,7.43,SPY220930C00474000,474.0,normalDay
2022-04-22,10992.0,-1155.0,0.0,100,426.04,457.0,0,0.0,0.0,,0.0,1,24.45,5.04,SPY220930C00474000,474.0,normalDay
2022-04-25,10992.0,-956.0,0.0,100,428.51,457.0,0,0.0,0.0,,0.0,1,24.45,5.52,SPY220930C00474000,474.0,normalDay
2022-04-26,10992.0,-2011.0,0.0,100,416.1,457.0,0,0.0,0.0,,0.0,1,24.45,3.66,SPY220930C00474000,474.0,normalDay
2022-04-27,10992.0,-1931.0,0.0,100,417.27,457.0,0,0.0,0.0,,0.0,1,24.45,4.03,SPY220930C00474000,474.0,normalDay
2022-04-28,10992.0,-1009.0,0.0,100,427.81,457.0,0,0.0,0.0,,0.0,1,24.45,5.35,SPY220930C00474000,474.0,normalDay
2022-04-29,10992.0,-2379.0,0.0,100,412.0,457.0,0,0.0,0.0,,0.0,1,24.45,3.24,SPY220930C00474000,474.0,normalDay
2022-05-02,10992.0,-2153.0,0.0,100,414.48,457.0,0,0.0,0.0,,0.0,1,24.45,3.46,SPY220930C00474000,474.0,normalDay
2022-05-03,10992.0,-1943.0,0.0,100,416.38,457.0,0,0.0,0.0,,0.0,1,24.45,3.26,SPY220930C00474000,474.0,normalDay
2022-05-04,10992.0,-834.0,0.0,100,429.06,457.0,0,0.0,0.0,,0.0,1,24.45,4.85,SPY220930C00474000,474.0,normalDay
2022-05-05,10992.0,-2189.0,0.0,100,413.81,457.0,0,0.0,0.0,,0.0,1,24.45,3.15,SPY220930C00474000,474.0,normalDay
2022-05-06,10992.0,-2390.0,0.0,100,411.34,457.0,0,0.0,0.0,,0.0,1,24.45,2.69,SPY220930C00474000,474.0,normalDay
2022-05-09,10992.0,-3621.0,0.0,100,398.17,457.0,0,0.0,0.0,,0.0,1,24.45,1.83,SPY220930C00474000,474.0,normalDay
2022-05-10,10992.0,-3510.0,0.0,100,399.09,457.0,0,0.0,0.0,,0.0,1,24.45,1.64,SPY220930C00474000,474.0,normalDay
2022-05-11,10992.0,-4117.0,0.0,100,392.75,457.0,0,0.0,0.0,,0.0,1,24.45,1.37,SPY220930C00474000,474.0,normalDay
2022-05-12,10992.0,-4133.0,0.0,100,392.34,457.0,0,0.0,0.0,,0.0,1,24.45,1.12,SPY220930C00474000,474.0,normalDay
2022-05-13,10992.0,-3213.0,0.0,100,401.72,457.0,0,0.0,0.0,,0.0,1,24.45,1.3,SPY220930C00474000,474.0,normalDay
2022-05-16,10992.0,-3358.0,0.0,100,400.09,457.0,0,0.0,0.0,,0.0,1,24.45,1.12,SPY220930C00474000,474.0,normalDay
2022-05-17,10992.0,-2588.0,0.0,100,408.32,457.0,0,0.0,0.0,,0.0,1,24.45,1.65,SPY220930C00474000,474.0,normalDay
2022-05-18,10992.0,-4142.0,0.0,100,391.86,457.0,0,0.0,0.0,,0.0,1,24.45,0.73,SPY220930C00474000,474.0,normalDay
2022-05-19,10992.0,-4371.0,0.0,100,389.46,457.0,0,0.0,0.0,,0.0,1,24.45,0.62,SPY220930C00474000,474.0,normalDay
2022-05-20,10992.0,-4361.0,0.0,100,389.63,457.0,0,0.0,0.0,,0.0,1,24.45,0.69,SPY220930C00474000,474.0,normalDay
2022-05-23,10992.0,-3671.0,0.0,100,396.92,457.0,0,0.0,0.0,,0.0,1,24.45,1.08,SPY220930C00474000,474.0,normalDay
2022-05-24,10992.0,-3965.0,0.0,100,393.89,457.0,0,0.0,0.0,,0.0,1,24.45,0.99,SPY220930C00474000,474.0,normalDay
2022-05-25,10992.0,-3625.0,0.0,100,397.37,457.0,0,0.0,0.0,,0.0,1,24.45,1.07,SPY220930C00474000,474.0,normalDay
2022-05-26,10992.0,-2877.0,0.0,100,405.31,457.0,0,0.0,0.0,,0.0,1,24.45,1.53,SPY220930C00474000,474.0,normalDay
2022-05-27,10992.0,-1957.0,0.0,100,415.26,457.0,0,0.0,0.0,,0.0,1,24.45,2.28,SPY220930C00474000,474.0,normalDay
2022-05-31,10992.0,-2133.0,0.0,100,412.93,457.0,0,0.0,0.0,,0.0,1,24.45,1.71,SPY220930C00474000,474.0,normalDay
2022-06-01,10992.0,-2429.0,0.0,100,409.59,457.0,0,0.0,0.0,,0.0,1,24.45,1.33,SPY220930C00474000,474.0,normalDay
2022-06-02,10992.0,-1710.0,0.0,100,417.39,457.0,0,0.0,0.0,,0.0,1,24.45,1.94,SPY220930C00474000,474.0,normalDay
2022-06-03,10992.0,-2337.0,0.0,100,410.54,457.0,0,0.0,0.0,,0.0,1,24.45,1.36,SPY220930C00474000,474.0,normalDay
2022-06-06,10992.0,-2209.0,0.0,100,411.79,457.0,0,0.0,0.0,,0.0,1,24.45,1.33,SPY220930C00474000,474.0,normalDay
2022-06-07,10992.0,-1832.0,0.0,100,415.74,457.0,0,0.0,0.0,,0.0,1,24.45,1.51,SPY220930C00474000,474.0,normalDay
2022-06-08,10992.0,-2251.0,0.0,100,411.22,457.0,0,0.0,0.0,,0.0,1,24.45,1.18,SPY220930C00474000,474.0,normalDay
2022-06-09,10992.0,-3189.0,0.0,100,401.44,457.0,0,0.0,0.0,,0.0,1,24.45,0.78,SPY220930C00474000,474.0,normalDay
2022-06-10,10992.0,-4321.0,0.0,100,389.8,457.0,0,0.0,0.0,,0.0,1,24.45,0.46,SPY220930C00474000,474.0,normalDay
2022-06-13,10992.0,-5783.0,0.0,100,375.0,457.0,0,0.0,0.0,,0.0,1,24.45,0.28,SPY220930C00474000,474.0,normalDay
2022-06-14,10992.0,-5891.0,0.0,100,373.87,457.0,0,0.0,0.0,,0.0,1,24.45,0.23,SPY220930C00474000,474.0,normalDay
2022-06-15,10992.0,-5361.0,0.0,100,379.2,457.0,0,0.0,0.0,,0.0,1,24.45,0.26,SPY220930C00474000,474.0,normalDay
2022-06-16,10992.0,-6609.0,0.0,100,366.65,457.0,0,0.0,0.0,,0.0,1,24.45,0.19,SPY220930C00474000,474.0,normalDay
2022-06-17,10992.0,-6689.0,0.0,100,365.86,457.0,0,0.0,0.0,,0.0,1,24.45,0.2,SPY220930C00474000,474.0,normalDay
2022-06-21,10992.0,-5771.0,0.0,100,375.07,457.0,0,0.0,0.0,,0.0,1,24.45,0.23,SPY220930C00474000,474.0,normalDay
2022-06-22,10992.0,-5839.0,0.0,100,374.39,457.0,0,0.0,0.0,,0.0,1,24.45,0.23,SPY220930C00474000,474.0,normalDay
2022-06-23,10992.0,-5473.0,0.0,100,378.06,457.0,0,0.0,0.0,,0.0,1,24.45,0.24,SPY220930C00474000,474.0,normalDay
2022-06-24,10992.0,-4287.0,0.0,100,390.08,457.0,0,0.0,0.0,,0.0,1,24.45,0.4,SPY220930C00474000,474.0,normalDay
2022-06-27,10992.0,-4431.0,0.0,100,388.59,457.0,0,0.0,0.0,,0.0,1,24.45,0.35,SPY220930C00474000,474.0,normalDay
2022-06-28,10992.0,-5212.0,0.0,100,380.65,457.0,0,0.0,0.0,,0.0,1,24.45,0.22,SPY220930C00474000,474.0,normalDay
2022-06-29,10992.0,-5243.0,0.0,100,380.34,457.0,0,0.0,0.0,,0.0,1,24.45,0.22,SPY220930C00474000,474.0,normalDay
2022-06-30,10992.0,-5548.0,0.0,100,377.25,457.0,0,0.0,0.0,,0.0,1,24.45,0.18,SPY220930C00474000,474.0,normalDay
2022-07-01,10992.0,-5148.0,0.0,100,381.24,457.0,0,0.0,0.0,,0.0,1,24.45,0.17,SPY220930C00474000,474.0,normalDay
2022-07-05,10992.0,-5074.0,0.0,100,381.96,457.0,0,0.0,0.0,,0.0,1,24.45,0.15,SPY220930C00474000,474.0,normalDay
2022-07-06,10992.0,-4946.0,0.0,100,383.25,457.0,0,0.0,0.0,,0.0,1,24.45,0.16,SPY220930C00474000,474.0,normalDay
2022-07-07,10992.0,-4375.0,0.0,100,388.99,457.0,0,0.0,0.0,,0.0,1,24.45,0.19,SPY220930C00474000,474.0,normalDay
2022-07-08,10992.0,-4406.0,0.0,100,388.67,457.0,0,0.0,0.0,,0.0,1,24.45,0.18,SPY220930C00474000,474.0,normalDay
2022-07-11,10992.0,-4845.0,0.0,100,384.23,457.0,0,0.0,0.0,,0.0,1,24.45,0.13,SPY220930C00474000,474.0,normalDay
2022-07-12,10992.0,-5182.0,0.0,100,380.83,457.0,0,0.0,0.0,,0.0,1,24.45,0.1,SPY220930C00474000,474.0,normalDay
2022-07-13,10992.0,-5382.0,0.0,100,378.83,457.0,0,0.0,0.0,,0.0,1,24.45,0.1,SPY220930C00474000,474.0,normalDay
2022-07-14,10992.0,-5473.0,0.0,100,377.91,457.0,0,0.0,0.0,,0.0,1,24.45,0.09,SPY220930C00474000,474.0,normalDay
2022-07-15,10992.0,-4754.0,0.0,100,385.13,457.0,0,0.0,0.0,,0.0,1,24.45,0.12,SPY220930C00474000,474.0,normalDay
2022-07-18,10992.0,-5071.0,0.0,100,381.95,457.0,0,0.0,0.0,,0.0,1,24.45,0.11,SPY220930C00474000,474.0,normalDay
2022-07-19,10992.0,-4049.0,0.0,100,392.27,457.0,0,0.0,0.0,,0.0,1,24.45,0.21,SPY220930C00474000,474.0,normalDay
2022-07-20,10992.0,-3801.0,0.0,100,394.77,457.0,0,0.0,0.0,,0.0,1,24.45,0.23,SPY220930C00474000,474.0,normalDay
2022-07-21,10992.0,-3401.0,0.0,100,398.79,457.0,0,0.0,0.0,,0.0,1,24.45,0.25,SPY220930C00474000,474.0,normalDay
2022-07-22,10992.0,-3763.0,0.0,100,395.09,457.0,0,0.0,0.0,,0.0,1,24.45,0.17,SPY220930C00474000,474.0,normalDay
2022-07-25,10992.0,-3711.0,0.0,100,395.57,457.0,0,0.0,0.0,,0.0,1,24.45,0.13,SPY220930C00474000,474.0,normalDay
2022-07-26,10992.0,-4176.0,0.0,100,390.89,457.0,0,0.0,0.0,,0.0,1,24.45,0.1,SPY220930C00474000,474.0,normalDay
2022-07-27,10992.0,-3167.0,0.0,100,401.04,457.0,0,0.0,0.0,,0.0,1,24.45,0.16,SPY220930C00474000,474.0,normalDay
2022-07-28,10992.0,-2668.0,0.0,100,406.07,457.0,0,0.0,0.0,,0.0,1,24.45,0.2,SPY220930C00474000,474.0,normalDay
2022-07-29,10992.0,-2079.0,0.0,100,411.99,457.0,0,0.0,0.0,,0.0,1,24.45,0.23,SPY220930C00474000,474.0,normalDay
2022-08-01,10992.0,-2197.0,0.0,100,410.77,457.0,0,0.0,0.0,,0.0,1,24.45,0.19,SPY220930C00474000,474.0,normalDay
2022-08-02,10992.0,-2464.0,0.0,100,408.06,457.0,0,0.0,0.0,,0.0,1,24.45,0.15,SPY220930C00474000,474.0,normalDay
2022-08-03,10992.0,-1830.0,0.0,100,414.45,457.0,0,0.0,0.0,,0.0,1,24.45,0.2,SPY220930C00474000,474.0,normalDay
2022-08-04,10992.0,-1855.0,0.0,100,414.17,457.0,0,0.0,0.0,,0.0,1,24.45,0.17,SPY220930C00474000,474.0,normalDay
2022-08-05,10992.0,-1920.0,0.0,100,413.47,457.0,0,0.0,0.0,,0.0,1,24.45,0.12,SPY220930C00474000,474.0,normalDay
2022-08-08,10992.0,-1967.0,0.0,100,412.99,457.0,0,0.0,0.0,,0.0,1,24.45,0.11,SPY220930C00474000,474.0,normalDay
2022-08-09,10992.0,-2129.0,0.0,100,411.35,457.0,0,0.0,0.0,,0.0,1,24.45,0.09,SPY220930C00474000,474.0,normalDay
2022-08-10,10992.0,-1273.0,0.0,100,419.99,457.0,0,0.0,0.0,,0.0,1,24.45,0.17,SPY220930C00474000,474.0,normalDay
2022-08-11,10992.0,-1270.0,0.0,100,419.99,457.0,0,0.0,0.0,,0.0,1,24.45,0.14,SPY220930C00474000,474.0,normalDay
2022-08-12,10992.0,-571.0,0.0,100,427.1,457.0,0,0.0,0.0,,0.0,1,24.45,0.26,SPY220930C00474000,474.0,normalDay
2022-08-15,10992.0,-396.0,0.0,100,428.86,457.0,0,0.0,0.0,,0.0,1,24.45,0.27,SPY220930C00474000,474.0,normalDay
2022-08-16,10992.0,-310.0,0.0,100,429.7,457.0,0,0.0,0.0,,0.0,1,24.45,0.25,SPY220930C00474000,474.0,normalDay
2022-08-17,10992.0,-608.0,0.0,100,426.65,457.0,0,0.0,0.0,,0.0,1,24.45,0.18,SPY220930C00474000,474.0,normalDay
2022-08-18,10992.0,-480.0,0.0,100,427.89,457.0,0,0.0,0.0,,0.0,1,24.45,0.14,SPY220930C00474000,474.0,normalDay
2022-08-19,10992.0,-1049.0,0.0,100,422.14,457.0,0,0.0,0.0,,0.0,1,24.45,0.08,SPY220930C00474000,474.0,normalDay
2022-08-22,10992.0,-1924.0,0.0,100,413.35,457.0,0,0.0,0.0,,0.0,1,24.45,0.04,SPY220930C00474000,474.0,normalDay
2022-08-23,10992.0,-2024.0,0.0,100,412.35,457.0,0,0.0,0.0,,0.0,1,24.45,0.04,SPY220930C00474000,474.0,normalDay
2022-08-24,10992.0,-1892.0,0.0,100,413.67,457.0,0,0.0,0.0,,0.0,1,24.45,0.04,SPY220930C00474000,474.0,normalDay
2022-08-25,10992.0,-1308.0,0.0,100,419.51,457.0,0,0.0,0.0,,0.0,1,24.45,0.04,SPY220930C00474000,474.0,normalDay
2022-08-26,10992.0,-2726.0,0.0,100,405.31,457.0,0,0.0,0.0,,0.0,1,24.45,0.02,SPY220930C00474000,474.0,normalDay
2022-08-29,10992.0,-2994.0,0.0,100,402.63,457.0,0,0.0,0.0,,0.0,1,24.45,0.02,SPY220930C00474000,474.0,normalDay
2022-08-30,10992.0,-3436.0,0.0,100,398.21,457.0,0,0.0,0.0,,0.0,1,24.45,0.02,SPY220930C00474000,474.0,normalDay
2022-08-31,10992.0,-3739.0,0.0,100,395.18,457.0,0,0.0,0.0,,0.0,1,24.45,0.02,SPY220930C00474000,474.0,normalDay
2022-09-01,10992.0,-3615.0,0.0,100,396.42,457.0,0,0.0,0.0,,0.0,1,24.45,0.02,SPY220930C00474000,474.0,normalDay
2022-09-02,10992.0,-4032.0,0.0,100,392.24,457.0,0,0.0,0.0,,0.0,1,24.45,0.01,SPY220930C00474000,474.0,normalDay
2022-09-06,10992.0,-4181.0,0.0,100,390.76,457.0,0,0.0,0.0,,0.0,1,24.45,0.02,SPY220930C00474000,474.0,normalDay
2022-09-07,10992.0,-3479.0,0.0,100,397.78,457.0,0,0.0,0.0,,0.0,1,24.45,0.02,SPY220930C00474000,474.0,normalDay
2022-09-08,10992.0,-3219.0,0.0,100,400.38,457.0,0,0.0,0.0,,0.0,1,24.45,0.02,SPY220930C00474000,474.0,normalDay
2022-09-09,10992.0,-2597.0,0.0,100,406.6,457.0,0,0.0,0.0,,0.0,1,24.45,0.02,SPY220930C00474000,474.0,normalDay
2022-09-12,10992.0,-2160.0,0.0,100,410.97,457.0,0,0.0,0.0,,0.0,1,24.45,0.02,SPY220930C00474000,474.0,normalDay
2022-09-13,10992.0,-3946.0,0.0,100,393.1,457.0,0,0.0,0.0,,0.0,1,24.45,0.01,SPY220930C00474000,474.0,normalDay
2022-09-14,10992.0,-3796.0,0.0,100,394.6,457.0,0,0.0,0.0,,0.0,1,24.45,0.01,SPY220930C00474000,474.0,normalDay
2022-09-15,10992.0,-4244.0,0.0,100,390.12,457.0,0,0.0,0.0,,0.0,1,24.45,0.01,SPY220930C00474000,474.0,normalDay
2022-09-16,10992.0,-4700.0,0.0,100,385.56,457.0,0,0.0,0.0,,0.0,1,24.45,0.01,SPY220930C00474000,474.0,normalDay
2022-09-19,10992.0,-4401.0,0.0,100,388.55,457.0,0,0.0,0.0,,0.0,1,24.45,0.01,SPY220930C00474000,474.0,normalDay
2022-09-20,10992.0,-4847.0,0.0,100,384.09,457.0,0,0.0,0.0,,0.0,1,24.45,0.01,SPY220930C00474000,474.0,normalDay
2022-09-21,10992.0,-5517.0,0.0,100,377.39,457.0,0,0.0,0.0,,0.0,1,24.45,0.01,SPY220930C00474000,474.0,normalDay
2022-09-22,10992.0,-5834.0,0.0,100,374.22,457.0,0,0.0,0.0,,0.0,1,24.45,0.01,SPY220930C00474000,474.0,normalDay
2022-09-23,10992.0,-6461.0,0.0,100,367.95,457.0,0,0.0,0.0,,0.0,1,24.45,0.01,SPY220930C00474000,474.0,normalDay
2022-09-26,10992.0,-6825.0,0.0,100,364.31,457.0,0,0.0,0.0,,0.0,1,24.45,0.01,SPY220930C00474000,474.0,normalDay
2022-09-27,10992.0,-6918.0,0.0,100,363.38,457.0,0,0.0,0.0,,0.0,1,24.45,0.01,SPY220930C00474000,474.0,normalDay
2022-09-28,10992.0,-6203.0,0.0,100,370.53,457.0,0,0.0,0.0,,0.0,1,24.45,0.01,SPY220930C00474000,474.0,normalDay
2022-09-29,10992.0,-6977.0,0.0,100,362.79,457.0,0,0.0,0.0,,0.0,1,24.45,0.01,SPY220930C00474000,474.0,normalDay
2022-09-30,13437.0,-9982.0,2445.0,100,357.18,457.0,0,0.0,0.0,,0.0,1,24.45,0.0,SPY220930C00474000,474.0,expirationDay
2022-10-03,13437.0,-9541.0,0.0,100,366.61,457.0,0,0.0,0.0,,0.0,1,17.98,23.0,SPY230929C00410000,410.0,normalDay
2022-10-04,13437.0,-9134.0,0.0,100,377.97,457.0,0,0.0,0.0,,0.0,1,17.98,30.29,SPY230929C00410000,410.0,normalDay
2022-10-05,13437.0,-8993.0,0.0,100,377.09,457.0,0,0.0,0.0,,0.0,1,17.98,28.0,SPY230929C00410000,410.0,normalDay
2022-10-06,13437.0,-9182.0,0.0,100,373.2,457.0,0,0.0,0.0,,0.0,1,17.98,26.0,SPY230929C00410000,410.0,normalDay
2022-10-07,13437.0,-10023.0,0.0,100,362.79,457.0,0,0.0,0.0,,0.0,1,17.98,24.0,SPY230929C00410000,410.0,normalDay
2022-10-10,13437.0,-10011.0,0.0,100,360.02,457.0,0,0.0,0.0,,0.0,1,17.98,21.11,SPY230929C00410000,410.0,normalDay
2022-10-11,13437.0,-10037.0,0.0,100,357.74,457.0,0,0.0,0.0,,0.0,1,17.98,19.09,SPY230929C00410000,410.0,normalDay
2022-10-12,13437.0,-10196.0,0.0,100,356.56,457.0,0,0.0,0.0,,0.0,1,17.98,19.5,SPY230929C00410000,410.0,normalDay
2022-10-13,13437.0,-9674.0,0.0,100,365.97,457.0,0,0.0,0.0,,0.0,1,17.98,23.69,SPY230929C00410000,410.0,normalDay
2022-10-14,13437.0,-10163.0,0.0,100,357.63,457.0,0,0.0,0.0,,0.0,1,17.98,20.24,SPY230929C00410000,410.0,normalDay
2022-10-17,13437.0,-9476.0,0.0,100,366.82,457.0,0,0.0,0.0,,0.0,1,17.98,22.56,SPY230929C00410000,410.0,normalDay
2022-10-18,13437.0,-9350.0,0.0,100,371.13,457.0,0,0.0,0.0,,0.0,1,17.98,25.61,SPY230929C00410000,410.0,normalDay
2022-10-19,13437.0,-9502.0,0.0,100,368.5,457.0,0,0.0,0.0,,0.0,1,17.98,24.5,SPY230929C00410000,410.0,normalDay
2022-10-20,13437.0,-9623.0,0.0,100,365.41,457.0,0,0.0,0.0,,0.0,1,17.98,22.62,SPY230929C00410000,410.0,normalDay
2022-10-21,13437.0,-9154.0,0.0,100,374.29,457.0,0,0.0,0.0,,0.0,1,17.98,26.81,SPY230929C00410000,410.0,normalDay
2022-10-24,13437.0,-8903.0,0.0,100,378.87,457.0,0,0.0,0.0,,0.0,1,17.98,28.88,SPY230929C00410000,410.0,normalDay
2022-10-25,13437.0,-8390.0,0.0,100,384.92,457.0,0,0.0,0.0,,0.0,1,17.98,29.8,SPY230929C00410000,410.0,normalDay
2022-10-26,13437.0,-8750.0,0.0,100,382.02,457.0,0,0.0,0.0,,0.0,1,17.98,30.5,SPY230929C00410000,410.0,normalDay
2022-10-27,13437.0,-8488.0,0.0,100,379.98,457.0,0,0.0,0.0,,0.0,1,17.98,25.84,SPY230929C00410000,410.0,normalDay
2022-10-28,13437.0,-8134.0,0.0,100,389.02,457.0,0,0.0,0.0,,0.0,1,17.98,31.34,SPY230929C00410000,410.0,normalDay
2022-10-31,13437.0,-8251.0,0.0,100,386.21,457.0,0,0.0,0.0,,0.0,1,17.98,29.7,SPY230929C00410000,410.0,normalDay
2022-11-01,13437.0,-8299.0,0.0,100,384.52,457.0,0,0.0,0.0,,0.0,1,17.98,28.49,SPY230929C00410000,410.0,normalDay
2022-11-02,13437.0,-8878.0,0.0,100,374.87,457.0,0,0.0,0.0,,0.0,1,17.98,24.63,SPY230929C00410000,410.0,normalDay
2022-11-03,13437.0,-8972.0,0.0,100,371.01,457.0,0,0.0,0.0,,0.0,1,17.98,21.71,SPY230929C00410000,410.0,normalDay
2022-11-04,13437.0,-8688.0,0.0,100,376.35,457.0,0,0.0,0.0,,0.0,1,17.98,24.21,SPY230929C00410000,410.0,normalDay
2022-11-07,13437.0,-8463.0,0.0,100,379.95,457.0,0,0.0,0.0,,0.0,1,17.98,25.56,SPY230929C00410000,410.0,normalDay
2022-11-08,13437.0,-8334.0,0.0,100,382.0,457.0,0,0.0,0.0,,0.0,1,17.98,26.32,SPY230929C00410000,410.0,normalDay
2022-11-09,13437.0,-8771.0,0.0,100,374.13,457.0,0,0.0,0.0,,0.0,1,17.98,22.82,SPY230929C00410000,410.0,normalDay
2022-11-10,13437.0,-7760.0,0.0,100,394.69,457.0,0,0.0,0.0,,0.0,1,17.98,33.27,SPY230929C00410000,410.0,normalDay
2022-11-11,13437.0,-7543.0,0.0,100,398.51,457.0,0,0.0,0.0,,0.0,1,17.98,34.92,SPY230929C00410000,410.0,normalDay
2022-11-14,13437.0,-7743.0,0.0,100,395.12,457.0,0,0.0,0.0,,0.0,1,17.98,33.53,SPY230929C00410000,410.0,normalDay
2022-11-15,13437.0,-7556.0,0.0,100,398.49,457.0,0,0.0,0.0,,0.0,1,17.98,35.03,SPY230929C00410000,410.0,normalDay
2022-11-16,13437.0,-7650.0,0.0,100,395.45,457.0,0,0.0,0.0,,0.0,1,17.98,32.93,SPY230929C00410000,410.0,normalDay
2022-11-17,13437.0,-7650.0,0.0,100,394.24,457.0,0,0.0,0.0,,0.0,1,17.98,31.72,SPY230929C00410000,410.0,normalDay
2022-11-18,13437.0,-7585.0,0.0,100,396.03,457.0,0,0.0,0.0,,0.0,1,17.98,32.86,SPY230929C00410000,410.0,normalDay
2022-11-21,13437.0,-7588.0,0.0,100,394.59,457.0,0,0.0,0.0,,0.0,1,17.98,31.45,SPY230929C00410000,410.0,normalDay
2022-11-22,13437.0,-7312.0,0.0,100,399.9,457.0,0,0.0,0.0,,0.0,1,17.98,34.0,SPY230929C00410000,410.0,normalDay
2022-11-23,13437.0,-7184.0,0.0,100,402.42,457.0,0,0.0,0.0,,0.0,1,17.98,35.24,SPY230929C00410000,410.0,normalDay
2022-11-25,13437.0,-7315.0,0.0,100,402.33,457.0,0,0.0,0.0,,0.0,1,17.98,36.46,SPY230929C00410000,410.0,normalDay
2022-11-28,13437.0,-7483.0,0.0,100,395.91,457.0,0,0.0,0.0,,0.0,1,17.98,31.72,SPY230929C00410000,410.0,normalDay
2022-11-29,13437.0,-7466.0,0.0,100,395.23,457.0,0,0.0,0.0,,0.0,1,17.98,30.87,SPY230929C00410000,410.0,normalDay
2022-11-30,13437.0,-7084.0,0.0,100,407.68,457.0,0,0.0,0.0,,0.0,1,17.98,39.5,SPY230929C00410000,410.0,normalDay
2022-12-01,13437.0,-6858.0,0.0,100,407.38,457.0,0,0.0,0.0,,0.0,1,17.98,36.94,SPY230929C00410000,410.0,normalDay
2022-12-02,13437.0,-6822.0,0.0,100,406.91,457.0,0,0.0,0.0,,0.0,1,17.98,36.11,SPY230929C00410000,410.0,normalDay
2022-12-05,13437.0,-7149.0,0.0,100,399.59,457.0,0,0.0,0.0,,0.0,1,17.98,32.06,SPY230929C00410000,410.0,normalDay
2022-12-06,13437.0,-7397.0,0.0,100,393.83,457.0,0,0.0,0.0,,0.0,1,17.98,28.78,SPY230929C00410000,410.0,normalDay
2022-12-07,13437.0,-7454.0,0.0,100,393.16,457.0,0,0.0,0.0,,0.0,1,17.98,28.68,SPY230929C00410000,410.0,normalDay
2022-12-08,13437.0,-7300.0,0.0,100,396.24,457.0,0,0.0,0.0,,0.0,1,17.98,30.22,SPY230929C00410000,410.0,normalDay
2022-12-09,13437.0,-7452.0,0.0,100,393.28,457.0,0,0.0,0.0,,0.0,1,17.98,28.78,SPY230929C00410000,410.0,normalDay
2022-12-12,13437.0,-7200.0,0.0,100,398.95,457.0,0,0.0,0.0,,0.0,1,17.98,31.93,SPY230929C00410000,410.0,normalDay
2022-12-13,13437.0,-7034.0,0.0,100,401.97,457.0,0,0.0,0.0,,0.0,1,17.98,33.29,SPY230929C00410000,410.0,normalDay
2022-12-14,13437.0,-7190.0,0.0,100,399.4,457.0,0,0.0,0.0,,0.0,1,17.98,32.28,SPY230929C00410000,410.0,normalDay
2022-12-15,13437.0,-7550.0,0.0,100,389.63,457.0,0,0.0,0.0,,0.0,1,17.98,26.11,SPY230929C00410000,410.0,normalDay
2022-12-16,13437.0,-7938.0,0.0,100,383.27,457.0,0,0.0,0.0,,0.0,1,17.98,23.63,SPY230929C00410000,410.0,normalDay
2022-12-19,13437.0,-8062.0,0.0,100,380.02,457.0,0,0.0,0.0,,0.0,1,17.98,21.62,SPY230929C00410000,410.0,normalDay
2022-12-20,13437.0,-8006.0,0.0,100,380.54,457.0,0,0.0,0.0,,0.0,1,17.98,21.58,SPY230929C00410000,410.0,normalDay
2022-12-21,13437.0,-7663.0,0.0,100,386.23,457.0,0,0.0,0.0,,0.0,1,17.98,23.84,SPY230929C00410000,410.0,normalDay
2022-12-22,13437.0,-7961.0,0.0,100,380.72,457.0,0,0.0,0.0,,0.0,1,17.98,21.31,SPY230929C00410000,410.0,normalDay
2022-12-23,13437.0,-7815.0,0.0,100,382.91,457.0,0,0.0,0.0,,0.0,1,17.98,22.04,SPY230929C00410000,410.0,normalDay
2022-12-27,13437.0,-7895.0,0.0,100,381.4,457.0,0,0.0,0.0,,0.0,1,17.98,21.33,SPY230929C00410000,410.0,normalDay
2022-12-28,13437.0,-8140.0,0.0,100,376.66,457.0,0,0.0,0.0,,0.0,1,17.98,19.04,SPY230929C00410000,410.0,normalDay
2022-12-29,13437.0,-7730.0,0.0,100,383.44,457.0,0,0.0,0.0,,0.0,1,17.98,21.72,SPY230929C00410000,410.0,normalDay
2022-12-30,13437.0,-7796.0,0.0,100,382.43,457.0,0,0.0,0.0,,0.0,1,17.98,21.37,SPY230929C00410000,410.0,normalDay
2023-01-03,13437.0,-7795.0,0.0,100,380.82,457.0,0,0.0,0.0,,0.0,1,17.98,19.75,SPY230929C00410000,410.0,normalDay
2023-01-04,13437.0,-7608.0,0.0,100,383.76,457.0,0,0.0,0.0,,0.0,1,17.98,20.82,SPY230929C00410000,410.0,normalDay
2023-01-05,13437.0,-7823.0,0.0,100,379.38,457.0,0,0.0,0.0,,0.0,1,17.98,18.59,SPY230929C00410000,410.0,normalDay
2023-01-06,13437.0,-7295.0,0.0,100,388.08,457.0,0,0.0,0.0,,0.0,1,17.98,22.01,SPY230929C00410000,410.0,normalDay
2023-01-09,13437.0,-7295.0,0.0,100,387.86,457.0,0,0.0,0.0,,0.0,1,17.98,21.79,SPY230929C00410000,410.0,normalDay
2023-01-10,13437.0,-7106.0,0.0,100,390.58,457.0,0,0.0,0.0,,0.0,1,17.98,22.62,SPY230929C00410000,410.0,normalDay
2023-01-11,13437.0,-6897.0,0.0,100,395.52,457.0,0,0.0,0.0,,0.0,1,17.98,25.47,SPY230929C00410000,410.0,normalDay
2023-01-12,13437.0,-6723.0,0.0,100,396.96,457.0,0,0.0,0.0,,0.0,1,17.98,25.17,SPY230929C00410000,410.0,normalDay
2023-01-13,13437.0,-6577.0,0.0,100,398.5,457.0,0,0.0,0.0,,0.0,1,17.98,25.25,SPY230929C00410000,410.0,normalDay
2023-01-17,13437.0,-6605.0,0.0,100,397.77,457.0,0,0.0,0.0,,0.0,1,17.98,24.8,SPY230929C00410000,410.0,normalDay
2023-01-18,13437.0,-6862.0,0.0,100,391.49,457.0,0,0.0,0.0,,0.0,1,17.98,21.09,SPY230929C00410000,410.0,normalDay
2023-01-19,13437.0,-6979.0,0.0,100,388.64,457.0,0,0.0,0.0,,0.0,1,17.98,19.41,SPY230929C00410000,410.0,normalDay
2023-01-20,13437.0,-6597.0,0.0,100,395.88,457.0,0,0.0,0.0,,0.0,1,17.98,22.83,SPY230929C00410000,410.0,normalDay
2023-01-23,13437.0,-6363.0,0.0,100,400.63,457.0,0,0.0,0.0,,0.0,1,17.98,25.24,SPY230929C00410000,410.0,normalDay
2023-01-24,13437.0,-6422.0,0.0,100,400.2,457.0,0,0.0,0.0,,0.0,1,17.98,25.4,SPY230929C00410000,410.0,normalDay
2023-01-25,13437.0,-6266.0,0.0,100,400.35,457.0,0,0.0,0.0,,0.0,1,17.98,23.99,SPY230929C00410000,410.0,normalDay
2023-01-26,13437.0,-6068.0,0.0,100,404.75,457.0,0,0.0,0.0,,0.0,1,17.98,26.41,SPY230929C00410000,410.0,normalDay
2023-01-27,13437.0,-6042.0,0.0,100,405.68,457.0,0,0.0,0.0,,0.0,1,17.98,27.08,SPY230929C00410000,410.0,normalDay
2023-01-30,13437.0,-6277.0,0.0,100,400.59,457.0,0,0.0,0.0,,0.0,1,17.98,24.34,SPY230929C00410000,410.0,normalDay
2023-01-31,13437.0,-5981.0,0.0,100,406.48,457.0,0,0.0,0.0,,0.0,1,17.98,27.27,SPY230929C00410000,410.0,normalDay
2023-02-01,13437.0,-5886.0,0.0,100,410.8,457.0,0,0.0,0.0,,0.0,1,17.98,30.64,SPY230929C00410000,410.0,normalDay
2023-02-02,13437.0,-5561.0,0.0,100,416.78,457.0,0,0.0,0.0,,0.0,1,17.98,33.37,SPY230929C00410000,410.0,normalDay
2023-02-03,13437.0,-5790.0,0.0,100,412.35,457.0,0,0.0,0.0,,0.0,1,17.98,31.23,SPY230929C00410000,410.0,normalDay
2023-02-06,13437.0,-5892.0,0.0,100,409.83,457.0,0,0.0,0.0,,0.0,1,17.98,29.73,SPY230929C00410000,410.0,normalDay
2023-02-07,13437.0,-5644.0,0.0,100,415.19,457.0,0,0.0,0.0,,0.0,1,17.98,32.61,SPY230929C00410000,410.0,normalDay
2023-02-08,13437.0,-5878.0,0.0,100,410.65,457.0,0,0.0,0.0,,0.0,1,17.98,30.41,SPY230929C00410000,410.0,normalDay
2023-02-09,13437.0,-6037.0,0.0,100,407.09,457.0,0,0.0,0.0,,0.0,1,17.98,28.44,SPY230929C00410000,410.0,normalDay
2023-02-10,13437.0,-6039.0,0.0,100,408.04,457.0,0,0.0,0.0,,0.0,1,17.98,29.41,SPY230929C00410000,410.0,normalDay
2023-02-13,13437.0,-5782.0,0.0,100,412.83,457.0,0,0.0,0.0,,0.0,1,17.98,31.63,SPY230929C00410000,410.0,normalDay
2023-02-14,13437.0,-5708.0,0.0,100,412.64,457.0,0,0.0,0.0,,0.0,1,17.98,30.7,SPY230929C00410000,410.0,normalDay
2023-02-15,13437.0,-5667.0,0.0,100,413.98,457.0,0,0.0,0.0,,0.0,1,17.98,31.63,SPY230929C00410000,410.0,normalDay
2023-02-16,13437.0,-5885.0,0.0,100,408.28,457.0,0,0.0,0.0,,0.0,1,17.98,28.11,SPY230929C00410000,410.0,normalDay
2023-02-17,13437.0,-5909.0,0.0,100,407.26,457.0,0,0.0,0.0,,0.0,1,17.98,27.33,SPY230929C00410000,410.0,normalDay
2023-02-21,13437.0,-6311.0,0.0,100,399.09,457.0,0,0.0,0.0,,0.0,1,17.98,23.18,SPY230929C00410000,410.0,normalDay
2023-02-22,13437.0,-6293.0,0.0,100,398.54,457.0,0,0.0,0.0,,0.0,1,17.98,22.45,SPY230929C00410000,410.0,normalDay
2023-02-23,13437.0,-6105.0,0.0,100,400.66,457.0,0,0.0,0.0,,0.0,1,17.98,22.69,SPY230929C00410000,410.0,normalDay
2023-02-24,13437.0,-6323.0,0.0,100,396.38,457.0,0,0.0,0.0,,0.0,1,17.98,20.59,SPY230929C00410000,410.0,normalDay
2023-02-27,13437.0,-6232.0,0.0,100,397.73,457.0,0,0.0,0.0,,0.0,1,17.98,21.03,SPY230929C00410000,410.0,normalDay
2023-02-28,13437.0,-6213.0,0.0,100,396.26,457.0,0,0.0,0.0,,0.0,1,17.98,19.37,SPY230929C00410000,410.0,normalDay
2023-03-01,13437.0,-6312.0,0.0,100,394.74,457.0,0,0.0,0.0,,0.0,1,17.98,18.84,SPY230929C00410000,410.0,normalDay
2023-03-02,13437.0,-6143.0,0.0,100,397.81,457.0,0,0.0,0.0,,0.0,1,17.98,20.22,SPY230929C00410000,410.0,normalDay
2023-03-03,13437.0,-5865.0,0.0,100,404.19,457.0,0,0.0,0.0,,0.0,1,17.98,23.82,SPY230929C00410000,410.0,normalDay
2023-03-06,13437.0,-5817.0,0.0,100,404.47,457.0,0,0.0,0.0,,0.0,1,17.98,23.62,SPY230929C00410000,410.0,normalDay
2023-03-07,13437.0,-6094.0,0.0,100,398.27,457.0,0,0.0,0.0,,0.0,1,17.98,20.19,SPY230929C00410000,410.0,normalDay
2023-03-08,13437.0,-6026.0,0.0,100,398.92,457.0,0,0.0,0.0,,0.0,1,17.98,20.16,SPY230929C00410000,410.0,normalDay
2023-03-09,13437.0,-6430.0,0.0,100,391.56,457.0,0,0.0,0.0,,0.0,1,17.98,16.84,SPY230929C00410000,410.0,normalDay
2023-03-10,13437.0,-6769.0,0.0,100,385.91,457.0,0,0.0,0.0,,0.0,1,17.98,14.58,SPY230929C00410000,410.0,normalDay
2023-03-13,13437.0,-6793.0,0.0,100,385.36,457.0,0,0.0,0.0,,0.0,1,17.98,14.27,SPY230929C00410000,410.0,normalDay
2023-03-14,13437.0,-6375.0,0.0,100,391.73,457.0,0,0.0,0.0,,0.0,1,17.98,16.46,SPY230929C00410000,410.0,normalDay
2023-03-15,13437.0,-6593.0,0.0,100,389.28,457.0,0,0.0,0.0,,0.0,1,17.98,16.19,SPY230929C00410000,410.0,normalDay
2023-03-16,13437.0,-6187.0,0.0,100,396.11,457.0,0,0.0,0.0,,0.0,1,17.98,18.96,SPY230929C00410000,410.0,normalDay
2023-03-17,13437.0,-6691.0,0.0,100,389.99,457.0,0,0.0,0.0,,0.0,1,17.98,17.88,SPY230929C00410000,410.0,normalDay
2023-03-20,13437.0,-6398.0,0.0,100,393.74,457.0,0,0.0,0.0,,0.0,1,17.98,18.7,SPY230929C00410000,410.0,normalDay
2023-03-21,13437.0,-6088.0,0.0,100,398.91,457.0,0,0.0,0.0,,0.0,1,17.98,20.77,SPY230929C00410000,410.0,normalDay
2023-03-22,13437.0,-6410.0,0.0,100,392.11,457.0,0,0.0,0.0,,0.0,1,17.98,17.19,SPY230929C00410000,410.0,normalDay
2023-03-23,13437.0,-6379.0,0.0,100,393.17,457.0,0,0.0,0.0,,0.0,1,17.98,17.94,SPY230929C00410000,410.0,normalDay
2023-03-24,13437.0,-6210.0,0.0,100,395.75,457.0,0,0.0,0.0,,0.0,1,17.98,18.83,SPY230929C00410000,410.0,normalDay
2023-03-27,13437.0,-6108.0,0.0,100,396.49,457.0,0,0.0,0.0,,0.0,1,17.98,18.55,SPY230929C00410000,410.0,normalDay
2023-03-28,13437.0,-6153.0,0.0,100,395.6,457.0,0,0.0,0.0,,0.0,1,17.98,18.11,SPY230929C00410000,410.0,normalDay
2023-03-29,13437.0,-5832.0,0.0,100,401.35,457.0,0,0.0,0.0,,0.0,1,17.98,20.65,SPY230929C00410000,410.0,normalDay
2023-03-30,13437.0,-5733.0,0.0,100,403.7,457.0,0,0.0,0.0,,0.0,1,17.98,22.01,SPY230929C00410000,410.0,normalDay
2023-03-31,13437.0,-5516.0,0.0,100,409.39,457.0,0,0.0,0.0,,0.0,1,17.98,25.53,SPY230929C00410000,410.0,normalDay
2023-04-03,13437.0,-5409.0,0.0,100,410.95,457.0,0,0.0,0.0,,0.0,1,17.98,26.02,SPY230929C00410000,410.0,normalDay
2023-04-04,13437.0,-5490.0,0.0,100,408.67,457.0,0,0.0,0.0,,0.0,1,17.98,24.55,SPY230929C00410000,410.0,normalDay
2023-04-05,13437.0,-5522.0,0.0,100,407.6,457.0,0,0.0,0.0,,0.0,1,17.98,23.8,SPY230929C00410000,410.0,normalDay
2023-04-06,13437.0,-5433.0,0.0,100,409.19,457.0,0,0.0,0.0,,0.0,1,17.98,24.5,SPY230929C00410000,410.0,normalDay
2023-04-10,13437.0,-5425.0,0.0,100,409.61,457.0,0,0.0,0.0,,0.0,1,17.98,24.84,SPY230929C00410000,410.0,normalDay
2023-04-11,13437.0,-5409.0,0.0,100,409.72,457.0,0,0.0,0.0,,0.0,1,17.98,24.79,SPY230929C00410000,410.0,normalDay
2023-04-12,13437.0,-5433.0,0.0,100,408.05,457.0,0,0.0,0.0,,0.0,1,17.98,23.36,SPY230929C00410000,410.0,normalDay
2023-04-13,13437.0,-5187.0,0.0,100,413.47,457.0,0,0.0,0.0,,0.0,1,17.98,26.32,SPY230929C00410000,410.0,normalDay
2023-04-14,13437.0,-5210.0,0.0,100,412.46,457.0,0,0.0,0.0,,0.0,1,17.98,25.54,SPY230929C00410000,410.0,normalDay
2023-04-17,13437.0,-5103.0,0.0,100,413.94,457.0,0,0.0,0.0,,0.0,1,17.98,25.95,SPY230929C00410000,410.0,normalDay
2023-04-18,13437.0,-5058.0,0.0,100,414.21,457.0,0,0.0,0.0,,0.0,1,17.98,25.77,SPY230929C00410000,410.0,normalDay
2023-04-19,13437.0,-5059.0,0.0,100,414.14,457.0,0,0.0,0.0,,0.0,1,17.98,25.71,SPY230929C00410000,410.0,normalDay
2023-04-20,13437.0,-5175.0,0.0,100,411.88,457.0,0,0.0,0.0,,0.0,1,17.98,24.61,SPY230929C00410000,410.0,normalDay
2023-04-21,13437.0,-5118.0,0.0,100,412.2,457.0,0,0.0,0.0,,0.0,1,17.98,24.36,SPY230929C00410000,410.0,normalDay
2023-04-24,13437.0,-5096.0,0.0,100,412.63,457.0,0,0.0,0.0,,0.0,1,17.98,24.57,SPY230929C00410000,410.0,normalDay
2023-04-25,13437.0,-5487.0,0.0,100,406.08,457.0,0,0.0,0.0,,0.0,1,17.98,21.93,SPY230929C00410000,410.0,normalDay
2023-04-26,13437.0,-5434.0,0.0,100,404.36,457.0,0,0.0,0.0,,0.0,1,17.98,19.68,SPY230929C00410000,410.0,normalDay
2023-04-27,13437.0,-5131.0,0.0,100,412.41,457.0,0,0.0,0.0,,0.0,1,17.98,24.7,SPY230929C00410000,410.0,normalDay
2023-04-28,13437.0,-4912.0,0.0,100,415.93,457.0,0,0.0,0.0,,0.0,1,17.98,26.03,SPY230929C00410000,410.0,normalDay
2023-05-01,13437.0,-4908.0,0.0,100,415.51,457.0,0,0.0,0.0,,0.0,1,17.98,25.57,SPY230929C00410000,410.0,normalDay
2023-05-02,13437.0,-5083.0,0.0,100,410.84,457.0,0,0.0,0.0,,0.0,1,17.98,22.65,SPY230929C00410000,410.0,normalDay
2023-05-03,13437.0,-5262.0,0.0,100,408.02,457.0,0,0.0,0.0,,0.0,1,17.98,21.62,SPY230929C00410000,410.0,normalDay
2023-05-04,13437.0,-5336.0,0.0,100,405.13,457.0,0,0.0,0.0,,0.0,1,17.98,19.47,SPY230929C00410000,410.0,normalDay
2023-05-05,13437.0,-4970.0,0.0,100,412.63,457.0,0,0.0,0.0,,0.0,1,17.98,23.31,SPY230929C00410000,410.0,normalDay
2023-05-08,13437.0,-4946.0,0.0,100,412.74,457.0,0,0.0,0.0,,0.0,1,17.98,23.18,SPY230929C00410000,410.0,normalDay
2023-05-09,13437.0,-5048.0,0.0,100,410.93,457.0,0,0.0,0.0,,0.0,1,17.98,22.39,SPY230929C00410000,410.0,normalDay
2023-05-10,13437.0,-4931.0,0.0,100,412.85,457.0,0,0.0,0.0,,0.0,1,17.98,23.14,SPY230929C00410000,410.0,normalDay
2023-05-11,13437.0,-4895.0,0.0,100,412.13,457.0,0,0.0,0.0,,0.0,1,17.98,22.06,SPY230929C00410000,410.0,normalDay
2023-05-12,13437.0,-4893.0,0.0,100,411.59,457.0,0,0.0,0.0,,0.0,1,17.98,21.5,SPY230929C00410000,410.0,normalDay
2023-05-15,13437.0,-4812.0,0.0,100,413.01,457.0,0,0.0,0.0,,0.0,1,17.98,22.11,SPY230929C00410000,410.0,normalDay
2023-05-16,13437.0,-4933.0,0.0,100,410.25,457.0,0,0.0,0.0,,0.0,1,17.98,20.56,SPY230929C00410000,410.0,normalDay
2023-05-17,13437.0,-4692.0,0.0,100,415.23,457.0,0,0.0,0.0,,0.0,1,17.98,23.13,SPY230929C00410000,410.0,normalDay
2023-05-18,13437.0,-4529.0,0.0,100,419.23,457.0,0,0.0,0.0,,0.0,1,17.98,25.5,SPY230929C00410000,410.0,normalDay
2023-05-19,13437.0,-4562.0,0.0,100,418.62,457.0,0,0.0,0.0,,0.0,1,17.98,25.22,SPY230929C00410000,410.0,normalDay
2023-05-22,13437.0,-4572.0,0.0,100,418.79,457.0,0,0.0,0.0,,0.0,1,17.98,25.49,SPY230929C00410000,410.0,normalDay
2023-05-23,13437.0,-4726.0,0.0,100,414.09,457.0,0,0.0,0.0,,0.0,1,17.98,22.33,SPY230929C00410000,410.0,normalDay
2023-05-24,13437.0,-4855.0,0.0,100,411.09,457.0,0,0.0,0.0,,0.0,1,17.98,20.62,SPY230929C00410000,410.0,normalDay
2023-05-25,13437.0,-4675.0,0.0,100,414.65,457.0,0,0.0,0.0,,0.0,1,17.98,22.38,SPY230929C00410000,410.0,normalDay
2023-05-26,13437.0,-4501.0,0.0,100,420.02,457.0,0,0.0,0.0,,0.0,1,17.98,26.01,SPY230929C00410000,410.0,normalDay
2023-05-30,13437.0,-4447.0,0.0,100,420.18,457.0,0,0.0,0.0,,0.0,1,17.98,25.63,SPY230929C00410000,410.0,normalDay
2023-05-31,13437.0,-4475.0,0.0,100,417.85,457.0,0,0.0,0.0,,0.0,1,17.98,23.58,SPY230929C00410000,410.0,normalDay
2023-06-01,13437.0,-4311.0,0.0,100,421.82,457.0,0,0.0,0.0,,0.0,1,17.98,25.91,SPY230929C00410000,410.0,normalDay
2023-06-02,13437.0,-4117.0,0.0,100,427.92,457.0,0,0.0,0.0,,0.0,1,17.98,30.07,SPY230929C00410000,410.0,normalDay
2023-06-05,13437.0,-4103.0,0.0,100,427.1,457.0,0,0.0,0.0,,0.0,1,17.98,29.11,SPY230929C00410000,410.0,normalDay
2023-06-06,13437.0,-4054.0,0.0,100,428.03,457.0,0,0.0,0.0,,0.0,1,17.98,29.55,SPY230929C00410000,410.0,normalDay
2023-06-07,13437.0,-4050.0,0.0,100,426.55,457.0,0,0.0,0.0,,0.0,1,17.98,28.03,SPY230929C00410000,410.0,normalDay
2023-06-08,13437.0,-3938.0,0.0,100,429.13,457.0,0,0.0,0.0,,0.0,1,17.98,29.49,SPY230929C00410000,410.0,normalDay
2023-06-09,13437.0,-3968.0,0.0,100,429.9,457.0,0,0.0,0.0,,0.0,1,17.98,30.56,SPY230929C00410000,410.0,normalDay
2023-06-12,13437.0,-3865.0,0.0,100,433.8,457.0,0,0.0,0.0,,0.0,1,17.98,33.43,SPY230929C00410000,410.0,normalDay
2023-06-13,13437.0,-3835.0,0.0,100,436.66,457.0,0,0.0,0.0,,0.0,1,17.98,35.99,SPY230929C00410000,410.0,normalDay
2023-06-14,13437.0,-3827.0,0.0,100,437.18,457.0,0,0.0,0.0,,0.0,1,17.98,36.43,SPY230929C00410000,410.0,normalDay
2023-06-15,13437.0,-3685.0,0.0,100,442.6,457.0,0,0.0,0.0,,0.0,1,17.98,40.43,SPY230929C00410000,410.0,normalDay
2023-06-16,13437.0,-3929.0,0.0,100,439.46,457.0,0,0.0,0.0,,0.0,1,17.98,39.73,SPY230929C00410000,410.0,normalDay
2023-06-20,13437.0,-3889.0,0.0,100,437.18,457.0,0,0.0,0.0,,0.0,1,17.98,37.05,SPY230929C00410000,410.0,normalDay
2023-06-21,13437.0,-3938.0,0.0,100,434.94,457.0,0,0.0,0.0,,0.0,1,17.98,35.3,SPY230929C00410000,410.0,normalDay
2023-06-22,13437.0,-3852.0,0.0,100,436.51,457.0,0,0.0,0.0,,0.0,1,17.98,36.01,SPY230929C00410000,410.0,normalDay
2023-06-23,13437.0,-3926.0,0.0,100,433.21,457.0,0,0.0,0.0,,0.0,1,17.98,33.45,SPY230929C00410000,410.0,normalDay
2023-06-26,13437.0,-3948.0,0.0,100,431.44,457.0,0,0.0,0.0,,0.0,1,17.98,31.9,SPY230929C00410000,410.0,normalDay
2023-06-27,13437.0,-3799.0,0.0,100,436.17,457.0,0,0.0,0.0,,0.0,1,17.98,35.14,SPY230929C00410000,410.0,normalDay
2023-06-28,13437.0,-3823.0,0.0,100,436.39,457.0,0,0.0,0.0,,0.0,1,17.98,35.6,SPY230929C00410000,410.0,normalDay
2023-06-29,13437.0,-3763.0,0.0,100,438.11,457.0,0,0.0,0.0,,0.0,1,17.98,36.72,SPY230929C00410000,410.0,normalDay
2023-06-30,13437.0,-3708.0,0.0,100,443.28,457.0,0,0.0,0.0,,0.0,1,17.98,41.34,SPY230929C00410000,410.0,normalDay
2023-07-03,13437.0,-3770.0,0.0,100,443.79,457.0,0,0.0,0.0,,0.0,1,17.98,42.47,SPY230929C00410000,410.0,normalDay
2023-07-05,13437.0,-3675.0,0.0,100,443.13,457.0,0,0.0,0.0,,0.0,1,17.98,40.86,SPY230929C00410000,410.0,normalDay
2023-07-06,13437.0,-3738.0,0.0,100,439.66,457.0,0,0.0,0.0,,0.0,1,17.98,38.02,SPY230929C00410000,410.0,normalDay
2023-07-07,13437.0,-3756.0,0.0,100,438.55,457.0,0,0.0,0.0,,0.0,1,17.98,37.09,SPY230929C00410000,410.0,normalDay
2023-07-10,13437.0,-3704.0,0.0,100,439.66,457.0,0,0.0,0.0,,0.0,1,17.98,37.68,SPY230929C00410000,410.0,normalDay
2023-07-11,13437.0,-3624.0,0.0,100,442.46,457.0,0,0.0,0.0,,0.0,1,17.98,39.68,SPY230929C00410000,410.0,normalDay
2023-07-12,13437.0,-3585.0,0.0,100,446.02,457.0,0,0.0,0.0,,0.0,1,17.98,42.85,SPY230929C00410000,410.0,normalDay
2023-07-13,13437.0,-3528.0,0.0,100,449.56,457.0,0,0.0,0.0,,0.0,1,17.98,45.82,SPY230929C00410000,410.0,normalDay
2023-07-14,13437.0,-3494.0,0.0,100,449.28,457.0,0,0.0,0.0,,0.0,1,17.98,45.2,SPY230929C00410000,410.0,normalDay
2023-07-17,13437.0,-3459.0,0.0,100,450.84,457.0,0,0.0,0.0,,0.0,1,17.98,46.41,SPY230929C00410000,410.0,normalDay
2023-07-18,13437.0,-3448.0,0.0,100,454.19,457.0,0,0.0,0.0,,0.0,1,17.98,49.65,SPY230929C00410000,410.0,normalDay
2023-07-19,13437.0,-3455.0,0.0,100,455.2,457.0,0,0.0,0.0,,0.0,1,17.98,50.73,SPY230929C00410000,410.0,normalDay
2023-07-20,13437.0,-3495.0,0.0,100,452.18,457.0,0,0.0,0.0,,0.0,1,17.98,48.11,SPY230929C00410000,410.0,normalDay
2023-07-21,13437.0,-3453.0,0.0,100,452.18,457.0,0,0.0,0.0,,0.0,1,17.98,47.69,SPY230929C00410000,410.0,normalDay
2023-07-24,13437.0,-3443.0,0.0,100,454.2,457.0,0,0.0,0.0,,0.0,1,17.98,49.61,SPY230929C00410000,410.0,normalDay
2023-07-25,13437.0,-3479.0,0.0,100,455.44,457.0,0,0.0,0.0,,0.0,1,17.98,51.21,SPY230929C00410000,410.0,normalDay
2023-07-26,13437.0,-3489.0,0.0,100,455.51,457.0,0,0.0,0.0,,0.0,1,17.98,51.38,SPY230929C00410000,410.0,normalDay
2023-07-27,13437.0,-3454.0,0.0,100,452.49,457.0,0,0.0,0.0,,0.0,1,17.98,48.01,SPY230929C00410000,410.0,normalDay
2023-07-28,13437.0,-3362.0,0.0,100,456.92,457.0,0,0.0,0.0,,0.0,1,17.98,51.52,SPY230929C00410000,410.0,normalDay
2023-07-31,13437.0,-3347.0,0.0,100,457.79,457.0,0,0.0,0.0,,0.0,1,17.98,52.24,SPY230929C00410000,410.0,normalDay
2023-08-01,13437.0,-3322.0,0.0,100,456.48,457.0,0,0.0,0.0,,0.0,1,17.98,50.68,SPY230929C00410000,410.0,normalDay
2023-08-02,13437.0,-3414.0,0.0,100,450.13,457.0,0,0.0,0.0,,0.0,1,17.98,45.25,SPY230929C00410000,410.0,normalDay
2023-08-03,13437.0,-3629.0,0.0,100,448.84,457.0,0,0.0,0.0,,0.0,1,17.98,46.11,SPY230929C00410000,410.0,normalDay
2023-08-04,13437.0,-3416.0,0.0,100,446.81,457.0,0,0.0,0.0,,0.0,1,17.98,41.95,SPY230929C00410000,410.0,normalDay
2023-08-07,13437.0,-3354.0,0.0,100,450.71,457.0,0,0.0,0.0,,0.0,1,17.98,45.23,SPY230929C00410000,410.0,normalDay
2023-08-08,13437.0,-3341.0,0.0,100,448.75,457.0,0,0.0,0.0,,0.0,1,17.98,43.14,SPY230929C00410000,410.0,normalDay
2023-08-09,13437.0,-3403.0,0.0,100,445.75,457.0,0,0.0,0.0,,0.0,1,17.98,40.76,SPY230929C00410000,410.0,normalDay
2023-08-10,13437.0,-3327.0,0.0,100,445.91,457.0,0,0.0,0.0,,0.0,1,17.98,40.16,SPY230929C00410000,410.0,normalDay
2023-08-11,13437.0,-3321.0,0.0,100,445.65,457.0,0,0.0,0.0,,0.0,1,17.98,39.84,SPY230929C00410000,410.0,normalDay
2023-08-14,13437.0,-3267.0,0.0,100,448.11,457.0,0,0.0,0.0,,0.0,1,17.98,41.76,SPY230929C00410000,410.0,normalDay
2023-08-15,13437.0,-3303.0,0.0,100,442.89,457.0,0,0.0,0.0,,0.0,1,17.98,36.9,SPY230929C00410000,410.0,normalDay
2023-08-16,13437.0,-3358.0,0.0,100,439.64,457.0,0,0.0,0.0,,0.0,1,17.98,34.2,SPY230929C00410000,410.0,normalDay
2023-08-17,13437.0,-3361.0,0.0,100,436.29,457.0,0,0.0,0.0,,0.0,1,17.98,30.88,SPY230929C00410000,410.0,normalDay
2023-08-18,13437.0,-3328.0,0.0,100,436.5,457.0,0,0.0,0.0,,0.0,1,17.98,30.76,SPY230929C00410000,410.0,normalDay
2023-08-21,13437.0,-3229.0,0.0,100,439.34,457.0,0,0.0,0.0,,0.0,1,17.98,32.61,SPY230929C00410000,410.0,normalDay
2023-08-22,13437.0,-3251.0,0.0,100,438.15,457.0,0,0.0,0.0,,0.0,1,17.98,31.64,SPY230929C00410000,410.0,normalDay
2023-08-23,13437.0,-3223.0,0.0,100,443.03,457.0,0,0.0,0.0,,0.0,1,17.98,36.24,SPY230929C00410000,410.0,normalDay
2023-08-24,13437.0,-3234.0,0.0,100,436.89,457.0,0,0.0,0.0,,0.0,1,17.98,30.21,SPY230929C00410000,410.0,normalDay
2023-08-25,13437.0,-3187.0,0.0,100,439.97,457.0,0,0.0,0.0,,0.0,1,17.98,32.82,SPY230929C00410000,410.0,normalDay
2023-08-28,13437.0,-3136.0,0.0,100,442.76,457.0,0,0.0,0.0,,0.0,1,17.98,35.1,SPY230929C00410000,410.0,normalDay
2023-08-29,13437.0,-3092.0,0.0,100,449.16,457.0,0,0.0,0.0,,0.0,1,17.98,41.06,SPY230929C00410000,410.0,normalDay
2023-08-30,13437.0,-3071.0,0.0,100,451.01,457.0,0,0.0,0.0,,0.0,1,17.98,42.7,SPY230929C00410000,410.0,normalDay
2023-08-31,13437.0,-3079.0,0.0,100,450.35,457.0,0,0.0,0.0,,0.0,1,17.98,42.12,SPY230929C00410000,410.0,normalDay
2023-09-01,13437.0,-3020.0,0.0,100,451.19,457.0,0,0.0,0.0,,0.0,1,17.98,42.37,SPY230929C00410000,410.0,normalDay
2023-09-05,13437.0,-3016.0,0.0,100,449.24,457.0,0,0.0,0.0,,0.0,1,17.98,40.38,SPY230929C00410000,410.0,normalDay
2023-09-06,13437.0,-3005.0,0.0,100,446.22,457.0,0,0.0,0.0,,0.0,1,17.98,37.25,SPY230929C00410000,410.0,normalDay
2023-09-07,13437.0,-3002.0,0.0,100,444.85,457.0,0,0.0,0.0,,0.0,1,17.98,35.85,SPY230929C00410000,410.0,normalDay
2023-09-08,13437.0,-3020.0,0.0,100,445.52,457.0,0,0.0,0.0,,0.0,1,17.98,36.7,SPY230929C00410000,410.0,normalDay
2023-09-11,13437.0,-2969.0,0.0,100,448.45,457.0,0,0.0,0.0,,0.0,1,17.98,39.12,SPY230929C00410000,410.0,normalDay
2023-09-12,13437.0,-2978.0,0.0,100,445.99,457.0,0,0.0,0.0,,0.0,1,17.98,36.75,SPY230929C00410000,410.0,normalDay
2023-09-13,13437.0,-2966.0,0.0,100,446.51,457.0,0,0.0,0.0,,0.0,1,17.98,37.15,SPY230929C00410000,410.0,normalDay
2023-09-14,13437.0,-2941.0,0.0,100,450.36,457.0,0,0.0,0.0,,0.0,1,17.98,40.75,SPY230929C00410000,410.0,normalDay
2023-09-15,13437.0,-3021.0,0.0,100,443.37,457.0,0,0.0,0.0,,0.0,1,17.98,34.56,SPY230929C00410000,410.0,normalDay
2023-09-18,13437.0,-3020.0,0.0,100,443.63,457.0,0,0.0,0.0,,0.0,1,17.98,34.81,SPY230929C00410000,410.0,normalDay
2023-09-19,13437.0,-3014.0,0.0,100,442.71,457.0,0,0.0,0.0,,0.0,1,17.98,33.83,SPY230929C00410000,410.0,normalDay
2023-09-20,13437.0,-2968.0,0.0,100,438.64,457.0,0,0.0,0.0,,0.0,1,17.98,29.3,SPY230929C00410000,410.0,normalDay
2023-09-21,13437.0,-3004.0,0.0,100,431.39,457.0,0,0.0,0.0,,0.0,1,17.98,22.41,SPY230929C00410000,410.0,normalDay
2023-09-22,13437.0,-2999.0,0.0,100,430.42,457.0,0,0.0,0.0,,0.0,1,17.98,21.39,SPY230929C00410000,410.0,normalDay
2023-09-25,13437.0,-2967.0,0.0,100,432.23,457.0,0,0.0,0.0,,0.0,1,17.98,22.88,SPY230929C00410000,410.0,normalDay
2023-09-26,13437.0,-2999.0,0.0,100,425.88,457.0,0,0.0,0.0,,0.0,1,17.98,16.85,SPY230929C00410000,410.0,normalDay
2023-09-27,13437.0,-2975.0,0.0,100,426.05,457.0,0,0.0,0.0,,0.0,1,17.98,16.78,SPY230929C00410000,410.0,normalDay
2023-09-28,13437.0,-2900.0,0.0,100,428.52,457.0,0,0.0,0.0,,0.0,1,17.98,18.5,SPY230929C00410000,410.0,normalDay
2023-09-29,10535.0,-2900.0,-2902.0,0,427.48,0.0,0,0.0,0.0,,0.0,1,17.98,0.0,SPY230929C00410000,410.0,expirationDay
2023-10-02,10535.0,-3.0,0.0,0,427.31,0.0,1,3.19,3.22,SPY231013P00424000,424.0,0,0.0,0.0,,0.0,normalDay
2023-10-03,10535.0,-257.0,0.0,0,421.59,0.0,1,3.19,5.76,SPY231013P00424000,424.0,0,0.0,0.0,,0.0,normalDay
2023-10-04,10535.0,-84.0,0.0,0,424.66,0.0,1,3.19,4.03,SPY231013P00424000,424.0,0,0.0,0.0,,0.0,normalDay
2023-10-05,10535.0,-85.0,0.0,0,424.5,0.0,1,3.19,4.04,SPY231013P00424000,424.0,0,0.0,0.0,,0.0,normalDay
2023-10-06,10535.0,173.0,0.0,0,429.54,0.0,1,3.19,1.46,SPY231013P00424000,424.0,0,0.0,0.0,,0.0,normalDay
2023-10-09,10535.0,241.0,0.0,0,432.29,0.0,1,3.19,0.78,SPY231013P00424000,424.0,0,0.0,0.0,,0.0,normalDay
2023-10-10,10535.0,280.0,0.0,0,434.54,0.0,1,3.19,0.39,SPY231013P00424000,424.0,0,0.0,0.0,,0.0,normalDay
2023-10-11,10535.0,307.0,0.0,0,436.32,0.0,1,3.19,0.12,SPY231013P00424000,424.0,0,0.0,0.0,,0.0,normalDay
2023-10-12,10535.0,312.0,0.0,0,433.66,0.0,1,3.19,0.07,SPY231013P00424000,424.0,0,0.0,0.0,,0.0,normalDay
2023-10-13,10854.0,0.0,319.0,0,431.5,0.0,1,3.19,0.0,SPY231013P00424000,424.0,0,0.0,0.0,,0.0,expirationDay
2023-10-16,10854.0,-3.0,0.0,0,436.04,0.0,1,0.98,1.01,SPY231027P00422000,422.0,0,0.0,0.0,,0.0,normalDay
2023-10-17,10854.0,-5.0,0.0,0,436.02,0.0,1,0.98,1.03,SPY231027P00422000,422.0,0,0.0,0.0,,0.0,normalDay
2023-10-18,10854.0,-80.0,0.0,0,430.21,0.0,1,0.98,1.78,SPY231027P00422000,422.0,0,0.0,0.0,,0.0,normalDay
2023-10-19,10854.0,-238.0,0.0,0,426.43,0.0,1,0.98,3.36,SPY231027P00422000,422.0,0,0.0,0.0,,0.0,normalDay
2023-10-20,10854.0,-352.0,0.0,0,421.19,0.0,1,0.98,4.5,SPY231027P00422000,422.0,0,0.0,0.0,,0.0,normalDay
2023-10-23,10854.0,-275.0,0.0,0,420.46,0.0,1,0.98,3.73,SPY231027P00422000,422.0,0,0.0,0.0,,0.0,normalDay
2023-10-24,10854.0,-94.0,0.0,0,423.63,0.0,1,0.98,1.92,SPY231027P00422000,422.0,0,0.0,0.0,,0.0,normalDay
2023-10-25,10854.0,-402.0,0.0,0,417.55,0.0,1,0.98,5.0,SPY231027P00422000,422.0,0,0.0,0.0,,0.0,normalDay
2023-10-26,10854.0,-827.0,0.0,0,412.55,0.0,1,0.98,9.25,SPY231027P00422000,422.0,0,0.0,0.0,,0.0,normalDay
2023-10-27,10952.0,-1132.0,98.0,100,410.68,422.0,1,0.98,0.0,SPY231027P00422000,422.0,0,0.0,0.0,,0.0,expirationDay
2023-10-30,10952.0,-793.0,0.0,100,415.59,422.0,0,0.0,0.0,,0.0,1,22.74,24.26,SPY240930C00440000,440.0,normalDay
2023-10-31,10952.0,-592.0,0.0,100,418.2,422.0,0,0.0,0.0,,0.0,1,22.74,24.86,SPY240930C00440000,440.0,normalDay
2023-11-01,10952.0,-345.0,0.0,100,422.66,422.0,0,0.0,0.0,,0.0,1,22.74,26.85,SPY240930C00440000,440.0,normalDay
2023-11-02,10952.0,63.0,0.0,100,430.76,422.0,0,0.0,0.0,,0.0,1,22.74,30.87,SPY240930C00440000,440.0,normalDay
2023-11-03,10952.0,233.0,0.0,100,434.69,422.0,0,0.0,0.0,,0.0,1,22.74,33.1,SPY240930C00440000,440.0,normalDay
2023-11-06,10952.0,341.0,0.0,100,435.69,422.0,0,0.0,0.0,,0.0,1,22.74,33.02,SPY240930C00440000,440.0,normalDay
2023-11-07,10952.0,369.0,0.0,100,436.93,422.0,0,0.0,0.0,,0.0,1,22.74,33.98,SPY240930C00440000,440.0,normalDay
2023-11-08,10952.0,419.0,0.0,100,437.25,422.0,0,0.0,0.0,,0.0,1,22.74,33.8,SPY240930C00440000,440.0,normalDay
2023-11-09,10952.0,220.0,0.0,100,433.84,422.0,0,0.0,0.0,,0.0,1,22.74,32.38,SPY240930C00440000,440.0,normalDay
2023-11-10,10952.0,511.0,0.0,100,440.61,422.0,0,0.0,0.0,,0.0,1,22.74,36.24,SPY240930C00440000,440.0,normalDay
2023-11-13,10952.0,535.0,0.0,100,440.19,422.0,0,0.0,0.0,,0.0,1,22.74,35.58,SPY240930C00440000,440.0,normalDay
2023-11-14,10952.0,828.0,0.0,100,448.73,422.0,0,0.0,0.0,,0.0,1,22.74,41.19,SPY240930C00440000,440.0,normalDay
2023-11-15,10952.0,896.0,0.0,100,449.68,422.0,0,0.0,0.0,,0.0,1,22.74,41.46,SPY240930C00440000,440.0,normalDay
2023-11-16,10952.0,888.0,0.0,100,450.23,422.0,0,0.0,0.0,,0.0,1,22.74,42.09,SPY240930C00440000,440.0,normalDay
2023-11-17,10952.0,923.0,0.0,100,450.79,422.0,0,0.0,0.0,,0.0,1,22.74,42.3,SPY240930C00440000,440.0,normalDay
2023-11-20,10952.0,1016.0,0.0,100,454.26,422.0,0,0.0,0.0,,0.0,1,22.74,44.84,SPY240930C00440000,440.0,normalDay
2023-11-21,10952.0,1042.0,0.0,100,453.27,422.0,0,0.0,0.0,,0.0,1,22.74,43.59,SPY240930C00440000,440.0,normalDay
2023-11-22,10952.0,1065.0,0.0,100,455.02,422.0,0,0.0,0.0,,0.0,1,22.74,45.11,SPY240930C00440000,440.0,normalDay
2023-11-24,10952.0,1072.0,0.0,100,455.3,422.0,0,0.0,0.0,,0.0,1,22.74,45.32,SPY240930C00440000,440.0,normalDay
2023-11-27,10952.0,1045.0,0.0,100,454.48,422.0,0,0.0,0.0,,0.0,1,22.74,44.77,SPY240930C00440000,440.0,normalDay
2023-11-28,10952.0,1094.0,0.0,100,454.93,422.0,0,0.0,0.0,,0.0,1,22.74,44.73,SPY240930C00440000,440.0,normalDay
2023-11-29,10952.0,1120.0,0.0,100,454.61,422.0,0,0.0,0.0,,0.0,1,22.74,44.15,SPY240930C00440000,440.0,normalDay
2023-11-30,10952.0,1146.0,0.0,100,456.4,422.0,0,0.0,0.0,,0.0,1,22.74,45.68,SPY240930C00440000,440.0,normalDay
