date,totalCapital,unrializedPnL,rializedPnL,stocksOwned,stocksPriceToday,stocksPriceBoughtAt,putOwned,putOwnedSoldAt,putPriceToday,putOwnedContract,putOwnedStrike,callOwned,callOwnedSoldAt,callPriceToday,callOwnedContract,callOwnedStrike,trackType
2018-11-01,0.0,-8.0,0.0,0,273.51,0.0,1,2.16,2.24,SPY181102P00275000,275.0,0,0.0,0.0,,0.0,normalDay
2018-11-02,216.0,-311.0,216.0,100,271.89,275.0,1,2.16,0.0,SPY181102P00275000,275.0,0,0.0,0.0,,0.0,expirationDay
2018-11-05,216.0,-183.0,0.0,100,273.39,275.0,0,0.0,0.0,,0.0,1,15.52,15.74,SPY190621C00274000,274.0,normalDay
2018-11-06,216.0,-88.0,0.0,100,275.12,275.0,0,0.0,0.0,,0.0,1,15.52,16.52,SPY190621C00274000,274.0,normalDay
2018-11-07,216.0,198.0,0.0,100,281.01,275.0,0,0.0,0.0,,0.0,1,15.52,19.55,SPY190621C00274000,274.0,normalDay
2018-11-08,216.0,216.0,0.0,100,280.5,275.0,0,0.0,0.0,,0.0,1,15.52,18.86,SPY190621C00274000,274.0,normalDay
2018-11-09,216.0,109.0,0.0,100,277.76,275.0,0,0.0,0.0,,0.0,1,15.52,17.19,SPY190621C00274000,274.0,normalDay
2018-11-12,216.0,-140.0,0.0,100,272.57,275.0,0,0.0,0.0,,0.0,1,15.52,14.49,SPY190621C00274000,274.0,normalDay
2018-11-13,216.0,-151.0,0.0,100,272.06,275.0,0,0.0,0.0,,0.0,1,15.52,14.09,SPY190621C00274000,274.0,normalDay
2018-11-14,216.0,-238.0,0.0,100,270.2,275.0,0,0.0,0.0,,0.0,1,15.52,13.1,SPY190621C00274000,274.0,normalDay
2018-11-15,216.0,-143.0,0.0,100,273.02,275.0,0,0.0,0.0,,0.0,1,15.52,14.97,SPY190621C00274000,274.0,normalDay
2018-11-16,216.0,-81.0,0.0,100,273.73,275.0,0,0.0,0.0,,0.0,1,15.52,15.06,SPY190621C00274000,274.0,normalDay
2018-11-19,216.0,-307.0,0.0,100,269.1,275.0,0,0.0,0.0,,0.0,1,15.52,12.69,SPY190621C00274000,274.0,normalDay
2018-11-20,216.0,-573.0,0.0,100,264.12,275.0,0,0.0,0.0,,0.0,1,15.52,10.37,SPY190621C00274000,274.0,normalDay
2018-11-21,216.0,-499.0,0.0,100,265.02,275.0,0,0.0,0.0,,0.0,1,15.52,10.53,SPY190621C00274000,274.0,normalDay
2018-11-23,216.0,-581.0,0.0,100,263.25,275.0,0,0.0,0.0,,0.0,1,15.52,9.58,SPY190621C00274000,274.0,normalDay
2018-11-26,216.0,-315.0,0.0,100,267.5,275.0,0,0.0,0.0,,0.0,1,15.52,11.17,SPY190621C00274000,274.0,normalDay
2018-11-27,216.0,-266.0,0.0,100,268.4,275.0,0,0.0,0.0,,0.0,1,15.52,11.58,SPY190621C00274000,274.0,normalDay
2018-11-28,216.0,25.0,0.0,100,274.58,275.0,0,0.0,0.0,,0.0,1,15.52,14.85,SPY190621C00274000,274.0,normalDay
2018-11-29,216.0,-33.0,0.0,100,273.98,275.0,0,0.0,0.0,,0.0,1,15.52,14.83,SPY190621C00274000,274.0,normalDay
2018-11-30,216.0,32.0,0.0,100,275.65,275.0,0,0.0,0.0,,0.0,1,15.52,15.85,SPY190621C00274000,274.0,normalDay
2018-12-03,216.0,258.0,0.0,100,279.3,275.0,0,0.0,0.0,,0.0,1,15.52,17.24,SPY190621C00274000,274.0,normalDay
2018-12-04,216.0,-178.0,0.0,100,270.25,275.0,0,0.0,0.0,,0.0,1,15.52,12.55,SPY190621C00274000,274.0,normalDay
2018-12-06,216.0,-205.0,0.0,100,269.84,275.0,0,0.0,0.0,,0.0,1,15.52,12.41,SPY190621C00274000,274.0,normalDay
2018-12-07,216.0,-549.0,0.0,100,263.57,275.0,0,0.0,0.0,,0.0,1,15.52,9.58,SPY190621C00274000,274.0,normalDay
2018-12-10,216.0,-521.0,0.0,100,264.07,275.0,0,0.0,0.0,,0.0,1,15.52,9.8,SPY190621C00274000,274.0,normalDay
2018-12-11,216.0,-509.0,0.0,100,264.13,275.0,0,0.0,0.0,,0.0,1,15.52,9.74,SPY190621C00274000,274.0,normalDay
2018-12-12,216.0,-424.0,0.0,100,265.46,275.0,0,0.0,0.0,,0.0,1,15.52,10.22,SPY190621C00274000,274.0,normalDay
2018-12-13,216.0,-415.0,0.0,100,265.37,275.0,0,0.0,0.0,,0.0,1,15.52,10.04,SPY190621C00274000,274.0,normalDay
2018-12-14,216.0,-722.0,0.0,100,260.47,275.0,0,0.0,0.0,,0.0,1,15.52,8.21,SPY190621C00274000,274.0,normalDay
2018-12-17,216.0,-1067.0,0.0,100,255.36,275.0,0,0.0,0.0,,0.0,1,15.52,6.55,SPY190621C00274000,274.0,normalDay
2018-12-18,216.0,-1065.0,0.0,100,255.08,275.0,0,0.0,0.0,,0.0,1,15.52,6.25,SPY190621C00274000,274.0,normalDay
2018-12-19,216.0,-1316.0,0.0,100,251.26,275.0,0,0.0,0.0,,0.0,1,15.52,4.94,SPY190621C00274000,274.0,normalDay
2018-12-20,216.0,-1666.0,0.0,100,247.17,275.0,0,0.0,0.0,,0.0,1,15.52,4.35,SPY190621C00274000,274.0,normalDay
2018-12-21,216.0,-2165.0,0.0,100,240.7,275.0,0,0.0,0.0,,0.0,1,15.52,2.87,SPY190621C00274000,274.0,normalDay
2018-12-24,216.0,-2769.0,0.0,100,234.34,275.0,0,0.0,0.0,,0.0,1,15.52,2.55,SPY190621C00274000,274.0,normalDay
2018-12-26,216.0,-1723.0,0.0,100,246.18,275.0,0,0.0,0.0,,0.0,1,15.52,3.93,SPY190621C00274000,274.0,normalDay
2018-12-27,216.0,-1618.0,0.0,100,248.07,275.0,0,0.0,0.0,,0.0,1,15.52,4.77,SPY190621C00274000,274.0,normalDay
2018-12-28,216.0,-1598.0,0.0,100,247.75,275.0,0,0.0,0.0,,0.0,1,15.52,4.25,SPY190621C00274000,274.0,normalDay
2018-12-31,216.0,-1374.0,0.0,100,249.92,275.0,0,0.0,0.0,,0.0,1,15.52,4.18,SPY190621C00274000,274.0,normalDay
2019-01-02,216.0,-1331.0,0.0,100,250.18,275.0,0,0.0,0.0,,0.0,1,15.52,4.01,SPY190621C00274000,274.0,normalDay
2019-01-03,216.0,-1810.0,0.0,100,244.21,275.0,0,0.0,0.0,,0.0,1,15.52,2.83,SPY190621C00274000,274.0,normalDay
2019-01-04,216.0,-1153.0,0.0,100,252.39,275.0,0,0.0,0.0,,0.0,1,15.52,4.44,SPY190621C00274000,274.0,normalDay
2019-01-07,216.0,-988.0,0.0,100,254.38,275.0,0,0.0,0.0,,0.0,1,15.52,4.78,SPY190621C00274000,274.0,normalDay
2019-01-08,216.0,-808.0,0.0,100,256.77,275.0,0,0.0,0.0,,0.0,1,15.52,5.37,SPY190621C00274000,274.0,normalDay
2019-01-09,216.0,-703.0,0.0,100,257.97,275.0,0,0.0,0.0,,0.0,1,15.52,5.52,SPY190621C00274000,274.0,normalDay
2019-01-10,216.0,-635.0,0.0,100,258.88,275.0,0,0.0,0.0,,0.0,1,15.52,5.75,SPY190621C00274000,274.0,normalDay
2019-01-11,216.0,-586.0,0.0,100,258.98,275.0,0,0.0,0.0,,0.0,1,15.52,5.36,SPY190621C00274000,274.0,normalDay
2019-01-14,216.0,-662.0,0.0,100,257.4,275.0,0,0.0,0.0,,0.0,1,15.52,4.54,SPY190621C00274000,274.0,normalDay
2019-01-15,216.0,-425.0,0.0,100,260.35,275.0,0,0.0,0.0,,0.0,1,15.52,5.12,SPY190621C00274000,274.0,normalDay
2019-01-16,216.0,-383.0,0.0,100,260.98,275.0,0,0.0,0.0,,0.0,1,15.52,5.33,SPY190621C00274000,274.0,normalDay
2019-01-17,216.0,-269.0,0.0,100,262.96,275.0,0,0.0,0.0,,0.0,1,15.52,6.17,SPY190621C00274000,274.0,normalDay
2019-01-18,216.0,-67.0,0.0,100,266.46,275.0,0,0.0,0.0,,0.0,1,15.52,7.65,SPY190621C00274000,274.0,normalDay
2019-01-22,216.0,-316.0,0.0,100,262.86,275.0,0,0.0,0.0,,0.0,1,15.52,6.54,SPY190621C00274000,274.0,normalDay
2019-01-23,216.0,-254.0,0.0,100,263.41,275.0,0,0.0,0.0,,0.0,1,15.52,6.47,SPY190621C00274000,274.0,normalDay
2019-01-24,216.0,-192.0,0.0,100,263.55,275.0,0,0.0,0.0,,0.0,1,15.52,5.99,SPY190621C00274000,274.0,normalDay
2019-01-25,216.0,-85.0,0.0,100,265.78,275.0,0,0.0,0.0,,0.0,1,15.52,7.15,SPY190621C00274000,274.0,normalDay
2019-01-28,216.0,-199.0,0.0,100,263.76,275.0,0,0.0,0.0,,0.0,1,15.52,6.27,SPY190621C00274000,274.0,normalDay
2019-01-29,216.0,-212.0,0.0,100,263.41,275.0,0,0.0,0.0,,0.0,1,15.52,6.05,SPY190621C00274000,274.0,normalDay
2019-01-30,216.0,41.0,0.0,100,267.58,275.0,0,0.0,0.0,,0.0,1,15.52,7.69,SPY190621C00274000,274.0,normalDay
2019-01-31,216.0,163.0,0.0,100,269.93,275.0,0,0.0,0.0,,0.0,1,15.52,8.82,SPY190621C00274000,274.0,normalDay
2019-02-01,216.0,205.0,0.0,100,270.06,275.0,0,0.0,0.0,,0.0,1,15.52,8.53,SPY190621C00274000,274.0,normalDay
2019-02-04,216.0,329.0,0.0,100,271.96,275.0,0,0.0,0.0,,0.0,1,15.52,9.19,SPY190621C00274000,274.0,normalDay
2019-02-05,216.0,393.0,0.0,100,273.1,275.0,0,0.0,0.0,,0.0,1,15.52,9.69,SPY190621C00274000,274.0,normalDay
2019-02-06,216.0,382.0,0.0,100,272.74,275.0,0,0.0,0.0,,0.0,1,15.52,9.44,SPY190621C00274000,274.0,normalDay
2019-02-07,216.0,247.0,0.0,100,270.14,275.0,0,0.0,0.0,,0.0,1,15.52,8.19,SPY190621C00274000,274.0,normalDay
2019-02-08,216.0,287.0,0.0,100,270.47,275.0,0,0.0,0.0,,0.0,1,15.52,8.12,SPY190621C00274000,274.0,normalDay
2019-02-11,216.0,302.0,0.0,100,270.62,275.0,0,0.0,0.0,,0.0,1,15.52,8.12,SPY190621C00274000,274.0,normalDay
2019-02-12,216.0,454.0,0.0,100,274.1,275.0,0,0.0,0.0,,0.0,1,15.52,10.08,SPY190621C00274000,274.0,normalDay
2019-02-13,216.0,502.0,0.0,100,274.99,275.0,0,0.0,0.0,,0.0,1,15.52,10.49,SPY190621C00274000,274.0,normalDay
2019-02-14,216.0,469.0,0.0,100,274.38,275.0,0,0.0,0.0,,0.0,1,15.52,10.21,SPY190621C00274000,274.0,normalDay
2019-02-15,216.0,601.0,0.0,100,277.37,275.0,0,0.0,0.0,,0.0,1,15.52,11.88,SPY190621C00274000,274.0,normalDay
2019-02-19,216.0,664.0,0.0,100,277.85,275.0,0,0.0,0.0,,0.0,1,15.52,11.73,SPY190621C00274000,274.0,normalDay
2019-02-20,216.0,696.0,0.0,100,278.41,275.0,0,0.0,0.0,,0.0,1,15.52,11.97,SPY190621C00274000,274.0,normalDay
2019-02-21,216.0,657.0,0.0,100,277.42,275.0,0,0.0,0.0,,0.0,1,15.52,11.37,SPY190621C00274000,274.0,normalDay
2019-02-22,216.0,747.0,0.0,100,279.14,275.0,0,0.0,0.0,,0.0,1,15.52,12.19,SPY190621C00274000,274.0,normalDay
2019-02-25,216.0,746.0,0.0,100,279.52,275.0,0,0.0,0.0,,0.0,1,15.52,12.58,SPY190621C00274000,274.0,normalDay
2019-02-26,216.0,743.0,0.0,100,279.32,275.0,0,0.0,0.0,,0.0,1,15.52,12.41,SPY190621C00274000,274.0,normalDay
2019-02-27,216.0,735.0,0.0,100,279.2,275.0,0,0.0,0.0,,0.0,1,15.52,12.37,SPY190621C00274000,274.0,normalDay
2019-02-28,216.0,736.0,0.0,100,278.68,275.0,0,0.0,0.0,,0.0,1,15.52,11.84,SPY190621C00274000,274.0,normalDay
2019-03-01,216.0,817.0,0.0,100,280.42,275.0,0,0.0,0.0,,0.0,1,15.52,12.77,SPY190621C00274000,274.0,normalDay
2019-03-04,216.0,792.0,0.0,100,279.4,275.0,0,0.0,0.0,,0.0,1,15.52,12.0,SPY190621C00274000,274.0,normalDay
2019-03-05,216.0,775.0,0.0,100,279.02,275.0,0,0.0,0.0,,0.0,1,15.52,11.79,SPY190621C00274000,274.0,normalDay
2019-03-06,216.0,701.0,0.0,100,277.33,275.0,0,0.0,0.0,,0.0,1,15.52,10.84,SPY190621C00274000,274.0,normalDay
2019-03-07,216.0,587.0,0.0,100,275.01,275.0,0,0.0,0.0,,0.0,1,15.52,9.66,SPY190621C00274000,274.0,normalDay
2019-03-08,216.0,577.0,0.0,100,274.46,275.0,0,0.0,0.0,,0.0,1,15.52,9.21,SPY190621C00274000,274.0,normalDay
2019-03-11,216.0,788.0,0.0,100,278.44,275.0,0,0.0,0.0,,0.0,1,15.52,11.08,SPY190621C00274000,274.0,normalDay
2019-03-12,216.0,853.0,0.0,100,279.49,275.0,0,0.0,0.0,,0.0,1,15.52,11.48,SPY190621C00274000,274.0,normalDay
2019-03-13,216.0,901.0,0.0,100,281.34,275.0,0,0.0,0.0,,0.0,1,15.52,12.85,SPY190621C00274000,274.0,normalDay
2019-03-14,216.0,922.0,0.0,100,281.16,275.0,0,0.0,0.0,,0.0,1,15.52,12.46,SPY190621C00274000,274.0,normalDay
2019-03-15,216.0,847.0,0.0,100,281.31,275.0,0,0.0,0.0,,0.0,1,15.52,13.36,SPY190621C00274000,274.0,normalDay
2019-03-18,216.0,850.0,0.0,100,282.33,275.0,0,0.0,0.0,,0.0,1,15.52,14.35,SPY190621C00274000,274.0,normalDay
2019-03-19,216.0,872.0,0.0,100,282.4,275.0,0,0.0,0.0,,0.0,1,15.52,14.2,SPY190621C00274000,274.0,normalDay
2019-03-20,216.0,848.0,0.0,100,281.55,275.0,0,0.0,0.0,,0.0,1,15.52,13.59,SPY190621C00274000,274.0,normalDay
2019-03-21,216.0,923.0,0.0,100,284.73,275.0,0,0.0,0.0,,0.0,1,15.52,16.02,SPY190621C00274000,274.0,normalDay
2019-03-22,216.0,660.0,0.0,100,279.25,275.0,0,0.0,0.0,,0.0,1,15.52,13.17,SPY190621C00274000,274.0,normalDay
2019-03-25,216.0,702.0,0.0,100,279.04,275.0,0,0.0,0.0,,0.0,1,15.52,12.54,SPY190621C00274000,274.0,normalDay
2019-03-26,216.0,823.0,0.0,100,281.12,275.0,0,0.0,0.0,,0.0,1,15.52,13.41,SPY190621C00274000,274.0,normalDay
2019-03-27,216.0,755.0,0.0,100,279.65,275.0,0,0.0,0.0,,0.0,1,15.52,12.62,SPY190621C00274000,274.0,normalDay
2019-03-28,216.0,808.0,0.0,100,280.71,275.0,0,0.0,0.0,,0.0,1,15.52,13.15,SPY190621C00274000,274.0,normalDay
2019-03-29,216.0,859.0,0.0,100,282.48,275.0,0,0.0,0.0,,0.0,1,15.52,14.41,SPY190621C00274000,274.0,normalDay
2019-04-01,216.0,992.0,0.0,100,285.83,275.0,0,0.0,0.0,,0.0,1,15.52,16.43,SPY190621C00274000,274.0,normalDay
2019-04-02,216.0,1011.0,0.0,100,285.97,275.0,0,0.0,0.0,,0.0,1,15.52,16.38,SPY190621C00274000,274.0,normalDay
2019-04-03,216.0,982.0,0.0,100,286.42,275.0,0,0.0,0.0,,0.0,1,15.52,17.12,SPY190621C00274000,274.0,normalDay
2019-04-04,216.0,1019.0,0.0,100,287.18,275.0,0,0.0,0.0,,0.0,1,15.52,17.51,SPY190621C00274000,274.0,normalDay
2019-04-05,216.0,1063.0,0.0,100,288.57,275.0,0,0.0,0.0,,0.0,1,15.52,18.46,SPY190621C00274000,274.0,normalDay
2019-04-08,216.0,1071.0,0.0,100,288.79,275.0,0,0.0,0.0,,0.0,1,15.52,18.6,SPY190621C00274000,274.0,normalDay
2019-04-09,216.0,1049.0,0.0,100,287.31,275.0,0,0.0,0.0,,0.0,1,15.52,17.34,SPY190621C00274000,274.0,normalDay
2019-04-10,216.0,1066.0,0.0,100,288.29,275.0,0,0.0,0.0,,0.0,1,15.52,18.15,SPY190621C00274000,274.0,normalDay
2019-04-11,216.0,1094.0,0.0,100,288.21,275.0,0,0.0,0.0,,0.0,1,15.52,17.79,SPY190621C00274000,274.0,normalDay
2019-04-12,216.0,1130.0,0.0,100,290.16,275.0,0,0.0,0.0,,0.0,1,15.52,19.38,SPY190621C00274000,274.0,normalDay
2019-04-15,216.0,1138.0,0.0,100,289.97,275.0,0,0.0,0.0,,0.0,1,15.52,19.11,SPY190621C00274000,274.0,normalDay
2019-04-16,216.0,1153.0,0.0,100,290.16,275.0,0,0.0,0.0,,0.0,1,15.52,19.15,SPY190621C00274000,274.0,normalDay
2019-04-17,216.0,1159.0,0.0,100,289.45,275.0,0,0.0,0.0,,0.0,1,15.52,18.38,SPY190621C00274000,274.0,normalDay
2019-04-18,216.0,1154.0,0.0,100,290.02,275.0,0,0.0,0.0,,0.0,1,15.52,19.0,SPY190621C00274000,274.0,normalDay
2019-04-22,216.0,1156.0,0.0,100,290.27,275.0,0,0.0,0.0,,0.0,1,15.52,19.23,SPY190621C00274000,274.0,normalDay
2019-04-23,216.0,1200.0,0.0,100,292.88,275.0,0,0.0,0.0,,0.0,1,15.52,21.4,SPY190621C00274000,274.0,normalDay
2019-04-24,216.0,1178.0,0.0,100,292.23,275.0,0,0.0,0.0,,0.0,1,15.52,20.97,SPY190621C00274000,274.0,normalDay
2019-04-25,216.0,1194.0,0.0,100,292.05,275.0,0,0.0,0.0,,0.0,1,15.52,20.63,SPY190621C00274000,274.0,normalDay
2019-04-26,216.0,1211.0,0.0,100,293.41,275.0,0,0.0,0.0,,0.0,1,15.52,21.82,SPY190621C00274000,274.0,normalDay
2019-04-29,216.0,1230.0,0.0,100,293.87,275.0,0,0.0,0.0,,0.0,1,15.52,22.09,SPY190621C00274000,274.0,normalDay
2019-04-30,216.0,1208.0,0.0,100,294.02,275.0,0,0.0,0.0,,0.0,1,15.52,22.46,SPY190621C00274000,274.0,normalDay
2019-05-01,216.0,1200.0,0.0,100,291.81,275.0,0,0.0,0.0,,0.0,1,15.52,20.33,SPY190621C00274000,274.0,normalDay
2019-05-02,216.0,1209.0,0.0,100,291.18,275.0,0,0.0,0.0,,0.0,1,15.52,19.61,SPY190621C00274000,274.0,normalDay
2019-05-03,216.0,1245.0,0.0,100,294.03,275.0,0,0.0,0.0,,0.0,1,15.52,22.1,SPY190621C00274000,274.0,normalDay
2019-05-06,216.0,1218.0,0.0,100,292.82,275.0,0,0.0,0.0,,0.0,1,15.52,21.16,SPY190621C00274000,274.0,normalDay
2019-05-07,216.0,1046.0,0.0,100,287.93,275.0,0,0.0,0.0,,0.0,1,15.52,17.99,SPY190621C00274000,274.0,normalDay
2019-05-08,216.0,1042.0,0.0,100,287.53,275.0,0,0.0,0.0,,0.0,1,15.52,17.63,SPY190621C00274000,274.0,normalDay
2019-05-09,216.0,1057.0,0.0,100,286.66,275.0,0,0.0,0.0,,0.0,1,15.52,16.61,SPY190621C00274000,274.0,normalDay
2019-05-10,216.0,1180.0,0.0,100,288.1,275.0,0,0.0,0.0,,0.0,1,15.52,16.82,SPY190621C00274000,274.0,normalDay
2019-05-13,216.0,980.0,0.0,100,280.86,275.0,0,0.0,0.0,,0.0,1,15.52,11.58,SPY190621C00274000,274.0,normalDay
2019-05-14,216.0,1088.0,0.0,100,283.4,275.0,0,0.0,0.0,,0.0,1,15.52,13.04,SPY190621C00274000,274.0,normalDay
2019-05-15,216.0,1151.0,0.0,100,285.06,275.0,0,0.0,0.0,,0.0,1,15.52,14.07,SPY190621C00274000,274.0,normalDay
2019-05-16,216.0,1230.0,0.0,100,287.7,275.0,0,0.0,0.0,,0.0,1,15.52,15.92,SPY190621C00274000,274.0,normalDay
2019-05-17,216.0,1188.0,0.0,100,285.84,275.0,0,0.0,0.0,,0.0,1,15.52,14.48,SPY190621C00274000,274.0,normalDay
2019-05-20,216.0,1164.0,0.0,100,283.95,275.0,0,0.0,0.0,,0.0,1,15.52,12.83,SPY190621C00274000,274.0,normalDay
2019-05-21,216.0,1252.0,0.0,100,286.51,275.0,0,0.0,0.0,,0.0,1,15.52,14.51,SPY190621C00274000,274.0,normalDay
2019-05-22,216.0,1256.0,0.0,100,285.63,275.0,0,0.0,0.0,,0.0,1,15.52,13.59,SPY190621C00274000,274.0,normalDay
2019-05-23,216.0,1183.0,0.0,100,282.14,275.0,0,0.0,0.0,,0.0,1,15.52,10.83,SPY190621C00274000,274.0,normalDay
2019-05-24,216.0,1195.0,0.0,100,282.78,275.0,0,0.0,0.0,,0.0,1,15.52,11.35,SPY190621C00274000,274.0,normalDay
2019-05-28,216.0,1137.0,0.0,100,280.15,275.0,0,0.0,0.0,,0.0,1,15.52,9.3,SPY190621C00274000,274.0,normalDay
2019-05-29,216.0,1114.0,0.0,100,278.27,275.0,0,0.0,0.0,,0.0,1,15.52,7.65,SPY190621C00274000,274.0,normalDay
2019-05-30,216.0,1169.0,0.0,100,279.03,275.0,0,0.0,0.0,,0.0,1,15.52,7.86,SPY190621C00274000,274.0,normalDay
2019-05-31,216.0,1032.0,0.0,100,275.27,275.0,0,0.0,0.0,,0.0,1,15.52,5.47,SPY190621C00274000,274.0,normalDay
2019-06-03,216.0,1019.0,0.0,100,274.57,275.0,0,0.0,0.0,,0.0,1,15.52,4.9,SPY190621C00274000,274.0,normalDay
2019-06-04,216.0,1257.0,0.0,100,280.53,275.0,0,0.0,0.0,,0.0,1,15.52,8.48,SPY190621C00274000,274.0,normalDay
2019-06-05,216.0,1331.0,0.0,100,282.96,275.0,0,0.0,0.0,,0.0,1,15.52,10.17,SPY190621C00274000,274.0,normalDay
2019-06-06,216.0,1367.0,0.0,100,284.8,275.0,0,0.0,0.0,,0.0,1,15.52,11.65,SPY190621C00274000,274.0,normalDay
2019-06-07,216.0,1387.0,0.0,100,287.65,275.0,0,0.0,0.0,,0.0,1,15.52,14.3,SPY190621C00274000,274.0,normalDay
2019-06-10,216.0,1398.0,0.0,100,288.97,275.0,0,0.0,0.0,,0.0,1,15.52,15.51,SPY190621C00274000,274.0,normalDay
2019-06-11,216.0,1414.0,0.0,100,288.9,275.0,0,0.0,0.0,,0.0,1,15.52,15.28,SPY190621C00274000,274.0,normalDay
2019-06-12,216.0,1410.0,0.0,100,288.39,275.0,0,0.0,0.0,,0.0,1,15.52,14.81,SPY190621C00274000,274.0,normalDay
2019-06-13,216.0,1416.0,0.0,100,289.58,275.0,0,0.0,0.0,,0.0,1,15.52,15.94,SPY190621C00274000,274.0,normalDay
2019-06-14,216.0,1405.0,0.0,100,289.26,275.0,0,0.0,0.0,,0.0,1,15.52,15.73,SPY190621C00274000,274.0,normalDay
2019-06-17,216.0,1417.0,0.0,100,289.37,275.0,0,0.0,0.0,,0.0,1,15.52,15.72,SPY190621C00274000,274.0,normalDay
2019-06-18,216.0,1431.0,0.0,100,292.4,275.0,0,0.0,0.0,,0.0,1,15.52,18.61,SPY190621C00274000,274.0,normalDay
2019-06-19,216.0,1420.0,0.0,100,293.06,275.0,0,0.0,0.0,,0.0,1,15.52,19.38,SPY190621C00274000,274.0,normalDay
2019-06-20,216.0,1443.0,0.0,100,295.86,275.0,0,0.0,0.0,,0.0,1,15.52,21.95,SPY190621C00274000,274.0,normalDay
2019-06-21,1668.0,1443.0,1452.0,0,294.0,0.0,0,0.0,0.0,,0.0,1,15.52,0.0,SPY190621C00274000,274.0,expirationDay
2019-06-24,1668.0,-3.0,0.0,0,293.64,0.0,1,0.01,0.04,SPY190626P00286500,286.5,0,0.0,0.0,,0.0,normalDay
2019-06-25,1668.0,-6.0,0.0,0,290.76,0.0,1,0.01,0.07,SPY190626P00286500,286.5,0,0.0,0.0,,0.0,normalDay
2019-06-26,1669.0,0.0,1.0,0,290.47,0.0,1,0.01,0.0,SPY190626P00286500,286.5,0,0.0,0.0,,0.0,expirationDay
2019-06-27,1669.0,-3.0,0.0,0,291.5,0.0,1,0.07,0.1,SPY190628P00288000,288.0,0,0.0,0.0,,0.0,normalDay
2019-06-28,1676.0,0.0,7.0,0,293.0,0.0,1,0.07,0.0,SPY190628P00288000,288.0,0,0.0,0.0,,0.0,expirationDay
2019-07-01,1676.0,-3.0,0.0,0,295.66,0.0,1,0.02,0.05,SPY190703P00290000,290.0,0,0.0,0.0,,0.0,normalDay
2019-07-02,1676.0,0.0,0.0,0,296.43,0.0,1,0.02,0.02,SPY190703P00290000,290.0,0,0.0,0.0,,0.0,normalDay
2019-07-03,1678.0,0.0,2.0,0,298.8,0.0,1,0.02,0.0,SPY190703P00290000,290.0,0,0.0,0.0,,0.0,expirationDay
2019-07-05,1678.0,0.0,0.0,0,298.46,0.0,0,0.0,0.0,,0.0,0,0.0,0.0,,0.0,bidTooLow
2019-07-08,1678.0,-3.0,0.0,0,296.82,0.0,1,0.07,0.1,SPY190710P00293000,293.0,0,0.0,0.0,,0.0,normalDay
2019-07-09,1678.0,2.0,0.0,0,297.19,0.0,1,0.07,0.05,SPY190710P00293000,293.0,0,0.0,0.0,,0.0,normalDay
2019-07-10,1685.0,0.0,7.0,0,298.61,0.0,1,0.07,0.0,SPY190710P00293000,293.0,0,0.0,0.0,,0.0,expirationDay
2019-07-11,1685.0,-3.0,0.0,0,299.31,0.0,1,0.01,0.04,SPY190712P00294000,294.0,0,0.0,0.0,,0.0,normalDay
2019-07-12,1686.0,0.0,1.0,0,300.65,0.0,1,0.01,0.0,SPY190712P00294000,294.0,0,0.0,0.0,,0.0,expirationDay
2019-07-15,1686.0,-3.0,0.0,0,300.75,0.0,1,0.03,0.06,SPY190717P00295500,295.5,0,0.0,0.0,,0.0,normalDay
2019-07-16,1686.0,0.0,0.0,0,299.78,0.0,1,0.03,0.03,SPY190717P00295500,295.5,0,0.0,0.0,,0.0,normalDay
2019-07-17,1689.0,0.0,3.0,0,297.74,0.0,1,0.03,0.0,SPY190717P00295500,295.5,0,0.0,0.0,,0.0,expirationDay
2019-07-18,1689.0,-3.0,0.0,0,298.83,0.0,1,0.09,0.12,SPY190719P00296000,296.0,0,0.0,0.0,,0.0,normalDay
2019-07-19,1698.0,0.0,9.0,0,297.17,0.0,1,0.09,0.0,SPY190719P00296000,296.0,0,0.0,0.0,,0.0,expirationDay
2019-07-22,1698.0,-3.0,0.0,0,297.9,0.0,1,0.4,0.43,SPY190724P00296500,296.5,0,0.0,0.0,,0.0,normalDay
2019-07-23,1698.0,36.0,0.0,0,300.03,0.0,1,0.4,0.04,SPY190724P00296500,296.5,0,0.0,0.0,,0.0,normalDay
2019-07-24,1738.0,0.0,40.0,0,301.44,0.0,1,0.4,0.0,SPY190724P00296500,296.5,0,0.0,0.0,,0.0,expirationDay
2019-07-25,1738.0,-3.0,0.0,0,300.0,0.0,1,0.16,0.19,SPY190726P00298000,298.0,0,0.0,0.0,,0.0,normalDay
2019-07-26,1754.0,0.0,16.0,0,302.01,0.0,1,0.16,0.0,SPY190726P00298000,298.0,0,0.0,0.0,,0.0,expirationDay
2019-07-29,1754.0,-3.0,0.0,0,301.46,0.0,1,0.4,0.43,SPY190731P00299000,299.0,0,0.0,0.0,,0.0,normalDay
2019-07-30,1754.0,-22.0,0.0,0,300.72,0.0,1,0.4,0.62,SPY190731P00299000,299.0,0,0.0,0.0,,0.0,normalDay
2019-07-31,1794.0,-157.0,40.0,100,297.43,299.0,1,0.4,0.0,SPY190731P00299000,299.0,0,0.0,0.0,,0.0,expirationDay
2019-08-01,1794.0,-438.0,0.0,100,294.84,299.0,0,0.0,0.0,,0.0,1,9.96,10.18,SPY200117C00299000,299.0,normalDay
2019-08-02,1794.0,-528.0,0.0,100,292.62,299.0,0,0.0,0.0,,0.0,1,9.96,8.86,SPY200117C00299000,299.0,normalDay
2019-08-05,1794.0,-1092.0,0.0,100,283.82,299.0,0,0.0,0.0,,0.0,1,9.96,5.7,SPY200117C00299000,299.0,normalDay
2019-08-06,1794.0,-797.0,0.0,100,287.8,299.0,0,0.0,0.0,,0.0,1,9.96,6.73,SPY200117C00299000,299.0,normalDay
2019-08-07,1794.0,-779.0,0.0,100,287.97,299.0,0,0.0,0.0,,0.0,1,9.96,6.72,SPY200117C00299000,299.0,normalDay
2019-08-08,1794.0,-420.0,0.0,100,293.62,299.0,0,0.0,0.0,,0.0,1,9.96,8.78,SPY200117C00299000,299.0,normalDay
2019-08-09,1794.0,-553.0,0.0,100,291.62,299.0,0,0.0,0.0,,0.0,1,9.96,8.11,SPY200117C00299000,299.0,normalDay
2019-08-12,1794.0,-783.0,0.0,100,288.07,299.0,0,0.0,0.0,,0.0,1,9.96,6.86,SPY200117C00299000,299.0,normalDay
2019-08-13,1794.0,-495.0,0.0,100,292.55,299.0,0,0.0,0.0,,0.0,1,9.96,8.46,SPY200117C00299000,299.0,normalDay
2019-08-14,1794.0,-1088.0,0.0,100,283.9,299.0,0,0.0,0.0,,0.0,1,9.96,5.74,SPY200117C00299000,299.0,normalDay
2019-08-15,1794.0,-1025.0,0.0,100,284.65,299.0,0,0.0,0.0,,0.0,1,9.96,5.86,SPY200117C00299000,299.0,normalDay
2019-08-16,1794.0,-725.0,0.0,100,288.85,299.0,0,0.0,0.0,,0.0,1,9.96,7.06,SPY200117C00299000,299.0,normalDay
2019-08-19,1794.0,-474.0,0.0,100,292.33,299.0,0,0.0,0.0,,0.0,1,9.96,8.03,SPY200117C00299000,299.0,normalDay
2019-08-20,1794.0,-599.0,0.0,100,290.09,299.0,0,0.0,0.0,,0.0,1,9.96,7.04,SPY200117C00299000,299.0,normalDay
2019-08-21,1794.0,-457.0,0.0,100,292.45,299.0,0,0.0,0.0,,0.0,1,9.96,7.98,SPY200117C00299000,299.0,normalDay
2019-08-22,1794.0,-453.0,0.0,100,292.36,299.0,0,0.0,0.0,,0.0,1,9.96,7.85,SPY200117C00299000,299.0,normalDay
2019-08-23,1794.0,-988.0,0.0,100,284.85,299.0,0,0.0,0.0,,0.0,1,9.96,5.69,SPY200117C00299000,299.0,normalDay
2019-08-26,1794.0,-752.0,0.0,100,288.0,299.0,0,0.0,0.0,,0.0,1,9.96,6.48,SPY200117C00299000,299.0,normalDay
2019-08-27,1794.0,-823.0,0.0,100,286.87,299.0,0,0.0,0.0,,0.0,1,9.96,6.06,SPY200117C00299000,299.0,normalDay
2019-08-28,1794.0,-694.0,0.0,100,288.89,299.0,0,0.0,0.0,,0.0,1,9.96,6.79,SPY200117C00299000,299.0,normalDay
2019-08-29,1794.0,-451.0,0.0,100,292.58,299.0,0,0.0,0.0,,0.0,1,9.96,8.05,SPY200117C00299000,299.0,normalDay
2019-08-30,1794.0,-470.0,0.0,100,292.45,299.0,0,0.0,0.0,,0.0,1,9.96,8.11,SPY200117C00299000,299.0,normalDay
2019-09-03,1794.0,-558.0,0.0,100,290.74,299.0,0,0.0,0.0,,0.0,1,9.96,7.28,SPY200117C00299000,299.0,normalDay
2019-09-04,1794.0,-340.0,0.0,100,294.04,299.0,0,0.0,0.0,,0.0,1,9.96,8.4,SPY200117C00299000,299.0,normalDay
2019-09-05,1794.0,-115.0,0.0,100,297.82,299.0,0,0.0,0.0,,0.0,1,9.96,9.93,SPY200117C00299000,299.0,normalDay
2019-09-06,1794.0,-102.0,0.0,100,298.05,299.0,0,0.0,0.0,,0.0,1,9.96,10.03,SPY200117C00299000,299.0,normalDay
2019-09-09,1794.0,-67.0,0.0,100,298.2,299.0,0,0.0,0.0,,0.0,1,9.96,9.83,SPY200117C00299000,299.0,normalDay
2019-09-10,1794.0,-67.0,0.0,100,298.13,299.0,0,0.0,0.0,,0.0,1,9.96,9.76,SPY200117C00299000,299.0,normalDay
2019-09-11,1794.0,17.0,0.0,100,300.25,299.0,0,0.0,0.0,,0.0,1,9.96,11.04,SPY200117C00299000,299.0,normalDay
2019-09-12,1794.0,69.0,0.0,100,301.29,299.0,0,0.0,0.0,,0.0,1,9.96,11.56,SPY200117C00299000,299.0,normalDay
2019-09-13,1794.0,78.0,0.0,100,301.09,299.0,0,0.0,0.0,,0.0,1,9.96,11.27,SPY200117C00299000,299.0,normalDay
2019-09-16,1794.0,20.0,0.0,100,300.16,299.0,0,0.0,0.0,,0.0,1,9.96,10.92,SPY200117C00299000,299.0,normalDay
2019-09-17,1794.0,53.0,0.0,100,300.92,299.0,0,0.0,0.0,,0.0,1,9.96,11.35,SPY200117C00299000,299.0,normalDay
2019-09-18,1794.0,67.0,0.0,100,301.1,299.0,0,0.0,0.0,,0.0,1,9.96,11.39,SPY200117C00299000,299.0,normalDay
2019-09-19,1794.0,96.0,0.0,100,301.08,299.0,0,0.0,0.0,,0.0,1,9.96,11.08,SPY200117C00299000,299.0,normalDay
2019-09-20,1794.0,-122.0,0.0,100,298.28,299.0,0,0.0,0.0,,0.0,1,9.96,10.46,SPY200117C00299000,299.0,normalDay
2019-09-23,1794.0,-113.0,0.0,100,298.21,299.0,0,0.0,0.0,,0.0,1,9.96,10.3,SPY200117C00299000,299.0,normalDay
2019-09-24,1794.0,-255.0,0.0,100,295.87,299.0,0,0.0,0.0,,0.0,1,9.96,9.38,SPY200117C00299000,299.0,normalDay
2019-09-25,1794.0,-131.0,0.0,100,297.62,299.0,0,0.0,0.0,,0.0,1,9.96,9.89,SPY200117C00299000,299.0,normalDay
2019-09-26,1794.0,-164.0,0.0,100,297.0,299.0,0,0.0,0.0,,0.0,1,9.96,9.6,SPY200117C00299000,299.0,normalDay
2019-09-27,1794.0,-248.0,0.0,100,295.4,299.0,0,0.0,0.0,,0.0,1,9.96,8.84,SPY200117C00299000,299.0,normalDay
2019-09-30,1794.0,-161.0,0.0,100,296.77,299.0,0,0.0,0.0,,0.0,1,9.96,9.34,SPY200117C00299000,299.0,normalDay
2019-10-01,1794.0,-335.0,0.0,100,293.24,299.0,0,0.0,0.0,,0.0,1,9.96,7.55,SPY200117C00299000,299.0,normalDay
2019-10-02,1794.0,-635.0,0.0,100,288.06,299.0,0,0.0,0.0,,0.0,1,9.96,5.37,SPY200117C00299000,299.0,normalDay
2019-10-03,1794.0,-482.0,0.0,100,290.42,299.0,0,0.0,0.0,,0.0,1,9.96,6.2,SPY200117C00299000,299.0,normalDay
2019-10-04,1794.0,-222.0,0.0,100,294.35,299.0,0,0.0,0.0,,0.0,1,9.96,7.53,SPY200117C00299000,299.0,normalDay
2019-10-07,1794.0,-272.0,0.0,100,293.08,299.0,0,0.0,0.0,,0.0,1,9.96,6.76,SPY200117C00299000,299.0,normalDay
2019-10-08,1794.0,-573.0,0.0,100,288.53,299.0,0,0.0,0.0,,0.0,1,9.96,5.22,SPY200117C00299000,299.0,normalDay
2019-10-09,1794.0,-373.0,0.0,100,291.27,299.0,0,0.0,0.0,,0.0,1,9.96,5.96,SPY200117C00299000,299.0,normalDay
2019-10-10,1794.0,-261.0,0.0,100,293.24,299.0,0,0.0,0.0,,0.0,1,9.96,6.81,SPY200117C00299000,299.0,normalDay
2019-10-11,1794.0,-68.0,0.0,100,296.28,299.0,0,0.0,0.0,,0.0,1,9.96,7.92,SPY200117C00299000,299.0,normalDay
2019-10-14,1794.0,-25.0,0.0,100,295.95,299.0,0,0.0,0.0,,0.0,1,9.96,7.16,SPY200117C00299000,299.0,normalDay
2019-10-15,1794.0,127.0,0.0,100,298.88,299.0,0,0.0,0.0,,0.0,1,9.96,8.57,SPY200117C00299000,299.0,normalDay
2019-10-16,1794.0,118.0,0.0,100,298.4,299.0,0,0.0,0.0,,0.0,1,9.96,8.18,SPY200117C00299000,299.0,normalDay
2019-10-17,1794.0,172.0,0.0,100,299.28,299.0,0,0.0,0.0,,0.0,1,9.96,8.52,SPY200117C00299000,299.0,normalDay
2019-10-18,1794.0,100.0,0.0,100,297.97,299.0,0,0.0,0.0,,0.0,1,9.96,7.93,SPY200117C00299000,299.0,normalDay
2019-10-21,1794.0,223.0,0.0,100,299.99,299.0,0,0.0,0.0,,0.0,1,9.96,8.72,SPY200117C00299000,299.0,normalDay
2019-10-22,1794.0,190.0,0.0,100,299.01,299.0,0,0.0,0.0,,0.0,1,9.96,8.07,SPY200117C00299000,299.0,normalDay
2019-10-23,1794.0,227.0,0.0,100,299.88,299.0,0,0.0,0.0,,0.0,1,9.96,8.57,SPY200117C00299000,299.0,normalDay
2019-10-24,1794.0,282.0,0.0,100,300.37,299.0,0,0.0,0.0,,0.0,1,9.96,8.51,SPY200117C00299000,299.0,normalDay
2019-10-25,1794.0,347.0,0.0,100,301.6,299.0,0,0.0,0.0,,0.0,1,9.96,9.09,SPY200117C00299000,299.0,normalDay
2019-10-28,1794.0,408.0,0.0,100,303.3,299.0,0,0.0,0.0,,0.0,1,9.96,10.18,SPY200117C00299000,299.0,normalDay
2019-10-29,1794.0,409.0,0.0,100,303.21,299.0,0,0.0,0.0,,0.0,1,9.96,10.08,SPY200117C00299000,299.0,normalDay
2019-10-30,1794.0,436.0,0.0,100,304.14,299.0,0,0.0,0.0,,0.0,1,9.96,10.74,SPY200117C00299000,299.0,normalDay
2019-10-31,1794.0,427.0,0.0,100,303.33,299.0,0,0.0,0.0,,0.0,1,9.96,10.02,SPY200117C00299000,299.0,normalDay
2019-11-01,1794.0,534.0,0.0,100,306.14,299.0,0,0.0,0.0,,0.0,1,9.96,11.76,SPY200117C00299000,299.0,normalDay
2019-11-04,1794.0,572.0,0.0,100,307.37,299.0,0,0.0,0.0,,0.0,1,9.96,12.61,SPY200117C00299000,299.0,normalDay
2019-11-05,1794.0,556.0,0.0,100,307.03,299.0,0,0.0,0.0,,0.0,1,9.96,12.43,SPY200117C00299000,299.0,normalDay
2019-11-06,1794.0,551.0,0.0,100,307.1,299.0,0,0.0,0.0,,0.0,1,9.96,12.55,SPY200117C00299000,299.0,normalDay
2019-11-07,1794.0,587.0,0.0,100,308.18,299.0,0,0.0,0.0,,0.0,1,9.96,13.27,SPY200117C00299000,299.0,normalDay
2019-11-08,1794.0,619.0,0.0,100,308.94,299.0,0,0.0,0.0,,0.0,1,9.96,13.71,SPY200117C00299000,299.0,normalDay
2019-11-11,1794.0,606.0,0.0,100,308.35,299.0,0,0.0,0.0,,0.0,1,9.96,13.25,SPY200117C00299000,299.0,normalDay
2019-11-12,1794.0,656.0,0.0,100,309.0,299.0,0,0.0,0.0,,0.0,1,9.96,13.4,SPY200117C00299000,299.0,normalDay
2019-11-13,1794.0,640.0,0.0,100,309.1,299.0,0,0.0,0.0,,0.0,1,9.96,13.66,SPY200117C00299000,299.0,normalDay
2019-11-14,1794.0,657.0,0.0,100,309.55,299.0,0,0.0,0.0,,0.0,1,9.96,13.94,SPY200117C00299000,299.0,normalDay
2019-11-15,1794.0,734.0,0.0,100,311.79,299.0,0,0.0,0.0,,0.0,1,9.96,15.41,SPY200117C00299000,299.0,normalDay
2019-11-18,1794.0,742.0,0.0,100,312.02,299.0,0,0.0,0.0,,0.0,1,9.96,15.56,SPY200117C00299000,299.0,normalDay
2019-11-19,1794.0,749.0,0.0,100,311.93,299.0,0,0.0,0.0,,0.0,1,9.96,15.4,SPY200117C00299000,299.0,normalDay
2019-11-20,1794.0,725.0,0.0,100,310.77,299.0,0,0.0,0.0,,0.0,1,9.96,14.48,SPY200117C00299000,299.0,normalDay
2019-11-21,1794.0,704.0,0.0,100,310.27,299.0,0,0.0,0.0,,0.0,1,9.96,14.19,SPY200117C00299000,299.0,normalDay
2019-11-22,1794.0,732.0,0.0,100,310.96,299.0,0,0.0,0.0,,0.0,1,9.96,14.6,SPY200117C00299000,299.0,normalDay
2019-11-25,1794.0,821.0,0.0,100,313.37,299.0,0,0.0,0.0,,0.0,1,9.96,16.12,SPY200117C00299000,299.0,normalDay
2019-11-26,1794.0,818.0,0.0,100,314.08,299.0,0,0.0,0.0,,0.0,1,9.96,16.86,SPY200117C00299000,299.0,normalDay
2019-11-27,1794.0,845.0,0.0,100,315.48,299.0,0,0.0,0.0,,0.0,1,9.96,17.99,SPY200117C00299000,299.0,normalDay
2019-11-29,1794.0,802.0,0.0,100,314.31,299.0,0,0.0,0.0,,0.0,1,9.96,17.25,SPY200117C00299000,299.0,normalDay
2019-12-02,1794.0,765.0,0.0,100,311.64,299.0,0,0.0,0.0,,0.0,1,9.96,14.95,SPY200117C00299000,299.0,normalDay
2019-12-03,1794.0,712.0,0.0,100,309.55,299.0,0,0.0,0.0,,0.0,1,9.96,13.39,SPY200117C00299000,299.0,normalDay
2019-12-04,1794.0,795.0,0.0,100,311.46,299.0,0,0.0,0.0,,0.0,1,9.96,14.47,SPY200117C00299000,299.0,normalDay
2019-12-05,1794.0,796.0,0.0,100,312.02,299.0,0,0.0,0.0,,0.0,1,9.96,15.02,SPY200117C00299000,299.0,normalDay
2019-12-06,1794.0,862.0,0.0,100,314.87,299.0,0,0.0,0.0,,0.0,1,9.96,17.21,SPY200117C00299000,299.0,normalDay
2019-12-09,1794.0,846.0,0.0,100,313.88,299.0,0,0.0,0.0,,0.0,1,9.96,16.38,SPY200117C00299000,299.0,normalDay
2019-12-10,1794.0,813.0,0.0,100,313.53,299.0,0,0.0,0.0,,0.0,1,9.96,16.36,SPY200117C00299000,299.0,normalDay
2019-12-11,1794.0,845.0,0.0,100,314.42,299.0,0,0.0,0.0,,0.0,1,9.96,16.93,SPY200117C00299000,299.0,normalDay
2019-12-12,1794.0,920.0,0.0,100,317.13,299.0,0,0.0,0.0,,0.0,1,9.96,18.89,SPY200117C00299000,299.0,normalDay
2019-12-13,1794.0,934.0,0.0,100,317.32,299.0,0,0.0,0.0,,0.0,1,9.96,18.94,SPY200117C00299000,299.0,normalDay
2019-12-16,1794.0,940.0,0.0,100,319.5,299.0,0,0.0,0.0,,0.0,1,9.96,21.06,SPY200117C00299000,299.0,normalDay
2019-12-17,1794.0,974.0,0.0,100,319.57,299.0,0,0.0,0.0,,0.0,1,9.96,20.79,SPY200117C00299000,299.0,normalDay
2019-12-18,1794.0,971.0,0.0,100,319.59,299.0,0,0.0,0.0,,0.0,1,9.96,20.84,SPY200117C00299000,299.0,normalDay
2019-12-19,1794.0,979.0,0.0,100,320.9,299.0,0,0.0,0.0,,0.0,1,9.96,22.07,SPY200117C00299000,299.0,normalDay
2019-12-20,1794.0,834.0,0.0,100,320.73,299.0,0,0.0,0.0,,0.0,1,9.96,23.35,SPY200117C00299000,299.0,normalDay
2019-12-23,1794.0,885.0,0.0,100,321.22,299.0,0,0.0,0.0,,0.0,1,9.96,23.33,SPY200117C00299000,299.0,normalDay
2019-12-24,1794.0,880.0,0.0,100,321.23,299.0,0,0.0,0.0,,0.0,1,9.96,23.39,SPY200117C00299000,299.0,normalDay
2019-12-26,1794.0,902.0,0.0,100,322.94,299.0,0,0.0,0.0,,0.0,1,9.96,24.88,SPY200117C00299000,299.0,normalDay
2019-12-27,1794.0,928.0,0.0,100,322.86,299.0,0,0.0,0.0,,0.0,1,9.96,24.54,SPY200117C00299000,299.0,normalDay
2019-12-30,1794.0,898.0,0.0,100,321.08,299.0,0,0.0,0.0,,0.0,1,9.96,23.06,SPY200117C00299000,299.0,normalDay
2019-12-31,1794.0,889.0,0.0,100,321.86,299.0,0,0.0,0.0,,0.0,1,9.96,23.93,SPY200117C00299000,299.0,normalDay
2020-01-02,1794.0,949.0,0.0,100,324.87,299.0,0,0.0,0.0,,0.0,1,9.96,26.34,SPY200117C00299000,299.0,normalDay
2020-01-03,1794.0,921.0,0.0,100,322.41,299.0,0,0.0,0.0,,0.0,1,9.96,24.16,SPY200117C00299000,299.0,normalDay
2020-01-06,1794.0,941.0,0.0,100,323.64,299.0,0,0.0,0.0,,0.0,1,9.96,25.19,SPY200117C00299000,299.0,normalDay
2020-01-07,1794.0,975.0,0.0,100,322.73,299.0,0,0.0,0.0,,0.0,1,9.96,23.94,SPY200117C00299000,299.0,normalDay
2020-01-08,1794.0,934.0,0.0,100,324.45,299.0,0,0.0,0.0,,0.0,1,9.96,26.07,SPY200117C00299000,299.0,normalDay
2020-01-09,1794.0,967.0,0.0,100,326.65,299.0,0,0.0,0.0,,0.0,1,9.96,27.94,SPY200117C00299000,299.0,normalDay
2020-01-10,1794.0,985.0,0.0,100,325.71,299.0,0,0.0,0.0,,0.0,1,9.96,26.82,SPY200117C00299000,299.0,normalDay
2020-01-13,1794.0,972.0,0.0,100,327.95,299.0,0,0.0,0.0,,0.0,1,9.96,29.19,SPY200117C00299000,299.0,normalDay
2020-01-14,1794.0,952.0,0.0,100,327.45,299.0,0,0.0,0.0,,0.0,1,9.96,28.89,SPY200117C00299000,299.0,normalDay
2020-01-15,1794.0,972.0,0.0,100,328.19,299.0,0,0.0,0.0,,0.0,1,9.96,29.43,SPY200117C00299000,299.0,normalDay
2020-01-16,1794.0,1000.0,0.0,100,330.92,299.0,0,0.0,0.0,,0.0,1,9.96,31.88,SPY200117C00299000,299.0,normalDay
2020-01-17,2790.0,1000.0,996.0,0,331.95,0.0,0,0.0,0.0,,0.0,1,9.96,0.0,SPY200117C00299000,299.0,expirationDay
2020-01-21,2790.0,-3.0,0.0,0,331.3,0.0,1,0.11,0.14,SPY200124P00325000,325.0,0,0.0,0.0,,0.0,normalDay
2020-01-22,2790.0,4.0,0.0,0,331.34,0.0,1,0.11,0.07,SPY200124P00325000,325.0,0,0.0,0.0,,0.0,normalDay
2020-01-23,2790.0,7.0,0.0,0,331.72,0.0,1,0.11,0.04,SPY200124P00325000,325.0,0,0.0,0.0,,0.0,normalDay
2020-01-24,2801.0,0.0,11.0,0,328.77,0.0,1,0.11,0.0,SPY200124P00325000,325.0,0,0.0,0.0,,0.0,expirationDay
2020-01-27,2801.0,-6.0,0.0,0,323.5,0.0,1,3.46,3.52,SPY200129P00326000,326.0,0,0.0,0.0,,0.0,normalDay
2020-01-28,2801.0,259.0,0.0,0,326.89,0.0,1,3.46,0.87,SPY200129P00326000,326.0,0,0.0,0.0,,0.0,normalDay
2020-01-29,3147.0,0.0,346.0,0,326.62,0.0,1,3.46,0.0,SPY200129P00326000,326.0,0,0.0,0.0,,0.0,expirationDay
2020-01-30,3147.0,-3.0,0.0,0,327.68,0.0,1,0.43,0.46,SPY200131P00327000,327.0,0,0.0,0.0,,0.0,normalDay
2020-01-31,3190.0,-527.0,43.0,100,321.73,327.0,1,0.43,0.0,SPY200131P00327000,327.0,0,0.0,0.0,,0.0,expirationDay
2020-02-03,3190.0,-305.0,0.0,100,324.12,327.0,0,0.0,0.0,,0.0,1,13.57,13.74,SPY200918C00327000,327.0,normalDay
2020-02-04,3190.0,-74.0,0.0,100,329.06,327.0,0,0.0,0.0,,0.0,1,13.57,16.37,SPY200918C00327000,327.0,normalDay
2020-02-05,3190.0,75.0,0.0,100,332.86,327.0,0,0.0,0.0,,0.0,1,13.57,18.68,SPY200918C00327000,327.0,normalDay
2020-02-06,3190.0,148.0,0.0,100,333.98,327.0,0,0.0,0.0,,0.0,1,13.57,19.07,SPY200918C00327000,327.0,normalDay
2020-02-07,3190.0,57.0,0.0,100,332.2,327.0,0,0.0,0.0,,0.0,1,13.57,18.2,SPY200918C00327000,327.0,normalDay
2020-02-10,3190.0,143.0,0.0,100,334.68,327.0,0,0.0,0.0,,0.0,1,13.57,19.82,SPY200918C00327000,327.0,normalDay
2020-02-11,3190.0,168.0,0.0,100,335.26,327.0,0,0.0,0.0,,0.0,1,13.57,20.15,SPY200918C00327000,327.0,normalDay
2020-02-12,3190.0,254.0,0.0,100,337.42,327.0,0,0.0,0.0,,0.0,1,13.57,21.45,SPY200918C00327000,327.0,normalDay
2020-02-13,3190.0,227.0,0.0,100,337.06,327.0,0,0.0,0.0,,0.0,1,13.57,21.36,SPY200918C00327000,327.0,normalDay
2020-02-14,3190.0,256.0,0.0,100,337.6,327.0,0,0.0,0.0,,0.0,1,13.57,21.61,SPY200918C00327000,327.0,normalDay
2020-02-18,3190.0,232.0,0.0,100,336.73,327.0,0,0.0,0.0,,0.0,1,13.57,20.98,SPY200918C00327000,327.0,normalDay
2020-02-19,3190.0,272.0,0.0,100,338.34,327.0,0,0.0,0.0,,0.0,1,13.57,22.19,SPY200918C00327000,327.0,normalDay
2020-02-20,3190.0,226.0,0.0,100,336.95,327.0,0,0.0,0.0,,0.0,1,13.57,21.26,SPY200918C00327000,327.0,normalDay
2020-02-21,3190.0,60.0,0.0,100,333.48,327.0,0,0.0,0.0,,0.0,1,13.57,19.45,SPY200918C00327000,327.0,normalDay
2020-02-24,3190.0,-464.0,0.0,100,322.42,327.0,0,0.0,0.0,,0.0,1,13.57,13.63,SPY200918C00327000,327.0,normalDay
2020-02-25,3190.0,-1063.0,0.0,100,312.65,327.0,0,0.0,0.0,,0.0,1,13.57,9.85,SPY200918C00327000,327.0,normalDay
2020-02-26,3190.0,-1064.0,0.0,100,311.5,327.0,0,0.0,0.0,,0.0,1,13.57,8.71,SPY200918C00327000,327.0,normalDay
2020-02-27,3190.0,-2227.0,0.0,100,297.51,327.0,0,0.0,0.0,,0.0,1,13.57,6.35,SPY200918C00327000,327.0,normalDay
2020-02-28,3190.0,-2350.0,0.0,100,296.26,327.0,0,0.0,0.0,,0.0,1,13.57,6.33,SPY200918C00327000,327.0,normalDay
2020-03-02,3190.0,-1296.0,0.0,100,309.09,327.0,0,0.0,0.0,,0.0,1,13.57,8.62,SPY200918C00327000,327.0,normalDay
2020-03-03,3190.0,-1948.0,0.0,100,300.24,327.0,0,0.0,0.0,,0.0,1,13.57,6.29,SPY200918C00327000,327.0,normalDay
2020-03-04,3190.0,-1056.0,0.0,100,312.86,327.0,0,0.0,0.0,,0.0,1,13.57,9.99,SPY200918C00327000,327.0,normalDay
2020-03-05,3190.0,-1882.0,0.0,100,302.46,327.0,0,0.0,0.0,,0.0,1,13.57,7.85,SPY200918C00327000,327.0,normalDay
2020-03-06,3190.0,-2335.0,0.0,100,297.46,327.0,0,0.0,0.0,,0.0,1,13.57,7.38,SPY200918C00327000,327.0,normalDay
2020-03-09,3190.0,-4273.0,0.0,100,274.23,327.0,0,0.0,0.0,,0.0,1,13.57,3.53,SPY200918C00327000,327.0,normalDay
2020-03-10,3190.0,-3038.0,0.0,100,288.42,327.0,0,0.0,0.0,,0.0,1,13.57,5.37,SPY200918C00327000,327.0,normalDay
2020-03-11,3190.0,-4244.0,0.0,100,274.36,327.0,0,0.0,0.0,,0.0,1,13.57,3.37,SPY200918C00327000,327.0,normalDay
2020-03-12,3190.0,-6777.0,0.0,100,248.11,327.0,0,0.0,0.0,,0.0,1,13.57,2.45,SPY200918C00327000,327.0,normalDay
2020-03-13,3190.0,-4794.0,0.0,100,269.32,327.0,0,0.0,0.0,,0.0,1,13.57,3.83,SPY200918C00327000,327.0,normalDay
2020-03-16,3190.0,-7589.0,0.0,100,239.85,327.0,0,0.0,0.0,,0.0,1,13.57,2.31,SPY200918C00327000,327.0,normalDay
2020-03-17,3190.0,-6258.0,0.0,100,252.8,327.0,0,0.0,0.0,,0.0,1,13.57,1.95,SPY200918C00327000,327.0,normalDay
2020-03-18,3190.0,-7504.0,0.0,100,240.0,327.0,0,0.0,0.0,,0.0,1,13.57,1.61,SPY200918C00327000,327.0,normalDay
2020-03-19,3190.0,-7394.0,0.0,100,240.51,327.0,0,0.0,0.0,,0.0,1,13.57,1.02,SPY200918C00327000,327.0,normalDay
2020-03-20,3190.0,-8509.0,0.0,100,228.8,327.0,0,0.0,0.0,,0.0,1,13.57,0.46,SPY200918C00327000,327.0,normalDay
2020-03-23,3190.0,-9109.0,0.0,100,222.95,327.0,0,0.0,0.0,,0.0,1,13.57,0.61,SPY200918C00327000,327.0,normalDay
2020-03-24,3190.0,-7160.0,0.0,100,243.15,327.0,0,0.0,0.0,,0.0,1,13.57,1.32,SPY200918C00327000,327.0,normalDay
2020-03-25,3190.0,-6843.0,0.0,100,246.79,327.0,0,0.0,0.0,,0.0,1,13.57,1.79,SPY200918C00327000,327.0,normalDay
2020-03-26,3190.0,-5463.0,0.0,100,261.2,327.0,0,0.0,0.0,,0.0,1,13.57,2.4,SPY200918C00327000,327.0,normalDay
2020-03-27,3190.0,-6137.0,0.0,100,253.42,327.0,0,0.0,0.0,,0.0,1,13.57,1.36,SPY200918C00327000,327.0,normalDay
2020-03-30,3190.0,-5348.0,0.0,100,261.65,327.0,0,0.0,0.0,,0.0,1,13.57,1.7,SPY200918C00327000,327.0,normalDay
2020-03-31,3190.0,-5667.0,0.0,100,257.75,327.0,0,0.0,0.0,,0.0,1,13.57,0.99,SPY200918C00327000,327.0,normalDay
2020-04-01,3190.0,-6797.0,0.0,100,246.15,327.0,0,0.0,0.0,,0.0,1,13.57,0.69,SPY200918C00327000,327.0,normalDay
2020-04-02,3190.0,-6253.0,0.0,100,251.83,327.0,0,0.0,0.0,,0.0,1,13.57,0.93,SPY200918C00327000,327.0,normalDay
2020-04-03,3190.0,-6597.0,0.0,100,248.19,327.0,0,0.0,0.0,,0.0,1,13.57,0.73,SPY200918C00327000,327.0,normalDay
2020-04-06,3190.0,-5031.0,0.0,100,264.86,327.0,0,0.0,0.0,,0.0,1,13.57,1.74,SPY200918C00327000,327.0,normalDay
2020-04-07,3190.0,-4982.0,0.0,100,265.13,327.0,0,0.0,0.0,,0.0,1,13.57,1.52,SPY200918C00327000,327.0,normalDay
2020-04-08,3190.0,-4209.0,0.0,100,274.03,327.0,0,0.0,0.0,,0.0,1,13.57,2.69,SPY200918C00327000,327.0,normalDay
2020-04-09,3190.0,-3873.0,0.0,100,278.2,327.0,0,0.0,0.0,,0.0,1,13.57,3.5,SPY200918C00327000,327.0,normalDay
2020-04-13,3190.0,-4050.0,0.0,100,275.66,327.0,0,0.0,0.0,,0.0,1,13.57,2.73,SPY200918C00327000,327.0,normalDay
2020-04-14,3190.0,-3338.0,0.0,100,283.79,327.0,0,0.0,0.0,,0.0,1,13.57,3.74,SPY200918C00327000,327.0,normalDay
2020-04-15,3190.0,-3853.0,0.0,100,277.76,327.0,0,0.0,0.0,,0.0,1,13.57,2.86,SPY200918C00327000,327.0,normalDay
2020-04-16,3190.0,-3753.0,0.0,100,279.1,327.0,0,0.0,0.0,,0.0,1,13.57,3.2,SPY200918C00327000,327.0,normalDay
2020-04-17,3190.0,-3131.0,0.0,100,286.64,327.0,0,0.0,0.0,,0.0,1,13.57,4.52,SPY200918C00327000,327.0,normalDay
2020-04-20,3190.0,-3584.0,0.0,100,281.59,327.0,0,0.0,0.0,,0.0,1,13.57,4.0,SPY200918C00327000,327.0,normalDay
2020-04-21,3190.0,-4318.0,0.0,100,273.04,327.0,0,0.0,0.0,,0.0,1,13.57,2.79,SPY200918C00327000,327.0,normalDay
2020-04-22,3190.0,-3767.0,0.0,100,279.1,327.0,0,0.0,0.0,,0.0,1,13.57,3.34,SPY200918C00327000,327.0,normalDay
2020-04-23,3190.0,-3763.0,0.0,100,279.08,327.0,0,0.0,0.0,,0.0,1,13.57,3.28,SPY200918C00327000,327.0,normalDay
2020-04-24,3190.0,-3391.0,0.0,100,282.97,327.0,0,0.0,0.0,,0.0,1,13.57,3.45,SPY200918C00327000,327.0,normalDay
2020-04-27,3190.0,-2999.0,0.0,100,287.05,327.0,0,0.0,0.0,,0.0,1,13.57,3.61,SPY200918C00327000,327.0,normalDay
2020-04-28,3190.0,-3085.0,0.0,100,285.73,327.0,0,0.0,0.0,,0.0,1,13.57,3.15,SPY200918C00327000,327.0,normalDay
2020-04-29,3190.0,-2453.0,0.0,100,293.21,327.0,0,0.0,0.0,,0.0,1,13.57,4.31,SPY200918C00327000,327.0,normalDay
2020-04-30,3190.0,-2667.0,0.0,100,290.48,327.0,0,0.0,0.0,,0.0,1,13.57,3.72,SPY200918C00327000,327.0,normalDay
2020-05-01,3190.0,-3329.0,0.0,100,282.79,327.0,0,0.0,0.0,,0.0,1,13.57,2.65,SPY200918C00327000,327.0,normalDay
2020-05-04,3190.0,-3233.0,0.0,100,283.57,327.0,0,0.0,0.0,,0.0,1,13.57,2.47,SPY200918C00327000,327.0,normalDay
2020-05-05,3190.0,-2999.0,0.0,100,286.19,327.0,0,0.0,0.0,,0.0,1,13.57,2.75,SPY200918C00327000,327.0,normalDay
2020-05-06,3190.0,-3152.0,0.0,100,284.25,327.0,0,0.0,0.0,,0.0,1,13.57,2.34,SPY200918C00327000,327.0,normalDay
2020-05-07,3190.0,-2853.0,0.0,100,287.68,327.0,0,0.0,0.0,,0.0,1,13.57,2.78,SPY200918C00327000,327.0,normalDay
2020-05-08,3190.0,-2418.0,0.0,100,292.44,327.0,0,0.0,0.0,,0.0,1,13.57,3.19,SPY200918C00327000,327.0,normalDay
2020-05-11,3190.0,-2348.0,0.0,100,292.5,327.0,0,0.0,0.0,,0.0,1,13.57,2.55,SPY200918C00327000,327.0,normalDay
2020-05-12,3190.0,-2872.0,0.0,100,286.67,327.0,0,0.0,0.0,,0.0,1,13.57,1.96,SPY200918C00327000,327.0,normalDay
2020-05-13,3190.0,-3339.0,0.0,100,281.6,327.0,0,0.0,0.0,,0.0,1,13.57,1.56,SPY200918C00327000,327.0,normalDay
2020-05-14,3190.0,-3017.0,0.0,100,284.97,327.0,0,0.0,0.0,,0.0,1,13.57,1.71,SPY200918C00327000,327.0,normalDay
2020-05-15,3190.0,-2873.0,0.0,100,286.28,327.0,0,0.0,0.0,,0.0,1,13.57,1.58,SPY200918C00327000,327.0,normalDay
2020-05-18,3190.0,-2130.0,0.0,100,295.0,327.0,0,0.0,0.0,,0.0,1,13.57,2.87,SPY200918C00327000,327.0,normalDay
2020-05-19,3190.0,-2391.0,0.0,100,291.97,327.0,0,0.0,0.0,,0.0,1,13.57,2.45,SPY200918C00327000,327.0,normalDay
2020-05-20,3190.0,-1965.0,0.0,100,296.93,327.0,0,0.0,0.0,,0.0,1,13.57,3.15,SPY200918C00327000,327.0,normalDay
2020-05-21,3190.0,-2142.0,0.0,100,294.88,327.0,0,0.0,0.0,,0.0,1,13.57,2.87,SPY200918C00327000,327.0,normalDay
2020-05-22,3190.0,-2093.0,0.0,100,295.44,327.0,0,0.0,0.0,,0.0,1,13.57,2.94,SPY200918C00327000,327.0,normalDay
2020-05-26,3190.0,-1773.0,0.0,100,299.08,327.0,0,0.0,0.0,,0.0,1,13.57,3.38,SPY200918C00327000,327.0,normalDay
2020-05-27,3190.0,-1417.0,0.0,100,303.53,327.0,0,0.0,0.0,,0.0,1,13.57,4.27,SPY200918C00327000,327.0,normalDay
2020-05-28,3190.0,-1499.0,0.0,100,302.97,327.0,0,0.0,0.0,,0.0,1,13.57,4.53,SPY200918C00327000,327.0,normalDay
2020-05-29,3190.0,-1402.0,0.0,100,304.32,327.0,0,0.0,0.0,,0.0,1,13.57,4.91,SPY200918C00327000,327.0,normalDay
2020-06-01,3190.0,-1284.0,0.0,100,305.55,327.0,0,0.0,0.0,,0.0,1,13.57,4.96,SPY200918C00327000,327.0,normalDay
2020-06-02,3190.0,-1082.0,0.0,100,308.08,327.0,0,0.0,0.0,,0.0,1,13.57,5.47,SPY200918C00327000,327.0,normalDay
2020-06-03,3190.0,-824.0,0.0,100,312.18,327.0,0,0.0,0.0,,0.0,1,13.57,6.99,SPY200918C00327000,327.0,normalDay
2020-06-04,3190.0,-859.0,0.0,100,311.36,327.0,0,0.0,0.0,,0.0,1,13.57,6.52,SPY200918C00327000,327.0,normalDay
2020-06-05,3190.0,-350.0,0.0,100,319.34,327.0,0,0.0,0.0,,0.0,1,13.57,9.41,SPY200918C00327000,327.0,normalDay
2020-06-08,3190.0,-178.0,0.0,100,323.2,327.0,0,0.0,0.0,,0.0,1,13.57,11.55,SPY200918C00327000,327.0,normalDay
2020-06-09,3190.0,-416.0,0.0,100,320.79,327.0,0,0.0,0.0,,0.0,1,13.57,11.52,SPY200918C00327000,327.0,normalDay
2020-06-10,3190.0,-448.0,0.0,100,319.0,327.0,0,0.0,0.0,,0.0,1,13.57,10.05,SPY200918C00327000,327.0,normalDay
2020-06-11,3190.0,-1911.0,0.0,100,300.61,327.0,0,0.0,0.0,,0.0,1,13.57,6.29,SPY200918C00327000,327.0,normalDay
2020-06-12,3190.0,-1523.0,0.0,100,304.21,327.0,0,0.0,0.0,,0.0,1,13.57,6.01,SPY200918C00327000,327.0,normalDay
2020-06-15,3190.0,-1323.0,0.0,100,307.05,327.0,0,0.0,0.0,,0.0,1,13.57,6.85,SPY200918C00327000,327.0,normalDay
2020-06-16,3190.0,-939.0,0.0,100,312.96,327.0,0,0.0,0.0,,0.0,1,13.57,8.92,SPY200918C00327000,327.0,normalDay
2020-06-17,3190.0,-1031.0,0.0,100,311.66,327.0,0,0.0,0.0,,0.0,1,13.57,8.54,SPY200918C00327000,327.0,normalDay
2020-06-18,3190.0,-991.0,0.0,100,311.78,327.0,0,0.0,0.0,,0.0,1,13.57,8.26,SPY200918C00327000,327.0,normalDay
2020-06-19,3190.0,-1204.0,0.0,100,308.64,327.0,0,0.0,0.0,,0.0,1,13.57,7.25,SPY200918C00327000,327.0,normalDay
2020-06-22,3190.0,-1044.0,0.0,100,310.62,327.0,0,0.0,0.0,,0.0,1,13.57,7.63,SPY200918C00327000,327.0,normalDay
2020-06-23,3190.0,-926.0,0.0,100,312.05,327.0,0,0.0,0.0,,0.0,1,13.57,7.88,SPY200918C00327000,327.0,normalDay
2020-06-24,3190.0,-1489.0,0.0,100,304.09,327.0,0,0.0,0.0,,0.0,1,13.57,5.55,SPY200918C00327000,327.0,normalDay
2020-06-25,3190.0,-1216.0,0.0,100,307.35,327.0,0,0.0,0.0,,0.0,1,13.57,6.08,SPY200918C00327000,327.0,normalDay
2020-06-26,3190.0,-1766.0,0.0,100,300.05,327.0,0,0.0,0.0,,0.0,1,13.57,4.28,SPY200918C00327000,327.0,normalDay
2020-06-29,3190.0,-1347.0,0.0,100,304.46,327.0,0,0.0,0.0,,0.0,1,13.57,4.5,SPY200918C00327000,327.0,normalDay
2020-06-30,3190.0,-1027.0,0.0,100,308.36,327.0,0,0.0,0.0,,0.0,1,13.57,5.2,SPY200918C00327000,327.0,normalDay
2020-07-01,3190.0,-860.0,0.0,100,310.52,327.0,0,0.0,0.0,,0.0,1,13.57,5.69,SPY200918C00327000,327.0,normalDay
2020-07-02,3190.0,-739.0,0.0,100,312.23,327.0,0,0.0,0.0,,0.0,1,13.57,6.19,SPY200918C00327000,327.0,normalDay
2020-07-06,3190.0,-432.0,0.0,100,317.05,327.0,0,0.0,0.0,,0.0,1,13.57,7.94,SPY200918C00327000,327.0,normalDay
2020-07-07,3190.0,-643.0,0.0,100,313.78,327.0,0,0.0,0.0,,0.0,1,13.57,6.78,SPY200918C00327000,327.0,normalDay
2020-07-08,3190.0,-468.0,0.0,100,316.18,327.0,0,0.0,0.0,,0.0,1,13.57,7.43,SPY200918C00327000,327.0,normalDay
2020-07-09,3190.0,-584.0,0.0,100,314.38,327.0,0,0.0,0.0,,0.0,1,13.57,6.79,SPY200918C00327000,327.0,normalDay
2020-07-10,3190.0,-375.0,0.0,100,317.59,327.0,0,0.0,0.0,,0.0,1,13.57,7.91,SPY200918C00327000,327.0,normalDay
2020-07-13,3190.0,-602.0,0.0,100,314.84,327.0,0,0.0,0.0,,0.0,1,13.57,7.43,SPY200918C00327000,327.0,normalDay
2020-07-14,3190.0,-293.0,0.0,100,318.92,327.0,0,0.0,0.0,,0.0,1,13.57,8.42,SPY200918C00327000,327.0,normalDay
2020-07-15,3190.0,-135.0,0.0,100,321.85,327.0,0,0.0,0.0,,0.0,1,13.57,9.77,SPY200918C00327000,327.0,normalDay
2020-07-16,3190.0,-108.0,0.0,100,320.79,327.0,0,0.0,0.0,,0.0,1,13.57,8.44,SPY200918C00327000,327.0,normalDay
2020-07-17,3190.0,-53.0,0.0,100,321.72,327.0,0,0.0,0.0,,0.0,1,13.57,8.82,SPY200918C00327000,327.0,normalDay
2020-07-20,3190.0,149.0,0.0,100,324.32,327.0,0,0.0,0.0,,0.0,1,13.57,9.4,SPY200918C00327000,327.0,normalDay
2020-07-21,3190.0,177.0,0.0,100,325.01,327.0,0,0.0,0.0,,0.0,1,13.57,9.81,SPY200918C00327000,327.0,normalDay
2020-07-22,3190.0,311.0,0.0,100,326.86,327.0,0,0.0,0.0,,0.0,1,13.57,10.32,SPY200918C00327000,327.0,normalDay
2020-07-23,3190.0,123.0,0.0,100,322.96,327.0,0,0.0,0.0,,0.0,1,13.57,8.3,SPY200918C00327000,327.0,normalDay
2020-07-24,3190.0,1.0,0.0,100,320.88,327.0,0,0.0,0.0,,0.0,1,13.57,7.44,SPY200918C00327000,327.0,normalDay
2020-07-27,3190.0,180.0,0.0,100,323.22,327.0,0,0.0,0.0,,0.0,1,13.57,7.99,SPY200918C00327000,327.0,normalDay
2020-07-28,3190.0,76.0,0.0,100,321.17,327.0,0,0.0,0.0,,0.0,1,13.57,6.98,SPY200918C00327000,327.0,normalDay
2020-07-29,3190.0,307.0,0.0,100,325.12,327.0,0,0.0,0.0,,0.0,1,13.57,8.62,SPY200918C00327000,327.0,normalDay
2020-07-30,3190.0,203.0,0.0,100,323.96,327.0,0,0.0,0.0,,0.0,1,13.57,8.5,SPY200918C00327000,327.0,normalDay
2020-07-31,3190.0,352.0,0.0,100,326.52,327.0,0,0.0,0.0,,0.0,1,13.57,9.57,SPY200918C00327000,327.0,normalDay
2020-08-03,3190.0,488.0,0.0,100,328.79,327.0,0,0.0,0.0,,0.0,1,13.57,10.48,SPY200918C00327000,327.0,normalDay
2020-08-04,3190.0,568.0,0.0,100,330.06,327.0,0,0.0,0.0,,0.0,1,13.57,10.95,SPY200918C00327000,327.0,normalDay
2020-08-05,3190.0,670.0,0.0,100,332.11,327.0,0,0.0,0.0,,0.0,1,13.57,11.98,SPY200918C00327000,327.0,normalDay
2020-08-06,3190.0,744.0,0.0,100,334.33,327.0,0,0.0,0.0,,0.0,1,13.57,13.46,SPY200918C00327000,327.0,normalDay
2020-08-07,3190.0,773.0,0.0,100,334.57,327.0,0,0.0,0.0,,0.0,1,13.57,13.41,SPY200918C00327000,327.0,normalDay
2020-08-10,3190.0,847.0,0.0,100,335.57,327.0,0,0.0,0.0,,0.0,1,13.57,13.67,SPY200918C00327000,327.0,normalDay
2020-08-11,3190.0,713.0,0.0,100,332.8,327.0,0,0.0,0.0,,0.0,1,13.57,12.24,SPY200918C00327000,327.0,normalDay
2020-08-12,3190.0,903.0,0.0,100,337.44,327.0,0,0.0,0.0,,0.0,1,13.57,14.98,SPY200918C00327000,327.0,normalDay
2020-08-13,3190.0,904.0,0.0,100,336.83,327.0,0,0.0,0.0,,0.0,1,13.57,14.36,SPY200918C00327000,327.0,normalDay
2020-08-14,3190.0,920.0,0.0,100,336.84,327.0,0,0.0,0.0,,0.0,1,13.57,14.21,SPY200918C00327000,327.0,normalDay
2020-08-17,3190.0,989.0,0.0,100,337.91,327.0,0,0.0,0.0,,0.0,1,13.57,14.59,SPY200918C00327000,327.0,normalDay
2020-08-18,3190.0,1003.0,0.0,100,338.64,327.0,0,0.0,0.0,,0.0,1,13.57,15.18,SPY200918C00327000,327.0,normalDay
2020-08-19,3190.0,968.0,0.0,100,337.23,327.0,0,0.0,0.0,,0.0,1,13.57,14.12,SPY200918C00327000,327.0,normalDay
2020-08-20,3190.0,1014.0,0.0,100,338.28,327.0,0,0.0,0.0,,0.0,1,13.57,14.71,SPY200918C00327000,327.0,normalDay
2020-08-21,3190.0,1037.0,0.0,100,339.48,327.0,0,0.0,0.0,,0.0,1,13.57,15.68,SPY200918C00327000,327.0,normalDay
2020-08-24,3190.0,1138.0,0.0,100,342.92,327.0,0,0.0,0.0,,0.0,1,13.57,18.11,SPY200918C00327000,327.0,normalDay
2020-08-25,3190.0,1148.0,0.0,100,344.12,327.0,0,0.0,0.0,,0.0,1,13.57,19.21,SPY200918C00327000,327.0,normalDay
2020-08-26,3190.0,1168.0,0.0,100,347.57,327.0,0,0.0,0.0,,0.0,1,13.57,22.46,SPY200918C00327000,327.0,normalDay
2020-08-27,3190.0,1151.0,0.0,100,348.33,327.0,0,0.0,0.0,,0.0,1,13.57,23.39,SPY200918C00327000,327.0,normalDay
2020-08-28,3190.0,1233.0,0.0,100,350.58,327.0,0,0.0,0.0,,0.0,1,13.57,24.82,SPY200918C00327000,327.0,normalDay
2020-08-31,3190.0,1154.0,0.0,100,349.31,327.0,0,0.0,0.0,,0.0,1,13.57,24.34,SPY200918C00327000,327.0,normalDay
2020-09-01,3190.0,1242.0,0.0,100,352.6,327.0,0,0.0,0.0,,0.0,1,13.57,26.75,SPY200918C00327000,327.0,normalDay
2020-09-02,3190.0,1249.0,0.0,100,357.7,327.0,0,0.0,0.0,,0.0,1,13.57,31.78,SPY200918C00327000,327.0,normalDay
2020-09-03,3190.0,1000.0,0.0,100,345.39,327.0,0,0.0,0.0,,0.0,1,13.57,21.96,SPY200918C00327000,327.0,normalDay
2020-09-04,3190.0,1093.0,0.0,100,342.57,327.0,0,0.0,0.0,,0.0,1,13.57,18.21,SPY200918C00327000,327.0,normalDay
2020-09-08,3190.0,919.0,0.0,100,333.21,327.0,0,0.0,0.0,,0.0,1,13.57,10.59,SPY200918C00327000,327.0,normalDay
2020-09-09,3190.0,1179.0,0.0,100,339.79,327.0,0,0.0,0.0,,0.0,1,13.57,14.57,SPY200918C00327000,327.0,normalDay
2020-09-10,3190.0,1041.0,0.0,100,333.89,327.0,0,0.0,0.0,,0.0,1,13.57,10.05,SPY200918C00327000,327.0,normalDay
2020-09-11,3190.0,1200.0,0.0,100,334.06,327.0,0,0.0,0.0,,0.0,1,13.57,8.63,SPY200918C00327000,327.0,normalDay
2020-09-14,3190.0,1275.0,0.0,100,338.46,327.0,0,0.0,0.0,,0.0,1,13.57,12.28,SPY200918C00327000,327.0,normalDay
2020-09-15,3190.0,1293.0,0.0,100,340.17,327.0,0,0.0,0.0,,0.0,1,13.57,13.81,SPY200918C00327000,327.0,normalDay
2020-09-16,3190.0,1346.0,0.0,100,338.82,327.0,0,0.0,0.0,,0.0,1,13.57,11.93,SPY200918C00327000,327.0,normalDay
2020-09-17,3190.0,1317.0,0.0,100,335.84,327.0,0,0.0,0.0,,0.0,1,13.57,9.24,SPY200918C00327000,327.0,normalDay
2020-09-18,4547.0,1317.0,1357.0,0,330.65,0.0,0,0.0,0.0,,0.0,1,13.57,0.0,SPY200918C00327000,327.0,expirationDay
2020-09-21,4547.0,-16.0,0.0,0,326.97,0.0,1,14.46,14.62,SPY200923P00342000,342.0,0,0.0,0.0,,0.0,normalDay
2020-09-22,4547.0,242.0,0.0,0,330.3,0.0,1,14.46,12.04,SPY200923P00342000,342.0,0,0.0,0.0,,0.0,normalDay
2020-09-23,5993.0,-1936.0,1446.0,100,322.64,342.0,1,14.46,0.0,SPY200923P00342000,342.0,0,0.0,0.0,,0.0,expirationDay
2020-09-24,5993.0,-1896.0,0.0,100,323.5,342.0,0,0.0,0.0,,0.0,1,14.83,15.29,SPY210331C00340000,340.0,normalDay
2020-09-25,5993.0,-1579.0,0.0,100,328.73,342.0,0,0.0,0.0,,0.0,1,14.83,17.35,SPY210331C00340000,340.0,normalDay
2020-09-28,5993.0,-1328.0,0.0,100,334.19,342.0,0,0.0,0.0,,0.0,1,14.83,20.3,SPY210331C00340000,340.0,normalDay
2020-09-29,5993.0,-1421.0,0.0,100,332.37,342.0,0,0.0,0.0,,0.0,1,14.83,19.41,SPY210331C00340000,340.0,normalDay
2020-09-30,5993.0,-1209.0,0.0,100,334.89,342.0,0,0.0,0.0,,0.0,1,14.83,19.81,SPY210331C00340000,340.0,normalDay
2020-10-01,5993.0,-1203.0,0.0,100,337.04,342.0,0,0.0,0.0,,0.0,1,14.83,21.9,SPY210331C00340000,340.0,normalDay
2020-10-02,5993.0,-1367.0,0.0,100,333.84,342.0,0,0.0,0.0,,0.0,1,14.83,20.34,SPY210331C00340000,340.0,normalDay
2020-10-05,5993.0,-1033.0,0.0,100,339.76,342.0,0,0.0,0.0,,0.0,1,14.83,22.92,SPY210331C00340000,340.0,normalDay
2020-10-06,5993.0,-1277.0,0.0,100,334.93,342.0,0,0.0,0.0,,0.0,1,14.83,20.53,SPY210331C00340000,340.0,normalDay
2020-10-07,5993.0,-936.0,0.0,100,340.76,342.0,0,0.0,0.0,,0.0,1,14.83,22.95,SPY210331C00340000,340.0,normalDay
2020-10-08,5993.0,-781.0,0.0,100,343.78,342.0,0,0.0,0.0,,0.0,1,14.83,24.42,SPY210331C00340000,340.0,normalDay
2020-10-09,5993.0,-578.0,0.0,100,346.85,342.0,0,0.0,0.0,,0.0,1,14.83,25.46,SPY210331C00340000,340.0,normalDay
2020-10-12,5993.0,-374.0,0.0,100,352.43,342.0,0,0.0,0.0,,0.0,1,14.83,29.0,SPY210331C00340000,340.0,normalDay
2020-10-13,5993.0,-444.0,0.0,100,350.13,342.0,0,0.0,0.0,,0.0,1,14.83,27.4,SPY210331C00340000,340.0,normalDay
2020-10-14,5993.0,-491.0,0.0,100,347.93,342.0,0,0.0,0.0,,0.0,1,14.83,25.67,SPY210331C00340000,340.0,normalDay
2020-10-15,5993.0,-516.0,0.0,100,347.5,342.0,0,0.0,0.0,,0.0,1,14.83,25.49,SPY210331C00340000,340.0,normalDay
2020-10-16,5993.0,-497.0,0.0,100,347.29,342.0,0,0.0,0.0,,0.0,1,14.83,25.09,SPY210331C00340000,340.0,normalDay
2020-10-19,5993.0,-793.0,0.0,100,342.01,342.0,0,0.0,0.0,,0.0,1,14.83,22.77,SPY210331C00340000,340.0,normalDay
2020-10-20,5993.0,-687.0,0.0,100,343.38,342.0,0,0.0,0.0,,0.0,1,14.83,23.08,SPY210331C00340000,340.0,normalDay
2020-10-21,5993.0,-719.0,0.0,100,342.73,342.0,0,0.0,0.0,,0.0,1,14.83,22.75,SPY210331C00340000,340.0,normalDay
2020-10-22,5993.0,-586.0,0.0,100,344.61,342.0,0,0.0,0.0,,0.0,1,14.83,23.3,SPY210331C00340000,340.0,normalDay
2020-10-23,5993.0,-496.0,0.0,100,345.78,342.0,0,0.0,0.0,,0.0,1,14.83,23.57,SPY210331C00340000,340.0,normalDay
2020-10-26,5993.0,-889.0,0.0,100,339.39,342.0,0,0.0,0.0,,0.0,1,14.83,21.11,SPY210331C00340000,340.0,normalDay
2020-10-27,5993.0,-921.0,0.0,100,338.22,342.0,0,0.0,0.0,,0.0,1,14.83,20.26,SPY210331C00340000,340.0,normalDay
2020-10-28,5993.0,-1649.0,0.0,100,326.66,342.0,0,0.0,0.0,,0.0,1,14.83,15.98,SPY210331C00340000,340.0,normalDay
2020-10-29,5993.0,-1414.0,0.0,100,329.98,342.0,0,0.0,0.0,,0.0,1,14.83,16.95,SPY210331C00340000,340.0,normalDay
2020-10-30,5993.0,-1594.0,0.0,100,326.54,342.0,0,0.0,0.0,,0.0,1,14.83,15.31,SPY210331C00340000,340.0,normalDay
2020-11-02,5993.0,-1292.0,0.0,100,330.2,342.0,0,0.0,0.0,,0.0,1,14.83,15.95,SPY210331C00340000,340.0,normalDay
2020-11-03,5993.0,-898.0,0.0,100,336.03,342.0,0,0.0,0.0,,0.0,1,14.83,17.84,SPY210331C00340000,340.0,normalDay
2020-11-04,5993.0,-520.0,0.0,100,343.54,342.0,0,0.0,0.0,,0.0,1,14.83,21.57,SPY210331C00340000,340.0,normalDay
2020-11-05,5993.0,-316.0,0.0,100,350.24,342.0,0,0.0,0.0,,0.0,1,14.83,26.23,SPY210331C00340000,340.0,normalDay
2020-11-06,5993.0,-229.0,0.0,100,350.16,342.0,0,0.0,0.0,,0.0,1,14.83,25.28,SPY210331C00340000,340.0,normalDay
2020-11-09,5993.0,-109.0,0.0,100,354.56,342.0,0,0.0,0.0,,0.0,1,14.83,28.48,SPY210331C00340000,340.0,normalDay
2020-11-10,5993.0,-59.0,0.0,100,354.04,342.0,0,0.0,0.0,,0.0,1,14.83,27.46,SPY210331C00340000,340.0,normalDay
2020-11-11,5993.0,58.0,0.0,100,356.67,342.0,0,0.0,0.0,,0.0,1,14.83,28.92,SPY210331C00340000,340.0,normalDay
2020-11-12,5993.0,-98.0,0.0,100,353.21,342.0,0,0.0,0.0,,0.0,1,14.83,27.02,SPY210331C00340000,340.0,normalDay
2020-11-13,5993.0,118.0,0.0,100,358.1,342.0,0,0.0,0.0,,0.0,1,14.83,29.75,SPY210331C00340000,340.0,normalDay
2020-11-16,5993.0,258.0,0.0,100,362.57,342.0,0,0.0,0.0,,0.0,1,14.83,32.82,SPY210331C00340000,340.0,normalDay
2020-11-17,5993.0,203.0,0.0,100,360.62,342.0,0,0.0,0.0,,0.0,1,14.83,31.42,SPY210331C00340000,340.0,normalDay
2020-11-18,5993.0,66.0,0.0,100,356.28,342.0,0,0.0,0.0,,0.0,1,14.83,28.45,SPY210331C00340000,340.0,normalDay
2020-11-19,5993.0,141.0,0.0,100,357.78,342.0,0,0.0,0.0,,0.0,1,14.83,29.2,SPY210331C00340000,340.0,normalDay
2020-11-20,5993.0,93.0,0.0,100,355.33,342.0,0,0.0,0.0,,0.0,1,14.83,27.23,SPY210331C00340000,340.0,normalDay
2020-11-23,5993.0,191.0,0.0,100,357.46,342.0,0,0.0,0.0,,0.0,1,14.83,28.38,SPY210331C00340000,340.0,normalDay
2020-11-24,5993.0,343.0,0.0,100,363.22,342.0,0,0.0,0.0,,0.0,1,14.83,32.62,SPY210331C00340000,340.0,normalDay
2020-11-25,5993.0,378.0,0.0,100,362.66,342.0,0,0.0,0.0,,0.0,1,14.83,31.71,SPY210331C00340000,340.0,normalDay
2020-11-27,5993.0,373.0,0.0,100,363.67,342.0,0,0.0,0.0,,0.0,1,14.83,32.77,SPY210331C00340000,340.0,normalDay
2020-11-30,5993.0,333.0,0.0,100,362.06,342.0,0,0.0,0.0,,0.0,1,14.83,31.56,SPY210331C00340000,340.0,normalDay
2020-12-01,5993.0,466.0,0.0,100,366.02,342.0,0,0.0,0.0,,0.0,1,14.83,34.19,SPY210331C00340000,340.0,normalDay
2020-12-02,5993.0,474.0,0.0,100,366.79,342.0,0,0.0,0.0,,0.0,1,14.83,34.88,SPY210331C00340000,340.0,normalDay
2020-12-03,5993.0,503.0,0.0,100,366.69,342.0,0,0.0,0.0,,0.0,1,14.83,34.49,SPY210331C00340000,340.0,normalDay
2020-12-04,5993.0,593.0,0.0,100,369.85,342.0,0,0.0,0.0,,0.0,1,14.83,36.75,SPY210331C00340000,340.0,normalDay
2020-12-07,5993.0,568.0,0.0,100,369.09,342.0,0,0.0,0.0,,0.0,1,14.83,36.24,SPY210331C00340000,340.0,normalDay
2020-12-08,5993.0,595.0,0.0,100,370.17,342.0,0,0.0,0.0,,0.0,1,14.83,37.05,SPY210331C00340000,340.0,normalDay
2020-12-09,5993.0,519.0,0.0,100,366.85,342.0,0,0.0,0.0,,0.0,1,14.83,34.49,SPY210331C00340000,340.0,normalDay
2020-12-10,5993.0,515.0,0.0,100,366.73,342.0,0,0.0,0.0,,0.0,1,14.83,34.41,SPY210331C00340000,340.0,normalDay
2020-12-11,5993.0,467.0,0.0,100,366.3,342.0,0,0.0,0.0,,0.0,1,14.83,34.46,SPY210331C00340000,340.0,normalDay
2020-12-14,5993.0,379.0,0.0,100,364.66,342.0,0,0.0,0.0,,0.0,1,14.83,33.7,SPY210331C00340000,340.0,normalDay
2020-12-15,5993.0,575.0,0.0,100,369.59,342.0,0,0.0,0.0,,0.0,1,14.83,36.67,SPY210331C00340000,340.0,normalDay
2020-12-16,5993.0,592.0,0.0,100,370.17,342.0,0,0.0,0.0,,0.0,1,14.83,37.08,SPY210331C00340000,340.0,normalDay
2020-12-17,5993.0,632.0,0.0,100,372.24,342.0,0,0.0,0.0,,0.0,1,14.83,38.75,SPY210331C00340000,340.0,normalDay
2020-12-18,5993.0,404.0,0.0,100,369.18,342.0,0,0.0,0.0,,0.0,1,14.83,37.97,SPY210331C00340000,340.0,normalDay
2020-12-21,5993.0,413.0,0.0,100,367.86,342.0,0,0.0,0.0,,0.0,1,14.83,36.56,SPY210331C00340000,340.0,normalDay
2020-12-22,5993.0,433.0,0.0,100,367.24,342.0,0,0.0,0.0,,0.0,1,14.83,35.74,SPY210331C00340000,340.0,normalDay
2020-12-23,5993.0,498.0,0.0,100,367.57,342.0,0,0.0,0.0,,0.0,1,14.83,35.42,SPY210331C00340000,340.0,normalDay
2020-12-24,5993.0,554.0,0.0,100,369.0,342.0,0,0.0,0.0,,0.0,1,14.83,36.29,SPY210331C00340000,340.0,normalDay
2020-12-28,5993.0,604.0,0.0,100,372.17,342.0,0,0.0,0.0,,0.0,1,14.83,38.96,SPY210331C00340000,340.0,normalDay
2020-12-29,5993.0,561.0,0.0,100,371.46,342.0,0,0.0,0.0,,0.0,1,14.83,38.68,SPY210331C00340000,340.0,normalDay
2020-12-30,5993.0,628.0,0.0,100,371.99,342.0,0,0.0,0.0,,0.0,1,14.83,38.54,SPY210331C00340000,340.0,normalDay
2020-12-31,5993.0,603.0,0.0,100,373.88,342.0,0,0.0,0.0,,0.0,1,14.83,40.68,SPY210331C00340000,340.0,normalDay
2021-01-04,5993.0,487.0,0.0,100,368.79,342.0,0,0.0,0.0,,0.0,1,14.83,36.75,SPY210331C00340000,340.0,normalDay
2021-01-05,5993.0,594.0,0.0,100,371.33,342.0,0,0.0,0.0,,0.0,1,14.83,38.22,SPY210331C00340000,340.0,normalDay
2021-01-06,5993.0,610.0,0.0,100,373.55,342.0,0,0.0,0.0,,0.0,1,14.83,40.28,SPY210331C00340000,340.0,normalDay
2021-01-07,5993.0,785.0,0.0,100,379.1,342.0,0,0.0,0.0,,0.0,1,14.83,44.08,SPY210331C00340000,340.0,normalDay
2021-01-08,5993.0,795.0,0.0,100,381.26,342.0,0,0.0,0.0,,0.0,1,14.83,46.14,SPY210331C00340000,340.0,normalDay
2021-01-11,5993.0,705.0,0.0,100,378.69,342.0,0,0.0,0.0,,0.0,1,14.83,44.47,SPY210331C00340000,340.0,normalDay
2021-01-12,5993.0,777.0,0.0,100,378.77,342.0,0,0.0,0.0,,0.0,1,14.83,43.83,SPY210331C00340000,340.0,normalDay
2021-01-13,5993.0,791.0,0.0,100,379.79,342.0,0,0.0,0.0,,0.0,1,14.83,44.71,SPY210331C00340000,340.0,normalDay
2021-01-14,5993.0,763.0,0.0,100,378.46,342.0,0,0.0,0.0,,0.0,1,14.83,43.66,SPY210331C00340000,340.0,normalDay
2021-01-15,5993.0,785.0,0.0,100,375.7,342.0,0,0.0,0.0,,0.0,1,14.83,40.68,SPY210331C00340000,340.0,normalDay
2021-01-19,5993.0,810.0,0.0,100,378.65,342.0,0,0.0,0.0,,0.0,1,14.83,43.38,SPY210331C00340000,340.0,normalDay
2021-01-20,5993.0,903.0,0.0,100,383.89,342.0,0,0.0,0.0,,0.0,1,14.83,47.69,SPY210331C00340000,340.0,normalDay
2021-01-21,5993.0,922.0,0.0,100,384.24,342.0,0,0.0,0.0,,0.0,1,14.83,47.85,SPY210331C00340000,340.0,normalDay
2021-01-22,5993.0,900.0,0.0,100,382.88,342.0,0,0.0,0.0,,0.0,1,14.83,46.71,SPY210331C00340000,340.0,normalDay
2021-01-25,5993.0,907.0,0.0,100,384.39,342.0,0,0.0,0.0,,0.0,1,14.83,48.15,SPY210331C00340000,340.0,normalDay
2021-01-26,5993.0,846.0,0.0,100,383.79,342.0,0,0.0,0.0,,0.0,1,14.83,48.16,SPY210331C00340000,340.0,normalDay
2021-01-27,5993.0,598.0,0.0,100,374.41,342.0,0,0.0,0.0,,0.0,1,14.83,41.26,SPY210331C00340000,340.0,normalDay
2021-01-28,5993.0,667.0,0.0,100,377.63,342.0,0,0.0,0.0,,0.0,1,14.83,43.79,SPY210331C00340000,340.0,normalDay
2021-01-29,5993.0,515.0,0.0,100,370.07,342.0,0,0.0,0.0,,0.0,1,14.83,37.75,SPY210331C00340000,340.0,normalDay
2021-02-01,5993.0,759.0,0.0,100,376.23,342.0,0,0.0,0.0,,0.0,1,14.83,41.47,SPY210331C00340000,340.0,normalDay
2021-02-02,5993.0,816.0,0.0,100,381.55,342.0,0,0.0,0.0,,0.0,1,14.83,46.22,SPY210331C00340000,340.0,normalDay
2021-02-03,5993.0,895.0,0.0,100,381.85,342.0,0,0.0,0.0,,0.0,1,14.83,45.73,SPY210331C00340000,340.0,normalDay
2021-02-04,5993.0,1025.0,0.0,100,386.19,342.0,0,0.0,0.0,,0.0,1,14.83,48.77,SPY210331C00340000,340.0,normalDay
2021-02-05,5993.0,1038.0,0.0,100,387.71,342.0,0,0.0,0.0,,0.0,1,14.83,50.16,SPY210331C00340000,340.0,normalDay
2021-02-08,5993.0,1084.0,0.0,100,390.51,342.0,0,0.0,0.0,,0.0,1,14.83,52.5,SPY210331C00340000,340.0,normalDay
2021-02-09,5993.0,1045.0,0.0,100,390.25,342.0,0,0.0,0.0,,0.0,1,14.83,52.63,SPY210331C00340000,340.0,normalDay
2021-02-10,5993.0,1059.0,0.0,100,390.08,342.0,0,0.0,0.0,,0.0,1,14.83,52.32,SPY210331C00340000,340.0,normalDay
2021-02-11,5993.0,1119.0,0.0,100,390.71,342.0,0,0.0,0.0,,0.0,1,14.83,52.35,SPY210331C00340000,340.0,normalDay
2021-02-12,5993.0,1090.0,0.0,100,392.64,342.0,0,0.0,0.0,,0.0,1,14.83,54.57,SPY210331C00340000,340.0,normalDay
2021-02-16,5993.0,1134.0,0.0,100,392.3,342.0,0,0.0,0.0,,0.0,1,14.83,53.79,SPY210331C00340000,340.0,normalDay
2021-02-17,5993.0,1154.0,0.0,100,392.39,342.0,0,0.0,0.0,,0.0,1,14.83,53.68,SPY210331C00340000,340.0,normalDay
2021-02-18,5993.0,1132.0,0.0,100,390.72,342.0,0,0.0,0.0,,0.0,1,14.83,52.23,SPY210331C00340000,340.0,normalDay
2021-02-19,5993.0,1157.0,0.0,100,390.03,342.0,0,0.0,0.0,,0.0,1,14.83,51.29,SPY210331C00340000,340.0,normalDay
2021-02-22,5993.0,1112.0,0.0,100,387.03,342.0,0,0.0,0.0,,0.0,1,14.83,48.74,SPY210331C00340000,340.0,normalDay
2021-02-23,5993.0,1152.0,0.0,100,387.5,342.0,0,0.0,0.0,,0.0,1,14.83,48.81,SPY210331C00340000,340.0,normalDay
2021-02-24,5993.0,1172.0,0.0,100,391.77,342.0,0,0.0,0.0,,0.0,1,14.83,52.88,SPY210331C00340000,340.0,normalDay
2021-02-25,5993.0,943.0,0.0,100,382.33,342.0,0,0.0,0.0,,0.0,1,14.83,45.73,SPY210331C00340000,340.0,normalDay
2021-02-26,5993.0,1020.0,0.0,100,380.36,342.0,0,0.0,0.0,,0.0,1,14.83,42.99,SPY210331C00340000,340.0,normalDay
2021-03-01,5993.0,1202.0,0.0,100,389.58,342.0,0,0.0,0.0,,0.0,1,14.83,50.39,SPY210331C00340000,340.0,normalDay
2021-03-02,5993.0,1180.0,0.0,100,386.54,342.0,0,0.0,0.0,,0.0,1,14.83,47.57,SPY210331C00340000,340.0,normalDay
2021-03-03,5993.0,1133.0,0.0,100,381.42,342.0,0,0.0,0.0,,0.0,1,14.83,42.92,SPY210331C00340000,340.0,normalDay
2021-03-04,5993.0,1062.0,0.0,100,376.7,342.0,0,0.0,0.0,,0.0,1,14.83,38.91,SPY210331C00340000,340.0,normalDay
2021-03-05,5993.0,1183.0,0.0,100,383.63,342.0,0,0.0,0.0,,0.0,1,14.83,44.63,SPY210331C00340000,340.0,normalDay
2021-03-08,5993.0,1143.0,0.0,100,381.72,342.0,0,0.0,0.0,,0.0,1,14.83,43.12,SPY210331C00340000,340.0,normalDay
2021-03-09,5993.0,1212.0,0.0,100,387.17,342.0,0,0.0,0.0,,0.0,1,14.83,47.88,SPY210331C00340000,340.0,normalDay
2021-03-10,5993.0,1183.0,0.0,100,389.58,342.0,0,0.0,0.0,,0.0,1,14.83,50.58,SPY210331C00340000,340.0,normalDay
2021-03-11,5993.0,1267.0,0.0,100,393.53,342.0,0,0.0,0.0,,0.0,1,14.83,53.69,SPY210331C00340000,340.0,normalDay
2021-03-12,5993.0,1221.0,0.0,100,394.06,342.0,0,0.0,0.0,,0.0,1,14.83,54.68,SPY210331C00340000,340.0,normalDay
2021-03-15,5993.0,1235.0,0.0,100,396.41,342.0,0,0.0,0.0,,0.0,1,14.83,56.89,SPY210331C00340000,340.0,normalDay
2021-03-16,5993.0,1261.0,0.0,100,395.91,342.0,0,0.0,0.0,,0.0,1,14.83,56.13,SPY210331C00340000,340.0,normalDay
2021-03-17,5993.0,1278.0,0.0,100,397.26,342.0,0,0.0,0.0,,0.0,1,14.83,57.31,SPY210331C00340000,340.0,normalDay
2021-03-18,5993.0,1186.0,0.0,100,391.48,342.0,0,0.0,0.0,,0.0,1,14.83,52.45,SPY210331C00340000,340.0,normalDay
2021-03-19,5993.0,1262.0,0.0,100,389.48,342.0,0,0.0,0.0,,0.0,1,14.83,49.69,SPY210331C00340000,340.0,normalDay
2021-03-22,5993.0,1247.0,0.0,100,392.59,342.0,0,0.0,0.0,,0.0,1,14.83,52.95,SPY210331C00340000,340.0,normalDay
2021-03-23,5993.0,1232.0,0.0,100,389.5,342.0,0,0.0,0.0,,0.0,1,14.83,50.01,SPY210331C00340000,340.0,normalDay
2021-03-24,5993.0,1250.0,0.0,100,387.52,342.0,0,0.0,0.0,,0.0,1,14.83,47.85,SPY210331C00340000,340.0,normalDay
2021-03-25,5993.0,1254.0,0.0,100,389.7,342.0,0,0.0,0.0,,0.0,1,14.83,49.99,SPY210331C00340000,340.0,normalDay
2021-03-26,5993.0,1290.0,0.0,100,395.98,342.0,0,0.0,0.0,,0.0,1,14.83,55.91,SPY210331C00340000,340.0,normalDay
2021-03-29,5993.0,1285.0,0.0,100,395.78,342.0,0,0.0,0.0,,0.0,1,14.83,55.76,SPY210331C00340000,340.0,normalDay
2021-03-30,5993.0,1307.0,0.0,100,394.73,342.0,0,0.0,0.0,,0.0,1,14.83,54.49,SPY210331C00340000,340.0,normalDay
2021-03-31,7276.0,1307.0,1283.0,0,396.33,0.0,0,0.0,0.0,,0.0,1,14.83,0.0,SPY210331C00340000,340.0,expirationDay
2021-04-01,7276.0,0.0,0.0,0,400.61,0.0,0,0.0,0.0,,0.0,0,0.0,0.0,,0.0,bidTooLow
2021-04-05,7276.0,-3.0,0.0,0,406.36,0.0,1,0.04,0.07,SPY210407P00393000,393.0,0,0.0,0.0,,0.0,normalDay
2021-04-06,7276.0,0.0,0.0,0,406.12,0.0,1,0.04,0.04,SPY210407P00393000,393.0,0,0.0,0.0,,0.0,normalDay
2021-04-07,7280.0,0.0,4.0,0,406.59,0.0,1,0.04,0.0,SPY210407P00393000,393.0,0,0.0,0.0,,0.0,expirationDay
2021-04-08,7280.0,0.0,0.0,0,408.52,0.0,0,0.0,0.0,,0.0,0,0.0,0.0,,0.0,bidTooLow
2021-04-09,7280.0,-3.0,0.0,0,411.49,0.0,1,0.01,0.04,SPY210412P00397000,397.0,0,0.0,0.0,,0.0,normalDay
2021-04-12,7281.0,0.0,1.0,0,411.64,0.0,1,0.01,0.0,SPY210412P00397000,397.0,0,0.0,0.0,,0.0,expirationDay
2021-04-13,7281.0,-3.0,0.0,0,412.86,0.0,1,0.04,0.07,SPY210416P00399000,399.0,0,0.0,0.0,,0.0,normalDay
2021-04-14,7281.0,-4.0,0.0,0,411.45,0.0,1,0.04,0.08,SPY210416P00399000,399.0,0,0.0,0.0,,0.0,normalDay
2021-04-15,7281.0,1.0,0.0,0,415.87,0.0,1,0.04,0.03,SPY210416P00399000,399.0,0,0.0,0.0,,0.0,normalDay
2021-04-16,7285.0,0.0,4.0,0,417.26,0.0,1,0.04,0.0,SPY210416P00399000,399.0,0,0.0,0.0,,0.0,expirationDay
2021-04-19,7285.0,-3.0,0.0,0,415.21,0.0,1,0.02,0.05,SPY210421P00403000,403.0,0,0.0,0.0,,0.0,normalDay
2021-04-20,7285.0,-3.0,0.0,0,412.17,0.0,1,0.02,0.05,SPY210421P00403000,403.0,0,0.0,0.0,,0.0,normalDay
2021-04-21,7287.0,0.0,2.0,0,416.07,0.0,1,0.02,0.0,SPY210421P00403000,403.0,0,0.0,0.0,,0.0,expirationDay
2021-04-22,7287.0,-3.0,0.0,0,412.27,0.0,1,0.2,0.23,SPY210423P00407000,407.0,0,0.0,0.0,,0.0,normalDay
2021-04-23,7307.0,0.0,20.0,0,416.74,0.0,1,0.2,0.0,SPY210423P00407000,407.0,0,0.0,0.0,,0.0,expirationDay
2021-04-26,7307.0,-3.0,0.0,0,417.61,0.0,1,0.09,0.12,SPY210428P00409000,409.0,0,0.0,0.0,,0.0,normalDay
2021-04-27,7307.0,4.0,0.0,0,417.52,0.0,1,0.09,0.05,SPY210428P00409000,409.0,0,0.0,0.0,,0.0,normalDay
2021-04-28,7316.0,0.0,9.0,0,417.4,0.0,1,0.09,0.0,SPY210428P00409000,409.0,0,0.0,0.0,,0.0,expirationDay
2021-04-29,7316.0,-3.0,0.0,0,420.06,0.0,1,0.04,0.07,SPY210430P00412500,412.5,0,0.0,0.0,,0.0,normalDay
2021-04-30,7320.0,0.0,4.0,0,417.3,0.0,1,0.04,0.0,SPY210430P00412500,412.5,0,0.0,0.0,,0.0,expirationDay
2021-05-03,7320.0,-3.0,0.0,0,418.2,0.0,1,0.4,0.43,SPY210505P00414000,414.0,0,0.0,0.0,,0.0,normalDay
2021-05-04,7320.0,-34.0,0.0,0,415.62,0.0,1,0.4,0.74,SPY210505P00414000,414.0,0,0.0,0.0,,0.0,normalDay
2021-05-05,7360.0,0.0,40.0,0,415.75,0.0,1,0.4,0.0,SPY210505P00414000,414.0,0,0.0,0.0,,0.0,expirationDay
2021-05-06,7360.0,-3.0,0.0,0,419.07,0.0,1,0.35,0.38,SPY210507P00416000,416.0,0,0.0,0.0,,0.0,normalDay
2021-05-07,7395.0,0.0,35.0,0,422.12,0.0,1,0.35,0.0,SPY210507P00416000,416.0,0,0.0,0.0,,0.0,expirationDay
2021-05-10,7395.0,-3.0,0.0,0,417.94,0.0,1,1.44,1.47,SPY210512P00416000,416.0,0,0.0,0.0,,0.0,normalDay
2021-05-11,7395.0,-135.0,0.0,0,414.21,0.0,1,1.44,2.79,SPY210512P00416000,416.0,0,0.0,0.0,,0.0,normalDay
2021-05-12,7539.0,-1059.0,144.0,100,405.41,416.0,1,1.44,0.0,SPY210512P00416000,416.0,0,0.0,0.0,,0.0,expirationDay
2021-05-13,7539.0,-600.0,0.0,100,410.28,416.0,0,0.0,0.0,,0.0,1,19.45,19.73,SPY211217C00416000,416.0,normalDay
2021-05-14,7539.0,-219.0,0.0,100,416.58,416.0,0,0.0,0.0,,0.0,1,19.45,22.22,SPY211217C00416000,416.0,normalDay
2021-05-17,7539.0,-282.0,0.0,100,415.52,416.0,0,0.0,0.0,,0.0,1,19.45,21.79,SPY211217C00416000,416.0,normalDay
2021-05-18,7539.0,-499.0,0.0,100,411.94,416.0,0,0.0,0.0,,0.0,1,19.45,20.38,SPY211217C00416000,416.0,normalDay
2021-05-19,7539.0,-555.0,0.0,100,410.86,416.0,0,0.0,0.0,,0.0,1,19.45,19.86,SPY211217C00416000,416.0,normalDay
2021-05-20,7539.0,-304.0,0.0,100,415.28,416.0,0,0.0,0.0,,0.0,1,19.45,21.77,SPY211217C00416000,416.0,normalDay
2021-05-21,7539.0,-312.0,0.0,100,414.94,416.0,0,0.0,0.0,,0.0,1,19.45,21.51,SPY211217C00416000,416.0,normalDay
2021-05-24,7539.0,-47.0,0.0,100,419.17,416.0,0,0.0,0.0,,0.0,1,19.45,23.09,SPY211217C00416000,416.0,normalDay
2021-05-25,7539.0,-74.0,0.0,100,418.24,416.0,0,0.0,0.0,,0.0,1,19.45,22.43,SPY211217C00416000,416.0,normalDay
2021-05-26,7539.0,16.0,0.0,100,419.07,416.0,0,0.0,0.0,,0.0,1,19.45,22.36,SPY211217C00416000,416.0,normalDay
2021-05-27,7539.0,44.0,0.0,100,419.29,416.0,0,0.0,0.0,,0.0,1,19.45,22.3,SPY211217C00416000,416.0,normalDay
2021-05-28,7539.0,141.0,0.0,100,420.04,416.0,0,0.0,0.0,,0.0,1,19.45,22.08,SPY211217C00416000,416.0,normalDay
2021-06-01,7539.0,108.0,0.0,100,419.67,416.0,0,0.0,0.0,,0.0,1,19.45,22.04,SPY211217C00416000,416.0,normalDay
2021-06-02,7539.0,139.0,0.0,100,420.33,416.0,0,0.0,0.0,,0.0,1,19.45,22.39,SPY211217C00416000,416.0,normalDay
2021-06-03,7539.0,54.0,0.0,100,418.77,416.0,0,0.0,0.0,,0.0,1,19.45,21.68,SPY211217C00416000,416.0,normalDay
2021-06-04,7539.0,274.0,0.0,100,422.6,416.0,0,0.0,0.0,,0.0,1,19.45,23.31,SPY211217C00416000,416.0,normalDay
2021-06-07,7539.0,252.0,0.0,100,422.19,416.0,0,0.0,0.0,,0.0,1,19.45,23.12,SPY211217C00416000,416.0,normalDay
2021-06-08,7539.0,251.0,0.0,100,422.28,416.0,0,0.0,0.0,,0.0,1,19.45,23.22,SPY211217C00416000,416.0,normalDay
2021-06-09,7539.0,198.0,0.0,100,421.65,416.0,0,0.0,0.0,,0.0,1,19.45,23.12,SPY211217C00416000,416.0,normalDay
2021-06-10,7539.0,375.0,0.0,100,423.61,416.0,0,0.0,0.0,,0.0,1,19.45,23.31,SPY211217C00416000,416.0,normalDay
2021-06-11,7539.0,432.0,0.0,100,424.31,416.0,0,0.0,0.0,,0.0,1,19.45,23.44,SPY211217C00416000,416.0,normalDay
2021-06-14,7539.0,437.0,0.0,100,425.26,416.0,0,0.0,0.0,,0.0,1,19.45,24.34,SPY211217C00416000,416.0,normalDay
2021-06-15,7539.0,406.0,0.0,100,424.48,416.0,0,0.0,0.0,,0.0,1,19.45,23.87,SPY211217C00416000,416.0,normalDay
2021-06-16,7539.0,282.0,0.0,100,422.11,416.0,0,0.0,0.0,,0.0,1,19.45,22.74,SPY211217C00416000,416.0,normalDay
2021-06-17,7539.0,305.0,0.0,100,421.97,416.0,0,0.0,0.0,,0.0,1,19.45,22.37,SPY211217C00416000,416.0,normalDay
2021-06-18,7539.0,-129.0,0.0,100,414.92,416.0,0,0.0,0.0,,0.0,1,19.45,19.66,SPY211217C00416000,416.0,normalDay
2021-06-21,7539.0,185.0,0.0,100,420.86,416.0,0,0.0,0.0,,0.0,1,19.45,22.46,SPY211217C00416000,416.0,normalDay
2021-06-22,7539.0,355.0,0.0,100,423.11,416.0,0,0.0,0.0,,0.0,1,19.45,23.01,SPY211217C00416000,416.0,normalDay
2021-06-23,7539.0,360.0,0.0,100,422.6,416.0,0,0.0,0.0,,0.0,1,19.45,22.45,SPY211217C00416000,416.0,normalDay
2021-06-24,7539.0,468.0,0.0,100,425.1,416.0,0,0.0,0.0,,0.0,1,19.45,23.87,SPY211217C00416000,416.0,normalDay
2021-06-25,7539.0,513.0,0.0,100,426.61,416.0,0,0.0,0.0,,0.0,1,19.45,24.93,SPY211217C00416000,416.0,normalDay
2021-06-28,7539.0,562.0,0.0,100,427.47,416.0,0,0.0,0.0,,0.0,1,19.45,25.3,SPY211217C00416000,416.0,normalDay
2021-06-29,7539.0,528.0,0.0,100,427.7,416.0,0,0.0,0.0,,0.0,1,19.45,25.87,SPY211217C00416000,416.0,normalDay
2021-06-30,7539.0,513.0,0.0,100,428.06,416.0,0,0.0,0.0,,0.0,1,19.45,26.38,SPY211217C00416000,416.0,normalDay
2021-07-01,7539.0,622.0,0.0,100,430.43,416.0,0,0.0,0.0,,0.0,1,19.45,27.66,SPY211217C00416000,416.0,normalDay
2021-07-02,7539.0,734.0,0.0,100,433.72,416.0,0,0.0,0.0,,0.0,1,19.45,29.83,SPY211217C00416000,416.0,normalDay
2021-07-06,7539.0,704.0,0.0,100,432.93,416.0,0,0.0,0.0,,0.0,1,19.45,29.34,SPY211217C00416000,416.0,normalDay
2021-07-07,7539.0,712.0,0.0,100,434.46,416.0,0,0.0,0.0,,0.0,1,19.45,30.79,SPY211217C00416000,416.0,normalDay
2021-07-08,7539.0,574.0,0.0,100,430.92,416.0,0,0.0,0.0,,0.0,1,19.45,28.63,SPY211217C00416000,416.0,normalDay
2021-07-09,7539.0,757.0,0.0,100,435.52,416.0,0,0.0,0.0,,0.0,1,19.45,31.4,SPY211217C00416000,416.0,normalDay
2021-07-12,7539.0,754.0,0.0,100,437.08,416.0,0,0.0,0.0,,0.0,1,19.45,32.99,SPY211217C00416000,416.0,normalDay
2021-07-13,7539.0,719.0,0.0,100,435.59,416.0,0,0.0,0.0,,0.0,1,19.45,31.85,SPY211217C00416000,416.0,normalDay
2021-07-14,7539.0,726.0,0.0,100,436.24,416.0,0,0.0,0.0,,0.0,1,19.45,32.43,SPY211217C00416000,416.0,normalDay
2021-07-15,7539.0,717.0,0.0,100,434.75,416.0,0,0.0,0.0,,0.0,1,19.45,31.03,SPY211217C00416000,416.0,normalDay
2021-07-16,7539.0,574.0,0.0,100,431.34,416.0,0,0.0,0.0,,0.0,1,19.45,29.05,SPY211217C00416000,416.0,normalDay
2021-07-19,7539.0,297.0,0.0,100,424.97,416.0,0,0.0,0.0,,0.0,1,19.45,25.45,SPY211217C00416000,416.0,normalDay
2021-07-20,7539.0,551.0,0.0,100,431.06,416.0,0,0.0,0.0,,0.0,1,19.45,29.0,SPY211217C00416000,416.0,normalDay
2021-07-21,7539.0,689.0,0.0,100,434.55,416.0,0,0.0,0.0,,0.0,1,19.45,31.11,SPY211217C00416000,416.0,normalDay
2021-07-22,7539.0,713.0,0.0,100,435.46,416.0,0,0.0,0.0,,0.0,1,19.45,31.78,SPY211217C00416000,416.0,normalDay
2021-07-23,7539.0,857.0,0.0,100,439.94,416.0,0,0.0,0.0,,0.0,1,19.45,34.82,SPY211217C00416000,416.0,normalDay
2021-07-26,7539.0,873.0,0.0,100,441.02,416.0,0,0.0,0.0,,0.0,1,19.45,35.74,SPY211217C00416000,416.0,normalDay
2021-07-27,7539.0,832.0,0.0,100,439.01,416.0,0,0.0,0.0,,0.0,1,19.45,34.14,SPY211217C00416000,416.0,normalDay
2021-07-28,7539.0,840.0,0.0,100,438.83,416.0,0,0.0,0.0,,0.0,1,19.45,33.88,SPY211217C00416000,416.0,normalDay
2021-07-29,7539.0,914.0,0.0,100,440.65,416.0,0,0.0,0.0,,0.0,1,19.45,34.96,SPY211217C00416000,416.0,normalDay
2021-07-30,7539.0,801.0,0.0,100,438.51,416.0,0,0.0,0.0,,0.0,1,19.45,33.95,SPY211217C00416000,416.0,normalDay
2021-08-02,7539.0,787.0,0.0,100,437.59,416.0,0,0.0,0.0,,0.0,1,19.45,33.17,SPY211217C00416000,416.0,normalDay
2021-08-03,7539.0,947.0,0.0,100,441.15,416.0,0,0.0,0.0,,0.0,1,19.45,35.13,SPY211217C00416000,416.0,normalDay
2021-08-04,7539.0,865.0,0.0,100,438.98,416.0,0,0.0,0.0,,0.0,1,19.45,33.78,SPY211217C00416000,416.0,normalDay
2021-08-05,7539.0,982.0,0.0,100,441.76,416.0,0,0.0,0.0,,0.0,1,19.45,35.39,SPY211217C00416000,416.0,normalDay
2021-08-06,7539.0,1026.0,0.0,100,442.49,416.0,0,0.0,0.0,,0.0,1,19.45,35.68,SPY211217C00416000,416.0,normalDay
2021-08-09,7539.0,996.0,0.0,100,442.13,416.0,0,0.0,0.0,,0.0,1,19.45,35.62,SPY211217C00416000,416.0,normalDay
2021-08-10,7539.0,1054.0,0.0,100,442.68,416.0,0,0.0,0.0,,0.0,1,19.45,35.59,SPY211217C00416000,416.0,normalDay
2021-08-11,7539.0,1086.0,0.0,100,443.78,416.0,0,0.0,0.0,,0.0,1,19.45,36.37,SPY211217C00416000,416.0,normalDay
2021-08-12,7539.0,1123.0,0.0,100,445.11,416.0,0,0.0,0.0,,0.0,1,19.45,37.33,SPY211217C00416000,416.0,normalDay
2021-08-13,7539.0,1154.0,0.0,100,445.92,416.0,0,0.0,0.0,,0.0,1,19.45,37.83,SPY211217C00416000,416.0,normalDay
2021-08-16,7539.0,1160.0,0.0,100,446.97,416.0,0,0.0,0.0,,0.0,1,19.45,38.82,SPY211217C00416000,416.0,normalDay
2021-08-17,7539.0,1101.0,0.0,100,444.04,416.0,0,0.0,0.0,,0.0,1,19.45,36.48,SPY211217C00416000,416.0,normalDay
2021-08-18,7539.0,874.0,0.0,100,439.18,416.0,0,0.0,0.0,,0.0,1,19.45,33.89,SPY211217C00416000,416.0,normalDay
2021-08-19,7539.0,857.0,0.0,100,439.86,416.0,0,0.0,0.0,,0.0,1,19.45,34.74,SPY211217C00416000,416.0,normalDay
2021-08-20,7539.0,1044.0,0.0,100,443.36,416.0,0,0.0,0.0,,0.0,1,19.45,36.37,SPY211217C00416000,416.0,normalDay
2021-08-23,7539.0,1157.0,0.0,100,447.26,416.0,0,0.0,0.0,,0.0,1,19.45,39.14,SPY211217C00416000,416.0,normalDay
2021-08-24,7539.0,1192.0,0.0,100,447.97,416.0,0,0.0,0.0,,0.0,1,19.45,39.5,SPY211217C00416000,416.0,normalDay
2021-08-25,7539.0,1238.0,0.0,100,448.91,416.0,0,0.0,0.0,,0.0,1,19.45,39.98,SPY211217C00416000,416.0,normalDay
2021-08-26,7539.0,1139.0,0.0,100,446.26,416.0,0,0.0,0.0,,0.0,1,19.45,38.32,SPY211217C00416000,416.0,normalDay
2021-08-27,7539.0,1287.0,0.0,100,450.25,416.0,0,0.0,0.0,,0.0,1,19.45,40.83,SPY211217C00416000,416.0,normalDay
2021-08-30,7539.0,1336.0,0.0,100,452.23,416.0,0,0.0,0.0,,0.0,1,19.45,42.32,SPY211217C00416000,416.0,normalDay
2021-08-31,7539.0,1294.0,0.0,100,451.56,416.0,0,0.0,0.0,,0.0,1,19.45,42.07,SPY211217C00416000,416.0,normalDay
2021-09-01,7539.0,1339.0,0.0,100,451.8,416.0,0,0.0,0.0,,0.0,1,19.45,41.86,SPY211217C00416000,416.0,normalDay
2021-09-02,7539.0,1380.0,0.0,100,453.19,416.0,0,0.0,0.0,,0.0,1,19.45,42.84,SPY211217C00416000,416.0,normalDay
2021-09-03,7539.0,1380.0,0.0,100,453.08,416.0,0,0.0,0.0,,0.0,1,19.45,42.73,SPY211217C00416000,416.0,normalDay
2021-09-07,7539.0,1343.0,0.0,100,451.46,416.0,0,0.0,0.0,,0.0,1,19.45,41.48,SPY211217C00416000,416.0,normalDay
2021-09-08,7539.0,1331.0,0.0,100,450.91,416.0,0,0.0,0.0,,0.0,1,19.45,41.05,SPY211217C00416000,416.0,normalDay
2021-09-09,7539.0,1295.0,0.0,100,448.98,416.0,0,0.0,0.0,,0.0,1,19.45,39.48,SPY211217C00416000,416.0,normalDay
2021-09-10,7539.0,1149.0,0.0,100,445.44,416.0,0,0.0,0.0,,0.0,1,19.45,37.4,SPY211217C00416000,416.0,normalDay
2021-09-13,7539.0,1225.0,0.0,100,446.58,416.0,0,0.0,0.0,,0.0,1,19.45,37.78,SPY211217C00416000,416.0,normalDay
2021-09-14,7539.0,1201.0,0.0,100,444.17,416.0,0,0.0,0.0,,0.0,1,19.45,35.61,SPY211217C00416000,416.0,normalDay
2021-09-15,7539.0,1332.0,0.0,100,447.88,416.0,0,0.0,0.0,,0.0,1,19.45,38.01,SPY211217C00416000,416.0,normalDay
2021-09-16,7539.0,1342.0,0.0,100,447.17,416.0,0,0.0,0.0,,0.0,1,19.45,37.2,SPY211217C00416000,416.0,normalDay
2021-09-17,7539.0,1070.0,0.0,100,441.4,416.0,0,0.0,0.0,,0.0,1,19.45,34.15,SPY211217C00416000,416.0,normalDay
2021-09-20,7539.0,764.0,0.0,100,434.04,416.0,0,0.0,0.0,,0.0,1,19.45,29.85,SPY211217C00416000,416.0,normalDay
2021-09-21,7539.0,818.0,0.0,100,433.63,416.0,0,0.0,0.0,,0.0,1,19.45,28.9,SPY211217C00416000,416.0,normalDay
2021-09-22,7539.0,998.0,0.0,100,437.86,416.0,0,0.0,0.0,,0.0,1,19.45,31.33,SPY211217C00416000,416.0,normalDay
2021-09-23,7539.0,1205.0,0.0,100,443.18,416.0,0,0.0,0.0,,0.0,1,19.45,34.58,SPY211217C00416000,416.0,normalDay
2021-09-24,7539.0,1248.0,0.0,100,443.91,416.0,0,0.0,0.0,,0.0,1,19.45,34.88,SPY211217C00416000,416.0,normalDay
2021-09-27,7539.0,1247.0,0.0,100,442.64,416.0,0,0.0,0.0,,0.0,1,19.45,33.62,SPY211217C00416000,416.0,normalDay
2021-09-28,7539.0,869.0,0.0,100,433.72,416.0,0,0.0,0.0,,0.0,1,19.45,28.48,SPY211217C00416000,416.0,normalDay
2021-09-29,7539.0,888.0,0.0,100,434.45,416.0,0,0.0,0.0,,0.0,1,19.45,29.02,SPY211217C00416000,416.0,normalDay
2021-09-30,7539.0,708.0,0.0,100,429.14,416.0,0,0.0,0.0,,0.0,1,19.45,25.51,SPY211217C00416000,416.0,normalDay
2021-10-01,7539.0,968.0,0.0,100,434.24,416.0,0,0.0,0.0,,0.0,1,19.45,28.01,SPY211217C00416000,416.0,normalDay
2021-10-04,7539.0,822.0,0.0,100,428.64,416.0,0,0.0,0.0,,0.0,1,19.45,23.87,SPY211217C00416000,416.0,normalDay
2021-10-05,7539.0,1004.0,0.0,100,433.1,416.0,0,0.0,0.0,,0.0,1,19.45,26.51,SPY211217C00416000,416.0,normalDay
2021-10-06,7539.0,1091.0,0.0,100,434.9,416.0,0,0.0,0.0,,0.0,1,19.45,27.44,SPY211217C00416000,416.0,normalDay
2021-10-07,7539.0,1210.0,0.0,100,438.66,416.0,0,0.0,0.0,,0.0,1,19.45,30.01,SPY211217C00416000,416.0,normalDay
2021-10-08,7539.0,1256.0,0.0,100,437.86,416.0,0,0.0,0.0,,0.0,1,19.45,28.75,SPY211217C00416000,416.0,normalDay
2021-10-11,7539.0,1179.0,0.0,100,434.69,416.0,0,0.0,0.0,,0.0,1,19.45,26.35,SPY211217C00416000,416.0,normalDay
2021-10-12,7539.0,1230.0,0.0,100,433.62,416.0,0,0.0,0.0,,0.0,1,19.45,24.77,SPY211217C00416000,416.0,normalDay
2021-10-13,7539.0,1255.0,0.0,100,435.18,416.0,0,0.0,0.0,,0.0,1,19.45,26.08,SPY211217C00416000,416.0,normalDay
2021-10-14,7539.0,1436.0,0.0,100,442.5,416.0,0,0.0,0.0,,0.0,1,19.45,31.59,SPY211217C00416000,416.0,normalDay
2021-10-15,7539.0,1499.0,0.0,100,445.87,416.0,0,0.0,0.0,,0.0,1,19.45,34.33,SPY211217C00416000,416.0,normalDay
2021-10-18,7539.0,1539.0,0.0,100,447.19,416.0,0,0.0,0.0,,0.0,1,19.45,35.25,SPY211217C00416000,416.0,normalDay
2021-10-19,7539.0,1552.0,0.0,100,450.64,416.0,0,0.0,0.0,,0.0,1,19.45,38.57,SPY211217C00416000,416.0,normalDay
2021-10-20,7539.0,1652.0,0.0,100,452.41,416.0,0,0.0,0.0,,0.0,1,19.45,39.34,SPY211217C00416000,416.0,normalDay
2021-10-21,7539.0,1656.0,0.0,100,453.59,416.0,0,0.0,0.0,,0.0,1,19.45,40.48,SPY211217C00416000,416.0,normalDay
2021-10-22,7539.0,1654.0,0.0,100,453.12,416.0,0,0.0,0.0,,0.0,1,19.45,40.03,SPY211217C00416000,416.0,normalDay
2021-10-25,7539.0,1739.0,0.0,100,455.55,416.0,0,0.0,0.0,,0.0,1,19.45,41.61,SPY211217C00416000,416.0,normalDay
2021-10-26,7539.0,1644.0,0.0,100,455.96,416.0,0,0.0,0.0,,0.0,1,19.45,42.97,SPY211217C00416000,416.0,normalDay
2021-10-27,7539.0,1618.0,0.0,100,453.94,416.0,0,0.0,0.0,,0.0,1,19.45,41.21,SPY211217C00416000,416.0,normalDay
2021-10-28,7539.0,1732.0,0.0,100,458.32,416.0,0,0.0,0.0,,0.0,1,19.45,44.45,SPY211217C00416000,416.0,normalDay
2021-10-29,7539.0,1693.0,0.0,100,459.25,416.0,0,0.0,0.0,,0.0,1,19.45,45.77,SPY211217C00416000,416.0,normalDay
2021-11-01,7539.0,1747.0,0.0,100,460.04,416.0,0,0.0,0.0,,0.0,1,19.45,46.02,SPY211217C00416000,416.0,normalDay
2021-11-02,7539.0,1794.0,0.0,100,461.9,416.0,0,0.0,0.0,,0.0,1,19.45,47.41,SPY211217C00416000,416.0,normalDay
2021-11-03,7539.0,1810.0,0.0,100,464.72,416.0,0,0.0,0.0,,0.0,1,19.45,50.07,SPY211217C00416000,416.0,normalDay
2021-11-04,7539.0,1831.0,0.0,100,466.91,416.0,0,0.0,0.0,,0.0,1,19.45,52.05,SPY211217C00416000,416.0,normalDay
2021-11-05,7539.0,1811.0,0.0,100,468.53,416.0,0,0.0,0.0,,0.0,1,19.45,53.87,SPY211217C00416000,416.0,normalDay
2021-11-08,7539.0,1824.0,0.0,100,468.93,416.0,0,0.0,0.0,,0.0,1,19.45,54.14,SPY211217C00416000,416.0,normalDay
2021-11-09,7539.0,1821.0,0.0,100,467.38,416.0,0,0.0,0.0,,0.0,1,19.45,52.62,SPY211217C00416000,416.0,normalDay
2021-11-10,7539.0,1769.0,0.0,100,463.62,416.0,0,0.0,0.0,,0.0,1,19.45,49.38,SPY211217C00416000,416.0,normalDay
2021-11-11,7539.0,1773.0,0.0,100,463.77,416.0,0,0.0,0.0,,0.0,1,19.45,49.49,SPY211217C00416000,416.0,normalDay
2021-11-12,7539.0,1802.0,0.0,100,467.27,416.0,0,0.0,0.0,,0.0,1,19.45,52.7,SPY211217C00416000,416.0,normalDay
2021-11-15,7539.0,1849.0,0.0,100,467.43,416.0,0,0.0,0.0,,0.0,1,19.45,52.39,SPY211217C00416000,416.0,normalDay
2021-11-16,7539.0,1829.0,0.0,100,469.28,416.0,0,0.0,0.0,,0.0,1,19.45,54.44,SPY211217C00416000,416.0,normalDay
2021-11-17,7539.0,1867.0,0.0,100,468.14,416.0,0,0.0,0.0,,0.0,1,19.45,52.92,SPY211217C00416000,416.0,normalDay
2021-11-18,7539.0,1833.0,0.0,100,469.73,416.0,0,0.0,0.0,,0.0,1,19.45,54.85,SPY211217C00416000,416.0,normalDay
2021-11-19,7539.0,1834.0,0.0,100,468.89,416.0,0,0.0,0.0,,0.0,1,19.45,54.0,SPY211217C00416000,416.0,normalDay
2021-11-22,7539.0,1838.0,0.0,100,467.57,416.0,0,0.0,0.0,,0.0,1,19.45,52.64,SPY211217C00416000,416.0,normalDay
2021-11-23,7539.0,1872.0,0.0,100,468.19,416.0,0,0.0,0.0,,0.0,1,19.45,52.92,SPY211217C00416000,416.0,normalDay
2021-11-24,7539.0,1844.0,0.0,100,469.44,416.0,0,0.0,0.0,,0.0,1,19.45,54.45,SPY211217C00416000,416.0,normalDay
2021-11-26,7539.0,1704.0,0.0,100,458.97,416.0,0,0.0,0.0,,0.0,1,19.45,45.38,SPY211217C00416000,416.0,normalDay
2021-11-29,7539.0,1818.0,0.0,100,464.6,416.0,0,0.0,0.0,,0.0,1,19.45,49.87,SPY211217C00416000,416.0,normalDay
2021-11-30,7539.0,1525.0,0.0,100,455.56,416.0,0,0.0,0.0,,0.0,1,19.45,43.76,SPY211217C00416000,416.0,normalDay
2021-12-01,7539.0,1614.0,0.0,100,450.5,416.0,0,0.0,0.0,,0.0,1,19.45,37.81,SPY211217C00416000,416.0,normalDay
2021-12-02,7539.0,1800.0,0.0,100,457.4,416.0,0,0.0,0.0,,0.0,1,19.45,42.85,SPY211217C00416000,416.0,normalDay
2021-12-03,7539.0,1684.0,0.0,100,453.42,416.0,0,0.0,0.0,,0.0,1,19.45,40.03,SPY211217C00416000,416.0,normalDay
2021-12-06,7539.0,1843.0,0.0,100,458.79,416.0,0,0.0,0.0,,0.0,1,19.45,43.81,SPY211217C00416000,416.0,normalDay
2021-12-07,7539.0,1887.0,0.0,100,468.28,416.0,0,0.0,0.0,,0.0,1,19.45,52.86,SPY211217C00416000,416.0,normalDay
2021-12-08,7539.0,1934.0,0.0,100,469.52,416.0,0,0.0,0.0,,0.0,1,19.45,53.63,SPY211217C00416000,416.0,normalDay
2021-12-09,7539.0,1923.0,0.0,100,466.35,416.0,0,0.0,0.0,,0.0,1,19.45,50.57,SPY211217C00416000,416.0,normalDay
2021-12-10,7539.0,1932.0,0.0,100,470.74,416.0,0,0.0,0.0,,0.0,1,19.45,54.87,SPY211217C00416000,416.0,normalDay
2021-12-13,7539.0,1946.0,0.0,100,466.57,416.0,0,0.0,0.0,,0.0,1,19.45,50.56,SPY211217C00416000,416.0,normalDay
2021-12-14,7539.0,1936.0,0.0,100,463.36,416.0,0,0.0,0.0,,0.0,1,19.45,47.45,SPY211217C00416000,416.0,normalDay
2021-12-15,7539.0,1892.0,0.0,100,470.6,416.0,0,0.0,0.0,,0.0,1,19.45,55.13,SPY211217C00416000,416.0,normalDay
2021-12-16,7539.0,1876.0,0.0,100,466.45,416.0,0,0.0,0.0,,0.0,1,19.45,51.14,SPY211217C00416000,416.0,normalDay
2021-12-17,9484.0,1876.0,1945.0,0,459.87,0.0,0,0.0,0.0,,0.0,1,19.45,0.0,SPY211217C00416000,416.0,expirationDay
2021-12-20,9484.0,-13.0,0.0,0,454.98,0.0,1,8.17,8.3,SPY211223P00463000,463.0,0,0.0,0.0,,0.0,normalDay
2021-12-21,9484.0,568.0,0.0,0,463.06,0.0,1,8.17,2.49,SPY211223P00463000,463.0,0,0.0,0.0,,0.0,normalDay
2021-12-22,9484.0,792.0,0.0,0,467.69,0.0,1,8.17,0.25,SPY211223P00463000,463.0,0,0.0,0.0,,0.0,normalDay
2021-12-23,10301.0,0.0,817.0,0,470.6,0.0,1,8.17,0.0,SPY211223P00463000,463.0,0,0.0,0.0,,0.0,expirationDay
2021-12-27,10301.0,-3.0,0.0,0,477.26,0.0,1,0.04,0.07,SPY211229P00464000,464.0,0,0.0,0.0,,0.0,normalDay
2021-12-28,10301.0,1.0,0.0,0,476.87,0.0,1,0.04,0.03,SPY211229P00464000,464.0,0,0.0,0.0,,0.0,normalDay
2021-12-29,10305.0,0.0,4.0,0,477.48,0.0,1,0.04,0.0,SPY211229P00464000,464.0,0,0.0,0.0,,0.0,expirationDay
2021-12-30,10305.0,-3.0,0.0,0,476.16,0.0,1,0.05,0.08,SPY211231P00467000,467.0,0,0.0,0.0,,0.0,normalDay
2021-12-31,10310.0,0.0,5.0,0,474.96,0.0,1,0.05,0.0,SPY211231P00467000,467.0,0,0.0,0.0,,0.0,expirationDay
2022-01-03,10310.0,-3.0,0.0,0,477.71,0.0,1,0.07,0.1,SPY220105P00469000,469.0,0,0.0,0.0,,0.0,normalDay
2022-01-04,10310.0,2.0,0.0,0,477.55,0.0,1,0.07,0.05,SPY220105P00469000,469.0,0,0.0,0.0,,0.0,normalDay
2022-01-05,10317.0,-62.0,7.0,100,468.38,469.0,1,0.07,0.0,SPY220105P00469000,469.0,0,0.0,0.0,,0.0,expirationDay
2022-01-06,10317.0,-158.0,0.0,100,467.94,469.0,0,0.0,0.0,,0.0,1,22.38,22.9,SPY220630C00470000,470.0,normalDay
2022-01-07,10317.0,-197.0,0.0,100,466.09,469.0,0,0.0,0.0,,0.0,1,22.38,21.44,SPY220630C00470000,470.0,normalDay
2022-01-10,10317.0,-152.0,0.0,100,465.51,469.0,0,0.0,0.0,,0.0,1,22.38,20.41,SPY220630C00470000,470.0,normalDay
2022-01-11,10317.0,65.0,0.0,100,469.75,469.0,0,0.0,0.0,,0.0,1,22.38,22.48,SPY220630C00470000,470.0,normalDay
2022-01-12,10317.0,110.0,0.0,100,471.02,469.0,0,0.0,0.0,,0.0,1,22.38,23.3,SPY220630C00470000,470.0,normalDay
2022-01-13,10317.0,-207.0,0.0,100,464.53,469.0,0,0.0,0.0,,0.0,1,22.38,19.98,SPY220630C00470000,470.0,normalDay
2022-01-14,10317.0,-156.0,0.0,100,464.72,469.0,0,0.0,0.0,,0.0,1,22.38,19.66,SPY220630C00470000,470.0,normalDay
2022-01-18,10317.0,-616.0,0.0,100,456.49,469.0,0,0.0,0.0,,0.0,1,22.38,16.03,SPY220630C00470000,470.0,normalDay
2022-01-19,10317.0,-876.0,0.0,100,451.75,469.0,0,0.0,0.0,,0.0,1,22.38,13.89,SPY220630C00470000,470.0,normalDay
2022-01-20,10317.0,-1211.0,0.0,100,446.75,469.0,0,0.0,0.0,,0.0,1,22.38,12.24,SPY220630C00470000,470.0,normalDay
2022-01-21,10317.0,-1842.0,0.0,100,437.98,469.0,0,0.0,0.0,,0.0,1,22.38,9.78,SPY220630C00470000,470.0,normalDay
2022-01-24,10317.0,-1664.0,0.0,100,439.84,469.0,0,0.0,0.0,,0.0,1,22.38,9.86,SPY220630C00470000,470.0,normalDay
2022-01-25,10317.0,-2003.0,0.0,100,434.47,469.0,0,0.0,0.0,,0.0,1,22.38,7.88,SPY220630C00470000,470.0,normalDay
2022-01-26,10317.0,-2145.0,0.0,100,433.38,469.0,0,0.0,0.0,,0.0,1,22.38,8.21,SPY220630C00470000,470.0,normalDay
2022-01-27,10317.0,-2249.0,0.0,100,431.24,469.0,0,0.0,0.0,,0.0,1,22.38,7.11,SPY220630C00470000,470.0,normalDay
2022-01-28,10317.0,-1431.0,0.0,100,441.95,469.0,0,0.0,0.0,,0.0,1,22.38,9.64,SPY220630C00470000,470.0,normalDay
2022-01-31,10317.0,-838.0,0.0,100,449.91,469.0,0,0.0,0.0,,0.0,1,22.38,11.67,SPY220630C00470000,470.0,normalDay
2022-02-01,10317.0,-598.0,0.0,100,452.95,469.0,0,0.0,0.0,,0.0,1,22.38,12.31,SPY220630C00470000,470.0,normalDay
2022-02-02,10317.0,-272.0,0.0,100,457.35,469.0,0,0.0,0.0,,0.0,1,22.38,13.45,SPY220630C00470000,470.0,normalDay
2022-02-03,10317.0,-1192.0,0.0,100,446.6,469.0,0,0.0,0.0,,0.0,1,22.38,11.9,SPY220630C00470000,470.0,normalDay
2022-02-04,10317.0,-898.0,0.0,100,448.7,469.0,0,0.0,0.0,,0.0,1,22.38,11.06,SPY220630C00470000,470.0,normalDay
2022-02-07,10317.0,-991.0,0.0,100,447.26,469.0,0,0.0,0.0,,0.0,1,22.38,10.55,SPY220630C00470000,470.0,normalDay
2022-02-08,10317.0,-705.0,0.0,100,450.94,469.0,0,0.0,0.0,,0.0,1,22.38,11.37,SPY220630C00470000,470.0,normalDay
2022-02-09,10317.0,-269.0,0.0,100,457.54,469.0,0,0.0,0.0,,0.0,1,22.38,13.61,SPY220630C00470000,470.0,normalDay
2022-02-10,10317.0,-812.0,0.0,100,449.32,469.0,0,0.0,0.0,,0.0,1,22.38,10.82,SPY220630C00470000,470.0,normalDay
2022-02-11,10317.0,-1478.0,0.0,100,440.46,469.0,0,0.0,0.0,,0.0,1,22.38,8.62,SPY220630C00470000,470.0,normalDay
2022-02-14,10317.0,-1549.0,0.0,100,439.02,469.0,0,0.0,0.0,,0.0,1,22.38,7.89,SPY220630C00470000,470.0,normalDay
2022-02-15,10317.0,-957.0,0.0,100,446.1,469.0,0,0.0,0.0,,0.0,1,22.38,9.05,SPY220630C00470000,470.0,normalDay
2022-02-16,10317.0,-895.0,0.0,100,446.6,469.0,0,0.0,0.0,,0.0,1,22.38,8.93,SPY220630C00470000,470.0,normalDay
2022-02-17,10317.0,-1633.0,0.0,100,437.06,469.0,0,0.0,0.0,,0.0,1,22.38,6.77,SPY220630C00470000,470.0,normalDay
2022-02-18,10317.0,-1838.0,0.0,100,434.23,469.0,0,0.0,0.0,,0.0,1,22.38,5.99,SPY220630C00470000,470.0,normalDay
2022-02-22,10317.0,-2214.0,0.0,100,429.57,469.0,0,0.0,0.0,,0.0,1,22.38,5.09,SPY220630C00470000,470.0,normalDay
2022-02-23,10317.0,-2835.0,0.0,100,421.95,469.0,0,0.0,0.0,,0.0,1,22.38,3.68,SPY220630C00470000,470.0,normalDay
2022-02-24,10317.0,-2269.0,0.0,100,428.3,469.0,0,0.0,0.0,,0.0,1,22.38,4.37,SPY220630C00470000,470.0,normalDay
2022-02-25,10317.0,-1532.0,0.0,100,437.75,469.0,0,0.0,0.0,,0.0,1,22.38,6.45,SPY220630C00470000,470.0,normalDay
2022-02-28,10317.0,-1655.0,0.0,100,436.63,469.0,0,0.0,0.0,,0.0,1,22.38,6.56,SPY220630C00470000,470.0,normalDay
2022-03-01,10317.0,-2252.0,0.0,100,429.98,469.0,0,0.0,0.0,,0.0,1,22.38,5.88,SPY220630C00470000,470.0,normalDay
2022-03-02,10317.0,-1576.0,0.0,100,437.89,469.0,0,0.0,0.0,,0.0,1,22.38,7.03,SPY220630C00470000,470.0,normalDay
2022-03-03,10317.0,-1737.0,0.0,100,435.71,469.0,0,0.0,0.0,,0.0,1,22.38,6.46,SPY220630C00470000,470.0,normalDay
2022-03-04,10317.0,-2015.0,0.0,100,432.17,469.0,0,0.0,0.0,,0.0,1,22.38,5.7,SPY220630C00470000,470.0,normalDay
2022-03-07,10317.0,-3089.0,0.0,100,419.43,469.0,0,0.0,0.0,,0.0,1,22.38,3.7,SPY220630C00470000,470.0,normalDay
2022-03-08,10317.0,-3337.0,0.0,100,416.25,469.0,0,0.0,0.0,,0.0,1,22.38,3.0,SPY220630C00470000,470.0,normalDay
2022-03-09,10317.0,-2471.0,0.0,100,427.41,469.0,0,0.0,0.0,,0.0,1,22.38,5.5,SPY220630C00470000,470.0,normalDay
2022-03-10,10317.0,-2490.0,0.0,100,425.48,469.0,0,0.0,0.0,,0.0,1,22.38,3.76,SPY220630C00470000,470.0,normalDay
2022-03-11,10317.0,-2946.0,0.0,100,420.07,469.0,0,0.0,0.0,,0.0,1,22.38,2.91,SPY220630C00470000,470.0,normalDay
2022-03-14,10317.0,-3222.0,0.0,100,417.0,469.0,0,0.0,0.0,,0.0,1,22.38,2.6,SPY220630C00470000,470.0,normalDay
2022-03-15,10317.0,-2403.0,0.0,100,426.17,469.0,0,0.0,0.0,,0.0,1,22.38,3.58,SPY220630C00470000,470.0,normalDay
2022-03-16,10317.0,-1562.0,0.0,100,435.62,469.0,0,0.0,0.0,,0.0,1,22.38,4.62,SPY220630C00470000,470.0,normalDay
2022-03-17,10317.0,-1083.0,0.0,100,441.07,469.0,0,0.0,0.0,,0.0,1,22.38,5.28,SPY220630C00470000,470.0,normalDay
2022-03-18,10317.0,-837.0,0.0,100,444.52,469.0,0,0.0,0.0,,0.0,1,22.38,6.27,SPY220630C00470000,470.0,normalDay
2022-03-21,10317.0,-819.0,0.0,100,444.39,469.0,0,0.0,0.0,,0.0,1,22.38,5.96,SPY220630C00470000,470.0,normalDay
2022-03-22,10317.0,-443.0,0.0,100,449.59,469.0,0,0.0,0.0,,0.0,1,22.38,7.4,SPY220630C00470000,470.0,normalDay
2022-03-23,10317.0,-826.0,0.0,100,443.8,469.0,0,0.0,0.0,,0.0,1,22.38,5.44,SPY220630C00470000,470.0,normalDay
2022-03-24,10317.0,-342.0,0.0,100,450.49,469.0,0,0.0,0.0,,0.0,1,22.38,7.29,SPY220630C00470000,470.0,normalDay
2022-03-25,10317.0,-175.0,0.0,100,452.69,469.0,0,0.0,0.0,,0.0,1,22.38,7.82,SPY220630C00470000,470.0,normalDay
2022-03-28,10317.0,54.0,0.0,100,455.91,469.0,0,0.0,0.0,,0.0,1,22.38,8.75,SPY220630C00470000,470.0,normalDay
2022-03-29,10317.0,413.0,0.0,100,461.55,469.0,0,0.0,0.0,,0.0,1,22.38,10.8,SPY220630C00470000,470.0,normalDay
2022-03-30,10317.0,209.0,0.0,100,458.7,469.0,0,0.0,0.0,,0.0,1,22.38,9.99,SPY220630C00470000,470.0,normalDay
2022-03-31,10317.0,-246.0,0.0,100,451.64,469.0,0,0.0,0.0,,0.0,1,22.38,7.48,SPY220630C00470000,470.0,normalDay
2022-04-01,10317.0,-66.0,0.0,100,452.92,469.0,0,0.0,0.0,,0.0,1,22.38,6.96,SPY220630C00470000,470.0,normalDay
2022-04-04,10317.0,234.0,0.0,100,456.8,469.0,0,0.0,0.0,,0.0,1,22.38,7.84,SPY220630C00470000,470.0,normalDay
2022-04-05,10317.0,-195.0,0.0,100,451.03,469.0,0,0.0,0.0,,0.0,1,22.38,6.36,SPY220630C00470000,470.0,normalDay
2022-04-06,10317.0,-496.0,0.0,100,446.52,469.0,0,0.0,0.0,,0.0,1,22.38,4.86,SPY220630C00470000,470.0,normalDay
2022-04-07,10317.0,-327.0,0.0,100,448.77,469.0,0,0.0,0.0,,0.0,1,22.38,5.42,SPY220630C00470000,470.0,normalDay
2022-04-08,10317.0,-390.0,0.0,100,447.57,469.0,0,0.0,0.0,,0.0,1,22.38,4.85,SPY220630C00470000,470.0,normalDay
2022-04-11,10317.0,-986.0,0.0,100,439.92,469.0,0,0.0,0.0,,0.0,1,22.38,3.16,SPY220630C00470000,470.0,normalDay
2022-04-12,10317.0,-1117.0,0.0,100,438.29,469.0,0,0.0,0.0,,0.0,1,22.38,2.84,SPY220630C00470000,470.0,normalDay
2022-04-13,10317.0,-660.0,0.0,100,443.31,469.0,0,0.0,0.0,,0.0,1,22.38,3.29,SPY220630C00470000,470.0,normalDay
2022-04-14,10317.0,-1119.0,0.0,100,437.79,469.0,0,0.0,0.0,,0.0,1,22.38,2.36,SPY220630C00470000,470.0,normalDay
2022-04-18,10317.0,-1091.0,0.0,100,437.97,469.0,0,0.0,0.0,,0.0,1,22.38,2.26,SPY220630C00470000,470.0,normalDay
2022-04-19,10317.0,-455.0,0.0,100,445.04,469.0,0,0.0,0.0,,0.0,1,22.38,2.97,SPY220630C00470000,470.0,normalDay
2022-04-20,10317.0,-519.0,0.0,100,444.71,469.0,0,0.0,0.0,,0.0,1,22.38,3.28,SPY220630C00470000,470.0,normalDay
2022-04-21,10317.0,-1057.0,0.0,100,438.06,469.0,0,0.0,0.0,,0.0,1,22.38,2.01,SPY220630C00470000,470.0,normalDay
2022-04-22,10317.0,-2160.0,0.0,100,426.04,469.0,0,0.0,0.0,,0.0,1,22.38,1.02,SPY220630C00470000,470.0,normalDay
2022-04-25,10317.0,-1918.0,0.0,100,428.51,469.0,0,0.0,0.0,,0.0,1,22.38,1.07,SPY220630C00470000,470.0,normalDay
2022-04-26,10317.0,-3110.0,0.0,100,416.1,469.0,0,0.0,0.0,,0.0,1,22.38,0.58,SPY220630C00470000,470.0,normalDay
2022-04-27,10317.0,-2999.0,0.0,100,417.27,469.0,0,0.0,0.0,,0.0,1,22.38,0.64,SPY220630C00470000,470.0,normalDay
2022-04-28,10317.0,-1990.0,0.0,100,427.81,469.0,0,0.0,0.0,,0.0,1,22.38,1.09,SPY220630C00470000,470.0,normalDay
2022-04-29,10317.0,-3517.0,0.0,100,412.0,469.0,0,0.0,0.0,,0.0,1,22.38,0.55,SPY220630C00470000,470.0,normalDay
2022-05-02,10317.0,-3276.0,0.0,100,414.48,469.0,0,0.0,0.0,,0.0,1,22.38,0.62,SPY220630C00470000,470.0,normalDay
2022-05-03,10317.0,-3073.0,0.0,100,416.38,469.0,0,0.0,0.0,,0.0,1,22.38,0.49,SPY220630C00470000,470.0,normalDay
2022-05-04,10317.0,-1846.0,0.0,100,429.06,469.0,0,0.0,0.0,,0.0,1,22.38,0.9,SPY220630C00470000,470.0,normalDay
2022-05-05,10317.0,-3327.0,0.0,100,413.81,469.0,0,0.0,0.0,,0.0,1,22.38,0.46,SPY220630C00470000,470.0,normalDay
2022-05-06,10317.0,-3561.0,0.0,100,411.34,469.0,0,0.0,0.0,,0.0,1,22.38,0.33,SPY220630C00470000,470.0,normalDay
2022-05-09,10317.0,-4870.0,0.0,100,398.17,469.0,0,0.0,0.0,,0.0,1,22.38,0.25,SPY220630C00470000,470.0,normalDay
2022-05-10,10317.0,-4770.0,0.0,100,399.09,469.0,0,0.0,0.0,,0.0,1,22.38,0.17,SPY220630C00470000,470.0,normalDay
2022-05-11,10317.0,-5402.0,0.0,100,392.75,469.0,0,0.0,0.0,,0.0,1,22.38,0.15,SPY220630C00470000,470.0,normalDay
2022-05-12,10317.0,-5441.0,0.0,100,392.34,469.0,0,0.0,0.0,,0.0,1,22.38,0.13,SPY220630C00470000,470.0,normalDay
2022-05-13,10317.0,-4502.0,0.0,100,401.72,469.0,0,0.0,0.0,,0.0,1,22.38,0.12,SPY220630C00470000,470.0,normalDay
2022-05-16,10317.0,-4660.0,0.0,100,400.09,469.0,0,0.0,0.0,,0.0,1,22.38,0.07,SPY220630C00470000,470.0,normalDay
2022-05-17,10317.0,-3840.0,0.0,100,408.32,469.0,0,0.0,0.0,,0.0,1,22.38,0.1,SPY220630C00470000,470.0,normalDay
2022-05-18,10317.0,-5481.0,0.0,100,391.86,469.0,0,0.0,0.0,,0.0,1,22.38,0.05,SPY220630C00470000,470.0,normalDay
2022-05-19,10317.0,-5721.0,0.0,100,389.46,469.0,0,0.0,0.0,,0.0,1,22.38,0.05,SPY220630C00470000,470.0,normalDay
2022-05-20,10317.0,-5704.0,0.0,100,389.63,469.0,0,0.0,0.0,,0.0,1,22.38,0.05,SPY220630C00470000,470.0,normalDay
2022-05-23,10317.0,-4977.0,0.0,100,396.92,469.0,0,0.0,0.0,,0.0,1,22.38,0.07,SPY220630C00470000,470.0,normalDay
2022-05-24,10317.0,-5280.0,0.0,100,393.89,469.0,0,0.0,0.0,,0.0,1,22.38,0.07,SPY220630C00470000,470.0,normalDay
2022-05-25,10317.0,-4932.0,0.0,100,397.37,469.0,0,0.0,0.0,,0.0,1,22.38,0.07,SPY220630C00470000,470.0,normalDay
2022-05-26,10317.0,-4141.0,0.0,100,405.31,469.0,0,0.0,0.0,,0.0,1,22.38,0.1,SPY220630C00470000,470.0,normalDay
2022-05-27,10317.0,-3150.0,0.0,100,415.26,469.0,0,0.0,0.0,,0.0,1,22.38,0.14,SPY220630C00470000,470.0,normalDay
2022-05-31,10317.0,-3377.0,0.0,100,412.93,469.0,0,0.0,0.0,,0.0,1,22.38,0.08,SPY220630C00470000,470.0,normalDay
2022-06-01,10317.0,-3709.0,0.0,100,409.59,469.0,0,0.0,0.0,,0.0,1,22.38,0.06,SPY220630C00470000,470.0,normalDay
2022-06-02,10317.0,-2930.0,0.0,100,417.39,469.0,0,0.0,0.0,,0.0,1,22.38,0.07,SPY220630C00470000,470.0,normalDay
2022-06-03,10317.0,-3613.0,0.0,100,410.54,469.0,0,0.0,0.0,,0.0,1,22.38,0.05,SPY220630C00470000,470.0,normalDay
2022-06-06,10317.0,-3487.0,0.0,100,411.79,469.0,0,0.0,0.0,,0.0,1,22.38,0.04,SPY220630C00470000,470.0,normalDay
2022-06-07,10317.0,-3092.0,0.0,100,415.74,469.0,0,0.0,0.0,,0.0,1,22.38,0.04,SPY220630C00470000,470.0,normalDay
2022-06-08,10317.0,-3544.0,0.0,100,411.22,469.0,0,0.0,0.0,,0.0,1,22.38,0.04,SPY220630C00470000,470.0,normalDay
2022-06-09,10317.0,-4521.0,0.0,100,401.44,469.0,0,0.0,0.0,,0.0,1,22.38,0.03,SPY220630C00470000,470.0,normalDay
2022-06-10,10317.0,-5684.0,0.0,100,389.8,469.0,0,0.0,0.0,,0.0,1,22.38,0.02,SPY220630C00470000,470.0,normalDay
2022-06-13,10317.0,-7164.0,0.0,100,375.0,469.0,0,0.0,0.0,,0.0,1,22.38,0.02,SPY220630C00470000,470.0,normalDay
2022-06-14,10317.0,-7277.0,0.0,100,373.87,469.0,0,0.0,0.0,,0.0,1,22.38,0.02,SPY220630C00470000,470.0,normalDay
2022-06-15,10317.0,-6744.0,0.0,100,379.2,469.0,0,0.0,0.0,,0.0,1,22.38,0.02,SPY220630C00470000,470.0,normalDay
2022-06-16,10317.0,-7999.0,0.0,100,366.65,469.0,0,0.0,0.0,,0.0,1,22.38,0.02,SPY220630C00470000,470.0,normalDay
2022-06-17,10317.0,-8078.0,0.0,100,365.86,469.0,0,0.0,0.0,,0.0,1,22.38,0.02,SPY220630C00470000,470.0,normalDay
2022-06-21,10317.0,-7156.0,0.0,100,375.07,469.0,0,0.0,0.0,,0.0,1,22.38,0.01,SPY220630C00470000,470.0,normalDay
2022-06-22,10317.0,-7224.0,0.0,100,374.39,469.0,0,0.0,0.0,,0.0,1,22.38,0.01,SPY220630C00470000,470.0,normalDay
2022-06-23,10317.0,-6857.0,0.0,100,378.06,469.0,0,0.0,0.0,,0.0,1,22.38,0.01,SPY220630C00470000,470.0,normalDay
2022-06-24,10317.0,-5655.0,0.0,100,390.08,469.0,0,0.0,0.0,,0.0,1,22.38,0.01,SPY220630C00470000,470.0,normalDay
2022-06-27,10317.0,-5804.0,0.0,100,388.59,469.0,0,0.0,0.0,,0.0,1,22.38,0.01,SPY220630C00470000,470.0,normalDay
2022-06-28,10317.0,-6598.0,0.0,100,380.65,469.0,0,0.0,0.0,,0.0,1,22.38,0.01,SPY220630C00470000,470.0,normalDay
2022-06-29,10317.0,-6629.0,0.0,100,380.34,469.0,0,0.0,0.0,,0.0,1,22.38,0.01,SPY220630C00470000,470.0,normalDay
2022-06-30,12555.0,-9175.0,2238.0,100,377.25,469.0,0,0.0,0.0,,0.0,1,22.38,0.0,SPY220630C00470000,470.0,expirationDay
2022-07-01,12555.0,-8791.0,0.0,100,381.24,469.0,0,0.0,0.0,,0.0,1,23.74,23.89,SPY230120C00390000,390.0,normalDay
2022-07-05,12555.0,-8719.0,0.0,100,381.96,469.0,0,0.0,0.0,,0.0,1,23.74,23.89,SPY230120C00390000,390.0,normalDay
2022-07-06,12555.0,-8700.0,0.0,100,383.25,469.0,0,0.0,0.0,,0.0,1,23.74,24.99,SPY230120C00390000,390.0,normalDay
2022-07-07,12555.0,-8406.0,0.0,100,388.99,469.0,0,0.0,0.0,,0.0,1,23.74,27.79,SPY230120C00390000,390.0,normalDay
2022-07-08,12555.0,-8431.0,0.0,100,388.67,469.0,0,0.0,0.0,,0.0,1,23.74,27.72,SPY230120C00390000,390.0,normalDay
2022-07-11,12555.0,-8630.0,0.0,100,384.23,469.0,0,0.0,0.0,,0.0,1,23.74,25.27,SPY230120C00390000,390.0,normalDay
2022-07-12,12555.0,-8741.0,0.0,100,380.83,469.0,0,0.0,0.0,,0.0,1,23.74,22.98,SPY230120C00390000,390.0,normalDay
2022-07-13,12555.0,-8827.0,0.0,100,378.83,469.0,0,0.0,0.0,,0.0,1,23.74,21.84,SPY230120C00390000,390.0,normalDay
2022-07-14,12555.0,-8886.0,0.0,100,377.91,469.0,0,0.0,0.0,,0.0,1,23.74,21.51,SPY230120C00390000,390.0,normalDay
2022-07-15,12555.0,-8480.0,0.0,100,385.13,469.0,0,0.0,0.0,,0.0,1,23.74,24.67,SPY230120C00390000,390.0,normalDay
2022-07-18,12555.0,-8649.0,0.0,100,381.95,469.0,0,0.0,0.0,,0.0,1,23.74,23.18,SPY230120C00390000,390.0,normalDay
2022-07-19,12555.0,-8232.0,0.0,100,392.27,469.0,0,0.0,0.0,,0.0,1,23.74,29.33,SPY230120C00390000,390.0,normalDay
2022-07-20,12555.0,-8109.0,0.0,100,394.77,469.0,0,0.0,0.0,,0.0,1,23.74,30.6,SPY230120C00390000,390.0,normalDay
2022-07-21,12555.0,-7915.0,0.0,100,398.79,469.0,0,0.0,0.0,,0.0,1,23.74,32.68,SPY230120C00390000,390.0,normalDay
2022-07-22,12555.0,-8015.0,0.0,100,395.09,469.0,0,0.0,0.0,,0.0,1,23.74,29.98,SPY230120C00390000,390.0,normalDay
2022-07-25,12555.0,-8036.0,0.0,100,395.57,469.0,0,0.0,0.0,,0.0,1,23.74,30.67,SPY230120C00390000,390.0,normalDay
2022-07-26,12555.0,-8248.0,0.0,100,390.89,469.0,0,0.0,0.0,,0.0,1,23.74,28.11,SPY230120C00390000,390.0,normalDay
2022-07-27,12555.0,-7733.0,0.0,100,401.04,469.0,0,0.0,0.0,,0.0,1,23.74,33.11,SPY230120C00390000,390.0,normalDay
2022-07-28,12555.0,-7657.0,0.0,100,406.07,469.0,0,0.0,0.0,,0.0,1,23.74,37.38,SPY230120C00390000,390.0,normalDay
2022-07-29,12555.0,-7373.0,0.0,100,411.99,469.0,0,0.0,0.0,,0.0,1,23.74,40.46,SPY230120C00390000,390.0,normalDay
2022-08-01,12555.0,-7464.0,0.0,100,410.77,469.0,0,0.0,0.0,,0.0,1,23.74,40.15,SPY230120C00390000,390.0,normalDay
2022-08-02,12555.0,-7563.0,0.0,100,408.06,469.0,0,0.0,0.0,,0.0,1,23.74,38.43,SPY230120C00390000,390.0,normalDay
2022-08-03,12555.0,-7292.0,0.0,100,414.45,469.0,0,0.0,0.0,,0.0,1,23.74,42.11,SPY230120C00390000,390.0,normalDay
2022-08-04,12555.0,-7334.0,0.0,100,414.17,469.0,0,0.0,0.0,,0.0,1,23.74,42.25,SPY230120C00390000,390.0,normalDay
2022-08-05,12555.0,-7305.0,0.0,100,413.47,469.0,0,0.0,0.0,,0.0,1,23.74,41.26,SPY230120C00390000,390.0,normalDay
2022-08-08,12555.0,-7345.0,0.0,100,412.99,469.0,0,0.0,0.0,,0.0,1,23.74,41.18,SPY230120C00390000,390.0,normalDay
2022-08-09,12555.0,-7403.0,0.0,100,411.35,469.0,0,0.0,0.0,,0.0,1,23.74,40.12,SPY230120C00390000,390.0,normalDay
2022-08-10,12555.0,-7089.0,0.0,100,419.99,469.0,0,0.0,0.0,,0.0,1,23.74,45.62,SPY230120C00390000,390.0,normalDay
2022-08-11,12555.0,-7138.0,0.0,100,419.99,469.0,0,0.0,0.0,,0.0,1,23.74,46.11,SPY230120C00390000,390.0,normalDay
2022-08-12,12555.0,-6880.0,0.0,100,427.1,469.0,0,0.0,0.0,,0.0,1,23.74,50.64,SPY230120C00390000,390.0,normalDay
2022-08-15,12555.0,-6848.0,0.0,100,428.86,469.0,0,0.0,0.0,,0.0,1,23.74,52.08,SPY230120C00390000,390.0,normalDay
2022-08-16,12555.0,-6816.0,0.0,100,429.7,469.0,0,0.0,0.0,,0.0,1,23.74,52.6,SPY230120C00390000,390.0,normalDay
2022-08-17,12555.0,-6938.0,0.0,100,426.65,469.0,0,0.0,0.0,,0.0,1,23.74,50.77,SPY230120C00390000,390.0,normalDay
2022-08-18,12555.0,-6849.0,0.0,100,427.89,469.0,0,0.0,0.0,,0.0,1,23.74,51.12,SPY230120C00390000,390.0,normalDay
2022-08-19,12555.0,-7013.0,0.0,100,422.14,469.0,0,0.0,0.0,,0.0,1,23.74,47.01,SPY230120C00390000,390.0,normalDay
2022-08-22,12555.0,-7290.0,0.0,100,413.35,469.0,0,0.0,0.0,,0.0,1,23.74,40.99,SPY230120C00390000,390.0,normalDay
2022-08-23,12555.0,-7246.0,0.0,100,412.35,469.0,0,0.0,0.0,,0.0,1,23.74,39.55,SPY230120C00390000,390.0,normalDay
2022-08-24,12555.0,-7175.0,0.0,100,413.67,469.0,0,0.0,0.0,,0.0,1,23.74,40.16,SPY230120C00390000,390.0,normalDay
2022-08-25,12555.0,-6959.0,0.0,100,419.51,469.0,0,0.0,0.0,,0.0,1,23.74,43.84,SPY230120C00390000,390.0,normalDay
2022-08-26,12555.0,-7435.0,0.0,100,405.31,469.0,0,0.0,0.0,,0.0,1,23.74,34.4,SPY230120C00390000,390.0,normalDay
2022-08-29,12555.0,-7523.0,0.0,100,402.63,469.0,0,0.0,0.0,,0.0,1,23.74,32.6,SPY230120C00390000,390.0,normalDay
2022-08-30,12555.0,-7664.0,0.0,100,398.21,469.0,0,0.0,0.0,,0.0,1,23.74,29.59,SPY230120C00390000,390.0,normalDay
2022-08-31,12555.0,-7755.0,0.0,100,395.18,469.0,0,0.0,0.0,,0.0,1,23.74,27.47,SPY230120C00390000,390.0,normalDay
2022-09-01,12555.0,-7654.0,0.0,100,396.42,469.0,0,0.0,0.0,,0.0,1,23.74,27.7,SPY230120C00390000,390.0,normalDay
2022-09-02,12555.0,-7820.0,0.0,100,392.24,469.0,0,0.0,0.0,,0.0,1,23.74,25.18,SPY230120C00390000,390.0,normalDay
2022-09-06,12555.0,-7835.0,0.0,100,390.76,469.0,0,0.0,0.0,,0.0,1,23.74,23.85,SPY230120C00390000,390.0,normalDay
2022-09-07,12555.0,-7518.0,0.0,100,397.78,469.0,0,0.0,0.0,,0.0,1,23.74,27.7,SPY230120C00390000,390.0,normalDay
2022-09-08,12555.0,-7420.0,0.0,100,400.38,469.0,0,0.0,0.0,,0.0,1,23.74,29.32,SPY230120C00390000,390.0,normalDay
2022-09-09,12555.0,-7157.0,0.0,100,406.6,469.0,0,0.0,0.0,,0.0,1,23.74,32.91,SPY230120C00390000,390.0,normalDay
2022-09-12,12555.0,-7072.0,0.0,100,410.97,469.0,0,0.0,0.0,,0.0,1,23.74,36.43,SPY230120C00390000,390.0,normalDay
2022-09-13,12555.0,-7772.0,0.0,100,393.1,469.0,0,0.0,0.0,,0.0,1,23.74,25.56,SPY230120C00390000,390.0,normalDay
2022-09-14,12555.0,-7635.0,0.0,100,394.6,469.0,0,0.0,0.0,,0.0,1,23.74,25.69,SPY230120C00390000,390.0,normalDay
2022-09-15,12555.0,-7846.0,0.0,100,390.12,469.0,0,0.0,0.0,,0.0,1,23.74,23.32,SPY230120C00390000,390.0,normalDay
2022-09-16,12555.0,-8096.0,0.0,100,385.56,469.0,0,0.0,0.0,,0.0,1,23.74,21.26,SPY230120C00390000,390.0,normalDay
2022-09-19,12555.0,-7920.0,0.0,100,388.55,469.0,0,0.0,0.0,,0.0,1,23.74,22.49,SPY230120C00390000,390.0,normalDay
2022-09-20,12555.0,-8140.0,0.0,100,384.09,469.0,0,0.0,0.0,,0.0,1,23.74,20.23,SPY230120C00390000,390.0,normalDay
2022-09-21,12555.0,-8453.0,0.0,100,377.39,469.0,0,0.0,0.0,,0.0,1,23.74,16.66,SPY230120C00390000,390.0,normalDay
2022-09-22,12555.0,-8575.0,0.0,100,374.22,469.0,0,0.0,0.0,,0.0,1,23.74,14.71,SPY230120C00390000,390.0,normalDay
2022-09-23,12555.0,-8954.0,0.0,100,367.95,469.0,0,0.0,0.0,,0.0,1,23.74,12.23,SPY230120C00390000,390.0,normalDay
2022-09-26,12555.0,-9181.0,0.0,100,364.31,469.0,0,0.0,0.0,,0.0,1,23.74,10.86,SPY230120C00390000,390.0,normalDay
2022-09-27,12555.0,-9243.0,0.0,100,363.38,469.0,0,0.0,0.0,,0.0,1,23.74,10.55,SPY230120C00390000,390.0,normalDay
2022-09-28,12555.0,-8761.0,0.0,100,370.53,469.0,0,0.0,0.0,,0.0,1,23.74,12.88,SPY230120C00390000,390.0,normalDay
2022-09-29,12555.0,-9231.0,0.0,100,362.79,469.0,0,0.0,0.0,,0.0,1,23.74,9.84,SPY230120C00390000,390.0,normalDay
2022-09-30,12555.0,-9592.0,0.0,100,357.18,469.0,0,0.0,0.0,,0.0,1,23.74,7.84,SPY230120C00390000,390.0,normalDay
2022-10-03,12555.0,-8928.0,0.0,100,366.61,469.0,0,0.0,0.0,,0.0,1,23.74,10.63,SPY230120C00390000,390.0,normalDay
2022-10-04,12555.0,-8258.0,0.0,100,377.97,469.0,0,0.0,0.0,,0.0,1,23.74,15.29,SPY230120C00390000,390.0,normalDay
2022-10-05,12555.0,-8314.0,0.0,100,377.09,469.0,0,0.0,0.0,,0.0,1,23.74,14.97,SPY230120C00390000,390.0,normalDay
2022-10-06,12555.0,-8540.0,0.0,100,373.2,469.0,0,0.0,0.0,,0.0,1,23.74,13.34,SPY230120C00390000,390.0,normalDay
2022-10-07,12555.0,-9142.0,0.0,100,362.79,469.0,0,0.0,0.0,,0.0,1,23.74,8.95,SPY230120C00390000,390.0,normalDay
2022-10-10,12555.0,-9373.0,0.0,100,360.02,469.0,0,0.0,0.0,,0.0,1,23.74,8.49,SPY230120C00390000,390.0,normalDay
2022-10-11,12555.0,-9543.0,0.0,100,357.74,469.0,0,0.0,0.0,,0.0,1,23.74,7.91,SPY230120C00390000,390.0,normalDay
2022-10-12,12555.0,-9625.0,0.0,100,356.56,469.0,0,0.0,0.0,,0.0,1,23.74,7.55,SPY230120C00390000,390.0,normalDay
2022-10-13,12555.0,-8986.0,0.0,100,365.97,469.0,0,0.0,0.0,,0.0,1,23.74,10.57,SPY230120C00390000,390.0,normalDay
2022-10-14,12555.0,-9518.0,0.0,100,357.63,469.0,0,0.0,0.0,,0.0,1,23.74,7.55,SPY230120C00390000,390.0,normalDay
2022-10-17,12555.0,-8912.0,0.0,100,366.82,469.0,0,0.0,0.0,,0.0,1,23.74,10.68,SPY230120C00390000,390.0,normalDay
2022-10-18,12555.0,-8647.0,0.0,100,371.13,469.0,0,0.0,0.0,,0.0,1,23.74,12.34,SPY230120C00390000,390.0,normalDay
2022-10-19,12555.0,-8750.0,0.0,100,368.5,469.0,0,0.0,0.0,,0.0,1,23.74,10.74,SPY230120C00390000,390.0,normalDay
2022-10-20,12555.0,-8929.0,0.0,100,365.41,469.0,0,0.0,0.0,,0.0,1,23.74,9.44,SPY230120C00390000,390.0,normalDay
2022-10-21,12555.0,-8401.0,0.0,100,374.29,469.0,0,0.0,0.0,,0.0,1,23.74,13.04,SPY230120C00390000,390.0,normalDay
2022-10-24,12555.0,-8135.0,0.0,100,378.87,469.0,0,0.0,0.0,,0.0,1,23.74,14.96,SPY230120C00390000,390.0,normalDay
2022-10-25,12555.0,-7702.0,0.0,100,384.92,469.0,0,0.0,0.0,,0.0,1,23.74,16.68,SPY230120C00390000,390.0,normalDay
2022-10-26,12555.0,-7904.0,0.0,100,382.02,469.0,0,0.0,0.0,,0.0,1,23.74,15.8,SPY230120C00390000,390.0,normalDay
2022-10-27,12555.0,-7758.0,0.0,100,379.98,469.0,0,0.0,0.0,,0.0,1,23.74,12.3,SPY230120C00390000,390.0,normalDay
2022-10-28,12555.0,-7479.0,0.0,100,389.02,469.0,0,0.0,0.0,,0.0,1,23.74,18.55,SPY230120C00390000,390.0,normalDay
2022-10-31,12555.0,-7563.0,0.0,100,386.21,469.0,0,0.0,0.0,,0.0,1,23.74,16.58,SPY230120C00390000,390.0,normalDay
2022-11-01,12555.0,-7596.0,0.0,100,384.52,469.0,0,0.0,0.0,,0.0,1,23.74,15.22,SPY230120C00390000,390.0,normalDay
2022-11-02,12555.0,-8099.0,0.0,100,374.87,469.0,0,0.0,0.0,,0.0,1,23.74,10.6,SPY230120C00390000,390.0,normalDay
2022-11-03,12555.0,-8309.0,0.0,100,371.01,469.0,0,0.0,0.0,,0.0,1,23.74,8.84,SPY230120C00390000,390.0,normalDay
2022-11-04,12555.0,-7959.0,0.0,100,376.35,469.0,0,0.0,0.0,,0.0,1,23.74,10.68,SPY230120C00390000,390.0,normalDay
2022-11-07,12555.0,-7719.0,0.0,100,379.95,469.0,0,0.0,0.0,,0.0,1,23.74,11.88,SPY230120C00390000,390.0,normalDay
2022-11-08,12555.0,-7607.0,0.0,100,382.0,469.0,0,0.0,0.0,,0.0,1,23.74,12.81,SPY230120C00390000,390.0,normalDay
2022-11-09,12555.0,-8078.0,0.0,100,374.13,469.0,0,0.0,0.0,,0.0,1,23.74,9.65,SPY230120C00390000,390.0,normalDay
2022-11-10,12555.0,-7030.0,0.0,100,394.69,469.0,0,0.0,0.0,,0.0,1,23.74,19.73,SPY230120C00390000,390.0,normalDay
2022-11-11,12555.0,-6802.0,0.0,100,398.51,469.0,0,0.0,0.0,,0.0,1,23.74,21.27,SPY230120C00390000,390.0,normalDay
2022-11-14,12555.0,-6949.0,0.0,100,395.12,469.0,0,0.0,0.0,,0.0,1,23.74,19.35,SPY230120C00390000,390.0,normalDay
2022-11-15,12555.0,-6801.0,0.0,100,398.49,469.0,0,0.0,0.0,,0.0,1,23.74,21.24,SPY230120C00390000,390.0,normalDay
2022-11-16,12555.0,-6877.0,0.0,100,395.45,469.0,0,0.0,0.0,,0.0,1,23.74,18.96,SPY230120C00390000,390.0,normalDay
2022-11-17,12555.0,-6884.0,0.0,100,394.24,469.0,0,0.0,0.0,,0.0,1,23.74,17.82,SPY230120C00390000,390.0,normalDay
2022-11-18,12555.0,-6750.0,0.0,100,396.03,469.0,0,0.0,0.0,,0.0,1,23.74,18.27,SPY230120C00390000,390.0,normalDay
2022-11-21,12555.0,-6760.0,0.0,100,394.59,469.0,0,0.0,0.0,,0.0,1,23.74,16.93,SPY230120C00390000,390.0,normalDay
2022-11-22,12555.0,-6505.0,0.0,100,399.9,469.0,0,0.0,0.0,,0.0,1,23.74,19.69,SPY230120C00390000,390.0,normalDay
2022-11-23,12555.0,-6392.0,0.0,100,402.42,469.0,0,0.0,0.0,,0.0,1,23.74,21.08,SPY230120C00390000,390.0,normalDay
2022-11-25,12555.0,-6573.0,0.0,100,402.33,469.0,0,0.0,0.0,,0.0,1,23.74,22.8,SPY230120C00390000,390.0,normalDay
2022-11-28,12555.0,-6619.0,0.0,100,395.91,469.0,0,0.0,0.0,,0.0,1,23.74,16.84,SPY230120C00390000,390.0,normalDay
2022-11-29,12555.0,-6603.0,0.0,100,395.23,469.0,0,0.0,0.0,,0.0,1,23.74,16.0,SPY230120C00390000,390.0,normalDay
2022-11-30,12555.0,-6207.0,0.0,100,407.68,469.0,0,0.0,0.0,,0.0,1,23.74,24.49,SPY230120C00390000,390.0,normalDay
2022-12-01,12555.0,-6136.0,0.0,100,407.38,469.0,0,0.0,0.0,,0.0,1,23.74,23.48,SPY230120C00390000,390.0,normalDay
2022-12-02,12555.0,-6095.0,0.0,100,406.91,469.0,0,0.0,0.0,,0.0,1,23.74,22.6,SPY230120C00390000,390.0,normalDay
2022-12-05,12555.0,-6336.0,0.0,100,399.59,469.0,0,0.0,0.0,,0.0,1,23.74,17.69,SPY230120C00390000,390.0,normalDay
2022-12-06,12555.0,-6582.0,0.0,100,393.83,469.0,0,0.0,0.0,,0.0,1,23.74,14.39,SPY230120C00390000,390.0,normalDay
2022-12-07,12555.0,-6613.0,0.0,100,393.16,469.0,0,0.0,0.0,,0.0,1,23.74,14.03,SPY230120C00390000,390.0,normalDay
2022-12-08,12555.0,-6454.0,0.0,100,396.24,469.0,0,0.0,0.0,,0.0,1,23.74,15.52,SPY230120C00390000,390.0,normalDay
2022-12-09,12555.0,-6570.0,0.0,100,393.28,469.0,0,0.0,0.0,,0.0,1,23.74,13.72,SPY230120C00390000,390.0,normalDay
2022-12-12,12555.0,-6342.0,0.0,100,398.95,469.0,0,0.0,0.0,,0.0,1,23.74,17.11,SPY230120C00390000,390.0,normalDay
2022-12-13,12555.0,-6169.0,0.0,100,401.97,469.0,0,0.0,0.0,,0.0,1,23.74,18.4,SPY230120C00390000,390.0,normalDay
2022-12-14,12555.0,-6213.0,0.0,100,399.4,469.0,0,0.0,0.0,,0.0,1,23.74,16.27,SPY230120C00390000,390.0,normalDay
2022-12-15,12555.0,-6542.0,0.0,100,389.63,469.0,0,0.0,0.0,,0.0,1,23.74,9.79,SPY230120C00390000,390.0,normalDay
2022-12-16,12555.0,-6918.0,0.0,100,383.27,469.0,0,0.0,0.0,,0.0,1,23.74,7.19,SPY230120C00390000,390.0,normalDay
2022-12-19,12555.0,-7057.0,0.0,100,380.02,469.0,0,0.0,0.0,,0.0,1,23.74,5.33,SPY230120C00390000,390.0,normalDay
2022-12-20,12555.0,-7002.0,0.0,100,380.54,469.0,0,0.0,0.0,,0.0,1,23.74,5.3,SPY230120C00390000,390.0,normalDay
2022-12-21,12555.0,-6630.0,0.0,100,386.23,469.0,0,0.0,0.0,,0.0,1,23.74,7.27,SPY230120C00390000,390.0,normalDay
2022-12-22,12555.0,-6971.0,0.0,100,380.72,469.0,0,0.0,0.0,,0.0,1,23.74,5.17,SPY230120C00390000,390.0,normalDay
2022-12-23,12555.0,-6789.0,0.0,100,382.91,469.0,0,0.0,0.0,,0.0,1,23.74,5.54,SPY230120C00390000,390.0,normalDay
2022-12-27,12555.0,-6864.0,0.0,100,381.4,469.0,0,0.0,0.0,,0.0,1,23.74,4.78,SPY230120C00390000,390.0,normalDay
2022-12-28,12555.0,-7178.0,0.0,100,376.66,469.0,0,0.0,0.0,,0.0,1,23.74,3.18,SPY230120C00390000,390.0,normalDay
2022-12-29,12555.0,-6689.0,0.0,100,383.44,469.0,0,0.0,0.0,,0.0,1,23.74,5.07,SPY230120C00390000,390.0,normalDay
2022-12-30,12555.0,-6746.0,0.0,100,382.43,469.0,0,0.0,0.0,,0.0,1,23.74,4.63,SPY230120C00390000,390.0,normalDay
2023-01-03,12555.0,-6785.0,0.0,100,380.82,469.0,0,0.0,0.0,,0.0,1,23.74,3.41,SPY230120C00390000,390.0,normalDay
2023-01-04,12555.0,-6573.0,0.0,100,383.76,469.0,0,0.0,0.0,,0.0,1,23.74,4.23,SPY230120C00390000,390.0,normalDay
2023-01-05,12555.0,-6854.0,0.0,100,379.38,469.0,0,0.0,0.0,,0.0,1,23.74,2.66,SPY230120C00390000,390.0,normalDay
2023-01-06,12555.0,-6243.0,0.0,100,388.08,469.0,0,0.0,0.0,,0.0,1,23.74,5.25,SPY230120C00390000,390.0,normalDay
2023-01-09,12555.0,-6237.0,0.0,100,387.86,469.0,0,0.0,0.0,,0.0,1,23.74,4.97,SPY230120C00390000,390.0,normalDay
2023-01-10,12555.0,-6070.0,0.0,100,390.58,469.0,0,0.0,0.0,,0.0,1,23.74,6.02,SPY230120C00390000,390.0,normalDay
2023-01-11,12555.0,-5889.0,0.0,100,395.52,469.0,0,0.0,0.0,,0.0,1,23.74,9.15,SPY230120C00390000,390.0,normalDay
2023-01-12,12555.0,-5702.0,0.0,100,396.96,469.0,0,0.0,0.0,,0.0,1,23.74,8.72,SPY230120C00390000,390.0,normalDay
2023-01-13,12555.0,-5599.0,0.0,100,398.5,469.0,0,0.0,0.0,,0.0,1,23.74,9.23,SPY230120C00390000,390.0,normalDay
2023-01-17,12555.0,-5605.0,0.0,100,397.77,469.0,0,0.0,0.0,,0.0,1,23.74,8.56,SPY230120C00390000,390.0,normalDay
2023-01-18,12555.0,-5688.0,0.0,100,391.49,469.0,0,0.0,0.0,,0.0,1,23.74,3.11,SPY230120C00390000,390.0,normalDay
2023-01-19,12555.0,-5773.0,0.0,100,388.64,469.0,0,0.0,0.0,,0.0,1,23.74,1.11,SPY230120C00390000,390.0,normalDay
2023-01-20,7029.0,-5773.0,-5526.0,0,395.88,0.0,0,0.0,0.0,,0.0,1,23.74,0.0,SPY230120C00390000,390.0,expirationDay
2023-01-23,7029.0,-3.0,0.0,0,400.63,0.0,1,0.18,0.21,SPY230126P00388000,388.0,0,0.0,0.0,,0.0,normalDay
2023-01-24,7029.0,8.0,0.0,0,400.2,0.0,1,0.18,0.1,SPY230126P00388000,388.0,0,0.0,0.0,,0.0,normalDay
2023-01-25,7029.0,11.0,0.0,0,400.35,0.0,1,0.18,0.07,SPY230126P00388000,388.0,0,0.0,0.0,,0.0,normalDay
2023-01-26,7047.0,0.0,18.0,0,404.75,0.0,1,0.18,0.0,SPY230126P00388000,388.0,0,0.0,0.0,,0.0,expirationDay
2023-01-27,7047.0,-3.0,0.0,0,405.68,0.0,1,0.02,0.05,SPY230130P00393000,393.0,0,0.0,0.0,,0.0,normalDay
2023-01-30,7049.0,0.0,2.0,0,400.59,0.0,1,0.02,0.0,SPY230130P00393000,393.0,0,0.0,0.0,,0.0,expirationDay
2023-01-31,7049.0,-3.0,0.0,0,406.48,0.0,1,0.85,0.88,SPY230203P00395000,395.0,0,0.0,0.0,,0.0,normalDay
2023-02-01,7049.0,70.0,0.0,0,410.8,0.0,1,0.85,0.15,SPY230203P00395000,395.0,0,0.0,0.0,,0.0,normalDay
2023-02-02,7049.0,80.0,0.0,0,416.78,0.0,1,0.85,0.05,SPY230203P00395000,395.0,0,0.0,0.0,,0.0,normalDay
2023-02-03,7134.0,0.0,85.0,0,412.35,0.0,1,0.85,0.0,SPY230203P00395000,395.0,0,0.0,0.0,,0.0,expirationDay
2023-02-06,7134.0,-3.0,0.0,0,409.83,0.0,1,0.47,0.5,SPY230209P00401000,401.0,0,0.0,0.0,,0.0,normalDay
2023-02-07,7134.0,40.0,0.0,0,415.19,0.0,1,0.47,0.07,SPY230209P00401000,401.0,0,0.0,0.0,,0.0,normalDay
2023-02-08,7134.0,42.0,0.0,0,410.65,0.0,1,0.47,0.05,SPY230209P00401000,401.0,0,0.0,0.0,,0.0,normalDay
2023-02-09,7181.0,0.0,47.0,0,407.09,0.0,1,0.47,0.0,SPY230209P00401000,401.0,0,0.0,0.0,,0.0,expirationDay
2023-02-10,7181.0,-3.0,0.0,0,408.04,0.0,1,0.53,0.56,SPY230213P00404000,404.0,0,0.0,0.0,,0.0,normalDay
2023-02-13,7234.0,0.0,53.0,0,412.83,0.0,1,0.53,0.0,SPY230213P00404000,404.0,0,0.0,0.0,,0.0,expirationDay
2023-02-14,7234.0,-3.0,0.0,0,412.64,0.0,1,0.98,1.01,SPY230217P00406000,406.0,0,0.0,0.0,,0.0,normalDay
2023-02-15,7234.0,67.0,0.0,0,413.98,0.0,1,0.98,0.31,SPY230217P00406000,406.0,0,0.0,0.0,,0.0,normalDay
2023-02-16,7234.0,-23.0,0.0,0,408.28,0.0,1,0.98,1.21,SPY230217P00406000,406.0,0,0.0,0.0,,0.0,normalDay
2023-02-17,7332.0,0.0,98.0,0,407.26,0.0,1,0.98,0.0,SPY230217P00406000,406.0,0,0.0,0.0,,0.0,expirationDay
2023-02-21,7332.0,-17.0,0.0,0,399.09,0.0,1,8.8,8.97,SPY230224P00408000,408.0,0,0.0,0.0,,0.0,normalDay
2023-02-22,7332.0,-52.0,0.0,0,398.54,0.0,1,8.8,9.32,SPY230224P00408000,408.0,0,0.0,0.0,,0.0,normalDay
2023-02-23,7332.0,119.0,0.0,0,400.66,0.0,1,8.8,7.61,SPY230224P00408000,408.0,0,0.0,0.0,,0.0,normalDay
2023-02-24,8212.0,-1162.0,880.0,100,396.38,408.0,1,8.8,0.0,SPY230224P00408000,408.0,0,0.0,0.0,,0.0,expirationDay
2023-02-27,8212.0,-1084.0,0.0,100,397.73,408.0,0,0.0,0.0,,0.0,1,20.46,21.03,SPY230929C00410000,410.0,normalDay
2023-02-28,8212.0,-1065.0,0.0,100,396.26,408.0,0,0.0,0.0,,0.0,1,20.46,19.37,SPY230929C00410000,410.0,normalDay
2023-03-01,8212.0,-1164.0,0.0,100,394.74,408.0,0,0.0,0.0,,0.0,1,20.46,18.84,SPY230929C00410000,410.0,normalDay
2023-03-02,8212.0,-995.0,0.0,100,397.81,408.0,0,0.0,0.0,,0.0,1,20.46,20.22,SPY230929C00410000,410.0,normalDay
2023-03-03,8212.0,-717.0,0.0,100,404.19,408.0,0,0.0,0.0,,0.0,1,20.46,23.82,SPY230929C00410000,410.0,normalDay
2023-03-06,8212.0,-669.0,0.0,100,404.47,408.0,0,0.0,0.0,,0.0,1,20.46,23.62,SPY230929C00410000,410.0,normalDay
2023-03-07,8212.0,-946.0,0.0,100,398.27,408.0,0,0.0,0.0,,0.0,1,20.46,20.19,SPY230929C00410000,410.0,normalDay
2023-03-08,8212.0,-878.0,0.0,100,398.92,408.0,0,0.0,0.0,,0.0,1,20.46,20.16,SPY230929C00410000,410.0,normalDay
2023-03-09,8212.0,-1282.0,0.0,100,391.56,408.0,0,0.0,0.0,,0.0,1,20.46,16.84,SPY230929C00410000,410.0,normalDay
2023-03-10,8212.0,-1621.0,0.0,100,385.91,408.0,0,0.0,0.0,,0.0,1,20.46,14.58,SPY230929C00410000,410.0,normalDay
2023-03-13,8212.0,-1645.0,0.0,100,385.36,408.0,0,0.0,0.0,,0.0,1,20.46,14.27,SPY230929C00410000,410.0,normalDay
2023-03-14,8212.0,-1227.0,0.0,100,391.73,408.0,0,0.0,0.0,,0.0,1,20.46,16.46,SPY230929C00410000,410.0,normalDay
2023-03-15,8212.0,-1445.0,0.0,100,389.28,408.0,0,0.0,0.0,,0.0,1,20.46,16.19,SPY230929C00410000,410.0,normalDay
2023-03-16,8212.0,-1039.0,0.0,100,396.11,408.0,0,0.0,0.0,,0.0,1,20.46,18.96,SPY230929C00410000,410.0,normalDay
2023-03-17,8212.0,-1543.0,0.0,100,389.99,408.0,0,0.0,0.0,,0.0,1,20.46,17.88,SPY230929C00410000,410.0,normalDay
2023-03-20,8212.0,-1250.0,0.0,100,393.74,408.0,0,0.0,0.0,,0.0,1,20.46,18.7,SPY230929C00410000,410.0,normalDay
2023-03-21,8212.0,-940.0,0.0,100,398.91,408.0,0,0.0,0.0,,0.0,1,20.46,20.77,SPY230929C00410000,410.0,normalDay
2023-03-22,8212.0,-1262.0,0.0,100,392.11,408.0,0,0.0,0.0,,0.0,1,20.46,17.19,SPY230929C00410000,410.0,normalDay
2023-03-23,8212.0,-1231.0,0.0,100,393.17,408.0,0,0.0,0.0,,0.0,1,20.46,17.94,SPY230929C00410000,410.0,normalDay
2023-03-24,8212.0,-1062.0,0.0,100,395.75,408.0,0,0.0,0.0,,0.0,1,20.46,18.83,SPY230929C00410000,410.0,normalDay
2023-03-27,8212.0,-960.0,0.0,100,396.49,408.0,0,0.0,0.0,,0.0,1,20.46,18.55,SPY230929C00410000,410.0,normalDay
2023-03-28,8212.0,-1005.0,0.0,100,395.6,408.0,0,0.0,0.0,,0.0,1,20.46,18.11,SPY230929C00410000,410.0,normalDay
2023-03-29,8212.0,-684.0,0.0,100,401.35,408.0,0,0.0,0.0,,0.0,1,20.46,20.65,SPY230929C00410000,410.0,normalDay
2023-03-30,8212.0,-585.0,0.0,100,403.7,408.0,0,0.0,0.0,,0.0,1,20.46,22.01,SPY230929C00410000,410.0,normalDay
2023-03-31,8212.0,-368.0,0.0,100,409.39,408.0,0,0.0,0.0,,0.0,1,20.46,25.53,SPY230929C00410000,410.0,normalDay
2023-04-03,8212.0,-261.0,0.0,100,410.95,408.0,0,0.0,0.0,,0.0,1,20.46,26.02,SPY230929C00410000,410.0,normalDay
2023-04-04,8212.0,-342.0,0.0,100,408.67,408.0,0,0.0,0.0,,0.0,1,20.46,24.55,SPY230929C00410000,410.0,normalDay
2023-04-05,8212.0,-374.0,0.0,100,407.6,408.0,0,0.0,0.0,,0.0,1,20.46,23.8,SPY230929C00410000,410.0,normalDay
2023-04-06,8212.0,-285.0,0.0,100,409.19,408.0,0,0.0,0.0,,0.0,1,20.46,24.5,SPY230929C00410000,410.0,normalDay
2023-04-10,8212.0,-277.0,0.0,100,409.61,408.0,0,0.0,0.0,,0.0,1,20.46,24.84,SPY230929C00410000,410.0,normalDay
2023-04-11,8212.0,-261.0,0.0,100,409.72,408.0,0,0.0,0.0,,0.0,1,20.46,24.79,SPY230929C00410000,410.0,normalDay
2023-04-12,8212.0,-285.0,0.0,100,408.05,408.0,0,0.0,0.0,,0.0,1,20.46,23.36,SPY230929C00410000,410.0,normalDay
2023-04-13,8212.0,-39.0,0.0,100,413.47,408.0,0,0.0,0.0,,0.0,1,20.46,26.32,SPY230929C00410000,410.0,normalDay
2023-04-14,8212.0,-62.0,0.0,100,412.46,408.0,0,0.0,0.0,,0.0,1,20.46,25.54,SPY230929C00410000,410.0,normalDay
2023-04-17,8212.0,45.0,0.0,100,413.94,408.0,0,0.0,0.0,,0.0,1,20.46,25.95,SPY230929C00410000,410.0,normalDay
2023-04-18,8212.0,90.0,0.0,100,414.21,408.0,0,0.0,0.0,,0.0,1,20.46,25.77,SPY230929C00410000,410.0,normalDay
2023-04-19,8212.0,89.0,0.0,100,414.14,408.0,0,0.0,0.0,,0.0,1,20.46,25.71,SPY230929C00410000,410.0,normalDay
2023-04-20,8212.0,-27.0,0.0,100,411.88,408.0,0,0.0,0.0,,0.0,1,20.46,24.61,SPY230929C00410000,410.0,normalDay
2023-04-21,8212.0,30.0,0.0,100,412.2,408.0,0,0.0,0.0,,0.0,1,20.46,24.36,SPY230929C00410000,410.0,normalDay
2023-04-24,8212.0,52.0,0.0,100,412.63,408.0,0,0.0,0.0,,0.0,1,20.46,24.57,SPY230929C00410000,410.0,normalDay
2023-04-25,8212.0,-339.0,0.0,100,406.08,408.0,0,0.0,0.0,,0.0,1,20.46,21.93,SPY230929C00410000,410.0,normalDay
2023-04-26,8212.0,-286.0,0.0,100,404.36,408.0,0,0.0,0.0,,0.0,1,20.46,19.68,SPY230929C00410000,410.0,normalDay
2023-04-27,8212.0,17.0,0.0,100,412.41,408.0,0,0.0,0.0,,0.0,1,20.46,24.7,SPY230929C00410000,410.0,normalDay
2023-04-28,8212.0,236.0,0.0,100,415.93,408.0,0,0.0,0.0,,0.0,1,20.46,26.03,SPY230929C00410000,410.0,normalDay
2023-05-01,8212.0,240.0,0.0,100,415.51,408.0,0,0.0,0.0,,0.0,1,20.46,25.57,SPY230929C00410000,410.0,normalDay
2023-05-02,8212.0,65.0,0.0,100,410.84,408.0,0,0.0,0.0,,0.0,1,20.46,22.65,SPY230929C00410000,410.0,normalDay
2023-05-03,8212.0,-114.0,0.0,100,408.02,408.0,0,0.0,0.0,,0.0,1,20.46,21.62,SPY230929C00410000,410.0,normalDay
2023-05-04,8212.0,-188.0,0.0,100,405.13,408.0,0,0.0,0.0,,0.0,1,20.46,19.47,SPY230929C00410000,410.0,normalDay
2023-05-05,8212.0,178.0,0.0,100,412.63,408.0,0,0.0,0.0,,0.0,1,20.46,23.31,SPY230929C00410000,410.0,normalDay
2023-05-08,8212.0,202.0,0.0,100,412.74,408.0,0,0.0,0.0,,0.0,1,20.46,23.18,SPY230929C00410000,410.0,normalDay
2023-05-09,8212.0,100.0,0.0,100,410.93,408.0,0,0.0,0.0,,0.0,1,20.46,22.39,SPY230929C00410000,410.0,normalDay
2023-05-10,8212.0,217.0,0.0,100,412.85,408.0,0,0.0,0.0,,0.0,1,20.46,23.14,SPY230929C00410000,410.0,normalDay
2023-05-11,8212.0,253.0,0.0,100,412.13,408.0,0,0.0,0.0,,0.0,1,20.46,22.06,SPY230929C00410000,410.0,normalDay
2023-05-12,8212.0,255.0,0.0,100,411.59,408.0,0,0.0,0.0,,0.0,1,20.46,21.5,SPY230929C00410000,410.0,normalDay
2023-05-15,8212.0,336.0,0.0,100,413.01,408.0,0,0.0,0.0,,0.0,1,20.46,22.11,SPY230929C00410000,410.0,normalDay
2023-05-16,8212.0,215.0,0.0,100,410.25,408.0,0,0.0,0.0,,0.0,1,20.46,20.56,SPY230929C00410000,410.0,normalDay
2023-05-17,8212.0,456.0,0.0,100,415.23,408.0,0,0.0,0.0,,0.0,1,20.46,23.13,SPY230929C00410000,410.0,normalDay
2023-05-18,8212.0,619.0,0.0,100,419.23,408.0,0,0.0,0.0,,0.0,1,20.46,25.5,SPY230929C00410000,410.0,normalDay
2023-05-19,8212.0,586.0,0.0,100,418.62,408.0,0,0.0,0.0,,0.0,1,20.46,25.22,SPY230929C00410000,410.0,normalDay
2023-05-22,8212.0,576.0,0.0,100,418.79,408.0,0,0.0,0.0,,0.0,1,20.46,25.49,SPY230929C00410000,410.0,normalDay
2023-05-23,8212.0,422.0,0.0,100,414.09,408.0,0,0.0,0.0,,0.0,1,20.46,22.33,SPY230929C00410000,410.0,normalDay
2023-05-24,8212.0,293.0,0.0,100,411.09,408.0,0,0.0,0.0,,0.0,1,20.46,20.62,SPY230929C00410000,410.0,normalDay
2023-05-25,8212.0,473.0,0.0,100,414.65,408.0,0,0.0,0.0,,0.0,1,20.46,22.38,SPY230929C00410000,410.0,normalDay
2023-05-26,8212.0,647.0,0.0,100,420.02,408.0,0,0.0,0.0,,0.0,1,20.46,26.01,SPY230929C00410000,410.0,normalDay
2023-05-30,8212.0,701.0,0.0,100,420.18,408.0,0,0.0,0.0,,0.0,1,20.46,25.63,SPY230929C00410000,410.0,normalDay
2023-05-31,8212.0,673.0,0.0,100,417.85,408.0,0,0.0,0.0,,0.0,1,20.46,23.58,SPY230929C00410000,410.0,normalDay
2023-06-01,8212.0,837.0,0.0,100,421.82,408.0,0,0.0,0.0,,0.0,1,20.46,25.91,SPY230929C00410000,410.0,normalDay
2023-06-02,8212.0,1031.0,0.0,100,427.92,408.0,0,0.0,0.0,,0.0,1,20.46,30.07,SPY230929C00410000,410.0,normalDay
2023-06-05,8212.0,1045.0,0.0,100,427.1,408.0,0,0.0,0.0,,0.0,1,20.46,29.11,SPY230929C00410000,410.0,normalDay
2023-06-06,8212.0,1094.0,0.0,100,428.03,408.0,0,0.0,0.0,,0.0,1,20.46,29.55,SPY230929C00410000,410.0,normalDay
2023-06-07,8212.0,1098.0,0.0,100,426.55,408.0,0,0.0,0.0,,0.0,1,20.46,28.03,SPY230929C00410000,410.0,normalDay
2023-06-08,8212.0,1210.0,0.0,100,429.13,408.0,0,0.0,0.0,,0.0,1,20.46,29.49,SPY230929C00410000,410.0,normalDay
2023-06-09,8212.0,1180.0,0.0,100,429.9,408.0,0,0.0,0.0,,0.0,1,20.46,30.56,SPY230929C00410000,410.0,normalDay
2023-06-12,8212.0,1283.0,0.0,100,433.8,408.0,0,0.0,0.0,,0.0,1,20.46,33.43,SPY230929C00410000,410.0,normalDay
2023-06-13,8212.0,1313.0,0.0,100,436.66,408.0,0,0.0,0.0,,0.0,1,20.46,35.99,SPY230929C00410000,410.0,normalDay
2023-06-14,8212.0,1321.0,0.0,100,437.18,408.0,0,0.0,0.0,,0.0,1,20.46,36.43,SPY230929C00410000,410.0,normalDay
2023-06-15,8212.0,1463.0,0.0,100,442.6,408.0,0,0.0,0.0,,0.0,1,20.46,40.43,SPY230929C00410000,410.0,normalDay
2023-06-16,8212.0,1219.0,0.0,100,439.46,408.0,0,0.0,0.0,,0.0,1,20.46,39.73,SPY230929C00410000,410.0,normalDay
2023-06-20,8212.0,1259.0,0.0,100,437.18,408.0,0,0.0,0.0,,0.0,1,20.46,37.05,SPY230929C00410000,410.0,normalDay
2023-06-21,8212.0,1210.0,0.0,100,434.94,408.0,0,0.0,0.0,,0.0,1,20.46,35.3,SPY230929C00410000,410.0,normalDay
2023-06-22,8212.0,1296.0,0.0,100,436.51,408.0,0,0.0,0.0,,0.0,1,20.46,36.01,SPY230929C00410000,410.0,normalDay
2023-06-23,8212.0,1222.0,0.0,100,433.21,408.0,0,0.0,0.0,,0.0,1,20.46,33.45,SPY230929C00410000,410.0,normalDay
2023-06-26,8212.0,1200.0,0.0,100,431.44,408.0,0,0.0,0.0,,0.0,1,20.46,31.9,SPY230929C00410000,410.0,normalDay
2023-06-27,8212.0,1349.0,0.0,100,436.17,408.0,0,0.0,0.0,,0.0,1,20.46,35.14,SPY230929C00410000,410.0,normalDay
2023-06-28,8212.0,1325.0,0.0,100,436.39,408.0,0,0.0,0.0,,0.0,1,20.46,35.6,SPY230929C00410000,410.0,normalDay
2023-06-29,8212.0,1385.0,0.0,100,438.11,408.0,0,0.0,0.0,,0.0,1,20.46,36.72,SPY230929C00410000,410.0,normalDay
2023-06-30,8212.0,1440.0,0.0,100,443.28,408.0,0,0.0,0.0,,0.0,1,20.46,41.34,SPY230929C00410000,410.0,normalDay
2023-07-03,8212.0,1378.0,0.0,100,443.79,408.0,0,0.0,0.0,,0.0,1,20.46,42.47,SPY230929C00410000,410.0,normalDay
2023-07-05,8212.0,1473.0,0.0,100,443.13,408.0,0,0.0,0.0,,0.0,1,20.46,40.86,SPY230929C00410000,410.0,normalDay
2023-07-06,8212.0,1410.0,0.0,100,439.66,408.0,0,0.0,0.0,,0.0,1,20.46,38.02,SPY230929C00410000,410.0,normalDay
2023-07-07,8212.0,1392.0,0.0,100,438.55,408.0,0,0.0,0.0,,0.0,1,20.46,37.09,SPY230929C00410000,410.0,normalDay
2023-07-10,8212.0,1444.0,0.0,100,439.66,408.0,0,0.0,0.0,,0.0,1,20.46,37.68,SPY230929C00410000,410.0,normalDay
2023-07-11,8212.0,1524.0,0.0,100,442.46,408.0,0,0.0,0.0,,0.0,1,20.46,39.68,SPY230929C00410000,410.0,normalDay
2023-07-12,8212.0,1563.0,0.0,100,446.02,408.0,0,0.0,0.0,,0.0,1,20.46,42.85,SPY230929C00410000,410.0,normalDay
2023-07-13,8212.0,1620.0,0.0,100,449.56,408.0,0,0.0,0.0,,0.0,1,20.46,45.82,SPY230929C00410000,410.0,normalDay
2023-07-14,8212.0,1654.0,0.0,100,449.28,408.0,0,0.0,0.0,,0.0,1,20.46,45.2,SPY230929C00410000,410.0,normalDay
2023-07-17,8212.0,1689.0,0.0,100,450.84,408.0,0,0.0,0.0,,0.0,1,20.46,46.41,SPY230929C00410000,410.0,normalDay
2023-07-18,8212.0,1700.0,0.0,100,454.19,408.0,0,0.0,0.0,,0.0,1,20.46,49.65,SPY230929C00410000,410.0,normalDay
2023-07-19,8212.0,1693.0,0.0,100,455.2,408.0,0,0.0,0.0,,0.0,1,20.46,50.73,SPY230929C00410000,410.0,normalDay
2023-07-20,8212.0,1653.0,0.0,100,452.18,408.0,0,0.0,0.0,,0.0,1,20.46,48.11,SPY230929C00410000,410.0,normalDay
2023-07-21,8212.0,1695.0,0.0,100,452.18,408.0,0,0.0,0.0,,0.0,1,20.46,47.69,SPY230929C00410000,410.0,normalDay
2023-07-24,8212.0,1705.0,0.0,100,454.2,408.0,0,0.0,0.0,,0.0,1,20.46,49.61,SPY230929C00410000,410.0,normalDay
2023-07-25,8212.0,1669.0,0.0,100,455.44,408.0,0,0.0,0.0,,0.0,1,20.46,51.21,SPY230929C00410000,410.0,normalDay
2023-07-26,8212.0,1659.0,0.0,100,455.51,408.0,0,0.0,0.0,,0.0,1,20.46,51.38,SPY230929C00410000,410.0,normalDay
2023-07-27,8212.0,1694.0,0.0,100,452.49,408.0,0,0.0,0.0,,0.0,1,20.46,48.01,SPY230929C00410000,410.0,normalDay
2023-07-28,8212.0,1786.0,0.0,100,456.92,408.0,0,0.0,0.0,,0.0,1,20.46,51.52,SPY230929C00410000,410.0,normalDay
2023-07-31,8212.0,1801.0,0.0,100,457.79,408.0,0,0.0,0.0,,0.0,1,20.46,52.24,SPY230929C00410000,410.0,normalDay
2023-08-01,8212.0,1826.0,0.0,100,456.48,408.0,0,0.0,0.0,,0.0,1,20.46,50.68,SPY230929C00410000,410.0,normalDay
2023-08-02,8212.0,1734.0,0.0,100,450.13,408.0,0,0.0,0.0,,0.0,1,20.46,45.25,SPY230929C00410000,410.0,normalDay
2023-08-03,8212.0,1519.0,0.0,100,448.84,408.0,0,0.0,0.0,,0.0,1,20.46,46.11,SPY230929C00410000,410.0,normalDay
2023-08-04,8212.0,1732.0,0.0,100,446.81,408.0,0,0.0,0.0,,0.0,1,20.46,41.95,SPY230929C00410000,410.0,normalDay
2023-08-07,8212.0,1794.0,0.0,100,450.71,408.0,0,0.0,0.0,,0.0,1,20.46,45.23,SPY230929C00410000,410.0,normalDay
2023-08-08,8212.0,1807.0,0.0,100,448.75,408.0,0,0.0,0.0,,0.0,1,20.46,43.14,SPY230929C00410000,410.0,normalDay
2023-08-09,8212.0,1745.0,0.0,100,445.75,408.0,0,0.0,0.0,,0.0,1,20.46,40.76,SPY230929C00410000,410.0,normalDay
2023-08-10,8212.0,1821.0,0.0,100,445.91,408.0,0,0.0,0.0,,0.0,1,20.46,40.16,SPY230929C00410000,410.0,normalDay
2023-08-11,8212.0,1827.0,0.0,100,445.65,408.0,0,0.0,0.0,,0.0,1,20.46,39.84,SPY230929C00410000,410.0,normalDay
2023-08-14,8212.0,1881.0,0.0,100,448.11,408.0,0,0.0,0.0,,0.0,1,20.46,41.76,SPY230929C00410000,410.0,normalDay
2023-08-15,8212.0,1845.0,0.0,100,442.89,408.0,0,0.0,0.0,,0.0,1,20.46,36.9,SPY230929C00410000,410.0,normalDay
2023-08-16,8212.0,1790.0,0.0,100,439.64,408.0,0,0.0,0.0,,0.0,1,20.46,34.2,SPY230929C00410000,410.0,normalDay
2023-08-17,8212.0,1787.0,0.0,100,436.29,408.0,0,0.0,0.0,,0.0,1,20.46,30.88,SPY230929C00410000,410.0,normalDay
2023-08-18,8212.0,1820.0,0.0,100,436.5,408.0,0,0.0,0.0,,0.0,1,20.46,30.76,SPY230929C00410000,410.0,normalDay
2023-08-21,8212.0,1919.0,0.0,100,439.34,408.0,0,0.0,0.0,,0.0,1,20.46,32.61,SPY230929C00410000,410.0,normalDay
2023-08-22,8212.0,1897.0,0.0,100,438.15,408.0,0,0.0,0.0,,0.0,1,20.46,31.64,SPY230929C00410000,410.0,normalDay
2023-08-23,8212.0,1925.0,0.0,100,443.03,408.0,0,0.0,0.0,,0.0,1,20.46,36.24,SPY230929C00410000,410.0,normalDay
2023-08-24,8212.0,1914.0,0.0,100,436.89,408.0,0,0.0,0.0,,0.0,1,20.46,30.21,SPY230929C00410000,410.0,normalDay
2023-08-25,8212.0,1961.0,0.0,100,439.97,408.0,0,0.0,0.0,,0.0,1,20.46,32.82,SPY230929C00410000,410.0,normalDay
2023-08-28,8212.0,2012.0,0.0,100,442.76,408.0,0,0.0,0.0,,0.0,1,20.46,35.1,SPY230929C00410000,410.0,normalDay
2023-08-29,8212.0,2056.0,0.0,100,449.16,408.0,0,0.0,0.0,,0.0,1,20.46,41.06,SPY230929C00410000,410.0,normalDay
2023-08-30,8212.0,2077.0,0.0,100,451.01,408.0,0,0.0,0.0,,0.0,1,20.46,42.7,SPY230929C00410000,410.0,normalDay
2023-08-31,8212.0,2069.0,0.0,100,450.35,408.0,0,0.0,0.0,,0.0,1,20.46,42.12,SPY230929C00410000,410.0,normalDay
2023-09-01,8212.0,2128.0,0.0,100,451.19,408.0,0,0.0,0.0,,0.0,1,20.46,42.37,SPY230929C00410000,410.0,normalDay
2023-09-05,8212.0,2132.0,0.0,100,449.24,408.0,0,0.0,0.0,,0.0,1,20.46,40.38,SPY230929C00410000,410.0,normalDay
2023-09-06,8212.0,2143.0,0.0,100,446.22,408.0,0,0.0,0.0,,0.0,1,20.46,37.25,SPY230929C00410000,410.0,normalDay
2023-09-07,8212.0,2146.0,0.0,100,444.85,408.0,0,0.0,0.0,,0.0,1,20.46,35.85,SPY230929C00410000,410.0,normalDay
2023-09-08,8212.0,2128.0,0.0,100,445.52,408.0,0,0.0,0.0,,0.0,1,20.46,36.7,SPY230929C00410000,410.0,normalDay
2023-09-11,8212.0,2179.0,0.0,100,448.45,408.0,0,0.0,0.0,,0.0,1,20.46,39.12,SPY230929C00410000,410.0,normalDay
2023-09-12,8212.0,2170.0,0.0,100,445.99,408.0,0,0.0,0.0,,0.0,1,20.46,36.75,SPY230929C00410000,410.0,normalDay
2023-09-13,8212.0,2182.0,0.0,100,446.51,408.0,0,0.0,0.0,,0.0,1,20.46,37.15,SPY230929C00410000,410.0,normalDay
2023-09-14,8212.0,2207.0,0.0,100,450.36,408.0,0,0.0,0.0,,0.0,1,20.46,40.75,SPY230929C00410000,410.0,normalDay
2023-09-15,8212.0,2127.0,0.0,100,443.37,408.0,0,0.0,0.0,,0.0,1,20.46,34.56,SPY230929C00410000,410.0,normalDay
2023-09-18,8212.0,2128.0,0.0,100,443.63,408.0,0,0.0,0.0,,0.0,1,20.46,34.81,SPY230929C00410000,410.0,normalDay
2023-09-19,8212.0,2134.0,0.0,100,442.71,408.0,0,0.0,0.0,,0.0,1,20.46,33.83,SPY230929C00410000,410.0,normalDay
2023-09-20,8212.0,2180.0,0.0,100,438.64,408.0,0,0.0,0.0,,0.0,1,20.46,29.3,SPY230929C00410000,410.0,normalDay
2023-09-21,8212.0,2144.0,0.0,100,431.39,408.0,0,0.0,0.0,,0.0,1,20.46,22.41,SPY230929C00410000,410.0,normalDay
2023-09-22,8212.0,2149.0,0.0,100,430.42,408.0,0,0.0,0.0,,0.0,1,20.46,21.39,SPY230929C00410000,410.0,normalDay
2023-09-25,8212.0,2181.0,0.0,100,432.23,408.0,0,0.0,0.0,,0.0,1,20.46,22.88,SPY230929C00410000,410.0,normalDay
2023-09-26,8212.0,2149.0,0.0,100,425.88,408.0,0,0.0,0.0,,0.0,1,20.46,16.85,SPY230929C00410000,410.0,normalDay
2023-09-27,8212.0,2173.0,0.0,100,426.05,408.0,0,0.0,0.0,,0.0,1,20.46,16.78,SPY230929C00410000,410.0,normalDay
2023-09-28,8212.0,2248.0,0.0,100,428.52,408.0,0,0.0,0.0,,0.0,1,20.46,18.5,SPY230929C00410000,410.0,normalDay
2023-09-29,10458.0,2248.0,2246.0,0,427.48,0.0,0,0.0,0.0,,0.0,1,20.46,0.0,SPY230929C00410000,410.0,expirationDay
2023-10-02,10458.0,-27.0,0.0,0,427.31,0.0,1,11.37,11.64,SPY231005P00439000,439.0,0,0.0,0.0,,0.0,normalDay
2023-10-03,10458.0,-587.0,0.0,0,421.59,0.0,1,11.37,17.24,SPY231005P00439000,439.0,0,0.0,0.0,,0.0,normalDay
2023-10-04,10458.0,-330.0,0.0,0,424.66,0.0,1,11.37,14.67,SPY231005P00439000,439.0,0,0.0,0.0,,0.0,normalDay
2023-10-05,11595.0,-1450.0,1137.0,100,424.5,439.0,1,11.37,0.0,SPY231005P00439000,439.0,0,0.0,0.0,,0.0,expirationDay
2023-10-06,11595.0,-1014.0,0.0,100,429.54,439.0,0,0.0,0.0,,0.0,1,20.74,21.42,SPY240328C00435000,435.0,normalDay
2023-10-09,11595.0,-871.0,0.0,100,432.29,439.0,0,0.0,0.0,,0.0,1,20.74,22.74,SPY240328C00435000,435.0,normalDay
2023-10-10,11595.0,-744.0,0.0,100,434.54,439.0,0,0.0,0.0,,0.0,1,20.74,23.72,SPY240328C00435000,435.0,normalDay
2023-10-11,11595.0,-688.0,0.0,100,436.32,439.0,0,0.0,0.0,,0.0,1,20.74,24.94,SPY240328C00435000,435.0,normalDay
2023-10-12,11595.0,-723.0,0.0,100,433.66,439.0,0,0.0,0.0,,0.0,1,20.74,22.63,SPY240328C00435000,435.0,normalDay
2023-10-13,11595.0,-856.0,0.0,100,431.5,439.0,0,0.0,0.0,,0.0,1,20.74,21.8,SPY240328C00435000,435.0,normalDay
2023-10-16,11595.0,-650.0,0.0,100,436.04,439.0,0,0.0,0.0,,0.0,1,20.74,24.28,SPY240328C00435000,435.0,normalDay
2023-10-17,11595.0,-619.0,0.0,100,436.02,439.0,0,0.0,0.0,,0.0,1,20.74,23.95,SPY240328C00435000,435.0,normalDay
2023-10-18,11595.0,-928.0,0.0,100,430.21,439.0,0,0.0,0.0,,0.0,1,20.74,21.23,SPY240328C00435000,435.0,normalDay
2023-10-19,11595.0,-1058.0,0.0,100,426.43,439.0,0,0.0,0.0,,0.0,1,20.74,18.75,SPY240328C00435000,435.0,normalDay
2023-10-20,11595.0,-1359.0,0.0,100,421.19,439.0,0,0.0,0.0,,0.0,1,20.74,16.52,SPY240328C00435000,435.0,normalDay
2023-10-23,11595.0,-1362.0,0.0,100,420.46,439.0,0,0.0,0.0,,0.0,1,20.74,15.82,SPY240328C00435000,435.0,normalDay
2023-10-24,11595.0,-1156.0,0.0,100,423.63,439.0,0,0.0,0.0,,0.0,1,20.74,16.93,SPY240328C00435000,435.0,normalDay
2023-10-25,11595.0,-1479.0,0.0,100,417.55,439.0,0,0.0,0.0,,0.0,1,20.74,14.08,SPY240328C00435000,435.0,normalDay
2023-10-26,11595.0,-1697.0,0.0,100,412.55,439.0,0,0.0,0.0,,0.0,1,20.74,11.26,SPY240328C00435000,435.0,normalDay
2023-10-27,11595.0,-1807.0,0.0,100,410.68,439.0,0,0.0,0.0,,0.0,1,20.74,10.49,SPY240328C00435000,435.0,normalDay
2023-10-30,11595.0,-1452.0,0.0,100,415.59,439.0,0,0.0,0.0,,0.0,1,20.74,11.85,SPY240328C00435000,435.0,normalDay
2023-10-31,11595.0,-1216.0,0.0,100,418.2,439.0,0,0.0,0.0,,0.0,1,20.74,12.1,SPY240328C00435000,435.0,normalDay
2023-11-01,11595.0,-953.0,0.0,100,422.66,439.0,0,0.0,0.0,,0.0,1,20.74,13.93,SPY240328C00435000,435.0,normalDay
2023-11-02,11595.0,-531.0,0.0,100,430.76,439.0,0,0.0,0.0,,0.0,1,20.74,17.81,SPY240328C00435000,435.0,normalDay
2023-11-03,11595.0,-377.0,0.0,100,434.69,439.0,0,0.0,0.0,,0.0,1,20.74,20.2,SPY240328C00435000,435.0,normalDay
2023-11-06,11595.0,-259.0,0.0,100,435.69,439.0,0,0.0,0.0,,0.0,1,20.74,20.02,SPY240328C00435000,435.0,normalDay
2023-11-07,11595.0,-253.0,0.0,100,436.93,439.0,0,0.0,0.0,,0.0,1,20.74,21.2,SPY240328C00435000,435.0,normalDay
2023-11-08,11595.0,-200.0,0.0,100,437.25,439.0,0,0.0,0.0,,0.0,1,20.74,20.99,SPY240328C00435000,435.0,normalDay
2023-11-09,11595.0,-320.0,0.0,100,433.84,439.0,0,0.0,0.0,,0.0,1,20.74,18.78,SPY240328C00435000,435.0,normalDay
2023-11-10,11595.0,-51.0,0.0,100,440.61,439.0,0,0.0,0.0,,0.0,1,20.74,22.86,SPY240328C00435000,435.0,normalDay
2023-11-13,11595.0,-53.0,0.0,100,440.19,439.0,0,0.0,0.0,,0.0,1,20.74,22.46,SPY240328C00435000,435.0,normalDay
2023-11-14,11595.0,157.0,0.0,100,448.73,439.0,0,0.0,0.0,,0.0,1,20.74,28.9,SPY240328C00435000,435.0,normalDay
2023-11-15,11595.0,242.0,0.0,100,449.68,439.0,0,0.0,0.0,,0.0,1,20.74,29.0,SPY240328C00435000,435.0,normalDay
2023-11-16,11595.0,253.0,0.0,100,450.23,439.0,0,0.0,0.0,,0.0,1,20.74,29.44,SPY240328C00435000,435.0,normalDay
2023-11-17,11595.0,298.0,0.0,100,450.79,439.0,0,0.0,0.0,,0.0,1,20.74,29.55,SPY240328C00435000,435.0,normalDay
2023-11-20,11595.0,388.0,0.0,100,454.26,439.0,0,0.0,0.0,,0.0,1,20.74,32.12,SPY240328C00435000,435.0,normalDay
2023-11-21,11595.0,421.0,0.0,100,453.27,439.0,0,0.0,0.0,,0.0,1,20.74,30.8,SPY240328C00435000,435.0,normalDay
2023-11-22,11595.0,401.0,0.0,100,455.02,439.0,0,0.0,0.0,,0.0,1,20.74,32.75,SPY240328C00435000,435.0,normalDay
2023-11-24,11595.0,425.0,0.0,100,455.3,439.0,0,0.0,0.0,,0.0,1,20.74,32.79,SPY240328C00435000,435.0,normalDay
2023-11-27,11595.0,417.0,0.0,100,454.48,439.0,0,0.0,0.0,,0.0,1,20.74,32.05,SPY240328C00435000,435.0,normalDay
2023-11-28,11595.0,441.0,0.0,100,454.93,439.0,0,0.0,0.0,,0.0,1,20.74,32.26,SPY240328C00435000,435.0,normalDay
2023-11-29,11595.0,449.0,0.0,100,454.61,439.0,0,0.0,0.0,,0.0,1,20.74,31.86,SPY240328C00435000,435.0,normalDay
2023-11-30,11595.0,489.0,0.0,100,456.4,439.0,0,0.0,0.0,,0.0,1,20.74,33.25,SPY240328C00435000,435.0,normalDay
